{
  "n_folds": 25,
  "collapse_rate": 0.0,
  "mean_collapse_ratio": 0.5218375771999999,
  "mean_spatial_delta_l2": 1.0471220256,
  "mean_spatial_relative_delta": 0.9189309736000001,
  "spatial_changed_rate": 1.0,
  "mean_confidence": 0.879219218,
  "mean_normalized_prediction_entropy": 0.3932768584
}