{
  "mean_accuracy": 0.5125,
  "std_accuracy": 0.07806247497997998,
  "mean_balanced_accuracy": 0.5125,
  "std_balanced_accuracy": 0.07806247497997998,
  "n_groups": 1,
  "n_folds_total": 5
}