{
  "1": {
    "accuracies": [
      0.46875,
      0.53125,
      0.65625,
      0.46875,
      0.4375
    ],
    "balanced_accuracies": [
      0.46875,
      0.53125,
      0.65625,
      0.46875,
      0.4375
    ],
    "mean_accuracy": 0.5125,
    "std_accuracy": 0.07806247497997998,
    "mean_balanced_accuracy": 0.5125,
    "std_balanced_accuracy": 0.07806247497997998
  }
}