[2026-05-30 18:42:24] Run ID:     20260530_1842_71128b25
[2026-05-30 18:42:24] Artifacts:  /home/vegorov/Repos/eeg_jepa_research/artifacts/liu2024-source-mat-sjepa-prelocal/20260530_1842_71128b25
[2026-05-30 18:42:24] Config:     /home/vegorov/Repos/eeg_jepa_research/artifacts/liu2024-source-mat-sjepa-prelocal/20260530_1842_71128b25/config.json
[2026-05-30 18:42:24] Using device: cpu
[2026-05-30 18:42:25] Seed initialized: 2026
[2026-05-30 18:42:25] Configured preprocessing pipeline:
[2026-05-30 18:42:25]   - [ON] source::select_eeg_channels | - select Liu EEG channels, drop CPz reference, EOG, and marker before model input
[2026-05-30 18:42:25]   - [off] source::demean | mode=none | baseline_window_s=[0.0, 2.0]
[2026-05-30 18:42:25]   - [off] source::detrend | mode=none
[2026-05-30 18:42:25]   - [off] source::eog_correction | mode=none
[2026-05-30 18:42:25]   - [off] source::artifact_clipping | mode=none | percentile=99.5
[2026-05-30 18:42:25]   - [ON] mne_raw::reference | timing=before_resample_filter | mode=average
[2026-05-30 18:42:25]   - [ON] mne_raw::resample | sfreq=128
[2026-05-30 18:42:25]   - [ON] mne_raw::bandpass_filter | l_freq=0.5 | h_freq=40.0 | method=iir | phase=zero | fir_design=firwin | iir_params={'ftype': 'butter', 'order': 2}
[2026-05-30 18:42:25]   - [off] mne_raw::notch_filter | timing=after_bandpass
[2026-05-30 18:42:25]   - [ON] window::crop_fixed_mi_window | start_s=1 | target_window_samples=537
[2026-05-30 18:42:25]   - [off] window::bad_trial_rejection
[2026-05-30 18:42:25]   - [off] split::fold_safe_normalization | mode=none
[2026-05-30 18:42:25] Source extract dir: /home/vegorov/Repos/eeg_jepa_research/liu2024_data/liu2024_figshare/sourcedata
[2026-05-30 18:42:25] Found 50 .mat files
[2026-05-30 18:42:25] MAT structure preview saved to: /home/vegorov/Repos/eeg_jepa_research/artifacts/liu2024-source-mat-sjepa-prelocal/20260530_1842_71128b25/mat_structure_preview_first_subject.csv
[2026-05-30 18:42:31] Subjects loaded: [1, 2, 3, 4, 5, 6, 7, 8, 9, 10, 11, 12, 13, 14, 15, 16, 17, 18, 19, 20, 21, 22, 23, 24, 25, 26, 27, 28, 29, 30, 31, 32, 33, 34, 35, 36, 37, 38, 39, 40, 41, 42, 43, 44, 45, 46, 47, 48, 49, 50]
[2026-05-30 18:42:31] Subject inventory saved to: /home/vegorov/Repos/eeg_jepa_research/artifacts/liu2024-source-mat-sjepa-prelocal/20260530_1842_71128b25/subject_inventory.csv
[2026-05-30 18:42:45] X_ALL shape: (2000, 29, 537) | Y_ALL counts: [1000, 1000]
[2026-05-30 18:42:45] Preprocessing steps used:
[2026-05-30 18:42:45]   - select 29 EEG channels; drop CPz source reference, EOG, and marker
[2026-05-30 18:42:45]   - source demean skipped
[2026-05-30 18:42:45]   - source detrend skipped
[2026-05-30 18:42:45]   - EOG correction skipped
[2026-05-30 18:42:45]   - source artifact clipping skipped
[2026-05-30 18:42:45]   - convert source microvolts to MNE volts
[2026-05-30 18:42:45]   - average reference at before resample/filter
[2026-05-30 18:42:45]   - resample to 128 Hz
[2026-05-30 18:42:45]   - IIR bandpass 0.5–40.0 Hz | params={'ftype': 'butter', 'order': 2}
[2026-05-30 18:42:45]   - convert MNE volts to model microvolts
[2026-05-30 18:42:45]   - crop fixed window samples [128:665]
[2026-05-30 18:42:45]   - bad-trial rejection skipped
[2026-05-30 18:42:45] Window summary saved to: /home/vegorov/Repos/eeg_jepa_research/artifacts/liu2024-source-mat-sjepa-prelocal/20260530_1842_71128b25/window_counts_by_subject.csv
[2026-05-30 18:42:45] ======================================================================
[2026-05-30 18:42:45] STARTING WITHIN-SUBJECT EVALUATION
[2026-05-30 18:42:45] ======================================================================
[2026-05-30 18:42:45] Experiment:    hpgrid537_bs4_lr0p0004_clip1_start1_test0p4_iir_none
[2026-05-30 18:42:45] Subjects:      ['1', '2', '3', '4', '5', '6', '7', '8', '9', '10', '11', '12', '13', '14', '15', '16', '17', '18', '19', '20', '21', '22', '23', '24', '25', '26', '27', '28', '29', '30', '31', '32', '33', '34', '35', '36', '37', '38', '39', '40', '41', '42', '43', '44', '45', '46', '47', '48', '49', '50']
[2026-05-30 18:42:45] Model:         SignalJEPA_PreLocal
[2026-05-30 18:42:45] Pretrained:    from_pretrained
[2026-05-30 18:42:45] Strategy:      new
[2026-05-30 18:42:45] Preprocessing: demean=none | detrend=none | eog=none | clip=none | ref=average@before_resample_filter | resample=True->128 | filter=True 0.5–40.0 iir
[2026-05-30 18:42:45] Normalization: none | reject_bad_trials=False
[2026-05-30 18:42:45] Evaluation:    stratified_kfold | cv_folds=5 | n_repeats=10 | test_size=0.4
[2026-05-30 18:42:45] Seed:          base=2026 | cv=2026 | split=2026 | val=2026
[2026-05-30 18:42:45] Window:        start=1s | samples=537 | duration=4.1953s | effective sfreq=128.0
[2026-05-30 18:42:45] Optimizer:     adam | lr=0.0004 | wd=0.0
[2026-05-30 18:42:45] Augmentation:  noise=0.0 | shift=0 | ch_drop=0.0
[2026-05-30 18:42:45] Val split:     0.2
[2026-05-30 18:42:45] Max epochs:    5000 | patience=50
[2026-05-30 18:42:45] Device:        cpu
[2026-05-30 18:42:45] ======================================================================
[2026-05-30 18:42:45] \nSubject 1: 40 windows | class_counts=[20, 20]

[2026-05-30 18:42:45] Fold 1/5 | subject=1
[2026-05-30 18:42:45]     Train: 32 | counts=[16, 16]
[2026-05-30 18:42:45]     Test:  8 | counts=[4, 4]
[2026-05-30 18:42:45]     Model: SignalJEPA_PreLocal | Pretrained: from_pretrained | Strategy: new
[2026-05-30 18:42:45]     Normalization: none | fit_scope=none
[2026-05-30 18:42:45]     Phase 1 (new): 2,170/16,010 params
[2026-05-30 18:43:06]     Result | best_epoch=1108 | stop=1158 | final_phase_epochs=1158 | acc=0.3750 | bal_acc=0.3750 | pred_hist=[3, 5] | collapse=False
[2026-05-30 18:43:06]     spatial_conv=[4, 29] top_abs_channels=[('TP7', 0.22676638), ('Cz', 0.1746363), ('FC4', 0.17370787), ('C3', 0.14456627), ('T3', 0.13444813), ('TP8', 0.12294053), ('C4', 0.12256534), ('F7', 0.11674161)]
[2026-05-30 18:43:06]     spatial_update=delta_l2=1.41026540 max_abs=0.45089410 relative=1.18164221 changed=True

[2026-05-30 18:43:06] Fold 2/5 | subject=1
[2026-05-30 18:43:06]     Train: 32 | counts=[16, 16]
[2026-05-30 18:43:06]     Test:  8 | counts=[4, 4]
[2026-05-30 18:43:06]     Model: SignalJEPA_PreLocal | Pretrained: from_pretrained | Strategy: new
[2026-05-30 18:43:06]     Normalization: none | fit_scope=none
[2026-05-30 18:43:06]     Phase 1 (new): 2,170/16,010 params
[2026-05-30 18:43:07]     Result | best_epoch=1 | stop=51 | final_phase_epochs=51 | acc=0.5000 | bal_acc=0.5000 | pred_hist=[0, 8] | collapse=True
[2026-05-30 18:43:07]     spatial_conv=[4, 29] top_abs_channels=[('Pz', 0.15351199), ('O2', 0.14322332), ('T3', 0.12654053), ('O1', 0.12258397), ('T4', 0.12196845), ('CP3', 0.12123857), ('C3', 0.11502542), ('CP4', 0.11120684)]
[2026-05-30 18:43:07]     spatial_update=delta_l2=0.01077506 max_abs=0.00212309 relative=0.00902828 changed=True

[2026-05-30 18:43:08] Fold 3/5 | subject=1
[2026-05-30 18:43:08]     Train: 32 | counts=[16, 16]
[2026-05-30 18:43:08]     Test:  8 | counts=[4, 4]
[2026-05-30 18:43:08]     Model: SignalJEPA_PreLocal | Pretrained: from_pretrained | Strategy: new
[2026-05-30 18:43:08]     Normalization: none | fit_scope=none
[2026-05-30 18:43:08]     Phase 1 (new): 2,170/16,010 params
[2026-05-30 18:43:09]     Result | best_epoch=10 | stop=60 | final_phase_epochs=60 | acc=0.3750 | bal_acc=0.3750 | pred_hist=[1, 7] | collapse=False
[2026-05-30 18:43:09]     spatial_conv=[4, 29] top_abs_channels=[('Pz', 0.14963521), ('O2', 0.14273402), ('CP3', 0.12779218), ('T3', 0.12712611), ('O1', 0.11922181), ('T4', 0.11903287), ('C3', 0.10808276), ('CP4', 0.10740951)]
[2026-05-30 18:43:09]     spatial_update=delta_l2=0.08022884 max_abs=0.01687038 relative=0.06722265 changed=True

[2026-05-30 18:43:09] Fold 4/5 | subject=1
[2026-05-30 18:43:09]     Train: 32 | counts=[16, 16]
[2026-05-30 18:43:09]     Test:  8 | counts=[4, 4]
[2026-05-30 18:43:09]     Model: SignalJEPA_PreLocal | Pretrained: from_pretrained | Strategy: new
[2026-05-30 18:43:09]     Normalization: none | fit_scope=none
[2026-05-30 18:43:09]     Phase 1 (new): 2,170/16,010 params
[2026-05-30 18:43:18]     Result | best_epoch=407 | stop=457 | final_phase_epochs=457 | acc=0.6250 | bal_acc=0.6250 | pred_hist=[3, 5] | collapse=False
[2026-05-30 18:43:18]     spatial_conv=[4, 29] top_abs_channels=[('C4', 0.19237763), ('Cz', 0.18600786), ('FT7', 0.16356264), ('F7', 0.14833041), ('C3', 0.14795569), ('CP4', 0.13649935), ('T3', 0.12960947), ('FC4', 0.12514773)]
[2026-05-30 18:43:18]     spatial_update=delta_l2=1.20893055 max_abs=0.33076683 relative=1.01294647 changed=True

[2026-05-30 18:43:18] Fold 5/5 | subject=1
[2026-05-30 18:43:18]     Train: 32 | counts=[16, 16]
[2026-05-30 18:43:18]     Test:  8 | counts=[4, 4]
[2026-05-30 18:43:18]     Model: SignalJEPA_PreLocal | Pretrained: from_pretrained | Strategy: new
[2026-05-30 18:43:18]     Normalization: none | fit_scope=none
[2026-05-30 18:43:18]     Phase 1 (new): 2,170/16,010 params
[2026-05-30 18:43:19]     Result | best_epoch=21 | stop=71 | final_phase_epochs=71 | acc=0.6250 | bal_acc=0.6250 | pred_hist=[3, 5] | collapse=False
[2026-05-30 18:43:19]     spatial_conv=[4, 29] top_abs_channels=[('Pz', 0.14708042), ('O2', 0.14082432), ('CP3', 0.14005378), ('T3', 0.12893835), ('P3', 0.12048978), ('T4', 0.12036182), ('O1', 0.118594), ('CP4', 0.10953044)]
[2026-05-30 18:43:19]     spatial_update=delta_l2=0.16501922 max_abs=0.03787233 relative=0.13826736 changed=True
[2026-05-30 18:43:19]   Subject 1: acc=0.5000±0.1118  bal_acc=0.5000±0.1118
[2026-05-30 18:43:19] \nSubject 2: 40 windows | class_counts=[20, 20]

[2026-05-30 18:43:20] Fold 1/5 | subject=2
[2026-05-30 18:43:20]     Train: 32 | counts=[16, 16]
[2026-05-30 18:43:20]     Test:  8 | counts=[4, 4]
[2026-05-30 18:43:20]     Model: SignalJEPA_PreLocal | Pretrained: from_pretrained | Strategy: new
[2026-05-30 18:43:20]     Normalization: none | fit_scope=none
[2026-05-30 18:43:20]     Phase 1 (new): 2,170/16,010 params
[2026-05-30 18:43:21]     Result | best_epoch=1 | stop=51 | final_phase_epochs=51 | acc=0.5000 | bal_acc=0.5000 | pred_hist=[0, 8] | collapse=True
[2026-05-30 18:43:21]     spatial_conv=[4, 29] top_abs_channels=[('Pz', 0.15280123), ('O2', 0.14357436), ('T3', 0.12740098), ('T4', 0.12218438), ('O1', 0.12178688), ('CP3', 0.12086655), ('C3', 0.11470819), ('CP4', 0.11172152)]
[2026-05-30 18:43:21]     spatial_update=delta_l2=0.01189149 max_abs=0.00211112 relative=0.00996372 changed=True

[2026-05-30 18:43:21] Fold 2/5 | subject=2
[2026-05-30 18:43:21]     Train: 32 | counts=[16, 16]
[2026-05-30 18:43:21]     Test:  8 | counts=[4, 4]
[2026-05-30 18:43:21]     Model: SignalJEPA_PreLocal | Pretrained: from_pretrained | Strategy: new
[2026-05-30 18:43:21]     Normalization: none | fit_scope=none
[2026-05-30 18:43:21]     Phase 1 (new): 2,170/16,010 params
[2026-05-30 18:43:22]     Result | best_epoch=1 | stop=51 | final_phase_epochs=51 | acc=0.5000 | bal_acc=0.5000 | pred_hist=[0, 8] | collapse=True
[2026-05-30 18:43:22]     spatial_conv=[4, 29] top_abs_channels=[('Pz', 0.15270628), ('O2', 0.14458589), ('T3', 0.12671107), ('O1', 0.12222331), ('T4', 0.12183933), ('CP3', 0.12066624), ('C3', 0.11493699), ('CP4', 0.1110098)]
[2026-05-30 18:43:22]     spatial_update=delta_l2=0.01176592 max_abs=0.00196242 relative=0.00985850 changed=True

[2026-05-30 18:43:22] Fold 3/5 | subject=2
[2026-05-30 18:43:22]     Train: 32 | counts=[16, 16]
[2026-05-30 18:43:22]     Test:  8 | counts=[4, 4]
[2026-05-30 18:43:22]     Model: SignalJEPA_PreLocal | Pretrained: from_pretrained | Strategy: new
[2026-05-30 18:43:22]     Normalization: none | fit_scope=none
[2026-05-30 18:43:22]     Phase 1 (new): 2,170/16,010 params
[2026-05-30 18:43:23]     Result | best_epoch=1 | stop=51 | final_phase_epochs=51 | acc=0.5000 | bal_acc=0.5000 | pred_hist=[0, 8] | collapse=True
[2026-05-30 18:43:23]     spatial_conv=[4, 29] top_abs_channels=[('Pz', 0.15398625), ('O2', 0.14322834), ('T3', 0.12727556), ('O1', 0.12209851), ('T4', 0.12147673), ('CP3', 0.12063865), ('C3', 0.11519867), ('CP4', 0.1119856)]
[2026-05-30 18:43:23]     spatial_update=delta_l2=0.01304104 max_abs=0.00229616 relative=0.01092691 changed=True

[2026-05-30 18:43:24] Fold 4/5 | subject=2
[2026-05-30 18:43:24]     Train: 32 | counts=[16, 16]
[2026-05-30 18:43:24]     Test:  8 | counts=[4, 4]
[2026-05-30 18:43:24]     Model: SignalJEPA_PreLocal | Pretrained: from_pretrained | Strategy: new
[2026-05-30 18:43:24]     Normalization: none | fit_scope=none
[2026-05-30 18:43:24]     Phase 1 (new): 2,170/16,010 params
[2026-05-30 18:43:25]     Result | best_epoch=1 | stop=51 | final_phase_epochs=51 | acc=0.5000 | bal_acc=0.5000 | pred_hist=[0, 8] | collapse=True
[2026-05-30 18:43:25]     spatial_conv=[4, 29] top_abs_channels=[('Pz', 0.15397757), ('O2', 0.14349641), ('T3', 0.12723964), ('O1', 0.12171142), ('T4', 0.12170056), ('CP3', 0.12072733), ('C3', 0.11576548), ('CP4', 0.11235532)]
[2026-05-30 18:43:25]     spatial_update=delta_l2=0.01159496 max_abs=0.00227643 relative=0.00971526 changed=True

[2026-05-30 18:43:25] Fold 5/5 | subject=2
[2026-05-30 18:43:25]     Train: 32 | counts=[16, 16]
[2026-05-30 18:43:25]     Test:  8 | counts=[4, 4]
[2026-05-30 18:43:25]     Model: SignalJEPA_PreLocal | Pretrained: from_pretrained | Strategy: new
[2026-05-30 18:43:25]     Normalization: none | fit_scope=none
[2026-05-30 18:43:25]     Phase 1 (new): 2,170/16,010 params
[2026-05-30 18:43:26]     Result | best_epoch=1 | stop=51 | final_phase_epochs=51 | acc=0.5000 | bal_acc=0.5000 | pred_hist=[0, 8] | collapse=True
[2026-05-30 18:43:26]     spatial_conv=[4, 29] top_abs_channels=[('Pz', 0.15384661), ('O2', 0.14314815), ('T3', 0.12734413), ('O1', 0.122361), ('T4', 0.12227764), ('CP3', 0.12035848), ('C3', 0.11564791), ('CP4', 0.11191393)]
[2026-05-30 18:43:26]     spatial_update=delta_l2=0.01160974 max_abs=0.00216731 relative=0.00972764 changed=True
[2026-05-30 18:43:26]   Subject 2: acc=0.5000±0.0000  bal_acc=0.5000±0.0000
[2026-05-30 18:43:26] \nSubject 3: 40 windows | class_counts=[20, 20]

[2026-05-30 18:43:27] Fold 1/5 | subject=3
[2026-05-30 18:43:27]     Train: 32 | counts=[16, 16]
[2026-05-30 18:43:27]     Test:  8 | counts=[4, 4]
[2026-05-30 18:43:27]     Model: SignalJEPA_PreLocal | Pretrained: from_pretrained | Strategy: new
[2026-05-30 18:43:27]     Normalization: none | fit_scope=none
[2026-05-30 18:43:27]     Phase 1 (new): 2,170/16,010 params
[2026-05-30 18:43:31]     Result | best_epoch=265 | stop=278 | final_phase_epochs=278 | acc=0.7500 | bal_acc=0.7500 | pred_hist=[6, 2] | collapse=False
[2026-05-30 18:43:31]     spatial_conv=[4, 29] top_abs_channels=[('P4', 0.19979608), ('Pz', 0.16234754), ('Oz', 0.15947828), ('CP3', 0.12216546), ('Cz', 0.12190303), ('O2', 0.1159507), ('F3', 0.10896312), ('C4', 0.10702972)]
[2026-05-30 18:43:31]     spatial_update=delta_l2=1.08977079 max_abs=0.25069487 relative=0.91310413 changed=True

[2026-05-30 18:43:32] Fold 2/5 | subject=3
[2026-05-30 18:43:32]     Train: 32 | counts=[16, 16]
[2026-05-30 18:43:32]     Test:  8 | counts=[4, 4]
[2026-05-30 18:43:32]     Model: SignalJEPA_PreLocal | Pretrained: from_pretrained | Strategy: new
[2026-05-30 18:43:32]     Normalization: none | fit_scope=none
[2026-05-30 18:43:32]     Phase 1 (new): 2,170/16,010 params
[2026-05-30 18:43:36]     Result | best_epoch=200 | stop=249 | final_phase_epochs=249 | acc=0.6250 | bal_acc=0.6250 | pred_hist=[5, 3] | collapse=False
[2026-05-30 18:43:36]     spatial_conv=[4, 29] top_abs_channels=[('P4', 0.19093384), ('O2', 0.14669022), ('Pz', 0.14459062), ('T4', 0.132974), ('C3', 0.12965952), ('CP4', 0.12791932), ('CP3', 0.11456224), ('TP7', 0.10899974)]
[2026-05-30 18:43:36]     spatial_update=delta_l2=0.96965206 max_abs=0.21305407 relative=0.81245828 changed=True

[2026-05-30 18:43:37] Fold 3/5 | subject=3
[2026-05-30 18:43:37]     Train: 32 | counts=[16, 16]
[2026-05-30 18:43:37]     Test:  8 | counts=[4, 4]
[2026-05-30 18:43:37]     Model: SignalJEPA_PreLocal | Pretrained: from_pretrained | Strategy: new
[2026-05-30 18:43:37]     Normalization: none | fit_scope=none
[2026-05-30 18:43:37]     Phase 1 (new): 2,170/16,010 params
[2026-05-30 18:43:38]     Result | best_epoch=1 | stop=51 | final_phase_epochs=51 | acc=0.5000 | bal_acc=0.5000 | pred_hist=[0, 8] | collapse=True
[2026-05-30 18:43:38]     spatial_conv=[4, 29] top_abs_channels=[('Pz', 0.15249248), ('O2', 0.14365917), ('T3', 0.12651059), ('T4', 0.12163545), ('CP3', 0.1213945), ('O1', 0.1212268), ('C3', 0.11452965), ('CP4', 0.11083763)]
[2026-05-30 18:43:38]     spatial_update=delta_l2=0.01171624 max_abs=0.00223872 relative=0.00981688 changed=True

[2026-05-30 18:43:38] Fold 4/5 | subject=3
[2026-05-30 18:43:38]     Train: 32 | counts=[16, 16]
[2026-05-30 18:43:38]     Test:  8 | counts=[4, 4]
[2026-05-30 18:43:38]     Model: SignalJEPA_PreLocal | Pretrained: from_pretrained | Strategy: new
[2026-05-30 18:43:38]     Normalization: none | fit_scope=none
[2026-05-30 18:43:38]     Phase 1 (new): 2,170/16,010 params
[2026-05-30 18:43:39]     Result | best_epoch=1 | stop=51 | final_phase_epochs=51 | acc=0.5000 | bal_acc=0.5000 | pred_hist=[0, 8] | collapse=True
[2026-05-30 18:43:39]     spatial_conv=[4, 29] top_abs_channels=[('Pz', 0.15346274), ('O2', 0.14372128), ('T3', 0.12620424), ('O1', 0.12294547), ('T4', 0.12169829), ('CP3', 0.12050448), ('C3', 0.11503676), ('CP4', 0.11074585)]
[2026-05-30 18:43:39]     spatial_update=delta_l2=0.01215157 max_abs=0.00235449 relative=0.01018163 changed=True

[2026-05-30 18:43:39] Fold 5/5 | subject=3
[2026-05-30 18:43:39]     Train: 32 | counts=[16, 16]
[2026-05-30 18:43:39]     Test:  8 | counts=[4, 4]
[2026-05-30 18:43:39]     Model: SignalJEPA_PreLocal | Pretrained: from_pretrained | Strategy: new
[2026-05-30 18:43:39]     Normalization: none | fit_scope=none
[2026-05-30 18:43:39]     Phase 1 (new): 2,170/16,010 params
[2026-05-30 18:43:40]     Result | best_epoch=1 | stop=51 | final_phase_epochs=51 | acc=0.5000 | bal_acc=0.5000 | pred_hist=[0, 8] | collapse=True
[2026-05-30 18:43:40]     spatial_conv=[4, 29] top_abs_channels=[('Pz', 0.15259635), ('O2', 0.14377543), ('T3', 0.12615231), ('T4', 0.12268263), ('O1', 0.12209309), ('CP3', 0.1209334), ('C3', 0.11481793), ('CP4', 0.11022492)]
[2026-05-30 18:43:40]     spatial_update=delta_l2=0.01190431 max_abs=0.00230905 relative=0.00997446 changed=True
[2026-05-30 18:43:40]   Subject 3: acc=0.5750±0.1000  bal_acc=0.5750±0.1000
[2026-05-30 18:43:40] \nSubject 4: 40 windows | class_counts=[20, 20]

[2026-05-30 18:43:41] Fold 1/5 | subject=4
[2026-05-30 18:43:41]     Train: 32 | counts=[16, 16]
[2026-05-30 18:43:41]     Test:  8 | counts=[4, 4]
[2026-05-30 18:43:41]     Model: SignalJEPA_PreLocal | Pretrained: from_pretrained | Strategy: new
[2026-05-30 18:43:41]     Normalization: none | fit_scope=none
[2026-05-30 18:43:41]     Phase 1 (new): 2,170/16,010 params
[2026-05-30 18:43:42]     Result | best_epoch=1 | stop=51 | final_phase_epochs=51 | acc=0.5000 | bal_acc=0.5000 | pred_hist=[0, 8] | collapse=True
[2026-05-30 18:43:42]     spatial_conv=[4, 29] top_abs_channels=[('Pz', 0.15281981), ('O2', 0.14365178), ('T3', 0.12634538), ('O1', 0.12312213), ('T4', 0.12204669), ('CP3', 0.12130444), ('C3', 0.11559312), ('CP4', 0.11129008)]
[2026-05-30 18:43:42]     spatial_update=delta_l2=0.01342964 max_abs=0.00225464 relative=0.01125251 changed=True

[2026-05-30 18:43:42] Fold 2/5 | subject=4
[2026-05-30 18:43:42]     Train: 32 | counts=[16, 16]
[2026-05-30 18:43:42]     Test:  8 | counts=[4, 4]
[2026-05-30 18:43:42]     Model: SignalJEPA_PreLocal | Pretrained: from_pretrained | Strategy: new
[2026-05-30 18:43:42]     Normalization: none | fit_scope=none
[2026-05-30 18:43:42]     Phase 1 (new): 2,170/16,010 params
[2026-05-30 18:43:45]     Result | best_epoch=94 | stop=144 | final_phase_epochs=144 | acc=0.6250 | bal_acc=0.6250 | pred_hist=[3, 5] | collapse=False
[2026-05-30 18:43:45]     spatial_conv=[4, 29] top_abs_channels=[('O2', 0.21187857), ('CP3', 0.16356707), ('Pz', 0.13502339), ('T4', 0.13415562), ('Fz', 0.13230297), ('T6', 0.12471263), ('O1', 0.11254096), ('C3', 0.10279831)]
[2026-05-30 18:43:45]     spatial_update=delta_l2=0.62201319 max_abs=0.14869407 relative=0.52117640 changed=True

[2026-05-30 18:43:45] Fold 3/5 | subject=4
[2026-05-30 18:43:45]     Train: 32 | counts=[16, 16]
[2026-05-30 18:43:45]     Test:  8 | counts=[4, 4]
[2026-05-30 18:43:45]     Model: SignalJEPA_PreLocal | Pretrained: from_pretrained | Strategy: new
[2026-05-30 18:43:45]     Normalization: none | fit_scope=none
[2026-05-30 18:43:45]     Phase 1 (new): 2,170/16,010 params
[2026-05-30 18:44:05]     Result | best_epoch=1092 | stop=1142 | final_phase_epochs=1142 | acc=0.6250 | bal_acc=0.6250 | pred_hist=[3, 5] | collapse=False
[2026-05-30 18:44:05]     spatial_conv=[4, 29] top_abs_channels=[('T6', 0.21377316), ('Cz', 0.20493457), ('Pz', 0.14291784), ('CP4', 0.13881922), ('C4', 0.13480607), ('O1', 0.13261151), ('CP3', 0.13252383), ('TP8', 0.13055357)]
[2026-05-30 18:44:05]     spatial_update=delta_l2=1.43632506 max_abs=0.45877227 relative=1.20347724 changed=True

[2026-05-30 18:44:06] Fold 4/5 | subject=4
[2026-05-30 18:44:06]     Train: 32 | counts=[16, 16]
[2026-05-30 18:44:06]     Test:  8 | counts=[4, 4]
[2026-05-30 18:44:06]     Model: SignalJEPA_PreLocal | Pretrained: from_pretrained | Strategy: new
[2026-05-30 18:44:06]     Normalization: none | fit_scope=none
[2026-05-30 18:44:06]     Phase 1 (new): 2,170/16,010 params
[2026-05-30 18:44:50]     Result | best_epoch=2551 | stop=2601 | final_phase_epochs=2601 | acc=0.6250 | bal_acc=0.6250 | pred_hist=[7, 1] | collapse=False
[2026-05-30 18:44:50]     spatial_conv=[4, 29] top_abs_channels=[('CP4', 0.27603126), ('C3', 0.20260394), ('P3', 0.19452056), ('C4', 0.19317225), ('Pz', 0.17812736), ('Cz', 0.16596949), ('Fz', 0.1403901), ('FC4', 0.13672036)]
[2026-05-30 18:44:50]     spatial_update=delta_l2=1.62819939 max_abs=0.57833289 relative=1.36424614 changed=True

[2026-05-30 18:44:50] Fold 5/5 | subject=4
[2026-05-30 18:44:50]     Train: 32 | counts=[16, 16]
[2026-05-30 18:44:50]     Test:  8 | counts=[4, 4]
[2026-05-30 18:44:50]     Model: SignalJEPA_PreLocal | Pretrained: from_pretrained | Strategy: new
[2026-05-30 18:44:50]     Normalization: none | fit_scope=none
[2026-05-30 18:44:50]     Phase 1 (new): 2,170/16,010 params
[2026-05-30 18:44:51]     Result | best_epoch=1 | stop=51 | final_phase_epochs=51 | acc=0.5000 | bal_acc=0.5000 | pred_hist=[0, 8] | collapse=True
[2026-05-30 18:44:51]     spatial_conv=[4, 29] top_abs_channels=[('Pz', 0.15234131), ('O2', 0.14402089), ('T3', 0.12664387), ('O1', 0.12280563), ('T4', 0.12211578), ('CP3', 0.12207127), ('C3', 0.11485714), ('CP4', 0.11150996)]
[2026-05-30 18:44:51]     spatial_update=delta_l2=0.01330966 max_abs=0.00217742 relative=0.01115198 changed=True
[2026-05-30 18:44:51]   Subject 4: acc=0.5750±0.0612  bal_acc=0.5750±0.0612
[2026-05-30 18:44:51] \nSubject 5: 40 windows | class_counts=[20, 20]

[2026-05-30 18:44:52] Fold 1/5 | subject=5
[2026-05-30 18:44:52]     Train: 32 | counts=[16, 16]
[2026-05-30 18:44:52]     Test:  8 | counts=[4, 4]
[2026-05-30 18:44:52]     Model: SignalJEPA_PreLocal | Pretrained: from_pretrained | Strategy: new
[2026-05-30 18:44:52]     Normalization: none | fit_scope=none
[2026-05-30 18:44:52]     Phase 1 (new): 2,170/16,010 params
[2026-05-30 18:44:52]     Result | best_epoch=1 | stop=51 | final_phase_epochs=51 | acc=0.5000 | bal_acc=0.5000 | pred_hist=[0, 8] | collapse=True
[2026-05-30 18:44:52]     spatial_conv=[4, 29] top_abs_channels=[('Pz', 0.15324888), ('O2', 0.14448786), ('T3', 0.12643489), ('O1', 0.12251222), ('T4', 0.12170903), ('CP3', 0.12127894), ('C3', 0.11561107), ('CP4', 0.11061884)]
[2026-05-30 18:44:52]     spatial_update=delta_l2=0.01189018 max_abs=0.00228295 relative=0.00996262 changed=True

[2026-05-30 18:44:53] Fold 2/5 | subject=5
[2026-05-30 18:44:53]     Train: 32 | counts=[16, 16]
[2026-05-30 18:44:53]     Test:  8 | counts=[4, 4]
[2026-05-30 18:44:53]     Model: SignalJEPA_PreLocal | Pretrained: from_pretrained | Strategy: new
[2026-05-30 18:44:53]     Normalization: none | fit_scope=none
[2026-05-30 18:44:53]     Phase 1 (new): 2,170/16,010 params
[2026-05-30 18:44:54]     Result | best_epoch=1 | stop=51 | final_phase_epochs=51 | acc=0.5000 | bal_acc=0.5000 | pred_hist=[0, 8] | collapse=True
[2026-05-30 18:44:54]     spatial_conv=[4, 29] top_abs_channels=[('Pz', 0.15229335), ('O2', 0.14387558), ('T3', 0.12724069), ('T4', 0.12252398), ('O1', 0.12168974), ('CP3', 0.1207144), ('C3', 0.11545403), ('CP4', 0.11086252)]
[2026-05-30 18:44:54]     spatial_update=delta_l2=0.01219701 max_abs=0.00216158 relative=0.01021971 changed=True

[2026-05-30 18:44:54] Fold 3/5 | subject=5
[2026-05-30 18:44:54]     Train: 32 | counts=[16, 16]
[2026-05-30 18:44:54]     Test:  8 | counts=[4, 4]
[2026-05-30 18:44:54]     Model: SignalJEPA_PreLocal | Pretrained: from_pretrained | Strategy: new
[2026-05-30 18:44:54]     Normalization: none | fit_scope=none
[2026-05-30 18:44:54]     Phase 1 (new): 2,170/16,010 params
[2026-05-30 18:45:26]     Result | best_epoch=1744 | stop=1794 | final_phase_epochs=1794 | acc=0.5000 | bal_acc=0.5000 | pred_hist=[2, 6] | collapse=False
[2026-05-30 18:45:26]     spatial_conv=[4, 29] top_abs_channels=[('TP8', 0.17272991), ('CP4', 0.15821175), ('Fp1', 0.1379402), ('F4', 0.12250164), ('FCz', 0.11082847), ('TP7', 0.10663854), ('Pz', 0.10378983), ('T3', 0.1003809)]
[2026-05-30 18:45:26]     spatial_update=delta_l2=1.10512909 max_abs=0.28005806 relative=0.92597264 changed=True

[2026-05-30 18:45:26] Fold 4/5 | subject=5
[2026-05-30 18:45:26]     Train: 32 | counts=[16, 16]
[2026-05-30 18:45:26]     Test:  8 | counts=[4, 4]
[2026-05-30 18:45:26]     Model: SignalJEPA_PreLocal | Pretrained: from_pretrained | Strategy: new
[2026-05-30 18:45:26]     Normalization: none | fit_scope=none
[2026-05-30 18:45:26]     Phase 1 (new): 2,170/16,010 params
[2026-05-30 18:45:29]     Result | best_epoch=84 | stop=130 | final_phase_epochs=130 | acc=0.6250 | bal_acc=0.6250 | pred_hist=[5, 3] | collapse=False
[2026-05-30 18:45:29]     spatial_conv=[4, 29] top_abs_channels=[('O2', 0.18360592), ('Pz', 0.13492982), ('Fp1', 0.12737602), ('C4', 0.12587664), ('CP4', 0.12257788), ('O1', 0.1156149), ('T5', 0.11041123), ('T4', 0.10876869)]
[2026-05-30 18:45:29]     spatial_update=delta_l2=0.69456083 max_abs=0.20766055 relative=0.58196307 changed=True

[2026-05-30 18:45:29] Fold 5/5 | subject=5
[2026-05-30 18:45:29]     Train: 32 | counts=[16, 16]
[2026-05-30 18:45:29]     Test:  8 | counts=[4, 4]
[2026-05-30 18:45:29]     Model: SignalJEPA_PreLocal | Pretrained: from_pretrained | Strategy: new
[2026-05-30 18:45:29]     Normalization: none | fit_scope=none
[2026-05-30 18:45:29]     Phase 1 (new): 2,170/16,010 params
[2026-05-30 18:45:35]     Result | best_epoch=260 | stop=310 | final_phase_epochs=310 | acc=0.5000 | bal_acc=0.5000 | pred_hist=[4, 4] | collapse=False
[2026-05-30 18:45:35]     spatial_conv=[4, 29] top_abs_channels=[('TP8', 0.1974833), ('T3', 0.1456943), ('O2', 0.14566967), ('Fp1', 0.13718292), ('FC4', 0.13095097), ('F7', 0.12077008), ('T4', 0.11012195), ('FCz', 0.10642797)]
[2026-05-30 18:45:35]     spatial_update=delta_l2=1.03572413 max_abs=0.27915715 relative=0.86781917 changed=True
[2026-05-30 18:45:35]   Subject 5: acc=0.5250±0.0500  bal_acc=0.5250±0.0500
[2026-05-30 18:45:35] \nSubject 6: 40 windows | class_counts=[20, 20]

[2026-05-30 18:45:35] Fold 1/5 | subject=6
[2026-05-30 18:45:35]     Train: 32 | counts=[16, 16]
[2026-05-30 18:45:35]     Test:  8 | counts=[4, 4]
[2026-05-30 18:45:35]     Model: SignalJEPA_PreLocal | Pretrained: from_pretrained | Strategy: new
[2026-05-30 18:45:35]     Normalization: none | fit_scope=none
[2026-05-30 18:45:35]     Phase 1 (new): 2,170/16,010 params
[2026-05-30 18:45:36]     Result | best_epoch=1 | stop=51 | final_phase_epochs=51 | acc=0.5000 | bal_acc=0.5000 | pred_hist=[0, 8] | collapse=True
[2026-05-30 18:45:36]     spatial_conv=[4, 29] top_abs_channels=[('Pz', 0.15225056), ('O2', 0.14418316), ('T3', 0.12597254), ('CP3', 0.1221302), ('O1', 0.12181091), ('T4', 0.12078603), ('C3', 0.11514733), ('CP4', 0.11053353)]
[2026-05-30 18:45:36]     spatial_update=delta_l2=0.01257293 max_abs=0.00218609 relative=0.01053468 changed=True

[2026-05-30 18:45:37] Fold 2/5 | subject=6
[2026-05-30 18:45:37]     Train: 32 | counts=[16, 16]
[2026-05-30 18:45:37]     Test:  8 | counts=[4, 4]
[2026-05-30 18:45:37]     Model: SignalJEPA_PreLocal | Pretrained: from_pretrained | Strategy: new
[2026-05-30 18:45:37]     Normalization: none | fit_scope=none
[2026-05-30 18:45:37]     Phase 1 (new): 2,170/16,010 params
[2026-05-30 18:45:37]     Result | best_epoch=1 | stop=51 | final_phase_epochs=51 | acc=0.6250 | bal_acc=0.6250 | pred_hist=[1, 7] | collapse=False
[2026-05-30 18:45:37]     spatial_conv=[4, 29] top_abs_channels=[('Pz', 0.15387231), ('O2', 0.14396013), ('T3', 0.12705658), ('T4', 0.12237874), ('O1', 0.12210565), ('CP3', 0.12076311), ('C3', 0.11522233), ('CP4', 0.11120044)]
[2026-05-30 18:45:37]     spatial_update=delta_l2=0.01104087 max_abs=0.00204705 relative=0.00925099 changed=True

[2026-05-30 18:45:38] Fold 3/5 | subject=6
[2026-05-30 18:45:38]     Train: 32 | counts=[16, 16]
[2026-05-30 18:45:38]     Test:  8 | counts=[4, 4]
[2026-05-30 18:45:38]     Model: SignalJEPA_PreLocal | Pretrained: from_pretrained | Strategy: new
[2026-05-30 18:45:38]     Normalization: none | fit_scope=none
[2026-05-30 18:45:38]     Phase 1 (new): 2,170/16,010 params
[2026-05-30 18:45:39]     Result | best_epoch=1 | stop=51 | final_phase_epochs=51 | acc=0.5000 | bal_acc=0.5000 | pred_hist=[0, 8] | collapse=True
[2026-05-30 18:45:39]     spatial_conv=[4, 29] top_abs_channels=[('Pz', 0.15347794), ('O2', 0.14362098), ('T3', 0.12667079), ('O1', 0.12217124), ('T4', 0.12103349), ('CP3', 0.1207353), ('C3', 0.11458912), ('CP4', 0.11081953)]
[2026-05-30 18:45:39]     spatial_update=delta_l2=0.01243766 max_abs=0.00224635 relative=0.01042135 changed=True

[2026-05-30 18:45:39] Fold 4/5 | subject=6
[2026-05-30 18:45:39]     Train: 32 | counts=[16, 16]
[2026-05-30 18:45:39]     Test:  8 | counts=[4, 4]
[2026-05-30 18:45:39]     Model: SignalJEPA_PreLocal | Pretrained: from_pretrained | Strategy: new
[2026-05-30 18:45:39]     Normalization: none | fit_scope=none
[2026-05-30 18:45:39]     Phase 1 (new): 2,170/16,010 params
[2026-05-30 18:45:41]     Result | best_epoch=22 | stop=72 | final_phase_epochs=72 | acc=0.1250 | bal_acc=0.1250 | pred_hist=[3, 5] | collapse=False
[2026-05-30 18:45:41]     spatial_conv=[4, 29] top_abs_channels=[('Pz', 0.14732902), ('O2', 0.136911), ('P3', 0.13443311), ('T4', 0.12980652), ('T3', 0.12943849), ('O1', 0.12502842), ('Fp1', 0.12173942), ('C3', 0.11948901)]
[2026-05-30 18:45:41]     spatial_update=delta_l2=0.20907909 max_abs=0.04417786 relative=0.17518453 changed=True

[2026-05-30 18:45:41] Fold 5/5 | subject=6
[2026-05-30 18:45:41]     Train: 32 | counts=[16, 16]
[2026-05-30 18:45:41]     Test:  8 | counts=[4, 4]
[2026-05-30 18:45:41]     Model: SignalJEPA_PreLocal | Pretrained: from_pretrained | Strategy: new
[2026-05-30 18:45:41]     Normalization: none | fit_scope=none
[2026-05-30 18:45:41]     Phase 1 (new): 2,170/16,010 params
[2026-05-30 18:45:42]     Result | best_epoch=22 | stop=72 | final_phase_epochs=72 | acc=0.3750 | bal_acc=0.3750 | pred_hist=[7, 1] | collapse=False
[2026-05-30 18:45:42]     spatial_conv=[4, 29] top_abs_channels=[('Pz', 0.15167099), ('O2', 0.13523746), ('O1', 0.13464943), ('CP3', 0.12597421), ('P3', 0.11899458), ('T4', 0.11824201), ('Fp1', 0.11757669), ('T3', 0.1146208)]
[2026-05-30 18:45:42]     spatial_update=delta_l2=0.19414317 max_abs=0.04376678 relative=0.16266993 changed=True
[2026-05-30 18:45:42]   Subject 6: acc=0.4250±0.1696  bal_acc=0.4250±0.1696
[2026-05-30 18:45:42] \nSubject 7: 40 windows | class_counts=[20, 20]

[2026-05-30 18:45:43] Fold 1/5 | subject=7
[2026-05-30 18:45:43]     Train: 32 | counts=[16, 16]
[2026-05-30 18:45:43]     Test:  8 | counts=[4, 4]
[2026-05-30 18:45:43]     Model: SignalJEPA_PreLocal | Pretrained: from_pretrained | Strategy: new
[2026-05-30 18:45:43]     Normalization: none | fit_scope=none
[2026-05-30 18:45:43]     Phase 1 (new): 2,170/16,010 params
[2026-05-30 18:45:51]     Result | best_epoch=466 | stop=516 | final_phase_epochs=516 | acc=0.5000 | bal_acc=0.5000 | pred_hist=[4, 4] | collapse=False
[2026-05-30 18:45:51]     spatial_conv=[4, 29] top_abs_channels=[('CP3', 0.16602978), ('T5', 0.15973952), ('P3', 0.1452187), ('Fz', 0.11724619), ('FC4', 0.11568023), ('TP7', 0.11546303), ('Fp2', 0.10800758), ('F3', 0.10738263)]
[2026-05-30 18:45:51]     spatial_update=delta_l2=1.22802826 max_abs=0.33576037 relative=1.02894818 changed=True

[2026-05-30 18:45:52] Fold 2/5 | subject=7
[2026-05-30 18:45:52]     Train: 32 | counts=[16, 16]
[2026-05-30 18:45:52]     Test:  8 | counts=[4, 4]
[2026-05-30 18:45:52]     Model: SignalJEPA_PreLocal | Pretrained: from_pretrained | Strategy: new
[2026-05-30 18:45:52]     Normalization: none | fit_scope=none
[2026-05-30 18:45:52]     Phase 1 (new): 2,170/16,010 params
[2026-05-30 18:46:02]     Result | best_epoch=531 | stop=581 | final_phase_epochs=581 | acc=0.7500 | bal_acc=0.7500 | pred_hist=[4, 4] | collapse=False
[2026-05-30 18:46:02]     spatial_conv=[4, 29] top_abs_channels=[('CP4', 0.16234112), ('F8', 0.14260544), ('Fz', 0.12621708), ('C4', 0.12236613), ('CP3', 0.1207941), ('F3', 0.11458679), ('C3', 0.11120185), ('Oz', 0.10872593)]
[2026-05-30 18:46:02]     spatial_update=delta_l2=1.18961886 max_abs=0.23783732 relative=0.99676548 changed=True

[2026-05-30 18:46:02] Fold 3/5 | subject=7
[2026-05-30 18:46:02]     Train: 32 | counts=[16, 16]
[2026-05-30 18:46:02]     Test:  8 | counts=[4, 4]
[2026-05-30 18:46:02]     Model: SignalJEPA_PreLocal | Pretrained: from_pretrained | Strategy: new
[2026-05-30 18:46:02]     Normalization: none | fit_scope=none
[2026-05-30 18:46:02]     Phase 1 (new): 2,170/16,010 params
[2026-05-30 18:46:32]     Result | best_epoch=1690 | stop=1740 | final_phase_epochs=1740 | acc=0.7500 | bal_acc=0.7500 | pred_hist=[4, 4] | collapse=False
[2026-05-30 18:46:32]     spatial_conv=[4, 29] top_abs_channels=[('CP4', 0.16330698), ('P4', 0.15041611), ('F4', 0.14055037), ('C3', 0.13357112), ('TP8', 0.12019794), ('F8', 0.11915782), ('FCz', 0.11695158), ('O2', 0.11432037)]
[2026-05-30 18:46:32]     spatial_update=delta_l2=1.21139018 max_abs=0.31465808 relative=1.01500736 changed=True

[2026-05-30 18:46:32] Fold 4/5 | subject=7
[2026-05-30 18:46:32]     Train: 32 | counts=[16, 16]
[2026-05-30 18:46:32]     Test:  8 | counts=[4, 4]
[2026-05-30 18:46:32]     Model: SignalJEPA_PreLocal | Pretrained: from_pretrained | Strategy: new
[2026-05-30 18:46:32]     Normalization: none | fit_scope=none
[2026-05-30 18:46:32]     Phase 1 (new): 2,170/16,010 params
[2026-05-30 18:46:37]     Result | best_epoch=188 | stop=238 | final_phase_epochs=238 | acc=0.6250 | bal_acc=0.6250 | pred_hist=[5, 3] | collapse=False
[2026-05-30 18:46:37]     spatial_conv=[4, 29] top_abs_channels=[('CP3', 0.1612955), ('Oz', 0.15007958), ('F8', 0.12422284), ('O2', 0.12079519), ('TP7', 0.11809865), ('Fp1', 0.11770463), ('Fz', 0.11469244), ('F3', 0.11334452)]
[2026-05-30 18:46:37]     spatial_update=delta_l2=0.90297258 max_abs=0.25644811 relative=0.75658845 changed=True

[2026-05-30 18:46:37] Fold 5/5 | subject=7
[2026-05-30 18:46:37]     Train: 32 | counts=[16, 16]
[2026-05-30 18:46:37]     Test:  8 | counts=[4, 4]
[2026-05-30 18:46:37]     Model: SignalJEPA_PreLocal | Pretrained: from_pretrained | Strategy: new
[2026-05-30 18:46:37]     Normalization: none | fit_scope=none
[2026-05-30 18:46:37]     Phase 1 (new): 2,170/16,010 params
[2026-05-30 18:46:45]     Result | best_epoch=382 | stop=431 | final_phase_epochs=431 | acc=0.6250 | bal_acc=0.6250 | pred_hist=[5, 3] | collapse=False
[2026-05-30 18:46:45]     spatial_conv=[4, 29] top_abs_channels=[('F8', 0.14207861), ('Fz', 0.13342282), ('TP8', 0.1267), ('Oz', 0.12579647), ('P4', 0.12310389), ('F3', 0.12227444), ('CP3', 0.12085059), ('FT7', 0.11615375)]
[2026-05-30 18:46:45]     spatial_update=delta_l2=1.03494241 max_abs=0.23107348 relative=0.86716418 changed=True
[2026-05-30 18:46:45]   Subject 7: acc=0.6500±0.0935  bal_acc=0.6500±0.0935
[2026-05-30 18:46:45] \nSubject 8: 40 windows | class_counts=[20, 20]

[2026-05-30 18:46:45] Fold 1/5 | subject=8
[2026-05-30 18:46:45]     Train: 32 | counts=[16, 16]
[2026-05-30 18:46:45]     Test:  8 | counts=[4, 4]
[2026-05-30 18:46:45]     Model: SignalJEPA_PreLocal | Pretrained: from_pretrained | Strategy: new
[2026-05-30 18:46:45]     Normalization: none | fit_scope=none
[2026-05-30 18:46:45]     Phase 1 (new): 2,170/16,010 params
[2026-05-30 18:46:51]     Result | best_epoch=260 | stop=310 | final_phase_epochs=310 | acc=0.5000 | bal_acc=0.5000 | pred_hist=[4, 4] | collapse=False
[2026-05-30 18:46:51]     spatial_conv=[4, 29] top_abs_channels=[('F3', 0.16162394), ('CP3', 0.13416877), ('T4', 0.13292143), ('Fz', 0.12937874), ('C3', 0.12579577), ('TP7', 0.11351601), ('C4', 0.11322871), ('FT8', 0.11292484)]
[2026-05-30 18:46:51]     spatial_update=delta_l2=0.95127702 max_abs=0.24255362 relative=0.79706208 changed=True

[2026-05-30 18:46:51] Fold 2/5 | subject=8
[2026-05-30 18:46:51]     Train: 32 | counts=[16, 16]
[2026-05-30 18:46:51]     Test:  8 | counts=[4, 4]
[2026-05-30 18:46:51]     Model: SignalJEPA_PreLocal | Pretrained: from_pretrained | Strategy: new
[2026-05-30 18:46:51]     Normalization: none | fit_scope=none
[2026-05-30 18:46:51]     Phase 1 (new): 2,170/16,010 params
[2026-05-30 18:46:55]     Result | best_epoch=155 | stop=201 | final_phase_epochs=201 | acc=0.6250 | bal_acc=0.6250 | pred_hist=[1, 7] | collapse=False
[2026-05-30 18:46:55]     spatial_conv=[4, 29] top_abs_channels=[('O2', 0.15678219), ('CP3', 0.14833978), ('O1', 0.13551039), ('Pz', 0.12366259), ('Fp1', 0.12362739), ('FT8', 0.12282739), ('F3', 0.12005092), ('F7', 0.11511532)]
[2026-05-30 18:46:55]     spatial_update=delta_l2=0.83763596 max_abs=0.19587216 relative=0.70184379 changed=True

[2026-05-30 18:46:55] Fold 3/5 | subject=8
[2026-05-30 18:46:55]     Train: 32 | counts=[16, 16]
[2026-05-30 18:46:55]     Test:  8 | counts=[4, 4]
[2026-05-30 18:46:55]     Model: SignalJEPA_PreLocal | Pretrained: from_pretrained | Strategy: new
[2026-05-30 18:46:55]     Normalization: none | fit_scope=none
[2026-05-30 18:46:55]     Phase 1 (new): 2,170/16,010 params
[2026-05-30 18:46:56]     Result | best_epoch=4 | stop=54 | final_phase_epochs=54 | acc=0.5000 | bal_acc=0.5000 | pred_hist=[0, 8] | collapse=True
[2026-05-30 18:46:56]     spatial_conv=[4, 29] top_abs_channels=[('Pz', 0.15377408), ('O2', 0.14392357), ('T3', 0.13015717), ('CP3', 0.12403273), ('O1', 0.12305984), ('T4', 0.12027825), ('C3', 0.11072699), ('Fp1', 0.11049686)]
[2026-05-30 18:46:56]     spatial_update=delta_l2=0.04897904 max_abs=0.00819895 relative=0.04103887 changed=True

[2026-05-30 18:46:57] Fold 4/5 | subject=8
[2026-05-30 18:46:57]     Train: 32 | counts=[16, 16]
[2026-05-30 18:46:57]     Test:  8 | counts=[4, 4]
[2026-05-30 18:46:57]     Model: SignalJEPA_PreLocal | Pretrained: from_pretrained | Strategy: new
[2026-05-30 18:46:57]     Normalization: none | fit_scope=none
[2026-05-30 18:46:57]     Phase 1 (new): 2,170/16,010 params
[2026-05-30 18:47:13]     Result | best_epoch=843 | stop=893 | final_phase_epochs=893 | acc=0.8750 | bal_acc=0.8750 | pred_hist=[3, 5] | collapse=False
[2026-05-30 18:47:13]     spatial_conv=[4, 29] top_abs_channels=[('CP3', 0.18830523), ('Oz', 0.18345627), ('C4', 0.16935815), ('Pz', 0.16311318), ('P4', 0.16156238), ('F3', 0.14833128), ('FT8', 0.13768503), ('C3', 0.13749653)]
[2026-05-30 18:47:13]     spatial_update=delta_l2=1.23497669 max_abs=0.45800285 relative=1.03477018 changed=True

[2026-05-30 18:47:13] Fold 5/5 | subject=8
[2026-05-30 18:47:13]     Train: 32 | counts=[16, 16]
[2026-05-30 18:47:13]     Test:  8 | counts=[4, 4]
[2026-05-30 18:47:13]     Model: SignalJEPA_PreLocal | Pretrained: from_pretrained | Strategy: new
[2026-05-30 18:47:13]     Normalization: none | fit_scope=none
[2026-05-30 18:47:13]     Phase 1 (new): 2,170/16,010 params
[2026-05-30 18:47:29]     Result | best_epoch=847 | stop=897 | final_phase_epochs=897 | acc=0.7500 | bal_acc=0.7500 | pred_hist=[4, 4] | collapse=False
[2026-05-30 18:47:29]     spatial_conv=[4, 29] top_abs_channels=[('CP3', 0.2381438), ('C4', 0.19060309), ('CP4', 0.15463656), ('C3', 0.14746636), ('F3', 0.14573877), ('T5', 0.14239028), ('P4', 0.13616608), ('TP8', 0.13478604)]
[2026-05-30 18:47:29]     spatial_update=delta_l2=1.29308307 max_abs=0.43410999 relative=1.08345672 changed=True
[2026-05-30 18:47:29]   Subject 8: acc=0.6500±0.1458  bal_acc=0.6500±0.1458
[2026-05-30 18:47:29] \nSubject 9: 40 windows | class_counts=[20, 20]

[2026-05-30 18:47:29] Fold 1/5 | subject=9
[2026-05-30 18:47:29]     Train: 32 | counts=[16, 16]
[2026-05-30 18:47:29]     Test:  8 | counts=[4, 4]
[2026-05-30 18:47:29]     Model: SignalJEPA_PreLocal | Pretrained: from_pretrained | Strategy: new
[2026-05-30 18:47:29]     Normalization: none | fit_scope=none
[2026-05-30 18:47:29]     Phase 1 (new): 2,170/16,010 params
[2026-05-30 18:47:35]     Result | best_epoch=263 | stop=313 | final_phase_epochs=313 | acc=0.7500 | bal_acc=0.7500 | pred_hist=[2, 6] | collapse=False
[2026-05-30 18:47:35]     spatial_conv=[4, 29] top_abs_channels=[('O2', 0.13689488), ('CP4', 0.13651304), ('T3', 0.12416799), ('C3', 0.11723358), ('Fz', 0.11712439), ('O1', 0.11307323), ('C4', 0.11269894), ('Fp2', 0.10922145)]
[2026-05-30 18:47:35]     spatial_update=delta_l2=0.82206519 max_abs=0.22540218 relative=0.68879725 changed=True

[2026-05-30 18:47:35] Fold 2/5 | subject=9
[2026-05-30 18:47:35]     Train: 32 | counts=[16, 16]
[2026-05-30 18:47:35]     Test:  8 | counts=[4, 4]
[2026-05-30 18:47:35]     Model: SignalJEPA_PreLocal | Pretrained: from_pretrained | Strategy: new
[2026-05-30 18:47:35]     Normalization: none | fit_scope=none
[2026-05-30 18:47:35]     Phase 1 (new): 2,170/16,010 params
[2026-05-30 18:47:36]     Result | best_epoch=4 | stop=52 | final_phase_epochs=52 | acc=0.5000 | bal_acc=0.5000 | pred_hist=[0, 8] | collapse=True
[2026-05-30 18:47:36]     spatial_conv=[4, 29] top_abs_channels=[('Pz', 0.15273587), ('O2', 0.14327317), ('T3', 0.12741202), ('O1', 0.12266669), ('T4', 0.12254602), ('CP3', 0.12176171), ('C3', 0.1127466), ('CP4', 0.1104301)]
[2026-05-30 18:47:36]     spatial_update=delta_l2=0.02130337 max_abs=0.00415452 relative=0.01784981 changed=True

[2026-05-30 18:47:37] Fold 3/5 | subject=9
[2026-05-30 18:47:37]     Train: 32 | counts=[16, 16]
[2026-05-30 18:47:37]     Test:  8 | counts=[4, 4]
[2026-05-30 18:47:37]     Model: SignalJEPA_PreLocal | Pretrained: from_pretrained | Strategy: new
[2026-05-30 18:47:37]     Normalization: none | fit_scope=none
[2026-05-30 18:47:37]     Phase 1 (new): 2,170/16,010 params
[2026-05-30 18:47:41]     Result | best_epoch=163 | stop=213 | final_phase_epochs=213 | acc=0.5000 | bal_acc=0.5000 | pred_hist=[6, 2] | collapse=False
[2026-05-30 18:47:41]     spatial_conv=[4, 29] top_abs_channels=[('T3', 0.20244691), ('O2', 0.15785885), ('TP8', 0.14999302), ('CP3', 0.12132609), ('Cz', 0.11981998), ('FCz', 0.11717408), ('F7', 0.10932793), ('FT7', 0.10600231)]
[2026-05-30 18:47:41]     spatial_update=delta_l2=0.65990136 max_abs=0.17605393 relative=0.55292238 changed=True

[2026-05-30 18:47:41] Fold 4/5 | subject=9
[2026-05-30 18:47:41]     Train: 32 | counts=[16, 16]
[2026-05-30 18:47:41]     Test:  8 | counts=[4, 4]
[2026-05-30 18:47:41]     Model: SignalJEPA_PreLocal | Pretrained: from_pretrained | Strategy: new
[2026-05-30 18:47:41]     Normalization: none | fit_scope=none
[2026-05-30 18:47:41]     Phase 1 (new): 2,170/16,010 params
[2026-05-30 18:47:53]     Result | best_epoch=641 | stop=691 | final_phase_epochs=691 | acc=0.6250 | bal_acc=0.6250 | pred_hist=[3, 5] | collapse=False
[2026-05-30 18:47:53]     spatial_conv=[4, 29] top_abs_channels=[('T5', 0.15573649), ('Pz', 0.15215516), ('O2', 0.15177611), ('CP4', 0.13482171), ('T3', 0.12252477), ('T6', 0.11591257), ('C3', 0.11007792), ('Fp1', 0.10575441)]
[2026-05-30 18:47:53]     spatial_update=delta_l2=1.14470322 max_abs=0.35038911 relative=0.95913126 changed=True

[2026-05-30 18:47:54] Fold 5/5 | subject=9
[2026-05-30 18:47:54]     Train: 32 | counts=[16, 16]
[2026-05-30 18:47:54]     Test:  8 | counts=[4, 4]
[2026-05-30 18:47:54]     Model: SignalJEPA_PreLocal | Pretrained: from_pretrained | Strategy: new
[2026-05-30 18:47:54]     Normalization: none | fit_scope=none
[2026-05-30 18:47:54]     Phase 1 (new): 2,170/16,010 params
[2026-05-30 18:48:03]     Result | best_epoch=492 | stop=542 | final_phase_epochs=542 | acc=0.5000 | bal_acc=0.5000 | pred_hist=[2, 6] | collapse=False
[2026-05-30 18:48:03]     spatial_conv=[4, 29] top_abs_channels=[('C4', 0.18180543), ('CP3', 0.17884576), ('O2', 0.1609886), ('C3', 0.13376291), ('T3', 0.12695211), ('O1', 0.12473479), ('P3', 0.11586294), ('F4', 0.10206456)]
[2026-05-30 18:48:03]     spatial_update=delta_l2=1.15747409 max_abs=0.25833206 relative=0.96983181 changed=True
[2026-05-30 18:48:03]   Subject 9: acc=0.5750±0.1000  bal_acc=0.5750±0.1000
[2026-05-30 18:48:03] \nSubject 10: 40 windows | class_counts=[20, 20]

[2026-05-30 18:48:04] Fold 1/5 | subject=10
[2026-05-30 18:48:04]     Train: 32 | counts=[16, 16]
[2026-05-30 18:48:04]     Test:  8 | counts=[4, 4]
[2026-05-30 18:48:04]     Model: SignalJEPA_PreLocal | Pretrained: from_pretrained | Strategy: new
[2026-05-30 18:48:04]     Normalization: none | fit_scope=none
[2026-05-30 18:48:04]     Phase 1 (new): 2,170/16,010 params
[2026-05-30 18:48:06]     Result | best_epoch=58 | stop=108 | final_phase_epochs=108 | acc=0.6250 | bal_acc=0.6250 | pred_hist=[3, 5] | collapse=False
[2026-05-30 18:48:06]     spatial_conv=[4, 29] top_abs_channels=[('T3', 0.16200238), ('O2', 0.15079789), ('Pz', 0.14273199), ('CP3', 0.13794267), ('T4', 0.1357893), ('Fz', 0.12957001), ('P3', 0.12061839), ('T5', 0.11726049)]
[2026-05-30 18:48:06]     spatial_update=delta_l2=0.31473661 max_abs=0.08793126 relative=0.26371353 changed=True

[2026-05-30 18:48:06] Fold 2/5 | subject=10
[2026-05-30 18:48:06]     Train: 32 | counts=[16, 16]
[2026-05-30 18:48:06]     Test:  8 | counts=[4, 4]
[2026-05-30 18:48:06]     Model: SignalJEPA_PreLocal | Pretrained: from_pretrained | Strategy: new
[2026-05-30 18:48:06]     Normalization: none | fit_scope=none
[2026-05-30 18:48:06]     Phase 1 (new): 2,170/16,010 params
[2026-05-30 18:48:07]     Result | best_epoch=1 | stop=51 | final_phase_epochs=51 | acc=0.5000 | bal_acc=0.5000 | pred_hist=[0, 8] | collapse=True
[2026-05-30 18:48:07]     spatial_conv=[4, 29] top_abs_channels=[('Pz', 0.15325503), ('O2', 0.14492866), ('T3', 0.12611674), ('T4', 0.12301184), ('CP3', 0.12160771), ('O1', 0.12143558), ('C3', 0.11576548), ('CP4', 0.10979199)]
[2026-05-30 18:48:07]     spatial_update=delta_l2=0.01327642 max_abs=0.00213601 relative=0.01112413 changed=True

[2026-05-30 18:48:08] Fold 3/5 | subject=10
[2026-05-30 18:48:08]     Train: 32 | counts=[16, 16]
[2026-05-30 18:48:08]     Test:  8 | counts=[4, 4]
[2026-05-30 18:48:08]     Model: SignalJEPA_PreLocal | Pretrained: from_pretrained | Strategy: new
[2026-05-30 18:48:08]     Normalization: none | fit_scope=none
[2026-05-30 18:48:08]     Phase 1 (new): 2,170/16,010 params
[2026-05-30 18:48:17]     Result | best_epoch=525 | stop=575 | final_phase_epochs=575 | acc=0.5000 | bal_acc=0.5000 | pred_hist=[6, 2] | collapse=False
[2026-05-30 18:48:17]     spatial_conv=[4, 29] top_abs_channels=[('F7', 0.13623095), ('FC4', 0.13588272), ('FT7', 0.13096774), ('C4', 0.13081598), ('FT8', 0.13008998), ('CP3', 0.12937374), ('P3', 0.12732244), ('Fz', 0.12341533)]
[2026-05-30 18:48:17]     spatial_update=delta_l2=1.00993069 max_abs=0.33109220 relative=0.84620719 changed=True

[2026-05-30 18:48:17] Fold 4/5 | subject=10
[2026-05-30 18:48:17]     Train: 32 | counts=[16, 16]
[2026-05-30 18:48:17]     Test:  8 | counts=[4, 4]
[2026-05-30 18:48:17]     Model: SignalJEPA_PreLocal | Pretrained: from_pretrained | Strategy: new
[2026-05-30 18:48:17]     Normalization: none | fit_scope=none
[2026-05-30 18:48:17]     Phase 1 (new): 2,170/16,010 params
[2026-05-30 18:48:22]     Result | best_epoch=204 | stop=254 | final_phase_epochs=254 | acc=0.3750 | bal_acc=0.3750 | pred_hist=[5, 3] | collapse=False
[2026-05-30 18:48:22]     spatial_conv=[4, 29] top_abs_channels=[('P3', 0.16607906), ('Fp1', 0.13772422), ('F7', 0.13575029), ('T4', 0.13132173), ('Fz', 0.11780556), ('O1', 0.11470839), ('CP3', 0.11386564), ('FC3', 0.10375813)]
[2026-05-30 18:48:22]     spatial_update=delta_l2=0.81811221 max_abs=0.19867248 relative=0.68548510 changed=True

[2026-05-30 18:48:22] Fold 5/5 | subject=10
[2026-05-30 18:48:22]     Train: 32 | counts=[16, 16]
[2026-05-30 18:48:22]     Test:  8 | counts=[4, 4]
[2026-05-30 18:48:22]     Model: SignalJEPA_PreLocal | Pretrained: from_pretrained | Strategy: new
[2026-05-30 18:48:22]     Normalization: none | fit_scope=none
[2026-05-30 18:48:22]     Phase 1 (new): 2,170/16,010 params
[2026-05-30 18:48:24]     Result | best_epoch=34 | stop=78 | final_phase_epochs=78 | acc=0.2500 | bal_acc=0.2500 | pred_hist=[4, 4] | collapse=False
[2026-05-30 18:48:24]     spatial_conv=[4, 29] top_abs_channels=[('Pz', 0.1503263), ('O2', 0.14441077), ('T4', 0.13244648), ('CP3', 0.13173778), ('T3', 0.12908262), ('P3', 0.12022294), ('O1', 0.1168764), ('T5', 0.11637896)]
[2026-05-30 18:48:24]     spatial_update=delta_l2=0.17707245 max_abs=0.04341477 relative=0.14836660 changed=True
[2026-05-30 18:48:24]   Subject 10: acc=0.4500±0.1275  bal_acc=0.4500±0.1275
[2026-05-30 18:48:24] \nSubject 11: 40 windows | class_counts=[20, 20]

[2026-05-30 18:48:24] Fold 1/5 | subject=11
[2026-05-30 18:48:24]     Train: 32 | counts=[16, 16]
[2026-05-30 18:48:24]     Test:  8 | counts=[4, 4]
[2026-05-30 18:48:24]     Model: SignalJEPA_PreLocal | Pretrained: from_pretrained | Strategy: new
[2026-05-30 18:48:24]     Normalization: none | fit_scope=none
[2026-05-30 18:48:24]     Phase 1 (new): 2,170/16,010 params
[2026-05-30 18:48:26]     Result | best_epoch=48 | stop=98 | final_phase_epochs=98 | acc=0.3750 | bal_acc=0.3750 | pred_hist=[3, 5] | collapse=False
[2026-05-30 18:48:26]     spatial_conv=[4, 29] top_abs_channels=[('O2', 0.17346099), ('T4', 0.15190208), ('Pz', 0.14258626), ('C3', 0.13379203), ('Fz', 0.12538214), ('CP4', 0.11735287), ('FT8', 0.10891271), ('Fp1', 0.10555774)]
[2026-05-30 18:48:26]     spatial_update=delta_l2=0.36493041 max_abs=0.09299606 relative=0.30577023 changed=True

[2026-05-30 18:48:27] Fold 2/5 | subject=11
[2026-05-30 18:48:27]     Train: 32 | counts=[16, 16]
[2026-05-30 18:48:27]     Test:  8 | counts=[4, 4]
[2026-05-30 18:48:27]     Model: SignalJEPA_PreLocal | Pretrained: from_pretrained | Strategy: new
[2026-05-30 18:48:27]     Normalization: none | fit_scope=none
[2026-05-30 18:48:27]     Phase 1 (new): 2,170/16,010 params
[2026-05-30 18:48:29]     Result | best_epoch=79 | stop=120 | final_phase_epochs=120 | acc=0.7500 | bal_acc=0.7500 | pred_hist=[6, 2] | collapse=False
[2026-05-30 18:48:29]     spatial_conv=[4, 29] top_abs_channels=[('T4', 0.1576183), ('O2', 0.14846902), ('Fz', 0.1434409), ('C3', 0.13462047), ('Pz', 0.13389078), ('CP3', 0.12870216), ('O1', 0.12232233), ('T3', 0.10840455)]
[2026-05-30 18:48:29]     spatial_update=delta_l2=0.44511619 max_abs=0.10166072 relative=0.37295681 changed=True

[2026-05-30 18:48:29] Fold 3/5 | subject=11
[2026-05-30 18:48:29]     Train: 32 | counts=[16, 16]
[2026-05-30 18:48:29]     Test:  8 | counts=[4, 4]
[2026-05-30 18:48:29]     Model: SignalJEPA_PreLocal | Pretrained: from_pretrained | Strategy: new
[2026-05-30 18:48:29]     Normalization: none | fit_scope=none
[2026-05-30 18:48:29]     Phase 1 (new): 2,170/16,010 params
[2026-05-30 18:48:32]     Result | best_epoch=80 | stop=130 | final_phase_epochs=130 | acc=0.3750 | bal_acc=0.3750 | pred_hist=[5, 3] | collapse=False
[2026-05-30 18:48:32]     spatial_conv=[4, 29] top_abs_channels=[('O2', 0.15533997), ('T4', 0.15193529), ('CP4', 0.15137856), ('Pz', 0.14815971), ('FT8', 0.14112443), ('Cz', 0.1142361), ('C3', 0.1129102), ('FCz', 0.1077405)]
[2026-05-30 18:48:32]     spatial_update=delta_l2=0.52833094 max_abs=0.12945097 relative=0.44268131 changed=True

[2026-05-30 18:48:32] Fold 4/5 | subject=11
[2026-05-30 18:48:32]     Train: 32 | counts=[16, 16]
[2026-05-30 18:48:32]     Test:  8 | counts=[4, 4]
[2026-05-30 18:48:32]     Model: SignalJEPA_PreLocal | Pretrained: from_pretrained | Strategy: new
[2026-05-30 18:48:32]     Normalization: none | fit_scope=none
[2026-05-30 18:48:32]     Phase 1 (new): 2,170/16,010 params
[2026-05-30 18:48:33]     Result | best_epoch=1 | stop=51 | final_phase_epochs=51 | acc=0.5000 | bal_acc=0.5000 | pred_hist=[0, 8] | collapse=True
[2026-05-30 18:48:33]     spatial_conv=[4, 29] top_abs_channels=[('Pz', 0.15265472), ('O2', 0.14553389), ('T3', 0.125706), ('T4', 0.12314171), ('O1', 0.12183101), ('CP3', 0.1207864), ('C3', 0.11590423), ('CP4', 0.11100307)]
[2026-05-30 18:48:33]     spatial_update=delta_l2=0.01246174 max_abs=0.00231546 relative=0.01044152 changed=True

[2026-05-30 18:48:33] Fold 5/5 | subject=11
[2026-05-30 18:48:33]     Train: 32 | counts=[16, 16]
[2026-05-30 18:48:33]     Test:  8 | counts=[4, 4]
[2026-05-30 18:48:33]     Model: SignalJEPA_PreLocal | Pretrained: from_pretrained | Strategy: new
[2026-05-30 18:48:33]     Normalization: none | fit_scope=none
[2026-05-30 18:48:33]     Phase 1 (new): 2,170/16,010 params
[2026-05-30 18:48:34]     Result | best_epoch=1 | stop=51 | final_phase_epochs=51 | acc=0.5000 | bal_acc=0.5000 | pred_hist=[0, 8] | collapse=True
[2026-05-30 18:48:34]     spatial_conv=[4, 29] top_abs_channels=[('Pz', 0.15250906), ('O2', 0.14495119), ('T3', 0.12597586), ('T4', 0.12241875), ('O1', 0.12164703), ('CP3', 0.12116592), ('C3', 0.11610169), ('CP4', 0.11115573)]
[2026-05-30 18:48:34]     spatial_update=delta_l2=0.01343493 max_abs=0.00213161 relative=0.01125695 changed=True
[2026-05-30 18:48:34]   Subject 11: acc=0.5000±0.1369  bal_acc=0.5000±0.1369
[2026-05-30 18:48:34] \nSubject 12: 40 windows | class_counts=[20, 20]

[2026-05-30 18:48:35] Fold 1/5 | subject=12
[2026-05-30 18:48:35]     Train: 32 | counts=[16, 16]
[2026-05-30 18:48:35]     Test:  8 | counts=[4, 4]
[2026-05-30 18:48:35]     Model: SignalJEPA_PreLocal | Pretrained: from_pretrained | Strategy: new
[2026-05-30 18:48:35]     Normalization: none | fit_scope=none
[2026-05-30 18:48:35]     Phase 1 (new): 2,170/16,010 params
[2026-05-30 18:48:37]     Result | best_epoch=53 | stop=102 | final_phase_epochs=102 | acc=0.2500 | bal_acc=0.2500 | pred_hist=[6, 2] | collapse=False
[2026-05-30 18:48:37]     spatial_conv=[4, 29] top_abs_channels=[('O2', 0.17790441), ('CP3', 0.16599365), ('Fz', 0.14045094), ('T3', 0.1355568), ('Pz', 0.12924832), ('FCz', 0.12167214), ('CP4', 0.12024787), ('F7', 0.10548102)]
[2026-05-30 18:48:37]     spatial_update=delta_l2=0.42063191 max_abs=0.10393682 relative=0.35244176 changed=True

[2026-05-30 18:48:37] Fold 2/5 | subject=12
[2026-05-30 18:48:37]     Train: 32 | counts=[16, 16]
[2026-05-30 18:48:37]     Test:  8 | counts=[4, 4]
[2026-05-30 18:48:37]     Model: SignalJEPA_PreLocal | Pretrained: from_pretrained | Strategy: new
[2026-05-30 18:48:37]     Normalization: none | fit_scope=none
[2026-05-30 18:48:37]     Phase 1 (new): 2,170/16,010 params
[2026-05-30 18:48:38]     Result | best_epoch=1 | stop=51 | final_phase_epochs=51 | acc=0.5000 | bal_acc=0.5000 | pred_hist=[0, 8] | collapse=True
[2026-05-30 18:48:38]     spatial_conv=[4, 29] top_abs_channels=[('Pz', 0.15257908), ('O2', 0.14488505), ('T3', 0.12641042), ('T4', 0.12299393), ('CP3', 0.12136117), ('O1', 0.12135214), ('C3', 0.11526054), ('CP4', 0.11171672)]
[2026-05-30 18:48:38]     spatial_update=delta_l2=0.01159785 max_abs=0.00221701 relative=0.00971768 changed=True

[2026-05-30 18:48:39] Fold 3/5 | subject=12
[2026-05-30 18:48:39]     Train: 32 | counts=[16, 16]
[2026-05-30 18:48:39]     Test:  8 | counts=[4, 4]
[2026-05-30 18:48:39]     Model: SignalJEPA_PreLocal | Pretrained: from_pretrained | Strategy: new
[2026-05-30 18:48:39]     Normalization: none | fit_scope=none
[2026-05-30 18:48:39]     Phase 1 (new): 2,170/16,010 params
[2026-05-30 18:48:39]     Result | best_epoch=1 | stop=51 | final_phase_epochs=51 | acc=0.5000 | bal_acc=0.5000 | pred_hist=[0, 8] | collapse=True
[2026-05-30 18:48:39]     spatial_conv=[4, 29] top_abs_channels=[('Pz', 0.15251614), ('O2', 0.14489332), ('T3', 0.12644167), ('T4', 0.12165932), ('O1', 0.12114966), ('CP3', 0.1210207), ('C3', 0.11589661), ('CP4', 0.11164251)]
[2026-05-30 18:48:39]     spatial_update=delta_l2=0.01219189 max_abs=0.00220386 relative=0.01021542 changed=True

[2026-05-30 18:48:40] Fold 4/5 | subject=12
[2026-05-30 18:48:40]     Train: 32 | counts=[16, 16]
[2026-05-30 18:48:40]     Test:  8 | counts=[4, 4]
[2026-05-30 18:48:40]     Model: SignalJEPA_PreLocal | Pretrained: from_pretrained | Strategy: new
[2026-05-30 18:48:40]     Normalization: none | fit_scope=none
[2026-05-30 18:48:40]     Phase 1 (new): 2,170/16,010 params
[2026-05-30 18:48:41]     Result | best_epoch=1 | stop=51 | final_phase_epochs=51 | acc=0.5000 | bal_acc=0.5000 | pred_hist=[0, 8] | collapse=True
[2026-05-30 18:48:41]     spatial_conv=[4, 29] top_abs_channels=[('Pz', 0.15298378), ('O2', 0.14478883), ('T3', 0.12593882), ('T4', 0.12244309), ('O1', 0.12191394), ('CP3', 0.12150867), ('C3', 0.11560576), ('CP4', 0.11196423)]
[2026-05-30 18:48:41]     spatial_update=delta_l2=0.01203054 max_abs=0.00220604 relative=0.01008023 changed=True

[2026-05-30 18:48:41] Fold 5/5 | subject=12
[2026-05-30 18:48:41]     Train: 32 | counts=[16, 16]
[2026-05-30 18:48:41]     Test:  8 | counts=[4, 4]
[2026-05-30 18:48:41]     Model: SignalJEPA_PreLocal | Pretrained: from_pretrained | Strategy: new
[2026-05-30 18:48:41]     Normalization: none | fit_scope=none
[2026-05-30 18:48:41]     Phase 1 (new): 2,170/16,010 params
[2026-05-30 18:48:42]     Result | best_epoch=1 | stop=51 | final_phase_epochs=51 | acc=0.5000 | bal_acc=0.5000 | pred_hist=[0, 8] | collapse=True
[2026-05-30 18:48:42]     spatial_conv=[4, 29] top_abs_channels=[('Pz', 0.15261264), ('O2', 0.14489715), ('T3', 0.12652618), ('T4', 0.12206101), ('O1', 0.12176464), ('CP3', 0.12131318), ('C3', 0.11533135), ('CP4', 0.11188378)]
[2026-05-30 18:48:42]     spatial_update=delta_l2=0.01107440 max_abs=0.00216321 relative=0.00927909 changed=True
[2026-05-30 18:48:42]   Subject 12: acc=0.4500±0.1000  bal_acc=0.4500±0.1000
[2026-05-30 18:48:42] \nSubject 13: 40 windows | class_counts=[20, 20]

[2026-05-30 18:48:43] Fold 1/5 | subject=13
[2026-05-30 18:48:43]     Train: 32 | counts=[16, 16]
[2026-05-30 18:48:43]     Test:  8 | counts=[4, 4]
[2026-05-30 18:48:43]     Model: SignalJEPA_PreLocal | Pretrained: from_pretrained | Strategy: new
[2026-05-30 18:48:43]     Normalization: none | fit_scope=none
[2026-05-30 18:48:43]     Phase 1 (new): 2,170/16,010 params
[2026-05-30 18:48:44]     Result | best_epoch=1 | stop=51 | final_phase_epochs=51 | acc=0.5000 | bal_acc=0.5000 | pred_hist=[0, 8] | collapse=True
[2026-05-30 18:48:44]     spatial_conv=[4, 29] top_abs_channels=[('Pz', 0.15316983), ('O2', 0.14352334), ('T3', 0.12805033), ('T4', 0.12238871), ('CP3', 0.12159031), ('O1', 0.12112933), ('C3', 0.11570314), ('CP4', 0.11121182)]
[2026-05-30 18:48:44]     spatial_update=delta_l2=0.01543796 max_abs=0.00237987 relative=0.01293526 changed=True

[2026-05-30 18:48:44] Fold 2/5 | subject=13
[2026-05-30 18:48:44]     Train: 32 | counts=[16, 16]
[2026-05-30 18:48:44]     Test:  8 | counts=[4, 4]
[2026-05-30 18:48:44]     Model: SignalJEPA_PreLocal | Pretrained: from_pretrained | Strategy: new
[2026-05-30 18:48:44]     Normalization: none | fit_scope=none
[2026-05-30 18:48:44]     Phase 1 (new): 2,170/16,010 params
[2026-05-30 18:48:46]     Result | best_epoch=33 | stop=83 | final_phase_epochs=83 | acc=0.7500 | bal_acc=0.7500 | pred_hist=[6, 2] | collapse=False
[2026-05-30 18:48:46]     spatial_conv=[4, 29] top_abs_channels=[('Pz', 0.17137159), ('FCz', 0.13700832), ('Fz', 0.13414262), ('P3', 0.13412879), ('O2', 0.13237849), ('T3', 0.12885608), ('C3', 0.11901483), ('O1', 0.11552005)]
[2026-05-30 18:48:46]     spatial_update=delta_l2=0.44371557 max_abs=0.08782561 relative=0.37178324 changed=True

[2026-05-30 18:48:46] Fold 3/5 | subject=13
[2026-05-30 18:48:46]     Train: 32 | counts=[16, 16]
[2026-05-30 18:48:46]     Test:  8 | counts=[4, 4]
[2026-05-30 18:48:46]     Model: SignalJEPA_PreLocal | Pretrained: from_pretrained | Strategy: new
[2026-05-30 18:48:46]     Normalization: none | fit_scope=none
[2026-05-30 18:48:46]     Phase 1 (new): 2,170/16,010 params
[2026-05-30 18:48:48]     Result | best_epoch=73 | stop=122 | final_phase_epochs=122 | acc=0.7500 | bal_acc=0.7500 | pred_hist=[4, 4] | collapse=False
[2026-05-30 18:48:48]     spatial_conv=[4, 29] top_abs_channels=[('T3', 0.15879536), ('FCz', 0.14967808), ('O2', 0.14037451), ('P3', 0.13974476), ('Pz', 0.13739331), ('Fz', 0.13063264), ('C4', 0.12263261), ('F4', 0.11729021)]
[2026-05-30 18:48:48]     spatial_update=delta_l2=0.67599825 max_abs=0.15632354 relative=0.56640974 changed=True

[2026-05-30 18:48:49] Fold 4/5 | subject=13
[2026-05-30 18:48:49]     Train: 32 | counts=[16, 16]
[2026-05-30 18:48:49]     Test:  8 | counts=[4, 4]
[2026-05-30 18:48:49]     Model: SignalJEPA_PreLocal | Pretrained: from_pretrained | Strategy: new
[2026-05-30 18:48:49]     Normalization: none | fit_scope=none
[2026-05-30 18:48:49]     Phase 1 (new): 2,170/16,010 params
[2026-05-30 18:48:51]     Result | best_epoch=59 | stop=109 | final_phase_epochs=109 | acc=0.7500 | bal_acc=0.7500 | pred_hist=[2, 6] | collapse=False
[2026-05-30 18:48:51]     spatial_conv=[4, 29] top_abs_channels=[('Pz', 0.17213532), ('T3', 0.16360784), ('FCz', 0.14625765), ('O2', 0.13805546), ('Fz', 0.13748117), ('C3', 0.12840624), ('TP8', 0.12651739), ('P4', 0.12531735)]
[2026-05-30 18:48:51]     spatial_update=delta_l2=0.55174483 max_abs=0.11770723 relative=0.46229949 changed=True

[2026-05-30 18:48:51] Fold 5/5 | subject=13
[2026-05-30 18:48:51]     Train: 32 | counts=[16, 16]
[2026-05-30 18:48:51]     Test:  8 | counts=[4, 4]
[2026-05-30 18:48:51]     Model: SignalJEPA_PreLocal | Pretrained: from_pretrained | Strategy: new
[2026-05-30 18:48:51]     Normalization: none | fit_scope=none
[2026-05-30 18:48:51]     Phase 1 (new): 2,170/16,010 params
[2026-05-30 18:48:52]     Result | best_epoch=1 | stop=51 | final_phase_epochs=51 | acc=0.5000 | bal_acc=0.5000 | pred_hist=[0, 8] | collapse=True
[2026-05-30 18:48:52]     spatial_conv=[4, 29] top_abs_channels=[('Pz', 0.15308212), ('O2', 0.1438621), ('T3', 0.12733957), ('T4', 0.12192531), ('O1', 0.12132188), ('CP3', 0.12131628), ('C3', 0.11538181), ('CP4', 0.11038875)]
[2026-05-30 18:48:52]     spatial_update=delta_l2=0.01285066 max_abs=0.00233809 relative=0.01076739 changed=True
[2026-05-30 18:48:52]   Subject 13: acc=0.6500±0.1225  bal_acc=0.6500±0.1225
[2026-05-30 18:48:52] \nSubject 14: 40 windows | class_counts=[20, 20]

[2026-05-30 18:48:53] Fold 1/5 | subject=14
[2026-05-30 18:48:53]     Train: 32 | counts=[16, 16]
[2026-05-30 18:48:53]     Test:  8 | counts=[4, 4]
[2026-05-30 18:48:53]     Model: SignalJEPA_PreLocal | Pretrained: from_pretrained | Strategy: new
[2026-05-30 18:48:53]     Normalization: none | fit_scope=none
[2026-05-30 18:48:53]     Phase 1 (new): 2,170/16,010 params
[2026-05-30 18:48:59]     Result | best_epoch=309 | stop=359 | final_phase_epochs=359 | acc=0.5000 | bal_acc=0.5000 | pred_hist=[6, 2] | collapse=False
[2026-05-30 18:48:59]     spatial_conv=[4, 29] top_abs_channels=[('TP7', 0.21785043), ('Pz', 0.13288787), ('O1', 0.12829946), ('TP8', 0.12371588), ('FT8', 0.12099209), ('P4', 0.11639978), ('T3', 0.11626905), ('C4', 0.11330104)]
[2026-05-30 18:48:59]     spatial_update=delta_l2=0.94325950 max_abs=0.36137555 relative=0.79034432 changed=True

[2026-05-30 18:48:59] Fold 2/5 | subject=14
[2026-05-30 18:48:59]     Train: 32 | counts=[16, 16]
[2026-05-30 18:48:59]     Test:  8 | counts=[4, 4]
[2026-05-30 18:48:59]     Model: SignalJEPA_PreLocal | Pretrained: from_pretrained | Strategy: new
[2026-05-30 18:48:59]     Normalization: none | fit_scope=none
[2026-05-30 18:48:59]     Phase 1 (new): 2,170/16,010 params
[2026-05-30 18:49:05]     Result | best_epoch=277 | stop=327 | final_phase_epochs=327 | acc=0.6250 | bal_acc=0.6250 | pred_hist=[7, 1] | collapse=False
[2026-05-30 18:49:05]     spatial_conv=[4, 29] top_abs_channels=[('T4', 0.1366535), ('C3', 0.1311717), ('TP7', 0.12507531), ('T6', 0.12191293), ('P3', 0.12093112), ('O1', 0.11322359), ('FT7', 0.11120169), ('F3', 0.10930016)]
[2026-05-30 18:49:05]     spatial_update=delta_l2=0.92928374 max_abs=0.29035231 relative=0.77863421 changed=True

[2026-05-30 18:49:06] Fold 3/5 | subject=14
[2026-05-30 18:49:06]     Train: 32 | counts=[16, 16]
[2026-05-30 18:49:06]     Test:  8 | counts=[4, 4]
[2026-05-30 18:49:06]     Model: SignalJEPA_PreLocal | Pretrained: from_pretrained | Strategy: new
[2026-05-30 18:49:06]     Normalization: none | fit_scope=none
[2026-05-30 18:49:06]     Phase 1 (new): 2,170/16,010 params
[2026-05-30 18:49:15]     Result | best_epoch=494 | stop=544 | final_phase_epochs=544 | acc=0.6250 | bal_acc=0.6250 | pred_hist=[3, 5] | collapse=False
[2026-05-30 18:49:15]     spatial_conv=[4, 29] top_abs_channels=[('TP7', 0.19099928), ('P3', 0.17257582), ('T5', 0.15852293), ('C4', 0.14270635), ('Oz', 0.13603099), ('O1', 0.11745992), ('CP4', 0.11711496), ('T3', 0.11128652)]
[2026-05-30 18:49:15]     spatial_update=delta_l2=1.10496501 max_abs=0.29946040 relative=0.92583516 changed=True

[2026-05-30 18:49:16] Fold 4/5 | subject=14
[2026-05-30 18:49:16]     Train: 32 | counts=[16, 16]
[2026-05-30 18:49:16]     Test:  8 | counts=[4, 4]
[2026-05-30 18:49:16]     Model: SignalJEPA_PreLocal | Pretrained: from_pretrained | Strategy: new
[2026-05-30 18:49:16]     Normalization: none | fit_scope=none
[2026-05-30 18:49:16]     Phase 1 (new): 2,170/16,010 params
[2026-05-30 18:49:20]     Result | best_epoch=167 | stop=217 | final_phase_epochs=217 | acc=0.5000 | bal_acc=0.5000 | pred_hist=[8, 0] | collapse=True
[2026-05-30 18:49:20]     spatial_conv=[4, 29] top_abs_channels=[('Pz', 0.16693634), ('TP8', 0.15116811), ('O2', 0.14058852), ('TP7', 0.13459335), ('Oz', 0.1285125), ('F7', 0.12548772), ('T3', 0.12525368), ('O1', 0.11227719)]
[2026-05-30 18:49:20]     spatial_update=delta_l2=0.70784837 max_abs=0.17584019 relative=0.59309652 changed=True

[2026-05-30 18:49:20] Fold 5/5 | subject=14
[2026-05-30 18:49:20]     Train: 32 | counts=[16, 16]
[2026-05-30 18:49:20]     Test:  8 | counts=[4, 4]
[2026-05-30 18:49:20]     Model: SignalJEPA_PreLocal | Pretrained: from_pretrained | Strategy: new
[2026-05-30 18:49:20]     Normalization: none | fit_scope=none
[2026-05-30 18:49:20]     Phase 1 (new): 2,170/16,010 params
[2026-05-30 18:49:28]     Result | best_epoch=381 | stop=431 | final_phase_epochs=431 | acc=0.5000 | bal_acc=0.5000 | pred_hist=[4, 4] | collapse=False
[2026-05-30 18:49:28]     spatial_conv=[4, 29] top_abs_channels=[('CP3', 0.22566916), ('TP7', 0.22526997), ('C3', 0.20576587), ('CP4', 0.12894402), ('T4', 0.12809302), ('T6', 0.11940648), ('FT8', 0.11585367), ('Fz', 0.09809276)]
[2026-05-30 18:49:28]     spatial_update=delta_l2=1.08683901 max_abs=0.32956306 relative=0.91064763 changed=True
[2026-05-30 18:49:28]   Subject 14: acc=0.5500±0.0612  bal_acc=0.5500±0.0612
[2026-05-30 18:49:28] \nSubject 15: 40 windows | class_counts=[20, 20]

[2026-05-30 18:49:28] Fold 1/5 | subject=15
[2026-05-30 18:49:28]     Train: 32 | counts=[16, 16]
[2026-05-30 18:49:28]     Test:  8 | counts=[4, 4]
[2026-05-30 18:49:28]     Model: SignalJEPA_PreLocal | Pretrained: from_pretrained | Strategy: new
[2026-05-30 18:49:28]     Normalization: none | fit_scope=none
[2026-05-30 18:49:28]     Phase 1 (new): 2,170/16,010 params
[2026-05-30 18:49:47]     Result | best_epoch=988 | stop=1038 | final_phase_epochs=1038 | acc=0.6250 | bal_acc=0.6250 | pred_hist=[3, 5] | collapse=False
[2026-05-30 18:49:47]     spatial_conv=[4, 29] top_abs_channels=[('C3', 0.20467302), ('T3', 0.18872547), ('TP8', 0.1471495), ('Fp1', 0.12670749), ('Cz', 0.11877988), ('FT7', 0.11721525), ('F3', 0.1136152), ('Pz', 0.11161636)]
[2026-05-30 18:49:47]     spatial_update=delta_l2=1.25427153 max_abs=0.37602653 relative=1.05093707 changed=True

[2026-05-30 18:49:47] Fold 2/5 | subject=15
[2026-05-30 18:49:47]     Train: 32 | counts=[16, 16]
[2026-05-30 18:49:47]     Test:  8 | counts=[4, 4]
[2026-05-30 18:49:47]     Model: SignalJEPA_PreLocal | Pretrained: from_pretrained | Strategy: new
[2026-05-30 18:49:47]     Normalization: none | fit_scope=none
[2026-05-30 18:49:47]     Phase 1 (new): 2,170/16,010 params
[2026-05-30 18:49:48]     Result | best_epoch=1 | stop=51 | final_phase_epochs=51 | acc=0.5000 | bal_acc=0.5000 | pred_hist=[0, 8] | collapse=True
[2026-05-30 18:49:48]     spatial_conv=[4, 29] top_abs_channels=[('Pz', 0.15215406), ('O2', 0.14471574), ('T3', 0.12632585), ('T4', 0.12277356), ('CP3', 0.12071392), ('O1', 0.12034979), ('C3', 0.11510685), ('Fp1', 0.11109173)]
[2026-05-30 18:49:48]     spatial_update=delta_l2=0.01325794 max_abs=0.00218721 relative=0.01110865 changed=True

[2026-05-30 18:49:48] Fold 3/5 | subject=15
[2026-05-30 18:49:48]     Train: 32 | counts=[16, 16]
[2026-05-30 18:49:48]     Test:  8 | counts=[4, 4]
[2026-05-30 18:49:48]     Model: SignalJEPA_PreLocal | Pretrained: from_pretrained | Strategy: new
[2026-05-30 18:49:48]     Normalization: none | fit_scope=none
[2026-05-30 18:49:48]     Phase 1 (new): 2,170/16,010 params
[2026-05-30 18:50:05]     Result | best_epoch=876 | stop=924 | final_phase_epochs=924 | acc=0.3750 | bal_acc=0.3750 | pred_hist=[5, 3] | collapse=False
[2026-05-30 18:50:05]     spatial_conv=[4, 29] top_abs_channels=[('FC3', 0.20960519), ('CP3', 0.20702173), ('T5', 0.18140559), ('C4', 0.15326743), ('TP8', 0.11979952), ('T3', 0.1141038), ('Fp1', 0.10896211), ('Oz', 0.10525814)]
[2026-05-30 18:50:05]     spatial_update=delta_l2=1.16422278 max_abs=0.28475097 relative=0.97548644 changed=True

[2026-05-30 18:50:05] Fold 4/5 | subject=15
[2026-05-30 18:50:05]     Train: 32 | counts=[16, 16]
[2026-05-30 18:50:05]     Test:  8 | counts=[4, 4]
[2026-05-30 18:50:05]     Model: SignalJEPA_PreLocal | Pretrained: from_pretrained | Strategy: new
[2026-05-30 18:50:05]     Normalization: none | fit_scope=none
[2026-05-30 18:50:05]     Phase 1 (new): 2,170/16,010 params
[2026-05-30 18:50:08]     Result | best_epoch=67 | stop=116 | final_phase_epochs=116 | acc=0.6250 | bal_acc=0.6250 | pred_hist=[5, 3] | collapse=False
[2026-05-30 18:50:08]     spatial_conv=[4, 29] top_abs_channels=[('T5', 0.17381534), ('Fp1', 0.16008398), ('C3', 0.15477175), ('T3', 0.14163238), ('TP8', 0.13374984), ('Pz', 0.12107705), ('F3', 0.11029747), ('FT7', 0.10749491)]
[2026-05-30 18:50:08]     spatial_update=delta_l2=0.67298298 max_abs=0.14706230 relative=0.56388329 changed=True

[2026-05-30 18:50:08] Fold 5/5 | subject=15
[2026-05-30 18:50:08]     Train: 32 | counts=[16, 16]
[2026-05-30 18:50:08]     Test:  8 | counts=[4, 4]
[2026-05-30 18:50:08]     Model: SignalJEPA_PreLocal | Pretrained: from_pretrained | Strategy: new
[2026-05-30 18:50:08]     Normalization: none | fit_scope=none
[2026-05-30 18:50:08]     Phase 1 (new): 2,170/16,010 params
[2026-05-30 18:50:09]     Result | best_epoch=1 | stop=51 | final_phase_epochs=51 | acc=0.5000 | bal_acc=0.5000 | pred_hist=[0, 8] | collapse=True
[2026-05-30 18:50:09]     spatial_conv=[4, 29] top_abs_channels=[('Pz', 0.15194902), ('O2', 0.14354156), ('T3', 0.12720998), ('T4', 0.12290345), ('O1', 0.12187774), ('CP3', 0.1208576), ('C3', 0.11510545), ('CP4', 0.10968387)]
[2026-05-30 18:50:09]     spatial_update=delta_l2=0.01259668 max_abs=0.00219376 relative=0.01055459 changed=True
[2026-05-30 18:50:09]   Subject 15: acc=0.5250±0.0935  bal_acc=0.5250±0.0935
[2026-05-30 18:50:09] \nSubject 16: 40 windows | class_counts=[20, 20]

[2026-05-30 18:50:09] Fold 1/5 | subject=16
[2026-05-30 18:50:09]     Train: 32 | counts=[16, 16]
[2026-05-30 18:50:09]     Test:  8 | counts=[4, 4]
[2026-05-30 18:50:09]     Model: SignalJEPA_PreLocal | Pretrained: from_pretrained | Strategy: new
[2026-05-30 18:50:09]     Normalization: none | fit_scope=none
[2026-05-30 18:50:09]     Phase 1 (new): 2,170/16,010 params
[2026-05-30 18:50:10]     Result | best_epoch=1 | stop=51 | final_phase_epochs=51 | acc=0.5000 | bal_acc=0.5000 | pred_hist=[0, 8] | collapse=True
[2026-05-30 18:50:10]     spatial_conv=[4, 29] top_abs_channels=[('Pz', 0.15326357), ('O2', 0.14349508), ('T3', 0.12636699), ('O1', 0.12242632), ('T4', 0.12167454), ('CP3', 0.12117231), ('C3', 0.11554879), ('CP4', 0.11092407)]
[2026-05-30 18:50:10]     spatial_update=delta_l2=0.01259209 max_abs=0.00234640 relative=0.01055074 changed=True

[2026-05-30 18:50:11] Fold 2/5 | subject=16
[2026-05-30 18:50:11]     Train: 32 | counts=[16, 16]
[2026-05-30 18:50:11]     Test:  8 | counts=[4, 4]
[2026-05-30 18:50:11]     Model: SignalJEPA_PreLocal | Pretrained: from_pretrained | Strategy: new
[2026-05-30 18:50:11]     Normalization: none | fit_scope=none
[2026-05-30 18:50:11]     Phase 1 (new): 2,170/16,010 params
[2026-05-30 18:50:12]     Result | best_epoch=1 | stop=51 | final_phase_epochs=51 | acc=0.5000 | bal_acc=0.5000 | pred_hist=[0, 8] | collapse=True
[2026-05-30 18:50:12]     spatial_conv=[4, 29] top_abs_channels=[('Pz', 0.15357101), ('O2', 0.14378193), ('T3', 0.1263504), ('T4', 0.12251246), ('O1', 0.12181881), ('CP3', 0.12160565), ('C3', 0.116139), ('CP4', 0.1104943)]
[2026-05-30 18:50:12]     spatial_update=delta_l2=0.01005331 max_abs=0.00226336 relative=0.00842353 changed=True

[2026-05-30 18:50:12] Fold 3/5 | subject=16
[2026-05-30 18:50:12]     Train: 32 | counts=[16, 16]
[2026-05-30 18:50:12]     Test:  8 | counts=[4, 4]
[2026-05-30 18:50:12]     Model: SignalJEPA_PreLocal | Pretrained: from_pretrained | Strategy: new
[2026-05-30 18:50:12]     Normalization: none | fit_scope=none
[2026-05-30 18:50:12]     Phase 1 (new): 2,170/16,010 params
[2026-05-30 18:50:13]     Result | best_epoch=1 | stop=51 | final_phase_epochs=51 | acc=0.5000 | bal_acc=0.5000 | pred_hist=[0, 8] | collapse=True
[2026-05-30 18:50:13]     spatial_conv=[4, 29] top_abs_channels=[('Pz', 0.15348175), ('O2', 0.14395714), ('T3', 0.12670153), ('T4', 0.12297404), ('O1', 0.12276088), ('CP3', 0.12159327), ('C3', 0.11504155), ('CP4', 0.11184794)]
[2026-05-30 18:50:13]     spatial_update=delta_l2=0.01159484 max_abs=0.00212970 relative=0.00971516 changed=True

[2026-05-30 18:50:14] Fold 4/5 | subject=16
[2026-05-30 18:50:14]     Train: 32 | counts=[16, 16]
[2026-05-30 18:50:14]     Test:  8 | counts=[4, 4]
[2026-05-30 18:50:14]     Model: SignalJEPA_PreLocal | Pretrained: from_pretrained | Strategy: new
[2026-05-30 18:50:14]     Normalization: none | fit_scope=none
[2026-05-30 18:50:14]     Phase 1 (new): 2,170/16,010 params
[2026-05-30 18:50:14]     Result | best_epoch=1 | stop=51 | final_phase_epochs=51 | acc=0.5000 | bal_acc=0.5000 | pred_hist=[0, 8] | collapse=True
[2026-05-30 18:50:14]     spatial_conv=[4, 29] top_abs_channels=[('Pz', 0.1534535), ('O2', 0.14367023), ('T3', 0.12679558), ('O1', 0.12254465), ('T4', 0.12152706), ('CP3', 0.12130746), ('C3', 0.11527818), ('CP4', 0.11136436)]
[2026-05-30 18:50:14]     spatial_update=delta_l2=0.01366178 max_abs=0.00218753 relative=0.01144702 changed=True

[2026-05-30 18:50:15] Fold 5/5 | subject=16
[2026-05-30 18:50:15]     Train: 32 | counts=[16, 16]
[2026-05-30 18:50:15]     Test:  8 | counts=[4, 4]
[2026-05-30 18:50:15]     Model: SignalJEPA_PreLocal | Pretrained: from_pretrained | Strategy: new
[2026-05-30 18:50:15]     Normalization: none | fit_scope=none
[2026-05-30 18:50:15]     Phase 1 (new): 2,170/16,010 params
[2026-05-30 18:50:16]     Result | best_epoch=1 | stop=51 | final_phase_epochs=51 | acc=0.5000 | bal_acc=0.5000 | pred_hist=[0, 8] | collapse=True
[2026-05-30 18:50:16]     spatial_conv=[4, 29] top_abs_channels=[('Pz', 0.1539336), ('O2', 0.14380744), ('T3', 0.12719761), ('O1', 0.12221517), ('T4', 0.12185051), ('CP3', 0.12118994), ('C3', 0.11537705), ('CP4', 0.11044594)]
[2026-05-30 18:50:16]     spatial_update=delta_l2=0.01155516 max_abs=0.00229502 relative=0.00968191 changed=True
[2026-05-30 18:50:16]   Subject 16: acc=0.5000±0.0000  bal_acc=0.5000±0.0000
[2026-05-30 18:50:16] \nSubject 17: 40 windows | class_counts=[20, 20]

[2026-05-30 18:50:16] Fold 1/5 | subject=17
[2026-05-30 18:50:16]     Train: 32 | counts=[16, 16]
[2026-05-30 18:50:16]     Test:  8 | counts=[4, 4]
[2026-05-30 18:50:16]     Model: SignalJEPA_PreLocal | Pretrained: from_pretrained | Strategy: new
[2026-05-30 18:50:16]     Normalization: none | fit_scope=none
[2026-05-30 18:50:16]     Phase 1 (new): 2,170/16,010 params
[2026-05-30 18:50:18]     Result | best_epoch=21 | stop=71 | final_phase_epochs=71 | acc=0.5000 | bal_acc=0.5000 | pred_hist=[4, 4] | collapse=False
[2026-05-30 18:50:18]     spatial_conv=[4, 29] top_abs_channels=[('Pz', 0.14780077), ('O2', 0.14720277), ('T3', 0.1332707), ('T4', 0.11602752), ('CP3', 0.11489317), ('T5', 0.11427301), ('FCz', 0.1128275), ('CP4', 0.11279237)]
[2026-05-30 18:50:18]     spatial_update=delta_l2=0.15684721 max_abs=0.03352474 relative=0.13142014 changed=True

[2026-05-30 18:50:18] Fold 2/5 | subject=17
[2026-05-30 18:50:18]     Train: 32 | counts=[16, 16]
[2026-05-30 18:50:18]     Test:  8 | counts=[4, 4]
[2026-05-30 18:50:18]     Model: SignalJEPA_PreLocal | Pretrained: from_pretrained | Strategy: new
[2026-05-30 18:50:18]     Normalization: none | fit_scope=none
[2026-05-30 18:50:18]     Phase 1 (new): 2,170/16,010 params
[2026-05-30 18:50:19]     Result | best_epoch=1 | stop=51 | final_phase_epochs=51 | acc=0.5000 | bal_acc=0.5000 | pred_hist=[0, 8] | collapse=True
[2026-05-30 18:50:19]     spatial_conv=[4, 29] top_abs_channels=[('Pz', 0.15287673), ('O2', 0.14473507), ('T3', 0.12639453), ('T4', 0.1221335), ('O1', 0.1212706), ('CP3', 0.12074012), ('C3', 0.11497709), ('CP4', 0.11142496)]
[2026-05-30 18:50:19]     spatial_update=delta_l2=0.01310271 max_abs=0.00226544 relative=0.01097858 changed=True

[2026-05-30 18:50:19] Fold 3/5 | subject=17
[2026-05-30 18:50:19]     Train: 32 | counts=[16, 16]
[2026-05-30 18:50:19]     Test:  8 | counts=[4, 4]
[2026-05-30 18:50:19]     Model: SignalJEPA_PreLocal | Pretrained: from_pretrained | Strategy: new
[2026-05-30 18:50:19]     Normalization: none | fit_scope=none
[2026-05-30 18:50:19]     Phase 1 (new): 2,170/16,010 params
[2026-05-30 18:51:13]     Result | best_epoch=2922 | stop=2972 | final_phase_epochs=2972 | acc=0.6250 | bal_acc=0.6250 | pred_hist=[7, 1] | collapse=False
[2026-05-30 18:51:13]     spatial_conv=[4, 29] top_abs_channels=[('CP4', 0.25437301), ('FC3', 0.25349694), ('C4', 0.23025185), ('P4', 0.13169625), ('Pz', 0.12320533), ('FCz', 0.11497484), ('F3', 0.11456962), ('T5', 0.10553966)]
[2026-05-30 18:51:13]     spatial_update=delta_l2=1.60099214 max_abs=0.45609313 relative=1.34144955 changed=True

[2026-05-30 18:51:13] Fold 4/5 | subject=17
[2026-05-30 18:51:13]     Train: 32 | counts=[16, 16]
[2026-05-30 18:51:13]     Test:  8 | counts=[4, 4]
[2026-05-30 18:51:13]     Model: SignalJEPA_PreLocal | Pretrained: from_pretrained | Strategy: new
[2026-05-30 18:51:13]     Normalization: none | fit_scope=none
[2026-05-30 18:51:13]     Phase 1 (new): 2,170/16,010 params
[2026-05-30 18:51:19]     Result | best_epoch=297 | stop=347 | final_phase_epochs=347 | acc=0.5000 | bal_acc=0.5000 | pred_hist=[4, 4] | collapse=False
[2026-05-30 18:51:19]     spatial_conv=[4, 29] top_abs_channels=[('C4', 0.1728175), ('FCz', 0.14910546), ('T3', 0.14233838), ('CP4', 0.13829942), ('T4', 0.12834623), ('FT7', 0.12492335), ('TP7', 0.11973448), ('O2', 0.10635125)]
[2026-05-30 18:51:19]     spatial_update=delta_l2=1.00512485 max_abs=0.34390946 relative=0.84218045 changed=True

[2026-05-30 18:51:20] Fold 5/5 | subject=17
[2026-05-30 18:51:20]     Train: 32 | counts=[16, 16]
[2026-05-30 18:51:20]     Test:  8 | counts=[4, 4]
[2026-05-30 18:51:20]     Model: SignalJEPA_PreLocal | Pretrained: from_pretrained | Strategy: new
[2026-05-30 18:51:20]     Normalization: none | fit_scope=none
[2026-05-30 18:51:20]     Phase 1 (new): 2,170/16,010 params
[2026-05-30 18:51:21]     Result | best_epoch=22 | stop=72 | final_phase_epochs=72 | acc=0.3750 | bal_acc=0.3750 | pred_hist=[7, 1] | collapse=False
[2026-05-30 18:51:21]     spatial_conv=[4, 29] top_abs_channels=[('Pz', 0.14584079), ('T3', 0.14109865), ('O2', 0.1394611), ('T4', 0.12664987), ('C3', 0.12079412), ('O1', 0.11422135), ('CP4', 0.11390485), ('CP3', 0.1137052)]
[2026-05-30 18:51:21]     spatial_update=delta_l2=0.16996018 max_abs=0.03734088 relative=0.14240732 changed=True
[2026-05-30 18:51:21]   Subject 17: acc=0.5000±0.0791  bal_acc=0.5000±0.0791
[2026-05-30 18:51:21] \nSubject 18: 40 windows | class_counts=[20, 20]

[2026-05-30 18:51:22] Fold 1/5 | subject=18
[2026-05-30 18:51:22]     Train: 32 | counts=[16, 16]
[2026-05-30 18:51:22]     Test:  8 | counts=[4, 4]
[2026-05-30 18:51:22]     Model: SignalJEPA_PreLocal | Pretrained: from_pretrained | Strategy: new
[2026-05-30 18:51:22]     Normalization: none | fit_scope=none
[2026-05-30 18:51:22]     Phase 1 (new): 2,170/16,010 params
[2026-05-30 18:52:11]     Result | best_epoch=2743 | stop=2793 | final_phase_epochs=2793 | acc=0.7500 | bal_acc=0.7500 | pred_hist=[4, 4] | collapse=False
[2026-05-30 18:52:11]     spatial_conv=[4, 29] top_abs_channels=[('TP8', 0.20834798), ('Fz', 0.19546805), ('P3', 0.17483495), ('Cz', 0.17182696), ('CP3', 0.14636666), ('Oz', 0.13253699), ('FT8', 0.12887803), ('FC4', 0.12664582)]
[2026-05-30 18:52:11]     spatial_update=delta_l2=1.64741419 max_abs=0.46587661 relative=1.38034596 changed=True

[2026-05-30 18:52:12] Fold 2/5 | subject=18
[2026-05-30 18:52:12]     Train: 32 | counts=[16, 16]
[2026-05-30 18:52:12]     Test:  8 | counts=[4, 4]
[2026-05-30 18:52:12]     Model: SignalJEPA_PreLocal | Pretrained: from_pretrained | Strategy: new
[2026-05-30 18:52:12]     Normalization: none | fit_scope=none
[2026-05-30 18:52:12]     Phase 1 (new): 2,170/16,010 params
[2026-05-30 18:52:16]     Result | best_epoch=168 | stop=218 | final_phase_epochs=218 | acc=0.8750 | bal_acc=0.8750 | pred_hist=[3, 5] | collapse=False
[2026-05-30 18:52:16]     spatial_conv=[4, 29] top_abs_channels=[('FT8', 0.24263068), ('O1', 0.18649432), ('O2', 0.1762047), ('T4', 0.14458731), ('Oz', 0.1395122), ('TP8', 0.13236068), ('CP3', 0.10915312), ('FCz', 0.10911705)]
[2026-05-30 18:52:16]     spatial_update=delta_l2=1.07234611 max_abs=0.26552828 relative=0.89850423 changed=True

[2026-05-30 18:52:16] Fold 3/5 | subject=18
[2026-05-30 18:52:16]     Train: 32 | counts=[16, 16]
[2026-05-30 18:52:16]     Test:  8 | counts=[4, 4]
[2026-05-30 18:52:16]     Model: SignalJEPA_PreLocal | Pretrained: from_pretrained | Strategy: new
[2026-05-30 18:52:16]     Normalization: none | fit_scope=none
[2026-05-30 18:52:16]     Phase 1 (new): 2,170/16,010 params
[2026-05-30 18:52:22]     Result | best_epoch=281 | stop=331 | final_phase_epochs=331 | acc=0.8750 | bal_acc=0.8750 | pred_hist=[3, 5] | collapse=False
[2026-05-30 18:52:22]     spatial_conv=[4, 29] top_abs_channels=[('FT8', 0.19759357), ('O1', 0.17338751), ('P3', 0.1507082), ('Oz', 0.14749667), ('TP8', 0.14614375), ('T3', 0.12157744), ('FCz', 0.11684942), ('Fz', 0.11636178)]
[2026-05-30 18:52:22]     spatial_update=delta_l2=1.28728695 max_abs=0.33726007 relative=1.07860024 changed=True

[2026-05-30 18:52:22] Fold 4/5 | subject=18
[2026-05-30 18:52:22]     Train: 32 | counts=[16, 16]
[2026-05-30 18:52:22]     Test:  8 | counts=[4, 4]
[2026-05-30 18:52:22]     Model: SignalJEPA_PreLocal | Pretrained: from_pretrained | Strategy: new
[2026-05-30 18:52:22]     Normalization: none | fit_scope=none
[2026-05-30 18:52:22]     Phase 1 (new): 2,170/16,010 params
[2026-05-30 18:52:30]     Result | best_epoch=408 | stop=458 | final_phase_epochs=458 | acc=0.8750 | bal_acc=0.8750 | pred_hist=[3, 5] | collapse=False
[2026-05-30 18:52:30]     spatial_conv=[4, 29] top_abs_channels=[('Fz', 0.21375203), ('TP8', 0.20694669), ('Cz', 0.20310178), ('FCz', 0.20058173), ('CP3', 0.1855385), ('O1', 0.14799887), ('FT8', 0.14486569), ('FC3', 0.13304949)]
[2026-05-30 18:52:30]     spatial_update=delta_l2=1.48618887 max_abs=0.36387108 relative=1.24525745 changed=True

[2026-05-30 18:52:31] Fold 5/5 | subject=18
[2026-05-30 18:52:31]     Train: 32 | counts=[16, 16]
[2026-05-30 18:52:31]     Test:  8 | counts=[4, 4]
[2026-05-30 18:52:31]     Model: SignalJEPA_PreLocal | Pretrained: from_pretrained | Strategy: new
[2026-05-30 18:52:31]     Normalization: none | fit_scope=none
[2026-05-30 18:52:31]     Phase 1 (new): 2,170/16,010 params
[2026-05-30 18:52:40]     Result | best_epoch=494 | stop=544 | final_phase_epochs=544 | acc=0.8750 | bal_acc=0.8750 | pred_hist=[3, 5] | collapse=False
[2026-05-30 18:52:40]     spatial_conv=[4, 29] top_abs_channels=[('FC3', 0.27171609), ('TP8', 0.19278196), ('T5', 0.17408493), ('CP4', 0.15396641), ('Fz', 0.14886662), ('FT8', 0.14420104), ('O1', 0.13644119), ('F3', 0.13393739)]
[2026-05-30 18:52:40]     spatial_update=delta_l2=1.59072002 max_abs=0.42495453 relative=1.33284268 changed=True
[2026-05-30 18:52:40]   Subject 18: acc=0.8500±0.0500  bal_acc=0.8500±0.0500
[2026-05-30 18:52:40] \nSubject 19: 40 windows | class_counts=[20, 20]

[2026-05-30 18:52:41] Fold 1/5 | subject=19
[2026-05-30 18:52:41]     Train: 32 | counts=[16, 16]
[2026-05-30 18:52:41]     Test:  8 | counts=[4, 4]
[2026-05-30 18:52:41]     Model: SignalJEPA_PreLocal | Pretrained: from_pretrained | Strategy: new
[2026-05-30 18:52:41]     Normalization: none | fit_scope=none
[2026-05-30 18:52:41]     Phase 1 (new): 2,170/16,010 params
[2026-05-30 18:52:43]     Result | best_epoch=94 | stop=144 | final_phase_epochs=144 | acc=0.2500 | bal_acc=0.2500 | pred_hist=[2, 6] | collapse=False
[2026-05-30 18:52:43]     spatial_conv=[4, 29] top_abs_channels=[('P4', 0.15827322), ('O2', 0.14937913), ('Pz', 0.14933544), ('CP4', 0.13892104), ('T4', 0.13845184), ('C4', 0.13420138), ('C3', 0.12827685), ('T3', 0.12444095)]
[2026-05-30 18:52:43]     spatial_update=delta_l2=0.50387079 max_abs=0.11874167 relative=0.42218649 changed=True

[2026-05-30 18:52:44] Fold 2/5 | subject=19
[2026-05-30 18:52:44]     Train: 32 | counts=[16, 16]
[2026-05-30 18:52:44]     Test:  8 | counts=[4, 4]
[2026-05-30 18:52:44]     Model: SignalJEPA_PreLocal | Pretrained: from_pretrained | Strategy: new
[2026-05-30 18:52:44]     Normalization: none | fit_scope=none
[2026-05-30 18:52:44]     Phase 1 (new): 2,170/16,010 params
[2026-05-30 18:52:48]     Result | best_epoch=166 | stop=216 | final_phase_epochs=216 | acc=0.3750 | bal_acc=0.3750 | pred_hist=[3, 5] | collapse=False
[2026-05-30 18:52:48]     spatial_conv=[4, 29] top_abs_channels=[('Pz', 0.20028767), ('TP8', 0.13485515), ('T4', 0.131024), ('F7', 0.1294073), ('O2', 0.12813169), ('Fp1', 0.12073034), ('FT8', 0.11833019), ('C3', 0.11628291)]
[2026-05-30 18:52:48]     spatial_update=delta_l2=0.67814619 max_abs=0.17120234 relative=0.56820948 changed=True

[2026-05-30 18:52:48] Fold 3/5 | subject=19
[2026-05-30 18:52:48]     Train: 32 | counts=[16, 16]
[2026-05-30 18:52:48]     Test:  8 | counts=[4, 4]
[2026-05-30 18:52:48]     Model: SignalJEPA_PreLocal | Pretrained: from_pretrained | Strategy: new
[2026-05-30 18:52:48]     Normalization: none | fit_scope=none
[2026-05-30 18:52:48]     Phase 1 (new): 2,170/16,010 params
[2026-05-30 18:52:49]     Result | best_epoch=1 | stop=51 | final_phase_epochs=51 | acc=0.5000 | bal_acc=0.5000 | pred_hist=[0, 8] | collapse=True
[2026-05-30 18:52:49]     spatial_conv=[4, 29] top_abs_channels=[('Pz', 0.15268993), ('O2', 0.14377943), ('T3', 0.12707055), ('T4', 0.12289939), ('O1', 0.12192246), ('CP3', 0.12075771), ('C3', 0.11568315), ('CP4', 0.10989153)]
[2026-05-30 18:52:49]     spatial_update=delta_l2=0.00989998 max_abs=0.00213972 relative=0.00829506 changed=True

[2026-05-30 18:52:50] Fold 4/5 | subject=19
[2026-05-30 18:52:50]     Train: 32 | counts=[16, 16]
[2026-05-30 18:52:50]     Test:  8 | counts=[4, 4]
[2026-05-30 18:52:50]     Model: SignalJEPA_PreLocal | Pretrained: from_pretrained | Strategy: new
[2026-05-30 18:52:50]     Normalization: none | fit_scope=none
[2026-05-30 18:52:50]     Phase 1 (new): 2,170/16,010 params
[2026-05-30 18:52:51]     Result | best_epoch=1 | stop=51 | final_phase_epochs=51 | acc=0.5000 | bal_acc=0.5000 | pred_hist=[0, 8] | collapse=True
[2026-05-30 18:52:51]     spatial_conv=[4, 29] top_abs_channels=[('Pz', 0.15261553), ('O2', 0.14469945), ('T3', 0.12693614), ('T4', 0.12279515), ('O1', 0.12168367), ('CP3', 0.12093531), ('C3', 0.11566354), ('CP4', 0.11011986)]
[2026-05-30 18:52:51]     spatial_update=delta_l2=0.01123144 max_abs=0.00234841 relative=0.00941067 changed=True

[2026-05-30 18:52:51] Fold 5/5 | subject=19
[2026-05-30 18:52:51]     Train: 32 | counts=[16, 16]
[2026-05-30 18:52:51]     Test:  8 | counts=[4, 4]
[2026-05-30 18:52:51]     Model: SignalJEPA_PreLocal | Pretrained: from_pretrained | Strategy: new
[2026-05-30 18:52:51]     Normalization: none | fit_scope=none
[2026-05-30 18:52:51]     Phase 1 (new): 2,170/16,010 params
[2026-05-30 18:52:57]     Result | best_epoch=296 | stop=346 | final_phase_epochs=346 | acc=0.5000 | bal_acc=0.5000 | pred_hist=[4, 4] | collapse=False
[2026-05-30 18:52:57]     spatial_conv=[4, 29] top_abs_channels=[('Pz', 0.15718767), ('CP4', 0.14848077), ('P3', 0.14450763), ('T4', 0.1365791), ('TP8', 0.12724641), ('FCz', 0.12161942), ('Fz', 0.12050024), ('P4', 0.1115405)]
[2026-05-30 18:52:57]     spatial_update=delta_l2=0.87966740 max_abs=0.19874880 relative=0.73706135 changed=True
[2026-05-30 18:52:57]   Subject 19: acc=0.4250±0.1000  bal_acc=0.4250±0.1000
[2026-05-30 18:52:57] \nSubject 20: 40 windows | class_counts=[20, 20]

[2026-05-30 18:52:58] Fold 1/5 | subject=20
[2026-05-30 18:52:58]     Train: 32 | counts=[16, 16]
[2026-05-30 18:52:58]     Test:  8 | counts=[4, 4]
[2026-05-30 18:52:58]     Model: SignalJEPA_PreLocal | Pretrained: from_pretrained | Strategy: new
[2026-05-30 18:52:58]     Normalization: none | fit_scope=none
[2026-05-30 18:52:58]     Phase 1 (new): 2,170/16,010 params
[2026-05-30 18:52:59]     Result | best_epoch=11 | stop=61 | final_phase_epochs=61 | acc=0.3750 | bal_acc=0.3750 | pred_hist=[3, 5] | collapse=False
[2026-05-30 18:52:59]     spatial_conv=[4, 29] top_abs_channels=[('Pz', 0.15562148), ('O2', 0.14209414), ('T3', 0.13479644), ('O1', 0.1272835), ('CP3', 0.12282494), ('C3', 0.11886202), ('T4', 0.11872482), ('CP4', 0.11731263)]
[2026-05-30 18:52:59]     spatial_update=delta_l2=0.10228999 max_abs=0.02141522 relative=0.08570739 changed=True

[2026-05-30 18:52:59] Fold 2/5 | subject=20
[2026-05-30 18:52:59]     Train: 32 | counts=[16, 16]
[2026-05-30 18:52:59]     Test:  8 | counts=[4, 4]
[2026-05-30 18:52:59]     Model: SignalJEPA_PreLocal | Pretrained: from_pretrained | Strategy: new
[2026-05-30 18:52:59]     Normalization: none | fit_scope=none
[2026-05-30 18:52:59]     Phase 1 (new): 2,170/16,010 params
[2026-05-30 18:53:00]     Result | best_epoch=1 | stop=51 | final_phase_epochs=51 | acc=0.2500 | bal_acc=0.2500 | pred_hist=[2, 6] | collapse=False
[2026-05-30 18:53:00]     spatial_conv=[4, 29] top_abs_channels=[('Pz', 0.15392615), ('O2', 0.14422005), ('T3', 0.1273392), ('O1', 0.12187035), ('T4', 0.12183036), ('CP3', 0.12060678), ('C3', 0.11571883), ('CP4', 0.11108156)]
[2026-05-30 18:53:00]     spatial_update=delta_l2=0.01487069 max_abs=0.00223010 relative=0.01245995 changed=True

[2026-05-30 18:53:01] Fold 3/5 | subject=20
[2026-05-30 18:53:01]     Train: 32 | counts=[16, 16]
[2026-05-30 18:53:01]     Test:  8 | counts=[4, 4]
[2026-05-30 18:53:01]     Model: SignalJEPA_PreLocal | Pretrained: from_pretrained | Strategy: new
[2026-05-30 18:53:01]     Normalization: none | fit_scope=none
[2026-05-30 18:53:01]     Phase 1 (new): 2,170/16,010 params
[2026-05-30 18:53:02]     Result | best_epoch=1 | stop=51 | final_phase_epochs=51 | acc=0.5000 | bal_acc=0.5000 | pred_hist=[0, 8] | collapse=True
[2026-05-30 18:53:02]     spatial_conv=[4, 29] top_abs_channels=[('Pz', 0.15407857), ('O2', 0.14423063), ('T3', 0.12729871), ('O1', 0.12220253), ('T4', 0.12212561), ('CP3', 0.12079561), ('C3', 0.11572938), ('CP4', 0.11144881)]
[2026-05-30 18:53:02]     spatial_update=delta_l2=0.01250187 max_abs=0.00223495 relative=0.01047515 changed=True

[2026-05-30 18:53:02] Fold 4/5 | subject=20
[2026-05-30 18:53:02]     Train: 32 | counts=[16, 16]
[2026-05-30 18:53:02]     Test:  8 | counts=[4, 4]
[2026-05-30 18:53:02]     Model: SignalJEPA_PreLocal | Pretrained: from_pretrained | Strategy: new
[2026-05-30 18:53:02]     Normalization: none | fit_scope=none
[2026-05-30 18:53:02]     Phase 1 (new): 2,170/16,010 params
[2026-05-30 18:53:03]     Result | best_epoch=1 | stop=51 | final_phase_epochs=51 | acc=0.5000 | bal_acc=0.5000 | pred_hist=[0, 8] | collapse=True
[2026-05-30 18:53:03]     spatial_conv=[4, 29] top_abs_channels=[('Pz', 0.15422493), ('O2', 0.14425159), ('T3', 0.12674455), ('T4', 0.1220434), ('O1', 0.12168205), ('CP3', 0.12032759), ('C3', 0.1158841), ('CP4', 0.11105447)]
[2026-05-30 18:53:03]     spatial_update=delta_l2=0.01248620 max_abs=0.00218582 relative=0.01046202 changed=True

[2026-05-30 18:53:03] Fold 5/5 | subject=20
[2026-05-30 18:53:03]     Train: 32 | counts=[16, 16]
[2026-05-30 18:53:03]     Test:  8 | counts=[4, 4]
[2026-05-30 18:53:03]     Model: SignalJEPA_PreLocal | Pretrained: from_pretrained | Strategy: new
[2026-05-30 18:53:03]     Normalization: none | fit_scope=none
[2026-05-30 18:53:03]     Phase 1 (new): 2,170/16,010 params
[2026-05-30 18:53:08]     Result | best_epoch=212 | stop=262 | final_phase_epochs=262 | acc=0.7500 | bal_acc=0.7500 | pred_hist=[2, 6] | collapse=False
[2026-05-30 18:53:08]     spatial_conv=[4, 29] top_abs_channels=[('Pz', 0.22115503), ('TP7', 0.15969384), ('CP4', 0.13866106), ('Fz', 0.13820395), ('CP3', 0.13186786), ('F3', 0.11635581), ('F7', 0.10805103), ('FT7', 0.10496116)]
[2026-05-30 18:53:08]     spatial_update=delta_l2=0.88150397 max_abs=0.26032247 relative=0.73860019 changed=True
[2026-05-30 18:53:08]   Subject 20: acc=0.4750±0.1658  bal_acc=0.4750±0.1658
[2026-05-30 18:53:08] \nSubject 21: 40 windows | class_counts=[20, 20]

[2026-05-30 18:53:09] Fold 1/5 | subject=21
[2026-05-30 18:53:09]     Train: 32 | counts=[16, 16]
[2026-05-30 18:53:09]     Test:  8 | counts=[4, 4]
[2026-05-30 18:53:09]     Model: SignalJEPA_PreLocal | Pretrained: from_pretrained | Strategy: new
[2026-05-30 18:53:09]     Normalization: none | fit_scope=none
[2026-05-30 18:53:09]     Phase 1 (new): 2,170/16,010 params
[2026-05-30 18:53:12]     Result | best_epoch=143 | stop=193 | final_phase_epochs=193 | acc=0.5000 | bal_acc=0.5000 | pred_hist=[6, 2] | collapse=False
[2026-05-30 18:53:12]     spatial_conv=[4, 29] top_abs_channels=[('O2', 0.13773291), ('FCz', 0.12589005), ('T5', 0.12004043), ('T4', 0.11486003), ('C3', 0.11407812), ('Cz', 0.11294082), ('Pz', 0.11120226), ('CP4', 0.10945728)]
[2026-05-30 18:53:12]     spatial_update=delta_l2=0.76452519 max_abs=0.17475554 relative=0.64058527 changed=True

[2026-05-30 18:53:12] Fold 2/5 | subject=21
[2026-05-30 18:53:12]     Train: 32 | counts=[16, 16]
[2026-05-30 18:53:12]     Test:  8 | counts=[4, 4]
[2026-05-30 18:53:12]     Model: SignalJEPA_PreLocal | Pretrained: from_pretrained | Strategy: new
[2026-05-30 18:53:12]     Normalization: none | fit_scope=none
[2026-05-30 18:53:12]     Phase 1 (new): 2,170/16,010 params
[2026-05-30 18:53:13]     Result | best_epoch=21 | stop=71 | final_phase_epochs=71 | acc=0.7500 | bal_acc=0.7500 | pred_hist=[4, 4] | collapse=False
[2026-05-30 18:53:13]     spatial_conv=[4, 29] top_abs_channels=[('Pz', 0.15314272), ('O2', 0.14179635), ('O1', 0.13490149), ('T3', 0.12779044), ('C3', 0.11755577), ('CP3', 0.11614155), ('T4', 0.11395953), ('T5', 0.11175714)]
[2026-05-30 18:53:13]     spatial_update=delta_l2=0.18487349 max_abs=0.04012311 relative=0.15490298 changed=True

[2026-05-30 18:53:14] Fold 3/5 | subject=21
[2026-05-30 18:53:14]     Train: 32 | counts=[16, 16]
[2026-05-30 18:53:14]     Test:  8 | counts=[4, 4]
[2026-05-30 18:53:14]     Model: SignalJEPA_PreLocal | Pretrained: from_pretrained | Strategy: new
[2026-05-30 18:53:14]     Normalization: none | fit_scope=none
[2026-05-30 18:53:14]     Phase 1 (new): 2,170/16,010 params
[2026-05-30 18:53:18]     Result | best_epoch=217 | stop=267 | final_phase_epochs=267 | acc=0.6250 | bal_acc=0.6250 | pred_hist=[5, 3] | collapse=False
[2026-05-30 18:53:18]     spatial_conv=[4, 29] top_abs_channels=[('CP4', 0.17478167), ('Fp1', 0.14919046), ('O1', 0.14362445), ('T6', 0.12842262), ('O2', 0.11979328), ('FCz', 0.11353219), ('Pz', 0.11037973), ('CP3', 0.10925076)]
[2026-05-30 18:53:18]     spatial_update=delta_l2=0.91651659 max_abs=0.20593276 relative=0.76793680 changed=True

[2026-05-30 18:53:19] Fold 4/5 | subject=21
[2026-05-30 18:53:19]     Train: 32 | counts=[16, 16]
[2026-05-30 18:53:19]     Test:  8 | counts=[4, 4]
[2026-05-30 18:53:19]     Model: SignalJEPA_PreLocal | Pretrained: from_pretrained | Strategy: new
[2026-05-30 18:53:19]     Normalization: none | fit_scope=none
[2026-05-30 18:53:19]     Phase 1 (new): 2,170/16,010 params
[2026-05-30 18:53:21]     Result | best_epoch=74 | stop=124 | final_phase_epochs=124 | acc=0.6250 | bal_acc=0.6250 | pred_hist=[3, 5] | collapse=False
[2026-05-30 18:53:21]     spatial_conv=[4, 29] top_abs_channels=[('O2', 0.16483329), ('Pz', 0.16016401), ('CP3', 0.12809989), ('O1', 0.11986351), ('T4', 0.11965443), ('Fp1', 0.11788841), ('CP4', 0.11738838), ('F3', 0.11557576)]
[2026-05-30 18:53:21]     spatial_update=delta_l2=0.45055359 max_abs=0.11908693 relative=0.37751273 changed=True

[2026-05-30 18:53:21] Fold 5/5 | subject=21
[2026-05-30 18:53:21]     Train: 32 | counts=[16, 16]
[2026-05-30 18:53:21]     Test:  8 | counts=[4, 4]
[2026-05-30 18:53:21]     Model: SignalJEPA_PreLocal | Pretrained: from_pretrained | Strategy: new
[2026-05-30 18:53:21]     Normalization: none | fit_scope=none
[2026-05-30 18:53:21]     Phase 1 (new): 2,170/16,010 params
[2026-05-30 18:53:23]     Result | best_epoch=46 | stop=96 | final_phase_epochs=96 | acc=0.2500 | bal_acc=0.2500 | pred_hist=[4, 4] | collapse=False
[2026-05-30 18:53:23]     spatial_conv=[4, 29] top_abs_channels=[('C3', 0.16664213), ('Pz', 0.14907876), ('O2', 0.1366753), ('O1', 0.13547917), ('T3', 0.1350182), ('CP3', 0.12405033), ('T4', 0.1208813), ('Fp1', 0.11161957)]
[2026-05-30 18:53:23]     spatial_update=delta_l2=0.35551602 max_abs=0.09116277 relative=0.29788204 changed=True
[2026-05-30 18:53:23]   Subject 21: acc=0.5500±0.1696  bal_acc=0.5500±0.1696
[2026-05-30 18:53:23] \nSubject 22: 40 windows | class_counts=[20, 20]

[2026-05-30 18:53:23] Fold 1/5 | subject=22
[2026-05-30 18:53:23]     Train: 32 | counts=[16, 16]
[2026-05-30 18:53:23]     Test:  8 | counts=[4, 4]
[2026-05-30 18:53:23]     Model: SignalJEPA_PreLocal | Pretrained: from_pretrained | Strategy: new
[2026-05-30 18:53:23]     Normalization: none | fit_scope=none
[2026-05-30 18:53:23]     Phase 1 (new): 2,170/16,010 params
[2026-05-30 18:53:28]     Result | best_epoch=237 | stop=287 | final_phase_epochs=287 | acc=0.6250 | bal_acc=0.6250 | pred_hist=[7, 1] | collapse=False
[2026-05-30 18:53:28]     spatial_conv=[4, 29] top_abs_channels=[('Cz', 0.21191931), ('FC4', 0.1812195), ('Oz', 0.14545082), ('TP7', 0.13133425), ('FCz', 0.12998167), ('C3', 0.12310422), ('CP3', 0.11652397), ('CP4', 0.11487348)]
[2026-05-30 18:53:28]     spatial_update=delta_l2=1.00618560 max_abs=0.23895870 relative=0.84306924 changed=True

[2026-05-30 18:53:29] Fold 2/5 | subject=22
[2026-05-30 18:53:29]     Train: 32 | counts=[16, 16]
[2026-05-30 18:53:29]     Test:  8 | counts=[4, 4]
[2026-05-30 18:53:29]     Model: SignalJEPA_PreLocal | Pretrained: from_pretrained | Strategy: new
[2026-05-30 18:53:29]     Normalization: none | fit_scope=none
[2026-05-30 18:53:29]     Phase 1 (new): 2,170/16,010 params
[2026-05-30 18:53:32]     Result | best_epoch=157 | stop=207 | final_phase_epochs=207 | acc=0.7500 | bal_acc=0.7500 | pred_hist=[6, 2] | collapse=False
[2026-05-30 18:53:32]     spatial_conv=[4, 29] top_abs_channels=[('FC4', 0.18104172), ('F7', 0.1677261), ('O2', 0.15826541), ('Cz', 0.14997724), ('CP3', 0.137362), ('FCz', 0.11993555), ('Pz', 0.11318061), ('Oz', 0.11213735)]
[2026-05-30 18:53:32]     spatial_update=delta_l2=0.76496600 max_abs=0.17057553 relative=0.64095461 changed=True

[2026-05-30 18:53:33] Fold 3/5 | subject=22
[2026-05-30 18:53:33]     Train: 32 | counts=[16, 16]
[2026-05-30 18:53:33]     Test:  8 | counts=[4, 4]
[2026-05-30 18:53:33]     Model: SignalJEPA_PreLocal | Pretrained: from_pretrained | Strategy: new
[2026-05-30 18:53:33]     Normalization: none | fit_scope=none
[2026-05-30 18:53:33]     Phase 1 (new): 2,170/16,010 params
[2026-05-30 18:53:38]     Result | best_epoch=243 | stop=293 | final_phase_epochs=293 | acc=0.8750 | bal_acc=0.8750 | pred_hist=[5, 3] | collapse=False
[2026-05-30 18:53:38]     spatial_conv=[4, 29] top_abs_channels=[('Cz', 0.19875225), ('FC4', 0.17076465), ('Oz', 0.13517973), ('CP3', 0.13469541), ('F7', 0.13048583), ('F8', 0.1227812), ('C3', 0.11345482), ('O1', 0.1070848)]
[2026-05-30 18:53:38]     spatial_update=delta_l2=0.93162294 max_abs=0.21171896 relative=0.78059420 changed=True

[2026-05-30 18:53:38] Fold 4/5 | subject=22
[2026-05-30 18:53:38]     Train: 32 | counts=[16, 16]
[2026-05-30 18:53:38]     Test:  8 | counts=[4, 4]
[2026-05-30 18:53:38]     Model: SignalJEPA_PreLocal | Pretrained: from_pretrained | Strategy: new
[2026-05-30 18:53:38]     Normalization: none | fit_scope=none
[2026-05-30 18:53:38]     Phase 1 (new): 2,170/16,010 params
[2026-05-30 18:53:42]     Result | best_epoch=185 | stop=235 | final_phase_epochs=235 | acc=1.0000 | bal_acc=1.0000 | pred_hist=[4, 4] | collapse=False
[2026-05-30 18:53:42]     spatial_conv=[4, 29] top_abs_channels=[('F7', 0.15671903), ('C3', 0.15100113), ('Cz', 0.14202151), ('CP3', 0.1372093), ('C4', 0.12968999), ('FC4', 0.12284112), ('Oz', 0.12223899), ('Fp1', 0.11866726)]
[2026-05-30 18:53:42]     spatial_update=delta_l2=0.80768538 max_abs=0.19061316 relative=0.67674860 changed=True

[2026-05-30 18:53:43] Fold 5/5 | subject=22
[2026-05-30 18:53:43]     Train: 32 | counts=[16, 16]
[2026-05-30 18:53:43]     Test:  8 | counts=[4, 4]
[2026-05-30 18:53:43]     Model: SignalJEPA_PreLocal | Pretrained: from_pretrained | Strategy: new
[2026-05-30 18:53:43]     Normalization: none | fit_scope=none
[2026-05-30 18:53:43]     Phase 1 (new): 2,170/16,010 params
[2026-05-30 18:53:48]     Result | best_epoch=243 | stop=293 | final_phase_epochs=293 | acc=1.0000 | bal_acc=1.0000 | pred_hist=[4, 4] | collapse=False
[2026-05-30 18:53:48]     spatial_conv=[4, 29] top_abs_channels=[('F7', 0.17110229), ('C3', 0.16169702), ('FC4', 0.13911602), ('CP3', 0.13634451), ('TP7', 0.12129258), ('Oz', 0.12103349), ('Fz', 0.12052414), ('O1', 0.11366956)]
[2026-05-30 18:53:48]     spatial_update=delta_l2=0.94303960 max_abs=0.19916783 relative=0.79016006 changed=True
[2026-05-30 18:53:48]   Subject 22: acc=0.8500±0.1458  bal_acc=0.8500±0.1458
[2026-05-30 18:53:48] \nSubject 23: 40 windows | class_counts=[20, 20]

[2026-05-30 18:53:49] Fold 1/5 | subject=23
[2026-05-30 18:53:49]     Train: 32 | counts=[16, 16]
[2026-05-30 18:53:49]     Test:  8 | counts=[4, 4]
[2026-05-30 18:53:49]     Model: SignalJEPA_PreLocal | Pretrained: from_pretrained | Strategy: new
[2026-05-30 18:53:49]     Normalization: none | fit_scope=none
[2026-05-30 18:53:49]     Phase 1 (new): 2,170/16,010 params
[2026-05-30 18:53:50]     Result | best_epoch=1 | stop=51 | final_phase_epochs=51 | acc=0.5000 | bal_acc=0.5000 | pred_hist=[0, 8] | collapse=True
[2026-05-30 18:53:50]     spatial_conv=[4, 29] top_abs_channels=[('Pz', 0.15290207), ('O2', 0.1441631), ('T3', 0.1259162), ('T4', 0.12273353), ('O1', 0.12135954), ('CP3', 0.12079817), ('C3', 0.11513723), ('CP4', 0.11086505)]
[2026-05-30 18:53:50]     spatial_update=delta_l2=0.01072659 max_abs=0.00214563 relative=0.00898766 changed=True

[2026-05-30 18:53:50] Fold 2/5 | subject=23
[2026-05-30 18:53:50]     Train: 32 | counts=[16, 16]
[2026-05-30 18:53:50]     Test:  8 | counts=[4, 4]
[2026-05-30 18:53:50]     Model: SignalJEPA_PreLocal | Pretrained: from_pretrained | Strategy: new
[2026-05-30 18:53:50]     Normalization: none | fit_scope=none
[2026-05-30 18:53:50]     Phase 1 (new): 2,170/16,010 params
[2026-05-30 18:53:51]     Result | best_epoch=1 | stop=51 | final_phase_epochs=51 | acc=0.5000 | bal_acc=0.5000 | pred_hist=[0, 8] | collapse=True
[2026-05-30 18:53:51]     spatial_conv=[4, 29] top_abs_channels=[('Pz', 0.15276596), ('O2', 0.14428347), ('T3', 0.12648457), ('O1', 0.12302154), ('T4', 0.12277756), ('CP3', 0.12095135), ('C3', 0.11450886), ('CP4', 0.11067085)]
[2026-05-30 18:53:51]     spatial_update=delta_l2=0.01323020 max_abs=0.00226866 relative=0.01108540 changed=True

[2026-05-30 18:53:52] Fold 3/5 | subject=23
[2026-05-30 18:53:52]     Train: 32 | counts=[16, 16]
[2026-05-30 18:53:52]     Test:  8 | counts=[4, 4]
[2026-05-30 18:53:52]     Model: SignalJEPA_PreLocal | Pretrained: from_pretrained | Strategy: new
[2026-05-30 18:53:52]     Normalization: none | fit_scope=none
[2026-05-30 18:53:52]     Phase 1 (new): 2,170/16,010 params
[2026-05-30 18:53:52]     Result | best_epoch=1 | stop=51 | final_phase_epochs=51 | acc=0.5000 | bal_acc=0.5000 | pred_hist=[0, 8] | collapse=True
[2026-05-30 18:53:52]     spatial_conv=[4, 29] top_abs_channels=[('Pz', 0.1535618), ('O2', 0.14438841), ('T3', 0.12718645), ('T4', 0.1229241), ('O1', 0.12181707), ('CP3', 0.12067713), ('C3', 0.11507548), ('CP4', 0.11109629)]
[2026-05-30 18:53:52]     spatial_update=delta_l2=0.00979103 max_abs=0.00223263 relative=0.00820377 changed=True

[2026-05-30 18:53:53] Fold 4/5 | subject=23
[2026-05-30 18:53:53]     Train: 32 | counts=[16, 16]
[2026-05-30 18:53:53]     Test:  8 | counts=[4, 4]
[2026-05-30 18:53:53]     Model: SignalJEPA_PreLocal | Pretrained: from_pretrained | Strategy: new
[2026-05-30 18:53:53]     Normalization: none | fit_scope=none
[2026-05-30 18:53:53]     Phase 1 (new): 2,170/16,010 params
[2026-05-30 18:53:54]     Result | best_epoch=1 | stop=51 | final_phase_epochs=51 | acc=0.5000 | bal_acc=0.5000 | pred_hist=[0, 8] | collapse=True
[2026-05-30 18:53:54]     spatial_conv=[4, 29] top_abs_channels=[('Pz', 0.15286317), ('O2', 0.14425412), ('T3', 0.12705374), ('T4', 0.12242962), ('CP3', 0.12144557), ('O1', 0.12109283), ('C3', 0.11531606), ('CP4', 0.11096349)]
[2026-05-30 18:53:54]     spatial_update=delta_l2=0.01257897 max_abs=0.00217507 relative=0.01053975 changed=True

[2026-05-30 18:53:54] Fold 5/5 | subject=23
[2026-05-30 18:53:54]     Train: 32 | counts=[16, 16]
[2026-05-30 18:53:54]     Test:  8 | counts=[4, 4]
[2026-05-30 18:53:54]     Model: SignalJEPA_PreLocal | Pretrained: from_pretrained | Strategy: new
[2026-05-30 18:53:54]     Normalization: none | fit_scope=none
[2026-05-30 18:53:54]     Phase 1 (new): 2,170/16,010 params
[2026-05-30 18:53:55]     Result | best_epoch=1 | stop=51 | final_phase_epochs=51 | acc=0.5000 | bal_acc=0.5000 | pred_hist=[0, 8] | collapse=True
[2026-05-30 18:53:55]     spatial_conv=[4, 29] top_abs_channels=[('Pz', 0.15300173), ('O2', 0.14370565), ('T3', 0.12609945), ('O1', 0.12185621), ('T4', 0.12116096), ('CP3', 0.12049615), ('C3', 0.11485971), ('CP4', 0.11100178)]
[2026-05-30 18:53:55]     spatial_update=delta_l2=0.01136991 max_abs=0.00204970 relative=0.00952670 changed=True
[2026-05-30 18:53:55]   Subject 23: acc=0.5000±0.0000  bal_acc=0.5000±0.0000
[2026-05-30 18:53:55] \nSubject 24: 40 windows | class_counts=[20, 20]

[2026-05-30 18:53:56] Fold 1/5 | subject=24
[2026-05-30 18:53:56]     Train: 32 | counts=[16, 16]
[2026-05-30 18:53:56]     Test:  8 | counts=[4, 4]
[2026-05-30 18:53:56]     Model: SignalJEPA_PreLocal | Pretrained: from_pretrained | Strategy: new
[2026-05-30 18:53:56]     Normalization: none | fit_scope=none
[2026-05-30 18:53:56]     Phase 1 (new): 2,170/16,010 params
[2026-05-30 18:54:21]     Result | best_epoch=1427 | stop=1477 | final_phase_epochs=1477 | acc=0.1250 | bal_acc=0.1250 | pred_hist=[3, 5] | collapse=False
[2026-05-30 18:54:21]     spatial_conv=[4, 29] top_abs_channels=[('O1', 0.18442804), ('CP3', 0.1646796), ('P4', 0.16112562), ('TP7', 0.15874141), ('FC3', 0.15391877), ('C3', 0.14252037), ('FC4', 0.13015568), ('T3', 0.12544763)]
[2026-05-30 18:54:21]     spatial_update=delta_l2=1.41518176 max_abs=0.33617829 relative=1.18576156 changed=True

[2026-05-30 18:54:22] Fold 2/5 | subject=24
[2026-05-30 18:54:22]     Train: 32 | counts=[16, 16]
[2026-05-30 18:54:22]     Test:  8 | counts=[4, 4]
[2026-05-30 18:54:22]     Model: SignalJEPA_PreLocal | Pretrained: from_pretrained | Strategy: new
[2026-05-30 18:54:22]     Normalization: none | fit_scope=none
[2026-05-30 18:54:22]     Phase 1 (new): 2,170/16,010 params
[2026-05-30 18:54:23]     Result | best_epoch=1 | stop=51 | final_phase_epochs=51 | acc=0.5000 | bal_acc=0.5000 | pred_hist=[0, 8] | collapse=True
[2026-05-30 18:54:23]     spatial_conv=[4, 29] top_abs_channels=[('Pz', 0.15297717), ('O2', 0.14362752), ('T3', 0.12708011), ('T4', 0.12244179), ('O1', 0.1214776), ('CP3', 0.12095667), ('C3', 0.11567138), ('CP4', 0.11143199)]
[2026-05-30 18:54:23]     spatial_update=delta_l2=0.01245186 max_abs=0.00212506 relative=0.01043325 changed=True

[2026-05-30 18:54:23] Fold 3/5 | subject=24
[2026-05-30 18:54:23]     Train: 32 | counts=[16, 16]
[2026-05-30 18:54:23]     Test:  8 | counts=[4, 4]
[2026-05-30 18:54:23]     Model: SignalJEPA_PreLocal | Pretrained: from_pretrained | Strategy: new
[2026-05-30 18:54:23]     Normalization: none | fit_scope=none
[2026-05-30 18:54:23]     Phase 1 (new): 2,170/16,010 params
[2026-05-30 18:54:24]     Result | best_epoch=1 | stop=51 | final_phase_epochs=51 | acc=0.5000 | bal_acc=0.5000 | pred_hist=[0, 8] | collapse=True
[2026-05-30 18:54:24]     spatial_conv=[4, 29] top_abs_channels=[('Pz', 0.15271421), ('O2', 0.14444949), ('T3', 0.12679709), ('O1', 0.12217901), ('T4', 0.12185925), ('CP3', 0.12088831), ('C3', 0.11571889), ('CP4', 0.11081072)]
[2026-05-30 18:54:24]     spatial_update=delta_l2=0.01100377 max_abs=0.00225958 relative=0.00921991 changed=True

[2026-05-30 18:54:25] Fold 4/5 | subject=24
[2026-05-30 18:54:25]     Train: 32 | counts=[16, 16]
[2026-05-30 18:54:25]     Test:  8 | counts=[4, 4]
[2026-05-30 18:54:25]     Model: SignalJEPA_PreLocal | Pretrained: from_pretrained | Strategy: new
[2026-05-30 18:54:25]     Normalization: none | fit_scope=none
[2026-05-30 18:54:25]     Phase 1 (new): 2,170/16,010 params
[2026-05-30 18:54:26]     Result | best_epoch=1 | stop=51 | final_phase_epochs=51 | acc=0.5000 | bal_acc=0.5000 | pred_hist=[0, 8] | collapse=True
[2026-05-30 18:54:26]     spatial_conv=[4, 29] top_abs_channels=[('Pz', 0.15190259), ('O2', 0.14490631), ('T3', 0.12664557), ('T4', 0.12222577), ('O1', 0.12165127), ('CP3', 0.12044003), ('C3', 0.11559145), ('CP4', 0.11078066)]
[2026-05-30 18:54:26]     spatial_update=delta_l2=0.01071166 max_abs=0.00197789 relative=0.00897515 changed=True

[2026-05-30 18:54:26] Fold 5/5 | subject=24
[2026-05-30 18:54:26]     Train: 32 | counts=[16, 16]
[2026-05-30 18:54:26]     Test:  8 | counts=[4, 4]
[2026-05-30 18:54:26]     Model: SignalJEPA_PreLocal | Pretrained: from_pretrained | Strategy: new
[2026-05-30 18:54:26]     Normalization: none | fit_scope=none
[2026-05-30 18:54:26]     Phase 1 (new): 2,170/16,010 params
[2026-05-30 18:54:27]     Result | best_epoch=1 | stop=51 | final_phase_epochs=51 | acc=0.5000 | bal_acc=0.5000 | pred_hist=[0, 8] | collapse=True
[2026-05-30 18:54:27]     spatial_conv=[4, 29] top_abs_channels=[('Pz', 0.15148425), ('O2', 0.14465362), ('T3', 0.12691596), ('T4', 0.12263852), ('O1', 0.12146987), ('CP3', 0.12146953), ('C3', 0.11512513), ('CP4', 0.11064892)]
[2026-05-30 18:54:27]     spatial_update=delta_l2=0.01288222 max_abs=0.00214618 relative=0.01079384 changed=True
[2026-05-30 18:54:27]   Subject 24: acc=0.4250±0.1500  bal_acc=0.4250±0.1500
[2026-05-30 18:54:27] \nSubject 25: 40 windows | class_counts=[20, 20]

[2026-05-30 18:54:27] Fold 1/5 | subject=25
[2026-05-30 18:54:27]     Train: 32 | counts=[16, 16]
[2026-05-30 18:54:27]     Test:  8 | counts=[4, 4]
[2026-05-30 18:54:27]     Model: SignalJEPA_PreLocal | Pretrained: from_pretrained | Strategy: new
[2026-05-30 18:54:27]     Normalization: none | fit_scope=none
[2026-05-30 18:54:27]     Phase 1 (new): 2,170/16,010 params
[2026-05-30 18:54:29]     Result | best_epoch=29 | stop=79 | final_phase_epochs=79 | acc=0.2500 | bal_acc=0.2500 | pred_hist=[6, 2] | collapse=False
[2026-05-30 18:54:29]     spatial_conv=[4, 29] top_abs_channels=[('T3', 0.15556516), ('Pz', 0.14886098), ('O1', 0.13637318), ('T4', 0.13067299), ('O2', 0.13032205), ('CP3', 0.12631601), ('Fz', 0.12316272), ('Fp1', 0.11793695)]
[2026-05-30 18:54:29]     spatial_update=delta_l2=0.23146066 max_abs=0.05064210 relative=0.19393774 changed=True

[2026-05-30 18:54:29] Fold 2/5 | subject=25
[2026-05-30 18:54:29]     Train: 32 | counts=[16, 16]
[2026-05-30 18:54:29]     Test:  8 | counts=[4, 4]
[2026-05-30 18:54:29]     Model: SignalJEPA_PreLocal | Pretrained: from_pretrained | Strategy: new
[2026-05-30 18:54:29]     Normalization: none | fit_scope=none
[2026-05-30 18:54:29]     Phase 1 (new): 2,170/16,010 params
[2026-05-30 18:54:36]     Result | best_epoch=338 | stop=388 | final_phase_epochs=388 | acc=0.6250 | bal_acc=0.6250 | pred_hist=[5, 3] | collapse=False
[2026-05-30 18:54:36]     spatial_conv=[4, 29] top_abs_channels=[('T3', 0.17803209), ('TP7', 0.16238868), ('F4', 0.14448561), ('CP3', 0.13999005), ('P3', 0.13837612), ('C3', 0.12307543), ('O1', 0.12129486), ('Cz', 0.10594478)]
[2026-05-30 18:54:36]     spatial_update=delta_l2=0.96083492 max_abs=0.24319449 relative=0.80507052 changed=True

[2026-05-30 18:54:37] Fold 3/5 | subject=25
[2026-05-30 18:54:37]     Train: 32 | counts=[16, 16]
[2026-05-30 18:54:37]     Test:  8 | counts=[4, 4]
[2026-05-30 18:54:37]     Model: SignalJEPA_PreLocal | Pretrained: from_pretrained | Strategy: new
[2026-05-30 18:54:37]     Normalization: none | fit_scope=none
[2026-05-30 18:54:37]     Phase 1 (new): 2,170/16,010 params
[2026-05-30 18:54:38]     Result | best_epoch=4 | stop=54 | final_phase_epochs=54 | acc=0.6250 | bal_acc=0.6250 | pred_hist=[1, 7] | collapse=False
[2026-05-30 18:54:38]     spatial_conv=[4, 29] top_abs_channels=[('Pz', 0.15776068), ('O2', 0.14240029), ('T4', 0.12526186), ('T3', 0.12482556), ('O1', 0.12362885), ('CP3', 0.12032609), ('C3', 0.11540032), ('Fp1', 0.11229729)]
[2026-05-30 18:54:38]     spatial_update=delta_l2=0.03816434 max_abs=0.00746605 relative=0.03197738 changed=True

[2026-05-30 18:54:38] Fold 4/5 | subject=25
[2026-05-30 18:54:38]     Train: 32 | counts=[16, 16]
[2026-05-30 18:54:38]     Test:  8 | counts=[4, 4]
[2026-05-30 18:54:38]     Model: SignalJEPA_PreLocal | Pretrained: from_pretrained | Strategy: new
[2026-05-30 18:54:38]     Normalization: none | fit_scope=none
[2026-05-30 18:54:38]     Phase 1 (new): 2,170/16,010 params
[2026-05-30 18:54:39]     Result | best_epoch=17 | stop=67 | final_phase_epochs=67 | acc=0.5000 | bal_acc=0.5000 | pred_hist=[4, 4] | collapse=False
[2026-05-30 18:54:39]     spatial_conv=[4, 29] top_abs_channels=[('Pz', 0.1613903), ('O2', 0.13680854), ('T4', 0.13108388), ('T3', 0.1294971), ('O1', 0.12323967), ('CP3', 0.12249759), ('CP4', 0.11459517), ('C3', 0.11213574)]
[2026-05-30 18:54:39]     spatial_update=delta_l2=0.12175156 max_abs=0.02681871 relative=0.10201398 changed=True

[2026-05-30 18:54:40] Fold 5/5 | subject=25
[2026-05-30 18:54:40]     Train: 32 | counts=[16, 16]
[2026-05-30 18:54:40]     Test:  8 | counts=[4, 4]
[2026-05-30 18:54:40]     Model: SignalJEPA_PreLocal | Pretrained: from_pretrained | Strategy: new
[2026-05-30 18:54:40]     Normalization: none | fit_scope=none
[2026-05-30 18:54:40]     Phase 1 (new): 2,170/16,010 params
[2026-05-30 18:54:41]     Result | best_epoch=1 | stop=51 | final_phase_epochs=51 | acc=0.5000 | bal_acc=0.5000 | pred_hist=[0, 8] | collapse=True
[2026-05-30 18:54:41]     spatial_conv=[4, 29] top_abs_channels=[('Pz', 0.15437129), ('O2', 0.14439103), ('T3', 0.12771329), ('T4', 0.12263302), ('O1', 0.12139996), ('CP3', 0.12057199), ('C3', 0.11451089), ('CP4', 0.11095104)]
[2026-05-30 18:54:41]     spatial_update=delta_l2=0.01294695 max_abs=0.00217580 relative=0.01084807 changed=True
[2026-05-30 18:54:41]   Subject 25: acc=0.5000±0.1369  bal_acc=0.5000±0.1369
[2026-05-30 18:54:41] \nSubject 26: 40 windows | class_counts=[20, 20]

[2026-05-30 18:54:41] Fold 1/5 | subject=26
[2026-05-30 18:54:41]     Train: 32 | counts=[16, 16]
[2026-05-30 18:54:41]     Test:  8 | counts=[4, 4]
[2026-05-30 18:54:41]     Model: SignalJEPA_PreLocal | Pretrained: from_pretrained | Strategy: new
[2026-05-30 18:54:41]     Normalization: none | fit_scope=none
[2026-05-30 18:54:41]     Phase 1 (new): 2,170/16,010 params
[2026-05-30 18:54:43]     Result | best_epoch=72 | stop=122 | final_phase_epochs=122 | acc=0.6250 | bal_acc=0.6250 | pred_hist=[3, 5] | collapse=False
[2026-05-30 18:54:43]     spatial_conv=[4, 29] top_abs_channels=[('O2', 0.15079603), ('C3', 0.12987953), ('T4', 0.1290756), ('O1', 0.12707932), ('Pz', 0.1266517), ('CP3', 0.11659186), ('FT7', 0.11144236), ('P4', 0.10378969)]
[2026-05-30 18:54:43]     spatial_update=delta_l2=0.37932273 max_abs=0.09235330 relative=0.31782936 changed=True

[2026-05-30 18:54:44] Fold 2/5 | subject=26
[2026-05-30 18:54:44]     Train: 32 | counts=[16, 16]
[2026-05-30 18:54:44]     Test:  8 | counts=[4, 4]
[2026-05-30 18:54:44]     Model: SignalJEPA_PreLocal | Pretrained: from_pretrained | Strategy: new
[2026-05-30 18:54:44]     Normalization: none | fit_scope=none
[2026-05-30 18:54:44]     Phase 1 (new): 2,170/16,010 params
[2026-05-30 18:54:45]     Result | best_epoch=1 | stop=51 | final_phase_epochs=51 | acc=0.5000 | bal_acc=0.5000 | pred_hist=[0, 8] | collapse=True
[2026-05-30 18:54:45]     spatial_conv=[4, 29] top_abs_channels=[('Pz', 0.15183595), ('O2', 0.14490244), ('T3', 0.12704447), ('CP3', 0.12144811), ('O1', 0.12103631), ('T4', 0.12098601), ('C3', 0.11491436), ('CP4', 0.11072714)]
[2026-05-30 18:54:45]     spatial_update=delta_l2=0.01399752 max_abs=0.00227889 relative=0.01172833 changed=True

[2026-05-30 18:54:45] Fold 3/5 | subject=26
[2026-05-30 18:54:45]     Train: 32 | counts=[16, 16]
[2026-05-30 18:54:45]     Test:  8 | counts=[4, 4]
[2026-05-30 18:54:45]     Model: SignalJEPA_PreLocal | Pretrained: from_pretrained | Strategy: new
[2026-05-30 18:54:45]     Normalization: none | fit_scope=none
[2026-05-30 18:54:45]     Phase 1 (new): 2,170/16,010 params
[2026-05-30 18:54:46]     Result | best_epoch=1 | stop=51 | final_phase_epochs=51 | acc=0.5000 | bal_acc=0.5000 | pred_hist=[0, 8] | collapse=True
[2026-05-30 18:54:46]     spatial_conv=[4, 29] top_abs_channels=[('Pz', 0.15187298), ('O2', 0.14529279), ('T3', 0.12713048), ('O1', 0.12169382), ('T4', 0.12114905), ('CP3', 0.12090229), ('C3', 0.11447781), ('CP4', 0.11076368)]
[2026-05-30 18:54:46]     spatial_update=delta_l2=0.01438826 max_abs=0.00215928 relative=0.01205572 changed=True

[2026-05-30 18:54:47] Fold 4/5 | subject=26
[2026-05-30 18:54:47]     Train: 32 | counts=[16, 16]
[2026-05-30 18:54:47]     Test:  8 | counts=[4, 4]
[2026-05-30 18:54:47]     Model: SignalJEPA_PreLocal | Pretrained: from_pretrained | Strategy: new
[2026-05-30 18:54:47]     Normalization: none | fit_scope=none
[2026-05-30 18:54:47]     Phase 1 (new): 2,170/16,010 params
[2026-05-30 18:54:48]     Result | best_epoch=1 | stop=51 | final_phase_epochs=51 | acc=0.5000 | bal_acc=0.5000 | pred_hist=[0, 8] | collapse=True
[2026-05-30 18:54:48]     spatial_conv=[4, 29] top_abs_channels=[('Pz', 0.15291102), ('O2', 0.14493288), ('T3', 0.12767687), ('O1', 0.12144518), ('T4', 0.12063453), ('CP3', 0.12022586), ('C3', 0.11565448), ('CP4', 0.11147346)]
[2026-05-30 18:54:48]     spatial_update=delta_l2=0.01267401 max_abs=0.00214553 relative=0.01061938 changed=True

[2026-05-30 18:54:48] Fold 5/5 | subject=26
[2026-05-30 18:54:48]     Train: 32 | counts=[16, 16]
[2026-05-30 18:54:48]     Test:  8 | counts=[4, 4]
[2026-05-30 18:54:48]     Model: SignalJEPA_PreLocal | Pretrained: from_pretrained | Strategy: new
[2026-05-30 18:54:48]     Normalization: none | fit_scope=none
[2026-05-30 18:54:48]     Phase 1 (new): 2,170/16,010 params
[2026-05-30 18:54:49]     Result | best_epoch=1 | stop=51 | final_phase_epochs=51 | acc=0.5000 | bal_acc=0.5000 | pred_hist=[0, 8] | collapse=True
[2026-05-30 18:54:49]     spatial_conv=[4, 29] top_abs_channels=[('Pz', 0.15276088), ('O2', 0.14434466), ('T3', 0.12752768), ('T4', 0.1217443), ('O1', 0.1215599), ('CP3', 0.12053218), ('C3', 0.11658739), ('Fp1', 0.11008263)]
[2026-05-30 18:54:49]     spatial_update=delta_l2=0.01416544 max_abs=0.00222184 relative=0.01186903 changed=True
[2026-05-30 18:54:49]   Subject 26: acc=0.5250±0.0500  bal_acc=0.5250±0.0500
[2026-05-30 18:54:49] \nSubject 27: 40 windows | class_counts=[20, 20]

[2026-05-30 18:54:49] Fold 1/5 | subject=27
[2026-05-30 18:54:49]     Train: 32 | counts=[16, 16]
[2026-05-30 18:54:49]     Test:  8 | counts=[4, 4]
[2026-05-30 18:54:49]     Model: SignalJEPA_PreLocal | Pretrained: from_pretrained | Strategy: new
[2026-05-30 18:54:49]     Normalization: none | fit_scope=none
[2026-05-30 18:54:49]     Phase 1 (new): 2,170/16,010 params
[2026-05-30 18:54:50]     Result | best_epoch=18 | stop=51 | final_phase_epochs=51 | acc=0.5000 | bal_acc=0.5000 | pred_hist=[0, 8] | collapse=True
[2026-05-30 18:54:50]     spatial_conv=[4, 29] top_abs_channels=[('Pz', 0.15309751), ('O2', 0.1430881), ('T3', 0.12707536), ('O1', 0.1223494), ('T4', 0.12174802), ('CP3', 0.12092532), ('C3', 0.11591312), ('CP4', 0.11051029)]
[2026-05-30 18:54:50]     spatial_update=delta_l2=0.01021546 max_abs=0.00202626 relative=0.00855939 changed=True

[2026-05-30 18:54:51] Fold 2/5 | subject=27
[2026-05-30 18:54:51]     Train: 32 | counts=[16, 16]
[2026-05-30 18:54:51]     Test:  8 | counts=[4, 4]
[2026-05-30 18:54:51]     Model: SignalJEPA_PreLocal | Pretrained: from_pretrained | Strategy: new
[2026-05-30 18:54:51]     Normalization: none | fit_scope=none
[2026-05-30 18:54:51]     Phase 1 (new): 2,170/16,010 params
[2026-05-30 18:54:52]     Result | best_epoch=2 | stop=52 | final_phase_epochs=52 | acc=0.5000 | bal_acc=0.5000 | pred_hist=[0, 8] | collapse=True
[2026-05-30 18:54:52]     spatial_conv=[4, 29] top_abs_channels=[('Pz', 0.15370923), ('O2', 0.14445406), ('T3', 0.12532723), ('O1', 0.12243785), ('T4', 0.12186834), ('CP3', 0.12092789), ('C3', 0.11657304), ('CP4', 0.11084601)]
[2026-05-30 18:54:52]     spatial_update=delta_l2=0.02338406 max_abs=0.00437561 relative=0.01959318 changed=True

[2026-05-30 18:54:52] Fold 3/5 | subject=27
[2026-05-30 18:54:52]     Train: 32 | counts=[16, 16]
[2026-05-30 18:54:52]     Test:  8 | counts=[4, 4]
[2026-05-30 18:54:52]     Model: SignalJEPA_PreLocal | Pretrained: from_pretrained | Strategy: new
[2026-05-30 18:54:52]     Normalization: none | fit_scope=none
[2026-05-30 18:54:52]     Phase 1 (new): 2,170/16,010 params
[2026-05-30 18:55:02]     Result | best_epoch=502 | stop=552 | final_phase_epochs=552 | acc=0.2500 | bal_acc=0.2500 | pred_hist=[4, 4] | collapse=False
[2026-05-30 18:55:02]     spatial_conv=[4, 29] top_abs_channels=[('O2', 0.21459833), ('P3', 0.2084436), ('CP4', 0.14830311), ('CP3', 0.14259297), ('C4', 0.13024411), ('TP7', 0.12341838), ('FCz', 0.12081175), ('T5', 0.11266372)]
[2026-05-30 18:55:02]     spatial_update=delta_l2=1.20417638 max_abs=0.31543171 relative=1.00896302 changed=True

[2026-05-30 18:55:02] Fold 4/5 | subject=27
[2026-05-30 18:55:02]     Train: 32 | counts=[16, 16]
[2026-05-30 18:55:02]     Test:  8 | counts=[4, 4]
[2026-05-30 18:55:02]     Model: SignalJEPA_PreLocal | Pretrained: from_pretrained | Strategy: new
[2026-05-30 18:55:02]     Normalization: none | fit_scope=none
[2026-05-30 18:55:02]     Phase 1 (new): 2,170/16,010 params
[2026-05-30 18:55:05]     Result | best_epoch=79 | stop=127 | final_phase_epochs=127 | acc=0.3750 | bal_acc=0.3750 | pred_hist=[5, 3] | collapse=False
[2026-05-30 18:55:05]     spatial_conv=[4, 29] top_abs_channels=[('O2', 0.15955925), ('O1', 0.14167534), ('Pz', 0.13728032), ('CP3', 0.13623515), ('FT7', 0.13307412), ('T4', 0.12118725), ('T3', 0.1203156), ('CP4', 0.11843894)]
[2026-05-30 18:55:05]     spatial_update=delta_l2=0.43797070 max_abs=0.13231543 relative=0.36696970 changed=True

[2026-05-30 18:55:05] Fold 5/5 | subject=27
[2026-05-30 18:55:05]     Train: 32 | counts=[16, 16]
[2026-05-30 18:55:05]     Test:  8 | counts=[4, 4]
[2026-05-30 18:55:05]     Model: SignalJEPA_PreLocal | Pretrained: from_pretrained | Strategy: new
[2026-05-30 18:55:05]     Normalization: none | fit_scope=none
[2026-05-30 18:55:05]     Phase 1 (new): 2,170/16,010 params
[2026-05-30 18:55:06]     Result | best_epoch=1 | stop=51 | final_phase_epochs=51 | acc=0.5000 | bal_acc=0.5000 | pred_hist=[0, 8] | collapse=True
[2026-05-30 18:55:06]     spatial_conv=[4, 29] top_abs_channels=[('Pz', 0.15284736), ('O2', 0.14425182), ('T3', 0.12652262), ('T4', 0.12263747), ('O1', 0.12190097), ('CP3', 0.1216252), ('C3', 0.11641333), ('CP4', 0.11147519)]
[2026-05-30 18:55:06]     spatial_update=delta_l2=0.01189063 max_abs=0.00229046 relative=0.00996299 changed=True
[2026-05-30 18:55:06]   Subject 27: acc=0.4250±0.1000  bal_acc=0.4250±0.1000
[2026-05-30 18:55:06] \nSubject 28: 40 windows | class_counts=[20, 20]

[2026-05-30 18:55:06] Fold 1/5 | subject=28
[2026-05-30 18:55:06]     Train: 32 | counts=[16, 16]
[2026-05-30 18:55:06]     Test:  8 | counts=[4, 4]
[2026-05-30 18:55:06]     Model: SignalJEPA_PreLocal | Pretrained: from_pretrained | Strategy: new
[2026-05-30 18:55:06]     Normalization: none | fit_scope=none
[2026-05-30 18:55:06]     Phase 1 (new): 2,170/16,010 params
[2026-05-30 18:55:10]     Result | best_epoch=165 | stop=215 | final_phase_epochs=215 | acc=0.7500 | bal_acc=0.7500 | pred_hist=[2, 6] | collapse=False
[2026-05-30 18:55:10]     spatial_conv=[4, 29] top_abs_channels=[('FCz', 0.20429535), ('CP3', 0.16728316), ('Pz', 0.14456706), ('TP8', 0.12717029), ('O2', 0.12125731), ('O1', 0.11220539), ('P4', 0.10876437), ('T4', 0.10472094)]
[2026-05-30 18:55:10]     spatial_update=delta_l2=0.68004034 max_abs=0.20551330 relative=0.56979655 changed=True

[2026-05-30 18:55:11] Fold 2/5 | subject=28
[2026-05-30 18:55:11]     Train: 32 | counts=[16, 16]
[2026-05-30 18:55:11]     Test:  8 | counts=[4, 4]
[2026-05-30 18:55:11]     Model: SignalJEPA_PreLocal | Pretrained: from_pretrained | Strategy: new
[2026-05-30 18:55:11]     Normalization: none | fit_scope=none
[2026-05-30 18:55:11]     Phase 1 (new): 2,170/16,010 params
[2026-05-30 18:55:17]     Result | best_epoch=335 | stop=385 | final_phase_epochs=385 | acc=0.6250 | bal_acc=0.6250 | pred_hist=[5, 3] | collapse=False
[2026-05-30 18:55:17]     spatial_conv=[4, 29] top_abs_channels=[('CP3', 0.19083086), ('CP4', 0.15779959), ('Pz', 0.15212315), ('T4', 0.1429612), ('O2', 0.13447884), ('T3', 0.12002638), ('C4', 0.11745502), ('FCz', 0.10849588)]
[2026-05-30 18:55:17]     spatial_update=delta_l2=0.94992335 max_abs=0.28686884 relative=0.79592787 changed=True

[2026-05-30 18:55:18] Fold 3/5 | subject=28
[2026-05-30 18:55:18]     Train: 32 | counts=[16, 16]
[2026-05-30 18:55:18]     Test:  8 | counts=[4, 4]
[2026-05-30 18:55:18]     Model: SignalJEPA_PreLocal | Pretrained: from_pretrained | Strategy: new
[2026-05-30 18:55:18]     Normalization: none | fit_scope=none
[2026-05-30 18:55:18]     Phase 1 (new): 2,170/16,010 params
[2026-05-30 18:55:22]     Result | best_epoch=217 | stop=267 | final_phase_epochs=267 | acc=0.8750 | bal_acc=0.8750 | pred_hist=[5, 3] | collapse=False
[2026-05-30 18:55:22]     spatial_conv=[4, 29] top_abs_channels=[('CP3', 0.17273912), ('FCz', 0.17159216), ('CP4', 0.13976812), ('T4', 0.13039812), ('P4', 0.12843284), ('Pz', 0.12324992), ('C3', 0.11843921), ('TP8', 0.09886476)]
[2026-05-30 18:55:22]     spatial_update=delta_l2=0.75679167 max_abs=0.18893215 relative=0.63410545 changed=True

[2026-05-30 18:55:22] Fold 4/5 | subject=28
[2026-05-30 18:55:22]     Train: 32 | counts=[16, 16]
[2026-05-30 18:55:22]     Test:  8 | counts=[4, 4]
[2026-05-30 18:55:22]     Model: SignalJEPA_PreLocal | Pretrained: from_pretrained | Strategy: new
[2026-05-30 18:55:22]     Normalization: none | fit_scope=none
[2026-05-30 18:55:22]     Phase 1 (new): 2,170/16,010 params
[2026-05-30 18:55:27]     Result | best_epoch=198 | stop=248 | final_phase_epochs=248 | acc=0.6250 | bal_acc=0.6250 | pred_hist=[5, 3] | collapse=False
[2026-05-30 18:55:27]     spatial_conv=[4, 29] top_abs_channels=[('Pz', 0.19079602), ('CP3', 0.18984078), ('O2', 0.17077601), ('T5', 0.14964074), ('CP4', 0.14600711), ('Fz', 0.11912392), ('P3', 0.11230952), ('T4', 0.10885017)]
[2026-05-30 18:55:27]     spatial_update=delta_l2=0.85251758 max_abs=0.19239435 relative=0.71431289 changed=True

[2026-05-30 18:55:27] Fold 5/5 | subject=28
[2026-05-30 18:55:27]     Train: 32 | counts=[16, 16]
[2026-05-30 18:55:27]     Test:  8 | counts=[4, 4]
[2026-05-30 18:55:27]     Model: SignalJEPA_PreLocal | Pretrained: from_pretrained | Strategy: new
[2026-05-30 18:55:27]     Normalization: none | fit_scope=none
[2026-05-30 18:55:27]     Phase 1 (new): 2,170/16,010 params
[2026-05-30 18:55:28]     Result | best_epoch=1 | stop=51 | final_phase_epochs=51 | acc=0.5000 | bal_acc=0.5000 | pred_hist=[0, 8] | collapse=True
[2026-05-30 18:55:28]     spatial_conv=[4, 29] top_abs_channels=[('Pz', 0.154351), ('O2', 0.14282398), ('T3', 0.12770353), ('O1', 0.12282193), ('T4', 0.1227109), ('CP3', 0.12112157), ('C3', 0.11534047), ('CP4', 0.11124312)]
[2026-05-30 18:55:28]     spatial_update=delta_l2=0.01424264 max_abs=0.00236476 relative=0.01193371 changed=True
[2026-05-30 18:55:28]   Subject 28: acc=0.6750±0.1275  bal_acc=0.6750±0.1275
[2026-05-30 18:55:28] \nSubject 29: 40 windows | class_counts=[20, 20]

[2026-05-30 18:55:29] Fold 1/5 | subject=29
[2026-05-30 18:55:29]     Train: 32 | counts=[16, 16]
[2026-05-30 18:55:29]     Test:  8 | counts=[4, 4]
[2026-05-30 18:55:29]     Model: SignalJEPA_PreLocal | Pretrained: from_pretrained | Strategy: new
[2026-05-30 18:55:29]     Normalization: none | fit_scope=none
[2026-05-30 18:55:29]     Phase 1 (new): 2,170/16,010 params
[2026-05-30 18:55:29]     Result | best_epoch=1 | stop=51 | final_phase_epochs=51 | acc=0.5000 | bal_acc=0.5000 | pred_hist=[0, 8] | collapse=True
[2026-05-30 18:55:29]     spatial_conv=[4, 29] top_abs_channels=[('Pz', 0.15222563), ('O2', 0.1446753), ('T3', 0.12607658), ('CP3', 0.12202262), ('T4', 0.12152265), ('O1', 0.12078594), ('C3', 0.11458293), ('CP4', 0.11060023)]
[2026-05-30 18:55:29]     spatial_update=delta_l2=0.01312592 max_abs=0.00235093 relative=0.01099803 changed=True

[2026-05-30 18:55:30] Fold 2/5 | subject=29
[2026-05-30 18:55:30]     Train: 32 | counts=[16, 16]
[2026-05-30 18:55:30]     Test:  8 | counts=[4, 4]
[2026-05-30 18:55:30]     Model: SignalJEPA_PreLocal | Pretrained: from_pretrained | Strategy: new
[2026-05-30 18:55:30]     Normalization: none | fit_scope=none
[2026-05-30 18:55:30]     Phase 1 (new): 2,170/16,010 params
[2026-05-30 18:55:40]     Result | best_epoch=512 | stop=562 | final_phase_epochs=562 | acc=0.7500 | bal_acc=0.7500 | pred_hist=[4, 4] | collapse=False
[2026-05-30 18:55:40]     spatial_conv=[4, 29] top_abs_channels=[('O2', 0.16693632), ('F4', 0.13675156), ('CP4', 0.13577326), ('FC4', 0.1188394), ('FCz', 0.11473484), ('FT8', 0.10581142), ('T4', 0.10286478), ('TP8', 0.10197048)]
[2026-05-30 18:55:40]     spatial_update=delta_l2=1.19160625 max_abs=0.30767036 relative=0.99843068 changed=True

[2026-05-30 18:55:40] Fold 3/5 | subject=29
[2026-05-30 18:55:40]     Train: 32 | counts=[16, 16]
[2026-05-30 18:55:40]     Test:  8 | counts=[4, 4]
[2026-05-30 18:55:40]     Model: SignalJEPA_PreLocal | Pretrained: from_pretrained | Strategy: new
[2026-05-30 18:55:40]     Normalization: none | fit_scope=none
[2026-05-30 18:55:40]     Phase 1 (new): 2,170/16,010 params
[2026-05-30 18:55:41]     Result | best_epoch=1 | stop=51 | final_phase_epochs=51 | acc=0.5000 | bal_acc=0.5000 | pred_hist=[0, 8] | collapse=True
[2026-05-30 18:55:41]     spatial_conv=[4, 29] top_abs_channels=[('Pz', 0.15221798), ('O2', 0.14433621), ('T3', 0.12615049), ('T4', 0.12278701), ('CP3', 0.12190607), ('O1', 0.12098578), ('C3', 0.11477765), ('CP4', 0.11121637)]
[2026-05-30 18:55:41]     spatial_update=delta_l2=0.01270835 max_abs=0.00219177 relative=0.01064816 changed=True

[2026-05-30 18:55:42] Fold 4/5 | subject=29
[2026-05-30 18:55:42]     Train: 32 | counts=[16, 16]
[2026-05-30 18:55:42]     Test:  8 | counts=[4, 4]
[2026-05-30 18:55:42]     Model: SignalJEPA_PreLocal | Pretrained: from_pretrained | Strategy: new
[2026-05-30 18:55:42]     Normalization: none | fit_scope=none
[2026-05-30 18:55:42]     Phase 1 (new): 2,170/16,010 params
[2026-05-30 18:55:46]     Result | best_epoch=173 | stop=223 | final_phase_epochs=223 | acc=0.6250 | bal_acc=0.6250 | pred_hist=[5, 3] | collapse=False
[2026-05-30 18:55:46]     spatial_conv=[4, 29] top_abs_channels=[('Pz', 0.17159608), ('Fp1', 0.13803801), ('F4', 0.13544792), ('P3', 0.13477111), ('Cz', 0.128555), ('CP3', 0.12833759), ('O2', 0.12621099), ('FCz', 0.1259678)]
[2026-05-30 18:55:46]     spatial_update=delta_l2=0.73509990 max_abs=0.20104273 relative=0.61593021 changed=True

[2026-05-30 18:55:46] Fold 5/5 | subject=29
[2026-05-30 18:55:46]     Train: 32 | counts=[16, 16]
[2026-05-30 18:55:46]     Test:  8 | counts=[4, 4]
[2026-05-30 18:55:46]     Model: SignalJEPA_PreLocal | Pretrained: from_pretrained | Strategy: new
[2026-05-30 18:55:46]     Normalization: none | fit_scope=none
[2026-05-30 18:55:46]     Phase 1 (new): 2,170/16,010 params
[2026-05-30 18:55:58]     Result | best_epoch=609 | stop=659 | final_phase_epochs=659 | acc=0.3750 | bal_acc=0.3750 | pred_hist=[5, 3] | collapse=False
[2026-05-30 18:55:58]     spatial_conv=[4, 29] top_abs_channels=[('O2', 0.16629297), ('FCz', 0.14449307), ('CP3', 0.14196779), ('Fz', 0.1395116), ('C4', 0.12810272), ('FC3', 0.12499359), ('F4', 0.12241772), ('FC4', 0.11939248)]
[2026-05-30 18:55:58]     spatial_update=delta_l2=1.15915609 max_abs=0.37847490 relative=0.97124113 changed=True
[2026-05-30 18:55:58]   Subject 29: acc=0.5500±0.1275  bal_acc=0.5500±0.1275
[2026-05-30 18:55:58] \nSubject 30: 40 windows | class_counts=[20, 20]

[2026-05-30 18:55:58] Fold 1/5 | subject=30
[2026-05-30 18:55:58]     Train: 32 | counts=[16, 16]
[2026-05-30 18:55:58]     Test:  8 | counts=[4, 4]
[2026-05-30 18:55:58]     Model: SignalJEPA_PreLocal | Pretrained: from_pretrained | Strategy: new
[2026-05-30 18:55:58]     Normalization: none | fit_scope=none
[2026-05-30 18:55:58]     Phase 1 (new): 2,170/16,010 params
[2026-05-30 18:56:17]     Result | best_epoch=1019 | stop=1069 | final_phase_epochs=1069 | acc=0.6250 | bal_acc=0.6250 | pred_hist=[5, 3] | collapse=False
[2026-05-30 18:56:17]     spatial_conv=[4, 29] top_abs_channels=[('P4', 0.15040025), ('C4', 0.15036343), ('FCz', 0.14841399), ('CP4', 0.13913712), ('F7', 0.1365539), ('Fz', 0.13533756), ('Cz', 0.13473709), ('T3', 0.12270063)]
[2026-05-30 18:56:17]     spatial_update=delta_l2=1.27970418 max_abs=0.34763838 relative=1.07224673 changed=True

[2026-05-30 18:56:18] Fold 2/5 | subject=30
[2026-05-30 18:56:18]     Train: 32 | counts=[16, 16]
[2026-05-30 18:56:18]     Test:  8 | counts=[4, 4]
[2026-05-30 18:56:18]     Model: SignalJEPA_PreLocal | Pretrained: from_pretrained | Strategy: new
[2026-05-30 18:56:18]     Normalization: none | fit_scope=none
[2026-05-30 18:56:18]     Phase 1 (new): 2,170/16,010 params
[2026-05-30 18:56:23]     Result | best_epoch=246 | stop=296 | final_phase_epochs=296 | acc=0.6250 | bal_acc=0.6250 | pred_hist=[5, 3] | collapse=False
[2026-05-30 18:56:23]     spatial_conv=[4, 29] top_abs_channels=[('CP4', 0.17962369), ('FCz', 0.14377639), ('Fz', 0.13260987), ('P4', 0.1287111), ('T3', 0.1266185), ('T6', 0.12441675), ('Cz', 0.12374813), ('F7', 0.12181032)]
[2026-05-30 18:56:23]     spatial_update=delta_l2=1.11697642 max_abs=0.30141213 relative=0.93589936 changed=True

[2026-05-30 18:56:23] Fold 3/5 | subject=30
[2026-05-30 18:56:23]     Train: 32 | counts=[16, 16]
[2026-05-30 18:56:23]     Test:  8 | counts=[4, 4]
[2026-05-30 18:56:23]     Model: SignalJEPA_PreLocal | Pretrained: from_pretrained | Strategy: new
[2026-05-30 18:56:23]     Normalization: none | fit_scope=none
[2026-05-30 18:56:23]     Phase 1 (new): 2,170/16,010 params
[2026-05-30 18:56:52]     Result | best_epoch=1579 | stop=1629 | final_phase_epochs=1629 | acc=0.6250 | bal_acc=0.6250 | pred_hist=[5, 3] | collapse=False
[2026-05-30 18:56:52]     spatial_conv=[4, 29] top_abs_channels=[('CP4', 0.19635768), ('FC3', 0.17181715), ('FCz', 0.16418022), ('P4', 0.16356221), ('F3', 0.14215848), ('CP3', 0.1367698), ('F4', 0.13392615), ('Fp1', 0.1295592)]
[2026-05-30 18:56:52]     spatial_update=delta_l2=1.40928986 max_abs=0.36072265 relative=1.18082482 changed=True

[2026-05-30 18:56:53] Fold 4/5 | subject=30
[2026-05-30 18:56:53]     Train: 32 | counts=[16, 16]
[2026-05-30 18:56:53]     Test:  8 | counts=[4, 4]
[2026-05-30 18:56:53]     Model: SignalJEPA_PreLocal | Pretrained: from_pretrained | Strategy: new
[2026-05-30 18:56:53]     Normalization: none | fit_scope=none
[2026-05-30 18:56:53]     Phase 1 (new): 2,170/16,010 params
[2026-05-30 18:56:59]     Result | best_epoch=287 | stop=336 | final_phase_epochs=336 | acc=0.6250 | bal_acc=0.6250 | pred_hist=[3, 5] | collapse=False
[2026-05-30 18:56:59]     spatial_conv=[4, 29] top_abs_channels=[('P4', 0.20434922), ('Fz', 0.16321829), ('O2', 0.1540667), ('FCz', 0.14798456), ('T3', 0.14661719), ('F7', 0.1239657), ('Pz', 0.10232562), ('Fp1', 0.09853111)]
[2026-05-30 18:56:59]     spatial_update=delta_l2=1.15609939 max_abs=0.29514417 relative=0.96867996 changed=True

[2026-05-30 18:56:59] Fold 5/5 | subject=30
[2026-05-30 18:56:59]     Train: 32 | counts=[16, 16]
[2026-05-30 18:56:59]     Test:  8 | counts=[4, 4]
[2026-05-30 18:56:59]     Model: SignalJEPA_PreLocal | Pretrained: from_pretrained | Strategy: new
[2026-05-30 18:56:59]     Normalization: none | fit_scope=none
[2026-05-30 18:56:59]     Phase 1 (new): 2,170/16,010 params
[2026-05-30 18:57:03]     Result | best_epoch=151 | stop=201 | final_phase_epochs=201 | acc=0.6250 | bal_acc=0.6250 | pred_hist=[5, 3] | collapse=False
[2026-05-30 18:57:03]     spatial_conv=[4, 29] top_abs_channels=[('CP4', 0.15741053), ('P4', 0.15302597), ('Fp1', 0.13370118), ('T6', 0.12589224), ('C4', 0.12358879), ('O2', 0.12174635), ('FCz', 0.12015274), ('T3', 0.11500526)]
[2026-05-30 18:57:03]     spatial_update=delta_l2=0.89547977 max_abs=0.20079207 relative=0.75031032 changed=True
[2026-05-30 18:57:03]   Subject 30: acc=0.6250±0.0000  bal_acc=0.6250±0.0000
[2026-05-30 18:57:03] \nSubject 31: 40 windows | class_counts=[20, 20]

[2026-05-30 18:57:03] Fold 1/5 | subject=31
[2026-05-30 18:57:03]     Train: 32 | counts=[16, 16]
[2026-05-30 18:57:03]     Test:  8 | counts=[4, 4]
[2026-05-30 18:57:03]     Model: SignalJEPA_PreLocal | Pretrained: from_pretrained | Strategy: new
[2026-05-30 18:57:03]     Normalization: none | fit_scope=none
[2026-05-30 18:57:03]     Phase 1 (new): 2,170/16,010 params
[2026-05-30 18:57:04]     Result | best_epoch=4 | stop=54 | final_phase_epochs=54 | acc=0.5000 | bal_acc=0.5000 | pred_hist=[0, 8] | collapse=True
[2026-05-30 18:57:04]     spatial_conv=[4, 29] top_abs_channels=[('Pz', 0.15190166), ('O2', 0.14484563), ('T3', 0.12827338), ('T4', 0.12324318), ('O1', 0.12025937), ('CP3', 0.12013525), ('C3', 0.11396606), ('Fp1', 0.11093301)]
[2026-05-30 18:57:04]     spatial_update=delta_l2=0.03461250 max_abs=0.00749559 relative=0.02900134 changed=True

[2026-05-30 18:57:05] Fold 2/5 | subject=31
[2026-05-30 18:57:05]     Train: 32 | counts=[16, 16]
[2026-05-30 18:57:05]     Test:  8 | counts=[4, 4]
[2026-05-30 18:57:05]     Model: SignalJEPA_PreLocal | Pretrained: from_pretrained | Strategy: new
[2026-05-30 18:57:05]     Normalization: none | fit_scope=none
[2026-05-30 18:57:05]     Phase 1 (new): 2,170/16,010 params
[2026-05-30 18:57:06]     Result | best_epoch=41 | stop=91 | final_phase_epochs=91 | acc=0.7500 | bal_acc=0.7500 | pred_hist=[2, 6] | collapse=False
[2026-05-30 18:57:06]     spatial_conv=[4, 29] top_abs_channels=[('Pz', 0.16082375), ('O2', 0.14956293), ('T4', 0.1463057), ('CP3', 0.13213171), ('CP4', 0.12359758), ('T3', 0.12321221), ('F7', 0.11643793), ('C3', 0.11498768)]
[2026-05-30 18:57:06]     spatial_update=delta_l2=0.28907021 max_abs=0.06906664 relative=0.24220800 changed=True

[2026-05-30 18:57:07] Fold 3/5 | subject=31
[2026-05-30 18:57:07]     Train: 32 | counts=[16, 16]
[2026-05-30 18:57:07]     Test:  8 | counts=[4, 4]
[2026-05-30 18:57:07]     Model: SignalJEPA_PreLocal | Pretrained: from_pretrained | Strategy: new
[2026-05-30 18:57:07]     Normalization: none | fit_scope=none
[2026-05-30 18:57:07]     Phase 1 (new): 2,170/16,010 params
[2026-05-30 18:57:11]     Result | best_epoch=162 | stop=212 | final_phase_epochs=212 | acc=0.3750 | bal_acc=0.3750 | pred_hist=[5, 3] | collapse=False
[2026-05-30 18:57:11]     spatial_conv=[4, 29] top_abs_channels=[('CP4', 0.20176557), ('CP3', 0.16451618), ('O2', 0.16291711), ('Pz', 0.14410692), ('T6', 0.13462625), ('O1', 0.13321958), ('FT7', 0.1222157), ('C3', 0.11219124)]
[2026-05-30 18:57:11]     spatial_update=delta_l2=0.71453946 max_abs=0.24061131 relative=0.59870290 changed=True

[2026-05-30 18:57:11] Fold 4/5 | subject=31
[2026-05-30 18:57:11]     Train: 32 | counts=[16, 16]
[2026-05-30 18:57:11]     Test:  8 | counts=[4, 4]
[2026-05-30 18:57:11]     Model: SignalJEPA_PreLocal | Pretrained: from_pretrained | Strategy: new
[2026-05-30 18:57:11]     Normalization: none | fit_scope=none
[2026-05-30 18:57:11]     Phase 1 (new): 2,170/16,010 params
[2026-05-30 18:57:17]     Result | best_epoch=271 | stop=321 | final_phase_epochs=321 | acc=0.6250 | bal_acc=0.6250 | pred_hist=[5, 3] | collapse=False
[2026-05-30 18:57:17]     spatial_conv=[4, 29] top_abs_channels=[('CP4', 0.18563338), ('P4', 0.18407884), ('T6', 0.16437672), ('T4', 0.14953122), ('F3', 0.13168019), ('O2', 0.11646223), ('C4', 0.11503892), ('FT7', 0.11491032)]
[2026-05-30 18:57:17]     spatial_update=delta_l2=0.94036998 max_abs=0.26759436 relative=0.78792322 changed=True

[2026-05-30 18:57:18] Fold 5/5 | subject=31
[2026-05-30 18:57:18]     Train: 32 | counts=[16, 16]
[2026-05-30 18:57:18]     Test:  8 | counts=[4, 4]
[2026-05-30 18:57:18]     Model: SignalJEPA_PreLocal | Pretrained: from_pretrained | Strategy: new
[2026-05-30 18:57:18]     Normalization: none | fit_scope=none
[2026-05-30 18:57:18]     Phase 1 (new): 2,170/16,010 params
[2026-05-30 18:57:19]     Result | best_epoch=51 | stop=101 | final_phase_epochs=101 | acc=0.5000 | bal_acc=0.5000 | pred_hist=[2, 6] | collapse=False
[2026-05-30 18:57:19]     spatial_conv=[4, 29] top_abs_channels=[('O2', 0.14532298), ('Pz', 0.1359057), ('CP4', 0.12772994), ('T3', 0.11893752), ('C3', 0.1181872), ('Fz', 0.11604057), ('O1', 0.11326354), ('CP3', 0.11268651)]
[2026-05-30 18:57:19]     spatial_update=delta_l2=0.31364919 max_abs=0.07927983 relative=0.26280239 changed=True
[2026-05-30 18:57:19]   Subject 31: acc=0.5500±0.1275  bal_acc=0.5500±0.1275
[2026-05-30 18:57:19] \nSubject 32: 40 windows | class_counts=[20, 20]

[2026-05-30 18:57:20] Fold 1/5 | subject=32
[2026-05-30 18:57:20]     Train: 32 | counts=[16, 16]
[2026-05-30 18:57:20]     Test:  8 | counts=[4, 4]
[2026-05-30 18:57:20]     Model: SignalJEPA_PreLocal | Pretrained: from_pretrained | Strategy: new
[2026-05-30 18:57:20]     Normalization: none | fit_scope=none
[2026-05-30 18:57:20]     Phase 1 (new): 2,170/16,010 params
[2026-05-30 18:57:21]     Result | best_epoch=1 | stop=51 | final_phase_epochs=51 | acc=0.5000 | bal_acc=0.5000 | pred_hist=[0, 8] | collapse=True
[2026-05-30 18:57:21]     spatial_conv=[4, 29] top_abs_channels=[('Pz', 0.15296064), ('O2', 0.14506531), ('T3', 0.1269251), ('T4', 0.1226453), ('O1', 0.12132302), ('CP3', 0.12062002), ('C3', 0.11533612), ('CP4', 0.11052499)]
[2026-05-30 18:57:21]     spatial_update=delta_l2=0.01260778 max_abs=0.00228048 relative=0.01056388 changed=True

[2026-05-30 18:57:21] Fold 2/5 | subject=32
[2026-05-30 18:57:21]     Train: 32 | counts=[16, 16]
[2026-05-30 18:57:21]     Test:  8 | counts=[4, 4]
[2026-05-30 18:57:21]     Model: SignalJEPA_PreLocal | Pretrained: from_pretrained | Strategy: new
[2026-05-30 18:57:21]     Normalization: none | fit_scope=none
[2026-05-30 18:57:21]     Phase 1 (new): 2,170/16,010 params
[2026-05-30 18:57:25]     Result | best_epoch=172 | stop=222 | final_phase_epochs=222 | acc=0.3750 | bal_acc=0.3750 | pred_hist=[5, 3] | collapse=False
[2026-05-30 18:57:25]     spatial_conv=[4, 29] top_abs_channels=[('Pz', 0.19138825), ('O2', 0.16582108), ('P4', 0.13691734), ('C4', 0.13518564), ('O1', 0.12288741), ('FC3', 0.11925825), ('TP7', 0.1160105), ('CP4', 0.11191005)]
[2026-05-30 18:57:25]     spatial_update=delta_l2=0.87007824 max_abs=0.27822672 relative=0.72902673 changed=True

[2026-05-30 18:57:26] Fold 3/5 | subject=32
[2026-05-30 18:57:26]     Train: 32 | counts=[16, 16]
[2026-05-30 18:57:26]     Test:  8 | counts=[4, 4]
[2026-05-30 18:57:26]     Model: SignalJEPA_PreLocal | Pretrained: from_pretrained | Strategy: new
[2026-05-30 18:57:26]     Normalization: none | fit_scope=none
[2026-05-30 18:57:26]     Phase 1 (new): 2,170/16,010 params
[2026-05-30 18:57:27]     Result | best_epoch=1 | stop=51 | final_phase_epochs=51 | acc=0.5000 | bal_acc=0.5000 | pred_hist=[0, 8] | collapse=True
[2026-05-30 18:57:27]     spatial_conv=[4, 29] top_abs_channels=[('Pz', 0.15262717), ('O2', 0.14530754), ('T3', 0.12677552), ('T4', 0.12221241), ('O1', 0.12127315), ('CP3', 0.12105031), ('C3', 0.11537164), ('CP4', 0.1106957)]
[2026-05-30 18:57:27]     spatial_update=delta_l2=0.01213534 max_abs=0.00224544 relative=0.01016804 changed=True

[2026-05-30 18:57:27] Fold 4/5 | subject=32
[2026-05-30 18:57:27]     Train: 32 | counts=[16, 16]
[2026-05-30 18:57:27]     Test:  8 | counts=[4, 4]
[2026-05-30 18:57:27]     Model: SignalJEPA_PreLocal | Pretrained: from_pretrained | Strategy: new
[2026-05-30 18:57:27]     Normalization: none | fit_scope=none
[2026-05-30 18:57:27]     Phase 1 (new): 2,170/16,010 params
[2026-05-30 18:57:28]     Result | best_epoch=1 | stop=51 | final_phase_epochs=51 | acc=0.5000 | bal_acc=0.5000 | pred_hist=[0, 8] | collapse=True
[2026-05-30 18:57:28]     spatial_conv=[4, 29] top_abs_channels=[('Pz', 0.1536658), ('O2', 0.14470221), ('T3', 0.12753375), ('T4', 0.12236257), ('O1', 0.12095532), ('CP3', 0.12068332), ('C3', 0.11482707), ('CP4', 0.11118033)]
[2026-05-30 18:57:28]     spatial_update=delta_l2=0.01306496 max_abs=0.00230866 relative=0.01094696 changed=True

[2026-05-30 18:57:28] Fold 5/5 | subject=32
[2026-05-30 18:57:28]     Train: 32 | counts=[16, 16]
[2026-05-30 18:57:28]     Test:  8 | counts=[4, 4]
[2026-05-30 18:57:28]     Model: SignalJEPA_PreLocal | Pretrained: from_pretrained | Strategy: new
[2026-05-30 18:57:28]     Normalization: none | fit_scope=none
[2026-05-30 18:57:28]     Phase 1 (new): 2,170/16,010 params
[2026-05-30 18:57:29]     Result | best_epoch=1 | stop=51 | final_phase_epochs=51 | acc=0.5000 | bal_acc=0.5000 | pred_hist=[0, 8] | collapse=True
[2026-05-30 18:57:29]     spatial_conv=[4, 29] top_abs_channels=[('Pz', 0.15381452), ('O2', 0.14501421), ('T3', 0.1265361), ('T4', 0.12205356), ('O1', 0.12149904), ('CP3', 0.12058757), ('C3', 0.11510885), ('CP4', 0.11152864)]
[2026-05-30 18:57:29]     spatial_update=delta_l2=0.01169992 max_abs=0.00200150 relative=0.00980320 changed=True
[2026-05-30 18:57:29]   Subject 32: acc=0.4750±0.0500  bal_acc=0.4750±0.0500
[2026-05-30 18:57:29] \nSubject 33: 40 windows | class_counts=[20, 20]

[2026-05-30 18:57:30] Fold 1/5 | subject=33
[2026-05-30 18:57:30]     Train: 32 | counts=[16, 16]
[2026-05-30 18:57:30]     Test:  8 | counts=[4, 4]
[2026-05-30 18:57:30]     Model: SignalJEPA_PreLocal | Pretrained: from_pretrained | Strategy: new
[2026-05-30 18:57:30]     Normalization: none | fit_scope=none
[2026-05-30 18:57:30]     Phase 1 (new): 2,170/16,010 params
[2026-05-30 18:57:31]     Result | best_epoch=1 | stop=51 | final_phase_epochs=51 | acc=0.5000 | bal_acc=0.5000 | pred_hist=[0, 8] | collapse=True
[2026-05-30 18:57:31]     spatial_conv=[4, 29] top_abs_channels=[('Pz', 0.15189487), ('O2', 0.14345211), ('T3', 0.12697658), ('T4', 0.12242468), ('O1', 0.12212697), ('CP3', 0.11959653), ('C3', 0.11589018), ('CP4', 0.11019981)]
[2026-05-30 18:57:31]     spatial_update=delta_l2=0.01387031 max_abs=0.00225162 relative=0.01162174 changed=True

[2026-05-30 18:57:31] Fold 2/5 | subject=33
[2026-05-30 18:57:31]     Train: 32 | counts=[16, 16]
[2026-05-30 18:57:31]     Test:  8 | counts=[4, 4]
[2026-05-30 18:57:31]     Model: SignalJEPA_PreLocal | Pretrained: from_pretrained | Strategy: new
[2026-05-30 18:57:31]     Normalization: none | fit_scope=none
[2026-05-30 18:57:31]     Phase 1 (new): 2,170/16,010 params
[2026-05-30 18:57:32]     Result | best_epoch=1 | stop=51 | final_phase_epochs=51 | acc=0.5000 | bal_acc=0.5000 | pred_hist=[0, 8] | collapse=True
[2026-05-30 18:57:32]     spatial_conv=[4, 29] top_abs_channels=[('Pz', 0.15312184), ('O2', 0.14288376), ('T3', 0.12635407), ('O1', 0.12263928), ('T4', 0.12205946), ('CP3', 0.12132077), ('C3', 0.11507745), ('CP4', 0.11067089)]
[2026-05-30 18:57:32]     spatial_update=delta_l2=0.01280081 max_abs=0.00206421 relative=0.01072563 changed=True

[2026-05-30 18:57:33] Fold 3/5 | subject=33
[2026-05-30 18:57:33]     Train: 32 | counts=[16, 16]
[2026-05-30 18:57:33]     Test:  8 | counts=[4, 4]
[2026-05-30 18:57:33]     Model: SignalJEPA_PreLocal | Pretrained: from_pretrained | Strategy: new
[2026-05-30 18:57:33]     Normalization: none | fit_scope=none
[2026-05-30 18:57:33]     Phase 1 (new): 2,170/16,010 params
[2026-05-30 18:57:34]     Result | best_epoch=1 | stop=51 | final_phase_epochs=51 | acc=0.5000 | bal_acc=0.5000 | pred_hist=[0, 8] | collapse=True
[2026-05-30 18:57:34]     spatial_conv=[4, 29] top_abs_channels=[('Pz', 0.15310179), ('O2', 0.14302732), ('T3', 0.12754875), ('T4', 0.12280641), ('O1', 0.12222625), ('CP3', 0.12032168), ('C3', 0.11542917), ('CP4', 0.11071839)]
[2026-05-30 18:57:34]     spatial_update=delta_l2=0.01335235 max_abs=0.00221479 relative=0.01118775 changed=True

[2026-05-30 18:57:34] Fold 4/5 | subject=33
[2026-05-30 18:57:34]     Train: 32 | counts=[16, 16]
[2026-05-30 18:57:34]     Test:  8 | counts=[4, 4]
[2026-05-30 18:57:34]     Model: SignalJEPA_PreLocal | Pretrained: from_pretrained | Strategy: new
[2026-05-30 18:57:34]     Normalization: none | fit_scope=none
[2026-05-30 18:57:34]     Phase 1 (new): 2,170/16,010 params
[2026-05-30 18:57:36]     Result | best_epoch=91 | stop=141 | final_phase_epochs=141 | acc=0.1250 | bal_acc=0.1250 | pred_hist=[5, 3] | collapse=False
[2026-05-30 18:57:36]     spatial_conv=[4, 29] top_abs_channels=[('Pz', 0.16762601), ('O1', 0.16331682), ('T3', 0.13833594), ('O2', 0.13829359), ('FCz', 0.13717876), ('CP3', 0.13641572), ('FC4', 0.13175853), ('F7', 0.12261464)]
[2026-05-30 18:57:36]     spatial_update=delta_l2=0.63820838 max_abs=0.14945582 relative=0.53474612 changed=True

[2026-05-30 18:57:37] Fold 5/5 | subject=33
[2026-05-30 18:57:37]     Train: 32 | counts=[16, 16]
[2026-05-30 18:57:37]     Test:  8 | counts=[4, 4]
[2026-05-30 18:57:37]     Model: SignalJEPA_PreLocal | Pretrained: from_pretrained | Strategy: new
[2026-05-30 18:57:37]     Normalization: none | fit_scope=none
[2026-05-30 18:57:37]     Phase 1 (new): 2,170/16,010 params
[2026-05-30 18:57:38]     Result | best_epoch=1 | stop=51 | final_phase_epochs=51 | acc=0.5000 | bal_acc=0.5000 | pred_hist=[0, 8] | collapse=True
[2026-05-30 18:57:38]     spatial_conv=[4, 29] top_abs_channels=[('Pz', 0.15275785), ('O2', 0.14329986), ('T3', 0.12580447), ('T4', 0.12288064), ('O1', 0.12280334), ('CP3', 0.12006669), ('C3', 0.1160927), ('CP4', 0.11092713)]
[2026-05-30 18:57:38]     spatial_update=delta_l2=0.01227547 max_abs=0.00226528 relative=0.01028545 changed=True
[2026-05-30 18:57:38]   Subject 33: acc=0.4250±0.1500  bal_acc=0.4250±0.1500
[2026-05-30 18:57:38] \nSubject 34: 40 windows | class_counts=[20, 20]

[2026-05-30 18:57:38] Fold 1/5 | subject=34
[2026-05-30 18:57:38]     Train: 32 | counts=[16, 16]
[2026-05-30 18:57:38]     Test:  8 | counts=[4, 4]
[2026-05-30 18:57:38]     Model: SignalJEPA_PreLocal | Pretrained: from_pretrained | Strategy: new
[2026-05-30 18:57:38]     Normalization: none | fit_scope=none
[2026-05-30 18:57:38]     Phase 1 (new): 2,170/16,010 params
[2026-05-30 18:57:40]     Result | best_epoch=44 | stop=94 | final_phase_epochs=94 | acc=0.8750 | bal_acc=0.8750 | pred_hist=[3, 5] | collapse=False
[2026-05-30 18:57:40]     spatial_conv=[4, 29] top_abs_channels=[('Pz', 0.14714403), ('O2', 0.14492455), ('T3', 0.13259052), ('O1', 0.12816462), ('FCz', 0.12037317), ('T5', 0.11826237), ('Fp1', 0.11572464), ('T4', 0.11135688)]
[2026-05-30 18:57:40]     spatial_update=delta_l2=0.37450866 max_abs=0.08192411 relative=0.31379571 changed=True

[2026-05-30 18:57:40] Fold 2/5 | subject=34
[2026-05-30 18:57:40]     Train: 32 | counts=[16, 16]
[2026-05-30 18:57:40]     Test:  8 | counts=[4, 4]
[2026-05-30 18:57:40]     Model: SignalJEPA_PreLocal | Pretrained: from_pretrained | Strategy: new
[2026-05-30 18:57:40]     Normalization: none | fit_scope=none
[2026-05-30 18:57:40]     Phase 1 (new): 2,170/16,010 params
[2026-05-30 18:57:48]     Result | best_epoch=404 | stop=454 | final_phase_epochs=454 | acc=0.6250 | bal_acc=0.6250 | pred_hist=[5, 3] | collapse=False
[2026-05-30 18:57:48]     spatial_conv=[4, 29] top_abs_channels=[('FCz', 0.25373062), ('T4', 0.18274671), ('CP3', 0.17386529), ('O2', 0.15386204), ('T3', 0.12544906), ('O1', 0.1200958), ('T5', 0.11384575), ('C3', 0.10846143)]
[2026-05-30 18:57:48]     spatial_update=delta_l2=1.01957961 max_abs=0.24031039 relative=0.85429189 changed=True

[2026-05-30 18:57:49] Fold 3/5 | subject=34
[2026-05-30 18:57:49]     Train: 32 | counts=[16, 16]
[2026-05-30 18:57:49]     Test:  8 | counts=[4, 4]
[2026-05-30 18:57:49]     Model: SignalJEPA_PreLocal | Pretrained: from_pretrained | Strategy: new
[2026-05-30 18:57:49]     Normalization: none | fit_scope=none
[2026-05-30 18:57:49]     Phase 1 (new): 2,170/16,010 params
[2026-05-30 18:57:57]     Result | best_epoch=424 | stop=474 | final_phase_epochs=474 | acc=0.7500 | bal_acc=0.7500 | pred_hist=[2, 6] | collapse=False
[2026-05-30 18:57:57]     spatial_conv=[4, 29] top_abs_channels=[('O2', 0.22440785), ('FC3', 0.17760631), ('FT7', 0.15265289), ('FC4', 0.15213273), ('P4', 0.14769809), ('C4', 0.14495599), ('O1', 0.12936339), ('CP4', 0.11881995)]
[2026-05-30 18:57:57]     spatial_update=delta_l2=1.16749698 max_abs=0.36597206 relative=0.97822985 changed=True

[2026-05-30 18:57:58] Fold 4/5 | subject=34
[2026-05-30 18:57:58]     Train: 32 | counts=[16, 16]
[2026-05-30 18:57:58]     Test:  8 | counts=[4, 4]
[2026-05-30 18:57:58]     Model: SignalJEPA_PreLocal | Pretrained: from_pretrained | Strategy: new
[2026-05-30 18:57:58]     Normalization: none | fit_scope=none
[2026-05-30 18:57:58]     Phase 1 (new): 2,170/16,010 params
[2026-05-30 18:58:05]     Result | best_epoch=353 | stop=403 | final_phase_epochs=403 | acc=1.0000 | bal_acc=1.0000 | pred_hist=[4, 4] | collapse=False
[2026-05-30 18:58:05]     spatial_conv=[4, 29] top_abs_channels=[('C4', 0.16754226), ('TP8', 0.15753387), ('CP3', 0.15174101), ('FT7', 0.13934942), ('F3', 0.13000825), ('O2', 0.12570947), ('FCz', 0.12500453), ('FT8', 0.12281723)]
[2026-05-30 18:58:05]     spatial_update=delta_l2=1.07401120 max_abs=0.31805053 relative=0.89989938 changed=True

[2026-05-30 18:58:05] Fold 5/5 | subject=34
[2026-05-30 18:58:05]     Train: 32 | counts=[16, 16]
[2026-05-30 18:58:05]     Test:  8 | counts=[4, 4]
[2026-05-30 18:58:05]     Model: SignalJEPA_PreLocal | Pretrained: from_pretrained | Strategy: new
[2026-05-30 18:58:05]     Normalization: none | fit_scope=none
[2026-05-30 18:58:05]     Phase 1 (new): 2,170/16,010 params
[2026-05-30 18:58:06]     Result | best_epoch=7 | stop=51 | final_phase_epochs=51 | acc=0.5000 | bal_acc=0.5000 | pred_hist=[0, 8] | collapse=True
[2026-05-30 18:58:06]     spatial_conv=[4, 29] top_abs_channels=[('Pz', 0.15154657), ('O2', 0.14548098), ('T3', 0.12631565), ('T4', 0.12286887), ('O1', 0.12175442), ('CP3', 0.12159042), ('C3', 0.11514095), ('CP4', 0.11029711)]
[2026-05-30 18:58:06]     spatial_update=delta_l2=0.01492014 max_abs=0.00228844 relative=0.01250138 changed=True
[2026-05-30 18:58:06]   Subject 34: acc=0.7500±0.1768  bal_acc=0.7500±0.1768
[2026-05-30 18:58:06] \nSubject 35: 40 windows | class_counts=[20, 20]

[2026-05-30 18:58:07] Fold 1/5 | subject=35
[2026-05-30 18:58:07]     Train: 32 | counts=[16, 16]
[2026-05-30 18:58:07]     Test:  8 | counts=[4, 4]
[2026-05-30 18:58:07]     Model: SignalJEPA_PreLocal | Pretrained: from_pretrained | Strategy: new
[2026-05-30 18:58:07]     Normalization: none | fit_scope=none
[2026-05-30 18:58:07]     Phase 1 (new): 2,170/16,010 params
[2026-05-30 18:58:09]     Result | best_epoch=80 | stop=130 | final_phase_epochs=130 | acc=0.3750 | bal_acc=0.3750 | pred_hist=[5, 3] | collapse=False
[2026-05-30 18:58:09]     spatial_conv=[4, 29] top_abs_channels=[('CP4', 0.16071364), ('Pz', 0.15491745), ('T3', 0.14158416), ('Fz', 0.1413182), ('P3', 0.13264), ('O2', 0.12900002), ('T4', 0.12478876), ('P4', 0.1106521)]
[2026-05-30 18:58:09]     spatial_update=delta_l2=0.59794461 max_abs=0.13906710 relative=0.50100966 changed=True

[2026-05-30 18:58:09] Fold 2/5 | subject=35
[2026-05-30 18:58:09]     Train: 32 | counts=[16, 16]
[2026-05-30 18:58:09]     Test:  8 | counts=[4, 4]
[2026-05-30 18:58:09]     Model: SignalJEPA_PreLocal | Pretrained: from_pretrained | Strategy: new
[2026-05-30 18:58:09]     Normalization: none | fit_scope=none
[2026-05-30 18:58:09]     Phase 1 (new): 2,170/16,010 params
[2026-05-30 18:58:17]     Result | best_epoch=366 | stop=416 | final_phase_epochs=416 | acc=0.6250 | bal_acc=0.6250 | pred_hist=[3, 5] | collapse=False
[2026-05-30 18:58:17]     spatial_conv=[4, 29] top_abs_channels=[('CP4', 0.16313256), ('Pz', 0.15687568), ('C4', 0.15653607), ('FC3', 0.15570587), ('Oz', 0.14790754), ('Fz', 0.14749348), ('T4', 0.14097604), ('TP8', 0.11871609)]
[2026-05-30 18:58:17]     spatial_update=delta_l2=1.05952633 max_abs=0.28189296 relative=0.88776271 changed=True

[2026-05-30 18:58:17] Fold 3/5 | subject=35
[2026-05-30 18:58:17]     Train: 32 | counts=[16, 16]
[2026-05-30 18:58:17]     Test:  8 | counts=[4, 4]
[2026-05-30 18:58:17]     Model: SignalJEPA_PreLocal | Pretrained: from_pretrained | Strategy: new
[2026-05-30 18:58:17]     Normalization: none | fit_scope=none
[2026-05-30 18:58:17]     Phase 1 (new): 2,170/16,010 params
[2026-05-30 18:58:18]     Result | best_epoch=1 | stop=51 | final_phase_epochs=51 | acc=0.5000 | bal_acc=0.5000 | pred_hist=[0, 8] | collapse=True
[2026-05-30 18:58:18]     spatial_conv=[4, 29] top_abs_channels=[('Pz', 0.15303463), ('O2', 0.14474329), ('T3', 0.12638345), ('T4', 0.12228996), ('O1', 0.12176493), ('CP3', 0.1208029), ('C3', 0.11565336), ('CP4', 0.11193535)]
[2026-05-30 18:58:18]     spatial_update=delta_l2=0.01329426 max_abs=0.00236200 relative=0.01113908 changed=True

[2026-05-30 18:58:18] Fold 4/5 | subject=35
[2026-05-30 18:58:18]     Train: 32 | counts=[16, 16]
[2026-05-30 18:58:18]     Test:  8 | counts=[4, 4]
[2026-05-30 18:58:18]     Model: SignalJEPA_PreLocal | Pretrained: from_pretrained | Strategy: new
[2026-05-30 18:58:18]     Normalization: none | fit_scope=none
[2026-05-30 18:58:18]     Phase 1 (new): 2,170/16,010 params
[2026-05-30 18:58:21]     Result | best_epoch=91 | stop=141 | final_phase_epochs=141 | acc=0.6250 | bal_acc=0.6250 | pred_hist=[3, 5] | collapse=False
[2026-05-30 18:58:21]     spatial_conv=[4, 29] top_abs_channels=[('Fz', 0.131751), ('P3', 0.11711892), ('CP3', 0.11681829), ('T4', 0.11625679), ('T3', 0.11607611), ('CP4', 0.11416481), ('Pz', 0.11273811), ('FT7', 0.11173111)]
[2026-05-30 18:58:21]     spatial_update=delta_l2=0.63792002 max_abs=0.15287171 relative=0.53450451 changed=True

[2026-05-30 18:58:21] Fold 5/5 | subject=35
[2026-05-30 18:58:21]     Train: 32 | counts=[16, 16]
[2026-05-30 18:58:21]     Test:  8 | counts=[4, 4]
[2026-05-30 18:58:21]     Model: SignalJEPA_PreLocal | Pretrained: from_pretrained | Strategy: new
[2026-05-30 18:58:21]     Normalization: none | fit_scope=none
[2026-05-30 18:58:21]     Phase 1 (new): 2,170/16,010 params
[2026-05-30 18:58:41]     Result | best_epoch=1110 | stop=1160 | final_phase_epochs=1160 | acc=0.6250 | bal_acc=0.6250 | pred_hist=[5, 3] | collapse=False
[2026-05-30 18:58:41]     spatial_conv=[4, 29] top_abs_channels=[('Cz', 0.19314212), ('O1', 0.15387729), ('T3', 0.15147404), ('TP8', 0.14893954), ('C3', 0.14616382), ('TP7', 0.14583951), ('T4', 0.13881168), ('CP4', 0.12822017)]
[2026-05-30 18:58:41]     spatial_update=delta_l2=1.32707471 max_abs=0.33250752 relative=1.11193786 changed=True
[2026-05-30 18:58:41]   Subject 35: acc=0.5500±0.1000  bal_acc=0.5500±0.1000
[2026-05-30 18:58:41] \nSubject 36: 40 windows | class_counts=[20, 20]

[2026-05-30 18:58:42] Fold 1/5 | subject=36
[2026-05-30 18:58:42]     Train: 32 | counts=[16, 16]
[2026-05-30 18:58:42]     Test:  8 | counts=[4, 4]
[2026-05-30 18:58:42]     Model: SignalJEPA_PreLocal | Pretrained: from_pretrained | Strategy: new
[2026-05-30 18:58:42]     Normalization: none | fit_scope=none
[2026-05-30 18:58:42]     Phase 1 (new): 2,170/16,010 params
[2026-05-30 18:58:45]     Result | best_epoch=150 | stop=200 | final_phase_epochs=200 | acc=0.7500 | bal_acc=0.7500 | pred_hist=[4, 4] | collapse=False
[2026-05-30 18:58:45]     spatial_conv=[4, 29] top_abs_channels=[('CP3', 0.17971277), ('C3', 0.14556068), ('T3', 0.13210545), ('Pz', 0.12973945), ('T5', 0.12647091), ('P4', 0.12635437), ('CP4', 0.12217104), ('O1', 0.1078169)]
[2026-05-30 18:58:45]     spatial_update=delta_l2=0.71200355 max_abs=0.17504124 relative=0.59657810 changed=True

[2026-05-30 18:58:46] Fold 2/5 | subject=36
[2026-05-30 18:58:46]     Train: 32 | counts=[16, 16]
[2026-05-30 18:58:46]     Test:  8 | counts=[4, 4]
[2026-05-30 18:58:46]     Model: SignalJEPA_PreLocal | Pretrained: from_pretrained | Strategy: new
[2026-05-30 18:58:46]     Normalization: none | fit_scope=none
[2026-05-30 18:58:46]     Phase 1 (new): 2,170/16,010 params
[2026-05-30 18:58:56]     Result | best_epoch=533 | stop=583 | final_phase_epochs=583 | acc=0.5000 | bal_acc=0.5000 | pred_hist=[4, 4] | collapse=False
[2026-05-30 18:58:56]     spatial_conv=[4, 29] top_abs_channels=[('Pz', 0.14294271), ('CP3', 0.13833211), ('T5', 0.13805057), ('O1', 0.13650541), ('C3', 0.13294931), ('P4', 0.12220646), ('Oz', 0.10266609), ('T3', 0.10255935)]
[2026-05-30 18:58:56]     spatial_update=delta_l2=1.18234963 max_abs=0.31407318 relative=0.99067468 changed=True

[2026-05-30 18:58:56] Fold 3/5 | subject=36
[2026-05-30 18:58:56]     Train: 32 | counts=[16, 16]
[2026-05-30 18:58:56]     Test:  8 | counts=[4, 4]
[2026-05-30 18:58:56]     Model: SignalJEPA_PreLocal | Pretrained: from_pretrained | Strategy: new
[2026-05-30 18:58:56]     Normalization: none | fit_scope=none
[2026-05-30 18:58:56]     Phase 1 (new): 2,170/16,010 params
[2026-05-30 18:58:57]     Result | best_epoch=1 | stop=51 | final_phase_epochs=51 | acc=0.5000 | bal_acc=0.5000 | pred_hist=[0, 8] | collapse=True
[2026-05-30 18:58:57]     spatial_conv=[4, 29] top_abs_channels=[('Pz', 0.15246981), ('O2', 0.14469358), ('T3', 0.12716609), ('CP3', 0.12219068), ('T4', 0.12136414), ('O1', 0.12129498), ('C3', 0.11534266), ('CP4', 0.10989647)]
[2026-05-30 18:58:57]     spatial_update=delta_l2=0.01280813 max_abs=0.00229108 relative=0.01073176 changed=True

[2026-05-30 18:58:58] Fold 4/5 | subject=36
[2026-05-30 18:58:58]     Train: 32 | counts=[16, 16]
[2026-05-30 18:58:58]     Test:  8 | counts=[4, 4]
[2026-05-30 18:58:58]     Model: SignalJEPA_PreLocal | Pretrained: from_pretrained | Strategy: new
[2026-05-30 18:58:58]     Normalization: none | fit_scope=none
[2026-05-30 18:58:58]     Phase 1 (new): 2,170/16,010 params
[2026-05-30 18:58:58]     Result | best_epoch=1 | stop=51 | final_phase_epochs=51 | acc=0.5000 | bal_acc=0.5000 | pred_hist=[0, 8] | collapse=True
[2026-05-30 18:58:58]     spatial_conv=[4, 29] top_abs_channels=[('Pz', 0.1526975), ('O2', 0.14427984), ('T3', 0.12834385), ('O1', 0.12195769), ('CP3', 0.12170424), ('T4', 0.12082384), ('C3', 0.11548714), ('CP4', 0.11046024)]
[2026-05-30 18:58:58]     spatial_update=delta_l2=0.01281171 max_abs=0.00222638 relative=0.01073476 changed=True

[2026-05-30 18:58:59] Fold 5/5 | subject=36
[2026-05-30 18:58:59]     Train: 32 | counts=[16, 16]
[2026-05-30 18:58:59]     Test:  8 | counts=[4, 4]
[2026-05-30 18:58:59]     Model: SignalJEPA_PreLocal | Pretrained: from_pretrained | Strategy: new
[2026-05-30 18:58:59]     Normalization: none | fit_scope=none
[2026-05-30 18:58:59]     Phase 1 (new): 2,170/16,010 params
[2026-05-30 18:59:00]     Result | best_epoch=1 | stop=51 | final_phase_epochs=51 | acc=0.5000 | bal_acc=0.5000 | pred_hist=[0, 8] | collapse=True
[2026-05-30 18:59:00]     spatial_conv=[4, 29] top_abs_channels=[('Pz', 0.15241523), ('O2', 0.14397816), ('T3', 0.12825941), ('O1', 0.12160828), ('CP3', 0.12122245), ('T4', 0.12104432), ('C3', 0.11552662), ('CP4', 0.11090132)]
[2026-05-30 18:59:00]     spatial_update=delta_l2=0.01285294 max_abs=0.00211402 relative=0.01076931 changed=True
[2026-05-30 18:59:00]   Subject 36: acc=0.5500±0.1000  bal_acc=0.5500±0.1000
[2026-05-30 18:59:00] \nSubject 37: 40 windows | class_counts=[20, 20]

[2026-05-30 18:59:00] Fold 1/5 | subject=37
[2026-05-30 18:59:00]     Train: 32 | counts=[16, 16]
[2026-05-30 18:59:00]     Test:  8 | counts=[4, 4]
[2026-05-30 18:59:00]     Model: SignalJEPA_PreLocal | Pretrained: from_pretrained | Strategy: new
[2026-05-30 18:59:00]     Normalization: none | fit_scope=none
[2026-05-30 18:59:00]     Phase 1 (new): 2,170/16,010 params
[2026-05-30 18:59:02]     Result | best_epoch=29 | stop=79 | final_phase_epochs=79 | acc=0.3750 | bal_acc=0.3750 | pred_hist=[1, 7] | collapse=False
[2026-05-30 18:59:02]     spatial_conv=[4, 29] top_abs_channels=[('T3', 0.15602468), ('Pz', 0.15016291), ('O2', 0.14086998), ('O1', 0.12855469), ('Fz', 0.12242009), ('C3', 0.12127861), ('CP4', 0.11978391), ('Fp1', 0.11886096)]
[2026-05-30 18:59:02]     spatial_update=delta_l2=0.26494955 max_abs=0.05881030 relative=0.22199763 changed=True

[2026-05-30 18:59:02] Fold 2/5 | subject=37
[2026-05-30 18:59:02]     Train: 32 | counts=[16, 16]
[2026-05-30 18:59:02]     Test:  8 | counts=[4, 4]
[2026-05-30 18:59:02]     Model: SignalJEPA_PreLocal | Pretrained: from_pretrained | Strategy: new
[2026-05-30 18:59:02]     Normalization: none | fit_scope=none
[2026-05-30 18:59:02]     Phase 1 (new): 2,170/16,010 params
[2026-05-30 18:59:07]     Result | best_epoch=217 | stop=267 | final_phase_epochs=267 | acc=0.5000 | bal_acc=0.5000 | pred_hist=[6, 2] | collapse=False
[2026-05-30 18:59:07]     spatial_conv=[4, 29] top_abs_channels=[('FC4', 0.24453515), ('O2', 0.15703854), ('F3', 0.15248233), ('Pz', 0.14263877), ('CP4', 0.14179856), ('Fz', 0.12375762), ('T3', 0.1237556), ('F4', 0.11243744)]
[2026-05-30 18:59:07]     spatial_update=delta_l2=0.85884532 max_abs=0.26940209 relative=0.71961482 changed=True

[2026-05-30 18:59:07] Fold 3/5 | subject=37
[2026-05-30 18:59:07]     Train: 32 | counts=[16, 16]
[2026-05-30 18:59:07]     Test:  8 | counts=[4, 4]
[2026-05-30 18:59:07]     Model: SignalJEPA_PreLocal | Pretrained: from_pretrained | Strategy: new
[2026-05-30 18:59:07]     Normalization: none | fit_scope=none
[2026-05-30 18:59:07]     Phase 1 (new): 2,170/16,010 params
[2026-05-30 18:59:11]     Result | best_epoch=158 | stop=208 | final_phase_epochs=208 | acc=0.6250 | bal_acc=0.6250 | pred_hist=[7, 1] | collapse=False
[2026-05-30 18:59:11]     spatial_conv=[4, 29] top_abs_channels=[('Fz', 0.17904562), ('O2', 0.15828669), ('T5', 0.14272293), ('C3', 0.14201221), ('F8', 0.12684759), ('TP7', 0.1220097), ('FC3', 0.12095538), ('T3', 0.11284386)]
[2026-05-30 18:59:11]     spatial_update=delta_l2=0.70677188 max_abs=0.15559932 relative=0.59219455 changed=True

[2026-05-30 18:59:12] Fold 4/5 | subject=37
[2026-05-30 18:59:12]     Train: 32 | counts=[16, 16]
[2026-05-30 18:59:12]     Test:  8 | counts=[4, 4]
[2026-05-30 18:59:12]     Model: SignalJEPA_PreLocal | Pretrained: from_pretrained | Strategy: new
[2026-05-30 18:59:12]     Normalization: none | fit_scope=none
[2026-05-30 18:59:12]     Phase 1 (new): 2,170/16,010 params
[2026-05-30 18:59:21]     Result | best_epoch=517 | stop=567 | final_phase_epochs=567 | acc=0.3750 | bal_acc=0.3750 | pred_hist=[3, 5] | collapse=False
[2026-05-30 18:59:21]     spatial_conv=[4, 29] top_abs_channels=[('TP8', 0.24679309), ('C3', 0.2199723), ('F8', 0.17092468), ('FC3', 0.16259985), ('Fz', 0.15588892), ('O2', 0.13770457), ('F3', 0.12798633), ('CP4', 0.12367155)]
[2026-05-30 18:59:21]     spatial_update=delta_l2=1.41130219 max_abs=0.38238499 relative=1.18251092 changed=True

[2026-05-30 18:59:22] Fold 5/5 | subject=37
[2026-05-30 18:59:22]     Train: 32 | counts=[16, 16]
[2026-05-30 18:59:22]     Test:  8 | counts=[4, 4]
[2026-05-30 18:59:22]     Model: SignalJEPA_PreLocal | Pretrained: from_pretrained | Strategy: new
[2026-05-30 18:59:22]     Normalization: none | fit_scope=none
[2026-05-30 18:59:22]     Phase 1 (new): 2,170/16,010 params
[2026-05-30 18:59:26]     Result | best_epoch=193 | stop=243 | final_phase_epochs=243 | acc=0.5000 | bal_acc=0.5000 | pred_hist=[2, 6] | collapse=False
[2026-05-30 18:59:26]     spatial_conv=[4, 29] top_abs_channels=[('Fz', 0.18951173), ('CP4', 0.15243165), ('O2', 0.15058939), ('O1', 0.14145818), ('Pz', 0.12519513), ('C3', 0.12072977), ('F8', 0.11600471), ('F3', 0.11421666)]
[2026-05-30 18:59:26]     spatial_update=delta_l2=0.75220777 max_abs=0.21311825 relative=0.63026467 changed=True
[2026-05-30 18:59:26]   Subject 37: acc=0.4750±0.0935  bal_acc=0.4750±0.0935
[2026-05-30 18:59:26] \nSubject 38: 40 windows | class_counts=[20, 20]

[2026-05-30 18:59:27] Fold 1/5 | subject=38
[2026-05-30 18:59:27]     Train: 32 | counts=[16, 16]
[2026-05-30 18:59:27]     Test:  8 | counts=[4, 4]
[2026-05-30 18:59:27]     Model: SignalJEPA_PreLocal | Pretrained: from_pretrained | Strategy: new
[2026-05-30 18:59:27]     Normalization: none | fit_scope=none
[2026-05-30 18:59:27]     Phase 1 (new): 2,170/16,010 params
[2026-05-30 18:59:29]     Result | best_epoch=70 | stop=120 | final_phase_epochs=120 | acc=0.5000 | bal_acc=0.5000 | pred_hist=[6, 2] | collapse=False
[2026-05-30 18:59:29]     spatial_conv=[4, 29] top_abs_channels=[('FT8', 0.13060531), ('CP4', 0.12314118), ('FCz', 0.12260454), ('Pz', 0.12009054), ('TP8', 0.11528983), ('F3', 0.11424167), ('P3', 0.11037665), ('O2', 0.10658659)]
[2026-05-30 18:59:29]     spatial_update=delta_l2=0.61357860 max_abs=0.12129968 relative=0.51410917 changed=True

[2026-05-30 18:59:29] Fold 2/5 | subject=38
[2026-05-30 18:59:29]     Train: 32 | counts=[16, 16]
[2026-05-30 18:59:29]     Test:  8 | counts=[4, 4]
[2026-05-30 18:59:29]     Model: SignalJEPA_PreLocal | Pretrained: from_pretrained | Strategy: new
[2026-05-30 18:59:29]     Normalization: none | fit_scope=none
[2026-05-30 18:59:29]     Phase 1 (new): 2,170/16,010 params
[2026-05-30 18:59:32]     Result | best_epoch=140 | stop=190 | final_phase_epochs=190 | acc=0.7500 | bal_acc=0.7500 | pred_hist=[4, 4] | collapse=False
[2026-05-30 18:59:32]     spatial_conv=[4, 29] top_abs_channels=[('F3', 0.17547524), ('P3', 0.1385489), ('Pz', 0.12881719), ('T3', 0.12795292), ('FC4', 0.12259078), ('FT8', 0.11464616), ('T4', 0.11150443), ('TP8', 0.09994683)]
[2026-05-30 18:59:32]     spatial_update=delta_l2=0.75416371 max_abs=0.18439588 relative=0.63190352 changed=True

[2026-05-30 18:59:33] Fold 3/5 | subject=38
[2026-05-30 18:59:33]     Train: 32 | counts=[16, 16]
[2026-05-30 18:59:33]     Test:  8 | counts=[4, 4]
[2026-05-30 18:59:33]     Model: SignalJEPA_PreLocal | Pretrained: from_pretrained | Strategy: new
[2026-05-30 18:59:33]     Normalization: none | fit_scope=none
[2026-05-30 18:59:33]     Phase 1 (new): 2,170/16,010 params
[2026-05-30 18:59:39]     Result | best_epoch=275 | stop=325 | final_phase_epochs=325 | acc=0.6250 | bal_acc=0.6250 | pred_hist=[1, 7] | collapse=False
[2026-05-30 18:59:39]     spatial_conv=[4, 29] top_abs_channels=[('P4', 0.17706899), ('O2', 0.15475921), ('F3', 0.14856675), ('Pz', 0.14808747), ('C3', 0.13274045), ('P3', 0.12769873), ('T4', 0.12637649), ('CP3', 0.1231324)]
[2026-05-30 18:59:39]     spatial_update=delta_l2=0.96382701 max_abs=0.22649489 relative=0.80757755 changed=True

[2026-05-30 18:59:39] Fold 4/5 | subject=38
[2026-05-30 18:59:39]     Train: 32 | counts=[16, 16]
[2026-05-30 18:59:39]     Test:  8 | counts=[4, 4]
[2026-05-30 18:59:39]     Model: SignalJEPA_PreLocal | Pretrained: from_pretrained | Strategy: new
[2026-05-30 18:59:39]     Normalization: none | fit_scope=none
[2026-05-30 18:59:39]     Phase 1 (new): 2,170/16,010 params
[2026-05-30 18:59:41]     Result | best_epoch=50 | stop=99 | final_phase_epochs=99 | acc=0.8750 | bal_acc=0.8750 | pred_hist=[3, 5] | collapse=False
[2026-05-30 18:59:41]     spatial_conv=[4, 29] top_abs_channels=[('P4', 0.14080003), ('Pz', 0.11875863), ('CP4', 0.11692984), ('O2', 0.11532021), ('T4', 0.1136525), ('TP8', 0.11347152), ('O1', 0.10912772), ('FT8', 0.10868807)]
[2026-05-30 18:59:41]     spatial_update=delta_l2=0.42758994 max_abs=0.09296682 relative=0.35827180 changed=True

[2026-05-30 18:59:41] Fold 5/5 | subject=38
[2026-05-30 18:59:41]     Train: 32 | counts=[16, 16]
[2026-05-30 18:59:41]     Test:  8 | counts=[4, 4]
[2026-05-30 18:59:41]     Model: SignalJEPA_PreLocal | Pretrained: from_pretrained | Strategy: new
[2026-05-30 18:59:41]     Normalization: none | fit_scope=none
[2026-05-30 18:59:41]     Phase 1 (new): 2,170/16,010 params
[2026-05-30 18:59:46]     Result | best_epoch=257 | stop=307 | final_phase_epochs=307 | acc=0.8750 | bal_acc=0.8750 | pred_hist=[3, 5] | collapse=False
[2026-05-30 18:59:46]     spatial_conv=[4, 29] top_abs_channels=[('P4', 0.18145333), ('CP4', 0.17638087), ('FC4', 0.15592673), ('TP8', 0.13566978), ('O1', 0.13457973), ('P3', 0.13197738), ('CP3', 0.12295838), ('F7', 0.11950611)]
[2026-05-30 18:59:46]     spatial_update=delta_l2=1.07025717 max_abs=0.25439583 relative=0.89675393 changed=True
[2026-05-30 18:59:46]   Subject 38: acc=0.7250±0.1458  bal_acc=0.7250±0.1458
[2026-05-30 18:59:46] \nSubject 39: 40 windows | class_counts=[20, 20]

[2026-05-30 18:59:47] Fold 1/5 | subject=39
[2026-05-30 18:59:47]     Train: 32 | counts=[16, 16]
[2026-05-30 18:59:47]     Test:  8 | counts=[4, 4]
[2026-05-30 18:59:47]     Model: SignalJEPA_PreLocal | Pretrained: from_pretrained | Strategy: new
[2026-05-30 18:59:47]     Normalization: none | fit_scope=none
[2026-05-30 18:59:47]     Phase 1 (new): 2,170/16,010 params
[2026-05-30 18:59:48]     Result | best_epoch=20 | stop=70 | final_phase_epochs=70 | acc=0.3750 | bal_acc=0.3750 | pred_hist=[3, 5] | collapse=False
[2026-05-30 18:59:48]     spatial_conv=[4, 29] top_abs_channels=[('Pz', 0.14403622), ('O2', 0.13021536), ('O1', 0.13009331), ('CP3', 0.12873948), ('T4', 0.12564296), ('Fp1', 0.12564047), ('CP4', 0.11912283), ('T3', 0.11877702)]
[2026-05-30 18:59:48]     spatial_update=delta_l2=0.14385595 max_abs=0.03034498 relative=0.12053495 changed=True

[2026-05-30 18:59:48] Fold 2/5 | subject=39
[2026-05-30 18:59:48]     Train: 32 | counts=[16, 16]
[2026-05-30 18:59:48]     Test:  8 | counts=[4, 4]
[2026-05-30 18:59:48]     Model: SignalJEPA_PreLocal | Pretrained: from_pretrained | Strategy: new
[2026-05-30 18:59:48]     Normalization: none | fit_scope=none
[2026-05-30 18:59:48]     Phase 1 (new): 2,170/16,010 params
[2026-05-30 18:59:49]     Result | best_epoch=1 | stop=51 | final_phase_epochs=51 | acc=0.5000 | bal_acc=0.5000 | pred_hist=[0, 8] | collapse=True
[2026-05-30 18:59:49]     spatial_conv=[4, 29] top_abs_channels=[('Pz', 0.15338799), ('O2', 0.14295605), ('T3', 0.1260038), ('T4', 0.12215088), ('O1', 0.12175368), ('CP3', 0.12088173), ('C3', 0.11611187), ('CP4', 0.11129636)]
[2026-05-30 18:59:49]     spatial_update=delta_l2=0.01525174 max_abs=0.00231244 relative=0.01277922 changed=True

[2026-05-30 18:59:50] Fold 3/5 | subject=39
[2026-05-30 18:59:50]     Train: 32 | counts=[16, 16]
[2026-05-30 18:59:50]     Test:  8 | counts=[4, 4]
[2026-05-30 18:59:50]     Model: SignalJEPA_PreLocal | Pretrained: from_pretrained | Strategy: new
[2026-05-30 18:59:50]     Normalization: none | fit_scope=none
[2026-05-30 18:59:50]     Phase 1 (new): 2,170/16,010 params
[2026-05-30 18:59:50]     Result | best_epoch=1 | stop=51 | final_phase_epochs=51 | acc=0.5000 | bal_acc=0.5000 | pred_hist=[0, 8] | collapse=True
[2026-05-30 18:59:50]     spatial_conv=[4, 29] top_abs_channels=[('Pz', 0.15312411), ('O2', 0.14239031), ('T3', 0.12623549), ('O1', 0.12294704), ('T4', 0.12195274), ('CP3', 0.12148605), ('C3', 0.11560537), ('Fp1', 0.11063926)]
[2026-05-30 18:59:50]     spatial_update=delta_l2=0.01465135 max_abs=0.00237222 relative=0.01227617 changed=True

[2026-05-30 18:59:51] Fold 4/5 | subject=39
[2026-05-30 18:59:51]     Train: 32 | counts=[16, 16]
[2026-05-30 18:59:51]     Test:  8 | counts=[4, 4]
[2026-05-30 18:59:51]     Model: SignalJEPA_PreLocal | Pretrained: from_pretrained | Strategy: new
[2026-05-30 18:59:51]     Normalization: none | fit_scope=none
[2026-05-30 18:59:51]     Phase 1 (new): 2,170/16,010 params
[2026-05-30 18:59:52]     Result | best_epoch=1 | stop=51 | final_phase_epochs=51 | acc=0.5000 | bal_acc=0.5000 | pred_hist=[0, 8] | collapse=True
[2026-05-30 18:59:52]     spatial_conv=[4, 29] top_abs_channels=[('Pz', 0.15342504), ('O2', 0.1431341), ('T3', 0.12651327), ('O1', 0.12259776), ('T4', 0.12209336), ('CP3', 0.12139238), ('C3', 0.11555371), ('Fp1', 0.11093649)]
[2026-05-30 18:59:52]     spatial_update=delta_l2=0.01434729 max_abs=0.00232643 relative=0.01202140 changed=True

[2026-05-30 18:59:52] Fold 5/5 | subject=39
[2026-05-30 18:59:52]     Train: 32 | counts=[16, 16]
[2026-05-30 18:59:52]     Test:  8 | counts=[4, 4]
[2026-05-30 18:59:52]     Model: SignalJEPA_PreLocal | Pretrained: from_pretrained | Strategy: new
[2026-05-30 18:59:52]     Normalization: none | fit_scope=none
[2026-05-30 18:59:52]     Phase 1 (new): 2,170/16,010 params
[2026-05-30 18:59:53]     Result | best_epoch=1 | stop=51 | final_phase_epochs=51 | acc=0.5000 | bal_acc=0.5000 | pred_hist=[0, 8] | collapse=True
[2026-05-30 18:59:53]     spatial_conv=[4, 29] top_abs_channels=[('Pz', 0.1531162), ('O2', 0.14383081), ('T3', 0.12624308), ('T4', 0.12242109), ('O1', 0.12213937), ('CP3', 0.12052983), ('C3', 0.11624983), ('CP4', 0.11154704)]
[2026-05-30 18:59:53]     spatial_update=delta_l2=0.01342419 max_abs=0.00235483 relative=0.01124795 changed=True
[2026-05-30 18:59:53]   Subject 39: acc=0.4750±0.0500  bal_acc=0.4750±0.0500
[2026-05-30 18:59:53] \nSubject 40: 40 windows | class_counts=[20, 20]

[2026-05-30 18:59:54] Fold 1/5 | subject=40
[2026-05-30 18:59:54]     Train: 32 | counts=[16, 16]
[2026-05-30 18:59:54]     Test:  8 | counts=[4, 4]
[2026-05-30 18:59:54]     Model: SignalJEPA_PreLocal | Pretrained: from_pretrained | Strategy: new
[2026-05-30 18:59:54]     Normalization: none | fit_scope=none
[2026-05-30 18:59:54]     Phase 1 (new): 2,170/16,010 params
[2026-05-30 18:59:58]     Result | best_epoch=213 | stop=263 | final_phase_epochs=263 | acc=0.6250 | bal_acc=0.6250 | pred_hist=[3, 5] | collapse=False
[2026-05-30 18:59:58]     spatial_conv=[4, 29] top_abs_channels=[('T3', 0.17276782), ('F3', 0.16755651), ('P3', 0.16195655), ('CP3', 0.14728601), ('O1', 0.14343914), ('CP4', 0.12757197), ('T6', 0.12688714), ('Pz', 0.11105908)]
[2026-05-30 18:59:58]     spatial_update=delta_l2=0.81488847 max_abs=0.17811792 relative=0.68278397 changed=True

[2026-05-30 18:59:59] Fold 2/5 | subject=40
[2026-05-30 18:59:59]     Train: 32 | counts=[16, 16]
[2026-05-30 18:59:59]     Test:  8 | counts=[4, 4]
[2026-05-30 18:59:59]     Model: SignalJEPA_PreLocal | Pretrained: from_pretrained | Strategy: new
[2026-05-30 18:59:59]     Normalization: none | fit_scope=none
[2026-05-30 18:59:59]     Phase 1 (new): 2,170/16,010 params
[2026-05-30 19:00:11]     Result | best_epoch=665 | stop=715 | final_phase_epochs=715 | acc=0.8750 | bal_acc=0.8750 | pred_hist=[5, 3] | collapse=False
[2026-05-30 19:00:11]     spatial_conv=[4, 29] top_abs_channels=[('F3', 0.22700834), ('CP4', 0.18901505), ('CP3', 0.1754538), ('T4', 0.14456072), ('P3', 0.13676089), ('TP8', 0.134224), ('O1', 0.11286709), ('T6', 0.11183856)]
[2026-05-30 19:00:11]     spatial_update=delta_l2=1.10147367 max_abs=0.30276769 relative=0.92290982 changed=True

[2026-05-30 19:00:11] Fold 3/5 | subject=40
[2026-05-30 19:00:11]     Train: 32 | counts=[16, 16]
[2026-05-30 19:00:11]     Test:  8 | counts=[4, 4]
[2026-05-30 19:00:11]     Model: SignalJEPA_PreLocal | Pretrained: from_pretrained | Strategy: new
[2026-05-30 19:00:11]     Normalization: none | fit_scope=none
[2026-05-30 19:00:11]     Phase 1 (new): 2,170/16,010 params
[2026-05-30 19:00:14]     Result | best_epoch=95 | stop=144 | final_phase_epochs=144 | acc=0.6250 | bal_acc=0.6250 | pred_hist=[1, 7] | collapse=False
[2026-05-30 19:00:14]     spatial_conv=[4, 29] top_abs_channels=[('P3', 0.17132413), ('CP3', 0.1527328), ('T6', 0.14794661), ('CP4', 0.14514381), ('F3', 0.14403373), ('Oz', 0.14250849), ('O1', 0.13687906), ('T3', 0.13230608)]
[2026-05-30 19:00:14]     spatial_update=delta_l2=0.65050502 max_abs=0.13546855 relative=0.54504931 changed=True

[2026-05-30 19:00:14] Fold 4/5 | subject=40
[2026-05-30 19:00:14]     Train: 32 | counts=[16, 16]
[2026-05-30 19:00:14]     Test:  8 | counts=[4, 4]
[2026-05-30 19:00:14]     Model: SignalJEPA_PreLocal | Pretrained: from_pretrained | Strategy: new
[2026-05-30 19:00:14]     Normalization: none | fit_scope=none
[2026-05-30 19:00:14]     Phase 1 (new): 2,170/16,010 params
[2026-05-30 19:00:17]     Result | best_epoch=156 | stop=199 | final_phase_epochs=199 | acc=0.8750 | bal_acc=0.8750 | pred_hist=[3, 5] | collapse=False
[2026-05-30 19:00:17]     spatial_conv=[4, 29] top_abs_channels=[('P3', 0.15502177), ('CP4', 0.15461878), ('O1', 0.15149495), ('T3', 0.14546877), ('F3', 0.14074416), ('C3', 0.13299842), ('T6', 0.12866974), ('Pz', 0.12709272)]
[2026-05-30 19:00:17]     spatial_update=delta_l2=0.69367464 max_abs=0.16565937 relative=0.58122055 changed=True

[2026-05-30 19:00:18] Fold 5/5 | subject=40
[2026-05-30 19:00:18]     Train: 32 | counts=[16, 16]
[2026-05-30 19:00:18]     Test:  8 | counts=[4, 4]
[2026-05-30 19:00:18]     Model: SignalJEPA_PreLocal | Pretrained: from_pretrained | Strategy: new
[2026-05-30 19:00:18]     Normalization: none | fit_scope=none
[2026-05-30 19:00:18]     Phase 1 (new): 2,170/16,010 params
[2026-05-30 19:00:22]     Result | best_epoch=190 | stop=240 | final_phase_epochs=240 | acc=0.2500 | bal_acc=0.2500 | pred_hist=[2, 6] | collapse=False
[2026-05-30 19:00:22]     spatial_conv=[4, 29] top_abs_channels=[('CP3', 0.18483585), ('T3', 0.16534765), ('T4', 0.16086891), ('F3', 0.15809937), ('P3', 0.1411721), ('CP4', 0.13469607), ('O2', 0.13261969), ('F7', 0.11956771)]
[2026-05-30 19:00:22]     spatial_update=delta_l2=0.80743425 max_abs=0.17760365 relative=0.67653818 changed=True
[2026-05-30 19:00:22]   Subject 40: acc=0.6500±0.2291  bal_acc=0.6500±0.2291
[2026-05-30 19:00:22] \nSubject 41: 40 windows | class_counts=[20, 20]

[2026-05-30 19:00:23] Fold 1/5 | subject=41
[2026-05-30 19:00:23]     Train: 32 | counts=[16, 16]
[2026-05-30 19:00:23]     Test:  8 | counts=[4, 4]
[2026-05-30 19:00:23]     Model: SignalJEPA_PreLocal | Pretrained: from_pretrained | Strategy: new
[2026-05-30 19:00:23]     Normalization: none | fit_scope=none
[2026-05-30 19:00:23]     Phase 1 (new): 2,170/16,010 params
[2026-05-30 19:00:33]     Result | best_epoch=510 | stop=560 | final_phase_epochs=560 | acc=0.5000 | bal_acc=0.5000 | pred_hist=[4, 4] | collapse=False
[2026-05-30 19:00:33]     spatial_conv=[4, 29] top_abs_channels=[('O2', 0.21533301), ('CP3', 0.21156311), ('P4', 0.1504361), ('T3', 0.12579499), ('FC4', 0.12126934), ('C4', 0.11973049), ('Oz', 0.11709286), ('F4', 0.11450835)]
[2026-05-30 19:00:33]     spatial_update=delta_l2=1.36492303 max_abs=0.38344873 relative=1.14365046 changed=True

[2026-05-30 19:00:33] Fold 2/5 | subject=41
[2026-05-30 19:00:33]     Train: 32 | counts=[16, 16]
[2026-05-30 19:00:33]     Test:  8 | counts=[4, 4]
[2026-05-30 19:00:33]     Model: SignalJEPA_PreLocal | Pretrained: from_pretrained | Strategy: new
[2026-05-30 19:00:33]     Normalization: none | fit_scope=none
[2026-05-30 19:00:33]     Phase 1 (new): 2,170/16,010 params
[2026-05-30 19:00:36]     Result | best_epoch=79 | stop=129 | final_phase_epochs=129 | acc=0.7500 | bal_acc=0.7500 | pred_hist=[6, 2] | collapse=False
[2026-05-30 19:00:36]     spatial_conv=[4, 29] top_abs_channels=[('O2', 0.16842069), ('Pz', 0.15550295), ('Fp1', 0.13900022), ('Cz', 0.13661563), ('CP4', 0.12058084), ('TP8', 0.1200572), ('F3', 0.1154916), ('T4', 0.11541665)]
[2026-05-30 19:00:36]     spatial_update=delta_l2=0.62989410 max_abs=0.14214363 relative=0.52777970 changed=True

[2026-05-30 19:00:36] Fold 3/5 | subject=41
[2026-05-30 19:00:36]     Train: 32 | counts=[16, 16]
[2026-05-30 19:00:36]     Test:  8 | counts=[4, 4]
[2026-05-30 19:00:36]     Model: SignalJEPA_PreLocal | Pretrained: from_pretrained | Strategy: new
[2026-05-30 19:00:36]     Normalization: none | fit_scope=none
[2026-05-30 19:00:36]     Phase 1 (new): 2,170/16,010 params
[2026-05-30 19:00:39]     Result | best_epoch=117 | stop=167 | final_phase_epochs=167 | acc=0.7500 | bal_acc=0.7500 | pred_hist=[6, 2] | collapse=False
[2026-05-30 19:00:39]     spatial_conv=[4, 29] top_abs_channels=[('CP3', 0.19256665), ('T5', 0.1508666), ('O1', 0.14229473), ('CP4', 0.13737078), ('FT7', 0.1245027), ('O2', 0.12107433), ('Pz', 0.11748157), ('P3', 0.10440636)]
[2026-05-30 19:00:39]     spatial_update=delta_l2=0.66509260 max_abs=0.21037862 relative=0.55727205 changed=True

[2026-05-30 19:00:40] Fold 4/5 | subject=41
[2026-05-30 19:00:40]     Train: 32 | counts=[16, 16]
[2026-05-30 19:00:40]     Test:  8 | counts=[4, 4]
[2026-05-30 19:00:40]     Model: SignalJEPA_PreLocal | Pretrained: from_pretrained | Strategy: new
[2026-05-30 19:00:40]     Normalization: none | fit_scope=none
[2026-05-30 19:00:40]     Phase 1 (new): 2,170/16,010 params
[2026-05-30 19:00:41]     Result | best_epoch=11 | stop=61 | final_phase_epochs=61 | acc=0.5000 | bal_acc=0.5000 | pred_hist=[2, 6] | collapse=False
[2026-05-30 19:00:41]     spatial_conv=[4, 29] top_abs_channels=[('Pz', 0.15639845), ('O2', 0.14163503), ('T4', 0.12476321), ('CP3', 0.12349902), ('O1', 0.12313227), ('T3', 0.12174832), ('CP4', 0.11686862), ('Fp1', 0.11634333)]
[2026-05-30 19:00:41]     spatial_update=delta_l2=0.10298054 max_abs=0.02221329 relative=0.08628600 changed=True

[2026-05-30 19:00:41] Fold 5/5 | subject=41
[2026-05-30 19:00:41]     Train: 32 | counts=[16, 16]
[2026-05-30 19:00:41]     Test:  8 | counts=[4, 4]
[2026-05-30 19:00:41]     Model: SignalJEPA_PreLocal | Pretrained: from_pretrained | Strategy: new
[2026-05-30 19:00:41]     Normalization: none | fit_scope=none
[2026-05-30 19:00:41]     Phase 1 (new): 2,170/16,010 params
[2026-05-30 19:00:45]     Result | best_epoch=153 | stop=203 | final_phase_epochs=203 | acc=0.5000 | bal_acc=0.5000 | pred_hist=[6, 2] | collapse=False
[2026-05-30 19:00:45]     spatial_conv=[4, 29] top_abs_channels=[('Cz', 0.15918919), ('CP3', 0.15141243), ('T5', 0.13912912), ('Pz', 0.13827965), ('O2', 0.13707596), ('FT8', 0.13334517), ('F7', 0.11866158), ('TP8', 0.109661)]
[2026-05-30 19:00:45]     spatial_update=delta_l2=0.79108960 max_abs=0.22669356 relative=0.66284322 changed=True
[2026-05-30 19:00:45]   Subject 41: acc=0.6000±0.1225  bal_acc=0.6000±0.1225
[2026-05-30 19:00:45] \nSubject 42: 40 windows | class_counts=[20, 20]

[2026-05-30 19:00:45] Fold 1/5 | subject=42
[2026-05-30 19:00:45]     Train: 32 | counts=[16, 16]
[2026-05-30 19:00:45]     Test:  8 | counts=[4, 4]
[2026-05-30 19:00:45]     Model: SignalJEPA_PreLocal | Pretrained: from_pretrained | Strategy: new
[2026-05-30 19:00:45]     Normalization: none | fit_scope=none
[2026-05-30 19:00:45]     Phase 1 (new): 2,170/16,010 params
[2026-05-30 19:00:54]     Result | best_epoch=471 | stop=521 | final_phase_epochs=521 | acc=0.3750 | bal_acc=0.3750 | pred_hist=[5, 3] | collapse=False
[2026-05-30 19:00:54]     spatial_conv=[4, 29] top_abs_channels=[('FC3', 0.21092525), ('Oz', 0.14687058), ('F7', 0.13471234), ('Fz', 0.12954658), ('FT8', 0.12620255), ('C4', 0.12432268), ('T6', 0.11588565), ('CP4', 0.11054559)]
[2026-05-30 19:00:54]     spatial_update=delta_l2=1.19443667 max_abs=0.30374017 relative=1.00080225 changed=True

[2026-05-30 19:00:55] Fold 2/5 | subject=42
[2026-05-30 19:00:55]     Train: 32 | counts=[16, 16]
[2026-05-30 19:00:55]     Test:  8 | counts=[4, 4]
[2026-05-30 19:00:55]     Model: SignalJEPA_PreLocal | Pretrained: from_pretrained | Strategy: new
[2026-05-30 19:00:55]     Normalization: none | fit_scope=none
[2026-05-30 19:00:55]     Phase 1 (new): 2,170/16,010 params
[2026-05-30 19:00:59]     Result | best_epoch=178 | stop=228 | final_phase_epochs=228 | acc=0.5000 | bal_acc=0.5000 | pred_hist=[4, 4] | collapse=False
[2026-05-30 19:00:59]     spatial_conv=[4, 29] top_abs_channels=[('CP3', 0.2002326), ('FCz', 0.14458469), ('TP7', 0.12938496), ('Fp1', 0.12823293), ('Fz', 0.12366712), ('C4', 0.12363871), ('F4', 0.12295946), ('O2', 0.12176309)]
[2026-05-30 19:00:59]     spatial_update=delta_l2=0.93592493 max_abs=0.22176856 relative=0.78419877 changed=True

[2026-05-30 19:01:00] Fold 3/5 | subject=42
[2026-05-30 19:01:00]     Train: 32 | counts=[16, 16]
[2026-05-30 19:01:00]     Test:  8 | counts=[4, 4]
[2026-05-30 19:01:00]     Model: SignalJEPA_PreLocal | Pretrained: from_pretrained | Strategy: new
[2026-05-30 19:01:00]     Normalization: none | fit_scope=none
[2026-05-30 19:01:00]     Phase 1 (new): 2,170/16,010 params
[2026-05-30 19:01:00]     Result | best_epoch=1 | stop=51 | final_phase_epochs=51 | acc=0.5000 | bal_acc=0.5000 | pred_hist=[0, 8] | collapse=True
[2026-05-30 19:01:00]     spatial_conv=[4, 29] top_abs_channels=[('Pz', 0.15274502), ('O2', 0.14321047), ('T3', 0.12726879), ('O1', 0.12239895), ('T4', 0.12237009), ('CP3', 0.12183273), ('C3', 0.114994), ('CP4', 0.1118998)]
[2026-05-30 19:01:00]     spatial_update=delta_l2=0.01147645 max_abs=0.00218568 relative=0.00961596 changed=True

[2026-05-30 19:01:01] Fold 4/5 | subject=42
[2026-05-30 19:01:01]     Train: 32 | counts=[16, 16]
[2026-05-30 19:01:01]     Test:  8 | counts=[4, 4]
[2026-05-30 19:01:01]     Model: SignalJEPA_PreLocal | Pretrained: from_pretrained | Strategy: new
[2026-05-30 19:01:01]     Normalization: none | fit_scope=none
[2026-05-30 19:01:01]     Phase 1 (new): 2,170/16,010 params
[2026-05-30 19:01:02]     Result | best_epoch=1 | stop=51 | final_phase_epochs=51 | acc=0.5000 | bal_acc=0.5000 | pred_hist=[0, 8] | collapse=True
[2026-05-30 19:01:02]     spatial_conv=[4, 29] top_abs_channels=[('Pz', 0.15300991), ('O2', 0.14358047), ('T3', 0.12754698), ('T4', 0.12250801), ('O1', 0.12243003), ('CP3', 0.12118249), ('C3', 0.11551064), ('CP4', 0.11085274)]
[2026-05-30 19:01:02]     spatial_update=delta_l2=0.01377905 max_abs=0.00232117 relative=0.01154528 changed=True

[2026-05-30 19:01:02] Fold 5/5 | subject=42
[2026-05-30 19:01:02]     Train: 32 | counts=[16, 16]
[2026-05-30 19:01:02]     Test:  8 | counts=[4, 4]
[2026-05-30 19:01:02]     Model: SignalJEPA_PreLocal | Pretrained: from_pretrained | Strategy: new
[2026-05-30 19:01:02]     Normalization: none | fit_scope=none
[2026-05-30 19:01:02]     Phase 1 (new): 2,170/16,010 params
[2026-05-30 19:01:03]     Result | best_epoch=1 | stop=51 | final_phase_epochs=51 | acc=0.5000 | bal_acc=0.5000 | pred_hist=[0, 8] | collapse=True
[2026-05-30 19:01:03]     spatial_conv=[4, 29] top_abs_channels=[('Pz', 0.15330945), ('O2', 0.14490545), ('T3', 0.12639216), ('T4', 0.12291986), ('CP3', 0.12174902), ('O1', 0.12087828), ('C3', 0.11505528), ('CP4', 0.11078464)]
[2026-05-30 19:01:03]     spatial_update=delta_l2=0.01252172 max_abs=0.00224315 relative=0.01049178 changed=True
[2026-05-30 19:01:03]   Subject 42: acc=0.4750±0.0500  bal_acc=0.4750±0.0500
[2026-05-30 19:01:03] \nSubject 43: 40 windows | class_counts=[20, 20]

[2026-05-30 19:01:04] Fold 1/5 | subject=43
[2026-05-30 19:01:04]     Train: 32 | counts=[16, 16]
[2026-05-30 19:01:04]     Test:  8 | counts=[4, 4]
[2026-05-30 19:01:04]     Model: SignalJEPA_PreLocal | Pretrained: from_pretrained | Strategy: new
[2026-05-30 19:01:04]     Normalization: none | fit_scope=none
[2026-05-30 19:01:04]     Phase 1 (new): 2,170/16,010 params
[2026-05-30 19:01:05]     Result | best_epoch=1 | stop=51 | final_phase_epochs=51 | acc=0.5000 | bal_acc=0.5000 | pred_hist=[0, 8] | collapse=True
[2026-05-30 19:01:05]     spatial_conv=[4, 29] top_abs_channels=[('Pz', 0.15181881), ('O2', 0.14484426), ('T3', 0.12781419), ('T4', 0.12156636), ('O1', 0.12121117), ('CP3', 0.12115932), ('C3', 0.11591108), ('CP4', 0.11021256)]
[2026-05-30 19:01:05]     spatial_update=delta_l2=0.01269280 max_abs=0.00222524 relative=0.01063513 changed=True

[2026-05-30 19:01:05] Fold 2/5 | subject=43
[2026-05-30 19:01:05]     Train: 32 | counts=[16, 16]
[2026-05-30 19:01:05]     Test:  8 | counts=[4, 4]
[2026-05-30 19:01:05]     Model: SignalJEPA_PreLocal | Pretrained: from_pretrained | Strategy: new
[2026-05-30 19:01:05]     Normalization: none | fit_scope=none
[2026-05-30 19:01:05]     Phase 1 (new): 2,170/16,010 params
[2026-05-30 19:01:06]     Result | best_epoch=1 | stop=51 | final_phase_epochs=51 | acc=0.5000 | bal_acc=0.5000 | pred_hist=[0, 8] | collapse=True
[2026-05-30 19:01:06]     spatial_conv=[4, 29] top_abs_channels=[('Pz', 0.15272188), ('O2', 0.14440425), ('T3', 0.12741953), ('T4', 0.12183958), ('O1', 0.12116244), ('CP3', 0.12112554), ('C3', 0.11646577), ('CP4', 0.11134135)]
[2026-05-30 19:01:06]     spatial_update=delta_l2=0.01088608 max_abs=0.00222553 relative=0.00912130 changed=True

[2026-05-30 19:01:06] Fold 3/5 | subject=43
[2026-05-30 19:01:06]     Train: 32 | counts=[16, 16]
[2026-05-30 19:01:06]     Test:  8 | counts=[4, 4]
[2026-05-30 19:01:06]     Model: SignalJEPA_PreLocal | Pretrained: from_pretrained | Strategy: new
[2026-05-30 19:01:06]     Normalization: none | fit_scope=none
[2026-05-30 19:01:06]     Phase 1 (new): 2,170/16,010 params
[2026-05-30 19:01:07]     Result | best_epoch=1 | stop=51 | final_phase_epochs=51 | acc=0.6250 | bal_acc=0.6250 | pred_hist=[1, 7] | collapse=False
[2026-05-30 19:01:07]     spatial_conv=[4, 29] top_abs_channels=[('Pz', 0.15307486), ('O2', 0.14396006), ('T3', 0.12787452), ('T4', 0.12187042), ('O1', 0.12154653), ('CP3', 0.12089676), ('C3', 0.11553213), ('CP4', 0.11080517)]
[2026-05-30 19:01:07]     spatial_update=delta_l2=0.01232510 max_abs=0.00222962 relative=0.01032703 changed=True

[2026-05-30 19:01:08] Fold 4/5 | subject=43
[2026-05-30 19:01:08]     Train: 32 | counts=[16, 16]
[2026-05-30 19:01:08]     Test:  8 | counts=[4, 4]
[2026-05-30 19:01:08]     Model: SignalJEPA_PreLocal | Pretrained: from_pretrained | Strategy: new
[2026-05-30 19:01:08]     Normalization: none | fit_scope=none
[2026-05-30 19:01:08]     Phase 1 (new): 2,170/16,010 params
[2026-05-30 19:01:09]     Result | best_epoch=1 | stop=51 | final_phase_epochs=51 | acc=0.5000 | bal_acc=0.5000 | pred_hist=[0, 8] | collapse=True
[2026-05-30 19:01:09]     spatial_conv=[4, 29] top_abs_channels=[('Pz', 0.15317121), ('O2', 0.1437951), ('T3', 0.12705198), ('T4', 0.12254535), ('O1', 0.12190929), ('CP3', 0.12044153), ('C3', 0.11579994), ('CP4', 0.1109383)]
[2026-05-30 19:01:09]     spatial_update=delta_l2=0.01136093 max_abs=0.00221482 relative=0.00951917 changed=True

[2026-05-30 19:01:09] Fold 5/5 | subject=43
[2026-05-30 19:01:09]     Train: 32 | counts=[16, 16]
[2026-05-30 19:01:09]     Test:  8 | counts=[4, 4]
[2026-05-30 19:01:09]     Model: SignalJEPA_PreLocal | Pretrained: from_pretrained | Strategy: new
[2026-05-30 19:01:09]     Normalization: none | fit_scope=none
[2026-05-30 19:01:09]     Phase 1 (new): 2,170/16,010 params
[2026-05-30 19:01:10]     Result | best_epoch=1 | stop=51 | final_phase_epochs=51 | acc=0.5000 | bal_acc=0.5000 | pred_hist=[0, 8] | collapse=True
[2026-05-30 19:01:10]     spatial_conv=[4, 29] top_abs_channels=[('Pz', 0.15231349), ('O2', 0.14444131), ('T3', 0.12746073), ('CP3', 0.12195177), ('T4', 0.1218794), ('O1', 0.12116698), ('C3', 0.11614989), ('CP4', 0.1108368)]
[2026-05-30 19:01:10]     spatial_update=delta_l2=0.01087971 max_abs=0.00231884 relative=0.00911596 changed=True
[2026-05-30 19:01:10]   Subject 43: acc=0.5250±0.0500  bal_acc=0.5250±0.0500
[2026-05-30 19:01:10] \nSubject 44: 40 windows | class_counts=[20, 20]

[2026-05-30 19:01:11] Fold 1/5 | subject=44
[2026-05-30 19:01:11]     Train: 32 | counts=[16, 16]
[2026-05-30 19:01:11]     Test:  8 | counts=[4, 4]
[2026-05-30 19:01:11]     Model: SignalJEPA_PreLocal | Pretrained: from_pretrained | Strategy: new
[2026-05-30 19:01:11]     Normalization: none | fit_scope=none
[2026-05-30 19:01:11]     Phase 1 (new): 2,170/16,010 params
[2026-05-30 19:01:33]     Result | best_epoch=1195 | stop=1245 | final_phase_epochs=1245 | acc=0.7500 | bal_acc=0.7500 | pred_hist=[4, 4] | collapse=False
[2026-05-30 19:01:33]     spatial_conv=[4, 29] top_abs_channels=[('FC3', 0.25062236), ('F3', 0.18397342), ('P4', 0.1654948), ('O2', 0.16212136), ('FCz', 0.13171773), ('FC4', 0.12475537), ('Oz', 0.12474275), ('FT8', 0.12187324)]
[2026-05-30 19:01:33]     spatial_update=delta_l2=1.39332104 max_abs=0.32242920 relative=1.16744476 changed=True

[2026-05-30 19:01:33] Fold 2/5 | subject=44
[2026-05-30 19:01:33]     Train: 32 | counts=[16, 16]
[2026-05-30 19:01:33]     Test:  8 | counts=[4, 4]
[2026-05-30 19:01:33]     Model: SignalJEPA_PreLocal | Pretrained: from_pretrained | Strategy: new
[2026-05-30 19:01:33]     Normalization: none | fit_scope=none
[2026-05-30 19:01:33]     Phase 1 (new): 2,170/16,010 params
[2026-05-30 19:01:45]     Result | best_epoch=618 | stop=668 | final_phase_epochs=668 | acc=0.7500 | bal_acc=0.7500 | pred_hist=[2, 6] | collapse=False
[2026-05-30 19:01:45]     spatial_conv=[4, 29] top_abs_channels=[('F3', 0.18049297), ('P4', 0.17787991), ('FT8', 0.17404352), ('FCz', 0.17162573), ('P3', 0.16890667), ('FC4', 0.1452564), ('Oz', 0.14260815), ('Pz', 0.1366749)]
[2026-05-30 19:01:45]     spatial_update=delta_l2=1.39718973 max_abs=0.34054635 relative=1.17068629 changed=True

[2026-05-30 19:01:45] Fold 3/5 | subject=44
[2026-05-30 19:01:45]     Train: 32 | counts=[16, 16]
[2026-05-30 19:01:45]     Test:  8 | counts=[4, 4]
[2026-05-30 19:01:45]     Model: SignalJEPA_PreLocal | Pretrained: from_pretrained | Strategy: new
[2026-05-30 19:01:45]     Normalization: none | fit_scope=none
[2026-05-30 19:01:45]     Phase 1 (new): 2,170/16,010 params
[2026-05-30 19:02:03]     Result | best_epoch=981 | stop=1031 | final_phase_epochs=1031 | acc=0.6250 | bal_acc=0.6250 | pred_hist=[3, 5] | collapse=False
[2026-05-30 19:02:03]     spatial_conv=[4, 29] top_abs_channels=[('FT8', 0.18882041), ('CP4', 0.15822048), ('P4', 0.15465015), ('O2', 0.15217695), ('Pz', 0.13534252), ('O1', 0.1242125), ('P3', 0.11897337), ('FC4', 0.11638194)]
[2026-05-30 19:02:03]     spatial_update=delta_l2=1.30721190 max_abs=0.30726067 relative=1.09529509 changed=True

[2026-05-30 19:02:04] Fold 4/5 | subject=44
[2026-05-30 19:02:04]     Train: 32 | counts=[16, 16]
[2026-05-30 19:02:04]     Test:  8 | counts=[4, 4]
[2026-05-30 19:02:04]     Model: SignalJEPA_PreLocal | Pretrained: from_pretrained | Strategy: new
[2026-05-30 19:02:04]     Normalization: none | fit_scope=none
[2026-05-30 19:02:04]     Phase 1 (new): 2,170/16,010 params
[2026-05-30 19:02:04]     Result | best_epoch=1 | stop=51 | final_phase_epochs=51 | acc=0.3750 | bal_acc=0.3750 | pred_hist=[1, 7] | collapse=False
[2026-05-30 19:02:04]     spatial_conv=[4, 29] top_abs_channels=[('Pz', 0.15396616), ('O2', 0.14325941), ('T3', 0.12625711), ('O1', 0.12241657), ('T4', 0.12149619), ('CP3', 0.12018595), ('C3', 0.1153136), ('CP4', 0.11118735)]
[2026-05-30 19:02:04]     spatial_update=delta_l2=0.01422520 max_abs=0.00230449 relative=0.01191910 changed=True

[2026-05-30 19:02:05] Fold 5/5 | subject=44
[2026-05-30 19:02:05]     Train: 32 | counts=[16, 16]
[2026-05-30 19:02:05]     Test:  8 | counts=[4, 4]
[2026-05-30 19:02:05]     Model: SignalJEPA_PreLocal | Pretrained: from_pretrained | Strategy: new
[2026-05-30 19:02:05]     Normalization: none | fit_scope=none
[2026-05-30 19:02:05]     Phase 1 (new): 2,170/16,010 params
[2026-05-30 19:02:23]     Result | best_epoch=968 | stop=1018 | final_phase_epochs=1018 | acc=0.5000 | bal_acc=0.5000 | pred_hist=[4, 4] | collapse=False
[2026-05-30 19:02:23]     spatial_conv=[4, 29] top_abs_channels=[('Cz', 0.18250293), ('C3', 0.180904), ('P4', 0.16977979), ('FCz', 0.1602792), ('Pz', 0.15654728), ('FC3', 0.15008757), ('FT8', 0.13424632), ('O2', 0.1123377)]
[2026-05-30 19:02:23]     spatial_update=delta_l2=1.38746226 max_abs=0.45960128 relative=1.16253577 changed=True
[2026-05-30 19:02:23]   Subject 44: acc=0.6000±0.1458  bal_acc=0.6000±0.1458
[2026-05-30 19:02:23] \nSubject 45: 40 windows | class_counts=[20, 20]

[2026-05-30 19:02:23] Fold 1/5 | subject=45
[2026-05-30 19:02:23]     Train: 32 | counts=[16, 16]
[2026-05-30 19:02:23]     Test:  8 | counts=[4, 4]
[2026-05-30 19:02:23]     Model: SignalJEPA_PreLocal | Pretrained: from_pretrained | Strategy: new
[2026-05-30 19:02:23]     Normalization: none | fit_scope=none
[2026-05-30 19:02:23]     Phase 1 (new): 2,170/16,010 params
[2026-05-30 19:02:24]     Result | best_epoch=3 | stop=53 | final_phase_epochs=53 | acc=0.5000 | bal_acc=0.5000 | pred_hist=[0, 8] | collapse=True
[2026-05-30 19:02:24]     spatial_conv=[4, 29] top_abs_channels=[('Pz', 0.15262842), ('O2', 0.14650059), ('T3', 0.12409906), ('O1', 0.1230733), ('CP3', 0.12015171), ('T4', 0.11998001), ('C3', 0.11634479), ('CP4', 0.11301051)]
[2026-05-30 19:02:24]     spatial_update=delta_l2=0.03041442 max_abs=0.00628086 relative=0.02548383 changed=True

[2026-05-30 19:02:25] Fold 2/5 | subject=45
[2026-05-30 19:02:25]     Train: 32 | counts=[16, 16]
[2026-05-30 19:02:25]     Test:  8 | counts=[4, 4]
[2026-05-30 19:02:25]     Model: SignalJEPA_PreLocal | Pretrained: from_pretrained | Strategy: new
[2026-05-30 19:02:25]     Normalization: none | fit_scope=none
[2026-05-30 19:02:25]     Phase 1 (new): 2,170/16,010 params
[2026-05-30 19:02:26]     Result | best_epoch=1 | stop=51 | final_phase_epochs=51 | acc=0.5000 | bal_acc=0.5000 | pred_hist=[0, 8] | collapse=True
[2026-05-30 19:02:26]     spatial_conv=[4, 29] top_abs_channels=[('Pz', 0.15237817), ('O2', 0.14467046), ('T3', 0.12567641), ('T4', 0.12227207), ('O1', 0.12102575), ('CP3', 0.12078242), ('C3', 0.11476862), ('CP4', 0.11106139)]
[2026-05-30 19:02:26]     spatial_update=delta_l2=0.01140282 max_abs=0.00225829 relative=0.00955427 changed=True

[2026-05-30 19:02:26] Fold 3/5 | subject=45
[2026-05-30 19:02:26]     Train: 32 | counts=[16, 16]
[2026-05-30 19:02:26]     Test:  8 | counts=[4, 4]
[2026-05-30 19:02:26]     Model: SignalJEPA_PreLocal | Pretrained: from_pretrained | Strategy: new
[2026-05-30 19:02:26]     Normalization: none | fit_scope=none
[2026-05-30 19:02:26]     Phase 1 (new): 2,170/16,010 params
[2026-05-30 19:02:30]     Result | best_epoch=166 | stop=216 | final_phase_epochs=216 | acc=0.6250 | bal_acc=0.6250 | pred_hist=[3, 5] | collapse=False
[2026-05-30 19:02:30]     spatial_conv=[4, 29] top_abs_channels=[('Pz', 0.14595495), ('FCz', 0.14311233), ('CP4', 0.14064413), ('F4', 0.1380402), ('FT7', 0.13662113), ('O2', 0.13287973), ('CP3', 0.12919971), ('C4', 0.12803486)]
[2026-05-30 19:02:30]     spatial_update=delta_l2=0.88407632 max_abs=0.23834956 relative=0.74075553 changed=True

[2026-05-30 19:02:30] Fold 4/5 | subject=45
[2026-05-30 19:02:30]     Train: 32 | counts=[16, 16]
[2026-05-30 19:02:30]     Test:  8 | counts=[4, 4]
[2026-05-30 19:02:30]     Model: SignalJEPA_PreLocal | Pretrained: from_pretrained | Strategy: new
[2026-05-30 19:02:30]     Normalization: none | fit_scope=none
[2026-05-30 19:02:30]     Phase 1 (new): 2,170/16,010 params
[2026-05-30 19:02:32]     Result | best_epoch=49 | stop=96 | final_phase_epochs=96 | acc=0.5000 | bal_acc=0.5000 | pred_hist=[2, 6] | collapse=False
[2026-05-30 19:02:32]     spatial_conv=[4, 29] top_abs_channels=[('O2', 0.1666088), ('Fz', 0.13985701), ('C3', 0.13797477), ('Pz', 0.13665882), ('CP3', 0.12822767), ('FCz', 0.12694553), ('CP4', 0.12305719), ('O1', 0.11740031)]
[2026-05-30 19:02:32]     spatial_update=delta_l2=0.41717762 max_abs=0.09490805 relative=0.34954746 changed=True

[2026-05-30 19:02:33] Fold 5/5 | subject=45
[2026-05-30 19:02:33]     Train: 32 | counts=[16, 16]
[2026-05-30 19:02:33]     Test:  8 | counts=[4, 4]
[2026-05-30 19:02:33]     Model: SignalJEPA_PreLocal | Pretrained: from_pretrained | Strategy: new
[2026-05-30 19:02:33]     Normalization: none | fit_scope=none
[2026-05-30 19:02:33]     Phase 1 (new): 2,170/16,010 params
[2026-05-30 19:02:38]     Result | best_epoch=257 | stop=307 | final_phase_epochs=307 | acc=0.6250 | bal_acc=0.6250 | pred_hist=[5, 3] | collapse=False
[2026-05-30 19:02:38]     spatial_conv=[4, 29] top_abs_channels=[('Fz', 0.18828711), ('C3', 0.18064374), ('O2', 0.16067201), ('CP4', 0.15883005), ('FCz', 0.15604053), ('T6', 0.15567014), ('FT7', 0.13181092), ('CP3', 0.10842992)]
[2026-05-30 19:02:38]     spatial_update=delta_l2=1.11159374 max_abs=0.28682587 relative=0.93138929 changed=True
[2026-05-30 19:02:38]   Subject 45: acc=0.5500±0.0612  bal_acc=0.5500±0.0612
[2026-05-30 19:02:38] \nSubject 46: 40 windows | class_counts=[20, 20]

[2026-05-30 19:02:39] Fold 1/5 | subject=46
[2026-05-30 19:02:39]     Train: 32 | counts=[16, 16]
[2026-05-30 19:02:39]     Test:  8 | counts=[4, 4]
[2026-05-30 19:02:39]     Model: SignalJEPA_PreLocal | Pretrained: from_pretrained | Strategy: new
[2026-05-30 19:02:39]     Normalization: none | fit_scope=none
[2026-05-30 19:02:39]     Phase 1 (new): 2,170/16,010 params
[2026-05-30 19:02:41]     Result | best_epoch=93 | stop=142 | final_phase_epochs=142 | acc=0.3750 | bal_acc=0.3750 | pred_hist=[7, 1] | collapse=False
[2026-05-30 19:02:41]     spatial_conv=[4, 29] top_abs_channels=[('T3', 0.14879924), ('O2', 0.14251545), ('F4', 0.13226677), ('O1', 0.13058865), ('Pz', 0.12663044), ('Oz', 0.12256368), ('FCz', 0.11917514), ('F8', 0.11516552)]
[2026-05-30 19:02:41]     spatial_update=delta_l2=0.61904505 max_abs=0.16850080 relative=0.51868944 changed=True

[2026-05-30 19:02:42] Fold 2/5 | subject=46
[2026-05-30 19:02:42]     Train: 32 | counts=[16, 16]
[2026-05-30 19:02:42]     Test:  8 | counts=[4, 4]
[2026-05-30 19:02:42]     Model: SignalJEPA_PreLocal | Pretrained: from_pretrained | Strategy: new
[2026-05-30 19:02:42]     Normalization: none | fit_scope=none
[2026-05-30 19:02:42]     Phase 1 (new): 2,170/16,010 params
[2026-05-30 19:02:42]     Result | best_epoch=1 | stop=51 | final_phase_epochs=51 | acc=0.5000 | bal_acc=0.5000 | pred_hist=[0, 8] | collapse=True
[2026-05-30 19:02:42]     spatial_conv=[4, 29] top_abs_channels=[('Pz', 0.15293679), ('O2', 0.14435558), ('T3', 0.12693131), ('T4', 0.12233152), ('O1', 0.1215419), ('CP3', 0.12126534), ('C3', 0.11615244), ('CP4', 0.11131496)]
[2026-05-30 19:02:42]     spatial_update=delta_l2=0.01186937 max_abs=0.00224953 relative=0.00994519 changed=True

[2026-05-30 19:02:43] Fold 3/5 | subject=46
[2026-05-30 19:02:43]     Train: 32 | counts=[16, 16]
[2026-05-30 19:02:43]     Test:  8 | counts=[4, 4]
[2026-05-30 19:02:43]     Model: SignalJEPA_PreLocal | Pretrained: from_pretrained | Strategy: new
[2026-05-30 19:02:43]     Normalization: none | fit_scope=none
[2026-05-30 19:02:43]     Phase 1 (new): 2,170/16,010 params
[2026-05-30 19:03:00]     Result | best_epoch=904 | stop=954 | final_phase_epochs=954 | acc=0.5000 | bal_acc=0.5000 | pred_hist=[6, 2] | collapse=False
[2026-05-30 19:03:00]     spatial_conv=[4, 29] top_abs_channels=[('T3', 0.1948484), ('O1', 0.16573006), ('CP3', 0.1587328), ('P3', 0.14323229), ('FT7', 0.13452791), ('F8', 0.12749954), ('Oz', 0.1241653), ('TP8', 0.11402041)]
[2026-05-30 19:03:00]     spatial_update=delta_l2=1.17228686 max_abs=0.29099743 relative=0.98224322 changed=True

[2026-05-30 19:03:00] Fold 4/5 | subject=46
[2026-05-30 19:03:00]     Train: 32 | counts=[16, 16]
[2026-05-30 19:03:00]     Test:  8 | counts=[4, 4]
[2026-05-30 19:03:00]     Model: SignalJEPA_PreLocal | Pretrained: from_pretrained | Strategy: new
[2026-05-30 19:03:00]     Normalization: none | fit_scope=none
[2026-05-30 19:03:00]     Phase 1 (new): 2,170/16,010 params
[2026-05-30 19:03:03]     Result | best_epoch=92 | stop=142 | final_phase_epochs=142 | acc=0.3750 | bal_acc=0.3750 | pred_hist=[5, 3] | collapse=False
[2026-05-30 19:03:03]     spatial_conv=[4, 29] top_abs_channels=[('Pz', 0.14949226), ('O2', 0.14751717), ('CP3', 0.14742225), ('C3', 0.14290878), ('O1', 0.13967505), ('CP4', 0.12358129), ('Oz', 0.1227897), ('F8', 0.11675432)]
[2026-05-30 19:03:03]     spatial_update=delta_l2=0.63492761 max_abs=0.16298897 relative=0.53199721 changed=True

[2026-05-30 19:03:03] Fold 5/5 | subject=46
[2026-05-30 19:03:03]     Train: 32 | counts=[16, 16]
[2026-05-30 19:03:03]     Test:  8 | counts=[4, 4]
[2026-05-30 19:03:03]     Model: SignalJEPA_PreLocal | Pretrained: from_pretrained | Strategy: new
[2026-05-30 19:03:03]     Normalization: none | fit_scope=none
[2026-05-30 19:03:03]     Phase 1 (new): 2,170/16,010 params
[2026-05-30 19:03:09]     Result | best_epoch=300 | stop=350 | final_phase_epochs=350 | acc=0.6250 | bal_acc=0.6250 | pred_hist=[1, 7] | collapse=False
[2026-05-30 19:03:09]     spatial_conv=[4, 29] top_abs_channels=[('O1', 0.14267421), ('FT7', 0.14130303), ('FC4', 0.13738213), ('TP7', 0.13442692), ('T3', 0.13292925), ('F8', 0.1312221), ('Pz', 0.12735514), ('CP3', 0.11754218)]
[2026-05-30 19:03:09]     spatial_update=delta_l2=0.98707233 max_abs=0.24661037 relative=0.82705449 changed=True
[2026-05-30 19:03:09]   Subject 46: acc=0.4750±0.0935  bal_acc=0.4750±0.0935
[2026-05-30 19:03:09] \nSubject 47: 40 windows | class_counts=[20, 20]

[2026-05-30 19:03:10] Fold 1/5 | subject=47
[2026-05-30 19:03:10]     Train: 32 | counts=[16, 16]
[2026-05-30 19:03:10]     Test:  8 | counts=[4, 4]
[2026-05-30 19:03:10]     Model: SignalJEPA_PreLocal | Pretrained: from_pretrained | Strategy: new
[2026-05-30 19:03:10]     Normalization: none | fit_scope=none
[2026-05-30 19:03:10]     Phase 1 (new): 2,170/16,010 params
[2026-05-30 19:03:11]     Result | best_epoch=1 | stop=51 | final_phase_epochs=51 | acc=0.5000 | bal_acc=0.5000 | pred_hist=[0, 8] | collapse=True
[2026-05-30 19:03:11]     spatial_conv=[4, 29] top_abs_channels=[('Pz', 0.15414627), ('O2', 0.14445965), ('T3', 0.12727784), ('O1', 0.12256465), ('T4', 0.12131917), ('CP3', 0.12064835), ('C3', 0.1153723), ('CP4', 0.11088823)]
[2026-05-30 19:03:11]     spatial_update=delta_l2=0.01195687 max_abs=0.00229190 relative=0.01001850 changed=True

[2026-05-30 19:03:11] Fold 2/5 | subject=47
[2026-05-30 19:03:11]     Train: 32 | counts=[16, 16]
[2026-05-30 19:03:11]     Test:  8 | counts=[4, 4]
[2026-05-30 19:03:11]     Model: SignalJEPA_PreLocal | Pretrained: from_pretrained | Strategy: new
[2026-05-30 19:03:11]     Normalization: none | fit_scope=none
[2026-05-30 19:03:11]     Phase 1 (new): 2,170/16,010 params
[2026-05-30 19:03:12]     Result | best_epoch=1 | stop=51 | final_phase_epochs=51 | acc=0.5000 | bal_acc=0.5000 | pred_hist=[0, 8] | collapse=True
[2026-05-30 19:03:12]     spatial_conv=[4, 29] top_abs_channels=[('Pz', 0.15257558), ('O2', 0.14377502), ('T3', 0.12732948), ('O1', 0.12241556), ('CP3', 0.12168736), ('T4', 0.12118489), ('C3', 0.1151941), ('CP4', 0.11160183)]
[2026-05-30 19:03:12]     spatial_update=delta_l2=0.01157412 max_abs=0.00223259 relative=0.00969780 changed=True

[2026-05-30 19:03:13] Fold 3/5 | subject=47
[2026-05-30 19:03:13]     Train: 32 | counts=[16, 16]
[2026-05-30 19:03:13]     Test:  8 | counts=[4, 4]
[2026-05-30 19:03:13]     Model: SignalJEPA_PreLocal | Pretrained: from_pretrained | Strategy: new
[2026-05-30 19:03:13]     Normalization: none | fit_scope=none
[2026-05-30 19:03:13]     Phase 1 (new): 2,170/16,010 params
[2026-05-30 19:03:14]     Result | best_epoch=1 | stop=51 | final_phase_epochs=51 | acc=0.5000 | bal_acc=0.5000 | pred_hist=[0, 8] | collapse=True
[2026-05-30 19:03:14]     spatial_conv=[4, 29] top_abs_channels=[('Pz', 0.15374896), ('O2', 0.14376962), ('T3', 0.12654632), ('O1', 0.12259115), ('T4', 0.12113194), ('CP3', 0.12080567), ('C3', 0.11538172), ('CP4', 0.1106041)]
[2026-05-30 19:03:14]     spatial_update=delta_l2=0.01143165 max_abs=0.00196154 relative=0.00957842 changed=True

[2026-05-30 19:03:14] Fold 4/5 | subject=47
[2026-05-30 19:03:14]     Train: 32 | counts=[16, 16]
[2026-05-30 19:03:14]     Test:  8 | counts=[4, 4]
[2026-05-30 19:03:14]     Model: SignalJEPA_PreLocal | Pretrained: from_pretrained | Strategy: new
[2026-05-30 19:03:14]     Normalization: none | fit_scope=none
[2026-05-30 19:03:14]     Phase 1 (new): 2,170/16,010 params
[2026-05-30 19:03:15]     Result | best_epoch=1 | stop=51 | final_phase_epochs=51 | acc=0.5000 | bal_acc=0.5000 | pred_hist=[0, 8] | collapse=True
[2026-05-30 19:03:15]     spatial_conv=[4, 29] top_abs_channels=[('Pz', 0.15364973), ('O2', 0.14370793), ('T3', 0.1260864), ('O1', 0.1225021), ('CP3', 0.12168147), ('T4', 0.12105242), ('C3', 0.11448364), ('CP4', 0.1111498)]
[2026-05-30 19:03:15]     spatial_update=delta_l2=0.01058243 max_abs=0.00216345 relative=0.00886687 changed=True

[2026-05-30 19:03:15] Fold 5/5 | subject=47
[2026-05-30 19:03:15]     Train: 32 | counts=[16, 16]
[2026-05-30 19:03:15]     Test:  8 | counts=[4, 4]
[2026-05-30 19:03:15]     Model: SignalJEPA_PreLocal | Pretrained: from_pretrained | Strategy: new
[2026-05-30 19:03:15]     Normalization: none | fit_scope=none
[2026-05-30 19:03:15]     Phase 1 (new): 2,170/16,010 params
[2026-05-30 19:03:16]     Result | best_epoch=1 | stop=51 | final_phase_epochs=51 | acc=0.5000 | bal_acc=0.5000 | pred_hist=[0, 8] | collapse=True
[2026-05-30 19:03:16]     spatial_conv=[4, 29] top_abs_channels=[('Pz', 0.15294676), ('O2', 0.14445186), ('T3', 0.12732226), ('O1', 0.12223321), ('T4', 0.12190688), ('CP3', 0.12063985), ('C3', 0.11527213), ('CP4', 0.11087316)]
[2026-05-30 19:03:16]     spatial_update=delta_l2=0.01050747 max_abs=0.00226183 relative=0.00880407 changed=True
[2026-05-30 19:03:16]   Subject 47: acc=0.5000±0.0000  bal_acc=0.5000±0.0000
[2026-05-30 19:03:16] \nSubject 48: 40 windows | class_counts=[20, 20]

[2026-05-30 19:03:17] Fold 1/5 | subject=48
[2026-05-30 19:03:17]     Train: 32 | counts=[16, 16]
[2026-05-30 19:03:17]     Test:  8 | counts=[4, 4]
[2026-05-30 19:03:17]     Model: SignalJEPA_PreLocal | Pretrained: from_pretrained | Strategy: new
[2026-05-30 19:03:17]     Normalization: none | fit_scope=none
[2026-05-30 19:03:17]     Phase 1 (new): 2,170/16,010 params
[2026-05-30 19:03:18]     Result | best_epoch=1 | stop=51 | final_phase_epochs=51 | acc=0.5000 | bal_acc=0.5000 | pred_hist=[0, 8] | collapse=True
[2026-05-30 19:03:18]     spatial_conv=[4, 29] top_abs_channels=[('Pz', 0.15244326), ('O2', 0.14477703), ('T3', 0.12674387), ('T4', 0.12262132), ('O1', 0.12185725), ('CP3', 0.12171382), ('C3', 0.1156317), ('CP4', 0.11161455)]
[2026-05-30 19:03:18]     spatial_update=delta_l2=0.01426890 max_abs=0.00225773 relative=0.01195572 changed=True

[2026-05-30 19:03:18] Fold 2/5 | subject=48
[2026-05-30 19:03:18]     Train: 32 | counts=[16, 16]
[2026-05-30 19:03:18]     Test:  8 | counts=[4, 4]
[2026-05-30 19:03:18]     Model: SignalJEPA_PreLocal | Pretrained: from_pretrained | Strategy: new
[2026-05-30 19:03:18]     Normalization: none | fit_scope=none
[2026-05-30 19:03:18]     Phase 1 (new): 2,170/16,010 params
[2026-05-30 19:03:22]     Result | best_epoch=172 | stop=222 | final_phase_epochs=222 | acc=0.5000 | bal_acc=0.5000 | pred_hist=[4, 4] | collapse=False
[2026-05-30 19:03:22]     spatial_conv=[4, 29] top_abs_channels=[('O2', 0.2009211), ('Cz', 0.17215812), ('C4', 0.16493958), ('Fz', 0.14336187), ('CP4', 0.13866456), ('CP3', 0.1282206), ('O1', 0.12316883), ('T4', 0.1164787)]
[2026-05-30 19:03:22]     spatial_update=delta_l2=0.94654277 max_abs=0.27487773 relative=0.79309532 changed=True

[2026-05-30 19:03:23] Fold 3/5 | subject=48
[2026-05-30 19:03:23]     Train: 32 | counts=[16, 16]
[2026-05-30 19:03:23]     Test:  8 | counts=[4, 4]
[2026-05-30 19:03:23]     Model: SignalJEPA_PreLocal | Pretrained: from_pretrained | Strategy: new
[2026-05-30 19:03:23]     Normalization: none | fit_scope=none
[2026-05-30 19:03:23]     Phase 1 (new): 2,170/16,010 params
[2026-05-30 19:03:24]     Result | best_epoch=1 | stop=51 | final_phase_epochs=51 | acc=0.5000 | bal_acc=0.5000 | pred_hist=[0, 8] | collapse=True
[2026-05-30 19:03:24]     spatial_conv=[4, 29] top_abs_channels=[('Pz', 0.15250936), ('O2', 0.1440461), ('T3', 0.12618622), ('T4', 0.12270583), ('O1', 0.12173716), ('CP3', 0.12157945), ('C3', 0.11472829), ('CP4', 0.11199064)]
[2026-05-30 19:03:24]     spatial_update=delta_l2=0.01217166 max_abs=0.00221782 relative=0.01019847 changed=True

[2026-05-30 19:03:24] Fold 4/5 | subject=48
[2026-05-30 19:03:24]     Train: 32 | counts=[16, 16]
[2026-05-30 19:03:24]     Test:  8 | counts=[4, 4]
[2026-05-30 19:03:24]     Model: SignalJEPA_PreLocal | Pretrained: from_pretrained | Strategy: new
[2026-05-30 19:03:24]     Normalization: none | fit_scope=none
[2026-05-30 19:03:24]     Phase 1 (new): 2,170/16,010 params
[2026-05-30 19:03:25]     Result | best_epoch=1 | stop=51 | final_phase_epochs=51 | acc=0.5000 | bal_acc=0.5000 | pred_hist=[0, 8] | collapse=True
[2026-05-30 19:03:25]     spatial_conv=[4, 29] top_abs_channels=[('Pz', 0.15208812), ('O2', 0.14486815), ('T3', 0.12584159), ('T4', 0.12245956), ('CP3', 0.12196698), ('O1', 0.12118778), ('C3', 0.11518446), ('CP4', 0.11170316)]
[2026-05-30 19:03:25]     spatial_update=delta_l2=0.01407077 max_abs=0.00229603 relative=0.01178970 changed=True

[2026-05-30 19:03:25] Fold 5/5 | subject=48
[2026-05-30 19:03:25]     Train: 32 | counts=[16, 16]
[2026-05-30 19:03:25]     Test:  8 | counts=[4, 4]
[2026-05-30 19:03:25]     Model: SignalJEPA_PreLocal | Pretrained: from_pretrained | Strategy: new
[2026-05-30 19:03:25]     Normalization: none | fit_scope=none
[2026-05-30 19:03:25]     Phase 1 (new): 2,170/16,010 params
[2026-05-30 19:03:26]     Result | best_epoch=1 | stop=51 | final_phase_epochs=51 | acc=0.5000 | bal_acc=0.5000 | pred_hist=[0, 8] | collapse=True
[2026-05-30 19:03:26]     spatial_conv=[4, 29] top_abs_channels=[('Pz', 0.1525892), ('O2', 0.14484896), ('T3', 0.12752891), ('T4', 0.12264916), ('CP3', 0.12151143), ('O1', 0.12079345), ('C3', 0.11596973), ('CP4', 0.11138693)]
[2026-05-30 19:03:26]     spatial_update=delta_l2=0.01360667 max_abs=0.00230403 relative=0.01140085 changed=True
[2026-05-30 19:03:26]   Subject 48: acc=0.5000±0.0000  bal_acc=0.5000±0.0000
[2026-05-30 19:03:26] \nSubject 49: 40 windows | class_counts=[20, 20]

[2026-05-30 19:03:27] Fold 1/5 | subject=49
[2026-05-30 19:03:27]     Train: 32 | counts=[16, 16]
[2026-05-30 19:03:27]     Test:  8 | counts=[4, 4]
[2026-05-30 19:03:27]     Model: SignalJEPA_PreLocal | Pretrained: from_pretrained | Strategy: new
[2026-05-30 19:03:27]     Normalization: none | fit_scope=none
[2026-05-30 19:03:27]     Phase 1 (new): 2,170/16,010 params
[2026-05-30 19:03:28]     Result | best_epoch=4 | stop=51 | final_phase_epochs=51 | acc=0.5000 | bal_acc=0.5000 | pred_hist=[0, 8] | collapse=True
[2026-05-30 19:03:28]     spatial_conv=[4, 29] top_abs_channels=[('Pz', 0.15251936), ('O2', 0.14395127), ('T3', 0.12554158), ('T4', 0.12250361), ('O1', 0.12173078), ('CP3', 0.12161225), ('C3', 0.11575159), ('CP4', 0.11132792)]
[2026-05-30 19:03:28]     spatial_update=delta_l2=0.01214665 max_abs=0.00228129 relative=0.01017751 changed=True

[2026-05-30 19:03:28] Fold 2/5 | subject=49
[2026-05-30 19:03:28]     Train: 32 | counts=[16, 16]
[2026-05-30 19:03:28]     Test:  8 | counts=[4, 4]
[2026-05-30 19:03:28]     Model: SignalJEPA_PreLocal | Pretrained: from_pretrained | Strategy: new
[2026-05-30 19:03:28]     Normalization: none | fit_scope=none
[2026-05-30 19:03:28]     Phase 1 (new): 2,170/16,010 params
[2026-05-30 19:03:40]     Result | best_epoch=623 | stop=673 | final_phase_epochs=673 | acc=0.1250 | bal_acc=0.1250 | pred_hist=[5, 3] | collapse=False
[2026-05-30 19:03:40]     spatial_conv=[4, 29] top_abs_channels=[('O2', 0.20577714), ('T3', 0.16468191), ('C4', 0.14602323), ('CP4', 0.13756663), ('FT8', 0.13337012), ('F4', 0.11071648), ('F3', 0.10864602), ('Fp1', 0.10609943)]
[2026-05-30 19:03:40]     spatial_update=delta_l2=1.03973251 max_abs=0.29616285 relative=0.87117774 changed=True

[2026-05-30 19:03:40] Fold 3/5 | subject=49
[2026-05-30 19:03:40]     Train: 32 | counts=[16, 16]
[2026-05-30 19:03:40]     Test:  8 | counts=[4, 4]
[2026-05-30 19:03:40]     Model: SignalJEPA_PreLocal | Pretrained: from_pretrained | Strategy: new
[2026-05-30 19:03:40]     Normalization: none | fit_scope=none
[2026-05-30 19:03:40]     Phase 1 (new): 2,170/16,010 params
[2026-05-30 19:03:41]     Result | best_epoch=24 | stop=68 | final_phase_epochs=68 | acc=0.5000 | bal_acc=0.5000 | pred_hist=[4, 4] | collapse=False
[2026-05-30 19:03:41]     spatial_conv=[4, 29] top_abs_channels=[('Pz', 0.1546827), ('O2', 0.15349577), ('P3', 0.12050629), ('O1', 0.11918047), ('CP4', 0.11450961), ('CP3', 0.11294849), ('T4', 0.11202587), ('T3', 0.11175005)]
[2026-05-30 19:03:41]     spatial_update=delta_l2=0.16964611 max_abs=0.03445667 relative=0.14214417 changed=True

[2026-05-30 19:03:42] Fold 4/5 | subject=49
[2026-05-30 19:03:42]     Train: 32 | counts=[16, 16]
[2026-05-30 19:03:42]     Test:  8 | counts=[4, 4]
[2026-05-30 19:03:42]     Model: SignalJEPA_PreLocal | Pretrained: from_pretrained | Strategy: new
[2026-05-30 19:03:42]     Normalization: none | fit_scope=none
[2026-05-30 19:03:42]     Phase 1 (new): 2,170/16,010 params
[2026-05-30 19:03:43]     Result | best_epoch=4 | stop=53 | final_phase_epochs=53 | acc=0.5000 | bal_acc=0.5000 | pred_hist=[0, 8] | collapse=True
[2026-05-30 19:03:43]     spatial_conv=[4, 29] top_abs_channels=[('Pz', 0.15357807), ('O2', 0.14438826), ('T3', 0.12387248), ('T4', 0.12262969), ('O1', 0.12095392), ('CP3', 0.11991491), ('C3', 0.11576528), ('CP4', 0.11156645)]
[2026-05-30 19:03:43]     spatial_update=delta_l2=0.03049469 max_abs=0.00582229 relative=0.02555108 changed=True

[2026-05-30 19:03:43] Fold 5/5 | subject=49
[2026-05-30 19:03:43]     Train: 32 | counts=[16, 16]
[2026-05-30 19:03:43]     Test:  8 | counts=[4, 4]
[2026-05-30 19:03:43]     Model: SignalJEPA_PreLocal | Pretrained: from_pretrained | Strategy: new
[2026-05-30 19:03:43]     Normalization: none | fit_scope=none
[2026-05-30 19:03:43]     Phase 1 (new): 2,170/16,010 params
[2026-05-30 19:03:44]     Result | best_epoch=3 | stop=51 | final_phase_epochs=51 | acc=0.5000 | bal_acc=0.5000 | pred_hist=[0, 8] | collapse=True
[2026-05-30 19:03:44]     spatial_conv=[4, 29] top_abs_channels=[('Pz', 0.15316641), ('O2', 0.14382558), ('T3', 0.1259256), ('T4', 0.12252799), ('O1', 0.12126756), ('CP3', 0.12091696), ('C3', 0.11606777), ('CP4', 0.11105108)]
[2026-05-30 19:03:44]     spatial_update=delta_l2=0.01252237 max_abs=0.00227405 relative=0.01049232 changed=True
[2026-05-30 19:03:44]   Subject 49: acc=0.4250±0.1500  bal_acc=0.4250±0.1500
[2026-05-30 19:03:44] \nSubject 50: 40 windows | class_counts=[20, 20]

[2026-05-30 19:03:45] Fold 1/5 | subject=50
[2026-05-30 19:03:45]     Train: 32 | counts=[16, 16]
[2026-05-30 19:03:45]     Test:  8 | counts=[4, 4]
[2026-05-30 19:03:45]     Model: SignalJEPA_PreLocal | Pretrained: from_pretrained | Strategy: new
[2026-05-30 19:03:45]     Normalization: none | fit_scope=none
[2026-05-30 19:03:45]     Phase 1 (new): 2,170/16,010 params
[2026-05-30 19:03:51]     Result | best_epoch=276 | stop=326 | final_phase_epochs=326 | acc=0.8750 | bal_acc=0.8750 | pred_hist=[5, 3] | collapse=False
[2026-05-30 19:03:51]     spatial_conv=[4, 29] top_abs_channels=[('CP3', 0.19784611), ('Pz', 0.17093074), ('T3', 0.16659613), ('F4', 0.15211424), ('F8', 0.1474252), ('Fz', 0.13822177), ('Oz', 0.1371071), ('F3', 0.12025807)]
[2026-05-30 19:03:51]     spatial_update=delta_l2=0.89955930 max_abs=0.20911750 relative=0.75372851 changed=True

[2026-05-30 19:03:51] Fold 2/5 | subject=50
[2026-05-30 19:03:51]     Train: 32 | counts=[16, 16]
[2026-05-30 19:03:51]     Test:  8 | counts=[4, 4]
[2026-05-30 19:03:51]     Model: SignalJEPA_PreLocal | Pretrained: from_pretrained | Strategy: new
[2026-05-30 19:03:51]     Normalization: none | fit_scope=none
[2026-05-30 19:03:51]     Phase 1 (new): 2,170/16,010 params
[2026-05-30 19:03:55]     Result | best_epoch=160 | stop=210 | final_phase_epochs=210 | acc=0.6250 | bal_acc=0.6250 | pred_hist=[5, 3] | collapse=False
[2026-05-30 19:03:55]     spatial_conv=[4, 29] top_abs_channels=[('T3', 0.16549103), ('O2', 0.15297358), ('CP4', 0.1483749), ('CP3', 0.14297542), ('F4', 0.13351372), ('F3', 0.13236625), ('Oz', 0.11945468), ('Pz', 0.11566924)]
[2026-05-30 19:03:55]     spatial_update=delta_l2=0.77134344 max_abs=0.20978493 relative=0.64629818 changed=True

[2026-05-30 19:03:55] Fold 3/5 | subject=50
[2026-05-30 19:03:55]     Train: 32 | counts=[16, 16]
[2026-05-30 19:03:55]     Test:  8 | counts=[4, 4]
[2026-05-30 19:03:55]     Model: SignalJEPA_PreLocal | Pretrained: from_pretrained | Strategy: new
[2026-05-30 19:03:55]     Normalization: none | fit_scope=none
[2026-05-30 19:03:55]     Phase 1 (new): 2,170/16,010 params
[2026-05-30 19:03:56]     Result | best_epoch=1 | stop=51 | final_phase_epochs=51 | acc=0.5000 | bal_acc=0.5000 | pred_hist=[0, 8] | collapse=True
[2026-05-30 19:03:56]     spatial_conv=[4, 29] top_abs_channels=[('Pz', 0.15256307), ('O2', 0.14498512), ('T3', 0.12676555), ('O1', 0.12168588), ('T4', 0.12164496), ('CP3', 0.12152703), ('C3', 0.11522761), ('CP4', 0.11086825)]
[2026-05-30 19:03:56]     spatial_update=delta_l2=0.01004853 max_abs=0.00198844 relative=0.00841953 changed=True

[2026-05-30 19:03:57] Fold 4/5 | subject=50
[2026-05-30 19:03:57]     Train: 32 | counts=[16, 16]
[2026-05-30 19:03:57]     Test:  8 | counts=[4, 4]
[2026-05-30 19:03:57]     Model: SignalJEPA_PreLocal | Pretrained: from_pretrained | Strategy: new
[2026-05-30 19:03:57]     Normalization: none | fit_scope=none
[2026-05-30 19:03:57]     Phase 1 (new): 2,170/16,010 params
[2026-05-30 19:03:58]     Result | best_epoch=1 | stop=51 | final_phase_epochs=51 | acc=0.5000 | bal_acc=0.5000 | pred_hist=[0, 8] | collapse=True
[2026-05-30 19:03:58]     spatial_conv=[4, 29] top_abs_channels=[('Pz', 0.15231475), ('O2', 0.14487249), ('T3', 0.12604868), ('T4', 0.12190284), ('O1', 0.12158756), ('CP3', 0.12115894), ('C3', 0.11496174), ('CP4', 0.11074112)]
[2026-05-30 19:03:58]     spatial_update=delta_l2=0.01102530 max_abs=0.00224765 relative=0.00923795 changed=True

[2026-05-30 19:03:58] Fold 5/5 | subject=50
[2026-05-30 19:03:58]     Train: 32 | counts=[16, 16]
[2026-05-30 19:03:58]     Test:  8 | counts=[4, 4]
[2026-05-30 19:03:58]     Model: SignalJEPA_PreLocal | Pretrained: from_pretrained | Strategy: new
[2026-05-30 19:03:58]     Normalization: none | fit_scope=none
[2026-05-30 19:03:58]     Phase 1 (new): 2,170/16,010 params
[2026-05-30 19:04:02]     Result | best_epoch=192 | stop=242 | final_phase_epochs=242 | acc=0.3750 | bal_acc=0.3750 | pred_hist=[5, 3] | collapse=False
[2026-05-30 19:04:02]     spatial_conv=[4, 29] top_abs_channels=[('P3', 0.15788828), ('Oz', 0.15415502), ('O2', 0.15085988), ('F8', 0.14329718), ('CP3', 0.13702126), ('Pz', 0.12623875), ('CP4', 0.11506326), ('T3', 0.1052984)]
[2026-05-30 19:04:02]     spatial_update=delta_l2=0.84186367 max_abs=0.28464380 relative=0.70538612 changed=True
[2026-05-30 19:04:02]   Subject 50: acc=0.5750±0.1696  bal_acc=0.5750±0.1696

[2026-05-30 19:04:02] Total evaluation splits completed: 250
[2026-05-30 19:04:02] ======================================================================
[2026-05-30 19:04:02] AGGREGATED RESULTS
[2026-05-30 19:04:02] ======================================================================
[2026-05-30 19:04:02]   1: acc=0.5000±0.1118  bal_acc=0.5000±0.1118
[2026-05-30 19:04:02]   2: acc=0.5000±0.0000  bal_acc=0.5000±0.0000
[2026-05-30 19:04:02]   3: acc=0.5750±0.1000  bal_acc=0.5750±0.1000
[2026-05-30 19:04:02]   4: acc=0.5750±0.0612  bal_acc=0.5750±0.0612
[2026-05-30 19:04:02]   5: acc=0.5250±0.0500  bal_acc=0.5250±0.0500
[2026-05-30 19:04:02]   6: acc=0.4250±0.1696  bal_acc=0.4250±0.1696
[2026-05-30 19:04:02]   7: acc=0.6500±0.0935  bal_acc=0.6500±0.0935
[2026-05-30 19:04:02]   8: acc=0.6500±0.1458  bal_acc=0.6500±0.1458
[2026-05-30 19:04:02]   9: acc=0.5750±0.1000  bal_acc=0.5750±0.1000
[2026-05-30 19:04:02]   10: acc=0.4500±0.1275  bal_acc=0.4500±0.1275
[2026-05-30 19:04:02]   11: acc=0.5000±0.1369  bal_acc=0.5000±0.1369
[2026-05-30 19:04:02]   12: acc=0.4500±0.1000  bal_acc=0.4500±0.1000
[2026-05-30 19:04:02]   13: acc=0.6500±0.1225  bal_acc=0.6500±0.1225
[2026-05-30 19:04:02]   14: acc=0.5500±0.0612  bal_acc=0.5500±0.0612
[2026-05-30 19:04:02]   15: acc=0.5250±0.0935  bal_acc=0.5250±0.0935
[2026-05-30 19:04:02]   16: acc=0.5000±0.0000  bal_acc=0.5000±0.0000
[2026-05-30 19:04:02]   17: acc=0.5000±0.0791  bal_acc=0.5000±0.0791
[2026-05-30 19:04:02]   18: acc=0.8500±0.0500  bal_acc=0.8500±0.0500
[2026-05-30 19:04:02]   19: acc=0.4250±0.1000  bal_acc=0.4250±0.1000
[2026-05-30 19:04:02]   20: acc=0.4750±0.1658  bal_acc=0.4750±0.1658
[2026-05-30 19:04:02]   21: acc=0.5500±0.1696  bal_acc=0.5500±0.1696
[2026-05-30 19:04:02]   22: acc=0.8500±0.1458  bal_acc=0.8500±0.1458
[2026-05-30 19:04:02]   23: acc=0.5000±0.0000  bal_acc=0.5000±0.0000
[2026-05-30 19:04:02]   24: acc=0.4250±0.1500  bal_acc=0.4250±0.1500
[2026-05-30 19:04:02]   25: acc=0.5000±0.1369  bal_acc=0.5000±0.1369
[2026-05-30 19:04:02]   26: acc=0.5250±0.0500  bal_acc=0.5250±0.0500
[2026-05-30 19:04:02]   27: acc=0.4250±0.1000  bal_acc=0.4250±0.1000
[2026-05-30 19:04:02]   28: acc=0.6750±0.1275  bal_acc=0.6750±0.1275
[2026-05-30 19:04:02]   29: acc=0.5500±0.1275  bal_acc=0.5500±0.1275
[2026-05-30 19:04:02]   30: acc=0.6250±0.0000  bal_acc=0.6250±0.0000
[2026-05-30 19:04:02]   31: acc=0.5500±0.1275  bal_acc=0.5500±0.1275
[2026-05-30 19:04:02]   32: acc=0.4750±0.0500  bal_acc=0.4750±0.0500
[2026-05-30 19:04:02]   33: acc=0.4250±0.1500  bal_acc=0.4250±0.1500
[2026-05-30 19:04:02]   34: acc=0.7500±0.1768  bal_acc=0.7500±0.1768
[2026-05-30 19:04:02]   35: acc=0.5500±0.1000  bal_acc=0.5500±0.1000
[2026-05-30 19:04:02]   36: acc=0.5500±0.1000  bal_acc=0.5500±0.1000
[2026-05-30 19:04:02]   37: acc=0.4750±0.0935  bal_acc=0.4750±0.0935
[2026-05-30 19:04:02]   38: acc=0.7250±0.1458  bal_acc=0.7250±0.1458
[2026-05-30 19:04:02]   39: acc=0.4750±0.0500  bal_acc=0.4750±0.0500
[2026-05-30 19:04:02]   40: acc=0.6500±0.2291  bal_acc=0.6500±0.2291
[2026-05-30 19:04:02]   41: acc=0.6000±0.1225  bal_acc=0.6000±0.1225
[2026-05-30 19:04:02]   42: acc=0.4750±0.0500  bal_acc=0.4750±0.0500
[2026-05-30 19:04:02]   43: acc=0.5250±0.0500  bal_acc=0.5250±0.0500
[2026-05-30 19:04:02]   44: acc=0.6000±0.1458  bal_acc=0.6000±0.1458
[2026-05-30 19:04:02]   45: acc=0.5500±0.0612  bal_acc=0.5500±0.0612
[2026-05-30 19:04:02]   46: acc=0.4750±0.0935  bal_acc=0.4750±0.0935
[2026-05-30 19:04:02]   47: acc=0.5000±0.0000  bal_acc=0.5000±0.0000
[2026-05-30 19:04:02]   48: acc=0.5000±0.0000  bal_acc=0.5000±0.0000
[2026-05-30 19:04:02]   49: acc=0.4250±0.1500  bal_acc=0.4250±0.1500
[2026-05-30 19:04:02]   50: acc=0.5750±0.1696  bal_acc=0.5750±0.1696
[2026-05-30 19:04:02] ----------------------------------------------------------------------
[2026-05-30 19:04:02]   OVERALL: acc=0.5465±0.1501  bal_acc=0.5465±0.1501
[2026-05-30 19:04:02] ======================================================================
[2026-05-30 19:04:02] Performance tables saved:
[2026-05-30 19:04:02]   Fold-level results:       /home/vegorov/Repos/eeg_jepa_research/artifacts/liu2024-source-mat-sjepa-prelocal/20260530_1842_71128b25/fold_level_results.csv
[2026-05-30 19:04:02]   Subject-level summary:    /home/vegorov/Repos/eeg_jepa_research/artifacts/liu2024-source-mat-sjepa-prelocal/20260530_1842_71128b25/subject_level_summary.csv
[2026-05-30 19:04:02]   Global method comparison: /home/vegorov/Repos/eeg_jepa_research/artifacts/liu2024-source-mat-sjepa-prelocal/20260530_1842_71128b25/global_method_comparison.csv
[2026-05-30 19:04:03] Subject performance plot saved to: /home/vegorov/Repos/eeg_jepa_research/artifacts/liu2024-source-mat-sjepa-prelocal/20260530_1842_71128b25/sjepa_prelocal_subject_performance.png
[2026-05-30 19:04:03] Global performance plot saved to: /home/vegorov/Repos/eeg_jepa_research/artifacts/liu2024-source-mat-sjepa-prelocal/20260530_1842_71128b25/sjepa_prelocal_global_performance_summary.png
[2026-05-30 19:04:03] Aggregated confusion matrix plot saved to: /home/vegorov/Repos/eeg_jepa_research/artifacts/liu2024-source-mat-sjepa-prelocal/20260530_1842_71128b25/sjepa_prelocal_aggregated_confusion_matrix.png
[2026-05-30 19:04:03] Confusion metrics saved to: /home/vegorov/Repos/eeg_jepa_research/artifacts/liu2024-source-mat-sjepa-prelocal/20260530_1842_71128b25/sjepa_prelocal_confusion_metrics.csv

[2026-05-30 19:04:03] ======================================================================
[2026-05-30 19:04:03] EXPERIMENT SUMMARY
[2026-05-30 19:04:03] ======================================================================
[2026-05-30 19:04:03] Run ID:                 20260530_1842_71128b25
[2026-05-30 19:04:03] Experiment:             hpgrid537_bs4_lr0p0004_clip1_start1_test0p4_iir_none
[2026-05-30 19:04:03] Subjects:               50
[2026-05-30 19:04:03] Model:                  SignalJEPA_PreLocal
[2026-05-30 19:04:03] Pretrained mode:        from_pretrained
[2026-05-30 19:04:03] Strategy:               new
[2026-05-30 19:04:03] Preprocessing:          none | ref=average | resample=True->128 | filter=True 0.5–40.0 iir
[2026-05-30 19:04:03] Window:                 start=1s | 4.195s / 537 samples
[2026-05-30 19:04:03] Artifacts:              /home/vegorov/Repos/eeg_jepa_research/artifacts/liu2024-source-mat-sjepa-prelocal/20260530_1842_71128b25
[2026-05-30 19:04:03] Mean Accuracy:          0.5465 ± 0.1501
[2026-05-30 19:04:03] Mean Balanced Accuracy: 0.5465 ± 0.1501
[2026-05-30 19:04:03] ======================================================================

[2026-05-30 19:04:03] Spatial convolution analysis saved:
[2026-05-30 19:04:03]   Long channel CSV:        /home/vegorov/Repos/eeg_jepa_research/artifacts/liu2024-source-mat-sjepa-prelocal/20260530_1842_71128b25/spatial_conv_analysis/spatial_channel_importance_long.csv
[2026-05-30 19:04:03]   Fold diagnostics CSV:    /home/vegorov/Repos/eeg_jepa_research/artifacts/liu2024-source-mat-sjepa-prelocal/20260530_1842_71128b25/spatial_conv_analysis/fold_diagnostics.csv
[2026-05-30 19:04:03]   Fold weight JSON:        /home/vegorov/Repos/eeg_jepa_research/artifacts/liu2024-source-mat-sjepa-prelocal/20260530_1842_71128b25/spatial_conv_analysis/spatial_conv_weights_by_fold.json
[2026-05-30 19:04:03]   Global importance CSV:   /home/vegorov/Repos/eeg_jepa_research/artifacts/liu2024-source-mat-sjepa-prelocal/20260530_1842_71128b25/spatial_conv_analysis/spatial_channel_importance_global.csv
[2026-05-30 19:04:03]   Subject importance CSV:  /home/vegorov/Repos/eeg_jepa_research/artifacts/liu2024-source-mat-sjepa-prelocal/20260530_1842_71128b25/spatial_conv_analysis/spatial_channel_importance_by_subject.csv
[2026-05-30 19:04:03]   Diagnostic summary JSON: /home/vegorov/Repos/eeg_jepa_research/artifacts/liu2024-source-mat-sjepa-prelocal/20260530_1842_71128b25/spatial_conv_analysis/diagnostic_summary.json

[2026-05-30 19:04:03] Diagnostic summary:
[2026-05-30 19:04:03] {
  "n_folds": 250,
  "collapse_rate": 0.404,
  "mean_collapse_ratio": 0.7955,
  "mean_spatial_delta_l2": 0.49726169424,
  "mean_spatial_relative_delta": 0.4166488139200001,
  "spatial_changed_rate": 1.0,
  "mean_confidence": 0.57889455832,
  "mean_normalized_prediction_entropy": 0.93731110552
}

[2026-05-30 19:04:03] Top global channels by mean absolute spatial weight:
[2026-05-30 19:04:03] CV results saved to:      /home/vegorov/Repos/eeg_jepa_research/artifacts/liu2024-source-mat-sjepa-prelocal/20260530_1842_71128b25/cv_results.json
[2026-05-30 19:04:03] Subject metrics saved to: /home/vegorov/Repos/eeg_jepa_research/artifacts/liu2024-source-mat-sjepa-prelocal/20260530_1842_71128b25/subject_metrics.json
[2026-05-30 19:04:03] Global metrics saved to:  /home/vegorov/Repos/eeg_jepa_research/artifacts/liu2024-source-mat-sjepa-prelocal/20260530_1842_71128b25/global_metrics.json
[2026-05-30 19:04:03] Subject performance plot: /home/vegorov/Repos/eeg_jepa_research/artifacts/liu2024-source-mat-sjepa-prelocal/20260530_1842_71128b25/sjepa_prelocal_subject_performance.png
[2026-05-30 19:04:03] Global performance plot:  /home/vegorov/Repos/eeg_jepa_research/artifacts/liu2024-source-mat-sjepa-prelocal/20260530_1842_71128b25/sjepa_prelocal_global_performance_summary.png
[2026-05-30 19:04:03] Confusion matrix plot:    /home/vegorov/Repos/eeg_jepa_research/artifacts/liu2024-source-mat-sjepa-prelocal/20260530_1842_71128b25/sjepa_prelocal_aggregated_confusion_matrix.png
[2026-05-30 19:04:03] Run metadata saved to:    /home/vegorov/Repos/eeg_jepa_research/artifacts/liu2024-source-mat-sjepa-prelocal/20260530_1842_71128b25/run_metadata.json

[2026-05-30 19:04:03] All artifacts in: /home/vegorov/Repos/eeg_jepa_research/artifacts/liu2024-source-mat-sjepa-prelocal/20260530_1842_71128b25
