{
  "mean_accuracy": 0.5971428571428571,
  "std_accuracy": 0.09098104758908945,
  "mean_balanced_accuracy": 0.5971428571428571,
  "std_balanced_accuracy": 0.09098104758908945,
  "n_groups": 7,
  "n_folds_total": 35
}