{
  "48": {
    "accuracies": [
      0.6,
      0.525,
      0.5,
      0.7,
      0.675
    ],
    "balanced_accuracies": [
      0.6000000000000001,
      0.525,
      0.5,
      0.7,
      0.675
    ],
    "mean_accuracy": 0.6,
    "std_accuracy": 0.07905694150420947,
    "mean_balanced_accuracy": 0.6,
    "std_balanced_accuracy": 0.07905694150420947
  },
  "49": {
    "accuracies": [
      0.575,
      0.8,
      0.7,
      0.6,
      0.725
    ],
    "balanced_accuracies": [
      0.575,
      0.8,
      0.7,
      0.6000000000000001,
      0.725
    ],
    "mean_accuracy": 0.68,
    "std_accuracy": 0.08276472678623427,
    "mean_balanced_accuracy": 0.68,
    "std_balanced_accuracy": 0.08276472678623424
  },
  "50": {
    "accuracies": [
      0.525,
      0.525,
      0.525,
      0.575,
      0.5
    ],
    "balanced_accuracies": [
      0.525,
      0.525,
      0.525,
      0.575,
      0.5
    ],
    "mean_accuracy": 0.53,
    "std_accuracy": 0.02449489742783176,
    "mean_balanced_accuracy": 0.53,
    "std_balanced_accuracy": 0.02449489742783176
  },
  "51": {
    "accuracies": [
      0.45,
      0.5,
      0.5,
      0.625,
      0.45
    ],
    "balanced_accuracies": [
      0.45,
      0.5,
      0.5,
      0.625,
      0.45
    ],
    "mean_accuracy": 0.5050000000000001,
    "std_accuracy": 0.06403124237432849,
    "mean_balanced_accuracy": 0.5050000000000001,
    "std_balanced_accuracy": 0.06403124237432849
  },
  "52": {
    "accuracies": [
      0.55,
      0.75,
      0.6,
      0.625,
      0.6
    ],
    "balanced_accuracies": [
      0.55,
      0.75,
      0.6,
      0.625,
      0.6000000000000001
    ],
    "mean_accuracy": 0.625,
    "std_accuracy": 0.06708203932499368,
    "mean_balanced_accuracy": 0.625,
    "std_balanced_accuracy": 0.06708203932499368
  },
  "53": {
    "accuracies": [
      0.65,
      0.775,
      0.675,
      0.65,
      0.675
    ],
    "balanced_accuracies": [
      0.65,
      0.7749999999999999,
      0.675,
      0.6499999999999999,
      0.675
    ],
    "mean_accuracy": 0.6849999999999999,
    "std_accuracy": 0.04636809247747852,
    "mean_balanced_accuracy": 0.6849999999999999,
    "std_balanced_accuracy": 0.046368092477478494
  },
  "54": {
    "accuracies": [
      0.5,
      0.5,
      0.525,
      0.625,
      0.625
    ],
    "balanced_accuracies": [
      0.5,
      0.5,
      0.525,
      0.625,
      0.625
    ],
    "mean_accuracy": 0.5549999999999999,
    "std_accuracy": 0.057879184513951125,
    "mean_balanced_accuracy": 0.5549999999999999,
    "std_balanced_accuracy": 0.057879184513951125
  }
}