{
  "51": {
    "accuracies": [
      0.25,
      0.475,
      0.575,
      0.45,
      0.375
    ],
    "balanced_accuracies": [
      0.25,
      0.475,
      0.575,
      0.45,
      0.37500000000000006
    ],
    "mean_accuracy": 0.425,
    "std_accuracy": 0.10839741694339398,
    "mean_balanced_accuracy": 0.425,
    "std_balanced_accuracy": 0.10839741694339397
  }
}