{
  "n_folds": 45,
  "collapse_rate": 0.0,
  "mean_collapse_ratio": 0.565873016,
  "mean_spatial_delta_l2": 0.615700920888889,
  "mean_spatial_relative_delta": 0.5403254184444445,
  "spatial_changed_rate": 1.0,
  "mean_confidence": 0.5537523071111111,
  "mean_normalized_prediction_entropy": 0.9855069902222221
}