{
  "51": {
    "accuracies": [
      0.575,
      0.225,
      0.375,
      0.475,
      0.4
    ],
    "balanced_accuracies": [
      0.575,
      0.22499999999999998,
      0.375,
      0.47500000000000003,
      0.4
    ],
    "mean_accuracy": 0.41,
    "std_accuracy": 0.11575836902790225,
    "mean_balanced_accuracy": 0.41,
    "std_balanced_accuracy": 0.11575836902790225
  }
}