{
  "mean_accuracy": 0.878030303030303,
  "std_accuracy": 0.019865982249006885,
  "mean_balanced_accuracy": 0.7197186147186148,
  "std_balanced_accuracy": 0.061762369156396706,
  "mean_roc_auc": 0.8715676242948969,
  "std_roc_auc": 0.048504736645791274,
  "primary_metric_name": "roc_auc",
  "primary_metric_mean": 0.8715676242948969,
  "primary_metric_std": 0.048504736645791274,
  "n_subjects": 7,
  "n_folds_total": 35
}