{
  "48": {
    "accuracies": [
      0.9053030303030303,
      0.8914141414141414,
      0.9128787878787878,
      0.8914141414141414,
      0.8888888888888888
    ],
    "balanced_accuracies": [
      0.7825757575757576,
      0.7651515151515151,
      0.7901515151515152,
      0.7621212121212122,
      0.7878787878787878
    ],
    "roc_aucs": [
      0.936421028466483,
      0.9166092745638199,
      0.9473484848484849,
      0.9212580348943985,
      0.9149678604224059
    ],
    "mean_accuracy": 0.8979797979797979,
    "std_accuracy": 0.009428360960906285,
    "mean_balanced_accuracy": 0.7775757575757576,
    "std_balanced_accuracy": 0.011683380393125437,
    "mean_roc_auc": 0.9273209366391184,
    "std_roc_auc": 0.012553974132061859,
    "primary_metric_name": "roc_auc",
    "primary_metric_mean": 0.9273209366391184,
    "primary_metric_std": 0.012553974132061859
  },
  "49": {
    "accuracies": [
      0.9002525252525253,
      0.8926767676767676,
      0.9053030303030303,
      0.898989898989899,
      0.8964646464646465
    ],
    "balanced_accuracies": [
      0.7886363636363636,
      0.7598484848484848,
      0.8068181818181819,
      0.7757575757575758,
      0.7681818181818182
    ],
    "roc_aucs": [
      0.9222107438016529,
      0.8994146005509641,
      0.9107667584940312,
      0.9045569329660239,
      0.9234963269054178
    ],
    "mean_accuracy": 0.8987373737373737,
    "std_accuracy": 0.004180036706375472,
    "mean_balanced_accuracy": 0.7798484848484849,
    "std_balanced_accuracy": 0.01647688087308354,
    "mean_roc_auc": 0.9120890725436179,
    "std_roc_auc": 0.00950471001646229,
    "primary_metric_name": "roc_auc",
    "primary_metric_mean": 0.9120890725436179,
    "primary_metric_std": 0.00950471001646229
  },
  "50": {
    "accuracies": [
      0.8876262626262627,
      0.8762626262626263,
      0.8926767676767676,
      0.8712121212121212,
      0.8787878787878788
    ],
    "balanced_accuracies": [
      0.7204545454545455,
      0.7257575757575758,
      0.7477272727272728,
      0.7196969696969697,
      0.7181818181818183
    ],
    "roc_aucs": [
      0.8979568411386593,
      0.8870408631772267,
      0.8966483011937557,
      0.8637281910009184,
      0.876423324150597
    ],
    "mean_accuracy": 0.8813131313131313,
    "std_accuracy": 0.007783351013849702,
    "mean_balanced_accuracy": 0.7263636363636364,
    "std_balanced_accuracy": 0.010982497136012207,
    "mean_roc_auc": 0.8843595041322313,
    "std_roc_auc": 0.012897486789580862,
    "primary_metric_name": "roc_auc",
    "primary_metric_mean": 0.8843595041322313,
    "primary_metric_std": 0.012897486789580862
  },
  "51": {
    "accuracies": [
      0.8396464646464646,
      0.8547979797979798,
      0.8371212121212122,
      0.8446969696969697,
      0.8484848484848485
    ],
    "balanced_accuracies": [
      0.6310606060606061,
      0.6340909090909091,
      0.5901515151515151,
      0.5795454545454546,
      0.5696969696969697
    ],
    "roc_aucs": [
      0.771935261707989,
      0.7914370982552801,
      0.7792584940312214,
      0.7741161616161617,
      0.7574380165289256
    ],
    "mean_accuracy": 0.844949494949495,
    "std_accuracy": 0.006308078786260997,
    "mean_balanced_accuracy": 0.6009090909090908,
    "std_balanced_accuracy": 0.026670109970531083,
    "mean_roc_auc": 0.7748370064279155,
    "std_roc_auc": 0.011016144429613564,
    "primary_metric_name": "roc_auc",
    "primary_metric_mean": 0.7748370064279155,
    "primary_metric_std": 0.011016144429613564
  },
  "52": {
    "accuracies": [
      0.8838383838383839,
      0.9002525252525253,
      0.875,
      0.8775252525252525,
      0.9015151515151515
    ],
    "balanced_accuracies": [
      0.7636363636363637,
      0.7643939393939394,
      0.7553030303030304,
      0.7416666666666667,
      0.7560606060606061
    ],
    "roc_aucs": [
      0.8825183654729108,
      0.9056588613406796,
      0.8735881542699725,
      0.869777318640955,
      0.899896694214876
    ],
    "mean_accuracy": 0.8876262626262627,
    "std_accuracy": 0.011208253040996045,
    "mean_balanced_accuracy": 0.7562121212121212,
    "std_balanced_accuracy": 0.008179011864403498,
    "mean_roc_auc": 0.8862878787878788,
    "std_roc_auc": 0.014202293140296817,
    "primary_metric_name": "roc_auc",
    "primary_metric_mean": 0.8862878787878788,
    "primary_metric_std": 0.014202293140296817
  },
  "53": {
    "accuracies": [
      0.8497474747474747,
      0.8636363636363636,
      0.8535353535353535,
      0.8712121212121212,
      0.8787878787878788
    ],
    "balanced_accuracies": [
      0.6825757575757576,
      0.6818181818181819,
      0.6666666666666667,
      0.6803030303030303,
      0.696969696969697
    ],
    "roc_aucs": [
      0.8260215794306703,
      0.8349632690541782,
      0.8297865013774103,
      0.8661386593204774,
      0.8742768595041323
    ],
    "mean_accuracy": 0.8633838383838383,
    "std_accuracy": 0.010784927527304377,
    "mean_balanced_accuracy": 0.6816666666666666,
    "std_balanced_accuracy": 0.00961136456191133,
    "mean_roc_auc": 0.8462373737373736,
    "std_roc_auc": 0.019943364346001937,
    "primary_metric_name": "roc_auc",
    "primary_metric_mean": 0.8462373737373736,
    "primary_metric_std": 0.019943364346001937
  },
  "54": {
    "accuracies": [
      0.8724747474747475,
      0.8737373737373737,
      0.8724747474747475,
      0.8813131313131313,
      0.8611111111111112
    ],
    "balanced_accuracies": [
      0.7234848484848485,
      0.7424242424242424,
      0.7113636363636364,
      0.7530303030303029,
      0.646969696969697
    ],
    "roc_aucs": [
      0.859573002754821,
      0.8750918273645547,
      0.8827479338842975,
      0.8843089990817263,
      0.8474862258953169
    ],
    "mean_accuracy": 0.8722222222222221,
    "std_accuracy": 0.00645793527906281,
    "mean_balanced_accuracy": 0.7154545454545455,
    "std_balanced_accuracy": 0.03717713783488613,
    "mean_roc_auc": 0.8698415977961431,
    "std_roc_auc": 0.01420317442437734,
    "primary_metric_name": "roc_auc",
    "primary_metric_mean": 0.8698415977961431,
    "primary_metric_std": 0.01420317442437734
  }
}