{
  "mean_accuracy": 0.8642857142857144,
  "std_accuracy": 0.21566224537835232,
  "mean_balanced_accuracy": 0.8642857142857144,
  "std_balanced_accuracy": 0.21566224537835232,
  "n_subjects": 7,
  "n_folds_total": 35
}