{
  "48": {
    "accuracies": [
      0.95,
      0.95,
      1.0,
      1.0,
      0.95
    ],
    "balanced_accuracies": [
      0.95,
      0.95,
      1.0,
      1.0,
      0.95
    ],
    "mean_accuracy": 0.97,
    "std_accuracy": 0.024494897427831803,
    "mean_balanced_accuracy": 0.97,
    "std_balanced_accuracy": 0.024494897427831803
  },
  "49": {
    "accuracies": [
      1.0,
      0.9,
      0.95,
      0.9,
      0.9
    ],
    "balanced_accuracies": [
      1.0,
      0.9,
      0.95,
      0.8999999999999999,
      0.8999999999999999
    ],
    "mean_accuracy": 0.9299999999999999,
    "std_accuracy": 0.03999999999999998,
    "mean_balanced_accuracy": 0.9299999999999999,
    "std_balanced_accuracy": 0.040000000000000015
  },
  "50": {
    "accuracies": [
      1.0,
      1.0,
      1.0,
      0.95,
      1.0
    ],
    "balanced_accuracies": [
      1.0,
      1.0,
      1.0,
      0.95,
      1.0
    ],
    "mean_accuracy": 0.99,
    "std_accuracy": 0.020000000000000018,
    "mean_balanced_accuracy": 0.99,
    "std_balanced_accuracy": 0.020000000000000018
  },
  "51": {
    "accuracies": [
      0.3,
      0.45,
      0.4,
      0.5,
      0.2
    ],
    "balanced_accuracies": [
      0.3,
      0.45,
      0.39999999999999997,
      0.5,
      0.2
    ],
    "mean_accuracy": 0.37,
    "std_accuracy": 0.10770329614269009,
    "mean_balanced_accuracy": 0.37,
    "std_balanced_accuracy": 0.10770329614269007
  },
  "52": {
    "accuracies": [
      1.0,
      0.95,
      0.95,
      0.95,
      1.0
    ],
    "balanced_accuracies": [
      1.0,
      0.95,
      0.95,
      0.95,
      1.0
    ],
    "mean_accuracy": 0.97,
    "std_accuracy": 0.024494897427831803,
    "mean_balanced_accuracy": 0.97,
    "std_balanced_accuracy": 0.024494897427831803
  },
  "53": {
    "accuracies": [
      1.0,
      1.0,
      1.0,
      1.0,
      1.0
    ],
    "balanced_accuracies": [
      1.0,
      1.0,
      1.0,
      1.0,
      1.0
    ],
    "mean_accuracy": 1.0,
    "std_accuracy": 0.0,
    "mean_balanced_accuracy": 1.0,
    "std_balanced_accuracy": 0.0
  },
  "54": {
    "accuracies": [
      0.85,
      0.85,
      0.85,
      0.7,
      0.85
    ],
    "balanced_accuracies": [
      0.8500000000000001,
      0.85,
      0.8500000000000001,
      0.7000000000000001,
      0.8500000000000001
    ],
    "mean_accuracy": 0.82,
    "std_accuracy": 0.06000000000000001,
    "mean_balanced_accuracy": 0.8200000000000001,
    "std_balanced_accuracy": 0.06
  }
}