subject_id,channel_index,channel_name,mean_abs_weight,std_abs_weight,mean_signed_weight,mean_l2_weight,n_fold_values,mean_collapse_ratio,collapse_rate,mean_spatial_relative_delta
1,21,Pz,0.14283908,0.012587931035982443,0.015592805999999997,0.14895125,5,0.775,0.2,0.28040779600000004
1,27,O1,0.141438122,0.03307753720596457,0.078307792,0.15126787,5,0.775,0.2,0.28040779600000004
1,13,C3,0.123305584,0.03361461830848195,0.06575560999999999,0.125851444,5,0.775,0.2,0.28040779600000004
1,28,O2,0.122622908,0.027404188161815158,-0.006047594,0.127907728,5,0.775,0.2,0.28040779600000004
1,17,CP3,0.12233984599999999,0.006154272521113271,0.022031274,0.14082179,5,0.775,0.2,0.28040779600000004
1,0,Fp1,0.119635758,0.01272164455304895,-0.089960424,0.12863271199999998,5,0.775,0.2,0.28040779600000004
1,16,T4,0.11736607800000001,0.005327031972620401,-0.010322936000000001,0.14318182399999999,5,0.775,0.2,0.28040779600000004
1,15,T3,0.115756622,0.015178702174295735,0.11313064399999999,0.12764656,5,0.775,0.2,0.28040779600000004
1,18,CP4,0.111271696,0.005322479036922552,0.038517074,0.135810406,5,0.775,0.2,0.28040779600000004
1,4,F4,0.10667996799999999,0.026375817763487828,0.019464582,0.11676027200000001,5,0.775,0.2,0.28040779600000004
1,7,FCz,0.103545476,0.005150414813947517,0.09598574600000001,0.122467028,5,0.775,0.2,0.28040779600000004
1,2,Fz,0.10217040399999999,0.022442653415962875,-0.091414498,0.114750218,5,0.775,0.2,0.28040779600000004
1,24,T5,0.10197845800000001,0.01788755914911171,0.05837123600000001,0.113646354,5,0.775,0.2,0.28040779600000004
1,14,C4,0.095648176,0.02434349274700593,-0.07929946000000002,0.10655937600000001,5,0.775,0.2,0.28040779600000004
1,19,TP7,0.094618704,0.016437986581389154,-0.048479068,0.11224127800000001,5,0.775,0.2,0.28040779600000004
1,22,P3,0.09381944,0.016770435378768492,0.087121966,0.109698322,5,0.775,0.2,0.28040779600000004
1,20,TP8,0.09125016999999999,0.008566171387127975,-0.043692788,0.10420022799999999,5,0.775,0.2,0.28040779600000004
1,23,P4,0.085562686,0.02186749554756397,-0.080743442,0.099488172,5,0.775,0.2,0.28040779600000004
1,12,Cz,0.08409069599999999,0.010747745728487903,0.083543262,0.10067721,5,0.775,0.2,0.28040779600000004
1,10,FT7,0.08366916799999999,0.009810696281751363,-0.030625826000000002,0.09736629599999999,5,0.775,0.2,0.28040779600000004
1,5,F7,0.080439124,0.003931922077315365,0.073051396,0.09327401199999999,5,0.775,0.2,0.28040779600000004
1,1,Fp2,0.078495088,0.008990369024921606,0.052884532,0.095415584,5,0.775,0.2,0.28040779600000004
1,11,FT8,0.075471838,0.008806317701745149,-0.003741776,0.089011976,5,0.775,0.2,0.28040779600000004
1,26,Oz,0.074068234,0.006291480957877093,0.03482658,0.07806466399999999,5,0.775,0.2,0.28040779600000004
1,3,F3,0.073007422,0.016477463716352708,0.003435726,0.08743693999999999,5,0.775,0.2,0.28040779600000004
1,25,T6,0.069755124,0.01595712238334751,-0.054999467999999996,0.08023717,5,0.775,0.2,0.28040779600000004
1,6,F8,0.066479594,0.01251288177829272,-0.016390018,0.071402582,5,0.775,0.2,0.28040779600000004
1,9,FC4,0.05863718799999999,0.015093084211777921,-0.042218408,0.073718268,5,0.775,0.2,0.28040779600000004
1,8,FC3,0.041390104,0.020718035161944776,-0.010753398,0.04855384,5,0.775,0.2,0.28040779600000004
10,17,CP3,0.145592356,0.026722247481996714,0.04598682,0.169926054,5,0.725,0.4,0.507501248
10,15,T3,0.13134462600000002,0.017912740944476643,0.11029822199999999,0.140912924,5,0.725,0.4,0.507501248
10,21,Pz,0.129962804,0.032386858917500476,0.003736492,0.14107075,5,0.725,0.4,0.507501248
10,22,P3,0.12724513799999998,0.027840144026505496,0.11299269,0.13736146200000002,5,0.725,0.4,0.507501248
10,28,O2,0.120212414,0.028410261938545723,-0.022737336,0.125817748,5,0.725,0.4,0.507501248
10,16,T4,0.11977105400000002,0.029844637483862655,0.02693527,0.13847878200000002,5,0.725,0.4,0.507501248
10,18,CP4,0.11667164199999999,0.0077950798470522425,0.038366578,0.13733278200000001,5,0.725,0.4,0.507501248
10,3,F3,0.107295908,0.0351076439344592,0.033549044,0.12074677,5,0.725,0.4,0.507501248
10,27,O1,0.107218756,0.015750415109081404,0.029816730000000003,0.121629976,5,0.725,0.4,0.507501248
10,14,C4,0.10678807799999998,0.0205155060882219,-0.080342298,0.124287682,5,0.725,0.4,0.507501248
10,24,T5,0.102977548,0.016508830109105855,0.050725572,0.123232122,5,0.725,0.4,0.507501248
10,7,FCz,0.102395394,0.022226385192231107,0.076525714,0.11800462600000002,5,0.725,0.4,0.507501248
10,10,FT7,0.102058932,0.016707852728090757,-0.056237808,0.115571376,5,0.725,0.4,0.507501248
10,2,Fz,0.100522484,0.012597488954380152,-0.0937092,0.11121957199999999,5,0.725,0.4,0.507501248
10,19,TP7,0.095632678,0.03769537178150416,-0.055466838000000004,0.1110317,5,0.725,0.4,0.507501248
10,0,Fp1,0.09354885,0.018732264126411685,-0.078824802,0.10301917199999999,5,0.725,0.4,0.507501248
10,13,C3,0.091052082,0.03080378479337434,0.065464986,0.10157783000000001,5,0.725,0.4,0.507501248
10,5,F7,0.08863283200000001,0.019694176132960473,0.08609017599999999,0.10536960799999999,5,0.725,0.4,0.507501248
10,4,F4,0.08844752,0.04165760930069919,-0.014652473999999999,0.099059918,5,0.725,0.4,0.507501248
10,23,P4,0.08513736400000001,0.022921285468286458,-0.05458762,0.10196651400000001,5,0.725,0.4,0.507501248
10,8,FC3,0.084287684,0.06566406694157034,-0.029316854000000003,0.094653922,5,0.725,0.4,0.507501248
10,9,FC4,0.08033241599999999,0.024587971582805082,-0.027421545999999998,0.09873716,5,0.725,0.4,0.507501248
10,6,F8,0.07794132200000001,0.005195761004647922,0.008375879999999999,0.09133358999999999,5,0.725,0.4,0.507501248
10,11,FT8,0.077178846,0.01218003691637386,-0.020504864,0.09355241,5,0.725,0.4,0.507501248
10,20,TP8,0.07417567,0.015226256766807465,0.005311262,0.086572006,5,0.725,0.4,0.507501248
10,1,Fp2,0.07416204800000001,0.009585591396774642,0.061105339999999994,0.09103934799999999,5,0.725,0.4,0.507501248
10,26,Oz,0.069104968,0.009921643416048573,0.023471018,0.081442126,5,0.725,0.4,0.507501248
10,25,T6,0.068075968,0.014050137394563794,-0.034817100000000004,0.08067343,5,0.725,0.4,0.507501248
10,12,Cz,0.066630546,0.010596960490226901,0.015386812,0.076497308,5,0.725,0.4,0.507501248
11,21,Pz,0.153637468,0.0074034256653538345,0.0019448059999999999,0.154698116,5,0.9,0.6,0.091986974
11,28,O2,0.13990829600000002,0.006252869484335185,-0.022840556,0.142986028,5,0.9,0.6,0.091986974
11,17,CP3,0.128858138,0.011753613885255459,0.026610064,0.145176054,5,0.9,0.6,0.091986974
11,16,T4,0.125693892,0.006287611968368436,0.014946108,0.142877484,5,0.9,0.6,0.091986974
11,15,T3,0.12551647800000001,0.0038232498686549335,0.12551647800000001,0.131217476,5,0.9,0.6,0.091986974
11,27,O1,0.11790909999999999,0.005359599211904746,0.050128854,0.128887638,5,0.9,0.6,0.091986974
11,13,C3,0.11280891600000001,0.005527979120223778,0.06246018,0.115563276,5,0.9,0.6,0.091986974
11,18,CP4,0.11221956799999999,0.002379595597569053,0.037065226,0.12915701,5,0.9,0.6,0.091986974
11,2,Fz,0.107125486,0.004780408345029744,-0.103586874,0.12192457000000001,5,0.9,0.6,0.091986974
11,23,P4,0.105404202,0.0008832922488451961,-0.09200712,0.116319796,5,0.9,0.6,0.091986974
11,24,T5,0.10438026,0.00997314267654634,0.068473514,0.113974116,5,0.9,0.6,0.091986974
11,0,Fp1,0.102195,0.010126945685671967,-0.086041896,0.113303674,5,0.9,0.6,0.091986974
11,22,P3,0.09664074,0.015315992809916043,0.09664074,0.10923522399999999,5,0.9,0.6,0.091986974
11,4,F4,0.095866276,0.003900127283567808,0.011156502,0.107220516,5,0.9,0.6,0.091986974
11,7,FCz,0.091389498,0.010583763364619884,0.091389498,0.10342353,5,0.9,0.6,0.091986974
11,20,TP8,0.090212192,0.0009589734110078316,-0.054904445999999996,0.107021836,5,0.9,0.6,0.091986974
11,19,TP7,0.08973102200000001,0.007123713886788269,-0.017144628000000002,0.098097654,5,0.9,0.6,0.091986974
11,14,C4,0.088350972,0.0041314863139214255,-0.072176934,0.098517512,5,0.9,0.6,0.091986974
11,10,FT7,0.088101876,0.0036557376659889004,-0.05475194,0.09983304600000001,5,0.9,0.6,0.091986974
11,11,FT8,0.086453014,0.00941490106610951,0.007701466,0.101835804,5,0.9,0.6,0.091986974
11,5,F7,0.08566655,0.006457044769524991,0.081801764,0.099881824,5,0.9,0.6,0.091986974
11,6,F8,0.07871909,0.0038032873165328965,-0.032401776,0.08133312200000001,5,0.9,0.6,0.091986974
11,25,T6,0.078354998,0.0057851881062217815,-0.055341386000000006,0.08973626999999999,5,0.9,0.6,0.091986974
11,26,Oz,0.07768156200000001,0.0010075333631299765,0.04105875,0.079976952,5,0.9,0.6,0.091986974
11,1,Fp2,0.077413786,0.004309147679672859,0.060050495999999995,0.094537006,5,0.9,0.6,0.091986974
11,12,Cz,0.07721153,0.008774617186324996,0.07653555199999999,0.091068868,5,0.9,0.6,0.091986974
11,3,F3,0.07589248800000001,0.01638632728748941,0.021807668,0.08350168399999999,5,0.9,0.6,0.091986974
11,9,FC4,0.06160635999999999,0.00644638053985723,-0.06160635999999999,0.079821132,5,0.9,0.6,0.091986974
11,8,FC3,0.035799354,0.006561078388933482,-0.0026437500000000003,0.043177584000000005,5,0.9,0.6,0.091986974
12,21,Pz,0.15969532400000003,0.018176063926548563,0.02500999,0.16468713799999998,5,0.875,0.6,0.19231566
12,28,O2,0.153141742,0.021277677561430897,-0.015851622,0.155542026,5,0.875,0.6,0.19231566
12,17,CP3,0.131414304,0.01396422506870073,0.021498254,0.154355186,5,0.875,0.6,0.19231566
12,18,CP4,0.115171464,0.009374712870625959,0.029000876,0.132575324,5,0.875,0.6,0.19231566
12,7,FCz,0.113174874,0.026027461650772438,0.113174874,0.125470524,5,0.875,0.6,0.19231566
12,16,T4,0.112921084,0.012885569282485344,0.019534092,0.12856378400000001,5,0.875,0.6,0.19231566
12,15,T3,0.11261061399999998,0.019239598253576656,0.11211123399999998,0.120972422,5,0.875,0.6,0.19231566
12,13,C3,0.110330038,0.009710997557479355,0.061991202,0.11287496400000001,5,0.875,0.6,0.19231566
12,27,O1,0.107483416,0.01957263776979945,0.055273582,0.123353384,5,0.875,0.6,0.19231566
12,14,C4,0.10384859799999999,0.030505641359110446,-0.082921572,0.11318462,5,0.875,0.6,0.19231566
12,23,P4,0.102718526,0.01812468923647327,-0.092665396,0.118406524,5,0.875,0.6,0.19231566
12,0,Fp1,0.10254183000000001,0.009650944794653532,-0.092485,0.117362776,5,0.875,0.6,0.19231566
12,19,TP7,0.09598167399999999,0.017847844050860314,-0.031157888,0.10802218599999999,5,0.875,0.6,0.19231566
12,10,FT7,0.095487076,0.028364709635279713,-0.060826002000000004,0.10776265600000001,5,0.875,0.6,0.19231566
12,2,Fz,0.09276764200000001,0.016934493610511952,-0.088321944,0.108503232,5,0.875,0.6,0.19231566
12,3,F3,0.086844422,0.004176275858772976,0.019057892,0.096965786,5,0.875,0.6,0.19231566
12,22,P3,0.086294918,0.030152509428467474,0.08341011400000001,0.095266816,5,0.875,0.6,0.19231566
12,12,Cz,0.085771018,0.019501253766172826,0.085131018,0.099770798,5,0.875,0.6,0.19231566
12,1,Fp2,0.083305824,0.011064543355025097,0.06327189,0.100220562,5,0.875,0.6,0.19231566
12,4,F4,0.082034498,0.021641292375885732,0.013971138,0.089176908,5,0.875,0.6,0.19231566
12,20,TP8,0.08202527000000001,0.012991379481465785,-0.050853532,0.10520726,5,0.875,0.6,0.19231566
12,11,FT8,0.081885902,0.010294611149500492,-0.006323922,0.097946526,5,0.875,0.6,0.19231566
12,24,T5,0.080744604,0.033600885926231616,0.05231417000000001,0.089625628,5,0.875,0.6,0.19231566
12,6,F8,0.074857514,0.010423395552605687,-0.024336222,0.0795312,5,0.875,0.6,0.19231566
12,5,F7,0.074848788,0.012347357072269353,0.06737512600000001,0.08653824400000001,5,0.875,0.6,0.19231566
12,25,T6,0.0701231,0.018823067251684828,-0.04757285,0.07773479999999999,5,0.875,0.6,0.19231566
12,26,Oz,0.060039008000000005,0.02484605113368461,0.027123684,0.06355659599999999,5,0.875,0.6,0.19231566
12,9,FC4,0.049734024,0.016261696587165496,-0.045873977999999996,0.061963248000000005,5,0.875,0.6,0.19231566
12,8,FC3,0.039070508,0.015448864184609818,-0.002939016,0.046086904,5,0.875,0.6,0.19231566
13,28,O2,0.150310054,0.014352569028824768,-0.011473781999999998,0.153476844,5,0.9,0.6,0.12009312800000001
13,21,Pz,0.147751604,0.01224383681310438,0.0014118860000000002,0.14831098599999998,5,0.9,0.6,0.12009312800000001
13,27,O1,0.12841302,0.013810320294638351,0.065411528,0.13904011,5,0.9,0.6,0.12009312800000001
13,15,T3,0.12350853800000001,0.006935291687486548,0.11673680800000001,0.129893134,5,0.9,0.6,0.12009312800000001
13,16,T4,0.11836480199999999,0.00902553064188306,0.009169524,0.131474658,5,0.9,0.6,0.12009312800000001
13,7,FCz,0.11364332400000002,0.032893552763203916,0.11364332400000002,0.129254762,5,0.9,0.6,0.12009312800000001
13,22,P3,0.11301001799999999,0.010850744585671073,0.11301001799999999,0.123834682,5,0.9,0.6,0.12009312800000001
13,0,Fp1,0.10968400600000001,0.0002471967690525139,-0.09310006200000001,0.126293768,5,0.9,0.6,0.12009312800000001
13,2,Fz,0.10765050000000001,0.008299341097776977,-0.098747488,0.12070742600000002,5,0.9,0.6,0.12009312800000001
13,18,CP4,0.107523608,0.007764403882653837,0.028770211999999996,0.12711946400000002,5,0.9,0.6,0.12009312800000001
13,17,CP3,0.105429986,0.03495416757449862,0.029168938,0.12090740200000001,5,0.9,0.6,0.12009312800000001
13,13,C3,0.10367943799999998,0.025969794982499763,0.068095642,0.10754665399999999,5,0.9,0.6,0.12009312800000001
13,23,P4,0.10150909400000001,0.007947664238669749,-0.090638584,0.113187148,5,0.9,0.6,0.12009312800000001
13,24,T5,0.09960869,0.012487433080020888,0.073282144,0.111509244,5,0.9,0.6,0.12009312800000001
13,4,F4,0.098034876,0.0007116379227388061,0.018151522,0.106446818,5,0.9,0.6,0.12009312800000001
13,14,C4,0.092536158,0.015527170516847879,-0.0802351,0.10618088399999999,5,0.9,0.6,0.12009312800000001
13,20,TP8,0.091716192,0.005111910992096789,-0.0573559,0.110371796,5,0.9,0.6,0.12009312800000001
13,10,FT7,0.09036307,0.0005567014804183653,-0.058933875999999996,0.10224509200000001,5,0.9,0.6,0.12009312800000001
13,1,Fp2,0.085066282,0.017208190543917454,0.067963844,0.10194588200000002,5,0.9,0.6,0.12009312800000001
13,19,TP7,0.08356306,0.001796909016644973,-0.028319593999999997,0.095078706,5,0.9,0.6,0.12009312800000001
13,6,F8,0.083561502,0.013293978265076263,-0.041407252,0.091207374,5,0.9,0.6,0.12009312800000001
13,3,F3,0.080491164,0.01600041961118926,0.02372084,0.08799341000000001,5,0.9,0.6,0.12009312800000001
13,5,F7,0.079920946,0.010196999139758226,0.07559226599999999,0.094709394,5,0.9,0.6,0.12009312800000001
13,12,Cz,0.07886837,0.003922746435165038,0.074857688,0.092629352,5,0.9,0.6,0.12009312800000001
13,11,FT8,0.07854275000000001,0.003045044934569935,-0.000476214,0.092672058,5,0.9,0.6,0.12009312800000001
13,25,T6,0.078350008,0.006067355508297666,-0.04934734,0.090356828,5,0.9,0.6,0.12009312800000001
13,26,Oz,0.076404456,0.003001845131669852,0.041631678,0.07846552799999999,5,0.9,0.6,0.12009312800000001
13,9,FC4,0.06605011000000001,0.017683669681730373,-0.06605011000000001,0.08429595599999999,5,0.9,0.6,0.12009312800000001
13,8,FC3,0.033838782,0.006650116130224343,0.011663796,0.044213843999999995,5,0.9,0.6,0.12009312800000001
14,21,Pz,0.144723692,0.018037164408783057,0.009563072,0.145484228,5,0.925,0.6,0.07515982
14,28,O2,0.14251074400000002,0.003650473361014982,-0.022484302,0.146682008,5,0.925,0.6,0.07515982
14,17,CP3,0.123857382,0.005977606902939506,0.042791316,0.143349534,5,0.925,0.6,0.07515982
14,27,O1,0.12371726599999999,0.00359363848837497,0.055348763999999995,0.13628179199999998,5,0.925,0.6,0.07515982
14,16,T4,0.12078322,0.0027789980491267,0.009834316,0.134740696,5,0.925,0.6,0.07515982
14,15,T3,0.11802053400000001,0.018367651571106737,0.11802053400000001,0.125129296,5,0.925,0.6,0.07515982
14,13,C3,0.11417714000000001,0.002498350999969785,0.076404508,0.118573098,5,0.925,0.6,0.07515982
14,18,CP4,0.11329857400000001,0.005573031323322164,0.039790387999999996,0.12732983400000003,5,0.925,0.6,0.07515982
14,22,P3,0.112215472,0.009074113669277566,0.112215472,0.12036878200000001,5,0.925,0.6,0.07515982
14,0,Fp1,0.107546282,0.005057583514809218,-0.09224711,0.11963417999999999,5,0.925,0.6,0.07515982
14,23,P4,0.107528332,0.0062139626914288724,-0.09199921,0.12014463,5,0.925,0.6,0.07515982
14,2,Fz,0.10184888,0.0039813235692354905,-0.089888296,0.113037176,5,0.925,0.6,0.07515982
14,7,FCz,0.099790708,0.001359172677484353,0.099790708,0.114027908,5,0.925,0.6,0.07515982
14,24,T5,0.098550666,0.014573693312934786,0.063240232,0.107413774,5,0.925,0.6,0.07515982
14,10,FT7,0.09279906600000001,0.005463915917442361,-0.06507738199999999,0.10885125,5,0.925,0.6,0.07515982
14,4,F4,0.092050358,0.012399440552951174,0.011653716,0.102437904,5,0.925,0.6,0.07515982
14,20,TP8,0.08965662599999999,0.0012141448487433476,-0.058705655999999995,0.10798293,5,0.925,0.6,0.07515982
14,14,C4,0.087620224,0.004535699886421057,-0.079396002,0.09883793,5,0.925,0.6,0.07515982
14,3,F3,0.086725996,0.002349312360081137,0.030305092,0.092381274,5,0.925,0.6,0.07515982
14,12,Cz,0.086592468,0.020634907372008484,0.0810565,0.101296528,5,0.925,0.6,0.07515982
14,11,FT8,0.084701556,0.009895176491479574,-0.010815486000000001,0.101108618,5,0.925,0.6,0.07515982
14,19,TP7,0.081000498,0.0073871720819113215,-0.026256598,0.092845012,5,0.925,0.6,0.07515982
14,5,F7,0.080580548,0.007884807843018118,0.077626204,0.095109104,5,0.925,0.6,0.07515982
14,26,Oz,0.080159782,0.0051184199743397355,0.050553482000000004,0.084907174,5,0.925,0.6,0.07515982
14,1,Fp2,0.078752768,0.0022614474741788717,0.063151788,0.095571056,5,0.925,0.6,0.07515982
14,25,T6,0.078364656,0.006875297727111891,-0.063149496,0.09224073,5,0.925,0.6,0.07515982
14,6,F8,0.073800986,0.009092860360589513,-0.022916666,0.077269532,5,0.925,0.6,0.07515982
14,9,FC4,0.06514125800000001,0.015931396907103598,-0.06514125800000001,0.083563012,5,0.925,0.6,0.07515982
14,8,FC3,0.03591222,0.010727056852105335,0.0037525,0.042179867999999995,5,0.925,0.6,0.07515982
15,21,Pz,0.13831563,0.019872922763772068,-0.030557322000000005,0.146779768,5,0.775,0.4,0.483855698
15,15,T3,0.124739534,0.027118207701912745,0.11772315600000001,0.140350498,5,0.775,0.4,0.483855698
15,28,O2,0.12356887400000001,0.036998851767664084,-0.012490695999999999,0.133679408,5,0.775,0.4,0.483855698
15,13,C3,0.116379288,0.0074104852565753075,0.09840253800000001,0.126129602,5,0.775,0.4,0.483855698
15,0,Fp1,0.10799316399999999,0.01625227601846061,-0.10215645799999999,0.12718407,5,0.775,0.4,0.483855698
15,20,TP8,0.10642437199999999,0.02406387347936258,-0.080477828,0.132618032,5,0.775,0.4,0.483855698
15,16,T4,0.10607889200000001,0.01791013828937873,0.023770706,0.12311884399999999,5,0.775,0.4,0.483855698
15,17,CP3,0.105533236,0.020184272533234387,0.043884835999999997,0.12163487000000002,5,0.775,0.4,0.483855698
15,22,P3,0.104420094,0.005277810098689611,0.104420094,0.11542153200000001,5,0.775,0.4,0.483855698
15,5,F7,0.10200559199999999,0.014837477729833995,0.10021460600000001,0.112944424,5,0.775,0.4,0.483855698
15,18,CP4,0.100998264,0.009924196877630959,0.016573742000000002,0.117272584,5,0.775,0.4,0.483855698
15,26,Oz,0.100714032,0.022584911977452334,0.03349892,0.107417422,5,0.775,0.4,0.483855698
15,10,FT7,0.09932948999999999,0.013099631426488689,-0.072541674,0.11077271799999999,5,0.775,0.4,0.483855698
15,3,F3,0.09713596,0.008941280088289934,0.008933052,0.10828138000000001,5,0.775,0.4,0.483855698
15,27,O1,0.09662337400000001,0.023336881243150937,0.005457560000000001,0.11195075400000001,5,0.775,0.4,0.483855698
15,2,Fz,0.09564587799999999,0.009619170376847475,-0.08161154200000001,0.119816324,5,0.775,0.4,0.483855698
15,25,T6,0.09344182999999999,0.015456581907666392,-0.079742084,0.104922212,5,0.775,0.4,0.483855698
15,24,T5,0.090429818,0.017957925548583564,0.050771224000000004,0.10725318000000002,5,0.775,0.4,0.483855698
15,23,P4,0.089776928,0.03237460519593822,-0.040089712,0.10324016600000001,5,0.775,0.4,0.483855698
15,4,F4,0.088221158,0.011953135600965547,0.024279614,0.09882453799999999,5,0.775,0.4,0.483855698
15,7,FCz,0.083767646,0.017796285852297384,0.05987535200000001,0.095806376,5,0.775,0.4,0.483855698
15,12,Cz,0.080841116,0.02206718051621412,0.078772126,0.101929906,5,0.775,0.4,0.483855698
15,19,TP7,0.07612367,0.024855571881161775,-0.035800821999999996,0.0881087,5,0.775,0.4,0.483855698
15,11,FT8,0.07426086800000001,0.007602326764453103,0.029719006000000003,0.08709626200000001,5,0.775,0.4,0.483855698
15,14,C4,0.070525306,0.021112707464453248,-0.05923286,0.082841266,5,0.775,0.4,0.483855698
15,1,Fp2,0.06698483,0.011865419578118597,0.017568414,0.081958592,5,0.775,0.4,0.483855698
15,8,FC3,0.06223624,0.03090226257505427,0.051500216,0.07285887799999999,5,0.775,0.4,0.483855698
15,9,FC4,0.060732856,0.011953089656106908,-0.028672052000000003,0.074321888,5,0.775,0.4,0.483855698
15,6,F8,0.057248233999999995,0.02477097873679863,-0.002033396000000001,0.06113164,5,0.775,0.4,0.483855698
16,21,Pz,0.15054694,0.005154295055567732,0.0018920319999999997,0.152501186,5,0.95,0.8,0.14991921
16,28,O2,0.143434576,0.0018641320909956983,-0.017937872,0.146229016,5,0.95,0.8,0.14991921
16,17,CP3,0.121267634,0.0006127082340151796,0.030351206,0.13932333400000002,5,0.95,0.8,0.14991921
16,27,O1,0.11790730599999999,0.008147127145582054,0.05093639800000001,0.12820126199999998,5,0.95,0.8,0.14991921
16,18,CP4,0.115323806,0.009260531408565602,0.031245902,0.135565972,5,0.95,0.8,0.14991921
16,16,T4,0.11002662599999999,0.027249792805542215,0.018240213999999998,0.122699344,5,0.95,0.8,0.14991921
16,15,T3,0.10996897799999998,0.03707035149322461,0.104059572,0.11510226000000001,5,0.95,0.8,0.14991921
16,2,Fz,0.107681108,0.008786294825426701,-0.10294490599999999,0.128551594,5,0.95,0.8,0.14991921
16,13,C3,0.106866028,0.018845305473474558,0.059333347999999994,0.109055882,5,0.95,0.8,0.14991921
16,24,T5,0.106713036,0.0038217815713460146,0.08113967,0.11795727599999999,5,0.95,0.8,0.14991921
16,23,P4,0.10549552200000001,0.0020917428379272607,-0.094539676,0.123068862,5,0.95,0.8,0.14991921
16,22,P3,0.102152128,0.01412731547034043,0.100555076,0.11176339399999999,5,0.95,0.8,0.14991921
16,7,FCz,0.101324138,0.004370081966561952,0.09542930200000001,0.117228768,5,0.95,0.8,0.14991921
16,0,Fp1,0.101270642,0.018530388734851733,-0.07982018799999999,0.113431072,5,0.95,0.8,0.14991921
16,20,TP8,0.096039638,0.01477567526585909,-0.046718326,0.114540596,5,0.95,0.8,0.14991921
16,11,FT8,0.09429325,0.03217672429606299,0.007022893999999999,0.10945986199999999,5,0.95,0.8,0.14991921
16,4,F4,0.09305532,0.009876031863868704,0.01019276,0.103604012,5,0.95,0.8,0.14991921
16,14,C4,0.093018272,0.016325700038423163,-0.081654418,0.10627871,5,0.95,0.8,0.14991921
16,5,F7,0.089465668,0.012126443211670512,0.08327768399999999,0.103223006,5,0.95,0.8,0.14991921
16,10,FT7,0.088708064,0.0036893474454610577,-0.044895588,0.10343129200000001,5,0.95,0.8,0.14991921
16,19,TP7,0.08755729400000001,0.0068659318555043935,-0.024756659999999996,0.098258008,5,0.95,0.8,0.14991921
16,25,T6,0.08538389399999999,0.008963086185964631,-0.057789785999999996,0.097091752,5,0.95,0.8,0.14991921
16,1,Fp2,0.082578568,0.010248220862799551,0.04369045,0.09938309000000001,5,0.95,0.8,0.14991921
16,3,F3,0.082181012,0.012359586249865728,0.028672078,0.089345648,5,0.95,0.8,0.14991921
16,12,Cz,0.081129478,0.008838384578016506,0.075454884,0.097482576,5,0.95,0.8,0.14991921
16,6,F8,0.07660298,0.0021451683407485776,-0.008855815999999999,0.07928684999999999,5,0.95,0.8,0.14991921
16,26,Oz,0.07630320399999999,0.0029514703981964657,0.040189748000000004,0.083040384,5,0.95,0.8,0.14991921
16,9,FC4,0.05927898,0.0033929004688540445,-0.05027366600000001,0.078557614,5,0.95,0.8,0.14991921
16,8,FC3,0.039874502,0.019727873298966365,-0.006179502000000001,0.05025995200000001,5,0.95,0.8,0.14991921
17,28,O2,0.141547816,0.010749499408992483,-0.02681692,0.145012498,5,0.9,0.4,0.16712128599999998
17,21,Pz,0.14150726200000002,0.0214746263232942,-0.004692048,0.144192216,5,0.9,0.4,0.16712128599999998
17,15,T3,0.126291328,0.0022685370310224157,0.126291328,0.132108664,5,0.9,0.4,0.16712128599999998
17,18,CP4,0.12328231,0.03477337737048705,0.05287202,0.13974654,5,0.9,0.4,0.16712128599999998
17,2,Fz,0.11916148,0.024921123432053587,-0.111289462,0.13047555,5,0.9,0.4,0.16712128599999998
17,13,C3,0.11319183800000002,0.008010438211872051,0.070118392,0.11578514800000002,5,0.9,0.4,0.16712128599999998
17,16,T4,0.11259999400000001,0.021096419063230374,0.0114552,0.125005286,5,0.9,0.4,0.16712128599999998
17,27,O1,0.11113992399999999,0.02002860201081519,0.049168926,0.12228164,5,0.9,0.4,0.16712128599999998
17,17,CP3,0.11065552000000001,0.019735092870829116,0.023866804,0.128220654,5,0.9,0.4,0.16712128599999998
17,14,C4,0.10974569599999999,0.04034878809726606,-0.09897855,0.12309089399999999,5,0.9,0.4,0.16712128599999998
17,23,P4,0.10465102200000001,0.003923347038310524,-0.096899226,0.119234332,5,0.9,0.4,0.16712128599999998
17,0,Fp1,0.103764944,0.01119133862566628,-0.090608168,0.11884929,5,0.9,0.4,0.16712128599999998
17,22,P3,0.102835978,0.007935320428178688,0.102835978,0.11176500199999999,5,0.9,0.4,0.16712128599999998
17,7,FCz,0.10124185000000001,0.0029535011621209797,0.10124185000000001,0.11469608,5,0.9,0.4,0.16712128599999998
17,24,T5,0.093719942,0.024570509793183377,0.053489886,0.101604804,5,0.9,0.4,0.16712128599999998
17,12,Cz,0.08842736799999999,0.024518570027653938,0.085374652,0.101738552,5,0.9,0.4,0.16712128599999998
17,4,F4,0.086911872,0.024431000693358223,0.012021246000000001,0.0949766,5,0.9,0.4,0.16712128599999998
17,20,TP8,0.085408084,0.006618779804735915,-0.06081194599999999,0.10365506399999999,5,0.9,0.4,0.16712128599999998
17,1,Fp2,0.085259158,0.01743245232658819,0.06931768,0.102564148,5,0.9,0.4,0.16712128599999998
17,26,Oz,0.084471864,0.015279167068476936,0.02377625,0.088901212,5,0.9,0.4,0.16712128599999998
17,19,TP7,0.08294491,0.0025015906800274048,-0.012195422000000001,0.094929694,5,0.9,0.4,0.16712128599999998
17,10,FT7,0.082165274,0.01621752528098014,-0.054282968,0.097029964,5,0.9,0.4,0.16712128599999998
17,5,F7,0.082095842,0.005284940966668408,0.070911634,0.098361042,5,0.9,0.4,0.16712128599999998
17,3,F3,0.081693728,0.014946339156645347,0.029642882,0.090158824,5,0.9,0.4,0.16712128599999998
17,11,FT8,0.073452894,0.008998440918952568,0.002932988,0.087318402,5,0.9,0.4,0.16712128599999998
17,6,F8,0.072901922,0.0061826471050974606,-0.008518552,0.07571844,5,0.9,0.4,0.16712128599999998
17,25,T6,0.070255072,0.024550587349016113,-0.05421092400000001,0.080360574,5,0.9,0.4,0.16712128599999998
17,9,FC4,0.064802954,0.014142173410642373,-0.062488266,0.081937486,5,0.9,0.4,0.16712128599999998
17,8,FC3,0.044744849999999996,0.025784234132949342,0.021807008,0.051221817999999995,5,0.9,0.4,0.16712128599999998
18,11,FT8,0.201582662,0.026581494124254375,-0.014749324000000003,0.212999828,5,0.55,0.0,1.206506852
18,23,P4,0.19988183399999998,0.03959903678581753,-0.11054603199999999,0.21440938599999998,5,0.55,0.0,1.206506852
18,20,TP8,0.19013433,0.016892392847745106,0.075204694,0.20764138199999999,5,0.55,0.0,1.206506852
18,7,FCz,0.13909781400000001,0.033239975766183705,0.126523746,0.16586647,5,0.55,0.0,1.206506852
18,12,Cz,0.13709092,0.037561887599242796,0.10078256599999999,0.149484254,5,0.55,0.0,1.206506852
18,26,Oz,0.13596189,0.02169640726851568,0.011007519999999998,0.144229838,5,0.55,0.0,1.206506852
18,13,C3,0.115285088,0.039974038115614105,-0.08180396,0.124788784,5,0.55,0.0,1.206506852
18,19,TP7,0.105566542,0.02622020348587078,0.002162008000000001,0.123327122,5,0.55,0.0,1.206506852
18,22,P3,0.10484505799999999,0.0486558424860085,0.048359244,0.13530419999999999,5,0.55,0.0,1.206506852
18,2,Fz,0.103755862,0.02918556254949131,-0.073527538,0.11583458399999999,5,0.55,0.0,1.206506852
18,27,O1,0.099387818,0.025416453733766046,0.01092214,0.108910456,5,0.55,0.0,1.206506852
18,15,T3,0.096008516,0.019665270883785967,0.065611246,0.106978124,5,0.55,0.0,1.206506852
18,24,T5,0.086809566,0.030262556382199934,-0.002198222000000001,0.098139058,5,0.55,0.0,1.206506852
18,28,O2,0.081447192,0.015300454061924764,-0.032282136,0.091795786,5,0.55,0.0,1.206506852
18,14,C4,0.07511538,0.01788806908548125,-0.048587148000000004,0.087457674,5,0.55,0.0,1.206506852
18,8,FC3,0.07389034,0.01786215033809619,-0.025448099999999994,0.08884652600000001,5,0.55,0.0,1.206506852
18,17,CP3,0.070739276,0.0402659798696931,0.021579224,0.080430258,5,0.55,0.0,1.206506852
18,16,T4,0.06723559,0.0239301420000018,-0.034831082,0.079156792,5,0.55,0.0,1.206506852
18,21,Pz,0.064507198,0.03494775907232779,-0.011312477999999999,0.072043966,5,0.55,0.0,1.206506852
18,9,FC4,0.060562990000000004,0.01364484729338881,0.031806326,0.08065039199999999,5,0.55,0.0,1.206506852
18,4,F4,0.057914164000000004,0.019224512171027386,0.027880442,0.06669230200000001,5,0.55,0.0,1.206506852
18,18,CP4,0.05587339,0.019913770851000316,0.00840756,0.0652243,5,0.55,0.0,1.206506852
18,3,F3,0.055306396,0.021529905868192502,-0.02746675,0.07111247600000001,5,0.55,0.0,1.206506852
18,6,F8,0.048294488,0.01547102915207227,-0.009412862,0.059381715999999994,5,0.55,0.0,1.206506852
18,10,FT7,0.040976955999999995,0.005523015691651616,-0.020449501999999998,0.049176658,5,0.55,0.0,1.206506852
18,25,T6,0.033399592,0.017099706746582528,0.012316150000000001,0.038822722,5,0.55,0.0,1.206506852
18,5,F7,0.03314801,0.017745350734392373,-0.0010716339999999997,0.039308182000000004,5,0.55,0.0,1.206506852
18,1,Fp2,0.021430428,0.008376505708293286,0.010941692,0.02399932,5,0.55,0.0,1.206506852
18,0,Fp1,0.017231965999999998,0.002520894445941758,0.0010185200000000002,0.019776554000000002,5,0.55,0.0,1.206506852
19,21,Pz,0.15455528000000002,0.018870630629569587,0.0076637,0.155668762,5,0.85,0.6,0.261121794
19,15,T3,0.13935271,0.017244166534190624,0.13790180400000002,0.152372968,5,0.85,0.6,0.261121794
19,17,CP3,0.13791809800000002,0.023474198589466692,0.02565669,0.15375695,5,0.85,0.6,0.261121794
19,28,O2,0.133445766,0.015733581432899504,-0.028882167999999996,0.141918078,5,0.85,0.6,0.261121794
19,16,T4,0.119662464,0.004356969233398376,-0.006973224,0.13696983199999999,5,0.85,0.6,0.261121794
19,27,O1,0.115837398,0.01476447360030726,0.056848062,0.12894339,5,0.85,0.6,0.261121794
19,23,P4,0.11409005400000001,0.013455773891838408,-0.09097895,0.12583676800000002,5,0.85,0.6,0.261121794
19,13,C3,0.112456794,0.011989724155748121,0.047395908,0.11798422,5,0.85,0.6,0.261121794
19,18,CP4,0.10688926800000001,0.0074472922761947506,0.034654412,0.12084992000000001,5,0.85,0.6,0.261121794
19,20,TP8,0.10182795600000001,0.017355873653372506,-0.046670844,0.11645075,5,0.85,0.6,0.261121794
19,24,T5,0.100570774,0.006988485053502656,0.059550738000000006,0.108967082,5,0.85,0.6,0.261121794
19,2,Fz,0.100350494,0.024278460797573845,-0.096998348,0.11070597200000001,5,0.85,0.6,0.261121794
19,5,F7,0.099979802,0.02409075494426586,0.075873616,0.11512329399999999,5,0.85,0.6,0.261121794
19,0,Fp1,0.09958575,0.016654058539705873,-0.077242712,0.11392442,5,0.85,0.6,0.261121794
19,4,F4,0.09923165,0.015316929195865274,0.031827134,0.10893655199999999,5,0.85,0.6,0.261121794
19,19,TP7,0.098428126,0.035085625235521035,-0.019875838,0.11006511599999999,5,0.85,0.6,0.261121794
19,14,C4,0.098281626,0.023943778575770572,-0.07909410400000001,0.11842588400000001,5,0.85,0.6,0.261121794
19,22,P3,0.094617694,0.027299104339276955,0.092979542,0.104620448,5,0.85,0.6,0.261121794
19,10,FT7,0.09315567,0.02399058676772413,-0.007587868,0.108697288,5,0.85,0.6,0.261121794
19,11,FT8,0.09261077,0.022972933365142993,0.017439632,0.106534544,5,0.85,0.6,0.261121794
19,7,FCz,0.08984921,0.014094898063561873,0.08984921,0.100897894,5,0.85,0.6,0.261121794
19,9,FC4,0.083975718,0.03851619315589315,-0.049263928,0.09953644,5,0.85,0.6,0.261121794
19,25,T6,0.083502542,0.007587753776426193,-0.05811580399999999,0.09495875000000001,5,0.85,0.6,0.261121794
19,3,F3,0.07594264399999999,0.01701923453093675,0.021271526000000002,0.08297289199999999,5,0.85,0.6,0.261121794
19,26,Oz,0.075757358,0.011609567536612634,0.048693948,0.07955382,5,0.85,0.6,0.261121794
19,12,Cz,0.068341868,0.014610011467739166,0.062049904,0.081727246,5,0.85,0.6,0.261121794
19,1,Fp2,0.067462166,0.017754392918046508,0.04954249,0.083471014,5,0.85,0.6,0.261121794
19,6,F8,0.064340478,0.019361430703737262,-0.022267798,0.06547381199999999,5,0.85,0.6,0.261121794
19,8,FC3,0.036749566,0.008298282831145249,-0.011325430000000001,0.043544983999999995,5,0.85,0.6,0.261121794
2,21,Pz,0.155013512,0.010189152340443736,-0.014271812,0.158858084,5,0.75,0.2,0.355103316
2,15,T3,0.149821248,0.018597600289302657,0.149821248,0.152950754,5,0.75,0.2,0.355103316
2,17,CP3,0.13978126600000002,0.021082415120133407,-0.0013969539999999989,0.163230026,5,0.75,0.2,0.355103316
2,28,O2,0.128753874,0.014754868972545293,-0.013994718,0.134307572,5,0.75,0.2,0.355103316
2,2,Fz,0.12312484800000001,0.021063281631862833,-0.122637884,0.136667122,5,0.75,0.2,0.355103316
2,16,T4,0.114056724,0.02055922775996657,0.034248070000000005,0.12715043799999998,5,0.75,0.2,0.355103316
2,5,F7,0.11376283400000001,0.02982777514308233,0.091700072,0.126076942,5,0.75,0.2,0.355103316
2,27,O1,0.11310448,0.029618998370543364,0.052747878000000005,0.12378219799999998,5,0.75,0.2,0.355103316
2,24,T5,0.10966418600000001,0.007708228613191874,0.073040194,0.118946858,5,0.75,0.2,0.355103316
2,18,CP4,0.10927263599999999,0.0068480175358953356,0.034359184,0.130624532,5,0.75,0.2,0.355103316
2,23,P4,0.103943852,0.008952438767043878,-0.072993034,0.113248616,5,0.75,0.2,0.355103316
2,13,C3,0.099993308,0.020111992737628454,0.028128648,0.110021818,5,0.75,0.2,0.355103316
2,10,FT7,0.09815845,0.00995407255443972,-0.061573275999999996,0.11043574999999999,5,0.75,0.2,0.355103316
2,25,T6,0.095995542,0.01628519850803391,-0.03961539,0.104955504,5,0.75,0.2,0.355103316
2,0,Fp1,0.09368354400000001,0.035837387511921545,-0.069893934,0.103287728,5,0.75,0.2,0.355103316
2,7,FCz,0.092286752,0.007211410257402504,0.07411603600000001,0.11278192199999999,5,0.75,0.2,0.355103316
2,14,C4,0.090715882,0.010403681686221468,-0.048201548,0.10155509,5,0.75,0.2,0.355103316
2,4,F4,0.088315758,0.01527430088242241,0.016495695999999997,0.097924626,5,0.75,0.2,0.355103316
2,3,F3,0.084257366,0.004195464654377388,0.027713774000000004,0.09169507,5,0.75,0.2,0.355103316
2,12,Cz,0.082106952,0.015408276356718814,0.044784626,0.09463223600000001,5,0.75,0.2,0.355103316
2,22,P3,0.081024408,0.026119232611581833,0.060629222,0.093103562,5,0.75,0.2,0.355103316
2,26,Oz,0.075344628,0.014349313997323006,0.04842595,0.080837534,5,0.75,0.2,0.355103316
2,6,F8,0.07065366,0.009540400133906855,-0.018920638,0.075835408,5,0.75,0.2,0.355103316
2,20,TP8,0.068791612,0.01980260634294057,-0.045816308,0.085641906,5,0.75,0.2,0.355103316
2,19,TP7,0.067534364,0.021179370433195836,-0.024610866,0.082429106,5,0.75,0.2,0.355103316
2,11,FT8,0.066594688,0.016035687883858306,0.022236331999999998,0.08134433199999999,5,0.75,0.2,0.355103316
2,1,Fp2,0.06583749,0.012496080906852355,0.060680318,0.07873646399999999,5,0.75,0.2,0.355103316
2,9,FC4,0.054455276,0.01355102135668489,-0.040434490000000003,0.06718917599999999,5,0.75,0.2,0.355103316
2,8,FC3,0.052725356,0.029852404248568158,-0.005472614000000001,0.058781271999999996,5,0.75,0.2,0.355103316
20,21,Pz,0.14772516,0.022325055977574847,-0.004662464000000001,0.15703503800000002,5,0.75,0.2,0.485189478
20,2,Fz,0.134394664,0.039552739476159296,-0.12830307,0.152663882,5,0.75,0.2,0.485189478
20,27,O1,0.13255763999999998,0.011993416201228901,0.067429344,0.147867056,5,0.75,0.2,0.485189478
20,6,F8,0.12195672399999999,0.055007879457605255,0.021137549999999998,0.133737678,5,0.75,0.2,0.485189478
20,19,TP7,0.121171476,0.03684885999951328,-0.087927886,0.135085762,5,0.75,0.2,0.485189478
20,16,T4,0.11415273,0.038150568950994695,0.01866229,0.129764934,5,0.75,0.2,0.485189478
20,28,O2,0.11078777799999999,0.03771845919507211,-0.019940965999999997,0.117173554,5,0.75,0.2,0.485189478
20,12,Cz,0.10708099600000001,0.03385730043961908,0.106633558,0.12011655399999999,5,0.75,0.2,0.485189478
20,13,C3,0.106616416,0.012715182048359745,0.056113108,0.123007542,5,0.75,0.2,0.485189478
20,22,P3,0.10619158799999999,0.025522434198299346,0.10505455999999999,0.13081843399999998,5,0.75,0.2,0.485189478
20,4,F4,0.106011348,0.017602222309496044,0.057649322,0.121936464,5,0.75,0.2,0.485189478
20,18,CP4,0.101277054,0.014959216153937678,0.06184822399999999,0.118318568,5,0.75,0.2,0.485189478
20,17,CP3,0.099577394,0.020445253715518672,0.010107840000000002,0.116095098,5,0.75,0.2,0.485189478
20,23,P4,0.09778716400000001,0.00792163450148263,-0.086545292,0.11613415599999999,5,0.75,0.2,0.485189478
20,25,T6,0.094401892,0.025557138890805447,-0.071755492,0.114093224,5,0.75,0.2,0.485189478
20,15,T3,0.093857524,0.03390369438301864,0.06857554,0.10073517800000001,5,0.75,0.2,0.485189478
20,3,F3,0.08900064999999999,0.021590688526121626,0.01770012,0.10461821800000001,5,0.75,0.2,0.485189478
20,7,FCz,0.088691558,0.02308848585374797,0.088517566,0.103232408,5,0.75,0.2,0.485189478
20,0,Fp1,0.086745276,0.03515974794581839,-0.068765372,0.098725912,5,0.75,0.2,0.485189478
20,26,Oz,0.08244560599999999,0.013330561374114364,0.055901088,0.09263261,5,0.75,0.2,0.485189478
20,14,C4,0.079875792,0.00608809253263039,-0.05710354999999999,0.096660402,5,0.75,0.2,0.485189478
20,11,FT8,0.077096928,0.008947400356470583,0.024261738,0.09609606600000001,5,0.75,0.2,0.485189478
20,10,FT7,0.075399494,0.030635685814936968,-0.020248396,0.091165998,5,0.75,0.2,0.485189478
20,24,T5,0.07314738999999999,0.03217127939539163,0.05095464000000001,0.082830692,5,0.75,0.2,0.485189478
20,1,Fp2,0.069459142,0.011133173839479467,0.042250529999999994,0.08861811,5,0.75,0.2,0.485189478
20,20,TP8,0.06813705,0.02316161466627165,-0.023569,0.07855053199999999,5,0.75,0.2,0.485189478
20,5,F7,0.063448024,0.023415034769877666,0.047935718,0.075379076,5,0.75,0.2,0.485189478
20,9,FC4,0.057857962,0.004365493192380443,-0.032339408,0.068075796,5,0.75,0.2,0.485189478
20,8,FC3,0.046687948,0.01440718278664396,0.009610374000000001,0.055697501999999996,5,0.75,0.2,0.485189478
21,21,Pz,0.154350716,0.011410966746677511,-0.0003692940000000006,0.16089674,5,0.7,0.0,0.431589758
21,0,Fp1,0.13855986599999998,0.012951846397102227,-0.13855986599999998,0.15535044999999997,5,0.7,0.0,0.431589758
21,28,O2,0.129476704,0.028707412346985938,-0.04015516,0.140125218,5,0.7,0.0,0.431589758
21,17,CP3,0.127855326,0.010284376155933325,0.0028634680000000023,0.14726721199999998,5,0.7,0.0,0.431589758
21,18,CP4,0.12679429800000003,0.017853698644425764,0.022878328,0.144057206,5,0.7,0.0,0.431589758
21,15,T3,0.12486745799999999,0.02256196031273812,0.12486745799999999,0.13667403,5,0.7,0.0,0.431589758
21,27,O1,0.116729856,0.009509541514104668,0.042427578,0.127821256,5,0.7,0.0,0.431589758
21,22,P3,0.11342777600000001,0.017516261748815865,0.11152483599999999,0.12736990399999998,5,0.7,0.0,0.431589758
21,13,C3,0.10945388199999999,0.016583049078716494,0.04465553,0.12124639200000001,5,0.7,0.0,0.431589758
21,2,Fz,0.10638005400000002,0.022270276895592928,-0.09976076,0.127785418,5,0.7,0.0,0.431589758
21,26,Oz,0.105424098,0.05538228444427938,0.083947832,0.114510724,5,0.7,0.0,0.431589758
21,5,F7,0.10048775800000001,0.035049068571319696,0.099947762,0.115660558,5,0.7,0.0,0.431589758
21,24,T5,0.096890496,0.019946435892071793,0.06041957,0.106159292,5,0.7,0.0,0.431589758
21,4,F4,0.096790134,0.006858204010145801,-0.014518956,0.11582250000000001,5,0.7,0.0,0.431589758
21,16,T4,0.09564683,0.011279265385278863,0.022098928,0.116729402,5,0.7,0.0,0.431589758
21,20,TP8,0.09298961,0.015361126938919552,-0.045419520000000005,0.104644144,5,0.7,0.0,0.431589758
21,7,FCz,0.08601582199999999,0.008648623714621885,0.0777064,0.10131283199999999,5,0.7,0.0,0.431589758
21,3,F3,0.08437551,0.012225081791654808,0.029539594000000002,0.10632396799999999,5,0.7,0.0,0.431589758
21,23,P4,0.083603974,0.020159231219794318,-0.037767684,0.091776528,5,0.7,0.0,0.431589758
21,14,C4,0.078450774,0.008424883944407185,-0.025316892,0.089746832,5,0.7,0.0,0.431589758
21,12,Cz,0.077284232,0.019884910336053066,0.075470148,0.091374072,5,0.7,0.0,0.431589758
21,10,FT7,0.076206998,0.016394379802538123,-0.044912818,0.08704147799999999,5,0.7,0.0,0.431589758
21,11,FT8,0.073509656,0.010772264077153417,0.0024839040000000003,0.080948986,5,0.7,0.0,0.431589758
21,25,T6,0.07310283399999999,0.017563854952940428,-0.054029972,0.087128068,5,0.7,0.0,0.431589758
21,19,TP7,0.06833585,0.003640619606165963,-0.0021616840000000005,0.077341428,5,0.7,0.0,0.431589758
21,6,F8,0.053587302,0.009605522818445124,0.010902524,0.061575912,5,0.7,0.0,0.431589758
21,1,Fp2,0.052041040000000004,0.011422745771477191,0.023957632,0.061596202,5,0.7,0.0,0.431589758
21,9,FC4,0.050843693999999995,0.010279488343659429,-0.04114412,0.06445328800000001,5,0.7,0.0,0.431589758
21,8,FC3,0.047979848,0.011406329537685203,-0.009276354,0.05942507,5,0.7,0.0,0.431589758
22,17,CP3,0.15348524,0.017676972906839845,-0.010273184000000001,0.165449846,5,0.575,0.0,0.6549225919999999
22,9,FC4,0.139042564,0.06917456995215532,-0.132342732,0.16128093799999998,5,0.575,0.0,0.6549225919999999
22,5,F7,0.138285912,0.03079117055686776,0.138285912,0.16478315000000002,5,0.575,0.0,0.6549225919999999
22,21,Pz,0.12594677599999998,0.018217752983306704,-0.004259289999999999,0.129611568,5,0.575,0.0,0.6549225919999999
22,14,C4,0.12082823000000001,0.012129689138186931,-0.11750902999999999,0.13906923399999999,5,0.575,0.0,0.6549225919999999
22,7,FCz,0.116971,0.022774991932506806,0.109184368,0.130623854,5,0.575,0.0,0.6549225919999999
22,13,C3,0.116757928,0.013040705927948069,0.09756142599999999,0.142423656,5,0.575,0.0,0.6549225919999999
22,2,Fz,0.115933976,0.01299619781359456,-0.09918858,0.127192632,5,0.575,0.0,0.6549225919999999
22,20,TP8,0.10814353799999998,0.02007470801680736,0.025326062,0.11627894400000001,5,0.575,0.0,0.6549225919999999
22,27,O1,0.10259431599999999,0.014860429026470945,0.0020014020000000006,0.11574500400000001,5,0.575,0.0,0.6549225919999999
22,18,CP4,0.09955725600000001,0.009155050267294003,0.039595592,0.12019505,5,0.575,0.0,0.6549225919999999
22,12,Cz,0.09586707800000001,0.029158115464654438,0.095328558,0.10609787799999999,5,0.575,0.0,0.6549225919999999
22,28,O2,0.09457827199999999,0.023521395793081032,-0.003536132,0.10275279799999999,5,0.575,0.0,0.6549225919999999
22,22,P3,0.092716998,0.02879494320503289,0.084356526,0.10510617199999998,5,0.575,0.0,0.6549225919999999
22,0,Fp1,0.09088755400000001,0.028393079487374736,-0.063746264,0.10701107000000001,5,0.575,0.0,0.6549225919999999
22,23,P4,0.088963002,0.027520184755498465,-0.028789130000000003,0.10878356,5,0.575,0.0,0.6549225919999999
22,26,Oz,0.08553852199999999,0.02769807013453771,0.006839222000000001,0.098619266,5,0.575,0.0,0.6549225919999999
22,15,T3,0.081186418,0.018338676060857553,0.027684048,0.094463164,5,0.575,0.0,0.6549225919999999
22,16,T4,0.07632725,0.028756391077384865,0.02806766,0.08690671800000001,5,0.575,0.0,0.6549225919999999
22,6,F8,0.07490517599999999,0.0196577582730847,0.061767565999999996,0.096565996,5,0.575,0.0,0.6549225919999999
22,3,F3,0.073520802,0.023047039660816962,0.014643806,0.084353846,5,0.575,0.0,0.6549225919999999
22,25,T6,0.070284022,0.022484592535084336,-0.065282454,0.081523608,5,0.575,0.0,0.6549225919999999
22,11,FT8,0.06934470400000001,0.014844924328437313,0.008876654000000001,0.077196096,5,0.575,0.0,0.6549225919999999
22,4,F4,0.065967754,0.01372868477154239,0.01369485,0.075018144,5,0.575,0.0,0.6549225919999999
22,24,T5,0.06477854,0.014639901290258068,0.05199597,0.078075964,5,0.575,0.0,0.6549225919999999
22,19,TP7,0.06329944400000001,0.021701428357407265,-0.048112878,0.07728634999999999,5,0.575,0.0,0.6549225919999999
22,10,FT7,0.05443026399999999,0.021453241273176646,-0.043550766,0.065828336,5,0.575,0.0,0.6549225919999999
22,1,Fp2,0.044001582,0.018579707709367226,0.029443852,0.058501758,5,0.575,0.0,0.6549225919999999
22,8,FC3,0.032714836000000004,0.015356562468649354,-0.010116486,0.036753562000000004,5,0.575,0.0,0.6549225919999999
23,21,Pz,0.153138996,0.00028503026204246496,0.006532396,0.153323464,5,1.0,1.0,0.004511916
23,28,O2,0.144091368,0.00032595398466654245,-0.02393953,0.14684726399999998,5,1.0,1.0,0.004511916
23,15,T3,0.12673478,0.0002500000000000002,0.12673478,0.131972086,5,1.0,1.0,0.004511916
23,16,T4,0.12233757999999999,0.00025000000000000196,0.013365949999999998,0.134646932,5,1.0,1.0,0.004511916
23,27,O1,0.12191210999999999,0.0003259447809829145,0.056183017999999994,0.132274126,5,1.0,1.0,0.004511916
23,17,CP3,0.12107438799999999,0.00020915245688253573,0.032993538,0.139463102,5,1.0,1.0,0.004511916
23,13,C3,0.115230876,0.0002499900002600101,0.072466466,0.11741014999999999,5,1.0,1.0,0.004511916
23,18,CP4,0.11068303400000001,0.00024985506644852864,0.034509371999999996,0.12730594,5,1.0,1.0,0.004511916
23,0,Fp1,0.10990672400000001,0.00033540497921169516,-0.095901192,0.12269539,5,1.0,1.0,0.004511916
23,22,P3,0.10830736999999999,0.0001368713264347202,0.10830736999999999,0.11749586199999999,5,1.0,1.0,0.004511916
23,23,P4,0.104863398,0.00020915664003326,-0.093215298,0.11691723000000001,5,1.0,1.0,0.004511916
23,24,T5,0.10480556,0.0002091261623996384,0.07313884,0.114254824,5,1.0,1.0,0.004511916
23,2,Fz,0.103951736,0.00020915484749342683,-0.098531474,0.11752311,5,1.0,1.0,0.004511916
23,7,FCz,0.098832922,0.0001369644438166339,0.098832922,0.11421348199999999,5,1.0,1.0,0.004511916
23,4,F4,0.097832824,0.00011180116336604433,0.012550022,0.10812532,5,1.0,1.0,0.004511916
23,10,FT7,0.090669764,0.00024998500211012825,-0.058326216,0.104141378,5,1.0,1.0,0.004511916
23,20,TP8,0.088919454,0.0002738558016182994,-0.059413393999999994,0.10814381799999999,5,1.0,1.0,0.004511916
23,3,F3,0.08787067200000001,0.00033539640773269956,0.027613191999999998,0.094676442,5,1.0,1.0,0.004511916
23,14,C4,0.08525487400000001,0.00013692242486167176,-0.074974596,0.095751156,5,1.0,1.0,0.004511916
23,19,TP7,0.084477676,0.00011181123525835859,-0.018681466,0.094519456,5,1.0,1.0,0.004511916
23,5,F7,0.084005854,0.0002850258768603331,0.08152674800000001,0.09754663799999999,5,1.0,1.0,0.004511916
23,25,T6,0.08127549599999999,0.00013693611714957129,-0.062356528,0.092485572,5,1.0,1.0,0.004511916
23,11,FT8,0.080091134,0.00017677318979415234,-0.0033378440000000004,0.097108106,5,1.0,1.0,0.004511916
23,1,Fp2,0.07765818,0.0001369306393762904,0.061310182000000005,0.0952017,5,1.0,1.0,0.004511916
23,26,Oz,0.077420804,0.0001117788427207868,0.042217542000000004,0.07980164000000001,5,1.0,1.0,0.004511916
23,6,F8,0.077342062,0.0002236000896019458,-0.028806458,0.078383828,5,1.0,1.0,0.004511916
23,12,Cz,0.076952232,0.00013692333665230543,0.075733646,0.09255293,5,1.0,1.0,0.004511916
23,9,FC4,0.057891731999999994,0.00030616784672790295,-0.057891731999999994,0.07626729400000001,5,1.0,1.0,0.004511916
23,8,FC3,0.030840276,0.00022359505859924613,0.00582212,0.037561466,5,1.0,1.0,0.004511916
24,28,O2,0.151795808,0.014148532409655431,-0.0005893239999999994,0.157918654,5,0.9,0.6,0.18059311
24,21,Pz,0.14682494,0.01045001925000381,-0.004169803999999999,0.15279337799999998,5,0.9,0.6,0.18059311
24,17,CP3,0.13120859,0.020716869805374804,0.033656606,0.146884386,5,0.9,0.6,0.18059311
24,15,T3,0.122591186,0.00323798065058765,0.108773422,0.131975598,5,0.9,0.6,0.18059311
24,27,O1,0.116470428,0.011989863267173648,0.064261438,0.128371332,5,0.9,0.6,0.18059311
24,16,T4,0.115463956,0.012756585611897879,0.029124078000000005,0.13316485,5,0.9,0.6,0.18059311
24,22,P3,0.104370504,0.008971333870962554,0.100195068,0.11536857599999999,5,0.9,0.6,0.18059311
24,4,F4,0.10327644799999999,0.013005875866406311,0.013436320000000002,0.11440428799999999,5,0.9,0.6,0.18059311
24,13,C3,0.10274220999999999,0.021877680526119537,0.069469478,0.109541332,5,0.9,0.6,0.18059311
24,0,Fp1,0.09838443999999999,0.019533463190225638,-0.069421634,0.111713464,5,0.9,0.6,0.18059311
24,18,CP4,0.097750104,0.032235155436732894,0.03607466,0.117179466,5,0.9,0.6,0.18059311
24,23,P4,0.096039234,0.016835589100868433,-0.08353948,0.10628249999999999,5,0.9,0.6,0.18059311
24,24,T5,0.095646374,0.025891405793518243,0.05925361,0.10373817599999999,5,0.9,0.6,0.18059311
24,2,Fz,0.095253802,0.020197833600883286,-0.08244860600000001,0.107064036,5,0.9,0.6,0.18059311
24,10,FT7,0.094587506,0.008334316774126122,-0.07036486,0.107130124,5,0.9,0.6,0.18059311
24,14,C4,0.091660546,0.013655992677351582,-0.068029452,0.107272956,5,0.9,0.6,0.18059311
24,7,FCz,0.090584598,0.02291827069728473,0.090092052,0.10587941199999999,5,0.9,0.6,0.18059311
24,20,TP8,0.08997862799999999,0.0038895208025308188,-0.050345313999999995,0.105843304,5,0.9,0.6,0.18059311
24,11,FT8,0.088593604,0.017245563140787252,0.00347112,0.105023962,5,0.9,0.6,0.18059311
24,6,F8,0.087779714,0.024887731121296098,-0.039589754,0.09221435,5,0.9,0.6,0.18059311
24,3,F3,0.08611595400000001,0.005979667084807485,0.020602406,0.094450066,5,0.9,0.6,0.18059311
24,5,F7,0.084541854,0.0033892865655813184,0.081682912,0.09631050599999999,5,0.9,0.6,0.18059311
24,12,Cz,0.082648266,0.007439335891864269,0.077155076,0.09647650199999999,5,0.9,0.6,0.18059311
24,19,TP7,0.081684674,0.011062469259854695,-0.012899826,0.094362756,5,0.9,0.6,0.18059311
24,25,T6,0.080748554,0.0010969409475126669,-0.064453046,0.094665682,5,0.9,0.6,0.18059311
24,1,Fp2,0.07894772800000001,0.0026251594659696367,0.05503603,0.09455848,5,0.9,0.6,0.18059311
24,26,Oz,0.07535573,0.00618796351494577,0.023650188,0.078591514,5,0.9,0.6,0.18059311
24,9,FC4,0.051808622000000006,0.009697017666894807,-0.037936118000000005,0.068579362,5,0.9,0.6,0.18059311
24,8,FC3,0.035545726,0.011189418435000542,-0.0023211459999999996,0.044518562,5,0.9,0.6,0.18059311
25,21,Pz,0.15322952,0.00019260884740843217,0.007036290000000001,0.153435842,5,1.0,1.0,0.0065444200000000004
25,28,O2,0.144040126,0.00013582797127248815,-0.023810157999999998,0.14684215,5,1.0,1.0,0.0065444200000000004
25,15,T3,0.126674822,0.000315085406866144,0.126674822,0.131899036,5,1.0,1.0,0.0065444200000000004
25,16,T4,0.122280502,0.00031107766493272985,0.013606554000000002,0.134591346,5,1.0,1.0,0.0065444200000000004
25,27,O1,0.122126292,0.0004183058098688047,0.055946666,0.132630772,5,1.0,1.0,0.0065444200000000004
25,17,CP3,0.12096006200000001,0.0003078912566475303,0.033251508,0.139378672,5,1.0,1.0,0.0065444200000000004
25,13,C3,0.11488735000000001,0.00036532656158564986,0.072264312,0.11702368599999999,5,1.0,1.0,0.0065444200000000004
25,18,CP4,0.111331968,0.00028328836804571134,0.034980518,0.127915524,5,1.0,1.0,0.0065444200000000004
25,0,Fp1,0.110037896,0.00022913185348178995,-0.096216036,0.122872362,5,1.0,1.0,0.0065444200000000004
25,22,P3,0.108299072,0.00023125290132234422,0.108299072,0.117725418,5,1.0,1.0,0.0065444200000000004
25,24,T5,0.10511747599999999,0.0002184507501246025,0.073006426,0.11451495999999999,5,1.0,1.0,0.0065444200000000004
25,23,P4,0.104633716,0.00010956949224122569,-0.092632156,0.116444268,5,1.0,1.0,0.0065444200000000004
25,2,Fz,0.10389008799999999,0.00012851512311786985,-0.098452264,0.11746760199999999,5,1.0,1.0,0.0065444200000000004
25,7,FCz,0.09896462,0.00019045668641452386,0.09896462,0.11426233999999999,5,1.0,1.0,0.0065444200000000004
25,4,F4,0.097552978,4.5052298165580125e-05,0.012443872,0.107818674,5,1.0,1.0,0.0065444200000000004
25,10,FT7,0.090600638,0.0004413169627036748,-0.058009346,0.10413147999999998,5,1.0,1.0,0.0065444200000000004
25,20,TP8,0.088875356,0.00029418805053910477,-0.058959104,0.1078168,5,1.0,1.0,0.0065444200000000004
25,3,F3,0.087738114,0.00012736785516761812,0.027246416000000002,0.09477716,5,1.0,1.0,0.0065444200000000004
25,14,C4,0.085212712,0.00046461670322965826,-0.074675074,0.09562167,5,1.0,1.0,0.0065444200000000004
25,19,TP7,0.08423955999999999,0.000313119235116591,-0.018924035999999998,0.094338058,5,1.0,1.0,0.0065444200000000004
25,5,F7,0.08359603,0.0006072128607415961,0.081564962,0.097299656,5,1.0,1.0,0.0065444200000000004
25,25,T6,0.081012636,0.0001279164828315733,-0.061987978,0.092298452,5,1.0,1.0,0.0065444200000000004
25,11,FT8,0.079935762,0.0003426188248184857,-0.0035110740000000003,0.097078612,5,1.0,1.0,0.0065444200000000004
25,1,Fp2,0.07787071400000001,0.00022538717627673625,0.060988542,0.09509972800000001,5,1.0,1.0,0.0065444200000000004
25,6,F8,0.077329328,0.0001508116569433546,-0.028888816,0.078332792,5,1.0,1.0,0.0065444200000000004
25,26,Oz,0.077233706,0.0003537856954146089,0.04213871,0.07953647,5,1.0,1.0,0.0065444200000000004
25,12,Cz,0.077047402,1.0801327233260158e-05,0.076017322,0.092859598,5,1.0,1.0,0.0065444200000000004
25,9,FC4,0.057571176,0.00045454556980571416,-0.057571176,0.075792918,5,1.0,1.0,0.0065444200000000004
25,8,FC3,0.031241752,0.00017680775328022256,0.005876264,0.037829008,5,1.0,1.0,0.0065444200000000004
26,21,Pz,0.15681809600000002,0.007916822118863716,0.007575088000000001,0.159208484,5,0.925,0.8,0.11088785399999998
26,28,O2,0.144109014,0.0009903638099607608,-0.030800642,0.149126666,5,0.925,0.8,0.11088785399999998
26,17,CP3,0.131369334,0.022692401331065197,0.041830968,0.149608592,5,0.925,0.8,0.11088785399999998
26,16,T4,0.12413216999999999,0.004138916445393653,0.007406749999999999,0.14219727199999999,5,0.925,0.8,0.11088785399999998
26,27,O1,0.122213868,0.0004112010447700747,0.052213909999999995,0.13486911,5,0.925,0.8,0.11088785399999998
26,15,T3,0.11858149199999998,0.019678319466189687,0.115160746,0.125405362,5,0.925,0.8,0.11088785399999998
26,18,CP4,0.11767904600000001,0.014615620925297024,0.047115556,0.132767414,5,0.925,0.8,0.11088785399999998
26,13,C3,0.111980214,0.008202370486568501,0.059477378000000004,0.11667993400000001,5,0.925,0.8,0.11088785399999998
26,22,P3,0.10558746999999999,0.006374307436255331,0.10120126,0.11362252800000001,5,0.925,0.8,0.11088785399999998
26,2,Fz,0.104240186,0.0008613021925723815,-0.091949936,0.115866844,5,0.925,0.8,0.11088785399999998
26,0,Fp1,0.10284632600000002,0.015941809728137205,-0.091078912,0.11609212,5,0.925,0.8,0.11088785399999998
26,7,FCz,0.101866176,0.005589545401576051,0.101866176,0.11520530200000001,5,0.925,0.8,0.11088785399999998
26,23,P4,0.100250048,0.011587956786071907,-0.085835046,0.112074334,5,0.925,0.8,0.11088785399999998
26,3,F3,0.09501979,0.01596874151949364,0.030326960000000003,0.10243448800000002,5,0.925,0.8,0.11088785399999998
26,24,T5,0.09410823,0.023446890188610302,0.06312838800000001,0.103498634,5,0.925,0.8,0.11088785399999998
26,10,FT7,0.091451706,0.002955569268733176,-0.065587202,0.10965306,5,0.925,0.8,0.11088785399999998
26,20,TP8,0.089757002,0.0007390187379018111,-0.056634726,0.108881482,5,0.925,0.8,0.11088785399999998
26,4,F4,0.088552628,0.01861564842892989,0.012798816000000001,0.09952967,5,0.925,0.8,0.11088785399999998
26,5,F7,0.08514305,0.002794073561352671,0.083638594,0.096602298,5,0.925,0.8,0.11088785399999998
26,19,TP7,0.08455137,0.0007876181759901205,-0.02286063,0.094191514,5,0.925,0.8,0.11088785399999998
26,11,FT8,0.082028372,0.005589513280570141,-0.010594386,0.096467542,5,0.925,0.8,0.11088785399999998
26,25,T6,0.080183414,0.001867924319647348,-0.051898832000000006,0.091218902,5,0.925,0.8,0.11088785399999998
26,12,Cz,0.078296018,0.0034110895993172082,0.075875238,0.097925584,5,0.925,0.8,0.11088785399999998
26,1,Fp2,0.077975748,0.0014421516540468271,0.062710758,0.096243756,5,0.925,0.8,0.11088785399999998
26,14,C4,0.076441898,0.01981740755373846,-0.067073362,0.086081618,5,0.925,0.8,0.11088785399999998
26,26,Oz,0.073360286,0.008181654575951007,0.038504328,0.076402704,5,0.925,0.8,0.11088785399999998
26,6,F8,0.072171866,0.01164447490669416,-0.030693844000000005,0.07597976,5,0.925,0.8,0.11088785399999998
26,9,FC4,0.058102312,0.0006972169008780547,-0.058102312,0.07801503000000001,5,0.925,0.8,0.11088785399999998
26,8,FC3,0.034449839999999995,0.005446663498202361,0.009550192,0.039638882,5,0.925,0.8,0.11088785399999998
27,21,Pz,0.15303901,0.0,0.00673239,0.1532266,5,0.95,0.8,0.004512026000000001
27,28,O2,0.14424135600000002,0.00013693429475481467,-0.023889542,0.14700244199999998,5,0.95,0.8,0.004512026000000001
27,15,T3,0.126784776,0.00011179445460307576,0.126784776,0.13192086600000003,5,0.95,0.8,0.004512026000000001
27,16,T4,0.12208758,0.0,0.013415948,0.134366112,5,0.95,0.8,0.004512026000000001
27,27,O1,0.12191215600000001,0.0002738302541356623,0.056183076,0.132289568,5,0.95,0.8,0.004512026000000001
27,17,CP3,0.121174386,0.00011180004485688274,0.032893548,0.139615132,5,0.95,0.8,0.004512026000000001
27,13,C3,0.11543089799999999,0.00011178551033116852,0.072466488,0.11758184,5,0.95,0.8,0.004512026000000001
27,18,CP4,0.11128310799999999,0.00013692333646971662,0.034709476,0.127868158,5,0.95,0.8,0.004512026000000001
27,0,Fp1,0.10985672800000001,0.00011180451699283127,-0.09575119000000001,0.122586114,5,0.95,0.8,0.004512026000000001
27,22,P3,0.108007436,0.00013692516269846143,0.108007436,0.117204058,5,0.95,0.8,0.004512026000000001
27,24,T5,0.105055528,0.00011180451811086067,0.073388808,0.114581238,5,0.95,0.8,0.004512026000000001
27,23,P4,0.10496337599999998,0.0001368996193566654,-0.09321526999999999,0.116906196,5,0.95,0.8,0.004512026000000001
27,2,Fz,0.10380174,0.00011180339887499113,-0.09838148,0.117350866,5,0.95,0.8,0.004512026000000001
27,7,FCz,0.09893288,0.0,0.09893288,0.114370958,5,0.95,0.8,0.004512026000000001
27,4,F4,0.09773282,0.00011180340021662494,0.012450036000000001,0.108066196,5,0.95,0.8,0.004512026000000001
27,10,FT7,0.090519784,0.00013692698795344098,-0.058076222,0.103883652,5,0.95,0.8,0.004512026000000001
27,20,TP8,0.088719458,0.00022360232561402575,-0.059213400000000006,0.1078805,5,0.95,0.8,0.004512026000000001
27,3,F3,0.087970668,0.00011180787101094379,0.027513201999999997,0.09481988400000001,5,0.95,0.8,0.004512026000000001
27,14,C4,0.085304878,0.00013690599227207282,-0.0750246,0.09584765199999999,5,0.95,0.8,0.004512026000000001
27,19,TP7,0.084327704,0.0001369342909208697,-0.018631487999999998,0.094313152,5,0.95,0.8,0.004512026000000001
27,5,F7,0.083955862,0.0002236000896019469,0.08137675600000001,0.097424286,5,0.95,0.8,0.004512026000000001
27,25,T6,0.081225538,0.00022357440399115654,-0.062206576,0.092371284,5,0.95,0.8,0.004512026000000001
27,11,FT8,0.08009118200000001,0.0001767766953532056,-0.0034377939999999997,0.09728126000000001,5,0.95,0.8,0.004512026000000001
27,1,Fp2,0.077808182,0.00017677315992536505,0.061360182,0.09536102399999999,5,0.95,0.8,0.004512026000000001
27,26,Oz,0.077470762,0.00013693337839986334,0.042267592,0.07982262,5,0.95,0.8,0.004512026000000001
27,6,F8,0.07739206000000001,0.00022360679774998218,-0.029256452,0.078352318,5,0.95,0.8,0.004512026000000001
27,12,Cz,0.07730222,0.0,0.07568365,0.09283372,5,0.95,0.8,0.004512026000000001
27,9,FC4,0.057891740000000004,7.0710678109035054e-09,-0.057891740000000004,0.076081504,5,0.95,0.8,0.004512026000000001
27,8,FC3,0.030790269999999998,0.00011179780878890262,0.00597213,0.037412776,5,0.95,0.8,0.004512026000000001
28,21,Pz,0.152558368,0.0006643456278700137,0.006650390000000001,0.15279196,5,0.95,0.8,0.017904294
28,28,O2,0.144719866,0.0010518411115182787,-0.023355022,0.14747802999999998,5,0.95,0.8,0.017904294
28,15,T3,0.127314838,0.0010252060386185785,0.127314838,0.132224082,5,0.95,0.8,0.017904294
28,16,T4,0.12318847399999999,0.0021857153601235525,0.013596378000000001,0.13513876200000002,5,0.95,0.8,0.017904294
28,17,CP3,0.12272571000000002,0.0031633230782043046,0.032827512,0.140973512,5,0.95,0.8,0.017904294
28,27,O1,0.121366354,0.0011085385261370047,0.056321911999999995,0.132329212,5,0.95,0.8,0.017904294
28,13,C3,0.114531966,0.0010192699785042262,0.07311081,0.11696072399999999,5,0.95,0.8,0.017904294
28,0,Fp1,0.11072188000000001,0.0019259537874258574,-0.09568443600000001,0.12298081599999999,5,0.95,0.8,0.017904294
28,18,CP4,0.110031952,0.0014667634980016356,0.033098112,0.127091448,5,0.95,0.8,0.017904294
28,22,P3,0.108787406,0.0012735236758419587,0.108787406,0.11789312199999999,5,0.95,0.8,0.017904294
28,23,P4,0.105686286,0.0015364100638761754,-0.09352351,0.117392648,5,0.95,0.8,0.017904294
28,24,T5,0.10407858,0.0021026361593247654,0.072609114,0.113122466,5,0.95,0.8,0.017904294
28,2,Fz,0.103676888,0.0006221944823927675,-0.09678078,0.116338554,5,0.95,0.8,0.017904294
28,7,FCz,0.09999866399999999,0.00266559503380202,0.09999866399999999,0.11451546000000001,5,0.95,0.8,0.017904294
28,4,F4,0.096774136,0.001705675211897038,0.011903056,0.10740050000000001,5,0.95,0.8,0.017904294
28,10,FT7,0.090873016,0.0010438218408952739,-0.05767517600000001,0.10358146400000001,5,0.95,0.8,0.017904294
28,20,TP8,0.08893932600000001,0.0003054681277645832,-0.060839566,0.109036198,5,0.95,0.8,0.017904294
28,3,F3,0.08742934399999999,0.0007832807141312716,0.028453092000000003,0.09372564,5,0.95,0.8,0.017904294
28,14,C4,0.087098678,0.0028112635974717865,-0.075289988,0.097053382,5,0.95,0.8,0.017904294
28,5,F7,0.08603364799999999,0.0033341820929832303,0.082652838,0.099232478,5,0.95,0.8,0.017904294
28,19,TP7,0.083088114,0.0032773040363506087,-0.019217096,0.09324049,5,0.95,0.8,0.017904294
28,25,T6,0.08173657,0.0009533199001384593,-0.063470558,0.09326013,5,0.95,0.8,0.017904294
28,11,FT8,0.07885977799999999,0.003174579382220581,-0.00422468,0.096334986,5,0.95,0.8,0.017904294
28,6,F8,0.077751896,0.0004543357663997009,-0.030176202000000003,0.078592666,5,0.95,0.8,0.017904294
28,12,Cz,0.077508202,0.0018622931096822556,0.076613332,0.093068466,5,0.95,0.8,0.017904294
28,1,Fp2,0.076560662,0.00252554662194544,0.06102794,0.094956526,5,0.95,0.8,0.017904294
28,26,Oz,0.076469762,0.0024363842740052297,0.041650958,0.079153598,5,0.95,0.8,0.017904294
28,9,FC4,0.05824083,0.00041656078854112157,-0.057573830000000006,0.07574516,5,0.95,0.8,0.017904294
28,8,FC3,0.031798248,0.0018066434209384008,0.007159006,0.038464372000000004,5,0.95,0.8,0.017904294
29,28,O2,0.147698578,0.005871528087927372,-0.025746113999999997,0.150576258,5,0.9,0.8,0.092840064
29,21,Pz,0.14609677199999999,0.015405091892253362,0.0077834440000000005,0.146534832,5,0.9,0.8,0.092840064
29,15,T3,0.12256674999999999,0.008623800930425047,0.12256674999999999,0.127215884,5,0.9,0.8,0.092840064
29,16,T4,0.120624592,0.0014785771039989722,0.008716952,0.13221015,5,0.9,0.8,0.092840064
29,17,CP3,0.120317878,0.0033228346433008082,0.027957014000000002,0.13730963599999998,5,0.9,0.8,0.092840064
29,27,O1,0.11844062200000001,0.006627275407210721,0.044341295999999995,0.129500434,5,0.9,0.8,0.092840064
29,22,P3,0.11466186999999999,0.014886387937825948,0.11466186999999999,0.125582682,5,0.9,0.8,0.092840064
29,24,T5,0.112298194,0.014499544443237871,0.08645338799999999,0.12336934,5,0.9,0.8,0.092840064
29,0,Fp1,0.11079265,0.0010363018715605942,-0.09929342599999999,0.123612378,5,0.9,0.8,0.092840064
29,13,C3,0.10930676799999998,0.013661921622916743,0.062603924,0.11167074399999999,5,0.9,0.8,0.092840064
29,2,Fz,0.10720935000000001,0.006318967032897861,-0.10212350799999999,0.12204337800000001,5,0.9,0.8,0.092840064
29,18,CP4,0.10691114800000001,0.009485496544278537,0.03355422,0.122814384,5,0.9,0.8,0.092840064
29,23,P4,0.098588336,0.013123855642955316,-0.088164494,0.110763392,5,0.9,0.8,0.092840064
29,7,FCz,0.098355906,0.0012468144196230613,0.098355906,0.11147914399999999,5,0.9,0.8,0.092840064
29,20,TP8,0.097676048,0.01973332256804008,-0.06758151999999999,0.11616486399999999,5,0.9,0.8,0.092840064
29,4,F4,0.095804822,0.004703009961032409,0.013371414000000002,0.10691688399999999,5,0.9,0.8,0.092840064
29,3,F3,0.090712758,0.0064400664834278,0.02772208,0.099156056,5,0.9,0.8,0.092840064
29,19,TP7,0.085015456,0.0005524569688491618,-0.013082759999999999,0.09408216,5,0.9,0.8,0.092840064
29,5,F7,0.08375479599999999,0.0030296560654354777,0.073716514,0.097105926,5,0.9,0.8,0.092840064
29,10,FT7,0.08271434600000001,0.01516345625828525,-0.051271486,0.09530749000000001,5,0.9,0.8,0.092840064
29,6,F8,0.081882062,0.008360706275986497,-0.025579054,0.08496400400000001,5,0.9,0.8,0.092840064
29,25,T6,0.080556234,0.002401108477876417,-0.059078257999999995,0.090896986,5,0.9,0.8,0.092840064
29,1,Fp2,0.080288018,0.004615134711232171,0.066646934,0.096622632,5,0.9,0.8,0.092840064
29,11,FT8,0.07921491,0.0013083856194371795,-0.01027736,0.093556052,5,0.9,0.8,0.092840064
29,26,Oz,0.076613432,0.0033447605153314017,0.03512946,0.08159099,5,0.9,0.8,0.092840064
29,12,Cz,0.076484156,0.0012959191449623726,0.075515682,0.089701824,5,0.9,0.8,0.092840064
29,14,C4,0.07515486,0.02377422132607186,-0.066996958,0.08485368,5,0.9,0.8,0.092840064
29,9,FC4,0.060243134,0.004080281937854293,-0.060243134,0.075156256,5,0.9,0.8,0.092840064
29,8,FC3,0.037436838,0.014750259047929292,0.0011171420000000002,0.04532302,5,0.9,0.8,0.092840064
3,17,CP3,0.144491814,0.06383405950904603,0.005861196000000002,0.165999876,5,0.675,0.0,0.9020476460000001
3,18,CP4,0.141611246,0.022116044798553603,0.05875955000000001,0.156419812,5,0.675,0.0,0.9020476460000001
3,23,P4,0.137171804,0.032585948636519396,-0.06508697199999999,0.14789907200000002,5,0.675,0.0,0.9020476460000001
3,2,Fz,0.133175054,0.049217283787313285,-0.114993394,0.15865247600000001,5,0.675,0.0,0.9020476460000001
3,21,Pz,0.131598306,0.04278629201532869,0.021737614,0.153851992,5,0.675,0.0,0.9020476460000001
3,5,F7,0.11961267,0.026253283975433434,0.11641412,0.130944116,5,0.675,0.0,0.9020476460000001
3,4,F4,0.112516022,0.011280592907829354,0.008876279999999999,0.137117188,5,0.675,0.0,0.9020476460000001
3,24,T5,0.11113351,0.08448279306031703,0.07417072999999999,0.119654322,5,0.675,0.0,0.9020476460000001
3,13,C3,0.110996892,0.02998917248465135,-0.04586929,0.13823232800000002,5,0.675,0.0,0.9020476460000001
3,19,TP7,0.107601612,0.02071070043883282,-0.09485302,0.12197520800000002,5,0.675,0.0,0.9020476460000001
3,28,O2,0.10056429,0.03838170732036942,0.007668181999999998,0.110905524,5,0.675,0.0,0.9020476460000001
3,14,C4,0.097536072,0.03478745505538915,0.051701918,0.11914042999999999,5,0.675,0.0,0.9020476460000001
3,3,F3,0.09091732599999999,0.027934313671780626,0.062308308,0.10827913,5,0.675,0.0,0.9020476460000001
3,8,FC3,0.08915377199999999,0.03426863982873291,-0.005539931999999998,0.098435404,5,0.675,0.0,0.9020476460000001
3,15,T3,0.08618885800000001,0.030808214671774147,0.08207445599999999,0.11663784400000002,5,0.675,0.0,0.9020476460000001
3,27,O1,0.08386336800000001,0.023862213729199982,0.018701093999999998,0.09865174800000001,5,0.675,0.0,0.9020476460000001
3,26,Oz,0.08267004,0.0370550072938321,0.06338211,0.089315458,5,0.675,0.0,0.9020476460000001
3,16,T4,0.081760528,0.014011465352002622,0.036317144,0.09002033400000001,5,0.675,0.0,0.9020476460000001
3,7,FCz,0.081036536,0.025332452144978583,0.030258842,0.09194844799999999,5,0.675,0.0,0.9020476460000001
3,22,P3,0.079026126,0.027109474419006723,0.022101206,0.097557206,5,0.675,0.0,0.9020476460000001
3,12,Cz,0.07471503,0.023204869381721373,0.034409482000000005,0.09633029200000001,5,0.675,0.0,0.9020476460000001
3,25,T6,0.07457715000000001,0.025249037720268666,-0.038171516,0.08687438,5,0.675,0.0,0.9020476460000001
3,11,FT8,0.068338064,0.027109218331794995,0.028820102000000004,0.082207158,5,0.675,0.0,0.9020476460000001
3,10,FT7,0.066963458,0.02202739019921039,0.004798021999999996,0.07247829,5,0.675,0.0,0.9020476460000001
3,6,F8,0.059009652,0.026450264459445767,-0.045260752,0.067138782,5,0.675,0.0,0.9020476460000001
3,20,TP8,0.056273364000000006,0.013043650971680816,0.006956234,0.07068138399999999,5,0.675,0.0,0.9020476460000001
3,0,Fp1,0.052234552000000004,0.01524918895746492,-0.047916205999999996,0.066649084,5,0.675,0.0,0.9020476460000001
3,1,Fp2,0.049901957999999996,0.019894029386502376,0.0074103599999999995,0.060383717999999996,5,0.675,0.0,0.9020476460000001
3,9,FC4,0.039021205999999996,0.016005009028480115,0.006430295999999999,0.044869756,5,0.675,0.0,0.9020476460000001
30,23,P4,0.152263504,0.0466918713957299,-0.051196212,0.163536534,5,0.775,0.4,0.712647804
30,13,C3,0.148261774,0.0533461157209799,0.07080252199999999,0.15373708800000002,5,0.775,0.4,0.712647804
30,7,FCz,0.132809332,0.04536037602221756,0.047851688,0.14311272800000002,5,0.775,0.4,0.712647804
30,24,T5,0.132389502,0.03688787157820196,0.099293698,0.152344706,5,0.775,0.4,0.712647804
30,2,Fz,0.127092472,0.04914346469084287,-0.09339849,0.137650718,5,0.775,0.4,0.712647804
30,8,FC3,0.118822756,0.08849953386393049,-0.040120760000000005,0.13088497000000002,5,0.775,0.4,0.712647804
30,18,CP4,0.11665811000000001,0.041221160869127034,0.035101127999999995,0.139812602,5,0.775,0.4,0.712647804
30,21,Pz,0.11604841000000002,0.03860787649386975,0.019407260000000003,0.121837818,5,0.775,0.4,0.712647804
30,0,Fp1,0.11480123,0.007504056746210677,-0.10888953799999998,0.125685534,5,0.775,0.4,0.712647804
30,28,O2,0.10837408200000001,0.045223270028014004,-0.033196619999999996,0.11752578200000001,5,0.775,0.4,0.712647804
30,19,TP7,0.106891858,0.028265405783996264,-0.046774494,0.118322674,5,0.775,0.4,0.712647804
30,15,T3,0.105933258,0.02263276022996797,0.105933258,0.11182806199999999,5,0.775,0.4,0.712647804
30,17,CP3,0.10277507599999999,0.016898558500214742,0.058315198,0.11273349000000002,5,0.775,0.4,0.712647804
30,16,T4,0.10249678,0.019466577887406147,0.022910510000000002,0.11634059599999999,5,0.775,0.4,0.712647804
30,22,P3,0.09820306399999999,0.021598241404497034,0.015473114,0.112750934,5,0.775,0.4,0.712647804
30,25,T6,0.09366049000000001,0.015386448627108532,0.035839926,0.106106034,5,0.775,0.4,0.712647804
30,5,F7,0.08859998799999999,0.01934183081199321,0.06918149,0.099245812,5,0.775,0.4,0.712647804
30,3,F3,0.08291812200000001,0.01181058789625309,0.057848044,0.09951960600000001,5,0.775,0.4,0.712647804
30,10,FT7,0.081960822,0.023203355580823218,-0.032501398,0.09512412,5,0.775,0.4,0.712647804
30,4,F4,0.081232004,0.015690357111647586,0.032859606,0.09380422,5,0.775,0.4,0.712647804
30,20,TP8,0.08001771399999999,0.01615857418749037,-0.06871132399999999,0.092592696,5,0.775,0.4,0.712647804
30,14,C4,0.07952735600000001,0.00804963836795356,-0.03588654,0.090881492,5,0.775,0.4,0.712647804
30,27,O1,0.07386566,0.04451693759770544,0.022068156,0.0828966,5,0.775,0.4,0.712647804
30,12,Cz,0.073498666,0.014744259899979042,0.049900482,0.086346512,5,0.775,0.4,0.712647804
30,9,FC4,0.06365655,0.02971761951978742,-0.035268298,0.07821798399999999,5,0.775,0.4,0.712647804
30,26,Oz,0.053741121999999995,0.022090854271611362,0.023866758,0.05855056599999999,5,0.775,0.4,0.712647804
30,6,F8,0.05099887599999999,0.02467607492344619,-8.507199999999923e-05,0.057409672,5,0.775,0.4,0.712647804
30,11,FT8,0.048334616,0.02933637551760493,0.0065669660000000005,0.057589356,5,0.775,0.4,0.712647804
30,1,Fp2,0.046549176000000005,0.028963119105946275,0.038397874,0.058596854,5,0.775,0.4,0.712647804
31,21,Pz,0.153859222,0.0008618262121622774,0.006073146,0.154078514,5,1.0,1.0,0.017075814
31,28,O2,0.144219446,0.0007844456508133593,-0.023324854,0.146753346,5,1.0,1.0,0.017075814
31,15,T3,0.12770959799999998,0.0008845533770610024,0.12770959799999998,0.13288879599999998,5,1.0,1.0,0.017075814
31,27,O1,0.122117768,0.000611428236606716,0.056371048,0.13236869,5,1.0,1.0,0.017075814
31,16,T4,0.12131961,0.0012003866639754084,0.01209327,0.133783822,5,1.0,1.0,0.017075814
31,17,CP3,0.12092733199999998,0.0007503980606118322,0.032848906,0.139821462,5,1.0,1.0,0.017075814
31,13,C3,0.11542235999999999,0.0008238761406000293,0.07400427400000001,0.118021306,5,1.0,1.0,0.017075814
31,18,CP4,0.11097285999999999,0.0009365851841130125,0.033433864,0.127477108,5,1.0,1.0,0.017075814
31,0,Fp1,0.10996647799999999,0.0008985489299253509,-0.095751208,0.12257768200000001,5,1.0,1.0,0.017075814
31,22,P3,0.108461314,0.00019316092676833094,0.108461314,0.117801436,5,1.0,1.0,0.017075814
31,2,Fz,0.10467281800000001,0.0010512899048644928,-0.098247486,0.117890228,5,1.0,1.0,0.017075814
31,24,T5,0.104159694,0.0024407795173632574,0.072988924,0.11362168399999999,5,1.0,1.0,0.017075814
31,23,P4,0.104017026,0.0011142618156564459,-0.09354617400000001,0.11655316,5,1.0,1.0,0.017075814
31,7,FCz,0.098404298,0.0007405950849620886,0.098404298,0.114250838,5,1.0,1.0,0.017075814
31,4,F4,0.098031234,0.0011370373652303568,0.013058987999999999,0.10799341199999998,5,1.0,1.0,0.017075814
31,10,FT7,0.091577956,0.0020392837235117616,-0.059240806,0.10448462200000001,5,1.0,1.0,0.017075814
31,20,TP8,0.089496446,0.0006116036111976488,-0.06075478199999999,0.109427414,5,1.0,1.0,0.017075814
31,3,F3,0.087988768,0.0012757780167881913,0.027790714,0.094480462,5,1.0,1.0,0.017075814
31,14,C4,0.085945474,0.00038346904337899505,-0.074743168,0.09612780000000001,5,1.0,1.0,0.017075814
31,19,TP7,0.084244078,0.0016500263687347497,-0.018271602,0.09410695799999999,5,1.0,1.0,0.017075814
31,5,F7,0.083553062,0.0009706958532259263,0.080529356,0.096852622,5,1.0,1.0,0.017075814
31,25,T6,0.080177554,0.0008657459350063338,-0.061786905999999996,0.091202802,5,1.0,1.0,0.017075814
31,11,FT8,0.07950030999999999,0.001365549536761666,-0.0034854819999999994,0.096711516,5,1.0,1.0,0.017075814
31,26,Oz,0.078669218,0.001127627718562292,0.043103353999999997,0.08108742399999999,5,1.0,1.0,0.017075814
31,6,F8,0.077355464,0.0006077009114934775,-0.029445270000000003,0.07831658799999999,5,1.0,1.0,0.017075814
31,12,Cz,0.076982678,0.00042447734164499364,0.074361884,0.091947212,5,1.0,1.0,0.017075814
31,1,Fp2,0.07697100999999999,0.0013640989722523802,0.06053534199999999,0.094293192,5,1.0,1.0,0.017075814
31,9,FC4,0.058059242,0.0007458762977330762,-0.058059242,0.076054608,5,1.0,1.0,0.017075814
31,8,FC3,0.03109634,0.000304502710414866,0.005670108,0.038753566,5,1.0,1.0,0.017075814
32,21,Pz,0.146939686,0.01378051318873974,0.0028306520000000003,0.14908285000000002,5,0.925,0.4,0.18955996599999997
32,28,O2,0.13965520800000003,0.009892212366789858,-0.012131951999999998,0.143331004,5,0.925,0.4,0.18955996599999997
32,15,T3,0.13792529199999998,0.025722352033022176,0.10528381199999999,0.14247897199999998,5,0.925,0.4,0.18955996599999997
32,27,O1,0.123527058,0.00317871121072205,0.054756969999999995,0.1355761,5,0.925,0.4,0.18955996599999997
32,18,CP4,0.12132074799999999,0.023228120528203958,0.043369058,0.13660576200000002,5,0.925,0.4,0.18955996599999997
32,17,CP3,0.11916426399999999,0.004397220734376425,0.026522592,0.13771837,5,0.925,0.4,0.18955996599999997
32,16,T4,0.118897634,0.007834444151714278,0.007935948,0.135276072,5,0.925,0.4,0.18955996599999997
32,24,T5,0.108026934,0.00703666103462999,0.068659594,0.12298875599999999,5,0.925,0.4,0.18955996599999997
32,22,P3,0.10780209999999998,0.000558692382129916,0.08317633199999999,0.11854566,5,0.925,0.4,0.18955996599999997
32,14,C4,0.104235492,0.04140791538188587,-0.078328106,0.114787292,5,0.925,0.4,0.18955996599999997
32,0,Fp1,0.10302580400000001,0.015442637036266832,-0.08951463600000001,0.11642017199999999,5,0.925,0.4,0.18955996599999997
32,23,P4,0.101507422,0.007113981141566931,-0.067475592,0.119760512,5,0.925,0.4,0.18955996599999997
32,13,C3,0.100608938,0.03255611553610351,0.051073722,0.10662363,5,0.925,0.4,0.18955996599999997
32,7,FCz,0.096729318,0.004930489963311959,0.091883122,0.111635658,5,0.925,0.4,0.18955996599999997
32,2,Fz,0.095526264,0.018672650344365417,-0.08704008199999999,0.110941352,5,0.925,0.4,0.18955996599999997
32,3,F3,0.09210073199999999,0.00982269739582107,0.036418478,0.099435808,5,0.925,0.4,0.18955996599999997
32,4,F4,0.08651353,0.02506001834531651,0.0016127520000000007,0.09699292600000001,5,0.925,0.4,0.18955996599999997
32,25,T6,0.08477849600000001,0.007889862678185852,-0.06976332199999999,0.095784472,5,0.925,0.4,0.18955996599999997
32,19,TP7,0.084746348,0.0011369352696262013,-0.008181126,0.09862369800000001,5,0.925,0.4,0.18955996599999997
32,12,Cz,0.084224046,0.01548072355562975,0.07598980600000001,0.100478702,5,0.925,0.4,0.18955996599999997
32,11,FT8,0.083511072,0.007228675480395423,-0.00248817,0.097109528,5,0.925,0.4,0.18955996599999997
32,5,F7,0.081122476,0.006392751855678434,0.073548268,0.093794172,5,0.925,0.4,0.18955996599999997
32,6,F8,0.081059598,0.007420351901848725,-0.027420124,0.084381374,5,0.925,0.4,0.18955996599999997
32,20,TP8,0.079074228,0.021763330757972685,-0.053286678,0.09621879600000001,5,0.925,0.4,0.18955996599999997
32,10,FT7,0.078848392,0.026294495607778256,-0.04074881,0.09167794,5,0.925,0.4,0.18955996599999997
32,1,Fp2,0.07494179399999999,0.00571170539194118,0.059645562,0.09321030999999999,5,0.925,0.4,0.18955996599999997
32,26,Oz,0.074435784,0.00740238673354277,0.039290668,0.081088316,5,0.925,0.4,0.18955996599999997
32,9,FC4,0.058902462,0.0025426151440042983,-0.049680814,0.07816542400000001,5,0.925,0.4,0.18955996599999997
32,8,FC3,0.050789348,0.04469180535448607,0.002777164,0.059736093999999997,5,0.925,0.4,0.18955996599999997
33,21,Pz,0.153530146,0.0009647405541543332,0.006732391999999999,0.15371323,5,1.0,1.0,0.007018862000000001
33,28,O2,0.14388218800000002,0.00026201440135992655,-0.023732054,0.146619284,5,1.0,1.0,0.007018862000000001
33,15,T3,0.12718801,0.0006293400513236076,0.12718801,0.132474234,5,1.0,1.0,0.007018862000000001
33,27,O1,0.12223494399999998,0.0001730021440040553,0.056549536,0.132608426,5,1.0,1.0,0.007018862000000001
33,16,T4,0.12210106400000001,0.00015405763281967,0.013271231999999999,0.134326926,5,1.0,1.0,0.007018862000000001
33,17,CP3,0.12088165399999999,0.0004532130120925472,0.033360646,0.139436454,5,1.0,1.0,0.007018862000000001
33,13,C3,0.11511872199999999,0.0001282616165109399,0.072620352,0.11740113199999999,5,1.0,1.0,0.007018862000000001
33,18,CP4,0.110942966,0.00015992719399776927,0.03494871200000001,0.12724123,5,1.0,1.0,0.007018862000000001
33,0,Fp1,0.109959856,0.00022106411802913197,-0.095671548,0.12264246999999999,5,1.0,1.0,0.007018862000000001
33,22,P3,0.10833948,0.0004437843029558366,0.10833948,0.117397148,5,1.0,1.0,0.007018862000000001
33,24,T5,0.10509222,0.00012100425901595312,0.073433984,0.11462276,5,1.0,1.0,0.007018862000000001
33,23,P4,0.10488043,0.00018008005955685353,-0.09329510199999999,0.11699685200000001,5,1.0,1.0,0.007018862000000001
33,2,Fz,0.10377496,0.0002251316955695011,-0.098013162,0.117149494,5,1.0,1.0,0.007018862000000001
33,7,FCz,0.099105396,0.00042432539221686866,0.099105396,0.11443777,5,1.0,1.0,0.007018862000000001
33,4,F4,0.09751839,0.00020325227009802222,0.012236536000000001,0.10790772200000001,5,1.0,1.0,0.007018862000000001
33,10,FT7,0.090115734,0.0006302390840228827,-0.058130112,0.10393444,5,1.0,1.0,0.007018862000000001
33,20,TP8,0.088734822,0.0007901534266647214,-0.059300564,0.107972712,5,1.0,1.0,0.007018862000000001
33,3,F3,0.087388796,0.00044791690778536606,0.027623061999999997,0.09407760400000001,5,1.0,1.0,0.007018862000000001
33,14,C4,0.085947956,0.00021174081958847123,-0.07521481,0.096325744,5,1.0,1.0,0.007018862000000001
33,19,TP7,0.08413198200000001,0.00040173014688967007,-0.018449448,0.09407926,5,1.0,1.0,0.007018862000000001
33,5,F7,0.084003088,0.000421621386815231,0.08151733,0.09764115,5,1.0,1.0,0.007018862000000001
33,25,T6,0.08087497,0.0001767783466661013,-0.062520562,0.092122412,5,1.0,1.0,0.007018862000000001
33,11,FT8,0.080397212,0.0003800965375664458,-0.004009802,0.097316106,5,1.0,1.0,0.007018862000000001
33,6,F8,0.077597258,0.00014435063602215035,-0.029652533999999998,0.078496996,5,1.0,1.0,0.007018862000000001
33,26,Oz,0.07736583999999999,0.0001855964223793162,0.042228924,0.07987015,5,1.0,1.0,0.007018862000000001
33,12,Cz,0.07723288,0.0001763992949249009,0.075761908,0.092708318,5,1.0,1.0,0.007018862000000001
33,1,Fp2,0.07720853800000001,0.0006511414002887511,0.060968197999999994,0.09485084,5,1.0,1.0,0.007018862000000001
33,9,FC4,0.058154242,0.00026662344930632116,-0.058154242,0.076605016,5,1.0,1.0,0.007018862000000001
33,8,FC3,0.030839076,0.0003815077432765939,0.005922562,0.037380414,5,1.0,1.0,0.007018862000000001
34,28,O2,0.160970652,0.02609814671889022,0.088901064,0.183347976,5,0.65,0.0,0.86668935
34,17,CP3,0.153363162,0.036687170650862,-0.002953430000000001,0.177133342,5,0.65,0.0,0.86668935
34,23,P4,0.132402082,0.027320044102467522,-0.128053042,0.150560198,5,0.65,0.0,0.86668935
34,7,FCz,0.12589883,0.06935338885961342,0.08645313800000001,0.143450866,5,0.65,0.0,0.86668935
34,16,T4,0.12530879,0.0253184849671411,0.03805746,0.144735586,5,0.65,0.0,0.86668935
34,27,O1,0.122828168,0.03392931423857429,0.04936528799999999,0.142292854,5,0.65,0.0,0.86668935
34,18,CP4,0.12037521799999999,0.03697789005865762,-0.029829417999999996,0.134505836,5,0.65,0.0,0.86668935
34,15,T3,0.11751398599999999,0.01715161502617406,0.09450087199999999,0.14333688,5,0.65,0.0,0.86668935
34,10,FT7,0.114881576,0.04000103197837313,-0.038575784,0.13289338,5,0.65,0.0,0.86668935
34,2,Fz,0.10935559399999999,0.021749742623808903,-0.098380816,0.123557844,5,0.65,0.0,0.86668935
34,20,TP8,0.097509396,0.03553173521977262,-0.06546708,0.123032094,5,0.65,0.0,0.86668935
34,4,F4,0.096011786,0.04381153678886624,-0.05650134,0.110686888,5,0.65,0.0,0.86668935
34,3,F3,0.09224711999999999,0.01477440367981564,0.03650258,0.10667301600000001,5,0.65,0.0,0.86668935
34,13,C3,0.08794028400000001,0.03490687283114072,-0.0025354559999999997,0.10439127799999999,5,0.65,0.0,0.86668935
34,12,Cz,0.085986814,0.015694990468898988,0.059355135999999996,0.10680084999999999,5,0.65,0.0,0.86668935
34,21,Pz,0.083868788,0.019833185630676434,0.028376784,0.091361784,5,0.65,0.0,0.86668935
34,25,T6,0.08178178,0.046936356973279254,-0.033394466,0.09047271999999999,5,0.65,0.0,0.86668935
34,11,FT8,0.07979866799999999,0.040954331316928126,0.042878744,0.088314274,5,0.65,0.0,0.86668935
34,6,F8,0.079634016,0.021363339526533066,-0.032513116,0.09875529,5,0.65,0.0,0.86668935
34,24,T5,0.07822969399999999,0.025324565013967758,-0.006854975999999999,0.095788798,5,0.65,0.0,0.86668935
34,14,C4,0.07618130199999999,0.034322415725738485,0.025117908,0.084688138,5,0.65,0.0,0.86668935
34,19,TP7,0.070081962,0.01466564010795028,-0.010394984,0.07873706,5,0.65,0.0,0.86668935
34,5,F7,0.066416292,0.014837986918484593,0.04838768,0.073305222,5,0.65,0.0,0.86668935
34,8,FC3,0.066147312,0.024467619233451587,-0.036510348,0.082919972,5,0.65,0.0,0.86668935
34,22,P3,0.065932112,0.006320198974147884,0.008586717999999998,0.076141694,5,0.65,0.0,0.86668935
34,0,Fp1,0.065560314,0.014971436170475767,-0.03660388,0.084520498,5,0.65,0.0,0.86668935
34,26,Oz,0.061464116,0.01563661497728905,0.026933466,0.072142436,5,0.65,0.0,0.86668935
34,9,FC4,0.05796578,0.018556480850682597,0.021799876000000003,0.06947082600000001,5,0.65,0.0,0.86668935
34,1,Fp2,0.040607812,0.01421193606143688,0.016759753999999998,0.05215999600000001,5,0.65,0.0,0.86668935
35,26,Oz,0.159333342,0.04523294873360315,0.09873681000000001,0.173570446,5,0.675,0.0,0.667994034
35,22,P3,0.136013872,0.016727770768102068,0.132549152,0.156694184,5,0.675,0.0,0.667994034
35,18,CP4,0.135033424,0.022769430611165497,0.07552372,0.156550034,5,0.675,0.0,0.667994034
35,21,Pz,0.133349244,0.017019522307368973,-0.07109627,0.15115639,5,0.675,0.0,0.667994034
35,16,T4,0.124842372,0.04302901154444428,0.014004150000000002,0.141369758,5,0.675,0.0,0.667994034
35,15,T3,0.11669097000000002,0.034301675522594374,0.116463506,0.13102307200000002,5,0.675,0.0,0.667994034
35,4,F4,0.113282878,0.03030292541575269,0.07115536,0.121597,5,0.675,0.0,0.667994034
35,2,Fz,0.113159762,0.025082898679353628,-0.09587211799999999,0.12672249600000002,5,0.675,0.0,0.667994034
35,19,TP7,0.104894698,0.038207313918818875,-0.018627674,0.115944668,5,0.675,0.0,0.667994034
35,11,FT8,0.09799735600000001,0.017603076747216093,0.021255502000000003,0.108005214,5,0.675,0.0,0.667994034
35,10,FT7,0.09727425,0.03816820252185122,-0.01580239,0.10428050600000001,5,0.675,0.0,0.667994034
35,23,P4,0.09213818,0.01736660556875321,-0.011602766,0.101802412,5,0.675,0.0,0.667994034
35,27,O1,0.09001318,0.0240222098489169,0.032824668,0.111176112,5,0.675,0.0,0.667994034
35,25,T6,0.08943743600000001,0.00907802439465107,-0.061555156,0.10469131599999999,5,0.675,0.0,0.667994034
35,7,FCz,0.08805294999999999,0.0079354302433485,0.075493106,0.094904944,5,0.675,0.0,0.667994034
35,17,CP3,0.08548774,0.016684469146685487,-0.003799837999999999,0.097172708,5,0.675,0.0,0.667994034
35,3,F3,0.085273474,0.018835319613730476,0.002629828000000002,0.100728928,5,0.675,0.0,0.667994034
35,13,C3,0.082764344,0.013420801836165754,0.045170462,0.09415451999999999,5,0.675,0.0,0.667994034
35,14,C4,0.08224493399999999,0.008328441117672019,-0.064118284,0.092634778,5,0.675,0.0,0.667994034
35,0,Fp1,0.08160028999999999,0.022361869704270034,-0.061571589999999995,0.107515782,5,0.675,0.0,0.667994034
35,28,O2,0.080736292,0.025231555756175042,-0.011855088,0.09176436,5,0.675,0.0,0.667994034
35,24,T5,0.077714374,0.029613430689079744,0.0076384140000000005,0.09256089199999999,5,0.675,0.0,0.667994034
35,6,F8,0.06883220599999999,0.0054700377727653765,0.016526357999999998,0.088236274,5,0.675,0.0,0.667994034
35,8,FC3,0.066103052,0.03229105799102702,0.0032445239999999973,0.075099172,5,0.675,0.0,0.667994034
35,9,FC4,0.06490684399999999,0.012976454547222436,-0.025452746000000005,0.072967998,5,0.675,0.0,0.667994034
35,20,TP8,0.06329193,0.010230768319632695,-0.039609293999999996,0.071103944,5,0.675,0.0,0.667994034
35,12,Cz,0.06134506399999999,0.009675308183292146,0.009273067999999999,0.070731864,5,0.675,0.0,0.667994034
35,5,F7,0.060755426,0.024185392337286574,0.053052086,0.078704748,5,0.675,0.0,0.667994034
35,1,Fp2,0.052656726,0.023629474543637865,0.021617485999999998,0.06338816,5,0.675,0.0,0.667994034
36,21,Pz,0.153114018,0.0001676596417448212,0.006608446,0.15329347399999999,5,1.0,1.0,0.005916177999999999
36,28,O2,0.143895744,0.0002972766023083612,-0.023365242,0.146600768,5,1.0,1.0,0.005916177999999999
36,15,T3,0.12698116399999998,0.0004251914710221797,0.12698116399999998,0.13222033,5,1.0,1.0,0.005916177999999999
36,27,O1,0.12220963199999998,0.0003317419214087958,0.056187164,0.132447454,5,1.0,1.0,0.005916177999999999
36,16,T4,0.12209447,0.00041811465000642534,0.013514097999999999,0.134475906,5,1.0,1.0,0.005916177999999999
36,17,CP3,0.12110027000000001,0.00031276082083598895,0.03277503,0.13952636599999999,5,1.0,1.0,0.005916177999999999
36,13,C3,0.115851368,0.0002694361291104105,0.072800092,0.11802742399999999,5,1.0,1.0,0.005916177999999999
36,18,CP4,0.110461128,0.0002503339572850596,0.034286706,0.127101096,5,1.0,1.0,0.005916177999999999
36,0,Fp1,0.110082006,0.00028546893496490344,-0.095916442,0.122779036,5,1.0,1.0,0.005916177999999999
36,22,P3,0.10830203199999999,0.0001324537650276532,0.10830203199999999,0.11742175000000002,5,1.0,1.0,0.005916177999999999
36,24,T5,0.10485936,0.0001421192627689886,0.073488396,0.114437834,5,1.0,1.0,0.005916177999999999
36,23,P4,0.104596336,0.00040303301040982173,-0.09303373399999999,0.116687684,5,1.0,1.0,0.005916177999999999
36,2,Fz,0.10365877999999999,0.00032512683117515324,-0.098338444,0.117232016,5,1.0,1.0,0.005916177999999999
36,7,FCz,0.098871484,0.00010828131916448322,0.098871484,0.11437919599999999,5,1.0,1.0,0.005916177999999999
36,4,F4,0.097682612,0.00022318876958753777,0.012300036,0.108081676,5,1.0,1.0,0.005916177999999999
36,10,FT7,0.09036688,0.00020398183877492752,-0.058523226,0.10401483,5,1.0,1.0,0.005916177999999999
36,20,TP8,0.08868042200000001,0.0006249441172376972,-0.059460639999999995,0.107997666,5,1.0,1.0,0.005916177999999999
36,3,F3,0.08787164,0.00022307158111242687,0.027423126,0.094649684,5,1.0,1.0,0.005916177999999999
36,14,C4,0.08573818600000001,0.00035843390301420726,-0.075180078,0.096201722,5,1.0,1.0,0.005916177999999999
36,19,TP7,0.084330086,0.00013918906505182088,-0.018829681999999997,0.09417089,5,1.0,1.0,0.005916177999999999
36,5,F7,0.084060922,0.00011516402550276084,0.081848322,0.097823278,5,1.0,1.0,0.005916177999999999
36,25,T6,0.08130446,0.0002820697627360994,-0.062195193999999995,0.09245205599999999,5,1.0,1.0,0.005916177999999999
36,11,FT8,0.080243858,0.00013947350508250516,-0.003592736,0.097270086,5,1.0,1.0,0.005916177999999999
36,26,Oz,0.07769453400000001,0.00024177723834141777,0.042332172,0.080029294,5,1.0,1.0,0.005916177999999999
36,1,Fp2,0.07764243200000001,0.00037062938532987275,0.06138534799999999,0.095249204,5,1.0,1.0,0.005916177999999999
36,6,F8,0.077434092,0.000332490595310603,-0.029479371999999997,0.078383618,5,1.0,1.0,0.005916177999999999
36,12,Cz,0.07715417999999999,0.00022254855739815534,0.075436314,0.09250989000000001,5,1.0,1.0,0.005916177999999999
36,9,FC4,0.057840214,0.0004836693172819642,-0.057840214,0.076316752,5,1.0,1.0,0.005916177999999999
36,8,FC3,0.030580491999999997,0.00024296871489967568,0.005769222,0.037317802,5,1.0,1.0,0.005916177999999999
37,28,O2,0.15904546,0.018965701434879762,0.013235710000000001,0.161809578,5,0.7,0.2,0.33544169
37,15,T3,0.147978546,0.02293585163524738,0.147978546,0.151990998,5,0.7,0.2,0.33544169
37,21,Pz,0.141321116,0.013775313989248302,0.0038035939999999996,0.144274704,5,0.7,0.2,0.33544169
37,7,FCz,0.12954599,0.03692898516229089,0.10648861000000001,0.14599162999999998,5,0.7,0.2,0.33544169
37,16,T4,0.11762851999999999,0.016572682567736283,0.041515108,0.132298376,5,0.7,0.2,0.33544169
37,17,CP3,0.115975468,0.015789678146221668,0.011032268000000001,0.13526417,5,0.7,0.2,0.33544169
37,2,Fz,0.114807776,0.011138656467235174,-0.096953698,0.131506992,5,0.7,0.2,0.33544169
37,18,CP4,0.111328278,0.00892671127283559,0.059957972000000005,0.126621314,5,0.7,0.2,0.33544169
37,0,Fp1,0.109257126,0.012114608821772992,-0.101124922,0.122664612,5,0.7,0.2,0.33544169
37,4,F4,0.10880549799999999,0.020389836965126036,-0.007482816000000001,0.131556294,5,0.7,0.2,0.33544169
37,27,O1,0.10746199999999999,0.016273908842374035,0.0402063,0.118460914,5,0.7,0.2,0.33544169
37,13,C3,0.105619518,0.015293220039498555,0.081859964,0.121434018,5,0.7,0.2,0.33544169
37,24,T5,0.103514686,0.014759484979223704,0.056747096,0.117132086,5,0.7,0.2,0.33544169
37,6,F8,0.09954625199999999,0.02232319028236712,-0.050495788,0.10168696400000002,5,0.7,0.2,0.33544169
37,22,P3,0.09610312800000001,0.03424165284747832,0.09610312800000001,0.10811805199999999,5,0.7,0.2,0.33544169
37,3,F3,0.091298486,0.021663727890463124,0.028260788,0.099273958,5,0.7,0.2,0.33544169
37,5,F7,0.086125106,0.015214740674959924,0.08069704800000001,0.10266685,5,0.7,0.2,0.33544169
37,23,P4,0.085596102,0.01387705078910934,-0.067919616,0.093507018,5,0.7,0.2,0.33544169
37,20,TP8,0.08495041,0.019255676765150314,-0.04795286,0.097507156,5,0.7,0.2,0.33544169
37,11,FT8,0.084187298,0.0214964172200967,0.020832584,0.098675046,5,0.7,0.2,0.33544169
37,19,TP7,0.08345429600000001,0.020601357372322097,0.0020407440000000006,0.097817824,5,0.7,0.2,0.33544169
37,10,FT7,0.078363454,0.01707620263775527,-0.035329952,0.09556500400000001,5,0.7,0.2,0.33544169
37,14,C4,0.075961018,0.009388624877971744,-0.067740246,0.08502082,5,0.7,0.2,0.33544169
37,26,Oz,0.07340245199999999,0.010386532812515925,0.03300758,0.07709919800000001,5,0.7,0.2,0.33544169
37,1,Fp2,0.07036067,0.009495058274794839,0.032801666,0.082327264,5,0.7,0.2,0.33544169
37,12,Cz,0.065932592,0.008089426596834289,0.039095572,0.07803792200000001,5,0.7,0.2,0.33544169
37,25,T6,0.06590693,0.013845241253362107,-0.03301019,0.074861674,5,0.7,0.2,0.33544169
37,9,FC4,0.056461187999999995,0.017353101783749495,-0.05211330599999999,0.069398708,5,0.7,0.2,0.33544169
37,8,FC3,0.039981742,0.011105499293389288,-0.0012991360000000006,0.045587341999999996,5,0.7,0.2,0.33544169
38,21,Pz,0.13668097399999998,0.039597923463090594,-0.0016842800000000002,0.14530194999999999,5,0.6,0.0,0.52605229
38,23,P4,0.135035226,0.05782153574168434,-0.127729042,0.153924492,5,0.6,0.0,0.52605229
38,17,CP3,0.130506546,0.018342723072885876,-0.011355726,0.14812892400000002,5,0.6,0.0,0.52605229
38,22,P3,0.12544276999999998,0.01602604217814086,0.12363288400000001,0.13934165,5,0.6,0.0,0.52605229
38,16,T4,0.119328236,0.007455945211244512,0.042094154,0.13470586,5,0.6,0.0,0.52605229
38,2,Fz,0.1150609,0.018446140638521107,-0.110060028,0.140546946,5,0.6,0.0,0.52605229
38,28,O2,0.111296226,0.03203752687992052,-0.033055708,0.126288262,5,0.6,0.0,0.52605229
38,20,TP8,0.106685418,0.02842524021942945,-0.046272485999999995,0.11765915599999999,5,0.6,0.0,0.52605229
38,0,Fp1,0.10582704999999999,0.03902525777112049,-0.10520958799999999,0.12322962600000001,5,0.6,0.0,0.52605229
38,15,T3,0.10300134000000001,0.01849347369206634,0.094256052,0.12207972199999999,5,0.6,0.0,0.52605229
38,26,Oz,0.09998850000000001,0.020320247304164388,0.08608377,0.113941826,5,0.6,0.0,0.52605229
38,18,CP4,0.09924227399999999,0.024242315883099528,0.035339662,0.11369404599999999,5,0.6,0.0,0.52605229
38,11,FT8,0.096739608,0.006199171920552779,0.0011053340000000008,0.111089002,5,0.6,0.0,0.52605229
38,14,C4,0.096723506,0.035444347973742296,-0.04331404,0.11333721599999999,5,0.6,0.0,0.52605229
38,7,FCz,0.09450755,0.01616201675489634,0.09103618799999999,0.11609826000000001,5,0.6,0.0,0.52605229
38,27,O1,0.091881492,0.021781927803604068,0.019467034,0.099420658,5,0.6,0.0,0.52605229
38,3,F3,0.091691166,0.008644578361061342,0.004965004,0.11570887199999999,5,0.6,0.0,0.52605229
38,5,F7,0.08646680799999999,0.012092689106855842,0.082301934,0.10436928999999999,5,0.6,0.0,0.52605229
38,4,F4,0.084930808,0.023912785607640322,0.051734234000000004,0.09243051599999999,5,0.6,0.0,0.52605229
38,13,C3,0.083299762,0.013126802195425209,0.03069421,0.08679926,5,0.6,0.0,0.52605229
38,24,T5,0.081743602,0.025780052110691516,0.062991164,0.09743272,5,0.6,0.0,0.52605229
38,9,FC4,0.076046654,0.009986837575195162,-0.028679255999999997,0.101411428,5,0.6,0.0,0.52605229
38,19,TP7,0.071456128,0.017747422379098324,-0.038926874,0.085670694,5,0.6,0.0,0.52605229
38,12,Cz,0.059841712000000005,0.02190474917435532,0.052010636,0.067476142,5,0.6,0.0,0.52605229
38,1,Fp2,0.0586783,0.01057389476501445,0.039758016,0.07496168,5,0.6,0.0,0.52605229
38,6,F8,0.057349505999999995,0.020798701670047336,-0.014707302,0.064917478,5,0.6,0.0,0.52605229
38,10,FT7,0.053176060000000004,0.015321100201044638,-0.038366794,0.066588824,5,0.6,0.0,0.52605229
38,8,FC3,0.048446074,0.007892642421197096,-0.006054664,0.056231222000000004,5,0.6,0.0,0.52605229
38,25,T6,0.04640396,0.00790025206584575,-0.023535478,0.062521774,5,0.6,0.0,0.52605229
39,21,Pz,0.14804879799999998,0.011579537900716075,0.0026738680000000003,0.148646806,5,0.875,0.6,0.088408666
39,28,O2,0.13644914400000002,0.017060929463996982,-0.02461295,0.14028117,5,0.875,0.6,0.088408666
39,15,T3,0.13020922,0.007911581992493666,0.13020922,0.13634084200000002,5,0.875,0.6,0.088408666
39,17,CP3,0.127763834,0.015408290550488719,0.030361858,0.14409885,5,0.875,0.6,0.088408666
39,27,O1,0.118103844,0.008825407460949323,0.05278527399999999,0.128537056,5,0.875,0.6,0.088408666
39,16,T4,0.117541322,0.010585535798324993,0.015571154,0.131109614,5,0.875,0.6,0.088408666
39,0,Fp1,0.11471094,0.01026947905597698,-0.103446514,0.126483216,5,0.875,0.6,0.088408666
39,23,P4,0.11363993800000001,0.019876776782228035,-0.098318706,0.12506762600000002,5,0.875,0.6,0.088408666
39,18,CP4,0.1107421,0.0005771146990417109,0.038814813999999996,0.12705919999999998,5,0.875,0.6,0.088408666
39,2,Fz,0.10887227,0.011032532263326941,-0.098623904,0.12273276,5,0.875,0.6,0.088408666
39,13,C3,0.10720000599999999,0.017819092871590853,0.07312846,0.11219683,5,0.875,0.6,0.088408666
39,22,P3,0.104219032,0.008808360636183676,0.103600476,0.11514394800000001,5,0.875,0.6,0.088408666
39,24,T5,0.10285272000000001,0.004954777580396517,0.06690278000000001,0.11106616799999999,5,0.875,0.6,0.088408666
39,7,FCz,0.10031482600000001,0.002957592188162518,0.10031482600000001,0.11542018999999999,5,0.875,0.6,0.088408666
39,4,F4,0.098506444,0.0023193269486275537,0.01274053,0.10930512,5,0.875,0.6,0.088408666
39,20,TP8,0.09404523000000001,0.011295979095507837,-0.057156944,0.111555362,5,0.875,0.6,0.088408666
39,10,FT7,0.093222004,0.006268445211520159,-0.051580720000000004,0.10582852400000001,5,0.875,0.6,0.088408666
39,5,F7,0.087804608,0.008131629527657423,0.08315947800000001,0.10234908000000001,5,0.875,0.6,0.088408666
39,14,C4,0.08595803399999999,0.0013809162011070794,-0.067693206,0.09661872,5,0.875,0.6,0.088408666
39,3,F3,0.08555512000000001,0.004117576483995168,0.022227728,0.094486222,5,0.875,0.6,0.088408666
39,25,T6,0.083832814,0.006196993651867009,-0.059404002,0.09542674,5,0.875,0.6,0.088408666
39,19,TP7,0.08365316,0.002023033419892022,-0.019969432000000002,0.09244762,5,0.875,0.6,0.088408666
39,11,FT8,0.08000242199999999,0.0005010829276377277,0.0003622339999999999,0.097690616,5,0.875,0.6,0.088408666
39,12,Cz,0.07893361400000001,0.003929393763251527,0.07556850400000001,0.09408661,5,0.875,0.6,0.088408666
39,26,Oz,0.078145696,0.0014693330620489011,0.047318078,0.083920606,5,0.875,0.6,0.088408666
39,1,Fp2,0.077866002,0.0009758465696358224,0.056845365999999994,0.094732654,5,0.875,0.6,0.088408666
39,6,F8,0.07385350399999999,0.008136075326450708,-0.025187539999999998,0.07501065,5,0.875,0.6,0.088408666
39,9,FC4,0.051039365999999996,0.015323371143238361,-0.049843514,0.067915718,5,0.875,0.6,0.088408666
39,8,FC3,0.035482896,0.00963045904790265,-0.0006952139999999998,0.042551066,5,0.875,0.6,0.088408666
4,28,O2,0.152438738,0.023061645230154762,-0.027138252,0.159010566,5,0.8,0.4,0.3708517
4,21,Pz,0.132744306,0.0308683409698526,0.002025466,0.138670782,5,0.8,0.4,0.3708517
4,17,CP3,0.126733656,0.019795659103032655,0.04096256,0.148769458,5,0.8,0.4,0.3708517
4,2,Fz,0.12260185800000001,0.042134199487401804,-0.086126824,0.131902446,5,0.8,0.4,0.3708517
4,16,T4,0.122138878,0.024235029706341813,0.03623599,0.135280922,5,0.8,0.4,0.3708517
4,13,C3,0.117679126,0.009844780157369185,0.084859168,0.134146974,5,0.8,0.4,0.3708517
4,4,F4,0.11471737800000001,0.027218830585215636,0.035265256,0.13240270599999998,5,0.8,0.4,0.3708517
4,15,T3,0.112951036,0.02607538044549168,0.096754272,0.119843026,5,0.8,0.4,0.3708517
4,22,P3,0.110230088,0.022600501050595537,0.110230088,0.12180454599999999,5,0.8,0.4,0.3708517
4,18,CP4,0.10306827599999999,0.01619594223254486,0.019782708000000003,0.120395858,5,0.8,0.4,0.3708517
4,23,P4,0.10208941600000002,0.011410604870112273,-0.09446656,0.118724092,5,0.8,0.4,0.3708517
4,27,O1,0.10207738,0.02053570210405405,0.018898015999999997,0.11642049399999999,5,0.8,0.4,0.3708517
4,20,TP8,0.09962095200000001,0.016021190669170633,-0.073641246,0.123995722,5,0.8,0.4,0.3708517
4,7,FCz,0.099540748,0.012472821711323781,0.09726277,0.118496754,5,0.8,0.4,0.3708517
4,0,Fp1,0.09663247999999999,0.017207390185272144,-0.072563592,0.10547429999999999,5,0.8,0.4,0.3708517
4,14,C4,0.09341997199999999,0.02676822353896818,-0.077058562,0.107355008,5,0.8,0.4,0.3708517
4,25,T6,0.090430104,0.010175766044634188,-0.011572991999999999,0.10494445999999999,5,0.8,0.4,0.3708517
4,26,Oz,0.08839886999999999,0.01904257242594603,0.06294349,0.09544532800000001,5,0.8,0.4,0.3708517
4,24,T5,0.08701466199999999,0.019677180756814988,0.062145614,0.096627786,5,0.8,0.4,0.3708517
4,10,FT7,0.08409999,0.012422533205556347,-0.051258234,0.09564414800000001,5,0.8,0.4,0.3708517
4,11,FT8,0.083475562,0.005773659629422221,0.010381818,0.09710970199999999,5,0.8,0.4,0.3708517
4,3,F3,0.082763198,0.01366818782200552,0.037715936,0.09104691200000001,5,0.8,0.4,0.3708517
4,19,TP7,0.080938028,0.014262620554984624,-0.022856208,0.090123552,5,0.8,0.4,0.3708517
4,5,F7,0.07917201199999999,0.0107238702026703,0.06534227000000001,0.094846842,5,0.8,0.4,0.3708517
4,9,FC4,0.077806906,0.037993066375468176,-0.07002167200000001,0.096335446,5,0.8,0.4,0.3708517
4,12,Cz,0.07631326599999999,0.0037640616077755694,0.07448067,0.090700734,5,0.8,0.4,0.3708517
4,1,Fp2,0.07074789000000001,0.0278560163272012,0.038831265999999996,0.087959018,5,0.8,0.4,0.3708517
4,6,F8,0.05426474,0.021688936494905647,0.0009365580000000005,0.058311702,5,0.8,0.4,0.3708517
4,8,FC3,0.052623816000000004,0.021284786902807603,-0.015874232,0.066833848,5,0.8,0.4,0.3708517
40,21,Pz,0.133920372,0.026891999738691247,0.012595018,0.136416122,5,0.8,0.4,0.274981292
40,28,O2,0.132839244,0.01697496377511245,-0.048314202,0.144781824,5,0.8,0.4,0.274981292
40,15,T3,0.130319728,0.006542587538758645,0.130319728,0.141794316,5,0.8,0.4,0.274981292
40,17,CP3,0.125449628,0.0077220783633565855,0.02879215,0.153429896,5,0.8,0.4,0.274981292
40,18,CP4,0.12361118,0.016162001580268454,0.071943574,0.144707348,5,0.8,0.4,0.274981292
40,3,F3,0.12050544,0.051332123833252315,0.069700452,0.12694886,5,0.8,0.4,0.274981292
40,16,T4,0.11924241399999999,0.004812472705297137,-0.012691725999999997,0.13435780000000003,5,0.8,0.4,0.274981292
40,22,P3,0.11682218800000002,0.01166747060031308,0.11682218800000002,0.130133276,5,0.8,0.4,0.274981292
40,2,Fz,0.10961759600000001,0.00834796516479495,-0.098584744,0.124097824,5,0.8,0.4,0.274981292
40,0,Fp1,0.108067002,0.008794229179571112,-0.10001927399999999,0.12371805,5,0.8,0.4,0.274981292
40,13,C3,0.107409216,0.018042545868222976,0.061110056,0.11555052800000001,5,0.8,0.4,0.274981292
40,27,O1,0.105664706,0.036134034104249695,0.034117078,0.118432668,5,0.8,0.4,0.274981292
40,20,TP8,0.093647682,0.01170758379819124,-0.06741016600000001,0.11254468800000002,5,0.8,0.4,0.274981292
40,7,FCz,0.092259436,0.010473186490592536,0.09209689400000001,0.107825682,5,0.8,0.4,0.274981292
40,26,Oz,0.09057321,0.022259359786978385,0.048731342,0.093285104,5,0.8,0.4,0.274981292
40,25,T6,0.089896854,0.019227799964416887,-0.036187796,0.10225655200000001,5,0.8,0.4,0.274981292
40,4,F4,0.089807454,0.011982083157315762,0.016712356,0.0998005,5,0.8,0.4,0.274981292
40,5,F7,0.088741088,0.019881641746086264,0.087141454,0.102380314,5,0.8,0.4,0.274981292
40,24,T5,0.08688230799999999,0.02677421062488155,0.041802578,0.094794502,5,0.8,0.4,0.274981292
40,23,P4,0.083251576,0.02785175644786752,-0.069217524,0.094302004,5,0.8,0.4,0.274981292
40,11,FT8,0.082955232,0.01261106984028992,-0.004325202000000001,0.097037614,5,0.8,0.4,0.274981292
40,10,FT7,0.082806214,0.00947889385734327,-0.049926166,0.098746334,5,0.8,0.4,0.274981292
40,1,Fp2,0.081864512,0.0067951745677922075,0.06523123,0.100981676,5,0.8,0.4,0.274981292
40,19,TP7,0.08157037,0.005240255679730714,-0.012621077999999999,0.090644984,5,0.8,0.4,0.274981292
40,14,C4,0.07684182799999999,0.012373833268133605,-0.070380658,0.088583008,5,0.8,0.4,0.274981292
40,6,F8,0.07465476600000001,0.0058060812820163,-0.018988522,0.077838352,5,0.8,0.4,0.274981292
40,12,Cz,0.07375066999999999,0.007780923747653617,0.060098774,0.08629588,5,0.8,0.4,0.274981292
40,9,FC4,0.063939766,0.027425540153861692,-0.055739356,0.08092075600000001,5,0.8,0.4,0.274981292
40,8,FC3,0.028526182,0.005110013488873587,-0.0011848700000000002,0.03361138,5,0.8,0.4,0.274981292
41,21,Pz,0.149842262,0.003954236100496524,0.006439947999999999,0.150688332,5,0.875,0.6,0.096520382
41,28,O2,0.14869559000000002,0.005354307716399954,-0.020289205999999997,0.15184044000000002,5,0.875,0.6,0.096520382
41,15,T3,0.131239938,0.011052619441015777,0.131239938,0.136743924,5,0.875,0.6,0.096520382
41,17,CP3,0.124550308,0.004714201249450429,0.03649102,0.141290292,5,0.875,0.6,0.096520382
41,27,O1,0.122043714,0.0015105563620169868,0.063877162,0.1330968,5,0.875,0.6,0.096520382
41,13,C3,0.118862446,0.0042275637853946045,0.079477492,0.12315175199999999,5,0.875,0.6,0.096520382
41,16,T4,0.11746580799999999,0.0066037487733082295,0.014720136,0.13091535599999998,5,0.875,0.6,0.096520382
41,22,P3,0.10958947399999999,0.00764000993011659,0.10958947399999999,0.12153739999999999,5,0.875,0.6,0.096520382
41,18,CP4,0.10935998,0.006682015512287441,0.028610576,0.13007938000000002,5,0.875,0.6,0.096520382
41,2,Fz,0.104591306,0.0028362388959641584,-0.08977657,0.11420630000000001,5,0.875,0.6,0.096520382
41,0,Fp1,0.10398455399999999,0.00764586178139064,-0.08819687400000001,0.11478489,5,0.875,0.6,0.096520382
41,24,T5,0.10306395400000001,0.003957831966270165,0.071708712,0.112394854,5,0.875,0.6,0.096520382
41,7,FCz,0.102870086,0.0055284280704039224,0.10184515000000001,0.116402062,5,0.875,0.6,0.096520382
41,23,P4,0.10273055,0.005623891035804301,-0.089094354,0.113213272,5,0.875,0.6,0.096520382
41,20,TP8,0.093617332,0.005098028104602793,-0.0610496,0.113704418,5,0.875,0.6,0.096520382
41,4,F4,0.092755052,0.008402877531326399,0.0034650879999999994,0.107198826,5,0.875,0.6,0.096520382
41,10,FT7,0.087743566,0.00864079183148917,-0.062502366,0.102665056,5,0.875,0.6,0.096520382
41,11,FT8,0.087099052,0.010832911878113388,-0.015909319999999998,0.10341327200000001,5,0.875,0.6,0.096520382
41,3,F3,0.086878972,0.0051093325735579245,0.032492898000000006,0.09178196599999999,5,0.875,0.6,0.096520382
41,1,Fp2,0.08419465400000001,0.0074710266229066485,0.05859546,0.10096959800000001,5,0.875,0.6,0.096520382
41,25,T6,0.081994834,0.003798899164472524,-0.063997212,0.094043136,5,0.875,0.6,0.096520382
41,14,C4,0.08193586,0.007102386894653799,-0.065972838,0.090955682,5,0.875,0.6,0.096520382
41,12,Cz,0.081648606,0.010338720535795522,0.079709614,0.095408296,5,0.875,0.6,0.096520382
41,26,Oz,0.081136584,0.006017342820371797,0.03859242,0.08469095600000001,5,0.875,0.6,0.096520382
41,19,TP7,0.079990986,0.007149315445378668,-0.0280895,0.093199166,5,0.875,0.6,0.096520382
41,6,F8,0.07918236199999999,0.00989891850594649,-0.031574002000000004,0.080575036,5,0.875,0.6,0.096520382
41,5,F7,0.07764987599999999,0.008913512550127473,0.068778148,0.087801876,5,0.875,0.6,0.096520382
41,9,FC4,0.06007214400000001,0.0035117206091999924,-0.06007214400000001,0.075957528,5,0.875,0.6,0.096520382
41,8,FC3,0.034082632,0.004578591099390727,0.012036285999999998,0.040307232,5,0.875,0.6,0.096520382
42,21,Pz,0.150600156,0.017065376076226095,0.0062266299999999995,0.151458314,5,0.775,0.2,0.136311358
42,28,O2,0.143417474,0.0025204102032466737,-0.023425282,0.14809310199999998,5,0.775,0.2,0.136311358
42,17,CP3,0.12118091400000001,0.010076363284180462,0.028826096000000002,0.141558574,5,0.775,0.2,0.136311358
42,27,O1,0.120393412,0.0035911529561924818,0.05489197,0.13339728,5,0.775,0.2,0.136311358
42,15,T3,0.118897012,0.011531941015586668,0.118897012,0.12443183,5,0.775,0.2,0.136311358
42,16,T4,0.11869941799999999,0.008004095144966111,0.020060375999999998,0.131606572,5,0.775,0.2,0.136311358
42,0,Fp1,0.10935907,0.01026918289407439,-0.09724656000000001,0.12435584,5,0.775,0.2,0.136311358
42,13,C3,0.10874753,0.008152692832917233,0.068968246,0.11262409,5,0.775,0.2,0.136311358
42,23,P4,0.108417662,0.00476317350346594,-0.100824472,0.12133444,5,0.775,0.2,0.136311358
42,2,Fz,0.10666796,0.004107120259859694,-0.09451453600000001,0.117760512,5,0.775,0.2,0.136311358
42,22,P3,0.10638096,0.01266931859819225,0.10638096,0.114026886,5,0.775,0.2,0.136311358
42,7,FCz,0.10592668599999999,0.010733017597587833,0.10592668599999999,0.119701404,5,0.775,0.2,0.136311358
42,18,CP4,0.105833288,0.010930090505044779,0.031728036,0.12197941999999999,5,0.775,0.2,0.136311358
42,24,T5,0.10036735000000001,0.015482242375334397,0.076014834,0.111370878,5,0.775,0.2,0.136311358
42,4,F4,0.09579675600000001,0.009722572233651956,0.022525114000000002,0.103652602,5,0.775,0.2,0.136311358
42,10,FT7,0.094786132,0.009500851152976768,-0.060930108,0.107359612,5,0.775,0.2,0.136311358
42,11,FT8,0.09458491399999999,0.021997242084101813,0.0032245000000000004,0.114188602,5,0.775,0.2,0.136311358
42,14,C4,0.09184827799999999,0.017684242523782867,-0.072837848,0.103823114,5,0.775,0.2,0.136311358
42,20,TP8,0.09126892,0.00795589367430523,-0.055831564,0.110642714,5,0.775,0.2,0.136311358
42,19,TP7,0.08873209,0.00685575487422428,-0.01861855,0.10116605999999999,5,0.775,0.2,0.136311358
42,12,Cz,0.08232081,0.012073295748674013,0.07630878799999999,0.099398756,5,0.775,0.2,0.136311358
42,5,F7,0.08114986199999999,0.019416895918433253,0.067593052,0.090523906,5,0.775,0.2,0.136311358
42,25,T6,0.080759722,0.014248663673280733,-0.060615392000000004,0.095400082,5,0.775,0.2,0.136311358
42,3,F3,0.08061596600000001,0.009981250400487408,0.026762382,0.089709364,5,0.775,0.2,0.136311358
42,26,Oz,0.07833926199999999,0.0012439958930076916,0.04388299,0.08293644,5,0.775,0.2,0.136311358
42,1,Fp2,0.074006532,0.005060624072431177,0.061073051999999996,0.09303750200000001,5,0.775,0.2,0.136311358
42,6,F8,0.062282154,0.020615697445452337,-0.019506564,0.065706518,5,0.775,0.2,0.136311358
42,9,FC4,0.059796711999999995,0.012497333525515353,-0.052499766,0.074038886,5,0.775,0.2,0.136311358
42,8,FC3,0.033552562,0.004639538574585839,-0.0009906420000000003,0.038410912,5,0.775,0.2,0.136311358
43,21,Pz,0.15268166600000002,0.00013751421682866292,0.006857546000000001,0.152880994,5,0.975,0.8,0.005708548
43,28,O2,0.144537978,0.00035192519136883837,-0.02371045,0.147226254,5,0.975,0.8,0.005708548
43,15,T3,0.126905726,0.00010434226674745698,0.126905726,0.132133216,5,0.975,0.8,0.005708548
43,16,T4,0.12183187799999999,0.0001547180460385959,0.013170573999999999,0.134312832,5,0.975,0.8,0.005708548
43,27,O1,0.12180952600000002,0.00011392758107674467,0.056369604,0.132198722,5,0.975,0.8,0.005708548
43,17,CP3,0.12080730399999999,0.0005425436603905695,0.032987158,0.139287784,5,0.975,0.8,0.005708548
43,13,C3,0.11554160200000001,0.0002249523601120945,0.07247946400000001,0.11773048,5,0.975,0.8,0.005708548
43,18,CP4,0.11075474,0.0003015741528214907,0.034644466,0.12755106,5,0.975,0.8,0.005708548
43,0,Fp1,0.109570754,0.00023304118204729517,-0.09594037,0.12242157000000001,5,0.975,0.8,0.005708548
43,22,P3,0.10836133,0.00012971731071834597,0.10836133,0.11754557400000001,5,0.975,0.8,0.005708548
43,24,T5,0.104971436,0.0003423973765670557,0.073488446,0.114386006,5,0.975,0.8,0.005708548
43,23,P4,0.104432776,0.00023984246930016517,-0.092833744,0.11639411800000002,5,0.975,0.8,0.005708548
43,2,Fz,0.10396808399999999,0.00026617308453335403,-0.098166774,0.117317258,5,0.975,0.8,0.005708548
43,7,FCz,0.099039192,0.00011106074630579762,0.099039192,0.114364238,5,0.975,0.8,0.005708548
43,4,F4,0.097715684,0.0004474728747421487,0.012455698,0.107967314,5,0.975,0.8,0.005708548
43,10,FT7,0.090729418,0.00020187110868075868,-0.058218954,0.104348022,5,0.975,0.8,0.005708548
43,20,TP8,0.089062512,0.00020518940194367048,-0.059270420000000004,0.10823904,5,0.975,0.8,0.005708548
43,3,F3,0.087603838,0.00023712982503261857,0.027640892,0.09424708400000001,5,0.975,0.8,0.005708548
43,14,C4,0.085824122,0.0002956632897740284,-0.075057308,0.096288622,5,0.975,0.8,0.005708548
43,5,F7,0.08430465000000001,0.00027359245265540396,0.081864188,0.097930356,5,0.975,0.8,0.005708548
43,19,TP7,0.084058608,0.0003318680384128591,-0.01852697,0.09407370400000001,5,0.975,0.8,0.005708548
43,25,T6,0.081262108,0.00019728522821032754,-0.0622972,0.09235485,5,0.975,0.8,0.005708548
43,11,FT8,0.080211428,0.0003907687481362874,-0.003806146,0.097213964,5,0.975,0.8,0.005708548
43,6,F8,0.07789678600000001,0.00014327475974504412,-0.029723756,0.07882868800000001,5,0.975,0.8,0.005708548
43,26,Oz,0.07782878600000001,0.00026736746554133933,0.042206322000000004,0.080202512,5,0.975,0.8,0.005708548
43,1,Fp2,0.077716524,0.0002770487667000228,0.061068766,0.095300372,5,0.975,0.8,0.005708548
43,12,Cz,0.077367404,0.0003102459519155723,0.075918522,0.092919216,5,0.975,0.8,0.005708548
43,9,FC4,0.057824864,0.000239024917383106,-0.057824864,0.076301622,5,0.975,0.8,0.005708548
43,8,FC3,0.030651501999999997,0.00022038989386993202,0.0059334,0.037219678,5,0.975,0.8,0.005708548
44,21,Pz,0.135874816,0.037681672034079516,-0.00015498599999999967,0.139591344,5,0.95,0.8,0.218529566
44,28,O2,0.13549244,0.019479661590263833,-0.016506399999999997,0.138167772,5,0.95,0.8,0.218529566
44,17,CP3,0.132436592,0.02487587570202042,-0.009182272,0.158780148,5,0.95,0.8,0.218529566
44,15,T3,0.12190764800000001,0.011213546948156947,0.12190764800000001,0.128214716,5,0.95,0.8,0.218529566
44,16,T4,0.119908222,0.0050171453999729755,0.022644582,0.13099016400000002,5,0.95,0.8,0.218529566
44,13,C3,0.116922236,0.0030901808810860814,0.06286027400000001,0.12281376,5,0.95,0.8,0.218529566
44,22,P3,0.11684035200000001,0.01885744332900193,0.109344692,0.12615844599999998,5,0.95,0.8,0.218529566
44,24,T5,0.11337570999999999,0.018438867763139646,0.088002318,0.127925554,5,0.95,0.8,0.218529566
44,3,F3,0.11303147799999999,0.05648518281501503,0.06496551,0.11997205,5,0.95,0.8,0.218529566
44,2,Fz,0.10896423799999999,0.011516243099445243,-0.099568636,0.12542240600000001,5,0.95,0.8,0.218529566
44,27,O1,0.108401108,0.029121659341814994,0.055877836,0.12173109,5,0.95,0.8,0.218529566
44,19,TP7,0.10399853,0.04390161637432443,-0.040744737999999996,0.11304903,5,0.95,0.8,0.218529566
44,7,FCz,0.101746168,0.0058752083805912805,0.072897838,0.11814928799999999,5,0.95,0.8,0.218529566
44,10,FT7,0.09943343,0.02015589242230172,-0.058422836,0.11460466,5,0.95,0.8,0.218529566
44,0,Fp1,0.09934567400000001,0.02381178610736877,-0.086463598,0.11156125000000001,5,0.95,0.8,0.218529566
44,18,CP4,0.098579008,0.027066200170058414,0.035036752,0.11414737800000001,5,0.95,0.8,0.218529566
44,23,P4,0.097179062,0.016791872209998504,-0.08384283000000001,0.11086164000000001,5,0.95,0.8,0.218529566
44,14,C4,0.09481566,0.02048491737573525,-0.045683616,0.108978138,5,0.95,0.8,0.218529566
44,4,F4,0.09341547800000001,0.009626533639291975,0.012951995999999999,0.10209228,5,0.95,0.8,0.218529566
44,20,TP8,0.091970436,0.0060968600540794735,-0.05075525400000001,0.10905672,5,0.95,0.8,0.218529566
44,12,Cz,0.084142044,0.015294518255524756,0.08236283600000001,0.101667766,5,0.95,0.8,0.218529566
44,11,FT8,0.078787208,0.0030574468488053894,-0.017444502,0.09574955199999999,5,0.95,0.8,0.218529566
44,5,F7,0.077150732,0.01569225544578504,0.07287958,0.08853413,5,0.95,0.8,0.218529566
44,26,Oz,0.073175096,0.010224208067387424,0.025891942,0.075569652,5,0.95,0.8,0.218529566
44,25,T6,0.071511648,0.021917441619833732,-0.05639647400000001,0.081306518,5,0.95,0.8,0.218529566
44,1,Fp2,0.069058752,0.019425673131753248,0.055760348,0.08497568,5,0.95,0.8,0.218529566
44,6,F8,0.06758392399999999,0.021876850682564664,-0.022577703999999997,0.06980306,5,0.95,0.8,0.218529566
44,9,FC4,0.061991662,0.010285710332355275,-0.058472812,0.08552602200000001,5,0.95,0.8,0.218529566
44,8,FC3,0.051983666,0.047641837948775974,0.004593478,0.05858977,5,0.95,0.8,0.218529566
45,24,T5,0.151464288,0.02550241416595241,0.08184157,0.166361322,5,0.675,0.0,0.733057862
45,2,Fz,0.132404666,0.032312761443540075,-0.130683224,0.14589251399999997,5,0.675,0.0,0.733057862
45,28,O2,0.130850212,0.018838017181129225,0.04707283599999999,0.13987981,5,0.675,0.0,0.733057862
45,13,C3,0.13023848,0.05725572603284408,0.0729529,0.137770812,5,0.675,0.0,0.733057862
45,18,CP4,0.127867152,0.04837537369688084,-0.001292562,0.143374476,5,0.675,0.0,0.733057862
45,6,F8,0.12110782599999999,0.01802506700027714,-0.09102070599999999,0.13514473200000002,5,0.675,0.0,0.733057862
45,4,F4,0.116305908,0.005870500367781266,-0.0015141279999999994,0.133263266,5,0.675,0.0,0.733057862
45,17,CP3,0.10956840000000001,0.041770096895212015,0.046917360000000005,0.12406862599999999,5,0.675,0.0,0.733057862
45,21,Pz,0.108084968,0.05019452907192248,0.002421338000000002,0.126902396,5,0.675,0.0,0.733057862
45,3,F3,0.10613262400000001,0.05155600621359871,0.06325544799999999,0.122023052,5,0.675,0.0,0.733057862
45,7,FCz,0.104773652,0.043597888993824795,0.020382114,0.11955968399999999,5,0.675,0.0,0.733057862
45,16,T4,0.10421244399999999,0.01855693221589926,0.048050246000000005,0.122314802,5,0.675,0.0,0.733057862
45,26,Oz,0.102367272,0.02693395227957401,0.067936218,0.11293479199999998,5,0.675,0.0,0.733057862
45,15,T3,0.101455264,0.03794477108310156,0.09421364000000002,0.116500122,5,0.675,0.0,0.733057862
45,10,FT7,0.09592028,0.021656436486106156,-0.019338954000000002,0.109181598,5,0.675,0.0,0.733057862
45,22,P3,0.09207245,0.02245573731357757,0.05434905999999999,0.11820405,5,0.675,0.0,0.733057862
45,14,C4,0.089262844,0.017817742054454598,-0.060380220000000005,0.10554783000000001,5,0.675,0.0,0.733057862
45,25,T6,0.08739092600000001,0.01713328294213138,-0.072023864,0.096297064,5,0.675,0.0,0.733057862
45,20,TP8,0.0848193,0.02710268485046915,-0.048260684,0.100119636,5,0.675,0.0,0.733057862
45,27,O1,0.08161014,0.023496544494209144,-0.007156624,0.09924397199999999,5,0.675,0.0,0.733057862
45,19,TP7,0.07934068400000001,0.03043584566451424,0.000911986,0.09297318400000001,5,0.675,0.0,0.733057862
45,5,F7,0.07707075599999999,0.028848987331507498,0.050828204,0.089638788,5,0.675,0.0,0.733057862
45,23,P4,0.073033774,0.018436680913711936,-0.047420494,0.08821123,5,0.675,0.0,0.733057862
45,8,FC3,0.070607922,0.04608014969682249,0.0013883140000000003,0.08526992,5,0.675,0.0,0.733057862
45,11,FT8,0.06600623,0.020262607208440624,0.008723114,0.078329122,5,0.675,0.0,0.733057862
45,9,FC4,0.065370488,0.018095563192882948,-0.039511012,0.080452234,5,0.675,0.0,0.733057862
45,12,Cz,0.06226864000000001,0.028001871240961734,0.05026010200000001,0.079332952,5,0.675,0.0,0.733057862
45,0,Fp1,0.051891042,0.028059677365945786,-0.039632042,0.067338386,5,0.675,0.0,0.733057862
45,1,Fp2,0.0485256,0.021509877418138625,0.037413054,0.063562886,5,0.675,0.0,0.733057862
46,15,T3,0.158509932,0.025260406764415332,0.15315795,0.181683242,5,0.7,0.2,0.718340236
46,22,P3,0.14820377199999998,0.038909689711497566,0.122648962,0.165918596,5,0.7,0.2,0.718340236
46,20,TP8,0.145711346,0.04909757708665856,-0.113570434,0.167235734,5,0.7,0.2,0.718340236
46,17,CP3,0.136544798,0.01601921005555111,-0.067970898,0.169101852,5,0.7,0.2,0.718340236
46,10,FT7,0.125651142,0.03935727530592305,-0.11902648,0.134362924,5,0.7,0.2,0.718340236
46,28,O2,0.112081868,0.02002521354247615,0.003592054,0.125521818,5,0.7,0.2,0.718340236
46,27,O1,0.110629106,0.0359066166547745,0.06524537,0.118480188,5,0.7,0.2,0.718340236
46,21,Pz,0.098176908,0.03349507904217155,0.024553162,0.11299574400000001,5,0.7,0.2,0.718340236
46,26,Oz,0.09405174200000001,0.025947796007278146,0.041786098,0.10247741400000002,5,0.7,0.2,0.718340236
46,0,Fp1,0.092411348,0.014779889582663333,-0.020899222000000002,0.103348336,5,0.7,0.2,0.718340236
46,11,FT8,0.091837446,0.025722844035952357,-0.016014201999999998,0.109740342,5,0.7,0.2,0.718340236
46,12,Cz,0.09165217,0.04201189286907102,0.08622982400000001,0.102139614,5,0.7,0.2,0.718340236
46,18,CP4,0.09137122,0.027527312115158464,0.029639618,0.10832679,5,0.7,0.2,0.718340236
46,14,C4,0.08795043799999999,0.02874824049212526,-0.027121019999999996,0.09953667399999999,5,0.7,0.2,0.718340236
46,6,F8,0.07988105599999999,0.011539173595699132,-0.033720704000000004,0.096632124,5,0.7,0.2,0.718340236
46,3,F3,0.07986563199999999,0.030906581063906435,0.054384118,0.08617970999999999,5,0.7,0.2,0.718340236
46,7,FCz,0.07855256,0.016603425110914616,0.030132882000000007,0.086724874,5,0.7,0.2,0.718340236
46,13,C3,0.07836841800000001,0.024756616178963554,0.013644698,0.09276542800000001,5,0.7,0.2,0.718340236
46,9,FC4,0.078093522,0.025385154874721955,-0.009902256000000002,0.09760547,5,0.7,0.2,0.718340236
46,16,T4,0.078073322,0.03137000946355245,0.031733958,0.091809268,5,0.7,0.2,0.718340236
46,25,T6,0.077705168,0.01576314344113413,0.016806932000000004,0.089163674,5,0.7,0.2,0.718340236
46,2,Fz,0.076142198,0.022514827349525025,-0.041729736,0.091804896,5,0.7,0.2,0.718340236
46,5,F7,0.074378152,0.025539315299466625,0.070355222,0.084414378,5,0.7,0.2,0.718340236
46,24,T5,0.073848098,0.02106629111436254,-0.010102469999999999,0.08507326200000001,5,0.7,0.2,0.718340236
46,8,FC3,0.072918134,0.04669051982913427,-0.02278678,0.082814744,5,0.7,0.2,0.718340236
46,4,F4,0.072438872,0.03037744200175222,-0.001763526,0.07629059,5,0.7,0.2,0.718340236
46,19,TP7,0.07231072000000001,0.013596621975830976,-0.032231128000000005,0.08343555799999999,5,0.7,0.2,0.718340236
46,1,Fp2,0.071979914,0.015081728695449003,0.036812616000000006,0.08212805599999999,5,0.7,0.2,0.718340236
46,23,P4,0.071696096,0.02914552746012122,-0.057864092,0.0824844,5,0.7,0.2,0.718340236
47,21,Pz,0.15168718600000003,0.004065009228566401,0.008770836,0.152069344,5,0.95,0.8,0.040404792
47,28,O2,0.142922758,0.0008964885434962496,-0.026107088,0.146534532,5,0.95,0.8,0.040404792
47,15,T3,0.126000608,0.002177920640133613,0.126000608,0.130783762,5,0.95,0.8,0.040404792
47,16,T4,0.122023564,0.0008746061926261447,0.015554318000000001,0.134591026,5,0.95,0.8,0.040404792
47,17,CP3,0.12132876399999999,0.0018085081221769531,0.035070704,0.13969721,5,0.95,0.8,0.040404792
47,27,O1,0.119395432,0.0065048179475501134,0.052240122,0.13086233,5,0.95,0.8,0.040404792
47,13,C3,0.117180226,0.0028896796332344562,0.075495924,0.11973772599999999,5,0.95,0.8,0.040404792
47,0,Fp1,0.112449478,0.004426056595183797,-0.097021864,0.12521427000000002,5,0.95,0.8,0.040404792
47,22,P3,0.11136387,0.006143327877644987,0.11136387,0.119758316,5,0.95,0.8,0.040404792
47,18,CP4,0.10965949,0.002972762598064303,0.036813578,0.125806144,5,0.95,0.8,0.040404792
47,23,P4,0.10465982599999998,0.0014255001349456266,-0.091931564,0.11640167400000001,5,0.95,0.8,0.040404792
47,24,T5,0.10351305799999999,0.0031116403420816488,0.07190310600000001,0.11370777400000001,5,0.95,0.8,0.040404792
47,2,Fz,0.10153025,0.00547588873737862,-0.09724688,0.11542254199999999,5,0.95,0.8,0.040404792
47,7,FCz,0.099720118,0.0030638634009890176,0.099197018,0.11561996599999999,5,0.95,0.8,0.040404792
47,4,F4,0.098353278,0.002348213157055803,0.016233932,0.10751132999999999,5,0.95,0.8,0.040404792
47,10,FT7,0.08963824000000001,0.0013554023903623615,-0.056076516,0.103045998,5,0.95,0.8,0.040404792
47,14,C4,0.086174516,0.0028583435755398616,-0.073307812,0.09523969,5,0.95,0.8,0.040404792
47,20,TP8,0.086111882,0.005494902059361017,-0.058441536,0.105689276,5,0.95,0.8,0.040404792
47,25,T6,0.08541677,0.00890269943952114,-0.062884404,0.09662879199999999,5,0.95,0.8,0.040404792
47,3,F3,0.08466939799999999,0.006193653848361238,0.02602924,0.093734924,5,0.95,0.8,0.040404792
47,5,F7,0.08404552400000001,0.000909895550066048,0.080912946,0.097106582,5,0.95,0.8,0.040404792
47,19,TP7,0.083925748,0.0004003985269952936,-0.02158901,0.09441894399999999,5,0.95,0.8,0.040404792
47,12,Cz,0.079253408,0.004742289330235977,0.07784653,0.094940136,5,0.95,0.8,0.040404792
47,11,FT8,0.07802034199999999,0.005135381118823606,-0.0036359820000000003,0.095041436,5,0.95,0.8,0.040404792
47,1,Fp2,0.076200168,0.0018015686356395106,0.061299754000000005,0.09605444399999999,5,0.95,0.8,0.040404792
47,6,F8,0.075910214,0.0023953888017355356,-0.026128604,0.077762824,5,0.95,0.8,0.040404792
47,26,Oz,0.074745676,0.004819941067179144,0.03767927,0.07771238999999999,5,0.95,0.8,0.040404792
47,9,FC4,0.05654820000000001,0.0031306466454073005,-0.05622429799999999,0.075566042,5,0.95,0.8,0.040404792
47,8,FC3,0.031946916000000006,0.00173080197143694,0.006925232000000001,0.038562682,5,0.95,0.8,0.040404792
48,21,Pz,0.152278374,0.023202958682507064,-0.011522385999999999,0.156266272,5,0.75,0.4,0.252096732
48,28,O2,0.13553358,0.02920198475364046,-0.012811245999999998,0.138574256,5,0.75,0.4,0.252096732
48,17,CP3,0.130735086,0.029551895849749297,0.02419095,0.14931642,5,0.75,0.4,0.252096732
48,22,P3,0.128258444,0.04246085142448548,0.115134506,0.13930466,5,0.75,0.4,0.252096732
48,27,O1,0.12004604199999999,0.003431388219186226,0.059060367999999995,0.136487274,5,0.75,0.4,0.252096732
48,16,T4,0.115806056,0.0058568220631951915,0.007634853999999999,0.131939992,5,0.75,0.4,0.252096732
48,15,T3,0.11420585000000001,0.024383081913251867,0.11420585000000001,0.12142750399999999,5,0.75,0.4,0.252096732
48,18,CP4,0.112072672,0.012603207123259142,0.04627275,0.13304468,5,0.75,0.4,0.252096732
48,2,Fz,0.109715344,0.007740145196953998,-0.10094491800000001,0.12257688600000001,5,0.75,0.4,0.252096732
48,13,C3,0.106746152,0.008839468040901554,0.03956571,0.112644524,5,0.75,0.4,0.252096732
48,7,FCz,0.10011525800000001,0.023441995335964257,0.06850626400000001,0.11973746999999998,5,0.75,0.4,0.252096732
48,0,Fp1,0.096229028,0.017866273986159507,-0.07957453,0.10965227200000001,5,0.75,0.4,0.252096732
48,24,T5,0.09616424,0.014746351395606304,0.075446662,0.10645697000000001,5,0.75,0.4,0.252096732
48,3,F3,0.09398585200000001,0.01339845832725243,0.026658364,0.103157578,5,0.75,0.4,0.252096732
48,23,P4,0.093644424,0.017796002321088293,-0.076800894,0.10470394000000001,5,0.75,0.4,0.252096732
48,4,F4,0.09236456800000001,0.012161420694422179,0.028657828000000003,0.107058184,5,0.75,0.4,0.252096732
48,14,C4,0.090856402,0.018527071709268306,-0.061943612,0.10234711999999999,5,0.75,0.4,0.252096732
48,10,FT7,0.08970615600000001,0.012112007122708029,-0.057305282,0.106327912,5,0.75,0.4,0.252096732
48,20,TP8,0.086560512,0.0037808256797979977,-0.049415964,0.103447136,5,0.75,0.4,0.252096732
48,12,Cz,0.08508509,0.028346716550209133,0.06928289000000001,0.10448069,5,0.75,0.4,0.252096732
48,5,F7,0.08449086,0.01342964879481776,0.07364522,0.09821777400000001,5,0.75,0.4,0.252096732
48,11,FT8,0.080667968,0.006117896762165898,0.0010499620000000004,0.09725276000000001,5,0.75,0.4,0.252096732
48,19,TP7,0.08024410200000001,0.0037188005632555784,-0.027585633999999998,0.087695464,5,0.75,0.4,0.252096732
48,1,Fp2,0.07833169599999999,0.0031565524855734607,0.054957186000000005,0.09689342399999999,5,0.75,0.4,0.252096732
48,9,FC4,0.07642192,0.028169598310840364,-0.045427249999999995,0.09688000999999999,5,0.75,0.4,0.252096732
48,25,T6,0.076015516,0.017478265537868166,-0.052831272,0.08965755,5,0.75,0.4,0.252096732
48,26,Oz,0.070570174,0.015023967461575522,0.020218718,0.077933914,5,0.75,0.4,0.252096732
48,6,F8,0.060243818000000005,0.015549588707948836,-0.019215948,0.06179481600000001,5,0.75,0.4,0.252096732
48,8,FC3,0.050533786000000004,0.039195788204449085,0.01714376,0.057928954,5,0.75,0.4,0.252096732
49,21,Pz,0.153225652,0.0011971723779264183,0.007274164,0.153447826,5,1.0,1.0,0.01057379
49,28,O2,0.143756024,0.0007030962226680025,-0.023978,0.146473532,5,1.0,1.0,0.01057379
49,15,T3,0.126162726,0.0006662623728156923,0.126162726,0.131242838,5,1.0,1.0,0.01057379
49,27,O1,0.122272882,0.0006174341350864898,0.056809334,0.13274276000000002,5,1.0,1.0,0.01057379
49,16,T4,0.12192971999999999,0.00039368565988616346,0.013354368,0.134576454,5,1.0,1.0,0.01057379
49,17,CP3,0.12129369000000001,0.00041709348832126526,0.033384752000000004,0.139466614,5,1.0,1.0,0.01057379
49,13,C3,0.11518029199999999,0.00030868649933225747,0.07293208,0.11741838600000001,5,1.0,1.0,0.01057379
49,18,CP4,0.110910292,0.0005867293535097767,0.03522892800000001,0.127300552,5,1.0,1.0,0.01057379
49,0,Fp1,0.11008739199999999,0.0006821987847541221,-0.09589853000000001,0.12275476599999999,5,1.0,1.0,0.01057379
49,22,P3,0.10864723400000001,0.0005805632070498419,0.10864723400000001,0.117967568,5,1.0,1.0,0.01057379
49,2,Fz,0.10490219599999999,0.001020328130519784,-0.099129338,0.118392958,5,1.0,1.0,0.01057379
49,24,T5,0.104800126,0.0005933683594783267,0.073302668,0.114172246,5,1.0,1.0,0.01057379
49,23,P4,0.104612424,0.00044863035739905316,-0.092886564,0.116553622,5,1.0,1.0,0.01057379
49,7,FCz,0.098448498,0.0005195795924302603,0.098448498,0.11357392399999999,5,1.0,1.0,0.01057379
49,4,F4,0.096670012,0.000678439950157711,0.012124784,0.10695949200000002,5,1.0,1.0,0.01057379
49,10,FT7,0.091353848,0.000658234936720919,-0.058547524000000004,0.10492811399999999,5,1.0,1.0,0.01057379
49,20,TP8,0.088391916,0.00046751491695987666,-0.058962643999999995,0.10741740799999999,5,1.0,1.0,0.01057379
49,3,F3,0.088120144,0.00043416449063690525,0.027301208,0.095179022,5,1.0,1.0,0.01057379
49,14,C4,0.08608022,0.00034302887196269947,-0.074815746,0.096369956,5,1.0,1.0,0.01057379
49,19,TP7,0.084363742,0.0006802809924729596,-0.01829897,0.09408765,5,1.0,1.0,0.01057379
49,5,F7,0.084017444,0.0006822812236753983,0.081598306,0.09749938600000001,5,1.0,1.0,0.01057379
49,25,T6,0.08103120999999999,0.00036150242751605113,-0.06180419,0.092397654,5,1.0,1.0,0.01057379
49,11,FT8,0.08013433,0.0006759698333135908,-0.00398134,0.09699120800000001,5,1.0,1.0,0.01057379
49,6,F8,0.077899526,0.00048216036609202836,-0.029267068,0.078940952,5,1.0,1.0,0.01057379
49,1,Fp2,0.07778927799999999,0.000359440155060614,0.061323923999999995,0.095253666,5,1.0,1.0,0.01057379
49,26,Oz,0.077254944,0.0005568195494323057,0.042407162,0.07951992599999999,5,1.0,1.0,0.01057379
49,12,Cz,0.077157506,0.00027481724551053856,0.075518266,0.09259529,5,1.0,1.0,0.01057379
49,9,FC4,0.058439573999999994,0.0004011728162276199,-0.058439573999999994,0.076314172,5,1.0,1.0,0.01057379
49,8,FC3,0.030706112,0.0009417718674233155,0.005785102,0.03757861,5,1.0,1.0,0.01057379
5,28,O2,0.139458676,0.02223571704240342,-0.031638523999999994,0.143061232,5,0.85,0.6,0.224898564
5,21,Pz,0.136574576,0.030859668905958475,0.017758632000000003,0.143583624,5,0.85,0.6,0.224898564
5,18,CP4,0.127471588,0.038116023699195985,0.06798169200000001,0.144203518,5,0.85,0.6,0.224898564
5,15,T3,0.11731746400000001,0.018291215607925845,0.110214064,0.12581897,5,0.85,0.6,0.224898564
5,16,T4,0.115157208,0.022046503783115363,0.020253426,0.126834344,5,0.85,0.6,0.224898564
5,27,O1,0.11388544199999999,0.023115173516037462,0.054156946,0.124633802,5,0.85,0.6,0.224898564
5,17,CP3,0.11309660800000002,0.011972336782014195,0.035209548,0.129630536,5,0.85,0.6,0.224898564
5,24,T5,0.10967296,0.015913103567607414,0.056283092,0.122843582,5,0.85,0.6,0.224898564
5,2,Fz,0.10613566599999999,0.004435449403772973,-0.10288351,0.123765542,5,0.85,0.6,0.224898564
5,0,Fp1,0.10209599,0.010704414399491925,-0.08826616400000001,0.117112146,5,0.85,0.6,0.224898564
5,7,FCz,0.100448048,0.010034680585849259,0.09891695,0.122682928,5,0.85,0.6,0.224898564
5,23,P4,0.09777802,0.016498678860146655,-0.074176668,0.10851524399999998,5,0.85,0.6,0.224898564
5,20,TP8,0.097740296,0.019085050475304746,-0.064803334,0.113464288,5,0.85,0.6,0.224898564
5,13,C3,0.096288068,0.04069496312195,0.05607483,0.09978142999999999,5,0.85,0.6,0.224898564
5,22,P3,0.095333994,0.02049897274804472,0.07676504399999999,0.102930708,5,0.85,0.6,0.224898564
5,10,FT7,0.09458018,0.01009300867837732,-0.053382138,0.109475472,5,0.85,0.6,0.224898564
5,14,C4,0.09247828,0.012367044889069097,-0.075740074,0.104587136,5,0.85,0.6,0.224898564
5,4,F4,0.088505432,0.02201475567752502,0.012736106,0.098685406,5,0.85,0.6,0.224898564
5,5,F7,0.087876956,0.009276717786975091,0.061227756,0.10221772200000001,5,0.85,0.6,0.224898564
5,26,Oz,0.086274806,0.014444701580075301,0.039606303999999995,0.09283269200000001,5,0.85,0.6,0.224898564
5,19,TP7,0.085076794,0.004264555910816506,-0.019509652,0.096149494,5,0.85,0.6,0.224898564
5,3,F3,0.084642076,0.013050981204743954,0.027919208,0.092329964,5,0.85,0.6,0.224898564
5,6,F8,0.08274347600000001,0.007169009342941324,-0.023755675999999996,0.085696968,5,0.85,0.6,0.224898564
5,25,T6,0.08229487399999999,0.006148291869887933,-0.045092124,0.09574307,5,0.85,0.6,0.224898564
5,1,Fp2,0.07703662,0.01057119545228211,0.062181044,0.09947370600000001,5,0.85,0.6,0.224898564
5,12,Cz,0.076689488,0.0011734534161482557,0.060652948000000005,0.090211516,5,0.85,0.6,0.224898564
5,11,FT8,0.07049425200000001,0.012929218555893856,-0.0038014760000000002,0.087123438,5,0.85,0.6,0.224898564
5,9,FC4,0.064171256,0.00868456142564091,-0.044539796,0.08369741,5,0.85,0.6,0.224898564
5,8,FC3,0.034913674,0.01183869337528344,0.007878814000000001,0.042144694,5,0.85,0.6,0.224898564
50,28,O2,0.154838124,0.016049065199781252,-0.0011984080000000008,0.161335336,5,0.85,0.6,0.182267734
50,21,Pz,0.138798102,0.02688124819013935,0.016842206,0.14832753,5,0.85,0.6,0.182267734
50,27,O1,0.1300773,0.0173650169236039,0.06001576799999999,0.138904812,5,0.85,0.6,0.182267734
50,17,CP3,0.12396357999999999,0.006289519277226201,0.024837782,0.14388472800000002,5,0.85,0.6,0.182267734
50,18,CP4,0.119625012,0.016469011395334878,0.039535808,0.135205968,5,0.85,0.6,0.182267734
50,15,T3,0.117944448,0.013098059519259705,0.117944448,0.12253665799999999,5,0.85,0.6,0.182267734
50,16,T4,0.113624142,0.018641730714303858,0.0008959099999999998,0.126917028,5,0.85,0.6,0.182267734
50,22,P3,0.110907792,0.007631570637923753,0.10491782999999999,0.11974122400000001,5,0.85,0.6,0.182267734
50,13,C3,0.110838448,0.006693407413214133,0.039761981999999994,0.11510881799999999,5,0.85,0.6,0.182267734
50,0,Fp1,0.104589562,0.014519182170834215,-0.092206352,0.11833988399999999,5,0.85,0.6,0.182267734
50,7,FCz,0.10083676000000001,0.010218912738914543,0.10083676000000001,0.11402332,5,0.85,0.6,0.182267734
50,2,Fz,0.09906218600000001,0.010789284703497723,-0.093766784,0.112332264,5,0.85,0.6,0.182267734
50,4,F4,0.098488832,0.004451461608036174,0.026010908,0.105932724,5,0.85,0.6,0.182267734
50,23,P4,0.098036392,0.012350804660722308,-0.082951568,0.10902733,5,0.85,0.6,0.182267734
50,10,FT7,0.094632396,0.00535326674668655,-0.054938082,0.10716936400000002,5,0.85,0.6,0.182267734
50,20,TP8,0.090000164,0.004388786802737169,-0.064759696,0.11084879,5,0.85,0.6,0.182267734
50,24,T5,0.08755624599999999,0.028632811322758366,0.059121974,0.09712444,5,0.85,0.6,0.182267734
50,3,F3,0.08445280200000001,0.013337055783356757,0.037790874,0.093498546,5,0.85,0.6,0.182267734
50,14,C4,0.084022544,0.007231400006390876,-0.07183497400000001,0.096678152,5,0.85,0.6,0.182267734
50,11,FT8,0.083992264,0.009891969825028782,-0.022492834,0.104488842,5,0.85,0.6,0.182267734
50,6,F8,0.08247999,0.0067751088562693984,-0.016006187999999998,0.093937256,5,0.85,0.6,0.182267734
50,26,Oz,0.08134255,0.005200658904518734,0.04095672,0.085977106,5,0.85,0.6,0.182267734
50,19,TP7,0.081138544,0.0060997532303717055,-0.020118942,0.09251629,5,0.85,0.6,0.182267734
50,12,Cz,0.079066242,0.0032584861196528142,0.078395092,0.091494442,5,0.85,0.6,0.182267734
50,5,F7,0.07896068,0.006822426160289311,0.07301198,0.09328751399999999,5,0.85,0.6,0.182267734
50,1,Fp2,0.075031634,0.003940204786915272,0.061650744,0.09194068,5,0.85,0.6,0.182267734
50,25,T6,0.071788752,0.022498404070743994,-0.05505665,0.083839598,5,0.85,0.6,0.182267734
50,8,FC3,0.051495954,0.03855223912916901,0.025276187999999998,0.058620136,5,0.85,0.6,0.182267734
50,9,FC4,0.050561802,0.013916736037076724,-0.040091678,0.064764374,5,0.85,0.6,0.182267734
6,17,CP3,0.144821998,0.024461308505584287,0.036988724,0.16583238,5,0.825,0.2,0.5442074339999999
6,28,O2,0.134667456,0.018562669076040223,-0.012929205999999999,0.146006316,5,0.825,0.2,0.5442074339999999
6,0,Fp1,0.12718155,0.012909252820401732,-0.100346724,0.14242163,5,0.825,0.2,0.5442074339999999
6,21,Pz,0.126667364,0.024630341830791345,-0.005928723999999999,0.13837651,5,0.825,0.2,0.5442074339999999
6,15,T3,0.126065268,0.02456150015219083,0.122360946,0.136144026,5,0.825,0.2,0.5442074339999999
6,18,CP4,0.125933548,0.04318005816229605,0.10392318600000001,0.15962499800000002,5,0.825,0.2,0.5442074339999999
6,13,C3,0.12028799999999999,0.032022891124354316,0.055626962,0.13175666800000002,5,0.825,0.2,0.5442074339999999
6,14,C4,0.111049058,0.026492687184447136,-0.08071349,0.12728593800000002,5,0.825,0.2,0.5442074339999999
6,6,F8,0.10357373,0.02632323348053673,0.014356269999999999,0.11546460600000001,5,0.825,0.2,0.5442074339999999
6,2,Fz,0.102264888,0.021099054167277736,-0.08825255,0.11560484400000001,5,0.825,0.2,0.5442074339999999
6,4,F4,0.10219229999999999,0.01730214235127835,0.065479492,0.11648952399999998,5,0.825,0.2,0.5442074339999999
6,27,O1,0.10023773600000001,0.02481907920588372,0.057364284,0.111951832,5,0.825,0.2,0.5442074339999999
6,23,P4,0.098215294,0.032263761302519886,-0.040675882,0.111694582,5,0.825,0.2,0.5442074339999999
6,1,Fp2,0.09602564999999999,0.022342548913191394,0.092864552,0.11619539400000001,5,0.825,0.2,0.5442074339999999
6,20,TP8,0.094771324,0.007875954217974481,-0.058618554,0.112542518,5,0.825,0.2,0.5442074339999999
6,25,T6,0.088080066,0.029865668600349133,-0.059877745999999996,0.098003776,5,0.825,0.2,0.5442074339999999
6,16,T4,0.088004098,0.02481128130218127,0.014801528,0.100238604,5,0.825,0.2,0.5442074339999999
6,3,F3,0.08587808,0.010000270044173806,0.030356657999999998,0.096517962,5,0.825,0.2,0.5442074339999999
6,11,FT8,0.08456656,0.013382399642091472,-0.031640091999999995,0.10524113399999999,5,0.825,0.2,0.5442074339999999
6,5,F7,0.080826016,0.03715217513193312,0.05809207400000001,0.0898965,5,0.825,0.2,0.5442074339999999
6,22,P3,0.078421538,0.029020827833143734,0.056523276,0.08767044399999999,5,0.825,0.2,0.5442074339999999
6,19,TP7,0.07603457599999999,0.01017259092980397,-0.023780911999999998,0.08859317,5,0.825,0.2,0.5442074339999999
6,26,Oz,0.074367122,0.021115867174070067,0.034816644,0.087261752,5,0.825,0.2,0.5442074339999999
6,12,Cz,0.070819292,0.014588494634792514,0.066268562,0.07877714799999999,5,0.825,0.2,0.5442074339999999
6,7,FCz,0.07040814,0.02419557305409711,0.056454428,0.08309329800000001,5,0.825,0.2,0.5442074339999999
6,24,T5,0.07006153,0.026002489217637415,0.054858394,0.08591447199999999,5,0.825,0.2,0.5442074339999999
6,10,FT7,0.06573699200000001,0.020213618939637454,-0.00551862,0.07714370400000001,5,0.825,0.2,0.5442074339999999
6,8,FC3,0.060865996,0.03621109809979642,-0.048495644000000004,0.072950112,5,0.825,0.2,0.5442074339999999
6,9,FC4,0.052139692,0.005715662416095795,-0.030665264000000005,0.06308356200000001,5,0.825,0.2,0.5442074339999999
7,17,CP3,0.157125388,0.0342594072168225,0.012632386,0.17704779799999998,5,0.65,0.0,0.639671584
7,18,CP4,0.147303832,0.023570613351570218,0.086791486,0.16351905,5,0.65,0.0,0.639671584
7,21,Pz,0.144917542,0.025881429775921776,-0.015667518,0.15118120200000001,5,0.65,0.0,0.639671584
7,28,O2,0.124176264,0.02329474550486075,-0.027935566000000002,0.133482178,5,0.65,0.0,0.639671584
7,0,Fp1,0.110590802,0.017501041273546278,-0.090743876,0.123680674,5,0.65,0.0,0.639671584
7,4,F4,0.10981563400000001,0.0441473778304225,0.040433518,0.12932576999999998,5,0.65,0.0,0.639671584
7,11,FT8,0.109067942,0.011789779678716222,-0.014674038,0.132685042,5,0.65,0.0,0.639671584
7,10,FT7,0.10689369599999998,0.020226652918171602,-0.02973293,0.12392853399999999,5,0.65,0.0,0.639671584
7,23,P4,0.102854636,0.008243809045315761,-0.050887786000000004,0.10818918799999999,5,0.65,0.0,0.639671584
7,22,P3,0.101380774,0.05253918906324622,0.089264024,0.12161672000000001,5,0.65,0.0,0.639671584
7,6,F8,0.09987039,0.020433032678370336,-0.0007903019999999999,0.112744814,5,0.65,0.0,0.639671584
7,2,Fz,0.09910102400000001,0.024059230821652018,-0.09061648600000001,0.12072126999999999,5,0.65,0.0,0.639671584
7,27,O1,0.090744456,0.025926479556833013,0.025299362000000002,0.10231402200000002,5,0.65,0.0,0.639671584
7,24,T5,0.09063861399999999,0.0163850065575675,-0.0005576440000000002,0.10392405200000002,5,0.65,0.0,0.639671584
7,13,C3,0.08871549599999999,0.026836422888328094,0.041947896,0.100137318,5,0.65,0.0,0.639671584
7,15,T3,0.087556238,0.014386016032711075,0.046956594000000004,0.099098182,5,0.65,0.0,0.639671584
7,20,TP8,0.085948092,0.017333009015428336,-0.004008388,0.094312412,5,0.65,0.0,0.639671584
7,3,F3,0.08528108400000001,0.026399668926890545,0.034454172,0.095823018,5,0.65,0.0,0.639671584
7,5,F7,0.08082605600000001,0.012967022675054597,0.07609307,0.094765804,5,0.65,0.0,0.639671584
7,19,TP7,0.07358300799999999,0.043436976017439,0.005435096,0.084836552,5,0.65,0.0,0.639671584
7,14,C4,0.07043366399999999,0.025385068323138898,-0.026111703999999996,0.079127528,5,0.65,0.0,0.639671584
7,12,Cz,0.06950666,0.02654942361649495,0.011804034,0.07573344,5,0.65,0.0,0.639671584
7,25,T6,0.06733931,0.012790027718183416,-0.051570154,0.081302856,5,0.65,0.0,0.639671584
7,16,T4,0.067083808,0.040789716787359785,0.005260242,0.080761242,5,0.65,0.0,0.639671584
7,9,FC4,0.066774252,0.028469219123535332,-0.030853098000000002,0.076200888,5,0.65,0.0,0.639671584
7,1,Fp2,0.064412904,0.025620704114840014,0.06074041,0.07535797799999999,5,0.65,0.0,0.639671584
7,7,FCz,0.061560424,0.016416841956927348,0.04564779,0.068952186,5,0.65,0.0,0.639671584
7,26,Oz,0.055857406,0.019612010520680435,0.03276643,0.066817606,5,0.65,0.0,0.639671584
7,8,FC3,0.0452165,0.013330909800576255,-0.024689204,0.050190354000000006,5,0.65,0.0,0.639671584
8,21,Pz,0.144962298,0.01236591068206342,-0.007427217999999999,0.148740166,5,0.775,0.4,0.33494848599999993
8,17,CP3,0.13367383400000002,0.013826623845067155,0.028709982000000002,0.148516416,5,0.775,0.4,0.33494848599999993
8,13,C3,0.12778518,0.016321823759105476,0.08597311199999999,0.133385122,5,0.775,0.4,0.33494848599999993
8,28,O2,0.119451822,0.023248414094241356,-0.040430139999999996,0.131053846,5,0.775,0.4,0.33494848599999993
8,16,T4,0.11887658599999999,0.004911194973072239,0.0021767220000000003,0.125966656,5,0.775,0.4,0.33494848599999993
8,20,TP8,0.11884400799999999,0.030865668940084048,-0.043335562,0.133979324,5,0.775,0.4,0.33494848599999993
8,19,TP7,0.117015964,0.03529350591628904,-0.014419953999999999,0.13021896800000002,5,0.775,0.4,0.33494848599999993
8,18,CP4,0.115615066,0.023549792102052193,0.030246545999999996,0.134087106,5,0.775,0.4,0.33494848599999993
8,23,P4,0.115593794,0.014690528269365595,-0.087117336,0.12805136,5,0.775,0.4,0.33494848599999993
8,15,T3,0.11151693599999998,0.017524412775649,0.10492288599999999,0.12499040399999999,5,0.775,0.4,0.33494848599999993
8,27,O1,0.110947468,0.010977963655447209,0.046393248,0.123256824,5,0.775,0.4,0.33494848599999993
8,2,Fz,0.108740134,0.013143174653234654,-0.10596729199999999,0.12768029200000003,5,0.775,0.4,0.33494848599999993
8,24,T5,0.102018788,0.01348337264816263,0.076549114,0.11415472,5,0.775,0.4,0.33494848599999993
8,3,F3,0.100389594,0.012043718085683922,0.03155047,0.11107305599999999,5,0.775,0.4,0.33494848599999993
8,0,Fp1,0.10032733,0.011185305699436649,-0.086416822,0.112697,5,0.775,0.4,0.33494848599999993
8,5,F7,0.09687418,0.011830970372444098,0.08535097,0.108671892,5,0.775,0.4,0.33494848599999993
8,1,Fp2,0.096812678,0.017758435192988434,0.08010341800000001,0.122981898,5,0.775,0.4,0.33494848599999993
8,4,F4,0.095370424,0.006280371456226136,0.0011274079999999992,0.11398256799999999,5,0.775,0.4,0.33494848599999993
8,7,FCz,0.09297963000000001,0.009845736900542289,0.084778584,0.111119512,5,0.775,0.4,0.33494848599999993
8,25,T6,0.084934442,0.009472956249923782,-0.065402332,0.098250218,5,0.775,0.4,0.33494848599999993
8,6,F8,0.08313076,0.006059533575981735,0.019235596,0.095663118,5,0.775,0.4,0.33494848599999993
8,12,Cz,0.08165744999999999,0.007729287126145592,0.080269124,0.099193416,5,0.775,0.4,0.33494848599999993
8,11,FT8,0.07568171,0.0052975933324529555,-0.008999802000000001,0.096979808,5,0.775,0.4,0.33494848599999993
8,26,Oz,0.071573256,0.012216886877209352,0.032266516,0.079666986,5,0.775,0.4,0.33494848599999993
8,10,FT7,0.070418954,0.01879370253533827,-0.040973378,0.07916118,5,0.775,0.4,0.33494848599999993
8,14,C4,0.065598128,0.018729020390520167,-0.058565766000000005,0.07528624399999999,5,0.775,0.4,0.33494848599999993
8,22,P3,0.06344428599999999,0.04110755303100368,0.04405703,0.071590714,5,0.775,0.4,0.33494848599999993
8,8,FC3,0.054545633999999996,0.022270970306076245,0.016136662000000003,0.06141658,5,0.775,0.4,0.33494848599999993
8,9,FC4,0.047079514,0.010664309193296584,-0.031462582,0.059853095999999995,5,0.775,0.4,0.33494848599999993
9,28,O2,0.15516990800000002,0.0078094416980645865,-0.026341316000000004,0.159282364,5,0.75,0.0,0.206433048
9,15,T3,0.141881886,0.024688986680121764,0.141881886,0.14779170800000002,5,0.75,0.0,0.206433048
9,21,Pz,0.141408392,0.01546259555513466,0.005153994,0.143296798,5,0.75,0.0,0.206433048
9,16,T4,0.12761798600000002,0.004761112538785447,0.019767474,0.147233532,5,0.75,0.0,0.206433048
9,17,CP3,0.12527512999999998,0.00173788515410254,0.026134269999999998,0.143785052,5,0.75,0.0,0.206433048
9,27,O1,0.11410757600000002,0.006213358151606103,0.032858241999999996,0.130400564,5,0.75,0.0,0.206433048
9,18,CP4,0.11162240400000001,0.007190982056762483,0.016155742,0.134417384,5,0.75,0.0,0.206433048
9,13,C3,0.11051924399999999,0.006764639528868481,0.06610664200000001,0.113748852,5,0.75,0.0,0.206433048
9,23,P4,0.10824126,0.004277355331644776,-0.10064971199999999,0.11908047800000002,5,0.75,0.0,0.206433048
9,7,FCz,0.10330096,0.005286064321586518,0.09632080400000001,0.118628598,5,0.75,0.0,0.206433048
9,14,C4,0.102013396,0.021201754727008568,-0.10058349600000001,0.116873056,5,0.75,0.0,0.206433048
9,0,Fp1,0.095497376,0.009050195579095515,-0.081615558,0.10537795800000001,5,0.75,0.0,0.206433048
9,20,TP8,0.095221902,0.005332476583316612,-0.061897584000000005,0.115502772,5,0.75,0.0,0.206433048
9,2,Fz,0.09500055199999999,0.017533887662375965,-0.085422782,0.10556009,5,0.75,0.0,0.206433048
9,3,F3,0.091665648,0.006863712992398503,0.03843887,0.09946440999999999,5,0.75,0.0,0.206433048
9,4,F4,0.09023833,0.0073631164771854555,0.015816114,0.10058403,5,0.75,0.0,0.206433048
9,10,FT7,0.088559964,0.006705044033507904,-0.061386038,0.10368301799999999,5,0.75,0.0,0.206433048
9,22,P3,0.086560978,0.013484598786516415,0.08607501199999999,0.10036943400000001,5,0.75,0.0,0.206433048
9,1,Fp2,0.084284468,0.005084227502292759,0.068799754,0.10878082199999999,5,0.75,0.0,0.206433048
9,5,F7,0.084052386,0.013137264971183307,0.081480364,0.096599564,5,0.75,0.0,0.206433048
9,11,FT8,0.083382532,0.005352864011108445,-0.0046323879999999994,0.098853362,5,0.75,0.0,0.206433048
9,12,Cz,0.08021238,0.005977442636884942,0.068116808,0.088465022,5,0.75,0.0,0.206433048
9,19,TP7,0.076994756,0.006218939131321354,-0.010002942,0.085570544,5,0.75,0.0,0.206433048
9,24,T5,0.076427932,0.019900305558958636,0.05604296599999999,0.086603362,5,0.75,0.0,0.206433048
9,25,T6,0.07354214,0.007214460536963243,-0.059984296000000006,0.085713568,5,0.75,0.0,0.206433048
9,26,Oz,0.06958114200000001,0.00408261410429274,0.03656166600000001,0.071436474,5,0.75,0.0,0.206433048
9,9,FC4,0.067859936,0.0047895857725152,-0.067240598,0.088026038,5,0.75,0.0,0.206433048
9,6,F8,0.06645806800000001,0.006631311898796499,-0.013302729999999999,0.07138896,5,0.75,0.0,0.206433048
9,8,FC3,0.041747778,0.006476048896172727,0.0027823719999999995,0.048391776,5,0.75,0.0,0.206433048
