{
  "48": {
    "accuracies": [
      0.55,
      0.7,
      0.575,
      0.525,
      0.65
    ],
    "balanced_accuracies": [
      0.55,
      0.7,
      0.575,
      0.525,
      0.6499999999999999
    ],
    "roc_aucs": [
      null,
      null,
      null,
      null,
      null
    ],
    "mean_accuracy": 0.6,
    "std_accuracy": 0.06519202405202647,
    "mean_balanced_accuracy": 0.6,
    "std_balanced_accuracy": 0.06519202405202645,
    "mean_roc_auc": null,
    "std_roc_auc": null
  },
  "49": {
    "accuracies": [
      0.6,
      0.75,
      0.675,
      0.725,
      0.6
    ],
    "balanced_accuracies": [
      0.6,
      0.75,
      0.675,
      0.7250000000000001,
      0.6000000000000001
    ],
    "roc_aucs": [
      null,
      null,
      null,
      null,
      null
    ],
    "mean_accuracy": 0.6700000000000002,
    "std_accuracy": 0.062048368229954284,
    "mean_balanced_accuracy": 0.6700000000000002,
    "std_balanced_accuracy": 0.062048368229954284,
    "mean_roc_auc": null,
    "std_roc_auc": null
  },
  "50": {
    "accuracies": [
      0.65,
      0.625,
      0.7,
      0.5,
      0.475
    ],
    "balanced_accuracies": [
      0.6499999999999999,
      0.625,
      0.7,
      0.5,
      0.47500000000000003
    ],
    "roc_aucs": [
      null,
      null,
      null,
      null,
      null
    ],
    "mean_accuracy": 0.59,
    "std_accuracy": 0.0874642784226795,
    "mean_balanced_accuracy": 0.59,
    "std_balanced_accuracy": 0.08746427842267948,
    "mean_roc_auc": null,
    "std_roc_auc": null
  },
  "51": {
    "accuracies": [
      0.55,
      0.425,
      0.575,
      0.55,
      0.55
    ],
    "balanced_accuracies": [
      0.55,
      0.42500000000000004,
      0.575,
      0.55,
      0.55
    ],
    "roc_aucs": [
      null,
      null,
      null,
      null,
      null
    ],
    "mean_accuracy": 0.53,
    "std_accuracy": 0.05338539126015657,
    "mean_balanced_accuracy": 0.53,
    "std_balanced_accuracy": 0.053385391260156546,
    "mean_roc_auc": null,
    "std_roc_auc": null
  },
  "52": {
    "accuracies": [
      0.55,
      0.6,
      0.65,
      0.6,
      0.5
    ],
    "balanced_accuracies": [
      0.55,
      0.6,
      0.65,
      0.6000000000000001,
      0.5
    ],
    "roc_aucs": [
      null,
      null,
      null,
      null,
      null
    ],
    "mean_accuracy": 0.58,
    "std_accuracy": 0.05099019513592784,
    "mean_balanced_accuracy": 0.58,
    "std_balanced_accuracy": 0.050990195135927854,
    "mean_roc_auc": null,
    "std_roc_auc": null
  },
  "53": {
    "accuracies": [
      0.675,
      0.625,
      0.6,
      0.575,
      0.65
    ],
    "balanced_accuracies": [
      0.675,
      0.625,
      0.6000000000000001,
      0.575,
      0.6499999999999999
    ],
    "roc_aucs": [
      null,
      null,
      null,
      null,
      null
    ],
    "mean_accuracy": 0.6249999999999999,
    "std_accuracy": 0.03535533905932741,
    "mean_balanced_accuracy": 0.625,
    "std_balanced_accuracy": 0.035355339059327376,
    "mean_roc_auc": null,
    "std_roc_auc": null
  },
  "54": {
    "accuracies": [
      0.6,
      0.45,
      0.475,
      0.525,
      0.625
    ],
    "balanced_accuracies": [
      0.6,
      0.45,
      0.475,
      0.525,
      0.625
    ],
    "roc_aucs": [
      null,
      null,
      null,
      null,
      null
    ],
    "mean_accuracy": 0.5349999999999999,
    "std_accuracy": 0.06819090848492927,
    "mean_balanced_accuracy": 0.5349999999999999,
    "std_balanced_accuracy": 0.06819090848492927,
    "mean_roc_auc": null,
    "std_roc_auc": null
  }
}