subject_id,channel_index,channel_name,mean_abs_weight,std_abs_weight,mean_signed_weight,mean_l2_weight,n_fold_values,mean_collapse_ratio,collapse_rate,mean_spatial_relative_delta
1,21,Pz,0.14236353,0.011875285825509632,0.017516774,0.149353502,5,0.725,0.2,0.262931806
1,27,O1,0.13427154800000002,0.030165261575411037,0.076735214,0.144615268,5,0.725,0.2,0.262931806
1,13,C3,0.126654412,0.030195595519894456,0.06516203000000001,0.12876558600000002,5,0.725,0.2,0.262931806
1,17,CP3,0.12285733400000001,0.006295857932135236,0.025616183999999997,0.140896358,5,0.725,0.2,0.262931806
1,28,O2,0.12104067,0.029916397191253656,-0.010481806,0.127374056,5,0.725,0.2,0.262931806
1,16,T4,0.119649072,0.004437423899411678,-0.009324448,0.144931432,5,0.725,0.2,0.262931806
1,0,Fp1,0.11885506400000001,0.009434644857345189,-0.092091106,0.12854047,5,0.725,0.2,0.262931806
1,15,T3,0.11795511,0.011315251148648887,0.11685973599999999,0.130548956,5,0.725,0.2,0.262931806
1,18,CP4,0.11181353600000002,0.004306024909557536,0.04003554,0.13380102600000002,5,0.725,0.2,0.262931806
1,4,F4,0.10325288400000002,0.020141466293545518,0.019027762,0.112902448,5,0.725,0.2,0.262931806
1,24,T5,0.10299135200000001,0.011820889870676822,0.05922662599999999,0.11496529600000001,5,0.725,0.2,0.262931806
1,7,FCz,0.102967078,0.005920705029886219,0.09439226,0.12002383000000001,5,0.725,0.2,0.262931806
1,2,Fz,0.101606076,0.02176921833988603,-0.086946438,0.114628362,5,0.725,0.2,0.262931806
1,14,C4,0.09523970400000001,0.024079970944738075,-0.08105188399999999,0.105778876,5,0.725,0.2,0.262931806
1,22,P3,0.095205878,0.018027551489818855,0.08800743,0.109132066,5,0.725,0.2,0.262931806
1,19,TP7,0.092095298,0.014171220147978435,-0.04327223,0.107190136,5,0.725,0.2,0.262931806
1,20,TP8,0.090358412,0.0036742283309519528,-0.04425422,0.10440181,5,0.725,0.2,0.262931806
1,23,P4,0.087402668,0.019479378865127347,-0.08215568200000001,0.10121635799999999,5,0.725,0.2,0.262931806
1,10,FT7,0.086288966,0.008259876304901916,-0.034225966,0.10059077000000001,5,0.725,0.2,0.262931806
1,12,Cz,0.084969874,0.01161220609673847,0.084475852,0.09959258,5,0.725,0.2,0.262931806
1,5,F7,0.080785546,0.0035911104097381906,0.07692317600000001,0.09289711,5,0.725,0.2,0.262931806
1,1,Fp2,0.079489722,0.007507410744122763,0.05562845400000001,0.095681392,5,0.725,0.2,0.262931806
1,11,FT8,0.07564185999999999,0.008181179707896662,-0.005629416,0.08980068199999999,5,0.725,0.2,0.262931806
1,3,F3,0.07551840800000001,0.014295312758235474,0.003035636,0.09027975,5,0.725,0.2,0.262931806
1,26,Oz,0.074972184,0.006970713809304613,0.036219,0.078460796,5,0.725,0.2,0.262931806
1,25,T6,0.069685908,0.01509949381519195,-0.056205226,0.08046732,5,0.725,0.2,0.262931806
1,6,F8,0.067125514,0.01566644665008406,-0.019558132,0.07132198000000001,5,0.725,0.2,0.262931806
1,9,FC4,0.05680989200000001,0.011518110058458812,-0.042220934,0.0715205,5,0.725,0.2,0.262931806
1,8,FC3,0.041599366,0.023921594990610053,-0.011375798,0.048592303999999996,5,0.725,0.2,0.262931806
10,17,CP3,0.14370551,0.02251207782473332,0.047559474000000004,0.171807468,5,0.725,0.4,0.5794934039999999
10,15,T3,0.13785519200000002,0.018659697380345418,0.098470762,0.144385222,5,0.725,0.4,0.5794934039999999
10,22,P3,0.130612532,0.03328121902052448,0.110094328,0.137213794,5,0.725,0.4,0.5794934039999999
10,21,Pz,0.12819124799999998,0.03275848664879942,-0.0042376739999999994,0.135220282,5,0.725,0.4,0.5794934039999999
10,18,CP4,0.11863941,0.012295178865878694,0.03745659,0.136027604,5,0.725,0.4,0.5794934039999999
10,28,O2,0.11467643999999999,0.03390111619679948,-0.021909628,0.12054465,5,0.725,0.4,0.5794934039999999
10,14,C4,0.11218263799999999,0.02481821347762606,-0.086529686,0.134266974,5,0.725,0.4,0.5794934039999999
10,16,T4,0.110961212,0.031104986598246107,0.021666869999999998,0.13039415999999998,5,0.725,0.4,0.5794934039999999
10,7,FCz,0.10546081199999999,0.022163179401204377,0.07957301,0.11903351,5,0.725,0.4,0.5794934039999999
10,27,O1,0.10520371399999999,0.019496417796592273,0.030338334,0.117610624,5,0.725,0.4,0.5794934039999999
10,3,F3,0.102964028,0.02727129992016094,0.041154722,0.11333027200000001,5,0.725,0.4,0.5794934039999999
10,10,FT7,0.10032921799999998,0.014754877946505353,-0.03890404,0.11732331199999999,5,0.725,0.4,0.5794934039999999
10,13,C3,0.09973088199999999,0.035766946858337235,0.062105982000000004,0.11371992199999999,5,0.725,0.4,0.5794934039999999
10,19,TP7,0.09901728000000001,0.0465940571690323,-0.06008944200000001,0.11211388200000001,5,0.725,0.4,0.5794934039999999
10,2,Fz,0.096734396,0.018668818585396076,-0.079351862,0.10812860799999999,5,0.725,0.4,0.5794934039999999
10,24,T5,0.096274562,0.015161259238162571,0.045640797999999996,0.11361074,5,0.725,0.4,0.5794934039999999
10,9,FC4,0.0962631,0.05049215086946435,-0.011519594,0.114323208,5,0.725,0.4,0.5794934039999999
10,8,FC3,0.094261326,0.08593454044947427,-0.053406471999999997,0.11886586800000001,5,0.725,0.4,0.5794934039999999
10,4,F4,0.091141572,0.04315771525346737,-0.021893299999999997,0.10357589,5,0.725,0.4,0.5794934039999999
10,5,F7,0.08988493,0.010468300925916774,0.080343628,0.10342459200000001,5,0.725,0.4,0.5794934039999999
10,0,Fp1,0.088578694,0.02533858985229703,-0.07418164000000001,0.098606106,5,0.725,0.4,0.5794934039999999
10,23,P4,0.085500596,0.019576569229821143,-0.045233244,0.104261074,5,0.725,0.4,0.5794934039999999
10,11,FT8,0.08238479800000001,0.004425848043739191,-0.027758752000000005,0.096629232,5,0.725,0.4,0.5794934039999999
10,6,F8,0.079768948,0.012161986848417081,0.008179981999999999,0.09206498599999999,5,0.725,0.4,0.5794934039999999
10,20,TP8,0.078921558,0.015368439872839071,0.012736284000000004,0.093790518,5,0.725,0.4,0.5794934039999999
10,26,Oz,0.070518876,0.011717579482419995,0.025069662,0.080913682,5,0.725,0.4,0.5794934039999999
10,25,T6,0.070198052,0.018288850038586896,-0.037008056,0.082958558,5,0.725,0.4,0.5794934039999999
10,1,Fp2,0.06877281399999999,0.016829243889712634,0.054386422000000004,0.08365414,5,0.725,0.4,0.5794934039999999
10,12,Cz,0.063853328,0.013404746483161098,0.013810182,0.07739594,5,0.725,0.4,0.5794934039999999
11,21,Pz,0.158356506,0.012150146904899146,0.002158754,0.1620022,5,0.8,0.4,0.281958064
11,17,CP3,0.154657416,0.04048729169729348,0.032529933999999996,0.174789636,5,0.8,0.4,0.281958064
11,28,O2,0.13571809399999998,0.010261325511303588,-0.0260497,0.140323488,5,0.8,0.4,0.281958064
11,16,T4,0.12462356999999999,0.008057258471905932,0.014582068,0.14622971599999998,5,0.8,0.4,0.281958064
11,23,P4,0.117451716,0.0185921756446181,-0.087168888,0.12488685,5,0.8,0.4,0.281958064
11,13,C3,0.11598871,0.011128762401316236,0.046441513999999996,0.125715048,5,0.8,0.4,0.281958064
11,18,CP4,0.107027884,0.009962953107534435,0.054693938,0.126185682,5,0.8,0.4,0.281958064
11,15,T3,0.106438004,0.024736711236593878,0.099178654,0.113328256,5,0.8,0.4,0.281958064
11,11,FT8,0.106396436,0.029611083497814297,0.028066926000000002,0.12373775000000001,5,0.8,0.4,0.281958064
11,2,Fz,0.10608351599999999,0.010964805711816333,-0.09904049,0.11987933399999999,5,0.8,0.4,0.281958064
11,27,O1,0.101959514,0.023040575215630577,0.046790120000000004,0.11178058799999999,5,0.8,0.4,0.281958064
11,19,TP7,0.098128144,0.016463696210647225,-0.020616632000000003,0.106431516,5,0.8,0.4,0.281958064
11,24,T5,0.096531018,0.010404094786357919,0.057762588000000004,0.106850318,5,0.8,0.4,0.281958064
11,4,F4,0.094207416,0.010506491059579789,0.012481988,0.105020428,5,0.8,0.4,0.281958064
11,14,C4,0.088472884,0.005807821880088094,-0.057438106,0.09997925199999999,5,0.8,0.4,0.281958064
11,10,FT7,0.087558532,0.022553176076487994,-0.048604122,0.09746418999999999,5,0.8,0.4,0.281958064
11,22,P3,0.08521187399999999,0.024078291477420695,0.078819054,0.102623914,5,0.8,0.4,0.281958064
11,0,Fp1,0.08273779,0.02586825532114507,-0.066963606,0.09060660400000001,5,0.8,0.4,0.281958064
11,5,F7,0.08268125600000001,0.012254056104895637,0.080700954,0.100323422,5,0.8,0.4,0.281958064
11,12,Cz,0.080678574,0.014036782071676183,0.07864602200000001,0.09212443000000001,5,0.8,0.4,0.281958064
11,6,F8,0.080251342,0.0033487111683556717,-0.045176948,0.08587006999999999,5,0.8,0.4,0.281958064
11,7,FCz,0.08003698000000001,0.01918184248622509,0.08003698000000001,0.088967804,5,0.8,0.4,0.281958064
11,20,TP8,0.078955352,0.014361036326841808,-0.043358209999999994,0.095051438,5,0.8,0.4,0.281958064
11,3,F3,0.070304336,0.01744504672482937,0.019469216,0.07832113599999999,5,0.8,0.4,0.281958064
11,1,Fp2,0.069826318,0.014592719522757574,0.054616204,0.08527275399999999,5,0.8,0.4,0.281958064
11,25,T6,0.069132454,0.015245024223656712,-0.038468564,0.08162567000000001,5,0.8,0.4,0.281958064
11,9,FC4,0.066486408,0.012885598990024484,-0.058869424000000004,0.083317858,5,0.8,0.4,0.281958064
11,26,Oz,0.066354242,0.01449948262827919,0.031001259999999996,0.070221346,5,0.8,0.4,0.281958064
11,8,FC3,0.05546156,0.02887406268402751,-0.012355918,0.065142886,5,0.8,0.4,0.281958064
12,21,Pz,0.15657415800000002,0.012304679897730784,0.018888568,0.15935684,5,0.9,0.8,0.132617358
12,28,O2,0.150466334,0.019315722853764233,-0.01748914,0.15233796800000002,5,0.9,0.8,0.132617358
12,17,CP3,0.130432308,0.012087750479645498,0.022297208000000002,0.151709296,5,0.9,0.8,0.132617358
12,15,T3,0.118450996,0.010635293633216246,0.11813146999999999,0.12600757599999998,5,0.9,0.8,0.132617358
12,18,CP4,0.116015868,0.009333236764261904,0.03233685,0.132315038,5,0.9,0.8,0.132617358
12,16,T4,0.114304442,0.013184726445883132,0.016838418,0.129232442,5,0.9,0.8,0.132617358
12,27,O1,0.112552824,0.012522373238517128,0.053391778,0.126510288,5,0.9,0.8,0.132617358
12,13,C3,0.10816176799999999,0.009593601799369723,0.06403589600000001,0.10997845799999999,5,0.9,0.8,0.132617358
12,23,P4,0.10560101399999999,0.010619356839532702,-0.09282958,0.119518524,5,0.9,0.8,0.132617358
12,0,Fp1,0.10480678399999999,0.007338343930232491,-0.0932743,0.11865220800000001,5,0.9,0.8,0.132617358
12,7,FCz,0.10447424000000001,0.009757197877510738,0.10447424000000001,0.119627026,5,0.9,0.8,0.132617358
12,14,C4,0.100433518,0.02439174318073679,-0.082494994,0.11016984,5,0.9,0.8,0.132617358
12,2,Fz,0.098376978,0.008130442063071975,-0.092753702,0.11186839600000001,5,0.9,0.8,0.132617358
12,19,TP7,0.092347628,0.016736838602735584,-0.027259334000000003,0.10267330599999999,5,0.9,0.8,0.132617358
12,24,T5,0.090454542,0.01928354276977833,0.059371205999999996,0.099794092,5,0.9,0.8,0.132617358
12,10,FT7,0.090070524,0.019310716238864108,-0.061970782,0.10485641000000001,5,0.9,0.8,0.132617358
12,22,P3,0.08937278600000001,0.025775289235275903,0.08937278600000001,0.09766285,5,0.9,0.8,0.132617358
12,20,TP8,0.08871852799999999,0.003746855723812966,-0.051003664000000004,0.106829906,5,0.9,0.8,0.132617358
12,3,F3,0.088206898,0.002281680193797984,0.023069062,0.097183522,5,0.9,0.8,0.132617358
12,4,F4,0.08655991599999999,0.015012545826881933,0.017137807999999997,0.094313764,5,0.9,0.8,0.132617358
12,1,Fp2,0.08393898,0.010648253666752122,0.06341629,0.101900674,5,0.9,0.8,0.132617358
12,12,Cz,0.080537888,0.008530538226156658,0.079874736,0.09573352399999999,5,0.9,0.8,0.132617358
12,5,F7,0.079873496,0.004823832243277119,0.07471306600000001,0.090861876,5,0.9,0.8,0.132617358
12,11,FT8,0.07830996999999999,0.005636029988977166,-0.004520316,0.09514431999999999,5,0.9,0.8,0.132617358
12,6,F8,0.07714576399999999,0.004186493664211133,-0.026263587999999997,0.080560046,5,0.9,0.8,0.132617358
12,25,T6,0.07309242,0.012428760514387585,-0.051044986,0.08126534599999999,5,0.9,0.8,0.132617358
12,26,Oz,0.067622182,0.013736513682478534,0.036793934,0.07230367800000001,5,0.9,0.8,0.132617358
12,9,FC4,0.056390817999999995,0.005024090240284305,-0.053968164,0.070163404,5,0.9,0.8,0.132617358
12,8,FC3,0.036529664,0.012495525613995995,-0.00032854400000000006,0.042958091999999996,5,0.9,0.8,0.132617358
13,28,O2,0.14839688,0.011525723346274193,-0.006002051999999999,0.152272766,5,0.8,0.4,0.196066798
13,21,Pz,0.146204636,0.010375271905296263,-0.00233716,0.147521394,5,0.8,0.4,0.196066798
13,27,O1,0.139166862,0.023720105940917936,0.069560274,0.148298326,5,0.8,0.4,0.196066798
13,15,T3,0.118399768,0.011148735419968935,0.114039474,0.12974305,5,0.8,0.4,0.196066798
13,16,T4,0.117530972,0.006883951818757161,0.013699048,0.131441628,5,0.8,0.4,0.196066798
13,7,FCz,0.113550572,0.025325725205653436,0.10806887800000001,0.128513678,5,0.8,0.4,0.196066798
13,18,CP4,0.11256374999999999,0.015546411223467298,0.022807124,0.133440536,5,0.8,0.4,0.196066798
13,22,P3,0.110427264,0.019036687084583025,0.110427264,0.12037117,5,0.8,0.4,0.196066798
13,23,P4,0.109709656,0.012505243503853897,-0.097046872,0.12134475999999998,5,0.8,0.4,0.196066798
13,2,Fz,0.10944638599999998,0.007780972709804985,-0.103474392,0.12440367399999999,5,0.8,0.4,0.196066798
13,24,T5,0.10779324400000001,0.015746686921664817,0.079607018,0.121658454,5,0.8,0.4,0.196066798
13,0,Fp1,0.10504919799999998,0.012949651523225247,-0.08635931399999999,0.12187821800000001,5,0.8,0.4,0.196066798
13,13,C3,0.10417557399999999,0.01727882965563148,0.06316148,0.108276752,5,0.8,0.4,0.196066798
13,4,F4,0.103191208,0.01292156539328807,0.011070774,0.115208036,5,0.8,0.4,0.196066798
13,14,C4,0.09544715200000001,0.0136626223872092,-0.08689042599999999,0.113169616,5,0.8,0.4,0.196066798
13,10,FT7,0.094813622,0.005782127346528258,-0.05740065400000001,0.104663324,5,0.8,0.4,0.196066798
13,20,TP8,0.09456097,0.007472759936767007,-0.059654637999999996,0.113911904,5,0.8,0.4,0.196066798
13,17,CP3,0.093615198,0.03757147999324049,0.024259968,0.10759313,5,0.8,0.4,0.196066798
13,25,T6,0.08635084200000001,0.015566447979861049,-0.055127402000000006,0.100114776,5,0.8,0.4,0.196066798
13,11,FT8,0.085321236,0.018712127621626305,0.0029977280000000003,0.098448746,5,0.8,0.4,0.196066798
13,6,F8,0.08495609800000001,0.01233196691256184,-0.030635644,0.092376022,5,0.8,0.4,0.196066798
13,26,Oz,0.082857972,0.010172404001607488,0.049252206,0.08521445999999999,5,0.8,0.4,0.196066798
13,19,TP7,0.08195844399999999,0.0062215402461030436,-0.023671392,0.092895448,5,0.8,0.4,0.196066798
13,3,F3,0.08075421,0.015000116558622132,0.01804321,0.093367748,5,0.8,0.4,0.196066798
13,5,F7,0.079817,0.00941322901206595,0.07813084000000001,0.09171016600000001,5,0.8,0.4,0.196066798
13,12,Cz,0.07948575,0.00526009515028008,0.068594928,0.092580056,5,0.8,0.4,0.196066798
13,1,Fp2,0.076426324,0.01812280127673506,0.062304521999999994,0.09402803800000001,5,0.8,0.4,0.196066798
13,9,FC4,0.07491009600000001,0.023540403507515118,-0.070710306,0.092115626,5,0.8,0.4,0.196066798
13,8,FC3,0.035282462,0.00589942740483515,0.0037871380000000002,0.045109502,5,0.8,0.4,0.196066798
14,21,Pz,0.144649886,0.01776491469136793,0.00955221,0.145318878,5,0.925,0.6,0.07707609800000001
14,28,O2,0.14212354,0.004479123470434808,-0.02268278,0.146399466,5,0.925,0.6,0.07707609800000001
14,17,CP3,0.12327450799999999,0.004215298184265263,0.042418196,0.142744562,5,0.925,0.6,0.07707609800000001
14,27,O1,0.12296568999999999,0.0014960669577595727,0.054864288000000004,0.135296476,5,0.925,0.6,0.07707609800000001
14,16,T4,0.12139167799999999,0.0017334055116936765,0.010044556,0.13537458200000002,5,0.925,0.6,0.07707609800000001
14,15,T3,0.120600442,0.012350086114775479,0.120600442,0.126499926,5,0.925,0.6,0.07707609800000001
14,13,C3,0.11437592199999999,0.0017486260942865934,0.076744654,0.118763914,5,0.925,0.6,0.07707609800000001
14,18,CP4,0.112827168,0.00496859230481029,0.03876714,0.12702781000000002,5,0.925,0.6,0.07707609800000001
14,22,P3,0.111014434,0.006380782273854048,0.111014434,0.11932148199999999,5,0.925,0.6,0.07707609800000001
14,0,Fp1,0.106984214,0.0059564655511788215,-0.091850606,0.119261002,5,0.925,0.6,0.07707609800000001
14,23,P4,0.1069437,0.005138307824201464,-0.092137688,0.11970876400000001,5,0.925,0.6,0.07707609800000001
14,2,Fz,0.102410462,0.001787281652194193,-0.08913402000000001,0.11346514,5,0.925,0.6,0.07707609800000001
14,7,FCz,0.099737512,0.0009762393054318198,0.099737512,0.113937098,5,0.925,0.6,0.07707609800000001
14,24,T5,0.09836617,0.015607977693711634,0.062287634,0.10668294,5,0.925,0.6,0.07707609800000001
14,4,F4,0.093519086,0.009510693209552602,0.011454366,0.104203558,5,0.925,0.6,0.07707609800000001
14,10,FT7,0.09348686,0.006583218283727192,-0.064099828,0.10866066599999999,5,0.925,0.6,0.07707609800000001
14,20,TP8,0.089360648,0.0010092521197996073,-0.059046946,0.10834598399999999,5,0.925,0.6,0.07707609800000001
14,14,C4,0.086770576,0.0030275859077621542,-0.07873393399999999,0.098331794,5,0.925,0.6,0.07707609800000001
14,3,F3,0.086628828,0.0023077532976187027,0.030383761999999998,0.09231432,5,0.925,0.6,0.07707609800000001
14,12,Cz,0.086384484,0.0201369268829638,0.080884318,0.100983274,5,0.925,0.6,0.07707609800000001
14,11,FT8,0.085921082,0.012425486214823549,-0.011657155999999998,0.10245880600000001,5,0.925,0.6,0.07707609800000001
14,26,Oz,0.080144286,0.004638640245834975,0.049635316,0.08505922,5,0.925,0.6,0.07707609800000001
14,5,F7,0.07981206399999999,0.00929087425088888,0.076898498,0.094928844,5,0.925,0.6,0.07707609800000001
14,19,TP7,0.07965445,0.010174485000934935,-0.025538486,0.09220086,5,0.925,0.6,0.07707609800000001
14,25,T6,0.078418406,0.0072564670361877906,-0.063149028,0.092012528,5,0.925,0.6,0.07707609800000001
14,1,Fp2,0.077569186,0.00016751802986544423,0.06220615,0.09439052,5,0.925,0.6,0.07707609800000001
14,6,F8,0.074863446,0.007009721363908125,-0.0240192,0.077794944,5,0.925,0.6,0.07707609800000001
14,9,FC4,0.06432331799999999,0.013799864521431724,-0.06432331799999999,0.083181888,5,0.925,0.6,0.07707609800000001
14,8,FC3,0.03599873,0.010623640676385378,0.00385984,0.042415168,5,0.925,0.6,0.07707609800000001
15,21,Pz,0.13228026399999998,0.022119892454600217,-0.034374954,0.142802938,5,0.8,0.4,0.502401522
15,15,T3,0.131479334,0.0397193989046666,0.12316372599999999,0.143711702,5,0.8,0.4,0.502401522
15,13,C3,0.12313153400000001,0.011882064223948207,0.10563147799999999,0.133536914,5,0.8,0.4,0.502401522
15,28,O2,0.121613522,0.03410839646753817,-0.005495244,0.129558046,5,0.8,0.4,0.502401522
15,16,T4,0.108420216,0.018193119876779795,0.022570202,0.125026602,5,0.8,0.4,0.502401522
15,0,Fp1,0.10814731600000001,0.018961907779820836,-0.102362562,0.124671388,5,0.8,0.4,0.502401522
15,17,CP3,0.107431142,0.01892915809830881,0.04344751,0.122095218,5,0.8,0.4,0.502401522
15,20,TP8,0.103363808,0.01721273464643605,-0.08467747,0.132059194,5,0.8,0.4,0.502401522
15,18,CP4,0.10330486800000001,0.013011261297146411,0.019029056,0.12169179999999999,5,0.8,0.4,0.502401522
15,10,FT7,0.103245528,0.015468648431335882,-0.075337038,0.113437696,5,0.8,0.4,0.502401522
15,22,P3,0.10251903200000001,0.011473146597822233,0.10251903200000001,0.11309944400000001,5,0.8,0.4,0.502401522
15,5,F7,0.098977674,0.016968495728603344,0.097625194,0.109990922,5,0.8,0.4,0.502401522
15,26,Oz,0.09859907,0.021016276742024265,0.033651728000000006,0.10526252,5,0.8,0.4,0.502401522
15,27,O1,0.09685622,0.024331150703482976,0.0023632260000000004,0.11212280999999999,5,0.8,0.4,0.502401522
15,3,F3,0.095237082,0.006839663886816367,0.009502906,0.10934967799999999,5,0.8,0.4,0.502401522
15,24,T5,0.09116172,0.018195550881579547,0.044367776000000005,0.106233476,5,0.8,0.4,0.502401522
15,2,Fz,0.09029516,0.013923272522823072,-0.07434099400000001,0.11290716599999999,5,0.8,0.4,0.502401522
15,25,T6,0.088882816,0.010136433993798311,-0.07955343200000001,0.10008906,5,0.8,0.4,0.502401522
15,23,P4,0.08832461999999999,0.03301426493401224,-0.033081896,0.102868406,5,0.8,0.4,0.502401522
15,12,Cz,0.084738424,0.025578039560502475,0.08017359399999999,0.104245174,5,0.8,0.4,0.502401522
15,7,FCz,0.082929698,0.013558303878360673,0.051755022,0.094820366,5,0.8,0.4,0.502401522
15,4,F4,0.080194252,0.016092041577502523,0.021975216,0.093265308,5,0.8,0.4,0.502401522
15,11,FT8,0.073409692,0.007523691896314602,0.032996184,0.08709323,5,0.8,0.4,0.502401522
15,19,TP7,0.072476002,0.02431322823617053,-0.033733544,0.08317595,5,0.8,0.4,0.502401522
15,14,C4,0.069242036,0.02462123732986789,-0.062384224,0.08185972,5,0.8,0.4,0.502401522
15,1,Fp2,0.069114974,0.011232372848055306,0.012438884,0.083140236,5,0.8,0.4,0.502401522
15,8,FC3,0.064870178,0.03569088286203033,0.053052612,0.07518024799999999,5,0.8,0.4,0.502401522
15,9,FC4,0.061667956,0.021814977062638186,-0.024555852,0.073806542,5,0.8,0.4,0.502401522
15,6,F8,0.06072816400000001,0.02293383477740105,-0.0009013720000000003,0.064722214,5,0.8,0.4,0.502401522
16,28,O2,0.14016351999999999,0.00944701909415081,-0.006510131999999999,0.14635504,5,0.9,0.8,0.23328565199999995
16,21,Pz,0.134431176,0.04040655267410695,0.008445904,0.138627136,5,0.9,0.8,0.23328565199999995
16,17,CP3,0.126529906,0.012077999199090465,0.025524646,0.146524518,5,0.9,0.8,0.23328565199999995
16,13,C3,0.11818656400000001,0.006420348006543723,0.055146483999999996,0.126008532,5,0.9,0.8,0.23328565199999995
16,2,Fz,0.11804988000000001,0.03212656101907345,-0.09628796399999999,0.14146668199999998,5,0.9,0.8,0.23328565199999995
16,27,O1,0.113559412,0.017480384705884477,0.046701582,0.12465827,5,0.9,0.8,0.23328565199999995
16,15,T3,0.113067404,0.029929296785755424,0.094361828,0.119368026,5,0.9,0.8,0.23328565199999995
16,24,T5,0.110753046,0.013318775053015574,0.085258042,0.12112413,5,0.9,0.8,0.23328565199999995
16,16,T4,0.110336346,0.026392084650598936,0.014012143999999999,0.120746548,5,0.9,0.8,0.23328565199999995
16,18,CP4,0.104720042,0.014478104024552728,0.038148976,0.126895276,5,0.9,0.8,0.23328565199999995
16,22,P3,0.10395202,0.010040448920123044,0.09369611200000001,0.113460516,5,0.9,0.8,0.23328565199999995
16,25,T6,0.098925064,0.03919579933052941,-0.060466175999999996,0.10955963799999999,5,0.9,0.8,0.23328565199999995
16,14,C4,0.09827053599999999,0.02838609748826404,-0.089746494,0.112046774,5,0.9,0.8,0.23328565199999995
16,7,FCz,0.097101612,0.005717084153663474,0.097101612,0.110187974,5,0.9,0.8,0.23328565199999995
16,23,P4,0.09640547000000001,0.017826753547473248,-0.08302005,0.106756246,5,0.9,0.8,0.23328565199999995
16,0,Fp1,0.093648386,0.03530915699282666,-0.073924206,0.10547103799999999,5,0.9,0.8,0.23328565199999995
16,11,FT8,0.092382344,0.02790154156069661,0.005578218,0.107955574,5,0.9,0.8,0.23328565199999995
16,19,TP7,0.087153096,0.006037158180384212,-0.030161404000000003,0.10394420200000001,5,0.9,0.8,0.23328565199999995
16,20,TP8,0.08519549200000001,0.009914734600395013,-0.040389114000000004,0.100877942,5,0.9,0.8,0.23328565199999995
16,6,F8,0.084508658,0.015562736505768192,-0.0017163700000000005,0.089836522,5,0.9,0.8,0.23328565199999995
16,4,F4,0.083178014,0.03164277634203943,0.005302322,0.09233095799999999,5,0.9,0.8,0.23328565199999995
16,5,F7,0.08298414600000001,0.00207921410432644,0.073006116,0.096566292,5,0.9,0.8,0.23328565199999995
16,12,Cz,0.081197404,0.008903096041913172,0.080406696,0.098380298,5,0.9,0.8,0.23328565199999995
16,10,FT7,0.08093179399999999,0.020378599815921605,-0.044691904,0.09228304000000001,5,0.9,0.8,0.23328565199999995
16,3,F3,0.079067312,0.01925222343440024,0.031336698,0.085549426,5,0.9,0.8,0.23328565199999995
16,26,Oz,0.078393634,0.001776935712801671,0.031104838000000003,0.080915614,5,0.9,0.8,0.23328565199999995
16,1,Fp2,0.072710634,0.012032574789280557,0.039260508,0.090412202,5,0.9,0.8,0.23328565199999995
16,9,FC4,0.056648330000000004,0.0028090979822355797,-0.036603102,0.073496374,5,0.9,0.8,0.23328565199999995
16,8,FC3,0.03140156,0.0009031940915716856,0.0017163340000000003,0.036794682,5,0.9,0.8,0.23328565199999995
17,28,O2,0.143870608,0.016060650165859416,-0.02606773,0.14753235199999998,5,0.825,0.2,0.233336686
17,21,Pz,0.135756134,0.02663484850232455,-0.009727532,0.140547308,5,0.825,0.2,0.233336686
17,15,T3,0.12683354,0.006696311735922245,0.12683354,0.133002292,5,0.825,0.2,0.233336686
17,18,CP4,0.125509804,0.03980352382292339,0.053622130000000004,0.140692682,5,0.825,0.2,0.233336686
17,2,Fz,0.124780916,0.02468372573056345,-0.11097241399999999,0.13544793,5,0.825,0.2,0.233336686
17,14,C4,0.11963086,0.05045309390631906,-0.109344306,0.13359209600000002,5,0.825,0.2,0.233336686
17,13,C3,0.11336571,0.008765194871892467,0.06548288199999999,0.11637711799999999,5,0.825,0.2,0.233336686
17,16,T4,0.109103022,0.019336342731062668,0.013125113999999998,0.12118211400000001,5,0.825,0.2,0.233336686
17,27,O1,0.10626343999999999,0.02012847442670209,0.046549448,0.117889044,5,0.825,0.2,0.233336686
17,17,CP3,0.10591055199999999,0.022437178529368842,0.022166728,0.123760082,5,0.825,0.2,0.233336686
17,23,P4,0.10335375200000001,0.006077506223589577,-0.09703521200000001,0.12087256000000002,5,0.825,0.2,0.233336686
17,0,Fp1,0.10231667600000001,0.010970961007071347,-0.08561580199999999,0.116487498,5,0.825,0.2,0.233336686
17,7,FCz,0.099703404,0.001763203369347961,0.099703404,0.11324369999999999,5,0.825,0.2,0.233336686
17,22,P3,0.098657936,0.011737163631177253,0.097129992,0.107853402,5,0.825,0.2,0.233336686
17,24,T5,0.092725596,0.02169349061425178,0.049136026,0.100973786,5,0.825,0.2,0.233336686
17,26,Oz,0.091495332,0.0290528576532158,0.016120918,0.095481762,5,0.825,0.2,0.233336686
17,12,Cz,0.08908026200000001,0.02907347006420579,0.08375423400000001,0.101741588,5,0.825,0.2,0.233336686
17,10,FT7,0.087204216,0.01414300920140159,-0.056819472,0.107669032,5,0.825,0.2,0.233336686
17,1,Fp2,0.086477136,0.012478761746612924,0.07252455399999999,0.10298634,5,0.825,0.2,0.233336686
17,5,F7,0.085973332,0.0032822472453518767,0.069230762,0.10230397799999999,5,0.825,0.2,0.233336686
17,4,F4,0.08537847400000001,0.027148930744109977,0.01676429,0.091792496,5,0.825,0.2,0.233336686
17,20,TP8,0.079989548,0.014388072661856762,-0.057474946000000006,0.097860792,5,0.825,0.2,0.233336686
17,3,F3,0.079363106,0.017754237136101622,0.030585286,0.087211372,5,0.825,0.2,0.233336686
17,19,TP7,0.078910484,0.007092635103487985,-0.013993793999999999,0.091088064,5,0.825,0.2,0.233336686
17,6,F8,0.0720631,0.0064242481614466,-0.0044726440000000004,0.076056914,5,0.825,0.2,0.233336686
17,9,FC4,0.06639588199999999,0.024777039142400974,-0.06509999600000001,0.085016816,5,0.825,0.2,0.233336686
17,11,FT8,0.064750268,0.018404000558581546,-0.0023290760000000002,0.081376348,5,0.825,0.2,0.233336686
17,25,T6,0.064447902,0.028818265585887886,-0.050551716000000003,0.07393277200000001,5,0.825,0.2,0.233336686
17,8,FC3,0.044486517999999996,0.022729945094059734,0.025800208,0.051998977999999994,5,0.825,0.2,0.233336686
18,11,FT8,0.20691153199999998,0.009161851629016931,-0.0104555,0.214420894,5,0.55,0.0,1.2343461039999999
18,23,P4,0.20215170799999999,0.0404204161054339,-0.101425912,0.215643874,5,0.55,0.0,1.2343461039999999
18,20,TP8,0.19342598,0.005085761789963236,0.08354752,0.21289858,5,0.55,0.0,1.2343461039999999
18,7,FCz,0.15960986400000002,0.03649345192423471,0.14290034000000001,0.18344166,5,0.55,0.0,1.2343461039999999
18,26,Oz,0.145983676,0.013713907100621635,0.020526492,0.153068122,5,0.55,0.0,1.2343461039999999
18,13,C3,0.129239616,0.06449901448119794,-0.09880172400000001,0.14235149200000002,5,0.55,0.0,1.2343461039999999
18,12,Cz,0.11350563,0.02875207001626926,0.088274436,0.128373968,5,0.55,0.0,1.2343461039999999
18,22,P3,0.11008853999999998,0.04073261114655246,0.05226331399999999,0.136033142,5,0.55,0.0,1.2343461039999999
18,27,O1,0.10601819800000001,0.02021064819112366,0.002280818,0.11584741400000001,5,0.55,0.0,1.2343461039999999
18,19,TP7,0.10056881200000001,0.021112151827611513,0.0017140800000000004,0.116334648,5,0.55,0.0,1.2343461039999999
18,2,Fz,0.09280440999999999,0.0240970678499605,-0.070598914,0.10424291000000001,5,0.55,0.0,1.2343461039999999
18,15,T3,0.09123114,0.021582655421709583,0.060638590000000006,0.09852818199999999,5,0.55,0.0,1.2343461039999999
18,24,T5,0.08524727800000001,0.023997970438021838,-0.0026728200000000007,0.09668207599999999,5,0.55,0.0,1.2343461039999999
18,28,O2,0.07873558,0.025898536682785765,-0.033524964000000004,0.08727317,5,0.55,0.0,1.2343461039999999
18,17,CP3,0.071697786,0.03465865446207383,0.03038482,0.077529836,5,0.55,0.0,1.2343461039999999
18,8,FC3,0.07070042800000001,0.0431255502973344,-0.019897964,0.089657054,5,0.55,0.0,1.2343461039999999
18,21,Pz,0.06998932599999999,0.045028391698683064,-0.0027907719999999995,0.075432628,5,0.55,0.0,1.2343461039999999
18,14,C4,0.06925231800000001,0.023573754394195894,-0.051660262,0.082829622,5,0.55,0.0,1.2343461039999999
18,16,T4,0.06657062999999999,0.034855864857634075,-0.035669746,0.07822901600000001,5,0.55,0.0,1.2343461039999999
18,9,FC4,0.065502702,0.02628126074063742,0.032494091999999995,0.089489588,5,0.55,0.0,1.2343461039999999
18,18,CP4,0.060197574,0.02449356882626805,-0.005049545999999999,0.067203448,5,0.55,0.0,1.2343461039999999
18,3,F3,0.053949418000000006,0.019941266627440443,-0.023827982,0.068829576,5,0.55,0.0,1.2343461039999999
18,6,F8,0.05347835599999999,0.017488848888415436,-0.008887181999999999,0.06402848000000001,5,0.55,0.0,1.2343461039999999
18,4,F4,0.052260924,0.027005971353192982,0.022397132,0.059667486000000006,5,0.55,0.0,1.2343461039999999
18,10,FT7,0.043165298000000005,0.008220336856146468,-0.022486078,0.0506258,5,0.55,0.0,1.2343461039999999
18,5,F7,0.034857126,0.01613931044005536,-0.002583364,0.041692034,5,0.55,0.0,1.2343461039999999
18,25,T6,0.028604574,0.0149588970116894,0.006694972,0.034262520000000005,5,0.55,0.0,1.2343461039999999
18,1,Fp2,0.020736117999999998,0.010858146800171291,0.00798365,0.024205482,5,0.55,0.0,1.2343461039999999
18,0,Fp1,0.018196968,0.0064632372696753135,0.0020614100000000005,0.020045732,5,0.55,0.0,1.2343461039999999
19,21,Pz,0.159491886,0.017923512432688242,0.012442612,0.16062835,5,0.825,0.6,0.260084734
19,15,T3,0.13926845599999998,0.01858927343829581,0.13926845599999998,0.153302696,5,0.825,0.6,0.260084734
19,17,CP3,0.138284076,0.02594776076669103,0.021371618000000002,0.152718214,5,0.825,0.6,0.260084734
19,28,O2,0.13555114,0.015477126352034803,-0.027427252000000003,0.142932726,5,0.825,0.6,0.260084734
19,16,T4,0.122176934,0.020232217329285238,-0.008615366,0.141303554,5,0.825,0.6,0.260084734
19,27,O1,0.120814346,0.005747206754927128,0.060471382,0.136144926,5,0.825,0.6,0.260084734
19,23,P4,0.11587399999999999,0.020339317229662597,-0.098656598,0.126071308,5,0.825,0.6,0.260084734
19,13,C3,0.109254322,0.013470656474363822,0.053799796,0.113867868,5,0.825,0.6,0.260084734
19,18,CP4,0.10716587200000001,0.0061278954917140995,0.033554192,0.12153239600000001,5,0.825,0.6,0.260084734
19,2,Fz,0.103612344,0.017591496380337576,-0.100453806,0.11451343,5,0.825,0.6,0.260084734
19,24,T5,0.100666112,0.01320930424583256,0.06347691200000001,0.10942015600000002,5,0.825,0.6,0.260084734
19,20,TP8,0.099584084,0.016526546880919504,-0.04506234,0.11285716800000001,5,0.825,0.6,0.260084734
19,14,C4,0.098335426,0.019018099964535896,-0.072980776,0.117028164,5,0.825,0.6,0.260084734
19,0,Fp1,0.09699904200000001,0.017561240593795473,-0.07574498,0.11049136600000001,5,0.825,0.6,0.260084734
19,19,TP7,0.096520118,0.024693908753234475,-0.025034142,0.10781689000000001,5,0.825,0.6,0.260084734
19,5,F7,0.09633820400000001,0.026289351946263907,0.081283386,0.11660533399999999,5,0.825,0.6,0.260084734
19,22,P3,0.094057494,0.021953756542688316,0.093285034,0.10760472000000001,5,0.825,0.6,0.260084734
19,11,FT8,0.094015564,0.01950173396868288,0.016930960000000002,0.106982096,5,0.825,0.6,0.260084734
19,7,FCz,0.09168756,0.012329474158326865,0.09168756,0.10260944000000001,5,0.825,0.6,0.260084734
19,4,F4,0.090671468,0.014071946252518522,0.026188104,0.09948746,5,0.825,0.6,0.260084734
19,10,FT7,0.08597342,0.018638938010531885,-0.0129248,0.100295892,5,0.825,0.6,0.260084734
19,9,FC4,0.08520464800000001,0.0394127119527624,-0.050149573999999995,0.101524828,5,0.825,0.6,0.260084734
19,25,T6,0.079584018,0.007785596446035464,-0.052341604,0.091136578,5,0.825,0.6,0.260084734
19,26,Oz,0.07493470599999999,0.004434579477840039,0.048218084,0.079502246,5,0.825,0.6,0.260084734
19,3,F3,0.072726776,0.023122028870953996,0.02500818,0.078425022,5,0.825,0.6,0.260084734
19,1,Fp2,0.072054652,0.008722448015237463,0.050234464,0.087836952,5,0.825,0.6,0.260084734
19,12,Cz,0.06614769000000001,0.016296874354189826,0.059074366,0.081463674,5,0.825,0.6,0.260084734
19,6,F8,0.064192564,0.01881927055091217,-0.022574584,0.06513004,5,0.825,0.6,0.260084734
19,8,FC3,0.035255844,0.006182843408507934,-0.00658835,0.041629792,5,0.825,0.6,0.260084734
2,15,T3,0.15309277999999998,0.020326371500492907,0.15309277999999998,0.15528610599999998,5,0.65,0.0,0.36670644199999997
2,21,Pz,0.152313786,0.01079862548592783,-0.019326226000000002,0.15787040800000002,5,0.65,0.0,0.36670644199999997
2,17,CP3,0.14052540600000002,0.017537963227967204,-0.001835631999999999,0.16714307,5,0.65,0.0,0.36670644199999997
2,28,O2,0.129033278,0.010354957336330265,-0.018584228,0.13310597200000002,5,0.65,0.0,0.36670644199999997
2,2,Fz,0.12092365599999999,0.01892041276382418,-0.120290696,0.136309982,5,0.65,0.0,0.36670644199999997
2,24,T5,0.113177928,0.013107155302843941,0.076312676,0.123800884,5,0.65,0.0,0.36670644199999997
2,5,F7,0.112211744,0.02625044168940077,0.091106332,0.12392129600000001,5,0.65,0.0,0.36670644199999997
2,27,O1,0.11170036800000001,0.026268144836439633,0.051259690000000004,0.121978904,5,0.65,0.0,0.36670644199999997
2,16,T4,0.11035925399999999,0.023611023645716427,0.035215316,0.12513694800000003,5,0.65,0.0,0.36670644199999997
2,18,CP4,0.109262418,0.007764518584994178,0.035129818,0.12689135,5,0.65,0.0,0.36670644199999997
2,13,C3,0.10450715,0.014953921137801952,0.026088518000000005,0.114821854,5,0.65,0.0,0.36670644199999997
2,23,P4,0.10349780800000001,0.007361020593091693,-0.067371706,0.109675162,5,0.65,0.0,0.36670644199999997
2,10,FT7,0.09907908400000001,0.01062195670826378,-0.0664322,0.111722964,5,0.65,0.0,0.36670644199999997
2,25,T6,0.09883877199999999,0.01844246444701521,-0.036951398,0.107833646,5,0.65,0.0,0.36670644199999997
2,0,Fp1,0.093026094,0.027537324235236253,-0.07044859,0.10376783600000002,5,0.65,0.0,0.36670644199999997
2,7,FCz,0.091763724,0.01065838484026215,0.070239516,0.112385498,5,0.65,0.0,0.36670644199999997
2,12,Cz,0.090691594,0.02285362043963013,0.043478961999999996,0.102385108,5,0.65,0.0,0.36670644199999997
2,4,F4,0.08919872799999999,0.012005536589897598,0.012289388000000002,0.100436208,5,0.65,0.0,0.36670644199999997
2,22,P3,0.08863667,0.0222839956154546,0.064217488,0.099776304,5,0.65,0.0,0.36670644199999997
2,14,C4,0.083093576,0.01003461302213394,-0.042451478,0.09414268,5,0.65,0.0,0.36670644199999997
2,3,F3,0.08121366599999999,0.008852063667844913,0.020898696,0.089617028,5,0.65,0.0,0.36670644199999997
2,26,Oz,0.073340116,0.008575603289817574,0.047980472,0.07992431600000001,5,0.65,0.0,0.36670644199999997
2,6,F8,0.072858326,0.011400301266226692,-0.021351696,0.079789924,5,0.65,0.0,0.36670644199999997
2,19,TP7,0.070728264,0.020824784591628554,-0.023761284,0.08608056,5,0.65,0.0,0.36670644199999997
2,1,Fp2,0.070415056,0.003953916996875379,0.066371706,0.082295776,5,0.65,0.0,0.36670644199999997
2,11,FT8,0.067093374,0.0164287228866239,0.022072896,0.082802184,5,0.65,0.0,0.36670644199999997
2,20,TP8,0.06366859799999999,0.018498755686147384,-0.0416207,0.07846584599999999,5,0.65,0.0,0.36670644199999997
2,9,FC4,0.054323144000000004,0.015087274587516793,-0.04733265,0.06616717400000001,5,0.65,0.0,0.36670644199999997
2,8,FC3,0.05008188,0.025809795765585786,-0.015153400000000001,0.056935342,5,0.65,0.0,0.36670644199999997
20,21,Pz,0.15217051399999998,0.019692709420609952,-0.003221563999999999,0.158768414,5,0.65,0.2,0.625370074
20,2,Fz,0.14711943,0.03936951586153747,-0.138782958,0.16324571599999999,5,0.65,0.2,0.625370074
20,27,O1,0.135041724,0.018726802791494607,0.066780898,0.15246620000000002,5,0.65,0.2,0.625370074
20,6,F8,0.130090774,0.05168223063488098,0.040245702,0.145874646,5,0.65,0.2,0.625370074
20,19,TP7,0.122922898,0.030459996286527524,-0.097575214,0.13550553,5,0.65,0.2,0.625370074
20,12,Cz,0.11925432,0.039464251872353424,0.119010082,0.131510526,5,0.65,0.2,0.625370074
20,4,F4,0.10839348,0.025632432897584066,0.050434878,0.126288556,5,0.65,0.2,0.625370074
20,16,T4,0.10432656999999998,0.03976644357237204,0.019638862,0.12184862999999999,5,0.65,0.2,0.625370074
20,18,CP4,0.104229726,0.019768377430099817,0.072210332,0.121415296,5,0.65,0.2,0.625370074
20,13,C3,0.10274338000000001,0.009943820640231795,0.056989838,0.119131616,5,0.65,0.2,0.625370074
20,22,P3,0.099185524,0.014764408478820951,0.09343030999999999,0.1274508,5,0.65,0.2,0.625370074
20,28,O2,0.09916370999999999,0.04129712087381274,-0.01154892,0.106743966,5,0.65,0.2,0.625370074
20,17,CP3,0.09746368000000001,0.017186609243749918,0.01227598,0.112611712,5,0.65,0.2,0.625370074
20,14,C4,0.095234802,0.024346509519425366,-0.057382862,0.109478078,5,0.65,0.2,0.625370074
20,23,P4,0.09424117000000001,0.02013916954645474,-0.08411062799999999,0.11162335000000001,5,0.65,0.2,0.625370074
20,3,F3,0.091254228,0.027133741054735157,0.019264864,0.10384189799999999,5,0.65,0.2,0.625370074
20,25,T6,0.087604852,0.013553852880456912,-0.068072586,0.106270338,5,0.65,0.2,0.625370074
20,0,Fp1,0.08592891,0.03895697446355209,-0.061918202,0.099122734,5,0.65,0.2,0.625370074
20,7,FCz,0.08182043800000001,0.029073474498021733,0.08158795199999999,0.09658660599999999,5,0.65,0.2,0.625370074
20,26,Oz,0.080743124,0.005992522119360933,0.052764304,0.094508178,5,0.65,0.2,0.625370074
20,15,T3,0.08009786199999999,0.03085182611374682,0.05667375400000001,0.08944170800000001,5,0.65,0.2,0.625370074
20,11,FT8,0.07856483,0.011889487505250174,0.019752930000000002,0.096663402,5,0.65,0.2,0.625370074
20,20,TP8,0.07054261199999999,0.01435085367779109,0.006469319999999998,0.08275329000000001,5,0.65,0.2,0.625370074
20,5,F7,0.069675736,0.024382204517941566,0.045688138,0.078821436,5,0.65,0.2,0.625370074
20,10,FT7,0.069137108,0.028830195980009746,0.0029984419999999996,0.082348798,5,0.65,0.2,0.625370074
20,24,T5,0.059327333999999995,0.02730223036334083,0.041135696,0.070396642,5,0.65,0.2,0.625370074
20,1,Fp2,0.059009312,0.013297142249824584,0.035386498,0.079430408,5,0.65,0.2,0.625370074
20,9,FC4,0.056811744,0.007704312239721986,-0.03413854,0.06798644200000001,5,0.65,0.2,0.625370074
20,8,FC3,0.042285622,0.019775598485306835,0.008554113999999998,0.050834976,5,0.65,0.2,0.625370074
21,21,Pz,0.151963292,0.004662627226588036,-0.00037056199999999995,0.15593146600000002,5,0.725,0.2,0.320583572
21,0,Fp1,0.140229096,0.019564352713894728,-0.137752148,0.154596,5,0.725,0.2,0.320583572
21,28,O2,0.13594005199999998,0.012767896304257408,-0.03209111,0.143623164,5,0.725,0.2,0.320583572
21,17,CP3,0.12793524,0.009791925836435346,0.013579734,0.14442933,5,0.725,0.2,0.320583572
21,27,O1,0.120995292,0.0028386130338195086,0.047388476,0.130096204,5,0.725,0.2,0.320583572
21,18,CP4,0.119354272,0.0209478607555311,0.023730412,0.134622246,5,0.725,0.2,0.320583572
21,15,T3,0.11893901199999998,0.014529907897086615,0.11893901199999998,0.128812552,5,0.725,0.2,0.320583572
21,22,P3,0.116894576,0.01583221037996527,0.116894576,0.126601016,5,0.725,0.2,0.320583572
21,13,C3,0.10891320600000001,0.016189161381758792,0.048077592,0.116936088,5,0.725,0.2,0.320583572
21,16,T4,0.100829736,0.014441735326616047,0.019363636,0.120844218,5,0.725,0.2,0.320583572
21,24,T5,0.10007901599999999,0.01672092321744317,0.065133992,0.108125592,5,0.725,0.2,0.320583572
21,26,Oz,0.09866005,0.045588566376985364,0.075408428,0.10431897000000001,5,0.725,0.2,0.320583572
21,5,F7,0.09690431000000001,0.02293525950601279,0.095113166,0.110136266,5,0.725,0.2,0.320583572
21,20,TP8,0.09682623,0.00594084440591992,-0.047290778,0.10880825000000001,5,0.725,0.2,0.320583572
21,4,F4,0.09657173599999999,0.0034924717022876517,-0.004035834,0.11399394599999998,5,0.725,0.2,0.320583572
21,7,FCz,0.093084026,0.007602225640296403,0.089925004,0.11101491999999999,5,0.725,0.2,0.320583572
21,2,Fz,0.092432342,0.02100063276211148,-0.091301626,0.115778216,5,0.725,0.2,0.320583572
21,3,F3,0.087465592,0.01134296721085669,0.030485240000000004,0.10075139600000001,5,0.725,0.2,0.320583572
21,23,P4,0.083681852,0.02865895103052395,-0.052514666,0.092217786,5,0.725,0.2,0.320583572
21,14,C4,0.079891498,0.008623910913716587,-0.048330574,0.089747442,5,0.725,0.2,0.320583572
21,10,FT7,0.079824854,0.016544732909948408,-0.046751044,0.090724708,5,0.725,0.2,0.320583572
21,12,Cz,0.076261846,0.013204276007026287,0.0754903,0.090524916,5,0.725,0.2,0.320583572
21,11,FT8,0.073324396,0.0038087907688044514,0.004870184,0.08355581,5,0.725,0.2,0.320583572
21,19,TP7,0.072771462,0.0077345427950344875,-0.009564806,0.08211449600000001,5,0.725,0.2,0.320583572
21,25,T6,0.06994038,0.00667450652368398,-0.049491086000000004,0.084881028,5,0.725,0.2,0.320583572
21,1,Fp2,0.059718890000000004,0.013528794830946694,0.037367034,0.071045282,5,0.725,0.2,0.320583572
21,6,F8,0.052984098,0.016346045007286016,-0.005100466,0.05876316,5,0.725,0.2,0.320583572
21,9,FC4,0.052047211999999995,0.007653784234518896,-0.043983378000000004,0.064039192,5,0.725,0.2,0.320583572
21,8,FC3,0.048207856,0.010626311537261181,-0.009092354,0.062063153999999995,5,0.725,0.2,0.320583572
22,17,CP3,0.149064494,0.018804905923356277,-0.009547115999999998,0.16042984,5,0.575,0.0,0.622541908
22,9,FC4,0.144112222,0.09276519297703271,-0.13226337999999999,0.16351586999999998,5,0.575,0.0,0.622541908
22,5,F7,0.140036674,0.03423723061839524,0.140036674,0.167210324,5,0.575,0.0,0.622541908
22,21,Pz,0.130665206,0.015850284243881248,-0.002799882,0.13323297,5,0.575,0.0,0.622541908
22,13,C3,0.11503456000000001,0.01884245259187747,0.091812808,0.139990064,5,0.575,0.0,0.622541908
22,7,FCz,0.11223558599999998,0.019975579646511643,0.107493744,0.123775462,5,0.575,0.0,0.622541908
22,2,Fz,0.11093792,0.011309721414086645,-0.09367038400000001,0.124768024,5,0.575,0.0,0.622541908
22,14,C4,0.105547792,0.013777624062154914,-0.10460468199999999,0.12510591399999998,5,0.575,0.0,0.622541908
22,20,TP8,0.10406505400000002,0.014464476192170945,0.022349154,0.109900774,5,0.575,0.0,0.622541908
22,18,CP4,0.098167884,0.01075241361564137,0.034427545999999996,0.122549786,5,0.575,0.0,0.622541908
22,27,O1,0.097321144,0.027609234250750785,0.005832124,0.11092279600000002,5,0.575,0.0,0.622541908
22,12,Cz,0.096971624,0.027416087975929024,0.09508477200000001,0.10689722800000001,5,0.575,0.0,0.622541908
22,28,O2,0.09477061,0.012001191809035049,-0.009308508,0.10365312200000001,5,0.575,0.0,0.622541908
22,0,Fp1,0.093199238,0.03547830781627374,-0.063356622,0.10815092,5,0.575,0.0,0.622541908
22,22,P3,0.091026332,0.02405955736701467,0.082475246,0.10553821199999999,5,0.575,0.0,0.622541908
22,23,P4,0.089861838,0.025149328478016465,-0.03175155,0.107007904,5,0.575,0.0,0.622541908
22,15,T3,0.08326396,0.020075608168967137,0.042679706,0.098710376,5,0.575,0.0,0.622541908
22,16,T4,0.080468904,0.030061857574364564,0.029550237999999996,0.0900937,5,0.575,0.0,0.622541908
22,3,F3,0.07503770400000001,0.018896164566954584,0.013816133999999999,0.086323538,5,0.575,0.0,0.622541908
22,26,Oz,0.073285736,0.02761548010620456,0.010801228,0.085867096,5,0.575,0.0,0.622541908
22,25,T6,0.072705098,0.02171572252493962,-0.07084248400000001,0.083993934,5,0.575,0.0,0.622541908
22,6,F8,0.07107703,0.014306701699409967,0.056005996,0.091139468,5,0.575,0.0,0.622541908
22,4,F4,0.068463598,0.008493023431877487,0.01243842,0.079181902,5,0.575,0.0,0.622541908
22,11,FT8,0.066819018,0.020197770510235035,0.00826021,0.076609096,5,0.575,0.0,0.622541908
22,24,T5,0.066474232,0.013043345484214161,0.047616052,0.078164206,5,0.575,0.0,0.622541908
22,19,TP7,0.061463024,0.013946424481627182,-0.051806463999999997,0.07605672,5,0.575,0.0,0.622541908
22,10,FT7,0.056834334,0.02237497593297879,-0.050381778,0.07078962600000001,5,0.575,0.0,0.622541908
22,1,Fp2,0.04728342,0.012451533948162773,0.031636238,0.06462409,5,0.575,0.0,0.622541908
22,8,FC3,0.02880793,0.012278290311678168,-0.009892528000000001,0.032955054,5,0.575,0.0,0.622541908
23,28,O2,0.141625592,0.005820897984376631,0.0030339040000000013,0.151812134,5,0.9,0.8,0.208933808
23,21,Pz,0.14022766,0.029064427404205832,0.002646612,0.14294416199999999,5,0.9,0.8,0.208933808
23,17,CP3,0.12489248800000001,0.008318089703457751,0.019737276,0.14927819,5,0.9,0.8,0.208933808
23,27,O1,0.11998936600000001,0.00418891654926187,0.05128635,0.134629196,5,0.9,0.8,0.208933808
23,22,P3,0.11697246799999998,0.018827405681785266,0.103723852,0.12574236,5,0.9,0.8,0.208933808
23,16,T4,0.11243351800000001,0.022497453475060682,0.015133488,0.127607064,5,0.9,0.8,0.208933808
23,18,CP4,0.111558368,0.0022861253007698487,0.018739791999999998,0.128801488,5,0.9,0.8,0.208933808
23,15,T3,0.109439582,0.0383931759497488,0.099783648,0.11425867,5,0.9,0.8,0.208933808
23,13,C3,0.106157468,0.02017225809514443,0.05928714,0.111880168,5,0.9,0.8,0.208933808
23,2,Fz,0.105506222,0.003336704130316319,-0.101290638,0.120681576,5,0.9,0.8,0.208933808
23,4,F4,0.104770918,0.015308299468452398,0.027043099999999997,0.11909005000000002,5,0.9,0.8,0.208933808
23,24,T5,0.101083966,0.008353772043240702,0.067937608,0.109907316,5,0.9,0.8,0.208933808
23,20,TP8,0.10022566799999999,0.025137147347615248,-0.054712196000000005,0.118047558,5,0.9,0.8,0.208933808
23,23,P4,0.098982902,0.013484623222428943,-0.082411998,0.11007913600000001,5,0.9,0.8,0.208933808
23,0,Fp1,0.097324414,0.028101219868484007,-0.076589616,0.10885819199999999,5,0.9,0.8,0.208933808
23,7,FCz,0.095777946,0.006259355109955817,0.089424262,0.11092263,5,0.9,0.8,0.208933808
23,10,FT7,0.09256057399999999,0.004059424262913397,-0.056838386,0.10790679,5,0.9,0.8,0.208933808
23,14,C4,0.092194216,0.01552465273159371,-0.045775336,0.10524357399999999,5,0.9,0.8,0.208933808
23,19,TP7,0.089020042,0.010252207303808774,-0.02109704,0.10021975400000001,5,0.9,0.8,0.208933808
23,5,F7,0.086858642,0.006119024610256118,0.081388214,0.10148974799999999,5,0.9,0.8,0.208933808
23,3,F3,0.086522308,0.002821015474376211,0.014958088,0.09664891,5,0.9,0.8,0.208933808
23,11,FT8,0.08308426399999999,0.007074147378810392,-0.012666946000000002,0.09718272800000001,5,0.9,0.8,0.208933808
23,25,T6,0.081613672,0.0006945086172035599,-0.059996353999999995,0.092585766,5,0.9,0.8,0.208933808
23,26,Oz,0.079074908,0.003984707011182883,0.035836849999999996,0.08581312199999999,5,0.9,0.8,0.208933808
23,12,Cz,0.076668594,0.0008529158848210054,0.06692172,0.091715224,5,0.9,0.8,0.208933808
23,1,Fp2,0.075983826,0.0034314579197230444,0.06280301,0.09041532199999999,5,0.9,0.8,0.208933808
23,6,F8,0.073016802,0.00961867590669682,-0.031687522,0.077716054,5,0.9,0.8,0.208933808
23,9,FC4,0.0707581,0.028752546219187266,-0.061179793999999996,0.08970858400000001,5,0.9,0.8,0.208933808
23,8,FC3,0.035404990000000004,0.010428407945029288,0.008861421999999999,0.04330539,5,0.9,0.8,0.208933808
24,21,Pz,0.147204846,0.008938655939601883,-0.007662092,0.153067398,5,0.875,0.6,0.205947402
24,28,O2,0.14557288200000001,0.0014309212473857483,-0.0011733079999999992,0.15276353,5,0.875,0.6,0.205947402
24,17,CP3,0.13181307199999998,0.020401188234205135,0.02941337,0.146499384,5,0.875,0.6,0.205947402
24,27,O1,0.12351983600000001,0.005753875843901222,0.070849396,0.13511263599999998,5,0.875,0.6,0.205947402
24,15,T3,0.12257944600000001,0.003298173912944861,0.103003282,0.131707156,5,0.875,0.6,0.205947402
24,16,T4,0.11448177799999999,0.011990417151051083,0.030535248000000004,0.131208196,5,0.875,0.6,0.205947402
24,13,C3,0.107116104,0.012955627302341635,0.071315244,0.11257093,5,0.875,0.6,0.205947402
24,4,F4,0.104474434,0.015497218425236187,0.016397458,0.115103642,5,0.875,0.6,0.205947402
24,22,P3,0.10177894999999999,0.01311245880111545,0.096641526,0.115281564,5,0.875,0.6,0.205947402
24,18,CP4,0.100221208,0.028446401700188202,0.032680942000000004,0.11828040799999999,5,0.875,0.6,0.205947402
24,0,Fp1,0.09888469600000001,0.016209598952623104,-0.06478044,0.11188207399999998,5,0.875,0.6,0.205947402
24,23,P4,0.098108996,0.013344397367342224,-0.087721088,0.108529312,5,0.875,0.6,0.205947402
24,2,Fz,0.09700479799999999,0.016259194159913642,-0.082556402,0.108111662,5,0.875,0.6,0.205947402
24,24,T5,0.09296134,0.02935010392537563,0.06020232400000001,0.10097220600000001,5,0.875,0.6,0.205947402
24,10,FT7,0.09235342199999999,0.003992684873561897,-0.068324708,0.103948556,5,0.875,0.6,0.205947402
24,14,C4,0.091431436,0.014756860831854785,-0.068104442,0.10719666800000001,5,0.875,0.6,0.205947402
24,7,FCz,0.091007196,0.02079939670743313,0.082718498,0.106672034,5,0.875,0.6,0.205947402
24,6,F8,0.089520082,0.03025417417070197,-0.040354116,0.096094012,5,0.875,0.6,0.205947402
24,11,FT8,0.088493008,0.018235628310984242,0.004393164,0.10488799,5,0.875,0.6,0.205947402
24,3,F3,0.087527862,0.003087112533828334,0.020982964,0.09526435,5,0.875,0.6,0.205947402
24,12,Cz,0.086775286,0.016165886770753715,0.08185859200000001,0.10103058000000001,5,0.875,0.6,0.205947402
24,20,TP8,0.08580029,0.011643771146632434,-0.05078196,0.10156496200000001,5,0.875,0.6,0.205947402
24,5,F7,0.08569642,0.003348512057093424,0.082113462,0.09682389599999999,5,0.875,0.6,0.205947402
24,25,T6,0.08039646,0.004199715850977301,-0.06381599,0.094167166,5,0.875,0.6,0.205947402
24,19,TP7,0.079919304,0.016002846202923717,-0.0123677,0.09192385,5,0.875,0.6,0.205947402
24,26,Oz,0.076596336,0.0017035650472259605,0.019399628,0.080872508,5,0.875,0.6,0.205947402
24,1,Fp2,0.07414839200000001,0.013361731948971663,0.052091846,0.089320882,5,0.875,0.6,0.205947402
24,9,FC4,0.052958899999999996,0.007498655199417427,-0.036972848,0.067859988,5,0.875,0.6,0.205947402
24,8,FC3,0.037310016,0.014235329351688001,-0.0032189899999999993,0.045726612,5,0.875,0.6,0.205947402
25,21,Pz,0.153383718,0.00022390310643222579,0.007127134,0.15359494,5,1.0,1.0,0.0074702119999999995
25,28,O2,0.14392809199999998,0.0002646009218993656,-0.023952028,0.14677141,5,1.0,1.0,0.0074702119999999995
25,15,T3,0.126375044,0.00017181213484501477,0.126375044,0.131628706,5,1.0,1.0,0.0074702119999999995
25,16,T4,0.12226819200000001,0.00028724957818941697,0.013442161999999999,0.134524736,5,1.0,1.0,0.0074702119999999995
25,27,O1,0.12208532000000001,0.00020248611051131406,0.055754492,0.13263972200000002,5,1.0,1.0,0.0074702119999999995
25,17,CP3,0.12098968000000002,0.0002539047927865833,0.033314317999999996,0.13941332,5,1.0,1.0,0.0074702119999999995
25,13,C3,0.115070802,0.0001623345233460869,0.072057462,0.117163876,5,1.0,1.0,0.0074702119999999995
25,18,CP4,0.11153596400000002,0.00024126187894070211,0.035043612,0.128102462,5,1.0,1.0,0.0074702119999999995
25,0,Fp1,0.10999491800000001,0.00015893926660835101,-0.09624916800000001,0.12294198999999999,5,1.0,1.0,0.0074702119999999995
25,22,P3,0.10831766000000001,0.0004347314565913035,0.10831766000000001,0.117728078,5,1.0,1.0,0.0074702119999999995
25,24,T5,0.105176326,0.00019608929019709605,0.073047448,0.11459945,5,1.0,1.0,0.0074702119999999995
25,23,P4,0.104245458,9.901436522040664e-05,-0.09260367,0.11616669799999998,5,1.0,1.0,0.0074702119999999995
25,2,Fz,0.10371997799999999,0.00021982124082991334,-0.098206558,0.11723423799999999,5,1.0,1.0,0.0074702119999999995
25,7,FCz,0.09905746600000001,0.00019061162354378617,0.09905746600000001,0.11435539400000001,5,1.0,1.0,0.0074702119999999995
25,4,F4,0.097596658,0.00013699465599066298,0.012786782,0.107672098,5,1.0,1.0,0.0074702119999999995
25,10,FT7,0.090752308,0.00020467598777091926,-0.058018499999999994,0.104203266,5,1.0,1.0,0.0074702119999999995
25,20,TP8,0.088765676,0.0002316490955734561,-0.059052756,0.107780544,5,1.0,1.0,0.0074702119999999995
25,3,F3,0.087509006,0.00013942245149186212,0.027282582,0.09461502200000001,5,1.0,1.0,0.0074702119999999995
25,14,C4,0.08513946800000001,0.00038034366199530645,-0.074688152,0.095589714,5,1.0,1.0,0.0074702119999999995
25,19,TP7,0.08428142400000001,0.0003565403263026488,-0.019176772,0.09439725800000001,5,1.0,1.0,0.0074702119999999995
25,5,F7,0.083616834,0.00019802116283367587,0.081767996,0.097376956,5,1.0,1.0,0.0074702119999999995
25,25,T6,0.08107426799999999,0.00041294086933845847,-0.062051298,0.09223674,5,1.0,1.0,0.0074702119999999995
25,11,FT8,0.079958052,0.0003461664533428957,-0.003380602,0.097088672,5,1.0,1.0,0.0074702119999999995
25,1,Fp2,0.07785260199999999,0.0002012488953261582,0.060933524,0.09504760599999999,5,1.0,1.0,0.0074702119999999995
25,6,F8,0.07727009,0.00016661361769074046,-0.028861444000000003,0.078254778,5,1.0,1.0,0.0074702119999999995
25,12,Cz,0.077136044,0.00026700623022693845,0.076139752,0.09294997,5,1.0,1.0,0.0074702119999999995
25,26,Oz,0.07694145599999999,0.00013702055677889858,0.041975992000000004,0.079247964,5,1.0,1.0,0.0074702119999999995
25,9,FC4,0.057352150000000005,0.00028684190854894243,-0.057352150000000005,0.07560237,5,1.0,1.0,0.0074702119999999995
25,8,FC3,0.031506628,0.00025378087766811776,0.00597786,0.037950442,5,1.0,1.0,0.0074702119999999995
26,21,Pz,0.160661634,0.01702220498447042,0.010178326,0.164152264,5,0.925,0.8,0.139824872
26,28,O2,0.144317828,0.0010249673771735427,-0.034141882,0.15055746399999997,5,0.925,0.8,0.139824872
26,17,CP3,0.133671848,0.027482325865464327,0.043884518,0.15302386,5,0.925,0.8,0.139824872
26,16,T4,0.124354254,0.005196279920513335,0.001551756,0.145080106,5,0.925,0.8,0.139824872
26,27,O1,0.121760354,0.0005610515956933002,0.05323056,0.13512656,5,0.925,0.8,0.139824872
26,18,CP4,0.120905318,0.022393319415298173,0.053865142,0.13807472,5,0.925,0.8,0.139824872
26,15,T3,0.11652277999999998,0.023480394698399975,0.11085745,0.123613398,5,0.925,0.8,0.139824872
26,13,C3,0.110080294,0.012177343629668581,0.053229644,0.11781911199999999,5,0.925,0.8,0.139824872
26,22,P3,0.107859258,0.0007276540944501017,0.098738988,0.11525734800000001,5,0.925,0.8,0.139824872
26,2,Fz,0.104369344,0.0010208596676967857,-0.09035689,0.115493848,5,0.925,0.8,0.139824872
26,7,FCz,0.100673286,0.003080325157192011,0.100673286,0.11647861600000001,5,0.925,0.8,0.139824872
26,0,Fp1,0.100367108,0.021355078022683962,-0.08794307800000001,0.11354641400000001,5,0.925,0.8,0.139824872
26,23,P4,0.097044146,0.01846107257110973,-0.083759356,0.10891197,5,0.925,0.8,0.139824872
26,3,F3,0.096803266,0.01973975966217371,0.028843544,0.10324759000000001,5,0.925,0.8,0.139824872
26,24,T5,0.092509988,0.0272655076532965,0.059651548,0.101632116,5,0.925,0.8,0.139824872
26,10,FT7,0.092138296,0.004434063000903349,-0.06533552200000001,0.110554916,5,0.925,0.8,0.139824872
26,4,F4,0.088065034,0.02045597155244233,0.01158915,0.098137098,5,0.925,0.8,0.139824872
26,20,TP8,0.08657709799999999,0.006145151897123453,-0.055870343999999995,0.104738464,5,0.925,0.8,0.139824872
26,19,TP7,0.086153264,0.004006374158728812,-0.022716728,0.09584100799999999,5,0.925,0.8,0.139824872
26,5,F7,0.084949974,0.0018878560104202869,0.083425488,0.09611958000000001,5,0.925,0.8,0.139824872
26,12,Cz,0.080846052,0.008969286315776192,0.07555808,0.10004139000000001,5,0.925,0.8,0.139824872
26,11,FT8,0.07858552199999999,0.0025193380315610765,-0.010061761999999998,0.092510764,5,0.925,0.8,0.139824872
26,14,C4,0.07636802000000001,0.0207507170561923,-0.067399172,0.087916282,5,0.925,0.8,0.139824872
26,1,Fp2,0.07630765,0.0028346435781064242,0.061605716,0.094726314,5,0.925,0.8,0.139824872
26,25,T6,0.07555000199999999,0.012197240132721412,-0.045777258,0.08982470000000001,5,0.925,0.8,0.139824872
26,26,Oz,0.07354801,0.008089034990389763,0.037330072,0.076701872,5,0.925,0.8,0.139824872
26,6,F8,0.071626666,0.013590771149146759,-0.030013586,0.075571122,5,0.925,0.8,0.139824872
26,9,FC4,0.059435145999999994,0.0022680884477087725,-0.059435145999999994,0.080273136,5,0.925,0.8,0.139824872
26,8,FC3,0.03515659,0.007643605593268795,0.013576057999999998,0.041077032,5,0.925,0.8,0.139824872
27,21,Pz,0.153129758,0.00022950949091487218,0.006569271999999999,0.153306246,5,0.925,0.6,0.006928518
27,28,O2,0.144413364,0.00019134633686068603,-0.024017994,0.147200444,5,0.925,0.6,0.006928518
27,15,T3,0.126883674,0.00022890406839984966,0.126883674,0.131978644,5,0.925,0.6,0.006928518
27,27,O1,0.122154696,0.00034810835810132666,0.056399107999999996,0.132547536,5,0.925,0.6,0.006928518
27,16,T4,0.12182534599999999,0.00020965057149933868,0.013478316,0.13422157399999998,5,0.925,0.6,0.006928518
27,17,CP3,0.121183022,0.00024822969568526985,0.032735148000000006,0.139634716,5,0.925,0.6,0.006928518
27,13,C3,0.11541799999999999,0.00021945476185309765,0.072284952,0.11755125799999999,5,0.925,0.6,0.006928518
27,18,CP4,0.111167796,0.0002505288661611672,0.034662794,0.127726982,5,0.925,0.6,0.006928518
27,0,Fp1,0.10978061000000001,0.00018988644659374246,-0.095636796,0.122440788,5,0.925,0.6,0.006928518
27,22,P3,0.10798415000000001,0.00012315994580219735,0.10798415000000001,0.11706693400000001,5,0.925,0.6,0.006928518
27,23,P4,0.105190106,5.91489503710711e-05,-0.093289928,0.11708937800000001,5,0.925,0.6,0.006928518
27,24,T5,0.104925318,0.000294127324929189,0.07354620199999999,0.11455424,5,0.925,0.6,0.006928518
27,2,Fz,0.10360682400000001,0.00015362513117976625,-0.09834944600000001,0.11722376400000001,5,0.925,0.6,0.006928518
27,7,FCz,0.098861162,0.00012454642495872946,0.098861162,0.114407602,5,0.925,0.6,0.006928518
27,4,F4,0.097690998,0.0002723086772763604,0.012512112,0.108056526,5,0.925,0.6,0.006928518
27,10,FT7,0.090644594,0.00014796553257431073,-0.058108032,0.10391407400000001,5,0.925,0.6,0.006928518
27,20,TP8,0.08857551,0.0003623827848422109,-0.059026341999999996,0.107643958,5,0.925,0.6,0.006928518
27,3,F3,0.0881815,0.0003210909468515136,0.027563148,0.095028998,5,0.925,0.6,0.006928518
27,14,C4,0.08529171199999999,0.0002634457509051931,-0.07501951,0.09584684800000001,5,0.925,0.6,0.006928518
27,19,TP7,0.084294784,0.00023511609255855146,-0.018308826,0.094141136,5,0.925,0.6,0.006928518
27,5,F7,0.08384763399999999,0.00036283521911468494,0.08124086,0.097269642,5,0.925,0.6,0.006928518
27,25,T6,0.081383266,0.00017582660614935043,-0.062211498,0.09258203000000001,5,0.925,0.6,0.006928518
27,11,FT8,0.080102656,0.00021814866600554814,-0.0035050739999999995,0.097463832,5,0.925,0.6,0.006928518
27,1,Fp2,0.07762334,0.00020468758401525112,0.06144798,0.095336748,5,0.925,0.6,0.006928518
27,26,Oz,0.077362948,0.00022014301288026343,0.04219714,0.07965364999999999,5,0.925,0.6,0.006928518
27,12,Cz,0.077299244,0.00018584028648277863,0.075502718,0.092800454,5,0.925,0.6,0.006928518
27,6,F8,0.07725236799999999,9.738388917064194e-05,-0.029314916000000003,0.078209944,5,0.925,0.6,0.006928518
27,9,FC4,0.057891822,0.00029166178626964404,-0.057891822,0.07596111800000001,5,0.925,0.6,0.006928518
27,8,FC3,0.030617368,0.00012530807643564034,0.005937528,0.037252313999999995,5,0.925,0.6,0.006928518
28,21,Pz,0.15280226400000002,0.00023426339007622153,0.006800602,0.153001002,5,1.0,1.0,0.007205046
28,28,O2,0.144366004,0.00013338629344878167,-0.023599666,0.147097532,5,1.0,1.0,0.007205046
28,15,T3,0.126936194,0.00014119779913299372,0.126936194,0.132016888,5,1.0,1.0,0.007205046
28,16,T4,0.1225433,0.00027758087785364707,0.013284602000000001,0.134756984,5,1.0,1.0,0.007205046
28,27,O1,0.121936602,0.0001907729247561097,0.056297538,0.132304894,5,1.0,1.0,0.007205046
28,17,CP3,0.121193358,0.00037806922245799867,0.033082246,0.139605754,5,1.0,1.0,0.007205046
28,13,C3,0.11492429,0.00025325868573456925,0.072675392,0.11719860199999999,5,1.0,1.0,0.007205046
28,18,CP4,0.11061000400000001,0.0002680009738415117,0.03415452,0.127225784,5,1.0,1.0,0.007205046
28,0,Fp1,0.11021544999999999,0.0003039080052417191,-0.095777716,0.12280491600000001,5,1.0,1.0,0.007205046
28,22,P3,0.108433238,0.00026386853482368686,0.108433238,0.11772933599999999,5,1.0,1.0,0.007205046
28,23,P4,0.10502453599999999,0.0003125096346194755,-0.09333537,0.11705285400000001,5,1.0,1.0,0.007205046
28,24,T5,0.10492353800000001,0.00029143872549817107,0.07318862400000001,0.114277734,5,1.0,1.0,0.007205046
28,2,Fz,0.10402316600000001,0.0002171105208874023,-0.09794325400000001,0.11717960600000002,5,1.0,1.0,0.007205046
28,7,FCz,0.09896208199999999,0.00030199128095029324,0.09896208199999999,0.113873088,5,1.0,1.0,0.007205046
28,4,F4,0.097359216,0.0002699909317551254,0.012329502,0.10773136800000001,5,1.0,1.0,0.007205046
28,10,FT7,0.09067958200000001,0.00029952852964283764,-0.058154174,0.10386486800000001,5,1.0,1.0,0.007205046
28,20,TP8,0.08895964199999999,0.0003922910876122482,-0.059693728,0.108327358,5,1.0,1.0,0.007205046
28,3,F3,0.08765163200000001,0.0002321660756226056,0.027760800000000002,0.094189526,5,1.0,1.0,0.007205046
28,14,C4,0.086144776,0.0001450441894044708,-0.075249806,0.096391934,5,1.0,1.0,0.007205046
28,5,F7,0.08481290999999999,0.00020900637298896022,0.08190135000000001,0.09822192199999999,5,1.0,1.0,0.007205046
28,19,TP7,0.084354662,0.00045461479251119875,-0.0189056,0.094449136,5,1.0,1.0,0.007205046
28,25,T6,0.081459726,0.0002600009113060899,-0.062635184,0.09277080200000001,5,1.0,1.0,0.007205046
28,11,FT8,0.080008278,0.000478599728134065,-0.0037078659999999998,0.097366702,5,1.0,1.0,0.007205046
28,6,F8,0.077745642,0.0002366499922248061,-0.02925989,0.078732378,5,1.0,1.0,0.007205046
28,26,Oz,0.077541758,0.0002662356311991337,0.04210646,0.08006904000000001,5,1.0,1.0,0.007205046
28,1,Fp2,0.077298228,0.0002954061977515107,0.061289267999999994,0.094989582,5,1.0,1.0,0.007205046
28,12,Cz,0.076592076,0.0003221432597928979,0.075697732,0.09223585599999999,5,1.0,1.0,0.007205046
28,9,FC4,0.057992444,0.00033872216266432983,-0.057992444,0.076114304,5,1.0,1.0,0.007205046
28,8,FC3,0.031185168000000003,0.0002598183117488075,0.006502458,0.037768742,5,1.0,1.0,0.007205046
29,28,O2,0.14623577199999999,0.002960711974132224,-0.0243668,0.148874118,5,0.9,0.8,0.07916599999999999
29,21,Pz,0.145713304,0.0158702948289794,0.007577284000000001,0.146058206,5,0.9,0.8,0.07916599999999999
29,15,T3,0.12273823399999999,0.008394400038193908,0.12273823399999999,0.12741476000000002,5,0.9,0.8,0.07916599999999999
29,17,CP3,0.12160886600000001,0.0002680147030108661,0.027968028,0.13894088799999998,5,0.9,0.8,0.07916599999999999
29,16,T4,0.12065228800000001,0.0015746099869237426,0.008809694,0.131820808,5,0.9,0.8,0.07916599999999999
29,27,O1,0.12038403,0.001838404345009551,0.045624663999999995,0.13189513800000002,5,0.9,0.8,0.07916599999999999
29,22,P3,0.11331843,0.011213617823929531,0.11331843,0.124471196,5,0.9,0.8,0.07916599999999999
29,0,Fp1,0.11043104200000001,0.0004017218211275029,-0.099073618,0.12370778200000002,5,0.9,0.8,0.07916599999999999
29,18,CP4,0.110115936,0.002586109539072165,0.035428732,0.127266826,5,0.9,0.8,0.07916599999999999
29,24,T5,0.10917747,0.008198403913985328,0.08227914,0.12000419200000001,5,0.9,0.8,0.07916599999999999
29,13,C3,0.10829401599999999,0.015200070881536373,0.061761672000000004,0.11086948199999999,5,0.9,0.8,0.07916599999999999
29,2,Fz,0.105853118,0.0040836354414136924,-0.100494694,0.12013348800000001,5,0.9,0.8,0.07916599999999999
29,7,FCz,0.099797472,0.002733786995007112,0.099797472,0.11221099999999999,5,0.9,0.8,0.07916599999999999
29,23,P4,0.099572518,0.011051371800646293,-0.088612444,0.11143999199999999,5,0.9,0.8,0.07916599999999999
29,4,F4,0.09629568,0.0029721932864721357,0.01300337,0.10691846599999999,5,0.9,0.8,0.07916599999999999
29,20,TP8,0.09307715999999999,0.00903879777552302,-0.06587619,0.11318758799999999,5,0.9,0.8,0.07916599999999999
29,3,F3,0.089760836,0.004973377182245478,0.029946326000000002,0.09709553200000001,5,0.9,0.8,0.07916599999999999
29,19,TP7,0.085896864,0.0023068977881410277,-0.013773728000000002,0.094559306,5,0.9,0.8,0.07916599999999999
29,5,F7,0.083954932,0.0012214779870795874,0.076417354,0.098137104,5,0.9,0.8,0.07916599999999999
29,10,FT7,0.083032324,0.014606272450605935,-0.050315679999999995,0.096192712,5,0.9,0.8,0.07916599999999999
29,6,F8,0.081340072,0.007238586255666226,-0.026523946,0.08372379599999999,5,0.9,0.8,0.07916599999999999
29,1,Fp2,0.080975176,0.005945536069008405,0.06731815999999999,0.0979406,5,0.9,0.8,0.07916599999999999
29,11,FT8,0.07943098,0.0013482185394438097,-0.010629036,0.095771908,5,0.9,0.8,0.07916599999999999
29,14,C4,0.078422216,0.016043484742359747,-0.070178274,0.089035602,5,0.9,0.8,0.07916599999999999
29,25,T6,0.07748582,0.008557770574340616,-0.057917208,0.087596512,5,0.9,0.8,0.07916599999999999
29,12,Cz,0.0751196,0.0024097639090479373,0.07434280600000001,0.088641194,5,0.9,0.8,0.07916599999999999
29,26,Oz,0.07507747000000001,0.00618598432823346,0.036894687999999995,0.07901651400000001,5,0.9,0.8,0.07916599999999999
29,9,FC4,0.064463334,0.01444007750875078,-0.064463334,0.079743986,5,0.9,0.8,0.07916599999999999
29,8,FC3,0.0340758,0.0073673126471665365,0.0016681979999999999,0.041146435999999995,5,0.9,0.8,0.07916599999999999
3,17,CP3,0.155608294,0.07237414124562395,0.008470906,0.178646048,5,0.675,0.0,0.952508454
3,18,CP4,0.136744012,0.01959352917650034,0.062866792,0.153438868,5,0.675,0.0,0.952508454
3,2,Fz,0.12807978,0.03864719874710197,-0.10341963600000001,0.15184798000000002,5,0.675,0.0,0.952508454
3,23,P4,0.125014928,0.03608027840359841,-0.061413308,0.138553032,5,0.675,0.0,0.952508454
3,13,C3,0.122648818,0.04006485563050576,-0.0660755,0.154117488,5,0.675,0.0,0.952508454
3,21,Pz,0.12056493399999998,0.022164884824066422,0.014113626,0.143237018,5,0.675,0.0,0.952508454
3,4,F4,0.1184596,0.009140845186302527,0.011359956000000001,0.140819564,5,0.675,0.0,0.952508454
3,14,C4,0.115318284,0.030496052532675927,0.059944802,0.13460011,5,0.675,0.0,0.952508454
3,5,F7,0.11337503199999999,0.027452626827549127,0.109417134,0.12822619600000001,5,0.675,0.0,0.952508454
3,24,T5,0.109009506,0.07964783928103844,0.07055807,0.11661744999999998,5,0.675,0.0,0.952508454
3,19,TP7,0.10820566400000001,0.025559424126426047,-0.09646870399999999,0.12474788,5,0.675,0.0,0.952508454
3,3,F3,0.105290378,0.02080368931013848,0.06484804,0.12213755,5,0.675,0.0,0.952508454
3,22,P3,0.099791604,0.04986115619460885,0.027792982,0.11771845399999999,5,0.675,0.0,0.952508454
3,28,O2,0.094385838,0.04026779047838197,0.009139386,0.108140834,5,0.675,0.0,0.952508454
3,26,Oz,0.086249406,0.03141466361100465,0.065118996,0.09336889000000001,5,0.675,0.0,0.952508454
3,8,FC3,0.084038236,0.03924324948815057,-0.005082817999999998,0.095301646,5,0.675,0.0,0.952508454
3,7,FCz,0.08111797000000001,0.029887918217131645,0.027405370000000002,0.09525752800000001,5,0.675,0.0,0.952508454
3,16,T4,0.079260496,0.01969277196133216,0.035351509999999996,0.08993904999999999,5,0.675,0.0,0.952508454
3,15,T3,0.077452268,0.01762977648172602,0.06402882,0.10343884,5,0.675,0.0,0.952508454
3,27,O1,0.076987158,0.025004541560640938,0.019921300000000003,0.09357348400000001,5,0.675,0.0,0.952508454
3,12,Cz,0.075297824,0.027192761943823945,0.035044337999999994,0.096411374,5,0.675,0.0,0.952508454
3,25,T6,0.068956006,0.030998034487209506,-0.038139712000000006,0.08455310199999999,5,0.675,0.0,0.952508454
3,11,FT8,0.059602692,0.019756328675435118,0.02315122,0.072552338,5,0.675,0.0,0.952508454
3,20,TP8,0.05865780599999999,0.016597378057793648,-0.0008078520000000006,0.06654652800000001,5,0.675,0.0,0.952508454
3,10,FT7,0.057111598,0.019283232380736117,0.018797849999999998,0.064867964,5,0.675,0.0,0.952508454
3,6,F8,0.056611968,0.03150152891754256,-0.040820088,0.062042286,5,0.675,0.0,0.952508454
3,1,Fp2,0.048242954,0.0228256279114328,-0.003507764,0.05965598999999999,5,0.675,0.0,0.952508454
3,0,Fp1,0.047040198,0.0077801552480570735,-0.041927384,0.060911212000000006,5,0.675,0.0,0.952508454
3,9,FC4,0.043401445999999996,0.01679832758988614,0.005184094,0.050892351999999995,5,0.675,0.0,0.952508454
30,23,P4,0.17027672,0.057868028542551464,-0.006813558,0.181005912,5,0.7,0.2,1.011181648
30,8,FC3,0.16480949,0.09347442550301337,-0.039702836000000005,0.175446466,5,0.7,0.2,1.011181648
30,13,C3,0.14826878400000001,0.04585864393252465,0.060652214,0.156017778,5,0.7,0.2,1.011181648
30,7,FCz,0.147066572,0.04777917603218708,-0.00021154400000000066,0.159397366,5,0.7,0.2,1.011181648
30,24,T5,0.137021886,0.022250654869852237,0.08590672399999999,0.15800366999999998,5,0.7,0.2,1.011181648
30,18,CP4,0.12662548,0.057475265799560686,0.024456032,0.152814838,5,0.7,0.2,1.011181648
30,19,TP7,0.117457926,0.01905426633304678,-0.039540071999999996,0.12868564600000001,5,0.7,0.2,1.011181648
30,0,Fp1,0.11301320000000001,0.010359949307416997,-0.11022246799999999,0.123700254,5,0.7,0.2,1.011181648
30,2,Fz,0.11265413399999999,0.056645386407413005,-0.057620012,0.12367931000000001,5,0.7,0.2,1.011181648
30,17,CP3,0.10878133999999999,0.035110628141746474,0.083492104,0.12352759799999999,5,0.7,0.2,1.011181648
30,16,T4,0.106355388,0.015528755314273258,0.036721246,0.12159711400000002,5,0.7,0.2,1.011181648
30,22,P3,0.105802294,0.030054371598426072,-0.01609292,0.117348798,5,0.7,0.2,1.011181648
30,25,T6,0.10428575,0.017815860919134664,0.075216568,0.11570526,5,0.7,0.2,1.011181648
30,21,Pz,0.09807806799999999,0.050746053740366066,0.030134877999999997,0.10787004,5,0.7,0.2,1.011181648
30,4,F4,0.0979553,0.04191288500335965,0.054855021999999996,0.109008302,5,0.7,0.2,1.011181648
30,28,O2,0.093687256,0.04063520361821053,-0.033430374,0.10554994399999999,5,0.7,0.2,1.011181648
30,15,T3,0.090177564,0.02883580330787284,0.08902869999999999,0.097670864,5,0.7,0.2,1.011181648
30,20,TP8,0.08354213399999999,0.021094121110167875,-0.07200352400000001,0.10094066800000001,5,0.7,0.2,1.011181648
30,9,FC4,0.082127434,0.023165436044924343,-0.033994845999999995,0.09661514,5,0.7,0.2,1.011181648
30,3,F3,0.081543208,0.01755767265276124,0.060938358000000005,0.09951689999999999,5,0.7,0.2,1.011181648
30,12,Cz,0.081273326,0.020407357714266442,0.048034154,0.094634256,5,0.7,0.2,1.011181648
30,14,C4,0.081068154,0.019166932056311987,-0.031305442,0.092864536,5,0.7,0.2,1.011181648
30,5,F7,0.078356054,0.016365204287460945,0.053430022,0.087880422,5,0.7,0.2,1.011181648
30,10,FT7,0.075192766,0.02414327611912021,-0.022766599999999998,0.08552539,5,0.7,0.2,1.011181648
30,27,O1,0.055061408,0.03750379599346871,0.020268346,0.064189148,5,0.7,0.2,1.011181648
30,26,Oz,0.049874184,0.025405210127765723,0.0065389359999999995,0.056013868,5,0.7,0.2,1.011181648
30,6,F8,0.044580518,0.019010114414340595,0.014299922000000001,0.052037994,5,0.7,0.2,1.011181648
30,11,FT8,0.041540721999999995,0.02328055480193868,0.010759898,0.048744514,5,0.7,0.2,1.011181648
30,1,Fp2,0.037943616,0.022995754194001336,0.029397608,0.043787564,5,0.7,0.2,1.011181648
31,21,Pz,0.153500696,0.00024130280692523425,0.006637957999999999,0.153697788,5,0.975,0.8,0.0067512660000000006
31,28,O2,0.14406067,0.0005096519584481239,-0.023626974000000002,0.146741578,5,0.975,0.8,0.0067512660000000006
31,15,T3,0.126939114,0.00015108559818858094,0.126939114,0.132226486,5,0.975,0.8,0.0067512660000000006
31,27,O1,0.121942302,0.0002231169042676978,0.05634629,0.13228743199999998,5,0.975,0.8,0.0067512660000000006
31,16,T4,0.121901754,0.0003410726198773509,0.012986556,0.134365728,5,0.975,0.8,0.0067512660000000006
31,17,CP3,0.12106909800000001,0.00014661616357005168,0.032769504,0.139490102,5,0.975,0.8,0.0067512660000000006
31,13,C3,0.115029592,0.00014885617780260318,0.072703214,0.11730727999999999,5,0.975,0.8,0.0067512660000000006
31,18,CP4,0.111091154,0.000296560592173003,0.034314112,0.127665008,5,0.975,0.8,0.0067512660000000006
31,0,Fp1,0.10968111,0.0003297271366599963,-0.09568710999999999,0.122355458,5,0.975,0.8,0.0067512660000000006
31,22,P3,0.10846978599999998,0.0003257994039742901,0.10846978599999998,0.117645782,5,0.975,0.8,0.0067512660000000006
31,24,T5,0.10511757,0.0005823760127271745,0.07354687,0.11455548600000001,5,0.975,0.8,0.0067512660000000006
31,23,P4,0.104645028,0.0004561902048159286,-0.093045382,0.116673132,5,0.975,0.8,0.0067512660000000006
31,2,Fz,0.104129132,0.00020729016756711063,-0.098424134,0.11755845000000001,5,0.975,0.8,0.0067512660000000006
31,7,FCz,0.0988601,0.00015319487834127975,0.0988601,0.11416580999999999,5,0.975,0.8,0.0067512660000000006
31,4,F4,0.09758503,0.00029322401530229754,0.012544244,0.10777121599999999,5,0.975,0.8,0.0067512660000000006
31,10,FT7,0.090648954,0.0003407167499991714,-0.058763994,0.10398744600000001,5,0.975,0.8,0.0067512660000000006
31,20,TP8,0.089399392,0.0005555044022057791,-0.059593306,0.10867039199999999,5,0.975,0.8,0.0067512660000000006
31,3,F3,0.087951624,0.00024192222372076722,0.027591191999999997,0.094710328,5,0.975,0.8,0.0067512660000000006
31,14,C4,0.085819428,0.0003810833488490427,-0.075037264,0.096128688,5,0.975,0.8,0.0067512660000000006
31,19,TP7,0.084604392,0.00044993785556452507,-0.018517330000000002,0.094442,5,0.975,0.8,0.0067512660000000006
31,5,F7,0.083551616,0.0004038653288907121,0.08131406999999999,0.09717495200000001,5,0.975,0.8,0.0067512660000000006
31,25,T6,0.080855668,0.00035145356623600063,-0.0621456,0.092074598,5,0.975,0.8,0.0067512660000000006
31,11,FT8,0.079947086,0.00036226046683291606,-0.00351055,0.09698238,5,0.975,0.8,0.0067512660000000006
31,6,F8,0.07774829400000001,0.0002937579272632463,-0.029392864,0.078709112,5,0.975,0.8,0.0067512660000000006
31,26,Oz,0.077706738,0.00043942205306516155,0.04224978,0.080119444,5,0.975,0.8,0.0067512660000000006
31,1,Fp2,0.07768646,0.00024300866311718062,0.061097873999999996,0.095257374,5,0.975,0.8,0.0067512660000000006
31,12,Cz,0.076895288,0.0004989246165203726,0.075407928,0.092397354,5,0.975,0.8,0.0067512660000000006
31,9,FC4,0.057951556,0.00046642693000083213,-0.057951556,0.076081892,5,0.975,0.8,0.0067512660000000006
31,8,FC3,0.031067832,0.00031659153632085564,0.00580246,0.038136222000000004,5,0.975,0.8,0.0067512660000000006
32,21,Pz,0.149355006,0.007995266481739673,0.002677054,0.15037101800000002,5,0.9,0.4,0.185184298
32,28,O2,0.141017304,0.00737926157711121,-0.011974534,0.1442823,5,0.9,0.4,0.185184298
32,15,T3,0.139603848,0.02985532147522565,0.10259731999999999,0.143869456,5,0.9,0.4,0.185184298
32,27,O1,0.12160675400000001,0.0012421714089367849,0.05394210000000001,0.13334243799999998,5,0.9,0.4,0.185184298
32,18,CP4,0.12096625800000001,0.022826919272649786,0.043594842,0.13656734799999998,5,0.9,0.4,0.185184298
32,16,T4,0.120822672,0.003935505446771737,0.009380122000000001,0.136011312,5,0.9,0.4,0.185184298
32,17,CP3,0.116410088,0.010959898260641839,0.027062828,0.134721234,5,0.9,0.4,0.185184298
32,24,T5,0.10846963000000001,0.007976198517511336,0.06586674000000001,0.12339749200000001,5,0.9,0.4,0.185184298
32,22,P3,0.10469497400000001,0.007015275935644308,0.086324778,0.115823348,5,0.9,0.4,0.185184298
32,23,P4,0.10228045000000001,0.0049641457949329,-0.069292874,0.11939063999999999,5,0.9,0.4,0.185184298
32,0,Fp1,0.10225804599999999,0.017029072733178396,-0.088144252,0.11596546,5,0.9,0.4,0.185184298
32,14,C4,0.10159365199999999,0.03541234721271763,-0.077940856,0.112064804,5,0.9,0.4,0.185184298
32,13,C3,0.09848530800000001,0.03688544254148946,0.052809122,0.10305927200000001,5,0.9,0.4,0.185184298
32,7,FCz,0.097089786,0.003998844123503692,0.092737682,0.11222239,5,0.9,0.4,0.185184298
32,2,Fz,0.096044216,0.017186560415291943,-0.089165138,0.11149942799999998,5,0.9,0.4,0.185184298
32,3,F3,0.08852764399999999,0.0020459012644871203,0.034122364,0.095570886,5,0.9,0.4,0.185184298
32,12,Cz,0.086684888,0.02059922439808523,0.074822334,0.102479064,5,0.9,0.4,0.185184298
32,4,F4,0.08598091799999999,0.026164006699639298,0.0019335219999999987,0.096947664,5,0.9,0.4,0.185184298
32,19,TP7,0.082513682,0.003971509164073527,-0.008730446,0.097108428,5,0.9,0.4,0.185184298
32,11,FT8,0.08233641,0.004120290804190885,-0.0036022140000000003,0.09669112399999999,5,0.9,0.4,0.185184298
32,25,T6,0.082261262,0.0018913874101754,-0.067004452,0.094417738,5,0.9,0.4,0.185184298
32,20,TP8,0.081283704,0.016099285174243916,-0.056454032,0.09801129,5,0.9,0.4,0.185184298
32,5,F7,0.081184882,0.006508116331683087,0.071410748,0.09394467199999999,5,0.9,0.4,0.185184298
32,6,F8,0.080269586,0.005306442623140287,-0.027873537999999996,0.083748232,5,0.9,0.4,0.185184298
32,10,FT7,0.078929758,0.026070886269139764,-0.04040048,0.091809118,5,0.9,0.4,0.185184298
32,1,Fp2,0.07691463400000001,0.0015114800238607191,0.060647530000000005,0.095242802,5,0.9,0.4,0.185184298
32,26,Oz,0.075539286,0.005448149856945019,0.038787938,0.08122523400000001,5,0.9,0.4,0.185184298
32,9,FC4,0.057679327999999995,0.00020595121599544067,-0.052892374,0.076640248,5,0.9,0.4,0.185184298
32,8,FC3,0.053182602,0.049992945297657944,0.004100660000000001,0.06012747,5,0.9,0.4,0.185184298
33,21,Pz,0.15324682,0.00020338298195768435,0.006826794,0.153435834,5,0.975,0.8,0.006583438
33,28,O2,0.144007392,0.0001755121144536918,-0.023651576,0.146750086,5,0.975,0.8,0.006583438
33,15,T3,0.127277534,0.00012066965579631637,0.127277534,0.13250525200000002,5,0.975,0.8,0.006583438
33,16,T4,0.122292486,0.00024250083305011547,0.013299366000000002,0.134597896,5,0.975,0.8,0.006583438
33,27,O1,0.122142554,0.00028212622410900127,0.056491811999999995,0.13256143599999998,5,0.975,0.8,0.006583438
33,17,CP3,0.12111265600000001,0.0002786772652729331,0.03325486,0.13964183400000002,5,0.975,0.8,0.006583438
33,13,C3,0.11523414400000001,0.00038086238778593296,0.072524752,0.11748863000000001,5,0.975,0.8,0.006583438
33,18,CP4,0.110893328,0.00026925568419255546,0.034849638,0.127250966,5,0.975,0.8,0.006583438
33,0,Fp1,0.11002694399999999,0.00015091722492810425,-0.095628774,0.12268844000000001,5,0.975,0.8,0.006583438
33,22,P3,0.1080172,0.0004308295383327356,0.1080172,0.11713285600000001,5,0.975,0.8,0.006583438
33,23,P4,0.105169306,0.000270355291107827,-0.09340633,0.117194676,5,0.975,0.8,0.006583438
33,24,T5,0.10513978799999998,0.0001993760771005351,0.073530836,0.114681412,5,0.975,0.8,0.006583438
33,2,Fz,0.103824634,0.00017201817877770875,-0.098169602,0.11725532000000001,5,0.975,0.8,0.006583438
33,7,FCz,0.09895984199999999,0.0002978818631101943,0.09895984199999999,0.11430049,5,0.975,0.8,0.006583438
33,4,F4,0.097242246,0.00020439020727520832,0.012054884,0.107654918,5,0.975,0.8,0.006583438
33,10,FT7,0.090134888,0.00024089252234139468,-0.057841564,0.10385576199999999,5,0.975,0.8,0.006583438
33,20,TP8,0.088712152,0.0004126267074123964,-0.059195448000000005,0.10787452800000001,5,0.975,0.8,0.006583438
33,3,F3,0.08747113799999999,0.0001757019987649522,0.027565040000000002,0.094197632,5,0.975,0.8,0.006583438
33,14,C4,0.08600727799999999,0.00025776093026290983,-0.075124292,0.096336858,5,0.975,0.8,0.006583438
33,5,F7,0.08434647799999999,0.00020309677858105078,0.081587482,0.09784553,5,0.975,0.8,0.006583438
33,19,TP7,0.08431027599999999,0.00034327420414298807,-0.01848523,0.09426544,5,0.975,0.8,0.006583438
33,25,T6,0.080884366,0.00020584215756253672,-0.06250003,0.0921841,5,0.975,0.8,0.006583438
33,11,FT8,0.080234538,0.0003375987477316833,-0.003807882,0.09711065999999999,5,0.975,0.8,0.006583438
33,12,Cz,0.077474064,0.00011544124709132488,0.075732168,0.092839674,5,0.975,0.8,0.006583438
33,6,F8,0.077420968,0.0002336844438981809,-0.029423484,0.078338668,5,0.975,0.8,0.006583438
33,1,Fp2,0.077370054,0.00035807079834859464,0.061125394,0.095034336,5,0.975,0.8,0.006583438
33,26,Oz,0.07735120399999999,0.00011625592492428303,0.042389788,0.079873878,5,0.975,0.8,0.006583438
33,9,FC4,0.058066148,0.00023853825378752,-0.058066148,0.07655584,5,0.975,0.8,0.006583438
33,8,FC3,0.031116804000000005,0.0003064795230190739,0.006050266,0.03756321,5,0.975,0.8,0.006583438
34,28,O2,0.176514452,0.02444700850135594,0.069038486,0.190684882,5,0.675,0.0,0.825841226
34,17,CP3,0.150243904,0.038761248243072366,-0.011277104,0.16750892,5,0.675,0.0,0.825841226
34,16,T4,0.130382048,0.026445712514000637,0.032653518,0.14509614399999998,5,0.675,0.0,0.825841226
34,27,O1,0.122619666,0.022359265747494483,0.037443276000000004,0.14415245599999998,5,0.675,0.0,0.825841226
34,7,FCz,0.116936686,0.08972938308612365,0.107366314,0.130192178,5,0.675,0.0,0.825841226
34,10,FT7,0.11634495199999999,0.031477155753015074,-0.01979435,0.141767514,5,0.675,0.0,0.825841226
34,15,T3,0.11393579000000001,0.028414573761975554,0.094099316,0.1408302,5,0.675,0.0,0.825841226
34,23,P4,0.113024392,0.022972941617456607,-0.107505998,0.132052742,5,0.675,0.0,0.825841226
34,18,CP4,0.112469058,0.03917750720207987,-0.014367417999999998,0.131700582,5,0.675,0.0,0.825841226
34,24,T5,0.100006122,0.04083923153900206,0.026341018,0.12237409800000001,5,0.675,0.0,0.825841226
34,20,TP8,0.096272294,0.022402178911886672,-0.05931990599999999,0.117607172,5,0.675,0.0,0.825841226
34,4,F4,0.0961993,0.048288381954611506,-0.064974086,0.11629771199999998,5,0.675,0.0,0.825841226
34,2,Fz,0.09569608,0.03431793695264839,-0.085337246,0.113819776,5,0.675,0.0,0.825841226
34,3,F3,0.095009082,0.032452128769527126,0.04064102,0.10784676600000001,5,0.675,0.0,0.825841226
34,13,C3,0.092915154,0.028273183887120495,-0.009797315999999997,0.110501234,5,0.675,0.0,0.825841226
34,21,Pz,0.089637642,0.038746325850619955,0.016512732000000002,0.10260370999999999,5,0.675,0.0,0.825841226
34,6,F8,0.08790223999999999,0.02346107401838522,-0.032315263999999996,0.102998034,5,0.675,0.0,0.825841226
34,11,FT8,0.08506322000000001,0.03274244795438102,0.013247972,0.09768808999999999,5,0.675,0.0,0.825841226
34,12,Cz,0.083142774,0.018532083003612414,0.050060808,0.09566854799999999,5,0.675,0.0,0.825841226
34,14,C4,0.08295538,0.04456621019900502,0.040235354,0.092833368,5,0.675,0.0,0.825841226
34,25,T6,0.079897802,0.04860106427959958,-0.032297626,0.086648922,5,0.675,0.0,0.825841226
34,22,P3,0.079237112,0.013546795036218721,0.021268376,0.08744361,5,0.675,0.0,0.825841226
34,5,F7,0.072522848,0.01419111724568647,0.056621376,0.081025028,5,0.675,0.0,0.825841226
34,19,TP7,0.071373884,0.008930866896107004,-0.009601276,0.08187652599999999,5,0.675,0.0,0.825841226
34,0,Fp1,0.067441798,0.0194151845233768,-0.037488931999999996,0.082371244,5,0.675,0.0,0.825841226
34,8,FC3,0.06255055,0.019481052377526988,-0.01298741,0.071533832,5,0.675,0.0,0.825841226
34,9,FC4,0.056212368,0.030290184131956343,0.004739510000000001,0.064518326,5,0.675,0.0,0.825841226
34,26,Oz,0.048383478,0.021178626694295363,0.014952826000000002,0.057131763999999995,5,0.675,0.0,0.825841226
34,1,Fp2,0.042439804,0.010988940121018496,0.023053632,0.0587433,5,0.675,0.0,0.825841226
35,26,Oz,0.163761988,0.0502918444187228,0.096433002,0.176251832,5,0.675,0.0,0.79794277
35,22,P3,0.143251612,0.01695276232267237,0.13841436000000001,0.170011412,5,0.675,0.0,0.79794277
35,18,CP4,0.13309216,0.023711570333416344,0.07443783200000001,0.155273598,5,0.675,0.0,0.79794277
35,16,T4,0.120654442,0.042038251813636594,0.019443,0.138136812,5,0.675,0.0,0.79794277
35,15,T3,0.11958907,0.03714809877829282,0.11424973999999999,0.131621554,5,0.675,0.0,0.79794277
35,21,Pz,0.119019316,0.03373125791687926,-0.075866658,0.139405048,5,0.675,0.0,0.79794277
35,4,F4,0.110988656,0.035676276287640085,0.078922432,0.12449490199999999,5,0.675,0.0,0.79794277
35,19,TP7,0.100115098,0.0324314543286355,-0.016634128,0.11273413799999998,5,0.675,0.0,0.79794277
35,27,O1,0.09899661,0.02987094787259938,0.022409486,0.12442112000000001,5,0.675,0.0,0.79794277
35,2,Fz,0.098838788,0.0222546498022575,-0.078396312,0.109003578,5,0.675,0.0,0.79794277
35,25,T6,0.09725472399999999,0.0114125721143715,-0.06002017,0.11271582200000001,5,0.675,0.0,0.79794277
35,11,FT8,0.096039628,0.015195355275529758,0.012962296000000002,0.10666682000000001,5,0.675,0.0,0.79794277
35,7,FCz,0.090283666,0.008687926693053986,0.074766962,0.09768036799999999,5,0.675,0.0,0.79794277
35,10,FT7,0.088875534,0.037932549784862594,-0.006248381999999999,0.096826538,5,0.675,0.0,0.79794277
35,23,P4,0.088872178,0.019267698394023865,0.020468336000000004,0.102664864,5,0.675,0.0,0.79794277
35,14,C4,0.08645612,0.017331428862471205,-0.06642702199999999,0.093774848,5,0.675,0.0,0.79794277
35,3,F3,0.08534515000000001,0.024179751732057757,0.004836476000000001,0.10063667000000001,5,0.675,0.0,0.79794277
35,28,O2,0.080630856,0.019894886750456257,-0.0079153,0.08707532,5,0.675,0.0,0.79794277
35,17,CP3,0.07986698,0.01310426929161447,-0.005268373999999999,0.091425492,5,0.675,0.0,0.79794277
35,8,FC3,0.075681546,0.014652959931748604,-0.010378950000000001,0.08820932,5,0.675,0.0,0.79794277
35,24,T5,0.07235807200000001,0.019512413950047797,-0.011568961999999999,0.084480784,5,0.675,0.0,0.79794277
35,13,C3,0.071198044,0.031447312300092206,0.0483664,0.08252281,5,0.675,0.0,0.79794277
35,5,F7,0.070264326,0.037510878016949696,0.056618089999999996,0.087524214,5,0.675,0.0,0.79794277
35,0,Fp1,0.06958321,0.027339186047360662,-0.04469808200000001,0.09313750600000001,5,0.675,0.0,0.79794277
35,12,Cz,0.0661604,0.015344694453974963,0.006620276000000003,0.08093355399999999,5,0.675,0.0,0.79794277
35,6,F8,0.05916988199999999,0.018442210860378696,0.021374006,0.0777425,5,0.675,0.0,0.79794277
35,9,FC4,0.053332376,0.02106207967774265,-0.016297234,0.061397056000000005,5,0.675,0.0,0.79794277
35,1,Fp2,0.05278468199999999,0.02184009248201619,0.012091832,0.063707398,5,0.675,0.0,0.79794277
35,20,TP8,0.05048712600000001,0.021005971195764313,-0.030763412,0.055840214,5,0.675,0.0,0.79794277
36,21,Pz,0.15314196,0.00040929226678499596,0.0065259079999999995,0.153316476,5,1.0,1.0,0.007083556
36,28,O2,0.143838662,0.00015737817930068905,-0.023263658,0.146537004,5,1.0,1.0,0.007083556
36,15,T3,0.12683494,0.0002286687298254814,0.12683494,0.132077748,5,1.0,1.0,0.007083556
36,27,O1,0.12238786400000001,0.00028883519596821364,0.056203819999999995,0.132630606,5,1.0,1.0,0.007083556
36,16,T4,0.122348206,0.0003428428174542984,0.013409026000000001,0.134642464,5,1.0,1.0,0.007083556
36,17,CP3,0.12109177,0.00024556450588389135,0.033229056,0.139536664,5,1.0,1.0,0.007083556
36,13,C3,0.11588701400000001,0.00026892576276734293,0.073035856,0.118089326,5,1.0,1.0,0.007083556
36,18,CP4,0.11025347599999999,0.00023806568732180364,0.033989283999999995,0.12697588799999998,5,1.0,1.0,0.007083556
36,0,Fp1,0.11010065799999999,0.0004116018138565453,-0.095700962,0.12267646800000001,5,1.0,1.0,0.007083556
36,22,P3,0.10835924999999999,0.00015197574971027237,0.10835924999999999,0.117426408,5,1.0,1.0,0.007083556
36,23,P4,0.10488171399999999,0.00010284928672577297,-0.09303931800000001,0.11687566600000002,5,1.0,1.0,0.007083556
36,24,T5,0.104781784,0.00011354173474983274,0.073434736,0.11440345,5,1.0,1.0,0.007083556
36,2,Fz,0.103757778,0.0002532510225448283,-0.098321272,0.117315408,5,1.0,1.0,0.007083556
36,7,FCz,0.098647502,0.00025892078821524285,0.098647502,0.11429965,5,1.0,1.0,0.007083556
36,4,F4,0.097693496,0.00017811038551977023,0.01213558,0.108193154,5,1.0,1.0,0.007083556
36,10,FT7,0.090404076,0.00020304359280706087,-0.05863908599999999,0.104112018,5,1.0,1.0,0.007083556
36,20,TP8,0.088680304,0.00029120621083692476,-0.059567006,0.10804987800000002,5,1.0,1.0,0.007083556
36,3,F3,0.088214746,0.0002391281472976351,0.02772578,0.09501098,5,1.0,1.0,0.007083556
36,14,C4,0.085816884,0.00039030875051682156,-0.075358006,0.09634769400000001,5,1.0,1.0,0.007083556
36,19,TP7,0.084241424,0.0002460206279562713,-0.018892456,0.094026182,5,1.0,1.0,0.007083556
36,5,F7,0.08394188799999999,0.0001289380101831872,0.081867384,0.09783278399999999,5,1.0,1.0,0.007083556
36,25,T6,0.081362192,0.00017544305834088018,-0.06210549,0.09249755400000001,5,1.0,1.0,0.007083556
36,11,FT8,0.080260046,0.0001979642609917298,-0.003880354,0.09727167,5,1.0,1.0,0.007083556
36,1,Fp2,0.07753279399999999,0.0002911324674095947,0.061433855999999995,0.095243564,5,1.0,1.0,0.007083556
36,26,Oz,0.07747644000000001,0.00027987451053998767,0.042321012000000005,0.07985575,5,1.0,1.0,0.007083556
36,6,F8,0.077215968,0.0003891581971640845,-0.02939332,0.07816759799999999,5,1.0,1.0,0.007083556
36,12,Cz,0.07716168,0.0003566834628210273,0.075388208,0.09243248600000001,5,1.0,1.0,0.007083556
36,9,FC4,0.057866452,0.0003439430950317235,-0.057866452,0.076349836,5,1.0,1.0,0.007083556
36,8,FC3,0.030651568,0.00031669123728009956,0.005863476,0.037262052000000004,5,1.0,1.0,0.007083556
37,28,O2,0.150142332,0.007309156482151002,-0.0007295719999999992,0.15178612,5,0.675,0.2,0.230209108
37,15,T3,0.145431924,0.025340188043176195,0.145431924,0.148761558,5,0.675,0.2,0.230209108
37,21,Pz,0.14519974,0.009496201704052512,0.008852986,0.147522936,5,0.675,0.2,0.230209108
37,16,T4,0.11746387,0.01357057242830787,0.031581566,0.131073376,5,0.675,0.2,0.230209108
37,18,CP4,0.114214632,0.007116432455540485,0.056276608000000006,0.12931319800000002,5,0.675,0.2,0.230209108
37,17,CP3,0.11407250399999999,0.01748641466791663,0.017328478,0.134229362,5,0.675,0.2,0.230209108
37,7,FCz,0.11377479400000001,0.012597320817556011,0.10573616599999999,0.131310206,5,0.675,0.2,0.230209108
37,2,Fz,0.11353548799999999,0.007589481413470886,-0.102661772,0.128176826,5,0.675,0.2,0.230209108
37,27,O1,0.113229592,0.012339814614060059,0.046562123999999996,0.124304488,5,0.675,0.2,0.230209108
37,0,Fp1,0.11199263200000001,0.00747974033218868,-0.102463868,0.127020254,5,0.675,0.2,0.230209108
37,22,P3,0.10906649799999998,0.014401475037310242,0.10906649799999998,0.120516412,5,0.675,0.2,0.230209108
37,13,C3,0.107582822,0.01286102180945083,0.080190128,0.11678365399999999,5,0.675,0.2,0.230209108
37,24,T5,0.10728854000000002,0.016544591338626347,0.07035994400000001,0.11743162599999998,5,0.675,0.2,0.230209108
37,4,F4,0.104002758,0.009839112232336808,-0.006666236000000001,0.12617217,5,0.675,0.2,0.230209108
37,6,F8,0.098361112,0.020431942541576164,-0.052577302000000006,0.099833436,5,0.675,0.2,0.230209108
37,3,F3,0.095967918,0.01031734378751721,0.03023873,0.10335356799999999,5,0.675,0.2,0.230209108
37,23,P4,0.08815557,0.01234740926855913,-0.07372113799999999,0.096849196,5,0.675,0.2,0.230209108
37,10,FT7,0.08566262,0.010228838056477877,-0.04057986,0.10297033600000001,5,0.675,0.2,0.230209108
37,5,F7,0.084455374,0.014434439823212047,0.077753978,0.098899196,5,0.675,0.2,0.230209108
37,19,TP7,0.08223050600000001,0.015046772776194565,-0.008170778,0.098496706,5,0.675,0.2,0.230209108
37,11,FT8,0.08218631200000001,0.02228138643534935,0.013241683999999998,0.09864679800000001,5,0.675,0.2,0.230209108
37,26,Oz,0.079497318,0.013114303199000704,0.040939876,0.083204198,5,0.675,0.2,0.230209108
37,20,TP8,0.078266028,0.012571535792500447,-0.04174004,0.09196985399999999,5,0.675,0.2,0.230209108
37,14,C4,0.07738260799999999,0.00962130094870595,-0.067162534,0.086036836,5,0.675,0.2,0.230209108
37,25,T6,0.071082504,0.008376904912238171,-0.038304714,0.078069238,5,0.675,0.2,0.230209108
37,12,Cz,0.069757878,0.010606537951498126,0.055848832,0.083860334,5,0.675,0.2,0.230209108
37,1,Fp2,0.06750848200000001,0.008611019965498868,0.037260988,0.079829236,5,0.675,0.2,0.230209108
37,9,FC4,0.061089331999999996,0.015108315316641696,-0.055384524000000004,0.073832926,5,0.675,0.2,0.230209108
37,8,FC3,0.035494034,0.012388584350105545,0.005393518,0.04097404,5,0.675,0.2,0.230209108
38,21,Pz,0.139498832,0.03354979980159748,-0.0026854659999999983,0.151755814,5,0.575,0.0,0.503097684
38,23,P4,0.134876584,0.06058816561404323,-0.128462624,0.152095658,5,0.575,0.0,0.503097684
38,22,P3,0.133490442,0.022323287354854806,0.132492696,0.147990722,5,0.575,0.0,0.503097684
38,17,CP3,0.128428448,0.017974566029333502,-0.00275754,0.14435725000000002,5,0.575,0.0,0.503097684
38,28,O2,0.12066324399999999,0.024744422385934373,-0.033547018,0.13548299,5,0.575,0.0,0.503097684
38,16,T4,0.11653997,0.007160259109665652,0.039969664,0.129314898,5,0.575,0.0,0.503097684
38,2,Fz,0.114231428,0.015081970480852958,-0.109170412,0.14033648199999998,5,0.575,0.0,0.503097684
38,20,TP8,0.10558603600000001,0.02776565220046397,-0.047046845999999996,0.1170355,5,0.575,0.0,0.503097684
38,15,T3,0.10526753600000001,0.021751548257446643,0.095219394,0.121295522,5,0.575,0.0,0.503097684
38,0,Fp1,0.103366914,0.034965230751230286,-0.10197977,0.120920548,5,0.575,0.0,0.503097684
38,18,CP4,0.10058621000000001,0.02604191222457752,0.035525634,0.116713742,5,0.575,0.0,0.503097684
38,14,C4,0.09974825600000001,0.025516041937356394,-0.042222312,0.11713427400000001,5,0.575,0.0,0.503097684
38,26,Oz,0.09583644799999999,0.024514760618997898,0.078696872,0.105940466,5,0.575,0.0,0.503097684
38,7,FCz,0.094963932,0.01440546608789421,0.09021850000000001,0.11567241400000002,5,0.575,0.0,0.503097684
38,3,F3,0.089708228,0.009759297928394755,0.009338467999999999,0.10987240000000001,5,0.575,0.0,0.503097684
38,27,O1,0.08921926,0.031655188814400555,0.021137672,0.09720321600000001,5,0.575,0.0,0.503097684
38,24,T5,0.08854339800000001,0.020770857532633795,0.061385218000000005,0.10251697600000001,5,0.575,0.0,0.503097684
38,11,FT8,0.086918008,0.007358380825998337,0.0031353759999999996,0.103553026,5,0.575,0.0,0.503097684
38,5,F7,0.084543486,0.009442710479866471,0.077553576,0.100572416,5,0.575,0.0,0.503097684
38,13,C3,0.08433843399999999,0.01709013067800038,0.035527872,0.087369844,5,0.575,0.0,0.503097684
38,4,F4,0.08226112999999999,0.019433227217963568,0.043783234,0.089319498,5,0.575,0.0,0.503097684
38,19,TP7,0.07440509,0.012118221952792827,-0.03812631,0.089649858,5,0.575,0.0,0.503097684
38,9,FC4,0.073964106,0.009490262019827478,-0.028180702000000002,0.09930881999999999,5,0.575,0.0,0.503097684
38,12,Cz,0.064042794,0.017416272045652596,0.053952126,0.07268694,5,0.575,0.0,0.503097684
38,1,Fp2,0.057712986,0.01517389199187967,0.041086776000000005,0.073393268,5,0.575,0.0,0.503097684
38,6,F8,0.055989398,0.01790086470124195,-0.01804225,0.064280686,5,0.575,0.0,0.503097684
38,10,FT7,0.055380757999999995,0.016899492048590394,-0.039482556,0.068979122,5,0.575,0.0,0.503097684
38,25,T6,0.050529368,0.013283992615368697,-0.029581166000000002,0.06617208,5,0.575,0.0,0.503097684
38,8,FC3,0.048621166,0.016477206643170136,-0.012183270000000001,0.055817674,5,0.575,0.0,0.503097684
39,21,Pz,0.14859981,0.010462865095123309,0.003104772,0.14914776600000001,5,0.925,0.6,0.0939436
39,28,O2,0.134692312,0.020515174009777974,-0.025039046,0.138770756,5,0.925,0.6,0.0939436
39,17,CP3,0.1292429,0.018573013337210526,0.029923222,0.14547628,5,0.925,0.6,0.0939436
39,15,T3,0.12877238200000002,0.004729143409278254,0.12877238200000002,0.13518265000000002,5,0.925,0.6,0.0939436
39,27,O1,0.11808619000000001,0.008992981257500206,0.053397468000000003,0.128872818,5,0.925,0.6,0.0939436
39,16,T4,0.11766189599999999,0.01029865824247411,0.014762622,0.131316952,5,0.925,0.6,0.0939436
39,0,Fp1,0.116278404,0.0135361329559232,-0.105117062,0.127994948,5,0.925,0.6,0.0939436
39,23,P4,0.11201688400000001,0.016420529843873183,-0.097512308,0.12354089800000001,5,0.925,0.6,0.0939436
39,18,CP4,0.110646706,0.0008692789098615053,0.039184094,0.125816898,5,0.925,0.6,0.0939436
39,2,Fz,0.108562146,0.01021117811486167,-0.098460344,0.1218679,5,0.925,0.6,0.0939436
39,13,C3,0.104933262,0.02290092793776422,0.070985162,0.10897779,5,0.925,0.6,0.0939436
39,22,P3,0.103630208,0.010260093191422287,0.102860744,0.114338554,5,0.925,0.6,0.0939436
39,24,T5,0.10275062799999998,0.005334079645643659,0.06683901,0.11094532400000001,5,0.925,0.6,0.0939436
39,7,FCz,0.10027180200000001,0.0028500881627188347,0.10027180200000001,0.11538928600000001,5,0.925,0.6,0.0939436
39,4,F4,0.097442138,0.00033309693036712775,0.013200960000000001,0.10791475399999999,5,0.925,0.6,0.0939436
39,20,TP8,0.09299668800000001,0.00903038937463496,-0.05636614399999999,0.11019548800000001,5,0.925,0.6,0.0939436
39,10,FT7,0.092454214,0.004461534098494594,-0.051959557999999996,0.10478403,5,0.925,0.6,0.0939436
39,5,F7,0.086879478,0.005963161399838174,0.082348224,0.10148706999999998,5,0.925,0.6,0.0939436
39,14,C4,0.08607733799999999,0.0017968645896032347,-0.06738951800000001,0.096513234,5,0.925,0.6,0.0939436
39,3,F3,0.08566681000000001,0.0036655103497535,0.021223756,0.095111668,5,0.925,0.6,0.0939436
39,19,TP7,0.08504827200000001,0.0010664609467861445,-0.02092086,0.09402432000000001,5,0.925,0.6,0.0939436
39,25,T6,0.082043118,0.002496696374946304,-0.059034597999999994,0.093717572,5,0.925,0.6,0.0939436
39,11,FT8,0.081162382,0.0028082987832173407,0.0018038499999999999,0.098271248,5,0.925,0.6,0.0939436
39,26,Oz,0.07938156399999999,0.004201074858911708,0.048528973999999996,0.08451795399999999,5,0.925,0.6,0.0939436
39,12,Cz,0.07850735,0.003031143061808531,0.076338078,0.09408762,5,0.925,0.6,0.0939436
39,1,Fp2,0.076869862,0.0006883136177063452,0.05601607200000001,0.0938324,5,0.925,0.6,0.0939436
39,6,F8,0.076198252,0.0032727783919049543,-0.022065242,0.07840862,5,0.925,0.6,0.0939436
39,9,FC4,0.050527648,0.016193041665960105,-0.04857035,0.065908984,5,0.925,0.6,0.0939436
39,8,FC3,0.034805976,0.007622325039345277,-0.004184514,0.042875478,5,0.925,0.6,0.0939436
4,28,O2,0.142010256,0.016095010298205155,-0.026294004,0.150587674,5,0.725,0.2,0.45581828
4,21,Pz,0.13777946000000002,0.021317228190958597,0.0018685699999999993,0.140639522,5,0.725,0.2,0.45581828
4,13,C3,0.133932666,0.024608010804285454,0.06930312400000001,0.152636982,5,0.725,0.2,0.45581828
4,2,Fz,0.12214185,0.037515130057476816,-0.073021692,0.138771858,5,0.725,0.2,0.45581828
4,22,P3,0.12094891,0.03278673910619581,0.11715651599999999,0.13483149,5,0.725,0.2,0.45581828
4,17,CP3,0.11306116400000002,0.011493375441693791,0.040885700000000004,0.137714304,5,0.725,0.2,0.45581828
4,4,F4,0.112958468,0.029623161331984307,0.026235918000000004,0.135800062,5,0.725,0.2,0.45581828
4,15,T3,0.110605192,0.03363617337261583,0.094822118,0.11935753,5,0.725,0.2,0.45581828
4,18,CP4,0.10989921799999999,0.03256059308094479,0.018338848,0.124214144,5,0.725,0.2,0.45581828
4,23,P4,0.109154974,0.019914409243500804,-0.09713302,0.12655629200000001,5,0.725,0.2,0.45581828
4,16,T4,0.10883503800000001,0.02761197868709104,0.026779748,0.12241256,5,0.725,0.2,0.45581828
4,27,O1,0.104839824,0.016280584616124198,0.014137846,0.11556416600000001,5,0.725,0.2,0.45581828
4,14,C4,0.10358942,0.029096706446644437,-0.061070639999999995,0.12123740999999999,5,0.725,0.2,0.45581828
4,9,FC4,0.10323995,0.06790956672275895,-0.095433856,0.127905202,5,0.725,0.2,0.45581828
4,25,T6,0.103141156,0.03712464693552627,0.004161511999999999,0.11153010600000002,5,0.725,0.2,0.45581828
4,7,FCz,0.100514974,0.01867657645562832,0.077778256,0.117962792,5,0.725,0.2,0.45581828
4,20,TP8,0.09193082999999999,0.0077026362036383324,-0.07181086,0.105289802,5,0.725,0.2,0.45581828
4,24,T5,0.090499562,0.02539838083963366,0.062046422000000004,0.099828862,5,0.725,0.2,0.45581828
4,0,Fp1,0.08966053,0.027194290960912183,-0.064928074,0.10025305799999999,5,0.725,0.2,0.45581828
4,26,Oz,0.089143444,0.021214536317348064,0.067390056,0.094821446,5,0.725,0.2,0.45581828
4,3,F3,0.080413314,0.02327996691750291,0.038833878,0.087979002,5,0.725,0.2,0.45581828
4,11,FT8,0.076757858,0.006001808601206808,0.013150986,0.09162114,5,0.725,0.2,0.45581828
4,5,F7,0.076089226,0.011722388510100235,0.055000733999999996,0.087696512,5,0.725,0.2,0.45581828
4,10,FT7,0.07541798,0.029229212442133987,-0.031363222,0.085736458,5,0.725,0.2,0.45581828
4,12,Cz,0.073083014,0.005581875358943446,0.072403546,0.087043154,5,0.725,0.2,0.45581828
4,19,TP7,0.070884364,0.022791569608139762,-0.017292619999999998,0.081656732,5,0.725,0.2,0.45581828
4,8,FC3,0.066074706,0.04374676899923273,-0.007269581999999999,0.07916409799999999,5,0.725,0.2,0.45581828
4,1,Fp2,0.065165946,0.01891634047934959,0.037400038000000004,0.078271868,5,0.725,0.2,0.45581828
4,6,F8,0.061412494,0.022156633373438754,0.002136026,0.06786207600000001,5,0.725,0.2,0.45581828
40,3,F3,0.15291658400000002,0.04611918722952443,0.066179392,0.165823292,5,0.775,0.2,0.572051386
40,15,T3,0.141185596,0.023380433931693406,0.129845474,0.16085911199999997,5,0.775,0.2,0.572051386
40,18,CP4,0.131231486,0.011928477391097737,0.089610064,0.15414229,5,0.775,0.2,0.572051386
40,17,CP3,0.128581088,0.03245760698528498,0.001955095999999999,0.155205252,5,0.775,0.2,0.572051386
40,21,Pz,0.124387804,0.017807485072520203,0.013429972000000002,0.13368923800000002,5,0.775,0.2,0.572051386
40,28,O2,0.12153765000000001,0.017897675223395634,-0.0494335,0.13796735,5,0.775,0.2,0.572051386
40,25,T6,0.11228113400000002,0.03737066193498825,-0.00890406,0.127321776,5,0.775,0.2,0.572051386
40,22,P3,0.11174552600000001,0.03240899760357422,0.11062328000000002,0.13102938,5,0.775,0.2,0.572051386
40,16,T4,0.11065069400000001,0.014184111179634409,-0.013961109999999999,0.12924744999999999,5,0.775,0.2,0.572051386
40,13,C3,0.104508176,0.016892196019266708,0.021061597999999997,0.116901536,5,0.775,0.2,0.572051386
40,2,Fz,0.10233987199999998,0.014764721551470922,-0.0786144,0.11477308,5,0.775,0.2,0.572051386
40,27,O1,0.097229524,0.033381745521575565,0.010544508,0.111624028,5,0.775,0.2,0.572051386
40,7,FCz,0.092195338,0.01200326248770391,0.090244386,0.10860498,5,0.775,0.2,0.572051386
40,5,F7,0.09156379,0.018793892875435623,0.091065042,0.106882956,5,0.775,0.2,0.572051386
40,0,Fp1,0.09069764799999999,0.029708757165288317,-0.083175708,0.106690204,5,0.775,0.2,0.572051386
40,19,TP7,0.087476214,0.01214950857881626,-0.031224796,0.11072184599999998,5,0.775,0.2,0.572051386
40,26,Oz,0.083032632,0.026764534886918358,0.040601908,0.08617839999999999,5,0.775,0.2,0.572051386
40,11,FT8,0.07980944,0.020116945080594372,-0.012901614,0.089652234,5,0.775,0.2,0.572051386
40,1,Fp2,0.079661544,0.008572948512409832,0.06429349,0.094591152,5,0.775,0.2,0.572051386
40,20,TP8,0.07658641,0.025033035143184293,-0.04280069,0.091039074,5,0.775,0.2,0.572051386
40,12,Cz,0.076532984,0.017073548397024272,0.044875498,0.085470414,5,0.775,0.2,0.572051386
40,4,F4,0.07577223200000001,0.028407449051373303,0.01486093,0.085672562,5,0.775,0.2,0.572051386
40,14,C4,0.071624982,0.012196187366858551,-0.06547402,0.089700618,5,0.775,0.2,0.572051386
40,9,FC4,0.071107182,0.027268224343230896,-0.047141252,0.087632424,5,0.775,0.2,0.572051386
40,10,FT7,0.071064364,0.013813866884452745,-0.032915048,0.087490556,5,0.775,0.2,0.572051386
40,6,F8,0.069991594,0.012278334049987403,-0.016518468,0.07771438,5,0.775,0.2,0.572051386
40,23,P4,0.065676788,0.023448890442369974,-0.05291623399999999,0.08187117799999999,5,0.775,0.2,0.572051386
40,24,T5,0.055820902000000006,0.036841218765990495,0.018745745999999997,0.06114512,5,0.775,0.2,0.572051386
40,8,FC3,0.036120412000000005,0.01803181323378822,0.004392632,0.04656283,5,0.775,0.2,0.572051386
41,21,Pz,0.15089647,0.00328210003576218,0.006378300000000001,0.15195192799999999,5,0.8,0.4,0.13484228599999998
41,28,O2,0.14544964999999999,0.005919868598499462,-0.019239942,0.14993028800000002,5,0.8,0.4,0.13484228599999998
41,15,T3,0.13123371,0.00801280988434767,0.13123371,0.136774278,5,0.8,0.4,0.13484228599999998
41,27,O1,0.129851774,0.013307572783347084,0.07007024399999999,0.13984670600000002,5,0.8,0.4,0.13484228599999998
41,17,CP3,0.122176222,0.0012940076439186953,0.038972839999999995,0.137473478,5,0.8,0.4,0.13484228599999998
41,16,T4,0.11668163200000001,0.011998174131603116,0.015924858,0.13014668000000001,5,0.8,0.4,0.13484228599999998
41,13,C3,0.115486434,0.0025414491335318916,0.072704166,0.11948762399999999,5,0.8,0.4,0.13484228599999998
41,18,CP4,0.11368680199999999,0.014929617928487649,0.027635571999999997,0.133732616,5,0.8,0.4,0.13484228599999998
41,22,P3,0.112572588,0.012281289062220636,0.111408994,0.125213188,5,0.8,0.4,0.13484228599999998
41,2,Fz,0.103417562,0.0028306018000895153,-0.084171264,0.112251438,5,0.8,0.4,0.13484228599999998
41,0,Fp1,0.10338855799999999,0.01159541920159293,-0.08664927,0.113402472,5,0.8,0.4,0.13484228599999998
41,24,T5,0.102596672,0.005350033474962564,0.07223310000000001,0.11398280599999999,5,0.8,0.4,0.13484228599999998
41,7,FCz,0.10129929600000001,0.007571824817095281,0.10048991,0.11437659600000001,5,0.8,0.4,0.13484228599999998
41,23,P4,0.100897828,0.009875285404864004,-0.082903104,0.11025917,5,0.8,0.4,0.13484228599999998
41,20,TP8,0.09610717399999999,0.008608722265547307,-0.057851896,0.115151586,5,0.8,0.4,0.13484228599999998
41,4,F4,0.095354492,0.003848442251511635,0.0009669479999999994,0.11144745199999999,5,0.8,0.4,0.13484228599999998
41,11,FT8,0.092851712,0.017754062229886142,-0.01990885,0.10811173,5,0.8,0.4,0.13484228599999998
41,10,FT7,0.086956794,0.00612618566825884,-0.064479536,0.10288829,5,0.8,0.4,0.13484228599999998
41,1,Fp2,0.08476482199999999,0.010608517282823745,0.053587978,0.09959085599999999,5,0.8,0.4,0.13484228599999998
41,3,F3,0.082060882,0.007577699655675195,0.028470098,0.08784297599999999,5,0.8,0.4,0.13484228599999998
41,25,T6,0.081727002,0.0033892123584278403,-0.064681112,0.09446268,5,0.8,0.4,0.13484228599999998
41,12,Cz,0.08167732,0.010197277625643526,0.080783328,0.09544829,5,0.8,0.4,0.13484228599999998
41,19,TP7,0.080079952,0.007635224980163971,-0.035627110000000003,0.093743402,5,0.8,0.4,0.13484228599999998
41,6,F8,0.078863456,0.0052687897145672815,-0.028806838,0.080859664,5,0.8,0.4,0.13484228599999998
41,26,Oz,0.078210104,0.0026427922638622234,0.03742627,0.08196097399999999,5,0.8,0.4,0.13484228599999998
41,14,C4,0.077955018,0.010517217394136155,-0.058437454,0.086931338,5,0.8,0.4,0.13484228599999998
41,5,F7,0.07036387200000001,0.01855796384839727,0.060485778000000004,0.080719564,5,0.8,0.4,0.13484228599999998
41,9,FC4,0.05850085000000001,0.0019341911765257346,-0.057750126,0.076362518,5,0.8,0.4,0.13484228599999998
41,8,FC3,0.035335788,0.006272218868097637,0.009643926,0.04149083,5,0.8,0.4,0.13484228599999998
42,21,Pz,0.153669044,0.012703195209766318,0.002395572,0.15491583599999997,5,0.775,0.4,0.127875466
42,28,O2,0.14294072,0.003258188476876379,-0.024184542,0.147070788,5,0.775,0.4,0.127875466
42,17,CP3,0.122842512,0.007042185733376396,0.029129956000000002,0.143082386,5,0.775,0.4,0.127875466
42,15,T3,0.12067449,0.008824408238760266,0.12067449,0.126841388,5,0.775,0.4,0.127875466
42,16,T4,0.120102942,0.00934479063745518,0.02051214,0.132298206,5,0.775,0.4,0.127875466
42,27,O1,0.11927080400000001,0.006916866463600409,0.05474551400000001,0.132482166,5,0.775,0.4,0.127875466
42,0,Fp1,0.110844776,0.00982646969236816,-0.097464244,0.125029912,5,0.775,0.4,0.127875466
42,23,P4,0.10995301399999999,0.008742737031492481,-0.102556962,0.125336166,5,0.775,0.4,0.127875466
42,13,C3,0.109474074,0.00767368022955608,0.071299556,0.113967028,5,0.775,0.4,0.127875466
42,2,Fz,0.10732671599999999,0.005863548871249397,-0.095915604,0.118669622,5,0.775,0.4,0.127875466
42,22,P3,0.106390308,0.009355478372371988,0.106390308,0.11366878,5,0.775,0.4,0.127875466
42,18,CP4,0.105133954,0.009245936626347274,0.031652877999999995,0.121203802,5,0.775,0.4,0.127875466
42,7,FCz,0.103766956,0.0074468087114770145,0.103766956,0.118770792,5,0.775,0.4,0.127875466
42,4,F4,0.097392878,0.006318049529757581,0.022253928,0.104542714,5,0.775,0.4,0.127875466
42,24,T5,0.09711111,0.01405570985700651,0.073982456,0.108697088,5,0.775,0.4,0.127875466
42,10,FT7,0.094316384,0.011132864040355028,-0.059237428,0.10744099600000001,5,0.775,0.4,0.127875466
42,11,FT8,0.092745612,0.017484601140661464,0.003147266,0.11271183200000001,5,0.775,0.4,0.127875466
42,14,C4,0.091824612,0.01235837439680155,-0.069763792,0.103992274,5,0.775,0.4,0.127875466
42,20,TP8,0.089899166,0.004492040672236842,-0.055296592,0.10815238,5,0.775,0.4,0.127875466
42,19,TP7,0.08648668400000001,0.00945581475665265,-0.0179294,0.09938743,5,0.775,0.4,0.127875466
42,5,F7,0.08415651399999999,0.018779951496664733,0.069927566,0.093372112,5,0.775,0.4,0.127875466
42,12,Cz,0.079548526,0.008304055466913741,0.07511918,0.097039064,5,0.775,0.4,0.127875466
42,3,F3,0.079219856,0.011586133369527556,0.025657532,0.086520202,5,0.775,0.4,0.127875466
42,25,T6,0.078457552,0.011624119603878397,-0.059618726,0.09314279,5,0.775,0.4,0.127875466
42,26,Oz,0.07743728,0.00047175948602015265,0.043009574,0.08186805,5,0.775,0.4,0.127875466
42,1,Fp2,0.07235836,0.00647316628572139,0.060307994,0.092503662,5,0.775,0.4,0.127875466
42,6,F8,0.06312862,0.019356843436096446,-0.020902452,0.065923992,5,0.775,0.4,0.127875466
42,9,FC4,0.059900546,0.009084573542037074,-0.048265576,0.07369114,5,0.775,0.4,0.127875466
42,8,FC3,0.030811118,0.002839006414217833,0.0004348840000000003,0.036889886,5,0.775,0.4,0.127875466
43,28,O2,0.157933952,0.030363812141395725,-0.016332378,0.16034938199999998,5,0.9,0.6,0.13293548800000002
43,21,Pz,0.15441671399999998,0.0037850217553311357,-0.009097553999999999,0.158327942,5,0.9,0.6,0.13293548800000002
43,15,T3,0.13348964800000002,0.01421949138881275,0.13348964800000002,0.138740626,5,0.9,0.6,0.13293548800000002
43,17,CP3,0.12173465399999998,0.0023152737515205347,0.011663458,0.14848138,5,0.9,0.6,0.13293548800000002
43,18,CP4,0.11988072400000001,0.020526979472745864,0.039221908,0.13418511,5,0.9,0.6,0.13293548800000002
43,27,O1,0.117262028,0.010265542041564098,0.045235858000000004,0.12908621,5,0.9,0.6,0.13293548800000002
43,16,T4,0.11534778000000001,0.014268503769139568,0.014416080000000001,0.128138818,5,0.9,0.6,0.13293548800000002
43,22,P3,0.109186568,0.0016918131917915765,0.103621732,0.11861699,5,0.9,0.6,0.13293548800000002
43,13,C3,0.10762904,0.01777722844726224,0.058885482,0.112703106,5,0.9,0.6,0.13293548800000002
43,2,Fz,0.10749268000000001,0.007969344363675721,-0.1025997,0.12095525199999999,5,0.9,0.6,0.13293548800000002
43,23,P4,0.106427782,0.0042312449102799524,-0.092544394,0.119780738,5,0.9,0.6,0.13293548800000002
43,0,Fp1,0.10228778000000001,0.016036841683341206,-0.091284212,0.11473048599999999,5,0.9,0.6,0.13293548800000002
43,24,T5,0.09809605,0.015134427695454821,0.072811634,0.116032274,5,0.9,0.6,0.13293548800000002
43,4,F4,0.0954952,0.005748456340414352,0.020290503999999997,0.10427888,5,0.9,0.6,0.13293548800000002
43,14,C4,0.091713592,0.012983557373840961,-0.083185876,0.10245860600000001,5,0.9,0.6,0.13293548800000002
43,3,F3,0.09041427199999999,0.006466221931929801,0.024911001999999998,0.098119158,5,0.9,0.6,0.13293548800000002
43,20,TP8,0.09021707799999999,0.0027006223004096674,-0.058845786,0.109823356,5,0.9,0.6,0.13293548800000002
43,10,FT7,0.087762522,0.00628265297527008,-0.04389402,0.10169877599999999,5,0.9,0.6,0.13293548800000002
43,7,FCz,0.086575366,0.028139368840799005,0.073069502,0.10076447399999999,5,0.9,0.6,0.13293548800000002
43,19,TP7,0.086385288,0.005254180097067476,-0.021345174,0.098514022,5,0.9,0.6,0.13293548800000002
43,11,FT8,0.0833824,0.007089729977083047,-0.006102708,0.10002665799999999,5,0.9,0.6,0.13293548800000002
43,5,F7,0.083066588,0.0031175041385409583,0.081371868,0.09722745,5,0.9,0.6,0.13293548800000002
43,26,Oz,0.077602534,0.00046887438416914917,0.035244538,0.079990392,5,0.9,0.6,0.13293548800000002
43,25,T6,0.07621780199999999,0.011302063995785016,-0.055695744000000005,0.08537992000000001,5,0.9,0.6,0.13293548800000002
43,1,Fp2,0.076166356,0.003183982426887747,0.058922332,0.091623176,5,0.9,0.6,0.13293548800000002
43,12,Cz,0.073032512,0.0103561235635478,0.068090574,0.088808414,5,0.9,0.6,0.13293548800000002
43,6,F8,0.070591926,0.016803411479792727,-0.01886552,0.073353948,5,0.9,0.6,0.13293548800000002
43,9,FC4,0.052215162,0.01271082269679347,-0.048280848,0.067476112,5,0.9,0.6,0.13293548800000002
43,8,FC3,0.04728857,0.03731975207663966,0.021514633999999998,0.053508322,5,0.9,0.6,0.13293548800000002
44,21,Pz,0.13523274000000002,0.038985003142954215,-0.00203343,0.139681832,5,0.925,0.8,0.22531521799999998
44,28,O2,0.131691056,0.02822904578953618,-0.013811224,0.13560318799999999,5,0.925,0.8,0.22531521799999998
44,17,CP3,0.129342504,0.018209471742605014,-0.006404898000000001,0.15872323,5,0.925,0.8,0.22531521799999998
44,15,T3,0.121612256,0.012142155507014807,0.121612256,0.127300168,5,0.925,0.8,0.22531521799999998
44,16,T4,0.119373128,0.006276765384855482,0.022891602,0.12981484000000001,5,0.925,0.8,0.22531521799999998
44,13,C3,0.11732234400000001,0.0034104033028558352,0.06450142,0.123470814,5,0.925,0.8,0.22531521799999998
44,22,P3,0.115048832,0.015121123625298813,0.108308392,0.124020332,5,0.925,0.8,0.22531521799999998
44,3,F3,0.114619332,0.060305063553411246,0.066812642,0.121504612,5,0.925,0.8,0.22531521799999998
44,24,T5,0.114463232,0.02092414979465999,0.08921963,0.127898022,5,0.925,0.8,0.22531521799999998
44,27,O1,0.10812096600000001,0.02940920306038877,0.055136386,0.12126414,5,0.925,0.8,0.22531521799999998
44,2,Fz,0.10525005400000001,0.0033323849437722477,-0.096553678,0.12290040399999999,5,0.925,0.8,0.22531521799999998
44,19,TP7,0.10318737,0.04261976410289187,-0.044081716,0.114242332,5,0.925,0.8,0.22531521799999998
44,0,Fp1,0.099372176,0.023447159649594655,-0.08670432,0.111728152,5,0.925,0.8,0.22531521799999998
44,7,FCz,0.098872786,0.0007364457376005353,0.069261918,0.117138068,5,0.925,0.8,0.22531521799999998
44,14,C4,0.098716282,0.029173372156151567,-0.044281534,0.11190862400000001,5,0.925,0.8,0.22531521799999998
44,10,FT7,0.09789767599999999,0.01660491626489065,-0.060429782,0.11393195999999998,5,0.925,0.8,0.22531521799999998
44,18,CP4,0.09766058,0.028763150886765693,0.035879484,0.11443447,5,0.925,0.8,0.22531521799999998
44,23,P4,0.096309318,0.018553729515479365,-0.083896552,0.110015394,5,0.925,0.8,0.22531521799999998
44,4,F4,0.093203326,0.010678827421530422,0.011751602,0.102071416,5,0.925,0.8,0.22531521799999998
44,20,TP8,0.088593462,0.001374002943599474,-0.048767502,0.106666858,5,0.925,0.8,0.22531521799999998
44,12,Cz,0.086757738,0.020729723499091107,0.083158634,0.104213906,5,0.925,0.8,0.22531521799999998
44,11,FT8,0.081493608,0.0028599826019523196,-0.020080834,0.097196858,5,0.925,0.8,0.22531521799999998
44,5,F7,0.076371106,0.01787712766159402,0.071281114,0.08770149199999999,5,0.925,0.8,0.22531521799999998
44,25,T6,0.072485776,0.02015824913524932,-0.057246927999999996,0.081812794,5,0.925,0.8,0.22531521799999998
44,26,Oz,0.072101126,0.012985549489140992,0.024936714,0.076408214,5,0.925,0.8,0.22531521799999998
44,1,Fp2,0.06952664,0.018217270120321264,0.056447316000000004,0.085338428,5,0.925,0.8,0.22531521799999998
44,6,F8,0.067710026,0.02145452713635353,-0.022724474,0.06935248200000001,5,0.925,0.8,0.22531521799999998
44,9,FC4,0.06126314000000001,0.009311841646889729,-0.05672721199999999,0.08215552200000001,5,0.925,0.8,0.22531521799999998
44,8,FC3,0.053002242,0.04995203507208159,0.004336128,0.06033999400000001,5,0.925,0.8,0.22531521799999998
45,24,T5,0.15509698,0.045351108121389386,0.068418828,0.169339068,5,0.65,0.0,0.922387684
45,2,Fz,0.12980098,0.039013253812405856,-0.12980098,0.143695946,5,0.65,0.0,0.922387684
45,18,CP4,0.12785335,0.04506119292018133,-0.006897572,0.142011936,5,0.65,0.0,0.922387684
45,4,F4,0.12419712600000002,0.017928890650350613,-0.0009961739999999983,0.138457352,5,0.65,0.0,0.922387684
45,7,FCz,0.12362431600000001,0.059488709087296386,-0.009277214,0.14076134,5,0.65,0.0,0.922387684
45,3,F3,0.117605526,0.0519468245893609,0.067327792,0.130170062,5,0.65,0.0,0.922387684
45,13,C3,0.114424626,0.056724705043522096,0.07298426799999999,0.125783164,5,0.65,0.0,0.922387684
45,28,O2,0.11312646600000001,0.034562421171397704,0.052506569999999995,0.12624960000000002,5,0.65,0.0,0.922387684
45,6,F8,0.11185429399999999,0.02879009400766747,-0.08582032399999999,0.128885132,5,0.65,0.0,0.922387684
45,26,Oz,0.10338533400000001,0.03737870749153628,0.06445318,0.115501016,5,0.65,0.0,0.922387684
45,10,FT7,0.102956402,0.032277721415963044,-0.024548051999999997,0.11607790600000001,5,0.65,0.0,0.922387684
45,16,T4,0.102333374,0.017282391789218005,0.049626932,0.11983772,5,0.65,0.0,0.922387684
45,15,T3,0.10192072199999999,0.030795387310978414,0.069359178,0.11474296400000002,5,0.65,0.0,0.922387684
45,17,CP3,0.101653876,0.0316112196118693,0.037438526,0.11680207199999999,5,0.65,0.0,0.922387684
45,21,Pz,0.09971511400000001,0.045642878232244846,0.026236578000000003,0.120466488,5,0.65,0.0,0.922387684
45,22,P3,0.093055266,0.02967701604009625,0.011385138,0.113962736,5,0.65,0.0,0.922387684
45,27,O1,0.086130276,0.020205740666305202,-0.02759321,0.098946902,5,0.65,0.0,0.922387684
45,14,C4,0.085324878,0.010846508025669827,-0.026812646000000002,0.097618556,5,0.65,0.0,0.922387684
45,20,TP8,0.08408032400000001,0.035849611897445004,-0.030786440000000005,0.09495239800000001,5,0.65,0.0,0.922387684
45,8,FC3,0.08203621,0.05516447034639823,0.032740502,0.10680398399999999,5,0.65,0.0,0.922387684
45,19,TP7,0.08159464400000001,0.021891990241917934,0.0037137700000000004,0.091133798,5,0.65,0.0,0.922387684
45,25,T6,0.079942182,0.01833950428984437,-0.065516244,0.091134406,5,0.65,0.0,0.922387684
45,5,F7,0.074394616,0.017679414699530643,0.027613848000000003,0.08385611000000001,5,0.65,0.0,0.922387684
45,23,P4,0.073117874,0.013405993576347862,-0.043473878,0.08500837,5,0.65,0.0,0.922387684
45,12,Cz,0.07284182400000001,0.038555623154129276,0.039953518,0.089389922,5,0.65,0.0,0.922387684
45,9,FC4,0.07172875,0.026220143415293325,-0.026609011999999998,0.083861022,5,0.65,0.0,0.922387684
45,11,FT8,0.05409601000000001,0.0258986713745831,0.018139816,0.064751952,5,0.65,0.0,0.922387684
45,0,Fp1,0.047466106,0.02571205264595536,-0.023886338,0.057168544,5,0.65,0.0,0.922387684
45,1,Fp2,0.04203039,0.01712240108436314,0.025445288,0.05261566200000001,5,0.65,0.0,0.922387684
46,15,T3,0.173160018,0.034851541095592464,0.164013786,0.190925922,5,0.7,0.2,0.784330336
46,20,TP8,0.144403352,0.04369906954060201,-0.11030907999999999,0.16520795,5,0.7,0.2,0.784330336
46,22,P3,0.143441618,0.03717773524274536,0.12144709000000001,0.16155566000000002,5,0.7,0.2,0.784330336
46,17,CP3,0.141231672,0.015911597736214925,-0.07985495000000001,0.173103668,5,0.7,0.2,0.784330336
46,10,FT7,0.12434172000000002,0.03681069708737394,-0.117519128,0.13493855,5,0.7,0.2,0.784330336
46,28,O2,0.11022840599999999,0.021050844455898443,-0.0007062840000000001,0.124758624,5,0.7,0.2,0.784330336
46,27,O1,0.104799088,0.03844275937987633,0.062757172,0.11396888999999999,5,0.7,0.2,0.784330336
46,21,Pz,0.09945464400000001,0.03363053221465994,0.026078316,0.11404581,5,0.7,0.2,0.784330336
46,12,Cz,0.095892122,0.04792954279790356,0.092734286,0.105148066,5,0.7,0.2,0.784330336
46,26,Oz,0.09547464,0.031129848727578163,0.03876719,0.105118508,5,0.7,0.2,0.784330336
46,7,FCz,0.091316204,0.02658101169174492,0.005731062,0.101974024,5,0.7,0.2,0.784330336
46,25,T6,0.09131313199999999,0.03313285643354146,0.040648702,0.10130177599999998,5,0.7,0.2,0.784330336
46,0,Fp1,0.09129403,0.016766457218477908,-0.019759575999999997,0.09973647999999999,5,0.7,0.2,0.784330336
46,11,FT8,0.08904479600000001,0.0361653254187921,-0.011139112000000001,0.10567218199999999,5,0.7,0.2,0.784330336
46,14,C4,0.088862682,0.029672274608576438,-0.028306906000000003,0.099837658,5,0.7,0.2,0.784330336
46,24,T5,0.088536516,0.04629335857418782,-0.02746784,0.099079386,5,0.7,0.2,0.784330336
46,18,CP4,0.082828634,0.03234568315685309,0.02005131,0.100998856,5,0.7,0.2,0.784330336
46,6,F8,0.08074453200000001,0.011726704138745462,-0.026583306,0.097947622,5,0.7,0.2,0.784330336
46,9,FC4,0.07644040599999999,0.027167030184943472,-0.010248078,0.09738081,5,0.7,0.2,0.784330336
46,19,TP7,0.07604730200000001,0.014039014654325643,-0.025373767999999998,0.09149154000000001,5,0.7,0.2,0.784330336
46,3,F3,0.07567406800000001,0.034029342430876776,0.04183254,0.08069383599999999,5,0.7,0.2,0.784330336
46,16,T4,0.07235138599999999,0.03548807611407358,0.0279785,0.083138606,5,0.7,0.2,0.784330336
46,13,C3,0.07151408000000001,0.02685980038419683,0.018190604,0.08423521199999999,5,0.7,0.2,0.784330336
46,2,Fz,0.07070627,0.023247390173731335,-0.030630789999999998,0.086258878,5,0.7,0.2,0.784330336
46,1,Fp2,0.069750826,0.013876222540015349,0.035912326,0.08113755199999999,5,0.7,0.2,0.784330336
46,23,P4,0.069406656,0.03598583579699838,-0.05220807000000001,0.081765142,5,0.7,0.2,0.784330336
46,8,FC3,0.0651688,0.04111093210231009,-0.0019977780000000013,0.073520856,5,0.7,0.2,0.784330336
46,4,F4,0.064322104,0.03021459057013234,-0.0022779479999999997,0.069991082,5,0.7,0.2,0.784330336
46,5,F7,0.060160092,0.023914649734995495,0.055150198000000004,0.06754695200000001,5,0.7,0.2,0.784330336
47,21,Pz,0.15133527,0.004574607386432194,0.0081495,0.151646176,5,0.975,0.8,0.036503810000000005
47,28,O2,0.143443712,0.00032953947937994704,-0.026015512,0.147011778,5,0.975,0.8,0.036503810000000005
47,15,T3,0.126471522,0.0012321437310922828,0.126471522,0.131491206,5,0.975,0.8,0.036503810000000005
47,16,T4,0.122726976,0.0011727599858581495,0.014872924,0.135058248,5,0.975,0.8,0.036503810000000005
47,17,CP3,0.12097161199999999,0.00046949107049016714,0.034427998,0.139309542,5,0.975,0.8,0.036503810000000005
47,27,O1,0.11991417600000001,0.005098461985631552,0.052736898,0.13132785600000002,5,0.975,0.8,0.036503810000000005
47,13,C3,0.1177772,0.004749092013201057,0.076114346,0.12048258,5,0.975,0.8,0.036503810000000005
47,0,Fp1,0.11221722599999999,0.004270045930833768,-0.096736914,0.12490154599999999,5,0.975,0.8,0.036503810000000005
47,22,P3,0.11044154800000001,0.004143776219026552,0.11044154800000001,0.118869008,5,0.975,0.8,0.036503810000000005
47,18,CP4,0.109185924,0.0038731853063893053,0.036070822,0.125588804,5,0.975,0.8,0.036503810000000005
47,23,P4,0.104842892,0.0006079000605115948,-0.092517196,0.116800576,5,0.975,0.8,0.036503810000000005
47,24,T5,0.103594326,0.003073972666034948,0.072097148,0.113725076,5,0.975,0.8,0.036503810000000005
47,2,Fz,0.10245676,0.003077433335492415,-0.09725232,0.115993828,5,0.975,0.8,0.036503810000000005
47,7,FCz,0.09968574999999999,0.0023828182042174334,0.09945291199999999,0.11553953399999999,5,0.975,0.8,0.036503810000000005
47,4,F4,0.098072192,0.0019702656106906032,0.015880044,0.107295392,5,0.975,0.8,0.036503810000000005
47,10,FT7,0.089046352,0.0024678859573266346,-0.055764985999999996,0.10256399199999999,5,0.975,0.8,0.036503810000000005
47,20,TP8,0.086394712,0.005624794814348344,-0.058248848,0.10595627,5,0.975,0.8,0.036503810000000005
47,14,C4,0.086097052,0.0017717878695741223,-0.07364400600000001,0.09536982000000001,5,0.975,0.8,0.036503810000000005
47,25,T6,0.085448734,0.009227276381112143,-0.062426246,0.096674786,5,0.975,0.8,0.036503810000000005
47,3,F3,0.084986662,0.0053295403434789786,0.025871354000000003,0.093931918,5,0.975,0.8,0.036503810000000005
47,5,F7,0.084132562,0.0005421041702200774,0.080682636,0.09697847400000001,5,0.975,0.8,0.036503810000000005
47,19,TP7,0.08288609799999999,0.0021836100430296605,-0.02156722,0.093992466,5,0.975,0.8,0.036503810000000005
47,12,Cz,0.07931614000000001,0.004315421014472399,0.077556914,0.094728634,5,0.975,0.8,0.036503810000000005
47,11,FT8,0.07828966,0.004987030537714805,-0.0031698900000000003,0.095514718,5,0.975,0.8,0.036503810000000005
47,6,F8,0.076504528,0.001435845490684844,-0.026768428,0.078204186,5,0.975,0.8,0.036503810000000005
47,1,Fp2,0.076373986,0.0020316871988276188,0.061558407999999995,0.09582674,5,0.975,0.8,0.036503810000000005
47,26,Oz,0.074849416,0.005210566313015317,0.037992636,0.07756576600000001,5,0.975,0.8,0.036503810000000005
47,9,FC4,0.056656187999999996,0.0030424891049385884,-0.05650225,0.075897328,5,0.975,0.8,0.036503810000000005
47,8,FC3,0.032375862,0.0026215087893749277,0.00695008,0.038722372,5,0.975,0.8,0.036503810000000005
48,21,Pz,0.15262388,0.027182673155527762,-0.015768954,0.154210082,5,0.7,0.4,0.288924302
48,17,CP3,0.13532914599999998,0.03103483220617891,0.020621975999999997,0.155580512,5,0.7,0.4,0.288924302
48,22,P3,0.132571814,0.046642063941331226,0.121497492,0.143644698,5,0.7,0.4,0.288924302
48,28,O2,0.12645933999999998,0.043147275385663694,-0.020177992,0.13315794,5,0.7,0.4,0.288924302
48,27,O1,0.11901339799999999,0.003611394557268699,0.054524781999999994,0.135266828,5,0.7,0.4,0.288924302
48,16,T4,0.118754958,0.005758398430503055,0.002915742,0.13824054400000002,5,0.7,0.4,0.288924302
48,7,FCz,0.113669342,0.06320528372339904,0.052740527999999995,0.13005338,5,0.7,0.4,0.288924302
48,15,T3,0.11139957200000002,0.028709729891855825,0.11139957200000002,0.12008394199999999,5,0.7,0.4,0.288924302
48,18,CP4,0.10732022599999999,0.0223135181676866,0.04418188,0.129930414,5,0.7,0.4,0.288924302
48,2,Fz,0.10142940200000002,0.010483498796538305,-0.08939166800000001,0.11540276199999999,5,0.7,0.4,0.288924302
48,13,C3,0.099586734,0.019385374463491287,0.036522206,0.108658624,5,0.7,0.4,0.288924302
48,4,F4,0.095646282,0.0018889288466932732,0.035569268,0.109694518,5,0.7,0.4,0.288924302
48,24,T5,0.095499546,0.013596887977014445,0.075328412,0.10618153,5,0.7,0.4,0.288924302
48,0,Fp1,0.093664652,0.020466147309698274,-0.078407006,0.10738238600000001,5,0.7,0.4,0.288924302
48,10,FT7,0.08996623200000001,0.006731916665495048,-0.054073536,0.104868186,5,0.7,0.4,0.288924302
48,23,P4,0.08685304,0.026557076825779413,-0.069834408,0.09995303,5,0.7,0.4,0.288924302
48,5,F7,0.08674952799999999,0.012855046612983166,0.073685032,0.09936397799999999,5,0.7,0.4,0.288924302
48,3,F3,0.08641582,0.0024508678505276425,0.029032190000000003,0.096606634,5,0.7,0.4,0.288924302
48,12,Cz,0.08636885000000001,0.0332331700911514,0.07317903,0.10481216600000001,5,0.7,0.4,0.288924302
48,20,TP8,0.085997068,0.0075101692128020665,-0.050963074,0.10464884599999999,5,0.7,0.4,0.288924302
48,14,C4,0.085610854,0.008312569790382517,-0.06684064199999999,0.10210462000000001,5,0.7,0.4,0.288924302
48,11,FT8,0.079499178,0.009431929529946141,-0.004330286,0.09727176800000001,5,0.7,0.4,0.288924302
48,19,TP7,0.07826311999999999,0.008213682095549473,-0.027647506,0.08683095199999999,5,0.7,0.4,0.288924302
48,25,T6,0.077697502,0.013832800669834359,-0.047972244000000004,0.09036702599999999,5,0.7,0.4,0.288924302
48,1,Fp2,0.07732327800000001,0.007836848717952259,0.05509077,0.097550522,5,0.7,0.4,0.288924302
48,9,FC4,0.076807088,0.031872212420932904,-0.049096762,0.097701356,5,0.7,0.4,0.288924302
48,26,Oz,0.06906465399999999,0.01468535732043078,0.020922172,0.07544021999999999,5,0.7,0.4,0.288924302
48,6,F8,0.063528216,0.01292609031221661,-0.017425888,0.065433352,5,0.7,0.4,0.288924302
48,8,FC3,0.048979565999999995,0.02845361009221993,0.016488706,0.057516082,5,0.7,0.4,0.288924302
49,21,Pz,0.153174102,0.0009277355250123897,0.006629554,0.15346587,5,0.9,0.8,0.031849634
49,28,O2,0.141637988,0.004970572513712079,-0.024017216,0.144392194,5,0.9,0.8,0.031849634
49,15,T3,0.124790954,0.0030823718334068648,0.124790954,0.13040211399999999,5,0.9,0.8,0.031849634
49,27,O1,0.120789762,0.003142170421192975,0.057583046000000006,0.13170696399999998,5,0.9,0.8,0.031849634
49,16,T4,0.12068895799999999,0.0025281435941259343,0.012755986,0.13469827799999998,5,0.9,0.8,0.031849634
49,17,CP3,0.120431548,0.0017428307773332406,0.034477372,0.138334916,5,0.9,0.8,0.031849634
49,13,C3,0.11438994200000001,0.002103567004071892,0.07397747,0.11693498399999999,5,0.9,0.8,0.031849634
49,22,P3,0.111063578,0.005876129512325268,0.111063578,0.12052086399999999,5,0.9,0.8,0.031849634
49,0,Fp1,0.110663544,0.0014510128406151365,-0.096720468,0.12342012399999999,5,0.9,0.8,0.031849634
49,18,CP4,0.110269884,0.0020695569123921217,0.033924423999999995,0.126364766,5,0.9,0.8,0.031849634
49,2,Fz,0.10675158,0.005151037461817761,-0.099724634,0.119849714,5,0.9,0.8,0.031849634
49,23,P4,0.1063977,0.0036439151755083433,-0.094642324,0.118672364,5,0.9,0.8,0.031849634
49,24,T5,0.104939232,0.0004941508115140537,0.072729138,0.114921342,5,0.9,0.8,0.031849634
49,7,FCz,0.09922787200000001,0.0012344471313993199,0.09922787200000001,0.113520388,5,0.9,0.8,0.031849634
49,4,F4,0.0944034,0.005647671331827844,0.008835777999999999,0.10637844599999999,5,0.9,0.8,0.031849634
49,10,FT7,0.091007974,0.00036831660277537984,-0.05589041,0.103898652,5,0.9,0.8,0.031849634
49,20,TP8,0.08822968,0.001184667855054749,-0.058040972,0.10680048,5,0.9,0.8,0.031849634
49,3,F3,0.088052642,0.0005641243669794718,0.024998663999999997,0.095830282,5,0.9,0.8,0.031849634
49,14,C4,0.087370796,0.0026999610198815806,-0.076513672,0.09832455,5,0.9,0.8,0.031849634
49,5,F7,0.08463509599999999,0.000999944206158527,0.082267614,0.098066392,5,0.9,0.8,0.031849634
49,19,TP7,0.08417482800000001,0.001095849344399125,-0.01751488,0.09364178999999999,5,0.9,0.8,0.031849634
49,11,FT8,0.08237319400000001,0.005342327465396519,-0.004658194,0.09888269599999999,5,0.9,0.8,0.031849634
49,25,T6,0.079180848,0.0038903455798000807,-0.05754221,0.09063718800000001,5,0.9,0.8,0.031849634
49,6,F8,0.078970962,0.002464699701113701,-0.02891907,0.080182662,5,0.9,0.8,0.031849634
49,12,Cz,0.0771741,0.0005876028394672695,0.076025398,0.092857806,5,0.9,0.8,0.031849634
49,1,Fp2,0.076754324,0.0023452724652969436,0.060145250000000004,0.094063786,5,0.9,0.8,0.031849634
49,26,Oz,0.074519996,0.0064338654307989716,0.04158932,0.076688472,5,0.9,0.8,0.031849634
49,9,FC4,0.058917592,0.0018641724321719797,-0.058917592,0.076473332,5,0.9,0.8,0.031849634
49,8,FC3,0.030535246,0.0007815493481092543,0.006405619999999999,0.037223268,5,0.9,0.8,0.031849634
5,28,O2,0.137306748,0.024455336391927228,-0.030807311999999996,0.140458978,5,0.875,0.6,0.22191213799999998
5,21,Pz,0.13519582400000002,0.03648494780440669,0.016212692,0.140452096,5,0.875,0.6,0.22191213799999998
5,18,CP4,0.128561664,0.04029919051267568,0.068630994,0.14539,5,0.875,0.6,0.22191213799999998
5,15,T3,0.120264964,0.014717168049675183,0.11071552,0.126732612,5,0.875,0.6,0.22191213799999998
5,16,T4,0.11721362800000001,0.016385781180450934,0.015755414000000002,0.127718092,5,0.875,0.6,0.22191213799999998
5,17,CP3,0.11443543599999999,0.010738618188211181,0.039811922,0.131320632,5,0.875,0.6,0.22191213799999998
5,27,O1,0.111913934,0.025487173952415357,0.05239634,0.12251345799999999,5,0.875,0.6,0.22191213799999998
5,24,T5,0.106965994,0.007216116592058363,0.062445506000000005,0.11941714399999999,5,0.875,0.6,0.22191213799999998
5,2,Fz,0.10492230799999999,0.002470880880408849,-0.10165626400000001,0.122185024,5,0.875,0.6,0.22191213799999998
5,7,FCz,0.10077306,0.01076920339344327,0.098583494,0.122395688,5,0.875,0.6,0.22191213799999998
5,0,Fp1,0.10066563399999999,0.012977883141765841,-0.085466802,0.114932968,5,0.875,0.6,0.22191213799999998
5,23,P4,0.100240836,0.011180268351785212,-0.073436018,0.11132492000000001,5,0.875,0.6,0.22191213799999998
5,13,C3,0.099296632,0.03492248766032956,0.051756409999999996,0.10228612200000001,5,0.875,0.6,0.22191213799999998
5,20,TP8,0.09866794,0.02199306249639304,-0.066860844,0.11468592,5,0.875,0.6,0.22191213799999998
5,22,P3,0.09567965199999999,0.022688212577525138,0.078669346,0.105262636,5,0.875,0.6,0.22191213799999998
5,14,C4,0.094151506,0.015735199898318106,-0.078156068,0.10752561599999999,5,0.875,0.6,0.22191213799999998
5,10,FT7,0.09404473199999999,0.0045481395379066815,-0.051275412,0.10899979600000001,5,0.875,0.6,0.22191213799999998
5,4,F4,0.087937548,0.021449107503492305,0.013565438000000003,0.09823510799999999,5,0.875,0.6,0.22191213799999998
5,19,TP7,0.08762542400000001,0.009626607489236796,-0.018482482,0.097665654,5,0.875,0.6,0.22191213799999998
5,25,T6,0.08732792,0.012883500426762909,-0.043604922000000004,0.099586536,5,0.875,0.6,0.22191213799999998
5,5,F7,0.084979878,0.005216205857969948,0.061071584,0.09914669000000001,5,0.875,0.6,0.22191213799999998
5,26,Oz,0.084649448,0.01200899299894541,0.037904016,0.090206654,5,0.875,0.6,0.22191213799999998
5,6,F8,0.081138212,0.004735626231214834,-0.026864658000000003,0.083472842,5,0.875,0.6,0.22191213799999998
5,3,F3,0.08105597,0.01668008478531659,0.026216278,0.089456148,5,0.875,0.6,0.22191213799999998
5,12,Cz,0.07837928000000001,0.004099304123549511,0.061546116,0.09255856600000001,5,0.875,0.6,0.22191213799999998
5,1,Fp2,0.077258028,0.0078857219809869,0.060443262,0.09644261000000001,5,0.875,0.6,0.22191213799999998
5,11,FT8,0.068462084,0.016688539734314084,-0.0011734879999999999,0.08568477,5,0.875,0.6,0.22191213799999998
5,9,FC4,0.062838618,0.006738339268382086,-0.043451996,0.082689348,5,0.875,0.6,0.22191213799999998
5,8,FC3,0.036490511999999996,0.014893283395115394,0.006923917999999999,0.044612057999999996,5,0.875,0.6,0.22191213799999998
50,28,O2,0.161524984,0.019763751251173953,0.027617170000000003,0.175976458,5,0.725,0.2,0.331005636
50,21,Pz,0.13017831,0.0283317441579397,0.025831754000000002,0.142967254,5,0.725,0.2,0.331005636
50,27,O1,0.125338276,0.01642605701833005,0.051989584,0.133137138,5,0.725,0.2,0.331005636
50,15,T3,0.122062592,0.006446587133105395,0.122062592,0.12597108,5,0.725,0.2,0.331005636
50,18,CP4,0.12081495599999999,0.015151013492620876,0.05506295,0.137651528,5,0.725,0.2,0.331005636
50,17,CP3,0.12021524399999999,0.00813889983305053,0.024154632000000002,0.137026366,5,0.725,0.2,0.331005636
50,22,P3,0.1176194,0.0157460520898732,0.109304142,0.128946232,5,0.725,0.2,0.331005636
50,13,C3,0.108975526,0.011012004908377488,0.009620669999999998,0.11639264,5,0.725,0.2,0.331005636
50,16,T4,0.103106492,0.02665608531364968,-0.006090202,0.11549235799999999,5,0.725,0.2,0.331005636
50,0,Fp1,0.10023098999999999,0.019464238583614048,-0.08857717200000001,0.116369918,5,0.725,0.2,0.331005636
50,4,F4,0.099371264,0.01583476505153234,0.035700444,0.10655066399999999,5,0.725,0.2,0.331005636
50,7,FCz,0.098853802,0.007573426138143824,0.098853802,0.109942446,5,0.725,0.2,0.331005636
50,2,Fz,0.09736493399999999,0.011911431471612883,-0.09206251,0.110498758,5,0.725,0.2,0.331005636
50,23,P4,0.093933462,0.014310917768693943,-0.08425366,0.11230266600000001,5,0.725,0.2,0.331005636
50,20,TP8,0.090755056,0.011518324751925949,-0.06724181,0.11236463000000001,5,0.725,0.2,0.331005636
50,3,F3,0.08976863399999999,0.007791502898506161,0.039334218,0.09757195,5,0.725,0.2,0.331005636
50,6,F8,0.08721532,0.00966783609616185,0.013402774000000001,0.105377864,5,0.725,0.2,0.331005636
50,11,FT8,0.085526196,0.010483206804495947,-0.037740444,0.108280128,5,0.725,0.2,0.331005636
50,14,C4,0.085255972,0.004836442403561731,-0.073868418,0.097433746,5,0.725,0.2,0.331005636
50,10,FT7,0.08461956200000001,0.015595353534306942,-0.049273304000000004,0.093800346,5,0.725,0.2,0.331005636
50,24,T5,0.080989254,0.026703997533042315,0.043916857999999996,0.09053528799999999,5,0.725,0.2,0.331005636
50,1,Fp2,0.08048538000000001,0.016073475296518796,0.067484346,0.0939697,5,0.725,0.2,0.331005636
50,19,TP7,0.078795216,0.005794224689743226,-0.013183023999999998,0.090872912,5,0.725,0.2,0.331005636
50,12,Cz,0.073723612,0.010638446340007546,0.07337985,0.083955722,5,0.725,0.2,0.331005636
50,26,Oz,0.07308411000000001,0.014693867607588888,0.035885258,0.082405086,5,0.725,0.2,0.331005636
50,5,F7,0.071905162,0.013108004418723318,0.060578825999999995,0.08876626000000001,5,0.725,0.2,0.331005636
50,25,T6,0.066343762,0.021901238800982693,-0.0495652,0.07759516,5,0.725,0.2,0.331005636
50,8,FC3,0.063073666,0.04409866615892855,0.032701966,0.073540776,5,0.725,0.2,0.331005636
50,9,FC4,0.049960342000000005,0.015934300602356854,-0.016824578,0.06330355800000001,5,0.725,0.2,0.331005636
6,28,O2,0.133396764,0.015738982741906472,-0.012563826000000004,0.14070993,5,0.725,0.2,0.511150372
6,17,CP3,0.13332638800000002,0.01416475528228496,0.035823016,0.152467874,5,0.725,0.2,0.511150372
6,21,Pz,0.130621294,0.017128482254587827,-0.013590828000000003,0.14338253,5,0.725,0.2,0.511150372
6,13,C3,0.12503761600000002,0.039100641040716075,0.05711142,0.135065446,5,0.725,0.2,0.511150372
6,0,Fp1,0.12489086199999999,0.011822090369836034,-0.102622386,0.138616454,5,0.725,0.2,0.511150372
6,18,CP4,0.12183155400000001,0.014244247454529848,0.099477782,0.152472472,5,0.725,0.2,0.511150372
6,15,T3,0.11844606399999999,0.03510517404155234,0.11306313800000001,0.129790282,5,0.725,0.2,0.511150372
6,14,C4,0.109986582,0.022472931863150834,-0.084108282,0.12613644000000002,5,0.725,0.2,0.511150372
6,2,Fz,0.10542560999999999,0.018289691218448714,-0.08779458799999999,0.119784378,5,0.725,0.2,0.511150372
6,4,F4,0.10262585799999999,0.014878202310521923,0.063001402,0.11540359,5,0.725,0.2,0.511150372
6,27,O1,0.09972892,0.028120643381945414,0.06358465399999999,0.11150226199999999,5,0.725,0.2,0.511150372
6,3,F3,0.0957384,0.017511737101130204,0.029031604,0.105686802,5,0.725,0.2,0.511150372
6,1,Fp2,0.095601168,0.030757055140960263,0.091580612,0.11748024400000001,5,0.725,0.2,0.511150372
6,6,F8,0.09413450999999999,0.01476695447212119,0.008900566,0.10601401799999999,5,0.725,0.2,0.511150372
6,20,TP8,0.093362048,0.007275385442419528,-0.054747451999999995,0.10957682799999999,5,0.725,0.2,0.511150372
6,25,T6,0.090254134,0.038034164554024724,-0.06138452800000001,0.100003522,5,0.725,0.2,0.511150372
6,5,F7,0.089969252,0.029939625010566177,0.06798037,0.10347422800000002,5,0.725,0.2,0.511150372
6,23,P4,0.089945012,0.027301398330260844,-0.054612912,0.107337622,5,0.725,0.2,0.511150372
6,11,FT8,0.083953288,0.009853862734401161,-0.023278319999999998,0.10311408799999999,5,0.725,0.2,0.511150372
6,16,T4,0.08285316200000001,0.025524613251301575,0.01348384,0.09438625199999999,5,0.725,0.2,0.511150372
6,22,P3,0.07788142,0.039120299522000725,0.061118504,0.092593454,5,0.725,0.2,0.511150372
6,12,Cz,0.074646082,0.015083992832061082,0.069155626,0.081788262,5,0.725,0.2,0.511150372
6,19,TP7,0.07433640799999999,0.01086705010774866,-0.0203514,0.086744842,5,0.725,0.2,0.511150372
6,26,Oz,0.073914398,0.01837293108273201,0.034911474,0.086516572,5,0.725,0.2,0.511150372
6,7,FCz,0.07353429,0.024056635919287427,0.061228662,0.085510274,5,0.725,0.2,0.511150372
6,24,T5,0.071936948,0.025429593710194622,0.056232846,0.087559978,5,0.725,0.2,0.511150372
6,10,FT7,0.061494914,0.023396826264316918,-0.010148121999999999,0.07187616599999999,5,0.725,0.2,0.511150372
6,8,FC3,0.057495054000000004,0.0367663527897945,-0.041529034,0.06818971,5,0.725,0.2,0.511150372
6,9,FC4,0.049098211999999995,0.012049107129705505,-0.027735322,0.06104105,5,0.725,0.2,0.511150372
7,17,CP3,0.16347622,0.025903138626274618,0.013635574000000001,0.19069518200000002,5,0.6,0.0,0.720134606
7,18,CP4,0.14745643,0.02704241517812804,0.08674715200000001,0.160350398,5,0.6,0.0,0.720134606
7,21,Pz,0.136581738,0.018326680530485324,-0.017248516000000002,0.139850858,5,0.6,0.0,0.720134606
7,6,F8,0.11633090799999998,0.017115848779054754,-0.009730984,0.130439002,5,0.6,0.0,0.720134606
7,11,FT8,0.115273012,0.016102090285106466,-0.01258888,0.1406692,5,0.6,0.0,0.720134606
7,28,O2,0.11269953400000002,0.03194670891593812,-0.027283856000000002,0.124154972,5,0.6,0.0,0.720134606
7,4,F4,0.111629902,0.035803616224492886,0.043125822,0.130315158,5,0.6,0.0,0.720134606
7,10,FT7,0.109579044,0.020768095482280747,-0.025818752,0.12383486399999999,5,0.6,0.0,0.720134606
7,0,Fp1,0.105675508,0.021536277314573665,-0.074831978,0.11877299599999999,5,0.6,0.0,0.720134606
7,22,P3,0.10261159,0.05068089665052307,0.09060094599999999,0.123611502,5,0.6,0.0,0.720134606
7,23,P4,0.09971314,0.029160107505361674,-0.05968129,0.105004418,5,0.6,0.0,0.720134606
7,2,Fz,0.09693615,0.024539003008050262,-0.08918206,0.116984292,5,0.6,0.0,0.720134606
7,13,C3,0.08914298000000001,0.019286815149610625,0.030020948000000002,0.10121501200000001,5,0.6,0.0,0.720134606
7,15,T3,0.08726659,0.014402886018675216,0.040032384,0.104155226,5,0.6,0.0,0.720134606
7,24,T5,0.08558294,0.024884513947279537,-0.014568036000000001,0.10601366999999999,5,0.6,0.0,0.720134606
7,19,TP7,0.08427287,0.06355423303470037,0.016921258,0.09854336999999999,5,0.6,0.0,0.720134606
7,27,O1,0.083155078,0.02362686154135521,0.030117078000000002,0.095666814,5,0.6,0.0,0.720134606
7,3,F3,0.075792946,0.026917330476533705,0.032996258,0.084039504,5,0.6,0.0,0.720134606
7,20,TP8,0.07535127999999999,0.021048352276349328,-0.0028782379999999995,0.087471526,5,0.6,0.0,0.720134606
7,9,FC4,0.07114957200000001,0.02798067607718441,-0.030006124000000002,0.08256738999999999,5,0.6,0.0,0.720134606
7,1,Fp2,0.07006117,0.018834709905747156,0.05832613,0.079015484,5,0.6,0.0,0.720134606
7,25,T6,0.069556998,0.015381188159130296,-0.048758962,0.085092822,5,0.6,0.0,0.720134606
7,5,F7,0.06827871599999999,0.011047958790843668,0.062166224000000006,0.08368376,5,0.6,0.0,0.720134606
7,14,C4,0.067167224,0.029048695605519533,-0.013737138000000001,0.075603256,5,0.6,0.0,0.720134606
7,16,T4,0.06272207599999999,0.02666699648110244,0.010659462,0.07521270599999999,5,0.6,0.0,0.720134606
7,12,Cz,0.060760486,0.019303510864075477,0.015096757999999998,0.069085146,5,0.6,0.0,0.720134606
7,26,Oz,0.059096972000000005,0.016037750675452277,0.03498863,0.06650249999999999,5,0.6,0.0,0.720134606
7,7,FCz,0.048673018,0.018402921140420074,0.034860396,0.05552958,5,0.6,0.0,0.720134606
7,8,FC3,0.044533926,0.011526765980800078,-0.022383652,0.053372152000000006,5,0.6,0.0,0.720134606
8,21,Pz,0.144487368,0.010881006754049447,-0.005615882,0.147355178,5,0.75,0.2,0.374803044
8,17,CP3,0.136090024,0.015443719406156008,0.0227105,0.152172118,5,0.75,0.2,0.374803044
8,13,C3,0.127716024,0.01660128535496966,0.084412152,0.132788672,5,0.75,0.2,0.374803044
8,19,TP7,0.12075204799999999,0.02851788917635771,-0.020763466,0.133108586,5,0.75,0.2,0.374803044
8,28,O2,0.120364238,0.02014759632364293,-0.035681762,0.130547758,5,0.75,0.2,0.374803044
8,20,TP8,0.119219826,0.022256128357210518,-0.038120104,0.135261136,5,0.75,0.2,0.374803044
8,23,P4,0.117342528,0.015029685803388237,-0.08943363,0.12947073,5,0.75,0.2,0.374803044
8,16,T4,0.11553416400000001,0.010647639249173028,0.007062024,0.124578406,5,0.75,0.2,0.374803044
8,18,CP4,0.115291806,0.020441076826371696,0.029621991999999996,0.133296932,5,0.75,0.2,0.374803044
8,27,O1,0.11077270399999999,0.015298202540312705,0.054194742000000004,0.124897334,5,0.75,0.2,0.374803044
8,15,T3,0.109786462,0.017795014744970576,0.102828082,0.12308174000000001,5,0.75,0.2,0.374803044
8,2,Fz,0.108631594,0.011838316672932432,-0.10650672800000001,0.127558808,5,0.75,0.2,0.374803044
8,24,T5,0.10443935199999999,0.015204462457833549,0.07856925000000001,0.118261448,5,0.75,0.2,0.374803044
8,5,F7,0.09959864199999999,0.01483328113032885,0.085423624,0.110816264,5,0.75,0.2,0.374803044
8,3,F3,0.099181042,0.009679118060459851,0.029562286,0.110419388,5,0.75,0.2,0.374803044
8,0,Fp1,0.094388278,0.01161907391284994,-0.082899154,0.10685598999999998,5,0.75,0.2,0.374803044
8,4,F4,0.09245825399999999,0.004345990650269505,0.004023452,0.10900780800000001,5,0.75,0.2,0.374803044
8,1,Fp2,0.091385836,0.016012665047871636,0.079129202,0.11600518600000001,5,0.75,0.2,0.374803044
8,7,FCz,0.09043464999999999,0.012548802133815403,0.086307358,0.11058299599999999,5,0.75,0.2,0.374803044
8,6,F8,0.084607136,0.009981880059379094,0.018996654,0.09963567,5,0.75,0.2,0.374803044
8,12,Cz,0.07959951800000001,0.007038312670006215,0.079243884,0.097172338,5,0.75,0.2,0.374803044
8,25,T6,0.078070324,0.007866064871219283,-0.06568808400000001,0.098154416,5,0.75,0.2,0.374803044
8,11,FT8,0.076397324,0.007969022940193483,-0.0025563160000000003,0.100324016,5,0.75,0.2,0.374803044
8,10,FT7,0.073115502,0.014738946556464612,-0.039147496,0.08158299,5,0.75,0.2,0.374803044
8,14,C4,0.070733324,0.014001987648683314,-0.062607206,0.080879234,5,0.75,0.2,0.374803044
8,22,P3,0.06731664600000001,0.02721165664390226,0.033424924,0.076066076,5,0.75,0.2,0.374803044
8,26,Oz,0.065269736,0.017920671898654636,0.03376087,0.074436588,5,0.75,0.2,0.374803044
8,9,FC4,0.05351718,0.012538831581058502,-0.033327008000000005,0.065653216,5,0.75,0.2,0.374803044
8,8,FC3,0.053136552000000004,0.015038351917411694,0.0121485,0.06042799,5,0.75,0.2,0.374803044
9,15,T3,0.152337828,0.0276790706326038,0.152337828,0.15785048,5,0.6,0.0,0.321771244
9,28,O2,0.151208498,0.007503479439334794,-0.020436336,0.15682378,5,0.6,0.0,0.321771244
9,21,Pz,0.135804142,0.015865401223029946,0.014312498000000002,0.13933084199999998,5,0.6,0.0,0.321771244
9,17,CP3,0.129067956,0.0070880670803985905,0.036181861999999995,0.146918842,5,0.6,0.0,0.321771244
9,16,T4,0.124480806,0.0028420814727994612,0.010853844000000001,0.14634571000000002,5,0.6,0.0,0.321771244
9,14,C4,0.115424528,0.031050887678295447,-0.114144982,0.128515498,5,0.6,0.0,0.321771244
9,18,CP4,0.112173704,0.006950329323034267,0.02139842,0.132739288,5,0.6,0.0,0.321771244
9,27,O1,0.110889228,0.008406573779008901,0.013712027999999998,0.124811844,5,0.6,0.0,0.321771244
9,13,C3,0.10134733,0.023488182059781683,0.06189783200000001,0.111795414,5,0.6,0.0,0.321771244
9,7,FCz,0.10010479000000001,0.005993404482604192,0.086307316,0.115765954,5,0.6,0.0,0.321771244
9,22,P3,0.09876610799999999,0.02936440787211229,0.073693858,0.111424096,5,0.6,0.0,0.321771244
9,4,F4,0.098481846,0.025576025325474833,0.031288076,0.109403742,5,0.6,0.0,0.321771244
9,23,P4,0.095882412,0.024290696779729684,-0.081985298,0.10828601,5,0.6,0.0,0.321771244
9,20,TP8,0.088667364,0.009379165625892853,-0.06310901599999999,0.10779398,5,0.6,0.0,0.321771244
9,0,Fp1,0.08741683,0.022095079047501732,-0.07272065,0.096067956,5,0.6,0.0,0.321771244
9,2,Fz,0.08654213,0.021373928813159263,-0.081516264,0.09711043,5,0.6,0.0,0.321771244
9,10,FT7,0.084769182,0.010028889198469091,-0.050890968,0.100651782,5,0.6,0.0,0.321771244
9,1,Fp2,0.08276391400000001,0.009073718527512858,0.067360994,0.10812020200000001,5,0.6,0.0,0.321771244
9,5,F7,0.08275213000000001,0.01411012055067922,0.08059050400000001,0.097378992,5,0.6,0.0,0.321771244
9,12,Cz,0.08262201,0.018392672239216628,0.059470449999999994,0.09087719,5,0.6,0.0,0.321771244
9,11,FT8,0.081987946,0.0023283953989024254,-0.009871864,0.09507148800000001,5,0.6,0.0,0.321771244
9,3,F3,0.080251646,0.026777325161252193,0.03613549,0.08714927,5,0.6,0.0,0.321771244
9,25,T6,0.077049174,0.004801909926048179,-0.053461782,0.092086152,5,0.6,0.0,0.321771244
9,9,FC4,0.075236126,0.01732738171803317,-0.07079832,0.095863062,5,0.6,0.0,0.321771244
9,19,TP7,0.07505118000000001,0.01256792449675562,-0.004124218000000001,0.083895468,5,0.6,0.0,0.321771244
9,24,T5,0.074598096,0.015782564456637903,0.039030752,0.084747126,5,0.6,0.0,0.321771244
9,26,Oz,0.07173902400000001,0.005801375802223986,0.03684670599999999,0.073882204,5,0.6,0.0,0.321771244
9,6,F8,0.069625758,0.004304768264293673,-0.0023224760000000013,0.077118672,5,0.6,0.0,0.321771244
9,8,FC3,0.04245114,0.006120056374368624,-0.006816642,0.051882744,5,0.6,0.0,0.321771244
