[2026-05-29 13:40:10] Run ID:     20260529_1340_a6a36265
[2026-05-29 13:40:10] Artifacts:  /home/vegorov/Repos/eeg_jepa_research/artifacts/liu2024-source-mat-sjepa-prelocal/20260529_1340_a6a36265
[2026-05-29 13:40:10] Config:     /home/vegorov/Repos/eeg_jepa_research/artifacts/liu2024-source-mat-sjepa-prelocal/20260529_1340_a6a36265/config.json
[2026-05-29 13:40:10] Using device: cpu
[2026-05-29 13:40:10] Seed initialized: 2026
[2026-05-29 13:40:10] Configured preprocessing pipeline:
[2026-05-29 13:40:10]   - [ON] source::select_eeg_channels | - select Liu EEG channels, drop CPz reference, EOG, and marker before model input
[2026-05-29 13:40:10]   - [ON] source::demean | mode=baseline_window_mean | baseline_window_s=[0.0, 2.0]
[2026-05-29 13:40:10]   - [off] source::detrend | mode=none
[2026-05-29 13:40:10]   - [off] source::eog_correction | mode=none
[2026-05-29 13:40:10]   - [off] source::artifact_clipping | mode=none | percentile=99.5
[2026-05-29 13:40:10]   - [ON] mne_raw::reference | timing=before_resample_filter | mode=average
[2026-05-29 13:40:10]   - [ON] mne_raw::resample | sfreq=128
[2026-05-29 13:40:10]   - [ON] mne_raw::bandpass_filter | l_freq=0.5 | h_freq=40.0 | method=fir | phase=zero | fir_design=firwin
[2026-05-29 13:40:10]   - [off] mne_raw::notch_filter | timing=after_bandpass
[2026-05-29 13:40:10]   - [ON] window::crop_fixed_mi_window | start_s=2.0 | target_window_samples=537
[2026-05-29 13:40:10]   - [off] window::bad_trial_rejection
[2026-05-29 13:40:10]   - [off] split::fold_safe_normalization | mode=none
[2026-05-29 13:40:10] Source extract dir: /home/vegorov/Repos/eeg_jepa_research/liu2024_data/liu2024_figshare/sourcedata
[2026-05-29 13:40:10] Found 50 .mat files
[2026-05-29 13:40:10] MAT structure preview saved to: /home/vegorov/Repos/eeg_jepa_research/artifacts/liu2024-source-mat-sjepa-prelocal/20260529_1340_a6a36265/mat_structure_preview_first_subject.csv
[2026-05-29 13:40:16] Subjects loaded: [1, 2, 3, 4, 5, 6, 7, 8, 9, 10, 11, 12, 13, 14, 15, 16, 17, 18, 19, 20, 21, 22, 23, 24, 25, 26, 27, 28, 29, 30, 31, 32, 33, 34, 35, 36, 37, 38, 39, 40, 41, 42, 43, 44, 45, 46, 47, 48, 49, 50]
[2026-05-29 13:40:16] Subject inventory saved to: /home/vegorov/Repos/eeg_jepa_research/artifacts/liu2024-source-mat-sjepa-prelocal/20260529_1340_a6a36265/subject_inventory.csv
[2026-05-29 13:40:30] X_ALL shape: (2000, 29, 537) | Y_ALL counts: [1000, 1000]
[2026-05-29 13:40:30] Preprocessing steps used:
[2026-05-29 13:40:30]   - select 29 EEG channels; drop CPz source reference, EOG, and marker
[2026-05-29 13:40:30]   - source demean: subtract baseline mean [0.0, 2.0]s
[2026-05-29 13:40:30]   - source detrend skipped
[2026-05-29 13:40:30]   - EOG correction skipped
[2026-05-29 13:40:30]   - source artifact clipping skipped
[2026-05-29 13:40:30]   - convert source microvolts to MNE volts
[2026-05-29 13:40:30]   - average reference at before resample/filter
[2026-05-29 13:40:30]   - resample to 128 Hz
[2026-05-29 13:40:30]   - FIR bandpass 0.5–40.0 Hz | phase=zero | fir_design=firwin
[2026-05-29 13:40:30]   - convert MNE volts to model microvolts
[2026-05-29 13:40:30]   - crop fixed window samples [256:793]
[2026-05-29 13:40:30]   - bad-trial rejection skipped
[2026-05-29 13:40:30] Window summary saved to: /home/vegorov/Repos/eeg_jepa_research/artifacts/liu2024-source-mat-sjepa-prelocal/20260529_1340_a6a36265/window_counts_by_subject.csv
[2026-05-29 13:40:30] ======================================================================
[2026-05-29 13:40:30] STARTING WITHIN-SUBJECT EVALUATION
[2026-05-29 13:40:30] ======================================================================
[2026-05-29 13:40:30] Experiment:    anticollapse_537_balacc_ls005_balance001
[2026-05-29 13:40:30] Subjects:      ['1', '2', '3', '4', '5', '6', '7', '8', '9', '10', '11', '12', '13', '14', '15', '16', '17', '18', '19', '20', '21', '22', '23', '24', '25', '26', '27', '28', '29', '30', '31', '32', '33', '34', '35', '36', '37', '38', '39', '40', '41', '42', '43', '44', '45', '46', '47', '48', '49', '50']
[2026-05-29 13:40:30] Model:         SignalJEPA_PreLocal
[2026-05-29 13:40:30] Pretrained:    from_pretrained
[2026-05-29 13:40:30] Strategy:      new
[2026-05-29 13:40:30] Preprocessing: demean=baseline_window_mean | detrend=none | eog=none | clip=none | ref=average@before_resample_filter | resample=True->128 | filter=True 0.5–40.0 fir
[2026-05-29 13:40:30] Normalization: none | reject_bad_trials=False
[2026-05-29 13:40:30] Evaluation:    stratified_kfold | cv_folds=5 | n_repeats=10 | test_size=0.4
[2026-05-29 13:40:30] Seed:          base=2026 | cv=2026 | split=2026 | val=2026
[2026-05-29 13:40:30] Window:        start=2.0s | samples=537 | duration=4.1953s | effective sfreq=128.0
[2026-05-29 13:40:30] Optimizer:     adam | lr=0.0004 | wd=0.0
[2026-05-29 13:40:30] Augmentation:  noise=0.0 | shift=0 | ch_drop=0.0
[2026-05-29 13:40:30] Val split:     0.2
[2026-05-29 13:40:30] Max epochs:    5000 | patience=50
[2026-05-29 13:40:30] Device:        cpu
[2026-05-29 13:40:30] ======================================================================
[2026-05-29 13:40:30] \nSubject 1: 40 windows | class_counts=[20, 20]

[2026-05-29 13:40:31] Fold 1/5 | subject=1
[2026-05-29 13:40:31]     Train: 32 | counts=[16, 16]
[2026-05-29 13:40:31]     Test:  8 | counts=[4, 4]
[2026-05-29 13:40:31]     Model: SignalJEPA_PreLocal | Pretrained: from_pretrained | Strategy: new
[2026-05-29 13:40:31]     Normalization: none | fit_scope=none
[2026-05-29 13:40:31]     Phase 1 (new): 2,170/16,010 params
[2026-05-29 13:40:32]     Result | best_epoch=5 | stop=55 | final_phase_epochs=55 | acc=0.3750 | bal_acc=0.3750 | pred_hist=[1, 7] | collapse=False
[2026-05-29 13:40:32]     spatial_conv=[4, 29] top_abs_channels=[('Pz', 0.15392102), ('O2', 0.14249267), ('T3', 0.1296304), ('O1', 0.12528056), ('CP3', 0.12110893), ('T4', 0.11980353), ('C3', 0.11745856), ('Fp1', 0.11320858)]
[2026-05-29 13:40:32]     spatial_update=delta_l2=0.04426236 max_abs=0.00797085 relative=0.03708683 changed=True

[2026-05-29 13:40:32] Fold 2/5 | subject=1
[2026-05-29 13:40:32]     Train: 32 | counts=[16, 16]
[2026-05-29 13:40:32]     Test:  8 | counts=[4, 4]
[2026-05-29 13:40:32]     Model: SignalJEPA_PreLocal | Pretrained: from_pretrained | Strategy: new
[2026-05-29 13:40:32]     Normalization: none | fit_scope=none
[2026-05-29 13:40:32]     Phase 1 (new): 2,170/16,010 params
[2026-05-29 13:40:34]     Result | best_epoch=45 | stop=95 | final_phase_epochs=95 | acc=0.3750 | bal_acc=0.3750 | pred_hist=[5, 3] | collapse=False
[2026-05-29 13:40:34]     spatial_conv=[4, 29] top_abs_channels=[('O1', 0.15916292), ('Fp1', 0.13438262), ('O2', 0.13325056), ('C3', 0.13274448), ('Fz', 0.13013698), ('Pz', 0.12209353), ('CP4', 0.11932085), ('CP3', 0.11809325)]
[2026-05-29 13:40:34]     spatial_update=delta_l2=0.35354048 max_abs=0.08860786 relative=0.29622676 changed=True

[2026-05-29 13:40:34] Fold 3/5 | subject=1
[2026-05-29 13:40:34]     Train: 32 | counts=[16, 16]
[2026-05-29 13:40:34]     Test:  8 | counts=[4, 4]
[2026-05-29 13:40:34]     Model: SignalJEPA_PreLocal | Pretrained: from_pretrained | Strategy: new
[2026-05-29 13:40:34]     Normalization: none | fit_scope=none
[2026-05-29 13:40:34]     Phase 1 (new): 2,170/16,010 params
[2026-05-29 13:40:36]     Result | best_epoch=52 | stop=102 | final_phase_epochs=102 | acc=0.2500 | bal_acc=0.2500 | pred_hist=[4, 4] | collapse=False
[2026-05-29 13:40:36]     spatial_conv=[4, 29] top_abs_channels=[('O2', 0.14570095), ('O1', 0.14297637), ('Pz', 0.14232951), ('FCz', 0.12642121), ('P3', 0.11944567), ('Fz', 0.11647508), ('C3', 0.11399922), ('T5', 0.11376275)]
[2026-05-29 13:40:36]     spatial_update=delta_l2=0.37631503 max_abs=0.07342995 relative=0.31530925 changed=True

[2026-05-29 13:40:37] Fold 4/5 | subject=1
[2026-05-29 13:40:37]     Train: 32 | counts=[16, 16]
[2026-05-29 13:40:37]     Test:  8 | counts=[4, 4]
[2026-05-29 13:40:37]     Model: SignalJEPA_PreLocal | Pretrained: from_pretrained | Strategy: new
[2026-05-29 13:40:37]     Normalization: none | fit_scope=none
[2026-05-29 13:40:37]     Phase 1 (new): 2,170/16,010 params
[2026-05-29 13:40:38]     Result | best_epoch=17 | stop=67 | final_phase_epochs=67 | acc=0.6250 | bal_acc=0.6250 | pred_hist=[5, 3] | collapse=False
[2026-05-29 13:40:38]     spatial_conv=[4, 29] top_abs_channels=[('Pz', 0.15364951), ('O2', 0.13617136), ('C3', 0.13442276), ('O1', 0.12621716), ('T3', 0.1227425), ('CP4', 0.11807386), ('CP3', 0.11614928), ('T4', 0.1156138)]
[2026-05-29 13:40:38]     spatial_update=delta_l2=0.11080251 max_abs=0.03233685 relative=0.09283992 changed=True

[2026-05-29 13:40:38] Fold 5/5 | subject=1
[2026-05-29 13:40:38]     Train: 32 | counts=[16, 16]
[2026-05-29 13:40:38]     Test:  8 | counts=[4, 4]
[2026-05-29 13:40:38]     Model: SignalJEPA_PreLocal | Pretrained: from_pretrained | Strategy: new
[2026-05-29 13:40:38]     Normalization: none | fit_scope=none
[2026-05-29 13:40:38]     Phase 1 (new): 2,170/16,010 params
[2026-05-29 13:40:39]     Result | best_epoch=1 | stop=51 | final_phase_epochs=51 | acc=0.5000 | bal_acc=0.5000 | pred_hist=[0, 8] | collapse=True
[2026-05-29 13:40:39]     spatial_conv=[4, 29] top_abs_channels=[('Pz', 0.1530614), ('O2', 0.14383997), ('T3', 0.1263001), ('O1', 0.1227196), ('T4', 0.12210889), ('CP3', 0.120193), ('C3', 0.11663482), ('CP4', 0.11096002)]
[2026-05-29 13:40:39]     spatial_update=delta_l2=0.01285370 max_abs=0.00233357 relative=0.01076994 changed=True
[2026-05-29 13:40:39]   Subject 1: acc=0.4250±0.1275  bal_acc=0.4250±0.1275
[2026-05-29 13:40:39] \nSubject 2: 40 windows | class_counts=[20, 20]

[2026-05-29 13:40:40] Fold 1/5 | subject=2
[2026-05-29 13:40:40]     Train: 32 | counts=[16, 16]
[2026-05-29 13:40:40]     Test:  8 | counts=[4, 4]
[2026-05-29 13:40:40]     Model: SignalJEPA_PreLocal | Pretrained: from_pretrained | Strategy: new
[2026-05-29 13:40:40]     Normalization: none | fit_scope=none
[2026-05-29 13:40:40]     Phase 1 (new): 2,170/16,010 params
[2026-05-29 13:40:41]     Result | best_epoch=12 | stop=62 | final_phase_epochs=62 | acc=0.6250 | bal_acc=0.6250 | pred_hist=[5, 3] | collapse=False
[2026-05-29 13:40:41]     spatial_conv=[4, 29] top_abs_channels=[('Pz', 0.15183881), ('O2', 0.14507335), ('T3', 0.13520901), ('O1', 0.12662405), ('T4', 0.12294649), ('CP3', 0.12161631), ('T5', 0.11399658), ('C3', 0.11356174)]
[2026-05-29 13:40:41]     spatial_update=delta_l2=0.14209544 max_abs=0.02485289 relative=0.11905984 changed=True

[2026-05-29 13:40:41] Fold 2/5 | subject=2
[2026-05-29 13:40:41]     Train: 32 | counts=[16, 16]
[2026-05-29 13:40:41]     Test:  8 | counts=[4, 4]
[2026-05-29 13:40:41]     Model: SignalJEPA_PreLocal | Pretrained: from_pretrained | Strategy: new
[2026-05-29 13:40:41]     Normalization: none | fit_scope=none
[2026-05-29 13:40:41]     Phase 1 (new): 2,170/16,010 params
[2026-05-29 13:40:42]     Result | best_epoch=20 | stop=70 | final_phase_epochs=70 | acc=0.8750 | bal_acc=0.8750 | pred_hist=[5, 3] | collapse=False
[2026-05-29 13:40:42]     spatial_conv=[4, 29] top_abs_channels=[('Pz', 0.15427122), ('T3', 0.14363171), ('O2', 0.13729325), ('O1', 0.1345067), ('CP3', 0.13417614), ('T4', 0.12621433), ('Fp1', 0.11220995), ('C3', 0.11196028)]
[2026-05-29 13:40:42]     spatial_update=delta_l2=0.16144469 max_abs=0.03563015 relative=0.13527231 changed=True

[2026-05-29 13:40:43] Fold 3/5 | subject=2
[2026-05-29 13:40:43]     Train: 32 | counts=[16, 16]
[2026-05-29 13:40:43]     Test:  8 | counts=[4, 4]
[2026-05-29 13:40:43]     Model: SignalJEPA_PreLocal | Pretrained: from_pretrained | Strategy: new
[2026-05-29 13:40:43]     Normalization: none | fit_scope=none
[2026-05-29 13:40:43]     Phase 1 (new): 2,170/16,010 params
[2026-05-29 13:40:44]     Result | best_epoch=4 | stop=54 | final_phase_epochs=54 | acc=0.6250 | bal_acc=0.6250 | pred_hist=[1, 7] | collapse=False
[2026-05-29 13:40:44]     spatial_conv=[4, 29] top_abs_channels=[('Pz', 0.15258172), ('O2', 0.14246687), ('T3', 0.12958123), ('O1', 0.12475787), ('T4', 0.12311631), ('CP3', 0.12256931), ('C3', 0.11499642), ('CP4', 0.11116619)]
[2026-05-29 13:40:44]     spatial_update=delta_l2=0.04177814 max_abs=0.00838479 relative=0.03500533 changed=True

[2026-05-29 13:40:44] Fold 4/5 | subject=2
[2026-05-29 13:40:44]     Train: 32 | counts=[16, 16]
[2026-05-29 13:40:44]     Test:  8 | counts=[4, 4]
[2026-05-29 13:40:44]     Model: SignalJEPA_PreLocal | Pretrained: from_pretrained | Strategy: new
[2026-05-29 13:40:44]     Normalization: none | fit_scope=none
[2026-05-29 13:40:44]     Phase 1 (new): 2,170/16,010 params
[2026-05-29 13:40:45]     Result | best_epoch=5 | stop=55 | final_phase_epochs=55 | acc=0.7500 | bal_acc=0.7500 | pred_hist=[2, 6] | collapse=False
[2026-05-29 13:40:45]     spatial_conv=[4, 29] top_abs_channels=[('Pz', 0.1553537), ('O2', 0.13997746), ('T3', 0.12987244), ('O1', 0.12488823), ('T4', 0.1239289), ('CP3', 0.1217463), ('C3', 0.11468425), ('CP4', 0.11343001)]
[2026-05-29 13:40:45]     spatial_update=delta_l2=0.05241964 max_abs=0.01056554 relative=0.04392170 changed=True

[2026-05-29 13:40:46] Fold 5/5 | subject=2
[2026-05-29 13:40:46]     Train: 32 | counts=[16, 16]
[2026-05-29 13:40:46]     Test:  8 | counts=[4, 4]
[2026-05-29 13:40:46]     Model: SignalJEPA_PreLocal | Pretrained: from_pretrained | Strategy: new
[2026-05-29 13:40:46]     Normalization: none | fit_scope=none
[2026-05-29 13:40:46]     Phase 1 (new): 2,170/16,010 params
[2026-05-29 13:40:47]     Result | best_epoch=1 | stop=51 | final_phase_epochs=51 | acc=0.5000 | bal_acc=0.5000 | pred_hist=[0, 8] | collapse=True
[2026-05-29 13:40:47]     spatial_conv=[4, 29] top_abs_channels=[('Pz', 0.15406765), ('O2', 0.14356735), ('T3', 0.12685744), ('O1', 0.12247026), ('T4', 0.12173826), ('CP3', 0.12030284), ('C3', 0.11569493), ('CP4', 0.11127888)]
[2026-05-29 13:40:47]     spatial_update=delta_l2=0.01509831 max_abs=0.00227211 relative=0.01265067 changed=True
[2026-05-29 13:40:47]   Subject 2: acc=0.6750±0.1275  bal_acc=0.6750±0.1275
[2026-05-29 13:40:47] \nSubject 3: 40 windows | class_counts=[20, 20]

[2026-05-29 13:40:47] Fold 1/5 | subject=3
[2026-05-29 13:40:47]     Train: 32 | counts=[16, 16]
[2026-05-29 13:40:47]     Test:  8 | counts=[4, 4]
[2026-05-29 13:40:47]     Model: SignalJEPA_PreLocal | Pretrained: from_pretrained | Strategy: new
[2026-05-29 13:40:47]     Normalization: none | fit_scope=none
[2026-05-29 13:40:47]     Phase 1 (new): 2,170/16,010 params
[2026-05-29 13:40:48]     Result | best_epoch=11 | stop=61 | final_phase_epochs=61 | acc=0.3750 | bal_acc=0.3750 | pred_hist=[5, 3] | collapse=False
[2026-05-29 13:40:48]     spatial_conv=[4, 29] top_abs_channels=[('Pz', 0.16298927), ('O2', 0.14615366), ('T3', 0.128846), ('O1', 0.12131767), ('C3', 0.12124373), ('CP3', 0.11703657), ('T4', 0.1146323), ('CP4', 0.11295948)]
[2026-05-29 13:40:48]     spatial_update=delta_l2=0.11981906 max_abs=0.02617763 relative=0.10039476 changed=True

[2026-05-29 13:40:49] Fold 2/5 | subject=3
[2026-05-29 13:40:49]     Train: 32 | counts=[16, 16]
[2026-05-29 13:40:49]     Test:  8 | counts=[4, 4]
[2026-05-29 13:40:49]     Model: SignalJEPA_PreLocal | Pretrained: from_pretrained | Strategy: new
[2026-05-29 13:40:49]     Normalization: none | fit_scope=none
[2026-05-29 13:40:49]     Phase 1 (new): 2,170/16,010 params
[2026-05-29 13:40:50]     Result | best_epoch=24 | stop=74 | final_phase_epochs=74 | acc=0.5000 | bal_acc=0.5000 | pred_hist=[4, 4] | collapse=False
[2026-05-29 13:40:50]     spatial_conv=[4, 29] top_abs_channels=[('Pz', 0.15422027), ('O2', 0.14946616), ('T4', 0.12733056), ('T5', 0.12374358), ('P4', 0.12051253), ('T3', 0.11950131), ('C3', 0.11929422), ('CP3', 0.11630796)]
[2026-05-29 13:40:50]     spatial_update=delta_l2=0.25025994 max_abs=0.05382366 relative=0.20968940 changed=True

[2026-05-29 13:40:50] Fold 3/5 | subject=3
[2026-05-29 13:40:50]     Train: 32 | counts=[16, 16]
[2026-05-29 13:40:50]     Test:  8 | counts=[4, 4]
[2026-05-29 13:40:50]     Model: SignalJEPA_PreLocal | Pretrained: from_pretrained | Strategy: new
[2026-05-29 13:40:50]     Normalization: none | fit_scope=none
[2026-05-29 13:40:50]     Phase 1 (new): 2,170/16,010 params
[2026-05-29 13:40:51]     Result | best_epoch=6 | stop=56 | final_phase_epochs=56 | acc=0.5000 | bal_acc=0.5000 | pred_hist=[0, 8] | collapse=True
[2026-05-29 13:40:51]     spatial_conv=[4, 29] top_abs_channels=[('Pz', 0.15359986), ('O2', 0.14883371), ('T3', 0.12903611), ('O1', 0.12243203), ('CP3', 0.11988875), ('T4', 0.11938676), ('C3', 0.1191066), ('CP4', 0.11128931)]
[2026-05-29 13:40:51]     spatial_update=delta_l2=0.06200009 max_abs=0.01263811 relative=0.05194903 changed=True

[2026-05-29 13:40:52] Fold 4/5 | subject=3
[2026-05-29 13:40:52]     Train: 32 | counts=[16, 16]
[2026-05-29 13:40:52]     Test:  8 | counts=[4, 4]
[2026-05-29 13:40:52]     Model: SignalJEPA_PreLocal | Pretrained: from_pretrained | Strategy: new
[2026-05-29 13:40:52]     Normalization: none | fit_scope=none
[2026-05-29 13:40:52]     Phase 1 (new): 2,170/16,010 params
[2026-05-29 13:40:53]     Result | best_epoch=7 | stop=57 | final_phase_epochs=57 | acc=0.6250 | bal_acc=0.6250 | pred_hist=[5, 3] | collapse=False
[2026-05-29 13:40:53]     spatial_conv=[4, 29] top_abs_channels=[('Pz', 0.16006877), ('O2', 0.14298949), ('T3', 0.12843761), ('O1', 0.12339683), ('C3', 0.1212682), ('T4', 0.12029591), ('CP3', 0.11780526), ('CP4', 0.11194982)]
[2026-05-29 13:40:53]     spatial_update=delta_l2=0.06836538 max_abs=0.01434945 relative=0.05728243 changed=True

[2026-05-29 13:40:53] Fold 5/5 | subject=3
[2026-05-29 13:40:53]     Train: 32 | counts=[16, 16]
[2026-05-29 13:40:53]     Test:  8 | counts=[4, 4]
[2026-05-29 13:40:53]     Model: SignalJEPA_PreLocal | Pretrained: from_pretrained | Strategy: new
[2026-05-29 13:40:53]     Normalization: none | fit_scope=none
[2026-05-29 13:40:53]     Phase 1 (new): 2,170/16,010 params
[2026-05-29 13:40:54]     Result | best_epoch=11 | stop=61 | final_phase_epochs=61 | acc=0.8750 | bal_acc=0.8750 | pred_hist=[3, 5] | collapse=False
[2026-05-29 13:40:54]     spatial_conv=[4, 29] top_abs_channels=[('Pz', 0.15142757), ('O2', 0.14904103), ('T3', 0.13225421), ('C3', 0.12419723), ('CP3', 0.12250239), ('O1', 0.12171689), ('T4', 0.12035839), ('CP4', 0.11039801)]
[2026-05-29 13:40:54]     spatial_update=delta_l2=0.11075310 max_abs=0.02392770 relative=0.09279851 changed=True
[2026-05-29 13:40:54]   Subject 3: acc=0.5750±0.1696  bal_acc=0.5750±0.1696
[2026-05-29 13:40:54] \nSubject 4: 40 windows | class_counts=[20, 20]

[2026-05-29 13:40:55] Fold 1/5 | subject=4
[2026-05-29 13:40:55]     Train: 32 | counts=[16, 16]
[2026-05-29 13:40:55]     Test:  8 | counts=[4, 4]
[2026-05-29 13:40:55]     Model: SignalJEPA_PreLocal | Pretrained: from_pretrained | Strategy: new
[2026-05-29 13:40:55]     Normalization: none | fit_scope=none
[2026-05-29 13:40:55]     Phase 1 (new): 2,170/16,010 params
[2026-05-29 13:40:56]     Result | best_epoch=38 | stop=88 | final_phase_epochs=88 | acc=0.6250 | bal_acc=0.6250 | pred_hist=[3, 5] | collapse=False
[2026-05-29 13:40:56]     spatial_conv=[4, 29] top_abs_channels=[('Pz', 0.13818875), ('O2', 0.13718832), ('CP3', 0.12673759), ('O1', 0.12256354), ('P3', 0.11992276), ('T5', 0.11872195), ('T3', 0.1116669), ('Fp1', 0.11073178)]
[2026-05-29 13:40:56]     spatial_update=delta_l2=0.23179084 max_abs=0.06237616 relative=0.19421440 changed=True

[2026-05-29 13:40:56] Fold 2/5 | subject=4
[2026-05-29 13:40:56]     Train: 32 | counts=[16, 16]
[2026-05-29 13:40:56]     Test:  8 | counts=[4, 4]
[2026-05-29 13:40:56]     Model: SignalJEPA_PreLocal | Pretrained: from_pretrained | Strategy: new
[2026-05-29 13:40:56]     Normalization: none | fit_scope=none
[2026-05-29 13:40:56]     Phase 1 (new): 2,170/16,010 params
[2026-05-29 13:40:57]     Result | best_epoch=1 | stop=51 | final_phase_epochs=51 | acc=0.5000 | bal_acc=0.5000 | pred_hist=[0, 8] | collapse=True
[2026-05-29 13:40:57]     spatial_conv=[4, 29] top_abs_channels=[('Pz', 0.15348791), ('O2', 0.14523417), ('T3', 0.12734804), ('T4', 0.12159951), ('O1', 0.1213951), ('CP3', 0.12056261), ('C3', 0.1149631), ('CP4', 0.11076421)]
[2026-05-29 13:40:57]     spatial_update=delta_l2=0.01295083 max_abs=0.00222051 relative=0.01085132 changed=True

[2026-05-29 13:40:58] Fold 3/5 | subject=4
[2026-05-29 13:40:58]     Train: 32 | counts=[16, 16]
[2026-05-29 13:40:58]     Test:  8 | counts=[4, 4]
[2026-05-29 13:40:58]     Model: SignalJEPA_PreLocal | Pretrained: from_pretrained | Strategy: new
[2026-05-29 13:40:58]     Normalization: none | fit_scope=none
[2026-05-29 13:40:58]     Phase 1 (new): 2,170/16,010 params
[2026-05-29 13:40:59]     Result | best_epoch=5 | stop=55 | final_phase_epochs=55 | acc=0.5000 | bal_acc=0.5000 | pred_hist=[0, 8] | collapse=True
[2026-05-29 13:40:59]     spatial_conv=[4, 29] top_abs_channels=[('Pz', 0.15441766), ('O2', 0.1465226), ('T3', 0.12715723), ('T4', 0.12160978), ('O1', 0.12040885), ('CP3', 0.11895891), ('C3', 0.11568421), ('Fp1', 0.11516026)]
[2026-05-29 13:40:59]     spatial_update=delta_l2=0.05148765 max_abs=0.00952248 relative=0.04314080 changed=True

[2026-05-29 13:40:59] Fold 4/5 | subject=4
[2026-05-29 13:40:59]     Train: 32 | counts=[16, 16]
[2026-05-29 13:40:59]     Test:  8 | counts=[4, 4]
[2026-05-29 13:40:59]     Model: SignalJEPA_PreLocal | Pretrained: from_pretrained | Strategy: new
[2026-05-29 13:40:59]     Normalization: none | fit_scope=none
[2026-05-29 13:40:59]     Phase 1 (new): 2,170/16,010 params
[2026-05-29 13:41:00]     Result | best_epoch=20 | stop=70 | final_phase_epochs=70 | acc=0.6250 | bal_acc=0.6250 | pred_hist=[5, 3] | collapse=False
[2026-05-29 13:41:00]     spatial_conv=[4, 29] top_abs_channels=[('Pz', 0.1544902), ('O2', 0.15099306), ('T3', 0.12902807), ('O1', 0.11993691), ('T4', 0.11937219), ('Fp1', 0.11774898), ('C3', 0.11725979), ('CP3', 0.11668362)]
[2026-05-29 13:41:00]     spatial_update=delta_l2=0.13850689 max_abs=0.03403979 relative=0.11605304 changed=True

[2026-05-29 13:41:01] Fold 5/5 | subject=4
[2026-05-29 13:41:01]     Train: 32 | counts=[16, 16]
[2026-05-29 13:41:01]     Test:  8 | counts=[4, 4]
[2026-05-29 13:41:01]     Model: SignalJEPA_PreLocal | Pretrained: from_pretrained | Strategy: new
[2026-05-29 13:41:01]     Normalization: none | fit_scope=none
[2026-05-29 13:41:01]     Phase 1 (new): 2,170/16,010 params
[2026-05-29 13:41:02]     Result | best_epoch=1 | stop=51 | final_phase_epochs=51 | acc=0.5000 | bal_acc=0.5000 | pred_hist=[0, 8] | collapse=True
[2026-05-29 13:41:02]     spatial_conv=[4, 29] top_abs_channels=[('Pz', 0.15346329), ('O2', 0.14477971), ('T3', 0.12721893), ('O1', 0.12144137), ('T4', 0.12072882), ('CP3', 0.12071536), ('C3', 0.11471093), ('CP4', 0.11080302)]
[2026-05-29 13:41:02]     spatial_update=delta_l2=0.01423690 max_abs=0.00220681 relative=0.01192890 changed=True
[2026-05-29 13:41:02]   Subject 4: acc=0.5500±0.0612  bal_acc=0.5500±0.0612
[2026-05-29 13:41:02] \nSubject 5: 40 windows | class_counts=[20, 20]

[2026-05-29 13:41:02] Fold 1/5 | subject=5
[2026-05-29 13:41:02]     Train: 32 | counts=[16, 16]
[2026-05-29 13:41:02]     Test:  8 | counts=[4, 4]
[2026-05-29 13:41:02]     Model: SignalJEPA_PreLocal | Pretrained: from_pretrained | Strategy: new
[2026-05-29 13:41:02]     Normalization: none | fit_scope=none
[2026-05-29 13:41:02]     Phase 1 (new): 2,170/16,010 params
[2026-05-29 13:41:03]     Result | best_epoch=1 | stop=51 | final_phase_epochs=51 | acc=0.5000 | bal_acc=0.5000 | pred_hist=[0, 8] | collapse=True
[2026-05-29 13:41:03]     spatial_conv=[4, 29] top_abs_channels=[('Pz', 0.1533252), ('O2', 0.14463536), ('T3', 0.127094), ('O1', 0.12190098), ('T4', 0.12181043), ('CP3', 0.12097435), ('C3', 0.11559097), ('CP4', 0.11018781)]
[2026-05-29 13:41:03]     spatial_update=delta_l2=0.01278246 max_abs=0.00230258 relative=0.01071025 changed=True

[2026-05-29 13:41:04] Fold 2/5 | subject=5
[2026-05-29 13:41:04]     Train: 32 | counts=[16, 16]
[2026-05-29 13:41:04]     Test:  8 | counts=[4, 4]
[2026-05-29 13:41:04]     Model: SignalJEPA_PreLocal | Pretrained: from_pretrained | Strategy: new
[2026-05-29 13:41:04]     Normalization: none | fit_scope=none
[2026-05-29 13:41:04]     Phase 1 (new): 2,170/16,010 params
[2026-05-29 13:41:04]     Result | best_epoch=1 | stop=51 | final_phase_epochs=51 | acc=0.5000 | bal_acc=0.5000 | pred_hist=[0, 8] | collapse=True
[2026-05-29 13:41:04]     spatial_conv=[4, 29] top_abs_channels=[('Pz', 0.15401959), ('O2', 0.14481243), ('T3', 0.12704188), ('O1', 0.122755), ('T4', 0.1226632), ('CP3', 0.12089287), ('C3', 0.11499256), ('CP4', 0.11056405)]
[2026-05-29 13:41:04]     spatial_update=delta_l2=0.01232967 max_abs=0.00217436 relative=0.01033086 changed=True

[2026-05-29 13:41:05] Fold 3/5 | subject=5
[2026-05-29 13:41:05]     Train: 32 | counts=[16, 16]
[2026-05-29 13:41:05]     Test:  8 | counts=[4, 4]
[2026-05-29 13:41:05]     Model: SignalJEPA_PreLocal | Pretrained: from_pretrained | Strategy: new
[2026-05-29 13:41:05]     Normalization: none | fit_scope=none
[2026-05-29 13:41:05]     Phase 1 (new): 2,170/16,010 params
[2026-05-29 13:41:06]     Result | best_epoch=38 | stop=88 | final_phase_epochs=88 | acc=0.6250 | bal_acc=0.6250 | pred_hist=[3, 5] | collapse=False
[2026-05-29 13:41:06]     spatial_conv=[4, 29] top_abs_channels=[('O2', 0.14605732), ('T4', 0.14237872), ('Pz', 0.13971561), ('FCz', 0.12085435), ('T3', 0.12054785), ('Fz', 0.11900142), ('CP4', 0.11803272), ('CP3', 0.10955334)]
[2026-05-29 13:41:06]     spatial_update=delta_l2=0.33962640 max_abs=0.08017401 relative=0.28456834 changed=True

[2026-05-29 13:41:07] Fold 4/5 | subject=5
[2026-05-29 13:41:07]     Train: 32 | counts=[16, 16]
[2026-05-29 13:41:07]     Test:  8 | counts=[4, 4]
[2026-05-29 13:41:07]     Model: SignalJEPA_PreLocal | Pretrained: from_pretrained | Strategy: new
[2026-05-29 13:41:07]     Normalization: none | fit_scope=none
[2026-05-29 13:41:07]     Phase 1 (new): 2,170/16,010 params
[2026-05-29 13:41:08]     Result | best_epoch=30 | stop=80 | final_phase_epochs=80 | acc=0.5000 | bal_acc=0.5000 | pred_hist=[4, 4] | collapse=False
[2026-05-29 13:41:08]     spatial_conv=[4, 29] top_abs_channels=[('O2', 0.16052161), ('Pz', 0.13884611), ('T4', 0.1332192), ('T3', 0.12634864), ('O1', 0.12404932), ('CP4', 0.11305679), ('P4', 0.10955998), ('C3', 0.10917968)]
[2026-05-29 13:41:08]     spatial_update=delta_l2=0.29690192 max_abs=0.06828675 relative=0.24877008 changed=True

[2026-05-29 13:41:08] Fold 5/5 | subject=5
[2026-05-29 13:41:08]     Train: 32 | counts=[16, 16]
[2026-05-29 13:41:08]     Test:  8 | counts=[4, 4]
[2026-05-29 13:41:08]     Model: SignalJEPA_PreLocal | Pretrained: from_pretrained | Strategy: new
[2026-05-29 13:41:08]     Normalization: none | fit_scope=none
[2026-05-29 13:41:08]     Phase 1 (new): 2,170/16,010 params
[2026-05-29 13:41:09]     Result | best_epoch=1 | stop=51 | final_phase_epochs=51 | acc=0.5000 | bal_acc=0.5000 | pred_hist=[0, 8] | collapse=True
[2026-05-29 13:41:09]     spatial_conv=[4, 29] top_abs_channels=[('Pz', 0.15306512), ('O2', 0.14458925), ('T3', 0.12644993), ('O1', 0.12233251), ('T4', 0.12215546), ('CP3', 0.12191374), ('C3', 0.11542568), ('CP4', 0.10964526)]
[2026-05-29 13:41:09]     spatial_update=delta_l2=0.01313510 max_abs=0.00226824 relative=0.01100572 changed=True
[2026-05-29 13:41:09]   Subject 5: acc=0.5250±0.0500  bal_acc=0.5250±0.0500
[2026-05-29 13:41:09] \nSubject 6: 40 windows | class_counts=[20, 20]

[2026-05-29 13:41:10] Fold 1/5 | subject=6
[2026-05-29 13:41:10]     Train: 32 | counts=[16, 16]
[2026-05-29 13:41:10]     Test:  8 | counts=[4, 4]
[2026-05-29 13:41:10]     Model: SignalJEPA_PreLocal | Pretrained: from_pretrained | Strategy: new
[2026-05-29 13:41:10]     Normalization: none | fit_scope=none
[2026-05-29 13:41:10]     Phase 1 (new): 2,170/16,010 params
[2026-05-29 13:41:11]     Result | best_epoch=8 | stop=58 | final_phase_epochs=58 | acc=0.2500 | bal_acc=0.2500 | pred_hist=[4, 4] | collapse=False
[2026-05-29 13:41:11]     spatial_conv=[4, 29] top_abs_channels=[('Pz', 0.15533608), ('O2', 0.14392443), ('T3', 0.13061304), ('T4', 0.12353025), ('O1', 0.12133224), ('CP3', 0.11910894), ('P4', 0.11457246), ('Fp1', 0.11258515)]
[2026-05-29 13:41:11]     spatial_update=delta_l2=0.09212793 max_abs=0.01788571 relative=0.07719274 changed=True

[2026-05-29 13:41:11] Fold 2/5 | subject=6
[2026-05-29 13:41:11]     Train: 32 | counts=[16, 16]
[2026-05-29 13:41:11]     Test:  8 | counts=[4, 4]
[2026-05-29 13:41:11]     Model: SignalJEPA_PreLocal | Pretrained: from_pretrained | Strategy: new
[2026-05-29 13:41:11]     Normalization: none | fit_scope=none
[2026-05-29 13:41:11]     Phase 1 (new): 2,170/16,010 params
[2026-05-29 13:41:12]     Result | best_epoch=14 | stop=64 | final_phase_epochs=64 | acc=0.5000 | bal_acc=0.5000 | pred_hist=[4, 4] | collapse=False
[2026-05-29 13:41:12]     spatial_conv=[4, 29] top_abs_channels=[('O2', 0.14745338), ('Pz', 0.14539912), ('T3', 0.12861218), ('CP3', 0.12560414), ('O1', 0.12344809), ('P3', 0.11569045), ('Fp1', 0.1155849), ('T4', 0.11480954)]
[2026-05-29 13:41:12]     spatial_update=delta_l2=0.13445849 max_abs=0.02683466 relative=0.11266094 changed=True

[2026-05-29 13:41:13] Fold 3/5 | subject=6
[2026-05-29 13:41:13]     Train: 32 | counts=[16, 16]
[2026-05-29 13:41:13]     Test:  8 | counts=[4, 4]
[2026-05-29 13:41:13]     Model: SignalJEPA_PreLocal | Pretrained: from_pretrained | Strategy: new
[2026-05-29 13:41:13]     Normalization: none | fit_scope=none
[2026-05-29 13:41:13]     Phase 1 (new): 2,170/16,010 params
[2026-05-29 13:41:13]     Result | best_epoch=1 | stop=51 | final_phase_epochs=51 | acc=0.3750 | bal_acc=0.3750 | pred_hist=[1, 7] | collapse=False
[2026-05-29 13:41:13]     spatial_conv=[4, 29] top_abs_channels=[('Pz', 0.15289567), ('O2', 0.14417815), ('T3', 0.12728582), ('T4', 0.12242437), ('O1', 0.12213713), ('CP3', 0.12130871), ('C3', 0.11477494), ('CP4', 0.1114688)]
[2026-05-29 13:41:13]     spatial_update=delta_l2=0.01266782 max_abs=0.00224213 relative=0.01061419 changed=True

[2026-05-29 13:41:14] Fold 4/5 | subject=6
[2026-05-29 13:41:14]     Train: 32 | counts=[16, 16]
[2026-05-29 13:41:14]     Test:  8 | counts=[4, 4]
[2026-05-29 13:41:14]     Model: SignalJEPA_PreLocal | Pretrained: from_pretrained | Strategy: new
[2026-05-29 13:41:14]     Normalization: none | fit_scope=none
[2026-05-29 13:41:14]     Phase 1 (new): 2,170/16,010 params
[2026-05-29 13:41:15]     Result | best_epoch=1 | stop=51 | final_phase_epochs=51 | acc=0.5000 | bal_acc=0.5000 | pred_hist=[0, 8] | collapse=True
[2026-05-29 13:41:15]     spatial_conv=[4, 29] top_abs_channels=[('Pz', 0.15309846), ('O2', 0.14482547), ('T3', 0.12756079), ('O1', 0.12153162), ('T4', 0.12146507), ('CP3', 0.12132987), ('C3', 0.11471915), ('CP4', 0.11074537)]
[2026-05-29 13:41:15]     spatial_update=delta_l2=0.01236373 max_abs=0.00223906 relative=0.01035940 changed=True

[2026-05-29 13:41:15] Fold 5/5 | subject=6
[2026-05-29 13:41:15]     Train: 32 | counts=[16, 16]
[2026-05-29 13:41:15]     Test:  8 | counts=[4, 4]
[2026-05-29 13:41:15]     Model: SignalJEPA_PreLocal | Pretrained: from_pretrained | Strategy: new
[2026-05-29 13:41:15]     Normalization: none | fit_scope=none
[2026-05-29 13:41:15]     Phase 1 (new): 2,170/16,010 params
[2026-05-29 13:41:16]     Result | best_epoch=15 | stop=65 | final_phase_epochs=65 | acc=0.3750 | bal_acc=0.3750 | pred_hist=[5, 3] | collapse=False
[2026-05-29 13:41:16]     spatial_conv=[4, 29] top_abs_channels=[('O2', 0.14719996), ('Pz', 0.14252277), ('T3', 0.12959626), ('CP3', 0.12786081), ('O1', 0.1266413), ('T4', 0.12219188), ('Fp1', 0.11664288), ('P3', 0.11602452)]
[2026-05-29 13:41:16]     spatial_update=delta_l2=0.14671425 max_abs=0.03542517 relative=0.12292988 changed=True
[2026-05-29 13:41:16]   Subject 6: acc=0.4000±0.0935  bal_acc=0.4000±0.0935
[2026-05-29 13:41:16] \nSubject 7: 40 windows | class_counts=[20, 20]

[2026-05-29 13:41:17] Fold 1/5 | subject=7
[2026-05-29 13:41:17]     Train: 32 | counts=[16, 16]
[2026-05-29 13:41:17]     Test:  8 | counts=[4, 4]
[2026-05-29 13:41:17]     Model: SignalJEPA_PreLocal | Pretrained: from_pretrained | Strategy: new
[2026-05-29 13:41:17]     Normalization: none | fit_scope=none
[2026-05-29 13:41:17]     Phase 1 (new): 2,170/16,010 params
[2026-05-29 13:41:18]     Result | best_epoch=12 | stop=62 | final_phase_epochs=62 | acc=0.8750 | bal_acc=0.8750 | pred_hist=[3, 5] | collapse=False
[2026-05-29 13:41:18]     spatial_conv=[4, 29] top_abs_channels=[('Pz', 0.16113901), ('O2', 0.14074981), ('T4', 0.12354834), ('O1', 0.12210009), ('CP4', 0.1192819), ('Fp1', 0.11772977), ('T3', 0.11519574), ('CP3', 0.11491983)]
[2026-05-29 13:41:18]     spatial_update=delta_l2=0.11936433 max_abs=0.02658859 relative=0.10001375 changed=True

[2026-05-29 13:41:18] Fold 2/5 | subject=7
[2026-05-29 13:41:18]     Train: 32 | counts=[16, 16]
[2026-05-29 13:41:18]     Test:  8 | counts=[4, 4]
[2026-05-29 13:41:18]     Model: SignalJEPA_PreLocal | Pretrained: from_pretrained | Strategy: new
[2026-05-29 13:41:18]     Normalization: none | fit_scope=none
[2026-05-29 13:41:18]     Phase 1 (new): 2,170/16,010 params
[2026-05-29 13:41:20]     Result | best_epoch=30 | stop=80 | final_phase_epochs=80 | acc=0.2500 | bal_acc=0.2500 | pred_hist=[6, 2] | collapse=False
[2026-05-29 13:41:20]     spatial_conv=[4, 29] top_abs_channels=[('Pz', 0.15294105), ('O2', 0.13474694), ('CP4', 0.12356616), ('O1', 0.12212238), ('C3', 0.11681673), ('T4', 0.11498508), ('T3', 0.11448368), ('CP3', 0.11375738)]
[2026-05-29 13:41:20]     spatial_update=delta_l2=0.28732744 max_abs=0.06241652 relative=0.24074776 changed=True

[2026-05-29 13:41:20] Fold 3/5 | subject=7
[2026-05-29 13:41:20]     Train: 32 | counts=[16, 16]
[2026-05-29 13:41:20]     Test:  8 | counts=[4, 4]
[2026-05-29 13:41:20]     Model: SignalJEPA_PreLocal | Pretrained: from_pretrained | Strategy: new
[2026-05-29 13:41:20]     Normalization: none | fit_scope=none
[2026-05-29 13:41:20]     Phase 1 (new): 2,170/16,010 params
[2026-05-29 13:41:21]     Result | best_epoch=5 | stop=55 | final_phase_epochs=55 | acc=0.6250 | bal_acc=0.6250 | pred_hist=[1, 7] | collapse=False
[2026-05-29 13:41:21]     spatial_conv=[4, 29] top_abs_channels=[('Pz', 0.1561175), ('O2', 0.14266999), ('O1', 0.12594876), ('T3', 0.12345999), ('T4', 0.12242477), ('CP3', 0.11791329), ('C3', 0.11558223), ('CP4', 0.11557303)]
[2026-05-29 13:41:21]     spatial_update=delta_l2=0.04807940 max_abs=0.00961754 relative=0.04028507 changed=True

[2026-05-29 13:41:22] Fold 4/5 | subject=7
[2026-05-29 13:41:22]     Train: 32 | counts=[16, 16]
[2026-05-29 13:41:22]     Test:  8 | counts=[4, 4]
[2026-05-29 13:41:22]     Model: SignalJEPA_PreLocal | Pretrained: from_pretrained | Strategy: new
[2026-05-29 13:41:22]     Normalization: none | fit_scope=none
[2026-05-29 13:41:22]     Phase 1 (new): 2,170/16,010 params
[2026-05-29 13:41:22]     Result | best_epoch=6 | stop=56 | final_phase_epochs=56 | acc=0.6250 | bal_acc=0.6250 | pred_hist=[1, 7] | collapse=False
[2026-05-29 13:41:22]     spatial_conv=[4, 29] top_abs_channels=[('Pz', 0.15754381), ('O2', 0.13937108), ('T4', 0.12407953), ('O1', 0.12366699), ('T3', 0.12124989), ('CP3', 0.11874445), ('C3', 0.11582574), ('Fp1', 0.11406853)]
[2026-05-29 13:41:22]     spatial_update=delta_l2=0.05975397 max_abs=0.01256933 relative=0.05006704 changed=True

[2026-05-29 13:41:23] Fold 5/5 | subject=7
[2026-05-29 13:41:23]     Train: 32 | counts=[16, 16]
[2026-05-29 13:41:23]     Test:  8 | counts=[4, 4]
[2026-05-29 13:41:23]     Model: SignalJEPA_PreLocal | Pretrained: from_pretrained | Strategy: new
[2026-05-29 13:41:23]     Normalization: none | fit_scope=none
[2026-05-29 13:41:23]     Phase 1 (new): 2,170/16,010 params
[2026-05-29 13:41:24]     Result | best_epoch=6 | stop=56 | final_phase_epochs=56 | acc=0.6250 | bal_acc=0.6250 | pred_hist=[1, 7] | collapse=False
[2026-05-29 13:41:24]     spatial_conv=[4, 29] top_abs_channels=[('Pz', 0.15917049), ('O2', 0.14061488), ('T3', 0.12542169), ('O1', 0.12438639), ('T4', 0.12019719), ('C3', 0.11746614), ('CP4', 0.11592191), ('CP3', 0.11490169)]
[2026-05-29 13:41:24]     spatial_update=delta_l2=0.05997960 max_abs=0.01205550 relative=0.05025609 changed=True
[2026-05-29 13:41:24]   Subject 7: acc=0.6000±0.2000  bal_acc=0.6000±0.2000
[2026-05-29 13:41:24] \nSubject 8: 40 windows | class_counts=[20, 20]

[2026-05-29 13:41:24] Fold 1/5 | subject=8
[2026-05-29 13:41:24]     Train: 32 | counts=[16, 16]
[2026-05-29 13:41:24]     Test:  8 | counts=[4, 4]
[2026-05-29 13:41:24]     Model: SignalJEPA_PreLocal | Pretrained: from_pretrained | Strategy: new
[2026-05-29 13:41:24]     Normalization: none | fit_scope=none
[2026-05-29 13:41:24]     Phase 1 (new): 2,170/16,010 params
[2026-05-29 13:41:25]     Result | best_epoch=7 | stop=57 | final_phase_epochs=57 | acc=0.7500 | bal_acc=0.7500 | pred_hist=[4, 4] | collapse=False
[2026-05-29 13:41:25]     spatial_conv=[4, 29] top_abs_channels=[('Pz', 0.15293282), ('O2', 0.14444824), ('T3', 0.12470018), ('O1', 0.12450035), ('T4', 0.12243412), ('C3', 0.12063746), ('CP3', 0.12001652), ('CP4', 0.11419504)]
[2026-05-29 13:41:25]     spatial_update=delta_l2=0.08025519 max_abs=0.01443804 relative=0.06724473 changed=True

[2026-05-29 13:41:26] Fold 2/5 | subject=8
[2026-05-29 13:41:26]     Train: 32 | counts=[16, 16]
[2026-05-29 13:41:26]     Test:  8 | counts=[4, 4]
[2026-05-29 13:41:26]     Model: SignalJEPA_PreLocal | Pretrained: from_pretrained | Strategy: new
[2026-05-29 13:41:26]     Normalization: none | fit_scope=none
[2026-05-29 13:41:26]     Phase 1 (new): 2,170/16,010 params
[2026-05-29 13:41:26]     Result | best_epoch=5 | stop=55 | final_phase_epochs=55 | acc=0.6250 | bal_acc=0.6250 | pred_hist=[1, 7] | collapse=False
[2026-05-29 13:41:26]     spatial_conv=[4, 29] top_abs_channels=[('Pz', 0.14967015), ('O2', 0.14110361), ('T3', 0.12752204), ('O1', 0.1256935), ('T4', 0.12548915), ('CP3', 0.12259508), ('C3', 0.11568172), ('CP4', 0.11224991)]
[2026-05-29 13:41:26]     spatial_update=delta_l2=0.06380117 max_abs=0.01008150 relative=0.05345814 changed=True

[2026-05-29 13:41:27] Fold 3/5 | subject=8
[2026-05-29 13:41:27]     Train: 32 | counts=[16, 16]
[2026-05-29 13:41:27]     Test:  8 | counts=[4, 4]
[2026-05-29 13:41:27]     Model: SignalJEPA_PreLocal | Pretrained: from_pretrained | Strategy: new
[2026-05-29 13:41:27]     Normalization: none | fit_scope=none
[2026-05-29 13:41:27]     Phase 1 (new): 2,170/16,010 params
[2026-05-29 13:41:28]     Result | best_epoch=5 | stop=55 | final_phase_epochs=55 | acc=0.6250 | bal_acc=0.6250 | pred_hist=[3, 5] | collapse=False
[2026-05-29 13:41:28]     spatial_conv=[4, 29] top_abs_channels=[('Pz', 0.15266123), ('O2', 0.14059836), ('O1', 0.12757845), ('T3', 0.12668967), ('T4', 0.12225267), ('CP3', 0.12193401), ('C3', 0.11725325), ('CP4', 0.11324546)]
[2026-05-29 13:41:28]     spatial_update=delta_l2=0.06028174 max_abs=0.01059103 relative=0.05050925 changed=True

[2026-05-29 13:41:28] Fold 4/5 | subject=8
[2026-05-29 13:41:28]     Train: 32 | counts=[16, 16]
[2026-05-29 13:41:28]     Test:  8 | counts=[4, 4]
[2026-05-29 13:41:28]     Model: SignalJEPA_PreLocal | Pretrained: from_pretrained | Strategy: new
[2026-05-29 13:41:28]     Normalization: none | fit_scope=none
[2026-05-29 13:41:28]     Phase 1 (new): 2,170/16,010 params
[2026-05-29 13:41:29]     Result | best_epoch=3 | stop=53 | final_phase_epochs=53 | acc=0.5000 | bal_acc=0.5000 | pred_hist=[0, 8] | collapse=True
[2026-05-29 13:41:29]     spatial_conv=[4, 29] top_abs_channels=[('Pz', 0.15094104), ('O2', 0.14166678), ('T3', 0.12747326), ('O1', 0.12596758), ('T4', 0.12250166), ('CP3', 0.12228884), ('C3', 0.11471722), ('CP4', 0.11069621)]
[2026-05-29 13:41:29]     spatial_update=delta_l2=0.04171154 max_abs=0.00655340 relative=0.03494953 changed=True

[2026-05-29 13:41:30] Fold 5/5 | subject=8
[2026-05-29 13:41:30]     Train: 32 | counts=[16, 16]
[2026-05-29 13:41:30]     Test:  8 | counts=[4, 4]
[2026-05-29 13:41:30]     Model: SignalJEPA_PreLocal | Pretrained: from_pretrained | Strategy: new
[2026-05-29 13:41:30]     Normalization: none | fit_scope=none
[2026-05-29 13:41:30]     Phase 1 (new): 2,170/16,010 params
[2026-05-29 13:41:31]     Result | best_epoch=7 | stop=57 | final_phase_epochs=57 | acc=0.3750 | bal_acc=0.3750 | pred_hist=[7, 1] | collapse=False
[2026-05-29 13:41:31]     spatial_conv=[4, 29] top_abs_channels=[('Pz', 0.15379933), ('O2', 0.14361402), ('T4', 0.12617533), ('O1', 0.12355314), ('T3', 0.12348688), ('C3', 0.1217543), ('CP3', 0.12142669), ('CP4', 0.11797119)]
[2026-05-29 13:41:31]     spatial_update=delta_l2=0.09277879 max_abs=0.01457325 relative=0.07773809 changed=True
[2026-05-29 13:41:31]   Subject 8: acc=0.5750±0.1275  bal_acc=0.5750±0.1275
[2026-05-29 13:41:31] \nSubject 9: 40 windows | class_counts=[20, 20]

[2026-05-29 13:41:31] Fold 1/5 | subject=9
[2026-05-29 13:41:31]     Train: 32 | counts=[16, 16]
[2026-05-29 13:41:31]     Test:  8 | counts=[4, 4]
[2026-05-29 13:41:31]     Model: SignalJEPA_PreLocal | Pretrained: from_pretrained | Strategy: new
[2026-05-29 13:41:31]     Normalization: none | fit_scope=none
[2026-05-29 13:41:31]     Phase 1 (new): 2,170/16,010 params
[2026-05-29 13:41:32]     Result | best_epoch=14 | stop=64 | final_phase_epochs=64 | acc=0.7500 | bal_acc=0.7500 | pred_hist=[2, 6] | collapse=False
[2026-05-29 13:41:32]     spatial_conv=[4, 29] top_abs_channels=[('Pz', 0.15317261), ('O2', 0.1460495), ('T4', 0.12305379), ('CP3', 0.12288171), ('T3', 0.11984906), ('O1', 0.11816478), ('CP4', 0.11633697), ('C3', 0.11573149)]
[2026-05-29 13:41:32]     spatial_update=delta_l2=0.11590610 max_abs=0.03064595 relative=0.09711615 changed=True

[2026-05-29 13:41:33] Fold 2/5 | subject=9
[2026-05-29 13:41:33]     Train: 32 | counts=[16, 16]
[2026-05-29 13:41:33]     Test:  8 | counts=[4, 4]
[2026-05-29 13:41:33]     Model: SignalJEPA_PreLocal | Pretrained: from_pretrained | Strategy: new
[2026-05-29 13:41:33]     Normalization: none | fit_scope=none
[2026-05-29 13:41:33]     Phase 1 (new): 2,170/16,010 params
[2026-05-29 13:41:34]     Result | best_epoch=5 | stop=55 | final_phase_epochs=55 | acc=0.3750 | bal_acc=0.3750 | pred_hist=[1, 7] | collapse=False
[2026-05-29 13:41:34]     spatial_conv=[4, 29] top_abs_channels=[('Pz', 0.15104017), ('O2', 0.14544347), ('T3', 0.12615874), ('CP3', 0.12233268), ('T4', 0.12136978), ('O1', 0.12041824), ('C3', 0.11644104), ('CP4', 0.10922142)]
[2026-05-29 13:41:34]     spatial_update=delta_l2=0.05005374 max_abs=0.00919893 relative=0.04193935 changed=True

[2026-05-29 13:41:34] Fold 3/5 | subject=9
[2026-05-29 13:41:34]     Train: 32 | counts=[16, 16]
[2026-05-29 13:41:34]     Test:  8 | counts=[4, 4]
[2026-05-29 13:41:34]     Model: SignalJEPA_PreLocal | Pretrained: from_pretrained | Strategy: new
[2026-05-29 13:41:34]     Normalization: none | fit_scope=none
[2026-05-29 13:41:34]     Phase 1 (new): 2,170/16,010 params
[2026-05-29 13:41:35]     Result | best_epoch=7 | stop=57 | final_phase_epochs=57 | acc=0.3750 | bal_acc=0.3750 | pred_hist=[1, 7] | collapse=False
[2026-05-29 13:41:35]     spatial_conv=[4, 29] top_abs_channels=[('Pz', 0.15083031), ('O2', 0.14636384), ('T3', 0.12701409), ('T4', 0.12377968), ('CP3', 0.11969096), ('O1', 0.11921834), ('C3', 0.11421189), ('CP4', 0.10988449)]
[2026-05-29 13:41:35]     spatial_update=delta_l2=0.06635529 max_abs=0.01342760 relative=0.05559819 changed=True

[2026-05-29 13:41:36] Fold 4/5 | subject=9
[2026-05-29 13:41:36]     Train: 32 | counts=[16, 16]
[2026-05-29 13:41:36]     Test:  8 | counts=[4, 4]
[2026-05-29 13:41:36]     Model: SignalJEPA_PreLocal | Pretrained: from_pretrained | Strategy: new
[2026-05-29 13:41:36]     Normalization: none | fit_scope=none
[2026-05-29 13:41:36]     Phase 1 (new): 2,170/16,010 params
[2026-05-29 13:41:37]     Result | best_epoch=14 | stop=64 | final_phase_epochs=64 | acc=0.6250 | bal_acc=0.6250 | pred_hist=[3, 5] | collapse=False
[2026-05-29 13:41:37]     spatial_conv=[4, 29] top_abs_channels=[('Pz', 0.15423094), ('O2', 0.14627138), ('CP3', 0.12727934), ('T3', 0.12706476), ('T4', 0.12473129), ('C3', 0.12235492), ('O1', 0.12223081), ('CP4', 0.11004433)]
[2026-05-29 13:41:37]     spatial_update=delta_l2=0.12219980 max_abs=0.02570909 relative=0.10238956 changed=True

[2026-05-29 13:41:37] Fold 5/5 | subject=9
[2026-05-29 13:41:37]     Train: 32 | counts=[16, 16]
[2026-05-29 13:41:37]     Test:  8 | counts=[4, 4]
[2026-05-29 13:41:37]     Model: SignalJEPA_PreLocal | Pretrained: from_pretrained | Strategy: new
[2026-05-29 13:41:37]     Normalization: none | fit_scope=none
[2026-05-29 13:41:37]     Phase 1 (new): 2,170/16,010 params
[2026-05-29 13:41:38]     Result | best_epoch=18 | stop=68 | final_phase_epochs=68 | acc=0.2500 | bal_acc=0.2500 | pred_hist=[4, 4] | collapse=False
[2026-05-29 13:41:38]     spatial_conv=[4, 29] top_abs_channels=[('Pz', 0.15556885), ('O2', 0.14821596), ('T3', 0.1274882), ('T4', 0.12524001), ('CP3', 0.12074655), ('O1', 0.11958001), ('C3', 0.11657389), ('P4', 0.11198564)]
[2026-05-29 13:41:38]     spatial_update=delta_l2=0.16364939 max_abs=0.03562886 relative=0.13711960 changed=True
[2026-05-29 13:41:38]   Subject 9: acc=0.4750±0.1837  bal_acc=0.4750±0.1837
[2026-05-29 13:41:38] \nSubject 10: 40 windows | class_counts=[20, 20]

[2026-05-29 13:41:39] Fold 1/5 | subject=10
[2026-05-29 13:41:39]     Train: 32 | counts=[16, 16]
[2026-05-29 13:41:39]     Test:  8 | counts=[4, 4]
[2026-05-29 13:41:39]     Model: SignalJEPA_PreLocal | Pretrained: from_pretrained | Strategy: new
[2026-05-29 13:41:39]     Normalization: none | fit_scope=none
[2026-05-29 13:41:39]     Phase 1 (new): 2,170/16,010 params
[2026-05-29 13:41:39]     Result | best_epoch=1 | stop=51 | final_phase_epochs=51 | acc=0.5000 | bal_acc=0.5000 | pred_hist=[0, 8] | collapse=True
[2026-05-29 13:41:39]     spatial_conv=[4, 29] top_abs_channels=[('Pz', 0.15336311), ('O2', 0.1434354), ('T3', 0.12728858), ('O1', 0.12233171), ('T4', 0.12137656), ('CP3', 0.12090348), ('C3', 0.11532369), ('CP4', 0.11169829)]
[2026-05-29 13:41:39]     spatial_update=delta_l2=0.01342739 max_abs=0.00222327 relative=0.01125062 changed=True

[2026-05-29 13:41:40] Fold 2/5 | subject=10
[2026-05-29 13:41:40]     Train: 32 | counts=[16, 16]
[2026-05-29 13:41:40]     Test:  8 | counts=[4, 4]
[2026-05-29 13:41:40]     Model: SignalJEPA_PreLocal | Pretrained: from_pretrained | Strategy: new
[2026-05-29 13:41:40]     Normalization: none | fit_scope=none
[2026-05-29 13:41:40]     Phase 1 (new): 2,170/16,010 params
[2026-05-29 13:41:41]     Result | best_epoch=1 | stop=51 | final_phase_epochs=51 | acc=0.5000 | bal_acc=0.5000 | pred_hist=[0, 8] | collapse=True
[2026-05-29 13:41:41]     spatial_conv=[4, 29] top_abs_channels=[('Pz', 0.15295672), ('O2', 0.14343251), ('T3', 0.12691143), ('O1', 0.12211605), ('T4', 0.12194102), ('CP3', 0.12166718), ('C3', 0.11506113), ('CP4', 0.11129029)]
[2026-05-29 13:41:41]     spatial_update=delta_l2=0.01004059 max_abs=0.00204110 relative=0.00841288 changed=True

[2026-05-29 13:41:42] Fold 3/5 | subject=10
[2026-05-29 13:41:42]     Train: 32 | counts=[16, 16]
[2026-05-29 13:41:42]     Test:  8 | counts=[4, 4]
[2026-05-29 13:41:42]     Model: SignalJEPA_PreLocal | Pretrained: from_pretrained | Strategy: new
[2026-05-29 13:41:42]     Normalization: none | fit_scope=none
[2026-05-29 13:41:42]     Phase 1 (new): 2,170/16,010 params
[2026-05-29 13:41:43]     Result | best_epoch=53 | stop=103 | final_phase_epochs=103 | acc=0.2500 | bal_acc=0.2500 | pred_hist=[4, 4] | collapse=False
[2026-05-29 13:41:43]     spatial_conv=[4, 29] top_abs_channels=[('CP3', 0.1715695), ('P3', 0.14101426), ('O2', 0.13694371), ('O1', 0.13327545), ('Pz', 0.1292779), ('T3', 0.12321766), ('T4', 0.12165985), ('Fp1', 0.11776619)]
[2026-05-29 13:41:43]     spatial_update=delta_l2=0.40351412 max_abs=0.09516563 relative=0.33809899 changed=True

[2026-05-29 13:41:44] Fold 4/5 | subject=10
[2026-05-29 13:41:44]     Train: 32 | counts=[16, 16]
[2026-05-29 13:41:44]     Test:  8 | counts=[4, 4]
[2026-05-29 13:41:44]     Model: SignalJEPA_PreLocal | Pretrained: from_pretrained | Strategy: new
[2026-05-29 13:41:44]     Normalization: none | fit_scope=none
[2026-05-29 13:41:44]     Phase 1 (new): 2,170/16,010 params
[2026-05-29 13:41:45]     Result | best_epoch=14 | stop=64 | final_phase_epochs=64 | acc=0.5000 | bal_acc=0.5000 | pred_hist=[2, 6] | collapse=False
[2026-05-29 13:41:45]     spatial_conv=[4, 29] top_abs_channels=[('Pz', 0.14859295), ('O2', 0.13860191), ('CP3', 0.12542453), ('T3', 0.12524422), ('T4', 0.12332914), ('O1', 0.12123408), ('CP4', 0.11551968), ('T5', 0.11141261)]
[2026-05-29 13:41:45]     spatial_update=delta_l2=0.11014135 max_abs=0.02485800 relative=0.09228594 changed=True

[2026-05-29 13:41:46] Fold 5/5 | subject=10
[2026-05-29 13:41:46]     Train: 32 | counts=[16, 16]
[2026-05-29 13:41:46]     Test:  8 | counts=[4, 4]
[2026-05-29 13:41:46]     Model: SignalJEPA_PreLocal | Pretrained: from_pretrained | Strategy: new
[2026-05-29 13:41:46]     Normalization: none | fit_scope=none
[2026-05-29 13:41:46]     Phase 1 (new): 2,170/16,010 params
[2026-05-29 13:41:47]     Result | best_epoch=8 | stop=58 | final_phase_epochs=58 | acc=0.2500 | bal_acc=0.2500 | pred_hist=[2, 6] | collapse=False
[2026-05-29 13:41:47]     spatial_conv=[4, 29] top_abs_channels=[('Pz', 0.14822477), ('O2', 0.14643031), ('T3', 0.12729193), ('CP3', 0.12597279), ('T4', 0.12092235), ('O1', 0.11867972), ('C3', 0.11541788), ('CP4', 0.11459569)]
[2026-05-29 13:41:47]     spatial_update=delta_l2=0.07376138 max_abs=0.01526026 relative=0.06180366 changed=True
[2026-05-29 13:41:47]   Subject 10: acc=0.4000±0.1225  bal_acc=0.4000±0.1225
[2026-05-29 13:41:47] \nSubject 11: 40 windows | class_counts=[20, 20]

[2026-05-29 13:41:47] Fold 1/5 | subject=11
[2026-05-29 13:41:47]     Train: 32 | counts=[16, 16]
[2026-05-29 13:41:47]     Test:  8 | counts=[4, 4]
[2026-05-29 13:41:47]     Model: SignalJEPA_PreLocal | Pretrained: from_pretrained | Strategy: new
[2026-05-29 13:41:47]     Normalization: none | fit_scope=none
[2026-05-29 13:41:47]     Phase 1 (new): 2,170/16,010 params
[2026-05-29 13:41:48]     Result | best_epoch=1 | stop=51 | final_phase_epochs=51 | acc=0.5000 | bal_acc=0.5000 | pred_hist=[0, 8] | collapse=True
[2026-05-29 13:41:48]     spatial_conv=[4, 29] top_abs_channels=[('Pz', 0.15290971), ('O2', 0.14418201), ('T3', 0.12724665), ('T4', 0.12218344), ('CP3', 0.12192826), ('O1', 0.12175032), ('C3', 0.1151638), ('CP4', 0.11040825)]
[2026-05-29 13:41:48]     spatial_update=delta_l2=0.01190473 max_abs=0.00224078 relative=0.00997481 changed=True

[2026-05-29 13:41:48] Fold 2/5 | subject=11
[2026-05-29 13:41:48]     Train: 32 | counts=[16, 16]
[2026-05-29 13:41:48]     Test:  8 | counts=[4, 4]
[2026-05-29 13:41:48]     Model: SignalJEPA_PreLocal | Pretrained: from_pretrained | Strategy: new
[2026-05-29 13:41:48]     Normalization: none | fit_scope=none
[2026-05-29 13:41:48]     Phase 1 (new): 2,170/16,010 params
[2026-05-29 13:41:49]     Result | best_epoch=10 | stop=60 | final_phase_epochs=60 | acc=0.6250 | bal_acc=0.6250 | pred_hist=[3, 5] | collapse=False
[2026-05-29 13:41:49]     spatial_conv=[4, 29] top_abs_channels=[('Pz', 0.15273553), ('O2', 0.14288957), ('T3', 0.1294204), ('T4', 0.1270835), ('CP3', 0.12316968), ('O1', 0.11907958), ('C3', 0.1168685), ('P4', 0.111774)]
[2026-05-29 13:41:49]     spatial_update=delta_l2=0.09458153 max_abs=0.01961572 relative=0.07924858 changed=True

[2026-05-29 13:41:50] Fold 3/5 | subject=11
[2026-05-29 13:41:50]     Train: 32 | counts=[16, 16]
[2026-05-29 13:41:50]     Test:  8 | counts=[4, 4]
[2026-05-29 13:41:50]     Model: SignalJEPA_PreLocal | Pretrained: from_pretrained | Strategy: new
[2026-05-29 13:41:50]     Normalization: none | fit_scope=none
[2026-05-29 13:41:50]     Phase 1 (new): 2,170/16,010 params
[2026-05-29 13:41:51]     Result | best_epoch=37 | stop=87 | final_phase_epochs=87 | acc=0.5000 | bal_acc=0.5000 | pred_hist=[4, 4] | collapse=False
[2026-05-29 13:41:51]     spatial_conv=[4, 29] top_abs_channels=[('Pz', 0.16174145), ('CP3', 0.14973772), ('O2', 0.13133107), ('T4', 0.12810993), ('C3', 0.12059818), ('T3', 0.11653294), ('T5', 0.11526359), ('Fz', 0.1143253)]
[2026-05-29 13:41:51]     spatial_update=delta_l2=0.31691139 max_abs=0.07639138 relative=0.26553575 changed=True

[2026-05-29 13:41:52] Fold 4/5 | subject=11
[2026-05-29 13:41:52]     Train: 32 | counts=[16, 16]
[2026-05-29 13:41:52]     Test:  8 | counts=[4, 4]
[2026-05-29 13:41:52]     Model: SignalJEPA_PreLocal | Pretrained: from_pretrained | Strategy: new
[2026-05-29 13:41:52]     Normalization: none | fit_scope=none
[2026-05-29 13:41:52]     Phase 1 (new): 2,170/16,010 params
[2026-05-29 13:41:53]     Result | best_epoch=6 | stop=56 | final_phase_epochs=56 | acc=0.5000 | bal_acc=0.5000 | pred_hist=[0, 8] | collapse=True
[2026-05-29 13:41:53]     spatial_conv=[4, 29] top_abs_channels=[('Pz', 0.15020081), ('O2', 0.14308278), ('T3', 0.13035825), ('CP3', 0.12632833), ('T4', 0.1228647), ('O1', 0.12281967), ('C3', 0.11249203), ('Fp1', 0.10806878)]
[2026-05-29 13:41:53]     spatial_update=delta_l2=0.05091033 max_abs=0.01040073 relative=0.04265708 changed=True

[2026-05-29 13:41:53] Fold 5/5 | subject=11
[2026-05-29 13:41:53]     Train: 32 | counts=[16, 16]
[2026-05-29 13:41:53]     Test:  8 | counts=[4, 4]
[2026-05-29 13:41:53]     Model: SignalJEPA_PreLocal | Pretrained: from_pretrained | Strategy: new
[2026-05-29 13:41:53]     Normalization: none | fit_scope=none
[2026-05-29 13:41:53]     Phase 1 (new): 2,170/16,010 params
[2026-05-29 13:41:54]     Result | best_epoch=13 | stop=63 | final_phase_epochs=63 | acc=0.6250 | bal_acc=0.6250 | pred_hist=[1, 7] | collapse=False
[2026-05-29 13:41:54]     spatial_conv=[4, 29] top_abs_channels=[('Pz', 0.15452603), ('O2', 0.14193171), ('CP3', 0.12886189), ('T3', 0.12385289), ('T4', 0.12255765), ('O1', 0.1208157), ('C3', 0.11468931), ('P4', 0.11002231)]
[2026-05-29 13:41:54]     spatial_update=delta_l2=0.10636679 max_abs=0.02145102 relative=0.08912329 changed=True
[2026-05-29 13:41:54]   Subject 11: acc=0.5500±0.0612  bal_acc=0.5500±0.0612
[2026-05-29 13:41:54] \nSubject 12: 40 windows | class_counts=[20, 20]

[2026-05-29 13:41:55] Fold 1/5 | subject=12
[2026-05-29 13:41:55]     Train: 32 | counts=[16, 16]
[2026-05-29 13:41:55]     Test:  8 | counts=[4, 4]
[2026-05-29 13:41:55]     Model: SignalJEPA_PreLocal | Pretrained: from_pretrained | Strategy: new
[2026-05-29 13:41:55]     Normalization: none | fit_scope=none
[2026-05-29 13:41:55]     Phase 1 (new): 2,170/16,010 params
[2026-05-29 13:41:55]     Result | best_epoch=1 | stop=51 | final_phase_epochs=51 | acc=0.5000 | bal_acc=0.5000 | pred_hist=[0, 8] | collapse=True
[2026-05-29 13:41:55]     spatial_conv=[4, 29] top_abs_channels=[('Pz', 0.15381052), ('O2', 0.14376658), ('T3', 0.1258752), ('T4', 0.12272491), ('CP3', 0.12137066), ('O1', 0.1212712), ('C3', 0.11424938), ('CP4', 0.11064926)]
[2026-05-29 13:41:55]     spatial_update=delta_l2=0.01237817 max_abs=0.00235491 relative=0.01037150 changed=True

[2026-05-29 13:41:56] Fold 2/5 | subject=12
[2026-05-29 13:41:56]     Train: 32 | counts=[16, 16]
[2026-05-29 13:41:56]     Test:  8 | counts=[4, 4]
[2026-05-29 13:41:56]     Model: SignalJEPA_PreLocal | Pretrained: from_pretrained | Strategy: new
[2026-05-29 13:41:56]     Normalization: none | fit_scope=none
[2026-05-29 13:41:56]     Phase 1 (new): 2,170/16,010 params
[2026-05-29 13:41:57]     Result | best_epoch=14 | stop=64 | final_phase_epochs=64 | acc=0.6250 | bal_acc=0.6250 | pred_hist=[3, 5] | collapse=False
[2026-05-29 13:41:57]     spatial_conv=[4, 29] top_abs_channels=[('Pz', 0.15639676), ('O2', 0.14310654), ('CP3', 0.13526398), ('T3', 0.12098523), ('T4', 0.11898469), ('O1', 0.11573013), ('Fz', 0.11189538), ('CP4', 0.1117)]
[2026-05-29 13:41:57]     spatial_update=delta_l2=0.10825718 max_abs=0.02379309 relative=0.09070722 changed=True

[2026-05-29 13:41:58] Fold 3/5 | subject=12
[2026-05-29 13:41:58]     Train: 32 | counts=[16, 16]
[2026-05-29 13:41:58]     Test:  8 | counts=[4, 4]
[2026-05-29 13:41:58]     Model: SignalJEPA_PreLocal | Pretrained: from_pretrained | Strategy: new
[2026-05-29 13:41:58]     Normalization: none | fit_scope=none
[2026-05-29 13:41:58]     Phase 1 (new): 2,170/16,010 params
[2026-05-29 13:41:59]     Result | best_epoch=30 | stop=80 | final_phase_epochs=80 | acc=0.5000 | bal_acc=0.5000 | pred_hist=[4, 4] | collapse=False
[2026-05-29 13:41:59]     spatial_conv=[4, 29] top_abs_channels=[('O2', 0.17317608), ('Pz', 0.14782605), ('CP3', 0.14109918), ('CP4', 0.11585367), ('TP7', 0.11555414), ('P4', 0.11482109), ('T3', 0.1145259), ('T4', 0.10704434)]
[2026-05-29 13:41:59]     spatial_update=delta_l2=0.28537941 max_abs=0.05463287 relative=0.23911553 changed=True

[2026-05-29 13:41:59] Fold 4/5 | subject=12
[2026-05-29 13:41:59]     Train: 32 | counts=[16, 16]
[2026-05-29 13:41:59]     Test:  8 | counts=[4, 4]
[2026-05-29 13:41:59]     Model: SignalJEPA_PreLocal | Pretrained: from_pretrained | Strategy: new
[2026-05-29 13:41:59]     Normalization: none | fit_scope=none
[2026-05-29 13:41:59]     Phase 1 (new): 2,170/16,010 params
[2026-05-29 13:42:00]     Result | best_epoch=1 | stop=51 | final_phase_epochs=51 | acc=0.5000 | bal_acc=0.5000 | pred_hist=[0, 8] | collapse=True
[2026-05-29 13:42:00]     spatial_conv=[4, 29] top_abs_channels=[('Pz', 0.15337741), ('O2', 0.14325479), ('T3', 0.12599166), ('T4', 0.12238757), ('O1', 0.12214505), ('CP3', 0.12119517), ('C3', 0.11460485), ('CP4', 0.11072364)]
[2026-05-29 13:42:00]     spatial_update=delta_l2=0.01411544 max_abs=0.00224494 relative=0.01182713 changed=True

[2026-05-29 13:42:01] Fold 5/5 | subject=12
[2026-05-29 13:42:01]     Train: 32 | counts=[16, 16]
[2026-05-29 13:42:01]     Test:  8 | counts=[4, 4]
[2026-05-29 13:42:01]     Model: SignalJEPA_PreLocal | Pretrained: from_pretrained | Strategy: new
[2026-05-29 13:42:01]     Normalization: none | fit_scope=none
[2026-05-29 13:42:01]     Phase 1 (new): 2,170/16,010 params
[2026-05-29 13:42:02]     Result | best_epoch=21 | stop=71 | final_phase_epochs=71 | acc=0.5000 | bal_acc=0.5000 | pred_hist=[8, 0] | collapse=True
[2026-05-29 13:42:02]     spatial_conv=[4, 29] top_abs_channels=[('Pz', 0.16312322), ('O2', 0.13926226), ('CP3', 0.13587621), ('O1', 0.11700519), ('T4', 0.11576374), ('CP4', 0.11490817), ('T3', 0.11480606), ('C4', 0.11337266)]
[2026-05-29 13:42:02]     spatial_update=delta_l2=0.17753639 max_abs=0.04296876 relative=0.14875533 changed=True
[2026-05-29 13:42:02]   Subject 12: acc=0.5250±0.0500  bal_acc=0.5250±0.0500
[2026-05-29 13:42:02] \nSubject 13: 40 windows | class_counts=[20, 20]

[2026-05-29 13:42:02] Fold 1/5 | subject=13
[2026-05-29 13:42:02]     Train: 32 | counts=[16, 16]
[2026-05-29 13:42:02]     Test:  8 | counts=[4, 4]
[2026-05-29 13:42:02]     Model: SignalJEPA_PreLocal | Pretrained: from_pretrained | Strategy: new
[2026-05-29 13:42:02]     Normalization: none | fit_scope=none
[2026-05-29 13:42:02]     Phase 1 (new): 2,170/16,010 params
[2026-05-29 13:42:03]     Result | best_epoch=27 | stop=77 | final_phase_epochs=77 | acc=0.7500 | bal_acc=0.7500 | pred_hist=[4, 4] | collapse=False
[2026-05-29 13:42:03]     spatial_conv=[4, 29] top_abs_channels=[('Pz', 0.17133546), ('O2', 0.15938637), ('O1', 0.14087872), ('T4', 0.12071909), ('C3', 0.11977996), ('P4', 0.11934968), ('T3', 0.11809439), ('P3', 0.1176013)]
[2026-05-29 13:42:03]     spatial_update=delta_l2=0.28748836 max_abs=0.05896046 relative=0.24088259 changed=True

[2026-05-29 13:42:04] Fold 2/5 | subject=13
[2026-05-29 13:42:04]     Train: 32 | counts=[16, 16]
[2026-05-29 13:42:04]     Test:  8 | counts=[4, 4]
[2026-05-29 13:42:04]     Model: SignalJEPA_PreLocal | Pretrained: from_pretrained | Strategy: new
[2026-05-29 13:42:04]     Normalization: none | fit_scope=none
[2026-05-29 13:42:04]     Phase 1 (new): 2,170/16,010 params
[2026-05-29 13:42:05]     Result | best_epoch=3 | stop=53 | final_phase_epochs=53 | acc=0.8750 | bal_acc=0.8750 | pred_hist=[3, 5] | collapse=False
[2026-05-29 13:42:05]     spatial_conv=[4, 29] top_abs_channels=[('Pz', 0.15386313), ('O2', 0.1429579), ('T3', 0.1259785), ('O1', 0.12562974), ('T4', 0.12421643), ('CP3', 0.118252), ('C3', 0.11551982), ('CP4', 0.11276907)]
[2026-05-29 13:42:05]     spatial_update=delta_l2=0.03859998 max_abs=0.00655201 relative=0.03234240 changed=True

[2026-05-29 13:42:05] Fold 3/5 | subject=13
[2026-05-29 13:42:05]     Train: 32 | counts=[16, 16]
[2026-05-29 13:42:05]     Test:  8 | counts=[4, 4]
[2026-05-29 13:42:05]     Model: SignalJEPA_PreLocal | Pretrained: from_pretrained | Strategy: new
[2026-05-29 13:42:05]     Normalization: none | fit_scope=none
[2026-05-29 13:42:05]     Phase 1 (new): 2,170/16,010 params
[2026-05-29 13:42:06]     Result | best_epoch=5 | stop=55 | final_phase_epochs=55 | acc=0.6250 | bal_acc=0.6250 | pred_hist=[3, 5] | collapse=False
[2026-05-29 13:42:06]     spatial_conv=[4, 29] top_abs_channels=[('Pz', 0.15520096), ('O2', 0.14171478), ('O1', 0.12707688), ('T3', 0.12440041), ('T4', 0.12292409), ('CP3', 0.11601344), ('C3', 0.11207557), ('Fp1', 0.11126061)]
[2026-05-29 13:42:06]     spatial_update=delta_l2=0.05737083 max_abs=0.00997432 relative=0.04807024 changed=True

[2026-05-29 13:42:07] Fold 4/5 | subject=13
[2026-05-29 13:42:07]     Train: 32 | counts=[16, 16]
[2026-05-29 13:42:07]     Test:  8 | counts=[4, 4]
[2026-05-29 13:42:07]     Model: SignalJEPA_PreLocal | Pretrained: from_pretrained | Strategy: new
[2026-05-29 13:42:07]     Normalization: none | fit_scope=none
[2026-05-29 13:42:07]     Phase 1 (new): 2,170/16,010 params
[2026-05-29 13:42:08]     Result | best_epoch=14 | stop=64 | final_phase_epochs=64 | acc=0.8750 | bal_acc=0.8750 | pred_hist=[3, 5] | collapse=False
[2026-05-29 13:42:08]     spatial_conv=[4, 29] top_abs_channels=[('Pz', 0.16245396), ('O1', 0.14053422), ('O2', 0.1377167), ('T4', 0.12257652), ('T3', 0.12162739), ('T5', 0.12158817), ('P4', 0.12040015), ('CP4', 0.11151886)]
[2026-05-29 13:42:08]     spatial_update=delta_l2=0.19898423 max_abs=0.03343487 relative=0.16672618 changed=True

[2026-05-29 13:42:08] Fold 5/5 | subject=13
[2026-05-29 13:42:08]     Train: 32 | counts=[16, 16]
[2026-05-29 13:42:08]     Test:  8 | counts=[4, 4]
[2026-05-29 13:42:08]     Model: SignalJEPA_PreLocal | Pretrained: from_pretrained | Strategy: new
[2026-05-29 13:42:08]     Normalization: none | fit_scope=none
[2026-05-29 13:42:08]     Phase 1 (new): 2,170/16,010 params
[2026-05-29 13:42:09]     Result | best_epoch=6 | stop=56 | final_phase_epochs=56 | acc=0.7500 | bal_acc=0.7500 | pred_hist=[4, 4] | collapse=False
[2026-05-29 13:42:09]     spatial_conv=[4, 29] top_abs_channels=[('Pz', 0.15594414), ('O2', 0.14208879), ('O1', 0.12890913), ('T4', 0.12390219), ('T3', 0.12259248), ('CP4', 0.11512027), ('CP3', 0.11495116), ('C3', 0.11447468)]
[2026-05-29 13:42:09]     spatial_update=delta_l2=0.08824273 max_abs=0.01224159 relative=0.07393739 changed=True
[2026-05-29 13:42:09]   Subject 13: acc=0.7750±0.0935  bal_acc=0.7750±0.0935
[2026-05-29 13:42:09] \nSubject 14: 40 windows | class_counts=[20, 20]

[2026-05-29 13:42:10] Fold 1/5 | subject=14
[2026-05-29 13:42:10]     Train: 32 | counts=[16, 16]
[2026-05-29 13:42:10]     Test:  8 | counts=[4, 4]
[2026-05-29 13:42:10]     Model: SignalJEPA_PreLocal | Pretrained: from_pretrained | Strategy: new
[2026-05-29 13:42:10]     Normalization: none | fit_scope=none
[2026-05-29 13:42:10]     Phase 1 (new): 2,170/16,010 params
[2026-05-29 13:42:10]     Result | best_epoch=4 | stop=54 | final_phase_epochs=54 | acc=0.6250 | bal_acc=0.6250 | pred_hist=[1, 7] | collapse=False
[2026-05-29 13:42:10]     spatial_conv=[4, 29] top_abs_channels=[('Pz', 0.15063199), ('O2', 0.14417416), ('O1', 0.12454017), ('T3', 0.12267584), ('CP3', 0.1217228), ('T4', 0.1209008), ('C3', 0.1150501), ('CP4', 0.11065)]
[2026-05-29 13:42:10]     spatial_update=delta_l2=0.03915266 max_abs=0.00724406 relative=0.03280548 changed=True

[2026-05-29 13:42:11] Fold 2/5 | subject=14
[2026-05-29 13:42:11]     Train: 32 | counts=[16, 16]
[2026-05-29 13:42:11]     Test:  8 | counts=[4, 4]
[2026-05-29 13:42:11]     Model: SignalJEPA_PreLocal | Pretrained: from_pretrained | Strategy: new
[2026-05-29 13:42:11]     Normalization: none | fit_scope=none
[2026-05-29 13:42:11]     Phase 1 (new): 2,170/16,010 params
[2026-05-29 13:42:12]     Result | best_epoch=8 | stop=58 | final_phase_epochs=58 | acc=0.6250 | bal_acc=0.6250 | pred_hist=[3, 5] | collapse=False
[2026-05-29 13:42:12]     spatial_conv=[4, 29] top_abs_channels=[('Pz', 0.14818192), ('O2', 0.14670557), ('O1', 0.1241782), ('T3', 0.12347215), ('CP3', 0.12209272), ('T4', 0.11794152), ('C3', 0.113938), ('CP4', 0.11131582)]
[2026-05-29 13:42:12]     spatial_update=delta_l2=0.07092589 max_abs=0.01536672 relative=0.05942784 changed=True

[2026-05-29 13:42:12] Fold 3/5 | subject=14
[2026-05-29 13:42:12]     Train: 32 | counts=[16, 16]
[2026-05-29 13:42:12]     Test:  8 | counts=[4, 4]
[2026-05-29 13:42:12]     Model: SignalJEPA_PreLocal | Pretrained: from_pretrained | Strategy: new
[2026-05-29 13:42:12]     Normalization: none | fit_scope=none
[2026-05-29 13:42:12]     Phase 1 (new): 2,170/16,010 params
[2026-05-29 13:42:13]     Result | best_epoch=7 | stop=57 | final_phase_epochs=57 | acc=0.2500 | bal_acc=0.2500 | pred_hist=[4, 4] | collapse=False
[2026-05-29 13:42:13]     spatial_conv=[4, 29] top_abs_channels=[('Pz', 0.14872143), ('O2', 0.14511926), ('T3', 0.12350018), ('CP3', 0.12250511), ('O1', 0.12143566), ('T4', 0.11845439), ('Fp1', 0.11265431), ('C3', 0.11257485)]
[2026-05-29 13:42:13]     spatial_update=delta_l2=0.06317840 max_abs=0.01270477 relative=0.05293632 changed=True

[2026-05-29 13:42:14] Fold 4/5 | subject=14
[2026-05-29 13:42:14]     Train: 32 | counts=[16, 16]
[2026-05-29 13:42:14]     Test:  8 | counts=[4, 4]
[2026-05-29 13:42:14]     Model: SignalJEPA_PreLocal | Pretrained: from_pretrained | Strategy: new
[2026-05-29 13:42:14]     Normalization: none | fit_scope=none
[2026-05-29 13:42:14]     Phase 1 (new): 2,170/16,010 params
[2026-05-29 13:42:15]     Result | best_epoch=14 | stop=64 | final_phase_epochs=64 | acc=0.5000 | bal_acc=0.5000 | pred_hist=[6, 2] | collapse=False
[2026-05-29 13:42:15]     spatial_conv=[4, 29] top_abs_channels=[('Pz', 0.15072916), ('O2', 0.14215569), ('O1', 0.12714238), ('T3', 0.12407713), ('CP3', 0.11877177), ('C3', 0.1143285), ('CP4', 0.11382174), ('Fp1', 0.11120182)]
[2026-05-29 13:42:15]     spatial_update=delta_l2=0.11300416 max_abs=0.03389742 relative=0.09468465 changed=True

[2026-05-29 13:42:15] Fold 5/5 | subject=14
[2026-05-29 13:42:15]     Train: 32 | counts=[16, 16]
[2026-05-29 13:42:15]     Test:  8 | counts=[4, 4]
[2026-05-29 13:42:15]     Model: SignalJEPA_PreLocal | Pretrained: from_pretrained | Strategy: new
[2026-05-29 13:42:15]     Normalization: none | fit_scope=none
[2026-05-29 13:42:15]     Phase 1 (new): 2,170/16,010 params
[2026-05-29 13:42:16]     Result | best_epoch=14 | stop=64 | final_phase_epochs=64 | acc=0.7500 | bal_acc=0.7500 | pred_hist=[4, 4] | collapse=False
[2026-05-29 13:42:16]     spatial_conv=[4, 29] top_abs_channels=[('Pz', 0.1526607), ('O2', 0.13922843), ('O1', 0.12554047), ('T3', 0.12155861), ('CP3', 0.11979939), ('T4', 0.11636677), ('C3', 0.11187523), ('P3', 0.11143554)]
[2026-05-29 13:42:16]     spatial_update=delta_l2=0.11962059 max_abs=0.02564822 relative=0.10022846 changed=True
[2026-05-29 13:42:16]   Subject 14: acc=0.5500±0.1696  bal_acc=0.5500±0.1696
[2026-05-29 13:42:16] \nSubject 15: 40 windows | class_counts=[20, 20]

[2026-05-29 13:42:17] Fold 1/5 | subject=15
[2026-05-29 13:42:17]     Train: 32 | counts=[16, 16]
[2026-05-29 13:42:17]     Test:  8 | counts=[4, 4]
[2026-05-29 13:42:17]     Model: SignalJEPA_PreLocal | Pretrained: from_pretrained | Strategy: new
[2026-05-29 13:42:17]     Normalization: none | fit_scope=none
[2026-05-29 13:42:17]     Phase 1 (new): 2,170/16,010 params
[2026-05-29 13:42:18]     Result | best_epoch=11 | stop=61 | final_phase_epochs=61 | acc=0.5000 | bal_acc=0.5000 | pred_hist=[0, 8] | collapse=True
[2026-05-29 13:42:18]     spatial_conv=[4, 29] top_abs_channels=[('Pz', 0.15600669), ('O2', 0.14203659), ('T3', 0.12984362), ('CP3', 0.12111205), ('T4', 0.12049477), ('C3', 0.11894852), ('O1', 0.11619338), ('Fz', 0.11030795)]
[2026-05-29 13:42:18]     spatial_update=delta_l2=0.09625869 max_abs=0.02025759 relative=0.08065385 changed=True

[2026-05-29 13:42:18] Fold 2/5 | subject=15
[2026-05-29 13:42:18]     Train: 32 | counts=[16, 16]
[2026-05-29 13:42:18]     Test:  8 | counts=[4, 4]
[2026-05-29 13:42:18]     Model: SignalJEPA_PreLocal | Pretrained: from_pretrained | Strategy: new
[2026-05-29 13:42:18]     Normalization: none | fit_scope=none
[2026-05-29 13:42:18]     Phase 1 (new): 2,170/16,010 params
[2026-05-29 13:42:19]     Result | best_epoch=12 | stop=62 | final_phase_epochs=62 | acc=0.6250 | bal_acc=0.6250 | pred_hist=[5, 3] | collapse=False
[2026-05-29 13:42:19]     spatial_conv=[4, 29] top_abs_channels=[('Pz', 0.15575799), ('O2', 0.14501703), ('T3', 0.12628272), ('CP3', 0.1251884), ('C3', 0.12036601), ('T4', 0.11817868), ('Fz', 0.11665885), ('O1', 0.11399084)]
[2026-05-29 13:42:19]     spatial_update=delta_l2=0.09720845 max_abs=0.02219538 relative=0.08144964 changed=True

[2026-05-29 13:42:20] Fold 3/5 | subject=15
[2026-05-29 13:42:20]     Train: 32 | counts=[16, 16]
[2026-05-29 13:42:20]     Test:  8 | counts=[4, 4]
[2026-05-29 13:42:20]     Model: SignalJEPA_PreLocal | Pretrained: from_pretrained | Strategy: new
[2026-05-29 13:42:20]     Normalization: none | fit_scope=none
[2026-05-29 13:42:20]     Phase 1 (new): 2,170/16,010 params
[2026-05-29 13:42:21]     Result | best_epoch=7 | stop=57 | final_phase_epochs=57 | acc=0.3750 | bal_acc=0.3750 | pred_hist=[1, 7] | collapse=False
[2026-05-29 13:42:21]     spatial_conv=[4, 29] top_abs_channels=[('Pz', 0.15039137), ('O2', 0.14469776), ('T3', 0.12193076), ('O1', 0.12159277), ('CP3', 0.12153213), ('T4', 0.12074844), ('C3', 0.11787179), ('Fp1', 0.11015113)]
[2026-05-29 13:42:21]     spatial_update=delta_l2=0.06702451 max_abs=0.01403944 relative=0.05615893 changed=True

[2026-05-29 13:42:21] Fold 4/5 | subject=15
[2026-05-29 13:42:21]     Train: 32 | counts=[16, 16]
[2026-05-29 13:42:21]     Test:  8 | counts=[4, 4]
[2026-05-29 13:42:21]     Model: SignalJEPA_PreLocal | Pretrained: from_pretrained | Strategy: new
[2026-05-29 13:42:21]     Normalization: none | fit_scope=none
[2026-05-29 13:42:21]     Phase 1 (new): 2,170/16,010 params
[2026-05-29 13:42:22]     Result | best_epoch=24 | stop=74 | final_phase_epochs=74 | acc=0.6250 | bal_acc=0.6250 | pred_hist=[3, 5] | collapse=False
[2026-05-29 13:42:22]     spatial_conv=[4, 29] top_abs_channels=[('Pz', 0.15075381), ('CP3', 0.13457513), ('O2', 0.12457997), ('T4', 0.12085314), ('T3', 0.12004365), ('C3', 0.11557327), ('TP8', 0.11282279), ('Fp1', 0.11075984)]
[2026-05-29 13:42:22]     spatial_update=delta_l2=0.21749694 max_abs=0.05290652 relative=0.18223773 changed=True

[2026-05-29 13:42:23] Fold 5/5 | subject=15
[2026-05-29 13:42:23]     Train: 32 | counts=[16, 16]
[2026-05-29 13:42:23]     Test:  8 | counts=[4, 4]
[2026-05-29 13:42:23]     Model: SignalJEPA_PreLocal | Pretrained: from_pretrained | Strategy: new
[2026-05-29 13:42:23]     Normalization: none | fit_scope=none
[2026-05-29 13:42:23]     Phase 1 (new): 2,170/16,010 params
[2026-05-29 13:42:24]     Result | best_epoch=19 | stop=69 | final_phase_epochs=69 | acc=0.5000 | bal_acc=0.5000 | pred_hist=[6, 2] | collapse=False
[2026-05-29 13:42:24]     spatial_conv=[4, 29] top_abs_channels=[('Pz', 0.15403368), ('O2', 0.14303595), ('T3', 0.12254216), ('T4', 0.11999455), ('CP3', 0.11687724), ('Fz', 0.11362682), ('P4', 0.10933405), ('C3', 0.10896348)]
[2026-05-29 13:42:24]     spatial_update=delta_l2=0.17271216 max_abs=0.03503201 relative=0.14471317 changed=True
[2026-05-29 13:42:24]   Subject 15: acc=0.5250±0.0935  bal_acc=0.5250±0.0935
[2026-05-29 13:42:24] \nSubject 16: 40 windows | class_counts=[20, 20]

[2026-05-29 13:42:24] Fold 1/5 | subject=16
[2026-05-29 13:42:24]     Train: 32 | counts=[16, 16]
[2026-05-29 13:42:24]     Test:  8 | counts=[4, 4]
[2026-05-29 13:42:24]     Model: SignalJEPA_PreLocal | Pretrained: from_pretrained | Strategy: new
[2026-05-29 13:42:24]     Normalization: none | fit_scope=none
[2026-05-29 13:42:24]     Phase 1 (new): 2,170/16,010 params
[2026-05-29 13:42:26]     Result | best_epoch=19 | stop=69 | final_phase_epochs=69 | acc=0.2500 | bal_acc=0.2500 | pred_hist=[6, 2] | collapse=False
[2026-05-29 13:42:26]     spatial_conv=[4, 29] top_abs_channels=[('O2', 0.15392935), ('Pz', 0.14681193), ('T4', 0.13069789), ('CP3', 0.1239572), ('CP4', 0.12121844), ('T3', 0.11665696), ('O1', 0.11271746), ('C3', 0.10901342)]
[2026-05-29 13:42:26]     spatial_update=delta_l2=0.15369610 max_abs=0.03493116 relative=0.12877987 changed=True

[2026-05-29 13:42:26] Fold 2/5 | subject=16
[2026-05-29 13:42:26]     Train: 32 | counts=[16, 16]
[2026-05-29 13:42:26]     Test:  8 | counts=[4, 4]
[2026-05-29 13:42:26]     Model: SignalJEPA_PreLocal | Pretrained: from_pretrained | Strategy: new
[2026-05-29 13:42:26]     Normalization: none | fit_scope=none
[2026-05-29 13:42:26]     Phase 1 (new): 2,170/16,010 params
[2026-05-29 13:42:27]     Result | best_epoch=1 | stop=51 | final_phase_epochs=51 | acc=0.5000 | bal_acc=0.5000 | pred_hist=[0, 8] | collapse=True
[2026-05-29 13:42:27]     spatial_conv=[4, 29] top_abs_channels=[('Pz', 0.1521309), ('O2', 0.14418562), ('T3', 0.12686239), ('T4', 0.12201458), ('CP3', 0.12091299), ('O1', 0.12074874), ('C3', 0.11506817), ('CP4', 0.11102669)]
[2026-05-29 13:42:27]     spatial_update=delta_l2=0.01150230 max_abs=0.00203480 relative=0.00963762 changed=True

[2026-05-29 13:42:28] Fold 3/5 | subject=16
[2026-05-29 13:42:28]     Train: 32 | counts=[16, 16]
[2026-05-29 13:42:28]     Test:  8 | counts=[4, 4]
[2026-05-29 13:42:28]     Model: SignalJEPA_PreLocal | Pretrained: from_pretrained | Strategy: new
[2026-05-29 13:42:28]     Normalization: none | fit_scope=none
[2026-05-29 13:42:28]     Phase 1 (new): 2,170/16,010 params
[2026-05-29 13:42:28]     Result | best_epoch=7 | stop=57 | final_phase_epochs=57 | acc=0.2500 | bal_acc=0.2500 | pred_hist=[2, 6] | collapse=False
[2026-05-29 13:42:28]     spatial_conv=[4, 29] top_abs_channels=[('Pz', 0.15178607), ('O2', 0.14067271), ('T3', 0.12473975), ('CP3', 0.12141868), ('T4', 0.12140125), ('O1', 0.12085706), ('C3', 0.1124991), ('Fp1', 0.11186487)]
[2026-05-29 13:42:28]     spatial_update=delta_l2=0.05049414 max_abs=0.01155850 relative=0.04230835 changed=True

[2026-05-29 13:42:29] Fold 4/5 | subject=16
[2026-05-29 13:42:29]     Train: 32 | counts=[16, 16]
[2026-05-29 13:42:29]     Test:  8 | counts=[4, 4]
[2026-05-29 13:42:29]     Model: SignalJEPA_PreLocal | Pretrained: from_pretrained | Strategy: new
[2026-05-29 13:42:29]     Normalization: none | fit_scope=none
[2026-05-29 13:42:29]     Phase 1 (new): 2,170/16,010 params
[2026-05-29 13:42:31]     Result | best_epoch=54 | stop=104 | final_phase_epochs=104 | acc=0.2500 | bal_acc=0.2500 | pred_hist=[2, 6] | collapse=False
[2026-05-29 13:42:31]     spatial_conv=[4, 29] top_abs_channels=[('O2', 0.15736361), ('Pz', 0.14959431), ('CP4', 0.14282484), ('CP3', 0.12603383), ('P4', 0.12130001), ('Fz', 0.11359715), ('FCz', 0.11285903), ('FT7', 0.11183737)]
[2026-05-29 13:42:31]     spatial_update=delta_l2=0.40916486 max_abs=0.11247383 relative=0.34283367 changed=True

[2026-05-29 13:42:31] Fold 5/5 | subject=16
[2026-05-29 13:42:31]     Train: 32 | counts=[16, 16]
[2026-05-29 13:42:31]     Test:  8 | counts=[4, 4]
[2026-05-29 13:42:31]     Model: SignalJEPA_PreLocal | Pretrained: from_pretrained | Strategy: new
[2026-05-29 13:42:31]     Normalization: none | fit_scope=none
[2026-05-29 13:42:31]     Phase 1 (new): 2,170/16,010 params
[2026-05-29 13:42:32]     Result | best_epoch=1 | stop=51 | final_phase_epochs=51 | acc=0.5000 | bal_acc=0.5000 | pred_hist=[0, 8] | collapse=True
[2026-05-29 13:42:32]     spatial_conv=[4, 29] top_abs_channels=[('Pz', 0.15201041), ('O2', 0.14472979), ('T3', 0.12708233), ('T4', 0.12178379), ('O1', 0.1215134), ('CP3', 0.12089348), ('C3', 0.11621442), ('CP4', 0.11164645)]
[2026-05-29 13:42:32]     spatial_update=delta_l2=0.01216322 max_abs=0.00224590 relative=0.01019140 changed=True
[2026-05-29 13:42:32]   Subject 16: acc=0.3500±0.1225  bal_acc=0.3500±0.1225
[2026-05-29 13:42:32] \nSubject 17: 40 windows | class_counts=[20, 20]

[2026-05-29 13:42:32] Fold 1/5 | subject=17
[2026-05-29 13:42:32]     Train: 32 | counts=[16, 16]
[2026-05-29 13:42:32]     Test:  8 | counts=[4, 4]
[2026-05-29 13:42:32]     Model: SignalJEPA_PreLocal | Pretrained: from_pretrained | Strategy: new
[2026-05-29 13:42:32]     Normalization: none | fit_scope=none
[2026-05-29 13:42:32]     Phase 1 (new): 2,170/16,010 params
[2026-05-29 13:42:33]     Result | best_epoch=10 | stop=60 | final_phase_epochs=60 | acc=0.3750 | bal_acc=0.3750 | pred_hist=[7, 1] | collapse=False
[2026-05-29 13:42:33]     spatial_conv=[4, 29] top_abs_channels=[('Pz', 0.15139095), ('O2', 0.14742613), ('T3', 0.12431791), ('T4', 0.11926001), ('CP3', 0.11923659), ('C3', 0.11734217), ('O1', 0.11408687), ('CP4', 0.11174892)]
[2026-05-29 13:42:33]     spatial_update=delta_l2=0.06511733 max_abs=0.01358056 relative=0.05456093 changed=True

[2026-05-29 13:42:34] Fold 2/5 | subject=17
[2026-05-29 13:42:34]     Train: 32 | counts=[16, 16]
[2026-05-29 13:42:34]     Test:  8 | counts=[4, 4]
[2026-05-29 13:42:34]     Model: SignalJEPA_PreLocal | Pretrained: from_pretrained | Strategy: new
[2026-05-29 13:42:34]     Normalization: none | fit_scope=none
[2026-05-29 13:42:34]     Phase 1 (new): 2,170/16,010 params
[2026-05-29 13:42:35]     Result | best_epoch=3 | stop=53 | final_phase_epochs=53 | acc=0.5000 | bal_acc=0.5000 | pred_hist=[0, 8] | collapse=True
[2026-05-29 13:42:35]     spatial_conv=[4, 29] top_abs_channels=[('Pz', 0.15305117), ('O2', 0.14424548), ('T3', 0.12377874), ('T4', 0.12230971), ('O1', 0.12188302), ('CP3', 0.12123187), ('C3', 0.11332062), ('Fp1', 0.10939202)]
[2026-05-29 13:42:35]     spatial_update=delta_l2=0.03610863 max_abs=0.00670750 relative=0.03025493 changed=True

[2026-05-29 13:42:35] Fold 3/5 | subject=17
[2026-05-29 13:42:35]     Train: 32 | counts=[16, 16]
[2026-05-29 13:42:35]     Test:  8 | counts=[4, 4]
[2026-05-29 13:42:35]     Model: SignalJEPA_PreLocal | Pretrained: from_pretrained | Strategy: new
[2026-05-29 13:42:35]     Normalization: none | fit_scope=none
[2026-05-29 13:42:35]     Phase 1 (new): 2,170/16,010 params
[2026-05-29 13:42:36]     Result | best_epoch=25 | stop=75 | final_phase_epochs=75 | acc=0.6250 | bal_acc=0.6250 | pred_hist=[5, 3] | collapse=False
[2026-05-29 13:42:36]     spatial_conv=[4, 29] top_abs_channels=[('O2', 0.14956367), ('Pz', 0.1415329), ('C3', 0.12846576), ('CP3', 0.12313901), ('T4', 0.11919773), ('P4', 0.11815846), ('CP4', 0.11672375), ('T3', 0.11626826)]
[2026-05-29 13:42:36]     spatial_update=delta_l2=0.19860174 max_abs=0.05087522 relative=0.16640570 changed=True

[2026-05-29 13:42:37] Fold 4/5 | subject=17
[2026-05-29 13:42:37]     Train: 32 | counts=[16, 16]
[2026-05-29 13:42:37]     Test:  8 | counts=[4, 4]
[2026-05-29 13:42:37]     Model: SignalJEPA_PreLocal | Pretrained: from_pretrained | Strategy: new
[2026-05-29 13:42:37]     Normalization: none | fit_scope=none
[2026-05-29 13:42:37]     Phase 1 (new): 2,170/16,010 params
[2026-05-29 13:42:38]     Result | best_epoch=2 | stop=52 | final_phase_epochs=52 | acc=0.5000 | bal_acc=0.5000 | pred_hist=[0, 8] | collapse=True
[2026-05-29 13:42:38]     spatial_conv=[4, 29] top_abs_channels=[('Pz', 0.15269947), ('O2', 0.14432719), ('T3', 0.12606081), ('O1', 0.12211487), ('T4', 0.12175903), ('CP3', 0.12056407), ('C3', 0.11521168), ('Fp1', 0.11086863)]
[2026-05-29 13:42:38]     spatial_update=delta_l2=0.01803751 max_abs=0.00355703 relative=0.01511338 changed=True

[2026-05-29 13:42:38] Fold 5/5 | subject=17
[2026-05-29 13:42:38]     Train: 32 | counts=[16, 16]
[2026-05-29 13:42:38]     Test:  8 | counts=[4, 4]
[2026-05-29 13:42:38]     Model: SignalJEPA_PreLocal | Pretrained: from_pretrained | Strategy: new
[2026-05-29 13:42:38]     Normalization: none | fit_scope=none
[2026-05-29 13:42:38]     Phase 1 (new): 2,170/16,010 params
[2026-05-29 13:42:39]     Result | best_epoch=7 | stop=57 | final_phase_epochs=57 | acc=0.6250 | bal_acc=0.6250 | pred_hist=[1, 7] | collapse=False
[2026-05-29 13:42:39]     spatial_conv=[4, 29] top_abs_channels=[('Pz', 0.1518891), ('O2', 0.14828661), ('T4', 0.12309735), ('O1', 0.1229439), ('T3', 0.12204263), ('CP3', 0.12066198), ('C3', 0.11708547), ('Fp1', 0.10768455)]
[2026-05-29 13:42:39]     spatial_update=delta_l2=0.06907358 max_abs=0.01279388 relative=0.05787581 changed=True
[2026-05-29 13:42:39]   Subject 17: acc=0.5250±0.0935  bal_acc=0.5250±0.0935
[2026-05-29 13:42:39] \nSubject 18: 40 windows | class_counts=[20, 20]

[2026-05-29 13:42:40] Fold 1/5 | subject=18
[2026-05-29 13:42:40]     Train: 32 | counts=[16, 16]
[2026-05-29 13:42:40]     Test:  8 | counts=[4, 4]
[2026-05-29 13:42:40]     Model: SignalJEPA_PreLocal | Pretrained: from_pretrained | Strategy: new
[2026-05-29 13:42:40]     Normalization: none | fit_scope=none
[2026-05-29 13:42:40]     Phase 1 (new): 2,170/16,010 params
[2026-05-29 13:42:41]     Result | best_epoch=15 | stop=65 | final_phase_epochs=65 | acc=0.7500 | bal_acc=0.7500 | pred_hist=[2, 6] | collapse=False
[2026-05-29 13:42:41]     spatial_conv=[4, 29] top_abs_channels=[('Pz', 0.1520156), ('O2', 0.15039818), ('O1', 0.14664826), ('T3', 0.1214292), ('T4', 0.11919548), ('CP3', 0.11732054), ('Fz', 0.11540186), ('Fp1', 0.11422779)]
[2026-05-29 13:42:41]     spatial_update=delta_l2=0.16668878 max_abs=0.03392157 relative=0.13966626 changed=True

[2026-05-29 13:42:41] Fold 2/5 | subject=18
[2026-05-29 13:42:41]     Train: 32 | counts=[16, 16]
[2026-05-29 13:42:41]     Test:  8 | counts=[4, 4]
[2026-05-29 13:42:41]     Model: SignalJEPA_PreLocal | Pretrained: from_pretrained | Strategy: new
[2026-05-29 13:42:41]     Normalization: none | fit_scope=none
[2026-05-29 13:42:41]     Phase 1 (new): 2,170/16,010 params
[2026-05-29 13:42:42]     Result | best_epoch=11 | stop=61 | final_phase_epochs=61 | acc=0.6250 | bal_acc=0.6250 | pred_hist=[3, 5] | collapse=False
[2026-05-29 13:42:42]     spatial_conv=[4, 29] top_abs_channels=[('O2', 0.1511949), ('Pz', 0.14657822), ('O1', 0.13735789), ('T3', 0.12892793), ('CP3', 0.12232366), ('T4', 0.11904387), ('Fz', 0.11037788), ('Fp1', 0.10773745)]
[2026-05-29 13:42:42]     spatial_update=delta_l2=0.12971824 max_abs=0.02526315 relative=0.10868915 changed=True

[2026-05-29 13:42:43] Fold 3/5 | subject=18
[2026-05-29 13:42:43]     Train: 32 | counts=[16, 16]
[2026-05-29 13:42:43]     Test:  8 | counts=[4, 4]
[2026-05-29 13:42:43]     Model: SignalJEPA_PreLocal | Pretrained: from_pretrained | Strategy: new
[2026-05-29 13:42:43]     Normalization: none | fit_scope=none
[2026-05-29 13:42:43]     Phase 1 (new): 2,170/16,010 params
[2026-05-29 13:42:44]     Result | best_epoch=12 | stop=62 | final_phase_epochs=62 | acc=0.6250 | bal_acc=0.6250 | pred_hist=[3, 5] | collapse=False
[2026-05-29 13:42:44]     spatial_conv=[4, 29] top_abs_channels=[('O2', 0.15069574), ('Pz', 0.14994422), ('O1', 0.14112368), ('T3', 0.1232003), ('T4', 0.12188946), ('CP3', 0.11895362), ('Fp1', 0.10659324), ('Fz', 0.10633184)]
[2026-05-29 13:42:44]     spatial_update=delta_l2=0.13604520 max_abs=0.02783851 relative=0.11399043 changed=True

[2026-05-29 13:42:44] Fold 4/5 | subject=18
[2026-05-29 13:42:44]     Train: 32 | counts=[16, 16]
[2026-05-29 13:42:44]     Test:  8 | counts=[4, 4]
[2026-05-29 13:42:44]     Model: SignalJEPA_PreLocal | Pretrained: from_pretrained | Strategy: new
[2026-05-29 13:42:44]     Normalization: none | fit_scope=none
[2026-05-29 13:42:44]     Phase 1 (new): 2,170/16,010 params
[2026-05-29 13:42:46]     Result | best_epoch=35 | stop=85 | final_phase_epochs=85 | acc=0.8750 | bal_acc=0.8750 | pred_hist=[3, 5] | collapse=False
[2026-05-29 13:42:46]     spatial_conv=[4, 29] top_abs_channels=[('O1', 0.16929667), ('O2', 0.16025834), ('T4', 0.13266857), ('CP3', 0.13224092), ('Pz', 0.12783843), ('T3', 0.12739182), ('Fz', 0.1158794), ('Fp1', 0.11455116)]
[2026-05-29 13:42:46]     spatial_update=delta_l2=0.41195268 max_abs=0.08622131 relative=0.34516955 changed=True

[2026-05-29 13:42:46] Fold 5/5 | subject=18
[2026-05-29 13:42:46]     Train: 32 | counts=[16, 16]
[2026-05-29 13:42:46]     Test:  8 | counts=[4, 4]
[2026-05-29 13:42:46]     Model: SignalJEPA_PreLocal | Pretrained: from_pretrained | Strategy: new
[2026-05-29 13:42:46]     Normalization: none | fit_scope=none
[2026-05-29 13:42:46]     Phase 1 (new): 2,170/16,010 params
[2026-05-29 13:42:49]     Result | best_epoch=105 | stop=155 | final_phase_epochs=155 | acc=0.8750 | bal_acc=0.8750 | pred_hist=[5, 3] | collapse=False
[2026-05-29 13:42:49]     spatial_conv=[4, 29] top_abs_channels=[('O1', 0.18817252), ('FT8', 0.17538169), ('T3', 0.16511518), ('CP3', 0.14177649), ('O2', 0.13914515), ('FCz', 0.13847226), ('P4', 0.13657314), ('Fz', 0.10846189)]
[2026-05-29 13:42:49]     spatial_update=delta_l2=0.91920016 max_abs=0.23335316 relative=0.77018532 changed=True
[2026-05-29 13:42:49]   Subject 18: acc=0.7500±0.1118  bal_acc=0.7500±0.1118
[2026-05-29 13:42:49] \nSubject 19: 40 windows | class_counts=[20, 20]

[2026-05-29 13:42:49] Fold 1/5 | subject=19
[2026-05-29 13:42:49]     Train: 32 | counts=[16, 16]
[2026-05-29 13:42:49]     Test:  8 | counts=[4, 4]
[2026-05-29 13:42:49]     Model: SignalJEPA_PreLocal | Pretrained: from_pretrained | Strategy: new
[2026-05-29 13:42:49]     Normalization: none | fit_scope=none
[2026-05-29 13:42:49]     Phase 1 (new): 2,170/16,010 params
[2026-05-29 13:42:50]     Result | best_epoch=2 | stop=52 | final_phase_epochs=52 | acc=0.3750 | bal_acc=0.3750 | pred_hist=[1, 7] | collapse=False
[2026-05-29 13:42:50]     spatial_conv=[4, 29] top_abs_channels=[('Pz', 0.15471587), ('O2', 0.1436924), ('T3', 0.12762436), ('O1', 0.12437195), ('T4', 0.12125695), ('CP3', 0.11949242), ('C3', 0.11655325), ('CP4', 0.11050517)]
[2026-05-29 13:42:50]     spatial_update=delta_l2=0.02090976 max_abs=0.00419679 relative=0.01752001 changed=True

[2026-05-29 13:42:50] Fold 2/5 | subject=19
[2026-05-29 13:42:50]     Train: 32 | counts=[16, 16]
[2026-05-29 13:42:50]     Test:  8 | counts=[4, 4]
[2026-05-29 13:42:50]     Model: SignalJEPA_PreLocal | Pretrained: from_pretrained | Strategy: new
[2026-05-29 13:42:50]     Normalization: none | fit_scope=none
[2026-05-29 13:42:50]     Phase 1 (new): 2,170/16,010 params
[2026-05-29 13:42:51]     Result | best_epoch=4 | stop=54 | final_phase_epochs=54 | acc=0.3750 | bal_acc=0.3750 | pred_hist=[1, 7] | collapse=False
[2026-05-29 13:42:51]     spatial_conv=[4, 29] top_abs_channels=[('Pz', 0.15322717), ('O2', 0.14517845), ('T3', 0.13075358), ('O1', 0.12452862), ('T4', 0.12036454), ('CP3', 0.1200521), ('C3', 0.11463545), ('CP4', 0.11244874)]
[2026-05-29 13:42:51]     spatial_update=delta_l2=0.04176155 max_abs=0.00783798 relative=0.03499144 changed=True

[2026-05-29 13:42:52] Fold 3/5 | subject=19
[2026-05-29 13:42:52]     Train: 32 | counts=[16, 16]
[2026-05-29 13:42:52]     Test:  8 | counts=[4, 4]
[2026-05-29 13:42:52]     Model: SignalJEPA_PreLocal | Pretrained: from_pretrained | Strategy: new
[2026-05-29 13:42:52]     Normalization: none | fit_scope=none
[2026-05-29 13:42:52]     Phase 1 (new): 2,170/16,010 params
[2026-05-29 13:42:52]     Result | best_epoch=1 | stop=51 | final_phase_epochs=51 | acc=0.5000 | bal_acc=0.5000 | pred_hist=[0, 8] | collapse=True
[2026-05-29 13:42:52]     spatial_conv=[4, 29] top_abs_channels=[('Pz', 0.15353197), ('O2', 0.14390472), ('T3', 0.12701532), ('O1', 0.12265897), ('T4', 0.12207206), ('CP3', 0.12116596), ('C3', 0.11603469), ('CP4', 0.11192083)]
[2026-05-29 13:42:52]     spatial_update=delta_l2=0.01307820 max_abs=0.00222741 relative=0.01095804 changed=True

[2026-05-29 13:42:53] Fold 4/5 | subject=19
[2026-05-29 13:42:53]     Train: 32 | counts=[16, 16]
[2026-05-29 13:42:53]     Test:  8 | counts=[4, 4]
[2026-05-29 13:42:53]     Model: SignalJEPA_PreLocal | Pretrained: from_pretrained | Strategy: new
[2026-05-29 13:42:53]     Normalization: none | fit_scope=none
[2026-05-29 13:42:53]     Phase 1 (new): 2,170/16,010 params
[2026-05-29 13:42:54]     Result | best_epoch=28 | stop=78 | final_phase_epochs=78 | acc=0.3750 | bal_acc=0.3750 | pred_hist=[5, 3] | collapse=False
[2026-05-29 13:42:54]     spatial_conv=[4, 29] top_abs_channels=[('Pz', 0.18263958), ('T3', 0.14105769), ('O2', 0.13275374), ('CP3', 0.13104883), ('O1', 0.12350149), ('P4', 0.12222591), ('CP4', 0.11717407), ('T4', 0.11546643)]
[2026-05-29 13:42:54]     spatial_update=delta_l2=0.20908403 max_abs=0.05300779 relative=0.17518867 changed=True

[2026-05-29 13:42:55] Fold 5/5 | subject=19
[2026-05-29 13:42:55]     Train: 32 | counts=[16, 16]
[2026-05-29 13:42:55]     Test:  8 | counts=[4, 4]
[2026-05-29 13:42:55]     Model: SignalJEPA_PreLocal | Pretrained: from_pretrained | Strategy: new
[2026-05-29 13:42:55]     Normalization: none | fit_scope=none
[2026-05-29 13:42:55]     Phase 1 (new): 2,170/16,010 params
[2026-05-29 13:42:56]     Result | best_epoch=7 | stop=57 | final_phase_epochs=57 | acc=0.2500 | bal_acc=0.2500 | pred_hist=[2, 6] | collapse=False
[2026-05-29 13:42:56]     spatial_conv=[4, 29] top_abs_channels=[('Pz', 0.15114334), ('O2', 0.14703104), ('T3', 0.13150033), ('CP3', 0.12263016), ('O1', 0.12166318), ('T4', 0.11968763), ('C3', 0.11806826), ('P3', 0.10936095)]
[2026-05-29 13:42:56]     spatial_update=delta_l2=0.06773574 max_abs=0.01282772 relative=0.05675485 changed=True
[2026-05-29 13:42:56]   Subject 19: acc=0.3750±0.0791  bal_acc=0.3750±0.0791
[2026-05-29 13:42:56] \nSubject 20: 40 windows | class_counts=[20, 20]

[2026-05-29 13:42:56] Fold 1/5 | subject=20
[2026-05-29 13:42:56]     Train: 32 | counts=[16, 16]
[2026-05-29 13:42:56]     Test:  8 | counts=[4, 4]
[2026-05-29 13:42:56]     Model: SignalJEPA_PreLocal | Pretrained: from_pretrained | Strategy: new
[2026-05-29 13:42:56]     Normalization: none | fit_scope=none
[2026-05-29 13:42:56]     Phase 1 (new): 2,170/16,010 params
[2026-05-29 13:42:57]     Result | best_epoch=17 | stop=67 | final_phase_epochs=67 | acc=0.7500 | bal_acc=0.7500 | pred_hist=[4, 4] | collapse=False
[2026-05-29 13:42:57]     spatial_conv=[4, 29] top_abs_channels=[('Pz', 0.15057032), ('O2', 0.14387451), ('O1', 0.13052364), ('T3', 0.12816711), ('T4', 0.12672013), ('CP3', 0.1154526), ('Fp1', 0.11294688), ('C3', 0.11100304)]
[2026-05-29 13:42:57]     spatial_update=delta_l2=0.12870911 max_abs=0.02812052 relative=0.10784361 changed=True

[2026-05-29 13:42:58] Fold 2/5 | subject=20
[2026-05-29 13:42:58]     Train: 32 | counts=[16, 16]
[2026-05-29 13:42:58]     Test:  8 | counts=[4, 4]
[2026-05-29 13:42:58]     Model: SignalJEPA_PreLocal | Pretrained: from_pretrained | Strategy: new
[2026-05-29 13:42:58]     Normalization: none | fit_scope=none
[2026-05-29 13:42:58]     Phase 1 (new): 2,170/16,010 params
[2026-05-29 13:42:59]     Result | best_epoch=5 | stop=55 | final_phase_epochs=55 | acc=0.1250 | bal_acc=0.1250 | pred_hist=[3, 5] | collapse=False
[2026-05-29 13:42:59]     spatial_conv=[4, 29] top_abs_channels=[('Pz', 0.1513512), ('O2', 0.14201593), ('T3', 0.13019362), ('O1', 0.12554489), ('T4', 0.12317333), ('CP3', 0.12278014), ('C3', 0.11150792), ('CP4', 0.11106702)]
[2026-05-29 13:42:59]     spatial_update=delta_l2=0.04542571 max_abs=0.00989313 relative=0.03806158 changed=True

[2026-05-29 13:42:59] Fold 3/5 | subject=20
[2026-05-29 13:42:59]     Train: 32 | counts=[16, 16]
[2026-05-29 13:42:59]     Test:  8 | counts=[4, 4]
[2026-05-29 13:42:59]     Model: SignalJEPA_PreLocal | Pretrained: from_pretrained | Strategy: new
[2026-05-29 13:42:59]     Normalization: none | fit_scope=none
[2026-05-29 13:42:59]     Phase 1 (new): 2,170/16,010 params
[2026-05-29 13:43:00]     Result | best_epoch=5 | stop=55 | final_phase_epochs=55 | acc=0.7500 | bal_acc=0.7500 | pred_hist=[2, 6] | collapse=False
[2026-05-29 13:43:00]     spatial_conv=[4, 29] top_abs_channels=[('Pz', 0.15299712), ('O2', 0.14235346), ('T3', 0.13046256), ('O1', 0.12308715), ('T4', 0.12146468), ('CP3', 0.12060085), ('C3', 0.11230483), ('Fp1', 0.11015695)]
[2026-05-29 13:43:00]     spatial_update=delta_l2=0.05000226 max_abs=0.01026782 relative=0.04189622 changed=True

[2026-05-29 13:43:00] Fold 4/5 | subject=20
[2026-05-29 13:43:00]     Train: 32 | counts=[16, 16]
[2026-05-29 13:43:00]     Test:  8 | counts=[4, 4]
[2026-05-29 13:43:00]     Model: SignalJEPA_PreLocal | Pretrained: from_pretrained | Strategy: new
[2026-05-29 13:43:00]     Normalization: none | fit_scope=none
[2026-05-29 13:43:00]     Phase 1 (new): 2,170/16,010 params
[2026-05-29 13:43:01]     Result | best_epoch=5 | stop=55 | final_phase_epochs=55 | acc=0.7500 | bal_acc=0.7500 | pred_hist=[2, 6] | collapse=False
[2026-05-29 13:43:01]     spatial_conv=[4, 29] top_abs_channels=[('Pz', 0.1528514), ('O2', 0.14285794), ('T3', 0.13041954), ('T4', 0.1228107), ('O1', 0.1224357), ('CP3', 0.12112877), ('C3', 0.11342949), ('CP4', 0.11020578)]
[2026-05-29 13:43:01]     spatial_update=delta_l2=0.04393283 max_abs=0.00895321 relative=0.03681072 changed=True

[2026-05-29 13:43:02] Fold 5/5 | subject=20
[2026-05-29 13:43:02]     Train: 32 | counts=[16, 16]
[2026-05-29 13:43:02]     Test:  8 | counts=[4, 4]
[2026-05-29 13:43:02]     Model: SignalJEPA_PreLocal | Pretrained: from_pretrained | Strategy: new
[2026-05-29 13:43:02]     Normalization: none | fit_scope=none
[2026-05-29 13:43:02]     Phase 1 (new): 2,170/16,010 params
[2026-05-29 13:43:03]     Result | best_epoch=12 | stop=62 | final_phase_epochs=62 | acc=0.7500 | bal_acc=0.7500 | pred_hist=[2, 6] | collapse=False
[2026-05-29 13:43:03]     spatial_conv=[4, 29] top_abs_channels=[('Pz', 0.15210372), ('O2', 0.14170374), ('T3', 0.13226213), ('O1', 0.12954977), ('T4', 0.12468807), ('CP3', 0.12262584), ('Fp1', 0.11193261), ('CP4', 0.10995755)]
[2026-05-29 13:43:03]     spatial_update=delta_l2=0.10158104 max_abs=0.02459388 relative=0.08511337 changed=True
[2026-05-29 13:43:03]   Subject 20: acc=0.6250±0.2500  bal_acc=0.6250±0.2500
[2026-05-29 13:43:03] \nSubject 21: 40 windows | class_counts=[20, 20]

[2026-05-29 13:43:03] Fold 1/5 | subject=21
[2026-05-29 13:43:03]     Train: 32 | counts=[16, 16]
[2026-05-29 13:43:03]     Test:  8 | counts=[4, 4]
[2026-05-29 13:43:03]     Model: SignalJEPA_PreLocal | Pretrained: from_pretrained | Strategy: new
[2026-05-29 13:43:03]     Normalization: none | fit_scope=none
[2026-05-29 13:43:03]     Phase 1 (new): 2,170/16,010 params
[2026-05-29 13:43:05]     Result | best_epoch=18 | stop=68 | final_phase_epochs=68 | acc=0.6250 | bal_acc=0.6250 | pred_hist=[3, 5] | collapse=False
[2026-05-29 13:43:05]     spatial_conv=[4, 29] top_abs_channels=[('Pz', 0.15394352), ('O2', 0.14640474), ('CP3', 0.12978822), ('T3', 0.12403236), ('O1', 0.12338587), ('CP4', 0.12265062), ('Fp1', 0.12143821), ('P3', 0.11376028)]
[2026-05-29 13:43:05]     spatial_update=delta_l2=0.13112395 max_abs=0.03278395 relative=0.10986697 changed=True

[2026-05-29 13:43:05] Fold 2/5 | subject=21
[2026-05-29 13:43:05]     Train: 32 | counts=[16, 16]
[2026-05-29 13:43:05]     Test:  8 | counts=[4, 4]
[2026-05-29 13:43:05]     Model: SignalJEPA_PreLocal | Pretrained: from_pretrained | Strategy: new
[2026-05-29 13:43:05]     Normalization: none | fit_scope=none
[2026-05-29 13:43:05]     Phase 1 (new): 2,170/16,010 params
[2026-05-29 13:43:06]     Result | best_epoch=6 | stop=56 | final_phase_epochs=56 | acc=0.5000 | bal_acc=0.5000 | pred_hist=[0, 8] | collapse=True
[2026-05-29 13:43:06]     spatial_conv=[4, 29] top_abs_channels=[('Pz', 0.1546634), ('O2', 0.1415052), ('T3', 0.1289461), ('T4', 0.12281173), ('O1', 0.12253908), ('CP3', 0.12045328), ('C3', 0.11562584), ('Fp1', 0.11368971)]
[2026-05-29 13:43:06]     spatial_update=delta_l2=0.04720362 max_abs=0.01227398 relative=0.03955127 changed=True

[2026-05-29 13:43:06] Fold 3/5 | subject=21
[2026-05-29 13:43:06]     Train: 32 | counts=[16, 16]
[2026-05-29 13:43:06]     Test:  8 | counts=[4, 4]
[2026-05-29 13:43:06]     Model: SignalJEPA_PreLocal | Pretrained: from_pretrained | Strategy: new
[2026-05-29 13:43:06]     Normalization: none | fit_scope=none
[2026-05-29 13:43:06]     Phase 1 (new): 2,170/16,010 params
[2026-05-29 13:43:07]     Result | best_epoch=13 | stop=63 | final_phase_epochs=63 | acc=0.5000 | bal_acc=0.5000 | pred_hist=[4, 4] | collapse=False
[2026-05-29 13:43:07]     spatial_conv=[4, 29] top_abs_channels=[('Pz', 0.15231153), ('O2', 0.13795207), ('T3', 0.13139784), ('CP3', 0.12731497), ('O1', 0.12548593), ('CP4', 0.12144084), ('Fp1', 0.1201824), ('P3', 0.11547758)]
[2026-05-29 13:43:07]     spatial_update=delta_l2=0.10149335 max_abs=0.02721783 relative=0.08503990 changed=True

[2026-05-29 13:43:08] Fold 4/5 | subject=21
[2026-05-29 13:43:08]     Train: 32 | counts=[16, 16]
[2026-05-29 13:43:08]     Test:  8 | counts=[4, 4]
[2026-05-29 13:43:08]     Model: SignalJEPA_PreLocal | Pretrained: from_pretrained | Strategy: new
[2026-05-29 13:43:08]     Normalization: none | fit_scope=none
[2026-05-29 13:43:08]     Phase 1 (new): 2,170/16,010 params
[2026-05-29 13:43:09]     Result | best_epoch=6 | stop=56 | final_phase_epochs=56 | acc=0.6250 | bal_acc=0.6250 | pred_hist=[1, 7] | collapse=False
[2026-05-29 13:43:09]     spatial_conv=[4, 29] top_abs_channels=[('Pz', 0.15223445), ('O2', 0.14579123), ('T3', 0.12706488), ('CP3', 0.12472742), ('O1', 0.12141071), ('T4', 0.12105811), ('C3', 0.11646226), ('CP4', 0.11300217)]
[2026-05-29 13:43:09]     spatial_update=delta_l2=0.04366059 max_abs=0.00998028 relative=0.03658262 changed=True

[2026-05-29 13:43:09] Fold 5/5 | subject=21
[2026-05-29 13:43:09]     Train: 32 | counts=[16, 16]
[2026-05-29 13:43:09]     Test:  8 | counts=[4, 4]
[2026-05-29 13:43:09]     Model: SignalJEPA_PreLocal | Pretrained: from_pretrained | Strategy: new
[2026-05-29 13:43:09]     Normalization: none | fit_scope=none
[2026-05-29 13:43:09]     Phase 1 (new): 2,170/16,010 params
[2026-05-29 13:43:10]     Result | best_epoch=5 | stop=55 | final_phase_epochs=55 | acc=0.5000 | bal_acc=0.5000 | pred_hist=[0, 8] | collapse=True
[2026-05-29 13:43:10]     spatial_conv=[4, 29] top_abs_channels=[('Pz', 0.15295957), ('O2', 0.14514434), ('T3', 0.12703548), ('T4', 0.12284148), ('O1', 0.12239964), ('CP3', 0.12148584), ('C3', 0.11843074), ('Fp1', 0.11344311)]
[2026-05-29 13:43:10]     spatial_update=delta_l2=0.03931295 max_abs=0.00945617 relative=0.03293978 changed=True
[2026-05-29 13:43:10]   Subject 21: acc=0.5500±0.0612  bal_acc=0.5500±0.0612
[2026-05-29 13:43:10] \nSubject 22: 40 windows | class_counts=[20, 20]

[2026-05-29 13:43:11] Fold 1/5 | subject=22
[2026-05-29 13:43:11]     Train: 32 | counts=[16, 16]
[2026-05-29 13:43:11]     Test:  8 | counts=[4, 4]
[2026-05-29 13:43:11]     Model: SignalJEPA_PreLocal | Pretrained: from_pretrained | Strategy: new
[2026-05-29 13:43:11]     Normalization: none | fit_scope=none
[2026-05-29 13:43:11]     Phase 1 (new): 2,170/16,010 params
[2026-05-29 13:43:12]     Result | best_epoch=6 | stop=56 | final_phase_epochs=56 | acc=0.8750 | bal_acc=0.8750 | pred_hist=[3, 5] | collapse=False
[2026-05-29 13:43:12]     spatial_conv=[4, 29] top_abs_channels=[('Pz', 0.15197529), ('O2', 0.1479131), ('T3', 0.13042778), ('T4', 0.122819), ('CP3', 0.12248366), ('O1', 0.12209456), ('C3', 0.11469086), ('CP4', 0.10867814)]
[2026-05-29 13:43:12]     spatial_update=delta_l2=0.05549587 max_abs=0.01309616 relative=0.04649923 changed=True

[2026-05-29 13:43:12] Fold 2/5 | subject=22
[2026-05-29 13:43:12]     Train: 32 | counts=[16, 16]
[2026-05-29 13:43:12]     Test:  8 | counts=[4, 4]
[2026-05-29 13:43:12]     Model: SignalJEPA_PreLocal | Pretrained: from_pretrained | Strategy: new
[2026-05-29 13:43:12]     Normalization: none | fit_scope=none
[2026-05-29 13:43:12]     Phase 1 (new): 2,170/16,010 params
[2026-05-29 13:43:13]     Result | best_epoch=4 | stop=54 | final_phase_epochs=54 | acc=0.6250 | bal_acc=0.6250 | pred_hist=[1, 7] | collapse=False
[2026-05-29 13:43:13]     spatial_conv=[4, 29] top_abs_channels=[('Pz', 0.15271065), ('O2', 0.14673963), ('T3', 0.12905772), ('O1', 0.12335741), ('CP3', 0.12161973), ('T4', 0.11825444), ('C3', 0.11278178), ('Fp1', 0.11110914)]
[2026-05-29 13:43:13]     spatial_update=delta_l2=0.03954182 max_abs=0.00834809 relative=0.03313155 changed=True

[2026-05-29 13:43:13] Fold 3/5 | subject=22
[2026-05-29 13:43:13]     Train: 32 | counts=[16, 16]
[2026-05-29 13:43:13]     Test:  8 | counts=[4, 4]
[2026-05-29 13:43:13]     Model: SignalJEPA_PreLocal | Pretrained: from_pretrained | Strategy: new
[2026-05-29 13:43:13]     Normalization: none | fit_scope=none
[2026-05-29 13:43:13]     Phase 1 (new): 2,170/16,010 params
[2026-05-29 13:43:14]     Result | best_epoch=9 | stop=59 | final_phase_epochs=59 | acc=0.6250 | bal_acc=0.6250 | pred_hist=[1, 7] | collapse=False
[2026-05-29 13:43:14]     spatial_conv=[4, 29] top_abs_channels=[('Pz', 0.1498625), ('O2', 0.14851499), ('T3', 0.12971961), ('CP3', 0.12434827), ('T4', 0.12320963), ('O1', 0.11931302), ('C3', 0.11489263), ('Fp1', 0.11279445)]
[2026-05-29 13:43:14]     spatial_update=delta_l2=0.09483489 max_abs=0.02130039 relative=0.07946087 changed=True

[2026-05-29 13:43:15] Fold 4/5 | subject=22
[2026-05-29 13:43:15]     Train: 32 | counts=[16, 16]
[2026-05-29 13:43:15]     Test:  8 | counts=[4, 4]
[2026-05-29 13:43:15]     Model: SignalJEPA_PreLocal | Pretrained: from_pretrained | Strategy: new
[2026-05-29 13:43:15]     Normalization: none | fit_scope=none
[2026-05-29 13:43:15]     Phase 1 (new): 2,170/16,010 params
[2026-05-29 13:43:16]     Result | best_epoch=8 | stop=58 | final_phase_epochs=58 | acc=0.8750 | bal_acc=0.8750 | pred_hist=[3, 5] | collapse=False
[2026-05-29 13:43:16]     spatial_conv=[4, 29] top_abs_channels=[('Pz', 0.15091869), ('O2', 0.14445625), ('T3', 0.12967245), ('CP3', 0.12476108), ('O1', 0.12290018), ('T4', 0.12024842), ('C3', 0.11506148), ('Fp1', 0.11390553)]
[2026-05-29 13:43:16]     spatial_update=delta_l2=0.08292826 max_abs=0.01832929 relative=0.06948447 changed=True

[2026-05-29 13:43:16] Fold 5/5 | subject=22
[2026-05-29 13:43:16]     Train: 32 | counts=[16, 16]
[2026-05-29 13:43:16]     Test:  8 | counts=[4, 4]
[2026-05-29 13:43:16]     Model: SignalJEPA_PreLocal | Pretrained: from_pretrained | Strategy: new
[2026-05-29 13:43:16]     Normalization: none | fit_scope=none
[2026-05-29 13:43:16]     Phase 1 (new): 2,170/16,010 params
[2026-05-29 13:43:17]     Result | best_epoch=13 | stop=63 | final_phase_epochs=63 | acc=0.8750 | bal_acc=0.8750 | pred_hist=[3, 5] | collapse=False
[2026-05-29 13:43:17]     spatial_conv=[4, 29] top_abs_channels=[('Pz', 0.14712811), ('O2', 0.13998038), ('CP3', 0.12997839), ('T3', 0.12870643), ('O1', 0.12757988), ('T4', 0.11747538), ('C3', 0.1141049), ('Fp1', 0.11204481)]
[2026-05-29 13:43:17]     spatial_update=delta_l2=0.13596495 max_abs=0.02937553 relative=0.11392318 changed=True
[2026-05-29 13:43:17]   Subject 22: acc=0.7750±0.1225  bal_acc=0.7750±0.1225
[2026-05-29 13:43:17] \nSubject 23: 40 windows | class_counts=[20, 20]

[2026-05-29 13:43:18] Fold 1/5 | subject=23
[2026-05-29 13:43:18]     Train: 32 | counts=[16, 16]
[2026-05-29 13:43:18]     Test:  8 | counts=[4, 4]
[2026-05-29 13:43:18]     Model: SignalJEPA_PreLocal | Pretrained: from_pretrained | Strategy: new
[2026-05-29 13:43:18]     Normalization: none | fit_scope=none
[2026-05-29 13:43:18]     Phase 1 (new): 2,170/16,010 params
[2026-05-29 13:43:19]     Result | best_epoch=1 | stop=51 | final_phase_epochs=51 | acc=0.5000 | bal_acc=0.5000 | pred_hist=[0, 8] | collapse=True
[2026-05-29 13:43:19]     spatial_conv=[4, 29] top_abs_channels=[('Pz', 0.15384904), ('O2', 0.14384805), ('T3', 0.12667334), ('T4', 0.12292317), ('O1', 0.12128952), ('CP3', 0.12125359), ('C3', 0.11574325), ('CP4', 0.11039597)]
[2026-05-29 13:43:19]     spatial_update=delta_l2=0.01137490 max_abs=0.00217345 relative=0.00953087 changed=True

[2026-05-29 13:43:19] Fold 2/5 | subject=23
[2026-05-29 13:43:19]     Train: 32 | counts=[16, 16]
[2026-05-29 13:43:19]     Test:  8 | counts=[4, 4]
[2026-05-29 13:43:19]     Model: SignalJEPA_PreLocal | Pretrained: from_pretrained | Strategy: new
[2026-05-29 13:43:19]     Normalization: none | fit_scope=none
[2026-05-29 13:43:19]     Phase 1 (new): 2,170/16,010 params
[2026-05-29 13:43:20]     Result | best_epoch=1 | stop=51 | final_phase_epochs=51 | acc=0.5000 | bal_acc=0.5000 | pred_hist=[0, 8] | collapse=True
[2026-05-29 13:43:20]     spatial_conv=[4, 29] top_abs_channels=[('Pz', 0.15363091), ('O2', 0.14359286), ('T3', 0.12661317), ('O1', 0.12250049), ('T4', 0.12226915), ('CP3', 0.12096809), ('C3', 0.11613932), ('Fp1', 0.1102298)]
[2026-05-29 13:43:20]     spatial_update=delta_l2=0.01272401 max_abs=0.00222933 relative=0.01066127 changed=True

[2026-05-29 13:43:20] Fold 3/5 | subject=23
[2026-05-29 13:43:20]     Train: 32 | counts=[16, 16]
[2026-05-29 13:43:20]     Test:  8 | counts=[4, 4]
[2026-05-29 13:43:20]     Model: SignalJEPA_PreLocal | Pretrained: from_pretrained | Strategy: new
[2026-05-29 13:43:20]     Normalization: none | fit_scope=none
[2026-05-29 13:43:20]     Phase 1 (new): 2,170/16,010 params
[2026-05-29 13:43:21]     Result | best_epoch=1 | stop=51 | final_phase_epochs=51 | acc=0.5000 | bal_acc=0.5000 | pred_hist=[0, 8] | collapse=True
[2026-05-29 13:43:21]     spatial_conv=[4, 29] top_abs_channels=[('Pz', 0.15273145), ('O2', 0.14487714), ('T3', 0.12598628), ('T4', 0.12340669), ('O1', 0.12233973), ('CP3', 0.12156571), ('C3', 0.11479885), ('CP4', 0.11041507)]
[2026-05-29 13:43:21]     spatial_update=delta_l2=0.01240654 max_abs=0.00223027 relative=0.01039527 changed=True

[2026-05-29 13:43:22] Fold 4/5 | subject=23
[2026-05-29 13:43:22]     Train: 32 | counts=[16, 16]
[2026-05-29 13:43:22]     Test:  8 | counts=[4, 4]
[2026-05-29 13:43:22]     Model: SignalJEPA_PreLocal | Pretrained: from_pretrained | Strategy: new
[2026-05-29 13:43:22]     Normalization: none | fit_scope=none
[2026-05-29 13:43:22]     Phase 1 (new): 2,170/16,010 params
[2026-05-29 13:43:23]     Result | best_epoch=1 | stop=51 | final_phase_epochs=51 | acc=0.5000 | bal_acc=0.5000 | pred_hist=[0, 8] | collapse=True
[2026-05-29 13:43:23]     spatial_conv=[4, 29] top_abs_channels=[('Pz', 0.15314031), ('O2', 0.14398259), ('T3', 0.12643717), ('T4', 0.12267278), ('O1', 0.12161487), ('CP3', 0.12129526), ('C3', 0.11404365), ('CP4', 0.1104586)]
[2026-05-29 13:43:23]     spatial_update=delta_l2=0.01236709 max_abs=0.00217703 relative=0.01036222 changed=True

[2026-05-29 13:43:23] Fold 5/5 | subject=23
[2026-05-29 13:43:23]     Train: 32 | counts=[16, 16]
[2026-05-29 13:43:23]     Test:  8 | counts=[4, 4]
[2026-05-29 13:43:23]     Model: SignalJEPA_PreLocal | Pretrained: from_pretrained | Strategy: new
[2026-05-29 13:43:23]     Normalization: none | fit_scope=none
[2026-05-29 13:43:23]     Phase 1 (new): 2,170/16,010 params
[2026-05-29 13:43:25]     Result | best_epoch=57 | stop=107 | final_phase_epochs=107 | acc=0.5000 | bal_acc=0.5000 | pred_hist=[2, 6] | collapse=False
[2026-05-29 13:43:25]     spatial_conv=[4, 29] top_abs_channels=[('Pz', 0.16240728), ('Fz', 0.13300252), ('CP3', 0.13040884), ('T4', 0.12996662), ('O2', 0.12284802), ('O1', 0.1161515), ('CP4', 0.11243802), ('FT8', 0.11035596)]
[2026-05-29 13:43:25]     spatial_update=delta_l2=0.49770244 max_abs=0.11874266 relative=0.41701811 changed=True
[2026-05-29 13:43:25]   Subject 23: acc=0.5000±0.0000  bal_acc=0.5000±0.0000
[2026-05-29 13:43:25] \nSubject 24: 40 windows | class_counts=[20, 20]

[2026-05-29 13:43:25] Fold 1/5 | subject=24
[2026-05-29 13:43:25]     Train: 32 | counts=[16, 16]
[2026-05-29 13:43:25]     Test:  8 | counts=[4, 4]
[2026-05-29 13:43:25]     Model: SignalJEPA_PreLocal | Pretrained: from_pretrained | Strategy: new
[2026-05-29 13:43:25]     Normalization: none | fit_scope=none
[2026-05-29 13:43:25]     Phase 1 (new): 2,170/16,010 params
[2026-05-29 13:43:26]     Result | best_epoch=1 | stop=51 | final_phase_epochs=51 | acc=0.5000 | bal_acc=0.5000 | pred_hist=[0, 8] | collapse=True
[2026-05-29 13:43:26]     spatial_conv=[4, 29] top_abs_channels=[('Pz', 0.15204495), ('O2', 0.14423048), ('T3', 0.12525247), ('O1', 0.12181442), ('CP3', 0.12137318), ('T4', 0.12110405), ('C3', 0.11414558), ('CP4', 0.11173052)]
[2026-05-29 13:43:26]     spatial_update=delta_l2=0.01415192 max_abs=0.00225838 relative=0.01185770 changed=True

[2026-05-29 13:43:27] Fold 2/5 | subject=24
[2026-05-29 13:43:27]     Train: 32 | counts=[16, 16]
[2026-05-29 13:43:27]     Test:  8 | counts=[4, 4]
[2026-05-29 13:43:27]     Model: SignalJEPA_PreLocal | Pretrained: from_pretrained | Strategy: new
[2026-05-29 13:43:27]     Normalization: none | fit_scope=none
[2026-05-29 13:43:27]     Phase 1 (new): 2,170/16,010 params
[2026-05-29 13:43:28]     Result | best_epoch=32 | stop=82 | final_phase_epochs=82 | acc=0.5000 | bal_acc=0.5000 | pred_hist=[2, 6] | collapse=False
[2026-05-29 13:43:28]     spatial_conv=[4, 29] top_abs_channels=[('Pz', 0.15216228), ('O2', 0.1434346), ('CP3', 0.13598719), ('Fz', 0.1265803), ('O1', 0.11707347), ('T4', 0.11337639), ('P4', 0.112578), ('CP4', 0.11241401)]
[2026-05-29 13:43:28]     spatial_update=delta_l2=0.30509723 max_abs=0.06421830 relative=0.25563682 changed=True

[2026-05-29 13:43:28] Fold 3/5 | subject=24
[2026-05-29 13:43:28]     Train: 32 | counts=[16, 16]
[2026-05-29 13:43:28]     Test:  8 | counts=[4, 4]
[2026-05-29 13:43:28]     Model: SignalJEPA_PreLocal | Pretrained: from_pretrained | Strategy: new
[2026-05-29 13:43:28]     Normalization: none | fit_scope=none
[2026-05-29 13:43:28]     Phase 1 (new): 2,170/16,010 params
[2026-05-29 13:43:29]     Result | best_epoch=1 | stop=51 | final_phase_epochs=51 | acc=0.5000 | bal_acc=0.5000 | pred_hist=[0, 8] | collapse=True
[2026-05-29 13:43:29]     spatial_conv=[4, 29] top_abs_channels=[('Pz', 0.15394577), ('O2', 0.14384311), ('T3', 0.12599781), ('O1', 0.12268674), ('T4', 0.1217465), ('CP3', 0.12113915), ('C3', 0.1144332), ('CP4', 0.11136854)]
[2026-05-29 13:43:29]     spatial_update=delta_l2=0.01037574 max_abs=0.00225863 relative=0.00869369 changed=True

[2026-05-29 13:43:29] Fold 4/5 | subject=24
[2026-05-29 13:43:29]     Train: 32 | counts=[16, 16]
[2026-05-29 13:43:29]     Test:  8 | counts=[4, 4]
[2026-05-29 13:43:29]     Model: SignalJEPA_PreLocal | Pretrained: from_pretrained | Strategy: new
[2026-05-29 13:43:29]     Normalization: none | fit_scope=none
[2026-05-29 13:43:29]     Phase 1 (new): 2,170/16,010 params
[2026-05-29 13:43:31]     Result | best_epoch=21 | stop=71 | final_phase_epochs=71 | acc=0.3750 | bal_acc=0.3750 | pred_hist=[5, 3] | collapse=False
[2026-05-29 13:43:31]     spatial_conv=[4, 29] top_abs_channels=[('O2', 0.14577401), ('Pz', 0.14428936), ('CP3', 0.13834524), ('T3', 0.11719674), ('O1', 0.11379178), ('T4', 0.11085485), ('P4', 0.11032657), ('CP4', 0.10933148)]
[2026-05-29 13:43:31]     spatial_update=delta_l2=0.14916821 max_abs=0.03872921 relative=0.12498601 changed=True

[2026-05-29 13:43:31] Fold 5/5 | subject=24
[2026-05-29 13:43:31]     Train: 32 | counts=[16, 16]
[2026-05-29 13:43:31]     Test:  8 | counts=[4, 4]
[2026-05-29 13:43:31]     Model: SignalJEPA_PreLocal | Pretrained: from_pretrained | Strategy: new
[2026-05-29 13:43:31]     Normalization: none | fit_scope=none
[2026-05-29 13:43:31]     Phase 1 (new): 2,170/16,010 params
[2026-05-29 13:43:32]     Result | best_epoch=24 | stop=74 | final_phase_epochs=74 | acc=0.3750 | bal_acc=0.3750 | pred_hist=[1, 7] | collapse=False
[2026-05-29 13:43:32]     spatial_conv=[4, 29] top_abs_channels=[('Pz', 0.15327919), ('O2', 0.14060269), ('CP3', 0.13043697), ('CP4', 0.12301893), ('C3', 0.11822207), ('T3', 0.11540187), ('O1', 0.11380065), ('Fz', 0.11211652)]
[2026-05-29 13:43:32]     spatial_update=delta_l2=0.21592299 max_abs=0.04782248 relative=0.18091894 changed=True
[2026-05-29 13:43:32]   Subject 24: acc=0.4500±0.0612  bal_acc=0.4500±0.0612
[2026-05-29 13:43:32] \nSubject 25: 40 windows | class_counts=[20, 20]

[2026-05-29 13:43:33] Fold 1/5 | subject=25
[2026-05-29 13:43:33]     Train: 32 | counts=[16, 16]
[2026-05-29 13:43:33]     Test:  8 | counts=[4, 4]
[2026-05-29 13:43:33]     Model: SignalJEPA_PreLocal | Pretrained: from_pretrained | Strategy: new
[2026-05-29 13:43:33]     Normalization: none | fit_scope=none
[2026-05-29 13:43:33]     Phase 1 (new): 2,170/16,010 params
[2026-05-29 13:43:34]     Result | best_epoch=5 | stop=55 | final_phase_epochs=55 | acc=0.2500 | bal_acc=0.2500 | pred_hist=[6, 2] | collapse=False
[2026-05-29 13:43:34]     spatial_conv=[4, 29] top_abs_channels=[('Pz', 0.15489478), ('O2', 0.14268756), ('T3', 0.12739472), ('O1', 0.12575054), ('T4', 0.12448901), ('CP3', 0.12054291), ('CP4', 0.11349237), ('C3', 0.1124824)]
[2026-05-29 13:43:34]     spatial_update=delta_l2=0.05603166 max_abs=0.00959523 relative=0.04694817 changed=True

[2026-05-29 13:43:34] Fold 2/5 | subject=25
[2026-05-29 13:43:34]     Train: 32 | counts=[16, 16]
[2026-05-29 13:43:34]     Test:  8 | counts=[4, 4]
[2026-05-29 13:43:34]     Model: SignalJEPA_PreLocal | Pretrained: from_pretrained | Strategy: new
[2026-05-29 13:43:34]     Normalization: none | fit_scope=none
[2026-05-29 13:43:34]     Phase 1 (new): 2,170/16,010 params
[2026-05-29 13:43:35]     Result | best_epoch=1 | stop=51 | final_phase_epochs=51 | acc=0.5000 | bal_acc=0.5000 | pred_hist=[0, 8] | collapse=True
[2026-05-29 13:43:35]     spatial_conv=[4, 29] top_abs_channels=[('Pz', 0.15389124), ('O2', 0.14412966), ('T3', 0.1259117), ('T4', 0.12212821), ('O1', 0.12174135), ('CP3', 0.12054098), ('C3', 0.11489957), ('CP4', 0.11153997)]
[2026-05-29 13:43:35]     spatial_update=delta_l2=0.01139674 max_abs=0.00233557 relative=0.00954917 changed=True

[2026-05-29 13:43:35] Fold 3/5 | subject=25
[2026-05-29 13:43:35]     Train: 32 | counts=[16, 16]
[2026-05-29 13:43:35]     Test:  8 | counts=[4, 4]
[2026-05-29 13:43:35]     Model: SignalJEPA_PreLocal | Pretrained: from_pretrained | Strategy: new
[2026-05-29 13:43:35]     Normalization: none | fit_scope=none
[2026-05-29 13:43:35]     Phase 1 (new): 2,170/16,010 params
[2026-05-29 13:43:36]     Result | best_epoch=4 | stop=54 | final_phase_epochs=54 | acc=0.5000 | bal_acc=0.5000 | pred_hist=[2, 6] | collapse=False
[2026-05-29 13:43:36]     spatial_conv=[4, 29] top_abs_channels=[('Pz', 0.15549715), ('O2', 0.14361361), ('T3', 0.12508599), ('T4', 0.12413627), ('O1', 0.12245288), ('CP3', 0.1192866), ('C3', 0.11309919), ('CP4', 0.11288253)]
[2026-05-29 13:43:36]     spatial_update=delta_l2=0.04148961 max_abs=0.00757406 relative=0.03476358 changed=True

[2026-05-29 13:43:37] Fold 4/5 | subject=25
[2026-05-29 13:43:37]     Train: 32 | counts=[16, 16]
[2026-05-29 13:43:37]     Test:  8 | counts=[4, 4]
[2026-05-29 13:43:37]     Model: SignalJEPA_PreLocal | Pretrained: from_pretrained | Strategy: new
[2026-05-29 13:43:37]     Normalization: none | fit_scope=none
[2026-05-29 13:43:37]     Phase 1 (new): 2,170/16,010 params
[2026-05-29 13:43:38]     Result | best_epoch=3 | stop=53 | final_phase_epochs=53 | acc=0.3750 | bal_acc=0.3750 | pred_hist=[1, 7] | collapse=False
[2026-05-29 13:43:38]     spatial_conv=[4, 29] top_abs_channels=[('Pz', 0.15485132), ('O2', 0.14259641), ('T3', 0.12745617), ('O1', 0.12442885), ('T4', 0.12354342), ('CP3', 0.12070873), ('C3', 0.1134038), ('CP4', 0.11147077)]
[2026-05-29 13:43:38]     spatial_update=delta_l2=0.03673473 max_abs=0.00633658 relative=0.03077953 changed=True

[2026-05-29 13:43:38] Fold 5/5 | subject=25
[2026-05-29 13:43:38]     Train: 32 | counts=[16, 16]
[2026-05-29 13:43:38]     Test:  8 | counts=[4, 4]
[2026-05-29 13:43:38]     Model: SignalJEPA_PreLocal | Pretrained: from_pretrained | Strategy: new
[2026-05-29 13:43:38]     Normalization: none | fit_scope=none
[2026-05-29 13:43:38]     Phase 1 (new): 2,170/16,010 params
[2026-05-29 13:43:39]     Result | best_epoch=9 | stop=59 | final_phase_epochs=59 | acc=0.3750 | bal_acc=0.3750 | pred_hist=[3, 5] | collapse=False
[2026-05-29 13:43:39]     spatial_conv=[4, 29] top_abs_channels=[('Pz', 0.15755069), ('O2', 0.14044896), ('T3', 0.12587118), ('O1', 0.12517741), ('T4', 0.12391102), ('CP3', 0.12254465), ('CP4', 0.11715854), ('Fp1', 0.11332371)]
[2026-05-29 13:43:39]     spatial_update=delta_l2=0.08179658 max_abs=0.01680049 relative=0.06853624 changed=True
[2026-05-29 13:43:39]   Subject 25: acc=0.4000±0.0935  bal_acc=0.4000±0.0935
[2026-05-29 13:43:39] \nSubject 26: 40 windows | class_counts=[20, 20]

[2026-05-29 13:43:40] Fold 1/5 | subject=26
[2026-05-29 13:43:40]     Train: 32 | counts=[16, 16]
[2026-05-29 13:43:40]     Test:  8 | counts=[4, 4]
[2026-05-29 13:43:40]     Model: SignalJEPA_PreLocal | Pretrained: from_pretrained | Strategy: new
[2026-05-29 13:43:40]     Normalization: none | fit_scope=none
[2026-05-29 13:43:40]     Phase 1 (new): 2,170/16,010 params
[2026-05-29 13:43:41]     Result | best_epoch=10 | stop=60 | final_phase_epochs=60 | acc=0.5000 | bal_acc=0.5000 | pred_hist=[2, 6] | collapse=False
[2026-05-29 13:43:41]     spatial_conv=[4, 29] top_abs_channels=[('Pz', 0.15169498), ('O2', 0.14554748), ('CP3', 0.13248341), ('T4', 0.12414883), ('T3', 0.12271), ('C3', 0.12065719), ('O1', 0.12065414), ('CP4', 0.11109828)]
[2026-05-29 13:43:41]     spatial_update=delta_l2=0.08195775 max_abs=0.01740257 relative=0.06867129 changed=True

[2026-05-29 13:43:41] Fold 2/5 | subject=26
[2026-05-29 13:43:41]     Train: 32 | counts=[16, 16]
[2026-05-29 13:43:41]     Test:  8 | counts=[4, 4]
[2026-05-29 13:43:41]     Model: SignalJEPA_PreLocal | Pretrained: from_pretrained | Strategy: new
[2026-05-29 13:43:41]     Normalization: none | fit_scope=none
[2026-05-29 13:43:41]     Phase 1 (new): 2,170/16,010 params
[2026-05-29 13:43:42]     Result | best_epoch=11 | stop=61 | final_phase_epochs=61 | acc=0.6250 | bal_acc=0.6250 | pred_hist=[1, 7] | collapse=False
[2026-05-29 13:43:42]     spatial_conv=[4, 29] top_abs_channels=[('Pz', 0.15215129), ('O2', 0.14373243), ('CP3', 0.12774998), ('T3', 0.12419941), ('T4', 0.12243295), ('O1', 0.12041648), ('C3', 0.11952426), ('P4', 0.11158899)]
[2026-05-29 13:43:42]     spatial_update=delta_l2=0.09862370 max_abs=0.02077746 relative=0.08263546 changed=True

[2026-05-29 13:43:43] Fold 3/5 | subject=26
[2026-05-29 13:43:43]     Train: 32 | counts=[16, 16]
[2026-05-29 13:43:43]     Test:  8 | counts=[4, 4]
[2026-05-29 13:43:43]     Model: SignalJEPA_PreLocal | Pretrained: from_pretrained | Strategy: new
[2026-05-29 13:43:43]     Normalization: none | fit_scope=none
[2026-05-29 13:43:43]     Phase 1 (new): 2,170/16,010 params
[2026-05-29 13:43:44]     Result | best_epoch=1 | stop=51 | final_phase_epochs=51 | acc=0.5000 | bal_acc=0.5000 | pred_hist=[0, 8] | collapse=True
[2026-05-29 13:43:44]     spatial_conv=[4, 29] top_abs_channels=[('Pz', 0.15345132), ('O2', 0.14352456), ('T3', 0.12769152), ('O1', 0.12227144), ('T4', 0.12197955), ('CP3', 0.12106121), ('C3', 0.11612365), ('CP4', 0.11104445)]
[2026-05-29 13:43:44]     spatial_update=delta_l2=0.01106993 max_abs=0.00213775 relative=0.00927535 changed=True

[2026-05-29 13:43:44] Fold 4/5 | subject=26
[2026-05-29 13:43:44]     Train: 32 | counts=[16, 16]
[2026-05-29 13:43:44]     Test:  8 | counts=[4, 4]
[2026-05-29 13:43:44]     Model: SignalJEPA_PreLocal | Pretrained: from_pretrained | Strategy: new
[2026-05-29 13:43:44]     Normalization: none | fit_scope=none
[2026-05-29 13:43:44]     Phase 1 (new): 2,170/16,010 params
[2026-05-29 13:43:45]     Result | best_epoch=1 | stop=51 | final_phase_epochs=51 | acc=0.5000 | bal_acc=0.5000 | pred_hist=[0, 8] | collapse=True
[2026-05-29 13:43:45]     spatial_conv=[4, 29] top_abs_channels=[('Pz', 0.15298772), ('O2', 0.14457816), ('T3', 0.12669249), ('T4', 0.12198161), ('CP3', 0.12128793), ('O1', 0.12127262), ('C3', 0.115714), ('CP4', 0.1103712)]
[2026-05-29 13:43:45]     spatial_update=delta_l2=0.01048274 max_abs=0.00195923 relative=0.00878335 changed=True

[2026-05-29 13:43:45] Fold 5/5 | subject=26
[2026-05-29 13:43:45]     Train: 32 | counts=[16, 16]
[2026-05-29 13:43:45]     Test:  8 | counts=[4, 4]
[2026-05-29 13:43:45]     Model: SignalJEPA_PreLocal | Pretrained: from_pretrained | Strategy: new
[2026-05-29 13:43:45]     Normalization: none | fit_scope=none
[2026-05-29 13:43:45]     Phase 1 (new): 2,170/16,010 params
[2026-05-29 13:43:46]     Result | best_epoch=1 | stop=51 | final_phase_epochs=51 | acc=0.5000 | bal_acc=0.5000 | pred_hist=[0, 8] | collapse=True
[2026-05-29 13:43:46]     spatial_conv=[4, 29] top_abs_channels=[('Pz', 0.15234897), ('O2', 0.14417607), ('T3', 0.12608561), ('T4', 0.12283763), ('CP3', 0.12186443), ('O1', 0.12181959), ('C3', 0.11573724), ('CP4', 0.11025275)]
[2026-05-29 13:43:46]     spatial_update=delta_l2=0.01280927 max_abs=0.00200017 relative=0.01073271 changed=True
[2026-05-29 13:43:46]   Subject 26: acc=0.5250±0.0500  bal_acc=0.5250±0.0500
[2026-05-29 13:43:46] \nSubject 27: 40 windows | class_counts=[20, 20]

[2026-05-29 13:43:47] Fold 1/5 | subject=27
[2026-05-29 13:43:47]     Train: 32 | counts=[16, 16]
[2026-05-29 13:43:47]     Test:  8 | counts=[4, 4]
[2026-05-29 13:43:47]     Model: SignalJEPA_PreLocal | Pretrained: from_pretrained | Strategy: new
[2026-05-29 13:43:47]     Normalization: none | fit_scope=none
[2026-05-29 13:43:47]     Phase 1 (new): 2,170/16,010 params
[2026-05-29 13:43:47]     Result | best_epoch=1 | stop=51 | final_phase_epochs=51 | acc=0.5000 | bal_acc=0.5000 | pred_hist=[0, 8] | collapse=True
[2026-05-29 13:43:47]     spatial_conv=[4, 29] top_abs_channels=[('Pz', 0.15370938), ('O2', 0.14462978), ('T3', 0.12721536), ('T4', 0.12250218), ('O1', 0.1222717), ('CP3', 0.12099801), ('C3', 0.11554188), ('CP4', 0.11189049)]
[2026-05-29 13:43:47]     spatial_update=delta_l2=0.01191826 max_abs=0.00231433 relative=0.00998615 changed=True

[2026-05-29 13:43:48] Fold 2/5 | subject=27
[2026-05-29 13:43:48]     Train: 32 | counts=[16, 16]
[2026-05-29 13:43:48]     Test:  8 | counts=[4, 4]
[2026-05-29 13:43:48]     Model: SignalJEPA_PreLocal | Pretrained: from_pretrained | Strategy: new
[2026-05-29 13:43:48]     Normalization: none | fit_scope=none
[2026-05-29 13:43:48]     Phase 1 (new): 2,170/16,010 params
[2026-05-29 13:43:49]     Result | best_epoch=1 | stop=51 | final_phase_epochs=51 | acc=0.6250 | bal_acc=0.6250 | pred_hist=[1, 7] | collapse=False
[2026-05-29 13:43:49]     spatial_conv=[4, 29] top_abs_channels=[('Pz', 0.15348504), ('O2', 0.14452283), ('T3', 0.12657085), ('O1', 0.12202898), ('T4', 0.12178862), ('CP3', 0.12113012), ('C3', 0.11582394), ('CP4', 0.11121462)]
[2026-05-29 13:43:49]     spatial_update=delta_l2=0.01166639 max_abs=0.00211452 relative=0.00977511 changed=True

[2026-05-29 13:43:49] Fold 3/5 | subject=27
[2026-05-29 13:43:49]     Train: 32 | counts=[16, 16]
[2026-05-29 13:43:49]     Test:  8 | counts=[4, 4]
[2026-05-29 13:43:49]     Model: SignalJEPA_PreLocal | Pretrained: from_pretrained | Strategy: new
[2026-05-29 13:43:49]     Normalization: none | fit_scope=none
[2026-05-29 13:43:49]     Phase 1 (new): 2,170/16,010 params
[2026-05-29 13:43:50]     Result | best_epoch=2 | stop=52 | final_phase_epochs=52 | acc=0.5000 | bal_acc=0.5000 | pred_hist=[0, 8] | collapse=True
[2026-05-29 13:43:50]     spatial_conv=[4, 29] top_abs_channels=[('Pz', 0.15249082), ('O2', 0.14505088), ('T3', 0.12733789), ('O1', 0.12283291), ('CP3', 0.12161829), ('T4', 0.12149581), ('C3', 0.11556529), ('CP4', 0.11117765)]
[2026-05-29 13:43:50]     spatial_update=delta_l2=0.02013251 max_abs=0.00376448 relative=0.01686876 changed=True

[2026-05-29 13:43:51] Fold 4/5 | subject=27
[2026-05-29 13:43:51]     Train: 32 | counts=[16, 16]
[2026-05-29 13:43:51]     Test:  8 | counts=[4, 4]
[2026-05-29 13:43:51]     Model: SignalJEPA_PreLocal | Pretrained: from_pretrained | Strategy: new
[2026-05-29 13:43:51]     Normalization: none | fit_scope=none
[2026-05-29 13:43:51]     Phase 1 (new): 2,170/16,010 params
[2026-05-29 13:43:51]     Result | best_epoch=4 | stop=54 | final_phase_epochs=54 | acc=0.6250 | bal_acc=0.6250 | pred_hist=[3, 5] | collapse=False
[2026-05-29 13:43:51]     spatial_conv=[4, 29] top_abs_channels=[('Pz', 0.15289441), ('O2', 0.14619608), ('T3', 0.12659681), ('O1', 0.12505662), ('CP3', 0.12166534), ('T4', 0.12151285), ('C3', 0.11550581), ('CP4', 0.11154375)]
[2026-05-29 13:43:51]     spatial_update=delta_l2=0.03385502 max_abs=0.00789003 relative=0.02836666 changed=True

[2026-05-29 13:43:52] Fold 5/5 | subject=27
[2026-05-29 13:43:52]     Train: 32 | counts=[16, 16]
[2026-05-29 13:43:52]     Test:  8 | counts=[4, 4]
[2026-05-29 13:43:52]     Model: SignalJEPA_PreLocal | Pretrained: from_pretrained | Strategy: new
[2026-05-29 13:43:52]     Normalization: none | fit_scope=none
[2026-05-29 13:43:52]     Phase 1 (new): 2,170/16,010 params
[2026-05-29 13:43:53]     Result | best_epoch=1 | stop=51 | final_phase_epochs=51 | acc=0.5000 | bal_acc=0.5000 | pred_hist=[0, 8] | collapse=True
[2026-05-29 13:43:53]     spatial_conv=[4, 29] top_abs_channels=[('Pz', 0.15311566), ('O2', 0.14381453), ('T3', 0.12686917), ('O1', 0.12220944), ('T4', 0.12151643), ('CP3', 0.12081531), ('C3', 0.11536308), ('CP4', 0.110636)]
[2026-05-29 13:43:53]     spatial_update=delta_l2=0.01115308 max_abs=0.00207394 relative=0.00934502 changed=True
[2026-05-29 13:43:53]   Subject 27: acc=0.5500±0.0612  bal_acc=0.5500±0.0612
[2026-05-29 13:43:53] \nSubject 28: 40 windows | class_counts=[20, 20]

[2026-05-29 13:43:53] Fold 1/5 | subject=28
[2026-05-29 13:43:53]     Train: 32 | counts=[16, 16]
[2026-05-29 13:43:53]     Test:  8 | counts=[4, 4]
[2026-05-29 13:43:53]     Model: SignalJEPA_PreLocal | Pretrained: from_pretrained | Strategy: new
[2026-05-29 13:43:53]     Normalization: none | fit_scope=none
[2026-05-29 13:43:53]     Phase 1 (new): 2,170/16,010 params
[2026-05-29 13:43:54]     Result | best_epoch=1 | stop=51 | final_phase_epochs=51 | acc=0.5000 | bal_acc=0.5000 | pred_hist=[0, 8] | collapse=True
[2026-05-29 13:43:54]     spatial_conv=[4, 29] top_abs_channels=[('Pz', 0.15310821), ('O2', 0.14385489), ('T3', 0.12725435), ('T4', 0.12297025), ('O1', 0.12221949), ('CP3', 0.12079899), ('C3', 0.11476857), ('CP4', 0.11107082)]
[2026-05-29 13:43:54]     spatial_update=delta_l2=0.01234090 max_abs=0.00219886 relative=0.01034027 changed=True

[2026-05-29 13:43:55] Fold 2/5 | subject=28
[2026-05-29 13:43:55]     Train: 32 | counts=[16, 16]
[2026-05-29 13:43:55]     Test:  8 | counts=[4, 4]
[2026-05-29 13:43:55]     Model: SignalJEPA_PreLocal | Pretrained: from_pretrained | Strategy: new
[2026-05-29 13:43:55]     Normalization: none | fit_scope=none
[2026-05-29 13:43:55]     Phase 1 (new): 2,170/16,010 params
[2026-05-29 13:43:55]     Result | best_epoch=7 | stop=57 | final_phase_epochs=57 | acc=0.6250 | bal_acc=0.6250 | pred_hist=[3, 5] | collapse=False
[2026-05-29 13:43:55]     spatial_conv=[4, 29] top_abs_channels=[('Pz', 0.15021721), ('O2', 0.14569084), ('T3', 0.12919705), ('CP3', 0.12515029), ('T4', 0.12505935), ('O1', 0.1205727), ('Fp1', 0.11328215), ('C3', 0.11255199)]
[2026-05-29 13:43:55]     spatial_update=delta_l2=0.06855335 max_abs=0.01390399 relative=0.05743992 changed=True

[2026-05-29 13:43:56] Fold 3/5 | subject=28
[2026-05-29 13:43:56]     Train: 32 | counts=[16, 16]
[2026-05-29 13:43:56]     Test:  8 | counts=[4, 4]
[2026-05-29 13:43:56]     Model: SignalJEPA_PreLocal | Pretrained: from_pretrained | Strategy: new
[2026-05-29 13:43:56]     Normalization: none | fit_scope=none
[2026-05-29 13:43:56]     Phase 1 (new): 2,170/16,010 params
[2026-05-29 13:43:57]     Result | best_epoch=1 | stop=51 | final_phase_epochs=51 | acc=0.5000 | bal_acc=0.5000 | pred_hist=[0, 8] | collapse=True
[2026-05-29 13:43:57]     spatial_conv=[4, 29] top_abs_channels=[('Pz', 0.15246212), ('O2', 0.14422238), ('T3', 0.12690569), ('T4', 0.12236579), ('O1', 0.12208292), ('CP3', 0.1215829), ('C3', 0.11444823), ('Fp1', 0.1100143)]
[2026-05-29 13:43:57]     spatial_update=delta_l2=0.01319790 max_abs=0.00203880 relative=0.01105834 changed=True

[2026-05-29 13:43:57] Fold 4/5 | subject=28
[2026-05-29 13:43:57]     Train: 32 | counts=[16, 16]
[2026-05-29 13:43:57]     Test:  8 | counts=[4, 4]
[2026-05-29 13:43:57]     Model: SignalJEPA_PreLocal | Pretrained: from_pretrained | Strategy: new
[2026-05-29 13:43:57]     Normalization: none | fit_scope=none
[2026-05-29 13:43:57]     Phase 1 (new): 2,170/16,010 params
[2026-05-29 13:43:58]     Result | best_epoch=16 | stop=66 | final_phase_epochs=66 | acc=0.7500 | bal_acc=0.7500 | pred_hist=[4, 4] | collapse=False
[2026-05-29 13:43:58]     spatial_conv=[4, 29] top_abs_channels=[('O2', 0.15230148), ('Pz', 0.14812431), ('T3', 0.13559367), ('T4', 0.13478047), ('CP3', 0.12176412), ('O1', 0.11735374), ('P3', 0.11495095), ('Fp1', 0.11347273)]
[2026-05-29 13:43:58]     spatial_update=delta_l2=0.15709892 max_abs=0.02856087 relative=0.13163105 changed=True

[2026-05-29 13:43:59] Fold 5/5 | subject=28
[2026-05-29 13:43:59]     Train: 32 | counts=[16, 16]
[2026-05-29 13:43:59]     Test:  8 | counts=[4, 4]
[2026-05-29 13:43:59]     Model: SignalJEPA_PreLocal | Pretrained: from_pretrained | Strategy: new
[2026-05-29 13:43:59]     Normalization: none | fit_scope=none
[2026-05-29 13:43:59]     Phase 1 (new): 2,170/16,010 params
[2026-05-29 13:43:59]     Result | best_epoch=1 | stop=51 | final_phase_epochs=51 | acc=0.5000 | bal_acc=0.5000 | pred_hist=[0, 8] | collapse=True
[2026-05-29 13:43:59]     spatial_conv=[4, 29] top_abs_channels=[('Pz', 0.1529046), ('O2', 0.14405152), ('T3', 0.12716222), ('T4', 0.12327299), ('O1', 0.12195693), ('CP3', 0.12080027), ('C3', 0.11488371), ('Fp1', 0.11104273)]
[2026-05-29 13:43:59]     spatial_update=delta_l2=0.01207476 max_abs=0.00222695 relative=0.01011728 changed=True
[2026-05-29 13:43:59]   Subject 28: acc=0.5750±0.1000  bal_acc=0.5750±0.1000
[2026-05-29 13:43:59] \nSubject 29: 40 windows | class_counts=[20, 20]

[2026-05-29 13:44:00] Fold 1/5 | subject=29
[2026-05-29 13:44:00]     Train: 32 | counts=[16, 16]
[2026-05-29 13:44:00]     Test:  8 | counts=[4, 4]
[2026-05-29 13:44:00]     Model: SignalJEPA_PreLocal | Pretrained: from_pretrained | Strategy: new
[2026-05-29 13:44:00]     Normalization: none | fit_scope=none
[2026-05-29 13:44:00]     Phase 1 (new): 2,170/16,010 params
[2026-05-29 13:44:01]     Result | best_epoch=1 | stop=51 | final_phase_epochs=51 | acc=0.5000 | bal_acc=0.5000 | pred_hist=[0, 8] | collapse=True
[2026-05-29 13:44:01]     spatial_conv=[4, 29] top_abs_channels=[('Pz', 0.15297343), ('O2', 0.14516798), ('T3', 0.12577216), ('CP3', 0.12180051), ('T4', 0.12122372), ('O1', 0.12044532), ('C3', 0.11520916), ('CP4', 0.11186071)]
[2026-05-29 13:44:01]     spatial_update=delta_l2=0.01351527 max_abs=0.00229858 relative=0.01132426 changed=True

[2026-05-29 13:44:01] Fold 2/5 | subject=29
[2026-05-29 13:44:01]     Train: 32 | counts=[16, 16]
[2026-05-29 13:44:01]     Test:  8 | counts=[4, 4]
[2026-05-29 13:44:01]     Model: SignalJEPA_PreLocal | Pretrained: from_pretrained | Strategy: new
[2026-05-29 13:44:01]     Normalization: none | fit_scope=none
[2026-05-29 13:44:01]     Phase 1 (new): 2,170/16,010 params
[2026-05-29 13:44:02]     Result | best_epoch=1 | stop=51 | final_phase_epochs=51 | acc=0.5000 | bal_acc=0.5000 | pred_hist=[0, 8] | collapse=True
[2026-05-29 13:44:02]     spatial_conv=[4, 29] top_abs_channels=[('Pz', 0.15277304), ('O2', 0.14555079), ('T3', 0.12630516), ('CP3', 0.1219292), ('O1', 0.1211484), ('T4', 0.12104733), ('C3', 0.11515997), ('CP4', 0.11129765)]
[2026-05-29 13:44:02]     spatial_update=delta_l2=0.01352608 max_abs=0.00217410 relative=0.01133332 changed=True

[2026-05-29 13:44:03] Fold 3/5 | subject=29
[2026-05-29 13:44:03]     Train: 32 | counts=[16, 16]
[2026-05-29 13:44:03]     Test:  8 | counts=[4, 4]
[2026-05-29 13:44:03]     Model: SignalJEPA_PreLocal | Pretrained: from_pretrained | Strategy: new
[2026-05-29 13:44:03]     Normalization: none | fit_scope=none
[2026-05-29 13:44:03]     Phase 1 (new): 2,170/16,010 params
[2026-05-29 13:44:04]     Result | best_epoch=1 | stop=51 | final_phase_epochs=51 | acc=0.5000 | bal_acc=0.5000 | pred_hist=[0, 8] | collapse=True
[2026-05-29 13:44:04]     spatial_conv=[4, 29] top_abs_channels=[('Pz', 0.15223008), ('O2', 0.14567839), ('T3', 0.12648362), ('CP3', 0.12250294), ('T4', 0.12129669), ('O1', 0.12078997), ('C3', 0.1154522), ('CP4', 0.1111287)]
[2026-05-29 13:44:04]     spatial_update=delta_l2=0.01536933 max_abs=0.00236752 relative=0.01287776 changed=True

[2026-05-29 13:44:04] Fold 4/5 | subject=29
[2026-05-29 13:44:04]     Train: 32 | counts=[16, 16]
[2026-05-29 13:44:04]     Test:  8 | counts=[4, 4]
[2026-05-29 13:44:04]     Model: SignalJEPA_PreLocal | Pretrained: from_pretrained | Strategy: new
[2026-05-29 13:44:04]     Normalization: none | fit_scope=none
[2026-05-29 13:44:04]     Phase 1 (new): 2,170/16,010 params
[2026-05-29 13:44:05]     Result | best_epoch=1 | stop=51 | final_phase_epochs=51 | acc=0.5000 | bal_acc=0.5000 | pred_hist=[0, 8] | collapse=True
[2026-05-29 13:44:05]     spatial_conv=[4, 29] top_abs_channels=[('Pz', 0.15242077), ('O2', 0.14503367), ('T3', 0.12647574), ('CP3', 0.12232212), ('O1', 0.12067199), ('T4', 0.12046099), ('C3', 0.11515272), ('CP4', 0.11181191)]
[2026-05-29 13:44:05]     spatial_update=delta_l2=0.01360689 max_abs=0.00230274 relative=0.01140103 changed=True

[2026-05-29 13:44:05] Fold 5/5 | subject=29
[2026-05-29 13:44:05]     Train: 32 | counts=[16, 16]
[2026-05-29 13:44:05]     Test:  8 | counts=[4, 4]
[2026-05-29 13:44:05]     Model: SignalJEPA_PreLocal | Pretrained: from_pretrained | Strategy: new
[2026-05-29 13:44:05]     Normalization: none | fit_scope=none
[2026-05-29 13:44:05]     Phase 1 (new): 2,170/16,010 params
[2026-05-29 13:44:07]     Result | best_epoch=19 | stop=69 | final_phase_epochs=69 | acc=0.2500 | bal_acc=0.2500 | pred_hist=[2, 6] | collapse=False
[2026-05-29 13:44:07]     spatial_conv=[4, 29] top_abs_channels=[('O2', 0.15327303), ('Pz', 0.14889206), ('CP3', 0.12365569), ('T4', 0.12036771), ('T3', 0.11947825), ('CP4', 0.11855635), ('P3', 0.11723718), ('T5', 0.10928847)]
[2026-05-29 13:44:07]     spatial_update=delta_l2=0.16812795 max_abs=0.03568466 relative=0.14087212 changed=True
[2026-05-29 13:44:07]   Subject 29: acc=0.4500±0.1000  bal_acc=0.4500±0.1000
[2026-05-29 13:44:07] \nSubject 30: 40 windows | class_counts=[20, 20]

[2026-05-29 13:44:07] Fold 1/5 | subject=30
[2026-05-29 13:44:07]     Train: 32 | counts=[16, 16]
[2026-05-29 13:44:07]     Test:  8 | counts=[4, 4]
[2026-05-29 13:44:07]     Model: SignalJEPA_PreLocal | Pretrained: from_pretrained | Strategy: new
[2026-05-29 13:44:07]     Normalization: none | fit_scope=none
[2026-05-29 13:44:07]     Phase 1 (new): 2,170/16,010 params
[2026-05-29 13:44:08]     Result | best_epoch=1 | stop=51 | final_phase_epochs=51 | acc=0.5000 | bal_acc=0.5000 | pred_hist=[0, 8] | collapse=True
[2026-05-29 13:44:08]     spatial_conv=[4, 29] top_abs_channels=[('Pz', 0.15358579), ('O2', 0.1446791), ('T3', 0.12665285), ('T4', 0.12194142), ('O1', 0.1219219), ('CP3', 0.12110373), ('C3', 0.11575492), ('CP4', 0.11191552)]
[2026-05-29 13:44:08]     spatial_update=delta_l2=0.01055275 max_abs=0.00215065 relative=0.00884201 changed=True

[2026-05-29 13:44:09] Fold 2/5 | subject=30
[2026-05-29 13:44:09]     Train: 32 | counts=[16, 16]
[2026-05-29 13:44:09]     Test:  8 | counts=[4, 4]
[2026-05-29 13:44:09]     Model: SignalJEPA_PreLocal | Pretrained: from_pretrained | Strategy: new
[2026-05-29 13:44:09]     Normalization: none | fit_scope=none
[2026-05-29 13:44:09]     Phase 1 (new): 2,170/16,010 params
[2026-05-29 13:44:10]     Result | best_epoch=28 | stop=78 | final_phase_epochs=78 | acc=0.6250 | bal_acc=0.6250 | pred_hist=[3, 5] | collapse=False
[2026-05-29 13:44:10]     spatial_conv=[4, 29] top_abs_channels=[('O2', 0.15985602), ('CP3', 0.12608777), ('Pz', 0.12380563), ('C3', 0.12209382), ('O1', 0.11981273), ('T3', 0.11816932), ('T4', 0.11775021), ('P4', 0.11651725)]
[2026-05-29 13:44:10]     spatial_update=delta_l2=0.25579774 max_abs=0.06648070 relative=0.21432945 changed=True

[2026-05-29 13:44:10] Fold 3/5 | subject=30
[2026-05-29 13:44:10]     Train: 32 | counts=[16, 16]
[2026-05-29 13:44:10]     Test:  8 | counts=[4, 4]
[2026-05-29 13:44:10]     Model: SignalJEPA_PreLocal | Pretrained: from_pretrained | Strategy: new
[2026-05-29 13:44:10]     Normalization: none | fit_scope=none
[2026-05-29 13:44:10]     Phase 1 (new): 2,170/16,010 params
[2026-05-29 13:44:11]     Result | best_epoch=11 | stop=61 | final_phase_epochs=61 | acc=0.5000 | bal_acc=0.5000 | pred_hist=[2, 6] | collapse=False
[2026-05-29 13:44:11]     spatial_conv=[4, 29] top_abs_channels=[('O2', 0.14909507), ('Pz', 0.1442588), ('T3', 0.12822463), ('CP3', 0.12170778), ('C3', 0.12006992), ('O1', 0.1196907), ('T4', 0.11315951), ('CP4', 0.11312221)]
[2026-05-29 13:44:11]     spatial_update=delta_l2=0.11074402 max_abs=0.02888432 relative=0.09279091 changed=True

[2026-05-29 13:44:12] Fold 4/5 | subject=30
[2026-05-29 13:44:12]     Train: 32 | counts=[16, 16]
[2026-05-29 13:44:12]     Test:  8 | counts=[4, 4]
[2026-05-29 13:44:12]     Model: SignalJEPA_PreLocal | Pretrained: from_pretrained | Strategy: new
[2026-05-29 13:44:12]     Normalization: none | fit_scope=none
[2026-05-29 13:44:12]     Phase 1 (new): 2,170/16,010 params
[2026-05-29 13:44:13]     Result | best_epoch=12 | stop=62 | final_phase_epochs=62 | acc=0.3750 | bal_acc=0.3750 | pred_hist=[3, 5] | collapse=False
[2026-05-29 13:44:13]     spatial_conv=[4, 29] top_abs_channels=[('O2', 0.15199643), ('Pz', 0.14217168), ('T3', 0.1273303), ('CP3', 0.12657446), ('O1', 0.12007752), ('T4', 0.11566801), ('C3', 0.11361957), ('Fp1', 0.1106275)]
[2026-05-29 13:44:13]     spatial_update=delta_l2=0.11916223 max_abs=0.02788114 relative=0.09984441 changed=True

[2026-05-29 13:44:14] Fold 5/5 | subject=30
[2026-05-29 13:44:14]     Train: 32 | counts=[16, 16]
[2026-05-29 13:44:14]     Test:  8 | counts=[4, 4]
[2026-05-29 13:44:14]     Model: SignalJEPA_PreLocal | Pretrained: from_pretrained | Strategy: new
[2026-05-29 13:44:14]     Normalization: none | fit_scope=none
[2026-05-29 13:44:14]     Phase 1 (new): 2,170/16,010 params
[2026-05-29 13:44:15]     Result | best_epoch=10 | stop=60 | final_phase_epochs=60 | acc=0.6250 | bal_acc=0.6250 | pred_hist=[3, 5] | collapse=False
[2026-05-29 13:44:15]     spatial_conv=[4, 29] top_abs_channels=[('Pz', 0.14894783), ('O2', 0.14466582), ('T3', 0.12693132), ('O1', 0.12514186), ('T4', 0.12363114), ('CP3', 0.12107709), ('C3', 0.11110023), ('CP4', 0.11060622)]
[2026-05-29 13:44:15]     spatial_update=delta_l2=0.09719488 max_abs=0.01939537 relative=0.08143827 changed=True
[2026-05-29 13:44:15]   Subject 30: acc=0.5250±0.0935  bal_acc=0.5250±0.0935
[2026-05-29 13:44:15] \nSubject 31: 40 windows | class_counts=[20, 20]

[2026-05-29 13:44:15] Fold 1/5 | subject=31
[2026-05-29 13:44:15]     Train: 32 | counts=[16, 16]
[2026-05-29 13:44:15]     Test:  8 | counts=[4, 4]
[2026-05-29 13:44:15]     Model: SignalJEPA_PreLocal | Pretrained: from_pretrained | Strategy: new
[2026-05-29 13:44:15]     Normalization: none | fit_scope=none
[2026-05-29 13:44:15]     Phase 1 (new): 2,170/16,010 params
[2026-05-29 13:44:16]     Result | best_epoch=8 | stop=58 | final_phase_epochs=58 | acc=0.3750 | bal_acc=0.3750 | pred_hist=[1, 7] | collapse=False
[2026-05-29 13:44:16]     spatial_conv=[4, 29] top_abs_channels=[('Pz', 0.15652707), ('O2', 0.14165676), ('T3', 0.13002525), ('CP3', 0.12239066), ('T4', 0.12147136), ('O1', 0.12134059), ('C3', 0.115334), ('CP4', 0.11275346)]
[2026-05-29 13:44:16]     spatial_update=delta_l2=0.06161050 max_abs=0.01336949 relative=0.05162260 changed=True

[2026-05-29 13:44:16] Fold 2/5 | subject=31
[2026-05-29 13:44:16]     Train: 32 | counts=[16, 16]
[2026-05-29 13:44:16]     Test:  8 | counts=[4, 4]
[2026-05-29 13:44:16]     Model: SignalJEPA_PreLocal | Pretrained: from_pretrained | Strategy: new
[2026-05-29 13:44:16]     Normalization: none | fit_scope=none
[2026-05-29 13:44:16]     Phase 1 (new): 2,170/16,010 params
[2026-05-29 13:44:17]     Result | best_epoch=11 | stop=61 | final_phase_epochs=61 | acc=0.6250 | bal_acc=0.6250 | pred_hist=[3, 5] | collapse=False
[2026-05-29 13:44:17]     spatial_conv=[4, 29] top_abs_channels=[('Pz', 0.15187752), ('O2', 0.14915495), ('T3', 0.12878408), ('O1', 0.12450823), ('T4', 0.11997243), ('CP3', 0.11628202), ('C3', 0.11529499), ('Fp1', 0.11209239)]
[2026-05-29 13:44:17]     spatial_update=delta_l2=0.08231080 max_abs=0.01848769 relative=0.06896710 changed=True

[2026-05-29 13:44:18] Fold 3/5 | subject=31
[2026-05-29 13:44:18]     Train: 32 | counts=[16, 16]
[2026-05-29 13:44:18]     Test:  8 | counts=[4, 4]
[2026-05-29 13:44:18]     Model: SignalJEPA_PreLocal | Pretrained: from_pretrained | Strategy: new
[2026-05-29 13:44:18]     Normalization: none | fit_scope=none
[2026-05-29 13:44:18]     Phase 1 (new): 2,170/16,010 params
[2026-05-29 13:44:19]     Result | best_epoch=1 | stop=51 | final_phase_epochs=51 | acc=0.5000 | bal_acc=0.5000 | pred_hist=[0, 8] | collapse=True
[2026-05-29 13:44:19]     spatial_conv=[4, 29] top_abs_channels=[('Pz', 0.15396635), ('O2', 0.14337549), ('T3', 0.12716189), ('T4', 0.12256081), ('O1', 0.12210659), ('CP3', 0.12114725), ('C3', 0.11451806), ('CP4', 0.11108118)]
[2026-05-29 13:44:19]     spatial_update=delta_l2=0.01358076 max_abs=0.00220967 relative=0.01137914 changed=True

[2026-05-29 13:44:19] Fold 4/5 | subject=31
[2026-05-29 13:44:19]     Train: 32 | counts=[16, 16]
[2026-05-29 13:44:19]     Test:  8 | counts=[4, 4]
[2026-05-29 13:44:19]     Model: SignalJEPA_PreLocal | Pretrained: from_pretrained | Strategy: new
[2026-05-29 13:44:19]     Normalization: none | fit_scope=none
[2026-05-29 13:44:19]     Phase 1 (new): 2,170/16,010 params
[2026-05-29 13:44:21]     Result | best_epoch=28 | stop=78 | final_phase_epochs=78 | acc=0.5000 | bal_acc=0.5000 | pred_hist=[4, 4] | collapse=False
[2026-05-29 13:44:21]     spatial_conv=[4, 29] top_abs_channels=[('O2', 0.15208387), ('Pz', 0.1458317), ('CP3', 0.1282873), ('T3', 0.11949136), ('O1', 0.1162594), ('Fz', 0.11520269), ('Fp1', 0.11250566), ('P3', 0.11241601)]
[2026-05-29 13:44:21]     spatial_update=delta_l2=0.21022537 max_abs=0.05701120 relative=0.17614498 changed=True

[2026-05-29 13:44:21] Fold 5/5 | subject=31
[2026-05-29 13:44:21]     Train: 32 | counts=[16, 16]
[2026-05-29 13:44:21]     Test:  8 | counts=[4, 4]
[2026-05-29 13:44:21]     Model: SignalJEPA_PreLocal | Pretrained: from_pretrained | Strategy: new
[2026-05-29 13:44:21]     Normalization: none | fit_scope=none
[2026-05-29 13:44:21]     Phase 1 (new): 2,170/16,010 params
[2026-05-29 13:44:22]     Result | best_epoch=1 | stop=51 | final_phase_epochs=51 | acc=0.5000 | bal_acc=0.5000 | pred_hist=[0, 8] | collapse=True
[2026-05-29 13:44:22]     spatial_conv=[4, 29] top_abs_channels=[('Pz', 0.15338372), ('O2', 0.14431615), ('T3', 0.12677069), ('O1', 0.12210359), ('T4', 0.12171916), ('CP3', 0.12117228), ('C3', 0.11494167), ('CP4', 0.11113556)]
[2026-05-29 13:44:22]     spatial_update=delta_l2=0.01002835 max_abs=0.00213760 relative=0.00840262 changed=True
[2026-05-29 13:44:22]   Subject 31: acc=0.5000±0.0791  bal_acc=0.5000±0.0791
[2026-05-29 13:44:22] \nSubject 32: 40 windows | class_counts=[20, 20]

[2026-05-29 13:44:22] Fold 1/5 | subject=32
[2026-05-29 13:44:22]     Train: 32 | counts=[16, 16]
[2026-05-29 13:44:22]     Test:  8 | counts=[4, 4]
[2026-05-29 13:44:22]     Model: SignalJEPA_PreLocal | Pretrained: from_pretrained | Strategy: new
[2026-05-29 13:44:22]     Normalization: none | fit_scope=none
[2026-05-29 13:44:22]     Phase 1 (new): 2,170/16,010 params
[2026-05-29 13:44:23]     Result | best_epoch=6 | stop=56 | final_phase_epochs=56 | acc=0.3750 | bal_acc=0.3750 | pred_hist=[1, 7] | collapse=False
[2026-05-29 13:44:23]     spatial_conv=[4, 29] top_abs_channels=[('Pz', 0.15133461), ('O2', 0.14548978), ('T3', 0.12483618), ('CP3', 0.1238777), ('T4', 0.12234305), ('O1', 0.1214021), ('C3', 0.11399887), ('Fp1', 0.10918833)]
[2026-05-29 13:44:23]     spatial_update=delta_l2=0.06318697 max_abs=0.01226943 relative=0.05294350 changed=True

[2026-05-29 13:44:24] Fold 2/5 | subject=32
[2026-05-29 13:44:24]     Train: 32 | counts=[16, 16]
[2026-05-29 13:44:24]     Test:  8 | counts=[4, 4]
[2026-05-29 13:44:24]     Model: SignalJEPA_PreLocal | Pretrained: from_pretrained | Strategy: new
[2026-05-29 13:44:24]     Normalization: none | fit_scope=none
[2026-05-29 13:44:24]     Phase 1 (new): 2,170/16,010 params
[2026-05-29 13:44:25]     Result | best_epoch=23 | stop=73 | final_phase_epochs=73 | acc=0.6250 | bal_acc=0.6250 | pred_hist=[3, 5] | collapse=False
[2026-05-29 13:44:25]     spatial_conv=[4, 29] top_abs_channels=[('Pz', 0.15762544), ('O2', 0.14240044), ('T4', 0.13445121), ('CP3', 0.12624021), ('Fp1', 0.11370256), ('P4', 0.11338504), ('O1', 0.1119265), ('Fz', 0.10662057)]
[2026-05-29 13:44:25]     spatial_update=delta_l2=0.21587944 max_abs=0.04767226 relative=0.18088245 changed=True

[2026-05-29 13:44:25] Fold 3/5 | subject=32
[2026-05-29 13:44:25]     Train: 32 | counts=[16, 16]
[2026-05-29 13:44:25]     Test:  8 | counts=[4, 4]
[2026-05-29 13:44:25]     Model: SignalJEPA_PreLocal | Pretrained: from_pretrained | Strategy: new
[2026-05-29 13:44:25]     Normalization: none | fit_scope=none
[2026-05-29 13:44:25]     Phase 1 (new): 2,170/16,010 params
[2026-05-29 13:44:27]     Result | best_epoch=12 | stop=62 | final_phase_epochs=62 | acc=0.2500 | bal_acc=0.2500 | pred_hist=[2, 6] | collapse=False
[2026-05-29 13:44:27]     spatial_conv=[4, 29] top_abs_channels=[('Pz', 0.1509842), ('O2', 0.15046465), ('T4', 0.12648505), ('O1', 0.12179407), ('T3', 0.12080848), ('CP3', 0.11904924), ('C3', 0.11779618), ('CP4', 0.10958273)]
[2026-05-29 13:44:27]     spatial_update=delta_l2=0.11670544 max_abs=0.02120907 relative=0.09778590 changed=True

[2026-05-29 13:44:27] Fold 4/5 | subject=32
[2026-05-29 13:44:27]     Train: 32 | counts=[16, 16]
[2026-05-29 13:44:27]     Test:  8 | counts=[4, 4]
[2026-05-29 13:44:27]     Model: SignalJEPA_PreLocal | Pretrained: from_pretrained | Strategy: new
[2026-05-29 13:44:27]     Normalization: none | fit_scope=none
[2026-05-29 13:44:27]     Phase 1 (new): 2,170/16,010 params
[2026-05-29 13:44:28]     Result | best_epoch=1 | stop=51 | final_phase_epochs=51 | acc=0.3750 | bal_acc=0.3750 | pred_hist=[1, 7] | collapse=False
[2026-05-29 13:44:28]     spatial_conv=[4, 29] top_abs_channels=[('Pz', 0.15271689), ('O2', 0.14454335), ('T3', 0.12576805), ('T4', 0.12250368), ('O1', 0.12207067), ('CP3', 0.12085018), ('C3', 0.11457121), ('CP4', 0.11094189)]
[2026-05-29 13:44:28]     spatial_update=delta_l2=0.01115825 max_abs=0.00218001 relative=0.00934934 changed=True

[2026-05-29 13:44:28] Fold 5/5 | subject=32
[2026-05-29 13:44:28]     Train: 32 | counts=[16, 16]
[2026-05-29 13:44:28]     Test:  8 | counts=[4, 4]
[2026-05-29 13:44:28]     Model: SignalJEPA_PreLocal | Pretrained: from_pretrained | Strategy: new
[2026-05-29 13:44:28]     Normalization: none | fit_scope=none
[2026-05-29 13:44:28]     Phase 1 (new): 2,170/16,010 params
[2026-05-29 13:44:29]     Result | best_epoch=12 | stop=62 | final_phase_epochs=62 | acc=0.3750 | bal_acc=0.3750 | pred_hist=[3, 5] | collapse=False
[2026-05-29 13:44:29]     spatial_conv=[4, 29] top_abs_channels=[('Pz', 0.15641417), ('O2', 0.1483755), ('T4', 0.12731463), ('O1', 0.12246305), ('T3', 0.12015153), ('Fp1', 0.11817697), ('CP3', 0.11745876), ('CP4', 0.11120304)]
[2026-05-29 13:44:29]     spatial_update=delta_l2=0.10487109 max_abs=0.02443616 relative=0.08787006 changed=True
[2026-05-29 13:44:29]   Subject 32: acc=0.4000±0.1225  bal_acc=0.4000±0.1225
[2026-05-29 13:44:29] \nSubject 33: 40 windows | class_counts=[20, 20]

[2026-05-29 13:44:30] Fold 1/5 | subject=33
[2026-05-29 13:44:30]     Train: 32 | counts=[16, 16]
[2026-05-29 13:44:30]     Test:  8 | counts=[4, 4]
[2026-05-29 13:44:30]     Model: SignalJEPA_PreLocal | Pretrained: from_pretrained | Strategy: new
[2026-05-29 13:44:30]     Normalization: none | fit_scope=none
[2026-05-29 13:44:30]     Phase 1 (new): 2,170/16,010 params
[2026-05-29 13:44:31]     Result | best_epoch=1 | stop=51 | final_phase_epochs=51 | acc=0.5000 | bal_acc=0.5000 | pred_hist=[0, 8] | collapse=True
[2026-05-29 13:44:31]     spatial_conv=[4, 29] top_abs_channels=[('Pz', 0.1530897), ('O2', 0.14378203), ('T3', 0.12748672), ('O1', 0.12276997), ('T4', 0.1221557), ('CP3', 0.12121584), ('C3', 0.11553355), ('CP4', 0.11025998)]
[2026-05-29 13:44:31]     spatial_update=delta_l2=0.01131133 max_abs=0.00225413 relative=0.00947761 changed=True

[2026-05-29 13:44:31] Fold 2/5 | subject=33
[2026-05-29 13:44:31]     Train: 32 | counts=[16, 16]
[2026-05-29 13:44:31]     Test:  8 | counts=[4, 4]
[2026-05-29 13:44:31]     Model: SignalJEPA_PreLocal | Pretrained: from_pretrained | Strategy: new
[2026-05-29 13:44:31]     Normalization: none | fit_scope=none
[2026-05-29 13:44:31]     Phase 1 (new): 2,170/16,010 params
[2026-05-29 13:44:32]     Result | best_epoch=1 | stop=51 | final_phase_epochs=51 | acc=0.5000 | bal_acc=0.5000 | pred_hist=[0, 8] | collapse=True
[2026-05-29 13:44:32]     spatial_conv=[4, 29] top_abs_channels=[('Pz', 0.15344438), ('O2', 0.14395757), ('T3', 0.12728584), ('O1', 0.12257124), ('T4', 0.12215754), ('CP3', 0.12160717), ('C3', 0.11454714), ('CP4', 0.11056441)]
[2026-05-29 13:44:32]     spatial_update=delta_l2=0.01201263 max_abs=0.00220808 relative=0.01006522 changed=True

[2026-05-29 13:44:33] Fold 3/5 | subject=33
[2026-05-29 13:44:33]     Train: 32 | counts=[16, 16]
[2026-05-29 13:44:33]     Test:  8 | counts=[4, 4]
[2026-05-29 13:44:33]     Model: SignalJEPA_PreLocal | Pretrained: from_pretrained | Strategy: new
[2026-05-29 13:44:33]     Normalization: none | fit_scope=none
[2026-05-29 13:44:33]     Phase 1 (new): 2,170/16,010 params
[2026-05-29 13:44:34]     Result | best_epoch=5 | stop=55 | final_phase_epochs=55 | acc=0.5000 | bal_acc=0.5000 | pred_hist=[2, 6] | collapse=False
[2026-05-29 13:44:34]     spatial_conv=[4, 29] top_abs_channels=[('Pz', 0.15540528), ('O2', 0.14179231), ('T3', 0.12666199), ('O1', 0.12377721), ('CP3', 0.12270526), ('T4', 0.12262523), ('C3', 0.11508756), ('CP4', 0.11327484)]
[2026-05-29 13:44:34]     spatial_update=delta_l2=0.03933044 max_abs=0.00765805 relative=0.03295444 changed=True

[2026-05-29 13:44:34] Fold 4/5 | subject=33
[2026-05-29 13:44:34]     Train: 32 | counts=[16, 16]
[2026-05-29 13:44:34]     Test:  8 | counts=[4, 4]
[2026-05-29 13:44:34]     Model: SignalJEPA_PreLocal | Pretrained: from_pretrained | Strategy: new
[2026-05-29 13:44:34]     Normalization: none | fit_scope=none
[2026-05-29 13:44:34]     Phase 1 (new): 2,170/16,010 params
[2026-05-29 13:44:35]     Result | best_epoch=1 | stop=51 | final_phase_epochs=51 | acc=0.5000 | bal_acc=0.5000 | pred_hist=[0, 8] | collapse=True
[2026-05-29 13:44:35]     spatial_conv=[4, 29] top_abs_channels=[('Pz', 0.15336409), ('O2', 0.14399537), ('T3', 0.12734723), ('O1', 0.12242775), ('T4', 0.12187186), ('CP3', 0.12067147), ('C3', 0.11570504), ('CP4', 0.11146431)]
[2026-05-29 13:44:35]     spatial_update=delta_l2=0.01139803 max_abs=0.00206871 relative=0.00955025 changed=True

[2026-05-29 13:44:35] Fold 5/5 | subject=33
[2026-05-29 13:44:35]     Train: 32 | counts=[16, 16]
[2026-05-29 13:44:35]     Test:  8 | counts=[4, 4]
[2026-05-29 13:44:35]     Model: SignalJEPA_PreLocal | Pretrained: from_pretrained | Strategy: new
[2026-05-29 13:44:35]     Normalization: none | fit_scope=none
[2026-05-29 13:44:35]     Phase 1 (new): 2,170/16,010 params
[2026-05-29 13:44:36]     Result | best_epoch=4 | stop=54 | final_phase_epochs=54 | acc=0.5000 | bal_acc=0.5000 | pred_hist=[0, 8] | collapse=True
[2026-05-29 13:44:36]     spatial_conv=[4, 29] top_abs_channels=[('Pz', 0.15758139), ('O2', 0.14303851), ('T3', 0.12820566), ('O1', 0.1230158), ('T4', 0.12094705), ('CP3', 0.11974402), ('C3', 0.1152043), ('CP4', 0.11057708)]
[2026-05-29 13:44:36]     spatial_update=delta_l2=0.03845556 max_abs=0.00792681 relative=0.03222139 changed=True
[2026-05-29 13:44:36]   Subject 33: acc=0.5000±0.0000  bal_acc=0.5000±0.0000
[2026-05-29 13:44:36] \nSubject 34: 40 windows | class_counts=[20, 20]

[2026-05-29 13:44:37] Fold 1/5 | subject=34
[2026-05-29 13:44:37]     Train: 32 | counts=[16, 16]
[2026-05-29 13:44:37]     Test:  8 | counts=[4, 4]
[2026-05-29 13:44:37]     Model: SignalJEPA_PreLocal | Pretrained: from_pretrained | Strategy: new
[2026-05-29 13:44:37]     Normalization: none | fit_scope=none
[2026-05-29 13:44:37]     Phase 1 (new): 2,170/16,010 params
[2026-05-29 13:44:38]     Result | best_epoch=8 | stop=58 | final_phase_epochs=58 | acc=0.8750 | bal_acc=0.8750 | pred_hist=[3, 5] | collapse=False
[2026-05-29 13:44:38]     spatial_conv=[4, 29] top_abs_channels=[('Pz', 0.15566671), ('O2', 0.14156638), ('O1', 0.13091846), ('T3', 0.1287746), ('T4', 0.12637363), ('C3', 0.12002586), ('CP4', 0.11527216), ('CP3', 0.11349586)]
[2026-05-29 13:44:38]     spatial_update=delta_l2=0.07788884 max_abs=0.01628301 relative=0.06526200 changed=True

[2026-05-29 13:44:38] Fold 2/5 | subject=34
[2026-05-29 13:44:38]     Train: 32 | counts=[16, 16]
[2026-05-29 13:44:38]     Test:  8 | counts=[4, 4]
[2026-05-29 13:44:38]     Model: SignalJEPA_PreLocal | Pretrained: from_pretrained | Strategy: new
[2026-05-29 13:44:38]     Normalization: none | fit_scope=none
[2026-05-29 13:44:38]     Phase 1 (new): 2,170/16,010 params
[2026-05-29 13:44:39]     Result | best_epoch=22 | stop=72 | final_phase_epochs=72 | acc=0.7500 | bal_acc=0.7500 | pred_hist=[4, 4] | collapse=False
[2026-05-29 13:44:39]     spatial_conv=[4, 29] top_abs_channels=[('O2', 0.15808769), ('Pz', 0.1574032), ('T4', 0.12955984), ('O1', 0.1278158), ('T3', 0.12422975), ('C3', 0.11590289), ('CP4', 0.11451526), ('CP3', 0.11313414)]
[2026-05-29 13:44:39]     spatial_update=delta_l2=0.19072088 max_abs=0.04453098 relative=0.15980243 changed=True

[2026-05-29 13:44:40] Fold 3/5 | subject=34
[2026-05-29 13:44:40]     Train: 32 | counts=[16, 16]
[2026-05-29 13:44:40]     Test:  8 | counts=[4, 4]
[2026-05-29 13:44:40]     Model: SignalJEPA_PreLocal | Pretrained: from_pretrained | Strategy: new
[2026-05-29 13:44:40]     Normalization: none | fit_scope=none
[2026-05-29 13:44:40]     Phase 1 (new): 2,170/16,010 params
[2026-05-29 13:44:41]     Result | best_epoch=2 | stop=52 | final_phase_epochs=52 | acc=0.5000 | bal_acc=0.5000 | pred_hist=[0, 8] | collapse=True
[2026-05-29 13:44:41]     spatial_conv=[4, 29] top_abs_channels=[('Pz', 0.15443167), ('O2', 0.14194028), ('T3', 0.12675504), ('O1', 0.12406301), ('T4', 0.12196892), ('CP3', 0.11971204), ('C3', 0.11608504), ('CP4', 0.1114342)]
[2026-05-29 13:44:41]     spatial_update=delta_l2=0.02339697 max_abs=0.00440434 relative=0.01960400 changed=True

[2026-05-29 13:44:41] Fold 4/5 | subject=34
[2026-05-29 13:44:41]     Train: 32 | counts=[16, 16]
[2026-05-29 13:44:41]     Test:  8 | counts=[4, 4]
[2026-05-29 13:44:41]     Model: SignalJEPA_PreLocal | Pretrained: from_pretrained | Strategy: new
[2026-05-29 13:44:41]     Normalization: none | fit_scope=none
[2026-05-29 13:44:41]     Phase 1 (new): 2,170/16,010 params
[2026-05-29 13:44:42]     Result | best_epoch=2 | stop=52 | final_phase_epochs=52 | acc=0.5000 | bal_acc=0.5000 | pred_hist=[0, 8] | collapse=True
[2026-05-29 13:44:42]     spatial_conv=[4, 29] top_abs_channels=[('Pz', 0.15362868), ('O2', 0.14193752), ('T3', 0.12568209), ('O1', 0.12437832), ('T4', 0.12196624), ('CP3', 0.1193939), ('C3', 0.11664172), ('CP4', 0.11141877)]
[2026-05-29 13:44:42]     spatial_update=delta_l2=0.02418806 max_abs=0.00429279 relative=0.02026685 changed=True

[2026-05-29 13:44:42] Fold 5/5 | subject=34
[2026-05-29 13:44:42]     Train: 32 | counts=[16, 16]
[2026-05-29 13:44:42]     Test:  8 | counts=[4, 4]
[2026-05-29 13:44:42]     Model: SignalJEPA_PreLocal | Pretrained: from_pretrained | Strategy: new
[2026-05-29 13:44:42]     Normalization: none | fit_scope=none
[2026-05-29 13:44:42]     Phase 1 (new): 2,170/16,010 params
[2026-05-29 13:44:43]     Result | best_epoch=2 | stop=52 | final_phase_epochs=52 | acc=0.5000 | bal_acc=0.5000 | pred_hist=[0, 8] | collapse=True
[2026-05-29 13:44:43]     spatial_conv=[4, 29] top_abs_channels=[('Pz', 0.15474825), ('O2', 0.1427277), ('T3', 0.12583631), ('O1', 0.12468556), ('T4', 0.12239579), ('CP3', 0.11878341), ('C3', 0.11634159), ('CP4', 0.11146451)]
[2026-05-29 13:44:43]     spatial_update=delta_l2=0.02516494 max_abs=0.00417412 relative=0.02108536 changed=True
[2026-05-29 13:44:43]   Subject 34: acc=0.6250±0.1581  bal_acc=0.6250±0.1581
[2026-05-29 13:44:43] \nSubject 35: 40 windows | class_counts=[20, 20]

[2026-05-29 13:44:44] Fold 1/5 | subject=35
[2026-05-29 13:44:44]     Train: 32 | counts=[16, 16]
[2026-05-29 13:44:44]     Test:  8 | counts=[4, 4]
[2026-05-29 13:44:44]     Model: SignalJEPA_PreLocal | Pretrained: from_pretrained | Strategy: new
[2026-05-29 13:44:44]     Normalization: none | fit_scope=none
[2026-05-29 13:44:44]     Phase 1 (new): 2,170/16,010 params
[2026-05-29 13:44:45]     Result | best_epoch=4 | stop=54 | final_phase_epochs=54 | acc=0.5000 | bal_acc=0.5000 | pred_hist=[0, 8] | collapse=True
[2026-05-29 13:44:45]     spatial_conv=[4, 29] top_abs_channels=[('Pz', 0.15514567), ('O2', 0.13990127), ('T3', 0.1280874), ('O1', 0.12230513), ('T4', 0.12178649), ('C3', 0.11608584), ('CP3', 0.11563906), ('CP4', 0.11101764)]
[2026-05-29 13:44:45]     spatial_update=delta_l2=0.03625706 max_abs=0.00690822 relative=0.03037930 changed=True

[2026-05-29 13:44:45] Fold 2/5 | subject=35
[2026-05-29 13:44:45]     Train: 32 | counts=[16, 16]
[2026-05-29 13:44:45]     Test:  8 | counts=[4, 4]
[2026-05-29 13:44:45]     Model: SignalJEPA_PreLocal | Pretrained: from_pretrained | Strategy: new
[2026-05-29 13:44:45]     Normalization: none | fit_scope=none
[2026-05-29 13:44:45]     Phase 1 (new): 2,170/16,010 params
[2026-05-29 13:44:47]     Result | best_epoch=43 | stop=93 | final_phase_epochs=93 | acc=0.7500 | bal_acc=0.7500 | pred_hist=[4, 4] | collapse=False
[2026-05-29 13:44:47]     spatial_conv=[4, 29] top_abs_channels=[('Pz', 0.17140624), ('T3', 0.13288467), ('CP4', 0.1310021), ('O2', 0.12991644), ('Fz', 0.11913524), ('F4', 0.1179284), ('O1', 0.11780067), ('P3', 0.11634859)]
[2026-05-29 13:44:47]     spatial_update=delta_l2=0.29041610 max_abs=0.07629164 relative=0.24333570 changed=True

[2026-05-29 13:44:47] Fold 3/5 | subject=35
[2026-05-29 13:44:47]     Train: 32 | counts=[16, 16]
[2026-05-29 13:44:47]     Test:  8 | counts=[4, 4]
[2026-05-29 13:44:47]     Model: SignalJEPA_PreLocal | Pretrained: from_pretrained | Strategy: new
[2026-05-29 13:44:47]     Normalization: none | fit_scope=none
[2026-05-29 13:44:47]     Phase 1 (new): 2,170/16,010 params
[2026-05-29 13:44:48]     Result | best_epoch=23 | stop=73 | final_phase_epochs=73 | acc=0.6250 | bal_acc=0.6250 | pred_hist=[3, 5] | collapse=False
[2026-05-29 13:44:48]     spatial_conv=[4, 29] top_abs_channels=[('Pz', 0.15700136), ('O2', 0.13871798), ('P3', 0.1336696), ('T4', 0.11910728), ('T3', 0.11750612), ('CP4', 0.11168136), ('CP3', 0.11139554), ('Fz', 0.10840492)]
[2026-05-29 13:44:48]     spatial_update=delta_l2=0.17580484 max_abs=0.04297082 relative=0.14730449 changed=True

[2026-05-29 13:44:49] Fold 4/5 | subject=35
[2026-05-29 13:44:49]     Train: 32 | counts=[16, 16]
[2026-05-29 13:44:49]     Test:  8 | counts=[4, 4]
[2026-05-29 13:44:49]     Model: SignalJEPA_PreLocal | Pretrained: from_pretrained | Strategy: new
[2026-05-29 13:44:49]     Normalization: none | fit_scope=none
[2026-05-29 13:44:49]     Phase 1 (new): 2,170/16,010 params
[2026-05-29 13:44:49]     Result | best_epoch=1 | stop=51 | final_phase_epochs=51 | acc=0.5000 | bal_acc=0.5000 | pred_hist=[0, 8] | collapse=True
[2026-05-29 13:44:49]     spatial_conv=[4, 29] top_abs_channels=[('Pz', 0.15319006), ('O2', 0.14341077), ('T3', 0.12683459), ('O1', 0.12277864), ('T4', 0.12155834), ('CP3', 0.12038074), ('C3', 0.11552915), ('CP4', 0.11098593)]
[2026-05-29 13:44:49]     spatial_update=delta_l2=0.01076305 max_abs=0.00218193 relative=0.00901821 changed=True

[2026-05-29 13:44:50] Fold 5/5 | subject=35
[2026-05-29 13:44:50]     Train: 32 | counts=[16, 16]
[2026-05-29 13:44:50]     Test:  8 | counts=[4, 4]
[2026-05-29 13:44:50]     Model: SignalJEPA_PreLocal | Pretrained: from_pretrained | Strategy: new
[2026-05-29 13:44:50]     Normalization: none | fit_scope=none
[2026-05-29 13:44:50]     Phase 1 (new): 2,170/16,010 params
[2026-05-29 13:44:51]     Result | best_epoch=32 | stop=82 | final_phase_epochs=82 | acc=0.5000 | bal_acc=0.5000 | pred_hist=[4, 4] | collapse=False
[2026-05-29 13:44:51]     spatial_conv=[4, 29] top_abs_channels=[('Pz', 0.16451362), ('T3', 0.13403323), ('O1', 0.12858991), ('F4', 0.12753651), ('CP4', 0.12545843), ('Fz', 0.12197456), ('T5', 0.11592865), ('TP7', 0.11491317)]
[2026-05-29 13:44:51]     spatial_update=delta_l2=0.29837426 max_abs=0.06507219 relative=0.25000374 changed=True
[2026-05-29 13:44:51]   Subject 35: acc=0.5750±0.1000  bal_acc=0.5750±0.1000
[2026-05-29 13:44:51] \nSubject 36: 40 windows | class_counts=[20, 20]

[2026-05-29 13:44:52] Fold 1/5 | subject=36
[2026-05-29 13:44:52]     Train: 32 | counts=[16, 16]
[2026-05-29 13:44:52]     Test:  8 | counts=[4, 4]
[2026-05-29 13:44:52]     Model: SignalJEPA_PreLocal | Pretrained: from_pretrained | Strategy: new
[2026-05-29 13:44:52]     Normalization: none | fit_scope=none
[2026-05-29 13:44:52]     Phase 1 (new): 2,170/16,010 params
[2026-05-29 13:44:53]     Result | best_epoch=47 | stop=97 | final_phase_epochs=97 | acc=0.7500 | bal_acc=0.7500 | pred_hist=[6, 2] | collapse=False
[2026-05-29 13:44:53]     spatial_conv=[4, 29] top_abs_channels=[('Pz', 0.15511188), ('P3', 0.14126508), ('T3', 0.13843785), ('C3', 0.13798799), ('O2', 0.13269204), ('T4', 0.12926154), ('CP4', 0.1160282), ('CP3', 0.11288019)]
[2026-05-29 13:44:53]     spatial_update=delta_l2=0.36288752 max_abs=0.10164201 relative=0.30405852 changed=True

[2026-05-29 13:44:54] Fold 2/5 | subject=36
[2026-05-29 13:44:54]     Train: 32 | counts=[16, 16]
[2026-05-29 13:44:54]     Test:  8 | counts=[4, 4]
[2026-05-29 13:44:54]     Model: SignalJEPA_PreLocal | Pretrained: from_pretrained | Strategy: new
[2026-05-29 13:44:54]     Normalization: none | fit_scope=none
[2026-05-29 13:44:54]     Phase 1 (new): 2,170/16,010 params
[2026-05-29 13:44:55]     Result | best_epoch=5 | stop=55 | final_phase_epochs=55 | acc=0.5000 | bal_acc=0.5000 | pred_hist=[0, 8] | collapse=True
[2026-05-29 13:44:55]     spatial_conv=[4, 29] top_abs_channels=[('Pz', 0.15309577), ('O2', 0.13963342), ('T3', 0.12722792), ('O1', 0.12708084), ('CP3', 0.1218041), ('T4', 0.1210254), ('C3', 0.11923903), ('Fp1', 0.11256415)]
[2026-05-29 13:44:55]     spatial_update=delta_l2=0.05146448 max_abs=0.00979526 relative=0.04312139 changed=True

[2026-05-29 13:44:55] Fold 3/5 | subject=36
[2026-05-29 13:44:55]     Train: 32 | counts=[16, 16]
[2026-05-29 13:44:55]     Test:  8 | counts=[4, 4]
[2026-05-29 13:44:55]     Model: SignalJEPA_PreLocal | Pretrained: from_pretrained | Strategy: new
[2026-05-29 13:44:55]     Normalization: none | fit_scope=none
[2026-05-29 13:44:55]     Phase 1 (new): 2,170/16,010 params
[2026-05-29 13:44:56]     Result | best_epoch=1 | stop=51 | final_phase_epochs=51 | acc=0.5000 | bal_acc=0.5000 | pred_hist=[0, 8] | collapse=True
[2026-05-29 13:44:56]     spatial_conv=[4, 29] top_abs_channels=[('Pz', 0.15293668), ('O2', 0.14366797), ('T3', 0.12697057), ('O1', 0.12251461), ('T4', 0.12158477), ('CP3', 0.121297), ('C3', 0.11644091), ('CP4', 0.10983153)]
[2026-05-29 13:44:56]     spatial_update=delta_l2=0.01196503 max_abs=0.00232852 relative=0.01002533 changed=True

[2026-05-29 13:44:56] Fold 4/5 | subject=36
[2026-05-29 13:44:56]     Train: 32 | counts=[16, 16]
[2026-05-29 13:44:56]     Test:  8 | counts=[4, 4]
[2026-05-29 13:44:56]     Model: SignalJEPA_PreLocal | Pretrained: from_pretrained | Strategy: new
[2026-05-29 13:44:56]     Normalization: none | fit_scope=none
[2026-05-29 13:44:56]     Phase 1 (new): 2,170/16,010 params
[2026-05-29 13:44:57]     Result | best_epoch=1 | stop=51 | final_phase_epochs=51 | acc=0.5000 | bal_acc=0.5000 | pred_hist=[0, 8] | collapse=True
[2026-05-29 13:44:57]     spatial_conv=[4, 29] top_abs_channels=[('Pz', 0.15385315), ('O2', 0.1435031), ('T3', 0.12643842), ('T4', 0.12282608), ('O1', 0.12271787), ('CP3', 0.12082226), ('C3', 0.11592754), ('Fp1', 0.1102438)]
[2026-05-29 13:44:57]     spatial_update=delta_l2=0.01339223 max_abs=0.00212466 relative=0.01122117 changed=True

[2026-05-29 13:44:58] Fold 5/5 | subject=36
[2026-05-29 13:44:58]     Train: 32 | counts=[16, 16]
[2026-05-29 13:44:58]     Test:  8 | counts=[4, 4]
[2026-05-29 13:44:58]     Model: SignalJEPA_PreLocal | Pretrained: from_pretrained | Strategy: new
[2026-05-29 13:44:58]     Normalization: none | fit_scope=none
[2026-05-29 13:44:58]     Phase 1 (new): 2,170/16,010 params
[2026-05-29 13:44:59]     Result | best_epoch=1 | stop=51 | final_phase_epochs=51 | acc=0.5000 | bal_acc=0.5000 | pred_hist=[0, 8] | collapse=True
[2026-05-29 13:44:59]     spatial_conv=[4, 29] top_abs_channels=[('Pz', 0.15342255), ('O2', 0.14331484), ('T3', 0.12694216), ('O1', 0.12356306), ('T4', 0.1221845), ('CP3', 0.12124625), ('C3', 0.11642355), ('Fp1', 0.11104055)]
[2026-05-29 13:44:59]     spatial_update=delta_l2=0.01415500 max_abs=0.00220379 relative=0.01186028 changed=True
[2026-05-29 13:44:59]   Subject 36: acc=0.5500±0.1000  bal_acc=0.5500±0.1000
[2026-05-29 13:44:59] \nSubject 37: 40 windows | class_counts=[20, 20]

[2026-05-29 13:44:59] Fold 1/5 | subject=37
[2026-05-29 13:44:59]     Train: 32 | counts=[16, 16]
[2026-05-29 13:44:59]     Test:  8 | counts=[4, 4]
[2026-05-29 13:44:59]     Model: SignalJEPA_PreLocal | Pretrained: from_pretrained | Strategy: new
[2026-05-29 13:44:59]     Normalization: none | fit_scope=none
[2026-05-29 13:44:59]     Phase 1 (new): 2,170/16,010 params
[2026-05-29 13:45:00]     Result | best_epoch=11 | stop=61 | final_phase_epochs=61 | acc=0.3750 | bal_acc=0.3750 | pred_hist=[1, 7] | collapse=False
[2026-05-29 13:45:00]     spatial_conv=[4, 29] top_abs_channels=[('Pz', 0.15073717), ('O2', 0.1457036), ('T3', 0.13542929), ('CP3', 0.12093812), ('O1', 0.12083376), ('T4', 0.11820418), ('CP4', 0.11652191), ('C3', 0.11441626)]
[2026-05-29 13:45:00]     spatial_update=delta_l2=0.09933289 max_abs=0.01925783 relative=0.08322967 changed=True

[2026-05-29 13:45:01] Fold 2/5 | subject=37
[2026-05-29 13:45:01]     Train: 32 | counts=[16, 16]
[2026-05-29 13:45:01]     Test:  8 | counts=[4, 4]
[2026-05-29 13:45:01]     Model: SignalJEPA_PreLocal | Pretrained: from_pretrained | Strategy: new
[2026-05-29 13:45:01]     Normalization: none | fit_scope=none
[2026-05-29 13:45:01]     Phase 1 (new): 2,170/16,010 params
[2026-05-29 13:45:02]     Result | best_epoch=22 | stop=72 | final_phase_epochs=72 | acc=0.5000 | bal_acc=0.5000 | pred_hist=[4, 4] | collapse=False
[2026-05-29 13:45:02]     spatial_conv=[4, 29] top_abs_channels=[('O2', 0.15274735), ('Pz', 0.14750637), ('T3', 0.13240252), ('CP3', 0.1310004), ('T4', 0.12656805), ('O1', 0.12152623), ('T5', 0.11798489), ('P3', 0.11216554)]
[2026-05-29 13:45:02]     spatial_update=delta_l2=0.17440529 max_abs=0.04184874 relative=0.14613182 changed=True

[2026-05-29 13:45:02] Fold 3/5 | subject=37
[2026-05-29 13:45:02]     Train: 32 | counts=[16, 16]
[2026-05-29 13:45:02]     Test:  8 | counts=[4, 4]
[2026-05-29 13:45:02]     Model: SignalJEPA_PreLocal | Pretrained: from_pretrained | Strategy: new
[2026-05-29 13:45:02]     Normalization: none | fit_scope=none
[2026-05-29 13:45:02]     Phase 1 (new): 2,170/16,010 params
[2026-05-29 13:45:03]     Result | best_epoch=10 | stop=60 | final_phase_epochs=60 | acc=0.7500 | bal_acc=0.7500 | pred_hist=[4, 4] | collapse=False
[2026-05-29 13:45:03]     spatial_conv=[4, 29] top_abs_channels=[('Pz', 0.15137613), ('O2', 0.14587502), ('T3', 0.1312099), ('CP3', 0.12166142), ('O1', 0.1206699), ('T4', 0.12030868), ('C3', 0.11827372), ('CP4', 0.11461913)]
[2026-05-29 13:45:03]     spatial_update=delta_l2=0.08014984 max_abs=0.01656214 relative=0.06715646 changed=True

[2026-05-29 13:45:03] Fold 4/5 | subject=37
[2026-05-29 13:45:03]     Train: 32 | counts=[16, 16]
[2026-05-29 13:45:03]     Test:  8 | counts=[4, 4]
[2026-05-29 13:45:03]     Model: SignalJEPA_PreLocal | Pretrained: from_pretrained | Strategy: new
[2026-05-29 13:45:03]     Normalization: none | fit_scope=none
[2026-05-29 13:45:03]     Phase 1 (new): 2,170/16,010 params
[2026-05-29 13:45:04]     Result | best_epoch=1 | stop=51 | final_phase_epochs=51 | acc=0.5000 | bal_acc=0.5000 | pred_hist=[0, 8] | collapse=True
[2026-05-29 13:45:04]     spatial_conv=[4, 29] top_abs_channels=[('Pz', 0.15318838), ('O2', 0.14337638), ('T3', 0.12723106), ('O1', 0.1226364), ('T4', 0.12229466), ('CP3', 0.12063578), ('C3', 0.11625166), ('CP4', 0.11140312)]
[2026-05-29 13:45:04]     spatial_update=delta_l2=0.01366560 max_abs=0.00212806 relative=0.01145022 changed=True

[2026-05-29 13:45:05] Fold 5/5 | subject=37
[2026-05-29 13:45:05]     Train: 32 | counts=[16, 16]
[2026-05-29 13:45:05]     Test:  8 | counts=[4, 4]
[2026-05-29 13:45:05]     Model: SignalJEPA_PreLocal | Pretrained: from_pretrained | Strategy: new
[2026-05-29 13:45:05]     Normalization: none | fit_scope=none
[2026-05-29 13:45:05]     Phase 1 (new): 2,170/16,010 params
[2026-05-29 13:45:07]     Result | best_epoch=45 | stop=95 | final_phase_epochs=95 | acc=0.8750 | bal_acc=0.8750 | pred_hist=[3, 5] | collapse=False
[2026-05-29 13:45:07]     spatial_conv=[4, 29] top_abs_channels=[('O2', 0.15494335), ('Pz', 0.14409107), ('FCz', 0.13977723), ('C3', 0.12663351), ('CP3', 0.12462594), ('CP4', 0.12139452), ('P3', 0.1161136), ('F8', 0.11414265)]
[2026-05-29 13:45:07]     spatial_update=delta_l2=0.28569418 max_abs=0.06332999 relative=0.23937927 changed=True
[2026-05-29 13:45:07]   Subject 37: acc=0.6000±0.1837  bal_acc=0.6000±0.1837
[2026-05-29 13:45:07] \nSubject 38: 40 windows | class_counts=[20, 20]

[2026-05-29 13:45:07] Fold 1/5 | subject=38
[2026-05-29 13:45:07]     Train: 32 | counts=[16, 16]
[2026-05-29 13:45:07]     Test:  8 | counts=[4, 4]
[2026-05-29 13:45:07]     Model: SignalJEPA_PreLocal | Pretrained: from_pretrained | Strategy: new
[2026-05-29 13:45:07]     Normalization: none | fit_scope=none
[2026-05-29 13:45:07]     Phase 1 (new): 2,170/16,010 params
[2026-05-29 13:45:08]     Result | best_epoch=14 | stop=64 | final_phase_epochs=64 | acc=0.3750 | bal_acc=0.3750 | pred_hist=[5, 3] | collapse=False
[2026-05-29 13:45:08]     spatial_conv=[4, 29] top_abs_channels=[('Pz', 0.15531108), ('O2', 0.13402784), ('T3', 0.13162348), ('T4', 0.12120658), ('O1', 0.12105475), ('CP3', 0.1197399), ('Fz', 0.11889121), ('Fp1', 0.11729351)]
[2026-05-29 13:45:08]     spatial_update=delta_l2=0.15450513 max_abs=0.03006373 relative=0.12945775 changed=True

[2026-05-29 13:45:09] Fold 2/5 | subject=38
[2026-05-29 13:45:09]     Train: 32 | counts=[16, 16]
[2026-05-29 13:45:09]     Test:  8 | counts=[4, 4]
[2026-05-29 13:45:09]     Model: SignalJEPA_PreLocal | Pretrained: from_pretrained | Strategy: new
[2026-05-29 13:45:09]     Normalization: none | fit_scope=none
[2026-05-29 13:45:09]     Phase 1 (new): 2,170/16,010 params
[2026-05-29 13:45:10]     Result | best_epoch=3 | stop=53 | final_phase_epochs=53 | acc=0.5000 | bal_acc=0.5000 | pred_hist=[0, 8] | collapse=True
[2026-05-29 13:45:10]     spatial_conv=[4, 29] top_abs_channels=[('Pz', 0.15369731), ('O2', 0.14411548), ('T3', 0.12727222), ('O1', 0.12335486), ('T4', 0.12214923), ('CP3', 0.12019908), ('C3', 0.11587837), ('CP4', 0.11110742)]
[2026-05-29 13:45:10]     spatial_update=delta_l2=0.02562162 max_abs=0.00514351 relative=0.02146800 changed=True

[2026-05-29 13:45:10] Fold 3/5 | subject=38
[2026-05-29 13:45:10]     Train: 32 | counts=[16, 16]
[2026-05-29 13:45:10]     Test:  8 | counts=[4, 4]
[2026-05-29 13:45:10]     Model: SignalJEPA_PreLocal | Pretrained: from_pretrained | Strategy: new
[2026-05-29 13:45:10]     Normalization: none | fit_scope=none
[2026-05-29 13:45:10]     Phase 1 (new): 2,170/16,010 params
[2026-05-29 13:45:11]     Result | best_epoch=27 | stop=77 | final_phase_epochs=77 | acc=0.7500 | bal_acc=0.7500 | pred_hist=[4, 4] | collapse=False
[2026-05-29 13:45:11]     spatial_conv=[4, 29] top_abs_channels=[('Pz', 0.16154441), ('O2', 0.1486401), ('T3', 0.12699252), ('CP3', 0.12063865), ('T4', 0.11853653), ('O1', 0.1185003), ('Fp1', 0.11839537), ('P4', 0.11800206)]
[2026-05-29 13:45:11]     spatial_update=delta_l2=0.22300662 max_abs=0.05571911 relative=0.18685422 changed=True

[2026-05-29 13:45:12] Fold 4/5 | subject=38
[2026-05-29 13:45:12]     Train: 32 | counts=[16, 16]
[2026-05-29 13:45:12]     Test:  8 | counts=[4, 4]
[2026-05-29 13:45:12]     Model: SignalJEPA_PreLocal | Pretrained: from_pretrained | Strategy: new
[2026-05-29 13:45:12]     Normalization: none | fit_scope=none
[2026-05-29 13:45:12]     Phase 1 (new): 2,170/16,010 params
[2026-05-29 13:45:13]     Result | best_epoch=4 | stop=54 | final_phase_epochs=54 | acc=0.5000 | bal_acc=0.5000 | pred_hist=[0, 8] | collapse=True
[2026-05-29 13:45:13]     spatial_conv=[4, 29] top_abs_channels=[('Pz', 0.15389495), ('O2', 0.14322124), ('T3', 0.12668276), ('O1', 0.12506178), ('T4', 0.12271346), ('CP3', 0.12050371), ('C3', 0.11240497), ('CP4', 0.11196602)]
[2026-05-29 13:45:13]     spatial_update=delta_l2=0.04258499 max_abs=0.00857703 relative=0.03568138 changed=True

[2026-05-29 13:45:13] Fold 5/5 | subject=38
[2026-05-29 13:45:13]     Train: 32 | counts=[16, 16]
[2026-05-29 13:45:13]     Test:  8 | counts=[4, 4]
[2026-05-29 13:45:13]     Model: SignalJEPA_PreLocal | Pretrained: from_pretrained | Strategy: new
[2026-05-29 13:45:13]     Normalization: none | fit_scope=none
[2026-05-29 13:45:13]     Phase 1 (new): 2,170/16,010 params
[2026-05-29 13:45:14]     Result | best_epoch=14 | stop=64 | final_phase_epochs=64 | acc=0.8750 | bal_acc=0.8750 | pred_hist=[3, 5] | collapse=False
[2026-05-29 13:45:14]     spatial_conv=[4, 29] top_abs_channels=[('Pz', 0.15784161), ('O2', 0.14096379), ('O1', 0.12811317), ('T3', 0.12797655), ('T4', 0.12581965), ('CP3', 0.11718956), ('C3', 0.1108156), ('CP4', 0.10983771)]
[2026-05-29 13:45:14]     spatial_update=delta_l2=0.11632622 max_abs=0.02400741 relative=0.09746815 changed=True
[2026-05-29 13:45:14]   Subject 38: acc=0.6000±0.1837  bal_acc=0.6000±0.1837
[2026-05-29 13:45:14] \nSubject 39: 40 windows | class_counts=[20, 20]

[2026-05-29 13:45:15] Fold 1/5 | subject=39
[2026-05-29 13:45:15]     Train: 32 | counts=[16, 16]
[2026-05-29 13:45:15]     Test:  8 | counts=[4, 4]
[2026-05-29 13:45:15]     Model: SignalJEPA_PreLocal | Pretrained: from_pretrained | Strategy: new
[2026-05-29 13:45:15]     Normalization: none | fit_scope=none
[2026-05-29 13:45:15]     Phase 1 (new): 2,170/16,010 params
[2026-05-29 13:45:16]     Result | best_epoch=38 | stop=88 | final_phase_epochs=88 | acc=0.5000 | bal_acc=0.5000 | pred_hist=[4, 4] | collapse=False
[2026-05-29 13:45:16]     spatial_conv=[4, 29] top_abs_channels=[('Pz', 0.14282033), ('CP3', 0.13191718), ('T3', 0.12848683), ('Fp1', 0.12712911), ('O2', 0.1248394), ('O1', 0.1225974), ('Fz', 0.11957432), ('P4', 0.11483438)]
[2026-05-29 13:45:16]     spatial_update=delta_l2=0.25322833 max_abs=0.06396960 relative=0.21217657 changed=True

[2026-05-29 13:45:17] Fold 2/5 | subject=39
[2026-05-29 13:45:17]     Train: 32 | counts=[16, 16]
[2026-05-29 13:45:17]     Test:  8 | counts=[4, 4]
[2026-05-29 13:45:17]     Model: SignalJEPA_PreLocal | Pretrained: from_pretrained | Strategy: new
[2026-05-29 13:45:17]     Normalization: none | fit_scope=none
[2026-05-29 13:45:17]     Phase 1 (new): 2,170/16,010 params
[2026-05-29 13:45:18]     Result | best_epoch=1 | stop=51 | final_phase_epochs=51 | acc=0.5000 | bal_acc=0.5000 | pred_hist=[0, 8] | collapse=True
[2026-05-29 13:45:18]     spatial_conv=[4, 29] top_abs_channels=[('Pz', 0.15339117), ('O2', 0.14364997), ('T3', 0.12632602), ('T4', 0.12212906), ('O1', 0.12194403), ('CP3', 0.12104453), ('C3', 0.11494507), ('CP4', 0.11124223)]
[2026-05-29 13:45:18]     spatial_update=delta_l2=0.00904091 max_abs=0.00227440 relative=0.00757526 changed=True

[2026-05-29 13:45:18] Fold 3/5 | subject=39
[2026-05-29 13:45:18]     Train: 32 | counts=[16, 16]
[2026-05-29 13:45:18]     Test:  8 | counts=[4, 4]
[2026-05-29 13:45:18]     Model: SignalJEPA_PreLocal | Pretrained: from_pretrained | Strategy: new
[2026-05-29 13:45:18]     Normalization: none | fit_scope=none
[2026-05-29 13:45:18]     Phase 1 (new): 2,170/16,010 params
[2026-05-29 13:45:19]     Result | best_epoch=1 | stop=51 | final_phase_epochs=51 | acc=0.6250 | bal_acc=0.6250 | pred_hist=[1, 7] | collapse=False
[2026-05-29 13:45:19]     spatial_conv=[4, 29] top_abs_channels=[('Pz', 0.15294133), ('O2', 0.14307919), ('T3', 0.1270411), ('O1', 0.12276638), ('T4', 0.1220985), ('CP3', 0.12153588), ('C3', 0.1146566), ('Fp1', 0.11105151)]
[2026-05-29 13:45:19]     spatial_update=delta_l2=0.01228257 max_abs=0.00213392 relative=0.01029140 changed=True

[2026-05-29 13:45:20] Fold 4/5 | subject=39
[2026-05-29 13:45:20]     Train: 32 | counts=[16, 16]
[2026-05-29 13:45:20]     Test:  8 | counts=[4, 4]
[2026-05-29 13:45:20]     Model: SignalJEPA_PreLocal | Pretrained: from_pretrained | Strategy: new
[2026-05-29 13:45:20]     Normalization: none | fit_scope=none
[2026-05-29 13:45:20]     Phase 1 (new): 2,170/16,010 params
[2026-05-29 13:45:20]     Result | best_epoch=3 | stop=53 | final_phase_epochs=53 | acc=0.6250 | bal_acc=0.6250 | pred_hist=[1, 7] | collapse=False
[2026-05-29 13:45:20]     spatial_conv=[4, 29] top_abs_channels=[('Pz', 0.15462345), ('O2', 0.14193887), ('T3', 0.12587428), ('T4', 0.12287241), ('O1', 0.12205849), ('CP3', 0.11987066), ('C3', 0.11524768), ('Fp1', 0.1116561)]
[2026-05-29 13:45:20]     spatial_update=delta_l2=0.02343482 max_abs=0.00592396 relative=0.01963572 changed=True

[2026-05-29 13:45:21] Fold 5/5 | subject=39
[2026-05-29 13:45:21]     Train: 32 | counts=[16, 16]
[2026-05-29 13:45:21]     Test:  8 | counts=[4, 4]
[2026-05-29 13:45:21]     Model: SignalJEPA_PreLocal | Pretrained: from_pretrained | Strategy: new
[2026-05-29 13:45:21]     Normalization: none | fit_scope=none
[2026-05-29 13:45:21]     Phase 1 (new): 2,170/16,010 params
[2026-05-29 13:45:22]     Result | best_epoch=1 | stop=51 | final_phase_epochs=51 | acc=0.5000 | bal_acc=0.5000 | pred_hist=[0, 8] | collapse=True
[2026-05-29 13:45:22]     spatial_conv=[4, 29] top_abs_channels=[('Pz', 0.15347673), ('O2', 0.14427648), ('T3', 0.12689877), ('T4', 0.12260009), ('O1', 0.12257606), ('CP3', 0.12042431), ('C3', 0.11530814), ('CP4', 0.11113083)]
[2026-05-29 13:45:22]     spatial_update=delta_l2=0.01089058 max_abs=0.00228743 relative=0.00912507 changed=True
[2026-05-29 13:45:22]   Subject 39: acc=0.5500±0.0612  bal_acc=0.5500±0.0612
[2026-05-29 13:45:22] \nSubject 40: 40 windows | class_counts=[20, 20]

[2026-05-29 13:45:22] Fold 1/5 | subject=40
[2026-05-29 13:45:22]     Train: 32 | counts=[16, 16]
[2026-05-29 13:45:22]     Test:  8 | counts=[4, 4]
[2026-05-29 13:45:22]     Model: SignalJEPA_PreLocal | Pretrained: from_pretrained | Strategy: new
[2026-05-29 13:45:22]     Normalization: none | fit_scope=none
[2026-05-29 13:45:22]     Phase 1 (new): 2,170/16,010 params
[2026-05-29 13:45:24]     Result | best_epoch=46 | stop=96 | final_phase_epochs=96 | acc=0.6250 | bal_acc=0.6250 | pred_hist=[3, 5] | collapse=False
[2026-05-29 13:45:24]     spatial_conv=[4, 29] top_abs_channels=[('CP3', 0.13846394), ('O2', 0.13611014), ('Pz', 0.13560128), ('P3', 0.12841326), ('T4', 0.1273676), ('T3', 0.12238063), ('O1', 0.12200153), ('CP4', 0.11560406)]
[2026-05-29 13:45:24]     spatial_update=delta_l2=0.33971049 max_abs=0.08419522 relative=0.28463880 changed=True

[2026-05-29 13:45:24] Fold 2/5 | subject=40
[2026-05-29 13:45:24]     Train: 32 | counts=[16, 16]
[2026-05-29 13:45:24]     Test:  8 | counts=[4, 4]
[2026-05-29 13:45:24]     Model: SignalJEPA_PreLocal | Pretrained: from_pretrained | Strategy: new
[2026-05-29 13:45:24]     Normalization: none | fit_scope=none
[2026-05-29 13:45:24]     Phase 1 (new): 2,170/16,010 params
[2026-05-29 13:45:26]     Result | best_epoch=61 | stop=111 | final_phase_epochs=111 | acc=0.6250 | bal_acc=0.6250 | pred_hist=[5, 3] | collapse=False
[2026-05-29 13:45:26]     spatial_conv=[4, 29] top_abs_channels=[('O1', 0.16371195), ('Pz', 0.14689192), ('O2', 0.14188513), ('T4', 0.11929207), ('CP4', 0.11754616), ('CP3', 0.11680943), ('T3', 0.1156657), ('P3', 0.10344791)]
[2026-05-29 13:45:26]     spatial_update=delta_l2=0.36049514 max_abs=0.10733812 relative=0.30205398 changed=True

[2026-05-29 13:45:26] Fold 3/5 | subject=40
[2026-05-29 13:45:26]     Train: 32 | counts=[16, 16]
[2026-05-29 13:45:26]     Test:  8 | counts=[4, 4]
[2026-05-29 13:45:26]     Model: SignalJEPA_PreLocal | Pretrained: from_pretrained | Strategy: new
[2026-05-29 13:45:26]     Normalization: none | fit_scope=none
[2026-05-29 13:45:26]     Phase 1 (new): 2,170/16,010 params
[2026-05-29 13:45:27]     Result | best_epoch=18 | stop=68 | final_phase_epochs=68 | acc=0.6250 | bal_acc=0.6250 | pred_hist=[3, 5] | collapse=False
[2026-05-29 13:45:27]     spatial_conv=[4, 29] top_abs_channels=[('Pz', 0.14843491), ('O2', 0.14674008), ('T3', 0.12389076), ('CP3', 0.12374151), ('T4', 0.11912827), ('O1', 0.11773986), ('P3', 0.11547031), ('CP4', 0.11427145)]
[2026-05-29 13:45:27]     spatial_update=delta_l2=0.13676607 max_abs=0.03508370 relative=0.11459443 changed=True

[2026-05-29 13:45:28] Fold 4/5 | subject=40
[2026-05-29 13:45:28]     Train: 32 | counts=[16, 16]
[2026-05-29 13:45:28]     Test:  8 | counts=[4, 4]
[2026-05-29 13:45:28]     Model: SignalJEPA_PreLocal | Pretrained: from_pretrained | Strategy: new
[2026-05-29 13:45:28]     Normalization: none | fit_scope=none
[2026-05-29 13:45:28]     Phase 1 (new): 2,170/16,010 params
[2026-05-29 13:45:30]     Result | best_epoch=73 | stop=123 | final_phase_epochs=123 | acc=0.7500 | bal_acc=0.7500 | pred_hist=[2, 6] | collapse=False
[2026-05-29 13:45:30]     spatial_conv=[4, 29] top_abs_channels=[('O1', 0.15229967), ('Pz', 0.15135652), ('CP3', 0.14350677), ('O2', 0.13380909), ('CP4', 0.13358659), ('T3', 0.1327402), ('F3', 0.12712124), ('P3', 0.11453712)]
[2026-05-29 13:45:30]     spatial_update=delta_l2=0.49100805 max_abs=0.14174069 relative=0.41140897 changed=True

[2026-05-29 13:45:31] Fold 5/5 | subject=40
[2026-05-29 13:45:31]     Train: 32 | counts=[16, 16]
[2026-05-29 13:45:31]     Test:  8 | counts=[4, 4]
[2026-05-29 13:45:31]     Model: SignalJEPA_PreLocal | Pretrained: from_pretrained | Strategy: new
[2026-05-29 13:45:31]     Normalization: none | fit_scope=none
[2026-05-29 13:45:31]     Phase 1 (new): 2,170/16,010 params
[2026-05-29 13:45:32]     Result | best_epoch=30 | stop=80 | final_phase_epochs=80 | acc=0.2500 | bal_acc=0.2500 | pred_hist=[4, 4] | collapse=False
[2026-05-29 13:45:32]     spatial_conv=[4, 29] top_abs_channels=[('Pz', 0.14816293), ('T3', 0.13839383), ('O2', 0.13126057), ('O1', 0.13029073), ('CP3', 0.12528907), ('P3', 0.11796685), ('Fp1', 0.11395982), ('CP4', 0.11323868)]
[2026-05-29 13:45:32]     spatial_update=delta_l2=0.24593861 max_abs=0.07053441 relative=0.20606862 changed=True
[2026-05-29 13:45:32]   Subject 40: acc=0.5750±0.1696  bal_acc=0.5750±0.1696
[2026-05-29 13:45:32] \nSubject 41: 40 windows | class_counts=[20, 20]

[2026-05-29 13:45:33] Fold 1/5 | subject=41
[2026-05-29 13:45:33]     Train: 32 | counts=[16, 16]
[2026-05-29 13:45:33]     Test:  8 | counts=[4, 4]
[2026-05-29 13:45:33]     Model: SignalJEPA_PreLocal | Pretrained: from_pretrained | Strategy: new
[2026-05-29 13:45:33]     Normalization: none | fit_scope=none
[2026-05-29 13:45:33]     Phase 1 (new): 2,170/16,010 params
[2026-05-29 13:45:33]     Result | best_epoch=6 | stop=56 | final_phase_epochs=56 | acc=0.3750 | bal_acc=0.3750 | pred_hist=[1, 7] | collapse=False
[2026-05-29 13:45:33]     spatial_conv=[4, 29] top_abs_channels=[('Pz', 0.14892033), ('O2', 0.14859469), ('T3', 0.12304301), ('T4', 0.12098175), ('CP3', 0.12040716), ('O1', 0.11958743), ('C3', 0.11469913), ('CP4', 0.10891049)]
[2026-05-29 13:45:33]     spatial_update=delta_l2=0.05974519 max_abs=0.01096873 relative=0.05005969 changed=True

[2026-05-29 13:45:34] Fold 2/5 | subject=41
[2026-05-29 13:45:34]     Train: 32 | counts=[16, 16]
[2026-05-29 13:45:34]     Test:  8 | counts=[4, 4]
[2026-05-29 13:45:34]     Model: SignalJEPA_PreLocal | Pretrained: from_pretrained | Strategy: new
[2026-05-29 13:45:34]     Normalization: none | fit_scope=none
[2026-05-29 13:45:34]     Phase 1 (new): 2,170/16,010 params
[2026-05-29 13:45:36]     Result | best_epoch=52 | stop=102 | final_phase_epochs=102 | acc=0.5000 | bal_acc=0.5000 | pred_hist=[4, 4] | collapse=False
[2026-05-29 13:45:36]     spatial_conv=[4, 29] top_abs_channels=[('O2', 0.15280131), ('Pz', 0.14997278), ('O1', 0.14924534), ('CP4', 0.13726902), ('T3', 0.13665441), ('CP3', 0.12456444), ('T4', 0.12345612), ('FT8', 0.11498254)]
[2026-05-29 13:45:36]     spatial_update=delta_l2=0.35325277 max_abs=0.08914808 relative=0.29598570 changed=True

[2026-05-29 13:45:36] Fold 3/5 | subject=41
[2026-05-29 13:45:36]     Train: 32 | counts=[16, 16]
[2026-05-29 13:45:36]     Test:  8 | counts=[4, 4]
[2026-05-29 13:45:36]     Model: SignalJEPA_PreLocal | Pretrained: from_pretrained | Strategy: new
[2026-05-29 13:45:36]     Normalization: none | fit_scope=none
[2026-05-29 13:45:36]     Phase 1 (new): 2,170/16,010 params
[2026-05-29 13:45:38]     Result | best_epoch=51 | stop=101 | final_phase_epochs=101 | acc=0.5000 | bal_acc=0.5000 | pred_hist=[6, 2] | collapse=False
[2026-05-29 13:45:38]     spatial_conv=[4, 29] top_abs_channels=[('P3', 0.15244131), ('Pz', 0.15078567), ('T3', 0.12877309), ('O2', 0.1283547), ('O1', 0.12386616), ('T5', 0.12114263), ('CP3', 0.11114316), ('C3', 0.11010554)]
[2026-05-29 13:45:38]     spatial_update=delta_l2=0.35224955 max_abs=0.09079522 relative=0.29514511 changed=True

[2026-05-29 13:45:38] Fold 4/5 | subject=41
[2026-05-29 13:45:38]     Train: 32 | counts=[16, 16]
[2026-05-29 13:45:38]     Test:  8 | counts=[4, 4]
[2026-05-29 13:45:38]     Model: SignalJEPA_PreLocal | Pretrained: from_pretrained | Strategy: new
[2026-05-29 13:45:38]     Normalization: none | fit_scope=none
[2026-05-29 13:45:38]     Phase 1 (new): 2,170/16,010 params
[2026-05-29 13:45:39]     Result | best_epoch=25 | stop=75 | final_phase_epochs=75 | acc=0.7500 | bal_acc=0.7500 | pred_hist=[6, 2] | collapse=False
[2026-05-29 13:45:39]     spatial_conv=[4, 29] top_abs_channels=[('Pz', 0.15136103), ('O2', 0.1480322), ('O1', 0.12099835), ('C3', 0.12093271), ('FCz', 0.11935975), ('CP3', 0.11605184), ('T4', 0.11232176), ('CP4', 0.11214323)]
[2026-05-29 13:45:39]     spatial_update=delta_l2=0.19229727 max_abs=0.04312004 relative=0.16112327 changed=True

[2026-05-29 13:45:40] Fold 5/5 | subject=41
[2026-05-29 13:45:40]     Train: 32 | counts=[16, 16]
[2026-05-29 13:45:40]     Test:  8 | counts=[4, 4]
[2026-05-29 13:45:40]     Model: SignalJEPA_PreLocal | Pretrained: from_pretrained | Strategy: new
[2026-05-29 13:45:40]     Normalization: none | fit_scope=none
[2026-05-29 13:45:40]     Phase 1 (new): 2,170/16,010 params
[2026-05-29 13:45:41]     Result | best_epoch=14 | stop=64 | final_phase_epochs=64 | acc=0.7500 | bal_acc=0.7500 | pred_hist=[4, 4] | collapse=False
[2026-05-29 13:45:41]     spatial_conv=[4, 29] top_abs_channels=[('Pz', 0.15276438), ('O2', 0.14998271), ('T3', 0.12346075), ('O1', 0.12233715), ('CP3', 0.12090831), ('C3', 0.11681814), ('P3', 0.11546947), ('T4', 0.11498997)]
[2026-05-29 13:45:41]     spatial_update=delta_l2=0.12220834 max_abs=0.03229135 relative=0.10239670 changed=True
[2026-05-29 13:45:41]   Subject 41: acc=0.5750±0.1500  bal_acc=0.5750±0.1500
[2026-05-29 13:45:41] \nSubject 42: 40 windows | class_counts=[20, 20]

[2026-05-29 13:45:42] Fold 1/5 | subject=42
[2026-05-29 13:45:42]     Train: 32 | counts=[16, 16]
[2026-05-29 13:45:42]     Test:  8 | counts=[4, 4]
[2026-05-29 13:45:42]     Model: SignalJEPA_PreLocal | Pretrained: from_pretrained | Strategy: new
[2026-05-29 13:45:42]     Normalization: none | fit_scope=none
[2026-05-29 13:45:42]     Phase 1 (new): 2,170/16,010 params
[2026-05-29 13:45:43]     Result | best_epoch=27 | stop=77 | final_phase_epochs=77 | acc=0.5000 | bal_acc=0.5000 | pred_hist=[4, 4] | collapse=False
[2026-05-29 13:45:43]     spatial_conv=[4, 29] top_abs_channels=[('Pz', 0.16722135), ('O2', 0.15108292), ('T3', 0.12269685), ('CP3', 0.11564928), ('P4', 0.1154551), ('Fz', 0.11239034), ('CP4', 0.11071017), ('O1', 0.10978549)]
[2026-05-29 13:45:43]     spatial_update=delta_l2=0.23485915 max_abs=0.04707249 relative=0.19678529 changed=True

[2026-05-29 13:45:43] Fold 2/5 | subject=42
[2026-05-29 13:45:43]     Train: 32 | counts=[16, 16]
[2026-05-29 13:45:43]     Test:  8 | counts=[4, 4]
[2026-05-29 13:45:43]     Model: SignalJEPA_PreLocal | Pretrained: from_pretrained | Strategy: new
[2026-05-29 13:45:43]     Normalization: none | fit_scope=none
[2026-05-29 13:45:43]     Phase 1 (new): 2,170/16,010 params
[2026-05-29 13:45:45]     Result | best_epoch=11 | stop=61 | final_phase_epochs=61 | acc=0.6250 | bal_acc=0.6250 | pred_hist=[3, 5] | collapse=False
[2026-05-29 13:45:45]     spatial_conv=[4, 29] top_abs_channels=[('Pz', 0.15031324), ('O2', 0.14138389), ('T4', 0.128921), ('O1', 0.12873453), ('T3', 0.12866364), ('CP3', 0.12458245), ('Fp1', 0.12048513), ('P4', 0.10945171)]
[2026-05-29 13:45:45]     spatial_update=delta_l2=0.11135510 max_abs=0.02225141 relative=0.09330292 changed=True

[2026-05-29 13:45:45] Fold 3/5 | subject=42
[2026-05-29 13:45:45]     Train: 32 | counts=[16, 16]
[2026-05-29 13:45:45]     Test:  8 | counts=[4, 4]
[2026-05-29 13:45:45]     Model: SignalJEPA_PreLocal | Pretrained: from_pretrained | Strategy: new
[2026-05-29 13:45:45]     Normalization: none | fit_scope=none
[2026-05-29 13:45:45]     Phase 1 (new): 2,170/16,010 params
[2026-05-29 13:45:46]     Result | best_epoch=6 | stop=56 | final_phase_epochs=56 | acc=0.3750 | bal_acc=0.3750 | pred_hist=[3, 5] | collapse=False
[2026-05-29 13:45:46]     spatial_conv=[4, 29] top_abs_channels=[('Pz', 0.15879568), ('O2', 0.14378749), ('T3', 0.12757088), ('O1', 0.12477563), ('T4', 0.12034082), ('CP3', 0.12010019), ('Fp1', 0.11242756), ('CP4', 0.11134253)]
[2026-05-29 13:45:46]     spatial_update=delta_l2=0.05827333 max_abs=0.01058187 relative=0.04882643 changed=True

[2026-05-29 13:45:46] Fold 4/5 | subject=42
[2026-05-29 13:45:46]     Train: 32 | counts=[16, 16]
[2026-05-29 13:45:46]     Test:  8 | counts=[4, 4]
[2026-05-29 13:45:46]     Model: SignalJEPA_PreLocal | Pretrained: from_pretrained | Strategy: new
[2026-05-29 13:45:46]     Normalization: none | fit_scope=none
[2026-05-29 13:45:46]     Phase 1 (new): 2,170/16,010 params
[2026-05-29 13:45:47]     Result | best_epoch=1 | stop=51 | final_phase_epochs=51 | acc=0.5000 | bal_acc=0.5000 | pred_hist=[0, 8] | collapse=True
[2026-05-29 13:45:47]     spatial_conv=[4, 29] top_abs_channels=[('Pz', 0.152639), ('O2', 0.14417697), ('T3', 0.12607324), ('T4', 0.12273052), ('O1', 0.12173599), ('CP3', 0.12110473), ('C3', 0.11476141), ('CP4', 0.11042857)]
[2026-05-29 13:45:47]     spatial_update=delta_l2=0.01208919 max_abs=0.00206533 relative=0.01012937 changed=True

[2026-05-29 13:45:48] Fold 5/5 | subject=42
[2026-05-29 13:45:48]     Train: 32 | counts=[16, 16]
[2026-05-29 13:45:48]     Test:  8 | counts=[4, 4]
[2026-05-29 13:45:48]     Model: SignalJEPA_PreLocal | Pretrained: from_pretrained | Strategy: new
[2026-05-29 13:45:48]     Normalization: none | fit_scope=none
[2026-05-29 13:45:48]     Phase 1 (new): 2,170/16,010 params
[2026-05-29 13:45:49]     Result | best_epoch=1 | stop=51 | final_phase_epochs=51 | acc=0.5000 | bal_acc=0.5000 | pred_hist=[0, 8] | collapse=True
[2026-05-29 13:45:49]     spatial_conv=[4, 29] top_abs_channels=[('Pz', 0.15298003), ('O2', 0.14417484), ('T3', 0.12757137), ('O1', 0.12340295), ('T4', 0.12158131), ('CP3', 0.12105265), ('C3', 0.11545412), ('CP4', 0.11057181)]
[2026-05-29 13:45:49]     spatial_update=delta_l2=0.01183447 max_abs=0.00224560 relative=0.00991594 changed=True
[2026-05-29 13:45:49]   Subject 42: acc=0.5000±0.0791  bal_acc=0.5000±0.0791
[2026-05-29 13:45:49] \nSubject 43: 40 windows | class_counts=[20, 20]

[2026-05-29 13:45:49] Fold 1/5 | subject=43
[2026-05-29 13:45:49]     Train: 32 | counts=[16, 16]
[2026-05-29 13:45:49]     Test:  8 | counts=[4, 4]
[2026-05-29 13:45:49]     Model: SignalJEPA_PreLocal | Pretrained: from_pretrained | Strategy: new
[2026-05-29 13:45:49]     Normalization: none | fit_scope=none
[2026-05-29 13:45:49]     Phase 1 (new): 2,170/16,010 params
[2026-05-29 13:45:50]     Result | best_epoch=17 | stop=67 | final_phase_epochs=67 | acc=0.7500 | bal_acc=0.7500 | pred_hist=[4, 4] | collapse=False
[2026-05-29 13:45:50]     spatial_conv=[4, 29] top_abs_channels=[('O2', 0.1545324), ('Pz', 0.14905068), ('T3', 0.13821046), ('CP3', 0.11814229), ('C3', 0.11671453), ('T4', 0.11512692), ('P3', 0.11213174), ('O1', 0.11100765)]
[2026-05-29 13:45:50]     spatial_update=delta_l2=0.14107136 max_abs=0.03348613 relative=0.11820177 changed=True

[2026-05-29 13:45:51] Fold 2/5 | subject=43
[2026-05-29 13:45:51]     Train: 32 | counts=[16, 16]
[2026-05-29 13:45:51]     Test:  8 | counts=[4, 4]
[2026-05-29 13:45:51]     Model: SignalJEPA_PreLocal | Pretrained: from_pretrained | Strategy: new
[2026-05-29 13:45:51]     Normalization: none | fit_scope=none
[2026-05-29 13:45:51]     Phase 1 (new): 2,170/16,010 params
[2026-05-29 13:45:52]     Result | best_epoch=18 | stop=68 | final_phase_epochs=68 | acc=0.3750 | bal_acc=0.3750 | pred_hist=[5, 3] | collapse=False
[2026-05-29 13:45:52]     spatial_conv=[4, 29] top_abs_channels=[('O2', 0.15906309), ('Pz', 0.14680021), ('T3', 0.13017657), ('T4', 0.12474385), ('CP3', 0.12195654), ('O1', 0.11427297), ('C3', 0.11068194), ('CP4', 0.1087088)]
[2026-05-29 13:45:52]     spatial_update=delta_l2=0.14514813 max_abs=0.03011470 relative=0.12161764 changed=True

[2026-05-29 13:45:52] Fold 3/5 | subject=43
[2026-05-29 13:45:52]     Train: 32 | counts=[16, 16]
[2026-05-29 13:45:52]     Test:  8 | counts=[4, 4]
[2026-05-29 13:45:52]     Model: SignalJEPA_PreLocal | Pretrained: from_pretrained | Strategy: new
[2026-05-29 13:45:52]     Normalization: none | fit_scope=none
[2026-05-29 13:45:52]     Phase 1 (new): 2,170/16,010 params
[2026-05-29 13:45:54]     Result | best_epoch=38 | stop=88 | final_phase_epochs=88 | acc=0.6250 | bal_acc=0.6250 | pred_hist=[5, 3] | collapse=False
[2026-05-29 13:45:54]     spatial_conv=[4, 29] top_abs_channels=[('O2', 0.17563684), ('Pz', 0.16548494), ('T3', 0.13915911), ('T4', 0.12427557), ('CP4', 0.12399365), ('Fz', 0.11891825), ('P4', 0.11012317), ('CP3', 0.10884516)]
[2026-05-29 13:45:54]     spatial_update=delta_l2=0.30026970 max_abs=0.07806598 relative=0.25159190 changed=True

[2026-05-29 13:45:54] Fold 4/5 | subject=43
[2026-05-29 13:45:54]     Train: 32 | counts=[16, 16]
[2026-05-29 13:45:54]     Test:  8 | counts=[4, 4]
[2026-05-29 13:45:54]     Model: SignalJEPA_PreLocal | Pretrained: from_pretrained | Strategy: new
[2026-05-29 13:45:54]     Normalization: none | fit_scope=none
[2026-05-29 13:45:54]     Phase 1 (new): 2,170/16,010 params
[2026-05-29 13:45:55]     Result | best_epoch=1 | stop=51 | final_phase_epochs=51 | acc=0.5000 | bal_acc=0.5000 | pred_hist=[0, 8] | collapse=True
[2026-05-29 13:45:55]     spatial_conv=[4, 29] top_abs_channels=[('Pz', 0.15298101), ('O2', 0.14422759), ('T3', 0.12690468), ('O1', 0.12225929), ('T4', 0.12188962), ('CP3', 0.11997682), ('C3', 0.11551224), ('CP4', 0.11068202)]
[2026-05-29 13:45:55]     spatial_update=delta_l2=0.01150384 max_abs=0.00221768 relative=0.00963891 changed=True

[2026-05-29 13:45:56] Fold 5/5 | subject=43
[2026-05-29 13:45:56]     Train: 32 | counts=[16, 16]
[2026-05-29 13:45:56]     Test:  8 | counts=[4, 4]
[2026-05-29 13:45:56]     Model: SignalJEPA_PreLocal | Pretrained: from_pretrained | Strategy: new
[2026-05-29 13:45:56]     Normalization: none | fit_scope=none
[2026-05-29 13:45:56]     Phase 1 (new): 2,170/16,010 params
[2026-05-29 13:45:57]     Result | best_epoch=1 | stop=51 | final_phase_epochs=51 | acc=0.5000 | bal_acc=0.5000 | pred_hist=[0, 8] | collapse=True
[2026-05-29 13:45:57]     spatial_conv=[4, 29] top_abs_channels=[('Pz', 0.1530315), ('O2', 0.1442481), ('T3', 0.12744945), ('T4', 0.12166996), ('O1', 0.12141873), ('CP3', 0.12110987), ('C3', 0.11554094), ('CP4', 0.1112948)]
[2026-05-29 13:45:57]     spatial_update=delta_l2=0.01092175 max_abs=0.00224514 relative=0.00915119 changed=True
[2026-05-29 13:45:57]   Subject 43: acc=0.5500±0.1275  bal_acc=0.5500±0.1275
[2026-05-29 13:45:57] \nSubject 44: 40 windows | class_counts=[20, 20]

[2026-05-29 13:45:57] Fold 1/5 | subject=44
[2026-05-29 13:45:57]     Train: 32 | counts=[16, 16]
[2026-05-29 13:45:57]     Test:  8 | counts=[4, 4]
[2026-05-29 13:45:57]     Model: SignalJEPA_PreLocal | Pretrained: from_pretrained | Strategy: new
[2026-05-29 13:45:57]     Normalization: none | fit_scope=none
[2026-05-29 13:45:57]     Phase 1 (new): 2,170/16,010 params
[2026-05-29 13:45:58]     Result | best_epoch=3 | stop=53 | final_phase_epochs=53 | acc=0.5000 | bal_acc=0.5000 | pred_hist=[2, 6] | collapse=False
[2026-05-29 13:45:58]     spatial_conv=[4, 29] top_abs_channels=[('Pz', 0.15156585), ('O2', 0.14654748), ('T3', 0.12797892), ('T4', 0.12307389), ('CP3', 0.1224433), ('O1', 0.11914962), ('C3', 0.11579567), ('Fp1', 0.10960224)]
[2026-05-29 13:45:58]     spatial_update=delta_l2=0.03122890 max_abs=0.00608092 relative=0.02616627 changed=True

[2026-05-29 13:45:59] Fold 2/5 | subject=44
[2026-05-29 13:45:59]     Train: 32 | counts=[16, 16]
[2026-05-29 13:45:59]     Test:  8 | counts=[4, 4]
[2026-05-29 13:45:59]     Model: SignalJEPA_PreLocal | Pretrained: from_pretrained | Strategy: new
[2026-05-29 13:45:59]     Normalization: none | fit_scope=none
[2026-05-29 13:45:59]     Phase 1 (new): 2,170/16,010 params
[2026-05-29 13:46:00]     Result | best_epoch=15 | stop=65 | final_phase_epochs=65 | acc=0.6250 | bal_acc=0.6250 | pred_hist=[3, 5] | collapse=False
[2026-05-29 13:46:00]     spatial_conv=[4, 29] top_abs_channels=[('Pz', 0.14258082), ('T3', 0.14117464), ('O2', 0.14078334), ('CP3', 0.13046756), ('C3', 0.12546463), ('T4', 0.11991747), ('T5', 0.11251697), ('O1', 0.11091842)]
[2026-05-29 13:46:00]     spatial_update=delta_l2=0.14220756 max_abs=0.02998296 relative=0.11915378 changed=True

[2026-05-29 13:46:00] Fold 3/5 | subject=44
[2026-05-29 13:46:00]     Train: 32 | counts=[16, 16]
[2026-05-29 13:46:00]     Test:  8 | counts=[4, 4]
[2026-05-29 13:46:00]     Model: SignalJEPA_PreLocal | Pretrained: from_pretrained | Strategy: new
[2026-05-29 13:46:00]     Normalization: none | fit_scope=none
[2026-05-29 13:46:00]     Phase 1 (new): 2,170/16,010 params
[2026-05-29 13:46:01]     Result | best_epoch=7 | stop=57 | final_phase_epochs=57 | acc=0.6250 | bal_acc=0.6250 | pred_hist=[1, 7] | collapse=False
[2026-05-29 13:46:01]     spatial_conv=[4, 29] top_abs_channels=[('Pz', 0.14864677), ('O2', 0.14516357), ('T3', 0.12558074), ('CP3', 0.12418336), ('T4', 0.12184326), ('C3', 0.11953498), ('O1', 0.11535538), ('T5', 0.10891794)]
[2026-05-29 13:46:01]     spatial_update=delta_l2=0.06654583 max_abs=0.01496419 relative=0.05575785 changed=True

[2026-05-29 13:46:02] Fold 4/5 | subject=44
[2026-05-29 13:46:02]     Train: 32 | counts=[16, 16]
[2026-05-29 13:46:02]     Test:  8 | counts=[4, 4]
[2026-05-29 13:46:02]     Model: SignalJEPA_PreLocal | Pretrained: from_pretrained | Strategy: new
[2026-05-29 13:46:02]     Normalization: none | fit_scope=none
[2026-05-29 13:46:02]     Phase 1 (new): 2,170/16,010 params
[2026-05-29 13:46:03]     Result | best_epoch=7 | stop=57 | final_phase_epochs=57 | acc=0.6250 | bal_acc=0.6250 | pred_hist=[3, 5] | collapse=False
[2026-05-29 13:46:03]     spatial_conv=[4, 29] top_abs_channels=[('O2', 0.14773318), ('Pz', 0.14630556), ('T3', 0.12824462), ('CP3', 0.12539166), ('T4', 0.12264633), ('C3', 0.11959717), ('O1', 0.11395276), ('P3', 0.1120724)]
[2026-05-29 13:46:03]     spatial_update=delta_l2=0.06542507 max_abs=0.01282498 relative=0.05481878 changed=True

[2026-05-29 13:46:03] Fold 5/5 | subject=44
[2026-05-29 13:46:03]     Train: 32 | counts=[16, 16]
[2026-05-29 13:46:03]     Test:  8 | counts=[4, 4]
[2026-05-29 13:46:03]     Model: SignalJEPA_PreLocal | Pretrained: from_pretrained | Strategy: new
[2026-05-29 13:46:03]     Normalization: none | fit_scope=none
[2026-05-29 13:46:03]     Phase 1 (new): 2,170/16,010 params
[2026-05-29 13:46:04]     Result | best_epoch=7 | stop=57 | final_phase_epochs=57 | acc=0.7500 | bal_acc=0.7500 | pred_hist=[2, 6] | collapse=False
[2026-05-29 13:46:04]     spatial_conv=[4, 29] top_abs_channels=[('Pz', 0.14886823), ('O2', 0.14605059), ('T3', 0.1268523), ('CP3', 0.12382704), ('T4', 0.12209454), ('C3', 0.11732617), ('O1', 0.11634044), ('P3', 0.1088689)]
[2026-05-29 13:46:04]     spatial_update=delta_l2=0.05973030 max_abs=0.01326303 relative=0.05004720 changed=True
[2026-05-29 13:46:04]   Subject 44: acc=0.6250±0.0791  bal_acc=0.6250±0.0791
[2026-05-29 13:46:04] \nSubject 45: 40 windows | class_counts=[20, 20]

[2026-05-29 13:46:05] Fold 1/5 | subject=45
[2026-05-29 13:46:05]     Train: 32 | counts=[16, 16]
[2026-05-29 13:46:05]     Test:  8 | counts=[4, 4]
[2026-05-29 13:46:05]     Model: SignalJEPA_PreLocal | Pretrained: from_pretrained | Strategy: new
[2026-05-29 13:46:05]     Normalization: none | fit_scope=none
[2026-05-29 13:46:05]     Phase 1 (new): 2,170/16,010 params
[2026-05-29 13:46:05]     Result | best_epoch=5 | stop=55 | final_phase_epochs=55 | acc=0.5000 | bal_acc=0.5000 | pred_hist=[0, 8] | collapse=True
[2026-05-29 13:46:05]     spatial_conv=[4, 29] top_abs_channels=[('Pz', 0.15207638), ('O2', 0.14581282), ('T3', 0.13033374), ('CP3', 0.1229475), ('C3', 0.11862025), ('O1', 0.11846135), ('T4', 0.1179325), ('CP4', 0.1116479)]
[2026-05-29 13:46:05]     spatial_update=delta_l2=0.06086764 max_abs=0.01085850 relative=0.05100017 changed=True

[2026-05-29 13:46:06] Fold 2/5 | subject=45
[2026-05-29 13:46:06]     Train: 32 | counts=[16, 16]
[2026-05-29 13:46:06]     Test:  8 | counts=[4, 4]
[2026-05-29 13:46:06]     Model: SignalJEPA_PreLocal | Pretrained: from_pretrained | Strategy: new
[2026-05-29 13:46:06]     Normalization: none | fit_scope=none
[2026-05-29 13:46:06]     Phase 1 (new): 2,170/16,010 params
[2026-05-29 13:46:07]     Result | best_epoch=44 | stop=94 | final_phase_epochs=94 | acc=0.5000 | bal_acc=0.5000 | pred_hist=[4, 4] | collapse=False
[2026-05-29 13:46:07]     spatial_conv=[4, 29] top_abs_channels=[('T5', 0.16864181), ('Pz', 0.1528403), ('O2', 0.14586309), ('C3', 0.14096513), ('Fz', 0.13142264), ('Oz', 0.11844788), ('T3', 0.1136692), ('F4', 0.1121387)]
[2026-05-29 13:46:07]     spatial_update=delta_l2=0.44648727 max_abs=0.10797375 relative=0.37410561 changed=True

[2026-05-29 13:46:08] Fold 3/5 | subject=45
[2026-05-29 13:46:08]     Train: 32 | counts=[16, 16]
[2026-05-29 13:46:08]     Test:  8 | counts=[4, 4]
[2026-05-29 13:46:08]     Model: SignalJEPA_PreLocal | Pretrained: from_pretrained | Strategy: new
[2026-05-29 13:46:08]     Normalization: none | fit_scope=none
[2026-05-29 13:46:08]     Phase 1 (new): 2,170/16,010 params
[2026-05-29 13:46:09]     Result | best_epoch=8 | stop=58 | final_phase_epochs=58 | acc=0.5000 | bal_acc=0.5000 | pred_hist=[2, 6] | collapse=False
[2026-05-29 13:46:09]     spatial_conv=[4, 29] top_abs_channels=[('Pz', 0.1544476), ('O2', 0.14503242), ('T3', 0.12977476), ('C3', 0.1207332), ('CP3', 0.1207258), ('O1', 0.1183427), ('T4', 0.11590391), ('CP4', 0.11299984)]
[2026-05-29 13:46:09]     spatial_update=delta_l2=0.08762826 max_abs=0.01645900 relative=0.07342253 changed=True

[2026-05-29 13:46:09] Fold 4/5 | subject=45
[2026-05-29 13:46:09]     Train: 32 | counts=[16, 16]
[2026-05-29 13:46:09]     Test:  8 | counts=[4, 4]
[2026-05-29 13:46:09]     Model: SignalJEPA_PreLocal | Pretrained: from_pretrained | Strategy: new
[2026-05-29 13:46:09]     Normalization: none | fit_scope=none
[2026-05-29 13:46:09]     Phase 1 (new): 2,170/16,010 params
[2026-05-29 13:46:11]     Result | best_epoch=11 | stop=61 | final_phase_epochs=61 | acc=0.3750 | bal_acc=0.3750 | pred_hist=[3, 5] | collapse=False
[2026-05-29 13:46:11]     spatial_conv=[4, 29] top_abs_channels=[('Pz', 0.15330651), ('O2', 0.14667252), ('T3', 0.13183548), ('C3', 0.12180322), ('CP3', 0.1193448), ('O1', 0.1165674), ('T4', 0.11580896), ('T5', 0.11474902)]
[2026-05-29 13:46:11]     spatial_update=delta_l2=0.10196538 max_abs=0.01882090 relative=0.08543541 changed=True

[2026-05-29 13:46:11] Fold 5/5 | subject=45
[2026-05-29 13:46:11]     Train: 32 | counts=[16, 16]
[2026-05-29 13:46:11]     Test:  8 | counts=[4, 4]
[2026-05-29 13:46:11]     Model: SignalJEPA_PreLocal | Pretrained: from_pretrained | Strategy: new
[2026-05-29 13:46:11]     Normalization: none | fit_scope=none
[2026-05-29 13:46:11]     Phase 1 (new): 2,170/16,010 params
[2026-05-29 13:46:12]     Result | best_epoch=28 | stop=78 | final_phase_epochs=78 | acc=0.3750 | bal_acc=0.3750 | pred_hist=[7, 1] | collapse=False
[2026-05-29 13:46:12]     spatial_conv=[4, 29] top_abs_channels=[('T5', 0.15084696), ('Pz', 0.149111), ('O2', 0.13524114), ('C3', 0.13351575), ('Fz', 0.13285093), ('T3', 0.1316063), ('T4', 0.12589985), ('CP4', 0.1173656)]
[2026-05-29 13:46:12]     spatial_update=delta_l2=0.26903668 max_abs=0.05505601 relative=0.22542218 changed=True
[2026-05-29 13:46:12]   Subject 45: acc=0.4500±0.0612  bal_acc=0.4500±0.0612
[2026-05-29 13:46:12] \nSubject 46: 40 windows | class_counts=[20, 20]

[2026-05-29 13:46:13] Fold 1/5 | subject=46
[2026-05-29 13:46:13]     Train: 32 | counts=[16, 16]
[2026-05-29 13:46:13]     Test:  8 | counts=[4, 4]
[2026-05-29 13:46:13]     Model: SignalJEPA_PreLocal | Pretrained: from_pretrained | Strategy: new
[2026-05-29 13:46:13]     Normalization: none | fit_scope=none
[2026-05-29 13:46:13]     Phase 1 (new): 2,170/16,010 params
[2026-05-29 13:46:14]     Result | best_epoch=7 | stop=57 | final_phase_epochs=57 | acc=0.7500 | bal_acc=0.7500 | pred_hist=[2, 6] | collapse=False
[2026-05-29 13:46:14]     spatial_conv=[4, 29] top_abs_channels=[('Pz', 0.15650916), ('O2', 0.14201497), ('T4', 0.12944564), ('T3', 0.12798432), ('CP3', 0.12234511), ('O1', 0.11918361), ('C3', 0.11500324), ('P4', 0.1123286)]
[2026-05-29 13:46:14]     spatial_update=delta_l2=0.07166497 max_abs=0.01432493 relative=0.06004710 changed=True

[2026-05-29 13:46:14] Fold 2/5 | subject=46
[2026-05-29 13:46:14]     Train: 32 | counts=[16, 16]
[2026-05-29 13:46:14]     Test:  8 | counts=[4, 4]
[2026-05-29 13:46:14]     Model: SignalJEPA_PreLocal | Pretrained: from_pretrained | Strategy: new
[2026-05-29 13:46:14]     Normalization: none | fit_scope=none
[2026-05-29 13:46:14]     Phase 1 (new): 2,170/16,010 params
[2026-05-29 13:46:15]     Result | best_epoch=5 | stop=55 | final_phase_epochs=55 | acc=0.6250 | bal_acc=0.6250 | pred_hist=[1, 7] | collapse=False
[2026-05-29 13:46:15]     spatial_conv=[4, 29] top_abs_channels=[('Pz', 0.15430772), ('O2', 0.1443086), ('T3', 0.12644678), ('T4', 0.12328678), ('CP3', 0.12114449), ('O1', 0.11951639), ('C3', 0.11437559), ('CP4', 0.11076152)]
[2026-05-29 13:46:15]     spatial_update=delta_l2=0.04557987 max_abs=0.00899689 relative=0.03819075 changed=True

[2026-05-29 13:46:16] Fold 3/5 | subject=46
[2026-05-29 13:46:16]     Train: 32 | counts=[16, 16]
[2026-05-29 13:46:16]     Test:  8 | counts=[4, 4]
[2026-05-29 13:46:16]     Model: SignalJEPA_PreLocal | Pretrained: from_pretrained | Strategy: new
[2026-05-29 13:46:16]     Normalization: none | fit_scope=none
[2026-05-29 13:46:16]     Phase 1 (new): 2,170/16,010 params
[2026-05-29 13:46:17]     Result | best_epoch=11 | stop=61 | final_phase_epochs=61 | acc=0.5000 | bal_acc=0.5000 | pred_hist=[6, 2] | collapse=False
[2026-05-29 13:46:17]     spatial_conv=[4, 29] top_abs_channels=[('Pz', 0.15482467), ('O2', 0.14240111), ('T4', 0.13104942), ('T3', 0.12652247), ('CP3', 0.11967719), ('O1', 0.11583132), ('C3', 0.11479956), ('CP4', 0.11387256)]
[2026-05-29 13:46:17]     spatial_update=delta_l2=0.09676307 max_abs=0.01961563 relative=0.08107646 changed=True

[2026-05-29 13:46:17] Fold 4/5 | subject=46
[2026-05-29 13:46:17]     Train: 32 | counts=[16, 16]
[2026-05-29 13:46:17]     Test:  8 | counts=[4, 4]
[2026-05-29 13:46:17]     Model: SignalJEPA_PreLocal | Pretrained: from_pretrained | Strategy: new
[2026-05-29 13:46:17]     Normalization: none | fit_scope=none
[2026-05-29 13:46:17]     Phase 1 (new): 2,170/16,010 params
[2026-05-29 13:46:18]     Result | best_epoch=6 | stop=56 | final_phase_epochs=56 | acc=0.6250 | bal_acc=0.6250 | pred_hist=[1, 7] | collapse=False
[2026-05-29 13:46:18]     spatial_conv=[4, 29] top_abs_channels=[('Pz', 0.15623121), ('O2', 0.14442267), ('T3', 0.12840049), ('T4', 0.12552813), ('O1', 0.12008213), ('CP3', 0.11824687), ('C3', 0.11416858), ('CP4', 0.11178715)]
[2026-05-29 13:46:18]     spatial_update=delta_l2=0.05815900 max_abs=0.01024447 relative=0.04873064 changed=True

[2026-05-29 13:46:19] Fold 5/5 | subject=46
[2026-05-29 13:46:19]     Train: 32 | counts=[16, 16]
[2026-05-29 13:46:19]     Test:  8 | counts=[4, 4]
[2026-05-29 13:46:19]     Model: SignalJEPA_PreLocal | Pretrained: from_pretrained | Strategy: new
[2026-05-29 13:46:19]     Normalization: none | fit_scope=none
[2026-05-29 13:46:19]     Phase 1 (new): 2,170/16,010 params
[2026-05-29 13:46:20]     Result | best_epoch=18 | stop=68 | final_phase_epochs=68 | acc=0.6250 | bal_acc=0.6250 | pred_hist=[1, 7] | collapse=False
[2026-05-29 13:46:20]     spatial_conv=[4, 29] top_abs_channels=[('Pz', 0.14865866), ('O2', 0.14504334), ('T4', 0.13485299), ('T3', 0.1335395), ('CP3', 0.12231005), ('P3', 0.1141801), ('CP4', 0.11398681), ('O1', 0.11383244)]
[2026-05-29 13:46:20]     spatial_update=delta_l2=0.12720599 max_abs=0.02869895 relative=0.10658417 changed=True
[2026-05-29 13:46:20]   Subject 46: acc=0.6250±0.0791  bal_acc=0.6250±0.0791
[2026-05-29 13:46:20] \nSubject 47: 40 windows | class_counts=[20, 20]

[2026-05-29 13:46:20] Fold 1/5 | subject=47
[2026-05-29 13:46:20]     Train: 32 | counts=[16, 16]
[2026-05-29 13:46:20]     Test:  8 | counts=[4, 4]
[2026-05-29 13:46:20]     Model: SignalJEPA_PreLocal | Pretrained: from_pretrained | Strategy: new
[2026-05-29 13:46:20]     Normalization: none | fit_scope=none
[2026-05-29 13:46:20]     Phase 1 (new): 2,170/16,010 params
[2026-05-29 13:46:21]     Result | best_epoch=1 | stop=51 | final_phase_epochs=51 | acc=0.5000 | bal_acc=0.5000 | pred_hist=[0, 8] | collapse=True
[2026-05-29 13:46:21]     spatial_conv=[4, 29] top_abs_channels=[('Pz', 0.15265749), ('O2', 0.14399979), ('T3', 0.1274415), ('T4', 0.12187402), ('O1', 0.1214874), ('CP3', 0.1214765), ('C3', 0.11554334), ('CP4', 0.11077062)]
[2026-05-29 13:46:21]     spatial_update=delta_l2=0.01141486 max_abs=0.00197936 relative=0.00956436 changed=True

[2026-05-29 13:46:22] Fold 2/5 | subject=47
[2026-05-29 13:46:22]     Train: 32 | counts=[16, 16]
[2026-05-29 13:46:22]     Test:  8 | counts=[4, 4]
[2026-05-29 13:46:22]     Model: SignalJEPA_PreLocal | Pretrained: from_pretrained | Strategy: new
[2026-05-29 13:46:22]     Normalization: none | fit_scope=none
[2026-05-29 13:46:22]     Phase 1 (new): 2,170/16,010 params
[2026-05-29 13:46:23]     Result | best_epoch=1 | stop=51 | final_phase_epochs=51 | acc=0.5000 | bal_acc=0.5000 | pred_hist=[0, 8] | collapse=True
[2026-05-29 13:46:23]     spatial_conv=[4, 29] top_abs_channels=[('Pz', 0.15368599), ('O2', 0.142876), ('T3', 0.12665194), ('O1', 0.12298161), ('T4', 0.12240411), ('CP3', 0.1205028), ('C3', 0.11592052), ('CP4', 0.11104041)]
[2026-05-29 13:46:23]     spatial_update=delta_l2=0.01346585 max_abs=0.00226955 relative=0.01128285 changed=True

[2026-05-29 13:46:23] Fold 3/5 | subject=47
[2026-05-29 13:46:23]     Train: 32 | counts=[16, 16]
[2026-05-29 13:46:23]     Test:  8 | counts=[4, 4]
[2026-05-29 13:46:23]     Model: SignalJEPA_PreLocal | Pretrained: from_pretrained | Strategy: new
[2026-05-29 13:46:23]     Normalization: none | fit_scope=none
[2026-05-29 13:46:23]     Phase 1 (new): 2,170/16,010 params
[2026-05-29 13:46:24]     Result | best_epoch=6 | stop=56 | final_phase_epochs=56 | acc=0.2500 | bal_acc=0.2500 | pred_hist=[2, 6] | collapse=False
[2026-05-29 13:46:24]     spatial_conv=[4, 29] top_abs_channels=[('Pz', 0.15242475), ('O2', 0.14334543), ('T3', 0.12692256), ('T4', 0.12320097), ('CP3', 0.12055716), ('O1', 0.12036284), ('C3', 0.11806444), ('Fp1', 0.11242765)]
[2026-05-29 13:46:24]     spatial_update=delta_l2=0.05233295 max_abs=0.01088944 relative=0.04384907 changed=True

[2026-05-29 13:46:24] Fold 4/5 | subject=47
[2026-05-29 13:46:24]     Train: 32 | counts=[16, 16]
[2026-05-29 13:46:24]     Test:  8 | counts=[4, 4]
[2026-05-29 13:46:24]     Model: SignalJEPA_PreLocal | Pretrained: from_pretrained | Strategy: new
[2026-05-29 13:46:24]     Normalization: none | fit_scope=none
[2026-05-29 13:46:24]     Phase 1 (new): 2,170/16,010 params
[2026-05-29 13:46:25]     Result | best_epoch=1 | stop=51 | final_phase_epochs=51 | acc=0.5000 | bal_acc=0.5000 | pred_hist=[0, 8] | collapse=True
[2026-05-29 13:46:25]     spatial_conv=[4, 29] top_abs_channels=[('Pz', 0.15366535), ('O2', 0.14311503), ('T3', 0.12791461), ('T4', 0.12228695), ('O1', 0.12191369), ('CP3', 0.1214277), ('C3', 0.11569065), ('CP4', 0.11131219)]
[2026-05-29 13:46:25]     spatial_update=delta_l2=0.01200466 max_abs=0.00219616 relative=0.01005854 changed=True

[2026-05-29 13:46:26] Fold 5/5 | subject=47
[2026-05-29 13:46:26]     Train: 32 | counts=[16, 16]
[2026-05-29 13:46:26]     Test:  8 | counts=[4, 4]
[2026-05-29 13:46:26]     Model: SignalJEPA_PreLocal | Pretrained: from_pretrained | Strategy: new
[2026-05-29 13:46:26]     Normalization: none | fit_scope=none
[2026-05-29 13:46:26]     Phase 1 (new): 2,170/16,010 params
[2026-05-29 13:46:27]     Result | best_epoch=12 | stop=62 | final_phase_epochs=62 | acc=0.2500 | bal_acc=0.2500 | pred_hist=[2, 6] | collapse=False
[2026-05-29 13:46:27]     spatial_conv=[4, 29] top_abs_channels=[('Pz', 0.1525712), ('O2', 0.14271969), ('T3', 0.12722576), ('T4', 0.1228953), ('C3', 0.11956276), ('CP3', 0.11874185), ('O1', 0.11594975), ('Fp1', 0.11262566)]
[2026-05-29 13:46:27]     spatial_update=delta_l2=0.09641696 max_abs=0.02163694 relative=0.08078646 changed=True
[2026-05-29 13:46:27]   Subject 47: acc=0.4000±0.1225  bal_acc=0.4000±0.1225
[2026-05-29 13:46:27] \nSubject 48: 40 windows | class_counts=[20, 20]

[2026-05-29 13:46:27] Fold 1/5 | subject=48
[2026-05-29 13:46:27]     Train: 32 | counts=[16, 16]
[2026-05-29 13:46:27]     Test:  8 | counts=[4, 4]
[2026-05-29 13:46:27]     Model: SignalJEPA_PreLocal | Pretrained: from_pretrained | Strategy: new
[2026-05-29 13:46:27]     Normalization: none | fit_scope=none
[2026-05-29 13:46:27]     Phase 1 (new): 2,170/16,010 params
[2026-05-29 13:46:28]     Result | best_epoch=6 | stop=56 | final_phase_epochs=56 | acc=0.3750 | bal_acc=0.3750 | pred_hist=[1, 7] | collapse=False
[2026-05-29 13:46:28]     spatial_conv=[4, 29] top_abs_channels=[('Pz', 0.15315175), ('O2', 0.14299226), ('T3', 0.12602131), ('CP3', 0.1235036), ('O1', 0.1214252), ('T4', 0.11833391), ('CP4', 0.11225779), ('C3', 0.11195648)]
[2026-05-29 13:46:28]     spatial_update=delta_l2=0.04802915 max_abs=0.01095208 relative=0.04024297 changed=True

[2026-05-29 13:46:29] Fold 2/5 | subject=48
[2026-05-29 13:46:29]     Train: 32 | counts=[16, 16]
[2026-05-29 13:46:29]     Test:  8 | counts=[4, 4]
[2026-05-29 13:46:29]     Model: SignalJEPA_PreLocal | Pretrained: from_pretrained | Strategy: new
[2026-05-29 13:46:29]     Normalization: none | fit_scope=none
[2026-05-29 13:46:29]     Phase 1 (new): 2,170/16,010 params
[2026-05-29 13:46:30]     Result | best_epoch=20 | stop=70 | final_phase_epochs=70 | acc=0.5000 | bal_acc=0.5000 | pred_hist=[4, 4] | collapse=False
[2026-05-29 13:46:30]     spatial_conv=[4, 29] top_abs_channels=[('Pz', 0.15667187), ('O2', 0.13980797), ('CP3', 0.13238095), ('T4', 0.12127635), ('O1', 0.12098163), ('P3', 0.11835842), ('T3', 0.11625691), ('CP4', 0.11459109)]
[2026-05-29 13:46:30]     spatial_update=delta_l2=0.15282368 max_abs=0.03599270 relative=0.12804889 changed=True

[2026-05-29 13:46:30] Fold 3/5 | subject=48
[2026-05-29 13:46:30]     Train: 32 | counts=[16, 16]
[2026-05-29 13:46:30]     Test:  8 | counts=[4, 4]
[2026-05-29 13:46:30]     Model: SignalJEPA_PreLocal | Pretrained: from_pretrained | Strategy: new
[2026-05-29 13:46:30]     Normalization: none | fit_scope=none
[2026-05-29 13:46:30]     Phase 1 (new): 2,170/16,010 params
[2026-05-29 13:46:31]     Result | best_epoch=22 | stop=72 | final_phase_epochs=72 | acc=0.5000 | bal_acc=0.5000 | pred_hist=[2, 6] | collapse=False
[2026-05-29 13:46:31]     spatial_conv=[4, 29] top_abs_channels=[('Pz', 0.15833312), ('O2', 0.15072101), ('T3', 0.12225207), ('CP4', 0.11735152), ('CP3', 0.11697342), ('T4', 0.11532185), ('O1', 0.11520813), ('C3', 0.10825449)]
[2026-05-29 13:46:31]     spatial_update=delta_l2=0.17664456 max_abs=0.03487366 relative=0.14800807 changed=True

[2026-05-29 13:46:32] Fold 4/5 | subject=48
[2026-05-29 13:46:32]     Train: 32 | counts=[16, 16]
[2026-05-29 13:46:32]     Test:  8 | counts=[4, 4]
[2026-05-29 13:46:32]     Model: SignalJEPA_PreLocal | Pretrained: from_pretrained | Strategy: new
[2026-05-29 13:46:32]     Normalization: none | fit_scope=none
[2026-05-29 13:46:32]     Phase 1 (new): 2,170/16,010 params
[2026-05-29 13:46:33]     Result | best_epoch=25 | stop=75 | final_phase_epochs=75 | acc=0.5000 | bal_acc=0.5000 | pred_hist=[4, 4] | collapse=False
[2026-05-29 13:46:33]     spatial_conv=[4, 29] top_abs_channels=[('Pz', 0.16663486), ('O2', 0.14851293), ('CP3', 0.12615886), ('T3', 0.12462101), ('CP4', 0.11974365), ('T4', 0.11822499), ('O1', 0.11497929), ('P3', 0.11148961)]
[2026-05-29 13:46:33]     spatial_update=delta_l2=0.20188738 max_abs=0.03837513 relative=0.16915869 changed=True

[2026-05-29 13:46:33] Fold 5/5 | subject=48
[2026-05-29 13:46:33]     Train: 32 | counts=[16, 16]
[2026-05-29 13:46:33]     Test:  8 | counts=[4, 4]
[2026-05-29 13:46:33]     Model: SignalJEPA_PreLocal | Pretrained: from_pretrained | Strategy: new
[2026-05-29 13:46:33]     Normalization: none | fit_scope=none
[2026-05-29 13:46:33]     Phase 1 (new): 2,170/16,010 params
[2026-05-29 13:46:34]     Result | best_epoch=1 | stop=51 | final_phase_epochs=51 | acc=0.5000 | bal_acc=0.5000 | pred_hist=[0, 8] | collapse=True
[2026-05-29 13:46:34]     spatial_conv=[4, 29] top_abs_channels=[('Pz', 0.15382272), ('O2', 0.14329533), ('T3', 0.1268321), ('O1', 0.12203284), ('T4', 0.12184015), ('CP3', 0.12054408), ('C3', 0.11437981), ('CP4', 0.11193332)]
[2026-05-29 13:46:34]     spatial_update=delta_l2=0.01272016 max_abs=0.00225504 relative=0.01065805 changed=True
[2026-05-29 13:46:34]   Subject 48: acc=0.4750±0.0500  bal_acc=0.4750±0.0500
[2026-05-29 13:46:34] \nSubject 49: 40 windows | class_counts=[20, 20]

[2026-05-29 13:46:35] Fold 1/5 | subject=49
[2026-05-29 13:46:35]     Train: 32 | counts=[16, 16]
[2026-05-29 13:46:35]     Test:  8 | counts=[4, 4]
[2026-05-29 13:46:35]     Model: SignalJEPA_PreLocal | Pretrained: from_pretrained | Strategy: new
[2026-05-29 13:46:35]     Normalization: none | fit_scope=none
[2026-05-29 13:46:35]     Phase 1 (new): 2,170/16,010 params
[2026-05-29 13:46:36]     Result | best_epoch=28 | stop=78 | final_phase_epochs=78 | acc=0.6250 | bal_acc=0.6250 | pred_hist=[5, 3] | collapse=False
[2026-05-29 13:46:36]     spatial_conv=[4, 29] top_abs_channels=[('Pz', 0.14671245), ('O2', 0.13026354), ('P3', 0.12914315), ('Fz', 0.1187323), ('P4', 0.11589271), ('Fp1', 0.11525892), ('T3', 0.11198201), ('T4', 0.11166373)]
[2026-05-29 13:46:36]     spatial_update=delta_l2=0.27527081 max_abs=0.06578212 relative=0.23064567 changed=True

[2026-05-29 13:46:37] Fold 2/5 | subject=49
[2026-05-29 13:46:37]     Train: 32 | counts=[16, 16]
[2026-05-29 13:46:37]     Test:  8 | counts=[4, 4]
[2026-05-29 13:46:37]     Model: SignalJEPA_PreLocal | Pretrained: from_pretrained | Strategy: new
[2026-05-29 13:46:37]     Normalization: none | fit_scope=none
[2026-05-29 13:46:37]     Phase 1 (new): 2,170/16,010 params
[2026-05-29 13:46:38]     Result | best_epoch=19 | stop=69 | final_phase_epochs=69 | acc=0.2500 | bal_acc=0.2500 | pred_hist=[4, 4] | collapse=False
[2026-05-29 13:46:38]     spatial_conv=[4, 29] top_abs_channels=[('T3', 0.14516087), ('Pz', 0.13873351), ('O2', 0.13502792), ('O1', 0.12614198), ('Fp1', 0.12346578), ('P3', 0.11380391), ('T4', 0.11338139), ('CP3', 0.11298051)]
[2026-05-29 13:46:38]     spatial_update=delta_l2=0.18233344 max_abs=0.03675307 relative=0.15277471 changed=True

[2026-05-29 13:46:38] Fold 3/5 | subject=49
[2026-05-29 13:46:38]     Train: 32 | counts=[16, 16]
[2026-05-29 13:46:38]     Test:  8 | counts=[4, 4]
[2026-05-29 13:46:38]     Model: SignalJEPA_PreLocal | Pretrained: from_pretrained | Strategy: new
[2026-05-29 13:46:38]     Normalization: none | fit_scope=none
[2026-05-29 13:46:38]     Phase 1 (new): 2,170/16,010 params
[2026-05-29 13:46:39]     Result | best_epoch=1 | stop=51 | final_phase_epochs=51 | acc=0.5000 | bal_acc=0.5000 | pred_hist=[0, 8] | collapse=True
[2026-05-29 13:46:39]     spatial_conv=[4, 29] top_abs_channels=[('Pz', 0.15259431), ('O2', 0.14345822), ('T3', 0.12567027), ('T4', 0.12153326), ('O1', 0.12129225), ('CP3', 0.12061687), ('C3', 0.11555261), ('CP4', 0.11079191)]
[2026-05-29 13:46:39]     spatial_update=delta_l2=0.01203256 max_abs=0.00236458 relative=0.01008192 changed=True

[2026-05-29 13:46:39] Fold 4/5 | subject=49
[2026-05-29 13:46:39]     Train: 32 | counts=[16, 16]
[2026-05-29 13:46:39]     Test:  8 | counts=[4, 4]
[2026-05-29 13:46:39]     Model: SignalJEPA_PreLocal | Pretrained: from_pretrained | Strategy: new
[2026-05-29 13:46:39]     Normalization: none | fit_scope=none
[2026-05-29 13:46:39]     Phase 1 (new): 2,170/16,010 params
[2026-05-29 13:46:40]     Result | best_epoch=1 | stop=51 | final_phase_epochs=51 | acc=0.5000 | bal_acc=0.5000 | pred_hist=[0, 8] | collapse=True
[2026-05-29 13:46:40]     spatial_conv=[4, 29] top_abs_channels=[('Pz', 0.15306883), ('O2', 0.14465319), ('T3', 0.12559424), ('T4', 0.12203522), ('O1', 0.1218968), ('CP3', 0.12107643), ('C3', 0.11579381), ('CP4', 0.11126003)]
[2026-05-29 13:46:40]     spatial_update=delta_l2=0.01130167 max_abs=0.00217764 relative=0.00946951 changed=True

[2026-05-29 13:46:41] Fold 5/5 | subject=49
[2026-05-29 13:46:41]     Train: 32 | counts=[16, 16]
[2026-05-29 13:46:41]     Test:  8 | counts=[4, 4]
[2026-05-29 13:46:41]     Model: SignalJEPA_PreLocal | Pretrained: from_pretrained | Strategy: new
[2026-05-29 13:46:41]     Normalization: none | fit_scope=none
[2026-05-29 13:46:41]     Phase 1 (new): 2,170/16,010 params
[2026-05-29 13:46:42]     Result | best_epoch=13 | stop=63 | final_phase_epochs=63 | acc=0.5000 | bal_acc=0.5000 | pred_hist=[0, 8] | collapse=True
[2026-05-29 13:46:42]     spatial_conv=[4, 29] top_abs_channels=[('Pz', 0.15363605), ('O2', 0.14488629), ('O1', 0.12900876), ('T3', 0.12627852), ('T4', 0.120311), ('CP3', 0.11775868), ('P3', 0.1172524), ('CP4', 0.10898025)]
[2026-05-29 13:46:42]     spatial_update=delta_l2=0.11912756 max_abs=0.02476067 relative=0.09981536 changed=True
[2026-05-29 13:46:42]   Subject 49: acc=0.4750±0.1225  bal_acc=0.4750±0.1225
[2026-05-29 13:46:42] \nSubject 50: 40 windows | class_counts=[20, 20]

[2026-05-29 13:46:43] Fold 1/5 | subject=50
[2026-05-29 13:46:43]     Train: 32 | counts=[16, 16]
[2026-05-29 13:46:43]     Test:  8 | counts=[4, 4]
[2026-05-29 13:46:43]     Model: SignalJEPA_PreLocal | Pretrained: from_pretrained | Strategy: new
[2026-05-29 13:46:43]     Normalization: none | fit_scope=none
[2026-05-29 13:46:43]     Phase 1 (new): 2,170/16,010 params
[2026-05-29 13:46:43]     Result | best_epoch=7 | stop=57 | final_phase_epochs=57 | acc=0.3750 | bal_acc=0.3750 | pred_hist=[1, 7] | collapse=False
[2026-05-29 13:46:43]     spatial_conv=[4, 29] top_abs_channels=[('Pz', 0.14971201), ('O2', 0.14668643), ('O1', 0.12493212), ('T4', 0.12397909), ('T3', 0.1225986), ('CP3', 0.11911924), ('C3', 0.11654328), ('Fp1', 0.11449864)]
[2026-05-29 13:46:43]     spatial_update=delta_l2=0.05880485 max_abs=0.01147204 relative=0.04927178 changed=True

[2026-05-29 13:46:44] Fold 2/5 | subject=50
[2026-05-29 13:46:44]     Train: 32 | counts=[16, 16]
[2026-05-29 13:46:44]     Test:  8 | counts=[4, 4]
[2026-05-29 13:46:44]     Model: SignalJEPA_PreLocal | Pretrained: from_pretrained | Strategy: new
[2026-05-29 13:46:44]     Normalization: none | fit_scope=none
[2026-05-29 13:46:44]     Phase 1 (new): 2,170/16,010 params
[2026-05-29 13:46:45]     Result | best_epoch=51 | stop=101 | final_phase_epochs=101 | acc=0.5000 | bal_acc=0.5000 | pred_hist=[4, 4] | collapse=False
[2026-05-29 13:46:45]     spatial_conv=[4, 29] top_abs_channels=[('O2', 0.17430502), ('Pz', 0.15065393), ('T3', 0.12683922), ('FCz', 0.12321627), ('CP4', 0.11990076), ('F4', 0.11127855), ('T4', 0.10923484), ('P3', 0.10918876)]
[2026-05-29 13:46:45]     spatial_update=delta_l2=0.45609558 max_abs=0.12839524 relative=0.38215628 changed=True

[2026-05-29 13:46:46] Fold 3/5 | subject=50
[2026-05-29 13:46:46]     Train: 32 | counts=[16, 16]
[2026-05-29 13:46:46]     Test:  8 | counts=[4, 4]
[2026-05-29 13:46:46]     Model: SignalJEPA_PreLocal | Pretrained: from_pretrained | Strategy: new
[2026-05-29 13:46:46]     Normalization: none | fit_scope=none
[2026-05-29 13:46:46]     Phase 1 (new): 2,170/16,010 params
[2026-05-29 13:46:48]     Result | best_epoch=50 | stop=100 | final_phase_epochs=100 | acc=0.2500 | bal_acc=0.2500 | pred_hist=[6, 2] | collapse=False
[2026-05-29 13:46:48]     spatial_conv=[4, 29] top_abs_channels=[('O2', 0.15719384), ('Pz', 0.15195335), ('T4', 0.15066324), ('T3', 0.13038234), ('CP3', 0.12765601), ('P4', 0.12219304), ('C4', 0.11728825), ('Fp1', 0.11132511)]
[2026-05-29 13:46:48]     spatial_update=delta_l2=0.43523438 max_abs=0.10152543 relative=0.36467697 changed=True

[2026-05-29 13:46:48] Fold 4/5 | subject=50
[2026-05-29 13:46:48]     Train: 32 | counts=[16, 16]
[2026-05-29 13:46:48]     Test:  8 | counts=[4, 4]
[2026-05-29 13:46:48]     Model: SignalJEPA_PreLocal | Pretrained: from_pretrained | Strategy: new
[2026-05-29 13:46:48]     Normalization: none | fit_scope=none
[2026-05-29 13:46:48]     Phase 1 (new): 2,170/16,010 params
[2026-05-29 13:46:49]     Result | best_epoch=7 | stop=57 | final_phase_epochs=57 | acc=0.5000 | bal_acc=0.5000 | pred_hist=[2, 6] | collapse=False
[2026-05-29 13:46:49]     spatial_conv=[4, 29] top_abs_channels=[('Pz', 0.15221891), ('O2', 0.14572844), ('T3', 0.1235114), ('O1', 0.12154146), ('CP3', 0.12097843), ('T4', 0.12017505), ('C3', 0.11484887), ('Fp1', 0.11394596)]
[2026-05-29 13:46:49]     spatial_update=delta_l2=0.05919229 max_abs=0.01267418 relative=0.04959641 changed=True

[2026-05-29 13:46:50] Fold 5/5 | subject=50
[2026-05-29 13:46:50]     Train: 32 | counts=[16, 16]
[2026-05-29 13:46:50]     Test:  8 | counts=[4, 4]
[2026-05-29 13:46:50]     Model: SignalJEPA_PreLocal | Pretrained: from_pretrained | Strategy: new
[2026-05-29 13:46:50]     Normalization: none | fit_scope=none
[2026-05-29 13:46:50]     Phase 1 (new): 2,170/16,010 params
[2026-05-29 13:46:50]     Result | best_epoch=1 | stop=51 | final_phase_epochs=51 | acc=0.5000 | bal_acc=0.5000 | pred_hist=[0, 8] | collapse=True
[2026-05-29 13:46:50]     spatial_conv=[4, 29] top_abs_channels=[('Pz', 0.15269437), ('O2', 0.14563799), ('T3', 0.12640224), ('T4', 0.12220176), ('O1', 0.12098439), ('CP3', 0.12082422), ('C3', 0.11497726), ('CP4', 0.11044517)]
[2026-05-29 13:46:50]     spatial_update=delta_l2=0.01137094 max_abs=0.00225279 relative=0.00952755 changed=True
[2026-05-29 13:46:50]   Subject 50: acc=0.4250±0.1000  bal_acc=0.4250±0.1000

[2026-05-29 13:46:50] Total evaluation splits completed: 250
[2026-05-29 13:46:50] ======================================================================
[2026-05-29 13:46:50] AGGREGATED RESULTS
[2026-05-29 13:46:50] ======================================================================
[2026-05-29 13:46:50]   1: acc=0.4250±0.1275  bal_acc=0.4250±0.1275
[2026-05-29 13:46:50]   2: acc=0.6750±0.1275  bal_acc=0.6750±0.1275
[2026-05-29 13:46:50]   3: acc=0.5750±0.1696  bal_acc=0.5750±0.1696
[2026-05-29 13:46:50]   4: acc=0.5500±0.0612  bal_acc=0.5500±0.0612
[2026-05-29 13:46:50]   5: acc=0.5250±0.0500  bal_acc=0.5250±0.0500
[2026-05-29 13:46:50]   6: acc=0.4000±0.0935  bal_acc=0.4000±0.0935
[2026-05-29 13:46:50]   7: acc=0.6000±0.2000  bal_acc=0.6000±0.2000
[2026-05-29 13:46:50]   8: acc=0.5750±0.1275  bal_acc=0.5750±0.1275
[2026-05-29 13:46:50]   9: acc=0.4750±0.1837  bal_acc=0.4750±0.1837
[2026-05-29 13:46:50]   10: acc=0.4000±0.1225  bal_acc=0.4000±0.1225
[2026-05-29 13:46:50]   11: acc=0.5500±0.0612  bal_acc=0.5500±0.0612
[2026-05-29 13:46:50]   12: acc=0.5250±0.0500  bal_acc=0.5250±0.0500
[2026-05-29 13:46:50]   13: acc=0.7750±0.0935  bal_acc=0.7750±0.0935
[2026-05-29 13:46:50]   14: acc=0.5500±0.1696  bal_acc=0.5500±0.1696
[2026-05-29 13:46:50]   15: acc=0.5250±0.0935  bal_acc=0.5250±0.0935
[2026-05-29 13:46:50]   16: acc=0.3500±0.1225  bal_acc=0.3500±0.1225
[2026-05-29 13:46:50]   17: acc=0.5250±0.0935  bal_acc=0.5250±0.0935
[2026-05-29 13:46:50]   18: acc=0.7500±0.1118  bal_acc=0.7500±0.1118
[2026-05-29 13:46:50]   19: acc=0.3750±0.0791  bal_acc=0.3750±0.0791
[2026-05-29 13:46:50]   20: acc=0.6250±0.2500  bal_acc=0.6250±0.2500
[2026-05-29 13:46:50]   21: acc=0.5500±0.0612  bal_acc=0.5500±0.0612
[2026-05-29 13:46:50]   22: acc=0.7750±0.1225  bal_acc=0.7750±0.1225
[2026-05-29 13:46:50]   23: acc=0.5000±0.0000  bal_acc=0.5000±0.0000
[2026-05-29 13:46:50]   24: acc=0.4500±0.0612  bal_acc=0.4500±0.0612
[2026-05-29 13:46:50]   25: acc=0.4000±0.0935  bal_acc=0.4000±0.0935
[2026-05-29 13:46:50]   26: acc=0.5250±0.0500  bal_acc=0.5250±0.0500
[2026-05-29 13:46:50]   27: acc=0.5500±0.0612  bal_acc=0.5500±0.0612
[2026-05-29 13:46:50]   28: acc=0.5750±0.1000  bal_acc=0.5750±0.1000
[2026-05-29 13:46:50]   29: acc=0.4500±0.1000  bal_acc=0.4500±0.1000
[2026-05-29 13:46:50]   30: acc=0.5250±0.0935  bal_acc=0.5250±0.0935
[2026-05-29 13:46:50]   31: acc=0.5000±0.0791  bal_acc=0.5000±0.0791
[2026-05-29 13:46:50]   32: acc=0.4000±0.1225  bal_acc=0.4000±0.1225
[2026-05-29 13:46:50]   33: acc=0.5000±0.0000  bal_acc=0.5000±0.0000
[2026-05-29 13:46:50]   34: acc=0.6250±0.1581  bal_acc=0.6250±0.1581
[2026-05-29 13:46:50]   35: acc=0.5750±0.1000  bal_acc=0.5750±0.1000
[2026-05-29 13:46:50]   36: acc=0.5500±0.1000  bal_acc=0.5500±0.1000
[2026-05-29 13:46:50]   37: acc=0.6000±0.1837  bal_acc=0.6000±0.1837
[2026-05-29 13:46:50]   38: acc=0.6000±0.1837  bal_acc=0.6000±0.1837
[2026-05-29 13:46:50]   39: acc=0.5500±0.0612  bal_acc=0.5500±0.0612
[2026-05-29 13:46:50]   40: acc=0.5750±0.1696  bal_acc=0.5750±0.1696
[2026-05-29 13:46:50]   41: acc=0.5750±0.1500  bal_acc=0.5750±0.1500
[2026-05-29 13:46:50]   42: acc=0.5000±0.0791  bal_acc=0.5000±0.0791
[2026-05-29 13:46:50]   43: acc=0.5500±0.1275  bal_acc=0.5500±0.1275
[2026-05-29 13:46:50]   44: acc=0.6250±0.0791  bal_acc=0.6250±0.0791
[2026-05-29 13:46:50]   45: acc=0.4500±0.0612  bal_acc=0.4500±0.0612
[2026-05-29 13:46:50]   46: acc=0.6250±0.0791  bal_acc=0.6250±0.0791
[2026-05-29 13:46:50]   47: acc=0.4000±0.1225  bal_acc=0.4000±0.1225
[2026-05-29 13:46:50]   48: acc=0.4750±0.0500  bal_acc=0.4750±0.0500
[2026-05-29 13:46:50]   49: acc=0.4750±0.1225  bal_acc=0.4750±0.1225
[2026-05-29 13:46:50]   50: acc=0.4250±0.1000  bal_acc=0.4250±0.1000
[2026-05-29 13:46:50] ----------------------------------------------------------------------
[2026-05-29 13:46:50]   OVERALL: acc=0.5325±0.1500  bal_acc=0.5325±0.1500
[2026-05-29 13:46:50] ======================================================================
[2026-05-29 13:46:51] Performance tables saved:
[2026-05-29 13:46:51]   Fold-level results:       /home/vegorov/Repos/eeg_jepa_research/artifacts/liu2024-source-mat-sjepa-prelocal/20260529_1340_a6a36265/fold_level_results.csv
[2026-05-29 13:46:51]   Subject-level summary:    /home/vegorov/Repos/eeg_jepa_research/artifacts/liu2024-source-mat-sjepa-prelocal/20260529_1340_a6a36265/subject_level_summary.csv
[2026-05-29 13:46:51]   Global method comparison: /home/vegorov/Repos/eeg_jepa_research/artifacts/liu2024-source-mat-sjepa-prelocal/20260529_1340_a6a36265/global_method_comparison.csv
[2026-05-29 13:46:51] Subject performance plot saved to: /home/vegorov/Repos/eeg_jepa_research/artifacts/liu2024-source-mat-sjepa-prelocal/20260529_1340_a6a36265/sjepa_prelocal_subject_performance.png
[2026-05-29 13:46:51] Global performance plot saved to: /home/vegorov/Repos/eeg_jepa_research/artifacts/liu2024-source-mat-sjepa-prelocal/20260529_1340_a6a36265/sjepa_prelocal_global_performance_summary.png
[2026-05-29 13:46:51] Aggregated confusion matrix plot saved to: /home/vegorov/Repos/eeg_jepa_research/artifacts/liu2024-source-mat-sjepa-prelocal/20260529_1340_a6a36265/sjepa_prelocal_aggregated_confusion_matrix.png
[2026-05-29 13:46:51] Confusion metrics saved to: /home/vegorov/Repos/eeg_jepa_research/artifacts/liu2024-source-mat-sjepa-prelocal/20260529_1340_a6a36265/sjepa_prelocal_confusion_metrics.csv

[2026-05-29 13:46:51] ======================================================================
[2026-05-29 13:46:51] EXPERIMENT SUMMARY
[2026-05-29 13:46:51] ======================================================================
[2026-05-29 13:46:51] Run ID:                 20260529_1340_a6a36265
[2026-05-29 13:46:51] Experiment:             anticollapse_537_balacc_ls005_balance001
[2026-05-29 13:46:51] Subjects:               50
[2026-05-29 13:46:51] Model:                  SignalJEPA_PreLocal
[2026-05-29 13:46:51] Pretrained mode:        from_pretrained
[2026-05-29 13:46:51] Strategy:               new
[2026-05-29 13:46:51] Preprocessing:          baseline_window_mean | ref=average | resample=True->128 | filter=True 0.5–40.0 fir
[2026-05-29 13:46:51] Window:                 start=2.0s | 4.195s / 537 samples
[2026-05-29 13:46:51] Artifacts:              /home/vegorov/Repos/eeg_jepa_research/artifacts/liu2024-source-mat-sjepa-prelocal/20260529_1340_a6a36265
[2026-05-29 13:46:51] Mean Accuracy:          0.5325 ± 0.1500
[2026-05-29 13:46:51] Mean Balanced Accuracy: 0.5325 ± 0.1500
[2026-05-29 13:46:51] ======================================================================

[2026-05-29 13:46:51] Spatial convolution analysis saved:
[2026-05-29 13:46:51]   Long channel CSV:        /home/vegorov/Repos/eeg_jepa_research/artifacts/liu2024-source-mat-sjepa-prelocal/20260529_1340_a6a36265/spatial_conv_analysis/spatial_channel_importance_long.csv
[2026-05-29 13:46:51]   Fold diagnostics CSV:    /home/vegorov/Repos/eeg_jepa_research/artifacts/liu2024-source-mat-sjepa-prelocal/20260529_1340_a6a36265/spatial_conv_analysis/fold_diagnostics.csv
[2026-05-29 13:46:51]   Fold weight JSON:        /home/vegorov/Repos/eeg_jepa_research/artifacts/liu2024-source-mat-sjepa-prelocal/20260529_1340_a6a36265/spatial_conv_analysis/spatial_conv_weights_by_fold.json
[2026-05-29 13:46:51]   Global importance CSV:   /home/vegorov/Repos/eeg_jepa_research/artifacts/liu2024-source-mat-sjepa-prelocal/20260529_1340_a6a36265/spatial_conv_analysis/spatial_channel_importance_global.csv
[2026-05-29 13:46:51]   Subject importance CSV:  /home/vegorov/Repos/eeg_jepa_research/artifacts/liu2024-source-mat-sjepa-prelocal/20260529_1340_a6a36265/spatial_conv_analysis/spatial_channel_importance_by_subject.csv
[2026-05-29 13:46:51]   Diagnostic summary JSON: /home/vegorov/Repos/eeg_jepa_research/artifacts/liu2024-source-mat-sjepa-prelocal/20260529_1340_a6a36265/spatial_conv_analysis/diagnostic_summary.json

[2026-05-29 13:46:51] Diagnostic summary:
[2026-05-29 13:46:51] {
  "n_folds": 250,
  "collapse_rate": 0.32,
  "mean_collapse_ratio": 0.7845,
  "mean_spatial_delta_l2": 0.10991827744,
  "mean_spatial_relative_delta": 0.09209903024,
  "spatial_changed_rate": 1.0,
  "mean_confidence": 0.51273826804,
  "mean_normalized_prediction_entropy": 0.9981546360399999
}

[2026-05-29 13:46:51] Top global channels by mean absolute spatial weight:
[2026-05-29 13:46:51] CV results saved to:      /home/vegorov/Repos/eeg_jepa_research/artifacts/liu2024-source-mat-sjepa-prelocal/20260529_1340_a6a36265/cv_results.json
[2026-05-29 13:46:51] Subject metrics saved to: /home/vegorov/Repos/eeg_jepa_research/artifacts/liu2024-source-mat-sjepa-prelocal/20260529_1340_a6a36265/subject_metrics.json
[2026-05-29 13:46:51] Global metrics saved to:  /home/vegorov/Repos/eeg_jepa_research/artifacts/liu2024-source-mat-sjepa-prelocal/20260529_1340_a6a36265/global_metrics.json
[2026-05-29 13:46:51] Subject performance plot: /home/vegorov/Repos/eeg_jepa_research/artifacts/liu2024-source-mat-sjepa-prelocal/20260529_1340_a6a36265/sjepa_prelocal_subject_performance.png
[2026-05-29 13:46:51] Global performance plot:  /home/vegorov/Repos/eeg_jepa_research/artifacts/liu2024-source-mat-sjepa-prelocal/20260529_1340_a6a36265/sjepa_prelocal_global_performance_summary.png
[2026-05-29 13:46:51] Confusion matrix plot:    /home/vegorov/Repos/eeg_jepa_research/artifacts/liu2024-source-mat-sjepa-prelocal/20260529_1340_a6a36265/sjepa_prelocal_aggregated_confusion_matrix.png
[2026-05-29 13:46:51] Run metadata saved to:    /home/vegorov/Repos/eeg_jepa_research/artifacts/liu2024-source-mat-sjepa-prelocal/20260529_1340_a6a36265/run_metadata.json

[2026-05-29 13:46:51] All artifacts in: /home/vegorov/Repos/eeg_jepa_research/artifacts/liu2024-source-mat-sjepa-prelocal/20260529_1340_a6a36265
