{
  "mean_accuracy": 0.7814285714285714,
  "std_accuracy": 0.24526537065149726,
  "mean_balanced_accuracy": 0.7814285714285714,
  "std_balanced_accuracy": 0.24526537065149726,
  "n_subjects": 7,
  "n_folds_total": 35
}