{
  "48": {
    "accuracies": [
      0.95,
      0.9,
      1.0,
      1.0,
      0.95
    ],
    "balanced_accuracies": [
      0.95,
      0.9,
      1.0,
      1.0,
      0.95
    ],
    "mean_accuracy": 0.96,
    "std_accuracy": 0.03741657386773941,
    "mean_balanced_accuracy": 0.96,
    "std_balanced_accuracy": 0.03741657386773941
  },
  "49": {
    "accuracies": [
      0.8,
      0.9,
      0.9,
      0.9,
      0.85
    ],
    "balanced_accuracies": [
      0.8,
      0.8999999999999999,
      0.9,
      0.9,
      0.8500000000000001
    ],
    "mean_accuracy": 0.8699999999999999,
    "std_accuracy": 0.039999999999999994,
    "mean_balanced_accuracy": 0.8699999999999999,
    "std_balanced_accuracy": 0.03999999999999997
  },
  "50": {
    "accuracies": [
      0.8,
      0.8,
      0.95,
      1.0,
      0.9
    ],
    "balanced_accuracies": [
      0.8,
      0.8,
      0.95,
      1.0,
      0.9
    ],
    "mean_accuracy": 0.89,
    "std_accuracy": 0.07999999999999997,
    "mean_balanced_accuracy": 0.89,
    "std_balanced_accuracy": 0.07999999999999997
  },
  "51": {
    "accuracies": [
      0.25,
      0.35,
      0.45,
      0.4,
      0.55
    ],
    "balanced_accuracies": [
      0.25,
      0.35,
      0.45000000000000007,
      0.4,
      0.55
    ],
    "mean_accuracy": 0.4,
    "std_accuracy": 0.10000000000000002,
    "mean_balanced_accuracy": 0.4,
    "std_balanced_accuracy": 0.10000000000000003
  },
  "52": {
    "accuracies": [
      0.85,
      0.95,
      0.95,
      1.0,
      1.0
    ],
    "balanced_accuracies": [
      0.85,
      0.95,
      0.95,
      1.0,
      1.0
    ],
    "mean_accuracy": 0.95,
    "std_accuracy": 0.05477225575051661,
    "mean_balanced_accuracy": 0.95,
    "std_balanced_accuracy": 0.05477225575051661
  },
  "53": {
    "accuracies": [
      0.95,
      0.85,
      1.0,
      0.9,
      1.0
    ],
    "balanced_accuracies": [
      0.95,
      0.8500000000000001,
      1.0,
      0.9,
      1.0
    ],
    "mean_accuracy": 0.9399999999999998,
    "std_accuracy": 0.05830951894845301,
    "mean_balanced_accuracy": 0.9399999999999998,
    "std_balanced_accuracy": 0.05830951894845297
  },
  "54": {
    "accuracies": [
      0.65,
      0.25,
      0.5,
      0.2,
      0.7
    ],
    "balanced_accuracies": [
      0.6499999999999999,
      0.25,
      0.5,
      0.2,
      0.7000000000000001
    ],
    "mean_accuracy": 0.45999999999999996,
    "std_accuracy": 0.20346989949375802,
    "mean_balanced_accuracy": 0.45999999999999996,
    "std_balanced_accuracy": 0.20346989949375804
  }
}