{
  "mean_accuracy": 0.5864488808227465,
  "std_accuracy": 0.0713026169492112,
  "mean_balanced_accuracy": 0.586822660098522,
  "std_balanced_accuracy": 0.07056768454722231,
  "n_groups": 1,
  "n_folds_total": 5
}