{
  "1": {
    "accuracies": [
      0.6724137931034483,
      0.5862068965517241,
      0.603448275862069,
      0.45614035087719296,
      0.6140350877192983
    ],
    "balanced_accuracies": [
      0.6724137931034482,
      0.5862068965517242,
      0.603448275862069,
      0.458128078817734,
      0.6139162561576355
    ],
    "mean_accuracy": 0.5864488808227465,
    "std_accuracy": 0.0713026169492112,
    "mean_balanced_accuracy": 0.586822660098522,
    "std_balanced_accuracy": 0.07056768454722231
  }
}