[2026-05-19 15:09:21] Run ID:     20260519_1509_05a50fbf
[2026-05-19 15:09:21] Artifacts:  /Users/vadim/Documents/School/Spring 2026/CSCE A698 Individual Research/EEG_JEPA/artifacts/liu2024-source-mat-sjepa-prelocal/20260519_1509_05a50fbf
[2026-05-19 15:09:21] Config:     /Users/vadim/Documents/School/Spring 2026/CSCE A698 Individual Research/EEG_JEPA/artifacts/liu2024-source-mat-sjepa-prelocal/20260519_1509_05a50fbf/config.json
[2026-05-19 15:09:21] Using device: mps
[2026-05-19 15:09:22] Seed initialized: 12
[2026-05-19 15:09:22] Source extract dir: /Users/vadim/Documents/School/Spring 2026/CSCE A698 Individual Research/EEG_JEPA/liu2024_figshare/sourcedata
[2026-05-19 15:09:22] Found 50 .mat files
[2026-05-19 15:09:28] Subjects loaded: [1, 2, 3, 4, 5, 6, 7, 8, 9, 10, 11, 12, 13, 14, 15, 16, 17, 18, 19, 20, 21, 22, 23, 24, 25, 26, 27, 28, 29, 30, 31, 32, 33, 34, 35, 36, 37, 38, 39, 40, 41, 42, 43, 44, 45, 46, 47, 48, 49, 50]
[2026-05-19 15:09:41] X_ALL shape: (2000, 29, 537) | Y_ALL counts: [1000, 1000]
[2026-05-19 15:09:41] ======================================================================
[2026-05-19 15:09:41] STARTING WITHIN-SUBJECT CROSS-VALIDATION
[2026-05-19 15:09:41] ======================================================================
[2026-05-19 15:09:41] Dataset:       Liu2024_SourceMAT
[2026-05-19 15:09:41] Subjects:      ['1', '2', '3', '4', '5', '6', '7', '8', '9', '10', '11', '12', '13', '14', '15', '16', '17', '18', '19', '20', '21', '22', '23', '24', '25', '26', '27', '28', '29', '30', '31', '32', '33', '34', '35', '36', '37', '38', '39', '40', '41', '42', '43', '44', '45', '46', '47', '48', '49', '50']
[2026-05-19 15:09:41] Model:         SignalJEPA_PreLocal
[2026-05-19 15:09:41] Pretrained:    from_pretrained
[2026-05-19 15:09:41] Strategy:      full
[2026-05-19 15:09:41] Optimizer:     AdamW | lr=0.0002 | wd=0.0001
[2026-05-19 15:09:41] Noise aug:     0.05
[2026-05-19 15:09:41] CV folds:      5
[2026-05-19 15:09:41] Val split:     0.2
[2026-05-19 15:09:41] Max epochs:    50
[2026-05-19 15:09:41] Device:        mps
[2026-05-19 15:09:41] ======================================================================

[2026-05-19 15:09:41] Subject 1: 40 windows | class_counts=[20, 20]

[2026-05-19 15:09:42] Fold 1/5 | subject=1
[2026-05-19 15:09:42]     Train: 32 | counts=[16, 16]
[2026-05-19 15:09:42]     Test:  8 | counts=[4, 4]
[2026-05-19 15:09:42]     Model: SignalJEPA_PreLocal | Pretrained: from_pretrained | Strategy: full
[2026-05-19 15:09:42]     Phase 1 (warmup): 2,170/16,010 params
[2026-05-19 15:09:43]     Phase 2 (full): 16,010/16,010 params
[2026-05-19 15:09:43]     Result | best_epoch=12 | stop=50 | acc=0.6250 | bal_acc=0.6250 | pred_hist=[3, 5] | collapse=False
[2026-05-19 15:09:43]     spatial_conv=[4, 29] top_abs_channels=[('FC4', 0.16066906), ('Pz', 0.13243034), ('FT7', 0.12451067), ('C3', 0.11936389), ('FCz', 0.11645128), ('CP4', 0.11622988), ('FC3', 0.11556286), ('O2', 0.11386997)]
[2026-05-19 15:09:43]     spatial_update=delta_l2=0.06280670 max_abs=0.00953113 relative=0.05374656 changed=True

[2026-05-19 15:09:44] Fold 2/5 | subject=1
[2026-05-19 15:09:44]     Train: 32 | counts=[16, 16]
[2026-05-19 15:09:44]     Test:  8 | counts=[4, 4]
[2026-05-19 15:09:44]     Model: SignalJEPA_PreLocal | Pretrained: from_pretrained | Strategy: full
[2026-05-19 15:09:44]     Phase 1 (warmup): 2,170/16,010 params
[2026-05-19 15:09:44]     Phase 2 (full): 16,010/16,010 params
[2026-05-19 15:09:45]     Result | best_epoch=50 | stop=50 | acc=0.5000 | bal_acc=0.5000 | pred_hist=[6, 2] | collapse=False
[2026-05-19 15:09:45]     spatial_conv=[4, 29] top_abs_channels=[('FC4', 0.16109811), ('Pz', 0.13841256), ('FT7', 0.12329197), ('C3', 0.12026941), ('FCz', 0.1200785), ('CP4', 0.11957254), ('O2', 0.1167314), ('FC3', 0.11324993)]
[2026-05-19 15:09:45]     spatial_update=delta_l2=0.06299600 max_abs=0.01006347 relative=0.05390856 changed=True

[2026-05-19 15:09:46] Fold 3/5 | subject=1
[2026-05-19 15:09:46]     Train: 32 | counts=[16, 16]
[2026-05-19 15:09:46]     Test:  8 | counts=[4, 4]
[2026-05-19 15:09:46]     Model: SignalJEPA_PreLocal | Pretrained: from_pretrained | Strategy: full
[2026-05-19 15:09:46]     Phase 1 (warmup): 2,170/16,010 params
[2026-05-19 15:09:46]     Phase 2 (full): 16,010/16,010 params
[2026-05-19 15:09:46]     Result | best_epoch=46 | stop=50 | acc=0.3750 | bal_acc=0.3750 | pred_hist=[3, 5] | collapse=False
[2026-05-19 15:09:46]     spatial_conv=[4, 29] top_abs_channels=[('FC4', 0.16483673), ('Pz', 0.1354363), ('FT7', 0.12384802), ('C3', 0.11975196), ('FCz', 0.11830021), ('CP4', 0.11546165), ('FC3', 0.11525472), ('Fp1', 0.11295994)]
[2026-05-19 15:09:46]     spatial_update=delta_l2=0.06478038 max_abs=0.01048494 relative=0.05543553 changed=True

[2026-05-19 15:09:47] Fold 4/5 | subject=1
[2026-05-19 15:09:47]     Train: 32 | counts=[16, 16]
[2026-05-19 15:09:47]     Test:  8 | counts=[4, 4]
[2026-05-19 15:09:47]     Model: SignalJEPA_PreLocal | Pretrained: from_pretrained | Strategy: full
[2026-05-19 15:09:47]     Phase 1 (warmup): 2,170/16,010 params
[2026-05-19 15:09:47]     Phase 2 (full): 16,010/16,010 params
[2026-05-19 15:09:48]     Result | best_epoch=1 | stop=50 | acc=0.7500 | bal_acc=0.7500 | pred_hist=[6, 2] | collapse=False
[2026-05-19 15:09:48]     spatial_conv=[4, 29] top_abs_channels=[('FC4', 0.16333546), ('Pz', 0.13746549), ('FT7', 0.12153779), ('C3', 0.12078522), ('FCz', 0.11938958), ('FC3', 0.11728448), ('CP4', 0.11676758), ('O2', 0.11603197)]
[2026-05-19 15:09:48]     spatial_update=delta_l2=0.06917692 max_abs=0.01018771 relative=0.05919785 changed=True

[2026-05-19 15:09:49] Fold 5/5 | subject=1
[2026-05-19 15:09:49]     Train: 32 | counts=[16, 16]
[2026-05-19 15:09:49]     Test:  8 | counts=[4, 4]
[2026-05-19 15:09:49]     Model: SignalJEPA_PreLocal | Pretrained: from_pretrained | Strategy: full
[2026-05-19 15:09:49]     Phase 1 (warmup): 2,170/16,010 params
[2026-05-19 15:09:49]     Phase 2 (full): 16,010/16,010 params
[2026-05-19 15:09:50]     Result | best_epoch=50 | stop=50 | acc=0.5000 | bal_acc=0.5000 | pred_hist=[6, 2] | collapse=False
[2026-05-19 15:09:50]     spatial_conv=[4, 29] top_abs_channels=[('FC4', 0.16062386), ('Pz', 0.13277683), ('FC3', 0.12197056), ('FT7', 0.12131037), ('CP4', 0.11890757), ('C3', 0.11754104), ('FCz', 0.11610904), ('O2', 0.11356491)]
[2026-05-19 15:09:50]     spatial_update=delta_l2=0.06806476 max_abs=0.01046079 relative=0.05824612 changed=True
[2026-05-19 15:09:50]   Subject 1: acc=0.5500±0.1275  bal_acc=0.5500±0.1275

[2026-05-19 15:09:50] Subject 2: 40 windows | class_counts=[20, 20]

[2026-05-19 15:09:50] Fold 1/5 | subject=2
[2026-05-19 15:09:50]     Train: 32 | counts=[16, 16]
[2026-05-19 15:09:50]     Test:  8 | counts=[4, 4]
[2026-05-19 15:09:50]     Model: SignalJEPA_PreLocal | Pretrained: from_pretrained | Strategy: full
[2026-05-19 15:09:50]     Phase 1 (warmup): 2,170/16,010 params
[2026-05-19 15:09:50]     Phase 2 (full): 16,010/16,010 params
[2026-05-19 15:09:51]     Result | best_epoch=50 | stop=50 | acc=0.5000 | bal_acc=0.5000 | pred_hist=[2, 6] | collapse=False
[2026-05-19 15:09:51]     spatial_conv=[4, 29] top_abs_channels=[('FC4', 0.16202159), ('Pz', 0.13398618), ('FT7', 0.12556879), ('C3', 0.12045124), ('T7', 0.11836942), ('Fp1', 0.11691339), ('CP4', 0.11582745), ('P7', 0.11506478)]
[2026-05-19 15:09:51]     spatial_update=delta_l2=0.06430943 max_abs=0.01010941 relative=0.05503252 changed=True

[2026-05-19 15:09:52] Fold 2/5 | subject=2
[2026-05-19 15:09:52]     Train: 32 | counts=[16, 16]
[2026-05-19 15:09:52]     Test:  8 | counts=[4, 4]
[2026-05-19 15:09:52]     Model: SignalJEPA_PreLocal | Pretrained: from_pretrained | Strategy: full
[2026-05-19 15:09:52]     Phase 1 (warmup): 2,170/16,010 params
[2026-05-19 15:09:52]     Phase 2 (full): 16,010/16,010 params
[2026-05-19 15:09:53]     Result | best_epoch=50 | stop=50 | acc=0.3750 | bal_acc=0.3750 | pred_hist=[1, 7] | collapse=False
[2026-05-19 15:09:53]     spatial_conv=[4, 29] top_abs_channels=[('FC4', 0.15941423), ('Pz', 0.1348487), ('FT7', 0.12768866), ('C3', 0.12140872), ('T7', 0.11685619), ('Fp1', 0.11618509), ('CP4', 0.11556545), ('P7', 0.11190422)]
[2026-05-19 15:09:53]     spatial_update=delta_l2=0.06107740 max_abs=0.01054371 relative=0.05226672 changed=True

[2026-05-19 15:09:53] Fold 3/5 | subject=2
[2026-05-19 15:09:53]     Train: 32 | counts=[16, 16]
[2026-05-19 15:09:53]     Test:  8 | counts=[4, 4]
[2026-05-19 15:09:53]     Model: SignalJEPA_PreLocal | Pretrained: from_pretrained | Strategy: full
[2026-05-19 15:09:53]     Phase 1 (warmup): 2,170/16,010 params
[2026-05-19 15:09:54]     Phase 2 (full): 16,010/16,010 params
[2026-05-19 15:09:54]     Result | best_epoch=50 | stop=50 | acc=0.7500 | bal_acc=0.7500 | pred_hist=[4, 4] | collapse=False
[2026-05-19 15:09:54]     spatial_conv=[4, 29] top_abs_channels=[('FC4', 0.16462551), ('Pz', 0.13332848), ('FT7', 0.12542062), ('C3', 0.12494422), ('T7', 0.11880738), ('CP4', 0.1179169), ('Fp1', 0.11779525), ('O2', 0.11262432)]
[2026-05-19 15:09:54]     spatial_update=delta_l2=0.06598051 max_abs=0.01046835 relative=0.05646253 changed=True

[2026-05-19 15:09:55] Fold 4/5 | subject=2
[2026-05-19 15:09:55]     Train: 32 | counts=[16, 16]
[2026-05-19 15:09:55]     Test:  8 | counts=[4, 4]
[2026-05-19 15:09:55]     Model: SignalJEPA_PreLocal | Pretrained: from_pretrained | Strategy: full
[2026-05-19 15:09:55]     Phase 1 (warmup): 2,170/16,010 params
[2026-05-19 15:09:55]     Phase 2 (full): 16,010/16,010 params
[2026-05-19 15:09:56]     Result | best_epoch=50 | stop=50 | acc=0.6250 | bal_acc=0.6250 | pred_hist=[5, 3] | collapse=False
[2026-05-19 15:09:56]     spatial_conv=[4, 29] top_abs_channels=[('FC4', 0.15875418), ('Pz', 0.13506234), ('FT7', 0.12580523), ('C3', 0.12497184), ('Fp1', 0.11923572), ('CP4', 0.11722812), ('T7', 0.11366466), ('FCz', 0.1129768)]
[2026-05-19 15:09:56]     spatial_update=delta_l2=0.06958305 max_abs=0.01009961 relative=0.05954539 changed=True

[2026-05-19 15:09:57] Fold 5/5 | subject=2
[2026-05-19 15:09:57]     Train: 32 | counts=[16, 16]
[2026-05-19 15:09:57]     Test:  8 | counts=[4, 4]
[2026-05-19 15:09:57]     Model: SignalJEPA_PreLocal | Pretrained: from_pretrained | Strategy: full
[2026-05-19 15:09:57]     Phase 1 (warmup): 2,170/16,010 params
[2026-05-19 15:09:57]     Phase 2 (full): 16,010/16,010 params
[2026-05-19 15:09:58]     Result | best_epoch=50 | stop=50 | acc=0.6250 | bal_acc=0.6250 | pred_hist=[5, 3] | collapse=False
[2026-05-19 15:09:58]     spatial_conv=[4, 29] top_abs_channels=[('FC4', 0.16118428), ('Pz', 0.13662225), ('FT7', 0.1282576), ('C3', 0.12221259), ('Fp1', 0.12015304), ('CP4', 0.11840001), ('T7', 0.1150866), ('FCz', 0.11309032)]
[2026-05-19 15:09:58]     spatial_update=delta_l2=0.06340517 max_abs=0.01023082 relative=0.05425870 changed=True
[2026-05-19 15:09:58]   Subject 2: acc=0.5750±0.1275  bal_acc=0.5750±0.1275

[2026-05-19 15:09:58] Subject 3: 40 windows | class_counts=[20, 20]

[2026-05-19 15:09:58] Fold 1/5 | subject=3
[2026-05-19 15:09:58]     Train: 32 | counts=[16, 16]
[2026-05-19 15:09:58]     Test:  8 | counts=[4, 4]
[2026-05-19 15:09:58]     Model: SignalJEPA_PreLocal | Pretrained: from_pretrained | Strategy: full
[2026-05-19 15:09:58]     Phase 1 (warmup): 2,170/16,010 params
[2026-05-19 15:09:59]     Phase 2 (full): 16,010/16,010 params
[2026-05-19 15:09:59]     Result | best_epoch=1 | stop=50 | acc=0.3750 | bal_acc=0.3750 | pred_hist=[3, 5] | collapse=False
[2026-05-19 15:09:59]     spatial_conv=[4, 29] top_abs_channels=[('FC4', 0.16191989), ('Pz', 0.14221343), ('FT7', 0.12306968), ('C3', 0.12044127), ('Fp1', 0.11428306), ('FCz', 0.11396956), ('FC3', 0.11378412), ('T7', 0.11296961)]
[2026-05-19 15:09:59]     spatial_update=delta_l2=0.07746341 max_abs=0.01048283 relative=0.06628898 changed=True

[2026-05-19 15:10:00] Fold 2/5 | subject=3
[2026-05-19 15:10:00]     Train: 32 | counts=[16, 16]
[2026-05-19 15:10:00]     Test:  8 | counts=[4, 4]
[2026-05-19 15:10:00]     Model: SignalJEPA_PreLocal | Pretrained: from_pretrained | Strategy: full
[2026-05-19 15:10:00]     Phase 1 (warmup): 2,170/16,010 params
[2026-05-19 15:10:00]     Phase 2 (full): 16,010/16,010 params
[2026-05-19 15:10:01]     Result | best_epoch=50 | stop=50 | acc=0.6250 | bal_acc=0.6250 | pred_hist=[7, 1] | collapse=False
[2026-05-19 15:10:01]     spatial_conv=[4, 29] top_abs_channels=[('FC4', 0.15900484), ('Pz', 0.13854347), ('FT7', 0.12906981), ('C3', 0.12137493), ('O2', 0.11754926), ('FC3', 0.11629315), ('T7', 0.11449774), ('FCz', 0.11225961)]
[2026-05-19 15:10:01]     spatial_update=delta_l2=0.07468813 max_abs=0.01032040 relative=0.06391404 changed=True

[2026-05-19 15:10:02] Fold 3/5 | subject=3
[2026-05-19 15:10:02]     Train: 32 | counts=[16, 16]
[2026-05-19 15:10:02]     Test:  8 | counts=[4, 4]
[2026-05-19 15:10:02]     Model: SignalJEPA_PreLocal | Pretrained: from_pretrained | Strategy: full
[2026-05-19 15:10:02]     Phase 1 (warmup): 2,170/16,010 params
[2026-05-19 15:10:02]     Phase 2 (full): 16,010/16,010 params
[2026-05-19 15:10:03]     Result | best_epoch=50 | stop=50 | acc=0.5000 | bal_acc=0.5000 | pred_hist=[4, 4] | collapse=False
[2026-05-19 15:10:03]     spatial_conv=[4, 29] top_abs_channels=[('FC4', 0.1652734), ('Pz', 0.13562244), ('FT7', 0.12902041), ('C3', 0.12314001), ('FCz', 0.12042952), ('FC3', 0.11799785), ('O2', 0.11478595), ('Fp1', 0.11387846)]
[2026-05-19 15:10:03]     spatial_update=delta_l2=0.07491887 max_abs=0.01046407 relative=0.06411150 changed=True

[2026-05-19 15:10:03] Fold 4/5 | subject=3
[2026-05-19 15:10:03]     Train: 32 | counts=[16, 16]
[2026-05-19 15:10:03]     Test:  8 | counts=[4, 4]
[2026-05-19 15:10:03]     Model: SignalJEPA_PreLocal | Pretrained: from_pretrained | Strategy: full
[2026-05-19 15:10:03]     Phase 1 (warmup): 2,170/16,010 params
[2026-05-19 15:10:03]     Phase 2 (full): 16,010/16,010 params
[2026-05-19 15:10:04]     Result | best_epoch=50 | stop=50 | acc=0.6250 | bal_acc=0.6250 | pred_hist=[5, 3] | collapse=False
[2026-05-19 15:10:04]     spatial_conv=[4, 29] top_abs_channels=[('FC4', 0.15813123), ('Pz', 0.14008963), ('FT7', 0.13110554), ('C3', 0.12127135), ('FC3', 0.1139582), ('Fp1', 0.11360684), ('O2', 0.11332467), ('T7', 0.11312196)]
[2026-05-19 15:10:04]     spatial_update=delta_l2=0.07198567 max_abs=0.01048627 relative=0.06160143 changed=True

[2026-05-19 15:10:05] Fold 5/5 | subject=3
[2026-05-19 15:10:05]     Train: 32 | counts=[16, 16]
[2026-05-19 15:10:05]     Test:  8 | counts=[4, 4]
[2026-05-19 15:10:05]     Model: SignalJEPA_PreLocal | Pretrained: from_pretrained | Strategy: full
[2026-05-19 15:10:05]     Phase 1 (warmup): 2,170/16,010 params
[2026-05-19 15:10:05]     Phase 2 (full): 16,010/16,010 params
[2026-05-19 15:10:06]     Result | best_epoch=49 | stop=50 | acc=0.6250 | bal_acc=0.6250 | pred_hist=[5, 3] | collapse=False
[2026-05-19 15:10:06]     spatial_conv=[4, 29] top_abs_channels=[('FC4', 0.16035539), ('Pz', 0.13740557), ('FT7', 0.129838), ('C3', 0.12387276), ('O2', 0.11908332), ('Fp1', 0.11411788), ('FCz', 0.11317681), ('T7', 0.11142911)]
[2026-05-19 15:10:06]     spatial_update=delta_l2=0.07617634 max_abs=0.01042119 relative=0.06518757 changed=True
[2026-05-19 15:10:06]   Subject 3: acc=0.5500±0.1000  bal_acc=0.5500±0.1000

[2026-05-19 15:10:06] Subject 4: 40 windows | class_counts=[20, 20]

[2026-05-19 15:10:06] Fold 1/5 | subject=4
[2026-05-19 15:10:06]     Train: 32 | counts=[16, 16]
[2026-05-19 15:10:06]     Test:  8 | counts=[4, 4]
[2026-05-19 15:10:06]     Model: SignalJEPA_PreLocal | Pretrained: from_pretrained | Strategy: full
[2026-05-19 15:10:06]     Phase 1 (warmup): 2,170/16,010 params
[2026-05-19 15:10:07]     Phase 2 (full): 16,010/16,010 params
[2026-05-19 15:10:07]     Result | best_epoch=50 | stop=50 | acc=0.5000 | bal_acc=0.5000 | pred_hist=[2, 6] | collapse=False
[2026-05-19 15:10:07]     spatial_conv=[4, 29] top_abs_channels=[('FC4', 0.16577613), ('Pz', 0.13403282), ('C3', 0.12413671), ('FT7', 0.11878806), ('T7', 0.11607534), ('Fp1', 0.11527622), ('CP4', 0.11319994), ('FC3', 0.11298175)]
[2026-05-19 15:10:07]     spatial_update=delta_l2=0.07254577 max_abs=0.01093877 relative=0.06208073 changed=True

[2026-05-19 15:10:08] Fold 2/5 | subject=4
[2026-05-19 15:10:08]     Train: 32 | counts=[16, 16]
[2026-05-19 15:10:08]     Test:  8 | counts=[4, 4]
[2026-05-19 15:10:08]     Model: SignalJEPA_PreLocal | Pretrained: from_pretrained | Strategy: full
[2026-05-19 15:10:08]     Phase 1 (warmup): 2,170/16,010 params
[2026-05-19 15:10:08]     Phase 2 (full): 16,010/16,010 params
[2026-05-19 15:10:09]     Result | best_epoch=50 | stop=50 | acc=0.6250 | bal_acc=0.6250 | pred_hist=[1, 7] | collapse=False
[2026-05-19 15:10:09]     spatial_conv=[4, 29] top_abs_channels=[('FC4', 0.16088274), ('Pz', 0.13203549), ('C3', 0.12233927), ('T7', 0.12097824), ('FC3', 0.11891046), ('FT7', 0.11884516), ('Fp1', 0.11637049), ('CP4', 0.11535966)]
[2026-05-19 15:10:09]     spatial_update=delta_l2=0.08003021 max_abs=0.01092850 relative=0.06848551 changed=True

[2026-05-19 15:10:10] Fold 3/5 | subject=4
[2026-05-19 15:10:10]     Train: 32 | counts=[16, 16]
[2026-05-19 15:10:10]     Test:  8 | counts=[4, 4]
[2026-05-19 15:10:10]     Model: SignalJEPA_PreLocal | Pretrained: from_pretrained | Strategy: full
[2026-05-19 15:10:10]     Phase 1 (warmup): 2,170/16,010 params
[2026-05-19 15:10:10]     Phase 2 (full): 16,010/16,010 params
[2026-05-19 15:10:11]     Result | best_epoch=49 | stop=50 | acc=0.7500 | bal_acc=0.7500 | pred_hist=[4, 4] | collapse=False
[2026-05-19 15:10:11]     spatial_conv=[4, 29] top_abs_channels=[('FC4', 0.16407585), ('Pz', 0.13242367), ('C3', 0.12138208), ('FT7', 0.12011485), ('Fp1', 0.11689014), ('FC3', 0.11624324), ('CP4', 0.11539735), ('T7', 0.11430344)]
[2026-05-19 15:10:11]     spatial_update=delta_l2=0.06693967 max_abs=0.01099779 relative=0.05728333 changed=True

[2026-05-19 15:10:11] Fold 4/5 | subject=4
[2026-05-19 15:10:11]     Train: 32 | counts=[16, 16]
[2026-05-19 15:10:11]     Test:  8 | counts=[4, 4]
[2026-05-19 15:10:11]     Model: SignalJEPA_PreLocal | Pretrained: from_pretrained | Strategy: full
[2026-05-19 15:10:11]     Phase 1 (warmup): 2,170/16,010 params
[2026-05-19 15:10:11]     Phase 2 (full): 16,010/16,010 params
[2026-05-19 15:10:12]     Result | best_epoch=13 | stop=50 | acc=0.8750 | bal_acc=0.8750 | pred_hist=[5, 3] | collapse=False
[2026-05-19 15:10:12]     spatial_conv=[4, 29] top_abs_channels=[('FC4', 0.16150953), ('Pz', 0.13011676), ('FT7', 0.12276895), ('C3', 0.12197523), ('T7', 0.11779139), ('Fp1', 0.11757386), ('CP4', 0.11420035), ('TP8', 0.11163614)]
[2026-05-19 15:10:12]     spatial_update=delta_l2=0.07841514 max_abs=0.01090734 relative=0.06710341 changed=True

[2026-05-19 15:10:13] Fold 5/5 | subject=4
[2026-05-19 15:10:13]     Train: 32 | counts=[16, 16]
[2026-05-19 15:10:13]     Test:  8 | counts=[4, 4]
[2026-05-19 15:10:13]     Model: SignalJEPA_PreLocal | Pretrained: from_pretrained | Strategy: full
[2026-05-19 15:10:13]     Phase 1 (warmup): 2,170/16,010 params
[2026-05-19 15:10:13]     Phase 2 (full): 16,010/16,010 params
[2026-05-19 15:10:14]     Result | best_epoch=50 | stop=50 | acc=0.5000 | bal_acc=0.5000 | pred_hist=[4, 4] | collapse=False
[2026-05-19 15:10:14]     spatial_conv=[4, 29] top_abs_channels=[('FC4', 0.16538836), ('Pz', 0.1352894), ('C3', 0.12076342), ('FC3', 0.1189846), ('FT7', 0.11841345), ('T7', 0.11795832), ('Fp1', 0.11588231), ('FCz', 0.1123653)]
[2026-05-19 15:10:14]     spatial_update=delta_l2=0.06813769 max_abs=0.01075348 relative=0.05830853 changed=True
[2026-05-19 15:10:14]   Subject 4: acc=0.6500±0.1458  bal_acc=0.6500±0.1458

[2026-05-19 15:10:14] Subject 5: 40 windows | class_counts=[20, 20]

[2026-05-19 15:10:14] Fold 1/5 | subject=5
[2026-05-19 15:10:14]     Train: 32 | counts=[16, 16]
[2026-05-19 15:10:14]     Test:  8 | counts=[4, 4]
[2026-05-19 15:10:14]     Model: SignalJEPA_PreLocal | Pretrained: from_pretrained | Strategy: full
[2026-05-19 15:10:14]     Phase 1 (warmup): 2,170/16,010 params
[2026-05-19 15:10:15]     Phase 2 (full): 16,010/16,010 params
[2026-05-19 15:10:15]     Result | best_epoch=50 | stop=50 | acc=0.5000 | bal_acc=0.5000 | pred_hist=[6, 2] | collapse=False
[2026-05-19 15:10:15]     spatial_conv=[4, 29] top_abs_channels=[('FC4', 0.15899116), ('Pz', 0.13133769), ('FT7', 0.12474737), ('C3', 0.12113799), ('T7', 0.11811028), ('FC3', 0.11668412), ('CP4', 0.11477946), ('P7', 0.11433502)]
[2026-05-19 15:10:15]     spatial_update=delta_l2=0.07203466 max_abs=0.01060756 relative=0.06164335 changed=True

[2026-05-19 15:10:16] Fold 2/5 | subject=5
[2026-05-19 15:10:16]     Train: 32 | counts=[16, 16]
[2026-05-19 15:10:16]     Test:  8 | counts=[4, 4]
[2026-05-19 15:10:16]     Model: SignalJEPA_PreLocal | Pretrained: from_pretrained | Strategy: full
[2026-05-19 15:10:16]     Phase 1 (warmup): 2,170/16,010 params
[2026-05-19 15:10:16]     Phase 2 (full): 16,010/16,010 params
[2026-05-19 15:10:17]     Result | best_epoch=13 | stop=50 | acc=0.8750 | bal_acc=0.8750 | pred_hist=[5, 3] | collapse=False
[2026-05-19 15:10:17]     spatial_conv=[4, 29] top_abs_channels=[('FC4', 0.16412441), ('Pz', 0.13199453), ('FT7', 0.12714253), ('C3', 0.12042321), ('FCz', 0.1168815), ('FC3', 0.11668439), ('P7', 0.11421493), ('T7', 0.11399622)]
[2026-05-19 15:10:17]     spatial_update=delta_l2=0.07342435 max_abs=0.01033425 relative=0.06283257 changed=True

[2026-05-19 15:10:17] Fold 3/5 | subject=5
[2026-05-19 15:10:17]     Train: 32 | counts=[16, 16]
[2026-05-19 15:10:17]     Test:  8 | counts=[4, 4]
[2026-05-19 15:10:17]     Model: SignalJEPA_PreLocal | Pretrained: from_pretrained | Strategy: full
[2026-05-19 15:10:17]     Phase 1 (warmup): 2,170/16,010 params
[2026-05-19 15:10:18]     Phase 2 (full): 16,010/16,010 params
[2026-05-19 15:10:18]     Result | best_epoch=1 | stop=50 | acc=0.6250 | bal_acc=0.6250 | pred_hist=[3, 5] | collapse=False
[2026-05-19 15:10:18]     spatial_conv=[4, 29] top_abs_channels=[('FC4', 0.16112307), ('Pz', 0.13694912), ('FT7', 0.1258263), ('FCz', 0.11964165), ('C3', 0.11853964), ('T7', 0.11500263), ('P7', 0.1140076), ('O2', 0.11276166)]
[2026-05-19 15:10:18]     spatial_update=delta_l2=0.07569866 max_abs=0.01030099 relative=0.06477880 changed=True

[2026-05-19 15:10:19] Fold 4/5 | subject=5
[2026-05-19 15:10:19]     Train: 32 | counts=[16, 16]
[2026-05-19 15:10:19]     Test:  8 | counts=[4, 4]
[2026-05-19 15:10:19]     Model: SignalJEPA_PreLocal | Pretrained: from_pretrained | Strategy: full
[2026-05-19 15:10:19]     Phase 1 (warmup): 2,170/16,010 params
[2026-05-19 15:10:19]     Phase 2 (full): 16,010/16,010 params
[2026-05-19 15:10:20]     Result | best_epoch=50 | stop=50 | acc=0.3750 | bal_acc=0.3750 | pred_hist=[5, 3] | collapse=False
[2026-05-19 15:10:20]     spatial_conv=[4, 29] top_abs_channels=[('FC4', 0.16772108), ('Pz', 0.1304819), ('C3', 0.12419619), ('FT7', 0.12403382), ('T7', 0.11700122), ('FCz', 0.11609421), ('FC3', 0.11602516), ('P7', 0.11227513)]
[2026-05-19 15:10:20]     spatial_update=delta_l2=0.07268914 max_abs=0.01042274 relative=0.06220342 changed=True

[2026-05-19 15:10:21] Fold 5/5 | subject=5
[2026-05-19 15:10:21]     Train: 32 | counts=[16, 16]
[2026-05-19 15:10:21]     Test:  8 | counts=[4, 4]
[2026-05-19 15:10:21]     Model: SignalJEPA_PreLocal | Pretrained: from_pretrained | Strategy: full
[2026-05-19 15:10:21]     Phase 1 (warmup): 2,170/16,010 params
[2026-05-19 15:10:21]     Phase 2 (full): 16,010/16,010 params
[2026-05-19 15:10:22]     Result | best_epoch=12 | stop=50 | acc=0.5000 | bal_acc=0.5000 | pred_hist=[6, 2] | collapse=False
[2026-05-19 15:10:22]     spatial_conv=[4, 29] top_abs_channels=[('FC4', 0.16180518), ('Pz', 0.13320106), ('FT7', 0.12794669), ('T7', 0.11870877), ('FC3', 0.11857821), ('C3', 0.11842665), ('O2', 0.11277723), ('TP8', 0.11238547)]
[2026-05-19 15:10:22]     spatial_update=delta_l2=0.07346841 max_abs=0.01034430 relative=0.06287027 changed=True
[2026-05-19 15:10:22]   Subject 5: acc=0.5750±0.1696  bal_acc=0.5750±0.1696

[2026-05-19 15:10:22] Subject 6: 40 windows | class_counts=[20, 20]

[2026-05-19 15:10:22] Fold 1/5 | subject=6
[2026-05-19 15:10:22]     Train: 32 | counts=[16, 16]
[2026-05-19 15:10:22]     Test:  8 | counts=[4, 4]
[2026-05-19 15:10:22]     Model: SignalJEPA_PreLocal | Pretrained: from_pretrained | Strategy: full
[2026-05-19 15:10:22]     Phase 1 (warmup): 2,170/16,010 params
[2026-05-19 15:10:22]     Phase 2 (full): 16,010/16,010 params
[2026-05-19 15:10:23]     Result | best_epoch=50 | stop=50 | acc=0.5000 | bal_acc=0.5000 | pred_hist=[6, 2] | collapse=False
[2026-05-19 15:10:23]     spatial_conv=[4, 29] top_abs_channels=[('FC4', 0.15840933), ('Pz', 0.13247007), ('FT7', 0.13062578), ('C3', 0.12360469), ('FCz', 0.11730677), ('CP4', 0.11477179), ('Fp1', 0.11456767), ('FC3', 0.11178131)]
[2026-05-19 15:10:23]     spatial_update=delta_l2=0.07188574 max_abs=0.01047447 relative=0.06151591 changed=True

[2026-05-19 15:10:24] Fold 2/5 | subject=6
[2026-05-19 15:10:24]     Train: 32 | counts=[16, 16]
[2026-05-19 15:10:24]     Test:  8 | counts=[4, 4]
[2026-05-19 15:10:24]     Model: SignalJEPA_PreLocal | Pretrained: from_pretrained | Strategy: full
[2026-05-19 15:10:24]     Phase 1 (warmup): 2,170/16,010 params
[2026-05-19 15:10:24]     Phase 2 (full): 16,010/16,010 params
[2026-05-19 15:10:25]     Result | best_epoch=2 | stop=50 | acc=0.7500 | bal_acc=0.7500 | pred_hist=[4, 4] | collapse=False
[2026-05-19 15:10:25]     spatial_conv=[4, 29] top_abs_channels=[('FC4', 0.16656727), ('Pz', 0.13413405), ('FT7', 0.1295884), ('C3', 0.12185781), ('CP4', 0.11806183), ('FCz', 0.1151883), ('Fp1', 0.1147526), ('O2', 0.11134918)]
[2026-05-19 15:10:25]     spatial_update=delta_l2=0.07067490 max_abs=0.01087905 relative=0.06047974 changed=True

[2026-05-19 15:10:25] Fold 3/5 | subject=6
[2026-05-19 15:10:25]     Train: 32 | counts=[16, 16]
[2026-05-19 15:10:25]     Test:  8 | counts=[4, 4]
[2026-05-19 15:10:25]     Model: SignalJEPA_PreLocal | Pretrained: from_pretrained | Strategy: full
[2026-05-19 15:10:25]     Phase 1 (warmup): 2,170/16,010 params
[2026-05-19 15:10:26]     Phase 2 (full): 16,010/16,010 params
[2026-05-19 15:10:26]     Result | best_epoch=2 | stop=50 | acc=0.2500 | bal_acc=0.2500 | pred_hist=[4, 4] | collapse=False
[2026-05-19 15:10:26]     spatial_conv=[4, 29] top_abs_channels=[('FC4', 0.16497858), ('Pz', 0.13101853), ('FT7', 0.12896556), ('C3', 0.12506403), ('CP4', 0.11918472), ('Fp1', 0.11688957), ('P7', 0.11496659), ('T7', 0.11201507)]
[2026-05-19 15:10:26]     spatial_update=delta_l2=0.07052873 max_abs=0.01040289 relative=0.06035465 changed=True

[2026-05-19 15:10:27] Fold 4/5 | subject=6
[2026-05-19 15:10:27]     Train: 32 | counts=[16, 16]
[2026-05-19 15:10:27]     Test:  8 | counts=[4, 4]
[2026-05-19 15:10:27]     Model: SignalJEPA_PreLocal | Pretrained: from_pretrained | Strategy: full
[2026-05-19 15:10:27]     Phase 1 (warmup): 2,170/16,010 params
[2026-05-19 15:10:27]     Phase 2 (full): 16,010/16,010 params
[2026-05-19 15:10:28]     Result | best_epoch=50 | stop=50 | acc=0.6250 | bal_acc=0.6250 | pred_hist=[7, 1] | collapse=False
[2026-05-19 15:10:28]     spatial_conv=[4, 29] top_abs_channels=[('FC4', 0.15556647), ('Pz', 0.13738522), ('FT7', 0.13597512), ('CP4', 0.11989179), ('C3', 0.11945195), ('FCz', 0.11824271), ('FC3', 0.11705814), ('Fp1', 0.11617985)]
[2026-05-19 15:10:28]     spatial_update=delta_l2=0.07004813 max_abs=0.01049066 relative=0.05994338 changed=True

[2026-05-19 15:10:29] Fold 5/5 | subject=6
[2026-05-19 15:10:29]     Train: 32 | counts=[16, 16]
[2026-05-19 15:10:29]     Test:  8 | counts=[4, 4]
[2026-05-19 15:10:29]     Model: SignalJEPA_PreLocal | Pretrained: from_pretrained | Strategy: full
[2026-05-19 15:10:29]     Phase 1 (warmup): 2,170/16,010 params
[2026-05-19 15:10:29]     Phase 2 (full): 16,010/16,010 params
[2026-05-19 15:10:29]     Result | best_epoch=50 | stop=50 | acc=0.6250 | bal_acc=0.6250 | pred_hist=[5, 3] | collapse=False
[2026-05-19 15:10:29]     spatial_conv=[4, 29] top_abs_channels=[('FC4', 0.16478431), ('Pz', 0.13938665), ('FT7', 0.13316381), ('C3', 0.11828294), ('FCz', 0.11550707), ('T7', 0.11529616), ('FC3', 0.11444174), ('P7', 0.1141058)]
[2026-05-19 15:10:29]     spatial_update=delta_l2=0.06198921 max_abs=0.01050551 relative=0.05304700 changed=True
[2026-05-19 15:10:29]   Subject 6: acc=0.5500±0.1696  bal_acc=0.5500±0.1696

[2026-05-19 15:10:29] Subject 7: 40 windows | class_counts=[20, 20]

[2026-05-19 15:10:30] Fold 1/5 | subject=7
[2026-05-19 15:10:30]     Train: 32 | counts=[16, 16]
[2026-05-19 15:10:30]     Test:  8 | counts=[4, 4]
[2026-05-19 15:10:30]     Model: SignalJEPA_PreLocal | Pretrained: from_pretrained | Strategy: full
[2026-05-19 15:10:30]     Phase 1 (warmup): 2,170/16,010 params
[2026-05-19 15:10:30]     Phase 2 (full): 16,010/16,010 params
[2026-05-19 15:10:31]     Result | best_epoch=1 | stop=50 | acc=0.5000 | bal_acc=0.5000 | pred_hist=[8, 0] | collapse=True
[2026-05-19 15:10:31]     spatial_conv=[4, 29] top_abs_channels=[('FC4', 0.16545323), ('Pz', 0.13296254), ('FT7', 0.12684263), ('C3', 0.11928205), ('Fp1', 0.1178515), ('FCz', 0.1162748), ('FC3', 0.11487547), ('CP4', 0.11418092)]
[2026-05-19 15:10:31]     spatial_update=delta_l2=0.06386187 max_abs=0.00987826 relative=0.05464952 changed=True

[2026-05-19 15:10:32] Fold 2/5 | subject=7
[2026-05-19 15:10:32]     Train: 32 | counts=[16, 16]
[2026-05-19 15:10:32]     Test:  8 | counts=[4, 4]
[2026-05-19 15:10:32]     Model: SignalJEPA_PreLocal | Pretrained: from_pretrained | Strategy: full
[2026-05-19 15:10:32]     Phase 1 (warmup): 2,170/16,010 params
[2026-05-19 15:10:32]     Phase 2 (full): 16,010/16,010 params
[2026-05-19 15:10:33]     Result | best_epoch=49 | stop=50 | acc=0.5000 | bal_acc=0.5000 | pred_hist=[6, 2] | collapse=False
[2026-05-19 15:10:33]     spatial_conv=[4, 29] top_abs_channels=[('FC4', 0.16439632), ('Pz', 0.13494346), ('FT7', 0.12499044), ('C3', 0.1194555), ('P7', 0.11797333), ('CP4', 0.11685067), ('FC3', 0.11412917), ('FCz', 0.11206959)]
[2026-05-19 15:10:33]     spatial_update=delta_l2=0.08049913 max_abs=0.01088968 relative=0.06888678 changed=True

[2026-05-19 15:10:33] Fold 3/5 | subject=7
[2026-05-19 15:10:33]     Train: 32 | counts=[16, 16]
[2026-05-19 15:10:33]     Test:  8 | counts=[4, 4]
[2026-05-19 15:10:33]     Model: SignalJEPA_PreLocal | Pretrained: from_pretrained | Strategy: full
[2026-05-19 15:10:33]     Phase 1 (warmup): 2,170/16,010 params
[2026-05-19 15:10:33]     Phase 2 (full): 16,010/16,010 params
[2026-05-19 15:10:34]     Result | best_epoch=50 | stop=50 | acc=0.5000 | bal_acc=0.5000 | pred_hist=[2, 6] | collapse=False
[2026-05-19 15:10:34]     spatial_conv=[4, 29] top_abs_channels=[('FC4', 0.16091035), ('Pz', 0.13530917), ('FT7', 0.12791507), ('C3', 0.11975855), ('FC3', 0.11779892), ('CP4', 0.11613096), ('P7', 0.11530551), ('FCz', 0.11187921)]
[2026-05-19 15:10:34]     spatial_update=delta_l2=0.07822894 max_abs=0.01076193 relative=0.06694407 changed=True

[2026-05-19 15:10:35] Fold 4/5 | subject=7
[2026-05-19 15:10:35]     Train: 32 | counts=[16, 16]
[2026-05-19 15:10:35]     Test:  8 | counts=[4, 4]
[2026-05-19 15:10:35]     Model: SignalJEPA_PreLocal | Pretrained: from_pretrained | Strategy: full
[2026-05-19 15:10:35]     Phase 1 (warmup): 2,170/16,010 params
[2026-05-19 15:10:35]     Phase 2 (full): 16,010/16,010 params
[2026-05-19 15:10:36]     Result | best_epoch=50 | stop=50 | acc=0.2500 | bal_acc=0.2500 | pred_hist=[4, 4] | collapse=False
[2026-05-19 15:10:36]     spatial_conv=[4, 29] top_abs_channels=[('FC4', 0.16564241), ('Pz', 0.13050357), ('FT7', 0.12735866), ('C3', 0.12377752), ('CP4', 0.11652885), ('T7', 0.11561494), ('Fp1', 0.11401431), ('FCz', 0.11271578)]
[2026-05-19 15:10:36]     spatial_update=delta_l2=0.07391680 max_abs=0.01036881 relative=0.06325398 changed=True

[2026-05-19 15:10:37] Fold 5/5 | subject=7
[2026-05-19 15:10:37]     Train: 32 | counts=[16, 16]
[2026-05-19 15:10:37]     Test:  8 | counts=[4, 4]
[2026-05-19 15:10:37]     Model: SignalJEPA_PreLocal | Pretrained: from_pretrained | Strategy: full
[2026-05-19 15:10:37]     Phase 1 (warmup): 2,170/16,010 params
[2026-05-19 15:10:37]     Phase 2 (full): 16,010/16,010 params
[2026-05-19 15:10:38]     Result | best_epoch=50 | stop=50 | acc=0.2500 | bal_acc=0.2500 | pred_hist=[6, 2] | collapse=False
[2026-05-19 15:10:38]     spatial_conv=[4, 29] top_abs_channels=[('FC4', 0.16226825), ('Pz', 0.13333227), ('FT7', 0.12785336), ('C3', 0.11961862), ('CP4', 0.11551362), ('P7', 0.11421365), ('Fp1', 0.11317258), ('T7', 0.11298264)]
[2026-05-19 15:10:38]     spatial_update=delta_l2=0.07504638 max_abs=0.01064835 relative=0.06422061 changed=True
[2026-05-19 15:10:38]   Subject 7: acc=0.4000±0.1225  bal_acc=0.4000±0.1225

[2026-05-19 15:10:38] Subject 8: 40 windows | class_counts=[20, 20]

[2026-05-19 15:10:38] Fold 1/5 | subject=8
[2026-05-19 15:10:38]     Train: 32 | counts=[16, 16]
[2026-05-19 15:10:38]     Test:  8 | counts=[4, 4]
[2026-05-19 15:10:38]     Model: SignalJEPA_PreLocal | Pretrained: from_pretrained | Strategy: full
[2026-05-19 15:10:38]     Phase 1 (warmup): 2,170/16,010 params
[2026-05-19 15:10:38]     Phase 2 (full): 16,010/16,010 params
[2026-05-19 15:10:39]     Result | best_epoch=50 | stop=50 | acc=0.6250 | bal_acc=0.6250 | pred_hist=[3, 5] | collapse=False
[2026-05-19 15:10:39]     spatial_conv=[4, 29] top_abs_channels=[('FC4', 0.16963837), ('Pz', 0.13473925), ('FT7', 0.12554729), ('C3', 0.1233729), ('FCz', 0.11874099), ('O2', 0.11577269), ('CP4', 0.11567089), ('Fp1', 0.11462323)]
[2026-05-19 15:10:39]     spatial_update=delta_l2=0.07017876 max_abs=0.01103245 relative=0.06005517 changed=True

[2026-05-19 15:10:40] Fold 2/5 | subject=8
[2026-05-19 15:10:40]     Train: 32 | counts=[16, 16]
[2026-05-19 15:10:40]     Test:  8 | counts=[4, 4]
[2026-05-19 15:10:40]     Model: SignalJEPA_PreLocal | Pretrained: from_pretrained | Strategy: full
[2026-05-19 15:10:40]     Phase 1 (warmup): 2,170/16,010 params
[2026-05-19 15:10:40]     Phase 2 (full): 16,010/16,010 params
[2026-05-19 15:10:41]     Result | best_epoch=50 | stop=50 | acc=0.8750 | bal_acc=0.8750 | pred_hist=[5, 3] | collapse=False
[2026-05-19 15:10:41]     spatial_conv=[4, 29] top_abs_channels=[('FC4', 0.16660054), ('Pz', 0.13505594), ('C3', 0.12417776), ('FT7', 0.12409191), ('Fp1', 0.11563016), ('CP4', 0.1155023), ('T7', 0.11536949), ('O2', 0.11500905)]
[2026-05-19 15:10:41]     spatial_update=delta_l2=0.05869832 max_abs=0.00997058 relative=0.05023083 changed=True

[2026-05-19 15:10:41] Fold 3/5 | subject=8
[2026-05-19 15:10:41]     Train: 32 | counts=[16, 16]
[2026-05-19 15:10:41]     Test:  8 | counts=[4, 4]
[2026-05-19 15:10:41]     Model: SignalJEPA_PreLocal | Pretrained: from_pretrained | Strategy: full
[2026-05-19 15:10:41]     Phase 1 (warmup): 2,170/16,010 params
[2026-05-19 15:10:42]     Phase 2 (full): 16,010/16,010 params
[2026-05-19 15:10:42]     Result | best_epoch=50 | stop=50 | acc=0.6250 | bal_acc=0.6250 | pred_hist=[5, 3] | collapse=False
[2026-05-19 15:10:42]     spatial_conv=[4, 29] top_abs_channels=[('FC4', 0.16905883), ('Pz', 0.13771699), ('FT7', 0.12523453), ('C3', 0.12279188), ('Fp1', 0.11701391), ('FCz', 0.11610845), ('O2', 0.11514751), ('CP4', 0.11273678)]
[2026-05-19 15:10:42]     spatial_update=delta_l2=0.05906638 max_abs=0.01072398 relative=0.05054580 changed=True

[2026-05-19 15:10:43] Fold 4/5 | subject=8
[2026-05-19 15:10:43]     Train: 32 | counts=[16, 16]
[2026-05-19 15:10:43]     Test:  8 | counts=[4, 4]
[2026-05-19 15:10:43]     Model: SignalJEPA_PreLocal | Pretrained: from_pretrained | Strategy: full
[2026-05-19 15:10:43]     Phase 1 (warmup): 2,170/16,010 params
[2026-05-19 15:10:43]     Phase 2 (full): 16,010/16,010 params
[2026-05-19 15:10:44]     Result | best_epoch=50 | stop=50 | acc=0.6250 | bal_acc=0.6250 | pred_hist=[5, 3] | collapse=False
[2026-05-19 15:10:44]     spatial_conv=[4, 29] top_abs_channels=[('FC4', 0.17117155), ('Pz', 0.13496268), ('FT7', 0.1226131), ('C3', 0.12180755), ('FCz', 0.12136983), ('CP4', 0.11766231), ('O2', 0.11733542), ('Fp1', 0.11407103)]
[2026-05-19 15:10:44]     spatial_update=delta_l2=0.07692094 max_abs=0.01099944 relative=0.06582476 changed=True

[2026-05-19 15:10:45] Fold 5/5 | subject=8
[2026-05-19 15:10:45]     Train: 32 | counts=[16, 16]
[2026-05-19 15:10:45]     Test:  8 | counts=[4, 4]
[2026-05-19 15:10:45]     Model: SignalJEPA_PreLocal | Pretrained: from_pretrained | Strategy: full
[2026-05-19 15:10:45]     Phase 1 (warmup): 2,170/16,010 params
[2026-05-19 15:10:45]     Phase 2 (full): 16,010/16,010 params
[2026-05-19 15:10:46]     Result | best_epoch=50 | stop=50 | acc=0.6250 | bal_acc=0.6250 | pred_hist=[5, 3] | collapse=False
[2026-05-19 15:10:46]     spatial_conv=[4, 29] top_abs_channels=[('FC4', 0.16957378), ('Pz', 0.13409661), ('FT7', 0.12431844), ('C3', 0.12336776), ('Fp1', 0.11619393), ('CP4', 0.11536704), ('O2', 0.11389826), ('T7', 0.11327288)]
[2026-05-19 15:10:46]     spatial_update=delta_l2=0.06347546 max_abs=0.01094285 relative=0.05431885 changed=True
[2026-05-19 15:10:46]   Subject 8: acc=0.6750±0.1000  bal_acc=0.6750±0.1000

[2026-05-19 15:10:46] Subject 9: 40 windows | class_counts=[20, 20]

[2026-05-19 15:10:46] Fold 1/5 | subject=9
[2026-05-19 15:10:46]     Train: 32 | counts=[16, 16]
[2026-05-19 15:10:46]     Test:  8 | counts=[4, 4]
[2026-05-19 15:10:46]     Model: SignalJEPA_PreLocal | Pretrained: from_pretrained | Strategy: full
[2026-05-19 15:10:46]     Phase 1 (warmup): 2,170/16,010 params
[2026-05-19 15:10:46]     Phase 2 (full): 16,010/16,010 params
[2026-05-19 15:10:47]     Result | best_epoch=50 | stop=50 | acc=0.6250 | bal_acc=0.6250 | pred_hist=[7, 1] | collapse=False
[2026-05-19 15:10:47]     spatial_conv=[4, 29] top_abs_channels=[('FC4', 0.15669112), ('Pz', 0.13503441), ('FT7', 0.1242009), ('C3', 0.12193993), ('FC3', 0.11925431), ('FCz', 0.11492493), ('TP8', 0.11355907), ('T7', 0.11351427)]
[2026-05-19 15:10:47]     spatial_update=delta_l2=0.07017072 max_abs=0.01016157 relative=0.06004829 changed=True

[2026-05-19 15:10:48] Fold 2/5 | subject=9
[2026-05-19 15:10:48]     Train: 32 | counts=[16, 16]
[2026-05-19 15:10:48]     Test:  8 | counts=[4, 4]
[2026-05-19 15:10:48]     Model: SignalJEPA_PreLocal | Pretrained: from_pretrained | Strategy: full
[2026-05-19 15:10:48]     Phase 1 (warmup): 2,170/16,010 params
[2026-05-19 15:10:48]     Phase 2 (full): 16,010/16,010 params
[2026-05-19 15:10:49]     Result | best_epoch=50 | stop=50 | acc=0.6250 | bal_acc=0.6250 | pred_hist=[3, 5] | collapse=False
[2026-05-19 15:10:49]     spatial_conv=[4, 29] top_abs_channels=[('FC4', 0.15611273), ('Pz', 0.13736039), ('FT7', 0.12525156), ('C3', 0.11689636), ('FC3', 0.11683501), ('Fp1', 0.11569095), ('CP4', 0.11344026), ('T7', 0.11239545)]
[2026-05-19 15:10:49]     spatial_update=delta_l2=0.07328175 max_abs=0.01066631 relative=0.06271054 changed=True

[2026-05-19 15:10:49] Fold 3/5 | subject=9
[2026-05-19 15:10:49]     Train: 32 | counts=[16, 16]
[2026-05-19 15:10:49]     Test:  8 | counts=[4, 4]
[2026-05-19 15:10:49]     Model: SignalJEPA_PreLocal | Pretrained: from_pretrained | Strategy: full
[2026-05-19 15:10:49]     Phase 1 (warmup): 2,170/16,010 params
[2026-05-19 15:10:49]     Phase 2 (full): 16,010/16,010 params
[2026-05-19 15:10:50]     Result | best_epoch=1 | stop=50 | acc=0.6250 | bal_acc=0.6250 | pred_hist=[5, 3] | collapse=False
[2026-05-19 15:10:50]     spatial_conv=[4, 29] top_abs_channels=[('FC4', 0.15615089), ('Pz', 0.13819671), ('FT7', 0.13092089), ('C3', 0.12090126), ('FC3', 0.11621441), ('Fp1', 0.11459036), ('FCz', 0.11369241), ('CP4', 0.11125542)]
[2026-05-19 15:10:50]     spatial_update=delta_l2=0.07424194 max_abs=0.01064961 relative=0.06353221 changed=True

[2026-05-19 15:10:51] Fold 4/5 | subject=9
[2026-05-19 15:10:51]     Train: 32 | counts=[16, 16]
[2026-05-19 15:10:51]     Test:  8 | counts=[4, 4]
[2026-05-19 15:10:51]     Model: SignalJEPA_PreLocal | Pretrained: from_pretrained | Strategy: full
[2026-05-19 15:10:51]     Phase 1 (warmup): 2,170/16,010 params
[2026-05-19 15:10:51]     Phase 2 (full): 16,010/16,010 params
[2026-05-19 15:10:52]     Result | best_epoch=50 | stop=50 | acc=0.8750 | bal_acc=0.8750 | pred_hist=[5, 3] | collapse=False
[2026-05-19 15:10:52]     spatial_conv=[4, 29] top_abs_channels=[('FC4', 0.1567598), ('Pz', 0.13541451), ('FT7', 0.12710993), ('C3', 0.12037081), ('FCz', 0.11715953), ('FC3', 0.11571602), ('Fp1', 0.11411519), ('TP8', 0.11336519)]
[2026-05-19 15:10:52]     spatial_update=delta_l2=0.06316311 max_abs=0.01014740 relative=0.05405156 changed=True

[2026-05-19 15:10:52] Fold 5/5 | subject=9
[2026-05-19 15:10:52]     Train: 32 | counts=[16, 16]
[2026-05-19 15:10:52]     Test:  8 | counts=[4, 4]
[2026-05-19 15:10:52]     Model: SignalJEPA_PreLocal | Pretrained: from_pretrained | Strategy: full
[2026-05-19 15:10:52]     Phase 1 (warmup): 2,170/16,010 params
[2026-05-19 15:10:53]     Phase 2 (full): 16,010/16,010 params
[2026-05-19 15:10:53]     Result | best_epoch=13 | stop=50 | acc=0.5000 | bal_acc=0.5000 | pred_hist=[2, 6] | collapse=False
[2026-05-19 15:10:53]     spatial_conv=[4, 29] top_abs_channels=[('FC4', 0.15698211), ('Pz', 0.13477656), ('FT7', 0.12836739), ('C3', 0.11932425), ('FC3', 0.11679814), ('Fp1', 0.11630171), ('CP4', 0.11361027), ('FCz', 0.11145722)]
[2026-05-19 15:10:53]     spatial_update=delta_l2=0.06716556 max_abs=0.01068585 relative=0.05747664 changed=True
[2026-05-19 15:10:53]   Subject 9: acc=0.6500±0.1225  bal_acc=0.6500±0.1225

[2026-05-19 15:10:53] Subject 10: 40 windows | class_counts=[20, 20]

[2026-05-19 15:10:54] Fold 1/5 | subject=10
[2026-05-19 15:10:54]     Train: 32 | counts=[16, 16]
[2026-05-19 15:10:54]     Test:  8 | counts=[4, 4]
[2026-05-19 15:10:54]     Model: SignalJEPA_PreLocal | Pretrained: from_pretrained | Strategy: full
[2026-05-19 15:10:54]     Phase 1 (warmup): 2,170/16,010 params
[2026-05-19 15:10:54]     Phase 2 (full): 16,010/16,010 params
[2026-05-19 15:10:55]     Result | best_epoch=13 | stop=50 | acc=0.3750 | bal_acc=0.3750 | pred_hist=[5, 3] | collapse=False
[2026-05-19 15:10:55]     spatial_conv=[4, 29] top_abs_channels=[('FC4', 0.16300818), ('Pz', 0.14061698), ('FT7', 0.12143585), ('Fp1', 0.1190567), ('C3', 0.11695682), ('FC3', 0.11567494), ('O2', 0.11488607), ('T7', 0.1133747)]
[2026-05-19 15:10:55]     spatial_update=delta_l2=0.07152167 max_abs=0.01048547 relative=0.06120436 changed=True

[2026-05-19 15:10:56] Fold 2/5 | subject=10
[2026-05-19 15:10:56]     Train: 32 | counts=[16, 16]
[2026-05-19 15:10:56]     Test:  8 | counts=[4, 4]
[2026-05-19 15:10:56]     Model: SignalJEPA_PreLocal | Pretrained: from_pretrained | Strategy: full
[2026-05-19 15:10:56]     Phase 1 (warmup): 2,170/16,010 params
[2026-05-19 15:10:56]     Phase 2 (full): 16,010/16,010 params
[2026-05-19 15:10:57]     Result | best_epoch=10 | stop=50 | acc=0.5000 | bal_acc=0.5000 | pred_hist=[4, 4] | collapse=False
[2026-05-19 15:10:57]     spatial_conv=[4, 29] top_abs_channels=[('FC4', 0.16376375), ('Pz', 0.13414606), ('C3', 0.12393112), ('O2', 0.12145548), ('FT7', 0.12125776), ('FCz', 0.11653973), ('FC3', 0.11499396), ('Fp1', 0.11494859)]
[2026-05-19 15:10:57]     spatial_update=delta_l2=0.06908214 max_abs=0.01053451 relative=0.05911674 changed=True

[2026-05-19 15:10:57] Fold 3/5 | subject=10
[2026-05-19 15:10:57]     Train: 32 | counts=[16, 16]
[2026-05-19 15:10:57]     Test:  8 | counts=[4, 4]
[2026-05-19 15:10:57]     Model: SignalJEPA_PreLocal | Pretrained: from_pretrained | Strategy: full
[2026-05-19 15:10:57]     Phase 1 (warmup): 2,170/16,010 params
[2026-05-19 15:10:57]     Phase 2 (full): 16,010/16,010 params
[2026-05-19 15:10:58]     Result | best_epoch=1 | stop=50 | acc=0.3750 | bal_acc=0.3750 | pred_hist=[5, 3] | collapse=False
[2026-05-19 15:10:58]     spatial_conv=[4, 29] top_abs_channels=[('FC4', 0.15956523), ('Pz', 0.13510297), ('FT7', 0.12784255), ('C3', 0.1258882), ('O2', 0.11889541), ('FCz', 0.11673355), ('Fp1', 0.11592855), ('FC3', 0.11314657)]
[2026-05-19 15:10:58]     spatial_update=delta_l2=0.06482396 max_abs=0.01046892 relative=0.05547282 changed=True

[2026-05-19 15:10:59] Fold 4/5 | subject=10
[2026-05-19 15:10:59]     Train: 32 | counts=[16, 16]
[2026-05-19 15:10:59]     Test:  8 | counts=[4, 4]
[2026-05-19 15:10:59]     Model: SignalJEPA_PreLocal | Pretrained: from_pretrained | Strategy: full
[2026-05-19 15:10:59]     Phase 1 (warmup): 2,170/16,010 params
[2026-05-19 15:10:59]     Phase 2 (full): 16,010/16,010 params
[2026-05-19 15:11:00]     Result | best_epoch=1 | stop=50 | acc=0.6250 | bal_acc=0.6250 | pred_hist=[7, 1] | collapse=False
[2026-05-19 15:11:00]     spatial_conv=[4, 29] top_abs_channels=[('FC4', 0.16111732), ('Pz', 0.13581783), ('FT7', 0.12406164), ('C3', 0.12284957), ('Fp1', 0.11666259), ('O2', 0.11605383), ('FC3', 0.11496083), ('FCz', 0.11468177)]
[2026-05-19 15:11:00]     spatial_update=delta_l2=0.06594500 max_abs=0.01041967 relative=0.05643215 changed=True

[2026-05-19 15:11:00] Fold 5/5 | subject=10
[2026-05-19 15:11:00]     Train: 32 | counts=[16, 16]
[2026-05-19 15:11:00]     Test:  8 | counts=[4, 4]
[2026-05-19 15:11:00]     Model: SignalJEPA_PreLocal | Pretrained: from_pretrained | Strategy: full
[2026-05-19 15:11:00]     Phase 1 (warmup): 2,170/16,010 params
[2026-05-19 15:11:01]     Phase 2 (full): 16,010/16,010 params
[2026-05-19 15:11:01]     Result | best_epoch=2 | stop=50 | acc=0.5000 | bal_acc=0.5000 | pred_hist=[4, 4] | collapse=False
[2026-05-19 15:11:01]     spatial_conv=[4, 29] top_abs_channels=[('FC4', 0.15907863), ('Pz', 0.13277583), ('FT7', 0.12245239), ('C3', 0.12145287), ('FC3', 0.11561777), ('FCz', 0.11544531), ('Fp1', 0.11531736), ('O2', 0.11495087)]
[2026-05-19 15:11:01]     spatial_update=delta_l2=0.06714479 max_abs=0.01032215 relative=0.05745887 changed=True
[2026-05-19 15:11:01]   Subject 10: acc=0.4750±0.0935  bal_acc=0.4750±0.0935

[2026-05-19 15:11:01] Subject 11: 40 windows | class_counts=[20, 20]

[2026-05-19 15:11:02] Fold 1/5 | subject=11
[2026-05-19 15:11:02]     Train: 32 | counts=[16, 16]
[2026-05-19 15:11:02]     Test:  8 | counts=[4, 4]
[2026-05-19 15:11:02]     Model: SignalJEPA_PreLocal | Pretrained: from_pretrained | Strategy: full
[2026-05-19 15:11:02]     Phase 1 (warmup): 2,170/16,010 params
[2026-05-19 15:11:02]     Phase 2 (full): 16,010/16,010 params
[2026-05-19 15:11:03]     Result | best_epoch=50 | stop=50 | acc=0.6250 | bal_acc=0.6250 | pred_hist=[3, 5] | collapse=False
[2026-05-19 15:11:03]     spatial_conv=[4, 29] top_abs_channels=[('FC4', 0.15918404), ('Pz', 0.13188662), ('FT7', 0.12745076), ('C3', 0.12191015), ('Fp1', 0.11611262), ('FC3', 0.11534222), ('CP4', 0.11454547), ('O2', 0.11324453)]
[2026-05-19 15:11:03]     spatial_update=delta_l2=0.06832679 max_abs=0.01032598 relative=0.05847036 changed=True

[2026-05-19 15:11:03] Fold 2/5 | subject=11
[2026-05-19 15:11:03]     Train: 32 | counts=[16, 16]
[2026-05-19 15:11:03]     Test:  8 | counts=[4, 4]
[2026-05-19 15:11:03]     Model: SignalJEPA_PreLocal | Pretrained: from_pretrained | Strategy: full
[2026-05-19 15:11:03]     Phase 1 (warmup): 2,170/16,010 params
[2026-05-19 15:11:04]     Phase 2 (full): 16,010/16,010 params
[2026-05-19 15:11:04]     Result | best_epoch=1 | stop=50 | acc=0.3750 | bal_acc=0.3750 | pred_hist=[3, 5] | collapse=False
[2026-05-19 15:11:04]     spatial_conv=[4, 29] top_abs_channels=[('FC4', 0.16146545), ('Pz', 0.13272394), ('FT7', 0.12930909), ('C3', 0.12058997), ('Fp1', 0.11920799), ('FC3', 0.11437142), ('FCz', 0.11364791), ('CP4', 0.1133029)]
[2026-05-19 15:11:04]     spatial_update=delta_l2=0.06471325 max_abs=0.01053827 relative=0.05537808 changed=True

[2026-05-19 15:11:05] Fold 3/5 | subject=11
[2026-05-19 15:11:05]     Train: 32 | counts=[16, 16]
[2026-05-19 15:11:05]     Test:  8 | counts=[4, 4]
[2026-05-19 15:11:05]     Model: SignalJEPA_PreLocal | Pretrained: from_pretrained | Strategy: full
[2026-05-19 15:11:05]     Phase 1 (warmup): 2,170/16,010 params
[2026-05-19 15:11:05]     Phase 2 (full): 16,010/16,010 params
[2026-05-19 15:11:06]     Result | best_epoch=12 | stop=50 | acc=0.3750 | bal_acc=0.3750 | pred_hist=[7, 1] | collapse=False
[2026-05-19 15:11:06]     spatial_conv=[4, 29] top_abs_channels=[('FC4', 0.15763196), ('Pz', 0.13329959), ('FT7', 0.12735295), ('C3', 0.12176821), ('Fp1', 0.11925829), ('FCz', 0.11431701), ('CP4', 0.1134254), ('T7', 0.11341175)]
[2026-05-19 15:11:06]     spatial_update=delta_l2=0.07291096 max_abs=0.01059967 relative=0.06239324 changed=True

[2026-05-19 15:11:07] Fold 4/5 | subject=11
[2026-05-19 15:11:07]     Train: 32 | counts=[16, 16]
[2026-05-19 15:11:07]     Test:  8 | counts=[4, 4]
[2026-05-19 15:11:07]     Model: SignalJEPA_PreLocal | Pretrained: from_pretrained | Strategy: full
[2026-05-19 15:11:07]     Phase 1 (warmup): 2,170/16,010 params
[2026-05-19 15:11:07]     Phase 2 (full): 16,010/16,010 params
[2026-05-19 15:11:08]     Result | best_epoch=48 | stop=50 | acc=0.5000 | bal_acc=0.5000 | pred_hist=[4, 4] | collapse=False
[2026-05-19 15:11:08]     spatial_conv=[4, 29] top_abs_channels=[('FC4', 0.16109815), ('Pz', 0.12910235), ('FT7', 0.12360813), ('C3', 0.11926091), ('CP4', 0.11771449), ('FC3', 0.1160481), ('Fp1', 0.11592287), ('FCz', 0.11577636)]
[2026-05-19 15:11:08]     spatial_update=delta_l2=0.07058754 max_abs=0.01012635 relative=0.06040498 changed=True

[2026-05-19 15:11:08] Fold 5/5 | subject=11
[2026-05-19 15:11:08]     Train: 32 | counts=[16, 16]
[2026-05-19 15:11:08]     Test:  8 | counts=[4, 4]
[2026-05-19 15:11:08]     Model: SignalJEPA_PreLocal | Pretrained: from_pretrained | Strategy: full
[2026-05-19 15:11:08]     Phase 1 (warmup): 2,170/16,010 params
[2026-05-19 15:11:08]     Phase 2 (full): 16,010/16,010 params
[2026-05-19 15:11:09]     Result | best_epoch=50 | stop=50 | acc=0.2500 | bal_acc=0.2500 | pred_hist=[6, 2] | collapse=False
[2026-05-19 15:11:09]     spatial_conv=[4, 29] top_abs_channels=[('FC4', 0.16051766), ('Pz', 0.13447407), ('FT7', 0.12561235), ('C3', 0.11848266), ('Fp1', 0.118173), ('FC3', 0.11512879), ('FCz', 0.11434801), ('O2', 0.11350188)]
[2026-05-19 15:11:09]     spatial_update=delta_l2=0.07137250 max_abs=0.01061831 relative=0.06107671 changed=True
[2026-05-19 15:11:09]   Subject 11: acc=0.4250±0.1275  bal_acc=0.4250±0.1275

[2026-05-19 15:11:09] Subject 12: 40 windows | class_counts=[20, 20]

[2026-05-19 15:11:10] Fold 1/5 | subject=12
[2026-05-19 15:11:10]     Train: 32 | counts=[16, 16]
[2026-05-19 15:11:10]     Test:  8 | counts=[4, 4]
[2026-05-19 15:11:10]     Model: SignalJEPA_PreLocal | Pretrained: from_pretrained | Strategy: full
[2026-05-19 15:11:10]     Phase 1 (warmup): 2,170/16,010 params
[2026-05-19 15:11:10]     Phase 2 (full): 16,010/16,010 params
[2026-05-19 15:11:11]     Result | best_epoch=12 | stop=50 | acc=0.7500 | bal_acc=0.7500 | pred_hist=[4, 4] | collapse=False
[2026-05-19 15:11:11]     spatial_conv=[4, 29] top_abs_channels=[('FC4', 0.16576852), ('Pz', 0.13761668), ('FT7', 0.12552735), ('C3', 0.12377343), ('FC3', 0.11263494), ('CP4', 0.11220296), ('Fp1', 0.11197963), ('FCz', 0.11030421)]
[2026-05-19 15:11:11]     spatial_update=delta_l2=0.07216184 max_abs=0.01033159 relative=0.06175218 changed=True

[2026-05-19 15:11:11] Fold 2/5 | subject=12
[2026-05-19 15:11:11]     Train: 32 | counts=[16, 16]
[2026-05-19 15:11:11]     Test:  8 | counts=[4, 4]
[2026-05-19 15:11:11]     Model: SignalJEPA_PreLocal | Pretrained: from_pretrained | Strategy: full
[2026-05-19 15:11:11]     Phase 1 (warmup): 2,170/16,010 params
[2026-05-19 15:11:12]     Phase 2 (full): 16,010/16,010 params
[2026-05-19 15:11:12]     Result | best_epoch=50 | stop=50 | acc=0.8750 | bal_acc=0.8750 | pred_hist=[3, 5] | collapse=False
[2026-05-19 15:11:12]     spatial_conv=[4, 29] top_abs_channels=[('FC4', 0.16835703), ('Pz', 0.13815805), ('FT7', 0.12213029), ('C3', 0.12185302), ('Fp1', 0.11502562), ('FC3', 0.11294971), ('P7', 0.11277762), ('FCz', 0.11236338)]
[2026-05-19 15:11:12]     spatial_update=delta_l2=0.07079669 max_abs=0.01061824 relative=0.06058396 changed=True

[2026-05-19 15:11:13] Fold 3/5 | subject=12
[2026-05-19 15:11:13]     Train: 32 | counts=[16, 16]
[2026-05-19 15:11:13]     Test:  8 | counts=[4, 4]
[2026-05-19 15:11:13]     Model: SignalJEPA_PreLocal | Pretrained: from_pretrained | Strategy: full
[2026-05-19 15:11:13]     Phase 1 (warmup): 2,170/16,010 params
[2026-05-19 15:11:13]     Phase 2 (full): 16,010/16,010 params
[2026-05-19 15:11:14]     Result | best_epoch=50 | stop=50 | acc=0.8750 | bal_acc=0.8750 | pred_hist=[3, 5] | collapse=False
[2026-05-19 15:11:14]     spatial_conv=[4, 29] top_abs_channels=[('FC4', 0.1692078), ('Pz', 0.13882801), ('FT7', 0.12552471), ('C3', 0.11780381), ('FC3', 0.11686096), ('CP4', 0.11343313), ('P7', 0.11278909), ('FCz', 0.11244671)]
[2026-05-19 15:11:14]     spatial_update=delta_l2=0.07403438 max_abs=0.01018736 relative=0.06335460 changed=True

[2026-05-19 15:11:14] Fold 4/5 | subject=12
[2026-05-19 15:11:14]     Train: 32 | counts=[16, 16]
[2026-05-19 15:11:14]     Test:  8 | counts=[4, 4]
[2026-05-19 15:11:14]     Model: SignalJEPA_PreLocal | Pretrained: from_pretrained | Strategy: full
[2026-05-19 15:11:14]     Phase 1 (warmup): 2,170/16,010 params
[2026-05-19 15:11:15]     Phase 2 (full): 16,010/16,010 params
[2026-05-19 15:11:15]     Result | best_epoch=50 | stop=50 | acc=0.2500 | bal_acc=0.2500 | pred_hist=[4, 4] | collapse=False
[2026-05-19 15:11:15]     spatial_conv=[4, 29] top_abs_channels=[('FC4', 0.16841771), ('Pz', 0.1349245), ('FT7', 0.12068301), ('FC3', 0.11707661), ('FCz', 0.11492486), ('O2', 0.11492182), ('C3', 0.11381767), ('CP4', 0.11355717)]
[2026-05-19 15:11:15]     spatial_update=delta_l2=0.07268355 max_abs=0.01045275 relative=0.06219863 changed=True

[2026-05-19 15:11:16] Fold 5/5 | subject=12
[2026-05-19 15:11:16]     Train: 32 | counts=[16, 16]
[2026-05-19 15:11:16]     Test:  8 | counts=[4, 4]
[2026-05-19 15:11:16]     Model: SignalJEPA_PreLocal | Pretrained: from_pretrained | Strategy: full
[2026-05-19 15:11:16]     Phase 1 (warmup): 2,170/16,010 params
[2026-05-19 15:11:16]     Phase 2 (full): 16,010/16,010 params
[2026-05-19 15:11:17]     Result | best_epoch=50 | stop=50 | acc=0.5000 | bal_acc=0.5000 | pred_hist=[4, 4] | collapse=False
[2026-05-19 15:11:17]     spatial_conv=[4, 29] top_abs_channels=[('FC4', 0.16867912), ('Pz', 0.13948327), ('FT7', 0.12477082), ('C3', 0.11700301), ('Fp1', 0.11583331), ('CP4', 0.11494711), ('FC3', 0.11482079), ('P7', 0.11287988)]
[2026-05-19 15:11:17]     spatial_update=delta_l2=0.08196265 max_abs=0.01067700 relative=0.07013918 changed=True
[2026-05-19 15:11:17]   Subject 12: acc=0.6500±0.2424  bal_acc=0.6500±0.2424

[2026-05-19 15:11:17] Subject 13: 40 windows | class_counts=[20, 20]

[2026-05-19 15:11:18] Fold 1/5 | subject=13
[2026-05-19 15:11:18]     Train: 32 | counts=[16, 16]
[2026-05-19 15:11:18]     Test:  8 | counts=[4, 4]
[2026-05-19 15:11:18]     Model: SignalJEPA_PreLocal | Pretrained: from_pretrained | Strategy: full
[2026-05-19 15:11:18]     Phase 1 (warmup): 2,170/16,010 params
[2026-05-19 15:11:18]     Phase 2 (full): 16,010/16,010 params
[2026-05-19 15:11:19]     Result | best_epoch=50 | stop=50 | acc=0.5000 | bal_acc=0.5000 | pred_hist=[4, 4] | collapse=False
[2026-05-19 15:11:19]     spatial_conv=[4, 29] top_abs_channels=[('FC4', 0.17200825), ('Pz', 0.13233986), ('FT7', 0.12588722), ('O2', 0.12134056), ('FCz', 0.11904058), ('CP4', 0.11735296), ('Fp1', 0.11538207), ('FC3', 0.11432824)]
[2026-05-19 15:11:19]     spatial_update=delta_l2=0.08760759 max_abs=0.01072130 relative=0.07496981 changed=True

[2026-05-19 15:11:19] Fold 2/5 | subject=13
[2026-05-19 15:11:19]     Train: 32 | counts=[16, 16]
[2026-05-19 15:11:19]     Test:  8 | counts=[4, 4]
[2026-05-19 15:11:19]     Model: SignalJEPA_PreLocal | Pretrained: from_pretrained | Strategy: full
[2026-05-19 15:11:19]     Phase 1 (warmup): 2,170/16,010 params
[2026-05-19 15:11:19]     Phase 2 (full): 16,010/16,010 params
[2026-05-19 15:11:20]     Result | best_epoch=49 | stop=50 | acc=0.7500 | bal_acc=0.7500 | pred_hist=[2, 6] | collapse=False
[2026-05-19 15:11:20]     spatial_conv=[4, 29] top_abs_channels=[('FC4', 0.16677961), ('Pz', 0.13475108), ('FT7', 0.12400084), ('Fp1', 0.11931593), ('FC3', 0.11911076), ('FCz', 0.11799985), ('C3', 0.11799493), ('O2', 0.11317472)]
[2026-05-19 15:11:20]     spatial_update=delta_l2=0.06226373 max_abs=0.01046535 relative=0.05328192 changed=True

[2026-05-19 15:11:21] Fold 3/5 | subject=13
[2026-05-19 15:11:21]     Train: 32 | counts=[16, 16]
[2026-05-19 15:11:21]     Test:  8 | counts=[4, 4]
[2026-05-19 15:11:21]     Model: SignalJEPA_PreLocal | Pretrained: from_pretrained | Strategy: full
[2026-05-19 15:11:21]     Phase 1 (warmup): 2,170/16,010 params
[2026-05-19 15:11:21]     Phase 2 (full): 16,010/16,010 params
[2026-05-19 15:11:22]     Result | best_epoch=50 | stop=50 | acc=0.5000 | bal_acc=0.5000 | pred_hist=[6, 2] | collapse=False
[2026-05-19 15:11:22]     spatial_conv=[4, 29] top_abs_channels=[('FC4', 0.16759379), ('Pz', 0.13306104), ('FT7', 0.12438175), ('FC3', 0.12134263), ('Fp1', 0.11930379), ('FCz', 0.11878139), ('C3', 0.11427914), ('O2', 0.11260439)]
[2026-05-19 15:11:22]     spatial_update=delta_l2=0.07611281 max_abs=0.01088271 relative=0.06513321 changed=True

[2026-05-19 15:11:22] Fold 4/5 | subject=13
[2026-05-19 15:11:22]     Train: 32 | counts=[16, 16]
[2026-05-19 15:11:22]     Test:  8 | counts=[4, 4]
[2026-05-19 15:11:22]     Model: SignalJEPA_PreLocal | Pretrained: from_pretrained | Strategy: full
[2026-05-19 15:11:22]     Phase 1 (warmup): 2,170/16,010 params
[2026-05-19 15:11:23]     Phase 2 (full): 16,010/16,010 params
[2026-05-19 15:11:23]     Result | best_epoch=50 | stop=50 | acc=0.3750 | bal_acc=0.3750 | pred_hist=[7, 1] | collapse=False
[2026-05-19 15:11:23]     spatial_conv=[4, 29] top_abs_channels=[('FC4', 0.17265756), ('Pz', 0.13350298), ('FT7', 0.12225), ('O2', 0.12171493), ('FCz', 0.11797658), ('CP4', 0.11750808), ('Fp1', 0.11610235), ('C3', 0.11461464)]
[2026-05-19 15:11:23]     spatial_update=delta_l2=0.09163718 max_abs=0.01108698 relative=0.07841812 changed=True

[2026-05-19 15:11:24] Fold 5/5 | subject=13
[2026-05-19 15:11:24]     Train: 32 | counts=[16, 16]
[2026-05-19 15:11:24]     Test:  8 | counts=[4, 4]
[2026-05-19 15:11:24]     Model: SignalJEPA_PreLocal | Pretrained: from_pretrained | Strategy: full
[2026-05-19 15:11:24]     Phase 1 (warmup): 2,170/16,010 params
[2026-05-19 15:11:24]     Phase 2 (full): 16,010/16,010 params
[2026-05-19 15:11:25]     Result | best_epoch=50 | stop=50 | acc=0.7500 | bal_acc=0.7500 | pred_hist=[6, 2] | collapse=False
[2026-05-19 15:11:25]     spatial_conv=[4, 29] top_abs_channels=[('FC4', 0.17133784), ('Pz', 0.13307264), ('FT7', 0.12522903), ('O2', 0.11838745), ('FCz', 0.11784777), ('FC3', 0.11720635), ('CP4', 0.11607452), ('Fp1', 0.11603425)]
[2026-05-19 15:11:25]     spatial_update=delta_l2=0.08209187 max_abs=0.01080132 relative=0.07024976 changed=True
[2026-05-19 15:11:25]   Subject 13: acc=0.5750±0.1500  bal_acc=0.5750±0.1500

[2026-05-19 15:11:25] Subject 14: 40 windows | class_counts=[20, 20]

[2026-05-19 15:11:25] Fold 1/5 | subject=14
[2026-05-19 15:11:25]     Train: 32 | counts=[16, 16]
[2026-05-19 15:11:25]     Test:  8 | counts=[4, 4]
[2026-05-19 15:11:25]     Model: SignalJEPA_PreLocal | Pretrained: from_pretrained | Strategy: full
[2026-05-19 15:11:25]     Phase 1 (warmup): 2,170/16,010 params
[2026-05-19 15:11:26]     Phase 2 (full): 16,010/16,010 params
[2026-05-19 15:11:26]     Result | best_epoch=49 | stop=50 | acc=0.7500 | bal_acc=0.7500 | pred_hist=[4, 4] | collapse=False
[2026-05-19 15:11:26]     spatial_conv=[4, 29] top_abs_channels=[('FC4', 0.16211453), ('FT7', 0.13000245), ('Pz', 0.12757605), ('FCz', 0.1222163), ('FC3', 0.11892164), ('C3', 0.11690459), ('Fp1', 0.11456819), ('CP4', 0.11419278)]
[2026-05-19 15:11:26]     spatial_update=delta_l2=0.07163096 max_abs=0.00977409 relative=0.06129788 changed=True

[2026-05-19 15:11:27] Fold 2/5 | subject=14
[2026-05-19 15:11:27]     Train: 32 | counts=[16, 16]
[2026-05-19 15:11:27]     Test:  8 | counts=[4, 4]
[2026-05-19 15:11:27]     Model: SignalJEPA_PreLocal | Pretrained: from_pretrained | Strategy: full
[2026-05-19 15:11:27]     Phase 1 (warmup): 2,170/16,010 params
[2026-05-19 15:11:27]     Phase 2 (full): 16,010/16,010 params
[2026-05-19 15:11:28]     Result | best_epoch=4 | stop=50 | acc=0.6250 | bal_acc=0.6250 | pred_hist=[5, 3] | collapse=False
[2026-05-19 15:11:28]     spatial_conv=[4, 29] top_abs_channels=[('FC4', 0.16711161), ('Pz', 0.12903845), ('FT7', 0.12633109), ('FCz', 0.12016886), ('C3', 0.11771396), ('FC3', 0.11445694), ('Fp1', 0.11445314), ('CP4', 0.1143366)]
[2026-05-19 15:11:28]     spatial_update=delta_l2=0.06897610 max_abs=0.01084875 relative=0.05902600 changed=True

[2026-05-19 15:11:29] Fold 3/5 | subject=14
[2026-05-19 15:11:29]     Train: 32 | counts=[16, 16]
[2026-05-19 15:11:29]     Test:  8 | counts=[4, 4]
[2026-05-19 15:11:29]     Model: SignalJEPA_PreLocal | Pretrained: from_pretrained | Strategy: full
[2026-05-19 15:11:29]     Phase 1 (warmup): 2,170/16,010 params
[2026-05-19 15:11:29]     Phase 2 (full): 16,010/16,010 params
[2026-05-19 15:11:30]     Result | best_epoch=50 | stop=50 | acc=0.3750 | bal_acc=0.3750 | pred_hist=[5, 3] | collapse=False
[2026-05-19 15:11:30]     spatial_conv=[4, 29] top_abs_channels=[('FC4', 0.1647886), ('Pz', 0.13099177), ('FT7', 0.12804258), ('C3', 0.12008718), ('FCz', 0.11974837), ('Fp1', 0.11700352), ('O2', 0.11467324), ('CP4', 0.11392045)]
[2026-05-19 15:11:30]     spatial_update=delta_l2=0.06937880 max_abs=0.01036181 relative=0.05937060 changed=True

[2026-05-19 15:11:30] Fold 4/5 | subject=14
[2026-05-19 15:11:30]     Train: 32 | counts=[16, 16]
[2026-05-19 15:11:30]     Test:  8 | counts=[4, 4]
[2026-05-19 15:11:30]     Model: SignalJEPA_PreLocal | Pretrained: from_pretrained | Strategy: full
[2026-05-19 15:11:30]     Phase 1 (warmup): 2,170/16,010 params
[2026-05-19 15:11:30]     Phase 2 (full): 16,010/16,010 params
[2026-05-19 15:11:31]     Result | best_epoch=50 | stop=50 | acc=0.8750 | bal_acc=0.8750 | pred_hist=[5, 3] | collapse=False
[2026-05-19 15:11:31]     spatial_conv=[4, 29] top_abs_channels=[('FC4', 0.16282661), ('Pz', 0.12889485), ('FT7', 0.1263054), ('FCz', 0.12399487), ('FC3', 0.11923787), ('C3', 0.11793897), ('T7', 0.11762678), ('CP4', 0.1153466)]
[2026-05-19 15:11:31]     spatial_update=delta_l2=0.07179308 max_abs=0.00992922 relative=0.06143661 changed=True

[2026-05-19 15:11:32] Fold 5/5 | subject=14
[2026-05-19 15:11:32]     Train: 32 | counts=[16, 16]
[2026-05-19 15:11:32]     Test:  8 | counts=[4, 4]
[2026-05-19 15:11:32]     Model: SignalJEPA_PreLocal | Pretrained: from_pretrained | Strategy: full
[2026-05-19 15:11:32]     Phase 1 (warmup): 2,170/16,010 params
[2026-05-19 15:11:32]     Phase 2 (full): 16,010/16,010 params
[2026-05-19 15:11:33]     Result | best_epoch=50 | stop=50 | acc=0.6250 | bal_acc=0.6250 | pred_hist=[5, 3] | collapse=False
[2026-05-19 15:11:33]     spatial_conv=[4, 29] top_abs_channels=[('FC4', 0.1659013), ('Pz', 0.12640423), ('FT7', 0.12604488), ('FCz', 0.12113881), ('C3', 0.11772136), ('T7', 0.11538947), ('Fp1', 0.11531845), ('CP4', 0.11531391)]
[2026-05-19 15:11:33]     spatial_update=delta_l2=0.07411539 max_abs=0.01029786 relative=0.06342393 changed=True
[2026-05-19 15:11:33]   Subject 14: acc=0.6500±0.1658  bal_acc=0.6500±0.1658

[2026-05-19 15:11:33] Subject 15: 40 windows | class_counts=[20, 20]

[2026-05-19 15:11:33] Fold 1/5 | subject=15
[2026-05-19 15:11:33]     Train: 32 | counts=[16, 16]
[2026-05-19 15:11:33]     Test:  8 | counts=[4, 4]
[2026-05-19 15:11:33]     Model: SignalJEPA_PreLocal | Pretrained: from_pretrained | Strategy: full
[2026-05-19 15:11:33]     Phase 1 (warmup): 2,170/16,010 params
[2026-05-19 15:11:34]     Phase 2 (full): 16,010/16,010 params
[2026-05-19 15:11:34]     Result | best_epoch=13 | stop=50 | acc=0.3750 | bal_acc=0.3750 | pred_hist=[5, 3] | collapse=False
[2026-05-19 15:11:34]     spatial_conv=[4, 29] top_abs_channels=[('FC4', 0.15958513), ('Pz', 0.13103285), ('FT7', 0.12722738), ('FCz', 0.11746339), ('Fp1', 0.11743308), ('C3', 0.11679137), ('P7', 0.11325531), ('FC3', 0.11183897)]
[2026-05-19 15:11:34]     spatial_update=delta_l2=0.07374999 max_abs=0.01033767 relative=0.06311124 changed=True

[2026-05-19 15:11:36] Fold 2/5 | subject=15
[2026-05-19 15:11:36]     Train: 32 | counts=[16, 16]
[2026-05-19 15:11:36]     Test:  8 | counts=[4, 4]
[2026-05-19 15:11:36]     Model: SignalJEPA_PreLocal | Pretrained: from_pretrained | Strategy: full
[2026-05-19 15:11:36]     Phase 1 (warmup): 2,170/16,010 params
[2026-05-19 15:11:36]     Phase 2 (full): 16,010/16,010 params
[2026-05-19 15:11:36]     Result | best_epoch=43 | stop=50 | acc=0.3750 | bal_acc=0.3750 | pred_hist=[7, 1] | collapse=False
[2026-05-19 15:11:36]     spatial_conv=[4, 29] top_abs_channels=[('FC4', 0.1604981), ('Pz', 0.13161014), ('FT7', 0.12493704), ('C3', 0.12036493), ('FCz', 0.11735906), ('FC3', 0.11515258), ('Fp1', 0.11259504), ('CP4', 0.11239468)]
[2026-05-19 15:11:36]     spatial_update=delta_l2=0.07431348 max_abs=0.01032443 relative=0.06359344 changed=True

[2026-05-19 15:11:37] Fold 3/5 | subject=15
[2026-05-19 15:11:37]     Train: 32 | counts=[16, 16]
[2026-05-19 15:11:37]     Test:  8 | counts=[4, 4]
[2026-05-19 15:11:37]     Model: SignalJEPA_PreLocal | Pretrained: from_pretrained | Strategy: full
[2026-05-19 15:11:37]     Phase 1 (warmup): 2,170/16,010 params
[2026-05-19 15:11:37]     Phase 2 (full): 16,010/16,010 params
[2026-05-19 15:11:38]     Result | best_epoch=8 | stop=50 | acc=0.3750 | bal_acc=0.3750 | pred_hist=[7, 1] | collapse=False
[2026-05-19 15:11:38]     spatial_conv=[4, 29] top_abs_channels=[('FC4', 0.15983693), ('Pz', 0.12787378), ('FT7', 0.12405757), ('FCz', 0.11910816), ('CP4', 0.11892499), ('FC3', 0.11762867), ('C3', 0.11722019), ('P7', 0.11484104)]
[2026-05-19 15:11:38]     spatial_update=delta_l2=0.07076740 max_abs=0.01007574 relative=0.06055890 changed=True

[2026-05-19 15:11:39] Fold 4/5 | subject=15
[2026-05-19 15:11:39]     Train: 32 | counts=[16, 16]
[2026-05-19 15:11:39]     Test:  8 | counts=[4, 4]
[2026-05-19 15:11:39]     Model: SignalJEPA_PreLocal | Pretrained: from_pretrained | Strategy: full
[2026-05-19 15:11:39]     Phase 1 (warmup): 2,170/16,010 params
[2026-05-19 15:11:39]     Phase 2 (full): 16,010/16,010 params
[2026-05-19 15:11:40]     Result | best_epoch=32 | stop=50 | acc=0.3750 | bal_acc=0.3750 | pred_hist=[5, 3] | collapse=False
[2026-05-19 15:11:40]     spatial_conv=[4, 29] top_abs_channels=[('FC4', 0.16363122), ('Pz', 0.13338035), ('FT7', 0.12707683), ('C3', 0.12148958), ('FCz', 0.12040375), ('FC3', 0.11884577), ('CP4', 0.11758271), ('O2', 0.1149587)]
[2026-05-19 15:11:40]     spatial_update=delta_l2=0.07195764 max_abs=0.01040531 relative=0.06157744 changed=True

[2026-05-19 15:11:40] Fold 5/5 | subject=15
[2026-05-19 15:11:40]     Train: 32 | counts=[16, 16]
[2026-05-19 15:11:40]     Test:  8 | counts=[4, 4]
[2026-05-19 15:11:40]     Model: SignalJEPA_PreLocal | Pretrained: from_pretrained | Strategy: full
[2026-05-19 15:11:40]     Phase 1 (warmup): 2,170/16,010 params
[2026-05-19 15:11:40]     Phase 2 (full): 16,010/16,010 params
[2026-05-19 15:11:41]     Result | best_epoch=8 | stop=50 | acc=0.5000 | bal_acc=0.5000 | pred_hist=[8, 0] | collapse=True
[2026-05-19 15:11:41]     spatial_conv=[4, 29] top_abs_channels=[('FC4', 0.15871167), ('Pz', 0.13296631), ('FT7', 0.12710094), ('FCz', 0.118799), ('C3', 0.11742795), ('FC3', 0.11478274), ('CP4', 0.11448582), ('T7', 0.11402922)]
[2026-05-19 15:11:41]     spatial_update=delta_l2=0.07427627 max_abs=0.01014896 relative=0.06356160 changed=True
[2026-05-19 15:11:41]   Subject 15: acc=0.4000±0.0500  bal_acc=0.4000±0.0500

[2026-05-19 15:11:41] Subject 16: 40 windows | class_counts=[20, 20]

[2026-05-19 15:11:42] Fold 1/5 | subject=16
[2026-05-19 15:11:42]     Train: 32 | counts=[16, 16]
[2026-05-19 15:11:42]     Test:  8 | counts=[4, 4]
[2026-05-19 15:11:42]     Model: SignalJEPA_PreLocal | Pretrained: from_pretrained | Strategy: full
[2026-05-19 15:11:42]     Phase 1 (warmup): 2,170/16,010 params
[2026-05-19 15:11:42]     Phase 2 (full): 16,010/16,010 params
[2026-05-19 15:11:43]     Result | best_epoch=50 | stop=50 | acc=0.6250 | bal_acc=0.6250 | pred_hist=[5, 3] | collapse=False
[2026-05-19 15:11:43]     spatial_conv=[4, 29] top_abs_channels=[('FC4', 0.16246912), ('Pz', 0.13347791), ('FT7', 0.13251708), ('C3', 0.12103457), ('Fp1', 0.12094998), ('FCz', 0.11619805), ('CP4', 0.11561334), ('FC3', 0.11487171)]
[2026-05-19 15:11:43]     spatial_update=delta_l2=0.06138672 max_abs=0.00989410 relative=0.05253142 changed=True

[2026-05-19 15:11:43] Fold 2/5 | subject=16
[2026-05-19 15:11:43]     Train: 32 | counts=[16, 16]
[2026-05-19 15:11:43]     Test:  8 | counts=[4, 4]
[2026-05-19 15:11:43]     Model: SignalJEPA_PreLocal | Pretrained: from_pretrained | Strategy: full
[2026-05-19 15:11:43]     Phase 1 (warmup): 2,170/16,010 params
[2026-05-19 15:11:44]     Phase 2 (full): 16,010/16,010 params
[2026-05-19 15:11:45]     Result | best_epoch=1 | stop=50 | acc=0.7500 | bal_acc=0.7500 | pred_hist=[4, 4] | collapse=False
[2026-05-19 15:11:45]     spatial_conv=[4, 29] top_abs_channels=[('FC4', 0.16560282), ('Pz', 0.13630271), ('C3', 0.12377042), ('FT7', 0.12162532), ('Fp1', 0.12114903), ('FCz', 0.11701013), ('CP4', 0.11560719), ('FC3', 0.11257029)]
[2026-05-19 15:11:45]     spatial_update=delta_l2=0.06864958 max_abs=0.01055853 relative=0.05874658 changed=True

[2026-05-19 15:11:45] Fold 3/5 | subject=16
[2026-05-19 15:11:45]     Train: 32 | counts=[16, 16]
[2026-05-19 15:11:45]     Test:  8 | counts=[4, 4]
[2026-05-19 15:11:45]     Model: SignalJEPA_PreLocal | Pretrained: from_pretrained | Strategy: full
[2026-05-19 15:11:45]     Phase 1 (warmup): 2,170/16,010 params
[2026-05-19 15:11:45]     Phase 2 (full): 16,010/16,010 params
[2026-05-19 15:11:46]     Result | best_epoch=1 | stop=50 | acc=0.2500 | bal_acc=0.2500 | pred_hist=[6, 2] | collapse=False
[2026-05-19 15:11:46]     spatial_conv=[4, 29] top_abs_channels=[('FC4', 0.16718903), ('Pz', 0.1364653), ('FT7', 0.12760703), ('C3', 0.12674302), ('Fp1', 0.1221899), ('FCz', 0.11231478), ('CP4', 0.11211517), ('FC3', 0.11162205)]
[2026-05-19 15:11:46]     spatial_update=delta_l2=0.07446939 max_abs=0.01061401 relative=0.06372685 changed=True

[2026-05-19 15:11:47] Fold 4/5 | subject=16
[2026-05-19 15:11:47]     Train: 32 | counts=[16, 16]
[2026-05-19 15:11:47]     Test:  8 | counts=[4, 4]
[2026-05-19 15:11:47]     Model: SignalJEPA_PreLocal | Pretrained: from_pretrained | Strategy: full
[2026-05-19 15:11:47]     Phase 1 (warmup): 2,170/16,010 params
[2026-05-19 15:11:47]     Phase 2 (full): 16,010/16,010 params
[2026-05-19 15:11:48]     Result | best_epoch=1 | stop=50 | acc=0.2500 | bal_acc=0.2500 | pred_hist=[2, 6] | collapse=False
[2026-05-19 15:11:48]     spatial_conv=[4, 29] top_abs_channels=[('FC4', 0.15892243), ('Pz', 0.13330403), ('FT7', 0.12520882), ('C3', 0.11890234), ('FCz', 0.11773266), ('O2', 0.11583431), ('Fp1', 0.11537353), ('T7', 0.11387893)]
[2026-05-19 15:11:48]     spatial_update=delta_l2=0.06850461 max_abs=0.01042097 relative=0.05862253 changed=True

[2026-05-19 15:11:49] Fold 5/5 | subject=16
[2026-05-19 15:11:49]     Train: 32 | counts=[16, 16]
[2026-05-19 15:11:49]     Test:  8 | counts=[4, 4]
[2026-05-19 15:11:49]     Model: SignalJEPA_PreLocal | Pretrained: from_pretrained | Strategy: full
[2026-05-19 15:11:49]     Phase 1 (warmup): 2,170/16,010 params
[2026-05-19 15:11:49]     Phase 2 (full): 16,010/16,010 params
[2026-05-19 15:11:50]     Result | best_epoch=1 | stop=50 | acc=0.5000 | bal_acc=0.5000 | pred_hist=[6, 2] | collapse=False
[2026-05-19 15:11:50]     spatial_conv=[4, 29] top_abs_channels=[('FC4', 0.16389385), ('Pz', 0.13219745), ('FT7', 0.12672228), ('C3', 0.12345477), ('CP4', 0.11734399), ('FCz', 0.1149112), ('Fp1', 0.11476994), ('T7', 0.11295539)]
[2026-05-19 15:11:50]     spatial_update=delta_l2=0.06324909 max_abs=0.01057692 relative=0.05412513 changed=True
[2026-05-19 15:11:50]   Subject 16: acc=0.4750±0.2000  bal_acc=0.4750±0.2000

[2026-05-19 15:11:50] Subject 17: 40 windows | class_counts=[20, 20]

[2026-05-19 15:11:50] Fold 1/5 | subject=17
[2026-05-19 15:11:50]     Train: 32 | counts=[16, 16]
[2026-05-19 15:11:50]     Test:  8 | counts=[4, 4]
[2026-05-19 15:11:50]     Model: SignalJEPA_PreLocal | Pretrained: from_pretrained | Strategy: full
[2026-05-19 15:11:50]     Phase 1 (warmup): 2,170/16,010 params
[2026-05-19 15:11:50]     Phase 2 (full): 16,010/16,010 params
[2026-05-19 15:11:51]     Result | best_epoch=50 | stop=50 | acc=0.2500 | bal_acc=0.2500 | pred_hist=[4, 4] | collapse=False
[2026-05-19 15:11:51]     spatial_conv=[4, 29] top_abs_channels=[('FC4', 0.16084923), ('Pz', 0.13637029), ('FT7', 0.12806642), ('C3', 0.11895622), ('Fp1', 0.11541653), ('O2', 0.11532551), ('FCz', 0.11511151), ('P7', 0.11212572)]
[2026-05-19 15:11:51]     spatial_update=delta_l2=0.07511364 max_abs=0.01070583 relative=0.06427817 changed=True

[2026-05-19 15:11:52] Fold 2/5 | subject=17
[2026-05-19 15:11:52]     Train: 32 | counts=[16, 16]
[2026-05-19 15:11:52]     Test:  8 | counts=[4, 4]
[2026-05-19 15:11:52]     Model: SignalJEPA_PreLocal | Pretrained: from_pretrained | Strategy: full
[2026-05-19 15:11:52]     Phase 1 (warmup): 2,170/16,010 params
[2026-05-19 15:11:52]     Phase 2 (full): 16,010/16,010 params
[2026-05-19 15:11:53]     Result | best_epoch=1 | stop=50 | acc=0.3750 | bal_acc=0.3750 | pred_hist=[5, 3] | collapse=False
[2026-05-19 15:11:53]     spatial_conv=[4, 29] top_abs_channels=[('FC4', 0.16059706), ('Pz', 0.1342696), ('FT7', 0.13192603), ('C3', 0.12021793), ('O2', 0.11656041), ('Fp1', 0.11394316), ('FCz', 0.11233917), ('FC3', 0.11176832)]
[2026-05-19 15:11:53]     spatial_update=delta_l2=0.07271022 max_abs=0.01058842 relative=0.06222146 changed=True

[2026-05-19 15:11:53] Fold 3/5 | subject=17
[2026-05-19 15:11:53]     Train: 32 | counts=[16, 16]
[2026-05-19 15:11:53]     Test:  8 | counts=[4, 4]
[2026-05-19 15:11:53]     Model: SignalJEPA_PreLocal | Pretrained: from_pretrained | Strategy: full
[2026-05-19 15:11:53]     Phase 1 (warmup): 2,170/16,010 params
[2026-05-19 15:11:54]     Phase 2 (full): 16,010/16,010 params
[2026-05-19 15:11:54]     Result | best_epoch=50 | stop=50 | acc=0.6250 | bal_acc=0.6250 | pred_hist=[7, 1] | collapse=False
[2026-05-19 15:11:54]     spatial_conv=[4, 29] top_abs_channels=[('FC4', 0.1630813), ('Pz', 0.13634467), ('FT7', 0.12799889), ('C3', 0.11980578), ('O2', 0.11852883), ('FCz', 0.11525379), ('Fp1', 0.11385167), ('P7', 0.11114789)]
[2026-05-19 15:11:54]     spatial_update=delta_l2=0.06906868 max_abs=0.01054854 relative=0.05910522 changed=True

[2026-05-19 15:11:55] Fold 4/5 | subject=17
[2026-05-19 15:11:55]     Train: 32 | counts=[16, 16]
[2026-05-19 15:11:55]     Test:  8 | counts=[4, 4]
[2026-05-19 15:11:55]     Model: SignalJEPA_PreLocal | Pretrained: from_pretrained | Strategy: full
[2026-05-19 15:11:55]     Phase 1 (warmup): 2,170/16,010 params
[2026-05-19 15:11:55]     Phase 2 (full): 16,010/16,010 params
[2026-05-19 15:11:56]     Result | best_epoch=2 | stop=50 | acc=0.6250 | bal_acc=0.6250 | pred_hist=[7, 1] | collapse=False
[2026-05-19 15:11:56]     spatial_conv=[4, 29] top_abs_channels=[('FC4', 0.1585488), ('Pz', 0.13359465), ('FT7', 0.12498065), ('C3', 0.1163471), ('FCz', 0.11514351), ('O2', 0.11509857), ('CP4', 0.11329804), ('Fp1', 0.11259434)]
[2026-05-19 15:11:56]     spatial_update=delta_l2=0.07157150 max_abs=0.01050614 relative=0.06124700 changed=True

[2026-05-19 15:11:57] Fold 5/5 | subject=17
[2026-05-19 15:11:57]     Train: 32 | counts=[16, 16]
[2026-05-19 15:11:57]     Test:  8 | counts=[4, 4]
[2026-05-19 15:11:57]     Model: SignalJEPA_PreLocal | Pretrained: from_pretrained | Strategy: full
[2026-05-19 15:11:57]     Phase 1 (warmup): 2,170/16,010 params
[2026-05-19 15:11:57]     Phase 2 (full): 16,010/16,010 params
[2026-05-19 15:11:58]     Result | best_epoch=50 | stop=50 | acc=0.5000 | bal_acc=0.5000 | pred_hist=[6, 2] | collapse=False
[2026-05-19 15:11:58]     spatial_conv=[4, 29] top_abs_channels=[('FC4', 0.15817194), ('Pz', 0.13373326), ('FT7', 0.1305908), ('FCz', 0.11695131), ('C3', 0.11537164), ('Fp1', 0.11493791), ('O2', 0.11424924), ('FC3', 0.11202717)]
[2026-05-19 15:11:58]     spatial_update=delta_l2=0.07134980 max_abs=0.01065859 relative=0.06105728 changed=True
[2026-05-19 15:11:58]   Subject 17: acc=0.4750±0.1458  bal_acc=0.4750±0.1458

[2026-05-19 15:11:58] Subject 18: 40 windows | class_counts=[20, 20]

[2026-05-19 15:11:58] Fold 1/5 | subject=18
[2026-05-19 15:11:58]     Train: 32 | counts=[16, 16]
[2026-05-19 15:11:58]     Test:  8 | counts=[4, 4]
[2026-05-19 15:11:58]     Model: SignalJEPA_PreLocal | Pretrained: from_pretrained | Strategy: full
[2026-05-19 15:11:58]     Phase 1 (warmup): 2,170/16,010 params
[2026-05-19 15:11:59]     Phase 2 (full): 16,010/16,010 params
[2026-05-19 15:11:59]     Result | best_epoch=49 | stop=50 | acc=0.8750 | bal_acc=0.8750 | pred_hist=[5, 3] | collapse=False
[2026-05-19 15:11:59]     spatial_conv=[4, 29] top_abs_channels=[('FC4', 0.1586663), ('Pz', 0.13553609), ('FT7', 0.13001126), ('C3', 0.11951306), ('T7', 0.1171975), ('FCz', 0.11665583), ('Fp1', 0.11526555), ('P7', 0.11140046)]
[2026-05-19 15:11:59]     spatial_update=delta_l2=0.07237366 max_abs=0.01063730 relative=0.06193344 changed=True

[2026-05-19 15:12:00] Fold 2/5 | subject=18
[2026-05-19 15:12:00]     Train: 32 | counts=[16, 16]
[2026-05-19 15:12:00]     Test:  8 | counts=[4, 4]
[2026-05-19 15:12:00]     Model: SignalJEPA_PreLocal | Pretrained: from_pretrained | Strategy: full
[2026-05-19 15:12:00]     Phase 1 (warmup): 2,170/16,010 params
[2026-05-19 15:12:00]     Phase 2 (full): 16,010/16,010 params
[2026-05-19 15:12:01]     Result | best_epoch=50 | stop=50 | acc=0.5000 | bal_acc=0.5000 | pred_hist=[0, 8] | collapse=True
[2026-05-19 15:12:01]     spatial_conv=[4, 29] top_abs_channels=[('FC4', 0.15993962), ('Pz', 0.13911745), ('FT7', 0.12971395), ('C3', 0.12099093), ('T7', 0.11907586), ('P7', 0.11448722), ('Fp1', 0.11438953), ('O2', 0.11331902)]
[2026-05-19 15:12:01]     spatial_update=delta_l2=0.07746652 max_abs=0.01093692 relative=0.06629164 changed=True

[2026-05-19 15:12:01] Fold 3/5 | subject=18
[2026-05-19 15:12:01]     Train: 32 | counts=[16, 16]
[2026-05-19 15:12:01]     Test:  8 | counts=[4, 4]
[2026-05-19 15:12:01]     Model: SignalJEPA_PreLocal | Pretrained: from_pretrained | Strategy: full
[2026-05-19 15:12:01]     Phase 1 (warmup): 2,170/16,010 params
[2026-05-19 15:12:02]     Phase 2 (full): 16,010/16,010 params
[2026-05-19 15:12:02]     Result | best_epoch=50 | stop=50 | acc=0.7500 | bal_acc=0.7500 | pred_hist=[6, 2] | collapse=False
[2026-05-19 15:12:02]     spatial_conv=[4, 29] top_abs_channels=[('FC4', 0.15818045), ('Pz', 0.14000848), ('FT7', 0.13065928), ('C3', 0.11975484), ('T7', 0.11613755), ('Fp1', 0.11555333), ('FC3', 0.11504956), ('P7', 0.11452948)]
[2026-05-19 15:12:02]     spatial_update=delta_l2=0.07555268 max_abs=0.01092634 relative=0.06465388 changed=True

[2026-05-19 15:12:03] Fold 4/5 | subject=18
[2026-05-19 15:12:03]     Train: 32 | counts=[16, 16]
[2026-05-19 15:12:03]     Test:  8 | counts=[4, 4]
[2026-05-19 15:12:03]     Model: SignalJEPA_PreLocal | Pretrained: from_pretrained | Strategy: full
[2026-05-19 15:12:03]     Phase 1 (warmup): 2,170/16,010 params
[2026-05-19 15:12:03]     Phase 2 (full): 16,010/16,010 params
[2026-05-19 15:12:04]     Result | best_epoch=49 | stop=50 | acc=0.7500 | bal_acc=0.7500 | pred_hist=[2, 6] | collapse=False
[2026-05-19 15:12:04]     spatial_conv=[4, 29] top_abs_channels=[('FC4', 0.15754506), ('Pz', 0.13771413), ('FT7', 0.13415094), ('C3', 0.1218436), ('T7', 0.11528934), ('FCz', 0.11491543), ('Fp1', 0.11461808), ('P7', 0.11449665)]
[2026-05-19 15:12:04]     spatial_update=delta_l2=0.06976996 max_abs=0.01093583 relative=0.05970534 changed=True

[2026-05-19 15:12:05] Fold 5/5 | subject=18
[2026-05-19 15:12:05]     Train: 32 | counts=[16, 16]
[2026-05-19 15:12:05]     Test:  8 | counts=[4, 4]
[2026-05-19 15:12:05]     Model: SignalJEPA_PreLocal | Pretrained: from_pretrained | Strategy: full
[2026-05-19 15:12:05]     Phase 1 (warmup): 2,170/16,010 params
[2026-05-19 15:12:05]     Phase 2 (full): 16,010/16,010 params
[2026-05-19 15:12:06]     Result | best_epoch=50 | stop=50 | acc=0.6250 | bal_acc=0.6250 | pred_hist=[3, 5] | collapse=False
[2026-05-19 15:12:06]     spatial_conv=[4, 29] top_abs_channels=[('FC4', 0.1588524), ('Pz', 0.13209201), ('FT7', 0.13006327), ('C3', 0.11985777), ('Fp1', 0.11831921), ('T7', 0.11600798), ('FC3', 0.11297399), ('O2', 0.11213308)]
[2026-05-19 15:12:06]     spatial_update=delta_l2=0.07687970 max_abs=0.01073390 relative=0.06578947 changed=True
[2026-05-19 15:12:06]   Subject 18: acc=0.7000±0.1275  bal_acc=0.7000±0.1275

[2026-05-19 15:12:06] Subject 19: 40 windows | class_counts=[20, 20]

[2026-05-19 15:12:06] Fold 1/5 | subject=19
[2026-05-19 15:12:06]     Train: 32 | counts=[16, 16]
[2026-05-19 15:12:06]     Test:  8 | counts=[4, 4]
[2026-05-19 15:12:06]     Model: SignalJEPA_PreLocal | Pretrained: from_pretrained | Strategy: full
[2026-05-19 15:12:06]     Phase 1 (warmup): 2,170/16,010 params
[2026-05-19 15:12:06]     Phase 2 (full): 16,010/16,010 params
[2026-05-19 15:12:07]     Result | best_epoch=50 | stop=50 | acc=0.3750 | bal_acc=0.3750 | pred_hist=[5, 3] | collapse=False
[2026-05-19 15:12:07]     spatial_conv=[4, 29] top_abs_channels=[('FC4', 0.16253896), ('Pz', 0.13312085), ('FT7', 0.12433822), ('O2', 0.11845066), ('T7', 0.1183087), ('FC3', 0.11686611), ('Fp1', 0.11641333), ('C3', 0.11603712)]
[2026-05-19 15:12:07]     spatial_update=delta_l2=0.07465155 max_abs=0.01053695 relative=0.06388274 changed=True

[2026-05-19 15:12:08] Fold 2/5 | subject=19
[2026-05-19 15:12:08]     Train: 32 | counts=[16, 16]
[2026-05-19 15:12:08]     Test:  8 | counts=[4, 4]
[2026-05-19 15:12:08]     Model: SignalJEPA_PreLocal | Pretrained: from_pretrained | Strategy: full
[2026-05-19 15:12:08]     Phase 1 (warmup): 2,170/16,010 params
[2026-05-19 15:12:08]     Phase 2 (full): 16,010/16,010 params
[2026-05-19 15:12:09]     Result | best_epoch=5 | stop=50 | acc=0.5000 | bal_acc=0.5000 | pred_hist=[4, 4] | collapse=False
[2026-05-19 15:12:09]     spatial_conv=[4, 29] top_abs_channels=[('FC4', 0.16368154), ('Pz', 0.13331811), ('FT7', 0.12663354), ('Fp1', 0.12030103), ('T7', 0.11926895), ('C3', 0.11810366), ('O2', 0.11748157), ('CP4', 0.11366428)]
[2026-05-19 15:12:09]     spatial_update=delta_l2=0.07338527 max_abs=0.01083887 relative=0.06279912 changed=True

[2026-05-19 15:12:09] Fold 3/5 | subject=19
[2026-05-19 15:12:09]     Train: 32 | counts=[16, 16]
[2026-05-19 15:12:09]     Test:  8 | counts=[4, 4]
[2026-05-19 15:12:09]     Model: SignalJEPA_PreLocal | Pretrained: from_pretrained | Strategy: full
[2026-05-19 15:12:09]     Phase 1 (warmup): 2,170/16,010 params
[2026-05-19 15:12:10]     Phase 2 (full): 16,010/16,010 params
[2026-05-19 15:12:10]     Result | best_epoch=50 | stop=50 | acc=0.1250 | bal_acc=0.1250 | pred_hist=[5, 3] | collapse=False
[2026-05-19 15:12:10]     spatial_conv=[4, 29] top_abs_channels=[('FC4', 0.16153868), ('Pz', 0.13371629), ('FT7', 0.12709254), ('Fp1', 0.11947639), ('C3', 0.11836814), ('T7', 0.11827128), ('CP4', 0.11533998), ('FCz', 0.11475322)]
[2026-05-19 15:12:10]     spatial_update=delta_l2=0.06114178 max_abs=0.01022864 relative=0.05232182 changed=True

[2026-05-19 15:12:11] Fold 4/5 | subject=19
[2026-05-19 15:12:11]     Train: 32 | counts=[16, 16]
[2026-05-19 15:12:11]     Test:  8 | counts=[4, 4]
[2026-05-19 15:12:11]     Model: SignalJEPA_PreLocal | Pretrained: from_pretrained | Strategy: full
[2026-05-19 15:12:11]     Phase 1 (warmup): 2,170/16,010 params
[2026-05-19 15:12:11]     Phase 2 (full): 16,010/16,010 params
[2026-05-19 15:12:12]     Result | best_epoch=1 | stop=50 | acc=0.6250 | bal_acc=0.6250 | pred_hist=[5, 3] | collapse=False
[2026-05-19 15:12:12]     spatial_conv=[4, 29] top_abs_channels=[('FC4', 0.16031396), ('Pz', 0.13721797), ('FT7', 0.12841919), ('Fp1', 0.1187515), ('C3', 0.11868531), ('O2', 0.11711526), ('FC3', 0.11604217), ('T7', 0.1151867)]
[2026-05-19 15:12:12]     spatial_update=delta_l2=0.06226521 max_abs=0.01061639 relative=0.05328318 changed=True

[2026-05-19 15:12:12] Fold 5/5 | subject=19
[2026-05-19 15:12:12]     Train: 32 | counts=[16, 16]
[2026-05-19 15:12:12]     Test:  8 | counts=[4, 4]
[2026-05-19 15:12:12]     Model: SignalJEPA_PreLocal | Pretrained: from_pretrained | Strategy: full
[2026-05-19 15:12:12]     Phase 1 (warmup): 2,170/16,010 params
[2026-05-19 15:12:13]     Phase 2 (full): 16,010/16,010 params
[2026-05-19 15:12:13]     Result | best_epoch=50 | stop=50 | acc=0.6250 | bal_acc=0.6250 | pred_hist=[5, 3] | collapse=False
[2026-05-19 15:12:13]     spatial_conv=[4, 29] top_abs_channels=[('FC4', 0.16681024), ('Pz', 0.13319707), ('FT7', 0.12687109), ('Fp1', 0.11959322), ('T7', 0.11953828), ('O2', 0.11847509), ('C3', 0.11698548), ('FC3', 0.11589283)]
[2026-05-19 15:12:13]     spatial_update=delta_l2=0.07390455 max_abs=0.01069022 relative=0.06324350 changed=True
[2026-05-19 15:12:13]   Subject 19: acc=0.4500±0.1871  bal_acc=0.4500±0.1871

[2026-05-19 15:12:13] Subject 20: 40 windows | class_counts=[20, 20]

[2026-05-19 15:12:14] Fold 1/5 | subject=20
[2026-05-19 15:12:14]     Train: 32 | counts=[16, 16]
[2026-05-19 15:12:14]     Test:  8 | counts=[4, 4]
[2026-05-19 15:12:14]     Model: SignalJEPA_PreLocal | Pretrained: from_pretrained | Strategy: full
[2026-05-19 15:12:14]     Phase 1 (warmup): 2,170/16,010 params
[2026-05-19 15:12:14]     Phase 2 (full): 16,010/16,010 params
[2026-05-19 15:12:15]     Result | best_epoch=50 | stop=50 | acc=0.8750 | bal_acc=0.8750 | pred_hist=[3, 5] | collapse=False
[2026-05-19 15:12:15]     spatial_conv=[4, 29] top_abs_channels=[('FC4', 0.16113994), ('Pz', 0.1369855), ('FT7', 0.12833522), ('C3', 0.12363642), ('FC3', 0.11913376), ('Fp1', 0.11758985), ('FCz', 0.11318702), ('CP4', 0.11312561)]
[2026-05-19 15:12:15]     spatial_update=delta_l2=0.06880475 max_abs=0.01014688 relative=0.05887936 changed=True

[2026-05-19 15:12:16] Fold 2/5 | subject=20
[2026-05-19 15:12:16]     Train: 32 | counts=[16, 16]
[2026-05-19 15:12:16]     Test:  8 | counts=[4, 4]
[2026-05-19 15:12:16]     Model: SignalJEPA_PreLocal | Pretrained: from_pretrained | Strategy: full
[2026-05-19 15:12:16]     Phase 1 (warmup): 2,170/16,010 params
[2026-05-19 15:12:16]     Phase 2 (full): 16,010/16,010 params
[2026-05-19 15:12:17]     Result | best_epoch=50 | stop=50 | acc=0.8750 | bal_acc=0.8750 | pred_hist=[5, 3] | collapse=False
[2026-05-19 15:12:17]     spatial_conv=[4, 29] top_abs_channels=[('FC4', 0.16270128), ('Pz', 0.14208055), ('C3', 0.12581903), ('FT7', 0.12481938), ('FCz', 0.11956786), ('Fp1', 0.11669026), ('O2', 0.11534137), ('FC3', 0.11412954)]
[2026-05-19 15:12:17]     spatial_update=delta_l2=0.08579686 max_abs=0.01082175 relative=0.07342029 changed=True

[2026-05-19 15:12:17] Fold 3/5 | subject=20
[2026-05-19 15:12:17]     Train: 32 | counts=[16, 16]
[2026-05-19 15:12:17]     Test:  8 | counts=[4, 4]
[2026-05-19 15:12:17]     Model: SignalJEPA_PreLocal | Pretrained: from_pretrained | Strategy: full
[2026-05-19 15:12:17]     Phase 1 (warmup): 2,170/16,010 params
[2026-05-19 15:12:17]     Phase 2 (full): 16,010/16,010 params
[2026-05-19 15:12:18]     Result | best_epoch=50 | stop=50 | acc=0.7500 | bal_acc=0.7500 | pred_hist=[2, 6] | collapse=False
[2026-05-19 15:12:18]     spatial_conv=[4, 29] top_abs_channels=[('FC4', 0.16129009), ('Pz', 0.13723776), ('C3', 0.1233152), ('FT7', 0.12279871), ('Fp1', 0.11861061), ('FCz', 0.11809213), ('O2', 0.11568967), ('FC3', 0.1153435)]
[2026-05-19 15:12:18]     spatial_update=delta_l2=0.07553625 max_abs=0.01076800 relative=0.06463982 changed=True

[2026-05-19 15:12:19] Fold 4/5 | subject=20
[2026-05-19 15:12:19]     Train: 32 | counts=[16, 16]
[2026-05-19 15:12:19]     Test:  8 | counts=[4, 4]
[2026-05-19 15:12:19]     Model: SignalJEPA_PreLocal | Pretrained: from_pretrained | Strategy: full
[2026-05-19 15:12:19]     Phase 1 (warmup): 2,170/16,010 params
[2026-05-19 15:12:19]     Phase 2 (full): 16,010/16,010 params
[2026-05-19 15:12:20]     Result | best_epoch=50 | stop=50 | acc=0.5000 | bal_acc=0.5000 | pred_hist=[6, 2] | collapse=False
[2026-05-19 15:12:20]     spatial_conv=[4, 29] top_abs_channels=[('FC4', 0.16388391), ('Pz', 0.13486218), ('FT7', 0.12458512), ('C3', 0.12330963), ('FCz', 0.11932266), ('Fp1', 0.11861559), ('FC3', 0.11484103), ('CP4', 0.11400038)]
[2026-05-19 15:12:20]     spatial_update=delta_l2=0.07561958 max_abs=0.01069187 relative=0.06471113 changed=True

[2026-05-19 15:12:20] Fold 5/5 | subject=20
[2026-05-19 15:12:20]     Train: 32 | counts=[16, 16]
[2026-05-19 15:12:20]     Test:  8 | counts=[4, 4]
[2026-05-19 15:12:20]     Model: SignalJEPA_PreLocal | Pretrained: from_pretrained | Strategy: full
[2026-05-19 15:12:20]     Phase 1 (warmup): 2,170/16,010 params
[2026-05-19 15:12:21]     Phase 2 (full): 16,010/16,010 params
[2026-05-19 15:12:21]     Result | best_epoch=5 | stop=50 | acc=0.7500 | bal_acc=0.7500 | pred_hist=[2, 6] | collapse=False
[2026-05-19 15:12:21]     spatial_conv=[4, 29] top_abs_channels=[('FC4', 0.16422692), ('Pz', 0.13354652), ('C3', 0.12633088), ('FT7', 0.12119124), ('FCz', 0.11815664), ('O2', 0.11584961), ('Fp1', 0.11547495), ('FC3', 0.11158428)]
[2026-05-19 15:12:21]     spatial_update=delta_l2=0.08225776 max_abs=0.01077074 relative=0.07039172 changed=True
[2026-05-19 15:12:21]   Subject 20: acc=0.7500±0.1369  bal_acc=0.7500±0.1369

[2026-05-19 15:12:21] Subject 21: 40 windows | class_counts=[20, 20]

[2026-05-19 15:12:22] Fold 1/5 | subject=21
[2026-05-19 15:12:22]     Train: 32 | counts=[16, 16]
[2026-05-19 15:12:22]     Test:  8 | counts=[4, 4]
[2026-05-19 15:12:22]     Model: SignalJEPA_PreLocal | Pretrained: from_pretrained | Strategy: full
[2026-05-19 15:12:22]     Phase 1 (warmup): 2,170/16,010 params
[2026-05-19 15:12:22]     Phase 2 (full): 16,010/16,010 params
[2026-05-19 15:12:23]     Result | best_epoch=1 | stop=50 | acc=0.5000 | bal_acc=0.5000 | pred_hist=[6, 2] | collapse=False
[2026-05-19 15:12:23]     spatial_conv=[4, 29] top_abs_channels=[('FC4', 0.16334814), ('Pz', 0.13823806), ('FT7', 0.12937322), ('C3', 0.12528446), ('FC3', 0.11639059), ('P7', 0.11473403), ('FCz', 0.11303616), ('Fp1', 0.11225401)]
[2026-05-19 15:12:23]     spatial_update=delta_l2=0.07235540 max_abs=0.01052139 relative=0.06191782 changed=True

[2026-05-19 15:12:23] Fold 2/5 | subject=21
[2026-05-19 15:12:23]     Train: 32 | counts=[16, 16]
[2026-05-19 15:12:23]     Test:  8 | counts=[4, 4]
[2026-05-19 15:12:23]     Model: SignalJEPA_PreLocal | Pretrained: from_pretrained | Strategy: full
[2026-05-19 15:12:23]     Phase 1 (warmup): 2,170/16,010 params
[2026-05-19 15:12:24]     Phase 2 (full): 16,010/16,010 params
[2026-05-19 15:12:24]     Result | best_epoch=32 | stop=50 | acc=0.3750 | bal_acc=0.3750 | pred_hist=[5, 3] | collapse=False
[2026-05-19 15:12:24]     spatial_conv=[4, 29] top_abs_channels=[('FC4', 0.15925854), ('Pz', 0.13979575), ('FT7', 0.13024031), ('C3', 0.12894951), ('FCz', 0.11680532), ('CP4', 0.11350076), ('FC3', 0.11333236), ('T7', 0.11313108)]
[2026-05-19 15:12:24]     spatial_update=delta_l2=0.07685462 max_abs=0.01045264 relative=0.06576800 changed=True

[2026-05-19 15:12:25] Fold 3/5 | subject=21
[2026-05-19 15:12:25]     Train: 32 | counts=[16, 16]
[2026-05-19 15:12:25]     Test:  8 | counts=[4, 4]
[2026-05-19 15:12:25]     Model: SignalJEPA_PreLocal | Pretrained: from_pretrained | Strategy: full
[2026-05-19 15:12:25]     Phase 1 (warmup): 2,170/16,010 params
[2026-05-19 15:12:26]     Phase 2 (full): 16,010/16,010 params
[2026-05-19 15:12:26]     Result | best_epoch=32 | stop=50 | acc=0.2500 | bal_acc=0.2500 | pred_hist=[2, 6] | collapse=False
[2026-05-19 15:12:26]     spatial_conv=[4, 29] top_abs_channels=[('FC4', 0.1687198), ('Pz', 0.13937962), ('FT7', 0.12731394), ('C3', 0.1242888), ('FCz', 0.11785993), ('O2', 0.11672823), ('T7', 0.11438723), ('Fp1', 0.11283261)]
[2026-05-19 15:12:26]     spatial_update=delta_l2=0.06946619 max_abs=0.01057487 relative=0.05944539 changed=True

[2026-05-19 15:12:27] Fold 4/5 | subject=21
[2026-05-19 15:12:27]     Train: 32 | counts=[16, 16]
[2026-05-19 15:12:27]     Test:  8 | counts=[4, 4]
[2026-05-19 15:12:27]     Model: SignalJEPA_PreLocal | Pretrained: from_pretrained | Strategy: full
[2026-05-19 15:12:27]     Phase 1 (warmup): 2,170/16,010 params
[2026-05-19 15:12:27]     Phase 2 (full): 16,010/16,010 params
[2026-05-19 15:12:28]     Result | best_epoch=5 | stop=50 | acc=0.3750 | bal_acc=0.3750 | pred_hist=[5, 3] | collapse=False
[2026-05-19 15:12:28]     spatial_conv=[4, 29] top_abs_channels=[('FC4', 0.16387284), ('Pz', 0.13562682), ('FT7', 0.13128398), ('C3', 0.12283809), ('O2', 0.11750796), ('T7', 0.11703053), ('P7', 0.11279441), ('FCz', 0.11252336)]
[2026-05-19 15:12:28]     spatial_update=delta_l2=0.06773125 max_abs=0.01053946 relative=0.05796072 changed=True

[2026-05-19 15:12:28] Fold 5/5 | subject=21
[2026-05-19 15:12:28]     Train: 32 | counts=[16, 16]
[2026-05-19 15:12:28]     Test:  8 | counts=[4, 4]
[2026-05-19 15:12:28]     Model: SignalJEPA_PreLocal | Pretrained: from_pretrained | Strategy: full
[2026-05-19 15:12:29]     Phase 1 (warmup): 2,170/16,010 params
[2026-05-19 15:12:29]     Phase 2 (full): 16,010/16,010 params
[2026-05-19 15:12:29]     Result | best_epoch=12 | stop=50 | acc=0.5000 | bal_acc=0.5000 | pred_hist=[4, 4] | collapse=False
[2026-05-19 15:12:29]     spatial_conv=[4, 29] top_abs_channels=[('FC4', 0.16232063), ('Pz', 0.13809595), ('FT7', 0.1279071), ('C3', 0.12593134), ('FCz', 0.11754546), ('O2', 0.11562991), ('T7', 0.11380369), ('FC3', 0.11315362)]
[2026-05-19 15:12:29]     spatial_update=delta_l2=0.06162923 max_abs=0.01061378 relative=0.05273895 changed=True
[2026-05-19 15:12:29]   Subject 21: acc=0.4000±0.0935  bal_acc=0.4000±0.0935

[2026-05-19 15:12:29] Subject 22: 40 windows | class_counts=[20, 20]

[2026-05-19 15:12:30] Fold 1/5 | subject=22
[2026-05-19 15:12:30]     Train: 32 | counts=[16, 16]
[2026-05-19 15:12:30]     Test:  8 | counts=[4, 4]
[2026-05-19 15:12:30]     Model: SignalJEPA_PreLocal | Pretrained: from_pretrained | Strategy: full
[2026-05-19 15:12:30]     Phase 1 (warmup): 2,170/16,010 params
[2026-05-19 15:12:30]     Phase 2 (full): 16,010/16,010 params
[2026-05-19 15:12:31]     Result | best_epoch=50 | stop=50 | acc=0.5000 | bal_acc=0.5000 | pred_hist=[4, 4] | collapse=False
[2026-05-19 15:12:31]     spatial_conv=[4, 29] top_abs_channels=[('FC4', 0.15773487), ('Pz', 0.13927045), ('FT7', 0.13020077), ('C3', 0.12067473), ('FCz', 0.11589774), ('FC3', 0.11588405), ('Fp1', 0.11466841), ('O2', 0.11430959)]
[2026-05-19 15:12:31]     spatial_update=delta_l2=0.05946751 max_abs=0.01069281 relative=0.05088906 changed=True

[2026-05-19 15:12:32] Fold 2/5 | subject=22
[2026-05-19 15:12:32]     Train: 32 | counts=[16, 16]
[2026-05-19 15:12:32]     Test:  8 | counts=[4, 4]
[2026-05-19 15:12:32]     Model: SignalJEPA_PreLocal | Pretrained: from_pretrained | Strategy: full
[2026-05-19 15:12:32]     Phase 1 (warmup): 2,170/16,010 params
[2026-05-19 15:12:32]     Phase 2 (full): 16,010/16,010 params
[2026-05-19 15:12:33]     Result | best_epoch=50 | stop=50 | acc=0.2500 | bal_acc=0.2500 | pred_hist=[4, 4] | collapse=False
[2026-05-19 15:12:33]     spatial_conv=[4, 29] top_abs_channels=[('FC4', 0.15707484), ('Pz', 0.13859838), ('FT7', 0.1288507), ('C3', 0.12059805), ('FCz', 0.11814623), ('Fp1', 0.11453874), ('FC3', 0.1143194), ('O2', 0.11402144)]
[2026-05-19 15:12:33]     spatial_update=delta_l2=0.05793477 max_abs=0.01075366 relative=0.04957743 changed=True

[2026-05-19 15:12:33] Fold 3/5 | subject=22
[2026-05-19 15:12:33]     Train: 32 | counts=[16, 16]
[2026-05-19 15:12:33]     Test:  8 | counts=[4, 4]
[2026-05-19 15:12:33]     Model: SignalJEPA_PreLocal | Pretrained: from_pretrained | Strategy: full
[2026-05-19 15:12:33]     Phase 1 (warmup): 2,170/16,010 params
[2026-05-19 15:12:34]     Phase 2 (full): 16,010/16,010 params
[2026-05-19 15:12:34]     Result | best_epoch=50 | stop=50 | acc=0.3750 | bal_acc=0.3750 | pred_hist=[5, 3] | collapse=False
[2026-05-19 15:12:34]     spatial_conv=[4, 29] top_abs_channels=[('FC4', 0.15334266), ('Pz', 0.13587561), ('FT7', 0.12888014), ('C3', 0.118479), ('FC3', 0.11703382), ('FCz', 0.11700344), ('Fp1', 0.1106956), ('O2', 0.11037654)]
[2026-05-19 15:12:34]     spatial_update=delta_l2=0.07338950 max_abs=0.01050638 relative=0.06280275 changed=True

[2026-05-19 15:12:35] Fold 4/5 | subject=22
[2026-05-19 15:12:35]     Train: 32 | counts=[16, 16]
[2026-05-19 15:12:35]     Test:  8 | counts=[4, 4]
[2026-05-19 15:12:35]     Model: SignalJEPA_PreLocal | Pretrained: from_pretrained | Strategy: full
[2026-05-19 15:12:35]     Phase 1 (warmup): 2,170/16,010 params
[2026-05-19 15:12:35]     Phase 2 (full): 16,010/16,010 params
[2026-05-19 15:12:36]     Result | best_epoch=18 | stop=50 | acc=0.5000 | bal_acc=0.5000 | pred_hist=[2, 6] | collapse=False
[2026-05-19 15:12:36]     spatial_conv=[4, 29] top_abs_channels=[('FC4', 0.15663117), ('Pz', 0.14031155), ('FT7', 0.13133942), ('C3', 0.12139676), ('FCz', 0.11848584), ('O2', 0.11704965), ('FC3', 0.11513067), ('Fp1', 0.1138583)]
[2026-05-19 15:12:36]     spatial_update=delta_l2=0.06599679 max_abs=0.01059456 relative=0.05647646 changed=True

[2026-05-19 15:12:37] Fold 5/5 | subject=22
[2026-05-19 15:12:37]     Train: 32 | counts=[16, 16]
[2026-05-19 15:12:37]     Test:  8 | counts=[4, 4]
[2026-05-19 15:12:37]     Model: SignalJEPA_PreLocal | Pretrained: from_pretrained | Strategy: full
[2026-05-19 15:12:37]     Phase 1 (warmup): 2,170/16,010 params
[2026-05-19 15:12:37]     Phase 2 (full): 16,010/16,010 params
[2026-05-19 15:12:38]     Result | best_epoch=50 | stop=50 | acc=0.3750 | bal_acc=0.3750 | pred_hist=[5, 3] | collapse=False
[2026-05-19 15:12:38]     spatial_conv=[4, 29] top_abs_channels=[('FC4', 0.15596069), ('Pz', 0.14020297), ('FT7', 0.12960625), ('C3', 0.12307134), ('FCz', 0.11821711), ('Fp1', 0.11525039), ('FC3', 0.11335022), ('O2', 0.11275785)]
[2026-05-19 15:12:38]     spatial_update=delta_l2=0.06801074 max_abs=0.01015352 relative=0.05819989 changed=True
[2026-05-19 15:12:38]   Subject 22: acc=0.4000±0.0935  bal_acc=0.4000±0.0935

[2026-05-19 15:12:38] Subject 23: 40 windows | class_counts=[20, 20]

[2026-05-19 15:12:38] Fold 1/5 | subject=23
[2026-05-19 15:12:38]     Train: 32 | counts=[16, 16]
[2026-05-19 15:12:38]     Test:  8 | counts=[4, 4]
[2026-05-19 15:12:38]     Model: SignalJEPA_PreLocal | Pretrained: from_pretrained | Strategy: full
[2026-05-19 15:12:38]     Phase 1 (warmup): 2,170/16,010 params
[2026-05-19 15:12:38]     Phase 2 (full): 16,010/16,010 params
[2026-05-19 15:12:39]     Result | best_epoch=32 | stop=50 | acc=0.8750 | bal_acc=0.8750 | pred_hist=[5, 3] | collapse=False
[2026-05-19 15:12:39]     spatial_conv=[4, 29] top_abs_channels=[('FC4', 0.15840638), ('Pz', 0.13444436), ('FT7', 0.12336738), ('C3', 0.117947), ('O2', 0.1160077), ('CP4', 0.1142602), ('T7', 0.11364622), ('FC3', 0.11152133)]
[2026-05-19 15:12:39]     spatial_update=delta_l2=0.07237234 max_abs=0.01030061 relative=0.06193232 changed=True

[2026-05-19 15:12:40] Fold 2/5 | subject=23
[2026-05-19 15:12:40]     Train: 32 | counts=[16, 16]
[2026-05-19 15:12:40]     Test:  8 | counts=[4, 4]
[2026-05-19 15:12:40]     Model: SignalJEPA_PreLocal | Pretrained: from_pretrained | Strategy: full
[2026-05-19 15:12:40]     Phase 1 (warmup): 2,170/16,010 params
[2026-05-19 15:12:40]     Phase 2 (full): 16,010/16,010 params
[2026-05-19 15:12:41]     Result | best_epoch=50 | stop=50 | acc=0.6250 | bal_acc=0.6250 | pred_hist=[5, 3] | collapse=False
[2026-05-19 15:12:41]     spatial_conv=[4, 29] top_abs_channels=[('FC4', 0.15766498), ('Pz', 0.1368867), ('FT7', 0.12555882), ('C3', 0.12370382), ('O2', 0.11520699), ('T7', 0.11423309), ('FC3', 0.11421439), ('CP4', 0.1138083)]
[2026-05-19 15:12:41]     spatial_update=delta_l2=0.06416418 max_abs=0.00997230 relative=0.05490822 changed=True

[2026-05-19 15:12:41] Fold 3/5 | subject=23
[2026-05-19 15:12:41]     Train: 32 | counts=[16, 16]
[2026-05-19 15:12:41]     Test:  8 | counts=[4, 4]
[2026-05-19 15:12:41]     Model: SignalJEPA_PreLocal | Pretrained: from_pretrained | Strategy: full
[2026-05-19 15:12:41]     Phase 1 (warmup): 2,170/16,010 params
[2026-05-19 15:12:42]     Phase 2 (full): 16,010/16,010 params
[2026-05-19 15:12:42]     Result | best_epoch=32 | stop=50 | acc=0.7500 | bal_acc=0.7500 | pred_hist=[6, 2] | collapse=False
[2026-05-19 15:12:42]     spatial_conv=[4, 29] top_abs_channels=[('FC4', 0.16096812), ('Pz', 0.13180299), ('FT7', 0.12500124), ('C3', 0.12172525), ('FCz', 0.1157029), ('FC3', 0.11342939), ('CP4', 0.11305347), ('T7', 0.11263866)]
[2026-05-19 15:12:42]     spatial_update=delta_l2=0.05998933 max_abs=0.01034610 relative=0.05133561 changed=True

[2026-05-19 15:12:43] Fold 4/5 | subject=23
[2026-05-19 15:12:43]     Train: 32 | counts=[16, 16]
[2026-05-19 15:12:43]     Test:  8 | counts=[4, 4]
[2026-05-19 15:12:43]     Model: SignalJEPA_PreLocal | Pretrained: from_pretrained | Strategy: full
[2026-05-19 15:12:43]     Phase 1 (warmup): 2,170/16,010 params
[2026-05-19 15:12:43]     Phase 2 (full): 16,010/16,010 params
[2026-05-19 15:12:44]     Result | best_epoch=1 | stop=50 | acc=0.6250 | bal_acc=0.6250 | pred_hist=[5, 3] | collapse=False
[2026-05-19 15:12:44]     spatial_conv=[4, 29] top_abs_channels=[('FC4', 0.1577791), ('Pz', 0.1265724), ('C3', 0.12278323), ('FT7', 0.12059021), ('CP4', 0.11760661), ('O2', 0.11606664), ('Fp1', 0.11516806), ('FC3', 0.11418038)]
[2026-05-19 15:12:44]     spatial_update=delta_l2=0.06790642 max_abs=0.01056747 relative=0.05811062 changed=True

[2026-05-19 15:12:44] Fold 5/5 | subject=23
[2026-05-19 15:12:44]     Train: 32 | counts=[16, 16]
[2026-05-19 15:12:44]     Test:  8 | counts=[4, 4]
[2026-05-19 15:12:44]     Model: SignalJEPA_PreLocal | Pretrained: from_pretrained | Strategy: full
[2026-05-19 15:12:44]     Phase 1 (warmup): 2,170/16,010 params
[2026-05-19 15:12:45]     Phase 2 (full): 16,010/16,010 params
[2026-05-19 15:12:45]     Result | best_epoch=50 | stop=50 | acc=0.3750 | bal_acc=0.3750 | pred_hist=[3, 5] | collapse=False
[2026-05-19 15:12:45]     spatial_conv=[4, 29] top_abs_channels=[('FC4', 0.15961114), ('Pz', 0.13320106), ('FT7', 0.1251114), ('C3', 0.11942549), ('T7', 0.11717941), ('CP4', 0.11588449), ('FCz', 0.11561994), ('P7', 0.11499053)]
[2026-05-19 15:12:45]     spatial_update=delta_l2=0.06210956 max_abs=0.01010473 relative=0.05314999 changed=True
[2026-05-19 15:12:45]   Subject 23: acc=0.6500±0.1658  bal_acc=0.6500±0.1658

[2026-05-19 15:12:45] Subject 24: 40 windows | class_counts=[20, 20]

[2026-05-19 15:12:46] Fold 1/5 | subject=24
[2026-05-19 15:12:46]     Train: 32 | counts=[16, 16]
[2026-05-19 15:12:46]     Test:  8 | counts=[4, 4]
[2026-05-19 15:12:46]     Model: SignalJEPA_PreLocal | Pretrained: from_pretrained | Strategy: full
[2026-05-19 15:12:46]     Phase 1 (warmup): 2,170/16,010 params
[2026-05-19 15:12:46]     Phase 2 (full): 16,010/16,010 params
[2026-05-19 15:12:47]     Result | best_epoch=1 | stop=50 | acc=0.6250 | bal_acc=0.6250 | pred_hist=[3, 5] | collapse=False
[2026-05-19 15:12:47]     spatial_conv=[4, 29] top_abs_channels=[('FC4', 0.15648548), ('Pz', 0.13033821), ('FT7', 0.12636369), ('C3', 0.12246349), ('O2', 0.1166427), ('T7', 0.1141208), ('FC3', 0.11366252), ('CP4', 0.11242601)]
[2026-05-19 15:12:47]     spatial_update=delta_l2=0.06496501 max_abs=0.01051526 relative=0.05559353 changed=True

[2026-05-19 15:12:48] Fold 2/5 | subject=24
[2026-05-19 15:12:48]     Train: 32 | counts=[16, 16]
[2026-05-19 15:12:48]     Test:  8 | counts=[4, 4]
[2026-05-19 15:12:48]     Model: SignalJEPA_PreLocal | Pretrained: from_pretrained | Strategy: full
[2026-05-19 15:12:48]     Phase 1 (warmup): 2,170/16,010 params
[2026-05-19 15:12:48]     Phase 2 (full): 16,010/16,010 params
[2026-05-19 15:12:49]     Result | best_epoch=1 | stop=50 | acc=0.8750 | bal_acc=0.8750 | pred_hist=[3, 5] | collapse=False
[2026-05-19 15:12:49]     spatial_conv=[4, 29] top_abs_channels=[('FC4', 0.15572158), ('Pz', 0.13676298), ('FT7', 0.12645543), ('C3', 0.12593715), ('T7', 0.11659869), ('O2', 0.11571492), ('Fp1', 0.11505299), ('P7', 0.11435566)]
[2026-05-19 15:12:49]     spatial_update=delta_l2=0.07482282 max_abs=0.01054424 relative=0.06402931 changed=True

[2026-05-19 15:12:49] Fold 3/5 | subject=24
[2026-05-19 15:12:49]     Train: 32 | counts=[16, 16]
[2026-05-19 15:12:49]     Test:  8 | counts=[4, 4]
[2026-05-19 15:12:49]     Model: SignalJEPA_PreLocal | Pretrained: from_pretrained | Strategy: full
[2026-05-19 15:12:49]     Phase 1 (warmup): 2,170/16,010 params
[2026-05-19 15:12:49]     Phase 2 (full): 16,010/16,010 params
[2026-05-19 15:12:50]     Result | best_epoch=1 | stop=50 | acc=0.8750 | bal_acc=0.8750 | pred_hist=[5, 3] | collapse=False
[2026-05-19 15:12:50]     spatial_conv=[4, 29] top_abs_channels=[('FC4', 0.15819266), ('Pz', 0.13285723), ('FT7', 0.12584715), ('C3', 0.12356046), ('O2', 0.11708397), ('T7', 0.11415876), ('CP4', 0.11334525), ('FC3', 0.1123478)]
[2026-05-19 15:12:50]     spatial_update=delta_l2=0.07051189 max_abs=0.01049997 relative=0.06034025 changed=True

[2026-05-19 15:12:51] Fold 4/5 | subject=24
[2026-05-19 15:12:51]     Train: 32 | counts=[16, 16]
[2026-05-19 15:12:51]     Test:  8 | counts=[4, 4]
[2026-05-19 15:12:51]     Model: SignalJEPA_PreLocal | Pretrained: from_pretrained | Strategy: full
[2026-05-19 15:12:51]     Phase 1 (warmup): 2,170/16,010 params
[2026-05-19 15:12:51]     Phase 2 (full): 16,010/16,010 params
[2026-05-19 15:12:52]     Result | best_epoch=50 | stop=50 | acc=0.3750 | bal_acc=0.3750 | pred_hist=[3, 5] | collapse=False
[2026-05-19 15:12:52]     spatial_conv=[4, 29] top_abs_channels=[('FC4', 0.15452683), ('Pz', 0.13369952), ('FT7', 0.12681261), ('C3', 0.12189502), ('FCz', 0.11877933), ('T7', 0.11607139), ('FC3', 0.1155425), ('Fp1', 0.114975)]
[2026-05-19 15:12:52]     spatial_update=delta_l2=0.07132230 max_abs=0.01085763 relative=0.06103375 changed=True

[2026-05-19 15:12:52] Fold 5/5 | subject=24
[2026-05-19 15:12:52]     Train: 32 | counts=[16, 16]
[2026-05-19 15:12:52]     Test:  8 | counts=[4, 4]
[2026-05-19 15:12:52]     Model: SignalJEPA_PreLocal | Pretrained: from_pretrained | Strategy: full
[2026-05-19 15:12:52]     Phase 1 (warmup): 2,170/16,010 params
[2026-05-19 15:12:53]     Phase 2 (full): 16,010/16,010 params
[2026-05-19 15:12:53]     Result | best_epoch=50 | stop=50 | acc=0.3750 | bal_acc=0.3750 | pred_hist=[3, 5] | collapse=False
[2026-05-19 15:12:53]     spatial_conv=[4, 29] top_abs_channels=[('FC4', 0.15793093), ('Pz', 0.13289756), ('C3', 0.12427966), ('FT7', 0.12376446), ('O2', 0.11751417), ('FCz', 0.11712822), ('Fp1', 0.11577159), ('FC3', 0.11482944)]
[2026-05-19 15:12:53]     spatial_update=delta_l2=0.06573160 max_abs=0.01021293 relative=0.05624953 changed=True
[2026-05-19 15:12:53]   Subject 24: acc=0.6250±0.2236  bal_acc=0.6250±0.2236

[2026-05-19 15:12:53] Subject 25: 40 windows | class_counts=[20, 20]

[2026-05-19 15:12:54] Fold 1/5 | subject=25
[2026-05-19 15:12:54]     Train: 32 | counts=[16, 16]
[2026-05-19 15:12:54]     Test:  8 | counts=[4, 4]
[2026-05-19 15:12:54]     Model: SignalJEPA_PreLocal | Pretrained: from_pretrained | Strategy: full
[2026-05-19 15:12:54]     Phase 1 (warmup): 2,170/16,010 params
[2026-05-19 15:12:54]     Phase 2 (full): 16,010/16,010 params
[2026-05-19 15:12:55]     Result | best_epoch=13 | stop=50 | acc=0.7500 | bal_acc=0.7500 | pred_hist=[6, 2] | collapse=False
[2026-05-19 15:12:55]     spatial_conv=[4, 29] top_abs_channels=[('FC4', 0.16699244), ('Pz', 0.12958895), ('FT7', 0.12507629), ('C3', 0.12171022), ('CP4', 0.11622755), ('T7', 0.11422417), ('O2', 0.11323911), ('FCz', 0.11298533)]
[2026-05-19 15:12:55]     spatial_update=delta_l2=0.06592173 max_abs=0.01035997 relative=0.05641223 changed=True

[2026-05-19 15:12:56] Fold 2/5 | subject=25
[2026-05-19 15:12:56]     Train: 32 | counts=[16, 16]
[2026-05-19 15:12:56]     Test:  8 | counts=[4, 4]
[2026-05-19 15:12:56]     Model: SignalJEPA_PreLocal | Pretrained: from_pretrained | Strategy: full
[2026-05-19 15:12:56]     Phase 1 (warmup): 2,170/16,010 params
[2026-05-19 15:12:56]     Phase 2 (full): 16,010/16,010 params
[2026-05-19 15:12:56]     Result | best_epoch=46 | stop=50 | acc=0.6250 | bal_acc=0.6250 | pred_hist=[7, 1] | collapse=False
[2026-05-19 15:12:56]     spatial_conv=[4, 29] top_abs_channels=[('FC4', 0.16903965), ('Pz', 0.13137352), ('FT7', 0.1293065), ('C3', 0.12200882), ('CP4', 0.1186306), ('FCz', 0.11424641), ('O2', 0.11411631), ('P7', 0.11209851)]
[2026-05-19 15:12:56]     spatial_update=delta_l2=0.06783650 max_abs=0.01040451 relative=0.05805079 changed=True

[2026-05-19 15:12:57] Fold 3/5 | subject=25
[2026-05-19 15:12:57]     Train: 32 | counts=[16, 16]
[2026-05-19 15:12:57]     Test:  8 | counts=[4, 4]
[2026-05-19 15:12:57]     Model: SignalJEPA_PreLocal | Pretrained: from_pretrained | Strategy: full
[2026-05-19 15:12:57]     Phase 1 (warmup): 2,170/16,010 params
[2026-05-19 15:12:58]     Phase 2 (full): 16,010/16,010 params
[2026-05-19 15:12:58]     Result | best_epoch=50 | stop=50 | acc=0.6250 | bal_acc=0.6250 | pred_hist=[5, 3] | collapse=False
[2026-05-19 15:12:58]     spatial_conv=[4, 29] top_abs_channels=[('FC4', 0.16549641), ('Pz', 0.13079721), ('FT7', 0.12452059), ('C3', 0.12427849), ('CP4', 0.12083488), ('FCz', 0.11350212), ('T7', 0.1131443), ('O2', 0.11149657)]
[2026-05-19 15:12:58]     spatial_update=delta_l2=0.06665892 max_abs=0.01011710 relative=0.05704308 changed=True

[2026-05-19 15:12:59] Fold 4/5 | subject=25
[2026-05-19 15:12:59]     Train: 32 | counts=[16, 16]
[2026-05-19 15:12:59]     Test:  8 | counts=[4, 4]
[2026-05-19 15:12:59]     Model: SignalJEPA_PreLocal | Pretrained: from_pretrained | Strategy: full
[2026-05-19 15:12:59]     Phase 1 (warmup): 2,170/16,010 params
[2026-05-19 15:12:59]     Phase 2 (full): 16,010/16,010 params
[2026-05-19 15:13:00]     Result | best_epoch=50 | stop=50 | acc=0.5000 | bal_acc=0.5000 | pred_hist=[6, 2] | collapse=False
[2026-05-19 15:13:00]     spatial_conv=[4, 29] top_abs_channels=[('FC4', 0.16536969), ('Pz', 0.12955901), ('FT7', 0.12219665), ('C3', 0.1213223), ('CP4', 0.11743808), ('FCz', 0.11338964), ('T7', 0.11302935), ('FC3', 0.11281944)]
[2026-05-19 15:13:00]     spatial_update=delta_l2=0.06313358 max_abs=0.01062031 relative=0.05402629 changed=True

[2026-05-19 15:13:00] Fold 5/5 | subject=25
[2026-05-19 15:13:00]     Train: 32 | counts=[16, 16]
[2026-05-19 15:13:00]     Test:  8 | counts=[4, 4]
[2026-05-19 15:13:00]     Model: SignalJEPA_PreLocal | Pretrained: from_pretrained | Strategy: full
[2026-05-19 15:13:00]     Phase 1 (warmup): 2,170/16,010 params
[2026-05-19 15:13:01]     Phase 2 (full): 16,010/16,010 params
[2026-05-19 15:13:01]     Result | best_epoch=1 | stop=50 | acc=0.5000 | bal_acc=0.5000 | pred_hist=[6, 2] | collapse=False
[2026-05-19 15:13:01]     spatial_conv=[4, 29] top_abs_channels=[('FC4', 0.16530864), ('Pz', 0.13075262), ('FT7', 0.12729016), ('C3', 0.12321512), ('CP4', 0.11771714), ('O2', 0.11407752), ('T7', 0.11380567), ('FCz', 0.1124387)]
[2026-05-19 15:13:01]     spatial_update=delta_l2=0.06868030 max_abs=0.01079255 relative=0.05877287 changed=True
[2026-05-19 15:13:01]   Subject 25: acc=0.6000±0.0935  bal_acc=0.6000±0.0935

[2026-05-19 15:13:01] Subject 26: 40 windows | class_counts=[20, 20]

[2026-05-19 15:13:02] Fold 1/5 | subject=26
[2026-05-19 15:13:02]     Train: 32 | counts=[16, 16]
[2026-05-19 15:13:02]     Test:  8 | counts=[4, 4]
[2026-05-19 15:13:02]     Model: SignalJEPA_PreLocal | Pretrained: from_pretrained | Strategy: full
[2026-05-19 15:13:02]     Phase 1 (warmup): 2,170/16,010 params
[2026-05-19 15:13:02]     Phase 2 (full): 16,010/16,010 params
[2026-05-19 15:13:03]     Result | best_epoch=1 | stop=50 | acc=0.7500 | bal_acc=0.7500 | pred_hist=[6, 2] | collapse=False
[2026-05-19 15:13:03]     spatial_conv=[4, 29] top_abs_channels=[('FC4', 0.15631425), ('Pz', 0.13555089), ('FT7', 0.13416836), ('C3', 0.12071752), ('T7', 0.11946149), ('FC3', 0.11542067), ('P7', 0.11512826), ('Fp1', 0.11317231)]
[2026-05-19 15:13:03]     spatial_update=delta_l2=0.07081572 max_abs=0.01075283 relative=0.06060024 changed=True

[2026-05-19 15:13:04] Fold 2/5 | subject=26
[2026-05-19 15:13:04]     Train: 32 | counts=[16, 16]
[2026-05-19 15:13:04]     Test:  8 | counts=[4, 4]
[2026-05-19 15:13:04]     Model: SignalJEPA_PreLocal | Pretrained: from_pretrained | Strategy: full
[2026-05-19 15:13:04]     Phase 1 (warmup): 2,170/16,010 params
[2026-05-19 15:13:04]     Phase 2 (full): 16,010/16,010 params
[2026-05-19 15:13:05]     Result | best_epoch=1 | stop=50 | acc=0.5000 | bal_acc=0.5000 | pred_hist=[4, 4] | collapse=False
[2026-05-19 15:13:05]     spatial_conv=[4, 29] top_abs_channels=[('FC4', 0.16216655), ('Pz', 0.13187794), ('FT7', 0.12789996), ('Fp1', 0.11880436), ('FC3', 0.11803573), ('C3', 0.11690557), ('CP4', 0.11569156), ('FCz', 0.11530875)]
[2026-05-19 15:13:05]     spatial_update=delta_l2=0.07174216 max_abs=0.01024163 relative=0.06139304 changed=True

[2026-05-19 15:13:05] Fold 3/5 | subject=26
[2026-05-19 15:13:05]     Train: 32 | counts=[16, 16]
[2026-05-19 15:13:05]     Test:  8 | counts=[4, 4]
[2026-05-19 15:13:05]     Model: SignalJEPA_PreLocal | Pretrained: from_pretrained | Strategy: full
[2026-05-19 15:13:05]     Phase 1 (warmup): 2,170/16,010 params
[2026-05-19 15:13:05]     Phase 2 (full): 16,010/16,010 params
[2026-05-19 15:13:06]     Result | best_epoch=5 | stop=50 | acc=0.8750 | bal_acc=0.8750 | pred_hist=[5, 3] | collapse=False
[2026-05-19 15:13:06]     spatial_conv=[4, 29] top_abs_channels=[('FC4', 0.16390944), ('Pz', 0.13523799), ('FT7', 0.12703033), ('FC3', 0.11781903), ('C3', 0.11712837), ('Fp1', 0.11564102), ('TP8', 0.11436171), ('FCz', 0.11375205)]
[2026-05-19 15:13:06]     spatial_update=delta_l2=0.06557688 max_abs=0.01045050 relative=0.05611713 changed=True

[2026-05-19 15:13:07] Fold 4/5 | subject=26
[2026-05-19 15:13:07]     Train: 32 | counts=[16, 16]
[2026-05-19 15:13:07]     Test:  8 | counts=[4, 4]
[2026-05-19 15:13:07]     Model: SignalJEPA_PreLocal | Pretrained: from_pretrained | Strategy: full
[2026-05-19 15:13:07]     Phase 1 (warmup): 2,170/16,010 params
[2026-05-19 15:13:07]     Phase 2 (full): 16,010/16,010 params
[2026-05-19 15:13:08]     Result | best_epoch=1 | stop=50 | acc=0.6250 | bal_acc=0.6250 | pred_hist=[3, 5] | collapse=False
[2026-05-19 15:13:08]     spatial_conv=[4, 29] top_abs_channels=[('FC4', 0.15863255), ('Pz', 0.13366485), ('FT7', 0.13058771), ('FC3', 0.11864416), ('C3', 0.11772615), ('T7', 0.11700331), ('FCz', 0.11647224), ('CP4', 0.11488104)]
[2026-05-19 15:13:08]     spatial_update=delta_l2=0.05593009 max_abs=0.01012433 relative=0.04786193 changed=True

[2026-05-19 15:13:08] Fold 5/5 | subject=26
[2026-05-19 15:13:08]     Train: 32 | counts=[16, 16]
[2026-05-19 15:13:08]     Test:  8 | counts=[4, 4]
[2026-05-19 15:13:08]     Model: SignalJEPA_PreLocal | Pretrained: from_pretrained | Strategy: full
[2026-05-19 15:13:08]     Phase 1 (warmup): 2,170/16,010 params
[2026-05-19 15:13:09]     Phase 2 (full): 16,010/16,010 params
[2026-05-19 15:13:09]     Result | best_epoch=1 | stop=50 | acc=0.6250 | bal_acc=0.6250 | pred_hist=[7, 1] | collapse=False
[2026-05-19 15:13:09]     spatial_conv=[4, 29] top_abs_channels=[('FC4', 0.15911807), ('Pz', 0.13357353), ('FT7', 0.13213834), ('T7', 0.11874245), ('C3', 0.11634104), ('Fp1', 0.11606285), ('FCz', 0.1155075), ('CP4', 0.11492614)]
[2026-05-19 15:13:09]     spatial_update=delta_l2=0.06421952 max_abs=0.01039378 relative=0.05495557 changed=True
[2026-05-19 15:13:09]   Subject 26: acc=0.6750±0.1275  bal_acc=0.6750±0.1275

[2026-05-19 15:13:09] Subject 27: 40 windows | class_counts=[20, 20]

[2026-05-19 15:13:10] Fold 1/5 | subject=27
[2026-05-19 15:13:10]     Train: 32 | counts=[16, 16]
[2026-05-19 15:13:10]     Test:  8 | counts=[4, 4]
[2026-05-19 15:13:10]     Model: SignalJEPA_PreLocal | Pretrained: from_pretrained | Strategy: full
[2026-05-19 15:13:10]     Phase 1 (warmup): 2,170/16,010 params
[2026-05-19 15:13:11]     Phase 2 (full): 16,010/16,010 params
[2026-05-19 15:13:11]     Result | best_epoch=40 | stop=50 | acc=0.3750 | bal_acc=0.3750 | pred_hist=[5, 3] | collapse=False
[2026-05-19 15:13:11]     spatial_conv=[4, 29] top_abs_channels=[('FC4', 0.16123502), ('Pz', 0.13284184), ('FT7', 0.13211027), ('C3', 0.12111382), ('O2', 0.11845118), ('FC3', 0.11651777), ('T7', 0.11533999), ('FCz', 0.11449501)]
[2026-05-19 15:13:11]     spatial_update=delta_l2=0.06309842 max_abs=0.01080921 relative=0.05399620 changed=True

[2026-05-19 15:13:12] Fold 2/5 | subject=27
[2026-05-19 15:13:12]     Train: 32 | counts=[16, 16]
[2026-05-19 15:13:12]     Test:  8 | counts=[4, 4]
[2026-05-19 15:13:12]     Model: SignalJEPA_PreLocal | Pretrained: from_pretrained | Strategy: full
[2026-05-19 15:13:12]     Phase 1 (warmup): 2,170/16,010 params
[2026-05-19 15:13:12]     Phase 2 (full): 16,010/16,010 params
[2026-05-19 15:13:13]     Result | best_epoch=44 | stop=50 | acc=0.6250 | bal_acc=0.6250 | pred_hist=[5, 3] | collapse=False
[2026-05-19 15:13:13]     spatial_conv=[4, 29] top_abs_channels=[('FC4', 0.1618484), ('Pz', 0.13448188), ('FT7', 0.13266359), ('C3', 0.1204849), ('Fp1', 0.11800223), ('FCz', 0.11445376), ('O2', 0.1133301), ('T7', 0.11291659)]
[2026-05-19 15:13:13]     spatial_update=delta_l2=0.05578503 max_abs=0.01001513 relative=0.04773780 changed=True

[2026-05-19 15:13:13] Fold 3/5 | subject=27
[2026-05-19 15:13:13]     Train: 32 | counts=[16, 16]
[2026-05-19 15:13:13]     Test:  8 | counts=[4, 4]
[2026-05-19 15:13:13]     Model: SignalJEPA_PreLocal | Pretrained: from_pretrained | Strategy: full
[2026-05-19 15:13:13]     Phase 1 (warmup): 2,170/16,010 params
[2026-05-19 15:13:14]     Phase 2 (full): 16,010/16,010 params
[2026-05-19 15:13:14]     Result | best_epoch=12 | stop=50 | acc=0.3750 | bal_acc=0.3750 | pred_hist=[3, 5] | collapse=False
[2026-05-19 15:13:14]     spatial_conv=[4, 29] top_abs_channels=[('FC4', 0.16398932), ('Pz', 0.13646285), ('FT7', 0.13070887), ('C3', 0.119101), ('O2', 0.11788005), ('FCz', 0.11422702), ('T7', 0.11412305), ('P7', 0.11363116)]
[2026-05-19 15:13:14]     spatial_update=delta_l2=0.06251322 max_abs=0.00977646 relative=0.05349542 changed=True

[2026-05-19 15:13:15] Fold 4/5 | subject=27
[2026-05-19 15:13:15]     Train: 32 | counts=[16, 16]
[2026-05-19 15:13:15]     Test:  8 | counts=[4, 4]
[2026-05-19 15:13:15]     Model: SignalJEPA_PreLocal | Pretrained: from_pretrained | Strategy: full
[2026-05-19 15:13:15]     Phase 1 (warmup): 2,170/16,010 params
[2026-05-19 15:13:15]     Phase 2 (full): 16,010/16,010 params
[2026-05-19 15:13:16]     Result | best_epoch=13 | stop=50 | acc=0.7500 | bal_acc=0.7500 | pred_hist=[6, 2] | collapse=False
[2026-05-19 15:13:16]     spatial_conv=[4, 29] top_abs_channels=[('FC4', 0.16220562), ('Pz', 0.13541278), ('FT7', 0.133432), ('C3', 0.12236042), ('FCz', 0.1181953), ('O2', 0.11585426), ('FC3', 0.11340944), ('TP8', 0.11212316)]
[2026-05-19 15:13:16]     spatial_update=delta_l2=0.05167095 max_abs=0.01027087 relative=0.04421719 changed=True

[2026-05-19 15:13:17] Fold 5/5 | subject=27
[2026-05-19 15:13:17]     Train: 32 | counts=[16, 16]
[2026-05-19 15:13:17]     Test:  8 | counts=[4, 4]
[2026-05-19 15:13:17]     Model: SignalJEPA_PreLocal | Pretrained: from_pretrained | Strategy: full
[2026-05-19 15:13:17]     Phase 1 (warmup): 2,170/16,010 params
[2026-05-19 15:13:17]     Phase 2 (full): 16,010/16,010 params
[2026-05-19 15:13:18]     Result | best_epoch=50 | stop=50 | acc=0.3750 | bal_acc=0.3750 | pred_hist=[3, 5] | collapse=False
[2026-05-19 15:13:18]     spatial_conv=[4, 29] top_abs_channels=[('FC4', 0.1595293), ('Pz', 0.13382679), ('FT7', 0.13153231), ('C3', 0.11977679), ('FC3', 0.11779001), ('FCz', 0.1166985), ('O2', 0.11637069), ('T7', 0.11448606)]
[2026-05-19 15:13:18]     spatial_update=delta_l2=0.05454277 max_abs=0.01065089 relative=0.04667474 changed=True
[2026-05-19 15:13:18]   Subject 27: acc=0.5000±0.1581  bal_acc=0.5000±0.1581

[2026-05-19 15:13:18] Subject 28: 40 windows | class_counts=[20, 20]

[2026-05-19 15:13:18] Fold 1/5 | subject=28
[2026-05-19 15:13:18]     Train: 32 | counts=[16, 16]
[2026-05-19 15:13:18]     Test:  8 | counts=[4, 4]
[2026-05-19 15:13:18]     Model: SignalJEPA_PreLocal | Pretrained: from_pretrained | Strategy: full
[2026-05-19 15:13:18]     Phase 1 (warmup): 2,170/16,010 params
[2026-05-19 15:13:18]     Phase 2 (full): 16,010/16,010 params
[2026-05-19 15:13:19]     Result | best_epoch=50 | stop=50 | acc=0.6250 | bal_acc=0.6250 | pred_hist=[3, 5] | collapse=False
[2026-05-19 15:13:19]     spatial_conv=[4, 29] top_abs_channels=[('FC4', 0.16184863), ('Pz', 0.13176063), ('FT7', 0.12956215), ('C3', 0.12474008), ('O2', 0.11705722), ('CP4', 0.11625078), ('FCz', 0.11450788), ('Fp1', 0.11386731)]
[2026-05-19 15:13:19]     spatial_update=delta_l2=0.06870026 max_abs=0.01048414 relative=0.05878995 changed=True

[2026-05-19 15:13:20] Fold 2/5 | subject=28
[2026-05-19 15:13:20]     Train: 32 | counts=[16, 16]
[2026-05-19 15:13:20]     Test:  8 | counts=[4, 4]
[2026-05-19 15:13:20]     Model: SignalJEPA_PreLocal | Pretrained: from_pretrained | Strategy: full
[2026-05-19 15:13:20]     Phase 1 (warmup): 2,170/16,010 params
[2026-05-19 15:13:20]     Phase 2 (full): 16,010/16,010 params
[2026-05-19 15:13:21]     Result | best_epoch=50 | stop=50 | acc=0.6250 | bal_acc=0.6250 | pred_hist=[7, 1] | collapse=False
[2026-05-19 15:13:21]     spatial_conv=[4, 29] top_abs_channels=[('FC4', 0.16340987), ('Pz', 0.13387373), ('FT7', 0.1257823), ('FC3', 0.11986208), ('CP4', 0.11860415), ('C3', 0.11707556), ('O2', 0.11635044), ('T7', 0.1131292)]
[2026-05-19 15:13:21]     spatial_update=delta_l2=0.06979356 max_abs=0.01047015 relative=0.05972553 changed=True

[2026-05-19 15:13:21] Fold 3/5 | subject=28
[2026-05-19 15:13:21]     Train: 32 | counts=[16, 16]
[2026-05-19 15:13:21]     Test:  8 | counts=[4, 4]
[2026-05-19 15:13:21]     Model: SignalJEPA_PreLocal | Pretrained: from_pretrained | Strategy: full
[2026-05-19 15:13:21]     Phase 1 (warmup): 2,170/16,010 params
[2026-05-19 15:13:22]     Phase 2 (full): 16,010/16,010 params
[2026-05-19 15:13:23]     Result | best_epoch=50 | stop=50 | acc=0.6250 | bal_acc=0.6250 | pred_hist=[5, 3] | collapse=False
[2026-05-19 15:13:23]     spatial_conv=[4, 29] top_abs_channels=[('FC4', 0.15951885), ('Pz', 0.13072512), ('FT7', 0.12834942), ('C3', 0.11963211), ('CP4', 0.11920737), ('FCz', 0.11568946), ('Fp1', 0.11411908), ('FC3', 0.11367551)]
[2026-05-19 15:13:23]     spatial_update=delta_l2=0.07621115 max_abs=0.01086190 relative=0.06521736 changed=True

[2026-05-19 15:13:23] Fold 4/5 | subject=28
[2026-05-19 15:13:23]     Train: 32 | counts=[16, 16]
[2026-05-19 15:13:23]     Test:  8 | counts=[4, 4]
[2026-05-19 15:13:23]     Model: SignalJEPA_PreLocal | Pretrained: from_pretrained | Strategy: full
[2026-05-19 15:13:23]     Phase 1 (warmup): 2,170/16,010 params
[2026-05-19 15:13:23]     Phase 2 (full): 16,010/16,010 params
[2026-05-19 15:13:24]     Result | best_epoch=50 | stop=50 | acc=0.6250 | bal_acc=0.6250 | pred_hist=[5, 3] | collapse=False
[2026-05-19 15:13:24]     spatial_conv=[4, 29] top_abs_channels=[('FC4', 0.15522763), ('Pz', 0.13654371), ('FT7', 0.12818715), ('C3', 0.12303881), ('O2', 0.11889842), ('FCz', 0.11812325), ('Fp1', 0.11572254), ('CP4', 0.11503835)]
[2026-05-19 15:13:24]     spatial_update=delta_l2=0.07337357 max_abs=0.01076920 relative=0.06278911 changed=True

[2026-05-19 15:13:25] Fold 5/5 | subject=28
[2026-05-19 15:13:25]     Train: 32 | counts=[16, 16]
[2026-05-19 15:13:25]     Test:  8 | counts=[4, 4]
[2026-05-19 15:13:25]     Model: SignalJEPA_PreLocal | Pretrained: from_pretrained | Strategy: full
[2026-05-19 15:13:25]     Phase 1 (warmup): 2,170/16,010 params
[2026-05-19 15:13:25]     Phase 2 (full): 16,010/16,010 params
[2026-05-19 15:13:26]     Result | best_epoch=50 | stop=50 | acc=0.5000 | bal_acc=0.5000 | pred_hist=[2, 6] | collapse=False
[2026-05-19 15:13:26]     spatial_conv=[4, 29] top_abs_channels=[('FC4', 0.16251126), ('Pz', 0.13250655), ('FT7', 0.12758252), ('C3', 0.12245812), ('CP4', 0.11936362), ('O2', 0.11838034), ('Fp1', 0.11544831), ('FC3', 0.11361146)]
[2026-05-19 15:13:26]     spatial_update=delta_l2=0.06738174 max_abs=0.01043568 relative=0.05766163 changed=True
[2026-05-19 15:13:26]   Subject 28: acc=0.6000±0.0500  bal_acc=0.6000±0.0500

[2026-05-19 15:13:26] Subject 29: 40 windows | class_counts=[20, 20]

[2026-05-19 15:13:27] Fold 1/5 | subject=29
[2026-05-19 15:13:27]     Train: 32 | counts=[16, 16]
[2026-05-19 15:13:27]     Test:  8 | counts=[4, 4]
[2026-05-19 15:13:27]     Model: SignalJEPA_PreLocal | Pretrained: from_pretrained | Strategy: full
[2026-05-19 15:13:27]     Phase 1 (warmup): 2,170/16,010 params
[2026-05-19 15:13:27]     Phase 2 (full): 16,010/16,010 params
[2026-05-19 15:13:28]     Result | best_epoch=8 | stop=50 | acc=0.8750 | bal_acc=0.8750 | pred_hist=[5, 3] | collapse=False
[2026-05-19 15:13:28]     spatial_conv=[4, 29] top_abs_channels=[('FC4', 0.16389851), ('Pz', 0.13451274), ('FT7', 0.12792733), ('FCz', 0.11983407), ('C3', 0.1175586), ('Fp1', 0.11658327), ('CP4', 0.11629215), ('O2', 0.1162831)]
[2026-05-19 15:13:28]     spatial_update=delta_l2=0.06681352 max_abs=0.01042891 relative=0.05717538 changed=True

[2026-05-19 15:13:28] Fold 2/5 | subject=29
[2026-05-19 15:13:28]     Train: 32 | counts=[16, 16]
[2026-05-19 15:13:28]     Test:  8 | counts=[4, 4]
[2026-05-19 15:13:28]     Model: SignalJEPA_PreLocal | Pretrained: from_pretrained | Strategy: full
[2026-05-19 15:13:28]     Phase 1 (warmup): 2,170/16,010 params
[2026-05-19 15:13:28]     Phase 2 (full): 16,010/16,010 params
[2026-05-19 15:13:29]     Result | best_epoch=2 | stop=50 | acc=0.5000 | bal_acc=0.5000 | pred_hist=[6, 2] | collapse=False
[2026-05-19 15:13:29]     spatial_conv=[4, 29] top_abs_channels=[('FC4', 0.16354379), ('Pz', 0.13468727), ('FT7', 0.12335334), ('FCz', 0.12181967), ('C3', 0.12150808), ('FC3', 0.11624388), ('CP4', 0.11604881), ('Fp1', 0.11444674)]
[2026-05-19 15:13:29]     spatial_update=delta_l2=0.07137084 max_abs=0.01071373 relative=0.06107529 changed=True

[2026-05-19 15:13:30] Fold 3/5 | subject=29
[2026-05-19 15:13:30]     Train: 32 | counts=[16, 16]
[2026-05-19 15:13:30]     Test:  8 | counts=[4, 4]
[2026-05-19 15:13:30]     Model: SignalJEPA_PreLocal | Pretrained: from_pretrained | Strategy: full
[2026-05-19 15:13:30]     Phase 1 (warmup): 2,170/16,010 params
[2026-05-19 15:13:30]     Phase 2 (full): 16,010/16,010 params
[2026-05-19 15:13:31]     Result | best_epoch=2 | stop=50 | acc=0.2500 | bal_acc=0.2500 | pred_hist=[4, 4] | collapse=False
[2026-05-19 15:13:31]     spatial_conv=[4, 29] top_abs_channels=[('FC4', 0.16216713), ('Pz', 0.13146603), ('FT7', 0.13001068), ('C3', 0.12220569), ('FCz', 0.1214815), ('FC3', 0.11594631), ('CP4', 0.11448335), ('Fp1', 0.11408833)]
[2026-05-19 15:13:31]     spatial_update=delta_l2=0.07340792 max_abs=0.01047328 relative=0.06281851 changed=True

[2026-05-19 15:13:31] Fold 4/5 | subject=29
[2026-05-19 15:13:31]     Train: 32 | counts=[16, 16]
[2026-05-19 15:13:31]     Test:  8 | counts=[4, 4]
[2026-05-19 15:13:31]     Model: SignalJEPA_PreLocal | Pretrained: from_pretrained | Strategy: full
[2026-05-19 15:13:31]     Phase 1 (warmup): 2,170/16,010 params
[2026-05-19 15:13:32]     Phase 2 (full): 16,010/16,010 params
[2026-05-19 15:13:32]     Result | best_epoch=10 | stop=50 | acc=0.5000 | bal_acc=0.5000 | pred_hist=[6, 2] | collapse=False
[2026-05-19 15:13:32]     spatial_conv=[4, 29] top_abs_channels=[('FC4', 0.16348487), ('Pz', 0.13161302), ('FT7', 0.12860319), ('C3', 0.12628901), ('Fp1', 0.12065383), ('FCz', 0.11914323), ('FC3', 0.11534915), ('CP4', 0.11534759)]
[2026-05-19 15:13:32]     spatial_update=delta_l2=0.07967590 max_abs=0.01075593 relative=0.06818230 changed=True

[2026-05-19 15:13:33] Fold 5/5 | subject=29
[2026-05-19 15:13:33]     Train: 32 | counts=[16, 16]
[2026-05-19 15:13:33]     Test:  8 | counts=[4, 4]
[2026-05-19 15:13:33]     Model: SignalJEPA_PreLocal | Pretrained: from_pretrained | Strategy: full
[2026-05-19 15:13:33]     Phase 1 (warmup): 2,170/16,010 params
[2026-05-19 15:13:33]     Phase 2 (full): 16,010/16,010 params
[2026-05-19 15:13:34]     Result | best_epoch=2 | stop=50 | acc=0.6250 | bal_acc=0.6250 | pred_hist=[1, 7] | collapse=False
[2026-05-19 15:13:34]     spatial_conv=[4, 29] top_abs_channels=[('FC4', 0.16790104), ('Pz', 0.13481611), ('FCz', 0.12343921), ('C3', 0.12330902), ('FT7', 0.1231875), ('CP4', 0.11762843), ('O2', 0.11661046), ('FC3', 0.11644866)]
[2026-05-19 15:13:34]     spatial_update=delta_l2=0.06752819 max_abs=0.01055402 relative=0.05778695 changed=True
[2026-05-19 15:13:34]   Subject 29: acc=0.5500±0.2031  bal_acc=0.5500±0.2031

[2026-05-19 15:13:34] Subject 30: 40 windows | class_counts=[20, 20]

[2026-05-19 15:13:35] Fold 1/5 | subject=30
[2026-05-19 15:13:35]     Train: 32 | counts=[16, 16]
[2026-05-19 15:13:35]     Test:  8 | counts=[4, 4]
[2026-05-19 15:13:35]     Model: SignalJEPA_PreLocal | Pretrained: from_pretrained | Strategy: full
[2026-05-19 15:13:35]     Phase 1 (warmup): 2,170/16,010 params
[2026-05-19 15:13:35]     Phase 2 (full): 16,010/16,010 params
[2026-05-19 15:13:35]     Result | best_epoch=36 | stop=50 | acc=0.7500 | bal_acc=0.7500 | pred_hist=[6, 2] | collapse=False
[2026-05-19 15:13:35]     spatial_conv=[4, 29] top_abs_channels=[('FC4', 0.16000786), ('Pz', 0.13828129), ('FT7', 0.12425943), ('Fp1', 0.11816516), ('C3', 0.11796581), ('FCz', 0.11568092), ('FC3', 0.11305771), ('T7', 0.11278606)]
[2026-05-19 15:13:35]     spatial_update=delta_l2=0.07248695 max_abs=0.01056908 relative=0.06203039 changed=True

[2026-05-19 15:13:36] Fold 2/5 | subject=30
[2026-05-19 15:13:36]     Train: 32 | counts=[16, 16]
[2026-05-19 15:13:36]     Test:  8 | counts=[4, 4]
[2026-05-19 15:13:36]     Model: SignalJEPA_PreLocal | Pretrained: from_pretrained | Strategy: full
[2026-05-19 15:13:36]     Phase 1 (warmup): 2,170/16,010 params
[2026-05-19 15:13:36]     Phase 2 (full): 16,010/16,010 params
[2026-05-19 15:13:37]     Result | best_epoch=50 | stop=50 | acc=0.7500 | bal_acc=0.7500 | pred_hist=[4, 4] | collapse=False
[2026-05-19 15:13:37]     spatial_conv=[4, 29] top_abs_channels=[('FC4', 0.16392472), ('Pz', 0.13727054), ('FT7', 0.1248195), ('C3', 0.12203312), ('FCz', 0.11587552), ('FC3', 0.11494128), ('O2', 0.11355052), ('Fp1', 0.11333472)]
[2026-05-19 15:13:37]     spatial_update=delta_l2=0.06964571 max_abs=0.01068199 relative=0.05959901 changed=True

[2026-05-19 15:13:38] Fold 3/5 | subject=30
[2026-05-19 15:13:38]     Train: 32 | counts=[16, 16]
[2026-05-19 15:13:38]     Test:  8 | counts=[4, 4]
[2026-05-19 15:13:38]     Model: SignalJEPA_PreLocal | Pretrained: from_pretrained | Strategy: full
[2026-05-19 15:13:38]     Phase 1 (warmup): 2,170/16,010 params
[2026-05-19 15:13:38]     Phase 2 (full): 16,010/16,010 params
[2026-05-19 15:13:39]     Result | best_epoch=50 | stop=50 | acc=0.5000 | bal_acc=0.5000 | pred_hist=[4, 4] | collapse=False
[2026-05-19 15:13:39]     spatial_conv=[4, 29] top_abs_channels=[('FC4', 0.16700664), ('Pz', 0.14040375), ('FT7', 0.12659162), ('C3', 0.11953226), ('FCz', 0.11584841), ('O2', 0.11407658), ('FC3', 0.11307152), ('Fp1', 0.11193465)]
[2026-05-19 15:13:39]     spatial_update=delta_l2=0.07161818 max_abs=0.01108044 relative=0.06128695 changed=True

[2026-05-19 15:13:39] Fold 4/5 | subject=30
[2026-05-19 15:13:39]     Train: 32 | counts=[16, 16]
[2026-05-19 15:13:39]     Test:  8 | counts=[4, 4]
[2026-05-19 15:13:39]     Model: SignalJEPA_PreLocal | Pretrained: from_pretrained | Strategy: full
[2026-05-19 15:13:39]     Phase 1 (warmup): 2,170/16,010 params
[2026-05-19 15:13:39]     Phase 2 (full): 16,010/16,010 params
[2026-05-19 15:13:40]     Result | best_epoch=50 | stop=50 | acc=0.6250 | bal_acc=0.6250 | pred_hist=[5, 3] | collapse=False
[2026-05-19 15:13:40]     spatial_conv=[4, 29] top_abs_channels=[('FC4', 0.16383007), ('Pz', 0.13725632), ('FT7', 0.13121012), ('C3', 0.12081806), ('Fp1', 0.11621486), ('FCz', 0.11442643), ('FC3', 0.11307876), ('O2', 0.11187458)]
[2026-05-19 15:13:40]     spatial_update=delta_l2=0.07304837 max_abs=0.01067136 relative=0.06251082 changed=True

[2026-05-19 15:13:41] Fold 5/5 | subject=30
[2026-05-19 15:13:41]     Train: 32 | counts=[16, 16]
[2026-05-19 15:13:41]     Test:  8 | counts=[4, 4]
[2026-05-19 15:13:41]     Model: SignalJEPA_PreLocal | Pretrained: from_pretrained | Strategy: full
[2026-05-19 15:13:41]     Phase 1 (warmup): 2,170/16,010 params
[2026-05-19 15:13:41]     Phase 2 (full): 16,010/16,010 params
[2026-05-19 15:13:42]     Result | best_epoch=50 | stop=50 | acc=0.7500 | bal_acc=0.7500 | pred_hist=[4, 4] | collapse=False
[2026-05-19 15:13:42]     spatial_conv=[4, 29] top_abs_channels=[('FC4', 0.15999235), ('Pz', 0.14000916), ('FT7', 0.12747735), ('Fp1', 0.11648149), ('C3', 0.11633138), ('O2', 0.11616044), ('FCz', 0.11590406), ('FC3', 0.11568909)]
[2026-05-19 15:13:42]     spatial_update=delta_l2=0.07252003 max_abs=0.01065306 relative=0.06205870 changed=True
[2026-05-19 15:13:42]   Subject 30: acc=0.6750±0.1000  bal_acc=0.6750±0.1000

[2026-05-19 15:13:42] Subject 31: 40 windows | class_counts=[20, 20]

[2026-05-19 15:13:43] Fold 1/5 | subject=31
[2026-05-19 15:13:43]     Train: 32 | counts=[16, 16]
[2026-05-19 15:13:43]     Test:  8 | counts=[4, 4]
[2026-05-19 15:13:43]     Model: SignalJEPA_PreLocal | Pretrained: from_pretrained | Strategy: full
[2026-05-19 15:13:43]     Phase 1 (warmup): 2,170/16,010 params
[2026-05-19 15:13:43]     Phase 2 (full): 16,010/16,010 params
[2026-05-19 15:13:44]     Result | best_epoch=12 | stop=50 | acc=0.2500 | bal_acc=0.2500 | pred_hist=[6, 2] | collapse=False
[2026-05-19 15:13:44]     spatial_conv=[4, 29] top_abs_channels=[('FC4', 0.15807882), ('Pz', 0.13374516), ('FT7', 0.12851734), ('FC3', 0.12165737), ('O2', 0.1187579), ('C3', 0.11841755), ('FCz', 0.11753064), ('Fp1', 0.11260642)]
[2026-05-19 15:13:44]     spatial_update=delta_l2=0.06797378 max_abs=0.01033932 relative=0.05816826 changed=True

[2026-05-19 15:13:44] Fold 2/5 | subject=31
[2026-05-19 15:13:44]     Train: 32 | counts=[16, 16]
[2026-05-19 15:13:44]     Test:  8 | counts=[4, 4]
[2026-05-19 15:13:44]     Model: SignalJEPA_PreLocal | Pretrained: from_pretrained | Strategy: full
[2026-05-19 15:13:44]     Phase 1 (warmup): 2,170/16,010 params
[2026-05-19 15:13:45]     Phase 2 (full): 16,010/16,010 params
[2026-05-19 15:13:45]     Result | best_epoch=1 | stop=50 | acc=0.5000 | bal_acc=0.5000 | pred_hist=[6, 2] | collapse=False
[2026-05-19 15:13:45]     spatial_conv=[4, 29] top_abs_channels=[('FC4', 0.1582503), ('Pz', 0.1369915), ('FT7', 0.12747529), ('C3', 0.12674475), ('Fp1', 0.11666837), ('FC3', 0.11622324), ('CP4', 0.11513545), ('FCz', 0.11419857)]
[2026-05-19 15:13:45]     spatial_update=delta_l2=0.05581978 max_abs=0.01015152 relative=0.04776753 changed=True

[2026-05-19 15:13:46] Fold 3/5 | subject=31
[2026-05-19 15:13:46]     Train: 32 | counts=[16, 16]
[2026-05-19 15:13:46]     Test:  8 | counts=[4, 4]
[2026-05-19 15:13:46]     Model: SignalJEPA_PreLocal | Pretrained: from_pretrained | Strategy: full
[2026-05-19 15:13:46]     Phase 1 (warmup): 2,170/16,010 params
[2026-05-19 15:13:46]     Phase 2 (full): 16,010/16,010 params
[2026-05-19 15:13:47]     Result | best_epoch=7 | stop=50 | acc=0.3750 | bal_acc=0.3750 | pred_hist=[3, 5] | collapse=False
[2026-05-19 15:13:47]     spatial_conv=[4, 29] top_abs_channels=[('FC4', 0.15979911), ('Pz', 0.13384767), ('FT7', 0.12858005), ('C3', 0.12523016), ('FC3', 0.11674432), ('FCz', 0.11545423), ('Fp1', 0.1145257), ('O2', 0.11431355)]
[2026-05-19 15:13:47]     spatial_update=delta_l2=0.05335683 max_abs=0.01041923 relative=0.04565988 changed=True

[2026-05-19 15:13:48] Fold 4/5 | subject=31
[2026-05-19 15:13:48]     Train: 32 | counts=[16, 16]
[2026-05-19 15:13:48]     Test:  8 | counts=[4, 4]
[2026-05-19 15:13:48]     Model: SignalJEPA_PreLocal | Pretrained: from_pretrained | Strategy: full
[2026-05-19 15:13:48]     Phase 1 (warmup): 2,170/16,010 params
[2026-05-19 15:13:48]     Phase 2 (full): 16,010/16,010 params
[2026-05-19 15:13:49]     Result | best_epoch=12 | stop=50 | acc=0.5000 | bal_acc=0.5000 | pred_hist=[4, 4] | collapse=False
[2026-05-19 15:13:49]     spatial_conv=[4, 29] top_abs_channels=[('FC4', 0.15772796), ('Pz', 0.13648157), ('FT7', 0.13266774), ('C3', 0.11997241), ('O2', 0.11813237), ('FCz', 0.11740766), ('FC3', 0.11440255), ('CP4', 0.11420075)]
[2026-05-19 15:13:49]     spatial_update=delta_l2=0.06567993 max_abs=0.01026413 relative=0.05620532 changed=True

[2026-05-19 15:13:49] Fold 5/5 | subject=31
[2026-05-19 15:13:49]     Train: 32 | counts=[16, 16]
[2026-05-19 15:13:49]     Test:  8 | counts=[4, 4]
[2026-05-19 15:13:49]     Model: SignalJEPA_PreLocal | Pretrained: from_pretrained | Strategy: full
[2026-05-19 15:13:49]     Phase 1 (warmup): 2,170/16,010 params
[2026-05-19 15:13:50]     Phase 2 (full): 16,010/16,010 params
[2026-05-19 15:13:50]     Result | best_epoch=12 | stop=50 | acc=0.3750 | bal_acc=0.3750 | pred_hist=[3, 5] | collapse=False
[2026-05-19 15:13:50]     spatial_conv=[4, 29] top_abs_channels=[('FC4', 0.16217393), ('Pz', 0.13734886), ('FT7', 0.13286239), ('C3', 0.1228597), ('Fp1', 0.11891188), ('O2', 0.11592391), ('FC3', 0.11338671), ('T7', 0.11312509)]
[2026-05-19 15:13:50]     spatial_update=delta_l2=0.06571817 max_abs=0.01032856 relative=0.05623804 changed=True
[2026-05-19 15:13:50]   Subject 31: acc=0.4000±0.0935  bal_acc=0.4000±0.0935

[2026-05-19 15:13:50] Subject 32: 40 windows | class_counts=[20, 20]

[2026-05-19 15:13:51] Fold 1/5 | subject=32
[2026-05-19 15:13:51]     Train: 32 | counts=[16, 16]
[2026-05-19 15:13:51]     Test:  8 | counts=[4, 4]
[2026-05-19 15:13:51]     Model: SignalJEPA_PreLocal | Pretrained: from_pretrained | Strategy: full
[2026-05-19 15:13:51]     Phase 1 (warmup): 2,170/16,010 params
[2026-05-19 15:13:51]     Phase 2 (full): 16,010/16,010 params
[2026-05-19 15:13:52]     Result | best_epoch=12 | stop=50 | acc=0.5000 | bal_acc=0.5000 | pred_hist=[4, 4] | collapse=False
[2026-05-19 15:13:52]     spatial_conv=[4, 29] top_abs_channels=[('FC4', 0.16396859), ('Pz', 0.13173948), ('FT7', 0.12551752), ('C3', 0.12109777), ('O2', 0.11943761), ('FCz', 0.11825508), ('CP4', 0.11739501), ('T7', 0.11506817)]
[2026-05-19 15:13:52]     spatial_update=delta_l2=0.06856908 max_abs=0.01041940 relative=0.05867769 changed=True

[2026-05-19 15:13:52] Fold 2/5 | subject=32
[2026-05-19 15:13:52]     Train: 32 | counts=[16, 16]
[2026-05-19 15:13:52]     Test:  8 | counts=[4, 4]
[2026-05-19 15:13:52]     Model: SignalJEPA_PreLocal | Pretrained: from_pretrained | Strategy: full
[2026-05-19 15:13:52]     Phase 1 (warmup): 2,170/16,010 params
[2026-05-19 15:13:53]     Phase 2 (full): 16,010/16,010 params
[2026-05-19 15:13:53]     Result | best_epoch=13 | stop=50 | acc=0.5000 | bal_acc=0.5000 | pred_hist=[4, 4] | collapse=False
[2026-05-19 15:13:53]     spatial_conv=[4, 29] top_abs_channels=[('FC4', 0.1626716), ('Pz', 0.1330256), ('C3', 0.12187652), ('FT7', 0.12065458), ('FCz', 0.12041517), ('FC3', 0.11877149), ('O2', 0.11820526), ('T7', 0.11633052)]
[2026-05-19 15:13:53]     spatial_update=delta_l2=0.06355280 max_abs=0.01037832 relative=0.05438503 changed=True

[2026-05-19 15:13:54] Fold 3/5 | subject=32
[2026-05-19 15:13:54]     Train: 32 | counts=[16, 16]
[2026-05-19 15:13:54]     Test:  8 | counts=[4, 4]
[2026-05-19 15:13:54]     Model: SignalJEPA_PreLocal | Pretrained: from_pretrained | Strategy: full
[2026-05-19 15:13:54]     Phase 1 (warmup): 2,170/16,010 params
[2026-05-19 15:13:54]     Phase 2 (full): 16,010/16,010 params
[2026-05-19 15:13:55]     Result | best_epoch=19 | stop=50 | acc=0.7500 | bal_acc=0.7500 | pred_hist=[2, 6] | collapse=False
[2026-05-19 15:13:55]     spatial_conv=[4, 29] top_abs_channels=[('FC4', 0.16171895), ('Pz', 0.12856278), ('FT7', 0.12546712), ('FCz', 0.11916113), ('C3', 0.11895821), ('FC3', 0.11895807), ('O2', 0.11576296), ('CP4', 0.11428246)]
[2026-05-19 15:13:55]     spatial_update=delta_l2=0.06895331 max_abs=0.01085366 relative=0.05900650 changed=True

[2026-05-19 15:13:56] Fold 4/5 | subject=32
[2026-05-19 15:13:56]     Train: 32 | counts=[16, 16]
[2026-05-19 15:13:56]     Test:  8 | counts=[4, 4]
[2026-05-19 15:13:56]     Model: SignalJEPA_PreLocal | Pretrained: from_pretrained | Strategy: full
[2026-05-19 15:13:56]     Phase 1 (warmup): 2,170/16,010 params
[2026-05-19 15:13:56]     Phase 2 (full): 16,010/16,010 params
[2026-05-19 15:13:57]     Result | best_epoch=50 | stop=50 | acc=0.3750 | bal_acc=0.3750 | pred_hist=[3, 5] | collapse=False
[2026-05-19 15:13:57]     spatial_conv=[4, 29] top_abs_channels=[('FC4', 0.16237096), ('Pz', 0.13636382), ('FT7', 0.12353497), ('C3', 0.12159392), ('O2', 0.11659464), ('CP4', 0.11526459), ('T7', 0.11354843), ('FC3', 0.11219211)]
[2026-05-19 15:13:57]     spatial_update=delta_l2=0.06393086 max_abs=0.01040611 relative=0.05470856 changed=True

[2026-05-19 15:13:57] Fold 5/5 | subject=32
[2026-05-19 15:13:57]     Train: 32 | counts=[16, 16]
[2026-05-19 15:13:57]     Test:  8 | counts=[4, 4]
[2026-05-19 15:13:57]     Model: SignalJEPA_PreLocal | Pretrained: from_pretrained | Strategy: full
[2026-05-19 15:13:57]     Phase 1 (warmup): 2,170/16,010 params
[2026-05-19 15:13:58]     Phase 2 (full): 16,010/16,010 params
[2026-05-19 15:13:58]     Result | best_epoch=12 | stop=50 | acc=0.7500 | bal_acc=0.7500 | pred_hist=[4, 4] | collapse=False
[2026-05-19 15:13:58]     spatial_conv=[4, 29] top_abs_channels=[('FC4', 0.16105896), ('Pz', 0.13507785), ('C3', 0.12393254), ('FT7', 0.12164622), ('T7', 0.11914325), ('CP4', 0.11785948), ('O2', 0.11606823), ('FC3', 0.11471467)]
[2026-05-19 15:13:58]     spatial_update=delta_l2=0.06830515 max_abs=0.01044566 relative=0.05845184 changed=True
[2026-05-19 15:13:58]   Subject 32: acc=0.5750±0.1500  bal_acc=0.5750±0.1500

[2026-05-19 15:13:58] Subject 33: 40 windows | class_counts=[20, 20]

[2026-05-19 15:13:59] Fold 1/5 | subject=33
[2026-05-19 15:13:59]     Train: 32 | counts=[16, 16]
[2026-05-19 15:13:59]     Test:  8 | counts=[4, 4]
[2026-05-19 15:13:59]     Model: SignalJEPA_PreLocal | Pretrained: from_pretrained | Strategy: full
[2026-05-19 15:13:59]     Phase 1 (warmup): 2,170/16,010 params
[2026-05-19 15:13:59]     Phase 2 (full): 16,010/16,010 params
[2026-05-19 15:14:00]     Result | best_epoch=48 | stop=50 | acc=0.6250 | bal_acc=0.6250 | pred_hist=[5, 3] | collapse=False
[2026-05-19 15:14:00]     spatial_conv=[4, 29] top_abs_channels=[('FC4', 0.1607672), ('FT7', 0.13289884), ('Pz', 0.12883607), ('FC3', 0.12361526), ('FCz', 0.11901955), ('C3', 0.1154658), ('O2', 0.11520548), ('Fp1', 0.11446618)]
[2026-05-19 15:14:00]     spatial_update=delta_l2=0.07396945 max_abs=0.01046767 relative=0.06329904 changed=True

[2026-05-19 15:14:01] Fold 2/5 | subject=33
[2026-05-19 15:14:01]     Train: 32 | counts=[16, 16]
[2026-05-19 15:14:01]     Test:  8 | counts=[4, 4]
[2026-05-19 15:14:01]     Model: SignalJEPA_PreLocal | Pretrained: from_pretrained | Strategy: full
[2026-05-19 15:14:01]     Phase 1 (warmup): 2,170/16,010 params
[2026-05-19 15:14:01]     Phase 2 (full): 16,010/16,010 params
[2026-05-19 15:14:02]     Result | best_epoch=1 | stop=50 | acc=0.5000 | bal_acc=0.5000 | pred_hist=[4, 4] | collapse=False
[2026-05-19 15:14:02]     spatial_conv=[4, 29] top_abs_channels=[('FC4', 0.16070694), ('FT7', 0.133067), ('Pz', 0.13118812), ('FC3', 0.11981376), ('C3', 0.11782016), ('FCz', 0.11626869), ('CP4', 0.11538018), ('T7', 0.11483258)]
[2026-05-19 15:14:02]     spatial_update=delta_l2=0.06483866 max_abs=0.01055053 relative=0.05548540 changed=True

[2026-05-19 15:14:02] Fold 3/5 | subject=33
[2026-05-19 15:14:02]     Train: 32 | counts=[16, 16]
[2026-05-19 15:14:02]     Test:  8 | counts=[4, 4]
[2026-05-19 15:14:02]     Model: SignalJEPA_PreLocal | Pretrained: from_pretrained | Strategy: full
[2026-05-19 15:14:02]     Phase 1 (warmup): 2,170/16,010 params
[2026-05-19 15:14:03]     Phase 2 (full): 16,010/16,010 params
[2026-05-19 15:14:04]     Result | best_epoch=12 | stop=50 | acc=0.5000 | bal_acc=0.5000 | pred_hist=[4, 4] | collapse=False
[2026-05-19 15:14:04]     spatial_conv=[4, 29] top_abs_channels=[('FC4', 0.16134006), ('Pz', 0.13298297), ('FT7', 0.12807307), ('O2', 0.12019108), ('C3', 0.12009361), ('FCz', 0.11950919), ('FC3', 0.11799249), ('T7', 0.11782234)]
[2026-05-19 15:14:04]     spatial_update=delta_l2=0.06925048 max_abs=0.01046113 relative=0.05926079 changed=True

[2026-05-19 15:14:04] Fold 4/5 | subject=33
[2026-05-19 15:14:04]     Train: 32 | counts=[16, 16]
[2026-05-19 15:14:04]     Test:  8 | counts=[4, 4]
[2026-05-19 15:14:04]     Model: SignalJEPA_PreLocal | Pretrained: from_pretrained | Strategy: full
[2026-05-19 15:14:04]     Phase 1 (warmup): 2,170/16,010 params
[2026-05-19 15:14:04]     Phase 2 (full): 16,010/16,010 params
[2026-05-19 15:14:05]     Result | best_epoch=50 | stop=50 | acc=0.3750 | bal_acc=0.3750 | pred_hist=[5, 3] | collapse=False
[2026-05-19 15:14:05]     spatial_conv=[4, 29] top_abs_channels=[('FC4', 0.1585317), ('Pz', 0.134719), ('FT7', 0.13107263), ('FC3', 0.12179053), ('FCz', 0.11835316), ('C3', 0.11608843), ('T7', 0.11450944), ('O2', 0.11435322)]
[2026-05-19 15:14:05]     spatial_update=delta_l2=0.07515867 max_abs=0.01028904 relative=0.06431671 changed=True

[2026-05-19 15:14:06] Fold 5/5 | subject=33
[2026-05-19 15:14:06]     Train: 32 | counts=[16, 16]
[2026-05-19 15:14:06]     Test:  8 | counts=[4, 4]
[2026-05-19 15:14:06]     Model: SignalJEPA_PreLocal | Pretrained: from_pretrained | Strategy: full
[2026-05-19 15:14:06]     Phase 1 (warmup): 2,170/16,010 params
[2026-05-19 15:14:06]     Phase 2 (full): 16,010/16,010 params
[2026-05-19 15:14:07]     Result | best_epoch=50 | stop=50 | acc=0.7500 | bal_acc=0.7500 | pred_hist=[2, 6] | collapse=False
[2026-05-19 15:14:07]     spatial_conv=[4, 29] top_abs_channels=[('FC4', 0.15928268), ('Pz', 0.13518424), ('FT7', 0.12750933), ('FC3', 0.12164737), ('C3', 0.1162675), ('O2', 0.11567719), ('FCz', 0.11522503), ('Fp1', 0.11371733)]
[2026-05-19 15:14:07]     spatial_update=delta_l2=0.06960577 max_abs=0.01021038 relative=0.05956484 changed=True
[2026-05-19 15:14:07]   Subject 33: acc=0.5500±0.1275  bal_acc=0.5500±0.1275

[2026-05-19 15:14:07] Subject 34: 40 windows | class_counts=[20, 20]

[2026-05-19 15:14:07] Fold 1/5 | subject=34
[2026-05-19 15:14:07]     Train: 32 | counts=[16, 16]
[2026-05-19 15:14:07]     Test:  8 | counts=[4, 4]
[2026-05-19 15:14:07]     Model: SignalJEPA_PreLocal | Pretrained: from_pretrained | Strategy: full
[2026-05-19 15:14:07]     Phase 1 (warmup): 2,170/16,010 params
[2026-05-19 15:14:08]     Phase 2 (full): 16,010/16,010 params
[2026-05-19 15:14:08]     Result | best_epoch=50 | stop=50 | acc=0.8750 | bal_acc=0.8750 | pred_hist=[3, 5] | collapse=False
[2026-05-19 15:14:08]     spatial_conv=[4, 29] top_abs_channels=[('FC4', 0.15812191), ('Pz', 0.13435723), ('FT7', 0.12350573), ('O2', 0.12037632), ('C3', 0.11986686), ('FCz', 0.11943337), ('Fp1', 0.11530029), ('CP4', 0.11482666)]
[2026-05-19 15:14:08]     spatial_update=delta_l2=0.06781543 max_abs=0.01083655 relative=0.05803276 changed=True

[2026-05-19 15:14:09] Fold 2/5 | subject=34
[2026-05-19 15:14:09]     Train: 32 | counts=[16, 16]
[2026-05-19 15:14:09]     Test:  8 | counts=[4, 4]
[2026-05-19 15:14:09]     Model: SignalJEPA_PreLocal | Pretrained: from_pretrained | Strategy: full
[2026-05-19 15:14:09]     Phase 1 (warmup): 2,170/16,010 params
[2026-05-19 15:14:09]     Phase 2 (full): 16,010/16,010 params
[2026-05-19 15:14:10]     Result | best_epoch=50 | stop=50 | acc=0.7500 | bal_acc=0.7500 | pred_hist=[4, 4] | collapse=False
[2026-05-19 15:14:10]     spatial_conv=[4, 29] top_abs_channels=[('FC4', 0.15881248), ('Pz', 0.1321786), ('FT7', 0.12579237), ('C3', 0.12235304), ('Fp1', 0.11859729), ('O2', 0.11742744), ('FCz', 0.11517128), ('FC3', 0.11472055)]
[2026-05-19 15:14:10]     spatial_update=delta_l2=0.08000545 max_abs=0.01081850 relative=0.06846431 changed=True

[2026-05-19 15:14:10] Fold 3/5 | subject=34
[2026-05-19 15:14:10]     Train: 32 | counts=[16, 16]
[2026-05-19 15:14:10]     Test:  8 | counts=[4, 4]
[2026-05-19 15:14:10]     Model: SignalJEPA_PreLocal | Pretrained: from_pretrained | Strategy: full
[2026-05-19 15:14:10]     Phase 1 (warmup): 2,170/16,010 params
[2026-05-19 15:14:11]     Phase 2 (full): 16,010/16,010 params
[2026-05-19 15:14:11]     Result | best_epoch=50 | stop=50 | acc=0.7500 | bal_acc=0.7500 | pred_hist=[4, 4] | collapse=False
[2026-05-19 15:14:11]     spatial_conv=[4, 29] top_abs_channels=[('FC4', 0.15726526), ('Pz', 0.13516055), ('FT7', 0.1258682), ('C3', 0.1206245), ('Fp1', 0.11851578), ('O2', 0.11812402), ('CP4', 0.11620213), ('FCz', 0.11235595)]
[2026-05-19 15:14:11]     spatial_update=delta_l2=0.07730638 max_abs=0.01090641 relative=0.06615460 changed=True

[2026-05-19 15:14:12] Fold 4/5 | subject=34
[2026-05-19 15:14:12]     Train: 32 | counts=[16, 16]
[2026-05-19 15:14:12]     Test:  8 | counts=[4, 4]
[2026-05-19 15:14:12]     Model: SignalJEPA_PreLocal | Pretrained: from_pretrained | Strategy: full
[2026-05-19 15:14:12]     Phase 1 (warmup): 2,170/16,010 params
[2026-05-19 15:14:12]     Phase 2 (full): 16,010/16,010 params
[2026-05-19 15:14:13]     Result | best_epoch=50 | stop=50 | acc=0.8750 | bal_acc=0.8750 | pred_hist=[3, 5] | collapse=False
[2026-05-19 15:14:13]     spatial_conv=[4, 29] top_abs_channels=[('FC4', 0.16261569), ('Pz', 0.13250521), ('C3', 0.12416426), ('FT7', 0.1203445), ('O2', 0.11737001), ('Fp1', 0.11663401), ('FCz', 0.11491897), ('CP4', 0.1144053)]
[2026-05-19 15:14:13]     spatial_update=delta_l2=0.07855932 max_abs=0.01071752 relative=0.06722680 changed=True

[2026-05-19 15:14:14] Fold 5/5 | subject=34
[2026-05-19 15:14:14]     Train: 32 | counts=[16, 16]
[2026-05-19 15:14:14]     Test:  8 | counts=[4, 4]
[2026-05-19 15:14:14]     Model: SignalJEPA_PreLocal | Pretrained: from_pretrained | Strategy: full
[2026-05-19 15:14:14]     Phase 1 (warmup): 2,170/16,010 params
[2026-05-19 15:14:14]     Phase 2 (full): 16,010/16,010 params
[2026-05-19 15:14:15]     Result | best_epoch=50 | stop=50 | acc=0.7500 | bal_acc=0.7500 | pred_hist=[4, 4] | collapse=False
[2026-05-19 15:14:15]     spatial_conv=[4, 29] top_abs_channels=[('FC4', 0.16103137), ('Pz', 0.13743532), ('FT7', 0.12417967), ('C3', 0.12058449), ('Fp1', 0.1150925), ('FCz', 0.1149482), ('CP4', 0.11435723), ('O2', 0.11417538)]
[2026-05-19 15:14:15]     spatial_update=delta_l2=0.07374338 max_abs=0.01083547 relative=0.06310558 changed=True
[2026-05-19 15:14:15]   Subject 34: acc=0.8000±0.0612  bal_acc=0.8000±0.0612

[2026-05-19 15:14:15] Subject 35: 40 windows | class_counts=[20, 20]

[2026-05-19 15:14:15] Fold 1/5 | subject=35
[2026-05-19 15:14:15]     Train: 32 | counts=[16, 16]
[2026-05-19 15:14:15]     Test:  8 | counts=[4, 4]
[2026-05-19 15:14:15]     Model: SignalJEPA_PreLocal | Pretrained: from_pretrained | Strategy: full
[2026-05-19 15:14:15]     Phase 1 (warmup): 2,170/16,010 params
[2026-05-19 15:14:15]     Phase 2 (full): 16,010/16,010 params
[2026-05-19 15:14:16]     Result | best_epoch=4 | stop=50 | acc=0.5000 | bal_acc=0.5000 | pred_hist=[4, 4] | collapse=False
[2026-05-19 15:14:16]     spatial_conv=[4, 29] top_abs_channels=[('FC4', 0.16763994), ('Pz', 0.13568813), ('FT7', 0.13056253), ('FCz', 0.12386817), ('C3', 0.12144259), ('FC3', 0.11720326), ('CP4', 0.11540158), ('Fp1', 0.11076801)]
[2026-05-19 15:14:16]     spatial_update=delta_l2=0.07613141 max_abs=0.01087509 relative=0.06514912 changed=True

[2026-05-19 15:14:17] Fold 2/5 | subject=35
[2026-05-19 15:14:17]     Train: 32 | counts=[16, 16]
[2026-05-19 15:14:17]     Test:  8 | counts=[4, 4]
[2026-05-19 15:14:17]     Model: SignalJEPA_PreLocal | Pretrained: from_pretrained | Strategy: full
[2026-05-19 15:14:17]     Phase 1 (warmup): 2,170/16,010 params
[2026-05-19 15:14:17]     Phase 2 (full): 16,010/16,010 params
[2026-05-19 15:14:18]     Result | best_epoch=32 | stop=50 | acc=0.7500 | bal_acc=0.7500 | pred_hist=[2, 6] | collapse=False
[2026-05-19 15:14:18]     spatial_conv=[4, 29] top_abs_channels=[('FC4', 0.16687003), ('Pz', 0.134749), ('FT7', 0.12984242), ('FCz', 0.12033028), ('CP4', 0.1191099), ('C3', 0.11746873), ('O2', 0.1158152), ('TP8', 0.11352779)]
[2026-05-19 15:14:18]     spatial_update=delta_l2=0.07376394 max_abs=0.01069684 relative=0.06312317 changed=True

[2026-05-19 15:14:18] Fold 3/5 | subject=35
[2026-05-19 15:14:18]     Train: 32 | counts=[16, 16]
[2026-05-19 15:14:18]     Test:  8 | counts=[4, 4]
[2026-05-19 15:14:18]     Model: SignalJEPA_PreLocal | Pretrained: from_pretrained | Strategy: full
[2026-05-19 15:14:18]     Phase 1 (warmup): 2,170/16,010 params
[2026-05-19 15:14:18]     Phase 2 (full): 16,010/16,010 params
[2026-05-19 15:14:19]     Result | best_epoch=9 | stop=50 | acc=0.7500 | bal_acc=0.7500 | pred_hist=[6, 2] | collapse=False
[2026-05-19 15:14:19]     spatial_conv=[4, 29] top_abs_channels=[('FC4', 0.16771285), ('Pz', 0.13334796), ('FT7', 0.12928545), ('CP4', 0.12078622), ('FCz', 0.11970977), ('C3', 0.11846334), ('O2', 0.11400677), ('FC3', 0.11095878)]
[2026-05-19 15:14:19]     spatial_update=delta_l2=0.07720306 max_abs=0.01072678 relative=0.06606618 changed=True

[2026-05-19 15:14:20] Fold 4/5 | subject=35
[2026-05-19 15:14:20]     Train: 32 | counts=[16, 16]
[2026-05-19 15:14:20]     Test:  8 | counts=[4, 4]
[2026-05-19 15:14:20]     Model: SignalJEPA_PreLocal | Pretrained: from_pretrained | Strategy: full
[2026-05-19 15:14:20]     Phase 1 (warmup): 2,170/16,010 params
[2026-05-19 15:14:20]     Phase 2 (full): 16,010/16,010 params
[2026-05-19 15:14:21]     Result | best_epoch=20 | stop=50 | acc=0.7500 | bal_acc=0.7500 | pred_hist=[4, 4] | collapse=False
[2026-05-19 15:14:21]     spatial_conv=[4, 29] top_abs_channels=[('FC4', 0.1677215), ('Pz', 0.13793696), ('FT7', 0.12957142), ('FCz', 0.12293278), ('C3', 0.1209317), ('FC3', 0.11604725), ('Fp1', 0.11536137), ('CP4', 0.11502182)]
[2026-05-19 15:14:21]     spatial_update=delta_l2=0.07532615 max_abs=0.01081610 relative=0.06446002 changed=True

[2026-05-19 15:14:21] Fold 5/5 | subject=35
[2026-05-19 15:14:21]     Train: 32 | counts=[16, 16]
[2026-05-19 15:14:21]     Test:  8 | counts=[4, 4]
[2026-05-19 15:14:21]     Model: SignalJEPA_PreLocal | Pretrained: from_pretrained | Strategy: full
[2026-05-19 15:14:21]     Phase 1 (warmup): 2,170/16,010 params
[2026-05-19 15:14:22]     Phase 2 (full): 16,010/16,010 params
[2026-05-19 15:14:22]     Result | best_epoch=50 | stop=50 | acc=0.5000 | bal_acc=0.5000 | pred_hist=[4, 4] | collapse=False
[2026-05-19 15:14:22]     spatial_conv=[4, 29] top_abs_channels=[('FC4', 0.16604649), ('Pz', 0.13739248), ('FT7', 0.13194242), ('FCz', 0.12175442), ('C3', 0.12080914), ('FC3', 0.11692457), ('O2', 0.11659109), ('TP8', 0.11580082)]
[2026-05-19 15:14:22]     spatial_update=delta_l2=0.07753576 max_abs=0.01074918 relative=0.06635089 changed=True
[2026-05-19 15:14:22]   Subject 35: acc=0.6500±0.1225  bal_acc=0.6500±0.1225

[2026-05-19 15:14:22] Subject 36: 40 windows | class_counts=[20, 20]

[2026-05-19 15:14:23] Fold 1/5 | subject=36
[2026-05-19 15:14:23]     Train: 32 | counts=[16, 16]
[2026-05-19 15:14:23]     Test:  8 | counts=[4, 4]
[2026-05-19 15:14:23]     Model: SignalJEPA_PreLocal | Pretrained: from_pretrained | Strategy: full
[2026-05-19 15:14:23]     Phase 1 (warmup): 2,170/16,010 params
[2026-05-19 15:14:23]     Phase 2 (full): 16,010/16,010 params
[2026-05-19 15:14:24]     Result | best_epoch=5 | stop=50 | acc=0.5000 | bal_acc=0.5000 | pred_hist=[6, 2] | collapse=False
[2026-05-19 15:14:24]     spatial_conv=[4, 29] top_abs_channels=[('FC4', 0.15734628), ('Pz', 0.13470645), ('FT7', 0.1331227), ('C3', 0.12052442), ('CP4', 0.11852294), ('FC3', 0.11744435), ('FCz', 0.11512839), ('Fp1', 0.11490095)]
[2026-05-19 15:14:24]     spatial_update=delta_l2=0.06629949 max_abs=0.01027603 relative=0.05673550 changed=True

[2026-05-19 15:14:25] Fold 2/5 | subject=36
[2026-05-19 15:14:25]     Train: 32 | counts=[16, 16]
[2026-05-19 15:14:25]     Test:  8 | counts=[4, 4]
[2026-05-19 15:14:25]     Model: SignalJEPA_PreLocal | Pretrained: from_pretrained | Strategy: full
[2026-05-19 15:14:25]     Phase 1 (warmup): 2,170/16,010 params
[2026-05-19 15:14:25]     Phase 2 (full): 16,010/16,010 params
[2026-05-19 15:14:26]     Result | best_epoch=12 | stop=50 | acc=0.6250 | bal_acc=0.6250 | pred_hist=[3, 5] | collapse=False
[2026-05-19 15:14:26]     spatial_conv=[4, 29] top_abs_channels=[('FC4', 0.1538035), ('FT7', 0.13231772), ('Pz', 0.13155736), ('C3', 0.11941674), ('Fp1', 0.1167678), ('CP4', 0.11645965), ('T7', 0.11480831), ('FC3', 0.11387105)]
[2026-05-19 15:14:26]     spatial_update=delta_l2=0.07256607 max_abs=0.01060076 relative=0.06209810 changed=True

[2026-05-19 15:14:26] Fold 3/5 | subject=36
[2026-05-19 15:14:26]     Train: 32 | counts=[16, 16]
[2026-05-19 15:14:26]     Test:  8 | counts=[4, 4]
[2026-05-19 15:14:26]     Model: SignalJEPA_PreLocal | Pretrained: from_pretrained | Strategy: full
[2026-05-19 15:14:26]     Phase 1 (warmup): 2,170/16,010 params
[2026-05-19 15:14:27]     Phase 2 (full): 16,010/16,010 params
[2026-05-19 15:14:27]     Result | best_epoch=1 | stop=50 | acc=0.5000 | bal_acc=0.5000 | pred_hist=[8, 0] | collapse=True
[2026-05-19 15:14:27]     spatial_conv=[4, 29] top_abs_channels=[('FC4', 0.15397459), ('Pz', 0.13596085), ('FT7', 0.13068506), ('C3', 0.1207974), ('CP4', 0.11831309), ('T7', 0.11551439), ('Fp1', 0.1153213), ('P7', 0.11368485)]
[2026-05-19 15:14:27]     spatial_update=delta_l2=0.07131779 max_abs=0.01060121 relative=0.06102989 changed=True

[2026-05-19 15:14:28] Fold 4/5 | subject=36
[2026-05-19 15:14:28]     Train: 32 | counts=[16, 16]
[2026-05-19 15:14:28]     Test:  8 | counts=[4, 4]
[2026-05-19 15:14:28]     Model: SignalJEPA_PreLocal | Pretrained: from_pretrained | Strategy: full
[2026-05-19 15:14:28]     Phase 1 (warmup): 2,170/16,010 params
[2026-05-19 15:14:28]     Phase 2 (full): 16,010/16,010 params
[2026-05-19 15:14:29]     Result | best_epoch=49 | stop=50 | acc=0.3750 | bal_acc=0.3750 | pred_hist=[5, 3] | collapse=False
[2026-05-19 15:14:29]     spatial_conv=[4, 29] top_abs_channels=[('FC4', 0.15656994), ('Pz', 0.1325037), ('FT7', 0.12906338), ('CP4', 0.12054016), ('FCz', 0.11920998), ('C3', 0.1162293), ('Fp1', 0.11558114), ('FC3', 0.11287443)]
[2026-05-19 15:14:29]     spatial_update=delta_l2=0.07656501 max_abs=0.01028894 relative=0.06552018 changed=True

[2026-05-19 15:14:29] Fold 5/5 | subject=36
[2026-05-19 15:14:29]     Train: 32 | counts=[16, 16]
[2026-05-19 15:14:29]     Test:  8 | counts=[4, 4]
[2026-05-19 15:14:29]     Model: SignalJEPA_PreLocal | Pretrained: from_pretrained | Strategy: full
[2026-05-19 15:14:29]     Phase 1 (warmup): 2,170/16,010 params
[2026-05-19 15:14:30]     Phase 2 (full): 16,010/16,010 params
[2026-05-19 15:14:30]     Result | best_epoch=1 | stop=50 | acc=0.3750 | bal_acc=0.3750 | pred_hist=[5, 3] | collapse=False
[2026-05-19 15:14:30]     spatial_conv=[4, 29] top_abs_channels=[('FC4', 0.15409696), ('Pz', 0.13495481), ('FT7', 0.13292806), ('C3', 0.12039226), ('CP4', 0.12037824), ('T7', 0.11533569), ('Fp1', 0.1141472), ('FC3', 0.11280777)]
[2026-05-19 15:14:30]     spatial_update=delta_l2=0.07491737 max_abs=0.01078440 relative=0.06411021 changed=True
[2026-05-19 15:14:30]   Subject 36: acc=0.4750±0.0935  bal_acc=0.4750±0.0935

[2026-05-19 15:14:30] Subject 37: 40 windows | class_counts=[20, 20]

[2026-05-19 15:14:31] Fold 1/5 | subject=37
[2026-05-19 15:14:31]     Train: 32 | counts=[16, 16]
[2026-05-19 15:14:31]     Test:  8 | counts=[4, 4]
[2026-05-19 15:14:31]     Model: SignalJEPA_PreLocal | Pretrained: from_pretrained | Strategy: full
[2026-05-19 15:14:31]     Phase 1 (warmup): 2,170/16,010 params
[2026-05-19 15:14:31]     Phase 2 (full): 16,010/16,010 params
[2026-05-19 15:14:32]     Result | best_epoch=50 | stop=50 | acc=0.2500 | bal_acc=0.2500 | pred_hist=[2, 6] | collapse=False
[2026-05-19 15:14:32]     spatial_conv=[4, 29] top_abs_channels=[('FC4', 0.15682954), ('Pz', 0.13264985), ('FT7', 0.13033889), ('C3', 0.12146738), ('Fp1', 0.11829541), ('O2', 0.11674619), ('FC3', 0.11384702), ('CP4', 0.11250855)]
[2026-05-19 15:14:32]     spatial_update=delta_l2=0.07049331 max_abs=0.01055335 relative=0.06032434 changed=True

[2026-05-19 15:14:33] Fold 2/5 | subject=37
[2026-05-19 15:14:33]     Train: 32 | counts=[16, 16]
[2026-05-19 15:14:33]     Test:  8 | counts=[4, 4]
[2026-05-19 15:14:33]     Model: SignalJEPA_PreLocal | Pretrained: from_pretrained | Strategy: full
[2026-05-19 15:14:33]     Phase 1 (warmup): 2,170/16,010 params
[2026-05-19 15:14:33]     Phase 2 (full): 16,010/16,010 params
[2026-05-19 15:14:34]     Result | best_epoch=1 | stop=50 | acc=0.5000 | bal_acc=0.5000 | pred_hist=[2, 6] | collapse=False
[2026-05-19 15:14:34]     spatial_conv=[4, 29] top_abs_channels=[('FC4', 0.15994696), ('Pz', 0.13634664), ('FT7', 0.13241847), ('C3', 0.12188127), ('O2', 0.11435549), ('FC3', 0.11419436), ('FCz', 0.11418321), ('CP4', 0.11249222)]
[2026-05-19 15:14:34]     spatial_update=delta_l2=0.06744534 max_abs=0.01041929 relative=0.05771605 changed=True

[2026-05-19 15:14:35] Fold 3/5 | subject=37
[2026-05-19 15:14:35]     Train: 32 | counts=[16, 16]
[2026-05-19 15:14:35]     Test:  8 | counts=[4, 4]
[2026-05-19 15:14:35]     Model: SignalJEPA_PreLocal | Pretrained: from_pretrained | Strategy: full
[2026-05-19 15:14:35]     Phase 1 (warmup): 2,170/16,010 params
[2026-05-19 15:14:35]     Phase 2 (full): 16,010/16,010 params
[2026-05-19 15:14:35]     Result | best_epoch=50 | stop=50 | acc=0.6250 | bal_acc=0.6250 | pred_hist=[5, 3] | collapse=False
[2026-05-19 15:14:35]     spatial_conv=[4, 29] top_abs_channels=[('FC4', 0.16297632), ('Pz', 0.13343006), ('FT7', 0.1278228), ('C3', 0.12046821), ('Fp1', 0.11904765), ('FCz', 0.1166555), ('FC3', 0.11625978), ('CP4', 0.11244844)]
[2026-05-19 15:14:35]     spatial_update=delta_l2=0.06426844 max_abs=0.01028404 relative=0.05499744 changed=True

[2026-05-19 15:14:36] Fold 4/5 | subject=37
[2026-05-19 15:14:36]     Train: 32 | counts=[16, 16]
[2026-05-19 15:14:36]     Test:  8 | counts=[4, 4]
[2026-05-19 15:14:36]     Model: SignalJEPA_PreLocal | Pretrained: from_pretrained | Strategy: full
[2026-05-19 15:14:36]     Phase 1 (warmup): 2,170/16,010 params
[2026-05-19 15:14:36]     Phase 2 (full): 16,010/16,010 params
[2026-05-19 15:14:37]     Result | best_epoch=5 | stop=50 | acc=0.7500 | bal_acc=0.7500 | pred_hist=[6, 2] | collapse=False
[2026-05-19 15:14:37]     spatial_conv=[4, 29] top_abs_channels=[('FC4', 0.16134115), ('Pz', 0.13495851), ('FT7', 0.12915696), ('C3', 0.12375531), ('Fp1', 0.11886953), ('FC3', 0.11433634), ('FCz', 0.11345327), ('O2', 0.11274692)]
[2026-05-19 15:14:37]     spatial_update=delta_l2=0.06933161 max_abs=0.01064608 relative=0.05933022 changed=True

[2026-05-19 15:14:38] Fold 5/5 | subject=37
[2026-05-19 15:14:38]     Train: 32 | counts=[16, 16]
[2026-05-19 15:14:38]     Test:  8 | counts=[4, 4]
[2026-05-19 15:14:38]     Model: SignalJEPA_PreLocal | Pretrained: from_pretrained | Strategy: full
[2026-05-19 15:14:38]     Phase 1 (warmup): 2,170/16,010 params
[2026-05-19 15:14:38]     Phase 2 (full): 16,010/16,010 params
[2026-05-19 15:14:39]     Result | best_epoch=50 | stop=50 | acc=0.6250 | bal_acc=0.6250 | pred_hist=[3, 5] | collapse=False
[2026-05-19 15:14:39]     spatial_conv=[4, 29] top_abs_channels=[('FC4', 0.16283071), ('Pz', 0.13730003), ('C3', 0.12441158), ('FT7', 0.12424362), ('Fp1', 0.1144557), ('FCz', 0.11423293), ('FC3', 0.11306778), ('O2', 0.11257903)]
[2026-05-19 15:14:39]     spatial_update=delta_l2=0.07121616 max_abs=0.01053459 relative=0.06094292 changed=True
[2026-05-19 15:14:39]   Subject 37: acc=0.5500±0.1696  bal_acc=0.5500±0.1696

[2026-05-19 15:14:39] Subject 38: 40 windows | class_counts=[20, 20]

[2026-05-19 15:14:39] Fold 1/5 | subject=38
[2026-05-19 15:14:39]     Train: 32 | counts=[16, 16]
[2026-05-19 15:14:39]     Test:  8 | counts=[4, 4]
[2026-05-19 15:14:39]     Model: SignalJEPA_PreLocal | Pretrained: from_pretrained | Strategy: full
[2026-05-19 15:14:39]     Phase 1 (warmup): 2,170/16,010 params
[2026-05-19 15:14:39]     Phase 2 (full): 16,010/16,010 params
[2026-05-19 15:14:40]     Result | best_epoch=1 | stop=50 | acc=0.8750 | bal_acc=0.8750 | pred_hist=[5, 3] | collapse=False
[2026-05-19 15:14:40]     spatial_conv=[4, 29] top_abs_channels=[('FC4', 0.1660473), ('Pz', 0.1309343), ('FT7', 0.12381958), ('O2', 0.11918615), ('FCz', 0.11768331), ('Fp1', 0.11651707), ('FC3', 0.11596973), ('T7', 0.11503722)]
[2026-05-19 15:14:40]     spatial_update=delta_l2=0.06815812 max_abs=0.01043607 relative=0.05832601 changed=True

[2026-05-19 15:14:41] Fold 2/5 | subject=38
[2026-05-19 15:14:41]     Train: 32 | counts=[16, 16]
[2026-05-19 15:14:41]     Test:  8 | counts=[4, 4]
[2026-05-19 15:14:41]     Model: SignalJEPA_PreLocal | Pretrained: from_pretrained | Strategy: full
[2026-05-19 15:14:41]     Phase 1 (warmup): 2,170/16,010 params
[2026-05-19 15:14:41]     Phase 2 (full): 16,010/16,010 params
[2026-05-19 15:14:42]     Result | best_epoch=50 | stop=50 | acc=0.6250 | bal_acc=0.6250 | pred_hist=[3, 5] | collapse=False
[2026-05-19 15:14:42]     spatial_conv=[4, 29] top_abs_channels=[('FC4', 0.16166176), ('Pz', 0.13014746), ('FT7', 0.12173572), ('FC3', 0.11815362), ('O2', 0.11572397), ('FCz', 0.11513387), ('C3', 0.11506115), ('Fp1', 0.11389351)]
[2026-05-19 15:14:42]     spatial_update=delta_l2=0.06882226 max_abs=0.01038148 relative=0.05889435 changed=True

[2026-05-19 15:14:42] Fold 3/5 | subject=38
[2026-05-19 15:14:42]     Train: 32 | counts=[16, 16]
[2026-05-19 15:14:42]     Test:  8 | counts=[4, 4]
[2026-05-19 15:14:42]     Model: SignalJEPA_PreLocal | Pretrained: from_pretrained | Strategy: full
[2026-05-19 15:14:42]     Phase 1 (warmup): 2,170/16,010 params
[2026-05-19 15:14:43]     Phase 2 (full): 16,010/16,010 params
[2026-05-19 15:14:43]     Result | best_epoch=50 | stop=50 | acc=0.6250 | bal_acc=0.6250 | pred_hist=[5, 3] | collapse=False
[2026-05-19 15:14:43]     spatial_conv=[4, 29] top_abs_channels=[('FC4', 0.16530883), ('Pz', 0.13335745), ('FT7', 0.1283861), ('C3', 0.1160891), ('FC3', 0.11533431), ('P7', 0.11334364), ('FCz', 0.11260807), ('Fp1', 0.11214006)]
[2026-05-19 15:14:43]     spatial_update=delta_l2=0.06978907 max_abs=0.01087828 relative=0.05972169 changed=True

[2026-05-19 15:14:44] Fold 4/5 | subject=38
[2026-05-19 15:14:44]     Train: 32 | counts=[16, 16]
[2026-05-19 15:14:44]     Test:  8 | counts=[4, 4]
[2026-05-19 15:14:44]     Model: SignalJEPA_PreLocal | Pretrained: from_pretrained | Strategy: full
[2026-05-19 15:14:44]     Phase 1 (warmup): 2,170/16,010 params
[2026-05-19 15:14:44]     Phase 2 (full): 16,010/16,010 params
[2026-05-19 15:14:45]     Result | best_epoch=12 | stop=50 | acc=0.6250 | bal_acc=0.6250 | pred_hist=[5, 3] | collapse=False
[2026-05-19 15:14:45]     spatial_conv=[4, 29] top_abs_channels=[('FC4', 0.16370818), ('Pz', 0.13179898), ('FT7', 0.12162755), ('FC3', 0.12009478), ('C3', 0.11537405), ('FCz', 0.11472204), ('O2', 0.11388844), ('T7', 0.11316856)]
[2026-05-19 15:14:45]     spatial_update=delta_l2=0.07078269 max_abs=0.01050110 relative=0.06057198 changed=True

[2026-05-19 15:14:46] Fold 5/5 | subject=38
[2026-05-19 15:14:46]     Train: 32 | counts=[16, 16]
[2026-05-19 15:14:46]     Test:  8 | counts=[4, 4]
[2026-05-19 15:14:46]     Model: SignalJEPA_PreLocal | Pretrained: from_pretrained | Strategy: full
[2026-05-19 15:14:46]     Phase 1 (warmup): 2,170/16,010 params
[2026-05-19 15:14:46]     Phase 2 (full): 16,010/16,010 params
[2026-05-19 15:14:47]     Result | best_epoch=50 | stop=50 | acc=0.7500 | bal_acc=0.7500 | pred_hist=[4, 4] | collapse=False
[2026-05-19 15:14:47]     spatial_conv=[4, 29] top_abs_channels=[('FC4', 0.16214068), ('Pz', 0.1313505), ('FT7', 0.12132858), ('O2', 0.12025703), ('FC3', 0.11971762), ('FCz', 0.1188609), ('C3', 0.11423683), ('Fp1', 0.11373767)]
[2026-05-19 15:14:47]     spatial_update=delta_l2=0.07242209 max_abs=0.01065934 relative=0.06197489 changed=True
[2026-05-19 15:14:47]   Subject 38: acc=0.7000±0.1000  bal_acc=0.7000±0.1000

[2026-05-19 15:14:47] Subject 39: 40 windows | class_counts=[20, 20]

[2026-05-19 15:14:47] Fold 1/5 | subject=39
[2026-05-19 15:14:47]     Train: 32 | counts=[16, 16]
[2026-05-19 15:14:47]     Test:  8 | counts=[4, 4]
[2026-05-19 15:14:47]     Model: SignalJEPA_PreLocal | Pretrained: from_pretrained | Strategy: full
[2026-05-19 15:14:47]     Phase 1 (warmup): 2,170/16,010 params
[2026-05-19 15:14:48]     Phase 2 (full): 16,010/16,010 params
[2026-05-19 15:14:48]     Result | best_epoch=1 | stop=50 | acc=0.5000 | bal_acc=0.5000 | pred_hist=[0, 8] | collapse=True
[2026-05-19 15:14:48]     spatial_conv=[4, 29] top_abs_channels=[('FC4', 0.16463938), ('Pz', 0.13048205), ('FT7', 0.12221766), ('C3', 0.11988274), ('Fp1', 0.11869209), ('CP4', 0.11613514), ('O2', 0.11606707), ('FC3', 0.1127997)]
[2026-05-19 15:14:48]     spatial_update=delta_l2=0.05638070 max_abs=0.01040176 relative=0.04824754 changed=True

[2026-05-19 15:14:49] Fold 2/5 | subject=39
[2026-05-19 15:14:49]     Train: 32 | counts=[16, 16]
[2026-05-19 15:14:49]     Test:  8 | counts=[4, 4]
[2026-05-19 15:14:49]     Model: SignalJEPA_PreLocal | Pretrained: from_pretrained | Strategy: full
[2026-05-19 15:14:49]     Phase 1 (warmup): 2,170/16,010 params
[2026-05-19 15:14:49]     Phase 2 (full): 16,010/16,010 params
[2026-05-19 15:14:50]     Result | best_epoch=50 | stop=50 | acc=0.3750 | bal_acc=0.3750 | pred_hist=[3, 5] | collapse=False
[2026-05-19 15:14:50]     spatial_conv=[4, 29] top_abs_channels=[('FC4', 0.16092849), ('Pz', 0.13354345), ('FT7', 0.1252486), ('C3', 0.12327348), ('Fp1', 0.11905247), ('O2', 0.11507994), ('CP4', 0.11488137), ('P7', 0.11373162)]
[2026-05-19 15:14:50]     spatial_update=delta_l2=0.05458411 max_abs=0.00941840 relative=0.04671012 changed=True

[2026-05-19 15:14:51] Fold 3/5 | subject=39
[2026-05-19 15:14:51]     Train: 32 | counts=[16, 16]
[2026-05-19 15:14:51]     Test:  8 | counts=[4, 4]
[2026-05-19 15:14:51]     Model: SignalJEPA_PreLocal | Pretrained: from_pretrained | Strategy: full
[2026-05-19 15:14:51]     Phase 1 (warmup): 2,170/16,010 params
[2026-05-19 15:14:51]     Phase 2 (full): 16,010/16,010 params
[2026-05-19 15:14:52]     Result | best_epoch=2 | stop=50 | acc=0.8750 | bal_acc=0.8750 | pred_hist=[5, 3] | collapse=False
[2026-05-19 15:14:52]     spatial_conv=[4, 29] top_abs_channels=[('FC4', 0.15958007), ('Pz', 0.12931263), ('FT7', 0.12643661), ('Fp1', 0.11761244), ('T7', 0.11671709), ('C3', 0.11607278), ('FC3', 0.11572362), ('P7', 0.11535655)]
[2026-05-19 15:14:52]     spatial_update=delta_l2=0.06230167 max_abs=0.01067728 relative=0.05331438 changed=True

[2026-05-19 15:14:52] Fold 4/5 | subject=39
[2026-05-19 15:14:52]     Train: 32 | counts=[16, 16]
[2026-05-19 15:14:52]     Test:  8 | counts=[4, 4]
[2026-05-19 15:14:52]     Model: SignalJEPA_PreLocal | Pretrained: from_pretrained | Strategy: full
[2026-05-19 15:14:52]     Phase 1 (warmup): 2,170/16,010 params
[2026-05-19 15:14:52]     Phase 2 (full): 16,010/16,010 params
[2026-05-19 15:14:53]     Result | best_epoch=1 | stop=50 | acc=0.5000 | bal_acc=0.5000 | pred_hist=[4, 4] | collapse=False
[2026-05-19 15:14:53]     spatial_conv=[4, 29] top_abs_channels=[('FC4', 0.15937069), ('Pz', 0.13374031), ('FT7', 0.12390116), ('C3', 0.1195834), ('Fp1', 0.11952044), ('CP4', 0.11739736), ('O2', 0.11347358), ('FC3', 0.11299579)]
[2026-05-19 15:14:53]     spatial_update=delta_l2=0.05718288 max_abs=0.01005542 relative=0.04893401 changed=True

[2026-05-19 15:14:54] Fold 5/5 | subject=39
[2026-05-19 15:14:54]     Train: 32 | counts=[16, 16]
[2026-05-19 15:14:54]     Test:  8 | counts=[4, 4]
[2026-05-19 15:14:54]     Model: SignalJEPA_PreLocal | Pretrained: from_pretrained | Strategy: full
[2026-05-19 15:14:54]     Phase 1 (warmup): 2,170/16,010 params
[2026-05-19 15:14:54]     Phase 2 (full): 16,010/16,010 params
[2026-05-19 15:14:55]     Result | best_epoch=50 | stop=50 | acc=0.3750 | bal_acc=0.3750 | pred_hist=[3, 5] | collapse=False
[2026-05-19 15:14:55]     spatial_conv=[4, 29] top_abs_channels=[('FC4', 0.15919128), ('Pz', 0.13495317), ('FT7', 0.13118395), ('C3', 0.12136962), ('Fp1', 0.11854776), ('CP4', 0.11620642), ('FCz', 0.11312645), ('P7', 0.11271147)]
[2026-05-19 15:14:55]     spatial_update=delta_l2=0.05998848 max_abs=0.01067176 relative=0.05133489 changed=True
[2026-05-19 15:14:55]   Subject 39: acc=0.5250±0.1837  bal_acc=0.5250±0.1837

[2026-05-19 15:14:55] Subject 40: 40 windows | class_counts=[20, 20]

[2026-05-19 15:14:56] Fold 1/5 | subject=40
[2026-05-19 15:14:56]     Train: 32 | counts=[16, 16]
[2026-05-19 15:14:56]     Test:  8 | counts=[4, 4]
[2026-05-19 15:14:56]     Model: SignalJEPA_PreLocal | Pretrained: from_pretrained | Strategy: full
[2026-05-19 15:14:56]     Phase 1 (warmup): 2,170/16,010 params
[2026-05-19 15:14:56]     Phase 2 (full): 16,010/16,010 params
[2026-05-19 15:14:57]     Result | best_epoch=4 | stop=50 | acc=0.7500 | bal_acc=0.7500 | pred_hist=[4, 4] | collapse=False
[2026-05-19 15:14:57]     spatial_conv=[4, 29] top_abs_channels=[('FC4', 0.16194794), ('Pz', 0.13118763), ('FT7', 0.12710784), ('C3', 0.12345097), ('Fp1', 0.11931594), ('FCz', 0.11776657), ('FC3', 0.11522457), ('CP4', 0.11447223)]
[2026-05-19 15:14:57]     spatial_update=delta_l2=0.06867393 max_abs=0.01094875 relative=0.05876742 changed=True

[2026-05-19 15:14:57] Fold 2/5 | subject=40
[2026-05-19 15:14:57]     Train: 32 | counts=[16, 16]
[2026-05-19 15:14:57]     Test:  8 | counts=[4, 4]
[2026-05-19 15:14:57]     Model: SignalJEPA_PreLocal | Pretrained: from_pretrained | Strategy: full
[2026-05-19 15:14:57]     Phase 1 (warmup): 2,170/16,010 params
[2026-05-19 15:14:57]     Phase 2 (full): 16,010/16,010 params
[2026-05-19 15:14:58]     Result | best_epoch=50 | stop=50 | acc=0.5000 | bal_acc=0.5000 | pred_hist=[6, 2] | collapse=False
[2026-05-19 15:14:58]     spatial_conv=[4, 29] top_abs_channels=[('FC4', 0.16739869), ('Pz', 0.1308887), ('FT7', 0.12928514), ('C3', 0.12330748), ('FCz', 0.11854634), ('FC3', 0.11556174), ('Fp1', 0.11513446), ('O2', 0.11461109)]
[2026-05-19 15:14:58]     spatial_update=delta_l2=0.06294127 max_abs=0.01055259 relative=0.05386172 changed=True

[2026-05-19 15:14:59] Fold 3/5 | subject=40
[2026-05-19 15:14:59]     Train: 32 | counts=[16, 16]
[2026-05-19 15:14:59]     Test:  8 | counts=[4, 4]
[2026-05-19 15:14:59]     Model: SignalJEPA_PreLocal | Pretrained: from_pretrained | Strategy: full
[2026-05-19 15:14:59]     Phase 1 (warmup): 2,170/16,010 params
[2026-05-19 15:14:59]     Phase 2 (full): 16,010/16,010 params
[2026-05-19 15:15:00]     Result | best_epoch=1 | stop=50 | acc=0.7500 | bal_acc=0.7500 | pred_hist=[6, 2] | collapse=False
[2026-05-19 15:15:00]     spatial_conv=[4, 29] top_abs_channels=[('FC4', 0.16268897), ('Pz', 0.12921998), ('FT7', 0.12649535), ('FCz', 0.12002689), ('C3', 0.11980537), ('FC3', 0.11912367), ('Fp1', 0.1184357), ('CP4', 0.11786394)]
[2026-05-19 15:15:00]     spatial_update=delta_l2=0.06775295 max_abs=0.01073050 relative=0.05797929 changed=True

[2026-05-19 15:15:00] Fold 4/5 | subject=40
[2026-05-19 15:15:00]     Train: 32 | counts=[16, 16]
[2026-05-19 15:15:00]     Test:  8 | counts=[4, 4]
[2026-05-19 15:15:00]     Model: SignalJEPA_PreLocal | Pretrained: from_pretrained | Strategy: full
[2026-05-19 15:15:00]     Phase 1 (warmup): 2,170/16,010 params
[2026-05-19 15:15:01]     Phase 2 (full): 16,010/16,010 params
[2026-05-19 15:15:01]     Result | best_epoch=50 | stop=50 | acc=0.2500 | bal_acc=0.2500 | pred_hist=[6, 2] | collapse=False
[2026-05-19 15:15:01]     spatial_conv=[4, 29] top_abs_channels=[('FC4', 0.16312031), ('Pz', 0.13405129), ('FT7', 0.12688504), ('C3', 0.12486416), ('FCz', 0.11567672), ('T7', 0.11362901), ('CP4', 0.11325246), ('O2', 0.11324596)]
[2026-05-19 15:15:01]     spatial_update=delta_l2=0.05419007 max_abs=0.01045032 relative=0.04637292 changed=True

[2026-05-19 15:15:02] Fold 5/5 | subject=40
[2026-05-19 15:15:02]     Train: 32 | counts=[16, 16]
[2026-05-19 15:15:02]     Test:  8 | counts=[4, 4]
[2026-05-19 15:15:02]     Model: SignalJEPA_PreLocal | Pretrained: from_pretrained | Strategy: full
[2026-05-19 15:15:02]     Phase 1 (warmup): 2,170/16,010 params
[2026-05-19 15:15:02]     Phase 2 (full): 16,010/16,010 params
[2026-05-19 15:15:03]     Result | best_epoch=50 | stop=50 | acc=0.5000 | bal_acc=0.5000 | pred_hist=[4, 4] | collapse=False
[2026-05-19 15:15:03]     spatial_conv=[4, 29] top_abs_channels=[('FC4', 0.16482984), ('FT7', 0.13036411), ('Pz', 0.12886584), ('C3', 0.12132845), ('Fp1', 0.11953684), ('FCz', 0.11789711), ('FC3', 0.11556968), ('O2', 0.11447448)]
[2026-05-19 15:15:03]     spatial_update=delta_l2=0.06221546 max_abs=0.01022287 relative=0.05324061 changed=True
[2026-05-19 15:15:03]   Subject 40: acc=0.5500±0.1871  bal_acc=0.5500±0.1871

[2026-05-19 15:15:03] Subject 41: 40 windows | class_counts=[20, 20]

[2026-05-19 15:15:04] Fold 1/5 | subject=41
[2026-05-19 15:15:04]     Train: 32 | counts=[16, 16]
[2026-05-19 15:15:04]     Test:  8 | counts=[4, 4]
[2026-05-19 15:15:04]     Model: SignalJEPA_PreLocal | Pretrained: from_pretrained | Strategy: full
[2026-05-19 15:15:04]     Phase 1 (warmup): 2,170/16,010 params
[2026-05-19 15:15:04]     Phase 2 (full): 16,010/16,010 params
[2026-05-19 15:15:05]     Result | best_epoch=41 | stop=50 | acc=0.6250 | bal_acc=0.6250 | pred_hist=[5, 3] | collapse=False
[2026-05-19 15:15:05]     spatial_conv=[4, 29] top_abs_channels=[('FC4', 0.16806553), ('Pz', 0.13478525), ('FT7', 0.1259734), ('O2', 0.12090386), ('C3', 0.11950035), ('FCz', 0.11702687), ('Fp1', 0.11552681), ('FC3', 0.11551068)]
[2026-05-19 15:15:05]     spatial_update=delta_l2=0.07244666 max_abs=0.01030296 relative=0.06199592 changed=True

[2026-05-19 15:15:05] Fold 2/5 | subject=41
[2026-05-19 15:15:05]     Train: 32 | counts=[16, 16]
[2026-05-19 15:15:05]     Test:  8 | counts=[4, 4]
[2026-05-19 15:15:05]     Model: SignalJEPA_PreLocal | Pretrained: from_pretrained | Strategy: full
[2026-05-19 15:15:05]     Phase 1 (warmup): 2,170/16,010 params
[2026-05-19 15:15:05]     Phase 2 (full): 16,010/16,010 params
[2026-05-19 15:15:06]     Result | best_epoch=1 | stop=50 | acc=0.7500 | bal_acc=0.7500 | pred_hist=[6, 2] | collapse=False
[2026-05-19 15:15:06]     spatial_conv=[4, 29] top_abs_channels=[('FC4', 0.16044676), ('Pz', 0.13617215), ('FT7', 0.12608765), ('O2', 0.11937599), ('C3', 0.1169778), ('Fp1', 0.11585288), ('FC3', 0.11470568), ('FCz', 0.1132625)]
[2026-05-19 15:15:06]     spatial_update=delta_l2=0.07923520 max_abs=0.01059094 relative=0.06780517 changed=True

[2026-05-19 15:15:07] Fold 3/5 | subject=41
[2026-05-19 15:15:07]     Train: 32 | counts=[16, 16]
[2026-05-19 15:15:07]     Test:  8 | counts=[4, 4]
[2026-05-19 15:15:07]     Model: SignalJEPA_PreLocal | Pretrained: from_pretrained | Strategy: full
[2026-05-19 15:15:07]     Phase 1 (warmup): 2,170/16,010 params
[2026-05-19 15:15:07]     Phase 2 (full): 16,010/16,010 params
[2026-05-19 15:15:08]     Result | best_epoch=4 | stop=50 | acc=0.6250 | bal_acc=0.6250 | pred_hist=[5, 3] | collapse=False
[2026-05-19 15:15:08]     spatial_conv=[4, 29] top_abs_channels=[('FC4', 0.1611843), ('Pz', 0.13679034), ('FT7', 0.12084411), ('O2', 0.11885861), ('C3', 0.11705849), ('FC3', 0.11629862), ('Fp1', 0.11414424), ('CP4', 0.11376888)]
[2026-05-19 15:15:08]     spatial_update=delta_l2=0.08327933 max_abs=0.01089166 relative=0.07126592 changed=True

[2026-05-19 15:15:08] Fold 4/5 | subject=41
[2026-05-19 15:15:08]     Train: 32 | counts=[16, 16]
[2026-05-19 15:15:08]     Test:  8 | counts=[4, 4]
[2026-05-19 15:15:08]     Model: SignalJEPA_PreLocal | Pretrained: from_pretrained | Strategy: full
[2026-05-19 15:15:08]     Phase 1 (warmup): 2,170/16,010 params
[2026-05-19 15:15:08]     Phase 2 (full): 16,010/16,010 params
[2026-05-19 15:15:09]     Result | best_epoch=50 | stop=50 | acc=0.7500 | bal_acc=0.7500 | pred_hist=[6, 2] | collapse=False
[2026-05-19 15:15:09]     spatial_conv=[4, 29] top_abs_channels=[('FC4', 0.16629568), ('Pz', 0.13102567), ('FT7', 0.12647963), ('O2', 0.12082478), ('FCz', 0.11910391), ('C3', 0.11855686), ('FC3', 0.11841917), ('Fp1', 0.11226226)]
[2026-05-19 15:15:09]     spatial_update=delta_l2=0.07690917 max_abs=0.01050551 relative=0.06581469 changed=True

[2026-05-19 15:15:10] Fold 5/5 | subject=41
[2026-05-19 15:15:10]     Train: 32 | counts=[16, 16]
[2026-05-19 15:15:10]     Test:  8 | counts=[4, 4]
[2026-05-19 15:15:10]     Model: SignalJEPA_PreLocal | Pretrained: from_pretrained | Strategy: full
[2026-05-19 15:15:10]     Phase 1 (warmup): 2,170/16,010 params
[2026-05-19 15:15:10]     Phase 2 (full): 16,010/16,010 params
[2026-05-19 15:15:11]     Result | best_epoch=50 | stop=50 | acc=0.5000 | bal_acc=0.5000 | pred_hist=[6, 2] | collapse=False
[2026-05-19 15:15:11]     spatial_conv=[4, 29] top_abs_channels=[('FC4', 0.16188967), ('Pz', 0.13167468), ('FT7', 0.12301023), ('O2', 0.12050981), ('FC3', 0.11935277), ('C3', 0.11853542), ('FCz', 0.11822123), ('CP4', 0.11403657)]
[2026-05-19 15:15:11]     spatial_update=delta_l2=0.07541096 max_abs=0.01026493 relative=0.06453260 changed=True
[2026-05-19 15:15:11]   Subject 41: acc=0.6500±0.0935  bal_acc=0.6500±0.0935

[2026-05-19 15:15:11] Subject 42: 40 windows | class_counts=[20, 20]

[2026-05-19 15:15:12] Fold 1/5 | subject=42
[2026-05-19 15:15:12]     Train: 32 | counts=[16, 16]
[2026-05-19 15:15:12]     Test:  8 | counts=[4, 4]
[2026-05-19 15:15:12]     Model: SignalJEPA_PreLocal | Pretrained: from_pretrained | Strategy: full
[2026-05-19 15:15:12]     Phase 1 (warmup): 2,170/16,010 params
[2026-05-19 15:15:12]     Phase 2 (full): 16,010/16,010 params
[2026-05-19 15:15:13]     Result | best_epoch=50 | stop=50 | acc=0.3750 | bal_acc=0.3750 | pred_hist=[7, 1] | collapse=False
[2026-05-19 15:15:13]     spatial_conv=[4, 29] top_abs_channels=[('FC4', 0.16313112), ('Pz', 0.13391918), ('FT7', 0.12993377), ('C3', 0.12382392), ('O2', 0.11903064), ('FCz', 0.11800776), ('FC3', 0.11455355), ('CP4', 0.11431107)]
[2026-05-19 15:15:13]     spatial_update=delta_l2=0.07120725 max_abs=0.01080757 relative=0.06093530 changed=True

[2026-05-19 15:15:13] Fold 2/5 | subject=42
[2026-05-19 15:15:13]     Train: 32 | counts=[16, 16]
[2026-05-19 15:15:13]     Test:  8 | counts=[4, 4]
[2026-05-19 15:15:13]     Model: SignalJEPA_PreLocal | Pretrained: from_pretrained | Strategy: full
[2026-05-19 15:15:13]     Phase 1 (warmup): 2,170/16,010 params
[2026-05-19 15:15:13]     Phase 2 (full): 16,010/16,010 params
[2026-05-19 15:15:14]     Result | best_epoch=47 | stop=50 | acc=0.5000 | bal_acc=0.5000 | pred_hist=[4, 4] | collapse=False
[2026-05-19 15:15:14]     spatial_conv=[4, 29] top_abs_channels=[('FC4', 0.16450848), ('Pz', 0.13179475), ('FT7', 0.12859166), ('C3', 0.11894095), ('FCz', 0.11798212), ('O2', 0.11641786), ('T7', 0.11527803), ('CP4', 0.11435159)]
[2026-05-19 15:15:14]     spatial_update=delta_l2=0.07358717 max_abs=0.01076855 relative=0.06297190 changed=True

[2026-05-19 15:15:15] Fold 3/5 | subject=42
[2026-05-19 15:15:15]     Train: 32 | counts=[16, 16]
[2026-05-19 15:15:15]     Test:  8 | counts=[4, 4]
[2026-05-19 15:15:15]     Model: SignalJEPA_PreLocal | Pretrained: from_pretrained | Strategy: full
[2026-05-19 15:15:15]     Phase 1 (warmup): 2,170/16,010 params
[2026-05-19 15:15:15]     Phase 2 (full): 16,010/16,010 params
[2026-05-19 15:15:16]     Result | best_epoch=50 | stop=50 | acc=0.6250 | bal_acc=0.6250 | pred_hist=[5, 3] | collapse=False
[2026-05-19 15:15:16]     spatial_conv=[4, 29] top_abs_channels=[('FC4', 0.16037901), ('Pz', 0.13511571), ('FT7', 0.12966552), ('C3', 0.12402157), ('FCz', 0.11835931), ('FC3', 0.11600287), ('T7', 0.11581118), ('Fp1', 0.11422708)]
[2026-05-19 15:15:16]     spatial_update=delta_l2=0.06490150 max_abs=0.01018333 relative=0.05553918 changed=True

[2026-05-19 15:15:16] Fold 4/5 | subject=42
[2026-05-19 15:15:16]     Train: 32 | counts=[16, 16]
[2026-05-19 15:15:16]     Test:  8 | counts=[4, 4]
[2026-05-19 15:15:16]     Model: SignalJEPA_PreLocal | Pretrained: from_pretrained | Strategy: full
[2026-05-19 15:15:16]     Phase 1 (warmup): 2,170/16,010 params
[2026-05-19 15:15:16]     Phase 2 (full): 16,010/16,010 params
[2026-05-19 15:15:17]     Result | best_epoch=50 | stop=50 | acc=0.8750 | bal_acc=0.8750 | pred_hist=[3, 5] | collapse=False
[2026-05-19 15:15:17]     spatial_conv=[4, 29] top_abs_channels=[('FC4', 0.16200586), ('Pz', 0.13741991), ('FT7', 0.13287853), ('C3', 0.12445172), ('FCz', 0.12033126), ('O2', 0.11784706), ('FC3', 0.11476942), ('Fp1', 0.11405157)]
[2026-05-19 15:15:17]     spatial_update=delta_l2=0.07271113 max_abs=0.01022837 relative=0.06222224 changed=True

[2026-05-19 15:15:18] Fold 5/5 | subject=42
[2026-05-19 15:15:18]     Train: 32 | counts=[16, 16]
[2026-05-19 15:15:18]     Test:  8 | counts=[4, 4]
[2026-05-19 15:15:18]     Model: SignalJEPA_PreLocal | Pretrained: from_pretrained | Strategy: full
[2026-05-19 15:15:18]     Phase 1 (warmup): 2,170/16,010 params
[2026-05-19 15:15:18]     Phase 2 (full): 16,010/16,010 params
[2026-05-19 15:15:19]     Result | best_epoch=1 | stop=50 | acc=0.7500 | bal_acc=0.7500 | pred_hist=[2, 6] | collapse=False
[2026-05-19 15:15:19]     spatial_conv=[4, 29] top_abs_channels=[('FC4', 0.16259782), ('Pz', 0.13318434), ('FT7', 0.13085014), ('O2', 0.12087277), ('C3', 0.1174124), ('FC3', 0.11486708), ('TP8', 0.11442941), ('FCz', 0.11388966)]
[2026-05-19 15:15:19]     spatial_update=delta_l2=0.07394648 max_abs=0.01080878 relative=0.06327938 changed=True
[2026-05-19 15:15:19]   Subject 42: acc=0.6250±0.1768  bal_acc=0.6250±0.1768

[2026-05-19 15:15:19] Subject 43: 40 windows | class_counts=[20, 20]

[2026-05-19 15:15:19] Fold 1/5 | subject=43
[2026-05-19 15:15:19]     Train: 32 | counts=[16, 16]
[2026-05-19 15:15:19]     Test:  8 | counts=[4, 4]
[2026-05-19 15:15:19]     Model: SignalJEPA_PreLocal | Pretrained: from_pretrained | Strategy: full
[2026-05-19 15:15:19]     Phase 1 (warmup): 2,170/16,010 params
[2026-05-19 15:15:20]     Phase 2 (full): 16,010/16,010 params
[2026-05-19 15:15:20]     Result | best_epoch=49 | stop=50 | acc=0.7500 | bal_acc=0.7500 | pred_hist=[2, 6] | collapse=False
[2026-05-19 15:15:20]     spatial_conv=[4, 29] top_abs_channels=[('FC4', 0.16526458), ('Pz', 0.1347459), ('FT7', 0.12409489), ('CP4', 0.11897646), ('FC3', 0.11873192), ('C3', 0.11865385), ('O2', 0.11706398), ('T7', 0.11446872)]
[2026-05-19 15:15:20]     spatial_update=delta_l2=0.06728174 max_abs=0.01054382 relative=0.05757606 changed=True

[2026-05-19 15:15:21] Fold 2/5 | subject=43
[2026-05-19 15:15:21]     Train: 32 | counts=[16, 16]
[2026-05-19 15:15:21]     Test:  8 | counts=[4, 4]
[2026-05-19 15:15:21]     Model: SignalJEPA_PreLocal | Pretrained: from_pretrained | Strategy: full
[2026-05-19 15:15:21]     Phase 1 (warmup): 2,170/16,010 params
[2026-05-19 15:15:21]     Phase 2 (full): 16,010/16,010 params
[2026-05-19 15:15:22]     Result | best_epoch=50 | stop=50 | acc=0.3750 | bal_acc=0.3750 | pred_hist=[7, 1] | collapse=False
[2026-05-19 15:15:22]     spatial_conv=[4, 29] top_abs_channels=[('FC4', 0.16390088), ('Pz', 0.13757481), ('FT7', 0.12476371), ('C3', 0.11988764), ('CP4', 0.11944216), ('P7', 0.1180193), ('T7', 0.11518846), ('FC3', 0.11373356)]
[2026-05-19 15:15:22]     spatial_update=delta_l2=0.07387339 max_abs=0.01034972 relative=0.06321683 changed=True

[2026-05-19 15:15:23] Fold 3/5 | subject=43
[2026-05-19 15:15:23]     Train: 32 | counts=[16, 16]
[2026-05-19 15:15:23]     Test:  8 | counts=[4, 4]
[2026-05-19 15:15:23]     Model: SignalJEPA_PreLocal | Pretrained: from_pretrained | Strategy: full
[2026-05-19 15:15:23]     Phase 1 (warmup): 2,170/16,010 params
[2026-05-19 15:15:23]     Phase 2 (full): 16,010/16,010 params
[2026-05-19 15:15:24]     Result | best_epoch=1 | stop=50 | acc=0.1250 | bal_acc=0.1250 | pred_hist=[3, 5] | collapse=False
[2026-05-19 15:15:24]     spatial_conv=[4, 29] top_abs_channels=[('FC4', 0.1618785), ('Pz', 0.13801759), ('FT7', 0.12605627), ('C3', 0.12226468), ('CP4', 0.11796807), ('FC3', 0.11677833), ('T7', 0.11654592), ('P7', 0.11510373)]
[2026-05-19 15:15:24]     spatial_update=delta_l2=0.06419032 max_abs=0.01037147 relative=0.05493059 changed=True

[2026-05-19 15:15:24] Fold 4/5 | subject=43
[2026-05-19 15:15:24]     Train: 32 | counts=[16, 16]
[2026-05-19 15:15:24]     Test:  8 | counts=[4, 4]
[2026-05-19 15:15:24]     Model: SignalJEPA_PreLocal | Pretrained: from_pretrained | Strategy: full
[2026-05-19 15:15:24]     Phase 1 (warmup): 2,170/16,010 params
[2026-05-19 15:15:25]     Phase 2 (full): 16,010/16,010 params
[2026-05-19 15:15:25]     Result | best_epoch=50 | stop=50 | acc=0.5000 | bal_acc=0.5000 | pred_hist=[6, 2] | collapse=False
[2026-05-19 15:15:25]     spatial_conv=[4, 29] top_abs_channels=[('FC4', 0.16706111), ('Pz', 0.13233083), ('FT7', 0.12889698), ('C3', 0.11968719), ('CP4', 0.11774081), ('FC3', 0.11600372), ('O2', 0.11377773), ('P7', 0.11372718)]
[2026-05-19 15:15:25]     spatial_update=delta_l2=0.07161572 max_abs=0.01055075 relative=0.06128484 changed=True

[2026-05-19 15:15:26] Fold 5/5 | subject=43
[2026-05-19 15:15:26]     Train: 32 | counts=[16, 16]
[2026-05-19 15:15:26]     Test:  8 | counts=[4, 4]
[2026-05-19 15:15:26]     Model: SignalJEPA_PreLocal | Pretrained: from_pretrained | Strategy: full
[2026-05-19 15:15:26]     Phase 1 (warmup): 2,170/16,010 params
[2026-05-19 15:15:26]     Phase 2 (full): 16,010/16,010 params
[2026-05-19 15:15:27]     Result | best_epoch=8 | stop=50 | acc=0.6250 | bal_acc=0.6250 | pred_hist=[5, 3] | collapse=False
[2026-05-19 15:15:27]     spatial_conv=[4, 29] top_abs_channels=[('FC4', 0.15991248), ('Pz', 0.13219413), ('FT7', 0.12740681), ('CP4', 0.12118933), ('FCz', 0.12020086), ('FC3', 0.11929896), ('C3', 0.11853023), ('T7', 0.1139563)]
[2026-05-19 15:15:27]     spatial_update=delta_l2=0.07382387 max_abs=0.01089462 relative=0.06317446 changed=True
[2026-05-19 15:15:27]   Subject 43: acc=0.4750±0.2151  bal_acc=0.4750±0.2151

[2026-05-19 15:15:27] Subject 44: 40 windows | class_counts=[20, 20]

[2026-05-19 15:15:28] Fold 1/5 | subject=44
[2026-05-19 15:15:28]     Train: 32 | counts=[16, 16]
[2026-05-19 15:15:28]     Test:  8 | counts=[4, 4]
[2026-05-19 15:15:28]     Model: SignalJEPA_PreLocal | Pretrained: from_pretrained | Strategy: full
[2026-05-19 15:15:28]     Phase 1 (warmup): 2,170/16,010 params
[2026-05-19 15:15:28]     Phase 2 (full): 16,010/16,010 params
[2026-05-19 15:15:28]     Result | best_epoch=12 | stop=50 | acc=0.7500 | bal_acc=0.7500 | pred_hist=[6, 2] | collapse=False
[2026-05-19 15:15:28]     spatial_conv=[4, 29] top_abs_channels=[('FC4', 0.16083853), ('FT7', 0.13670291), ('Pz', 0.13437872), ('C3', 0.12056249), ('Fp1', 0.11614487), ('O2', 0.11496253), ('T7', 0.11400035), ('FCz', 0.11363513)]
[2026-05-19 15:15:28]     spatial_update=delta_l2=0.07938224 max_abs=0.01046900 relative=0.06793101 changed=True

[2026-05-19 15:15:29] Fold 2/5 | subject=44
[2026-05-19 15:15:29]     Train: 32 | counts=[16, 16]
[2026-05-19 15:15:29]     Test:  8 | counts=[4, 4]
[2026-05-19 15:15:29]     Model: SignalJEPA_PreLocal | Pretrained: from_pretrained | Strategy: full
[2026-05-19 15:15:29]     Phase 1 (warmup): 2,170/16,010 params
[2026-05-19 15:15:29]     Phase 2 (full): 16,010/16,010 params
[2026-05-19 15:15:30]     Result | best_epoch=50 | stop=50 | acc=0.3750 | bal_acc=0.3750 | pred_hist=[7, 1] | collapse=False
[2026-05-19 15:15:30]     spatial_conv=[4, 29] top_abs_channels=[('FC4', 0.16086404), ('FT7', 0.13254103), ('Pz', 0.13145718), ('C3', 0.12313823), ('CP4', 0.11613013), ('Fp1', 0.11419411), ('T7', 0.11335684), ('O2', 0.11297069)]
[2026-05-19 15:15:30]     spatial_update=delta_l2=0.07458986 max_abs=0.01028738 relative=0.06382995 changed=True

[2026-05-19 15:15:31] Fold 3/5 | subject=44
[2026-05-19 15:15:31]     Train: 32 | counts=[16, 16]
[2026-05-19 15:15:31]     Test:  8 | counts=[4, 4]
[2026-05-19 15:15:31]     Model: SignalJEPA_PreLocal | Pretrained: from_pretrained | Strategy: full
[2026-05-19 15:15:31]     Phase 1 (warmup): 2,170/16,010 params
[2026-05-19 15:15:31]     Phase 2 (full): 16,010/16,010 params
[2026-05-19 15:15:32]     Result | best_epoch=50 | stop=50 | acc=0.5000 | bal_acc=0.5000 | pred_hist=[4, 4] | collapse=False
[2026-05-19 15:15:32]     spatial_conv=[4, 29] top_abs_channels=[('FC4', 0.16284889), ('FT7', 0.13424809), ('Pz', 0.13193244), ('C3', 0.12282406), ('FCz', 0.11628726), ('Fp1', 0.11436724), ('CP4', 0.11135559), ('O2', 0.10965295)]
[2026-05-19 15:15:32]     spatial_update=delta_l2=0.07413622 max_abs=0.01042084 relative=0.06344175 changed=True

[2026-05-19 15:15:32] Fold 4/5 | subject=44
[2026-05-19 15:15:32]     Train: 32 | counts=[16, 16]
[2026-05-19 15:15:32]     Test:  8 | counts=[4, 4]
[2026-05-19 15:15:32]     Model: SignalJEPA_PreLocal | Pretrained: from_pretrained | Strategy: full
[2026-05-19 15:15:32]     Phase 1 (warmup): 2,170/16,010 params
[2026-05-19 15:15:33]     Phase 2 (full): 16,010/16,010 params
[2026-05-19 15:15:33]     Result | best_epoch=9 | stop=50 | acc=0.3750 | bal_acc=0.3750 | pred_hist=[7, 1] | collapse=False
[2026-05-19 15:15:33]     spatial_conv=[4, 29] top_abs_channels=[('FC4', 0.15745898), ('Pz', 0.13602103), ('FT7', 0.13132587), ('C3', 0.12128122), ('Fp1', 0.11700388), ('O2', 0.11696448), ('FC3', 0.1156581), ('FCz', 0.11299052)]
[2026-05-19 15:15:33]     spatial_update=delta_l2=0.07223260 max_abs=0.01064807 relative=0.06181273 changed=True

[2026-05-19 15:15:34] Fold 5/5 | subject=44
[2026-05-19 15:15:34]     Train: 32 | counts=[16, 16]
[2026-05-19 15:15:34]     Test:  8 | counts=[4, 4]
[2026-05-19 15:15:34]     Model: SignalJEPA_PreLocal | Pretrained: from_pretrained | Strategy: full
[2026-05-19 15:15:34]     Phase 1 (warmup): 2,170/16,010 params
[2026-05-19 15:15:34]     Phase 2 (full): 16,010/16,010 params
[2026-05-19 15:15:35]     Result | best_epoch=50 | stop=50 | acc=0.3750 | bal_acc=0.3750 | pred_hist=[7, 1] | collapse=False
[2026-05-19 15:15:35]     spatial_conv=[4, 29] top_abs_channels=[('FC4', 0.1598627), ('Pz', 0.13779587), ('FT7', 0.13452029), ('C3', 0.12265249), ('T7', 0.11546748), ('FC3', 0.1132959), ('Fp1', 0.1131411), ('P7', 0.11298354)]
[2026-05-19 15:15:35]     spatial_update=delta_l2=0.06792937 max_abs=0.01060215 relative=0.05813026 changed=True
[2026-05-19 15:15:35]   Subject 44: acc=0.4750±0.1458  bal_acc=0.4750±0.1458

[2026-05-19 15:15:35] Subject 45: 40 windows | class_counts=[20, 20]

[2026-05-19 15:15:36] Fold 1/5 | subject=45
[2026-05-19 15:15:36]     Train: 32 | counts=[16, 16]
[2026-05-19 15:15:36]     Test:  8 | counts=[4, 4]
[2026-05-19 15:15:36]     Model: SignalJEPA_PreLocal | Pretrained: from_pretrained | Strategy: full
[2026-05-19 15:15:36]     Phase 1 (warmup): 2,170/16,010 params
[2026-05-19 15:15:36]     Phase 2 (full): 16,010/16,010 params
[2026-05-19 15:15:36]     Result | best_epoch=1 | stop=50 | acc=0.7500 | bal_acc=0.7500 | pred_hist=[4, 4] | collapse=False
[2026-05-19 15:15:36]     spatial_conv=[4, 29] top_abs_channels=[('FC4', 0.16642693), ('Pz', 0.13831207), ('FT7', 0.13291979), ('C3', 0.12199199), ('CP4', 0.11805464), ('O2', 0.1172211), ('FCz', 0.11545695), ('T7', 0.11150988)]
[2026-05-19 15:15:36]     spatial_update=delta_l2=0.07112406 max_abs=0.01041263 relative=0.06086411 changed=True

[2026-05-19 15:15:37] Fold 2/5 | subject=45
[2026-05-19 15:15:37]     Train: 32 | counts=[16, 16]
[2026-05-19 15:15:37]     Test:  8 | counts=[4, 4]
[2026-05-19 15:15:37]     Model: SignalJEPA_PreLocal | Pretrained: from_pretrained | Strategy: full
[2026-05-19 15:15:37]     Phase 1 (warmup): 2,170/16,010 params
[2026-05-19 15:15:37]     Phase 2 (full): 16,010/16,010 params
[2026-05-19 15:15:38]     Result | best_epoch=32 | stop=50 | acc=0.3750 | bal_acc=0.3750 | pred_hist=[3, 5] | collapse=False
[2026-05-19 15:15:38]     spatial_conv=[4, 29] top_abs_channels=[('FC4', 0.16563793), ('Pz', 0.13214405), ('FT7', 0.13186836), ('C3', 0.11901039), ('FCz', 0.11842077), ('CP4', 0.11751531), ('O2', 0.11695874), ('FC3', 0.11249575)]
[2026-05-19 15:15:38]     spatial_update=delta_l2=0.07116710 max_abs=0.01071078 relative=0.06090094 changed=True

[2026-05-19 15:15:39] Fold 3/5 | subject=45
[2026-05-19 15:15:39]     Train: 32 | counts=[16, 16]
[2026-05-19 15:15:39]     Test:  8 | counts=[4, 4]
[2026-05-19 15:15:39]     Model: SignalJEPA_PreLocal | Pretrained: from_pretrained | Strategy: full
[2026-05-19 15:15:39]     Phase 1 (warmup): 2,170/16,010 params
[2026-05-19 15:15:39]     Phase 2 (full): 16,010/16,010 params
[2026-05-19 15:15:40]     Result | best_epoch=1 | stop=50 | acc=0.3750 | bal_acc=0.3750 | pred_hist=[3, 5] | collapse=False
[2026-05-19 15:15:40]     spatial_conv=[4, 29] top_abs_channels=[('FC4', 0.16528897), ('Pz', 0.13944927), ('FT7', 0.12786521), ('O2', 0.11999273), ('C3', 0.11930031), ('FCz', 0.11613615), ('CP4', 0.11599793), ('Fp1', 0.11178233)]
[2026-05-19 15:15:40]     spatial_update=delta_l2=0.06838541 max_abs=0.01080459 relative=0.05852052 changed=True

[2026-05-19 15:15:40] Fold 4/5 | subject=45
[2026-05-19 15:15:40]     Train: 32 | counts=[16, 16]
[2026-05-19 15:15:40]     Test:  8 | counts=[4, 4]
[2026-05-19 15:15:40]     Model: SignalJEPA_PreLocal | Pretrained: from_pretrained | Strategy: full
[2026-05-19 15:15:40]     Phase 1 (warmup): 2,170/16,010 params
[2026-05-19 15:15:40]     Phase 2 (full): 16,010/16,010 params
[2026-05-19 15:15:41]     Result | best_epoch=1 | stop=50 | acc=0.3750 | bal_acc=0.3750 | pred_hist=[5, 3] | collapse=False
[2026-05-19 15:15:41]     spatial_conv=[4, 29] top_abs_channels=[('FC4', 0.16153574), ('Pz', 0.13664412), ('FT7', 0.13172686), ('O2', 0.12028269), ('C3', 0.11876187), ('CP4', 0.11559567), ('FC3', 0.11334734), ('Fp1', 0.11307767)]
[2026-05-19 15:15:41]     spatial_update=delta_l2=0.07726736 max_abs=0.01056048 relative=0.06612121 changed=True

[2026-05-19 15:15:42] Fold 5/5 | subject=45
[2026-05-19 15:15:42]     Train: 32 | counts=[16, 16]
[2026-05-19 15:15:42]     Test:  8 | counts=[4, 4]
[2026-05-19 15:15:42]     Model: SignalJEPA_PreLocal | Pretrained: from_pretrained | Strategy: full
[2026-05-19 15:15:42]     Phase 1 (warmup): 2,170/16,010 params
[2026-05-19 15:15:42]     Phase 2 (full): 16,010/16,010 params
[2026-05-19 15:15:43]     Result | best_epoch=1 | stop=50 | acc=0.7500 | bal_acc=0.7500 | pred_hist=[4, 4] | collapse=False
[2026-05-19 15:15:43]     spatial_conv=[4, 29] top_abs_channels=[('FC4', 0.1670002), ('Pz', 0.13972384), ('FT7', 0.13199228), ('O2', 0.12056328), ('FCz', 0.11685608), ('FC3', 0.11588407), ('C3', 0.11575534), ('CP4', 0.11371657)]
[2026-05-19 15:15:43]     spatial_update=delta_l2=0.06749032 max_abs=0.01074787 relative=0.05775455 changed=True
[2026-05-19 15:15:43]   Subject 45: acc=0.5250±0.1837  bal_acc=0.5250±0.1837

[2026-05-19 15:15:43] Subject 46: 40 windows | class_counts=[20, 20]

[2026-05-19 15:15:43] Fold 1/5 | subject=46
[2026-05-19 15:15:43]     Train: 32 | counts=[16, 16]
[2026-05-19 15:15:43]     Test:  8 | counts=[4, 4]
[2026-05-19 15:15:43]     Model: SignalJEPA_PreLocal | Pretrained: from_pretrained | Strategy: full
[2026-05-19 15:15:43]     Phase 1 (warmup): 2,170/16,010 params
[2026-05-19 15:15:44]     Phase 2 (full): 16,010/16,010 params
[2026-05-19 15:15:44]     Result | best_epoch=50 | stop=50 | acc=0.6250 | bal_acc=0.6250 | pred_hist=[5, 3] | collapse=False
[2026-05-19 15:15:44]     spatial_conv=[4, 29] top_abs_channels=[('FC4', 0.16468433), ('Pz', 0.13681798), ('FT7', 0.12642054), ('FCz', 0.12009478), ('O2', 0.11723867), ('C3', 0.11550516), ('CP4', 0.11443784), ('FC3', 0.11379687)]
[2026-05-19 15:15:44]     spatial_update=delta_l2=0.07381712 max_abs=0.01037209 relative=0.06316868 changed=True

[2026-05-19 15:15:45] Fold 2/5 | subject=46
[2026-05-19 15:15:45]     Train: 32 | counts=[16, 16]
[2026-05-19 15:15:45]     Test:  8 | counts=[4, 4]
[2026-05-19 15:15:45]     Model: SignalJEPA_PreLocal | Pretrained: from_pretrained | Strategy: full
[2026-05-19 15:15:45]     Phase 1 (warmup): 2,170/16,010 params
[2026-05-19 15:15:45]     Phase 2 (full): 16,010/16,010 params
[2026-05-19 15:15:46]     Result | best_epoch=50 | stop=50 | acc=0.6250 | bal_acc=0.6250 | pred_hist=[5, 3] | collapse=False
[2026-05-19 15:15:46]     spatial_conv=[4, 29] top_abs_channels=[('FC4', 0.162811), ('Pz', 0.1369615), ('FT7', 0.12730868), ('FCz', 0.12235546), ('FC3', 0.11660933), ('CP4', 0.11491095), ('Fp1', 0.11453903), ('O2', 0.11447451)]
[2026-05-19 15:15:46]     spatial_update=delta_l2=0.07285364 max_abs=0.01036445 relative=0.06234419 changed=True

[2026-05-19 15:15:47] Fold 3/5 | subject=46
[2026-05-19 15:15:47]     Train: 32 | counts=[16, 16]
[2026-05-19 15:15:47]     Test:  8 | counts=[4, 4]
[2026-05-19 15:15:47]     Model: SignalJEPA_PreLocal | Pretrained: from_pretrained | Strategy: full
[2026-05-19 15:15:47]     Phase 1 (warmup): 2,170/16,010 params
[2026-05-19 15:15:47]     Phase 2 (full): 16,010/16,010 params
[2026-05-19 15:15:47]     Result | best_epoch=50 | stop=50 | acc=0.6250 | bal_acc=0.6250 | pred_hist=[5, 3] | collapse=False
[2026-05-19 15:15:47]     spatial_conv=[4, 29] top_abs_channels=[('FC4', 0.16230474), ('Pz', 0.13536468), ('FT7', 0.13028757), ('FCz', 0.12024465), ('O2', 0.11965735), ('FC3', 0.11775523), ('CP4', 0.11677471), ('C3', 0.11343604)]
[2026-05-19 15:15:47]     spatial_update=delta_l2=0.06956509 max_abs=0.01039502 relative=0.05953003 changed=True

[2026-05-19 15:15:48] Fold 4/5 | subject=46
[2026-05-19 15:15:48]     Train: 32 | counts=[16, 16]
[2026-05-19 15:15:48]     Test:  8 | counts=[4, 4]
[2026-05-19 15:15:48]     Model: SignalJEPA_PreLocal | Pretrained: from_pretrained | Strategy: full
[2026-05-19 15:15:48]     Phase 1 (warmup): 2,170/16,010 params
[2026-05-19 15:15:48]     Phase 2 (full): 16,010/16,010 params
[2026-05-19 15:15:49]     Result | best_epoch=50 | stop=50 | acc=0.6250 | bal_acc=0.6250 | pred_hist=[7, 1] | collapse=False
[2026-05-19 15:15:49]     spatial_conv=[4, 29] top_abs_channels=[('FC4', 0.16293371), ('Pz', 0.13927442), ('FT7', 0.12799238), ('FCz', 0.11957861), ('O2', 0.1176919), ('CP4', 0.11736482), ('FC3', 0.11476256), ('C3', 0.11332519)]
[2026-05-19 15:15:49]     spatial_update=delta_l2=0.07368844 max_abs=0.01050892 relative=0.06305856 changed=True

[2026-05-19 15:15:50] Fold 5/5 | subject=46
[2026-05-19 15:15:50]     Train: 32 | counts=[16, 16]
[2026-05-19 15:15:50]     Test:  8 | counts=[4, 4]
[2026-05-19 15:15:50]     Model: SignalJEPA_PreLocal | Pretrained: from_pretrained | Strategy: full
[2026-05-19 15:15:50]     Phase 1 (warmup): 2,170/16,010 params
[2026-05-19 15:15:50]     Phase 2 (full): 16,010/16,010 params
[2026-05-19 15:15:51]     Result | best_epoch=1 | stop=50 | acc=0.5000 | bal_acc=0.5000 | pred_hist=[6, 2] | collapse=False
[2026-05-19 15:15:51]     spatial_conv=[4, 29] top_abs_channels=[('FC4', 0.16488704), ('Pz', 0.13109583), ('FT7', 0.12727752), ('FCz', 0.12205063), ('O2', 0.12083158), ('CP4', 0.11865155), ('FC3', 0.11438601), ('C3', 0.11389269)]
[2026-05-19 15:15:51]     spatial_update=delta_l2=0.07185899 max_abs=0.01034064 relative=0.06149302 changed=True
[2026-05-19 15:15:51]   Subject 46: acc=0.6000±0.0500  bal_acc=0.6000±0.0500

[2026-05-19 15:15:51] Subject 47: 40 windows | class_counts=[20, 20]

[2026-05-19 15:15:51] Fold 1/5 | subject=47
[2026-05-19 15:15:51]     Train: 32 | counts=[16, 16]
[2026-05-19 15:15:51]     Test:  8 | counts=[4, 4]
[2026-05-19 15:15:51]     Model: SignalJEPA_PreLocal | Pretrained: from_pretrained | Strategy: full
[2026-05-19 15:15:51]     Phase 1 (warmup): 2,170/16,010 params
[2026-05-19 15:15:51]     Phase 2 (full): 16,010/16,010 params
[2026-05-19 15:15:52]     Result | best_epoch=50 | stop=50 | acc=0.2500 | bal_acc=0.2500 | pred_hist=[4, 4] | collapse=False
[2026-05-19 15:15:52]     spatial_conv=[4, 29] top_abs_channels=[('FC4', 0.16069849), ('Pz', 0.1322462), ('FT7', 0.12365663), ('C3', 0.12246428), ('Fp1', 0.11787441), ('O2', 0.11725685), ('FCz', 0.11562635), ('T7', 0.11506191)]
[2026-05-19 15:15:52]     spatial_update=delta_l2=0.07966240 max_abs=0.01079466 relative=0.06817075 changed=True

[2026-05-19 15:15:53] Fold 2/5 | subject=47
[2026-05-19 15:15:53]     Train: 32 | counts=[16, 16]
[2026-05-19 15:15:53]     Test:  8 | counts=[4, 4]
[2026-05-19 15:15:53]     Model: SignalJEPA_PreLocal | Pretrained: from_pretrained | Strategy: full
[2026-05-19 15:15:53]     Phase 1 (warmup): 2,170/16,010 params
[2026-05-19 15:15:53]     Phase 2 (full): 16,010/16,010 params
[2026-05-19 15:15:54]     Result | best_epoch=12 | stop=50 | acc=0.7500 | bal_acc=0.7500 | pred_hist=[4, 4] | collapse=False
[2026-05-19 15:15:54]     spatial_conv=[4, 29] top_abs_channels=[('FC4', 0.16018565), ('Pz', 0.13573883), ('FT7', 0.12492022), ('C3', 0.12396923), ('O2', 0.11868002), ('T7', 0.11536129), ('TP8', 0.11320429), ('Fp1', 0.11192106)]
[2026-05-19 15:15:54]     spatial_update=delta_l2=0.06340170 max_abs=0.01061712 relative=0.05425573 changed=True

[2026-05-19 15:15:54] Fold 3/5 | subject=47
[2026-05-19 15:15:54]     Train: 32 | counts=[16, 16]
[2026-05-19 15:15:54]     Test:  8 | counts=[4, 4]
[2026-05-19 15:15:54]     Model: SignalJEPA_PreLocal | Pretrained: from_pretrained | Strategy: full
[2026-05-19 15:15:54]     Phase 1 (warmup): 2,170/16,010 params
[2026-05-19 15:15:55]     Phase 2 (full): 16,010/16,010 params
[2026-05-19 15:15:55]     Result | best_epoch=48 | stop=50 | acc=0.2500 | bal_acc=0.2500 | pred_hist=[4, 4] | collapse=False
[2026-05-19 15:15:55]     spatial_conv=[4, 29] top_abs_channels=[('FC4', 0.15965009), ('Pz', 0.13187237), ('FT7', 0.12796032), ('C3', 0.12770694), ('Fp1', 0.11696922), ('FCz', 0.11500373), ('O2', 0.11408433), ('FC3', 0.11375427)]
[2026-05-19 15:15:55]     spatial_update=delta_l2=0.07240011 max_abs=0.01042853 relative=0.06195608 changed=True

[2026-05-19 15:15:56] Fold 4/5 | subject=47
[2026-05-19 15:15:56]     Train: 32 | counts=[16, 16]
[2026-05-19 15:15:56]     Test:  8 | counts=[4, 4]
[2026-05-19 15:15:56]     Model: SignalJEPA_PreLocal | Pretrained: from_pretrained | Strategy: full
[2026-05-19 15:15:56]     Phase 1 (warmup): 2,170/16,010 params
[2026-05-19 15:15:56]     Phase 2 (full): 16,010/16,010 params
[2026-05-19 15:15:57]     Result | best_epoch=12 | stop=50 | acc=0.5000 | bal_acc=0.5000 | pred_hist=[4, 4] | collapse=False
[2026-05-19 15:15:57]     spatial_conv=[4, 29] top_abs_channels=[('FC4', 0.16023035), ('Pz', 0.13541397), ('FT7', 0.12653567), ('C3', 0.12232377), ('O2', 0.11821003), ('FCz', 0.11720213), ('T7', 0.11420481), ('Fp1', 0.11243559)]
[2026-05-19 15:15:57]     spatial_update=delta_l2=0.06456451 max_abs=0.01045294 relative=0.05525080 changed=True

[2026-05-19 15:15:58] Fold 5/5 | subject=47
[2026-05-19 15:15:58]     Train: 32 | counts=[16, 16]
[2026-05-19 15:15:58]     Test:  8 | counts=[4, 4]
[2026-05-19 15:15:58]     Model: SignalJEPA_PreLocal | Pretrained: from_pretrained | Strategy: full
[2026-05-19 15:15:58]     Phase 1 (warmup): 2,170/16,010 params
[2026-05-19 15:15:58]     Phase 2 (full): 16,010/16,010 params
[2026-05-19 15:15:59]     Result | best_epoch=32 | stop=50 | acc=0.6250 | bal_acc=0.6250 | pred_hist=[5, 3] | collapse=False
[2026-05-19 15:15:59]     spatial_conv=[4, 29] top_abs_channels=[('FC4', 0.16515163), ('Pz', 0.13528439), ('FT7', 0.12766071), ('C3', 0.12183174), ('O2', 0.11794275), ('FCz', 0.11760719), ('T7', 0.11352778), ('TP8', 0.11266269)]
[2026-05-19 15:15:59]     spatial_update=delta_l2=0.06088564 max_abs=0.01003762 relative=0.05210262 changed=True
[2026-05-19 15:15:59]   Subject 47: acc=0.4750±0.2000  bal_acc=0.4750±0.2000

[2026-05-19 15:15:59] Subject 48: 40 windows | class_counts=[20, 20]

[2026-05-19 15:15:59] Fold 1/5 | subject=48
[2026-05-19 15:15:59]     Train: 32 | counts=[16, 16]
[2026-05-19 15:15:59]     Test:  8 | counts=[4, 4]
[2026-05-19 15:15:59]     Model: SignalJEPA_PreLocal | Pretrained: from_pretrained | Strategy: full
[2026-05-19 15:15:59]     Phase 1 (warmup): 2,170/16,010 params
[2026-05-19 15:15:59]     Phase 2 (full): 16,010/16,010 params
[2026-05-19 15:16:00]     Result | best_epoch=50 | stop=50 | acc=0.6250 | bal_acc=0.6250 | pred_hist=[5, 3] | collapse=False
[2026-05-19 15:16:00]     spatial_conv=[4, 29] top_abs_channels=[('FC4', 0.16373052), ('Pz', 0.14049976), ('FT7', 0.1287497), ('C3', 0.12355918), ('Fp1', 0.11972055), ('FCz', 0.11766135), ('CP4', 0.11258257), ('O2', 0.11109781)]
[2026-05-19 15:16:00]     spatial_update=delta_l2=0.07233224 max_abs=0.01066498 relative=0.06189800 changed=True

[2026-05-19 15:16:01] Fold 2/5 | subject=48
[2026-05-19 15:16:01]     Train: 32 | counts=[16, 16]
[2026-05-19 15:16:01]     Test:  8 | counts=[4, 4]
[2026-05-19 15:16:01]     Model: SignalJEPA_PreLocal | Pretrained: from_pretrained | Strategy: full
[2026-05-19 15:16:01]     Phase 1 (warmup): 2,170/16,010 params
[2026-05-19 15:16:01]     Phase 2 (full): 16,010/16,010 params
[2026-05-19 15:16:02]     Result | best_epoch=50 | stop=50 | acc=0.7500 | bal_acc=0.7500 | pred_hist=[6, 2] | collapse=False
[2026-05-19 15:16:02]     spatial_conv=[4, 29] top_abs_channels=[('FC4', 0.16138205), ('Pz', 0.13489887), ('FT7', 0.1269315), ('C3', 0.11702967), ('Fp1', 0.11589383), ('FCz', 0.11465408), ('CP4', 0.11334129), ('O2', 0.11328655)]
[2026-05-19 15:16:02]     spatial_update=delta_l2=0.07247560 max_abs=0.01032572 relative=0.06202068 changed=True

[2026-05-19 15:16:02] Fold 3/5 | subject=48
[2026-05-19 15:16:02]     Train: 32 | counts=[16, 16]
[2026-05-19 15:16:02]     Test:  8 | counts=[4, 4]
[2026-05-19 15:16:02]     Model: SignalJEPA_PreLocal | Pretrained: from_pretrained | Strategy: full
[2026-05-19 15:16:02]     Phase 1 (warmup): 2,170/16,010 params
[2026-05-19 15:16:02]     Phase 2 (full): 16,010/16,010 params
[2026-05-19 15:16:03]     Result | best_epoch=50 | stop=50 | acc=0.5000 | bal_acc=0.5000 | pred_hist=[2, 6] | collapse=False
[2026-05-19 15:16:03]     spatial_conv=[4, 29] top_abs_channels=[('FC4', 0.16041139), ('Pz', 0.13267528), ('FT7', 0.12732096), ('C3', 0.11967827), ('Fp1', 0.11744595), ('FCz', 0.11326988), ('O2', 0.11292512), ('FC3', 0.1123016)]
[2026-05-19 15:16:03]     spatial_update=delta_l2=0.06915180 max_abs=0.01065064 relative=0.05917636 changed=True

[2026-05-19 15:16:04] Fold 4/5 | subject=48
[2026-05-19 15:16:04]     Train: 32 | counts=[16, 16]
[2026-05-19 15:16:04]     Test:  8 | counts=[4, 4]
[2026-05-19 15:16:04]     Model: SignalJEPA_PreLocal | Pretrained: from_pretrained | Strategy: full
[2026-05-19 15:16:04]     Phase 1 (warmup): 2,170/16,010 params
[2026-05-19 15:16:04]     Phase 2 (full): 16,010/16,010 params
[2026-05-19 15:16:05]     Result | best_epoch=32 | stop=50 | acc=0.7500 | bal_acc=0.7500 | pred_hist=[6, 2] | collapse=False
[2026-05-19 15:16:05]     spatial_conv=[4, 29] top_abs_channels=[('FC4', 0.16014141), ('Pz', 0.13074906), ('FT7', 0.1231178), ('C3', 0.12035114), ('Fp1', 0.11751139), ('FCz', 0.11606423), ('O2', 0.11511508), ('CP4', 0.11364485)]
[2026-05-19 15:16:05]     spatial_update=delta_l2=0.06828592 max_abs=0.01067592 relative=0.05843538 changed=True

[2026-05-19 15:16:05] Fold 5/5 | subject=48
[2026-05-19 15:16:05]     Train: 32 | counts=[16, 16]
[2026-05-19 15:16:05]     Test:  8 | counts=[4, 4]
[2026-05-19 15:16:05]     Model: SignalJEPA_PreLocal | Pretrained: from_pretrained | Strategy: full
[2026-05-19 15:16:05]     Phase 1 (warmup): 2,170/16,010 params
[2026-05-19 15:16:06]     Phase 2 (full): 16,010/16,010 params
[2026-05-19 15:16:06]     Result | best_epoch=50 | stop=50 | acc=0.7500 | bal_acc=0.7500 | pred_hist=[4, 4] | collapse=False
[2026-05-19 15:16:06]     spatial_conv=[4, 29] top_abs_channels=[('FC4', 0.15960744), ('Pz', 0.13569894), ('FT7', 0.12522519), ('C3', 0.12229156), ('Fp1', 0.1170358), ('O2', 0.11298568), ('CP4', 0.11187023), ('FCz', 0.11043341)]
[2026-05-19 15:16:06]     spatial_update=delta_l2=0.06616042 max_abs=0.01030655 relative=0.05661649 changed=True
[2026-05-19 15:16:06]   Subject 48: acc=0.6750±0.1000  bal_acc=0.6750±0.1000

[2026-05-19 15:16:06] Subject 49: 40 windows | class_counts=[20, 20]

[2026-05-19 15:16:07] Fold 1/5 | subject=49
[2026-05-19 15:16:07]     Train: 32 | counts=[16, 16]
[2026-05-19 15:16:07]     Test:  8 | counts=[4, 4]
[2026-05-19 15:16:07]     Model: SignalJEPA_PreLocal | Pretrained: from_pretrained | Strategy: full
[2026-05-19 15:16:07]     Phase 1 (warmup): 2,170/16,010 params
[2026-05-19 15:16:07]     Phase 2 (full): 16,010/16,010 params
[2026-05-19 15:16:08]     Result | best_epoch=1 | stop=50 | acc=0.5000 | bal_acc=0.5000 | pred_hist=[8, 0] | collapse=True
[2026-05-19 15:16:08]     spatial_conv=[4, 29] top_abs_channels=[('FC4', 0.16167456), ('Pz', 0.13356885), ('FT7', 0.12311919), ('C3', 0.12178217), ('P7', 0.11844328), ('O2', 0.11719546), ('FCz', 0.11321823), ('CP4', 0.11307113)]
[2026-05-19 15:16:08]     spatial_update=delta_l2=0.07005899 max_abs=0.01035853 relative=0.05995268 changed=True

[2026-05-19 15:16:09] Fold 2/5 | subject=49
[2026-05-19 15:16:09]     Train: 32 | counts=[16, 16]
[2026-05-19 15:16:09]     Test:  8 | counts=[4, 4]
[2026-05-19 15:16:09]     Model: SignalJEPA_PreLocal | Pretrained: from_pretrained | Strategy: full
[2026-05-19 15:16:09]     Phase 1 (warmup): 2,170/16,010 params
[2026-05-19 15:16:09]     Phase 2 (full): 16,010/16,010 params
[2026-05-19 15:16:10]     Result | best_epoch=32 | stop=50 | acc=0.5000 | bal_acc=0.5000 | pred_hist=[8, 0] | collapse=True
[2026-05-19 15:16:10]     spatial_conv=[4, 29] top_abs_channels=[('FC4', 0.16447377), ('Pz', 0.13680688), ('FT7', 0.12488295), ('C3', 0.12163672), ('O2', 0.11901569), ('FCz', 0.11897071), ('P7', 0.11712841), ('CP4', 0.11508667)]
[2026-05-19 15:16:10]     spatial_update=delta_l2=0.07072786 max_abs=0.01015618 relative=0.06052506 changed=True

[2026-05-19 15:16:10] Fold 3/5 | subject=49
[2026-05-19 15:16:10]     Train: 32 | counts=[16, 16]
[2026-05-19 15:16:10]     Test:  8 | counts=[4, 4]
[2026-05-19 15:16:10]     Model: SignalJEPA_PreLocal | Pretrained: from_pretrained | Strategy: full
[2026-05-19 15:16:10]     Phase 1 (warmup): 2,170/16,010 params
[2026-05-19 15:16:11]     Phase 2 (full): 16,010/16,010 params
[2026-05-19 15:16:11]     Result | best_epoch=50 | stop=50 | acc=0.5000 | bal_acc=0.5000 | pred_hist=[8, 0] | collapse=True
[2026-05-19 15:16:11]     spatial_conv=[4, 29] top_abs_channels=[('FC4', 0.16218418), ('Pz', 0.13509747), ('FT7', 0.12621361), ('O2', 0.12231702), ('P7', 0.11779078), ('FCz', 0.11768104), ('C3', 0.11697725), ('CP4', 0.11382013)]
[2026-05-19 15:16:11]     spatial_update=delta_l2=0.06901830 max_abs=0.01025492 relative=0.05906211 changed=True

[2026-05-19 15:16:12] Fold 4/5 | subject=49
[2026-05-19 15:16:12]     Train: 32 | counts=[16, 16]
[2026-05-19 15:16:12]     Test:  8 | counts=[4, 4]
[2026-05-19 15:16:12]     Model: SignalJEPA_PreLocal | Pretrained: from_pretrained | Strategy: full
[2026-05-19 15:16:12]     Phase 1 (warmup): 2,170/16,010 params
[2026-05-19 15:16:12]     Phase 2 (full): 16,010/16,010 params
[2026-05-19 15:16:13]     Result | best_epoch=12 | stop=50 | acc=0.3750 | bal_acc=0.3750 | pred_hist=[7, 1] | collapse=False
[2026-05-19 15:16:13]     spatial_conv=[4, 29] top_abs_channels=[('FC4', 0.16413973), ('Pz', 0.1305816), ('FT7', 0.12041008), ('C3', 0.11971395), ('P7', 0.11881405), ('FC3', 0.11835663), ('O2', 0.11651371), ('CP4', 0.11463651)]
[2026-05-19 15:16:13]     spatial_update=delta_l2=0.06905905 max_abs=0.01031375 relative=0.05909698 changed=True

[2026-05-19 15:16:14] Fold 5/5 | subject=49
[2026-05-19 15:16:14]     Train: 32 | counts=[16, 16]
[2026-05-19 15:16:14]     Test:  8 | counts=[4, 4]
[2026-05-19 15:16:14]     Model: SignalJEPA_PreLocal | Pretrained: from_pretrained | Strategy: full
[2026-05-19 15:16:14]     Phase 1 (warmup): 2,170/16,010 params
[2026-05-19 15:16:14]     Phase 2 (full): 16,010/16,010 params
[2026-05-19 15:16:15]     Result | best_epoch=1 | stop=50 | acc=0.3750 | bal_acc=0.3750 | pred_hist=[7, 1] | collapse=False
[2026-05-19 15:16:15]     spatial_conv=[4, 29] top_abs_channels=[('FC4', 0.16419047), ('Pz', 0.13429508), ('FT7', 0.1237689), ('P7', 0.11846649), ('C3', 0.11705358), ('CP4', 0.11626904), ('T7', 0.11559363), ('O2', 0.11535107)]
[2026-05-19 15:16:15]     spatial_update=delta_l2=0.06826480 max_abs=0.01062348 relative=0.05841730 changed=True
[2026-05-19 15:16:15]   Subject 49: acc=0.4500±0.0612  bal_acc=0.4500±0.0612

[2026-05-19 15:16:15] Subject 50: 40 windows | class_counts=[20, 20]

[2026-05-19 15:16:15] Fold 1/5 | subject=50
[2026-05-19 15:16:15]     Train: 32 | counts=[16, 16]
[2026-05-19 15:16:15]     Test:  8 | counts=[4, 4]
[2026-05-19 15:16:15]     Model: SignalJEPA_PreLocal | Pretrained: from_pretrained | Strategy: full
[2026-05-19 15:16:15]     Phase 1 (warmup): 2,170/16,010 params
[2026-05-19 15:16:15]     Phase 2 (full): 16,010/16,010 params
[2026-05-19 15:16:16]     Result | best_epoch=1 | stop=50 | acc=0.6250 | bal_acc=0.6250 | pred_hist=[3, 5] | collapse=False
[2026-05-19 15:16:16]     spatial_conv=[4, 29] top_abs_channels=[('FC4', 0.15729034), ('Pz', 0.13700466), ('FT7', 0.12940744), ('FC3', 0.11771977), ('FCz', 0.1162084), ('C3', 0.11484011), ('Fp1', 0.11432695), ('T7', 0.11265093)]
[2026-05-19 15:16:16]     spatial_update=delta_l2=0.07121556 max_abs=0.01028027 relative=0.06094240 changed=True

[2026-05-19 15:16:17] Fold 2/5 | subject=50
[2026-05-19 15:16:17]     Train: 32 | counts=[16, 16]
[2026-05-19 15:16:17]     Test:  8 | counts=[4, 4]
[2026-05-19 15:16:17]     Model: SignalJEPA_PreLocal | Pretrained: from_pretrained | Strategy: full
[2026-05-19 15:16:17]     Phase 1 (warmup): 2,170/16,010 params
[2026-05-19 15:16:17]     Phase 2 (full): 16,010/16,010 params
[2026-05-19 15:16:18]     Result | best_epoch=50 | stop=50 | acc=0.3750 | bal_acc=0.3750 | pred_hist=[5, 3] | collapse=False
[2026-05-19 15:16:18]     spatial_conv=[4, 29] top_abs_channels=[('FC4', 0.16029754), ('Pz', 0.13555342), ('FT7', 0.13043448), ('C3', 0.12173307), ('FCz', 0.11962536), ('O2', 0.11526866), ('T7', 0.11414877), ('TP8', 0.11356694)]
[2026-05-19 15:16:18]     spatial_update=delta_l2=0.06751280 max_abs=0.01072352 relative=0.05777378 changed=True

[2026-05-19 15:16:18] Fold 3/5 | subject=50
[2026-05-19 15:16:18]     Train: 32 | counts=[16, 16]
[2026-05-19 15:16:18]     Test:  8 | counts=[4, 4]
[2026-05-19 15:16:18]     Model: SignalJEPA_PreLocal | Pretrained: from_pretrained | Strategy: full
[2026-05-19 15:16:18]     Phase 1 (warmup): 2,170/16,010 params
[2026-05-19 15:16:19]     Phase 2 (full): 16,010/16,010 params
[2026-05-19 15:16:19]     Result | best_epoch=9 | stop=50 | acc=0.3750 | bal_acc=0.3750 | pred_hist=[7, 1] | collapse=False
[2026-05-19 15:16:19]     spatial_conv=[4, 29] top_abs_channels=[('FC4', 0.16085185), ('Pz', 0.13532914), ('FT7', 0.12968674), ('FC3', 0.11853603), ('FCz', 0.11788018), ('C3', 0.11644796), ('T7', 0.1137724), ('O2', 0.11231164)]
[2026-05-19 15:16:19]     spatial_update=delta_l2=0.07107305 max_abs=0.01074985 relative=0.06082046 changed=True

[2026-05-19 15:16:20] Fold 4/5 | subject=50
[2026-05-19 15:16:20]     Train: 32 | counts=[16, 16]
[2026-05-19 15:16:20]     Test:  8 | counts=[4, 4]
[2026-05-19 15:16:20]     Model: SignalJEPA_PreLocal | Pretrained: from_pretrained | Strategy: full
[2026-05-19 15:16:20]     Phase 1 (warmup): 2,170/16,010 params
[2026-05-19 15:16:20]     Phase 2 (full): 16,010/16,010 params
[2026-05-19 15:16:21]     Result | best_epoch=2 | stop=50 | acc=0.8750 | bal_acc=0.8750 | pred_hist=[3, 5] | collapse=False
[2026-05-19 15:16:21]     spatial_conv=[4, 29] top_abs_channels=[('FC4', 0.157886), ('Pz', 0.12990111), ('FT7', 0.1280515), ('Fp1', 0.11699112), ('FC3', 0.1151344), ('O2', 0.11371225), ('C3', 0.11335382), ('P7', 0.11332083)]
[2026-05-19 15:16:21]     spatial_update=delta_l2=0.07275714 max_abs=0.01058418 relative=0.06226161 changed=True

[2026-05-19 15:16:22] Fold 5/5 | subject=50
[2026-05-19 15:16:22]     Train: 32 | counts=[16, 16]
[2026-05-19 15:16:22]     Test:  8 | counts=[4, 4]
[2026-05-19 15:16:22]     Model: SignalJEPA_PreLocal | Pretrained: from_pretrained | Strategy: full
[2026-05-19 15:16:22]     Phase 1 (warmup): 2,170/16,010 params
[2026-05-19 15:16:22]     Phase 2 (full): 16,010/16,010 params
[2026-05-19 15:16:23]     Result | best_epoch=5 | stop=50 | acc=0.2500 | bal_acc=0.2500 | pred_hist=[4, 4] | collapse=False
[2026-05-19 15:16:23]     spatial_conv=[4, 29] top_abs_channels=[('FC4', 0.15853761), ('Pz', 0.13646683), ('FT7', 0.13084589), ('FCz', 0.11808161), ('C3', 0.11655227), ('FC3', 0.11569279), ('O2', 0.11488412), ('P7', 0.11350771)]
[2026-05-19 15:16:23]     spatial_update=delta_l2=0.06775873 max_abs=0.01011527 relative=0.05798424 changed=True
[2026-05-19 15:16:23]   Subject 50: acc=0.5000±0.2236  bal_acc=0.5000±0.2236

[2026-05-19 15:16:23] Total folds completed: 250
[2026-05-19 15:16:23] ======================================================================
[2026-05-19 15:16:23] AGGREGATED RESULTS
[2026-05-19 15:16:23] ======================================================================
[2026-05-19 15:16:23]   1: acc=0.5500±0.1275  bal_acc=0.5500±0.1275
[2026-05-19 15:16:23]   2: acc=0.5750±0.1275  bal_acc=0.5750±0.1275
[2026-05-19 15:16:23]   3: acc=0.5500±0.1000  bal_acc=0.5500±0.1000
[2026-05-19 15:16:23]   4: acc=0.6500±0.1458  bal_acc=0.6500±0.1458
[2026-05-19 15:16:23]   5: acc=0.5750±0.1696  bal_acc=0.5750±0.1696
[2026-05-19 15:16:23]   6: acc=0.5500±0.1696  bal_acc=0.5500±0.1696
[2026-05-19 15:16:23]   7: acc=0.4000±0.1225  bal_acc=0.4000±0.1225
[2026-05-19 15:16:23]   8: acc=0.6750±0.1000  bal_acc=0.6750±0.1000
[2026-05-19 15:16:23]   9: acc=0.6500±0.1225  bal_acc=0.6500±0.1225
[2026-05-19 15:16:23]   10: acc=0.4750±0.0935  bal_acc=0.4750±0.0935
[2026-05-19 15:16:23]   11: acc=0.4250±0.1275  bal_acc=0.4250±0.1275
[2026-05-19 15:16:23]   12: acc=0.6500±0.2424  bal_acc=0.6500±0.2424
[2026-05-19 15:16:23]   13: acc=0.5750±0.1500  bal_acc=0.5750±0.1500
[2026-05-19 15:16:23]   14: acc=0.6500±0.1658  bal_acc=0.6500±0.1658
[2026-05-19 15:16:23]   15: acc=0.4000±0.0500  bal_acc=0.4000±0.0500
[2026-05-19 15:16:23]   16: acc=0.4750±0.2000  bal_acc=0.4750±0.2000
[2026-05-19 15:16:23]   17: acc=0.4750±0.1458  bal_acc=0.4750±0.1458
[2026-05-19 15:16:23]   18: acc=0.7000±0.1275  bal_acc=0.7000±0.1275
[2026-05-19 15:16:23]   19: acc=0.4500±0.1871  bal_acc=0.4500±0.1871
[2026-05-19 15:16:23]   20: acc=0.7500±0.1369  bal_acc=0.7500±0.1369
[2026-05-19 15:16:23]   21: acc=0.4000±0.0935  bal_acc=0.4000±0.0935
[2026-05-19 15:16:23]   22: acc=0.4000±0.0935  bal_acc=0.4000±0.0935
[2026-05-19 15:16:23]   23: acc=0.6500±0.1658  bal_acc=0.6500±0.1658
[2026-05-19 15:16:23]   24: acc=0.6250±0.2236  bal_acc=0.6250±0.2236
[2026-05-19 15:16:23]   25: acc=0.6000±0.0935  bal_acc=0.6000±0.0935
[2026-05-19 15:16:23]   26: acc=0.6750±0.1275  bal_acc=0.6750±0.1275
[2026-05-19 15:16:23]   27: acc=0.5000±0.1581  bal_acc=0.5000±0.1581
[2026-05-19 15:16:23]   28: acc=0.6000±0.0500  bal_acc=0.6000±0.0500
[2026-05-19 15:16:23]   29: acc=0.5500±0.2031  bal_acc=0.5500±0.2031
[2026-05-19 15:16:23]   30: acc=0.6750±0.1000  bal_acc=0.6750±0.1000
[2026-05-19 15:16:23]   31: acc=0.4000±0.0935  bal_acc=0.4000±0.0935
[2026-05-19 15:16:23]   32: acc=0.5750±0.1500  bal_acc=0.5750±0.1500
[2026-05-19 15:16:23]   33: acc=0.5500±0.1275  bal_acc=0.5500±0.1275
[2026-05-19 15:16:23]   34: acc=0.8000±0.0612  bal_acc=0.8000±0.0612
[2026-05-19 15:16:23]   35: acc=0.6500±0.1225  bal_acc=0.6500±0.1225
[2026-05-19 15:16:23]   36: acc=0.4750±0.0935  bal_acc=0.4750±0.0935
[2026-05-19 15:16:23]   37: acc=0.5500±0.1696  bal_acc=0.5500±0.1696
[2026-05-19 15:16:23]   38: acc=0.7000±0.1000  bal_acc=0.7000±0.1000
[2026-05-19 15:16:23]   39: acc=0.5250±0.1837  bal_acc=0.5250±0.1837
[2026-05-19 15:16:23]   40: acc=0.5500±0.1871  bal_acc=0.5500±0.1871
[2026-05-19 15:16:23]   41: acc=0.6500±0.0935  bal_acc=0.6500±0.0935
[2026-05-19 15:16:23]   42: acc=0.6250±0.1768  bal_acc=0.6250±0.1768
[2026-05-19 15:16:23]   43: acc=0.4750±0.2151  bal_acc=0.4750±0.2151
[2026-05-19 15:16:23]   44: acc=0.4750±0.1458  bal_acc=0.4750±0.1458
[2026-05-19 15:16:23]   45: acc=0.5250±0.1837  bal_acc=0.5250±0.1837
[2026-05-19 15:16:23]   46: acc=0.6000±0.0500  bal_acc=0.6000±0.0500
[2026-05-19 15:16:23]   47: acc=0.4750±0.2000  bal_acc=0.4750±0.2000
[2026-05-19 15:16:23]   48: acc=0.6750±0.1000  bal_acc=0.6750±0.1000
[2026-05-19 15:16:23]   49: acc=0.4500±0.0612  bal_acc=0.4500±0.0612
[2026-05-19 15:16:23]   50: acc=0.5000±0.2236  bal_acc=0.5000±0.2236
[2026-05-19 15:16:23] ----------------------------------------------------------------------
[2026-05-19 15:16:23]   OVERALL: acc=0.5620±0.1758  bal_acc=0.5620±0.1758
[2026-05-19 15:16:23] ======================================================================

[2026-05-19 15:16:23] ======================================================================
[2026-05-19 15:16:23] EXPERIMENT SUMMARY
[2026-05-19 15:16:23] ======================================================================
[2026-05-19 15:16:23] Run ID:                 20260519_1509_05a50fbf
[2026-05-19 15:16:23] Dataset:                Liu2024_SourceMAT
[2026-05-19 15:16:23] Dataset source:         source_mat
[2026-05-19 15:16:23] Labels kept:            ['left_hand', 'right_hand']
[2026-05-19 15:16:23] Subjects:               50
[2026-05-19 15:16:23] Model:                  SignalJEPA_PreLocal
[2026-05-19 15:16:23] Pretrained mode:        from_pretrained
[2026-05-19 15:16:23] Strategy:               full
[2026-05-19 15:16:23] Window:                 4.195s / 537 samples
[2026-05-19 15:16:23] Artifacts:              /Users/vadim/Documents/School/Spring 2026/CSCE A698 Individual Research/EEG_JEPA/artifacts/liu2024-source-mat-sjepa-prelocal/20260519_1509_05a50fbf
[2026-05-19 15:16:23] Mean Accuracy:          0.5620 ± 0.1758
[2026-05-19 15:16:23] Mean Balanced Accuracy: 0.5620 ± 0.1758
[2026-05-19 15:16:23] ======================================================================

[2026-05-19 15:16:23] Spatial convolution analysis saved:
[2026-05-19 15:16:23]   Long channel CSV:        /Users/vadim/Documents/School/Spring 2026/CSCE A698 Individual Research/EEG_JEPA/artifacts/liu2024-source-mat-sjepa-prelocal/20260519_1509_05a50fbf/spatial_conv_analysis/spatial_channel_importance_long.csv
[2026-05-19 15:16:23]   Fold diagnostics CSV:    /Users/vadim/Documents/School/Spring 2026/CSCE A698 Individual Research/EEG_JEPA/artifacts/liu2024-source-mat-sjepa-prelocal/20260519_1509_05a50fbf/spatial_conv_analysis/fold_diagnostics.csv
[2026-05-19 15:16:23]   Fold weight JSON:        /Users/vadim/Documents/School/Spring 2026/CSCE A698 Individual Research/EEG_JEPA/artifacts/liu2024-source-mat-sjepa-prelocal/20260519_1509_05a50fbf/spatial_conv_analysis/spatial_conv_weights_by_fold.json
[2026-05-19 15:16:23]   Global importance CSV:   /Users/vadim/Documents/School/Spring 2026/CSCE A698 Individual Research/EEG_JEPA/artifacts/liu2024-source-mat-sjepa-prelocal/20260519_1509_05a50fbf/spatial_conv_analysis/spatial_channel_importance_global.csv
[2026-05-19 15:16:23]   Subject importance CSV:  /Users/vadim/Documents/School/Spring 2026/CSCE A698 Individual Research/EEG_JEPA/artifacts/liu2024-source-mat-sjepa-prelocal/20260519_1509_05a50fbf/spatial_conv_analysis/spatial_channel_importance_by_subject.csv
[2026-05-19 15:16:23]   Diagnostic summary JSON: /Users/vadim/Documents/School/Spring 2026/CSCE A698 Individual Research/EEG_JEPA/artifacts/liu2024-source-mat-sjepa-prelocal/20260519_1509_05a50fbf/spatial_conv_analysis/diagnostic_summary.json

[2026-05-19 15:16:23] Diagnostic summary:
[2026-05-19 15:16:23] {
  "n_folds": 250,
  "collapse_rate": 0.032,
  "mean_collapse_ratio": 0.667,
  "mean_spatial_delta_l2": 0.06992738128,
  "mean_spatial_relative_delta": 0.059840053,
  "spatial_changed_rate": 1.0,
  "mean_confidence": 0.518079491,
  "mean_normalized_prediction_entropy": 0.99825260908
}

[2026-05-19 15:16:23] Top global channels by mean absolute spatial weight:
[2026-05-19 15:16:23]   Global topomap:          /Users/vadim/Documents/School/Spring 2026/CSCE A698 Individual Research/EEG_JEPA/artifacts/liu2024-source-mat-sjepa-prelocal/20260519_1509_05a50fbf/spatial_conv_analysis/global_mean_abs_spatial_weight_topomap.png
[2026-05-19 15:16:23]   Global filter grid:      /Users/vadim/Documents/School/Spring 2026/CSCE A698 Individual Research/EEG_JEPA/artifacts/liu2024-source-mat-sjepa-prelocal/20260519_1509_05a50fbf/spatial_conv_analysis/global_mean_spatial_filters_topomap_grid.png
[2026-05-19 15:16:28]   Subject topomaps saved in: /Users/vadim/Documents/School/Spring 2026/CSCE A698 Individual Research/EEG_JEPA/artifacts/liu2024-source-mat-sjepa-prelocal/20260519_1509_05a50fbf/spatial_conv_analysis
[2026-05-19 15:16:29] CV results saved to:      /Users/vadim/Documents/School/Spring 2026/CSCE A698 Individual Research/EEG_JEPA/artifacts/liu2024-source-mat-sjepa-prelocal/20260519_1509_05a50fbf/cv_results.json
[2026-05-19 15:16:29] Subject metrics saved to: /Users/vadim/Documents/School/Spring 2026/CSCE A698 Individual Research/EEG_JEPA/artifacts/liu2024-source-mat-sjepa-prelocal/20260519_1509_05a50fbf/subject_metrics.json
[2026-05-19 15:16:29] Global metrics saved to:  /Users/vadim/Documents/School/Spring 2026/CSCE A698 Individual Research/EEG_JEPA/artifacts/liu2024-source-mat-sjepa-prelocal/20260519_1509_05a50fbf/global_metrics.json
[2026-05-19 15:16:29] Run metadata saved to:    /Users/vadim/Documents/School/Spring 2026/CSCE A698 Individual Research/EEG_JEPA/artifacts/liu2024-source-mat-sjepa-prelocal/20260519_1509_05a50fbf/run_metadata.json

[2026-05-19 15:16:29] All artifacts in: /Users/vadim/Documents/School/Spring 2026/CSCE A698 Individual Research/EEG_JEPA/artifacts/liu2024-source-mat-sjepa-prelocal/20260519_1509_05a50fbf
