{
  "48": {
    "accuracies": [
      0.975,
      1.0,
      1.0,
      1.0,
      0.975
    ],
    "balanced_accuracies": [
      0.975,
      1.0,
      1.0,
      1.0,
      0.975
    ],
    "mean_accuracy": 0.99,
    "std_accuracy": 0.012247448713915901,
    "mean_balanced_accuracy": 0.99,
    "std_balanced_accuracy": 0.012247448713915901
  },
  "49": {
    "accuracies": [
      0.975,
      0.975,
      1.0,
      1.0,
      0.975
    ],
    "balanced_accuracies": [
      0.975,
      0.975,
      1.0,
      1.0,
      0.975
    ],
    "mean_accuracy": 0.985,
    "std_accuracy": 0.012247448713915901,
    "mean_balanced_accuracy": 0.985,
    "std_balanced_accuracy": 0.012247448713915901
  },
  "50": {
    "accuracies": [
      1.0,
      0.975,
      0.975,
      1.0,
      1.0
    ],
    "balanced_accuracies": [
      1.0,
      0.975,
      0.975,
      1.0,
      1.0
    ],
    "mean_accuracy": 0.99,
    "std_accuracy": 0.012247448713915901,
    "mean_balanced_accuracy": 0.99,
    "std_balanced_accuracy": 0.012247448713915901
  },
  "51": {
    "accuracies": [
      0.675,
      0.525,
      0.625,
      0.7,
      0.75
    ],
    "balanced_accuracies": [
      0.6749999999999999,
      0.525,
      0.625,
      0.7000000000000001,
      0.75
    ],
    "mean_accuracy": 0.655,
    "std_accuracy": 0.07648529270389177,
    "mean_balanced_accuracy": 0.655,
    "std_balanced_accuracy": 0.07648529270389177
  },
  "52": {
    "accuracies": [
      0.975,
      0.975,
      1.0,
      0.975,
      1.0
    ],
    "balanced_accuracies": [
      0.975,
      0.975,
      1.0,
      0.975,
      1.0
    ],
    "mean_accuracy": 0.9850000000000001,
    "std_accuracy": 0.012247448713915901,
    "mean_balanced_accuracy": 0.9850000000000001,
    "std_balanced_accuracy": 0.012247448713915901
  },
  "53": {
    "accuracies": [
      1.0,
      1.0,
      1.0,
      1.0,
      1.0
    ],
    "balanced_accuracies": [
      1.0,
      1.0,
      1.0,
      1.0,
      1.0
    ],
    "mean_accuracy": 1.0,
    "std_accuracy": 0.0,
    "mean_balanced_accuracy": 1.0,
    "std_balanced_accuracy": 0.0
  },
  "54": {
    "accuracies": [
      0.925,
      0.95,
      0.825,
      0.675,
      0.875
    ],
    "balanced_accuracies": [
      0.925,
      0.95,
      0.825,
      0.675,
      0.875
    ],
    "mean_accuracy": 0.85,
    "std_accuracy": 0.09746794344808962,
    "mean_balanced_accuracy": 0.85,
    "std_balanced_accuracy": 0.09746794344808962
  }
}