{
  "mean_accuracy": 0.8599999999999999,
  "std_accuracy": 0.22290292570021214,
  "mean_balanced_accuracy": 0.8599999999999999,
  "std_balanced_accuracy": 0.22290292570021214,
  "n_subjects": 7,
  "n_folds_total": 35
}