{
  "48": {
    "accuracies": [
      0.95,
      0.95,
      1.0,
      1.0,
      1.0
    ],
    "balanced_accuracies": [
      0.95,
      0.95,
      1.0,
      1.0,
      1.0
    ],
    "mean_accuracy": 0.9800000000000001,
    "std_accuracy": 0.024494897427831803,
    "mean_balanced_accuracy": 0.9800000000000001,
    "std_balanced_accuracy": 0.024494897427831803
  },
  "49": {
    "accuracies": [
      0.95,
      0.8,
      0.9,
      0.9,
      0.9
    ],
    "balanced_accuracies": [
      0.95,
      0.8,
      0.8999999999999999,
      0.8999999999999999,
      0.8999999999999999
    ],
    "mean_accuracy": 0.89,
    "std_accuracy": 0.048989794855663536,
    "mean_balanced_accuracy": 0.8899999999999999,
    "std_balanced_accuracy": 0.04898979485566352
  },
  "50": {
    "accuracies": [
      1.0,
      1.0,
      1.0,
      0.95,
      1.0
    ],
    "balanced_accuracies": [
      1.0,
      1.0,
      1.0,
      0.95,
      1.0
    ],
    "mean_accuracy": 0.99,
    "std_accuracy": 0.020000000000000018,
    "mean_balanced_accuracy": 0.99,
    "std_balanced_accuracy": 0.020000000000000018
  },
  "51": {
    "accuracies": [
      0.25,
      0.4,
      0.4,
      0.55,
      0.15
    ],
    "balanced_accuracies": [
      0.25,
      0.4,
      0.39999999999999997,
      0.55,
      0.15
    ],
    "mean_accuracy": 0.35,
    "std_accuracy": 0.13784048752090225,
    "mean_balanced_accuracy": 0.35,
    "std_balanced_accuracy": 0.13784048752090225
  },
  "52": {
    "accuracies": [
      0.95,
      0.95,
      0.95,
      0.95,
      1.0
    ],
    "balanced_accuracies": [
      0.95,
      0.95,
      0.95,
      0.95,
      1.0
    ],
    "mean_accuracy": 0.96,
    "std_accuracy": 0.020000000000000018,
    "mean_balanced_accuracy": 0.96,
    "std_balanced_accuracy": 0.020000000000000018
  },
  "53": {
    "accuracies": [
      1.0,
      1.0,
      1.0,
      1.0,
      1.0
    ],
    "balanced_accuracies": [
      1.0,
      1.0,
      1.0,
      1.0,
      1.0
    ],
    "mean_accuracy": 1.0,
    "std_accuracy": 0.0,
    "mean_balanced_accuracy": 1.0,
    "std_balanced_accuracy": 0.0
  },
  "54": {
    "accuracies": [
      0.85,
      0.85,
      0.9,
      0.75,
      0.9
    ],
    "balanced_accuracies": [
      0.8500000000000001,
      0.85,
      0.9,
      0.7500000000000001,
      0.9
    ],
    "mean_accuracy": 0.85,
    "std_accuracy": 0.05477225575051661,
    "mean_balanced_accuracy": 0.85,
    "std_balanced_accuracy": 0.05477225575051658
  }
}