{
  "mean_accuracy": 0.5514285714285714,
  "std_accuracy": 0.20536925430123396,
  "mean_balanced_accuracy": 0.5514285714285714,
  "std_balanced_accuracy": 0.20536925430123396,
  "mean_roc_auc": null,
  "std_roc_auc": null,
  "n_subjects": 7,
  "n_folds_total": 35
}