{
  "48": {
    "accuracies": [
      0.75,
      0.75,
      0.875,
      0.675,
      0.75
    ],
    "balanced_accuracies": [
      0.75,
      0.75,
      0.875,
      0.675,
      0.75
    ],
    "roc_aucs": [
      null,
      null,
      null,
      null,
      null
    ],
    "mean_accuracy": 0.76,
    "std_accuracy": 0.06442049363362562,
    "mean_balanced_accuracy": 0.76,
    "std_balanced_accuracy": 0.06442049363362562,
    "mean_roc_auc": null,
    "std_roc_auc": null
  },
  "49": {
    "accuracies": [
      0.25,
      0.675,
      0.575,
      0.6,
      0.575
    ],
    "balanced_accuracies": [
      0.25,
      0.675,
      0.575,
      0.6000000000000001,
      0.575
    ],
    "roc_aucs": [
      null,
      null,
      null,
      null,
      null
    ],
    "mean_accuracy": 0.5349999999999999,
    "std_accuracy": 0.1471393896956216,
    "mean_balanced_accuracy": 0.5349999999999999,
    "std_balanced_accuracy": 0.14713938969562163,
    "mean_roc_auc": null,
    "std_roc_auc": null
  },
  "50": {
    "accuracies": [
      0.8,
      0.825,
      0.75,
      0.675,
      0.725
    ],
    "balanced_accuracies": [
      0.7999999999999999,
      0.825,
      0.75,
      0.675,
      0.7250000000000001
    ],
    "roc_aucs": [
      null,
      null,
      null,
      null,
      null
    ],
    "mean_accuracy": 0.755,
    "std_accuracy": 0.05338539126015654,
    "mean_balanced_accuracy": 0.755,
    "std_balanced_accuracy": 0.05338539126015651,
    "mean_roc_auc": null,
    "std_roc_auc": null
  },
  "51": {
    "accuracies": [
      0.35,
      0.35,
      0.25,
      0.275,
      0.25
    ],
    "balanced_accuracies": [
      0.35,
      0.35,
      0.25,
      0.27499999999999997,
      0.25
    ],
    "roc_aucs": [
      null,
      null,
      null,
      null,
      null
    ],
    "mean_accuracy": 0.29500000000000004,
    "std_accuracy": 0.04582575694955839,
    "mean_balanced_accuracy": 0.295,
    "std_balanced_accuracy": 0.04582575694955839,
    "mean_roc_auc": null,
    "std_roc_auc": null
  },
  "52": {
    "accuracies": [
      0.425,
      0.425,
      0.4,
      0.35,
      0.5
    ],
    "balanced_accuracies": [
      0.42500000000000004,
      0.425,
      0.4,
      0.35,
      0.5
    ],
    "roc_aucs": [
      null,
      null,
      null,
      null,
      null
    ],
    "mean_accuracy": 0.42000000000000004,
    "std_accuracy": 0.048476798574163295,
    "mean_balanced_accuracy": 0.42000000000000004,
    "std_balanced_accuracy": 0.048476798574163295,
    "mean_roc_auc": null,
    "std_roc_auc": null
  },
  "53": {
    "accuracies": [
      0.725,
      0.725,
      0.725,
      0.75,
      0.85
    ],
    "balanced_accuracies": [
      0.7250000000000001,
      0.725,
      0.7250000000000001,
      0.7500000000000001,
      0.8500000000000001
    ],
    "roc_aucs": [
      null,
      null,
      null,
      null,
      null
    ],
    "mean_accuracy": 0.755,
    "std_accuracy": 0.04847679857416329,
    "mean_balanced_accuracy": 0.7550000000000001,
    "std_balanced_accuracy": 0.0484767985741633,
    "mean_roc_auc": null,
    "std_roc_auc": null
  },
  "54": {
    "accuracies": [
      0.475,
      0.325,
      0.275,
      0.275,
      0.35
    ],
    "balanced_accuracies": [
      0.475,
      0.325,
      0.275,
      0.275,
      0.35
    ],
    "roc_aucs": [
      null,
      null,
      null,
      null,
      null
    ],
    "mean_accuracy": 0.34,
    "std_accuracy": 0.07348469228349531,
    "mean_balanced_accuracy": 0.34,
    "std_balanced_accuracy": 0.07348469228349531,
    "mean_roc_auc": null,
    "std_roc_auc": null
  }
}