{
  "mean_accuracy": 0.4839506172839506,
  "std_accuracy": 0.16916733958479643,
  "mean_balanced_accuracy": 0.48833333333333345,
  "std_balanced_accuracy": 0.1722885177060077,
  "n_groups": 9,
  "n_folds_total": 45
}