{
  "1": {
    "accuracies": [
      0.4444444444444444,
      0.5555555555555556,
      0.5555555555555556,
      0.7777777777777778,
      0.5555555555555556
    ],
    "balanced_accuracies": [
      0.425,
      0.525,
      0.575,
      0.775,
      0.55
    ],
    "mean_accuracy": 0.5777777777777778,
    "std_accuracy": 0.10886621079036347,
    "mean_balanced_accuracy": 0.57,
    "std_balanced_accuracy": 0.11445523142259598
  },
  "2": {
    "accuracies": [
      0.6666666666666666,
      0.3333333333333333,
      0.4444444444444444,
      0.3333333333333333,
      0.7777777777777778
    ],
    "balanced_accuracies": [
      0.7,
      0.35,
      0.475,
      0.325,
      0.775
    ],
    "mean_accuracy": 0.5111111111111111,
    "std_accuracy": 0.18053418676968802,
    "mean_balanced_accuracy": 0.525,
    "std_balanced_accuracy": 0.1823458252881047
  },
  "3": {
    "accuracies": [
      0.4444444444444444,
      0.7777777777777778,
      0.3333333333333333,
      0.3333333333333333,
      0.2222222222222222
    ],
    "balanced_accuracies": [
      0.45,
      0.775,
      0.35,
      0.35,
      0.225
    ],
    "mean_accuracy": 0.4222222222222222,
    "std_accuracy": 0.19116278371205836,
    "mean_balanced_accuracy": 0.43000000000000005,
    "std_balanced_accuracy": 0.18668154702594472
  },
  "4": {
    "accuracies": [
      0.5555555555555556,
      0.7777777777777778,
      0.3333333333333333,
      0.4444444444444444,
      0.3333333333333333
    ],
    "balanced_accuracies": [
      0.55,
      0.75,
      0.35,
      0.4,
      0.325
    ],
    "mean_accuracy": 0.48888888888888893,
    "std_accuracy": 0.16629588385661961,
    "mean_balanced_accuracy": 0.475,
    "std_balanced_accuracy": 0.15811388300841897
  },
  "5": {
    "accuracies": [
      0.5555555555555556,
      0.3333333333333333,
      0.3333333333333333,
      0.5555555555555556,
      0.2222222222222222
    ],
    "balanced_accuracies": [
      0.525,
      0.325,
      0.3,
      0.525,
      0.2
    ],
    "mean_accuracy": 0.4,
    "std_accuracy": 0.13333333333333336,
    "mean_balanced_accuracy": 0.37500000000000006,
    "std_balanced_accuracy": 0.12942179105544785
  },
  "6": {
    "accuracies": [
      0.3333333333333333,
      0.6666666666666666,
      0.5555555555555556,
      0.3333333333333333,
      0.3333333333333333
    ],
    "balanced_accuracies": [
      0.35,
      0.7,
      0.6,
      0.35,
      0.3
    ],
    "mean_accuracy": 0.4444444444444445,
    "std_accuracy": 0.1405456737852613,
    "mean_balanced_accuracy": 0.45999999999999996,
    "std_balanced_accuracy": 0.15937377450509227
  },
  "7": {
    "accuracies": [
      0.4444444444444444,
      0.4444444444444444,
      0.5555555555555556,
      0.3333333333333333,
      0.5555555555555556
    ],
    "balanced_accuracies": [
      0.5,
      0.475,
      0.6,
      0.325,
      0.525
    ],
    "mean_accuracy": 0.4666666666666666,
    "std_accuracy": 0.08314794192830983,
    "mean_balanced_accuracy": 0.485,
    "std_balanced_accuracy": 0.09027735042633894
  },
  "8": {
    "accuracies": [
      0.4444444444444444,
      0.3333333333333333,
      0.4444444444444444,
      0.5555555555555556,
      1.0
    ],
    "balanced_accuracies": [
      0.45,
      0.375,
      0.4,
      0.55,
      1.0
    ],
    "mean_accuracy": 0.5555555555555556,
    "std_accuracy": 0.23306863292670035,
    "mean_balanced_accuracy": 0.555,
    "std_balanced_accuracy": 0.23043437243605824
  },
  "9": {
    "accuracies": [
      0.2222222222222222,
      0.4444444444444444,
      0.5555555555555556,
      0.6666666666666666,
      0.5555555555555556
    ],
    "balanced_accuracies": [
      0.225,
      0.475,
      0.6,
      0.7,
      0.6
    ],
    "mean_accuracy": 0.48888888888888893,
    "std_accuracy": 0.15071844406945042,
    "mean_balanced_accuracy": 0.5199999999999999,
    "std_balanced_accuracy": 0.1638596960817394
  }
}