{
  "mean_accuracy": 0.33499999999999996,
  "std_accuracy": 0.11467344941179715,
  "mean_balanced_accuracy": 0.3350000000000001,
  "std_balanced_accuracy": 0.11467344941179715,
  "n_subjects": 1,
  "n_folds_total": 5
}