{
  "51": {
    "accuracies": [
      0.475,
      0.25,
      0.225,
      0.25,
      0.475
    ],
    "balanced_accuracies": [
      0.47500000000000003,
      0.25,
      0.225,
      0.25,
      0.475
    ],
    "mean_accuracy": 0.33499999999999996,
    "std_accuracy": 0.11467344941179715,
    "mean_balanced_accuracy": 0.3350000000000001,
    "std_balanced_accuracy": 0.11467344941179715
  }
}