{
  "mean_accuracy": 0.9285714285714286,
  "std_accuracy": 0.11466455068447906,
  "mean_balanced_accuracy": 0.9285714285714286,
  "std_balanced_accuracy": 0.11466455068447907,
  "mean_roc_auc": null,
  "std_roc_auc": null,
  "n_subjects": 7,
  "n_folds_total": 35
}