{
  "48": {
    "accuracies": [
      0.975,
      1.0,
      0.975,
      1.0,
      0.975
    ],
    "balanced_accuracies": [
      0.975,
      1.0,
      0.975,
      1.0,
      0.975
    ],
    "roc_aucs": [
      null,
      null,
      null,
      null,
      null
    ],
    "mean_accuracy": 0.985,
    "std_accuracy": 0.012247448713915901,
    "mean_balanced_accuracy": 0.985,
    "std_balanced_accuracy": 0.012247448713915901,
    "mean_roc_auc": null,
    "std_roc_auc": null
  },
  "49": {
    "accuracies": [
      1.0,
      0.975,
      0.95,
      0.975,
      1.0
    ],
    "balanced_accuracies": [
      1.0,
      0.975,
      0.95,
      0.975,
      1.0
    ],
    "roc_aucs": [
      null,
      null,
      null,
      null,
      null
    ],
    "mean_accuracy": 0.9800000000000001,
    "std_accuracy": 0.018708286933869722,
    "mean_balanced_accuracy": 0.9800000000000001,
    "std_balanced_accuracy": 0.018708286933869722,
    "mean_roc_auc": null,
    "std_roc_auc": null
  },
  "50": {
    "accuracies": [
      1.0,
      1.0,
      0.975,
      1.0,
      1.0
    ],
    "balanced_accuracies": [
      1.0,
      1.0,
      0.975,
      1.0,
      1.0
    ],
    "roc_aucs": [
      null,
      null,
      null,
      null,
      null
    ],
    "mean_accuracy": 0.9949999999999999,
    "std_accuracy": 0.010000000000000009,
    "mean_balanced_accuracy": 0.9949999999999999,
    "std_balanced_accuracy": 0.010000000000000009,
    "mean_roc_auc": null,
    "std_roc_auc": null
  },
  "51": {
    "accuracies": [
      0.625,
      0.675,
      0.7,
      0.625,
      0.725
    ],
    "balanced_accuracies": [
      0.625,
      0.6749999999999999,
      0.7,
      0.625,
      0.725
    ],
    "roc_aucs": [
      null,
      null,
      null,
      null,
      null
    ],
    "mean_accuracy": 0.67,
    "std_accuracy": 0.03999999999999999,
    "mean_balanced_accuracy": 0.67,
    "std_balanced_accuracy": 0.03999999999999999,
    "mean_roc_auc": null,
    "std_roc_auc": null
  },
  "52": {
    "accuracies": [
      1.0,
      1.0,
      0.975,
      1.0,
      0.975
    ],
    "balanced_accuracies": [
      1.0,
      1.0,
      0.975,
      1.0,
      0.975
    ],
    "roc_aucs": [
      null,
      null,
      null,
      null,
      null
    ],
    "mean_accuracy": 0.99,
    "std_accuracy": 0.012247448713915901,
    "mean_balanced_accuracy": 0.99,
    "std_balanced_accuracy": 0.012247448713915901,
    "mean_roc_auc": null,
    "std_roc_auc": null
  },
  "53": {
    "accuracies": [
      1.0,
      1.0,
      1.0,
      1.0,
      1.0
    ],
    "balanced_accuracies": [
      1.0,
      1.0,
      1.0,
      1.0,
      1.0
    ],
    "roc_aucs": [
      null,
      null,
      null,
      null,
      null
    ],
    "mean_accuracy": 1.0,
    "std_accuracy": 0.0,
    "mean_balanced_accuracy": 1.0,
    "std_balanced_accuracy": 0.0,
    "mean_roc_auc": null,
    "std_roc_auc": null
  },
  "54": {
    "accuracies": [
      0.85,
      0.85,
      0.95,
      0.875,
      0.875
    ],
    "balanced_accuracies": [
      0.8500000000000001,
      0.85,
      0.95,
      0.875,
      0.875
    ],
    "roc_aucs": [
      null,
      null,
      null,
      null,
      null
    ],
    "mean_accuracy": 0.8800000000000001,
    "std_accuracy": 0.036742346141747664,
    "mean_balanced_accuracy": 0.8800000000000001,
    "std_balanced_accuracy": 0.036742346141747644,
    "mean_roc_auc": null,
    "std_roc_auc": null
  }
}