{
  "mean_accuracy": 0.575,
  "std_accuracy": 0.04472135954999579,
  "mean_balanced_accuracy": 0.575,
  "std_balanced_accuracy": 0.044721359549995746,
  "n_groups": 1,
  "n_folds_total": 5
}