{
  "1": {
    "accuracies": [
      0.55,
      0.525,
      0.55,
      0.6,
      0.65
    ],
    "balanced_accuracies": [
      0.55,
      0.525,
      0.55,
      0.6,
      0.6499999999999999
    ],
    "mean_accuracy": 0.575,
    "std_accuracy": 0.04472135954999579,
    "mean_balanced_accuracy": 0.575,
    "std_balanced_accuracy": 0.044721359549995746
  }
}