{
  "mean_accuracy": 0.7216105397593601,
  "std_accuracy": 0.10572283130522914,
  "mean_balanced_accuracy": 0.721647509578544,
  "std_balanced_accuracy": 0.10558703705618873,
  "n_groups": 9,
  "n_folds_total": 45
}