{
  "1": {
    "accuracies": [
      0.6206896551724138,
      0.5517241379310345,
      0.6724137931034483,
      0.5964912280701754,
      0.7543859649122807
    ],
    "balanced_accuracies": [
      0.6206896551724137,
      0.5517241379310345,
      0.6724137931034483,
      0.5972906403940887,
      0.7555418719211823
    ],
    "mean_accuracy": 0.6391409558378707,
    "std_accuracy": 0.06955522071580972,
    "mean_balanced_accuracy": 0.6395320197044334,
    "std_balanced_accuracy": 0.06984137707970141
  },
  "2": {
    "accuracies": [
      0.5344827586206896,
      0.6724137931034483,
      0.603448275862069,
      0.6140350877192983,
      0.7017543859649122
    ],
    "balanced_accuracies": [
      0.5344827586206896,
      0.6724137931034483,
      0.603448275862069,
      0.6145320197044335,
      0.7019704433497538
    ],
    "mean_accuracy": 0.6252268602540835,
    "std_accuracy": 0.058167212955399894,
    "mean_balanced_accuracy": 0.6253694581280789,
    "std_balanced_accuracy": 0.05820525893951238
  },
  "3": {
    "accuracies": [
      0.5517241379310345,
      0.6206896551724138,
      0.5344827586206896,
      0.7368421052631579,
      0.6842105263157895
    ],
    "balanced_accuracies": [
      0.5517241379310345,
      0.6206896551724137,
      0.5344827586206896,
      0.7364532019704433,
      0.6822660098522167
    ],
    "mean_accuracy": 0.6255898366606171,
    "std_accuracy": 0.07693387475132153,
    "mean_balanced_accuracy": 0.6251231527093595,
    "std_balanced_accuracy": 0.07652769211509335
  },
  "4": {
    "accuracies": [
      0.603448275862069,
      0.7068965517241379,
      0.6896551724137931,
      0.7192982456140351,
      0.6666666666666666
    ],
    "balanced_accuracies": [
      0.603448275862069,
      0.7068965517241379,
      0.6896551724137931,
      0.7204433497536946,
      0.6687192118226601
    ],
    "mean_accuracy": 0.6771929824561403,
    "std_accuracy": 0.04088898743216888,
    "mean_balanced_accuracy": 0.677832512315271,
    "std_balanced_accuracy": 0.041027415283840664
  },
  "5": {
    "accuracies": [
      0.8620689655172413,
      0.8448275862068966,
      0.8620689655172413,
      0.9122807017543859,
      0.8771929824561403
    ],
    "balanced_accuracies": [
      0.8620689655172413,
      0.8448275862068966,
      0.8620689655172413,
      0.9119458128078818,
      0.8762315270935961
    ],
    "mean_accuracy": 0.8716878402903812,
    "std_accuracy": 0.022735900005643687,
    "mean_balanced_accuracy": 0.8714285714285713,
    "std_balanced_accuracy": 0.022572248857852275
  },
  "6": {
    "accuracies": [
      0.7586206896551724,
      0.6724137931034483,
      0.6724137931034483,
      0.7192982456140351,
      0.7017543859649122
    ],
    "balanced_accuracies": [
      0.7586206896551724,
      0.6724137931034483,
      0.6724137931034482,
      0.7179802955665024,
      0.7013546798029557
    ],
    "mean_accuracy": 0.7049001814882032,
    "std_accuracy": 0.032291869373988265,
    "mean_balanced_accuracy": 0.7045566502463053,
    "std_balanced_accuracy": 0.032186002411664305
  },
  "7": {
    "accuracies": [
      0.8793103448275862,
      0.8448275862068966,
      0.9310344827586207,
      0.8771929824561403,
      0.8421052631578947
    ],
    "balanced_accuracies": [
      0.8793103448275862,
      0.8448275862068966,
      0.9310344827586208,
      0.8768472906403941,
      0.8411330049261083
    ],
    "mean_accuracy": 0.8748941318814276,
    "std_accuracy": 0.03211116232194893,
    "mean_balanced_accuracy": 0.8746305418719211,
    "std_balanced_accuracy": 0.03230640873314209
  },
  "8": {
    "accuracies": [
      0.7586206896551724,
      0.6206896551724138,
      0.6379310344827587,
      0.7017543859649122,
      0.7368421052631579
    ],
    "balanced_accuracies": [
      0.7586206896551724,
      0.6206896551724138,
      0.6379310344827587,
      0.7044334975369457,
      0.7376847290640394
    ],
    "mean_accuracy": 0.691167574107683,
    "std_accuracy": 0.05394336360910076,
    "mean_balanced_accuracy": 0.691871921182266,
    "std_balanced_accuracy": 0.054200625294184256
  },
  "9": {
    "accuracies": [
      0.7413793103448276,
      0.7931034482758621,
      0.8275862068965517,
      0.7894736842105263,
      0.7719298245614035
    ],
    "balanced_accuracies": [
      0.7413793103448276,
      0.7931034482758621,
      0.8275862068965517,
      0.7881773399014778,
      0.7721674876847291
    ],
    "mean_accuracy": 0.7846944948578342,
    "std_accuracy": 0.02818649367069306,
    "mean_balanced_accuracy": 0.7844827586206897,
    "std_balanced_accuracy": 0.028126310194325495
  }
}