subject_id,fold_id,channel_index,channel_name,abs_mean_weight,signed_mean_weight,l2_weight,accuracy,balanced_accuracy,prediction_histogram,collapse_ratio,collapse_flag,spatial_delta_l2,spatial_delta_max_abs,spatial_relative_delta,spatial_changed
1,1,0,Fp1,0.10920663,-0.09087171,0.12232274,0.25,0.25,"[4, 4]",0.5,False,0.45417833,0.11485908,0.38054985,True
1,1,1,Fp2,0.08355954,0.05240329,0.09858074,0.25,0.25,"[4, 4]",0.5,False,0.45417833,0.11485908,0.38054985,True
1,1,2,Fz,0.09409408,-0.07506277,0.1030081,0.25,0.25,"[4, 4]",0.5,False,0.45417833,0.11485908,0.38054985,True
1,1,3,F3,0.04308063,-0.00490623,0.05058461,0.25,0.25,"[4, 4]",0.5,False,0.45417833,0.11485908,0.38054985,True
1,1,4,F4,0.10745696,0.03786754,0.11184753,0.25,0.25,"[4, 4]",0.5,False,0.45417833,0.11485908,0.38054985,True
1,1,5,F7,0.10184351,0.0872927,0.11439541,0.25,0.25,"[4, 4]",0.5,False,0.45417833,0.11485908,0.38054985,True
1,1,6,F8,0.05021818,-0.01760488,0.0562334,0.25,0.25,"[4, 4]",0.5,False,0.45417833,0.11485908,0.38054985,True
1,1,7,FCz,0.09125719,0.07199096,0.12349859,0.25,0.25,"[4, 4]",0.5,False,0.45417833,0.11485908,0.38054985,True
1,1,8,FC3,0.02040829,-0.02040829,0.0222457,0.25,0.25,"[4, 4]",0.5,False,0.45417833,0.11485908,0.38054985,True
1,1,9,FC4,0.04616639,-0.03850747,0.05221627,0.25,0.25,"[4, 4]",0.5,False,0.45417833,0.11485908,0.38054985,True
1,1,10,FT7,0.11021025,-0.07699823,0.13740593,0.25,0.25,"[4, 4]",0.5,False,0.45417833,0.11485908,0.38054985,True
1,1,11,FT8,0.11876005,0.06531614,0.1221447,0.25,0.25,"[4, 4]",0.5,False,0.45417833,0.11485908,0.38054985,True
1,1,12,Cz,0.06360986,0.06360986,0.08187227,0.25,0.25,"[4, 4]",0.5,False,0.45417833,0.11485908,0.38054985,True
1,1,13,C3,0.11603497,0.05575609,0.11674263,0.25,0.25,"[4, 4]",0.5,False,0.45417833,0.11485908,0.38054985,True
1,1,14,C4,0.09299657,-0.06801072,0.10457716,0.25,0.25,"[4, 4]",0.5,False,0.45417833,0.11485908,0.38054985,True
1,1,15,T3,0.13439129,0.13439129,0.13588966,0.25,0.25,"[4, 4]",0.5,False,0.45417833,0.11485908,0.38054985,True
1,1,16,T4,0.15476635,0.05206491,0.17719431,0.25,0.25,"[4, 4]",0.5,False,0.45417833,0.11485908,0.38054985,True
1,1,17,CP3,0.0991079,-0.00250059,0.11188838,0.25,0.25,"[4, 4]",0.5,False,0.45417833,0.11485908,0.38054985,True
1,1,18,CP4,0.10107389,0.03616354,0.11726458,0.25,0.25,"[4, 4]",0.5,False,0.45417833,0.11485908,0.38054985,True
1,1,19,TP7,0.07315781,-0.04369972,0.09154808,0.25,0.25,"[4, 4]",0.5,False,0.45417833,0.11485908,0.38054985,True
1,1,20,TP8,0.08718771,0.00372066,0.09986412,0.25,0.25,"[4, 4]",0.5,False,0.45417833,0.11485908,0.38054985,True
1,1,21,Pz,0.14360748,-0.01370626,0.14444461,0.25,0.25,"[4, 4]",0.5,False,0.45417833,0.11485908,0.38054985,True
1,1,22,P3,0.08465887,0.08465887,0.0993868,0.25,0.25,"[4, 4]",0.5,False,0.45417833,0.11485908,0.38054985,True
1,1,23,P4,0.09062441,-0.07875691,0.0990856,0.25,0.25,"[4, 4]",0.5,False,0.45417833,0.11485908,0.38054985,True
1,1,24,T5,0.10234132,0.07058579,0.11870442,0.25,0.25,"[4, 4]",0.5,False,0.45417833,0.11485908,0.38054985,True
1,1,25,T6,0.08674362,-0.01954124,0.09629735,0.25,0.25,"[4, 4]",0.5,False,0.45417833,0.11485908,0.38054985,True
1,1,26,Oz,0.06013665,0.00330716,0.06680843,0.25,0.25,"[4, 4]",0.5,False,0.45417833,0.11485908,0.38054985,True
1,1,27,O1,0.11167172,0.03805539,0.12384225,0.25,0.25,"[4, 4]",0.5,False,0.45417833,0.11485908,0.38054985,True
1,1,28,O2,0.1476112,-0.04434294,0.1562448,0.25,0.25,"[4, 4]",0.5,False,0.45417833,0.11485908,0.38054985,True
1,2,0,Fp1,0.10963031,-0.09659585,0.12267506,0.375,0.375,"[1, 7]",0.875,False,0.01239509,0.00221186,0.01038568,True
1,2,1,Fp2,0.07833795,0.06099752,0.09567029,0.375,0.375,"[1, 7]",0.875,False,0.01239509,0.00221186,0.01038568,True
1,2,2,Fz,0.10489947,-0.09875391,0.11824437,0.375,0.375,"[1, 7]",0.875,False,0.01239509,0.00221186,0.01038568,True
1,2,3,F3,0.0876349,0.02737838,0.09470344,0.375,0.375,"[1, 7]",0.875,False,0.01239509,0.00221186,0.01038568,True
1,2,4,F4,0.09734315,0.01244027,0.10751494,0.375,0.375,"[1, 7]",0.875,False,0.01239509,0.00221186,0.01038568,True
1,2,5,F7,0.08415979,0.08155587,0.09769035,0.375,0.375,"[1, 7]",0.875,False,0.01239509,0.00221186,0.01038568,True
1,2,6,F8,0.0774288,-0.02921432,0.07836275,0.375,0.375,"[1, 7]",0.875,False,0.01239509,0.00221186,0.01038568,True
1,2,7,FCz,0.09841324,0.09841324,0.11389285,0.375,0.375,"[1, 7]",0.875,False,0.01239509,0.00221186,0.01038568,True
1,2,8,FC3,0.03033436,0.00625588,0.03665325,0.375,0.375,"[1, 7]",0.875,False,0.01239509,0.00221186,0.01038568,True
1,2,9,FC4,0.05851726,-0.05851726,0.0765587,0.375,0.375,"[1, 7]",0.875,False,0.01239509,0.00221186,0.01038568,True
1,2,10,FT7,0.09069367,-0.05920919,0.10452145,0.375,0.375,"[1, 7]",0.875,False,0.01239509,0.00221186,0.01038568,True
1,2,11,FT8,0.08017042,-0.00296892,0.09694103,0.375,0.375,"[1, 7]",0.875,False,0.01239509,0.00221186,0.01038568,True
1,2,12,Cz,0.07722872,0.07501344,0.09238406,0.375,0.375,"[1, 7]",0.875,False,0.01239509,0.00221186,0.01038568,True
1,2,13,C3,0.11571525,0.07220641,0.11784828,0.375,0.375,"[1, 7]",0.875,False,0.01239509,0.00221186,0.01038568,True
1,2,14,C4,0.08656257,-0.07557952,0.0968281,0.375,0.375,"[1, 7]",0.875,False,0.01239509,0.00221186,0.01038568,True
1,2,15,T3,0.12656634,0.12656634,0.13190316,0.375,0.375,"[1, 7]",0.875,False,0.01239509,0.00221186,0.01038568,True
1,2,16,T4,0.12287314,0.01376559,0.13501722,0.375,0.375,"[1, 7]",0.875,False,0.01239509,0.00221186,0.01038568,True
1,2,17,CP3,0.12149085,0.03259687,0.13979346,0.375,0.375,"[1, 7]",0.875,False,0.01239509,0.00221186,0.01038568,True
1,2,18,CP4,0.10988415,0.03438133,0.12665293,0.375,0.375,"[1, 7]",0.875,False,0.01239509,0.00221186,0.01038568,True
1,2,19,TP7,0.08390778,-0.01828805,0.09394506,0.375,0.375,"[1, 7]",0.875,False,0.01239509,0.00221186,0.01038568,True
1,2,20,TP8,0.08956206,-0.05921432,0.1084944,0.375,0.375,"[1, 7]",0.875,False,0.01239509,0.00221186,0.01038568,True
1,2,21,Pz,0.15262374,0.00723342,0.15283926,0.375,0.375,"[1, 7]",0.875,False,0.01239509,0.00221186,0.01038568,True
1,2,22,P3,0.10824072,0.10824072,0.11783367,0.375,0.375,"[1, 7]",0.875,False,0.01239509,0.00221186,0.01038568,True
1,2,23,P4,0.10387001,-0.09209361,0.11562906,0.375,0.375,"[1, 7]",0.875,False,0.01239509,0.00221186,0.01038568,True
1,2,24,T5,0.10554105,0.074246,0.11493824,0.375,0.375,"[1, 7]",0.875,False,0.01239509,0.00221186,0.01038568,True
1,2,25,T6,0.081135,-0.06129768,0.09190395,0.375,0.375,"[1, 7]",0.875,False,0.01239509,0.00221186,0.01038568,True
1,2,26,Oz,0.07800195,0.04309376,0.08055871,0.375,0.375,"[1, 7]",0.875,False,0.01239509,0.00221186,0.01038568,True
1,2,27,O1,0.12081676,0.05583034,0.13122487,0.375,0.375,"[1, 7]",0.875,False,0.01239509,0.00221186,0.01038568,True
1,2,28,O2,0.14424665,-0.02255003,0.14673865,0.375,0.375,"[1, 7]",0.875,False,0.01239509,0.00221186,0.01038568,True
1,3,0,Fp1,0.06816411,-0.06416661,0.09014599,0.125,0.125,"[3, 5]",0.625,False,1.16955503,0.29884471,0.97995426,True
1,3,1,Fp2,0.05476801,0.02869629,0.06065917,0.125,0.125,"[3, 5]",0.625,False,1.16955503,0.29884471,0.97995426,True
1,3,2,Fz,0.10691253,-0.10691253,0.1139841,0.125,0.125,"[3, 5]",0.625,False,1.16955503,0.29884471,0.97995426,True
1,3,3,F3,0.08178595,0.04431568,0.10241298,0.125,0.125,"[3, 5]",0.625,False,1.16955503,0.29884471,0.97995426,True
1,3,4,F4,0.07967044,-0.02259909,0.09238672,0.125,0.125,"[3, 5]",0.625,False,1.16955503,0.29884471,0.97995426,True
1,3,5,F7,0.14343107,0.14343107,0.15078904,0.125,0.125,"[3, 5]",0.625,False,1.16955503,0.29884471,0.97995426,True
1,3,6,F8,0.04131031,0.00734924,0.05113487,0.125,0.125,"[3, 5]",0.625,False,1.16955503,0.29884471,0.97995426,True
1,3,7,FCz,0.16746515,0.16164041,0.20689836,0.125,0.125,"[3, 5]",0.625,False,1.16955503,0.29884471,0.97995426,True
1,3,8,FC3,0.08616948,-0.05502957,0.12078412,0.125,0.125,"[3, 5]",0.625,False,1.16955503,0.29884471,0.97995426,True
1,3,9,FC4,0.11902879,0.04092945,0.13471445,0.125,0.125,"[3, 5]",0.625,False,1.16955503,0.29884471,0.97995426,True
1,3,10,FT7,0.0571969,-0.02831803,0.07784229,0.125,0.125,"[3, 5]",0.625,False,1.16955503,0.29884471,0.97995426,True
1,3,11,FT8,0.05693379,0.0167899,0.0625082,0.125,0.125,"[3, 5]",0.625,False,1.16955503,0.29884471,0.97995426,True
1,3,12,Cz,0.08554278,-0.01256884,0.1004401,0.125,0.125,"[3, 5]",0.625,False,1.16955503,0.29884471,0.97995426,True
1,3,13,C3,0.06742007,-0.01918073,0.0719617,0.125,0.125,"[3, 5]",0.625,False,1.16955503,0.29884471,0.97995426,True
1,3,14,C4,0.11045001,-0.0487626,0.1425758,0.125,0.125,"[3, 5]",0.625,False,1.16955503,0.29884471,0.97995426,True
1,3,15,T3,0.08407084,0.06416165,0.09230508,0.125,0.125,"[3, 5]",0.625,False,1.16955503,0.29884471,0.97995426,True
1,3,16,T4,0.11937503,-0.03044724,0.13384749,0.125,0.125,"[3, 5]",0.625,False,1.16955503,0.29884471,0.97995426,True
1,3,17,CP3,0.1218732,0.00132757,0.13381614,0.125,0.125,"[3, 5]",0.625,False,1.16955503,0.29884471,0.97995426,True
1,3,18,CP4,0.08782446,0.03973421,0.0999676,0.125,0.125,"[3, 5]",0.625,False,1.16955503,0.29884471,0.97995426,True
1,3,19,TP7,0.08220013,-0.08220013,0.09538434,0.125,0.125,"[3, 5]",0.625,False,1.16955503,0.29884471,0.97995426,True
1,3,20,TP8,0.0511387,0.03633444,0.06019818,0.125,0.125,"[3, 5]",0.625,False,1.16955503,0.29884471,0.97995426,True
1,3,21,Pz,0.09960128,-0.02429279,0.10811763,0.125,0.125,"[3, 5]",0.625,False,1.16955503,0.29884471,0.97995426,True
1,3,22,P3,0.13018087,0.13018087,0.14535715,0.125,0.125,"[3, 5]",0.625,False,1.16955503,0.29884471,0.97995426,True
1,3,23,P4,0.06786242,0.06415784,0.08243009,0.125,0.125,"[3, 5]",0.625,False,1.16955503,0.29884471,0.97995426,True
1,3,24,T5,0.07129663,-0.00807275,0.08755796,0.125,0.125,"[3, 5]",0.625,False,1.16955503,0.29884471,0.97995426,True
1,3,25,T6,0.12723342,-0.07357295,0.13566552,0.125,0.125,"[3, 5]",0.625,False,1.16955503,0.29884471,0.97995426,True
1,3,26,Oz,0.11851074,-0.00753262,0.12777537,0.125,0.125,"[3, 5]",0.625,False,1.16955503,0.29884471,0.97995426,True
1,3,27,O1,0.10538563,0.08133233,0.13381906,0.125,0.125,"[3, 5]",0.625,False,1.16955503,0.29884471,0.97995426,True
1,3,28,O2,0.11279584,-0.04674397,0.12823625,0.125,0.125,"[3, 5]",0.625,False,1.16955503,0.29884471,0.97995426,True
1,4,0,Fp1,0.07876699,-0.06550576,0.08929881,0.375,0.375,"[5, 3]",0.625,False,0.89777584,0.21984582,0.75223417,True
1,4,1,Fp2,0.0713219,0.01182744,0.07339343,0.375,0.375,"[5, 3]",0.625,False,0.89777584,0.21984582,0.75223417,True
1,4,2,Fz,0.0464862,-0.04620456,0.06697799,0.375,0.375,"[5, 3]",0.625,False,0.89777584,0.21984582,0.75223417,True
1,4,3,F3,0.07862923,0.02308463,0.08818609,0.375,0.375,"[5, 3]",0.625,False,0.89777584,0.21984582,0.75223417,True
1,4,4,F4,0.10564793,0.03440546,0.11220188,0.375,0.375,"[5, 3]",0.625,False,0.89777584,0.21984582,0.75223417,True
1,4,5,F7,0.12945443,0.12945443,0.13836057,0.375,0.375,"[5, 3]",0.625,False,0.89777584,0.21984582,0.75223417,True
1,4,6,F8,0.02877116,0.02141234,0.04027861,0.375,0.375,"[5, 3]",0.625,False,0.89777584,0.21984582,0.75223417,True
1,4,7,FCz,0.12072652,0.04711421,0.14369462,0.375,0.375,"[5, 3]",0.625,False,0.89777584,0.21984582,0.75223417,True
1,4,8,FC3,0.07764266,-0.03831749,0.09531958,0.375,0.375,"[5, 3]",0.625,False,0.89777584,0.21984582,0.75223417,True
1,4,9,FC4,0.07627732,0.04025462,0.08193413,0.375,0.375,"[5, 3]",0.625,False,0.89777584,0.21984582,0.75223417,True
1,4,10,FT7,0.08406728,-0.06178839,0.08952539,0.375,0.375,"[5, 3]",0.625,False,0.89777584,0.21984582,0.75223417,True
1,4,11,FT8,0.07571938,-0.00978931,0.10640351,0.375,0.375,"[5, 3]",0.625,False,0.89777584,0.21984582,0.75223417,True
1,4,12,Cz,0.10507219,0.10507219,0.1084334,0.375,0.375,"[5, 3]",0.625,False,0.89777584,0.21984582,0.75223417,True
1,4,13,C3,0.0805461,0.01878412,0.08983085,0.375,0.375,"[5, 3]",0.625,False,0.89777584,0.21984582,0.75223417,True
1,4,14,C4,0.11855546,-0.09035374,0.15536845,0.375,0.375,"[5, 3]",0.625,False,0.89777584,0.21984582,0.75223417,True
1,4,15,T3,0.1252079,0.1252079,0.1464669,0.375,0.375,"[5, 3]",0.625,False,0.89777584,0.21984582,0.75223417,True
1,4,16,T4,0.1670308,-0.04108386,0.1806138,0.375,0.375,"[5, 3]",0.625,False,0.89777584,0.21984582,0.75223417,True
1,4,17,CP3,0.0869886,-0.01790393,0.10116884,0.375,0.375,"[5, 3]",0.625,False,0.89777584,0.21984582,0.75223417,True
1,4,18,CP4,0.12458602,0.03197451,0.1376258,0.375,0.375,"[5, 3]",0.625,False,0.89777584,0.21984582,0.75223417,True
1,4,19,TP7,0.06692455,-0.05099999,0.0801181,0.375,0.375,"[5, 3]",0.625,False,0.89777584,0.21984582,0.75223417,True
1,4,20,TP8,0.06294225,-0.05185544,0.08340353,0.375,0.375,"[5, 3]",0.625,False,0.89777584,0.21984582,0.75223417,True
1,4,21,Pz,0.16171966,-0.08111122,0.18331465,0.375,0.375,"[5, 3]",0.625,False,0.89777584,0.21984582,0.75223417,True
1,4,22,P3,0.07912323,0.03509457,0.09177062,0.375,0.375,"[5, 3]",0.625,False,0.89777584,0.21984582,0.75223417,True
1,4,23,P4,0.06051107,0.00480763,0.06765186,0.375,0.375,"[5, 3]",0.625,False,0.89777584,0.21984582,0.75223417,True
1,4,24,T5,0.08776916,0.03824547,0.09559724,0.375,0.375,"[5, 3]",0.625,False,0.89777584,0.21984582,0.75223417,True
1,4,25,T6,0.08773985,0.00404084,0.08997433,0.375,0.375,"[5, 3]",0.625,False,0.89777584,0.21984582,0.75223417,True
1,4,26,Oz,0.10175182,-0.00205198,0.10654695,0.375,0.375,"[5, 3]",0.625,False,0.89777584,0.21984582,0.75223417,True
1,4,27,O1,0.11283527,0.03449923,0.12293326,0.375,0.375,"[5, 3]",0.625,False,0.89777584,0.21984582,0.75223417,True
1,4,28,O2,0.20005324,-0.0088108,0.20161316,0.375,0.375,"[5, 3]",0.625,False,0.89777584,0.21984582,0.75223417,True
1,5,0,Fp1,0.10630382,-0.09293757,0.11929234,0.625,0.625,"[5, 3]",0.625,False,0.15114509,0.03083368,0.12664241,True
1,5,1,Fp2,0.07113815,0.05238777,0.09019528,0.625,0.625,"[5, 3]",0.625,False,0.15114509,0.03083368,0.12664241,True
1,5,2,Fz,0.09260501,-0.09133504,0.10642223,0.625,0.625,"[5, 3]",0.625,False,0.15114509,0.03083368,0.12664241,True
1,5,3,F3,0.08588207,0.025658,0.09500393,0.625,0.625,"[5, 3]",0.625,False,0.15114509,0.03083368,0.12664241,True
1,5,4,F4,0.09092484,0.01090094,0.10509689,0.625,0.625,"[5, 3]",0.625,False,0.15114509,0.03083368,0.12664241,True
1,5,5,F7,0.09273989,0.09273989,0.10589244,0.625,0.625,"[5, 3]",0.625,False,0.15114509,0.03083368,0.12664241,True
1,5,6,F8,0.0850092,-0.03830761,0.08564857,0.625,0.625,"[5, 3]",0.625,False,0.15114509,0.03083368,0.12664241,True
1,5,7,FCz,0.10142441,0.09786257,0.12111451,0.625,0.625,"[5, 3]",0.625,False,0.15114509,0.03083368,0.12664241,True
1,5,8,FC3,0.01742298,0.00086706,0.02046079,0.625,0.625,"[5, 3]",0.625,False,0.15114509,0.03083368,0.12664241,True
1,5,9,FC4,0.06469922,-0.06469922,0.07942017,0.625,0.625,"[5, 3]",0.625,False,0.15114509,0.03083368,0.12664241,True
1,5,10,FT7,0.09177029,-0.05241711,0.10063723,0.625,0.625,"[5, 3]",0.625,False,0.15114509,0.03083368,0.12664241,True
1,5,11,FT8,0.08024542,0.00460726,0.09747899,0.625,0.625,"[5, 3]",0.625,False,0.15114509,0.03083368,0.12664241,True
1,5,12,Cz,0.08610564,0.0805126,0.1009118,0.625,0.625,"[5, 3]",0.625,False,0.15114509,0.03083368,0.12664241,True
1,5,13,C3,0.1167632,0.07813294,0.12116157,0.625,0.625,"[5, 3]",0.625,False,0.15114509,0.03083368,0.12664241,True
1,5,14,C4,0.09389521,-0.08708897,0.10834394,0.625,0.625,"[5, 3]",0.625,False,0.15114509,0.03083368,0.12664241,True
1,5,15,T3,0.13072285,0.13072285,0.13219266,0.625,0.625,"[5, 3]",0.625,False,0.15114509,0.03083368,0.12664241,True
1,5,16,T4,0.12881437,0.00463527,0.13753305,0.625,0.625,"[5, 3]",0.625,False,0.15114509,0.03083368,0.12664241,True
1,5,17,CP3,0.1369894,0.03303858,0.15086691,0.625,0.625,"[5, 3]",0.625,False,0.15114509,0.03083368,0.12664241,True
1,5,18,CP4,0.10051064,0.03431177,0.11583065,0.625,0.625,"[5, 3]",0.625,False,0.15114509,0.03083368,0.12664241,True
1,5,19,TP7,0.09068002,-0.02336211,0.10434983,0.625,0.625,"[5, 3]",0.625,False,0.15114509,0.03083368,0.12664241,True
1,5,20,TP8,0.08446676,-0.06080133,0.10575327,0.625,0.625,"[5, 3]",0.625,False,0.15114509,0.03083368,0.12664241,True
1,5,21,Pz,0.14738019,0.00488453,0.14751883,0.625,0.625,"[5, 3]",0.625,False,0.15114509,0.03083368,0.12664241,True
1,5,22,P3,0.11262739,0.11262739,0.12127855,0.625,0.625,"[5, 3]",0.625,False,0.15114509,0.03083368,0.12664241,True
1,5,23,P4,0.09924854,-0.08590896,0.11019461,0.625,0.625,"[5, 3]",0.625,False,0.15114509,0.03083368,0.12664241,True
1,5,24,T5,0.1175922,0.07580586,0.12710021,0.625,0.625,"[5, 3]",0.625,False,0.15114509,0.03083368,0.12664241,True
1,5,25,T6,0.0838636,-0.0549705,0.0935118,0.625,0.625,"[5, 3]",0.625,False,0.15114509,0.03083368,0.12664241,True
1,5,26,Oz,0.08512143,0.04015156,0.0865964,0.625,0.625,"[5, 3]",0.625,False,0.15114509,0.03083368,0.12664241,True
1,5,27,O1,0.12514019,0.05752271,0.1354617,0.625,0.625,"[5, 3]",0.625,False,0.15114509,0.03083368,0.12664241,True
1,5,28,O2,0.14718167,-0.0189152,0.14934205,0.625,0.625,"[5, 3]",0.625,False,0.15114509,0.03083368,0.12664241,True
2,1,0,Fp1,0.11558227,-0.11385003,0.13728006,0.75,0.75,"[2, 6]",0.75,False,0.36134123,0.08427939,0.30276291,True
2,1,1,Fp2,0.0708243,0.05761623,0.09284928,0.75,0.75,"[2, 6]",0.75,False,0.36134123,0.08427939,0.30276291,True
2,1,2,Fz,0.10980244,-0.10980244,0.12632199,0.75,0.75,"[2, 6]",0.75,False,0.36134123,0.08427939,0.30276291,True
2,1,3,F3,0.11147863,0.0354994,0.12037083,0.75,0.75,"[2, 6]",0.75,False,0.36134123,0.08427939,0.30276291,True
2,1,4,F4,0.12592436,0.00546774,0.14659655,0.75,0.75,"[2, 6]",0.75,False,0.36134123,0.08427939,0.30276291,True
2,1,5,F7,0.06661634,0.05849664,0.07602087,0.75,0.75,"[2, 6]",0.75,False,0.36134123,0.08427939,0.30276291,True
2,1,6,F8,0.06386249,-0.01628672,0.06770395,0.75,0.75,"[2, 6]",0.75,False,0.36134123,0.08427939,0.30276291,True
2,1,7,FCz,0.1222456,0.1222456,0.15216304,0.75,0.75,"[2, 6]",0.75,False,0.36134123,0.08427939,0.30276291,True
2,1,8,FC3,0.02489893,-0.00954796,0.02745263,0.75,0.75,"[2, 6]",0.75,False,0.36134123,0.08427939,0.30276291,True
2,1,9,FC4,0.04862295,-0.04535953,0.06223474,0.75,0.75,"[2, 6]",0.75,False,0.36134123,0.08427939,0.30276291,True
2,1,10,FT7,0.09962539,-0.07831214,0.11540081,0.75,0.75,"[2, 6]",0.75,False,0.36134123,0.08427939,0.30276291,True
2,1,11,FT8,0.07543456,0.00603455,0.09666878,0.75,0.75,"[2, 6]",0.75,False,0.36134123,0.08427939,0.30276291,True
2,1,12,Cz,0.11474606,0.0960279,0.13775735,0.75,0.75,"[2, 6]",0.75,False,0.36134123,0.08427939,0.30276291,True
2,1,13,C3,0.09202594,0.07397702,0.10286413,0.75,0.75,"[2, 6]",0.75,False,0.36134123,0.08427939,0.30276291,True
2,1,14,C4,0.10619105,-0.05352107,0.11207996,0.75,0.75,"[2, 6]",0.75,False,0.36134123,0.08427939,0.30276291,True
2,1,15,T3,0.10350215,0.10350215,0.10495015,0.75,0.75,"[2, 6]",0.75,False,0.36134123,0.08427939,0.30276291,True
2,1,16,T4,0.11018509,0.02158367,0.11477038,0.75,0.75,"[2, 6]",0.75,False,0.36134123,0.08427939,0.30276291,True
2,1,17,CP3,0.13021588,0.02343456,0.15423404,0.75,0.75,"[2, 6]",0.75,False,0.36134123,0.08427939,0.30276291,True
2,1,18,CP4,0.09834652,0.0444549,0.10620552,0.75,0.75,"[2, 6]",0.75,False,0.36134123,0.08427939,0.30276291,True
2,1,19,TP7,0.0869886,-0.04178824,0.10228996,0.75,0.75,"[2, 6]",0.75,False,0.36134123,0.08427939,0.30276291,True
2,1,20,TP8,0.06586879,-0.04906308,0.0833955,0.75,0.75,"[2, 6]",0.75,False,0.36134123,0.08427939,0.30276291,True
2,1,21,Pz,0.14029615,0.0215631,0.14297436,0.75,0.75,"[2, 6]",0.75,False,0.36134123,0.08427939,0.30276291,True
2,1,22,P3,0.09377699,0.09377699,0.10398279,0.75,0.75,"[2, 6]",0.75,False,0.36134123,0.08427939,0.30276291,True
2,1,23,P4,0.09423331,-0.08053828,0.10725939,0.75,0.75,"[2, 6]",0.75,False,0.36134123,0.08427939,0.30276291,True
2,1,24,T5,0.08238147,0.04913042,0.08783619,0.75,0.75,"[2, 6]",0.75,False,0.36134123,0.08427939,0.30276291,True
2,1,25,T6,0.07867041,-0.03822546,0.08399642,0.75,0.75,"[2, 6]",0.75,False,0.36134123,0.08427939,0.30276291,True
2,1,26,Oz,0.08266447,0.06509158,0.08869264,0.75,0.75,"[2, 6]",0.75,False,0.36134123,0.08427939,0.30276291,True
2,1,27,O1,0.12410283,0.05129736,0.13345225,0.75,0.75,"[2, 6]",0.75,False,0.36134123,0.08427939,0.30276291,True
2,1,28,O2,0.14476183,0.00638036,0.14558712,0.75,0.75,"[2, 6]",0.75,False,0.36134123,0.08427939,0.30276291,True
2,2,0,Fp1,0.05911275,-0.01276744,0.07822282,0.5,0.5,"[4, 4]",0.5,False,1.05663039,0.29388028,0.88533624,True
2,2,1,Fp2,0.03719772,0.02080991,0.05716789,0.5,0.5,"[4, 4]",0.5,False,1.05663039,0.29388028,0.88533624,True
2,2,2,Fz,0.10292536,-0.10083941,0.12882046,0.5,0.5,"[4, 4]",0.5,False,1.05663039,0.29388028,0.88533624,True
2,2,3,F3,0.08230732,-0.02854182,0.08695094,0.5,0.5,"[4, 4]",0.5,False,1.05663039,0.29388028,0.88533624,True
2,2,4,F4,0.05349372,0.05349372,0.05521014,0.5,0.5,"[4, 4]",0.5,False,1.05663039,0.29388028,0.88533624,True
2,2,5,F7,0.03108051,-0.00081132,0.03305456,0.5,0.5,"[4, 4]",0.5,False,1.05663039,0.29388028,0.88533624,True
2,2,6,F8,0.02225148,-0.01581438,0.02766546,0.5,0.5,"[4, 4]",0.5,False,1.05663039,0.29388028,0.88533624,True
2,2,7,FCz,0.15540627,0.15540627,0.15673883,0.5,0.5,"[4, 4]",0.5,False,1.05663039,0.29388028,0.88533624,True
2,2,8,FC3,0.09555587,-0.03117703,0.09876671,0.5,0.5,"[4, 4]",0.5,False,1.05663039,0.29388028,0.88533624,True
2,2,9,FC4,0.13493472,-0.13493472,0.13828513,0.5,0.5,"[4, 4]",0.5,False,1.05663039,0.29388028,0.88533624,True
2,2,10,FT7,0.06428204,0.05678299,0.0940434,0.5,0.5,"[4, 4]",0.5,False,1.05663039,0.29388028,0.88533624,True
2,2,11,FT8,0.04271691,0.01585135,0.04915782,0.5,0.5,"[4, 4]",0.5,False,1.05663039,0.29388028,0.88533624,True
2,2,12,Cz,0.25536263,0.15976802,0.26647216,0.5,0.5,"[4, 4]",0.5,False,1.05663039,0.29388028,0.88533624,True
2,2,13,C3,0.14433831,0.07313342,0.16422297,0.5,0.5,"[4, 4]",0.5,False,1.05663039,0.29388028,0.88533624,True
2,2,14,C4,0.17149085,-0.08786678,0.17536157,0.5,0.5,"[4, 4]",0.5,False,1.05663039,0.29388028,0.88533624,True
2,2,15,T3,0.08017799,0.03013477,0.09299711,0.5,0.5,"[4, 4]",0.5,False,1.05663039,0.29388028,0.88533624,True
2,2,16,T4,0.08360629,-0.00763241,0.08900913,0.5,0.5,"[4, 4]",0.5,False,1.05663039,0.29388028,0.88533624,True
2,2,17,CP3,0.07817078,0.01483469,0.10613357,0.5,0.5,"[4, 4]",0.5,False,1.05663039,0.29388028,0.88533624,True
2,2,18,CP4,0.11427078,0.06310253,0.14670996,0.5,0.5,"[4, 4]",0.5,False,1.05663039,0.29388028,0.88533624,True
2,2,19,TP7,0.10836263,0.01680014,0.12346214,0.5,0.5,"[4, 4]",0.5,False,1.05663039,0.29388028,0.88533624,True
2,2,20,TP8,0.06965097,0.00477426,0.08179715,0.5,0.5,"[4, 4]",0.5,False,1.05663039,0.29388028,0.88533624,True
2,2,21,Pz,0.13105799,0.08430634,0.15714416,0.5,0.5,"[4, 4]",0.5,False,1.05663039,0.29388028,0.88533624,True
2,2,22,P3,0.05481588,0.04807062,0.064459,0.5,0.5,"[4, 4]",0.5,False,1.05663039,0.29388028,0.88533624,True
2,2,23,P4,0.15777929,-0.15777929,0.16511461,0.5,0.5,"[4, 4]",0.5,False,1.05663039,0.29388028,0.88533624,True
2,2,24,T5,0.09744231,0.09716972,0.1215687,0.5,0.5,"[4, 4]",0.5,False,1.05663039,0.29388028,0.88533624,True
2,2,25,T6,0.03125253,-0.01655914,0.03703469,0.5,0.5,"[4, 4]",0.5,False,1.05663039,0.29388028,0.88533624,True
2,2,26,Oz,0.09465215,0.00159744,0.09593864,0.5,0.5,"[4, 4]",0.5,False,1.05663039,0.29388028,0.88533624,True
2,2,27,O1,0.10761426,-0.02146475,0.11419017,0.5,0.5,"[4, 4]",0.5,False,1.05663039,0.29388028,0.88533624,True
2,2,28,O2,0.16043779,-0.02190185,0.16623609,0.5,0.5,"[4, 4]",0.5,False,1.05663039,0.29388028,0.88533624,True
2,3,0,Fp1,0.04069928,-0.02824246,0.05700234,0.5,0.5,"[4, 4]",0.5,False,1.27838816,0.39322014,1.07114406,True
2,3,1,Fp2,0.0369374,0.01268585,0.0429914,0.5,0.5,"[4, 4]",0.5,False,1.27838816,0.39322014,1.07114406,True
2,3,2,Fz,0.11006419,-0.11006419,0.1237187,0.5,0.5,"[4, 4]",0.5,False,1.27838816,0.39322014,1.07114406,True
2,3,3,F3,0.09823443,0.03566653,0.10517702,0.5,0.5,"[4, 4]",0.5,False,1.27838816,0.39322014,1.07114406,True
2,3,4,F4,0.0909021,0.04540245,0.10243393,0.5,0.5,"[4, 4]",0.5,False,1.27838816,0.39322014,1.07114406,True
2,3,5,F7,0.04825931,0.04825931,0.05494717,0.5,0.5,"[4, 4]",0.5,False,1.27838816,0.39322014,1.07114406,True
2,3,6,F8,0.0367574,0.0336722,0.04489949,0.5,0.5,"[4, 4]",0.5,False,1.27838816,0.39322014,1.07114406,True
2,3,7,FCz,0.10888445,0.10888445,0.12061277,0.5,0.5,"[4, 4]",0.5,False,1.27838816,0.39322014,1.07114406,True
2,3,8,FC3,0.0584986,-0.05600563,0.09149202,0.5,0.5,"[4, 4]",0.5,False,1.27838816,0.39322014,1.07114406,True
2,3,9,FC4,0.11419644,-0.04720581,0.12371644,0.5,0.5,"[4, 4]",0.5,False,1.27838816,0.39322014,1.07114406,True
2,3,10,FT7,0.07025805,0.04572222,0.10370683,0.5,0.5,"[4, 4]",0.5,False,1.27838816,0.39322014,1.07114406,True
2,3,11,FT8,0.05596159,0.00322999,0.06504871,0.5,0.5,"[4, 4]",0.5,False,1.27838816,0.39322014,1.07114406,True
2,3,12,Cz,0.11611242,-0.00138601,0.12006505,0.5,0.5,"[4, 4]",0.5,False,1.27838816,0.39322014,1.07114406,True
2,3,13,C3,0.13770267,0.13770267,0.1828137,0.5,0.5,"[4, 4]",0.5,False,1.27838816,0.39322014,1.07114406,True
2,3,14,C4,0.2894257,0.02235542,0.29204148,0.5,0.5,"[4, 4]",0.5,False,1.27838816,0.39322014,1.07114406,True
2,3,15,T3,0.06145056,0.04638108,0.07990897,0.5,0.5,"[4, 4]",0.5,False,1.27838816,0.39322014,1.07114406,True
2,3,16,T4,0.08796339,0.08742112,0.10787055,0.5,0.5,"[4, 4]",0.5,False,1.27838816,0.39322014,1.07114406,True
2,3,17,CP3,0.15709555,-0.01946693,0.19691312,0.5,0.5,"[4, 4]",0.5,False,1.27838816,0.39322014,1.07114406,True
2,3,18,CP4,0.08679564,0.01795644,0.11953805,0.5,0.5,"[4, 4]",0.5,False,1.27838816,0.39322014,1.07114406,True
2,3,19,TP7,0.07567275,-0.05468379,0.08330117,0.5,0.5,"[4, 4]",0.5,False,1.27838816,0.39322014,1.07114406,True
2,3,20,TP8,0.0553394,-0.01216781,0.06223814,0.5,0.5,"[4, 4]",0.5,False,1.27838816,0.39322014,1.07114406,True
2,3,21,Pz,0.09946166,0.09750699,0.15185152,0.5,0.5,"[4, 4]",0.5,False,1.27838816,0.39322014,1.07114406,True
2,3,22,P3,0.09677742,0.01545134,0.12416841,0.5,0.5,"[4, 4]",0.5,False,1.27838816,0.39322014,1.07114406,True
2,3,23,P4,0.14613689,-0.08637515,0.15911041,0.5,0.5,"[4, 4]",0.5,False,1.27838816,0.39322014,1.07114406,True
2,3,24,T5,0.15061028,-0.00650909,0.1546317,0.5,0.5,"[4, 4]",0.5,False,1.27838816,0.39322014,1.07114406,True
2,3,25,T6,0.04936891,-0.04289629,0.07119486,0.5,0.5,"[4, 4]",0.5,False,1.27838816,0.39322014,1.07114406,True
2,3,26,Oz,0.03017044,0.02507684,0.05017663,0.5,0.5,"[4, 4]",0.5,False,1.27838816,0.39322014,1.07114406,True
2,3,27,O1,0.08775194,0.00731292,0.11114126,0.5,0.5,"[4, 4]",0.5,False,1.27838816,0.39322014,1.07114406,True
2,3,28,O2,0.10697555,-0.01578166,0.11842413,0.5,0.5,"[4, 4]",0.5,False,1.27838816,0.39322014,1.07114406,True
2,4,0,Fp1,0.11067994,-0.09606382,0.12329611,0.5,0.5,"[0, 8]",1.0,True,0.01426481,0.00229824,0.01195229,True
2,4,1,Fp2,0.07642446,0.06067918,0.09410238,0.5,0.5,"[0, 8]",1.0,True,0.01426481,0.00229824,0.01195229,True
2,4,2,Fz,0.10344749,-0.09856187,0.11730571,0.5,0.5,"[0, 8]",1.0,True,0.01426481,0.00229824,0.01195229,True
2,4,3,F3,0.08820949,0.02764785,0.09522145,0.5,0.5,"[0, 8]",1.0,True,0.01426481,0.00229824,0.01195229,True
2,4,4,F4,0.09798411,0.01235377,0.10858749,0.5,0.5,"[0, 8]",1.0,True,0.01426481,0.00229824,0.01195229,True
2,4,5,F7,0.08397007,0.08165475,0.09759964,0.5,0.5,"[0, 8]",1.0,True,0.01426481,0.00229824,0.01195229,True
2,4,6,F8,0.07706386,-0.02890381,0.07811445,0.5,0.5,"[0, 8]",1.0,True,0.01426481,0.00229824,0.01195229,True
2,4,7,FCz,0.09918357,0.09918357,0.11503771,0.5,0.5,"[0, 8]",1.0,True,0.01426481,0.00229824,0.01195229,True
2,4,8,FC3,0.03119697,0.00664245,0.03707569,0.5,0.5,"[0, 8]",1.0,True,0.01426481,0.00229824,0.01195229,True
2,4,9,FC4,0.05754144,-0.05754144,0.07576781,0.5,0.5,"[0, 8]",1.0,True,0.01426481,0.00229824,0.01195229,True
2,4,10,FT7,0.09168549,-0.05875793,0.10503574,0.5,0.5,"[0, 8]",1.0,True,0.01426481,0.00229824,0.01195229,True
2,4,11,FT8,0.08107568,-0.0031805,0.09755923,0.5,0.5,"[0, 8]",1.0,True,0.01426481,0.00229824,0.01195229,True
2,4,12,Cz,0.07744886,0.07695788,0.09375481,0.5,0.5,"[0, 8]",1.0,True,0.01426481,0.00229824,0.01195229,True
2,4,13,C3,0.11625778,0.07332421,0.11849011,0.5,0.5,"[0, 8]",1.0,True,0.01426481,0.00229824,0.01195229,True
2,4,14,C4,0.08590955,-0.07511592,0.09621925,0.5,0.5,"[0, 8]",1.0,True,0.01426481,0.00229824,0.01195229,True
2,4,15,T3,0.12595055,0.12595055,0.13097455,0.5,0.5,"[0, 8]",1.0,True,0.01426481,0.00229824,0.01195229,True
2,4,16,T4,0.12225413,0.0126074,0.13463373,0.5,0.5,"[0, 8]",1.0,True,0.01426481,0.00229824,0.01195229,True
2,4,17,CP3,0.12086804,0.03351881,0.13948408,0.5,0.5,"[0, 8]",1.0,True,0.01426481,0.00229824,0.01195229,True
2,4,18,CP4,0.11082633,0.03489888,0.12706709,0.5,0.5,"[0, 8]",1.0,True,0.01426481,0.00229824,0.01195229,True
2,4,19,TP7,0.08340563,-0.01912261,0.09383126,0.5,0.5,"[0, 8]",1.0,True,0.01426481,0.00229824,0.01195229,True
2,4,20,TP8,0.0879371,-0.05922997,0.10719298,0.5,0.5,"[0, 8]",1.0,True,0.01426481,0.00229824,0.01195229,True
2,4,21,Pz,0.15323812,0.00721971,0.15345348,0.5,0.5,"[0, 8]",1.0,True,0.01426481,0.00229824,0.01195229,True
2,4,22,P3,0.10891059,0.10891059,0.1178924,0.5,0.5,"[0, 8]",1.0,True,0.01426481,0.00229824,0.01195229,True
2,4,23,P4,0.1047053,-0.09266444,0.1167455,0.5,0.5,"[0, 8]",1.0,True,0.01426481,0.00229824,0.01195229,True
2,4,24,T5,0.10522519,0.07333828,0.11503942,0.5,0.5,"[0, 8]",1.0,True,0.01426481,0.00229824,0.01195229,True
2,4,25,T6,0.08166756,-0.0619574,0.09260514,0.5,0.5,"[0, 8]",1.0,True,0.01426481,0.00229824,0.01195229,True
2,4,26,Oz,0.07809601,0.042768,0.08017964,0.5,0.5,"[0, 8]",1.0,True,0.01426481,0.00229824,0.01195229,True
2,4,27,O1,0.12281099,0.0560451,0.13307416,0.5,0.5,"[0, 8]",1.0,True,0.01426481,0.00229824,0.01195229,True
2,4,28,O2,0.1439064,-0.0231865,0.14661893,0.5,0.5,"[0, 8]",1.0,True,0.01426481,0.00229824,0.01195229,True
2,5,0,Fp1,0.1106545,-0.09616704,0.12323464,0.5,0.5,"[0, 8]",1.0,True,0.01460833,0.00232037,0.01224012,True
2,5,1,Fp2,0.07621318,0.06054933,0.09391885,0.5,0.5,"[0, 8]",1.0,True,0.01460833,0.00232037,0.01224012,True
2,5,2,Fz,0.10357528,-0.0985536,0.11737362,0.5,0.5,"[0, 8]",1.0,True,0.01460833,0.00232037,0.01224012,True
2,5,3,F3,0.08814442,0.0284707,0.09485398,0.5,0.5,"[0, 8]",1.0,True,0.01460833,0.00232037,0.01224012,True
2,5,4,F4,0.09788939,0.01209941,0.1084858,0.5,0.5,"[0, 8]",1.0,True,0.01460833,0.00232037,0.01224012,True
2,5,5,F7,0.08405145,0.08188576,0.09761623,0.5,0.5,"[0, 8]",1.0,True,0.01460833,0.00232037,0.01224012,True
2,5,6,F8,0.07797995,-0.03020859,0.07892174,0.5,0.5,"[0, 8]",1.0,True,0.01460833,0.00232037,0.01224012,True
2,5,7,FCz,0.10002576,0.10002576,0.11525909,0.5,0.5,"[0, 8]",1.0,True,0.01460833,0.00232037,0.01224012,True
2,5,8,FC3,0.03191476,0.0071045,0.03816705,0.5,0.5,"[0, 8]",1.0,True,0.01460833,0.00232037,0.01224012,True
2,5,9,FC4,0.05766072,-0.05766072,0.07594626,0.5,0.5,"[0, 8]",1.0,True,0.01460833,0.00232037,0.01224012,True
2,5,10,FT7,0.09109674,-0.05848501,0.10432279,0.5,0.5,"[0, 8]",1.0,True,0.01460833,0.00232037,0.01224012,True
2,5,11,FT8,0.07989211,-0.00405121,0.09700887,0.5,0.5,"[0, 8]",1.0,True,0.01460833,0.00232037,0.01224012,True
2,5,12,Cz,0.07740469,0.07702579,0.09383012,0.5,0.5,"[0, 8]",1.0,True,0.01460833,0.00232037,0.01224012,True
2,5,13,C3,0.11607113,0.0742569,0.11849143,0.5,0.5,"[0, 8]",1.0,True,0.01460833,0.00232037,0.01224012,True
2,5,14,C4,0.08511172,-0.07473317,0.09535552,0.5,0.5,"[0, 8]",1.0,True,0.01460833,0.00232037,0.01224012,True
2,5,15,T3,0.12645501,0.12645501,0.13146673,0.5,0.5,"[0, 8]",1.0,True,0.01460833,0.00232037,0.01224012,True
2,5,16,T4,0.12199666,0.01277535,0.1343056,0.5,0.5,"[0, 8]",1.0,True,0.01460833,0.00232037,0.01224012,True
2,5,17,CP3,0.12053767,0.03403397,0.13940783,0.5,0.5,"[0, 8]",1.0,True,0.01460833,0.00232037,0.01224012,True
2,5,18,CP4,0.11117484,0.03500601,0.12728664,0.5,0.5,"[0, 8]",1.0,True,0.01460833,0.00232037,0.01224012,True
2,5,19,TP7,0.08367774,-0.01882038,0.09374494,0.5,0.5,"[0, 8]",1.0,True,0.01460833,0.00232037,0.01224012,True
2,5,20,TP8,0.08853284,-0.05971482,0.10788669,0.5,0.5,"[0, 8]",1.0,True,0.01460833,0.00232037,0.01224012,True
2,5,21,Pz,0.15361565,0.00802637,0.15386412,0.5,0.5,"[0, 8]",1.0,True,0.01460833,0.00232037,0.01224012,True
2,5,22,P3,0.10915872,0.10915872,0.1179084,0.5,0.5,"[0, 8]",1.0,True,0.01460833,0.00232037,0.01224012,True
2,5,23,P4,0.10472792,-0.09259327,0.11673179,0.5,0.5,"[0, 8]",1.0,True,0.01460833,0.00232037,0.01224012,True
2,5,24,T5,0.10426295,0.0728689,0.11401127,0.5,0.5,"[0, 8]",1.0,True,0.01460833,0.00232037,0.01224012,True
2,5,25,T6,0.08150293,-0.06229954,0.09272662,0.5,0.5,"[0, 8]",1.0,True,0.01460833,0.00232037,0.01224012,True
2,5,26,Oz,0.07771602,0.04292572,0.07981226,0.5,0.5,"[0, 8]",1.0,True,0.01460833,0.00232037,0.01224012,True
2,5,27,O1,0.12316151,0.05626997,0.13334849,0.5,0.5,"[0, 8]",1.0,True,0.01460833,0.00232037,0.01224012,True
2,5,28,O2,0.143641,-0.02322167,0.14639084,0.5,0.5,"[0, 8]",1.0,True,0.01460833,0.00232037,0.01224012,True
3,1,0,Fp1,0.10994042,-0.09617323,0.12290268,0.5,0.5,"[0, 8]",1.0,True,0.01173531,0.00217025,0.00983286,True
3,1,1,Fp2,0.0774266,0.06155879,0.09532467,0.5,0.5,"[0, 8]",1.0,True,0.01173531,0.00217025,0.00983286,True
3,1,2,Fz,0.10327151,-0.09801827,0.11682179,0.5,0.5,"[0, 8]",1.0,True,0.01173531,0.00217025,0.00983286,True
3,1,3,F3,0.0874979,0.02781652,0.09452873,0.5,0.5,"[0, 8]",1.0,True,0.01173531,0.00217025,0.00983286,True
3,1,4,F4,0.09814337,0.01263165,0.10832804,0.5,0.5,"[0, 8]",1.0,True,0.01173531,0.00217025,0.00983286,True
3,1,5,F7,0.08364467,0.08149422,0.09728935,0.5,0.5,"[0, 8]",1.0,True,0.01173531,0.00217025,0.00983286,True
3,1,6,F8,0.07729404,-0.02850355,0.0783739,0.5,0.5,"[0, 8]",1.0,True,0.01173531,0.00217025,0.00983286,True
3,1,7,FCz,0.09887779,0.09887779,0.11428148,0.5,0.5,"[0, 8]",1.0,True,0.01173531,0.00217025,0.00983286,True
3,1,8,FC3,0.03075415,0.0063804,0.0370864,0.5,0.5,"[0, 8]",1.0,True,0.01173531,0.00217025,0.00983286,True
3,1,9,FC4,0.05820293,-0.05820293,0.07664067,0.5,0.5,"[0, 8]",1.0,True,0.01173531,0.00217025,0.00983286,True
3,1,10,FT7,0.08981539,-0.05755296,0.10391946,0.5,0.5,"[0, 8]",1.0,True,0.01173531,0.00217025,0.00983286,True
3,1,11,FT8,0.08016522,-0.00428685,0.09691114,0.5,0.5,"[0, 8]",1.0,True,0.01173531,0.00217025,0.00983286,True
3,1,12,Cz,0.07720989,0.07510859,0.09242573,0.5,0.5,"[0, 8]",1.0,True,0.01173531,0.00217025,0.00983286,True
3,1,13,C3,0.11468439,0.07167105,0.11677732,0.5,0.5,"[0, 8]",1.0,True,0.01173531,0.00217025,0.00983286,True
3,1,14,C4,0.08582852,-0.07576402,0.09655211,0.5,0.5,"[0, 8]",1.0,True,0.01173531,0.00217025,0.00983286,True
3,1,15,T3,0.12621595,0.12621595,0.13151319,0.5,0.5,"[0, 8]",1.0,True,0.01173531,0.00217025,0.00983286,True
3,1,16,T4,0.12258507,0.01287474,0.13442931,0.5,0.5,"[0, 8]",1.0,True,0.01173531,0.00217025,0.00983286,True
3,1,17,CP3,0.12080156,0.03207911,0.13880759,0.5,0.5,"[0, 8]",1.0,True,0.01173531,0.00217025,0.00983286,True
3,1,18,CP4,0.1112148,0.03454996,0.12762675,0.5,0.5,"[0, 8]",1.0,True,0.01173531,0.00217025,0.00983286,True
3,1,19,TP7,0.08384277,-0.01928729,0.09405186,0.5,0.5,"[0, 8]",1.0,True,0.01173531,0.00217025,0.00983286,True
3,1,20,TP8,0.08859558,-0.05822401,0.1071882,0.5,0.5,"[0, 8]",1.0,True,0.01173531,0.00217025,0.00983286,True
3,1,21,Pz,0.15302016,0.0059537,0.15318267,0.5,0.5,"[0, 8]",1.0,True,0.01173531,0.00217025,0.00983286,True
3,1,22,P3,0.10734627,0.10734627,0.11660382,0.5,0.5,"[0, 8]",1.0,True,0.01173531,0.00217025,0.00983286,True
3,1,23,P4,0.10547315,-0.09394193,0.11771768,0.5,0.5,"[0, 8]",1.0,True,0.01173531,0.00217025,0.00983286,True
3,1,24,T5,0.10501949,0.07261676,0.11449771,0.5,0.5,"[0, 8]",1.0,True,0.01173531,0.00217025,0.00983286,True
3,1,25,T6,0.08176558,-0.0624625,0.09268467,0.5,0.5,"[0, 8]",1.0,True,0.01173531,0.00217025,0.00983286,True
3,1,26,Oz,0.07838245,0.04288165,0.08087298,0.5,0.5,"[0, 8]",1.0,True,0.01173531,0.00217025,0.00983286,True
3,1,27,O1,0.12196042,0.05537971,0.13203327,0.5,0.5,"[0, 8]",1.0,True,0.01173531,0.00217025,0.00983286,True
3,1,28,O2,0.14431563,-0.02434323,0.14705655,0.5,0.5,"[0, 8]",1.0,True,0.01173531,0.00217025,0.00983286,True
3,2,0,Fp1,0.10958081,-0.09637727,0.12278451,0.5,0.5,"[0, 8]",1.0,True,0.01254598,0.00226345,0.0105121,True
3,2,1,Fp2,0.0774551,0.06104626,0.09458661,0.5,0.5,"[0, 8]",1.0,True,0.01254598,0.00226345,0.0105121,True
3,2,2,Fz,0.10358319,-0.09762061,0.11684751,0.5,0.5,"[0, 8]",1.0,True,0.01254598,0.00226345,0.0105121,True
3,2,3,F3,0.08817545,0.02861751,0.09488676,0.5,0.5,"[0, 8]",1.0,True,0.01254598,0.00226345,0.0105121,True
3,2,4,F4,0.09833734,0.01242717,0.10874386,0.5,0.5,"[0, 8]",1.0,True,0.01254598,0.00226345,0.0105121,True
3,2,5,F7,0.08353171,0.08160736,0.09762724,0.5,0.5,"[0, 8]",1.0,True,0.01254598,0.00226345,0.0105121,True
3,2,6,F8,0.07767423,-0.02907887,0.07871954,0.5,0.5,"[0, 8]",1.0,True,0.01254598,0.00226345,0.0105121,True
3,2,7,FCz,0.09941939,0.09941939,0.11450285,0.5,0.5,"[0, 8]",1.0,True,0.01254598,0.00226345,0.0105121,True
3,2,8,FC3,0.03098995,0.00647118,0.0377305,0.5,0.5,"[0, 8]",1.0,True,0.01254598,0.00226345,0.0105121,True
3,2,9,FC4,0.05811524,-0.05811524,0.07648711,0.5,0.5,"[0, 8]",1.0,True,0.01254598,0.00226345,0.0105121,True
3,2,10,FT7,0.08946593,-0.05756953,0.10339047,0.5,0.5,"[0, 8]",1.0,True,0.01254598,0.00226345,0.0105121,True
3,2,11,FT8,0.07967997,-0.00456788,0.09645284,0.5,0.5,"[0, 8]",1.0,True,0.01254598,0.00226345,0.0105121,True
3,2,12,Cz,0.07735469,0.07581275,0.09288635,0.5,0.5,"[0, 8]",1.0,True,0.01254598,0.00226345,0.0105121,True
3,2,13,C3,0.11575777,0.0726576,0.11796562,0.5,0.5,"[0, 8]",1.0,True,0.01254598,0.00226345,0.0105121,True
3,2,14,C4,0.08612068,-0.07499008,0.09632531,0.5,0.5,"[0, 8]",1.0,True,0.01254598,0.00226345,0.0105121,True
3,2,15,T3,0.12652223,0.12652223,0.13196154,0.5,0.5,"[0, 8]",1.0,True,0.01254598,0.00226345,0.0105121,True
3,2,16,T4,0.12185778,0.01216508,0.13447088,0.5,0.5,"[0, 8]",1.0,True,0.01254598,0.00226345,0.0105121,True
3,2,17,CP3,0.12065772,0.03356542,0.13927427,0.5,0.5,"[0, 8]",1.0,True,0.01254598,0.00226345,0.0105121,True
3,2,18,CP4,0.1106993,0.0345055,0.12683064,0.5,0.5,"[0, 8]",1.0,True,0.01254598,0.00226345,0.0105121,True
3,2,19,TP7,0.08340528,-0.01809996,0.09346541,0.5,0.5,"[0, 8]",1.0,True,0.01254598,0.00226345,0.0105121,True
3,2,20,TP8,0.08894466,-0.0600876,0.10855457,0.5,0.5,"[0, 8]",1.0,True,0.01254598,0.00226345,0.0105121,True
3,2,21,Pz,0.15430273,0.00651352,0.1544764,0.5,0.5,"[0, 8]",1.0,True,0.01254598,0.00226345,0.0105121,True
3,2,22,P3,0.10798936,0.10798936,0.11719307,0.5,0.5,"[0, 8]",1.0,True,0.01254598,0.00226345,0.0105121,True
3,2,23,P4,0.10515942,-0.09402286,0.11735009,0.5,0.5,"[0, 8]",1.0,True,0.01254598,0.00226345,0.0105121,True
3,2,24,T5,0.10511201,0.07298656,0.1144739,0.5,0.5,"[0, 8]",1.0,True,0.01254598,0.00226345,0.0105121,True
3,2,25,T6,0.08047006,-0.06236488,0.09149282,0.5,0.5,"[0, 8]",1.0,True,0.01254598,0.00226345,0.0105121,True
3,2,26,Oz,0.07890481,0.04316004,0.08120441,0.5,0.5,"[0, 8]",1.0,True,0.01254598,0.00226345,0.0105121,True
3,2,27,O1,0.1220829,0.05561307,0.13200039,0.5,0.5,"[0, 8]",1.0,True,0.01254598,0.00226345,0.0105121,True
3,2,28,O2,0.14395626,-0.02360206,0.14652479,0.5,0.5,"[0, 8]",1.0,True,0.01254598,0.00226345,0.0105121,True
3,3,0,Fp1,0.10973763,-0.09662984,0.12307514,0.5,0.5,"[0, 8]",1.0,True,0.01291153,0.00210908,0.01081839,True
3,3,1,Fp2,0.07710668,0.0607833,0.09455949,0.5,0.5,"[0, 8]",1.0,True,0.01291153,0.00210908,0.01081839,True
3,3,2,Fz,0.1030239,-0.09735095,0.11634488,0.5,0.5,"[0, 8]",1.0,True,0.01291153,0.00210908,0.01081839,True
3,3,3,F3,0.08889197,0.0285594,0.09554073,0.5,0.5,"[0, 8]",1.0,True,0.01291153,0.00210908,0.01081839,True
3,3,4,F4,0.09826715,0.01286611,0.10844076,0.5,0.5,"[0, 8]",1.0,True,0.01291153,0.00210908,0.01081839,True
3,3,5,F7,0.08340057,0.08121515,0.09728187,0.5,0.5,"[0, 8]",1.0,True,0.01291153,0.00210908,0.01081839,True
3,3,6,F8,0.07703155,-0.02871767,0.07809699,0.5,0.5,"[0, 8]",1.0,True,0.01291153,0.00210908,0.01081839,True
3,3,7,FCz,0.09991728,0.09991728,0.11521084,0.5,0.5,"[0, 8]",1.0,True,0.01291153,0.00210908,0.01081839,True
3,3,8,FC3,0.03050122,0.00610329,0.03713864,0.5,0.5,"[0, 8]",1.0,True,0.01291153,0.00210908,0.01081839,True
3,3,9,FC4,0.05760644,-0.05760644,0.07632091,0.5,0.5,"[0, 8]",1.0,True,0.01291153,0.00210908,0.01081839,True
3,3,10,FT7,0.09013069,-0.05859469,0.10410236,0.5,0.5,"[0, 8]",1.0,True,0.01291153,0.00210908,0.01081839,True
3,3,11,FT8,0.08030689,-0.00338775,0.09724901,0.5,0.5,"[0, 8]",1.0,True,0.01291153,0.00210908,0.01081839,True
3,3,12,Cz,0.07752834,0.07638391,0.09323756,0.5,0.5,"[0, 8]",1.0,True,0.01291153,0.00210908,0.01081839,True
3,3,13,C3,0.11541082,0.07232319,0.11750533,0.5,0.5,"[0, 8]",1.0,True,0.01291153,0.00210908,0.01081839,True
3,3,14,C4,0.08565348,-0.07457617,0.09608397,0.5,0.5,"[0, 8]",1.0,True,0.01291153,0.00210908,0.01081839,True
3,3,15,T3,0.1260279,0.1260279,0.13127254,0.5,0.5,"[0, 8]",1.0,True,0.01291153,0.00210908,0.01081839,True
3,3,16,T4,0.12235657,0.01278823,0.13457367,0.5,0.5,"[0, 8]",1.0,True,0.01291153,0.00210908,0.01081839,True
3,3,17,CP3,0.12036742,0.03360723,0.13881384,0.5,0.5,"[0, 8]",1.0,True,0.01291153,0.00210908,0.01081839,True
3,3,18,CP4,0.11101958,0.03402244,0.12760095,0.5,0.5,"[0, 8]",1.0,True,0.01291153,0.00210908,0.01081839,True
3,3,19,TP7,0.08347029,-0.01844126,0.09344848,0.5,0.5,"[0, 8]",1.0,True,0.01291153,0.00210908,0.01081839,True
3,3,20,TP8,0.08822924,-0.05922017,0.10740359,0.5,0.5,"[0, 8]",1.0,True,0.01291153,0.00210908,0.01081839,True
3,3,21,Pz,0.15359499,0.00744794,0.15381563,0.5,0.5,"[0, 8]",1.0,True,0.01291153,0.00210908,0.01081839,True
3,3,22,P3,0.1073059,0.1073059,0.11661921,0.5,0.5,"[0, 8]",1.0,True,0.01291153,0.00210908,0.01081839,True
3,3,23,P4,0.10462204,-0.09330444,0.11684042,0.5,0.5,"[0, 8]",1.0,True,0.01291153,0.00210908,0.01081839,True
3,3,24,T5,0.10556561,0.07297175,0.11524169,0.5,0.5,"[0, 8]",1.0,True,0.01291153,0.00210908,0.01081839,True
3,3,25,T6,0.08098388,-0.06262139,0.09222812,0.5,0.5,"[0, 8]",1.0,True,0.01291153,0.00210908,0.01081839,True
3,3,26,Oz,0.07818842,0.04202697,0.08044512,0.5,0.5,"[0, 8]",1.0,True,0.01291153,0.00210908,0.01081839,True
3,3,27,O1,0.12206723,0.05527478,0.13203219,0.5,0.5,"[0, 8]",1.0,True,0.01291153,0.00210908,0.01081839,True
3,3,28,O2,0.14361352,-0.0244011,0.14639255,0.5,0.5,"[0, 8]",1.0,True,0.01291153,0.00210908,0.01081839,True
3,4,0,Fp1,0.11674463,-0.11355767,0.13479097,0.375,0.375,"[3, 5]",0.625,False,0.21175962,0.04922142,0.17743051,True
3,4,1,Fp2,0.08313846,0.07010241,0.09990256,0.375,0.375,"[3, 5]",0.625,False,0.21175962,0.04922142,0.17743051,True
3,4,2,Fz,0.09930241,-0.08557248,0.11052274,0.375,0.375,"[3, 5]",0.625,False,0.21175962,0.04922142,0.17743051,True
3,4,3,F3,0.10417545,0.02927138,0.11332917,0.375,0.375,"[3, 5]",0.625,False,0.21175962,0.04922142,0.17743051,True
3,4,4,F4,0.11862358,0.03627319,0.12279335,0.375,0.375,"[3, 5]",0.625,False,0.21175962,0.04922142,0.17743051,True
3,4,5,F7,0.06682565,0.05788188,0.07385151,0.375,0.375,"[3, 5]",0.625,False,0.21175962,0.04922142,0.17743051,True
3,4,6,F8,0.06506008,-0.01340222,0.06968246,0.375,0.375,"[3, 5]",0.625,False,0.21175962,0.04922142,0.17743051,True
3,4,7,FCz,0.11173662,0.11173662,0.12319466,0.375,0.375,"[3, 5]",0.625,False,0.21175962,0.04922142,0.17743051,True
3,4,8,FC3,0.03778502,0.01161557,0.04180574,0.375,0.375,"[3, 5]",0.625,False,0.21175962,0.04922142,0.17743051,True
3,4,9,FC4,0.0451812,-0.0451812,0.05610533,0.375,0.375,"[3, 5]",0.625,False,0.21175962,0.04922142,0.17743051,True
3,4,10,FT7,0.07875025,-0.06777119,0.09496699,0.375,0.375,"[3, 5]",0.625,False,0.21175962,0.04922142,0.17743051,True
3,4,11,FT8,0.06722341,-0.00420624,0.08376381,0.375,0.375,"[3, 5]",0.625,False,0.21175962,0.04922142,0.17743051,True
3,4,12,Cz,0.08846296,0.08846296,0.09852831,0.375,0.375,"[3, 5]",0.625,False,0.21175962,0.04922142,0.17743051,True
3,4,13,C3,0.11747698,0.06894759,0.1195107,0.375,0.375,"[3, 5]",0.625,False,0.21175962,0.04922142,0.17743051,True
3,4,14,C4,0.08345838,-0.05917215,0.08897357,0.375,0.375,"[3, 5]",0.625,False,0.21175962,0.04922142,0.17743051,True
3,4,15,T3,0.10448854,0.10448854,0.11152638,0.375,0.375,"[3, 5]",0.625,False,0.21175962,0.04922142,0.17743051,True
3,4,16,T4,0.13005722,0.00345609,0.14480187,0.375,0.375,"[3, 5]",0.625,False,0.21175962,0.04922142,0.17743051,True
3,4,17,CP3,0.1214816,0.02946806,0.14271584,0.375,0.375,"[3, 5]",0.625,False,0.21175962,0.04922142,0.17743051,True
3,4,18,CP4,0.12721844,0.04538873,0.13892525,0.375,0.375,"[3, 5]",0.625,False,0.21175962,0.04922142,0.17743051,True
3,4,19,TP7,0.07762627,-0.02968091,0.08566679,0.375,0.375,"[3, 5]",0.625,False,0.21175962,0.04922142,0.17743051,True
3,4,20,TP8,0.08248004,-0.06157251,0.10361931,0.375,0.375,"[3, 5]",0.625,False,0.21175962,0.04922142,0.17743051,True
3,4,21,Pz,0.153194,0.01511825,0.15422824,0.375,0.375,"[3, 5]",0.625,False,0.21175962,0.04922142,0.17743051,True
3,4,22,P3,0.08772132,0.08772132,0.09697836,0.375,0.375,"[3, 5]",0.625,False,0.21175962,0.04922142,0.17743051,True
3,4,23,P4,0.10951573,-0.09852831,0.12259144,0.375,0.375,"[3, 5]",0.625,False,0.21175962,0.04922142,0.17743051,True
3,4,24,T5,0.09255174,0.05445651,0.10184976,0.375,0.375,"[3, 5]",0.625,False,0.21175962,0.04922142,0.17743051,True
3,4,25,T6,0.06396288,-0.05429082,0.07448028,0.375,0.375,"[3, 5]",0.625,False,0.21175962,0.04922142,0.17743051,True
3,4,26,Oz,0.09746204,0.05825256,0.10629212,0.375,0.375,"[3, 5]",0.625,False,0.21175962,0.04922142,0.17743051,True
3,4,27,O1,0.104749,0.0378725,0.11759038,0.375,0.375,"[3, 5]",0.625,False,0.21175962,0.04922142,0.17743051,True
3,4,28,O2,0.14166127,-0.02195502,0.14350386,0.375,0.375,"[3, 5]",0.625,False,0.21175962,0.04922142,0.17743051,True
3,5,0,Fp1,0.10887581,-0.09560688,0.12190267,0.5,0.5,"[0, 8]",1.0,True,0.0124173,0.00223681,0.01040429,True
3,5,1,Fp2,0.07850596,0.0619848,0.09581903,0.5,0.5,"[0, 8]",1.0,True,0.0124173,0.00223681,0.01040429,True
3,5,2,Fz,0.10399456,-0.09825812,0.11741284,0.5,0.5,"[0, 8]",1.0,True,0.0124173,0.00223681,0.01040429,True
3,5,3,F3,0.08793294,0.02783484,0.09490979,0.5,0.5,"[0, 8]",1.0,True,0.0124173,0.00223681,0.01040429,True
3,5,4,F4,0.09751187,0.01158743,0.10805637,0.5,0.5,"[0, 8]",1.0,True,0.0124173,0.00223681,0.01040429,True
3,5,5,F7,0.08389036,0.08206645,0.09799935,0.5,0.5,"[0, 8]",1.0,True,0.0124173,0.00223681,0.01040429,True
3,5,6,F8,0.0762825,-0.02894392,0.07723531,0.5,0.5,"[0, 8]",1.0,True,0.0124173,0.00223681,0.01040429,True
3,5,7,FCz,0.09819192,0.09819192,0.1136085,0.5,0.5,"[0, 8]",1.0,True,0.0124173,0.00223681,0.01040429,True
3,5,8,FC3,0.03077803,0.00663994,0.03708477,0.5,0.5,"[0, 8]",1.0,True,0.0124173,0.00223681,0.01040429,True
3,5,9,FC4,0.05869385,-0.05869385,0.07706393,0.5,0.5,"[0, 8]",1.0,True,0.0124173,0.00223681,0.01040429,True
3,5,10,FT7,0.08948915,-0.05780337,0.10389384,0.5,0.5,"[0, 8]",1.0,True,0.0124173,0.00223681,0.01040429,True
3,5,11,FT8,0.08033474,-0.00339501,0.09773401,0.5,0.5,"[0, 8]",1.0,True,0.0124173,0.00223681,0.01040429,True
3,5,12,Cz,0.07708438,0.07521592,0.09237295,0.5,0.5,"[0, 8]",1.0,True,0.0124173,0.00223681,0.01040429,True
3,5,13,C3,0.116028,0.0727395,0.11817302,0.5,0.5,"[0, 8]",1.0,True,0.0124173,0.00223681,0.01040429,True
3,5,14,C4,0.08660811,-0.07619137,0.09729153,0.5,0.5,"[0, 8]",1.0,True,0.0124173,0.00223681,0.01040429,True
3,5,15,T3,0.12649503,0.12649503,0.13195276,0.5,0.5,"[0, 8]",1.0,True,0.0124173,0.00223681,0.01040429,True
3,5,16,T4,0.12188204,0.01285271,0.13437334,0.5,0.5,"[0, 8]",1.0,True,0.0124173,0.00223681,0.01040429,True
3,5,17,CP3,0.1204254,0.03324562,0.13893561,0.5,0.5,"[0, 8]",1.0,True,0.0124173,0.00223681,0.01040429,True
3,5,18,CP4,0.11126157,0.03411584,0.12800665,0.5,0.5,"[0, 8]",1.0,True,0.0124173,0.00223681,0.01040429,True
3,5,19,TP7,0.0834921,-0.01781205,0.09342159,0.5,0.5,"[0, 8]",1.0,True,0.0124173,0.00223681,0.01040429,True
3,5,20,TP8,0.08948997,-0.05903867,0.1084446,0.5,0.5,"[0, 8]",1.0,True,0.0124173,0.00223681,0.01040429,True
3,5,21,Pz,0.1535394,0.0062783,0.15371177,0.5,0.5,"[0, 8]",1.0,True,0.0124173,0.00223681,0.01040429,True
3,5,22,P3,0.10782574,0.10782574,0.11719678,0.5,0.5,"[0, 8]",1.0,True,0.0124173,0.00223681,0.01040429,True
3,5,23,P4,0.10493833,-0.09385915,0.11728841,0.5,0.5,"[0, 8]",1.0,True,0.0124173,0.00223681,0.01040429,True
3,5,24,T5,0.10452247,0.07288481,0.11392245,0.5,0.5,"[0, 8]",1.0,True,0.0124173,0.00223681,0.01040429,True
3,5,25,T6,0.08029848,-0.06214255,0.09145764,0.5,0.5,"[0, 8]",1.0,True,0.0124173,0.00223681,0.01040429,True
3,5,26,Oz,0.07849681,0.04291902,0.08069864,0.5,0.5,"[0, 8]",1.0,True,0.0124173,0.00223681,0.01040429,True
3,5,27,O1,0.12177291,0.05542575,0.13200474,0.5,0.5,"[0, 8]",1.0,True,0.0124173,0.00223681,0.01040429,True
3,5,28,O2,0.14388382,-0.02409206,0.14650844,0.5,0.5,"[0, 8]",1.0,True,0.0124173,0.00223681,0.01040429,True
4,1,0,Fp1,0.10799401,-0.10285406,0.12485257,0.5,0.5,"[2, 6]",0.75,False,0.21818403,0.04796817,0.18281343,True
4,1,1,Fp2,0.07235356,0.04263847,0.08233339,0.5,0.5,"[2, 6]",0.75,False,0.21818403,0.04796817,0.18281343,True
4,1,2,Fz,0.12461948,-0.12461948,0.13765991,0.5,0.5,"[2, 6]",0.75,False,0.21818403,0.04796817,0.18281343,True
4,1,3,F3,0.07402781,0.00710654,0.08577941,0.5,0.5,"[2, 6]",0.75,False,0.21818403,0.04796817,0.18281343,True
4,1,4,F4,0.09849307,-0.00088527,0.11467972,0.5,0.5,"[2, 6]",0.75,False,0.21818403,0.04796817,0.18281343,True
4,1,5,F7,0.09432767,0.09432767,0.10411441,0.5,0.5,"[2, 6]",0.75,False,0.21818403,0.04796817,0.18281343,True
4,1,6,F8,0.0714759,-0.02764198,0.07225978,0.5,0.5,"[2, 6]",0.75,False,0.21818403,0.04796817,0.18281343,True
4,1,7,FCz,0.08172531,0.07689863,0.09517903,0.5,0.5,"[2, 6]",0.75,False,0.21818403,0.04796817,0.18281343,True
4,1,8,FC3,0.02536385,-0.01934429,0.02679036,0.5,0.5,"[2, 6]",0.75,False,0.21818403,0.04796817,0.18281343,True
4,1,9,FC4,0.0602511,-0.04866758,0.07929997,0.5,0.5,"[2, 6]",0.75,False,0.21818403,0.04796817,0.18281343,True
4,1,10,FT7,0.08636615,-0.04324729,0.09258094,0.5,0.5,"[2, 6]",0.75,False,0.21818403,0.04796817,0.18281343,True
4,1,11,FT8,0.08136827,-0.00435628,0.09955568,0.5,0.5,"[2, 6]",0.75,False,0.21818403,0.04796817,0.18281343,True
4,1,12,Cz,0.08272264,0.08272264,0.09459174,0.5,0.5,"[2, 6]",0.75,False,0.21818403,0.04796817,0.18281343,True
4,1,13,C3,0.10793475,0.04656742,0.11095352,0.5,0.5,"[2, 6]",0.75,False,0.21818403,0.04796817,0.18281343,True
4,1,14,C4,0.08367952,-0.07536308,0.09474575,0.5,0.5,"[2, 6]",0.75,False,0.21818403,0.04796817,0.18281343,True
4,1,15,T3,0.14751385,0.14751385,0.1525448,0.5,0.5,"[2, 6]",0.75,False,0.21818403,0.04796817,0.18281343,True
4,1,16,T4,0.11352691,0.00126225,0.13090706,0.5,0.5,"[2, 6]",0.75,False,0.21818403,0.04796817,0.18281343,True
4,1,17,CP3,0.11589605,0.0309995,0.13645998,0.5,0.5,"[2, 6]",0.75,False,0.21818403,0.04796817,0.18281343,True
4,1,18,CP4,0.11739699,0.03613961,0.1304813,0.5,0.5,"[2, 6]",0.75,False,0.21818403,0.04796817,0.18281343,True
4,1,19,TP7,0.09147593,0.00279057,0.10152895,0.5,0.5,"[2, 6]",0.75,False,0.21818403,0.04796817,0.18281343,True
4,1,20,TP8,0.09495288,-0.04717759,0.10689314,0.5,0.5,"[2, 6]",0.75,False,0.21818403,0.04796817,0.18281343,True
4,1,21,Pz,0.16037104,0.01138719,0.16089885,0.5,0.5,"[2, 6]",0.75,False,0.21818403,0.04796817,0.18281343,True
4,1,22,P3,0.11737758,0.11737758,0.12570171,0.5,0.5,"[2, 6]",0.75,False,0.21818403,0.04796817,0.18281343,True
4,1,23,P4,0.09042756,-0.06823428,0.09850868,0.5,0.5,"[2, 6]",0.75,False,0.21818403,0.04796817,0.18281343,True
4,1,24,T5,0.12236248,0.09700403,0.13347729,0.5,0.5,"[2, 6]",0.75,False,0.21818403,0.04796817,0.18281343,True
4,1,25,T6,0.06017916,-0.05405933,0.07818325,0.5,0.5,"[2, 6]",0.75,False,0.21818403,0.04796817,0.18281343,True
4,1,26,Oz,0.07713278,0.04296269,0.08656752,0.5,0.5,"[2, 6]",0.75,False,0.21818403,0.04796817,0.18281343,True
4,1,27,O1,0.11988313,0.06747244,0.13100034,0.5,0.5,"[2, 6]",0.75,False,0.21818403,0.04796817,0.18281343,True
4,1,28,O2,0.1334087,-0.01255397,0.1344599,0.5,0.5,"[2, 6]",0.75,False,0.21818403,0.04796817,0.18281343,True
4,2,0,Fp1,0.02955466,-0.01514452,0.03218817,0.625,0.625,"[7, 1]",0.875,False,1.5064381,0.34320292,1.26222401,True
4,2,1,Fp2,0.01454386,0.01033387,0.02434588,0.625,0.625,"[7, 1]",0.875,False,1.5064381,0.34320292,1.26222401,True
4,2,2,Fz,0.04340668,-0.02424013,0.04361106,0.625,0.625,"[7, 1]",0.875,False,1.5064381,0.34320292,1.26222401,True
4,2,3,F3,0.07674123,0.03868656,0.09611708,0.625,0.625,"[7, 1]",0.875,False,1.5064381,0.34320292,1.26222401,True
4,2,4,F4,0.07888739,-0.07888739,0.09706569,0.625,0.625,"[7, 1]",0.875,False,1.5064381,0.34320292,1.26222401,True
4,2,5,F7,0.10563022,0.02806618,0.11405241,0.625,0.625,"[7, 1]",0.875,False,1.5064381,0.34320292,1.26222401,True
4,2,6,F8,0.04141348,0.01076417,0.05356532,0.625,0.625,"[7, 1]",0.875,False,1.5064381,0.34320292,1.26222401,True
4,2,7,FCz,0.16228434,-0.05453138,0.18577588,0.625,0.625,"[7, 1]",0.875,False,1.5064381,0.34320292,1.26222401,True
4,2,8,FC3,0.08948712,0.01230166,0.09175624,0.625,0.625,"[7, 1]",0.875,False,1.5064381,0.34320292,1.26222401,True
4,2,9,FC4,0.13667363,0.04240709,0.14453606,0.625,0.625,"[7, 1]",0.875,False,1.5064381,0.34320292,1.26222401,True
4,2,10,FT7,0.05209634,0.05209634,0.06999236,0.625,0.625,"[7, 1]",0.875,False,1.5064381,0.34320292,1.26222401,True
4,2,11,FT8,0.04442018,-0.00918877,0.05833782,0.625,0.625,"[7, 1]",0.875,False,1.5064381,0.34320292,1.26222401,True
4,2,12,Cz,0.19753751,0.19753751,0.211243,0.625,0.625,"[7, 1]",0.875,False,1.5064381,0.34320292,1.26222401,True
4,2,13,C3,0.14107147,0.04918721,0.15839334,0.625,0.625,"[7, 1]",0.875,False,1.5064381,0.34320292,1.26222401,True
4,2,14,C4,0.1390035,0.03712008,0.16894343,0.625,0.625,"[7, 1]",0.875,False,1.5064381,0.34320292,1.26222401,True
4,2,15,T3,0.07198138,0.02657927,0.08622064,0.625,0.625,"[7, 1]",0.875,False,1.5064381,0.34320292,1.26222401,True
4,2,16,T4,0.14999165,-0.04615533,0.1593004,0.625,0.625,"[7, 1]",0.875,False,1.5064381,0.34320292,1.26222401,True
4,2,17,CP3,0.13453569,-0.11163947,0.21964239,0.625,0.625,"[7, 1]",0.875,False,1.5064381,0.34320292,1.26222401,True
4,2,18,CP4,0.13632844,0.13632844,0.14015588,0.625,0.625,"[7, 1]",0.875,False,1.5064381,0.34320292,1.26222401,True
4,2,19,TP7,0.02710798,0.01633076,0.02892162,0.625,0.625,"[7, 1]",0.875,False,1.5064381,0.34320292,1.26222401,True
4,2,20,TP8,0.05457912,-0.01288893,0.06659663,0.625,0.625,"[7, 1]",0.875,False,1.5064381,0.34320292,1.26222401,True
4,2,21,Pz,0.1067247,-0.1067247,0.12763453,0.625,0.625,"[7, 1]",0.875,False,1.5064381,0.34320292,1.26222401,True
4,2,22,P3,0.11962126,0.11962126,0.12200412,0.625,0.625,"[7, 1]",0.875,False,1.5064381,0.34320292,1.26222401,True
4,2,23,P4,0.10183849,-0.07014663,0.12684618,0.625,0.625,"[7, 1]",0.875,False,1.5064381,0.34320292,1.26222401,True
4,2,24,T5,0.09074798,-0.09074798,0.09383031,0.625,0.625,"[7, 1]",0.875,False,1.5064381,0.34320292,1.26222401,True
4,2,25,T6,0.09645556,0.07030243,0.10491003,0.625,0.625,"[7, 1]",0.875,False,1.5064381,0.34320292,1.26222401,True
4,2,26,Oz,0.08595578,-0.00695794,0.0982923,0.625,0.625,"[7, 1]",0.875,False,1.5064381,0.34320292,1.26222401,True
4,2,27,O1,0.12576656,0.12309498,0.15951957,0.625,0.625,"[7, 1]",0.875,False,1.5064381,0.34320292,1.26222401,True
4,2,28,O2,0.11646019,-0.02102389,0.14173919,0.625,0.625,"[7, 1]",0.875,False,1.5064381,0.34320292,1.26222401,True
4,3,0,Fp1,0.04579798,-0.01209722,0.05452067,0.75,0.75,"[2, 6]",0.75,False,1.17349218,0.35390104,0.98325314,True
4,3,1,Fp2,0.00678833,-0.00503248,0.00778996,0.75,0.75,"[2, 6]",0.75,False,1.17349218,0.35390104,0.98325314,True
4,3,2,Fz,0.07215093,-0.05614198,0.08866728,0.75,0.75,"[2, 6]",0.75,False,1.17349218,0.35390104,0.98325314,True
4,3,3,F3,0.03387323,0.02130762,0.04699119,0.75,0.75,"[2, 6]",0.75,False,1.17349218,0.35390104,0.98325314,True
4,3,4,F4,0.06503639,-0.05463624,0.07981331,0.75,0.75,"[2, 6]",0.75,False,1.17349218,0.35390104,0.98325314,True
4,3,5,F7,0.04140159,0.04140159,0.04757121,0.75,0.75,"[2, 6]",0.75,False,1.17349218,0.35390104,0.98325314,True
4,3,6,F8,0.05160392,0.00855893,0.06565492,0.75,0.75,"[2, 6]",0.75,False,1.17349218,0.35390104,0.98325314,True
4,3,7,FCz,0.08264236,0.00549592,0.1010551,0.75,0.75,"[2, 6]",0.75,False,1.17349218,0.35390104,0.98325314,True
4,3,8,FC3,0.04605114,-0.01129918,0.06094727,0.75,0.75,"[2, 6]",0.75,False,1.17349218,0.35390104,0.98325314,True
4,3,9,FC4,0.0971382,-0.0410582,0.1077862,0.75,0.75,"[2, 6]",0.75,False,1.17349218,0.35390104,0.98325314,True
4,3,10,FT7,0.06373089,-0.03997379,0.06872133,0.75,0.75,"[2, 6]",0.75,False,1.17349218,0.35390104,0.98325314,True
4,3,11,FT8,0.07369553,-0.0038913,0.08189835,0.75,0.75,"[2, 6]",0.75,False,1.17349218,0.35390104,0.98325314,True
4,3,12,Cz,0.15093744,0.15093744,0.17499289,0.75,0.75,"[2, 6]",0.75,False,1.17349218,0.35390104,0.98325314,True
4,3,13,C3,0.10447319,0.10447319,0.10733124,0.75,0.75,"[2, 6]",0.75,False,1.17349218,0.35390104,0.98325314,True
4,3,14,C4,0.15023372,-0.15023372,0.17243901,0.75,0.75,"[2, 6]",0.75,False,1.17349218,0.35390104,0.98325314,True
4,3,15,T3,0.0838999,0.0838999,0.09802043,0.75,0.75,"[2, 6]",0.75,False,1.17349218,0.35390104,0.98325314,True
4,3,16,T4,0.14680564,-0.13368444,0.16869371,0.75,0.75,"[2, 6]",0.75,False,1.17349218,0.35390104,0.98325314,True
4,3,17,CP3,0.12037407,-0.05262743,0.17788056,0.75,0.75,"[2, 6]",0.75,False,1.17349218,0.35390104,0.98325314,True
4,3,18,CP4,0.16513748,0.16513748,0.18378122,0.75,0.75,"[2, 6]",0.75,False,1.17349218,0.35390104,0.98325314,True
4,3,19,TP7,0.05315042,0.00511541,0.05482724,0.75,0.75,"[2, 6]",0.75,False,1.17349218,0.35390104,0.98325314,True
4,3,20,TP8,0.07121969,0.00222428,0.07329092,0.75,0.75,"[2, 6]",0.75,False,1.17349218,0.35390104,0.98325314,True
4,3,21,Pz,0.16172057,-0.0782745,0.18358956,0.75,0.75,"[2, 6]",0.75,False,1.17349218,0.35390104,0.98325314,True
4,3,22,P3,0.09025437,0.09025437,0.10255297,0.75,0.75,"[2, 6]",0.75,False,1.17349218,0.35390104,0.98325314,True
4,3,23,P4,0.05938214,-0.05938214,0.07016716,0.75,0.75,"[2, 6]",0.75,False,1.17349218,0.35390104,0.98325314,True
4,3,24,T5,0.0758529,-0.0758529,0.0822359,0.75,0.75,"[2, 6]",0.75,False,1.17349218,0.35390104,0.98325314,True
4,3,25,T6,0.12987949,0.12987949,0.14507133,0.75,0.75,"[2, 6]",0.75,False,1.17349218,0.35390104,0.98325314,True
4,3,26,Oz,0.09679916,-0.03889108,0.12017037,0.75,0.75,"[2, 6]",0.75,False,1.17349218,0.35390104,0.98325314,True
4,3,27,O1,0.13423197,0.13423197,0.15753807,0.75,0.75,"[2, 6]",0.75,False,1.17349218,0.35390104,0.98325314,True
4,3,28,O2,0.03433507,-0.01230869,0.03721129,0.75,0.75,"[2, 6]",0.75,False,1.17349218,0.35390104,0.98325314,True
4,4,0,Fp1,0.10501075,-0.08463913,0.11446465,0.625,0.625,"[1, 7]",0.875,False,0.16383793,0.03741636,0.13727758,True
4,4,1,Fp2,0.0839051,0.06685284,0.09690726,0.625,0.625,"[1, 7]",0.875,False,0.16383793,0.03741636,0.13727758,True
4,4,2,Fz,0.11653143,-0.11114846,0.13204093,0.625,0.625,"[1, 7]",0.875,False,0.16383793,0.03741636,0.13727758,True
4,4,3,F3,0.09058155,0.02234118,0.09728146,0.625,0.625,"[1, 7]",0.875,False,0.16383793,0.03741636,0.13727758,True
4,4,4,F4,0.09255467,0.01092296,0.10183582,0.625,0.625,"[1, 7]",0.875,False,0.16383793,0.03741636,0.13727758,True
4,4,5,F7,0.09895161,0.09895161,0.11161427,0.625,0.625,"[1, 7]",0.875,False,0.16383793,0.03741636,0.13727758,True
4,4,6,F8,0.07269011,-0.03048247,0.07330777,0.625,0.625,"[1, 7]",0.875,False,0.16383793,0.03741636,0.13727758,True
4,4,7,FCz,0.08773421,0.07852285,0.10087128,0.625,0.625,"[1, 7]",0.875,False,0.16383793,0.03741636,0.13727758,True
4,4,8,FC3,0.02879531,-0.00635393,0.0346007,0.625,0.625,"[1, 7]",0.875,False,0.16383793,0.03741636,0.13727758,True
4,4,9,FC4,0.08277253,-0.08277253,0.09454405,0.625,0.625,"[1, 7]",0.875,False,0.16383793,0.03741636,0.13727758,True
4,4,10,FT7,0.07961725,-0.044736,0.09086726,0.625,0.625,"[1, 7]",0.875,False,0.16383793,0.03741636,0.13727758,True
4,4,11,FT8,0.07404144,-0.00195563,0.09540114,0.625,0.625,"[1, 7]",0.875,False,0.16383793,0.03741636,0.13727758,True
4,4,12,Cz,0.07543252,0.06684666,0.08780161,0.625,0.625,"[1, 7]",0.875,False,0.16383793,0.03741636,0.13727758,True
4,4,13,C3,0.10832059,0.05465965,0.10895428,0.625,0.625,"[1, 7]",0.875,False,0.16383793,0.03741636,0.13727758,True
4,4,14,C4,0.09251752,-0.09077786,0.10766338,0.625,0.625,"[1, 7]",0.875,False,0.16383793,0.03741636,0.13727758,True
4,4,15,T3,0.13947476,0.13947476,0.14296742,0.625,0.625,"[1, 7]",0.875,False,0.16383793,0.03741636,0.13727758,True
4,4,16,T4,0.11406019,0.00809684,0.12821309,0.625,0.625,"[1, 7]",0.875,False,0.16383793,0.03741636,0.13727758,True
4,4,17,CP3,0.11984891,0.0265637,0.14010452,0.625,0.625,"[1, 7]",0.875,False,0.16383793,0.03741636,0.13727758,True
4,4,18,CP4,0.10842938,0.02180756,0.12669127,0.625,0.625,"[1, 7]",0.875,False,0.16383793,0.03741636,0.13727758,True
4,4,19,TP7,0.08382658,-0.00527074,0.09647713,0.625,0.625,"[1, 7]",0.875,False,0.16383793,0.03741636,0.13727758,True
4,4,20,TP8,0.10185469,-0.05788065,0.11764155,0.625,0.625,"[1, 7]",0.875,False,0.16383793,0.03741636,0.13727758,True
4,4,21,Pz,0.15735638,0.00191684,0.15766568,0.625,0.625,"[1, 7]",0.875,False,0.16383793,0.03741636,0.13727758,True
4,4,22,P3,0.10580842,0.10580842,0.11830903,0.625,0.625,"[1, 7]",0.875,False,0.16383793,0.03741636,0.13727758,True
4,4,23,P4,0.11437383,-0.09557152,0.12579571,0.625,0.625,"[1, 7]",0.875,False,0.16383793,0.03741636,0.13727758,True
4,4,24,T5,0.10794662,0.08167917,0.11687385,0.625,0.625,"[1, 7]",0.875,False,0.16383793,0.03741636,0.13727758,True
4,4,25,T6,0.06923822,-0.06133895,0.0860025,0.625,0.625,"[1, 7]",0.875,False,0.16383793,0.03741636,0.13727758,True
4,4,26,Oz,0.07712327,0.04329306,0.08088998,0.625,0.625,"[1, 7]",0.875,False,0.16383793,0.03741636,0.13727758,True
4,4,27,O1,0.12394825,0.06311958,0.1329876,0.625,0.625,"[1, 7]",0.875,False,0.16383793,0.03741636,0.13727758,True
4,4,28,O2,0.13130307,-0.02555285,0.13429023,0.625,0.625,"[1, 7]",0.875,False,0.16383793,0.03741636,0.13727758,True
4,5,0,Fp1,0.08605872,-0.06895167,0.09933347,0.5,0.5,"[4, 4]",0.5,False,0.5188441,0.13784537,0.43473242,True
4,5,1,Fp2,0.0729766,0.05258326,0.07946356,0.5,0.5,"[4, 4]",0.5,False,0.5188441,0.13784537,0.43473242,True
4,5,2,Fz,0.14470102,-0.14470102,0.15586878,0.5,0.5,"[4, 4]",0.5,False,0.5188441,0.13784537,0.43473242,True
4,5,3,F3,0.05762142,-0.03271553,0.08380509,0.5,0.5,"[4, 4]",0.5,False,0.5188441,0.13784537,0.43473242,True
4,5,4,F4,0.09316053,0.05714969,0.09620123,0.5,0.5,"[4, 4]",0.5,False,0.5188441,0.13784537,0.43473242,True
4,5,5,F7,0.17110369,0.17110369,0.18569061,0.5,0.5,"[4, 4]",0.5,False,0.5188441,0.13784537,0.43473242,True
4,5,6,F8,0.10762759,-0.07251108,0.11561242,0.5,0.5,"[4, 4]",0.5,False,0.5188441,0.13784537,0.43473242,True
4,5,7,FCz,0.08176265,0.06194421,0.09104644,0.5,0.5,"[4, 4]",0.5,False,0.5188441,0.13784537,0.43473242,True
4,5,8,FC3,0.07200643,0.04548464,0.08391558,0.5,0.5,"[4, 4]",0.5,False,0.5188441,0.13784537,0.43473242,True
4,5,9,FC4,0.0607174,-0.03947107,0.07266278,0.5,0.5,"[4, 4]",0.5,False,0.5188441,0.13784537,0.43473242,True
4,5,10,FT7,0.0754955,-0.01925255,0.08500171,0.5,0.5,"[4, 4]",0.5,False,0.5188441,0.13784537,0.43473242,True
4,5,11,FT8,0.08922636,0.02165044,0.10259982,0.5,0.5,"[4, 4]",0.5,False,0.5188441,0.13784537,0.43473242,True
4,5,12,Cz,0.10146096,0.10146096,0.11114642,0.5,0.5,"[4, 4]",0.5,False,0.5188441,0.13784537,0.43473242,True
4,5,13,C3,0.08474825,0.00047941,0.10307892,0.5,0.5,"[4, 4]",0.5,False,0.5188441,0.13784537,0.43473242,True
4,5,14,C4,0.07866845,-0.07154511,0.0959207,0.5,0.5,"[4, 4]",0.5,False,0.5188441,0.13784537,0.43473242,True
4,5,15,T3,0.08223329,0.08223329,0.09410869,0.5,0.5,"[4, 4]",0.5,False,0.5188441,0.13784537,0.43473242,True
4,5,16,T4,0.14306372,-0.05977684,0.16472152,0.5,0.5,"[4, 4]",0.5,False,0.5188441,0.13784537,0.43473242,True
4,5,17,CP3,0.1190782,-0.01030745,0.14781475,0.5,0.5,"[4, 4]",0.5,False,0.5188441,0.13784537,0.43473242,True
4,5,18,CP4,0.11361445,0.01848062,0.139406,0.5,0.5,"[4, 4]",0.5,False,0.5188441,0.13784537,0.43473242,True
4,5,19,TP7,0.10960129,-0.02132518,0.11839139,0.5,0.5,"[4, 4]",0.5,False,0.5188441,0.13784537,0.43473242,True
4,5,20,TP8,0.08990175,-0.03616591,0.09786561,0.5,0.5,"[4, 4]",0.5,False,0.5188441,0.13784537,0.43473242,True
4,5,21,Pz,0.11181553,0.03593884,0.11753999,0.5,0.5,"[4, 4]",0.5,False,0.5188441,0.13784537,0.43473242,True
4,5,22,P3,0.09551802,0.09551802,0.10814971,0.5,0.5,"[4, 4]",0.5,False,0.5188441,0.13784537,0.43473242,True
4,5,23,P4,0.0781777,-0.05813722,0.0842789,0.5,0.5,"[4, 4]",0.5,False,0.5188441,0.13784537,0.43473242,True
4,5,24,T5,0.08353568,0.04806494,0.0863594,0.5,0.5,"[4, 4]",0.5,False,0.5188441,0.13784537,0.43473242,True
4,5,25,T6,0.06594589,-0.02739593,0.07521329,0.5,0.5,"[4, 4]",0.5,False,0.5188441,0.13784537,0.43473242,True
4,5,26,Oz,0.0719253,0.04617651,0.08409987,0.5,0.5,"[4, 4]",0.5,False,0.5188441,0.13784537,0.43473242,True
4,5,27,O1,0.13362619,0.08811023,0.14452462,0.5,0.5,"[4, 4]",0.5,False,0.5188441,0.13784537,0.43473242,True
4,5,28,O2,0.11674255,-0.03341749,0.12162168,0.5,0.5,"[4, 4]",0.5,False,0.5188441,0.13784537,0.43473242,True
5,1,0,Fp1,0.1095471,-0.09483723,0.12185755,0.5,0.5,"[0, 8]",1.0,True,0.01278069,0.00234951,0.01070877,True
5,1,1,Fp2,0.07748857,0.05998655,0.09491619,0.5,0.5,"[0, 8]",1.0,True,0.01278069,0.00234951,0.01070877,True
5,1,2,Fz,0.10437161,-0.09815881,0.11752022,0.5,0.5,"[0, 8]",1.0,True,0.01278069,0.00234951,0.01070877,True
5,1,3,F3,0.08770587,0.02678222,0.09483995,0.5,0.5,"[0, 8]",1.0,True,0.01278069,0.00234951,0.01070877,True
5,1,4,F4,0.09782968,0.01308797,0.10782617,0.5,0.5,"[0, 8]",1.0,True,0.01278069,0.00234951,0.01070877,True
5,1,5,F7,0.08402744,0.08223704,0.09800314,0.5,0.5,"[0, 8]",1.0,True,0.01278069,0.00234951,0.01070877,True
5,1,6,F8,0.07779733,-0.03045714,0.07864373,0.5,0.5,"[0, 8]",1.0,True,0.01278069,0.00234951,0.01070877,True
5,1,7,FCz,0.09876926,0.09876926,0.1140736,0.5,0.5,"[0, 8]",1.0,True,0.01278069,0.00234951,0.01070877,True
5,1,8,FC3,0.03092051,0.00653513,0.03803416,0.5,0.5,"[0, 8]",1.0,True,0.01278069,0.00234951,0.01070877,True
5,1,9,FC4,0.05741344,-0.05741344,0.07645097,0.5,0.5,"[0, 8]",1.0,True,0.01278069,0.00234951,0.01070877,True
5,1,10,FT7,0.09030222,-0.05889713,0.10416026,0.5,0.5,"[0, 8]",1.0,True,0.01278069,0.00234951,0.01070877,True
5,1,11,FT8,0.07970953,-0.00255611,0.09686702,0.5,0.5,"[0, 8]",1.0,True,0.01278069,0.00234951,0.01070877,True
5,1,12,Cz,0.07718433,0.07636578,0.09321753,0.5,0.5,"[0, 8]",1.0,True,0.01278069,0.00234951,0.01070877,True
5,1,13,C3,0.11460929,0.07199346,0.11677315,0.5,0.5,"[0, 8]",1.0,True,0.01278069,0.00234951,0.01070877,True
5,1,14,C4,0.08522364,-0.07528743,0.09575599,0.5,0.5,"[0, 8]",1.0,True,0.01278069,0.00234951,0.01070877,True
5,1,15,T3,0.12622274,0.12622274,0.13145386,0.5,0.5,"[0, 8]",1.0,True,0.01278069,0.00234951,0.01070877,True
5,1,16,T4,0.12181839,0.01266329,0.13409013,0.5,0.5,"[0, 8]",1.0,True,0.01278069,0.00234951,0.01070877,True
5,1,17,CP3,0.12084399,0.03325053,0.13915201,0.5,0.5,"[0, 8]",1.0,True,0.01278069,0.00234951,0.01070877,True
5,1,18,CP4,0.11103053,0.03478764,0.12739056,0.5,0.5,"[0, 8]",1.0,True,0.01278069,0.00234951,0.01070877,True
5,1,19,TP7,0.08535152,-0.01831831,0.09514467,0.5,0.5,"[0, 8]",1.0,True,0.01278069,0.00234951,0.01070877,True
5,1,20,TP8,0.08941096,-0.0590259,0.10830525,0.5,0.5,"[0, 8]",1.0,True,0.01278069,0.00234951,0.01070877,True
5,1,21,Pz,0.15329626,0.00727659,0.15350206,0.5,0.5,"[0, 8]",1.0,True,0.01278069,0.00234951,0.01070877,True
5,1,22,P3,0.10858303,0.10858303,0.11829049,0.5,0.5,"[0, 8]",1.0,True,0.01278069,0.00234951,0.01070877,True
5,1,23,P4,0.10461067,-0.09305032,0.11643819,0.5,0.5,"[0, 8]",1.0,True,0.01278069,0.00234951,0.01070877,True
5,1,24,T5,0.10534808,0.07254243,0.11482289,0.5,0.5,"[0, 8]",1.0,True,0.01278069,0.00234951,0.01070877,True
5,1,25,T6,0.08095913,-0.06227812,0.09226476,0.5,0.5,"[0, 8]",1.0,True,0.01278069,0.00234951,0.01070877,True
5,1,26,Oz,0.07744576,0.04254401,0.08011354,0.5,0.5,"[0, 8]",1.0,True,0.01278069,0.00234951,0.01070877,True
5,1,27,O1,0.12320061,0.0565062,0.13364595,0.5,0.5,"[0, 8]",1.0,True,0.01278069,0.00234951,0.01070877,True
5,1,28,O2,0.14535445,-0.02399125,0.14810643,0.5,0.5,"[0, 8]",1.0,True,0.01278069,0.00234951,0.01070877,True
5,2,0,Fp1,0.10965163,-0.0949616,0.12218706,0.5,0.5,"[0, 8]",1.0,True,0.01250849,0.00228485,0.01048069,True
5,2,1,Fp2,0.07814404,0.0610234,0.09557181,0.5,0.5,"[0, 8]",1.0,True,0.01250849,0.00228485,0.01048069,True
5,2,2,Fz,0.10304794,-0.09797953,0.11665823,0.5,0.5,"[0, 8]",1.0,True,0.01250849,0.00228485,0.01048069,True
5,2,3,F3,0.08711971,0.02776432,0.09387203,0.5,0.5,"[0, 8]",1.0,True,0.01250849,0.00228485,0.01048069,True
5,2,4,F4,0.09771841,0.01304398,0.10774432,0.5,0.5,"[0, 8]",1.0,True,0.01250849,0.00228485,0.01048069,True
5,2,5,F7,0.08486737,0.08167331,0.09819772,0.5,0.5,"[0, 8]",1.0,True,0.01250849,0.00228485,0.01048069,True
5,2,6,F8,0.07749037,-0.02996192,0.07830355,0.5,0.5,"[0, 8]",1.0,True,0.01250849,0.00228485,0.01048069,True
5,2,7,FCz,0.09770438,0.09770438,0.11309769,0.5,0.5,"[0, 8]",1.0,True,0.01250849,0.00228485,0.01048069,True
5,2,8,FC3,0.03075645,0.00605,0.03809702,0.5,0.5,"[0, 8]",1.0,True,0.01250849,0.00228485,0.01048069,True
5,2,9,FC4,0.05768161,-0.05768161,0.07635904,0.5,0.5,"[0, 8]",1.0,True,0.01250849,0.00228485,0.01048069,True
5,2,10,FT7,0.08976687,-0.05816918,0.10333348,0.5,0.5,"[0, 8]",1.0,True,0.01250849,0.00228485,0.01048069,True
5,2,11,FT8,0.08012144,-0.00395515,0.09739308,0.5,0.5,"[0, 8]",1.0,True,0.01250849,0.00228485,0.01048069,True
5,2,12,Cz,0.07698452,0.07552745,0.09280607,0.5,0.5,"[0, 8]",1.0,True,0.01250849,0.00228485,0.01048069,True
5,2,13,C3,0.11495561,0.07301416,0.11713975,0.5,0.5,"[0, 8]",1.0,True,0.01250849,0.00228485,0.01048069,True
5,2,14,C4,0.08512351,-0.07490691,0.09554671,0.5,0.5,"[0, 8]",1.0,True,0.01250849,0.00228485,0.01048069,True
5,2,15,T3,0.12592646,0.12592646,0.13112892,0.5,0.5,"[0, 8]",1.0,True,0.01250849,0.00228485,0.01048069,True
5,2,16,T4,0.12183478,0.01373761,0.13448066,0.5,0.5,"[0, 8]",1.0,True,0.01250849,0.00228485,0.01048069,True
5,2,17,CP3,0.12171402,0.0333211,0.1402678,0.5,0.5,"[0, 8]",1.0,True,0.01250849,0.00228485,0.01048069,True
5,2,18,CP4,0.1109017,0.0340481,0.12775572,0.5,0.5,"[0, 8]",1.0,True,0.01250849,0.00228485,0.01048069,True
5,2,19,TP7,0.0844553,-0.01904064,0.09484396,0.5,0.5,"[0, 8]",1.0,True,0.01250849,0.00228485,0.01048069,True
5,2,20,TP8,0.08982198,-0.05951802,0.10903471,0.5,0.5,"[0, 8]",1.0,True,0.01250849,0.00228485,0.01048069,True
5,2,21,Pz,0.15227966,0.00679442,0.15248424,0.5,0.5,"[0, 8]",1.0,True,0.01250849,0.00228485,0.01048069,True
5,2,22,P3,0.10869449,0.10869449,0.11841536,0.5,0.5,"[0, 8]",1.0,True,0.01250849,0.00228485,0.01048069,True
5,2,23,P4,0.10501115,-0.09264612,0.116591,0.5,0.5,"[0, 8]",1.0,True,0.01250849,0.00228485,0.01048069,True
5,2,24,T5,0.10538799,0.07374205,0.11491044,0.5,0.5,"[0, 8]",1.0,True,0.01250849,0.00228485,0.01048069,True
5,2,25,T6,0.08071721,-0.06165336,0.09199603,0.5,0.5,"[0, 8]",1.0,True,0.01250849,0.00228485,0.01048069,True
5,2,26,Oz,0.07711583,0.04243531,0.07980041,0.5,0.5,"[0, 8]",1.0,True,0.01250849,0.00228485,0.01048069,True
5,2,27,O1,0.12233171,0.05575355,0.13294883,0.5,0.5,"[0, 8]",1.0,True,0.01250849,0.00228485,0.01048069,True
5,2,28,O2,0.14512768,-0.02368566,0.14782929,0.5,0.5,"[0, 8]",1.0,True,0.01250849,0.00228485,0.01048069,True
5,3,0,Fp1,0.11010741,-0.06886858,0.13317183,0.375,0.375,"[5, 3]",0.625,False,1.02654292,0.2579256,0.86012636,True
5,3,1,Fp2,0.06795865,0.004437,0.07352874,0.375,0.375,"[5, 3]",0.625,False,1.02654292,0.2579256,0.86012636,True
5,3,2,Fz,0.0661005,-0.00441431,0.08625363,0.375,0.375,"[5, 3]",0.625,False,1.02654292,0.2579256,0.86012636,True
5,3,3,F3,0.1168537,0.07826935,0.12025627,0.375,0.375,"[5, 3]",0.625,False,1.02654292,0.2579256,0.86012636,True
5,3,4,F4,0.08699307,0.01987711,0.09697647,0.375,0.375,"[5, 3]",0.625,False,1.02654292,0.2579256,0.86012636,True
5,3,5,F7,0.09082878,0.04707919,0.09459355,0.375,0.375,"[5, 3]",0.625,False,1.02654292,0.2579256,0.86012636,True
5,3,6,F8,0.09751512,-0.09751512,0.1099164,0.375,0.375,"[5, 3]",0.625,False,1.02654292,0.2579256,0.86012636,True
5,3,7,FCz,0.10588015,0.08600209,0.11490218,0.375,0.375,"[5, 3]",0.625,False,1.02654292,0.2579256,0.86012636,True
5,3,8,FC3,0.04915833,-0.01693397,0.06744643,0.375,0.375,"[5, 3]",0.625,False,1.02654292,0.2579256,0.86012636,True
5,3,9,FC4,0.07346079,0.04737136,0.08013163,0.375,0.375,"[5, 3]",0.625,False,1.02654292,0.2579256,0.86012636,True
5,3,10,FT7,0.09904134,0.01876544,0.12819773,0.375,0.375,"[5, 3]",0.625,False,1.02654292,0.2579256,0.86012636,True
5,3,11,FT8,0.0873051,-0.0080028,0.08811876,0.375,0.375,"[5, 3]",0.625,False,1.02654292,0.2579256,0.86012636,True
5,3,12,Cz,0.04574734,-0.01825827,0.05414288,0.375,0.375,"[5, 3]",0.625,False,1.02654292,0.2579256,0.86012636,True
5,3,13,C3,0.05886825,-0.01882648,0.06843588,0.375,0.375,"[5, 3]",0.625,False,1.02654292,0.2579256,0.86012636,True
5,3,14,C4,0.05926675,0.01563951,0.06864099,0.375,0.375,"[5, 3]",0.625,False,1.02654292,0.2579256,0.86012636,True
5,3,15,T3,0.07967511,0.06916699,0.10301812,0.375,0.375,"[5, 3]",0.625,False,1.02654292,0.2579256,0.86012636,True
5,3,16,T4,0.14424974,-0.02140313,0.15792947,0.375,0.375,"[5, 3]",0.625,False,1.02654292,0.2579256,0.86012636,True
5,3,17,CP3,0.11080518,-0.0213437,0.11672493,0.375,0.375,"[5, 3]",0.625,False,1.02654292,0.2579256,0.86012636,True
5,3,18,CP4,0.13627869,0.04828917,0.16406345,0.375,0.375,"[5, 3]",0.625,False,1.02654292,0.2579256,0.86012636,True
5,3,19,TP7,0.02879443,0.02320938,0.04467146,0.375,0.375,"[5, 3]",0.625,False,1.02654292,0.2579256,0.86012636,True
5,3,20,TP8,0.05723453,-0.0502418,0.07864657,0.375,0.375,"[5, 3]",0.625,False,1.02654292,0.2579256,0.86012636,True
5,3,21,Pz,0.1251231,0.03891654,0.13385361,0.375,0.375,"[5, 3]",0.625,False,1.02654292,0.2579256,0.86012636,True
5,3,22,P3,0.07715296,0.07198974,0.10174003,0.375,0.375,"[5, 3]",0.625,False,1.02654292,0.2579256,0.86012636,True
5,3,23,P4,0.06705031,-0.06262531,0.09228878,0.375,0.375,"[5, 3]",0.625,False,1.02654292,0.2579256,0.86012636,True
5,3,24,T5,0.10818877,0.02360062,0.14739326,0.375,0.375,"[5, 3]",0.625,False,1.02654292,0.2579256,0.86012636,True
5,3,25,T6,0.07336622,-0.06415873,0.08887316,0.375,0.375,"[5, 3]",0.625,False,1.02654292,0.2579256,0.86012636,True
5,3,26,Oz,0.09866148,0.08647004,0.1166411,0.375,0.375,"[5, 3]",0.625,False,1.02654292,0.2579256,0.86012636,True
5,3,27,O1,0.17316973,0.09413565,0.17972286,0.375,0.375,"[5, 3]",0.625,False,1.02654292,0.2579256,0.86012636,True
5,3,28,O2,0.15302855,-0.06016548,0.17938471,0.375,0.375,"[5, 3]",0.625,False,1.02654292,0.2579256,0.86012636,True
5,4,0,Fp1,0.1126524,-0.09776019,0.12693696,0.625,0.625,"[3, 5]",0.625,False,0.19600725,0.04130971,0.16423181,True
5,4,1,Fp2,0.08358926,0.0625906,0.09857234,0.625,0.625,"[3, 5]",0.625,False,0.19600725,0.04130971,0.16423181,True
5,4,2,Fz,0.09609311,-0.07672915,0.10277611,0.625,0.625,"[3, 5]",0.625,False,0.19600725,0.04130971,0.16423181,True
5,4,3,F3,0.09388541,0.02407271,0.10161819,0.625,0.625,"[3, 5]",0.625,False,0.19600725,0.04130971,0.16423181,True
5,4,4,F4,0.09591512,0.02353619,0.10204061,0.625,0.625,"[3, 5]",0.625,False,0.19600725,0.04130971,0.16423181,True
5,4,5,F7,0.08333047,0.0725193,0.09267359,0.625,0.625,"[3, 5]",0.625,False,0.19600725,0.04130971,0.16423181,True
5,4,6,F8,0.07384332,-0.04376173,0.07753417,0.625,0.625,"[3, 5]",0.625,False,0.19600725,0.04130971,0.16423181,True
5,4,7,FCz,0.08843249,0.08843249,0.1045436,0.625,0.625,"[3, 5]",0.625,False,0.19600725,0.04130971,0.16423181,True
5,4,8,FC3,0.02501645,0.01376661,0.03418452,0.625,0.625,"[3, 5]",0.625,False,0.19600725,0.04130971,0.16423181,True
5,4,9,FC4,0.06325202,-0.04148579,0.0815443,0.625,0.625,"[3, 5]",0.625,False,0.19600725,0.04130971,0.16423181,True
5,4,10,FT7,0.07789693,-0.05825499,0.09195973,0.625,0.625,"[3, 5]",0.625,False,0.19600725,0.04130971,0.16423181,True
5,4,11,FT8,0.06224096,-0.00343976,0.08409843,0.625,0.625,"[3, 5]",0.625,False,0.19600725,0.04130971,0.16423181,True
5,4,12,Cz,0.07680653,0.0669964,0.0916521,0.625,0.625,"[3, 5]",0.625,False,0.19600725,0.04130971,0.16423181,True
5,4,13,C3,0.11011842,0.06619684,0.11158516,0.625,0.625,"[3, 5]",0.625,False,0.19600725,0.04130971,0.16423181,True
5,4,14,C4,0.08438047,-0.06529571,0.09409624,0.625,0.625,"[3, 5]",0.625,False,0.19600725,0.04130971,0.16423181,True
5,4,15,T3,0.13206078,0.13206078,0.13673088,0.625,0.625,"[3, 5]",0.625,False,0.19600725,0.04130971,0.16423181,True
5,4,16,T4,0.12025411,0.01250105,0.13499311,0.625,0.625,"[3, 5]",0.625,False,0.19600725,0.04130971,0.16423181,True
5,4,17,CP3,0.12284691,0.0355925,0.14169177,0.625,0.625,"[3, 5]",0.625,False,0.19600725,0.04130971,0.16423181,True
5,4,18,CP4,0.11352034,0.02843576,0.13988529,0.625,0.625,"[3, 5]",0.625,False,0.19600725,0.04130971,0.16423181,True
5,4,19,TP7,0.07107848,-0.02873859,0.08926578,0.625,0.625,"[3, 5]",0.625,False,0.19600725,0.04130971,0.16423181,True
5,4,20,TP8,0.09153245,-0.04180602,0.10076877,0.625,0.625,"[3, 5]",0.625,False,0.19600725,0.04130971,0.16423181,True
5,4,21,Pz,0.16275699,0.0088759,0.16350232,0.625,0.625,"[3, 5]",0.625,False,0.19600725,0.04130971,0.16423181,True
5,4,22,P3,0.11296565,0.11296565,0.12066675,0.625,0.625,"[3, 5]",0.625,False,0.19600725,0.04130971,0.16423181,True
5,4,23,P4,0.10097167,-0.09306107,0.11523072,0.625,0.625,"[3, 5]",0.625,False,0.19600725,0.04130971,0.16423181,True
5,4,24,T5,0.1170662,0.07795669,0.12760948,0.625,0.625,"[3, 5]",0.625,False,0.19600725,0.04130971,0.16423181,True
5,4,25,T6,0.06925187,-0.06518123,0.089729,0.625,0.625,"[3, 5]",0.625,False,0.19600725,0.04130971,0.16423181,True
5,4,26,Oz,0.06634831,0.02724166,0.07347358,0.625,0.625,"[3, 5]",0.625,False,0.19600725,0.04130971,0.16423181,True
5,4,27,O1,0.12765008,0.05209138,0.13958089,0.625,0.625,"[3, 5]",0.625,False,0.19600725,0.04130971,0.16423181,True
5,4,28,O2,0.16128393,-0.03154516,0.16675712,0.625,0.625,"[3, 5]",0.625,False,0.19600725,0.04130971,0.16423181,True
5,5,0,Fp1,0.15525573,-0.11881097,0.16837868,0.5,0.5,"[4, 4]",0.5,False,1.10106053,0.25802391,0.92256365,True
5,5,1,Fp2,0.03889508,0.0153862,0.04226652,0.5,0.5,"[4, 4]",0.5,False,1.10106053,0.25802391,0.92256365,True
5,5,2,Fz,0.052253,0.052253,0.06316233,0.5,0.5,"[4, 4]",0.5,False,1.10106053,0.25802391,0.92256365,True
5,5,3,F3,0.14282104,0.06863589,0.14825672,0.5,0.5,"[4, 4]",0.5,False,1.10106053,0.25802391,0.92256365,True
5,5,4,F4,0.06635554,0.0275831,0.07412383,0.5,0.5,"[4, 4]",0.5,False,1.10106053,0.25802391,0.92256365,True
5,5,5,F7,0.10381077,0.02123424,0.12322828,0.5,0.5,"[4, 4]",0.5,False,1.10106053,0.25802391,0.92256365,True
5,5,6,F8,0.05360432,-0.01208692,0.07024523,0.5,0.5,"[4, 4]",0.5,False,1.10106053,0.25802391,0.92256365,True
5,5,7,FCz,0.13245785,0.13245785,0.13655293,0.5,0.5,"[4, 4]",0.5,False,1.10106053,0.25802391,0.92256365,True
5,5,8,FC3,0.06401895,-0.03078014,0.06601705,0.5,0.5,"[4, 4]",0.5,False,1.10106053,0.25802391,0.92256365,True
5,5,9,FC4,0.07280309,0.07280309,0.09478263,0.5,0.5,"[4, 4]",0.5,False,1.10106053,0.25802391,0.92256365,True
5,5,10,FT7,0.0739949,-0.0739949,0.10352973,0.5,0.5,"[4, 4]",0.5,False,1.10106053,0.25802391,0.92256365,True
5,5,11,FT8,0.09235212,0.08102369,0.11471753,0.5,0.5,"[4, 4]",0.5,False,1.10106053,0.25802391,0.92256365,True
5,5,12,Cz,0.04491692,-0.01678659,0.04725092,0.5,0.5,"[4, 4]",0.5,False,1.10106053,0.25802391,0.92256365,True
5,5,13,C3,0.08620842,0.01888411,0.11855701,0.5,0.5,"[4, 4]",0.5,False,1.10106053,0.25802391,0.92256365,True
5,5,14,C4,0.09515071,0.03635636,0.10238247,0.5,0.5,"[4, 4]",0.5,False,1.10106053,0.25802391,0.92256365,True
5,5,15,T3,0.14741112,0.14741112,0.17090255,0.5,0.5,"[4, 4]",0.5,False,1.10106053,0.25802391,0.92256365,True
5,5,16,T4,0.05931779,-0.03997591,0.09793027,0.5,0.5,"[4, 4]",0.5,False,1.10106053,0.25802391,0.92256365,True
5,5,17,CP3,0.07428028,0.00519122,0.08534709,0.5,0.5,"[4, 4]",0.5,False,1.10106053,0.25802391,0.92256365,True
5,5,18,CP4,0.09723194,0.02495197,0.11661785,0.5,0.5,"[4, 4]",0.5,False,1.10106053,0.25802391,0.92256365,True
5,5,19,TP7,0.06185361,-0.0241656,0.06527152,0.5,0.5,"[4, 4]",0.5,False,1.10106053,0.25802391,0.92256365,True
5,5,20,TP8,0.10745654,-0.04459389,0.11963198,0.5,0.5,"[4, 4]",0.5,False,1.10106053,0.25802391,0.92256365,True
5,5,21,Pz,0.14640749,-0.0375511,0.15973888,0.5,0.5,"[4, 4]",0.5,False,1.10106053,0.25802391,0.92256365,True
5,5,22,P3,0.0800807,0.03892344,0.09607091,0.5,0.5,"[4, 4]",0.5,False,1.10106053,0.25802391,0.92256365,True
5,5,23,P4,0.08388851,-0.05210102,0.09931218,0.5,0.5,"[4, 4]",0.5,False,1.10106053,0.25802391,0.92256365,True
5,5,24,T5,0.08201271,0.0399262,0.12615237,0.5,0.5,"[4, 4]",0.5,False,1.10106053,0.25802391,0.92256365,True
5,5,25,T6,0.10252348,-0.10252348,0.10386058,0.5,0.5,"[4, 4]",0.5,False,1.10106053,0.25802391,0.92256365,True
5,5,26,Oz,0.09972742,0.0718614,0.11124354,0.5,0.5,"[4, 4]",0.5,False,1.10106053,0.25802391,0.92256365,True
5,5,27,O1,0.11466007,0.05603698,0.11610678,0.5,0.5,"[4, 4]",0.5,False,1.10106053,0.25802391,0.92256365,True
5,5,28,O2,0.17254481,-0.03904805,0.18810368,0.5,0.5,"[4, 4]",0.5,False,1.10106053,0.25802391,0.92256365,True
6,1,0,Fp1,0.1128143,-0.07353562,0.12003217,0.5,0.5,"[6, 2]",0.75,False,0.75419496,0.20509958,0.63192971,True
6,1,1,Fp2,0.09865911,0.09865911,0.12695551,0.5,0.5,"[6, 2]",0.75,False,0.75419496,0.20509958,0.63192971,True
6,1,2,Fz,0.10610388,-0.10610388,0.12183081,0.5,0.5,"[6, 2]",0.75,False,0.75419496,0.20509958,0.63192971,True
6,1,3,F3,0.10399938,0.03091084,0.10858863,0.5,0.5,"[6, 2]",0.75,False,0.75419496,0.20509958,0.63192971,True
6,1,4,F4,0.12238824,0.05750596,0.1401836,0.5,0.5,"[6, 2]",0.75,False,0.75419496,0.20509958,0.63192971,True
6,1,5,F7,0.14357525,0.1088663,0.15005961,0.5,0.5,"[6, 2]",0.75,False,0.75419496,0.20509958,0.63192971,True
6,1,6,F8,0.05030562,0.01319801,0.06098012,0.5,0.5,"[6, 2]",0.75,False,0.75419496,0.20509958,0.63192971,True
6,1,7,FCz,0.0711695,0.0711695,0.08023804,0.5,0.5,"[6, 2]",0.75,False,0.75419496,0.20509958,0.63192971,True
6,1,8,FC3,0.09644834,-0.03693664,0.11116483,0.5,0.5,"[6, 2]",0.75,False,0.75419496,0.20509958,0.63192971,True
6,1,9,FC4,0.06341758,-0.03856974,0.07431986,0.5,0.5,"[6, 2]",0.75,False,0.75419496,0.20509958,0.63192971,True
6,1,10,FT7,0.10106145,-0.06928173,0.12253059,0.5,0.5,"[6, 2]",0.75,False,0.75419496,0.20509958,0.63192971,True
6,1,11,FT8,0.13906583,-0.05887267,0.14993808,0.5,0.5,"[6, 2]",0.75,False,0.75419496,0.20509958,0.63192971,True
6,1,12,Cz,0.07430848,0.04552931,0.07577305,0.5,0.5,"[6, 2]",0.75,False,0.75419496,0.20509958,0.63192971,True
6,1,13,C3,0.09730587,0.036217,0.11002657,0.5,0.5,"[6, 2]",0.75,False,0.75419496,0.20509958,0.63192971,True
6,1,14,C4,0.09401259,-0.09401259,0.12365466,0.5,0.5,"[6, 2]",0.75,False,0.75419496,0.20509958,0.63192971,True
6,1,15,T3,0.10156509,0.08701632,0.12020764,0.5,0.5,"[6, 2]",0.75,False,0.75419496,0.20509958,0.63192971,True
6,1,16,T4,0.05692707,0.03109749,0.07278503,0.5,0.5,"[6, 2]",0.75,False,0.75419496,0.20509958,0.63192971,True
6,1,17,CP3,0.14377397,0.03423685,0.15824902,0.5,0.5,"[6, 2]",0.75,False,0.75419496,0.20509958,0.63192971,True
6,1,18,CP4,0.1607542,0.09751192,0.16541807,0.5,0.5,"[6, 2]",0.75,False,0.75419496,0.20509958,0.63192971,True
6,1,19,TP7,0.06724241,-0.00292358,0.07757324,0.5,0.5,"[6, 2]",0.75,False,0.75419496,0.20509958,0.63192971,True
6,1,20,TP8,0.08152103,-0.04734043,0.09562761,0.5,0.5,"[6, 2]",0.75,False,0.75419496,0.20509958,0.63192971,True
6,1,21,Pz,0.16778739,0.04116815,0.18049447,0.5,0.5,"[6, 2]",0.75,False,0.75419496,0.20509958,0.63192971,True
6,1,22,P3,0.10737111,0.10737111,0.1370853,0.5,0.5,"[6, 2]",0.75,False,0.75419496,0.20509958,0.63192971,True
6,1,23,P4,0.07916084,-0.072912,0.11375285,0.5,0.5,"[6, 2]",0.75,False,0.75419496,0.20509958,0.63192971,True
6,1,24,T5,0.10643435,0.06185183,0.12570612,0.5,0.5,"[6, 2]",0.75,False,0.75419496,0.20509958,0.63192971,True
6,1,25,T6,0.04794395,-0.03605938,0.05647364,0.5,0.5,"[6, 2]",0.75,False,0.75419496,0.20509958,0.63192971,True
6,1,26,Oz,0.04835233,0.02035004,0.05386296,0.5,0.5,"[6, 2]",0.75,False,0.75419496,0.20509958,0.63192971,True
6,1,27,O1,0.07662158,0.03755368,0.07992486,0.5,0.5,"[6, 2]",0.75,False,0.75419496,0.20509958,0.63192971,True
6,1,28,O2,0.09048216,-0.02719697,0.10770083,0.5,0.5,"[6, 2]",0.75,False,0.75419496,0.20509958,0.63192971,True
6,2,0,Fp1,0.10857427,-0.09438679,0.12113228,0.5,0.5,"[0, 8]",1.0,True,0.01299169,0.00227153,0.01088556,True
6,2,1,Fp2,0.07830757,0.06212435,0.09602278,0.5,0.5,"[0, 8]",1.0,True,0.01299169,0.00227153,0.01088556,True
6,2,2,Fz,0.10372446,-0.09772614,0.1168712,0.5,0.5,"[0, 8]",1.0,True,0.01299169,0.00227153,0.01088556,True
6,2,3,F3,0.08824433,0.02897639,0.0946169,0.5,0.5,"[0, 8]",1.0,True,0.01299169,0.00227153,0.01088556,True
6,2,4,F4,0.09757882,0.01357297,0.10743242,0.5,0.5,"[0, 8]",1.0,True,0.01299169,0.00227153,0.01088556,True
6,2,5,F7,0.08461783,0.08246436,0.09849066,0.5,0.5,"[0, 8]",1.0,True,0.01299169,0.00227153,0.01088556,True
6,2,6,F8,0.07739966,-0.02814642,0.0786112,0.5,0.5,"[0, 8]",1.0,True,0.01299169,0.00227153,0.01088556,True
6,2,7,FCz,0.09858565,0.09858565,0.1137256,0.5,0.5,"[0, 8]",1.0,True,0.01299169,0.00227153,0.01088556,True
6,2,8,FC3,0.03139989,0.00661373,0.03799978,0.5,0.5,"[0, 8]",1.0,True,0.01299169,0.00227153,0.01088556,True
6,2,9,FC4,0.05739057,-0.05739057,0.07559881,0.5,0.5,"[0, 8]",1.0,True,0.01299169,0.00227153,0.01088556,True
6,2,10,FT7,0.09052029,-0.05840673,0.10452788,0.5,0.5,"[0, 8]",1.0,True,0.01299169,0.00227153,0.01088556,True
6,2,11,FT8,0.08098509,-0.00298191,0.09816268,0.5,0.5,"[0, 8]",1.0,True,0.01299169,0.00227153,0.01088556,True
6,2,12,Cz,0.07699836,0.07494958,0.09216082,0.5,0.5,"[0, 8]",1.0,True,0.01299169,0.00227153,0.01088556,True
6,2,13,C3,0.11527543,0.07270008,0.11744935,0.5,0.5,"[0, 8]",1.0,True,0.01299169,0.00227153,0.01088556,True
6,2,14,C4,0.08567217,-0.07491595,0.09577028,0.5,0.5,"[0, 8]",1.0,True,0.01299169,0.00227153,0.01088556,True
6,2,15,T3,0.12635648,0.12635648,0.13195224,0.5,0.5,"[0, 8]",1.0,True,0.01299169,0.00227153,0.01088556,True
6,2,16,T4,0.12243973,0.01279299,0.13442877,0.5,0.5,"[0, 8]",1.0,True,0.01299169,0.00227153,0.01088556,True
6,2,17,CP3,0.12185156,0.03248993,0.13999563,0.5,0.5,"[0, 8]",1.0,True,0.01299169,0.00227153,0.01088556,True
6,2,18,CP4,0.10961752,0.03338683,0.12663621,0.5,0.5,"[0, 8]",1.0,True,0.01299169,0.00227153,0.01088556,True
6,2,19,TP7,0.08521564,-0.0189981,0.09507266,0.5,0.5,"[0, 8]",1.0,True,0.01299169,0.00227153,0.01088556,True
6,2,20,TP8,0.08914077,-0.06028049,0.10893727,0.5,0.5,"[0, 8]",1.0,True,0.01299169,0.00227153,0.01088556,True
6,2,21,Pz,0.1531654,0.0061369,0.15333125,0.5,0.5,"[0, 8]",1.0,True,0.01299169,0.00227153,0.01088556,True
6,2,22,P3,0.10700208,0.10700208,0.11607301,0.5,0.5,"[0, 8]",1.0,True,0.01299169,0.00227153,0.01088556,True
6,2,23,P4,0.10538729,-0.09448692,0.11777136,0.5,0.5,"[0, 8]",1.0,True,0.01299169,0.00227153,0.01088556,True
6,2,24,T5,0.10478461,0.07272861,0.1141846,0.5,0.5,"[0, 8]",1.0,True,0.01299169,0.00227153,0.01088556,True
6,2,25,T6,0.08099103,-0.06277467,0.09201032,0.5,0.5,"[0, 8]",1.0,True,0.01299169,0.00227153,0.01088556,True
6,2,26,Oz,0.07722291,0.04155357,0.07969908,0.5,0.5,"[0, 8]",1.0,True,0.01299169,0.00227153,0.01088556,True
6,2,27,O1,0.12179798,0.05594542,0.13212833,0.5,0.5,"[0, 8]",1.0,True,0.01299169,0.00227153,0.01088556,True
6,2,28,O2,0.1440987,-0.02426912,0.146823,0.5,0.5,"[0, 8]",1.0,True,0.01299169,0.00227153,0.01088556,True
6,3,0,Fp1,0.08053817,-0.07880323,0.11650109,0.5,0.5,"[2, 6]",0.75,False,0.91108543,0.23554453,0.7633861,True
6,3,1,Fp2,0.07408313,0.0529997,0.11524896,0.5,0.5,"[2, 6]",0.75,False,0.91108543,0.23554453,0.7633861,True
6,3,2,Fz,0.10335474,-0.09276593,0.11651463,0.5,0.5,"[2, 6]",0.75,False,0.91108543,0.23554453,0.7633861,True
6,3,3,F3,0.14920737,0.0662884,0.15629493,0.5,0.5,"[2, 6]",0.75,False,0.91108543,0.23554453,0.7633861,True
6,3,4,F4,0.1832692,-0.00974617,0.18631788,0.5,0.5,"[2, 6]",0.75,False,0.91108543,0.23554453,0.7633861,True
6,3,5,F7,0.06753998,0.0278384,0.08250425,0.5,0.5,"[2, 6]",0.75,False,0.91108543,0.23554453,0.7633861,True
6,3,6,F8,0.07311974,0.06541882,0.08977997,0.5,0.5,"[2, 6]",0.75,False,0.91108543,0.23554453,0.7633861,True
6,3,7,FCz,0.06161188,0.06161188,0.07927004,0.5,0.5,"[2, 6]",0.75,False,0.91108543,0.23554453,0.7633861,True
6,3,8,FC3,0.06764668,-0.03698957,0.07470413,0.5,0.5,"[2, 6]",0.75,False,0.91108543,0.23554453,0.7633861,True
6,3,9,FC4,0.06037838,-0.00866286,0.06607896,0.5,0.5,"[2, 6]",0.75,False,0.91108543,0.23554453,0.7633861,True
6,3,10,FT7,0.09272609,-0.05439819,0.11039275,0.5,0.5,"[2, 6]",0.75,False,0.91108543,0.23554453,0.7633861,True
6,3,11,FT8,0.1281476,-0.00636911,0.13524054,0.5,0.5,"[2, 6]",0.75,False,0.91108543,0.23554453,0.7633861,True
6,3,12,Cz,0.1081713,0.01826079,0.11891361,0.5,0.5,"[2, 6]",0.75,False,0.91108543,0.23554453,0.7633861,True
6,3,13,C3,0.08930819,0.07661166,0.15392563,0.5,0.5,"[2, 6]",0.75,False,0.91108543,0.23554453,0.7633861,True
6,3,14,C4,0.06763595,0.00951116,0.08572625,0.5,0.5,"[2, 6]",0.75,False,0.91108543,0.23554453,0.7633861,True
6,3,15,T3,0.13551733,0.10328785,0.14580232,0.5,0.5,"[2, 6]",0.75,False,0.91108543,0.23554453,0.7633861,True
6,3,16,T4,0.10153472,0.03901114,0.11410707,0.5,0.5,"[2, 6]",0.75,False,0.91108543,0.23554453,0.7633861,True
6,3,17,CP3,0.06654075,0.03747391,0.07724207,0.5,0.5,"[2, 6]",0.75,False,0.91108543,0.23554453,0.7633861,True
6,3,18,CP4,0.16250986,0.02893668,0.18580075,0.5,0.5,"[2, 6]",0.75,False,0.91108543,0.23554453,0.7633861,True
6,3,19,TP7,0.05210806,-0.01294682,0.06480902,0.5,0.5,"[2, 6]",0.75,False,0.91108543,0.23554453,0.7633861,True
6,3,20,TP8,0.05577548,-0.05219603,0.07677196,0.5,0.5,"[2, 6]",0.75,False,0.91108543,0.23554453,0.7633861,True
6,3,21,Pz,0.15723494,-0.0164324,0.16634116,0.5,0.5,"[2, 6]",0.75,False,0.91108543,0.23554453,0.7633861,True
6,3,22,P3,0.08682437,0.08682437,0.10289922,0.5,0.5,"[2, 6]",0.75,False,0.91108543,0.23554453,0.7633861,True
6,3,23,P4,0.0876325,-0.00701772,0.09079489,0.5,0.5,"[2, 6]",0.75,False,0.91108543,0.23554453,0.7633861,True
6,3,24,T5,0.05096059,0.05096059,0.06219698,0.5,0.5,"[2, 6]",0.75,False,0.91108543,0.23554453,0.7633861,True
6,3,25,T6,0.05245123,-0.0331881,0.05798787,0.5,0.5,"[2, 6]",0.75,False,0.91108543,0.23554453,0.7633861,True
6,3,26,Oz,0.08889378,0.04463961,0.103792,0.5,0.5,"[2, 6]",0.75,False,0.91108543,0.23554453,0.7633861,True
6,3,27,O1,0.06378061,-0.00763938,0.07194274,0.5,0.5,"[2, 6]",0.75,False,0.91108543,0.23554453,0.7633861,True
6,3,28,O2,0.12177765,-0.01860617,0.13306646,0.5,0.5,"[2, 6]",0.75,False,0.91108543,0.23554453,0.7633861,True
6,4,0,Fp1,0.061081,-0.02310885,0.06542149,0.5,0.5,"[2, 6]",0.75,False,1.31891919,0.40655065,1.10510446,True
6,4,1,Fp2,0.09849967,-0.03000582,0.10338557,0.5,0.5,"[2, 6]",0.75,False,1.31891919,0.40655065,1.10510446,True
6,4,2,Fz,0.06429403,-0.06429403,0.08783791,0.5,0.5,"[2, 6]",0.75,False,1.31891919,0.40655065,1.10510446,True
6,4,3,F3,0.06623671,0.0419543,0.07725792,0.5,0.5,"[2, 6]",0.75,False,1.31891919,0.40655065,1.10510446,True
6,4,4,F4,0.12421326,-0.03335669,0.13471584,0.5,0.5,"[2, 6]",0.75,False,1.31891919,0.40655065,1.10510446,True
6,4,5,F7,0.03815321,0.00587771,0.04145986,0.5,0.5,"[2, 6]",0.75,False,1.31891919,0.40655065,1.10510446,True
6,4,6,F8,0.10894147,0.07812572,0.11979069,0.5,0.5,"[2, 6]",0.75,False,1.31891919,0.40655065,1.10510446,True
6,4,7,FCz,0.11164802,0.11164802,0.13022405,0.5,0.5,"[2, 6]",0.75,False,1.31891919,0.40655065,1.10510446,True
6,4,8,FC3,0.11458129,-0.03745249,0.13677949,0.5,0.5,"[2, 6]",0.75,False,1.31891919,0.40655065,1.10510446,True
6,4,9,FC4,0.10393281,0.0982689,0.12488633,0.5,0.5,"[2, 6]",0.75,False,1.31891919,0.40655065,1.10510446,True
6,4,10,FT7,0.1328591,0.06532119,0.1551152,0.5,0.5,"[2, 6]",0.75,False,1.31891919,0.40655065,1.10510446,True
6,4,11,FT8,0.08448003,-0.03785182,0.11108152,0.5,0.5,"[2, 6]",0.75,False,1.31891919,0.40655065,1.10510446,True
6,4,12,Cz,0.04410965,0.02830948,0.0527183,0.5,0.5,"[2, 6]",0.75,False,1.31891919,0.40655065,1.10510446,True
6,4,13,C3,0.13968237,-0.03740949,0.1575793,0.5,0.5,"[2, 6]",0.75,False,1.31891919,0.40655065,1.10510446,True
6,4,14,C4,0.11209717,-0.10062759,0.12574871,0.5,0.5,"[2, 6]",0.75,False,1.31891919,0.40655065,1.10510446,True
6,4,15,T3,0.11536068,0.09335859,0.1472625,0.5,0.5,"[2, 6]",0.75,False,1.31891919,0.40655065,1.10510446,True
6,4,16,T4,0.06469262,0.02693534,0.07764557,0.5,0.5,"[2, 6]",0.75,False,1.31891919,0.40655065,1.10510446,True
6,4,17,CP3,0.12357613,0.0494184,0.13938971,0.5,0.5,"[2, 6]",0.75,False,1.31891919,0.40655065,1.10510446,True
6,4,18,CP4,0.19717583,0.09756337,0.23503922,0.5,0.5,"[2, 6]",0.75,False,1.31891919,0.40655065,1.10510446,True
6,4,19,TP7,0.08956002,-0.08956002,0.13541754,0.5,0.5,"[2, 6]",0.75,False,1.31891919,0.40655065,1.10510446,True
6,4,20,TP8,0.04830433,-0.03970776,0.06508266,0.5,0.5,"[2, 6]",0.75,False,1.31891919,0.40655065,1.10510446,True
6,4,21,Pz,0.07663179,-0.05166373,0.09437981,0.5,0.5,"[2, 6]",0.75,False,1.31891919,0.40655065,1.10510446,True
6,4,22,P3,0.09232575,0.09009347,0.12073149,0.5,0.5,"[2, 6]",0.75,False,1.31891919,0.40655065,1.10510446,True
6,4,23,P4,0.15675181,0.03062734,0.17062385,0.5,0.5,"[2, 6]",0.75,False,1.31891919,0.40655065,1.10510446,True
6,4,24,T5,0.03609136,0.02603042,0.04796608,0.5,0.5,"[2, 6]",0.75,False,1.31891919,0.40655065,1.10510446,True
6,4,25,T6,0.05373408,-0.01358539,0.06628713,0.5,0.5,"[2, 6]",0.75,False,1.31891919,0.40655065,1.10510446,True
6,4,26,Oz,0.04514056,0.00266859,0.05111865,0.5,0.5,"[2, 6]",0.75,False,1.31891919,0.40655065,1.10510446,True
6,4,27,O1,0.09559785,0.02999494,0.10582297,0.5,0.5,"[2, 6]",0.75,False,1.31891919,0.40655065,1.10510446,True
6,4,28,O2,0.12185538,0.01719911,0.15655631,0.5,0.5,"[2, 6]",0.75,False,1.31891919,0.40655065,1.10510446,True
6,5,0,Fp1,0.07939936,-0.04651111,0.08112919,0.25,0.25,"[4, 4]",0.5,False,0.67287673,0.16488012,0.56379427,True
6,5,1,Fp2,0.11088493,0.08637726,0.13209626,0.25,0.25,"[4, 4]",0.5,False,0.67287673,0.16488012,0.56379427,True
6,5,2,Fz,0.12305481,-0.10984911,0.13848996,0.25,0.25,"[4, 4]",0.5,False,0.67287673,0.16488012,0.56379427,True
6,5,3,F3,0.10734666,0.07369337,0.13139269,0.25,0.25,"[4, 4]",0.5,False,0.67287673,0.16488012,0.56379427,True
6,5,4,F4,0.10867316,0.02491682,0.1262081,0.25,0.25,"[4, 4]",0.5,False,0.67287673,0.16488012,0.56379427,True
6,5,5,F7,0.05005752,0.05005752,0.05899069,0.25,0.25,"[4, 4]",0.5,False,0.67287673,0.16488012,0.56379427,True
6,5,6,F8,0.06252888,-0.02354885,0.07256034,0.25,0.25,"[4, 4]",0.5,False,0.67287673,0.16488012,0.56379427,True
6,5,7,FCz,0.06051372,0.06051372,0.08067021,0.25,0.25,"[4, 4]",0.5,False,0.67287673,0.16488012,0.56379427,True
6,5,8,FC3,0.0448417,-0.02943766,0.05857783,0.25,0.25,"[4, 4]",0.5,False,0.67287673,0.16488012,0.56379427,True
6,5,9,FC4,0.02873172,-0.02873172,0.03426186,0.25,0.25,"[4, 4]",0.5,False,0.67287673,0.16488012,0.56379427,True
6,5,10,FT7,0.0756846,-0.07186916,0.10428404,0.25,0.25,"[4, 4]",0.5,False,0.67287673,0.16488012,0.56379427,True
6,5,11,FT8,0.13753177,0.05695976,0.14780274,0.25,0.25,"[4, 4]",0.5,False,0.67287673,0.16488012,0.56379427,True
6,5,12,Cz,0.06442469,0.06442469,0.07391702,0.25,0.25,"[4, 4]",0.5,False,0.67287673,0.16488012,0.56379427,True
6,5,13,C3,0.08094852,0.07166933,0.10919371,0.25,0.25,"[4, 4]",0.5,False,0.67287673,0.16488012,0.56379427,True
6,5,14,C4,0.11156584,-0.05827184,0.13034907,0.25,0.25,"[4, 4]",0.5,False,0.67287673,0.16488012,0.56379427,True
6,5,15,T3,0.13668542,0.1047677,0.14625365,0.25,0.25,"[4, 4]",0.5,False,0.67287673,0.16488012,0.56379427,True
6,5,16,T4,0.13048512,0.00926653,0.14228235,0.25,0.25,"[4, 4]",0.5,False,0.67287673,0.16488012,0.56379427,True
6,5,17,CP3,0.18179703,0.07923449,0.20346586,0.25,0.25,"[4, 4]",0.5,False,0.67287673,0.16488012,0.56379427,True
6,5,18,CP4,0.08605912,-0.01658577,0.10303362,0.25,0.25,"[4, 4]",0.5,False,0.67287673,0.16488012,0.56379427,True
6,5,19,TP7,0.10810252,-0.04005557,0.1164914,0.25,0.25,"[4, 4]",0.5,False,0.67287673,0.16488012,0.56379427,True
6,5,20,TP8,0.05866503,-0.05866503,0.06725875,0.25,0.25,"[4, 4]",0.5,False,0.67287673,0.16488012,0.56379427,True
6,5,21,Pz,0.11787359,0.00145279,0.11844077,0.25,0.25,"[4, 4]",0.5,False,0.67287673,0.16488012,0.56379427,True
6,5,22,P3,0.06526919,0.06526919,0.06873675,0.25,0.25,"[4, 4]",0.5,False,0.67287673,0.16488012,0.56379427,True
6,5,23,P4,0.09638189,-0.09638189,0.10899455,0.25,0.25,"[4, 4]",0.5,False,0.67287673,0.16488012,0.56379427,True
6,5,24,T5,0.14088421,0.07652144,0.15591681,0.25,0.25,"[4, 4]",0.5,False,0.67287673,0.16488012,0.56379427,True
6,5,25,T6,0.09200938,-0.04607555,0.09745323,0.25,0.25,"[4, 4]",0.5,False,0.67287673,0.16488012,0.56379427,True
6,5,26,Oz,0.02796804,0.00896682,0.02996432,0.25,0.25,"[4, 4]",0.5,False,0.67287673,0.16488012,0.56379427,True
6,5,27,O1,0.10385901,0.05676607,0.1114378,0.25,0.25,"[4, 4]",0.5,False,0.67287673,0.16488012,0.56379427,True
6,5,28,O2,0.0740563,-0.02782953,0.10233455,0.25,0.25,"[4, 4]",0.5,False,0.67287673,0.16488012,0.56379427,True
7,1,0,Fp1,0.12711871,-0.09502651,0.13232589,0.75,0.75,"[4, 4]",0.5,False,0.97946792,0.21912558,0.82068286,True
7,1,1,Fp2,0.06094702,-0.0401639,0.08462534,0.75,0.75,"[4, 4]",0.5,False,0.97946792,0.21912558,0.82068286,True
7,1,2,Fz,0.13538161,-0.13538161,0.16664451,0.75,0.75,"[4, 4]",0.5,False,0.97946792,0.21912558,0.82068286,True
7,1,3,F3,0.07766316,0.05094958,0.10261764,0.75,0.75,"[4, 4]",0.5,False,0.97946792,0.21912558,0.82068286,True
7,1,4,F4,0.1533677,0.02952554,0.19810745,0.75,0.75,"[4, 4]",0.5,False,0.97946792,0.21912558,0.82068286,True
7,1,5,F7,0.11239242,0.11239242,0.1314467,0.75,0.75,"[4, 4]",0.5,False,0.97946792,0.21912558,0.82068286,True
7,1,6,F8,0.04071143,0.0370824,0.04641648,0.75,0.75,"[4, 4]",0.5,False,0.97946792,0.21912558,0.82068286,True
7,1,7,FCz,0.07218165,0.06565631,0.08529873,0.75,0.75,"[4, 4]",0.5,False,0.97946792,0.21912558,0.82068286,True
7,1,8,FC3,0.03718573,-0.03718573,0.05007109,0.75,0.75,"[4, 4]",0.5,False,0.97946792,0.21912558,0.82068286,True
7,1,9,FC4,0.07428229,-0.0733575,0.0853771,0.75,0.75,"[4, 4]",0.5,False,0.97946792,0.21912558,0.82068286,True
7,1,10,FT7,0.05049937,-0.03921391,0.0625775,0.75,0.75,"[4, 4]",0.5,False,0.97946792,0.21912558,0.82068286,True
7,1,11,FT8,0.07236333,0.02120744,0.08252224,0.75,0.75,"[4, 4]",0.5,False,0.97946792,0.21912558,0.82068286,True
7,1,12,Cz,0.09296598,0.09296598,0.09589867,0.75,0.75,"[4, 4]",0.5,False,0.97946792,0.21912558,0.82068286,True
7,1,13,C3,0.03846363,0.03846363,0.04537531,0.75,0.75,"[4, 4]",0.5,False,0.97946792,0.21912558,0.82068286,True
7,1,14,C4,0.07680389,-0.02432456,0.09361358,0.75,0.75,"[4, 4]",0.5,False,0.97946792,0.21912558,0.82068286,True
7,1,15,T3,0.11690854,0.11690854,0.12008832,0.75,0.75,"[4, 4]",0.5,False,0.97946792,0.21912558,0.82068286,True
7,1,16,T4,0.13004163,-0.04921476,0.14773655,0.75,0.75,"[4, 4]",0.5,False,0.97946792,0.21912558,0.82068286,True
7,1,17,CP3,0.10627477,-0.05424853,0.14402002,0.75,0.75,"[4, 4]",0.5,False,0.97946792,0.21912558,0.82068286,True
7,1,18,CP4,0.14758453,0.07360644,0.17159316,0.75,0.75,"[4, 4]",0.5,False,0.97946792,0.21912558,0.82068286,True
7,1,19,TP7,0.09180944,-0.09180944,0.09857363,0.75,0.75,"[4, 4]",0.5,False,0.97946792,0.21912558,0.82068286,True
7,1,20,TP8,0.07699469,0.00945582,0.08658149,0.75,0.75,"[4, 4]",0.5,False,0.97946792,0.21912558,0.82068286,True
7,1,21,Pz,0.09443189,-0.02187875,0.10107048,0.75,0.75,"[4, 4]",0.5,False,0.97946792,0.21912558,0.82068286,True
7,1,22,P3,0.13758406,0.09606889,0.16801374,0.75,0.75,"[4, 4]",0.5,False,0.97946792,0.21912558,0.82068286,True
7,1,23,P4,0.09572478,-0.04721906,0.10414498,0.75,0.75,"[4, 4]",0.5,False,0.97946792,0.21912558,0.82068286,True
7,1,24,T5,0.0585928,0.01528011,0.07940763,0.75,0.75,"[4, 4]",0.5,False,0.97946792,0.21912558,0.82068286,True
7,1,25,T6,0.09345707,-0.02605595,0.12076034,0.75,0.75,"[4, 4]",0.5,False,0.97946792,0.21912558,0.82068286,True
7,1,26,Oz,0.0493139,-0.02813347,0.05516799,0.75,0.75,"[4, 4]",0.5,False,0.97946792,0.21912558,0.82068286,True
7,1,27,O1,0.08907036,0.08907036,0.10481372,0.75,0.75,"[4, 4]",0.5,False,0.97946792,0.21912558,0.82068286,True
7,1,28,O2,0.10006621,-0.03040894,0.11124773,0.75,0.75,"[4, 4]",0.5,False,0.97946792,0.21912558,0.82068286,True
7,2,0,Fp1,0.13988489,-0.10187916,0.14522231,0.625,0.625,"[3, 5]",0.625,False,0.86436986,0.18448118,0.72424376,True
7,2,1,Fp2,0.06044072,-0.02103704,0.06797688,0.625,0.625,"[3, 5]",0.625,False,0.86436986,0.18448118,0.72424376,True
7,2,2,Fz,0.11395146,-0.11395146,0.12130608,0.625,0.625,"[3, 5]",0.625,False,0.86436986,0.18448118,0.72424376,True
7,2,3,F3,0.07305278,0.06616591,0.0934824,0.625,0.625,"[3, 5]",0.625,False,0.86436986,0.18448118,0.72424376,True
7,2,4,F4,0.13966416,-0.05263013,0.16236109,0.625,0.625,"[3, 5]",0.625,False,0.86436986,0.18448118,0.72424376,True
7,2,5,F7,0.09100247,0.09100247,0.11085833,0.625,0.625,"[3, 5]",0.625,False,0.86436986,0.18448118,0.72424376,True
7,2,6,F8,0.07498997,0.04824204,0.08857388,0.625,0.625,"[3, 5]",0.625,False,0.86436986,0.18448118,0.72424376,True
7,2,7,FCz,0.10326718,0.10326718,0.11132484,0.625,0.625,"[3, 5]",0.625,False,0.86436986,0.18448118,0.72424376,True
7,2,8,FC3,0.07834974,-0.02388687,0.09801556,0.625,0.625,"[3, 5]",0.625,False,0.86436986,0.18448118,0.72424376,True
7,2,9,FC4,0.04171005,-0.04171005,0.05491519,0.625,0.625,"[3, 5]",0.625,False,0.86436986,0.18448118,0.72424376,True
7,2,10,FT7,0.06620125,-0.02103651,0.08643488,0.625,0.625,"[3, 5]",0.625,False,0.86436986,0.18448118,0.72424376,True
7,2,11,FT8,0.03805295,-0.00536803,0.05274179,0.625,0.625,"[3, 5]",0.625,False,0.86436986,0.18448118,0.72424376,True
7,2,12,Cz,0.09638855,0.09638855,0.11608481,0.625,0.625,"[3, 5]",0.625,False,0.86436986,0.18448118,0.72424376,True
7,2,13,C3,0.03990055,-0.00102744,0.04586245,0.625,0.625,"[3, 5]",0.625,False,0.86436986,0.18448118,0.72424376,True
7,2,14,C4,0.07506385,-0.01845945,0.09587966,0.625,0.625,"[3, 5]",0.625,False,0.86436986,0.18448118,0.72424376,True
7,2,15,T3,0.11795734,0.11795734,0.12205382,0.625,0.625,"[3, 5]",0.625,False,0.86436986,0.18448118,0.72424376,True
7,2,16,T4,0.13054156,-0.03102343,0.1501397,0.625,0.625,"[3, 5]",0.625,False,0.86436986,0.18448118,0.72424376,True
7,2,17,CP3,0.11805226,-0.06421415,0.15874253,0.625,0.625,"[3, 5]",0.625,False,0.86436986,0.18448118,0.72424376,True
7,2,18,CP4,0.14663291,0.08475974,0.15266772,0.625,0.625,"[3, 5]",0.625,False,0.86436986,0.18448118,0.72424376,True
7,2,19,TP7,0.06839626,-0.06839626,0.08260739,0.625,0.625,"[3, 5]",0.625,False,0.86436986,0.18448118,0.72424376,True
7,2,20,TP8,0.07830528,0.01246121,0.09288522,0.625,0.625,"[3, 5]",0.625,False,0.86436986,0.18448118,0.72424376,True
7,2,21,Pz,0.13445021,-0.05796317,0.14674757,0.625,0.625,"[3, 5]",0.625,False,0.86436986,0.18448118,0.72424376,True
7,2,22,P3,0.17101893,0.14356968,0.18957561,0.625,0.625,"[3, 5]",0.625,False,0.86436986,0.18448118,0.72424376,True
7,2,23,P4,0.05845397,-0.01585231,0.06288682,0.625,0.625,"[3, 5]",0.625,False,0.86436986,0.18448118,0.72424376,True
7,2,24,T5,0.09447177,0.01957603,0.10579123,0.625,0.625,"[3, 5]",0.625,False,0.86436986,0.18448118,0.72424376,True
7,2,25,T6,0.1124911,-0.05451163,0.12684935,0.625,0.625,"[3, 5]",0.625,False,0.86436986,0.18448118,0.72424376,True
7,2,26,Oz,0.05120806,0.00085452,0.06548867,0.625,0.625,"[3, 5]",0.625,False,0.86436986,0.18448118,0.72424376,True
7,2,27,O1,0.12693374,0.11306745,0.14937828,0.625,0.625,"[3, 5]",0.625,False,0.86436986,0.18448118,0.72424376,True
7,2,28,O2,0.12171054,-0.03391043,0.13145538,0.625,0.625,"[3, 5]",0.625,False,0.86436986,0.18448118,0.72424376,True
7,3,0,Fp1,0.09972854,-0.09879731,0.12010074,0.625,0.625,"[5, 3]",0.625,False,0.4165475,0.11071377,0.34901949,True
7,3,1,Fp2,0.07069597,0.03913095,0.09756106,0.625,0.625,"[5, 3]",0.625,False,0.4165475,0.11071377,0.34901949,True
7,3,2,Fz,0.12523176,-0.10861285,0.13905121,0.625,0.625,"[5, 3]",0.625,False,0.4165475,0.11071377,0.34901949,True
7,3,3,F3,0.11901812,0.02310063,0.12908331,0.625,0.625,"[5, 3]",0.625,False,0.4165475,0.11071377,0.34901949,True
7,3,4,F4,0.03545561,-0.00444782,0.04482745,0.625,0.625,"[5, 3]",0.625,False,0.4165475,0.11071377,0.34901949,True
7,3,5,F7,0.08270985,0.08270985,0.09734927,0.625,0.625,"[5, 3]",0.625,False,0.4165475,0.11071377,0.34901949,True
7,3,6,F8,0.07901433,-0.03003266,0.08359519,0.625,0.625,"[5, 3]",0.625,False,0.4165475,0.11071377,0.34901949,True
7,3,7,FCz,0.0853845,0.0853845,0.1050989,0.625,0.625,"[5, 3]",0.625,False,0.4165475,0.11071377,0.34901949,True
7,3,8,FC3,0.02385039,-0.00759345,0.03456048,0.625,0.625,"[5, 3]",0.625,False,0.4165475,0.11071377,0.34901949,True
7,3,9,FC4,0.05487686,-0.04319479,0.06641248,0.625,0.625,"[5, 3]",0.625,False,0.4165475,0.11071377,0.34901949,True
7,3,10,FT7,0.11355489,-0.04129218,0.1318201,0.625,0.625,"[5, 3]",0.625,False,0.4165475,0.11071377,0.34901949,True
7,3,11,FT8,0.09462565,0.00741549,0.10379238,0.625,0.625,"[5, 3]",0.625,False,0.4165475,0.11071377,0.34901949,True
7,3,12,Cz,0.07220431,0.06206806,0.08672518,0.625,0.625,"[5, 3]",0.625,False,0.4165475,0.11071377,0.34901949,True
7,3,13,C3,0.08818354,0.06312878,0.09664011,0.625,0.625,"[5, 3]",0.625,False,0.4165475,0.11071377,0.34901949,True
7,3,14,C4,0.06593271,-0.03180891,0.06960177,0.625,0.625,"[5, 3]",0.625,False,0.4165475,0.11071377,0.34901949,True
7,3,15,T3,0.11900981,0.11509727,0.13742453,0.625,0.625,"[5, 3]",0.625,False,0.4165475,0.11071377,0.34901949,True
7,3,16,T4,0.11710681,0.01675573,0.12385546,0.625,0.625,"[5, 3]",0.625,False,0.4165475,0.11071377,0.34901949,True
7,3,17,CP3,0.12434133,-0.01093525,0.13252446,0.625,0.625,"[5, 3]",0.625,False,0.4165475,0.11071377,0.34901949,True
7,3,18,CP4,0.13152666,0.07094539,0.14477153,0.625,0.625,"[5, 3]",0.625,False,0.4165475,0.11071377,0.34901949,True
7,3,19,TP7,0.09572534,-0.09572534,0.12398974,0.625,0.625,"[5, 3]",0.625,False,0.4165475,0.11071377,0.34901949,True
7,3,20,TP8,0.05403534,-0.02876443,0.06754741,0.625,0.625,"[5, 3]",0.625,False,0.4165475,0.11071377,0.34901949,True
7,3,21,Pz,0.1420109,0.01182169,0.1425463,0.625,0.625,"[5, 3]",0.625,False,0.4165475,0.11071377,0.34901949,True
7,3,22,P3,0.10554867,0.10554867,0.1262608,0.625,0.625,"[5, 3]",0.625,False,0.4165475,0.11071377,0.34901949,True
7,3,23,P4,0.09441877,-0.07627887,0.10334081,0.625,0.625,"[5, 3]",0.625,False,0.4165475,0.11071377,0.34901949,True
7,3,24,T5,0.11393584,0.0662876,0.12314643,0.625,0.625,"[5, 3]",0.625,False,0.4165475,0.11071377,0.34901949,True
7,3,25,T6,0.0466138,-0.03647907,0.05924968,0.625,0.625,"[5, 3]",0.625,False,0.4165475,0.11071377,0.34901949,True
7,3,26,Oz,0.06061131,0.03640325,0.06756544,0.625,0.625,"[5, 3]",0.625,False,0.4165475,0.11071377,0.34901949,True
7,3,27,O1,0.1090623,0.06227821,0.11829051,0.625,0.625,"[5, 3]",0.625,False,0.4165475,0.11071377,0.34901949,True
7,3,28,O2,0.14512016,-0.02707735,0.15166606,0.625,0.625,"[5, 3]",0.625,False,0.4165475,0.11071377,0.34901949,True
7,4,0,Fp1,0.10997558,-0.09617381,0.1226341,0.5,0.5,"[0, 8]",1.0,True,0.01222343,0.00217743,0.01024185,True
7,4,1,Fp2,0.07772695,0.06103596,0.0956343,0.5,0.5,"[0, 8]",1.0,True,0.01222343,0.00217743,0.01024185,True
7,4,2,Fz,0.10407732,-0.0988619,0.11777862,0.5,0.5,"[0, 8]",1.0,True,0.01222343,0.00217743,0.01024185,True
7,4,3,F3,0.08762011,0.02758398,0.09446989,0.5,0.5,"[0, 8]",1.0,True,0.01222343,0.00217743,0.01024185,True
7,4,4,F4,0.09693877,0.01204398,0.1072136,0.5,0.5,"[0, 8]",1.0,True,0.01222343,0.00217743,0.01024185,True
7,4,5,F7,0.08411713,0.08149108,0.09738367,0.5,0.5,"[0, 8]",1.0,True,0.01222343,0.00217743,0.01024185,True
7,4,6,F8,0.07827521,-0.0303138,0.07919002,0.5,0.5,"[0, 8]",1.0,True,0.01222343,0.00217743,0.01024185,True
7,4,7,FCz,0.09928297,0.09928297,0.1142899,0.5,0.5,"[0, 8]",1.0,True,0.01222343,0.00217743,0.01024185,True
7,4,8,FC3,0.03091267,0.0063127,0.0371189,0.5,0.5,"[0, 8]",1.0,True,0.01222343,0.00217743,0.01024185,True
7,4,9,FC4,0.05729942,-0.05729942,0.07568771,0.5,0.5,"[0, 8]",1.0,True,0.01222343,0.00217743,0.01024185,True
7,4,10,FT7,0.09147893,-0.05893846,0.10484494,0.5,0.5,"[0, 8]",1.0,True,0.01222343,0.00217743,0.01024185,True
7,4,11,FT8,0.08002907,-0.00251354,0.09669162,0.5,0.5,"[0, 8]",1.0,True,0.01222343,0.00217743,0.01024185,True
7,4,12,Cz,0.07702516,0.07611863,0.09293934,0.5,0.5,"[0, 8]",1.0,True,0.01222343,0.00217743,0.01024185,True
7,4,13,C3,0.11545005,0.07242398,0.11775508,0.5,0.5,"[0, 8]",1.0,True,0.01222343,0.00217743,0.01024185,True
7,4,14,C4,0.08528687,-0.07409583,0.09544848,0.5,0.5,"[0, 8]",1.0,True,0.01222343,0.00217743,0.01024185,True
7,4,15,T3,0.12686534,0.12686534,0.13193028,0.5,0.5,"[0, 8]",1.0,True,0.01222343,0.00217743,0.01024185,True
7,4,16,T4,0.12290381,0.01352722,0.13543561,0.5,0.5,"[0, 8]",1.0,True,0.01222343,0.00217743,0.01024185,True
7,4,17,CP3,0.12057078,0.03283405,0.1392802,0.5,0.5,"[0, 8]",1.0,True,0.01222343,0.00217743,0.01024185,True
7,4,18,CP4,0.11123906,0.03548643,0.12818614,0.5,0.5,"[0, 8]",1.0,True,0.01222343,0.00217743,0.01024185,True
7,4,19,TP7,0.08490875,-0.01941689,0.09495076,0.5,0.5,"[0, 8]",1.0,True,0.01222343,0.00217743,0.01024185,True
7,4,20,TP8,0.08900019,-0.05814245,0.1074893,0.5,0.5,"[0, 8]",1.0,True,0.01222343,0.00217743,0.01024185,True
7,4,21,Pz,0.15315957,0.00670694,0.15332802,0.5,0.5,"[0, 8]",1.0,True,0.01222343,0.00217743,0.01024185,True
7,4,22,P3,0.10744922,0.10744922,0.11669974,0.5,0.5,"[0, 8]",1.0,True,0.01222343,0.00217743,0.01024185,True
7,4,23,P4,0.10456534,-0.09190232,0.11595025,0.5,0.5,"[0, 8]",1.0,True,0.01222343,0.00217743,0.01024185,True
7,4,24,T5,0.10438076,0.07248161,0.11358874,0.5,0.5,"[0, 8]",1.0,True,0.01222343,0.00217743,0.01024185,True
7,4,25,T6,0.0816286,-0.06187857,0.09271584,0.5,0.5,"[0, 8]",1.0,True,0.01222343,0.00217743,0.01024185,True
7,4,26,Oz,0.07716012,0.04195509,0.07956459,0.5,0.5,"[0, 8]",1.0,True,0.01222343,0.00217743,0.01024185,True
7,4,27,O1,0.12109002,0.05550309,0.13171385,0.5,0.5,"[0, 8]",1.0,True,0.01222343,0.00217743,0.01024185,True
7,4,28,O2,0.14476252,-0.02374493,0.14754973,0.5,0.5,"[0, 8]",1.0,True,0.01222343,0.00217743,0.01024185,True
7,5,0,Fp1,0.11042883,-0.09691558,0.12339789,0.5,0.5,"[0, 8]",1.0,True,0.01243986,0.0023493,0.01042319,True
7,5,1,Fp2,0.07681112,0.06063557,0.09421448,0.5,0.5,"[0, 8]",1.0,True,0.01243986,0.0023493,0.01042319,True
7,5,2,Fz,0.10482641,-0.09912824,0.118411,0.5,0.5,"[0, 8]",1.0,True,0.01243986,0.0023493,0.01042319,True
7,5,3,F3,0.08799635,0.02687768,0.09494255,0.5,0.5,"[0, 8]",1.0,True,0.01243986,0.0023493,0.01042319,True
7,5,4,F4,0.09759869,0.01149296,0.10823856,0.5,0.5,"[0, 8]",1.0,True,0.01243986,0.0023493,0.01042319,True
7,5,5,F7,0.08358258,0.08094285,0.0969201,0.5,0.5,"[0, 8]",1.0,True,0.01243986,0.0023493,0.01042319,True
7,5,6,F8,0.07795215,-0.02970096,0.07893709,0.5,0.5,"[0, 8]",1.0,True,0.01243986,0.0023493,0.01042319,True
7,5,7,FCz,0.09890202,0.09890202,0.11465739,0.5,0.5,"[0, 8]",1.0,True,0.01243986,0.0023493,0.01042319,True
7,5,8,FC3,0.03090609,0.00593578,0.03761407,0.5,0.5,"[0, 8]",1.0,True,0.01243986,0.0023493,0.01042319,True
7,5,9,FC4,0.05764288,-0.05764288,0.07631449,0.5,0.5,"[0, 8]",1.0,True,0.01243986,0.0023493,0.01042319,True
7,5,10,FT7,0.09055801,-0.05784188,0.1036353,0.5,0.5,"[0, 8]",1.0,True,0.01243986,0.0023493,0.01042319,True
7,5,11,FT8,0.08078679,-0.00311392,0.09769957,0.5,0.5,"[0, 8]",1.0,True,0.01243986,0.0023493,0.01042319,True
7,5,12,Cz,0.07764953,0.07617836,0.09312033,0.5,0.5,"[0, 8]",1.0,True,0.01243986,0.0023493,0.01042319,True
7,5,13,C3,0.11473154,0.07229485,0.11702371,0.5,0.5,"[0, 8]",1.0,True,0.01243986,0.0023493,0.01042319,True
7,5,14,C4,0.08468708,-0.07417157,0.09508913,0.5,0.5,"[0, 8]",1.0,True,0.01243986,0.0023493,0.01042319,True
7,5,15,T3,0.12728347,0.12728347,0.13227206,0.5,0.5,"[0, 8]",1.0,True,0.01243986,0.0023493,0.01042319,True
7,5,16,T4,0.12143883,0.01336461,0.13385613,0.5,0.5,"[0, 8]",1.0,True,0.01243986,0.0023493,0.01042319,True
7,5,17,CP3,0.1202964,0.03263897,0.13866268,0.5,0.5,"[0, 8]",1.0,True,0.01243986,0.0023493,0.01042319,True
7,5,18,CP4,0.1122729,0.03571582,0.12871197,0.5,0.5,"[0, 8]",1.0,True,0.01243986,0.0023493,0.01042319,True
7,5,19,TP7,0.08397574,-0.01964782,0.09436672,0.5,0.5,"[0, 8]",1.0,True,0.01243986,0.0023493,0.01042319,True
7,5,20,TP8,0.08876941,-0.05930179,0.10778888,0.5,0.5,"[0, 8]",1.0,True,0.01243986,0.0023493,0.01042319,True
7,5,21,Pz,0.15428439,0.00700971,0.15448758,0.5,0.5,"[0, 8]",1.0,True,0.01243986,0.0023493,0.01042319,True
7,5,22,P3,0.10774326,0.10774326,0.11704355,0.5,0.5,"[0, 8]",1.0,True,0.01243986,0.0023493,0.01042319,True
7,5,23,P4,0.1047875,-0.09205282,0.1163461,0.5,0.5,"[0, 8]",1.0,True,0.01243986,0.0023493,0.01042319,True
7,5,24,T5,0.10505483,0.07302849,0.11465218,0.5,0.5,"[0, 8]",1.0,True,0.01243986,0.0023493,0.01042319,True
7,5,25,T6,0.08069884,-0.06136718,0.09166914,0.5,0.5,"[0, 8]",1.0,True,0.01243986,0.0023493,0.01042319,True
7,5,26,Oz,0.07736026,0.0426563,0.0799686,0.5,0.5,"[0, 8]",1.0,True,0.01243986,0.0023493,0.01042319,True
7,5,27,O1,0.12187275,0.05572306,0.13213,0.5,0.5,"[0, 8]",1.0,True,0.01243986,0.0023493,0.01042319,True
7,5,28,O2,0.14322141,-0.0237973,0.14592348,0.5,0.5,"[0, 8]",1.0,True,0.01243986,0.0023493,0.01042319,True
8,1,0,Fp1,0.05433117,-0.00514274,0.07016248,0.75,0.75,"[4, 4]",0.5,False,1.0991407,0.24201275,0.92095505,True
8,1,1,Fp2,0.13567263,0.01618333,0.13680637,0.75,0.75,"[4, 4]",0.5,False,1.0991407,0.24201275,0.92095505,True
8,1,2,Fz,0.08560619,-0.0449477,0.08828095,0.75,0.75,"[4, 4]",0.5,False,1.0991407,0.24201275,0.92095505,True
8,1,3,F3,0.14840901,-0.12501881,0.17861396,0.75,0.75,"[4, 4]",0.5,False,1.0991407,0.24201275,0.92095505,True
8,1,4,F4,0.08050311,0.06625275,0.09002194,0.75,0.75,"[4, 4]",0.5,False,1.0991407,0.24201275,0.92095505,True
8,1,5,F7,0.0651736,0.0651736,0.06878179,0.75,0.75,"[4, 4]",0.5,False,1.0991407,0.24201275,0.92095505,True
8,1,6,F8,0.03064376,-0.02055594,0.0440836,0.75,0.75,"[4, 4]",0.5,False,1.0991407,0.24201275,0.92095505,True
8,1,7,FCz,0.0572772,0.03427844,0.06771266,0.75,0.75,"[4, 4]",0.5,False,1.0991407,0.24201275,0.92095505,True
8,1,8,FC3,0.05162121,0.03058444,0.07112538,0.75,0.75,"[4, 4]",0.5,False,1.0991407,0.24201275,0.92095505,True
8,1,9,FC4,0.04114782,0.00906235,0.05501926,0.75,0.75,"[4, 4]",0.5,False,1.0991407,0.24201275,0.92095505,True
8,1,10,FT7,0.15540272,0.15540272,0.16732423,0.75,0.75,"[4, 4]",0.5,False,1.0991407,0.24201275,0.92095505,True
8,1,11,FT8,0.09988817,-0.06983086,0.12407972,0.75,0.75,"[4, 4]",0.5,False,1.0991407,0.24201275,0.92095505,True
8,1,12,Cz,0.06883766,-0.00274122,0.08156484,0.75,0.75,"[4, 4]",0.5,False,1.0991407,0.24201275,0.92095505,True
8,1,13,C3,0.11531522,-0.07628144,0.13066462,0.75,0.75,"[4, 4]",0.5,False,1.0991407,0.24201275,0.92095505,True
8,1,14,C4,0.10501703,-0.00703733,0.12827656,0.75,0.75,"[4, 4]",0.5,False,1.0991407,0.24201275,0.92095505,True
8,1,15,T3,0.06486293,0.06486293,0.06948937,0.75,0.75,"[4, 4]",0.5,False,1.0991407,0.24201275,0.92095505,True
8,1,16,T4,0.07500517,-0.00676576,0.08518263,0.75,0.75,"[4, 4]",0.5,False,1.0991407,0.24201275,0.92095505,True
8,1,17,CP3,0.10580106,-0.01753265,0.11324497,0.75,0.75,"[4, 4]",0.5,False,1.0991407,0.24201275,0.92095505,True
8,1,18,CP4,0.18968159,0.18968159,0.23458734,0.75,0.75,"[4, 4]",0.5,False,1.0991407,0.24201275,0.92095505,True
8,1,19,TP7,0.09934927,0.03750225,0.10550246,0.75,0.75,"[4, 4]",0.5,False,1.0991407,0.24201275,0.92095505,True
8,1,20,TP8,0.15389505,-0.15389505,0.17394765,0.75,0.75,"[4, 4]",0.5,False,1.0991407,0.24201275,0.92095505,True
8,1,21,Pz,0.10437239,0.05201837,0.11886948,0.75,0.75,"[4, 4]",0.5,False,1.0991407,0.24201275,0.92095505,True
8,1,22,P3,0.05253771,0.05253771,0.06352036,0.75,0.75,"[4, 4]",0.5,False,1.0991407,0.24201275,0.92095505,True
8,1,23,P4,0.03505735,0.02802116,0.0486928,0.75,0.75,"[4, 4]",0.5,False,1.0991407,0.24201275,0.92095505,True
8,1,24,T5,0.11062527,0.07383601,0.11506544,0.75,0.75,"[4, 4]",0.5,False,1.0991407,0.24201275,0.92095505,True
8,1,25,T6,0.0946407,-0.08963886,0.11168744,0.75,0.75,"[4, 4]",0.5,False,1.0991407,0.24201275,0.92095505,True
8,1,26,Oz,0.06647446,-0.0390997,0.09979255,0.75,0.75,"[4, 4]",0.5,False,1.0991407,0.24201275,0.92095505,True
8,1,27,O1,0.08919936,0.06684239,0.09881682,0.75,0.75,"[4, 4]",0.5,False,1.0991407,0.24201275,0.92095505,True
8,1,28,O2,0.13778701,0.06244573,0.15239477,0.75,0.75,"[4, 4]",0.5,False,1.0991407,0.24201275,0.92095505,True
8,2,0,Fp1,0.12182111,-0.08842722,0.13497521,0.75,0.75,"[4, 4]",0.5,False,0.36400813,0.08869728,0.30499746,True
8,2,1,Fp2,0.09568933,0.08679283,0.12160811,0.75,0.75,"[4, 4]",0.5,False,0.36400813,0.08869728,0.30499746,True
8,2,2,Fz,0.09992336,-0.09325882,0.11371807,0.75,0.75,"[4, 4]",0.5,False,0.36400813,0.08869728,0.30499746,True
8,2,3,F3,0.07923842,-0.00347554,0.10204081,0.75,0.75,"[4, 4]",0.5,False,0.36400813,0.08869728,0.30499746,True
8,2,4,F4,0.09376842,0.02718114,0.10068163,0.75,0.75,"[4, 4]",0.5,False,0.36400813,0.08869728,0.30499746,True
8,2,5,F7,0.06756124,0.06354882,0.09506939,0.75,0.75,"[4, 4]",0.5,False,0.36400813,0.08869728,0.30499746,True
8,2,6,F8,0.07012443,-0.01089023,0.07892745,0.75,0.75,"[4, 4]",0.5,False,0.36400813,0.08869728,0.30499746,True
8,2,7,FCz,0.0872961,0.07649946,0.09936436,0.75,0.75,"[4, 4]",0.5,False,0.36400813,0.08869728,0.30499746,True
8,2,8,FC3,0.0383077,0.00271261,0.04927274,0.75,0.75,"[4, 4]",0.5,False,0.36400813,0.08869728,0.30499746,True
8,2,9,FC4,0.03705869,-0.03073603,0.04737273,0.75,0.75,"[4, 4]",0.5,False,0.36400813,0.08869728,0.30499746,True
8,2,10,FT7,0.09678973,-0.02023147,0.13116069,0.75,0.75,"[4, 4]",0.5,False,0.36400813,0.08869728,0.30499746,True
8,2,11,FT8,0.0849015,-0.01455458,0.10032396,0.75,0.75,"[4, 4]",0.5,False,0.36400813,0.08869728,0.30499746,True
8,2,12,Cz,0.06891023,0.05134192,0.07883184,0.75,0.75,"[4, 4]",0.5,False,0.36400813,0.08869728,0.30499746,True
8,2,13,C3,0.08690701,0.04670368,0.08918377,0.75,0.75,"[4, 4]",0.5,False,0.36400813,0.08869728,0.30499746,True
8,2,14,C4,0.08326089,-0.04712223,0.08629442,0.75,0.75,"[4, 4]",0.5,False,0.36400813,0.08869728,0.30499746,True
8,2,15,T3,0.12547353,0.12547353,0.13470414,0.75,0.75,"[4, 4]",0.5,False,0.36400813,0.08869728,0.30499746,True
8,2,16,T4,0.11705472,0.00993668,0.12388976,0.75,0.75,"[4, 4]",0.5,False,0.36400813,0.08869728,0.30499746,True
8,2,17,CP3,0.11055133,0.01733677,0.11899216,0.75,0.75,"[4, 4]",0.5,False,0.36400813,0.08869728,0.30499746,True
8,2,18,CP4,0.11684711,0.03193048,0.12819071,0.75,0.75,"[4, 4]",0.5,False,0.36400813,0.08869728,0.30499746,True
8,2,19,TP7,0.06954031,-0.02031314,0.0870017,0.75,0.75,"[4, 4]",0.5,False,0.36400813,0.08869728,0.30499746,True
8,2,20,TP8,0.08818185,-0.0658749,0.10681014,0.75,0.75,"[4, 4]",0.5,False,0.36400813,0.08869728,0.30499746,True
8,2,21,Pz,0.14663248,-0.00279748,0.14693809,0.75,0.75,"[4, 4]",0.5,False,0.36400813,0.08869728,0.30499746,True
8,2,22,P3,0.0682319,0.0682319,0.10035423,0.75,0.75,"[4, 4]",0.5,False,0.36400813,0.08869728,0.30499746,True
8,2,23,P4,0.10004999,-0.09451523,0.1177339,0.75,0.75,"[4, 4]",0.5,False,0.36400813,0.08869728,0.30499746,True
8,2,24,T5,0.09200107,0.08357856,0.10521668,0.75,0.75,"[4, 4]",0.5,False,0.36400813,0.08869728,0.30499746,True
8,2,25,T6,0.09501733,-0.06355569,0.10249578,0.75,0.75,"[4, 4]",0.5,False,0.36400813,0.08869728,0.30499746,True
8,2,26,Oz,0.07671223,0.0702844,0.08519389,0.75,0.75,"[4, 4]",0.5,False,0.36400813,0.08869728,0.30499746,True
8,2,27,O1,0.12125273,0.06342243,0.14091644,0.75,0.75,"[4, 4]",0.5,False,0.36400813,0.08869728,0.30499746,True
8,2,28,O2,0.17356201,-0.00265706,0.17531043,0.75,0.75,"[4, 4]",0.5,False,0.36400813,0.08869728,0.30499746,True
8,3,0,Fp1,0.10289159,0.06751687,0.10686591,0.375,0.375,"[3, 5]",0.625,False,1.59025783,0.39689211,1.33245542,True
8,3,1,Fp2,0.09666978,0.02344711,0.1033068,0.375,0.375,"[3, 5]",0.625,False,1.59025783,0.39689211,1.33245542,True
8,3,2,Fz,0.03896631,0.03241771,0.05209173,0.375,0.375,"[3, 5]",0.625,False,1.59025783,0.39689211,1.33245542,True
8,3,3,F3,0.20590942,-0.20590942,0.2267499,0.375,0.375,"[3, 5]",0.625,False,1.59025783,0.39689211,1.33245542,True
8,3,4,F4,0.09516741,0.05566434,0.11563863,0.375,0.375,"[3, 5]",0.625,False,1.59025783,0.39689211,1.33245542,True
8,3,5,F7,0.03544147,0.01252485,0.04192058,0.375,0.375,"[3, 5]",0.625,False,1.59025783,0.39689211,1.33245542,True
8,3,6,F8,0.02559704,-0.01719854,0.03940927,0.375,0.375,"[3, 5]",0.625,False,1.59025783,0.39689211,1.33245542,True
8,3,7,FCz,0.11129831,-0.04315063,0.12635505,0.375,0.375,"[3, 5]",0.625,False,1.59025783,0.39689211,1.33245542,True
8,3,8,FC3,0.09490082,0.0233366,0.12638025,0.375,0.375,"[3, 5]",0.625,False,1.59025783,0.39689211,1.33245542,True
8,3,9,FC4,0.27969977,0.14884558,0.28179967,0.375,0.375,"[3, 5]",0.625,False,1.59025783,0.39689211,1.33245542,True
8,3,10,FT7,0.11747294,0.11747294,0.13470732,0.375,0.375,"[3, 5]",0.625,False,1.59025783,0.39689211,1.33245542,True
8,3,11,FT8,0.05580657,-0.05580657,0.06890108,0.375,0.375,"[3, 5]",0.625,False,1.59025783,0.39689211,1.33245542,True
8,3,12,Cz,0.09971817,0.03732197,0.12943451,0.375,0.375,"[3, 5]",0.625,False,1.59025783,0.39689211,1.33245542,True
8,3,13,C3,0.04075177,-0.01997824,0.04678606,0.375,0.375,"[3, 5]",0.625,False,1.59025783,0.39689211,1.33245542,True
8,3,14,C4,0.11859646,-0.07647833,0.13841733,0.375,0.375,"[3, 5]",0.625,False,1.59025783,0.39689211,1.33245542,True
8,3,15,T3,0.10388087,0.10388087,0.10534167,0.375,0.375,"[3, 5]",0.625,False,1.59025783,0.39689211,1.33245542,True
8,3,16,T4,0.09029225,-0.07896347,0.10681697,0.375,0.375,"[3, 5]",0.625,False,1.59025783,0.39689211,1.33245542,True
8,3,17,CP3,0.11994815,-0.11934493,0.1422911,0.375,0.375,"[3, 5]",0.625,False,1.59025783,0.39689211,1.33245542,True
8,3,18,CP4,0.22873361,0.22124813,0.26940215,0.375,0.375,"[3, 5]",0.625,False,1.59025783,0.39689211,1.33245542,True
8,3,19,TP7,0.04928291,0.02443267,0.05108321,0.375,0.375,"[3, 5]",0.625,False,1.59025783,0.39689211,1.33245542,True
8,3,20,TP8,0.05702063,0.02590505,0.06650491,0.375,0.375,"[3, 5]",0.625,False,1.59025783,0.39689211,1.33245542,True
8,3,21,Pz,0.03090809,4.876e-05,0.03778842,0.375,0.375,"[3, 5]",0.625,False,1.59025783,0.39689211,1.33245542,True
8,3,22,P3,0.06968018,0.06968018,0.07673658,0.375,0.375,"[3, 5]",0.625,False,1.59025783,0.39689211,1.33245542,True
8,3,23,P4,0.04837576,-0.02427648,0.04909061,0.375,0.375,"[3, 5]",0.625,False,1.59025783,0.39689211,1.33245542,True
8,3,24,T5,0.0398921,-0.02503214,0.04731,0.375,0.375,"[3, 5]",0.625,False,1.59025783,0.39689211,1.33245542,True
8,3,25,T6,0.06334582,-0.06334582,0.08527247,0.375,0.375,"[3, 5]",0.625,False,1.59025783,0.39689211,1.33245542,True
8,3,26,Oz,0.05355692,-0.04803815,0.06376948,0.375,0.375,"[3, 5]",0.625,False,1.59025783,0.39689211,1.33245542,True
8,3,27,O1,0.16736749,0.14393018,0.1906421,0.375,0.375,"[3, 5]",0.625,False,1.59025783,0.39689211,1.33245542,True
8,3,28,O2,0.07141508,-0.00517246,0.0730777,0.375,0.375,"[3, 5]",0.625,False,1.59025783,0.39689211,1.33245542,True
8,4,0,Fp1,0.07722375,0.07722375,0.09284119,0.625,0.625,"[3, 5]",0.625,False,1.3571816,0.37835954,1.13716402,True
8,4,1,Fp2,0.10436751,-0.05208816,0.12044464,0.625,0.625,"[3, 5]",0.625,False,1.3571816,0.37835954,1.13716402,True
8,4,2,Fz,0.0308957,-0.00251917,0.03730661,0.625,0.625,"[3, 5]",0.625,False,1.3571816,0.37835954,1.13716402,True
8,4,3,F3,0.08006284,-0.04626191,0.10101344,0.625,0.625,"[3, 5]",0.625,False,1.3571816,0.37835954,1.13716402,True
8,4,4,F4,0.04299223,-0.01593836,0.0598457,0.625,0.625,"[3, 5]",0.625,False,1.3571816,0.37835954,1.13716402,True
8,4,5,F7,0.08535574,-0.08535574,0.09093769,0.625,0.625,"[3, 5]",0.625,False,1.3571816,0.37835954,1.13716402,True
8,4,6,F8,0.03985302,-0.02628949,0.04893417,0.625,0.625,"[3, 5]",0.625,False,1.3571816,0.37835954,1.13716402,True
8,4,7,FCz,0.08700815,-0.05322094,0.10963004,0.625,0.625,"[3, 5]",0.625,False,1.3571816,0.37835954,1.13716402,True
8,4,8,FC3,0.04746335,-0.00713536,0.06092675,0.625,0.625,"[3, 5]",0.625,False,1.3571816,0.37835954,1.13716402,True
8,4,9,FC4,0.09398249,0.09398249,0.09616158,0.625,0.625,"[3, 5]",0.625,False,1.3571816,0.37835954,1.13716402,True
8,4,10,FT7,0.06448361,0.06343143,0.07517761,0.625,0.625,"[3, 5]",0.625,False,1.3571816,0.37835954,1.13716402,True
8,4,11,FT8,0.12323264,-0.12297069,0.16596724,0.625,0.625,"[3, 5]",0.625,False,1.3571816,0.37835954,1.13716402,True
8,4,12,Cz,0.05476613,0.03498518,0.07459228,0.625,0.625,"[3, 5]",0.625,False,1.3571816,0.37835954,1.13716402,True
8,4,13,C3,0.12168142,0.08988338,0.14636761,0.625,0.625,"[3, 5]",0.625,False,1.3571816,0.37835954,1.13716402,True
8,4,14,C4,0.10412891,0.09473379,0.13130201,0.625,0.625,"[3, 5]",0.625,False,1.3571816,0.37835954,1.13716402,True
8,4,15,T3,0.0760301,0.07317819,0.09001175,0.625,0.625,"[3, 5]",0.625,False,1.3571816,0.37835954,1.13716402,True
8,4,16,T4,0.07057289,-0.00555584,0.07900764,0.625,0.625,"[3, 5]",0.625,False,1.3571816,0.37835954,1.13716402,True
8,4,17,CP3,0.05677048,-0.0545178,0.07594703,0.625,0.625,"[3, 5]",0.625,False,1.3571816,0.37835954,1.13716402,True
8,4,18,CP4,0.20472071,0.17899415,0.24361414,0.625,0.625,"[3, 5]",0.625,False,1.3571816,0.37835954,1.13716402,True
8,4,19,TP7,0.14445539,0.14445539,0.16533461,0.625,0.625,"[3, 5]",0.625,False,1.3571816,0.37835954,1.13716402,True
8,4,20,TP8,0.14926118,-0.11632126,0.16629758,0.625,0.625,"[3, 5]",0.625,False,1.3571816,0.37835954,1.13716402,True
8,4,21,Pz,0.08028389,-0.08028389,0.09503677,0.625,0.625,"[3, 5]",0.625,False,1.3571816,0.37835954,1.13716402,True
8,4,22,P3,0.08049923,0.08049923,0.08749195,0.625,0.625,"[3, 5]",0.625,False,1.3571816,0.37835954,1.13716402,True
8,4,23,P4,0.09263989,0.01259881,0.10047521,0.625,0.625,"[3, 5]",0.625,False,1.3571816,0.37835954,1.13716402,True
8,4,24,T5,0.01324054,0.00542196,0.01768573,0.625,0.625,"[3, 5]",0.625,False,1.3571816,0.37835954,1.13716402,True
8,4,25,T6,0.08224434,-0.03945289,0.08937813,0.625,0.625,"[3, 5]",0.625,False,1.3571816,0.37835954,1.13716402,True
8,4,26,Oz,0.08242421,0.08242421,0.08798135,0.625,0.625,"[3, 5]",0.625,False,1.3571816,0.37835954,1.13716402,True
8,4,27,O1,0.11564595,0.0947476,0.12440534,0.625,0.625,"[3, 5]",0.625,False,1.3571816,0.37835954,1.13716402,True
8,4,28,O2,0.17029849,-0.0072479,0.17508288,0.625,0.625,"[3, 5]",0.625,False,1.3571816,0.37835954,1.13716402,True
8,5,0,Fp1,0.06308571,0.03580787,0.07204416,0.625,0.625,"[3, 5]",0.625,False,1.29473667,0.35547853,1.08484226,True
8,5,1,Fp2,0.06288238,0.0106959,0.08210943,0.625,0.625,"[3, 5]",0.625,False,1.29473667,0.35547853,1.08484226,True
8,5,2,Fz,0.02602969,-0.00784425,0.0340559,0.625,0.625,"[3, 5]",0.625,False,1.29473667,0.35547853,1.08484226,True
8,5,3,F3,0.19002134,-0.19002134,0.19358042,0.625,0.625,"[3, 5]",0.625,False,1.29473667,0.35547853,1.08484226,True
8,5,4,F4,0.17132077,0.17132077,0.18700732,0.625,0.625,"[3, 5]",0.625,False,1.29473667,0.35547853,1.08484226,True
8,5,5,F7,0.04741839,0.03604233,0.0620297,0.625,0.625,"[3, 5]",0.625,False,1.29473667,0.35547853,1.08484226,True
8,5,6,F8,0.03116685,-0.01231535,0.03594965,0.625,0.625,"[3, 5]",0.625,False,1.29473667,0.35547853,1.08484226,True
8,5,7,FCz,0.06104819,0.03350671,0.0640314,0.625,0.625,"[3, 5]",0.625,False,1.29473667,0.35547853,1.08484226,True
8,5,8,FC3,0.06909403,0.00362462,0.08959134,0.625,0.625,"[3, 5]",0.625,False,1.29473667,0.35547853,1.08484226,True
8,5,9,FC4,0.12447208,0.07636096,0.15110676,0.625,0.625,"[3, 5]",0.625,False,1.29473667,0.35547853,1.08484226,True
8,5,10,FT7,0.05634001,0.03286035,0.06641711,0.625,0.625,"[3, 5]",0.625,False,1.29473667,0.35547853,1.08484226,True
8,5,11,FT8,0.13340276,-0.13340276,0.15211876,0.625,0.625,"[3, 5]",0.625,False,1.29473667,0.35547853,1.08484226,True
8,5,12,Cz,0.09436508,0.01181114,0.10325716,0.625,0.625,"[3, 5]",0.625,False,1.29473667,0.35547853,1.08484226,True
8,5,13,C3,0.11976491,-0.11381163,0.15209205,0.625,0.625,"[3, 5]",0.625,False,1.29473667,0.35547853,1.08484226,True
8,5,14,C4,0.08490526,0.04070043,0.09669212,0.625,0.625,"[3, 5]",0.625,False,1.29473667,0.35547853,1.08484226,True
8,5,15,T3,0.15836146,0.15836146,0.17016771,0.625,0.625,"[3, 5]",0.625,False,1.29473667,0.35547853,1.08484226,True
8,5,16,T4,0.09942274,-0.00863371,0.11601014,0.625,0.625,"[3, 5]",0.625,False,1.29473667,0.35547853,1.08484226,True
8,5,17,CP3,0.09075738,0.00479202,0.09328558,0.625,0.625,"[3, 5]",0.625,False,1.29473667,0.35547853,1.08484226,True
8,5,18,CP4,0.11693924,0.07992953,0.16869561,0.625,0.625,"[3, 5]",0.625,False,1.29473667,0.35547853,1.08484226,True
8,5,19,TP7,0.11830482,0.11830482,0.12282266,0.625,0.625,"[3, 5]",0.625,False,1.29473667,0.35547853,1.08484226,True
8,5,20,TP8,0.11744513,-0.08291224,0.12078264,0.625,0.625,"[3, 5]",0.625,False,1.29473667,0.35547853,1.08484226,True
8,5,21,Pz,0.05211202,-0.0073484,0.06547166,0.625,0.625,"[3, 5]",0.625,False,1.29473667,0.35547853,1.08484226,True
8,5,22,P3,0.07532085,0.07532085,0.09989129,0.625,0.625,"[3, 5]",0.625,False,1.29473667,0.35547853,1.08484226,True
8,5,23,P4,0.0808664,0.02343573,0.09317661,0.625,0.625,"[3, 5]",0.625,False,1.29473667,0.35547853,1.08484226,True
8,5,24,T5,0.04015125,0.03723005,0.05005756,0.625,0.625,"[3, 5]",0.625,False,1.29473667,0.35547853,1.08484226,True
8,5,25,T6,0.05974568,-0.05158425,0.11058901,0.625,0.625,"[3, 5]",0.625,False,1.29473667,0.35547853,1.08484226,True
8,5,26,Oz,0.09385543,-0.04429324,0.10432215,0.625,0.625,"[3, 5]",0.625,False,1.29473667,0.35547853,1.08484226,True
8,5,27,O1,0.08130275,0.06977904,0.10585513,0.625,0.625,"[3, 5]",0.625,False,1.29473667,0.35547853,1.08484226,True
8,5,28,O2,0.10282981,0.0227835,0.11048814,0.625,0.625,"[3, 5]",0.625,False,1.29473667,0.35547853,1.08484226,True
9,1,0,Fp1,0.10969195,-0.09604247,0.1225389,0.5,0.5,"[0, 8]",1.0,True,0.01140638,0.00208323,0.00955725,True
9,1,1,Fp2,0.0780849,0.06054529,0.0952091,0.5,0.5,"[0, 8]",1.0,True,0.01140638,0.00208323,0.00955725,True
9,1,2,Fz,0.10417789,-0.09820616,0.11738684,0.5,0.5,"[0, 8]",1.0,True,0.01140638,0.00208323,0.00955725,True
9,1,3,F3,0.08696448,0.02741214,0.0934806,0.5,0.5,"[0, 8]",1.0,True,0.01140638,0.00208323,0.00955725,True
9,1,4,F4,0.09821133,0.01220543,0.10859072,0.5,0.5,"[0, 8]",1.0,True,0.01140638,0.00208323,0.00955725,True
9,1,5,F7,0.08476826,0.0820713,0.0984709,0.5,0.5,"[0, 8]",1.0,True,0.01140638,0.00208323,0.00955725,True
9,1,6,F8,0.07703599,-0.02931887,0.07802926,0.5,0.5,"[0, 8]",1.0,True,0.01140638,0.00208323,0.00955725,True
9,1,7,FCz,0.09865081,0.09865081,0.11354961,0.5,0.5,"[0, 8]",1.0,True,0.01140638,0.00208323,0.00955725,True
9,1,8,FC3,0.03078875,0.00566736,0.03763893,0.5,0.5,"[0, 8]",1.0,True,0.01140638,0.00208323,0.00955725,True
9,1,9,FC4,0.05746368,-0.05746368,0.07616837,0.5,0.5,"[0, 8]",1.0,True,0.01140638,0.00208323,0.00955725,True
9,1,10,FT7,0.09000349,-0.05816656,0.10391793,0.5,0.5,"[0, 8]",1.0,True,0.01140638,0.00208323,0.00955725,True
9,1,11,FT8,0.08121454,-0.00361786,0.09818777,0.5,0.5,"[0, 8]",1.0,True,0.01140638,0.00208323,0.00955725,True
9,1,12,Cz,0.07625999,0.07500888,0.09172988,0.5,0.5,"[0, 8]",1.0,True,0.01140638,0.00208323,0.00955725,True
9,1,13,C3,0.11579241,0.07235138,0.11802571,0.5,0.5,"[0, 8]",1.0,True,0.01140638,0.00208323,0.00955725,True
9,1,14,C4,0.08519255,-0.074237,0.09552485,0.5,0.5,"[0, 8]",1.0,True,0.01140638,0.00208323,0.00955725,True
9,1,15,T3,0.12730563,0.12730563,0.13264266,0.5,0.5,"[0, 8]",1.0,True,0.01140638,0.00208323,0.00955725,True
9,1,16,T4,0.12203892,0.01349188,0.13467593,0.5,0.5,"[0, 8]",1.0,True,0.01140638,0.00208323,0.00955725,True
9,1,17,CP3,0.1206139,0.03243127,0.13897915,0.5,0.5,"[0, 8]",1.0,True,0.01140638,0.00208323,0.00955725,True
9,1,18,CP4,0.11112392,0.03435549,0.12815294,0.5,0.5,"[0, 8]",1.0,True,0.01140638,0.00208323,0.00955725,True
9,1,19,TP7,0.08400246,-0.01861025,0.0936773,0.5,0.5,"[0, 8]",1.0,True,0.01140638,0.00208323,0.00955725,True
9,1,20,TP8,0.08901584,-0.05978324,0.10849913,0.5,0.5,"[0, 8]",1.0,True,0.01140638,0.00208323,0.00955725,True
9,1,21,Pz,0.1536611,0.00761468,0.15388779,0.5,0.5,"[0, 8]",1.0,True,0.01140638,0.00208323,0.00955725,True
9,1,22,P3,0.10774006,0.10774006,0.11678845,0.5,0.5,"[0, 8]",1.0,True,0.01140638,0.00208323,0.00955725,True
9,1,23,P4,0.10446995,-0.0925626,0.11644355,0.5,0.5,"[0, 8]",1.0,True,0.01140638,0.00208323,0.00955725,True
9,1,24,T5,0.10398772,0.07300667,0.11335631,0.5,0.5,"[0, 8]",1.0,True,0.01140638,0.00208323,0.00955725,True
9,1,25,T6,0.08174039,-0.0626712,0.09299936,0.5,0.5,"[0, 8]",1.0,True,0.01140638,0.00208323,0.00955725,True
9,1,26,Oz,0.0784262,0.04234405,0.0807419,0.5,0.5,"[0, 8]",1.0,True,0.01140638,0.00208323,0.00955725,True
9,1,27,O1,0.12160733,0.05616938,0.13196774,0.5,0.5,"[0, 8]",1.0,True,0.01140638,0.00208323,0.00955725,True
9,1,28,O2,0.14439313,-0.0238065,0.14712475,0.5,0.5,"[0, 8]",1.0,True,0.01140638,0.00208323,0.00955725,True
9,2,0,Fp1,0.12532967,-0.11057151,0.14083715,0.125,0.125,"[3, 5]",0.625,False,0.28049403,0.07309792,0.23502214,True
9,2,1,Fp2,0.07262143,0.05697521,0.09186994,0.125,0.125,"[3, 5]",0.625,False,0.28049403,0.07309792,0.23502214,True
9,2,2,Fz,0.10230311,-0.08001044,0.10795184,0.125,0.125,"[3, 5]",0.625,False,0.28049403,0.07309792,0.23502214,True
9,2,3,F3,0.0712377,0.03441424,0.0729321,0.125,0.125,"[3, 5]",0.625,False,0.28049403,0.07309792,0.23502214,True
9,2,4,F4,0.10083702,0.03555984,0.10317168,0.125,0.125,"[3, 5]",0.625,False,0.28049403,0.07309792,0.23502214,True
9,2,5,F7,0.09825084,0.09825084,0.11145578,0.125,0.125,"[3, 5]",0.625,False,0.28049403,0.07309792,0.23502214,True
9,2,6,F8,0.06652303,-0.01685185,0.0695062,0.125,0.125,"[3, 5]",0.625,False,0.28049403,0.07309792,0.23502214,True
9,2,7,FCz,0.09257311,0.08423381,0.10686345,0.125,0.125,"[3, 5]",0.625,False,0.28049403,0.07309792,0.23502214,True
9,2,8,FC3,0.04660527,-0.0380483,0.05056363,0.125,0.125,"[3, 5]",0.625,False,0.28049403,0.07309792,0.23502214,True
9,2,9,FC4,0.05511012,-0.05162396,0.06472124,0.125,0.125,"[3, 5]",0.625,False,0.28049403,0.07309792,0.23502214,True
9,2,10,FT7,0.09867001,-0.05723783,0.10677804,0.125,0.125,"[3, 5]",0.625,False,0.28049403,0.07309792,0.23502214,True
9,2,11,FT8,0.09773666,-0.01992003,0.11482737,0.125,0.125,"[3, 5]",0.625,False,0.28049403,0.07309792,0.23502214,True
9,2,12,Cz,0.08900835,0.08900835,0.09445862,0.125,0.125,"[3, 5]",0.625,False,0.28049403,0.07309792,0.23502214,True
9,2,13,C3,0.09988599,0.0480703,0.10486373,0.125,0.125,"[3, 5]",0.625,False,0.28049403,0.07309792,0.23502214,True
9,2,14,C4,0.07272162,-0.04322548,0.08291024,0.125,0.125,"[3, 5]",0.625,False,0.28049403,0.07309792,0.23502214,True
9,2,15,T3,0.14881444,0.14881444,0.14980909,0.125,0.125,"[3, 5]",0.625,False,0.28049403,0.07309792,0.23502214,True
9,2,16,T4,0.12711155,0.01242584,0.14211318,0.125,0.125,"[3, 5]",0.625,False,0.28049403,0.07309792,0.23502214,True
9,2,17,CP3,0.12098766,0.00933584,0.14579792,0.125,0.125,"[3, 5]",0.625,False,0.28049403,0.07309792,0.23502214,True
9,2,18,CP4,0.11282574,0.04763513,0.1213366,0.125,0.125,"[3, 5]",0.625,False,0.28049403,0.07309792,0.23502214,True
9,2,19,TP7,0.06563804,0.0016401,0.07833374,0.125,0.125,"[3, 5]",0.625,False,0.28049403,0.07309792,0.23502214,True
9,2,20,TP8,0.09886245,-0.07422416,0.11861782,0.125,0.125,"[3, 5]",0.625,False,0.28049403,0.07309792,0.23502214,True
9,2,21,Pz,0.16195098,0.0170269,0.16371892,0.125,0.125,"[3, 5]",0.625,False,0.28049403,0.07309792,0.23502214,True
9,2,22,P3,0.0958408,0.0958408,0.10145049,0.125,0.125,"[3, 5]",0.625,False,0.28049403,0.07309792,0.23502214,True
9,2,23,P4,0.09321333,-0.08346397,0.10711226,0.125,0.125,"[3, 5]",0.625,False,0.28049403,0.07309792,0.23502214,True
9,2,24,T5,0.08025908,0.04601217,0.08901729,0.125,0.125,"[3, 5]",0.625,False,0.28049403,0.07309792,0.23502214,True
9,2,25,T6,0.08076873,-0.06033621,0.09201803,0.125,0.125,"[3, 5]",0.625,False,0.28049403,0.07309792,0.23502214,True
9,2,26,Oz,0.07390016,0.03933692,0.08079332,0.125,0.125,"[3, 5]",0.625,False,0.28049403,0.07309792,0.23502214,True
9,2,27,O1,0.10533252,0.04095317,0.12292501,0.125,0.125,"[3, 5]",0.625,False,0.28049403,0.07309792,0.23502214,True
9,2,28,O2,0.15027779,-0.02076918,0.15313148,0.125,0.125,"[3, 5]",0.625,False,0.28049403,0.07309792,0.23502214,True
9,3,0,Fp1,0.12028898,-0.09894373,0.13139026,0.375,0.375,"[3, 5]",0.625,False,0.28940127,0.06407017,0.24248539,True
9,3,1,Fp2,0.06904133,0.05225699,0.08812395,0.375,0.375,"[3, 5]",0.625,False,0.28940127,0.06407017,0.24248539,True
9,3,2,Fz,0.10795836,-0.0787547,0.11452397,0.375,0.375,"[3, 5]",0.625,False,0.28940127,0.06407017,0.24248539,True
9,3,3,F3,0.06326441,0.03369883,0.06625794,0.375,0.375,"[3, 5]",0.625,False,0.28940127,0.06407017,0.24248539,True
9,3,4,F4,0.09407017,0.0130139,0.10282274,0.375,0.375,"[3, 5]",0.625,False,0.28940127,0.06407017,0.24248539,True
9,3,5,F7,0.11196952,0.11196952,0.12566811,0.375,0.375,"[3, 5]",0.625,False,0.28940127,0.06407017,0.24248539,True
9,3,6,F8,0.06140858,-0.02291788,0.06266928,0.375,0.375,"[3, 5]",0.625,False,0.28940127,0.06407017,0.24248539,True
9,3,7,FCz,0.11727736,0.11727736,0.12928624,0.375,0.375,"[3, 5]",0.625,False,0.28940127,0.06407017,0.24248539,True
9,3,8,FC3,0.02562269,-0.00298458,0.03285618,0.375,0.375,"[3, 5]",0.625,False,0.28940127,0.06407017,0.24248539,True
9,3,9,FC4,0.06718682,-0.06718682,0.08145931,0.375,0.375,"[3, 5]",0.625,False,0.28940127,0.06407017,0.24248539,True
9,3,10,FT7,0.08881276,-0.03831602,0.1038906,0.375,0.375,"[3, 5]",0.625,False,0.28940127,0.06407017,0.24248539,True
9,3,11,FT8,0.09335466,-0.0307934,0.10978857,0.375,0.375,"[3, 5]",0.625,False,0.28940127,0.06407017,0.24248539,True
9,3,12,Cz,0.10522702,0.10522702,0.11241683,0.375,0.375,"[3, 5]",0.625,False,0.28940127,0.06407017,0.24248539,True
9,3,13,C3,0.10623115,0.04422895,0.11257378,0.375,0.375,"[3, 5]",0.625,False,0.28940127,0.06407017,0.24248539,True
9,3,14,C4,0.08526792,-0.05124327,0.08800522,0.375,0.375,"[3, 5]",0.625,False,0.28940127,0.06407017,0.24248539,True
9,3,15,T3,0.13718767,0.13718767,0.14369614,0.375,0.375,"[3, 5]",0.625,False,0.28940127,0.06407017,0.24248539,True
9,3,16,T4,0.12238424,-0.0078322,0.1357456,0.375,0.375,"[3, 5]",0.625,False,0.28940127,0.06407017,0.24248539,True
9,3,17,CP3,0.11074055,0.00383991,0.1334338,0.375,0.375,"[3, 5]",0.625,False,0.28940127,0.06407017,0.24248539,True
9,3,18,CP4,0.11440831,0.04560628,0.12652233,0.375,0.375,"[3, 5]",0.625,False,0.28940127,0.06407017,0.24248539,True
9,3,19,TP7,0.07061397,-0.0284184,0.0870706,0.375,0.375,"[3, 5]",0.625,False,0.28940127,0.06407017,0.24248539,True
9,3,20,TP8,0.10085776,-0.09441513,0.13163385,0.375,0.375,"[3, 5]",0.625,False,0.28940127,0.06407017,0.24248539,True
9,3,21,Pz,0.1393484,0.01588352,0.14079745,0.375,0.375,"[3, 5]",0.625,False,0.28940127,0.06407017,0.24248539,True
9,3,22,P3,0.08437318,0.08437318,0.08923202,0.375,0.375,"[3, 5]",0.625,False,0.28940127,0.06407017,0.24248539,True
9,3,23,P4,0.09355687,-0.08106195,0.1043417,0.375,0.375,"[3, 5]",0.625,False,0.28940127,0.06407017,0.24248539,True
9,3,24,T5,0.07675285,0.04532306,0.08769869,0.375,0.375,"[3, 5]",0.625,False,0.28940127,0.06407017,0.24248539,True
9,3,25,T6,0.08899313,-0.0656317,0.09908874,0.375,0.375,"[3, 5]",0.625,False,0.28940127,0.06407017,0.24248539,True
9,3,26,Oz,0.083588,0.05608535,0.08952907,0.375,0.375,"[3, 5]",0.625,False,0.28940127,0.06407017,0.24248539,True
9,3,27,O1,0.10590505,0.04674036,0.1244475,0.375,0.375,"[3, 5]",0.625,False,0.28940127,0.06407017,0.24248539,True
9,3,28,O2,0.15748224,-0.00382775,0.1587268,0.375,0.375,"[3, 5]",0.625,False,0.28940127,0.06407017,0.24248539,True
9,4,0,Fp1,0.08299053,-0.05866974,0.09157506,0.5,0.5,"[4, 4]",0.5,False,0.86733831,0.19314728,0.72673098,True
9,4,1,Fp2,0.07370305,0.04602885,0.08918963,0.5,0.5,"[4, 4]",0.5,False,0.86733831,0.19314728,0.72673098,True
9,4,2,Fz,0.09113968,0.01508121,0.10192955,0.5,0.5,"[4, 4]",0.5,False,0.86733831,0.19314728,0.72673098,True
9,4,3,F3,0.10868648,0.01992009,0.12540503,0.5,0.5,"[4, 4]",0.5,False,0.86733831,0.19314728,0.72673098,True
9,4,4,F4,0.08612004,0.00169763,0.09970518,0.5,0.5,"[4, 4]",0.5,False,0.86733831,0.19314728,0.72673098,True
9,4,5,F7,0.08980146,0.08980146,0.10221313,0.5,0.5,"[4, 4]",0.5,False,0.86733831,0.19314728,0.72673098,True
9,4,6,F8,0.06901399,-0.04480964,0.08279627,0.5,0.5,"[4, 4]",0.5,False,0.86733831,0.19314728,0.72673098,True
9,4,7,FCz,0.09598646,0.09598646,0.11742239,0.5,0.5,"[4, 4]",0.5,False,0.86733831,0.19314728,0.72673098,True
9,4,8,FC3,0.06381952,-0.06381952,0.07708254,0.5,0.5,"[4, 4]",0.5,False,0.86733831,0.19314728,0.72673098,True
9,4,9,FC4,0.09882073,-0.09563251,0.11577502,0.5,0.5,"[4, 4]",0.5,False,0.86733831,0.19314728,0.72673098,True
9,4,10,FT7,0.06120228,0.004131,0.07379111,0.5,0.5,"[4, 4]",0.5,False,0.86733831,0.19314728,0.72673098,True
9,4,11,FT8,0.09060638,0.00430176,0.09080683,0.5,0.5,"[4, 4]",0.5,False,0.86733831,0.19314728,0.72673098,True
9,4,12,Cz,0.06382345,0.06382345,0.0667045,0.5,0.5,"[4, 4]",0.5,False,0.86733831,0.19314728,0.72673098,True
9,4,13,C3,0.07454276,0.01900484,0.0928513,0.5,0.5,"[4, 4]",0.5,False,0.86733831,0.19314728,0.72673098,True
9,4,14,C4,0.04438152,-0.04438152,0.04512477,0.5,0.5,"[4, 4]",0.5,False,0.86733831,0.19314728,0.72673098,True
9,4,15,T3,0.08893616,0.08893616,0.09558088,0.5,0.5,"[4, 4]",0.5,False,0.86733831,0.19314728,0.72673098,True
9,4,16,T4,0.06314474,0.03595908,0.07503141,0.5,0.5,"[4, 4]",0.5,False,0.86733831,0.19314728,0.72673098,True
9,4,17,CP3,0.19939388,0.05689453,0.22337347,0.5,0.5,"[4, 4]",0.5,False,0.86733831,0.19314728,0.72673098,True
9,4,18,CP4,0.13808261,0.11655939,0.1555149,0.5,0.5,"[4, 4]",0.5,False,0.86733831,0.19314728,0.72673098,True
9,4,19,TP7,0.05733835,-0.01906883,0.06678361,0.5,0.5,"[4, 4]",0.5,False,0.86733831,0.19314728,0.72673098,True
9,4,20,TP8,0.13580464,-0.11123034,0.16566958,0.5,0.5,"[4, 4]",0.5,False,0.86733831,0.19314728,0.72673098,True
9,4,21,Pz,0.11845881,0.01552426,0.12330366,0.5,0.5,"[4, 4]",0.5,False,0.86733831,0.19314728,0.72673098,True
9,4,22,P3,0.1426013,0.11377694,0.16443036,0.5,0.5,"[4, 4]",0.5,False,0.86733831,0.19314728,0.72673098,True
9,4,23,P4,0.08054687,-0.01277744,0.09222474,0.5,0.5,"[4, 4]",0.5,False,0.86733831,0.19314728,0.72673098,True
9,4,24,T5,0.05036071,0.00259196,0.05188793,0.5,0.5,"[4, 4]",0.5,False,0.86733831,0.19314728,0.72673098,True
9,4,25,T6,0.15936667,0.0288214,0.1756932,0.5,0.5,"[4, 4]",0.5,False,0.86733831,0.19314728,0.72673098,True
9,4,26,Oz,0.08185323,0.00538366,0.09070185,0.5,0.5,"[4, 4]",0.5,False,0.86733831,0.19314728,0.72673098,True
9,4,27,O1,0.10318342,0.02120219,0.12462008,0.5,0.5,"[4, 4]",0.5,False,0.86733831,0.19314728,0.72673098,True
9,4,28,O2,0.13519283,-0.04006876,0.14118643,0.5,0.5,"[4, 4]",0.5,False,0.86733831,0.19314728,0.72673098,True
9,5,0,Fp1,0.10990168,-0.09692465,0.1230401,0.5,0.5,"[0, 8]",1.0,True,0.01349635,0.00218567,0.01130841,True
9,5,1,Fp2,0.07743887,0.06038604,0.09511878,0.5,0.5,"[0, 8]",1.0,True,0.01349635,0.00218567,0.01130841,True
9,5,2,Fz,0.10403126,-0.09804977,0.11718041,0.5,0.5,"[0, 8]",1.0,True,0.01349635,0.00218567,0.01130841,True
9,5,3,F3,0.08758214,0.02814747,0.09380952,0.5,0.5,"[0, 8]",1.0,True,0.01349635,0.00218567,0.01130841,True
9,5,4,F4,0.097441,0.01136015,0.10832632,0.5,0.5,"[0, 8]",1.0,True,0.01349635,0.00218567,0.01130841,True
9,5,5,F7,0.08499899,0.08264815,0.09881173,0.5,0.5,"[0, 8]",1.0,True,0.01349635,0.00218567,0.01130841,True
9,5,6,F8,0.07734331,-0.02953374,0.07831613,0.5,0.5,"[0, 8]",1.0,True,0.01349635,0.00218567,0.01130841,True
9,5,7,FCz,0.09800158,0.09800158,0.11311391,0.5,0.5,"[0, 8]",1.0,True,0.01349635,0.00218567,0.01130841,True
9,5,8,FC3,0.03024985,0.00598405,0.03743252,0.5,0.5,"[0, 8]",1.0,True,0.01349635,0.00218567,0.01130841,True
9,5,9,FC4,0.05866593,-0.05866593,0.07705361,0.5,0.5,"[0, 8]",1.0,True,0.01349635,0.00218567,0.01130841,True
9,5,10,FT7,0.08985368,-0.05690352,0.10339455,0.5,0.5,"[0, 8]",1.0,True,0.01349635,0.00218567,0.01130841,True
9,5,11,FT8,0.08099505,-0.00458871,0.09803697,0.5,0.5,"[0, 8]",1.0,True,0.01349635,0.00218567,0.01130841,True
9,5,12,Cz,0.07709593,0.07504246,0.09258501,0.5,0.5,"[0, 8]",1.0,True,0.01349635,0.00218567,0.01130841,True
9,5,13,C3,0.11489113,0.07259393,0.11720605,0.5,0.5,"[0, 8]",1.0,True,0.01349635,0.00218567,0.01130841,True
9,5,14,C4,0.08587328,-0.07490417,0.09626016,0.5,0.5,"[0, 8]",1.0,True,0.01349635,0.00218567,0.01130841,True
9,5,15,T3,0.12771936,0.12771936,0.13293773,0.5,0.5,"[0, 8]",1.0,True,0.01349635,0.00218567,0.01130841,True
9,5,16,T4,0.12159739,0.01314197,0.13439113,0.5,0.5,"[0, 8]",1.0,True,0.01349635,0.00218567,0.01130841,True
9,5,17,CP3,0.12171829,0.03332943,0.14059053,0.5,0.5,"[0, 8]",1.0,True,0.01349635,0.00218567,0.01130841,True
9,5,18,CP4,0.11088923,0.03482185,0.12758127,0.5,0.5,"[0, 8]",1.0,True,0.01349635,0.00218567,0.01130841,True
9,5,19,TP7,0.08398607,-0.01811768,0.09378374,0.5,0.5,"[0, 8]",1.0,True,0.01349635,0.00218567,0.01130841,True
9,5,20,TP8,0.08901304,-0.05966397,0.10841195,0.5,0.5,"[0, 8]",1.0,True,0.01349635,0.00218567,0.01130841,True
9,5,21,Pz,0.15329808,0.00780499,0.15352984,0.5,0.5,"[0, 8]",1.0,True,0.01349635,0.00218567,0.01130841,True
9,5,22,P3,0.10918505,0.10918505,0.11819217,0.5,0.5,"[0, 8]",1.0,True,0.01349635,0.00218567,0.01130841,True
9,5,23,P4,0.10417617,-0.09253557,0.1162236,0.5,0.5,"[0, 8]",1.0,True,0.01349635,0.00218567,0.01130841,True
9,5,24,T5,0.10437228,0.07351448,0.11364166,0.5,0.5,"[0, 8]",1.0,True,0.01349635,0.00218567,0.01130841,True
9,5,25,T6,0.08147077,-0.06271511,0.09240103,0.5,0.5,"[0, 8]",1.0,True,0.01349635,0.00218567,0.01130841,True
9,5,26,Oz,0.07790038,0.04285343,0.08031781,0.5,0.5,"[0, 8]",1.0,True,0.01349635,0.00218567,0.01130841,True
9,5,27,O1,0.12208377,0.05683399,0.13253842,0.5,0.5,"[0, 8]",1.0,True,0.01349635,0.00218567,0.01130841,True
9,5,28,O2,0.14414111,-0.02300835,0.14674193,0.5,0.5,"[0, 8]",1.0,True,0.01349635,0.00218567,0.01130841,True
10,1,0,Fp1,0.11072049,-0.10819846,0.12978661,0.875,0.875,"[5, 3]",0.625,False,0.53688749,0.13476383,0.44985073,True
10,1,1,Fp2,0.06497024,0.06497024,0.08604617,0.875,0.875,"[5, 3]",0.625,False,0.53688749,0.13476383,0.44985073,True
10,1,2,Fz,0.14058068,-0.14058068,0.14490783,0.875,0.875,"[5, 3]",0.625,False,0.53688749,0.13476383,0.44985073,True
10,1,3,F3,0.08521029,0.02888318,0.09605447,0.875,0.875,"[5, 3]",0.625,False,0.53688749,0.13476383,0.44985073,True
10,1,4,F4,0.07307949,0.0021972,0.08373808,0.875,0.875,"[5, 3]",0.625,False,0.53688749,0.13476383,0.44985073,True
10,1,5,F7,0.11295673,0.11295673,0.11615799,0.875,0.875,"[5, 3]",0.625,False,0.53688749,0.13476383,0.44985073,True
10,1,6,F8,0.08410524,-0.05161273,0.09098206,0.875,0.875,"[5, 3]",0.625,False,0.53688749,0.13476383,0.44985073,True
10,1,7,FCz,0.10799859,0.09235153,0.12428472,0.875,0.875,"[5, 3]",0.625,False,0.53688749,0.13476383,0.44985073,True
10,1,8,FC3,0.04046972,0.0284663,0.05810234,0.875,0.875,"[5, 3]",0.625,False,0.53688749,0.13476383,0.44985073,True
10,1,9,FC4,0.05546235,-0.05546235,0.0652274,0.875,0.875,"[5, 3]",0.625,False,0.53688749,0.13476383,0.44985073,True
10,1,10,FT7,0.08693278,-0.03088261,0.10158568,0.875,0.875,"[5, 3]",0.625,False,0.53688749,0.13476383,0.44985073,True
10,1,11,FT8,0.06795815,-0.02440441,0.08095762,0.875,0.875,"[5, 3]",0.625,False,0.53688749,0.13476383,0.44985073,True
10,1,12,Cz,0.05500048,-0.02957972,0.06137336,0.875,0.875,"[5, 3]",0.625,False,0.53688749,0.13476383,0.44985073,True
10,1,13,C3,0.11292945,0.11292945,0.14105263,0.875,0.875,"[5, 3]",0.625,False,0.53688749,0.13476383,0.44985073,True
10,1,14,C4,0.07819033,-0.07819033,0.09859218,0.875,0.875,"[5, 3]",0.625,False,0.53688749,0.13476383,0.44985073,True
10,1,15,T3,0.16700974,0.16700974,0.17235145,0.875,0.875,"[5, 3]",0.625,False,0.53688749,0.13476383,0.44985073,True
10,1,16,T4,0.14121507,0.0601294,0.16204694,0.875,0.875,"[5, 3]",0.625,False,0.53688749,0.13476383,0.44985073,True
10,1,17,CP3,0.12041473,0.06531294,0.14562707,0.875,0.875,"[5, 3]",0.625,False,0.53688749,0.13476383,0.44985073,True
10,1,18,CP4,0.10754274,0.0263379,0.11341862,0.875,0.875,"[5, 3]",0.625,False,0.53688749,0.13476383,0.44985073,True
10,1,19,TP7,0.03120525,-0.02225283,0.04633739,0.875,0.875,"[5, 3]",0.625,False,0.53688749,0.13476383,0.44985073,True
10,1,20,TP8,0.07450145,-0.05629039,0.09981365,0.875,0.875,"[5, 3]",0.625,False,0.53688749,0.13476383,0.44985073,True
10,1,21,Pz,0.07289245,0.00863665,0.08408293,0.875,0.875,"[5, 3]",0.625,False,0.53688749,0.13476383,0.44985073,True
10,1,22,P3,0.15368898,0.15368898,0.15948173,0.875,0.875,"[5, 3]",0.625,False,0.53688749,0.13476383,0.44985073,True
10,1,23,P4,0.11393383,-0.11393383,0.12550485,0.875,0.875,"[5, 3]",0.625,False,0.53688749,0.13476383,0.44985073,True
10,1,24,T5,0.12281708,0.11396536,0.15105015,0.875,0.875,"[5, 3]",0.625,False,0.53688749,0.13476383,0.44985073,True
10,1,25,T6,0.05655202,-0.05655202,0.08166359,0.875,0.875,"[5, 3]",0.625,False,0.53688749,0.13476383,0.44985073,True
10,1,26,Oz,0.06508669,0.03081654,0.07843091,0.875,0.875,"[5, 3]",0.625,False,0.53688749,0.13476383,0.44985073,True
10,1,27,O1,0.08188535,0.01282605,0.10460846,0.875,0.875,"[5, 3]",0.625,False,0.53688749,0.13476383,0.44985073,True
10,1,28,O2,0.11443886,-0.03419626,0.12218271,0.875,0.875,"[5, 3]",0.625,False,0.53688749,0.13476383,0.44985073,True
10,2,0,Fp1,0.10936975,-0.09620593,0.12250012,0.5,0.5,"[0, 8]",1.0,True,0.01351785,0.00227205,0.01132643,True
10,2,1,Fp2,0.07795738,0.06074259,0.09518988,0.5,0.5,"[0, 8]",1.0,True,0.01351785,0.00227205,0.01132643,True
10,2,2,Fz,0.10435888,-0.09860905,0.11774066,0.5,0.5,"[0, 8]",1.0,True,0.01351785,0.00227205,0.01132643,True
10,2,3,F3,0.08782715,0.02806472,0.09417443,0.5,0.5,"[0, 8]",1.0,True,0.01351785,0.00227205,0.01132643,True
10,2,4,F4,0.09692939,0.0109896,0.10782965,0.5,0.5,"[0, 8]",1.0,True,0.01351785,0.00227205,0.01132643,True
10,2,5,F7,0.08512623,0.0820128,0.09847055,0.5,0.5,"[0, 8]",1.0,True,0.01351785,0.00227205,0.01132643,True
10,2,6,F8,0.07835995,-0.03060945,0.07922339,0.5,0.5,"[0, 8]",1.0,True,0.01351785,0.00227205,0.01132643,True
10,2,7,FCz,0.09953585,0.09953585,0.1141293,0.5,0.5,"[0, 8]",1.0,True,0.01351785,0.00227205,0.01132643,True
10,2,8,FC3,0.03147318,0.00708038,0.03809511,0.5,0.5,"[0, 8]",1.0,True,0.01351785,0.00227205,0.01132643,True
10,2,9,FC4,0.0588002,-0.0588002,0.07699083,0.5,0.5,"[0, 8]",1.0,True,0.01351785,0.00227205,0.01132643,True
10,2,10,FT7,0.09048823,-0.05770405,0.10375527,0.5,0.5,"[0, 8]",1.0,True,0.01351785,0.00227205,0.01132643,True
10,2,11,FT8,0.08003434,-0.0037995,0.09781174,0.5,0.5,"[0, 8]",1.0,True,0.01351785,0.00227205,0.01132643,True
10,2,12,Cz,0.07678233,0.07641409,0.09264313,0.5,0.5,"[0, 8]",1.0,True,0.01351785,0.00227205,0.01132643,True
10,2,13,C3,0.11565806,0.07402503,0.11803877,0.5,0.5,"[0, 8]",1.0,True,0.01351785,0.00227205,0.01132643,True
10,2,14,C4,0.08591773,-0.07547347,0.09672251,0.5,0.5,"[0, 8]",1.0,True,0.01351785,0.00227205,0.01132643,True
10,2,15,T3,0.1280795,0.1280795,0.13322251,0.5,0.5,"[0, 8]",1.0,True,0.01351785,0.00227205,0.01132643,True
10,2,16,T4,0.12086442,0.01348311,0.13362838,0.5,0.5,"[0, 8]",1.0,True,0.01351785,0.00227205,0.01132643,True
10,2,17,CP3,0.1218854,0.03400221,0.14017113,0.5,0.5,"[0, 8]",1.0,True,0.01351785,0.00227205,0.01132643,True
10,2,18,CP4,0.11068737,0.03426965,0.12788877,0.5,0.5,"[0, 8]",1.0,True,0.01351785,0.00227205,0.01132643,True
10,2,19,TP7,0.08490212,-0.01775916,0.09467221,0.5,0.5,"[0, 8]",1.0,True,0.01351785,0.00227205,0.01132643,True
10,2,20,TP8,0.08936577,-0.05904882,0.10830508,0.5,0.5,"[0, 8]",1.0,True,0.01351785,0.00227205,0.01132643,True
10,2,21,Pz,0.15206619,0.00727243,0.15228127,0.5,0.5,"[0, 8]",1.0,True,0.01351785,0.00227205,0.01132643,True
10,2,22,P3,0.10902384,0.10902384,0.11824647,0.5,0.5,"[0, 8]",1.0,True,0.01351785,0.00227205,0.01132643,True
10,2,23,P4,0.10443036,-0.09288663,0.1163188,0.5,0.5,"[0, 8]",1.0,True,0.01351785,0.00227205,0.01132643,True
10,2,24,T5,0.10487037,0.0731879,0.11427238,0.5,0.5,"[0, 8]",1.0,True,0.01351785,0.00227205,0.01132643,True
10,2,25,T6,0.08025684,-0.06233892,0.09144168,0.5,0.5,"[0, 8]",1.0,True,0.01351785,0.00227205,0.01132643,True
10,2,26,Oz,0.07801692,0.04250042,0.08053809,0.5,0.5,"[0, 8]",1.0,True,0.01351785,0.00227205,0.01132643,True
10,2,27,O1,0.12099306,0.05607734,0.13126747,0.5,0.5,"[0, 8]",1.0,True,0.01351785,0.00227205,0.01132643,True
10,2,28,O2,0.14451031,-0.02344152,0.14712831,0.5,0.5,"[0, 8]",1.0,True,0.01351785,0.00227205,0.01132643,True
10,3,0,Fp1,0.15327826,-0.11083624,0.16281152,0.125,0.125,"[3, 5]",0.625,False,0.57131922,0.12917934,0.47870061,True
10,3,1,Fp2,0.09516019,0.02681408,0.0992341,0.125,0.125,"[3, 5]",0.625,False,0.57131922,0.12917934,0.47870061,True
10,3,2,Fz,0.10762952,-0.07525572,0.11164921,0.125,0.125,"[3, 5]",0.625,False,0.57131922,0.12917934,0.47870061,True
10,3,3,F3,0.10570644,0.05954023,0.11506783,0.125,0.125,"[3, 5]",0.625,False,0.57131922,0.12917934,0.47870061,True
10,3,4,F4,0.10915335,0.04997561,0.11346841,0.125,0.125,"[3, 5]",0.625,False,0.57131922,0.12917934,0.47870061,True
10,3,5,F7,0.11752619,0.11752619,0.1284395,0.125,0.125,"[3, 5]",0.625,False,0.57131922,0.12917934,0.47870061,True
10,3,6,F8,0.04985005,0.02263231,0.07428855,0.125,0.125,"[3, 5]",0.625,False,0.57131922,0.12917934,0.47870061,True
10,3,7,FCz,0.04632462,0.04632462,0.05086602,0.125,0.125,"[3, 5]",0.625,False,0.57131922,0.12917934,0.47870061,True
10,3,8,FC3,0.06133267,0.06133267,0.07944694,0.125,0.125,"[3, 5]",0.625,False,0.57131922,0.12917934,0.47870061,True
10,3,9,FC4,0.06271835,-0.02659268,0.065801,0.125,0.125,"[3, 5]",0.625,False,0.57131922,0.12917934,0.47870061,True
10,3,10,FT7,0.09654753,-0.04015097,0.10177683,0.125,0.125,"[3, 5]",0.625,False,0.57131922,0.12917934,0.47870061,True
10,3,11,FT8,0.08582735,0.02076186,0.09368624,0.125,0.125,"[3, 5]",0.625,False,0.57131922,0.12917934,0.47870061,True
10,3,12,Cz,0.05931321,0.01312982,0.06194773,0.125,0.125,"[3, 5]",0.625,False,0.57131922,0.12917934,0.47870061,True
10,3,13,C3,0.11129234,0.11129234,0.13643421,0.125,0.125,"[3, 5]",0.625,False,0.57131922,0.12917934,0.47870061,True
10,3,14,C4,0.14984889,-0.14984889,0.15682717,0.125,0.125,"[3, 5]",0.625,False,0.57131922,0.12917934,0.47870061,True
10,3,15,T3,0.13063043,0.13063043,0.13691746,0.125,0.125,"[3, 5]",0.625,False,0.57131922,0.12917934,0.47870061,True
10,3,16,T4,0.10215855,0.05915632,0.12126581,0.125,0.125,"[3, 5]",0.625,False,0.57131922,0.12917934,0.47870061,True
10,3,17,CP3,0.14843455,0.0299991,0.15510114,0.125,0.125,"[3, 5]",0.625,False,0.57131922,0.12917934,0.47870061,True
10,3,18,CP4,0.09549011,0.05183567,0.10634477,0.125,0.125,"[3, 5]",0.625,False,0.57131922,0.12917934,0.47870061,True
10,3,19,TP7,0.08447817,0.00712616,0.08698994,0.125,0.125,"[3, 5]",0.625,False,0.57131922,0.12917934,0.47870061,True
10,3,20,TP8,0.07842962,-0.04698263,0.08704133,0.125,0.125,"[3, 5]",0.625,False,0.57131922,0.12917934,0.47870061,True
10,3,21,Pz,0.08878645,0.04314713,0.10826719,0.125,0.125,"[3, 5]",0.625,False,0.57131922,0.12917934,0.47870061,True
10,3,22,P3,0.10643321,0.10643321,0.11589133,0.125,0.125,"[3, 5]",0.625,False,0.57131922,0.12917934,0.47870061,True
10,3,23,P4,0.10799889,-0.08776495,0.11654896,0.125,0.125,"[3, 5]",0.625,False,0.57131922,0.12917934,0.47870061,True
10,3,24,T5,0.08752067,0.06536728,0.10831295,0.125,0.125,"[3, 5]",0.625,False,0.57131922,0.12917934,0.47870061,True
10,3,25,T6,0.06731194,-0.0654399,0.08760545,0.125,0.125,"[3, 5]",0.625,False,0.57131922,0.12917934,0.47870061,True
10,3,26,Oz,0.04376235,-0.01532707,0.05565694,0.125,0.125,"[3, 5]",0.625,False,0.57131922,0.12917934,0.47870061,True
10,3,27,O1,0.08849166,0.02553342,0.10543709,0.125,0.125,"[3, 5]",0.625,False,0.57131922,0.12917934,0.47870061,True
10,3,28,O2,0.11784799,-0.04230678,0.13393532,0.125,0.125,"[3, 5]",0.625,False,0.57131922,0.12917934,0.47870061,True
10,4,0,Fp1,0.13170037,-0.11888935,0.1505696,0.375,0.375,"[7, 1]",0.875,False,0.28980572,0.06719196,0.24282427,True
10,4,1,Fp2,0.06695019,0.05224106,0.08329401,0.375,0.375,"[7, 1]",0.875,False,0.28980572,0.06719196,0.24282427,True
10,4,2,Fz,0.12078838,-0.12078838,0.13471369,0.375,0.375,"[7, 1]",0.875,False,0.28980572,0.06719196,0.24282427,True
10,4,3,F3,0.07807183,0.0234645,0.082723,0.375,0.375,"[7, 1]",0.875,False,0.28980572,0.06719196,0.24282427,True
10,4,4,F4,0.08293711,0.01152407,0.09071444,0.375,0.375,"[7, 1]",0.875,False,0.28980572,0.06719196,0.24282427,True
10,4,5,F7,0.09832875,0.09225482,0.11178858,0.375,0.375,"[7, 1]",0.875,False,0.28980572,0.06719196,0.24282427,True
10,4,6,F8,0.0734031,-0.02522014,0.07467755,0.375,0.375,"[7, 1]",0.875,False,0.28980572,0.06719196,0.24282427,True
10,4,7,FCz,0.08241194,0.08241194,0.09793138,0.375,0.375,"[7, 1]",0.875,False,0.28980572,0.06719196,0.24282427,True
10,4,8,FC3,0.03311006,0.00844129,0.04245552,0.375,0.375,"[7, 1]",0.875,False,0.28980572,0.06719196,0.24282427,True
10,4,9,FC4,0.06796364,-0.06796364,0.08207927,0.375,0.375,"[7, 1]",0.875,False,0.28980572,0.06719196,0.24282427,True
10,4,10,FT7,0.08759665,-0.03219343,0.09499114,0.375,0.375,"[7, 1]",0.875,False,0.28980572,0.06719196,0.24282427,True
10,4,11,FT8,0.07656226,0.01347285,0.09076075,0.375,0.375,"[7, 1]",0.875,False,0.28980572,0.06719196,0.24282427,True
10,4,12,Cz,0.05816862,0.05816862,0.07709655,0.375,0.375,"[7, 1]",0.875,False,0.28980572,0.06719196,0.24282427,True
10,4,13,C3,0.12463211,0.08603487,0.13414215,0.375,0.375,"[7, 1]",0.875,False,0.28980572,0.06719196,0.24282427,True
10,4,14,C4,0.08645634,-0.06662434,0.09284724,0.375,0.375,"[7, 1]",0.875,False,0.28980572,0.06719196,0.24282427,True
10,4,15,T3,0.14603713,0.14603713,0.14807284,0.375,0.375,"[7, 1]",0.875,False,0.28980572,0.06719196,0.24282427,True
10,4,16,T4,0.12111008,0.04452455,0.13711599,0.375,0.375,"[7, 1]",0.875,False,0.28980572,0.06719196,0.24282427,True
10,4,17,CP3,0.12544444,0.06317618,0.14283565,0.375,0.375,"[7, 1]",0.875,False,0.28980572,0.06719196,0.24282427,True
10,4,18,CP4,0.11822936,0.05902907,0.13613594,0.375,0.375,"[7, 1]",0.875,False,0.28980572,0.06719196,0.24282427,True
10,4,19,TP7,0.08412927,0.00223379,0.08777121,0.375,0.375,"[7, 1]",0.875,False,0.28980572,0.06719196,0.24282427,True
10,4,20,TP8,0.07882906,-0.03580607,0.09338462,0.375,0.375,"[7, 1]",0.875,False,0.28980572,0.06719196,0.24282427,True
10,4,21,Pz,0.12328252,-0.00288932,0.12545006,0.375,0.375,"[7, 1]",0.875,False,0.28980572,0.06719196,0.24282427,True
10,4,22,P3,0.12485808,0.12485808,0.13519791,0.375,0.375,"[7, 1]",0.875,False,0.28980572,0.06719196,0.24282427,True
10,4,23,P4,0.10060195,-0.10060195,0.11159357,0.375,0.375,"[7, 1]",0.875,False,0.28980572,0.06719196,0.24282427,True
10,4,24,T5,0.10648742,0.07686602,0.1288792,0.375,0.375,"[7, 1]",0.875,False,0.28980572,0.06719196,0.24282427,True
10,4,25,T6,0.07895203,-0.03560151,0.08314519,0.375,0.375,"[7, 1]",0.875,False,0.28980572,0.06719196,0.24282427,True
10,4,26,Oz,0.06086124,0.03262122,0.07515935,0.375,0.375,"[7, 1]",0.875,False,0.28980572,0.06719196,0.24282427,True
10,4,27,O1,0.10409611,0.02346524,0.12438974,0.375,0.375,"[7, 1]",0.875,False,0.28980572,0.06719196,0.24282427,True
10,4,28,O2,0.13487874,-0.0342476,0.14001201,0.375,0.375,"[7, 1]",0.875,False,0.28980572,0.06719196,0.24282427,True
10,5,0,Fp1,0.11068727,-0.09679313,0.12352798,0.5,0.5,"[0, 8]",1.0,True,0.01298215,0.00229315,0.01087757,True
10,5,1,Fp2,0.07694975,0.0603427,0.09428809,0.5,0.5,"[0, 8]",1.0,True,0.01298215,0.00229315,0.01087757,True
10,5,2,Fz,0.10431615,-0.09966087,0.11837224,0.5,0.5,"[0, 8]",1.0,True,0.01298215,0.00229315,0.01087757,True
10,5,3,F3,0.08775514,0.02657505,0.09503041,0.5,0.5,"[0, 8]",1.0,True,0.01298215,0.00229315,0.01087757,True
10,5,4,F4,0.09738994,0.01139362,0.1080872,0.5,0.5,"[0, 8]",1.0,True,0.01298215,0.00229315,0.01087757,True
10,5,5,F7,0.08384672,0.08171052,0.09768495,0.5,0.5,"[0, 8]",1.0,True,0.01298215,0.00229315,0.01087757,True
10,5,6,F8,0.07790025,-0.03025534,0.07876481,0.5,0.5,"[0, 8]",1.0,True,0.01298215,0.00229315,0.01087757,True
10,5,7,FCz,0.09812141,0.09812141,0.11359199,0.5,0.5,"[0, 8]",1.0,True,0.01298215,0.00229315,0.01087757,True
10,5,8,FC3,0.03059469,0.00604083,0.03735062,0.5,0.5,"[0, 8]",1.0,True,0.01298215,0.00229315,0.01087757,True
10,5,9,FC4,0.05930227,-0.05930227,0.07710063,0.5,0.5,"[0, 8]",1.0,True,0.01298215,0.00229315,0.01087757,True
10,5,10,FT7,0.08925312,-0.05771238,0.10300381,0.5,0.5,"[0, 8]",1.0,True,0.01298215,0.00229315,0.01087757,True
10,5,11,FT8,0.08014132,-0.00333854,0.09768721,0.5,0.5,"[0, 8]",1.0,True,0.01298215,0.00229315,0.01087757,True
10,5,12,Cz,0.07687956,0.07572682,0.09232099,0.5,0.5,"[0, 8]",1.0,True,0.01298215,0.00229315,0.01087757,True
10,5,13,C3,0.11590049,0.07315195,0.11812548,0.5,0.5,"[0, 8]",1.0,True,0.01298215,0.00229315,0.01087757,True
10,5,14,C4,0.08562978,-0.07509176,0.09595521,0.5,0.5,"[0, 8]",1.0,True,0.01298215,0.00229315,0.01087757,True
10,5,15,T3,0.12790796,0.12790796,0.13307336,0.5,0.5,"[0, 8]",1.0,True,0.01298215,0.00229315,0.01087757,True
10,5,16,T4,0.12146556,0.01401844,0.13391577,0.5,0.5,"[0, 8]",1.0,True,0.01298215,0.00229315,0.01087757,True
10,5,17,CP3,0.12087902,0.03376897,0.13949484,0.5,0.5,"[0, 8]",1.0,True,0.01298215,0.00229315,0.01087757,True
10,5,18,CP4,0.11082041,0.03516819,0.12699953,0.5,0.5,"[0, 8]",1.0,True,0.01298215,0.00229315,0.01087757,True
10,5,19,TP7,0.08426993,-0.01778726,0.09390404,0.5,0.5,"[0, 8]",1.0,True,0.01298215,0.00229315,0.01087757,True
10,5,20,TP8,0.08863665,-0.05871117,0.10747811,0.5,0.5,"[0, 8]",1.0,True,0.01298215,0.00229315,0.01087757,True
10,5,21,Pz,0.15382512,0.00736487,0.15404411,0.5,0.5,"[0, 8]",1.0,True,0.01298215,0.00229315,0.01087757,True
10,5,22,P3,0.10950059,0.10950059,0.11841673,0.5,0.5,"[0, 8]",1.0,True,0.01298215,0.00229315,0.01087757,True
10,5,23,P4,0.10473048,-0.09225964,0.11646335,0.5,0.5,"[0, 8]",1.0,True,0.01298215,0.00229315,0.01087757,True
10,5,24,T5,0.10430469,0.0732889,0.11406953,0.5,0.5,"[0, 8]",1.0,True,0.01298215,0.00229315,0.01087757,True
10,5,25,T6,0.0803998,-0.06125157,0.0916274,0.5,0.5,"[0, 8]",1.0,True,0.01298215,0.00229315,0.01087757,True
10,5,26,Oz,0.0779156,0.04326784,0.08042072,0.5,0.5,"[0, 8]",1.0,True,0.01298215,0.00229315,0.01087757,True
10,5,27,O1,0.12257421,0.05709639,0.13284606,0.5,0.5,"[0, 8]",1.0,True,0.01298215,0.00229315,0.01087757,True
10,5,28,O2,0.143273,-0.02299831,0.14586322,0.5,0.5,"[0, 8]",1.0,True,0.01298215,0.00229315,0.01087757,True
11,1,0,Fp1,0.10971786,-0.09508254,0.12205449,0.5,0.5,"[0, 8]",1.0,True,0.0108501,0.00211315,0.00909115,True
11,1,1,Fp2,0.07754382,0.06148906,0.09565498,0.5,0.5,"[0, 8]",1.0,True,0.0108501,0.00211315,0.00909115,True
11,1,2,Fz,0.10413785,-0.09864879,0.11767192,0.5,0.5,"[0, 8]",1.0,True,0.0108501,0.00211315,0.00909115,True
11,1,3,F3,0.08808543,0.02838482,0.09457736,0.5,0.5,"[0, 8]",1.0,True,0.0108501,0.00211315,0.00909115,True
11,1,4,F4,0.09676275,0.01249741,0.10682747,0.5,0.5,"[0, 8]",1.0,True,0.0108501,0.00211315,0.00909115,True
11,1,5,F7,0.08524625,0.08188859,0.09838021,0.5,0.5,"[0, 8]",1.0,True,0.0108501,0.00211315,0.00909115,True
11,1,6,F8,0.07688808,-0.02909747,0.07783327,0.5,0.5,"[0, 8]",1.0,True,0.0108501,0.00211315,0.00909115,True
11,1,7,FCz,0.09815187,0.09815187,0.11336496,0.5,0.5,"[0, 8]",1.0,True,0.0108501,0.00211315,0.00909115,True
11,1,8,FC3,0.03098959,0.0069986,0.03721668,0.5,0.5,"[0, 8]",1.0,True,0.0108501,0.00211315,0.00909115,True
11,1,9,FC4,0.05823889,-0.05823889,0.07619178,0.5,0.5,"[0, 8]",1.0,True,0.0108501,0.00211315,0.00909115,True
11,1,10,FT7,0.08975613,-0.05740387,0.10350972,0.5,0.5,"[0, 8]",1.0,True,0.0108501,0.00211315,0.00909115,True
11,1,11,FT8,0.08022054,-0.00386628,0.09748162,0.5,0.5,"[0, 8]",1.0,True,0.0108501,0.00211315,0.00909115,True
11,1,12,Cz,0.07635552,0.07564726,0.09242462,0.5,0.5,"[0, 8]",1.0,True,0.0108501,0.00211315,0.00909115,True
11,1,13,C3,0.11602757,0.07295424,0.11830682,0.5,0.5,"[0, 8]",1.0,True,0.0108501,0.00211315,0.00909115,True
11,1,14,C4,0.08654594,-0.07651377,0.09723747,0.5,0.5,"[0, 8]",1.0,True,0.0108501,0.00211315,0.00909115,True
11,1,15,T3,0.1261214,0.1261214,0.13159527,0.5,0.5,"[0, 8]",1.0,True,0.0108501,0.00211315,0.00909115,True
11,1,16,T4,0.12202592,0.01293041,0.13461512,0.5,0.5,"[0, 8]",1.0,True,0.0108501,0.00211315,0.00909115,True
11,1,17,CP3,0.12110777,0.03227173,0.13972384,0.5,0.5,"[0, 8]",1.0,True,0.0108501,0.00211315,0.00909115,True
11,1,18,CP4,0.10981619,0.03352829,0.12674829,0.5,0.5,"[0, 8]",1.0,True,0.0108501,0.00211315,0.00909115,True
11,1,19,TP7,0.08441666,-0.01935125,0.09423654,0.5,0.5,"[0, 8]",1.0,True,0.0108501,0.00211315,0.00909115,True
11,1,20,TP8,0.0893096,-0.05981611,0.10875242,0.5,0.5,"[0, 8]",1.0,True,0.0108501,0.00211315,0.00909115,True
11,1,21,Pz,0.15304016,0.00590905,0.15317878,0.5,0.5,"[0, 8]",1.0,True,0.0108501,0.00211315,0.00909115,True
11,1,22,P3,0.10776568,0.10776568,0.11692578,0.5,0.5,"[0, 8]",1.0,True,0.0108501,0.00211315,0.00909115,True
11,1,23,P4,0.10512637,-0.09325545,0.11709072,0.5,0.5,"[0, 8]",1.0,True,0.0108501,0.00211315,0.00909115,True
11,1,24,T5,0.10507179,0.07357316,0.11459268,0.5,0.5,"[0, 8]",1.0,True,0.0108501,0.00211315,0.00909115,True
11,1,25,T6,0.08130588,-0.06229578,0.09264077,0.5,0.5,"[0, 8]",1.0,True,0.0108501,0.00211315,0.00909115,True
11,1,26,Oz,0.07734812,0.04213689,0.07968443,0.5,0.5,"[0, 8]",1.0,True,0.0108501,0.00211315,0.00909115,True
11,1,27,O1,0.12178302,0.05640483,0.1322251,0.5,0.5,"[0, 8]",1.0,True,0.0108501,0.00211315,0.00909115,True
11,1,28,O2,0.14459082,-0.02315699,0.147199,0.5,0.5,"[0, 8]",1.0,True,0.0108501,0.00211315,0.00909115,True
11,2,0,Fp1,0.10974939,-0.09585764,0.12237626,0.5,0.5,"[0, 8]",1.0,True,0.01199984,0.00220881,0.0100545,True
11,2,1,Fp2,0.07734244,0.06140768,0.09533777,0.5,0.5,"[0, 8]",1.0,True,0.01199984,0.00220881,0.0100545,True
11,2,2,Fz,0.10441007,-0.09842101,0.11776481,0.5,0.5,"[0, 8]",1.0,True,0.01199984,0.00220881,0.0100545,True
11,2,3,F3,0.08774655,0.02788976,0.09422088,0.5,0.5,"[0, 8]",1.0,True,0.01199984,0.00220881,0.0100545,True
11,2,4,F4,0.09739065,0.01268043,0.10742564,0.5,0.5,"[0, 8]",1.0,True,0.01199984,0.00220881,0.0100545,True
11,2,5,F7,0.0848649,0.08258428,0.0986388,0.5,0.5,"[0, 8]",1.0,True,0.01199984,0.00220881,0.0100545,True
11,2,6,F8,0.07749423,-0.02980096,0.07847928,0.5,0.5,"[0, 8]",1.0,True,0.01199984,0.00220881,0.0100545,True
11,2,7,FCz,0.09911107,0.09911107,0.11429471,0.5,0.5,"[0, 8]",1.0,True,0.01199984,0.00220881,0.0100545,True
11,2,8,FC3,0.03066683,0.00626033,0.03745617,0.5,0.5,"[0, 8]",1.0,True,0.01199984,0.00220881,0.0100545,True
11,2,9,FC4,0.05764146,-0.05764146,0.07645461,0.5,0.5,"[0, 8]",1.0,True,0.01199984,0.00220881,0.0100545,True
11,2,10,FT7,0.09052642,-0.05734039,0.10399465,0.5,0.5,"[0, 8]",1.0,True,0.01199984,0.00220881,0.0100545,True
11,2,11,FT8,0.08023219,-0.00393906,0.09783547,0.5,0.5,"[0, 8]",1.0,True,0.01199984,0.00220881,0.0100545,True
11,2,12,Cz,0.07709362,0.07609764,0.09287398,0.5,0.5,"[0, 8]",1.0,True,0.01199984,0.00220881,0.0100545,True
11,2,13,C3,0.1146305,0.07270034,0.11704448,0.5,0.5,"[0, 8]",1.0,True,0.01199984,0.00220881,0.0100545,True
11,2,14,C4,0.0864348,-0.07549981,0.09692251,0.5,0.5,"[0, 8]",1.0,True,0.01199984,0.00220881,0.0100545,True
11,2,15,T3,0.12679084,0.12679084,0.13238305,0.5,0.5,"[0, 8]",1.0,True,0.01199984,0.00220881,0.0100545,True
11,2,16,T4,0.12082591,0.01328761,0.13364592,0.5,0.5,"[0, 8]",1.0,True,0.01199984,0.00220881,0.0100545,True
11,2,17,CP3,0.12124629,0.03240237,0.1400381,0.5,0.5,"[0, 8]",1.0,True,0.01199984,0.00220881,0.0100545,True
11,2,18,CP4,0.10989591,0.03368866,0.12682368,0.5,0.5,"[0, 8]",1.0,True,0.01199984,0.00220881,0.0100545,True
11,2,19,TP7,0.08355183,-0.01894332,0.09345668,0.5,0.5,"[0, 8]",1.0,True,0.01199984,0.00220881,0.0100545,True
11,2,20,TP8,0.08918291,-0.05957395,0.10838937,0.5,0.5,"[0, 8]",1.0,True,0.01199984,0.00220881,0.0100545,True
11,2,21,Pz,0.15325662,0.00594975,0.15339574,0.5,0.5,"[0, 8]",1.0,True,0.01199984,0.00220881,0.0100545,True
11,2,22,P3,0.10772306,0.10772306,0.1165406,0.5,0.5,"[0, 8]",1.0,True,0.01199984,0.00220881,0.0100545,True
11,2,23,P4,0.10565432,-0.09352123,0.11767448,0.5,0.5,"[0, 8]",1.0,True,0.01199984,0.00220881,0.0100545,True
11,2,24,T5,0.10476191,0.07362495,0.11448938,0.5,0.5,"[0, 8]",1.0,True,0.01199984,0.00220881,0.0100545,True
11,2,25,T6,0.08085869,-0.06234277,0.09250655,0.5,0.5,"[0, 8]",1.0,True,0.01199984,0.00220881,0.0100545,True
11,2,26,Oz,0.07697929,0.04219526,0.07928064,0.5,0.5,"[0, 8]",1.0,True,0.01199984,0.00220881,0.0100545,True
11,2,27,O1,0.12222876,0.05611673,0.13283721,0.5,0.5,"[0, 8]",1.0,True,0.01199984,0.00220881,0.0100545,True
11,2,28,O2,0.14393267,-0.02374583,0.14674465,0.5,0.5,"[0, 8]",1.0,True,0.01199984,0.00220881,0.0100545,True
11,3,0,Fp1,0.13322374,-0.11308438,0.14839524,0.5,0.5,"[6, 2]",0.75,False,0.3717619,0.0854556,0.31149424,True
11,3,1,Fp2,0.06215212,0.04713167,0.07733177,0.5,0.5,"[6, 2]",0.75,False,0.3717619,0.0854556,0.31149424,True
11,3,2,Fz,0.09415492,-0.08603045,0.10510167,0.5,0.5,"[6, 2]",0.75,False,0.3717619,0.0854556,0.31149424,True
11,3,3,F3,0.08893131,0.01032845,0.10514005,0.5,0.5,"[6, 2]",0.75,False,0.3717619,0.0854556,0.31149424,True
11,3,4,F4,0.09668565,0.02634022,0.10055863,0.5,0.5,"[6, 2]",0.75,False,0.3717619,0.0854556,0.31149424,True
11,3,5,F7,0.06756321,0.05796024,0.07827637,0.5,0.5,"[6, 2]",0.75,False,0.3717619,0.0854556,0.31149424,True
11,3,6,F8,0.05615259,0.00103853,0.06751025,0.5,0.5,"[6, 2]",0.75,False,0.3717619,0.0854556,0.31149424,True
11,3,7,FCz,0.10451628,0.10451628,0.11090203,0.5,0.5,"[6, 2]",0.75,False,0.3717619,0.0854556,0.31149424,True
11,3,8,FC3,0.01910737,-0.01335655,0.02350161,0.5,0.5,"[6, 2]",0.75,False,0.3717619,0.0854556,0.31149424,True
11,3,9,FC4,0.03950904,-0.02827721,0.05039199,0.5,0.5,"[6, 2]",0.75,False,0.3717619,0.0854556,0.31149424,True
11,3,10,FT7,0.0722423,-0.03036931,0.1007924,0.5,0.5,"[6, 2]",0.75,False,0.3717619,0.0854556,0.31149424,True
11,3,11,FT8,0.11839627,0.01699125,0.13360067,0.5,0.5,"[6, 2]",0.75,False,0.3717619,0.0854556,0.31149424,True
11,3,12,Cz,0.08018334,0.08018334,0.09274165,0.5,0.5,"[6, 2]",0.75,False,0.3717619,0.0854556,0.31149424,True
11,3,13,C3,0.11076453,0.03364698,0.11610486,0.5,0.5,"[6, 2]",0.75,False,0.3717619,0.0854556,0.31149424,True
11,3,14,C4,0.07783356,-0.0402561,0.081506,0.5,0.5,"[6, 2]",0.75,False,0.3717619,0.0854556,0.31149424,True
11,3,15,T3,0.08796569,0.08796569,0.10171672,0.5,0.5,"[6, 2]",0.75,False,0.3717619,0.0854556,0.31149424,True
11,3,16,T4,0.11323172,0.0117314,0.11949458,0.5,0.5,"[6, 2]",0.75,False,0.3717619,0.0854556,0.31149424,True
11,3,17,CP3,0.09831191,0.00832056,0.10865302,0.5,0.5,"[6, 2]",0.75,False,0.3717619,0.0854556,0.31149424,True
11,3,18,CP4,0.10214864,0.02591574,0.11652163,0.5,0.5,"[6, 2]",0.75,False,0.3717619,0.0854556,0.31149424,True
11,3,19,TP7,0.0889544,0.01486444,0.09961815,0.5,0.5,"[6, 2]",0.75,False,0.3717619,0.0854556,0.31149424,True
11,3,20,TP8,0.0945484,-0.02219425,0.09773125,0.5,0.5,"[6, 2]",0.75,False,0.3717619,0.0854556,0.31149424,True
11,3,21,Pz,0.14613757,-0.03025187,0.14966157,0.5,0.5,"[6, 2]",0.75,False,0.3717619,0.0854556,0.31149424,True
11,3,22,P3,0.08800839,0.08800839,0.10197732,0.5,0.5,"[6, 2]",0.75,False,0.3717619,0.0854556,0.31149424,True
11,3,23,P4,0.13649391,-0.11194566,0.14659788,0.5,0.5,"[6, 2]",0.75,False,0.3717619,0.0854556,0.31149424,True
11,3,24,T5,0.10158163,0.08554003,0.11804017,0.5,0.5,"[6, 2]",0.75,False,0.3717619,0.0854556,0.31149424,True
11,3,25,T6,0.06695885,-0.02999409,0.07435506,0.5,0.5,"[6, 2]",0.75,False,0.3717619,0.0854556,0.31149424,True
11,3,26,Oz,0.07632023,0.02979314,0.08034477,0.5,0.5,"[6, 2]",0.75,False,0.3717619,0.0854556,0.31149424,True
11,3,27,O1,0.12421303,0.06735762,0.13349274,0.5,0.5,"[6, 2]",0.75,False,0.3717619,0.0854556,0.31149424,True
11,3,28,O2,0.15511471,-0.0426433,0.16103502,0.5,0.5,"[6, 2]",0.75,False,0.3717619,0.0854556,0.31149424,True
11,4,0,Fp1,0.11025728,-0.09541988,0.12243826,0.5,0.5,"[0, 8]",1.0,True,0.01242868,0.00208507,0.01041382,True
11,4,1,Fp2,0.07776193,0.06191727,0.09557621,0.5,0.5,"[0, 8]",1.0,True,0.01242868,0.00208507,0.01041382,True
11,4,2,Fz,0.103819,-0.09847996,0.11742084,0.5,0.5,"[0, 8]",1.0,True,0.01242868,0.00208507,0.01041382,True
11,4,3,F3,0.0878954,0.02818782,0.09463347,0.5,0.5,"[0, 8]",1.0,True,0.01242868,0.00208507,0.01041382,True
11,4,4,F4,0.09702098,0.01251252,0.10720665,0.5,0.5,"[0, 8]",1.0,True,0.01242868,0.00208507,0.01041382,True
11,4,5,F7,0.08485267,0.08275317,0.09856956,0.5,0.5,"[0, 8]",1.0,True,0.01242868,0.00208507,0.01041382,True
11,4,6,F8,0.07666846,-0.02827895,0.07769842,0.5,0.5,"[0, 8]",1.0,True,0.01242868,0.00208507,0.01041382,True
11,4,7,FCz,0.09850965,0.09850965,0.11356749,0.5,0.5,"[0, 8]",1.0,True,0.01242868,0.00208507,0.01041382,True
11,4,8,FC3,0.03097464,0.0067626,0.03704103,0.5,0.5,"[0, 8]",1.0,True,0.01242868,0.00208507,0.01041382,True
11,4,9,FC4,0.05801249,-0.05801249,0.07608723,0.5,0.5,"[0, 8]",1.0,True,0.01242868,0.00208507,0.01041382,True
11,4,10,FT7,0.09085378,-0.057751,0.10444308,0.5,0.5,"[0, 8]",1.0,True,0.01242868,0.00208507,0.01041382,True
11,4,11,FT8,0.08043739,-0.00230446,0.09775876,0.5,0.5,"[0, 8]",1.0,True,0.01242868,0.00208507,0.01041382,True
11,4,12,Cz,0.07689027,0.07478198,0.0920041,0.5,0.5,"[0, 8]",1.0,True,0.01242868,0.00208507,0.01041382,True
11,4,13,C3,0.11529037,0.07183369,0.1173606,0.5,0.5,"[0, 8]",1.0,True,0.01242868,0.00208507,0.01041382,True
11,4,14,C4,0.08563523,-0.07612312,0.09669419,0.5,0.5,"[0, 8]",1.0,True,0.01242868,0.00208507,0.01041382,True
11,4,15,T3,0.12537767,0.12537767,0.13080445,0.5,0.5,"[0, 8]",1.0,True,0.01242868,0.00208507,0.01041382,True
11,4,16,T4,0.12210273,0.0132618,0.13444245,0.5,0.5,"[0, 8]",1.0,True,0.01242868,0.00208507,0.01041382,True
11,4,17,CP3,0.12068169,0.03234924,0.13935401,0.5,0.5,"[0, 8]",1.0,True,0.01242868,0.00208507,0.01041382,True
11,4,18,CP4,0.11040083,0.03358776,0.12714827,0.5,0.5,"[0, 8]",1.0,True,0.01242868,0.00208507,0.01041382,True
11,4,19,TP7,0.08421133,-0.01970736,0.09462521,0.5,0.5,"[0, 8]",1.0,True,0.01242868,0.00208507,0.01041382,True
11,4,20,TP8,0.08920981,-0.05982707,0.10864554,0.5,0.5,"[0, 8]",1.0,True,0.01242868,0.00208507,0.01041382,True
11,4,21,Pz,0.15353429,0.00601932,0.15367553,0.5,0.5,"[0, 8]",1.0,True,0.01242868,0.00208507,0.01041382,True
11,4,22,P3,0.10778174,0.10778174,0.11688954,0.5,0.5,"[0, 8]",1.0,True,0.01242868,0.00208507,0.01041382,True
11,4,23,P4,0.10615925,-0.09347593,0.11787973,0.5,0.5,"[0, 8]",1.0,True,0.01242868,0.00208507,0.01041382,True
11,4,24,T5,0.1042365,0.07305555,0.11384001,0.5,0.5,"[0, 8]",1.0,True,0.01242868,0.00208507,0.01041382,True
11,4,25,T6,0.08070845,-0.06200473,0.0923235,0.5,0.5,"[0, 8]",1.0,True,0.01242868,0.00208507,0.01041382,True
11,4,26,Oz,0.07656045,0.04179138,0.07898699,0.5,0.5,"[0, 8]",1.0,True,0.01242868,0.00208507,0.01041382,True
11,4,27,O1,0.12171946,0.05597508,0.13232699,0.5,0.5,"[0, 8]",1.0,True,0.01242868,0.00208507,0.01041382,True
11,4,28,O2,0.14377494,-0.0241773,0.14663702,0.5,0.5,"[0, 8]",1.0,True,0.01242868,0.00208507,0.01041382,True
11,5,0,Fp1,0.10960146,-0.0953517,0.12214993,0.5,0.5,"[0, 8]",1.0,True,0.01148565,0.00214131,0.00962367,True
11,5,1,Fp2,0.0772852,0.06160327,0.09522043,0.5,0.5,"[0, 8]",1.0,True,0.01148565,0.00214131,0.00962367,True
11,5,2,Fz,0.10406476,-0.09861943,0.11756931,0.5,0.5,"[0, 8]",1.0,True,0.01148565,0.00214131,0.00962367,True
11,5,3,F3,0.08797378,0.02810504,0.09462018,0.5,0.5,"[0, 8]",1.0,True,0.01148565,0.00214131,0.00962367,True
11,5,4,F4,0.09681962,0.01256745,0.1069422,0.5,0.5,"[0, 8]",1.0,True,0.01148565,0.00214131,0.00962367,True
11,5,5,F7,0.0841748,0.08268707,0.09825236,0.5,0.5,"[0, 8]",1.0,True,0.01148565,0.00214131,0.00962367,True
11,5,6,F8,0.07716186,-0.0292243,0.07820638,0.5,0.5,"[0, 8]",1.0,True,0.01148565,0.00214131,0.00962367,True
11,5,7,FCz,0.09855915,0.09855915,0.11336071,0.5,0.5,"[0, 8]",1.0,True,0.01148565,0.00214131,0.00962367,True
11,5,8,FC3,0.03104265,0.00679771,0.03731075,0.5,0.5,"[0, 8]",1.0,True,0.01148565,0.00214131,0.00962367,True
11,5,9,FC4,0.05849686,-0.05849686,0.07642452,0.5,0.5,"[0, 8]",1.0,True,0.01148565,0.00214131,0.00962367,True
11,5,10,FT7,0.09006137,-0.05718382,0.10332793,0.5,0.5,"[0, 8]",1.0,True,0.01148565,0.00214131,0.00962367,True
11,5,11,FT8,0.0806878,-0.00348119,0.09797718,0.5,0.5,"[0, 8]",1.0,True,0.01148565,0.00214131,0.00962367,True
11,5,12,Cz,0.07631902,0.07597957,0.09210471,0.5,0.5,"[0, 8]",1.0,True,0.01148565,0.00214131,0.00962367,True
11,5,13,C3,0.11569847,0.07302254,0.11805123,0.5,0.5,"[0, 8]",1.0,True,0.01148565,0.00214131,0.00962367,True
11,5,14,C4,0.0863952,-0.07591709,0.09680562,0.5,0.5,"[0, 8]",1.0,True,0.01148565,0.00214131,0.00962367,True
11,5,15,T3,0.12600742,0.12600742,0.13147768,0.5,0.5,"[0, 8]",1.0,True,0.01148565,0.00214131,0.00962367,True
11,5,16,T4,0.1226588,0.01311833,0.13524961,0.5,0.5,"[0, 8]",1.0,True,0.01148565,0.00214131,0.00962367,True
11,5,17,CP3,0.12098102,0.03240626,0.13936396,0.5,0.5,"[0, 8]",1.0,True,0.01148565,0.00214131,0.00962367,True
11,5,18,CP4,0.11004245,0.03330735,0.12677023,0.5,0.5,"[0, 8]",1.0,True,0.01148565,0.00214131,0.00962367,True
11,5,19,TP7,0.08381652,-0.01952566,0.09391874,0.5,0.5,"[0, 8]",1.0,True,0.01148565,0.00214131,0.00962367,True
11,5,20,TP8,0.08928954,-0.05965912,0.10862282,0.5,0.5,"[0, 8]",1.0,True,0.01148565,0.00214131,0.00962367,True
11,5,21,Pz,0.15353195,0.00562497,0.15366541,0.5,0.5,"[0, 8]",1.0,True,0.01148565,0.00214131,0.00962367,True
11,5,22,P3,0.10705413,0.10705413,0.11614262,0.5,0.5,"[0, 8]",1.0,True,0.01148565,0.00214131,0.00962367,True
11,5,23,P4,0.10562049,-0.09357319,0.11767652,0.5,0.5,"[0, 8]",1.0,True,0.01148565,0.00214131,0.00962367,True
11,5,24,T5,0.10512057,0.07313406,0.11475322,0.5,0.5,"[0, 8]",1.0,True,0.01148565,0.00214131,0.00962367,True
11,5,25,T6,0.08136606,-0.06241552,0.09293158,0.5,0.5,"[0, 8]",1.0,True,0.01148565,0.00214131,0.00962367,True
11,5,26,Oz,0.07709658,0.04185374,0.07931106,0.5,0.5,"[0, 8]",1.0,True,0.01148565,0.00214131,0.00962367,True
11,5,27,O1,0.12205566,0.0559829,0.13260148,0.5,0.5,"[0, 8]",1.0,True,0.01148565,0.00214131,0.00962367,True
11,5,28,O2,0.14444306,-0.02385223,0.14724283,0.5,0.5,"[0, 8]",1.0,True,0.01148565,0.00214131,0.00962367,True
12,1,0,Fp1,0.10969585,-0.09589894,0.12257811,0.625,0.625,"[1, 7]",0.875,False,0.01165453,0.00233036,0.00976518,True
12,1,1,Fp2,0.07744677,0.06058372,0.09480493,0.625,0.625,"[1, 7]",0.875,False,0.01165453,0.00233036,0.00976518,True
12,1,2,Fz,0.10390207,-0.09902981,0.11776678,0.625,0.625,"[1, 7]",0.875,False,0.01165453,0.00233036,0.00976518,True
12,1,3,F3,0.08737031,0.02651053,0.09432144,0.625,0.625,"[1, 7]",0.875,False,0.01165453,0.00233036,0.00976518,True
12,1,4,F4,0.09718502,0.01279239,0.10716245,0.625,0.625,"[1, 7]",0.875,False,0.01165453,0.00233036,0.00976518,True
12,1,5,F7,0.08528938,0.08241987,0.09888668,0.625,0.625,"[1, 7]",0.875,False,0.01165453,0.00233036,0.00976518,True
12,1,6,F8,0.07790623,-0.02908784,0.07889157,0.625,0.625,"[1, 7]",0.875,False,0.01165453,0.00233036,0.00976518,True
12,1,7,FCz,0.09800708,0.09800708,0.11361414,0.625,0.625,"[1, 7]",0.875,False,0.01165453,0.00233036,0.00976518,True
12,1,8,FC3,0.03081817,0.00533775,0.03754239,0.625,0.625,"[1, 7]",0.875,False,0.01165453,0.00233036,0.00976518,True
12,1,9,FC4,0.05910867,-0.05910867,0.07751928,0.625,0.625,"[1, 7]",0.875,False,0.01165453,0.00233036,0.00976518,True
12,1,10,FT7,0.09053902,-0.0578298,0.10419394,0.625,0.625,"[1, 7]",0.875,False,0.01165453,0.00233036,0.00976518,True
12,1,11,FT8,0.08033142,-0.00453153,0.09709179,0.625,0.625,"[1, 7]",0.875,False,0.01165453,0.00233036,0.00976518,True
12,1,12,Cz,0.07632328,0.07514953,0.09182951,0.625,0.625,"[1, 7]",0.875,False,0.01165453,0.00233036,0.00976518,True
12,1,13,C3,0.11516917,0.07185966,0.11717005,0.625,0.625,"[1, 7]",0.875,False,0.01165453,0.00233036,0.00976518,True
12,1,14,C4,0.08549606,-0.07550128,0.09630556,0.625,0.625,"[1, 7]",0.875,False,0.01165453,0.00233036,0.00976518,True
12,1,15,T3,0.12618303,0.12618303,0.13145246,0.625,0.625,"[1, 7]",0.875,False,0.01165453,0.00233036,0.00976518,True
12,1,16,T4,0.12231721,0.01329916,0.1347622,0.625,0.625,"[1, 7]",0.875,False,0.01165453,0.00233036,0.00976518,True
12,1,17,CP3,0.12208723,0.03229737,0.14014658,0.625,0.625,"[1, 7]",0.875,False,0.01165453,0.00233036,0.00976518,True
12,1,18,CP4,0.11005044,0.03432041,0.12698612,0.625,0.625,"[1, 7]",0.875,False,0.01165453,0.00233036,0.00976518,True
12,1,19,TP7,0.08413474,-0.01802054,0.09382456,0.625,0.625,"[1, 7]",0.875,False,0.01165453,0.00233036,0.00976518,True
12,1,20,TP8,0.08873478,-0.05913743,0.10787753,0.625,0.625,"[1, 7]",0.875,False,0.01165453,0.00233036,0.00976518,True
12,1,21,Pz,0.15263177,0.00769164,0.15286608,0.625,0.625,"[1, 7]",0.875,False,0.01165453,0.00233036,0.00976518,True
12,1,22,P3,0.10832937,0.10832937,0.11761224,0.625,0.625,"[1, 7]",0.875,False,0.01165453,0.00233036,0.00976518,True
12,1,23,P4,0.10381426,-0.09251475,0.11583854,0.625,0.625,"[1, 7]",0.875,False,0.01165453,0.00233036,0.00976518,True
12,1,24,T5,0.105389,0.07428737,0.11516674,0.625,0.625,"[1, 7]",0.875,False,0.01165453,0.00233036,0.00976518,True
12,1,25,T6,0.0813331,-0.06181771,0.09243449,0.625,0.625,"[1, 7]",0.875,False,0.01165453,0.00233036,0.00976518,True
12,1,26,Oz,0.07836981,0.04321887,0.08072136,0.625,0.625,"[1, 7]",0.875,False,0.01165453,0.00233036,0.00976518,True
12,1,27,O1,0.1225682,0.05717654,0.13282724,0.625,0.625,"[1, 7]",0.875,False,0.01165453,0.00233036,0.00976518,True
12,1,28,O2,0.14438076,-0.02209405,0.14681031,0.625,0.625,"[1, 7]",0.875,False,0.01165453,0.00233036,0.00976518,True
12,2,0,Fp1,0.07050017,-0.03263246,0.07415979,0.5,0.5,"[2, 6]",0.75,False,0.64850588,0.21167481,0.54337426,True
12,2,1,Fp2,0.06656343,0.0577439,0.07723483,0.5,0.5,"[2, 6]",0.75,False,0.64850588,0.21167481,0.54337426,True
12,2,2,Fz,0.12075311,-0.11307164,0.14201988,0.5,0.5,"[2, 6]",0.75,False,0.64850588,0.21167481,0.54337426,True
12,2,3,F3,0.06742538,-0.01555791,0.09002667,0.5,0.5,"[2, 6]",0.75,False,0.64850588,0.21167481,0.54337426,True
12,2,4,F4,0.1028001,-0.05072879,0.1269346,0.5,0.5,"[2, 6]",0.75,False,0.64850588,0.21167481,0.54337426,True
12,2,5,F7,0.13836467,0.13836467,0.14601633,0.5,0.5,"[2, 6]",0.75,False,0.64850588,0.21167481,0.54337426,True
12,2,6,F8,0.11522186,-0.06444728,0.12491754,0.5,0.5,"[2, 6]",0.75,False,0.64850588,0.21167481,0.54337426,True
12,2,7,FCz,0.09799419,0.09360962,0.11580947,0.5,0.5,"[2, 6]",0.75,False,0.64850588,0.21167481,0.54337426,True
12,2,8,FC3,0.03722764,-0.00200478,0.0486026,0.5,0.5,"[2, 6]",0.75,False,0.64850588,0.21167481,0.54337426,True
12,2,9,FC4,0.16002867,-0.16002867,0.17243914,0.5,0.5,"[2, 6]",0.75,False,0.64850588,0.21167481,0.54337426,True
12,2,10,FT7,0.0772428,-0.06073403,0.08776078,0.5,0.5,"[2, 6]",0.75,False,0.64850588,0.21167481,0.54337426,True
12,2,11,FT8,0.11223435,-0.06727082,0.13215828,0.5,0.5,"[2, 6]",0.75,False,0.64850588,0.21167481,0.54337426,True
12,2,12,Cz,0.07677464,0.05204493,0.08716332,0.5,0.5,"[2, 6]",0.75,False,0.64850588,0.21167481,0.54337426,True
12,2,13,C3,0.11640181,0.08216941,0.12098322,0.5,0.5,"[2, 6]",0.75,False,0.64850588,0.21167481,0.54337426,True
12,2,14,C4,0.1170659,-0.05937764,0.11818662,0.5,0.5,"[2, 6]",0.75,False,0.64850588,0.21167481,0.54337426,True
12,2,15,T3,0.10686176,0.08688232,0.12806886,0.5,0.5,"[2, 6]",0.75,False,0.64850588,0.21167481,0.54337426,True
12,2,16,T4,0.11493409,0.04117764,0.1373747,0.5,0.5,"[2, 6]",0.75,False,0.64850588,0.21167481,0.54337426,True
12,2,17,CP3,0.13807034,0.02919891,0.15472142,0.5,0.5,"[2, 6]",0.75,False,0.64850588,0.21167481,0.54337426,True
12,2,18,CP4,0.09553283,0.02638202,0.10495906,0.5,0.5,"[2, 6]",0.75,False,0.64850588,0.21167481,0.54337426,True
12,2,19,TP7,0.10898669,-0.04864009,0.12549317,0.5,0.5,"[2, 6]",0.75,False,0.64850588,0.21167481,0.54337426,True
12,2,20,TP8,0.115877,-0.02628772,0.12176892,0.5,0.5,"[2, 6]",0.75,False,0.64850588,0.21167481,0.54337426,True
12,2,21,Pz,0.14548405,0.00429349,0.1474916,0.5,0.5,"[2, 6]",0.75,False,0.64850588,0.21167481,0.54337426,True
12,2,22,P3,0.04254591,0.00869559,0.04538581,0.5,0.5,"[2, 6]",0.75,False,0.64850588,0.21167481,0.54337426,True
12,2,23,P4,0.0651686,-0.06342507,0.07753312,0.5,0.5,"[2, 6]",0.75,False,0.64850588,0.21167481,0.54337426,True
12,2,24,T5,0.07443419,0.05122057,0.0887408,0.5,0.5,"[2, 6]",0.75,False,0.64850588,0.21167481,0.54337426,True
12,2,25,T6,0.04299973,0.02303109,0.06705202,0.5,0.5,"[2, 6]",0.75,False,0.64850588,0.21167481,0.54337426,True
12,2,26,Oz,0.08102551,0.0533403,0.09071234,0.5,0.5,"[2, 6]",0.75,False,0.64850588,0.21167481,0.54337426,True
12,2,27,O1,0.10808833,0.04811382,0.1103846,0.5,0.5,"[2, 6]",0.75,False,0.64850588,0.21167481,0.54337426,True
12,2,28,O2,0.14067167,0.02935114,0.14383966,0.5,0.5,"[2, 6]",0.75,False,0.64850588,0.21167481,0.54337426,True
12,3,0,Fp1,0.10930814,-0.09556628,0.1220829,0.625,0.625,"[1, 7]",0.875,False,0.01193246,0.00221211,0.00999805,True
12,3,1,Fp2,0.07790215,0.06092045,0.09510054,0.625,0.625,"[1, 7]",0.875,False,0.01193246,0.00221211,0.00999805,True
12,3,2,Fz,0.10416765,-0.09908378,0.11788359,0.625,0.625,"[1, 7]",0.875,False,0.01193246,0.00221211,0.00999805,True
12,3,3,F3,0.0879014,0.02686448,0.09475188,0.625,0.625,"[1, 7]",0.875,False,0.01193246,0.00221211,0.00999805,True
12,3,4,F4,0.09708379,0.01196861,0.10729296,0.625,0.625,"[1, 7]",0.875,False,0.01193246,0.00221211,0.00999805,True
12,3,5,F7,0.08486077,0.08224528,0.09857076,0.625,0.625,"[1, 7]",0.875,False,0.01193246,0.00221211,0.00999805,True
12,3,6,F8,0.07741108,-0.02981782,0.07822552,0.625,0.625,"[1, 7]",0.875,False,0.01193246,0.00221211,0.00999805,True
12,3,7,FCz,0.09793994,0.09793994,0.11315501,0.625,0.625,"[1, 7]",0.875,False,0.01193246,0.00221211,0.00999805,True
12,3,8,FC3,0.03026035,0.00587725,0.03681951,0.625,0.625,"[1, 7]",0.875,False,0.01193246,0.00221211,0.00999805,True
12,3,9,FC4,0.05923432,-0.05923432,0.07741445,0.625,0.625,"[1, 7]",0.875,False,0.01193246,0.00221211,0.00999805,True
12,3,10,FT7,0.09028182,-0.05820336,0.10407583,0.625,0.625,"[1, 7]",0.875,False,0.01193246,0.00221211,0.00999805,True
12,3,11,FT8,0.08076416,-0.0044695,0.09787669,0.625,0.625,"[1, 7]",0.875,False,0.01193246,0.00221211,0.00999805,True
12,3,12,Cz,0.0766976,0.0747747,0.09201347,0.625,0.625,"[1, 7]",0.875,False,0.01193246,0.00221211,0.00999805,True
12,3,13,C3,0.11542709,0.07220125,0.11758091,0.625,0.625,"[1, 7]",0.875,False,0.01193246,0.00221211,0.00999805,True
12,3,14,C4,0.08545216,-0.07516693,0.09605141,0.625,0.625,"[1, 7]",0.875,False,0.01193246,0.00221211,0.00999805,True
12,3,15,T3,0.12720527,0.12720527,0.13269509,0.625,0.625,"[1, 7]",0.875,False,0.01193246,0.00221211,0.00999805,True
12,3,16,T4,0.12124342,0.01276773,0.13377663,0.625,0.625,"[1, 7]",0.875,False,0.01193246,0.00221211,0.00999805,True
12,3,17,CP3,0.12090087,0.03326776,0.13940543,0.625,0.625,"[1, 7]",0.875,False,0.01193246,0.00221211,0.00999805,True
12,3,18,CP4,0.11064201,0.0337771,0.12772731,0.625,0.625,"[1, 7]",0.875,False,0.01193246,0.00221211,0.00999805,True
12,3,19,TP7,0.08428682,-0.01762195,0.09392267,0.625,0.625,"[1, 7]",0.875,False,0.01193246,0.00221211,0.00999805,True
12,3,20,TP8,0.08973956,-0.05917545,0.10865849,0.625,0.625,"[1, 7]",0.875,False,0.01193246,0.00221211,0.00999805,True
12,3,21,Pz,0.15336588,0.00809804,0.15363124,0.625,0.625,"[1, 7]",0.875,False,0.01193246,0.00221211,0.00999805,True
12,3,22,P3,0.10850859,0.10850859,0.11780778,0.625,0.625,"[1, 7]",0.875,False,0.01193246,0.00221211,0.00999805,True
12,3,23,P4,0.10438074,-0.09289888,0.11639751,0.625,0.625,"[1, 7]",0.875,False,0.01193246,0.00221211,0.00999805,True
12,3,24,T5,0.10534024,0.07443825,0.1149049,0.625,0.625,"[1, 7]",0.875,False,0.01193246,0.00221211,0.00999805,True
12,3,25,T6,0.08130109,-0.06192475,0.09197719,0.625,0.625,"[1, 7]",0.875,False,0.01193246,0.00221211,0.00999805,True
12,3,26,Oz,0.07797313,0.04358478,0.0803934,0.625,0.625,"[1, 7]",0.875,False,0.01193246,0.00221211,0.00999805,True
12,3,27,O1,0.12272354,0.05741287,0.13305536,0.625,0.625,"[1, 7]",0.875,False,0.01193246,0.00221211,0.00999805,True
12,3,28,O2,0.14412236,-0.02233806,0.14662801,0.625,0.625,"[1, 7]",0.875,False,0.01193246,0.00221211,0.00999805,True
12,4,0,Fp1,0.09726089,-0.09726089,0.11497375,0.5,0.5,"[4, 4]",0.5,False,0.47545272,0.14719634,0.39837537,True
12,4,1,Fp2,0.09198897,0.05126447,0.10120393,0.5,0.5,"[4, 4]",0.5,False,0.47545272,0.14719634,0.39837537,True
12,4,2,Fz,0.07158212,-0.07158212,0.07457662,0.5,0.5,"[4, 4]",0.5,False,0.47545272,0.14719634,0.39837537,True
12,4,3,F3,0.0862869,0.04220015,0.09260212,0.5,0.5,"[4, 4]",0.5,False,0.47545272,0.14719634,0.39837537,True
12,4,4,F4,0.11727528,0.00444183,0.13975075,0.5,0.5,"[4, 4]",0.5,False,0.47545272,0.14719634,0.39837537,True
12,4,5,F7,0.1020273,0.09610312,0.11720043,0.5,0.5,"[4, 4]",0.5,False,0.47545272,0.14719634,0.39837537,True
12,4,6,F8,0.10056908,-0.05036353,0.1012999,0.5,0.5,"[4, 4]",0.5,False,0.47545272,0.14719634,0.39837537,True
12,4,7,FCz,0.09628908,0.09628908,0.10816631,0.5,0.5,"[4, 4]",0.5,False,0.47545272,0.14719634,0.39837537,True
12,4,8,FC3,0.04262903,0.00080528,0.05004535,0.5,0.5,"[4, 4]",0.5,False,0.47545272,0.14719634,0.39837537,True
12,4,9,FC4,0.08707069,-0.08707069,0.0927755,0.5,0.5,"[4, 4]",0.5,False,0.47545272,0.14719634,0.39837537,True
12,4,10,FT7,0.06050713,-0.05293065,0.09813714,0.5,0.5,"[4, 4]",0.5,False,0.47545272,0.14719634,0.39837537,True
12,4,11,FT8,0.09398296,-0.06433947,0.10848393,0.5,0.5,"[4, 4]",0.5,False,0.47545272,0.14719634,0.39837537,True
12,4,12,Cz,0.0753016,0.0753016,0.09437549,0.5,0.5,"[4, 4]",0.5,False,0.47545272,0.14719634,0.39837537,True
12,4,13,C3,0.09164567,0.06053681,0.09359694,0.5,0.5,"[4, 4]",0.5,False,0.47545272,0.14719634,0.39837537,True
12,4,14,C4,0.07915386,-0.04496853,0.08902062,0.5,0.5,"[4, 4]",0.5,False,0.47545272,0.14719634,0.39837537,True
12,4,15,T3,0.1238163,0.1238163,0.13559976,0.5,0.5,"[4, 4]",0.5,False,0.47545272,0.14719634,0.39837537,True
12,4,16,T4,0.11021242,0.05630829,0.12856027,0.5,0.5,"[4, 4]",0.5,False,0.47545272,0.14719634,0.39837537,True
12,4,17,CP3,0.19388278,0.05079432,0.20537648,0.5,0.5,"[4, 4]",0.5,False,0.47545272,0.14719634,0.39837537,True
12,4,18,CP4,0.09654944,-0.00819791,0.10799897,0.5,0.5,"[4, 4]",0.5,False,0.47545272,0.14719634,0.39837537,True
12,4,19,TP7,0.08375821,-0.02971443,0.1007418,0.5,0.5,"[4, 4]",0.5,False,0.47545272,0.14719634,0.39837537,True
12,4,20,TP8,0.09096105,-0.0543961,0.1100641,0.5,0.5,"[4, 4]",0.5,False,0.47545272,0.14719634,0.39837537,True
12,4,21,Pz,0.1359586,-0.00093685,0.13684829,0.5,0.5,"[4, 4]",0.5,False,0.47545272,0.14719634,0.39837537,True
12,4,22,P3,0.0666372,0.03871076,0.06983414,0.5,0.5,"[4, 4]",0.5,False,0.47545272,0.14719634,0.39837537,True
12,4,23,P4,0.10739667,-0.10739667,0.12552127,0.5,0.5,"[4, 4]",0.5,False,0.47545272,0.14719634,0.39837537,True
12,4,24,T5,0.11235972,0.07475935,0.12127829,0.5,0.5,"[4, 4]",0.5,False,0.47545272,0.14719634,0.39837537,True
12,4,25,T6,0.05101177,-0.01655431,0.05691281,0.5,0.5,"[4, 4]",0.5,False,0.47545272,0.14719634,0.39837537,True
12,4,26,Oz,0.07943039,0.06750105,0.09279726,0.5,0.5,"[4, 4]",0.5,False,0.47545272,0.14719634,0.39837537,True
12,4,27,O1,0.11149947,0.0575886,0.1150513,0.5,0.5,"[4, 4]",0.5,False,0.47545272,0.14719634,0.39837537,True
12,4,28,O2,0.13340275,0.00150807,0.13442206,0.5,0.5,"[4, 4]",0.5,False,0.47545272,0.14719634,0.39837537,True
12,5,0,Fp1,0.10990464,-0.09628518,0.12300528,0.5,0.5,"[0, 8]",1.0,True,0.01346414,0.00231964,0.01128142,True
12,5,1,Fp2,0.07746345,0.06048828,0.09470155,0.5,0.5,"[0, 8]",1.0,True,0.01346414,0.00231964,0.01128142,True
12,5,2,Fz,0.10413926,-0.09908421,0.11789286,0.5,0.5,"[0, 8]",1.0,True,0.01346414,0.00231964,0.01128142,True
12,5,3,F3,0.08734173,0.02638493,0.09417008,0.5,0.5,"[0, 8]",1.0,True,0.01346414,0.00231964,0.01128142,True
12,5,4,F4,0.09691089,0.01191188,0.10740854,0.5,0.5,"[0, 8]",1.0,True,0.01346414,0.00231964,0.01128142,True
12,5,5,F7,0.08528435,0.08215584,0.09870948,0.5,0.5,"[0, 8]",1.0,True,0.01346414,0.00231964,0.01128142,True
12,5,6,F8,0.07867645,-0.02978696,0.07966294,0.5,0.5,"[0, 8]",1.0,True,0.01346414,0.00231964,0.01128142,True
12,5,7,FCz,0.09779973,0.09779973,0.11316431,0.5,0.5,"[0, 8]",1.0,True,0.01346414,0.00231964,0.01128142,True
12,5,8,FC3,0.0309659,0.00529707,0.0378716,0.5,0.5,"[0, 8]",1.0,True,0.01346414,0.00231964,0.01128142,True
12,5,9,FC4,0.05896143,-0.05896143,0.07664865,0.5,0.5,"[0, 8]",1.0,True,0.01346414,0.00231964,0.01128142,True
12,5,10,FT7,0.09034897,-0.05851944,0.10346276,0.5,0.5,"[0, 8]",1.0,True,0.01346414,0.00231964,0.01128142,True
12,5,11,FT8,0.07982098,-0.00478694,0.09707782,0.5,0.5,"[0, 8]",1.0,True,0.01346414,0.00231964,0.01128142,True
12,5,12,Cz,0.0766392,0.07498351,0.09171256,0.5,0.5,"[0, 8]",1.0,True,0.01346414,0.00231964,0.01128142,True
12,5,13,C3,0.11480615,0.07198505,0.11690085,0.5,0.5,"[0, 8]",1.0,True,0.01346414,0.00231964,0.01128142,True
12,5,14,C4,0.08434302,-0.0745289,0.09490502,0.5,0.5,"[0, 8]",1.0,True,0.01346414,0.00231964,0.01128142,True
12,5,15,T3,0.12670562,0.12670562,0.13218442,0.5,0.5,"[0, 8]",1.0,True,0.01346414,0.00231964,0.01128142,True
12,5,16,T4,0.1215903,0.0136383,0.13426921,0.5,0.5,"[0, 8]",1.0,True,0.01346414,0.00231964,0.01128142,True
12,5,17,CP3,0.1221229,0.03360092,0.14029728,0.5,0.5,"[0, 8]",1.0,True,0.01346414,0.00231964,0.01128142,True
12,5,18,CP4,0.10997581,0.03437388,0.12710196,0.5,0.5,"[0, 8]",1.0,True,0.01346414,0.00231964,0.01128142,True
12,5,19,TP7,0.08486236,-0.01861278,0.09483974,0.5,0.5,"[0, 8]",1.0,True,0.01346414,0.00231964,0.01128142,True
12,5,20,TP8,0.08972912,-0.05995544,0.10916236,0.5,0.5,"[0, 8]",1.0,True,0.01346414,0.00231964,0.01128142,True
12,5,21,Pz,0.15245134,0.0077316,0.15270755,0.5,0.5,"[0, 8]",1.0,True,0.01346414,0.00231964,0.01128142,True
12,5,22,P3,0.108482,0.108482,0.11790641,0.5,0.5,"[0, 8]",1.0,True,0.01346414,0.00231964,0.01128142,True
12,5,23,P4,0.10327998,-0.09223768,0.11545736,0.5,0.5,"[0, 8]",1.0,True,0.01346414,0.00231964,0.01128142,True
12,5,24,T5,0.10622306,0.07440625,0.11555982,0.5,0.5,"[0, 8]",1.0,True,0.01346414,0.00231964,0.01128142,True
12,5,25,T6,0.08062108,-0.06131121,0.0916033,0.5,0.5,"[0, 8]",1.0,True,0.01346414,0.00231964,0.01128142,True
12,5,26,Oz,0.07914491,0.04337636,0.08151323,0.5,0.5,"[0, 8]",1.0,True,0.01346414,0.00231964,0.01128142,True
12,5,27,O1,0.1220324,0.05724159,0.13203247,0.5,0.5,"[0, 8]",1.0,True,0.01346414,0.00231964,0.01128142,True
12,5,28,O2,0.14433719,-0.02284767,0.14687644,0.5,0.5,"[0, 8]",1.0,True,0.01346414,0.00231964,0.01128142,True
13,1,0,Fp1,0.08695039,-0.05092772,0.09513292,0.875,0.875,"[5, 3]",0.625,False,0.7095907,0.16482297,0.5945564,True
13,1,1,Fp2,0.06133135,0.06133135,0.07603947,0.875,0.875,"[5, 3]",0.625,False,0.7095907,0.16482297,0.5945564,True
13,1,2,Fz,0.12379998,-0.09029905,0.13142735,0.875,0.875,"[5, 3]",0.625,False,0.7095907,0.16482297,0.5945564,True
13,1,3,F3,0.09316234,-0.00916681,0.11668771,0.875,0.875,"[5, 3]",0.625,False,0.7095907,0.16482297,0.5945564,True
13,1,4,F4,0.08979729,-0.03378601,0.1219996,0.875,0.875,"[5, 3]",0.625,False,0.7095907,0.16482297,0.5945564,True
13,1,5,F7,0.12048844,0.12048844,0.14424559,0.875,0.875,"[5, 3]",0.625,False,0.7095907,0.16482297,0.5945564,True
13,1,6,F8,0.02788735,0.0243364,0.03395011,0.875,0.875,"[5, 3]",0.625,False,0.7095907,0.16482297,0.5945564,True
13,1,7,FCz,0.09636794,0.09636794,0.10883304,0.875,0.875,"[5, 3]",0.625,False,0.7095907,0.16482297,0.5945564,True
13,1,8,FC3,0.02620838,-0.00762389,0.03636703,0.875,0.875,"[5, 3]",0.625,False,0.7095907,0.16482297,0.5945564,True
13,1,9,FC4,0.08375763,-0.08375763,0.09145001,0.875,0.875,"[5, 3]",0.625,False,0.7095907,0.16482297,0.5945564,True
13,1,10,FT7,0.04930906,-0.00227486,0.05473892,0.875,0.875,"[5, 3]",0.625,False,0.7095907,0.16482297,0.5945564,True
13,1,11,FT8,0.08600883,0.05490313,0.09543603,0.875,0.875,"[5, 3]",0.625,False,0.7095907,0.16482297,0.5945564,True
13,1,12,Cz,0.04340266,0.04340266,0.04599726,0.875,0.875,"[5, 3]",0.625,False,0.7095907,0.16482297,0.5945564,True
13,1,13,C3,0.11110651,0.08179341,0.12349242,0.875,0.875,"[5, 3]",0.625,False,0.7095907,0.16482297,0.5945564,True
13,1,14,C4,0.1192372,-0.1192372,0.13758329,0.875,0.875,"[5, 3]",0.625,False,0.7095907,0.16482297,0.5945564,True
13,1,15,T3,0.14277393,0.14277393,0.17452355,0.875,0.875,"[5, 3]",0.625,False,0.7095907,0.16482297,0.5945564,True
13,1,16,T4,0.12167256,0.04910211,0.1541847,0.875,0.875,"[5, 3]",0.625,False,0.7095907,0.16482297,0.5945564,True
13,1,17,CP3,0.07021823,-0.01432907,0.09346665,0.875,0.875,"[5, 3]",0.625,False,0.7095907,0.16482297,0.5945564,True
13,1,18,CP4,0.11256665,-0.0081271,0.13841841,0.875,0.875,"[5, 3]",0.625,False,0.7095907,0.16482297,0.5945564,True
13,1,19,TP7,0.09509116,0.00604225,0.10163015,0.875,0.875,"[5, 3]",0.625,False,0.7095907,0.16482297,0.5945564,True
13,1,20,TP8,0.09331697,-0.05693632,0.11698244,0.875,0.875,"[5, 3]",0.625,False,0.7095907,0.16482297,0.5945564,True
13,1,21,Pz,0.14177939,-0.0197974,0.15523422,0.875,0.875,"[5, 3]",0.625,False,0.7095907,0.16482297,0.5945564,True
13,1,22,P3,0.08522311,0.08522311,0.09958775,0.875,0.875,"[5, 3]",0.625,False,0.7095907,0.16482297,0.5945564,True
13,1,23,P4,0.12862799,-0.12862799,0.16929525,0.875,0.875,"[5, 3]",0.625,False,0.7095907,0.16482297,0.5945564,True
13,1,24,T5,0.12985033,0.08418497,0.15157571,0.875,0.875,"[5, 3]",0.625,False,0.7095907,0.16482297,0.5945564,True
13,1,25,T6,0.10392639,-0.04417761,0.12137213,0.875,0.875,"[5, 3]",0.625,False,0.7095907,0.16482297,0.5945564,True
13,1,26,Oz,0.08930485,0.03139007,0.10060835,0.875,0.875,"[5, 3]",0.625,False,0.7095907,0.16482297,0.5945564,True
13,1,27,O1,0.12303577,0.07260136,0.14567083,0.875,0.875,"[5, 3]",0.625,False,0.7095907,0.16482297,0.5945564,True
13,1,28,O2,0.19686095,-0.00372167,0.20346998,0.875,0.875,"[5, 3]",0.625,False,0.7095907,0.16482297,0.5945564,True
13,2,0,Fp1,0.04150023,-0.01731315,0.04798857,0.875,0.875,"[5, 3]",0.625,False,1.26827223,0.43584865,1.06266806,True
13,2,1,Fp2,0.02592552,0.00561182,0.029656,0.875,0.875,"[5, 3]",0.625,False,1.26827223,0.43584865,1.06266806,True
13,2,2,Fz,0.10503518,-0.07268386,0.13420375,0.875,0.875,"[5, 3]",0.625,False,1.26827223,0.43584865,1.06266806,True
13,2,3,F3,0.08335268,-0.05987602,0.09688587,0.875,0.875,"[5, 3]",0.625,False,1.26827223,0.43584865,1.06266806,True
13,2,4,F4,0.08076112,0.03887105,0.08754572,0.875,0.875,"[5, 3]",0.625,False,1.26827223,0.43584865,1.06266806,True
13,2,5,F7,0.10290852,0.07110465,0.13214409,0.875,0.875,"[5, 3]",0.625,False,1.26827223,0.43584865,1.06266806,True
13,2,6,F8,0.08823589,0.03494325,0.08961055,0.875,0.875,"[5, 3]",0.625,False,1.26827223,0.43584865,1.06266806,True
13,2,7,FCz,0.21208981,0.19577268,0.24519686,0.875,0.875,"[5, 3]",0.625,False,1.26827223,0.43584865,1.06266806,True
13,2,8,FC3,0.08279864,0.07990654,0.10668779,0.875,0.875,"[5, 3]",0.625,False,1.26827223,0.43584865,1.06266806,True
13,2,9,FC4,0.11482,-0.00950051,0.11593964,0.875,0.875,"[5, 3]",0.625,False,1.26827223,0.43584865,1.06266806,True
13,2,10,FT7,0.07639775,-0.07639775,0.08591694,0.875,0.875,"[5, 3]",0.625,False,1.26827223,0.43584865,1.06266806,True
13,2,11,FT8,0.08659877,-0.01343329,0.09976716,0.875,0.875,"[5, 3]",0.625,False,1.26827223,0.43584865,1.06266806,True
13,2,12,Cz,0.07148069,0.04495887,0.0876425,0.875,0.875,"[5, 3]",0.625,False,1.26827223,0.43584865,1.06266806,True
13,2,13,C3,0.09554166,0.05295931,0.11115765,0.875,0.875,"[5, 3]",0.625,False,1.26827223,0.43584865,1.06266806,True
13,2,14,C4,0.1279996,-0.1279996,0.15123574,0.875,0.875,"[5, 3]",0.625,False,1.26827223,0.43584865,1.06266806,True
13,2,15,T3,0.18646294,0.04874486,0.21082877,0.875,0.875,"[5, 3]",0.625,False,1.26827223,0.43584865,1.06266806,True
13,2,16,T4,0.07608052,0.03733657,0.11706886,0.875,0.875,"[5, 3]",0.625,False,1.26827223,0.43584865,1.06266806,True
13,2,17,CP3,0.0377012,0.0155783,0.04228346,0.875,0.875,"[5, 3]",0.625,False,1.26827223,0.43584865,1.06266806,True
13,2,18,CP4,0.11193603,-0.02446236,0.12348843,0.875,0.875,"[5, 3]",0.625,False,1.26827223,0.43584865,1.06266806,True
13,2,19,TP7,0.04427075,0.00897502,0.04751592,0.875,0.875,"[5, 3]",0.625,False,1.26827223,0.43584865,1.06266806,True
13,2,20,TP8,0.05342184,0.01591391,0.05856264,0.875,0.875,"[5, 3]",0.625,False,1.26827223,0.43584865,1.06266806,True
13,2,21,Pz,0.07087955,0.02247793,0.08047077,0.875,0.875,"[5, 3]",0.625,False,1.26827223,0.43584865,1.06266806,True
13,2,22,P3,0.20252471,0.1631669,0.23667537,0.875,0.875,"[5, 3]",0.625,False,1.26827223,0.43584865,1.06266806,True
13,2,23,P4,0.09281682,-0.09281682,0.10497368,0.875,0.875,"[5, 3]",0.625,False,1.26827223,0.43584865,1.06266806,True
13,2,24,T5,0.05646868,-0.05646868,0.07247709,0.875,0.875,"[5, 3]",0.625,False,1.26827223,0.43584865,1.06266806,True
13,2,25,T6,0.18968552,0.09877294,0.21449833,0.875,0.875,"[5, 3]",0.625,False,1.26827223,0.43584865,1.06266806,True
13,2,26,Oz,0.06271671,-0.04611025,0.07509156,0.875,0.875,"[5, 3]",0.625,False,1.26827223,0.43584865,1.06266806,True
13,2,27,O1,0.08121295,0.08121295,0.11433157,0.875,0.875,"[5, 3]",0.625,False,1.26827223,0.43584865,1.06266806,True
13,2,28,O2,0.17362882,0.01335878,0.18067208,0.875,0.875,"[5, 3]",0.625,False,1.26827223,0.43584865,1.06266806,True
13,3,0,Fp1,0.0303138,-0.0303138,0.03857287,0.75,0.75,"[4, 4]",0.5,False,1.5464716,0.53120765,1.29576753,True
13,3,1,Fp2,0.09338176,0.07084084,0.10252323,0.75,0.75,"[4, 4]",0.5,False,1.5464716,0.53120765,1.29576753,True
13,3,2,Fz,0.09384532,-0.07470824,0.1149023,0.75,0.75,"[4, 4]",0.5,False,1.5464716,0.53120765,1.29576753,True
13,3,3,F3,0.09952762,-0.09952762,0.10451701,0.75,0.75,"[4, 4]",0.5,False,1.5464716,0.53120765,1.29576753,True
13,3,4,F4,0.01668435,0.00492907,0.01834901,0.75,0.75,"[4, 4]",0.5,False,1.5464716,0.53120765,1.29576753,True
13,3,5,F7,0.12264935,0.1074227,0.14927483,0.75,0.75,"[4, 4]",0.5,False,1.5464716,0.53120765,1.29576753,True
13,3,6,F8,0.04705409,-0.03454128,0.05852447,0.75,0.75,"[4, 4]",0.5,False,1.5464716,0.53120765,1.29576753,True
13,3,7,FCz,0.218151,0.17667601,0.23527506,0.75,0.75,"[4, 4]",0.5,False,1.5464716,0.53120765,1.29576753,True
13,3,8,FC3,0.08741532,-0.08741532,0.09259971,0.75,0.75,"[4, 4]",0.5,False,1.5464716,0.53120765,1.29576753,True
13,3,9,FC4,0.13164012,0.10914253,0.16636072,0.75,0.75,"[4, 4]",0.5,False,1.5464716,0.53120765,1.29576753,True
13,3,10,FT7,0.0516636,-0.01998945,0.06419165,0.75,0.75,"[4, 4]",0.5,False,1.5464716,0.53120765,1.29576753,True
13,3,11,FT8,0.06339601,0.03132255,0.08978933,0.75,0.75,"[4, 4]",0.5,False,1.5464716,0.53120765,1.29576753,True
13,3,12,Cz,0.08058909,-0.05016322,0.10005,0.75,0.75,"[4, 4]",0.5,False,1.5464716,0.53120765,1.29576753,True
13,3,13,C3,0.12175955,0.12175955,0.14964977,0.75,0.75,"[4, 4]",0.5,False,1.5464716,0.53120765,1.29576753,True
13,3,14,C4,0.12664983,-0.04542738,0.15625751,0.75,0.75,"[4, 4]",0.5,False,1.5464716,0.53120765,1.29576753,True
13,3,15,T3,0.20237567,0.10830484,0.21759754,0.75,0.75,"[4, 4]",0.5,False,1.5464716,0.53120765,1.29576753,True
13,3,16,T4,0.08535199,-0.06177459,0.13571119,0.75,0.75,"[4, 4]",0.5,False,1.5464716,0.53120765,1.29576753,True
13,3,17,CP3,0.0375728,0.00794406,0.04282306,0.75,0.75,"[4, 4]",0.5,False,1.5464716,0.53120765,1.29576753,True
13,3,18,CP4,0.15842888,-0.02166042,0.17225842,0.75,0.75,"[4, 4]",0.5,False,1.5464716,0.53120765,1.29576753,True
13,3,19,TP7,0.08606302,-0.06077608,0.11180802,0.75,0.75,"[4, 4]",0.5,False,1.5464716,0.53120765,1.29576753,True
13,3,20,TP8,0.05722874,0.02550903,0.06052081,0.75,0.75,"[4, 4]",0.5,False,1.5464716,0.53120765,1.29576753,True
13,3,21,Pz,0.16149271,-0.08847013,0.16387214,0.75,0.75,"[4, 4]",0.5,False,1.5464716,0.53120765,1.29576753,True
13,3,22,P3,0.0981014,0.08373318,0.11157095,0.75,0.75,"[4, 4]",0.5,False,1.5464716,0.53120765,1.29576753,True
13,3,23,P4,0.13745196,-0.00839251,0.17296952,0.75,0.75,"[4, 4]",0.5,False,1.5464716,0.53120765,1.29576753,True
13,3,24,T5,0.13515785,-0.06883115,0.15497494,0.75,0.75,"[4, 4]",0.5,False,1.5464716,0.53120765,1.29576753,True
13,3,25,T6,0.16859862,0.06976194,0.21911876,0.75,0.75,"[4, 4]",0.5,False,1.5464716,0.53120765,1.29576753,True
13,3,26,Oz,0.04171021,0.02718794,0.05363266,0.75,0.75,"[4, 4]",0.5,False,1.5464716,0.53120765,1.29576753,True
13,3,27,O1,0.09626652,0.02400756,0.10922578,0.75,0.75,"[4, 4]",0.5,False,1.5464716,0.53120765,1.29576753,True
13,3,28,O2,0.1560825,0.03977433,0.16982456,0.75,0.75,"[4, 4]",0.5,False,1.5464716,0.53120765,1.29576753,True
13,4,0,Fp1,0.05456827,-0.02594743,0.05640677,0.75,0.75,"[2, 6]",0.75,False,1.10668212,0.28228247,0.9272739,True
13,4,1,Fp2,0.02386562,0.02351377,0.03490603,0.75,0.75,"[2, 6]",0.75,False,1.10668212,0.28228247,0.9272739,True
13,4,2,Fz,0.14780861,-0.14780861,0.15276842,0.75,0.75,"[2, 6]",0.75,False,1.10668212,0.28228247,0.9272739,True
13,4,3,F3,0.0566529,-0.0566529,0.06647459,0.75,0.75,"[2, 6]",0.75,False,1.10668212,0.28228247,0.9272739,True
13,4,4,F4,0.10887852,-0.00756582,0.1330772,0.75,0.75,"[2, 6]",0.75,False,1.10668212,0.28228247,0.9272739,True
13,4,5,F7,0.09461648,0.07214261,0.12350757,0.75,0.75,"[2, 6]",0.75,False,1.10668212,0.28228247,0.9272739,True
13,4,6,F8,0.0753053,0.07349668,0.09961835,0.75,0.75,"[2, 6]",0.75,False,1.10668212,0.28228247,0.9272739,True
13,4,7,FCz,0.24706043,0.1436675,0.2533806,0.75,0.75,"[2, 6]",0.75,False,1.10668212,0.28228247,0.9272739,True
13,4,8,FC3,0.07223128,-0.05326305,0.09044128,0.75,0.75,"[2, 6]",0.75,False,1.10668212,0.28228247,0.9272739,True
13,4,9,FC4,0.09805907,-0.00430833,0.10628995,0.75,0.75,"[2, 6]",0.75,False,1.10668212,0.28228247,0.9272739,True
13,4,10,FT7,0.04322498,-0.03962167,0.05671057,0.75,0.75,"[2, 6]",0.75,False,1.10668212,0.28228247,0.9272739,True
13,4,11,FT8,0.06031049,-0.007242,0.07736188,0.75,0.75,"[2, 6]",0.75,False,1.10668212,0.28228247,0.9272739,True
13,4,12,Cz,0.11386441,0.06078551,0.13220619,0.75,0.75,"[2, 6]",0.75,False,1.10668212,0.28228247,0.9272739,True
13,4,13,C3,0.09064795,0.0872917,0.11096095,0.75,0.75,"[2, 6]",0.75,False,1.10668212,0.28228247,0.9272739,True
13,4,14,C4,0.0975833,-0.0975833,0.13249102,0.75,0.75,"[2, 6]",0.75,False,1.10668212,0.28228247,0.9272739,True
13,4,15,T3,0.17524,0.10491763,0.19197538,0.75,0.75,"[2, 6]",0.75,False,1.10668212,0.28228247,0.9272739,True
13,4,16,T4,0.11839497,0.00936937,0.15723012,0.75,0.75,"[2, 6]",0.75,False,1.10668212,0.28228247,0.9272739,True
13,4,17,CP3,0.04205876,0.00709462,0.04854435,0.75,0.75,"[2, 6]",0.75,False,1.10668212,0.28228247,0.9272739,True
13,4,18,CP4,0.1178884,0.03847548,0.13518402,0.75,0.75,"[2, 6]",0.75,False,1.10668212,0.28228247,0.9272739,True
13,4,19,TP7,0.06033406,-0.02874317,0.07141497,0.75,0.75,"[2, 6]",0.75,False,1.10668212,0.28228247,0.9272739,True
13,4,20,TP8,0.0652383,-0.00210138,0.06534772,0.75,0.75,"[2, 6]",0.75,False,1.10668212,0.28228247,0.9272739,True
13,4,21,Pz,0.11706289,0.00039725,0.13255639,0.75,0.75,"[2, 6]",0.75,False,1.10668212,0.28228247,0.9272739,True
13,4,22,P3,0.15288594,0.070343,0.17850764,0.75,0.75,"[2, 6]",0.75,False,1.10668212,0.28228247,0.9272739,True
13,4,23,P4,0.13719058,-0.09884025,0.14282569,0.75,0.75,"[2, 6]",0.75,False,1.10668212,0.28228247,0.9272739,True
13,4,24,T5,0.15596619,0.10929328,0.16218452,0.75,0.75,"[2, 6]",0.75,False,1.10668212,0.28228247,0.9272739,True
13,4,25,T6,0.16474932,-0.06174274,0.19925545,0.75,0.75,"[2, 6]",0.75,False,1.10668212,0.28228247,0.9272739,True
13,4,26,Oz,0.11681642,0.02171184,0.12902167,0.75,0.75,"[2, 6]",0.75,False,1.10668212,0.28228247,0.9272739,True
13,4,27,O1,0.0929693,0.01405592,0.10876001,0.75,0.75,"[2, 6]",0.75,False,1.10668212,0.28228247,0.9272739,True
13,4,28,O2,0.17532046,-0.00515487,0.1835717,0.75,0.75,"[2, 6]",0.75,False,1.10668212,0.28228247,0.9272739,True
13,5,0,Fp1,0.12302908,-0.07402131,0.12686473,0.375,0.375,"[5, 3]",0.625,False,0.4739016,0.08447091,0.39707571,True
13,5,1,Fp2,0.06219423,0.06219423,0.08243424,0.375,0.375,"[5, 3]",0.625,False,0.4739016,0.08447091,0.39707571,True
13,5,2,Fz,0.11123515,-0.11123515,0.11863455,0.375,0.375,"[5, 3]",0.625,False,0.4739016,0.08447091,0.39707571,True
13,5,3,F3,0.06859828,-0.01321487,0.09146914,0.375,0.375,"[5, 3]",0.625,False,0.4739016,0.08447091,0.39707571,True
13,5,4,F4,0.08373129,-0.01636749,0.09660573,0.375,0.375,"[5, 3]",0.625,False,0.4739016,0.08447091,0.39707571,True
13,5,5,F7,0.099152,0.099152,0.10700621,0.375,0.375,"[5, 3]",0.625,False,0.4739016,0.08447091,0.39707571,True
13,5,6,F8,0.04370783,0.03741162,0.07127655,0.375,0.375,"[5, 3]",0.625,False,0.4739016,0.08447091,0.39707571,True
13,5,7,FCz,0.08352789,0.08352789,0.08911619,0.375,0.375,"[5, 3]",0.625,False,0.4739016,0.08447091,0.39707571,True
13,5,8,FC3,0.02154928,-0.01892899,0.02861877,0.375,0.375,"[5, 3]",0.625,False,0.4739016,0.08447091,0.39707571,True
13,5,9,FC4,0.08178332,-0.08178332,0.08435421,0.375,0.375,"[5, 3]",0.625,False,0.4739016,0.08447091,0.39707571,True
13,5,10,FT7,0.0727234,-0.0404789,0.08123489,0.375,0.375,"[5, 3]",0.625,False,0.4739016,0.08447091,0.39707571,True
13,5,11,FT8,0.08913488,0.03991218,0.10927701,0.375,0.375,"[5, 3]",0.625,False,0.4739016,0.08447091,0.39707571,True
13,5,12,Cz,0.04249629,0.04249629,0.05613089,0.375,0.375,"[5, 3]",0.625,False,0.4739016,0.08447091,0.39707571,True
13,5,13,C3,0.12682608,0.05845696,0.13189974,0.375,0.375,"[5, 3]",0.625,False,0.4739016,0.08447091,0.39707571,True
13,5,14,C4,0.10809746,-0.10809746,0.11922094,0.375,0.375,"[5, 3]",0.625,False,0.4739016,0.08447091,0.39707571,True
13,5,15,T3,0.1157876,0.1157876,0.12220858,0.375,0.375,"[5, 3]",0.625,False,0.4739016,0.08447091,0.39707571,True
13,5,16,T4,0.12459469,0.03263742,0.14586219,0.375,0.375,"[5, 3]",0.625,False,0.4739016,0.08447091,0.39707571,True
13,5,17,CP3,0.08610615,0.01060433,0.10640883,0.375,0.375,"[5, 3]",0.625,False,0.4739016,0.08447091,0.39707571,True
13,5,18,CP4,0.09430379,-0.00534023,0.12789056,0.375,0.375,"[5, 3]",0.625,False,0.4739016,0.08447091,0.39707571,True
13,5,19,TP7,0.11177064,-0.00810803,0.11712898,0.375,0.375,"[5, 3]",0.625,False,0.4739016,0.08447091,0.39707571,True
13,5,20,TP8,0.10253003,-0.06182738,0.12121184,0.375,0.375,"[5, 3]",0.625,False,0.4739016,0.08447091,0.39707571,True
13,5,21,Pz,0.15470213,-0.01308177,0.16266483,0.375,0.375,"[5, 3]",0.625,False,0.4739016,0.08447091,0.39707571,True
13,5,22,P3,0.10815993,0.10815993,0.12142951,0.375,0.375,"[5, 3]",0.625,False,0.4739016,0.08447091,0.39707571,True
13,5,23,P4,0.12508713,-0.12508713,0.14767574,0.375,0.375,"[5, 3]",0.625,False,0.4739016,0.08447091,0.39707571,True
13,5,24,T5,0.12977566,0.08759634,0.1386411,0.375,0.375,"[5, 3]",0.625,False,0.4739016,0.08447091,0.39707571,True
13,5,25,T6,0.07896195,-0.06838207,0.10369162,0.375,0.375,"[5, 3]",0.625,False,0.4739016,0.08447091,0.39707571,True
13,5,26,Oz,0.09947045,0.050219,0.1120334,0.375,0.375,"[5, 3]",0.625,False,0.4739016,0.08447091,0.39707571,True
13,5,27,O1,0.11748308,0.07609695,0.14082141,0.375,0.375,"[5, 3]",0.625,False,0.4739016,0.08447091,0.39707571,True
13,5,28,O2,0.17775112,0.00043665,0.18294461,0.375,0.375,"[5, 3]",0.625,False,0.4739016,0.08447091,0.39707571,True
14,1,0,Fp1,0.11126397,-0.10797987,0.13003199,0.625,0.625,"[3, 5]",0.625,False,0.20226689,0.0499213,0.16947667,True
14,1,1,Fp2,0.07150868,0.04009188,0.09424174,0.625,0.625,"[3, 5]",0.625,False,0.20226689,0.0499213,0.16947667,True
14,1,2,Fz,0.09749913,-0.0889875,0.10898436,0.625,0.625,"[3, 5]",0.625,False,0.20226689,0.0499213,0.16947667,True
14,1,3,F3,0.09244574,0.03633656,0.09844301,0.625,0.625,"[3, 5]",0.625,False,0.20226689,0.0499213,0.16947667,True
14,1,4,F4,0.10871951,0.01431292,0.12081612,0.625,0.625,"[3, 5]",0.625,False,0.20226689,0.0499213,0.16947667,True
14,1,5,F7,0.09579115,0.08171503,0.10418227,0.625,0.625,"[3, 5]",0.625,False,0.20226689,0.0499213,0.16947667,True
14,1,6,F8,0.06956358,-0.03127939,0.07475337,0.625,0.625,"[3, 5]",0.625,False,0.20226689,0.0499213,0.16947667,True
14,1,7,FCz,0.10351105,0.10351105,0.11519161,0.625,0.625,"[3, 5]",0.625,False,0.20226689,0.0499213,0.16947667,True
14,1,8,FC3,0.02704955,0.0207943,0.04110366,0.625,0.625,"[3, 5]",0.625,False,0.20226689,0.0499213,0.16947667,True
14,1,9,FC4,0.06159621,-0.06159621,0.07825457,0.625,0.625,"[3, 5]",0.625,False,0.20226689,0.0499213,0.16947667,True
14,1,10,FT7,0.08249474,-0.05621128,0.09252179,0.625,0.625,"[3, 5]",0.625,False,0.20226689,0.0499213,0.16947667,True
14,1,11,FT8,0.09299918,0.00133016,0.1046894,0.625,0.625,"[3, 5]",0.625,False,0.20226689,0.0499213,0.16947667,True
14,1,12,Cz,0.09185694,0.08187248,0.1073138,0.625,0.625,"[3, 5]",0.625,False,0.20226689,0.0499213,0.16947667,True
14,1,13,C3,0.10634798,0.06595467,0.10983422,0.625,0.625,"[3, 5]",0.625,False,0.20226689,0.0499213,0.16947667,True
14,1,14,C4,0.08411354,-0.07584964,0.10296162,0.625,0.625,"[3, 5]",0.625,False,0.20226689,0.0499213,0.16947667,True
14,1,15,T3,0.11609832,0.11609832,0.11846458,0.625,0.625,"[3, 5]",0.625,False,0.20226689,0.0499213,0.16947667,True
14,1,16,T4,0.11729684,0.03257333,0.13137121,0.625,0.625,"[3, 5]",0.625,False,0.20226689,0.0499213,0.16947667,True
14,1,17,CP3,0.12559357,0.02641675,0.14625636,0.625,0.625,"[3, 5]",0.625,False,0.20226689,0.0499213,0.16947667,True
14,1,18,CP4,0.10840237,0.03764988,0.12804386,0.625,0.625,"[3, 5]",0.625,False,0.20226689,0.0499213,0.16947667,True
14,1,19,TP7,0.08029009,-0.04663979,0.10055786,0.625,0.625,"[3, 5]",0.625,False,0.20226689,0.0499213,0.16947667,True
14,1,20,TP8,0.09408419,-0.06089824,0.1153386,0.625,0.625,"[3, 5]",0.625,False,0.20226689,0.0499213,0.16947667,True
14,1,21,Pz,0.14464392,0.00806228,0.14538719,0.625,0.625,"[3, 5]",0.625,False,0.20226689,0.0499213,0.16947667,True
14,1,22,P3,0.10383505,0.10383505,0.11200429,0.625,0.625,"[3, 5]",0.625,False,0.20226689,0.0499213,0.16947667,True
14,1,23,P4,0.09633029,-0.08634286,0.10747542,0.625,0.625,"[3, 5]",0.625,False,0.20226689,0.0499213,0.16947667,True
14,1,24,T5,0.11001598,0.07241742,0.12367021,0.625,0.625,"[3, 5]",0.625,False,0.20226689,0.0499213,0.16947667,True
14,1,25,T6,0.07384036,-0.05272335,0.08241913,0.625,0.625,"[3, 5]",0.625,False,0.20226689,0.0499213,0.16947667,True
14,1,26,Oz,0.08203005,0.05305125,0.08815163,0.625,0.625,"[3, 5]",0.625,False,0.20226689,0.0499213,0.16947667,True
14,1,27,O1,0.12780543,0.0517657,0.13226843,0.625,0.625,"[3, 5]",0.625,False,0.20226689,0.0499213,0.16947667,True
14,1,28,O2,0.13033991,-0.0133932,0.1315271,0.625,0.625,"[3, 5]",0.625,False,0.20226689,0.0499213,0.16947667,True
14,2,0,Fp1,0.10616153,-0.10081671,0.12211492,0.875,0.875,"[3, 5]",0.625,False,0.13388603,0.03331714,0.11218128,True
14,2,1,Fp2,0.07547737,0.04992123,0.0912443,0.875,0.875,"[3, 5]",0.625,False,0.13388603,0.03331714,0.11218128,True
14,2,2,Fz,0.10028516,-0.09220318,0.11204433,0.875,0.875,"[3, 5]",0.625,False,0.13388603,0.03331714,0.11218128,True
14,2,3,F3,0.09582704,0.0346826,0.10120143,0.875,0.875,"[3, 5]",0.625,False,0.13388603,0.03331714,0.11218128,True
14,2,4,F4,0.10110207,0.00784723,0.11585265,0.875,0.875,"[3, 5]",0.625,False,0.13388603,0.03331714,0.11218128,True
14,2,5,F7,0.09257542,0.08752561,0.10518707,0.875,0.875,"[3, 5]",0.625,False,0.13388603,0.03331714,0.11218128,True
14,2,6,F8,0.08250276,-0.03467461,0.08476748,0.875,0.875,"[3, 5]",0.625,False,0.13388603,0.03331714,0.11218128,True
14,2,7,FCz,0.10303171,0.10303171,0.11823624,0.875,0.875,"[3, 5]",0.625,False,0.13388603,0.03331714,0.11218128,True
14,2,8,FC3,0.03079852,0.01980019,0.04551049,0.875,0.875,"[3, 5]",0.625,False,0.13388603,0.03331714,0.11218128,True
14,2,9,FC4,0.06979252,-0.06979252,0.08871447,0.875,0.875,"[3, 5]",0.625,False,0.13388603,0.03331714,0.11218128,True
14,2,10,FT7,0.08997416,-0.05830204,0.10149772,0.875,0.875,"[3, 5]",0.625,False,0.13388603,0.03331714,0.11218128,True
14,2,11,FT8,0.08619326,0.00463743,0.0991264,0.875,0.875,"[3, 5]",0.625,False,0.13388603,0.03331714,0.11218128,True
14,2,12,Cz,0.08089277,0.08022037,0.09667547,0.875,0.875,"[3, 5]",0.625,False,0.13388603,0.03331714,0.11218128,True
14,2,13,C3,0.11486675,0.08083897,0.11948414,0.875,0.875,"[3, 5]",0.625,False,0.13388603,0.03331714,0.11218128,True
14,2,14,C4,0.08617369,-0.08617369,0.10688787,0.875,0.875,"[3, 5]",0.625,False,0.13388603,0.03331714,0.11218128,True
14,2,15,T3,0.12015685,0.12015685,0.12337361,0.875,0.875,"[3, 5]",0.625,False,0.13388603,0.03331714,0.11218128,True
14,2,16,T4,0.11824489,0.02406903,0.13357311,0.875,0.875,"[3, 5]",0.625,False,0.13388603,0.03331714,0.11218128,True
14,2,17,CP3,0.12528995,0.03289553,0.141077,0.875,0.875,"[3, 5]",0.625,False,0.13388603,0.03331714,0.11218128,True
14,2,18,CP4,0.10969979,0.03572182,0.12879637,0.875,0.875,"[3, 5]",0.625,False,0.13388603,0.03331714,0.11218128,True
14,2,19,TP7,0.08748434,-0.02715296,0.0990141,0.875,0.875,"[3, 5]",0.625,False,0.13388603,0.03331714,0.11218128,True
14,2,20,TP8,0.09613587,-0.05965116,0.11446769,0.875,0.875,"[3, 5]",0.625,False,0.13388603,0.03331714,0.11218128,True
14,2,21,Pz,0.147331,0.0127988,0.14802572,0.875,0.875,"[3, 5]",0.625,False,0.13388603,0.03331714,0.11218128,True
14,2,22,P3,0.10548733,0.10548733,0.11866906,0.875,0.875,"[3, 5]",0.625,False,0.13388603,0.03331714,0.11218128,True
14,2,23,P4,0.10140298,-0.09074361,0.11291915,0.875,0.875,"[3, 5]",0.625,False,0.13388603,0.03331714,0.11218128,True
14,2,24,T5,0.10015607,0.0617305,0.10863367,0.875,0.875,"[3, 5]",0.625,False,0.13388603,0.03331714,0.11218128,True
14,2,25,T6,0.07395036,-0.05475249,0.085295,0.875,0.875,"[3, 5]",0.625,False,0.13388603,0.03331714,0.11218128,True
14,2,26,Oz,0.07628763,0.04356097,0.0806972,0.875,0.875,"[3, 5]",0.625,False,0.13388603,0.03331714,0.11218128,True
14,2,27,O1,0.12061194,0.04622282,0.12732698,0.875,0.875,"[3, 5]",0.625,False,0.13388603,0.03331714,0.11218128,True
14,2,28,O2,0.13269344,-0.01665529,0.13436539,0.875,0.875,"[3, 5]",0.625,False,0.13388603,0.03331714,0.11218128,True
14,3,0,Fp1,0.09054482,-0.09054482,0.10929018,0.75,0.75,"[4, 4]",0.5,False,0.79879369,0.19171531,0.66929837,True
14,3,1,Fp2,0.06455584,0.00326585,0.07804193,0.75,0.75,"[4, 4]",0.5,False,0.79879369,0.19171531,0.66929837,True
14,3,2,Fz,0.0512064,-0.03757878,0.05611612,0.75,0.75,"[4, 4]",0.5,False,0.79879369,0.19171531,0.66929837,True
14,3,3,F3,0.08677651,-0.00411664,0.10901221,0.75,0.75,"[4, 4]",0.5,False,0.79879369,0.19171531,0.66929837,True
14,3,4,F4,0.11842785,0.0540506,0.13916305,0.75,0.75,"[4, 4]",0.5,False,0.79879369,0.19171531,0.66929837,True
14,3,5,F7,0.09638758,0.09638758,0.10552551,0.75,0.75,"[4, 4]",0.5,False,0.79879369,0.19171531,0.66929837,True
14,3,6,F8,0.02334425,-0.01207027,0.02870713,0.75,0.75,"[4, 4]",0.5,False,0.79879369,0.19171531,0.66929837,True
14,3,7,FCz,0.09013352,0.09013352,0.09517367,0.75,0.75,"[4, 4]",0.5,False,0.79879369,0.19171531,0.66929837,True
14,3,8,FC3,0.08403183,0.05127515,0.09904813,0.75,0.75,"[4, 4]",0.5,False,0.79879369,0.19171531,0.66929837,True
14,3,9,FC4,0.11016717,-0.11016717,0.1115949,0.75,0.75,"[4, 4]",0.5,False,0.79879369,0.19171531,0.66929837,True
14,3,10,FT7,0.04485946,-0.04279217,0.0626666,0.75,0.75,"[4, 4]",0.5,False,0.79879369,0.19171531,0.66929837,True
14,3,11,FT8,0.09807818,-0.03796373,0.11032226,0.75,0.75,"[4, 4]",0.5,False,0.79879369,0.19171531,0.66929837,True
14,3,12,Cz,0.10050572,0.07795607,0.1187511,0.75,0.75,"[4, 4]",0.5,False,0.79879369,0.19171531,0.66929837,True
14,3,13,C3,0.09762931,-0.00230036,0.11245082,0.75,0.75,"[4, 4]",0.5,False,0.79879369,0.19171531,0.66929837,True
14,3,14,C4,0.11242715,-0.10557424,0.126386,0.75,0.75,"[4, 4]",0.5,False,0.79879369,0.19171531,0.66929837,True
14,3,15,T3,0.05865888,0.05865888,0.06365825,0.75,0.75,"[4, 4]",0.5,False,0.79879369,0.19171531,0.66929837,True
14,3,16,T4,0.13304959,0.11696919,0.17020087,0.75,0.75,"[4, 4]",0.5,False,0.79879369,0.19171531,0.66929837,True
14,3,17,CP3,0.13122809,0.00077664,0.14274535,0.75,0.75,"[4, 4]",0.5,False,0.79879369,0.19171531,0.66929837,True
14,3,18,CP4,0.12299091,0.11130866,0.17299768,0.75,0.75,"[4, 4]",0.5,False,0.79879369,0.19171531,0.66929837,True
14,3,19,TP7,0.10590902,-0.10590902,0.13129362,0.75,0.75,"[4, 4]",0.5,False,0.79879369,0.19171531,0.66929837,True
14,3,20,TP8,0.0942817,-0.0942817,0.11951566,0.75,0.75,"[4, 4]",0.5,False,0.79879369,0.19171531,0.66929837,True
14,3,21,Pz,0.15167494,0.05204956,0.17410199,0.75,0.75,"[4, 4]",0.5,False,0.79879369,0.19171531,0.66929837,True
14,3,22,P3,0.09510773,0.09510773,0.10905483,0.75,0.75,"[4, 4]",0.5,False,0.79879369,0.19171531,0.66929837,True
14,3,23,P4,0.06314004,0.02819034,0.08736942,0.75,0.75,"[4, 4]",0.5,False,0.79879369,0.19171531,0.66929837,True
14,3,24,T5,0.10855421,0.10855421,0.13136199,0.75,0.75,"[4, 4]",0.5,False,0.79879369,0.19171531,0.66929837,True
14,3,25,T6,0.05563474,-0.05563474,0.05807741,0.75,0.75,"[4, 4]",0.5,False,0.79879369,0.19171531,0.66929837,True
14,3,26,Oz,0.0663898,0.0109371,0.07472546,0.75,0.75,"[4, 4]",0.5,False,0.79879369,0.19171531,0.66929837,True
14,3,27,O1,0.11002085,0.02483074,0.11811998,0.75,0.75,"[4, 4]",0.5,False,0.79879369,0.19171531,0.66929837,True
14,3,28,O2,0.05980708,-0.00358812,0.07765555,0.75,0.75,"[4, 4]",0.5,False,0.79879369,0.19171531,0.66929837,True
14,4,0,Fp1,0.11910172,-0.11910172,0.14088413,0.5,0.5,"[6, 2]",0.75,False,0.46444543,0.1100878,0.38915251,True
14,4,1,Fp2,0.06694864,0.01948955,0.07528379,0.5,0.5,"[6, 2]",0.75,False,0.46444543,0.1100878,0.38915251,True
14,4,2,Fz,0.07376574,-0.04827438,0.07624254,0.5,0.5,"[6, 2]",0.75,False,0.46444543,0.1100878,0.38915251,True
14,4,3,F3,0.10075475,0.03875346,0.10471138,0.5,0.5,"[6, 2]",0.75,False,0.46444543,0.1100878,0.38915251,True
14,4,4,F4,0.08346781,0.00218673,0.09689467,0.5,0.5,"[6, 2]",0.75,False,0.46444543,0.1100878,0.38915251,True
14,4,5,F7,0.13167143,0.11808313,0.14501084,0.5,0.5,"[6, 2]",0.75,False,0.46444543,0.1100878,0.38915251,True
14,4,6,F8,0.06178434,-0.02369443,0.06830522,0.5,0.5,"[6, 2]",0.75,False,0.46444543,0.1100878,0.38915251,True
14,4,7,FCz,0.11823163,0.11823163,0.1242602,0.5,0.5,"[6, 2]",0.75,False,0.46444543,0.1100878,0.38915251,True
14,4,8,FC3,0.05173213,0.02148128,0.05968216,0.5,0.5,"[6, 2]",0.75,False,0.46444543,0.1100878,0.38915251,True
14,4,9,FC4,0.07992442,-0.07562682,0.10377055,0.5,0.5,"[6, 2]",0.75,False,0.46444543,0.1100878,0.38915251,True
14,4,10,FT7,0.0660281,-0.00184346,0.08260095,0.5,0.5,"[6, 2]",0.75,False,0.46444543,0.1100878,0.38915251,True
14,4,11,FT8,0.08054651,0.00596918,0.10576016,0.5,0.5,"[6, 2]",0.75,False,0.46444543,0.1100878,0.38915251,True
14,4,12,Cz,0.10558798,0.08238734,0.11562011,0.5,0.5,"[6, 2]",0.75,False,0.46444543,0.1100878,0.38915251,True
14,4,13,C3,0.11159849,0.06812185,0.12403268,0.5,0.5,"[6, 2]",0.75,False,0.46444543,0.1100878,0.38915251,True
14,4,14,C4,0.10639051,-0.08454499,0.13716483,0.5,0.5,"[6, 2]",0.75,False,0.46444543,0.1100878,0.38915251,True
14,4,15,T3,0.11902751,0.11902751,0.12312181,0.5,0.5,"[6, 2]",0.75,False,0.46444543,0.1100878,0.38915251,True
14,4,16,T4,0.10870729,0.04511311,0.12065422,0.5,0.5,"[6, 2]",0.75,False,0.46444543,0.1100878,0.38915251,True
14,4,17,CP3,0.12641521,0.00442946,0.14272231,0.5,0.5,"[6, 2]",0.75,False,0.46444543,0.1100878,0.38915251,True
14,4,18,CP4,0.11018908,0.0544185,0.13622972,0.5,0.5,"[6, 2]",0.75,False,0.46444543,0.1100878,0.38915251,True
14,4,19,TP7,0.10225663,-0.06867528,0.13001157,0.5,0.5,"[6, 2]",0.75,False,0.46444543,0.1100878,0.38915251,True
14,4,20,TP8,0.10290134,-0.05424228,0.11881864,0.5,0.5,"[6, 2]",0.75,False,0.46444543,0.1100878,0.38915251,True
14,4,21,Pz,0.11389786,-0.01556488,0.11734766,0.5,0.5,"[6, 2]",0.75,False,0.46444543,0.1100878,0.38915251,True
14,4,22,P3,0.07936887,0.07936887,0.11024464,0.5,0.5,"[6, 2]",0.75,False,0.46444543,0.1100878,0.38915251,True
14,4,23,P4,0.08883151,-0.08742775,0.10221288,0.5,0.5,"[6, 2]",0.75,False,0.46444543,0.1100878,0.38915251,True
14,4,24,T5,0.09527569,0.05071362,0.09924082,0.5,0.5,"[6, 2]",0.75,False,0.46444543,0.1100878,0.38915251,True
14,4,25,T6,0.07379416,-0.0625317,0.08844538,0.5,0.5,"[6, 2]",0.75,False,0.46444543,0.1100878,0.38915251,True
14,4,26,Oz,0.07055415,0.03970717,0.08464562,0.5,0.5,"[6, 2]",0.75,False,0.46444543,0.1100878,0.38915251,True
14,4,27,O1,0.09544119,0.01006377,0.10611895,0.5,0.5,"[6, 2]",0.75,False,0.46444543,0.1100878,0.38915251,True
14,4,28,O2,0.11790011,-0.0075655,0.11890406,0.5,0.5,"[6, 2]",0.75,False,0.46444543,0.1100878,0.38915251,True
14,5,0,Fp1,0.08290531,-0.0702546,0.10878257,0.5,0.5,"[4, 4]",0.5,False,0.781304,0.19819626,0.654644,True
14,5,1,Fp2,0.07106847,0.04420597,0.10112534,0.5,0.5,"[4, 4]",0.5,False,0.781304,0.19819626,0.654644,True
14,5,2,Fz,0.09506547,-0.04845892,0.09612608,0.5,0.5,"[4, 4]",0.5,False,0.781304,0.19819626,0.654644,True
14,5,3,F3,0.14462554,0.03743533,0.15384419,0.5,0.5,"[4, 4]",0.5,False,0.781304,0.19819626,0.654644,True
14,5,4,F4,0.07203542,-0.0069952,0.08917978,0.5,0.5,"[4, 4]",0.5,False,0.781304,0.19819626,0.654644,True
14,5,5,F7,0.07200742,0.06247953,0.07828589,0.5,0.5,"[4, 4]",0.5,False,0.781304,0.19819626,0.654644,True
14,5,6,F8,0.03912202,-0.02395075,0.04446661,0.5,0.5,"[4, 4]",0.5,False,0.781304,0.19819626,0.654644,True
14,5,7,FCz,0.07825536,0.06056308,0.09165008,0.5,0.5,"[4, 4]",0.5,False,0.781304,0.19819626,0.654644,True
14,5,8,FC3,0.09683782,0.05308918,0.11753289,0.5,0.5,"[4, 4]",0.5,False,0.781304,0.19819626,0.654644,True
14,5,9,FC4,0.0846855,-0.0846855,0.10004617,0.5,0.5,"[4, 4]",0.5,False,0.781304,0.19819626,0.654644,True
14,5,10,FT7,0.06461392,-0.06461392,0.08224249,0.5,0.5,"[4, 4]",0.5,False,0.781304,0.19819626,0.654644,True
14,5,11,FT8,0.1260929,-0.02924881,0.14290586,0.5,0.5,"[4, 4]",0.5,False,0.781304,0.19819626,0.654644,True
14,5,12,Cz,0.0824966,0.03593917,0.09658684,0.5,0.5,"[4, 4]",0.5,False,0.781304,0.19819626,0.654644,True
14,5,13,C3,0.16861212,0.09583469,0.1945747,0.5,0.5,"[4, 4]",0.5,False,0.781304,0.19819626,0.654644,True
14,5,14,C4,0.06831977,-0.06831977,0.07845879,0.5,0.5,"[4, 4]",0.5,False,0.781304,0.19819626,0.654644,True
14,5,15,T3,0.07230578,0.06882432,0.08526054,0.5,0.5,"[4, 4]",0.5,False,0.781304,0.19819626,0.654644,True
14,5,16,T4,0.07800671,0.06165734,0.11644127,0.5,0.5,"[4, 4]",0.5,False,0.781304,0.19819626,0.654644,True
14,5,17,CP3,0.15300173,0.02526695,0.1586839,0.5,0.5,"[4, 4]",0.5,False,0.781304,0.19819626,0.654644,True
14,5,18,CP4,0.11109862,0.03707052,0.11871798,0.5,0.5,"[4, 4]",0.5,False,0.781304,0.19819626,0.654644,True
14,5,19,TP7,0.12946591,-0.10872651,0.14922108,0.5,0.5,"[4, 4]",0.5,False,0.781304,0.19819626,0.654644,True
14,5,20,TP8,0.09800212,-0.05791312,0.11814912,0.5,0.5,"[4, 4]",0.5,False,0.781304,0.19819626,0.654644,True
14,5,21,Pz,0.10537453,-0.0147326,0.11235926,0.5,0.5,"[4, 4]",0.5,False,0.781304,0.19819626,0.654644,True
14,5,22,P3,0.07772417,0.0617854,0.09770347,0.5,0.5,"[4, 4]",0.5,False,0.781304,0.19819626,0.654644,True
14,5,23,P4,0.05113491,-0.04875498,0.05792266,0.5,0.5,"[4, 4]",0.5,False,0.781304,0.19819626,0.654644,True
14,5,24,T5,0.12359142,0.11734591,0.14618233,0.5,0.5,"[4, 4]",0.5,False,0.781304,0.19819626,0.654644,True
14,5,25,T6,0.08918507,0.01612917,0.10683914,0.5,0.5,"[4, 4]",0.5,False,0.781304,0.19819626,0.654644,True
14,5,26,Oz,0.12148033,-0.00731966,0.12900437,0.5,0.5,"[4, 4]",0.5,False,0.781304,0.19819626,0.654644,True
14,5,27,O1,0.11310551,0.01251828,0.12918721,0.5,0.5,"[4, 4]",0.5,False,0.781304,0.19819626,0.654644,True
14,5,28,O2,0.11093529,-0.02174309,0.11811153,0.5,0.5,"[4, 4]",0.5,False,0.781304,0.19819626,0.654644,True
15,1,0,Fp1,0.10390066,-0.08862662,0.11630821,0.5,0.5,"[0, 8]",1.0,True,1.2483165,0.31544067,1.04594743,True
15,1,1,Fp2,0.08537218,-0.0486824,0.10586714,0.5,0.5,"[0, 8]",1.0,True,1.2483165,0.31544067,1.04594743,True
15,1,2,Fz,0.0753447,0.05718527,0.08030917,0.5,0.5,"[0, 8]",1.0,True,1.2483165,0.31544067,1.04594743,True
15,1,3,F3,0.12702475,0.01057283,0.1396019,0.5,0.5,"[0, 8]",1.0,True,1.2483165,0.31544067,1.04594743,True
15,1,4,F4,0.10129866,-0.00463352,0.12219901,0.5,0.5,"[0, 8]",1.0,True,1.2483165,0.31544067,1.04594743,True
15,1,5,F7,0.03423792,0.03423792,0.05317664,0.5,0.5,"[0, 8]",1.0,True,1.2483165,0.31544067,1.04594743,True
15,1,6,F8,0.0855663,0.06027649,0.09858845,0.5,0.5,"[0, 8]",1.0,True,1.2483165,0.31544067,1.04594743,True
15,1,7,FCz,0.0633013,-0.0173064,0.07111992,0.5,0.5,"[0, 8]",1.0,True,1.2483165,0.31544067,1.04594743,True
15,1,8,FC3,0.10226029,0.0790519,0.12674482,0.5,0.5,"[0, 8]",1.0,True,1.2483165,0.31544067,1.04594743,True
15,1,9,FC4,0.05126184,0.03044629,0.05610462,0.5,0.5,"[0, 8]",1.0,True,1.2483165,0.31544067,1.04594743,True
15,1,10,FT7,0.0832446,-0.06225735,0.11701143,0.5,0.5,"[0, 8]",1.0,True,1.2483165,0.31544067,1.04594743,True
15,1,11,FT8,0.05469372,0.03638557,0.06662913,0.5,0.5,"[0, 8]",1.0,True,1.2483165,0.31544067,1.04594743,True
15,1,12,Cz,0.09834027,0.09284893,0.11741573,0.5,0.5,"[0, 8]",1.0,True,1.2483165,0.31544067,1.04594743,True
15,1,13,C3,0.17800981,0.05090141,0.1884326,0.5,0.5,"[0, 8]",1.0,True,1.2483165,0.31544067,1.04594743,True
15,1,14,C4,0.11370736,-0.04321952,0.1486114,0.5,0.5,"[0, 8]",1.0,True,1.2483165,0.31544067,1.04594743,True
15,1,15,T3,0.08366986,0.08366986,0.13144226,0.5,0.5,"[0, 8]",1.0,True,1.2483165,0.31544067,1.04594743,True
15,1,16,T4,0.12052876,0.02051254,0.12552874,0.5,0.5,"[0, 8]",1.0,True,1.2483165,0.31544067,1.04594743,True
15,1,17,CP3,0.13805421,-0.03243776,0.15038608,0.5,0.5,"[0, 8]",1.0,True,1.2483165,0.31544067,1.04594743,True
15,1,18,CP4,0.12436527,-0.02920238,0.13650088,0.5,0.5,"[0, 8]",1.0,True,1.2483165,0.31544067,1.04594743,True
15,1,19,TP7,0.04459127,-0.01055824,0.06448354,0.5,0.5,"[0, 8]",1.0,True,1.2483165,0.31544067,1.04594743,True
15,1,20,TP8,0.03719383,-0.03719383,0.0409517,0.5,0.5,"[0, 8]",1.0,True,1.2483165,0.31544067,1.04594743,True
15,1,21,Pz,0.14285763,0.05938388,0.16422044,0.5,0.5,"[0, 8]",1.0,True,1.2483165,0.31544067,1.04594743,True
15,1,22,P3,0.08225422,0.01965137,0.10825431,0.5,0.5,"[0, 8]",1.0,True,1.2483165,0.31544067,1.04594743,True
15,1,23,P4,0.09304237,0.06236187,0.10692729,0.5,0.5,"[0, 8]",1.0,True,1.2483165,0.31544067,1.04594743,True
15,1,24,T5,0.09993204,0.03680743,0.12089399,0.5,0.5,"[0, 8]",1.0,True,1.2483165,0.31544067,1.04594743,True
15,1,25,T6,0.07926557,0.03060236,0.08748609,0.5,0.5,"[0, 8]",1.0,True,1.2483165,0.31544067,1.04594743,True
15,1,26,Oz,0.04987596,0.00498254,0.05344395,0.5,0.5,"[0, 8]",1.0,True,1.2483165,0.31544067,1.04594743,True
15,1,27,O1,0.09847264,-0.09847264,0.10054459,0.5,0.5,"[0, 8]",1.0,True,1.2483165,0.31544067,1.04594743,True
15,1,28,O2,0.07960816,0.02482641,0.09341478,0.5,0.5,"[0, 8]",1.0,True,1.2483165,0.31544067,1.04594743,True
15,2,0,Fp1,0.06599405,0.00159099,0.07201302,0.625,0.625,"[7, 1]",0.875,False,0.99637934,0.21980714,0.83485271,True
15,2,1,Fp2,0.04523947,0.01663709,0.05046579,0.625,0.625,"[7, 1]",0.875,False,0.99637934,0.21980714,0.83485271,True
15,2,2,Fz,0.11095759,-0.08904942,0.15187415,0.625,0.625,"[7, 1]",0.875,False,0.99637934,0.21980714,0.83485271,True
15,2,3,F3,0.1183833,0.03602191,0.12281214,0.625,0.625,"[7, 1]",0.875,False,0.99637934,0.21980714,0.83485271,True
15,2,4,F4,0.09314913,0.05283358,0.12537099,0.625,0.625,"[7, 1]",0.875,False,0.99637934,0.21980714,0.83485271,True
15,2,5,F7,0.09109627,0.08188577,0.10059119,0.625,0.625,"[7, 1]",0.875,False,0.99637934,0.21980714,0.83485271,True
15,2,6,F8,0.05841736,0.05841736,0.05927366,0.625,0.625,"[7, 1]",0.875,False,0.99637934,0.21980714,0.83485271,True
15,2,7,FCz,0.0782045,0.00635627,0.09892594,0.625,0.625,"[7, 1]",0.875,False,0.99637934,0.21980714,0.83485271,True
15,2,8,FC3,0.08059102,0.03234169,0.10813561,0.625,0.625,"[7, 1]",0.875,False,0.99637934,0.21980714,0.83485271,True
15,2,9,FC4,0.05237591,0.02127378,0.06142487,0.625,0.625,"[7, 1]",0.875,False,0.99637934,0.21980714,0.83485271,True
15,2,10,FT7,0.08102272,-0.06110994,0.08901054,0.625,0.625,"[7, 1]",0.875,False,0.99637934,0.21980714,0.83485271,True
15,2,11,FT8,0.03398433,0.01537096,0.03466336,0.625,0.625,"[7, 1]",0.875,False,0.99637934,0.21980714,0.83485271,True
15,2,12,Cz,0.05944575,0.02193963,0.06399865,0.625,0.625,"[7, 1]",0.875,False,0.99637934,0.21980714,0.83485271,True
15,2,13,C3,0.11025573,0.11025573,0.12059229,0.625,0.625,"[7, 1]",0.875,False,0.99637934,0.21980714,0.83485271,True
15,2,14,C4,0.06020613,-0.00346734,0.07225438,0.625,0.625,"[7, 1]",0.875,False,0.99637934,0.21980714,0.83485271,True
15,2,15,T3,0.07503515,0.07503515,0.09443559,0.625,0.625,"[7, 1]",0.875,False,0.99637934,0.21980714,0.83485271,True
15,2,16,T4,0.09913124,-0.0066687,0.12662894,0.625,0.625,"[7, 1]",0.875,False,0.99637934,0.21980714,0.83485271,True
15,2,17,CP3,0.11414652,0.0044705,0.14056912,0.625,0.625,"[7, 1]",0.875,False,0.99637934,0.21980714,0.83485271,True
15,2,18,CP4,0.04354311,0.02240883,0.04683354,0.625,0.625,"[7, 1]",0.875,False,0.99637934,0.21980714,0.83485271,True
15,2,19,TP7,0.04501417,-0.04214992,0.05087972,0.625,0.625,"[7, 1]",0.875,False,0.99637934,0.21980714,0.83485271,True
15,2,20,TP8,0.1393297,-0.08807068,0.16405936,0.625,0.625,"[7, 1]",0.875,False,0.99637934,0.21980714,0.83485271,True
15,2,21,Pz,0.18822005,0.0088069,0.19151014,0.625,0.625,"[7, 1]",0.875,False,0.99637934,0.21980714,0.83485271,True
15,2,22,P3,0.10941746,0.0775342,0.1245224,0.625,0.625,"[7, 1]",0.875,False,0.99637934,0.21980714,0.83485271,True
15,2,23,P4,0.08656012,-0.05977858,0.09393182,0.625,0.625,"[7, 1]",0.875,False,0.99637934,0.21980714,0.83485271,True
15,2,24,T5,0.16900526,0.07160583,0.17433813,0.625,0.625,"[7, 1]",0.875,False,0.99637934,0.21980714,0.83485271,True
15,2,25,T6,0.08067647,-0.03602289,0.09228014,0.625,0.625,"[7, 1]",0.875,False,0.99637934,0.21980714,0.83485271,True
15,2,26,Oz,0.10692241,-0.04502992,0.13376214,0.625,0.625,"[7, 1]",0.875,False,0.99637934,0.21980714,0.83485271,True
15,2,27,O1,0.09818769,0.02048686,0.11527202,0.625,0.625,"[7, 1]",0.875,False,0.99637934,0.21980714,0.83485271,True
15,2,28,O2,0.15462571,-0.03280484,0.16364035,0.625,0.625,"[7, 1]",0.875,False,0.99637934,0.21980714,0.83485271,True
15,3,0,Fp1,0.0915782,-0.0915782,0.09558628,0.625,0.625,"[7, 1]",0.875,False,0.98919953,0.25158457,0.82883684,True
15,3,1,Fp2,0.0777133,-0.0030035,0.08721101,0.625,0.625,"[7, 1]",0.875,False,0.98919953,0.25158457,0.82883684,True
15,3,2,Fz,0.05563259,-0.01559755,0.07279851,0.625,0.625,"[7, 1]",0.875,False,0.98919953,0.25158457,0.82883684,True
15,3,3,F3,0.13628924,-0.00368598,0.16447677,0.625,0.625,"[7, 1]",0.875,False,0.98919953,0.25158457,0.82883684,True
15,3,4,F4,0.08745877,0.0369231,0.09095386,0.625,0.625,"[7, 1]",0.875,False,0.98919953,0.25158457,0.82883684,True
15,3,5,F7,0.04841337,0.03239528,0.06041389,0.625,0.625,"[7, 1]",0.875,False,0.98919953,0.25158457,0.82883684,True
15,3,6,F8,0.02147963,-0.01089168,0.02444852,0.625,0.625,"[7, 1]",0.875,False,0.98919953,0.25158457,0.82883684,True
15,3,7,FCz,0.08665436,0.03614068,0.11869472,0.625,0.625,"[7, 1]",0.875,False,0.98919953,0.25158457,0.82883684,True
15,3,8,FC3,0.12120365,0.04907319,0.13670677,0.625,0.625,"[7, 1]",0.875,False,0.98919953,0.25158457,0.82883684,True
15,3,9,FC4,0.08600376,-0.00711604,0.10408299,0.625,0.625,"[7, 1]",0.875,False,0.98919953,0.25158457,0.82883684,True
15,3,10,FT7,0.13390674,-0.0240605,0.15642735,0.625,0.625,"[7, 1]",0.875,False,0.98919953,0.25158457,0.82883684,True
15,3,11,FT8,0.0826588,0.02311224,0.0886758,0.625,0.625,"[7, 1]",0.875,False,0.98919953,0.25158457,0.82883684,True
15,3,12,Cz,0.06875028,0.0682045,0.09452804,0.625,0.625,"[7, 1]",0.875,False,0.98919953,0.25158457,0.82883684,True
15,3,13,C3,0.1130366,0.09317532,0.13053554,0.625,0.625,"[7, 1]",0.875,False,0.98919953,0.25158457,0.82883684,True
15,3,14,C4,0.098193,-0.06788757,0.10494138,0.625,0.625,"[7, 1]",0.875,False,0.98919953,0.25158457,0.82883684,True
15,3,15,T3,0.09897331,0.04651203,0.1186083,0.625,0.625,"[7, 1]",0.875,False,0.98919953,0.25158457,0.82883684,True
15,3,16,T4,0.10827325,0.03406907,0.11745907,0.625,0.625,"[7, 1]",0.875,False,0.98919953,0.25158457,0.82883684,True
15,3,17,CP3,0.1239364,-0.00529876,0.13207552,0.625,0.625,"[7, 1]",0.875,False,0.98919953,0.25158457,0.82883684,True
15,3,18,CP4,0.08252847,0.03740625,0.09565689,0.625,0.625,"[7, 1]",0.875,False,0.98919953,0.25158457,0.82883684,True
15,3,19,TP7,0.04090123,-0.00507733,0.05145051,0.625,0.625,"[7, 1]",0.875,False,0.98919953,0.25158457,0.82883684,True
15,3,20,TP8,0.07879707,-0.03610189,0.09155396,0.625,0.625,"[7, 1]",0.875,False,0.98919953,0.25158457,0.82883684,True
15,3,21,Pz,0.17922406,0.03263833,0.18693432,0.625,0.625,"[7, 1]",0.875,False,0.98919953,0.25158457,0.82883684,True
15,3,22,P3,0.07686118,0.05975291,0.08632448,0.625,0.625,"[7, 1]",0.875,False,0.98919953,0.25158457,0.82883684,True
15,3,23,P4,0.08789954,-0.0243337,0.09103495,0.625,0.625,"[7, 1]",0.875,False,0.98919953,0.25158457,0.82883684,True
15,3,24,T5,0.10369723,0.09204779,0.12328005,0.625,0.625,"[7, 1]",0.875,False,0.98919953,0.25158457,0.82883684,True
15,3,25,T6,0.08529694,0.00015922,0.09249958,0.625,0.625,"[7, 1]",0.875,False,0.98919953,0.25158457,0.82883684,True
15,3,26,Oz,0.07609518,-0.03070316,0.09130178,0.625,0.625,"[7, 1]",0.875,False,0.98919953,0.25158457,0.82883684,True
15,3,27,O1,0.04594095,-0.04594095,0.05845699,0.625,0.625,"[7, 1]",0.875,False,0.98919953,0.25158457,0.82883684,True
15,3,28,O2,0.15127,-0.07328159,0.17039175,0.625,0.625,"[7, 1]",0.875,False,0.98919953,0.25158457,0.82883684,True
15,4,0,Fp1,0.17259067,-0.17259067,0.18723492,0.5,0.5,"[4, 4]",0.5,False,0.76440267,0.17794099,0.64048261,True
15,4,1,Fp2,0.03363297,-0.0159258,0.03990105,0.5,0.5,"[4, 4]",0.5,False,0.76440267,0.17794099,0.64048261,True
15,4,2,Fz,0.12944721,-0.12944721,0.14188989,0.5,0.5,"[4, 4]",0.5,False,0.76440267,0.17794099,0.64048261,True
15,4,3,F3,0.14897478,0.05236822,0.15430531,0.5,0.5,"[4, 4]",0.5,False,0.76440267,0.17794099,0.64048261,True
15,4,4,F4,0.06264582,-0.01302306,0.08277964,0.5,0.5,"[4, 4]",0.5,False,0.76440267,0.17794099,0.64048261,True
15,4,5,F7,0.09897742,0.07283363,0.10321216,0.5,0.5,"[4, 4]",0.5,False,0.76440267,0.17794099,0.64048261,True
15,4,6,F8,0.04430438,0.04430438,0.04854903,0.5,0.5,"[4, 4]",0.5,False,0.76440267,0.17794099,0.64048261,True
15,4,7,FCz,0.09828487,0.09828487,0.10670518,0.5,0.5,"[4, 4]",0.5,False,0.76440267,0.17794099,0.64048261,True
15,4,8,FC3,0.06637623,-0.00445278,0.06744589,0.5,0.5,"[4, 4]",0.5,False,0.76440267,0.17794099,0.64048261,True
15,4,9,FC4,0.05158927,-0.01211063,0.05756762,0.5,0.5,"[4, 4]",0.5,False,0.76440267,0.17794099,0.64048261,True
15,4,10,FT7,0.08613423,-0.08613423,0.09182224,0.5,0.5,"[4, 4]",0.5,False,0.76440267,0.17794099,0.64048261,True
15,4,11,FT8,0.06804532,0.05681332,0.08392026,0.5,0.5,"[4, 4]",0.5,False,0.76440267,0.17794099,0.64048261,True
15,4,12,Cz,0.07393831,0.07393831,0.0772576,0.5,0.5,"[4, 4]",0.5,False,0.76440267,0.17794099,0.64048261,True
15,4,13,C3,0.15163931,0.14269494,0.17207688,0.5,0.5,"[4, 4]",0.5,False,0.76440267,0.17794099,0.64048261,True
15,4,14,C4,0.09448221,-0.09391451,0.13233647,0.5,0.5,"[4, 4]",0.5,False,0.76440267,0.17794099,0.64048261,True
15,4,15,T3,0.09724667,0.09724667,0.13378637,0.5,0.5,"[4, 4]",0.5,False,0.76440267,0.17794099,0.64048261,True
15,4,16,T4,0.09134583,0.01189942,0.12429788,0.5,0.5,"[4, 4]",0.5,False,0.76440267,0.17794099,0.64048261,True
15,4,17,CP3,0.06562422,-0.03054274,0.09779421,0.5,0.5,"[4, 4]",0.5,False,0.76440267,0.17794099,0.64048261,True
15,4,18,CP4,0.05093576,0.00289662,0.05636535,0.5,0.5,"[4, 4]",0.5,False,0.76440267,0.17794099,0.64048261,True
15,4,19,TP7,0.07773764,-0.06668285,0.1024689,0.5,0.5,"[4, 4]",0.5,False,0.76440267,0.17794099,0.64048261,True
15,4,20,TP8,0.09627912,-0.06805062,0.11447176,0.5,0.5,"[4, 4]",0.5,False,0.76440267,0.17794099,0.64048261,True
15,4,21,Pz,0.13582179,0.02376734,0.15388526,0.5,0.5,"[4, 4]",0.5,False,0.76440267,0.17794099,0.64048261,True
15,4,22,P3,0.07423586,0.07244819,0.09205768,0.5,0.5,"[4, 4]",0.5,False,0.76440267,0.17794099,0.64048261,True
15,4,23,P4,0.06054739,-0.00426615,0.06595671,0.5,0.5,"[4, 4]",0.5,False,0.76440267,0.17794099,0.64048261,True
15,4,24,T5,0.16608031,0.15160112,0.19303626,0.5,0.5,"[4, 4]",0.5,False,0.76440267,0.17794099,0.64048261,True
15,4,25,T6,0.06306702,-0.05969069,0.0817192,0.5,0.5,"[4, 4]",0.5,False,0.76440267,0.17794099,0.64048261,True
15,4,26,Oz,0.07299061,0.0343245,0.07405413,0.5,0.5,"[4, 4]",0.5,False,0.76440267,0.17794099,0.64048261,True
15,4,27,O1,0.05318079,0.03091548,0.06521264,0.5,0.5,"[4, 4]",0.5,False,0.76440267,0.17794099,0.64048261,True
15,4,28,O2,0.09047189,0.05617419,0.10912494,0.5,0.5,"[4, 4]",0.5,False,0.76440267,0.17794099,0.64048261,True
15,5,0,Fp1,0.10527909,-0.09693548,0.1211599,0.25,0.25,"[2, 6]",0.75,False,0.09644591,0.02077611,0.08081072,True
15,5,1,Fp2,0.08044283,0.06420156,0.09592643,0.25,0.25,"[2, 6]",0.75,False,0.09644591,0.02077611,0.08081072,True
15,5,2,Fz,0.10225135,-0.10225135,0.11635926,0.25,0.25,"[2, 6]",0.75,False,0.09644591,0.02077611,0.08081072,True
15,5,3,F3,0.09401392,0.03171005,0.09964395,0.25,0.25,"[2, 6]",0.75,False,0.09644591,0.02077611,0.08081072,True
15,5,4,F4,0.09639609,0.01407813,0.10563169,0.25,0.25,"[2, 6]",0.75,False,0.09644591,0.02077611,0.08081072,True
15,5,5,F7,0.07886695,0.07303607,0.09024428,0.25,0.25,"[2, 6]",0.75,False,0.09644591,0.02077611,0.08081072,True
15,5,6,F8,0.07059041,-0.02628622,0.07209065,0.25,0.25,"[2, 6]",0.75,False,0.09644591,0.02077611,0.08081072,True
15,5,7,FCz,0.09845611,0.09845611,0.1157359,0.25,0.25,"[2, 6]",0.75,False,0.09644591,0.02077611,0.08081072,True
15,5,8,FC3,0.03081916,-0.00038338,0.03681125,0.25,0.25,"[2, 6]",0.75,False,0.09644591,0.02077611,0.08081072,True
15,5,9,FC4,0.05831522,-0.05831522,0.07810262,0.25,0.25,"[2, 6]",0.75,False,0.09644591,0.02077611,0.08081072,True
15,5,10,FT7,0.0909551,-0.06013309,0.10516143,0.25,0.25,"[2, 6]",0.75,False,0.09644591,0.02077611,0.08081072,True
15,5,11,FT8,0.08399083,-0.00018344,0.10297684,0.25,0.25,"[2, 6]",0.75,False,0.09644591,0.02077611,0.08081072,True
15,5,12,Cz,0.07374143,0.07374143,0.08750655,0.25,0.25,"[2, 6]",0.75,False,0.09644591,0.02077611,0.08081072,True
15,5,13,C3,0.11466053,0.07660219,0.11824211,0.25,0.25,"[2, 6]",0.75,False,0.09644591,0.02077611,0.08081072,True
15,5,14,C4,0.09357926,-0.07983619,0.10460721,0.25,0.25,"[2, 6]",0.75,False,0.09644591,0.02077611,0.08081072,True
15,5,15,T3,0.12519804,0.12519804,0.13134629,0.25,0.25,"[2, 6]",0.75,False,0.09644591,0.02077611,0.08081072,True
15,5,16,T4,0.11842512,0.01670467,0.1337028,0.25,0.25,"[2, 6]",0.75,False,0.09644591,0.02077611,0.08081072,True
15,5,17,CP3,0.11690082,0.02703757,0.13696182,0.25,0.25,"[2, 6]",0.75,False,0.09644591,0.02077611,0.08081072,True
15,5,18,CP4,0.11389787,0.03821283,0.13010234,0.25,0.25,"[2, 6]",0.75,False,0.09644591,0.02077611,0.08081072,True
15,5,19,TP7,0.08788025,-0.02547516,0.09816114,0.25,0.25,"[2, 6]",0.75,False,0.09644591,0.02077611,0.08081072,True
15,5,20,TP8,0.08941306,-0.06235583,0.10971025,0.25,0.25,"[2, 6]",0.75,False,0.09644591,0.02077611,0.08081072,True
15,5,21,Pz,0.15660906,0.01391586,0.15723242,0.25,0.25,"[2, 6]",0.75,False,0.09644591,0.02077611,0.08081072,True
15,5,22,P3,0.10894092,0.10894092,0.12032755,0.25,0.25,"[2, 6]",0.75,False,0.09644591,0.02077611,0.08081072,True
15,5,23,P4,0.10260123,-0.08872691,0.11378571,0.25,0.25,"[2, 6]",0.75,False,0.09644591,0.02077611,0.08081072,True
15,5,24,T5,0.10782676,0.07897614,0.1191352,0.25,0.25,"[2, 6]",0.75,False,0.09644591,0.02077611,0.08081072,True
15,5,25,T6,0.07690625,-0.05081531,0.08810444,0.25,0.25,"[2, 6]",0.75,False,0.09644591,0.02077611,0.08081072,True
15,5,26,Oz,0.08078311,0.03952995,0.08411475,0.25,0.25,"[2, 6]",0.75,False,0.09644591,0.02077611,0.08081072,True
15,5,27,O1,0.12030371,0.05734956,0.12704076,0.25,0.25,"[2, 6]",0.75,False,0.09644591,0.02077611,0.08081072,True
15,5,28,O2,0.13977812,-0.02541448,0.14287668,0.25,0.25,"[2, 6]",0.75,False,0.09644591,0.02077611,0.08081072,True
16,1,0,Fp1,0.10961352,-0.09471539,0.12179471,0.5,0.5,"[0, 8]",1.0,True,0.01165027,0.0021282,0.0097616,True
16,1,1,Fp2,0.07769068,0.06155353,0.095443,0.5,0.5,"[0, 8]",1.0,True,0.01165027,0.0021282,0.0097616,True
16,1,2,Fz,0.10381253,-0.09797467,0.11721224,0.5,0.5,"[0, 8]",1.0,True,0.01165027,0.0021282,0.0097616,True
16,1,3,F3,0.08747937,0.02752384,0.09468219,0.5,0.5,"[0, 8]",1.0,True,0.01165027,0.0021282,0.0097616,True
16,1,4,F4,0.09671478,0.01197963,0.10718652,0.5,0.5,"[0, 8]",1.0,True,0.01165027,0.0021282,0.0097616,True
16,1,5,F7,0.08421501,0.08264831,0.0983739,0.5,0.5,"[0, 8]",1.0,True,0.01165027,0.0021282,0.0097616,True
16,1,6,F8,0.0771614,-0.02956147,0.07809427,0.5,0.5,"[0, 8]",1.0,True,0.01165027,0.0021282,0.0097616,True
16,1,7,FCz,0.09894521,0.09894521,0.11454938,0.5,0.5,"[0, 8]",1.0,True,0.01165027,0.0021282,0.0097616,True
16,1,8,FC3,0.03130861,0.00688347,0.03791121,0.5,0.5,"[0, 8]",1.0,True,0.01165027,0.0021282,0.0097616,True
16,1,9,FC4,0.05829158,-0.05829158,0.07645285,0.5,0.5,"[0, 8]",1.0,True,0.01165027,0.0021282,0.0097616,True
16,1,10,FT7,0.09044094,-0.05807899,0.10392277,0.5,0.5,"[0, 8]",1.0,True,0.01165027,0.0021282,0.0097616,True
16,1,11,FT8,0.07977921,-0.00406983,0.09695929,0.5,0.5,"[0, 8]",1.0,True,0.01165027,0.0021282,0.0097616,True
16,1,12,Cz,0.07709862,0.07558262,0.09243913,0.5,0.5,"[0, 8]",1.0,True,0.01165027,0.0021282,0.0097616,True
16,1,13,C3,0.11568583,0.07326122,0.11789668,0.5,0.5,"[0, 8]",1.0,True,0.01165027,0.0021282,0.0097616,True
16,1,14,C4,0.086288,-0.07596912,0.09693123,0.5,0.5,"[0, 8]",1.0,True,0.01165027,0.0021282,0.0097616,True
16,1,15,T3,0.12726121,0.12726121,0.13243498,0.5,0.5,"[0, 8]",1.0,True,0.01165027,0.0021282,0.0097616,True
16,1,16,T4,0.12240677,0.01251366,0.13474043,0.5,0.5,"[0, 8]",1.0,True,0.01165027,0.0021282,0.0097616,True
16,1,17,CP3,0.12089276,0.03280151,0.13893868,0.5,0.5,"[0, 8]",1.0,True,0.01165027,0.0021282,0.0097616,True
16,1,18,CP4,0.11074178,0.03360092,0.1274929,0.5,0.5,"[0, 8]",1.0,True,0.01165027,0.0021282,0.0097616,True
16,1,19,TP7,0.08416154,-0.01858782,0.09381066,0.5,0.5,"[0, 8]",1.0,True,0.01165027,0.0021282,0.0097616,True
16,1,20,TP8,0.0888879,-0.06051139,0.10878244,0.5,0.5,"[0, 8]",1.0,True,0.01165027,0.0021282,0.0097616,True
16,1,21,Pz,0.15274204,0.00650388,0.15292524,0.5,0.5,"[0, 8]",1.0,True,0.01165027,0.0021282,0.0097616,True
16,1,22,P3,0.1079892,0.1079892,0.1175028,0.5,0.5,"[0, 8]",1.0,True,0.01165027,0.0021282,0.0097616,True
16,1,23,P4,0.10472727,-0.0938119,0.11694539,0.5,0.5,"[0, 8]",1.0,True,0.01165027,0.0021282,0.0097616,True
16,1,24,T5,0.10468033,0.07356781,0.11457193,0.5,0.5,"[0, 8]",1.0,True,0.01165027,0.0021282,0.0097616,True
16,1,25,T6,0.08186157,-0.06316385,0.09332625,0.5,0.5,"[0, 8]",1.0,True,0.01165027,0.0021282,0.0097616,True
16,1,26,Oz,0.07666876,0.04149858,0.07897267,0.5,0.5,"[0, 8]",1.0,True,0.01165027,0.0021282,0.0097616,True
16,1,27,O1,0.12227146,0.05661386,0.13295831,0.5,0.5,"[0, 8]",1.0,True,0.01165027,0.0021282,0.0097616,True
16,1,28,O2,0.14376506,-0.0242697,0.14666088,0.5,0.5,"[0, 8]",1.0,True,0.01165027,0.0021282,0.0097616,True
16,2,0,Fp1,0.10984336,-0.09510255,0.12223799,0.5,0.5,"[0, 8]",1.0,True,0.01273319,0.00232644,0.01066897,True
16,2,1,Fp2,0.07817567,0.06187581,0.09594386,0.5,0.5,"[0, 8]",1.0,True,0.01273319,0.00232644,0.01066897,True
16,2,2,Fz,0.10424246,-0.09854859,0.11779114,0.5,0.5,"[0, 8]",1.0,True,0.01273319,0.00232644,0.01066897,True
16,2,3,F3,0.08823986,0.02732741,0.09554381,0.5,0.5,"[0, 8]",1.0,True,0.01273319,0.00232644,0.01066897,True
16,2,4,F4,0.09632514,0.01233616,0.10658222,0.5,0.5,"[0, 8]",1.0,True,0.01273319,0.00232644,0.01066897,True
16,2,5,F7,0.08422809,0.08276304,0.09833629,0.5,0.5,"[0, 8]",1.0,True,0.01273319,0.00232644,0.01066897,True
16,2,6,F8,0.07768641,-0.02990837,0.07861006,0.5,0.5,"[0, 8]",1.0,True,0.01273319,0.00232644,0.01066897,True
16,2,7,FCz,0.09797088,0.09797088,0.11386504,0.5,0.5,"[0, 8]",1.0,True,0.01273319,0.00232644,0.01066897,True
16,2,8,FC3,0.03083849,0.006276,0.03786113,0.5,0.5,"[0, 8]",1.0,True,0.01273319,0.00232644,0.01066897,True
16,2,9,FC4,0.05882471,-0.05882471,0.07671889,0.5,0.5,"[0, 8]",1.0,True,0.01273319,0.00232644,0.01066897,True
16,2,10,FT7,0.0897724,-0.05763783,0.10342602,0.5,0.5,"[0, 8]",1.0,True,0.01273319,0.00232644,0.01066897,True
16,2,11,FT8,0.0791989,-0.0037365,0.09688548,0.5,0.5,"[0, 8]",1.0,True,0.01273319,0.00232644,0.01066897,True
16,2,12,Cz,0.07678218,0.07432467,0.09162116,0.5,0.5,"[0, 8]",1.0,True,0.01273319,0.00232644,0.01066897,True
16,2,13,C3,0.11552027,0.07316843,0.11777217,0.5,0.5,"[0, 8]",1.0,True,0.01273319,0.00232644,0.01066897,True
16,2,14,C4,0.08659987,-0.07668792,0.09735902,0.5,0.5,"[0, 8]",1.0,True,0.01273319,0.00232644,0.01066897,True
16,2,15,T3,0.12742767,0.12742767,0.13271619,0.5,0.5,"[0, 8]",1.0,True,0.01273319,0.00232644,0.01066897,True
16,2,16,T4,0.12173235,0.01287156,0.13413538,0.5,0.5,"[0, 8]",1.0,True,0.01273319,0.00232644,0.01066897,True
16,2,17,CP3,0.12026442,0.03253854,0.13863583,0.5,0.5,"[0, 8]",1.0,True,0.01273319,0.00232644,0.01066897,True
16,2,18,CP4,0.11021829,0.03318476,0.12700436,0.5,0.5,"[0, 8]",1.0,True,0.01273319,0.00232644,0.01066897,True
16,2,19,TP7,0.08471943,-0.01797296,0.09422358,0.5,0.5,"[0, 8]",1.0,True,0.01273319,0.00232644,0.01066897,True
16,2,20,TP8,0.08848442,-0.06035813,0.10829847,0.5,0.5,"[0, 8]",1.0,True,0.01273319,0.00232644,0.01066897,True
16,2,21,Pz,0.15279777,0.00605039,0.1529507,0.5,0.5,"[0, 8]",1.0,True,0.01273319,0.00232644,0.01066897,True
16,2,22,P3,0.10841057,0.10841057,0.11762193,0.5,0.5,"[0, 8]",1.0,True,0.01273319,0.00232644,0.01066897,True
16,2,23,P4,0.10515387,-0.09416723,0.11755308,0.5,0.5,"[0, 8]",1.0,True,0.01273319,0.00232644,0.01066897,True
16,2,24,T5,0.10545639,0.07439715,0.1151804,0.5,0.5,"[0, 8]",1.0,True,0.01273319,0.00232644,0.01066897,True
16,2,25,T6,0.0813936,-0.06283875,0.09275811,0.5,0.5,"[0, 8]",1.0,True,0.01273319,0.00232644,0.01066897,True
16,2,26,Oz,0.07726492,0.04241886,0.07961883,0.5,0.5,"[0, 8]",1.0,True,0.01273319,0.00232644,0.01066897,True
16,2,27,O1,0.12250064,0.05709042,0.13299364,0.5,0.5,"[0, 8]",1.0,True,0.01273319,0.00232644,0.01066897,True
16,2,28,O2,0.14360438,-0.02406484,0.14641143,0.5,0.5,"[0, 8]",1.0,True,0.01273319,0.00232644,0.01066897,True
16,3,0,Fp1,0.10302674,-0.07443778,0.1086283,0.25,0.25,"[4, 4]",0.5,False,0.28325015,0.07210274,0.23733145,True
16,3,1,Fp2,0.08458629,0.07985231,0.10470727,0.25,0.25,"[4, 4]",0.5,False,0.28325015,0.07210274,0.23733145,True
16,3,2,Fz,0.11573376,-0.11573376,0.12857787,0.25,0.25,"[4, 4]",0.5,False,0.28325015,0.07210274,0.23733145,True
16,3,3,F3,0.07818651,0.01019398,0.08891083,0.25,0.25,"[4, 4]",0.5,False,0.28325015,0.07210274,0.23733145,True
16,3,4,F4,0.09537295,-0.00318698,0.11303234,0.25,0.25,"[4, 4]",0.5,False,0.28325015,0.07210274,0.23733145,True
16,3,5,F7,0.08217911,0.08053493,0.09658389,0.25,0.25,"[4, 4]",0.5,False,0.28325015,0.07210274,0.23733145,True
16,3,6,F8,0.09726141,-0.06381724,0.10136527,0.25,0.25,"[4, 4]",0.5,False,0.28325015,0.07210274,0.23733145,True
16,3,7,FCz,0.08292004,0.08292004,0.09967,0.25,0.25,"[4, 4]",0.5,False,0.28325015,0.07210274,0.23733145,True
16,3,8,FC3,0.03046736,0.01163124,0.04246778,0.25,0.25,"[4, 4]",0.5,False,0.28325015,0.07210274,0.23733145,True
16,3,9,FC4,0.07523473,-0.06790058,0.09073904,0.25,0.25,"[4, 4]",0.5,False,0.28325015,0.07210274,0.23733145,True
16,3,10,FT7,0.08306081,-0.07626269,0.10557415,0.25,0.25,"[4, 4]",0.5,False,0.28325015,0.07210274,0.23733145,True
16,3,11,FT8,0.08940393,-0.00163,0.10989725,0.25,0.25,"[4, 4]",0.5,False,0.28325015,0.07210274,0.23733145,True
16,3,12,Cz,0.07267051,0.07267051,0.09096786,0.25,0.25,"[4, 4]",0.5,False,0.28325015,0.07210274,0.23733145,True
16,3,13,C3,0.10204703,0.06248686,0.10419467,0.25,0.25,"[4, 4]",0.5,False,0.28325015,0.07210274,0.23733145,True
16,3,14,C4,0.10025884,-0.0865782,0.11553451,0.25,0.25,"[4, 4]",0.5,False,0.28325015,0.07210274,0.23733145,True
16,3,15,T3,0.124505,0.124505,0.13373797,0.25,0.25,"[4, 4]",0.5,False,0.28325015,0.07210274,0.23733145,True
16,3,16,T4,0.11640723,0.01508731,0.13166018,0.25,0.25,"[4, 4]",0.5,False,0.28325015,0.07210274,0.23733145,True
16,3,17,CP3,0.09130719,0.0113195,0.09996597,0.25,0.25,"[4, 4]",0.5,False,0.28325015,0.07210274,0.23733145,True
16,3,18,CP4,0.12089415,0.04148582,0.13228838,0.25,0.25,"[4, 4]",0.5,False,0.28325015,0.07210274,0.23733145,True
16,3,19,TP7,0.08083874,-0.02676458,0.08888692,0.25,0.25,"[4, 4]",0.5,False,0.28325015,0.07210274,0.23733145,True
16,3,20,TP8,0.09437952,-0.04205283,0.10601024,0.25,0.25,"[4, 4]",0.5,False,0.28325015,0.07210274,0.23733145,True
16,3,21,Pz,0.17387159,-0.00842119,0.17421718,0.25,0.25,"[4, 4]",0.5,False,0.28325015,0.07210274,0.23733145,True
16,3,22,P3,0.09379233,0.09379233,0.10724227,0.25,0.25,"[4, 4]",0.5,False,0.28325015,0.07210274,0.23733145,True
16,3,23,P4,0.08421071,-0.05790214,0.09492306,0.25,0.25,"[4, 4]",0.5,False,0.28325015,0.07210274,0.23733145,True
16,3,24,T5,0.09431455,0.07020545,0.10856673,0.25,0.25,"[4, 4]",0.5,False,0.28325015,0.07210274,0.23733145,True
16,3,25,T6,0.07708399,-0.05075833,0.09088533,0.25,0.25,"[4, 4]",0.5,False,0.28325015,0.07210274,0.23733145,True
16,3,26,Oz,0.08529708,0.05807675,0.08973205,0.25,0.25,"[4, 4]",0.5,False,0.28325015,0.07210274,0.23733145,True
16,3,27,O1,0.12687203,0.06471589,0.14879461,0.25,0.25,"[4, 4]",0.5,False,0.28325015,0.07210274,0.23733145,True
16,3,28,O2,0.15585555,-0.00982951,0.15635821,0.25,0.25,"[4, 4]",0.5,False,0.28325015,0.07210274,0.23733145,True
16,4,0,Fp1,0.10397571,-0.09766745,0.12260027,0.25,0.25,"[6, 2]",0.75,False,0.46859128,0.12076611,0.39262626,True
16,4,1,Fp2,0.09226934,0.05806518,0.10381132,0.25,0.25,"[6, 2]",0.75,False,0.46859128,0.12076611,0.39262626,True
16,4,2,Fz,0.15270992,-0.15270992,0.16561891,0.25,0.25,"[6, 2]",0.75,False,0.46859128,0.12076611,0.39262626,True
16,4,3,F3,0.08622487,0.00429737,0.10396022,0.25,0.25,"[6, 2]",0.75,False,0.46859128,0.12076611,0.39262626,True
16,4,4,F4,0.07341044,0.02908906,0.07510272,0.25,0.25,"[6, 2]",0.75,False,0.46859128,0.12076611,0.39262626,True
16,4,5,F7,0.08966216,0.08966216,0.11012287,0.25,0.25,"[6, 2]",0.75,False,0.46859128,0.12076611,0.39262626,True
16,4,6,F8,0.08450906,-0.01407647,0.09712452,0.25,0.25,"[6, 2]",0.75,False,0.46859128,0.12076611,0.39262626,True
16,4,7,FCz,0.08050357,0.04107054,0.09252523,0.25,0.25,"[6, 2]",0.75,False,0.46859128,0.12076611,0.39262626,True
16,4,8,FC3,0.04957044,0.01574565,0.05718996,0.25,0.25,"[6, 2]",0.75,False,0.46859128,0.12076611,0.39262626,True
16,4,9,FC4,0.05069787,-0.05069787,0.05700544,0.25,0.25,"[6, 2]",0.75,False,0.46859128,0.12076611,0.39262626,True
16,4,10,FT7,0.11143526,-0.08788218,0.12165696,0.25,0.25,"[6, 2]",0.75,False,0.46859128,0.12076611,0.39262626,True
16,4,11,FT8,0.07972415,-0.00041629,0.09790164,0.25,0.25,"[6, 2]",0.75,False,0.46859128,0.12076611,0.39262626,True
16,4,12,Cz,0.06539451,0.03649771,0.07018807,0.25,0.25,"[6, 2]",0.75,False,0.46859128,0.12076611,0.39262626,True
16,4,13,C3,0.13763006,0.10032713,0.1423984,0.25,0.25,"[6, 2]",0.75,False,0.46859128,0.12076611,0.39262626,True
16,4,14,C4,0.12811868,-0.10445163,0.14012828,0.25,0.25,"[6, 2]",0.75,False,0.46859128,0.12076611,0.39262626,True
16,4,15,T3,0.12179429,0.12179429,0.12896444,0.25,0.25,"[6, 2]",0.75,False,0.46859128,0.12076611,0.39262626,True
16,4,16,T4,0.11589992,0.00763298,0.11965692,0.25,0.25,"[6, 2]",0.75,False,0.46859128,0.12076611,0.39262626,True
16,4,17,CP3,0.11442883,-0.0180154,0.12323136,0.25,0.25,"[6, 2]",0.75,False,0.46859128,0.12076611,0.39262626,True
16,4,18,CP4,0.12203433,0.0447428,0.14197855,0.25,0.25,"[6, 2]",0.75,False,0.46859128,0.12076611,0.39262626,True
16,4,19,TP7,0.07496329,-0.0158746,0.08700082,0.25,0.25,"[6, 2]",0.75,False,0.46859128,0.12076611,0.39262626,True
16,4,20,TP8,0.07624431,-0.02185549,0.08099326,0.25,0.25,"[6, 2]",0.75,False,0.46859128,0.12076611,0.39262626,True
16,4,21,Pz,0.14658089,0.00017409,0.14853011,0.25,0.25,"[6, 2]",0.75,False,0.46859128,0.12076611,0.39262626,True
16,4,22,P3,0.06210496,0.0593809,0.07509884,0.25,0.25,"[6, 2]",0.75,False,0.46859128,0.12076611,0.39262626,True
16,4,23,P4,0.05992728,-0.02564374,0.06203883,0.25,0.25,"[6, 2]",0.75,False,0.46859128,0.12076611,0.39262626,True
16,4,24,T5,0.10497224,0.09362461,0.11875456,0.25,0.25,"[6, 2]",0.75,False,0.46859128,0.12076611,0.39262626,True
16,4,25,T6,0.08623639,-0.0365772,0.09748317,0.25,0.25,"[6, 2]",0.75,False,0.46859128,0.12076611,0.39262626,True
16,4,26,Oz,0.07355728,0.0499042,0.07955774,0.25,0.25,"[6, 2]",0.75,False,0.46859128,0.12076611,0.39262626,True
16,4,27,O1,0.122623,0.08901466,0.14313807,0.25,0.25,"[6, 2]",0.75,False,0.46859128,0.12076611,0.39262626,True
16,4,28,O2,0.14774531,-0.02439175,0.15844862,0.25,0.25,"[6, 2]",0.75,False,0.46859128,0.12076611,0.39262626,True
16,5,0,Fp1,0.10935666,-0.09569743,0.12215934,0.5,0.5,"[0, 8]",1.0,True,0.01547636,0.00235508,0.01296743,True
16,5,1,Fp2,0.07789451,0.06164265,0.09557527,0.5,0.5,"[0, 8]",1.0,True,0.01547636,0.00235508,0.01296743,True
16,5,2,Fz,0.10371949,-0.09895505,0.11772268,0.5,0.5,"[0, 8]",1.0,True,0.01547636,0.00235508,0.01296743,True
16,5,3,F3,0.08862075,0.02761962,0.09559298,0.5,0.5,"[0, 8]",1.0,True,0.01547636,0.00235508,0.01296743,True
16,5,4,F4,0.09688358,0.01186268,0.10742961,0.5,0.5,"[0, 8]",1.0,True,0.01547636,0.00235508,0.01296743,True
16,5,5,F7,0.08498477,0.08249848,0.09863918,0.5,0.5,"[0, 8]",1.0,True,0.01547636,0.00235508,0.01296743,True
16,5,6,F8,0.07804563,-0.03014657,0.0789441,0.5,0.5,"[0, 8]",1.0,True,0.01547636,0.00235508,0.01296743,True
16,5,7,FCz,0.09807469,0.09807469,0.11417798,0.5,0.5,"[0, 8]",1.0,True,0.01547636,0.00235508,0.01296743,True
16,5,8,FC3,0.03108701,0.00651145,0.0379445,0.5,0.5,"[0, 8]",1.0,True,0.01547636,0.00235508,0.01296743,True
16,5,9,FC4,0.05870093,-0.05870093,0.07651357,0.5,0.5,"[0, 8]",1.0,True,0.01547636,0.00235508,0.01296743,True
16,5,10,FT7,0.09052213,-0.05731495,0.10370217,0.5,0.5,"[0, 8]",1.0,True,0.01547636,0.00235508,0.01296743,True
16,5,11,FT8,0.07900537,-0.00401418,0.09660759,0.5,0.5,"[0, 8]",1.0,True,0.01547636,0.00235508,0.01296743,True
16,5,12,Cz,0.07731554,0.07481068,0.09235793,0.5,0.5,"[0, 8]",1.0,True,0.01547636,0.00235508,0.01296743,True
16,5,13,C3,0.11575162,0.07224703,0.11782689,0.5,0.5,"[0, 8]",1.0,True,0.01547636,0.00235508,0.01296743,True
16,5,14,C4,0.0860263,-0.07648225,0.09701421,0.5,0.5,"[0, 8]",1.0,True,0.01547636,0.00235508,0.01296743,True
16,5,15,T3,0.12798938,0.12798938,0.13296475,0.5,0.5,"[0, 8]",1.0,True,0.01547636,0.00235508,0.01296743,True
16,5,16,T4,0.12153746,0.01282859,0.13363156,0.5,0.5,"[0, 8]",1.0,True,0.01547636,0.00235508,0.01296743,True
16,5,17,CP3,0.12086563,0.0330708,0.13934605,0.5,0.5,"[0, 8]",1.0,True,0.01547636,0.00235508,0.01296743,True
16,5,18,CP4,0.11072962,0.03320634,0.12784033,0.5,0.5,"[0, 8]",1.0,True,0.01547636,0.00235508,0.01296743,True
16,5,19,TP7,0.08423178,-0.01748782,0.09407938,0.5,0.5,"[0, 8]",1.0,True,0.01547636,0.00235508,0.01296743,True
16,5,20,TP8,0.08772951,-0.0594352,0.10720313,0.5,0.5,"[0, 8]",1.0,True,0.01547636,0.00235508,0.01296743,True
16,5,21,Pz,0.15248787,0.00692748,0.15268598,0.5,0.5,"[0, 8]",1.0,True,0.01547636,0.00235508,0.01296743,True
16,5,22,P3,0.10781388,0.10781388,0.11734124,0.5,0.5,"[0, 8]",1.0,True,0.01547636,0.00235508,0.01296743,True
16,5,23,P4,0.1046861,-0.09377259,0.11685559,0.5,0.5,"[0, 8]",1.0,True,0.01547636,0.00235508,0.01296743,True
16,5,24,T5,0.10577387,0.07461703,0.11555794,0.5,0.5,"[0, 8]",1.0,True,0.01547636,0.00235508,0.01296743,True
16,5,25,T6,0.08180716,-0.06212525,0.09251287,0.5,0.5,"[0, 8]",1.0,True,0.01547636,0.00235508,0.01296743,True
16,5,26,Oz,0.07825462,0.04292945,0.08045221,0.5,0.5,"[0, 8]",1.0,True,0.01547636,0.00235508,0.01296743,True
16,5,27,O1,0.12286857,0.05740476,0.13304406,0.5,0.5,"[0, 8]",1.0,True,0.01547636,0.00235508,0.01296743,True
16,5,28,O2,0.14364308,-0.02314223,0.14633305,0.5,0.5,"[0, 8]",1.0,True,0.01547636,0.00235508,0.01296743,True
17,1,0,Fp1,0.11091487,-0.09645981,0.12367409,0.5,0.5,"[0, 8]",1.0,True,0.01344388,0.00228808,0.01126445,True
17,1,1,Fp2,0.07697655,0.06039855,0.09452741,0.5,0.5,"[0, 8]",1.0,True,0.01344388,0.00228808,0.01126445,True
17,1,2,Fz,0.10393295,-0.09901896,0.11783157,0.5,0.5,"[0, 8]",1.0,True,0.01344388,0.00228808,0.01126445,True
17,1,3,F3,0.08832899,0.02769597,0.09525187,0.5,0.5,"[0, 8]",1.0,True,0.01344388,0.00228808,0.01126445,True
17,1,4,F4,0.09781486,0.01210473,0.10843308,0.5,0.5,"[0, 8]",1.0,True,0.01344388,0.00228808,0.01126445,True
17,1,5,F7,0.08428138,0.08222947,0.09818056,0.5,0.5,"[0, 8]",1.0,True,0.01344388,0.00228808,0.01126445,True
17,1,6,F8,0.07770594,-0.03013582,0.07856856,0.5,0.5,"[0, 8]",1.0,True,0.01344388,0.00228808,0.01126445,True
17,1,7,FCz,0.09873963,0.09873963,0.11447889,0.5,0.5,"[0, 8]",1.0,True,0.01344388,0.00228808,0.01126445,True
17,1,8,FC3,0.03134129,0.00697303,0.03802483,0.5,0.5,"[0, 8]",1.0,True,0.01344388,0.00228808,0.01126445,True
17,1,9,FC4,0.05856252,-0.05856252,0.07746247,0.5,0.5,"[0, 8]",1.0,True,0.01344388,0.00228808,0.01126445,True
17,1,10,FT7,0.08990926,-0.05689282,0.10309435,0.5,0.5,"[0, 8]",1.0,True,0.01344388,0.00228808,0.01126445,True
17,1,11,FT8,0.08018659,-0.00414498,0.09739747,0.5,0.5,"[0, 8]",1.0,True,0.01344388,0.00228808,0.01126445,True
17,1,12,Cz,0.07804599,0.07630359,0.09363833,0.5,0.5,"[0, 8]",1.0,True,0.01344388,0.00228808,0.01126445,True
17,1,13,C3,0.11540748,0.07342361,0.11776609,0.5,0.5,"[0, 8]",1.0,True,0.01344388,0.00228808,0.01126445,True
17,1,14,C4,0.08624573,-0.07494744,0.096636,0.5,0.5,"[0, 8]",1.0,True,0.01344388,0.00228808,0.01126445,True
17,1,15,T3,0.12737709,0.12737709,0.13258599,0.5,0.5,"[0, 8]",1.0,True,0.01344388,0.00228808,0.01126445,True
17,1,16,T4,0.12187643,0.01386739,0.13434927,0.5,0.5,"[0, 8]",1.0,True,0.01344388,0.00228808,0.01126445,True
17,1,17,CP3,0.12178471,0.03408404,0.14067696,0.5,0.5,"[0, 8]",1.0,True,0.01344388,0.00228808,0.01126445,True
17,1,18,CP4,0.11053577,0.03460129,0.12693687,0.5,0.5,"[0, 8]",1.0,True,0.01344388,0.00228808,0.01126445,True
17,1,19,TP7,0.08355746,-0.01790429,0.09346674,0.5,0.5,"[0, 8]",1.0,True,0.01344388,0.00228808,0.01126445,True
17,1,20,TP8,0.08839969,-0.05879921,0.10739951,0.5,0.5,"[0, 8]",1.0,True,0.01344388,0.00228808,0.01126445,True
17,1,21,Pz,0.15398285,0.00704863,0.15420467,0.5,0.5,"[0, 8]",1.0,True,0.01344388,0.00228808,0.01126445,True
17,1,22,P3,0.10774774,0.10774774,0.11694329,0.5,0.5,"[0, 8]",1.0,True,0.01344388,0.00228808,0.01126445,True
17,1,23,P4,0.10382251,-0.09305805,0.11627135,0.5,0.5,"[0, 8]",1.0,True,0.01344388,0.00228808,0.01126445,True
17,1,24,T5,0.10462578,0.07362072,0.11445519,0.5,0.5,"[0, 8]",1.0,True,0.01344388,0.00228808,0.01126445,True
17,1,25,T6,0.08108071,-0.06155895,0.0919002,0.5,0.5,"[0, 8]",1.0,True,0.01344388,0.00228808,0.01126445,True
17,1,26,Oz,0.07689591,0.04204027,0.07937358,0.5,0.5,"[0, 8]",1.0,True,0.01344388,0.00228808,0.01126445,True
17,1,27,O1,0.12234726,0.05578638,0.13262679,0.5,0.5,"[0, 8]",1.0,True,0.01344388,0.00228808,0.01126445,True
17,1,28,O2,0.14327154,-0.0235519,0.14600717,0.5,0.5,"[0, 8]",1.0,True,0.01344388,0.00228808,0.01126445,True
17,2,0,Fp1,0.114466,-0.10526095,0.1311914,0.375,0.375,"[3, 5]",0.625,False,0.13388257,0.02967768,0.11217838,True
17,2,1,Fp2,0.07036228,0.04554208,0.08628032,0.375,0.375,"[3, 5]",0.625,False,0.13388257,0.02967768,0.11217838,True
17,2,2,Fz,0.10715023,-0.10527818,0.12315896,0.375,0.375,"[3, 5]",0.625,False,0.13388257,0.02967768,0.11217838,True
17,2,3,F3,0.08977355,0.02830779,0.0954762,0.375,0.375,"[3, 5]",0.625,False,0.13388257,0.02967768,0.11217838,True
17,2,4,F4,0.1010009,0.0121205,0.11155326,0.375,0.375,"[3, 5]",0.625,False,0.13388257,0.02967768,0.11217838,True
17,2,5,F7,0.08161901,0.08161901,0.0970616,0.375,0.375,"[3, 5]",0.625,False,0.13388257,0.02967768,0.11217838,True
17,2,6,F8,0.08832289,-0.0409824,0.08868142,0.375,0.375,"[3, 5]",0.625,False,0.13388257,0.02967768,0.11217838,True
17,2,7,FCz,0.09568258,0.09568258,0.11061663,0.375,0.375,"[3, 5]",0.625,False,0.13388257,0.02967768,0.11217838,True
17,2,8,FC3,0.03027485,0.01104288,0.03582861,0.375,0.375,"[3, 5]",0.625,False,0.13388257,0.02967768,0.11217838,True
17,2,9,FC4,0.06525289,-0.06342226,0.08392069,0.375,0.375,"[3, 5]",0.625,False,0.13388257,0.02967768,0.11217838,True
17,2,10,FT7,0.0763011,-0.05045956,0.09092068,0.375,0.375,"[3, 5]",0.625,False,0.13388257,0.02967768,0.11217838,True
17,2,11,FT8,0.08146386,-0.01122244,0.09700578,0.375,0.375,"[3, 5]",0.625,False,0.13388257,0.02967768,0.11217838,True
17,2,12,Cz,0.0738712,0.0738712,0.09289419,0.375,0.375,"[3, 5]",0.625,False,0.13388257,0.02967768,0.11217838,True
17,2,13,C3,0.121153,0.07922429,0.12489829,0.375,0.375,"[3, 5]",0.625,False,0.13388257,0.02967768,0.11217838,True
17,2,14,C4,0.08674421,-0.07018805,0.09688292,0.375,0.375,"[3, 5]",0.625,False,0.13388257,0.02967768,0.11217838,True
17,2,15,T3,0.13362871,0.13362871,0.14013568,0.375,0.375,"[3, 5]",0.625,False,0.13388257,0.02967768,0.11217838,True
17,2,16,T4,0.11426462,0.01882159,0.12847401,0.375,0.375,"[3, 5]",0.625,False,0.13388257,0.02967768,0.11217838,True
17,2,17,CP3,0.1230382,0.04455376,0.14161251,0.375,0.375,"[3, 5]",0.625,False,0.13388257,0.02967768,0.11217838,True
17,2,18,CP4,0.10203832,0.03108758,0.11690465,0.375,0.375,"[3, 5]",0.625,False,0.13388257,0.02967768,0.11217838,True
17,2,19,TP7,0.07929817,-0.00413587,0.08860085,0.375,0.375,"[3, 5]",0.625,False,0.13388257,0.02967768,0.11217838,True
17,2,20,TP8,0.08287602,-0.04962412,0.09889624,0.375,0.375,"[3, 5]",0.625,False,0.13388257,0.02967768,0.11217838,True
17,2,21,Pz,0.1587722,0.01184214,0.15947396,0.375,0.375,"[3, 5]",0.625,False,0.13388257,0.02967768,0.11217838,True
17,2,22,P3,0.11998907,0.11998907,0.1285141,0.375,0.375,"[3, 5]",0.625,False,0.13388257,0.02967768,0.11217838,True
17,2,23,P4,0.09017,-0.0884984,0.106574,0.375,0.375,"[3, 5]",0.625,False,0.13388257,0.02967768,0.11217838,True
17,2,24,T5,0.11397673,0.09214619,0.12841927,0.375,0.375,"[3, 5]",0.625,False,0.13388257,0.02967768,0.11217838,True
17,2,25,T6,0.07800959,-0.05150848,0.08178639,0.375,0.375,"[3, 5]",0.625,False,0.13388257,0.02967768,0.11217838,True
17,2,26,Oz,0.08642721,0.05212644,0.08897093,0.375,0.375,"[3, 5]",0.625,False,0.13388257,0.02967768,0.11217838,True
17,2,27,O1,0.12636112,0.06185507,0.13496515,0.375,0.375,"[3, 5]",0.625,False,0.13388257,0.02967768,0.11217838,True
17,2,28,O2,0.14910875,-0.01582562,0.15023734,0.375,0.375,"[3, 5]",0.625,False,0.13388257,0.02967768,0.11217838,True
17,3,0,Fp1,0.111655,-0.06094094,0.12558535,0.5,0.5,"[6, 2]",0.75,False,0.85742028,0.20753686,0.7184208,True
17,3,1,Fp2,0.09322006,0.00796431,0.09382618,0.5,0.5,"[6, 2]",0.75,False,0.85742028,0.20753686,0.7184208,True
17,3,2,Fz,0.11787654,-0.11787654,0.13470736,0.5,0.5,"[6, 2]",0.75,False,0.85742028,0.20753686,0.7184208,True
17,3,3,F3,0.11626446,0.0797587,0.12395403,0.5,0.5,"[6, 2]",0.75,False,0.85742028,0.20753686,0.7184208,True
17,3,4,F4,0.09448078,0.00620105,0.09591772,0.5,0.5,"[6, 2]",0.75,False,0.85742028,0.20753686,0.7184208,True
17,3,5,F7,0.0744208,0.04922017,0.08143503,0.5,0.5,"[6, 2]",0.75,False,0.85742028,0.20753686,0.7184208,True
17,3,6,F8,0.07033964,-0.07033964,0.09414434,0.5,0.5,"[6, 2]",0.75,False,0.85742028,0.20753686,0.7184208,True
17,3,7,FCz,0.07826869,0.07826869,0.09745892,0.5,0.5,"[6, 2]",0.75,False,0.85742028,0.20753686,0.7184208,True
17,3,8,FC3,0.12795477,0.12795477,0.15245396,0.5,0.5,"[6, 2]",0.75,False,0.85742028,0.20753686,0.7184208,True
17,3,9,FC4,0.10019457,0.02976594,0.11315216,0.5,0.5,"[6, 2]",0.75,False,0.85742028,0.20753686,0.7184208,True
17,3,10,FT7,0.06238441,-0.06238441,0.06541758,0.5,0.5,"[6, 2]",0.75,False,0.85742028,0.20753686,0.7184208,True
17,3,11,FT8,0.10265689,-0.05683995,0.11100721,0.5,0.5,"[6, 2]",0.75,False,0.85742028,0.20753686,0.7184208,True
17,3,12,Cz,0.0801725,0.0801725,0.09151891,0.5,0.5,"[6, 2]",0.75,False,0.85742028,0.20753686,0.7184208,True
17,3,13,C3,0.16768828,0.15292226,0.19284026,0.5,0.5,"[6, 2]",0.75,False,0.85742028,0.20753686,0.7184208,True
17,3,14,C4,0.09679306,-0.01957984,0.11295389,0.5,0.5,"[6, 2]",0.75,False,0.85742028,0.20753686,0.7184208,True
17,3,15,T3,0.05994787,0.05994787,0.06650009,0.5,0.5,"[6, 2]",0.75,False,0.85742028,0.20753686,0.7184208,True
17,3,16,T4,0.10482352,0.03469589,0.11748215,0.5,0.5,"[6, 2]",0.75,False,0.85742028,0.20753686,0.7184208,True
17,3,17,CP3,0.12284908,-0.08097321,0.17181069,0.5,0.5,"[6, 2]",0.75,False,0.85742028,0.20753686,0.7184208,True
17,3,18,CP4,0.18533629,0.10614419,0.18763332,0.5,0.5,"[6, 2]",0.75,False,0.85742028,0.20753686,0.7184208,True
17,3,19,TP7,0.07594287,0.02712137,0.0802165,0.5,0.5,"[6, 2]",0.75,False,0.85742028,0.20753686,0.7184208,True
17,3,20,TP8,0.06214165,-0.00216211,0.07521114,0.5,0.5,"[6, 2]",0.75,False,0.85742028,0.20753686,0.7184208,True
17,3,21,Pz,0.11709219,-0.09137145,0.1416323,0.5,0.5,"[6, 2]",0.75,False,0.85742028,0.20753686,0.7184208,True
17,3,22,P3,0.08735853,0.07984631,0.09775017,0.5,0.5,"[6, 2]",0.75,False,0.85742028,0.20753686,0.7184208,True
17,3,23,P4,0.08236077,-0.08236077,0.09433549,0.5,0.5,"[6, 2]",0.75,False,0.85742028,0.20753686,0.7184208,True
17,3,24,T5,0.04148998,0.03398039,0.04805775,0.5,0.5,"[6, 2]",0.75,False,0.85742028,0.20753686,0.7184208,True
17,3,25,T6,0.07193196,-0.00910936,0.0904712,0.5,0.5,"[6, 2]",0.75,False,0.85742028,0.20753686,0.7184208,True
17,3,26,Oz,0.05298546,0.00739762,0.06266205,0.5,0.5,"[6, 2]",0.75,False,0.85742028,0.20753686,0.7184208,True
17,3,27,O1,0.10628423,0.07964474,0.11315494,0.5,0.5,"[6, 2]",0.75,False,0.85742028,0.20753686,0.7184208,True
17,3,28,O2,0.14461833,-0.01801302,0.14634874,0.5,0.5,"[6, 2]",0.75,False,0.85742028,0.20753686,0.7184208,True
17,4,0,Fp1,0.12803289,-0.09532152,0.1369164,0.625,0.625,"[3, 5]",0.625,False,0.4658419,0.1035501,0.39032259,True
17,4,1,Fp2,0.0857977,0.00651125,0.09412803,0.625,0.625,"[3, 5]",0.625,False,0.4658419,0.1035501,0.39032259,True
17,4,2,Fz,0.08071449,-0.08071449,0.09077203,0.625,0.625,"[3, 5]",0.625,False,0.4658419,0.1035501,0.39032259,True
17,4,3,F3,0.11322905,0.05894219,0.11924461,0.625,0.625,"[3, 5]",0.625,False,0.4658419,0.1035501,0.39032259,True
17,4,4,F4,0.11262466,0.0217358,0.12214569,0.625,0.625,"[3, 5]",0.625,False,0.4658419,0.1035501,0.39032259,True
17,4,5,F7,0.09052505,0.09052505,0.10077992,0.625,0.625,"[3, 5]",0.625,False,0.4658419,0.1035501,0.39032259,True
17,4,6,F8,0.12542062,-0.05240553,0.12818931,0.625,0.625,"[3, 5]",0.625,False,0.4658419,0.1035501,0.39032259,True
17,4,7,FCz,0.12554692,0.12554692,0.14370991,0.625,0.625,"[3, 5]",0.625,False,0.4658419,0.1035501,0.39032259,True
17,4,8,FC3,0.06478023,0.05830856,0.08275265,0.625,0.625,"[3, 5]",0.625,False,0.4658419,0.1035501,0.39032259,True
17,4,9,FC4,0.05522113,-0.0521487,0.07006468,0.625,0.625,"[3, 5]",0.625,False,0.4658419,0.1035501,0.39032259,True
17,4,10,FT7,0.07806575,-0.05077687,0.09919085,0.625,0.625,"[3, 5]",0.625,False,0.4658419,0.1035501,0.39032259,True
17,4,11,FT8,0.0811114,-0.02492702,0.09300031,0.625,0.625,"[3, 5]",0.625,False,0.4658419,0.1035501,0.39032259,True
17,4,12,Cz,0.10458409,0.10458409,0.11658347,0.625,0.625,"[3, 5]",0.625,False,0.4658419,0.1035501,0.39032259,True
17,4,13,C3,0.10549952,0.09714174,0.11902446,0.625,0.625,"[3, 5]",0.625,False,0.4658419,0.1035501,0.39032259,True
17,4,14,C4,0.08059815,-0.04625656,0.09281806,0.625,0.625,"[3, 5]",0.625,False,0.4658419,0.1035501,0.39032259,True
17,4,15,T3,0.10733311,0.10733311,0.11204521,0.625,0.625,"[3, 5]",0.625,False,0.4658419,0.1035501,0.39032259,True
17,4,16,T4,0.10932112,0.00540365,0.11857645,0.625,0.625,"[3, 5]",0.625,False,0.4658419,0.1035501,0.39032259,True
17,4,17,CP3,0.11122893,-0.003993,0.13506377,0.625,0.625,"[3, 5]",0.625,False,0.4658419,0.1035501,0.39032259,True
17,4,18,CP4,0.09458732,-0.00377996,0.12437067,0.625,0.625,"[3, 5]",0.625,False,0.4658419,0.1035501,0.39032259,True
17,4,19,TP7,0.12425783,0.03305976,0.13705619,0.625,0.625,"[3, 5]",0.625,False,0.4658419,0.1035501,0.39032259,True
17,4,20,TP8,0.06517181,-0.03696685,0.07783815,0.625,0.625,"[3, 5]",0.625,False,0.4658419,0.1035501,0.39032259,True
17,4,21,Pz,0.16407052,0.01058461,0.16492979,0.625,0.625,"[3, 5]",0.625,False,0.4658419,0.1035501,0.39032259,True
17,4,22,P3,0.07979626,0.07979626,0.09927107,0.625,0.625,"[3, 5]",0.625,False,0.4658419,0.1035501,0.39032259,True
17,4,23,P4,0.09158367,-0.09158367,0.09567812,0.625,0.625,"[3, 5]",0.625,False,0.4658419,0.1035501,0.39032259,True
17,4,24,T5,0.10586205,0.10586205,0.12643315,0.625,0.625,"[3, 5]",0.625,False,0.4658419,0.1035501,0.39032259,True
17,4,25,T6,0.04780915,-0.00034638,0.05762838,0.625,0.625,"[3, 5]",0.625,False,0.4658419,0.1035501,0.39032259,True
17,4,26,Oz,0.04331266,0.01361828,0.04961416,0.625,0.625,"[3, 5]",0.625,False,0.4658419,0.1035501,0.39032259,True
17,4,27,O1,0.08686662,0.03620655,0.11272113,0.625,0.625,"[3, 5]",0.625,False,0.4658419,0.1035501,0.39032259,True
17,4,28,O2,0.14352678,-0.03999767,0.15091114,0.625,0.625,"[3, 5]",0.625,False,0.4658419,0.1035501,0.39032259,True
17,5,0,Fp1,0.11493877,-0.08945716,0.12380493,0.75,0.75,"[4, 4]",0.5,False,0.41026805,0.08787722,0.34375802,True
17,5,1,Fp2,0.0614313,0.02403038,0.0759928,0.75,0.75,"[4, 4]",0.5,False,0.41026805,0.08787722,0.34375802,True
17,5,2,Fz,0.10123925,-0.10123925,0.11284884,0.75,0.75,"[4, 4]",0.5,False,0.41026805,0.08787722,0.34375802,True
17,5,3,F3,0.08308118,0.05266891,0.08923432,0.75,0.75,"[4, 4]",0.5,False,0.41026805,0.08787722,0.34375802,True
17,5,4,F4,0.10081083,0.01633494,0.1104064,0.75,0.75,"[4, 4]",0.5,False,0.41026805,0.08787722,0.34375802,True
17,5,5,F7,0.08070609,0.08070609,0.08552372,0.75,0.75,"[4, 4]",0.5,False,0.41026805,0.08787722,0.34375802,True
17,5,6,F8,0.08618193,-0.03479335,0.09031117,0.75,0.75,"[4, 4]",0.5,False,0.41026805,0.08787722,0.34375802,True
17,5,7,FCz,0.13048685,0.13048685,0.14910921,0.75,0.75,"[4, 4]",0.5,False,0.41026805,0.08787722,0.34375802,True
17,5,8,FC3,0.05958153,0.05958153,0.06893886,0.75,0.75,"[4, 4]",0.5,False,0.41026805,0.08787722,0.34375802,True
17,5,9,FC4,0.07281023,-0.04469465,0.08626377,0.75,0.75,"[4, 4]",0.5,False,0.41026805,0.08787722,0.34375802,True
17,5,10,FT7,0.096336,-0.02020382,0.11370429,0.75,0.75,"[4, 4]",0.5,False,0.41026805,0.08787722,0.34375802,True
17,5,11,FT8,0.10133051,-0.03969913,0.11746057,0.75,0.75,"[4, 4]",0.5,False,0.41026805,0.08787722,0.34375802,True
17,5,12,Cz,0.11871703,0.11871703,0.13097824,0.75,0.75,"[4, 4]",0.5,False,0.41026805,0.08787722,0.34375802,True
17,5,13,C3,0.12328386,0.11012445,0.14845747,0.75,0.75,"[4, 4]",0.5,False,0.41026805,0.08787722,0.34375802,True
17,5,14,C4,0.09432261,-0.05768338,0.11439333,0.75,0.75,"[4, 4]",0.5,False,0.41026805,0.08787722,0.34375802,True
17,5,15,T3,0.11620241,0.11620241,0.12161317,0.75,0.75,"[4, 4]",0.5,False,0.41026805,0.08787722,0.34375802,True
17,5,16,T4,0.13000113,0.02597234,0.14832453,0.75,0.75,"[4, 4]",0.5,False,0.41026805,0.08787722,0.34375802,True
17,5,17,CP3,0.13326573,0.04835347,0.15199658,0.75,0.75,"[4, 4]",0.5,False,0.41026805,0.08787722,0.34375802,True
17,5,18,CP4,0.09575462,-0.01595113,0.12516548,0.75,0.75,"[4, 4]",0.5,False,0.41026805,0.08787722,0.34375802,True
17,5,19,TP7,0.05350496,-0.02991514,0.07632104,0.75,0.75,"[4, 4]",0.5,False,0.41026805,0.08787722,0.34375802,True
17,5,20,TP8,0.08964286,-0.05276615,0.10256135,0.75,0.75,"[4, 4]",0.5,False,0.41026805,0.08787722,0.34375802,True
17,5,21,Pz,0.15104158,-0.00068684,0.15105802,0.75,0.75,"[4, 4]",0.5,False,0.41026805,0.08787722,0.34375802,True
17,5,22,P3,0.09650546,0.09650546,0.1064444,0.75,0.75,"[4, 4]",0.5,False,0.41026805,0.08787722,0.34375802,True
17,5,23,P4,0.11429141,-0.11429141,0.12788235,0.75,0.75,"[4, 4]",0.5,False,0.41026805,0.08787722,0.34375802,True
17,5,24,T5,0.07403167,0.06036039,0.08824654,0.75,0.75,"[4, 4]",0.5,False,0.41026805,0.08787722,0.34375802,True
17,5,25,T6,0.06634607,-0.01006518,0.07497372,0.75,0.75,"[4, 4]",0.5,False,0.41026805,0.08787722,0.34375802,True
17,5,26,Oz,0.05144636,0.03777627,0.06171479,0.75,0.75,"[4, 4]",0.5,False,0.41026805,0.08787722,0.34375802,True
17,5,27,O1,0.10124576,0.03514668,0.11816058,0.75,0.75,"[4, 4]",0.5,False,0.41026805,0.08787722,0.34375802,True
17,5,28,O2,0.13462661,-0.01411857,0.13596703,0.75,0.75,"[4, 4]",0.5,False,0.41026805,0.08787722,0.34375802,True
18,1,0,Fp1,0.11473157,-0.1048155,0.12938662,0.75,0.75,"[4, 4]",0.5,False,0.32964156,0.06665101,0.27620218,True
18,1,1,Fp2,0.07658966,0.05849029,0.08933672,0.75,0.75,"[4, 4]",0.5,False,0.32964156,0.06665101,0.27620218,True
18,1,2,Fz,0.10582611,-0.09947615,0.12178414,0.75,0.75,"[4, 4]",0.5,False,0.32964156,0.06665101,0.27620218,True
18,1,3,F3,0.08459735,0.03096853,0.08691596,0.75,0.75,"[4, 4]",0.5,False,0.32964156,0.06665101,0.27620218,True
18,1,4,F4,0.07040356,0.00431605,0.08049157,0.75,0.75,"[4, 4]",0.5,False,0.32964156,0.06665101,0.27620218,True
18,1,5,F7,0.10054053,0.10054053,0.10700616,0.75,0.75,"[4, 4]",0.5,False,0.32964156,0.06665101,0.27620218,True
18,1,6,F8,0.04759743,-0.0152152,0.05016409,0.75,0.75,"[4, 4]",0.5,False,0.32964156,0.06665101,0.27620218,True
18,1,7,FCz,0.09348761,0.09348761,0.09851365,0.75,0.75,"[4, 4]",0.5,False,0.32964156,0.06665101,0.27620218,True
18,1,8,FC3,0.0538005,0.02041151,0.06131653,0.75,0.75,"[4, 4]",0.5,False,0.32964156,0.06665101,0.27620218,True
18,1,9,FC4,0.0627159,-0.0627159,0.07177728,0.75,0.75,"[4, 4]",0.5,False,0.32964156,0.06665101,0.27620218,True
18,1,10,FT7,0.07961999,-0.03777186,0.09471291,0.75,0.75,"[4, 4]",0.5,False,0.32964156,0.06665101,0.27620218,True
18,1,11,FT8,0.07819717,0.00118137,0.09944174,0.75,0.75,"[4, 4]",0.5,False,0.32964156,0.06665101,0.27620218,True
18,1,12,Cz,0.07118225,0.06414852,0.08146367,0.75,0.75,"[4, 4]",0.5,False,0.32964156,0.06665101,0.27620218,True
18,1,13,C3,0.11274524,0.08953336,0.12168486,0.75,0.75,"[4, 4]",0.5,False,0.32964156,0.06665101,0.27620218,True
18,1,14,C4,0.09187339,-0.08625768,0.1034854,0.75,0.75,"[4, 4]",0.5,False,0.32964156,0.06665101,0.27620218,True
18,1,15,T3,0.15113452,0.15113452,0.1527193,0.75,0.75,"[4, 4]",0.5,False,0.32964156,0.06665101,0.27620218,True
18,1,16,T4,0.12268919,-0.00691495,0.13870735,0.75,0.75,"[4, 4]",0.5,False,0.32964156,0.06665101,0.27620218,True
18,1,17,CP3,0.1049249,0.03368549,0.12584428,0.75,0.75,"[4, 4]",0.5,False,0.32964156,0.06665101,0.27620218,True
18,1,18,CP4,0.10465309,0.03205565,0.1135816,0.75,0.75,"[4, 4]",0.5,False,0.32964156,0.06665101,0.27620218,True
18,1,19,TP7,0.0926477,-0.00177958,0.09978357,0.75,0.75,"[4, 4]",0.5,False,0.32964156,0.06665101,0.27620218,True
18,1,20,TP8,0.11295488,-0.08496933,0.14172685,0.75,0.75,"[4, 4]",0.5,False,0.32964156,0.06665101,0.27620218,True
18,1,21,Pz,0.12235058,-0.00663804,0.12317479,0.75,0.75,"[4, 4]",0.5,False,0.32964156,0.06665101,0.27620218,True
18,1,22,P3,0.13409515,0.13409515,0.1463473,0.75,0.75,"[4, 4]",0.5,False,0.32964156,0.06665101,0.27620218,True
18,1,23,P4,0.08721599,-0.07820456,0.10322977,0.75,0.75,"[4, 4]",0.5,False,0.32964156,0.06665101,0.27620218,True
18,1,24,T5,0.09548924,0.07327612,0.10029883,0.75,0.75,"[4, 4]",0.5,False,0.32964156,0.06665101,0.27620218,True
18,1,25,T6,0.06425123,-0.05237324,0.08453154,0.75,0.75,"[4, 4]",0.5,False,0.32964156,0.06665101,0.27620218,True
18,1,26,Oz,0.0541372,0.01243515,0.06600109,0.75,0.75,"[4, 4]",0.5,False,0.32964156,0.06665101,0.27620218,True
18,1,27,O1,0.1265578,0.0342749,0.15497327,0.75,0.75,"[4, 4]",0.5,False,0.32964156,0.06665101,0.27620218,True
18,1,28,O2,0.14466611,-0.05283793,0.1554673,0.75,0.75,"[4, 4]",0.5,False,0.32964156,0.06665101,0.27620218,True
18,2,0,Fp1,0.04743293,-0.03882632,0.05275436,0.625,0.625,"[5, 3]",0.625,False,1.13481059,0.33528139,0.95084236,True
18,2,1,Fp2,0.01701019,0.00543705,0.02079838,0.625,0.625,"[5, 3]",0.625,False,1.13481059,0.33528139,0.95084236,True
18,2,2,Fz,0.07227867,-0.07055387,0.08710532,0.625,0.625,"[5, 3]",0.625,False,1.13481059,0.33528139,0.95084236,True
18,2,3,F3,0.05160552,0.05151832,0.06137688,0.625,0.625,"[5, 3]",0.625,False,1.13481059,0.33528139,0.95084236,True
18,2,4,F4,0.07737131,0.00955126,0.07959846,0.625,0.625,"[5, 3]",0.625,False,1.13481059,0.33528139,0.95084236,True
18,2,5,F7,0.05782765,0.05782765,0.06543637,0.625,0.625,"[5, 3]",0.625,False,1.13481059,0.33528139,0.95084236,True
18,2,6,F8,0.03024612,-0.02397298,0.04398618,0.625,0.625,"[5, 3]",0.625,False,1.13481059,0.33528139,0.95084236,True
18,2,7,FCz,0.13044715,0.13044715,0.1384349,0.625,0.625,"[5, 3]",0.625,False,1.13481059,0.33528139,0.95084236,True
18,2,8,FC3,0.06081079,-0.06081079,0.07070655,0.625,0.625,"[5, 3]",0.625,False,1.13481059,0.33528139,0.95084236,True
18,2,9,FC4,0.12813759,-0.12813759,0.12963784,0.625,0.625,"[5, 3]",0.625,False,1.13481059,0.33528139,0.95084236,True
18,2,10,FT7,0.07227442,0.03124218,0.08755254,0.625,0.625,"[5, 3]",0.625,False,1.13481059,0.33528139,0.95084236,True
18,2,11,FT8,0.07825901,0.06206818,0.08598711,0.625,0.625,"[5, 3]",0.625,False,1.13481059,0.33528139,0.95084236,True
18,2,12,Cz,0.0751026,-0.04603589,0.11119425,0.625,0.625,"[5, 3]",0.625,False,1.13481059,0.33528139,0.95084236,True
18,2,13,C3,0.11931717,0.11931717,0.12664306,0.625,0.625,"[5, 3]",0.625,False,1.13481059,0.33528139,0.95084236,True
18,2,14,C4,0.21456346,-0.21456346,0.24158041,0.625,0.625,"[5, 3]",0.625,False,1.13481059,0.33528139,0.95084236,True
18,2,15,T3,0.13772209,0.13772209,0.14229625,0.625,0.625,"[5, 3]",0.625,False,1.13481059,0.33528139,0.95084236,True
18,2,16,T4,0.1077577,-0.1077577,0.13500495,0.625,0.625,"[5, 3]",0.625,False,1.13481059,0.33528139,0.95084236,True
18,2,17,CP3,0.08707614,0.04742529,0.08845254,0.625,0.625,"[5, 3]",0.625,False,1.13481059,0.33528139,0.95084236,True
18,2,18,CP4,0.10376339,-0.01467339,0.11771121,0.625,0.625,"[5, 3]",0.625,False,1.13481059,0.33528139,0.95084236,True
18,2,19,TP7,0.11382398,-0.09800413,0.1365568,0.625,0.625,"[5, 3]",0.625,False,1.13481059,0.33528139,0.95084236,True
18,2,20,TP8,0.17633545,-0.14020132,0.19124644,0.625,0.625,"[5, 3]",0.625,False,1.13481059,0.33528139,0.95084236,True
18,2,21,Pz,0.0704625,-0.02616241,0.07534041,0.625,0.625,"[5, 3]",0.625,False,1.13481059,0.33528139,0.95084236,True
18,2,22,P3,0.1570057,0.1570057,0.16242118,0.625,0.625,"[5, 3]",0.625,False,1.13481059,0.33528139,0.95084236,True
18,2,23,P4,0.11688972,0.06449074,0.13625355,0.625,0.625,"[5, 3]",0.625,False,1.13481059,0.33528139,0.95084236,True
18,2,24,T5,0.10794821,0.08422264,0.12164714,0.625,0.625,"[5, 3]",0.625,False,1.13481059,0.33528139,0.95084236,True
18,2,25,T6,0.1259712,0.1259712,0.14928663,0.625,0.625,"[5, 3]",0.625,False,1.13481059,0.33528139,0.95084236,True
18,2,26,Oz,0.13301663,-0.03446484,0.16890648,0.625,0.625,"[5, 3]",0.625,False,1.13481059,0.33528139,0.95084236,True
18,2,27,O1,0.15388992,-0.03934079,0.17089607,0.625,0.625,"[5, 3]",0.625,False,1.13481059,0.33528139,0.95084236,True
18,2,28,O2,0.0893769,-0.00043435,0.09290213,0.625,0.625,"[5, 3]",0.625,False,1.13481059,0.33528139,0.95084236,True
18,3,0,Fp1,0.0564629,-0.0480422,0.06510338,0.625,0.625,"[3, 5]",0.625,False,1.05437485,0.28126906,0.88344635,True
18,3,1,Fp2,0.06219471,0.06219471,0.07073022,0.625,0.625,"[3, 5]",0.625,False,1.05437485,0.28126906,0.88344635,True
18,3,2,Fz,0.06223783,-0.04810996,0.06683675,0.625,0.625,"[3, 5]",0.625,False,1.05437485,0.28126906,0.88344635,True
18,3,3,F3,0.07369909,0.01209575,0.08187003,0.625,0.625,"[3, 5]",0.625,False,1.05437485,0.28126906,0.88344635,True
18,3,4,F4,0.06420779,-0.04976844,0.09089711,0.625,0.625,"[3, 5]",0.625,False,1.05437485,0.28126906,0.88344635,True
18,3,5,F7,0.0548951,-0.00298782,0.05823969,0.625,0.625,"[3, 5]",0.625,False,1.05437485,0.28126906,0.88344635,True
18,3,6,F8,0.06790338,0.04173705,0.08089391,0.625,0.625,"[3, 5]",0.625,False,1.05437485,0.28126906,0.88344635,True
18,3,7,FCz,0.14059058,0.14059058,0.14116037,0.625,0.625,"[3, 5]",0.625,False,1.05437485,0.28126906,0.88344635,True
18,3,8,FC3,0.04677401,-0.01124589,0.06313758,0.625,0.625,"[3, 5]",0.625,False,1.05437485,0.28126906,0.88344635,True
18,3,9,FC4,0.12074746,-0.12074746,0.12978695,0.625,0.625,"[3, 5]",0.625,False,1.05437485,0.28126906,0.88344635,True
18,3,10,FT7,0.06555764,0.01320072,0.0716961,0.625,0.625,"[3, 5]",0.625,False,1.05437485,0.28126906,0.88344635,True
18,3,11,FT8,0.0852568,0.06229619,0.09590583,0.625,0.625,"[3, 5]",0.625,False,1.05437485,0.28126906,0.88344635,True
18,3,12,Cz,0.08323058,0.06499379,0.08759393,0.625,0.625,"[3, 5]",0.625,False,1.05437485,0.28126906,0.88344635,True
18,3,13,C3,0.1161391,-0.1161391,0.14137085,0.625,0.625,"[3, 5]",0.625,False,1.05437485,0.28126906,0.88344635,True
18,3,14,C4,0.17636812,-0.17636812,0.19175273,0.625,0.625,"[3, 5]",0.625,False,1.05437485,0.28126906,0.88344635,True
18,3,15,T3,0.17222583,0.17222583,0.173352,0.625,0.625,"[3, 5]",0.625,False,1.05437485,0.28126906,0.88344635,True
18,3,16,T4,0.05437236,-0.01209186,0.05626368,0.625,0.625,"[3, 5]",0.625,False,1.05437485,0.28126906,0.88344635,True
18,3,17,CP3,0.06858791,0.04293608,0.08185813,0.625,0.625,"[3, 5]",0.625,False,1.05437485,0.28126906,0.88344635,True
18,3,18,CP4,0.07367685,0.00468421,0.09484541,0.625,0.625,"[3, 5]",0.625,False,1.05437485,0.28126906,0.88344635,True
18,3,19,TP7,0.07858458,-0.06006288,0.10331599,0.625,0.625,"[3, 5]",0.625,False,1.05437485,0.28126906,0.88344635,True
18,3,20,TP8,0.15517017,-0.1413231,0.17822792,0.625,0.625,"[3, 5]",0.625,False,1.05437485,0.28126906,0.88344635,True
18,3,21,Pz,0.07589678,-0.0377781,0.07953161,0.625,0.625,"[3, 5]",0.625,False,1.05437485,0.28126906,0.88344635,True
18,3,22,P3,0.22080985,0.22080985,0.23356755,0.625,0.625,"[3, 5]",0.625,False,1.05437485,0.28126906,0.88344635,True
18,3,23,P4,0.12601176,0.09411717,0.13412696,0.625,0.625,"[3, 5]",0.625,False,1.05437485,0.28126906,0.88344635,True
18,3,24,T5,0.05708142,0.04817653,0.06228168,0.625,0.625,"[3, 5]",0.625,False,1.05437485,0.28126906,0.88344635,True
18,3,25,T6,0.08772248,0.01447611,0.0968595,0.625,0.625,"[3, 5]",0.625,False,1.05437485,0.28126906,0.88344635,True
18,3,26,Oz,0.118297,-0.08226429,0.13855401,0.625,0.625,"[3, 5]",0.625,False,1.05437485,0.28126906,0.88344635,True
18,3,27,O1,0.13077426,-0.00475327,0.16144481,0.625,0.625,"[3, 5]",0.625,False,1.05437485,0.28126906,0.88344635,True
18,3,28,O2,0.10677795,-0.01202771,0.11725685,0.625,0.625,"[3, 5]",0.625,False,1.05437485,0.28126906,0.88344635,True
18,4,0,Fp1,0.05213223,-0.04957306,0.07123461,0.875,0.875,"[3, 5]",0.625,False,1.22258378,0.36778498,1.02438633,True
18,4,1,Fp2,0.04839382,0.0391668,0.05919048,0.875,0.875,"[3, 5]",0.625,False,1.22258378,0.36778498,1.02438633,True
18,4,2,Fz,0.0819006,-0.07084318,0.09287652,0.875,0.875,"[3, 5]",0.625,False,1.22258378,0.36778498,1.02438633,True
18,4,3,F3,0.09026952,-0.02165643,0.11964875,0.875,0.875,"[3, 5]",0.625,False,1.22258378,0.36778498,1.02438633,True
18,4,4,F4,0.06044114,0.06044114,0.06454305,0.875,0.875,"[3, 5]",0.625,False,1.22258378,0.36778498,1.02438633,True
18,4,5,F7,0.04386135,0.04386135,0.05129019,0.875,0.875,"[3, 5]",0.625,False,1.22258378,0.36778498,1.02438633,True
18,4,6,F8,0.0157215,0.00168372,0.0177557,0.875,0.875,"[3, 5]",0.625,False,1.22258378,0.36778498,1.02438633,True
18,4,7,FCz,0.04455039,0.04455039,0.05237834,0.875,0.875,"[3, 5]",0.625,False,1.22258378,0.36778498,1.02438633,True
18,4,8,FC3,0.0982083,-0.07189058,0.10345668,0.875,0.875,"[3, 5]",0.625,False,1.22258378,0.36778498,1.02438633,True
18,4,9,FC4,0.04859533,0.01290689,0.05382442,0.875,0.875,"[3, 5]",0.625,False,1.22258378,0.36778498,1.02438633,True
18,4,10,FT7,0.10343228,0.07886866,0.12315139,0.875,0.875,"[3, 5]",0.625,False,1.22258378,0.36778498,1.02438633,True
18,4,11,FT8,0.07484987,0.02559428,0.08886589,0.875,0.875,"[3, 5]",0.625,False,1.22258378,0.36778498,1.02438633,True
18,4,12,Cz,0.06914108,0.06914108,0.10373138,0.875,0.875,"[3, 5]",0.625,False,1.22258378,0.36778498,1.02438633,True
18,4,13,C3,0.03167022,-0.03167022,0.04037931,0.875,0.875,"[3, 5]",0.625,False,1.22258378,0.36778498,1.02438633,True
18,4,14,C4,0.15057915,-0.12393647,0.17122704,0.875,0.875,"[3, 5]",0.625,False,1.22258378,0.36778498,1.02438633,True
18,4,15,T3,0.10062678,0.10062678,0.11080734,0.875,0.875,"[3, 5]",0.625,False,1.22258378,0.36778498,1.02438633,True
18,4,16,T4,0.03712543,0.00138868,0.04674058,0.875,0.875,"[3, 5]",0.625,False,1.22258378,0.36778498,1.02438633,True
18,4,17,CP3,0.08338838,-0.01943554,0.09518358,0.875,0.875,"[3, 5]",0.625,False,1.22258378,0.36778498,1.02438633,True
18,4,18,CP4,0.07138636,-0.06740866,0.09365951,0.875,0.875,"[3, 5]",0.625,False,1.22258378,0.36778498,1.02438633,True
18,4,19,TP7,0.120818,-0.08986659,0.13670345,0.875,0.875,"[3, 5]",0.625,False,1.22258378,0.36778498,1.02438633,True
18,4,20,TP8,0.2225216,-0.19719124,0.25196496,0.875,0.875,"[3, 5]",0.625,False,1.22258378,0.36778498,1.02438633,True
18,4,21,Pz,0.0557459,-0.04908223,0.0611994,0.875,0.875,"[3, 5]",0.625,False,1.22258378,0.36778498,1.02438633,True
18,4,22,P3,0.19915172,0.19915172,0.20736916,0.875,0.875,"[3, 5]",0.625,False,1.22258378,0.36778498,1.02438633,True
18,4,23,P4,0.13287537,0.08676934,0.14807627,0.875,0.875,"[3, 5]",0.625,False,1.22258378,0.36778498,1.02438633,True
18,4,24,T5,0.04488171,0.00984407,0.0542319,0.875,0.875,"[3, 5]",0.625,False,1.22258378,0.36778498,1.02438633,True
18,4,25,T6,0.12044935,0.07145379,0.14120808,0.875,0.875,"[3, 5]",0.625,False,1.22258378,0.36778498,1.02438633,True
18,4,26,Oz,0.15193841,-0.04361364,0.17479736,0.875,0.875,"[3, 5]",0.625,False,1.22258378,0.36778498,1.02438633,True
18,4,27,O1,0.14569445,-0.02092855,0.17384912,0.875,0.875,"[3, 5]",0.625,False,1.22258378,0.36778498,1.02438633,True
18,4,28,O2,0.08402094,0.03719056,0.11384595,0.875,0.875,"[3, 5]",0.625,False,1.22258378,0.36778498,1.02438633,True
18,5,0,Fp1,0.0949291,-0.09111637,0.10958597,0.75,0.75,"[2, 6]",0.75,False,0.42335474,0.09213714,0.35472318,True
18,5,1,Fp2,0.07067157,0.0611448,0.08445437,0.75,0.75,"[2, 6]",0.75,False,0.42335474,0.09213714,0.35472318,True
18,5,2,Fz,0.10161325,-0.08940695,0.11519271,0.75,0.75,"[2, 6]",0.75,False,0.42335474,0.09213714,0.35472318,True
18,5,3,F3,0.10093947,0.05143554,0.10145795,0.75,0.75,"[2, 6]",0.75,False,0.42335474,0.09213714,0.35472318,True
18,5,4,F4,0.04542372,-0.02055249,0.0677093,0.75,0.75,"[2, 6]",0.75,False,0.42335474,0.09213714,0.35472318,True
18,5,5,F7,0.13020314,0.13020314,0.13330984,0.75,0.75,"[2, 6]",0.75,False,0.42335474,0.09213714,0.35472318,True
18,5,6,F8,0.03516464,-0.01038225,0.03712751,0.75,0.75,"[2, 6]",0.75,False,0.42335474,0.09213714,0.35472318,True
18,5,7,FCz,0.12101986,0.12101986,0.12698086,0.75,0.75,"[2, 6]",0.75,False,0.42335474,0.09213714,0.35472318,True
18,5,8,FC3,0.03961021,0.03764684,0.05749223,0.75,0.75,"[2, 6]",0.75,False,0.42335474,0.09213714,0.35472318,True
18,5,9,FC4,0.06721304,-0.06721304,0.07344029,0.75,0.75,"[2, 6]",0.75,False,0.42335474,0.09213714,0.35472318,True
18,5,10,FT7,0.06588128,-0.05964481,0.09063296,0.75,0.75,"[2, 6]",0.75,False,0.42335474,0.09213714,0.35472318,True
18,5,11,FT8,0.07523772,-0.01780816,0.08905879,0.75,0.75,"[2, 6]",0.75,False,0.42335474,0.09213714,0.35472318,True
18,5,12,Cz,0.06935801,0.06935801,0.07839155,0.75,0.75,"[2, 6]",0.75,False,0.42335474,0.09213714,0.35472318,True
18,5,13,C3,0.12138432,0.09035736,0.12808089,0.75,0.75,"[2, 6]",0.75,False,0.42335474,0.09213714,0.35472318,True
18,5,14,C4,0.10643672,-0.10643672,0.11952236,0.75,0.75,"[2, 6]",0.75,False,0.42335474,0.09213714,0.35472318,True
18,5,15,T3,0.13953073,0.13953073,0.14403366,0.75,0.75,"[2, 6]",0.75,False,0.42335474,0.09213714,0.35472318,True
18,5,16,T4,0.11370932,-0.03194325,0.13030657,0.75,0.75,"[2, 6]",0.75,False,0.42335474,0.09213714,0.35472318,True
18,5,17,CP3,0.10348219,0.04015471,0.12463123,0.75,0.75,"[2, 6]",0.75,False,0.42335474,0.09213714,0.35472318,True
18,5,18,CP4,0.1125351,0.03828181,0.12206463,0.75,0.75,"[2, 6]",0.75,False,0.42335474,0.09213714,0.35472318,True
18,5,19,TP7,0.10578343,-0.03204826,0.11367409,0.75,0.75,"[2, 6]",0.75,False,0.42335474,0.09213714,0.35472318,True
18,5,20,TP8,0.1091079,-0.10636283,0.14718303,0.75,0.75,"[2, 6]",0.75,False,0.42335474,0.09213714,0.35472318,True
18,5,21,Pz,0.10859696,-0.01239237,0.11172125,0.75,0.75,"[2, 6]",0.75,False,0.42335474,0.09213714,0.35472318,True
18,5,22,P3,0.16326749,0.16326749,0.17185381,0.75,0.75,"[2, 6]",0.75,False,0.42335474,0.09213714,0.35472318,True
18,5,23,P4,0.0771622,-0.06802532,0.09133794,0.75,0.75,"[2, 6]",0.75,False,0.42335474,0.09213714,0.35472318,True
18,5,24,T5,0.08590808,0.0713104,0.09294779,0.75,0.75,"[2, 6]",0.75,False,0.42335474,0.09213714,0.35472318,True
18,5,25,T6,0.07415737,-0.06497873,0.09440897,0.75,0.75,"[2, 6]",0.75,False,0.42335474,0.09213714,0.35472318,True
18,5,26,Oz,0.06012148,0.00135092,0.0768142,0.75,0.75,"[2, 6]",0.75,False,0.42335474,0.09213714,0.35472318,True
18,5,27,O1,0.12348499,0.04672187,0.14450382,0.75,0.75,"[2, 6]",0.75,False,0.42335474,0.09213714,0.35472318,True
18,5,28,O2,0.14631003,-0.05931303,0.15868922,0.75,0.75,"[2, 6]",0.75,False,0.42335474,0.09213714,0.35472318,True
19,1,0,Fp1,0.10991983,-0.09583199,0.12272036,0.5,0.5,"[0, 8]",1.0,True,0.01127152,0.00211523,0.00944425,True
19,1,1,Fp2,0.07806723,0.061133,0.09505992,0.5,0.5,"[0, 8]",1.0,True,0.01127152,0.00211523,0.00944425,True
19,1,2,Fz,0.10391903,-0.09837808,0.11738566,0.5,0.5,"[0, 8]",1.0,True,0.01127152,0.00211523,0.00944425,True
19,1,3,F3,0.08769467,0.02809109,0.09407377,0.5,0.5,"[0, 8]",1.0,True,0.01127152,0.00211523,0.00944425,True
19,1,4,F4,0.09659801,0.01148633,0.1071631,0.5,0.5,"[0, 8]",1.0,True,0.01127152,0.00211523,0.00944425,True
19,1,5,F7,0.08458845,0.08159954,0.09799241,0.5,0.5,"[0, 8]",1.0,True,0.01127152,0.00211523,0.00944425,True
19,1,6,F8,0.07727219,-0.02991129,0.07814206,0.5,0.5,"[0, 8]",1.0,True,0.01127152,0.00211523,0.00944425,True
19,1,7,FCz,0.09891398,0.09891398,0.11391072,0.5,0.5,"[0, 8]",1.0,True,0.01127152,0.00211523,0.00944425,True
19,1,8,FC3,0.03105849,0.00663392,0.03743616,0.5,0.5,"[0, 8]",1.0,True,0.01127152,0.00211523,0.00944425,True
19,1,9,FC4,0.05802284,-0.05802284,0.07676492,0.5,0.5,"[0, 8]",1.0,True,0.01127152,0.00211523,0.00944425,True
19,1,10,FT7,0.08982587,-0.05813042,0.10310974,0.5,0.5,"[0, 8]",1.0,True,0.01127152,0.00211523,0.00944425,True
19,1,11,FT8,0.08097947,-0.00391105,0.0982009,0.5,0.5,"[0, 8]",1.0,True,0.01127152,0.00211523,0.00944425,True
19,1,12,Cz,0.076594,0.07582297,0.09241432,0.5,0.5,"[0, 8]",1.0,True,0.01127152,0.00211523,0.00944425,True
19,1,13,C3,0.11541103,0.07289614,0.1177203,0.5,0.5,"[0, 8]",1.0,True,0.01127152,0.00211523,0.00944425,True
19,1,14,C4,0.08551916,-0.07593985,0.09662341,0.5,0.5,"[0, 8]",1.0,True,0.01127152,0.00211523,0.00944425,True
19,1,15,T3,0.1270138,0.1270138,0.13241319,0.5,0.5,"[0, 8]",1.0,True,0.01127152,0.00211523,0.00944425,True
19,1,16,T4,0.12168226,0.01301945,0.1340698,0.5,0.5,"[0, 8]",1.0,True,0.01127152,0.00211523,0.00944425,True
19,1,17,CP3,0.12043516,0.03308441,0.1390087,0.5,0.5,"[0, 8]",1.0,True,0.01127152,0.00211523,0.00944425,True
19,1,18,CP4,0.11092345,0.03410951,0.12743895,0.5,0.5,"[0, 8]",1.0,True,0.01127152,0.00211523,0.00944425,True
19,1,19,TP7,0.08452351,-0.01849392,0.0940068,0.5,0.5,"[0, 8]",1.0,True,0.01127152,0.00211523,0.00944425,True
19,1,20,TP8,0.08906201,-0.05989831,0.10870687,0.5,0.5,"[0, 8]",1.0,True,0.01127152,0.00211523,0.00944425,True
19,1,21,Pz,0.15374607,0.00710068,0.1539544,0.5,0.5,"[0, 8]",1.0,True,0.01127152,0.00211523,0.00944425,True
19,1,22,P3,0.10822019,0.10822019,0.1174076,0.5,0.5,"[0, 8]",1.0,True,0.01127152,0.00211523,0.00944425,True
19,1,23,P4,0.10502249,-0.09295199,0.11686021,0.5,0.5,"[0, 8]",1.0,True,0.01127152,0.00211523,0.00944425,True
19,1,24,T5,0.10432243,0.07362404,0.11372489,0.5,0.5,"[0, 8]",1.0,True,0.01127152,0.00211523,0.00944425,True
19,1,25,T6,0.08175474,-0.06277654,0.09280174,0.5,0.5,"[0, 8]",1.0,True,0.01127152,0.00211523,0.00944425,True
19,1,26,Oz,0.07776532,0.04310039,0.08029263,0.5,0.5,"[0, 8]",1.0,True,0.01127152,0.00211523,0.00944425,True
19,1,27,O1,0.12237465,0.0568466,0.13261938,0.5,0.5,"[0, 8]",1.0,True,0.01127152,0.00211523,0.00944425,True
19,1,28,O2,0.14396945,-0.02324578,0.14663558,0.5,0.5,"[0, 8]",1.0,True,0.01127152,0.00211523,0.00944425,True
19,2,0,Fp1,0.10553589,-0.07790833,0.11003262,0.375,0.375,"[3, 5]",0.625,False,0.66387432,0.21100769,0.55625127,True
19,2,1,Fp2,0.06451832,0.04926796,0.06955584,0.375,0.375,"[3, 5]",0.625,False,0.66387432,0.21100769,0.55625127,True
19,2,2,Fz,0.13576689,-0.13576689,0.13983434,0.375,0.375,"[3, 5]",0.625,False,0.66387432,0.21100769,0.55625127,True
19,2,3,F3,0.08375924,0.08375924,0.10185416,0.375,0.375,"[3, 5]",0.625,False,0.66387432,0.21100769,0.55625127,True
19,2,4,F4,0.09606229,0.01472266,0.10424792,0.375,0.375,"[3, 5]",0.625,False,0.66387432,0.21100769,0.55625127,True
19,2,5,F7,0.12867351,0.12867351,0.14928912,0.375,0.375,"[3, 5]",0.625,False,0.66387432,0.21100769,0.55625127,True
19,2,6,F8,0.05843476,-0.02499455,0.06064555,0.375,0.375,"[3, 5]",0.625,False,0.66387432,0.21100769,0.55625127,True
19,2,7,FCz,0.08711737,0.08711737,0.09883122,0.375,0.375,"[3, 5]",0.625,False,0.66387432,0.21100769,0.55625127,True
19,2,8,FC3,0.04849006,-0.03035289,0.06873573,0.375,0.375,"[3, 5]",0.625,False,0.66387432,0.21100769,0.55625127,True
19,2,9,FC4,0.09814505,-0.07241896,0.1110436,0.375,0.375,"[3, 5]",0.625,False,0.66387432,0.21100769,0.55625127,True
19,2,10,FT7,0.08100285,-0.02894126,0.08728053,0.375,0.375,"[3, 5]",0.625,False,0.66387432,0.21100769,0.55625127,True
19,2,11,FT8,0.14019929,0.08169943,0.14332488,0.375,0.375,"[3, 5]",0.625,False,0.66387432,0.21100769,0.55625127,True
19,2,12,Cz,0.05552005,0.02538705,0.06378316,0.375,0.375,"[3, 5]",0.625,False,0.66387432,0.21100769,0.55625127,True
19,2,13,C3,0.11981167,0.08660129,0.12415782,0.375,0.375,"[3, 5]",0.625,False,0.66387432,0.21100769,0.55625127,True
19,2,14,C4,0.11891873,-0.11891873,0.1262563,0.375,0.375,"[3, 5]",0.625,False,0.66387432,0.21100769,0.55625127,True
19,2,15,T3,0.08808431,0.0698601,0.10048674,0.375,0.375,"[3, 5]",0.625,False,0.66387432,0.21100769,0.55625127,True
19,2,16,T4,0.12172887,0.08890353,0.15102682,0.375,0.375,"[3, 5]",0.625,False,0.66387432,0.21100769,0.55625127,True
19,2,17,CP3,0.1315483,0.01645211,0.14675061,0.375,0.375,"[3, 5]",0.625,False,0.66387432,0.21100769,0.55625127,True
19,2,18,CP4,0.12349281,0.04878036,0.13877486,0.375,0.375,"[3, 5]",0.625,False,0.66387432,0.21100769,0.55625127,True
19,2,19,TP7,0.10757294,-0.08318095,0.11758719,0.375,0.375,"[3, 5]",0.625,False,0.66387432,0.21100769,0.55625127,True
19,2,20,TP8,0.1094242,-0.05796114,0.12415811,0.375,0.375,"[3, 5]",0.625,False,0.66387432,0.21100769,0.55625127,True
19,2,21,Pz,0.17465261,-0.02789146,0.18642302,0.375,0.375,"[3, 5]",0.625,False,0.66387432,0.21100769,0.55625127,True
19,2,22,P3,0.09677583,0.09677583,0.09924511,0.375,0.375,"[3, 5]",0.625,False,0.66387432,0.21100769,0.55625127,True
19,2,23,P4,0.09720437,-0.05946496,0.09806377,0.375,0.375,"[3, 5]",0.625,False,0.66387432,0.21100769,0.55625127,True
19,2,24,T5,0.0624515,0.01223632,0.06983689,0.375,0.375,"[3, 5]",0.625,False,0.66387432,0.21100769,0.55625127,True
19,2,25,T6,0.05684628,-0.04928465,0.07163764,0.375,0.375,"[3, 5]",0.625,False,0.66387432,0.21100769,0.55625127,True
19,2,26,Oz,0.06270611,0.03783336,0.06334189,0.375,0.375,"[3, 5]",0.625,False,0.66387432,0.21100769,0.55625127,True
19,2,27,O1,0.11067486,0.05840527,0.12383179,0.375,0.375,"[3, 5]",0.625,False,0.66387432,0.21100769,0.55625127,True
19,2,28,O2,0.15751226,-0.0593667,0.16913548,0.375,0.375,"[3, 5]",0.625,False,0.66387432,0.21100769,0.55625127,True
19,3,0,Fp1,0.11002924,-0.09619235,0.12274348,0.5,0.5,"[0, 8]",1.0,True,0.00999798,0.00198431,0.00837717,True
19,3,1,Fp2,0.07801262,0.06140279,0.09545242,0.5,0.5,"[0, 8]",1.0,True,0.00999798,0.00198431,0.00837717,True
19,3,2,Fz,0.10361093,-0.09863067,0.11737853,0.5,0.5,"[0, 8]",1.0,True,0.00999798,0.00198431,0.00837717,True
19,3,3,F3,0.08761221,0.02744093,0.09437506,0.5,0.5,"[0, 8]",1.0,True,0.00999798,0.00198431,0.00837717,True
19,3,4,F4,0.09711684,0.01226879,0.10742624,0.5,0.5,"[0, 8]",1.0,True,0.00999798,0.00198431,0.00837717,True
19,3,5,F7,0.08462948,0.08243357,0.09844363,0.5,0.5,"[0, 8]",1.0,True,0.00999798,0.00198431,0.00837717,True
19,3,6,F8,0.07639365,-0.0287306,0.07738266,0.5,0.5,"[0, 8]",1.0,True,0.00999798,0.00198431,0.00837717,True
19,3,7,FCz,0.09860551,0.09860551,0.11416256,0.5,0.5,"[0, 8]",1.0,True,0.00999798,0.00198431,0.00837717,True
19,3,8,FC3,0.03136275,0.00675621,0.03780484,0.5,0.5,"[0, 8]",1.0,True,0.00999798,0.00198431,0.00837717,True
19,3,9,FC4,0.05844972,-0.05844972,0.07712325,0.5,0.5,"[0, 8]",1.0,True,0.00999798,0.00198431,0.00837717,True
19,3,10,FT7,0.08998448,-0.05758311,0.10364616,0.5,0.5,"[0, 8]",1.0,True,0.00999798,0.00198431,0.00837717,True
19,3,11,FT8,0.08052069,-0.0035701,0.09746605,0.5,0.5,"[0, 8]",1.0,True,0.00999798,0.00198431,0.00837717,True
19,3,12,Cz,0.07770809,0.07569429,0.09308162,0.5,0.5,"[0, 8]",1.0,True,0.00999798,0.00198431,0.00837717,True
19,3,13,C3,0.11578134,0.07284467,0.11801238,0.5,0.5,"[0, 8]",1.0,True,0.00999798,0.00198431,0.00837717,True
19,3,14,C4,0.08559439,-0.07565415,0.09633868,0.5,0.5,"[0, 8]",1.0,True,0.00999798,0.00198431,0.00837717,True
19,3,15,T3,0.12691189,0.12691189,0.1321768,0.5,0.5,"[0, 8]",1.0,True,0.00999798,0.00198431,0.00837717,True
19,3,16,T4,0.12196854,0.013787,0.13447097,0.5,0.5,"[0, 8]",1.0,True,0.00999798,0.00198431,0.00837717,True
19,3,17,CP3,0.12029482,0.0333476,0.1390183,0.5,0.5,"[0, 8]",1.0,True,0.00999798,0.00198431,0.00837717,True
19,3,18,CP4,0.11097917,0.0337259,0.12771085,0.5,0.5,"[0, 8]",1.0,True,0.00999798,0.00198431,0.00837717,True
19,3,19,TP7,0.08392087,-0.01922802,0.09376594,0.5,0.5,"[0, 8]",1.0,True,0.00999798,0.00198431,0.00837717,True
19,3,20,TP8,0.08901043,-0.05969503,0.10843399,0.5,0.5,"[0, 8]",1.0,True,0.00999798,0.00198431,0.00837717,True
19,3,21,Pz,0.15305892,0.00619566,0.15322487,0.5,0.5,"[0, 8]",1.0,True,0.00999798,0.00198431,0.00837717,True
19,3,22,P3,0.10807794,0.10807794,0.11737503,0.5,0.5,"[0, 8]",1.0,True,0.00999798,0.00198431,0.00837717,True
19,3,23,P4,0.10568765,-0.09382217,0.11767655,0.5,0.5,"[0, 8]",1.0,True,0.00999798,0.00198431,0.00837717,True
19,3,24,T5,0.10471704,0.0734449,0.1141761,0.5,0.5,"[0, 8]",1.0,True,0.00999798,0.00198431,0.00837717,True
19,3,25,T6,0.08131115,-0.06305653,0.09270588,0.5,0.5,"[0, 8]",1.0,True,0.00999798,0.00198431,0.00837717,True
19,3,26,Oz,0.07757908,0.04256304,0.07998223,0.5,0.5,"[0, 8]",1.0,True,0.00999798,0.00198431,0.00837717,True
19,3,27,O1,0.12229261,0.05629075,0.13249247,0.5,0.5,"[0, 8]",1.0,True,0.00999798,0.00198431,0.00837717,True
19,3,28,O2,0.14384124,-0.02365018,0.14658234,0.5,0.5,"[0, 8]",1.0,True,0.00999798,0.00198431,0.00837717,True
19,4,0,Fp1,0.1091532,-0.09544786,0.1220049,0.5,0.5,"[0, 8]",1.0,True,0.01048822,0.00220141,0.00878793,True
19,4,1,Fp2,0.07798101,0.06138631,0.09518113,0.5,0.5,"[0, 8]",1.0,True,0.01048822,0.00220141,0.00878793,True
19,4,2,Fz,0.10435036,-0.0979308,0.11747603,0.5,0.5,"[0, 8]",1.0,True,0.01048822,0.00220141,0.00878793,True
19,4,3,F3,0.08848079,0.02802837,0.09495115,0.5,0.5,"[0, 8]",1.0,True,0.01048822,0.00220141,0.00878793,True
19,4,4,F4,0.09713106,0.01185198,0.1075847,0.5,0.5,"[0, 8]",1.0,True,0.01048822,0.00220141,0.00878793,True
19,4,5,F7,0.08499197,0.08279345,0.09891019,0.5,0.5,"[0, 8]",1.0,True,0.01048822,0.00220141,0.00878793,True
19,4,6,F8,0.07709074,-0.02965353,0.07797619,0.5,0.5,"[0, 8]",1.0,True,0.01048822,0.00220141,0.00878793,True
19,4,7,FCz,0.09868699,0.09868699,0.11406031,0.5,0.5,"[0, 8]",1.0,True,0.01048822,0.00220141,0.00878793,True
19,4,8,FC3,0.03057283,0.00629525,0.03731093,0.5,0.5,"[0, 8]",1.0,True,0.01048822,0.00220141,0.00878793,True
19,4,9,FC4,0.05873433,-0.05873433,0.0771416,0.5,0.5,"[0, 8]",1.0,True,0.01048822,0.00220141,0.00878793,True
19,4,10,FT7,0.08975151,-0.0576607,0.1033925,0.5,0.5,"[0, 8]",1.0,True,0.01048822,0.00220141,0.00878793,True
19,4,11,FT8,0.08088331,-0.00444403,0.09817801,0.5,0.5,"[0, 8]",1.0,True,0.01048822,0.00220141,0.00878793,True
19,4,12,Cz,0.07723888,0.07525761,0.09268539,0.5,0.5,"[0, 8]",1.0,True,0.01048822,0.00220141,0.00878793,True
19,4,13,C3,0.11527124,0.07231499,0.11749433,0.5,0.5,"[0, 8]",1.0,True,0.01048822,0.00220141,0.00878793,True
19,4,14,C4,0.08613241,-0.07566023,0.09670138,0.5,0.5,"[0, 8]",1.0,True,0.01048822,0.00220141,0.00878793,True
19,4,15,T3,0.12689054,0.12689054,0.13241322,0.5,0.5,"[0, 8]",1.0,True,0.01048822,0.00220141,0.00878793,True
19,4,16,T4,0.12175599,0.01321249,0.1340536,0.5,0.5,"[0, 8]",1.0,True,0.01048822,0.00220141,0.00878793,True
19,4,17,CP3,0.1202685,0.03308658,0.13884634,0.5,0.5,"[0, 8]",1.0,True,0.01048822,0.00220141,0.00878793,True
19,4,18,CP4,0.11070166,0.03401407,0.12730879,0.5,0.5,"[0, 8]",1.0,True,0.01048822,0.00220141,0.00878793,True
19,4,19,TP7,0.0843427,-0.0185753,0.09431908,0.5,0.5,"[0, 8]",1.0,True,0.01048822,0.00220141,0.00878793,True
19,4,20,TP8,0.0884079,-0.05966466,0.10790352,0.5,0.5,"[0, 8]",1.0,True,0.01048822,0.00220141,0.00878793,True
19,4,21,Pz,0.15333603,0.00651864,0.15352227,0.5,0.5,"[0, 8]",1.0,True,0.01048822,0.00220141,0.00878793,True
19,4,22,P3,0.10798907,0.10798907,0.11742834,0.5,0.5,"[0, 8]",1.0,True,0.01048822,0.00220141,0.00878793,True
19,4,23,P4,0.10500155,-0.09324722,0.11702936,0.5,0.5,"[0, 8]",1.0,True,0.01048822,0.00220141,0.00878793,True
19,4,24,T5,0.10546175,0.07392962,0.11470424,0.5,0.5,"[0, 8]",1.0,True,0.01048822,0.00220141,0.00878793,True
19,4,25,T6,0.08144218,-0.0625506,0.09243571,0.5,0.5,"[0, 8]",1.0,True,0.01048822,0.00220141,0.00878793,True
19,4,26,Oz,0.07847927,0.0431558,0.08093331,0.5,0.5,"[0, 8]",1.0,True,0.01048822,0.00220141,0.00878793,True
19,4,27,O1,0.1218902,0.05685994,0.13200913,0.5,0.5,"[0, 8]",1.0,True,0.01048822,0.00220141,0.00878793,True
19,4,28,O2,0.14397097,-0.02296014,0.14651649,0.5,0.5,"[0, 8]",1.0,True,0.01048822,0.00220141,0.00878793,True
19,5,0,Fp1,0.1104369,-0.09638688,0.12390167,0.5,0.5,"[0, 8]",1.0,True,0.02856311,0.00557685,0.02393265,True
19,5,1,Fp2,0.08043252,0.06281503,0.09665304,0.5,0.5,"[0, 8]",1.0,True,0.02856311,0.00557685,0.02393265,True
19,5,2,Fz,0.10448488,-0.0996576,0.1184349,0.5,0.5,"[0, 8]",1.0,True,0.02856311,0.00557685,0.02393265,True
19,5,3,F3,0.08624282,0.0256853,0.09335046,0.5,0.5,"[0, 8]",1.0,True,0.02856311,0.00557685,0.02393265,True
19,5,4,F4,0.09676547,0.01082085,0.10747176,0.5,0.5,"[0, 8]",1.0,True,0.02856311,0.00557685,0.02393265,True
19,5,5,F7,0.08351365,0.08221546,0.09809021,0.5,0.5,"[0, 8]",1.0,True,0.02856311,0.00557685,0.02393265,True
19,5,6,F8,0.07624596,-0.0296075,0.0769428,0.5,0.5,"[0, 8]",1.0,True,0.02856311,0.00557685,0.02393265,True
19,5,7,FCz,0.09657539,0.09657539,0.11145344,0.5,0.5,"[0, 8]",1.0,True,0.02856311,0.00557685,0.02393265,True
19,5,8,FC3,0.02962893,0.00511265,0.03628104,0.5,0.5,"[0, 8]",1.0,True,0.02856311,0.00557685,0.02393265,True
19,5,9,FC4,0.06074156,-0.06074156,0.07902338,0.5,0.5,"[0, 8]",1.0,True,0.02856311,0.00557685,0.02393265,True
19,5,10,FT7,0.08915305,-0.05872465,0.10327751,0.5,0.5,"[0, 8]",1.0,True,0.02856311,0.00557685,0.02393265,True
19,5,11,FT8,0.08264259,-0.00161103,0.09980646,0.5,0.5,"[0, 8]",1.0,True,0.02856311,0.00557685,0.02393265,True
19,5,12,Cz,0.07425258,0.07372193,0.09019243,0.5,0.5,"[0, 8]",1.0,True,0.02856311,0.00557685,0.02393265,True
19,5,13,C3,0.11586462,0.0711246,0.1179635,0.5,0.5,"[0, 8]",1.0,True,0.02856311,0.00557685,0.02393265,True
19,5,14,C4,0.08500454,-0.07552345,0.09619813,0.5,0.5,"[0, 8]",1.0,True,0.02856311,0.00557685,0.02393265,True
19,5,15,T3,0.12683523,0.12683523,0.13294691,0.5,0.5,"[0, 8]",1.0,True,0.02856311,0.00557685,0.02393265,True
19,5,16,T4,0.12155359,0.01521904,0.13414387,0.5,0.5,"[0, 8]",1.0,True,0.02856311,0.00557685,0.02393265,True
19,5,17,CP3,0.11837032,0.03139726,0.13712898,0.5,0.5,"[0, 8]",1.0,True,0.02856311,0.00557685,0.02393265,True
19,5,18,CP4,0.11109908,0.03325902,0.12779807,0.5,0.5,"[0, 8]",1.0,True,0.02856311,0.00557685,0.02393265,True
19,5,19,TP7,0.08447081,-0.01855955,0.09387978,0.5,0.5,"[0, 8]",1.0,True,0.02856311,0.00557685,0.02393265,True
19,5,20,TP8,0.09043889,-0.05901518,0.10949074,0.5,0.5,"[0, 8]",1.0,True,0.02856311,0.00557685,0.02393265,True
19,5,21,Pz,0.15419257,0.005605,0.15434803,0.5,0.5,"[0, 8]",1.0,True,0.02856311,0.00557685,0.02393265,True
19,5,22,P3,0.10738061,0.10738061,0.11669842,0.5,0.5,"[0, 8]",1.0,True,0.02856311,0.00557685,0.02393265,True
19,5,23,P4,0.10416815,-0.09358719,0.11633836,0.5,0.5,"[0, 8]",1.0,True,0.02856311,0.00557685,0.02393265,True
19,5,24,T5,0.10414797,0.07400158,0.11346523,0.5,0.5,"[0, 8]",1.0,True,0.02856311,0.00557685,0.02393265,True
19,5,25,T6,0.08036718,-0.06183184,0.0912358,0.5,0.5,"[0, 8]",1.0,True,0.02856311,0.00557685,0.02393265,True
19,5,26,Oz,0.07815687,0.04296372,0.08077196,0.5,0.5,"[0, 8]",1.0,True,0.02856311,0.00557685,0.02393265,True
19,5,27,O1,0.12245866,0.05621425,0.13225341,0.5,0.5,"[0, 8]",1.0,True,0.02856311,0.00557685,0.02393265,True
19,5,28,O2,0.14364158,-0.02269004,0.14608324,0.5,0.5,"[0, 8]",1.0,True,0.02856311,0.00557685,0.02393265,True
20,1,0,Fp1,0.11077346,-0.09584957,0.12334397,0.375,0.375,"[1, 7]",0.875,False,0.01256275,0.00219306,0.01052616,True
20,1,1,Fp2,0.07673559,0.06120193,0.09447786,0.375,0.375,"[1, 7]",0.875,False,0.01256275,0.00219306,0.01052616,True
20,1,2,Fz,0.10310064,-0.09794903,0.1167158,0.375,0.375,"[1, 7]",0.875,False,0.01256275,0.00219306,0.01052616,True
20,1,3,F3,0.08879419,0.0279956,0.09561896,0.375,0.375,"[1, 7]",0.875,False,0.01256275,0.00219306,0.01052616,True
20,1,4,F4,0.09851931,0.01272574,0.10897328,0.375,0.375,"[1, 7]",0.875,False,0.01256275,0.00219306,0.01052616,True
20,1,5,F7,0.08339335,0.08103396,0.09690563,0.375,0.375,"[1, 7]",0.875,False,0.01256275,0.00219306,0.01052616,True
20,1,6,F8,0.07692688,-0.02883468,0.0780163,0.375,0.375,"[1, 7]",0.875,False,0.01256275,0.00219306,0.01052616,True
20,1,7,FCz,0.09921961,0.09921961,0.11482416,0.375,0.375,"[1, 7]",0.875,False,0.01256275,0.00219306,0.01052616,True
20,1,8,FC3,0.03063728,0.0064191,0.03727362,0.375,0.375,"[1, 7]",0.875,False,0.01256275,0.00219306,0.01052616,True
20,1,9,FC4,0.0576099,-0.0576099,0.07592958,0.375,0.375,"[1, 7]",0.875,False,0.01256275,0.00219306,0.01052616,True
20,1,10,FT7,0.090663,-0.05849168,0.10362346,0.375,0.375,"[1, 7]",0.875,False,0.01256275,0.00219306,0.01052616,True
20,1,11,FT8,0.07950347,-0.00361491,0.09670941,0.375,0.375,"[1, 7]",0.875,False,0.01256275,0.00219306,0.01052616,True
20,1,12,Cz,0.07748795,0.07599528,0.09316006,0.375,0.375,"[1, 7]",0.875,False,0.01256275,0.00219306,0.01052616,True
20,1,13,C3,0.11549357,0.07313111,0.11779034,0.375,0.375,"[1, 7]",0.875,False,0.01256275,0.00219306,0.01052616,True
20,1,14,C4,0.08556479,-0.07480948,0.09598203,0.375,0.375,"[1, 7]",0.875,False,0.01256275,0.00219306,0.01052616,True
20,1,15,T3,0.1261289,0.1261289,0.1311892,0.375,0.375,"[1, 7]",0.875,False,0.01256275,0.00219306,0.01052616,True
20,1,16,T4,0.12189926,0.01393412,0.13421082,0.375,0.375,"[1, 7]",0.875,False,0.01256275,0.00219306,0.01052616,True
20,1,17,CP3,0.12123998,0.03355915,0.13966374,0.375,0.375,"[1, 7]",0.875,False,0.01256275,0.00219306,0.01052616,True
20,1,18,CP4,0.11132433,0.03509942,0.12760538,0.375,0.375,"[1, 7]",0.875,False,0.01256275,0.00219306,0.01052616,True
20,1,19,TP7,0.08442935,-0.01886076,0.09450272,0.375,0.375,"[1, 7]",0.875,False,0.01256275,0.00219306,0.01052616,True
20,1,20,TP8,0.08863836,-0.05906042,0.10763085,0.375,0.375,"[1, 7]",0.875,False,0.01256275,0.00219306,0.01052616,True
20,1,21,Pz,0.15298054,0.00717595,0.1531979,0.375,0.375,"[1, 7]",0.875,False,0.01256275,0.00219306,0.01052616,True
20,1,22,P3,0.10821507,0.10821507,0.11714289,0.375,0.375,"[1, 7]",0.875,False,0.01256275,0.00219306,0.01052616,True
20,1,23,P4,0.10403292,-0.09240194,0.1160866,0.375,0.375,"[1, 7]",0.875,False,0.01256275,0.00219306,0.01052616,True
20,1,24,T5,0.10560918,0.07329957,0.11532117,0.375,0.375,"[1, 7]",0.875,False,0.01256275,0.00219306,0.01052616,True
20,1,25,T6,0.08159643,-0.06243725,0.09258947,0.375,0.375,"[1, 7]",0.875,False,0.01256275,0.00219306,0.01052616,True
20,1,26,Oz,0.07850374,0.04229161,0.0807765,0.375,0.375,"[1, 7]",0.875,False,0.01256275,0.00219306,0.01052616,True
20,1,27,O1,0.12178984,0.05557272,0.13172536,0.375,0.375,"[1, 7]",0.875,False,0.01256275,0.00219306,0.01052616,True
20,1,28,O2,0.14433292,-0.02342224,0.14696494,0.375,0.375,"[1, 7]",0.875,False,0.01256275,0.00219306,0.01052616,True
20,2,0,Fp1,0.10993484,-0.096187,0.12285455,0.5,0.5,"[0, 8]",1.0,True,0.01135998,0.00199331,0.00951837,True
20,2,1,Fp2,0.07772174,0.06114313,0.09551694,0.5,0.5,"[0, 8]",1.0,True,0.01135998,0.00199331,0.00951837,True
20,2,2,Fz,0.10350759,-0.09822956,0.1170188,0.5,0.5,"[0, 8]",1.0,True,0.01135998,0.00199331,0.00951837,True
20,2,3,F3,0.08795105,0.0270461,0.09471688,0.5,0.5,"[0, 8]",1.0,True,0.01135998,0.00199331,0.00951837,True
20,2,4,F4,0.09763278,0.01303726,0.10758773,0.5,0.5,"[0, 8]",1.0,True,0.01135998,0.00199331,0.00951837,True
20,2,5,F7,0.08438216,0.0809729,0.09739845,0.5,0.5,"[0, 8]",1.0,True,0.01135998,0.00199331,0.00951837,True
20,2,6,F8,0.07765384,-0.02949103,0.07863732,0.5,0.5,"[0, 8]",1.0,True,0.01135998,0.00199331,0.00951837,True
20,2,7,FCz,0.09929473,0.09929473,0.11462913,0.5,0.5,"[0, 8]",1.0,True,0.01135998,0.00199331,0.00951837,True
20,2,8,FC3,0.03024618,0.00605947,0.03672207,0.5,0.5,"[0, 8]",1.0,True,0.01135998,0.00199331,0.00951837,True
20,2,9,FC4,0.05715001,-0.05715001,0.0756643,0.5,0.5,"[0, 8]",1.0,True,0.01135998,0.00199331,0.00951837,True
20,2,10,FT7,0.09121867,-0.05891487,0.10424176,0.5,0.5,"[0, 8]",1.0,True,0.01135998,0.00199331,0.00951837,True
20,2,11,FT8,0.07945162,-0.0040373,0.09684543,0.5,0.5,"[0, 8]",1.0,True,0.01135998,0.00199331,0.00951837,True
20,2,12,Cz,0.07791369,0.07595008,0.09330401,0.5,0.5,"[0, 8]",1.0,True,0.01135998,0.00199331,0.00951837,True
20,2,13,C3,0.11551132,0.07307526,0.11781282,0.5,0.5,"[0, 8]",1.0,True,0.01135998,0.00199331,0.00951837,True
20,2,14,C4,0.08542125,-0.07455212,0.09585761,0.5,0.5,"[0, 8]",1.0,True,0.01135998,0.00199331,0.00951837,True
20,2,15,T3,0.12583306,0.12583306,0.13089186,0.5,0.5,"[0, 8]",1.0,True,0.01135998,0.00199331,0.00951837,True
20,2,16,T4,0.12207161,0.01354237,0.13435896,0.5,0.5,"[0, 8]",1.0,True,0.01135998,0.00199331,0.00951837,True
20,2,17,CP3,0.12199846,0.03357276,0.14051877,0.5,0.5,"[0, 8]",1.0,True,0.01135998,0.00199331,0.00951837,True
20,2,18,CP4,0.11138751,0.03528737,0.12818915,0.5,0.5,"[0, 8]",1.0,True,0.01135998,0.00199331,0.00951837,True
20,2,19,TP7,0.08528027,-0.01965873,0.09538588,0.5,0.5,"[0, 8]",1.0,True,0.01135998,0.00199331,0.00951837,True
20,2,20,TP8,0.0896107,-0.05874162,0.10838514,0.5,0.5,"[0, 8]",1.0,True,0.01135998,0.00199331,0.00951837,True
20,2,21,Pz,0.15211374,0.00748347,0.15233821,0.5,0.5,"[0, 8]",1.0,True,0.01135998,0.00199331,0.00951837,True
20,2,22,P3,0.10863951,0.10863951,0.11782737,0.5,0.5,"[0, 8]",1.0,True,0.01135998,0.00199331,0.00951837,True
20,2,23,P4,0.10405847,-0.09217519,0.11578538,0.5,0.5,"[0, 8]",1.0,True,0.01135998,0.00199331,0.00951837,True
20,2,24,T5,0.10539256,0.07294562,0.11447711,0.5,0.5,"[0, 8]",1.0,True,0.01135998,0.00199331,0.00951837,True
20,2,25,T6,0.0814702,-0.06221388,0.09235783,0.5,0.5,"[0, 8]",1.0,True,0.01135998,0.00199331,0.00951837,True
20,2,26,Oz,0.07854692,0.04297911,0.08092225,0.5,0.5,"[0, 8]",1.0,True,0.01135998,0.00199331,0.00951837,True
20,2,27,O1,0.12174745,0.0557321,0.13172163,0.5,0.5,"[0, 8]",1.0,True,0.01135998,0.00199331,0.00951837,True
20,2,28,O2,0.14453788,-0.02297795,0.14708549,0.5,0.5,"[0, 8]",1.0,True,0.01135998,0.00199331,0.00951837,True
20,3,0,Fp1,0.10992844,-0.09629598,0.12277977,0.5,0.5,"[0, 8]",1.0,True,0.01006214,0.00229071,0.00843093,True
20,3,1,Fp2,0.07757412,0.06080747,0.09548518,0.5,0.5,"[0, 8]",1.0,True,0.01006214,0.00229071,0.00843093,True
20,3,2,Fz,0.10349564,-0.0978501,0.11686393,0.5,0.5,"[0, 8]",1.0,True,0.01006214,0.00229071,0.00843093,True
20,3,3,F3,0.08793992,0.02765537,0.09483506,0.5,0.5,"[0, 8]",1.0,True,0.01006214,0.00229071,0.00843093,True
20,3,4,F4,0.09732027,0.01247489,0.10767321,0.5,0.5,"[0, 8]",1.0,True,0.01006214,0.00229071,0.00843093,True
20,3,5,F7,0.08347014,0.0802467,0.09666712,0.5,0.5,"[0, 8]",1.0,True,0.01006214,0.00229071,0.00843093,True
20,3,6,F8,0.07811227,-0.02994981,0.07906022,0.5,0.5,"[0, 8]",1.0,True,0.01006214,0.00229071,0.00843093,True
20,3,7,FCz,0.09920964,0.09920964,0.11451067,0.5,0.5,"[0, 8]",1.0,True,0.01006214,0.00229071,0.00843093,True
20,3,8,FC3,0.03099197,0.00584045,0.03767557,0.5,0.5,"[0, 8]",1.0,True,0.01006214,0.00229071,0.00843093,True
20,3,9,FC4,0.05758859,-0.05758859,0.07600406,0.5,0.5,"[0, 8]",1.0,True,0.01006214,0.00229071,0.00843093,True
20,3,10,FT7,0.09011093,-0.05805434,0.103237,0.5,0.5,"[0, 8]",1.0,True,0.01006214,0.00229071,0.00843093,True
20,3,11,FT8,0.07982875,-0.00402975,0.09697361,0.5,0.5,"[0, 8]",1.0,True,0.01006214,0.00229071,0.00843093,True
20,3,12,Cz,0.0777015,0.0758666,0.09304314,0.5,0.5,"[0, 8]",1.0,True,0.01006214,0.00229071,0.00843093,True
20,3,13,C3,0.11494826,0.07307911,0.1172683,0.5,0.5,"[0, 8]",1.0,True,0.01006214,0.00229071,0.00843093,True
20,3,14,C4,0.08589283,-0.07469194,0.09612995,0.5,0.5,"[0, 8]",1.0,True,0.01006214,0.00229071,0.00843093,True
20,3,15,T3,0.12579845,0.12579845,0.13101362,0.5,0.5,"[0, 8]",1.0,True,0.01006214,0.00229071,0.00843093,True
20,3,16,T4,0.12173118,0.01321433,0.13409382,0.5,0.5,"[0, 8]",1.0,True,0.01006214,0.00229071,0.00843093,True
20,3,17,CP3,0.12192339,0.03375816,0.14039598,0.5,0.5,"[0, 8]",1.0,True,0.01006214,0.00229071,0.00843093,True
20,3,18,CP4,0.11073918,0.03504932,0.12745048,0.5,0.5,"[0, 8]",1.0,True,0.01006214,0.00229071,0.00843093,True
20,3,19,TP7,0.08546605,-0.01891224,0.09535398,0.5,0.5,"[0, 8]",1.0,True,0.01006214,0.00229071,0.00843093,True
20,3,20,TP8,0.08980283,-0.05920966,0.10878796,0.5,0.5,"[0, 8]",1.0,True,0.01006214,0.00229071,0.00843093,True
20,3,21,Pz,0.15220863,0.00735009,0.15242183,0.5,0.5,"[0, 8]",1.0,True,0.01006214,0.00229071,0.00843093,True
20,3,22,P3,0.10893364,0.10893364,0.11804568,0.5,0.5,"[0, 8]",1.0,True,0.01006214,0.00229071,0.00843093,True
20,3,23,P4,0.10446613,-0.09245823,0.11620111,0.5,0.5,"[0, 8]",1.0,True,0.01006214,0.00229071,0.00843093,True
20,3,24,T5,0.1061392,0.07424198,0.11579195,0.5,0.5,"[0, 8]",1.0,True,0.01006214,0.00229071,0.00843093,True
20,3,25,T6,0.080917,-0.06206027,0.09242754,0.5,0.5,"[0, 8]",1.0,True,0.01006214,0.00229071,0.00843093,True
20,3,26,Oz,0.07770631,0.04308043,0.08033208,0.5,0.5,"[0, 8]",1.0,True,0.01006214,0.00229071,0.00843093,True
20,3,27,O1,0.1215187,0.0555734,0.13184164,0.5,0.5,"[0, 8]",1.0,True,0.01006214,0.00229071,0.00843093,True
20,3,28,O2,0.14389774,-0.0233205,0.1465555,0.5,0.5,"[0, 8]",1.0,True,0.01006214,0.00229071,0.00843093,True
20,4,0,Fp1,0.11060576,-0.09592229,0.12316105,0.5,0.5,"[0, 8]",1.0,True,0.0126067,0.00213799,0.01056299,True
20,4,1,Fp2,0.07695206,0.06121254,0.09514888,0.5,0.5,"[0, 8]",1.0,True,0.0126067,0.00213799,0.01056299,True
20,4,2,Fz,0.10326729,-0.09767007,0.11665622,0.5,0.5,"[0, 8]",1.0,True,0.0126067,0.00213799,0.01056299,True
20,4,3,F3,0.08785073,0.02798384,0.09473517,0.5,0.5,"[0, 8]",1.0,True,0.0126067,0.00213799,0.01056299,True
20,4,4,F4,0.09857621,0.0127214,0.10901459,0.5,0.5,"[0, 8]",1.0,True,0.0126067,0.00213799,0.01056299,True
20,4,5,F7,0.08399129,0.08068506,0.09703908,0.5,0.5,"[0, 8]",1.0,True,0.0126067,0.00213799,0.01056299,True
20,4,6,F8,0.07802048,-0.02964919,0.07905272,0.5,0.5,"[0, 8]",1.0,True,0.0126067,0.00213799,0.01056299,True
20,4,7,FCz,0.09949243,0.09949243,0.11494342,0.5,0.5,"[0, 8]",1.0,True,0.0126067,0.00213799,0.01056299,True
20,4,8,FC3,0.03094206,0.00679779,0.03713887,0.5,0.5,"[0, 8]",1.0,True,0.0126067,0.00213799,0.01056299,True
20,4,9,FC4,0.05750147,-0.05750147,0.07598475,0.5,0.5,"[0, 8]",1.0,True,0.0126067,0.00213799,0.01056299,True
20,4,10,FT7,0.0909121,-0.05813501,0.10375208,0.5,0.5,"[0, 8]",1.0,True,0.0126067,0.00213799,0.01056299,True
20,4,11,FT8,0.07941681,-0.00357811,0.09642398,0.5,0.5,"[0, 8]",1.0,True,0.0126067,0.00213799,0.01056299,True
20,4,12,Cz,0.07792799,0.07618174,0.09346106,0.5,0.5,"[0, 8]",1.0,True,0.0126067,0.00213799,0.01056299,True
20,4,13,C3,0.11554287,0.0732027,0.11784779,0.5,0.5,"[0, 8]",1.0,True,0.0126067,0.00213799,0.01056299,True
20,4,14,C4,0.08545728,-0.07445098,0.09581751,0.5,0.5,"[0, 8]",1.0,True,0.0126067,0.00213799,0.01056299,True
20,4,15,T3,0.12599075,0.12599075,0.13101968,0.5,0.5,"[0, 8]",1.0,True,0.0126067,0.00213799,0.01056299,True
20,4,16,T4,0.12250663,0.01313806,0.13476466,0.5,0.5,"[0, 8]",1.0,True,0.0126067,0.00213799,0.01056299,True
20,4,17,CP3,0.12192038,0.03392553,0.14046942,0.5,0.5,"[0, 8]",1.0,True,0.0126067,0.00213799,0.01056299,True
20,4,18,CP4,0.11089481,0.03537581,0.1277293,0.5,0.5,"[0, 8]",1.0,True,0.0126067,0.00213799,0.01056299,True
20,4,19,TP7,0.08437505,-0.01845613,0.09427376,0.5,0.5,"[0, 8]",1.0,True,0.0126067,0.00213799,0.01056299,True
20,4,20,TP8,0.08938792,-0.05924347,0.10848001,0.5,0.5,"[0, 8]",1.0,True,0.0126067,0.00213799,0.01056299,True
20,4,21,Pz,0.15233581,0.00752781,0.15256493,0.5,0.5,"[0, 8]",1.0,True,0.0126067,0.00213799,0.01056299,True
20,4,22,P3,0.1088454,0.1088454,0.11778793,0.5,0.5,"[0, 8]",1.0,True,0.0126067,0.00213799,0.01056299,True
20,4,23,P4,0.10486168,-0.09266926,0.11653908,0.5,0.5,"[0, 8]",1.0,True,0.0126067,0.00213799,0.01056299,True
20,4,24,T5,0.10554181,0.07331884,0.11519487,0.5,0.5,"[0, 8]",1.0,True,0.0126067,0.00213799,0.01056299,True
20,4,25,T6,0.08098051,-0.06195014,0.09189851,0.5,0.5,"[0, 8]",1.0,True,0.0126067,0.00213799,0.01056299,True
20,4,26,Oz,0.07794669,0.04183734,0.08026213,0.5,0.5,"[0, 8]",1.0,True,0.0126067,0.00213799,0.01056299,True
20,4,27,O1,0.12122388,0.05468796,0.13177544,0.5,0.5,"[0, 8]",1.0,True,0.0126067,0.00213799,0.01056299,True
20,4,28,O2,0.14413258,-0.02379484,0.14687203,0.5,0.5,"[0, 8]",1.0,True,0.0126067,0.00213799,0.01056299,True
20,5,0,Fp1,0.10989729,-0.09607427,0.12282241,0.5,0.5,"[0, 8]",1.0,True,0.01178156,0.00206961,0.00987161,True
20,5,1,Fp2,0.07793179,0.06143302,0.09554126,0.5,0.5,"[0, 8]",1.0,True,0.01178156,0.00206961,0.00987161,True
20,5,2,Fz,0.10307273,-0.09799977,0.11670959,0.5,0.5,"[0, 8]",1.0,True,0.01178156,0.00206961,0.00987161,True
20,5,3,F3,0.08800642,0.02804505,0.09467458,0.5,0.5,"[0, 8]",1.0,True,0.01178156,0.00206961,0.00987161,True
20,5,4,F4,0.09840077,0.01245266,0.10895578,0.5,0.5,"[0, 8]",1.0,True,0.01178156,0.00206961,0.00987161,True
20,5,5,F7,0.083811,0.08063777,0.09693599,0.5,0.5,"[0, 8]",1.0,True,0.01178156,0.00206961,0.00987161,True
20,5,6,F8,0.07682142,-0.0289299,0.07781819,0.5,0.5,"[0, 8]",1.0,True,0.01178156,0.00206961,0.00987161,True
20,5,7,FCz,0.09921231,0.09921231,0.11468603,0.5,0.5,"[0, 8]",1.0,True,0.01178156,0.00206961,0.00987161,True
20,5,8,FC3,0.03061694,0.00648343,0.03710091,0.5,0.5,"[0, 8]",1.0,True,0.01178156,0.00206961,0.00987161,True
20,5,9,FC4,0.05762298,-0.05762298,0.07590985,0.5,0.5,"[0, 8]",1.0,True,0.01178156,0.00206961,0.00987161,True
20,5,10,FT7,0.09081952,-0.05826603,0.10368578,0.5,0.5,"[0, 8]",1.0,True,0.01178156,0.00206961,0.00987161,True
20,5,11,FT8,0.08027129,-0.00397384,0.097159,0.5,0.5,"[0, 8]",1.0,True,0.01178156,0.00206961,0.00987161,True
20,5,12,Cz,0.07777091,0.07603244,0.093392,0.5,0.5,"[0, 8]",1.0,True,0.01178156,0.00206961,0.00987161,True
20,5,13,C3,0.11588137,0.07325275,0.11812083,0.5,0.5,"[0, 8]",1.0,True,0.01178156,0.00206961,0.00987161,True
20,5,14,C4,0.08510581,-0.07468244,0.09570152,0.5,0.5,"[0, 8]",1.0,True,0.01178156,0.00206961,0.00987161,True
20,5,15,T3,0.12585257,0.12585257,0.13097486,0.5,0.5,"[0, 8]",1.0,True,0.01178156,0.00206961,0.00987161,True
20,5,16,T4,0.12131578,0.01366182,0.13362239,0.5,0.5,"[0, 8]",1.0,True,0.01178156,0.00206961,0.00987161,True
20,5,17,CP3,0.12158933,0.03358021,0.14012732,0.5,0.5,"[0, 8]",1.0,True,0.01178156,0.00206961,0.00987161,True
20,5,18,CP4,0.11137048,0.03509506,0.12826899,0.5,0.5,"[0, 8]",1.0,True,0.01178156,0.00206961,0.00987161,True
20,5,19,TP7,0.08445416,-0.01961179,0.09488285,0.5,0.5,"[0, 8]",1.0,True,0.01178156,0.00206961,0.00987161,True
20,5,20,TP8,0.0894835,-0.05889983,0.10846126,0.5,0.5,"[0, 8]",1.0,True,0.01178156,0.00206961,0.00987161,True
20,5,21,Pz,0.15273744,0.00718639,0.15294629,0.5,0.5,"[0, 8]",1.0,True,0.01178156,0.00206961,0.00987161,True
20,5,22,P3,0.10835092,0.10835092,0.11752214,0.5,0.5,"[0, 8]",1.0,True,0.01178156,0.00206961,0.00987161,True
20,5,23,P4,0.10433324,-0.09257092,0.11622012,0.5,0.5,"[0, 8]",1.0,True,0.01178156,0.00206961,0.00987161,True
20,5,24,T5,0.10566059,0.07295095,0.11501703,0.5,0.5,"[0, 8]",1.0,True,0.01178156,0.00206961,0.00987161,True
20,5,25,T6,0.08142386,-0.0621552,0.0920528,0.5,0.5,"[0, 8]",1.0,True,0.01178156,0.00206961,0.00987161,True
20,5,26,Oz,0.07852256,0.04231618,0.0808326,0.5,0.5,"[0, 8]",1.0,True,0.01178156,0.00206961,0.00987161,True
20,5,27,O1,0.12172829,0.05524616,0.13192733,0.5,0.5,"[0, 8]",1.0,True,0.01178156,0.00206961,0.00987161,True
20,5,28,O2,0.14471549,-0.0237327,0.14736219,0.5,0.5,"[0, 8]",1.0,True,0.01178156,0.00206961,0.00987161,True
21,1,0,Fp1,0.09604116,-0.08991919,0.10939249,0.5,0.5,"[4, 4]",0.5,False,0.49905624,0.09978927,0.41815244,True
21,1,1,Fp2,0.07024419,0.07024419,0.09484151,0.5,0.5,"[4, 4]",0.5,False,0.49905624,0.09978927,0.41815244,True
21,1,2,Fz,0.14758138,-0.14758138,0.15710649,0.5,0.5,"[4, 4]",0.5,False,0.49905624,0.09978927,0.41815244,True
21,1,3,F3,0.11702783,0.038679,0.12369563,0.5,0.5,"[4, 4]",0.5,False,0.49905624,0.09978927,0.41815244,True
21,1,4,F4,0.10664217,0.01641534,0.11532621,0.5,0.5,"[4, 4]",0.5,False,0.49905624,0.09978927,0.41815244,True
21,1,5,F7,0.14060344,0.14060344,0.15638545,0.5,0.5,"[4, 4]",0.5,False,0.49905624,0.09978927,0.41815244,True
21,1,6,F8,0.0446892,0.02206068,0.06136463,0.5,0.5,"[4, 4]",0.5,False,0.49905624,0.09978927,0.41815244,True
21,1,7,FCz,0.08721769,0.08258764,0.10649859,0.5,0.5,"[4, 4]",0.5,False,0.49905624,0.09978927,0.41815244,True
21,1,8,FC3,0.02035337,0.00290837,0.02481086,0.5,0.5,"[4, 4]",0.5,False,0.49905624,0.09978927,0.41815244,True
21,1,9,FC4,0.05045067,-0.04730542,0.06828647,0.5,0.5,"[4, 4]",0.5,False,0.49905624,0.09978927,0.41815244,True
21,1,10,FT7,0.09416962,-0.08631419,0.11513192,0.5,0.5,"[4, 4]",0.5,False,0.49905624,0.09978927,0.41815244,True
21,1,11,FT8,0.06508132,-0.03185454,0.09561446,0.5,0.5,"[4, 4]",0.5,False,0.49905624,0.09978927,0.41815244,True
21,1,12,Cz,0.05161536,0.03772443,0.06485601,0.5,0.5,"[4, 4]",0.5,False,0.49905624,0.09978927,0.41815244,True
21,1,13,C3,0.11872318,0.03717372,0.12734249,0.5,0.5,"[4, 4]",0.5,False,0.49905624,0.09978927,0.41815244,True
21,1,14,C4,0.08566159,-0.05814061,0.10278831,0.5,0.5,"[4, 4]",0.5,False,0.49905624,0.09978927,0.41815244,True
21,1,15,T3,0.08953799,0.08953799,0.10039128,0.5,0.5,"[4, 4]",0.5,False,0.49905624,0.09978927,0.41815244,True
21,1,16,T4,0.134377,0.04232913,0.14239608,0.5,0.5,"[4, 4]",0.5,False,0.49905624,0.09978927,0.41815244,True
21,1,17,CP3,0.12911543,-0.0255649,0.14497714,0.5,0.5,"[4, 4]",0.5,False,0.49905624,0.09978927,0.41815244,True
21,1,18,CP4,0.10718831,0.02889182,0.13280177,0.5,0.5,"[4, 4]",0.5,False,0.49905624,0.09978927,0.41815244,True
21,1,19,TP7,0.08298209,-0.00746087,0.09450947,0.5,0.5,"[4, 4]",0.5,False,0.49905624,0.09978927,0.41815244,True
21,1,20,TP8,0.08800534,-0.03297344,0.09471691,0.5,0.5,"[4, 4]",0.5,False,0.49905624,0.09978927,0.41815244,True
21,1,21,Pz,0.13350175,-0.04664078,0.14204995,0.5,0.5,"[4, 4]",0.5,False,0.49905624,0.09978927,0.41815244,True
21,1,22,P3,0.06325939,0.04871283,0.07738464,0.5,0.5,"[4, 4]",0.5,False,0.49905624,0.09978927,0.41815244,True
21,1,23,P4,0.06284075,-0.04863824,0.06873687,0.5,0.5,"[4, 4]",0.5,False,0.49905624,0.09978927,0.41815244,True
21,1,24,T5,0.08621661,0.06141503,0.10118623,0.5,0.5,"[4, 4]",0.5,False,0.49905624,0.09978927,0.41815244,True
21,1,25,T6,0.05832026,-0.05602565,0.06893968,0.5,0.5,"[4, 4]",0.5,False,0.49905624,0.09978927,0.41815244,True
21,1,26,Oz,0.09055137,0.03567579,0.1013053,0.5,0.5,"[4, 4]",0.5,False,0.49905624,0.09978927,0.41815244,True
21,1,27,O1,0.14564401,0.07668943,0.15019184,0.5,0.5,"[4, 4]",0.5,False,0.49905624,0.09978927,0.41815244,True
21,1,28,O2,0.10205893,6.033e-05,0.10609126,0.5,0.5,"[4, 4]",0.5,False,0.49905624,0.09978927,0.41815244,True
21,2,0,Fp1,0.10885578,-0.08679974,0.11675631,0.5,0.5,"[2, 6]",0.75,False,0.21156972,0.0460755,0.17727139,True
21,2,1,Fp2,0.06705213,0.06334363,0.08648391,0.5,0.5,"[2, 6]",0.75,False,0.21156972,0.0460755,0.17727139,True
21,2,2,Fz,0.11262177,-0.11262177,0.13003962,0.5,0.5,"[2, 6]",0.75,False,0.21156972,0.0460755,0.17727139,True
21,2,3,F3,0.07940623,0.0274075,0.08482358,0.5,0.5,"[2, 6]",0.75,False,0.21156972,0.0460755,0.17727139,True
21,2,4,F4,0.10463744,0.00709817,0.11866184,0.5,0.5,"[2, 6]",0.75,False,0.21156972,0.0460755,0.17727139,True
21,2,5,F7,0.11538757,0.09397474,0.12415705,0.5,0.5,"[2, 6]",0.75,False,0.21156972,0.0460755,0.17727139,True
21,2,6,F8,0.06590888,-0.01468743,0.06961668,0.5,0.5,"[2, 6]",0.75,False,0.21156972,0.0460755,0.17727139,True
21,2,7,FCz,0.08936097,0.08228631,0.10516108,0.5,0.5,"[2, 6]",0.75,False,0.21156972,0.0460755,0.17727139,True
21,2,8,FC3,0.05889095,0.01866336,0.06297512,0.5,0.5,"[2, 6]",0.75,False,0.21156972,0.0460755,0.17727139,True
21,2,9,FC4,0.05570314,-0.04223727,0.0701955,0.5,0.5,"[2, 6]",0.75,False,0.21156972,0.0460755,0.17727139,True
21,2,10,FT7,0.09231303,-0.06914292,0.10867574,0.5,0.5,"[2, 6]",0.75,False,0.21156972,0.0460755,0.17727139,True
21,2,11,FT8,0.07579811,-0.01704159,0.09306692,0.5,0.5,"[2, 6]",0.75,False,0.21156972,0.0460755,0.17727139,True
21,2,12,Cz,0.07864921,0.05905998,0.08779832,0.5,0.5,"[2, 6]",0.75,False,0.21156972,0.0460755,0.17727139,True
21,2,13,C3,0.11462861,0.05414337,0.11532329,0.5,0.5,"[2, 6]",0.75,False,0.21156972,0.0460755,0.17727139,True
21,2,14,C4,0.08121468,-0.0650639,0.0913895,0.5,0.5,"[2, 6]",0.75,False,0.21156972,0.0460755,0.17727139,True
21,2,15,T3,0.10678499,0.10678499,0.117527,0.5,0.5,"[2, 6]",0.75,False,0.21156972,0.0460755,0.17727139,True
21,2,16,T4,0.11295608,0.02731367,0.12638211,0.5,0.5,"[2, 6]",0.75,False,0.21156972,0.0460755,0.17727139,True
21,2,17,CP3,0.12375794,0.00354392,0.14134189,0.5,0.5,"[2, 6]",0.75,False,0.21156972,0.0460755,0.17727139,True
21,2,18,CP4,0.10970095,0.02574703,0.12990223,0.5,0.5,"[2, 6]",0.75,False,0.21156972,0.0460755,0.17727139,True
21,2,19,TP7,0.07550485,-0.02202652,0.08647374,0.5,0.5,"[2, 6]",0.75,False,0.21156972,0.0460755,0.17727139,True
21,2,20,TP8,0.09489207,-0.05722486,0.11316556,0.5,0.5,"[2, 6]",0.75,False,0.21156972,0.0460755,0.17727139,True
21,2,21,Pz,0.16055471,-0.00811314,0.16144195,0.5,0.5,"[2, 6]",0.75,False,0.21156972,0.0460755,0.17727139,True
21,2,22,P3,0.09657793,0.09657793,0.10169659,0.5,0.5,"[2, 6]",0.75,False,0.21156972,0.0460755,0.17727139,True
21,2,23,P4,0.10717236,-0.09373112,0.11771195,0.5,0.5,"[2, 6]",0.75,False,0.21156972,0.0460755,0.17727139,True
21,2,24,T5,0.09372307,0.07019576,0.10991613,0.5,0.5,"[2, 6]",0.75,False,0.21156972,0.0460755,0.17727139,True
21,2,25,T6,0.071592,-0.06167446,0.09049807,0.5,0.5,"[2, 6]",0.75,False,0.21156972,0.0460755,0.17727139,True
21,2,26,Oz,0.06981796,0.04437201,0.07583176,0.5,0.5,"[2, 6]",0.75,False,0.21156972,0.0460755,0.17727139,True
21,2,27,O1,0.12844032,0.06705751,0.13608389,0.5,0.5,"[2, 6]",0.75,False,0.21156972,0.0460755,0.17727139,True
21,2,28,O2,0.13365215,-0.00871753,0.13480729,0.5,0.5,"[2, 6]",0.75,False,0.21156972,0.0460755,0.17727139,True
21,3,0,Fp1,0.10954158,-0.09488172,0.12192599,0.5,0.5,"[0, 8]",1.0,True,0.01100892,0.00226302,0.00922423,True
21,3,1,Fp2,0.07736235,0.06135802,0.09496581,0.5,0.5,"[0, 8]",1.0,True,0.01100892,0.00226302,0.00922423,True
21,3,2,Fz,0.10338666,-0.09724537,0.11645264,0.5,0.5,"[0, 8]",1.0,True,0.01100892,0.00226302,0.00922423,True
21,3,3,F3,0.08818664,0.02804619,0.09466937,0.5,0.5,"[0, 8]",1.0,True,0.01100892,0.00226302,0.00922423,True
21,3,4,F4,0.09812333,0.01204324,0.10859723,0.5,0.5,"[0, 8]",1.0,True,0.01100892,0.00226302,0.00922423,True
21,3,5,F7,0.08397296,0.08192503,0.09783683,0.5,0.5,"[0, 8]",1.0,True,0.01100892,0.00226302,0.00922423,True
21,3,6,F8,0.07769245,-0.03004615,0.07851578,0.5,0.5,"[0, 8]",1.0,True,0.01100892,0.00226302,0.00922423,True
21,3,7,FCz,0.09882288,0.09882288,0.11446207,0.5,0.5,"[0, 8]",1.0,True,0.01100892,0.00226302,0.00922423,True
21,3,8,FC3,0.03128017,0.00645305,0.03816259,0.5,0.5,"[0, 8]",1.0,True,0.01100892,0.00226302,0.00922423,True
21,3,9,FC4,0.05749934,-0.05749934,0.07635449,0.5,0.5,"[0, 8]",1.0,True,0.01100892,0.00226302,0.00922423,True
21,3,10,FT7,0.09088955,-0.05825313,0.10469077,0.5,0.5,"[0, 8]",1.0,True,0.01100892,0.00226302,0.00922423,True
21,3,11,FT8,0.08054122,-0.00370322,0.09746642,0.5,0.5,"[0, 8]",1.0,True,0.01100892,0.00226302,0.00922423,True
21,3,12,Cz,0.07767627,0.07578808,0.0930227,0.5,0.5,"[0, 8]",1.0,True,0.01100892,0.00226302,0.00922423,True
21,3,13,C3,0.11455029,0.0723917,0.11674754,0.5,0.5,"[0, 8]",1.0,True,0.01100892,0.00226302,0.00922423,True
21,3,14,C4,0.08613732,-0.07505888,0.09641957,0.5,0.5,"[0, 8]",1.0,True,0.01100892,0.00226302,0.00922423,True
21,3,15,T3,0.12695165,0.12695165,0.1320806,0.5,0.5,"[0, 8]",1.0,True,0.01100892,0.00226302,0.00922423,True
21,3,16,T4,0.12176742,0.01313458,0.13450213,0.5,0.5,"[0, 8]",1.0,True,0.01100892,0.00226302,0.00922423,True
21,3,17,CP3,0.12152644,0.03232348,0.1397185,0.5,0.5,"[0, 8]",1.0,True,0.01100892,0.00226302,0.00922423,True
21,3,18,CP4,0.11053135,0.03405361,0.127343,0.5,0.5,"[0, 8]",1.0,True,0.01100892,0.00226302,0.00922423,True
21,3,19,TP7,0.08376884,-0.01868879,0.09373806,0.5,0.5,"[0, 8]",1.0,True,0.01100892,0.00226302,0.00922423,True
21,3,20,TP8,0.08960247,-0.06023864,0.10917913,0.5,0.5,"[0, 8]",1.0,True,0.01100892,0.00226302,0.00922423,True
21,3,21,Pz,0.15277657,0.00623943,0.15293798,0.5,0.5,"[0, 8]",1.0,True,0.01100892,0.00226302,0.00922423,True
21,3,22,P3,0.10857439,0.10857439,0.11744964,0.5,0.5,"[0, 8]",1.0,True,0.01100892,0.00226302,0.00922423,True
21,3,23,P4,0.10574758,-0.09337346,0.11751405,0.5,0.5,"[0, 8]",1.0,True,0.01100892,0.00226302,0.00922423,True
21,3,24,T5,0.10399504,0.07295337,0.11351181,0.5,0.5,"[0, 8]",1.0,True,0.01100892,0.00226302,0.00922423,True
21,3,25,T6,0.0808516,-0.06263531,0.09224064,0.5,0.5,"[0, 8]",1.0,True,0.01100892,0.00226302,0.00922423,True
21,3,26,Oz,0.07669307,0.04174007,0.07914047,0.5,0.5,"[0, 8]",1.0,True,0.01100892,0.00226302,0.00922423,True
21,3,27,O1,0.12191644,0.05542579,0.13246444,0.5,0.5,"[0, 8]",1.0,True,0.01100892,0.00226302,0.00922423,True
21,3,28,O2,0.14362256,-0.02350033,0.14629602,0.5,0.5,"[0, 8]",1.0,True,0.01100892,0.00226302,0.00922423,True
21,4,0,Fp1,0.10924765,-0.09544275,0.12210298,0.5,0.5,"[0, 8]",1.0,True,0.01203784,0.0022196,0.01008634,True
21,4,1,Fp2,0.07835314,0.06177747,0.09546074,0.5,0.5,"[0, 8]",1.0,True,0.01203784,0.0022196,0.01008634,True
21,4,2,Fz,0.10365959,-0.09764986,0.1169313,0.5,0.5,"[0, 8]",1.0,True,0.01203784,0.0022196,0.01008634,True
21,4,3,F3,0.08823983,0.02816435,0.09470225,0.5,0.5,"[0, 8]",1.0,True,0.01203784,0.0022196,0.01008634,True
21,4,4,F4,0.09830284,0.01255501,0.10853927,0.5,0.5,"[0, 8]",1.0,True,0.01203784,0.0022196,0.01008634,True
21,4,5,F7,0.08528559,0.08233053,0.09888618,0.5,0.5,"[0, 8]",1.0,True,0.01203784,0.0022196,0.01008634,True
21,4,6,F8,0.07700245,-0.02915006,0.0779485,0.5,0.5,"[0, 8]",1.0,True,0.01203784,0.0022196,0.01008634,True
21,4,7,FCz,0.09905808,0.09905808,0.11488316,0.5,0.5,"[0, 8]",1.0,True,0.01203784,0.0022196,0.01008634,True
21,4,8,FC3,0.03157141,0.00603657,0.03863776,0.5,0.5,"[0, 8]",1.0,True,0.01203784,0.0022196,0.01008634,True
21,4,9,FC4,0.05752935,-0.05752935,0.07641853,0.5,0.5,"[0, 8]",1.0,True,0.01203784,0.0022196,0.01008634,True
21,4,10,FT7,0.09083359,-0.05820869,0.10457678,0.5,0.5,"[0, 8]",1.0,True,0.01203784,0.0022196,0.01008634,True
21,4,11,FT8,0.08068803,-0.00391232,0.09765101,0.5,0.5,"[0, 8]",1.0,True,0.01203784,0.0022196,0.01008634,True
21,4,12,Cz,0.07789218,0.0755884,0.09289808,0.5,0.5,"[0, 8]",1.0,True,0.01203784,0.0022196,0.01008634,True
21,4,13,C3,0.11445749,0.07199647,0.11653272,0.5,0.5,"[0, 8]",1.0,True,0.01203784,0.0022196,0.01008634,True
21,4,14,C4,0.08556393,-0.07471689,0.09604097,0.5,0.5,"[0, 8]",1.0,True,0.01203784,0.0022196,0.01008634,True
21,4,15,T3,0.12630527,0.12630527,0.1313618,0.5,0.5,"[0, 8]",1.0,True,0.01203784,0.0022196,0.01008634,True
21,4,16,T4,0.12161067,0.01336239,0.13401568,0.5,0.5,"[0, 8]",1.0,True,0.01203784,0.0022196,0.01008634,True
21,4,17,CP3,0.12193871,0.03181066,0.13997878,0.5,0.5,"[0, 8]",1.0,True,0.01203784,0.0022196,0.01008634,True
21,4,18,CP4,0.11059615,0.03385451,0.12768357,0.5,0.5,"[0, 8]",1.0,True,0.01203784,0.0022196,0.01008634,True
21,4,19,TP7,0.0832891,-0.01890843,0.09341548,0.5,0.5,"[0, 8]",1.0,True,0.01203784,0.0022196,0.01008634,True
21,4,20,TP8,0.08923887,-0.05984887,0.1086754,0.5,0.5,"[0, 8]",1.0,True,0.01203784,0.0022196,0.01008634,True
21,4,21,Pz,0.15195617,0.0056997,0.15210731,0.5,0.5,"[0, 8]",1.0,True,0.01203784,0.0022196,0.01008634,True
21,4,22,P3,0.10804774,0.10804774,0.11754818,0.5,0.5,"[0, 8]",1.0,True,0.01203784,0.0022196,0.01008634,True
21,4,23,P4,0.10520285,-0.09319588,0.11703029,0.5,0.5,"[0, 8]",1.0,True,0.01203784,0.0022196,0.01008634,True
21,4,24,T5,0.10442445,0.07296398,0.11412977,0.5,0.5,"[0, 8]",1.0,True,0.01203784,0.0022196,0.01008634,True
21,4,25,T6,0.08031231,-0.06233593,0.09136652,0.5,0.5,"[0, 8]",1.0,True,0.01203784,0.0022196,0.01008634,True
21,4,26,Oz,0.07713071,0.04166829,0.07964824,0.5,0.5,"[0, 8]",1.0,True,0.01203784,0.0022196,0.01008634,True
21,4,27,O1,0.12245344,0.05563243,0.13272704,0.5,0.5,"[0, 8]",1.0,True,0.01203784,0.0022196,0.01008634,True
21,4,28,O2,0.14340857,-0.02359189,0.14606553,0.5,0.5,"[0, 8]",1.0,True,0.01203784,0.0022196,0.01008634,True
21,5,0,Fp1,0.10784388,-0.09260486,0.11980381,0.375,0.375,"[1, 7]",0.875,False,0.03126041,0.00595069,0.02619267,True
21,5,1,Fp2,0.07848774,0.0636714,0.09647794,0.375,0.375,"[1, 7]",0.875,False,0.03126041,0.00595069,0.02619267,True
21,5,2,Fz,0.10365032,-0.09782168,0.11694413,0.375,0.375,"[1, 7]",0.875,False,0.03126041,0.00595069,0.02619267,True
21,5,3,F3,0.08823556,0.02985167,0.09438372,0.375,0.375,"[1, 7]",0.875,False,0.03126041,0.00595069,0.02619267,True
21,5,4,F4,0.09852365,0.01133863,0.10946896,0.375,0.375,"[1, 7]",0.875,False,0.03126041,0.00595069,0.02619267,True
21,5,5,F7,0.08601126,0.08490181,0.1006565,0.375,0.375,"[1, 7]",0.875,False,0.03126041,0.00595069,0.02619267,True
21,5,6,F8,0.07476468,-0.02909913,0.07550009,0.375,0.375,"[1, 7]",0.875,False,0.03126041,0.00595069,0.02619267,True
21,5,7,FCz,0.09882167,0.09882167,0.1149538,0.375,0.375,"[1, 7]",0.875,False,0.03126041,0.00595069,0.02619267,True
21,5,8,FC3,0.03136785,0.00610037,0.03819644,0.375,0.375,"[1, 7]",0.875,False,0.03126041,0.00595069,0.02619267,True
21,5,9,FC4,0.05633415,-0.05633415,0.07660983,0.375,0.375,"[1, 7]",0.875,False,0.03126041,0.00595069,0.02619267,True
21,5,10,FT7,0.08969201,-0.05867963,0.10378481,0.375,0.375,"[1, 7]",0.875,False,0.03126041,0.00595069,0.02619267,True
21,5,11,FT8,0.08096628,-0.00561421,0.09809873,0.375,0.375,"[1, 7]",0.875,False,0.03126041,0.00595069,0.02619267,True
21,5,12,Cz,0.07764078,0.07496985,0.09240402,0.375,0.375,"[1, 7]",0.875,False,0.03126041,0.00595069,0.02619267,True
21,5,13,C3,0.11560595,0.07134296,0.11735594,0.375,0.375,"[1, 7]",0.875,False,0.03126041,0.00595069,0.02619267,True
21,5,14,C4,0.0859447,-0.07465772,0.09679799,0.375,0.375,"[1, 7]",0.875,False,0.03126041,0.00595069,0.02619267,True
21,5,15,T3,0.12777171,0.12777171,0.13302952,0.375,0.375,"[1, 7]",0.875,False,0.03126041,0.00595069,0.02619267,True
21,5,16,T4,0.12174875,0.01224053,0.13401651,0.375,0.375,"[1, 7]",0.875,False,0.03126041,0.00595069,0.02619267,True
21,5,17,CP3,0.12176658,0.03071739,0.13902591,0.375,0.375,"[1, 7]",0.875,False,0.03126041,0.00595069,0.02619267,True
21,5,18,CP4,0.11089946,0.0315726,0.1289795,0.375,0.375,"[1, 7]",0.875,False,0.03126041,0.00595069,0.02619267,True
21,5,19,TP7,0.08210778,-0.01905221,0.09171326,0.375,0.375,"[1, 7]",0.875,False,0.03126041,0.00595069,0.02619267,True
21,5,20,TP8,0.08941783,-0.06136037,0.10960086,0.375,0.375,"[1, 7]",0.875,False,0.03126041,0.00595069,0.02619267,True
21,5,21,Pz,0.15258706,0.0037066,0.15270294,0.375,0.375,"[1, 7]",0.875,False,0.03126041,0.00595069,0.02619267,True
21,5,22,P3,0.10629493,0.10629493,0.11572491,0.375,0.375,"[1, 7]",0.875,False,0.03126041,0.00595069,0.02619267,True
21,5,23,P4,0.10604833,-0.09407285,0.11803073,0.375,0.375,"[1, 7]",0.875,False,0.03126041,0.00595069,0.02619267,True
21,5,24,T5,0.10213706,0.07263678,0.11239557,0.375,0.375,"[1, 7]",0.875,False,0.03126041,0.00595069,0.02619267,True
21,5,25,T6,0.08205272,-0.06534384,0.09350789,0.375,0.375,"[1, 7]",0.875,False,0.03126041,0.00595069,0.02619267,True
21,5,26,Oz,0.07543435,0.03999131,0.07790381,0.375,0.375,"[1, 7]",0.875,False,0.03126041,0.00595069,0.02619267,True
21,5,27,O1,0.12304276,0.05491912,0.13425551,0.375,0.375,"[1, 7]",0.875,False,0.03126041,0.00595069,0.02619267,True
21,5,28,O2,0.14244242,-0.02546273,0.14558482,0.375,0.375,"[1, 7]",0.875,False,0.03126041,0.00595069,0.02619267,True
22,1,0,Fp1,0.03266486,-0.01802179,0.03968263,0.75,0.75,"[6, 2]",0.75,False,1.28751903,0.34917654,1.0787947,True
22,1,1,Fp2,0.04774737,0.01525773,0.05063573,0.75,0.75,"[6, 2]",0.75,False,1.28751903,0.34917654,1.0787947,True
22,1,2,Fz,0.13304883,-0.13304883,0.14442365,0.75,0.75,"[6, 2]",0.75,False,1.28751903,0.34917654,1.0787947,True
22,1,3,F3,0.04108315,0.04108315,0.0434277,0.75,0.75,"[6, 2]",0.75,False,1.28751903,0.34917654,1.0787947,True
22,1,4,F4,0.1029335,0.08058465,0.10899688,0.75,0.75,"[6, 2]",0.75,False,1.28751903,0.34917654,1.0787947,True
22,1,5,F7,0.15102948,0.10115167,0.15399079,0.75,0.75,"[6, 2]",0.75,False,1.28751903,0.34917654,1.0787947,True
22,1,6,F8,0.07083015,0.06977852,0.09405706,0.75,0.75,"[6, 2]",0.75,False,1.28751903,0.34917654,1.0787947,True
22,1,7,FCz,0.08471942,0.08471942,0.09186738,0.75,0.75,"[6, 2]",0.75,False,1.28751903,0.34917654,1.0787947,True
22,1,8,FC3,0.1186052,0.07791033,0.14092194,0.75,0.75,"[6, 2]",0.75,False,1.28751903,0.34917654,1.0787947,True
22,1,9,FC4,0.2765294,-0.22213188,0.29602009,0.75,0.75,"[6, 2]",0.75,False,1.28751903,0.34917654,1.0787947,True
22,1,10,FT7,0.03532458,-0.02236734,0.04270185,0.75,0.75,"[6, 2]",0.75,False,1.28751903,0.34917654,1.0787947,True
22,1,11,FT8,0.07145583,0.05528839,0.09268845,0.75,0.75,"[6, 2]",0.75,False,1.28751903,0.34917654,1.0787947,True
22,1,12,Cz,0.06026098,0.06026098,0.07815921,0.75,0.75,"[6, 2]",0.75,False,1.28751903,0.34917654,1.0787947,True
22,1,13,C3,0.09689549,-0.03980602,0.11513133,0.75,0.75,"[6, 2]",0.75,False,1.28751903,0.34917654,1.0787947,True
22,1,14,C4,0.046501,-0.00161,0.0524448,0.75,0.75,"[6, 2]",0.75,False,1.28751903,0.34917654,1.0787947,True
22,1,15,T3,0.10280306,0.07636867,0.12657528,0.75,0.75,"[6, 2]",0.75,False,1.28751903,0.34917654,1.0787947,True
22,1,16,T4,0.06043814,0.00930382,0.06512714,0.75,0.75,"[6, 2]",0.75,False,1.28751903,0.34917654,1.0787947,True
22,1,17,CP3,0.06114394,-0.01425438,0.08083263,0.75,0.75,"[6, 2]",0.75,False,1.28751903,0.34917654,1.0787947,True
22,1,18,CP4,0.06451599,0.03915664,0.09152208,0.75,0.75,"[6, 2]",0.75,False,1.28751903,0.34917654,1.0787947,True
22,1,19,TP7,0.19817141,-0.08457442,0.21732144,0.75,0.75,"[6, 2]",0.75,False,1.28751903,0.34917654,1.0787947,True
22,1,20,TP8,0.0568284,0.0167551,0.06242638,0.75,0.75,"[6, 2]",0.75,False,1.28751903,0.34917654,1.0787947,True
22,1,21,Pz,0.04707864,-0.02476946,0.05448863,0.75,0.75,"[6, 2]",0.75,False,1.28751903,0.34917654,1.0787947,True
22,1,22,P3,0.16809858,0.16809858,0.18138607,0.75,0.75,"[6, 2]",0.75,False,1.28751903,0.34917654,1.0787947,True
22,1,23,P4,0.083418,0.05194727,0.09356605,0.75,0.75,"[6, 2]",0.75,False,1.28751903,0.34917654,1.0787947,True
22,1,24,T5,0.13429682,-0.13429682,0.15100808,0.75,0.75,"[6, 2]",0.75,False,1.28751903,0.34917654,1.0787947,True
22,1,25,T6,0.1067505,-0.0208472,0.13359344,0.75,0.75,"[6, 2]",0.75,False,1.28751903,0.34917654,1.0787947,True
22,1,26,Oz,0.05866804,0.04643914,0.07349785,0.75,0.75,"[6, 2]",0.75,False,1.28751903,0.34917654,1.0787947,True
22,1,27,O1,0.04952779,-0.01507144,0.06086957,0.75,0.75,"[6, 2]",0.75,False,1.28751903,0.34917654,1.0787947,True
22,1,28,O2,0.06621237,-0.00120943,0.07967284,0.75,0.75,"[6, 2]",0.75,False,1.28751903,0.34917654,1.0787947,True
22,2,0,Fp1,0.0864649,-0.05587227,0.09382726,0.875,0.875,"[5, 3]",0.625,False,0.60130657,0.14221105,0.5038266,True
22,2,1,Fp2,0.07094353,0.06504075,0.08613931,0.875,0.875,"[5, 3]",0.625,False,0.60130657,0.14221105,0.5038266,True
22,2,2,Fz,0.10330444,-0.10330444,0.11866534,0.875,0.875,"[5, 3]",0.625,False,0.60130657,0.14221105,0.5038266,True
22,2,3,F3,0.12244976,-0.00641155,0.13662153,0.875,0.875,"[5, 3]",0.625,False,0.60130657,0.14221105,0.5038266,True
22,2,4,F4,0.08591193,-0.01376263,0.11292366,0.875,0.875,"[5, 3]",0.625,False,0.60130657,0.14221105,0.5038266,True
22,2,5,F7,0.15741934,0.09561491,0.15944709,0.875,0.875,"[5, 3]",0.625,False,0.60130657,0.14221105,0.5038266,True
22,2,6,F8,0.07297789,0.00448164,0.08880566,0.875,0.875,"[5, 3]",0.625,False,0.60130657,0.14221105,0.5038266,True
22,2,7,FCz,0.09367743,0.09367743,0.09880117,0.875,0.875,"[5, 3]",0.625,False,0.60130657,0.14221105,0.5038266,True
22,2,8,FC3,0.05156711,0.01837864,0.07550488,0.875,0.875,"[5, 3]",0.625,False,0.60130657,0.14221105,0.5038266,True
22,2,9,FC4,0.12035121,-0.09624974,0.15837181,0.875,0.875,"[5, 3]",0.625,False,0.60130657,0.14221105,0.5038266,True
22,2,10,FT7,0.08293156,-0.0362589,0.09289216,0.875,0.875,"[5, 3]",0.625,False,0.60130657,0.14221105,0.5038266,True
22,2,11,FT8,0.04859753,0.02394346,0.05697583,0.875,0.875,"[5, 3]",0.625,False,0.60130657,0.14221105,0.5038266,True
22,2,12,Cz,0.07393214,0.07393214,0.08363616,0.875,0.875,"[5, 3]",0.625,False,0.60130657,0.14221105,0.5038266,True
22,2,13,C3,0.0582793,0.03334538,0.07271306,0.875,0.875,"[5, 3]",0.625,False,0.60130657,0.14221105,0.5038266,True
22,2,14,C4,0.07508655,-0.07508655,0.08124307,0.875,0.875,"[5, 3]",0.625,False,0.60130657,0.14221105,0.5038266,True
22,2,15,T3,0.10656815,0.08978356,0.12289525,0.875,0.875,"[5, 3]",0.625,False,0.60130657,0.14221105,0.5038266,True
22,2,16,T4,0.08452266,0.02905397,0.10033364,0.875,0.875,"[5, 3]",0.625,False,0.60130657,0.14221105,0.5038266,True
22,2,17,CP3,0.08223553,0.02809679,0.09638514,0.875,0.875,"[5, 3]",0.625,False,0.60130657,0.14221105,0.5038266,True
22,2,18,CP4,0.11376369,0.04822812,0.12027399,0.875,0.875,"[5, 3]",0.625,False,0.60130657,0.14221105,0.5038266,True
22,2,19,TP7,0.15791592,-0.03293968,0.16327073,0.875,0.875,"[5, 3]",0.625,False,0.60130657,0.14221105,0.5038266,True
22,2,20,TP8,0.1104468,-0.0759074,0.1342157,0.875,0.875,"[5, 3]",0.625,False,0.60130657,0.14221105,0.5038266,True
22,2,21,Pz,0.11584834,0.00141844,0.11598472,0.875,0.875,"[5, 3]",0.625,False,0.60130657,0.14221105,0.5038266,True
22,2,22,P3,0.11465663,0.11465663,0.12890854,0.875,0.875,"[5, 3]",0.625,False,0.60130657,0.14221105,0.5038266,True
22,2,23,P4,0.10323253,-0.06298648,0.13074803,0.875,0.875,"[5, 3]",0.625,False,0.60130657,0.14221105,0.5038266,True
22,2,24,T5,0.09581076,0.06023125,0.11557181,0.875,0.875,"[5, 3]",0.625,False,0.60130657,0.14221105,0.5038266,True
22,2,25,T6,0.08719603,-0.07027975,0.09878923,0.875,0.875,"[5, 3]",0.625,False,0.60130657,0.14221105,0.5038266,True
22,2,26,Oz,0.06825604,0.00538707,0.08341117,0.875,0.875,"[5, 3]",0.625,False,0.60130657,0.14221105,0.5038266,True
22,2,27,O1,0.09102099,0.00615246,0.09140861,0.875,0.875,"[5, 3]",0.625,False,0.60130657,0.14221105,0.5038266,True
22,2,28,O2,0.15017003,-0.05946827,0.1647826,0.875,0.875,"[5, 3]",0.625,False,0.60130657,0.14221105,0.5038266,True
22,3,0,Fp1,0.03121841,-0.01718507,0.04312836,0.75,0.75,"[4, 4]",0.5,False,1.27967384,0.33638658,1.07222131,True
22,3,1,Fp2,0.0605991,0.0605991,0.06253668,0.75,0.75,"[4, 4]",0.5,False,1.27967384,0.33638658,1.07222131,True
22,3,2,Fz,0.10673287,-0.09129762,0.12426446,0.75,0.75,"[4, 4]",0.5,False,1.27967384,0.33638658,1.07222131,True
22,3,3,F3,0.04801024,-0.0238125,0.06249403,0.75,0.75,"[4, 4]",0.5,False,1.27967384,0.33638658,1.07222131,True
22,3,4,F4,0.04604824,0.03758339,0.06316505,0.75,0.75,"[4, 4]",0.5,False,1.27967384,0.33638658,1.07222131,True
22,3,5,F7,0.10605177,0.04580398,0.11671609,0.75,0.75,"[4, 4]",0.5,False,1.27967384,0.33638658,1.07222131,True
22,3,6,F8,0.14496139,0.14496139,0.15444566,0.75,0.75,"[4, 4]",0.5,False,1.27967384,0.33638658,1.07222131,True
22,3,7,FCz,0.04726086,0.04726086,0.05330352,0.75,0.75,"[4, 4]",0.5,False,1.27967384,0.33638658,1.07222131,True
22,3,8,FC3,0.04913397,-0.01996156,0.05642173,0.75,0.75,"[4, 4]",0.5,False,1.27967384,0.33638658,1.07222131,True
22,3,9,FC4,0.20874955,-0.12400701,0.243821,0.75,0.75,"[4, 4]",0.5,False,1.27967384,0.33638658,1.07222131,True
22,3,10,FT7,0.07301303,-0.05900998,0.10304012,0.75,0.75,"[4, 4]",0.5,False,1.27967384,0.33638658,1.07222131,True
22,3,11,FT8,0.07839449,-0.00802895,0.08603957,0.75,0.75,"[4, 4]",0.5,False,1.27967384,0.33638658,1.07222131,True
22,3,12,Cz,0.08328225,0.01500716,0.09165137,0.75,0.75,"[4, 4]",0.5,False,1.27967384,0.33638658,1.07222131,True
22,3,13,C3,0.11579084,0.11579084,0.15191075,0.75,0.75,"[4, 4]",0.5,False,1.27967384,0.33638658,1.07222131,True
22,3,14,C4,0.08037068,0.08037068,0.10539261,0.75,0.75,"[4, 4]",0.5,False,1.27967384,0.33638658,1.07222131,True
22,3,15,T3,0.10839043,0.09336867,0.1246981,0.75,0.75,"[4, 4]",0.5,False,1.27967384,0.33638658,1.07222131,True
22,3,16,T4,0.09078706,0.06465194,0.1162621,0.75,0.75,"[4, 4]",0.5,False,1.27967384,0.33638658,1.07222131,True
22,3,17,CP3,0.07358043,-0.04904468,0.10037175,0.75,0.75,"[4, 4]",0.5,False,1.27967384,0.33638658,1.07222131,True
22,3,18,CP4,0.10412928,0.0298373,0.14232512,0.75,0.75,"[4, 4]",0.5,False,1.27967384,0.33638658,1.07222131,True
22,3,19,TP7,0.19239557,-1.694e-05,0.19829535,0.75,0.75,"[4, 4]",0.5,False,1.27967384,0.33638658,1.07222131,True
22,3,20,TP8,0.09850103,0.01934229,0.11121406,0.75,0.75,"[4, 4]",0.5,False,1.27967384,0.33638658,1.07222131,True
22,3,21,Pz,0.0411469,-0.01051553,0.04624605,0.75,0.75,"[4, 4]",0.5,False,1.27967384,0.33638658,1.07222131,True
22,3,22,P3,0.12940156,0.12940156,0.14286469,0.75,0.75,"[4, 4]",0.5,False,1.27967384,0.33638658,1.07222131,True
22,3,23,P4,0.12368202,0.03617141,0.12941785,0.75,0.75,"[4, 4]",0.5,False,1.27967384,0.33638658,1.07222131,True
22,3,24,T5,0.10858567,-0.10858567,0.12887779,0.75,0.75,"[4, 4]",0.5,False,1.27967384,0.33638658,1.07222131,True
22,3,25,T6,0.11660258,-0.11660258,0.15533474,0.75,0.75,"[4, 4]",0.5,False,1.27967384,0.33638658,1.07222131,True
22,3,26,Oz,0.09245919,0.02834131,0.10726525,0.75,0.75,"[4, 4]",0.5,False,1.27967384,0.33638658,1.07222131,True
22,3,27,O1,0.08236068,-0.00546618,0.0851163,0.75,0.75,"[4, 4]",0.5,False,1.27967384,0.33638658,1.07222131,True
22,3,28,O2,0.05102584,-0.01909414,0.06449367,0.75,0.75,"[4, 4]",0.5,False,1.27967384,0.33638658,1.07222131,True
22,4,0,Fp1,0.07359836,-0.04807986,0.08402817,1.0,1.0,"[4, 4]",0.5,False,0.98640078,0.20901479,0.8264918,True
22,4,1,Fp2,0.05519696,0.00309032,0.06271566,1.0,1.0,"[4, 4]",0.5,False,0.98640078,0.20901479,0.8264918,True
22,4,2,Fz,0.11359841,-0.11359841,0.12962611,1.0,1.0,"[4, 4]",0.5,False,0.98640078,0.20901479,0.8264918,True
22,4,3,F3,0.06087691,0.02625874,0.06808549,1.0,1.0,"[4, 4]",0.5,False,0.98640078,0.20901479,0.8264918,True
22,4,4,F4,0.11809061,0.02428463,0.13787656,1.0,1.0,"[4, 4]",0.5,False,0.98640078,0.20901479,0.8264918,True
22,4,5,F7,0.19665563,0.16060114,0.21088625,1.0,1.0,"[4, 4]",0.5,False,0.98640078,0.20901479,0.8264918,True
22,4,6,F8,0.05913432,0.03146576,0.06890966,1.0,1.0,"[4, 4]",0.5,False,0.98640078,0.20901479,0.8264918,True
22,4,7,FCz,0.04799402,0.04799402,0.05155312,1.0,1.0,"[4, 4]",0.5,False,0.98640078,0.20901479,0.8264918,True
22,4,8,FC3,0.06345508,0.0527834,0.08322954,1.0,1.0,"[4, 4]",0.5,False,0.98640078,0.20901479,0.8264918,True
22,4,9,FC4,0.18457393,-0.13575715,0.1920377,1.0,1.0,"[4, 4]",0.5,False,0.98640078,0.20901479,0.8264918,True
22,4,10,FT7,0.07646738,0.00599546,0.08019827,1.0,1.0,"[4, 4]",0.5,False,0.98640078,0.20901479,0.8264918,True
22,4,11,FT8,0.06603564,0.03121123,0.07797844,1.0,1.0,"[4, 4]",0.5,False,0.98640078,0.20901479,0.8264918,True
22,4,12,Cz,0.04416999,0.03038906,0.04543955,1.0,1.0,"[4, 4]",0.5,False,0.98640078,0.20901479,0.8264918,True
22,4,13,C3,0.10204422,0.06460668,0.13171473,1.0,1.0,"[4, 4]",0.5,False,0.98640078,0.20901479,0.8264918,True
22,4,14,C4,0.10205393,-0.10205393,0.11605471,1.0,1.0,"[4, 4]",0.5,False,0.98640078,0.20901479,0.8264918,True
22,4,15,T3,0.08319594,0.01399911,0.11113624,1.0,1.0,"[4, 4]",0.5,False,0.98640078,0.20901479,0.8264918,True
22,4,16,T4,0.08120133,0.02004638,0.10695788,1.0,1.0,"[4, 4]",0.5,False,0.98640078,0.20901479,0.8264918,True
22,4,17,CP3,0.09752751,0.01711252,0.13329977,1.0,1.0,"[4, 4]",0.5,False,0.98640078,0.20901479,0.8264918,True
22,4,18,CP4,0.10878275,0.0501826,0.11868838,1.0,1.0,"[4, 4]",0.5,False,0.98640078,0.20901479,0.8264918,True
22,4,19,TP7,0.12851185,-0.07401195,0.14878051,1.0,1.0,"[4, 4]",0.5,False,0.98640078,0.20901479,0.8264918,True
22,4,20,TP8,0.0984486,0.03066703,0.11599011,1.0,1.0,"[4, 4]",0.5,False,0.98640078,0.20901479,0.8264918,True
22,4,21,Pz,0.07821861,-0.00516709,0.08572141,1.0,1.0,"[4, 4]",0.5,False,0.98640078,0.20901479,0.8264918,True
22,4,22,P3,0.15352881,0.15352881,0.16043057,1.0,1.0,"[4, 4]",0.5,False,0.98640078,0.20901479,0.8264918,True
22,4,23,P4,0.08737919,0.02923861,0.09024475,1.0,1.0,"[4, 4]",0.5,False,0.98640078,0.20901479,0.8264918,True
22,4,24,T5,0.06311989,-0.06311989,0.07197097,1.0,1.0,"[4, 4]",0.5,False,0.98640078,0.20901479,0.8264918,True
22,4,25,T6,0.06365709,-0.0052758,0.07937033,1.0,1.0,"[4, 4]",0.5,False,0.98640078,0.20901479,0.8264918,True
22,4,26,Oz,0.07475623,0.00184894,0.09259176,1.0,1.0,"[4, 4]",0.5,False,0.98640078,0.20901479,0.8264918,True
22,4,27,O1,0.05775214,0.00455752,0.07187124,1.0,1.0,"[4, 4]",0.5,False,0.98640078,0.20901479,0.8264918,True
22,4,28,O2,0.07304722,-0.06769846,0.10276965,1.0,1.0,"[4, 4]",0.5,False,0.98640078,0.20901479,0.8264918,True
22,5,0,Fp1,0.04433032,-0.0326579,0.05214496,1.0,1.0,"[4, 4]",0.5,False,1.15596952,0.25763325,0.96857115,True
22,5,1,Fp2,0.04642903,-0.02309765,0.05181729,1.0,1.0,"[4, 4]",0.5,False,1.15596952,0.25763325,0.96857115,True
22,5,2,Fz,0.1148566,-0.1148566,0.12390575,1.0,1.0,"[4, 4]",0.5,False,1.15596952,0.25763325,0.96857115,True
22,5,3,F3,0.08860216,0.04550072,0.09565315,1.0,1.0,"[4, 4]",0.5,False,1.15596952,0.25763325,0.96857115,True
22,5,4,F4,0.12020877,0.08734748,0.12736389,1.0,1.0,"[4, 4]",0.5,False,1.15596952,0.25763325,0.96857115,True
22,5,5,F7,0.16568941,0.16568941,0.16810533,1.0,1.0,"[4, 4]",0.5,False,1.15596952,0.25763325,0.96857115,True
22,5,6,F8,0.05768903,-0.01513407,0.06432246,1.0,1.0,"[4, 4]",0.5,False,1.15596952,0.25763325,0.96857115,True
22,5,7,FCz,0.07483158,0.06629189,0.09283545,1.0,1.0,"[4, 4]",0.5,False,1.15596952,0.25763325,0.96857115,True
22,5,8,FC3,0.10805227,0.10805227,0.11204753,1.0,1.0,"[4, 4]",0.5,False,1.15596952,0.25763325,0.96857115,True
22,5,9,FC4,0.24738309,-0.24738309,0.26272151,1.0,1.0,"[4, 4]",0.5,False,1.15596952,0.25763325,0.96857115,True
22,5,10,FT7,0.10274677,0.02735254,0.1200696,1.0,1.0,"[4, 4]",0.5,False,1.15596952,0.25763325,0.96857115,True
22,5,11,FT8,0.06245682,0.03417557,0.09922352,1.0,1.0,"[4, 4]",0.5,False,1.15596952,0.25763325,0.96857115,True
22,5,12,Cz,0.03631266,0.03631266,0.05784889,1.0,1.0,"[4, 4]",0.5,False,1.15596952,0.25763325,0.96857115,True
22,5,13,C3,0.05776807,-0.00480139,0.07091518,1.0,1.0,"[4, 4]",0.5,False,1.15596952,0.25763325,0.96857115,True
22,5,14,C4,0.05766667,-0.03808737,0.06329237,1.0,1.0,"[4, 4]",0.5,False,1.15596952,0.25763325,0.96857115,True
22,5,15,T3,0.05584686,-0.03529268,0.07175134,1.0,1.0,"[4, 4]",0.5,False,1.15596952,0.25763325,0.96857115,True
22,5,16,T4,0.08953286,0.03894266,0.10566185,1.0,1.0,"[4, 4]",0.5,False,1.15596952,0.25763325,0.96857115,True
22,5,17,CP3,0.11026447,-0.03777782,0.14171165,1.0,1.0,"[4, 4]",0.5,False,1.15596952,0.25763325,0.96857115,True
22,5,18,CP4,0.11262905,0.01970789,0.13444924,1.0,1.0,"[4, 4]",0.5,False,1.15596952,0.25763325,0.96857115,True
22,5,19,TP7,0.09496956,-0.06802897,0.12035888,1.0,1.0,"[4, 4]",0.5,False,1.15596952,0.25763325,0.96857115,True
22,5,20,TP8,0.08278628,0.06394047,0.1004606,1.0,1.0,"[4, 4]",0.5,False,1.15596952,0.25763325,0.96857115,True
22,5,21,Pz,0.06936522,-0.06936522,0.10141614,1.0,1.0,"[4, 4]",0.5,False,1.15596952,0.25763325,0.96857115,True
22,5,22,P3,0.15844896,0.15844896,0.15984908,1.0,1.0,"[4, 4]",0.5,False,1.15596952,0.25763325,0.96857115,True
22,5,23,P4,0.12057918,0.12057918,0.13041121,1.0,1.0,"[4, 4]",0.5,False,1.15596952,0.25763325,0.96857115,True
22,5,24,T5,0.07941512,-0.07467572,0.09771497,1.0,1.0,"[4, 4]",0.5,False,1.15596952,0.25763325,0.96857115,True
22,5,25,T6,0.06707887,0.03426092,0.07031317,1.0,1.0,"[4, 4]",0.5,False,1.15596952,0.25763325,0.96857115,True
22,5,26,Oz,0.07084476,-0.00442737,0.08910951,1.0,1.0,"[4, 4]",0.5,False,1.15596952,0.25763325,0.96857115,True
22,5,27,O1,0.09067899,0.04395086,0.10125177,1.0,1.0,"[4, 4]",0.5,False,1.15596952,0.25763325,0.96857115,True
22,5,28,O2,0.10643921,-0.08259313,0.14145327,1.0,1.0,"[4, 4]",0.5,False,1.15596952,0.25763325,0.96857115,True
23,1,0,Fp1,0.11036541,-0.09699932,0.12343403,0.375,0.375,"[1, 7]",0.875,False,0.01202755,0.00203601,0.01007772,True
23,1,1,Fp2,0.07734987,0.06016434,0.09482815,0.375,0.375,"[1, 7]",0.875,False,0.01202755,0.00203601,0.01007772,True
23,1,2,Fz,0.10391492,-0.0990115,0.11771304,0.375,0.375,"[1, 7]",0.875,False,0.01202755,0.00203601,0.01007772,True
23,1,3,F3,0.0868092,0.02692255,0.09371182,0.375,0.375,"[1, 7]",0.875,False,0.01202755,0.00203601,0.01007772,True
23,1,4,F4,0.09791068,0.0124578,0.10821857,0.375,0.375,"[1, 7]",0.875,False,0.01202755,0.00203601,0.01007772,True
23,1,5,F7,0.08396763,0.08148301,0.0974853,0.375,0.375,"[1, 7]",0.875,False,0.01202755,0.00203601,0.01007772,True
23,1,6,F8,0.07824834,-0.03006981,0.07917047,0.375,0.375,"[1, 7]",0.875,False,0.01202755,0.00203601,0.01007772,True
23,1,7,FCz,0.09862276,0.09862276,0.11388915,0.375,0.375,"[1, 7]",0.875,False,0.01202755,0.00203601,0.01007772,True
23,1,8,FC3,0.03096868,0.00567254,0.03764204,0.375,0.375,"[1, 7]",0.875,False,0.01202755,0.00203601,0.01007772,True
23,1,9,FC4,0.05790501,-0.05790501,0.07546775,0.375,0.375,"[1, 7]",0.875,False,0.01202755,0.00203601,0.01007772,True
23,1,10,FT7,0.09057859,-0.05864843,0.10376015,0.375,0.375,"[1, 7]",0.875,False,0.01202755,0.00203601,0.01007772,True
23,1,11,FT8,0.07922678,-0.00417411,0.09625006,0.375,0.375,"[1, 7]",0.875,False,0.01202755,0.00203601,0.01007772,True
23,1,12,Cz,0.07682292,0.0762316,0.09296875,0.375,0.375,"[1, 7]",0.875,False,0.01202755,0.00203601,0.01007772,True
23,1,13,C3,0.11523336,0.07235843,0.11729194,0.375,0.375,"[1, 7]",0.875,False,0.01202755,0.00203601,0.01007772,True
23,1,14,C4,0.08531211,-0.07491394,0.09575756,0.375,0.375,"[1, 7]",0.875,False,0.01202755,0.00203601,0.01007772,True
23,1,15,T3,0.12579396,0.12579396,0.13100916,0.375,0.375,"[1, 7]",0.875,False,0.01202755,0.00203601,0.01007772,True
23,1,16,T4,0.12215031,0.01369246,0.13478667,0.375,0.375,"[1, 7]",0.875,False,0.01202755,0.00203601,0.01007772,True
23,1,17,CP3,0.1223098,0.03260342,0.14028589,0.375,0.375,"[1, 7]",0.875,False,0.01202755,0.00203601,0.01007772,True
23,1,18,CP4,0.11162642,0.03584639,0.12792084,0.375,0.375,"[1, 7]",0.875,False,0.01202755,0.00203601,0.01007772,True
23,1,19,TP7,0.08572976,-0.01906728,0.09564549,0.375,0.375,"[1, 7]",0.875,False,0.01202755,0.00203601,0.01007772,True
23,1,20,TP8,0.08979159,-0.05902643,0.10870634,0.375,0.375,"[1, 7]",0.875,False,0.01202755,0.00203601,0.01007772,True
23,1,21,Pz,0.15291218,0.00800079,0.15316649,0.375,0.375,"[1, 7]",0.875,False,0.01202755,0.00203601,0.01007772,True
23,1,22,P3,0.10880437,0.10880437,0.11817499,0.375,0.375,"[1, 7]",0.875,False,0.01202755,0.00203601,0.01007772,True
23,1,23,P4,0.10392708,-0.09147948,0.11549476,0.375,0.375,"[1, 7]",0.875,False,0.01202755,0.00203601,0.01007772,True
23,1,24,T5,0.10524836,0.07287476,0.11439014,0.375,0.375,"[1, 7]",0.875,False,0.01202755,0.00203601,0.01007772,True
23,1,25,T6,0.08036783,-0.06093003,0.09137227,0.375,0.375,"[1, 7]",0.875,False,0.01202755,0.00203601,0.01007772,True
23,1,26,Oz,0.07794982,0.0427603,0.08019605,0.375,0.375,"[1, 7]",0.875,False,0.01202755,0.00203601,0.01007772,True
23,1,27,O1,0.12250298,0.05681229,0.13292164,0.375,0.375,"[1, 7]",0.875,False,0.01202755,0.00203601,0.01007772,True
23,1,28,O2,0.14429918,-0.02274668,0.14691252,0.375,0.375,"[1, 7]",0.875,False,0.01202755,0.00203601,0.01007772,True
23,2,0,Fp1,0.11011267,-0.09684035,0.12318002,0.5,0.5,"[0, 8]",1.0,True,0.01228146,0.00223741,0.01029047,True
23,2,1,Fp2,0.07741581,0.06023603,0.0945817,0.5,0.5,"[0, 8]",1.0,True,0.01228146,0.00223741,0.01029047,True
23,2,2,Fz,0.1040929,-0.09908418,0.11786354,0.5,0.5,"[0, 8]",1.0,True,0.01228146,0.00223741,0.01029047,True
23,2,3,F3,0.08693929,0.02683324,0.09381551,0.5,0.5,"[0, 8]",1.0,True,0.01228146,0.00223741,0.01029047,True
23,2,4,F4,0.0970727,0.0112422,0.10776336,0.5,0.5,"[0, 8]",1.0,True,0.01228146,0.00223741,0.01029047,True
23,2,5,F7,0.08390069,0.08103009,0.09735397,0.5,0.5,"[0, 8]",1.0,True,0.01228146,0.00223741,0.01029047,True
23,2,6,F8,0.07800394,-0.0299623,0.0788748,0.5,0.5,"[0, 8]",1.0,True,0.01228146,0.00223741,0.01029047,True
23,2,7,FCz,0.09883025,0.09883025,0.11413946,0.5,0.5,"[0, 8]",1.0,True,0.01228146,0.00223741,0.01029047,True
23,2,8,FC3,0.03094311,0.00579363,0.03755648,0.5,0.5,"[0, 8]",1.0,True,0.01228146,0.00223741,0.01029047,True
23,2,9,FC4,0.05846569,-0.05846569,0.07605582,0.5,0.5,"[0, 8]",1.0,True,0.01228146,0.00223741,0.01029047,True
23,2,10,FT7,0.09029201,-0.05826579,0.10361282,0.5,0.5,"[0, 8]",1.0,True,0.01228146,0.00223741,0.01029047,True
23,2,11,FT8,0.08007757,-0.00445694,0.09700534,0.5,0.5,"[0, 8]",1.0,True,0.01228146,0.00223741,0.01029047,True
23,2,12,Cz,0.07685891,0.07631895,0.09313925,0.5,0.5,"[0, 8]",1.0,True,0.01228146,0.00223741,0.01029047,True
23,2,13,C3,0.11573261,0.07302094,0.11787431,0.5,0.5,"[0, 8]",1.0,True,0.01228146,0.00223741,0.01029047,True
23,2,14,C4,0.08418374,-0.07466488,0.09484087,0.5,0.5,"[0, 8]",1.0,True,0.01228146,0.00223741,0.01029047,True
23,2,15,T3,0.12634811,0.12634811,0.13162015,0.5,0.5,"[0, 8]",1.0,True,0.01228146,0.00223741,0.01029047,True
23,2,16,T4,0.12164004,0.01372279,0.13441783,0.5,0.5,"[0, 8]",1.0,True,0.01228146,0.00223741,0.01029047,True
23,2,17,CP3,0.12099878,0.03344803,0.139448,0.5,0.5,"[0, 8]",1.0,True,0.01228146,0.00223741,0.01029047,True
23,2,18,CP4,0.11177447,0.03558293,0.12815221,0.5,0.5,"[0, 8]",1.0,True,0.01228146,0.00223741,0.01029047,True
23,2,19,TP7,0.0844932,-0.01876653,0.0944434,0.5,0.5,"[0, 8]",1.0,True,0.01228146,0.00223741,0.01029047,True
23,2,20,TP8,0.08923151,-0.05886659,0.10816009,0.5,0.5,"[0, 8]",1.0,True,0.01228146,0.00223741,0.01029047,True
23,2,21,Pz,0.15320165,0.00794053,0.15346028,0.5,0.5,"[0, 8]",1.0,True,0.01228146,0.00223741,0.01029047,True
23,2,22,P3,0.10828959,0.10828959,0.117924,0.5,0.5,"[0, 8]",1.0,True,0.01228146,0.00223741,0.01029047,True
23,2,23,P4,0.10422255,-0.09161983,0.11570473,0.5,0.5,"[0, 8]",1.0,True,0.01228146,0.00223741,0.01029047,True
23,2,24,T5,0.10509122,0.07389939,0.11467329,0.5,0.5,"[0, 8]",1.0,True,0.01228146,0.00223741,0.01029047,True
23,2,25,T6,0.08037537,-0.06112857,0.09145513,0.5,0.5,"[0, 8]",1.0,True,0.01228146,0.00223741,0.01029047,True
23,2,26,Oz,0.07811657,0.04324002,0.08043247,0.5,0.5,"[0, 8]",1.0,True,0.01228146,0.00223741,0.01029047,True
23,2,27,O1,0.12260272,0.05680503,0.13298741,0.5,0.5,"[0, 8]",1.0,True,0.01228146,0.00223741,0.01029047,True
23,2,28,O2,0.14416541,-0.02282705,0.14674844,0.5,0.5,"[0, 8]",1.0,True,0.01228146,0.00223741,0.01029047,True
23,3,0,Fp1,0.11065152,-0.0973112,0.12374005,0.5,0.5,"[0, 8]",1.0,True,0.01154754,0.00207746,0.00967553,True
23,3,1,Fp2,0.07732047,0.0600304,0.09450585,0.5,0.5,"[0, 8]",1.0,True,0.01154754,0.00207746,0.00967553,True
23,3,2,Fz,0.10414766,-0.09877522,0.11777888,0.5,0.5,"[0, 8]",1.0,True,0.01154754,0.00207746,0.00967553,True
23,3,3,F3,0.0871245,0.02721201,0.09410916,0.5,0.5,"[0, 8]",1.0,True,0.01154754,0.00207746,0.00967553,True
23,3,4,F4,0.09763733,0.01160657,0.10816769,0.5,0.5,"[0, 8]",1.0,True,0.01154754,0.00207746,0.00967553,True
23,3,5,F7,0.08369222,0.08119936,0.09711236,0.5,0.5,"[0, 8]",1.0,True,0.01154754,0.00207746,0.00967553,True
23,3,6,F8,0.07774335,-0.03000219,0.07861893,0.5,0.5,"[0, 8]",1.0,True,0.01154754,0.00207746,0.00967553,True
23,3,7,FCz,0.09898964,0.09898964,0.11394782,0.5,0.5,"[0, 8]",1.0,True,0.01154754,0.00207746,0.00967553,True
23,3,8,FC3,0.03175327,0.00612821,0.0379338,0.5,0.5,"[0, 8]",1.0,True,0.01154754,0.00207746,0.00967553,True
23,3,9,FC4,0.05855338,-0.05855338,0.07600974,0.5,0.5,"[0, 8]",1.0,True,0.01154754,0.00207746,0.00967553,True
23,3,10,FT7,0.0904666,-0.05746258,0.10364056,0.5,0.5,"[0, 8]",1.0,True,0.01154754,0.00207746,0.00967553,True
23,3,11,FT8,0.07958809,-0.00410996,0.09654374,0.5,0.5,"[0, 8]",1.0,True,0.01154754,0.00207746,0.00967553,True
23,3,12,Cz,0.07666264,0.07587787,0.0925668,0.5,0.5,"[0, 8]",1.0,True,0.01154754,0.00207746,0.00967553,True
23,3,13,C3,0.11575239,0.07275029,0.11777424,0.5,0.5,"[0, 8]",1.0,True,0.01154754,0.00207746,0.00967553,True
23,3,14,C4,0.08506584,-0.07447781,0.09538737,0.5,0.5,"[0, 8]",1.0,True,0.01154754,0.00207746,0.00967553,True
23,3,15,T3,0.12666956,0.12666956,0.13201341,0.5,0.5,"[0, 8]",1.0,True,0.01154754,0.00207746,0.00967553,True
23,3,16,T4,0.12168007,0.01438865,0.13431065,0.5,0.5,"[0, 8]",1.0,True,0.01154754,0.00207746,0.00967553,True
23,3,17,CP3,0.12163495,0.0336414,0.14029184,0.5,0.5,"[0, 8]",1.0,True,0.01154754,0.00207746,0.00967553,True
23,3,18,CP4,0.11141744,0.03554275,0.12771359,0.5,0.5,"[0, 8]",1.0,True,0.01154754,0.00207746,0.00967553,True
23,3,19,TP7,0.0845818,-0.01860995,0.09446855,0.5,0.5,"[0, 8]",1.0,True,0.01154754,0.00207746,0.00967553,True
23,3,20,TP8,0.08968041,-0.05856733,0.10829931,0.5,0.5,"[0, 8]",1.0,True,0.01154754,0.00207746,0.00967553,True
23,3,21,Pz,0.15330054,0.00790525,0.15354361,0.5,0.5,"[0, 8]",1.0,True,0.01154754,0.00207746,0.00967553,True
23,3,22,P3,0.10813434,0.10813434,0.11768851,0.5,0.5,"[0, 8]",1.0,True,0.01154754,0.00207746,0.00967553,True
23,3,23,P4,0.10442996,-0.09174342,0.11597538,0.5,0.5,"[0, 8]",1.0,True,0.01154754,0.00207746,0.00967553,True
23,3,24,T5,0.10466732,0.07321893,0.1140194,0.5,0.5,"[0, 8]",1.0,True,0.01154754,0.00207746,0.00967553,True
23,3,25,T6,0.08039391,-0.06121816,0.09163041,0.5,0.5,"[0, 8]",1.0,True,0.01154754,0.00207746,0.00967553,True
23,3,26,Oz,0.0774774,0.04289285,0.07985738,0.5,0.5,"[0, 8]",1.0,True,0.01154754,0.00207746,0.00967553,True
23,3,27,O1,0.12209792,0.05660571,0.13252318,0.5,0.5,"[0, 8]",1.0,True,0.01154754,0.00207746,0.00967553,True
23,3,28,O2,0.14414608,-0.02311802,0.1468074,0.5,0.5,"[0, 8]",1.0,True,0.01154754,0.00207746,0.00967553,True
23,4,0,Fp1,0.11043179,-0.09727804,0.123647,0.5,0.5,"[0, 8]",1.0,True,0.01235908,0.00216189,0.01035551,True
23,4,1,Fp2,0.07760353,0.06010695,0.09485541,0.5,0.5,"[0, 8]",1.0,True,0.01235908,0.00216189,0.01035551,True
23,4,2,Fz,0.10384652,-0.09865443,0.11747129,0.5,0.5,"[0, 8]",1.0,True,0.01235908,0.00216189,0.01035551,True
23,4,3,F3,0.08696348,0.02684083,0.09392324,0.5,0.5,"[0, 8]",1.0,True,0.01235908,0.00216189,0.01035551,True
23,4,4,F4,0.09775744,0.0126112,0.1079147,0.5,0.5,"[0, 8]",1.0,True,0.01235908,0.00216189,0.01035551,True
23,4,5,F7,0.08386789,0.08144787,0.09760062,0.5,0.5,"[0, 8]",1.0,True,0.01235908,0.00216189,0.01035551,True
23,4,6,F8,0.07832562,-0.02999981,0.07925368,0.5,0.5,"[0, 8]",1.0,True,0.01235908,0.00216189,0.01035551,True
23,4,7,FCz,0.09908223,0.09908223,0.11387691,0.5,0.5,"[0, 8]",1.0,True,0.01235908,0.00216189,0.01035551,True
23,4,8,FC3,0.03122717,0.00576801,0.03779172,0.5,0.5,"[0, 8]",1.0,True,0.01235908,0.00216189,0.01035551,True
23,4,9,FC4,0.05782384,-0.05782384,0.07534661,0.5,0.5,"[0, 8]",1.0,True,0.01235908,0.00216189,0.01035551,True
23,4,10,FT7,0.09025133,-0.05832004,0.10379463,0.5,0.5,"[0, 8]",1.0,True,0.01235908,0.00216189,0.01035551,True
23,4,11,FT8,0.07966846,-0.00408878,0.09623346,0.5,0.5,"[0, 8]",1.0,True,0.01235908,0.00216189,0.01035551,True
23,4,12,Cz,0.07684106,0.07613466,0.09283335,0.5,0.5,"[0, 8]",1.0,True,0.01235908,0.00216189,0.01035551,True
23,4,13,C3,0.11580472,0.07262947,0.11782769,0.5,0.5,"[0, 8]",1.0,True,0.01235908,0.00216189,0.01035551,True
23,4,14,C4,0.08481514,-0.07406379,0.09491763,0.5,0.5,"[0, 8]",1.0,True,0.01235908,0.00216189,0.01035551,True
23,4,15,T3,0.12663808,0.12663808,0.13211992,0.5,0.5,"[0, 8]",1.0,True,0.01235908,0.00216189,0.01035551,True
23,4,16,T4,0.12218563,0.01417755,0.13463491,0.5,0.5,"[0, 8]",1.0,True,0.01235908,0.00216189,0.01035551,True
23,4,17,CP3,0.12205194,0.03330216,0.14034419,0.5,0.5,"[0, 8]",1.0,True,0.01235908,0.00216189,0.01035551,True
23,4,18,CP4,0.11157699,0.03561528,0.12782407,0.5,0.5,"[0, 8]",1.0,True,0.01235908,0.00216189,0.01035551,True
23,4,19,TP7,0.08517996,-0.01876059,0.0950916,0.5,0.5,"[0, 8]",1.0,True,0.01235908,0.00216189,0.01035551,True
23,4,20,TP8,0.08939245,-0.05880557,0.10823978,0.5,0.5,"[0, 8]",1.0,True,0.01235908,0.00216189,0.01035551,True
23,4,21,Pz,0.15254909,0.00707836,0.15278123,0.5,0.5,"[0, 8]",1.0,True,0.01235908,0.00216189,0.01035551,True
23,4,22,P3,0.10813448,0.10813448,0.11783409,0.5,0.5,"[0, 8]",1.0,True,0.01235908,0.00216189,0.01035551,True
23,4,23,P4,0.10405304,-0.09179794,0.11574806,0.5,0.5,"[0, 8]",1.0,True,0.01235908,0.00216189,0.01035551,True
23,4,24,T5,0.10571778,0.07315595,0.11479772,0.5,0.5,"[0, 8]",1.0,True,0.01235908,0.00216189,0.01035551,True
23,4,25,T6,0.08053507,-0.06120357,0.09163776,0.5,0.5,"[0, 8]",1.0,True,0.01235908,0.00216189,0.01035551,True
23,4,26,Oz,0.07839204,0.04282495,0.08063692,0.5,0.5,"[0, 8]",1.0,True,0.01235908,0.00216189,0.01035551,True
23,4,27,O1,0.1220488,0.05723464,0.1322504,0.5,0.5,"[0, 8]",1.0,True,0.01235908,0.00216189,0.01035551,True
23,4,28,O2,0.14419103,-0.02241791,0.1466973,0.5,0.5,"[0, 8]",1.0,True,0.01235908,0.00216189,0.01035551,True
23,5,0,Fp1,0.11003268,-0.09637606,0.12295524,0.5,0.5,"[0, 8]",1.0,True,0.01119358,0.00219378,0.00937895,True
23,5,1,Fp2,0.07756475,0.06102956,0.09521519,0.5,0.5,"[0, 8]",1.0,True,0.01119358,0.00219378,0.00937895,True
23,5,2,Fz,0.1027669,-0.09722795,0.11603469,0.5,0.5,"[0, 8]",1.0,True,0.01119358,0.00219378,0.00937895,True
23,5,3,F3,0.08787509,0.02804001,0.09429586,0.5,0.5,"[0, 8]",1.0,True,0.01119358,0.00219378,0.00937895,True
23,5,4,F4,0.09790702,0.0129877,0.1079659,0.5,0.5,"[0, 8]",1.0,True,0.01119358,0.00219378,0.00937895,True
23,5,5,F7,0.08408599,0.0811031,0.09745122,0.5,0.5,"[0, 8]",1.0,True,0.01119358,0.00219378,0.00937895,True
23,5,6,F8,0.07805949,-0.0298577,0.07901018,0.5,0.5,"[0, 8]",1.0,True,0.01119358,0.00219378,0.00937895,True
23,5,7,FCz,0.09973772,0.09973772,0.11485722,0.5,0.5,"[0, 8]",1.0,True,0.01119358,0.00219378,0.00937895,True
23,5,8,FC3,0.03054459,0.0059796,0.03721106,0.5,0.5,"[0, 8]",1.0,True,0.01119358,0.00219378,0.00937895,True
23,5,9,FC4,0.0574126,-0.0574126,0.07511988,0.5,0.5,"[0, 8]",1.0,True,0.01119358,0.00219378,0.00937895,True
23,5,10,FT7,0.09048802,-0.05853302,0.10388839,0.5,0.5,"[0, 8]",1.0,True,0.01119358,0.00219378,0.00937895,True
23,5,11,FT8,0.07953917,-0.00430989,0.09656957,0.5,0.5,"[0, 8]",1.0,True,0.01119358,0.00219378,0.00937895,True
23,5,12,Cz,0.07675155,0.07624846,0.09311835,0.5,0.5,"[0, 8]",1.0,True,0.01119358,0.00219378,0.00937895,True
23,5,13,C3,0.11481216,0.07193364,0.11698195,0.5,0.5,"[0, 8]",1.0,True,0.01119358,0.00219378,0.00937895,True
23,5,14,C4,0.08550029,-0.07461637,0.09556646,0.5,0.5,"[0, 8]",1.0,True,0.01119358,0.00219378,0.00937895,True
23,5,15,T3,0.1258001,0.1258001,0.13112761,0.5,0.5,"[0, 8]",1.0,True,0.01119358,0.00219378,0.00937895,True
23,5,16,T4,0.12225863,0.01282232,0.13465965,0.5,0.5,"[0, 8]",1.0,True,0.01119358,0.00219378,0.00937895,True
23,5,17,CP3,0.12117639,0.03307889,0.13940045,0.5,0.5,"[0, 8]",1.0,True,0.01119358,0.00219378,0.00937895,True
23,5,18,CP4,0.11037356,0.03449949,0.12696519,0.5,0.5,"[0, 8]",1.0,True,0.01119358,0.00219378,0.00937895,True
23,5,19,TP7,0.08523235,-0.01951341,0.09516756,0.5,0.5,"[0, 8]",1.0,True,0.01119358,0.00219378,0.00937895,True
23,5,20,TP8,0.08867608,-0.05938245,0.10793588,0.5,0.5,"[0, 8]",1.0,True,0.01119358,0.00219378,0.00937895,True
23,5,21,Pz,0.15248069,0.00699679,0.15271023,0.5,0.5,"[0, 8]",1.0,True,0.01119358,0.00219378,0.00937895,True
23,5,22,P3,0.10847692,0.10847692,0.11806397,0.5,0.5,"[0, 8]",1.0,True,0.01119358,0.00219378,0.00937895,True
23,5,23,P4,0.10425414,-0.09219871,0.11605325,0.5,0.5,"[0, 8]",1.0,True,0.01119358,0.00219378,0.00937895,True
23,5,24,T5,0.10553874,0.07398276,0.11493825,0.5,0.5,"[0, 8]",1.0,True,0.01119358,0.00219378,0.00937895,True
23,5,25,T6,0.08161715,-0.06234988,0.09251142,0.5,0.5,"[0, 8]",1.0,True,0.01119358,0.00219378,0.00937895,True
23,5,26,Oz,0.0783399,0.0426667,0.08063359,0.5,0.5,"[0, 8]",1.0,True,0.01119358,0.00219378,0.00937895,True
23,5,27,O1,0.12245645,0.05694777,0.13275756,0.5,0.5,"[0, 8]",1.0,True,0.01119358,0.00219378,0.00937895,True
23,5,28,O2,0.14486861,-0.02390805,0.1476257,0.5,0.5,"[0, 8]",1.0,True,0.01119358,0.00219378,0.00937895,True
24,1,0,Fp1,0.05711198,-0.05711198,0.06985886,0.75,0.75,"[2, 6]",0.75,False,1.3252662,0.34480561,1.11042253,True
24,1,1,Fp2,0.04892817,0.03250694,0.05492476,0.75,0.75,"[2, 6]",0.75,False,1.3252662,0.34480561,1.11042253,True
24,1,2,Fz,0.09230299,0.01889208,0.10123946,0.75,0.75,"[2, 6]",0.75,False,1.3252662,0.34480561,1.11042253,True
24,1,3,F3,0.11965388,-0.00240812,0.14204548,0.75,0.75,"[2, 6]",0.75,False,1.3252662,0.34480561,1.11042253,True
24,1,4,F4,0.18694404,0.18694404,0.21596844,0.75,0.75,"[2, 6]",0.75,False,1.3252662,0.34480561,1.11042253,True
24,1,5,F7,0.03924538,0.00670311,0.04285282,0.75,0.75,"[2, 6]",0.75,False,1.3252662,0.34480561,1.11042253,True
24,1,6,F8,0.10743576,-0.03584613,0.11111958,0.75,0.75,"[2, 6]",0.75,False,1.3252662,0.34480561,1.11042253,True
24,1,7,FCz,0.1108,-0.10118797,0.14336078,0.75,0.75,"[2, 6]",0.75,False,1.3252662,0.34480561,1.11042253,True
24,1,8,FC3,0.1400288,0.02969395,0.16349822,0.75,0.75,"[2, 6]",0.75,False,1.3252662,0.34480561,1.11042253,True
24,1,9,FC4,0.15936901,-0.15936901,0.17638253,0.75,0.75,"[2, 6]",0.75,False,1.3252662,0.34480561,1.11042253,True
24,1,10,FT7,0.06318805,-0.03791886,0.06797475,0.75,0.75,"[2, 6]",0.75,False,1.3252662,0.34480561,1.11042253,True
24,1,11,FT8,0.08037114,-0.05893328,0.09245232,0.75,0.75,"[2, 6]",0.75,False,1.3252662,0.34480561,1.11042253,True
24,1,12,Cz,0.15084673,0.15084673,0.1679191,0.75,0.75,"[2, 6]",0.75,False,1.3252662,0.34480561,1.11042253,True
24,1,13,C3,0.04569291,0.03462156,0.04821191,0.75,0.75,"[2, 6]",0.75,False,1.3252662,0.34480561,1.11042253,True
24,1,14,C4,0.09935648,-0.00512184,0.13332781,0.75,0.75,"[2, 6]",0.75,False,1.3252662,0.34480561,1.11042253,True
24,1,15,T3,0.14505404,0.14505404,0.15330519,0.75,0.75,"[2, 6]",0.75,False,1.3252662,0.34480561,1.11042253,True
24,1,16,T4,0.10329802,0.10329802,0.12025513,0.75,0.75,"[2, 6]",0.75,False,1.3252662,0.34480561,1.11042253,True
24,1,17,CP3,0.08994381,0.05882134,0.10249963,0.75,0.75,"[2, 6]",0.75,False,1.3252662,0.34480561,1.11042253,True
24,1,18,CP4,0.10387339,-0.04794544,0.10641499,0.75,0.75,"[2, 6]",0.75,False,1.3252662,0.34480561,1.11042253,True
24,1,19,TP7,0.14341301,-0.14341301,0.17398298,0.75,0.75,"[2, 6]",0.75,False,1.3252662,0.34480561,1.11042253,True
24,1,20,TP8,0.03562851,-0.01280998,0.03758107,0.75,0.75,"[2, 6]",0.75,False,1.3252662,0.34480561,1.11042253,True
24,1,21,Pz,0.05116289,-0.01212197,0.05323518,0.75,0.75,"[2, 6]",0.75,False,1.3252662,0.34480561,1.11042253,True
24,1,22,P3,0.13891765,0.13891765,0.14738467,0.75,0.75,"[2, 6]",0.75,False,1.3252662,0.34480561,1.11042253,True
24,1,23,P4,0.05915341,-0.04032863,0.06988663,0.75,0.75,"[2, 6]",0.75,False,1.3252662,0.34480561,1.11042253,True
24,1,24,T5,0.08820491,-0.05664537,0.10598169,0.75,0.75,"[2, 6]",0.75,False,1.3252662,0.34480561,1.11042253,True
24,1,25,T6,0.07787684,-0.0235314,0.09188921,0.75,0.75,"[2, 6]",0.75,False,1.3252662,0.34480561,1.11042253,True
24,1,26,Oz,0.02612073,0.00387679,0.02883003,0.75,0.75,"[2, 6]",0.75,False,1.3252662,0.34480561,1.11042253,True
24,1,27,O1,0.10593291,0.10517377,0.12852751,0.75,0.75,"[2, 6]",0.75,False,1.3252662,0.34480561,1.11042253,True
24,1,28,O2,0.13347204,-0.06230532,0.16173786,0.75,0.75,"[2, 6]",0.75,False,1.3252662,0.34480561,1.11042253,True
24,2,0,Fp1,0.09467079,-0.09467079,0.11236172,0.375,0.375,"[3, 5]",0.625,False,0.25720029,0.06116504,0.21550463,True
24,2,1,Fp2,0.0913479,0.06080753,0.09924969,0.375,0.375,"[3, 5]",0.625,False,0.25720029,0.06116504,0.21550463,True
24,2,2,Fz,0.10082912,-0.085691,0.11174799,0.375,0.375,"[3, 5]",0.625,False,0.25720029,0.06116504,0.21550463,True
24,2,3,F3,0.07739983,0.0286459,0.08373941,0.375,0.375,"[3, 5]",0.625,False,0.25720029,0.06116504,0.21550463,True
24,2,4,F4,0.09999586,0.03054776,0.10597041,0.375,0.375,"[3, 5]",0.625,False,0.25720029,0.06116504,0.21550463,True
24,2,5,F7,0.06987959,0.06987959,0.0819377,0.375,0.375,"[3, 5]",0.625,False,0.25720029,0.06116504,0.21550463,True
24,2,6,F8,0.06994685,-0.01206931,0.07641078,0.375,0.375,"[3, 5]",0.625,False,0.25720029,0.06116504,0.21550463,True
24,2,7,FCz,0.11055611,0.11055611,0.11863969,0.375,0.375,"[3, 5]",0.625,False,0.25720029,0.06116504,0.21550463,True
24,2,8,FC3,0.0416214,0.01650347,0.04506186,0.375,0.375,"[3, 5]",0.625,False,0.25720029,0.06116504,0.21550463,True
24,2,9,FC4,0.06286649,-0.05610272,0.08613537,0.375,0.375,"[3, 5]",0.625,False,0.25720029,0.06116504,0.21550463,True
24,2,10,FT7,0.07897837,-0.06652847,0.0973687,0.375,0.375,"[3, 5]",0.625,False,0.25720029,0.06116504,0.21550463,True
24,2,11,FT8,0.07842518,0.01159525,0.10119551,0.375,0.375,"[3, 5]",0.625,False,0.25720029,0.06116504,0.21550463,True
24,2,12,Cz,0.08558907,0.08558907,0.093357,0.375,0.375,"[3, 5]",0.625,False,0.25720029,0.06116504,0.21550463,True
24,2,13,C3,0.1019367,0.06125459,0.10771819,0.375,0.375,"[3, 5]",0.625,False,0.25720029,0.06116504,0.21550463,True
24,2,14,C4,0.07449122,-0.05665932,0.08488744,0.375,0.375,"[3, 5]",0.625,False,0.25720029,0.06116504,0.21550463,True
24,2,15,T3,0.11082877,0.11082877,0.12191553,0.375,0.375,"[3, 5]",0.625,False,0.25720029,0.06116504,0.21550463,True
24,2,16,T4,0.13283287,0.00742556,0.14684038,0.375,0.375,"[3, 5]",0.625,False,0.25720029,0.06116504,0.21550463,True
24,2,17,CP3,0.11893219,0.03558897,0.13352799,0.375,0.375,"[3, 5]",0.625,False,0.25720029,0.06116504,0.21550463,True
24,2,18,CP4,0.11188343,0.02866133,0.1231497,0.375,0.375,"[3, 5]",0.625,False,0.25720029,0.06116504,0.21550463,True
24,2,19,TP7,0.08966905,-0.03941209,0.10286851,0.375,0.375,"[3, 5]",0.625,False,0.25720029,0.06116504,0.21550463,True
24,2,20,TP8,0.08999132,-0.06398113,0.11061067,0.375,0.375,"[3, 5]",0.625,False,0.25720029,0.06116504,0.21550463,True
24,2,21,Pz,0.16126128,-0.00483141,0.1634362,0.375,0.375,"[3, 5]",0.625,False,0.25720029,0.06116504,0.21550463,True
24,2,22,P3,0.12283862,0.12283862,0.14011329,0.375,0.375,"[3, 5]",0.625,False,0.25720029,0.06116504,0.21550463,True
24,2,23,P4,0.09332267,-0.08838303,0.11069697,0.375,0.375,"[3, 5]",0.625,False,0.25720029,0.06116504,0.21550463,True
24,2,24,T5,0.11471394,0.08143752,0.12326164,0.375,0.375,"[3, 5]",0.625,False,0.25720029,0.06116504,0.21550463,True
24,2,25,T6,0.0814555,-0.0655327,0.10425115,0.375,0.375,"[3, 5]",0.625,False,0.25720029,0.06116504,0.21550463,True
24,2,26,Oz,0.06110541,0.02905863,0.06736863,0.375,0.375,"[3, 5]",0.625,False,0.25720029,0.06116504,0.21550463,True
24,2,27,O1,0.12426721,0.05259565,0.13778654,0.375,0.375,"[3, 5]",0.625,False,0.25720029,0.06116504,0.21550463,True
24,2,28,O2,0.13770765,-0.02714528,0.14100133,0.375,0.375,"[3, 5]",0.625,False,0.25720029,0.06116504,0.21550463,True
24,3,0,Fp1,0.04898611,-0.03752331,0.07443446,0.625,0.625,"[3, 5]",0.625,False,0.94283063,0.27888864,0.78998497,True
24,3,1,Fp2,0.05394188,0.03203541,0.06087078,0.625,0.625,"[3, 5]",0.625,False,0.94283063,0.27888864,0.78998497,True
24,3,2,Fz,0.0696651,-0.05250027,0.07615775,0.625,0.625,"[3, 5]",0.625,False,0.94283063,0.27888864,0.78998497,True
24,3,3,F3,0.09590428,0.0683984,0.10127499,0.625,0.625,"[3, 5]",0.625,False,0.94283063,0.27888864,0.78998497,True
24,3,4,F4,0.15329225,0.15091,0.19737904,0.625,0.625,"[3, 5]",0.625,False,0.94283063,0.27888864,0.78998497,True
24,3,5,F7,0.04076857,0.04076857,0.05484967,0.625,0.625,"[3, 5]",0.625,False,0.94283063,0.27888864,0.78998497,True
24,3,6,F8,0.09108728,-0.05925095,0.09729796,0.625,0.625,"[3, 5]",0.625,False,0.94283063,0.27888864,0.78998497,True
24,3,7,FCz,0.04287189,0.04287189,0.04590026,0.625,0.625,"[3, 5]",0.625,False,0.94283063,0.27888864,0.78998497,True
24,3,8,FC3,0.07097626,0.06180496,0.08452723,0.625,0.625,"[3, 5]",0.625,False,0.94283063,0.27888864,0.78998497,True
24,3,9,FC4,0.07972784,-0.07972784,0.08902154,0.625,0.625,"[3, 5]",0.625,False,0.94283063,0.27888864,0.78998497,True
24,3,10,FT7,0.08877598,-0.08877598,0.10579064,0.625,0.625,"[3, 5]",0.625,False,0.94283063,0.27888864,0.78998497,True
24,3,11,FT8,0.07248626,0.00456022,0.07488137,0.625,0.625,"[3, 5]",0.625,False,0.94283063,0.27888864,0.78998497,True
24,3,12,Cz,0.10680862,0.10680862,0.11182317,0.625,0.625,"[3, 5]",0.625,False,0.94283063,0.27888864,0.78998497,True
24,3,13,C3,0.09712648,0.02762849,0.11349873,0.625,0.625,"[3, 5]",0.625,False,0.94283063,0.27888864,0.78998497,True
24,3,14,C4,0.13509293,-0.07118547,0.15878934,0.625,0.625,"[3, 5]",0.625,False,0.94283063,0.27888864,0.78998497,True
24,3,15,T3,0.09395231,0.0859199,0.10449907,0.625,0.625,"[3, 5]",0.625,False,0.94283063,0.27888864,0.78998497,True
24,3,16,T4,0.08655012,0.08376231,0.09882166,0.625,0.625,"[3, 5]",0.625,False,0.94283063,0.27888864,0.78998497,True
24,3,17,CP3,0.10795612,-0.0731273,0.14228843,0.625,0.625,"[3, 5]",0.625,False,0.94283063,0.27888864,0.78998497,True
24,3,18,CP4,0.07727504,-0.01303172,0.07959787,0.625,0.625,"[3, 5]",0.625,False,0.94283063,0.27888864,0.78998497,True
24,3,19,TP7,0.03551603,-0.0044304,0.04122064,0.625,0.625,"[3, 5]",0.625,False,0.94283063,0.27888864,0.78998497,True
24,3,20,TP8,0.05937472,-0.01883474,0.07037838,0.625,0.625,"[3, 5]",0.625,False,0.94283063,0.27888864,0.78998497,True
24,3,21,Pz,0.09760128,0.00116526,0.10454433,0.625,0.625,"[3, 5]",0.625,False,0.94283063,0.27888864,0.78998497,True
24,3,22,P3,0.12751372,0.12751372,0.1545454,0.625,0.625,"[3, 5]",0.625,False,0.94283063,0.27888864,0.78998497,True
24,3,23,P4,0.08401574,-0.04079658,0.0868511,0.625,0.625,"[3, 5]",0.625,False,0.94283063,0.27888864,0.78998497,True
24,3,24,T5,0.1022023,-0.06841989,0.10560025,0.625,0.625,"[3, 5]",0.625,False,0.94283063,0.27888864,0.78998497,True
24,3,25,T6,0.09039429,-0.08897213,0.11666783,0.625,0.625,"[3, 5]",0.625,False,0.94283063,0.27888864,0.78998497,True
24,3,26,Oz,0.06929485,-0.02675757,0.07707234,0.625,0.625,"[3, 5]",0.625,False,0.94283063,0.27888864,0.78998497,True
24,3,27,O1,0.21658295,0.21658295,0.23985432,0.625,0.625,"[3, 5]",0.625,False,0.94283063,0.27888864,0.78998497,True
24,3,28,O2,0.0889417,0.01770452,0.09130077,0.625,0.625,"[3, 5]",0.625,False,0.94283063,0.27888864,0.78998497,True
24,4,0,Fp1,0.06994413,-0.06994413,0.08528527,0.5,0.5,"[6, 2]",0.75,False,1.03035318,0.27115034,0.86331892,True
24,4,1,Fp2,0.0569618,0.02683924,0.06072918,0.5,0.5,"[6, 2]",0.75,False,1.03035318,0.27115034,0.86331892,True
24,4,2,Fz,0.05667363,0.00719525,0.05849893,0.5,0.5,"[6, 2]",0.75,False,1.03035318,0.27115034,0.86331892,True
24,4,3,F3,0.1482154,0.11670227,0.156247,0.5,0.5,"[6, 2]",0.75,False,1.03035318,0.27115034,0.86331892,True
24,4,4,F4,0.17207298,0.12390253,0.1963284,0.5,0.5,"[6, 2]",0.75,False,1.03035318,0.27115034,0.86331892,True
24,4,5,F7,0.04582626,0.04582626,0.0535453,0.5,0.5,"[6, 2]",0.75,False,1.03035318,0.27115034,0.86331892,True
24,4,6,F8,0.0291171,0.004349,0.0306237,0.5,0.5,"[6, 2]",0.75,False,1.03035318,0.27115034,0.86331892,True
24,4,7,FCz,0.03471515,0.03059732,0.03990765,0.5,0.5,"[6, 2]",0.75,False,1.03035318,0.27115034,0.86331892,True
24,4,8,FC3,0.0891966,0.00355641,0.09130213,0.5,0.5,"[6, 2]",0.75,False,1.03035318,0.27115034,0.86331892,True
24,4,9,FC4,0.11846866,-0.11846866,0.12546292,0.5,0.5,"[6, 2]",0.75,False,1.03035318,0.27115034,0.86331892,True
24,4,10,FT7,0.06453596,-0.03365706,0.07053094,0.5,0.5,"[6, 2]",0.75,False,1.03035318,0.27115034,0.86331892,True
24,4,11,FT8,0.14112678,-0.13346335,0.18108024,0.5,0.5,"[6, 2]",0.75,False,1.03035318,0.27115034,0.86331892,True
24,4,12,Cz,0.08611599,0.08611599,0.0919725,0.5,0.5,"[6, 2]",0.75,False,1.03035318,0.27115034,0.86331892,True
24,4,13,C3,0.10102374,-0.00018977,0.10252164,0.5,0.5,"[6, 2]",0.75,False,1.03035318,0.27115034,0.86331892,True
24,4,14,C4,0.08448388,-0.02789423,0.08955481,0.5,0.5,"[6, 2]",0.75,False,1.03035318,0.27115034,0.86331892,True
24,4,15,T3,0.07691394,0.05291387,0.08563551,0.5,0.5,"[6, 2]",0.75,False,1.03035318,0.27115034,0.86331892,True
24,4,16,T4,0.110392,0.06339286,0.12755279,0.5,0.5,"[6, 2]",0.75,False,1.03035318,0.27115034,0.86331892,True
24,4,17,CP3,0.14242749,0.00464393,0.16706894,0.5,0.5,"[6, 2]",0.75,False,1.03035318,0.27115034,0.86331892,True
24,4,18,CP4,0.08360492,0.06830974,0.09339839,0.5,0.5,"[6, 2]",0.75,False,1.03035318,0.27115034,0.86331892,True
24,4,19,TP7,0.13209292,-0.13209292,0.15618902,0.5,0.5,"[6, 2]",0.75,False,1.03035318,0.27115034,0.86331892,True
24,4,20,TP8,0.10717426,-0.09495865,0.11795396,0.5,0.5,"[6, 2]",0.75,False,1.03035318,0.27115034,0.86331892,True
24,4,21,Pz,0.1594719,-0.07985767,0.18284719,0.5,0.5,"[6, 2]",0.75,False,1.03035318,0.27115034,0.86331892,True
24,4,22,P3,0.09411451,0.09411451,0.11318865,0.5,0.5,"[6, 2]",0.75,False,1.03035318,0.27115034,0.86331892,True
24,4,23,P4,0.06105695,-0.03397226,0.06740806,0.5,0.5,"[6, 2]",0.75,False,1.03035318,0.27115034,0.86331892,True
24,4,24,T5,0.06633653,-0.03269729,0.07504707,0.5,0.5,"[6, 2]",0.75,False,1.03035318,0.27115034,0.86331892,True
24,4,25,T6,0.03971105,-0.03971105,0.0476457,0.5,0.5,"[6, 2]",0.75,False,1.03035318,0.27115034,0.86331892,True
24,4,26,Oz,0.08395709,-0.07074597,0.09544667,0.5,0.5,"[6, 2]",0.75,False,1.03035318,0.27115034,0.86331892,True
24,4,27,O1,0.1858834,0.15901917,0.20458442,0.5,0.5,"[6, 2]",0.75,False,1.03035318,0.27115034,0.86331892,True
24,4,28,O2,0.12933351,0.0923428,0.15946211,0.5,0.5,"[6, 2]",0.75,False,1.03035318,0.27115034,0.86331892,True
24,5,0,Fp1,0.10065819,-0.09117471,0.13193049,0.25,0.25,"[4, 4]",0.5,False,0.82000792,0.20029638,0.68707349,True
24,5,1,Fp2,0.0573276,0.01715263,0.06456971,0.25,0.25,"[4, 4]",0.5,False,0.82000792,0.20029638,0.68707349,True
24,5,2,Fz,0.07813025,-0.04035816,0.11924005,0.25,0.25,"[4, 4]",0.5,False,0.82000792,0.20029638,0.68707349,True
24,5,3,F3,0.0955451,0.0955451,0.13117304,0.25,0.25,"[4, 4]",0.5,False,0.82000792,0.20029638,0.68707349,True
24,5,4,F4,0.1104147,0.09293179,0.13221619,0.25,0.25,"[4, 4]",0.5,False,0.82000792,0.20029638,0.68707349,True
24,5,5,F7,0.04113144,0.03906123,0.05342714,0.25,0.25,"[4, 4]",0.5,False,0.82000792,0.20029638,0.68707349,True
24,5,6,F8,0.10246833,0.01115526,0.12546541,0.25,0.25,"[4, 4]",0.5,False,0.82000792,0.20029638,0.68707349,True
24,5,7,FCz,0.05789629,0.05654339,0.07174798,0.25,0.25,"[4, 4]",0.5,False,0.82000792,0.20029638,0.68707349,True
24,5,8,FC3,0.07374412,0.05283948,0.07922912,0.25,0.25,"[4, 4]",0.5,False,0.82000792,0.20029638,0.68707349,True
24,5,9,FC4,0.10369338,-0.10369338,0.10912322,0.25,0.25,"[4, 4]",0.5,False,0.82000792,0.20029638,0.68707349,True
24,5,10,FT7,0.07566264,-0.07358863,0.09846257,0.25,0.25,"[4, 4]",0.5,False,0.82000792,0.20029638,0.68707349,True
24,5,11,FT8,0.08114622,-0.00491796,0.10729804,0.25,0.25,"[4, 4]",0.5,False,0.82000792,0.20029638,0.68707349,True
24,5,12,Cz,0.06641565,0.06641565,0.08238075,0.25,0.25,"[4, 4]",0.5,False,0.82000792,0.20029638,0.68707349,True
24,5,13,C3,0.05845941,0.00657784,0.06658335,0.25,0.25,"[4, 4]",0.5,False,0.82000792,0.20029638,0.68707349,True
24,5,14,C4,0.07556531,-0.02050318,0.07940125,0.25,0.25,"[4, 4]",0.5,False,0.82000792,0.20029638,0.68707349,True
24,5,15,T3,0.08422662,0.06407781,0.0893791,0.25,0.25,"[4, 4]",0.5,False,0.82000792,0.20029638,0.68707349,True
24,5,16,T4,0.10596149,0.0229701,0.11771521,0.25,0.25,"[4, 4]",0.5,False,0.82000792,0.20029638,0.68707349,True
24,5,17,CP3,0.15235695,-0.00295389,0.16133946,0.25,0.25,"[4, 4]",0.5,False,0.82000792,0.20029638,0.68707349,True
24,5,18,CP4,0.05991405,-0.00052123,0.07512504,0.25,0.25,"[4, 4]",0.5,False,0.82000792,0.20029638,0.68707349,True
24,5,19,TP7,0.10788991,-0.09841073,0.13080153,0.25,0.25,"[4, 4]",0.5,False,0.82000792,0.20029638,0.68707349,True
24,5,20,TP8,0.07978476,-0.04013847,0.09414715,0.25,0.25,"[4, 4]",0.5,False,0.82000792,0.20029638,0.68707349,True
24,5,21,Pz,0.1482221,-0.03586612,0.15282311,0.25,0.25,"[4, 4]",0.5,False,0.82000792,0.20029638,0.68707349,True
24,5,22,P3,0.11872295,0.11679493,0.13970865,0.25,0.25,"[4, 4]",0.5,False,0.82000792,0.20029638,0.68707349,True
24,5,23,P4,0.04708295,-0.00480032,0.05963024,0.25,0.25,"[4, 4]",0.5,False,0.82000792,0.20029638,0.68707349,True
24,5,24,T5,0.04553774,-0.00671421,0.04826248,0.25,0.25,"[4, 4]",0.5,False,0.82000792,0.20029638,0.68707349,True
24,5,25,T6,0.06251359,-0.04660486,0.09101317,0.25,0.25,"[4, 4]",0.5,False,0.82000792,0.20029638,0.68707349,True
24,5,26,Oz,0.11491949,0.03330195,0.13614824,0.25,0.25,"[4, 4]",0.5,False,0.82000792,0.20029638,0.68707349,True
24,5,27,O1,0.17856726,0.11442098,0.18182506,0.25,0.25,"[4, 4]",0.5,False,0.82000792,0.20029638,0.68707349,True
24,5,28,O2,0.1502444,0.02087291,0.15178421,0.25,0.25,"[4, 4]",0.5,False,0.82000792,0.20029638,0.68707349,True
25,1,0,Fp1,0.11353,-0.08679633,0.12371372,0.25,0.25,"[2, 6]",0.75,False,0.64098546,0.17895751,0.537073,True
25,1,1,Fp2,0.09646845,0.06956137,0.11350636,0.25,0.25,"[2, 6]",0.75,False,0.64098546,0.17895751,0.537073,True
25,1,2,Fz,0.09716605,-0.09716605,0.10926005,0.25,0.25,"[2, 6]",0.75,False,0.64098546,0.17895751,0.537073,True
25,1,3,F3,0.09144391,-0.00633096,0.113718,0.25,0.25,"[2, 6]",0.75,False,0.64098546,0.17895751,0.537073,True
25,1,4,F4,0.09660719,0.0559938,0.11215874,0.25,0.25,"[2, 6]",0.75,False,0.64098546,0.17895751,0.537073,True
25,1,5,F7,0.11168596,0.10978857,0.1284862,0.25,0.25,"[2, 6]",0.75,False,0.64098546,0.17895751,0.537073,True
25,1,6,F8,0.02424549,0.02410722,0.03599039,0.25,0.25,"[2, 6]",0.75,False,0.64098546,0.17895751,0.537073,True
25,1,7,FCz,0.06244882,0.04547003,0.0746095,0.25,0.25,"[2, 6]",0.75,False,0.64098546,0.17895751,0.537073,True
25,1,8,FC3,0.04359397,-0.03759585,0.05806904,0.25,0.25,"[2, 6]",0.75,False,0.64098546,0.17895751,0.537073,True
25,1,9,FC4,0.03529342,-0.00923764,0.04834031,0.25,0.25,"[2, 6]",0.75,False,0.64098546,0.17895751,0.537073,True
25,1,10,FT7,0.11155897,-0.07527346,0.11389025,0.25,0.25,"[2, 6]",0.75,False,0.64098546,0.17895751,0.537073,True
25,1,11,FT8,0.07236265,0.00020095,0.09644604,0.25,0.25,"[2, 6]",0.75,False,0.64098546,0.17895751,0.537073,True
25,1,12,Cz,0.07618085,0.05070755,0.07972369,0.25,0.25,"[2, 6]",0.75,False,0.64098546,0.17895751,0.537073,True
25,1,13,C3,0.13046871,0.11157171,0.15748364,0.25,0.25,"[2, 6]",0.75,False,0.64098546,0.17895751,0.537073,True
25,1,14,C4,0.03715426,-0.02918848,0.04507083,0.25,0.25,"[2, 6]",0.75,False,0.64098546,0.17895751,0.537073,True
25,1,15,T3,0.1265647,0.1265647,0.14036936,0.25,0.25,"[2, 6]",0.75,False,0.64098546,0.17895751,0.537073,True
25,1,16,T4,0.11425836,-0.01118642,0.12536278,0.25,0.25,"[2, 6]",0.75,False,0.64098546,0.17895751,0.537073,True
25,1,17,CP3,0.14824948,0.05576774,0.16639234,0.25,0.25,"[2, 6]",0.75,False,0.64098546,0.17895751,0.537073,True
25,1,18,CP4,0.09442105,0.04128838,0.11139468,0.25,0.25,"[2, 6]",0.75,False,0.64098546,0.17895751,0.537073,True
25,1,19,TP7,0.12046172,-0.12046172,0.13665253,0.25,0.25,"[2, 6]",0.75,False,0.64098546,0.17895751,0.537073,True
25,1,20,TP8,0.07198755,-0.07198755,0.08588191,0.25,0.25,"[2, 6]",0.75,False,0.64098546,0.17895751,0.537073,True
25,1,21,Pz,0.11993522,-0.02540273,0.12686817,0.25,0.25,"[2, 6]",0.75,False,0.64098546,0.17895751,0.537073,True
25,1,22,P3,0.05305531,0.04759565,0.05842974,0.25,0.25,"[2, 6]",0.75,False,0.64098546,0.17895751,0.537073,True
25,1,23,P4,0.09725347,-0.09725347,0.10947909,0.25,0.25,"[2, 6]",0.75,False,0.64098546,0.17895751,0.537073,True
25,1,24,T5,0.08731982,0.00416816,0.10720445,0.25,0.25,"[2, 6]",0.75,False,0.64098546,0.17895751,0.537073,True
25,1,25,T6,0.11845327,-0.03143437,0.12666182,0.25,0.25,"[2, 6]",0.75,False,0.64098546,0.17895751,0.537073,True
25,1,26,Oz,0.04854845,0.03906033,0.06840437,0.25,0.25,"[2, 6]",0.75,False,0.64098546,0.17895751,0.537073,True
25,1,27,O1,0.1338084,0.05919658,0.15316866,0.25,0.25,"[2, 6]",0.75,False,0.64098546,0.17895751,0.537073,True
25,1,28,O2,0.12052204,-0.00252987,0.12459086,0.25,0.25,"[2, 6]",0.75,False,0.64098546,0.17895751,0.537073,True
25,2,0,Fp1,0.11116185,-0.09372722,0.12424503,0.875,0.875,"[3, 5]",0.625,False,0.06785904,0.01182316,0.05685817,True
25,2,1,Fp2,0.0781616,0.0638504,0.0958291,0.875,0.875,"[3, 5]",0.625,False,0.06785904,0.01182316,0.05685817,True
25,2,2,Fz,0.10341889,-0.09389254,0.11525477,0.875,0.875,"[3, 5]",0.625,False,0.06785904,0.01182316,0.05685817,True
25,2,3,F3,0.08920588,0.03273739,0.09553325,0.875,0.875,"[3, 5]",0.625,False,0.06785904,0.01182316,0.05685817,True
25,2,4,F4,0.10103808,0.01908102,0.10896319,0.875,0.875,"[3, 5]",0.625,False,0.06785904,0.01182316,0.05685817,True
25,2,5,F7,0.08769984,0.08659332,0.10237533,0.875,0.875,"[3, 5]",0.625,False,0.06785904,0.01182316,0.05685817,True
25,2,6,F8,0.07738054,-0.02451193,0.0791189,0.875,0.875,"[3, 5]",0.625,False,0.06785904,0.01182316,0.05685817,True
25,2,7,FCz,0.09777084,0.09777084,0.11476252,0.875,0.875,"[3, 5]",0.625,False,0.06785904,0.01182316,0.05685817,True
25,2,8,FC3,0.03357713,0.01091291,0.03775346,0.875,0.875,"[3, 5]",0.625,False,0.06785904,0.01182316,0.05685817,True
25,2,9,FC4,0.05497506,-0.05497506,0.07248396,0.875,0.875,"[3, 5]",0.625,False,0.06785904,0.01182316,0.05685817,True
25,2,10,FT7,0.09316537,-0.05680974,0.10418654,0.875,0.875,"[3, 5]",0.625,False,0.06785904,0.01182316,0.05685817,True
25,2,11,FT8,0.08061501,-0.00897159,0.09661917,0.875,0.875,"[3, 5]",0.625,False,0.06785904,0.01182316,0.05685817,True
25,2,12,Cz,0.07676338,0.07308124,0.08959772,0.875,0.875,"[3, 5]",0.625,False,0.06785904,0.01182316,0.05685817,True
25,2,13,C3,0.11731283,0.07098171,0.11976961,0.875,0.875,"[3, 5]",0.625,False,0.06785904,0.01182316,0.05685817,True
25,2,14,C4,0.08427517,-0.07326714,0.09429833,0.875,0.875,"[3, 5]",0.625,False,0.06785904,0.01182316,0.05685817,True
25,2,15,T3,0.12562782,0.12562782,0.13105635,0.875,0.875,"[3, 5]",0.625,False,0.06785904,0.01182316,0.05685817,True
25,2,16,T4,0.12561402,0.01125928,0.13764672,0.875,0.875,"[3, 5]",0.625,False,0.06785904,0.01182316,0.05685817,True
25,2,17,CP3,0.11896509,0.03394894,0.13878995,0.875,0.875,"[3, 5]",0.625,False,0.06785904,0.01182316,0.05685817,True
25,2,18,CP4,0.10863999,0.03213364,0.12519625,0.875,0.875,"[3, 5]",0.625,False,0.06785904,0.01182316,0.05685817,True
25,2,19,TP7,0.08330555,-0.02594428,0.0954864,0.875,0.875,"[3, 5]",0.625,False,0.06785904,0.01182316,0.05685817,True
25,2,20,TP8,0.08850902,-0.06262904,0.10982419,0.875,0.875,"[3, 5]",0.625,False,0.06785904,0.01182316,0.05685817,True
25,2,21,Pz,0.15180677,0.00246767,0.15199231,0.875,0.875,"[3, 5]",0.625,False,0.06785904,0.01182316,0.05685817,True
25,2,22,P3,0.10358677,0.10358677,0.11150659,0.875,0.875,"[3, 5]",0.625,False,0.06785904,0.01182316,0.05685817,True
25,2,23,P4,0.10011047,-0.09422395,0.11556751,0.875,0.875,"[3, 5]",0.625,False,0.06785904,0.01182316,0.05685817,True
25,2,24,T5,0.10192178,0.06956773,0.11255461,0.875,0.875,"[3, 5]",0.625,False,0.06785904,0.01182316,0.05685817,True
25,2,25,T6,0.08624795,-0.0693504,0.09873024,0.875,0.875,"[3, 5]",0.625,False,0.06785904,0.01182316,0.05685817,True
25,2,26,Oz,0.07719512,0.03716876,0.08057129,0.875,0.875,"[3, 5]",0.625,False,0.06785904,0.01182316,0.05685817,True
25,2,27,O1,0.11728845,0.05125073,0.12740292,0.875,0.875,"[3, 5]",0.625,False,0.06785904,0.01182316,0.05685817,True
25,2,28,O2,0.14602309,-0.02718494,0.14894801,0.875,0.875,"[3, 5]",0.625,False,0.06785904,0.01182316,0.05685817,True
25,3,0,Fp1,0.11227777,-0.09548687,0.12460574,0.375,0.375,"[1, 7]",0.875,False,0.03990176,0.00800572,0.03343314,True
25,3,1,Fp2,0.07741486,0.06266633,0.09383479,0.375,0.375,"[1, 7]",0.875,False,0.03990176,0.00800572,0.03343314,True
25,3,2,Fz,0.10413062,-0.09565951,0.11596452,0.375,0.375,"[1, 7]",0.875,False,0.03990176,0.00800572,0.03343314,True
25,3,3,F3,0.08880156,0.03068385,0.09553007,0.375,0.375,"[1, 7]",0.875,False,0.03990176,0.00800572,0.03343314,True
25,3,4,F4,0.09702288,0.01357678,0.10664979,0.375,0.375,"[1, 7]",0.875,False,0.03990176,0.00800572,0.03343314,True
25,3,5,F7,0.08349206,0.08349206,0.09802467,0.375,0.375,"[1, 7]",0.875,False,0.03990176,0.00800572,0.03343314,True
25,3,6,F8,0.07911395,-0.03049575,0.07998068,0.375,0.375,"[1, 7]",0.875,False,0.03990176,0.00800572,0.03343314,True
25,3,7,FCz,0.10058371,0.10058371,0.11469697,0.375,0.375,"[1, 7]",0.875,False,0.03990176,0.00800572,0.03343314,True
25,3,8,FC3,0.03213512,0.00892494,0.03764147,0.375,0.375,"[1, 7]",0.875,False,0.03990176,0.00800572,0.03343314,True
25,3,9,FC4,0.05728698,-0.05728698,0.07304754,0.375,0.375,"[1, 7]",0.875,False,0.03990176,0.00800572,0.03343314,True
25,3,10,FT7,0.09176103,-0.05726065,0.1036334,0.375,0.375,"[1, 7]",0.875,False,0.03990176,0.00800572,0.03343314,True
25,3,11,FT8,0.0810876,-0.00508242,0.09830166,0.375,0.375,"[1, 7]",0.875,False,0.03990176,0.00800572,0.03343314,True
25,3,12,Cz,0.07734569,0.07698833,0.09351658,0.375,0.375,"[1, 7]",0.875,False,0.03990176,0.00800572,0.03343314,True
25,3,13,C3,0.11505052,0.07227038,0.11765847,0.375,0.375,"[1, 7]",0.875,False,0.03990176,0.00800572,0.03343314,True
25,3,14,C4,0.08495295,-0.07426392,0.0943398,0.375,0.375,"[1, 7]",0.875,False,0.03990176,0.00800572,0.03343314,True
25,3,15,T3,0.12581098,0.12581098,0.13094877,0.375,0.375,"[1, 7]",0.875,False,0.03990176,0.00800572,0.03343314,True
25,3,16,T4,0.12182806,0.01085382,0.134929,0.375,0.375,"[1, 7]",0.875,False,0.03990176,0.00800572,0.03343314,True
25,3,17,CP3,0.11823472,0.03281847,0.1378949,0.375,0.375,"[1, 7]",0.875,False,0.03990176,0.00800572,0.03343314,True
25,3,18,CP4,0.11068122,0.03665855,0.12509798,0.375,0.375,"[1, 7]",0.875,False,0.03990176,0.00800572,0.03343314,True
25,3,19,TP7,0.08460126,-0.0209764,0.09559311,0.375,0.375,"[1, 7]",0.875,False,0.03990176,0.00800572,0.03343314,True
25,3,20,TP8,0.08890712,-0.06289598,0.11004912,0.375,0.375,"[1, 7]",0.875,False,0.03990176,0.00800572,0.03343314,True
25,3,21,Pz,0.15262562,0.00622872,0.15281613,0.375,0.375,"[1, 7]",0.875,False,0.03990176,0.00800572,0.03343314,True
25,3,22,P3,0.10596711,0.10596711,0.11449946,0.375,0.375,"[1, 7]",0.875,False,0.03990176,0.00800572,0.03343314,True
25,3,23,P4,0.1049775,-0.09382114,0.11787391,0.375,0.375,"[1, 7]",0.875,False,0.03990176,0.00800572,0.03343314,True
25,3,24,T5,0.10455028,0.07180683,0.11459269,0.375,0.375,"[1, 7]",0.875,False,0.03990176,0.00800572,0.03343314,True
25,3,25,T6,0.08200017,-0.06538932,0.09402221,0.375,0.375,"[1, 7]",0.875,False,0.03990176,0.00800572,0.03343314,True
25,3,26,Oz,0.07945078,0.04160234,0.0820463,0.375,0.375,"[1, 7]",0.875,False,0.03990176,0.00800572,0.03343314,True
25,3,27,O1,0.12081725,0.05576903,0.13033599,0.375,0.375,"[1, 7]",0.875,False,0.03990176,0.00800572,0.03343314,True
25,3,28,O2,0.14569914,-0.02406435,0.14822578,0.375,0.375,"[1, 7]",0.875,False,0.03990176,0.00800572,0.03343314,True
25,4,0,Fp1,0.11938861,-0.10278758,0.13480487,0.5,0.5,"[2, 6]",0.75,False,0.16285076,0.03709184,0.13645044,True
25,4,1,Fp2,0.07438605,0.06642635,0.09314708,0.5,0.5,"[2, 6]",0.75,False,0.16285076,0.03709184,0.13645044,True
25,4,2,Fz,0.09867039,-0.08958112,0.11004838,0.5,0.5,"[2, 6]",0.75,False,0.16285076,0.03709184,0.13645044,True
25,4,3,F3,0.09352474,0.04449515,0.09850943,0.5,0.5,"[2, 6]",0.75,False,0.16285076,0.03709184,0.13645044,True
25,4,4,F4,0.10276587,0.0259772,0.10799973,0.5,0.5,"[2, 6]",0.75,False,0.16285076,0.03709184,0.13645044,True
25,4,5,F7,0.0982809,0.09516188,0.11257056,0.5,0.5,"[2, 6]",0.75,False,0.16285076,0.03709184,0.13645044,True
25,4,6,F8,0.06713199,-0.02443986,0.06896122,0.5,0.5,"[2, 6]",0.75,False,0.16285076,0.03709184,0.13645044,True
25,4,7,FCz,0.10055625,0.10055625,0.1158603,0.5,0.5,"[2, 6]",0.75,False,0.16285076,0.03709184,0.13645044,True
25,4,8,FC3,0.03269762,0.0175305,0.03751604,0.5,0.5,"[2, 6]",0.75,False,0.16285076,0.03709184,0.13645044,True
25,4,9,FC4,0.05065912,-0.05065912,0.06566639,0.5,0.5,"[2, 6]",0.75,False,0.16285076,0.03709184,0.13645044,True
25,4,10,FT7,0.10646696,-0.06623973,0.11005761,0.5,0.5,"[2, 6]",0.75,False,0.16285076,0.03709184,0.13645044,True
25,4,11,FT8,0.08371174,-0.00493825,0.10112182,0.5,0.5,"[2, 6]",0.75,False,0.16285076,0.03709184,0.13645044,True
25,4,12,Cz,0.07625535,0.07124348,0.08933156,0.5,0.5,"[2, 6]",0.75,False,0.16285076,0.03709184,0.13645044,True
25,4,13,C3,0.12019201,0.08335442,0.12596457,0.5,0.5,"[2, 6]",0.75,False,0.16285076,0.03709184,0.13645044,True
25,4,14,C4,0.08014341,-0.07447296,0.09114163,0.5,0.5,"[2, 6]",0.75,False,0.16285076,0.03709184,0.13645044,True
25,4,15,T3,0.12357519,0.12357519,0.12736921,0.5,0.5,"[2, 6]",0.75,False,0.16285076,0.03709184,0.13645044,True
25,4,16,T4,0.11291426,0.00231019,0.12521918,0.5,0.5,"[2, 6]",0.75,False,0.16285076,0.03709184,0.13645044,True
25,4,17,CP3,0.10576576,0.02667301,0.12486148,0.5,0.5,"[2, 6]",0.75,False,0.16285076,0.03709184,0.13645044,True
25,4,18,CP4,0.11357442,0.04067,0.12890254,0.5,0.5,"[2, 6]",0.75,False,0.16285076,0.03709184,0.13645044,True
25,4,19,TP7,0.09165213,-0.03540735,0.10236315,0.5,0.5,"[2, 6]",0.75,False,0.16285076,0.03709184,0.13645044,True
25,4,20,TP8,0.08122849,-0.06280487,0.10456344,0.5,0.5,"[2, 6]",0.75,False,0.16285076,0.03709184,0.13645044,True
25,4,21,Pz,0.15425596,-0.00211009,0.1544738,0.5,0.5,"[2, 6]",0.75,False,0.16285076,0.03709184,0.13645044,True
25,4,22,P3,0.10888526,0.10888526,0.11289006,0.5,0.5,"[2, 6]",0.75,False,0.16285076,0.03709184,0.13645044,True
25,4,23,P4,0.09592118,-0.09513679,0.11495299,0.5,0.5,"[2, 6]",0.75,False,0.16285076,0.03709184,0.13645044,True
25,4,24,T5,0.09664755,0.06007354,0.10765713,0.5,0.5,"[2, 6]",0.75,False,0.16285076,0.03709184,0.13645044,True
25,4,25,T6,0.08881797,-0.07497366,0.09948359,0.5,0.5,"[2, 6]",0.75,False,0.16285076,0.03709184,0.13645044,True
25,4,26,Oz,0.06733048,0.04041382,0.07533032,0.5,0.5,"[2, 6]",0.75,False,0.16285076,0.03709184,0.13645044,True
25,4,27,O1,0.11192182,0.05534564,0.12532136,0.5,0.5,"[2, 6]",0.75,False,0.16285076,0.03709184,0.13645044,True
25,4,28,O2,0.14174487,-0.02052856,0.1439901,0.5,0.5,"[2, 6]",0.75,False,0.16285076,0.03709184,0.13645044,True
25,5,0,Fp1,0.10989244,-0.09531969,0.1226491,0.5,0.5,"[0, 8]",1.0,True,0.01300155,0.00234155,0.01089382,True
25,5,1,Fp2,0.07809457,0.0614348,0.09540269,0.5,0.5,"[0, 8]",1.0,True,0.01300155,0.00234155,0.01089382,True
25,5,2,Fz,0.10452206,-0.09794804,0.11754644,0.5,0.5,"[0, 8]",1.0,True,0.01300155,0.00234155,0.01089382,True
25,5,3,F3,0.08813064,0.02899986,0.094726,0.5,0.5,"[0, 8]",1.0,True,0.01300155,0.00234155,0.01089382,True
25,5,4,F4,0.09775011,0.01333554,0.10758107,0.5,0.5,"[0, 8]",1.0,True,0.01300155,0.00234155,0.01089382,True
25,5,5,F7,0.0841816,0.08250416,0.0979259,0.5,0.5,"[0, 8]",1.0,True,0.01300155,0.00234155,0.01089382,True
25,5,6,F8,0.0773034,-0.02880124,0.07833658,0.5,0.5,"[0, 8]",1.0,True,0.01300155,0.00234155,0.01089382,True
25,5,7,FCz,0.09891873,0.09891873,0.11415963,0.5,0.5,"[0, 8]",1.0,True,0.01300155,0.00234155,0.01089382,True
25,5,8,FC3,0.03214675,0.0073588,0.03848945,0.5,0.5,"[0, 8]",1.0,True,0.01300155,0.00234155,0.01089382,True
25,5,9,FC4,0.05762492,-0.05762492,0.07546955,0.5,0.5,"[0, 8]",1.0,True,0.01300155,0.00234155,0.01089382,True
25,5,10,FT7,0.09074025,-0.05802841,0.1040111,0.5,0.5,"[0, 8]",1.0,True,0.01300155,0.00234155,0.01089382,True
25,5,11,FT8,0.08003447,-0.00434548,0.09740025,0.5,0.5,"[0, 8]",1.0,True,0.01300155,0.00234155,0.01089382,True
25,5,12,Cz,0.07763333,0.07594795,0.09299278,0.5,0.5,"[0, 8]",1.0,True,0.01300155,0.00234155,0.01089382,True
25,5,13,C3,0.11468161,0.07299729,0.1170051,0.5,0.5,"[0, 8]",1.0,True,0.01300155,0.00234155,0.01089382,True
25,5,14,C4,0.08568379,-0.07548678,0.09605882,0.5,0.5,"[0, 8]",1.0,True,0.01300155,0.00234155,0.01089382,True
25,5,15,T3,0.1265306,0.1265306,0.13197742,0.5,0.5,"[0, 8]",1.0,True,0.01300155,0.00234155,0.01089382,True
25,5,16,T4,0.12214102,0.01235135,0.13478406,0.5,0.5,"[0, 8]",1.0,True,0.01300155,0.00234155,0.01089382,True
25,5,17,CP3,0.12057924,0.0336009,0.13934323,0.5,0.5,"[0, 8]",1.0,True,0.01300155,0.00234155,0.01089382,True
25,5,18,CP4,0.11041291,0.03418275,0.1269553,0.5,0.5,"[0, 8]",1.0,True,0.01300155,0.00234155,0.01089382,True
25,5,19,TP7,0.08435898,-0.01824874,0.09455819,0.5,0.5,"[0, 8]",1.0,True,0.01300155,0.00234155,0.01089382,True
25,5,20,TP8,0.0897405,-0.06004438,0.10918967,0.5,0.5,"[0, 8]",1.0,True,0.01300155,0.00234155,0.01089382,True
25,5,21,Pz,0.15359059,0.00649382,0.15377724,0.5,0.5,"[0, 8]",1.0,True,0.01300155,0.00234155,0.01089382,True
25,5,22,P3,0.10875975,0.10875975,0.11759686,0.5,0.5,"[0, 8]",1.0,True,0.01300155,0.00234155,0.01089382,True
25,5,23,P4,0.10459964,-0.09252015,0.1164993,0.5,0.5,"[0, 8]",1.0,True,0.01300155,0.00234155,0.01089382,True
25,5,24,T5,0.10536641,0.07335915,0.11477146,0.5,0.5,"[0, 8]",1.0,True,0.01300155,0.00234155,0.01089382,True
25,5,25,T6,0.08164723,-0.06377877,0.09322432,0.5,0.5,"[0, 8]",1.0,True,0.01300155,0.00234155,0.01089382,True
25,5,26,Oz,0.07692324,0.04201915,0.07962115,0.5,0.5,"[0, 8]",1.0,True,0.01300155,0.00234155,0.01089382,True
25,5,27,O1,0.12115658,0.05602226,0.13157065,0.5,0.5,"[0, 8]",1.0,True,0.01300155,0.00234155,0.01089382,True
25,5,28,O2,0.14410663,-0.02403131,0.14683805,0.5,0.5,"[0, 8]",1.0,True,0.01300155,0.00234155,0.01089382,True
26,1,0,Fp1,0.10964403,-0.09671569,0.12299584,0.5,0.5,"[0, 8]",1.0,True,0.01319002,0.0023264,0.01105174,True
26,1,1,Fp2,0.07775781,0.06074443,0.09494144,0.5,0.5,"[0, 8]",1.0,True,0.01319002,0.0023264,0.01105174,True
26,1,2,Fz,0.10450219,-0.0995145,0.1184276,0.5,0.5,"[0, 8]",1.0,True,0.01319002,0.0023264,0.01105174,True
26,1,3,F3,0.08727993,0.02634232,0.09432659,0.5,0.5,"[0, 8]",1.0,True,0.01319002,0.0023264,0.01105174,True
26,1,4,F4,0.09724201,0.01143428,0.10799471,0.5,0.5,"[0, 8]",1.0,True,0.01319002,0.0023264,0.01105174,True
26,1,5,F7,0.08386742,0.0810298,0.09727174,0.5,0.5,"[0, 8]",1.0,True,0.01319002,0.0023264,0.01105174,True
26,1,6,F8,0.07805197,-0.02895968,0.07909112,0.5,0.5,"[0, 8]",1.0,True,0.01319002,0.0023264,0.01105174,True
26,1,7,FCz,0.09779243,0.09779243,0.11332125,0.5,0.5,"[0, 8]",1.0,True,0.01319002,0.0023264,0.01105174,True
26,1,8,FC3,0.03109365,0.00526203,0.03797953,0.5,0.5,"[0, 8]",1.0,True,0.01319002,0.0023264,0.01105174,True
26,1,9,FC4,0.05831447,-0.05831447,0.07699809,0.5,0.5,"[0, 8]",1.0,True,0.01319002,0.0023264,0.01105174,True
26,1,10,FT7,0.09070037,-0.05829927,0.1036965,0.5,0.5,"[0, 8]",1.0,True,0.01319002,0.0023264,0.01105174,True
26,1,11,FT8,0.07974571,-0.00343229,0.09704765,0.5,0.5,"[0, 8]",1.0,True,0.01319002,0.0023264,0.01105174,True
26,1,12,Cz,0.07636394,0.07492603,0.09169015,0.5,0.5,"[0, 8]",1.0,True,0.01319002,0.0023264,0.01105174,True
26,1,13,C3,0.11494011,0.07190042,0.11697686,0.5,0.5,"[0, 8]",1.0,True,0.01319002,0.0023264,0.01105174,True
26,1,14,C4,0.08508018,-0.07470261,0.09566696,0.5,0.5,"[0, 8]",1.0,True,0.01319002,0.0023264,0.01105174,True
26,1,15,T3,0.12779693,0.12779693,0.1328824,0.5,0.5,"[0, 8]",1.0,True,0.01319002,0.0023264,0.01105174,True
26,1,16,T4,0.12160333,0.01404557,0.13410349,0.5,0.5,"[0, 8]",1.0,True,0.01319002,0.0023264,0.01105174,True
26,1,17,CP3,0.12102953,0.03325175,0.1390292,0.5,0.5,"[0, 8]",1.0,True,0.01319002,0.0023264,0.01105174,True
26,1,18,CP4,0.11150292,0.03517857,0.12795627,0.5,0.5,"[0, 8]",1.0,True,0.01319002,0.0023264,0.01105174,True
26,1,19,TP7,0.08477905,-0.01789668,0.09490314,0.5,0.5,"[0, 8]",1.0,True,0.01319002,0.0023264,0.01105174,True
26,1,20,TP8,0.08876591,-0.05819326,0.10737492,0.5,0.5,"[0, 8]",1.0,True,0.01319002,0.0023264,0.01105174,True
26,1,21,Pz,0.15306696,0.00727995,0.15333167,0.5,0.5,"[0, 8]",1.0,True,0.01319002,0.0023264,0.01105174,True
26,1,22,P3,0.10918523,0.10918523,0.11866344,0.5,0.5,"[0, 8]",1.0,True,0.01319002,0.0023264,0.01105174,True
26,1,23,P4,0.10427809,-0.09242372,0.11624564,0.5,0.5,"[0, 8]",1.0,True,0.01319002,0.0023264,0.01105174,True
26,1,24,T5,0.10604034,0.07409062,0.11563506,0.5,0.5,"[0, 8]",1.0,True,0.01319002,0.0023264,0.01105174,True
26,1,25,T6,0.08066279,-0.06148034,0.09162011,0.5,0.5,"[0, 8]",1.0,True,0.01319002,0.0023264,0.01105174,True
26,1,26,Oz,0.07811724,0.04295681,0.08049703,0.5,0.5,"[0, 8]",1.0,True,0.01319002,0.0023264,0.01105174,True
26,1,27,O1,0.12248738,0.05715893,0.1325656,0.5,0.5,"[0, 8]",1.0,True,0.01319002,0.0023264,0.01105174,True
26,1,28,O2,0.1438873,-0.02332936,0.14655171,0.5,0.5,"[0, 8]",1.0,True,0.01319002,0.0023264,0.01105174,True
26,2,0,Fp1,0.10955574,-0.09586474,0.12258323,0.5,0.5,"[0, 8]",1.0,True,0.01037353,0.00191756,0.00869184,True
26,2,1,Fp2,0.07761954,0.0612871,0.09510521,0.5,0.5,"[0, 8]",1.0,True,0.01037353,0.00191756,0.00869184,True
26,2,2,Fz,0.10319364,-0.09828918,0.11694334,0.5,0.5,"[0, 8]",1.0,True,0.01037353,0.00191756,0.00869184,True
26,2,3,F3,0.08748554,0.02765732,0.09417242,0.5,0.5,"[0, 8]",1.0,True,0.01037353,0.00191756,0.00869184,True
26,2,4,F4,0.09726583,0.01152253,0.10798705,0.5,0.5,"[0, 8]",1.0,True,0.01037353,0.00191756,0.00869184,True
26,2,5,F7,0.08453613,0.08172527,0.0981072,0.5,0.5,"[0, 8]",1.0,True,0.01037353,0.00191756,0.00869184,True
26,2,6,F8,0.0774053,-0.02935657,0.07842388,0.5,0.5,"[0, 8]",1.0,True,0.01037353,0.00191756,0.00869184,True
26,2,7,FCz,0.09884474,0.09884474,0.11428729,0.5,0.5,"[0, 8]",1.0,True,0.01037353,0.00191756,0.00869184,True
26,2,8,FC3,0.03097935,0.00642805,0.03724243,0.5,0.5,"[0, 8]",1.0,True,0.01037353,0.00191756,0.00869184,True
26,2,9,FC4,0.058485,-0.058485,0.07718277,0.5,0.5,"[0, 8]",1.0,True,0.01037353,0.00191756,0.00869184,True
26,2,10,FT7,0.09094823,-0.05830949,0.10445552,0.5,0.5,"[0, 8]",1.0,True,0.01037353,0.00191756,0.00869184,True
26,2,11,FT8,0.08035575,-0.00360775,0.09714157,0.5,0.5,"[0, 8]",1.0,True,0.01037353,0.00191756,0.00869184,True
26,2,12,Cz,0.07720941,0.07602289,0.09252857,0.5,0.5,"[0, 8]",1.0,True,0.01037353,0.00191756,0.00869184,True
26,2,13,C3,0.11555287,0.07302566,0.11782347,0.5,0.5,"[0, 8]",1.0,True,0.01037353,0.00191756,0.00869184,True
26,2,14,C4,0.08657657,-0.07553178,0.09703283,0.5,0.5,"[0, 8]",1.0,True,0.01037353,0.00191756,0.00869184,True
26,2,15,T3,0.12702769,0.12702769,0.13205016,0.5,0.5,"[0, 8]",1.0,True,0.01037353,0.00191756,0.00869184,True
26,2,16,T4,0.12252302,0.01293479,0.1346039,0.5,0.5,"[0, 8]",1.0,True,0.01037353,0.00191756,0.00869184,True
26,2,17,CP3,0.12212929,0.03367052,0.14031607,0.5,0.5,"[0, 8]",1.0,True,0.01037353,0.00191756,0.00869184,True
26,2,18,CP4,0.11025605,0.0342687,0.12734491,0.5,0.5,"[0, 8]",1.0,True,0.01037353,0.00191756,0.00869184,True
26,2,19,TP7,0.08452736,-0.01869971,0.0945173,0.5,0.5,"[0, 8]",1.0,True,0.01037353,0.00191756,0.00869184,True
26,2,20,TP8,0.08843812,-0.05968246,0.10793057,0.5,0.5,"[0, 8]",1.0,True,0.01037353,0.00191756,0.00869184,True
26,2,21,Pz,0.15199566,0.00708142,0.15222071,0.5,0.5,"[0, 8]",1.0,True,0.01037353,0.00191756,0.00869184,True
26,2,22,P3,0.10880867,0.10880867,0.11804606,0.5,0.5,"[0, 8]",1.0,True,0.01037353,0.00191756,0.00869184,True
26,2,23,P4,0.10439391,-0.09324569,0.11661806,0.5,0.5,"[0, 8]",1.0,True,0.01037353,0.00191756,0.00869184,True
26,2,24,T5,0.10519401,0.07330607,0.11462528,0.5,0.5,"[0, 8]",1.0,True,0.01037353,0.00191756,0.00869184,True
26,2,25,T6,0.08188756,-0.06282747,0.09300655,0.5,0.5,"[0, 8]",1.0,True,0.01037353,0.00191756,0.00869184,True
26,2,26,Oz,0.07749463,0.04209215,0.07983493,0.5,0.5,"[0, 8]",1.0,True,0.01037353,0.00191756,0.00869184,True
26,2,27,O1,0.12202447,0.05613379,0.13232979,0.5,0.5,"[0, 8]",1.0,True,0.01037353,0.00191756,0.00869184,True
26,2,28,O2,0.14424719,-0.02399055,0.14701551,0.5,0.5,"[0, 8]",1.0,True,0.01037353,0.00191756,0.00869184,True
26,3,0,Fp1,0.10968296,-0.09556016,0.12243795,0.5,0.5,"[0, 8]",1.0,True,0.01209107,0.0020771,0.01013094,True
26,3,1,Fp2,0.07790201,0.06144118,0.09559586,0.5,0.5,"[0, 8]",1.0,True,0.01209107,0.0020771,0.01013094,True
26,3,2,Fz,0.10351533,-0.09867676,0.11729733,0.5,0.5,"[0, 8]",1.0,True,0.01209107,0.0020771,0.01013094,True
26,3,3,F3,0.08767388,0.02753758,0.0945754,0.5,0.5,"[0, 8]",1.0,True,0.01209107,0.0020771,0.01013094,True
26,3,4,F4,0.09654893,0.01104319,0.10731258,0.5,0.5,"[0, 8]",1.0,True,0.01209107,0.0020771,0.01013094,True
26,3,5,F7,0.08331484,0.08165737,0.09741393,0.5,0.5,"[0, 8]",1.0,True,0.01209107,0.0020771,0.01013094,True
26,3,6,F8,0.07666636,-0.02796041,0.07780622,0.5,0.5,"[0, 8]",1.0,True,0.01209107,0.0020771,0.01013094,True
26,3,7,FCz,0.09853639,0.09853639,0.1137224,0.5,0.5,"[0, 8]",1.0,True,0.01209107,0.0020771,0.01013094,True
26,3,8,FC3,0.03080258,0.00585351,0.03710515,0.5,0.5,"[0, 8]",1.0,True,0.01209107,0.0020771,0.01013094,True
26,3,9,FC4,0.05866983,-0.05866983,0.07722411,0.5,0.5,"[0, 8]",1.0,True,0.01209107,0.0020771,0.01013094,True
26,3,10,FT7,0.09033646,-0.05782661,0.10414506,0.5,0.5,"[0, 8]",1.0,True,0.01209107,0.0020771,0.01013094,True
26,3,11,FT8,0.0798858,-0.00308076,0.09661487,0.5,0.5,"[0, 8]",1.0,True,0.01209107,0.0020771,0.01013094,True
26,3,12,Cz,0.0765954,0.07608523,0.09224381,0.5,0.5,"[0, 8]",1.0,True,0.01209107,0.0020771,0.01013094,True
26,3,13,C3,0.1156929,0.07193993,0.11770333,0.5,0.5,"[0, 8]",1.0,True,0.01209107,0.0020771,0.01013094,True
26,3,14,C4,0.08610041,-0.07466079,0.09623582,0.5,0.5,"[0, 8]",1.0,True,0.01209107,0.0020771,0.01013094,True
26,3,15,T3,0.12707752,0.12707752,0.13236041,0.5,0.5,"[0, 8]",1.0,True,0.01209107,0.0020771,0.01013094,True
26,3,16,T4,0.12206684,0.01394982,0.13443905,0.5,0.5,"[0, 8]",1.0,True,0.01209107,0.0020771,0.01013094,True
26,3,17,CP3,0.12226658,0.03312575,0.14043713,0.5,0.5,"[0, 8]",1.0,True,0.01209107,0.0020771,0.01013094,True
26,3,18,CP4,0.11051272,0.03492275,0.12713404,0.5,0.5,"[0, 8]",1.0,True,0.01209107,0.0020771,0.01013094,True
26,3,19,TP7,0.08490045,-0.01904852,0.09489178,0.5,0.5,"[0, 8]",1.0,True,0.01209107,0.0020771,0.01013094,True
26,3,20,TP8,0.08871795,-0.05890323,0.10781574,0.5,0.5,"[0, 8]",1.0,True,0.01209107,0.0020771,0.01013094,True
26,3,21,Pz,0.15189312,0.00702216,0.15211387,0.5,0.5,"[0, 8]",1.0,True,0.01209107,0.0020771,0.01013094,True
26,3,22,P3,0.10812502,0.10812502,0.11744107,0.5,0.5,"[0, 8]",1.0,True,0.01209107,0.0020771,0.01013094,True
26,3,23,P4,0.10424368,-0.0928766,0.1164029,0.5,0.5,"[0, 8]",1.0,True,0.01209107,0.0020771,0.01013094,True
26,3,24,T5,0.10520207,0.07277335,0.11452012,0.5,0.5,"[0, 8]",1.0,True,0.01209107,0.0020771,0.01013094,True
26,3,25,T6,0.08228965,-0.06263185,0.09335425,0.5,0.5,"[0, 8]",1.0,True,0.01209107,0.0020771,0.01013094,True
26,3,26,Oz,0.07753561,0.04179871,0.07964441,0.5,0.5,"[0, 8]",1.0,True,0.01209107,0.0020771,0.01013094,True
26,3,27,O1,0.12211918,0.05604885,0.13241422,0.5,0.5,"[0, 8]",1.0,True,0.01209107,0.0020771,0.01013094,True
26,3,28,O2,0.14517264,-0.02372395,0.14790471,0.5,0.5,"[0, 8]",1.0,True,0.01209107,0.0020771,0.01013094,True
26,4,0,Fp1,0.10996775,-0.0961289,0.12291623,0.5,0.5,"[0, 8]",1.0,True,0.01146049,0.00233164,0.00960259,True
26,4,1,Fp2,0.0774366,0.0616169,0.09490417,0.5,0.5,"[0, 8]",1.0,True,0.01146049,0.00233164,0.00960259,True
26,4,2,Fz,0.1040476,-0.09895016,0.11784078,0.5,0.5,"[0, 8]",1.0,True,0.01146049,0.00233164,0.00960259,True
26,4,3,F3,0.08770542,0.02724672,0.0946893,0.5,0.5,"[0, 8]",1.0,True,0.01146049,0.00233164,0.00960259,True
26,4,4,F4,0.09758626,0.01195623,0.10813279,0.5,0.5,"[0, 8]",1.0,True,0.01146049,0.00233164,0.00960259,True
26,4,5,F7,0.08324098,0.0814091,0.09715832,0.5,0.5,"[0, 8]",1.0,True,0.01146049,0.00233164,0.00960259,True
26,4,6,F8,0.07788916,-0.0292134,0.07883575,0.5,0.5,"[0, 8]",1.0,True,0.01146049,0.00233164,0.00960259,True
26,4,7,FCz,0.09817724,0.09817724,0.11337342,0.5,0.5,"[0, 8]",1.0,True,0.01146049,0.00233164,0.00960259,True
26,4,8,FC3,0.03101402,0.00588991,0.0374015,0.5,0.5,"[0, 8]",1.0,True,0.01146049,0.00233164,0.00960259,True
26,4,9,FC4,0.05739732,-0.05739732,0.07613327,0.5,0.5,"[0, 8]",1.0,True,0.01146049,0.00233164,0.00960259,True
26,4,10,FT7,0.08981037,-0.05801725,0.10321328,0.5,0.5,"[0, 8]",1.0,True,0.01146049,0.00233164,0.00960259,True
26,4,11,FT8,0.08006652,-0.00342092,0.09706064,0.5,0.5,"[0, 8]",1.0,True,0.01146049,0.00233164,0.00960259,True
26,4,12,Cz,0.07617862,0.07500964,0.09158081,0.5,0.5,"[0, 8]",1.0,True,0.01146049,0.00233164,0.00960259,True
26,4,13,C3,0.11474712,0.07136521,0.11685354,0.5,0.5,"[0, 8]",1.0,True,0.01146049,0.00233164,0.00960259,True
26,4,14,C4,0.0854657,-0.0742216,0.0956088,0.5,0.5,"[0, 8]",1.0,True,0.01146049,0.00233164,0.00960259,True
26,4,15,T3,0.12741867,0.12741867,0.13244925,0.5,0.5,"[0, 8]",1.0,True,0.01146049,0.00233164,0.00960259,True
26,4,16,T4,0.12200773,0.0136645,0.13442951,0.5,0.5,"[0, 8]",1.0,True,0.01146049,0.00233164,0.00960259,True
26,4,17,CP3,0.12074883,0.03280544,0.13889478,0.5,0.5,"[0, 8]",1.0,True,0.01146049,0.00233164,0.00960259,True
26,4,18,CP4,0.11114112,0.03536059,0.12756518,0.5,0.5,"[0, 8]",1.0,True,0.01146049,0.00233164,0.00960259,True
26,4,19,TP7,0.08468718,-0.01832502,0.0949417,0.5,0.5,"[0, 8]",1.0,True,0.01146049,0.00233164,0.00960259,True
26,4,20,TP8,0.08841235,-0.0591905,0.1076254,0.5,0.5,"[0, 8]",1.0,True,0.01146049,0.00233164,0.00960259,True
26,4,21,Pz,0.15312234,0.00630918,0.15333056,0.5,0.5,"[0, 8]",1.0,True,0.01146049,0.00233164,0.00960259,True
26,4,22,P3,0.10785088,0.10785088,0.11721701,0.5,0.5,"[0, 8]",1.0,True,0.01146049,0.00233164,0.00960259,True
26,4,23,P4,0.10453156,-0.09277128,0.11659479,0.5,0.5,"[0, 8]",1.0,True,0.01146049,0.00233164,0.00960259,True
26,4,24,T5,0.10608011,0.07363765,0.11565907,0.5,0.5,"[0, 8]",1.0,True,0.01146049,0.00233164,0.00960259,True
26,4,25,T6,0.08152086,-0.06219593,0.09264595,0.5,0.5,"[0, 8]",1.0,True,0.01146049,0.00233164,0.00960259,True
26,4,26,Oz,0.07811376,0.04195109,0.0803697,0.5,0.5,"[0, 8]",1.0,True,0.01146049,0.00233164,0.00960259,True
26,4,27,O1,0.12225155,0.05609649,0.13227697,0.5,0.5,"[0, 8]",1.0,True,0.01146049,0.00233164,0.00960259,True
26,4,28,O2,0.14417635,-0.02396902,0.14688423,0.5,0.5,"[0, 8]",1.0,True,0.01146049,0.00233164,0.00960259,True
26,5,0,Fp1,0.10968059,-0.0967257,0.1230367,0.5,0.5,"[0, 8]",1.0,True,0.01261719,0.00216354,0.01057177,True
26,5,1,Fp2,0.07780138,0.06081109,0.09474405,0.5,0.5,"[0, 8]",1.0,True,0.01261719,0.00216354,0.01057177,True
26,5,2,Fz,0.10456353,-0.09947149,0.11838508,0.5,0.5,"[0, 8]",1.0,True,0.01261719,0.00216354,0.01057177,True
26,5,3,F3,0.08750208,0.02681915,0.09429493,0.5,0.5,"[0, 8]",1.0,True,0.01261719,0.00216354,0.01057177,True
26,5,4,F4,0.09735013,0.011754,0.10796636,0.5,0.5,"[0, 8]",1.0,True,0.01261719,0.00216354,0.01057177,True
26,5,5,F7,0.08431643,0.08106232,0.09751949,0.5,0.5,"[0, 8]",1.0,True,0.01261719,0.00216354,0.01057177,True
26,5,6,F8,0.07799151,-0.02933983,0.0789766,0.5,0.5,"[0, 8]",1.0,True,0.01261719,0.00216354,0.01057177,True
26,5,7,FCz,0.09809346,0.09809346,0.11341929,0.5,0.5,"[0, 8]",1.0,True,0.01261719,0.00216354,0.01057177,True
26,5,8,FC3,0.03118082,0.00552317,0.03827485,0.5,0.5,"[0, 8]",1.0,True,0.01261719,0.00216354,0.01057177,True
26,5,9,FC4,0.05746198,-0.05746198,0.07603895,0.5,0.5,"[0, 8]",1.0,True,0.01261719,0.00216354,0.01057177,True
26,5,10,FT7,0.09039438,-0.05850284,0.10347413,0.5,0.5,"[0, 8]",1.0,True,0.01261719,0.00216354,0.01057177,True
26,5,11,FT8,0.07989485,-0.00297131,0.09707327,0.5,0.5,"[0, 8]",1.0,True,0.01261719,0.00216354,0.01057177,True
26,5,12,Cz,0.07649475,0.07511199,0.0917678,0.5,0.5,"[0, 8]",1.0,True,0.01261719,0.00216354,0.01057177,True
26,5,13,C3,0.11421861,0.07167563,0.11641702,0.5,0.5,"[0, 8]",1.0,True,0.01261719,0.00216354,0.01057177,True
26,5,14,C4,0.08458352,-0.07445937,0.09516339,0.5,0.5,"[0, 8]",1.0,True,0.01261719,0.00216354,0.01057177,True
26,5,15,T3,0.1276544,0.1276544,0.13268937,0.5,0.5,"[0, 8]",1.0,True,0.01261719,0.00216354,0.01057177,True
26,5,16,T4,0.12172329,0.01386405,0.1344801,0.5,0.5,"[0, 8]",1.0,True,0.01261719,0.00216354,0.01057177,True
26,5,17,CP3,0.12122548,0.03311387,0.13917769,0.5,0.5,"[0, 8]",1.0,True,0.01261719,0.00216354,0.01057177,True
26,5,18,CP4,0.11210322,0.03546527,0.12856767,0.5,0.5,"[0, 8]",1.0,True,0.01261719,0.00216354,0.01057177,True
26,5,19,TP7,0.08476952,-0.01810096,0.09487372,0.5,0.5,"[0, 8]",1.0,True,0.01261719,0.00216354,0.01057177,True
26,5,20,TP8,0.08934371,-0.05837336,0.10793322,0.5,0.5,"[0, 8]",1.0,True,0.01261719,0.00216354,0.01057177,True
26,5,21,Pz,0.15295729,0.00684003,0.15320604,0.5,0.5,"[0, 8]",1.0,True,0.01261719,0.00216354,0.01057177,True
26,5,22,P3,0.10845575,0.10845575,0.11786294,0.5,0.5,"[0, 8]",1.0,True,0.01261719,0.00216354,0.01057177,True
26,5,23,P4,0.10457321,-0.09230702,0.11620431,0.5,0.5,"[0, 8]",1.0,True,0.01261719,0.00216354,0.01057177,True
26,5,24,T5,0.10636409,0.07419761,0.11577017,0.5,0.5,"[0, 8]",1.0,True,0.01261719,0.00216354,0.01057177,True
26,5,25,T6,0.08017552,-0.06170886,0.09141116,0.5,0.5,"[0, 8]",1.0,True,0.01261719,0.00216354,0.01057177,True
26,5,26,Oz,0.07816823,0.0428142,0.08070464,0.5,0.5,"[0, 8]",1.0,True,0.01261719,0.00216354,0.01057177,True
26,5,27,O1,0.12187767,0.05680875,0.13196608,0.5,0.5,"[0, 8]",1.0,True,0.01261719,0.00216354,0.01057177,True
26,5,28,O2,0.14366338,-0.02347182,0.1462568,0.5,0.5,"[0, 8]",1.0,True,0.01261719,0.00216354,0.01057177,True
27,1,0,Fp1,0.10490716,-0.07560045,0.11681616,0.75,0.75,"[6, 2]",0.75,False,0.48517702,0.12093244,0.40652323,True
27,1,1,Fp2,0.05506592,0.05054599,0.07667816,0.75,0.75,"[6, 2]",0.75,False,0.48517702,0.12093244,0.40652323,True
27,1,2,Fz,0.12169817,-0.10187765,0.13600083,0.75,0.75,"[6, 2]",0.75,False,0.48517702,0.12093244,0.40652323,True
27,1,3,F3,0.06203409,0.02854282,0.06900381,0.75,0.75,"[6, 2]",0.75,False,0.48517702,0.12093244,0.40652323,True
27,1,4,F4,0.14904238,0.07927845,0.15166587,0.75,0.75,"[6, 2]",0.75,False,0.48517702,0.12093244,0.40652323,True
27,1,5,F7,0.12212869,0.12212869,0.12725365,0.75,0.75,"[6, 2]",0.75,False,0.48517702,0.12093244,0.40652323,True
27,1,6,F8,0.07802884,-0.06195148,0.08575733,0.75,0.75,"[6, 2]",0.75,False,0.48517702,0.12093244,0.40652323,True
27,1,7,FCz,0.12078626,0.12078626,0.13849394,0.75,0.75,"[6, 2]",0.75,False,0.48517702,0.12093244,0.40652323,True
27,1,8,FC3,0.02797921,0.02416149,0.03706743,0.75,0.75,"[6, 2]",0.75,False,0.48517702,0.12093244,0.40652323,True
27,1,9,FC4,0.08986233,-0.08008656,0.11443044,0.75,0.75,"[6, 2]",0.75,False,0.48517702,0.12093244,0.40652323,True
27,1,10,FT7,0.07148812,-0.05946823,0.07940192,0.75,0.75,"[6, 2]",0.75,False,0.48517702,0.12093244,0.40652323,True
27,1,11,FT8,0.07157201,-0.03707613,0.08535928,0.75,0.75,"[6, 2]",0.75,False,0.48517702,0.12093244,0.40652323,True
27,1,12,Cz,0.06942111,0.06201316,0.07983947,0.75,0.75,"[6, 2]",0.75,False,0.48517702,0.12093244,0.40652323,True
27,1,13,C3,0.09017872,0.03891426,0.09669596,0.75,0.75,"[6, 2]",0.75,False,0.48517702,0.12093244,0.40652323,True
27,1,14,C4,0.09059796,-0.05448674,0.10747259,0.75,0.75,"[6, 2]",0.75,False,0.48517702,0.12093244,0.40652323,True
27,1,15,T3,0.12557516,0.12557516,0.12833253,0.75,0.75,"[6, 2]",0.75,False,0.48517702,0.12093244,0.40652323,True
27,1,16,T4,0.10477185,0.04445183,0.12187657,0.75,0.75,"[6, 2]",0.75,False,0.48517702,0.12093244,0.40652323,True
27,1,17,CP3,0.1244532,-0.00954998,0.14721408,0.75,0.75,"[6, 2]",0.75,False,0.48517702,0.12093244,0.40652323,True
27,1,18,CP4,0.1356488,0.07950386,0.15363044,0.75,0.75,"[6, 2]",0.75,False,0.48517702,0.12093244,0.40652323,True
27,1,19,TP7,0.08852005,0.00727045,0.11030944,0.75,0.75,"[6, 2]",0.75,False,0.48517702,0.12093244,0.40652323,True
27,1,20,TP8,0.09749832,-0.03789121,0.11820037,0.75,0.75,"[6, 2]",0.75,False,0.48517702,0.12093244,0.40652323,True
27,1,21,Pz,0.13764906,-0.01974337,0.1397029,0.75,0.75,"[6, 2]",0.75,False,0.48517702,0.12093244,0.40652323,True
27,1,22,P3,0.12458629,0.12458629,0.14278936,0.75,0.75,"[6, 2]",0.75,False,0.48517702,0.12093244,0.40652323,True
27,1,23,P4,0.11928431,-0.10430634,0.1388344,0.75,0.75,"[6, 2]",0.75,False,0.48517702,0.12093244,0.40652323,True
27,1,24,T5,0.07642134,0.06338635,0.09891926,0.75,0.75,"[6, 2]",0.75,False,0.48517702,0.12093244,0.40652323,True
27,1,25,T6,0.06808402,-0.06808402,0.08049012,0.75,0.75,"[6, 2]",0.75,False,0.48517702,0.12093244,0.40652323,True
27,1,26,Oz,0.0290554,0.01317926,0.03307893,0.75,0.75,"[6, 2]",0.75,False,0.48517702,0.12093244,0.40652323,True
27,1,27,O1,0.10384649,0.06032541,0.11741981,0.75,0.75,"[6, 2]",0.75,False,0.48517702,0.12093244,0.40652323,True
27,1,28,O2,0.15861191,-0.0352342,0.18198019,0.75,0.75,"[6, 2]",0.75,False,0.48517702,0.12093244,0.40652323,True
27,2,0,Fp1,0.10187005,-0.08753401,0.11704282,0.5,0.5,"[4, 4]",0.5,False,0.18451223,0.04580694,0.15460029,True
27,2,1,Fp2,0.0767584,0.05659385,0.0879555,0.5,0.5,"[4, 4]",0.5,False,0.18451223,0.04580694,0.15460029,True
27,2,2,Fz,0.10935219,-0.10935219,0.12660307,0.5,0.5,"[4, 4]",0.5,False,0.18451223,0.04580694,0.15460029,True
27,2,3,F3,0.08592916,0.02818926,0.09023795,0.5,0.5,"[4, 4]",0.5,False,0.18451223,0.04580694,0.15460029,True
27,2,4,F4,0.10559144,0.03234408,0.10987969,0.5,0.5,"[4, 4]",0.5,False,0.18451223,0.04580694,0.15460029,True
27,2,5,F7,0.09600377,0.09600377,0.11126391,0.5,0.5,"[4, 4]",0.5,False,0.18451223,0.04580694,0.15460029,True
27,2,6,F8,0.08427832,-0.04442703,0.08495672,0.5,0.5,"[4, 4]",0.5,False,0.18451223,0.04580694,0.15460029,True
27,2,7,FCz,0.10997663,0.10997663,0.12251893,0.5,0.5,"[4, 4]",0.5,False,0.18451223,0.04580694,0.15460029,True
27,2,8,FC3,0.0317123,0.0095731,0.03830149,0.5,0.5,"[4, 4]",0.5,False,0.18451223,0.04580694,0.15460029,True
27,2,9,FC4,0.07618238,-0.07618238,0.09307026,0.5,0.5,"[4, 4]",0.5,False,0.18451223,0.04580694,0.15460029,True
27,2,10,FT7,0.09033975,-0.07331468,0.10557204,0.5,0.5,"[4, 4]",0.5,False,0.18451223,0.04580694,0.15460029,True
27,2,11,FT8,0.07891936,-0.01384518,0.10018386,0.5,0.5,"[4, 4]",0.5,False,0.18451223,0.04580694,0.15460029,True
27,2,12,Cz,0.07880894,0.07880894,0.09209275,0.5,0.5,"[4, 4]",0.5,False,0.18451223,0.04580694,0.15460029,True
27,2,13,C3,0.11188648,0.06704843,0.11351157,0.5,0.5,"[4, 4]",0.5,False,0.18451223,0.04580694,0.15460029,True
27,2,14,C4,0.08639324,-0.0648733,0.09423344,0.5,0.5,"[4, 4]",0.5,False,0.18451223,0.04580694,0.15460029,True
27,2,15,T3,0.11597757,0.11597757,0.12274058,0.5,0.5,"[4, 4]",0.5,False,0.18451223,0.04580694,0.15460029,True
27,2,16,T4,0.11142944,0.00848349,0.12355792,0.5,0.5,"[4, 4]",0.5,False,0.18451223,0.04580694,0.15460029,True
27,2,17,CP3,0.12448707,0.02370735,0.14077692,0.5,0.5,"[4, 4]",0.5,False,0.18451223,0.04580694,0.15460029,True
27,2,18,CP4,0.10668338,0.04012918,0.12510265,0.5,0.5,"[4, 4]",0.5,False,0.18451223,0.04580694,0.15460029,True
27,2,19,TP7,0.07978964,0.01493727,0.0914459,0.5,0.5,"[4, 4]",0.5,False,0.18451223,0.04580694,0.15460029,True
27,2,20,TP8,0.08383541,-0.065978,0.1056615,0.5,0.5,"[4, 4]",0.5,False,0.18451223,0.04580694,0.15460029,True
27,2,21,Pz,0.14887071,0.00644596,0.14904869,0.5,0.5,"[4, 4]",0.5,False,0.18451223,0.04580694,0.15460029,True
27,2,22,P3,0.13624889,0.13624889,0.14660487,0.5,0.5,"[4, 4]",0.5,False,0.18451223,0.04580694,0.15460029,True
27,2,23,P4,0.10058638,-0.09926513,0.11736008,0.5,0.5,"[4, 4]",0.5,False,0.18451223,0.04580694,0.15460029,True
27,2,24,T5,0.0960215,0.0767438,0.10846978,0.5,0.5,"[4, 4]",0.5,False,0.18451223,0.04580694,0.15460029,True
27,2,25,T6,0.08703363,-0.08146061,0.10311761,0.5,0.5,"[4, 4]",0.5,False,0.18451223,0.04580694,0.15460029,True
27,2,26,Oz,0.0623699,0.02971883,0.06390176,0.5,0.5,"[4, 4]",0.5,False,0.18451223,0.04580694,0.15460029,True
27,2,27,O1,0.13446245,0.08386278,0.14198194,0.5,0.5,"[4, 4]",0.5,False,0.18451223,0.04580694,0.15460029,True
27,2,28,O2,0.15132615,-0.0289206,0.15499835,0.5,0.5,"[4, 4]",0.5,False,0.18451223,0.04580694,0.15460029,True
27,3,0,Fp1,0.1095871,-0.09597301,0.12264954,0.5,0.5,"[0, 8]",1.0,True,0.01149191,0.00215099,0.00962892,True
27,3,1,Fp2,0.07812321,0.06106186,0.0949677,0.5,0.5,"[0, 8]",1.0,True,0.01149191,0.00215099,0.00962892,True
27,3,2,Fz,0.10379624,-0.09751858,0.11688082,0.5,0.5,"[0, 8]",1.0,True,0.01149191,0.00215099,0.00962892,True
27,3,3,F3,0.08832021,0.02853917,0.09497418,0.5,0.5,"[0, 8]",1.0,True,0.01149191,0.00215099,0.00962892,True
27,3,4,F4,0.09847446,0.01374266,0.10824578,0.5,0.5,"[0, 8]",1.0,True,0.01149191,0.00215099,0.00962892,True
27,3,5,F7,0.0839268,0.08250937,0.09807719,0.5,0.5,"[0, 8]",1.0,True,0.01149191,0.00215099,0.00962892,True
27,3,6,F8,0.07752693,-0.02984064,0.07840597,0.5,0.5,"[0, 8]",1.0,True,0.01149191,0.00215099,0.00962892,True
27,3,7,FCz,0.09966677,0.09966677,0.11480254,0.5,0.5,"[0, 8]",1.0,True,0.01149191,0.00215099,0.00962892,True
27,3,8,FC3,0.03132117,0.0064423,0.0380333,0.5,0.5,"[0, 8]",1.0,True,0.01149191,0.00215099,0.00962892,True
27,3,9,FC4,0.05698189,-0.05698189,0.07575373,0.5,0.5,"[0, 8]",1.0,True,0.01149191,0.00215099,0.00962892,True
27,3,10,FT7,0.09031404,-0.05874985,0.10427392,0.5,0.5,"[0, 8]",1.0,True,0.01149191,0.00215099,0.00962892,True
27,3,11,FT8,0.07956408,-0.00442347,0.09686954,0.5,0.5,"[0, 8]",1.0,True,0.01149191,0.00215099,0.00962892,True
27,3,12,Cz,0.07716206,0.07643204,0.09295898,0.5,0.5,"[0, 8]",1.0,True,0.01149191,0.00215099,0.00962892,True
27,3,13,C3,0.11539949,0.07364072,0.11774831,0.5,0.5,"[0, 8]",1.0,True,0.01149191,0.00215099,0.00962892,True
27,3,14,C4,0.08493865,-0.07446337,0.09529312,0.5,0.5,"[0, 8]",1.0,True,0.01149191,0.00215099,0.00962892,True
27,3,15,T3,0.12591541,0.12591541,0.13120405,0.5,0.5,"[0, 8]",1.0,True,0.01149191,0.00215099,0.00962892,True
27,3,16,T4,0.12159357,0.01261404,0.1342753,0.5,0.5,"[0, 8]",1.0,True,0.01149191,0.00215099,0.00962892,True
27,3,17,CP3,0.12140422,0.0338278,0.1399077,0.5,0.5,"[0, 8]",1.0,True,0.01149191,0.00215099,0.00962892,True
27,3,18,CP4,0.1122297,0.03513188,0.12839042,0.5,0.5,"[0, 8]",1.0,True,0.01149191,0.00215099,0.00962892,True
27,3,19,TP7,0.08426477,-0.01888159,0.09482262,0.5,0.5,"[0, 8]",1.0,True,0.01149191,0.00215099,0.00962892,True
27,3,20,TP8,0.08956421,-0.05998252,0.10889349,0.5,0.5,"[0, 8]",1.0,True,0.01149191,0.00215099,0.00962892,True
27,3,21,Pz,0.15289901,0.00714718,0.15310834,0.5,0.5,"[0, 8]",1.0,True,0.01149191,0.00215099,0.00962892,True
27,3,22,P3,0.10895604,0.10895604,0.11810265,0.5,0.5,"[0, 8]",1.0,True,0.01149191,0.00215099,0.00962892,True
27,3,23,P4,0.10492916,-0.09286137,0.11681842,0.5,0.5,"[0, 8]",1.0,True,0.01149191,0.00215099,0.00962892,True
27,3,24,T5,0.10599542,0.07420889,0.11537214,0.5,0.5,"[0, 8]",1.0,True,0.01149191,0.00215099,0.00962892,True
27,3,25,T6,0.08120286,-0.06325673,0.09294198,0.5,0.5,"[0, 8]",1.0,True,0.01149191,0.00215099,0.00962892,True
27,3,26,Oz,0.07830871,0.04237274,0.08063081,0.5,0.5,"[0, 8]",1.0,True,0.01149191,0.00215099,0.00962892,True
27,3,27,O1,0.12177442,0.05554231,0.13194641,0.5,0.5,"[0, 8]",1.0,True,0.01149191,0.00215099,0.00962892,True
27,3,28,O2,0.14354813,-0.02447465,0.14642695,0.5,0.5,"[0, 8]",1.0,True,0.01149191,0.00215099,0.00962892,True
27,4,0,Fp1,0.11055125,-0.09593691,0.12319984,0.625,0.625,"[1, 7]",0.875,False,0.01887179,0.00380579,0.01581241,True
27,4,1,Fp2,0.07728289,0.06012188,0.09388116,0.625,0.625,"[1, 7]",0.875,False,0.01887179,0.00380579,0.01581241,True
27,4,2,Fz,0.10459632,-0.09746841,0.11741675,0.625,0.625,"[1, 7]",0.875,False,0.01887179,0.00380579,0.01581241,True
27,4,3,F3,0.08916247,0.02894635,0.09567118,0.625,0.625,"[1, 7]",0.875,False,0.01887179,0.00380579,0.01581241,True
27,4,4,F4,0.09845188,0.01360345,0.10834505,0.625,0.625,"[1, 7]",0.875,False,0.01887179,0.00380579,0.01581241,True
27,4,5,F7,0.08328598,0.08171891,0.09740922,0.625,0.625,"[1, 7]",0.875,False,0.01887179,0.00380579,0.01581241,True
27,4,6,F8,0.07868898,-0.03008648,0.07962885,0.625,0.625,"[1, 7]",0.875,False,0.01887179,0.00380579,0.01581241,True
27,4,7,FCz,0.10002664,0.10002664,0.11532123,0.625,0.625,"[1, 7]",0.875,False,0.01887179,0.00380579,0.01581241,True
27,4,8,FC3,0.0318588,0.0073804,0.03868444,0.625,0.625,"[1, 7]",0.875,False,0.01887179,0.00380579,0.01581241,True
27,4,9,FC4,0.05709847,-0.05709847,0.07566147,0.625,0.625,"[1, 7]",0.875,False,0.01887179,0.00380579,0.01581241,True
27,4,10,FT7,0.09110469,-0.05976118,0.10519673,0.625,0.625,"[1, 7]",0.875,False,0.01887179,0.00380579,0.01581241,True
27,4,11,FT8,0.07877158,-0.00499381,0.09627953,0.625,0.625,"[1, 7]",0.875,False,0.01887179,0.00380579,0.01581241,True
27,4,12,Cz,0.0778083,0.07696935,0.09350065,0.625,0.625,"[1, 7]",0.875,False,0.01887179,0.00380579,0.01581241,True
27,4,13,C3,0.1162454,0.07521029,0.11882894,0.625,0.625,"[1, 7]",0.875,False,0.01887179,0.00380579,0.01581241,True
27,4,14,C4,0.08502709,-0.07399432,0.09518573,0.625,0.625,"[1, 7]",0.875,False,0.01887179,0.00380579,0.01581241,True
27,4,15,T3,0.12513749,0.12513749,0.13043351,0.625,0.625,"[1, 7]",0.875,False,0.01887179,0.00380579,0.01581241,True
27,4,16,T4,0.12086599,0.01199006,0.13347092,0.625,0.625,"[1, 7]",0.875,False,0.01887179,0.00380579,0.01581241,True
27,4,17,CP3,0.12154436,0.03446836,0.14026909,0.625,0.625,"[1, 7]",0.875,False,0.01887179,0.00380579,0.01581241,True
27,4,18,CP4,0.11269607,0.03553405,0.1287583,0.625,0.625,"[1, 7]",0.875,False,0.01887179,0.00380579,0.01581241,True
27,4,19,TP7,0.08352699,-0.01905693,0.09418897,0.625,0.625,"[1, 7]",0.875,False,0.01887179,0.00380579,0.01581241,True
27,4,20,TP8,0.08994769,-0.05987047,0.10909478,0.625,0.625,"[1, 7]",0.875,False,0.01887179,0.00380579,0.01581241,True
27,4,21,Pz,0.15339786,0.00770153,0.153621,0.625,0.625,"[1, 7]",0.875,False,0.01887179,0.00380579,0.01581241,True
27,4,22,P3,0.11022747,0.11022747,0.11930362,0.625,0.625,"[1, 7]",0.875,False,0.01887179,0.00380579,0.01581241,True
27,4,23,P4,0.10464486,-0.09178326,0.1161593,0.625,0.625,"[1, 7]",0.875,False,0.01887179,0.00380579,0.01581241,True
27,4,24,T5,0.10516687,0.0738892,0.11433832,0.625,0.625,"[1, 7]",0.875,False,0.01887179,0.00380579,0.01581241,True
27,4,25,T6,0.08086945,-0.06363538,0.09256388,0.625,0.625,"[1, 7]",0.875,False,0.01887179,0.00380579,0.01581241,True
27,4,26,Oz,0.07861213,0.04240215,0.08089084,0.625,0.625,"[1, 7]",0.875,False,0.01887179,0.00380579,0.01581241,True
27,4,27,O1,0.12266552,0.0566896,0.1326402,0.625,0.625,"[1, 7]",0.875,False,0.01887179,0.00380579,0.01581241,True
27,4,28,O2,0.14330451,-0.02392056,0.14616232,0.625,0.625,"[1, 7]",0.875,False,0.01887179,0.00380579,0.01581241,True
27,5,0,Fp1,0.09701577,-0.08776608,0.11639722,0.5,0.5,"[4, 4]",0.5,False,0.49053872,0.12237853,0.41101572,True
27,5,1,Fp2,0.06438767,0.02880464,0.07516392,0.5,0.5,"[4, 4]",0.5,False,0.49053872,0.12237853,0.41101572,True
27,5,2,Fz,0.11560097,-0.11560097,0.13528992,0.5,0.5,"[4, 4]",0.5,False,0.49053872,0.12237853,0.41101572,True
27,5,3,F3,0.0674733,0.03628891,0.0734208,0.5,0.5,"[4, 4]",0.5,False,0.49053872,0.12237853,0.41101572,True
27,5,4,F4,0.10925904,0.04693618,0.11049609,0.5,0.5,"[4, 4]",0.5,False,0.49053872,0.12237853,0.41101572,True
27,5,5,F7,0.08395144,0.08395144,0.09143371,0.5,0.5,"[4, 4]",0.5,False,0.49053872,0.12237853,0.41101572,True
27,5,6,F8,0.10383521,-0.03252588,0.11743215,0.5,0.5,"[4, 4]",0.5,False,0.49053872,0.12237853,0.41101572,True
27,5,7,FCz,0.12968679,0.12968679,0.13777353,0.5,0.5,"[4, 4]",0.5,False,0.49053872,0.12237853,0.41101572,True
27,5,8,FC3,0.02852147,0.02852147,0.03277922,0.5,0.5,"[4, 4]",0.5,False,0.49053872,0.12237853,0.41101572,True
27,5,9,FC4,0.0745867,-0.0745867,0.09862261,0.5,0.5,"[4, 4]",0.5,False,0.49053872,0.12237853,0.41101572,True
27,5,10,FT7,0.08692841,-0.03559753,0.09013035,0.5,0.5,"[4, 4]",0.5,False,0.49053872,0.12237853,0.41101572,True
27,5,11,FT8,0.08459652,-0.03558182,0.1005502,0.5,0.5,"[4, 4]",0.5,False,0.49053872,0.12237853,0.41101572,True
27,5,12,Cz,0.05715143,0.05627995,0.06883086,0.5,0.5,"[4, 4]",0.5,False,0.49053872,0.12237853,0.41101572,True
27,5,13,C3,0.09557147,0.05444068,0.09973963,0.5,0.5,"[4, 4]",0.5,False,0.49053872,0.12237853,0.41101572,True
27,5,14,C4,0.04317153,0.01317976,0.05390469,0.5,0.5,"[4, 4]",0.5,False,0.49053872,0.12237853,0.41101572,True
27,5,15,T3,0.13581091,0.13581091,0.13902567,0.5,0.5,"[4, 4]",0.5,False,0.49053872,0.12237853,0.41101572,True
27,5,16,T4,0.10404088,0.01233322,0.1087383,0.5,0.5,"[4, 4]",0.5,False,0.49053872,0.12237853,0.41101572,True
27,5,17,CP3,0.12879843,-0.02880426,0.14861248,0.5,0.5,"[4, 4]",0.5,False,0.49053872,0.12237853,0.41101572,True
27,5,18,CP4,0.13864391,0.08331807,0.16418526,0.5,0.5,"[4, 4]",0.5,False,0.49053872,0.12237853,0.41101572,True
27,5,19,TP7,0.09031168,0.06186922,0.10055107,0.5,0.5,"[4, 4]",0.5,False,0.49053872,0.12237853,0.41101572,True
27,5,20,TP8,0.07769973,-0.07769973,0.10226341,0.5,0.5,"[4, 4]",0.5,False,0.49053872,0.12237853,0.41101572,True
27,5,21,Pz,0.13339014,0.00071118,0.13368265,0.5,0.5,"[4, 4]",0.5,False,0.49053872,0.12237853,0.41101572,True
27,5,22,P3,0.12945375,0.12945375,0.14654344,0.5,0.5,"[4, 4]",0.5,False,0.49053872,0.12237853,0.41101572,True
27,5,23,P4,0.11855049,-0.11855049,0.13344929,0.5,0.5,"[4, 4]",0.5,False,0.49053872,0.12237853,0.41101572,True
27,5,24,T5,0.10106216,0.10106216,0.11378745,0.5,0.5,"[4, 4]",0.5,False,0.49053872,0.12237853,0.41101572,True
27,5,25,T6,0.0754583,-0.0754583,0.09155713,0.5,0.5,"[4, 4]",0.5,False,0.49053872,0.12237853,0.41101572,True
27,5,26,Oz,0.03406405,-0.0014757,0.04182271,0.5,0.5,"[4, 4]",0.5,False,0.49053872,0.12237853,0.41101572,True
27,5,27,O1,0.12029381,0.06392451,0.1394569,0.5,0.5,"[4, 4]",0.5,False,0.49053872,0.12237853,0.41101572,True
27,5,28,O2,0.15797453,-0.0331472,0.16748239,0.5,0.5,"[4, 4]",0.5,False,0.49053872,0.12237853,0.41101572,True
28,1,0,Fp1,0.10921936,-0.09595147,0.12218402,0.5,0.5,"[0, 8]",1.0,True,0.01161703,0.0020421,0.00973375,True
28,1,1,Fp2,0.07835249,0.0618631,0.09570627,0.5,0.5,"[0, 8]",1.0,True,0.01161703,0.0020421,0.00973375,True
28,1,2,Fz,0.10401803,-0.09869819,0.11765779,0.5,0.5,"[0, 8]",1.0,True,0.01161703,0.0020421,0.00973375,True
28,1,3,F3,0.08731352,0.02752696,0.093905,0.5,0.5,"[0, 8]",1.0,True,0.01161703,0.0020421,0.00973375,True
28,1,4,F4,0.09831135,0.01233932,0.10879113,0.5,0.5,"[0, 8]",1.0,True,0.01161703,0.0020421,0.00973375,True
28,1,5,F7,0.08496596,0.08192915,0.09826946,0.5,0.5,"[0, 8]",1.0,True,0.01161703,0.0020421,0.00973375,True
28,1,6,F8,0.07640153,-0.02887863,0.07738614,0.5,0.5,"[0, 8]",1.0,True,0.01161703,0.0020421,0.00973375,True
28,1,7,FCz,0.09891349,0.09891349,0.11399209,0.5,0.5,"[0, 8]",1.0,True,0.01161703,0.0020421,0.00973375,True
28,1,8,FC3,0.03189491,0.00711505,0.03814918,0.5,0.5,"[0, 8]",1.0,True,0.01161703,0.0020421,0.00973375,True
28,1,9,FC4,0.05769129,-0.05769129,0.07579304,0.5,0.5,"[0, 8]",1.0,True,0.01161703,0.0020421,0.00973375,True
28,1,10,FT7,0.090243,-0.05789662,0.1038368,0.5,0.5,"[0, 8]",1.0,True,0.01161703,0.0020421,0.00973375,True
28,1,11,FT8,0.08097552,-0.00370515,0.09794871,0.5,0.5,"[0, 8]",1.0,True,0.01161703,0.0020421,0.00973375,True
28,1,12,Cz,0.07700948,0.07543276,0.09257568,0.5,0.5,"[0, 8]",1.0,True,0.01161703,0.0020421,0.00973375,True
28,1,13,C3,0.11492487,0.07220512,0.11720385,0.5,0.5,"[0, 8]",1.0,True,0.01161703,0.0020421,0.00973375,True
28,1,14,C4,0.08477884,-0.07509349,0.09562719,0.5,0.5,"[0, 8]",1.0,True,0.01161703,0.0020421,0.00973375,True
28,1,15,T3,0.12727909,0.12727909,0.13252817,0.5,0.5,"[0, 8]",1.0,True,0.01161703,0.0020421,0.00973375,True
28,1,16,T4,0.12127456,0.01327853,0.1339252,0.5,0.5,"[0, 8]",1.0,True,0.01161703,0.0020421,0.00973375,True
28,1,17,CP3,0.12026555,0.03296664,0.13919838,0.5,0.5,"[0, 8]",1.0,True,0.01161703,0.0020421,0.00973375,True
28,1,18,CP4,0.11084553,0.03398424,0.12748156,0.5,0.5,"[0, 8]",1.0,True,0.01161703,0.0020421,0.00973375,True
28,1,19,TP7,0.08512699,-0.01900362,0.0949339,0.5,0.5,"[0, 8]",1.0,True,0.01161703,0.0020421,0.00973375,True
28,1,20,TP8,0.08961473,-0.06008413,0.10902809,0.5,0.5,"[0, 8]",1.0,True,0.01161703,0.0020421,0.00973375,True
28,1,21,Pz,0.15275413,0.0067347,0.15295117,0.5,0.5,"[0, 8]",1.0,True,0.01161703,0.0020421,0.00973375,True
28,1,22,P3,0.10780545,0.10780545,0.11677783,0.5,0.5,"[0, 8]",1.0,True,0.01161703,0.0020421,0.00973375,True
28,1,23,P4,0.10515116,-0.09324347,0.11704306,0.5,0.5,"[0, 8]",1.0,True,0.01161703,0.0020421,0.00973375,True
28,1,24,T5,0.10385312,0.07303795,0.11360989,0.5,0.5,"[0, 8]",1.0,True,0.01161703,0.0020421,0.00973375,True
28,1,25,T6,0.08125129,-0.06281263,0.09267951,0.5,0.5,"[0, 8]",1.0,True,0.01161703,0.0020421,0.00973375,True
28,1,26,Oz,0.07757415,0.04210144,0.08006522,0.5,0.5,"[0, 8]",1.0,True,0.01161703,0.0020421,0.00973375,True
28,1,27,O1,0.12181577,0.05501563,0.13248397,0.5,0.5,"[0, 8]",1.0,True,0.01161703,0.0020421,0.00973375,True
28,1,28,O2,0.1439739,-0.02371669,0.14674449,0.5,0.5,"[0, 8]",1.0,True,0.01161703,0.0020421,0.00973375,True
28,2,0,Fp1,0.06805162,-0.06403971,0.0801406,0.75,0.75,"[4, 4]",0.5,False,0.46132,0.11418758,0.38653376,True
28,2,1,Fp2,0.06596749,0.0610707,0.098215,0.75,0.75,"[4, 4]",0.5,False,0.46132,0.11418758,0.38653376,True
28,2,2,Fz,0.12823707,-0.11175225,0.13997571,0.75,0.75,"[4, 4]",0.5,False,0.46132,0.11418758,0.38653376,True
28,2,3,F3,0.06521562,0.02988785,0.07306832,0.75,0.75,"[4, 4]",0.5,False,0.46132,0.11418758,0.38653376,True
28,2,4,F4,0.08107634,0.00096169,0.09418742,0.75,0.75,"[4, 4]",0.5,False,0.46132,0.11418758,0.38653376,True
28,2,5,F7,0.07771218,0.07551159,0.09620495,0.75,0.75,"[4, 4]",0.5,False,0.46132,0.11418758,0.38653376,True
28,2,6,F8,0.06890029,-0.06890029,0.07681487,0.75,0.75,"[4, 4]",0.5,False,0.46132,0.11418758,0.38653376,True
28,2,7,FCz,0.10478126,0.0851806,0.1132856,0.75,0.75,"[4, 4]",0.5,False,0.46132,0.11418758,0.38653376,True
28,2,8,FC3,0.02946829,0.00409902,0.03759508,0.75,0.75,"[4, 4]",0.5,False,0.46132,0.11418758,0.38653376,True
28,2,9,FC4,0.06289616,-0.06289616,0.07645905,0.75,0.75,"[4, 4]",0.5,False,0.46132,0.11418758,0.38653376,True
28,2,10,FT7,0.11290039,-0.01412158,0.14386982,0.75,0.75,"[4, 4]",0.5,False,0.46132,0.11418758,0.38653376,True
28,2,11,FT8,0.06573955,-0.01617685,0.08341571,0.75,0.75,"[4, 4]",0.5,False,0.46132,0.11418758,0.38653376,True
28,2,12,Cz,0.09548452,0.09179322,0.10984308,0.75,0.75,"[4, 4]",0.5,False,0.46132,0.11418758,0.38653376,True
28,2,13,C3,0.14314374,0.08331082,0.14428638,0.75,0.75,"[4, 4]",0.5,False,0.46132,0.11418758,0.38653376,True
28,2,14,C4,0.08568998,-0.08432797,0.10375838,0.75,0.75,"[4, 4]",0.5,False,0.46132,0.11418758,0.38653376,True
28,2,15,T3,0.12354861,0.12354861,0.13126746,0.75,0.75,"[4, 4]",0.5,False,0.46132,0.11418758,0.38653376,True
28,2,16,T4,0.14312869,0.02393632,0.1638246,0.75,0.75,"[4, 4]",0.5,False,0.46132,0.11418758,0.38653376,True
28,2,17,CP3,0.14613137,0.03478955,0.17511138,0.75,0.75,"[4, 4]",0.5,False,0.46132,0.11418758,0.38653376,True
28,2,18,CP4,0.12792118,0.08267306,0.16247803,0.75,0.75,"[4, 4]",0.5,False,0.46132,0.11418758,0.38653376,True
28,2,19,TP7,0.07024956,-0.01203537,0.08359299,0.75,0.75,"[4, 4]",0.5,False,0.46132,0.11418758,0.38653376,True
28,2,20,TP8,0.12590508,-0.0142059,0.13682076,0.75,0.75,"[4, 4]",0.5,False,0.46132,0.11418758,0.38653376,True
28,2,21,Pz,0.12213568,0.02133507,0.1277114,0.75,0.75,"[4, 4]",0.5,False,0.46132,0.11418758,0.38653376,True
28,2,22,P3,0.03836604,0.03836604,0.04180982,0.75,0.75,"[4, 4]",0.5,False,0.46132,0.11418758,0.38653376,True
28,2,23,P4,0.10613231,-0.07901603,0.11142093,0.75,0.75,"[4, 4]",0.5,False,0.46132,0.11418758,0.38653376,True
28,2,24,T5,0.10983433,0.07018173,0.11340433,0.75,0.75,"[4, 4]",0.5,False,0.46132,0.11418758,0.38653376,True
28,2,25,T6,0.09876861,-0.06527634,0.11405867,0.75,0.75,"[4, 4]",0.5,False,0.46132,0.11418758,0.38653376,True
28,2,26,Oz,0.06577432,0.02604493,0.06852082,0.75,0.75,"[4, 4]",0.5,False,0.46132,0.11418758,0.38653376,True
28,2,27,O1,0.11496141,0.01047213,0.12711348,0.75,0.75,"[4, 4]",0.5,False,0.46132,0.11418758,0.38653376,True
28,2,28,O2,0.1646556,-0.04537425,0.17601816,0.75,0.75,"[4, 4]",0.5,False,0.46132,0.11418758,0.38653376,True
28,3,0,Fp1,0.03260203,-0.01938787,0.03368705,0.875,0.875,"[5, 3]",0.625,False,1.06234868,0.30055693,0.89012752,True
28,3,1,Fp2,0.04542912,0.04542912,0.06127734,0.875,0.875,"[5, 3]",0.625,False,1.06234868,0.30055693,0.89012752,True
28,3,2,Fz,0.09156436,-0.09156436,0.11558942,0.875,0.875,"[5, 3]",0.625,False,1.06234868,0.30055693,0.89012752,True
28,3,3,F3,0.08552644,-0.03402148,0.12099497,0.875,0.875,"[5, 3]",0.625,False,1.06234868,0.30055693,0.89012752,True
28,3,4,F4,0.08480893,-0.00275825,0.10762548,0.875,0.875,"[5, 3]",0.625,False,1.06234868,0.30055693,0.89012752,True
28,3,5,F7,0.04767569,-0.02014612,0.06107945,0.875,0.875,"[5, 3]",0.625,False,1.06234868,0.30055693,0.89012752,True
28,3,6,F8,0.03561337,-0.01348115,0.04781411,0.875,0.875,"[5, 3]",0.625,False,1.06234868,0.30055693,0.89012752,True
28,3,7,FCz,0.1375608,0.08317424,0.15379556,0.875,0.875,"[5, 3]",0.625,False,1.06234868,0.30055693,0.89012752,True
28,3,8,FC3,0.07605697,-0.00835584,0.07747095,0.875,0.875,"[5, 3]",0.625,False,1.06234868,0.30055693,0.89012752,True
28,3,9,FC4,0.08346388,0.02434874,0.0858658,0.875,0.875,"[5, 3]",0.625,False,1.06234868,0.30055693,0.89012752,True
28,3,10,FT7,0.06584496,0.03447798,0.08428025,0.875,0.875,"[5, 3]",0.625,False,1.06234868,0.30055693,0.89012752,True
28,3,11,FT8,0.0486156,-0.01654135,0.05898481,0.875,0.875,"[5, 3]",0.625,False,1.06234868,0.30055693,0.89012752,True
28,3,12,Cz,0.09568658,0.09568658,0.1103962,0.875,0.875,"[5, 3]",0.625,False,1.06234868,0.30055693,0.89012752,True
28,3,13,C3,0.15639485,0.05908111,0.17987594,0.875,0.875,"[5, 3]",0.625,False,1.06234868,0.30055693,0.89012752,True
28,3,14,C4,0.11968906,-0.06502691,0.13576081,0.875,0.875,"[5, 3]",0.625,False,1.06234868,0.30055693,0.89012752,True
28,3,15,T3,0.075564,0.00205071,0.09335002,0.875,0.875,"[5, 3]",0.625,False,1.06234868,0.30055693,0.89012752,True
28,3,16,T4,0.1520997,0.01456507,0.19042464,0.875,0.875,"[5, 3]",0.625,False,1.06234868,0.30055693,0.89012752,True
28,3,17,CP3,0.2569086,0.01003342,0.26812503,0.875,0.875,"[5, 3]",0.625,False,1.06234868,0.30055693,0.89012752,True
28,3,18,CP4,0.0927697,0.07508674,0.11939082,0.875,0.875,"[5, 3]",0.625,False,1.06234868,0.30055693,0.89012752,True
28,3,19,TP7,0.03164671,-0.01767045,0.04823185,0.875,0.875,"[5, 3]",0.625,False,1.06234868,0.30055693,0.89012752,True
28,3,20,TP8,0.15323879,0.08293127,0.15533291,0.875,0.875,"[5, 3]",0.625,False,1.06234868,0.30055693,0.89012752,True
28,3,21,Pz,0.10316318,0.10316318,0.12186946,0.875,0.875,"[5, 3]",0.625,False,1.06234868,0.30055693,0.89012752,True
28,3,22,P3,0.09921775,-1.686e-05,0.11183795,0.875,0.875,"[5, 3]",0.625,False,1.06234868,0.30055693,0.89012752,True
28,3,23,P4,0.1247393,-0.12163595,0.15042299,0.875,0.875,"[5, 3]",0.625,False,1.06234868,0.30055693,0.89012752,True
28,3,24,T5,0.15340924,0.15340924,0.18561247,0.875,0.875,"[5, 3]",0.625,False,1.06234868,0.30055693,0.89012752,True
28,3,25,T6,0.08314105,0.01080515,0.09337236,0.875,0.875,"[5, 3]",0.625,False,1.06234868,0.30055693,0.89012752,True
28,3,26,Oz,0.03950233,0.01776188,0.04801075,0.875,0.875,"[5, 3]",0.625,False,1.06234868,0.30055693,0.89012752,True
28,3,27,O1,0.08112238,-0.04823686,0.08719509,0.875,0.875,"[5, 3]",0.625,False,1.06234868,0.30055693,0.89012752,True
28,3,28,O2,0.11730844,-0.05800958,0.12169285,0.875,0.875,"[5, 3]",0.625,False,1.06234868,0.30055693,0.89012752,True
28,4,0,Fp1,0.0288975,-0.0288975,0.03896673,0.75,0.75,"[2, 6]",0.75,False,0.86743031,0.24349635,0.72680806,True
28,4,1,Fp2,0.05939477,0.05939477,0.0725089,0.75,0.75,"[2, 6]",0.75,False,0.86743031,0.24349635,0.72680806,True
28,4,2,Fz,0.11424775,-0.11424775,0.13841559,0.75,0.75,"[2, 6]",0.75,False,0.86743031,0.24349635,0.72680806,True
28,4,3,F3,0.0864054,-0.03412791,0.10808899,0.75,0.75,"[2, 6]",0.75,False,0.86743031,0.24349635,0.72680806,True
28,4,4,F4,0.09465782,0.00842514,0.10996448,0.75,0.75,"[2, 6]",0.75,False,0.86743031,0.24349635,0.72680806,True
28,4,5,F7,0.06908789,0.02215205,0.08440346,0.75,0.75,"[2, 6]",0.75,False,0.86743031,0.24349635,0.72680806,True
28,4,6,F8,0.06524229,-0.06524229,0.08327174,0.75,0.75,"[2, 6]",0.75,False,0.86743031,0.24349635,0.72680806,True
28,4,7,FCz,0.12018215,0.12018215,0.13571091,0.75,0.75,"[2, 6]",0.75,False,0.86743031,0.24349635,0.72680806,True
28,4,8,FC3,0.05969943,-0.05969943,0.06359967,0.75,0.75,"[2, 6]",0.75,False,0.86743031,0.24349635,0.72680806,True
28,4,9,FC4,0.02870796,-0.02870796,0.03954256,0.75,0.75,"[2, 6]",0.75,False,0.86743031,0.24349635,0.72680806,True
28,4,10,FT7,0.09769453,0.0393508,0.12780325,0.75,0.75,"[2, 6]",0.75,False,0.86743031,0.24349635,0.72680806,True
28,4,11,FT8,0.05659471,-0.01881683,0.06732055,0.75,0.75,"[2, 6]",0.75,False,0.86743031,0.24349635,0.72680806,True
28,4,12,Cz,0.11536342,0.11536342,0.12324164,0.75,0.75,"[2, 6]",0.75,False,0.86743031,0.24349635,0.72680806,True
28,4,13,C3,0.09727971,0.02283002,0.10279486,0.75,0.75,"[2, 6]",0.75,False,0.86743031,0.24349635,0.72680806,True
28,4,14,C4,0.13674571,-0.10764477,0.15116863,0.75,0.75,"[2, 6]",0.75,False,0.86743031,0.24349635,0.72680806,True
28,4,15,T3,0.06574062,0.04179195,0.07658114,0.75,0.75,"[2, 6]",0.75,False,0.86743031,0.24349635,0.72680806,True
28,4,16,T4,0.16319326,0.03940567,0.18833336,0.75,0.75,"[2, 6]",0.75,False,0.86743031,0.24349635,0.72680806,True
28,4,17,CP3,0.2028532,0.04209641,0.24040875,0.75,0.75,"[2, 6]",0.75,False,0.86743031,0.24349635,0.72680806,True
28,4,18,CP4,0.18321964,0.13471577,0.19012958,0.75,0.75,"[2, 6]",0.75,False,0.86743031,0.24349635,0.72680806,True
28,4,19,TP7,0.06395236,-0.00304997,0.07303798,0.75,0.75,"[2, 6]",0.75,False,0.86743031,0.24349635,0.72680806,True
28,4,20,TP8,0.07542017,0.03106282,0.08650424,0.75,0.75,"[2, 6]",0.75,False,0.86743031,0.24349635,0.72680806,True
28,4,21,Pz,0.09524713,0.02984166,0.10524938,0.75,0.75,"[2, 6]",0.75,False,0.86743031,0.24349635,0.72680806,True
28,4,22,P3,0.06219392,-0.0599444,0.07289442,0.75,0.75,"[2, 6]",0.75,False,0.86743031,0.24349635,0.72680806,True
28,4,23,P4,0.11014122,-0.09052129,0.1437712,0.75,0.75,"[2, 6]",0.75,False,0.86743031,0.24349635,0.72680806,True
28,4,24,T5,0.13119434,0.1077611,0.14376107,0.75,0.75,"[2, 6]",0.75,False,0.86743031,0.24349635,0.72680806,True
28,4,25,T6,0.06942382,0.03186408,0.08526375,0.75,0.75,"[2, 6]",0.75,False,0.86743031,0.24349635,0.72680806,True
28,4,26,Oz,0.04449496,0.02772322,0.04706562,0.75,0.75,"[2, 6]",0.75,False,0.86743031,0.24349635,0.72680806,True
28,4,27,O1,0.08074282,-0.01845444,0.08634739,0.75,0.75,"[2, 6]",0.75,False,0.86743031,0.24349635,0.72680806,True
28,4,28,O2,0.15970741,-0.03909052,0.17346673,0.75,0.75,"[2, 6]",0.75,False,0.86743031,0.24349635,0.72680806,True
28,5,0,Fp1,0.1087379,-0.09579173,0.1216812,0.625,0.625,"[1, 7]",0.875,False,0.01283918,0.00225083,0.01075777,True
28,5,1,Fp2,0.07897856,0.061602,0.09635813,0.625,0.625,"[1, 7]",0.875,False,0.01283918,0.00225083,0.01075777,True
28,5,2,Fz,0.10423762,-0.0984161,0.11758694,0.625,0.625,"[1, 7]",0.875,False,0.01283918,0.00225083,0.01075777,True
28,5,3,F3,0.08692168,0.0271244,0.0936787,0.625,0.625,"[1, 7]",0.875,False,0.01283918,0.00225083,0.01075777,True
28,5,4,F4,0.09803469,0.01252974,0.10835055,0.625,0.625,"[1, 7]",0.875,False,0.01283918,0.00225083,0.01075777,True
28,5,5,F7,0.08436515,0.08138639,0.0975531,0.625,0.625,"[1, 7]",0.875,False,0.01283918,0.00225083,0.01075777,True
28,5,6,F8,0.07690006,-0.02804756,0.07805751,0.625,0.625,"[1, 7]",0.875,False,0.01283918,0.00225083,0.01075777,True
28,5,7,FCz,0.09810808,0.09810808,0.11329494,0.625,0.625,"[1, 7]",0.875,False,0.01283918,0.00225083,0.01075777,True
28,5,8,FC3,0.03112838,0.00562459,0.03788835,0.625,0.625,"[1, 7]",0.875,False,0.01283918,0.00225083,0.01075777,True
28,5,9,FC4,0.05734017,-0.05734017,0.07527535,0.625,0.625,"[1, 7]",0.875,False,0.01283918,0.00225083,0.01075777,True
28,5,10,FT7,0.09030879,-0.05793842,0.10390706,0.625,0.625,"[1, 7]",0.875,False,0.01283918,0.00225083,0.01075777,True
28,5,11,FT8,0.08080126,-0.00352437,0.09787096,0.625,0.625,"[1, 7]",0.875,False,0.01283918,0.00225083,0.01075777,True
28,5,12,Cz,0.0767622,0.07441646,0.09194908,0.625,0.625,"[1, 7]",0.875,False,0.01283918,0.00225083,0.01075777,True
28,5,13,C3,0.11432153,0.07139489,0.11644665,0.625,0.625,"[1, 7]",0.875,False,0.01283918,0.00225083,0.01075777,True
28,5,14,C4,0.08447206,-0.0750512,0.0955007,0.625,0.625,"[1, 7]",0.875,False,0.01283918,0.00225083,0.01075777,True
28,5,15,T3,0.12658769,0.12658769,0.13204859,0.625,0.625,"[1, 7]",0.875,False,0.01283918,0.00225083,0.01075777,True
28,5,16,T4,0.12151448,0.01364624,0.13464132,0.625,0.625,"[1, 7]",0.875,False,0.01283918,0.00225083,0.01075777,True
28,5,17,CP3,0.12117271,0.03207479,0.13966408,0.625,0.625,"[1, 7]",0.875,False,0.01283918,0.00225083,0.01075777,True
28,5,18,CP4,0.11118334,0.03389763,0.12823129,0.625,0.625,"[1, 7]",0.875,False,0.01283918,0.00225083,0.01075777,True
28,5,19,TP7,0.08514715,-0.01849346,0.09494679,0.625,0.625,"[1, 7]",0.875,False,0.01283918,0.00225083,0.01075777,True
28,5,20,TP8,0.09008785,-0.0595996,0.10914713,0.625,0.625,"[1, 7]",0.875,False,0.01283918,0.00225083,0.01075777,True
28,5,21,Pz,0.15218011,0.0065688,0.1523596,0.625,0.625,"[1, 7]",0.875,False,0.01283918,0.00225083,0.01075777,True
28,5,22,P3,0.107397,0.107397,0.11670133,0.625,0.625,"[1, 7]",0.875,False,0.01283918,0.00225083,0.01075777,True
28,5,23,P4,0.10640012,-0.09395435,0.11823696,0.625,0.625,"[1, 7]",0.875,False,0.01283918,0.00225083,0.01075777,True
28,5,24,T5,0.10492387,0.07381848,0.11420963,0.625,0.625,"[1, 7]",0.875,False,0.01283918,0.00225083,0.01075777,True
28,5,25,T6,0.08045095,-0.06195953,0.09192072,0.625,0.625,"[1, 7]",0.875,False,0.01283918,0.00225083,0.01075777,True
28,5,26,Oz,0.07785978,0.04226693,0.08030814,0.625,0.625,"[1, 7]",0.875,False,0.01283918,0.00225083,0.01075777,True
28,5,27,O1,0.12188217,0.05645898,0.13246466,0.625,0.625,"[1, 7]",0.875,False,0.01283918,0.00225083,0.01075777,True
28,5,28,O2,0.14431281,-0.02293009,0.14695737,0.625,0.625,"[1, 7]",0.875,False,0.01283918,0.00225083,0.01075777,True
29,1,0,Fp1,0.10924058,-0.09476846,0.12169077,0.5,0.5,"[0, 8]",1.0,True,0.01243989,0.00203366,0.01042321,True
29,1,1,Fp2,0.07726922,0.06087116,0.09463813,0.5,0.5,"[0, 8]",1.0,True,0.01243989,0.00203366,0.01042321,True
29,1,2,Fz,0.10443188,-0.09841725,0.11784691,0.5,0.5,"[0, 8]",1.0,True,0.01243989,0.00203366,0.01042321,True
29,1,3,F3,0.08904051,0.02828695,0.09553231,0.5,0.5,"[0, 8]",1.0,True,0.01243989,0.00203366,0.01042321,True
29,1,4,F4,0.09732533,0.01172563,0.10799174,0.5,0.5,"[0, 8]",1.0,True,0.01243989,0.00203366,0.01042321,True
29,1,5,F7,0.08426357,0.08269334,0.09838751,0.5,0.5,"[0, 8]",1.0,True,0.01243989,0.00203366,0.01042321,True
29,1,6,F8,0.07731808,-0.02972512,0.07822957,0.5,0.5,"[0, 8]",1.0,True,0.01243989,0.00203366,0.01042321,True
29,1,7,FCz,0.09915666,0.09915666,0.1150593,0.5,0.5,"[0, 8]",1.0,True,0.01243989,0.00203366,0.01042321,True
29,1,8,FC3,0.03063135,0.00638419,0.03777054,0.5,0.5,"[0, 8]",1.0,True,0.01243989,0.00203366,0.01042321,True
29,1,9,FC4,0.05844089,-0.05844089,0.07634734,0.5,0.5,"[0, 8]",1.0,True,0.01243989,0.00203366,0.01042321,True
29,1,10,FT7,0.0902818,-0.05766034,0.10415671,0.5,0.5,"[0, 8]",1.0,True,0.01243989,0.00203366,0.01042321,True
29,1,11,FT8,0.07936492,-0.00366221,0.09651791,0.5,0.5,"[0, 8]",1.0,True,0.01243989,0.00203366,0.01042321,True
29,1,12,Cz,0.07667973,0.07455174,0.09186903,0.5,0.5,"[0, 8]",1.0,True,0.01243989,0.00203366,0.01042321,True
29,1,13,C3,0.1153094,0.07313771,0.1175952,0.5,0.5,"[0, 8]",1.0,True,0.01243989,0.00203366,0.01042321,True
29,1,14,C4,0.08515171,-0.0749877,0.09573366,0.5,0.5,"[0, 8]",1.0,True,0.01243989,0.00203366,0.01042321,True
29,1,15,T3,0.12767759,0.12767759,0.13283105,0.5,0.5,"[0, 8]",1.0,True,0.01243989,0.00203366,0.01042321,True
29,1,16,T4,0.12170841,0.01425513,0.13429973,0.5,0.5,"[0, 8]",1.0,True,0.01243989,0.00203366,0.01042321,True
29,1,17,CP3,0.1209859,0.03282557,0.13982753,0.5,0.5,"[0, 8]",1.0,True,0.01243989,0.00203366,0.01042321,True
29,1,18,CP4,0.11122251,0.03535062,0.127626,0.5,0.5,"[0, 8]",1.0,True,0.01243989,0.00203366,0.01042321,True
29,1,19,TP7,0.08416499,-0.01964661,0.0946647,0.5,0.5,"[0, 8]",1.0,True,0.01243989,0.00203366,0.01042321,True
29,1,20,TP8,0.08838134,-0.05955203,0.1077623,0.5,0.5,"[0, 8]",1.0,True,0.01243989,0.00203366,0.01042321,True
29,1,21,Pz,0.15336704,0.00680465,0.15356047,0.5,0.5,"[0, 8]",1.0,True,0.01243989,0.00203366,0.01042321,True
29,1,22,P3,0.10840632,0.10840632,0.11749744,0.5,0.5,"[0, 8]",1.0,True,0.01243989,0.00203366,0.01042321,True
29,1,23,P4,0.10461338,-0.09344009,0.11697835,0.5,0.5,"[0, 8]",1.0,True,0.01243989,0.00203366,0.01042321,True
29,1,24,T5,0.10547925,0.07290903,0.11496401,0.5,0.5,"[0, 8]",1.0,True,0.01243989,0.00203366,0.01042321,True
29,1,25,T6,0.080645,-0.0621687,0.09196775,0.5,0.5,"[0, 8]",1.0,True,0.01243989,0.00203366,0.01042321,True
29,1,26,Oz,0.07761097,0.04186536,0.08000512,0.5,0.5,"[0, 8]",1.0,True,0.01243989,0.00203366,0.01042321,True
29,1,27,O1,0.1218897,0.05561354,0.13189267,0.5,0.5,"[0, 8]",1.0,True,0.01243989,0.00203366,0.01042321,True
29,1,28,O2,0.14349496,-0.02409421,0.14625137,0.5,0.5,"[0, 8]",1.0,True,0.01243989,0.00203366,0.01042321,True
29,2,0,Fp1,0.10973747,-0.09474316,0.12215802,0.5,0.5,"[0, 8]",1.0,True,0.01196409,0.00230713,0.01002455,True
29,2,1,Fp2,0.07766915,0.06160094,0.0956461,0.5,0.5,"[0, 8]",1.0,True,0.01196409,0.00230713,0.01002455,True
29,2,2,Fz,0.10322493,-0.09847752,0.11708581,0.5,0.5,"[0, 8]",1.0,True,0.01196409,0.00230713,0.01002455,True
29,2,3,F3,0.08733319,0.02768937,0.09430714,0.5,0.5,"[0, 8]",1.0,True,0.01196409,0.00230713,0.01002455,True
29,2,4,F4,0.09688445,0.01263516,0.10704197,0.5,0.5,"[0, 8]",1.0,True,0.01196409,0.00230713,0.01002455,True
29,2,5,F7,0.08386422,0.08234334,0.09789253,0.5,0.5,"[0, 8]",1.0,True,0.01196409,0.00230713,0.01002455,True
29,2,6,F8,0.07697435,-0.02912429,0.07796042,0.5,0.5,"[0, 8]",1.0,True,0.01196409,0.00230713,0.01002455,True
29,2,7,FCz,0.09960922,0.09960922,0.11489352,0.5,0.5,"[0, 8]",1.0,True,0.01196409,0.00230713,0.01002455,True
29,2,8,FC3,0.03137978,0.00601011,0.03764693,0.5,0.5,"[0, 8]",1.0,True,0.01196409,0.00230713,0.01002455,True
29,2,9,FC4,0.05751488,-0.05751488,0.07534,0.5,0.5,"[0, 8]",1.0,True,0.01196409,0.00230713,0.01002455,True
29,2,10,FT7,0.09080006,-0.05868756,0.10426011,0.5,0.5,"[0, 8]",1.0,True,0.01196409,0.00230713,0.01002455,True
29,2,11,FT8,0.07975326,-0.00334853,0.09651563,0.5,0.5,"[0, 8]",1.0,True,0.01196409,0.00230713,0.01002455,True
29,2,12,Cz,0.0767739,0.07559116,0.09251653,0.5,0.5,"[0, 8]",1.0,True,0.01196409,0.00230713,0.01002455,True
29,2,13,C3,0.11629952,0.07268004,0.11838636,0.5,0.5,"[0, 8]",1.0,True,0.01196409,0.00230713,0.01002455,True
29,2,14,C4,0.0861062,-0.07524415,0.09626681,0.5,0.5,"[0, 8]",1.0,True,0.01196409,0.00230713,0.01002455,True
29,2,15,T3,0.12754488,0.12754488,0.13284662,0.5,0.5,"[0, 8]",1.0,True,0.01196409,0.00230713,0.01002455,True
29,2,16,T4,0.1220469,0.01433901,0.13485314,0.5,0.5,"[0, 8]",1.0,True,0.01196409,0.00230713,0.01002455,True
29,2,17,CP3,0.12071958,0.03305061,0.1395494,0.5,0.5,"[0, 8]",1.0,True,0.01196409,0.00230713,0.01002455,True
29,2,18,CP4,0.11003301,0.03401243,0.12678146,0.5,0.5,"[0, 8]",1.0,True,0.01196409,0.00230713,0.01002455,True
29,2,19,TP7,0.08444849,-0.01901471,0.09415948,0.5,0.5,"[0, 8]",1.0,True,0.01196409,0.00230713,0.01002455,True
29,2,20,TP8,0.08889502,-0.05979925,0.10841098,0.5,0.5,"[0, 8]",1.0,True,0.01196409,0.00230713,0.01002455,True
29,2,21,Pz,0.15267274,0.00678509,0.15284583,0.5,0.5,"[0, 8]",1.0,True,0.01196409,0.00230713,0.01002455,True
29,2,22,P3,0.10814829,0.10814829,0.11699323,0.5,0.5,"[0, 8]",1.0,True,0.01196409,0.00230713,0.01002455,True
29,2,23,P4,0.10525855,-0.09375641,0.1173997,0.5,0.5,"[0, 8]",1.0,True,0.01196409,0.00230713,0.01002455,True
29,2,24,T5,0.10537559,0.07270871,0.1146488,0.5,0.5,"[0, 8]",1.0,True,0.01196409,0.00230713,0.01002455,True
29,2,25,T6,0.08145985,-0.06227633,0.09272878,0.5,0.5,"[0, 8]",1.0,True,0.01196409,0.00230713,0.01002455,True
29,2,26,Oz,0.07713747,0.04159882,0.07934322,0.5,0.5,"[0, 8]",1.0,True,0.01196409,0.00230713,0.01002455,True
29,2,27,O1,0.12140126,0.05523632,0.13204542,0.5,0.5,"[0, 8]",1.0,True,0.01196409,0.00230713,0.01002455,True
29,2,28,O2,0.1449725,-0.02454148,0.1478938,0.5,0.5,"[0, 8]",1.0,True,0.01196409,0.00230713,0.01002455,True
29,3,0,Fp1,0.10932794,-0.09544832,0.122055,0.5,0.5,"[0, 8]",1.0,True,0.01114252,0.00215386,0.00933617,True
29,3,1,Fp2,0.07714854,0.06137106,0.0946632,0.5,0.5,"[0, 8]",1.0,True,0.01114252,0.00215386,0.00933617,True
29,3,2,Fz,0.10409427,-0.0982997,0.11754478,0.5,0.5,"[0, 8]",1.0,True,0.01114252,0.00215386,0.00933617,True
29,3,3,F3,0.0886838,0.02829394,0.0953775,0.5,0.5,"[0, 8]",1.0,True,0.01114252,0.00215386,0.00933617,True
29,3,4,F4,0.09823409,0.01228258,0.10869029,0.5,0.5,"[0, 8]",1.0,True,0.01114252,0.00215386,0.00933617,True
29,3,5,F7,0.08347876,0.08210354,0.09752641,0.5,0.5,"[0, 8]",1.0,True,0.01114252,0.00215386,0.00933617,True
29,3,6,F8,0.07795702,-0.02935352,0.07901766,0.5,0.5,"[0, 8]",1.0,True,0.01114252,0.00215386,0.00933617,True
29,3,7,FCz,0.09922674,0.09922674,0.11507841,0.5,0.5,"[0, 8]",1.0,True,0.01114252,0.00215386,0.00933617,True
29,3,8,FC3,0.03133105,0.00591363,0.03798006,0.5,0.5,"[0, 8]",1.0,True,0.01114252,0.00215386,0.00933617,True
29,3,9,FC4,0.05799907,-0.05799907,0.07627925,0.5,0.5,"[0, 8]",1.0,True,0.01114252,0.00215386,0.00933617,True
29,3,10,FT7,0.0910691,-0.05874305,0.10430851,0.5,0.5,"[0, 8]",1.0,True,0.01114252,0.00215386,0.00933617,True
29,3,11,FT8,0.08014771,-0.00375975,0.09732026,0.5,0.5,"[0, 8]",1.0,True,0.01114252,0.00215386,0.00933617,True
29,3,12,Cz,0.07775132,0.07583179,0.09318431,0.5,0.5,"[0, 8]",1.0,True,0.01114252,0.00215386,0.00933617,True
29,3,13,C3,0.1161296,0.07295966,0.11829624,0.5,0.5,"[0, 8]",1.0,True,0.01114252,0.00215386,0.00933617,True
29,3,14,C4,0.08569634,-0.07504372,0.09606548,0.5,0.5,"[0, 8]",1.0,True,0.01114252,0.00215386,0.00933617,True
29,3,15,T3,0.12701446,0.12701446,0.13216572,0.5,0.5,"[0, 8]",1.0,True,0.01114252,0.00215386,0.00933617,True
29,3,16,T4,0.12251577,0.01363532,0.13481605,0.5,0.5,"[0, 8]",1.0,True,0.01114252,0.00215386,0.00933617,True
29,3,17,CP3,0.12066333,0.0326669,0.13925125,0.5,0.5,"[0, 8]",1.0,True,0.01114252,0.00215386,0.00933617,True
29,3,18,CP4,0.11076029,0.03438311,0.12718907,0.5,0.5,"[0, 8]",1.0,True,0.01114252,0.00215386,0.00933617,True
29,3,19,TP7,0.08420496,-0.01925122,0.09448813,0.5,0.5,"[0, 8]",1.0,True,0.01114252,0.00215386,0.00933617,True
29,3,20,TP8,0.0888123,-0.05885013,0.10761208,0.5,0.5,"[0, 8]",1.0,True,0.01114252,0.00215386,0.00933617,True
29,3,21,Pz,0.15335947,0.00664374,0.15353777,0.5,0.5,"[0, 8]",1.0,True,0.01114252,0.00215386,0.00933617,True
29,3,22,P3,0.1078454,0.1078454,0.11683942,0.5,0.5,"[0, 8]",1.0,True,0.01114252,0.00215386,0.00933617,True
29,3,23,P4,0.10435013,-0.09329869,0.11677264,0.5,0.5,"[0, 8]",1.0,True,0.01114252,0.00215386,0.00933617,True
29,3,24,T5,0.10551987,0.07305408,0.11497326,0.5,0.5,"[0, 8]",1.0,True,0.01114252,0.00215386,0.00933617,True
29,3,25,T6,0.08094713,-0.06191479,0.09207165,0.5,0.5,"[0, 8]",1.0,True,0.01114252,0.00215386,0.00933617,True
29,3,26,Oz,0.07806158,0.04201993,0.08025828,0.5,0.5,"[0, 8]",1.0,True,0.01114252,0.00215386,0.00933617,True
29,3,27,O1,0.12227423,0.05591301,0.13227698,0.5,0.5,"[0, 8]",1.0,True,0.01114252,0.00215386,0.00933617,True
29,3,28,O2,0.1441164,-0.02388696,0.14686191,0.5,0.5,"[0, 8]",1.0,True,0.01114252,0.00215386,0.00933617,True
29,4,0,Fp1,0.10905693,-0.09526441,0.12181365,0.5,0.5,"[0, 8]",1.0,True,0.01339403,0.00231182,0.01122268,True
29,4,1,Fp2,0.07721725,0.06156646,0.09512793,0.5,0.5,"[0, 8]",1.0,True,0.01339403,0.00231182,0.01122268,True
29,4,2,Fz,0.10402553,-0.0981447,0.11744882,0.5,0.5,"[0, 8]",1.0,True,0.01339403,0.00231182,0.01122268,True
29,4,3,F3,0.0882531,0.02824372,0.09505951,0.5,0.5,"[0, 8]",1.0,True,0.01339403,0.00231182,0.01122268,True
29,4,4,F4,0.09734324,0.01247548,0.107774,0.5,0.5,"[0, 8]",1.0,True,0.01339403,0.00231182,0.01122268,True
29,4,5,F7,0.08276394,0.08136885,0.09667614,0.5,0.5,"[0, 8]",1.0,True,0.01339403,0.00231182,0.01122268,True
29,4,6,F8,0.07725671,-0.0289556,0.07836274,0.5,0.5,"[0, 8]",1.0,True,0.01339403,0.00231182,0.01122268,True
29,4,7,FCz,0.09967145,0.09967145,0.11516158,0.5,0.5,"[0, 8]",1.0,True,0.01339403,0.00231182,0.01122268,True
29,4,8,FC3,0.03082241,0.00594647,0.03752091,0.5,0.5,"[0, 8]",1.0,True,0.01339403,0.00231182,0.01122268,True
29,4,9,FC4,0.05671632,-0.05671632,0.07506289,0.5,0.5,"[0, 8]",1.0,True,0.01339403,0.00231182,0.01122268,True
29,4,10,FT7,0.09085156,-0.05909662,0.10460607,0.5,0.5,"[0, 8]",1.0,True,0.01339403,0.00231182,0.01122268,True
29,4,11,FT8,0.07984492,-0.00319722,0.09709714,0.5,0.5,"[0, 8]",1.0,True,0.01339403,0.00231182,0.01122268,True
29,4,12,Cz,0.0778122,0.0760267,0.09322656,0.5,0.5,"[0, 8]",1.0,True,0.01339403,0.00231182,0.01122268,True
29,4,13,C3,0.11594953,0.07288749,0.11807227,0.5,0.5,"[0, 8]",1.0,True,0.01339403,0.00231182,0.01122268,True
29,4,14,C4,0.08562366,-0.07433015,0.09571026,0.5,0.5,"[0, 8]",1.0,True,0.01339403,0.00231182,0.01122268,True
29,4,15,T3,0.12721348,0.12721348,0.13236119,0.5,0.5,"[0, 8]",1.0,True,0.01339403,0.00231182,0.01122268,True
29,4,16,T4,0.12273205,0.01386803,0.13502076,0.5,0.5,"[0, 8]",1.0,True,0.01339403,0.00231182,0.01122268,True
29,4,17,CP3,0.12070049,0.03226095,0.13929392,0.5,0.5,"[0, 8]",1.0,True,0.01339403,0.00231182,0.01122268,True
29,4,18,CP4,0.11039896,0.03431004,0.12724869,0.5,0.5,"[0, 8]",1.0,True,0.01339403,0.00231182,0.01122268,True
29,4,19,TP7,0.08400208,-0.01967677,0.09420519,0.5,0.5,"[0, 8]",1.0,True,0.01339403,0.00231182,0.01122268,True
29,4,20,TP8,0.08881871,-0.05892701,0.10774828,0.5,0.5,"[0, 8]",1.0,True,0.01339403,0.00231182,0.01122268,True
29,4,21,Pz,0.1532733,0.00706257,0.15346889,0.5,0.5,"[0, 8]",1.0,True,0.01339403,0.00231182,0.01122268,True
29,4,22,P3,0.10824525,0.10824525,0.11714211,0.5,0.5,"[0, 8]",1.0,True,0.01339403,0.00231182,0.01122268,True
29,4,23,P4,0.10479932,-0.09305848,0.11696131,0.5,0.5,"[0, 8]",1.0,True,0.01339403,0.00231182,0.01122268,True
29,4,24,T5,0.10563509,0.07282986,0.11520056,0.5,0.5,"[0, 8]",1.0,True,0.01339403,0.00231182,0.01122268,True
29,4,25,T6,0.08107714,-0.0622764,0.09221678,0.5,0.5,"[0, 8]",1.0,True,0.01339403,0.00231182,0.01122268,True
29,4,26,Oz,0.07806321,0.04220897,0.08025888,0.5,0.5,"[0, 8]",1.0,True,0.01339403,0.00231182,0.01122268,True
29,4,27,O1,0.12244973,0.05577398,0.13230041,0.5,0.5,"[0, 8]",1.0,True,0.01339403,0.00231182,0.01122268,True
29,4,28,O2,0.1438553,-0.02378956,0.14664103,0.5,0.5,"[0, 8]",1.0,True,0.01339403,0.00231182,0.01122268,True
29,5,0,Fp1,0.10902432,-0.09559564,0.1218781,0.5,0.5,"[0, 8]",1.0,True,0.01282245,0.00230785,0.01074376,True
29,5,1,Fp2,0.07667777,0.06095758,0.09485335,0.5,0.5,"[0, 8]",1.0,True,0.01282245,0.00230785,0.01074376,True
29,5,2,Fz,0.10421148,-0.09882514,0.11785943,0.5,0.5,"[0, 8]",1.0,True,0.01282245,0.00230785,0.01074376,True
29,5,3,F3,0.08794893,0.02765596,0.09500759,0.5,0.5,"[0, 8]",1.0,True,0.01282245,0.00230785,0.01074376,True
29,5,4,F4,0.0968921,0.01211738,0.10739581,0.5,0.5,"[0, 8]",1.0,True,0.01282245,0.00230785,0.01074376,True
29,5,5,F7,0.08417952,0.08209796,0.0980529,0.5,0.5,"[0, 8]",1.0,True,0.01282245,0.00230785,0.01074376,True
29,5,6,F8,0.07682709,-0.0296954,0.07780182,0.5,0.5,"[0, 8]",1.0,True,0.01282245,0.00230785,0.01074376,True
29,5,7,FCz,0.09953465,0.09953465,0.11497739,0.5,0.5,"[0, 8]",1.0,True,0.01282245,0.00230785,0.01074376,True
29,5,8,FC3,0.03050772,0.00502441,0.03754556,0.5,0.5,"[0, 8]",1.0,True,0.01282245,0.00230785,0.01074376,True
29,5,9,FC4,0.0578844,-0.0578844,0.07637777,0.5,0.5,"[0, 8]",1.0,True,0.01282245,0.00230785,0.01074376,True
29,5,10,FT7,0.09016163,-0.05872228,0.10427694,0.5,0.5,"[0, 8]",1.0,True,0.01282245,0.00230785,0.01074376,True
29,5,11,FT8,0.0800306,-0.00412198,0.09747327,0.5,0.5,"[0, 8]",1.0,True,0.01282245,0.00230785,0.01074376,True
29,5,12,Cz,0.07715172,0.07573598,0.09264089,0.5,0.5,"[0, 8]",1.0,True,0.01282245,0.00230785,0.01074376,True
29,5,13,C3,0.1149046,0.07261281,0.11710006,0.5,0.5,"[0, 8]",1.0,True,0.01282245,0.00230785,0.01074376,True
29,5,14,C4,0.08564541,-0.07469374,0.09598631,0.5,0.5,"[0, 8]",1.0,True,0.01282245,0.00230785,0.01074376,True
29,5,15,T3,0.12700304,0.12700304,0.13197845,0.5,0.5,"[0, 8]",1.0,True,0.01282245,0.00230785,0.01074376,True
29,5,16,T4,0.12211641,0.01356259,0.13429065,0.5,0.5,"[0, 8]",1.0,True,0.01282245,0.00230785,0.01074376,True
29,5,17,CP3,0.12148458,0.03270273,0.1400038,0.5,0.5,"[0, 8]",1.0,True,0.01282245,0.00230785,0.01074376,True
29,5,18,CP4,0.11038442,0.03495478,0.12705006,0.5,0.5,"[0, 8]",1.0,True,0.01282245,0.00230785,0.01074376,True
29,5,19,TP7,0.08400346,-0.01889537,0.09372403,0.5,0.5,"[0, 8]",1.0,True,0.01282245,0.00230785,0.01074376,True
29,5,20,TP8,0.08953609,-0.0598285,0.10876463,0.5,0.5,"[0, 8]",1.0,True,0.01282245,0.00230785,0.01074376,True
29,5,21,Pz,0.15328074,0.0069746,0.15347792,0.5,0.5,"[0, 8]",1.0,True,0.01282245,0.00230785,0.01074376,True
29,5,22,P3,0.10886607,0.10886607,0.11765814,0.5,0.5,"[0, 8]",1.0,True,0.01282245,0.00230785,0.01074376,True
29,5,23,P4,0.10503332,-0.09281584,0.11696915,0.5,0.5,"[0, 8]",1.0,True,0.01282245,0.00230785,0.01074376,True
29,5,24,T5,0.10469513,0.07369585,0.11464588,0.5,0.5,"[0, 8]",1.0,True,0.01282245,0.00230785,0.01074376,True
29,5,25,T6,0.0813868,-0.06157801,0.09267137,0.5,0.5,"[0, 8]",1.0,True,0.01282245,0.00230785,0.01074376,True
29,5,26,Oz,0.07705644,0.04216477,0.07930661,0.5,0.5,"[0, 8]",1.0,True,0.01282245,0.00230785,0.01074376,True
29,5,27,O1,0.12213761,0.05568575,0.13262555,0.5,0.5,"[0, 8]",1.0,True,0.01282245,0.00230785,0.01074376,True
29,5,28,O2,0.14381348,-0.02378869,0.1466309,0.5,0.5,"[0, 8]",1.0,True,0.01282245,0.00230785,0.01074376,True
30,1,0,Fp1,0.10938662,-0.10213749,0.12436727,0.625,0.625,"[3, 5]",0.625,False,0.11685692,0.02469296,0.09791282,True
30,1,1,Fp2,0.08208969,0.06048355,0.09950181,0.625,0.625,"[3, 5]",0.625,False,0.11685692,0.02469296,0.09791282,True
30,1,2,Fz,0.11111003,-0.108401,0.12709859,0.625,0.625,"[3, 5]",0.625,False,0.11685692,0.02469296,0.09791282,True
30,1,3,F3,0.0853862,0.02275595,0.0917072,0.625,0.625,"[3, 5]",0.625,False,0.11685692,0.02469296,0.09791282,True
30,1,4,F4,0.10113522,0.01357682,0.1107588,0.625,0.625,"[3, 5]",0.625,False,0.11685692,0.02469296,0.09791282,True
30,1,5,F7,0.08008241,0.07480526,0.09259538,0.625,0.625,"[3, 5]",0.625,False,0.11685692,0.02469296,0.09791282,True
30,1,6,F8,0.0760276,-0.03197194,0.07784274,0.625,0.625,"[3, 5]",0.625,False,0.11685692,0.02469296,0.09791282,True
30,1,7,FCz,0.09863363,0.09863363,0.1114434,0.625,0.625,"[3, 5]",0.625,False,0.11685692,0.02469296,0.09791282,True
30,1,8,FC3,0.02607939,-0.0020462,0.03442372,0.625,0.625,"[3, 5]",0.625,False,0.11685692,0.02469296,0.09791282,True
30,1,9,FC4,0.05571235,-0.05549131,0.07402759,0.625,0.625,"[3, 5]",0.625,False,0.11685692,0.02469296,0.09791282,True
30,1,10,FT7,0.09090601,-0.06445609,0.10245719,0.625,0.625,"[3, 5]",0.625,False,0.11685692,0.02469296,0.09791282,True
30,1,11,FT8,0.07642984,0.00211208,0.08801805,0.625,0.625,"[3, 5]",0.625,False,0.11685692,0.02469296,0.09791282,True
30,1,12,Cz,0.07637467,0.07637467,0.09535626,0.625,0.625,"[3, 5]",0.625,False,0.11685692,0.02469296,0.09791282,True
30,1,13,C3,0.11730582,0.06224493,0.1194135,0.625,0.625,"[3, 5]",0.625,False,0.11685692,0.02469296,0.09791282,True
30,1,14,C4,0.0906193,-0.06851543,0.09649873,0.625,0.625,"[3, 5]",0.625,False,0.11685692,0.02469296,0.09791282,True
30,1,15,T3,0.12101743,0.12101743,0.12505829,0.625,0.625,"[3, 5]",0.625,False,0.11685692,0.02469296,0.09791282,True
30,1,16,T4,0.12250009,0.00813472,0.13234131,0.625,0.625,"[3, 5]",0.625,False,0.11685692,0.02469296,0.09791282,True
30,1,17,CP3,0.11451107,0.02858677,0.13143334,0.625,0.625,"[3, 5]",0.625,False,0.11685692,0.02469296,0.09791282,True
30,1,18,CP4,0.11021462,0.04314647,0.12468868,0.625,0.625,"[3, 5]",0.625,False,0.11685692,0.02469296,0.09791282,True
30,1,19,TP7,0.08185306,-0.01119481,0.09025417,0.625,0.625,"[3, 5]",0.625,False,0.11685692,0.02469296,0.09791282,True
30,1,20,TP8,0.09227186,-0.05760552,0.11060193,0.625,0.625,"[3, 5]",0.625,False,0.11685692,0.02469296,0.09791282,True
30,1,21,Pz,0.15339139,0.01048466,0.15409909,0.625,0.625,"[3, 5]",0.625,False,0.11685692,0.02469296,0.09791282,True
30,1,22,P3,0.10569212,0.10569212,0.1180844,0.625,0.625,"[3, 5]",0.625,False,0.11685692,0.02469296,0.09791282,True
30,1,23,P4,0.10111032,-0.08930116,0.11194562,0.625,0.625,"[3, 5]",0.625,False,0.11685692,0.02469296,0.09791282,True
30,1,24,T5,0.097875,0.07680994,0.10685817,0.625,0.625,"[3, 5]",0.625,False,0.11685692,0.02469296,0.09791282,True
30,1,25,T6,0.07900207,-0.05198987,0.08479962,0.625,0.625,"[3, 5]",0.625,False,0.11685692,0.02469296,0.09791282,True
30,1,26,Oz,0.07563286,0.04536696,0.0798934,0.625,0.625,"[3, 5]",0.625,False,0.11685692,0.02469296,0.09791282,True
30,1,27,O1,0.12680787,0.05775158,0.13672473,0.625,0.625,"[3, 5]",0.625,False,0.11685692,0.02469296,0.09791282,True
30,1,28,O2,0.15520222,-0.02252944,0.15732218,0.625,0.625,"[3, 5]",0.625,False,0.11685692,0.02469296,0.09791282,True
30,2,0,Fp1,0.12672611,-0.09497237,0.1324406,0.75,0.75,"[4, 4]",0.5,False,0.90708506,0.2915783,0.76003424,True
30,2,1,Fp2,0.0691465,0.0568752,0.0935316,0.75,0.75,"[4, 4]",0.5,False,0.90708506,0.2915783,0.76003424,True
30,2,2,Fz,0.11224012,-0.09447934,0.12756649,0.75,0.75,"[4, 4]",0.5,False,0.90708506,0.2915783,0.76003424,True
30,2,3,F3,0.12988704,0.03866147,0.15153548,0.75,0.75,"[4, 4]",0.5,False,0.90708506,0.2915783,0.76003424,True
30,2,4,F4,0.06570654,0.02136786,0.07413535,0.75,0.75,"[4, 4]",0.5,False,0.90708506,0.2915783,0.76003424,True
30,2,5,F7,0.10422432,0.10422432,0.1112479,0.75,0.75,"[4, 4]",0.5,False,0.90708506,0.2915783,0.76003424,True
30,2,6,F8,0.05811752,-0.04732997,0.07275941,0.75,0.75,"[4, 4]",0.5,False,0.90708506,0.2915783,0.76003424,True
30,2,7,FCz,0.11545993,0.11545993,0.1407844,0.75,0.75,"[4, 4]",0.5,False,0.90708506,0.2915783,0.76003424,True
30,2,8,FC3,0.09971613,0.00635033,0.11004189,0.75,0.75,"[4, 4]",0.5,False,0.90708506,0.2915783,0.76003424,True
30,2,9,FC4,0.08458806,0.02476944,0.09442809,0.75,0.75,"[4, 4]",0.5,False,0.90708506,0.2915783,0.76003424,True
30,2,10,FT7,0.04016699,-0.00061866,0.04763371,0.75,0.75,"[4, 4]",0.5,False,0.90708506,0.2915783,0.76003424,True
30,2,11,FT8,0.03327431,0.02538891,0.03598712,0.75,0.75,"[4, 4]",0.5,False,0.90708506,0.2915783,0.76003424,True
30,2,12,Cz,0.2207609,-0.03930776,0.23640376,0.75,0.75,"[4, 4]",0.5,False,0.90708506,0.2915783,0.76003424,True
30,2,13,C3,0.09813873,-0.03886032,0.11070675,0.75,0.75,"[4, 4]",0.5,False,0.90708506,0.2915783,0.76003424,True
30,2,14,C4,0.08716398,-0.08716398,0.10305112,0.75,0.75,"[4, 4]",0.5,False,0.90708506,0.2915783,0.76003424,True
30,2,15,T3,0.12975281,0.12975281,0.14128742,0.75,0.75,"[4, 4]",0.5,False,0.90708506,0.2915783,0.76003424,True
30,2,16,T4,0.09185348,0.01159513,0.10766206,0.75,0.75,"[4, 4]",0.5,False,0.90708506,0.2915783,0.76003424,True
30,2,17,CP3,0.10663887,-0.04365034,0.1393901,0.75,0.75,"[4, 4]",0.5,False,0.90708506,0.2915783,0.76003424,True
30,2,18,CP4,0.12078564,0.04686527,0.15549272,0.75,0.75,"[4, 4]",0.5,False,0.90708506,0.2915783,0.76003424,True
30,2,19,TP7,0.04158848,-0.01259511,0.05692143,0.75,0.75,"[4, 4]",0.5,False,0.90708506,0.2915783,0.76003424,True
30,2,20,TP8,0.09187438,-0.02595305,0.10869347,0.75,0.75,"[4, 4]",0.5,False,0.90708506,0.2915783,0.76003424,True
30,2,21,Pz,0.11263563,-0.00857064,0.11770603,0.75,0.75,"[4, 4]",0.5,False,0.90708506,0.2915783,0.76003424,True
30,2,22,P3,0.07029066,0.03632242,0.08311344,0.75,0.75,"[4, 4]",0.5,False,0.90708506,0.2915783,0.76003424,True
30,2,23,P4,0.15351671,-0.07915527,0.16043505,0.75,0.75,"[4, 4]",0.5,False,0.90708506,0.2915783,0.76003424,True
30,2,24,T5,0.07167911,0.06123643,0.09334817,0.75,0.75,"[4, 4]",0.5,False,0.90708506,0.2915783,0.76003424,True
30,2,25,T6,0.04929269,0.00791715,0.06539401,0.75,0.75,"[4, 4]",0.5,False,0.90708506,0.2915783,0.76003424,True
30,2,26,Oz,0.06355821,0.02892791,0.07236785,0.75,0.75,"[4, 4]",0.5,False,0.90708506,0.2915783,0.76003424,True
30,2,27,O1,0.08367242,0.07953432,0.09588314,0.75,0.75,"[4, 4]",0.5,False,0.90708506,0.2915783,0.76003424,True
30,2,28,O2,0.15440799,-0.00037549,0.15527037,0.75,0.75,"[4, 4]",0.5,False,0.90708506,0.2915783,0.76003424,True
30,3,0,Fp1,0.11110634,-0.08670035,0.11773147,0.625,0.625,"[3, 5]",0.625,False,0.2392483,0.05158345,0.2004629,True
30,3,1,Fp2,0.07800472,0.05951049,0.09281243,0.625,0.625,"[3, 5]",0.625,False,0.2392483,0.05158345,0.2004629,True
30,3,2,Fz,0.11913304,-0.11913304,0.1337503,0.625,0.625,"[3, 5]",0.625,False,0.2392483,0.05158345,0.2004629,True
30,3,3,F3,0.09119042,0.02498692,0.09816605,0.625,0.625,"[3, 5]",0.625,False,0.2392483,0.05158345,0.2004629,True
30,3,4,F4,0.09631854,0.00468824,0.10917998,0.625,0.625,"[3, 5]",0.625,False,0.2392483,0.05158345,0.2004629,True
30,3,5,F7,0.07599305,0.07274909,0.08797668,0.625,0.625,"[3, 5]",0.625,False,0.2392483,0.05158345,0.2004629,True
30,3,6,F8,0.09387846,-0.04991279,0.09476932,0.625,0.625,"[3, 5]",0.625,False,0.2392483,0.05158345,0.2004629,True
30,3,7,FCz,0.10410791,0.10410791,0.11927745,0.625,0.625,"[3, 5]",0.625,False,0.2392483,0.05158345,0.2004629,True
30,3,8,FC3,0.03406034,-0.01636093,0.04082365,0.625,0.625,"[3, 5]",0.625,False,0.2392483,0.05158345,0.2004629,True
30,3,9,FC4,0.0632904,-0.0632904,0.07160692,0.625,0.625,"[3, 5]",0.625,False,0.2392483,0.05158345,0.2004629,True
30,3,10,FT7,0.07602683,-0.05713923,0.08459995,0.625,0.625,"[3, 5]",0.625,False,0.2392483,0.05158345,0.2004629,True
30,3,11,FT8,0.06797136,0.00070692,0.08196251,0.625,0.625,"[3, 5]",0.625,False,0.2392483,0.05158345,0.2004629,True
30,3,12,Cz,0.06704874,0.06704874,0.09456319,0.625,0.625,"[3, 5]",0.625,False,0.2392483,0.05158345,0.2004629,True
30,3,13,C3,0.10520905,0.04174659,0.11114802,0.625,0.625,"[3, 5]",0.625,False,0.2392483,0.05158345,0.2004629,True
30,3,14,C4,0.09139536,-0.07476568,0.0974139,0.625,0.625,"[3, 5]",0.625,False,0.2392483,0.05158345,0.2004629,True
30,3,15,T3,0.13622776,0.13622776,0.14090173,0.625,0.625,"[3, 5]",0.625,False,0.2392483,0.05158345,0.2004629,True
30,3,16,T4,0.10952781,0.02340274,0.12310038,0.625,0.625,"[3, 5]",0.625,False,0.2392483,0.05158345,0.2004629,True
30,3,17,CP3,0.10348889,0.00881374,0.12521061,0.625,0.625,"[3, 5]",0.625,False,0.2392483,0.05158345,0.2004629,True
30,3,18,CP4,0.10593736,0.04639539,0.1206041,0.625,0.625,"[3, 5]",0.625,False,0.2392483,0.05158345,0.2004629,True
30,3,19,TP7,0.07900336,-0.02422176,0.09292599,0.625,0.625,"[3, 5]",0.625,False,0.2392483,0.05158345,0.2004629,True
30,3,20,TP8,0.08879164,-0.06129313,0.1088034,0.625,0.625,"[3, 5]",0.625,False,0.2392483,0.05158345,0.2004629,True
30,3,21,Pz,0.14885628,0.02307787,0.15072618,0.625,0.625,"[3, 5]",0.625,False,0.2392483,0.05158345,0.2004629,True
30,3,22,P3,0.09905256,0.09905256,0.11090553,0.625,0.625,"[3, 5]",0.625,False,0.2392483,0.05158345,0.2004629,True
30,3,23,P4,0.10206656,-0.08518651,0.11149538,0.625,0.625,"[3, 5]",0.625,False,0.2392483,0.05158345,0.2004629,True
30,3,24,T5,0.07796045,0.07006811,0.09208311,0.625,0.625,"[3, 5]",0.625,False,0.2392483,0.05158345,0.2004629,True
30,3,25,T6,0.06922027,-0.04005924,0.07446781,0.625,0.625,"[3, 5]",0.625,False,0.2392483,0.05158345,0.2004629,True
30,3,26,Oz,0.0815649,0.05217559,0.08762144,0.625,0.625,"[3, 5]",0.625,False,0.2392483,0.05158345,0.2004629,True
30,3,27,O1,0.12253904,0.07207256,0.13213669,0.625,0.625,"[3, 5]",0.625,False,0.2392483,0.05158345,0.2004629,True
30,3,28,O2,0.17357121,-0.00931547,0.17478773,0.625,0.625,"[3, 5]",0.625,False,0.2392483,0.05158345,0.2004629,True
30,4,0,Fp1,0.10971166,-0.10327773,0.12414093,0.875,0.875,"[5, 3]",0.625,False,0.23997187,0.05046986,0.20106917,True
30,4,1,Fp2,0.08564007,0.06243013,0.10708728,0.875,0.875,"[5, 3]",0.625,False,0.23997187,0.05046986,0.20106917,True
30,4,2,Fz,0.10936372,-0.10936372,0.12540004,0.875,0.875,"[5, 3]",0.625,False,0.23997187,0.05046986,0.20106917,True
30,4,3,F3,0.07770173,0.03007538,0.08031784,0.875,0.875,"[5, 3]",0.625,False,0.23997187,0.05046986,0.20106917,True
30,4,4,F4,0.10056338,0.01397132,0.10964973,0.875,0.875,"[5, 3]",0.625,False,0.23997187,0.05046986,0.20106917,True
30,4,5,F7,0.085029,0.07002996,0.094497,0.875,0.875,"[5, 3]",0.625,False,0.23997187,0.05046986,0.20106917,True
30,4,6,F8,0.07643063,-0.04442132,0.07835322,0.875,0.875,"[5, 3]",0.625,False,0.23997187,0.05046986,0.20106917,True
30,4,7,FCz,0.11369554,0.11369554,0.12278238,0.875,0.875,"[5, 3]",0.625,False,0.23997187,0.05046986,0.20106917,True
30,4,8,FC3,0.04017705,-0.00156066,0.05422066,0.875,0.875,"[5, 3]",0.625,False,0.23997187,0.05046986,0.20106917,True
30,4,9,FC4,0.05515459,-0.05515459,0.06464521,0.875,0.875,"[5, 3]",0.625,False,0.23997187,0.05046986,0.20106917,True
30,4,10,FT7,0.08110497,-0.06064902,0.0885642,0.875,0.875,"[5, 3]",0.625,False,0.23997187,0.05046986,0.20106917,True
30,4,11,FT8,0.07506476,0.00935598,0.08448528,0.875,0.875,"[5, 3]",0.625,False,0.23997187,0.05046986,0.20106917,True
30,4,12,Cz,0.06538291,0.06538291,0.09016182,0.875,0.875,"[5, 3]",0.625,False,0.23997187,0.05046986,0.20106917,True
30,4,13,C3,0.10864095,0.04933436,0.11232986,0.875,0.875,"[5, 3]",0.625,False,0.23997187,0.05046986,0.20106917,True
30,4,14,C4,0.10782154,-0.0904507,0.11727267,0.875,0.875,"[5, 3]",0.625,False,0.23997187,0.05046986,0.20106917,True
30,4,15,T3,0.11966784,0.11966784,0.12311647,0.875,0.875,"[5, 3]",0.625,False,0.23997187,0.05046986,0.20106917,True
30,4,16,T4,0.11893604,0.00660587,0.12744065,0.875,0.875,"[5, 3]",0.625,False,0.23997187,0.05046986,0.20106917,True
30,4,17,CP3,0.11083767,0.03165602,0.12111632,0.875,0.875,"[5, 3]",0.625,False,0.23997187,0.05046986,0.20106917,True
30,4,18,CP4,0.0983237,0.0364271,0.11717676,0.875,0.875,"[5, 3]",0.625,False,0.23997187,0.05046986,0.20106917,True
30,4,19,TP7,0.080384,-0.02030756,0.09427887,0.875,0.875,"[5, 3]",0.625,False,0.23997187,0.05046986,0.20106917,True
30,4,20,TP8,0.09749644,-0.06605029,0.12038761,0.875,0.875,"[5, 3]",0.625,False,0.23997187,0.05046986,0.20106917,True
30,4,21,Pz,0.13168907,0.02250273,0.13407069,0.875,0.875,"[5, 3]",0.625,False,0.23997187,0.05046986,0.20106917,True
30,4,22,P3,0.11020038,0.11020038,0.12003801,0.875,0.875,"[5, 3]",0.625,False,0.23997187,0.05046986,0.20106917,True
30,4,23,P4,0.10572542,-0.07885468,0.11010443,0.875,0.875,"[5, 3]",0.625,False,0.23997187,0.05046986,0.20106917,True
30,4,24,T5,0.07912032,0.07065149,0.08848743,0.875,0.875,"[5, 3]",0.625,False,0.23997187,0.05046986,0.20106917,True
30,4,25,T6,0.07896389,-0.04710416,0.08330092,0.875,0.875,"[5, 3]",0.625,False,0.23997187,0.05046986,0.20106917,True
30,4,26,Oz,0.08008379,0.05321229,0.08523092,0.875,0.875,"[5, 3]",0.625,False,0.23997187,0.05046986,0.20106917,True
30,4,27,O1,0.12528497,0.06887222,0.1365837,0.875,0.875,"[5, 3]",0.625,False,0.23997187,0.05046986,0.20106917,True
30,4,28,O2,0.17056032,-0.02827809,0.17330544,0.875,0.875,"[5, 3]",0.625,False,0.23997187,0.05046986,0.20106917,True
30,5,0,Fp1,0.10967909,-0.09666044,0.12288585,0.5,0.5,"[0, 8]",1.0,True,0.01314738,0.00211365,0.01101601,True
30,5,1,Fp2,0.07679835,0.06044075,0.09425978,0.5,0.5,"[0, 8]",1.0,True,0.01314738,0.00211365,0.01101601,True
30,5,2,Fz,0.10461442,-0.09873214,0.11805796,0.5,0.5,"[0, 8]",1.0,True,0.01314738,0.00211365,0.01101601,True
30,5,3,F3,0.08800978,0.02692554,0.09496015,0.5,0.5,"[0, 8]",1.0,True,0.01314738,0.00211365,0.01101601,True
30,5,4,F4,0.09837598,0.01240873,0.10874918,0.5,0.5,"[0, 8]",1.0,True,0.01314738,0.00211365,0.01101601,True
30,5,5,F7,0.08308086,0.08119757,0.09696128,0.5,0.5,"[0, 8]",1.0,True,0.01314738,0.00211365,0.01101601,True
30,5,6,F8,0.07759683,-0.02937399,0.07859345,0.5,0.5,"[0, 8]",1.0,True,0.01314738,0.00211365,0.01101601,True
30,5,7,FCz,0.09912533,0.09912533,0.11483151,0.5,0.5,"[0, 8]",1.0,True,0.01314738,0.00211365,0.01101601,True
30,5,8,FC3,0.03039964,0.0059679,0.03671511,0.5,0.5,"[0, 8]",1.0,True,0.01314738,0.00211365,0.01101601,True
30,5,9,FC4,0.05786365,-0.05786365,0.07665994,0.5,0.5,"[0, 8]",1.0,True,0.01314738,0.00211365,0.01101601,True
30,5,10,FT7,0.09066952,-0.05849659,0.10434502,0.5,0.5,"[0, 8]",1.0,True,0.01314738,0.00211365,0.01101601,True
30,5,11,FT8,0.08007248,-0.00349212,0.09676082,0.5,0.5,"[0, 8]",1.0,True,0.01314738,0.00211365,0.01101601,True
30,5,12,Cz,0.07722751,0.07496388,0.09239591,0.5,0.5,"[0, 8]",1.0,True,0.01314738,0.00211365,0.01101601,True
30,5,13,C3,0.11542419,0.07165725,0.11745688,0.5,0.5,"[0, 8]",1.0,True,0.01314738,0.00211365,0.01101601,True
30,5,14,C4,0.08684501,-0.07570995,0.09711447,0.5,0.5,"[0, 8]",1.0,True,0.01314738,0.00211365,0.01101601,True
30,5,15,T3,0.12605709,0.12605709,0.13130441,0.5,0.5,"[0, 8]",1.0,True,0.01314738,0.00211365,0.01101601,True
30,5,16,T4,0.12307852,0.01266441,0.13519885,0.5,0.5,"[0, 8]",1.0,True,0.01314738,0.00211365,0.01101601,True
30,5,17,CP3,0.1204394,0.032153,0.13899161,0.5,0.5,"[0, 8]",1.0,True,0.01314738,0.00211365,0.01101601,True
30,5,18,CP4,0.11133566,0.0358622,0.12763681,0.5,0.5,"[0, 8]",1.0,True,0.01314738,0.00211365,0.01101601,True
30,5,19,TP7,0.08393387,-0.01789928,0.09374269,0.5,0.5,"[0, 8]",1.0,True,0.01314738,0.00211365,0.01101601,True
30,5,20,TP8,0.08822975,-0.05852472,0.10714167,0.5,0.5,"[0, 8]",1.0,True,0.01314738,0.00211365,0.01101601,True
30,5,21,Pz,0.15353678,0.00627578,0.1537029,0.5,0.5,"[0, 8]",1.0,True,0.01314738,0.00211365,0.01101601,True
30,5,22,P3,0.10848065,0.10848065,0.11777217,0.5,0.5,"[0, 8]",1.0,True,0.01314738,0.00211365,0.01101601,True
30,5,23,P4,0.10460425,-0.09273901,0.11643632,0.5,0.5,"[0, 8]",1.0,True,0.01314738,0.00211365,0.01101601,True
30,5,24,T5,0.10556361,0.0743285,0.11493814,0.5,0.5,"[0, 8]",1.0,True,0.01314738,0.00211365,0.01101601,True
30,5,25,T6,0.08106973,-0.06126676,0.09168753,0.5,0.5,"[0, 8]",1.0,True,0.01314738,0.00211365,0.01101601,True
30,5,26,Oz,0.07921665,0.0433807,0.08155379,0.5,0.5,"[0, 8]",1.0,True,0.01314738,0.00211365,0.01101601,True
30,5,27,O1,0.12239274,0.05566502,0.13242701,0.5,0.5,"[0, 8]",1.0,True,0.01314738,0.00211365,0.01101601,True
30,5,28,O2,0.14441319,-0.02259642,0.1468889,0.5,0.5,"[0, 8]",1.0,True,0.01314738,0.00211365,0.01101601,True
31,1,0,Fp1,0.10782655,-0.0906257,0.11775164,0.5,0.5,"[0, 8]",1.0,True,0.0987733,0.01877663,0.08276081,True
31,1,1,Fp2,0.08376408,0.0688099,0.10278419,0.5,0.5,"[0, 8]",1.0,True,0.0987733,0.01877663,0.08276081,True
31,1,2,Fz,0.09873036,-0.09089636,0.11074018,0.5,0.5,"[0, 8]",1.0,True,0.0987733,0.01877663,0.08276081,True
31,1,3,F3,0.09011207,0.03064469,0.09588887,0.5,0.5,"[0, 8]",1.0,True,0.0987733,0.01877663,0.08276081,True
31,1,4,F4,0.09874848,0.01426272,0.10937423,0.5,0.5,"[0, 8]",1.0,True,0.0987733,0.01877663,0.08276081,True
31,1,5,F7,0.08665088,0.08403371,0.10035279,0.5,0.5,"[0, 8]",1.0,True,0.0987733,0.01877663,0.08276081,True
31,1,6,F8,0.08141112,-0.02551711,0.08348493,0.5,0.5,"[0, 8]",1.0,True,0.0987733,0.01877663,0.08276081,True
31,1,7,FCz,0.10152743,0.10152743,0.1164144,0.5,0.5,"[0, 8]",1.0,True,0.0987733,0.01877663,0.08276081,True
31,1,8,FC3,0.03400155,0.00926875,0.03771297,0.5,0.5,"[0, 8]",1.0,True,0.0987733,0.01877663,0.08276081,True
31,1,9,FC4,0.05756229,-0.05756229,0.0719727,0.5,0.5,"[0, 8]",1.0,True,0.0987733,0.01877663,0.08276081,True
31,1,10,FT7,0.09247172,-0.06500459,0.10660343,0.5,0.5,"[0, 8]",1.0,True,0.0987733,0.01877663,0.08276081,True
31,1,11,FT8,0.07647222,-0.00538869,0.08988824,0.5,0.5,"[0, 8]",1.0,True,0.0987733,0.01877663,0.08276081,True
31,1,12,Cz,0.07762018,0.07762018,0.08998366,0.5,0.5,"[0, 8]",1.0,True,0.0987733,0.01877663,0.08276081,True
31,1,13,C3,0.12289023,0.079736,0.12566493,0.5,0.5,"[0, 8]",1.0,True,0.0987733,0.01877663,0.08276081,True
31,1,14,C4,0.07632729,-0.0648926,0.08560211,0.5,0.5,"[0, 8]",1.0,True,0.0987733,0.01877663,0.08276081,True
31,1,15,T3,0.12048569,0.12048569,0.12690587,0.5,0.5,"[0, 8]",1.0,True,0.0987733,0.01877663,0.08276081,True
31,1,16,T4,0.11972791,0.01057196,0.13615344,0.5,0.5,"[0, 8]",1.0,True,0.0987733,0.01877663,0.08276081,True
31,1,17,CP3,0.12020852,0.02738242,0.13654372,0.5,0.5,"[0, 8]",1.0,True,0.0987733,0.01877663,0.08276081,True
31,1,18,CP4,0.11479121,0.0375616,0.13036525,0.5,0.5,"[0, 8]",1.0,True,0.0987733,0.01877663,0.08276081,True
31,1,19,TP7,0.08610847,-0.02751642,0.09621897,0.5,0.5,"[0, 8]",1.0,True,0.0987733,0.01877663,0.08276081,True
31,1,20,TP8,0.09162569,-0.06505136,0.11442325,0.5,0.5,"[0, 8]",1.0,True,0.0987733,0.01877663,0.08276081,True
31,1,21,Pz,0.16136919,0.00556607,0.16165495,0.5,0.5,"[0, 8]",1.0,True,0.0987733,0.01877663,0.08276081,True
31,1,22,P3,0.10374655,0.10374655,0.11101771,0.5,0.5,"[0, 8]",1.0,True,0.0987733,0.01877663,0.08276081,True
31,1,23,P4,0.09816429,-0.0937048,0.11349051,0.5,0.5,"[0, 8]",1.0,True,0.0987733,0.01877663,0.08276081,True
31,1,24,T5,0.09967269,0.06102905,0.1074596,0.5,0.5,"[0, 8]",1.0,True,0.0987733,0.01877663,0.08276081,True
31,1,25,T6,0.08670582,-0.06717359,0.09854621,0.5,0.5,"[0, 8]",1.0,True,0.0987733,0.01877663,0.08276081,True
31,1,26,Oz,0.07237601,0.0379474,0.07493655,0.5,0.5,"[0, 8]",1.0,True,0.0987733,0.01877663,0.08276081,True
31,1,27,O1,0.12281153,0.05211195,0.1357398,0.5,0.5,"[0, 8]",1.0,True,0.0987733,0.01877663,0.08276081,True
31,1,28,O2,0.15058093,-0.02770684,0.15380126,0.5,0.5,"[0, 8]",1.0,True,0.0987733,0.01877663,0.08276081,True
31,2,0,Fp1,0.10977116,-0.09518218,0.12207095,0.5,0.5,"[0, 8]",1.0,True,0.01363506,0.00219671,0.01142463,True
31,2,1,Fp2,0.07848093,0.06254876,0.09630023,0.5,0.5,"[0, 8]",1.0,True,0.01363506,0.00219671,0.01142463,True
31,2,2,Fz,0.10366135,-0.09756701,0.11685643,0.5,0.5,"[0, 8]",1.0,True,0.01363506,0.00219671,0.01142463,True
31,2,3,F3,0.08776796,0.02792141,0.09461667,0.5,0.5,"[0, 8]",1.0,True,0.01363506,0.00219671,0.01142463,True
31,2,4,F4,0.09815319,0.01297173,0.10823108,0.5,0.5,"[0, 8]",1.0,True,0.01363506,0.00219671,0.01142463,True
31,2,5,F7,0.08394926,0.08177372,0.09777957,0.5,0.5,"[0, 8]",1.0,True,0.01363506,0.00219671,0.01142463,True
31,2,6,F8,0.0788951,-0.03003685,0.07982346,0.5,0.5,"[0, 8]",1.0,True,0.01363506,0.00219671,0.01142463,True
31,2,7,FCz,0.09960007,0.09960007,0.11466348,0.5,0.5,"[0, 8]",1.0,True,0.01363506,0.00219671,0.01142463,True
31,2,8,FC3,0.03215181,0.00695561,0.03841994,0.5,0.5,"[0, 8]",1.0,True,0.01363506,0.00219671,0.01142463,True
31,2,9,FC4,0.0582333,-0.0582333,0.07579612,0.5,0.5,"[0, 8]",1.0,True,0.01363506,0.00219671,0.01142463,True
31,2,10,FT7,0.09016129,-0.05812135,0.10418924,0.5,0.5,"[0, 8]",1.0,True,0.01363506,0.00219671,0.01142463,True
31,2,11,FT8,0.07938369,-0.00411591,0.09605121,0.5,0.5,"[0, 8]",1.0,True,0.01363506,0.00219671,0.01142463,True
31,2,12,Cz,0.07664865,0.07628287,0.09245553,0.5,0.5,"[0, 8]",1.0,True,0.01363506,0.00219671,0.01142463,True
31,2,13,C3,0.11583613,0.07421381,0.11825573,0.5,0.5,"[0, 8]",1.0,True,0.01363506,0.00219671,0.01142463,True
31,2,14,C4,0.08552662,-0.07393633,0.09559213,0.5,0.5,"[0, 8]",1.0,True,0.01363506,0.00219671,0.01142463,True
31,2,15,T3,0.12630728,0.12630728,0.13157928,0.5,0.5,"[0, 8]",1.0,True,0.01363506,0.00219671,0.01142463,True
31,2,16,T4,0.12195595,0.01242096,0.13469727,0.5,0.5,"[0, 8]",1.0,True,0.01363506,0.00219671,0.01142463,True
31,2,17,CP3,0.12145172,0.03254447,0.13959856,0.5,0.5,"[0, 8]",1.0,True,0.01363506,0.00219671,0.01142463,True
31,2,18,CP4,0.11057813,0.03437132,0.12687419,0.5,0.5,"[0, 8]",1.0,True,0.01363506,0.00219671,0.01142463,True
31,2,19,TP7,0.08468272,-0.01974954,0.09447883,0.5,0.5,"[0, 8]",1.0,True,0.01363506,0.00219671,0.01142463,True
31,2,20,TP8,0.08929445,-0.05995498,0.10880612,0.5,0.5,"[0, 8]",1.0,True,0.01363506,0.00219671,0.01142463,True
31,2,21,Pz,0.15355657,0.00645638,0.15372625,0.5,0.5,"[0, 8]",1.0,True,0.01363506,0.00219671,0.01142463,True
31,2,22,P3,0.10797772,0.10797772,0.11681317,0.5,0.5,"[0, 8]",1.0,True,0.01363506,0.00219671,0.01142463,True
31,2,23,P4,0.1050671,-0.09303007,0.11700693,0.5,0.5,"[0, 8]",1.0,True,0.01363506,0.00219671,0.01142463,True
31,2,24,T5,0.10481399,0.07253152,0.11418636,0.5,0.5,"[0, 8]",1.0,True,0.01363506,0.00219671,0.01142463,True
31,2,25,T6,0.08103259,-0.0630447,0.09292763,0.5,0.5,"[0, 8]",1.0,True,0.01363506,0.00219671,0.01142463,True
31,2,26,Oz,0.07751578,0.04181527,0.08017115,0.5,0.5,"[0, 8]",1.0,True,0.01363506,0.00219671,0.01142463,True
31,2,27,O1,0.12195627,0.05543114,0.13265781,0.5,0.5,"[0, 8]",1.0,True,0.01363506,0.00219671,0.01142463,True
31,2,28,O2,0.14395642,-0.02416496,0.14676428,0.5,0.5,"[0, 8]",1.0,True,0.01363506,0.00219671,0.01142463,True
31,3,0,Fp1,0.10933979,-0.09476602,0.12184361,0.5,0.5,"[0, 8]",1.0,True,0.01340117,0.00228874,0.01122866,True
31,3,1,Fp2,0.07828988,0.06207717,0.09545812,0.5,0.5,"[0, 8]",1.0,True,0.01340117,0.00228874,0.01122866,True
31,3,2,Fz,0.10317913,-0.09709881,0.11625355,0.5,0.5,"[0, 8]",1.0,True,0.01340117,0.00228874,0.01122866,True
31,3,3,F3,0.0880694,0.02833123,0.09483134,0.5,0.5,"[0, 8]",1.0,True,0.01340117,0.00228874,0.01122866,True
31,3,4,F4,0.09882298,0.01339686,0.10887263,0.5,0.5,"[0, 8]",1.0,True,0.01340117,0.00228874,0.01122866,True
31,3,5,F7,0.08437718,0.08295506,0.09855374,0.5,0.5,"[0, 8]",1.0,True,0.01340117,0.00228874,0.01122866,True
31,3,6,F8,0.07776155,-0.0286679,0.07886195,0.5,0.5,"[0, 8]",1.0,True,0.01340117,0.00228874,0.01122866,True
31,3,7,FCz,0.09937826,0.09937826,0.11442783,0.5,0.5,"[0, 8]",1.0,True,0.01340117,0.00228874,0.01122866,True
31,3,8,FC3,0.03135096,0.00663802,0.03730696,0.5,0.5,"[0, 8]",1.0,True,0.01340117,0.00228874,0.01122866,True
31,3,9,FC4,0.05756075,-0.05756075,0.07596904,0.5,0.5,"[0, 8]",1.0,True,0.01340117,0.00228874,0.01122866,True
31,3,10,FT7,0.09044579,-0.05801163,0.10432218,0.5,0.5,"[0, 8]",1.0,True,0.01340117,0.00228874,0.01122866,True
31,3,11,FT8,0.07979877,-0.00313047,0.09663324,0.5,0.5,"[0, 8]",1.0,True,0.01340117,0.00228874,0.01122866,True
31,3,12,Cz,0.07624856,0.07587972,0.09218839,0.5,0.5,"[0, 8]",1.0,True,0.01340117,0.00228874,0.01122866,True
31,3,13,C3,0.11558412,0.07370639,0.11795257,0.5,0.5,"[0, 8]",1.0,True,0.01340117,0.00228874,0.01122866,True
31,3,14,C4,0.08515151,-0.07395527,0.09529377,0.5,0.5,"[0, 8]",1.0,True,0.01340117,0.00228874,0.01122866,True
31,3,15,T3,0.12606318,0.12606318,0.13120466,0.5,0.5,"[0, 8]",1.0,True,0.01340117,0.00228874,0.01122866,True
31,3,16,T4,0.12189842,0.01288389,0.13488114,0.5,0.5,"[0, 8]",1.0,True,0.01340117,0.00228874,0.01122866,True
31,3,17,CP3,0.12109875,0.03227208,0.13920563,0.5,0.5,"[0, 8]",1.0,True,0.01340117,0.00228874,0.01122866,True
31,3,18,CP4,0.11093828,0.034126,0.12739508,0.5,0.5,"[0, 8]",1.0,True,0.01340117,0.00228874,0.01122866,True
31,3,19,TP7,0.08462892,-0.01992547,0.09485665,0.5,0.5,"[0, 8]",1.0,True,0.01340117,0.00228874,0.01122866,True
31,3,20,TP8,0.08998097,-0.05991644,0.10936785,0.5,0.5,"[0, 8]",1.0,True,0.01340117,0.00228874,0.01122866,True
31,3,21,Pz,0.15300564,0.00564566,0.15314722,0.5,0.5,"[0, 8]",1.0,True,0.01340117,0.00228874,0.01122866,True
31,3,22,P3,0.10690595,0.10690595,0.1158334,0.5,0.5,"[0, 8]",1.0,True,0.01340117,0.00228874,0.01122866,True
31,3,23,P4,0.10525405,-0.0940532,0.11759727,0.5,0.5,"[0, 8]",1.0,True,0.01340117,0.00228874,0.01122866,True
31,3,24,T5,0.10452043,0.0718601,0.11379112,0.5,0.5,"[0, 8]",1.0,True,0.01340117,0.00228874,0.01122866,True
31,3,25,T6,0.08159677,-0.06311111,0.09290528,0.5,0.5,"[0, 8]",1.0,True,0.01340117,0.00228874,0.01122866,True
31,3,26,Oz,0.07699744,0.04163164,0.0794978,0.5,0.5,"[0, 8]",1.0,True,0.01340117,0.00228874,0.01122866,True
31,3,27,O1,0.12194806,0.05524735,0.13240001,0.5,0.5,"[0, 8]",1.0,True,0.01340117,0.00228874,0.01122866,True
31,3,28,O2,0.14383951,-0.02462961,0.14670268,0.5,0.5,"[0, 8]",1.0,True,0.01340117,0.00228874,0.01122866,True
31,4,0,Fp1,0.10934404,-0.09462947,0.12091564,0.5,0.5,"[0, 8]",1.0,True,0.04660901,0.00870754,0.03905305,True
31,4,1,Fp2,0.07919715,0.06372742,0.09731795,0.5,0.5,"[0, 8]",1.0,True,0.04660901,0.00870754,0.03905305,True
31,4,2,Fz,0.10244144,-0.09515373,0.11492735,0.5,0.5,"[0, 8]",1.0,True,0.04660901,0.00870754,0.03905305,True
31,4,3,F3,0.08902682,0.03186415,0.09548183,0.5,0.5,"[0, 8]",1.0,True,0.04660901,0.00870754,0.03905305,True
31,4,4,F4,0.09976465,0.01471669,0.10985068,0.5,0.5,"[0, 8]",1.0,True,0.04660901,0.00870754,0.03905305,True
31,4,5,F7,0.08734825,0.08519365,0.10134715,0.5,0.5,"[0, 8]",1.0,True,0.04660901,0.00870754,0.03905305,True
31,4,6,F8,0.07978278,-0.02899342,0.08114757,0.5,0.5,"[0, 8]",1.0,True,0.04660901,0.00870754,0.03905305,True
31,4,7,FCz,0.09992105,0.09992105,0.11409794,0.5,0.5,"[0, 8]",1.0,True,0.04660901,0.00870754,0.03905305,True
31,4,8,FC3,0.03442855,0.0091494,0.03934879,0.5,0.5,"[0, 8]",1.0,True,0.04660901,0.00870754,0.03905305,True
31,4,9,FC4,0.05802424,-0.05802424,0.07475115,0.5,0.5,"[0, 8]",1.0,True,0.04660901,0.00870754,0.03905305,True
31,4,10,FT7,0.09064479,-0.05902131,0.1038954,0.5,0.5,"[0, 8]",1.0,True,0.04660901,0.00870754,0.03905305,True
31,4,11,FT8,0.07842965,-0.00482012,0.09423051,0.5,0.5,"[0, 8]",1.0,True,0.04660901,0.00870754,0.03905305,True
31,4,12,Cz,0.07643755,0.07643755,0.09052962,0.5,0.5,"[0, 8]",1.0,True,0.04660901,0.00870754,0.03905305,True
31,4,13,C3,0.11824362,0.07674168,0.120882,0.5,0.5,"[0, 8]",1.0,True,0.04660901,0.00870754,0.03905305,True
31,4,14,C4,0.08516674,-0.07104369,0.09436986,0.5,0.5,"[0, 8]",1.0,True,0.04660901,0.00870754,0.03905305,True
31,4,15,T3,0.12480459,0.12480459,0.13051991,0.5,0.5,"[0, 8]",1.0,True,0.04660901,0.00870754,0.03905305,True
31,4,16,T4,0.12371206,0.0126032,0.13727832,0.5,0.5,"[0, 8]",1.0,True,0.04660901,0.00870754,0.03905305,True
31,4,17,CP3,0.11999346,0.03283245,0.13758823,0.5,0.5,"[0, 8]",1.0,True,0.04660901,0.00870754,0.03905305,True
31,4,18,CP4,0.11188255,0.0351311,0.12827259,0.5,0.5,"[0, 8]",1.0,True,0.04660901,0.00870754,0.03905305,True
31,4,19,TP7,0.08623692,-0.02174768,0.09579207,0.5,0.5,"[0, 8]",1.0,True,0.04660901,0.00870754,0.03905305,True
31,4,20,TP8,0.08983672,-0.0607193,0.11020385,0.5,0.5,"[0, 8]",1.0,True,0.04660901,0.00870754,0.03905305,True
31,4,21,Pz,0.15625276,0.00469762,0.15636389,0.5,0.5,"[0, 8]",1.0,True,0.04660901,0.00870754,0.03905305,True
31,4,22,P3,0.10481377,0.10481377,0.11368817,0.5,0.5,"[0, 8]",1.0,True,0.04660901,0.00870754,0.03905305,True
31,4,23,P4,0.10579237,-0.09494018,0.1184692,0.5,0.5,"[0, 8]",1.0,True,0.04660901,0.00870754,0.03905305,True
31,4,24,T5,0.10297766,0.06875747,0.11168686,0.5,0.5,"[0, 8]",1.0,True,0.04660901,0.00870754,0.03905305,True
31,4,25,T6,0.08262254,-0.06458879,0.09513862,0.5,0.5,"[0, 8]",1.0,True,0.04660901,0.00870754,0.03905305,True
31,4,26,Oz,0.07461953,0.03973223,0.07734779,0.5,0.5,"[0, 8]",1.0,True,0.04660901,0.00870754,0.03905305,True
31,4,27,O1,0.1204188,0.05293295,0.13210042,0.5,0.5,"[0, 8]",1.0,True,0.04660901,0.00870754,0.03905305,True
31,4,28,O2,0.14451432,-0.02585147,0.14774986,0.5,0.5,"[0, 8]",1.0,True,0.04660901,0.00870754,0.03905305,True
31,5,0,Fp1,0.11042523,-0.09628408,0.12313003,0.5,0.5,"[0, 8]",1.0,True,0.01038936,0.00214435,0.0087051,True
31,5,1,Fp2,0.07771351,0.061563,0.09524325,0.5,0.5,"[0, 8]",1.0,True,0.01038936,0.00214435,0.0087051,True
31,5,2,Fz,0.10414971,-0.09820526,0.11749473,0.5,0.5,"[0, 8]",1.0,True,0.01038936,0.00214435,0.0087051,True
31,5,3,F3,0.08793813,0.02763527,0.09452676,0.5,0.5,"[0, 8]",1.0,True,0.01038936,0.00214435,0.0087051,True
31,5,4,F4,0.09791549,0.01283443,0.10789853,0.5,0.5,"[0, 8]",1.0,True,0.01038936,0.00214435,0.0087051,True
31,5,5,F7,0.08393071,0.08136767,0.09744022,0.5,0.5,"[0, 8]",1.0,True,0.01038936,0.00214435,0.0087051,True
31,5,6,F8,0.07861356,-0.02925578,0.07971314,0.5,0.5,"[0, 8]",1.0,True,0.01038936,0.00214435,0.0087051,True
31,5,7,FCz,0.09932372,0.09932372,0.11439688,0.5,0.5,"[0, 8]",1.0,True,0.01038936,0.00214435,0.0087051,True
31,5,8,FC3,0.03152451,0.00640415,0.03831514,0.5,0.5,"[0, 8]",1.0,True,0.01038936,0.00214435,0.0087051,True
31,5,9,FC4,0.05746459,-0.05746459,0.07546195,0.5,0.5,"[0, 8]",1.0,True,0.01038936,0.00214435,0.0087051,True
31,5,10,FT7,0.09043318,-0.05855109,0.10399767,0.5,0.5,"[0, 8]",1.0,True,0.01038936,0.00214435,0.0087051,True
31,5,11,FT8,0.07900222,-0.00337995,0.09620357,0.5,0.5,"[0, 8]",1.0,True,0.01038936,0.00214435,0.0087051,True
31,5,12,Cz,0.07645197,0.07588434,0.09209154,0.5,0.5,"[0, 8]",1.0,True,0.01038936,0.00214435,0.0087051,True
31,5,13,C3,0.11553277,0.07313433,0.1178214,0.5,0.5,"[0, 8]",1.0,True,0.01038936,0.00214435,0.0087051,True
31,5,14,C4,0.08571826,-0.07432696,0.09581488,0.5,0.5,"[0, 8]",1.0,True,0.01038936,0.00214435,0.0087051,True
31,5,15,T3,0.12644538,0.12644538,0.13170408,0.5,0.5,"[0, 8]",1.0,True,0.01038936,0.00214435,0.0087051,True
31,5,16,T4,0.12178189,0.01353756,0.13448733,0.5,0.5,"[0, 8]",1.0,True,0.01038936,0.00214435,0.0087051,True
31,5,17,CP3,0.1216803,0.03298188,0.13971996,0.5,0.5,"[0, 8]",1.0,True,0.01038936,0.00214435,0.0087051,True
31,5,18,CP4,0.11078758,0.03484505,0.12726669,0.5,0.5,"[0, 8]",1.0,True,0.01038936,0.00214435,0.0087051,True
31,5,19,TP7,0.08453951,-0.01878319,0.09430657,0.5,0.5,"[0, 8]",1.0,True,0.01038936,0.00214435,0.0087051,True
31,5,20,TP8,0.0888522,-0.05911539,0.10792553,0.5,0.5,"[0, 8]",1.0,True,0.01038936,0.00214435,0.0087051,True
31,5,21,Pz,0.15351489,0.00703335,0.15371716,0.5,0.5,"[0, 8]",1.0,True,0.01038936,0.00214435,0.0087051,True
31,5,22,P3,0.10817803,0.10817803,0.11711019,0.5,0.5,"[0, 8]",1.0,True,0.01038936,0.00214435,0.0087051,True
31,5,23,P4,0.10431292,-0.09314997,0.11645984,0.5,0.5,"[0, 8]",1.0,True,0.01038936,0.00214435,0.0087051,True
31,5,24,T5,0.10444999,0.07281943,0.11397321,0.5,0.5,"[0, 8]",1.0,True,0.01038936,0.00214435,0.0087051,True
31,5,25,T6,0.08090785,-0.0627349,0.09261431,0.5,0.5,"[0, 8]",1.0,True,0.01038936,0.00214435,0.0087051,True
31,5,26,Oz,0.07671721,0.04168532,0.0792178,0.5,0.5,"[0, 8]",1.0,True,0.01038936,0.00214435,0.0087051,True
31,5,27,O1,0.12203611,0.05593074,0.13236871,0.5,0.5,"[0, 8]",1.0,True,0.01038936,0.00214435,0.0087051,True
31,5,28,O2,0.1447261,-0.02415333,0.14744082,0.5,0.5,"[0, 8]",1.0,True,0.01038936,0.00214435,0.0087051,True
32,1,0,Fp1,0.10847966,-0.10729188,0.12694435,0.5,0.5,"[4, 4]",0.5,False,0.5007473,0.11378011,0.41956936,True
32,1,1,Fp2,0.07666041,0.07666041,0.09719303,0.5,0.5,"[4, 4]",0.5,False,0.5007473,0.11378011,0.41956936,True
32,1,2,Fz,0.06631137,-0.06393263,0.07758923,0.5,0.5,"[4, 4]",0.5,False,0.5007473,0.11378011,0.41956936,True
32,1,3,F3,0.06333777,-0.00475192,0.08263353,0.5,0.5,"[4, 4]",0.5,False,0.5007473,0.11378011,0.41956936,True
32,1,4,F4,0.08188773,0.00973886,0.09244838,0.5,0.5,"[4, 4]",0.5,False,0.5007473,0.11378011,0.41956936,True
32,1,5,F7,0.12658632,0.12658632,0.13548131,0.5,0.5,"[4, 4]",0.5,False,0.5007473,0.11378011,0.41956936,True
32,1,6,F8,0.04856557,-0.01454326,0.05385828,0.5,0.5,"[4, 4]",0.5,False,0.5007473,0.11378011,0.41956936,True
32,1,7,FCz,0.09411649,0.09411649,0.09751812,0.5,0.5,"[4, 4]",0.5,False,0.5007473,0.11378011,0.41956936,True
32,1,8,FC3,0.05277077,0.05277077,0.06874326,0.5,0.5,"[4, 4]",0.5,False,0.5007473,0.11378011,0.41956936,True
32,1,9,FC4,0.06047817,-0.03283587,0.07352333,0.5,0.5,"[4, 4]",0.5,False,0.5007473,0.11378011,0.41956936,True
32,1,10,FT7,0.11189571,-0.07194811,0.1176491,0.5,0.5,"[4, 4]",0.5,False,0.5007473,0.11378011,0.41956936,True
32,1,11,FT8,0.06561854,0.0177581,0.07389725,0.5,0.5,"[4, 4]",0.5,False,0.5007473,0.11378011,0.41956936,True
32,1,12,Cz,0.07659852,0.07659852,0.08179943,0.5,0.5,"[4, 4]",0.5,False,0.5007473,0.11378011,0.41956936,True
32,1,13,C3,0.08784848,0.07113953,0.10717507,0.5,0.5,"[4, 4]",0.5,False,0.5007473,0.11378011,0.41956936,True
32,1,14,C4,0.06210625,-0.0208872,0.06437816,0.5,0.5,"[4, 4]",0.5,False,0.5007473,0.11378011,0.41956936,True
32,1,15,T3,0.11494711,0.11494711,0.1213064,0.5,0.5,"[4, 4]",0.5,False,0.5007473,0.11378011,0.41956936,True
32,1,16,T4,0.09304428,0.02132654,0.11208999,0.5,0.5,"[4, 4]",0.5,False,0.5007473,0.11378011,0.41956936,True
32,1,17,CP3,0.12161875,0.00353368,0.13226056,0.5,0.5,"[4, 4]",0.5,False,0.5007473,0.11378011,0.41956936,True
32,1,18,CP4,0.12844908,0.03163596,0.1532066,0.5,0.5,"[4, 4]",0.5,False,0.5007473,0.11378011,0.41956936,True
32,1,19,TP7,0.07492378,0.01982707,0.07940042,0.5,0.5,"[4, 4]",0.5,False,0.5007473,0.11378011,0.41956936,True
32,1,20,TP8,0.10451934,-0.02559393,0.10837485,0.5,0.5,"[4, 4]",0.5,False,0.5007473,0.11378011,0.41956936,True
32,1,21,Pz,0.16496477,-0.05685259,0.17485994,0.5,0.5,"[4, 4]",0.5,False,0.5007473,0.11378011,0.41956936,True
32,1,22,P3,0.10420451,0.10420451,0.10588539,0.5,0.5,"[4, 4]",0.5,False,0.5007473,0.11378011,0.41956936,True
32,1,23,P4,0.0813165,-0.08083928,0.09407852,0.5,0.5,"[4, 4]",0.5,False,0.5007473,0.11378011,0.41956936,True
32,1,24,T5,0.05708363,0.01422699,0.05892626,0.5,0.5,"[4, 4]",0.5,False,0.5007473,0.11378011,0.41956936,True
32,1,25,T6,0.07848786,-0.07150308,0.10091029,0.5,0.5,"[4, 4]",0.5,False,0.5007473,0.11378011,0.41956936,True
32,1,26,Oz,0.05219113,0.02386365,0.05974326,0.5,0.5,"[4, 4]",0.5,False,0.5007473,0.11378011,0.41956936,True
32,1,27,O1,0.10252123,0.09197913,0.13584265,0.5,0.5,"[4, 4]",0.5,False,0.5007473,0.11378011,0.41956936,True
32,1,28,O2,0.18034023,-0.04519139,0.18600215,0.5,0.5,"[4, 4]",0.5,False,0.5007473,0.11378011,0.41956936,True
32,2,0,Fp1,0.09062266,-0.09062266,0.1089872,0.625,0.625,"[3, 5]",0.625,False,0.94823173,0.23351752,0.79451048,True
32,2,1,Fp2,0.06612438,0.04004507,0.0680107,0.625,0.625,"[3, 5]",0.625,False,0.94823173,0.23351752,0.79451048,True
32,2,2,Fz,0.09638409,-0.09638409,0.09980944,0.625,0.625,"[3, 5]",0.625,False,0.94823173,0.23351752,0.79451048,True
32,2,3,F3,0.03899838,-0.00410998,0.04481466,0.625,0.625,"[3, 5]",0.625,False,0.94823173,0.23351752,0.79451048,True
32,2,4,F4,0.11171415,-0.01007884,0.1406493,0.625,0.625,"[3, 5]",0.625,False,0.94823173,0.23351752,0.79451048,True
32,2,5,F7,0.10430549,0.10430549,0.11616897,0.625,0.625,"[3, 5]",0.625,False,0.94823173,0.23351752,0.79451048,True
32,2,6,F8,0.07760933,-0.01656482,0.08947697,0.625,0.625,"[3, 5]",0.625,False,0.94823173,0.23351752,0.79451048,True
32,2,7,FCz,0.13242468,0.13242468,0.14868474,0.625,0.625,"[3, 5]",0.625,False,0.94823173,0.23351752,0.79451048,True
32,2,8,FC3,0.08323777,0.08323777,0.09582225,0.625,0.625,"[3, 5]",0.625,False,0.94823173,0.23351752,0.79451048,True
32,2,9,FC4,0.10706212,0.07876301,0.11500341,0.625,0.625,"[3, 5]",0.625,False,0.94823173,0.23351752,0.79451048,True
32,2,10,FT7,0.04983678,0.00319205,0.06151852,0.625,0.625,"[3, 5]",0.625,False,0.94823173,0.23351752,0.79451048,True
32,2,11,FT8,0.05783383,-0.00105046,0.0743339,0.625,0.625,"[3, 5]",0.625,False,0.94823173,0.23351752,0.79451048,True
32,2,12,Cz,0.06003428,0.04046929,0.06989898,0.625,0.625,"[3, 5]",0.625,False,0.94823173,0.23351752,0.79451048,True
32,2,13,C3,0.05461326,0.04678963,0.06483966,0.625,0.625,"[3, 5]",0.625,False,0.94823173,0.23351752,0.79451048,True
32,2,14,C4,0.03646626,-0.01648735,0.03850969,0.625,0.625,"[3, 5]",0.625,False,0.94823173,0.23351752,0.79451048,True
32,2,15,T3,0.04428802,-0.0285642,0.05762546,0.625,0.625,"[3, 5]",0.625,False,0.94823173,0.23351752,0.79451048,True
32,2,16,T4,0.07065847,-0.00994298,0.09136107,0.625,0.625,"[3, 5]",0.625,False,0.94823173,0.23351752,0.79451048,True
32,2,17,CP3,0.12242204,-0.04040866,0.14785782,0.625,0.625,"[3, 5]",0.625,False,0.94823173,0.23351752,0.79451048,True
32,2,18,CP4,0.0896081,0.0115715,0.10446692,0.625,0.625,"[3, 5]",0.625,False,0.94823173,0.23351752,0.79451048,True
32,2,19,TP7,0.09929642,0.01938495,0.13590984,0.625,0.625,"[3, 5]",0.625,False,0.94823173,0.23351752,0.79451048,True
32,2,20,TP8,0.1509285,-0.124502,0.16787916,0.625,0.625,"[3, 5]",0.625,False,0.94823173,0.23351752,0.79451048,True
32,2,21,Pz,0.07931107,-0.01843269,0.08995968,0.625,0.625,"[3, 5]",0.625,False,0.94823173,0.23351752,0.79451048,True
32,2,22,P3,0.17573537,0.13021913,0.19231988,0.625,0.625,"[3, 5]",0.625,False,0.94823173,0.23351752,0.79451048,True
32,2,23,P4,0.12764667,-0.09022786,0.13942812,0.625,0.625,"[3, 5]",0.625,False,0.94823173,0.23351752,0.79451048,True
32,2,24,T5,0.09188356,-0.03950655,0.1048101,0.625,0.625,"[3, 5]",0.625,False,0.94823173,0.23351752,0.79451048,True
32,2,25,T6,0.06906225,-0.03887529,0.07980374,0.625,0.625,"[3, 5]",0.625,False,0.94823173,0.23351752,0.79451048,True
32,2,26,Oz,0.08648243,0.06905248,0.10545897,0.625,0.625,"[3, 5]",0.625,False,0.94823173,0.23351752,0.79451048,True
32,2,27,O1,0.13070557,0.05900102,0.16665693,0.625,0.625,"[3, 5]",0.625,False,0.94823173,0.23351752,0.79451048,True
32,2,28,O2,0.15690069,-0.01443105,0.16504969,0.625,0.625,"[3, 5]",0.625,False,0.94823173,0.23351752,0.79451048,True
32,3,0,Fp1,0.10544966,-0.10544966,0.11766919,0.625,0.625,"[3, 5]",0.625,False,0.64435405,0.19249564,0.5398955,True
32,3,1,Fp2,0.04799634,0.04799634,0.07837812,0.625,0.625,"[3, 5]",0.625,False,0.64435405,0.19249564,0.5398955,True
32,3,2,Fz,0.05701333,-0.04304165,0.06662773,0.625,0.625,"[3, 5]",0.625,False,0.64435405,0.19249564,0.5398955,True
32,3,3,F3,0.08530642,0.02002307,0.10311192,0.625,0.625,"[3, 5]",0.625,False,0.64435405,0.19249564,0.5398955,True
32,3,4,F4,0.07558008,0.01600076,0.09044563,0.625,0.625,"[3, 5]",0.625,False,0.64435405,0.19249564,0.5398955,True
32,3,5,F7,0.07997938,0.07997938,0.10167516,0.625,0.625,"[3, 5]",0.625,False,0.64435405,0.19249564,0.5398955,True
32,3,6,F8,0.0552957,-0.01627424,0.05685314,0.625,0.625,"[3, 5]",0.625,False,0.64435405,0.19249564,0.5398955,True
32,3,7,FCz,0.11421725,0.11421725,0.12599544,0.625,0.625,"[3, 5]",0.625,False,0.64435405,0.19249564,0.5398955,True
32,3,8,FC3,0.07241596,0.0493502,0.08415788,0.625,0.625,"[3, 5]",0.625,False,0.64435405,0.19249564,0.5398955,True
32,3,9,FC4,0.08247341,-0.01275785,0.10111108,0.625,0.625,"[3, 5]",0.625,False,0.64435405,0.19249564,0.5398955,True
32,3,10,FT7,0.13054611,-0.0524584,0.14323159,0.625,0.625,"[3, 5]",0.625,False,0.64435405,0.19249564,0.5398955,True
32,3,11,FT8,0.0594488,0.04902485,0.0998517,0.625,0.625,"[3, 5]",0.625,False,0.64435405,0.19249564,0.5398955,True
32,3,12,Cz,0.0818954,0.0818954,0.09727529,0.625,0.625,"[3, 5]",0.625,False,0.64435405,0.19249564,0.5398955,True
32,3,13,C3,0.07199838,0.02118218,0.10024702,0.625,0.625,"[3, 5]",0.625,False,0.64435405,0.19249564,0.5398955,True
32,3,14,C4,0.03628164,-0.03548232,0.04708599,0.625,0.625,"[3, 5]",0.625,False,0.64435405,0.19249564,0.5398955,True
32,3,15,T3,0.116393,0.116393,0.13326171,0.625,0.625,"[3, 5]",0.625,False,0.64435405,0.19249564,0.5398955,True
32,3,16,T4,0.10245898,0.01600374,0.129723,0.625,0.625,"[3, 5]",0.625,False,0.64435405,0.19249564,0.5398955,True
32,3,17,CP3,0.14562741,-0.02584906,0.15705845,0.625,0.625,"[3, 5]",0.625,False,0.64435405,0.19249564,0.5398955,True
32,3,18,CP4,0.11692285,0.03690293,0.15780117,0.625,0.625,"[3, 5]",0.625,False,0.64435405,0.19249564,0.5398955,True
32,3,19,TP7,0.0880425,-0.02264849,0.09635003,0.625,0.625,"[3, 5]",0.625,False,0.64435405,0.19249564,0.5398955,True
32,3,20,TP8,0.09621686,-0.05026507,0.11263008,0.625,0.625,"[3, 5]",0.625,False,0.64435405,0.19249564,0.5398955,True
32,3,21,Pz,0.12362251,-0.03027828,0.12772669,0.625,0.625,"[3, 5]",0.625,False,0.64435405,0.19249564,0.5398955,True
32,3,22,P3,0.10829222,0.09827594,0.12389025,0.625,0.625,"[3, 5]",0.625,False,0.64435405,0.19249564,0.5398955,True
32,3,23,P4,0.08602908,-0.08602908,0.09813474,0.625,0.625,"[3, 5]",0.625,False,0.64435405,0.19249564,0.5398955,True
32,3,24,T5,0.07188608,0.0172894,0.07912237,0.625,0.625,"[3, 5]",0.625,False,0.64435405,0.19249564,0.5398955,True
32,3,25,T6,0.08349894,-0.05466058,0.10488243,0.625,0.625,"[3, 5]",0.625,False,0.64435405,0.19249564,0.5398955,True
32,3,26,Oz,0.04103037,0.03226934,0.04908318,0.625,0.625,"[3, 5]",0.625,False,0.64435405,0.19249564,0.5398955,True
32,3,27,O1,0.11246489,0.08631277,0.13540503,0.625,0.625,"[3, 5]",0.625,False,0.64435405,0.19249564,0.5398955,True
32,3,28,O2,0.17927043,-0.03930109,0.18793464,0.625,0.625,"[3, 5]",0.625,False,0.64435405,0.19249564,0.5398955,True
32,4,0,Fp1,0.10969926,-0.09583988,0.12228984,0.5,0.5,"[2, 6]",0.75,False,0.01327425,0.00219029,0.01112231,True
32,4,1,Fp2,0.07780803,0.06135702,0.09519644,0.5,0.5,"[2, 6]",0.75,False,0.01327425,0.00219029,0.01112231,True
32,4,2,Fz,0.10313164,-0.09809677,0.11682221,0.5,0.5,"[2, 6]",0.75,False,0.01327425,0.00219029,0.01112231,True
32,4,3,F3,0.08838662,0.02789539,0.09524445,0.5,0.5,"[2, 6]",0.75,False,0.01327425,0.00219029,0.01112231,True
32,4,4,F4,0.09645307,0.01215292,0.10679533,0.5,0.5,"[2, 6]",0.75,False,0.01327425,0.00219029,0.01112231,True
32,4,5,F7,0.084802,0.082486,0.09864212,0.5,0.5,"[2, 6]",0.75,False,0.01327425,0.00219029,0.01112231,True
32,4,6,F8,0.07735487,-0.02935667,0.07833695,0.5,0.5,"[2, 6]",0.75,False,0.01327425,0.00219029,0.01112231,True
32,4,7,FCz,0.09884998,0.09884998,0.11380359,0.5,0.5,"[2, 6]",0.75,False,0.01327425,0.00219029,0.01112231,True
32,4,8,FC3,0.03113403,0.00675739,0.03741723,0.5,0.5,"[2, 6]",0.75,False,0.01327425,0.00219029,0.01112231,True
32,4,9,FC4,0.05770905,-0.05770905,0.07579905,0.5,0.5,"[2, 6]",0.75,False,0.01327425,0.00219029,0.01112231,True
32,4,10,FT7,0.09037155,-0.05762768,0.10437036,0.5,0.5,"[2, 6]",0.75,False,0.01327425,0.00219029,0.01112231,True
32,4,11,FT8,0.07914074,-0.00285848,0.09648584,0.5,0.5,"[2, 6]",0.75,False,0.01327425,0.00219029,0.01112231,True
32,4,12,Cz,0.07605838,0.07567591,0.09207954,0.5,0.5,"[2, 6]",0.75,False,0.01327425,0.00219029,0.01112231,True
32,4,13,C3,0.11625506,0.07277454,0.11840318,0.5,0.5,"[2, 6]",0.75,False,0.01327425,0.00219029,0.01112231,True
32,4,14,C4,0.08498567,-0.07473586,0.09552637,0.5,0.5,"[2, 6]",0.75,False,0.01327425,0.00219029,0.01112231,True
32,4,15,T3,0.12712938,0.12712938,0.13242725,0.5,0.5,"[2, 6]",0.75,False,0.01327425,0.00219029,0.01112231,True
32,4,16,T4,0.12201895,0.01345832,0.13473824,0.5,0.5,"[2, 6]",0.75,False,0.01327425,0.00219029,0.01112231,True
32,4,17,CP3,0.12105195,0.03357616,0.13942444,0.5,0.5,"[2, 6]",0.75,False,0.01327425,0.00219029,0.01112231,True
32,4,18,CP4,0.11182769,0.03464724,0.12851506,0.5,0.5,"[2, 6]",0.75,False,0.01327425,0.00219029,0.01112231,True
32,4,19,TP7,0.08382253,-0.01786558,0.09355308,0.5,0.5,"[2, 6]",0.75,False,0.01327425,0.00219029,0.01112231,True
32,4,20,TP8,0.08940947,-0.05984293,0.10879607,0.5,0.5,"[2, 6]",0.75,False,0.01327425,0.00219029,0.01112231,True
32,4,21,Pz,0.15221223,0.00674836,0.1524033,0.5,0.5,"[2, 6]",0.75,False,0.01327425,0.00219029,0.01112231,True
32,4,22,P3,0.109161,0.109161,0.11834589,0.5,0.5,"[2, 6]",0.75,False,0.01327425,0.00219029,0.01112231,True
32,4,23,P4,0.10466684,-0.09340633,0.11694152,0.5,0.5,"[2, 6]",0.75,False,0.01327425,0.00219029,0.01112231,True
32,4,24,T5,0.10522904,0.07409726,0.11492605,0.5,0.5,"[2, 6]",0.75,False,0.01327425,0.00219029,0.01112231,True
32,4,25,T6,0.08212845,-0.06347884,0.09354406,0.5,0.5,"[2, 6]",0.75,False,0.01327425,0.00219029,0.01112231,True
32,4,26,Oz,0.07738598,0.04120004,0.07942232,0.5,0.5,"[2, 6]",0.75,False,0.01327425,0.00219029,0.01112231,True
32,4,27,O1,0.12154651,0.05576073,0.13207802,0.5,0.5,"[2, 6]",0.75,False,0.01327425,0.00219029,0.01112231,True
32,4,28,O2,0.14485152,-0.02474328,0.1478015,0.5,0.5,"[2, 6]",0.75,False,0.01327425,0.00219029,0.01112231,True
32,5,0,Fp1,0.10626854,-0.09984967,0.11998735,0.75,0.75,"[4, 4]",0.5,False,0.2361369,0.05469941,0.1978559,True
32,5,1,Fp2,0.06402728,0.05838183,0.08982921,0.75,0.75,"[4, 4]",0.5,False,0.2361369,0.05469941,0.1978559,True
32,5,2,Fz,0.08379279,-0.08125155,0.09736847,0.75,0.75,"[4, 4]",0.5,False,0.2361369,0.05469941,0.1978559,True
32,5,3,F3,0.09192152,0.04661754,0.10421146,0.75,0.75,"[4, 4]",0.5,False,0.2361369,0.05469941,0.1978559,True
32,5,4,F4,0.07833801,0.00522937,0.08801468,0.75,0.75,"[4, 4]",0.5,False,0.2361369,0.05469941,0.1978559,True
32,5,5,F7,0.09641973,0.09641973,0.10954407,0.75,0.75,"[4, 4]",0.5,False,0.2361369,0.05469941,0.1978559,True
32,5,6,F8,0.07601074,-0.02919092,0.0775376,0.75,0.75,"[4, 4]",0.5,False,0.2361369,0.05469941,0.1978559,True
32,5,7,FCz,0.10868385,0.10868385,0.11950186,0.75,0.75,"[4, 4]",0.5,False,0.2361369,0.05469941,0.1978559,True
32,5,8,FC3,0.05192573,0.0286774,0.05255622,0.75,0.75,"[4, 4]",0.5,False,0.2361369,0.05469941,0.1978559,True
32,5,9,FC4,0.04653195,-0.04064585,0.06305651,0.75,0.75,"[4, 4]",0.5,False,0.2361369,0.05469941,0.1978559,True
32,5,10,FT7,0.09312385,-0.05023056,0.09637458,0.75,0.75,"[4, 4]",0.5,False,0.2361369,0.05469941,0.1978559,True
32,5,11,FT8,0.05815814,0.0004366,0.07915847,0.75,0.75,"[4, 4]",0.5,False,0.2361369,0.05469941,0.1978559,True
32,5,12,Cz,0.07623422,0.07623422,0.08618234,0.75,0.75,"[4, 4]",0.5,False,0.2361369,0.05469941,0.1978559,True
32,5,13,C3,0.10475638,0.07791794,0.10993792,0.75,0.75,"[4, 4]",0.5,False,0.2361369,0.05469941,0.1978559,True
32,5,14,C4,0.0610027,-0.0593836,0.07087447,0.75,0.75,"[4, 4]",0.5,False,0.2361369,0.05469941,0.1978559,True
32,5,15,T3,0.1158269,0.1158269,0.1192992,0.75,0.75,"[4, 4]",0.5,False,0.2361369,0.05469941,0.1978559,True
32,5,16,T4,0.12321372,0.02122939,0.13810951,0.75,0.75,"[4, 4]",0.5,False,0.2361369,0.05469941,0.1978559,True
32,5,17,CP3,0.11865639,0.03394551,0.13435611,0.75,0.75,"[4, 4]",0.5,False,0.2361369,0.05469941,0.1978559,True
32,5,18,CP4,0.12182737,0.02980321,0.13809073,0.75,0.75,"[4, 4]",0.5,False,0.2361369,0.05469941,0.1978559,True
32,5,19,TP7,0.10006356,-0.01023339,0.10985667,0.75,0.75,"[4, 4]",0.5,False,0.2361369,0.05469941,0.1978559,True
32,5,20,TP8,0.09068996,-0.06351068,0.11338433,0.75,0.75,"[4, 4]",0.5,False,0.2361369,0.05469941,0.1978559,True
32,5,21,Pz,0.16449326,-0.01670681,0.16590175,0.75,0.75,"[4, 4]",0.5,False,0.2361369,0.05469941,0.1978559,True
32,5,22,P3,0.09688177,0.09688177,0.11176065,0.75,0.75,"[4, 4]",0.5,False,0.2361369,0.05469941,0.1978559,True
32,5,23,P4,0.11085536,-0.09676784,0.12305512,0.75,0.75,"[4, 4]",0.5,False,0.2361369,0.05469941,0.1978559,True
32,5,24,T5,0.09019046,0.06711838,0.10151397,0.75,0.75,"[4, 4]",0.5,False,0.2361369,0.05469941,0.1978559,True
32,5,25,T6,0.09512967,-0.06554575,0.11006522,0.75,0.75,"[4, 4]",0.5,False,0.2361369,0.05469941,0.1978559,True
32,5,26,Oz,0.06389715,0.03833368,0.07023155,0.75,0.75,"[4, 4]",0.5,False,0.2361369,0.05469941,0.1978559,True
32,5,27,O1,0.10909059,0.0552538,0.12579729,0.75,0.75,"[4, 4]",0.5,False,0.2361369,0.05469941,0.1978559,True
32,5,28,O2,0.16133384,-0.03102713,0.1671374,0.75,0.75,"[4, 4]",0.5,False,0.2361369,0.05469941,0.1978559,True
33,1,0,Fp1,0.10948946,-0.09614661,0.12259762,0.5,0.5,"[0, 8]",1.0,True,0.01230491,0.00222833,0.01031012,True
33,1,1,Fp2,0.0777688,0.06119876,0.09511539,0.5,0.5,"[0, 8]",1.0,True,0.01230491,0.00222833,0.01031012,True
33,1,2,Fz,0.1032178,-0.0980929,0.11680963,0.5,0.5,"[0, 8]",1.0,True,0.01230491,0.00222833,0.01031012,True
33,1,3,F3,0.08803222,0.02818847,0.09499397,0.5,0.5,"[0, 8]",1.0,True,0.01230491,0.00222833,0.01031012,True
33,1,4,F4,0.09862342,0.01317832,0.10865457,0.5,0.5,"[0, 8]",1.0,True,0.01230491,0.00222833,0.01031012,True
33,1,5,F7,0.08450411,0.08178277,0.09785555,0.5,0.5,"[0, 8]",1.0,True,0.01230491,0.00222833,0.01031012,True
33,1,6,F8,0.07776631,-0.02952494,0.07876311,0.5,0.5,"[0, 8]",1.0,True,0.01230491,0.00222833,0.01031012,True
33,1,7,FCz,0.09963677,0.09963677,0.11476088,0.5,0.5,"[0, 8]",1.0,True,0.01230491,0.00222833,0.01031012,True
33,1,8,FC3,0.0306937,0.00650242,0.03664944,0.5,0.5,"[0, 8]",1.0,True,0.01230491,0.00222833,0.01031012,True
33,1,9,FC4,0.0573455,-0.0573455,0.07563837,0.5,0.5,"[0, 8]",1.0,True,0.01230491,0.00222833,0.01031012,True
33,1,10,FT7,0.09126117,-0.05822653,0.10410688,0.5,0.5,"[0, 8]",1.0,True,0.01230491,0.00222833,0.01031012,True
33,1,11,FT8,0.08019733,-0.0032828,0.0975281,0.5,0.5,"[0, 8]",1.0,True,0.01230491,0.00222833,0.01031012,True
33,1,12,Cz,0.07625687,0.07563822,0.0924694,0.5,0.5,"[0, 8]",1.0,True,0.01230491,0.00222833,0.01031012,True
33,1,13,C3,0.11506358,0.07229134,0.11720742,0.5,0.5,"[0, 8]",1.0,True,0.01230491,0.00222833,0.01031012,True
33,1,14,C4,0.08527061,-0.07565469,0.09607466,0.5,0.5,"[0, 8]",1.0,True,0.01230491,0.00222833,0.01031012,True
33,1,15,T3,0.12647629,0.12647629,0.13144901,0.5,0.5,"[0, 8]",1.0,True,0.01230491,0.00222833,0.01031012,True
33,1,16,T4,0.12152929,0.01386895,0.13413495,0.5,0.5,"[0, 8]",1.0,True,0.01230491,0.00222833,0.01031012,True
33,1,17,CP3,0.12102074,0.0322235,0.13947839,0.5,0.5,"[0, 8]",1.0,True,0.01230491,0.00222833,0.01031012,True
33,1,18,CP4,0.11157104,0.03488186,0.12855336,0.5,0.5,"[0, 8]",1.0,True,0.01230491,0.00222833,0.01031012,True
33,1,19,TP7,0.08415583,-0.0193736,0.09425317,0.5,0.5,"[0, 8]",1.0,True,0.01230491,0.00222833,0.01031012,True
33,1,20,TP8,0.08958584,-0.05926825,0.10863918,0.5,0.5,"[0, 8]",1.0,True,0.01230491,0.00222833,0.01031012,True
33,1,21,Pz,0.15297873,0.00634704,0.15315682,0.5,0.5,"[0, 8]",1.0,True,0.01230491,0.00222833,0.01031012,True
33,1,22,P3,0.1073615,0.1073615,0.1162236,0.5,0.5,"[0, 8]",1.0,True,0.01230491,0.00222833,0.01031012,True
33,1,23,P4,0.10443965,-0.09347934,0.11682425,0.5,0.5,"[0, 8]",1.0,True,0.01230491,0.00222833,0.01031012,True
33,1,24,T5,0.10463026,0.07273698,0.11428903,0.5,0.5,"[0, 8]",1.0,True,0.01230491,0.00222833,0.01031012,True
33,1,25,T6,0.08060259,-0.06229497,0.09214909,0.5,0.5,"[0, 8]",1.0,True,0.01230491,0.00222833,0.01031012,True
33,1,26,Oz,0.07720894,0.04130321,0.07951925,0.5,0.5,"[0, 8]",1.0,True,0.01230491,0.00222833,0.01031012,True
33,1,27,O1,0.12204042,0.05550262,0.13251084,0.5,0.5,"[0, 8]",1.0,True,0.01230491,0.00222833,0.01031012,True
33,1,28,O2,0.14428559,-0.02479389,0.14724611,0.5,0.5,"[0, 8]",1.0,True,0.01230491,0.00222833,0.01031012,True
33,2,0,Fp1,0.08897851,-0.03419116,0.09658232,0.625,0.625,"[1, 7]",0.875,False,0.55091912,0.18048452,0.46160765,True
33,2,1,Fp2,0.06630941,0.06050845,0.09335844,0.625,0.625,"[1, 7]",0.875,False,0.55091912,0.18048452,0.46160765,True
33,2,2,Fz,0.1057969,-0.1057969,0.12189911,0.625,0.625,"[1, 7]",0.875,False,0.55091912,0.18048452,0.46160765,True
33,2,3,F3,0.07640556,-0.01359698,0.0982841,0.625,0.625,"[1, 7]",0.875,False,0.55091912,0.18048452,0.46160765,True
33,2,4,F4,0.08066392,-0.00584006,0.09943879,0.625,0.625,"[1, 7]",0.875,False,0.55091912,0.18048452,0.46160765,True
33,2,5,F7,0.08368227,0.08368227,0.09894252,0.625,0.625,"[1, 7]",0.875,False,0.55091912,0.18048452,0.46160765,True
33,2,6,F8,0.06377342,-0.02250356,0.06781271,0.625,0.625,"[1, 7]",0.875,False,0.55091912,0.18048452,0.46160765,True
33,2,7,FCz,0.10914861,0.10914861,0.1116817,0.625,0.625,"[1, 7]",0.875,False,0.55091912,0.18048452,0.46160765,True
33,2,8,FC3,0.05555806,0.01044838,0.07126215,0.625,0.625,"[1, 7]",0.875,False,0.55091912,0.18048452,0.46160765,True
33,2,9,FC4,0.08575848,-0.08575848,0.10244779,0.625,0.625,"[1, 7]",0.875,False,0.55091912,0.18048452,0.46160765,True
33,2,10,FT7,0.07072875,-0.03481397,0.09993582,0.625,0.625,"[1, 7]",0.875,False,0.55091912,0.18048452,0.46160765,True
33,2,11,FT8,0.08253048,0.00600413,0.09219738,0.625,0.625,"[1, 7]",0.875,False,0.55091912,0.18048452,0.46160765,True
33,2,12,Cz,0.10016381,0.10016381,0.11929748,0.625,0.625,"[1, 7]",0.875,False,0.55091912,0.18048452,0.46160765,True
33,2,13,C3,0.13765876,0.09336872,0.14549945,0.625,0.625,"[1, 7]",0.875,False,0.55091912,0.18048452,0.46160765,True
33,2,14,C4,0.07571228,-0.00470348,0.08932305,0.625,0.625,"[1, 7]",0.875,False,0.55091912,0.18048452,0.46160765,True
33,2,15,T3,0.12317508,0.11718196,0.14349593,0.625,0.625,"[1, 7]",0.875,False,0.55091912,0.18048452,0.46160765,True
33,2,16,T4,0.09413953,0.07268482,0.11801931,0.625,0.625,"[1, 7]",0.875,False,0.55091912,0.18048452,0.46160765,True
33,2,17,CP3,0.11352851,-0.00119258,0.12896036,0.625,0.625,"[1, 7]",0.875,False,0.55091912,0.18048452,0.46160765,True
33,2,18,CP4,0.14751568,0.05229649,0.16673245,0.625,0.625,"[1, 7]",0.875,False,0.55091912,0.18048452,0.46160765,True
33,2,19,TP7,0.08060126,-0.03892196,0.09353893,0.625,0.625,"[1, 7]",0.875,False,0.55091912,0.18048452,0.46160765,True
33,2,20,TP8,0.069313,-0.069313,0.08855557,0.625,0.625,"[1, 7]",0.875,False,0.55091912,0.18048452,0.46160765,True
33,2,21,Pz,0.1235373,-0.01846376,0.12946309,0.625,0.625,"[1, 7]",0.875,False,0.55091912,0.18048452,0.46160765,True
33,2,22,P3,0.0970892,0.09557036,0.14119746,0.625,0.625,"[1, 7]",0.875,False,0.55091912,0.18048452,0.46160765,True
33,2,23,P4,0.08441901,-0.0785454,0.09576607,0.625,0.625,"[1, 7]",0.875,False,0.55091912,0.18048452,0.46160765,True
33,2,24,T5,0.09574829,0.06075528,0.09716266,0.625,0.625,"[1, 7]",0.875,False,0.55091912,0.18048452,0.46160765,True
33,2,25,T6,0.12780562,-0.09287149,0.1438884,0.625,0.625,"[1, 7]",0.875,False,0.55091912,0.18048452,0.46160765,True
33,2,26,Oz,0.06701627,0.03290551,0.08293143,0.625,0.625,"[1, 7]",0.875,False,0.55091912,0.18048452,0.46160765,True
33,2,27,O1,0.14754765,0.03324332,0.15269881,0.625,0.625,"[1, 7]",0.875,False,0.55091912,0.18048452,0.46160765,True
33,2,28,O2,0.08659616,-0.04370011,0.09726968,0.625,0.625,"[1, 7]",0.875,False,0.55091912,0.18048452,0.46160765,True
33,3,0,Fp1,0.1091852,-0.09622256,0.12237831,0.5,0.5,"[0, 8]",1.0,True,0.01078549,0.00214734,0.00903702,True
33,3,1,Fp2,0.07828338,0.06071172,0.09530188,0.5,0.5,"[0, 8]",1.0,True,0.01078549,0.00214734,0.00903702,True
33,3,2,Fz,0.10398959,-0.09822571,0.11736831,0.5,0.5,"[0, 8]",1.0,True,0.01078549,0.00214734,0.00903702,True
33,3,3,F3,0.08840968,0.02766596,0.09508528,0.5,0.5,"[0, 8]",1.0,True,0.01078549,0.00214734,0.00903702,True
33,3,4,F4,0.09796137,0.012456,0.10830433,0.5,0.5,"[0, 8]",1.0,True,0.01078549,0.00214734,0.00903702,True
33,3,5,F7,0.08340547,0.08164976,0.09731683,0.5,0.5,"[0, 8]",1.0,True,0.01078549,0.00214734,0.00903702,True
33,3,6,F8,0.07883369,-0.02987063,0.07981738,0.5,0.5,"[0, 8]",1.0,True,0.01078549,0.00214734,0.00903702,True
33,3,7,FCz,0.09933833,0.09933833,0.11456636,0.5,0.5,"[0, 8]",1.0,True,0.01078549,0.00214734,0.00903702,True
33,3,8,FC3,0.03004742,0.00565887,0.03654551,0.5,0.5,"[0, 8]",1.0,True,0.01078549,0.00214734,0.00903702,True
33,3,9,FC4,0.05808449,-0.05808449,0.07611188,0.5,0.5,"[0, 8]",1.0,True,0.01078549,0.00214734,0.00903702,True
33,3,10,FT7,0.08983955,-0.05749821,0.10368915,0.5,0.5,"[0, 8]",1.0,True,0.01078549,0.00214734,0.00903702,True
33,3,11,FT8,0.0797824,-0.00346324,0.09675744,0.5,0.5,"[0, 8]",1.0,True,0.01078549,0.00214734,0.00903702,True
33,3,12,Cz,0.07696008,0.07600839,0.0926035,0.5,0.5,"[0, 8]",1.0,True,0.01078549,0.00214734,0.00903702,True
33,3,13,C3,0.11465968,0.07213278,0.11686236,0.5,0.5,"[0, 8]",1.0,True,0.01078549,0.00214734,0.00903702,True
33,3,14,C4,0.08588707,-0.07549793,0.09635627,0.5,0.5,"[0, 8]",1.0,True,0.01078549,0.00214734,0.00903702,True
33,3,15,T3,0.12721893,0.12721893,0.13250498,0.5,0.5,"[0, 8]",1.0,True,0.01078549,0.00214734,0.00903702,True
33,3,16,T4,0.12146269,0.01334679,0.13373357,0.5,0.5,"[0, 8]",1.0,True,0.01078549,0.00214734,0.00903702,True
33,3,17,CP3,0.12144512,0.03280028,0.13975312,0.5,0.5,"[0, 8]",1.0,True,0.01078549,0.00214734,0.00903702,True
33,3,18,CP4,0.11076569,0.03462872,0.12710768,0.5,0.5,"[0, 8]",1.0,True,0.01078549,0.00214734,0.00903702,True
33,3,19,TP7,0.085035,-0.01857271,0.09494291,0.5,0.5,"[0, 8]",1.0,True,0.01078549,0.00214734,0.00903702,True
33,3,20,TP8,0.08903777,-0.05912594,0.10823991,0.5,0.5,"[0, 8]",1.0,True,0.01078549,0.00214734,0.00903702,True
33,3,21,Pz,0.1527501,0.0067976,0.15295969,0.5,0.5,"[0, 8]",1.0,True,0.01078549,0.00214734,0.00903702,True
33,3,22,P3,0.10825957,0.10825957,0.11737093,0.5,0.5,"[0, 8]",1.0,True,0.01078549,0.00214734,0.00903702,True
33,3,23,P4,0.1050248,-0.09404878,0.11746756,0.5,0.5,"[0, 8]",1.0,True,0.01078549,0.00214734,0.00903702,True
33,3,24,T5,0.10556753,0.07356997,0.11490411,0.5,0.5,"[0, 8]",1.0,True,0.01078549,0.00214734,0.00903702,True
33,3,25,T6,0.08130528,-0.06206387,0.09213969,0.5,0.5,"[0, 8]",1.0,True,0.01078549,0.00214734,0.00903702,True
33,3,26,Oz,0.07759427,0.04176278,0.07987529,0.5,0.5,"[0, 8]",1.0,True,0.01078549,0.00214734,0.00903702,True
33,3,27,O1,0.1223563,0.05672953,0.13247237,0.5,0.5,"[0, 8]",1.0,True,0.01078549,0.00214734,0.00903702,True
33,3,28,O2,0.14390056,-0.02352912,0.14653146,0.5,0.5,"[0, 8]",1.0,True,0.01078549,0.00214734,0.00903702,True
33,4,0,Fp1,0.10103235,-0.06174941,0.10438446,0.5,0.5,"[4, 4]",0.5,False,0.51254922,0.13221113,0.42945802,True
33,4,1,Fp2,0.10716942,0.07055581,0.12151461,0.5,0.5,"[4, 4]",0.5,False,0.51254922,0.13221113,0.42945802,True
33,4,2,Fz,0.09022047,-0.09022047,0.10705488,0.5,0.5,"[4, 4]",0.5,False,0.51254922,0.13221113,0.42945802,True
33,4,3,F3,0.1131352,0.02291514,0.12745696,0.5,0.5,"[4, 4]",0.5,False,0.51254922,0.13221113,0.42945802,True
33,4,4,F4,0.1338052,0.01406007,0.15046856,0.5,0.5,"[4, 4]",0.5,False,0.51254922,0.13221113,0.42945802,True
33,4,5,F7,0.05864533,0.05864533,0.07247131,0.5,0.5,"[4, 4]",0.5,False,0.51254922,0.13221113,0.42945802,True
33,4,6,F8,0.05900906,-0.00109468,0.0691561,0.5,0.5,"[4, 4]",0.5,False,0.51254922,0.13221113,0.42945802,True
33,4,7,FCz,0.10172586,0.10172586,0.10790143,0.5,0.5,"[4, 4]",0.5,False,0.51254922,0.13221113,0.42945802,True
33,4,8,FC3,0.0321769,0.0321769,0.04520401,0.5,0.5,"[4, 4]",0.5,False,0.51254922,0.13221113,0.42945802,True
33,4,9,FC4,0.05239058,-0.03327151,0.06421833,0.5,0.5,"[4, 4]",0.5,False,0.51254922,0.13221113,0.42945802,True
33,4,10,FT7,0.08296468,-0.08296468,0.11148267,0.5,0.5,"[4, 4]",0.5,False,0.51254922,0.13221113,0.42945802,True
33,4,11,FT8,0.08608802,0.02276352,0.0950842,0.5,0.5,"[4, 4]",0.5,False,0.51254922,0.13221113,0.42945802,True
33,4,12,Cz,0.07477604,0.04934027,0.09541418,0.5,0.5,"[4, 4]",0.5,False,0.51254922,0.13221113,0.42945802,True
33,4,13,C3,0.09485643,0.05511522,0.10430793,0.5,0.5,"[4, 4]",0.5,False,0.51254922,0.13221113,0.42945802,True
33,4,14,C4,0.06285748,-0.05560298,0.07515352,0.5,0.5,"[4, 4]",0.5,False,0.51254922,0.13221113,0.42945802,True
33,4,15,T3,0.13952084,0.13501914,0.16402642,0.5,0.5,"[4, 4]",0.5,False,0.51254922,0.13221113,0.42945802,True
33,4,16,T4,0.11815421,0.01070476,0.12435978,0.5,0.5,"[4, 4]",0.5,False,0.51254922,0.13221113,0.42945802,True
33,4,17,CP3,0.10952966,0.00435314,0.12434059,0.5,0.5,"[4, 4]",0.5,False,0.51254922,0.13221113,0.42945802,True
33,4,18,CP4,0.09340329,0.00198476,0.10706247,0.5,0.5,"[4, 4]",0.5,False,0.51254922,0.13221113,0.42945802,True
33,4,19,TP7,0.063142,-0.02639069,0.07182726,0.5,0.5,"[4, 4]",0.5,False,0.51254922,0.13221113,0.42945802,True
33,4,20,TP8,0.07049564,-0.04854577,0.07691018,0.5,0.5,"[4, 4]",0.5,False,0.51254922,0.13221113,0.42945802,True
33,4,21,Pz,0.14669724,-0.03479028,0.15425707,0.5,0.5,"[4, 4]",0.5,False,0.51254922,0.13221113,0.42945802,True
33,4,22,P3,0.05146542,0.04743817,0.06418466,0.5,0.5,"[4, 4]",0.5,False,0.51254922,0.13221113,0.42945802,True
33,4,23,P4,0.11752982,-0.11752982,0.13327548,0.5,0.5,"[4, 4]",0.5,False,0.51254922,0.13221113,0.42945802,True
33,4,24,T5,0.08314275,0.04732249,0.08804815,0.5,0.5,"[4, 4]",0.5,False,0.51254922,0.13221113,0.42945802,True
33,4,25,T6,0.07516868,-0.05676179,0.08703072,0.5,0.5,"[4, 4]",0.5,False,0.51254922,0.13221113,0.42945802,True
33,4,26,Oz,0.05720804,0.0408988,0.08448204,0.5,0.5,"[4, 4]",0.5,False,0.51254922,0.13221113,0.42945802,True
33,4,27,O1,0.14505339,0.07224968,0.16880725,0.5,0.5,"[4, 4]",0.5,False,0.51254922,0.13221113,0.42945802,True
33,4,28,O2,0.15408222,-0.01418285,0.16312058,0.5,0.5,"[4, 4]",0.5,False,0.51254922,0.13221113,0.42945802,True
33,5,0,Fp1,0.11000019,-0.09592083,0.12277038,0.5,0.5,"[0, 8]",1.0,True,0.01168347,0.00212057,0.00978942,True
33,5,1,Fp2,0.07698629,0.06070663,0.09465601,0.5,0.5,"[0, 8]",1.0,True,0.01168347,0.00212057,0.00978942,True
33,5,2,Fz,0.10355031,-0.09823444,0.11715081,0.5,0.5,"[0, 8]",1.0,True,0.01168347,0.00212057,0.00978942,True
33,5,3,F3,0.08750869,0.02818534,0.09454059,0.5,0.5,"[0, 8]",1.0,True,0.01168347,0.00212057,0.00978942,True
33,5,4,F4,0.09765255,0.01293444,0.10774122,0.5,0.5,"[0, 8]",1.0,True,0.01168347,0.00212057,0.00978942,True
33,5,5,F7,0.08399413,0.08193125,0.09762976,0.5,0.5,"[0, 8]",1.0,True,0.01168347,0.00212057,0.00978942,True
33,5,6,F8,0.0778374,-0.03014349,0.07874022,0.5,0.5,"[0, 8]",1.0,True,0.01168347,0.00212057,0.00978942,True
33,5,7,FCz,0.09998664,0.09998664,0.11514071,0.5,0.5,"[0, 8]",1.0,True,0.01168347,0.00212057,0.00978942,True
33,5,8,FC3,0.03135957,0.00679549,0.03742923,0.5,0.5,"[0, 8]",1.0,True,0.01168347,0.00212057,0.00978942,True
33,5,9,FC4,0.05725009,-0.05725009,0.07549448,0.5,0.5,"[0, 8]",1.0,True,0.01168347,0.00212057,0.00978942,True
33,5,10,FT7,0.09123013,-0.0581376,0.10434785,0.5,0.5,"[0, 8]",1.0,True,0.01168347,0.00212057,0.00978942,True
33,5,11,FT8,0.07995059,-0.00383027,0.09725248,0.5,0.5,"[0, 8]",1.0,True,0.01168347,0.00212057,0.00978942,True
33,5,12,Cz,0.07779146,0.07726633,0.0939129,0.5,0.5,"[0, 8]",1.0,True,0.01168347,0.00212057,0.00978942,True
33,5,13,C3,0.11493056,0.07246868,0.11709495,0.5,0.5,"[0, 8]",1.0,True,0.01168347,0.00212057,0.00978942,True
33,5,14,C4,0.0852934,-0.07522075,0.09588929,0.5,0.5,"[0, 8]",1.0,True,0.01168347,0.00212057,0.00978942,True
33,5,15,T3,0.12698232,0.12698232,0.1321343,0.5,0.5,"[0, 8]",1.0,True,0.01168347,0.00212057,0.00978942,True
33,5,16,T4,0.12172055,0.01393805,0.13422994,0.5,0.5,"[0, 8]",1.0,True,0.01168347,0.00212057,0.00978942,True
33,5,17,CP3,0.1204133,0.03230624,0.13916415,0.5,0.5,"[0, 8]",1.0,True,0.01168347,0.00212057,0.00978942,True
33,5,18,CP4,0.1113722,0.0342016,0.12806734,0.5,0.5,"[0, 8]",1.0,True,0.01168347,0.00212057,0.00978942,True
33,5,19,TP7,0.08442533,-0.01910021,0.09401877,0.5,0.5,"[0, 8]",1.0,True,0.01168347,0.00212057,0.00978942,True
33,5,20,TP8,0.08949375,-0.05945807,0.10865392,0.5,0.5,"[0, 8]",1.0,True,0.01168347,0.00212057,0.00978942,True
33,5,21,Pz,0.15288058,0.00715671,0.15308937,0.5,0.5,"[0, 8]",1.0,True,0.01168347,0.00212057,0.00978942,True
33,5,22,P3,0.10818768,0.10818768,0.11703756,0.5,0.5,"[0, 8]",1.0,True,0.01168347,0.00212057,0.00978942,True
33,5,23,P4,0.10513639,-0.09296513,0.11712184,0.5,0.5,"[0, 8]",1.0,True,0.01168347,0.00212057,0.00978942,True
33,5,24,T5,0.10417957,0.07310625,0.11383583,0.5,0.5,"[0, 8]",1.0,True,0.01168347,0.00212057,0.00978942,True
33,5,25,T6,0.0810101,-0.0623499,0.09255037,0.5,0.5,"[0, 8]",1.0,True,0.01168347,0.00212057,0.00978942,True
33,5,26,Oz,0.07709742,0.04186441,0.07940653,0.5,0.5,"[0, 8]",1.0,True,0.01168347,0.00212057,0.00978942,True
33,5,27,O1,0.12266472,0.05618541,0.13327922,0.5,0.5,"[0, 8]",1.0,True,0.01168347,0.00212057,0.00978942,True
33,5,28,O2,0.14427407,-0.0236622,0.14714563,0.5,0.5,"[0, 8]",1.0,True,0.01168347,0.00212057,0.00978942,True
34,1,0,Fp1,0.12943828,-0.12844607,0.15084797,0.75,0.75,"[4, 4]",0.5,False,0.40935451,0.10052753,0.34299258,True
34,1,1,Fp2,0.04890363,0.02415748,0.07177519,0.75,0.75,"[4, 4]",0.5,False,0.40935451,0.10052753,0.34299258,True
34,1,2,Fz,0.09689467,-0.07741213,0.10262527,0.75,0.75,"[4, 4]",0.5,False,0.40935451,0.10052753,0.34299258,True
34,1,3,F3,0.08344646,0.05174218,0.08889581,0.75,0.75,"[4, 4]",0.5,False,0.40935451,0.10052753,0.34299258,True
34,1,4,F4,0.06785317,-0.00801808,0.08735235,0.75,0.75,"[4, 4]",0.5,False,0.40935451,0.10052753,0.34299258,True
34,1,5,F7,0.06919806,0.0603904,0.08157445,0.75,0.75,"[4, 4]",0.5,False,0.40935451,0.10052753,0.34299258,True
34,1,6,F8,0.08108859,-0.04015698,0.08707392,0.75,0.75,"[4, 4]",0.5,False,0.40935451,0.10052753,0.34299258,True
34,1,7,FCz,0.14114393,0.14114393,0.15050444,0.75,0.75,"[4, 4]",0.5,False,0.40935451,0.10052753,0.34299258,True
34,1,8,FC3,0.04440633,0.04440633,0.05370104,0.75,0.75,"[4, 4]",0.5,False,0.40935451,0.10052753,0.34299258,True
34,1,9,FC4,0.09038863,-0.09038863,0.09535203,0.75,0.75,"[4, 4]",0.5,False,0.40935451,0.10052753,0.34299258,True
34,1,10,FT7,0.0635114,0.01115291,0.08503947,0.75,0.75,"[4, 4]",0.5,False,0.40935451,0.10052753,0.34299258,True
34,1,11,FT8,0.0731536,-0.01573719,0.0828221,0.75,0.75,"[4, 4]",0.5,False,0.40935451,0.10052753,0.34299258,True
34,1,12,Cz,0.0879963,0.0879963,0.10663351,0.75,0.75,"[4, 4]",0.5,False,0.40935451,0.10052753,0.34299258,True
34,1,13,C3,0.09414923,0.0551271,0.10244527,0.75,0.75,"[4, 4]",0.5,False,0.40935451,0.10052753,0.34299258,True
34,1,14,C4,0.1169576,-0.05616356,0.11785541,0.75,0.75,"[4, 4]",0.5,False,0.40935451,0.10052753,0.34299258,True
34,1,15,T3,0.1674657,0.1674657,0.17295974,0.75,0.75,"[4, 4]",0.5,False,0.40935451,0.10052753,0.34299258,True
34,1,16,T4,0.12198441,0.05230419,0.14240101,0.75,0.75,"[4, 4]",0.5,False,0.40935451,0.10052753,0.34299258,True
34,1,17,CP3,0.13865988,0.02213309,0.15911223,0.75,0.75,"[4, 4]",0.5,False,0.40935451,0.10052753,0.34299258,True
34,1,18,CP4,0.09797046,0.02368527,0.11166453,0.75,0.75,"[4, 4]",0.5,False,0.40935451,0.10052753,0.34299258,True
34,1,19,TP7,0.06664873,-0.00341416,0.07086528,0.75,0.75,"[4, 4]",0.5,False,0.40935451,0.10052753,0.34299258,True
34,1,20,TP8,0.08329743,-0.06002317,0.10340792,0.75,0.75,"[4, 4]",0.5,False,0.40935451,0.10052753,0.34299258,True
34,1,21,Pz,0.12452777,0.01954674,0.12617157,0.75,0.75,"[4, 4]",0.5,False,0.40935451,0.10052753,0.34299258,True
34,1,22,P3,0.10957519,0.10957519,0.11758094,0.75,0.75,"[4, 4]",0.5,False,0.40935451,0.10052753,0.34299258,True
34,1,23,P4,0.10023481,-0.07896484,0.11279652,0.75,0.75,"[4, 4]",0.5,False,0.40935451,0.10052753,0.34299258,True
34,1,24,T5,0.09251195,0.08817109,0.112402,0.75,0.75,"[4, 4]",0.5,False,0.40935451,0.10052753,0.34299258,True
34,1,25,T6,0.07797265,-0.05357448,0.08489278,0.75,0.75,"[4, 4]",0.5,False,0.40935451,0.10052753,0.34299258,True
34,1,26,Oz,0.07304543,0.03706193,0.08365829,0.75,0.75,"[4, 4]",0.5,False,0.40935451,0.10052753,0.34299258,True
34,1,27,O1,0.094064,0.0449379,0.10912871,0.75,0.75,"[4, 4]",0.5,False,0.40935451,0.10052753,0.34299258,True
34,1,28,O2,0.15011442,-0.01900282,0.1516858,0.75,0.75,"[4, 4]",0.5,False,0.40935451,0.10052753,0.34299258,True
34,2,0,Fp1,0.11013941,-0.11013941,0.12439507,0.875,0.875,"[5, 3]",0.625,False,0.43757493,0.11416798,0.36663809,True
34,2,1,Fp2,0.06138389,0.02175865,0.08680297,0.875,0.875,"[5, 3]",0.625,False,0.43757493,0.11416798,0.36663809,True
34,2,2,Fz,0.10414159,-0.10350773,0.12068063,0.875,0.875,"[5, 3]",0.625,False,0.43757493,0.11416798,0.36663809,True
34,2,3,F3,0.04239003,-0.00216155,0.05285194,0.875,0.875,"[5, 3]",0.625,False,0.43757493,0.11416798,0.36663809,True
34,2,4,F4,0.06838941,-0.00397692,0.07480432,0.875,0.875,"[5, 3]",0.625,False,0.43757493,0.11416798,0.36663809,True
34,2,5,F7,0.1127001,0.1127001,0.12877546,0.875,0.875,"[5, 3]",0.625,False,0.43757493,0.11416798,0.36663809,True
34,2,6,F8,0.09139636,-0.07816367,0.09934187,0.875,0.875,"[5, 3]",0.625,False,0.43757493,0.11416798,0.36663809,True
34,2,7,FCz,0.14697458,0.14237277,0.17108709,0.875,0.875,"[5, 3]",0.625,False,0.43757493,0.11416798,0.36663809,True
34,2,8,FC3,0.02479761,0.01316562,0.03881257,0.875,0.875,"[5, 3]",0.625,False,0.43757493,0.11416798,0.36663809,True
34,2,9,FC4,0.04000418,-0.03561651,0.04976433,0.875,0.875,"[5, 3]",0.625,False,0.43757493,0.11416798,0.36663809,True
34,2,10,FT7,0.05043641,-0.02138434,0.06692254,0.875,0.875,"[5, 3]",0.625,False,0.43757493,0.11416798,0.36663809,True
34,2,11,FT8,0.07376172,0.02081791,0.09764846,0.875,0.875,"[5, 3]",0.625,False,0.43757493,0.11416798,0.36663809,True
34,2,12,Cz,0.09936743,0.08261328,0.10798118,0.875,0.875,"[5, 3]",0.625,False,0.43757493,0.11416798,0.36663809,True
34,2,13,C3,0.10792118,0.08377005,0.11431236,0.875,0.875,"[5, 3]",0.625,False,0.43757493,0.11416798,0.36663809,True
34,2,14,C4,0.09944515,-0.03183088,0.10471971,0.875,0.875,"[5, 3]",0.625,False,0.43757493,0.11416798,0.36663809,True
34,2,15,T3,0.14649543,0.14649543,0.15853891,0.875,0.875,"[5, 3]",0.625,False,0.43757493,0.11416798,0.36663809,True
34,2,16,T4,0.13108096,0.06312069,0.15149617,0.875,0.875,"[5, 3]",0.625,False,0.43757493,0.11416798,0.36663809,True
34,2,17,CP3,0.13853186,0.04356145,0.16494304,0.875,0.875,"[5, 3]",0.625,False,0.43757493,0.11416798,0.36663809,True
34,2,18,CP4,0.09636025,0.04886275,0.10636293,0.875,0.875,"[5, 3]",0.625,False,0.43757493,0.11416798,0.36663809,True
34,2,19,TP7,0.05142023,-0.02167107,0.05755897,0.875,0.875,"[5, 3]",0.625,False,0.43757493,0.11416798,0.36663809,True
34,2,20,TP8,0.08137989,-0.04729291,0.09576428,0.875,0.875,"[5, 3]",0.625,False,0.43757493,0.11416798,0.36663809,True
34,2,21,Pz,0.10815695,0.00140383,0.10909528,0.875,0.875,"[5, 3]",0.625,False,0.43757493,0.11416798,0.36663809,True
34,2,22,P3,0.08059939,0.08059939,0.08594595,0.875,0.875,"[5, 3]",0.625,False,0.43757493,0.11416798,0.36663809,True
34,2,23,P4,0.07786205,-0.07400953,0.09172557,0.875,0.875,"[5, 3]",0.625,False,0.43757493,0.11416798,0.36663809,True
34,2,24,T5,0.07895967,0.06740876,0.10036089,0.875,0.875,"[5, 3]",0.625,False,0.43757493,0.11416798,0.36663809,True
34,2,25,T6,0.0752781,-0.05995516,0.0901718,0.875,0.875,"[5, 3]",0.625,False,0.43757493,0.11416798,0.36663809,True
34,2,26,Oz,0.0695371,0.0432926,0.08175419,0.875,0.875,"[5, 3]",0.625,False,0.43757493,0.11416798,0.36663809,True
34,2,27,O1,0.10113968,0.03816457,0.11924627,0.875,0.875,"[5, 3]",0.625,False,0.43757493,0.11416798,0.36663809,True
34,2,28,O2,0.15372574,-0.01625069,0.15498045,0.875,0.875,"[5, 3]",0.625,False,0.43757493,0.11416798,0.36663809,True
34,3,0,Fp1,0.08930071,-0.07139985,0.1008751,0.625,0.625,"[3, 5]",0.625,False,0.92544574,0.26564175,0.7754184,True
34,3,1,Fp2,0.06536397,0.03541563,0.08928462,0.625,0.625,"[3, 5]",0.625,False,0.92544574,0.26564175,0.7754184,True
34,3,2,Fz,0.0552791,-0.04465516,0.07166164,0.625,0.625,"[3, 5]",0.625,False,0.92544574,0.26564175,0.7754184,True
34,3,3,F3,0.08631329,0.01402747,0.09287978,0.625,0.625,"[3, 5]",0.625,False,0.92544574,0.26564175,0.7754184,True
34,3,4,F4,0.10742296,-0.10134544,0.17234518,0.625,0.625,"[3, 5]",0.625,False,0.92544574,0.26564175,0.7754184,True
34,3,5,F7,0.05879618,0.05879618,0.06685015,0.625,0.625,"[3, 5]",0.625,False,0.92544574,0.26564175,0.7754184,True
34,3,6,F8,0.08264191,-0.01790268,0.08920973,0.625,0.625,"[3, 5]",0.625,False,0.92544574,0.26564175,0.7754184,True
34,3,7,FCz,0.14873658,0.14873658,0.17545,0.625,0.625,"[3, 5]",0.625,False,0.92544574,0.26564175,0.7754184,True
34,3,8,FC3,0.11669724,0.10129926,0.13182873,0.625,0.625,"[3, 5]",0.625,False,0.92544574,0.26564175,0.7754184,True
34,3,9,FC4,0.14809823,-0.14809823,0.16801766,0.625,0.625,"[3, 5]",0.625,False,0.92544574,0.26564175,0.7754184,True
34,3,10,FT7,0.0658983,0.0658983,0.09853506,0.625,0.625,"[3, 5]",0.625,False,0.92544574,0.26564175,0.7754184,True
34,3,11,FT8,0.07347322,-0.04534336,0.09368134,0.625,0.625,"[3, 5]",0.625,False,0.92544574,0.26564175,0.7754184,True
34,3,12,Cz,0.09423859,0.09423859,0.11410575,0.625,0.625,"[3, 5]",0.625,False,0.92544574,0.26564175,0.7754184,True
34,3,13,C3,0.10727078,0.0016625,0.11986608,0.625,0.625,"[3, 5]",0.625,False,0.92544574,0.26564175,0.7754184,True
34,3,14,C4,0.08703981,-0.00066843,0.11245766,0.625,0.625,"[3, 5]",0.625,False,0.92544574,0.26564175,0.7754184,True
34,3,15,T3,0.12630558,0.10705408,0.14264351,0.625,0.625,"[3, 5]",0.625,False,0.92544574,0.26564175,0.7754184,True
34,3,16,T4,0.12866244,0.10852475,0.16368483,0.625,0.625,"[3, 5]",0.625,False,0.92544574,0.26564175,0.7754184,True
34,3,17,CP3,0.19693504,-0.01860401,0.2009366,0.625,0.625,"[3, 5]",0.625,False,0.92544574,0.26564175,0.7754184,True
34,3,18,CP4,0.10798958,0.03108314,0.11429358,0.625,0.625,"[3, 5]",0.625,False,0.92544574,0.26564175,0.7754184,True
34,3,19,TP7,0.06302295,-0.06302295,0.0738851,0.625,0.625,"[3, 5]",0.625,False,0.92544574,0.26564175,0.7754184,True
34,3,20,TP8,0.07865576,-0.0761949,0.09140384,0.625,0.625,"[3, 5]",0.625,False,0.92544574,0.26564175,0.7754184,True
34,3,21,Pz,0.08036727,0.00025209,0.10001271,0.625,0.625,"[3, 5]",0.625,False,0.92544574,0.26564175,0.7754184,True
34,3,22,P3,0.07482134,0.07482134,0.08867005,0.625,0.625,"[3, 5]",0.625,False,0.92544574,0.26564175,0.7754184,True
34,3,23,P4,0.12420571,-0.09200205,0.13013983,0.625,0.625,"[3, 5]",0.625,False,0.92544574,0.26564175,0.7754184,True
34,3,24,T5,0.03545839,0.02742247,0.04451379,0.625,0.625,"[3, 5]",0.625,False,0.92544574,0.26564175,0.7754184,True
34,3,25,T6,0.01999326,-0.01999326,0.02639254,0.625,0.625,"[3, 5]",0.625,False,0.92544574,0.26564175,0.7754184,True
34,3,26,Oz,0.0670966,0.01034308,0.07242104,0.625,0.625,"[3, 5]",0.625,False,0.92544574,0.26564175,0.7754184,True
34,3,27,O1,0.09228117,-0.00012565,0.11350138,0.625,0.625,"[3, 5]",0.625,False,0.92544574,0.26564175,0.7754184,True
34,3,28,O2,0.13652518,0.02563792,0.14788204,0.625,0.625,"[3, 5]",0.625,False,0.92544574,0.26564175,0.7754184,True
34,4,0,Fp1,0.07472506,-0.07472506,0.09607852,0.75,0.75,"[6, 2]",0.75,False,1.27964524,0.38720766,1.07219736,True
34,4,1,Fp2,0.06879084,0.03456923,0.07968196,0.75,0.75,"[6, 2]",0.75,False,1.27964524,0.38720766,1.07219736,True
34,4,2,Fz,0.06412713,-0.0553314,0.08734677,0.75,0.75,"[6, 2]",0.75,False,1.27964524,0.38720766,1.07219736,True
34,4,3,F3,0.15389024,0.01382663,0.16200747,0.75,0.75,"[6, 2]",0.75,False,1.27964524,0.38720766,1.07219736,True
34,4,4,F4,0.07873499,0.0142287,0.10252532,0.75,0.75,"[6, 2]",0.75,False,1.27964524,0.38720766,1.07219736,True
34,4,5,F7,0.07073878,0.04368427,0.0843742,0.75,0.75,"[6, 2]",0.75,False,1.27964524,0.38720766,1.07219736,True
34,4,6,F8,0.09865715,-0.07209392,0.10649256,0.75,0.75,"[6, 2]",0.75,False,1.27964524,0.38720766,1.07219736,True
34,4,7,FCz,0.16139139,0.16139139,0.17129844,0.75,0.75,"[6, 2]",0.75,False,1.27964524,0.38720766,1.07219736,True
34,4,8,FC3,0.09599155,0.04957736,0.10654598,0.75,0.75,"[6, 2]",0.75,False,1.27964524,0.38720766,1.07219736,True
34,4,9,FC4,0.17473476,0.05061567,0.18294267,0.75,0.75,"[6, 2]",0.75,False,1.27964524,0.38720766,1.07219736,True
34,4,10,FT7,0.06183783,0.02530105,0.07592753,0.75,0.75,"[6, 2]",0.75,False,1.27964524,0.38720766,1.07219736,True
34,4,11,FT8,0.05893604,-0.00571132,0.06851323,0.75,0.75,"[6, 2]",0.75,False,1.27964524,0.38720766,1.07219736,True
34,4,12,Cz,0.07871113,-0.0212376,0.0842775,0.75,0.75,"[6, 2]",0.75,False,1.27964524,0.38720766,1.07219736,True
34,4,13,C3,0.05895406,-0.03332925,0.09381027,0.75,0.75,"[6, 2]",0.75,False,1.27964524,0.38720766,1.07219736,True
34,4,14,C4,0.18583474,-0.04927322,0.20866868,0.75,0.75,"[6, 2]",0.75,False,1.27964524,0.38720766,1.07219736,True
34,4,15,T3,0.13591215,0.13591215,0.16088451,0.75,0.75,"[6, 2]",0.75,False,1.27964524,0.38720766,1.07219736,True
34,4,16,T4,0.15047848,0.14011447,0.17177005,0.75,0.75,"[6, 2]",0.75,False,1.27964524,0.38720766,1.07219736,True
34,4,17,CP3,0.08881992,-0.01391532,0.10455506,0.75,0.75,"[6, 2]",0.75,False,1.27964524,0.38720766,1.07219736,True
34,4,18,CP4,0.11701641,0.0192575,0.1454263,0.75,0.75,"[6, 2]",0.75,False,1.27964524,0.38720766,1.07219736,True
34,4,19,TP7,0.06373715,0.03707418,0.06603336,0.75,0.75,"[6, 2]",0.75,False,1.27964524,0.38720766,1.07219736,True
34,4,20,TP8,0.13384888,-0.05129504,0.16172151,0.75,0.75,"[6, 2]",0.75,False,1.27964524,0.38720766,1.07219736,True
34,4,21,Pz,0.04082268,0.00573278,0.05654596,0.75,0.75,"[6, 2]",0.75,False,1.27964524,0.38720766,1.07219736,True
34,4,22,P3,0.07463577,0.04971318,0.09062118,0.75,0.75,"[6, 2]",0.75,False,1.27964524,0.38720766,1.07219736,True
34,4,23,P4,0.07418751,0.04445786,0.07485624,0.75,0.75,"[6, 2]",0.75,False,1.27964524,0.38720766,1.07219736,True
34,4,24,T5,0.08935548,-0.02024924,0.09739032,0.75,0.75,"[6, 2]",0.75,False,1.27964524,0.38720766,1.07219736,True
34,4,25,T6,0.10231058,-0.00527503,0.14156045,0.75,0.75,"[6, 2]",0.75,False,1.27964524,0.38720766,1.07219736,True
34,4,26,Oz,0.06139622,0.0172708,0.0700314,0.75,0.75,"[6, 2]",0.75,False,1.27964524,0.38720766,1.07219736,True
34,4,27,O1,0.1027345,0.04046414,0.10575786,0.75,0.75,"[6, 2]",0.75,False,1.27964524,0.38720766,1.07219736,True
34,4,28,O2,0.06277144,-0.03592979,0.07580508,0.75,0.75,"[6, 2]",0.75,False,1.27964524,0.38720766,1.07219736,True
34,5,0,Fp1,0.12312349,-0.10909098,0.1365775,0.75,0.75,"[2, 6]",0.75,False,0.18668352,0.04367911,0.15641958,True
34,5,1,Fp2,0.06047792,0.04536688,0.08609587,0.75,0.75,"[2, 6]",0.75,False,0.18668352,0.04367911,0.15641958,True
34,5,2,Fz,0.10093927,-0.09695192,0.11501162,0.75,0.75,"[2, 6]",0.75,False,0.18668352,0.04367911,0.15641958,True
34,5,3,F3,0.08030456,0.02798313,0.09116249,0.75,0.75,"[2, 6]",0.75,False,0.18668352,0.04367911,0.15641958,True
34,5,4,F4,0.08316971,0.00416087,0.09401184,0.75,0.75,"[2, 6]",0.75,False,0.18668352,0.04367911,0.15641958,True
34,5,5,F7,0.09164673,0.09164673,0.09925523,0.75,0.75,"[2, 6]",0.75,False,0.18668352,0.04367911,0.15641958,True
34,5,6,F8,0.07551773,-0.0432457,0.07845908,0.75,0.75,"[2, 6]",0.75,False,0.18668352,0.04367911,0.15641958,True
34,5,7,FCz,0.1145377,0.1145377,0.12389471,0.75,0.75,"[2, 6]",0.75,False,0.18668352,0.04367911,0.15641958,True
34,5,8,FC3,0.03751443,0.0180543,0.03910256,0.75,0.75,"[2, 6]",0.75,False,0.18668352,0.04367911,0.15641958,True
34,5,9,FC4,0.05436394,-0.05436394,0.06436361,0.75,0.75,"[2, 6]",0.75,False,0.18668352,0.04367911,0.15641958,True
34,5,10,FT7,0.08806782,-0.04380558,0.10237563,0.75,0.75,"[2, 6]",0.75,False,0.18668352,0.04367911,0.15641958,True
34,5,11,FT8,0.06836569,0.00066027,0.08131675,0.75,0.75,"[2, 6]",0.75,False,0.18668352,0.04367911,0.15641958,True
34,5,12,Cz,0.08975867,0.08975867,0.10494314,0.75,0.75,"[2, 6]",0.75,False,0.18668352,0.04367911,0.15641958,True
34,5,13,C3,0.11912552,0.08266822,0.1253466,0.75,0.75,"[2, 6]",0.75,False,0.18668352,0.04367911,0.15641958,True
34,5,14,C4,0.08881663,-0.0564468,0.09080722,0.75,0.75,"[2, 6]",0.75,False,0.18668352,0.04367911,0.15641958,True
34,5,15,T3,0.13219951,0.13219951,0.13834895,0.75,0.75,"[2, 6]",0.75,False,0.18668352,0.04367911,0.15641958,True
34,5,16,T4,0.12480175,0.03836564,0.14006793,0.75,0.75,"[2, 6]",0.75,False,0.18668352,0.04367911,0.15641958,True
34,5,17,CP3,0.12013236,0.03680753,0.13874856,0.75,0.75,"[2, 6]",0.75,False,0.18668352,0.04367911,0.15641958,True
34,5,18,CP4,0.10701984,0.0439317,0.11955003,0.75,0.75,"[2, 6]",0.75,False,0.18668352,0.04367911,0.15641958,True
34,5,19,TP7,0.0767832,-0.01918975,0.08215336,0.75,0.75,"[2, 6]",0.75,False,0.18668352,0.04367911,0.15641958,True
34,5,20,TP8,0.0858259,-0.03857764,0.09573974,0.75,0.75,"[2, 6]",0.75,False,0.18668352,0.04367911,0.15641958,True
34,5,21,Pz,0.15207916,-0.00179263,0.15221804,0.75,0.75,"[2, 6]",0.75,False,0.18668352,0.04367911,0.15641958,True
34,5,22,P3,0.10343866,0.10343866,0.11026479,0.75,0.75,"[2, 6]",0.75,False,0.18668352,0.04367911,0.15641958,True
34,5,23,P4,0.11723815,-0.10158461,0.12957332,0.75,0.75,"[2, 6]",0.75,False,0.18668352,0.04367911,0.15641958,True
34,5,24,T5,0.09407842,0.07188703,0.10507362,0.75,0.75,"[2, 6]",0.75,False,0.18668352,0.04367911,0.15641958,True
34,5,25,T6,0.08351319,-0.06455144,0.09881936,0.75,0.75,"[2, 6]",0.75,False,0.18668352,0.04367911,0.15641958,True
34,5,26,Oz,0.07172085,0.04030205,0.07561672,0.75,0.75,"[2, 6]",0.75,False,0.18668352,0.04367911,0.15641958,True
34,5,27,O1,0.12275141,0.05180535,0.13496925,0.75,0.75,"[2, 6]",0.75,False,0.18668352,0.04367911,0.15641958,True
34,5,28,O2,0.14230838,-0.02612472,0.14671959,0.75,0.75,"[2, 6]",0.75,False,0.18668352,0.04367911,0.15641958,True
35,1,0,Fp1,0.10897882,-0.09480396,0.12158865,0.375,0.375,"[3, 5]",0.625,False,0.02091581,0.00439225,0.01752508,True
35,1,1,Fp2,0.07834432,0.06188364,0.09547867,0.375,0.375,"[3, 5]",0.625,False,0.02091581,0.00439225,0.01752508,True
35,1,2,Fz,0.10260989,-0.09666979,0.11574648,0.375,0.375,"[3, 5]",0.625,False,0.02091581,0.00439225,0.01752508,True
35,1,3,F3,0.08675322,0.02760435,0.09390971,0.375,0.375,"[3, 5]",0.625,False,0.02091581,0.00439225,0.01752508,True
35,1,4,F4,0.09820976,0.01499229,0.10739773,0.375,0.375,"[3, 5]",0.625,False,0.02091581,0.00439225,0.01752508,True
35,1,5,F7,0.08501431,0.08249591,0.09861735,0.375,0.375,"[3, 5]",0.625,False,0.02091581,0.00439225,0.01752508,True
35,1,6,F8,0.07999917,-0.03013351,0.08093489,0.375,0.375,"[3, 5]",0.625,False,0.02091581,0.00439225,0.01752508,True
35,1,7,FCz,0.10012527,0.10012527,0.11512534,0.375,0.375,"[3, 5]",0.625,False,0.02091581,0.00439225,0.01752508,True
35,1,8,FC3,0.03147131,0.00528964,0.03792811,0.375,0.375,"[3, 5]",0.625,False,0.02091581,0.00439225,0.01752508,True
35,1,9,FC4,0.05573274,-0.05573274,0.07508847,0.375,0.375,"[3, 5]",0.625,False,0.02091581,0.00439225,0.01752508,True
35,1,10,FT7,0.09015744,-0.05876269,0.10367532,0.375,0.375,"[3, 5]",0.625,False,0.02091581,0.00439225,0.01752508,True
35,1,11,FT8,0.08158879,-0.00369477,0.09798642,0.375,0.375,"[3, 5]",0.625,False,0.02091581,0.00439225,0.01752508,True
35,1,12,Cz,0.07651998,0.07612793,0.09218484,0.375,0.375,"[3, 5]",0.625,False,0.02091581,0.00439225,0.01752508,True
35,1,13,C3,0.11555611,0.07158931,0.11744175,0.375,0.375,"[3, 5]",0.625,False,0.02091581,0.00439225,0.01752508,True
35,1,14,C4,0.08411232,-0.07434501,0.09498072,0.375,0.375,"[3, 5]",0.625,False,0.02091581,0.00439225,0.01752508,True
35,1,15,T3,0.1253081,0.1253081,0.13046078,0.375,0.375,"[3, 5]",0.625,False,0.02091581,0.00439225,0.01752508,True
35,1,16,T4,0.12259381,0.01098753,0.13452186,0.375,0.375,"[3, 5]",0.625,False,0.02091581,0.00439225,0.01752508,True
35,1,17,CP3,0.12001999,0.03201919,0.13842101,0.375,0.375,"[3, 5]",0.625,False,0.02091581,0.00439225,0.01752508,True
35,1,18,CP4,0.11182808,0.03614089,0.12843472,0.375,0.375,"[3, 5]",0.625,False,0.02091581,0.00439225,0.01752508,True
35,1,19,TP7,0.08424551,-0.01864924,0.09430999,0.375,0.375,"[3, 5]",0.625,False,0.02091581,0.00439225,0.01752508,True
35,1,20,TP8,0.08902888,-0.0618993,0.10966879,0.375,0.375,"[3, 5]",0.625,False,0.02091581,0.00439225,0.01752508,True
35,1,21,Pz,0.15306978,0.00621793,0.15325698,0.375,0.375,"[3, 5]",0.625,False,0.02091581,0.00439225,0.01752508,True
35,1,22,P3,0.10726142,0.10726142,0.11604945,0.375,0.375,"[3, 5]",0.625,False,0.02091581,0.00439225,0.01752508,True
35,1,23,P4,0.10410002,-0.09234656,0.11579711,0.375,0.375,"[3, 5]",0.625,False,0.02091581,0.00439225,0.01752508,True
35,1,24,T5,0.10458162,0.07348408,0.11441718,0.375,0.375,"[3, 5]",0.625,False,0.02091581,0.00439225,0.01752508,True
35,1,25,T6,0.08176729,-0.06310198,0.09295335,0.375,0.375,"[3, 5]",0.625,False,0.02091581,0.00439225,0.01752508,True
35,1,26,Oz,0.07775144,0.04122238,0.07981851,0.375,0.375,"[3, 5]",0.625,False,0.02091581,0.00439225,0.01752508,True
35,1,27,O1,0.12203,0.05609502,0.1326568,0.375,0.375,"[3, 5]",0.625,False,0.02091581,0.00439225,0.01752508,True
35,1,28,O2,0.14477523,-0.02473292,0.14775631,0.375,0.375,"[3, 5]",0.625,False,0.02091581,0.00439225,0.01752508,True
35,2,0,Fp1,0.10889675,-0.0972731,0.12288234,0.375,0.375,"[1, 7]",0.875,False,0.03562793,0.00674549,0.02985216,True
35,2,1,Fp2,0.07845846,0.06015512,0.0958574,0.375,0.375,"[1, 7]",0.875,False,0.03562793,0.00674549,0.02985216,True
35,2,2,Fz,0.10108562,-0.09555526,0.1142467,0.375,0.375,"[1, 7]",0.875,False,0.03562793,0.00674549,0.02985216,True
35,2,3,F3,0.08718928,0.02859957,0.09435054,0.375,0.375,"[1, 7]",0.875,False,0.03562793,0.00674549,0.02985216,True
35,2,4,F4,0.09695593,0.01521422,0.10609675,0.375,0.375,"[1, 7]",0.875,False,0.03562793,0.00674549,0.02985216,True
35,2,5,F7,0.08406339,0.08126508,0.09755415,0.375,0.375,"[1, 7]",0.875,False,0.03562793,0.00674549,0.02985216,True
35,2,6,F8,0.07860116,-0.02858238,0.07966954,0.375,0.375,"[1, 7]",0.875,False,0.03562793,0.00674549,0.02985216,True
35,2,7,FCz,0.09921868,0.09921868,0.11442865,0.375,0.375,"[1, 7]",0.875,False,0.03562793,0.00674549,0.02985216,True
35,2,8,FC3,0.02935625,0.00374914,0.03606669,0.375,0.375,"[1, 7]",0.875,False,0.03562793,0.00674549,0.02985216,True
35,2,9,FC4,0.05649047,-0.05649047,0.07599035,0.375,0.375,"[1, 7]",0.875,False,0.03562793,0.00674549,0.02985216,True
35,2,10,FT7,0.08851451,-0.05831878,0.10208535,0.375,0.375,"[1, 7]",0.875,False,0.03562793,0.00674549,0.02985216,True
35,2,11,FT8,0.08180401,-0.0044906,0.09778584,0.375,0.375,"[1, 7]",0.875,False,0.03562793,0.00674549,0.02985216,True
35,2,12,Cz,0.07753848,0.07632299,0.09262283,0.375,0.375,"[1, 7]",0.875,False,0.03562793,0.00674549,0.02985216,True
35,2,13,C3,0.11516697,0.07148151,0.11716701,0.375,0.375,"[1, 7]",0.875,False,0.03562793,0.00674549,0.02985216,True
35,2,14,C4,0.08642049,-0.07630903,0.09792613,0.375,0.375,"[1, 7]",0.875,False,0.03562793,0.00674549,0.02985216,True
35,2,15,T3,0.12684473,0.12684473,0.13194124,0.375,0.375,"[1, 7]",0.875,False,0.03562793,0.00674549,0.02985216,True
35,2,16,T4,0.12547232,0.01014774,0.1363688,0.375,0.375,"[1, 7]",0.875,False,0.03562793,0.00674549,0.02985216,True
35,2,17,CP3,0.12061287,0.03321007,0.1390368,0.375,0.375,"[1, 7]",0.875,False,0.03562793,0.00674549,0.02985216,True
35,2,18,CP4,0.10945926,0.03493397,0.12716317,0.375,0.375,"[1, 7]",0.875,False,0.03562793,0.00674549,0.02985216,True
35,2,19,TP7,0.08379173,-0.01598896,0.09353586,0.375,0.375,"[1, 7]",0.875,False,0.03562793,0.00674549,0.02985216,True
35,2,20,TP8,0.08716873,-0.06111266,0.10806419,0.375,0.375,"[1, 7]",0.875,False,0.03562793,0.00674549,0.02985216,True
35,2,21,Pz,0.15101188,0.00715559,0.15120849,0.375,0.375,"[1, 7]",0.875,False,0.03562793,0.00674549,0.02985216,True
35,2,22,P3,0.10921139,0.10921139,0.11809044,0.375,0.375,"[1, 7]",0.875,False,0.03562793,0.00674549,0.02985216,True
35,2,23,P4,0.10441753,-0.09396563,0.1164421,0.375,0.375,"[1, 7]",0.875,False,0.03562793,0.00674549,0.02985216,True
35,2,24,T5,0.10524494,0.07570568,0.11571574,0.375,0.375,"[1, 7]",0.875,False,0.03562793,0.00674549,0.02985216,True
35,2,25,T6,0.08337056,-0.06383771,0.09452999,0.375,0.375,"[1, 7]",0.875,False,0.03562793,0.00674549,0.02985216,True
35,2,26,Oz,0.07798848,0.04284446,0.08069912,0.375,0.375,"[1, 7]",0.875,False,0.03562793,0.00674549,0.02985216,True
35,2,27,O1,0.12191365,0.05825773,0.13307486,0.375,0.375,"[1, 7]",0.875,False,0.03562793,0.00674549,0.02985216,True
35,2,28,O2,0.14633295,-0.02413123,0.14906043,0.375,0.375,"[1, 7]",0.875,False,0.03562793,0.00674549,0.02985216,True
35,3,0,Fp1,0.10943483,-0.09622775,0.12253913,0.5,0.5,"[0, 8]",1.0,True,0.01231136,0.00220349,0.01031552,True
35,3,1,Fp2,0.07802194,0.06137715,0.09562038,0.5,0.5,"[0, 8]",1.0,True,0.01231136,0.00220349,0.01031552,True
35,3,2,Fz,0.10356195,-0.0973734,0.11671361,0.5,0.5,"[0, 8]",1.0,True,0.01231136,0.00220349,0.01031552,True
35,3,3,F3,0.08804065,0.02879199,0.09473126,0.5,0.5,"[0, 8]",1.0,True,0.01231136,0.00220349,0.01031552,True
35,3,4,F4,0.09814911,0.01377562,0.10783838,0.5,0.5,"[0, 8]",1.0,True,0.01231136,0.00220349,0.01031552,True
35,3,5,F7,0.08406492,0.08192661,0.09781391,0.5,0.5,"[0, 8]",1.0,True,0.01231136,0.00220349,0.01031552,True
35,3,6,F8,0.07791056,-0.02948078,0.07884505,0.5,0.5,"[0, 8]",1.0,True,0.01231136,0.00220349,0.01031552,True
35,3,7,FCz,0.09954271,0.09954271,0.11473255,0.5,0.5,"[0, 8]",1.0,True,0.01231136,0.00220349,0.01031552,True
35,3,8,FC3,0.0312233,0.00660912,0.0376981,0.5,0.5,"[0, 8]",1.0,True,0.01231136,0.00220349,0.01031552,True
35,3,9,FC4,0.05677105,-0.05677105,0.07563401,0.5,0.5,"[0, 8]",1.0,True,0.01231136,0.00220349,0.01031552,True
35,3,10,FT7,0.09057082,-0.05879454,0.10435987,0.5,0.5,"[0, 8]",1.0,True,0.01231136,0.00220349,0.01031552,True
35,3,11,FT8,0.08036611,-0.00456399,0.09736824,0.5,0.5,"[0, 8]",1.0,True,0.01231136,0.00220349,0.01031552,True
35,3,12,Cz,0.07703046,0.0764116,0.09274501,0.5,0.5,"[0, 8]",1.0,True,0.01231136,0.00220349,0.01031552,True
35,3,13,C3,0.11515701,0.07287793,0.11749215,0.5,0.5,"[0, 8]",1.0,True,0.01231136,0.00220349,0.01031552,True
35,3,14,C4,0.08533541,-0.07484741,0.09584212,0.5,0.5,"[0, 8]",1.0,True,0.01231136,0.00220349,0.01031552,True
35,3,15,T3,0.12594962,0.12594962,0.1312414,0.5,0.5,"[0, 8]",1.0,True,0.01231136,0.00220349,0.01031552,True
35,3,16,T4,0.12213844,0.01168105,0.13427639,0.5,0.5,"[0, 8]",1.0,True,0.01231136,0.00220349,0.01031552,True
35,3,17,CP3,0.12070368,0.03372339,0.13938959,0.5,0.5,"[0, 8]",1.0,True,0.01231136,0.00220349,0.01031552,True
35,3,18,CP4,0.11079228,0.0349867,0.12738362,0.5,0.5,"[0, 8]",1.0,True,0.01231136,0.00220349,0.01031552,True
35,3,19,TP7,0.08382602,-0.01882719,0.09383315,0.5,0.5,"[0, 8]",1.0,True,0.01231136,0.00220349,0.01031552,True
35,3,20,TP8,0.08971341,-0.06029236,0.10935386,0.5,0.5,"[0, 8]",1.0,True,0.01231136,0.00220349,0.01031552,True
35,3,21,Pz,0.15238126,0.00712348,0.15257983,0.5,0.5,"[0, 8]",1.0,True,0.01231136,0.00220349,0.01031552,True
35,3,22,P3,0.10839993,0.10839993,0.117564,0.5,0.5,"[0, 8]",1.0,True,0.01231136,0.00220349,0.01031552,True
35,3,23,P4,0.10436448,-0.09277374,0.11633249,0.5,0.5,"[0, 8]",1.0,True,0.01231136,0.00220349,0.01031552,True
35,3,24,T5,0.10407414,0.07278188,0.11359867,0.5,0.5,"[0, 8]",1.0,True,0.01231136,0.00220349,0.01031552,True
35,3,25,T6,0.08202335,-0.06373814,0.09336011,0.5,0.5,"[0, 8]",1.0,True,0.01231136,0.00220349,0.01031552,True
35,3,26,Oz,0.0783414,0.04213204,0.08068025,0.5,0.5,"[0, 8]",1.0,True,0.01231136,0.00220349,0.01031552,True
35,3,27,O1,0.1213117,0.05565218,0.13193849,0.5,0.5,"[0, 8]",1.0,True,0.01231136,0.00220349,0.01031552,True
35,3,28,O2,0.1452713,-0.02393964,0.14798893,0.5,0.5,"[0, 8]",1.0,True,0.01231136,0.00220349,0.01031552,True
35,4,0,Fp1,0.1092767,-0.09612297,0.12234203,0.625,0.625,"[1, 7]",0.875,False,0.01244712,0.00223516,0.01042927,True
35,4,1,Fp2,0.07805938,0.06181522,0.09591754,0.625,0.625,"[1, 7]",0.875,False,0.01244712,0.00223516,0.01042927,True
35,4,2,Fz,0.10359584,-0.09778273,0.11689918,0.625,0.625,"[1, 7]",0.875,False,0.01244712,0.00223516,0.01042927,True
35,4,3,F3,0.08756264,0.02683319,0.09473903,0.625,0.625,"[1, 7]",0.875,False,0.01244712,0.00223516,0.01042927,True
35,4,4,F4,0.09826221,0.01415169,0.10785224,0.625,0.625,"[1, 7]",0.875,False,0.01244712,0.00223516,0.01042927,True
35,4,5,F7,0.08327828,0.0810762,0.09690771,0.625,0.625,"[1, 7]",0.875,False,0.01244712,0.00223516,0.01042927,True
35,4,6,F8,0.07886279,-0.02969103,0.07985622,0.625,0.625,"[1, 7]",0.875,False,0.01244712,0.00223516,0.01042927,True
35,4,7,FCz,0.09934076,0.09934076,0.11454325,0.625,0.625,"[1, 7]",0.875,False,0.01244712,0.00223516,0.01042927,True
35,4,8,FC3,0.03085466,0.00490539,0.0376857,0.625,0.625,"[1, 7]",0.875,False,0.01244712,0.00223516,0.01042927,True
35,4,9,FC4,0.05644508,-0.05644508,0.07507042,0.625,0.625,"[1, 7]",0.875,False,0.01244712,0.00223516,0.01042927,True
35,4,10,FT7,0.09074826,-0.05870201,0.10431225,0.625,0.625,"[1, 7]",0.875,False,0.01244712,0.00223516,0.01042927,True
35,4,11,FT8,0.07996051,-0.00370514,0.09664015,0.625,0.625,"[1, 7]",0.875,False,0.01244712,0.00223516,0.01042927,True
35,4,12,Cz,0.07693947,0.07554411,0.09219639,0.625,0.625,"[1, 7]",0.875,False,0.01244712,0.00223516,0.01042927,True
35,4,13,C3,0.11465535,0.07192466,0.11679412,0.625,0.625,"[1, 7]",0.875,False,0.01244712,0.00223516,0.01042927,True
35,4,14,C4,0.08479445,-0.07379286,0.09501266,0.625,0.625,"[1, 7]",0.875,False,0.01244712,0.00223516,0.01042927,True
35,4,15,T3,0.12533124,0.12533124,0.13057992,0.625,0.625,"[1, 7]",0.875,False,0.01244712,0.00223516,0.01042927,True
35,4,16,T4,0.12267553,0.01215018,0.1348695,0.625,0.625,"[1, 7]",0.875,False,0.01244712,0.00223516,0.01042927,True
35,4,17,CP3,0.12141095,0.03284824,0.13964012,0.625,0.625,"[1, 7]",0.875,False,0.01244712,0.00223516,0.01042927,True
35,4,18,CP4,0.11142268,0.03578405,0.12800381,0.625,0.625,"[1, 7]",0.875,False,0.01244712,0.00223516,0.01042927,True
35,4,19,TP7,0.08385011,-0.01880091,0.09425403,0.625,0.625,"[1, 7]",0.875,False,0.01244712,0.00223516,0.01042927,True
35,4,20,TP8,0.08920441,-0.06046616,0.10903763,0.625,0.625,"[1, 7]",0.875,False,0.01244712,0.00223516,0.01042927,True
35,4,21,Pz,0.15175614,0.00650319,0.1519365,0.625,0.625,"[1, 7]",0.875,False,0.01244712,0.00223516,0.01042927,True
35,4,22,P3,0.10919777,0.10919777,0.11827066,0.625,0.625,"[1, 7]",0.875,False,0.01244712,0.00223516,0.01042927,True
35,4,23,P4,0.10401043,-0.09171353,0.11559091,0.625,0.625,"[1, 7]",0.875,False,0.01244712,0.00223516,0.01042927,True
35,4,24,T5,0.10475504,0.07291824,0.11420318,0.625,0.625,"[1, 7]",0.875,False,0.01244712,0.00223516,0.01042927,True
35,4,25,T6,0.08149083,-0.06300978,0.09301301,0.625,0.625,"[1, 7]",0.875,False,0.01244712,0.00223516,0.01042927,True
35,4,26,Oz,0.07818548,0.04199326,0.08048444,0.625,0.625,"[1, 7]",0.875,False,0.01244712,0.00223516,0.01042927,True
35,4,27,O1,0.12173348,0.05589361,0.13238129,0.625,0.625,"[1, 7]",0.875,False,0.01244712,0.00223516,0.01042927,True
35,4,28,O2,0.14469549,-0.0236497,0.1473545,0.625,0.625,"[1, 7]",0.875,False,0.01244712,0.00223516,0.01042927,True
35,5,0,Fp1,0.10997881,-0.09617591,0.12309111,0.5,0.5,"[0, 8]",1.0,True,0.01183522,0.0022621,0.00991657,True
35,5,1,Fp2,0.07743248,0.06133362,0.09497555,0.5,0.5,"[0, 8]",1.0,True,0.01183522,0.0022621,0.00991657,True
35,5,2,Fz,0.10390891,-0.09838107,0.11745004,0.5,0.5,"[0, 8]",1.0,True,0.01183522,0.0022621,0.00991657,True
35,5,3,F3,0.08782536,0.02684956,0.0950773,0.5,0.5,"[0, 8]",1.0,True,0.01183522,0.0022621,0.00991657,True
35,5,4,F4,0.09809535,0.01400869,0.10774752,0.5,0.5,"[0, 8]",1.0,True,0.01183522,0.0022621,0.00991657,True
35,5,5,F7,0.08365692,0.08113036,0.09712025,0.5,0.5,"[0, 8]",1.0,True,0.01183522,0.0022621,0.00991657,True
35,5,6,F8,0.07866791,-0.02952065,0.07969387,0.5,0.5,"[0, 8]",1.0,True,0.01183522,0.0022621,0.00991657,True
35,5,7,FCz,0.09901775,0.09901775,0.11463935,0.5,0.5,"[0, 8]",1.0,True,0.01183522,0.0022621,0.00991657,True
35,5,8,FC3,0.03061966,0.00500247,0.03752759,0.5,0.5,"[0, 8]",1.0,True,0.01183522,0.0022621,0.00991657,True
35,5,9,FC4,0.05715751,-0.05715751,0.07576606,0.5,0.5,"[0, 8]",1.0,True,0.01183522,0.0022621,0.00991657,True
35,5,10,FT7,0.09086753,-0.05897806,0.10425413,0.5,0.5,"[0, 8]",1.0,True,0.01183522,0.0022621,0.00991657,True
35,5,11,FT8,0.08003441,-0.00360624,0.0967738,0.5,0.5,"[0, 8]",1.0,True,0.01183522,0.0022621,0.00991657,True
35,5,12,Cz,0.07747451,0.075812,0.09281912,0.5,0.5,"[0, 8]",1.0,True,0.01183522,0.0022621,0.00991657,True
35,5,13,C3,0.1145168,0.07164677,0.11655575,0.5,0.5,"[0, 8]",1.0,True,0.01183522,0.0022621,0.00991657,True
35,5,14,C4,0.08562207,-0.07436065,0.09576903,0.5,0.5,"[0, 8]",1.0,True,0.01183522,0.0022621,0.00991657,True
35,5,15,T3,0.12590833,0.12590833,0.13106927,0.5,0.5,"[0, 8]",1.0,True,0.01183522,0.0022621,0.00991657,True
35,5,16,T4,0.1219489,0.01310274,0.13386993,0.5,0.5,"[0, 8]",1.0,True,0.01183522,0.0022621,0.00991657,True
35,5,17,CP3,0.12202218,0.03266017,0.14016835,0.5,0.5,"[0, 8]",1.0,True,0.01183522,0.0022621,0.00991657,True
35,5,18,CP4,0.11114349,0.03540689,0.12757935,0.5,0.5,"[0, 8]",1.0,True,0.01183522,0.0022621,0.00991657,True
35,5,19,TP7,0.08425406,-0.01882247,0.09436695,0.5,0.5,"[0, 8]",1.0,True,0.01183522,0.0022621,0.00991657,True
35,5,20,TP8,0.08780038,-0.05944676,0.10729359,0.5,0.5,"[0, 8]",1.0,True,0.01183522,0.0022621,0.00991657,True
35,5,21,Pz,0.15278009,0.00722746,0.1529897,0.5,0.5,"[0, 8]",1.0,True,0.01183522,0.0022621,0.00991657,True
35,5,22,P3,0.10865365,0.10865365,0.11792905,0.5,0.5,"[0, 8]",1.0,True,0.01183522,0.0022621,0.00991657,True
35,5,23,P4,0.10383616,-0.09193608,0.11554781,0.5,0.5,"[0, 8]",1.0,True,0.01183522,0.0022621,0.00991657,True
35,5,24,T5,0.10497866,0.0725847,0.11429895,0.5,0.5,"[0, 8]",1.0,True,0.01183522,0.0022621,0.00991657,True
35,5,25,T6,0.08094259,-0.06195416,0.09212957,0.5,0.5,"[0, 8]",1.0,True,0.01183522,0.0022621,0.00991657,True
35,5,26,Oz,0.0786048,0.04223164,0.08089427,0.5,0.5,"[0, 8]",1.0,True,0.01183522,0.0022621,0.00991657,True
35,5,27,O1,0.1221116,0.05637689,0.1321661,0.5,0.5,"[0, 8]",1.0,True,0.01183522,0.0022621,0.00991657,True
35,5,28,O2,0.1450606,-0.02324732,0.14768964,0.5,0.5,"[0, 8]",1.0,True,0.01183522,0.0022621,0.00991657,True
36,1,0,Fp1,0.10987481,-0.09614271,0.12273961,0.5,0.5,"[0, 8]",1.0,True,0.01350426,0.00225621,0.01131504,True
36,1,1,Fp2,0.0787257,0.06145287,0.09636973,0.5,0.5,"[0, 8]",1.0,True,0.01350426,0.00225621,0.01131504,True
36,1,2,Fz,0.10301992,-0.09797795,0.11656508,0.5,0.5,"[0, 8]",1.0,True,0.01350426,0.00225621,0.01131504,True
36,1,3,F3,0.08798926,0.02724375,0.09485777,0.5,0.5,"[0, 8]",1.0,True,0.01350426,0.00225621,0.01131504,True
36,1,4,F4,0.0970591,0.01156654,0.10756488,0.5,0.5,"[0, 8]",1.0,True,0.01350426,0.00225621,0.01131504,True
36,1,5,F7,0.08395662,0.08200789,0.09791858,0.5,0.5,"[0, 8]",1.0,True,0.01350426,0.00225621,0.01131504,True
36,1,6,F8,0.078468,-0.02985382,0.0794025,0.5,0.5,"[0, 8]",1.0,True,0.01350426,0.00225621,0.01131504,True
36,1,7,FCz,0.09849876,0.09849876,0.11375593,0.5,0.5,"[0, 8]",1.0,True,0.01350426,0.00225621,0.01131504,True
36,1,8,FC3,0.03109709,0.00500083,0.03801816,0.5,0.5,"[0, 8]",1.0,True,0.01350426,0.00225621,0.01131504,True
36,1,9,FC4,0.05827668,-0.05827668,0.07718383,0.5,0.5,"[0, 8]",1.0,True,0.01350426,0.00225621,0.01131504,True
36,1,10,FT7,0.09037299,-0.05859932,0.10418273,0.5,0.5,"[0, 8]",1.0,True,0.01350426,0.00225621,0.01131504,True
36,1,11,FT8,0.08056971,-0.0034633,0.09668694,0.5,0.5,"[0, 8]",1.0,True,0.01350426,0.00225621,0.01131504,True
36,1,12,Cz,0.0775322,0.07539767,0.09263386,0.5,0.5,"[0, 8]",1.0,True,0.01350426,0.00225621,0.01131504,True
36,1,13,C3,0.11492868,0.07205009,0.1170327,0.5,0.5,"[0, 8]",1.0,True,0.01350426,0.00225621,0.01131504,True
36,1,14,C4,0.08539486,-0.07382523,0.09516596,0.5,0.5,"[0, 8]",1.0,True,0.01350426,0.00225621,0.01131504,True
36,1,15,T3,0.12742192,0.12742192,0.13257918,0.5,0.5,"[0, 8]",1.0,True,0.01350426,0.00225621,0.01131504,True
36,1,16,T4,0.12270205,0.01415784,0.1352987,0.5,0.5,"[0, 8]",1.0,True,0.01350426,0.00225621,0.01131504,True
36,1,17,CP3,0.12100363,0.03312131,0.1390579,0.5,0.5,"[0, 8]",1.0,True,0.01350426,0.00225621,0.01131504,True
36,1,18,CP4,0.11037087,0.03440966,0.1274305,0.5,0.5,"[0, 8]",1.0,True,0.01350426,0.00225621,0.01131504,True
36,1,19,TP7,0.08496626,-0.01817793,0.09500384,0.5,0.5,"[0, 8]",1.0,True,0.01350426,0.00225621,0.01131504,True
36,1,20,TP8,0.08831619,-0.05911369,0.10757585,0.5,0.5,"[0, 8]",1.0,True,0.01350426,0.00225621,0.01131504,True
36,1,21,Pz,0.15339424,0.00777446,0.15362798,0.5,0.5,"[0, 8]",1.0,True,0.01350426,0.00225621,0.01131504,True
36,1,22,P3,0.10814902,0.10814902,0.11742981,0.5,0.5,"[0, 8]",1.0,True,0.01350426,0.00225621,0.01131504,True
36,1,23,P4,0.10414564,-0.09207098,0.11582886,0.5,0.5,"[0, 8]",1.0,True,0.01350426,0.00225621,0.01131504,True
36,1,24,T5,0.10595815,0.07348086,0.11514986,0.5,0.5,"[0, 8]",1.0,True,0.01350426,0.00225621,0.01131504,True
36,1,25,T6,0.08099745,-0.06143823,0.09168413,0.5,0.5,"[0, 8]",1.0,True,0.01350426,0.00225621,0.01131504,True
36,1,26,Oz,0.07798414,0.04217201,0.08043484,0.5,0.5,"[0, 8]",1.0,True,0.01350426,0.00225621,0.01131504,True
36,1,27,O1,0.12078272,0.05570088,0.13135955,0.5,0.5,"[0, 8]",1.0,True,0.01350426,0.00225621,0.01131504,True
36,1,28,O2,0.14452565,-0.02279178,0.14711465,0.5,0.5,"[0, 8]",1.0,True,0.01350426,0.00225621,0.01131504,True
36,2,0,Fp1,0.1100332,-0.09600623,0.12263938,0.5,0.5,"[0, 8]",1.0,True,0.00983489,0.00202698,0.00824052,True
36,2,1,Fp2,0.07809977,0.06136888,0.09593414,0.5,0.5,"[0, 8]",1.0,True,0.00983489,0.00202698,0.00824052,True
36,2,2,Fz,0.10446666,-0.09891693,0.11803439,0.5,0.5,"[0, 8]",1.0,True,0.00983489,0.00202698,0.00824052,True
36,2,3,F3,0.08754613,0.02735658,0.09450579,0.5,0.5,"[0, 8]",1.0,True,0.00983489,0.00202698,0.00824052,True
36,2,4,F4,0.09691954,0.01198026,0.10728301,0.5,0.5,"[0, 8]",1.0,True,0.00983489,0.00202698,0.00824052,True
36,2,5,F7,0.0834343,0.08160388,0.09735037,0.5,0.5,"[0, 8]",1.0,True,0.00983489,0.00202698,0.00824052,True
36,2,6,F8,0.07697208,-0.0292197,0.07793424,0.5,0.5,"[0, 8]",1.0,True,0.00983489,0.00202698,0.00824052,True
36,2,7,FCz,0.09838926,0.09838926,0.1134007,0.5,0.5,"[0, 8]",1.0,True,0.00983489,0.00202698,0.00824052,True
36,2,8,FC3,0.03163828,0.00607709,0.03846583,0.5,0.5,"[0, 8]",1.0,True,0.00983489,0.00202698,0.00824052,True
36,2,9,FC4,0.05763204,-0.05763204,0.07651906,0.5,0.5,"[0, 8]",1.0,True,0.00983489,0.00202698,0.00824052,True
36,2,10,FT7,0.0897974,-0.05850434,0.1039657,0.5,0.5,"[0, 8]",1.0,True,0.00983489,0.00202698,0.00824052,True
36,2,11,FT8,0.08008904,-0.00295813,0.09692984,0.5,0.5,"[0, 8]",1.0,True,0.00983489,0.00202698,0.00824052,True
36,2,12,Cz,0.07666233,0.07447764,0.09161779,0.5,0.5,"[0, 8]",1.0,True,0.00983489,0.00202698,0.00824052,True
36,2,13,C3,0.11421356,0.07190336,0.11642437,0.5,0.5,"[0, 8]",1.0,True,0.00983489,0.00202698,0.00824052,True
36,2,14,C4,0.08552803,-0.07441019,0.09569052,0.5,0.5,"[0, 8]",1.0,True,0.00983489,0.00202698,0.00824052,True
36,2,15,T3,0.12778178,0.12778178,0.13296969,0.5,0.5,"[0, 8]",1.0,True,0.00983489,0.00202698,0.00824052,True
36,2,16,T4,0.12252016,0.01395815,0.13517918,0.5,0.5,"[0, 8]",1.0,True,0.00983489,0.00202698,0.00824052,True
36,2,17,CP3,0.12131839,0.03249259,0.13942449,0.5,0.5,"[0, 8]",1.0,True,0.00983489,0.00202698,0.00824052,True
36,2,18,CP4,0.11076228,0.03422553,0.12769639,0.5,0.5,"[0, 8]",1.0,True,0.00983489,0.00202698,0.00824052,True
36,2,19,TP7,0.08421622,-0.01867039,0.09385137,0.5,0.5,"[0, 8]",1.0,True,0.00983489,0.00202698,0.00824052,True
36,2,20,TP8,0.08933873,-0.05915806,0.10840721,0.5,0.5,"[0, 8]",1.0,True,0.00983489,0.00202698,0.00824052,True
36,2,21,Pz,0.15337023,0.00706053,0.15355755,0.5,0.5,"[0, 8]",1.0,True,0.00983489,0.00202698,0.00824052,True
36,2,22,P3,0.10790963,0.10790963,0.11702328,0.5,0.5,"[0, 8]",1.0,True,0.00983489,0.00202698,0.00824052,True
36,2,23,P4,0.10517966,-0.09275754,0.11685499,0.5,0.5,"[0, 8]",1.0,True,0.00983489,0.00202698,0.00824052,True
36,2,24,T5,0.10450657,0.07327241,0.113968,0.5,0.5,"[0, 8]",1.0,True,0.00983489,0.00202698,0.00824052,True
36,2,25,T6,0.08082554,-0.06210747,0.09232485,0.5,0.5,"[0, 8]",1.0,True,0.00983489,0.00202698,0.00824052,True
36,2,26,Oz,0.07705616,0.04228085,0.0795786,0.5,0.5,"[0, 8]",1.0,True,0.00983489,0.00202698,0.00824052,True
36,2,27,O1,0.12175521,0.05594964,0.13228582,0.5,0.5,"[0, 8]",1.0,True,0.00983489,0.00202698,0.00824052,True
36,2,28,O2,0.14382544,-0.02296895,0.1464579,0.5,0.5,"[0, 8]",1.0,True,0.00983489,0.00202698,0.00824052,True
36,3,0,Fp1,0.09965222,-0.06445748,0.10790061,0.5,0.5,"[0, 8]",1.0,True,0.78926069,0.22165532,0.6613108,True
36,3,1,Fp2,0.07760958,0.06767862,0.08596685,0.5,0.5,"[0, 8]",1.0,True,0.78926069,0.22165532,0.6613108,True
36,3,2,Fz,0.14721498,-0.14721498,0.1779279,0.5,0.5,"[0, 8]",1.0,True,0.78926069,0.22165532,0.6613108,True
36,3,3,F3,0.06367968,-0.04940528,0.1073547,0.5,0.5,"[0, 8]",1.0,True,0.78926069,0.22165532,0.6613108,True
36,3,4,F4,0.08975001,0.08975001,0.10099315,0.5,0.5,"[0, 8]",1.0,True,0.78926069,0.22165532,0.6613108,True
36,3,5,F7,0.1108721,0.1108721,0.12345133,0.5,0.5,"[0, 8]",1.0,True,0.78926069,0.22165532,0.6613108,True
36,3,6,F8,0.10020698,-0.04107326,0.1099911,0.5,0.5,"[0, 8]",1.0,True,0.78926069,0.22165532,0.6613108,True
36,3,7,FCz,0.05041644,0.02703829,0.05495758,0.5,0.5,"[0, 8]",1.0,True,0.78926069,0.22165532,0.6613108,True
36,3,8,FC3,0.03034148,-0.01406411,0.04512532,0.5,0.5,"[0, 8]",1.0,True,0.78926069,0.22165532,0.6613108,True
36,3,9,FC4,0.04665826,-0.00848892,0.04939894,0.5,0.5,"[0, 8]",1.0,True,0.78926069,0.22165532,0.6613108,True
36,3,10,FT7,0.09897892,-0.08469726,0.15033793,0.5,0.5,"[0, 8]",1.0,True,0.78926069,0.22165532,0.6613108,True
36,3,11,FT8,0.08754815,0.01482826,0.10096008,0.5,0.5,"[0, 8]",1.0,True,0.78926069,0.22165532,0.6613108,True
36,3,12,Cz,0.04095782,0.0334174,0.05091037,0.5,0.5,"[0, 8]",1.0,True,0.78926069,0.22165532,0.6613108,True
36,3,13,C3,0.14605375,0.13875003,0.17003554,0.5,0.5,"[0, 8]",1.0,True,0.78926069,0.22165532,0.6613108,True
36,3,14,C4,0.05527035,-0.05527035,0.08084457,0.5,0.5,"[0, 8]",1.0,True,0.78926069,0.22165532,0.6613108,True
36,3,15,T3,0.10972142,0.10972142,0.13151258,0.5,0.5,"[0, 8]",1.0,True,0.78926069,0.22165532,0.6613108,True
36,3,16,T4,0.08774929,-0.01246778,0.09706169,0.5,0.5,"[0, 8]",1.0,True,0.78926069,0.22165532,0.6613108,True
36,3,17,CP3,0.10751193,0.01691195,0.13993356,0.5,0.5,"[0, 8]",1.0,True,0.78926069,0.22165532,0.6613108,True
36,3,18,CP4,0.104173,0.03115894,0.11843637,0.5,0.5,"[0, 8]",1.0,True,0.78926069,0.22165532,0.6613108,True
36,3,19,TP7,0.08701556,0.00940962,0.09327658,0.5,0.5,"[0, 8]",1.0,True,0.78926069,0.22165532,0.6613108,True
36,3,20,TP8,0.06533935,0.02759297,0.07306936,0.5,0.5,"[0, 8]",1.0,True,0.78926069,0.22165532,0.6613108,True
36,3,21,Pz,0.0791811,0.06871855,0.10725535,0.5,0.5,"[0, 8]",1.0,True,0.78926069,0.22165532,0.6613108,True
36,3,22,P3,0.07336847,0.02282233,0.0970403,0.5,0.5,"[0, 8]",1.0,True,0.78926069,0.22165532,0.6613108,True
36,3,23,P4,0.11259163,-0.10252756,0.13214387,0.5,0.5,"[0, 8]",1.0,True,0.78926069,0.22165532,0.6613108,True
36,3,24,T5,0.10463105,0.04691683,0.12444529,0.5,0.5,"[0, 8]",1.0,True,0.78926069,0.22165532,0.6613108,True
36,3,25,T6,0.10929544,-0.10929544,0.12185118,0.5,0.5,"[0, 8]",1.0,True,0.78926069,0.22165532,0.6613108,True
36,3,26,Oz,0.10017347,0.07709748,0.10598705,0.5,0.5,"[0, 8]",1.0,True,0.78926069,0.22165532,0.6613108,True
36,3,27,O1,0.10811572,0.00394423,0.11154708,0.5,0.5,"[0, 8]",1.0,True,0.78926069,0.22165532,0.6613108,True
36,3,28,O2,0.14988007,-0.0423255,0.15980317,0.5,0.5,"[0, 8]",1.0,True,0.78926069,0.22165532,0.6613108,True
36,4,0,Fp1,0.10041325,-0.08430061,0.10986213,0.5,0.5,"[2, 6]",0.75,False,0.24762287,0.05813455,0.20747983,True
36,4,1,Fp2,0.09439218,0.08238028,0.11040579,0.5,0.5,"[2, 6]",0.75,False,0.24762287,0.05813455,0.20747983,True
36,4,2,Fz,0.11574271,-0.11574271,0.13319941,0.5,0.5,"[2, 6]",0.75,False,0.24762287,0.05813455,0.20747983,True
36,4,3,F3,0.07849114,0.00674143,0.09591077,0.5,0.5,"[2, 6]",0.75,False,0.24762287,0.05813455,0.20747983,True
36,4,4,F4,0.08117805,0.00966511,0.09189707,0.5,0.5,"[2, 6]",0.75,False,0.24762287,0.05813455,0.20747983,True
36,4,5,F7,0.07625242,0.07625242,0.08451314,0.5,0.5,"[2, 6]",0.75,False,0.24762287,0.05813455,0.20747983,True
36,4,6,F8,0.0747972,-0.02029417,0.07864144,0.5,0.5,"[2, 6]",0.75,False,0.24762287,0.05813455,0.20747983,True
36,4,7,FCz,0.09559119,0.07544832,0.10620143,0.5,0.5,"[2, 6]",0.75,False,0.24762287,0.05813455,0.20747983,True
36,4,8,FC3,0.02298062,0.01108717,0.02674562,0.5,0.5,"[2, 6]",0.75,False,0.24762287,0.05813455,0.20747983,True
36,4,9,FC4,0.0598462,-0.0415759,0.07042142,0.5,0.5,"[2, 6]",0.75,False,0.24762287,0.05813455,0.20747983,True
36,4,10,FT7,0.0983707,-0.08084077,0.12443799,0.5,0.5,"[2, 6]",0.75,False,0.24762287,0.05813455,0.20747983,True
36,4,11,FT8,0.08632351,0.02007436,0.10225108,0.5,0.5,"[2, 6]",0.75,False,0.24762287,0.05813455,0.20747983,True
36,4,12,Cz,0.06882901,0.03930948,0.06992035,0.5,0.5,"[2, 6]",0.75,False,0.24762287,0.05813455,0.20747983,True
36,4,13,C3,0.13657328,0.09158705,0.14486694,0.5,0.5,"[2, 6]",0.75,False,0.24762287,0.05813455,0.20747983,True
36,4,14,C4,0.0962019,-0.05660435,0.10202997,0.5,0.5,"[2, 6]",0.75,False,0.24762287,0.05813455,0.20747983,True
36,4,15,T3,0.11295796,0.11295796,0.11987726,0.5,0.5,"[2, 6]",0.75,False,0.24762287,0.05813455,0.20747983,True
36,4,16,T4,0.11724955,0.01405663,0.12891176,0.5,0.5,"[2, 6]",0.75,False,0.24762287,0.05813455,0.20747983,True
36,4,17,CP3,0.12278263,0.03062285,0.14309922,0.5,0.5,"[2, 6]",0.75,False,0.24762287,0.05813455,0.20747983,True
36,4,18,CP4,0.10347982,0.00544517,0.12565123,0.5,0.5,"[2, 6]",0.75,False,0.24762287,0.05813455,0.20747983,True
36,4,19,TP7,0.07030585,-0.01933623,0.08287165,0.5,0.5,"[2, 6]",0.75,False,0.24762287,0.05813455,0.20747983,True
36,4,20,TP8,0.09902619,-0.06196476,0.11734165,0.5,0.5,"[2, 6]",0.75,False,0.24762287,0.05813455,0.20747983,True
36,4,21,Pz,0.15659797,0.02226739,0.15875834,0.5,0.5,"[2, 6]",0.75,False,0.24762287,0.05813455,0.20747983,True
36,4,22,P3,0.09506863,0.09506863,0.11708965,0.5,0.5,"[2, 6]",0.75,False,0.24762287,0.05813455,0.20747983,True
36,4,23,P4,0.09580835,-0.08601497,0.10631867,0.5,0.5,"[2, 6]",0.75,False,0.24762287,0.05813455,0.20747983,True
36,4,24,T5,0.10259679,0.06388115,0.10967112,0.5,0.5,"[2, 6]",0.75,False,0.24762287,0.05813455,0.20747983,True
36,4,25,T6,0.08159237,-0.06401023,0.09706622,0.5,0.5,"[2, 6]",0.75,False,0.24762287,0.05813455,0.20747983,True
36,4,26,Oz,0.07476229,0.0459222,0.0785753,0.5,0.5,"[2, 6]",0.75,False,0.24762287,0.05813455,0.20747983,True
36,4,27,O1,0.11295032,0.04412203,0.12491015,0.5,0.5,"[2, 6]",0.75,False,0.24762287,0.05813455,0.20747983,True
36,4,28,O2,0.12567863,-0.03330676,0.13031727,0.5,0.5,"[2, 6]",0.75,False,0.24762287,0.05813455,0.20747983,True
36,5,0,Fp1,0.1099535,-0.09575593,0.12271081,0.5,0.5,"[0, 8]",1.0,True,0.01098593,0.00204314,0.00920496,True
36,5,1,Fp2,0.078444,0.06207792,0.09615476,0.5,0.5,"[0, 8]",1.0,True,0.01098593,0.00204314,0.00920496,True
36,5,2,Fz,0.10303531,-0.09802276,0.11661176,0.5,0.5,"[0, 8]",1.0,True,0.01098593,0.00204314,0.00920496,True
36,5,3,F3,0.08749302,0.0268107,0.09454034,0.5,0.5,"[0, 8]",1.0,True,0.01098593,0.00204314,0.00920496,True
36,5,4,F4,0.09671727,0.01221455,0.10706434,0.5,0.5,"[0, 8]",1.0,True,0.01098593,0.00204314,0.00920496,True
36,5,5,F7,0.08318193,0.08120888,0.09684639,0.5,0.5,"[0, 8]",1.0,True,0.01098593,0.00204314,0.00920496,True
36,5,6,F8,0.07766059,-0.02975493,0.07854304,0.5,0.5,"[0, 8]",1.0,True,0.01098593,0.00204314,0.00920496,True
36,5,7,FCz,0.09895215,0.09895215,0.11390274,0.5,0.5,"[0, 8]",1.0,True,0.01098593,0.00204314,0.00920496,True
36,5,8,FC3,0.03124729,0.00570146,0.03803579,0.5,0.5,"[0, 8]",1.0,True,0.01098593,0.00204314,0.00920496,True
36,5,9,FC4,0.05792079,-0.05792079,0.07639208,0.5,0.5,"[0, 8]",1.0,True,0.01098593,0.00204314,0.00920496,True
36,5,10,FT7,0.09073934,-0.05913975,0.10465115,0.5,0.5,"[0, 8]",1.0,True,0.01098593,0.00204314,0.00920496,True
36,5,11,FT8,0.07980324,-0.00435148,0.09721366,0.5,0.5,"[0, 8]",1.0,True,0.01098593,0.00204314,0.00920496,True
36,5,12,Cz,0.07658313,0.07466544,0.09162816,0.5,0.5,"[0, 8]",1.0,True,0.01098593,0.00204314,0.00920496,True
36,5,13,C3,0.11578459,0.07280996,0.11784252,0.5,0.5,"[0, 8]",1.0,True,0.01098593,0.00204314,0.00920496,True
36,5,14,C4,0.08534916,-0.07426326,0.09534693,0.5,0.5,"[0, 8]",1.0,True,0.01098593,0.00204314,0.00920496,True
36,5,15,T3,0.12743707,0.12743707,0.13277726,0.5,0.5,"[0, 8]",1.0,True,0.01098593,0.00204314,0.00920496,True
36,5,16,T4,0.12263536,0.01316997,0.13526803,0.5,0.5,"[0, 8]",1.0,True,0.01098593,0.00204314,0.00920496,True
36,5,17,CP3,0.12127507,0.03363351,0.13942531,0.5,0.5,"[0, 8]",1.0,True,0.01098593,0.00204314,0.00920496,True
36,5,18,CP4,0.10958612,0.03386727,0.12645108,0.5,0.5,"[0, 8]",1.0,True,0.01098593,0.00204314,0.00920496,True
36,5,19,TP7,0.08476288,-0.01765269,0.09435017,0.5,0.5,"[0, 8]",1.0,True,0.01098593,0.00204314,0.00920496,True
36,5,20,TP8,0.08873378,-0.05984018,0.10834872,0.5,0.5,"[0, 8]",1.0,True,0.01098593,0.00204314,0.00920496,True
36,5,21,Pz,0.15300344,0.00762756,0.15322229,0.5,0.5,"[0, 8]",1.0,True,0.01098593,0.00204314,0.00920496,True
36,5,22,P3,0.10767432,0.10767432,0.11682247,0.5,0.5,"[0, 8]",1.0,True,0.01098593,0.00204314,0.00920496,True
36,5,23,P4,0.10490258,-0.0930488,0.11684139,0.5,0.5,"[0, 8]",1.0,True,0.01098593,0.00204314,0.00920496,True
36,5,24,T5,0.10546045,0.07387799,0.11494706,0.5,0.5,"[0, 8]",1.0,True,0.01098593,0.00204314,0.00920496,True
36,5,25,T6,0.08165359,-0.06214984,0.09294344,0.5,0.5,"[0, 8]",1.0,True,0.01098593,0.00204314,0.00920496,True
36,5,26,Oz,0.07768941,0.04186834,0.08000872,0.5,0.5,"[0, 8]",1.0,True,0.01098593,0.00204314,0.00920496,True
36,5,27,O1,0.12173282,0.05591958,0.13233545,0.5,0.5,"[0, 8]",1.0,True,0.01098593,0.00204314,0.00920496,True
36,5,28,O2,0.14443831,-0.02361852,0.14724149,0.5,0.5,"[0, 8]",1.0,True,0.01098593,0.00204314,0.00920496,True
37,1,0,Fp1,0.10934706,-0.09571832,0.12207762,0.5,0.5,"[0, 8]",1.0,True,0.01103503,0.00218287,0.0092461,True
37,1,1,Fp2,0.0779438,0.06106933,0.09556247,0.5,0.5,"[0, 8]",1.0,True,0.01103503,0.00218287,0.0092461,True
37,1,2,Fz,0.10436475,-0.09826434,0.11758427,0.5,0.5,"[0, 8]",1.0,True,0.01103503,0.00218287,0.0092461,True
37,1,3,F3,0.08767524,0.02801616,0.09418163,0.5,0.5,"[0, 8]",1.0,True,0.01103503,0.00218287,0.0092461,True
37,1,4,F4,0.09678032,0.01187181,0.10723394,0.5,0.5,"[0, 8]",1.0,True,0.01103503,0.00218287,0.0092461,True
37,1,5,F7,0.08487561,0.08260936,0.09871636,0.5,0.5,"[0, 8]",1.0,True,0.01103503,0.00218287,0.0092461,True
37,1,6,F8,0.07821934,-0.0304371,0.07906531,0.5,0.5,"[0, 8]",1.0,True,0.01103503,0.00218287,0.0092461,True
37,1,7,FCz,0.0995207,0.0995207,0.11445838,0.5,0.5,"[0, 8]",1.0,True,0.01103503,0.00218287,0.0092461,True
37,1,8,FC3,0.030962,0.00686635,0.03760141,0.5,0.5,"[0, 8]",1.0,True,0.01103503,0.00218287,0.0092461,True
37,1,9,FC4,0.05815801,-0.05815801,0.07644013,0.5,0.5,"[0, 8]",1.0,True,0.01103503,0.00218287,0.0092461,True
37,1,10,FT7,0.0903094,-0.0573693,0.10353699,0.5,0.5,"[0, 8]",1.0,True,0.01103503,0.00218287,0.0092461,True
37,1,11,FT8,0.08006635,-0.00437107,0.09746618,0.5,0.5,"[0, 8]",1.0,True,0.01103503,0.00218287,0.0092461,True
37,1,12,Cz,0.07786532,0.07567681,0.0930938,0.5,0.5,"[0, 8]",1.0,True,0.01103503,0.00218287,0.0092461,True
37,1,13,C3,0.11477652,0.0728495,0.11719094,0.5,0.5,"[0, 8]",1.0,True,0.01103503,0.00218287,0.0092461,True
37,1,14,C4,0.085678,-0.07527827,0.09642138,0.5,0.5,"[0, 8]",1.0,True,0.01103503,0.00218287,0.0092461,True
37,1,15,T3,0.12753147,0.12753147,0.13302234,0.5,0.5,"[0, 8]",1.0,True,0.01103503,0.00218287,0.0092461,True
37,1,16,T4,0.12147659,0.01258933,0.13407424,0.5,0.5,"[0, 8]",1.0,True,0.01103503,0.00218287,0.0092461,True
37,1,17,CP3,0.12157698,0.03314377,0.14018551,0.5,0.5,"[0, 8]",1.0,True,0.01103503,0.00218287,0.0092461,True
37,1,18,CP4,0.11111814,0.03471211,0.12796371,0.5,0.5,"[0, 8]",1.0,True,0.01103503,0.00218287,0.0092461,True
37,1,19,TP7,0.08427624,-0.01867335,0.09410759,0.5,0.5,"[0, 8]",1.0,True,0.01103503,0.00218287,0.0092461,True
37,1,20,TP8,0.08985677,-0.05960468,0.10901187,0.5,0.5,"[0, 8]",1.0,True,0.01103503,0.00218287,0.0092461,True
37,1,21,Pz,0.15272993,0.00670931,0.1529077,0.5,0.5,"[0, 8]",1.0,True,0.01103503,0.00218287,0.0092461,True
37,1,22,P3,0.10826395,0.10826395,0.11753826,0.5,0.5,"[0, 8]",1.0,True,0.01103503,0.00218287,0.0092461,True
37,1,23,P4,0.10519379,-0.09303164,0.11690623,0.5,0.5,"[0, 8]",1.0,True,0.01103503,0.00218287,0.0092461,True
37,1,24,T5,0.10466293,0.07331296,0.11392704,0.5,0.5,"[0, 8]",1.0,True,0.01103503,0.00218287,0.0092461,True
37,1,25,T6,0.08061456,-0.06273581,0.09218962,0.5,0.5,"[0, 8]",1.0,True,0.01103503,0.00218287,0.0092461,True
37,1,26,Oz,0.07714729,0.04221517,0.07966259,0.5,0.5,"[0, 8]",1.0,True,0.01103503,0.00218287,0.0092461,True
37,1,27,O1,0.1213034,0.05591667,0.13190186,0.5,0.5,"[0, 8]",1.0,True,0.01103503,0.00218287,0.0092461,True
37,1,28,O2,0.14404061,-0.02378817,0.14678663,0.5,0.5,"[0, 8]",1.0,True,0.01103503,0.00218287,0.0092461,True
37,2,0,Fp1,0.10952184,-0.09637533,0.12255926,0.5,0.5,"[0, 8]",1.0,True,0.01291848,0.00223783,0.01082422,True
37,2,1,Fp2,0.0775988,0.06017799,0.0946276,0.5,0.5,"[0, 8]",1.0,True,0.01291848,0.00223783,0.01082422,True
37,2,2,Fz,0.10468513,-0.0990915,0.11827886,0.5,0.5,"[0, 8]",1.0,True,0.01291848,0.00223783,0.01082422,True
37,2,3,F3,0.08738437,0.02697906,0.09413768,0.5,0.5,"[0, 8]",1.0,True,0.01291848,0.00223783,0.01082422,True
37,2,4,F4,0.09727375,0.01121251,0.10795163,0.5,0.5,"[0, 8]",1.0,True,0.01291848,0.00223783,0.01082422,True
37,2,5,F7,0.08478966,0.08173901,0.0980798,0.5,0.5,"[0, 8]",1.0,True,0.01291848,0.00223783,0.01082422,True
37,2,6,F8,0.07854341,-0.03081283,0.07932749,0.5,0.5,"[0, 8]",1.0,True,0.01291848,0.00223783,0.01082422,True
37,2,7,FCz,0.09882201,0.09882201,0.1143918,0.5,0.5,"[0, 8]",1.0,True,0.01291848,0.00223783,0.01082422,True
37,2,8,FC3,0.03130453,0.00617222,0.03783642,0.5,0.5,"[0, 8]",1.0,True,0.01291848,0.00223783,0.01082422,True
37,2,9,FC4,0.05795474,-0.05795474,0.0768555,0.5,0.5,"[0, 8]",1.0,True,0.01291848,0.00223783,0.01082422,True
37,2,10,FT7,0.09085102,-0.05759642,0.10429045,0.5,0.5,"[0, 8]",1.0,True,0.01291848,0.00223783,0.01082422,True
37,2,11,FT8,0.08032319,-0.00374386,0.09789887,0.5,0.5,"[0, 8]",1.0,True,0.01291848,0.00223783,0.01082422,True
37,2,12,Cz,0.07841042,0.07666104,0.09370771,0.5,0.5,"[0, 8]",1.0,True,0.01291848,0.00223783,0.01082422,True
37,2,13,C3,0.11564066,0.07318178,0.11780736,0.5,0.5,"[0, 8]",1.0,True,0.01291848,0.00223783,0.01082422,True
37,2,14,C4,0.08514544,-0.07412197,0.09543099,0.5,0.5,"[0, 8]",1.0,True,0.01291848,0.00223783,0.01082422,True
37,2,15,T3,0.12780204,0.12780204,0.13290681,0.5,0.5,"[0, 8]",1.0,True,0.01291848,0.00223783,0.01082422,True
37,2,16,T4,0.1211319,0.01388245,0.1338547,0.5,0.5,"[0, 8]",1.0,True,0.01291848,0.00223783,0.01082422,True
37,2,17,CP3,0.12065131,0.03335858,0.139082,0.5,0.5,"[0, 8]",1.0,True,0.01291848,0.00223783,0.01082422,True
37,2,18,CP4,0.11166786,0.03577334,0.12816964,0.5,0.5,"[0, 8]",1.0,True,0.01291848,0.00223783,0.01082422,True
37,2,19,TP7,0.08410411,-0.01769831,0.09409433,0.5,0.5,"[0, 8]",1.0,True,0.01291848,0.00223783,0.01082422,True
37,2,20,TP8,0.08946574,-0.0586016,0.10808732,0.5,0.5,"[0, 8]",1.0,True,0.01291848,0.00223783,0.01082422,True
37,2,21,Pz,0.15303314,0.00734878,0.1532608,0.5,0.5,"[0, 8]",1.0,True,0.01291848,0.00223783,0.01082422,True
37,2,22,P3,0.10940033,0.10940033,0.11872548,0.5,0.5,"[0, 8]",1.0,True,0.01291848,0.00223783,0.01082422,True
37,2,23,P4,0.10458221,-0.09232264,0.11619132,0.5,0.5,"[0, 8]",1.0,True,0.01291848,0.00223783,0.01082422,True
37,2,24,T5,0.10530614,0.07402581,0.11467833,0.5,0.5,"[0, 8]",1.0,True,0.01291848,0.00223783,0.01082422,True
37,2,25,T6,0.08005923,-0.06163093,0.09122324,0.5,0.5,"[0, 8]",1.0,True,0.01291848,0.00223783,0.01082422,True
37,2,26,Oz,0.07771301,0.04293188,0.08033685,0.5,0.5,"[0, 8]",1.0,True,0.01291848,0.00223783,0.01082422,True
37,2,27,O1,0.12202632,0.05703091,0.1323407,0.5,0.5,"[0, 8]",1.0,True,0.01291848,0.00223783,0.01082422,True
37,2,28,O2,0.1437408,-0.02295678,0.14630537,0.5,0.5,"[0, 8]",1.0,True,0.01291848,0.00223783,0.01082422,True
37,3,0,Fp1,0.07573305,-0.06387386,0.08524156,0.75,0.75,"[6, 2]",0.75,False,0.62507836,0.17940429,0.52374466,True
37,3,1,Fp2,0.0583441,0.01913692,0.07553139,0.75,0.75,"[6, 2]",0.75,False,0.62507836,0.17940429,0.52374466,True
37,3,2,Fz,0.11926243,-0.10940437,0.13656045,0.75,0.75,"[6, 2]",0.75,False,0.62507836,0.17940429,0.52374466,True
37,3,3,F3,0.09649827,0.04457213,0.10545418,0.75,0.75,"[6, 2]",0.75,False,0.62507836,0.17940429,0.52374466,True
37,3,4,F4,0.10554898,-0.05234965,0.12868896,0.75,0.75,"[6, 2]",0.75,False,0.62507836,0.17940429,0.52374466,True
37,3,5,F7,0.12108555,0.12108555,0.12874578,0.75,0.75,"[6, 2]",0.75,False,0.62507836,0.17940429,0.52374466,True
37,3,6,F8,0.1817199,-0.12349787,0.1864914,0.75,0.75,"[6, 2]",0.75,False,0.62507836,0.17940429,0.52374466,True
37,3,7,FCz,0.10818012,0.10818012,0.1376905,0.75,0.75,"[6, 2]",0.75,False,0.62507836,0.17940429,0.52374466,True
37,3,8,FC3,0.10123249,0.01436389,0.11701684,0.75,0.75,"[6, 2]",0.75,False,0.62507836,0.17940429,0.52374466,True
37,3,9,FC4,0.07361716,0.00062062,0.08193982,0.75,0.75,"[6, 2]",0.75,False,0.62507836,0.17940429,0.52374466,True
37,3,10,FT7,0.10677013,-0.01857216,0.12182912,0.75,0.75,"[6, 2]",0.75,False,0.62507836,0.17940429,0.52374466,True
37,3,11,FT8,0.09684409,-0.04720137,0.10230102,0.75,0.75,"[6, 2]",0.75,False,0.62507836,0.17940429,0.52374466,True
37,3,12,Cz,0.08306128,0.08306128,0.08900826,0.75,0.75,"[6, 2]",0.75,False,0.62507836,0.17940429,0.52374466,True
37,3,13,C3,0.12186128,0.12186128,0.1471232,0.75,0.75,"[6, 2]",0.75,False,0.62507836,0.17940429,0.52374466,True
37,3,14,C4,0.06857221,-0.02799465,0.06918541,0.75,0.75,"[6, 2]",0.75,False,0.62507836,0.17940429,0.52374466,True
37,3,15,T3,0.10646742,0.10646742,0.11450408,0.75,0.75,"[6, 2]",0.75,False,0.62507836,0.17940429,0.52374466,True
37,3,16,T4,0.10145158,-0.00179954,0.12236942,0.75,0.75,"[6, 2]",0.75,False,0.62507836,0.17940429,0.52374466,True
37,3,17,CP3,0.06173413,-0.03171831,0.09750918,0.75,0.75,"[6, 2]",0.75,False,0.62507836,0.17940429,0.52374466,True
37,3,18,CP4,0.0955106,-0.00057513,0.10751715,0.75,0.75,"[6, 2]",0.75,False,0.62507836,0.17940429,0.52374466,True
37,3,19,TP7,0.09116673,0.01660144,0.09557363,0.75,0.75,"[6, 2]",0.75,False,0.62507836,0.17940429,0.52374466,True
37,3,20,TP8,0.08735284,-0.03835844,0.09918982,0.75,0.75,"[6, 2]",0.75,False,0.62507836,0.17940429,0.52374466,True
37,3,21,Pz,0.13794549,0.00576059,0.15974903,0.75,0.75,"[6, 2]",0.75,False,0.62507836,0.17940429,0.52374466,True
37,3,22,P3,0.06567799,0.06567799,0.07810812,0.75,0.75,"[6, 2]",0.75,False,0.62507836,0.17940429,0.52374466,True
37,3,23,P4,0.09176937,-0.05723201,0.10067169,0.75,0.75,"[6, 2]",0.75,False,0.62507836,0.17940429,0.52374466,True
37,3,24,T5,0.14697213,0.1109405,0.16504209,0.75,0.75,"[6, 2]",0.75,False,0.62507836,0.17940429,0.52374466,True
37,3,25,T6,0.03825299,-0.03186278,0.05091622,0.75,0.75,"[6, 2]",0.75,False,0.62507836,0.17940429,0.52374466,True
37,3,26,Oz,0.0755327,0.05942274,0.08899313,0.75,0.75,"[6, 2]",0.75,False,0.62507836,0.17940429,0.52374466,True
37,3,27,O1,0.12189389,0.06754419,0.1273791,0.75,0.75,"[6, 2]",0.75,False,0.62507836,0.17940429,0.52374466,True
37,3,28,O2,0.12646285,-0.02047271,0.12975365,0.75,0.75,"[6, 2]",0.75,False,0.62507836,0.17940429,0.52374466,True
37,4,0,Fp1,0.12559237,-0.12342206,0.14777094,0.625,0.625,"[3, 5]",0.625,False,0.45678472,0.12363648,0.3827337,True
37,4,1,Fp2,0.05098593,0.0276283,0.06478442,0.625,0.625,"[3, 5]",0.625,False,0.45678472,0.12363648,0.3827337,True
37,4,2,Fz,0.14320871,-0.14320871,0.15095828,0.625,0.625,"[3, 5]",0.625,False,0.45678472,0.12363648,0.3827337,True
37,4,3,F3,0.11786714,0.07724607,0.12877855,0.625,0.625,"[3, 5]",0.625,False,0.45678472,0.12363648,0.3827337,True
37,4,4,F4,0.08861253,-0.01282873,0.10922578,0.625,0.625,"[3, 5]",0.625,False,0.45678472,0.12363648,0.3827337,True
37,4,5,F7,0.09843417,0.09843417,0.10566429,0.625,0.625,"[3, 5]",0.625,False,0.45678472,0.12363648,0.3827337,True
37,4,6,F8,0.08409127,-0.03011482,0.08635382,0.625,0.625,"[3, 5]",0.625,False,0.45678472,0.12363648,0.3827337,True
37,4,7,FCz,0.0564314,0.05139856,0.06777465,0.625,0.625,"[3, 5]",0.625,False,0.45678472,0.12363648,0.3827337,True
37,4,8,FC3,0.04169019,0.00754557,0.04956604,0.625,0.625,"[3, 5]",0.625,False,0.45678472,0.12363648,0.3827337,True
37,4,9,FC4,0.06767688,-0.06767688,0.08856314,0.625,0.625,"[3, 5]",0.625,False,0.45678472,0.12363648,0.3827337,True
37,4,10,FT7,0.08435176,0.01202082,0.09771417,0.625,0.625,"[3, 5]",0.625,False,0.45678472,0.12363648,0.3827337,True
37,4,11,FT8,0.08311395,0.03770601,0.10105236,0.625,0.625,"[3, 5]",0.625,False,0.45678472,0.12363648,0.3827337,True
37,4,12,Cz,0.09277356,0.09277356,0.10120705,0.625,0.625,"[3, 5]",0.625,False,0.45678472,0.12363648,0.3827337,True
37,4,13,C3,0.16014951,0.16014951,0.17570408,0.625,0.625,"[3, 5]",0.625,False,0.45678472,0.12363648,0.3827337,True
37,4,14,C4,0.0534286,-0.04090824,0.06331549,0.625,0.625,"[3, 5]",0.625,False,0.45678472,0.12363648,0.3827337,True
37,4,15,T3,0.1635673,0.1635673,0.17244248,0.625,0.625,"[3, 5]",0.625,False,0.45678472,0.12363648,0.3827337,True
37,4,16,T4,0.09945284,0.02905145,0.12396625,0.625,0.625,"[3, 5]",0.625,False,0.45678472,0.12363648,0.3827337,True
37,4,17,CP3,0.09602682,0.00611636,0.1159275,0.625,0.625,"[3, 5]",0.625,False,0.45678472,0.12363648,0.3827337,True
37,4,18,CP4,0.11437473,0.05825826,0.12819025,0.625,0.625,"[3, 5]",0.625,False,0.45678472,0.12363648,0.3827337,True
37,4,19,TP7,0.07875543,-0.00768283,0.09043705,0.625,0.625,"[3, 5]",0.625,False,0.45678472,0.12363648,0.3827337,True
37,4,20,TP8,0.09267245,-0.05860895,0.11104225,0.625,0.625,"[3, 5]",0.625,False,0.45678472,0.12363648,0.3827337,True
37,4,21,Pz,0.13555668,-0.02093874,0.1403905,0.625,0.625,"[3, 5]",0.625,False,0.45678472,0.12363648,0.3827337,True
37,4,22,P3,0.10722201,0.10722201,0.11500911,0.625,0.625,"[3, 5]",0.625,False,0.45678472,0.12363648,0.3827337,True
37,4,23,P4,0.11834094,-0.09638113,0.12794976,0.625,0.625,"[3, 5]",0.625,False,0.45678472,0.12363648,0.3827337,True
37,4,24,T5,0.09786956,0.07234598,0.11242174,0.625,0.625,"[3, 5]",0.625,False,0.45678472,0.12363648,0.3827337,True
37,4,25,T6,0.04963817,-0.04963817,0.06944605,0.625,0.625,"[3, 5]",0.625,False,0.45678472,0.12363648,0.3827337,True
37,4,26,Oz,0.06435405,0.04077175,0.07488183,0.625,0.625,"[3, 5]",0.625,False,0.45678472,0.12363648,0.3827337,True
37,4,27,O1,0.12314061,0.07706621,0.13206837,0.625,0.625,"[3, 5]",0.625,False,0.45678472,0.12363648,0.3827337,True
37,4,28,O2,0.11835347,-0.0147161,0.12038325,0.625,0.625,"[3, 5]",0.625,False,0.45678472,0.12363648,0.3827337,True
37,5,0,Fp1,0.10822633,-0.0905034,0.11791234,0.375,0.375,"[1, 7]",0.875,False,0.26635754,0.06412117,0.22317736,True
37,5,1,Fp2,0.06853522,0.04646534,0.08172216,0.375,0.375,"[1, 7]",0.875,False,0.26635754,0.06412117,0.22317736,True
37,5,2,Fz,0.11582353,-0.10882793,0.13111237,0.375,0.375,"[1, 7]",0.875,False,0.26635754,0.06412117,0.22317736,True
37,5,3,F3,0.09642975,0.03502344,0.10160373,0.375,0.375,"[1, 7]",0.875,False,0.26635754,0.06412117,0.22317736,True
37,5,4,F4,0.09186,-0.01871521,0.11473048,0.375,0.375,"[1, 7]",0.875,False,0.26635754,0.06412117,0.22317736,True
37,5,5,F7,0.10510128,0.10510128,0.11751681,0.375,0.375,"[1, 7]",0.875,False,0.26635754,0.06412117,0.22317736,True
37,5,6,F8,0.10784692,-0.06590501,0.10927741,0.375,0.375,"[1, 7]",0.875,False,0.26635754,0.06412117,0.22317736,True
37,5,7,FCz,0.09450465,0.08837437,0.1104526,0.375,0.375,"[1, 7]",0.875,False,0.26635754,0.06412117,0.22317736,True
37,5,8,FC3,0.03350969,-0.01509494,0.03938764,0.375,0.375,"[1, 7]",0.875,False,0.26635754,0.06412117,0.22317736,True
37,5,9,FC4,0.06758107,-0.06758107,0.07572895,0.375,0.375,"[1, 7]",0.875,False,0.26635754,0.06412117,0.22317736,True
37,5,10,FT7,0.07611103,-0.02909836,0.08772667,0.375,0.375,"[1, 7]",0.875,False,0.26635754,0.06412117,0.22317736,True
37,5,11,FT8,0.07583223,-0.02358087,0.08835094,0.375,0.375,"[1, 7]",0.875,False,0.26635754,0.06412117,0.22317736,True
37,5,12,Cz,0.09224678,0.08872337,0.10785373,0.375,0.375,"[1, 7]",0.875,False,0.26635754,0.06412117,0.22317736,True
37,5,13,C3,0.11123294,0.06883231,0.1169482,0.375,0.375,"[1, 7]",0.875,False,0.26635754,0.06412117,0.22317736,True
37,5,14,C4,0.07708227,-0.07708227,0.08768984,0.375,0.375,"[1, 7]",0.875,False,0.26635754,0.06412117,0.22317736,True
37,5,15,T3,0.16374615,0.16374615,0.16833878,0.375,0.375,"[1, 7]",0.875,False,0.26635754,0.06412117,0.22317736,True
37,5,16,T4,0.09953799,-0.0114817,0.11624178,0.375,0.375,"[1, 7]",0.875,False,0.26635754,0.06412117,0.22317736,True
37,5,17,CP3,0.11196558,0.04724872,0.13183828,0.375,0.375,"[1, 7]",0.875,False,0.26635754,0.06412117,0.22317736,True
37,5,18,CP4,0.11996878,0.06067053,0.13217524,0.375,0.375,"[1, 7]",0.875,False,0.26635754,0.06412117,0.22317736,True
37,5,19,TP7,0.08204403,-0.00856232,0.09303894,0.375,0.375,"[1, 7]",0.875,False,0.26635754,0.06412117,0.22317736,True
37,5,20,TP8,0.09838822,-0.054274,0.11275607,0.375,0.375,"[1, 7]",0.875,False,0.26635754,0.06412117,0.22317736,True
37,5,21,Pz,0.14597762,0.03612237,0.15042633,0.375,0.375,"[1, 7]",0.875,False,0.26635754,0.06412117,0.22317736,True
37,5,22,P3,0.11728488,0.11728488,0.12886818,0.375,0.375,"[1, 7]",0.875,False,0.26635754,0.06412117,0.22317736,True
37,5,23,P4,0.11070323,-0.09690373,0.12287581,0.375,0.375,"[1, 7]",0.875,False,0.26635754,0.06412117,0.22317736,True
37,5,24,T5,0.10322373,0.07653628,0.11454856,0.375,0.375,"[1, 7]",0.875,False,0.26635754,0.06412117,0.22317736,True
37,5,25,T6,0.06376608,-0.06376608,0.08107729,0.375,0.375,"[1, 7]",0.875,False,0.26635754,0.06412117,0.22317736,True
37,5,26,Oz,0.08218131,0.05397398,0.08558698,0.375,0.375,"[1, 7]",0.875,False,0.26635754,0.06412117,0.22317736,True
37,5,27,O1,0.12295257,0.05553323,0.13218237,0.375,0.375,"[1, 7]",0.875,False,0.26635754,0.06412117,0.22317736,True
37,5,28,O2,0.14198549,-0.01904058,0.14450549,0.375,0.375,"[1, 7]",0.875,False,0.26635754,0.06412117,0.22317736,True
38,1,0,Fp1,0.09960268,-0.09960268,0.13060942,0.375,0.375,"[5, 3]",0.625,False,0.50127154,0.10165691,0.42000861,True
38,1,1,Fp2,0.06944588,0.05589034,0.11360675,0.375,0.375,"[5, 3]",0.625,False,0.50127154,0.10165691,0.42000861,True
38,1,2,Fz,0.12550922,-0.09565789,0.14359064,0.375,0.375,"[5, 3]",0.625,False,0.50127154,0.10165691,0.42000861,True
38,1,3,F3,0.12153977,0.04998396,0.12457518,0.375,0.375,"[5, 3]",0.625,False,0.50127154,0.10165691,0.42000861,True
38,1,4,F4,0.09652327,0.06231891,0.10339076,0.375,0.375,"[5, 3]",0.625,False,0.50127154,0.10165691,0.42000861,True
38,1,5,F7,0.11053535,0.11053535,0.11792823,0.375,0.375,"[5, 3]",0.625,False,0.50127154,0.10165691,0.42000861,True
38,1,6,F8,0.10683754,-0.04484525,0.11241535,0.375,0.375,"[5, 3]",0.625,False,0.50127154,0.10165691,0.42000861,True
38,1,7,FCz,0.112036,0.112036,0.12726229,0.375,0.375,"[5, 3]",0.625,False,0.50127154,0.10165691,0.42000861,True
38,1,8,FC3,0.03235916,0.02224257,0.03901123,0.375,0.375,"[5, 3]",0.625,False,0.50127154,0.10165691,0.42000861,True
38,1,9,FC4,0.03975924,-0.03803194,0.06185771,0.375,0.375,"[5, 3]",0.625,False,0.50127154,0.10165691,0.42000861,True
38,1,10,FT7,0.07598823,-0.07598823,0.09839771,0.375,0.375,"[5, 3]",0.625,False,0.50127154,0.10165691,0.42000861,True
38,1,11,FT8,0.11037248,0.02088231,0.12978163,0.375,0.375,"[5, 3]",0.625,False,0.50127154,0.10165691,0.42000861,True
38,1,12,Cz,0.06853393,0.06853393,0.07530728,0.375,0.375,"[5, 3]",0.625,False,0.50127154,0.10165691,0.42000861,True
38,1,13,C3,0.08823262,0.03393697,0.08967923,0.375,0.375,"[5, 3]",0.625,False,0.50127154,0.10165691,0.42000861,True
38,1,14,C4,0.06388484,-0.01525326,0.07577625,0.375,0.375,"[5, 3]",0.625,False,0.50127154,0.10165691,0.42000861,True
38,1,15,T3,0.13100836,0.13100836,0.13425066,0.375,0.375,"[5, 3]",0.625,False,0.50127154,0.10165691,0.42000861,True
38,1,16,T4,0.10258474,0.02218258,0.11803282,0.375,0.375,"[5, 3]",0.625,False,0.50127154,0.10165691,0.42000861,True
38,1,17,CP3,0.10791452,-0.00353761,0.12432242,0.375,0.375,"[5, 3]",0.625,False,0.50127154,0.10165691,0.42000861,True
38,1,18,CP4,0.10285354,0.01164198,0.12248526,0.375,0.375,"[5, 3]",0.625,False,0.50127154,0.10165691,0.42000861,True
38,1,19,TP7,0.07283436,-0.04843121,0.09350258,0.375,0.375,"[5, 3]",0.625,False,0.50127154,0.10165691,0.42000861,True
38,1,20,TP8,0.10975979,-0.06518582,0.13246402,0.375,0.375,"[5, 3]",0.625,False,0.50127154,0.10165691,0.42000861,True
38,1,21,Pz,0.10968235,-0.02983074,0.11443279,0.375,0.375,"[5, 3]",0.625,False,0.50127154,0.10165691,0.42000861,True
38,1,22,P3,0.08964127,0.08671965,0.11457949,0.375,0.375,"[5, 3]",0.625,False,0.50127154,0.10165691,0.42000861,True
38,1,23,P4,0.09608798,-0.09608798,0.1033819,0.375,0.375,"[5, 3]",0.625,False,0.50127154,0.10165691,0.42000861,True
38,1,24,T5,0.07595845,0.05851158,0.08282003,0.375,0.375,"[5, 3]",0.625,False,0.50127154,0.10165691,0.42000861,True
38,1,25,T6,0.07750173,-0.05643316,0.09630422,0.375,0.375,"[5, 3]",0.625,False,0.50127154,0.10165691,0.42000861,True
38,1,26,Oz,0.0707217,0.05019002,0.09428091,0.375,0.375,"[5, 3]",0.625,False,0.50127154,0.10165691,0.42000861,True
38,1,27,O1,0.09741821,0.01595201,0.10890736,0.375,0.375,"[5, 3]",0.625,False,0.50127154,0.10165691,0.42000861,True
38,1,28,O2,0.10083003,-0.02897144,0.11443371,0.375,0.375,"[5, 3]",0.625,False,0.50127154,0.10165691,0.42000861,True
38,2,0,Fp1,0.09169399,-0.07857201,0.11045553,0.75,0.75,"[4, 4]",0.5,False,0.58646312,0.15030377,0.49138948,True
38,2,1,Fp2,0.07933705,0.03882539,0.112373,0.75,0.75,"[4, 4]",0.5,False,0.58646312,0.15030377,0.49138948,True
38,2,2,Fz,0.12597166,-0.10629673,0.1454955,0.75,0.75,"[4, 4]",0.5,False,0.58646312,0.15030377,0.49138948,True
38,2,3,F3,0.13486397,0.05276769,0.13640884,0.75,0.75,"[4, 4]",0.5,False,0.58646312,0.15030377,0.49138948,True
38,2,4,F4,0.08668658,0.04403153,0.10166997,0.75,0.75,"[4, 4]",0.5,False,0.58646312,0.15030377,0.49138948,True
38,2,5,F7,0.10820775,0.09400338,0.11957537,0.75,0.75,"[4, 4]",0.5,False,0.58646312,0.15030377,0.49138948,True
38,2,6,F8,0.10234056,-0.03421234,0.11331765,0.75,0.75,"[4, 4]",0.5,False,0.58646312,0.15030377,0.49138948,True
38,2,7,FCz,0.09098949,0.09098949,0.1041862,0.75,0.75,"[4, 4]",0.5,False,0.58646312,0.15030377,0.49138948,True
38,2,8,FC3,0.03725586,0.0186721,0.05451107,0.75,0.75,"[4, 4]",0.5,False,0.58646312,0.15030377,0.49138948,True
38,2,9,FC4,0.03854772,-0.01611509,0.0448476,0.75,0.75,"[4, 4]",0.5,False,0.58646312,0.15030377,0.49138948,True
38,2,10,FT7,0.0848144,-0.0848144,0.11990371,0.75,0.75,"[4, 4]",0.5,False,0.58646312,0.15030377,0.49138948,True
38,2,11,FT8,0.10406806,0.02806781,0.12139232,0.75,0.75,"[4, 4]",0.5,False,0.58646312,0.15030377,0.49138948,True
38,2,12,Cz,0.05930004,0.05930004,0.06825401,0.75,0.75,"[4, 4]",0.5,False,0.58646312,0.15030377,0.49138948,True
38,2,13,C3,0.10861884,0.05725244,0.11169316,0.75,0.75,"[4, 4]",0.5,False,0.58646312,0.15030377,0.49138948,True
38,2,14,C4,0.0459528,-0.03189812,0.05594771,0.75,0.75,"[4, 4]",0.5,False,0.58646312,0.15030377,0.49138948,True
38,2,15,T3,0.12628056,0.12628056,0.13457559,0.75,0.75,"[4, 4]",0.5,False,0.58646312,0.15030377,0.49138948,True
38,2,16,T4,0.106904,0.04178798,0.11959967,0.75,0.75,"[4, 4]",0.5,False,0.58646312,0.15030377,0.49138948,True
38,2,17,CP3,0.11170797,0.00685861,0.11554122,0.75,0.75,"[4, 4]",0.5,False,0.58646312,0.15030377,0.49138948,True
38,2,18,CP4,0.11677036,0.01629496,0.11928311,0.75,0.75,"[4, 4]",0.5,False,0.58646312,0.15030377,0.49138948,True
38,2,19,TP7,0.08058865,-0.04128985,0.0908749,0.75,0.75,"[4, 4]",0.5,False,0.58646312,0.15030377,0.49138948,True
38,2,20,TP8,0.07450244,-0.03975809,0.09334779,0.75,0.75,"[4, 4]",0.5,False,0.58646312,0.15030377,0.49138948,True
38,2,21,Pz,0.11427438,-0.03670779,0.13023466,0.75,0.75,"[4, 4]",0.5,False,0.58646312,0.15030377,0.49138948,True
38,2,22,P3,0.07502113,0.06464784,0.08952962,0.75,0.75,"[4, 4]",0.5,False,0.58646312,0.15030377,0.49138948,True
38,2,23,P4,0.10490714,-0.10490714,0.12110119,0.75,0.75,"[4, 4]",0.5,False,0.58646312,0.15030377,0.49138948,True
38,2,24,T5,0.06067321,0.04075438,0.08127531,0.75,0.75,"[4, 4]",0.5,False,0.58646312,0.15030377,0.49138948,True
38,2,25,T6,0.07326637,-0.05848496,0.08768838,0.75,0.75,"[4, 4]",0.5,False,0.58646312,0.15030377,0.49138948,True
38,2,26,Oz,0.08654596,0.05758484,0.11606519,0.75,0.75,"[4, 4]",0.5,False,0.58646312,0.15030377,0.49138948,True
38,2,27,O1,0.09488155,0.03398068,0.10090329,0.75,0.75,"[4, 4]",0.5,False,0.58646312,0.15030377,0.49138948,True
38,2,28,O2,0.11302431,-0.01093418,0.12708226,0.75,0.75,"[4, 4]",0.5,False,0.58646312,0.15030377,0.49138948,True
38,3,0,Fp1,0.09790632,-0.08690359,0.11641708,0.875,0.875,"[5, 3]",0.625,False,0.66636085,0.19625541,0.5583347,True
38,3,1,Fp2,0.05285196,0.05285196,0.07652809,0.875,0.875,"[5, 3]",0.625,False,0.66636085,0.19625541,0.5583347,True
38,3,2,Fz,0.12022984,-0.09127457,0.12812036,0.875,0.875,"[5, 3]",0.625,False,0.66636085,0.19625541,0.5583347,True
38,3,3,F3,0.10833178,-0.00426146,0.12317347,0.875,0.875,"[5, 3]",0.625,False,0.66636085,0.19625541,0.5583347,True
38,3,4,F4,0.03296478,0.02345568,0.04582663,0.875,0.875,"[5, 3]",0.625,False,0.66636085,0.19625541,0.5583347,True
38,3,5,F7,0.12400788,0.10230269,0.13620315,0.875,0.875,"[5, 3]",0.625,False,0.66636085,0.19625541,0.5583347,True
38,3,6,F8,0.09426847,-0.02174467,0.10911248,0.875,0.875,"[5, 3]",0.625,False,0.66636085,0.19625541,0.5583347,True
38,3,7,FCz,0.11600882,0.11600882,0.12724517,0.875,0.875,"[5, 3]",0.625,False,0.66636085,0.19625541,0.5583347,True
38,3,8,FC3,0.05204392,0.0219925,0.05810272,0.875,0.875,"[5, 3]",0.625,False,0.66636085,0.19625541,0.5583347,True
38,3,9,FC4,0.08761279,-0.05626704,0.11847456,0.875,0.875,"[5, 3]",0.625,False,0.66636085,0.19625541,0.5583347,True
38,3,10,FT7,0.07800043,-0.07800043,0.0983557,0.875,0.875,"[5, 3]",0.625,False,0.66636085,0.19625541,0.5583347,True
38,3,11,FT8,0.11128753,0.02979461,0.12929404,0.875,0.875,"[5, 3]",0.625,False,0.66636085,0.19625541,0.5583347,True
38,3,12,Cz,0.08063616,0.05606277,0.08589011,0.875,0.875,"[5, 3]",0.625,False,0.66636085,0.19625541,0.5583347,True
38,3,13,C3,0.08149004,0.03681277,0.0862161,0.875,0.875,"[5, 3]",0.625,False,0.66636085,0.19625541,0.5583347,True
38,3,14,C4,0.07012972,-0.0214083,0.07895987,0.875,0.875,"[5, 3]",0.625,False,0.66636085,0.19625541,0.5583347,True
38,3,15,T3,0.13291101,0.13291101,0.14464538,0.875,0.875,"[5, 3]",0.625,False,0.66636085,0.19625541,0.5583347,True
38,3,16,T4,0.10694613,0.03451205,0.1184085,0.875,0.875,"[5, 3]",0.625,False,0.66636085,0.19625541,0.5583347,True
38,3,17,CP3,0.08449678,-0.018524,0.10475584,0.875,0.875,"[5, 3]",0.625,False,0.66636085,0.19625541,0.5583347,True
38,3,18,CP4,0.10930164,0.00221644,0.1150425,0.875,0.875,"[5, 3]",0.625,False,0.66636085,0.19625541,0.5583347,True
38,3,19,TP7,0.07133482,-0.06180379,0.08242062,0.875,0.875,"[5, 3]",0.625,False,0.66636085,0.19625541,0.5583347,True
38,3,20,TP8,0.10865884,-0.02943992,0.12167598,0.875,0.875,"[5, 3]",0.625,False,0.66636085,0.19625541,0.5583347,True
38,3,21,Pz,0.1244487,-0.02858887,0.13678437,0.875,0.875,"[5, 3]",0.625,False,0.66636085,0.19625541,0.5583347,True
38,3,22,P3,0.11484534,0.10857821,0.15604612,0.875,0.875,"[5, 3]",0.625,False,0.66636085,0.19625541,0.5583347,True
38,3,23,P4,0.10116184,-0.10116184,0.12222009,0.875,0.875,"[5, 3]",0.625,False,0.66636085,0.19625541,0.5583347,True
38,3,24,T5,0.08481423,0.03206505,0.09135237,0.875,0.875,"[5, 3]",0.625,False,0.66636085,0.19625541,0.5583347,True
38,3,25,T6,0.06283572,-0.01321643,0.06515922,0.875,0.875,"[5, 3]",0.625,False,0.66636085,0.19625541,0.5583347,True
38,3,26,Oz,0.07710343,0.03452578,0.09045602,0.875,0.875,"[5, 3]",0.625,False,0.66636085,0.19625541,0.5583347,True
38,3,27,O1,0.11832134,0.01237259,0.1250049,0.875,0.875,"[5, 3]",0.625,False,0.66636085,0.19625541,0.5583347,True
38,3,28,O2,0.11005654,0.0028019,0.13790259,0.875,0.875,"[5, 3]",0.625,False,0.66636085,0.19625541,0.5583347,True
38,4,0,Fp1,0.11276621,-0.09780867,0.12700774,0.875,0.875,"[3, 5]",0.625,False,0.08436254,0.01753955,0.07068623,True
38,4,1,Fp2,0.07777099,0.06078665,0.09844061,0.875,0.875,"[3, 5]",0.625,False,0.08436254,0.01753955,0.07068623,True
38,4,2,Fz,0.10370684,-0.09835146,0.11791303,0.875,0.875,"[3, 5]",0.625,False,0.08436254,0.01753955,0.07068623,True
38,4,3,F3,0.09006627,0.02993115,0.09717909,0.875,0.875,"[3, 5]",0.625,False,0.08436254,0.01753955,0.07068623,True
38,4,4,F4,0.10020703,0.01075557,0.11240454,0.875,0.875,"[3, 5]",0.625,False,0.08436254,0.01753955,0.07068623,True
38,4,5,F7,0.086265,0.086265,0.10075208,0.875,0.875,"[3, 5]",0.625,False,0.08436254,0.01753955,0.07068623,True
38,4,6,F8,0.07940206,-0.03446293,0.07968599,0.875,0.875,"[3, 5]",0.625,False,0.08436254,0.01753955,0.07068623,True
38,4,7,FCz,0.09882207,0.09882207,0.11292557,0.875,0.875,"[3, 5]",0.625,False,0.08436254,0.01753955,0.07068623,True
38,4,8,FC3,0.03182579,0.00721755,0.0356744,0.875,0.875,"[3, 5]",0.625,False,0.08436254,0.01753955,0.07068623,True
38,4,9,FC4,0.05840061,-0.05840061,0.08036685,0.875,0.875,"[3, 5]",0.625,False,0.08436254,0.01753955,0.07068623,True
38,4,10,FT7,0.08455908,-0.0590894,0.10260504,0.875,0.875,"[3, 5]",0.625,False,0.08436254,0.01753955,0.07068623,True
38,4,11,FT8,0.08430476,-0.00019633,0.10506538,0.875,0.875,"[3, 5]",0.625,False,0.08436254,0.01753955,0.07068623,True
38,4,12,Cz,0.07489568,0.07255912,0.0884931,0.875,0.875,"[3, 5]",0.625,False,0.08436254,0.01753955,0.07068623,True
38,4,13,C3,0.11171301,0.06913523,0.11323185,0.875,0.875,"[3, 5]",0.625,False,0.08436254,0.01753955,0.07068623,True
38,4,14,C4,0.08983818,-0.07395188,0.09919664,0.875,0.875,"[3, 5]",0.625,False,0.08436254,0.01753955,0.07068623,True
38,4,15,T3,0.12815623,0.12815623,0.13315688,0.875,0.875,"[3, 5]",0.625,False,0.08436254,0.01753955,0.07068623,True
38,4,16,T4,0.12207112,0.01141766,0.13483366,0.875,0.875,"[3, 5]",0.625,False,0.08436254,0.01753955,0.07068623,True
38,4,17,CP3,0.11893459,0.03233355,0.13672817,0.875,0.875,"[3, 5]",0.625,False,0.08436254,0.01753955,0.07068623,True
38,4,18,CP4,0.10670468,0.02994006,0.12249505,0.875,0.875,"[3, 5]",0.625,False,0.08436254,0.01753955,0.07068623,True
38,4,19,TP7,0.07836755,-0.02526388,0.08772597,0.875,0.875,"[3, 5]",0.625,False,0.08436254,0.01753955,0.07068623,True
38,4,20,TP8,0.09160964,-0.05713751,0.10958537,0.875,0.875,"[3, 5]",0.625,False,0.08436254,0.01753955,0.07068623,True
38,4,21,Pz,0.15184844,0.00326788,0.1518928,0.875,0.875,"[3, 5]",0.625,False,0.08436254,0.01753955,0.07068623,True
38,4,22,P3,0.10054553,0.10054553,0.10825782,0.875,0.875,"[3, 5]",0.625,False,0.08436254,0.01753955,0.07068623,True
38,4,23,P4,0.11281352,-0.10147631,0.12621208,0.875,0.875,"[3, 5]",0.625,False,0.08436254,0.01753955,0.07068623,True
38,4,24,T5,0.09562189,0.06881268,0.10669601,0.875,0.875,"[3, 5]",0.625,False,0.08436254,0.01753955,0.07068623,True
38,4,25,T6,0.07658637,-0.05264159,0.08780066,0.875,0.875,"[3, 5]",0.625,False,0.08436254,0.01753955,0.07068623,True
38,4,26,Oz,0.07881323,0.0433603,0.08115245,0.875,0.875,"[3, 5]",0.625,False,0.08436254,0.01753955,0.07068623,True
38,4,27,O1,0.12052605,0.05237588,0.13364628,0.875,0.875,"[3, 5]",0.625,False,0.08436254,0.01753955,0.07068623,True
38,4,28,O2,0.13820577,-0.02389194,0.14142247,0.875,0.875,"[3, 5]",0.625,False,0.08436254,0.01753955,0.07068623,True
38,5,0,Fp1,0.0983991,-0.09133294,0.11951648,0.875,0.875,"[3, 5]",0.625,False,0.59392464,0.15838188,0.49764138,True
38,5,1,Fp2,0.06910276,0.06351472,0.09259886,0.875,0.875,"[3, 5]",0.625,False,0.59392464,0.15838188,0.49764138,True
38,5,2,Fz,0.1306781,-0.10598214,0.14602986,0.875,0.875,"[3, 5]",0.625,False,0.59392464,0.15838188,0.49764138,True
38,5,3,F3,0.08890743,0.04252826,0.09023045,0.875,0.875,"[3, 5]",0.625,False,0.59392464,0.15838188,0.49764138,True
38,5,4,F4,0.04968036,0.043113,0.06354079,0.875,0.875,"[3, 5]",0.625,False,0.59392464,0.15838188,0.49764138,True
38,5,5,F7,0.11616118,0.11616118,0.12340748,0.875,0.875,"[3, 5]",0.625,False,0.59392464,0.15838188,0.49764138,True
38,5,6,F8,0.07313856,-0.04183257,0.0862454,0.875,0.875,"[3, 5]",0.625,False,0.59392464,0.15838188,0.49764138,True
38,5,7,FCz,0.0871331,0.07382763,0.11040577,0.875,0.875,"[3, 5]",0.625,False,0.59392464,0.15838188,0.49764138,True
38,5,8,FC3,0.02464344,0.00951517,0.02901707,0.875,0.875,"[3, 5]",0.625,False,0.59392464,0.15838188,0.49764138,True
38,5,9,FC4,0.05803598,-0.05398218,0.09775024,0.875,0.875,"[3, 5]",0.625,False,0.59392464,0.15838188,0.49764138,True
38,5,10,FT7,0.12009917,-0.12009917,0.1417345,0.875,0.875,"[3, 5]",0.625,False,0.59392464,0.15838188,0.49764138,True
38,5,11,FT8,0.12239941,0.04697551,0.13078456,0.875,0.875,"[3, 5]",0.625,False,0.59392464,0.15838188,0.49764138,True
38,5,12,Cz,0.0741071,0.04329164,0.07740771,0.875,0.875,"[3, 5]",0.625,False,0.59392464,0.15838188,0.49764138,True
38,5,13,C3,0.10797418,0.04659573,0.10838627,0.875,0.875,"[3, 5]",0.625,False,0.59392464,0.15838188,0.49764138,True
38,5,14,C4,0.10485621,-0.0720451,0.1173453,0.875,0.875,"[3, 5]",0.625,False,0.59392464,0.15838188,0.49764138,True
38,5,15,T3,0.13379361,0.13379361,0.14509854,0.875,0.875,"[3, 5]",0.625,False,0.59392464,0.15838188,0.49764138,True
38,5,16,T4,0.08058538,0.0257824,0.09027974,0.875,0.875,"[3, 5]",0.625,False,0.59392464,0.15838188,0.49764138,True
38,5,17,CP3,0.14271754,-0.00185718,0.15319727,0.875,0.875,"[3, 5]",0.625,False,0.59392464,0.15838188,0.49764138,True
38,5,18,CP4,0.10737894,0.00822018,0.1105128,0.875,0.875,"[3, 5]",0.625,False,0.59392464,0.15838188,0.49764138,True
38,5,19,TP7,0.07012649,-0.03882557,0.08182873,0.875,0.875,"[3, 5]",0.625,False,0.59392464,0.15838188,0.49764138,True
38,5,20,TP8,0.08707283,-0.05707437,0.10918169,0.875,0.875,"[3, 5]",0.625,False,0.59392464,0.15838188,0.49764138,True
38,5,21,Pz,0.12666999,-0.00332938,0.1535212,0.875,0.875,"[3, 5]",0.625,False,0.59392464,0.15838188,0.49764138,True
38,5,22,P3,0.08587192,0.08587192,0.09720702,0.875,0.875,"[3, 5]",0.625,False,0.59392464,0.15838188,0.49764138,True
38,5,23,P4,0.12975216,-0.11720483,0.14637586,0.875,0.875,"[3, 5]",0.625,False,0.59392464,0.15838188,0.49764138,True
38,5,24,T5,0.05580032,0.03027622,0.08450529,0.875,0.875,"[3, 5]",0.625,False,0.59392464,0.15838188,0.49764138,True
38,5,25,T6,0.08528423,-0.01203709,0.09145451,0.875,0.875,"[3, 5]",0.625,False,0.59392464,0.15838188,0.49764138,True
38,5,26,Oz,0.09282209,0.05804252,0.11706828,0.875,0.875,"[3, 5]",0.625,False,0.59392464,0.15838188,0.49764138,True
38,5,27,O1,0.09625927,0.00387959,0.09930858,0.875,0.875,"[3, 5]",0.625,False,0.59392464,0.15838188,0.49764138,True
38,5,28,O2,0.09114552,-0.04458473,0.11576571,0.875,0.875,"[3, 5]",0.625,False,0.59392464,0.15838188,0.49764138,True
39,1,0,Fp1,0.09081127,-0.06492472,0.09529302,0.375,0.375,"[5, 3]",0.625,False,0.35561682,0.10001369,0.2979665,True
39,1,1,Fp2,0.06526721,0.05930114,0.10194371,0.375,0.375,"[5, 3]",0.625,False,0.35561682,0.10001369,0.2979665,True
39,1,2,Fz,0.11542249,-0.11542249,0.12919696,0.375,0.375,"[5, 3]",0.625,False,0.35561682,0.10001369,0.2979665,True
39,1,3,F3,0.07125442,-0.01451324,0.09348986,0.375,0.375,"[5, 3]",0.625,False,0.35561682,0.10001369,0.2979665,True
39,1,4,F4,0.09972187,-5.146e-05,0.12302958,0.375,0.375,"[5, 3]",0.625,False,0.35561682,0.10001369,0.2979665,True
39,1,5,F7,0.11484816,0.09134576,0.12608013,0.375,0.375,"[5, 3]",0.625,False,0.35561682,0.10001369,0.2979665,True
39,1,6,F8,0.05940634,-0.01043558,0.06729864,0.375,0.375,"[5, 3]",0.625,False,0.35561682,0.10001369,0.2979665,True
39,1,7,FCz,0.09144504,0.09089779,0.10611077,0.375,0.375,"[5, 3]",0.625,False,0.35561682,0.10001369,0.2979665,True
39,1,8,FC3,0.03502754,-0.00136559,0.04146676,0.375,0.375,"[5, 3]",0.625,False,0.35561682,0.10001369,0.2979665,True
39,1,9,FC4,0.06761229,-0.05894537,0.08063303,0.375,0.375,"[5, 3]",0.625,False,0.35561682,0.10001369,0.2979665,True
39,1,10,FT7,0.10946685,-0.08954254,0.13038975,0.375,0.375,"[5, 3]",0.625,False,0.35561682,0.10001369,0.2979665,True
39,1,11,FT8,0.08164383,0.01378961,0.09666757,0.375,0.375,"[5, 3]",0.625,False,0.35561682,0.10001369,0.2979665,True
39,1,12,Cz,0.08142861,0.06787428,0.09488009,0.375,0.375,"[5, 3]",0.625,False,0.35561682,0.10001369,0.2979665,True
39,1,13,C3,0.09730845,0.04530838,0.10239936,0.375,0.375,"[5, 3]",0.625,False,0.35561682,0.10001369,0.2979665,True
39,1,14,C4,0.08752146,-0.08712454,0.10618849,0.375,0.375,"[5, 3]",0.625,False,0.35561682,0.10001369,0.2979665,True
39,1,15,T3,0.10310038,0.10310038,0.10559083,0.375,0.375,"[5, 3]",0.625,False,0.35561682,0.10001369,0.2979665,True
39,1,16,T4,0.12558247,0.02042962,0.14596857,0.375,0.375,"[5, 3]",0.625,False,0.35561682,0.10001369,0.2979665,True
39,1,17,CP3,0.13645917,0.00902449,0.14604017,0.375,0.375,"[5, 3]",0.625,False,0.35561682,0.10001369,0.2979665,True
39,1,18,CP4,0.10991581,0.05842583,0.11611226,0.375,0.375,"[5, 3]",0.625,False,0.35561682,0.10001369,0.2979665,True
39,1,19,TP7,0.08252729,-0.0210409,0.09550554,0.375,0.375,"[5, 3]",0.625,False,0.35561682,0.10001369,0.2979665,True
39,1,20,TP8,0.08090128,-0.05759546,0.10075079,0.375,0.375,"[5, 3]",0.625,False,0.35561682,0.10001369,0.2979665,True
39,1,21,Pz,0.13194442,-0.00967237,0.1328737,0.375,0.375,"[5, 3]",0.625,False,0.35561682,0.10001369,0.2979665,True
39,1,22,P3,0.07474236,0.07474236,0.09873977,0.375,0.375,"[5, 3]",0.625,False,0.35561682,0.10001369,0.2979665,True
39,1,23,P4,0.07501999,-0.0517136,0.09525436,0.375,0.375,"[5, 3]",0.625,False,0.35561682,0.10001369,0.2979665,True
39,1,24,T5,0.095606,0.07624842,0.1116584,0.375,0.375,"[5, 3]",0.625,False,0.35561682,0.10001369,0.2979665,True
39,1,25,T6,0.10350524,-0.05946682,0.11298772,0.375,0.375,"[5, 3]",0.625,False,0.35561682,0.10001369,0.2979665,True
39,1,26,Oz,0.07929981,0.06362966,0.08442555,0.375,0.375,"[5, 3]",0.625,False,0.35561682,0.10001369,0.2979665,True
39,1,27,O1,0.16962513,0.09175178,0.17934902,0.375,0.375,"[5, 3]",0.625,False,0.35561682,0.10001369,0.2979665,True
39,1,28,O2,0.14213887,0.00091738,0.14267622,0.375,0.375,"[5, 3]",0.625,False,0.35561682,0.10001369,0.2979665,True
39,2,0,Fp1,0.04585332,-0.03251369,0.05392726,0.375,0.375,"[3, 5]",0.625,False,0.96990074,0.21552901,0.81266664,True
39,2,1,Fp2,0.0550947,0.03283523,0.06807099,0.375,0.375,"[3, 5]",0.625,False,0.96990074,0.21552901,0.81266664,True
39,2,2,Fz,0.2220277,-0.21843402,0.26253551,0.375,0.375,"[3, 5]",0.625,False,0.96990074,0.21552901,0.81266664,True
39,2,3,F3,0.14882737,-0.02781678,0.17818779,0.375,0.375,"[3, 5]",0.625,False,0.96990074,0.21552901,0.81266664,True
39,2,4,F4,0.05005775,-0.01209568,0.06805851,0.375,0.375,"[3, 5]",0.625,False,0.96990074,0.21552901,0.81266664,True
39,2,5,F7,0.15394789,0.15394789,0.17751449,0.375,0.375,"[3, 5]",0.625,False,0.96990074,0.21552901,0.81266664,True
39,2,6,F8,0.03048575,-0.01179307,0.03711975,0.375,0.375,"[3, 5]",0.625,False,0.96990074,0.21552901,0.81266664,True
39,2,7,FCz,0.14788605,0.14788605,0.15522239,0.375,0.375,"[3, 5]",0.625,False,0.96990074,0.21552901,0.81266664,True
39,2,8,FC3,0.09778556,-0.06724717,0.10252289,0.375,0.375,"[3, 5]",0.625,False,0.96990074,0.21552901,0.81266664,True
39,2,9,FC4,0.02590792,0.01638271,0.02880669,0.375,0.375,"[3, 5]",0.625,False,0.96990074,0.21552901,0.81266664,True
39,2,10,FT7,0.05477479,-0.04500752,0.06416529,0.375,0.375,"[3, 5]",0.625,False,0.96990074,0.21552901,0.81266664,True
39,2,11,FT8,0.068842,0.02238433,0.07370272,0.375,0.375,"[3, 5]",0.625,False,0.96990074,0.21552901,0.81266664,True
39,2,12,Cz,0.10002176,0.09737676,0.12954412,0.375,0.375,"[3, 5]",0.625,False,0.96990074,0.21552901,0.81266664,True
39,2,13,C3,0.06476774,0.00852128,0.0690394,0.375,0.375,"[3, 5]",0.625,False,0.96990074,0.21552901,0.81266664,True
39,2,14,C4,0.06865537,0.01898259,0.07336792,0.375,0.375,"[3, 5]",0.625,False,0.96990074,0.21552901,0.81266664,True
39,2,15,T3,0.05265344,0.00378249,0.07244986,0.375,0.375,"[3, 5]",0.625,False,0.96990074,0.21552901,0.81266664,True
39,2,16,T4,0.07602876,0.01013716,0.08578068,0.375,0.375,"[3, 5]",0.625,False,0.96990074,0.21552901,0.81266664,True
39,2,17,CP3,0.14190745,-0.00693775,0.15292288,0.375,0.375,"[3, 5]",0.625,False,0.96990074,0.21552901,0.81266664,True
39,2,18,CP4,0.13890883,0.13890883,0.16065677,0.375,0.375,"[3, 5]",0.625,False,0.96990074,0.21552901,0.81266664,True
39,2,19,TP7,0.06102775,-0.05872577,0.08271085,0.375,0.375,"[3, 5]",0.625,False,0.96990074,0.21552901,0.81266664,True
39,2,20,TP8,0.08908904,-0.03570931,0.11062529,0.375,0.375,"[3, 5]",0.625,False,0.96990074,0.21552901,0.81266664,True
39,2,21,Pz,0.10630608,-0.02204891,0.11557951,0.375,0.375,"[3, 5]",0.625,False,0.96990074,0.21552901,0.81266664,True
39,2,22,P3,0.09952582,0.01423082,0.10851558,0.375,0.375,"[3, 5]",0.625,False,0.96990074,0.21552901,0.81266664,True
39,2,23,P4,0.06870449,-0.02015139,0.09455348,0.375,0.375,"[3, 5]",0.625,False,0.96990074,0.21552901,0.81266664,True
39,2,24,T5,0.09532744,0.06896985,0.11596486,0.375,0.375,"[3, 5]",0.625,False,0.96990074,0.21552901,0.81266664,True
39,2,25,T6,0.02390587,0.01240095,0.03648592,0.375,0.375,"[3, 5]",0.625,False,0.96990074,0.21552901,0.81266664,True
39,2,26,Oz,0.1087238,0.05933379,0.15029897,0.375,0.375,"[3, 5]",0.625,False,0.96990074,0.21552901,0.81266664,True
39,2,27,O1,0.1196761,0.02218585,0.13561344,0.375,0.375,"[3, 5]",0.625,False,0.96990074,0.21552901,0.81266664,True
39,2,28,O2,0.11215556,-0.06753588,0.14687845,0.375,0.375,"[3, 5]",0.625,False,0.96990074,0.21552901,0.81266664,True
39,3,0,Fp1,0.11001574,-0.09675527,0.12296958,0.5,0.5,"[0, 8]",1.0,True,0.01190589,0.00198728,0.00997578,True
39,3,1,Fp2,0.07798366,0.06128888,0.09559982,0.5,0.5,"[0, 8]",1.0,True,0.01190589,0.00198728,0.00997578,True
39,3,2,Fz,0.10365719,-0.09809826,0.11704066,0.5,0.5,"[0, 8]",1.0,True,0.01190589,0.00198728,0.00997578,True
39,3,3,F3,0.08719924,0.02773598,0.09394313,0.5,0.5,"[0, 8]",1.0,True,0.01190589,0.00198728,0.00997578,True
39,3,4,F4,0.09679522,0.01232865,0.10688008,0.5,0.5,"[0, 8]",1.0,True,0.01190589,0.00198728,0.00997578,True
39,3,5,F7,0.08386826,0.08212285,0.09785281,0.5,0.5,"[0, 8]",1.0,True,0.01190589,0.00198728,0.00997578,True
39,3,6,F8,0.07705852,-0.02957962,0.07790219,0.5,0.5,"[0, 8]",1.0,True,0.01190589,0.00198728,0.00997578,True
39,3,7,FCz,0.09907851,0.09907851,0.11383412,0.5,0.5,"[0, 8]",1.0,True,0.01190589,0.00198728,0.00997578,True
39,3,8,FC3,0.03092338,0.00633504,0.03683235,0.5,0.5,"[0, 8]",1.0,True,0.01190589,0.00198728,0.00997578,True
39,3,9,FC4,0.05788394,-0.05788394,0.0756821,0.5,0.5,"[0, 8]",1.0,True,0.01190589,0.00198728,0.00997578,True
39,3,10,FT7,0.09024089,-0.0583115,0.1043372,0.5,0.5,"[0, 8]",1.0,True,0.01190589,0.00198728,0.00997578,True
39,3,11,FT8,0.08013148,-0.00438082,0.09717839,0.5,0.5,"[0, 8]",1.0,True,0.01190589,0.00198728,0.00997578,True
39,3,12,Cz,0.07665046,0.07600249,0.09274147,0.5,0.5,"[0, 8]",1.0,True,0.01190589,0.00198728,0.00997578,True
39,3,13,C3,0.11604574,0.07242051,0.11821195,0.5,0.5,"[0, 8]",1.0,True,0.01190589,0.00198728,0.00997578,True
39,3,14,C4,0.08551346,-0.07520497,0.09578395,0.5,0.5,"[0, 8]",1.0,True,0.01190589,0.00198728,0.00997578,True
39,3,15,T3,0.12703344,0.12703344,0.13250293,0.5,0.5,"[0, 8]",1.0,True,0.01190589,0.00198728,0.00997578,True
39,3,16,T4,0.12209401,0.01277218,0.13461681,0.5,0.5,"[0, 8]",1.0,True,0.01190589,0.00198728,0.00997578,True
39,3,17,CP3,0.11999585,0.03296832,0.13844277,0.5,0.5,"[0, 8]",1.0,True,0.01190589,0.00198728,0.00997578,True
39,3,18,CP4,0.110897,0.03437198,0.12717834,0.5,0.5,"[0, 8]",1.0,True,0.01190589,0.00198728,0.00997578,True
39,3,19,TP7,0.08489255,-0.01825252,0.0944823,0.5,0.5,"[0, 8]",1.0,True,0.01190589,0.00198728,0.00997578,True
39,3,20,TP8,0.08961619,-0.05951509,0.10884003,0.5,0.5,"[0, 8]",1.0,True,0.01190589,0.00198728,0.00997578,True
39,3,21,Pz,0.15353541,0.00699753,0.15373117,0.5,0.5,"[0, 8]",1.0,True,0.01190589,0.00198728,0.00997578,True
39,3,22,P3,0.1083498,0.1083498,0.11748907,0.5,0.5,"[0, 8]",1.0,True,0.01190589,0.00198728,0.00997578,True
39,3,23,P4,0.10420114,-0.09261698,0.11625637,0.5,0.5,"[0, 8]",1.0,True,0.01190589,0.00198728,0.00997578,True
39,3,24,T5,0.10524529,0.07365026,0.11440101,0.5,0.5,"[0, 8]",1.0,True,0.01190589,0.00198728,0.00997578,True
39,3,25,T6,0.08150182,-0.06297211,0.09268505,0.5,0.5,"[0, 8]",1.0,True,0.01190589,0.00198728,0.00997578,True
39,3,26,Oz,0.07790146,0.04263403,0.08029449,0.5,0.5,"[0, 8]",1.0,True,0.01190589,0.00198728,0.00997578,True
39,3,27,O1,0.12149363,0.05666947,0.13226362,0.5,0.5,"[0, 8]",1.0,True,0.01190589,0.00198728,0.00997578,True
39,3,28,O2,0.14485988,-0.02336104,0.14753392,0.5,0.5,"[0, 8]",1.0,True,0.01190589,0.00198728,0.00997578,True
39,4,0,Fp1,0.11020215,-0.09601379,0.12273976,0.5,0.5,"[0, 8]",1.0,True,0.01201023,0.00223058,0.01006321,True
39,4,1,Fp2,0.07754049,0.06082709,0.09470074,0.5,0.5,"[0, 8]",1.0,True,0.01201023,0.00223058,0.01006321,True
39,4,2,Fz,0.10463072,-0.09918809,0.11828719,0.5,0.5,"[0, 8]",1.0,True,0.01201023,0.00223058,0.01006321,True
39,4,3,F3,0.08777828,0.0271846,0.09470068,0.5,0.5,"[0, 8]",1.0,True,0.01201023,0.00223058,0.01006321,True
39,4,4,F4,0.09672744,0.01157346,0.10717864,0.5,0.5,"[0, 8]",1.0,True,0.01201023,0.00223058,0.01006321,True
39,4,5,F7,0.08385118,0.08195356,0.09765267,0.5,0.5,"[0, 8]",1.0,True,0.01201023,0.00223058,0.01006321,True
39,4,6,F8,0.07737815,-0.03009482,0.07814641,0.5,0.5,"[0, 8]",1.0,True,0.01201023,0.00223058,0.01006321,True
39,4,7,FCz,0.09886952,0.09886952,0.11400212,0.5,0.5,"[0, 8]",1.0,True,0.01201023,0.00223058,0.01006321,True
39,4,8,FC3,0.0312382,0.00542697,0.03747864,0.5,0.5,"[0, 8]",1.0,True,0.01201023,0.00223058,0.01006321,True
39,4,9,FC4,0.05852032,-0.05852032,0.07633374,0.5,0.5,"[0, 8]",1.0,True,0.01201023,0.00223058,0.01006321,True
39,4,10,FT7,0.09061982,-0.05829182,0.10441321,0.5,0.5,"[0, 8]",1.0,True,0.01201023,0.00223058,0.01006321,True
39,4,11,FT8,0.08001406,-0.00405179,0.09738307,0.5,0.5,"[0, 8]",1.0,True,0.01201023,0.00223058,0.01006321,True
39,4,12,Cz,0.076929,0.07568452,0.09276824,0.5,0.5,"[0, 8]",1.0,True,0.01201023,0.00223058,0.01006321,True
39,4,13,C3,0.1159929,0.0725121,0.11817998,0.5,0.5,"[0, 8]",1.0,True,0.01201023,0.00223058,0.01006321,True
39,4,14,C4,0.08556822,-0.07542403,0.0960042,0.5,0.5,"[0, 8]",1.0,True,0.01201023,0.00223058,0.01006321,True
39,4,15,T3,0.12771244,0.12771244,0.1327523,0.5,0.5,"[0, 8]",1.0,True,0.01201023,0.00223058,0.01006321,True
39,4,16,T4,0.12194613,0.0131667,0.134294,0.5,0.5,"[0, 8]",1.0,True,0.01201023,0.00223058,0.01006321,True
39,4,17,CP3,0.12054355,0.03307769,0.13915311,0.5,0.5,"[0, 8]",1.0,True,0.01201023,0.00223058,0.01006321,True
39,4,18,CP4,0.11113226,0.03418598,0.12762834,0.5,0.5,"[0, 8]",1.0,True,0.01201023,0.00223058,0.01006321,True
39,4,19,TP7,0.08390664,-0.01782016,0.09397868,0.5,0.5,"[0, 8]",1.0,True,0.01201023,0.00223058,0.01006321,True
39,4,20,TP8,0.08911997,-0.05955806,0.1083713,0.5,0.5,"[0, 8]",1.0,True,0.01201023,0.00223058,0.01006321,True
39,4,21,Pz,0.15343408,0.00661688,0.15360546,0.5,0.5,"[0, 8]",1.0,True,0.01201023,0.00223058,0.01006321,True
39,4,22,P3,0.10801809,0.10801809,0.11714038,0.5,0.5,"[0, 8]",1.0,True,0.01201023,0.00223058,0.01006321,True
39,4,23,P4,0.10551758,-0.09261607,0.11711212,0.5,0.5,"[0, 8]",1.0,True,0.01201023,0.00223058,0.01006321,True
39,4,24,T5,0.10585236,0.07450899,0.11543681,0.5,0.5,"[0, 8]",1.0,True,0.01201023,0.00223058,0.01006321,True
39,4,25,T6,0.0802739,-0.06206679,0.09163472,0.5,0.5,"[0, 8]",1.0,True,0.01201023,0.00223058,0.01006321,True
39,4,26,Oz,0.07712031,0.04254514,0.07972027,0.5,0.5,"[0, 8]",1.0,True,0.01201023,0.00223058,0.01006321,True
39,4,27,O1,0.12250176,0.05762353,0.13307828,0.5,0.5,"[0, 8]",1.0,True,0.01201023,0.00223058,0.01006321,True
39,4,28,O2,0.14365236,-0.02311546,0.14625306,0.5,0.5,"[0, 8]",1.0,True,0.01201023,0.00223058,0.01006321,True
39,5,0,Fp1,0.10962701,-0.09562574,0.12223628,0.5,0.5,"[0, 8]",1.0,True,0.01050869,0.0019982,0.00880509,True
39,5,1,Fp2,0.07808025,0.06092384,0.09544094,0.5,0.5,"[0, 8]",1.0,True,0.01050869,0.0019982,0.00880509,True
39,5,2,Fz,0.10482863,-0.09864547,0.11807809,0.5,0.5,"[0, 8]",1.0,True,0.01050869,0.0019982,0.00880509,True
39,5,3,F3,0.0877075,0.02762257,0.09419388,0.5,0.5,"[0, 8]",1.0,True,0.01050869,0.0019982,0.00880509,True
39,5,4,F4,0.09739502,0.0125215,0.1074885,0.5,0.5,"[0, 8]",1.0,True,0.01050869,0.0019982,0.00880509,True
39,5,5,F7,0.08463108,0.08231489,0.09824965,0.5,0.5,"[0, 8]",1.0,True,0.01050869,0.0019982,0.00880509,True
39,5,6,F8,0.07710901,-0.0294875,0.07796522,0.5,0.5,"[0, 8]",1.0,True,0.01050869,0.0019982,0.00880509,True
39,5,7,FCz,0.0990008,0.0990008,0.11402492,0.5,0.5,"[0, 8]",1.0,True,0.01050869,0.0019982,0.00880509,True
39,5,8,FC3,0.03107602,0.00546626,0.03803533,0.5,0.5,"[0, 8]",1.0,True,0.01050869,0.0019982,0.00880509,True
39,5,9,FC4,0.05835719,-0.05835719,0.07593954,0.5,0.5,"[0, 8]",1.0,True,0.01050869,0.0019982,0.00880509,True
39,5,10,FT7,0.09000847,-0.05776724,0.10370353,0.5,0.5,"[0, 8]",1.0,True,0.01050869,0.0019982,0.00880509,True
39,5,11,FT8,0.07977623,-0.00328931,0.09697808,0.5,0.5,"[0, 8]",1.0,True,0.01050869,0.0019982,0.00880509,True
39,5,12,Cz,0.07705756,0.07602891,0.09298881,0.5,0.5,"[0, 8]",1.0,True,0.01050869,0.0019982,0.00880509,True
39,5,13,C3,0.11532891,0.07214637,0.11744532,0.5,0.5,"[0, 8]",1.0,True,0.01050869,0.0019982,0.00880509,True
39,5,14,C4,0.08524728,-0.07545109,0.09580723,0.5,0.5,"[0, 8]",1.0,True,0.01050869,0.0019982,0.00880509,True
39,5,15,T3,0.12716985,0.12716985,0.13229465,0.5,0.5,"[0, 8]",1.0,True,0.01050869,0.0019982,0.00880509,True
39,5,16,T4,0.12217136,0.01340012,0.13476071,0.5,0.5,"[0, 8]",1.0,True,0.01050869,0.0019982,0.00880509,True
39,5,17,CP3,0.12096862,0.03363217,0.1395819,0.5,0.5,"[0, 8]",1.0,True,0.01050869,0.0019982,0.00880509,True
39,5,18,CP4,0.11039884,0.03313906,0.12739612,0.5,0.5,"[0, 8]",1.0,True,0.01050869,0.0019982,0.00880509,True
39,5,19,TP7,0.0855639,-0.0185174,0.09545595,0.5,0.5,"[0, 8]",1.0,True,0.01050869,0.0019982,0.00880509,True
39,5,20,TP8,0.08907109,-0.05964293,0.10846972,0.5,0.5,"[0, 8]",1.0,True,0.01050869,0.0019982,0.00880509,True
39,5,21,Pz,0.15313756,0.00741459,0.15335171,0.5,0.5,"[0, 8]",1.0,True,0.01050869,0.0019982,0.00880509,True
39,5,22,P3,0.10881911,0.10881911,0.11805727,0.5,0.5,"[0, 8]",1.0,True,0.01050869,0.0019982,0.00880509,True
39,5,23,P4,0.10546727,-0.09395453,0.1176228,0.5,0.5,"[0, 8]",1.0,True,0.01050869,0.0019982,0.00880509,True
39,5,24,T5,0.10484956,0.07393065,0.11425671,0.5,0.5,"[0, 8]",1.0,True,0.01050869,0.0019982,0.00880509,True
39,5,25,T6,0.08063816,-0.0623746,0.09198287,0.5,0.5,"[0, 8]",1.0,True,0.01050869,0.0019982,0.00880509,True
39,5,26,Oz,0.07747944,0.0420302,0.08010726,0.5,0.5,"[0, 8]",1.0,True,0.01050869,0.0019982,0.00880509,True
39,5,27,O1,0.12109395,0.05629022,0.13166343,0.5,0.5,"[0, 8]",1.0,True,0.01050869,0.0019982,0.00880509,True
39,5,28,O2,0.14372212,-0.02323203,0.14636353,0.5,0.5,"[0, 8]",1.0,True,0.01050869,0.0019982,0.00880509,True
40,1,0,Fp1,0.11455837,-0.08189105,0.12743066,0.625,0.625,"[7, 1]",0.875,False,0.45201887,0.12416483,0.37874046,True
40,1,1,Fp2,0.07673031,0.07673031,0.0942841,0.625,0.625,"[7, 1]",0.875,False,0.45201887,0.12416483,0.37874046,True
40,1,2,Fz,0.09276138,-0.09276138,0.10714159,0.625,0.625,"[7, 1]",0.875,False,0.45201887,0.12416483,0.37874046,True
40,1,3,F3,0.10106389,0.05791441,0.12509204,0.625,0.625,"[7, 1]",0.875,False,0.45201887,0.12416483,0.37874046,True
40,1,4,F4,0.09583222,0.0163366,0.1057366,0.625,0.625,"[7, 1]",0.875,False,0.45201887,0.12416483,0.37874046,True
40,1,5,F7,0.10084186,0.09089708,0.11537163,0.625,0.625,"[7, 1]",0.875,False,0.45201887,0.12416483,0.37874046,True
40,1,6,F8,0.04178607,-0.03103273,0.05120653,0.625,0.625,"[7, 1]",0.875,False,0.45201887,0.12416483,0.37874046,True
40,1,7,FCz,0.11684202,0.11684202,0.12514408,0.625,0.625,"[7, 1]",0.875,False,0.45201887,0.12416483,0.37874046,True
40,1,8,FC3,0.04037386,-0.01507442,0.05227496,0.625,0.625,"[7, 1]",0.875,False,0.45201887,0.12416483,0.37874046,True
40,1,9,FC4,0.05805749,-0.04881735,0.06934039,0.625,0.625,"[7, 1]",0.875,False,0.45201887,0.12416483,0.37874046,True
40,1,10,FT7,0.0910793,-0.08008727,0.10967465,0.625,0.625,"[7, 1]",0.875,False,0.45201887,0.12416483,0.37874046,True
40,1,11,FT8,0.06138339,-0.00123456,0.06947535,0.625,0.625,"[7, 1]",0.875,False,0.45201887,0.12416483,0.37874046,True
40,1,12,Cz,0.08781958,0.08781958,0.09999786,0.625,0.625,"[7, 1]",0.875,False,0.45201887,0.12416483,0.37874046,True
40,1,13,C3,0.12736544,0.0411548,0.13225219,0.625,0.625,"[7, 1]",0.875,False,0.45201887,0.12416483,0.37874046,True
40,1,14,C4,0.12109318,-0.11393313,0.13991012,0.625,0.625,"[7, 1]",0.875,False,0.45201887,0.12416483,0.37874046,True
40,1,15,T3,0.10207768,0.10207768,0.11758021,0.625,0.625,"[7, 1]",0.875,False,0.45201887,0.12416483,0.37874046,True
40,1,16,T4,0.12359029,-0.01370059,0.12917475,0.625,0.625,"[7, 1]",0.875,False,0.45201887,0.12416483,0.37874046,True
40,1,17,CP3,0.12191338,0.03660385,0.13713099,0.625,0.625,"[7, 1]",0.875,False,0.45201887,0.12416483,0.37874046,True
40,1,18,CP4,0.11856116,0.04977592,0.13221313,0.625,0.625,"[7, 1]",0.875,False,0.45201887,0.12416483,0.37874046,True
40,1,19,TP7,0.09371102,-0.07802784,0.12217499,0.625,0.625,"[7, 1]",0.875,False,0.45201887,0.12416483,0.37874046,True
40,1,20,TP8,0.08222981,-0.05407409,0.09867712,0.625,0.625,"[7, 1]",0.875,False,0.45201887,0.12416483,0.37874046,True
40,1,21,Pz,0.17141151,0.04992887,0.18286277,0.625,0.625,"[7, 1]",0.875,False,0.45201887,0.12416483,0.37874046,True
40,1,22,P3,0.11472385,0.11472385,0.13363512,0.625,0.625,"[7, 1]",0.875,False,0.45201887,0.12416483,0.37874046,True
40,1,23,P4,0.05111182,-0.03193771,0.06716003,0.625,0.625,"[7, 1]",0.875,False,0.45201887,0.12416483,0.37874046,True
40,1,24,T5,0.05284694,0.02772743,0.06828337,0.625,0.625,"[7, 1]",0.875,False,0.45201887,0.12416483,0.37874046,True
40,1,25,T6,0.10076533,-0.06039352,0.10196467,0.625,0.625,"[7, 1]",0.875,False,0.45201887,0.12416483,0.37874046,True
40,1,26,Oz,0.06377514,0.05280049,0.08671242,0.625,0.625,"[7, 1]",0.875,False,0.45201887,0.12416483,0.37874046,True
40,1,27,O1,0.11527347,0.05696307,0.13472544,0.625,0.625,"[7, 1]",0.875,False,0.45201887,0.12416483,0.37874046,True
40,1,28,O2,0.12178139,-0.01608205,0.12763669,0.625,0.625,"[7, 1]",0.875,False,0.45201887,0.12416483,0.37874046,True
40,2,0,Fp1,0.11028683,-0.09668772,0.12324472,0.5,0.5,"[0, 8]",1.0,True,0.01063157,0.00229025,0.00890805,True
40,2,1,Fp2,0.07746942,0.06054449,0.0950036,0.5,0.5,"[0, 8]",1.0,True,0.01063157,0.00229025,0.00890805,True
40,2,2,Fz,0.10357955,-0.09871699,0.11738881,0.5,0.5,"[0, 8]",1.0,True,0.01063157,0.00229025,0.00890805,True
40,2,3,F3,0.08691085,0.02620571,0.09401244,0.5,0.5,"[0, 8]",1.0,True,0.01063157,0.00229025,0.00890805,True
40,2,4,F4,0.09669788,0.01182456,0.10719346,0.5,0.5,"[0, 8]",1.0,True,0.01063157,0.00229025,0.00890805,True
40,2,5,F7,0.08465877,0.08224124,0.09833693,0.5,0.5,"[0, 8]",1.0,True,0.01063157,0.00229025,0.00890805,True
40,2,6,F8,0.0766973,-0.02891998,0.07765543,0.5,0.5,"[0, 8]",1.0,True,0.01063157,0.00229025,0.00890805,True
40,2,7,FCz,0.09833149,0.09833149,0.11371064,0.5,0.5,"[0, 8]",1.0,True,0.01063157,0.00229025,0.00890805,True
40,2,8,FC3,0.03067095,0.00531735,0.0372493,0.5,0.5,"[0, 8]",1.0,True,0.01063157,0.00229025,0.00890805,True
40,2,9,FC4,0.05873477,-0.05873477,0.07651222,0.5,0.5,"[0, 8]",1.0,True,0.01063157,0.00229025,0.00890805,True
40,2,10,FT7,0.08971623,-0.0573734,0.10292674,0.5,0.5,"[0, 8]",1.0,True,0.01063157,0.00229025,0.00890805,True
40,2,11,FT8,0.08055367,-0.00263753,0.09725268,0.5,0.5,"[0, 8]",1.0,True,0.01063157,0.00229025,0.00890805,True
40,2,12,Cz,0.07666419,0.07522388,0.09224919,0.5,0.5,"[0, 8]",1.0,True,0.01063157,0.00229025,0.00890805,True
40,2,13,C3,0.11588868,0.07230273,0.11795545,0.5,0.5,"[0, 8]",1.0,True,0.01063157,0.00229025,0.00890805,True
40,2,14,C4,0.08528368,-0.07570344,0.09616745,0.5,0.5,"[0, 8]",1.0,True,0.01063157,0.00229025,0.00890805,True
40,2,15,T3,0.12723225,0.12723225,0.13234478,0.5,0.5,"[0, 8]",1.0,True,0.01063157,0.00229025,0.00890805,True
40,2,16,T4,0.12247479,0.01380127,0.13483587,0.5,0.5,"[0, 8]",1.0,True,0.01063157,0.00229025,0.00890805,True
40,2,17,CP3,0.12042066,0.03269762,0.13888097,0.5,0.5,"[0, 8]",1.0,True,0.01063157,0.00229025,0.00890805,True
40,2,18,CP4,0.11060223,0.03411416,0.12725261,0.5,0.5,"[0, 8]",1.0,True,0.01063157,0.00229025,0.00890805,True
40,2,19,TP7,0.08396576,-0.01801156,0.09391297,0.5,0.5,"[0, 8]",1.0,True,0.01063157,0.00229025,0.00890805,True
40,2,20,TP8,0.08885087,-0.05934412,0.10816069,0.5,0.5,"[0, 8]",1.0,True,0.01063157,0.00229025,0.00890805,True
40,2,21,Pz,0.15316136,0.00679347,0.15334402,0.5,0.5,"[0, 8]",1.0,True,0.01063157,0.00229025,0.00890805,True
40,2,22,P3,0.10851844,0.10851844,0.11761384,0.5,0.5,"[0, 8]",1.0,True,0.01063157,0.00229025,0.00890805,True
40,2,23,P4,0.10439125,-0.09260524,0.11633249,0.5,0.5,"[0, 8]",1.0,True,0.01063157,0.00229025,0.00890805,True
40,2,24,T5,0.10534155,0.0740009,0.11495307,0.5,0.5,"[0, 8]",1.0,True,0.01063157,0.00229025,0.00890805,True
40,2,25,T6,0.08180178,-0.0626571,0.0927522,0.5,0.5,"[0, 8]",1.0,True,0.01063157,0.00229025,0.00890805,True
40,2,26,Oz,0.07774289,0.0427433,0.08007731,0.5,0.5,"[0, 8]",1.0,True,0.01063157,0.00229025,0.00890805,True
40,2,27,O1,0.1225367,0.05698191,0.13307825,0.5,0.5,"[0, 8]",1.0,True,0.01063157,0.00229025,0.00890805,True
40,2,28,O2,0.14464611,-0.02300729,0.14729826,0.5,0.5,"[0, 8]",1.0,True,0.01063157,0.00229025,0.00890805,True
40,3,0,Fp1,0.12614337,-0.10833011,0.14243609,0.875,0.875,"[3, 5]",0.625,False,0.20924606,0.04802592,0.17532443,True
40,3,1,Fp2,0.05938308,0.0471016,0.08031902,0.875,0.875,"[3, 5]",0.625,False,0.20924606,0.04802592,0.17532443,True
40,3,2,Fz,0.09925924,-0.09408323,0.11189348,0.875,0.875,"[3, 5]",0.625,False,0.20924606,0.04802592,0.17532443,True
40,3,3,F3,0.07558656,0.02864971,0.08295208,0.875,0.875,"[3, 5]",0.625,False,0.20924606,0.04802592,0.17532443,True
40,3,4,F4,0.09627259,0.01631005,0.10360297,0.875,0.875,"[3, 5]",0.625,False,0.20924606,0.04802592,0.17532443,True
40,3,5,F7,0.07600231,0.07600231,0.08903182,0.875,0.875,"[3, 5]",0.625,False,0.20924606,0.04802592,0.17532443,True
40,3,6,F8,0.06180271,-0.03517407,0.066324,0.875,0.875,"[3, 5]",0.625,False,0.20924606,0.04802592,0.17532443,True
40,3,7,FCz,0.10406065,0.10406065,0.11551978,0.875,0.875,"[3, 5]",0.625,False,0.20924606,0.04802592,0.17532443,True
40,3,8,FC3,0.03859217,0.00822314,0.04935348,0.875,0.875,"[3, 5]",0.625,False,0.20924606,0.04802592,0.17532443,True
40,3,9,FC4,0.06395034,-0.06237423,0.08121871,0.875,0.875,"[3, 5]",0.625,False,0.20924606,0.04802592,0.17532443,True
40,3,10,FT7,0.08740155,-0.06742919,0.10083172,0.875,0.875,"[3, 5]",0.625,False,0.20924606,0.04802592,0.17532443,True
40,3,11,FT8,0.08121938,-0.00959467,0.0904998,0.875,0.875,"[3, 5]",0.625,False,0.20924606,0.04802592,0.17532443,True
40,3,12,Cz,0.0912828,0.0912828,0.10472237,0.875,0.875,"[3, 5]",0.625,False,0.20924606,0.04802592,0.17532443,True
40,3,13,C3,0.12967803,0.08308528,0.13281278,0.875,0.875,"[3, 5]",0.625,False,0.20924606,0.04802592,0.17532443,True
40,3,14,C4,0.10092944,-0.07921711,0.108573,0.875,0.875,"[3, 5]",0.625,False,0.20924606,0.04802592,0.17532443,True
40,3,15,T3,0.11905476,0.11905476,0.12384779,0.875,0.875,"[3, 5]",0.625,False,0.20924606,0.04802592,0.17532443,True
40,3,16,T4,0.12293252,-0.00131147,0.13298069,0.875,0.875,"[3, 5]",0.625,False,0.20924606,0.04802592,0.17532443,True
40,3,17,CP3,0.12301464,0.05509717,0.14101496,0.875,0.875,"[3, 5]",0.625,False,0.20924606,0.04802592,0.17532443,True
40,3,18,CP4,0.11506027,0.04715702,0.1291122,0.875,0.875,"[3, 5]",0.625,False,0.20924606,0.04802592,0.17532443,True
40,3,19,TP7,0.08270918,-0.01928651,0.09250466,0.875,0.875,"[3, 5]",0.625,False,0.20924606,0.04802592,0.17532443,True
40,3,20,TP8,0.08240001,-0.04329861,0.09547544,0.875,0.875,"[3, 5]",0.625,False,0.20924606,0.04802592,0.17532443,True
40,3,21,Pz,0.16621371,0.0276699,0.16916512,0.875,0.875,"[3, 5]",0.625,False,0.20924606,0.04802592,0.17532443,True
40,3,22,P3,0.1363496,0.1363496,0.14571384,0.875,0.875,"[3, 5]",0.625,False,0.20924606,0.04802592,0.17532443,True
40,3,23,P4,0.09368713,-0.08349954,0.10538583,0.875,0.875,"[3, 5]",0.625,False,0.20924606,0.04802592,0.17532443,True
40,3,24,T5,0.09233986,0.07045437,0.10238846,0.875,0.875,"[3, 5]",0.625,False,0.20924606,0.04802592,0.17532443,True
40,3,25,T6,0.09154171,-0.05552871,0.09331358,0.875,0.875,"[3, 5]",0.625,False,0.20924606,0.04802592,0.17532443,True
40,3,26,Oz,0.06290028,0.0405483,0.06967454,0.875,0.875,"[3, 5]",0.625,False,0.20924606,0.04802592,0.17532443,True
40,3,27,O1,0.12242902,0.04967075,0.14162615,0.875,0.875,"[3, 5]",0.625,False,0.20924606,0.04802592,0.17532443,True
40,3,28,O2,0.13562262,-0.03031386,0.14167048,0.875,0.875,"[3, 5]",0.625,False,0.20924606,0.04802592,0.17532443,True
40,4,0,Fp1,0.12901568,-0.10905678,0.14241247,0.5,0.5,"[2, 6]",0.75,False,0.15236961,0.03460385,0.12766843,True
40,4,1,Fp2,0.06532311,0.04511829,0.080916,0.5,0.5,"[2, 6]",0.75,False,0.15236961,0.03460385,0.12766843,True
40,4,2,Fz,0.1008351,-0.09284291,0.1124009,0.5,0.5,"[2, 6]",0.75,False,0.15236961,0.03460385,0.12766843,True
40,4,3,F3,0.08628048,0.02188227,0.09485681,0.5,0.5,"[2, 6]",0.75,False,0.15236961,0.03460385,0.12766843,True
40,4,4,F4,0.09097822,0.00939915,0.10111701,0.5,0.5,"[2, 6]",0.75,False,0.15236961,0.03460385,0.12766843,True
40,4,5,F7,0.08780186,0.08780186,0.09792324,0.5,0.5,"[2, 6]",0.75,False,0.15236961,0.03460385,0.12766843,True
40,4,6,F8,0.05605865,-0.02435872,0.05679993,0.5,0.5,"[2, 6]",0.75,False,0.15236961,0.03460385,0.12766843,True
40,4,7,FCz,0.10330492,0.10330492,0.11335057,0.5,0.5,"[2, 6]",0.75,False,0.15236961,0.03460385,0.12766843,True
40,4,8,FC3,0.03336888,0.00676047,0.03972825,0.5,0.5,"[2, 6]",0.75,False,0.15236961,0.03460385,0.12766843,True
40,4,9,FC4,0.06829581,-0.06829581,0.08514867,0.5,0.5,"[2, 6]",0.75,False,0.15236961,0.03460385,0.12766843,True
40,4,10,FT7,0.08558028,-0.05848963,0.10074547,0.5,0.5,"[2, 6]",0.75,False,0.15236961,0.03460385,0.12766843,True
40,4,11,FT8,0.08462714,0.01114728,0.10112603,0.5,0.5,"[2, 6]",0.75,False,0.15236961,0.03460385,0.12766843,True
40,4,12,Cz,0.08599499,0.08599499,0.09791698,0.5,0.5,"[2, 6]",0.75,False,0.15236961,0.03460385,0.12766843,True
40,4,13,C3,0.1247577,0.07800962,0.12784941,0.5,0.5,"[2, 6]",0.75,False,0.15236961,0.03460385,0.12766843,True
40,4,14,C4,0.09313755,-0.08205277,0.10387055,0.5,0.5,"[2, 6]",0.75,False,0.15236961,0.03460385,0.12766843,True
40,4,15,T3,0.11363744,0.11363744,0.12388207,0.5,0.5,"[2, 6]",0.75,False,0.15236961,0.03460385,0.12766843,True
40,4,16,T4,0.11913913,0.01302148,0.13069801,0.5,0.5,"[2, 6]",0.75,False,0.15236961,0.03460385,0.12766843,True
40,4,17,CP3,0.11637487,0.04270212,0.13098416,0.5,0.5,"[2, 6]",0.75,False,0.15236961,0.03460385,0.12766843,True
40,4,18,CP4,0.1057353,0.0265721,0.12227492,0.5,0.5,"[2, 6]",0.75,False,0.15236961,0.03460385,0.12766843,True
40,4,19,TP7,0.08192661,-0.02069534,0.09039986,0.5,0.5,"[2, 6]",0.75,False,0.15236961,0.03460385,0.12766843,True
40,4,20,TP8,0.08517839,-0.05995658,0.10545688,0.5,0.5,"[2, 6]",0.75,False,0.15236961,0.03460385,0.12766843,True
40,4,21,Pz,0.16479155,0.01369072,0.16544527,0.5,0.5,"[2, 6]",0.75,False,0.15236961,0.03460385,0.12766843,True
40,4,22,P3,0.11383964,0.11383964,0.12451197,0.5,0.5,"[2, 6]",0.75,False,0.15236961,0.03460385,0.12766843,True
40,4,23,P4,0.11123347,-0.09640971,0.12353209,0.5,0.5,"[2, 6]",0.75,False,0.15236961,0.03460385,0.12766843,True
40,4,24,T5,0.10238026,0.07751368,0.11119583,0.5,0.5,"[2, 6]",0.75,False,0.15236961,0.03460385,0.12766843,True
40,4,25,T6,0.09148603,-0.08152349,0.10539748,0.5,0.5,"[2, 6]",0.75,False,0.15236961,0.03460385,0.12766843,True
40,4,26,Oz,0.06409562,0.0395432,0.06880648,0.5,0.5,"[2, 6]",0.75,False,0.15236961,0.03460385,0.12766843,True
40,4,27,O1,0.13040225,0.06805352,0.14180222,0.5,0.5,"[2, 6]",0.75,False,0.15236961,0.03460385,0.12766843,True
40,4,28,O2,0.14217588,-0.01257369,0.14439602,0.5,0.5,"[2, 6]",0.75,False,0.15236961,0.03460385,0.12766843,True
40,5,0,Fp1,0.1107756,-0.0962743,0.12339763,0.5,0.5,"[0, 8]",1.0,True,0.01369649,0.00225418,0.0114761,True
40,5,1,Fp2,0.07734986,0.06094,0.09521862,0.5,0.5,"[0, 8]",1.0,True,0.01369649,0.00225418,0.0114761,True
40,5,2,Fz,0.10326898,-0.09864549,0.11706975,0.5,0.5,"[0, 8]",1.0,True,0.01369649,0.00225418,0.0114761,True
40,5,3,F3,0.08726696,0.02696406,0.09401617,0.5,0.5,"[0, 8]",1.0,True,0.01369649,0.00225418,0.0114761,True
40,5,4,F4,0.09656558,0.01163298,0.10714351,0.5,0.5,"[0, 8]",1.0,True,0.01369649,0.00225418,0.0114761,True
40,5,5,F7,0.0847657,0.08217661,0.0981743,0.5,0.5,"[0, 8]",1.0,True,0.01369649,0.00225418,0.0114761,True
40,5,6,F8,0.07623969,-0.02869871,0.07720705,0.5,0.5,"[0, 8]",1.0,True,0.01369649,0.00225418,0.0114761,True
40,5,7,FCz,0.09796162,0.09796162,0.11328261,0.5,0.5,"[0, 8]",1.0,True,0.01369649,0.00225418,0.0114761,True
40,5,8,FC3,0.02996829,0.00534509,0.03660601,0.5,0.5,"[0, 8]",1.0,True,0.01369649,0.00225418,0.0114761,True
40,5,9,FC4,0.05841534,-0.05841534,0.07591335,0.5,0.5,"[0, 8]",1.0,True,0.01369649,0.00225418,0.0114761,True
40,5,10,FT7,0.08923987,-0.05802846,0.10277301,0.5,0.5,"[0, 8]",1.0,True,0.01369649,0.00225418,0.0114761,True
40,5,11,FT8,0.08154206,-0.0033312,0.09816758,0.5,0.5,"[0, 8]",1.0,True,0.01369649,0.00225418,0.0114761,True
40,5,12,Cz,0.07671122,0.07475859,0.09207638,0.5,0.5,"[0, 8]",1.0,True,0.01369649,0.00225418,0.0114761,True
40,5,13,C3,0.11588743,0.07244707,0.11809938,0.5,0.5,"[0, 8]",1.0,True,0.01369649,0.00225418,0.0114761,True
40,5,14,C4,0.08498357,-0.07549843,0.09559726,0.5,0.5,"[0, 8]",1.0,True,0.01369649,0.00225418,0.0114761,True
40,5,15,T3,0.1274423,0.1274423,0.13277419,0.5,0.5,"[0, 8]",1.0,True,0.01369649,0.00225418,0.0114761,True
40,5,16,T4,0.12204994,0.0140153,0.13430616,0.5,0.5,"[0, 8]",1.0,True,0.01369649,0.00225418,0.0114761,True
40,5,17,CP3,0.11982532,0.03315965,0.13839138,0.5,0.5,"[0, 8]",1.0,True,0.01369649,0.00225418,0.0114761,True
40,5,18,CP4,0.11123158,0.03391391,0.12766112,0.5,0.5,"[0, 8]",1.0,True,0.01369649,0.00225418,0.0114761,True
40,5,19,TP7,0.08378384,-0.01786548,0.09356062,0.5,0.5,"[0, 8]",1.0,True,0.01369649,0.00225418,0.0114761,True
40,5,20,TP8,0.08873805,-0.05932594,0.10778952,0.5,0.5,"[0, 8]",1.0,True,0.01369649,0.00225418,0.0114761,True
40,5,21,Pz,0.15400149,0.00731502,0.15422595,0.5,0.5,"[0, 8]",1.0,True,0.01369649,0.00225418,0.0114761,True
40,5,22,P3,0.1089382,0.1089382,0.11824459,0.5,0.5,"[0, 8]",1.0,True,0.01369649,0.00225418,0.0114761,True
40,5,23,P4,0.10489406,-0.09301133,0.11688423,0.5,0.5,"[0, 8]",1.0,True,0.01369649,0.00225418,0.0114761,True
40,5,24,T5,0.10477503,0.07394376,0.11435468,0.5,0.5,"[0, 8]",1.0,True,0.01369649,0.00225418,0.0114761,True
40,5,25,T6,0.08119198,-0.06337925,0.09247624,0.5,0.5,"[0, 8]",1.0,True,0.01369649,0.00225418,0.0114761,True
40,5,26,Oz,0.07763728,0.04271012,0.07995494,0.5,0.5,"[0, 8]",1.0,True,0.01369649,0.00225418,0.0114761,True
40,5,27,O1,0.12192671,0.05673714,0.13271315,0.5,0.5,"[0, 8]",1.0,True,0.01369649,0.00225418,0.0114761,True
40,5,28,O2,0.14546075,-0.02339032,0.1481746,0.5,0.5,"[0, 8]",1.0,True,0.01369649,0.00225418,0.0114761,True
41,1,0,Fp1,0.09142119,-0.06320126,0.09539919,0.625,0.625,"[1, 7]",0.875,False,0.86574723,0.28013472,0.72539784,True
41,1,1,Fp2,0.06058002,0.03257416,0.09168358,0.625,0.625,"[1, 7]",0.875,False,0.86574723,0.28013472,0.72539784,True
41,1,2,Fz,0.12332347,-0.12332347,0.14180799,0.625,0.625,"[1, 7]",0.875,False,0.86574723,0.28013472,0.72539784,True
41,1,3,F3,0.05794284,0.01066591,0.06337175,0.625,0.625,"[1, 7]",0.875,False,0.86574723,0.28013472,0.72539784,True
41,1,4,F4,0.12088923,0.06933193,0.12160388,0.625,0.625,"[1, 7]",0.875,False,0.86574723,0.28013472,0.72539784,True
41,1,5,F7,0.11381847,0.05046369,0.11687186,0.625,0.625,"[1, 7]",0.875,False,0.86574723,0.28013472,0.72539784,True
41,1,6,F8,0.08804084,-0.08804084,0.09604371,0.625,0.625,"[1, 7]",0.875,False,0.86574723,0.28013472,0.72539784,True
41,1,7,FCz,0.13523287,0.13523287,0.14510961,0.625,0.625,"[1, 7]",0.875,False,0.86574723,0.28013472,0.72539784,True
41,1,8,FC3,0.04590215,-0.00219391,0.04850724,0.625,0.625,"[1, 7]",0.875,False,0.86574723,0.28013472,0.72539784,True
41,1,9,FC4,0.07173982,0.04161719,0.08604856,0.625,0.625,"[1, 7]",0.875,False,0.86574723,0.28013472,0.72539784,True
41,1,10,FT7,0.11597836,-0.01767339,0.12553635,0.625,0.625,"[1, 7]",0.875,False,0.86574723,0.28013472,0.72539784,True
41,1,11,FT8,0.04978322,0.0434476,0.06958192,0.625,0.625,"[1, 7]",0.875,False,0.86574723,0.28013472,0.72539784,True
41,1,12,Cz,0.09195508,0.09195508,0.10552418,0.625,0.625,"[1, 7]",0.875,False,0.86574723,0.28013472,0.72539784,True
41,1,13,C3,0.09824228,0.0468874,0.09881219,0.625,0.625,"[1, 7]",0.875,False,0.86574723,0.28013472,0.72539784,True
41,1,14,C4,0.07689768,0.04843182,0.11373435,0.625,0.625,"[1, 7]",0.875,False,0.86574723,0.28013472,0.72539784,True
41,1,15,T3,0.1092152,0.1092152,0.11653648,0.625,0.625,"[1, 7]",0.875,False,0.86574723,0.28013472,0.72539784,True
41,1,16,T4,0.08303982,0.04097695,0.09888058,0.625,0.625,"[1, 7]",0.875,False,0.86574723,0.28013472,0.72539784,True
41,1,17,CP3,0.1266948,-0.02085904,0.1640956,0.625,0.625,"[1, 7]",0.875,False,0.86574723,0.28013472,0.72539784,True
41,1,18,CP4,0.17465453,0.02476858,0.18245126,0.625,0.625,"[1, 7]",0.875,False,0.86574723,0.28013472,0.72539784,True
41,1,19,TP7,0.09570383,-0.06665874,0.10602042,0.625,0.625,"[1, 7]",0.875,False,0.86574723,0.28013472,0.72539784,True
41,1,20,TP8,0.07880938,-0.06380494,0.10512588,0.625,0.625,"[1, 7]",0.875,False,0.86574723,0.28013472,0.72539784,True
41,1,21,Pz,0.13128237,-0.09714046,0.14881656,0.625,0.625,"[1, 7]",0.875,False,0.86574723,0.28013472,0.72539784,True
41,1,22,P3,0.0419482,0.04135545,0.04893653,0.625,0.625,"[1, 7]",0.875,False,0.86574723,0.28013472,0.72539784,True
41,1,23,P4,0.08956285,-0.08956285,0.12160834,0.625,0.625,"[1, 7]",0.875,False,0.86574723,0.28013472,0.72539784,True
41,1,24,T5,0.01967411,-0.00906888,0.02264339,0.625,0.625,"[1, 7]",0.875,False,0.86574723,0.28013472,0.72539784,True
41,1,25,T6,0.07036042,-0.01518852,0.07330833,0.625,0.625,"[1, 7]",0.875,False,0.86574723,0.28013472,0.72539784,True
41,1,26,Oz,0.07360724,0.07212987,0.10214914,0.625,0.625,"[1, 7]",0.875,False,0.86574723,0.28013472,0.72539784,True
41,1,27,O1,0.15869126,0.10230196,0.17890459,0.625,0.625,"[1, 7]",0.875,False,0.86574723,0.28013472,0.72539784,True
41,1,28,O2,0.12749887,-0.0038355,0.13566013,0.625,0.625,"[1, 7]",0.875,False,0.86574723,0.28013472,0.72539784,True
41,2,0,Fp1,0.10672499,-0.10672499,0.12291621,0.5,0.5,"[6, 2]",0.75,False,0.35052059,0.09200443,0.29369644,True
41,2,1,Fp2,0.06554405,0.04015286,0.09642556,0.5,0.5,"[6, 2]",0.75,False,0.35052059,0.09200443,0.29369644,True
41,2,2,Fz,0.11446968,-0.10216485,0.12606606,0.5,0.5,"[6, 2]",0.75,False,0.35052059,0.09200443,0.29369644,True
41,2,3,F3,0.091732,0.03186163,0.09538712,0.5,0.5,"[6, 2]",0.75,False,0.35052059,0.09200443,0.29369644,True
41,2,4,F4,0.11519745,0.04691899,0.11659593,0.5,0.5,"[6, 2]",0.75,False,0.35052059,0.09200443,0.29369644,True
41,2,5,F7,0.06496352,0.05705415,0.07265846,0.5,0.5,"[6, 2]",0.75,False,0.35052059,0.09200443,0.29369644,True
41,2,6,F8,0.05778701,-0.00046477,0.06782849,0.5,0.5,"[6, 2]",0.75,False,0.35052059,0.09200443,0.29369644,True
41,2,7,FCz,0.11228132,0.09632444,0.12542473,0.5,0.5,"[6, 2]",0.75,False,0.35052059,0.09200443,0.29369644,True
41,2,8,FC3,0.02516094,-0.01283134,0.03011331,0.5,0.5,"[6, 2]",0.75,False,0.35052059,0.09200443,0.29369644,True
41,2,9,FC4,0.03732879,0.00497184,0.04408991,0.5,0.5,"[6, 2]",0.75,False,0.35052059,0.09200443,0.29369644,True
41,2,10,FT7,0.12084356,-0.08850348,0.13447478,0.5,0.5,"[6, 2]",0.75,False,0.35052059,0.09200443,0.29369644,True
41,2,11,FT8,0.0856948,0.02623084,0.09860659,0.5,0.5,"[6, 2]",0.75,False,0.35052059,0.09200443,0.29369644,True
41,2,12,Cz,0.10715014,0.10094404,0.12526485,0.5,0.5,"[6, 2]",0.75,False,0.35052059,0.09200443,0.29369644,True
41,2,13,C3,0.11400086,0.05241806,0.11710745,0.5,0.5,"[6, 2]",0.75,False,0.35052059,0.09200443,0.29369644,True
41,2,14,C4,0.05263747,-0.02801577,0.06058659,0.5,0.5,"[6, 2]",0.75,False,0.35052059,0.09200443,0.29369644,True
41,2,15,T3,0.09439959,0.09439959,0.09653862,0.5,0.5,"[6, 2]",0.75,False,0.35052059,0.09200443,0.29369644,True
41,2,16,T4,0.12813872,0.01364069,0.14268188,0.5,0.5,"[6, 2]",0.75,False,0.35052059,0.09200443,0.29369644,True
41,2,17,CP3,0.12424424,0.01596697,0.14607055,0.5,0.5,"[6, 2]",0.75,False,0.35052059,0.09200443,0.29369644,True
41,2,18,CP4,0.14075971,0.0436325,0.15771423,0.5,0.5,"[6, 2]",0.75,False,0.35052059,0.09200443,0.29369644,True
41,2,19,TP7,0.06789964,-0.04703676,0.08301057,0.5,0.5,"[6, 2]",0.75,False,0.35052059,0.09200443,0.29369644,True
41,2,20,TP8,0.11604996,-0.04616328,0.12771297,0.5,0.5,"[6, 2]",0.75,False,0.35052059,0.09200443,0.29369644,True
41,2,21,Pz,0.1579836,0.01201006,0.15883528,0.5,0.5,"[6, 2]",0.75,False,0.35052059,0.09200443,0.29369644,True
41,2,22,P3,0.0721624,0.0721624,0.08241002,0.5,0.5,"[6, 2]",0.75,False,0.35052059,0.09200443,0.29369644,True
41,2,23,P4,0.10634972,-0.07725636,0.11050548,0.5,0.5,"[6, 2]",0.75,False,0.35052059,0.09200443,0.29369644,True
41,2,24,T5,0.08458068,0.05343293,0.09738827,0.5,0.5,"[6, 2]",0.75,False,0.35052059,0.09200443,0.29369644,True
41,2,25,T6,0.05870125,-0.04549781,0.07487626,0.5,0.5,"[6, 2]",0.75,False,0.35052059,0.09200443,0.29369644,True
41,2,26,Oz,0.07451866,0.05293934,0.08130799,0.5,0.5,"[6, 2]",0.75,False,0.35052059,0.09200443,0.29369644,True
41,2,27,O1,0.11977274,0.06998929,0.13363262,0.5,0.5,"[6, 2]",0.75,False,0.35052059,0.09200443,0.29369644,True
41,2,28,O2,0.14338346,-0.01091871,0.14481272,0.5,0.5,"[6, 2]",0.75,False,0.35052059,0.09200443,0.29369644,True
41,3,0,Fp1,0.06419478,-0.02870561,0.06681964,0.375,0.375,"[5, 3]",0.625,False,1.13425599,0.36554102,0.95037768,True
41,3,1,Fp2,0.05621051,0.00486539,0.0681375,0.375,0.375,"[5, 3]",0.625,False,1.13425599,0.36554102,0.95037768,True
41,3,2,Fz,0.09324732,-0.06064185,0.10039119,0.375,0.375,"[5, 3]",0.625,False,1.13425599,0.36554102,0.95037768,True
41,3,3,F3,0.17515105,0.04040945,0.19202766,0.375,0.375,"[5, 3]",0.625,False,1.13425599,0.36554102,0.95037768,True
41,3,4,F4,0.13713415,0.00013351,0.17759721,0.375,0.375,"[5, 3]",0.625,False,1.13425599,0.36554102,0.95037768,True
41,3,5,F7,0.04585139,0.02245179,0.05222902,0.375,0.375,"[5, 3]",0.625,False,1.13425599,0.36554102,0.95037768,True
41,3,6,F8,0.09020528,-0.02607476,0.11268423,0.375,0.375,"[5, 3]",0.625,False,1.13425599,0.36554102,0.95037768,True
41,3,7,FCz,0.05851551,0.05639946,0.07192799,0.375,0.375,"[5, 3]",0.625,False,1.13425599,0.36554102,0.95037768,True
41,3,8,FC3,0.01802719,0.01257024,0.02418436,0.375,0.375,"[5, 3]",0.625,False,1.13425599,0.36554102,0.95037768,True
41,3,9,FC4,0.14260358,0.02428882,0.16735169,0.375,0.375,"[5, 3]",0.625,False,1.13425599,0.36554102,0.95037768,True
41,3,10,FT7,0.10599986,-0.0106954,0.12130602,0.375,0.375,"[5, 3]",0.625,False,1.13425599,0.36554102,0.95037768,True
41,3,11,FT8,0.0851111,0.02623837,0.09533866,0.375,0.375,"[5, 3]",0.625,False,1.13425599,0.36554102,0.95037768,True
41,3,12,Cz,0.10685797,0.03129473,0.13320346,0.375,0.375,"[5, 3]",0.625,False,1.13425599,0.36554102,0.95037768,True
41,3,13,C3,0.04896993,-0.04247463,0.08266173,0.375,0.375,"[5, 3]",0.625,False,1.13425599,0.36554102,0.95037768,True
41,3,14,C4,0.15076461,0.12560736,0.17320774,0.375,0.375,"[5, 3]",0.625,False,1.13425599,0.36554102,0.95037768,True
41,3,15,T3,0.14063716,0.11862081,0.16722678,0.375,0.375,"[5, 3]",0.625,False,1.13425599,0.36554102,0.95037768,True
41,3,16,T4,0.09710683,0.00044607,0.12864752,0.375,0.375,"[5, 3]",0.625,False,1.13425599,0.36554102,0.95037768,True
41,3,17,CP3,0.0957282,0.02081347,0.10345259,0.375,0.375,"[5, 3]",0.625,False,1.13425599,0.36554102,0.95037768,True
41,3,18,CP4,0.12904406,0.04174662,0.14157249,0.375,0.375,"[5, 3]",0.625,False,1.13425599,0.36554102,0.95037768,True
41,3,19,TP7,0.11037435,-0.05378139,0.1171038,0.375,0.375,"[5, 3]",0.625,False,1.13425599,0.36554102,0.95037768,True
41,3,20,TP8,0.10258506,-0.04033853,0.13618837,0.375,0.375,"[5, 3]",0.625,False,1.13425599,0.36554102,0.95037768,True
41,3,21,Pz,0.09823039,-0.09100541,0.12624007,0.375,0.375,"[5, 3]",0.625,False,1.13425599,0.36554102,0.95037768,True
41,3,22,P3,0.08524468,0.08524468,0.09398393,0.375,0.375,"[5, 3]",0.625,False,1.13425599,0.36554102,0.95037768,True
41,3,23,P4,0.10683297,-0.05587766,0.12835746,0.375,0.375,"[5, 3]",0.625,False,1.13425599,0.36554102,0.95037768,True
41,3,24,T5,0.09937808,-0.04861579,0.11531153,0.375,0.375,"[5, 3]",0.625,False,1.13425599,0.36554102,0.95037768,True
41,3,25,T6,0.07686733,-0.03483554,0.07785591,0.375,0.375,"[5, 3]",0.625,False,1.13425599,0.36554102,0.95037768,True
41,3,26,Oz,0.07707366,0.02312026,0.08750223,0.375,0.375,"[5, 3]",0.625,False,1.13425599,0.36554102,0.95037768,True
41,3,27,O1,0.14461467,0.08444388,0.17030579,0.375,0.375,"[5, 3]",0.625,False,1.13425599,0.36554102,0.95037768,True
41,3,28,O2,0.08012199,-0.01784452,0.09797325,0.375,0.375,"[5, 3]",0.625,False,1.13425599,0.36554102,0.95037768,True
41,4,0,Fp1,0.07869942,-0.04693926,0.08206156,0.5,0.5,"[4, 4]",0.5,False,0.94709822,0.2494577,0.79356073,True
41,4,1,Fp2,0.02991415,0.00748188,0.03522839,0.5,0.5,"[4, 4]",0.5,False,0.94709822,0.2494577,0.79356073,True
41,4,2,Fz,0.10220228,-0.10220228,0.10916544,0.5,0.5,"[4, 4]",0.5,False,0.94709822,0.2494577,0.79356073,True
41,4,3,F3,0.12904663,0.09983674,0.15591705,0.5,0.5,"[4, 4]",0.5,False,0.94709822,0.2494577,0.79356073,True
41,4,4,F4,0.0936341,-0.0936341,0.13245316,0.5,0.5,"[4, 4]",0.5,False,0.94709822,0.2494577,0.79356073,True
41,4,5,F7,0.08654147,0.08654147,0.11807911,0.5,0.5,"[4, 4]",0.5,False,0.94709822,0.2494577,0.79356073,True
41,4,6,F8,0.05754694,-0.01182287,0.05934135,0.5,0.5,"[4, 4]",0.5,False,0.94709822,0.2494577,0.79356073,True
41,4,7,FCz,0.08036515,0.0365322,0.09108052,0.5,0.5,"[4, 4]",0.5,False,0.94709822,0.2494577,0.79356073,True
41,4,8,FC3,0.05839811,-0.02231392,0.07196199,0.5,0.5,"[4, 4]",0.5,False,0.94709822,0.2494577,0.79356073,True
41,4,9,FC4,0.09343062,0.09343062,0.12611575,0.5,0.5,"[4, 4]",0.5,False,0.94709822,0.2494577,0.79356073,True
41,4,10,FT7,0.09865393,-0.01950197,0.11382158,0.5,0.5,"[4, 4]",0.5,False,0.94709822,0.2494577,0.79356073,True
41,4,11,FT8,0.14362945,0.08376509,0.16619125,0.5,0.5,"[4, 4]",0.5,False,0.94709822,0.2494577,0.79356073,True
41,4,12,Cz,0.16244923,0.16244923,0.17064165,0.5,0.5,"[4, 4]",0.5,False,0.94709822,0.2494577,0.79356073,True
41,4,13,C3,0.03768095,0.02722903,0.0448644,0.5,0.5,"[4, 4]",0.5,False,0.94709822,0.2494577,0.79356073,True
41,4,14,C4,0.17246997,-0.08266111,0.18969417,0.5,0.5,"[4, 4]",0.5,False,0.94709822,0.2494577,0.79356073,True
41,4,15,T3,0.05914501,0.05497003,0.07213547,0.5,0.5,"[4, 4]",0.5,False,0.94709822,0.2494577,0.79356073,True
41,4,16,T4,0.08423943,0.0136682,0.10427405,0.5,0.5,"[4, 4]",0.5,False,0.94709822,0.2494577,0.79356073,True
41,4,17,CP3,0.1109229,-0.01575356,0.13732046,0.5,0.5,"[4, 4]",0.5,False,0.94709822,0.2494577,0.79356073,True
41,4,18,CP4,0.16072682,0.01388661,0.19476686,0.5,0.5,"[4, 4]",0.5,False,0.94709822,0.2494577,0.79356073,True
41,4,19,TP7,0.13031536,-0.0464925,0.13405105,0.5,0.5,"[4, 4]",0.5,False,0.94709822,0.2494577,0.79356073,True
41,4,20,TP8,0.06102294,-0.04207341,0.08218557,0.5,0.5,"[4, 4]",0.5,False,0.94709822,0.2494577,0.79356073,True
41,4,21,Pz,0.08274455,-0.01352687,0.09332913,0.5,0.5,"[4, 4]",0.5,False,0.94709822,0.2494577,0.79356073,True
41,4,22,P3,0.0639511,0.04547177,0.07408905,0.5,0.5,"[4, 4]",0.5,False,0.94709822,0.2494577,0.79356073,True
41,4,23,P4,0.0582041,-0.03619393,0.07187683,0.5,0.5,"[4, 4]",0.5,False,0.94709822,0.2494577,0.79356073,True
41,4,24,T5,0.12284683,0.02077841,0.14723645,0.5,0.5,"[4, 4]",0.5,False,0.94709822,0.2494577,0.79356073,True
41,4,25,T6,0.05341811,0.00174295,0.07061612,0.5,0.5,"[4, 4]",0.5,False,0.94709822,0.2494577,0.79356073,True
41,4,26,Oz,0.05653036,0.0407659,0.07420814,0.5,0.5,"[4, 4]",0.5,False,0.94709822,0.2494577,0.79356073,True
41,4,27,O1,0.11148073,0.03165141,0.1274137,0.5,0.5,"[4, 4]",0.5,False,0.94709822,0.2494577,0.79356073,True
41,4,28,O2,0.09355749,-0.01141544,0.12150635,0.5,0.5,"[4, 4]",0.5,False,0.94709822,0.2494577,0.79356073,True
41,5,0,Fp1,0.10781784,-0.09037664,0.11871438,0.25,0.25,"[2, 6]",0.75,False,0.10178584,0.02104405,0.08528497,True
41,5,1,Fp2,0.07904918,0.05839643,0.09876062,0.25,0.25,"[2, 6]",0.75,False,0.10178584,0.02104405,0.08528497,True
41,5,2,Fz,0.107154,-0.10009392,0.12006366,0.25,0.25,"[2, 6]",0.75,False,0.10178584,0.02104405,0.08528497,True
41,5,3,F3,0.08514202,0.02567315,0.09008519,0.25,0.25,"[2, 6]",0.75,False,0.10178584,0.02104405,0.08528497,True
41,5,4,F4,0.09509725,0.01687709,0.10373085,0.25,0.25,"[2, 6]",0.75,False,0.10178584,0.02104405,0.08528497,True
41,5,5,F7,0.08185674,0.07268573,0.09100062,0.25,0.25,"[2, 6]",0.75,False,0.10178584,0.02104405,0.08528497,True
41,5,6,F8,0.0743534,-0.03594358,0.0758132,0.25,0.25,"[2, 6]",0.75,False,0.10178584,0.02104405,0.08528497,True
41,5,7,FCz,0.09963827,0.09963827,0.11407643,0.25,0.25,"[2, 6]",0.75,False,0.10178584,0.02104405,0.08528497,True
41,5,8,FC3,0.02537799,0.00135561,0.0342881,0.25,0.25,"[2, 6]",0.75,False,0.10178584,0.02104405,0.08528497,True
41,5,9,FC4,0.05779843,-0.05779843,0.07538504,0.25,0.25,"[2, 6]",0.75,False,0.10178584,0.02104405,0.08528497,True
41,5,10,FT7,0.0920125,-0.06693695,0.10497119,0.25,0.25,"[2, 6]",0.75,False,0.10178584,0.02104405,0.08528497,True
41,5,11,FT8,0.07871009,-0.01143415,0.10076582,0.25,0.25,"[2, 6]",0.75,False,0.10178584,0.02104405,0.08528497,True
41,5,12,Cz,0.0804076,0.0804076,0.09930232,0.25,0.25,"[2, 6]",0.75,False,0.10178584,0.02104405,0.08528497,True
41,5,13,C3,0.1139297,0.07232706,0.11810622,0.25,0.25,"[2, 6]",0.75,False,0.10178584,0.02104405,0.08528497,True
41,5,14,C4,0.07305849,-0.06292421,0.08263788,0.25,0.25,"[2, 6]",0.75,False,0.10178584,0.02104405,0.08528497,True
41,5,15,T3,0.12016729,0.12016729,0.12477768,0.25,0.25,"[2, 6]",0.75,False,0.10178584,0.02104405,0.08528497,True
41,5,16,T4,0.11626306,0.00887648,0.12917498,0.25,0.25,"[2, 6]",0.75,False,0.10178584,0.02104405,0.08528497,True
41,5,17,CP3,0.12084261,0.03379495,0.13985047,0.25,0.25,"[2, 6]",0.75,False,0.10178584,0.02104405,0.08528497,True
41,5,18,CP4,0.11421674,0.03414451,0.13088101,0.25,0.25,"[2, 6]",0.75,False,0.10178584,0.02104405,0.08528497,True
41,5,19,TP7,0.0832811,-0.02202225,0.09254989,0.25,0.25,"[2, 6]",0.75,False,0.10178584,0.02104405,0.08528497,True
41,5,20,TP8,0.09385668,-0.06676173,0.11660744,0.25,0.25,"[2, 6]",0.75,False,0.10178584,0.02104405,0.08528497,True
41,5,21,Pz,0.15547214,0.01292386,0.15607777,0.25,0.25,"[2, 6]",0.75,False,0.10178584,0.02104405,0.08528497,True
41,5,22,P3,0.1126245,0.1126245,0.1205032,0.25,0.25,"[2, 6]",0.75,False,0.10178584,0.02104405,0.08528497,True
41,5,23,P4,0.10768172,-0.09330884,0.11839756,0.25,0.25,"[2, 6]",0.75,False,0.10178584,0.02104405,0.08528497,True
41,5,24,T5,0.10253291,0.07438829,0.11198377,0.25,0.25,"[2, 6]",0.75,False,0.10178584,0.02104405,0.08528497,True
41,5,25,T6,0.08002459,-0.06607987,0.09349515,0.25,0.25,"[2, 6]",0.75,False,0.10178584,0.02104405,0.08528497,True
41,5,26,Oz,0.07689726,0.04600907,0.07994901,0.25,0.25,"[2, 6]",0.75,False,0.10178584,0.02104405,0.08528497,True
41,5,27,O1,0.12615779,0.06603968,0.13776135,0.25,0.25,"[2, 6]",0.75,False,0.10178584,0.02104405,0.08528497,True
41,5,28,O2,0.14346235,-0.0219112,0.14613469,0.25,0.25,"[2, 6]",0.75,False,0.10178584,0.02104405,0.08528497,True
42,1,0,Fp1,0.10972379,-0.09367521,0.11972316,0.375,0.375,"[5, 3]",0.625,False,0.12252145,0.0204491,0.10265906,True
42,1,1,Fp2,0.08518595,0.06679145,0.10278001,0.375,0.375,"[5, 3]",0.625,False,0.12252145,0.0204491,0.10265906,True
42,1,2,Fz,0.10359641,-0.09363955,0.1162667,0.375,0.375,"[5, 3]",0.625,False,0.12252145,0.0204491,0.10265906,True
42,1,3,F3,0.08438826,0.02680598,0.09232412,0.375,0.375,"[5, 3]",0.625,False,0.12252145,0.0204491,0.10265906,True
42,1,4,F4,0.09489574,0.01452954,0.10423159,0.375,0.375,"[5, 3]",0.625,False,0.12252145,0.0204491,0.10265906,True
42,1,5,F7,0.08527783,0.08135943,0.0969328,0.375,0.375,"[5, 3]",0.625,False,0.12252145,0.0204491,0.10265906,True
42,1,6,F8,0.07795998,-0.0254743,0.08071144,0.375,0.375,"[5, 3]",0.625,False,0.12252145,0.0204491,0.10265906,True
42,1,7,FCz,0.09947877,0.09947877,0.11709649,0.375,0.375,"[5, 3]",0.625,False,0.12252145,0.0204491,0.10265906,True
42,1,8,FC3,0.04037686,0.00663921,0.04862956,0.375,0.375,"[5, 3]",0.625,False,0.12252145,0.0204491,0.10265906,True
42,1,9,FC4,0.05608819,-0.05476579,0.08125395,0.375,0.375,"[5, 3]",0.625,False,0.12252145,0.0204491,0.10265906,True
42,1,10,FT7,0.08981854,-0.05844672,0.10215238,0.375,0.375,"[5, 3]",0.625,False,0.12252145,0.0204491,0.10265906,True
42,1,11,FT8,0.09503456,-0.00518089,0.11222813,0.375,0.375,"[5, 3]",0.625,False,0.12252145,0.0204491,0.10265906,True
42,1,12,Cz,0.07824176,0.07824176,0.09159265,0.375,0.375,"[5, 3]",0.625,False,0.12252145,0.0204491,0.10265906,True
42,1,13,C3,0.11041227,0.07261103,0.11228772,0.375,0.375,"[5, 3]",0.625,False,0.12252145,0.0204491,0.10265906,True
42,1,14,C4,0.08906883,-0.07323267,0.10032388,0.375,0.375,"[5, 3]",0.625,False,0.12252145,0.0204491,0.10265906,True
42,1,15,T3,0.12176745,0.12176745,0.1279764,0.375,0.375,"[5, 3]",0.625,False,0.12252145,0.0204491,0.10265906,True
42,1,16,T4,0.12283894,0.01157763,0.13880751,0.375,0.375,"[5, 3]",0.625,False,0.12252145,0.0204491,0.10265906,True
42,1,17,CP3,0.12696783,0.02948375,0.14271349,0.375,0.375,"[5, 3]",0.625,False,0.12252145,0.0204491,0.10265906,True
42,1,18,CP4,0.10981553,0.03015911,0.12585121,0.375,0.375,"[5, 3]",0.625,False,0.12252145,0.0204491,0.10265906,True
42,1,19,TP7,0.07759496,-0.0233897,0.0853414,0.375,0.375,"[5, 3]",0.625,False,0.12252145,0.0204491,0.10265906,True
42,1,20,TP8,0.09418719,-0.0562799,0.11060812,0.375,0.375,"[5, 3]",0.625,False,0.12252145,0.0204491,0.10265906,True
42,1,21,Pz,0.16744816,0.00683659,0.16764727,0.375,0.375,"[5, 3]",0.625,False,0.12252145,0.0204491,0.10265906,True
42,1,22,P3,0.10254246,0.10254246,0.11173841,0.375,0.375,"[5, 3]",0.625,False,0.12252145,0.0204491,0.10265906,True
42,1,23,P4,0.11452845,-0.09471542,0.12520784,0.375,0.375,"[5, 3]",0.625,False,0.12252145,0.0204491,0.10265906,True
42,1,24,T5,0.09287488,0.07099055,0.10373574,0.375,0.375,"[5, 3]",0.625,False,0.12252145,0.0204491,0.10265906,True
42,1,25,T6,0.08018684,-0.0645292,0.09750409,0.375,0.375,"[5, 3]",0.625,False,0.12252145,0.0204491,0.10265906,True
42,1,26,Oz,0.06923347,0.04379287,0.0721253,0.375,0.375,"[5, 3]",0.625,False,0.12252145,0.0204491,0.10265906,True
42,1,27,O1,0.1185017,0.05577924,0.13244329,0.375,0.375,"[5, 3]",0.625,False,0.12252145,0.0204491,0.10265906,True
42,1,28,O2,0.13814373,-0.02381462,0.14176241,0.375,0.375,"[5, 3]",0.625,False,0.12252145,0.0204491,0.10265906,True
42,2,0,Fp1,0.10871714,-0.09489533,0.12139863,0.5,0.5,"[0, 8]",1.0,True,0.01381171,0.00226343,0.01157264,True
42,2,1,Fp2,0.07870862,0.06192068,0.09598927,0.5,0.5,"[0, 8]",1.0,True,0.01381171,0.00226343,0.01157264,True
42,2,2,Fz,0.10326521,-0.09674743,0.11614521,0.5,0.5,"[0, 8]",1.0,True,0.01381171,0.00226343,0.01157264,True
42,2,3,F3,0.08873815,0.02831585,0.09528855,0.5,0.5,"[0, 8]",1.0,True,0.01381171,0.00226343,0.01157264,True
42,2,4,F4,0.09835772,0.01336375,0.10833976,0.5,0.5,"[0, 8]",1.0,True,0.01381171,0.00226343,0.01157264,True
42,2,5,F7,0.08472481,0.08279444,0.0985065,0.5,0.5,"[0, 8]",1.0,True,0.01381171,0.00226343,0.01157264,True
42,2,6,F8,0.07835047,-0.02893315,0.07944033,0.5,0.5,"[0, 8]",1.0,True,0.01381171,0.00226343,0.01157264,True
42,2,7,FCz,0.10009953,0.10009953,0.11516706,0.5,0.5,"[0, 8]",1.0,True,0.01381171,0.00226343,0.01157264,True
42,2,8,FC3,0.03224615,0.00743644,0.03853804,0.5,0.5,"[0, 8]",1.0,True,0.01381171,0.00226343,0.01157264,True
42,2,9,FC4,0.05715921,-0.05715921,0.07559861,0.5,0.5,"[0, 8]",1.0,True,0.01381171,0.00226343,0.01157264,True
42,2,10,FT7,0.09037875,-0.05717059,0.10376955,0.5,0.5,"[0, 8]",1.0,True,0.01381171,0.00226343,0.01157264,True
42,2,11,FT8,0.07980627,-0.00410451,0.09681678,0.5,0.5,"[0, 8]",1.0,True,0.01381171,0.00226343,0.01157264,True
42,2,12,Cz,0.07728105,0.07616701,0.09309711,0.5,0.5,"[0, 8]",1.0,True,0.01381171,0.00226343,0.01157264,True
42,2,13,C3,0.11529362,0.0736613,0.11759527,0.5,0.5,"[0, 8]",1.0,True,0.01381171,0.00226343,0.01157264,True
42,2,14,C4,0.08463106,-0.07445802,0.09521306,0.5,0.5,"[0, 8]",1.0,True,0.01381171,0.00226343,0.01157264,True
42,2,15,T3,0.12667364,0.12667364,0.13191268,0.5,0.5,"[0, 8]",1.0,True,0.01381171,0.00226343,0.01157264,True
42,2,16,T4,0.12209307,0.01275164,0.13499682,0.5,0.5,"[0, 8]",1.0,True,0.01381171,0.00226343,0.01157264,True
42,2,17,CP3,0.1222181,0.0330206,0.14020675,0.5,0.5,"[0, 8]",1.0,True,0.01381171,0.00226343,0.01157264,True
42,2,18,CP4,0.11119502,0.03370724,0.12842974,0.5,0.5,"[0, 8]",1.0,True,0.01381171,0.00226343,0.01157264,True
42,2,19,TP7,0.0848313,-0.01958426,0.09503133,0.5,0.5,"[0, 8]",1.0,True,0.01381171,0.00226343,0.01157264,True
42,2,20,TP8,0.08933073,-0.06045796,0.10905164,0.5,0.5,"[0, 8]",1.0,True,0.01381171,0.00226343,0.01157264,True
42,2,21,Pz,0.1524878,0.00614947,0.15265192,0.5,0.5,"[0, 8]",1.0,True,0.01381171,0.00226343,0.01157264,True
42,2,22,P3,0.10792358,0.10792358,0.11732259,0.5,0.5,"[0, 8]",1.0,True,0.01381171,0.00226343,0.01157264,True
42,2,23,P4,0.10539147,-0.09362596,0.11726791,0.5,0.5,"[0, 8]",1.0,True,0.01381171,0.00226343,0.01157264,True
42,2,24,T5,0.10541928,0.07297261,0.11455173,0.5,0.5,"[0, 8]",1.0,True,0.01381171,0.00226343,0.01157264,True
42,2,25,T6,0.08198306,-0.06355143,0.09361891,0.5,0.5,"[0, 8]",1.0,True,0.01381171,0.00226343,0.01157264,True
42,2,26,Oz,0.07704336,0.04112045,0.07943209,0.5,0.5,"[0, 8]",1.0,True,0.01381171,0.00226343,0.01157264,True
42,2,27,O1,0.12111142,0.05468287,0.13142563,0.5,0.5,"[0, 8]",1.0,True,0.01381171,0.00226343,0.01157264,True
42,2,28,O2,0.14355795,-0.02475832,0.14641429,0.5,0.5,"[0, 8]",1.0,True,0.01381171,0.00226343,0.01157264,True
42,3,0,Fp1,0.09811462,-0.09249332,0.11657698,0.5,0.5,"[2, 6]",0.75,False,0.41973646,0.09362815,0.35169147,True
42,3,1,Fp2,0.0899324,0.07226704,0.10915259,0.5,0.5,"[2, 6]",0.75,False,0.41973646,0.09362815,0.35169147,True
42,3,2,Fz,0.10853221,-0.07601964,0.12215115,0.5,0.5,"[2, 6]",0.75,False,0.41973646,0.09362815,0.35169147,True
42,3,3,F3,0.0819499,0.0116018,0.09660182,0.5,0.5,"[2, 6]",0.75,False,0.41973646,0.09362815,0.35169147,True
42,3,4,F4,0.09498721,0.03797604,0.0995525,0.5,0.5,"[2, 6]",0.75,False,0.41973646,0.09362815,0.35169147,True
42,3,5,F7,0.10357739,0.08938703,0.11423727,0.5,0.5,"[2, 6]",0.75,False,0.41973646,0.09362815,0.35169147,True
42,3,6,F8,0.06711711,-0.0252807,0.07020544,0.5,0.5,"[2, 6]",0.75,False,0.41973646,0.09362815,0.35169147,True
42,3,7,FCz,0.09512143,0.09512143,0.11008756,0.5,0.5,"[2, 6]",0.75,False,0.41973646,0.09362815,0.35169147,True
42,3,8,FC3,0.05695631,-0.00652673,0.06501564,0.5,0.5,"[2, 6]",0.75,False,0.41973646,0.09362815,0.35169147,True
42,3,9,FC4,0.05554278,-0.02900911,0.07131425,0.5,0.5,"[2, 6]",0.75,False,0.41973646,0.09362815,0.35169147,True
42,3,10,FT7,0.08196513,-0.05890112,0.09795149,0.5,0.5,"[2, 6]",0.75,False,0.41973646,0.09362815,0.35169147,True
42,3,11,FT8,0.15587512,0.00939651,0.16409729,0.5,0.5,"[2, 6]",0.75,False,0.41973646,0.09362815,0.35169147,True
42,3,12,Cz,0.08907895,0.05956018,0.0911386,0.5,0.5,"[2, 6]",0.75,False,0.41973646,0.09362815,0.35169147,True
42,3,13,C3,0.07754599,0.062222,0.08267115,0.5,0.5,"[2, 6]",0.75,False,0.41973646,0.09362815,0.35169147,True
42,3,14,C4,0.10268782,-0.07435533,0.11814471,0.5,0.5,"[2, 6]",0.75,False,0.41973646,0.09362815,0.35169147,True
42,3,15,T3,0.11975189,0.11975189,0.12717351,0.5,0.5,"[2, 6]",0.75,False,0.41973646,0.09362815,0.35169147,True
42,3,16,T4,0.10729919,0.04267029,0.12542956,0.5,0.5,"[2, 6]",0.75,False,0.41973646,0.09362815,0.35169147,True
42,3,17,CP3,0.1175885,0.02770554,0.13404715,0.5,0.5,"[2, 6]",0.75,False,0.41973646,0.09362815,0.35169147,True
42,3,18,CP4,0.12681764,0.05017236,0.13376139,0.5,0.5,"[2, 6]",0.75,False,0.41973646,0.09362815,0.35169147,True
42,3,19,TP7,0.03291165,-0.02320503,0.05275221,0.5,0.5,"[2, 6]",0.75,False,0.41973646,0.09362815,0.35169147,True
42,3,20,TP8,0.08381366,-0.01127352,0.0847864,0.5,0.5,"[2, 6]",0.75,False,0.41973646,0.09362815,0.35169147,True
42,3,21,Pz,0.20507956,0.01144257,0.20686011,0.5,0.5,"[2, 6]",0.75,False,0.41973646,0.09362815,0.35169147,True
42,3,22,P3,0.10426496,0.10426496,0.12023337,0.5,0.5,"[2, 6]",0.75,False,0.41973646,0.09362815,0.35169147,True
42,3,23,P4,0.10398899,-0.0741782,0.12521434,0.5,0.5,"[2, 6]",0.75,False,0.41973646,0.09362815,0.35169147,True
42,3,24,T5,0.06304387,0.04882309,0.07304707,0.5,0.5,"[2, 6]",0.75,False,0.41973646,0.09362815,0.35169147,True
42,3,25,T6,0.08090469,-0.05263133,0.09096298,0.5,0.5,"[2, 6]",0.75,False,0.41973646,0.09362815,0.35169147,True
42,3,26,Oz,0.04963295,0.01950581,0.05719953,0.5,0.5,"[2, 6]",0.75,False,0.41973646,0.09362815,0.35169147,True
42,3,27,O1,0.10641335,0.02433481,0.11848682,0.5,0.5,"[2, 6]",0.75,False,0.41973646,0.09362815,0.35169147,True
42,3,28,O2,0.14859447,-0.04168071,0.15785769,0.5,0.5,"[2, 6]",0.75,False,0.41973646,0.09362815,0.35169147,True
42,4,0,Fp1,0.10943763,-0.09560488,0.12204757,0.5,0.5,"[0, 8]",1.0,True,0.01415877,0.00228311,0.01186345,True
42,4,1,Fp2,0.07836792,0.06098236,0.09594918,0.5,0.5,"[0, 8]",1.0,True,0.01415877,0.00228311,0.01186345,True
42,4,2,Fz,0.10383271,-0.09721065,0.11674268,0.5,0.5,"[0, 8]",1.0,True,0.01415877,0.00228311,0.01186345,True
42,4,3,F3,0.08928324,0.02858753,0.0959428,0.5,0.5,"[0, 8]",1.0,True,0.01415877,0.00228311,0.01186345,True
42,4,4,F4,0.09791397,0.01310492,0.1078012,0.5,0.5,"[0, 8]",1.0,True,0.01415877,0.00228311,0.01186345,True
42,4,5,F7,0.08425476,0.0828639,0.0984771,0.5,0.5,"[0, 8]",1.0,True,0.01415877,0.00228311,0.01186345,True
42,4,6,F8,0.07707287,-0.02940637,0.07795984,0.5,0.5,"[0, 8]",1.0,True,0.01415877,0.00228311,0.01186345,True
42,4,7,FCz,0.09952264,0.09952264,0.11522919,0.5,0.5,"[0, 8]",1.0,True,0.01415877,0.00228311,0.01186345,True
42,4,8,FC3,0.03143181,0.00668724,0.03806115,0.5,0.5,"[0, 8]",1.0,True,0.01415877,0.00228311,0.01186345,True
42,4,9,FC4,0.05746087,-0.05746087,0.0767359,0.5,0.5,"[0, 8]",1.0,True,0.01415877,0.00228311,0.01186345,True
42,4,10,FT7,0.08971588,-0.05713231,0.10338964,0.5,0.5,"[0, 8]",1.0,True,0.01415877,0.00228311,0.01186345,True
42,4,11,FT8,0.0807251,-0.00401988,0.09786744,0.5,0.5,"[0, 8]",1.0,True,0.01415877,0.00228311,0.01186345,True
42,4,12,Cz,0.07745786,0.07642394,0.093242,0.5,0.5,"[0, 8]",1.0,True,0.01415877,0.00228311,0.01186345,True
42,4,13,C3,0.11539432,0.07320445,0.11760604,0.5,0.5,"[0, 8]",1.0,True,0.01415877,0.00228311,0.01186345,True
42,4,14,C4,0.08572052,-0.07415544,0.09591693,0.5,0.5,"[0, 8]",1.0,True,0.01415877,0.00228311,0.01186345,True
42,4,15,T3,0.12696594,0.12696594,0.13215515,0.5,0.5,"[0, 8]",1.0,True,0.01415877,0.00228311,0.01186345,True
42,4,16,T4,0.1214227,0.0133603,0.13397744,0.5,0.5,"[0, 8]",1.0,True,0.01415877,0.00228311,0.01186345,True
42,4,17,CP3,0.12197267,0.03364732,0.14071503,0.5,0.5,"[0, 8]",1.0,True,0.01415877,0.00228311,0.01186345,True
42,4,18,CP4,0.11049262,0.03404712,0.1278462,0.5,0.5,"[0, 8]",1.0,True,0.01415877,0.00228311,0.01186345,True
42,4,19,TP7,0.08513344,-0.01817927,0.09432881,0.5,0.5,"[0, 8]",1.0,True,0.01415877,0.00228311,0.01186345,True
42,4,20,TP8,0.08889431,-0.06024479,0.10850657,0.5,0.5,"[0, 8]",1.0,True,0.01415877,0.00228311,0.01186345,True
42,4,21,Pz,0.15295586,0.00616407,0.15314341,0.5,0.5,"[0, 8]",1.0,True,0.01415877,0.00228311,0.01186345,True
42,4,22,P3,0.10920087,0.10920087,0.1184291,0.5,0.5,"[0, 8]",1.0,True,0.01415877,0.00228311,0.01186345,True
42,4,23,P4,0.10464315,-0.09351477,0.11672953,0.5,0.5,"[0, 8]",1.0,True,0.01415877,0.00228311,0.01186345,True
42,4,24,T5,0.10513263,0.07408659,0.11473011,0.5,0.5,"[0, 8]",1.0,True,0.01415877,0.00228311,0.01186345,True
42,4,25,T6,0.08136462,-0.06353746,0.09284683,0.5,0.5,"[0, 8]",1.0,True,0.01415877,0.00228311,0.01186345,True
42,4,26,Oz,0.07624624,0.04159147,0.07870387,0.5,0.5,"[0, 8]",1.0,True,0.01415877,0.00228311,0.01186345,True
42,4,27,O1,0.12178252,0.05520687,0.13241072,0.5,0.5,"[0, 8]",1.0,True,0.01415877,0.00228311,0.01186345,True
42,4,28,O2,0.14309244,-0.02456445,0.14594392,0.5,0.5,"[0, 8]",1.0,True,0.01415877,0.00228311,0.01186345,True
42,5,0,Fp1,0.10937261,-0.09620181,0.12215129,0.75,0.75,"[4, 4]",0.5,False,0.09173951,0.01834163,0.07686729,True
42,5,1,Fp2,0.0813878,0.06271221,0.09884748,0.75,0.75,"[4, 4]",0.5,False,0.09173951,0.01834163,0.07686729,True
42,5,2,Fz,0.10283,-0.09363092,0.11522585,0.75,0.75,"[4, 4]",0.5,False,0.09173951,0.01834163,0.07686729,True
42,5,3,F3,0.08621484,0.02595212,0.09414361,0.75,0.75,"[4, 4]",0.5,False,0.09173951,0.01834163,0.07686729,True
42,5,4,F4,0.10050356,0.0138262,0.11129648,0.75,0.75,"[4, 4]",0.5,False,0.09173951,0.01834163,0.07686729,True
42,5,5,F7,0.08337288,0.08134891,0.09631699,0.75,0.75,"[4, 4]",0.5,False,0.09173951,0.01834163,0.07686729,True
42,5,6,F8,0.0770041,-0.02678291,0.07932924,0.75,0.75,"[4, 4]",0.5,False,0.09173951,0.01834163,0.07686729,True
42,5,7,FCz,0.09984707,0.09984707,0.11622543,0.75,0.75,"[4, 4]",0.5,False,0.09173951,0.01834163,0.07686729,True
42,5,8,FC3,0.03700517,0.0055901,0.04567042,0.75,0.75,"[4, 4]",0.5,False,0.09173951,0.01834163,0.07686729,True
42,5,9,FC4,0.05487446,-0.05405532,0.07664952,0.75,0.75,"[4, 4]",0.5,False,0.09173951,0.01834163,0.07686729,True
42,5,10,FT7,0.08952273,-0.05814917,0.10399575,0.75,0.75,"[4, 4]",0.5,False,0.09173951,0.01834163,0.07686729,True
42,5,11,FT8,0.09104523,-0.00026683,0.10781775,0.75,0.75,"[4, 4]",0.5,False,0.09173951,0.01834163,0.07686729,True
42,5,12,Cz,0.07988825,0.07988825,0.09334882,0.75,0.75,"[4, 4]",0.5,False,0.09173951,0.01834163,0.07686729,True
42,5,13,C3,0.11501624,0.07513186,0.11698572,0.75,0.75,"[4, 4]",0.5,False,0.09173951,0.01834163,0.07686729,True
42,5,14,C4,0.08680119,-0.06782052,0.09596541,0.75,0.75,"[4, 4]",0.5,False,0.09173951,0.01834163,0.07686729,True
42,5,15,T3,0.12288461,0.12288461,0.12716791,0.75,0.75,"[4, 4]",0.5,False,0.09173951,0.01834163,0.07686729,True
42,5,16,T4,0.12250622,0.01773639,0.13437527,0.75,0.75,"[4, 4]",0.5,False,0.09173951,0.01834163,0.07686729,True
42,5,17,CP3,0.12900174,0.02988626,0.14569674,0.75,0.75,"[4, 4]",0.5,False,0.09173951,0.01834163,0.07686729,True
42,5,18,CP4,0.10943031,0.03663291,0.12530541,0.75,0.75,"[4, 4]",0.5,False,0.09173951,0.01834163,0.07686729,True
42,5,19,TP7,0.08526517,-0.02440963,0.09495081,0.75,0.75,"[4, 4]",0.5,False,0.09173951,0.01834163,0.07686729,True
42,5,20,TP8,0.09011461,-0.05362802,0.10597705,0.75,0.75,"[4, 4]",0.5,False,0.09173951,0.01834163,0.07686729,True
42,5,21,Pz,0.16189942,0.01161116,0.16236459,0.75,0.75,"[4, 4]",0.5,False,0.09173951,0.01834163,0.07686729,True
42,5,22,P3,0.11053887,0.11053887,0.11895697,0.75,0.75,"[4, 4]",0.5,False,0.09173951,0.01834163,0.07686729,True
42,5,23,P4,0.10987877,-0.09428098,0.1216562,0.75,0.75,"[4, 4]",0.5,False,0.09173951,0.01834163,0.07686729,True
42,5,24,T5,0.10036796,0.07393961,0.11382875,0.75,0.75,"[4, 4]",0.5,False,0.09173951,0.01834163,0.07686729,True
42,5,25,T6,0.07913514,-0.06378303,0.09377009,0.75,0.75,"[4, 4]",0.5,False,0.09173951,0.01834163,0.07686729,True
42,5,26,Oz,0.0708738,0.0412188,0.07461262,0.75,0.75,"[4, 4]",0.5,False,0.09173951,0.01834163,0.07686729,True
42,5,27,O1,0.11570115,0.0500638,0.1267667,0.75,0.75,"[4, 4]",0.5,False,0.09173951,0.01834163,0.07686729,True
42,5,28,O2,0.13982953,-0.02464324,0.14263996,0.75,0.75,"[4, 4]",0.5,False,0.09173951,0.01834163,0.07686729,True
43,1,0,Fp1,0.10704247,-0.06848218,0.11264272,0.375,0.375,"[5, 3]",0.625,False,0.41553639,0.09010243,0.34817229,True
43,1,1,Fp2,0.0913707,0.07636048,0.11186329,0.375,0.375,"[5, 3]",0.625,False,0.41553639,0.09010243,0.34817229,True
43,1,2,Fz,0.08203413,-0.08203413,0.0902291,0.375,0.375,"[5, 3]",0.625,False,0.41553639,0.09010243,0.34817229,True
43,1,3,F3,0.08884163,-0.01470838,0.11042177,0.375,0.375,"[5, 3]",0.625,False,0.41553639,0.09010243,0.34817229,True
43,1,4,F4,0.11794427,0.05123018,0.12084956,0.375,0.375,"[5, 3]",0.625,False,0.41553639,0.09010243,0.34817229,True
43,1,5,F7,0.0796772,0.07572081,0.09105276,0.375,0.375,"[5, 3]",0.625,False,0.41553639,0.09010243,0.34817229,True
43,1,6,F8,0.07468237,-0.0415097,0.08240072,0.375,0.375,"[5, 3]",0.625,False,0.41553639,0.09010243,0.34817229,True
43,1,7,FCz,0.09517607,0.09517607,0.11064363,0.375,0.375,"[5, 3]",0.625,False,0.41553639,0.09010243,0.34817229,True
43,1,8,FC3,0.0452424,-0.0452424,0.05064172,0.375,0.375,"[5, 3]",0.625,False,0.41553639,0.09010243,0.34817229,True
43,1,9,FC4,0.05084354,-0.05084354,0.06922188,0.375,0.375,"[5, 3]",0.625,False,0.41553639,0.09010243,0.34817229,True
43,1,10,FT7,0.08352045,-0.06130167,0.10254382,0.375,0.375,"[5, 3]",0.625,False,0.41553639,0.09010243,0.34817229,True
43,1,11,FT8,0.0887854,-0.00477584,0.09585688,0.375,0.375,"[5, 3]",0.625,False,0.41553639,0.09010243,0.34817229,True
43,1,12,Cz,0.09109208,0.09109208,0.10103644,0.375,0.375,"[5, 3]",0.625,False,0.41553639,0.09010243,0.34817229,True
43,1,13,C3,0.09808416,0.03430006,0.10168449,0.375,0.375,"[5, 3]",0.625,False,0.41553639,0.09010243,0.34817229,True
43,1,14,C4,0.09807438,-0.08536222,0.11393935,0.375,0.375,"[5, 3]",0.625,False,0.41553639,0.09010243,0.34817229,True
43,1,15,T3,0.11532235,0.11532235,0.11958019,0.375,0.375,"[5, 3]",0.625,False,0.41553639,0.09010243,0.34817229,True
43,1,16,T4,0.10292093,0.02067649,0.12261143,0.375,0.375,"[5, 3]",0.625,False,0.41553639,0.09010243,0.34817229,True
43,1,17,CP3,0.13464504,0.00561206,0.15689759,0.375,0.375,"[5, 3]",0.625,False,0.41553639,0.09010243,0.34817229,True
43,1,18,CP4,0.13167627,0.04564498,0.14770922,0.375,0.375,"[5, 3]",0.625,False,0.41553639,0.09010243,0.34817229,True
43,1,19,TP7,0.09704326,-0.0363351,0.10365764,0.375,0.375,"[5, 3]",0.625,False,0.41553639,0.09010243,0.34817229,True
43,1,20,TP8,0.07918815,-0.01628656,0.08313865,0.375,0.375,"[5, 3]",0.625,False,0.41553639,0.09010243,0.34817229,True
43,1,21,Pz,0.13701338,0.00037071,0.13759047,0.375,0.375,"[5, 3]",0.625,False,0.41553639,0.09010243,0.34817229,True
43,1,22,P3,0.10534803,0.10534803,0.10824409,0.375,0.375,"[5, 3]",0.625,False,0.41553639,0.09010243,0.34817229,True
43,1,23,P4,0.09218211,-0.09218211,0.10497884,0.375,0.375,"[5, 3]",0.625,False,0.41553639,0.09010243,0.34817229,True
43,1,24,T5,0.07876295,0.04436591,0.08413387,0.375,0.375,"[5, 3]",0.625,False,0.41553639,0.09010243,0.34817229,True
43,1,25,T6,0.05805695,-0.03714253,0.06494602,0.375,0.375,"[5, 3]",0.625,False,0.41553639,0.09010243,0.34817229,True
43,1,26,Oz,0.09531626,0.05169443,0.09573508,0.375,0.375,"[5, 3]",0.625,False,0.41553639,0.09010243,0.34817229,True
43,1,27,O1,0.12810008,0.03657169,0.14522375,0.375,0.375,"[5, 3]",0.625,False,0.41553639,0.09010243,0.34817229,True
43,1,28,O2,0.16062737,-0.05111133,0.1706237,0.375,0.375,"[5, 3]",0.625,False,0.41553639,0.09010243,0.34817229,True
43,2,0,Fp1,0.10932706,-0.0953778,0.12197895,0.5,0.5,"[0, 8]",1.0,True,0.01265104,0.00222852,0.01060013,True
43,2,1,Fp2,0.07819006,0.06256128,0.09618143,0.5,0.5,"[0, 8]",1.0,True,0.01265104,0.00222852,0.01060013,True
43,2,2,Fz,0.1030676,-0.09688826,0.1161038,0.5,0.5,"[0, 8]",1.0,True,0.01265104,0.00222852,0.01060013,True
43,2,3,F3,0.08740893,0.02707553,0.09442987,0.5,0.5,"[0, 8]",1.0,True,0.01265104,0.00222852,0.01060013,True
43,2,4,F4,0.09778991,0.01342667,0.10777855,0.5,0.5,"[0, 8]",1.0,True,0.01265104,0.00222852,0.01060013,True
43,2,5,F7,0.08490395,0.08248071,0.09873065,0.5,0.5,"[0, 8]",1.0,True,0.01265104,0.00222852,0.01060013,True
43,2,6,F8,0.0763493,-0.02871029,0.07735433,0.5,0.5,"[0, 8]",1.0,True,0.01265104,0.00222852,0.01060013,True
43,2,7,FCz,0.09922119,0.09922119,0.11471662,0.5,0.5,"[0, 8]",1.0,True,0.01265104,0.00222852,0.01060013,True
43,2,8,FC3,0.03024527,0.00559609,0.03700513,0.5,0.5,"[0, 8]",1.0,True,0.01265104,0.00222852,0.01060013,True
43,2,9,FC4,0.05860568,-0.05860568,0.07681977,0.5,0.5,"[0, 8]",1.0,True,0.01265104,0.00222852,0.01060013,True
43,2,10,FT7,0.0903433,-0.05853126,0.10443162,0.5,0.5,"[0, 8]",1.0,True,0.01265104,0.00222852,0.01060013,True
43,2,11,FT8,0.08082378,-0.00361157,0.09796818,0.5,0.5,"[0, 8]",1.0,True,0.01265104,0.00222852,0.01060013,True
43,2,12,Cz,0.07826031,0.07619903,0.09360745,0.5,0.5,"[0, 8]",1.0,True,0.01265104,0.00222852,0.01060013,True
43,2,13,C3,0.11541903,0.07170947,0.11745723,0.5,0.5,"[0, 8]",1.0,True,0.01265104,0.00222852,0.01060013,True
43,2,14,C4,0.0861032,-0.07621083,0.096994,0.5,0.5,"[0, 8]",1.0,True,0.01265104,0.00222852,0.01060013,True
43,2,15,T3,0.12641998,0.12641998,0.13179177,0.5,0.5,"[0, 8]",1.0,True,0.01265104,0.00222852,0.01060013,True
43,2,16,T4,0.12236985,0.01256775,0.13482544,0.5,0.5,"[0, 8]",1.0,True,0.01265104,0.00222852,0.01060013,True
43,2,17,CP3,0.12118071,0.03230885,0.13969457,0.5,0.5,"[0, 8]",1.0,True,0.01265104,0.00222852,0.01060013,True
43,2,18,CP4,0.11021551,0.03400336,0.12722322,0.5,0.5,"[0, 8]",1.0,True,0.01265104,0.00222852,0.01060013,True
43,2,19,TP7,0.0841502,-0.01966126,0.09397439,0.5,0.5,"[0, 8]",1.0,True,0.01265104,0.00222852,0.01060013,True
43,2,20,TP8,0.08876117,-0.05988152,0.10833832,0.5,0.5,"[0, 8]",1.0,True,0.01265104,0.00222852,0.01060013,True
43,2,21,Pz,0.1527075,0.00638977,0.15286024,0.5,0.5,"[0, 8]",1.0,True,0.01265104,0.00222852,0.01060013,True
43,2,22,P3,0.1077066,0.1077066,0.11676767,0.5,0.5,"[0, 8]",1.0,True,0.01265104,0.00222852,0.01060013,True
43,2,23,P4,0.1050097,-0.09362859,0.11717685,0.5,0.5,"[0, 8]",1.0,True,0.01265104,0.00222852,0.01060013,True
43,2,24,T5,0.10481003,0.07285742,0.11407751,0.5,0.5,"[0, 8]",1.0,True,0.01265104,0.00222852,0.01060013,True
43,2,25,T6,0.08226568,-0.06290159,0.09355894,0.5,0.5,"[0, 8]",1.0,True,0.01265104,0.00222852,0.01060013,True
43,2,26,Oz,0.07750612,0.04159702,0.07954197,0.5,0.5,"[0, 8]",1.0,True,0.01265104,0.00222852,0.01060013,True
43,2,27,O1,0.12166265,0.05549967,0.132265,0.5,0.5,"[0, 8]",1.0,True,0.01265104,0.00222852,0.01060013,True
43,2,28,O2,0.1440783,-0.02439049,0.14703299,0.5,0.5,"[0, 8]",1.0,True,0.01265104,0.00222852,0.01060013,True
43,3,0,Fp1,0.10889204,-0.09504421,0.12148377,0.5,0.5,"[0, 8]",1.0,True,0.01287439,0.00217159,0.01078727,True
43,3,1,Fp2,0.07829402,0.06247539,0.0962885,0.5,0.5,"[0, 8]",1.0,True,0.01287439,0.00217159,0.01078727,True
43,3,2,Fz,0.10357696,-0.09713082,0.11656988,0.5,0.5,"[0, 8]",1.0,True,0.01287439,0.00217159,0.01078727,True
43,3,3,F3,0.08853676,0.02842429,0.0953203,0.5,0.5,"[0, 8]",1.0,True,0.01287439,0.00217159,0.01078727,True
43,3,4,F4,0.09787202,0.01368435,0.10769337,0.5,0.5,"[0, 8]",1.0,True,0.01287439,0.00217159,0.01078727,True
43,3,5,F7,0.08537126,0.08290745,0.09912955,0.5,0.5,"[0, 8]",1.0,True,0.01287439,0.00217159,0.01078727,True
43,3,6,F8,0.07669651,-0.02830282,0.07776317,0.5,0.5,"[0, 8]",1.0,True,0.01287439,0.00217159,0.01078727,True
43,3,7,FCz,0.09914682,0.09914682,0.11482844,0.5,0.5,"[0, 8]",1.0,True,0.01287439,0.00217159,0.01078727,True
43,3,8,FC3,0.03057515,0.00583693,0.03723938,0.5,0.5,"[0, 8]",1.0,True,0.01287439,0.00217159,0.01078727,True
43,3,9,FC4,0.05798227,-0.05798227,0.07613882,0.5,0.5,"[0, 8]",1.0,True,0.01287439,0.00217159,0.01078727,True
43,3,10,FT7,0.09084002,-0.05879181,0.10449971,0.5,0.5,"[0, 8]",1.0,True,0.01287439,0.00217159,0.01078727,True
43,3,11,FT8,0.08074331,-0.00386943,0.0977701,0.5,0.5,"[0, 8]",1.0,True,0.01287439,0.00217159,0.01078727,True
43,3,12,Cz,0.07800098,0.07564822,0.09328963,0.5,0.5,"[0, 8]",1.0,True,0.01287439,0.00217159,0.01078727,True
43,3,13,C3,0.1151422,0.07201806,0.11724546,0.5,0.5,"[0, 8]",1.0,True,0.01287439,0.00217159,0.01078727,True
43,3,14,C4,0.08564448,-0.07598812,0.09662911,0.5,0.5,"[0, 8]",1.0,True,0.01287439,0.00217159,0.01078727,True
43,3,15,T3,0.12636463,0.12636463,0.13147402,0.5,0.5,"[0, 8]",1.0,True,0.01287439,0.00217159,0.01078727,True
43,3,16,T4,0.12146617,0.01224831,0.13417752,0.5,0.5,"[0, 8]",1.0,True,0.01287439,0.00217159,0.01078727,True
43,3,17,CP3,0.1215414,0.03232508,0.14001097,0.5,0.5,"[0, 8]",1.0,True,0.01287439,0.00217159,0.01078727,True
43,3,18,CP4,0.11056977,0.03335014,0.12762824,0.5,0.5,"[0, 8]",1.0,True,0.01287439,0.00217159,0.01078727,True
43,3,19,TP7,0.08430301,-0.01989733,0.09425081,0.5,0.5,"[0, 8]",1.0,True,0.01287439,0.00217159,0.01078727,True
43,3,20,TP8,0.08840245,-0.05988035,0.10800577,0.5,0.5,"[0, 8]",1.0,True,0.01287439,0.00217159,0.01078727,True
43,3,21,Pz,0.15257771,0.00574515,0.15271115,0.5,0.5,"[0, 8]",1.0,True,0.01287439,0.00217159,0.01078727,True
43,3,22,P3,0.10756771,0.10756771,0.11663076,0.5,0.5,"[0, 8]",1.0,True,0.01287439,0.00217159,0.01078727,True
43,3,23,P4,0.10518724,-0.09446277,0.11761712,0.5,0.5,"[0, 8]",1.0,True,0.01287439,0.00217159,0.01078727,True
43,3,24,T5,0.10422498,0.07269073,0.11356547,0.5,0.5,"[0, 8]",1.0,True,0.01287439,0.00217159,0.01078727,True
43,3,25,T6,0.08179966,-0.06304149,0.09334435,0.5,0.5,"[0, 8]",1.0,True,0.01287439,0.00217159,0.01078727,True
43,3,26,Oz,0.07713892,0.04120176,0.07938653,0.5,0.5,"[0, 8]",1.0,True,0.01287439,0.00217159,0.01078727,True
43,3,27,O1,0.12170194,0.05550154,0.13241206,0.5,0.5,"[0, 8]",1.0,True,0.01287439,0.00217159,0.01078727,True
43,3,28,O2,0.14404495,-0.0244778,0.14700167,0.5,0.5,"[0, 8]",1.0,True,0.01287439,0.00217159,0.01078727,True
43,4,0,Fp1,0.10870571,-0.09475951,0.12130211,0.5,0.5,"[0, 8]",1.0,True,0.01210082,0.00216427,0.01013911,True
43,4,1,Fp2,0.07805911,0.06237089,0.09604688,0.5,0.5,"[0, 8]",1.0,True,0.01210082,0.00216427,0.01013911,True
43,4,2,Fz,0.10359487,-0.09728643,0.11659549,0.5,0.5,"[0, 8]",1.0,True,0.01210082,0.00216427,0.01013911,True
43,4,3,F3,0.08813357,0.02707049,0.09523883,0.5,0.5,"[0, 8]",1.0,True,0.01210082,0.00216427,0.01013911,True
43,4,4,F4,0.09845294,0.01361535,0.10832642,0.5,0.5,"[0, 8]",1.0,True,0.01210082,0.00216427,0.01013911,True
43,4,5,F7,0.084581,0.08189625,0.09810318,0.5,0.5,"[0, 8]",1.0,True,0.01210082,0.00216427,0.01013911,True
43,4,6,F8,0.07726803,-0.02857834,0.07843713,0.5,0.5,"[0, 8]",1.0,True,0.01210082,0.00216427,0.01013911,True
43,4,7,FCz,0.09958227,0.09958227,0.1151295,0.5,0.5,"[0, 8]",1.0,True,0.01210082,0.00216427,0.01013911,True
43,4,8,FC3,0.03070905,0.00511518,0.03777813,0.5,0.5,"[0, 8]",1.0,True,0.01210082,0.00216427,0.01013911,True
43,4,9,FC4,0.05771274,-0.05771274,0.07611204,0.5,0.5,"[0, 8]",1.0,True,0.01210082,0.00216427,0.01013911,True
43,4,10,FT7,0.09038199,-0.05822517,0.10416272,0.5,0.5,"[0, 8]",1.0,True,0.01210082,0.00216427,0.01013911,True
43,4,11,FT8,0.08039768,-0.00261646,0.09743893,0.5,0.5,"[0, 8]",1.0,True,0.01210082,0.00216427,0.01013911,True
43,4,12,Cz,0.07823843,0.07589689,0.09341008,0.5,0.5,"[0, 8]",1.0,True,0.01210082,0.00216427,0.01013911,True
43,4,13,C3,0.11478595,0.07161187,0.11678405,0.5,0.5,"[0, 8]",1.0,True,0.01210082,0.00216427,0.01013911,True
43,4,14,C4,0.08542949,-0.07560997,0.09627629,0.5,0.5,"[0, 8]",1.0,True,0.01210082,0.00216427,0.01013911,True
43,4,15,T3,0.12665229,0.12665229,0.13162632,0.5,0.5,"[0, 8]",1.0,True,0.01210082,0.00216427,0.01013911,True
43,4,16,T4,0.12243246,0.0135811,0.13525416,0.5,0.5,"[0, 8]",1.0,True,0.01210082,0.00216427,0.01013911,True
43,4,17,CP3,0.12151185,0.03167624,0.13959336,0.5,0.5,"[0, 8]",1.0,True,0.01210082,0.00216427,0.01013911,True
43,4,18,CP4,0.11084333,0.03381316,0.12781359,0.5,0.5,"[0, 8]",1.0,True,0.01210082,0.00216427,0.01013911,True
43,4,19,TP7,0.08456704,-0.01909739,0.09469865,0.5,0.5,"[0, 8]",1.0,True,0.01210082,0.00216427,0.01013911,True
43,4,20,TP8,0.08961224,-0.05982203,0.10890512,0.5,0.5,"[0, 8]",1.0,True,0.01210082,0.00216427,0.01013911,True
43,4,21,Pz,0.15275283,0.0055404,0.15288962,0.5,0.5,"[0, 8]",1.0,True,0.01210082,0.00216427,0.01013911,True
43,4,22,P3,0.10731251,0.10731251,0.11665276,0.5,0.5,"[0, 8]",1.0,True,0.01210082,0.00216427,0.01013911,True
43,4,23,P4,0.10501441,-0.09394167,0.11728502,0.5,0.5,"[0, 8]",1.0,True,0.01210082,0.00216427,0.01013911,True
43,4,24,T5,0.10511608,0.07277665,0.11437149,0.5,0.5,"[0, 8]",1.0,True,0.01210082,0.00216427,0.01013911,True
43,4,25,T6,0.08139187,-0.06311743,0.09291185,0.5,0.5,"[0, 8]",1.0,True,0.01210082,0.00216427,0.01013911,True
43,4,26,Oz,0.07752928,0.04141159,0.07984514,0.5,0.5,"[0, 8]",1.0,True,0.01210082,0.00216427,0.01013911,True
43,4,27,O1,0.1220759,0.05603625,0.13230319,0.5,0.5,"[0, 8]",1.0,True,0.01210082,0.00216427,0.01013911,True
43,4,28,O2,0.14414284,-0.02443801,0.14694284,0.5,0.5,"[0, 8]",1.0,True,0.01210082,0.00216427,0.01013911,True
43,5,0,Fp1,0.10961992,-0.09496588,0.12211183,0.625,0.625,"[1, 7]",0.875,False,0.01151726,0.00220668,0.00965015,True
43,5,1,Fp2,0.0783046,0.06157329,0.0960649,0.625,0.625,"[1, 7]",0.875,False,0.01151726,0.00220668,0.00965015,True
43,5,2,Fz,0.10391267,-0.09799996,0.11714248,0.625,0.625,"[1, 7]",0.875,False,0.01151726,0.00220668,0.00965015,True
43,5,3,F3,0.08760152,0.02721561,0.09424355,0.625,0.625,"[1, 7]",0.875,False,0.01151726,0.00220668,0.00965015,True
43,5,4,F4,0.09775464,0.01258319,0.10789598,0.625,0.625,"[1, 7]",0.875,False,0.01151726,0.00220668,0.00965015,True
43,5,5,F7,0.08372554,0.08204649,0.09774637,0.625,0.625,"[1, 7]",0.875,False,0.01151726,0.00220668,0.00965015,True
43,5,6,F8,0.07772543,-0.02932341,0.07868069,0.625,0.625,"[1, 7]",0.875,False,0.01151726,0.00220668,0.00965015,True
43,5,7,FCz,0.09867294,0.09867294,0.11396931,0.625,0.625,"[1, 7]",0.875,False,0.01151726,0.00220668,0.00965015,True
43,5,8,FC3,0.02972171,0.00468681,0.03687999,0.625,0.625,"[1, 7]",0.875,False,0.01151726,0.00220668,0.00965015,True
43,5,9,FC4,0.05850168,-0.05850168,0.07649652,0.625,0.625,"[1, 7]",0.875,False,0.01151726,0.00220668,0.00965015,True
43,5,10,FT7,0.09026513,-0.05837689,0.10423023,0.625,0.625,"[1, 7]",0.875,False,0.01151726,0.00220668,0.00965015,True
43,5,11,FT8,0.0800406,-0.00354489,0.09680519,0.625,0.625,"[1, 7]",0.875,False,0.01151726,0.00220668,0.00965015,True
43,5,12,Cz,0.07791188,0.07590815,0.09316446,0.625,0.625,"[1, 7]",0.875,False,0.01151726,0.00220668,0.00965015,True
43,5,13,C3,0.11447213,0.07113908,0.11657,0.625,0.625,"[1, 7]",0.875,False,0.01151726,0.00220668,0.00965015,True
43,5,14,C4,0.08639439,-0.07621136,0.09705943,0.625,0.625,"[1, 7]",0.875,False,0.01151726,0.00220668,0.00965015,True
43,5,15,T3,0.12668693,0.12668693,0.13214202,0.625,0.625,"[1, 7]",0.875,False,0.01151726,0.00220668,0.00965015,True
43,5,16,T4,0.12278214,0.01305089,0.13507564,0.625,0.625,"[1, 7]",0.875,False,0.01151726,0.00220668,0.00965015,True
43,5,17,CP3,0.12106199,0.03175814,0.13940364,0.625,0.625,"[1, 7]",0.875,False,0.01151726,0.00220668,0.00965015,True
43,5,18,CP4,0.11020782,0.03380419,0.12695199,0.625,0.625,"[1, 7]",0.875,False,0.01151726,0.00220668,0.00965015,True
43,5,19,TP7,0.08550398,-0.01853093,0.09526248,0.625,0.625,"[1, 7]",0.875,False,0.01151726,0.00220668,0.00965015,True
43,5,20,TP8,0.0885869,-0.0590167,0.10765664,0.625,0.625,"[1, 7]",0.875,False,0.01151726,0.00220668,0.00965015,True
43,5,21,Pz,0.15264682,0.00596302,0.15279268,0.625,0.625,"[1, 7]",0.875,False,0.01151726,0.00220668,0.00965015,True
43,5,22,P3,0.10751265,0.10751265,0.11676965,0.625,0.625,"[1, 7]",0.875,False,0.01151726,0.00220668,0.00965015,True
43,5,23,P4,0.10496958,-0.09393999,0.11738362,0.625,0.625,"[1, 7]",0.875,False,0.01151726,0.00220668,0.00965015,True
43,5,24,T5,0.10502985,0.07283711,0.1145155,0.625,0.625,"[1, 7]",0.875,False,0.01151726,0.00220668,0.00965015,True
43,5,25,T6,0.08148144,-0.06267762,0.09294498,0.625,0.625,"[1, 7]",0.875,False,0.01151726,0.00220668,0.00965015,True
43,5,26,Oz,0.07701112,0.04106902,0.07930416,0.625,0.625,"[1, 7]",0.875,False,0.01151726,0.00220668,0.00965015,True
43,5,27,O1,0.12147042,0.05597946,0.13191746,0.625,0.625,"[1, 7]",0.875,False,0.01151726,0.00220668,0.00965015,True
43,5,28,O2,0.14479716,-0.02412274,0.14757225,0.625,0.625,"[1, 7]",0.875,False,0.01151726,0.00220668,0.00965015,True
44,1,0,Fp1,0.11681271,-0.1068715,0.13478626,0.5,0.5,"[6, 2]",0.75,False,0.50219781,0.11877837,0.42078471,True
44,1,1,Fp2,0.08249314,0.08249314,0.09762008,0.5,0.5,"[6, 2]",0.75,False,0.50219781,0.11877837,0.42078471,True
44,1,2,Fz,0.07279652,-0.07021825,0.0973309,0.5,0.5,"[6, 2]",0.75,False,0.50219781,0.11877837,0.42078471,True
44,1,3,F3,0.07744217,-0.00343297,0.09563191,0.5,0.5,"[6, 2]",0.75,False,0.50219781,0.11877837,0.42078471,True
44,1,4,F4,0.08336888,0.02056609,0.08942935,0.5,0.5,"[6, 2]",0.75,False,0.50219781,0.11877837,0.42078471,True
44,1,5,F7,0.05740459,0.05127482,0.07005461,0.5,0.5,"[6, 2]",0.75,False,0.50219781,0.11877837,0.42078471,True
44,1,6,F8,0.04221557,0.01743982,0.05614338,0.5,0.5,"[6, 2]",0.75,False,0.50219781,0.11877837,0.42078471,True
44,1,7,FCz,0.0576551,0.03281889,0.06586026,0.5,0.5,"[6, 2]",0.75,False,0.50219781,0.11877837,0.42078471,True
44,1,8,FC3,0.04329744,-0.04329744,0.05656767,0.5,0.5,"[6, 2]",0.75,False,0.50219781,0.11877837,0.42078471,True
44,1,9,FC4,0.05329987,-0.05329987,0.07067388,0.5,0.5,"[6, 2]",0.75,False,0.50219781,0.11877837,0.42078471,True
44,1,10,FT7,0.08117755,-0.05494982,0.1009286,0.5,0.5,"[6, 2]",0.75,False,0.50219781,0.11877837,0.42078471,True
44,1,11,FT8,0.1396638,-0.0090352,0.15626878,0.5,0.5,"[6, 2]",0.75,False,0.50219781,0.11877837,0.42078471,True
44,1,12,Cz,0.05516136,0.05516136,0.08591372,0.5,0.5,"[6, 2]",0.75,False,0.50219781,0.11877837,0.42078471,True
44,1,13,C3,0.13646047,0.08383842,0.14759356,0.5,0.5,"[6, 2]",0.75,False,0.50219781,0.11877837,0.42078471,True
44,1,14,C4,0.11953828,-0.10934228,0.13842832,0.5,0.5,"[6, 2]",0.75,False,0.50219781,0.11877837,0.42078471,True
44,1,15,T3,0.09385935,0.08418115,0.10443752,0.5,0.5,"[6, 2]",0.75,False,0.50219781,0.11877837,0.42078471,True
44,1,16,T4,0.07301921,0.04059933,0.08497507,0.5,0.5,"[6, 2]",0.75,False,0.50219781,0.11877837,0.42078471,True
44,1,17,CP3,0.13701776,0.02974471,0.15770632,0.5,0.5,"[6, 2]",0.75,False,0.50219781,0.11877837,0.42078471,True
44,1,18,CP4,0.0953832,0.04202776,0.11736209,0.5,0.5,"[6, 2]",0.75,False,0.50219781,0.11877837,0.42078471,True
44,1,19,TP7,0.11772305,0.03699252,0.12767032,0.5,0.5,"[6, 2]",0.75,False,0.50219781,0.11877837,0.42078471,True
44,1,20,TP8,0.06366615,-0.05310147,0.08739018,0.5,0.5,"[6, 2]",0.75,False,0.50219781,0.11877837,0.42078471,True
44,1,21,Pz,0.16275659,-0.00633138,0.16377495,0.5,0.5,"[6, 2]",0.75,False,0.50219781,0.11877837,0.42078471,True
44,1,22,P3,0.11260317,0.11260317,0.12278898,0.5,0.5,"[6, 2]",0.75,False,0.50219781,0.11877837,0.42078471,True
44,1,23,P4,0.09405732,-0.09405732,0.10748741,0.5,0.5,"[6, 2]",0.75,False,0.50219781,0.11877837,0.42078471,True
44,1,24,T5,0.0991326,0.0991326,0.12215963,0.5,0.5,"[6, 2]",0.75,False,0.50219781,0.11877837,0.42078471,True
44,1,25,T6,0.08701698,-0.08217093,0.09996051,0.5,0.5,"[6, 2]",0.75,False,0.50219781,0.11877837,0.42078471,True
44,1,26,Oz,0.04758763,0.04427489,0.06485026,0.5,0.5,"[6, 2]",0.75,False,0.50219781,0.11877837,0.42078471,True
44,1,27,O1,0.08741798,0.03689991,0.10703719,0.5,0.5,"[6, 2]",0.75,False,0.50219781,0.11877837,0.42078471,True
44,1,28,O2,0.16566153,-0.03327632,0.17235729,0.5,0.5,"[6, 2]",0.75,False,0.50219781,0.11877837,0.42078471,True
44,2,0,Fp1,0.08190516,-0.06965738,0.09872542,0.625,0.625,"[3, 5]",0.625,False,0.8387606,0.25671292,0.70278611,True
44,2,1,Fp2,0.07862164,0.06890392,0.08835267,0.625,0.625,"[3, 5]",0.625,False,0.8387606,0.25671292,0.70278611,True
44,2,2,Fz,0.09088428,-0.09088428,0.11071155,0.625,0.625,"[3, 5]",0.625,False,0.8387606,0.25671292,0.70278611,True
44,2,3,F3,0.08402693,0.02811273,0.09888218,0.625,0.625,"[3, 5]",0.625,False,0.8387606,0.25671292,0.70278611,True
44,2,4,F4,0.09552875,0.02642777,0.11373912,0.625,0.625,"[3, 5]",0.625,False,0.8387606,0.25671292,0.70278611,True
44,2,5,F7,0.10973345,0.10973345,0.12480332,0.625,0.625,"[3, 5]",0.625,False,0.8387606,0.25671292,0.70278611,True
44,2,6,F8,0.05151223,-0.01439535,0.05998601,0.625,0.625,"[3, 5]",0.625,False,0.8387606,0.25671292,0.70278611,True
44,2,7,FCz,0.10000898,-0.03125898,0.10613409,0.625,0.625,"[3, 5]",0.625,False,0.8387606,0.25671292,0.70278611,True
44,2,8,FC3,0.04922071,-0.04922071,0.06044269,0.625,0.625,"[3, 5]",0.625,False,0.8387606,0.25671292,0.70278611,True
44,2,9,FC4,0.09610721,-0.09610721,0.10744479,0.625,0.625,"[3, 5]",0.625,False,0.8387606,0.25671292,0.70278611,True
44,2,10,FT7,0.07662873,-0.07662873,0.11558976,0.625,0.625,"[3, 5]",0.625,False,0.8387606,0.25671292,0.70278611,True
44,2,11,FT8,0.10649554,-0.01809834,0.14657782,0.625,0.625,"[3, 5]",0.625,False,0.8387606,0.25671292,0.70278611,True
44,2,12,Cz,0.11306617,0.08278145,0.12766741,0.625,0.625,"[3, 5]",0.625,False,0.8387606,0.25671292,0.70278611,True
44,2,13,C3,0.08794932,0.08794932,0.11380947,0.625,0.625,"[3, 5]",0.625,False,0.8387606,0.25671292,0.70278611,True
44,2,14,C4,0.03954386,-0.019482,0.05938451,0.625,0.625,"[3, 5]",0.625,False,0.8387606,0.25671292,0.70278611,True
44,2,15,T3,0.09079164,0.09079164,0.10362777,0.625,0.625,"[3, 5]",0.625,False,0.8387606,0.25671292,0.70278611,True
44,2,16,T4,0.08237685,0.06613527,0.09418765,0.625,0.625,"[3, 5]",0.625,False,0.8387606,0.25671292,0.70278611,True
44,2,17,CP3,0.17554708,-0.00129915,0.18693486,0.625,0.625,"[3, 5]",0.625,False,0.8387606,0.25671292,0.70278611,True
44,2,18,CP4,0.11583693,-0.03623047,0.1282768,0.625,0.625,"[3, 5]",0.625,False,0.8387606,0.25671292,0.70278611,True
44,2,19,TP7,0.05704771,0.0357608,0.0779594,0.625,0.625,"[3, 5]",0.625,False,0.8387606,0.25671292,0.70278611,True
44,2,20,TP8,0.03668228,0.02617356,0.05011114,0.625,0.625,"[3, 5]",0.625,False,0.8387606,0.25671292,0.70278611,True
44,2,21,Pz,0.08422463,-0.02184014,0.10997324,0.625,0.625,"[3, 5]",0.625,False,0.8387606,0.25671292,0.70278611,True
44,2,22,P3,0.07335167,0.06190427,0.0805954,0.625,0.625,"[3, 5]",0.625,False,0.8387606,0.25671292,0.70278611,True
44,2,23,P4,0.1865076,-0.1865076,0.20021912,0.625,0.625,"[3, 5]",0.625,False,0.8387606,0.25671292,0.70278611,True
44,2,24,T5,0.08626721,0.04355212,0.09161533,0.625,0.625,"[3, 5]",0.625,False,0.8387606,0.25671292,0.70278611,True
44,2,25,T6,0.0652599,-0.05709249,0.07139717,0.625,0.625,"[3, 5]",0.625,False,0.8387606,0.25671292,0.70278611,True
44,2,26,Oz,0.15023935,0.15023935,0.16331688,0.625,0.625,"[3, 5]",0.625,False,0.8387606,0.25671292,0.70278611,True
44,2,27,O1,0.09865779,0.02468196,0.13674295,0.625,0.625,"[3, 5]",0.625,False,0.8387606,0.25671292,0.70278611,True
44,2,28,O2,0.13514991,-0.04621012,0.14778484,0.625,0.625,"[3, 5]",0.625,False,0.8387606,0.25671292,0.70278611,True
44,3,0,Fp1,0.10776876,-0.09648977,0.12420981,0.875,0.875,"[3, 5]",0.625,False,0.22024785,0.04778144,0.18454268,True
44,3,1,Fp2,0.09181067,0.06796189,0.10044987,0.875,0.875,"[3, 5]",0.625,False,0.22024785,0.04778144,0.18454268,True
44,3,2,Fz,0.10683653,-0.09852545,0.12072745,0.875,0.875,"[3, 5]",0.625,False,0.22024785,0.04778144,0.18454268,True
44,3,3,F3,0.08196233,0.00738391,0.09569073,0.875,0.875,"[3, 5]",0.625,False,0.22024785,0.04778144,0.18454268,True
44,3,4,F4,0.10505533,0.01313667,0.11602341,0.875,0.875,"[3, 5]",0.625,False,0.22024785,0.04778144,0.18454268,True
44,3,5,F7,0.09688628,0.08576397,0.10827605,0.875,0.875,"[3, 5]",0.625,False,0.22024785,0.04778144,0.18454268,True
44,3,6,F8,0.06146849,-0.01495717,0.06542238,0.875,0.875,"[3, 5]",0.625,False,0.22024785,0.04778144,0.18454268,True
44,3,7,FCz,0.07210093,0.07125659,0.08905564,0.875,0.875,"[3, 5]",0.625,False,0.22024785,0.04778144,0.18454268,True
44,3,8,FC3,0.02360532,0.00353792,0.02680516,0.875,0.875,"[3, 5]",0.625,False,0.22024785,0.04778144,0.18454268,True
44,3,9,FC4,0.07192198,-0.06113236,0.09381419,0.875,0.875,"[3, 5]",0.625,False,0.22024785,0.04778144,0.18454268,True
44,3,10,FT7,0.0952117,-0.07432945,0.11680842,0.875,0.875,"[3, 5]",0.625,False,0.22024785,0.04778144,0.18454268,True
44,3,11,FT8,0.10149641,-0.00660066,0.11710138,0.875,0.875,"[3, 5]",0.625,False,0.22024785,0.04778144,0.18454268,True
44,3,12,Cz,0.05299076,0.04970944,0.06591341,0.875,0.875,"[3, 5]",0.625,False,0.22024785,0.04778144,0.18454268,True
44,3,13,C3,0.12725042,0.08128,0.12917437,0.875,0.875,"[3, 5]",0.625,False,0.22024785,0.04778144,0.18454268,True
44,3,14,C4,0.10582376,-0.10582376,0.12466092,0.875,0.875,"[3, 5]",0.625,False,0.22024785,0.04778144,0.18454268,True
44,3,15,T3,0.10945052,0.10945052,0.12042309,0.875,0.875,"[3, 5]",0.625,False,0.22024785,0.04778144,0.18454268,True
44,3,16,T4,0.10396925,0.01687786,0.11450306,0.875,0.875,"[3, 5]",0.625,False,0.22024785,0.04778144,0.18454268,True
44,3,17,CP3,0.11651224,0.02698078,0.13287027,0.875,0.875,"[3, 5]",0.625,False,0.22024785,0.04778144,0.18454268,True
44,3,18,CP4,0.11260594,0.04204646,0.12983815,0.875,0.875,"[3, 5]",0.625,False,0.22024785,0.04778144,0.18454268,True
44,3,19,TP7,0.08987282,-0.00722574,0.09480727,0.875,0.875,"[3, 5]",0.625,False,0.22024785,0.04778144,0.18454268,True
44,3,20,TP8,0.08106121,-0.04843189,0.09624694,0.875,0.875,"[3, 5]",0.625,False,0.22024785,0.04778144,0.18454268,True
44,3,21,Pz,0.16209978,0.00742603,0.16263498,0.875,0.875,"[3, 5]",0.625,False,0.22024785,0.04778144,0.18454268,True
44,3,22,P3,0.11313617,0.11313617,0.12558153,0.875,0.875,"[3, 5]",0.625,False,0.22024785,0.04778144,0.18454268,True
44,3,23,P4,0.11190961,-0.09319563,0.12344901,0.875,0.875,"[3, 5]",0.625,False,0.22024785,0.04778144,0.18454268,True
44,3,24,T5,0.10265651,0.07904465,0.11274497,0.875,0.875,"[3, 5]",0.625,False,0.22024785,0.04778144,0.18454268,True
44,3,25,T6,0.07266842,-0.06442028,0.08312123,0.875,0.875,"[3, 5]",0.625,False,0.22024785,0.04778144,0.18454268,True
44,3,26,Oz,0.06192754,0.04137708,0.06823881,0.875,0.875,"[3, 5]",0.625,False,0.22024785,0.04778144,0.18454268,True
44,3,27,O1,0.11506608,0.06053169,0.12674654,0.875,0.875,"[3, 5]",0.625,False,0.22024785,0.04778144,0.18454268,True
44,3,28,O2,0.13185576,-0.02763539,0.13747399,0.875,0.875,"[3, 5]",0.625,False,0.22024785,0.04778144,0.18454268,True
44,4,0,Fp1,0.11124205,-0.10588966,0.13176575,0.75,0.75,"[4, 4]",0.5,False,0.48952665,0.13177073,0.41016772,True
44,4,1,Fp2,0.09500729,0.07445431,0.10408635,0.75,0.75,"[4, 4]",0.5,False,0.48952665,0.13177073,0.41016772,True
44,4,2,Fz,0.09560984,-0.09152857,0.11225864,0.75,0.75,"[4, 4]",0.5,False,0.48952665,0.13177073,0.41016772,True
44,4,3,F3,0.07200339,-0.02743304,0.08624175,0.75,0.75,"[4, 4]",0.5,False,0.48952665,0.13177073,0.41016772,True
44,4,4,F4,0.10208726,0.05388736,0.10295225,0.75,0.75,"[4, 4]",0.5,False,0.48952665,0.13177073,0.41016772,True
44,4,5,F7,0.06852762,0.06333815,0.08397643,0.75,0.75,"[4, 4]",0.5,False,0.48952665,0.13177073,0.41016772,True
44,4,6,F8,0.04492965,-0.00277673,0.04967678,0.75,0.75,"[4, 4]",0.5,False,0.48952665,0.13177073,0.41016772,True
44,4,7,FCz,0.03134895,0.01490785,0.04439665,0.75,0.75,"[4, 4]",0.5,False,0.48952665,0.13177073,0.41016772,True
44,4,8,FC3,0.02942644,-0.02182191,0.04368289,0.75,0.75,"[4, 4]",0.5,False,0.48952665,0.13177073,0.41016772,True
44,4,9,FC4,0.07838365,-0.02748329,0.08905777,0.75,0.75,"[4, 4]",0.5,False,0.48952665,0.13177073,0.41016772,True
44,4,10,FT7,0.06214905,-0.04818543,0.0884231,0.75,0.75,"[4, 4]",0.5,False,0.48952665,0.13177073,0.41016772,True
44,4,11,FT8,0.10419945,-0.00145321,0.12428334,0.75,0.75,"[4, 4]",0.5,False,0.48952665,0.13177073,0.41016772,True
44,4,12,Cz,0.06762613,0.05979931,0.09113281,0.75,0.75,"[4, 4]",0.5,False,0.48952665,0.13177073,0.41016772,True
44,4,13,C3,0.13966608,0.10524492,0.14755957,0.75,0.75,"[4, 4]",0.5,False,0.48952665,0.13177073,0.41016772,True
44,4,14,C4,0.10126689,-0.10067841,0.11975021,0.75,0.75,"[4, 4]",0.5,False,0.48952665,0.13177073,0.41016772,True
44,4,15,T3,0.08590502,0.07269907,0.09287789,0.75,0.75,"[4, 4]",0.5,False,0.48952665,0.13177073,0.41016772,True
44,4,16,T4,0.10749725,0.06689899,0.12527721,0.75,0.75,"[4, 4]",0.5,False,0.48952665,0.13177073,0.41016772,True
44,4,17,CP3,0.14149776,0.01029809,0.14853357,0.75,0.75,"[4, 4]",0.5,False,0.48952665,0.13177073,0.41016772,True
44,4,18,CP4,0.09591048,0.0163889,0.12692384,0.75,0.75,"[4, 4]",0.5,False,0.48952665,0.13177073,0.41016772,True
44,4,19,TP7,0.08196603,-0.01037779,0.08345237,0.75,0.75,"[4, 4]",0.5,False,0.48952665,0.13177073,0.41016772,True
44,4,20,TP8,0.09933143,0.00163053,0.10431718,0.75,0.75,"[4, 4]",0.5,False,0.48952665,0.13177073,0.41016772,True
44,4,21,Pz,0.13666296,-0.00468536,0.13955656,0.75,0.75,"[4, 4]",0.5,False,0.48952665,0.13177073,0.41016772,True
44,4,22,P3,0.10539871,0.10539871,0.11515165,0.75,0.75,"[4, 4]",0.5,False,0.48952665,0.13177073,0.41016772,True
44,4,23,P4,0.11360305,-0.11360305,0.12528892,0.75,0.75,"[4, 4]",0.5,False,0.48952665,0.13177073,0.41016772,True
44,4,24,T5,0.08566353,0.07736656,0.10647596,0.75,0.75,"[4, 4]",0.5,False,0.48952665,0.13177073,0.41016772,True
44,4,25,T6,0.07360215,-0.07265675,0.0912448,0.75,0.75,"[4, 4]",0.5,False,0.48952665,0.13177073,0.41016772,True
44,4,26,Oz,0.08098838,0.06641519,0.09166787,0.75,0.75,"[4, 4]",0.5,False,0.48952665,0.13177073,0.41016772,True
44,4,27,O1,0.11987303,0.0473083,0.13829772,0.75,0.75,"[4, 4]",0.5,False,0.48952665,0.13177073,0.41016772,True
44,4,28,O2,0.1384552,-0.02808195,0.1482048,0.75,0.75,"[4, 4]",0.5,False,0.48952665,0.13177073,0.41016772,True
44,5,0,Fp1,0.09642315,-0.08436155,0.1149928,0.375,0.375,"[5, 3]",0.625,False,0.54763928,0.14748264,0.45885951,True
44,5,1,Fp2,0.08381371,0.07680936,0.09764662,0.375,0.375,"[5, 3]",0.625,False,0.54763928,0.14748264,0.45885951,True
44,5,2,Fz,0.10037535,-0.10037535,0.10897037,0.375,0.375,"[5, 3]",0.625,False,0.54763928,0.14748264,0.45885951,True
44,5,3,F3,0.08407409,0.0075981,0.09237365,0.375,0.375,"[5, 3]",0.625,False,0.54763928,0.14748264,0.45885951,True
44,5,4,F4,0.11276492,0.0584057,0.11304886,0.375,0.375,"[5, 3]",0.625,False,0.54763928,0.14748264,0.45885951,True
44,5,5,F7,0.07495041,0.07495041,0.08100152,0.375,0.375,"[5, 3]",0.625,False,0.54763928,0.14748264,0.45885951,True
44,5,6,F8,0.05073911,0.00385768,0.06400602,0.375,0.375,"[5, 3]",0.625,False,0.54763928,0.14748264,0.45885951,True
44,5,7,FCz,0.031892,0.01682882,0.04002417,0.375,0.375,"[5, 3]",0.625,False,0.54763928,0.14748264,0.45885951,True
44,5,8,FC3,0.03305037,-0.02002302,0.03883712,0.375,0.375,"[5, 3]",0.625,False,0.54763928,0.14748264,0.45885951,True
44,5,9,FC4,0.06549305,-0.06549305,0.07274802,0.375,0.375,"[5, 3]",0.625,False,0.54763928,0.14748264,0.45885951,True
44,5,10,FT7,0.07579815,-0.07579815,0.10333809,0.375,0.375,"[5, 3]",0.625,False,0.54763928,0.14748264,0.45885951,True
44,5,11,FT8,0.14296134,-0.04160056,0.16977011,0.375,0.375,"[5, 3]",0.625,False,0.54763928,0.14748264,0.45885951,True
44,5,12,Cz,0.10872862,0.08419676,0.11964352,0.375,0.375,"[5, 3]",0.625,False,0.54763928,0.14748264,0.45885951,True
44,5,13,C3,0.12551486,0.09517801,0.13150144,0.375,0.375,"[5, 3]",0.625,False,0.54763928,0.14748264,0.45885951,True
44,5,14,C4,0.11165237,-0.10489593,0.12540266,0.375,0.375,"[5, 3]",0.625,False,0.54763928,0.14748264,0.45885951,True
44,5,15,T3,0.07941247,0.0653128,0.09153438,0.375,0.375,"[5, 3]",0.625,False,0.54763928,0.14748264,0.45885951,True
44,5,16,T4,0.07830914,0.03488555,0.09176195,0.375,0.375,"[5, 3]",0.625,False,0.54763928,0.14748264,0.45885951,True
44,5,17,CP3,0.12302595,0.00657756,0.13609843,0.375,0.375,"[5, 3]",0.625,False,0.54763928,0.14748264,0.45885951,True
44,5,18,CP4,0.10502065,0.00194442,0.14575757,0.375,0.375,"[5, 3]",0.625,False,0.54763928,0.14748264,0.45885951,True
44,5,19,TP7,0.0759441,-0.04596495,0.0895307,0.375,0.375,"[5, 3]",0.625,False,0.54763928,0.14748264,0.45885951,True
44,5,20,TP8,0.06726394,-0.0065712,0.07370514,0.375,0.375,"[5, 3]",0.625,False,0.54763928,0.14748264,0.45885951,True
44,5,21,Pz,0.15587476,-0.01358671,0.16136181,0.375,0.375,"[5, 3]",0.625,False,0.54763928,0.14748264,0.45885951,True
44,5,22,P3,0.09561597,0.09561597,0.12083647,0.375,0.375,"[5, 3]",0.625,False,0.54763928,0.14748264,0.45885951,True
44,5,23,P4,0.11266945,-0.10231698,0.12503026,0.375,0.375,"[5, 3]",0.625,False,0.54763928,0.14748264,0.45885951,True
44,5,24,T5,0.08942377,0.07650027,0.10768881,0.375,0.375,"[5, 3]",0.625,False,0.54763928,0.14748264,0.45885951,True
44,5,25,T6,0.08942556,-0.08942556,0.10444446,0.375,0.375,"[5, 3]",0.625,False,0.54763928,0.14748264,0.45885951,True
44,5,26,Oz,0.08809269,0.08809269,0.09506115,0.375,0.375,"[5, 3]",0.625,False,0.54763928,0.14748264,0.45885951,True
44,5,27,O1,0.10123032,0.0587559,0.1242986,0.375,0.375,"[5, 3]",0.625,False,0.54763928,0.14748264,0.45885951,True
44,5,28,O2,0.16552836,-0.05419204,0.18102036,0.375,0.375,"[5, 3]",0.625,False,0.54763928,0.14748264,0.45885951,True
45,1,0,Fp1,0.10919002,-0.09598112,0.1222441,0.5,0.5,"[0, 8]",1.0,True,0.01209071,0.00223264,0.01013065,True
45,1,1,Fp2,0.07824188,0.06158857,0.09601047,0.5,0.5,"[0, 8]",1.0,True,0.01209071,0.00223264,0.01013065,True
45,1,2,Fz,0.10375337,-0.0977032,0.11699851,0.5,0.5,"[0, 8]",1.0,True,0.01209071,0.00223264,0.01013065,True
45,1,3,F3,0.08770587,0.02839704,0.0942927,0.5,0.5,"[0, 8]",1.0,True,0.01209071,0.00223264,0.01013065,True
45,1,4,F4,0.09779887,0.01298784,0.10772218,0.5,0.5,"[0, 8]",1.0,True,0.01209071,0.00223264,0.01013065,True
45,1,5,F7,0.08429919,0.08197662,0.09800272,0.5,0.5,"[0, 8]",1.0,True,0.01209071,0.00223264,0.01013065,True
45,1,6,F8,0.07886596,-0.03044249,0.07976356,0.5,0.5,"[0, 8]",1.0,True,0.01209071,0.00223264,0.01013065,True
45,1,7,FCz,0.09809557,0.09809557,0.11337606,0.5,0.5,"[0, 8]",1.0,True,0.01209071,0.00223264,0.01013065,True
45,1,8,FC3,0.03114824,0.00545251,0.03777986,0.5,0.5,"[0, 8]",1.0,True,0.01209071,0.00223264,0.01013065,True
45,1,9,FC4,0.05815396,-0.05815396,0.07701215,0.5,0.5,"[0, 8]",1.0,True,0.01209071,0.00223264,0.01013065,True
45,1,10,FT7,0.08987921,-0.05661946,0.10342537,0.5,0.5,"[0, 8]",1.0,True,0.01209071,0.00223264,0.01013065,True
45,1,11,FT8,0.08021463,-0.00449851,0.09716591,0.5,0.5,"[0, 8]",1.0,True,0.01209071,0.00223264,0.01013065,True
45,1,12,Cz,0.07814313,0.076411,0.09378362,0.5,0.5,"[0, 8]",1.0,True,0.01209071,0.00223264,0.01013065,True
45,1,13,C3,0.11429382,0.07252894,0.11653647,0.5,0.5,"[0, 8]",1.0,True,0.01209071,0.00223264,0.01013065,True
45,1,14,C4,0.08588855,-0.07554372,0.09653455,0.5,0.5,"[0, 8]",1.0,True,0.01209071,0.00223264,0.01013065,True
45,1,15,T3,0.12739486,0.12739486,0.13264912,0.5,0.5,"[0, 8]",1.0,True,0.01209071,0.00223264,0.01013065,True
45,1,16,T4,0.1222821,0.01340114,0.13470212,0.5,0.5,"[0, 8]",1.0,True,0.01209071,0.00223264,0.01013065,True
45,1,17,CP3,0.12105347,0.0327956,0.13955733,0.5,0.5,"[0, 8]",1.0,True,0.01209071,0.00223264,0.01013065,True
45,1,18,CP4,0.11009166,0.03413617,0.12713516,0.5,0.5,"[0, 8]",1.0,True,0.01209071,0.00223264,0.01013065,True
45,1,19,TP7,0.08435962,-0.01904565,0.09430099,0.5,0.5,"[0, 8]",1.0,True,0.01209071,0.00223264,0.01013065,True
45,1,20,TP8,0.08831793,-0.05923824,0.10773169,0.5,0.5,"[0, 8]",1.0,True,0.01209071,0.00223264,0.01013065,True
45,1,21,Pz,0.15225846,0.00609753,0.1524124,0.5,0.5,"[0, 8]",1.0,True,0.01209071,0.00223264,0.01013065,True
45,1,22,P3,0.10779257,0.10779257,0.11685541,0.5,0.5,"[0, 8]",1.0,True,0.01209071,0.00223264,0.01013065,True
45,1,23,P4,0.10434218,-0.09256691,0.11617985,0.5,0.5,"[0, 8]",1.0,True,0.01209071,0.00223264,0.01013065,True
45,1,24,T5,0.10545163,0.07340504,0.11448154,0.5,0.5,"[0, 8]",1.0,True,0.01209071,0.00223264,0.01013065,True
45,1,25,T6,0.08156845,-0.06284117,0.09278525,0.5,0.5,"[0, 8]",1.0,True,0.01209071,0.00223264,0.01013065,True
45,1,26,Oz,0.07764135,0.04203168,0.07981972,0.5,0.5,"[0, 8]",1.0,True,0.01209071,0.00223264,0.01013065,True
45,1,27,O1,0.12184489,0.05574973,0.13258931,0.5,0.5,"[0, 8]",1.0,True,0.01209071,0.00223264,0.01013065,True
45,1,28,O2,0.14423998,-0.02415298,0.14707544,0.5,0.5,"[0, 8]",1.0,True,0.01209071,0.00223264,0.01013065,True
45,2,0,Fp1,0.10959236,-0.09627616,0.12273187,0.625,0.625,"[1, 7]",0.875,False,0.01261391,0.00222018,0.01056903,True
45,2,1,Fp2,0.07811944,0.06103468,0.09558299,0.625,0.625,"[1, 7]",0.875,False,0.01261391,0.00222018,0.01056903,True
45,2,2,Fz,0.10363311,-0.09801236,0.11712404,0.625,0.625,"[1, 7]",0.875,False,0.01261391,0.00222018,0.01056903,True
45,2,3,F3,0.08769207,0.02816848,0.09423687,0.625,0.625,"[1, 7]",0.875,False,0.01261391,0.00222018,0.01056903,True
45,2,4,F4,0.09727421,0.01221059,0.10767769,0.625,0.625,"[1, 7]",0.875,False,0.01261391,0.00222018,0.01056903,True
45,2,5,F7,0.0844736,0.08172291,0.09798623,0.625,0.625,"[1, 7]",0.875,False,0.01261391,0.00222018,0.01056903,True
45,2,6,F8,0.07838853,-0.02909492,0.07942562,0.625,0.625,"[1, 7]",0.875,False,0.01261391,0.00222018,0.01056903,True
45,2,7,FCz,0.09835573,0.09835573,0.11415469,0.625,0.625,"[1, 7]",0.875,False,0.01261391,0.00222018,0.01056903,True
45,2,8,FC3,0.03082214,0.00598408,0.03720233,0.625,0.625,"[1, 7]",0.875,False,0.01261391,0.00222018,0.01056903,True
45,2,9,FC4,0.05864654,-0.05864654,0.07729197,0.625,0.625,"[1, 7]",0.875,False,0.01261391,0.00222018,0.01056903,True
45,2,10,FT7,0.09082182,-0.05751816,0.10430488,0.625,0.625,"[1, 7]",0.875,False,0.01261391,0.00222018,0.01056903,True
45,2,11,FT8,0.07918778,-0.00462666,0.0969483,0.625,0.625,"[1, 7]",0.875,False,0.01261391,0.00222018,0.01056903,True
45,2,12,Cz,0.07730473,0.07536823,0.09249032,0.625,0.625,"[1, 7]",0.875,False,0.01261391,0.00222018,0.01056903,True
45,2,13,C3,0.11502053,0.0727141,0.11719754,0.625,0.625,"[1, 7]",0.875,False,0.01261391,0.00222018,0.01056903,True
45,2,14,C4,0.08584264,-0.07495709,0.09632178,0.625,0.625,"[1, 7]",0.875,False,0.01261391,0.00222018,0.01056903,True
45,2,15,T3,0.1272642,0.1272642,0.13231471,0.625,0.625,"[1, 7]",0.875,False,0.01261391,0.00222018,0.01056903,True
45,2,16,T4,0.12118016,0.01360568,0.13348812,0.625,0.625,"[1, 7]",0.875,False,0.01261391,0.00222018,0.01056903,True
45,2,17,CP3,0.12133974,0.03394455,0.13977723,0.625,0.625,"[1, 7]",0.875,False,0.01261391,0.00222018,0.01056903,True
45,2,18,CP4,0.11073717,0.03518565,0.12746297,0.625,0.625,"[1, 7]",0.875,False,0.01261391,0.00222018,0.01056903,True
45,2,19,TP7,0.08397026,-0.01904966,0.0938191,0.625,0.625,"[1, 7]",0.875,False,0.01261391,0.00222018,0.01056903,True
45,2,20,TP8,0.08883046,-0.05927969,0.10803267,0.625,0.625,"[1, 7]",0.875,False,0.01261391,0.00222018,0.01056903,True
45,2,21,Pz,0.15199171,0.00700526,0.15218532,0.625,0.625,"[1, 7]",0.875,False,0.01261391,0.00222018,0.01056903,True
45,2,22,P3,0.10887568,0.10887568,0.1178954,0.625,0.625,"[1, 7]",0.875,False,0.01261391,0.00222018,0.01056903,True
45,2,23,P4,0.10464708,-0.09225229,0.11627376,0.625,0.625,"[1, 7]",0.875,False,0.01261391,0.00222018,0.01056903,True
45,2,24,T5,0.10483928,0.07351543,0.1145505,0.625,0.625,"[1, 7]",0.875,False,0.01261391,0.00222018,0.01056903,True
45,2,25,T6,0.08136982,-0.06258602,0.0930272,0.625,0.625,"[1, 7]",0.875,False,0.01261391,0.00222018,0.01056903,True
45,2,26,Oz,0.07778402,0.04235495,0.08000031,0.625,0.625,"[1, 7]",0.875,False,0.01261391,0.00222018,0.01056903,True
45,2,27,O1,0.12256468,0.05598432,0.13301933,0.625,0.625,"[1, 7]",0.875,False,0.01261391,0.00222018,0.01056903,True
45,2,28,O2,0.1441634,-0.02338617,0.14687665,0.625,0.625,"[1, 7]",0.875,False,0.01261391,0.00222018,0.01056903,True
45,3,0,Fp1,0.03670011,0.018881,0.03870147,0.625,0.625,"[3, 5]",0.625,False,1.53036986,0.43702605,1.2822761,True
45,3,1,Fp2,0.02239036,0.00337398,0.02775666,0.625,0.625,"[3, 5]",0.625,False,1.53036986,0.43702605,1.2822761,True
45,3,2,Fz,0.12429579,-0.0110468,0.14433789,0.625,0.625,"[3, 5]",0.625,False,1.53036986,0.43702605,1.2822761,True
45,3,3,F3,0.12052639,-0.0325924,0.12746197,0.625,0.625,"[3, 5]",0.625,False,1.53036986,0.43702605,1.2822761,True
45,3,4,F4,0.085691,-0.07439728,0.14053531,0.625,0.625,"[3, 5]",0.625,False,1.53036986,0.43702605,1.2822761,True
45,3,5,F7,0.05816913,0.00773482,0.06535071,0.625,0.625,"[3, 5]",0.625,False,1.53036986,0.43702605,1.2822761,True
45,3,6,F8,0.0959644,-0.07431641,0.12367053,0.625,0.625,"[3, 5]",0.625,False,1.53036986,0.43702605,1.2822761,True
45,3,7,FCz,0.27705884,0.23934698,0.30698851,0.625,0.625,"[3, 5]",0.625,False,1.53036986,0.43702605,1.2822761,True
45,3,8,FC3,0.07362291,0.07362291,0.07891477,0.625,0.625,"[3, 5]",0.625,False,1.53036986,0.43702605,1.2822761,True
45,3,9,FC4,0.06778191,-0.00282007,0.0751802,0.625,0.625,"[3, 5]",0.625,False,1.53036986,0.43702605,1.2822761,True
45,3,10,FT7,0.05884614,0.01224821,0.06067053,0.625,0.625,"[3, 5]",0.625,False,1.53036986,0.43702605,1.2822761,True
45,3,11,FT8,0.10813482,0.10813482,0.12234213,0.625,0.625,"[3, 5]",0.625,False,1.53036986,0.43702605,1.2822761,True
45,3,12,Cz,0.28907615,-0.28907615,0.30094466,0.625,0.625,"[3, 5]",0.625,False,1.53036986,0.43702605,1.2822761,True
45,3,13,C3,0.02951278,-0.01449224,0.03965166,0.625,0.625,"[3, 5]",0.625,False,1.53036986,0.43702605,1.2822761,True
45,3,14,C4,0.06899997,-0.06899997,0.07676923,0.625,0.625,"[3, 5]",0.625,False,1.53036986,0.43702605,1.2822761,True
45,3,15,T3,0.0626253,0.02774365,0.06522349,0.625,0.625,"[3, 5]",0.625,False,1.53036986,0.43702605,1.2822761,True
45,3,16,T4,0.08567328,0.08128644,0.10805136,0.625,0.625,"[3, 5]",0.625,False,1.53036986,0.43702605,1.2822761,True
45,3,17,CP3,0.07770469,-0.04815557,0.09459794,0.625,0.625,"[3, 5]",0.625,False,1.53036986,0.43702605,1.2822761,True
45,3,18,CP4,0.07313508,0.07313508,0.07956623,0.625,0.625,"[3, 5]",0.625,False,1.53036986,0.43702605,1.2822761,True
45,3,19,TP7,0.08601885,0.08601885,0.10742228,0.625,0.625,"[3, 5]",0.625,False,1.53036986,0.43702605,1.2822761,True
45,3,20,TP8,0.06472246,-0.06472246,0.06676841,0.625,0.625,"[3, 5]",0.625,False,1.53036986,0.43702605,1.2822761,True
45,3,21,Pz,0.08570813,0.08570813,0.10620679,0.625,0.625,"[3, 5]",0.625,False,1.53036986,0.43702605,1.2822761,True
45,3,22,P3,0.0732008,0.0732008,0.07909111,0.625,0.625,"[3, 5]",0.625,False,1.53036986,0.43702605,1.2822761,True
45,3,23,P4,0.12491854,0.12491854,0.15164526,0.625,0.625,"[3, 5]",0.625,False,1.53036986,0.43702605,1.2822761,True
45,3,24,T5,0.05775389,0.00658322,0.07446557,0.625,0.625,"[3, 5]",0.625,False,1.53036986,0.43702605,1.2822761,True
45,3,25,T6,0.05373604,-0.02762709,0.06027025,0.625,0.625,"[3, 5]",0.625,False,1.53036986,0.43702605,1.2822761,True
45,3,26,Oz,0.04398073,-0.03677754,0.06233064,0.625,0.625,"[3, 5]",0.625,False,1.53036986,0.43702605,1.2822761,True
45,3,27,O1,0.04408628,-0.02352871,0.05072991,0.625,0.625,"[3, 5]",0.625,False,1.53036986,0.43702605,1.2822761,True
45,3,28,O2,0.08370563,-0.04555218,0.12512635,0.625,0.625,"[3, 5]",0.625,False,1.53036986,0.43702605,1.2822761,True
45,4,0,Fp1,0.09637325,-0.07655753,0.10512549,0.375,0.375,"[5, 3]",0.625,False,0.2959055,0.09094091,0.2479352,True
45,4,1,Fp2,0.06234945,0.02881522,0.08492216,0.375,0.375,"[5, 3]",0.625,False,0.2959055,0.09094091,0.2479352,True
45,4,2,Fz,0.12822005,-0.12822005,0.14426245,0.375,0.375,"[5, 3]",0.625,False,0.2959055,0.09094091,0.2479352,True
45,4,3,F3,0.08743012,0.02596039,0.09357061,0.375,0.375,"[5, 3]",0.625,False,0.2959055,0.09094091,0.2479352,True
45,4,4,F4,0.08977629,-0.00495142,0.10832088,0.375,0.375,"[5, 3]",0.625,False,0.2959055,0.09094091,0.2479352,True
45,4,5,F7,0.09427118,0.09230255,0.1094174,0.375,0.375,"[5, 3]",0.625,False,0.2959055,0.09094091,0.2479352,True
45,4,6,F8,0.09197183,-0.04445817,0.09552311,0.375,0.375,"[5, 3]",0.625,False,0.2959055,0.09094091,0.2479352,True
45,4,7,FCz,0.11231975,0.11231975,0.14310607,0.375,0.375,"[5, 3]",0.625,False,0.2959055,0.09094091,0.2479352,True
45,4,8,FC3,0.02774387,-0.00682536,0.03369347,0.375,0.375,"[5, 3]",0.625,False,0.2959055,0.09094091,0.2479352,True
45,4,9,FC4,0.0748006,-0.0748006,0.08977869,0.375,0.375,"[5, 3]",0.625,False,0.2959055,0.09094091,0.2479352,True
45,4,10,FT7,0.09431054,-0.05560079,0.11142801,0.375,0.375,"[5, 3]",0.625,False,0.2959055,0.09094091,0.2479352,True
45,4,11,FT8,0.06810784,-0.02047924,0.08877602,0.375,0.375,"[5, 3]",0.625,False,0.2959055,0.09094091,0.2479352,True
45,4,12,Cz,0.06815034,0.05847071,0.07551596,0.375,0.375,"[5, 3]",0.625,False,0.2959055,0.09094091,0.2479352,True
45,4,13,C3,0.14146763,0.08229682,0.14270487,0.375,0.375,"[5, 3]",0.625,False,0.2959055,0.09094091,0.2479352,True
45,4,14,C4,0.09842262,-0.08976327,0.11442278,0.375,0.375,"[5, 3]",0.625,False,0.2959055,0.09094091,0.2479352,True
45,4,15,T3,0.12888359,0.12888359,0.13265723,0.375,0.375,"[5, 3]",0.625,False,0.2959055,0.09094091,0.2479352,True
45,4,16,T4,0.10445642,0.02107906,0.12496184,0.375,0.375,"[5, 3]",0.625,False,0.2959055,0.09094091,0.2479352,True
45,4,17,CP3,0.11262663,0.04212375,0.12816341,0.375,0.375,"[5, 3]",0.625,False,0.2959055,0.09094091,0.2479352,True
45,4,18,CP4,0.11071736,0.04101171,0.13192208,0.375,0.375,"[5, 3]",0.625,False,0.2959055,0.09094091,0.2479352,True
45,4,19,TP7,0.07607664,-0.00156682,0.08439842,0.375,0.375,"[5, 3]",0.625,False,0.2959055,0.09094091,0.2479352,True
45,4,20,TP8,0.06546506,-0.04789513,0.08325025,0.375,0.375,"[5, 3]",0.625,False,0.2959055,0.09094091,0.2479352,True
45,4,21,Pz,0.12411024,0.01169103,0.12550519,0.375,0.375,"[5, 3]",0.625,False,0.2959055,0.09094091,0.2479352,True
45,4,22,P3,0.10518967,0.10518967,0.1119752,0.375,0.375,"[5, 3]",0.625,False,0.2959055,0.09094091,0.2479352,True
45,4,23,P4,0.0875328,-0.05713435,0.09245101,0.375,0.375,"[5, 3]",0.625,False,0.2959055,0.09094091,0.2479352,True
45,4,24,T5,0.09758406,0.06914321,0.10733895,0.375,0.375,"[5, 3]",0.625,False,0.2959055,0.09094091,0.2479352,True
45,4,25,T6,0.09590261,-0.05415948,0.11166627,0.375,0.375,"[5, 3]",0.625,False,0.2959055,0.09094091,0.2479352,True
45,4,26,Oz,0.09174402,0.05382166,0.09242168,0.375,0.375,"[5, 3]",0.625,False,0.2959055,0.09094091,0.2479352,True
45,4,27,O1,0.14320394,0.07433728,0.15800813,0.375,0.375,"[5, 3]",0.625,False,0.2959055,0.09094091,0.2479352,True
45,4,28,O2,0.14532714,-0.02080589,0.15189584,0.375,0.375,"[5, 3]",0.625,False,0.2959055,0.09094091,0.2479352,True
45,5,0,Fp1,0.10947421,-0.0966512,0.12270743,0.5,0.5,"[0, 8]",1.0,True,0.01310043,0.00234062,0.01097667,True
45,5,1,Fp2,0.07782197,0.06028095,0.09519714,0.5,0.5,"[0, 8]",1.0,True,0.01310043,0.00234062,0.01097667,True
45,5,2,Fz,0.10443676,-0.09851828,0.11787228,0.5,0.5,"[0, 8]",1.0,True,0.01310043,0.00234062,0.01097667,True
45,5,3,F3,0.08711793,0.02744331,0.09384357,0.5,0.5,"[0, 8]",1.0,True,0.01310043,0.00234062,0.01097667,True
45,5,4,F4,0.09762239,0.01234604,0.10793892,0.5,0.5,"[0, 8]",1.0,True,0.01310043,0.00234062,0.01097667,True
45,5,5,F7,0.08490112,0.08159008,0.09822977,0.5,0.5,"[0, 8]",1.0,True,0.01310043,0.00234062,0.01097667,True
45,5,6,F8,0.07817911,-0.03055072,0.07903919,0.5,0.5,"[0, 8]",1.0,True,0.01310043,0.00234062,0.01097667,True
45,5,7,FCz,0.09898334,0.09898334,0.11423393,0.5,0.5,"[0, 8]",1.0,True,0.01310043,0.00234062,0.01097667,True
45,5,8,FC3,0.0317574,0.00632758,0.03834209,0.5,0.5,"[0, 8]",1.0,True,0.01310043,0.00234062,0.01097667,True
45,5,9,FC4,0.05770344,-0.05770344,0.07639764,0.5,0.5,"[0, 8]",1.0,True,0.01310043,0.00234062,0.01097667,True
45,5,10,FT7,0.0910963,-0.0577969,0.10500509,0.5,0.5,"[0, 8]",1.0,True,0.01310043,0.00234062,0.01097667,True
45,5,11,FT8,0.08000666,-0.00459037,0.0970869,0.5,0.5,"[0, 8]",1.0,True,0.01310043,0.00234062,0.01097667,True
45,5,12,Cz,0.07742941,0.0761273,0.09312078,0.5,0.5,"[0, 8]",1.0,True,0.01310043,0.00234062,0.01097667,True
45,5,13,C3,0.11455965,0.07284229,0.11679442,0.5,0.5,"[0, 8]",1.0,True,0.01310043,0.00234062,0.01097667,True
45,5,14,C4,0.08593813,-0.07489001,0.0964621,0.5,0.5,"[0, 8]",1.0,True,0.01310043,0.00234062,0.01097667,True
45,5,15,T3,0.12759586,0.12759586,0.13279158,0.5,0.5,"[0, 8]",1.0,True,0.01310043,0.00234062,0.01097667,True
45,5,16,T4,0.12172357,0.01351044,0.13442715,0.5,0.5,"[0, 8]",1.0,True,0.01310043,0.00234062,0.01097667,True
45,5,17,CP3,0.12058462,0.03275259,0.13879342,0.5,0.5,"[0, 8]",1.0,True,0.01310043,0.00234062,0.01097667,True
45,5,18,CP4,0.11081471,0.03517078,0.12786499,0.5,0.5,"[0, 8]",1.0,True,0.01310043,0.00234062,0.01097667,True
45,5,19,TP7,0.08453867,-0.01868309,0.09452545,0.5,0.5,"[0, 8]",1.0,True,0.01310043,0.00234062,0.01097667,True
45,5,20,TP8,0.08862905,-0.05833562,0.10729969,0.5,0.5,"[0, 8]",1.0,True,0.01310043,0.00234062,0.01097667,True
45,5,21,Pz,0.15247734,0.0068825,0.15268284,0.5,0.5,"[0, 8]",1.0,True,0.01310043,0.00234062,0.01097667,True
45,5,22,P3,0.10855745,0.10855745,0.11788361,0.5,0.5,"[0, 8]",1.0,True,0.01310043,0.00234062,0.01097667,True
45,5,23,P4,0.10473585,-0.09210672,0.11630879,0.5,0.5,"[0, 8]",1.0,True,0.01310043,0.00234062,0.01097667,True
45,5,24,T5,0.10499771,0.07359675,0.11441732,0.5,0.5,"[0, 8]",1.0,True,0.01310043,0.00234062,0.01097667,True
45,5,25,T6,0.08096419,-0.06122947,0.09215217,0.5,0.5,"[0, 8]",1.0,True,0.01310043,0.00234062,0.01097667,True
45,5,26,Oz,0.07829282,0.04283177,0.08051864,0.5,0.5,"[0, 8]",1.0,True,0.01310043,0.00234062,0.01097667,True
45,5,27,O1,0.12158564,0.05618376,0.13212387,0.5,0.5,"[0, 8]",1.0,True,0.01310043,0.00234062,0.01097667,True
45,5,28,O2,0.14502883,-0.02268303,0.1476244,0.5,0.5,"[0, 8]",1.0,True,0.01310043,0.00234062,0.01097667,True
46,1,0,Fp1,0.11005291,-0.09528621,0.12233459,0.5,0.5,"[0, 8]",1.0,True,0.01238048,0.00231467,0.01037343,True
46,1,1,Fp2,0.0766201,0.06127943,0.09463371,0.5,0.5,"[0, 8]",1.0,True,0.01238048,0.00231467,0.01037343,True
46,1,2,Fz,0.10352451,-0.09810393,0.11707409,0.5,0.5,"[0, 8]",1.0,True,0.01238048,0.00231467,0.01037343,True
46,1,3,F3,0.08829857,0.02912301,0.09465107,0.5,0.5,"[0, 8]",1.0,True,0.01238048,0.00231467,0.01037343,True
46,1,4,F4,0.09797183,0.01325309,0.10778336,0.5,0.5,"[0, 8]",1.0,True,0.01238048,0.00231467,0.01037343,True
46,1,5,F7,0.08406373,0.08102306,0.09719821,0.5,0.5,"[0, 8]",1.0,True,0.01238048,0.00231467,0.01037343,True
46,1,6,F8,0.07807586,-0.02966728,0.07898241,0.5,0.5,"[0, 8]",1.0,True,0.01238048,0.00231467,0.01037343,True
46,1,7,FCz,0.09905215,0.09905215,0.11472157,0.5,0.5,"[0, 8]",1.0,True,0.01238048,0.00231467,0.01037343,True
46,1,8,FC3,0.03075922,0.00575226,0.0376182,0.5,0.5,"[0, 8]",1.0,True,0.01238048,0.00231467,0.01037343,True
46,1,9,FC4,0.05767284,-0.05767284,0.07551581,0.5,0.5,"[0, 8]",1.0,True,0.01238048,0.00231467,0.01037343,True
46,1,10,FT7,0.09059022,-0.0579352,0.10435437,0.5,0.5,"[0, 8]",1.0,True,0.01238048,0.00231467,0.01037343,True
46,1,11,FT8,0.0799107,-0.00381075,0.09616572,0.5,0.5,"[0, 8]",1.0,True,0.01238048,0.00231467,0.01037343,True
46,1,12,Cz,0.0771136,0.07633698,0.0931213,0.5,0.5,"[0, 8]",1.0,True,0.01238048,0.00231467,0.01037343,True
46,1,13,C3,0.11555495,0.07211831,0.11755544,0.5,0.5,"[0, 8]",1.0,True,0.01238048,0.00231467,0.01037343,True
46,1,14,C4,0.08598727,-0.07462077,0.09587462,0.5,0.5,"[0, 8]",1.0,True,0.01238048,0.00231467,0.01037343,True
46,1,15,T3,0.12696831,0.12696831,0.1321955,0.5,0.5,"[0, 8]",1.0,True,0.01238048,0.00231467,0.01037343,True
46,1,16,T4,0.12290937,0.01256301,0.13508558,0.5,0.5,"[0, 8]",1.0,True,0.01238048,0.00231467,0.01037343,True
46,1,17,CP3,0.1215896,0.03241426,0.13942255,0.5,0.5,"[0, 8]",1.0,True,0.01238048,0.00231467,0.01037343,True
46,1,18,CP4,0.11069584,0.0347346,0.12698819,0.5,0.5,"[0, 8]",1.0,True,0.01238048,0.00231467,0.01037343,True
46,1,19,TP7,0.08432131,-0.01882743,0.09438021,0.5,0.5,"[0, 8]",1.0,True,0.01238048,0.00231467,0.01037343,True
46,1,20,TP8,0.08907025,-0.06032931,0.10878004,0.5,0.5,"[0, 8]",1.0,True,0.01238048,0.00231467,0.01037343,True
46,1,21,Pz,0.15326741,0.00685909,0.15348344,0.5,0.5,"[0, 8]",1.0,True,0.01238048,0.00231467,0.01037343,True
46,1,22,P3,0.1073999,0.1073999,0.11710965,0.5,0.5,"[0, 8]",1.0,True,0.01238048,0.00231467,0.01037343,True
46,1,23,P4,0.1052701,-0.09335651,0.11722631,0.5,0.5,"[0, 8]",1.0,True,0.01238048,0.00231467,0.01037343,True
46,1,24,T5,0.1050581,0.07355221,0.11438085,0.5,0.5,"[0, 8]",1.0,True,0.01238048,0.00231467,0.01037343,True
46,1,25,T6,0.08228464,-0.06254553,0.09345513,0.5,0.5,"[0, 8]",1.0,True,0.01238048,0.00231467,0.01037343,True
46,1,26,Oz,0.07756183,0.04144378,0.08003576,0.5,0.5,"[0, 8]",1.0,True,0.01238048,0.00231467,0.01037343,True
46,1,27,O1,0.1213883,0.05539168,0.13170493,0.5,0.5,"[0, 8]",1.0,True,0.01238048,0.00231467,0.01037343,True
46,1,28,O2,0.14445399,-0.02437121,0.14732841,0.5,0.5,"[0, 8]",1.0,True,0.01238048,0.00231467,0.01037343,True
46,2,0,Fp1,0.11001255,-0.09555411,0.12251668,0.5,0.5,"[0, 8]",1.0,True,0.01118783,0.00233453,0.00937413,True
46,2,1,Fp2,0.07691361,0.06132016,0.09470365,0.5,0.5,"[0, 8]",1.0,True,0.01118783,0.00233453,0.00937413,True
46,2,2,Fz,0.10352029,-0.09823047,0.11711005,0.5,0.5,"[0, 8]",1.0,True,0.01118783,0.00233453,0.00937413,True
46,2,3,F3,0.08805205,0.02806287,0.09455891,0.5,0.5,"[0, 8]",1.0,True,0.01118783,0.00233453,0.00937413,True
46,2,4,F4,0.09803811,0.01287129,0.10817985,0.5,0.5,"[0, 8]",1.0,True,0.01118783,0.00233453,0.00937413,True
46,2,5,F7,0.08492553,0.08227172,0.09844923,0.5,0.5,"[0, 8]",1.0,True,0.01118783,0.00233453,0.00937413,True
46,2,6,F8,0.07829899,-0.0302688,0.07913925,0.5,0.5,"[0, 8]",1.0,True,0.01118783,0.00233453,0.00937413,True
46,2,7,FCz,0.09913266,0.09913266,0.11446056,0.5,0.5,"[0, 8]",1.0,True,0.01118783,0.00233453,0.00937413,True
46,2,8,FC3,0.03158258,0.00575491,0.03853336,0.5,0.5,"[0, 8]",1.0,True,0.01118783,0.00233453,0.00937413,True
46,2,9,FC4,0.05784291,-0.05784291,0.07565717,0.5,0.5,"[0, 8]",1.0,True,0.01118783,0.00233453,0.00937413,True
46,2,10,FT7,0.09079932,-0.05785093,0.10439047,0.5,0.5,"[0, 8]",1.0,True,0.01118783,0.00233453,0.00937413,True
46,2,11,FT8,0.07998341,-0.0040557,0.09620244,0.5,0.5,"[0, 8]",1.0,True,0.01118783,0.00233453,0.00937413,True
46,2,12,Cz,0.07766879,0.0761251,0.09343017,0.5,0.5,"[0, 8]",1.0,True,0.01118783,0.00233453,0.00937413,True
46,2,13,C3,0.11450325,0.07164876,0.11653322,0.5,0.5,"[0, 8]",1.0,True,0.01118783,0.00233453,0.00937413,True
46,2,14,C4,0.08578421,-0.07445897,0.09572256,0.5,0.5,"[0, 8]",1.0,True,0.01118783,0.00233453,0.00937413,True
46,2,15,T3,0.1265419,0.1265419,0.13194056,0.5,0.5,"[0, 8]",1.0,True,0.01118783,0.00233453,0.00937413,True
46,2,16,T4,0.12285654,0.01278856,0.13500573,0.5,0.5,"[0, 8]",1.0,True,0.01118783,0.00233453,0.00937413,True
46,2,17,CP3,0.12168208,0.0320846,0.13970968,0.5,0.5,"[0, 8]",1.0,True,0.01118783,0.00233453,0.00937413,True
46,2,18,CP4,0.11094853,0.03463763,0.12742567,0.5,0.5,"[0, 8]",1.0,True,0.01118783,0.00233453,0.00937413,True
46,2,19,TP7,0.08401664,-0.0188833,0.09422588,0.5,0.5,"[0, 8]",1.0,True,0.01118783,0.00233453,0.00937413,True
46,2,20,TP8,0.08881395,-0.05981328,0.10826967,0.5,0.5,"[0, 8]",1.0,True,0.01118783,0.00233453,0.00937413,True
46,2,21,Pz,0.15289752,0.00762944,0.15315428,0.5,0.5,"[0, 8]",1.0,True,0.01118783,0.00233453,0.00937413,True
46,2,22,P3,0.10811883,0.10811883,0.11747505,0.5,0.5,"[0, 8]",1.0,True,0.01118783,0.00233453,0.00937413,True
46,2,23,P4,0.10397885,-0.09238483,0.11581667,0.5,0.5,"[0, 8]",1.0,True,0.01118783,0.00233453,0.00937413,True
46,2,24,T5,0.105056,0.07342283,0.11432838,0.5,0.5,"[0, 8]",1.0,True,0.01118783,0.00233453,0.00937413,True
46,2,25,T6,0.08143727,-0.06224196,0.09270772,0.5,0.5,"[0, 8]",1.0,True,0.01118783,0.00233453,0.00937413,True
46,2,26,Oz,0.07817954,0.0421668,0.08049674,0.5,0.5,"[0, 8]",1.0,True,0.01118783,0.00233453,0.00937413,True
46,2,27,O1,0.1217266,0.05592828,0.13182838,0.5,0.5,"[0, 8]",1.0,True,0.01118783,0.00233453,0.00937413,True
46,2,28,O2,0.14393237,-0.02390511,0.14667912,0.5,0.5,"[0, 8]",1.0,True,0.01118783,0.00233453,0.00937413,True
46,3,0,Fp1,0.1001524,-0.07022133,0.10548152,0.125,0.125,"[5, 3]",0.625,False,0.30135017,0.0771906,0.25249721,True
46,3,1,Fp2,0.07295933,0.06616628,0.08783326,0.125,0.125,"[5, 3]",0.625,False,0.30135017,0.0771906,0.25249721,True
46,3,2,Fz,0.09917196,-0.08576626,0.10889068,0.125,0.125,"[5, 3]",0.625,False,0.30135017,0.0771906,0.25249721,True
46,3,3,F3,0.08336738,0.04843986,0.09403174,0.125,0.125,"[5, 3]",0.625,False,0.30135017,0.0771906,0.25249721,True
46,3,4,F4,0.1140838,0.01192085,0.13317187,0.125,0.125,"[5, 3]",0.625,False,0.30135017,0.0771906,0.25249721,True
46,3,5,F7,0.09006833,0.08755226,0.10368624,0.125,0.125,"[5, 3]",0.625,False,0.30135017,0.0771906,0.25249721,True
46,3,6,F8,0.0990073,-0.06506664,0.1019078,0.125,0.125,"[5, 3]",0.625,False,0.30135017,0.0771906,0.25249721,True
46,3,7,FCz,0.09823982,0.09823982,0.11421568,0.125,0.125,"[5, 3]",0.625,False,0.30135017,0.0771906,0.25249721,True
46,3,8,FC3,0.04328817,-0.00164953,0.05326028,0.125,0.125,"[5, 3]",0.625,False,0.30135017,0.0771906,0.25249721,True
46,3,9,FC4,0.0520476,-0.03395937,0.06731366,0.125,0.125,"[5, 3]",0.625,False,0.30135017,0.0771906,0.25249721,True
46,3,10,FT7,0.09166652,-0.07326607,0.11105806,0.125,0.125,"[5, 3]",0.625,False,0.30135017,0.0771906,0.25249721,True
46,3,11,FT8,0.09197904,-0.03850948,0.0960241,0.125,0.125,"[5, 3]",0.625,False,0.30135017,0.0771906,0.25249721,True
46,3,12,Cz,0.08152901,0.08152901,0.09337307,0.125,0.125,"[5, 3]",0.625,False,0.30135017,0.0771906,0.25249721,True
46,3,13,C3,0.09303182,0.0578167,0.09740706,0.125,0.125,"[5, 3]",0.625,False,0.30135017,0.0771906,0.25249721,True
46,3,14,C4,0.08456887,-0.06502044,0.0941144,0.125,0.125,"[5, 3]",0.625,False,0.30135017,0.0771906,0.25249721,True
46,3,15,T3,0.13394888,0.13394888,0.14375134,0.125,0.125,"[5, 3]",0.625,False,0.30135017,0.0771906,0.25249721,True
46,3,16,T4,0.14342542,0.00014645,0.15215988,0.125,0.125,"[5, 3]",0.625,False,0.30135017,0.0771906,0.25249721,True
46,3,17,CP3,0.12197922,0.02223046,0.12656562,0.125,0.125,"[5, 3]",0.625,False,0.30135017,0.0771906,0.25249721,True
46,3,18,CP4,0.1022429,0.02690716,0.11717471,0.125,0.125,"[5, 3]",0.625,False,0.30135017,0.0771906,0.25249721,True
46,3,19,TP7,0.06796216,-0.02487428,0.0832836,0.125,0.125,"[5, 3]",0.625,False,0.30135017,0.0771906,0.25249721,True
46,3,20,TP8,0.09248061,-0.09159046,0.12722924,0.125,0.125,"[5, 3]",0.625,False,0.30135017,0.0771906,0.25249721,True
46,3,21,Pz,0.15497424,0.02884143,0.15943417,0.125,0.125,"[5, 3]",0.625,False,0.30135017,0.0771906,0.25249721,True
46,3,22,P3,0.09433465,0.09209777,0.11596291,0.125,0.125,"[5, 3]",0.625,False,0.30135017,0.0771906,0.25249721,True
46,3,23,P4,0.09255529,-0.07622745,0.10000118,0.125,0.125,"[5, 3]",0.625,False,0.30135017,0.0771906,0.25249721,True
46,3,24,T5,0.08481449,0.06922759,0.09451852,0.125,0.125,"[5, 3]",0.625,False,0.30135017,0.0771906,0.25249721,True
46,3,25,T6,0.10183434,-0.05897601,0.10772669,0.125,0.125,"[5, 3]",0.625,False,0.30135017,0.0771906,0.25249721,True
46,3,26,Oz,0.08287126,0.05351468,0.08405624,0.125,0.125,"[5, 3]",0.625,False,0.30135017,0.0771906,0.25249721,True
46,3,27,O1,0.11952601,0.06249004,0.1262622,0.125,0.125,"[5, 3]",0.625,False,0.30135017,0.0771906,0.25249721,True
46,3,28,O2,0.14708775,-0.0022176,0.15013014,0.125,0.125,"[5, 3]",0.625,False,0.30135017,0.0771906,0.25249721,True
46,4,0,Fp1,0.1100557,-0.09562225,0.12255017,0.5,0.5,"[0, 8]",1.0,True,0.01237606,0.0022691,0.01036974,True
46,4,1,Fp2,0.07749468,0.06187384,0.09565279,0.5,0.5,"[0, 8]",1.0,True,0.01237606,0.0022691,0.01036974,True
46,4,2,Fz,0.10289618,-0.0977544,0.11643961,0.5,0.5,"[0, 8]",1.0,True,0.01237606,0.0022691,0.01036974,True
46,4,3,F3,0.0880743,0.0287734,0.09444819,0.5,0.5,"[0, 8]",1.0,True,0.01237606,0.0022691,0.01036974,True
46,4,4,F4,0.09768602,0.01250916,0.10797577,0.5,0.5,"[0, 8]",1.0,True,0.01237606,0.0022691,0.01036974,True
46,4,5,F7,0.08444835,0.0816827,0.09794566,0.5,0.5,"[0, 8]",1.0,True,0.01237606,0.0022691,0.01036974,True
46,4,6,F8,0.07793418,-0.02951258,0.07892829,0.5,0.5,"[0, 8]",1.0,True,0.01237606,0.0022691,0.01036974,True
46,4,7,FCz,0.09879065,0.09879065,0.11448526,0.5,0.5,"[0, 8]",1.0,True,0.01237606,0.0022691,0.01036974,True
46,4,8,FC3,0.03075732,0.00643152,0.0375538,0.5,0.5,"[0, 8]",1.0,True,0.01237606,0.0022691,0.01036974,True
46,4,9,FC4,0.05837153,-0.05837153,0.07647464,0.5,0.5,"[0, 8]",1.0,True,0.01237606,0.0022691,0.01036974,True
46,4,10,FT7,0.09072854,-0.05760421,0.10457593,0.5,0.5,"[0, 8]",1.0,True,0.01237606,0.0022691,0.01036974,True
46,4,11,FT8,0.07907742,-0.00461314,0.09621808,0.5,0.5,"[0, 8]",1.0,True,0.01237606,0.0022691,0.01036974,True
46,4,12,Cz,0.07765238,0.07527255,0.09294149,0.5,0.5,"[0, 8]",1.0,True,0.01237606,0.0022691,0.01036974,True
46,4,13,C3,0.11470339,0.07204925,0.11685015,0.5,0.5,"[0, 8]",1.0,True,0.01237606,0.0022691,0.01036974,True
46,4,14,C4,0.08654696,-0.07556616,0.0968973,0.5,0.5,"[0, 8]",1.0,True,0.01237606,0.0022691,0.01036974,True
46,4,15,T3,0.12719905,0.12719905,0.13222811,0.5,0.5,"[0, 8]",1.0,True,0.01237606,0.0022691,0.01036974,True
46,4,16,T4,0.12267941,0.01259448,0.13490589,0.5,0.5,"[0, 8]",1.0,True,0.01237606,0.0022691,0.01036974,True
46,4,17,CP3,0.12223564,0.03226602,0.14036162,0.5,0.5,"[0, 8]",1.0,True,0.01237606,0.0022691,0.01036974,True
46,4,18,CP4,0.1100859,0.03408337,0.12674248,0.5,0.5,"[0, 8]",1.0,True,0.01237606,0.0022691,0.01036974,True
46,4,19,TP7,0.08397406,-0.01840337,0.09366575,0.5,0.5,"[0, 8]",1.0,True,0.01237606,0.0022691,0.01036974,True
46,4,20,TP8,0.08848724,-0.05997114,0.10816726,0.5,0.5,"[0, 8]",1.0,True,0.01237606,0.0022691,0.01036974,True
46,4,21,Pz,0.15228361,0.00645227,0.15246701,0.5,0.5,"[0, 8]",1.0,True,0.01237606,0.0022691,0.01036974,True
46,4,22,P3,0.1074073,0.1074073,0.11671256,0.5,0.5,"[0, 8]",1.0,True,0.01237606,0.0022691,0.01036974,True
46,4,23,P4,0.1044019,-0.09336355,0.11674125,0.5,0.5,"[0, 8]",1.0,True,0.01237606,0.0022691,0.01036974,True
46,4,24,T5,0.10442869,0.07327556,0.11396127,0.5,0.5,"[0, 8]",1.0,True,0.01237606,0.0022691,0.01036974,True
46,4,25,T6,0.08210772,-0.0624442,0.0932176,0.5,0.5,"[0, 8]",1.0,True,0.01237606,0.0022691,0.01036974,True
46,4,26,Oz,0.07798593,0.04188607,0.08014834,0.5,0.5,"[0, 8]",1.0,True,0.01237606,0.0022691,0.01036974,True
46,4,27,O1,0.12166861,0.05560052,0.13208999,0.5,0.5,"[0, 8]",1.0,True,0.01237606,0.0022691,0.01036974,True
46,4,28,O2,0.14441179,-0.02423997,0.14724775,0.5,0.5,"[0, 8]",1.0,True,0.01237606,0.0022691,0.01036974,True
46,5,0,Fp1,0.10967277,-0.09521264,0.12211559,0.5,0.5,"[0, 8]",1.0,True,0.01078164,0.00223012,0.00903379,True
46,5,1,Fp2,0.07756315,0.06165158,0.09569146,0.5,0.5,"[0, 8]",1.0,True,0.01078164,0.00223012,0.00903379,True
46,5,2,Fz,0.10323095,-0.09799149,0.11676855,0.5,0.5,"[0, 8]",1.0,True,0.01078164,0.00223012,0.00903379,True
46,5,3,F3,0.0880805,0.02850956,0.0945736,0.5,0.5,"[0, 8]",1.0,True,0.01078164,0.00223012,0.00903379,True
46,5,4,F4,0.09762227,0.01226195,0.10799104,0.5,0.5,"[0, 8]",1.0,True,0.01078164,0.00223012,0.00903379,True
46,5,5,F7,0.08384427,0.08183253,0.09765065,0.5,0.5,"[0, 8]",1.0,True,0.01078164,0.00223012,0.00903379,True
46,5,6,F8,0.0779523,-0.02959263,0.07896694,0.5,0.5,"[0, 8]",1.0,True,0.01078164,0.00223012,0.00903379,True
46,5,7,FCz,0.09909859,0.09909859,0.11480214,0.5,0.5,"[0, 8]",1.0,True,0.01078164,0.00223012,0.00903379,True
46,5,8,FC3,0.03084884,0.00612593,0.03795549,0.5,0.5,"[0, 8]",1.0,True,0.01078164,0.00223012,0.00903379,True
46,5,9,FC4,0.05817638,-0.05817638,0.07633021,0.5,0.5,"[0, 8]",1.0,True,0.01078164,0.00223012,0.00903379,True
46,5,10,FT7,0.09037503,-0.05785718,0.10406382,0.5,0.5,"[0, 8]",1.0,True,0.01078164,0.00223012,0.00903379,True
46,5,11,FT8,0.07923435,-0.00392547,0.09589017,0.5,0.5,"[0, 8]",1.0,True,0.01078164,0.00223012,0.00903379,True
46,5,12,Cz,0.07781594,0.07551594,0.09300728,0.5,0.5,"[0, 8]",1.0,True,0.01078164,0.00223012,0.00903379,True
46,5,13,C3,0.11461825,0.07226093,0.11680554,0.5,0.5,"[0, 8]",1.0,True,0.01078164,0.00223012,0.00903379,True
46,5,14,C4,0.08648448,-0.07531126,0.09665056,0.5,0.5,"[0, 8]",1.0,True,0.01078164,0.00223012,0.00903379,True
46,5,15,T3,0.12717924,0.12717924,0.13227487,0.5,0.5,"[0, 8]",1.0,True,0.01078164,0.00223012,0.00903379,True
46,5,16,T4,0.12287115,0.01243578,0.13507038,0.5,0.5,"[0, 8]",1.0,True,0.01078164,0.00223012,0.00903379,True
46,5,17,CP3,0.12177031,0.03288138,0.14031349,0.5,0.5,"[0, 8]",1.0,True,0.01078164,0.00223012,0.00903379,True
46,5,18,CP4,0.10965282,0.03363601,0.12653054,0.5,0.5,"[0, 8]",1.0,True,0.01078164,0.00223012,0.00903379,True
46,5,19,TP7,0.08442315,-0.01854014,0.09426048,0.5,0.5,"[0, 8]",1.0,True,0.01078164,0.00223012,0.00903379,True
46,5,20,TP8,0.08846967,-0.05987819,0.10810249,0.5,0.5,"[0, 8]",1.0,True,0.01078164,0.00223012,0.00903379,True
46,5,21,Pz,0.15236619,0.00622006,0.15254925,0.5,0.5,"[0, 8]",1.0,True,0.01078164,0.00223012,0.00903379,True
46,5,22,P3,0.10785402,0.10785402,0.11699162,0.5,0.5,"[0, 8]",1.0,True,0.01078164,0.00223012,0.00903379,True
46,5,23,P4,0.10459344,-0.09372315,0.11700141,0.5,0.5,"[0, 8]",1.0,True,0.01078164,0.00223012,0.00903379,True
46,5,24,T5,0.10472061,0.07317559,0.11403143,0.5,0.5,"[0, 8]",1.0,True,0.01078164,0.00223012,0.00903379,True
46,5,25,T6,0.08173521,-0.06221473,0.09282169,0.5,0.5,"[0, 8]",1.0,True,0.01078164,0.00223012,0.00903379,True
46,5,26,Oz,0.07812915,0.04191993,0.08039555,0.5,0.5,"[0, 8]",1.0,True,0.01078164,0.00223012,0.00903379,True
46,5,27,O1,0.12179493,0.05590484,0.13196051,0.5,0.5,"[0, 8]",1.0,True,0.01078164,0.00223012,0.00903379,True
46,5,28,O2,0.14439447,-0.02416356,0.14717449,0.5,0.5,"[0, 8]",1.0,True,0.01078164,0.00223012,0.00903379,True
47,1,0,Fp1,0.10906614,-0.09563307,0.12187397,0.5,0.5,"[0, 8]",1.0,True,0.01308062,0.00219667,0.01096007,True
47,1,1,Fp2,0.07877561,0.06185656,0.09649071,0.5,0.5,"[0, 8]",1.0,True,0.01308062,0.00219667,0.01096007,True
47,1,2,Fz,0.10435999,-0.09841373,0.11762717,0.5,0.5,"[0, 8]",1.0,True,0.01308062,0.00219667,0.01096007,True
47,1,3,F3,0.08842617,0.02780501,0.09479914,0.5,0.5,"[0, 8]",1.0,True,0.01308062,0.00219667,0.01096007,True
47,1,4,F4,0.09805155,0.01338914,0.10784481,0.5,0.5,"[0, 8]",1.0,True,0.01308062,0.00219667,0.01096007,True
47,1,5,F7,0.08478671,0.08201154,0.09842009,0.5,0.5,"[0, 8]",1.0,True,0.01308062,0.00219667,0.01096007,True
47,1,6,F8,0.07733289,-0.02886234,0.07837038,0.5,0.5,"[0, 8]",1.0,True,0.01308062,0.00219667,0.01096007,True
47,1,7,FCz,0.09891437,0.09891437,0.11422656,0.5,0.5,"[0, 8]",1.0,True,0.01308062,0.00219667,0.01096007,True
47,1,8,FC3,0.03124217,0.0062432,0.03830682,0.5,0.5,"[0, 8]",1.0,True,0.01308062,0.00219667,0.01096007,True
47,1,9,FC4,0.05765931,-0.05765931,0.07595924,0.5,0.5,"[0, 8]",1.0,True,0.01308062,0.00219667,0.01096007,True
47,1,10,FT7,0.09082551,-0.05913424,0.10436678,0.5,0.5,"[0, 8]",1.0,True,0.01308062,0.00219667,0.01096007,True
47,1,11,FT8,0.07992248,-0.00358925,0.09647334,0.5,0.5,"[0, 8]",1.0,True,0.01308062,0.00219667,0.01096007,True
47,1,12,Cz,0.07744948,0.0752263,0.0922652,0.5,0.5,"[0, 8]",1.0,True,0.01308062,0.00219667,0.01096007,True
47,1,13,C3,0.11588183,0.07297395,0.11799913,0.5,0.5,"[0, 8]",1.0,True,0.01308062,0.00219667,0.01096007,True
47,1,14,C4,0.08587137,-0.07491418,0.09633243,0.5,0.5,"[0, 8]",1.0,True,0.01308062,0.00219667,0.01096007,True
47,1,15,T3,0.12618522,0.12618522,0.13165328,0.5,0.5,"[0, 8]",1.0,True,0.01308062,0.00219667,0.01096007,True
47,1,16,T4,0.12141117,0.01321596,0.13387416,0.5,0.5,"[0, 8]",1.0,True,0.01308062,0.00219667,0.01096007,True
47,1,17,CP3,0.12188886,0.03236201,0.13995606,0.5,0.5,"[0, 8]",1.0,True,0.01308062,0.00219667,0.01096007,True
47,1,18,CP4,0.11035779,0.03430234,0.12731534,0.5,0.5,"[0, 8]",1.0,True,0.01308062,0.00219667,0.01096007,True
47,1,19,TP7,0.08488204,-0.01890885,0.0949832,0.5,0.5,"[0, 8]",1.0,True,0.01308062,0.00219667,0.01096007,True
47,1,20,TP8,0.08932181,-0.05997523,0.10898008,0.5,0.5,"[0, 8]",1.0,True,0.01308062,0.00219667,0.01096007,True
47,1,21,Pz,0.15251151,0.00555073,0.15266585,0.5,0.5,"[0, 8]",1.0,True,0.01308062,0.00219667,0.01096007,True
47,1,22,P3,0.10770221,0.10770221,0.11748134,0.5,0.5,"[0, 8]",1.0,True,0.01308062,0.00219667,0.01096007,True
47,1,23,P4,0.10433181,-0.09330516,0.11650977,0.5,0.5,"[0, 8]",1.0,True,0.01308062,0.00219667,0.01096007,True
47,1,24,T5,0.1047948,0.07238476,0.1135443,0.5,0.5,"[0, 8]",1.0,True,0.01308062,0.00219667,0.01096007,True
47,1,25,T6,0.0813905,-0.0624154,0.09230039,0.5,0.5,"[0, 8]",1.0,True,0.01308062,0.00219667,0.01096007,True
47,1,26,Oz,0.07763408,0.04202113,0.08030484,0.5,0.5,"[0, 8]",1.0,True,0.01308062,0.00219667,0.01096007,True
47,1,27,O1,0.12061471,0.05580124,0.13078862,0.5,0.5,"[0, 8]",1.0,True,0.01308062,0.00219667,0.01096007,True
47,1,28,O2,0.14418626,-0.02365325,0.14687738,0.5,0.5,"[0, 8]",1.0,True,0.01308062,0.00219667,0.01096007,True
47,2,0,Fp1,0.10963883,-0.09617434,0.12266391,0.5,0.5,"[0, 8]",1.0,True,0.01119126,0.00228068,0.00937701,True
47,2,1,Fp2,0.07755923,0.06160809,0.09555917,0.5,0.5,"[0, 8]",1.0,True,0.01119126,0.00228068,0.00937701,True
47,2,2,Fz,0.10344193,-0.09779453,0.11683925,0.5,0.5,"[0, 8]",1.0,True,0.01119126,0.00228068,0.00937701,True
47,2,3,F3,0.08797953,0.02737978,0.09492101,0.5,0.5,"[0, 8]",1.0,True,0.01119126,0.00228068,0.00937701,True
47,2,4,F4,0.09805094,0.01298846,0.10824004,0.5,0.5,"[0, 8]",1.0,True,0.01119126,0.00228068,0.00937701,True
47,2,5,F7,0.08335102,0.08126553,0.09708327,0.5,0.5,"[0, 8]",1.0,True,0.01119126,0.00228068,0.00937701,True
47,2,6,F8,0.07783449,-0.02931099,0.0789346,0.5,0.5,"[0, 8]",1.0,True,0.01119126,0.00228068,0.00937701,True
47,2,7,FCz,0.09965531,0.09965531,0.11503321,0.5,0.5,"[0, 8]",1.0,True,0.01119126,0.00228068,0.00937701,True
47,2,8,FC3,0.03164773,0.00599248,0.03847829,0.5,0.5,"[0, 8]",1.0,True,0.01119126,0.00228068,0.00937701,True
47,2,9,FC4,0.05796492,-0.05796492,0.07628904,0.5,0.5,"[0, 8]",1.0,True,0.01119126,0.00228068,0.00937701,True
47,2,10,FT7,0.09023483,-0.05839143,0.10387201,0.5,0.5,"[0, 8]",1.0,True,0.01119126,0.00228068,0.00937701,True
47,2,11,FT8,0.08050881,-0.00420314,0.09709699,0.5,0.5,"[0, 8]",1.0,True,0.01119126,0.00228068,0.00937701,True
47,2,12,Cz,0.07642669,0.07589629,0.09231465,0.5,0.5,"[0, 8]",1.0,True,0.01119126,0.00228068,0.00937701,True
47,2,13,C3,0.11551836,0.07377085,0.11777995,0.5,0.5,"[0, 8]",1.0,True,0.01119126,0.00228068,0.00937701,True
47,2,14,C4,0.08587047,-0.07553324,0.09654103,0.5,0.5,"[0, 8]",1.0,True,0.01119126,0.00228068,0.00937701,True
47,2,15,T3,0.12722731,0.12722731,0.13270633,0.5,0.5,"[0, 8]",1.0,True,0.01119126,0.00228068,0.00937701,True
47,2,16,T4,0.1223773,0.01360922,0.13460553,0.5,0.5,"[0, 8]",1.0,True,0.01119126,0.00228068,0.00937701,True
47,2,17,CP3,0.12114674,0.03240848,0.13924013,0.5,0.5,"[0, 8]",1.0,True,0.01119126,0.00228068,0.00937701,True
47,2,18,CP4,0.11054002,0.03488806,0.12678601,0.5,0.5,"[0, 8]",1.0,True,0.01119126,0.00228068,0.00937701,True
47,2,19,TP7,0.08471277,-0.01905818,0.09457636,0.5,0.5,"[0, 8]",1.0,True,0.01119126,0.00228068,0.00937701,True
47,2,20,TP8,0.0882871,-0.05965639,0.10786993,0.5,0.5,"[0, 8]",1.0,True,0.01119126,0.00228068,0.00937701,True
47,2,21,Pz,0.15353483,0.00659154,0.15373653,0.5,0.5,"[0, 8]",1.0,True,0.01119126,0.00228068,0.00937701,True
47,2,22,P3,0.10853755,0.10853755,0.11803235,0.5,0.5,"[0, 8]",1.0,True,0.01119126,0.00228068,0.00937701,True
47,2,23,P4,0.10399064,-0.09270531,0.11625094,0.5,0.5,"[0, 8]",1.0,True,0.01119126,0.00228068,0.00937701,True
47,2,24,T5,0.10528036,0.07334576,0.11450202,0.5,0.5,"[0, 8]",1.0,True,0.01119126,0.00228068,0.00937701,True
47,2,25,T6,0.08216146,-0.06282046,0.09319415,0.5,0.5,"[0, 8]",1.0,True,0.01119126,0.00228068,0.00937701,True
47,2,26,Oz,0.07715059,0.04229012,0.07945286,0.5,0.5,"[0, 8]",1.0,True,0.01119126,0.00228068,0.00937701,True
47,2,27,O1,0.12173592,0.05600352,0.1321914,0.5,0.5,"[0, 8]",1.0,True,0.01119126,0.00228068,0.00937701,True
47,2,28,O2,0.14412284,-0.02381346,0.14695108,0.5,0.5,"[0, 8]",1.0,True,0.01119126,0.00228068,0.00937701,True
47,3,0,Fp1,0.10570842,-0.09506837,0.11878739,0.625,0.625,"[1, 7]",0.875,False,0.04368875,0.00928592,0.03660621,True
47,3,1,Fp2,0.08147733,0.06280598,0.09957343,0.625,0.625,"[1, 7]",0.875,False,0.04368875,0.00928592,0.03660621,True
47,3,2,Fz,0.10484122,-0.09743451,0.11737894,0.625,0.625,"[1, 7]",0.875,False,0.04368875,0.00928592,0.03660621,True
47,3,3,F3,0.08801442,0.02811251,0.09448692,0.625,0.625,"[1, 7]",0.875,False,0.04368875,0.00928592,0.03660621,True
47,3,4,F4,0.09740949,0.01518273,0.1063573,0.625,0.625,"[1, 7]",0.875,False,0.04368875,0.00928592,0.03660621,True
47,3,5,F7,0.08372916,0.08300513,0.09774108,0.625,0.625,"[1, 7]",0.875,False,0.04368875,0.00928592,0.03660621,True
47,3,6,F8,0.07652402,-0.02806068,0.07778735,0.625,0.625,"[1, 7]",0.875,False,0.04368875,0.00928592,0.03660621,True
47,3,7,FCz,0.09772598,0.09772598,0.1133226,0.625,0.625,"[1, 7]",0.875,False,0.04368875,0.00928592,0.03660621,True
47,3,8,FC3,0.03546962,0.00718062,0.04171418,0.625,0.625,"[1, 7]",0.875,False,0.04368875,0.00928592,0.03660621,True
47,3,9,FC4,0.05481521,-0.05481521,0.07318852,0.625,0.625,"[1, 7]",0.875,False,0.04368875,0.00928592,0.03660621,True
47,3,10,FT7,0.09218176,-0.05877294,0.10481526,0.625,0.625,"[1, 7]",0.875,False,0.04368875,0.00928592,0.03660621,True
47,3,11,FT8,0.07827511,-0.0061826,0.09504528,0.625,0.625,"[1, 7]",0.875,False,0.04368875,0.00928592,0.03660621,True
47,3,12,Cz,0.07673934,0.07351413,0.09046345,0.625,0.625,"[1, 7]",0.875,False,0.04368875,0.00928592,0.03660621,True
47,3,13,C3,0.11678457,0.07541971,0.11907098,0.625,0.625,"[1, 7]",0.875,False,0.04368875,0.00928592,0.03660621,True
47,3,14,C4,0.08443681,-0.07519858,0.09584717,0.625,0.625,"[1, 7]",0.875,False,0.04368875,0.00928592,0.03660621,True
47,3,15,T3,0.12823394,0.12823394,0.1332712,0.625,0.625,"[1, 7]",0.875,False,0.04368875,0.00928592,0.03660621,True
47,3,16,T4,0.12216602,0.01491582,0.13555723,0.625,0.625,"[1, 7]",0.875,False,0.04368875,0.00928592,0.03660621,True
47,3,17,CP3,0.12429238,0.02949668,0.14202479,0.625,0.625,"[1, 7]",0.875,False,0.04368875,0.00928592,0.03660621,True
47,3,18,CP4,0.11083934,0.03313927,0.12882699,0.625,0.625,"[1, 7]",0.875,False,0.04368875,0.00928592,0.03660621,True
47,3,19,TP7,0.08746546,-0.01939259,0.09669424,0.625,0.625,"[1, 7]",0.875,False,0.04368875,0.00928592,0.03660621,True
47,3,20,TP8,0.09131488,-0.06188163,0.11159856,0.625,0.625,"[1, 7]",0.875,False,0.04368875,0.00928592,0.03660621,True
47,3,21,Pz,0.1515138,0.00664194,0.15170865,0.625,0.625,"[1, 7]",0.875,False,0.04368875,0.00928592,0.03660621,True
47,3,22,P3,0.10685645,0.10685645,0.11773492,0.625,0.625,"[1, 7]",0.875,False,0.04368875,0.00928592,0.03660621,True
47,3,23,P4,0.10766712,-0.09386881,0.11857232,0.625,0.625,"[1, 7]",0.875,False,0.04368875,0.00928592,0.03660621,True
47,3,24,T5,0.10394457,0.07099035,0.11157884,0.625,0.625,"[1, 7]",0.875,False,0.04368875,0.00928592,0.03660621,True
47,3,25,T6,0.08089004,-0.06332482,0.0928956,0.625,0.625,"[1, 7]",0.875,False,0.04368875,0.00928592,0.03660621,True
47,3,26,Oz,0.07470226,0.04164466,0.07790422,0.625,0.625,"[1, 7]",0.875,False,0.04368875,0.00928592,0.03660621,True
47,3,27,O1,0.11657117,0.05349755,0.12821208,0.625,0.625,"[1, 7]",0.875,False,0.04368875,0.00928592,0.03660621,True
47,3,28,O2,0.14522661,-0.02391212,0.14836247,0.625,0.625,"[1, 7]",0.875,False,0.04368875,0.00928592,0.03660621,True
47,4,0,Fp1,0.10215604,-0.09404102,0.116273,0.25,0.25,"[2, 6]",0.75,False,0.08934389,0.01952969,0.07486003,True
47,4,1,Fp2,0.08446629,0.06321214,0.1017055,0.25,0.25,"[2, 6]",0.75,False,0.08934389,0.01952969,0.07486003,True
47,4,2,Fz,0.10244496,-0.09638416,0.11506623,0.25,0.25,"[2, 6]",0.75,False,0.08934389,0.01952969,0.07486003,True
47,4,3,F3,0.08635051,0.03043383,0.09189288,0.25,0.25,"[2, 6]",0.75,False,0.08934389,0.01952969,0.07486003,True
47,4,4,F4,0.09619467,0.01724439,0.10383452,0.25,0.25,"[2, 6]",0.75,False,0.08934389,0.01952969,0.07486003,True
47,4,5,F7,0.08618967,0.08618967,0.09758124,0.25,0.25,"[2, 6]",0.75,False,0.08934389,0.01952969,0.07486003,True
47,4,6,F8,0.08165428,-0.03070741,0.08273597,0.25,0.25,"[2, 6]",0.75,False,0.08934389,0.01952969,0.07486003,True
47,4,7,FCz,0.09825044,0.09825044,0.11372671,0.25,0.25,"[2, 6]",0.75,False,0.08934389,0.01952969,0.07486003,True
47,4,8,FC3,0.03782917,0.00945047,0.04175761,0.25,0.25,"[2, 6]",0.75,False,0.08934389,0.01952969,0.07486003,True
47,4,9,FC4,0.04939477,-0.04772718,0.0687637,0.25,0.25,"[2, 6]",0.75,False,0.08934389,0.01952969,0.07486003,True
47,4,10,FT7,0.09242371,-0.05874625,0.10270102,0.25,0.25,"[2, 6]",0.75,False,0.08934389,0.01952969,0.07486003,True
47,4,11,FT8,0.0787466,-0.00796491,0.09409596,0.25,0.25,"[2, 6]",0.75,False,0.08934389,0.01952969,0.07486003,True
47,4,12,Cz,0.07763101,0.07193296,0.09215881,0.25,0.25,"[2, 6]",0.75,False,0.08934389,0.01952969,0.07486003,True
47,4,13,C3,0.11852455,0.07440156,0.12044758,0.25,0.25,"[2, 6]",0.75,False,0.08934389,0.01952969,0.07486003,True
47,4,14,C4,0.08544652,-0.07793611,0.09881748,0.25,0.25,"[2, 6]",0.75,False,0.08934389,0.01952969,0.07486003,True
47,4,15,T3,0.1295583,0.1295583,0.13359138,0.25,0.25,"[2, 6]",0.75,False,0.08934389,0.01952969,0.07486003,True
47,4,16,T4,0.12044188,0.0131884,0.13467836,0.25,0.25,"[2, 6]",0.75,False,0.08934389,0.01952969,0.07486003,True
47,4,17,CP3,0.12463325,0.03004676,0.141872,0.25,0.25,"[2, 6]",0.75,False,0.08934389,0.01952969,0.07486003,True
47,4,18,CP4,0.10535531,0.03022381,0.12360425,0.25,0.25,"[2, 6]",0.75,False,0.08934389,0.01952969,0.07486003,True
47,4,19,TP7,0.09939285,-0.01880876,0.10823014,0.25,0.25,"[2, 6]",0.75,False,0.08934389,0.01952969,0.07486003,True
47,4,20,TP8,0.08730638,-0.06053461,0.10782644,0.25,0.25,"[2, 6]",0.75,False,0.08934389,0.01952969,0.07486003,True
47,4,21,Pz,0.1520327,0.00208183,0.15216596,0.25,0.25,"[2, 6]",0.75,False,0.08934389,0.01952969,0.07486003,True
47,4,22,P3,0.10719983,0.10719983,0.11932208,0.25,0.25,"[2, 6]",0.75,False,0.08934389,0.01952969,0.07486003,True
47,4,23,P4,0.10897061,-0.09960562,0.12150887,0.25,0.25,"[2, 6]",0.75,False,0.08934389,0.01952969,0.07486003,True
47,4,24,T5,0.10656869,0.0698276,0.11235736,0.25,0.25,"[2, 6]",0.75,False,0.08934389,0.01952969,0.07486003,True
47,4,25,T6,0.08330795,-0.06737579,0.09531127,0.25,0.25,"[2, 6]",0.75,False,0.08934389,0.01952969,0.07486003,True
47,4,26,Oz,0.07274672,0.04231556,0.07637779,0.25,0.25,"[2, 6]",0.75,False,0.08934389,0.01952969,0.07486003,True
47,4,27,O1,0.11536846,0.0555281,0.1270756,0.25,0.25,"[2, 6]",0.75,False,0.08934389,0.01952969,0.07486003,True
47,4,28,O2,0.14702626,-0.01975993,0.14987941,0.25,0.25,"[2, 6]",0.75,False,0.08934389,0.01952969,0.07486003,True
47,5,0,Fp1,0.11028165,-0.09550833,0.12258188,0.5,0.5,"[0, 8]",1.0,True,0.01351184,0.00227237,0.01132138,True
47,5,1,Fp2,0.07774191,0.06181157,0.09594296,0.5,0.5,"[0, 8]",1.0,True,0.01351184,0.00227237,0.01132138,True
47,5,2,Fz,0.10486644,-0.0984176,0.11801786,0.5,0.5,"[0, 8]",1.0,True,0.01351184,0.00227237,0.01132138,True
47,5,3,F3,0.08701477,0.02759541,0.09393216,0.5,0.5,"[0, 8]",1.0,True,0.01351184,0.00227237,0.01132138,True
47,5,4,F4,0.09779926,0.01382463,0.10741571,0.5,0.5,"[0, 8]",1.0,True,0.01351184,0.00227237,0.01132138,True
47,5,5,F7,0.08346532,0.08183154,0.09747135,0.5,0.5,"[0, 8]",1.0,True,0.01351184,0.00227237,0.01132138,True
47,5,6,F8,0.07740027,-0.02848998,0.07855631,0.5,0.5,"[0, 8]",1.0,True,0.01351184,0.00227237,0.01132138,True
47,5,7,FCz,0.0982805,0.0982805,0.11356439,0.5,0.5,"[0, 8]",1.0,True,0.01351184,0.00227237,0.01132138,True
47,5,8,FC3,0.03146612,0.0054379,0.0384572,0.5,0.5,"[0, 8]",1.0,True,0.01351184,0.00227237,0.01132138,True
47,5,9,FC4,0.05723694,-0.05723694,0.07556713,0.5,0.5,"[0, 8]",1.0,True,0.01351184,0.00227237,0.01132138,True
47,5,10,FT7,0.09036598,-0.05885082,0.10444193,0.5,0.5,"[0, 8]",1.0,True,0.01351184,0.00227237,0.01132138,True
47,5,11,FT8,0.07975814,-0.00324145,0.09710854,0.5,0.5,"[0, 8]",1.0,True,0.01351184,0.00227237,0.01132138,True
47,5,12,Cz,0.0769856,0.07486865,0.0917646,0.5,0.5,"[0, 8]",1.0,True,0.01351184,0.00227237,0.01132138,True
47,5,13,C3,0.11530954,0.07289719,0.1174419,0.5,0.5,"[0, 8]",1.0,True,0.01351184,0.00227237,0.01132138,True
47,5,14,C4,0.08593899,-0.07501717,0.0962956,0.5,0.5,"[0, 8]",1.0,True,0.01351184,0.00227237,0.01132138,True
47,5,15,T3,0.12612978,0.12612978,0.13167442,0.5,0.5,"[0, 8]",1.0,True,0.01351184,0.00227237,0.01132138,True
47,5,16,T4,0.12193951,0.01413009,0.13447727,0.5,0.5,"[0, 8]",1.0,True,0.01351184,0.00227237,0.01132138,True
47,5,17,CP3,0.1218401,0.03225232,0.140204,0.5,0.5,"[0, 8]",1.0,True,0.01351184,0.00227237,0.01132138,True
47,5,18,CP4,0.10925352,0.03349174,0.12619467,0.5,0.5,"[0, 8]",1.0,True,0.01351184,0.00227237,0.01132138,True
47,5,19,TP7,0.08467616,-0.01890309,0.09429878,0.5,0.5,"[0, 8]",1.0,True,0.01351184,0.00227237,0.01132138,True
47,5,20,TP8,0.08916505,-0.05927119,0.10837846,0.5,0.5,"[0, 8]",1.0,True,0.01351184,0.00227237,0.01132138,True
47,5,21,Pz,0.15337646,0.00542268,0.15350367,0.5,0.5,"[0, 8]",1.0,True,0.01351184,0.00227237,0.01132138,True
47,5,22,P3,0.10731883,0.10731883,0.11653003,0.5,0.5,"[0, 8]",1.0,True,0.01351184,0.00227237,0.01132138,True
47,5,23,P4,0.10551946,-0.09423091,0.11782855,0.5,0.5,"[0, 8]",1.0,True,0.01351184,0.00227237,0.01132138,True
47,5,24,T5,0.10382573,0.0726308,0.11318273,0.5,0.5,"[0, 8]",1.0,True,0.01351184,0.00227237,0.01132138,True
47,5,25,T6,0.08193467,-0.06273755,0.09343652,0.5,0.5,"[0, 8]",1.0,True,0.01351184,0.00227237,0.01132138,True
47,5,26,Oz,0.07600649,0.04174073,0.07843152,0.5,0.5,"[0, 8]",1.0,True,0.01351184,0.00227237,0.01132138,True
47,5,27,O1,0.1217189,0.05543714,0.13226767,0.5,0.5,"[0, 8]",1.0,True,0.01351184,0.00227237,0.01132138,True
47,5,28,O2,0.14384805,-0.02365994,0.14672548,0.5,0.5,"[0, 8]",1.0,True,0.01351184,0.00227237,0.01132138,True
48,1,0,Fp1,0.10997351,-0.09620737,0.12275923,0.5,0.5,"[0, 8]",1.0,True,0.01133936,0.00217491,0.0095011,True
48,1,1,Fp2,0.07728405,0.06069672,0.09494618,0.5,0.5,"[0, 8]",1.0,True,0.01133936,0.00217491,0.0095011,True
48,1,2,Fz,0.10422803,-0.09868831,0.11768756,0.5,0.5,"[0, 8]",1.0,True,0.01133936,0.00217491,0.0095011,True
48,1,3,F3,0.08675577,0.02688545,0.0934838,0.5,0.5,"[0, 8]",1.0,True,0.01133936,0.00217491,0.0095011,True
48,1,4,F4,0.09806383,0.01252139,0.10839724,0.5,0.5,"[0, 8]",1.0,True,0.01133936,0.00217491,0.0095011,True
48,1,5,F7,0.08437189,0.08165501,0.09765455,0.5,0.5,"[0, 8]",1.0,True,0.01133936,0.00217491,0.0095011,True
48,1,6,F8,0.07862993,-0.02949208,0.07970013,0.5,0.5,"[0, 8]",1.0,True,0.01133936,0.00217491,0.0095011,True
48,1,7,FCz,0.09864897,0.09864897,0.11403028,0.5,0.5,"[0, 8]",1.0,True,0.01133936,0.00217491,0.0095011,True
48,1,8,FC3,0.0318567,0.00649158,0.03845395,0.5,0.5,"[0, 8]",1.0,True,0.01133936,0.00217491,0.0095011,True
48,1,9,FC4,0.05787851,-0.05787851,0.07586729,0.5,0.5,"[0, 8]",1.0,True,0.01133936,0.00217491,0.0095011,True
48,1,10,FT7,0.09139414,-0.05829857,0.10441231,0.5,0.5,"[0, 8]",1.0,True,0.01133936,0.00217491,0.0095011,True
48,1,11,FT8,0.07975454,-0.00394121,0.0970359,0.5,0.5,"[0, 8]",1.0,True,0.01133936,0.00217491,0.0095011,True
48,1,12,Cz,0.07717407,0.07575408,0.09242938,0.5,0.5,"[0, 8]",1.0,True,0.01133936,0.00217491,0.0095011,True
48,1,13,C3,0.11564652,0.07369313,0.11800438,0.5,0.5,"[0, 8]",1.0,True,0.01133936,0.00217491,0.0095011,True
48,1,14,C4,0.08511654,-0.07538855,0.09587396,0.5,0.5,"[0, 8]",1.0,True,0.01133936,0.00217491,0.0095011,True
48,1,15,T3,0.12628308,0.12628308,0.1317032,0.5,0.5,"[0, 8]",1.0,True,0.01133936,0.00217491,0.0095011,True
48,1,16,T4,0.12193114,0.0143935,0.13477592,0.5,0.5,"[0, 8]",1.0,True,0.01133936,0.00217491,0.0095011,True
48,1,17,CP3,0.12166448,0.03363173,0.14028461,0.5,0.5,"[0, 8]",1.0,True,0.01133936,0.00217491,0.0095011,True
48,1,18,CP4,0.11136562,0.03422089,0.12807485,0.5,0.5,"[0, 8]",1.0,True,0.01133936,0.00217491,0.0095011,True
48,1,19,TP7,0.08477692,-0.01955778,0.09494213,0.5,0.5,"[0, 8]",1.0,True,0.01133936,0.00217491,0.0095011,True
48,1,20,TP8,0.08989137,-0.05896839,0.10872332,0.5,0.5,"[0, 8]",1.0,True,0.01133936,0.00217491,0.0095011,True
48,1,21,Pz,0.1528199,0.007724,0.15304489,0.5,0.5,"[0, 8]",1.0,True,0.01133936,0.00217491,0.0095011,True
48,1,22,P3,0.10848245,0.10848245,0.11769272,0.5,0.5,"[0, 8]",1.0,True,0.01133936,0.00217491,0.0095011,True
48,1,23,P4,0.10445651,-0.09208583,0.11609907,0.5,0.5,"[0, 8]",1.0,True,0.01133936,0.00217491,0.0095011,True
48,1,24,T5,0.10535756,0.07393675,0.11489167,0.5,0.5,"[0, 8]",1.0,True,0.01133936,0.00217491,0.0095011,True
48,1,25,T6,0.08039847,-0.06117292,0.09151016,0.5,0.5,"[0, 8]",1.0,True,0.01133936,0.00217491,0.0095011,True
48,1,26,Oz,0.07789838,0.04201951,0.08025651,0.5,0.5,"[0, 8]",1.0,True,0.01133936,0.00217491,0.0095011,True
48,1,27,O1,0.12190805,0.05625883,0.13243467,0.5,0.5,"[0, 8]",1.0,True,0.01133936,0.00217491,0.0095011,True
48,1,28,O2,0.1441192,-0.02337049,0.14683497,0.5,0.5,"[0, 8]",1.0,True,0.01133936,0.00217491,0.0095011,True
48,2,0,Fp1,0.07198881,-0.04348488,0.0809747,0.375,0.375,"[3, 5]",0.625,False,1.17304447,0.43157758,0.98287802,True
48,2,1,Fp2,0.02815327,0.01007528,0.03637281,0.375,0.375,"[3, 5]",0.625,False,1.17304447,0.43157758,0.98287802,True
48,2,2,Fz,0.10946524,0.0500015,0.11871747,0.375,0.375,"[3, 5]",0.625,False,1.17304447,0.43157758,0.98287802,True
48,2,3,F3,0.1132707,0.1132707,0.14194983,0.375,0.375,"[3, 5]",0.625,False,1.17304447,0.43157758,0.98287802,True
48,2,4,F4,0.13018407,-0.05777397,0.15159959,0.375,0.375,"[3, 5]",0.625,False,1.17304447,0.43157758,0.98287802,True
48,2,5,F7,0.04497413,0.04086868,0.05973872,0.375,0.375,"[3, 5]",0.625,False,1.17304447,0.43157758,0.98287802,True
48,2,6,F8,0.09548301,0.0275263,0.12690704,0.375,0.375,"[3, 5]",0.625,False,1.17304447,0.43157758,0.98287802,True
48,2,7,FCz,0.15789559,-0.10156159,0.22144452,0.375,0.375,"[3, 5]",0.625,False,1.17304447,0.43157758,0.98287802,True
48,2,8,FC3,0.05664339,0.05122661,0.07177851,0.375,0.375,"[3, 5]",0.625,False,1.17304447,0.43157758,0.98287802,True
48,2,9,FC4,0.08346298,0.02082303,0.10053103,0.375,0.375,"[3, 5]",0.625,False,1.17304447,0.43157758,0.98287802,True
48,2,10,FT7,0.07202092,-0.00542953,0.08036529,0.375,0.375,"[3, 5]",0.625,False,1.17304447,0.43157758,0.98287802,True
48,2,11,FT8,0.05784573,-0.01647187,0.06988967,0.375,0.375,"[3, 5]",0.625,False,1.17304447,0.43157758,0.98287802,True
48,2,12,Cz,0.19125082,0.19125082,0.22015196,0.375,0.375,"[3, 5]",0.625,False,1.17304447,0.43157758,0.98287802,True
48,2,13,C3,0.17981882,-0.03344048,0.19008704,0.375,0.375,"[3, 5]",0.625,False,1.17304447,0.43157758,0.98287802,True
48,2,14,C4,0.1515789,-0.1515789,0.18420425,0.375,0.375,"[3, 5]",0.625,False,1.17304447,0.43157758,0.98287802,True
48,2,15,T3,0.06917611,0.06917611,0.08284816,0.375,0.375,"[3, 5]",0.625,False,1.17304447,0.43157758,0.98287802,True
48,2,16,T4,0.05649758,0.04146459,0.07568842,0.375,0.375,"[3, 5]",0.625,False,1.17304447,0.43157758,0.98287802,True
48,2,17,CP3,0.12870061,-0.0510876,0.18678968,0.375,0.375,"[3, 5]",0.625,False,1.17304447,0.43157758,0.98287802,True
48,2,18,CP4,0.11087094,0.08665681,0.13243163,0.375,0.375,"[3, 5]",0.625,False,1.17304447,0.43157758,0.98287802,True
48,2,19,TP7,0.03738039,0.02611278,0.05267395,0.375,0.375,"[3, 5]",0.625,False,1.17304447,0.43157758,0.98287802,True
48,2,20,TP8,0.08117151,-0.02022428,0.10670704,0.375,0.375,"[3, 5]",0.625,False,1.17304447,0.43157758,0.98287802,True
48,2,21,Pz,0.07440561,-0.01591095,0.09299789,0.375,0.375,"[3, 5]",0.625,False,1.17304447,0.43157758,0.98287802,True
48,2,22,P3,0.08495435,0.07549866,0.13729955,0.375,0.375,"[3, 5]",0.625,False,1.17304447,0.43157758,0.98287802,True
48,2,23,P4,0.09132133,-0.01610716,0.10626155,0.375,0.375,"[3, 5]",0.625,False,1.17304447,0.43157758,0.98287802,True
48,2,24,T5,0.02223536,0.01507127,0.02317173,0.375,0.375,"[3, 5]",0.625,False,1.17304447,0.43157758,0.98287802,True
48,2,25,T6,0.06547625,-0.03971592,0.08483404,0.375,0.375,"[3, 5]",0.625,False,1.17304447,0.43157758,0.98287802,True
48,2,26,Oz,0.07745957,-0.00662015,0.08561254,0.375,0.375,"[3, 5]",0.625,False,1.17304447,0.43157758,0.98287802,True
48,2,27,O1,0.1354716,0.04555187,0.17741852,0.375,0.375,"[3, 5]",0.625,False,1.17304447,0.43157758,0.98287802,True
48,2,28,O2,0.15191707,-0.0159133,0.15737031,0.375,0.375,"[3, 5]",0.625,False,1.17304447,0.43157758,0.98287802,True
48,3,0,Fp1,0.11885002,-0.10870203,0.13485017,0.25,0.25,"[4, 4]",0.5,False,0.51330583,0.12365099,0.43009198,True
48,3,1,Fp2,0.08051289,0.08051289,0.09725343,0.25,0.25,"[4, 4]",0.5,False,0.51330583,0.12365099,0.43009198,True
48,3,2,Fz,0.07908298,-0.03463008,0.08723737,0.25,0.25,"[4, 4]",0.5,False,0.51330583,0.12365099,0.43009198,True
48,3,3,F3,0.07655991,0.05828764,0.08410152,0.25,0.25,"[4, 4]",0.5,False,0.51330583,0.12365099,0.43009198,True
48,3,4,F4,0.08045201,0.03886077,0.08848278,0.25,0.25,"[4, 4]",0.5,False,0.51330583,0.12365099,0.43009198,True
48,3,5,F7,0.07785039,0.07785039,0.08726472,0.25,0.25,"[4, 4]",0.5,False,0.51330583,0.12365099,0.43009198,True
48,3,6,F8,0.09918907,-0.05901346,0.10247727,0.25,0.25,"[4, 4]",0.5,False,0.51330583,0.12365099,0.43009198,True
48,3,7,FCz,0.14819367,0.14819367,0.16073439,0.25,0.25,"[4, 4]",0.5,False,0.51330583,0.12365099,0.43009198,True
48,3,8,FC3,0.05456275,0.01332063,0.06611855,0.25,0.25,"[4, 4]",0.5,False,0.51330583,0.12365099,0.43009198,True
48,3,9,FC4,0.04012077,-0.03907203,0.04780914,0.25,0.25,"[4, 4]",0.5,False,0.51330583,0.12365099,0.43009198,True
48,3,10,FT7,0.09252737,-0.00719028,0.10821028,0.25,0.25,"[4, 4]",0.5,False,0.51330583,0.12365099,0.43009198,True
48,3,11,FT8,0.07252075,-0.01013055,0.0853558,0.25,0.25,"[4, 4]",0.5,False,0.51330583,0.12365099,0.43009198,True
48,3,12,Cz,0.10202733,0.10202733,0.1108946,0.25,0.25,"[4, 4]",0.5,False,0.51330583,0.12365099,0.43009198,True
48,3,13,C3,0.08557936,0.02234106,0.09801986,0.25,0.25,"[4, 4]",0.5,False,0.51330583,0.12365099,0.43009198,True
48,3,14,C4,0.07548014,-0.06720016,0.08434565,0.25,0.25,"[4, 4]",0.5,False,0.51330583,0.12365099,0.43009198,True
48,3,15,T3,0.13893834,0.13893834,0.14440584,0.25,0.25,"[4, 4]",0.5,False,0.51330583,0.12365099,0.43009198,True
48,3,16,T4,0.11118492,0.02780402,0.13181424,0.25,0.25,"[4, 4]",0.5,False,0.51330583,0.12365099,0.43009198,True
48,3,17,CP3,0.09105682,-0.00173861,0.11451981,0.25,0.25,"[4, 4]",0.5,False,0.51330583,0.12365099,0.43009198,True
48,3,18,CP4,0.10455702,0.05050267,0.12081404,0.25,0.25,"[4, 4]",0.5,False,0.51330583,0.12365099,0.43009198,True
48,3,19,TP7,0.05137784,-0.00569688,0.05422391,0.25,0.25,"[4, 4]",0.5,False,0.51330583,0.12365099,0.43009198,True
48,3,20,TP8,0.10241054,-0.04910718,0.12868185,0.25,0.25,"[4, 4]",0.5,False,0.51330583,0.12365099,0.43009198,True
48,3,21,Pz,0.16607161,-0.0373096,0.17142949,0.25,0.25,"[4, 4]",0.5,False,0.51330583,0.12365099,0.43009198,True
48,3,22,P3,0.07792939,0.04276194,0.07845625,0.25,0.25,"[4, 4]",0.5,False,0.51330583,0.12365099,0.43009198,True
48,3,23,P4,0.1072583,-0.1072583,0.11387926,0.25,0.25,"[4, 4]",0.5,False,0.51330583,0.12365099,0.43009198,True
48,3,24,T5,0.08328079,0.04337424,0.08696026,0.25,0.25,"[4, 4]",0.5,False,0.51330583,0.12365099,0.43009198,True
48,3,25,T6,0.093568,-0.0699876,0.11171975,0.25,0.25,"[4, 4]",0.5,False,0.51330583,0.12365099,0.43009198,True
48,3,26,Oz,0.08612043,0.02526603,0.09911157,0.25,0.25,"[4, 4]",0.5,False,0.51330583,0.12365099,0.43009198,True
48,3,27,O1,0.11770768,0.06491487,0.1413338,0.25,0.25,"[4, 4]",0.5,False,0.51330583,0.12365099,0.43009198,True
48,3,28,O2,0.16189697,-0.0492185,0.17182866,0.25,0.25,"[4, 4]",0.5,False,0.51330583,0.12365099,0.43009198,True
48,4,0,Fp1,0.1095518,-0.09529943,0.12204438,0.5,0.5,"[0, 8]",1.0,True,0.01170036,0.00231345,0.00980358,True
48,4,1,Fp2,0.07722255,0.06110796,0.09442981,0.5,0.5,"[0, 8]",1.0,True,0.01170036,0.00231345,0.00980358,True
48,4,2,Fz,0.10463928,-0.09817405,0.11778895,0.5,0.5,"[0, 8]",1.0,True,0.01170036,0.00231345,0.00980358,True
48,4,3,F3,0.08821058,0.0280957,0.09488152,0.5,0.5,"[0, 8]",1.0,True,0.01170036,0.00231345,0.00980358,True
48,4,4,F4,0.09835747,0.0126888,0.10875104,0.5,0.5,"[0, 8]",1.0,True,0.01170036,0.00231345,0.00980358,True
48,4,5,F7,0.08460978,0.08174641,0.09790395,0.5,0.5,"[0, 8]",1.0,True,0.01170036,0.00231345,0.00980358,True
48,4,6,F8,0.07825343,-0.03000987,0.07923094,0.5,0.5,"[0, 8]",1.0,True,0.01170036,0.00231345,0.00980358,True
48,4,7,FCz,0.09885279,0.09885279,0.11420475,0.5,0.5,"[0, 8]",1.0,True,0.01170036,0.00231345,0.00980358,True
48,4,8,FC3,0.03161182,0.00664995,0.03818368,0.5,0.5,"[0, 8]",1.0,True,0.01170036,0.00231345,0.00980358,True
48,4,9,FC4,0.0586411,-0.0586411,0.07710473,0.5,0.5,"[0, 8]",1.0,True,0.01170036,0.00231345,0.00980358,True
48,4,10,FT7,0.09017085,-0.0577044,0.1032927,0.5,0.5,"[0, 8]",1.0,True,0.01170036,0.00231345,0.00980358,True
48,4,11,FT8,0.08071344,-0.0043923,0.09814414,0.5,0.5,"[0, 8]",1.0,True,0.01170036,0.00231345,0.00980358,True
48,4,12,Cz,0.07707577,0.07574738,0.09262109,0.5,0.5,"[0, 8]",1.0,True,0.01170036,0.00231345,0.00980358,True
48,4,13,C3,0.11504466,0.07324374,0.11741157,0.5,0.5,"[0, 8]",1.0,True,0.01170036,0.00231345,0.00980358,True
48,4,14,C4,0.08603512,-0.07596897,0.09692013,0.5,0.5,"[0, 8]",1.0,True,0.01170036,0.00231345,0.00980358,True
48,4,15,T3,0.12689355,0.12689355,0.13212916,0.5,0.5,"[0, 8]",1.0,True,0.01170036,0.00231345,0.00980358,True
48,4,16,T4,0.12081969,0.01332708,0.13362065,0.5,0.5,"[0, 8]",1.0,True,0.01170036,0.00231345,0.00980358,True
48,4,17,CP3,0.12066928,0.03345648,0.13962425,0.5,0.5,"[0, 8]",1.0,True,0.01170036,0.00231345,0.00980358,True
48,4,18,CP4,0.11103591,0.03372039,0.12779756,0.5,0.5,"[0, 8]",1.0,True,0.01170036,0.00231345,0.00980358,True
48,4,19,TP7,0.08404647,-0.01837375,0.09374299,0.5,0.5,"[0, 8]",1.0,True,0.01170036,0.00231345,0.00980358,True
48,4,20,TP8,0.08944196,-0.05992759,0.10875875,0.5,0.5,"[0, 8]",1.0,True,0.01170036,0.00231345,0.00980358,True
48,4,21,Pz,0.15381378,0.00751657,0.15403371,0.5,0.5,"[0, 8]",1.0,True,0.01170036,0.00231345,0.00980358,True
48,4,22,P3,0.10874496,0.10874496,0.11768782,0.5,0.5,"[0, 8]",1.0,True,0.01170036,0.00231345,0.00980358,True
48,4,23,P4,0.10515536,-0.09315139,0.11711685,0.5,0.5,"[0, 8]",1.0,True,0.01170036,0.00231345,0.00980358,True
48,4,24,T5,0.10508715,0.07391047,0.114943,0.5,0.5,"[0, 8]",1.0,True,0.01170036,0.00231345,0.00980358,True
48,4,25,T6,0.08069853,-0.06191719,0.09189882,0.5,0.5,"[0, 8]",1.0,True,0.01170036,0.00231345,0.00980358,True
48,4,26,Oz,0.0771521,0.04218481,0.07976051,0.5,0.5,"[0, 8]",1.0,True,0.01170036,0.00231345,0.00980358,True
48,4,27,O1,0.12253702,0.05603792,0.13286453,0.5,0.5,"[0, 8]",1.0,True,0.01170036,0.00231345,0.00980358,True
48,4,28,O2,0.14312181,-0.0240132,0.14586644,0.5,0.5,"[0, 8]",1.0,True,0.01170036,0.00231345,0.00980358,True
48,5,0,Fp1,0.10969055,-0.09636885,0.12261835,0.5,0.5,"[0, 8]",1.0,True,0.01222452,0.00206262,0.01024276,True
48,5,1,Fp2,0.07765435,0.06074417,0.09523366,0.5,0.5,"[0, 8]",1.0,True,0.01222452,0.00206262,0.01024276,True
48,5,2,Fz,0.1043303,-0.09796821,0.11748695,0.5,0.5,"[0, 8]",1.0,True,0.01222452,0.00206262,0.01024276,True
48,5,3,F3,0.08713089,0.02769831,0.09389105,0.5,0.5,"[0, 8]",1.0,True,0.01222452,0.00206262,0.01024276,True
48,5,4,F4,0.09838346,0.01272692,0.10874051,0.5,0.5,"[0, 8]",1.0,True,0.01222452,0.00206262,0.01024276,True
48,5,5,F7,0.08447332,0.08115295,0.09754975,0.5,0.5,"[0, 8]",1.0,True,0.01222452,0.00206262,0.01024276,True
48,5,6,F8,0.07807181,-0.02902826,0.07916691,0.5,0.5,"[0, 8]",1.0,True,0.01222452,0.00206262,0.01024276,True
48,5,7,FCz,0.09943497,0.09943497,0.1150239,0.5,0.5,"[0, 8]",1.0,True,0.01222452,0.00206262,0.01024276,True
48,5,8,FC3,0.03188965,0.00632635,0.03831137,0.5,0.5,"[0, 8]",1.0,True,0.01222452,0.00206262,0.01024276,True
48,5,9,FC4,0.05832937,-0.05832937,0.07708903,0.5,0.5,"[0, 8]",1.0,True,0.01222452,0.00206262,0.01024276,True
48,5,10,FT7,0.091022,-0.05797843,0.10427972,0.5,0.5,"[0, 8]",1.0,True,0.01222452,0.00206262,0.01024276,True
48,5,11,FT8,0.07996646,-0.00445431,0.09699292,0.5,0.5,"[0, 8]",1.0,True,0.01222452,0.00206262,0.01024276,True
48,5,12,Cz,0.07756698,0.07592124,0.09291872,0.5,0.5,"[0, 8]",1.0,True,0.01222452,0.00206262,0.01024276,True
48,5,13,C3,0.1153719,0.07318711,0.11765739,0.5,0.5,"[0, 8]",1.0,True,0.01222452,0.00206262,0.01024276,True
48,5,14,C4,0.08577394,-0.07507043,0.09633721,0.5,0.5,"[0, 8]",1.0,True,0.01222452,0.00206262,0.01024276,True
48,5,15,T3,0.1257074,0.1257074,0.13087171,0.5,0.5,"[0, 8]",1.0,True,0.01222452,0.00206262,0.01024276,True
48,5,16,T4,0.1219064,0.01344129,0.1346678,0.5,0.5,"[0, 8]",1.0,True,0.01222452,0.00206262,0.01024276,True
48,5,17,CP3,0.12166743,0.03345424,0.1402864,0.5,0.5,"[0, 8]",1.0,True,0.01222452,0.00206262,0.01024276,True
48,5,18,CP4,0.11036815,0.03406537,0.12737834,0.5,0.5,"[0, 8]",1.0,True,0.01222452,0.00206262,0.01024276,True
48,5,19,TP7,0.08441049,-0.01894969,0.09403707,0.5,0.5,"[0, 8]",1.0,True,0.01222452,0.00206262,0.01024276,True
48,5,20,TP8,0.09025708,-0.05924097,0.10916746,0.5,0.5,"[0, 8]",1.0,True,0.01222452,0.00206262,0.01024276,True
48,5,21,Pz,0.15227789,0.0073602,0.1524781,0.5,0.5,"[0, 8]",1.0,True,0.01222452,0.00206262,0.01024276,True
48,5,22,P3,0.10803501,0.10803501,0.11690272,0.5,0.5,"[0, 8]",1.0,True,0.01222452,0.00206262,0.01024276,True
48,5,23,P4,0.10477529,-0.09222642,0.1162461,0.5,0.5,"[0, 8]",1.0,True,0.01222452,0.00206262,0.01024276,True
48,5,24,T5,0.10542663,0.07430596,0.11483497,0.5,0.5,"[0, 8]",1.0,True,0.01222452,0.00206262,0.01024276,True
48,5,25,T6,0.0805089,-0.06114343,0.09156676,0.5,0.5,"[0, 8]",1.0,True,0.01222452,0.00206262,0.01024276,True
48,5,26,Oz,0.07757756,0.04257268,0.080096,0.5,0.5,"[0, 8]",1.0,True,0.01222452,0.00206262,0.01024276,True
48,5,27,O1,0.1226847,0.05652176,0.13312878,0.5,0.5,"[0, 8]",1.0,True,0.01222452,0.00206262,0.01024276,True
48,5,28,O2,0.14455661,-0.02361377,0.14730924,0.5,0.5,"[0, 8]",1.0,True,0.01222452,0.00206262,0.01024276,True
49,1,0,Fp1,0.10966936,-0.09630284,0.12286218,0.5,0.5,"[0, 8]",1.0,True,0.01336228,0.00231829,0.01119607,True
49,1,1,Fp2,0.07809725,0.06123114,0.0957808,0.5,0.5,"[0, 8]",1.0,True,0.01336228,0.00231829,0.01119607,True
49,1,2,Fz,0.10407487,-0.09767005,0.11719774,0.5,0.5,"[0, 8]",1.0,True,0.01336228,0.00231829,0.01119607,True
49,1,3,F3,0.08867015,0.0282596,0.09556986,0.5,0.5,"[0, 8]",1.0,True,0.01336228,0.00231829,0.01119607,True
49,1,4,F4,0.09699895,0.01221358,0.10704066,0.5,0.5,"[0, 8]",1.0,True,0.01336228,0.00231829,0.01119607,True
49,1,5,F7,0.08371708,0.081403,0.09734487,0.5,0.5,"[0, 8]",1.0,True,0.01336228,0.00231829,0.01119607,True
49,1,6,F8,0.07692187,-0.02930971,0.07794473,0.5,0.5,"[0, 8]",1.0,True,0.01336228,0.00231829,0.01119607,True
49,1,7,FCz,0.09898726,0.09898726,0.11404086,0.5,0.5,"[0, 8]",1.0,True,0.01336228,0.00231829,0.01119607,True
49,1,8,FC3,0.03132747,0.00628737,0.03838876,0.5,0.5,"[0, 8]",1.0,True,0.01336228,0.00231829,0.01119607,True
49,1,9,FC4,0.05784307,-0.05784307,0.07593846,0.5,0.5,"[0, 8]",1.0,True,0.01336228,0.00231829,0.01119607,True
49,1,10,FT7,0.09191255,-0.05866043,0.10540827,0.5,0.5,"[0, 8]",1.0,True,0.01336228,0.00231829,0.01119607,True
49,1,11,FT8,0.08000843,-0.00406678,0.09691906,0.5,0.5,"[0, 8]",1.0,True,0.01336228,0.00231829,0.01119607,True
49,1,12,Cz,0.07721659,0.0764048,0.09307137,0.5,0.5,"[0, 8]",1.0,True,0.01336228,0.00231829,0.01119607,True
49,1,13,C3,0.11542663,0.07329807,0.11767975,0.5,0.5,"[0, 8]",1.0,True,0.01336228,0.00231829,0.01119607,True
49,1,14,C4,0.08718334,-0.07587877,0.09743869,0.5,0.5,"[0, 8]",1.0,True,0.01336228,0.00231829,0.01119607,True
49,1,15,T3,0.12674399,0.12674399,0.13225977,0.5,0.5,"[0, 8]",1.0,True,0.01336228,0.00231829,0.01119607,True
49,1,16,T4,0.1216456,0.0146195,0.13411824,0.5,0.5,"[0, 8]",1.0,True,0.01336228,0.00231829,0.01119607,True
49,1,17,CP3,0.1200107,0.03299496,0.13880424,0.5,0.5,"[0, 8]",1.0,True,0.01336228,0.00231829,0.01119607,True
49,1,18,CP4,0.10948107,0.03419572,0.12652859,0.5,0.5,"[0, 8]",1.0,True,0.01336228,0.00231829,0.01119607,True
49,1,19,TP7,0.08523361,-0.01836821,0.09504501,0.5,0.5,"[0, 8]",1.0,True,0.01336228,0.00231829,0.01119607,True
49,1,20,TP8,0.08874992,-0.05885531,0.10756321,0.5,0.5,"[0, 8]",1.0,True,0.01336228,0.00231829,0.01119607,True
49,1,21,Pz,0.1533128,0.00711236,0.15350619,0.5,0.5,"[0, 8]",1.0,True,0.01336228,0.00231829,0.01119607,True
49,1,22,P3,0.10701539,0.10701539,0.11630858,0.5,0.5,"[0, 8]",1.0,True,0.01336228,0.00231829,0.01119607,True
49,1,23,P4,0.10465372,-0.09287509,0.11662837,0.5,0.5,"[0, 8]",1.0,True,0.01336228,0.00231829,0.01119607,True
49,1,24,T5,0.1050445,0.07305332,0.11436944,0.5,0.5,"[0, 8]",1.0,True,0.01336228,0.00231829,0.01119607,True
49,1,25,T6,0.0807523,-0.06251453,0.09234857,0.5,0.5,"[0, 8]",1.0,True,0.01336228,0.00231829,0.01119607,True
49,1,26,Oz,0.07710188,0.04128105,0.07940177,0.5,0.5,"[0, 8]",1.0,True,0.01336228,0.00231829,0.01119607,True
49,1,27,O1,0.12148984,0.05591846,0.13223681,0.5,0.5,"[0, 8]",1.0,True,0.01336228,0.00231829,0.01119607,True
49,1,28,O2,0.14503153,-0.02387718,0.14777164,0.5,0.5,"[0, 8]",1.0,True,0.01336228,0.00231829,0.01119607,True
49,2,0,Fp1,0.10911238,-0.09614222,0.12223245,0.5,0.5,"[0, 8]",1.0,True,0.01249589,0.00227849,0.01047013,True
49,2,1,Fp2,0.07850787,0.06131123,0.09614356,0.5,0.5,"[0, 8]",1.0,True,0.01249589,0.00227849,0.01047013,True
49,2,2,Fz,0.1043089,-0.09809794,0.11750859,0.5,0.5,"[0, 8]",1.0,True,0.01249589,0.00227849,0.01047013,True
49,2,3,F3,0.08826882,0.02773019,0.09490512,0.5,0.5,"[0, 8]",1.0,True,0.01249589,0.00227849,0.01047013,True
49,2,4,F4,0.09789819,0.01211565,0.10816734,0.5,0.5,"[0, 8]",1.0,True,0.01249589,0.00227849,0.01047013,True
49,2,5,F7,0.08411121,0.08128098,0.09771494,0.5,0.5,"[0, 8]",1.0,True,0.01249589,0.00227849,0.01047013,True
49,2,6,F8,0.07725677,-0.02991582,0.07817329,0.5,0.5,"[0, 8]",1.0,True,0.01249589,0.00227849,0.01047013,True
49,2,7,FCz,0.09908489,0.09908489,0.11413068,0.5,0.5,"[0, 8]",1.0,True,0.01249589,0.00227849,0.01047013,True
49,2,8,FC3,0.03166391,0.00712055,0.03822539,0.5,0.5,"[0, 8]",1.0,True,0.01249589,0.00227849,0.01047013,True
49,2,9,FC4,0.05813688,-0.05813688,0.07618645,0.5,0.5,"[0, 8]",1.0,True,0.01249589,0.00227849,0.01047013,True
49,2,10,FT7,0.09073061,-0.05834759,0.10461577,0.5,0.5,"[0, 8]",1.0,True,0.01249589,0.00227849,0.01047013,True
49,2,11,FT8,0.08017309,-0.00308233,0.09715279,0.5,0.5,"[0, 8]",1.0,True,0.01249589,0.00227849,0.01047013,True
49,2,12,Cz,0.07728858,0.07611238,0.0931013,0.5,0.5,"[0, 8]",1.0,True,0.01249589,0.00227849,0.01047013,True
49,2,13,C3,0.11452781,0.07204241,0.11670826,0.5,0.5,"[0, 8]",1.0,True,0.01249589,0.00227849,0.01047013,True
49,2,14,C4,0.08732328,-0.07571137,0.0973834,0.5,0.5,"[0, 8]",1.0,True,0.01249589,0.00227849,0.01047013,True
49,2,15,T3,0.12679331,0.12679331,0.13233724,0.5,0.5,"[0, 8]",1.0,True,0.01249589,0.00227849,0.01047013,True
49,2,16,T4,0.12109575,0.01358533,0.13361187,0.5,0.5,"[0, 8]",1.0,True,0.01249589,0.00227849,0.01047013,True
49,2,17,CP3,0.12042978,0.03334893,0.13893723,0.5,0.5,"[0, 8]",1.0,True,0.01249589,0.00227849,0.01047013,True
49,2,18,CP4,0.10941207,0.03390437,0.12637199,0.5,0.5,"[0, 8]",1.0,True,0.01249589,0.00227849,0.01047013,True
49,2,19,TP7,0.08429036,-0.01823929,0.09455571,0.5,0.5,"[0, 8]",1.0,True,0.01249589,0.00227849,0.01047013,True
49,2,20,TP8,0.09035137,-0.05868385,0.10888804,0.5,0.5,"[0, 8]",1.0,True,0.01249589,0.00227849,0.01047013,True
49,2,21,Pz,0.15312453,0.00676376,0.15329498,0.5,0.5,"[0, 8]",1.0,True,0.01249589,0.00227849,0.01047013,True
49,2,22,P3,0.10692218,0.10692218,0.11621848,0.5,0.5,"[0, 8]",1.0,True,0.01249589,0.00227849,0.01047013,True
49,2,23,P4,0.10448625,-0.09257351,0.11626361,0.5,0.5,"[0, 8]",1.0,True,0.01249589,0.00227849,0.01047013,True
49,2,24,T5,0.10541157,0.07306808,0.11464802,0.5,0.5,"[0, 8]",1.0,True,0.01249589,0.00227849,0.01047013,True
49,2,25,T6,0.07987937,-0.06158047,0.09115851,0.5,0.5,"[0, 8]",1.0,True,0.01249589,0.00227849,0.01047013,True
49,2,26,Oz,0.07814119,0.04292811,0.08058348,0.5,0.5,"[0, 8]",1.0,True,0.01249589,0.00227849,0.01047013,True
49,2,27,O1,0.12145782,0.05583376,0.1320976,0.5,0.5,"[0, 8]",1.0,True,0.01249589,0.00227849,0.01047013,True
49,2,28,O2,0.1445687,-0.02413563,0.14733669,0.5,0.5,"[0, 8]",1.0,True,0.01249589,0.00227849,0.01047013,True
49,3,0,Fp1,0.10937935,-0.09651207,0.12271078,0.5,0.5,"[0, 8]",1.0,True,0.01224536,0.00217652,0.01026022,True
49,3,1,Fp2,0.07805493,0.06139196,0.09567899,0.5,0.5,"[0, 8]",1.0,True,0.01224536,0.00217652,0.01026022,True
49,3,2,Fz,0.10403477,-0.09752952,0.11698082,0.5,0.5,"[0, 8]",1.0,True,0.01224536,0.00217652,0.01026022,True
49,3,3,F3,0.08795321,0.02771313,0.09472509,0.5,0.5,"[0, 8]",1.0,True,0.01224536,0.00217652,0.01026022,True
49,3,4,F4,0.09821005,0.01230247,0.10841061,0.5,0.5,"[0, 8]",1.0,True,0.01224536,0.00217652,0.01026022,True
49,3,5,F7,0.08398396,0.08138411,0.09757546,0.5,0.5,"[0, 8]",1.0,True,0.01224536,0.00217652,0.01026022,True
49,3,6,F8,0.07814876,-0.02979202,0.0791619,0.5,0.5,"[0, 8]",1.0,True,0.01224536,0.00217652,0.01026022,True
49,3,7,FCz,0.10005796,0.10005796,0.11517118,0.5,0.5,"[0, 8]",1.0,True,0.01224536,0.00217652,0.01026022,True
49,3,8,FC3,0.03202418,0.00705604,0.03856501,0.5,0.5,"[0, 8]",1.0,True,0.01224536,0.00217652,0.01026022,True
49,3,9,FC4,0.05749986,-0.05749986,0.07577682,0.5,0.5,"[0, 8]",1.0,True,0.01224536,0.00217652,0.01026022,True
49,3,10,FT7,0.09170061,-0.05853467,0.10525478,0.5,0.5,"[0, 8]",1.0,True,0.01224536,0.00217652,0.01026022,True
49,3,11,FT8,0.07943264,-0.00439441,0.09647033,0.5,0.5,"[0, 8]",1.0,True,0.01224536,0.00217652,0.01026022,True
49,3,12,Cz,0.07739143,0.07546489,0.09263373,0.5,0.5,"[0, 8]",1.0,True,0.01224536,0.00217652,0.01026022,True
49,3,13,C3,0.11497287,0.07258193,0.11726201,0.5,0.5,"[0, 8]",1.0,True,0.01224536,0.00217652,0.01026022,True
49,3,14,C4,0.08700088,-0.07568629,0.09723625,0.5,0.5,"[0, 8]",1.0,True,0.01224536,0.00217652,0.01026022,True
49,3,15,T3,0.12683995,0.12683995,0.13236113,0.5,0.5,"[0, 8]",1.0,True,0.01224536,0.00217652,0.01026022,True
49,3,16,T4,0.12140477,0.01331497,0.13399968,0.5,0.5,"[0, 8]",1.0,True,0.01224536,0.00217652,0.01026022,True
49,3,17,CP3,0.12078577,0.03298292,0.13932887,0.5,0.5,"[0, 8]",1.0,True,0.01224536,0.00217652,0.01026022,True
49,3,18,CP4,0.11046159,0.03488271,0.12654507,0.5,0.5,"[0, 8]",1.0,True,0.01224536,0.00217652,0.01026022,True
49,3,19,TP7,0.08479386,-0.01905567,0.09503999,0.5,0.5,"[0, 8]",1.0,True,0.01224536,0.00217652,0.01026022,True
49,3,20,TP8,0.08964945,-0.05931056,0.10866878,0.5,0.5,"[0, 8]",1.0,True,0.01224536,0.00217652,0.01026022,True
49,3,21,Pz,0.1519704,0.00688094,0.15216689,0.5,0.5,"[0, 8]",1.0,True,0.01224536,0.00217652,0.01026022,True
49,3,22,P3,0.1075111,0.1075111,0.11667587,0.5,0.5,"[0, 8]",1.0,True,0.01224536,0.00217652,0.01026022,True
49,3,23,P4,0.10439845,-0.09316988,0.11661531,0.5,0.5,"[0, 8]",1.0,True,0.01224536,0.00217652,0.01026022,True
49,3,24,T5,0.10472658,0.07302444,0.11410849,0.5,0.5,"[0, 8]",1.0,True,0.01224536,0.00217652,0.01026022,True
49,3,25,T6,0.08017975,-0.06176453,0.09173945,0.5,0.5,"[0, 8]",1.0,True,0.01224536,0.00217652,0.01026022,True
49,3,26,Oz,0.07658272,0.04202384,0.07900032,0.5,0.5,"[0, 8]",1.0,True,0.01224536,0.00217652,0.01026022,True
49,3,27,O1,0.12123847,0.05641889,0.13188297,0.5,0.5,"[0, 8]",1.0,True,0.01224536,0.00217652,0.01026022,True
49,3,28,O2,0.14433022,-0.02420684,0.14709143,0.5,0.5,"[0, 8]",1.0,True,0.01224536,0.00217652,0.01026022,True
49,4,0,Fp1,0.10938886,-0.09593874,0.12255873,0.5,0.5,"[0, 8]",1.0,True,0.01271595,0.0022187,0.01065452,True
49,4,1,Fp2,0.07798049,0.06115026,0.09540322,0.5,0.5,"[0, 8]",1.0,True,0.01271595,0.0022187,0.01065452,True
49,4,2,Fz,0.10411732,-0.09767358,0.1172186,0.5,0.5,"[0, 8]",1.0,True,0.01271595,0.0022187,0.01065452,True
49,4,3,F3,0.08768085,0.02796535,0.0946622,0.5,0.5,"[0, 8]",1.0,True,0.01271595,0.0022187,0.01065452,True
49,4,4,F4,0.09689665,0.01232941,0.10703609,0.5,0.5,"[0, 8]",1.0,True,0.01271595,0.0022187,0.01065452,True
49,4,5,F7,0.0848019,0.08296277,0.0987618,0.5,0.5,"[0, 8]",1.0,True,0.01271595,0.0022187,0.01065452,True
49,4,6,F8,0.07757337,-0.02901356,0.07869686,0.5,0.5,"[0, 8]",1.0,True,0.01271595,0.0022187,0.01065452,True
49,4,7,FCz,0.10011522,0.10011522,0.11514156,0.5,0.5,"[0, 8]",1.0,True,0.01271595,0.0022187,0.01065452,True
49,4,8,FC3,0.03142251,0.00677003,0.03826735,0.5,0.5,"[0, 8]",1.0,True,0.01271595,0.0022187,0.01065452,True
49,4,9,FC4,0.05755649,-0.05755649,0.07583324,0.5,0.5,"[0, 8]",1.0,True,0.01271595,0.0022187,0.01065452,True
49,4,10,FT7,0.09147157,-0.05894709,0.10496373,0.5,0.5,"[0, 8]",1.0,True,0.01271595,0.0022187,0.01065452,True
49,4,11,FT8,0.08001903,-0.00297544,0.0968627,0.5,0.5,"[0, 8]",1.0,True,0.01271595,0.0022187,0.01065452,True
49,4,12,Cz,0.07757693,0.07532156,0.0923089,0.5,0.5,"[0, 8]",1.0,True,0.01271595,0.0022187,0.01065452,True
49,4,13,C3,0.11508102,0.07177924,0.11714379,0.5,0.5,"[0, 8]",1.0,True,0.01271595,0.0022187,0.01065452,True
49,4,14,C4,0.08682031,-0.07544991,0.09696935,0.5,0.5,"[0, 8]",1.0,True,0.01271595,0.0022187,0.01065452,True
49,4,15,T3,0.12702285,0.12702285,0.13246998,0.5,0.5,"[0, 8]",1.0,True,0.01271595,0.0022187,0.01065452,True
49,4,16,T4,0.12146013,0.01306174,0.13402687,0.5,0.5,"[0, 8]",1.0,True,0.01271595,0.0022187,0.01065452,True
49,4,17,CP3,0.12045733,0.03284185,0.1388956,0.5,0.5,"[0, 8]",1.0,True,0.01271595,0.0022187,0.01065452,True
49,4,18,CP4,0.11077748,0.03475619,0.1271289,0.5,0.5,"[0, 8]",1.0,True,0.01271595,0.0022187,0.01065452,True
49,4,19,TP7,0.08489138,-0.01858143,0.09457839,0.5,0.5,"[0, 8]",1.0,True,0.01271595,0.0022187,0.01065452,True
49,4,20,TP8,0.08800187,-0.05896095,0.10711335,0.5,0.5,"[0, 8]",1.0,True,0.01271595,0.0022187,0.01065452,True
49,4,21,Pz,0.15297021,0.00695645,0.15317014,0.5,0.5,"[0, 8]",1.0,True,0.01271595,0.0022187,0.01065452,True
49,4,22,P3,0.10705186,0.10705186,0.1161891,0.5,0.5,"[0, 8]",1.0,True,0.01271595,0.0022187,0.01065452,True
49,4,23,P4,0.10491164,-0.09422289,0.11746605,0.5,0.5,"[0, 8]",1.0,True,0.01271595,0.0022187,0.01065452,True
49,4,24,T5,0.10456873,0.07310477,0.11374972,0.5,0.5,"[0, 8]",1.0,True,0.01271595,0.0022187,0.01065452,True
49,4,25,T6,0.08009763,-0.06176876,0.09138925,0.5,0.5,"[0, 8]",1.0,True,0.01271595,0.0022187,0.01065452,True
49,4,26,Oz,0.07722852,0.0423064,0.07955825,0.5,0.5,"[0, 8]",1.0,True,0.01271595,0.0022187,0.01065452,True
49,4,27,O1,0.12120831,0.05498658,0.13180053,0.5,0.5,"[0, 8]",1.0,True,0.01271595,0.0022187,0.01065452,True
49,4,28,O2,0.14460635,-0.02467909,0.1474507,0.5,0.5,"[0, 8]",1.0,True,0.01271595,0.0022187,0.01065452,True
49,5,0,Fp1,0.10943696,-0.095884,0.1224177,0.625,0.625,"[1, 7]",0.875,False,0.01352218,0.00228173,0.01133005,True
49,5,1,Fp2,0.07805383,0.06164201,0.09591808,0.625,0.625,"[1, 7]",0.875,False,0.01352218,0.00228173,0.01133005,True
49,5,2,Fz,0.10405733,-0.09834385,0.11746001,0.625,0.625,"[1, 7]",0.875,False,0.01352218,0.00228173,0.01133005,True
49,5,3,F3,0.08818663,0.02765018,0.095197,0.625,0.625,"[1, 7]",0.875,False,0.01352218,0.00228173,0.01133005,True
49,5,4,F4,0.09656209,0.01074987,0.10742757,0.625,0.625,"[1, 7]",0.875,False,0.01352218,0.00228173,0.01133005,True
49,5,5,F7,0.08414952,0.08225111,0.09784618,0.625,0.625,"[1, 7]",0.875,False,0.01352218,0.00228173,0.01133005,True
49,5,6,F8,0.07672867,-0.02827481,0.07784489,0.625,0.625,"[1, 7]",0.875,False,0.01352218,0.00228173,0.01133005,True
49,5,7,FCz,0.099257,0.099257,0.11435147,0.625,0.625,"[1, 7]",0.875,False,0.01352218,0.00228173,0.01133005,True
49,5,8,FC3,0.03158739,0.00688405,0.03831456,0.625,0.625,"[1, 7]",0.875,False,0.01352218,0.00228173,0.01133005,True
49,5,9,FC4,0.05774649,-0.05774649,0.07574292,0.625,0.625,"[1, 7]",0.875,False,0.01352218,0.00228173,0.01133005,True
49,5,10,FT7,0.09183007,-0.05895909,0.10524748,0.625,0.625,"[1, 7]",0.875,False,0.01352218,0.00228173,0.01133005,True
49,5,11,FT8,0.08062333,-0.0033462,0.09783654,0.625,0.625,"[1, 7]",0.875,False,0.01352218,0.00228173,0.01133005,True
49,5,12,Cz,0.07745362,0.07563096,0.09302813,0.625,0.625,"[1, 7]",0.875,False,0.01352218,0.00228173,0.01133005,True
49,5,13,C3,0.11484195,0.07263586,0.11704341,0.625,0.625,"[1, 7]",0.875,False,0.01352218,0.00228173,0.01133005,True
49,5,14,C4,0.0874339,-0.07583394,0.09758012,0.625,0.625,"[1, 7]",0.875,False,0.01352218,0.00228173,0.01133005,True
49,5,15,T3,0.12715738,0.12715738,0.1323715,0.625,0.625,"[1, 7]",0.875,False,0.01352218,0.00228173,0.01133005,True
49,5,16,T4,0.12148399,0.01425166,0.13392891,0.625,0.625,"[1, 7]",0.875,False,0.01352218,0.00228173,0.01133005,True
49,5,17,CP3,0.12030479,0.03295384,0.13845851,0.625,0.625,"[1, 7]",0.875,False,0.01352218,0.00228173,0.01133005,True
49,5,18,CP4,0.10998705,0.0343966,0.12710759,0.625,0.625,"[1, 7]",0.875,False,0.01352218,0.00228173,0.01133005,True
49,5,19,TP7,0.08500549,-0.01792208,0.09459915,0.625,0.625,"[1, 7]",0.875,False,0.01352218,0.00228173,0.01133005,True
49,5,20,TP8,0.0888034,-0.05909107,0.10792592,0.625,0.625,"[1, 7]",0.875,False,0.01352218,0.00228173,0.01133005,True
49,5,21,Pz,0.1541705,0.00678405,0.15434872,0.625,0.625,"[1, 7]",0.875,False,0.01352218,0.00228173,0.01133005,True
49,5,22,P3,0.10728683,0.10728683,0.11645996,0.625,0.625,"[1, 7]",0.875,False,0.01352218,0.00228173,0.01133005,True
49,5,23,P4,0.10493728,-0.09392848,0.11727541,0.625,0.625,"[1, 7]",0.875,False,0.01352218,0.00228173,0.01133005,True
49,5,24,T5,0.10418673,0.07262354,0.11352464,0.625,0.625,"[1, 7]",0.875,False,0.01352218,0.00228173,0.01133005,True
49,5,25,T6,0.08026701,-0.06127888,0.09165978,0.625,0.625,"[1, 7]",0.875,False,0.01352218,0.00228173,0.01133005,True
49,5,26,Oz,0.07655628,0.04211823,0.07894053,0.625,0.625,"[1, 7]",0.875,False,0.01352218,0.00228173,0.01133005,True
49,5,27,O1,0.1217451,0.05548826,0.13254644,0.625,0.625,"[1, 7]",0.875,False,0.01352218,0.00228173,0.01133005,True
49,5,28,O2,0.14440402,-0.02407501,0.14728169,0.625,0.625,"[1, 7]",0.875,False,0.01352218,0.00228173,0.01133005,True
50,1,0,Fp1,0.10993601,-0.09554835,0.12246343,0.5,0.5,"[0, 8]",1.0,True,0.01331456,0.00225381,0.01115609,True
50,1,1,Fp2,0.07808118,0.06071758,0.09538495,0.5,0.5,"[0, 8]",1.0,True,0.01331456,0.00225381,0.01115609,True
50,1,2,Fz,0.10427068,-0.09874873,0.11777144,0.5,0.5,"[0, 8]",1.0,True,0.01331456,0.00225381,0.01115609,True
50,1,3,F3,0.08844374,0.02830517,0.09506851,0.5,0.5,"[0, 8]",1.0,True,0.01331456,0.00225381,0.01115609,True
50,1,4,F4,0.09667689,0.01127977,0.10732912,0.5,0.5,"[0, 8]",1.0,True,0.01331456,0.00225381,0.01115609,True
50,1,5,F7,0.08415002,0.08086613,0.09749656,0.5,0.5,"[0, 8]",1.0,True,0.01331456,0.00225381,0.01115609,True
50,1,6,F8,0.07734366,-0.03002959,0.07818899,0.5,0.5,"[0, 8]",1.0,True,0.01331456,0.00225381,0.01115609,True
50,1,7,FCz,0.09842654,0.09842654,0.11324902,0.5,0.5,"[0, 8]",1.0,True,0.01331456,0.00225381,0.01115609,True
50,1,8,FC3,0.03160858,0.00722415,0.03801641,0.5,0.5,"[0, 8]",1.0,True,0.01331456,0.00225381,0.01115609,True
50,1,9,FC4,0.0579196,-0.0579196,0.07677081,0.5,0.5,"[0, 8]",1.0,True,0.01331456,0.00225381,0.01115609,True
50,1,10,FT7,0.08977665,-0.05720716,0.10341956,0.5,0.5,"[0, 8]",1.0,True,0.01331456,0.00225381,0.01115609,True
50,1,11,FT8,0.08097883,-0.00384202,0.0982465,0.5,0.5,"[0, 8]",1.0,True,0.01331456,0.00225381,0.01115609,True
50,1,12,Cz,0.07594085,0.0751149,0.09145178,0.5,0.5,"[0, 8]",1.0,True,0.01331456,0.00225381,0.01115609,True
50,1,13,C3,0.11576982,0.07383865,0.11815827,0.5,0.5,"[0, 8]",1.0,True,0.01331456,0.00225381,0.01115609,True
50,1,14,C4,0.08597359,-0.07572666,0.09638844,0.5,0.5,"[0, 8]",1.0,True,0.01331456,0.00225381,0.01115609,True
50,1,15,T3,0.12804027,0.12804027,0.13319145,0.5,0.5,"[0, 8]",1.0,True,0.01331456,0.00225381,0.01115609,True
50,1,16,T4,0.12163926,0.01309199,0.13421005,0.5,0.5,"[0, 8]",1.0,True,0.01331456,0.00225381,0.01115609,True
50,1,17,CP3,0.12111413,0.03473346,0.14004859,0.5,0.5,"[0, 8]",1.0,True,0.01331456,0.00225381,0.01115609,True
50,1,18,CP4,0.11081325,0.03450929,0.12795058,0.5,0.5,"[0, 8]",1.0,True,0.01331456,0.00225381,0.01115609,True
50,1,19,TP7,0.08362911,-0.01919275,0.09345242,0.5,0.5,"[0, 8]",1.0,True,0.01331456,0.00225381,0.01115609,True
50,1,20,TP8,0.0894664,-0.05900701,0.1085037,0.5,0.5,"[0, 8]",1.0,True,0.01331456,0.00225381,0.01115609,True
50,1,21,Pz,0.1529679,0.00648043,0.15315603,0.5,0.5,"[0, 8]",1.0,True,0.01331456,0.00225381,0.01115609,True
50,1,22,P3,0.10800751,0.10800751,0.11715095,0.5,0.5,"[0, 8]",1.0,True,0.01331456,0.00225381,0.01115609,True
50,1,23,P4,0.10539694,-0.09298627,0.11688867,0.5,0.5,"[0, 8]",1.0,True,0.01331456,0.00225381,0.01115609,True
50,1,24,T5,0.10418627,0.07302761,0.11383948,0.5,0.5,"[0, 8]",1.0,True,0.01331456,0.00225381,0.01115609,True
50,1,25,T6,0.08089676,-0.06167617,0.0920634,0.5,0.5,"[0, 8]",1.0,True,0.01331456,0.00225381,0.01115609,True
50,1,26,Oz,0.07693429,0.04196801,0.07950526,0.5,0.5,"[0, 8]",1.0,True,0.01331456,0.00225381,0.01115609,True
50,1,27,O1,0.12182833,0.05556697,0.13236175,0.5,0.5,"[0, 8]",1.0,True,0.01331456,0.00225381,0.01115609,True
50,1,28,O2,0.14380893,-0.02381325,0.1465923,0.5,0.5,"[0, 8]",1.0,True,0.01331456,0.00225381,0.01115609,True
50,2,0,Fp1,0.11765173,-0.10188676,0.13033742,0.75,0.75,"[4, 4]",0.5,False,0.17424652,0.04128803,0.14599879,True
50,2,1,Fp2,0.06299348,0.04188281,0.08306833,0.75,0.75,"[4, 4]",0.5,False,0.17424652,0.04128803,0.14599879,True
50,2,2,Fz,0.10368817,-0.10368817,0.11969686,0.75,0.75,"[4, 4]",0.5,False,0.17424652,0.04128803,0.14599879,True
50,2,3,F3,0.09244037,0.03569121,0.09751028,0.75,0.75,"[4, 4]",0.5,False,0.17424652,0.04128803,0.14599879,True
50,2,4,F4,0.09074187,0.00594933,0.10428518,0.75,0.75,"[4, 4]",0.5,False,0.17424652,0.04128803,0.14599879,True
50,2,5,F7,0.09055819,0.07275063,0.09798554,0.75,0.75,"[4, 4]",0.5,False,0.17424652,0.04128803,0.14599879,True
50,2,6,F8,0.0883944,-0.05575967,0.09054867,0.75,0.75,"[4, 4]",0.5,False,0.17424652,0.04128803,0.14599879,True
50,2,7,FCz,0.09369941,0.09369941,0.10795206,0.75,0.75,"[4, 4]",0.5,False,0.17424652,0.04128803,0.14599879,True
50,2,8,FC3,0.03290995,0.01073566,0.04019613,0.75,0.75,"[4, 4]",0.5,False,0.17424652,0.04128803,0.14599879,True
50,2,9,FC4,0.05652915,-0.05652915,0.07893814,0.75,0.75,"[4, 4]",0.5,False,0.17424652,0.04128803,0.14599879,True
50,2,10,FT7,0.08662955,-0.05261653,0.09797478,0.75,0.75,"[4, 4]",0.5,False,0.17424652,0.04128803,0.14599879,True
50,2,11,FT8,0.07859666,-0.00737681,0.09363014,0.75,0.75,"[4, 4]",0.5,False,0.17424652,0.04128803,0.14599879,True
50,2,12,Cz,0.07544093,0.07544093,0.09120935,0.75,0.75,"[4, 4]",0.5,False,0.17424652,0.04128803,0.14599879,True
50,2,13,C3,0.11720113,0.07838376,0.11968044,0.75,0.75,"[4, 4]",0.5,False,0.17424652,0.04128803,0.14599879,True
50,2,14,C4,0.0734641,-0.06875913,0.08692996,0.75,0.75,"[4, 4]",0.5,False,0.17424652,0.04128803,0.14599879,True
50,2,15,T3,0.14630617,0.14630617,0.14894642,0.75,0.75,"[4, 4]",0.5,False,0.17424652,0.04128803,0.14599879,True
50,2,16,T4,0.1301211,0.00858543,0.13743439,0.75,0.75,"[4, 4]",0.5,False,0.17424652,0.04128803,0.14599879,True
50,2,17,CP3,0.12651059,0.04184312,0.14632151,0.75,0.75,"[4, 4]",0.5,False,0.17424652,0.04128803,0.14599879,True
50,2,18,CP4,0.13400319,0.05314496,0.14850317,0.75,0.75,"[4, 4]",0.5,False,0.17424652,0.04128803,0.14599879,True
50,2,19,TP7,0.07483143,-0.0225172,0.08552797,0.75,0.75,"[4, 4]",0.5,False,0.17424652,0.04128803,0.14599879,True
50,2,20,TP8,0.09409885,-0.05033272,0.10851597,0.75,0.75,"[4, 4]",0.5,False,0.17424652,0.04128803,0.14599879,True
50,2,21,Pz,0.14072528,0.00626141,0.14122213,0.75,0.75,"[4, 4]",0.5,False,0.17424652,0.04128803,0.14599879,True
50,2,22,P3,0.10232291,0.10232291,0.11656471,0.75,0.75,"[4, 4]",0.5,False,0.17424652,0.04128803,0.14599879,True
50,2,23,P4,0.11408685,-0.08264765,0.11830284,0.75,0.75,"[4, 4]",0.5,False,0.17424652,0.04128803,0.14599879,True
50,2,24,T5,0.09122907,0.06875053,0.10366356,0.75,0.75,"[4, 4]",0.5,False,0.17424652,0.04128803,0.14599879,True
50,2,25,T6,0.07576178,-0.05437223,0.08597022,0.75,0.75,"[4, 4]",0.5,False,0.17424652,0.04128803,0.14599879,True
50,2,26,Oz,0.08403636,0.04463283,0.08813988,0.75,0.75,"[4, 4]",0.5,False,0.17424652,0.04128803,0.14599879,True
50,2,27,O1,0.1229133,0.06437041,0.13076128,0.75,0.75,"[4, 4]",0.5,False,0.17424652,0.04128803,0.14599879,True
50,2,28,O2,0.13868725,-0.01289265,0.14079857,0.75,0.75,"[4, 4]",0.5,False,0.17424652,0.04128803,0.14599879,True
50,3,0,Fp1,0.07938988,-0.07288029,0.09837049,0.5,0.5,"[4, 4]",0.5,False,0.53702519,0.13942278,0.44996611,True
50,3,1,Fp2,0.08716002,0.08716002,0.11139813,0.5,0.5,"[4, 4]",0.5,False,0.53702519,0.13942278,0.44996611,True
50,3,2,Fz,0.1004941,-0.08814575,0.11056671,0.5,0.5,"[4, 4]",0.5,False,0.53702519,0.13942278,0.44996611,True
50,3,3,F3,0.08902311,0.03767613,0.09433171,0.5,0.5,"[4, 4]",0.5,False,0.53702519,0.13942278,0.44996611,True
50,3,4,F4,0.10364752,-0.02077929,0.11550879,0.5,0.5,"[4, 4]",0.5,False,0.53702519,0.13942278,0.44996611,True
50,3,5,F7,0.04110849,0.00896328,0.0449351,0.5,0.5,"[4, 4]",0.5,False,0.53702519,0.13942278,0.44996611,True
50,3,6,F8,0.08640258,-0.05458356,0.10509664,0.5,0.5,"[4, 4]",0.5,False,0.53702519,0.13942278,0.44996611,True
50,3,7,FCz,0.1101539,0.1101539,0.12043768,0.5,0.5,"[4, 4]",0.5,False,0.53702519,0.13942278,0.44996611,True
50,3,8,FC3,0.04712247,-0.00106067,0.05253058,0.5,0.5,"[4, 4]",0.5,False,0.53702519,0.13942278,0.44996611,True
50,3,9,FC4,0.07806059,-0.07806059,0.0931638,0.5,0.5,"[4, 4]",0.5,False,0.53702519,0.13942278,0.44996611,True
50,3,10,FT7,0.09741335,-0.06097266,0.12443706,0.5,0.5,"[4, 4]",0.5,False,0.53702519,0.13942278,0.44996611,True
50,3,11,FT8,0.07754488,-0.02909273,0.08831732,0.5,0.5,"[4, 4]",0.5,False,0.53702519,0.13942278,0.44996611,True
50,3,12,Cz,0.10339746,0.10339746,0.11506276,0.5,0.5,"[4, 4]",0.5,False,0.53702519,0.13942278,0.44996611,True
50,3,13,C3,0.08569031,0.04186412,0.08727919,0.5,0.5,"[4, 4]",0.5,False,0.53702519,0.13942278,0.44996611,True
50,3,14,C4,0.06300689,-0.05049169,0.068363,0.5,0.5,"[4, 4]",0.5,False,0.53702519,0.13942278,0.44996611,True
50,3,15,T3,0.14502804,0.14502804,0.15643127,0.5,0.5,"[4, 4]",0.5,False,0.53702519,0.13942278,0.44996611,True
50,3,16,T4,0.112539,0.00466371,0.13354674,0.5,0.5,"[4, 4]",0.5,False,0.53702519,0.13942278,0.44996611,True
50,3,17,CP3,0.12476684,-0.00257435,0.14313912,0.5,0.5,"[4, 4]",0.5,False,0.53702519,0.13942278,0.44996611,True
50,3,18,CP4,0.15803027,0.13951781,0.18921089,0.5,0.5,"[4, 4]",0.5,False,0.53702519,0.13942278,0.44996611,True
50,3,19,TP7,0.06599513,-0.04868871,0.09576903,0.5,0.5,"[4, 4]",0.5,False,0.53702519,0.13942278,0.44996611,True
50,3,20,TP8,0.10133308,-0.00165705,0.10783268,0.5,0.5,"[4, 4]",0.5,False,0.53702519,0.13942278,0.44996611,True
50,3,21,Pz,0.13287427,-0.04123357,0.14240281,0.5,0.5,"[4, 4]",0.5,False,0.53702519,0.13942278,0.44996611,True
50,3,22,P3,0.0571768,0.05558906,0.07006545,0.5,0.5,"[4, 4]",0.5,False,0.53702519,0.13942278,0.44996611,True
50,3,23,P4,0.11459182,-0.03308233,0.11796378,0.5,0.5,"[4, 4]",0.5,False,0.53702519,0.13942278,0.44996611,True
50,3,24,T5,0.12480838,0.08976877,0.14702855,0.5,0.5,"[4, 4]",0.5,False,0.53702519,0.13942278,0.44996611,True
50,3,25,T6,0.07832983,-0.04116062,0.09032843,0.5,0.5,"[4, 4]",0.5,False,0.53702519,0.13942278,0.44996611,True
50,3,26,Oz,0.05235767,0.00107984,0.06060706,0.5,0.5,"[4, 4]",0.5,False,0.53702519,0.13942278,0.44996611,True
50,3,27,O1,0.11656654,0.0234008,0.12469272,0.5,0.5,"[4, 4]",0.5,False,0.53702519,0.13942278,0.44996611,True
50,3,28,O2,0.12887666,0.0381963,0.13613099,0.5,0.5,"[4, 4]",0.5,False,0.53702519,0.13942278,0.44996611,True
50,4,0,Fp1,0.05962316,-0.02800306,0.06257558,0.375,0.375,"[1, 7]",0.875,False,0.81510146,0.23481249,0.68296243,True
50,4,1,Fp2,0.0661395,0.02650947,0.07566981,0.375,0.375,"[1, 7]",0.875,False,0.81510146,0.23481249,0.68296243,True
50,4,2,Fz,0.12782498,-0.11807574,0.14248584,0.375,0.375,"[1, 7]",0.875,False,0.81510146,0.23481249,0.68296243,True
50,4,3,F3,0.09045714,0.0119785,0.1036111,0.375,0.375,"[1, 7]",0.875,False,0.81510146,0.23481249,0.68296243,True
50,4,4,F4,0.12723583,0.12723583,0.14034128,0.375,0.375,"[1, 7]",0.875,False,0.81510146,0.23481249,0.68296243,True
50,4,5,F7,0.08597589,0.01556082,0.09366396,0.375,0.375,"[1, 7]",0.875,False,0.81510146,0.23481249,0.68296243,True
50,4,6,F8,0.12341844,-0.05967135,0.133257,0.375,0.375,"[1, 7]",0.875,False,0.81510146,0.23481249,0.68296243,True
50,4,7,FCz,0.07868817,0.04692388,0.08357872,0.375,0.375,"[1, 7]",0.875,False,0.81510146,0.23481249,0.68296243,True
50,4,8,FC3,0.04334211,0.00246639,0.05159169,0.375,0.375,"[1, 7]",0.875,False,0.81510146,0.23481249,0.68296243,True
50,4,9,FC4,0.10200082,-0.09535159,0.13935891,0.375,0.375,"[1, 7]",0.875,False,0.81510146,0.23481249,0.68296243,True
50,4,10,FT7,0.06965633,-0.03969849,0.0742119,0.375,0.375,"[1, 7]",0.875,False,0.81510146,0.23481249,0.68296243,True
50,4,11,FT8,0.11064516,0.05152373,0.12014619,0.375,0.375,"[1, 7]",0.875,False,0.81510146,0.23481249,0.68296243,True
50,4,12,Cz,0.06874296,0.04476395,0.0723025,0.375,0.375,"[1, 7]",0.875,False,0.81510146,0.23481249,0.68296243,True
50,4,13,C3,0.07249463,0.0343735,0.08465192,0.375,0.375,"[1, 7]",0.875,False,0.81510146,0.23481249,0.68296243,True
50,4,14,C4,0.0500437,-0.0500437,0.06033307,0.375,0.375,"[1, 7]",0.875,False,0.81510146,0.23481249,0.68296243,True
50,4,15,T3,0.15649575,0.15649575,0.18131782,0.375,0.375,"[1, 7]",0.875,False,0.81510146,0.23481249,0.68296243,True
50,4,16,T4,0.12466709,0.04811775,0.13558212,0.375,0.375,"[1, 7]",0.875,False,0.81510146,0.23481249,0.68296243,True
50,4,17,CP3,0.1246836,-0.00565732,0.15274516,0.375,0.375,"[1, 7]",0.875,False,0.81510146,0.23481249,0.68296243,True
50,4,18,CP4,0.15564029,0.06484766,0.16761908,0.375,0.375,"[1, 7]",0.875,False,0.81510146,0.23481249,0.68296243,True
50,4,19,TP7,0.08366906,-0.00072417,0.09943546,0.375,0.375,"[1, 7]",0.875,False,0.81510146,0.23481249,0.68296243,True
50,4,20,TP8,0.09183905,-0.05975777,0.11083899,0.375,0.375,"[1, 7]",0.875,False,0.81510146,0.23481249,0.68296243,True
50,4,21,Pz,0.08794232,0.01999396,0.11245855,0.375,0.375,"[1, 7]",0.875,False,0.81510146,0.23481249,0.68296243,True
50,4,22,P3,0.03602417,-0.01778663,0.04093482,0.375,0.375,"[1, 7]",0.875,False,0.81510146,0.23481249,0.68296243,True
50,4,23,P4,0.1066938,-0.03440496,0.11883472,0.375,0.375,"[1, 7]",0.875,False,0.81510146,0.23481249,0.68296243,True
50,4,24,T5,0.05329862,0.02205177,0.05629933,0.375,0.375,"[1, 7]",0.875,False,0.81510146,0.23481249,0.68296243,True
50,4,25,T6,0.09398581,-0.04314189,0.09834047,0.375,0.375,"[1, 7]",0.875,False,0.81510146,0.23481249,0.68296243,True
50,4,26,Oz,0.13777913,0.07236008,0.15797295,0.375,0.375,"[1, 7]",0.875,False,0.81510146,0.23481249,0.68296243,True
50,4,27,O1,0.09937507,0.08892816,0.11856472,0.375,0.375,"[1, 7]",0.875,False,0.81510146,0.23481249,0.68296243,True
50,4,28,O2,0.11893849,0.00970771,0.13030472,0.375,0.375,"[1, 7]",0.875,False,0.81510146,0.23481249,0.68296243,True
50,5,0,Fp1,0.10999288,-0.0965315,0.12312841,0.5,0.5,"[0, 8]",1.0,True,0.01244328,0.00227641,0.01042605,True
50,5,1,Fp2,0.07749335,0.06036258,0.09486283,0.5,0.5,"[0, 8]",1.0,True,0.01244328,0.00227641,0.01042605,True
50,5,2,Fz,0.10448042,-0.09812848,0.11756791,0.5,0.5,"[0, 8]",1.0,True,0.01244328,0.00227641,0.01042605,True
50,5,3,F3,0.08847981,0.02785286,0.09492172,0.5,0.5,"[0, 8]",1.0,True,0.01244328,0.00227641,0.01042605,True
50,5,4,F4,0.09684296,0.01159812,0.1073878,0.5,0.5,"[0, 8]",1.0,True,0.01244328,0.00227641,0.01042605,True
50,5,5,F7,0.08452234,0.08230062,0.09837697,0.5,0.5,"[0, 8]",1.0,True,0.01244328,0.00227641,0.01042605,True
50,5,6,F8,0.07761286,-0.03032601,0.07842907,0.5,0.5,"[0, 8]",1.0,True,0.01244328,0.00227641,0.01042605,True
50,5,7,FCz,0.09881189,0.09881189,0.1136611,0.5,0.5,"[0, 8]",1.0,True,0.01244328,0.00227641,0.01042605,True
50,5,8,FC3,0.03104174,0.006814,0.03791919,0.5,0.5,"[0, 8]",1.0,True,0.01244328,0.00227641,0.01042605,True
50,5,9,FC4,0.05864339,-0.05864339,0.07728803,0.5,0.5,"[0, 8]",1.0,True,0.01244328,0.00227641,0.01042605,True
50,5,10,FT7,0.08997882,-0.05800951,0.10325759,0.5,0.5,"[0, 8]",1.0,True,0.01244328,0.00227641,0.01042605,True
50,5,11,FT8,0.08050683,-0.00321122,0.09731382,0.5,0.5,"[0, 8]",1.0,True,0.01244328,0.00227641,0.01042605,True
50,5,12,Cz,0.07643116,0.07544491,0.09184161,0.5,0.5,"[0, 8]",1.0,True,0.01244328,0.00227641,0.01042605,True
50,5,13,C3,0.1161821,0.07300317,0.11846512,0.5,0.5,"[0, 8]",1.0,True,0.01244328,0.00227641,0.01042605,True
50,5,14,C4,0.08541632,-0.0757326,0.09614339,0.5,0.5,"[0, 8]",1.0,True,0.01244328,0.00227641,0.01042605,True
50,5,15,T3,0.12749891,0.12749891,0.13254327,0.5,0.5,"[0, 8]",1.0,True,0.01244328,0.00227641,0.01042605,True
50,5,16,T4,0.12202567,0.01412722,0.1344585,0.5,0.5,"[0, 8]",1.0,True,0.01244328,0.00227641,0.01042605,True
50,5,17,CP3,0.12085116,0.03402509,0.13976367,0.5,0.5,"[0, 8]",1.0,True,0.01244328,0.00227641,0.01042605,True
50,5,18,CP4,0.11071065,0.0335753,0.12745275,0.5,0.5,"[0, 8]",1.0,True,0.01244328,0.00227641,0.01042605,True
50,5,19,TP7,0.08459469,-0.01914777,0.09456248,0.5,0.5,"[0, 8]",1.0,True,0.01244328,0.00227641,0.01042605,True
50,5,20,TP8,0.08897198,-0.05824147,0.10758921,0.5,0.5,"[0, 8]",1.0,True,0.01244328,0.00227641,0.01042605,True
50,5,21,Pz,0.15286094,0.00623511,0.15303379,0.5,0.5,"[0, 8]",1.0,True,0.01244328,0.00227641,0.01042605,True
50,5,22,P3,0.10828732,0.10828732,0.11778725,0.5,0.5,"[0, 8]",1.0,True,0.01244328,0.00227641,0.01042605,True
50,5,23,P4,0.10555699,-0.09313269,0.11707739,0.5,0.5,"[0, 8]",1.0,True,0.01244328,0.00227641,0.01042605,True
50,5,24,T5,0.10485,0.072944,0.11390974,0.5,0.5,"[0, 8]",1.0,True,0.01244328,0.00227641,0.01042605,True
50,5,25,T6,0.08046769,-0.06179172,0.09169427,0.5,0.5,"[0, 8]",1.0,True,0.01244328,0.00227641,0.01042605,True
50,5,26,Oz,0.07754388,0.04226745,0.08019989,0.5,0.5,"[0, 8]",1.0,True,0.01244328,0.00227641,0.01042605,True
50,5,27,O1,0.12137208,0.05600814,0.13177077,0.5,0.5,"[0, 8]",1.0,True,0.01244328,0.00227641,0.01042605,True
50,5,28,O2,0.14401866,-0.02322746,0.14662728,0.5,0.5,"[0, 8]",1.0,True,0.01244328,0.00227641,0.01042605,True
