{
  "mean_accuracy": 0.5005952380952381,
  "std_accuracy": 0.08269633238555792,
  "mean_balanced_accuracy": 0.5005952380952381,
  "std_balanced_accuracy": 0.08269633238555792,
  "n_groups": 9,
  "n_folds_total": 45
}