{
  "1": {
    "accuracies": [
      0.5,
      0.40625,
      0.5625,
      0.46875,
      0.5
    ],
    "balanced_accuracies": [
      0.5,
      0.40625,
      0.5625,
      0.46875,
      0.5
    ],
    "mean_accuracy": 0.4875,
    "std_accuracy": 0.05077524002897475,
    "mean_balanced_accuracy": 0.4875,
    "std_balanced_accuracy": 0.05077524002897475
  },
  "2": {
    "accuracies": [
      0.375,
      0.40625,
      0.625,
      0.5,
      0.4375
    ],
    "balanced_accuracies": [
      0.375,
      0.40625,
      0.625,
      0.5,
      0.4375
    ],
    "mean_accuracy": 0.46875,
    "std_accuracy": 0.08838834764831845,
    "mean_balanced_accuracy": 0.46875,
    "std_balanced_accuracy": 0.08838834764831845
  },
  "3": {
    "accuracies": [
      0.5625,
      0.53125,
      0.4375,
      0.40625,
      0.65625
    ],
    "balanced_accuracies": [
      0.5625,
      0.53125,
      0.4375,
      0.40625,
      0.65625
    ],
    "mean_accuracy": 0.51875,
    "std_accuracy": 0.08970437559004578,
    "mean_balanced_accuracy": 0.51875,
    "std_balanced_accuracy": 0.08970437559004578
  },
  "4": {
    "accuracies": [
      0.5625,
      0.5,
      0.4375,
      0.59375,
      0.625
    ],
    "balanced_accuracies": [
      0.5625,
      0.5,
      0.4375,
      0.59375,
      0.625
    ],
    "mean_accuracy": 0.54375,
    "std_accuracy": 0.06731456008918131,
    "mean_balanced_accuracy": 0.54375,
    "std_balanced_accuracy": 0.06731456008918131
  },
  "5": {
    "accuracies": [
      0.375,
      0.53125,
      0.40625,
      0.46875,
      0.65625
    ],
    "balanced_accuracies": [
      0.375,
      0.53125,
      0.40625,
      0.46875,
      0.65625
    ],
    "mean_accuracy": 0.4875,
    "std_accuracy": 0.1,
    "mean_balanced_accuracy": 0.4875,
    "std_balanced_accuracy": 0.1
  },
  "6": {
    "accuracies": [
      0.5357142857142857,
      0.4642857142857143,
      0.5357142857142857,
      0.5,
      0.42857142857142855
    ],
    "balanced_accuracies": [
      0.5357142857142857,
      0.4642857142857143,
      0.5357142857142857,
      0.5,
      0.4285714285714286
    ],
    "mean_accuracy": 0.49285714285714277,
    "std_accuracy": 0.041649656391752145,
    "mean_balanced_accuracy": 0.4928571428571429,
    "std_balanced_accuracy": 0.04164965639175213
  },
  "7": {
    "accuracies": [
      0.40625,
      0.625,
      0.5625,
      0.375,
      0.53125
    ],
    "balanced_accuracies": [
      0.40625,
      0.625,
      0.5625,
      0.375,
      0.53125
    ],
    "mean_accuracy": 0.5,
    "std_accuracy": 0.09478594305064438,
    "mean_balanced_accuracy": 0.5,
    "std_balanced_accuracy": 0.09478594305064438
  },
  "8": {
    "accuracies": [
      0.5,
      0.53125,
      0.5,
      0.40625,
      0.375
    ],
    "balanced_accuracies": [
      0.5,
      0.53125,
      0.5,
      0.40625,
      0.375
    ],
    "mean_accuracy": 0.4625,
    "std_accuracy": 0.06059599821770412,
    "mean_balanced_accuracy": 0.4625,
    "std_balanced_accuracy": 0.06059599821770412
  },
  "9": {
    "accuracies": [
      0.40625,
      0.5,
      0.65625,
      0.5625,
      0.59375
    ],
    "balanced_accuracies": [
      0.40625,
      0.5,
      0.65625,
      0.5625,
      0.59375
    ],
    "mean_accuracy": 0.54375,
    "std_accuracy": 0.0852386356061616,
    "mean_balanced_accuracy": 0.54375,
    "std_balanced_accuracy": 0.0852386356061616
  }
}