{
  "mean_accuracy": 0.37,
  "std_accuracy": 0.07314369419163898,
  "mean_balanced_accuracy": 0.37,
  "std_balanced_accuracy": 0.07314369419163896,
  "n_subjects": 1,
  "n_folds_total": 5
}