{
  "51": {
    "accuracies": [
      0.3,
      0.3,
      0.375,
      0.375,
      0.5
    ],
    "balanced_accuracies": [
      0.30000000000000004,
      0.3,
      0.375,
      0.375,
      0.5
    ],
    "mean_accuracy": 0.37,
    "std_accuracy": 0.07314369419163898,
    "mean_balanced_accuracy": 0.37,
    "std_balanced_accuracy": 0.07314369419163896
  }
}