{
  "mean_accuracy": 0.9272005772005774,
  "std_accuracy": 0.041699932998082674,
  "mean_balanced_accuracy": 0.8302597402597404,
  "std_balanced_accuracy": 0.13937510964214112,
  "mean_roc_auc": 0.8935532270759544,
  "std_roc_auc": 0.16195595534398935,
  "primary_metric_name": "roc_auc",
  "primary_metric_mean": 0.8935532270759544,
  "primary_metric_std": 0.16195595534398935,
  "n_subjects": 7,
  "n_folds_total": 35
}