{
  "48": {
    "accuracies": [
      0.9494949494949495,
      0.9621212121212122,
      0.9570707070707071,
      0.9608585858585859,
      0.9595959595959596
    ],
    "balanced_accuracies": [
      0.9,
      0.9318181818181819,
      0.9075757575757576,
      0.928030303030303,
      0.9151515151515152
    ],
    "roc_aucs": [
      0.9844295224977043,
      0.9769283746556474,
      0.9751836547291093,
      0.9838785583103766,
      0.9657770890725436
    ],
    "mean_accuracy": 0.9578282828282829,
    "std_accuracy": 0.004488987079452318,
    "mean_balanced_accuracy": 0.9165151515151516,
    "std_balanced_accuracy": 0.012010861322791761,
    "mean_roc_auc": 0.977239439853076,
    "std_roc_auc": 0.0068041705119081496,
    "primary_metric_name": "roc_auc",
    "primary_metric_mean": 0.977239439853076,
    "primary_metric_std": 0.0068041705119081496
  },
  "49": {
    "accuracies": [
      0.8333333333333334,
      0.9722222222222222,
      0.9595959595959596,
      0.9545454545454546,
      0.9494949494949495
    ],
    "balanced_accuracies": [
      0.5,
      0.9409090909090909,
      0.9181818181818182,
      0.9303030303030303,
      0.8909090909090909
    ],
    "roc_aucs": [
      0.5,
      0.9772325528007346,
      0.978168044077135,
      0.9827823691460055,
      0.9643308080808081
    ],
    "mean_accuracy": 0.9338383838383839,
    "std_accuracy": 0.05081721708325359,
    "mean_balanced_accuracy": 0.8360606060606062,
    "std_balanced_accuracy": 0.16885722964585526,
    "mean_roc_auc": 0.8805027548209367,
    "std_roc_auc": 0.1903500832617921,
    "primary_metric_name": "roc_auc",
    "primary_metric_mean": 0.8805027548209367,
    "primary_metric_std": 0.1903500832617921
  },
  "50": {
    "accuracies": [
      0.9255050505050505,
      0.9305555555555556,
      0.9204545454545454,
      0.9305555555555556,
      0.9368686868686869
    ],
    "balanced_accuracies": [
      0.8613636363636363,
      0.8431818181818183,
      0.8098484848484848,
      0.8613636363636363,
      0.8651515151515152
    ],
    "roc_aucs": [
      0.9497532139577595,
      0.9497015610651974,
      0.9472968319559227,
      0.9416035353535354,
      0.9646062901744721
    ],
    "mean_accuracy": 0.9287878787878787,
    "std_accuracy": 0.0055094505629473415,
    "mean_balanced_accuracy": 0.8481818181818183,
    "std_balanced_accuracy": 0.020639456004676163,
    "mean_roc_auc": 0.9505922865013774,
    "std_roc_auc": 0.007609827873803875,
    "primary_metric_name": "roc_auc",
    "primary_metric_mean": 0.9505922865013774,
    "primary_metric_std": 0.007609827873803875
  },
  "51": {
    "accuracies": [
      0.8333333333333334,
      0.9141414141414141,
      0.9027777777777778,
      0.8333333333333334,
      0.9166666666666666
    ],
    "balanced_accuracies": [
      0.5,
      0.8303030303030303,
      0.8053030303030303,
      0.5,
      0.843939393939394
    ],
    "roc_aucs": [
      0.5,
      0.9245064279155188,
      0.9026515151515152,
      0.5,
      0.9128673094582185
    ],
    "mean_accuracy": 0.880050505050505,
    "std_accuracy": 0.0384303280398925,
    "mean_balanced_accuracy": 0.6959090909090909,
    "std_balanced_accuracy": 0.1604384488449343,
    "mean_roc_auc": 0.7480050505050505,
    "std_roc_auc": 0.20261334597435066,
    "primary_metric_name": "roc_auc",
    "primary_metric_mean": 0.7480050505050505,
    "primary_metric_std": 0.20261334597435066
  },
  "52": {
    "accuracies": [
      0.9393939393939394,
      0.8333333333333334,
      0.946969696969697,
      0.9393939393939394,
      0.9507575757575758
    ],
    "balanced_accuracies": [
      0.8787878787878788,
      0.5,
      0.9015151515151516,
      0.8757575757575757,
      0.8977272727272727
    ],
    "roc_aucs": [
      0.9589302112029384,
      0.5,
      0.9681818181818181,
      0.9450757575757576,
      0.9761019283746556
    ],
    "mean_accuracy": 0.9219696969696971,
    "std_accuracy": 0.04453617714151233,
    "mean_balanced_accuracy": 0.8107575757575758,
    "std_balanced_accuracy": 0.15570745567859834,
    "mean_roc_auc": 0.8696579430670338,
    "std_roc_auc": 0.18511707401088334,
    "primary_metric_name": "roc_auc",
    "primary_metric_mean": 0.8696579430670338,
    "primary_metric_std": 0.18511707401088334
  },
  "53": {
    "accuracies": [
      0.9558080808080808,
      0.9671717171717171,
      0.9646464646464646,
      0.9457070707070707,
      0.952020202020202
    ],
    "balanced_accuracies": [
      0.918939393939394,
      0.9348484848484848,
      0.9333333333333333,
      0.9007575757575758,
      0.9075757575757576
    ],
    "roc_aucs": [
      0.9715392561983471,
      0.9826962809917354,
      0.9893021120293848,
      0.9695707070707071,
      0.9718262167125803
    ],
    "mean_accuracy": 0.957070707070707,
    "std_accuracy": 0.007945521577046592,
    "mean_balanced_accuracy": 0.9190909090909092,
    "std_balanced_accuracy": 0.013563779889293973,
    "mean_roc_auc": 0.976986914600551,
    "std_roc_auc": 0.00768857426554054,
    "primary_metric_name": "roc_auc",
    "primary_metric_mean": 0.976986914600551,
    "primary_metric_std": 0.00768857426554054
  },
  "54": {
    "accuracies": [
      0.9217171717171717,
      0.9507575757575758,
      0.9204545454545454,
      0.928030303030303,
      0.8333333333333334
    ],
    "balanced_accuracies": [
      0.853030303030303,
      0.8825757575757576,
      0.8340909090909091,
      0.8568181818181818,
      0.5
    ],
    "roc_aucs": [
      0.9339072543617999,
      0.9516586317722682,
      0.9304350321395776,
      0.9434400826446281,
      0.5
    ],
    "mean_accuracy": 0.9108585858585858,
    "std_accuracy": 0.04026649568091289,
    "mean_balanced_accuracy": 0.7853030303030304,
    "std_balanced_accuracy": 0.14348620843488508,
    "mean_roc_auc": 0.8518882001836546,
    "std_roc_auc": 0.17610106285233343,
    "primary_metric_name": "roc_auc",
    "primary_metric_mean": 0.8518882001836546,
    "primary_metric_std": 0.17610106285233343
  }
}