{
  "mean_accuracy": 0.491468253968254,
  "std_accuracy": 0.0726569854930846,
  "mean_balanced_accuracy": 0.491468253968254,
  "std_balanced_accuracy": 0.0726569854930846,
  "n_groups": 9,
  "n_folds_total": 45
}