{
  "1": {
    "accuracies": [
      0.65625,
      0.40625,
      0.59375,
      0.46875,
      0.625
    ],
    "balanced_accuracies": [
      0.65625,
      0.40625,
      0.59375,
      0.46875,
      0.625
    ],
    "mean_accuracy": 0.55,
    "std_accuracy": 0.0960143218483576,
    "mean_balanced_accuracy": 0.55,
    "std_balanced_accuracy": 0.0960143218483576
  },
  "2": {
    "accuracies": [
      0.53125,
      0.53125,
      0.46875,
      0.46875,
      0.53125
    ],
    "balanced_accuracies": [
      0.53125,
      0.53125,
      0.46875,
      0.46875,
      0.53125
    ],
    "mean_accuracy": 0.50625,
    "std_accuracy": 0.03061862178478973,
    "mean_balanced_accuracy": 0.50625,
    "std_balanced_accuracy": 0.03061862178478973
  },
  "3": {
    "accuracies": [
      0.53125,
      0.40625,
      0.46875,
      0.46875,
      0.59375
    ],
    "balanced_accuracies": [
      0.53125,
      0.40625,
      0.46875,
      0.46875,
      0.59375
    ],
    "mean_accuracy": 0.49375,
    "std_accuracy": 0.0637377439199098,
    "mean_balanced_accuracy": 0.49375,
    "std_balanced_accuracy": 0.0637377439199098
  },
  "4": {
    "accuracies": [
      0.46875,
      0.5,
      0.625,
      0.5,
      0.53125
    ],
    "balanced_accuracies": [
      0.46875,
      0.5,
      0.625,
      0.5,
      0.53125
    ],
    "mean_accuracy": 0.525,
    "std_accuracy": 0.053764532919016415,
    "mean_balanced_accuracy": 0.525,
    "std_balanced_accuracy": 0.053764532919016415
  },
  "5": {
    "accuracies": [
      0.5,
      0.4375,
      0.3125,
      0.53125,
      0.46875
    ],
    "balanced_accuracies": [
      0.5,
      0.4375,
      0.3125,
      0.53125,
      0.46875
    ],
    "mean_accuracy": 0.45,
    "std_accuracy": 0.07551903733496608,
    "mean_balanced_accuracy": 0.45,
    "std_balanced_accuracy": 0.07551903733496608
  },
  "6": {
    "accuracies": [
      0.5,
      0.5,
      0.5,
      0.4642857142857143,
      0.4642857142857143
    ],
    "balanced_accuracies": [
      0.5,
      0.5,
      0.5,
      0.4642857142857143,
      0.4642857142857143
    ],
    "mean_accuracy": 0.48571428571428577,
    "std_accuracy": 0.01749635530559412,
    "mean_balanced_accuracy": 0.48571428571428577,
    "std_balanced_accuracy": 0.01749635530559412
  },
  "7": {
    "accuracies": [
      0.59375,
      0.4375,
      0.59375,
      0.5,
      0.46875
    ],
    "balanced_accuracies": [
      0.59375,
      0.4375,
      0.59375,
      0.5,
      0.46875
    ],
    "mean_accuracy": 0.51875,
    "std_accuracy": 0.06434768838116875,
    "mean_balanced_accuracy": 0.51875,
    "std_balanced_accuracy": 0.06434768838116875
  },
  "8": {
    "accuracies": [
      0.40625,
      0.5,
      0.4375,
      0.40625,
      0.40625
    ],
    "balanced_accuracies": [
      0.40625,
      0.5,
      0.4375,
      0.40625,
      0.40625
    ],
    "mean_accuracy": 0.43125,
    "std_accuracy": 0.03644344934278313,
    "mean_balanced_accuracy": 0.43125,
    "std_balanced_accuracy": 0.03644344934278313
  },
  "9": {
    "accuracies": [
      0.40625,
      0.40625,
      0.59375,
      0.53125,
      0.375
    ],
    "balanced_accuracies": [
      0.40625,
      0.40625,
      0.59375,
      0.53125,
      0.375
    ],
    "mean_accuracy": 0.4625,
    "std_accuracy": 0.08477912478906585,
    "mean_balanced_accuracy": 0.4625,
    "std_balanced_accuracy": 0.08477912478906585
  }
}