{
  "mean_accuracy": 0.5235714285714286,
  "std_accuracy": 0.09081827560394147,
  "mean_balanced_accuracy": 0.5235714285714286,
  "std_balanced_accuracy": 0.09081827560394146,
  "n_groups": 7,
  "n_folds_total": 35
}