{
  "48": {
    "accuracies": [
      0.5,
      0.45,
      0.4,
      0.475,
      0.55
    ],
    "balanced_accuracies": [
      0.5,
      0.45,
      0.4,
      0.47500000000000003,
      0.55
    ],
    "mean_accuracy": 0.475,
    "std_accuracy": 0.05000000000000001,
    "mean_balanced_accuracy": 0.475,
    "std_balanced_accuracy": 0.05000000000000001
  },
  "49": {
    "accuracies": [
      0.325,
      0.6,
      0.7,
      0.675,
      0.6
    ],
    "balanced_accuracies": [
      0.325,
      0.6,
      0.7,
      0.675,
      0.6
    ],
    "mean_accuracy": 0.58,
    "std_accuracy": 0.13360389215887386,
    "mean_balanced_accuracy": 0.58,
    "std_balanced_accuracy": 0.13360389215887386
  },
  "50": {
    "accuracies": [
      0.5,
      0.55,
      0.55,
      0.35,
      0.425
    ],
    "balanced_accuracies": [
      0.5,
      0.55,
      0.55,
      0.35,
      0.425
    ],
    "mean_accuracy": 0.475,
    "std_accuracy": 0.07745966692414837,
    "mean_balanced_accuracy": 0.475,
    "std_balanced_accuracy": 0.07745966692414837
  },
  "51": {
    "accuracies": [
      0.425,
      0.425,
      0.55,
      0.525,
      0.55
    ],
    "balanced_accuracies": [
      0.425,
      0.42500000000000004,
      0.55,
      0.525,
      0.55
    ],
    "mean_accuracy": 0.49499999999999994,
    "std_accuracy": 0.05787918451395115,
    "mean_balanced_accuracy": 0.4950000000000001,
    "std_balanced_accuracy": 0.05787918451395114
  },
  "52": {
    "accuracies": [
      0.625,
      0.5,
      0.675,
      0.6,
      0.575
    ],
    "balanced_accuracies": [
      0.625,
      0.5,
      0.675,
      0.6,
      0.575
    ],
    "mean_accuracy": 0.595,
    "std_accuracy": 0.05787918451395114,
    "mean_balanced_accuracy": 0.595,
    "std_balanced_accuracy": 0.05787918451395114
  },
  "53": {
    "accuracies": [
      0.525,
      0.5,
      0.35,
      0.55,
      0.5
    ],
    "balanced_accuracies": [
      0.5249999999999999,
      0.5,
      0.35,
      0.55,
      0.5
    ],
    "mean_accuracy": 0.485,
    "std_accuracy": 0.07000000000000002,
    "mean_balanced_accuracy": 0.485,
    "std_balanced_accuracy": 0.06999999999999999
  },
  "54": {
    "accuracies": [
      0.575,
      0.575,
      0.45,
      0.6,
      0.6
    ],
    "balanced_accuracies": [
      0.575,
      0.575,
      0.45,
      0.6,
      0.6
    ],
    "mean_accuracy": 0.5599999999999999,
    "std_accuracy": 0.056124860801609104,
    "mean_balanced_accuracy": 0.5599999999999999,
    "std_balanced_accuracy": 0.056124860801609104
  }
}