{
  "mean_accuracy": 0.6429629629629628,
  "std_accuracy": 0.17501724390840728,
  "mean_balanced_accuracy": 0.6429629629629628,
  "std_balanced_accuracy": 0.17501724390840728,
  "n_groups": 9,
  "n_folds_total": 45
}