{
  "1": {
    "accuracies": [
      0.6,
      0.775,
      0.55,
      0.625,
      0.65
    ],
    "balanced_accuracies": [
      0.6000000000000001,
      0.775,
      0.55,
      0.625,
      0.65
    ],
    "mean_accuracy": 0.6399999999999999,
    "std_accuracy": 0.07516648189186455,
    "mean_balanced_accuracy": 0.6399999999999999,
    "std_balanced_accuracy": 0.07516648189186453
  },
  "2": {
    "accuracies": [
      0.375,
      0.45,
      0.6,
      0.475,
      0.5
    ],
    "balanced_accuracies": [
      0.375,
      0.45,
      0.6,
      0.47500000000000003,
      0.5
    ],
    "mean_accuracy": 0.48,
    "std_accuracy": 0.07314369419163896,
    "mean_balanced_accuracy": 0.48,
    "std_balanced_accuracy": 0.07314369419163896
  },
  "3": {
    "accuracies": [
      0.65,
      0.5,
      0.625,
      0.725,
      0.625
    ],
    "balanced_accuracies": [
      0.65,
      0.5,
      0.625,
      0.725,
      0.625
    ],
    "mean_accuracy": 0.625,
    "std_accuracy": 0.07245688373094719,
    "mean_balanced_accuracy": 0.625,
    "std_balanced_accuracy": 0.07245688373094719
  },
  "4": {
    "accuracies": [
      0.7,
      0.675,
      0.775,
      0.7,
      0.8
    ],
    "balanced_accuracies": [
      0.7,
      0.675,
      0.775,
      0.7,
      0.8
    ],
    "mean_accuracy": 0.7299999999999999,
    "std_accuracy": 0.04847679857416331,
    "mean_balanced_accuracy": 0.7299999999999999,
    "std_balanced_accuracy": 0.04847679857416331
  },
  "5": {
    "accuracies": [
      0.975,
      0.975,
      1.0,
      1.0,
      1.0
    ],
    "balanced_accuracies": [
      0.975,
      0.975,
      1.0,
      1.0,
      1.0
    ],
    "mean_accuracy": 0.99,
    "std_accuracy": 0.012247448713915901,
    "mean_balanced_accuracy": 0.99,
    "std_balanced_accuracy": 0.012247448713915901
  },
  "6": {
    "accuracies": [
      0.75,
      0.85,
      0.775,
      0.825,
      0.9
    ],
    "balanced_accuracies": [
      0.75,
      0.85,
      0.7749999999999999,
      0.825,
      0.8999999999999999
    ],
    "mean_accuracy": 0.8200000000000001,
    "std_accuracy": 0.05338539126015655,
    "mean_balanced_accuracy": 0.82,
    "std_balanced_accuracy": 0.05338539126015654
  },
  "7": {
    "accuracies": [
      0.5,
      0.5,
      0.4791666666666667,
      0.5833333333333334,
      0.375
    ],
    "balanced_accuracies": [
      0.5,
      0.5,
      0.4791666666666667,
      0.5833333333333333,
      0.375
    ],
    "mean_accuracy": 0.4875,
    "std_accuracy": 0.06666666666666668,
    "mean_balanced_accuracy": 0.4875,
    "std_balanced_accuracy": 0.06666666666666664
  },
  "8": {
    "accuracies": [
      0.525,
      0.5,
      0.55,
      0.5,
      0.475
    ],
    "balanced_accuracies": [
      0.525,
      0.5,
      0.55,
      0.5,
      0.475
    ],
    "mean_accuracy": 0.51,
    "std_accuracy": 0.025495097567963948,
    "mean_balanced_accuracy": 0.51,
    "std_balanced_accuracy": 0.025495097567963948
  },
  "9": {
    "accuracies": [
      0.5,
      0.5208333333333334,
      0.5,
      0.5625,
      0.4375
    ],
    "balanced_accuracies": [
      0.5,
      0.5208333333333334,
      0.5,
      0.5625,
      0.4375
    ],
    "mean_accuracy": 0.5041666666666667,
    "std_accuracy": 0.040397332145136085,
    "mean_balanced_accuracy": 0.5041666666666667,
    "std_balanced_accuracy": 0.040397332145136085
  }
}