subject_id,fold_id,channel_index,channel_name,abs_mean_weight,signed_mean_weight,l2_weight,accuracy,balanced_accuracy,prediction_histogram,collapse_ratio,collapse_flag,spatial_delta_l2,spatial_delta_max_abs,spatial_relative_delta,spatial_changed
1,1,0,Fp1,0.1244444,-0.08878755,0.13227002,0.625,0.625,"[5, 3]",0.625,False,0.39499023,0.07197092,0.33095695,True
1,1,1,Fp2,0.06678671,0.04825659,0.08473539,0.625,0.625,"[5, 3]",0.625,False,0.39499023,0.07197092,0.33095695,True
1,1,2,Fz,0.10834439,-0.10834439,0.12480315,0.625,0.625,"[5, 3]",0.625,False,0.39499023,0.07197092,0.33095695,True
1,1,3,F3,0.06513943,-0.01933097,0.09154924,0.625,0.625,"[5, 3]",0.625,False,0.39499023,0.07197092,0.33095695,True
1,1,4,F4,0.1164474,0.01092514,0.12904733,0.625,0.625,"[5, 3]",0.625,False,0.39499023,0.07197092,0.33095695,True
1,1,5,F7,0.07591908,0.06295612,0.08647075,0.625,0.625,"[5, 3]",0.625,False,0.39499023,0.07197092,0.33095695,True
1,1,6,F8,0.07436952,-0.01480757,0.08033098,0.625,0.625,"[5, 3]",0.625,False,0.39499023,0.07197092,0.33095695,True
1,1,7,FCz,0.10982724,0.10982724,0.13853782,0.625,0.625,"[5, 3]",0.625,False,0.39499023,0.07197092,0.33095695,True
1,1,8,FC3,0.03396485,0.00079366,0.04134282,0.625,0.625,"[5, 3]",0.625,False,0.39499023,0.07197092,0.33095695,True
1,1,9,FC4,0.05447842,-0.03301125,0.05924661,0.625,0.625,"[5, 3]",0.625,False,0.39499023,0.07197092,0.33095695,True
1,1,10,FT7,0.09325361,-0.0382731,0.11390277,0.625,0.625,"[5, 3]",0.625,False,0.39499023,0.07197092,0.33095695,True
1,1,11,FT8,0.07371575,-0.00651728,0.08404507,0.625,0.625,"[5, 3]",0.625,False,0.39499023,0.07197092,0.33095695,True
1,1,12,Cz,0.0876399,0.0876399,0.10434485,0.625,0.625,"[5, 3]",0.625,False,0.39499023,0.07197092,0.33095695,True
1,1,13,C3,0.10396302,0.05240731,0.10568838,0.625,0.625,"[5, 3]",0.625,False,0.39499023,0.07197092,0.33095695,True
1,1,14,C4,0.08993546,-0.04810128,0.09091071,0.625,0.625,"[5, 3]",0.625,False,0.39499023,0.07197092,0.33095695,True
1,1,15,T3,0.10187287,0.10187287,0.12063795,0.625,0.625,"[5, 3]",0.625,False,0.39499023,0.07197092,0.33095695,True
1,1,16,T4,0.1152436,-0.00601468,0.13842744,0.625,0.625,"[5, 3]",0.625,False,0.39499023,0.07197092,0.33095695,True
1,1,17,CP3,0.13331953,0.02348933,0.14431539,0.625,0.625,"[5, 3]",0.625,False,0.39499023,0.07197092,0.33095695,True
1,1,18,CP4,0.10938206,0.042555,0.11999394,0.625,0.625,"[5, 3]",0.625,False,0.39499023,0.07197092,0.33095695,True
1,1,19,TP7,0.09629253,-0.05601907,0.11659247,0.625,0.625,"[5, 3]",0.625,False,0.39499023,0.07197092,0.33095695,True
1,1,20,TP8,0.09207344,-0.05098278,0.10435575,0.625,0.625,"[5, 3]",0.625,False,0.39499023,0.07197092,0.33095695,True
1,1,21,Pz,0.15774573,0.03466889,0.16385478,0.625,0.625,"[5, 3]",0.625,False,0.39499023,0.07197092,0.33095695,True
1,1,22,P3,0.09146598,0.09146598,0.10938101,0.625,0.625,"[5, 3]",0.625,False,0.39499023,0.07197092,0.33095695,True
1,1,23,P4,0.08896033,-0.08896033,0.10066786,0.625,0.625,"[5, 3]",0.625,False,0.39499023,0.07197092,0.33095695,True
1,1,24,T5,0.09244642,0.06888602,0.11015081,0.625,0.625,"[5, 3]",0.625,False,0.39499023,0.07197092,0.33095695,True
1,1,25,T6,0.0797735,-0.07086448,0.08991472,0.625,0.625,"[5, 3]",0.625,False,0.39499023,0.07197092,0.33095695,True
1,1,26,Oz,0.07003389,0.04543266,0.07198085,0.625,0.625,"[5, 3]",0.625,False,0.39499023,0.07197092,0.33095695,True
1,1,27,O1,0.17188129,0.09636761,0.17866859,0.625,0.625,"[5, 3]",0.625,False,0.39499023,0.07197092,0.33095695,True
1,1,28,O2,0.11621033,-0.00472059,0.11876525,0.625,0.625,"[5, 3]",0.625,False,0.39499023,0.07197092,0.33095695,True
1,2,0,Fp1,0.13074595,-0.10642338,0.14173806,0.375,0.375,"[3, 5]",0.625,False,0.21963168,0.03850327,0.1840264,True
1,2,1,Fp2,0.08032206,0.04612943,0.09772073,0.375,0.375,"[3, 5]",0.625,False,0.21963168,0.03850327,0.1840264,True
1,2,2,Fz,0.12107698,-0.12107698,0.13447835,0.375,0.375,"[3, 5]",0.625,False,0.21963168,0.03850327,0.1840264,True
1,2,3,F3,0.08399746,0.02675051,0.08659775,0.375,0.375,"[3, 5]",0.625,False,0.21963168,0.03850327,0.1840264,True
1,2,4,F4,0.07956509,-0.00146926,0.09381415,0.375,0.375,"[3, 5]",0.625,False,0.21963168,0.03850327,0.1840264,True
1,2,5,F7,0.08004468,0.07576187,0.09185895,0.375,0.375,"[3, 5]",0.625,False,0.21963168,0.03850327,0.1840264,True
1,2,6,F8,0.07302234,-0.02945508,0.07384717,0.375,0.375,"[3, 5]",0.625,False,0.21963168,0.03850327,0.1840264,True
1,2,7,FCz,0.10067307,0.09429059,0.11939799,0.375,0.375,"[3, 5]",0.625,False,0.21963168,0.03850327,0.1840264,True
1,2,8,FC3,0.02243061,-0.00219803,0.02349012,0.375,0.375,"[3, 5]",0.625,False,0.21963168,0.03850327,0.1840264,True
1,2,9,FC4,0.04667702,-0.04667702,0.06359714,0.375,0.375,"[3, 5]",0.625,False,0.21963168,0.03850327,0.1840264,True
1,2,10,FT7,0.08074747,-0.03674494,0.09450115,0.375,0.375,"[3, 5]",0.625,False,0.21963168,0.03850327,0.1840264,True
1,2,11,FT8,0.08798396,-0.0026944,0.09870694,0.375,0.375,"[3, 5]",0.625,False,0.21963168,0.03850327,0.1840264,True
1,2,12,Cz,0.07711434,0.07711434,0.09388793,0.375,0.375,"[3, 5]",0.625,False,0.21963168,0.03850327,0.1840264,True
1,2,13,C3,0.12816232,0.07076508,0.13077492,0.375,0.375,"[3, 5]",0.625,False,0.21963168,0.03850327,0.1840264,True
1,2,14,C4,0.07811394,-0.07811394,0.09063887,0.375,0.375,"[3, 5]",0.625,False,0.21963168,0.03850327,0.1840264,True
1,2,15,T3,0.11546398,0.11546398,0.12491105,0.375,0.375,"[3, 5]",0.625,False,0.21963168,0.03850327,0.1840264,True
1,2,16,T4,0.11319683,-0.00242245,0.12950847,0.375,0.375,"[3, 5]",0.625,False,0.21963168,0.03850327,0.1840264,True
1,2,17,CP3,0.12094796,0.03314171,0.1398899,0.375,0.375,"[3, 5]",0.625,False,0.21963168,0.03850327,0.1840264,True
1,2,18,CP4,0.11809982,0.0302775,0.13505889,0.375,0.375,"[3, 5]",0.625,False,0.21963168,0.03850327,0.1840264,True
1,2,19,TP7,0.09257343,-0.03563382,0.10972978,0.375,0.375,"[3, 5]",0.625,False,0.21963168,0.03850327,0.1840264,True
1,2,20,TP8,0.08988167,-0.05300903,0.10579572,0.375,0.375,"[3, 5]",0.625,False,0.21963168,0.03850327,0.1840264,True
1,2,21,Pz,0.13642171,0.01904906,0.13787769,0.375,0.375,"[3, 5]",0.625,False,0.21963168,0.03850327,0.1840264,True
1,2,22,P3,0.10630295,0.10630295,0.11555825,0.375,0.375,"[3, 5]",0.625,False,0.21963168,0.03850327,0.1840264,True
1,2,23,P4,0.08142297,-0.07727198,0.09427299,0.375,0.375,"[3, 5]",0.625,False,0.21963168,0.03850327,0.1840264,True
1,2,24,T5,0.10111755,0.06514525,0.10939649,0.375,0.375,"[3, 5]",0.625,False,0.21963168,0.03850327,0.1840264,True
1,2,25,T6,0.07194856,-0.04219058,0.07744852,0.375,0.375,"[3, 5]",0.625,False,0.21963168,0.03850327,0.1840264,True
1,2,26,Oz,0.08239487,0.0538504,0.085756,0.375,0.375,"[3, 5]",0.625,False,0.21963168,0.03850327,0.1840264,True
1,2,27,O1,0.14677246,0.08005537,0.15531933,0.375,0.375,"[3, 5]",0.625,False,0.21963168,0.03850327,0.1840264,True
1,2,28,O2,0.14247347,0.00240467,0.14360802,0.375,0.375,"[3, 5]",0.625,False,0.21963168,0.03850327,0.1840264,True
1,3,0,Fp1,0.10995673,-0.0961512,0.12278918,0.5,0.5,"[2, 6]",0.75,False,0.00323101,0.00030001,0.00270722,True
1,3,1,Fp2,0.07765819,0.06101018,0.09513739,0.5,0.5,"[2, 6]",0.75,False,0.00323101,0.00030001,0.00270722,True
1,3,2,Fz,0.10415175,-0.09863149,0.1176777,0.5,0.5,"[2, 6]",0.75,False,0.00323101,0.00030001,0.00270722,True
1,3,3,F3,0.08762068,0.02726321,0.09445381,0.5,0.5,"[2, 6]",0.75,False,0.00323101,0.00030001,0.00270722,True
1,3,4,F4,0.09753284,0.01235003,0.10783581,0.5,0.5,"[2, 6]",0.75,False,0.00323101,0.00030001,0.00270722,True
1,3,5,F7,0.08395586,0.08137675,0.09745139,0.5,0.5,"[2, 6]",0.75,False,0.00323101,0.00030001,0.00270722,True
1,3,6,F8,0.07779206,-0.02935645,0.07877915,0.5,0.5,"[2, 6]",0.75,False,0.00323101,0.00030001,0.00270722,True
1,3,7,FCz,0.09878289,0.09878289,0.11416791,0.5,0.5,"[2, 6]",0.75,False,0.00323101,0.00030001,0.00270722,True
1,3,8,FC3,0.03099027,0.00587213,0.03766773,0.5,0.5,"[2, 6]",0.75,False,0.00323101,0.00030001,0.00270722,True
1,3,9,FC4,0.05789175,-0.05789175,0.07611097,0.5,0.5,"[2, 6]",0.75,False,0.00323101,0.00030001,0.00270722,True
1,3,10,FT7,0.09071979,-0.05837622,0.1042261,0.5,0.5,"[2, 6]",0.75,False,0.00323101,0.00030001,0.00270722,True
1,3,11,FT8,0.08024118,-0.00338779,0.09720457,0.5,0.5,"[2, 6]",0.75,False,0.00323101,0.00030001,0.00270722,True
1,3,12,Cz,0.07705224,0.07553367,0.09250346,0.5,0.5,"[2, 6]",0.75,False,0.00323101,0.00030001,0.00270722,True
1,3,13,C3,0.11508091,0.07251649,0.1172929,0.5,0.5,"[2, 6]",0.75,False,0.00323101,0.00030001,0.00270722,True
1,3,14,C4,0.08565487,-0.0749746,0.09605841,0.5,0.5,"[2, 6]",0.75,False,0.00323101,0.00030001,0.00270722,True
1,3,15,T3,0.12673478,0.12673478,0.13197485,0.5,0.5,"[2, 6]",0.75,False,0.00323101,0.00030001,0.00270722,True
1,3,16,T4,0.12208758,0.01361595,0.13454799,0.5,0.5,"[2, 6]",0.75,False,0.00323101,0.00030001,0.00270722,True
1,3,17,CP3,0.12112439,0.03294355,0.13946523,0.5,0.5,"[2, 6]",0.75,False,0.00323101,0.00030001,0.00270722,True
1,3,18,CP4,0.11108312,0.03480947,0.12765411,0.5,0.5,"[2, 6]",0.75,False,0.00323101,0.00030001,0.00270722,True
1,3,19,TP7,0.08442776,-0.01873145,0.0944825,0.5,0.5,"[2, 6]",0.75,False,0.00323101,0.00030001,0.00270722,True
1,3,20,TP8,0.08911946,-0.05901341,0.10810004,0.5,0.5,"[2, 6]",0.75,False,0.00323101,0.00030001,0.00270722,True
1,3,21,Pz,0.15288901,0.00688239,0.15309027,0.5,0.5,"[2, 6]",0.75,False,0.00323101,0.00030001,0.00270722,True
1,3,22,P3,0.10830744,0.10830744,0.11754786,0.5,0.5,"[2, 6]",0.75,False,0.00323101,0.00030001,0.00270722,True
1,3,23,P4,0.10466342,-0.09271532,0.11653232,0.5,0.5,"[2, 6]",0.75,False,0.00323101,0.00030001,0.00270722,True
1,3,24,T5,0.10530555,0.07343882,0.11467037,0.5,0.5,"[2, 6]",0.75,False,0.00323101,0.00030001,0.00270722,True
1,3,25,T6,0.08112548,-0.06220652,0.09237508,0.5,0.5,"[2, 6]",0.75,False,0.00323101,0.00030001,0.00270722,True
1,3,26,Oz,0.07762076,0.04241759,0.07997135,0.5,0.5,"[2, 6]",0.75,False,0.00323101,0.00030001,0.00270722,True
1,3,27,O1,0.12186214,0.05623302,0.13213171,0.5,0.5,"[2, 6]",0.75,False,0.00323101,0.00030001,0.00270722,True
1,3,28,O2,0.14399138,-0.02353954,0.14670473,0.5,0.5,"[2, 6]",0.75,False,0.00323101,0.00030001,0.00270722,True
1,4,0,Fp1,0.12020775,-0.07879709,0.12617508,0.625,0.625,"[5, 3]",0.625,False,0.78392858,0.18142587,0.6568431,True
1,4,1,Fp2,0.08674359,0.05760727,0.0999417,0.625,0.625,"[5, 3]",0.625,False,0.78392858,0.18142587,0.6568431,True
1,4,2,Fz,0.06592841,-0.01589314,0.07719705,0.625,0.625,"[5, 3]",0.625,False,0.78392858,0.18142587,0.6568431,True
1,4,3,F3,0.05422448,-0.03793419,0.07833346,0.625,0.625,"[5, 3]",0.625,False,0.78392858,0.18142587,0.6568431,True
1,4,4,F4,0.13711305,0.06368653,0.13916184,0.625,0.625,"[5, 3]",0.625,False,0.78392858,0.18142587,0.6568431,True
1,4,5,F7,0.07394014,0.06016603,0.07925216,0.625,0.625,"[5, 3]",0.625,False,0.78392858,0.18142587,0.6568431,True
1,4,6,F8,0.04347482,-0.00302812,0.04975921,0.625,0.625,"[5, 3]",0.625,False,0.78392858,0.18142587,0.6568431,True
1,4,7,FCz,0.10148983,0.07309709,0.10522036,0.625,0.625,"[5, 3]",0.625,False,0.78392858,0.18142587,0.6568431,True
1,4,8,FC3,0.08081532,-0.05522048,0.09058905,0.625,0.625,"[5, 3]",0.625,False,0.78392858,0.18142587,0.6568431,True
1,4,9,FC4,0.08208241,-0.04805245,0.09526577,0.625,0.625,"[5, 3]",0.625,False,0.78392858,0.18142587,0.6568431,True
1,4,10,FT7,0.07028203,0.020634,0.0810091,0.625,0.625,"[5, 3]",0.625,False,0.78392858,0.18142587,0.6568431,True
1,4,11,FT8,0.06180543,-0.01092601,0.081122,0.625,0.625,"[5, 3]",0.625,False,0.78392858,0.18142587,0.6568431,True
1,4,12,Cz,0.09459293,0.09459293,0.11345284,0.625,0.625,"[5, 3]",0.625,False,0.78392858,0.18142587,0.6568431,True
1,4,13,C3,0.17123994,0.07436145,0.17283365,0.625,0.625,"[5, 3]",0.625,False,0.78392858,0.18142587,0.6568431,True
1,4,14,C4,0.13425827,-0.13423556,0.15624765,0.625,0.625,"[5, 3]",0.625,False,0.78392858,0.18142587,0.6568431,True
1,4,15,T3,0.12307779,0.12307779,0.14413814,0.625,0.625,"[5, 3]",0.625,False,0.78392858,0.18142587,0.6568431,True
1,4,16,T4,0.11976232,-0.04667444,0.17210388,0.625,0.625,"[5, 3]",0.625,False,0.78392858,0.18142587,0.6568431,True
1,4,17,CP3,0.12351407,0.01135296,0.15031289,0.625,0.625,"[5, 3]",0.625,False,0.78392858,0.18142587,0.6568431,True
1,4,18,CP4,0.11261574,0.0548921,0.16691518,0.625,0.625,"[5, 3]",0.625,False,0.78392858,0.18142587,0.6568431,True
1,4,19,TP7,0.08753143,-0.07111811,0.11446127,0.625,0.625,"[5, 3]",0.625,False,0.78392858,0.18142587,0.6568431,True
1,4,20,TP8,0.07972466,0.00819002,0.08185674,0.625,0.625,"[5, 3]",0.625,False,0.78392858,0.18142587,0.6568431,True
1,4,21,Pz,0.13079035,0.00457513,0.15283145,0.625,0.625,"[5, 3]",0.625,False,0.78392858,0.18142587,0.6568431,True
1,4,22,P3,0.07363874,0.0357079,0.09261888,0.625,0.625,"[5, 3]",0.625,False,0.78392858,0.18142587,0.6568431,True
1,4,23,P4,0.04916028,-0.04762211,0.07260514,0.625,0.625,"[5, 3]",0.625,False,0.78392858,0.18142587,0.6568431,True
1,4,24,T5,0.12826815,0.02384999,0.13638106,0.625,0.625,"[5, 3]",0.625,False,0.78392858,0.18142587,0.6568431,True
1,4,25,T6,0.03825217,-0.03567521,0.05184793,0.625,0.625,"[5, 3]",0.625,False,0.78392858,0.18142587,0.6568431,True
1,4,26,Oz,0.08142795,0.00441147,0.09029013,0.625,0.625,"[5, 3]",0.625,False,0.78392858,0.18142587,0.6568431,True
1,4,27,O1,0.1023697,0.0655769,0.11764339,0.625,0.625,"[5, 3]",0.625,False,0.78392858,0.18142587,0.6568431,True
1,4,28,O2,0.08064741,0.00244917,0.09815973,0.625,0.625,"[5, 3]",0.625,False,0.78392858,0.18142587,0.6568431,True
1,5,0,Fp1,0.11010674,-0.09600121,0.12282328,0.5,0.5,"[0, 8]",1.0,True,0.00323105,0.00030001,0.00270725,True
1,5,1,Fp2,0.07765819,0.06101018,0.09513739,0.5,0.5,"[0, 8]",1.0,True,0.00323105,0.00030001,0.00270725,True
1,5,2,Fz,0.10400175,-0.0984815,0.11749455,0.5,0.5,"[0, 8]",1.0,True,0.00323105,0.00030001,0.00270725,True
1,5,3,F3,0.08777068,0.02741321,0.09452514,0.5,0.5,"[0, 8]",1.0,True,0.00323105,0.00030001,0.00270725,True
1,5,4,F4,0.09738284,0.01220003,0.10771842,0.5,0.5,"[0, 8]",1.0,True,0.00323105,0.00030001,0.00270725,True
1,5,5,F7,0.08395586,0.08137675,0.09745139,0.5,0.5,"[0, 8]",1.0,True,0.00323105,0.00030001,0.00270725,True
1,5,6,F8,0.07749207,-0.02905646,0.07850891,0.5,0.5,"[0, 8]",1.0,True,0.00323105,0.00030001,0.00270725,True
1,5,7,FCz,0.09908289,0.09908289,0.11431888,0.5,0.5,"[0, 8]",1.0,True,0.00323105,0.00030001,0.00270725,True
1,5,8,FC3,0.03069028,0.00587213,0.03740624,0.5,0.5,"[0, 8]",1.0,True,0.00323105,0.00030001,0.00270725,True
1,5,9,FC4,0.05774175,-0.05774175,0.07593863,0.5,0.5,"[0, 8]",1.0,True,0.00323105,0.00030001,0.00270725,True
1,5,10,FT7,0.09056979,-0.05852622,0.10413339,0.5,0.5,"[0, 8]",1.0,True,0.00323105,0.00030001,0.00270725,True
1,5,11,FT8,0.08009119,-0.0032378,0.0971603,0.5,0.5,"[0, 8]",1.0,True,0.00323105,0.00030001,0.00270725,True
1,5,12,Cz,0.07705224,0.07583365,0.09273107,0.5,0.5,"[0, 8]",1.0,True,0.00323105,0.00030001,0.00270725,True
1,5,13,C3,0.11553089,0.07266648,0.1177182,0.5,0.5,"[0, 8]",1.0,True,0.00323105,0.00030001,0.00270725,True
1,5,14,C4,0.08565487,-0.0749746,0.09605504,0.5,0.5,"[0, 8]",1.0,True,0.00323105,0.00030001,0.00270725,True
1,5,15,T3,0.12658478,0.12658478,0.13186289,0.5,0.5,"[0, 8]",1.0,True,0.00323105,0.00030001,0.00270725,True
1,5,16,T4,0.12208758,0.01361595,0.13454799,0.5,0.5,"[0, 8]",1.0,True,0.00323105,0.00030001,0.00270725,True
1,5,17,CP3,0.12112439,0.03324354,0.13959108,0.5,0.5,"[0, 8]",1.0,True,0.00323105,0.00030001,0.00270725,True
1,5,18,CP4,0.11093313,0.03465949,0.12743805,0.5,0.5,"[0, 8]",1.0,True,0.00323105,0.00030001,0.00270725,True
1,5,19,TP7,0.08412772,-0.01873149,0.09410919,0.5,0.5,"[0, 8]",1.0,True,0.00323105,0.00030001,0.00270725,True
1,5,20,TP8,0.08896945,-0.0591634,0.10807547,0.5,0.5,"[0, 8]",1.0,True,0.00323105,0.00030001,0.00270725,True
1,5,21,Pz,0.15288901,0.0068824,0.15309027,0.5,0.5,"[0, 8]",1.0,True,0.00323105,0.00030001,0.00270725,True
1,5,22,P3,0.10830745,0.10830745,0.11743119,0.5,0.5,"[0, 8]",1.0,True,0.00323105,0.00030001,0.00270725,True
1,5,23,P4,0.10466341,-0.09271532,0.11653231,0.5,0.5,"[0, 8]",1.0,True,0.00323105,0.00030001,0.00270725,True
1,5,24,T5,0.10515556,0.07328885,0.11447954,0.5,0.5,"[0, 8]",1.0,True,0.00323105,0.00030001,0.00270725,True
1,5,25,T6,0.0811255,-0.06220653,0.09223212,0.5,0.5,"[0, 8]",1.0,True,0.00323105,0.00030001,0.00270725,True
1,5,26,Oz,0.07792076,0.04241759,0.08029734,0.5,0.5,"[0, 8]",1.0,True,0.00323105,0.00030001,0.00270725,True
1,5,27,O1,0.12216212,0.05623303,0.13248841,0.5,0.5,"[0, 8]",1.0,True,0.00323105,0.00030001,0.00270725,True
1,5,28,O2,0.14429137,-0.02353953,0.14696823,0.5,0.5,"[0, 8]",1.0,True,0.00323105,0.00030001,0.00270725,True
2,1,0,Fp1,0.08493244,-0.04999857,0.09118931,0.5,0.5,"[6, 2]",0.75,False,0.55900002,0.10062245,0.46837852,True
2,1,1,Fp2,0.07472362,0.07472362,0.0870221,0.5,0.5,"[6, 2]",0.75,False,0.55900002,0.10062245,0.46837852,True
2,1,2,Fz,0.13624547,-0.13624547,0.14833401,0.5,0.5,"[6, 2]",0.75,False,0.55900002,0.10062245,0.46837852,True
2,1,3,F3,0.09258281,0.01730856,0.10248698,0.5,0.5,"[6, 2]",0.75,False,0.55900002,0.10062245,0.46837852,True
2,1,4,F4,0.10881563,0.02993304,0.11448361,0.5,0.5,"[6, 2]",0.75,False,0.55900002,0.10062245,0.46837852,True
2,1,5,F7,0.13441321,0.10089885,0.14143161,0.5,0.5,"[6, 2]",0.75,False,0.55900002,0.10062245,0.46837852,True
2,1,6,F8,0.05537977,0.00795332,0.07491381,0.5,0.5,"[6, 2]",0.75,False,0.55900002,0.10062245,0.46837852,True
2,1,7,FCz,0.10577213,0.06509767,0.1278491,0.5,0.5,"[6, 2]",0.75,False,0.55900002,0.10062245,0.46837852,True
2,1,8,FC3,0.04861701,-0.00854297,0.0560917,0.5,0.5,"[6, 2]",0.75,False,0.55900002,0.10062245,0.46837852,True
2,1,9,FC4,0.04494034,-0.04494034,0.05287528,0.5,0.5,"[6, 2]",0.75,False,0.55900002,0.10062245,0.46837852,True
2,1,10,FT7,0.11476734,-0.05014381,0.11788455,0.5,0.5,"[6, 2]",0.75,False,0.55900002,0.10062245,0.46837852,True
2,1,11,FT8,0.06444124,0.03335588,0.07601587,0.5,0.5,"[6, 2]",0.75,False,0.55900002,0.10062245,0.46837852,True
2,1,12,Cz,0.09863138,0.04314292,0.11310003,0.5,0.5,"[6, 2]",0.75,False,0.55900002,0.10062245,0.46837852,True
2,1,13,C3,0.08783524,0.00312088,0.10451816,0.5,0.5,"[6, 2]",0.75,False,0.55900002,0.10062245,0.46837852,True
2,1,14,C4,0.09715903,-0.05728027,0.10325853,0.5,0.5,"[6, 2]",0.75,False,0.55900002,0.10062245,0.46837852,True
2,1,15,T3,0.15453155,0.15453155,0.15560491,0.5,0.5,"[6, 2]",0.75,False,0.55900002,0.10062245,0.46837852,True
2,1,16,T4,0.10635997,0.04632167,0.11615434,0.5,0.5,"[6, 2]",0.75,False,0.55900002,0.10062245,0.46837852,True
2,1,17,CP3,0.12824306,-0.01103945,0.15877135,0.5,0.5,"[6, 2]",0.75,False,0.55900002,0.10062245,0.46837852,True
2,1,18,CP4,0.1126017,0.03044052,0.12972179,0.5,0.5,"[6, 2]",0.75,False,0.55900002,0.10062245,0.46837852,True
2,1,19,TP7,0.05833238,-0.021218,0.08421477,0.5,0.5,"[6, 2]",0.75,False,0.55900002,0.10062245,0.46837852,True
2,1,20,TP8,0.04982478,-0.02284966,0.0543703,0.5,0.5,"[6, 2]",0.75,False,0.55900002,0.10062245,0.46837852,True
2,1,21,Pz,0.13662206,-0.04180191,0.14692181,0.5,0.5,"[6, 2]",0.75,False,0.55900002,0.10062245,0.46837852,True
2,1,22,P3,0.04453918,0.03637768,0.05388793,0.5,0.5,"[6, 2]",0.75,False,0.55900002,0.10062245,0.46837852,True
2,1,23,P4,0.10164224,-0.08743808,0.11026637,0.5,0.5,"[6, 2]",0.75,False,0.55900002,0.10062245,0.46837852,True
2,1,24,T5,0.10613017,0.06618015,0.11958894,0.5,0.5,"[6, 2]",0.75,False,0.55900002,0.10062245,0.46837852,True
2,1,25,T6,0.09493368,-0.03102277,0.10348721,0.5,0.5,"[6, 2]",0.75,False,0.55900002,0.10062245,0.46837852,True
2,1,26,Oz,0.09642105,0.055287,0.10194468,0.5,0.5,"[6, 2]",0.75,False,0.55900002,0.10062245,0.46837852,True
2,1,27,O1,0.09343295,0.04480981,0.10839207,0.5,0.5,"[6, 2]",0.75,False,0.55900002,0.10062245,0.46837852,True
2,1,28,O2,0.14452541,-0.01738608,0.14840992,0.5,0.5,"[6, 2]",0.75,False,0.55900002,0.10062245,0.46837852,True
2,2,0,Fp1,0.11392179,-0.09496479,0.12779166,0.875,0.875,"[5, 3]",0.625,False,0.20247249,0.03670131,0.16964895,True
2,2,1,Fp2,0.07145989,0.06622519,0.08653362,0.875,0.875,"[5, 3]",0.625,False,0.20247249,0.03670131,0.16964895,True
2,2,2,Fz,0.11251581,-0.11251581,0.12875627,0.875,0.875,"[5, 3]",0.625,False,0.20247249,0.03670131,0.16964895,True
2,2,3,F3,0.08556142,0.02085495,0.0917078,0.875,0.875,"[5, 3]",0.625,False,0.20247249,0.03670131,0.16964895,True
2,2,4,F4,0.09466808,0.004693,0.10775226,0.875,0.875,"[5, 3]",0.625,False,0.20247249,0.03670131,0.16964895,True
2,2,5,F7,0.10160768,0.08672015,0.11103211,0.875,0.875,"[5, 3]",0.625,False,0.20247249,0.03670131,0.16964895,True
2,2,6,F8,0.07977019,-0.0252541,0.08446053,0.875,0.875,"[5, 3]",0.625,False,0.20247249,0.03670131,0.16964895,True
2,2,7,FCz,0.08241103,0.08241103,0.09907521,0.875,0.875,"[5, 3]",0.625,False,0.20247249,0.03670131,0.16964895,True
2,2,8,FC3,0.02310378,0.00539039,0.02379999,0.875,0.875,"[5, 3]",0.625,False,0.20247249,0.03670131,0.16964895,True
2,2,9,FC4,0.06494428,-0.06006743,0.0821017,0.875,0.875,"[5, 3]",0.625,False,0.20247249,0.03670131,0.16964895,True
2,2,10,FT7,0.08936529,-0.05982291,0.10123623,0.875,0.875,"[5, 3]",0.625,False,0.20247249,0.03670131,0.16964895,True
2,2,11,FT8,0.06941485,0.01815691,0.09504808,0.875,0.875,"[5, 3]",0.625,False,0.20247249,0.03670131,0.16964895,True
2,2,12,Cz,0.07223764,0.05926326,0.0849047,0.875,0.875,"[5, 3]",0.625,False,0.20247249,0.03670131,0.16964895,True
2,2,13,C3,0.11474085,0.05668716,0.11549494,0.875,0.875,"[5, 3]",0.625,False,0.20247249,0.03670131,0.16964895,True
2,2,14,C4,0.08218998,-0.06396497,0.09372893,0.875,0.875,"[5, 3]",0.625,False,0.20247249,0.03670131,0.16964895,True
2,2,15,T3,0.14547433,0.14547433,0.14741208,0.875,0.875,"[5, 3]",0.625,False,0.20247249,0.03670131,0.16964895,True
2,2,16,T4,0.12859443,0.02088579,0.13598482,0.875,0.875,"[5, 3]",0.625,False,0.20247249,0.03670131,0.16964895,True
2,2,17,CP3,0.13565509,0.01569392,0.14871402,0.875,0.875,"[5, 3]",0.625,False,0.20247249,0.03670131,0.16964895,True
2,2,18,CP4,0.10840625,0.02931936,0.13037321,0.875,0.875,"[5, 3]",0.625,False,0.20247249,0.03670131,0.16964895,True
2,2,19,TP7,0.08004662,-0.01447494,0.09342699,0.875,0.875,"[5, 3]",0.625,False,0.20247249,0.03670131,0.16964895,True
2,2,20,TP8,0.06855186,-0.05454889,0.08919525,0.875,0.875,"[5, 3]",0.625,False,0.20247249,0.03670131,0.16964895,True
2,2,21,Pz,0.15437329,-0.00751135,0.15471525,0.875,0.875,"[5, 3]",0.625,False,0.20247249,0.03670131,0.16964895,True
2,2,22,P3,0.10525053,0.10525053,0.12194497,0.875,0.875,"[5, 3]",0.625,False,0.20247249,0.03670131,0.16964895,True
2,2,23,P4,0.09619354,-0.08313874,0.10631887,0.875,0.875,"[5, 3]",0.625,False,0.20247249,0.03670131,0.16964895,True
2,2,24,T5,0.11016387,0.0769572,0.12146127,0.875,0.875,"[5, 3]",0.625,False,0.20247249,0.03670131,0.16964895,True
2,2,25,T6,0.08607049,-0.05408997,0.09147567,0.875,0.875,"[5, 3]",0.625,False,0.20247249,0.03670131,0.16964895,True
2,2,26,Oz,0.08230698,0.04173166,0.0834853,0.875,0.875,"[5, 3]",0.625,False,0.20247249,0.03670131,0.16964895,True
2,2,27,O1,0.13687667,0.06404042,0.14322257,0.875,0.875,"[5, 3]",0.625,False,0.20247249,0.03670131,0.16964895,True
2,2,28,O2,0.1345443,-0.02605068,0.13765748,0.875,0.875,"[5, 3]",0.625,False,0.20247249,0.03670131,0.16964895,True
2,3,0,Fp1,0.05582641,-0.03939963,0.06208651,0.75,0.75,"[2, 6]",0.75,False,0.70692251,0.16733547,0.59232076,True
2,3,1,Fp2,0.05240998,0.04839523,0.06107128,0.75,0.75,"[2, 6]",0.75,False,0.70692251,0.16733547,0.59232076,True
2,3,2,Fz,0.12306874,-0.12306874,0.13895471,0.75,0.75,"[2, 6]",0.75,False,0.70692251,0.16733547,0.59232076,True
2,3,3,F3,0.09021524,0.0428763,0.09559046,0.75,0.75,"[2, 6]",0.75,False,0.70692251,0.16733547,0.59232076,True
2,3,4,F4,0.06782287,0.02319709,0.08044193,0.75,0.75,"[2, 6]",0.75,False,0.70692251,0.16733547,0.59232076,True
2,3,5,F7,0.15109944,0.10815546,0.16691421,0.75,0.75,"[2, 6]",0.75,False,0.70692251,0.16733547,0.59232076,True
2,3,6,F8,0.066914,-0.01300182,0.07459172,0.75,0.75,"[2, 6]",0.75,False,0.70692251,0.16733547,0.59232076,True
2,3,7,FCz,0.08939351,0.06309505,0.11672847,0.75,0.75,"[2, 6]",0.75,False,0.70692251,0.16733547,0.59232076,True
2,3,8,FC3,0.0583611,-0.00500916,0.06678011,0.75,0.75,"[2, 6]",0.75,False,0.70692251,0.16733547,0.59232076,True
2,3,9,FC4,0.03644085,-0.02093632,0.04061887,0.75,0.75,"[2, 6]",0.75,False,0.70692251,0.16733547,0.59232076,True
2,3,10,FT7,0.12714884,-0.08512557,0.14444676,0.75,0.75,"[2, 6]",0.75,False,0.70692251,0.16733547,0.59232076,True
2,3,11,FT8,0.06301834,0.05221652,0.06976593,0.75,0.75,"[2, 6]",0.75,False,0.70692251,0.16733547,0.59232076,True
2,3,12,Cz,0.08804381,0.03358579,0.09897321,0.75,0.75,"[2, 6]",0.75,False,0.70692251,0.16733547,0.59232076,True
2,3,13,C3,0.07249189,-0.00962163,0.09789494,0.75,0.75,"[2, 6]",0.75,False,0.70692251,0.16733547,0.59232076,True
2,3,14,C4,0.0944942,-0.0152706,0.10668727,0.75,0.75,"[2, 6]",0.75,False,0.70692251,0.16733547,0.59232076,True
2,3,15,T3,0.17455055,0.17455055,0.17759614,0.75,0.75,"[2, 6]",0.75,False,0.70692251,0.16733547,0.59232076,True
2,3,16,T4,0.10613834,0.05519376,0.12660885,0.75,0.75,"[2, 6]",0.75,False,0.70692251,0.16733547,0.59232076,True
2,3,17,CP3,0.15737054,-0.03529116,0.18023102,0.75,0.75,"[2, 6]",0.75,False,0.70692251,0.16733547,0.59232076,True
2,3,18,CP4,0.09881098,0.0267287,0.12268407,0.75,0.75,"[2, 6]",0.75,False,0.70692251,0.16733547,0.59232076,True
2,3,19,TP7,0.03705246,-0.02551297,0.05330883,0.75,0.75,"[2, 6]",0.75,False,0.70692251,0.16733547,0.59232076,True
2,3,20,TP8,0.07593416,-0.05027196,0.089913,0.75,0.75,"[2, 6]",0.75,False,0.70692251,0.16733547,0.59232076,True
2,3,21,Pz,0.15603934,-0.02319684,0.16161039,0.75,0.75,"[2, 6]",0.75,False,0.70692251,0.16733547,0.59232076,True
2,3,22,P3,0.06242023,0.01685852,0.06488852,0.75,0.75,"[2, 6]",0.75,False,0.70692251,0.16733547,0.59232076,True
2,3,23,P4,0.11778816,-0.05380578,0.12096322,0.75,0.75,"[2, 6]",0.75,False,0.70692251,0.16733547,0.59232076,True
2,3,24,T5,0.13058603,0.08565611,0.13968278,0.75,0.75,"[2, 6]",0.75,False,0.70692251,0.16733547,0.59232076,True
2,3,25,T6,0.10631904,-0.03227596,0.10944123,0.75,0.75,"[2, 6]",0.75,False,0.70692251,0.16733547,0.59232076,True
2,3,26,Oz,0.05823815,0.03123742,0.06994904,0.75,0.75,"[2, 6]",0.75,False,0.70692251,0.16733547,0.59232076,True
2,3,27,O1,0.09062885,0.04499997,0.09368475,0.75,0.75,"[2, 6]",0.75,False,0.70692251,0.16733547,0.59232076,True
2,3,28,O2,0.12331284,-0.00457673,0.12992294,0.75,0.75,"[2, 6]",0.75,False,0.70692251,0.16733547,0.59232076,True
2,4,0,Fp1,0.125328,-0.10168467,0.13595448,0.875,0.875,"[5, 3]",0.625,False,0.15851597,0.02516112,0.13281837,True
2,4,1,Fp2,0.07344955,0.06587452,0.08923966,0.875,0.875,"[5, 3]",0.625,False,0.15851597,0.02516112,0.13281837,True
2,4,2,Fz,0.11063002,-0.11063002,0.12614748,0.875,0.875,"[5, 3]",0.625,False,0.15851597,0.02516112,0.13281837,True
2,4,3,F3,0.0859426,0.02200407,0.09544584,0.875,0.875,"[5, 3]",0.625,False,0.15851597,0.02516112,0.13281837,True
2,4,4,F4,0.0960299,0.00497908,0.11024246,0.875,0.875,"[5, 3]",0.625,False,0.15851597,0.02516112,0.13281837,True
2,4,5,F7,0.091,0.0856308,0.10324956,0.875,0.875,"[5, 3]",0.625,False,0.15851597,0.02516112,0.13281837,True
2,4,6,F8,0.07597495,-0.02536059,0.07863289,0.875,0.875,"[5, 3]",0.625,False,0.15851597,0.02516112,0.13281837,True
2,4,7,FCz,0.08871491,0.08718123,0.10898779,0.875,0.875,"[5, 3]",0.625,False,0.15851597,0.02516112,0.13281837,True
2,4,8,FC3,0.03677436,-0.00189491,0.04315915,0.875,0.875,"[5, 3]",0.625,False,0.15851597,0.02516112,0.13281837,True
2,4,9,FC4,0.05448847,-0.05171007,0.07180104,0.875,0.875,"[5, 3]",0.625,False,0.15851597,0.02516112,0.13281837,True
2,4,10,FT7,0.09265316,-0.05624411,0.10091276,0.875,0.875,"[5, 3]",0.625,False,0.15851597,0.02516112,0.13281837,True
2,4,11,FT8,0.08377699,0.00836505,0.09562224,0.875,0.875,"[5, 3]",0.625,False,0.15851597,0.02516112,0.13281837,True
2,4,12,Cz,0.07337181,0.0634453,0.08539314,0.875,0.875,"[5, 3]",0.625,False,0.15851597,0.02516112,0.13281837,True
2,4,13,C3,0.11330325,0.05800828,0.1135295,0.875,0.875,"[5, 3]",0.625,False,0.15851597,0.02516112,0.13281837,True
2,4,14,C4,0.08283454,-0.07056615,0.09151044,0.875,0.875,"[5, 3]",0.625,False,0.15851597,0.02516112,0.13281837,True
2,4,15,T3,0.1342926,0.1342926,0.13704368,0.875,0.875,"[5, 3]",0.625,False,0.15851597,0.02516112,0.13281837,True
2,4,16,T4,0.13003945,0.02617908,0.14005446,0.875,0.875,"[5, 3]",0.625,False,0.15851597,0.02516112,0.13281837,True
2,4,17,CP3,0.12825328,0.01777665,0.14236,0.875,0.875,"[5, 3]",0.625,False,0.15851597,0.02516112,0.13281837,True
2,4,18,CP4,0.11554314,0.03806324,0.1287345,0.875,0.875,"[5, 3]",0.625,False,0.15851597,0.02516112,0.13281837,True
2,4,19,TP7,0.0824433,-0.01458899,0.09410791,0.875,0.875,"[5, 3]",0.625,False,0.15851597,0.02516112,0.13281837,True
2,4,20,TP8,0.07648905,-0.0536206,0.0947694,0.875,0.875,"[5, 3]",0.625,False,0.15851597,0.02516112,0.13281837,True
2,4,21,Pz,0.1608537,-0.00013968,0.1609461,0.875,0.875,"[5, 3]",0.625,False,0.15851597,0.02516112,0.13281837,True
2,4,22,P3,0.09451139,0.09451139,0.10663459,0.875,0.875,"[5, 3]",0.625,False,0.15851597,0.02516112,0.13281837,True
2,4,23,P4,0.1034155,-0.09084137,0.11591694,0.875,0.875,"[5, 3]",0.625,False,0.15851597,0.02516112,0.13281837,True
2,4,24,T5,0.11382904,0.0807652,0.1263314,0.875,0.875,"[5, 3]",0.625,False,0.15851597,0.02516112,0.13281837,True
2,4,25,T6,0.08221923,-0.05354355,0.09268437,0.875,0.875,"[5, 3]",0.625,False,0.15851597,0.02516112,0.13281837,True
2,4,26,Oz,0.07724886,0.05145501,0.08081493,0.875,0.875,"[5, 3]",0.625,False,0.15851597,0.02516112,0.13281837,True
2,4,27,O1,0.13658972,0.06401083,0.14396161,0.875,0.875,"[5, 3]",0.625,False,0.15851597,0.02516112,0.13281837,True
2,4,28,O2,0.12911485,-0.01849179,0.13136706,0.875,0.875,"[5, 3]",0.625,False,0.15851597,0.02516112,0.13281837,True
2,5,0,Fp1,0.11903888,-0.10139212,0.13361476,0.75,0.75,"[4, 4]",0.5,False,0.18076754,0.03180307,0.15146267,True
2,5,1,Fp2,0.06477121,0.05943871,0.08258498,0.75,0.75,"[4, 4]",0.5,False,0.18076754,0.03180307,0.15146267,True
2,5,2,Fz,0.109149,-0.109149,0.12433948,0.75,0.75,"[4, 4]",0.5,False,0.18076754,0.03180307,0.15146267,True
2,5,3,F3,0.08515821,0.0136832,0.09582667,0.75,0.75,"[4, 4]",0.5,False,0.18076754,0.03180307,0.15146267,True
2,5,4,F4,0.09911622,0.01052646,0.11304157,0.75,0.75,"[4, 4]",0.5,False,0.18076754,0.03180307,0.15146267,True
2,5,5,F7,0.09419485,0.0876219,0.10614708,0.75,0.75,"[4, 4]",0.5,False,0.18076754,0.03180307,0.15146267,True
2,5,6,F8,0.07545899,-0.02450838,0.07840609,0.75,0.75,"[4, 4]",0.5,False,0.18076754,0.03180307,0.15146267,True
2,5,7,FCz,0.08862138,0.08823487,0.10840335,0.75,0.75,"[4, 4]",0.5,False,0.18076754,0.03180307,0.15146267,True
2,5,8,FC3,0.02277132,-0.00362402,0.02576456,0.75,0.75,"[4, 4]",0.5,False,0.18076754,0.03180307,0.15146267,True
2,5,9,FC4,0.05247549,-0.05184856,0.07088857,0.75,0.75,"[4, 4]",0.5,False,0.18076754,0.03180307,0.15146267,True
2,5,10,FT7,0.09160741,-0.05883137,0.09978162,0.75,0.75,"[4, 4]",0.5,False,0.18076754,0.03180307,0.15146267,True
2,5,11,FT8,0.07790953,0.00537844,0.09164687,0.75,0.75,"[4, 4]",0.5,False,0.18076754,0.03180307,0.15146267,True
2,5,12,Cz,0.07976061,0.07130033,0.09607421,0.75,0.75,"[4, 4]",0.5,False,0.18076754,0.03180307,0.15146267,True
2,5,13,C3,0.11062922,0.05312389,0.11134981,0.75,0.75,"[4, 4]",0.5,False,0.18076754,0.03180307,0.15146267,True
2,5,14,C4,0.08436755,-0.07190644,0.09458252,0.75,0.75,"[4, 4]",0.5,False,0.18076754,0.03180307,0.15146267,True
2,5,15,T3,0.1396846,0.1396846,0.14154096,0.75,0.75,"[4, 4]",0.5,False,0.18076754,0.03180307,0.15146267,True
2,5,16,T4,0.12937209,0.02872551,0.13826492,0.75,0.75,"[4, 4]",0.5,False,0.18076754,0.03180307,0.15146267,True
2,5,17,CP3,0.12866288,0.01702345,0.14355247,0.75,0.75,"[4, 4]",0.5,False,0.18076754,0.03180307,0.15146267,True
2,5,18,CP4,0.10405201,0.02791793,0.12377413,0.75,0.75,"[4, 4]",0.5,False,0.18076754,0.03180307,0.15146267,True
2,5,19,TP7,0.07930985,-0.01093518,0.09183647,0.75,0.75,"[4, 4]",0.5,False,0.18076754,0.03180307,0.15146267,True
2,5,20,TP8,0.06705265,-0.05380766,0.08760038,0.75,0.75,"[4, 4]",0.5,False,0.18076754,0.03180307,0.15146267,True
2,5,21,Pz,0.15585764,-0.00462885,0.15606458,0.75,0.75,"[4, 4]",0.5,False,0.18076754,0.03180307,0.15146267,True
2,5,22,P3,0.08999225,0.08999225,0.10302663,0.75,0.75,"[4, 4]",0.5,False,0.18076754,0.03180307,0.15146267,True
2,5,23,P4,0.09744987,-0.09027003,0.1121121,0.75,0.75,"[4, 4]",0.5,False,0.18076754,0.03180307,0.15146267,True
2,5,24,T5,0.11903423,0.08567747,0.13250385,0.75,0.75,"[4, 4]",0.5,False,0.18076754,0.03180307,0.15146267,True
2,5,25,T6,0.09049489,-0.05787849,0.09656856,0.75,0.75,"[4, 4]",0.5,False,0.18076754,0.03180307,0.15146267,True
2,5,26,Oz,0.08016794,0.04312675,0.08298337,0.75,0.75,"[4, 4]",0.5,False,0.18076754,0.03180307,0.15146267,True
2,5,27,O1,0.13817862,0.06543531,0.14414564,0.75,0.75,"[4, 4]",0.5,False,0.18076754,0.03180307,0.15146267,True
2,5,28,O2,0.13512576,-0.02182708,0.13718319,0.75,0.75,"[4, 4]",0.5,False,0.18076754,0.03180307,0.15146267,True
3,1,0,Fp1,0.07119647,-0.07119647,0.09155393,0.625,0.625,"[7, 1]",0.875,False,0.82134504,0.15518139,0.68819384,True
3,1,1,Fp2,0.04578463,0.02855884,0.05398819,0.625,0.625,"[7, 1]",0.875,False,0.82134504,0.15518139,0.68819384,True
3,1,2,Fz,0.14404687,-0.14404687,0.16267757,0.625,0.625,"[7, 1]",0.875,False,0.82134504,0.15518139,0.68819384,True
3,1,3,F3,0.05876303,-0.00620583,0.06597705,0.625,0.625,"[7, 1]",0.875,False,0.82134504,0.15518139,0.68819384,True
3,1,4,F4,0.08779065,0.00981444,0.09832519,0.625,0.625,"[7, 1]",0.875,False,0.82134504,0.15518139,0.68819384,True
3,1,5,F7,0.12406936,0.12406936,0.13993813,0.625,0.625,"[7, 1]",0.875,False,0.82134504,0.15518139,0.68819384,True
3,1,6,F8,0.02956106,-0.02299227,0.03545011,0.625,0.625,"[7, 1]",0.875,False,0.82134504,0.15518139,0.68819384,True
3,1,7,FCz,0.06932007,0.01952071,0.07297109,0.625,0.625,"[7, 1]",0.875,False,0.82134504,0.15518139,0.68819384,True
3,1,8,FC3,0.06716847,-0.0449409,0.07196166,0.625,0.625,"[7, 1]",0.875,False,0.82134504,0.15518139,0.68819384,True
3,1,9,FC4,0.0428991,0.01603008,0.04963678,0.625,0.625,"[7, 1]",0.875,False,0.82134504,0.15518139,0.68819384,True
3,1,10,FT7,0.07225639,-0.04643201,0.07788628,0.625,0.625,"[7, 1]",0.875,False,0.82134504,0.15518139,0.68819384,True
3,1,11,FT8,0.09583878,0.07283323,0.10432041,0.625,0.625,"[7, 1]",0.875,False,0.82134504,0.15518139,0.68819384,True
3,1,12,Cz,0.07951159,0.02947305,0.11798351,0.625,0.625,"[7, 1]",0.875,False,0.82134504,0.15518139,0.68819384,True
3,1,13,C3,0.10283826,0.02020287,0.1212049,0.625,0.625,"[7, 1]",0.875,False,0.82134504,0.15518139,0.68819384,True
3,1,14,C4,0.06763375,0.00238125,0.08374022,0.625,0.625,"[7, 1]",0.875,False,0.82134504,0.15518139,0.68819384,True
3,1,15,T3,0.12718076,0.12718076,0.15470697,0.625,0.625,"[7, 1]",0.875,False,0.82134504,0.15518139,0.68819384,True
3,1,16,T4,0.08572963,0.05669904,0.09638884,0.625,0.625,"[7, 1]",0.875,False,0.82134504,0.15518139,0.68819384,True
3,1,17,CP3,0.13570383,-0.0164806,0.16806316,0.625,0.625,"[7, 1]",0.875,False,0.82134504,0.15518139,0.68819384,True
3,1,18,CP4,0.1254707,0.03749589,0.13222435,0.625,0.625,"[7, 1]",0.875,False,0.82134504,0.15518139,0.68819384,True
3,1,19,TP7,0.07848577,-0.07848577,0.08864682,0.625,0.625,"[7, 1]",0.875,False,0.82134504,0.15518139,0.68819384,True
3,1,20,TP8,0.06811468,-0.03108427,0.07911044,0.625,0.625,"[7, 1]",0.875,False,0.82134504,0.15518139,0.68819384,True
3,1,21,Pz,0.19114982,-0.04389969,0.20701779,0.625,0.625,"[7, 1]",0.875,False,0.82134504,0.15518139,0.68819384,True
3,1,22,P3,0.08203833,0.08203833,0.12373673,0.625,0.625,"[7, 1]",0.875,False,0.82134504,0.15518139,0.68819384,True
3,1,23,P4,0.1125728,-0.04723642,0.12273847,0.625,0.625,"[7, 1]",0.875,False,0.82134504,0.15518139,0.68819384,True
3,1,24,T5,0.07140681,0.07140681,0.08472058,0.625,0.625,"[7, 1]",0.875,False,0.82134504,0.15518139,0.68819384,True
3,1,25,T6,0.06553139,-0.02445586,0.07378262,0.625,0.625,"[7, 1]",0.875,False,0.82134504,0.15518139,0.68819384,True
3,1,26,Oz,0.12042375,0.07968412,0.1246629,0.625,0.625,"[7, 1]",0.875,False,0.82134504,0.15518139,0.68819384,True
3,1,27,O1,0.07769687,0.06364191,0.08758526,0.625,0.625,"[7, 1]",0.875,False,0.82134504,0.15518139,0.68819384,True
3,1,28,O2,0.10718693,-0.0428018,0.1235114,0.625,0.625,"[7, 1]",0.875,False,0.82134504,0.15518139,0.68819384,True
3,2,0,Fp1,0.08973639,-0.06654314,0.09384839,0.375,0.375,"[3, 5]",0.625,False,0.41860902,0.06932782,0.35074681,True
3,2,1,Fp2,0.07394539,0.07394539,0.10322963,0.375,0.375,"[3, 5]",0.625,False,0.41860902,0.06932782,0.35074681,True
3,2,2,Fz,0.09479336,-0.06377731,0.09751876,0.375,0.375,"[3, 5]",0.625,False,0.41860902,0.06932782,0.35074681,True
3,2,3,F3,0.09748579,0.07012067,0.11391277,0.375,0.375,"[3, 5]",0.625,False,0.41860902,0.06932782,0.35074681,True
3,2,4,F4,0.0888833,-0.02802875,0.11907522,0.375,0.375,"[3, 5]",0.625,False,0.41860902,0.06932782,0.35074681,True
3,2,5,F7,0.09692977,0.09692977,0.10534876,0.375,0.375,"[3, 5]",0.625,False,0.41860902,0.06932782,0.35074681,True
3,2,6,F8,0.11181102,-0.06238905,0.11214796,0.375,0.375,"[3, 5]",0.625,False,0.41860902,0.06932782,0.35074681,True
3,2,7,FCz,0.11165737,0.11165737,0.11839461,0.375,0.375,"[3, 5]",0.625,False,0.41860902,0.06932782,0.35074681,True
3,2,8,FC3,0.02007601,0.003008,0.02157683,0.375,0.375,"[3, 5]",0.625,False,0.41860902,0.06932782,0.35074681,True
3,2,9,FC4,0.04994484,-0.00949411,0.05776835,0.375,0.375,"[3, 5]",0.625,False,0.41860902,0.06932782,0.35074681,True
3,2,10,FT7,0.0919504,-0.0409912,0.09339367,0.375,0.375,"[3, 5]",0.625,False,0.41860902,0.06932782,0.35074681,True
3,2,11,FT8,0.0724864,-0.03153235,0.08102387,0.375,0.375,"[3, 5]",0.625,False,0.41860902,0.06932782,0.35074681,True
3,2,12,Cz,0.07255807,0.06103117,0.08917085,0.375,0.375,"[3, 5]",0.625,False,0.41860902,0.06932782,0.35074681,True
3,2,13,C3,0.11611684,0.04071718,0.13187148,0.375,0.375,"[3, 5]",0.625,False,0.41860902,0.06932782,0.35074681,True
3,2,14,C4,0.08931816,-0.05216105,0.09410838,0.375,0.375,"[3, 5]",0.625,False,0.41860902,0.06932782,0.35074681,True
3,2,15,T3,0.10890453,0.10890453,0.12590133,0.375,0.375,"[3, 5]",0.625,False,0.41860902,0.06932782,0.35074681,True
3,2,16,T4,0.12209561,-0.01355369,0.13783786,0.375,0.375,"[3, 5]",0.625,False,0.41860902,0.06932782,0.35074681,True
3,2,17,CP3,0.11980432,0.04041893,0.13219428,0.375,0.375,"[3, 5]",0.625,False,0.41860902,0.06932782,0.35074681,True
3,2,18,CP4,0.1171426,0.0340278,0.13349983,0.375,0.375,"[3, 5]",0.625,False,0.41860902,0.06932782,0.35074681,True
3,2,19,TP7,0.07324523,-0.04217023,0.09065747,0.375,0.375,"[3, 5]",0.625,False,0.41860902,0.06932782,0.35074681,True
3,2,20,TP8,0.09456951,-0.05879851,0.11152993,0.375,0.375,"[3, 5]",0.625,False,0.41860902,0.06932782,0.35074681,True
3,2,21,Pz,0.14544009,0.01404625,0.14716205,0.375,0.375,"[3, 5]",0.625,False,0.41860902,0.06932782,0.35074681,True
3,2,22,P3,0.07484747,0.07234842,0.09478638,0.375,0.375,"[3, 5]",0.625,False,0.41860902,0.06932782,0.35074681,True
3,2,23,P4,0.13860571,-0.11376011,0.14858215,0.375,0.375,"[3, 5]",0.625,False,0.41860902,0.06932782,0.35074681,True
3,2,24,T5,0.13473114,0.06835051,0.13632676,0.375,0.375,"[3, 5]",0.625,False,0.41860902,0.06932782,0.35074681,True
3,2,25,T6,0.06903958,-0.05119393,0.08762327,0.375,0.375,"[3, 5]",0.625,False,0.41860902,0.06932782,0.35074681,True
3,2,26,Oz,0.08019368,0.05616948,0.08320569,0.375,0.375,"[3, 5]",0.625,False,0.41860902,0.06932782,0.35074681,True
3,2,27,O1,0.08537363,0.04041489,0.10540093,0.375,0.375,"[3, 5]",0.625,False,0.41860902,0.06932782,0.35074681,True
3,2,28,O2,0.1527707,0.00746354,0.15507779,0.375,0.375,"[3, 5]",0.625,False,0.41860902,0.06932782,0.35074681,True
3,3,0,Fp1,0.06868233,-0.06751034,0.08208326,0.5,0.5,"[2, 6]",0.75,False,0.75158191,0.12818401,0.62974027,True
3,3,1,Fp2,0.07698523,0.02040583,0.10085294,0.5,0.5,"[2, 6]",0.75,False,0.75158191,0.12818401,0.62974027,True
3,3,2,Fz,0.13820978,-0.13820978,0.15197924,0.5,0.5,"[2, 6]",0.75,False,0.75158191,0.12818401,0.62974027,True
3,3,3,F3,0.08574212,0.04726632,0.09251373,0.5,0.5,"[2, 6]",0.75,False,0.75158191,0.12818401,0.62974027,True
3,3,4,F4,0.10169628,-0.01163475,0.11274076,0.5,0.5,"[2, 6]",0.75,False,0.75158191,0.12818401,0.62974027,True
3,3,5,F7,0.13865951,0.13865951,0.14515519,0.5,0.5,"[2, 6]",0.75,False,0.75158191,0.12818401,0.62974027,True
3,3,6,F8,0.06891679,-0.06517677,0.08218171,0.5,0.5,"[2, 6]",0.75,False,0.75158191,0.12818401,0.62974027,True
3,3,7,FCz,0.1103007,0.07688984,0.11388244,0.5,0.5,"[2, 6]",0.75,False,0.75158191,0.12818401,0.62974027,True
3,3,8,FC3,0.05778878,-0.03813161,0.06207171,0.5,0.5,"[2, 6]",0.75,False,0.75158191,0.12818401,0.62974027,True
3,3,9,FC4,0.04104764,-0.02498819,0.04737989,0.5,0.5,"[2, 6]",0.75,False,0.75158191,0.12818401,0.62974027,True
3,3,10,FT7,0.04358606,-0.01424634,0.05149135,0.5,0.5,"[2, 6]",0.75,False,0.75158191,0.12818401,0.62974027,True
3,3,11,FT8,0.06612109,0.03341824,0.07501637,0.5,0.5,"[2, 6]",0.75,False,0.75158191,0.12818401,0.62974027,True
3,3,12,Cz,0.09785505,0.05250038,0.13278042,0.5,0.5,"[2, 6]",0.75,False,0.75158191,0.12818401,0.62974027,True
3,3,13,C3,0.07482927,-0.01331716,0.09872732,0.5,0.5,"[2, 6]",0.75,False,0.75158191,0.12818401,0.62974027,True
3,3,14,C4,0.07179543,-0.00177261,0.08843408,0.5,0.5,"[2, 6]",0.75,False,0.75158191,0.12818401,0.62974027,True
3,3,15,T3,0.09301489,0.0927614,0.13278565,0.5,0.5,"[2, 6]",0.75,False,0.75158191,0.12818401,0.62974027,True
3,3,16,T4,0.09919354,0.07240175,0.10948235,0.5,0.5,"[2, 6]",0.75,False,0.75158191,0.12818401,0.62974027,True
3,3,17,CP3,0.14478648,-0.00382533,0.16968173,0.5,0.5,"[2, 6]",0.75,False,0.75158191,0.12818401,0.62974027,True
3,3,18,CP4,0.1379067,0.07221691,0.1490557,0.5,0.5,"[2, 6]",0.75,False,0.75158191,0.12818401,0.62974027,True
3,3,19,TP7,0.08710461,-0.08710461,0.0994128,0.5,0.5,"[2, 6]",0.75,False,0.75158191,0.12818401,0.62974027,True
3,3,20,TP8,0.05929131,-0.01553448,0.06739382,0.5,0.5,"[2, 6]",0.75,False,0.75158191,0.12818401,0.62974027,True
3,3,21,Pz,0.15382327,-0.00284992,0.16318053,0.5,0.5,"[2, 6]",0.75,False,0.75158191,0.12818401,0.62974027,True
3,3,22,P3,0.05874016,0.04770304,0.07675439,0.5,0.5,"[2, 6]",0.75,False,0.75158191,0.12818401,0.62974027,True
3,3,23,P4,0.13143319,-0.06616417,0.13568152,0.5,0.5,"[2, 6]",0.75,False,0.75158191,0.12818401,0.62974027,True
3,3,24,T5,0.0431913,0.01331361,0.04948962,0.5,0.5,"[2, 6]",0.75,False,0.75158191,0.12818401,0.62974027,True
3,3,25,T6,0.05924875,-0.02455229,0.06527316,0.5,0.5,"[2, 6]",0.75,False,0.75158191,0.12818401,0.62974027,True
3,3,26,Oz,0.09851195,0.09371938,0.11157448,0.5,0.5,"[2, 6]",0.75,False,0.75158191,0.12818401,0.62974027,True
3,3,27,O1,0.07417551,0.06488438,0.09695141,0.5,0.5,"[2, 6]",0.75,False,0.75158191,0.12818401,0.62974027,True
3,3,28,O2,0.14234391,0.01197433,0.15216698,0.5,0.5,"[2, 6]",0.75,False,0.75158191,0.12818401,0.62974027,True
3,4,0,Fp1,0.04733492,-0.03775596,0.06690682,0.75,0.75,"[4, 4]",0.5,False,1.18353791,0.24495337,0.99167033,True
3,4,1,Fp2,0.02271573,-0.01594668,0.02688607,0.75,0.75,"[4, 4]",0.5,False,1.18353791,0.24495337,0.99167033,True
3,4,2,Fz,0.10745916,-0.06477262,0.16530198,0.75,0.75,"[4, 4]",0.5,False,1.18353791,0.24495337,0.99167033,True
3,4,3,F3,0.09647159,0.06012255,0.1149772,0.75,0.75,"[4, 4]",0.5,False,1.18353791,0.24495337,0.99167033,True
3,4,4,F4,0.11810448,0.01509117,0.15631652,0.75,0.75,"[4, 4]",0.5,False,1.18353791,0.24495337,0.99167033,True
3,4,5,F7,0.12191993,0.12191993,0.12861891,0.75,0.75,"[4, 4]",0.5,False,1.18353791,0.24495337,0.99167033,True
3,4,6,F8,0.04393855,-0.03585715,0.04749858,0.75,0.75,"[4, 4]",0.5,False,1.18353791,0.24495337,0.99167033,True
3,4,7,FCz,0.06514923,0.03969341,0.07082126,0.75,0.75,"[4, 4]",0.5,False,1.18353791,0.24495337,0.99167033,True
3,4,8,FC3,0.11516269,0.1091551,0.1326258,0.75,0.75,"[4, 4]",0.5,False,1.18353791,0.24495337,0.99167033,True
3,4,9,FC4,0.02226691,-0.00471515,0.02777734,0.75,0.75,"[4, 4]",0.5,False,1.18353791,0.24495337,0.99167033,True
3,4,10,FT7,0.05835611,-0.03932565,0.07323943,0.75,0.75,"[4, 4]",0.5,False,1.18353791,0.24495337,0.99167033,True
3,4,11,FT8,0.05052724,0.01023118,0.05359154,0.75,0.75,"[4, 4]",0.5,False,1.18353791,0.24495337,0.99167033,True
3,4,12,Cz,0.08664024,0.00485083,0.09862503,0.75,0.75,"[4, 4]",0.5,False,1.18353791,0.24495337,0.99167033,True
3,4,13,C3,0.1206196,-0.11522689,0.15878767,0.75,0.75,"[4, 4]",0.5,False,1.18353791,0.24495337,0.99167033,True
3,4,14,C4,0.10053052,0.06432854,0.12359677,0.75,0.75,"[4, 4]",0.5,False,1.18353791,0.24495337,0.99167033,True
3,4,15,T3,0.07759013,0.06818901,0.11194517,0.75,0.75,"[4, 4]",0.5,False,1.18353791,0.24495337,0.99167033,True
3,4,16,T4,0.045949,0.03423954,0.05512898,0.75,0.75,"[4, 4]",0.5,False,1.18353791,0.24495337,0.99167033,True
3,4,17,CP3,0.08617431,-0.05968416,0.12783231,0.75,0.75,"[4, 4]",0.5,False,1.18353791,0.24495337,0.99167033,True
3,4,18,CP4,0.15567663,0.0543076,0.17927064,0.75,0.75,"[4, 4]",0.5,False,1.18353791,0.24495337,0.99167033,True
3,4,19,TP7,0.13021475,-0.13021475,0.14943516,0.75,0.75,"[4, 4]",0.5,False,1.18353791,0.24495337,0.99167033,True
3,4,20,TP8,0.04287136,0.02587853,0.06332026,0.75,0.75,"[4, 4]",0.5,False,1.18353791,0.24495337,0.99167033,True
3,4,21,Pz,0.12871197,0.07220613,0.14147653,0.75,0.75,"[4, 4]",0.5,False,1.18353791,0.24495337,0.99167033,True
3,4,22,P3,0.08902106,0.06064361,0.10007783,0.75,0.75,"[4, 4]",0.5,False,1.18353791,0.24495337,0.99167033,True
3,4,23,P4,0.19634242,-0.12547994,0.20628147,0.75,0.75,"[4, 4]",0.5,False,1.18353791,0.24495337,0.99167033,True
3,4,24,T5,0.12722199,0.12722199,0.13589145,0.75,0.75,"[4, 4]",0.5,False,1.18353791,0.24495337,0.99167033,True
3,4,25,T6,0.09810187,-0.05270971,0.110818,0.75,0.75,"[4, 4]",0.5,False,1.18353791,0.24495337,0.99167033,True
3,4,26,Oz,0.10256155,0.05139204,0.10493062,0.75,0.75,"[4, 4]",0.5,False,1.18353791,0.24495337,0.99167033,True
3,4,27,O1,0.08568373,-0.01875907,0.0954163,0.75,0.75,"[4, 4]",0.5,False,1.18353791,0.24495337,0.99167033,True
3,4,28,O2,0.06243574,0.00306472,0.06596279,0.75,0.75,"[4, 4]",0.5,False,1.18353791,0.24495337,0.99167033,True
3,5,0,Fp1,0.05313658,-0.05313658,0.06183107,0.75,0.75,"[6, 2]",0.75,False,1.27995006,0.30150935,1.07245275,True
3,5,1,Fp2,0.05981814,-0.03118322,0.06641287,0.75,0.75,"[6, 2]",0.75,False,1.27995006,0.30150935,1.07245275,True
3,5,2,Fz,0.20109878,-0.20109878,0.2212677,0.75,0.75,"[6, 2]",0.75,False,1.27995006,0.30150935,1.07245275,True
3,5,3,F3,0.0776948,0.06683014,0.10040724,0.75,0.75,"[6, 2]",0.75,False,1.27995006,0.30150935,1.07245275,True
3,5,4,F4,0.12041137,0.0856916,0.14689262,0.75,0.75,"[6, 2]",0.75,False,1.27995006,0.30150935,1.07245275,True
3,5,5,F7,0.13684034,0.12197247,0.15407115,0.75,0.75,"[6, 2]",0.75,False,1.27995006,0.30150935,1.07245275,True
3,5,6,F8,0.05041659,-0.05041659,0.05757216,0.75,0.75,"[6, 2]",0.75,False,1.27995006,0.30150935,1.07245275,True
3,5,7,FCz,0.1066515,-0.01415051,0.13586678,0.75,0.75,"[6, 2]",0.75,False,1.27995006,0.30150935,1.07245275,True
3,5,8,FC3,0.05666585,0.02534817,0.06518628,0.75,0.75,"[6, 2]",0.75,False,1.27995006,0.30150935,1.07245275,True
3,5,9,FC4,0.02901635,-0.00177936,0.03487321,0.75,0.75,"[6, 2]",0.75,False,1.27995006,0.30150935,1.07245275,True
3,5,10,FT7,0.10047792,0.10047792,0.10363881,0.75,0.75,"[6, 2]",0.75,False,1.27995006,0.30150935,1.07245275,True
3,5,11,FT8,0.09697347,0.05676385,0.11850351,0.75,0.75,"[6, 2]",0.75,False,1.27995006,0.30150935,1.07245275,True
3,5,12,Cz,0.07071872,0.06412543,0.08293636,0.75,0.75,"[6, 2]",0.75,False,1.27995006,0.30150935,1.07245275,True
3,5,13,C3,0.09542839,-0.04572405,0.12590024,0.75,0.75,"[6, 2]",0.75,False,1.27995006,0.30150935,1.07245275,True
3,5,14,C4,0.14128707,0.1046917,0.15677682,0.75,0.75,"[6, 2]",0.75,False,1.27995006,0.30150935,1.07245275,True
3,5,15,T3,0.05001108,0.05001108,0.0688121,0.75,0.75,"[6, 2]",0.75,False,1.27995006,0.30150935,1.07245275,True
3,5,16,T4,0.08806573,0.00547831,0.10002567,0.75,0.75,"[6, 2]",0.75,False,1.27995006,0.30150935,1.07245275,True
3,5,17,CP3,0.24954095,0.10170472,0.25176018,0.75,0.75,"[6, 2]",0.75,False,1.27995006,0.30150935,1.07245275,True
3,5,18,CP4,0.11603726,0.06327891,0.13469693,0.75,0.75,"[6, 2]",0.75,False,1.27995006,0.30150935,1.07245275,True
3,5,19,TP7,0.11681489,-0.05390043,0.14145365,0.75,0.75,"[6, 2]",0.75,False,1.27995006,0.30150935,1.07245275,True
3,5,20,TP8,0.05576666,0.03433501,0.07138991,0.75,0.75,"[6, 2]",0.75,False,1.27995006,0.30150935,1.07245275,True
3,5,21,Pz,0.08494234,-0.0344394,0.12383199,0.75,0.75,"[6, 2]",0.75,False,1.27995006,0.30150935,1.07245275,True
3,5,22,P3,0.10077951,-0.04610302,0.11973564,0.75,0.75,"[6, 2]",0.75,False,1.27995006,0.30150935,1.07245275,True
3,5,23,P4,0.11266872,0.00906415,0.12001104,0.75,0.75,"[6, 2]",0.75,False,1.27995006,0.30150935,1.07245275,True
3,5,24,T5,0.03812345,0.02378248,0.03988881,0.75,0.75,"[6, 2]",0.75,False,1.27995006,0.30150935,1.07245275,True
3,5,25,T6,0.09270899,-0.09270899,0.12593508,0.75,0.75,"[6, 2]",0.75,False,1.27995006,0.30150935,1.07245275,True
3,5,26,Oz,0.03192593,0.02526321,0.03460091,0.75,0.75,"[6, 2]",0.75,False,1.27995006,0.30150935,1.07245275,True
3,5,27,O1,0.06237265,0.06190848,0.08901446,0.75,0.75,"[6, 2]",0.75,False,1.27995006,0.30150935,1.07245275,True
3,5,28,O2,0.07599698,0.02890023,0.08146925,0.75,0.75,"[6, 2]",0.75,False,1.27995006,0.30150935,1.07245275,True
4,1,0,Fp1,0.11010674,-0.09600121,0.12282328,0.5,0.5,"[0, 8]",1.0,True,0.00323102,0.00030001,0.00270723,True
4,1,1,Fp2,0.07765819,0.06131018,0.09518859,0.5,0.5,"[0, 8]",1.0,True,0.00323102,0.00030001,0.00270723,True
4,1,2,Fz,0.10385175,-0.09833149,0.11734416,0.5,0.5,"[0, 8]",1.0,True,0.00323102,0.00030001,0.00270723,True
4,1,3,F3,0.08792067,0.0275632,0.09472229,0.5,0.5,"[0, 8]",1.0,True,0.00323102,0.00030001,0.00270723,True
4,1,4,F4,0.09753284,0.01265002,0.10765948,0.5,0.5,"[0, 8]",1.0,True,0.00323102,0.00030001,0.00270723,True
4,1,5,F7,0.08425584,0.08167675,0.09774245,0.5,0.5,"[0, 8]",1.0,True,0.00323102,0.00030001,0.00270723,True
4,1,6,F8,0.07749207,-0.02935646,0.07847528,0.5,0.5,"[0, 8]",1.0,True,0.00323102,0.00030001,0.00270723,True
4,1,7,FCz,0.09908289,0.09908289,0.11444443,0.5,0.5,"[0, 8]",1.0,True,0.00323102,0.00030001,0.00270723,True
4,1,8,FC3,0.03069028,0.00587213,0.03740625,0.5,0.5,"[0, 8]",1.0,True,0.00323102,0.00030001,0.00270723,True
4,1,9,FC4,0.05804174,-0.05804174,0.07614105,0.5,0.5,"[0, 8]",1.0,True,0.00323102,0.00030001,0.00270723,True
4,1,10,FT7,0.0904198,-0.05807623,0.10388395,0.5,0.5,"[0, 8]",1.0,True,0.00323102,0.00030001,0.00270723,True
4,1,11,FT8,0.08024119,-0.00368779,0.0973848,0.5,0.5,"[0, 8]",1.0,True,0.00323102,0.00030001,0.00270723,True
4,1,12,Cz,0.07735223,0.07583366,0.09283859,0.5,0.5,"[0, 8]",1.0,True,0.00323102,0.00030001,0.00270723,True
4,1,13,C3,0.11508091,0.07251649,0.11731424,0.5,0.5,"[0, 8]",1.0,True,0.00323102,0.00030001,0.00270723,True
4,1,14,C4,0.08580486,-0.07512459,0.09616834,0.5,0.5,"[0, 8]",1.0,True,0.00323102,0.00030001,0.00270723,True
4,1,15,T3,0.12673476,0.12673476,0.13191342,0.5,0.5,"[0, 8]",1.0,True,0.00323102,0.00030001,0.00270723,True
4,1,16,T4,0.12193759,0.01316595,0.13430071,0.5,0.5,"[0, 8]",1.0,True,0.00323102,0.00030001,0.00270723,True
4,1,17,CP3,0.12097439,0.03309354,0.13945736,0.5,0.5,"[0, 8]",1.0,True,0.00323102,0.00030001,0.00270723,True
4,1,18,CP4,0.11108312,0.03480947,0.12765412,0.5,0.5,"[0, 8]",1.0,True,0.00323102,0.00030001,0.00270723,True
4,1,19,TP7,0.08457771,-0.01858149,0.09456401,0.5,0.5,"[0, 8]",1.0,True,0.00323102,0.00030001,0.00270723,True
4,1,20,TP8,0.08896947,-0.05916341,0.10804187,0.5,0.5,"[0, 8]",1.0,True,0.00323102,0.00030001,0.00270723,True
4,1,21,Pz,0.15318899,0.0068824,0.15338311,0.5,0.5,"[0, 8]",1.0,True,0.00323102,0.00030001,0.00270723,True
4,1,22,P3,0.10845743,0.10845743,0.11764507,0.5,0.5,"[0, 8]",1.0,True,0.00323102,0.00030001,0.00270723,True
4,1,23,P4,0.10466342,-0.09271532,0.11653233,0.5,0.5,"[0, 8]",1.0,True,0.00323102,0.00030001,0.00270723,True
4,1,24,T5,0.10530554,0.07343882,0.11467037,0.5,0.5,"[0, 8]",1.0,True,0.00323102,0.00030001,0.00270723,True
4,1,25,T6,0.0811255,-0.06220653,0.09237818,0.5,0.5,"[0, 8]",1.0,True,0.00323102,0.00030001,0.00270723,True
4,1,26,Oz,0.07762074,0.04211758,0.07994334,0.5,0.5,"[0, 8]",1.0,True,0.00323102,0.00030001,0.00270723,True
4,1,27,O1,0.12186212,0.05623303,0.13213171,0.5,0.5,"[0, 8]",1.0,True,0.00323102,0.00030001,0.00270723,True
4,1,28,O2,0.14429137,-0.02353954,0.14696823,0.5,0.5,"[0, 8]",1.0,True,0.00323102,0.00030001,0.00270723,True
4,2,0,Fp1,0.08131053,-0.06089412,0.08547217,0.5,0.5,"[4, 4]",0.5,False,0.66568341,0.14658094,0.55776708,True
4,2,1,Fp2,0.10727888,0.04210321,0.12937227,0.5,0.5,"[4, 4]",0.5,False,0.66568341,0.14658094,0.55776708,True
4,2,2,Fz,0.09124745,-0.06305919,0.10211255,0.5,0.5,"[4, 4]",0.5,False,0.66568341,0.14658094,0.55776708,True
4,2,3,F3,0.07247096,0.01085479,0.08578254,0.5,0.5,"[4, 4]",0.5,False,0.66568341,0.14658094,0.55776708,True
4,2,4,F4,0.0950433,-0.01027765,0.10625809,0.5,0.5,"[4, 4]",0.5,False,0.66568341,0.14658094,0.55776708,True
4,2,5,F7,0.06340817,0.06340817,0.07927611,0.5,0.5,"[4, 4]",0.5,False,0.66568341,0.14658094,0.55776708,True
4,2,6,F8,0.04039179,0.04039179,0.04813397,0.5,0.5,"[4, 4]",0.5,False,0.66568341,0.14658094,0.55776708,True
4,2,7,FCz,0.11623556,0.11623556,0.14759792,0.5,0.5,"[4, 4]",0.5,False,0.66568341,0.14658094,0.55776708,True
4,2,8,FC3,0.06233665,-0.01466161,0.08045659,0.5,0.5,"[4, 4]",0.5,False,0.66568341,0.14658094,0.55776708,True
4,2,9,FC4,0.03912748,-0.0065991,0.05084603,0.5,0.5,"[4, 4]",0.5,False,0.66568341,0.14658094,0.55776708,True
4,2,10,FT7,0.09137502,-0.08062343,0.10670308,0.5,0.5,"[4, 4]",0.5,False,0.66568341,0.14658094,0.55776708,True
4,2,11,FT8,0.09636641,0.00524061,0.0993235,0.5,0.5,"[4, 4]",0.5,False,0.66568341,0.14658094,0.55776708,True
4,2,12,Cz,0.06248941,0.06248941,0.08538689,0.5,0.5,"[4, 4]",0.5,False,0.66568341,0.14658094,0.55776708,True
4,2,13,C3,0.10156797,0.08097479,0.12000237,0.5,0.5,"[4, 4]",0.5,False,0.66568341,0.14658094,0.55776708,True
4,2,14,C4,0.10260351,-0.10260351,0.117983,0.5,0.5,"[4, 4]",0.5,False,0.66568341,0.14658094,0.55776708,True
4,2,15,T3,0.10165907,0.10165907,0.10760137,0.5,0.5,"[4, 4]",0.5,False,0.66568341,0.14658094,0.55776708,True
4,2,16,T4,0.15301895,0.04117591,0.16319118,0.5,0.5,"[4, 4]",0.5,False,0.66568341,0.14658094,0.55776708,True
4,2,17,CP3,0.14737062,0.02431945,0.16997337,0.5,0.5,"[4, 4]",0.5,False,0.66568341,0.14658094,0.55776708,True
4,2,18,CP4,0.08624622,0.04487244,0.10700333,0.5,0.5,"[4, 4]",0.5,False,0.66568341,0.14658094,0.55776708,True
4,2,19,TP7,0.09745223,0.00814611,0.1015486,0.5,0.5,"[4, 4]",0.5,False,0.66568341,0.14658094,0.55776708,True
4,2,20,TP8,0.11374386,-0.05509344,0.1478015,0.5,0.5,"[4, 4]",0.5,False,0.66568341,0.14658094,0.55776708,True
4,2,21,Pz,0.11403555,0.0122918,0.11864052,0.5,0.5,"[4, 4]",0.5,False,0.66568341,0.14658094,0.55776708,True
4,2,22,P3,0.08273689,0.08273689,0.08776361,0.5,0.5,"[4, 4]",0.5,False,0.66568341,0.14658094,0.55776708,True
4,2,23,P4,0.11656341,-0.11656341,0.14553377,0.5,0.5,"[4, 4]",0.5,False,0.66568341,0.14658094,0.55776708,True
4,2,24,T5,0.05837402,0.0351023,0.06648254,0.5,0.5,"[4, 4]",0.5,False,0.66568341,0.14658094,0.55776708,True
4,2,25,T6,0.08878289,0.00889361,0.10870365,0.5,0.5,"[4, 4]",0.5,False,0.66568341,0.14658094,0.55776708,True
4,2,26,Oz,0.07148184,0.06510925,0.08263861,0.5,0.5,"[4, 4]",0.5,False,0.66568341,0.14658094,0.55776708,True
4,2,27,O1,0.07839736,0.00113039,0.10178553,0.5,0.5,"[4, 4]",0.5,False,0.66568341,0.14658094,0.55776708,True
4,2,28,O2,0.18591279,-0.0325706,0.19159284,0.5,0.5,"[4, 4]",0.5,False,0.66568341,0.14658094,0.55776708,True
4,3,0,Fp1,0.07161171,-0.03015338,0.08262062,0.5,0.5,"[2, 6]",0.75,False,0.98347241,0.21850128,0.82403816,True
4,3,1,Fp2,0.03788117,0.00871375,0.0438591,0.5,0.5,"[2, 6]",0.75,False,0.98347241,0.21850128,0.82403816,True
4,3,2,Fz,0.18715605,-0.09175158,0.18778311,0.5,0.5,"[2, 6]",0.75,False,0.98347241,0.21850128,0.82403816,True
4,3,3,F3,0.08413509,0.08413509,0.09610396,0.5,0.5,"[2, 6]",0.75,False,0.98347241,0.21850128,0.82403816,True
4,3,4,F4,0.12527564,0.12527564,0.16563225,0.5,0.5,"[2, 6]",0.75,False,0.98347241,0.21850128,0.82403816,True
4,3,5,F7,0.08624986,0.06402686,0.10933504,0.5,0.5,"[2, 6]",0.75,False,0.98347241,0.21850128,0.82403816,True
4,3,6,F8,0.04574186,2.651e-05,0.0561528,0.5,0.5,"[2, 6]",0.75,False,0.98347241,0.21850128,0.82403816,True
4,3,7,FCz,0.09598289,0.09598289,0.11248063,0.5,0.5,"[2, 6]",0.75,False,0.98347241,0.21850128,0.82403816,True
4,3,8,FC3,0.07210316,-0.05104785,0.11001262,0.5,0.5,"[2, 6]",0.75,False,0.98347241,0.21850128,0.82403816,True
4,3,9,FC4,0.13930839,-0.13930839,0.14451841,0.5,0.5,"[2, 6]",0.75,False,0.98347241,0.21850128,0.82403816,True
4,3,10,FT7,0.06278385,-0.0416951,0.07818829,0.5,0.5,"[2, 6]",0.75,False,0.98347241,0.21850128,0.82403816,True
4,3,11,FT8,0.08555051,0.03866796,0.08927715,0.5,0.5,"[2, 6]",0.75,False,0.98347241,0.21850128,0.82403816,True
4,3,12,Cz,0.07737796,0.07737796,0.08587915,0.5,0.5,"[2, 6]",0.75,False,0.98347241,0.21850128,0.82403816,True
4,3,13,C3,0.12270823,0.11178465,0.16852179,0.5,0.5,"[2, 6]",0.75,False,0.98347241,0.21850128,0.82403816,True
4,3,14,C4,0.06136997,-0.06136997,0.08421092,0.5,0.5,"[2, 6]",0.75,False,0.98347241,0.21850128,0.82403816,True
4,3,15,T3,0.06898971,-0.00243865,0.06951957,0.5,0.5,"[2, 6]",0.75,False,0.98347241,0.21850128,0.82403816,True
4,3,16,T4,0.08253743,0.08253743,0.10793261,0.5,0.5,"[2, 6]",0.75,False,0.98347241,0.21850128,0.82403816,True
4,3,17,CP3,0.14598307,0.0645954,0.17520219,0.5,0.5,"[2, 6]",0.75,False,0.98347241,0.21850128,0.82403816,True
4,3,18,CP4,0.0863999,-0.00503562,0.11129144,0.5,0.5,"[2, 6]",0.75,False,0.98347241,0.21850128,0.82403816,True
4,3,19,TP7,0.07490055,-0.07490055,0.08754689,0.5,0.5,"[2, 6]",0.75,False,0.98347241,0.21850128,0.82403816,True
4,3,20,TP8,0.11905529,-0.10454249,0.14552571,0.5,0.5,"[2, 6]",0.75,False,0.98347241,0.21850128,0.82403816,True
4,3,21,Pz,0.08406605,-0.01434421,0.10982127,0.5,0.5,"[2, 6]",0.75,False,0.98347241,0.21850128,0.82403816,True
4,3,22,P3,0.14741561,0.14741561,0.16559908,0.5,0.5,"[2, 6]",0.75,False,0.98347241,0.21850128,0.82403816,True
4,3,23,P4,0.08606754,-0.08606754,0.09765994,0.5,0.5,"[2, 6]",0.75,False,0.98347241,0.21850128,0.82403816,True
4,3,24,T5,0.06465181,0.06113657,0.07333089,0.5,0.5,"[2, 6]",0.75,False,0.98347241,0.21850128,0.82403816,True
4,3,25,T6,0.08471219,0.08471219,0.10166875,0.5,0.5,"[2, 6]",0.75,False,0.98347241,0.21850128,0.82403816,True
4,3,26,Oz,0.11984436,0.11796671,0.13868785,0.5,0.5,"[2, 6]",0.75,False,0.98347241,0.21850128,0.82403816,True
4,3,27,O1,0.09853425,-0.03149944,0.10431428,0.5,0.5,"[2, 6]",0.75,False,0.98347241,0.21850128,0.82403816,True
4,3,28,O2,0.1230132,-0.04867271,0.13363865,0.5,0.5,"[2, 6]",0.75,False,0.98347241,0.21850128,0.82403816,True
4,4,0,Fp1,0.08991872,-0.0610681,0.09457202,0.5,0.5,"[6, 2]",0.75,False,0.6792722,0.15305435,0.56915294,True
4,4,1,Fp2,0.05066038,0.03860627,0.07290018,0.5,0.5,"[6, 2]",0.75,False,0.6792722,0.15305435,0.56915294,True
4,4,2,Fz,0.11862852,-0.04912426,0.13156603,0.5,0.5,"[6, 2]",0.75,False,0.6792722,0.15305435,0.56915294,True
4,4,3,F3,0.05715858,0.01784975,0.06351773,0.5,0.5,"[6, 2]",0.75,False,0.6792722,0.15305435,0.56915294,True
4,4,4,F4,0.15977845,0.02918924,0.17846139,0.5,0.5,"[6, 2]",0.75,False,0.6792722,0.15305435,0.56915294,True
4,4,5,F7,0.06831026,0.0080002,0.08235808,0.5,0.5,"[6, 2]",0.75,False,0.6792722,0.15305435,0.56915294,True
4,4,6,F8,0.04176223,0.03768907,0.05354504,0.5,0.5,"[6, 2]",0.75,False,0.6792722,0.15305435,0.56915294,True
4,4,7,FCz,0.07148135,0.06954086,0.0974186,0.5,0.5,"[6, 2]",0.75,False,0.6792722,0.15305435,0.56915294,True
4,4,8,FC3,0.07277615,-0.02824229,0.09260073,0.5,0.5,"[6, 2]",0.75,False,0.6792722,0.15305435,0.56915294,True
4,4,9,FC4,0.10895512,-0.09582138,0.14660661,0.5,0.5,"[6, 2]",0.75,False,0.6792722,0.15305435,0.56915294,True
4,4,10,FT7,0.074284,-0.01813074,0.08218426,0.5,0.5,"[6, 2]",0.75,False,0.6792722,0.15305435,0.56915294,True
4,4,11,FT8,0.07931562,0.01774434,0.10271692,0.5,0.5,"[6, 2]",0.75,False,0.6792722,0.15305435,0.56915294,True
4,4,12,Cz,0.075225,0.07186472,0.08746991,0.5,0.5,"[6, 2]",0.75,False,0.6792722,0.15305435,0.56915294,True
4,4,13,C3,0.1276648,0.08850247,0.1523357,0.5,0.5,"[6, 2]",0.75,False,0.6792722,0.15305435,0.56915294,True
4,4,14,C4,0.135151,-0.0715799,0.14996772,0.5,0.5,"[6, 2]",0.75,False,0.6792722,0.15305435,0.56915294,True
4,4,15,T3,0.12576059,0.12576059,0.14754422,0.5,0.5,"[6, 2]",0.75,False,0.6792722,0.15305435,0.56915294,True
4,4,16,T4,0.12970838,0.03414848,0.14021459,0.5,0.5,"[6, 2]",0.75,False,0.6792722,0.15305435,0.56915294,True
4,4,17,CP3,0.10488897,0.0555274,0.13680984,0.5,0.5,"[6, 2]",0.75,False,0.6792722,0.15305435,0.56915294,True
4,4,18,CP4,0.13181153,-0.01020995,0.14508644,0.5,0.5,"[6, 2]",0.75,False,0.6792722,0.15305435,0.56915294,True
4,4,19,TP7,0.05890258,-0.01424911,0.06485122,0.5,0.5,"[6, 2]",0.75,False,0.6792722,0.15305435,0.56915294,True
4,4,20,TP8,0.08496644,-0.08496644,0.11190116,0.5,0.5,"[6, 2]",0.75,False,0.6792722,0.15305435,0.56915294,True
4,4,21,Pz,0.14036898,0.00092209,0.14345245,0.5,0.5,"[6, 2]",0.75,False,0.6792722,0.15305435,0.56915294,True
4,4,22,P3,0.09439243,0.09439243,0.10748443,0.5,0.5,"[6, 2]",0.75,False,0.6792722,0.15305435,0.56915294,True
4,4,23,P4,0.09602363,-0.09602363,0.11851537,0.5,0.5,"[6, 2]",0.75,False,0.6792722,0.15305435,0.56915294,True
4,4,24,T5,0.08615267,0.05668203,0.09640805,0.5,0.5,"[6, 2]",0.75,False,0.6792722,0.15305435,0.56915294,True
4,4,25,T6,0.10776127,-0.00992977,0.1194459,0.5,0.5,"[6, 2]",0.75,False,0.6792722,0.15305435,0.56915294,True
4,4,26,Oz,0.09357184,0.05769199,0.0980387,0.5,0.5,"[6, 2]",0.75,False,0.6792722,0.15305435,0.56915294,True
4,4,27,O1,0.07266734,-0.00237094,0.09986961,0.5,0.5,"[6, 2]",0.75,False,0.6792722,0.15305435,0.56915294,True
4,4,28,O2,0.16217415,-0.02202039,0.17679723,0.5,0.5,"[6, 2]",0.75,False,0.6792722,0.15305435,0.56915294,True
4,5,0,Fp1,0.11010674,-0.09600121,0.12282328,0.5,0.5,"[0, 8]",1.0,True,0.00323098,0.00030001,0.0027072,True
4,5,1,Fp2,0.07765819,0.06101018,0.09513739,0.5,0.5,"[0, 8]",1.0,True,0.00323098,0.00030001,0.0027072,True
4,5,2,Fz,0.10400175,-0.0984815,0.11749455,0.5,0.5,"[0, 8]",1.0,True,0.00323098,0.00030001,0.0027072,True
4,5,3,F3,0.08777067,0.0274132,0.09452514,0.5,0.5,"[0, 8]",1.0,True,0.00323098,0.00030001,0.0027072,True
4,5,4,F4,0.09753284,0.01265002,0.10765948,0.5,0.5,"[0, 8]",1.0,True,0.00323098,0.00030001,0.0027072,True
4,5,5,F7,0.08395585,0.08167675,0.09758608,0.5,0.5,"[0, 8]",1.0,True,0.00323098,0.00030001,0.0027072,True
4,5,6,F8,0.07734207,-0.02920646,0.07832418,0.5,0.5,"[0, 8]",1.0,True,0.00323098,0.00030001,0.0027072,True
4,5,7,FCz,0.09878289,0.09878289,0.11407588,0.5,0.5,"[0, 8]",1.0,True,0.00323098,0.00030001,0.0027072,True
4,5,8,FC3,0.03069031,0.00587216,0.03740625,0.5,0.5,"[0, 8]",1.0,True,0.00323098,0.00030001,0.0027072,True
4,5,9,FC4,0.05774175,-0.05774175,0.07595848,0.5,0.5,"[0, 8]",1.0,True,0.00323098,0.00030001,0.0027072,True
4,5,10,FT7,0.09056975,-0.05852618,0.1041333,0.5,0.5,"[0, 8]",1.0,True,0.00323098,0.00030001,0.0027072,True
4,5,11,FT8,0.07994121,-0.00338779,0.09712684,0.5,0.5,"[0, 8]",1.0,True,0.00323098,0.00030001,0.0027072,True
4,5,12,Cz,0.07705225,0.07553367,0.09257619,0.5,0.5,"[0, 8]",1.0,True,0.00323098,0.00030001,0.0027072,True
4,5,13,C3,0.11508089,0.0722165,0.11723876,0.5,0.5,"[0, 8]",1.0,True,0.00323098,0.00030001,0.0027072,True
4,5,14,C4,0.08565488,-0.07497461,0.09597065,0.5,0.5,"[0, 8]",1.0,True,0.00323098,0.00030001,0.0027072,True
4,5,15,T3,0.12673481,0.12673481,0.13197488,0.5,0.5,"[0, 8]",1.0,True,0.00323098,0.00030001,0.0027072,True
4,5,16,T4,0.1217876,0.01331596,0.13424577,0.5,0.5,"[0, 8]",1.0,True,0.00323098,0.00030001,0.0027072,True
4,5,17,CP3,0.12112439,0.03264355,0.13944942,0.5,0.5,"[0, 8]",1.0,True,0.00323098,0.00030001,0.0027072,True
4,5,18,CP4,0.11078313,0.03450949,0.12741439,0.5,0.5,"[0, 8]",1.0,True,0.00323098,0.00030001,0.0027072,True
4,5,19,TP7,0.08457771,-0.01858149,0.09456401,0.5,0.5,"[0, 8]",1.0,True,0.00323098,0.00030001,0.0027072,True
4,5,20,TP8,0.08896947,-0.05916341,0.10804187,0.5,0.5,"[0, 8]",1.0,True,0.00323098,0.00030001,0.0027072,True
4,5,21,Pz,0.15318902,0.00688237,0.15338314,0.5,0.5,"[0, 8]",1.0,True,0.00323098,0.00030001,0.0027072,True
4,5,22,P3,0.10800744,0.10800744,0.11726562,0.5,0.5,"[0, 8]",1.0,True,0.00323098,0.00030001,0.0027072,True
4,5,23,P4,0.10496342,-0.09301532,0.11688627,0.5,0.5,"[0, 8]",1.0,True,0.00323098,0.00030001,0.0027072,True
4,5,24,T5,0.10530555,0.07343882,0.11467037,0.5,0.5,"[0, 8]",1.0,True,0.00323098,0.00030001,0.0027072,True
4,5,25,T6,0.08112549,-0.06220653,0.09237817,0.5,0.5,"[0, 8]",1.0,True,0.00323098,0.00030001,0.0027072,True
4,5,26,Oz,0.07777076,0.04256759,0.08016515,0.5,0.5,"[0, 8]",1.0,True,0.00323098,0.00030001,0.0027072,True
4,5,27,O1,0.12201212,0.05638303,0.13233939,0.5,0.5,"[0, 8]",1.0,True,0.00323098,0.00030001,0.0027072,True
4,5,28,O2,0.14414138,-0.02338954,0.14681268,0.5,0.5,"[0, 8]",1.0,True,0.00323098,0.00030001,0.0027072,True
5,1,0,Fp1,0.10965674,-0.09555121,0.12231992,0.5,0.5,"[0, 8]",1.0,True,0.00323099,0.00030001,0.0027072,True
5,1,1,Fp2,0.07780818,0.06146017,0.09545761,0.5,0.5,"[0, 8]",1.0,True,0.00323099,0.00030001,0.0027072,True
5,1,2,Fz,0.10385176,-0.0983315,0.11734417,0.5,0.5,"[0, 8]",1.0,True,0.00323099,0.00030001,0.0027072,True
5,1,3,F3,0.08777068,0.02741321,0.09465111,0.5,0.5,"[0, 8]",1.0,True,0.00323099,0.00030001,0.0027072,True
5,1,4,F4,0.09738284,0.01220003,0.10771842,0.5,0.5,"[0, 8]",1.0,True,0.00323099,0.00030001,0.0027072,True
5,1,5,F7,0.08410585,0.08182675,0.097735,0.5,0.5,"[0, 8]",1.0,True,0.00323099,0.00030001,0.0027072,True
5,1,6,F8,0.07749207,-0.02935645,0.07847529,0.5,0.5,"[0, 8]",1.0,True,0.00323099,0.00030001,0.0027072,True
5,1,7,FCz,0.09893291,0.09893291,0.1141842,0.5,0.5,"[0, 8]",1.0,True,0.00323099,0.00030001,0.0027072,True
5,1,8,FC3,0.03069028,0.00587213,0.03740624,0.5,0.5,"[0, 8]",1.0,True,0.00323099,0.00030001,0.0027072,True
5,1,9,FC4,0.05774175,-0.05774175,0.07610069,0.5,0.5,"[0, 8]",1.0,True,0.00323099,0.00030001,0.0027072,True
5,1,10,FT7,0.09056979,-0.05822622,0.10414238,0.5,0.5,"[0, 8]",1.0,True,0.00323099,0.00030001,0.0027072,True
5,1,11,FT8,0.08009118,-0.00353778,0.09717129,0.5,0.5,"[0, 8]",1.0,True,0.00323099,0.00030001,0.0027072,True
5,1,12,Cz,0.07705224,0.07553366,0.09257618,0.5,0.5,"[0, 8]",1.0,True,0.00323099,0.00030001,0.0027072,True
5,1,13,C3,0.11508092,0.07251652,0.11729294,0.5,0.5,"[0, 8]",1.0,True,0.00323099,0.00030001,0.0027072,True
5,1,14,C4,0.08565487,-0.0752746,0.09613214,0.5,0.5,"[0, 8]",1.0,True,0.00323099,0.00030001,0.0027072,True
5,1,15,T3,0.12673478,0.12673478,0.13202663,0.5,0.5,"[0, 8]",1.0,True,0.00323099,0.00030001,0.0027072,True
5,1,16,T4,0.1219376,0.01346594,0.13445248,0.5,0.5,"[0, 8]",1.0,True,0.00323099,0.00030001,0.0027072,True
5,1,17,CP3,0.12112439,0.03324354,0.13959108,0.5,0.5,"[0, 8]",1.0,True,0.00323099,0.00030001,0.0027072,True
5,1,18,CP4,0.11078313,0.03450948,0.12741438,0.5,0.5,"[0, 8]",1.0,True,0.00323099,0.00030001,0.0027072,True
5,1,19,TP7,0.08442771,-0.01873148,0.09443701,0.5,0.5,"[0, 8]",1.0,True,0.00323099,0.00030001,0.0027072,True
5,1,20,TP8,0.08911946,-0.05901341,0.10810003,0.5,0.5,"[0, 8]",1.0,True,0.00323099,0.00030001,0.0027072,True
5,1,21,Pz,0.153189,0.00658239,0.15336807,0.5,0.5,"[0, 8]",1.0,True,0.00323099,0.00030001,0.0027072,True
5,1,22,P3,0.10815744,0.10815744,0.11736307,0.5,0.5,"[0, 8]",1.0,True,0.00323099,0.00030001,0.0027072,True
5,1,23,P4,0.10466342,-0.09271532,0.11653233,0.5,0.5,"[0, 8]",1.0,True,0.00323099,0.00030001,0.0027072,True
5,1,24,T5,0.10485556,0.07328883,0.11431107,0.5,0.5,"[0, 8]",1.0,True,0.00323099,0.00030001,0.0027072,True
5,1,25,T6,0.0811255,-0.06220653,0.09237818,0.5,0.5,"[0, 8]",1.0,True,0.00323099,0.00030001,0.0027072,True
5,1,26,Oz,0.07777071,0.04226765,0.08010381,0.5,0.5,"[0, 8]",1.0,True,0.00323099,0.00030001,0.0027072,True
5,1,27,O1,0.12201212,0.05608303,0.13244222,0.5,0.5,"[0, 8]",1.0,True,0.00323099,0.00030001,0.0027072,True
5,1,28,O2,0.14444137,-0.02368953,0.14715521,0.5,0.5,"[0, 8]",1.0,True,0.00323099,0.00030001,0.0027072,True
5,2,0,Fp1,0.10950674,-0.0957012,0.12228569,0.5,0.5,"[0, 8]",1.0,True,0.00323095,0.00030001,0.00270717,True
5,2,1,Fp2,0.07795818,0.06131018,0.09550945,0.5,0.5,"[0, 8]",1.0,True,0.00323095,0.00030001,0.00270717,True
5,2,2,Fz,0.10400175,-0.09848149,0.11749455,0.5,0.5,"[0, 8]",1.0,True,0.00323095,0.00030001,0.00270717,True
5,2,3,F3,0.08777068,0.02741321,0.09465111,0.5,0.5,"[0, 8]",1.0,True,0.00323095,0.00030001,0.00270717,True
5,2,4,F4,0.09723285,0.01235001,0.10748136,0.5,0.5,"[0, 8]",1.0,True,0.00323095,0.00030001,0.00270717,True
5,2,5,F7,0.08380586,0.08152676,0.09744392,0.5,0.5,"[0, 8]",1.0,True,0.00323095,0.00030001,0.00270717,True
5,2,6,F8,0.07764207,-0.02920646,0.07865965,0.5,0.5,"[0, 8]",1.0,True,0.00323095,0.00030001,0.00270717,True
5,2,7,FCz,0.09878289,0.09878289,0.11408316,0.5,0.5,"[0, 8]",1.0,True,0.00323095,0.00030001,0.00270717,True
5,2,8,FC3,0.0308403,0.00602209,0.03742441,0.5,0.5,"[0, 8]",1.0,True,0.00323095,0.00030001,0.00270717,True
5,2,9,FC4,0.05804174,-0.05804174,0.07637416,0.5,0.5,"[0, 8]",1.0,True,0.00323095,0.00030001,0.00270717,True
5,2,10,FT7,0.09071979,-0.05837622,0.10422608,0.5,0.5,"[0, 8]",1.0,True,0.00323095,0.00030001,0.00270717,True
5,2,11,FT8,0.08009119,-0.0035378,0.09717131,0.5,0.5,"[0, 8]",1.0,True,0.00323095,0.00030001,0.00270717,True
5,2,12,Cz,0.07720226,0.07568368,0.09267947,0.5,0.5,"[0, 8]",1.0,True,0.00323095,0.00030001,0.00270717,True
5,2,13,C3,0.11508089,0.07251649,0.11726162,0.5,0.5,"[0, 8]",1.0,True,0.00323095,0.00030001,0.00270717,True
5,2,14,C4,0.08565487,-0.0752746,0.09621976,0.5,0.5,"[0, 8]",1.0,True,0.00323095,0.00030001,0.00270717,True
5,2,15,T3,0.12673478,0.12673478,0.13197485,0.5,0.5,"[0, 8]",1.0,True,0.00323095,0.00030001,0.00270717,True
5,2,16,T4,0.1219376,0.01346594,0.13434143,0.5,0.5,"[0, 8]",1.0,True,0.00323095,0.00030001,0.00270717,True
5,2,17,CP3,0.12112439,0.03324354,0.13959108,0.5,0.5,"[0, 8]",1.0,True,0.00323095,0.00030001,0.00270717,True
5,2,18,CP4,0.11093313,0.03465947,0.12743805,0.5,0.5,"[0, 8]",1.0,True,0.00323095,0.00030001,0.00270717,True
5,2,19,TP7,0.08442771,-0.01843149,0.09431838,0.5,0.5,"[0, 8]",1.0,True,0.00323095,0.00030001,0.00270717,True
5,2,20,TP8,0.08911946,-0.05901341,0.10810004,0.5,0.5,"[0, 8]",1.0,True,0.00323095,0.00030001,0.00270717,True
5,2,21,Pz,0.153189,0.00688239,0.15338798,0.5,0.5,"[0, 8]",1.0,True,0.00323095,0.00030001,0.00270717,True
5,2,22,P3,0.10830744,0.10830744,0.11757708,0.5,0.5,"[0, 8]",1.0,True,0.00323095,0.00030001,0.00270717,True
5,2,23,P4,0.10481342,-0.09286531,0.11667306,0.5,0.5,"[0, 8]",1.0,True,0.00323095,0.00030001,0.00270717,True
5,2,24,T5,0.10470556,0.07313883,0.11411963,0.5,0.5,"[0, 8]",1.0,True,0.00323095,0.00030001,0.00270717,True
5,2,25,T6,0.08112551,-0.06220654,0.09237818,0.5,0.5,"[0, 8]",1.0,True,0.00323095,0.00030001,0.00270717,True
5,2,26,Oz,0.0776208,0.04241755,0.07997139,0.5,0.5,"[0, 8]",1.0,True,0.00323095,0.00030001,0.00270717,True
5,2,27,O1,0.12201212,0.05608303,0.13244222,0.5,0.5,"[0, 8]",1.0,True,0.00323095,0.00030001,0.00270717,True
5,2,28,O2,0.14429148,-0.02353963,0.14696835,0.5,0.5,"[0, 8]",1.0,True,0.00323095,0.00030001,0.00270717,True
5,3,0,Fp1,0.09797646,-0.09666534,0.11814602,0.375,0.375,"[1, 7]",0.875,False,0.20151779,0.03368164,0.16884902,True
5,3,1,Fp2,0.08365349,0.06492266,0.10890562,0.375,0.375,"[1, 7]",0.875,False,0.20151779,0.03368164,0.16884902,True
5,3,2,Fz,0.11205893,-0.11205893,0.12650619,0.375,0.375,"[1, 7]",0.875,False,0.20151779,0.03368164,0.16884902,True
5,3,3,F3,0.09696965,0.02724013,0.10206477,0.375,0.375,"[1, 7]",0.875,False,0.20151779,0.03368164,0.16884902,True
5,3,4,F4,0.08392528,0.00565474,0.09823178,0.375,0.375,"[1, 7]",0.875,False,0.20151779,0.03368164,0.16884902,True
5,3,5,F7,0.07464164,0.06649882,0.08376026,0.375,0.375,"[1, 7]",0.875,False,0.20151779,0.03368164,0.16884902,True
5,3,6,F8,0.09294124,-0.03154749,0.09717781,0.375,0.375,"[1, 7]",0.875,False,0.20151779,0.03368164,0.16884902,True
5,3,7,FCz,0.10978605,0.10978605,0.12547615,0.375,0.375,"[1, 7]",0.875,False,0.20151779,0.03368164,0.16884902,True
5,3,8,FC3,0.02888842,-0.00350743,0.03538984,0.375,0.375,"[1, 7]",0.875,False,0.20151779,0.03368164,0.16884902,True
5,3,9,FC4,0.06050158,-0.04405703,0.07529067,0.375,0.375,"[1, 7]",0.875,False,0.20151779,0.03368164,0.16884902,True
5,3,10,FT7,0.08237885,-0.05025164,0.09762574,0.375,0.375,"[1, 7]",0.875,False,0.20151779,0.03368164,0.16884902,True
5,3,11,FT8,0.06842802,-0.00364406,0.08810078,0.375,0.375,"[1, 7]",0.875,False,0.20151779,0.03368164,0.16884902,True
5,3,12,Cz,0.07173105,0.06518988,0.08162605,0.375,0.375,"[1, 7]",0.875,False,0.20151779,0.03368164,0.16884902,True
5,3,13,C3,0.10133763,0.06602836,0.10372327,0.375,0.375,"[1, 7]",0.875,False,0.20151779,0.03368164,0.16884902,True
5,3,14,C4,0.09333734,-0.08908808,0.11168471,0.375,0.375,"[1, 7]",0.875,False,0.20151779,0.03368164,0.16884902,True
5,3,15,T3,0.12292281,0.12292281,0.13345231,0.375,0.375,"[1, 7]",0.875,False,0.20151779,0.03368164,0.16884902,True
5,3,16,T4,0.13297883,0.01772624,0.1443993,0.375,0.375,"[1, 7]",0.875,False,0.20151779,0.03368164,0.16884902,True
5,3,17,CP3,0.11844869,0.04622292,0.13707085,0.375,0.375,"[1, 7]",0.875,False,0.20151779,0.03368164,0.16884902,True
5,3,18,CP4,0.10989919,0.04782433,0.12705337,0.375,0.375,"[1, 7]",0.875,False,0.20151779,0.03368164,0.16884902,True
5,3,19,TP7,0.09002218,-0.00866049,0.10641202,0.375,0.375,"[1, 7]",0.875,False,0.20151779,0.03368164,0.16884902,True
5,3,20,TP8,0.09556769,-0.06579579,0.11758474,0.375,0.375,"[1, 7]",0.875,False,0.20151779,0.03368164,0.16884902,True
5,3,21,Pz,0.14808525,0.01291872,0.14885566,0.375,0.375,"[1, 7]",0.875,False,0.20151779,0.03368164,0.16884902,True
5,3,22,P3,0.0869074,0.0869074,0.10009445,0.375,0.375,"[1, 7]",0.875,False,0.20151779,0.03368164,0.16884902,True
5,3,23,P4,0.09312861,-0.07490961,0.09998232,0.375,0.375,"[1, 7]",0.875,False,0.20151779,0.03368164,0.16884902,True
5,3,24,T5,0.10715672,0.06800229,0.12132541,0.375,0.375,"[1, 7]",0.875,False,0.20151779,0.03368164,0.16884902,True
5,3,25,T6,0.0763234,-0.0528907,0.0909665,0.375,0.375,"[1, 7]",0.875,False,0.20151779,0.03368164,0.16884902,True
5,3,26,Oz,0.09351927,0.04717716,0.09543702,0.375,0.375,"[1, 7]",0.875,False,0.20151779,0.03368164,0.16884902,True
5,3,27,O1,0.11072789,0.05050232,0.11993794,0.375,0.375,"[1, 7]",0.875,False,0.20151779,0.03368164,0.16884902,True
5,3,28,O2,0.15180781,-0.02678667,0.1543414,0.375,0.375,"[1, 7]",0.875,False,0.20151779,0.03368164,0.16884902,True
5,4,0,Fp1,0.09469092,-0.09469092,0.11045032,0.625,0.625,"[3, 5]",0.625,False,0.24644596,0.03826265,0.20649372,True
5,4,1,Fp2,0.0594589,0.05208905,0.08832839,0.625,0.625,"[3, 5]",0.625,False,0.24644596,0.03826265,0.20649372,True
5,4,2,Fz,0.10579637,-0.10579637,0.12302715,0.625,0.625,"[3, 5]",0.625,False,0.24644596,0.03826265,0.20649372,True
5,4,3,F3,0.10048832,0.02617414,0.10787255,0.625,0.625,"[3, 5]",0.625,False,0.24644596,0.03826265,0.20649372,True
5,4,4,F4,0.09998365,0.01385546,0.11048889,0.625,0.625,"[3, 5]",0.625,False,0.24644596,0.03826265,0.20649372,True
5,4,5,F7,0.0849462,0.07504649,0.09708776,0.625,0.625,"[3, 5]",0.625,False,0.24644596,0.03826265,0.20649372,True
5,4,6,F8,0.09007409,-0.02474361,0.09846664,0.625,0.625,"[3, 5]",0.625,False,0.24644596,0.03826265,0.20649372,True
5,4,7,FCz,0.08995499,0.08461232,0.11079026,0.625,0.625,"[3, 5]",0.625,False,0.24644596,0.03826265,0.20649372,True
5,4,8,FC3,0.0265299,0.01351117,0.02697837,0.625,0.625,"[3, 5]",0.625,False,0.24644596,0.03826265,0.20649372,True
5,4,9,FC4,0.07414722,-0.06148922,0.09482343,0.625,0.625,"[3, 5]",0.625,False,0.24644596,0.03826265,0.20649372,True
5,4,10,FT7,0.1110219,-0.06516684,0.12170099,0.625,0.625,"[3, 5]",0.625,False,0.24644596,0.03826265,0.20649372,True
5,4,11,FT8,0.05621813,0.00214233,0.07570241,0.625,0.625,"[3, 5]",0.625,False,0.24644596,0.03826265,0.20649372,True
5,4,12,Cz,0.07502212,0.05845507,0.08012863,0.625,0.625,"[3, 5]",0.625,False,0.24644596,0.03826265,0.20649372,True
5,4,13,C3,0.11091152,0.08326349,0.11766137,0.625,0.625,"[3, 5]",0.625,False,0.24644596,0.03826265,0.20649372,True
5,4,14,C4,0.09157681,-0.07214977,0.10380959,0.625,0.625,"[3, 5]",0.625,False,0.24644596,0.03826265,0.20649372,True
5,4,15,T3,0.12192403,0.12192403,0.13005514,0.625,0.625,"[3, 5]",0.625,False,0.24644596,0.03826265,0.20649372,True
5,4,16,T4,0.13344562,0.03267977,0.14255555,0.625,0.625,"[3, 5]",0.625,False,0.24644596,0.03826265,0.20649372,True
5,4,17,CP3,0.10702886,0.01781042,0.11594108,0.625,0.625,"[3, 5]",0.625,False,0.24644596,0.03826265,0.20649372,True
5,4,18,CP4,0.10995486,0.04278133,0.1311653,0.625,0.625,"[3, 5]",0.625,False,0.24644596,0.03826265,0.20649372,True
5,4,19,TP7,0.08119949,-0.01744693,0.10143989,0.625,0.625,"[3, 5]",0.625,False,0.24644596,0.03826265,0.20649372,True
5,4,20,TP8,0.08963016,-0.05113505,0.1034866,0.625,0.625,"[3, 5]",0.625,False,0.24644596,0.03826265,0.20649372,True
5,4,21,Pz,0.13950366,-0.00338123,0.14067161,0.625,0.625,"[3, 5]",0.625,False,0.24644596,0.03826265,0.20649372,True
5,4,22,P3,0.08947714,0.08947714,0.09859251,0.625,0.625,"[3, 5]",0.625,False,0.24644596,0.03826265,0.20649372,True
5,4,23,P4,0.10532055,-0.07769896,0.11190753,0.625,0.625,"[3, 5]",0.625,False,0.24644596,0.03826265,0.20649372,True
5,4,24,T5,0.09458859,0.04889847,0.10484345,0.625,0.625,"[3, 5]",0.625,False,0.24644596,0.03826265,0.20649372,True
5,4,25,T6,0.07553878,-0.05817652,0.09268726,0.625,0.625,"[3, 5]",0.625,False,0.24644596,0.03826265,0.20649372,True
5,4,26,Oz,0.08802302,0.07065192,0.09497046,0.625,0.625,"[3, 5]",0.625,False,0.24644596,0.03826265,0.20649372,True
5,4,27,O1,0.12889776,0.05899712,0.13858032,0.625,0.625,"[3, 5]",0.625,False,0.24644596,0.03826265,0.20649372,True
5,4,28,O2,0.16316175,-0.02497148,0.16583914,0.625,0.625,"[3, 5]",0.625,False,0.24644596,0.03826265,0.20649372,True
5,5,0,Fp1,0.10965674,-0.0958512,0.12248501,0.5,0.5,"[0, 8]",1.0,True,0.00322767,0.00030001,0.00270442,True
5,5,1,Fp2,0.07780819,0.06116018,0.09520329,0.5,0.5,"[0, 8]",1.0,True,0.00322767,0.00030001,0.00270442,True
5,5,2,Fz,0.10385175,-0.0983315,0.11734417,0.5,0.5,"[0, 8]",1.0,True,0.00322767,0.00030001,0.00270442,True
5,5,3,F3,0.08778004,0.02742258,0.09465553,0.5,0.5,"[0, 8]",1.0,True,0.00322767,0.00030001,0.00270442,True
5,5,4,F4,0.09738284,0.01250002,0.107599,0.5,0.5,"[0, 8]",1.0,True,0.00322767,0.00030001,0.00270442,True
5,5,5,F7,0.08395585,0.08167675,0.09758609,0.5,0.5,"[0, 8]",1.0,True,0.00322767,0.00030001,0.00270442,True
5,5,6,F8,0.07749209,-0.02935643,0.07847531,0.5,0.5,"[0, 8]",1.0,True,0.00322767,0.00030001,0.00270442,True
5,5,7,FCz,0.09893289,0.09893289,0.11421797,0.5,0.5,"[0, 8]",1.0,True,0.00322767,0.00030001,0.00270442,True
5,5,8,FC3,0.03114021,0.00632206,0.03770185,0.5,0.5,"[0, 8]",1.0,True,0.00322767,0.00030001,0.00270442,True
5,5,9,FC4,0.05789175,-0.05789175,0.07634416,0.5,0.5,"[0, 8]",1.0,True,0.00322767,0.00030001,0.00270442,True
5,5,10,FT7,0.09056979,-0.05822623,0.10414238,0.5,0.5,"[0, 8]",1.0,True,0.00322767,0.00030001,0.00270442,True
5,5,11,FT8,0.0797912,-0.0035378,0.09692365,0.5,0.5,"[0, 8]",1.0,True,0.00322767,0.00030001,0.00270442,True
5,5,12,Cz,0.07735223,0.07583365,0.09283859,0.5,0.5,"[0, 8]",1.0,True,0.00322767,0.00030001,0.00270442,True
5,5,13,C3,0.11538101,0.07251661,0.11753414,0.5,0.5,"[0, 8]",1.0,True,0.00322767,0.00030001,0.00270442,True
5,5,14,C4,0.0856549,-0.07527463,0.09621978,0.5,0.5,"[0, 8]",1.0,True,0.00322767,0.00030001,0.00270442,True
5,5,15,T3,0.12673478,0.12673478,0.13197485,0.5,0.5,"[0, 8]",1.0,True,0.00322767,0.00030001,0.00270442,True
5,5,16,T4,0.1220876,0.01331595,0.13450733,0.5,0.5,"[0, 8]",1.0,True,0.00322767,0.00030001,0.00270442,True
5,5,17,CP3,0.12127438,0.03309354,0.13959895,0.5,0.5,"[0, 8]",1.0,True,0.00322767,0.00030001,0.00270442,True
5,5,18,CP4,0.11063313,0.03435949,0.12731187,0.5,0.5,"[0, 8]",1.0,True,0.00322767,0.00030001,0.00270442,True
5,5,19,TP7,0.08457771,-0.01858149,0.09456401,0.5,0.5,"[0, 8]",1.0,True,0.00322767,0.00030001,0.00270442,True
5,5,20,TP8,0.08896947,-0.05916341,0.10804187,0.5,0.5,"[0, 8]",1.0,True,0.00322767,0.00030001,0.00270442,True
5,5,21,Pz,0.15303901,0.0064324,0.15321605,0.5,0.5,"[0, 8]",1.0,True,0.00322767,0.00030001,0.00270442,True
5,5,22,P3,0.10815743,0.10815743,0.11733379,0.5,0.5,"[0, 8]",1.0,True,0.00322767,0.00030001,0.00270442,True
5,5,23,P4,0.10481342,-0.09286531,0.11668702,0.5,0.5,"[0, 8]",1.0,True,0.00322767,0.00030001,0.00270442,True
5,5,24,T5,0.10470555,0.07313883,0.11411963,0.5,0.5,"[0, 8]",1.0,True,0.00322767,0.00030001,0.00270442,True
5,5,25,T6,0.08097551,-0.06235652,0.09231721,0.5,0.5,"[0, 8]",1.0,True,0.00322767,0.00030001,0.00270442,True
5,5,26,Oz,0.07762077,0.04241758,0.07997136,0.5,0.5,"[0, 8]",1.0,True,0.00322767,0.00030001,0.00270442,True
5,5,27,O1,0.12201212,0.05608303,0.13233887,0.5,0.5,"[0, 8]",1.0,True,0.00322767,0.00030001,0.00270442,True
5,5,28,O2,0.14429137,-0.02353954,0.14696823,0.5,0.5,"[0, 8]",1.0,True,0.00322767,0.00030001,0.00270442,True
6,1,0,Fp1,0.12042198,-0.07639731,0.12607245,0.375,0.375,"[3, 5]",0.625,False,0.77364826,0.16796867,0.64822936,True
6,1,1,Fp2,0.11288229,0.11288229,0.14680617,0.375,0.375,"[3, 5]",0.625,False,0.77364826,0.16796867,0.64822936,True
6,1,2,Fz,0.09977816,-0.09977816,0.11508708,0.375,0.375,"[3, 5]",0.625,False,0.77364826,0.16796867,0.64822936,True
6,1,3,F3,0.09349023,0.03426488,0.10226987,0.375,0.375,"[3, 5]",0.625,False,0.77364826,0.16796867,0.64822936,True
6,1,4,F4,0.13128157,0.11290072,0.14592099,0.375,0.375,"[3, 5]",0.625,False,0.77364826,0.16796867,0.64822936,True
6,1,5,F7,0.04652407,0.04652407,0.05574985,0.375,0.375,"[3, 5]",0.625,False,0.77364826,0.16796867,0.64822936,True
6,1,6,F8,0.10871102,0.00655871,0.11500434,0.375,0.375,"[3, 5]",0.625,False,0.77364826,0.16796867,0.64822936,True
6,1,7,FCz,0.08450824,0.08450824,0.09741867,0.375,0.375,"[3, 5]",0.625,False,0.77364826,0.16796867,0.64822936,True
6,1,8,FC3,0.06022529,-0.04606317,0.0846815,0.375,0.375,"[3, 5]",0.625,False,0.77364826,0.16796867,0.64822936,True
6,1,9,FC4,0.04975045,0.0016239,0.05526848,0.375,0.375,"[3, 5]",0.625,False,0.77364826,0.16796867,0.64822936,True
6,1,10,FT7,0.06559733,0.00486549,0.07693738,0.375,0.375,"[3, 5]",0.625,False,0.77364826,0.16796867,0.64822936,True
6,1,11,FT8,0.0779626,-0.0779626,0.09015635,0.375,0.375,"[3, 5]",0.625,False,0.77364826,0.16796867,0.64822936,True
6,1,12,Cz,0.05228644,0.03440734,0.05629985,0.375,0.375,"[3, 5]",0.625,False,0.77364826,0.16796867,0.64822936,True
6,1,13,C3,0.08867037,0.02835511,0.09927882,0.375,0.375,"[3, 5]",0.625,False,0.77364826,0.16796867,0.64822936,True
6,1,14,C4,0.15935226,-0.11089943,0.17175701,0.375,0.375,"[3, 5]",0.625,False,0.77364826,0.16796867,0.64822936,True
6,1,15,T3,0.13811748,0.13811748,0.15740761,0.375,0.375,"[3, 5]",0.625,False,0.77364826,0.16796867,0.64822936,True
6,1,16,T4,0.04652502,0.03249072,0.06050868,0.375,0.375,"[3, 5]",0.625,False,0.77364826,0.16796867,0.64822936,True
6,1,17,CP3,0.15776032,0.0168502,0.198484,0.375,0.375,"[3, 5]",0.625,False,0.77364826,0.16796867,0.64822936,True
6,1,18,CP4,0.13801098,0.13801098,0.1715712,0.375,0.375,"[3, 5]",0.625,False,0.77364826,0.16796867,0.64822936,True
6,1,19,TP7,0.06688631,-0.02788078,0.07711382,0.375,0.375,"[3, 5]",0.625,False,0.77364826,0.16796867,0.64822936,True
6,1,20,TP8,0.09100895,-0.0428946,0.12423933,0.375,0.375,"[3, 5]",0.625,False,0.77364826,0.16796867,0.64822936,True
6,1,21,Pz,0.12533696,-0.01871594,0.13551669,0.375,0.375,"[3, 5]",0.625,False,0.77364826,0.16796867,0.64822936,True
6,1,22,P3,0.0425531,0.04149044,0.06120772,0.375,0.375,"[3, 5]",0.625,False,0.77364826,0.16796867,0.64822936,True
6,1,23,P4,0.12327276,-0.05042202,0.14042379,0.375,0.375,"[3, 5]",0.625,False,0.77364826,0.16796867,0.64822936,True
6,1,24,T5,0.07515305,0.05726807,0.09825435,0.375,0.375,"[3, 5]",0.625,False,0.77364826,0.16796867,0.64822936,True
6,1,25,T6,0.08751571,-0.08751571,0.0978214,0.375,0.375,"[3, 5]",0.625,False,0.77364826,0.16796867,0.64822936,True
6,1,26,Oz,0.06249577,0.05109337,0.09097414,0.375,0.375,"[3, 5]",0.625,False,0.77364826,0.16796867,0.64822936,True
6,1,27,O1,0.05828167,0.05504592,0.07599439,0.375,0.375,"[3, 5]",0.625,False,0.77364826,0.16796867,0.64822936,True
6,1,28,O2,0.14199108,0.00956127,0.14571841,0.375,0.375,"[3, 5]",0.625,False,0.77364826,0.16796867,0.64822936,True
6,2,0,Fp1,0.13343418,-0.12456287,0.15696165,0.75,0.75,"[6, 2]",0.75,False,0.44560747,0.09083759,0.37336844,True
6,2,1,Fp2,0.08026484,0.08012472,0.10335629,0.75,0.75,"[6, 2]",0.75,False,0.44560747,0.09083759,0.37336844,True
6,2,2,Fz,0.11057159,-0.09870419,0.12616211,0.75,0.75,"[6, 2]",0.75,False,0.44560747,0.09083759,0.37336844,True
6,2,3,F3,0.08801529,0.03039367,0.09103721,0.75,0.75,"[6, 2]",0.75,False,0.44560747,0.09083759,0.37336844,True
6,2,4,F4,0.10343765,0.06360418,0.10551973,0.75,0.75,"[6, 2]",0.75,False,0.44560747,0.09083759,0.37336844,True
6,2,5,F7,0.12079679,0.12079679,0.13287081,0.75,0.75,"[6, 2]",0.75,False,0.44560747,0.09083759,0.37336844,True
6,2,6,F8,0.07654922,-0.03922121,0.09224696,0.75,0.75,"[6, 2]",0.75,False,0.44560747,0.09083759,0.37336844,True
6,2,7,FCz,0.08551715,0.08551715,0.1018936,0.75,0.75,"[6, 2]",0.75,False,0.44560747,0.09083759,0.37336844,True
6,2,8,FC3,0.02210332,-0.00863409,0.0297332,0.75,0.75,"[6, 2]",0.75,False,0.44560747,0.09083759,0.37336844,True
6,2,9,FC4,0.06036878,-0.02027022,0.06857006,0.75,0.75,"[6, 2]",0.75,False,0.44560747,0.09083759,0.37336844,True
6,2,10,FT7,0.06246755,-0.01382468,0.07925019,0.75,0.75,"[6, 2]",0.75,False,0.44560747,0.09083759,0.37336844,True
6,2,11,FT8,0.09474222,-0.02359797,0.11428545,0.75,0.75,"[6, 2]",0.75,False,0.44560747,0.09083759,0.37336844,True
6,2,12,Cz,0.0713403,0.0713403,0.07835613,0.75,0.75,"[6, 2]",0.75,False,0.44560747,0.09083759,0.37336844,True
6,2,13,C3,0.12934503,0.05578628,0.13494338,0.75,0.75,"[6, 2]",0.75,False,0.44560747,0.09083759,0.37336844,True
6,2,14,C4,0.10949332,-0.09495965,0.12611732,0.75,0.75,"[6, 2]",0.75,False,0.44560747,0.09083759,0.37336844,True
6,2,15,T3,0.13647573,0.13647573,0.14548212,0.75,0.75,"[6, 2]",0.75,False,0.44560747,0.09083759,0.37336844,True
6,2,16,T4,0.08056101,0.01374142,0.08433202,0.75,0.75,"[6, 2]",0.75,False,0.44560747,0.09083759,0.37336844,True
6,2,17,CP3,0.12580603,0.00105435,0.13242267,0.75,0.75,"[6, 2]",0.75,False,0.44560747,0.09083759,0.37336844,True
6,2,18,CP4,0.11565073,0.07935273,0.13241032,0.75,0.75,"[6, 2]",0.75,False,0.44560747,0.09083759,0.37336844,True
6,2,19,TP7,0.07987207,-0.0174144,0.08657507,0.75,0.75,"[6, 2]",0.75,False,0.44560747,0.09083759,0.37336844,True
6,2,20,TP8,0.0858786,-0.06095378,0.10772341,0.75,0.75,"[6, 2]",0.75,False,0.44560747,0.09083759,0.37336844,True
6,2,21,Pz,0.14364676,0.01998314,0.14790499,0.75,0.75,"[6, 2]",0.75,False,0.44560747,0.09083759,0.37336844,True
6,2,22,P3,0.08622514,0.08622514,0.10321835,0.75,0.75,"[6, 2]",0.75,False,0.44560747,0.09083759,0.37336844,True
6,2,23,P4,0.09748895,-0.08400716,0.11366777,0.75,0.75,"[6, 2]",0.75,False,0.44560747,0.09083759,0.37336844,True
6,2,24,T5,0.06735933,0.06735933,0.08755947,0.75,0.75,"[6, 2]",0.75,False,0.44560747,0.09083759,0.37336844,True
6,2,25,T6,0.0699452,-0.05897651,0.09483229,0.75,0.75,"[6, 2]",0.75,False,0.44560747,0.09083759,0.37336844,True
6,2,26,Oz,0.04981963,0.02025525,0.05934768,0.75,0.75,"[6, 2]",0.75,False,0.44560747,0.09083759,0.37336844,True
6,2,27,O1,0.12012188,0.08136165,0.13385025,0.75,0.75,"[6, 2]",0.75,False,0.44560747,0.09083759,0.37336844,True
6,2,28,O2,0.1441236,-0.03198422,0.15331185,0.75,0.75,"[6, 2]",0.75,False,0.44560747,0.09083759,0.37336844,True
6,3,0,Fp1,0.10980674,-0.0960012,0.12259036,0.375,0.375,"[1, 7]",0.875,False,0.0032238,0.00030001,0.00270117,True
6,3,1,Fp2,0.0775082,0.06116019,0.09508538,0.375,0.375,"[1, 7]",0.875,False,0.0032238,0.00030001,0.00270117,True
6,3,2,Fz,0.10385187,-0.0983316,0.11734457,0.375,0.375,"[1, 7]",0.875,False,0.0032238,0.00030001,0.00270117,True
6,3,3,F3,0.08747068,0.02741321,0.0942624,0.375,0.375,"[1, 7]",0.875,False,0.0032238,0.00030001,0.00270117,True
6,3,4,F4,0.09753283,0.01235003,0.10784688,0.375,0.375,"[1, 7]",0.875,False,0.0032238,0.00030001,0.00270117,True
6,3,5,F7,0.08425576,0.08167667,0.09774237,0.375,0.375,"[1, 7]",0.875,False,0.0032238,0.00030001,0.00270117,True
6,3,6,F8,0.07734207,-0.02920646,0.07832418,0.375,0.375,"[1, 7]",0.875,False,0.0032238,0.00030001,0.00270117,True
6,3,7,FCz,0.09893288,0.09893288,0.11430262,0.375,0.375,"[1, 7]",0.875,False,0.0032238,0.00030001,0.00270117,True
6,3,8,FC3,0.03114028,0.00602213,0.03783868,0.375,0.375,"[1, 7]",0.875,False,0.0032238,0.00030001,0.00270117,True
6,3,9,FC4,0.05804173,-0.05804173,0.0763544,0.375,0.375,"[1, 7]",0.875,False,0.0032238,0.00030001,0.00270117,True
6,3,10,FT7,0.09056979,-0.05822623,0.10396787,0.375,0.375,"[1, 7]",0.875,False,0.0032238,0.00030001,0.00270117,True
6,3,11,FT8,0.0797912,-0.0035378,0.09692366,0.375,0.375,"[1, 7]",0.875,False,0.0032238,0.00030001,0.00270117,True
6,3,12,Cz,0.07690224,0.07568365,0.09249902,0.375,0.375,"[1, 7]",0.875,False,0.0032238,0.00030001,0.00270117,True
6,3,13,C3,0.1152309,0.07266648,0.11742492,0.375,0.375,"[1, 7]",0.875,False,0.0032238,0.00030001,0.00270117,True
6,3,14,C4,0.08565487,-0.0749746,0.09605505,0.375,0.375,"[1, 7]",0.875,False,0.0032238,0.00030001,0.00270117,True
6,3,15,T3,0.12673479,0.12673479,0.13191345,0.375,0.375,"[1, 7]",0.875,False,0.0032238,0.00030001,0.00270117,True
6,3,16,T4,0.1219376,0.01346595,0.13445248,0.375,0.375,"[1, 7]",0.875,False,0.0032238,0.00030001,0.00270117,True
6,3,17,CP3,0.12127438,0.03309354,0.13959895,0.375,0.375,"[1, 7]",0.875,False,0.0032238,0.00030001,0.00270117,True
6,3,18,CP4,0.11078316,0.03450949,0.12752816,0.375,0.375,"[1, 7]",0.875,False,0.0032238,0.00030001,0.00270117,True
6,3,19,TP7,0.08427772,-0.01858149,0.09419105,0.375,0.375,"[1, 7]",0.875,False,0.0032238,0.00030001,0.00270117,True
6,3,20,TP8,0.08926945,-0.0594634,0.10845321,0.375,0.375,"[1, 7]",0.875,False,0.0032238,0.00030001,0.00270117,True
6,3,21,Pz,0.1529116,0.00685981,0.15310353,0.375,0.375,"[1, 7]",0.875,False,0.0032238,0.00030001,0.00270117,True
6,3,22,P3,0.10815744,0.10815744,0.11725799,0.375,0.375,"[1, 7]",0.875,False,0.0032238,0.00030001,0.00270117,True
6,3,23,P4,0.1051134,-0.0931653,0.11704049,0.375,0.375,"[1, 7]",0.875,False,0.0032238,0.00030001,0.00270117,True
6,3,24,T5,0.10485552,0.07328881,0.11431103,0.375,0.375,"[1, 7]",0.875,False,0.0032238,0.00030001,0.00270117,True
6,3,25,T6,0.08127551,-0.06235654,0.09257987,0.375,0.375,"[1, 7]",0.875,False,0.0032238,0.00030001,0.00270117,True
6,3,26,Oz,0.07747076,0.04226759,0.07981057,0.375,0.375,"[1, 7]",0.875,False,0.0032238,0.00030001,0.00270117,True
6,3,27,O1,0.12201212,0.05608303,0.13244222,0.375,0.375,"[1, 7]",0.875,False,0.0032238,0.00030001,0.00270117,True
6,3,28,O2,0.14414138,-0.02368954,0.14689206,0.375,0.375,"[1, 7]",0.875,False,0.0032238,0.00030001,0.00270117,True
6,4,0,Fp1,0.11407527,-0.10443037,0.12858309,0.625,0.625,"[3, 5]",0.625,False,0.14166843,0.02088804,0.11870205,True
6,4,1,Fp2,0.07209686,0.0557062,0.09807329,0.625,0.625,"[3, 5]",0.625,False,0.14166843,0.02088804,0.11870205,True
6,4,2,Fz,0.10527541,-0.099328,0.11872422,0.625,0.625,"[3, 5]",0.625,False,0.14166843,0.02088804,0.11870205,True
6,4,3,F3,0.07696584,0.02057399,0.0863388,0.625,0.625,"[3, 5]",0.625,False,0.14166843,0.02088804,0.11870205,True
6,4,4,F4,0.08870365,0.01230698,0.09929606,0.625,0.625,"[3, 5]",0.625,False,0.14166843,0.02088804,0.11870205,True
6,4,5,F7,0.07766504,0.07515689,0.09126655,0.625,0.625,"[3, 5]",0.625,False,0.14166843,0.02088804,0.11870205,True
6,4,6,F8,0.06388187,-0.02472599,0.06446797,0.625,0.625,"[3, 5]",0.625,False,0.14166843,0.02088804,0.11870205,True
6,4,7,FCz,0.10616743,0.10616743,0.11838034,0.625,0.625,"[3, 5]",0.625,False,0.14166843,0.02088804,0.11870205,True
6,4,8,FC3,0.03484024,0.00576858,0.03869802,0.625,0.625,"[3, 5]",0.625,False,0.14166843,0.02088804,0.11870205,True
6,4,9,FC4,0.05843293,-0.05843293,0.08058435,0.625,0.625,"[3, 5]",0.625,False,0.14166843,0.02088804,0.11870205,True
6,4,10,FT7,0.09472468,-0.05582694,0.10740389,0.625,0.625,"[3, 5]",0.625,False,0.14166843,0.02088804,0.11870205,True
6,4,11,FT8,0.07052698,-0.01390283,0.08617575,0.625,0.625,"[3, 5]",0.625,False,0.14166843,0.02088804,0.11870205,True
6,4,12,Cz,0.08321149,0.08321149,0.09947043,0.625,0.625,"[3, 5]",0.625,False,0.14166843,0.02088804,0.11870205,True
6,4,13,C3,0.12013789,0.071343,0.12166312,0.625,0.625,"[3, 5]",0.625,False,0.14166843,0.02088804,0.11870205,True
6,4,14,C4,0.08925771,-0.06959976,0.09872553,0.625,0.625,"[3, 5]",0.625,False,0.14166843,0.02088804,0.11870205,True
6,4,15,T3,0.13180149,0.13180149,0.13769369,0.625,0.625,"[3, 5]",0.625,False,0.14166843,0.02088804,0.11870205,True
6,4,16,T4,0.11500891,0.02375213,0.13118951,0.625,0.625,"[3, 5]",0.625,False,0.14166843,0.02088804,0.11870205,True
6,4,17,CP3,0.12308039,0.04423724,0.14135227,0.625,0.625,"[3, 5]",0.625,False,0.14166843,0.02088804,0.11870205,True
6,4,18,CP4,0.10643388,0.0399929,0.12052475,0.625,0.625,"[3, 5]",0.625,False,0.14166843,0.02088804,0.11870205,True
6,4,19,TP7,0.08836027,-0.01820897,0.10254428,0.625,0.625,"[3, 5]",0.625,False,0.14166843,0.02088804,0.11870205,True
6,4,20,TP8,0.08040855,-0.06098348,0.10292795,0.625,0.625,"[3, 5]",0.625,False,0.14166843,0.02088804,0.11870205,True
6,4,21,Pz,0.15247092,0.00940333,0.15319213,0.625,0.625,"[3, 5]",0.625,False,0.14166843,0.02088804,0.11870205,True
6,4,22,P3,0.11511327,0.11511327,0.12215088,0.625,0.625,"[3, 5]",0.625,False,0.14166843,0.02088804,0.11870205,True
6,4,23,P4,0.11079903,-0.09647334,0.12370629,0.625,0.625,"[3, 5]",0.625,False,0.14166843,0.02088804,0.11870205,True
6,4,24,T5,0.098207,0.07603931,0.10775036,0.625,0.625,"[3, 5]",0.625,False,0.14166843,0.02088804,0.11870205,True
6,4,25,T6,0.08426014,-0.07422094,0.10360638,0.625,0.625,"[3, 5]",0.625,False,0.14166843,0.02088804,0.11870205,True
6,4,26,Oz,0.07044514,0.04268081,0.07134467,0.625,0.625,"[3, 5]",0.625,False,0.14166843,0.02088804,0.11870205,True
6,4,27,O1,0.1222804,0.06399761,0.13696887,0.625,0.625,"[3, 5]",0.625,False,0.14166843,0.02088804,0.11870205,True
6,4,28,O2,0.14466447,-0.0236143,0.14995669,0.625,0.625,"[3, 5]",0.625,False,0.14166843,0.02088804,0.11870205,True
6,5,0,Fp1,0.13184275,-0.09479661,0.13603118,0.25,0.25,"[6, 2]",0.75,False,0.74921593,0.17216314,0.62775784,True
6,5,1,Fp2,0.11624556,0.11624556,0.15257455,0.25,0.25,"[6, 2]",0.75,False,0.74921593,0.17216314,0.62775784,True
6,5,2,Fz,0.12582651,-0.11683062,0.14163835,0.25,0.25,"[6, 2]",0.75,False,0.74921593,0.17216314,0.62775784,True
6,5,3,F3,0.09699987,0.00892795,0.10992976,0.25,0.25,"[6, 2]",0.75,False,0.74921593,0.17216314,0.62775784,True
6,5,4,F4,0.08875946,0.05132126,0.09527671,0.25,0.25,"[6, 2]",0.75,False,0.74921593,0.17216314,0.62775784,True
6,5,5,F7,0.10144551,0.04049598,0.11084569,0.25,0.25,"[6, 2]",0.75,False,0.74921593,0.17216314,0.62775784,True
6,5,6,F8,0.10659593,0.01247906,0.13354261,0.25,0.25,"[6, 2]",0.75,False,0.74921593,0.17216314,0.62775784,True
6,5,7,FCz,0.03585241,0.02327074,0.04300375,0.25,0.25,"[6, 2]",0.75,False,0.74921593,0.17216314,0.62775784,True
6,5,8,FC3,0.05199073,-0.05199073,0.06071495,0.25,0.25,"[6, 2]",0.75,False,0.74921593,0.17216314,0.62775784,True
6,5,9,FC4,0.04885396,-0.04885396,0.05540752,0.25,0.25,"[6, 2]",0.75,False,0.74921593,0.17216314,0.62775784,True
6,5,10,FT7,0.0566914,-0.00166653,0.06836623,0.25,0.25,"[6, 2]",0.75,False,0.74921593,0.17216314,0.62775784,True
6,5,11,FT8,0.09972053,0.01803846,0.11800589,0.25,0.25,"[6, 2]",0.75,False,0.74921593,0.17216314,0.62775784,True
6,5,12,Cz,0.06865005,0.06464271,0.0786634,0.25,0.25,"[6, 2]",0.75,False,0.74921593,0.17216314,0.62775784,True
6,5,13,C3,0.12539925,0.062318,0.12807477,0.25,0.25,"[6, 2]",0.75,False,0.74921593,0.17216314,0.62775784,True
6,5,14,C4,0.09527435,-0.02398312,0.1074224,0.25,0.25,"[6, 2]",0.75,False,0.74921593,0.17216314,0.62775784,True
6,5,15,T3,0.12869525,0.12869525,0.1399055,0.25,0.25,"[6, 2]",0.75,False,0.74921593,0.17216314,0.62775784,True
6,5,16,T4,0.09698172,-0.0146518,0.11568111,0.25,0.25,"[6, 2]",0.75,False,0.74921593,0.17216314,0.62775784,True
6,5,17,CP3,0.12877901,0.08279437,0.16184065,0.25,0.25,"[6, 2]",0.75,False,0.74921593,0.17216314,0.62775784,True
6,5,18,CP4,0.10835988,0.1071243,0.14886081,0.25,0.25,"[6, 2]",0.75,False,0.74921593,0.17216314,0.62775784,True
6,5,19,TP7,0.07285425,-0.02709134,0.09993184,0.25,0.25,"[6, 2]",0.75,False,0.74921593,0.17216314,0.62775784,True
6,5,20,TP8,0.09595758,-0.05881936,0.09897663,0.25,0.25,"[6, 2]",0.75,False,0.74921593,0.17216314,0.62775784,True
6,5,21,Pz,0.12115869,0.00375925,0.12268585,0.25,0.25,"[6, 2]",0.75,False,0.74921593,0.17216314,0.62775784,True
6,5,22,P3,0.04256257,0.0322149,0.05422905,0.25,0.25,"[6, 2]",0.75,False,0.74921593,0.17216314,0.62775784,True
6,5,23,P4,0.052564,-0.02775516,0.08223107,0.25,0.25,"[6, 2]",0.75,False,0.74921593,0.17216314,0.62775784,True
6,5,24,T5,0.02857286,0.01112635,0.03999122,0.25,0.25,"[6, 2]",0.75,False,0.74921593,0.17216314,0.62775784,True
6,5,25,T6,0.13183191,-0.08487255,0.13863604,0.25,0.25,"[6, 2]",0.75,False,0.74921593,0.17216314,0.62775784,True
6,5,26,Oz,0.07534543,0.02270504,0.08896708,0.25,0.25,"[6, 2]",0.75,False,0.74921593,0.17216314,0.62775784,True
6,5,27,O1,0.1117541,0.07893614,0.11657131,0.25,0.25,"[6, 2]",0.75,False,0.74921593,0.17216314,0.62775784,True
6,5,28,O2,0.14408791,0.01980915,0.15189083,0.25,0.25,"[6, 2]",0.75,False,0.74921593,0.17216314,0.62775784,True
7,1,0,Fp1,0.1298137,-0.09957661,0.13604712,0.75,0.75,"[4, 4]",0.5,False,0.44575952,0.09282473,0.37349584,True
7,1,1,Fp2,0.05285228,0.0487437,0.07698146,0.75,0.75,"[4, 4]",0.5,False,0.44575952,0.09282473,0.37349584,True
7,1,2,Fz,0.12110291,-0.12110291,0.13747464,0.75,0.75,"[4, 4]",0.5,False,0.44575952,0.09282473,0.37349584,True
7,1,3,F3,0.08410674,0.02098195,0.08850546,0.75,0.75,"[4, 4]",0.5,False,0.44575952,0.09282473,0.37349584,True
7,1,4,F4,0.09023004,0.03364734,0.10001954,0.75,0.75,"[4, 4]",0.5,False,0.44575952,0.09282473,0.37349584,True
7,1,5,F7,0.09476713,0.09476713,0.11032717,0.75,0.75,"[4, 4]",0.5,False,0.44575952,0.09282473,0.37349584,True
7,1,6,F8,0.07910866,-0.00440138,0.08988465,0.75,0.75,"[4, 4]",0.5,False,0.44575952,0.09282473,0.37349584,True
7,1,7,FCz,0.06914973,0.05950239,0.07557536,0.75,0.75,"[4, 4]",0.5,False,0.44575952,0.09282473,0.37349584,True
7,1,8,FC3,0.04839942,-0.0124093,0.05537613,0.75,0.75,"[4, 4]",0.5,False,0.44575952,0.09282473,0.37349584,True
7,1,9,FC4,0.04889541,-0.04676474,0.05801296,0.75,0.75,"[4, 4]",0.5,False,0.44575952,0.09282473,0.37349584,True
7,1,10,FT7,0.09537891,-0.02427437,0.1121457,0.75,0.75,"[4, 4]",0.5,False,0.44575952,0.09282473,0.37349584,True
7,1,11,FT8,0.10643069,-0.01931255,0.13907929,0.75,0.75,"[4, 4]",0.5,False,0.44575952,0.09282473,0.37349584,True
7,1,12,Cz,0.07501051,0.0547647,0.08326019,0.75,0.75,"[4, 4]",0.5,False,0.44575952,0.09282473,0.37349584,True
7,1,13,C3,0.10693218,0.04858974,0.11567776,0.75,0.75,"[4, 4]",0.5,False,0.44575952,0.09282473,0.37349584,True
7,1,14,C4,0.05520951,-0.03800937,0.05860314,0.75,0.75,"[4, 4]",0.5,False,0.44575952,0.09282473,0.37349584,True
7,1,15,T3,0.07552255,0.06517734,0.08576825,0.75,0.75,"[4, 4]",0.5,False,0.44575952,0.09282473,0.37349584,True
7,1,16,T4,0.12844214,0.02303025,0.14229643,0.75,0.75,"[4, 4]",0.5,False,0.44575952,0.09282473,0.37349584,True
7,1,17,CP3,0.13698313,-0.0034569,0.15987441,0.75,0.75,"[4, 4]",0.5,False,0.44575952,0.09282473,0.37349584,True
7,1,18,CP4,0.14752899,0.08034032,0.15412761,0.75,0.75,"[4, 4]",0.5,False,0.44575952,0.09282473,0.37349584,True
7,1,19,TP7,0.0752824,-0.01677985,0.08227371,0.75,0.75,"[4, 4]",0.5,False,0.44575952,0.09282473,0.37349584,True
7,1,20,TP8,0.07732827,-0.01725835,0.08786805,0.75,0.75,"[4, 4]",0.5,False,0.44575952,0.09282473,0.37349584,True
7,1,21,Pz,0.15462615,-0.00363659,0.15717837,0.75,0.75,"[4, 4]",0.5,False,0.44575952,0.09282473,0.37349584,True
7,1,22,P3,0.08091196,0.08091196,0.09398227,0.75,0.75,"[4, 4]",0.5,False,0.44575952,0.09282473,0.37349584,True
7,1,23,P4,0.10345203,-0.0759968,0.1139669,0.75,0.75,"[4, 4]",0.5,False,0.44575952,0.09282473,0.37349584,True
7,1,24,T5,0.08045373,0.0266187,0.09317125,0.75,0.75,"[4, 4]",0.5,False,0.44575952,0.09282473,0.37349584,True
7,1,25,T6,0.08085895,-0.08085895,0.10085211,0.75,0.75,"[4, 4]",0.5,False,0.44575952,0.09282473,0.37349584,True
7,1,26,Oz,0.05133123,0.05133123,0.06259857,0.75,0.75,"[4, 4]",0.5,False,0.44575952,0.09282473,0.37349584,True
7,1,27,O1,0.10005882,0.05673679,0.11165967,0.75,0.75,"[4, 4]",0.5,False,0.44575952,0.09282473,0.37349584,True
7,1,28,O2,0.11402701,-0.01020246,0.11540875,0.75,0.75,"[4, 4]",0.5,False,0.44575952,0.09282473,0.37349584,True
7,2,0,Fp1,0.12110753,-0.12110753,0.14102292,0.5,0.5,"[6, 2]",0.75,False,0.59608514,0.11126657,0.49945163,True
7,2,1,Fp2,0.07207224,0.07207224,0.08507155,0.5,0.5,"[6, 2]",0.75,False,0.59608514,0.11126657,0.49945163,True
7,2,2,Fz,0.11683737,-0.11683737,0.13256054,0.5,0.5,"[6, 2]",0.75,False,0.59608514,0.11126657,0.49945163,True
7,2,3,F3,0.07200737,0.04687441,0.07769939,0.5,0.5,"[6, 2]",0.75,False,0.59608514,0.11126657,0.49945163,True
7,2,4,F4,0.1173645,0.02586868,0.13770327,0.5,0.5,"[6, 2]",0.75,False,0.59608514,0.11126657,0.49945163,True
7,2,5,F7,0.07889386,0.07889386,0.08705058,0.5,0.5,"[6, 2]",0.75,False,0.59608514,0.11126657,0.49945163,True
7,2,6,F8,0.12820923,-0.02971038,0.13486421,0.5,0.5,"[6, 2]",0.75,False,0.59608514,0.11126657,0.49945163,True
7,2,7,FCz,0.07789157,0.06136932,0.08739534,0.5,0.5,"[6, 2]",0.75,False,0.59608514,0.11126657,0.49945163,True
7,2,8,FC3,0.03577741,-0.03577741,0.0435853,0.5,0.5,"[6, 2]",0.75,False,0.59608514,0.11126657,0.49945163,True
7,2,9,FC4,0.02706019,-0.01675437,0.03264771,0.5,0.5,"[6, 2]",0.75,False,0.59608514,0.11126657,0.49945163,True
7,2,10,FT7,0.09572482,-0.04985127,0.1182439,0.5,0.5,"[6, 2]",0.75,False,0.59608514,0.11126657,0.49945163,True
7,2,11,FT8,0.12327289,-0.00164375,0.1487899,0.5,0.5,"[6, 2]",0.75,False,0.59608514,0.11126657,0.49945163,True
7,2,12,Cz,0.0878554,0.03787825,0.08878286,0.5,0.5,"[6, 2]",0.75,False,0.59608514,0.11126657,0.49945163,True
7,2,13,C3,0.10461387,0.01758307,0.11645733,0.5,0.5,"[6, 2]",0.75,False,0.59608514,0.11126657,0.49945163,True
7,2,14,C4,0.09119448,-0.043548,0.09158019,0.5,0.5,"[6, 2]",0.75,False,0.59608514,0.11126657,0.49945163,True
7,2,15,T3,0.09892622,0.09892622,0.12700032,0.5,0.5,"[6, 2]",0.75,False,0.59608514,0.11126657,0.49945163,True
7,2,16,T4,0.08222689,0.04172144,0.08932324,0.5,0.5,"[6, 2]",0.75,False,0.59608514,0.11126657,0.49945163,True
7,2,17,CP3,0.14675629,0.0098796,0.17178129,0.5,0.5,"[6, 2]",0.75,False,0.59608514,0.11126657,0.49945163,True
7,2,18,CP4,0.11804138,0.07622376,0.1389471,0.5,0.5,"[6, 2]",0.75,False,0.59608514,0.11126657,0.49945163,True
7,2,19,TP7,0.05684401,0.01162575,0.05899812,0.5,0.5,"[6, 2]",0.75,False,0.59608514,0.11126657,0.49945163,True
7,2,20,TP8,0.09475344,-0.01563259,0.0966972,0.5,0.5,"[6, 2]",0.75,False,0.59608514,0.11126657,0.49945163,True
7,2,21,Pz,0.10668679,-0.01926806,0.10981346,0.5,0.5,"[6, 2]",0.75,False,0.59608514,0.11126657,0.49945163,True
7,2,22,P3,0.06161866,0.06161866,0.07233625,0.5,0.5,"[6, 2]",0.75,False,0.59608514,0.11126657,0.49945163,True
7,2,23,P4,0.11972354,-0.07350481,0.12183945,0.5,0.5,"[6, 2]",0.75,False,0.59608514,0.11126657,0.49945163,True
7,2,24,T5,0.06617036,0.0197362,0.07617857,0.5,0.5,"[6, 2]",0.75,False,0.59608514,0.11126657,0.49945163,True
7,2,25,T6,0.07057901,-0.07057901,0.08068826,0.5,0.5,"[6, 2]",0.75,False,0.59608514,0.11126657,0.49945163,True
7,2,26,Oz,0.03911684,0.02277592,0.04142569,0.5,0.5,"[6, 2]",0.75,False,0.59608514,0.11126657,0.49945163,True
7,2,27,O1,0.10658009,0.03306579,0.1129663,0.5,0.5,"[6, 2]",0.75,False,0.59608514,0.11126657,0.49945163,True
7,2,28,O2,0.1255953,-0.03753855,0.14738268,0.5,0.5,"[6, 2]",0.75,False,0.59608514,0.11126657,0.49945163,True
7,3,0,Fp1,0.0904927,-0.06443918,0.11250505,0.75,0.75,"[4, 4]",0.5,False,0.83580128,0.20857295,0.70030653,True
7,3,1,Fp2,0.09553817,0.09553817,0.09904774,0.75,0.75,"[4, 4]",0.5,False,0.83580128,0.20857295,0.70030653,True
7,3,2,Fz,0.08414333,-0.06857201,0.11991005,0.75,0.75,"[4, 4]",0.5,False,0.83580128,0.20857295,0.70030653,True
7,3,3,F3,0.08071876,0.03545172,0.0995855,0.75,0.75,"[4, 4]",0.5,False,0.83580128,0.20857295,0.70030653,True
7,3,4,F4,0.09250607,0.03877725,0.11815245,0.75,0.75,"[4, 4]",0.5,False,0.83580128,0.20857295,0.70030653,True
7,3,5,F7,0.07631505,0.07631505,0.08297176,0.75,0.75,"[4, 4]",0.5,False,0.83580128,0.20857295,0.70030653,True
7,3,6,F8,0.10832983,0.0012133,0.12743682,0.75,0.75,"[4, 4]",0.5,False,0.83580128,0.20857295,0.70030653,True
7,3,7,FCz,0.04849133,0.04849133,0.05770704,0.75,0.75,"[4, 4]",0.5,False,0.83580128,0.20857295,0.70030653,True
7,3,8,FC3,0.05297729,-0.05297729,0.05989336,0.75,0.75,"[4, 4]",0.5,False,0.83580128,0.20857295,0.70030653,True
7,3,9,FC4,0.05761852,-0.05761852,0.06508785,0.75,0.75,"[4, 4]",0.5,False,0.83580128,0.20857295,0.70030653,True
7,3,10,FT7,0.12234457,-0.0696653,0.14301363,0.75,0.75,"[4, 4]",0.5,False,0.83580128,0.20857295,0.70030653,True
7,3,11,FT8,0.10951293,-0.03985325,0.12634785,0.75,0.75,"[4, 4]",0.5,False,0.83580128,0.20857295,0.70030653,True
7,3,12,Cz,0.05881472,0.00544128,0.07228098,0.75,0.75,"[4, 4]",0.5,False,0.83580128,0.20857295,0.70030653,True
7,3,13,C3,0.09913166,0.07816875,0.11034776,0.75,0.75,"[4, 4]",0.5,False,0.83580128,0.20857295,0.70030653,True
7,3,14,C4,0.06751794,-0.0050362,0.0805972,0.75,0.75,"[4, 4]",0.5,False,0.83580128,0.20857295,0.70030653,True
7,3,15,T3,0.07107869,0.04873661,0.08730194,0.75,0.75,"[4, 4]",0.5,False,0.83580128,0.20857295,0.70030653,True
7,3,16,T4,0.02806657,0.00280052,0.03200362,0.75,0.75,"[4, 4]",0.5,False,0.83580128,0.20857295,0.70030653,True
7,3,17,CP3,0.12769057,-0.0099988,0.14634465,0.75,0.75,"[4, 4]",0.5,False,0.83580128,0.20857295,0.70030653,True
7,3,18,CP4,0.1806346,0.08018983,0.18688394,0.75,0.75,"[4, 4]",0.5,False,0.83580128,0.20857295,0.70030653,True
7,3,19,TP7,0.05605698,-0.01269615,0.07421321,0.75,0.75,"[4, 4]",0.5,False,0.83580128,0.20857295,0.70030653,True
7,3,20,TP8,0.09954486,0.01224438,0.10419481,0.75,0.75,"[4, 4]",0.5,False,0.83580128,0.20857295,0.70030653,True
7,3,21,Pz,0.15181258,-0.02047597,0.15598148,0.75,0.75,"[4, 4]",0.5,False,0.83580128,0.20857295,0.70030653,True
7,3,22,P3,0.10775538,0.08706026,0.11457694,0.75,0.75,"[4, 4]",0.5,False,0.83580128,0.20857295,0.70030653,True
7,3,23,P4,0.10507613,-0.05435934,0.11048389,0.75,0.75,"[4, 4]",0.5,False,0.83580128,0.20857295,0.70030653,True
7,3,24,T5,0.09842637,-0.00911615,0.11942735,0.75,0.75,"[4, 4]",0.5,False,0.83580128,0.20857295,0.70030653,True
7,3,25,T6,0.05019319,-0.02778421,0.05444655,0.75,0.75,"[4, 4]",0.5,False,0.83580128,0.20857295,0.70030653,True
7,3,26,Oz,0.08808379,0.08808379,0.09977991,0.75,0.75,"[4, 4]",0.5,False,0.83580128,0.20857295,0.70030653,True
7,3,27,O1,0.11194836,0.02709653,0.1323553,0.75,0.75,"[4, 4]",0.5,False,0.83580128,0.20857295,0.70030653,True
7,3,28,O2,0.15959564,-0.01205882,0.1674583,0.75,0.75,"[4, 4]",0.5,False,0.83580128,0.20857295,0.70030653,True
7,4,0,Fp1,0.10442837,-0.0689562,0.10748506,0.25,0.25,"[2, 6]",0.75,False,1.23206352,0.34642479,1.03232927,True
7,4,1,Fp2,0.03429534,0.00958945,0.04273603,0.25,0.25,"[2, 6]",0.75,False,1.23206352,0.34642479,1.03232927,True
7,4,2,Fz,0.11038983,-0.07833812,0.13599434,0.25,0.25,"[2, 6]",0.75,False,1.23206352,0.34642479,1.03232927,True
7,4,3,F3,0.05837706,0.05837706,0.07384991,0.25,0.25,"[2, 6]",0.75,False,1.23206352,0.34642479,1.03232927,True
7,4,4,F4,0.18551882,0.06435381,0.204742,0.25,0.25,"[2, 6]",0.75,False,1.23206352,0.34642479,1.03232927,True
7,4,5,F7,0.079311,0.05557992,0.09916566,0.25,0.25,"[2, 6]",0.75,False,1.23206352,0.34642479,1.03232927,True
7,4,6,F8,0.07861868,0.02783937,0.09068268,0.25,0.25,"[2, 6]",0.75,False,1.23206352,0.34642479,1.03232927,True
7,4,7,FCz,0.05382933,0.00379463,0.06602378,0.25,0.25,"[2, 6]",0.75,False,1.23206352,0.34642479,1.03232927,True
7,4,8,FC3,0.0330551,-0.01954209,0.04317711,0.25,0.25,"[2, 6]",0.75,False,1.23206352,0.34642479,1.03232927,True
7,4,9,FC4,0.07835976,-0.0259711,0.08961291,0.25,0.25,"[2, 6]",0.75,False,1.23206352,0.34642479,1.03232927,True
7,4,10,FT7,0.0985859,0.01175542,0.10828309,0.25,0.25,"[2, 6]",0.75,False,1.23206352,0.34642479,1.03232927,True
7,4,11,FT8,0.09176432,0.00644453,0.11444293,0.25,0.25,"[2, 6]",0.75,False,1.23206352,0.34642479,1.03232927,True
7,4,12,Cz,0.09627204,-0.0729831,0.10164934,0.25,0.25,"[2, 6]",0.75,False,1.23206352,0.34642479,1.03232927,True
7,4,13,C3,0.06439909,0.00312474,0.08558682,0.25,0.25,"[2, 6]",0.75,False,1.23206352,0.34642479,1.03232927,True
7,4,14,C4,0.08740439,-0.05378367,0.09919065,0.25,0.25,"[2, 6]",0.75,False,1.23206352,0.34642479,1.03232927,True
7,4,15,T3,0.06549381,-0.01683728,0.07400163,0.25,0.25,"[2, 6]",0.75,False,1.23206352,0.34642479,1.03232927,True
7,4,16,T4,0.06019621,-0.02660477,0.0895839,0.25,0.25,"[2, 6]",0.75,False,1.23206352,0.34642479,1.03232927,True
7,4,17,CP3,0.2045683,0.06829464,0.22977298,0.25,0.25,"[2, 6]",0.75,False,1.23206352,0.34642479,1.03232927,True
7,4,18,CP4,0.11709373,0.10085518,0.15605265,0.25,0.25,"[2, 6]",0.75,False,1.23206352,0.34642479,1.03232927,True
7,4,19,TP7,0.11309379,0.04597859,0.13172814,0.25,0.25,"[2, 6]",0.75,False,1.23206352,0.34642479,1.03232927,True
7,4,20,TP8,0.05938034,0.05938034,0.06273168,0.25,0.25,"[2, 6]",0.75,False,1.23206352,0.34642479,1.03232927,True
7,4,21,Pz,0.10845898,0.01261961,0.12443437,0.25,0.25,"[2, 6]",0.75,False,1.23206352,0.34642479,1.03232927,True
7,4,22,P3,0.17825013,0.14206977,0.22869314,0.25,0.25,"[2, 6]",0.75,False,1.23206352,0.34642479,1.03232927,True
7,4,23,P4,0.08501449,0.00275852,0.09159563,0.25,0.25,"[2, 6]",0.75,False,1.23206352,0.34642479,1.03232927,True
7,4,24,T5,0.09583134,-0.09583134,0.10249183,0.25,0.25,"[2, 6]",0.75,False,1.23206352,0.34642479,1.03232927,True
7,4,25,T6,0.05449729,-0.03933134,0.0772552,0.25,0.25,"[2, 6]",0.75,False,1.23206352,0.34642479,1.03232927,True
7,4,26,Oz,0.05775012,-0.00973062,0.07009385,0.25,0.25,"[2, 6]",0.75,False,1.23206352,0.34642479,1.03232927,True
7,4,27,O1,0.06098381,-0.0141441,0.06826298,0.25,0.25,"[2, 6]",0.75,False,1.23206352,0.34642479,1.03232927,True
7,4,28,O2,0.08828192,-0.08439613,0.10894445,0.25,0.25,"[2, 6]",0.75,False,1.23206352,0.34642479,1.03232927,True
7,5,0,Fp1,0.11954087,-0.09714337,0.13142036,0.625,0.625,"[3, 5]",0.625,False,0.66317896,0.15287355,0.55566864,True
7,5,1,Fp2,0.08064493,0.08064493,0.0849272,0.625,0.625,"[3, 5]",0.625,False,0.66317896,0.15287355,0.55566864,True
7,5,2,Fz,0.06809875,-0.06809875,0.08289047,0.625,0.625,"[3, 5]",0.625,False,0.66317896,0.15287355,0.55566864,True
7,5,3,F3,0.12622166,0.02130725,0.14271931,0.625,0.625,"[3, 5]",0.625,False,0.66317896,0.15287355,0.55566864,True
7,5,4,F4,0.0766985,0.0501201,0.09304953,0.625,0.625,"[3, 5]",0.625,False,0.66317896,0.15287355,0.55566864,True
7,5,5,F7,0.06319874,0.06319874,0.07739881,0.625,0.625,"[3, 5]",0.625,False,0.66317896,0.15287355,0.55566864,True
7,5,6,F8,0.10926288,0.00019105,0.12696072,0.625,0.625,"[3, 5]",0.625,False,0.66317896,0.15287355,0.55566864,True
7,5,7,FCz,0.05625996,0.05625996,0.05923933,0.625,0.625,"[3, 5]",0.625,False,0.66317896,0.15287355,0.55566864,True
7,5,8,FC3,0.05655218,-0.01970752,0.0650553,0.625,0.625,"[3, 5]",0.625,False,0.66317896,0.15287355,0.55566864,True
7,5,9,FC4,0.09367499,0.00878925,0.1054559,0.625,0.625,"[3, 5]",0.625,False,0.66317896,0.15287355,0.55566864,True
7,5,10,FT7,0.12581901,-0.0295427,0.14265117,0.625,0.625,"[3, 5]",0.625,False,0.66317896,0.15287355,0.55566864,True
7,5,11,FT8,0.11973014,-0.01448487,0.14095703,0.625,0.625,"[3, 5]",0.625,False,0.66317896,0.15287355,0.55566864,True
7,5,12,Cz,0.02892309,0.02459922,0.0366899,0.625,0.625,"[3, 5]",0.625,False,0.66317896,0.15287355,0.55566864,True
7,5,13,C3,0.07105772,0.04184052,0.07997922,0.625,0.625,"[3, 5]",0.625,False,0.66317896,0.15287355,0.55566864,True
7,5,14,C4,0.04790659,-0.00857113,0.06417533,0.625,0.625,"[3, 5]",0.625,False,0.66317896,0.15287355,0.55566864,True
7,5,15,T3,0.09590751,0.06782772,0.10664717,0.625,0.625,"[3, 5]",0.625,False,0.66317896,0.15287355,0.55566864,True
7,5,16,T4,0.0388279,0.00075525,0.04760858,0.625,0.625,"[3, 5]",0.625,False,0.66317896,0.15287355,0.55566864,True
7,5,17,CP3,0.15891638,0.00073635,0.16754289,0.625,0.625,"[3, 5]",0.625,False,0.66317896,0.15287355,0.55566864,True
7,5,18,CP4,0.1507823,0.09858441,0.16799738,0.625,0.625,"[3, 5]",0.625,False,0.66317896,0.15287355,0.55566864,True
7,5,19,TP7,0.02853648,-0.01592063,0.03813738,0.625,0.625,"[3, 5]",0.625,False,0.66317896,0.15287355,0.55566864,True
7,5,20,TP8,0.09915543,-0.04949991,0.11219017,0.625,0.625,"[3, 5]",0.625,False,0.66317896,0.15287355,0.55566864,True
7,5,21,Pz,0.17437881,-0.04722521,0.18509446,0.625,0.625,"[3, 5]",0.625,False,0.66317896,0.15287355,0.55566864,True
7,5,22,P3,0.06865753,0.06865753,0.08210944,0.625,0.625,"[3, 5]",0.625,False,0.66317896,0.15287355,0.55566864,True
7,5,23,P4,0.09715912,-0.06373826,0.10079789,0.625,0.625,"[3, 5]",0.625,False,0.66317896,0.15287355,0.55566864,True
7,5,24,T5,0.09484169,0.05661281,0.10745556,0.625,0.625,"[3, 5]",0.625,False,0.66317896,0.15287355,0.55566864,True
7,5,25,T6,0.06152327,-0.03514457,0.07428903,0.625,0.625,"[3, 5]",0.625,False,0.66317896,0.15287355,0.55566864,True
7,5,26,Oz,0.05169875,0.02373524,0.05853317,0.625,0.625,"[3, 5]",0.625,False,0.66317896,0.15287355,0.55566864,True
7,5,27,O1,0.07305872,0.02442043,0.08481876,0.625,0.625,"[3, 5]",0.625,False,0.66317896,0.15287355,0.55566864,True
7,5,28,O2,0.12715109,0.00828405,0.13070552,0.625,0.625,"[3, 5]",0.625,False,0.66317896,0.15287355,0.55566864,True
8,1,0,Fp1,0.0962761,-0.08911818,0.1086199,0.625,0.625,"[5, 3]",0.625,False,0.36276628,0.07164273,0.30395694,True
8,1,1,Fp2,0.08781172,0.06904903,0.11374448,0.625,0.625,"[5, 3]",0.625,False,0.36276628,0.07164273,0.30395694,True
8,1,2,Fz,0.10453378,-0.10453378,0.12172478,0.625,0.625,"[5, 3]",0.625,False,0.36276628,0.07164273,0.30395694,True
8,1,3,F3,0.09336929,0.03916517,0.10530304,0.625,0.625,"[5, 3]",0.625,False,0.36276628,0.07164273,0.30395694,True
8,1,4,F4,0.09545811,0.00109023,0.11405063,0.625,0.625,"[5, 3]",0.625,False,0.36276628,0.07164273,0.30395694,True
8,1,5,F7,0.1053781,0.08638279,0.11251444,0.625,0.625,"[5, 3]",0.625,False,0.36276628,0.07164273,0.30395694,True
8,1,6,F8,0.05250294,0.02422994,0.07992702,0.625,0.625,"[5, 3]",0.625,False,0.36276628,0.07164273,0.30395694,True
8,1,7,FCz,0.0905577,0.08862079,0.11155356,0.625,0.625,"[5, 3]",0.625,False,0.36276628,0.07164273,0.30395694,True
8,1,8,FC3,0.05758509,0.02697464,0.05831412,0.625,0.625,"[5, 3]",0.625,False,0.36276628,0.07164273,0.30395694,True
8,1,9,FC4,0.05196797,-0.04653045,0.05837606,0.625,0.625,"[5, 3]",0.625,False,0.36276628,0.07164273,0.30395694,True
8,1,10,FT7,0.08939579,-0.05755383,0.09262264,0.625,0.625,"[5, 3]",0.625,False,0.36276628,0.07164273,0.30395694,True
8,1,11,FT8,0.08107162,0.00116171,0.1037887,0.625,0.625,"[5, 3]",0.625,False,0.36276628,0.07164273,0.30395694,True
8,1,12,Cz,0.08543679,0.08543679,0.10435736,0.625,0.625,"[5, 3]",0.625,False,0.36276628,0.07164273,0.30395694,True
8,1,13,C3,0.13851412,0.09598464,0.1425512,0.625,0.625,"[5, 3]",0.625,False,0.36276628,0.07164273,0.30395694,True
8,1,14,C4,0.06969582,-0.06969582,0.07651335,0.625,0.625,"[5, 3]",0.625,False,0.36276628,0.07164273,0.30395694,True
8,1,15,T3,0.10071526,0.10071526,0.11261204,0.625,0.625,"[5, 3]",0.625,False,0.36276628,0.07164273,0.30395694,True
8,1,16,T4,0.11287507,0.01243768,0.12751898,0.625,0.625,"[5, 3]",0.625,False,0.36276628,0.07164273,0.30395694,True
8,1,17,CP3,0.13814108,0.0546048,0.15537153,0.625,0.625,"[5, 3]",0.625,False,0.36276628,0.07164273,0.30395694,True
8,1,18,CP4,0.11061754,0.03242627,0.1308324,0.625,0.625,"[5, 3]",0.625,False,0.36276628,0.07164273,0.30395694,True
8,1,19,TP7,0.11256522,-0.01829177,0.12531817,0.625,0.625,"[5, 3]",0.625,False,0.36276628,0.07164273,0.30395694,True
8,1,20,TP8,0.13156633,-0.05420262,0.14271666,0.625,0.625,"[5, 3]",0.625,False,0.36276628,0.07164273,0.30395694,True
8,1,21,Pz,0.14209616,0.00458939,0.14224079,0.625,0.625,"[5, 3]",0.625,False,0.36276628,0.07164273,0.30395694,True
8,1,22,P3,0.0653856,0.0653856,0.07128812,0.625,0.625,"[5, 3]",0.625,False,0.36276628,0.07164273,0.30395694,True
8,1,23,P4,0.12716065,-0.10233282,0.13644283,0.625,0.625,"[5, 3]",0.625,False,0.36276628,0.07164273,0.30395694,True
8,1,24,T5,0.10217495,0.07843826,0.11767677,0.625,0.625,"[5, 3]",0.625,False,0.36276628,0.07164273,0.30395694,True
8,1,25,T6,0.08791517,-0.0864861,0.12109008,0.625,0.625,"[5, 3]",0.625,False,0.36276628,0.07164273,0.30395694,True
8,1,26,Oz,0.04372438,0.022101,0.04724545,0.625,0.625,"[5, 3]",0.625,False,0.36276628,0.07164273,0.30395694,True
8,1,27,O1,0.11328276,0.03278962,0.12837771,0.625,0.625,"[5, 3]",0.625,False,0.36276628,0.07164273,0.30395694,True
8,1,28,O2,0.13801593,-0.05082798,0.1505135,0.625,0.625,"[5, 3]",0.625,False,0.36276628,0.07164273,0.30395694,True
8,2,0,Fp1,0.10374657,-0.07498167,0.11026791,0.75,0.75,"[4, 4]",0.5,False,0.58465787,0.1319935,0.48987689,True
8,2,1,Fp2,0.10517155,0.07721744,0.13889351,0.75,0.75,"[4, 4]",0.5,False,0.58465787,0.1319935,0.48987689,True
8,2,2,Fz,0.0998623,-0.0998623,0.12538166,0.75,0.75,"[4, 4]",0.5,False,0.58465787,0.1319935,0.48987689,True
8,2,3,F3,0.10891525,0.04519418,0.12613103,0.75,0.75,"[4, 4]",0.5,False,0.58465787,0.1319935,0.48987689,True
8,2,4,F4,0.08536596,-0.03182298,0.12250924,0.75,0.75,"[4, 4]",0.5,False,0.58465787,0.1319935,0.48987689,True
8,2,5,F7,0.10747227,0.10747227,0.11931348,0.75,0.75,"[4, 4]",0.5,False,0.58465787,0.1319935,0.48987689,True
8,2,6,F8,0.07690283,0.0506416,0.09536007,0.75,0.75,"[4, 4]",0.5,False,0.58465787,0.1319935,0.48987689,True
8,2,7,FCz,0.09142568,0.07640996,0.11245877,0.75,0.75,"[4, 4]",0.5,False,0.58465787,0.1319935,0.48987689,True
8,2,8,FC3,0.07664911,0.03240619,0.08290556,0.75,0.75,"[4, 4]",0.5,False,0.58465787,0.1319935,0.48987689,True
8,2,9,FC4,0.04331484,-0.03816909,0.04845215,0.75,0.75,"[4, 4]",0.5,False,0.58465787,0.1319935,0.48987689,True
8,2,10,FT7,0.05528788,-0.01882708,0.06176041,0.75,0.75,"[4, 4]",0.5,False,0.58465787,0.1319935,0.48987689,True
8,2,11,FT8,0.07504854,-0.04163976,0.0927313,0.75,0.75,"[4, 4]",0.5,False,0.58465787,0.1319935,0.48987689,True
8,2,12,Cz,0.07837678,0.07837678,0.10239975,0.75,0.75,"[4, 4]",0.5,False,0.58465787,0.1319935,0.48987689,True
8,2,13,C3,0.12476469,0.08423559,0.1311388,0.75,0.75,"[4, 4]",0.5,False,0.58465787,0.1319935,0.48987689,True
8,2,14,C4,0.05165592,-0.05165592,0.06403222,0.75,0.75,"[4, 4]",0.5,False,0.58465787,0.1319935,0.48987689,True
8,2,15,T3,0.11995301,0.11995301,0.13359958,0.75,0.75,"[4, 4]",0.5,False,0.58465787,0.1319935,0.48987689,True
8,2,16,T4,0.11876803,-0.01476391,0.12094799,0.75,0.75,"[4, 4]",0.5,False,0.58465787,0.1319935,0.48987689,True
8,2,17,CP3,0.1409726,0.04018399,0.15010621,0.75,0.75,"[4, 4]",0.5,False,0.58465787,0.1319935,0.48987689,True
8,2,18,CP4,0.14981836,0.049847,0.16300474,0.75,0.75,"[4, 4]",0.5,False,0.58465787,0.1319935,0.48987689,True
8,2,19,TP7,0.13885187,-0.0078289,0.14026184,0.75,0.75,"[4, 4]",0.5,False,0.58465787,0.1319935,0.48987689,True
8,2,20,TP8,0.12857427,-0.07500707,0.15156759,0.75,0.75,"[4, 4]",0.5,False,0.58465787,0.1319935,0.48987689,True
8,2,21,Pz,0.14258629,0.00122923,0.15078874,0.75,0.75,"[4, 4]",0.5,False,0.58465787,0.1319935,0.48987689,True
8,2,22,P3,0.04012051,0.02451353,0.05090276,0.75,0.75,"[4, 4]",0.5,False,0.58465787,0.1319935,0.48987689,True
8,2,23,P4,0.1297707,-0.08754215,0.14610994,0.75,0.75,"[4, 4]",0.5,False,0.58465787,0.1319935,0.48987689,True
8,2,24,T5,0.09914444,0.07038757,0.10602119,0.75,0.75,"[4, 4]",0.5,False,0.58465787,0.1319935,0.48987689,True
8,2,25,T6,0.09889644,-0.08750203,0.12199637,0.75,0.75,"[4, 4]",0.5,False,0.58465787,0.1319935,0.48987689,True
8,2,26,Oz,0.05804492,0.02866286,0.07619762,0.75,0.75,"[4, 4]",0.5,False,0.58465787,0.1319935,0.48987689,True
8,2,27,O1,0.11076054,0.04168567,0.12385255,0.75,0.75,"[4, 4]",0.5,False,0.58465787,0.1319935,0.48987689,True
8,2,28,O2,0.09897271,-0.06444666,0.12019116,0.75,0.75,"[4, 4]",0.5,False,0.58465787,0.1319935,0.48987689,True
8,3,0,Fp1,0.10965674,-0.0958512,0.12240007,0.5,0.5,"[0, 8]",1.0,True,0.00323098,0.00030001,0.00270719,True
8,3,1,Fp2,0.07750819,0.06116018,0.09508536,0.5,0.5,"[0, 8]",1.0,True,0.00323098,0.00030001,0.00270719,True
8,3,2,Fz,0.10400175,-0.0984815,0.11752756,0.5,0.5,"[0, 8]",1.0,True,0.00323098,0.00030001,0.00270719,True
8,3,3,F3,0.08777068,0.02741321,0.09465111,0.5,0.5,"[0, 8]",1.0,True,0.00323098,0.00030001,0.00270719,True
8,3,4,F4,0.09753284,0.01235002,0.10784689,0.5,0.5,"[0, 8]",1.0,True,0.00323098,0.00030001,0.00270719,True
8,3,5,F7,0.08410595,0.08182667,0.0978044,0.5,0.5,"[0, 8]",1.0,True,0.00323098,0.00030001,0.00270719,True
8,3,6,F8,0.07734207,-0.02890646,0.07837178,0.5,0.5,"[0, 8]",1.0,True,0.00323098,0.00030001,0.00270719,True
8,3,7,FCz,0.09878289,0.09878289,0.11416791,0.5,0.5,"[0, 8]",1.0,True,0.00323098,0.00030001,0.00270719,True
8,3,8,FC3,0.03099027,0.00587213,0.03766773,0.5,0.5,"[0, 8]",1.0,True,0.00323098,0.00030001,0.00270719,True
8,3,9,FC4,0.05804174,-0.05804174,0.07635441,0.5,0.5,"[0, 8]",1.0,True,0.00323098,0.00030001,0.00270719,True
8,3,10,FT7,0.09041979,-0.05807623,0.10388134,0.5,0.5,"[0, 8]",1.0,True,0.00323098,0.00030001,0.00270719,True
8,3,11,FT8,0.0799412,-0.00338779,0.09712683,0.5,0.5,"[0, 8]",1.0,True,0.00323098,0.00030001,0.00270719,True
8,3,12,Cz,0.07705224,0.07553366,0.09250345,0.5,0.5,"[0, 8]",1.0,True,0.00323098,0.00030001,0.00270719,True
8,3,13,C3,0.1152309,0.07236649,0.11737084,0.5,0.5,"[0, 8]",1.0,True,0.00323098,0.00030001,0.00270719,True
8,3,14,C4,0.08565487,-0.0752746,0.09621976,0.5,0.5,"[0, 8]",1.0,True,0.00323098,0.00030001,0.00270719,True
8,3,15,T3,0.12688479,0.12688479,0.13207866,0.5,0.5,"[0, 8]",1.0,True,0.00323098,0.00030001,0.00270719,True
8,3,16,T4,0.1219376,0.01346595,0.13445248,0.5,0.5,"[0, 8]",1.0,True,0.00323098,0.00030001,0.00270719,True
8,3,17,CP3,0.12112439,0.03264355,0.13944942,0.5,0.5,"[0, 8]",1.0,True,0.00323098,0.00030001,0.00270719,True
8,3,18,CP4,0.11093315,0.03435951,0.12770779,0.5,0.5,"[0, 8]",1.0,True,0.00323098,0.00030001,0.00270719,True
8,3,19,TP7,0.08457763,-0.01888143,0.09451891,0.5,0.5,"[0, 8]",1.0,True,0.00323098,0.00030001,0.00270719,True
8,3,20,TP8,0.08926946,-0.0594634,0.10845322,0.5,0.5,"[0, 8]",1.0,True,0.00323098,0.00030001,0.00270719,True
8,3,21,Pz,0.15288901,0.0065824,0.15307519,0.5,0.5,"[0, 8]",1.0,True,0.00323098,0.00030001,0.00270719,True
8,3,22,P3,0.10815743,0.10815743,0.11736307,0.5,0.5,"[0, 8]",1.0,True,0.00323098,0.00030001,0.00270719,True
8,3,23,P4,0.10481334,-0.09316523,0.11686984,0.5,0.5,"[0, 8]",1.0,True,0.00323098,0.00030001,0.00270719,True
8,3,24,T5,0.10500555,0.07343882,0.11451381,0.5,0.5,"[0, 8]",1.0,True,0.00323098,0.00030001,0.00270719,True
8,3,25,T6,0.08127549,-0.06235653,0.09243722,0.5,0.5,"[0, 8]",1.0,True,0.00323098,0.00030001,0.00270719,True
8,3,26,Oz,0.07762076,0.04241759,0.07997135,0.5,0.5,"[0, 8]",1.0,True,0.00323098,0.00030001,0.00270719,True
8,3,27,O1,0.12216213,0.05623303,0.13248843,0.5,0.5,"[0, 8]",1.0,True,0.00323098,0.00030001,0.00270719,True
8,3,28,O2,0.14399138,-0.02353953,0.14670472,0.5,0.5,"[0, 8]",1.0,True,0.00323098,0.00030001,0.00270719,True
8,4,0,Fp1,0.10950674,-0.0957012,0.12228569,0.5,0.5,"[0, 8]",1.0,True,0.00323045,0.00030001,0.00270675,True
8,4,1,Fp2,0.07765819,0.06131019,0.0951886,0.5,0.5,"[0, 8]",1.0,True,0.00323045,0.00030001,0.00270675,True
8,4,2,Fz,0.10400175,-0.09848149,0.11752755,0.5,0.5,"[0, 8]",1.0,True,0.00323045,0.00030001,0.00270675,True
8,4,3,F3,0.08777067,0.02741321,0.09465111,0.5,0.5,"[0, 8]",1.0,True,0.00323045,0.00030001,0.00270675,True
8,4,4,F4,0.09738301,0.01249985,0.10761037,0.5,0.5,"[0, 8]",1.0,True,0.00323045,0.00030001,0.00270675,True
8,4,5,F7,0.08410586,0.08182675,0.097735,0.5,0.5,"[0, 8]",1.0,True,0.00323045,0.00030001,0.00270675,True
8,4,6,F8,0.07749207,-0.02905645,0.0784917,0.5,0.5,"[0, 8]",1.0,True,0.00323045,0.00030001,0.00270675,True
8,4,7,FCz,0.0987829,0.0987829,0.11416791,0.5,0.5,"[0, 8]",1.0,True,0.00323045,0.00030001,0.00270675,True
8,4,8,FC3,0.03099027,0.00587213,0.03766773,0.5,0.5,"[0, 8]",1.0,True,0.00323045,0.00030001,0.00270675,True
8,4,9,FC4,0.05804031,-0.05804031,0.07635276,0.5,0.5,"[0, 8]",1.0,True,0.00323045,0.00030001,0.00270675,True
8,4,10,FT7,0.09041979,-0.05807623,0.10388134,0.5,0.5,"[0, 8]",1.0,True,0.00323045,0.00030001,0.00270675,True
8,4,11,FT8,0.08009119,-0.00353779,0.09717114,0.5,0.5,"[0, 8]",1.0,True,0.00323045,0.00030001,0.00270675,True
8,4,12,Cz,0.07690224,0.07568365,0.09249901,0.5,0.5,"[0, 8]",1.0,True,0.00323045,0.00030001,0.00270675,True
8,4,13,C3,0.1152309,0.07236649,0.11737084,0.5,0.5,"[0, 8]",1.0,True,0.00323045,0.00030001,0.00270675,True
8,4,14,C4,0.08550488,-0.07512461,0.09602216,0.5,0.5,"[0, 8]",1.0,True,0.00323045,0.00030001,0.00270675,True
8,4,15,T3,0.12673479,0.12673479,0.13199672,0.5,0.5,"[0, 8]",1.0,True,0.00323045,0.00030001,0.00270675,True
8,4,16,T4,0.1220876,0.01361594,0.13454799,0.5,0.5,"[0, 8]",1.0,True,0.00323045,0.00030001,0.00270675,True
8,4,17,CP3,0.12112439,0.03264355,0.13944942,0.5,0.5,"[0, 8]",1.0,True,0.00323045,0.00030001,0.00270675,True
8,4,18,CP4,0.11108314,0.03450948,0.12773141,0.5,0.5,"[0, 8]",1.0,True,0.00323045,0.00030001,0.00270675,True
8,4,19,TP7,0.08457771,-0.01888149,0.09451903,0.5,0.5,"[0, 8]",1.0,True,0.00323045,0.00030001,0.00270675,True
8,4,20,TP8,0.08926946,-0.0594634,0.10845322,0.5,0.5,"[0, 8]",1.0,True,0.00323045,0.00030001,0.00270675,True
8,4,21,Pz,0.15303899,0.00673237,0.15323597,0.5,0.5,"[0, 8]",1.0,True,0.00323045,0.00030001,0.00270675,True
8,4,22,P3,0.10815744,0.10815744,0.11736307,0.5,0.5,"[0, 8]",1.0,True,0.00323045,0.00030001,0.00270675,True
8,4,23,P4,0.1048134,-0.0931653,0.11679726,0.5,0.5,"[0, 8]",1.0,True,0.00323045,0.00030001,0.00270675,True
8,4,24,T5,0.10500555,0.07343882,0.11451381,0.5,0.5,"[0, 8]",1.0,True,0.00323045,0.00030001,0.00270675,True
8,4,25,T6,0.08127549,-0.06265651,0.09257797,0.5,0.5,"[0, 8]",1.0,True,0.00323045,0.00030001,0.00270675,True
8,4,26,Oz,0.07747076,0.04226759,0.07981057,0.5,0.5,"[0, 8]",1.0,True,0.00323045,0.00030001,0.00270675,True
8,4,27,O1,0.12201213,0.05608303,0.13244224,0.5,0.5,"[0, 8]",1.0,True,0.00323045,0.00030001,0.00270675,True
8,4,28,O2,0.14399138,-0.02353954,0.14670472,0.5,0.5,"[0, 8]",1.0,True,0.00323045,0.00030001,0.00270675,True
8,5,0,Fp1,0.08334506,-0.07444023,0.09740724,0.625,0.625,"[5, 3]",0.625,False,0.66190139,0.1593915,0.55459818,True
8,5,1,Fp2,0.11641652,0.11185441,0.14848544,0.625,0.625,"[5, 3]",0.625,False,0.66190139,0.1593915,0.55459818,True
8,5,2,Fz,0.10551692,-0.10370246,0.12481099,0.625,0.625,"[5, 3]",0.625,False,0.66190139,0.1593915,0.55459818,True
8,5,3,F3,0.11827593,0.03935057,0.12095459,0.625,0.625,"[5, 3]",0.625,False,0.66190139,0.1593915,0.55459818,True
8,5,4,F4,0.09964016,0.03412357,0.11023475,0.625,0.625,"[5, 3]",0.625,False,0.66190139,0.1593915,0.55459818,True
8,5,5,F7,0.0973605,0.0973605,0.11656614,0.625,0.625,"[5, 3]",0.625,False,0.66190139,0.1593915,0.55459818,True
8,5,6,F8,0.08986591,0.01889475,0.11139677,0.625,0.625,"[5, 3]",0.625,False,0.66190139,0.1593915,0.55459818,True
8,5,7,FCz,0.09703519,0.09703519,0.13050552,0.625,0.625,"[5, 3]",0.625,False,0.66190139,0.1593915,0.55459818,True
8,5,8,FC3,0.06604508,0.01805896,0.07267055,0.625,0.625,"[5, 3]",0.625,False,0.66190139,0.1593915,0.55459818,True
8,5,9,FC4,0.03008424,0.0162212,0.04677157,0.625,0.625,"[5, 3]",0.625,False,0.66190139,0.1593915,0.55459818,True
8,5,10,FT7,0.06126821,-0.0337451,0.0720654,0.625,0.625,"[5, 3]",0.625,False,0.66190139,0.1593915,0.55459818,True
8,5,11,FT8,0.06853577,-0.01756589,0.09647767,0.625,0.625,"[5, 3]",0.625,False,0.66190139,0.1593915,0.55459818,True
8,5,12,Cz,0.09608142,0.09608142,0.11340296,0.625,0.625,"[5, 3]",0.625,False,0.66190139,0.1593915,0.55459818,True
8,5,13,C3,0.15851434,0.11206719,0.16495979,0.625,0.625,"[5, 3]",0.625,False,0.66190139,0.1593915,0.55459818,True
8,5,14,C4,0.04405345,-0.02897253,0.05714908,0.625,0.625,"[5, 3]",0.625,False,0.66190139,0.1593915,0.55459818,True
8,5,15,T3,0.09503304,0.09503304,0.12051815,0.625,0.625,"[5, 3]",0.625,False,0.66190139,0.1593915,0.55459818,True
8,5,16,T4,0.11825635,-0.01815105,0.12180603,0.625,0.625,"[5, 3]",0.625,False,0.66190139,0.1593915,0.55459818,True
8,5,17,CP3,0.13279608,-0.02499315,0.15138334,0.625,0.625,"[5, 3]",0.625,False,0.66190139,0.1593915,0.55459818,True
8,5,18,CP4,0.11725602,0.026982,0.14538094,0.625,0.625,"[5, 3]",0.625,False,0.66190139,0.1593915,0.55459818,True
8,5,19,TP7,0.10873081,-0.02687907,0.14488056,0.625,0.625,"[5, 3]",0.625,False,0.66190139,0.1593915,0.55459818,True
8,5,20,TP8,0.12663563,-0.01007011,0.1329681,0.625,0.625,"[5, 3]",0.625,False,0.66190139,0.1593915,0.55459818,True
8,5,21,Pz,0.15267634,-0.01612948,0.15475528,0.625,0.625,"[5, 3]",0.625,False,0.66190139,0.1593915,0.55459818,True
8,5,22,P3,0.02867173,-0.01423917,0.03170745,0.625,0.625,"[5, 3]",0.625,False,0.66190139,0.1593915,0.55459818,True
8,5,23,P4,0.09971739,-0.07821122,0.11706302,0.625,0.625,"[5, 3]",0.625,False,0.66190139,0.1593915,0.55459818,True
8,5,24,T5,0.08027583,0.07517152,0.1048803,0.625,0.625,"[5, 3]",0.625,False,0.66190139,0.1593915,0.55459818,True
8,5,25,T6,0.07382033,-0.05378662,0.08392587,0.625,0.625,"[5, 3]",0.625,False,0.66190139,0.1593915,0.55459818,True
8,5,26,Oz,0.0893089,0.01342453,0.09518337,0.625,0.625,"[5, 3]",0.625,False,0.66190139,0.1593915,0.55459818,True
8,5,27,O1,0.10168042,0.0769053,0.11840057,0.625,0.625,"[5, 3]",0.625,False,0.66190139,0.1593915,0.55459818,True
8,5,28,O2,0.09407307,-0.03252149,0.11140658,0.625,0.625,"[5, 3]",0.625,False,0.66190139,0.1593915,0.55459818,True
9,1,0,Fp1,0.09995911,-0.08835745,0.1124893,0.625,0.625,"[1, 7]",0.875,False,0.14084117,0.02241164,0.1180089,True
9,1,1,Fp2,0.08278091,0.06480859,0.10562686,0.625,0.625,"[1, 7]",0.875,False,0.14084117,0.02241164,0.1180089,True
9,1,2,Fz,0.11027333,-0.09640935,0.12104632,0.625,0.625,"[1, 7]",0.875,False,0.14084117,0.02241164,0.1180089,True
9,1,3,F3,0.09524253,0.02720336,0.10125685,0.625,0.625,"[1, 7]",0.875,False,0.14084117,0.02241164,0.1180089,True
9,1,4,F4,0.08871152,0.00934009,0.09832706,0.625,0.625,"[1, 7]",0.875,False,0.14084117,0.02241164,0.1180089,True
9,1,5,F7,0.08731128,0.08071612,0.09928794,0.625,0.625,"[1, 7]",0.875,False,0.14084117,0.02241164,0.1180089,True
9,1,6,F8,0.06973076,-0.01866206,0.07240564,0.625,0.625,"[1, 7]",0.875,False,0.14084117,0.02241164,0.1180089,True
9,1,7,FCz,0.10413338,0.10049568,0.12251336,0.625,0.625,"[1, 7]",0.875,False,0.14084117,0.02241164,0.1180089,True
9,1,8,FC3,0.0389477,0.00500063,0.04661437,0.625,0.625,"[1, 7]",0.875,False,0.14084117,0.02241164,0.1180089,True
9,1,9,FC4,0.06670828,-0.06670828,0.08971389,0.625,0.625,"[1, 7]",0.875,False,0.14084117,0.02241164,0.1180089,True
9,1,10,FT7,0.09004509,-0.06740094,0.10656699,0.625,0.625,"[1, 7]",0.875,False,0.14084117,0.02241164,0.1180089,True
9,1,11,FT8,0.08235056,-0.00489452,0.09556384,0.625,0.625,"[1, 7]",0.875,False,0.14084117,0.02241164,0.1180089,True
9,1,12,Cz,0.08480655,0.07445163,0.09405792,0.625,0.625,"[1, 7]",0.875,False,0.14084117,0.02241164,0.1180089,True
9,1,13,C3,0.1110755,0.07130589,0.11288273,0.625,0.625,"[1, 7]",0.875,False,0.14084117,0.02241164,0.1180089,True
9,1,14,C4,0.08496681,-0.08231398,0.10316417,0.625,0.625,"[1, 7]",0.875,False,0.14084117,0.02241164,0.1180089,True
9,1,15,T3,0.12132543,0.12132543,0.12964904,0.625,0.625,"[1, 7]",0.875,False,0.14084117,0.02241164,0.1180089,True
9,1,16,T4,0.12306219,0.01902856,0.13797611,0.625,0.625,"[1, 7]",0.875,False,0.14084117,0.02241164,0.1180089,True
9,1,17,CP3,0.12365004,0.0281824,0.14367273,0.625,0.625,"[1, 7]",0.875,False,0.14084117,0.02241164,0.1180089,True
9,1,18,CP4,0.11802094,0.03245694,0.13784477,0.625,0.625,"[1, 7]",0.875,False,0.14084117,0.02241164,0.1180089,True
9,1,19,TP7,0.08111139,-0.0244893,0.08951715,0.625,0.625,"[1, 7]",0.875,False,0.14084117,0.02241164,0.1180089,True
9,1,20,TP8,0.09263808,-0.05658375,0.1108102,0.625,0.625,"[1, 7]",0.875,False,0.14084117,0.02241164,0.1180089,True
9,1,21,Pz,0.15032619,-0.00328468,0.15036608,0.625,0.625,"[1, 7]",0.875,False,0.14084117,0.02241164,0.1180089,True
9,1,22,P3,0.09339958,0.09339958,0.10463198,0.625,0.625,"[1, 7]",0.875,False,0.14084117,0.02241164,0.1180089,True
9,1,23,P4,0.10345287,-0.09505408,0.11553283,0.625,0.625,"[1, 7]",0.875,False,0.14084117,0.02241164,0.1180089,True
9,1,24,T5,0.08855785,0.06323119,0.09713913,0.625,0.625,"[1, 7]",0.875,False,0.14084117,0.02241164,0.1180089,True
9,1,25,T6,0.07896736,-0.05529717,0.08851166,0.625,0.625,"[1, 7]",0.875,False,0.14084117,0.02241164,0.1180089,True
9,1,26,Oz,0.0693071,0.03892871,0.07026349,0.625,0.625,"[1, 7]",0.875,False,0.14084117,0.02241164,0.1180089,True
9,1,27,O1,0.11628836,0.04319273,0.1307987,0.625,0.625,"[1, 7]",0.875,False,0.14084117,0.02241164,0.1180089,True
9,1,28,O2,0.14901669,-0.02486383,0.15317084,0.625,0.625,"[1, 7]",0.875,False,0.14084117,0.02241164,0.1180089,True
9,2,0,Fp1,0.08755175,-0.07798599,0.09655541,0.5,0.5,"[4, 4]",0.5,False,0.3290298,0.06066565,0.2756896,True
9,2,1,Fp2,0.09348901,0.08400616,0.11665288,0.5,0.5,"[4, 4]",0.5,False,0.3290298,0.06066565,0.2756896,True
9,2,2,Fz,0.07803105,-0.07217726,0.08727353,0.5,0.5,"[4, 4]",0.5,False,0.3290298,0.06066565,0.2756896,True
9,2,3,F3,0.10042767,0.05865143,0.10905714,0.5,0.5,"[4, 4]",0.5,False,0.3290298,0.06066565,0.2756896,True
9,2,4,F4,0.087247,0.02416912,0.09975533,0.5,0.5,"[4, 4]",0.5,False,0.3290298,0.06066565,0.2756896,True
9,2,5,F7,0.08004287,0.07486889,0.0928288,0.5,0.5,"[4, 4]",0.5,False,0.3290298,0.06066565,0.2756896,True
9,2,6,F8,0.07306444,-0.01177292,0.0787712,0.5,0.5,"[4, 4]",0.5,False,0.3290298,0.06066565,0.2756896,True
9,2,7,FCz,0.10312246,0.09248325,0.11665959,0.5,0.5,"[4, 4]",0.5,False,0.3290298,0.06066565,0.2756896,True
9,2,8,FC3,0.02970295,0.00133786,0.03355185,0.5,0.5,"[4, 4]",0.5,False,0.3290298,0.06066565,0.2756896,True
9,2,9,FC4,0.07138035,-0.07138035,0.083157,0.5,0.5,"[4, 4]",0.5,False,0.3290298,0.06066565,0.2756896,True
9,2,10,FT7,0.08003132,-0.07072519,0.09467162,0.5,0.5,"[4, 4]",0.5,False,0.3290298,0.06066565,0.2756896,True
9,2,11,FT8,0.0792815,-0.02930659,0.09369829,0.5,0.5,"[4, 4]",0.5,False,0.3290298,0.06066565,0.2756896,True
9,2,12,Cz,0.07372524,0.06124305,0.07964063,0.5,0.5,"[4, 4]",0.5,False,0.3290298,0.06066565,0.2756896,True
9,2,13,C3,0.11003145,0.05287396,0.11007985,0.5,0.5,"[4, 4]",0.5,False,0.3290298,0.06066565,0.2756896,True
9,2,14,C4,0.12009329,-0.12009329,0.13203548,0.5,0.5,"[4, 4]",0.5,False,0.3290298,0.06066565,0.2756896,True
9,2,15,T3,0.1630301,0.1630301,0.16758569,0.5,0.5,"[4, 4]",0.5,False,0.3290298,0.06066565,0.2756896,True
9,2,16,T4,0.12287764,0.00973599,0.15371332,0.5,0.5,"[4, 4]",0.5,False,0.3290298,0.06066565,0.2756896,True
9,2,17,CP3,0.12997535,0.01383493,0.141813,0.5,0.5,"[4, 4]",0.5,False,0.3290298,0.06066565,0.2756896,True
9,2,18,CP4,0.10459746,-0.00090845,0.13096073,0.5,0.5,"[4, 4]",0.5,False,0.3290298,0.06066565,0.2756896,True
9,2,19,TP7,0.08145127,0.01567136,0.08685341,0.5,0.5,"[4, 4]",0.5,False,0.3290298,0.06066565,0.2756896,True
9,2,20,TP8,0.10120173,-0.07624608,0.12740542,0.5,0.5,"[4, 4]",0.5,False,0.3290298,0.06066565,0.2756896,True
9,2,21,Pz,0.13003482,0.0119301,0.13220909,0.5,0.5,"[4, 4]",0.5,False,0.3290298,0.06066565,0.2756896,True
9,2,22,P3,0.07916972,0.07916972,0.09889064,0.5,0.5,"[4, 4]",0.5,False,0.3290298,0.06066565,0.2756896,True
9,2,23,P4,0.11007112,-0.11007112,0.12086637,0.5,0.5,"[4, 4]",0.5,False,0.3290298,0.06066565,0.2756896,True
9,2,24,T5,0.06332691,0.05498199,0.07607672,0.5,0.5,"[4, 4]",0.5,False,0.3290298,0.06066565,0.2756896,True
9,2,25,T6,0.06868897,-0.06646613,0.08019777,0.5,0.5,"[4, 4]",0.5,False,0.3290298,0.06066565,0.2756896,True
9,2,26,Oz,0.06781965,0.03619754,0.07001819,0.5,0.5,"[4, 4]",0.5,False,0.3290298,0.06066565,0.2756896,True
9,2,27,O1,0.11079329,0.02740071,0.13138427,0.5,0.5,"[4, 4]",0.5,False,0.3290298,0.06066565,0.2756896,True
9,2,28,O2,0.15530658,-0.02779426,0.15846376,0.5,0.5,"[4, 4]",0.5,False,0.3290298,0.06066565,0.2756896,True
9,3,0,Fp1,0.09973441,-0.07705373,0.10793352,0.375,0.375,"[3, 5]",0.625,False,0.23792195,0.04104255,0.19935157,True
9,3,1,Fp2,0.08259352,0.06847039,0.10728389,0.375,0.375,"[3, 5]",0.625,False,0.23792195,0.04104255,0.19935157,True
9,3,2,Fz,0.09429512,-0.084608,0.10396135,0.375,0.375,"[3, 5]",0.625,False,0.23792195,0.04104255,0.19935157,True
9,3,3,F3,0.08256887,0.04079458,0.08793546,0.375,0.375,"[3, 5]",0.625,False,0.23792195,0.04104255,0.19935157,True
9,3,4,F4,0.08208224,0.00885587,0.09306596,0.375,0.375,"[3, 5]",0.625,False,0.23792195,0.04104255,0.19935157,True
9,3,5,F7,0.10087883,0.10087883,0.10962909,0.375,0.375,"[3, 5]",0.625,False,0.23792195,0.04104255,0.19935157,True
9,3,6,F8,0.07371503,-0.02251093,0.07714748,0.375,0.375,"[3, 5]",0.625,False,0.23792195,0.04104255,0.19935157,True
9,3,7,FCz,0.10660066,0.10660066,0.11867163,0.375,0.375,"[3, 5]",0.625,False,0.23792195,0.04104255,0.19935157,True
9,3,8,FC3,0.04070834,0.00320301,0.04872711,0.375,0.375,"[3, 5]",0.625,False,0.23792195,0.04104255,0.19935157,True
9,3,9,FC4,0.06694876,-0.06694876,0.08527759,0.375,0.375,"[3, 5]",0.625,False,0.23792195,0.04104255,0.19935157,True
9,3,10,FT7,0.07342699,-0.03916053,0.08785202,0.375,0.375,"[3, 5]",0.625,False,0.23792195,0.04104255,0.19935157,True
9,3,11,FT8,0.07794584,0.00885546,0.09364813,0.375,0.375,"[3, 5]",0.625,False,0.23792195,0.04104255,0.19935157,True
9,3,12,Cz,0.07387147,0.06466659,0.08334699,0.375,0.375,"[3, 5]",0.625,False,0.23792195,0.04104255,0.19935157,True
9,3,13,C3,0.10462572,0.07322133,0.11126208,0.375,0.375,"[3, 5]",0.625,False,0.23792195,0.04104255,0.19935157,True
9,3,14,C4,0.10248309,-0.10248309,0.11822832,0.375,0.375,"[3, 5]",0.625,False,0.23792195,0.04104255,0.19935157,True
9,3,15,T3,0.1547946,0.1547946,0.16032526,0.375,0.375,"[3, 5]",0.625,False,0.23792195,0.04104255,0.19935157,True
9,3,16,T4,0.12803966,0.02042837,0.14726433,0.375,0.375,"[3, 5]",0.625,False,0.23792195,0.04104255,0.19935157,True
9,3,17,CP3,0.12850454,0.04114804,0.14747025,0.375,0.375,"[3, 5]",0.625,False,0.23792195,0.04104255,0.19935157,True
9,3,18,CP4,0.10712276,0.01088843,0.13472126,0.375,0.375,"[3, 5]",0.625,False,0.23792195,0.04104255,0.19935157,True
9,3,19,TP7,0.0821345,-0.00772662,0.08530294,0.375,0.375,"[3, 5]",0.625,False,0.23792195,0.04104255,0.19935157,True
9,3,20,TP8,0.09542166,-0.06842104,0.11907476,0.375,0.375,"[3, 5]",0.625,False,0.23792195,0.04104255,0.19935157,True
9,3,21,Pz,0.12669583,-0.00256234,0.12687504,0.375,0.375,"[3, 5]",0.625,False,0.23792195,0.04104255,0.19935157,True
9,3,22,P3,0.08830743,0.08830743,0.10035311,0.375,0.375,"[3, 5]",0.625,False,0.23792195,0.04104255,0.19935157,True
9,3,23,P4,0.10911784,-0.10911784,0.12431997,0.375,0.375,"[3, 5]",0.625,False,0.23792195,0.04104255,0.19935157,True
9,3,24,T5,0.08427265,0.06085034,0.09345634,0.375,0.375,"[3, 5]",0.625,False,0.23792195,0.04104255,0.19935157,True
9,3,25,T6,0.07665013,-0.06933725,0.09750953,0.375,0.375,"[3, 5]",0.625,False,0.23792195,0.04104255,0.19935157,True
9,3,26,Oz,0.07326348,0.02635873,0.07730128,0.375,0.375,"[3, 5]",0.625,False,0.23792195,0.04104255,0.19935157,True
9,3,27,O1,0.10313291,0.03108156,0.11927194,0.375,0.375,"[3, 5]",0.625,False,0.23792195,0.04104255,0.19935157,True
9,3,28,O2,0.15702944,-0.03775096,0.16268675,0.375,0.375,"[3, 5]",0.625,False,0.23792195,0.04104255,0.19935157,True
9,4,0,Fp1,0.0997991,-0.08374649,0.10911708,0.5,0.5,"[2, 6]",0.75,False,0.14496829,0.02388582,0.12146696,True
9,4,1,Fp2,0.08044101,0.06793208,0.10454974,0.5,0.5,"[2, 6]",0.75,False,0.14496829,0.02388582,0.12146696,True
9,4,2,Fz,0.09644667,-0.08934137,0.1081317,0.5,0.5,"[2, 6]",0.75,False,0.14496829,0.02388582,0.12146696,True
9,4,3,F3,0.09583321,0.04005063,0.10085668,0.5,0.5,"[2, 6]",0.75,False,0.14496829,0.02388582,0.12146696,True
9,4,4,F4,0.0893914,0.01003534,0.09850195,0.5,0.5,"[2, 6]",0.75,False,0.14496829,0.02388582,0.12146696,True
9,4,5,F7,0.08686893,0.08686893,0.10025929,0.5,0.5,"[2, 6]",0.75,False,0.14496829,0.02388582,0.12146696,True
9,4,6,F8,0.06331817,-0.01958333,0.06489579,0.5,0.5,"[2, 6]",0.75,False,0.14496829,0.02388582,0.12146696,True
9,4,7,FCz,0.09548614,0.09548614,0.11121291,0.5,0.5,"[2, 6]",0.75,False,0.14496829,0.02388582,0.12146696,True
9,4,8,FC3,0.03791885,0.01922581,0.04053609,0.5,0.5,"[2, 6]",0.75,False,0.14496829,0.02388582,0.12146696,True
9,4,9,FC4,0.06820478,-0.06820478,0.08751936,0.5,0.5,"[2, 6]",0.75,False,0.14496829,0.02388582,0.12146696,True
9,4,10,FT7,0.08622812,-0.04276567,0.09970447,0.5,0.5,"[2, 6]",0.75,False,0.14496829,0.02388582,0.12146696,True
9,4,11,FT8,0.0854861,-0.00193482,0.1007907,0.5,0.5,"[2, 6]",0.75,False,0.14496829,0.02388582,0.12146696,True
9,4,12,Cz,0.07308359,0.06448524,0.08362798,0.5,0.5,"[2, 6]",0.75,False,0.14496829,0.02388582,0.12146696,True
9,4,13,C3,0.11927113,0.08364046,0.12340291,0.5,0.5,"[2, 6]",0.75,False,0.14496829,0.02388582,0.12146696,True
9,4,14,C4,0.09189543,-0.09088192,0.10951358,0.5,0.5,"[2, 6]",0.75,False,0.14496829,0.02388582,0.12146696,True
9,4,15,T3,0.13003719,0.13003719,0.13690333,0.5,0.5,"[2, 6]",0.75,False,0.14496829,0.02388582,0.12146696,True
9,4,16,T4,0.12588166,0.01885261,0.13912955,0.5,0.5,"[2, 6]",0.75,False,0.14496829,0.02388582,0.12146696,True
9,4,17,CP3,0.13097635,0.03989622,0.15019307,0.5,0.5,"[2, 6]",0.75,False,0.14496829,0.02388582,0.12146696,True
9,4,18,CP4,0.10940118,0.02103462,0.13180012,0.5,0.5,"[2, 6]",0.75,False,0.14496829,0.02388582,0.12146696,True
9,4,19,TP7,0.0784777,-0.02304401,0.08681731,0.5,0.5,"[2, 6]",0.75,False,0.14496829,0.02388582,0.12146696,True
9,4,20,TP8,0.08775241,-0.06436653,0.11169884,0.5,0.5,"[2, 6]",0.75,False,0.14496829,0.02388582,0.12146696,True
9,4,21,Pz,0.15430146,0.00109353,0.15460995,0.5,0.5,"[2, 6]",0.75,False,0.14496829,0.02388582,0.12146696,True
9,4,22,P3,0.09714898,0.09714898,0.10701317,0.5,0.5,"[2, 6]",0.75,False,0.14496829,0.02388582,0.12146696,True
9,4,23,P4,0.11111214,-0.10262466,0.12419334,0.5,0.5,"[2, 6]",0.75,False,0.14496829,0.02388582,0.12146696,True
9,4,24,T5,0.08766222,0.06036579,0.09663106,0.5,0.5,"[2, 6]",0.75,False,0.14496829,0.02388582,0.12146696,True
9,4,25,T6,0.08187883,-0.06652735,0.0947213,0.5,0.5,"[2, 6]",0.75,False,0.14496829,0.02388582,0.12146696,True
9,4,26,Oz,0.06898571,0.03664964,0.070576,0.5,0.5,"[2, 6]",0.75,False,0.14496829,0.02388582,0.12146696,True
9,4,27,O1,0.12015949,0.04487403,0.13464943,0.5,0.5,"[2, 6]",0.75,False,0.14496829,0.02388582,0.12146696,True
9,4,28,O2,0.15015663,-0.02834199,0.15507501,0.5,0.5,"[2, 6]",0.75,False,0.14496829,0.02388582,0.12146696,True
9,5,0,Fp1,0.0896032,-0.07642213,0.09816117,0.25,0.25,"[4, 4]",0.5,False,0.35132554,0.06470495,0.2943709,True
9,5,1,Fp2,0.083553,0.06119945,0.11220384,0.25,0.25,"[4, 4]",0.5,False,0.35132554,0.06470495,0.2943709,True
9,5,2,Fz,0.08844683,-0.08414963,0.10150776,0.25,0.25,"[4, 4]",0.5,False,0.35132554,0.06470495,0.2943709,True
9,5,3,F3,0.07764815,0.02515156,0.08246998,0.25,0.25,"[4, 4]",0.5,False,0.35132554,0.06470495,0.2943709,True
9,5,4,F4,0.11045556,0.03559762,0.11520229,0.25,0.25,"[4, 4]",0.5,False,0.35132554,0.06470495,0.2943709,True
9,5,5,F7,0.0815708,0.0815708,0.09435884,0.25,0.25,"[4, 4]",0.5,False,0.35132554,0.06470495,0.2943709,True
9,5,6,F8,0.04972616,0.01740954,0.06980155,0.25,0.25,"[4, 4]",0.5,False,0.35132554,0.06470495,0.2943709,True
9,5,7,FCz,0.09925625,0.08473927,0.11920343,0.25,0.25,"[4, 4]",0.5,False,0.35132554,0.06470495,0.2943709,True
9,5,8,FC3,0.05802641,0.00363375,0.06874168,0.25,0.25,"[4, 4]",0.5,False,0.35132554,0.06470495,0.2943709,True
9,5,9,FC4,0.08219415,-0.07305074,0.10579876,0.25,0.25,"[4, 4]",0.5,False,0.35132554,0.06470495,0.2943709,True
9,5,10,FT7,0.10065838,-0.04788814,0.11000641,0.25,0.25,"[4, 4]",0.5,False,0.35132554,0.06470495,0.2943709,True
9,5,11,FT8,0.09744839,0.00865341,0.11766466,0.25,0.25,"[4, 4]",0.5,False,0.35132554,0.06470495,0.2943709,True
9,5,12,Cz,0.08208993,0.05908987,0.08615234,0.25,0.25,"[4, 4]",0.5,False,0.35132554,0.06470495,0.2943709,True
9,5,13,C3,0.11159393,0.07218216,0.11682263,0.25,0.25,"[4, 4]",0.5,False,0.35132554,0.06470495,0.2943709,True
9,5,14,C4,0.11145502,-0.11145502,0.11967961,0.25,0.25,"[4, 4]",0.5,False,0.35132554,0.06470495,0.2943709,True
9,5,15,T3,0.13867095,0.13867095,0.1422459,0.25,0.25,"[4, 4]",0.5,False,0.35132554,0.06470495,0.2943709,True
9,5,16,T4,0.13367692,0.03047434,0.15639463,0.25,0.25,"[4, 4]",0.5,False,0.35132554,0.06470495,0.2943709,True
9,5,17,CP3,0.12997243,0.0270744,0.14600225,0.25,0.25,"[4, 4]",0.5,False,0.35132554,0.06470495,0.2943709,True
9,5,18,CP4,0.10793194,0.00633742,0.13170965,0.25,0.25,"[4, 4]",0.5,False,0.35132554,0.06470495,0.2943709,True
9,5,19,TP7,0.06013018,-0.02837022,0.07393909,0.25,0.25,"[4, 4]",0.5,False,0.35132554,0.06470495,0.2943709,True
9,5,20,TP8,0.09449122,-0.038562,0.10368887,0.25,0.25,"[4, 4]",0.5,False,0.35132554,0.06470495,0.2943709,True
9,5,21,Pz,0.15045595,0.00313149,0.1515332,0.25,0.25,"[4, 4]",0.5,False,0.35132554,0.06470495,0.2943709,True
9,5,22,P3,0.0837577,0.08021831,0.09702688,0.25,0.25,"[4, 4]",0.5,False,0.35132554,0.06470495,0.2943709,True
9,5,23,P4,0.10955168,-0.08309977,0.11449354,0.25,0.25,"[4, 4]",0.5,False,0.35132554,0.06470495,0.2943709,True
9,5,24,T5,0.06443791,0.03235427,0.07333979,0.25,0.25,"[4, 4]",0.5,False,0.35132554,0.06470495,0.2943709,True
9,5,25,T6,0.05884441,-0.04003373,0.07252658,0.25,0.25,"[4, 4]",0.5,False,0.35132554,0.06470495,0.2943709,True
9,5,26,Oz,0.0663292,0.03520348,0.06768255,0.25,0.25,"[4, 4]",0.5,False,0.35132554,0.06470495,0.2943709,True
9,5,27,O1,0.11017673,0.01556576,0.12881289,0.25,0.25,"[4, 4]",0.5,False,0.35132554,0.06470495,0.2943709,True
9,5,28,O2,0.15832245,-0.01241766,0.16299874,0.25,0.25,"[4, 4]",0.5,False,0.35132554,0.06470495,0.2943709,True
10,1,0,Fp1,0.10980675,-0.0957012,0.12251919,0.5,0.5,"[0, 8]",1.0,True,0.00323098,0.00030001,0.0027072,True
10,1,1,Fp2,0.07780819,0.06146018,0.09525443,0.5,0.5,"[0, 8]",1.0,True,0.00323098,0.00030001,0.0027072,True
10,1,2,Fz,0.10400175,-0.09818149,0.11735866,0.5,0.5,"[0, 8]",1.0,True,0.00323098,0.00030001,0.0027072,True
10,1,3,F3,0.08792067,0.0275632,0.09474832,0.5,0.5,"[0, 8]",1.0,True,0.00323098,0.00030001,0.0027072,True
10,1,4,F4,0.09768283,0.01250002,0.10789617,0.5,0.5,"[0, 8]",1.0,True,0.00323098,0.00030001,0.0027072,True
10,1,5,F7,0.08395586,0.08167676,0.09758609,0.5,0.5,"[0, 8]",1.0,True,0.00323098,0.00030001,0.0027072,True
10,1,6,F8,0.07764206,-0.02920646,0.07862862,0.5,0.5,"[0, 8]",1.0,True,0.00323098,0.00030001,0.0027072,True
10,1,7,FCz,0.09893288,0.09893288,0.11430989,0.5,0.5,"[0, 8]",1.0,True,0.00323098,0.00030001,0.0027072,True
10,1,8,FC3,0.03114027,0.00602213,0.03788217,0.5,0.5,"[0, 8]",1.0,True,0.00323098,0.00030001,0.0027072,True
10,1,9,FC4,0.05774175,-0.05774175,0.07610068,0.5,0.5,"[0, 8]",1.0,True,0.00323098,0.00030001,0.0027072,True
10,1,10,FT7,0.0902698,-0.05822623,0.10379095,0.5,0.5,"[0, 8]",1.0,True,0.00323098,0.00030001,0.0027072,True
10,1,11,FT8,0.07994118,-0.0033878,0.09695716,0.5,0.5,"[0, 8]",1.0,True,0.00323098,0.00030001,0.0027072,True
10,1,12,Cz,0.07690239,0.07538381,0.09234384,0.5,0.5,"[0, 8]",1.0,True,0.00323098,0.00030001,0.0027072,True
10,1,13,C3,0.1152309,0.07236649,0.11737084,0.5,0.5,"[0, 8]",1.0,True,0.00323098,0.00030001,0.0027072,True
10,1,14,C4,0.08535488,-0.0749746,0.0958275,0.5,0.5,"[0, 8]",1.0,True,0.00323098,0.00030001,0.0027072,True
10,1,15,T3,0.12673479,0.12673479,0.13197485,0.5,0.5,"[0, 8]",1.0,True,0.00323098,0.00030001,0.0027072,True
10,1,16,T4,0.12178761,0.01331595,0.13424577,0.5,0.5,"[0, 8]",1.0,True,0.00323098,0.00030001,0.0027072,True
10,1,17,CP3,0.1211244,0.03294354,0.13940139,0.5,0.5,"[0, 8]",1.0,True,0.00323098,0.00030001,0.0027072,True
10,1,18,CP4,0.11093314,0.0343595,0.12751549,0.5,0.5,"[0, 8]",1.0,True,0.00323098,0.00030001,0.0027072,True
10,1,19,TP7,0.08442771,-0.01873149,0.09448247,0.5,0.5,"[0, 8]",1.0,True,0.00323098,0.00030001,0.0027072,True
10,1,20,TP8,0.08896945,-0.0594634,0.10819636,0.5,0.5,"[0, 8]",1.0,True,0.00323098,0.00030001,0.0027072,True
10,1,21,Pz,0.153189,0.00658239,0.1533767,0.5,0.5,"[0, 8]",1.0,True,0.00323098,0.00030001,0.0027072,True
10,1,22,P3,0.10815744,0.10815744,0.11747982,0.5,0.5,"[0, 8]",1.0,True,0.00323098,0.00030001,0.0027072,True
10,1,23,P4,0.10481341,-0.09316531,0.11686991,0.5,0.5,"[0, 8]",1.0,True,0.00323098,0.00030001,0.0027072,True
10,1,24,T5,0.10515554,0.07328883,0.11459687,0.5,0.5,"[0, 8]",1.0,True,0.00323098,0.00030001,0.0027072,True
10,1,25,T6,0.0809755,-0.06235653,0.09231721,0.5,0.5,"[0, 8]",1.0,True,0.00323098,0.00030001,0.0027072,True
10,1,26,Oz,0.07762076,0.0421176,0.08000888,0.5,0.5,"[0, 8]",1.0,True,0.00323098,0.00030001,0.0027072,True
10,1,27,O1,0.12186213,0.05593304,0.1321312,0.5,0.5,"[0, 8]",1.0,True,0.00323098,0.00030001,0.0027072,True
10,1,28,O2,0.14399138,-0.02383953,0.14672215,0.5,0.5,"[0, 8]",1.0,True,0.00323098,0.00030001,0.0027072,True
10,2,0,Fp1,0.10965942,-0.09620285,0.12259421,0.5,0.5,"[0, 8]",1.0,True,0.00908111,0.00118785,0.00760894,True
10,2,1,Fp2,0.07790478,0.06127969,0.09514651,0.5,0.5,"[0, 8]",1.0,True,0.00908111,0.00118785,0.00760894,True
10,2,2,Fz,0.10402031,-0.09789287,0.11721891,0.5,0.5,"[0, 8]",1.0,True,0.00908111,0.00118785,0.00760894,True
10,2,3,F3,0.08847141,0.02773054,0.095187,0.5,0.5,"[0, 8]",1.0,True,0.00908111,0.00118785,0.00760894,True
10,2,4,F4,0.09822032,0.01263249,0.10841836,0.5,0.5,"[0, 8]",1.0,True,0.00908111,0.00118785,0.00760894,True
10,2,5,F7,0.08336556,0.0811822,0.09706301,0.5,0.5,"[0, 8]",1.0,True,0.00908111,0.00118785,0.00760894,True
10,2,6,F8,0.07787115,-0.02900561,0.07889566,0.5,0.5,"[0, 8]",1.0,True,0.00908111,0.00118785,0.00760894,True
10,2,7,FCz,0.09963758,0.09963758,0.11500912,0.5,0.5,"[0, 8]",1.0,True,0.00908111,0.00118785,0.00760894,True
10,2,8,FC3,0.0307333,0.00634539,0.03741391,0.5,0.5,"[0, 8]",1.0,True,0.00908111,0.00118785,0.00760894,True
10,2,9,FC4,0.05772074,-0.05772074,0.07605039,0.5,0.5,"[0, 8]",1.0,True,0.00908111,0.00118785,0.00760894,True
10,2,10,FT7,0.09048939,-0.05888499,0.10430268,0.5,0.5,"[0, 8]",1.0,True,0.00908111,0.00118785,0.00760894,True
10,2,11,FT8,0.08007868,-0.00289079,0.09705801,0.5,0.5,"[0, 8]",1.0,True,0.00908111,0.00118785,0.00760894,True
10,2,12,Cz,0.077276,0.07619832,0.0930384,0.5,0.5,"[0, 8]",1.0,True,0.00908111,0.00118785,0.00760894,True
10,2,13,C3,0.11534806,0.07243648,0.11746951,0.5,0.5,"[0, 8]",1.0,True,0.00908111,0.00118785,0.00760894,True
10,2,14,C4,0.08564536,-0.07512803,0.09609245,0.5,0.5,"[0, 8]",1.0,True,0.00908111,0.00118785,0.00760894,True
10,2,15,T3,0.12673458,0.12673458,0.13201547,0.5,0.5,"[0, 8]",1.0,True,0.00908111,0.00118785,0.00760894,True
10,2,16,T4,0.12160476,0.0136003,0.1342911,0.5,0.5,"[0, 8]",1.0,True,0.00908111,0.00118785,0.00760894,True
10,2,17,CP3,0.12158234,0.03251032,0.13976029,0.5,0.5,"[0, 8]",1.0,True,0.00908111,0.00118785,0.00760894,True
10,2,18,CP4,0.11144879,0.03449584,0.12810168,0.5,0.5,"[0, 8]",1.0,True,0.00908111,0.00118785,0.00760894,True
10,2,19,TP7,0.08408391,-0.01838222,0.09411854,0.5,0.5,"[0, 8]",1.0,True,0.00908111,0.00118785,0.00760894,True
10,2,20,TP8,0.08882271,-0.05942044,0.10807025,0.5,0.5,"[0, 8]",1.0,True,0.00908111,0.00118785,0.00760894,True
10,2,21,Pz,0.1527572,0.00690819,0.15296806,0.5,0.5,"[0, 8]",1.0,True,0.00908111,0.00118785,0.00760894,True
10,2,22,P3,0.10840724,0.10840724,0.11788008,0.5,0.5,"[0, 8]",1.0,True,0.00908111,0.00118785,0.00760894,True
10,2,23,P4,0.10421821,-0.09295372,0.11629637,0.5,0.5,"[0, 8]",1.0,True,0.00908111,0.00118785,0.00760894,True
10,2,24,T5,0.10551394,0.07324509,0.11504698,0.5,0.5,"[0, 8]",1.0,True,0.00908111,0.00118785,0.00760894,True
10,2,25,T6,0.08064913,-0.06188607,0.09167508,0.5,0.5,"[0, 8]",1.0,True,0.00908111,0.00118785,0.00760894,True
10,2,26,Oz,0.07743438,0.04238046,0.07982726,0.5,0.5,"[0, 8]",1.0,True,0.00908111,0.00118785,0.00760894,True
10,2,27,O1,0.12212295,0.0559916,0.13229287,0.5,0.5,"[0, 8]",1.0,True,0.00908111,0.00118785,0.00760894,True
10,2,28,O2,0.14343454,-0.0236389,0.14614226,0.5,0.5,"[0, 8]",1.0,True,0.00908111,0.00118785,0.00760894,True
10,3,0,Fp1,0.08409445,-0.06684108,0.09043977,0.375,0.375,"[3, 5]",0.625,False,1.09209343,0.284081,0.91505024,True
10,3,1,Fp2,0.07568815,0.07568815,0.09662672,0.375,0.375,"[3, 5]",0.625,False,1.09209343,0.284081,0.91505024,True
10,3,2,Fz,0.09734734,-0.09734734,0.10171879,0.375,0.375,"[3, 5]",0.625,False,1.09209343,0.284081,0.91505024,True
10,3,3,F3,0.13195355,0.09728429,0.14183235,0.375,0.375,"[3, 5]",0.625,False,1.09209343,0.284081,0.91505024,True
10,3,4,F4,0.04656686,-0.01896228,0.0520257,0.375,0.375,"[3, 5]",0.625,False,1.09209343,0.284081,0.91505024,True
10,3,5,F7,0.10082849,0.0994977,0.11940586,0.375,0.375,"[3, 5]",0.625,False,1.09209343,0.284081,0.91505024,True
10,3,6,F8,0.08127405,0.03153022,0.10062188,0.375,0.375,"[3, 5]",0.625,False,1.09209343,0.284081,0.91505024,True
10,3,7,FCz,0.08004185,-0.04734456,0.08329894,0.375,0.375,"[3, 5]",0.625,False,1.09209343,0.284081,0.91505024,True
10,3,8,FC3,0.10160589,-0.02533901,0.11013097,0.375,0.375,"[3, 5]",0.625,False,1.09209343,0.284081,0.91505024,True
10,3,9,FC4,0.10480525,0.0624225,0.13923484,0.375,0.375,"[3, 5]",0.625,False,1.09209343,0.284081,0.91505024,True
10,3,10,FT7,0.12803032,-0.05305735,0.1325272,0.375,0.375,"[3, 5]",0.625,False,1.09209343,0.284081,0.91505024,True
10,3,11,FT8,0.08611181,-0.08611181,0.10315576,0.375,0.375,"[3, 5]",0.625,False,1.09209343,0.284081,0.91505024,True
10,3,12,Cz,0.06908403,-0.02985808,0.07182341,0.375,0.375,"[3, 5]",0.625,False,1.09209343,0.284081,0.91505024,True
10,3,13,C3,0.07045534,0.03239546,0.07707208,0.375,0.375,"[3, 5]",0.625,False,1.09209343,0.284081,0.91505024,True
10,3,14,C4,0.11936791,-0.08558988,0.13237651,0.375,0.375,"[3, 5]",0.625,False,1.09209343,0.284081,0.91505024,True
10,3,15,T3,0.1245148,0.07725371,0.13672058,0.375,0.375,"[3, 5]",0.625,False,1.09209343,0.284081,0.91505024,True
10,3,16,T4,0.1305798,0.01498786,0.14817961,0.375,0.375,"[3, 5]",0.625,False,1.09209343,0.284081,0.91505024,True
10,3,17,CP3,0.16888298,0.06431109,0.19732755,0.375,0.375,"[3, 5]",0.625,False,1.09209343,0.284081,0.91505024,True
10,3,18,CP4,0.11934368,-0.01598193,0.14685422,0.375,0.375,"[3, 5]",0.625,False,1.09209343,0.284081,0.91505024,True
10,3,19,TP7,0.14881688,-0.14881688,0.16951495,0.375,0.375,"[3, 5]",0.625,False,1.09209343,0.284081,0.91505024,True
10,3,20,TP8,0.06968223,0.0574079,0.07734442,0.375,0.375,"[3, 5]",0.625,False,1.09209343,0.284081,0.91505024,True
10,3,21,Pz,0.10301295,0.00452867,0.12716897,0.375,0.375,"[3, 5]",0.625,False,1.09209343,0.284081,0.91505024,True
10,3,22,P3,0.1671015,0.1671015,0.16956013,0.375,0.375,"[3, 5]",0.625,False,1.09209343,0.284081,0.91505024,True
10,3,23,P4,0.06777744,0.0340344,0.08766668,0.375,0.375,"[3, 5]",0.625,False,1.09209343,0.284081,0.91505024,True
10,3,24,T5,0.08587028,0.04283898,0.12727402,0.375,0.375,"[3, 5]",0.625,False,1.09209343,0.284081,0.91505024,True
10,3,25,T6,0.05418308,-0.02470881,0.05483449,0.375,0.375,"[3, 5]",0.625,False,1.09209343,0.284081,0.91505024,True
10,3,26,Oz,0.06130883,-0.01441608,0.0731189,0.375,0.375,"[3, 5]",0.625,False,1.09209343,0.284081,0.91505024,True
10,3,27,O1,0.10713516,0.02216446,0.12426262,0.375,0.375,"[3, 5]",0.625,False,1.09209343,0.284081,0.91505024,True
10,3,28,O2,0.12869692,-0.00733441,0.13865352,0.375,0.375,"[3, 5]",0.625,False,1.09209343,0.284081,0.91505024,True
10,4,0,Fp1,0.06149291,-0.06149291,0.06774209,0.5,0.5,"[4, 4]",0.5,False,1.18376481,0.30622965,0.99186044,True
10,4,1,Fp2,0.05209505,0.05209505,0.05851303,0.5,0.5,"[4, 4]",0.5,False,1.18376481,0.30622965,0.99186044,True
10,4,2,Fz,0.08882067,-0.05156954,0.0960473,0.5,0.5,"[4, 4]",0.5,False,1.18376481,0.30622965,0.99186044,True
10,4,3,F3,0.15910827,-0.03695319,0.19122559,0.5,0.5,"[4, 4]",0.5,False,1.18376481,0.30622965,0.99186044,True
10,4,4,F4,0.15060611,-0.07184666,0.17154473,0.5,0.5,"[4, 4]",0.5,False,1.18376481,0.30622965,0.99186044,True
10,4,5,F7,0.05877363,0.05341093,0.08803017,0.5,0.5,"[4, 4]",0.5,False,1.18376481,0.30622965,0.99186044,True
10,4,6,F8,0.06722926,0.06722926,0.07964892,0.5,0.5,"[4, 4]",0.5,False,1.18376481,0.30622965,0.99186044,True
10,4,7,FCz,0.13748816,0.13504604,0.15891556,0.5,0.5,"[4, 4]",0.5,False,1.18376481,0.30622965,0.99186044,True
10,4,8,FC3,0.19733848,-0.14620943,0.2101215,0.5,0.5,"[4, 4]",0.5,False,1.18376481,0.30622965,0.99186044,True
10,4,9,FC4,0.11358632,-0.00729558,0.12701792,0.5,0.5,"[4, 4]",0.5,False,1.18376481,0.30622965,0.99186044,True
10,4,10,FT7,0.08839306,-0.03556888,0.09836573,0.5,0.5,"[4, 4]",0.5,False,1.18376481,0.30622965,0.99186044,True
10,4,11,FT8,0.05573295,-0.03620832,0.07796322,0.5,0.5,"[4, 4]",0.5,False,1.18376481,0.30622965,0.99186044,True
10,4,12,Cz,0.05848367,-0.03868919,0.06457912,0.5,0.5,"[4, 4]",0.5,False,1.18376481,0.30622965,0.99186044,True
10,4,13,C3,0.11331096,0.11331096,0.13903446,0.5,0.5,"[4, 4]",0.5,False,1.18376481,0.30622965,0.99186044,True
10,4,14,C4,0.10958848,-0.10958848,0.13923138,0.5,0.5,"[4, 4]",0.5,False,1.18376481,0.30622965,0.99186044,True
10,4,15,T3,0.11351931,0.09597221,0.12862171,0.5,0.5,"[4, 4]",0.5,False,1.18376481,0.30622965,0.99186044,True
10,4,16,T4,0.06776898,0.05256946,0.1029265,0.5,0.5,"[4, 4]",0.5,False,1.18376481,0.30622965,0.99186044,True
10,4,17,CP3,0.13763444,0.06670581,0.15363388,0.5,0.5,"[4, 4]",0.5,False,1.18376481,0.30622965,0.99186044,True
10,4,18,CP4,0.12677562,0.04281109,0.14544863,0.5,0.5,"[4, 4]",0.5,False,1.18376481,0.30622965,0.99186044,True
10,4,19,TP7,0.04909512,-0.00570427,0.06146923,0.5,0.5,"[4, 4]",0.5,False,1.18376481,0.30622965,0.99186044,True
10,4,20,TP8,0.07101887,0.07101887,0.08277601,0.5,0.5,"[4, 4]",0.5,False,1.18376481,0.30622965,0.99186044,True
10,4,21,Pz,0.0825548,0.01489641,0.10538953,0.5,0.5,"[4, 4]",0.5,False,1.18376481,0.30622965,0.99186044,True
10,4,22,P3,0.15877867,0.06859381,0.18023436,0.5,0.5,"[4, 4]",0.5,False,1.18376481,0.30622965,0.99186044,True
10,4,23,P4,0.0825883,-0.0825883,0.11089567,0.5,0.5,"[4, 4]",0.5,False,1.18376481,0.30622965,0.99186044,True
10,4,24,T5,0.12462883,0.05371849,0.14429261,0.5,0.5,"[4, 4]",0.5,False,1.18376481,0.30622965,0.99186044,True
10,4,25,T6,0.07317661,-0.04637789,0.09477608,0.5,0.5,"[4, 4]",0.5,False,1.18376481,0.30622965,0.99186044,True
10,4,26,Oz,0.07574749,0.01642735,0.10501935,0.5,0.5,"[4, 4]",0.5,False,1.18376481,0.30622965,0.99186044,True
10,4,27,O1,0.08741324,-0.00031911,0.10824937,0.5,0.5,"[4, 4]",0.5,False,1.18376481,0.30622965,0.99186044,True
10,4,28,O2,0.06883284,-0.03082452,0.07265192,0.5,0.5,"[4, 4]",0.5,False,1.18376481,0.30622965,0.99186044,True
10,5,0,Fp1,0.09842269,-0.07215978,0.10598261,0.5,0.5,"[4, 4]",0.5,False,0.71648565,0.14285227,0.60033359,True
10,5,1,Fp2,0.0839504,0.04998192,0.10591331,0.5,0.5,"[4, 4]",0.5,False,0.71648565,0.14285227,0.60033359,True
10,5,2,Fz,0.11454657,-0.11454657,0.12829223,0.5,0.5,"[4, 4]",0.5,False,0.71648565,0.14285227,0.60033359,True
10,5,3,F3,0.07429896,0.04872325,0.0826266,0.5,0.5,"[4, 4]",0.5,False,0.71648565,0.14285227,0.60033359,True
10,5,4,F4,0.04964021,-0.01155405,0.05507329,0.5,0.5,"[4, 4]",0.5,False,0.71648565,0.14285227,0.60033359,True
10,5,5,F7,0.11099292,0.11099292,0.12132573,0.5,0.5,"[4, 4]",0.5,False,0.71648565,0.14285227,0.60033359,True
10,5,6,F8,0.07988654,0.00131006,0.11157911,0.5,0.5,"[4, 4]",0.5,False,0.71648565,0.14285227,0.60033359,True
10,5,7,FCz,0.08833253,0.08833253,0.11322545,0.5,0.5,"[4, 4]",0.5,False,0.71648565,0.14285227,0.60033359,True
10,5,8,FC3,0.06873641,0.01895737,0.07978775,0.5,0.5,"[4, 4]",0.5,False,0.71648565,0.14285227,0.60033359,True
10,5,9,FC4,0.07346296,-0.07346296,0.07723264,0.5,0.5,"[4, 4]",0.5,False,0.71648565,0.14285227,0.60033359,True
10,5,10,FT7,0.10077091,-0.07077775,0.12506588,0.5,0.5,"[4, 4]",0.5,False,0.71648565,0.14285227,0.60033359,True
10,5,11,FT8,0.08215307,0.02953503,0.08880859,0.5,0.5,"[4, 4]",0.5,False,0.71648565,0.14285227,0.60033359,True
10,5,12,Cz,0.05134828,-0.00314387,0.06252032,0.5,0.5,"[4, 4]",0.5,False,0.71648565,0.14285227,0.60033359,True
10,5,13,C3,0.04709136,0.04611218,0.0635787,0.5,0.5,"[4, 4]",0.5,False,0.71648565,0.14285227,0.60033359,True
10,5,14,C4,0.12552425,-0.05475131,0.15354563,0.5,0.5,"[4, 4]",0.5,False,0.71648565,0.14285227,0.60033359,True
10,5,15,T3,0.1539807,0.11862174,0.16219468,0.5,0.5,"[4, 4]",0.5,False,0.71648565,0.14285227,0.60033359,True
10,5,16,T4,0.15170243,0.04131475,0.16807805,0.5,0.5,"[4, 4]",0.5,False,0.71648565,0.14285227,0.60033359,True
10,5,17,CP3,0.17474911,0.03090595,0.20883027,0.5,0.5,"[4, 4]",0.5,False,0.71648565,0.14285227,0.60033359,True
10,5,18,CP4,0.11349571,0.09458882,0.13420124,0.5,0.5,"[4, 4]",0.5,False,0.71648565,0.14285227,0.60033359,True
10,5,19,TP7,0.10544103,-0.07413208,0.12602994,0.5,0.5,"[4, 4]",0.5,False,0.71648565,0.14285227,0.60033359,True
10,5,20,TP8,0.0588454,0.01710424,0.06452598,0.5,0.5,"[4, 4]",0.5,False,0.71648565,0.14285227,0.60033359,True
10,5,21,Pz,0.15339851,-0.01229196,0.15841785,0.5,0.5,"[4, 4]",0.5,False,0.71648565,0.14285227,0.60033359,True
10,5,22,P3,0.10571504,0.10571504,0.1084009,0.5,0.5,"[4, 4]",0.5,False,0.71648565,0.14285227,0.60033359,True
10,5,23,P4,0.04865406,-0.03656917,0.06306303,0.5,0.5,"[4, 4]",0.5,False,0.71648565,0.14285227,0.60033359,True
10,5,24,T5,0.08948473,0.01005306,0.10995878,0.5,0.5,"[4, 4]",0.5,False,0.71648565,0.14285227,0.60033359,True
10,5,25,T6,0.05304216,0.01431205,0.07135144,0.5,0.5,"[4, 4]",0.5,False,0.71648565,0.14285227,0.60033359,True
10,5,26,Oz,0.05781827,0.03139395,0.07095478,0.5,0.5,"[4, 4]",0.5,False,0.71648565,0.14285227,0.60033359,True
10,5,27,O1,0.09488567,0.01909721,0.10994153,0.5,0.5,"[4, 4]",0.5,False,0.71648565,0.14285227,0.60033359,True
10,5,28,O2,0.10537145,-0.02617489,0.11211955,0.5,0.5,"[4, 4]",0.5,False,0.71648565,0.14285227,0.60033359,True
11,1,0,Fp1,0.10980674,-0.0957012,0.12251918,0.5,0.5,"[0, 8]",1.0,True,0.00323098,0.00030001,0.00270719,True
11,1,1,Fp2,0.07795818,0.06161018,0.09552327,0.5,0.5,"[0, 8]",1.0,True,0.00323098,0.00030001,0.00270719,True
11,1,2,Fz,0.10370176,-0.0981815,0.11716076,0.5,0.5,"[0, 8]",1.0,True,0.00323098,0.00030001,0.00270719,True
11,1,3,F3,0.08777069,0.02771321,0.0945575,0.5,0.5,"[0, 8]",1.0,True,0.00323098,0.00030001,0.00270719,True
11,1,4,F4,0.09753282,0.01265001,0.10772759,0.5,0.5,"[0, 8]",1.0,True,0.00323098,0.00030001,0.00270719,True
11,1,5,F7,0.08425586,0.08197676,0.09795298,0.5,0.5,"[0, 8]",1.0,True,0.00323098,0.00030001,0.00270719,True
11,1,6,F8,0.07749207,-0.02905646,0.0785228,0.5,0.5,"[0, 8]",1.0,True,0.00323098,0.00030001,0.00270719,True
11,1,7,FCz,0.09893289,0.09893289,0.11409217,0.5,0.5,"[0, 8]",1.0,True,0.00323098,0.00030001,0.00270719,True
11,1,8,FC3,0.03099027,0.00587213,0.03762398,0.5,0.5,"[0, 8]",1.0,True,0.00323098,0.00030001,0.00270719,True
11,1,9,FC4,0.0580416,-0.0580416,0.0761409,0.5,0.5,"[0, 8]",1.0,True,0.00323098,0.00030001,0.00270719,True
11,1,10,FT7,0.0904198,-0.05837623,0.10387493,0.5,0.5,"[0, 8]",1.0,True,0.00323098,0.00030001,0.00270719,True
11,1,11,FT8,0.07994119,-0.00338779,0.09695718,0.5,0.5,"[0, 8]",1.0,True,0.00323098,0.00030001,0.00270719,True
11,1,12,Cz,0.07675225,0.07553366,0.09233928,0.5,0.5,"[0, 8]",1.0,True,0.00323098,0.00030001,0.00270719,True
11,1,13,C3,0.1152309,0.07236649,0.11737084,0.5,0.5,"[0, 8]",1.0,True,0.00323098,0.00030001,0.00270719,True
11,1,14,C4,0.08550487,-0.0751246,0.09602552,0.5,0.5,"[0, 8]",1.0,True,0.00323098,0.00030001,0.00270719,True
11,1,15,T3,0.12688474,0.12688474,0.13210852,0.5,0.5,"[0, 8]",1.0,True,0.00323098,0.00030001,0.00270719,True
11,1,16,T4,0.12223758,0.01346595,0.13460281,0.5,0.5,"[0, 8]",1.0,True,0.00323098,0.00030001,0.00270719,True
11,1,17,CP3,0.1212744,0.03279354,0.13958316,0.5,0.5,"[0, 8]",1.0,True,0.00323098,0.00030001,0.00270719,True
11,1,18,CP4,0.11093313,0.03435948,0.12751547,0.5,0.5,"[0, 8]",1.0,True,0.00323098,0.00030001,0.00270719,True
11,1,19,TP7,0.08457771,-0.01888149,0.09451903,0.5,0.5,"[0, 8]",1.0,True,0.00323098,0.00030001,0.00270719,True
11,1,20,TP8,0.08926946,-0.0594634,0.10845322,0.5,0.5,"[0, 8]",1.0,True,0.00323098,0.00030001,0.00270719,True
11,1,21,Pz,0.15303901,0.0064324,0.15321605,0.5,0.5,"[0, 8]",1.0,True,0.00323098,0.00030001,0.00270719,True
11,1,22,P3,0.10800743,0.10800743,0.11730667,0.5,0.5,"[0, 8]",1.0,True,0.00323098,0.00030001,0.00270719,True
11,1,23,P4,0.10496341,-0.09331531,0.11701025,0.5,0.5,"[0, 8]",1.0,True,0.00323098,0.00030001,0.00270719,True
11,1,24,T5,0.10500555,0.07313883,0.11439426,0.5,0.5,"[0, 8]",1.0,True,0.00323098,0.00030001,0.00270719,True
11,1,25,T6,0.08142549,-0.06250653,0.09263877,0.5,0.5,"[0, 8]",1.0,True,0.00323098,0.00030001,0.00270719,True
11,1,26,Oz,0.07762076,0.04211759,0.07994334,0.5,0.5,"[0, 8]",1.0,True,0.00323098,0.00030001,0.00270719,True
11,1,27,O1,0.12186212,0.05593303,0.13223471,0.5,0.5,"[0, 8]",1.0,True,0.00323098,0.00030001,0.00270719,True
11,1,28,O2,0.14429137,-0.02383954,0.1470475,0.5,0.5,"[0, 8]",1.0,True,0.00323098,0.00030001,0.00270719,True
11,2,0,Fp1,0.10920505,-0.09450467,0.12156202,0.5,0.5,"[0, 8]",1.0,True,0.01288067,0.00149071,0.01079254,True
11,2,1,Fp2,0.07836403,0.06261028,0.09605913,0.5,0.5,"[0, 8]",1.0,True,0.01288067,0.00149071,0.01079254,True
11,2,2,Fz,0.1038218,-0.09758775,0.11692619,0.5,0.5,"[0, 8]",1.0,True,0.01288067,0.00149071,0.01079254,True
11,2,3,F3,0.0877616,0.02826652,0.09460142,0.5,0.5,"[0, 8]",1.0,True,0.01288067,0.00149071,0.01079254,True
11,2,4,F4,0.09759872,0.01326372,0.10744976,0.5,0.5,"[0, 8]",1.0,True,0.01288067,0.00149071,0.01079254,True
11,2,5,F7,0.08368235,0.08192486,0.09755136,0.5,0.5,"[0, 8]",1.0,True,0.01288067,0.00149071,0.01079254,True
11,2,6,F8,0.07688128,-0.02787245,0.07806171,0.5,0.5,"[0, 8]",1.0,True,0.01288067,0.00149071,0.01079254,True
11,2,7,FCz,0.09937449,0.09937449,0.1141042,0.5,0.5,"[0, 8]",1.0,True,0.01288067,0.00149071,0.01079254,True
11,2,8,FC3,0.03100752,0.00551819,0.03756716,0.5,0.5,"[0, 8]",1.0,True,0.01288067,0.00149071,0.01079254,True
11,2,9,FC4,0.05839673,-0.05839673,0.07645221,0.5,0.5,"[0, 8]",1.0,True,0.01288067,0.00149071,0.01079254,True
11,2,10,FT7,0.09069292,-0.05845915,0.1040331,0.5,0.5,"[0, 8]",1.0,True,0.01288067,0.00149071,0.01079254,True
11,2,11,FT8,0.08024381,-0.00224374,0.09723821,0.5,0.5,"[0, 8]",1.0,True,0.01288067,0.00149071,0.01079254,True
11,2,12,Cz,0.0757588,0.07508622,0.09158944,0.5,0.5,"[0, 8]",1.0,True,0.01288067,0.00149071,0.01079254,True
11,2,13,C3,0.11529132,0.07191138,0.11735296,0.5,0.5,"[0, 8]",1.0,True,0.01288067,0.00149071,0.01079254,True
11,2,14,C4,0.08529712,-0.07547143,0.09610607,0.5,0.5,"[0, 8]",1.0,True,0.01288067,0.00149071,0.01079254,True
11,2,15,T3,0.12771612,0.12771612,0.13304833,0.5,0.5,"[0, 8]",1.0,True,0.01288067,0.00149071,0.01079254,True
11,2,16,T4,0.12204193,0.01317291,0.13498624,0.5,0.5,"[0, 8]",1.0,True,0.01288067,0.00149071,0.01079254,True
11,2,17,CP3,0.12121877,0.03196807,0.13934004,0.5,0.5,"[0, 8]",1.0,True,0.01288067,0.00149071,0.01079254,True
11,2,18,CP4,0.11038171,0.03327073,0.12723032,0.5,0.5,"[0, 8]",1.0,True,0.01288067,0.00149071,0.01079254,True
11,2,19,TP7,0.08498792,-0.01938426,0.09488674,0.5,0.5,"[0, 8]",1.0,True,0.01288067,0.00149071,0.01079254,True
11,2,20,TP8,0.08980074,-0.0600834,0.10917554,0.5,0.5,"[0, 8]",1.0,True,0.01288067,0.00149071,0.01079254,True
11,2,21,Pz,0.1531159,0.00539067,0.15325378,0.5,0.5,"[0, 8]",1.0,True,0.01288067,0.00149071,0.01079254,True
11,2,22,P3,0.10736474,0.10736474,0.11658581,0.5,0.5,"[0, 8]",1.0,True,0.01288067,0.00149071,0.01079254,True
11,2,23,P4,0.10556265,-0.09431951,0.11787067,0.5,0.5,"[0, 8]",1.0,True,0.01288067,0.00149071,0.01079254,True
11,2,24,T5,0.10542485,0.07301322,0.11499417,0.5,0.5,"[0, 8]",1.0,True,0.01288067,0.00149071,0.01079254,True
11,2,25,T6,0.08158553,-0.06352733,0.09321098,0.5,0.5,"[0, 8]",1.0,True,0.01288067,0.00149071,0.01079254,True
11,2,26,Oz,0.07667273,0.04127347,0.07905624,0.5,0.5,"[0, 8]",1.0,True,0.01288067,0.00149071,0.01079254,True
11,2,27,O1,0.12131213,0.05480905,0.13176602,0.5,0.5,"[0, 8]",1.0,True,0.01288067,0.00149071,0.01079254,True
11,2,28,O2,0.14380518,-0.02473747,0.14673357,0.5,0.5,"[0, 8]",1.0,True,0.01288067,0.00149071,0.01079254,True
11,3,0,Fp1,0.1036994,-0.08381771,0.11429945,0.625,0.625,"[1, 7]",0.875,False,0.14222578,0.02194127,0.11916905,True
11,3,1,Fp2,0.07828775,0.05806577,0.09377024,0.625,0.625,"[1, 7]",0.875,False,0.14222578,0.02194127,0.11916905,True
11,3,2,Fz,0.10943668,-0.10943668,0.12561356,0.625,0.625,"[1, 7]",0.875,False,0.14222578,0.02194127,0.11916905,True
11,3,3,F3,0.07649498,0.02133018,0.08636445,0.625,0.625,"[1, 7]",0.875,False,0.14222578,0.02194127,0.11916905,True
11,3,4,F4,0.08536363,0.00399568,0.09796663,0.625,0.625,"[1, 7]",0.875,False,0.14222578,0.02194127,0.11916905,True
11,3,5,F7,0.08194627,0.08194627,0.09883779,0.625,0.625,"[1, 7]",0.875,False,0.14222578,0.02194127,0.11916905,True
11,3,6,F8,0.08150007,-0.0331441,0.08386033,0.625,0.625,"[1, 7]",0.875,False,0.14222578,0.02194127,0.11916905,True
11,3,7,FCz,0.08924904,0.08924904,0.09983087,0.625,0.625,"[1, 7]",0.875,False,0.14222578,0.02194127,0.11916905,True
11,3,8,FC3,0.03224324,-0.00315766,0.04077624,0.625,0.625,"[1, 7]",0.875,False,0.14222578,0.02194127,0.11916905,True
11,3,9,FC4,0.06624229,-0.06624229,0.08127991,0.625,0.625,"[1, 7]",0.875,False,0.14222578,0.02194127,0.11916905,True
11,3,10,FT7,0.08019987,-0.04664189,0.09345385,0.625,0.625,"[1, 7]",0.875,False,0.14222578,0.02194127,0.11916905,True
11,3,11,FT8,0.08754368,0.0092255,0.09994718,0.625,0.625,"[1, 7]",0.875,False,0.14222578,0.02194127,0.11916905,True
11,3,12,Cz,0.06934603,0.06934603,0.08317945,0.625,0.625,"[1, 7]",0.875,False,0.14222578,0.02194127,0.11916905,True
11,3,13,C3,0.11673871,0.06454439,0.11816903,0.625,0.625,"[1, 7]",0.875,False,0.14222578,0.02194127,0.11916905,True
11,3,14,C4,0.09135611,-0.07985835,0.10215615,0.625,0.625,"[1, 7]",0.875,False,0.14222578,0.02194127,0.11916905,True
11,3,15,T3,0.13133708,0.13133708,0.13727005,0.625,0.625,"[1, 7]",0.875,False,0.14222578,0.02194127,0.11916905,True
11,3,16,T4,0.12681358,0.0211217,0.1453048,0.625,0.625,"[1, 7]",0.875,False,0.14222578,0.02194127,0.11916905,True
11,3,17,CP3,0.13516998,0.03060399,0.15034708,0.625,0.625,"[1, 7]",0.875,False,0.14222578,0.02194127,0.11916905,True
11,3,18,CP4,0.11002114,0.03177887,0.12527025,0.625,0.625,"[1, 7]",0.875,False,0.14222578,0.02194127,0.11916905,True
11,3,19,TP7,0.08873409,-0.01216535,0.09367304,0.625,0.625,"[1, 7]",0.875,False,0.14222578,0.02194127,0.11916905,True
11,3,20,TP8,0.09002019,-0.05397199,0.10583878,0.625,0.625,"[1, 7]",0.875,False,0.14222578,0.02194127,0.11916905,True
11,3,21,Pz,0.15841118,-0.00029216,0.15928555,0.625,0.625,"[1, 7]",0.875,False,0.14222578,0.02194127,0.11916905,True
11,3,22,P3,0.09802799,0.09802799,0.11130255,0.625,0.625,"[1, 7]",0.875,False,0.14222578,0.02194127,0.11916905,True
11,3,23,P4,0.10105037,-0.09625059,0.11652595,0.625,0.625,"[1, 7]",0.875,False,0.14222578,0.02194127,0.11916905,True
11,3,24,T5,0.11416389,0.0732168,0.12440521,0.625,0.625,"[1, 7]",0.875,False,0.14222578,0.02194127,0.11916905,True
11,3,25,T6,0.08246851,-0.05669674,0.09159512,0.625,0.625,"[1, 7]",0.875,False,0.14222578,0.02194127,0.11916905,True
11,3,26,Oz,0.08098032,0.03654238,0.08281083,0.625,0.625,"[1, 7]",0.875,False,0.14222578,0.02194127,0.11916905,True
11,3,27,O1,0.11909674,0.05088253,0.12896334,0.625,0.625,"[1, 7]",0.875,False,0.14222578,0.02194127,0.11916905,True
11,3,28,O2,0.14002711,-0.0293776,0.1435792,0.625,0.625,"[1, 7]",0.875,False,0.14222578,0.02194127,0.11916905,True
11,4,0,Fp1,0.08610682,-0.06782478,0.09346434,0.375,0.375,"[1, 7]",0.875,False,0.27687361,0.0523458,0.23198863,True
11,4,1,Fp2,0.07017374,0.06123942,0.09051293,0.375,0.375,"[1, 7]",0.875,False,0.27687361,0.0523458,0.23198863,True
11,4,2,Fz,0.11185116,-0.11185116,0.12785095,0.375,0.375,"[1, 7]",0.875,False,0.27687361,0.0523458,0.23198863,True
11,4,3,F3,0.05269536,0.00965938,0.06038779,0.375,0.375,"[1, 7]",0.875,False,0.27687361,0.0523458,0.23198863,True
11,4,4,F4,0.10028948,0.01069471,0.11614838,0.375,0.375,"[1, 7]",0.875,False,0.27687361,0.0523458,0.23198863,True
11,4,5,F7,0.09709945,0.08984607,0.11047041,0.375,0.375,"[1, 7]",0.875,False,0.27687361,0.0523458,0.23198863,True
11,4,6,F8,0.07791028,-0.03770404,0.08431937,0.375,0.375,"[1, 7]",0.875,False,0.27687361,0.0523458,0.23198863,True
11,4,7,FCz,0.07673793,0.07673793,0.08556321,0.375,0.375,"[1, 7]",0.875,False,0.27687361,0.0523458,0.23198863,True
11,4,8,FC3,0.04613635,-0.01707713,0.05285155,0.375,0.375,"[1, 7]",0.875,False,0.27687361,0.0523458,0.23198863,True
11,4,9,FC4,0.07297586,-0.07297586,0.08790749,0.375,0.375,"[1, 7]",0.875,False,0.27687361,0.0523458,0.23198863,True
11,4,10,FT7,0.08791192,-0.05383539,0.09644003,0.375,0.375,"[1, 7]",0.875,False,0.27687361,0.0523458,0.23198863,True
11,4,11,FT8,0.09348247,0.02828623,0.11058918,0.375,0.375,"[1, 7]",0.875,False,0.27687361,0.0523458,0.23198863,True
11,4,12,Cz,0.09185637,0.09185637,0.09935997,0.375,0.375,"[1, 7]",0.875,False,0.27687361,0.0523458,0.23198863,True
11,4,13,C3,0.1024109,0.04219218,0.10516334,0.375,0.375,"[1, 7]",0.875,False,0.27687361,0.0523458,0.23198863,True
11,4,14,C4,0.09445057,-0.06698817,0.10573167,0.375,0.375,"[1, 7]",0.875,False,0.27687361,0.0523458,0.23198863,True
11,4,15,T3,0.12159364,0.12159364,0.12565026,0.375,0.375,"[1, 7]",0.875,False,0.27687361,0.0523458,0.23198863,True
11,4,16,T4,0.13458669,0.01044101,0.15352544,0.375,0.375,"[1, 7]",0.875,False,0.27687361,0.0523458,0.23198863,True
11,4,17,CP3,0.12855303,0.00639987,0.14612846,0.375,0.375,"[1, 7]",0.875,False,0.27687361,0.0523458,0.23198863,True
11,4,18,CP4,0.11626691,0.0424496,0.13517727,0.375,0.375,"[1, 7]",0.875,False,0.27687361,0.0523458,0.23198863,True
11,4,19,TP7,0.09289211,-0.02471331,0.10244264,0.375,0.375,"[1, 7]",0.875,False,0.27687361,0.0523458,0.23198863,True
11,4,20,TP8,0.08852973,-0.04672282,0.10295441,0.375,0.375,"[1, 7]",0.875,False,0.27687361,0.0523458,0.23198863,True
11,4,21,Pz,0.14394139,-0.00362838,0.14613239,0.375,0.375,"[1, 7]",0.875,False,0.27687361,0.0523458,0.23198863,True
11,4,22,P3,0.07280646,0.07280646,0.08792461,0.375,0.375,"[1, 7]",0.875,False,0.27687361,0.0523458,0.23198863,True
11,4,23,P4,0.10975887,-0.09018587,0.11720614,0.375,0.375,"[1, 7]",0.875,False,0.27687361,0.0523458,0.23198863,True
11,4,24,T5,0.08557865,0.05160085,0.09495515,0.375,0.375,"[1, 7]",0.875,False,0.27687361,0.0523458,0.23198863,True
11,4,25,T6,0.07675135,-0.04221182,0.08938918,0.375,0.375,"[1, 7]",0.875,False,0.27687361,0.0523458,0.23198863,True
11,4,26,Oz,0.07903542,0.0491874,0.08148301,0.375,0.375,"[1, 7]",0.875,False,0.27687361,0.0523458,0.23198863,True
11,4,27,O1,0.11106087,0.03379236,0.12755249,0.375,0.375,"[1, 7]",0.875,False,0.27687361,0.0523458,0.23198863,True
11,4,28,O2,0.13706312,-0.00950231,0.13895898,0.375,0.375,"[1, 7]",0.875,False,0.27687361,0.0523458,0.23198863,True
11,5,0,Fp1,0.10980675,-0.0957012,0.12243427,0.5,0.5,"[0, 8]",1.0,True,0.003231,0.00030001,0.00270721,True
11,5,1,Fp2,0.07765819,0.06131019,0.09535468,0.5,0.5,"[0, 8]",1.0,True,0.003231,0.00030001,0.00270721,True
11,5,2,Fz,0.10385174,-0.09833148,0.11734442,0.5,0.5,"[0, 8]",1.0,True,0.003231,0.00030001,0.00270721,True
11,5,3,F3,0.08777067,0.0277132,0.09455749,0.5,0.5,"[0, 8]",1.0,True,0.003231,0.00030001,0.00270721,True
11,5,4,F4,0.09738284,0.01250003,0.10761008,0.5,0.5,"[0, 8]",1.0,True,0.003231,0.00030001,0.00270721,True
11,5,5,F7,0.08410586,0.08152676,0.09767,0.5,0.5,"[0, 8]",1.0,True,0.003231,0.00030001,0.00270721,True
11,5,6,F8,0.07734207,-0.02920645,0.0783381,0.5,0.5,"[0, 8]",1.0,True,0.003231,0.00030001,0.00270721,True
11,5,7,FCz,0.09893289,0.09893289,0.11418419,0.5,0.5,"[0, 8]",1.0,True,0.003231,0.00030001,0.00270721,True
11,5,8,FC3,0.03114026,0.00602212,0.03783866,0.5,0.5,"[0, 8]",1.0,True,0.003231,0.00030001,0.00270721,True
11,5,9,FC4,0.05774174,-0.05774174,0.07593863,0.5,0.5,"[0, 8]",1.0,True,0.003231,0.00030001,0.00270721,True
11,5,10,FT7,0.09056978,-0.05852621,0.10413338,0.5,0.5,"[0, 8]",1.0,True,0.003231,0.00030001,0.00270721,True
11,5,11,FT8,0.08024118,-0.00338779,0.09737398,0.5,0.5,"[0, 8]",1.0,True,0.003231,0.00030001,0.00270721,True
11,5,12,Cz,0.07690225,0.07538367,0.09234373,0.5,0.5,"[0, 8]",1.0,True,0.003231,0.00030001,0.00270721,True
11,5,13,C3,0.11493097,0.07236643,0.11712945,0.5,0.5,"[0, 8]",1.0,True,0.003231,0.00030001,0.00270721,True
11,5,14,C4,0.08565487,-0.0749746,0.09605841,0.5,0.5,"[0, 8]",1.0,True,0.003231,0.00030001,0.00270721,True
11,5,15,T3,0.12688477,0.12688477,0.1321917,0.5,0.5,"[0, 8]",1.0,True,0.003231,0.00030001,0.00270721,True
11,5,16,T4,0.1219376,0.01316595,0.13443373,0.5,0.5,"[0, 8]",1.0,True,0.003231,0.00030001,0.00270721,True
11,5,17,CP3,0.1212744,0.03279354,0.13964692,0.5,0.5,"[0, 8]",1.0,True,0.003231,0.00030001,0.00270721,True
11,5,18,CP4,0.11078313,0.03450948,0.12733555,0.5,0.5,"[0, 8]",1.0,True,0.003231,0.00030001,0.00270721,True
11,5,19,TP7,0.08442771,-0.01873149,0.09431884,0.5,0.5,"[0, 8]",1.0,True,0.003231,0.00030001,0.00270721,True
11,5,20,TP8,0.08926946,-0.05916341,0.10833262,0.5,0.5,"[0, 8]",1.0,True,0.003231,0.00030001,0.00270721,True
11,5,21,Pz,0.15288901,0.00658239,0.15307032,0.5,0.5,"[0, 8]",1.0,True,0.003231,0.00030001,0.00270721,True
11,5,22,P3,0.10815744,0.10815744,0.11725799,0.5,0.5,"[0, 8]",1.0,True,0.003231,0.00030001,0.00270721,True
11,5,23,P4,0.10511339,-0.09316532,0.11704049,0.5,0.5,"[0, 8]",1.0,True,0.003231,0.00030001,0.00270721,True
11,5,24,T5,0.10485554,0.07328883,0.11431106,0.5,0.5,"[0, 8]",1.0,True,0.003231,0.00030001,0.00270721,True
11,5,25,T6,0.08127553,-0.06235657,0.09257988,0.5,0.5,"[0, 8]",1.0,True,0.003231,0.00030001,0.00270721,True
11,5,26,Oz,0.07747076,0.04226759,0.07981057,0.5,0.5,"[0, 8]",1.0,True,0.003231,0.00030001,0.00270721,True
11,5,27,O1,0.12201212,0.05608303,0.13244222,0.5,0.5,"[0, 8]",1.0,True,0.003231,0.00030001,0.00270721,True
11,5,28,O2,0.14414138,-0.02368953,0.14689204,0.5,0.5,"[0, 8]",1.0,True,0.003231,0.00030001,0.00270721,True
12,1,0,Fp1,0.10965674,-0.0958512,0.12247615,0.5,0.5,"[0, 8]",1.0,True,0.00323047,0.00030001,0.00270677,True
12,1,1,Fp2,0.07810818,0.06146019,0.09557508,0.5,0.5,"[0, 8]",1.0,True,0.00323047,0.00030001,0.00270677,True
12,1,2,Fz,0.10415176,-0.0983315,0.11750929,0.5,0.5,"[0, 8]",1.0,True,0.00323047,0.00030001,0.00270677,True
12,1,3,F3,0.08777065,0.02741323,0.09465107,0.5,0.5,"[0, 8]",1.0,True,0.00323047,0.00030001,0.00270677,True
12,1,4,F4,0.09768283,0.01280002,0.10778802,0.5,0.5,"[0, 8]",1.0,True,0.00323047,0.00030001,0.00270677,True
12,1,5,F7,0.08380586,0.08152676,0.09744392,0.5,0.5,"[0, 8]",1.0,True,0.00323047,0.00030001,0.00270677,True
12,1,6,F8,0.07734207,-0.02890646,0.07837178,0.5,0.5,"[0, 8]",1.0,True,0.00323047,0.00030001,0.00270677,True
12,1,7,FCz,0.09908171,0.09908171,0.11432437,0.5,0.5,"[0, 8]",1.0,True,0.00323047,0.00030001,0.00270677,True
12,1,8,FC3,0.03099027,0.00587212,0.03766772,0.5,0.5,"[0, 8]",1.0,True,0.00323047,0.00030001,0.00270677,True
12,1,9,FC4,0.05759176,-0.05759176,0.07592833,0.5,0.5,"[0, 8]",1.0,True,0.00323047,0.00030001,0.00270677,True
12,1,10,FT7,0.0904198,-0.05837623,0.10404961,0.5,0.5,"[0, 8]",1.0,True,0.00323047,0.00030001,0.00270677,True
12,1,11,FT8,0.08009119,-0.0032378,0.09716029,0.5,0.5,"[0, 8]",1.0,True,0.00323047,0.00030001,0.00270677,True
12,1,12,Cz,0.07705224,0.07583366,0.09260236,0.5,0.5,"[0, 8]",1.0,True,0.00323047,0.00030001,0.00270677,True
12,1,13,C3,0.11523087,0.07236649,0.11737082,0.5,0.5,"[0, 8]",1.0,True,0.00323047,0.00030001,0.00270677,True
12,1,14,C4,0.08580488,-0.07512461,0.096165,0.5,0.5,"[0, 8]",1.0,True,0.00323047,0.00030001,0.00270677,True
12,1,15,T3,0.12658478,0.12658478,0.13189283,0.5,0.5,"[0, 8]",1.0,True,0.00323047,0.00030001,0.00270677,True
12,1,16,T4,0.12238756,0.01331598,0.13479029,0.5,0.5,"[0, 8]",1.0,True,0.00323047,0.00030001,0.00270677,True
12,1,17,CP3,0.1212744,0.03279355,0.13964692,0.5,0.5,"[0, 8]",1.0,True,0.00323047,0.00030001,0.00270677,True
12,1,18,CP4,0.11093313,0.03465948,0.12743805,0.5,0.5,"[0, 8]",1.0,True,0.00323047,0.00030001,0.00270677,True
12,1,19,TP7,0.08457771,-0.01888149,0.09456447,0.5,0.5,"[0, 8]",1.0,True,0.00323047,0.00030001,0.00270677,True
12,1,20,TP8,0.08926946,-0.0594634,0.10845322,0.5,0.5,"[0, 8]",1.0,True,0.00323047,0.00030001,0.00270677,True
12,1,21,Pz,0.153189,0.00688238,0.15338798,0.5,0.5,"[0, 8]",1.0,True,0.00323047,0.00030001,0.00270677,True
12,1,22,P3,0.10815714,0.10815714,0.11737441,0.5,0.5,"[0, 8]",1.0,True,0.00323047,0.00030001,0.00270677,True
12,1,23,P4,0.1048134,-0.09316529,0.11685596,0.5,0.5,"[0, 8]",1.0,True,0.00323047,0.00030001,0.00270677,True
12,1,24,T5,0.10500555,0.07313882,0.11427671,0.5,0.5,"[0, 8]",1.0,True,0.00323047,0.00030001,0.00270677,True
12,1,25,T6,0.08127549,-0.06235654,0.09243413,0.5,0.5,"[0, 8]",1.0,True,0.00323047,0.00030001,0.00270677,True
12,1,26,Oz,0.07747076,0.0419676,0.07984817,0.5,0.5,"[0, 8]",1.0,True,0.00323047,0.00030001,0.00270677,True
12,1,27,O1,0.12171213,0.05608304,0.13214338,0.5,0.5,"[0, 8]",1.0,True,0.00323047,0.00030001,0.00270677,True
12,1,28,O2,0.14414138,-0.02368954,0.14686175,0.5,0.5,"[0, 8]",1.0,True,0.00323047,0.00030001,0.00270677,True
12,2,0,Fp1,0.10965674,-0.0958512,0.12247615,0.5,0.5,"[0, 8]",1.0,True,0.00323101,0.00030001,0.00270722,True
12,2,1,Fp2,0.07795819,0.06131018,0.09530639,0.5,0.5,"[0, 8]",1.0,True,0.00323101,0.00030001,0.00270722,True
12,2,2,Fz,0.10415176,-0.0983315,0.11750929,0.5,0.5,"[0, 8]",1.0,True,0.00323101,0.00030001,0.00270722,True
12,2,3,F3,0.08762068,0.02726321,0.09445382,0.5,0.5,"[0, 8]",1.0,True,0.00323101,0.00030001,0.00270722,True
12,2,4,F4,0.09753285,0.01265,0.10765952,0.5,0.5,"[0, 8]",1.0,True,0.00323101,0.00030001,0.00270722,True
12,2,5,F7,0.08395588,0.08137678,0.09745143,0.5,0.5,"[0, 8]",1.0,True,0.00323101,0.00030001,0.00270722,True
12,2,6,F8,0.07749207,-0.02905646,0.07849171,0.5,0.5,"[0, 8]",1.0,True,0.00323101,0.00030001,0.00270722,True
12,2,7,FCz,0.09908288,0.09908288,0.11432616,0.5,0.5,"[0, 8]",1.0,True,0.00323101,0.00030001,0.00270722,True
12,2,8,FC3,0.03114027,0.00602212,0.03788217,0.5,0.5,"[0, 8]",1.0,True,0.00323101,0.00030001,0.00270722,True
12,2,9,FC4,0.05774175,-0.05774175,0.07617235,0.5,0.5,"[0, 8]",1.0,True,0.00323101,0.00030001,0.00270722,True
12,2,10,FT7,0.09056979,-0.05852622,0.10413339,0.5,0.5,"[0, 8]",1.0,True,0.00323101,0.00030001,0.00270722,True
12,2,11,FT8,0.08009119,-0.00353779,0.09717131,0.5,0.5,"[0, 8]",1.0,True,0.00323101,0.00030001,0.00270722,True
12,2,12,Cz,0.07705224,0.07583366,0.09260237,0.5,0.5,"[0, 8]",1.0,True,0.00323101,0.00030001,0.00270722,True
12,2,13,C3,0.11508091,0.07251649,0.11726162,0.5,0.5,"[0, 8]",1.0,True,0.00323101,0.00030001,0.00270722,True
12,2,14,C4,0.08580487,-0.0751246,0.09625258,0.5,0.5,"[0, 8]",1.0,True,0.00323101,0.00030001,0.00270722,True
12,2,15,T3,0.12658478,0.12658478,0.13186289,0.5,0.5,"[0, 8]",1.0,True,0.00323101,0.00030001,0.00270722,True
12,2,16,T4,0.12193761,0.01346593,0.13434143,0.5,0.5,"[0, 8]",1.0,True,0.00323101,0.00030001,0.00270722,True
12,2,17,CP3,0.12142439,0.03294354,0.13978046,0.5,0.5,"[0, 8]",1.0,True,0.00323101,0.00030001,0.00270722,True
12,2,18,CP4,0.11093313,0.03465948,0.12755179,0.5,0.5,"[0, 8]",1.0,True,0.00323101,0.00030001,0.00270722,True
12,2,19,TP7,0.08442774,-0.01873152,0.0943189,0.5,0.5,"[0, 8]",1.0,True,0.00323101,0.00030001,0.00270722,True
12,2,20,TP8,0.08911946,-0.0593134,0.10822091,0.5,0.5,"[0, 8]",1.0,True,0.00323101,0.00030001,0.00270722,True
12,2,21,Pz,0.15303901,0.00673239,0.15323599,0.5,0.5,"[0, 8]",1.0,True,0.00323101,0.00030001,0.00270722,True
12,2,22,P3,0.10845744,0.10845744,0.11764508,0.5,0.5,"[0, 8]",1.0,True,0.00323101,0.00030001,0.00270722,True
12,2,23,P4,0.10451341,-0.09286531,0.11650194,0.5,0.5,"[0, 8]",1.0,True,0.00323101,0.00030001,0.00270722,True
12,2,24,T5,0.10485554,0.07328883,0.11419342,0.5,0.5,"[0, 8]",1.0,True,0.00323101,0.00030001,0.00270722,True
12,2,25,T6,0.0811255,-0.06250653,0.09237318,0.5,0.5,"[0, 8]",1.0,True,0.00323101,0.00030001,0.00270722,True
12,2,26,Oz,0.07777075,0.04226759,0.08020258,0.5,0.5,"[0, 8]",1.0,True,0.00323101,0.00030001,0.00270722,True
12,2,27,O1,0.12156213,0.05593304,0.13193539,0.5,0.5,"[0, 8]",1.0,True,0.00323101,0.00030001,0.00270722,True
12,2,28,O2,0.14414138,-0.02368953,0.14686175,0.5,0.5,"[0, 8]",1.0,True,0.00323101,0.00030001,0.00270722,True
12,3,0,Fp1,0.09008791,-0.09008791,0.1125223,0.5,0.5,"[4, 4]",0.5,False,0.43847706,0.07908556,0.36739397,True
12,3,1,Fp2,0.10238589,0.05630166,0.12209482,0.5,0.5,"[4, 4]",0.5,False,0.43847706,0.07908556,0.36739397,True
12,3,2,Fz,0.0844069,-0.0844069,0.09891307,0.5,0.5,"[4, 4]",0.5,False,0.43847706,0.07908556,0.36739397,True
12,3,3,F3,0.09151822,0.01049493,0.10805261,0.5,0.5,"[4, 4]",0.5,False,0.43847706,0.07908556,0.36739397,True
12,3,4,F4,0.06474566,0.0123005,0.06980655,0.5,0.5,"[4, 4]",0.5,False,0.43847706,0.07908556,0.36739397,True
12,3,5,F7,0.06721941,0.06721941,0.07761543,0.5,0.5,"[4, 4]",0.5,False,0.43847706,0.07908556,0.36739397,True
12,3,6,F8,0.08467015,-0.02369573,0.09671327,0.5,0.5,"[4, 4]",0.5,False,0.43847706,0.07908556,0.36739397,True
12,3,7,FCz,0.10732734,0.10732734,0.11768474,0.5,0.5,"[4, 4]",0.5,False,0.43847706,0.07908556,0.36739397,True
12,3,8,FC3,0.06251521,-0.01554292,0.06657458,0.5,0.5,"[4, 4]",0.5,False,0.43847706,0.07908556,0.36739397,True
12,3,9,FC4,0.05606371,-0.05606371,0.05815786,0.5,0.5,"[4, 4]",0.5,False,0.43847706,0.07908556,0.36739397,True
12,3,10,FT7,0.06361067,-0.0508435,0.08244656,0.5,0.5,"[4, 4]",0.5,False,0.43847706,0.07908556,0.36739397,True
12,3,11,FT8,0.06985364,-0.01861994,0.08242083,0.5,0.5,"[4, 4]",0.5,False,0.43847706,0.07908556,0.36739397,True
12,3,12,Cz,0.07516804,0.07516804,0.08679254,0.5,0.5,"[4, 4]",0.5,False,0.43847706,0.07908556,0.36739397,True
12,3,13,C3,0.09309328,0.05379403,0.09595709,0.5,0.5,"[4, 4]",0.5,False,0.43847706,0.07908556,0.36739397,True
12,3,14,C4,0.10408671,-0.09490813,0.11634664,0.5,0.5,"[4, 4]",0.5,False,0.43847706,0.07908556,0.36739397,True
12,3,15,T3,0.10157578,0.10157578,0.120519,0.5,0.5,"[4, 4]",0.5,False,0.43847706,0.07908556,0.36739397,True
12,3,16,T4,0.09310456,0.04675415,0.11014062,0.5,0.5,"[4, 4]",0.5,False,0.43847706,0.07908556,0.36739397,True
12,3,17,CP3,0.14211141,0.0067265,0.16250251,0.5,0.5,"[4, 4]",0.5,False,0.43847706,0.07908556,0.36739397,True
12,3,18,CP4,0.11372769,0.01817512,0.12803192,0.5,0.5,"[4, 4]",0.5,False,0.43847706,0.07908556,0.36739397,True
12,3,19,TP7,0.12271537,-0.01980308,0.12623937,0.5,0.5,"[4, 4]",0.5,False,0.43847706,0.07908556,0.36739397,True
12,3,20,TP8,0.08314739,-0.05066364,0.11086189,0.5,0.5,"[4, 4]",0.5,False,0.43847706,0.07908556,0.36739397,True
12,3,21,Pz,0.14670208,0.04759736,0.15520971,0.5,0.5,"[4, 4]",0.5,False,0.43847706,0.07908556,0.36739397,True
12,3,22,P3,0.05637983,0.05637983,0.06479724,0.5,0.5,"[4, 4]",0.5,False,0.43847706,0.07908556,0.36739397,True
12,3,23,P4,0.12208834,-0.11231343,0.1460236,0.5,0.5,"[4, 4]",0.5,False,0.43847706,0.07908556,0.36739397,True
12,3,24,T5,0.06052843,0.04267275,0.07310105,0.5,0.5,"[4, 4]",0.5,False,0.43847706,0.07908556,0.36739397,True
12,3,25,T6,0.07079846,-0.03528656,0.07253129,0.5,0.5,"[4, 4]",0.5,False,0.43847706,0.07908556,0.36739397,True
12,3,26,Oz,0.04582462,0.02812523,0.05575172,0.5,0.5,"[4, 4]",0.5,False,0.43847706,0.07908556,0.36739397,True
12,3,27,O1,0.0938047,0.05539692,0.1202937,0.5,0.5,"[4, 4]",0.5,False,0.43847706,0.07908556,0.36739397,True
12,3,28,O2,0.18947229,-0.01598356,0.19020008,0.5,0.5,"[4, 4]",0.5,False,0.43847706,0.07908556,0.36739397,True
12,4,0,Fp1,0.10980675,-0.0957012,0.12251034,0.5,0.5,"[0, 8]",1.0,True,0.00323104,0.00030001,0.00270725,True
12,4,1,Fp2,0.07795819,0.06161018,0.09552328,0.5,0.5,"[0, 8]",1.0,True,0.00323104,0.00030001,0.00270725,True
12,4,2,Fz,0.10400175,-0.09818149,0.11735892,0.5,0.5,"[0, 8]",1.0,True,0.00323104,0.00030001,0.00270725,True
12,4,3,F3,0.08777068,0.0277132,0.09455749,0.5,0.5,"[0, 8]",1.0,True,0.00323104,0.00030001,0.00270725,True
12,4,4,F4,0.09753284,0.01265002,0.1077276,0.5,0.5,"[0, 8]",1.0,True,0.00323104,0.00030001,0.00270725,True
12,4,5,F7,0.08380586,0.08152676,0.09744392,0.5,0.5,"[0, 8]",1.0,True,0.00323104,0.00030001,0.00270725,True
12,4,6,F8,0.07734207,-0.02890646,0.07837178,0.5,0.5,"[0, 8]",1.0,True,0.00323104,0.00030001,0.00270725,True
12,4,7,FCz,0.09908289,0.09908289,0.11432615,0.5,0.5,"[0, 8]",1.0,True,0.00323104,0.00030001,0.00270725,True
12,4,8,FC3,0.03114027,0.00602213,0.03788218,0.5,0.5,"[0, 8]",1.0,True,0.00323104,0.00030001,0.00270725,True
12,4,9,FC4,0.05774174,-0.05774174,0.07617234,0.5,0.5,"[0, 8]",1.0,True,0.00323104,0.00030001,0.00270725,True
12,4,10,FT7,0.0904198,-0.05837623,0.10404961,0.5,0.5,"[0, 8]",1.0,True,0.00323104,0.00030001,0.00270725,True
12,4,11,FT8,0.08009117,-0.00323781,0.09716028,0.5,0.5,"[0, 8]",1.0,True,0.00323104,0.00030001,0.00270725,True
12,4,12,Cz,0.07705226,0.07583364,0.09260237,0.5,0.5,"[0, 8]",1.0,True,0.00323104,0.00030001,0.00270725,True
12,4,13,C3,0.11508089,0.07251649,0.11726161,0.5,0.5,"[0, 8]",1.0,True,0.00323104,0.00030001,0.00270725,True
12,4,14,C4,0.08580487,-0.0751246,0.09616499,0.5,0.5,"[0, 8]",1.0,True,0.00323104,0.00030001,0.00270725,True
12,4,15,T3,0.12643479,0.12643479,0.1316974,0.5,0.5,"[0, 8]",1.0,True,0.00323104,0.00030001,0.00270725,True
12,4,16,T4,0.12223759,0.01316596,0.13469495,0.5,0.5,"[0, 8]",1.0,True,0.00323104,0.00030001,0.00270725,True
12,4,17,CP3,0.12112443,0.03294351,0.13946527,0.5,0.5,"[0, 8]",1.0,True,0.00323104,0.00030001,0.00270725,True
12,4,18,CP4,0.11078314,0.03450949,0.12741439,0.5,0.5,"[0, 8]",1.0,True,0.00323104,0.00030001,0.00270725,True
12,4,19,TP7,0.08442771,-0.01903149,0.09443746,0.5,0.5,"[0, 8]",1.0,True,0.00323104,0.00030001,0.00270725,True
12,4,20,TP8,0.08926946,-0.0594634,0.10845322,0.5,0.5,"[0, 8]",1.0,True,0.00323104,0.00030001,0.00270725,True
12,4,21,Pz,0.15303901,0.0064324,0.15321605,0.5,0.5,"[0, 8]",1.0,True,0.00323104,0.00030001,0.00270725,True
12,4,22,P3,0.10800745,0.10800745,0.11718976,0.5,0.5,"[0, 8]",1.0,True,0.00323104,0.00030001,0.00270725,True
12,4,23,P4,0.10481341,-0.09316531,0.11685598,0.5,0.5,"[0, 8]",1.0,True,0.00323104,0.00030001,0.00270725,True
12,4,24,T5,0.10470554,0.07313882,0.11411961,0.5,0.5,"[0, 8]",1.0,True,0.00323104,0.00030001,0.00270725,True
12,4,25,T6,0.0811255,-0.06250653,0.09251903,0.5,0.5,"[0, 8]",1.0,True,0.00323104,0.00030001,0.00270725,True
12,4,26,Oz,0.07732077,0.04211759,0.07971523,0.5,0.5,"[0, 8]",1.0,True,0.00323104,0.00030001,0.00270725,True
12,4,27,O1,0.12186212,0.05593303,0.13229263,0.5,0.5,"[0, 8]",1.0,True,0.00323104,0.00030001,0.00270725,True
12,4,28,O2,0.14399138,-0.02383954,0.14675383,0.5,0.5,"[0, 8]",1.0,True,0.00323104,0.00030001,0.00270725,True
12,5,0,Fp1,0.09942425,-0.08525965,0.11091097,0.5,0.5,"[8, 0]",1.0,True,0.41178564,0.08492933,0.34502959,True
12,5,1,Fp2,0.08450104,0.08270854,0.10387277,0.5,0.5,"[8, 0]",1.0,True,0.41178564,0.08492933,0.34502959,True
12,5,2,Fz,0.08147457,-0.07113928,0.09292857,0.5,0.5,"[8, 0]",1.0,True,0.41178564,0.08492933,0.34502959,True
12,5,3,F3,0.08290071,0.01619547,0.09108001,0.5,0.5,"[8, 0]",1.0,True,0.41178564,0.08492933,0.34502959,True
12,5,4,F4,0.07042044,0.02589306,0.07436422,0.5,0.5,"[8, 0]",1.0,True,0.41178564,0.08492933,0.34502959,True
12,5,5,F7,0.07136892,0.04787689,0.07676435,0.5,0.5,"[8, 0]",1.0,True,0.41178564,0.08492933,0.34502959,True
12,5,6,F8,0.06563979,-0.0168007,0.07047634,0.5,0.5,"[8, 0]",1.0,True,0.41178564,0.08492933,0.34502959,True
12,5,7,FCz,0.13526033,0.13526033,0.14679493,0.5,0.5,"[8, 0]",1.0,True,0.41178564,0.08492933,0.34502959,True
12,5,8,FC3,0.02989643,-0.00783545,0.03998609,0.5,0.5,"[8, 0]",1.0,True,0.41178564,0.08492933,0.34502959,True
12,5,9,FC4,0.0424348,-0.02654158,0.05009547,0.5,0.5,"[8, 0]",1.0,True,0.41178564,0.08492933,0.34502959,True
12,5,10,FT7,0.12621276,-0.08654676,0.13669425,0.5,0.5,"[8, 0]",1.0,True,0.41178564,0.08492933,0.34502959,True
12,5,11,FT8,0.08767145,-0.0007309,0.10604105,0.5,0.5,"[8, 0]",1.0,True,0.41178564,0.08492933,0.34502959,True
12,5,12,Cz,0.1035747,0.1035747,0.11556277,0.5,0.5,"[8, 0]",1.0,True,0.41178564,0.08492933,0.34502959,True
12,5,13,C3,0.10620543,0.0479747,0.1064207,0.5,0.5,"[8, 0]",1.0,True,0.41178564,0.08492933,0.34502959,True
12,5,14,C4,0.14137517,-0.09486714,0.14690746,0.5,0.5,"[8, 0]",1.0,True,0.41178564,0.08492933,0.34502959,True
12,5,15,T3,0.09707141,0.09707141,0.10131868,0.5,0.5,"[8, 0]",1.0,True,0.41178564,0.08492933,0.34502959,True
12,5,16,T4,0.11201759,-0.00078292,0.13509479,0.5,0.5,"[8, 0]",1.0,True,0.41178564,0.08492933,0.34502959,True
12,5,17,CP3,0.14567354,0.00656907,0.1758482,0.5,0.5,"[8, 0]",1.0,True,0.41178564,0.08492933,0.34502959,True
12,5,18,CP4,0.13204892,0.03009473,0.15269321,0.5,0.5,"[8, 0]",1.0,True,0.41178564,0.08492933,0.34502959,True
12,5,19,TP7,0.09147365,-0.06230178,0.11211631,0.5,0.5,"[8, 0]",1.0,True,0.41178564,0.08492933,0.34502959,True
12,5,20,TP8,0.08975568,-0.04097314,0.10680329,0.5,0.5,"[8, 0]",1.0,True,0.41178564,0.08492933,0.34502959,True
12,5,21,Pz,0.1821726,0.03418174,0.18974839,0.5,0.5,"[8, 0]",1.0,True,0.41178564,0.08492933,0.34502959,True
12,5,22,P3,0.06591754,0.06591754,0.0754104,0.5,0.5,"[8, 0]",1.0,True,0.41178564,0.08492933,0.34502959,True
12,5,23,P4,0.08513303,-0.07394738,0.09925146,0.5,0.5,"[8, 0]",1.0,True,0.41178564,0.08492933,0.34502959,True
12,5,24,T5,0.06067198,0.02920537,0.06838351,0.5,0.5,"[8, 0]",1.0,True,0.41178564,0.08492933,0.34502959,True
12,5,25,T6,0.05401378,-0.0337273,0.05566728,0.5,0.5,"[8, 0]",1.0,True,0.41178564,0.08492933,0.34502959,True
12,5,26,Oz,0.04443654,0.01476211,0.04890933,0.5,0.5,"[8, 0]",1.0,True,0.41178564,0.08492933,0.34502959,True
12,5,27,O1,0.09745727,0.04490522,0.11330487,0.5,0.5,"[8, 0]",1.0,True,0.41178564,0.08492933,0.34502959,True
12,5,28,O2,0.13714276,-0.00647321,0.13817906,0.5,0.5,"[8, 0]",1.0,True,0.41178564,0.08492933,0.34502959,True
13,1,0,Fp1,0.10995674,-0.09585121,0.12263336,0.625,0.625,"[1, 7]",0.875,False,0.00323091,0.00030001,0.00270714,True
13,1,1,Fp2,0.0775082,0.06116018,0.09508537,0.625,0.625,"[1, 7]",0.875,False,0.00323091,0.00030001,0.00270714,True
13,1,2,Fz,0.10400175,-0.09848148,0.11752754,0.625,0.625,"[1, 7]",0.875,False,0.00323091,0.00030001,0.00270714,True
13,1,3,F3,0.08747071,0.02741319,0.09426243,0.625,0.625,"[1, 7]",0.875,False,0.00323091,0.00030001,0.00270714,True
13,1,4,F4,0.09768283,0.01250002,0.10796414,0.625,0.625,"[1, 7]",0.875,False,0.00323091,0.00030001,0.00270714,True
13,1,5,F7,0.08440585,0.08182675,0.09796041,0.625,0.625,"[1, 7]",0.875,False,0.00323091,0.00030001,0.00270714,True
13,1,6,F8,0.07749207,-0.02905646,0.0785089,0.625,0.625,"[1, 7]",0.875,False,0.00323091,0.00030001,0.00270714,True
13,1,7,FCz,0.09893288,0.09893288,0.11430262,0.625,0.625,"[1, 7]",0.875,False,0.00323091,0.00030001,0.00270714,True
13,1,8,FC3,0.03084028,0.00572213,0.03760596,0.625,0.625,"[1, 7]",0.875,False,0.00323091,0.00030001,0.00270714,True
13,1,9,FC4,0.05804174,-0.05804174,0.07635441,0.625,0.625,"[1, 7]",0.875,False,0.00323091,0.00030001,0.00270714,True
13,1,10,FT7,0.09056979,-0.05822623,0.10396787,0.625,0.625,"[1, 7]",0.875,False,0.00323091,0.00030001,0.00270714,True
13,1,11,FT8,0.07994119,-0.0033878,0.09695718,0.625,0.625,"[1, 7]",0.875,False,0.00323091,0.00030001,0.00270714,True
13,1,12,Cz,0.07705224,0.07553366,0.09250346,0.625,0.625,"[1, 7]",0.875,False,0.00323091,0.00030001,0.00270714,True
13,1,13,C3,0.11523087,0.07236648,0.11742338,0.625,0.625,"[1, 7]",0.875,False,0.00323091,0.00030001,0.00270714,True
13,1,14,C4,0.08565487,-0.07527459,0.09621975,0.625,0.625,"[1, 7]",0.875,False,0.00323091,0.00030001,0.00270714,True
13,1,15,T3,0.12658478,0.12658478,0.13177955,0.625,0.625,"[1, 7]",0.875,False,0.00323091,0.00030001,0.00270714,True
13,1,16,T4,0.12238757,0.01331595,0.1347903,0.625,0.625,"[1, 7]",0.875,False,0.00323091,0.00030001,0.00270714,True
13,1,17,CP3,0.12112439,0.03294354,0.13940138,0.625,0.625,"[1, 7]",0.875,False,0.00323091,0.00030001,0.00270714,True
13,1,18,CP4,0.11093313,0.03435949,0.12770779,0.625,0.625,"[1, 7]",0.875,False,0.00323091,0.00030001,0.00270714,True
13,1,19,TP7,0.08442757,-0.01873143,0.0944368,0.625,0.625,"[1, 7]",0.875,False,0.00323091,0.00030001,0.00270714,True
13,1,20,TP8,0.08941942,-0.05931336,0.10851113,0.625,0.625,"[1, 7]",0.875,False,0.00323091,0.00030001,0.00270714,True
13,1,21,Pz,0.15303901,0.0067324,0.15322733,0.625,0.625,"[1, 7]",0.875,False,0.00323091,0.00030001,0.00270714,True
13,1,22,P3,0.10815744,0.10815744,0.11725799,0.625,0.625,"[1, 7]",0.875,False,0.00323091,0.00030001,0.00270714,True
13,1,23,P4,0.10496341,-0.09301531,0.11682757,0.625,0.625,"[1, 7]",0.875,False,0.00323091,0.00030001,0.00270714,True
13,1,24,T5,0.10500554,0.07343882,0.11451381,0.625,0.625,"[1, 7]",0.875,False,0.00323091,0.00030001,0.00270714,True
13,1,25,T6,0.08112548,-0.0625065,0.09251901,0.625,0.625,"[1, 7]",0.875,False,0.00323091,0.00030001,0.00270714,True
13,1,26,Oz,0.07762076,0.04241759,0.07997135,0.625,0.625,"[1, 7]",0.875,False,0.00323091,0.00030001,0.00270714,True
13,1,27,O1,0.12216213,0.05623303,0.13248843,0.625,0.625,"[1, 7]",0.875,False,0.00323091,0.00030001,0.00270714,True
13,1,28,O2,0.14399138,-0.02353954,0.14670472,0.625,0.625,"[1, 7]",0.875,False,0.00323091,0.00030001,0.00270714,True
13,2,0,Fp1,0.10980674,-0.0957012,0.12243427,0.5,0.5,"[0, 8]",1.0,True,0.003231,0.00030001,0.00270721,True
13,2,1,Fp2,0.0775082,0.06116019,0.09508538,0.5,0.5,"[0, 8]",1.0,True,0.003231,0.00030001,0.00270721,True
13,2,2,Fz,0.10400175,-0.09848149,0.11752755,0.5,0.5,"[0, 8]",1.0,True,0.003231,0.00030001,0.00270721,True
13,2,3,F3,0.08762068,0.0275632,0.0944601,0.5,0.5,"[0, 8]",1.0,True,0.003231,0.00030001,0.00270721,True
13,2,4,F4,0.09753284,0.01235003,0.10784688,0.5,0.5,"[0, 8]",1.0,True,0.003231,0.00030001,0.00270721,True
13,2,5,F7,0.08425586,0.08167676,0.09774246,0.5,0.5,"[0, 8]",1.0,True,0.003231,0.00030001,0.00270721,True
13,2,6,F8,0.07749207,-0.02905648,0.07850891,0.5,0.5,"[0, 8]",1.0,True,0.003231,0.00030001,0.00270721,True
13,2,7,FCz,0.09893288,0.09893288,0.11430261,0.5,0.5,"[0, 8]",1.0,True,0.003231,0.00030001,0.00270721,True
13,2,8,FC3,0.03099027,0.00587213,0.03766772,0.5,0.5,"[0, 8]",1.0,True,0.003231,0.00030001,0.00270721,True
13,2,9,FC4,0.05804174,-0.05804174,0.07635441,0.5,0.5,"[0, 8]",1.0,True,0.003231,0.00030001,0.00270721,True
13,2,10,FT7,0.09056979,-0.05822623,0.10396787,0.5,0.5,"[0, 8]",1.0,True,0.003231,0.00030001,0.00270721,True
13,2,11,FT8,0.08009117,-0.00353778,0.09700154,0.5,0.5,"[0, 8]",1.0,True,0.003231,0.00030001,0.00270721,True
13,2,12,Cz,0.07705224,0.07553366,0.09250346,0.5,0.5,"[0, 8]",1.0,True,0.003231,0.00030001,0.00270721,True
13,2,13,C3,0.1152309,0.07236649,0.11737084,0.5,0.5,"[0, 8]",1.0,True,0.003231,0.00030001,0.00270721,True
13,2,14,C4,0.08565487,-0.0752746,0.09621976,0.5,0.5,"[0, 8]",1.0,True,0.003231,0.00030001,0.00270721,True
13,2,15,T3,0.12673478,0.12673478,0.13197485,0.5,0.5,"[0, 8]",1.0,True,0.003231,0.00030001,0.00270721,True
13,2,16,T4,0.12238757,0.01331594,0.1347903,0.5,0.5,"[0, 8]",1.0,True,0.003231,0.00030001,0.00270721,True
13,2,17,CP3,0.12097439,0.03309354,0.13939349,0.5,0.5,"[0, 8]",1.0,True,0.003231,0.00030001,0.00270721,True
13,2,18,CP4,0.11093313,0.03435949,0.12770779,0.5,0.5,"[0, 8]",1.0,True,0.003231,0.00030001,0.00270721,True
13,2,19,TP7,0.08442771,-0.01873149,0.094437,0.5,0.5,"[0, 8]",1.0,True,0.003231,0.00030001,0.00270721,True
13,2,20,TP8,0.08941944,-0.05931342,0.10851117,0.5,0.5,"[0, 8]",1.0,True,0.003231,0.00030001,0.00270721,True
13,2,21,Pz,0.15303901,0.00673239,0.15322734,0.5,0.5,"[0, 8]",1.0,True,0.003231,0.00030001,0.00270721,True
13,2,22,P3,0.10815743,0.10815743,0.11725799,0.5,0.5,"[0, 8]",1.0,True,0.003231,0.00030001,0.00270721,True
13,2,23,P4,0.10496341,-0.09301531,0.11682757,0.5,0.5,"[0, 8]",1.0,True,0.003231,0.00030001,0.00270721,True
13,2,24,T5,0.10515554,0.07328882,0.11459687,0.5,0.5,"[0, 8]",1.0,True,0.003231,0.00030001,0.00270721,True
13,2,25,T6,0.08112549,-0.06250653,0.09251902,0.5,0.5,"[0, 8]",1.0,True,0.003231,0.00030001,0.00270721,True
13,2,26,Oz,0.07762076,0.04241759,0.07997135,0.5,0.5,"[0, 8]",1.0,True,0.003231,0.00030001,0.00270721,True
13,2,27,O1,0.12216213,0.05623303,0.13248843,0.5,0.5,"[0, 8]",1.0,True,0.003231,0.00030001,0.00270721,True
13,2,28,O2,0.14399138,-0.02353954,0.14670472,0.5,0.5,"[0, 8]",1.0,True,0.003231,0.00030001,0.00270721,True
13,3,0,Fp1,0.1164922,-0.0845019,0.14586811,0.875,0.875,"[5, 3]",0.625,False,0.59144499,0.12244055,0.49556372,True
13,3,1,Fp2,0.09943237,0.08572434,0.11331972,0.875,0.875,"[5, 3]",0.625,False,0.59144499,0.12244055,0.49556372,True
13,3,2,Fz,0.11957598,-0.10314974,0.13155037,0.875,0.875,"[5, 3]",0.625,False,0.59144499,0.12244055,0.49556372,True
13,3,3,F3,0.05677508,0.01212549,0.06459849,0.875,0.875,"[5, 3]",0.625,False,0.59144499,0.12244055,0.49556372,True
13,3,4,F4,0.09314072,0.02908872,0.09565857,0.875,0.875,"[5, 3]",0.625,False,0.59144499,0.12244055,0.49556372,True
13,3,5,F7,0.05858603,0.0522668,0.08155093,0.875,0.875,"[5, 3]",0.625,False,0.59144499,0.12244055,0.49556372,True
13,3,6,F8,0.10278724,-0.07236703,0.12671398,0.875,0.875,"[5, 3]",0.625,False,0.59144499,0.12244055,0.49556372,True
13,3,7,FCz,0.15594694,0.15594694,0.17155471,0.875,0.875,"[5, 3]",0.625,False,0.59144499,0.12244055,0.49556372,True
13,3,8,FC3,0.04549725,0.02690576,0.06580131,0.875,0.875,"[5, 3]",0.625,False,0.59144499,0.12244055,0.49556372,True
13,3,9,FC4,0.09509353,-0.09509353,0.11120436,0.875,0.875,"[5, 3]",0.625,False,0.59144499,0.12244055,0.49556372,True
13,3,10,FT7,0.09185341,-0.06112263,0.09668941,0.875,0.875,"[5, 3]",0.625,False,0.59144499,0.12244055,0.49556372,True
13,3,11,FT8,0.06331584,0.01479093,0.06879774,0.875,0.875,"[5, 3]",0.625,False,0.59144499,0.12244055,0.49556372,True
13,3,12,Cz,0.08018529,0.06854447,0.08696509,0.875,0.875,"[5, 3]",0.625,False,0.59144499,0.12244055,0.49556372,True
13,3,13,C3,0.06053501,0.05330556,0.06990358,0.875,0.875,"[5, 3]",0.625,False,0.59144499,0.12244055,0.49556372,True
13,3,14,C4,0.11131927,-0.10146575,0.13643169,0.875,0.875,"[5, 3]",0.625,False,0.59144499,0.12244055,0.49556372,True
13,3,15,T3,0.1064289,0.08508257,0.12039597,0.875,0.875,"[5, 3]",0.625,False,0.59144499,0.12244055,0.49556372,True
13,3,16,T4,0.09801712,0.00054671,0.11888414,0.875,0.875,"[5, 3]",0.625,False,0.59144499,0.12244055,0.49556372,True
13,3,17,CP3,0.04732531,0.01323886,0.05266738,0.875,0.875,"[5, 3]",0.625,False,0.59144499,0.12244055,0.49556372,True
13,3,18,CP4,0.09220846,0.00411741,0.12510528,0.875,0.875,"[5, 3]",0.625,False,0.59144499,0.12244055,0.49556372,True
13,3,19,TP7,0.07670207,-0.04866894,0.09135147,0.875,0.875,"[5, 3]",0.625,False,0.59144499,0.12244055,0.49556372,True
13,3,20,TP8,0.10019368,-0.05382923,0.11749338,0.875,0.875,"[5, 3]",0.625,False,0.59144499,0.12244055,0.49556372,True
13,3,21,Pz,0.13609728,-0.01785022,0.13743952,0.875,0.875,"[5, 3]",0.625,False,0.59144499,0.12244055,0.49556372,True
13,3,22,P3,0.1321177,0.1321177,0.14346215,0.875,0.875,"[5, 3]",0.625,False,0.59144499,0.12244055,0.49556372,True
13,3,23,P4,0.09829301,-0.08987311,0.11062153,0.875,0.875,"[5, 3]",0.625,False,0.59144499,0.12244055,0.49556372,True
13,3,24,T5,0.09285698,0.08537942,0.11463252,0.875,0.875,"[5, 3]",0.625,False,0.59144499,0.12244055,0.49556372,True
13,3,25,T6,0.06993156,-0.00975435,0.08002631,0.875,0.875,"[5, 3]",0.625,False,0.59144499,0.12244055,0.49556372,True
13,3,26,Oz,0.0795608,0.04762423,0.08075897,0.875,0.875,"[5, 3]",0.625,False,0.59144499,0.12244055,0.49556372,True
13,3,27,O1,0.15366901,0.10031793,0.16553219,0.875,0.875,"[5, 3]",0.625,False,0.59144499,0.12244055,0.49556372,True
13,3,28,O2,0.17124456,0.03143588,0.17532772,0.875,0.875,"[5, 3]",0.625,False,0.59144499,0.12244055,0.49556372,True
13,4,0,Fp1,0.10965677,-0.09585123,0.12248505,0.5,0.5,"[0, 8]",1.0,True,0.00323093,0.00030001,0.00270715,True
13,4,1,Fp2,0.07765819,0.06131018,0.09518859,0.5,0.5,"[0, 8]",1.0,True,0.00323093,0.00030001,0.00270715,True
13,4,2,Fz,0.10385175,-0.0983315,0.11734417,0.5,0.5,"[0, 8]",1.0,True,0.00323093,0.00030001,0.00270715,True
13,4,3,F3,0.08777072,0.02741325,0.09465113,0.5,0.5,"[0, 8]",1.0,True,0.00323093,0.00030001,0.00270715,True
13,4,4,F4,0.09768283,0.01250003,0.10796414,0.5,0.5,"[0, 8]",1.0,True,0.00323093,0.00030001,0.00270715,True
13,4,5,F7,0.08440585,0.08182675,0.09796041,0.5,0.5,"[0, 8]",1.0,True,0.00323093,0.00030001,0.00270715,True
13,4,6,F8,0.07749201,-0.0290564,0.07852273,0.5,0.5,"[0, 8]",1.0,True,0.00323093,0.00030001,0.00270715,True
13,4,7,FCz,0.09893289,0.09893289,0.11430263,0.5,0.5,"[0, 8]",1.0,True,0.00323093,0.00030001,0.00270715,True
13,4,8,FC3,0.03099028,0.00587213,0.03766773,0.5,0.5,"[0, 8]",1.0,True,0.00323093,0.00030001,0.00270715,True
13,4,9,FC4,0.05804174,-0.05804174,0.07635441,0.5,0.5,"[0, 8]",1.0,True,0.00323093,0.00030001,0.00270715,True
13,4,10,FT7,0.0904198,-0.05837622,0.10387493,0.5,0.5,"[0, 8]",1.0,True,0.00323093,0.00030001,0.00270715,True
13,4,11,FT8,0.07994118,-0.0033878,0.09695718,0.5,0.5,"[0, 8]",1.0,True,0.00323093,0.00030001,0.00270715,True
13,4,12,Cz,0.07705224,0.07553367,0.09250346,0.5,0.5,"[0, 8]",1.0,True,0.00323093,0.00030001,0.00270715,True
13,4,13,C3,0.11523089,0.07236649,0.11737084,0.5,0.5,"[0, 8]",1.0,True,0.00323093,0.00030001,0.00270715,True
13,4,14,C4,0.08565487,-0.07527459,0.09621976,0.5,0.5,"[0, 8]",1.0,True,0.00323093,0.00030001,0.00270715,True
13,4,15,T3,0.1265848,0.1265848,0.13183144,0.5,0.5,"[0, 8]",1.0,True,0.00323093,0.00030001,0.00270715,True
13,4,16,T4,0.1220876,0.01331596,0.13450733,0.5,0.5,"[0, 8]",1.0,True,0.00323093,0.00030001,0.00270715,True
13,4,17,CP3,0.12112439,0.03294354,0.13940138,0.5,0.5,"[0, 8]",1.0,True,0.00323093,0.00030001,0.00270715,True
13,4,18,CP4,0.11093313,0.0343595,0.12770779,0.5,0.5,"[0, 8]",1.0,True,0.00323093,0.00030001,0.00270715,True
13,4,19,TP7,0.08442771,-0.01873149,0.094437,0.5,0.5,"[0, 8]",1.0,True,0.00323093,0.00030001,0.00270715,True
13,4,20,TP8,0.08926946,-0.05916341,0.10827899,0.5,0.5,"[0, 8]",1.0,True,0.00323093,0.00030001,0.00270715,True
13,4,21,Pz,0.15333895,0.00673236,0.1535285,0.5,0.5,"[0, 8]",1.0,True,0.00323093,0.00030001,0.00270715,True
13,4,22,P3,0.10815742,0.10815742,0.11733378,0.5,0.5,"[0, 8]",1.0,True,0.00323093,0.00030001,0.00270715,True
13,4,23,P4,0.1049634,-0.09301531,0.11682757,0.5,0.5,"[0, 8]",1.0,True,0.00323093,0.00030001,0.00270715,True
13,4,24,T5,0.10515554,0.07328882,0.11459687,0.5,0.5,"[0, 8]",1.0,True,0.00323093,0.00030001,0.00270715,True
13,4,25,T6,0.0809755,-0.06235652,0.0923141,0.5,0.5,"[0, 8]",1.0,True,0.00323093,0.00030001,0.00270715,True
13,4,26,Oz,0.07777076,0.04226759,0.08010387,0.5,0.5,"[0, 8]",1.0,True,0.00323093,0.00030001,0.00270715,True
13,4,27,O1,0.12201212,0.05608303,0.13228098,0.5,0.5,"[0, 8]",1.0,True,0.00323093,0.00030001,0.00270715,True
13,4,28,O2,0.14399138,-0.02353955,0.14670473,0.5,0.5,"[0, 8]",1.0,True,0.00323093,0.00030001,0.00270715,True
13,5,0,Fp1,0.10965674,-0.09555121,0.12231992,0.375,0.375,"[1, 7]",0.875,False,0.00323094,0.00030001,0.00270716,True
13,5,1,Fp2,0.0775082,0.06116018,0.09508537,0.375,0.375,"[1, 7]",0.875,False,0.00323094,0.00030001,0.00270716,True
13,5,2,Fz,0.10400175,-0.09848149,0.11752755,0.375,0.375,"[1, 7]",0.875,False,0.00323094,0.00030001,0.00270716,True
13,5,3,F3,0.08777068,0.02741321,0.0946511,0.375,0.375,"[1, 7]",0.875,False,0.00323094,0.00030001,0.00270716,True
13,5,4,F4,0.09768283,0.01250003,0.10796414,0.375,0.375,"[1, 7]",0.875,False,0.00323094,0.00030001,0.00270716,True
13,5,5,F7,0.08425584,0.08167674,0.09774245,0.375,0.375,"[1, 7]",0.875,False,0.00323094,0.00030001,0.00270716,True
13,5,6,F8,0.077792,-0.02935638,0.07877908,0.375,0.375,"[1, 7]",0.875,False,0.00323094,0.00030001,0.00270716,True
13,5,7,FCz,0.09893289,0.09893289,0.11430262,0.375,0.375,"[1, 7]",0.875,False,0.00323094,0.00030001,0.00270716,True
13,5,8,FC3,0.03099027,0.00587214,0.03766771,0.375,0.375,"[1, 7]",0.875,False,0.00323094,0.00030001,0.00270716,True
13,5,9,FC4,0.05804174,-0.05804174,0.07635441,0.375,0.375,"[1, 7]",0.875,False,0.00323094,0.00030001,0.00270716,True
13,5,10,FT7,0.09056979,-0.05822623,0.10396787,0.375,0.375,"[1, 7]",0.875,False,0.00323094,0.00030001,0.00270716,True
13,5,11,FT8,0.0799412,-0.0033878,0.09695718,0.375,0.375,"[1, 7]",0.875,False,0.00323094,0.00030001,0.00270716,True
13,5,12,Cz,0.07720223,0.07568365,0.09273551,0.375,0.375,"[1, 7]",0.875,False,0.00323094,0.00030001,0.00270716,True
13,5,13,C3,0.11538088,0.07251648,0.11755528,0.375,0.375,"[1, 7]",0.875,False,0.00323094,0.00030001,0.00270716,True
13,5,14,C4,0.08550487,-0.07512459,0.09602551,0.375,0.375,"[1, 7]",0.875,False,0.00323094,0.00030001,0.00270716,True
13,5,15,T3,0.12673473,0.12673473,0.13197482,0.375,0.375,"[1, 7]",0.875,False,0.00323094,0.00030001,0.00270716,True
13,5,16,T4,0.12223761,0.01346593,0.13460284,0.375,0.375,"[1, 7]",0.875,False,0.00323094,0.00030001,0.00270716,True
13,5,17,CP3,0.12112439,0.03294354,0.13940138,0.375,0.375,"[1, 7]",0.875,False,0.00323094,0.00030001,0.00270716,True
13,5,18,CP4,0.11108314,0.03450949,0.12781,0.375,0.375,"[1, 7]",0.875,False,0.00323094,0.00030001,0.00270716,True
13,5,19,TP7,0.08442771,-0.01873149,0.094437,0.375,0.375,"[1, 7]",0.875,False,0.00323094,0.00030001,0.00270716,True
13,5,20,TP8,0.08911952,-0.05931346,0.10827464,0.375,0.375,"[1, 7]",0.875,False,0.00323094,0.00030001,0.00270716,True
13,5,21,Pz,0.15318897,0.00658243,0.15336804,0.375,0.375,"[1, 7]",0.875,False,0.00323094,0.00030001,0.00270716,True
13,5,22,P3,0.10815744,0.10815744,0.11725799,0.375,0.375,"[1, 7]",0.875,False,0.00323094,0.00030001,0.00270716,True
13,5,23,P4,0.10496341,-0.09301531,0.11682757,0.375,0.375,"[1, 7]",0.875,False,0.00323094,0.00030001,0.00270716,True
13,5,24,T5,0.10515555,0.07328883,0.11459687,0.375,0.375,"[1, 7]",0.875,False,0.00323094,0.00030001,0.00270716,True
13,5,25,T6,0.08112549,-0.06250652,0.09251902,0.375,0.375,"[1, 7]",0.875,False,0.00323094,0.00030001,0.00270716,True
13,5,26,Oz,0.07777076,0.04226759,0.08010387,0.375,0.375,"[1, 7]",0.875,False,0.00323094,0.00030001,0.00270716,True
13,5,27,O1,0.12201212,0.05608303,0.13228099,0.375,0.375,"[1, 7]",0.875,False,0.00323094,0.00030001,0.00270716,True
13,5,28,O2,0.14399138,-0.02353953,0.14670472,0.375,0.375,"[1, 7]",0.875,False,0.00323094,0.00030001,0.00270716,True
14,1,0,Fp1,0.10980673,-0.0957012,0.12251032,0.625,0.625,"[1, 7]",0.875,False,0.00323095,0.00030001,0.00270717,True
14,1,1,Fp2,0.07780819,0.06146018,0.09545761,0.625,0.625,"[1, 7]",0.875,False,0.00323095,0.00030001,0.00270717,True
14,1,2,Fz,0.10370176,-0.09818149,0.11716075,0.625,0.625,"[1, 7]",0.875,False,0.00323095,0.00030001,0.00270717,True
14,1,3,F3,0.08762068,0.02756321,0.09433386,0.625,0.625,"[1, 7]",0.875,False,0.00323095,0.00030001,0.00270717,True
14,1,4,F4,0.09753284,0.01235003,0.10783582,0.625,0.625,"[1, 7]",0.875,False,0.00323095,0.00030001,0.00270717,True
14,1,5,F7,0.08410585,0.08182675,0.09780438,0.625,0.625,"[1, 7]",0.875,False,0.00323095,0.00030001,0.00270717,True
14,1,6,F8,0.07779206,-0.02935646,0.07877915,0.625,0.625,"[1, 7]",0.875,False,0.00323095,0.00030001,0.00270717,True
14,1,7,FCz,0.09908289,0.09908289,0.11431888,0.625,0.625,"[1, 7]",0.875,False,0.00323095,0.00030001,0.00270717,True
14,1,8,FC3,0.03114021,0.00632206,0.03770189,0.625,0.625,"[1, 7]",0.875,False,0.00323095,0.00030001,0.00270717,True
14,1,9,FC4,0.05804174,-0.05804174,0.07614106,0.625,0.625,"[1, 7]",0.875,False,0.00323095,0.00030001,0.00270717,True
14,1,10,FT7,0.0902698,-0.05822623,0.10379095,0.625,0.625,"[1, 7]",0.875,False,0.00323095,0.00030001,0.00270717,True
14,1,11,FT8,0.08009119,-0.0035378,0.09717114,0.625,0.625,"[1, 7]",0.875,False,0.00323095,0.00030001,0.00270717,True
14,1,12,Cz,0.07720224,0.07598365,0.09283417,0.625,0.625,"[1, 7]",0.875,False,0.00323095,0.00030001,0.00270717,True
14,1,13,C3,0.1152309,0.07266648,0.11747747,0.625,0.625,"[1, 7]",0.875,False,0.00323095,0.00030001,0.00270717,True
14,1,14,C4,0.08565487,-0.07527459,0.09613549,0.625,0.625,"[1, 7]",0.875,False,0.00323095,0.00030001,0.00270717,True
14,1,15,T3,0.12643479,0.12643479,0.1316974,0.625,0.625,"[1, 7]",0.875,False,0.00323095,0.00030001,0.00270717,True
14,1,16,T4,0.12208759,0.01331595,0.13464017,0.625,0.625,"[1, 7]",0.875,False,0.00323095,0.00030001,0.00270717,True
14,1,17,CP3,0.1211244,0.03294356,0.13946526,0.625,0.625,"[1, 7]",0.875,False,0.00323095,0.00030001,0.00270717,True
14,1,18,CP4,0.11078313,0.03450948,0.12733555,0.625,0.625,"[1, 7]",0.875,False,0.00323095,0.00030001,0.00270717,True
14,1,19,TP7,0.08442771,-0.01903149,0.09443747,0.625,0.625,"[1, 7]",0.875,False,0.00323095,0.00030001,0.00270717,True
14,1,20,TP8,0.08926946,-0.0594634,0.10848671,0.625,0.625,"[1, 7]",0.875,False,0.00323095,0.00030001,0.00270717,True
14,1,21,Pz,0.15288901,0.00688239,0.15309027,0.625,0.625,"[1, 7]",0.875,False,0.00323095,0.00030001,0.00270717,True
14,1,22,P3,0.10815728,0.10815728,0.11733361,0.625,0.625,"[1, 7]",0.875,False,0.00323095,0.00030001,0.00270717,True
14,1,23,P4,0.10466341,-0.09301531,0.11671546,0.625,0.625,"[1, 7]",0.875,False,0.00323095,0.00030001,0.00270717,True
14,1,24,T5,0.10500555,0.07313883,0.11439427,0.625,0.625,"[1, 7]",0.875,False,0.00323095,0.00030001,0.00270717,True
14,1,25,T6,0.08142549,-0.06250653,0.09263876,0.625,0.625,"[1, 7]",0.875,False,0.00323095,0.00030001,0.00270717,True
14,1,26,Oz,0.07777076,0.04226759,0.08010387,0.625,0.625,"[1, 7]",0.875,False,0.00323095,0.00030001,0.00270717,True
14,1,27,O1,0.12186212,0.05593304,0.13223471,0.625,0.625,"[1, 7]",0.875,False,0.00323095,0.00030001,0.00270717,True
14,1,28,O2,0.14429137,-0.02383953,0.14704752,0.625,0.625,"[1, 7]",0.875,False,0.00323095,0.00030001,0.00270717,True
14,2,0,Fp1,0.09274237,-0.0711526,0.1013186,0.25,0.25,"[6, 2]",0.75,False,0.50218895,0.09178668,0.4207773,True
14,2,1,Fp2,0.08362103,0.0699567,0.09802917,0.25,0.25,"[6, 2]",0.75,False,0.50218895,0.09178668,0.4207773,True
14,2,2,Fz,0.09246492,-0.04819003,0.09398102,0.25,0.25,"[6, 2]",0.75,False,0.50218895,0.09178668,0.4207773,True
14,2,3,F3,0.07550672,0.04180256,0.0775127,0.25,0.25,"[6, 2]",0.75,False,0.50218895,0.09178668,0.4207773,True
14,2,4,F4,0.06488812,0.01065141,0.07499667,0.25,0.25,"[6, 2]",0.75,False,0.50218895,0.09178668,0.4207773,True
14,2,5,F7,0.06331933,0.06232195,0.08511421,0.25,0.25,"[6, 2]",0.75,False,0.50218895,0.09178668,0.4207773,True
14,2,6,F8,0.0531669,0.00944009,0.06763984,0.25,0.25,"[6, 2]",0.75,False,0.50218895,0.09178668,0.4207773,True
14,2,7,FCz,0.09264409,0.09264409,0.10257622,0.25,0.25,"[6, 2]",0.75,False,0.50218895,0.09178668,0.4207773,True
14,2,8,FC3,0.06118451,-0.01753268,0.0630975,0.25,0.25,"[6, 2]",0.75,False,0.50218895,0.09178668,0.4207773,True
14,2,9,FC4,0.09664396,-0.09664396,0.11774903,0.25,0.25,"[6, 2]",0.75,False,0.50218895,0.09178668,0.4207773,True
14,2,10,FT7,0.09866916,-0.09545255,0.12995449,0.25,0.25,"[6, 2]",0.75,False,0.50218895,0.09178668,0.4207773,True
14,2,11,FT8,0.1056304,-0.0474687,0.12075781,0.25,0.25,"[6, 2]",0.75,False,0.50218895,0.09178668,0.4207773,True
14,2,12,Cz,0.13154499,0.10267209,0.14175892,0.25,0.25,"[6, 2]",0.75,False,0.50218895,0.09178668,0.4207773,True
14,2,13,C3,0.11087874,0.08793259,0.12397881,0.25,0.25,"[6, 2]",0.75,False,0.50218895,0.09178668,0.4207773,True
14,2,14,C4,0.09662731,-0.09662731,0.11131168,0.25,0.25,"[6, 2]",0.75,False,0.50218895,0.09178668,0.4207773,True
14,2,15,T3,0.08083865,0.08083865,0.0978275,0.25,0.25,"[6, 2]",0.75,False,0.50218895,0.09178668,0.4207773,True
14,2,16,T4,0.1149116,-0.00070977,0.1339796,0.25,0.25,"[6, 2]",0.75,False,0.50218895,0.09178668,0.4207773,True
14,2,17,CP3,0.13213252,0.08646487,0.15714048,0.25,0.25,"[6, 2]",0.75,False,0.50218895,0.09178668,0.4207773,True
14,2,18,CP4,0.12835863,0.06689554,0.13149591,0.25,0.25,"[6, 2]",0.75,False,0.50218895,0.09178668,0.4207773,True
14,2,19,TP7,0.07186189,-0.06571865,0.0904786,0.25,0.25,"[6, 2]",0.75,False,0.50218895,0.09178668,0.4207773,True
14,2,20,TP8,0.0907017,-0.05136203,0.10402687,0.25,0.25,"[6, 2]",0.75,False,0.50218895,0.09178668,0.4207773,True
14,2,21,Pz,0.10425171,0.01315982,0.10670198,0.25,0.25,"[6, 2]",0.75,False,0.50218895,0.09178668,0.4207773,True
14,2,22,P3,0.1239223,0.1239223,0.12922758,0.25,0.25,"[6, 2]",0.75,False,0.50218895,0.09178668,0.4207773,True
14,2,23,P4,0.11907411,-0.08788829,0.13575988,0.25,0.25,"[6, 2]",0.75,False,0.50218895,0.09178668,0.4207773,True
14,2,24,T5,0.06615707,0.01206073,0.06935037,0.25,0.25,"[6, 2]",0.75,False,0.50218895,0.09178668,0.4207773,True
14,2,25,T6,0.06485827,-0.06124833,0.08895832,0.25,0.25,"[6, 2]",0.75,False,0.50218895,0.09178668,0.4207773,True
14,2,26,Oz,0.09580486,0.09580486,0.11412331,0.25,0.25,"[6, 2]",0.75,False,0.50218895,0.09178668,0.4207773,True
14,2,27,O1,0.13239338,0.04707339,0.1521578,0.25,0.25,"[6, 2]",0.75,False,0.50218895,0.09178668,0.4207773,True
14,2,28,O2,0.13242161,-0.01379928,0.14449416,0.25,0.25,"[6, 2]",0.75,False,0.50218895,0.09178668,0.4207773,True
14,3,0,Fp1,0.10980674,-0.0957012,0.12243427,0.5,0.5,"[0, 8]",1.0,True,0.0032309,0.00030001,0.00270713,True
14,3,1,Fp2,0.07795817,0.06161016,0.09552327,0.5,0.5,"[0, 8]",1.0,True,0.0032309,0.00030001,0.00270713,True
14,3,2,Fz,0.10370176,-0.09818149,0.11716075,0.5,0.5,"[0, 8]",1.0,True,0.0032309,0.00030001,0.00270713,True
14,3,3,F3,0.08792067,0.0278632,0.09462874,0.5,0.5,"[0, 8]",1.0,True,0.0032309,0.00030001,0.00270713,True
14,3,4,F4,0.09753284,0.01265002,0.1077276,0.5,0.5,"[0, 8]",1.0,True,0.0032309,0.00030001,0.00270713,True
14,3,5,F7,0.08410586,0.08152676,0.09760051,0.5,0.5,"[0, 8]",1.0,True,0.0032309,0.00030001,0.00270713,True
14,3,6,F8,0.07779206,-0.02935645,0.07877915,0.5,0.5,"[0, 8]",1.0,True,0.0032309,0.00030001,0.00270713,True
14,3,7,FCz,0.09908289,0.09908289,0.11431888,0.5,0.5,"[0, 8]",1.0,True,0.0032309,0.00030001,0.00270713,True
14,3,8,FC3,0.03114027,0.00632212,0.03770191,0.5,0.5,"[0, 8]",1.0,True,0.0032309,0.00030001,0.00270713,True
14,3,9,FC4,0.05789175,-0.05789175,0.07618263,0.5,0.5,"[0, 8]",1.0,True,0.0032309,0.00030001,0.00270713,True
14,3,10,FT7,0.0902698,-0.05822623,0.10378834,0.5,0.5,"[0, 8]",1.0,True,0.0032309,0.00030001,0.00270713,True
14,3,11,FT8,0.07994118,-0.00368779,0.09696802,0.5,0.5,"[0, 8]",1.0,True,0.0032309,0.00030001,0.00270713,True
14,3,12,Cz,0.07705224,0.07583365,0.09273107,0.5,0.5,"[0, 8]",1.0,True,0.0032309,0.00030001,0.00270713,True
14,3,13,C3,0.11538087,0.07281646,0.11760927,0.5,0.5,"[0, 8]",1.0,True,0.0032309,0.00030001,0.00270713,True
14,3,14,C4,0.08580473,-0.07542445,0.09632933,0.5,0.5,"[0, 8]",1.0,True,0.0032309,0.00030001,0.00270713,True
14,3,15,T3,0.12643479,0.12643479,0.1316974,0.5,0.5,"[0, 8]",1.0,True,0.0032309,0.00030001,0.00270713,True
14,3,16,T4,0.1220876,0.01301599,0.13448861,0.5,0.5,"[0, 8]",1.0,True,0.0032309,0.00030001,0.00270713,True
14,3,17,CP3,0.12142438,0.03294355,0.13978046,0.5,0.5,"[0, 8]",1.0,True,0.0032309,0.00030001,0.00270713,True
14,3,18,CP4,0.11078314,0.0342095,0.12749182,0.5,0.5,"[0, 8]",1.0,True,0.0032309,0.00030001,0.00270713,True
14,3,19,TP7,0.08442771,-0.01903149,0.09443747,0.5,0.5,"[0, 8]",1.0,True,0.0032309,0.00030001,0.00270713,True
14,3,20,TP8,0.08911933,-0.05961327,0.10842859,0.5,0.5,"[0, 8]",1.0,True,0.0032309,0.00030001,0.00270713,True
14,3,21,Pz,0.15273902,0.00673239,0.15292932,0.5,0.5,"[0, 8]",1.0,True,0.0032309,0.00030001,0.00270713,True
14,3,22,P3,0.10815743,0.10815743,0.11733379,0.5,0.5,"[0, 8]",1.0,True,0.0032309,0.00030001,0.00270713,True
14,3,23,P4,0.10496341,-0.0933153,0.11701025,0.5,0.5,"[0, 8]",1.0,True,0.0032309,0.00030001,0.00270713,True
14,3,24,T5,0.10500555,0.07313883,0.11439426,0.5,0.5,"[0, 8]",1.0,True,0.0032309,0.00030001,0.00270713,True
14,3,25,T6,0.08142549,-0.06250653,0.09263877,0.5,0.5,"[0, 8]",1.0,True,0.0032309,0.00030001,0.00270713,True
14,3,26,Oz,0.07777075,0.04226759,0.08010386,0.5,0.5,"[0, 8]",1.0,True,0.0032309,0.00030001,0.00270713,True
14,3,27,O1,0.12201208,0.05608299,0.13228098,0.5,0.5,"[0, 8]",1.0,True,0.0032309,0.00030001,0.00270713,True
14,3,28,O2,0.14414138,-0.02368953,0.14689206,0.5,0.5,"[0, 8]",1.0,True,0.0032309,0.00030001,0.00270713,True
14,4,0,Fp1,0.10995674,-0.0958512,0.12270929,0.5,0.5,"[0, 8]",1.0,True,0.00323097,0.00030001,0.00270718,True
14,4,1,Fp2,0.07765819,0.06131018,0.09518859,0.5,0.5,"[0, 8]",1.0,True,0.00323097,0.00030001,0.00270718,True
14,4,2,Fz,0.10370177,-0.09818149,0.11716075,0.5,0.5,"[0, 8]",1.0,True,0.00323097,0.00030001,0.00270718,True
14,4,3,F3,0.08762068,0.02756321,0.09433386,0.5,0.5,"[0, 8]",1.0,True,0.00323097,0.00030001,0.00270718,True
14,4,4,F4,0.09768291,0.0125001,0.10796416,0.5,0.5,"[0, 8]",1.0,True,0.00323097,0.00030001,0.00270718,True
14,4,5,F7,0.08425586,0.08167675,0.09781878,0.5,0.5,"[0, 8]",1.0,True,0.00323097,0.00030001,0.00270718,True
14,4,6,F8,0.07764207,-0.02920646,0.07865965,0.5,0.5,"[0, 8]",1.0,True,0.00323097,0.00030001,0.00270718,True
14,4,7,FCz,0.09908289,0.09908289,0.11431888,0.5,0.5,"[0, 8]",1.0,True,0.00323097,0.00030001,0.00270718,True
14,4,8,FC3,0.03099027,0.00617213,0.0376402,0.5,0.5,"[0, 8]",1.0,True,0.00323097,0.00030001,0.00270718,True
14,4,9,FC4,0.05789175,-0.05789175,0.07634416,0.5,0.5,"[0, 8]",1.0,True,0.00323097,0.00030001,0.00270718,True
14,4,10,FT7,0.09056979,-0.05852622,0.1041334,0.5,0.5,"[0, 8]",1.0,True,0.00323097,0.00030001,0.00270718,True
14,4,11,FT8,0.08039118,-0.00353779,0.09741817,0.5,0.5,"[0, 8]",1.0,True,0.00323097,0.00030001,0.00270718,True
14,4,12,Cz,0.07735223,0.07583365,0.09283859,0.5,0.5,"[0, 8]",1.0,True,0.00323097,0.00030001,0.00270718,True
14,4,13,C3,0.1152309,0.07266648,0.11747747,0.5,0.5,"[0, 8]",1.0,True,0.00323097,0.00030001,0.00270718,True
14,4,14,C4,0.08550489,-0.07512461,0.09602553,0.5,0.5,"[0, 8]",1.0,True,0.00323097,0.00030001,0.00270718,True
14,4,15,T3,0.1264348,0.1264348,0.13169742,0.5,0.5,"[0, 8]",1.0,True,0.00323097,0.00030001,0.00270718,True
14,4,16,T4,0.12208758,0.01331595,0.13452926,0.5,0.5,"[0, 8]",1.0,True,0.00323097,0.00030001,0.00270718,True
14,4,17,CP3,0.12112439,0.03294354,0.13946523,0.5,0.5,"[0, 8]",1.0,True,0.00323097,0.00030001,0.00270718,True
14,4,18,CP4,0.11078313,0.03450948,0.12733555,0.5,0.5,"[0, 8]",1.0,True,0.00323097,0.00030001,0.00270718,True
14,4,19,TP7,0.08442774,-0.01903145,0.09443749,0.5,0.5,"[0, 8]",1.0,True,0.00323097,0.00030001,0.00270718,True
14,4,20,TP8,0.08896946,-0.0594634,0.10825004,0.5,0.5,"[0, 8]",1.0,True,0.00323097,0.00030001,0.00270718,True
14,4,21,Pz,0.15273902,0.0067324,0.15292932,0.5,0.5,"[0, 8]",1.0,True,0.00323097,0.00030001,0.00270718,True
14,4,22,P3,0.10815743,0.10815743,0.1173338,0.5,0.5,"[0, 8]",1.0,True,0.00323097,0.00030001,0.00270718,True
14,4,23,P4,0.1048134,-0.09286531,0.11674578,0.5,0.5,"[0, 8]",1.0,True,0.00323097,0.00030001,0.00270718,True
14,4,24,T5,0.10515554,0.07328882,0.11446789,0.5,0.5,"[0, 8]",1.0,True,0.00323097,0.00030001,0.00270718,True
14,4,25,T6,0.08127549,-0.06235652,0.09243721,0.5,0.5,"[0, 8]",1.0,True,0.00323097,0.00030001,0.00270718,True
14,4,26,Oz,0.07777076,0.04226759,0.08010387,0.5,0.5,"[0, 8]",1.0,True,0.00323097,0.00030001,0.00270718,True
14,4,27,O1,0.12201212,0.05608303,0.13228098,0.5,0.5,"[0, 8]",1.0,True,0.00323097,0.00030001,0.00270718,True
14,4,28,O2,0.1439914,-0.02353954,0.14670473,0.5,0.5,"[0, 8]",1.0,True,0.00323097,0.00030001,0.00270718,True
14,5,0,Fp1,0.10965673,-0.09585119,0.122485,0.5,0.5,"[0, 8]",1.0,True,0.00323099,0.00030001,0.0027072,True
14,5,1,Fp2,0.07765819,0.06131018,0.09518859,0.5,0.5,"[0, 8]",1.0,True,0.00323099,0.00030001,0.0027072,True
14,5,2,Fz,0.10400175,-0.09818149,0.11735866,0.5,0.5,"[0, 8]",1.0,True,0.00323099,0.00030001,0.0027072,True
14,5,3,F3,0.08792067,0.0275632,0.09462248,0.5,0.5,"[0, 8]",1.0,True,0.00323099,0.00030001,0.0027072,True
14,5,4,F4,0.09753285,0.01235005,0.10784689,0.5,0.5,"[0, 8]",1.0,True,0.00323099,0.00030001,0.0027072,True
14,5,5,F7,0.08395587,0.08167676,0.09759306,0.5,0.5,"[0, 8]",1.0,True,0.00323099,0.00030001,0.0027072,True
14,5,6,F8,0.07764205,-0.02920645,0.07862861,0.5,0.5,"[0, 8]",1.0,True,0.00323099,0.00030001,0.0027072,True
14,5,7,FCz,0.09908287,0.09908287,0.11444442,0.5,0.5,"[0, 8]",1.0,True,0.00323099,0.00030001,0.0027072,True
14,5,8,FC3,0.03099027,0.00617212,0.0376402,0.5,0.5,"[0, 8]",1.0,True,0.00323099,0.00030001,0.0027072,True
14,5,9,FC4,0.05804174,-0.05804174,0.07635441,0.5,0.5,"[0, 8]",1.0,True,0.00323099,0.00030001,0.0027072,True
14,5,10,FT7,0.0904198,-0.05837623,0.10404702,0.5,0.5,"[0, 8]",1.0,True,0.00323099,0.00030001,0.0027072,True
14,5,11,FT8,0.08039119,-0.0035378,0.09741818,0.5,0.5,"[0, 8]",1.0,True,0.00323099,0.00030001,0.0027072,True
14,5,12,Cz,0.07735223,0.07583365,0.09283859,0.5,0.5,"[0, 8]",1.0,True,0.00323099,0.00030001,0.0027072,True
14,5,13,C3,0.1152309,0.07266648,0.11747747,0.5,0.5,"[0, 8]",1.0,True,0.00323099,0.00030001,0.0027072,True
14,5,14,C4,0.08565487,-0.07527459,0.09621975,0.5,0.5,"[0, 8]",1.0,True,0.00323099,0.00030001,0.0027072,True
14,5,15,T3,0.1264348,0.1264348,0.13169742,0.5,0.5,"[0, 8]",1.0,True,0.00323099,0.00030001,0.0027072,True
14,5,16,T4,0.12193759,0.01316595,0.13443373,0.5,0.5,"[0, 8]",1.0,True,0.00323099,0.00030001,0.0027072,True
14,5,17,CP3,0.12097439,0.03309354,0.13945736,0.5,0.5,"[0, 8]",1.0,True,0.00323099,0.00030001,0.0027072,True
14,5,18,CP4,0.11108312,0.03450948,0.1277314,0.5,0.5,"[0, 8]",1.0,True,0.00323099,0.00030001,0.0027072,True
14,5,19,TP7,0.08412772,-0.01873149,0.09410919,0.5,0.5,"[0, 8]",1.0,True,0.00323099,0.00030001,0.0027072,True
14,5,20,TP8,0.08911946,-0.0593134,0.10825446,0.5,0.5,"[0, 8]",1.0,True,0.00323099,0.00030001,0.0027072,True
14,5,21,Pz,0.15318899,0.00658241,0.15337668,0.5,0.5,"[0, 8]",1.0,True,0.00323099,0.00030001,0.0027072,True
14,5,22,P3,0.10815745,0.10815745,0.11736307,0.5,0.5,"[0, 8]",1.0,True,0.00323099,0.00030001,0.0027072,True
14,5,23,P4,0.10466342,-0.09301531,0.11671546,0.5,0.5,"[0, 8]",1.0,True,0.00323099,0.00030001,0.0027072,True
14,5,24,T5,0.10500556,0.07313883,0.11427673,0.5,0.5,"[0, 8]",1.0,True,0.00323099,0.00030001,0.0027072,True
14,5,25,T6,0.08112554,-0.06220658,0.09223218,0.5,0.5,"[0, 8]",1.0,True,0.00323099,0.00030001,0.0027072,True
14,5,26,Oz,0.07777076,0.04226759,0.08010387,0.5,0.5,"[0, 8]",1.0,True,0.00323099,0.00030001,0.0027072,True
14,5,27,O1,0.12216211,0.05623303,0.13248841,0.5,0.5,"[0, 8]",1.0,True,0.00323099,0.00030001,0.0027072,True
14,5,28,O2,0.14414138,-0.02368954,0.14686039,0.5,0.5,"[0, 8]",1.0,True,0.00323099,0.00030001,0.0027072,True
15,1,0,Fp1,0.1131582,-0.1131582,0.14867917,0.75,0.75,"[4, 4]",0.5,False,1.01176595,0.21365264,0.84774493,True
15,1,1,Fp2,0.05739464,-0.02212648,0.06383823,0.75,0.75,"[4, 4]",0.5,False,1.01176595,0.21365264,0.84774493,True
15,1,2,Fz,0.08487486,-0.08275314,0.10601801,0.75,0.75,"[4, 4]",0.5,False,1.01176595,0.21365264,0.84774493,True
15,1,3,F3,0.10044129,0.01637945,0.11055768,0.75,0.75,"[4, 4]",0.5,False,1.01176595,0.21365264,0.84774493,True
15,1,4,F4,0.08263685,0.02407659,0.09195922,0.75,0.75,"[4, 4]",0.5,False,1.01176595,0.21365264,0.84774493,True
15,1,5,F7,0.12337535,0.12337535,0.12710711,0.75,0.75,"[4, 4]",0.5,False,1.01176595,0.21365264,0.84774493,True
15,1,6,F8,0.06639318,0.06639318,0.06986727,0.75,0.75,"[4, 4]",0.5,False,1.01176595,0.21365264,0.84774493,True
15,1,7,FCz,0.08840658,0.00728534,0.10438091,0.75,0.75,"[4, 4]",0.5,False,1.01176595,0.21365264,0.84774493,True
15,1,8,FC3,0.09839318,0.09839318,0.11905304,0.75,0.75,"[4, 4]",0.5,False,1.01176595,0.21365264,0.84774493,True
15,1,9,FC4,0.04453329,-0.02333603,0.04949363,0.75,0.75,"[4, 4]",0.5,False,1.01176595,0.21365264,0.84774493,True
15,1,10,FT7,0.11201992,-0.11201992,0.11639825,0.75,0.75,"[4, 4]",0.5,False,1.01176595,0.21365264,0.84774493,True
15,1,11,FT8,0.06975994,0.03461546,0.08135659,0.75,0.75,"[4, 4]",0.5,False,1.01176595,0.21365264,0.84774493,True
15,1,12,Cz,0.09054361,0.09054361,0.11001008,0.75,0.75,"[4, 4]",0.5,False,1.01176595,0.21365264,0.84774493,True
15,1,13,C3,0.12955014,0.12955014,0.15150347,0.75,0.75,"[4, 4]",0.5,False,1.01176595,0.21365264,0.84774493,True
15,1,14,C4,0.02856538,-0.00509027,0.0341529,0.75,0.75,"[4, 4]",0.5,False,1.01176595,0.21365264,0.84774493,True
15,1,15,T3,0.17244671,0.17244671,0.18878195,0.75,0.75,"[4, 4]",0.5,False,1.01176595,0.21365264,0.84774493,True
15,1,16,T4,0.07520257,0.02673692,0.10785792,0.75,0.75,"[4, 4]",0.5,False,1.01176595,0.21365264,0.84774493,True
15,1,17,CP3,0.07331111,0.07092018,0.09268387,0.75,0.75,"[4, 4]",0.5,False,1.01176595,0.21365264,0.84774493,True
15,1,18,CP4,0.09061718,-0.01047085,0.09719528,0.75,0.75,"[4, 4]",0.5,False,1.01176595,0.21365264,0.84774493,True
15,1,19,TP7,0.07324705,-0.07324705,0.08688147,0.75,0.75,"[4, 4]",0.5,False,1.01176595,0.21365264,0.84774493,True
15,1,20,TP8,0.14072686,-0.10011356,0.15228941,0.75,0.75,"[4, 4]",0.5,False,1.01176595,0.21365264,0.84774493,True
15,1,21,Pz,0.14851809,-0.11359178,0.1734326,0.75,0.75,"[4, 4]",0.5,False,1.01176595,0.21365264,0.84774493,True
15,1,22,P3,0.0884827,0.0884827,0.09169181,0.75,0.75,"[4, 4]",0.5,False,1.01176595,0.21365264,0.84774493,True
15,1,23,P4,0.03408969,0.00962647,0.03865674,0.75,0.75,"[4, 4]",0.5,False,1.01176595,0.21365264,0.84774493,True
15,1,24,T5,0.05618953,-0.01545302,0.07089472,0.75,0.75,"[4, 4]",0.5,False,1.01176595,0.21365264,0.84774493,True
15,1,25,T6,0.08221887,-0.07552923,0.0933021,0.75,0.75,"[4, 4]",0.5,False,1.01176595,0.21365264,0.84774493,True
15,1,26,Oz,0.12329461,0.05189312,0.12571432,0.75,0.75,"[4, 4]",0.5,False,1.01176595,0.21365264,0.84774493,True
15,1,27,O1,0.06803379,-0.02967269,0.0894522,0.75,0.75,"[4, 4]",0.5,False,1.01176595,0.21365264,0.84774493,True
15,1,28,O2,0.09752586,0.01436125,0.10636878,0.75,0.75,"[4, 4]",0.5,False,1.01176595,0.21365264,0.84774493,True
15,2,0,Fp1,0.10977763,-0.09333989,0.12411359,0.625,0.625,"[5, 3]",0.625,False,0.13337831,0.02183969,0.11175587,True
15,2,1,Fp2,0.07747172,0.07180295,0.10150315,0.625,0.625,"[5, 3]",0.625,False,0.13337831,0.02183969,0.11175587,True
15,2,2,Fz,0.11711261,-0.10365986,0.12858517,0.625,0.625,"[5, 3]",0.625,False,0.13337831,0.02183969,0.11175587,True
15,2,3,F3,0.09009587,0.03151188,0.09510611,0.625,0.625,"[5, 3]",0.625,False,0.13337831,0.02183969,0.11175587,True
15,2,4,F4,0.10441099,0.01428714,0.11433696,0.625,0.625,"[5, 3]",0.625,False,0.13337831,0.02183969,0.11175587,True
15,2,5,F7,0.09714918,0.08817251,0.11010587,0.625,0.625,"[5, 3]",0.625,False,0.13337831,0.02183969,0.11175587,True
15,2,6,F8,0.0723462,-0.03141746,0.07399088,0.625,0.625,"[5, 3]",0.625,False,0.13337831,0.02183969,0.11175587,True
15,2,7,FCz,0.0980127,0.0980127,0.10896446,0.625,0.625,"[5, 3]",0.625,False,0.13337831,0.02183969,0.11175587,True
15,2,8,FC3,0.04004956,0.00733423,0.04637499,0.625,0.625,"[5, 3]",0.625,False,0.13337831,0.02183969,0.11175587,True
15,2,9,FC4,0.05344909,-0.04476001,0.06999788,0.625,0.625,"[5, 3]",0.625,False,0.13337831,0.02183969,0.11175587,True
15,2,10,FT7,0.08708829,-0.05674509,0.10190839,0.625,0.625,"[5, 3]",0.625,False,0.13337831,0.02183969,0.11175587,True
15,2,11,FT8,0.07732458,0.00047105,0.09717348,0.625,0.625,"[5, 3]",0.625,False,0.13337831,0.02183969,0.11175587,True
15,2,12,Cz,0.07858242,0.0711384,0.09135111,0.625,0.625,"[5, 3]",0.625,False,0.13337831,0.02183969,0.11175587,True
15,2,13,C3,0.11956557,0.07426206,0.1225776,0.625,0.625,"[5, 3]",0.625,False,0.13337831,0.02183969,0.11175587,True
15,2,14,C4,0.08067349,-0.06329589,0.08723702,0.625,0.625,"[5, 3]",0.625,False,0.13337831,0.02183969,0.11175587,True
15,2,15,T3,0.13010091,0.13010091,0.13818575,0.625,0.625,"[5, 3]",0.625,False,0.13337831,0.02183969,0.11175587,True
15,2,16,T4,0.11678979,0.00950014,0.13060471,0.625,0.625,"[5, 3]",0.625,False,0.13337831,0.02183969,0.11175587,True
15,2,17,CP3,0.12540351,0.02292699,0.13910912,0.625,0.625,"[5, 3]",0.625,False,0.13337831,0.02183969,0.11175587,True
15,2,18,CP4,0.09888696,0.02987057,0.11399967,0.625,0.625,"[5, 3]",0.625,False,0.13337831,0.02183969,0.11175587,True
15,2,19,TP7,0.07788412,-0.0207714,0.09302764,0.625,0.625,"[5, 3]",0.625,False,0.13337831,0.02183969,0.11175587,True
15,2,20,TP8,0.08171222,-0.05471494,0.1014481,0.625,0.625,"[5, 3]",0.625,False,0.13337831,0.02183969,0.11175587,True
15,2,21,Pz,0.15704677,-0.00721116,0.15729965,0.625,0.625,"[5, 3]",0.625,False,0.13337831,0.02183969,0.11175587,True
15,2,22,P3,0.10129526,0.10129526,0.11267318,0.625,0.625,"[5, 3]",0.625,False,0.13337831,0.02183969,0.11175587,True
15,2,23,P4,0.11284309,-0.09106924,0.12260417,0.625,0.625,"[5, 3]",0.625,False,0.13337831,0.02183969,0.11175587,True
15,2,24,T5,0.1068418,0.06638536,0.11208291,0.625,0.625,"[5, 3]",0.625,False,0.13337831,0.02183969,0.11175587,True
15,2,25,T6,0.07804874,-0.06594224,0.09515475,0.625,0.625,"[5, 3]",0.625,False,0.13337831,0.02183969,0.11175587,True
15,2,26,Oz,0.08418079,0.04832127,0.08592544,0.625,0.625,"[5, 3]",0.625,False,0.13337831,0.02183969,0.11175587,True
15,2,27,O1,0.10911013,0.04812004,0.12071636,0.625,0.625,"[5, 3]",0.625,False,0.13337831,0.02183969,0.11175587,True
15,2,28,O2,0.1469112,-0.0229206,0.1490064,0.625,0.625,"[5, 3]",0.625,False,0.13337831,0.02183969,0.11175587,True
15,3,0,Fp1,0.09268215,-0.09268215,0.1061772,0.625,0.625,"[5, 3]",0.625,False,0.78082349,0.16886391,0.65424139,True
15,3,1,Fp2,0.05849259,0.04299515,0.07462766,0.625,0.625,"[5, 3]",0.625,False,0.78082349,0.16886391,0.65424139,True
15,3,2,Fz,0.0814902,-0.0814902,0.1293976,0.625,0.625,"[5, 3]",0.625,False,0.78082349,0.16886391,0.65424139,True
15,3,3,F3,0.10249954,-0.02512467,0.1194983,0.625,0.625,"[5, 3]",0.625,False,0.78082349,0.16886391,0.65424139,True
15,3,4,F4,0.09073176,0.06267668,0.10013309,0.625,0.625,"[5, 3]",0.625,False,0.78082349,0.16886391,0.65424139,True
15,3,5,F7,0.11412896,0.11412896,0.13050954,0.625,0.625,"[5, 3]",0.625,False,0.78082349,0.16886391,0.65424139,True
15,3,6,F8,0.04379802,-0.04379802,0.0503487,0.625,0.625,"[5, 3]",0.625,False,0.78082349,0.16886391,0.65424139,True
15,3,7,FCz,0.07379106,0.07379106,0.08732601,0.625,0.625,"[5, 3]",0.625,False,0.78082349,0.16886391,0.65424139,True
15,3,8,FC3,0.08816774,0.08816774,0.09317173,0.625,0.625,"[5, 3]",0.625,False,0.78082349,0.16886391,0.65424139,True
15,3,9,FC4,0.07585672,-0.03423947,0.07685286,0.625,0.625,"[5, 3]",0.625,False,0.78082349,0.16886391,0.65424139,True
15,3,10,FT7,0.10048274,-0.05341943,0.11210768,0.625,0.625,"[5, 3]",0.625,False,0.78082349,0.16886391,0.65424139,True
15,3,11,FT8,0.06650116,0.06615101,0.07693202,0.625,0.625,"[5, 3]",0.625,False,0.78082349,0.16886391,0.65424139,True
15,3,12,Cz,0.10387588,0.10387588,0.12152376,0.625,0.625,"[5, 3]",0.625,False,0.78082349,0.16886391,0.65424139,True
15,3,13,C3,0.10849738,0.10849738,0.12612392,0.625,0.625,"[5, 3]",0.625,False,0.78082349,0.16886391,0.65424139,True
15,3,14,C4,0.07859143,-0.07859143,0.09755126,0.625,0.625,"[5, 3]",0.625,False,0.78082349,0.16886391,0.65424139,True
15,3,15,T3,0.09546352,0.06893691,0.10552417,0.625,0.625,"[5, 3]",0.625,False,0.78082349,0.16886391,0.65424139,True
15,3,16,T4,0.10812588,0.04713397,0.11685084,0.625,0.625,"[5, 3]",0.625,False,0.78082349,0.16886391,0.65424139,True
15,3,17,CP3,0.10828505,0.06019454,0.11870594,0.625,0.625,"[5, 3]",0.625,False,0.78082349,0.16886391,0.65424139,True
15,3,18,CP4,0.0792537,-0.01096236,0.08845115,0.625,0.625,"[5, 3]",0.625,False,0.78082349,0.16886391,0.65424139,True
15,3,19,TP7,0.03796514,0.00239848,0.04331249,0.625,0.625,"[5, 3]",0.625,False,0.78082349,0.16886391,0.65424139,True
15,3,20,TP8,0.09522577,-0.09522577,0.12996897,0.625,0.625,"[5, 3]",0.625,False,0.78082349,0.16886391,0.65424139,True
15,3,21,Pz,0.11710893,-0.01800759,0.1218757,0.625,0.625,"[5, 3]",0.625,False,0.78082349,0.16886391,0.65424139,True
15,3,22,P3,0.1008273,0.1008273,0.11771098,0.625,0.625,"[5, 3]",0.625,False,0.78082349,0.16886391,0.65424139,True
15,3,23,P4,0.11052816,-0.05294999,0.13704959,0.625,0.625,"[5, 3]",0.625,False,0.78082349,0.16886391,0.65424139,True
15,3,24,T5,0.09089084,0.05854799,0.10932221,0.625,0.625,"[5, 3]",0.625,False,0.78082349,0.16886391,0.65424139,True
15,3,25,T6,0.1088617,-0.1088617,0.11416285,0.625,0.625,"[5, 3]",0.625,False,0.78082349,0.16886391,0.65424139,True
15,3,26,Oz,0.11535811,0.01783535,0.12702613,0.625,0.625,"[5, 3]",0.625,False,0.78082349,0.16886391,0.65424139,True
15,3,27,O1,0.08726965,-0.03618163,0.09788924,0.625,0.625,"[5, 3]",0.625,False,0.78082349,0.16886391,0.65424139,True
15,3,28,O2,0.15379146,-0.03687732,0.16509607,0.625,0.625,"[5, 3]",0.625,False,0.78082349,0.16886391,0.65424139,True
15,4,0,Fp1,0.12522152,-0.12522152,0.15037003,0.75,0.75,"[6, 2]",0.75,False,0.83551169,0.18804189,0.70006389,True
15,4,1,Fp2,0.03983671,-0.03909155,0.06069887,0.75,0.75,"[6, 2]",0.75,False,0.83551169,0.18804189,0.70006389,True
15,4,2,Fz,0.08353522,-0.0469735,0.10041579,0.75,0.75,"[6, 2]",0.75,False,0.83551169,0.18804189,0.70006389,True
15,4,3,F3,0.10793331,0.00484513,0.12274709,0.75,0.75,"[6, 2]",0.75,False,0.83551169,0.18804189,0.70006389,True
15,4,4,F4,0.06915985,0.00580245,0.08160939,0.75,0.75,"[6, 2]",0.75,False,0.83551169,0.18804189,0.70006389,True
15,4,5,F7,0.11330179,0.11330179,0.12489267,0.75,0.75,"[6, 2]",0.75,False,0.83551169,0.18804189,0.70006389,True
15,4,6,F8,0.02240518,0.0067605,0.02507006,0.75,0.75,"[6, 2]",0.75,False,0.83551169,0.18804189,0.70006389,True
15,4,7,FCz,0.05821463,0.05342425,0.067968,0.75,0.75,"[6, 2]",0.75,False,0.83551169,0.18804189,0.70006389,True
15,4,8,FC3,0.059282,0.059282,0.06901661,0.75,0.75,"[6, 2]",0.75,False,0.83551169,0.18804189,0.70006389,True
15,4,9,FC4,0.0528195,0.02793199,0.07611408,0.75,0.75,"[6, 2]",0.75,False,0.83551169,0.18804189,0.70006389,True
15,4,10,FT7,0.08952869,-0.08952869,0.10230256,0.75,0.75,"[6, 2]",0.75,False,0.83551169,0.18804189,0.70006389,True
15,4,11,FT8,0.0708613,0.05066802,0.0760076,0.75,0.75,"[6, 2]",0.75,False,0.83551169,0.18804189,0.70006389,True
15,4,12,Cz,0.04898673,0.04610953,0.0799493,0.75,0.75,"[6, 2]",0.75,False,0.83551169,0.18804189,0.70006389,True
15,4,13,C3,0.10445276,0.10445276,0.1139509,0.75,0.75,"[6, 2]",0.75,False,0.83551169,0.18804189,0.70006389,True
15,4,14,C4,0.06820289,-0.06664138,0.08190304,0.75,0.75,"[6, 2]",0.75,False,0.83551169,0.18804189,0.70006389,True
15,4,15,T3,0.10377212,0.10377212,0.13557169,0.75,0.75,"[6, 2]",0.75,False,0.83551169,0.18804189,0.70006389,True
15,4,16,T4,0.10984432,0.01017318,0.13210954,0.75,0.75,"[6, 2]",0.75,False,0.83551169,0.18804189,0.70006389,True
15,4,17,CP3,0.11681633,0.02260315,0.13110858,0.75,0.75,"[6, 2]",0.75,False,0.83551169,0.18804189,0.70006389,True
15,4,18,CP4,0.09854443,0.05105026,0.12856577,0.75,0.75,"[6, 2]",0.75,False,0.83551169,0.18804189,0.70006389,True
15,4,19,TP7,0.11041973,-0.07841481,0.1329923,0.75,0.75,"[6, 2]",0.75,False,0.83551169,0.18804189,0.70006389,True
15,4,20,TP8,0.1191491,-0.09226206,0.15470625,0.75,0.75,"[6, 2]",0.75,False,0.83551169,0.18804189,0.70006389,True
15,4,21,Pz,0.1173061,-0.03249252,0.13089056,0.75,0.75,"[6, 2]",0.75,False,0.83551169,0.18804189,0.70006389,True
15,4,22,P3,0.10278184,0.10278184,0.12060351,0.75,0.75,"[6, 2]",0.75,False,0.83551169,0.18804189,0.70006389,True
15,4,23,P4,0.09022631,0.00826103,0.10749324,0.75,0.75,"[6, 2]",0.75,False,0.83551169,0.18804189,0.70006389,True
15,4,24,T5,0.09985101,0.07399238,0.13099428,0.75,0.75,"[6, 2]",0.75,False,0.83551169,0.18804189,0.70006389,True
15,4,25,T6,0.11369289,-0.10448582,0.14066114,0.75,0.75,"[6, 2]",0.75,False,0.83551169,0.18804189,0.70006389,True
15,4,26,Oz,0.1088331,0.02333828,0.11660182,0.75,0.75,"[6, 2]",0.75,False,0.83551169,0.18804189,0.70006389,True
15,4,27,O1,0.08698747,4.118e-05,0.10377535,0.75,0.75,"[6, 2]",0.75,False,0.83551169,0.18804189,0.70006389,True
15,4,28,O2,0.06358143,0.01999698,0.08516586,0.75,0.75,"[6, 2]",0.75,False,0.83551169,0.18804189,0.70006389,True
15,5,0,Fp1,0.1097651,-0.09525694,0.12234947,0.5,0.5,"[0, 8]",1.0,True,0.0097754,0.00119909,0.00819067,True
15,5,1,Fp2,0.07855015,0.06145285,0.09599037,0.5,0.5,"[0, 8]",1.0,True,0.0097754,0.00119909,0.00819067,True
15,5,2,Fz,0.10447767,-0.09821218,0.11763845,0.5,0.5,"[0, 8]",1.0,True,0.0097754,0.00119909,0.00819067,True
15,5,3,F3,0.08758976,0.02747362,0.09444329,0.5,0.5,"[0, 8]",1.0,True,0.0097754,0.00119909,0.00819067,True
15,5,4,F4,0.0976056,0.01268414,0.10766775,0.5,0.5,"[0, 8]",1.0,True,0.0097754,0.00119909,0.00819067,True
15,5,5,F7,0.08469252,0.08173299,0.0981506,0.5,0.5,"[0, 8]",1.0,True,0.0097754,0.00119909,0.00819067,True
15,5,6,F8,0.07805689,-0.02961736,0.07906087,0.5,0.5,"[0, 8]",1.0,True,0.0097754,0.00119909,0.00819067,True
15,5,7,FCz,0.0984244,0.0984244,0.11387446,0.5,0.5,"[0, 8]",1.0,True,0.0097754,0.00119909,0.00819067,True
15,5,8,FC3,0.03152899,0.00605996,0.03832434,0.5,0.5,"[0, 8]",1.0,True,0.0097754,0.00119909,0.00819067,True
15,5,9,FC4,0.05836806,-0.05836806,0.07685199,0.5,0.5,"[0, 8]",1.0,True,0.0097754,0.00119909,0.00819067,True
15,5,10,FT7,0.09030923,-0.05811518,0.10375343,0.5,0.5,"[0, 8]",1.0,True,0.0097754,0.00119909,0.00819067,True
15,5,11,FT8,0.08029965,-0.00265404,0.09744301,0.5,0.5,"[0, 8]",1.0,True,0.0097754,0.00119909,0.00819067,True
15,5,12,Cz,0.07763956,0.07627907,0.09312396,0.5,0.5,"[0, 8]",1.0,True,0.0097754,0.00119909,0.00819067,True
15,5,13,C3,0.11524348,0.07195182,0.11744103,0.5,0.5,"[0, 8]",1.0,True,0.0097754,0.00119909,0.00819067,True
15,5,14,C4,0.0851254,-0.07468306,0.09545494,0.5,0.5,"[0, 8]",1.0,True,0.0097754,0.00119909,0.00819067,True
15,5,15,T3,0.12681623,0.12681623,0.13220955,0.5,0.5,"[0, 8]",1.0,True,0.0097754,0.00119909,0.00819067,True
15,5,16,T4,0.12187585,0.013094,0.13391632,0.5,0.5,"[0, 8]",1.0,True,0.0097754,0.00119909,0.00819067,True
15,5,17,CP3,0.1213719,0.03261615,0.13969195,0.5,0.5,"[0, 8]",1.0,True,0.0097754,0.00119909,0.00819067,True
15,5,18,CP4,0.11075518,0.03473323,0.12762456,0.5,0.5,"[0, 8]",1.0,True,0.0097754,0.00119909,0.00819067,True
15,5,19,TP7,0.08445657,-0.01877555,0.09462652,0.5,0.5,"[0, 8]",1.0,True,0.0097754,0.00119909,0.00819067,True
15,5,20,TP8,0.08924334,-0.05938883,0.10841844,0.5,0.5,"[0, 8]",1.0,True,0.0097754,0.00119909,0.00819067,True
15,5,21,Pz,0.15291184,0.00650379,0.15308118,0.5,0.5,"[0, 8]",1.0,True,0.0097754,0.00119909,0.00819067,True
15,5,22,P3,0.10797632,0.10797632,0.11754554,0.5,0.5,"[0, 8]",1.0,True,0.0097754,0.00119909,0.00819067,True
15,5,23,P4,0.10519445,-0.09288736,0.116938,0.5,0.5,"[0, 8]",1.0,True,0.0097754,0.00119909,0.00819067,True
15,5,24,T5,0.10426934,0.07229036,0.11357569,0.5,0.5,"[0, 8]",1.0,True,0.0097754,0.00119909,0.00819067,True
15,5,25,T6,0.08155695,-0.06231464,0.092579,0.5,0.5,"[0, 8]",1.0,True,0.0097754,0.00119909,0.00819067,True
15,5,26,Oz,0.07718132,0.04233062,0.07960681,0.5,0.5,"[0, 8]",1.0,True,0.0097754,0.00119909,0.00819067,True
15,5,27,O1,0.1213431,0.05598679,0.13178796,0.5,0.5,"[0, 8]",1.0,True,0.0097754,0.00119909,0.00819067,True
15,5,28,O2,0.14411931,-0.02371607,0.14682811,0.5,0.5,"[0, 8]",1.0,True,0.0097754,0.00119909,0.00819067,True
16,1,0,Fp1,0.10950674,-0.0957012,0.12228569,0.5,0.5,"[0, 8]",1.0,True,0.00323087,0.00030001,0.0027071,True
16,1,1,Fp2,0.0779582,0.06131019,0.09547227,0.5,0.5,"[0, 8]",1.0,True,0.00323087,0.00030001,0.0027071,True
16,1,2,Fz,0.10385177,-0.09803151,0.11717528,0.5,0.5,"[0, 8]",1.0,True,0.00323087,0.00030001,0.0027071,True
16,1,3,F3,0.08777068,0.0277132,0.0944314,0.5,0.5,"[0, 8]",1.0,True,0.00323087,0.00030001,0.0027071,True
16,1,4,F4,0.09753284,0.01265002,0.10765949,0.5,0.5,"[0, 8]",1.0,True,0.00323087,0.00030001,0.0027071,True
16,1,5,F7,0.08425585,0.08167675,0.09781878,0.5,0.5,"[0, 8]",1.0,True,0.00323087,0.00030001,0.0027071,True
16,1,6,F8,0.07749207,-0.02905647,0.0784917,0.5,0.5,"[0, 8]",1.0,True,0.00323087,0.00030001,0.0027071,True
16,1,7,FCz,0.09923288,0.09923288,0.11446068,0.5,0.5,"[0, 8]",1.0,True,0.00323087,0.00030001,0.0027071,True
16,1,8,FC3,0.03084029,0.00602214,0.03746834,0.5,0.5,"[0, 8]",1.0,True,0.00323087,0.00030001,0.0027071,True
16,1,9,FC4,0.05789175,-0.05789175,0.07620241,0.5,0.5,"[0, 8]",1.0,True,0.00323087,0.00030001,0.0027071,True
16,1,10,FT7,0.09041978,-0.05837621,0.10404961,0.5,0.5,"[0, 8]",1.0,True,0.00323087,0.00030001,0.0027071,True
16,1,11,FT8,0.08009119,-0.0035378,0.09700155,0.5,0.5,"[0, 8]",1.0,True,0.00323087,0.00030001,0.0027071,True
16,1,12,Cz,0.07720223,0.07598364,0.09283416,0.5,0.5,"[0, 8]",1.0,True,0.00323087,0.00030001,0.0027071,True
16,1,13,C3,0.1153809,0.07251649,0.1175553,0.5,0.5,"[0, 8]",1.0,True,0.00323087,0.00030001,0.0027071,True
16,1,14,C4,0.08565488,-0.07497461,0.09605505,0.5,0.5,"[0, 8]",1.0,True,0.00323087,0.00030001,0.0027071,True
16,1,15,T3,0.12658478,0.12658478,0.13189285,0.5,0.5,"[0, 8]",1.0,True,0.00323087,0.00030001,0.0027071,True
16,1,16,T4,0.12238759,0.01331595,0.1347903,0.5,0.5,"[0, 8]",1.0,True,0.00323087,0.00030001,0.0027071,True
16,1,17,CP3,0.12097441,0.03309355,0.13945736,0.5,0.5,"[0, 8]",1.0,True,0.00323087,0.00030001,0.0027071,True
16,1,18,CP4,0.11108347,0.03450983,0.12773165,0.5,0.5,"[0, 8]",1.0,True,0.00323087,0.00030001,0.0027071,True
16,1,19,TP7,0.08457771,-0.01888149,0.09456446,0.5,0.5,"[0, 8]",1.0,True,0.00323087,0.00030001,0.0027071,True
16,1,20,TP8,0.08926948,-0.05946338,0.10848672,0.5,0.5,"[0, 8]",1.0,True,0.00323087,0.00030001,0.0027071,True
16,1,21,Pz,0.15288904,0.00658242,0.1530752,0.5,0.5,"[0, 8]",1.0,True,0.00323087,0.00030001,0.0027071,True
16,1,22,P3,0.10830744,0.10830744,0.11754786,0.5,0.5,"[0, 8]",1.0,True,0.00323087,0.00030001,0.0027071,True
16,1,23,P4,0.10466342,-0.0930153,0.11664271,0.5,0.5,"[0, 8]",1.0,True,0.00323087,0.00030001,0.0027071,True
16,1,24,T5,0.10500555,0.07313883,0.11427671,0.5,0.5,"[0, 8]",1.0,True,0.00323087,0.00030001,0.0027071,True
16,1,25,T6,0.08127549,-0.06265652,0.09257796,0.5,0.5,"[0, 8]",1.0,True,0.00323087,0.00030001,0.0027071,True
16,1,26,Oz,0.07762076,0.04211759,0.08004226,0.5,0.5,"[0, 8]",1.0,True,0.00323087,0.00030001,0.0027071,True
16,1,27,O1,0.12156213,0.05593304,0.13193539,0.5,0.5,"[0, 8]",1.0,True,0.00323087,0.00030001,0.0027071,True
16,1,28,O2,0.14429137,-0.02383954,0.14701726,0.5,0.5,"[0, 8]",1.0,True,0.00323087,0.00030001,0.0027071,True
16,2,0,Fp1,0.10950678,-0.09570125,0.12228575,0.5,0.5,"[0, 8]",1.0,True,0.00323098,0.00030001,0.0027072,True
16,2,1,Fp2,0.07795818,0.06131018,0.09550945,0.5,0.5,"[0, 8]",1.0,True,0.00323098,0.00030001,0.0027072,True
16,2,2,Fz,0.10385177,-0.09803151,0.11717528,0.5,0.5,"[0, 8]",1.0,True,0.00323098,0.00030001,0.0027072,True
16,2,3,F3,0.08777068,0.0277132,0.09455749,0.5,0.5,"[0, 8]",1.0,True,0.00323098,0.00030001,0.0027072,True
16,2,4,F4,0.09753284,0.01265002,0.10765948,0.5,0.5,"[0, 8]",1.0,True,0.00323098,0.00030001,0.0027072,True
16,2,5,F7,0.08395587,0.08167675,0.09766255,0.5,0.5,"[0, 8]",1.0,True,0.00323098,0.00030001,0.0027072,True
16,2,6,F8,0.0773421,-0.02920643,0.07830698,0.5,0.5,"[0, 8]",1.0,True,0.00323098,0.00030001,0.0027072,True
16,2,7,FCz,0.09923288,0.09923288,0.11446068,0.5,0.5,"[0, 8]",1.0,True,0.00323098,0.00030001,0.0027072,True
16,2,8,FC3,0.03129026,0.00617212,0.03790006,0.5,0.5,"[0, 8]",1.0,True,0.00323098,0.00030001,0.0027072,True
16,2,9,FC4,0.05774177,-0.05774177,0.07595851,0.5,0.5,"[0, 8]",1.0,True,0.00323098,0.00030001,0.0027072,True
16,2,10,FT7,0.09041978,-0.05837622,0.1040496,0.5,0.5,"[0, 8]",1.0,True,0.00323098,0.00030001,0.0027072,True
16,2,11,FT8,0.08009117,-0.00353779,0.09700155,0.5,0.5,"[0, 8]",1.0,True,0.00323098,0.00030001,0.0027072,True
16,2,12,Cz,0.07705224,0.07583366,0.09260237,0.5,0.5,"[0, 8]",1.0,True,0.00323098,0.00030001,0.0027072,True
16,2,13,C3,0.1152309,0.07266648,0.11742492,0.5,0.5,"[0, 8]",1.0,True,0.00323098,0.00030001,0.0027072,True
16,2,14,C4,0.08580486,-0.07512459,0.09616499,0.5,0.5,"[0, 8]",1.0,True,0.00323098,0.00030001,0.0027072,True
16,2,15,T3,0.12673476,0.12673476,0.13205807,0.5,0.5,"[0, 8]",1.0,True,0.00323098,0.00030001,0.0027072,True
16,2,16,T4,0.12223759,0.01316595,0.13469495,0.5,0.5,"[0, 8]",1.0,True,0.00323098,0.00030001,0.0027072,True
16,2,17,CP3,0.1209744,0.03309355,0.13945736,0.5,0.5,"[0, 8]",1.0,True,0.00323098,0.00030001,0.0027072,True
16,2,18,CP4,0.11123312,0.03465949,0.12783359,0.5,0.5,"[0, 8]",1.0,True,0.00323098,0.00030001,0.0027072,True
16,2,19,TP7,0.08457769,-0.01888147,0.09456445,0.5,0.5,"[0, 8]",1.0,True,0.00323098,0.00030001,0.0027072,True
16,2,20,TP8,0.08926946,-0.0594634,0.10848671,0.5,0.5,"[0, 8]",1.0,True,0.00323098,0.00030001,0.0027072,True
16,2,21,Pz,0.15288901,0.0065824,0.15307519,0.5,0.5,"[0, 8]",1.0,True,0.00323098,0.00030001,0.0027072,True
16,2,22,P3,0.10830744,0.10830744,0.11754786,0.5,0.5,"[0, 8]",1.0,True,0.00323098,0.00030001,0.0027072,True
16,2,23,P4,0.10451341,-0.09286531,0.11650194,0.5,0.5,"[0, 8]",1.0,True,0.00323098,0.00030001,0.0027072,True
16,2,24,T5,0.10500555,0.07313882,0.11427671,0.5,0.5,"[0, 8]",1.0,True,0.00323098,0.00030001,0.0027072,True
16,2,25,T6,0.08127549,-0.06265652,0.09257797,0.5,0.5,"[0, 8]",1.0,True,0.00323098,0.00030001,0.0027072,True
16,2,26,Oz,0.07762076,0.04211759,0.08004226,0.5,0.5,"[0, 8]",1.0,True,0.00323098,0.00030001,0.0027072,True
16,2,27,O1,0.12156213,0.05593304,0.13193539,0.5,0.5,"[0, 8]",1.0,True,0.00323098,0.00030001,0.0027072,True
16,2,28,O2,0.14414138,-0.02398954,0.14690946,0.5,0.5,"[0, 8]",1.0,True,0.00323098,0.00030001,0.0027072,True
16,3,0,Fp1,0.10995673,-0.09585118,0.12263334,0.5,0.5,"[0, 8]",1.0,True,0.00323091,0.00030001,0.00270713,True
16,3,1,Fp2,0.07795819,0.06161018,0.09552328,0.5,0.5,"[0, 8]",1.0,True,0.00323091,0.00030001,0.00270713,True
16,3,2,Fz,0.10385178,-0.09803152,0.11717531,0.5,0.5,"[0, 8]",1.0,True,0.00323091,0.00030001,0.00270713,True
16,3,3,F3,0.08777068,0.0277132,0.09455749,0.5,0.5,"[0, 8]",1.0,True,0.00323091,0.00030001,0.00270713,True
16,3,4,F4,0.09768283,0.01280002,0.10778803,0.5,0.5,"[0, 8]",1.0,True,0.00323091,0.00030001,0.00270713,True
16,3,5,F7,0.08410586,0.08152676,0.09767,0.5,0.5,"[0, 8]",1.0,True,0.00323091,0.00030001,0.00270713,True
16,3,6,F8,0.07779205,-0.02935644,0.07877913,0.5,0.5,"[0, 8]",1.0,True,0.00323091,0.00030001,0.00270713,True
16,3,7,FCz,0.0990829,0.0990829,0.11432616,0.5,0.5,"[0, 8]",1.0,True,0.00323091,0.00030001,0.00270713,True
16,3,8,FC3,0.03099026,0.00617211,0.0376402,0.5,0.5,"[0, 8]",1.0,True,0.00323091,0.00030001,0.00270713,True
16,3,9,FC4,0.05759179,-0.05759179,0.07592837,0.5,0.5,"[0, 8]",1.0,True,0.00323091,0.00030001,0.00270713,True
16,3,10,FT7,0.0904198,-0.05837623,0.10404961,0.5,0.5,"[0, 8]",1.0,True,0.00323091,0.00030001,0.00270713,True
16,3,11,FT8,0.0799412,-0.00368779,0.09696804,0.5,0.5,"[0, 8]",1.0,True,0.00323091,0.00030001,0.00270713,True
16,3,12,Cz,0.07705224,0.07583366,0.09260236,0.5,0.5,"[0, 8]",1.0,True,0.00323091,0.00030001,0.00270713,True
16,3,13,C3,0.11508091,0.0725165,0.11726163,0.5,0.5,"[0, 8]",1.0,True,0.00323091,0.00030001,0.00270713,True
16,3,14,C4,0.08565487,-0.0749746,0.09605505,0.5,0.5,"[0, 8]",1.0,True,0.00323091,0.00030001,0.00270713,True
16,3,15,T3,0.12658478,0.12658478,0.13186288,0.5,0.5,"[0, 8]",1.0,True,0.00323091,0.00030001,0.00270713,True
16,3,16,T4,0.12193764,0.013166,0.13443379,0.5,0.5,"[0, 8]",1.0,True,0.00323091,0.00030001,0.00270713,True
16,3,17,CP3,0.1211244,0.03324354,0.13959108,0.5,0.5,"[0, 8]",1.0,True,0.00323091,0.00030001,0.00270713,True
16,3,18,CP4,0.11093314,0.03465949,0.12763049,0.5,0.5,"[0, 8]",1.0,True,0.00323091,0.00030001,0.00270713,True
16,3,19,TP7,0.08412772,-0.01873149,0.09410919,0.5,0.5,"[0, 8]",1.0,True,0.00323091,0.00030001,0.00270713,True
16,3,20,TP8,0.08926943,-0.05946343,0.10845321,0.5,0.5,"[0, 8]",1.0,True,0.00323091,0.00030001,0.00270713,True
16,3,21,Pz,0.15303901,0.00673238,0.15323597,0.5,0.5,"[0, 8]",1.0,True,0.00323091,0.00030001,0.00270713,True
16,3,22,P3,0.10830741,0.10830741,0.11754784,0.5,0.5,"[0, 8]",1.0,True,0.00323091,0.00030001,0.00270713,True
16,3,23,P4,0.10466342,-0.09301531,0.11664271,0.5,0.5,"[0, 8]",1.0,True,0.00323091,0.00030001,0.00270713,True
16,3,24,T5,0.1048556,0.0729889,0.11420304,0.5,0.5,"[0, 8]",1.0,True,0.00323091,0.00030001,0.00270713,True
16,3,25,T6,0.08127549,-0.06265652,0.09257797,0.5,0.5,"[0, 8]",1.0,True,0.00323091,0.00030001,0.00270713,True
16,3,26,Oz,0.07747078,0.04196761,0.07984819,0.5,0.5,"[0, 8]",1.0,True,0.00323091,0.00030001,0.00270713,True
16,3,27,O1,0.12186212,0.05593304,0.13213119,0.5,0.5,"[0, 8]",1.0,True,0.00323091,0.00030001,0.00270713,True
16,3,28,O2,0.14414138,-0.02398953,0.14690946,0.5,0.5,"[0, 8]",1.0,True,0.00323091,0.00030001,0.00270713,True
16,4,0,Fp1,0.06653731,-0.03179508,0.08659504,0.5,0.5,"[2, 6]",0.75,False,0.73524196,0.1669739,0.61604924,True
16,4,1,Fp2,0.10239118,-0.01355632,0.1178382,0.5,0.5,"[2, 6]",0.75,False,0.73524196,0.1669739,0.61604924,True
16,4,2,Fz,0.12523933,-0.12523933,0.16091578,0.5,0.5,"[2, 6]",0.75,False,0.73524196,0.1669739,0.61604924,True
16,4,3,F3,0.07365324,0.02729034,0.08242468,0.5,0.5,"[2, 6]",0.75,False,0.73524196,0.1669739,0.61604924,True
16,4,4,F4,0.08241493,0.01143467,0.10054499,0.5,0.5,"[2, 6]",0.75,False,0.73524196,0.1669739,0.61604924,True
16,4,5,F7,0.11614203,0.09354687,0.12725995,0.5,0.5,"[2, 6]",0.75,False,0.73524196,0.1669739,0.61604924,True
16,4,6,F8,0.05026986,0.05026986,0.05966096,0.5,0.5,"[2, 6]",0.75,False,0.73524196,0.1669739,0.61604924,True
16,4,7,FCz,0.11173051,0.07872779,0.12665552,0.5,0.5,"[2, 6]",0.75,False,0.73524196,0.1669739,0.61604924,True
16,4,8,FC3,0.07094143,-0.0498108,0.09345844,0.5,0.5,"[2, 6]",0.75,False,0.73524196,0.1669739,0.61604924,True
16,4,9,FC4,0.05401275,-0.02354135,0.08060674,0.5,0.5,"[2, 6]",0.75,False,0.73524196,0.1669739,0.61604924,True
16,4,10,FT7,0.09245815,-0.00181314,0.10736579,0.5,0.5,"[2, 6]",0.75,False,0.73524196,0.1669739,0.61604924,True
16,4,11,FT8,0.13580598,0.04310197,0.14378764,0.5,0.5,"[2, 6]",0.75,False,0.73524196,0.1669739,0.61604924,True
16,4,12,Cz,0.09797746,0.0677148,0.10974643,0.5,0.5,"[2, 6]",0.75,False,0.73524196,0.1669739,0.61604924,True
16,4,13,C3,0.06086559,0.01090675,0.0656592,0.5,0.5,"[2, 6]",0.75,False,0.73524196,0.1669739,0.61604924,True
16,4,14,C4,0.11933921,-0.10143627,0.13768858,0.5,0.5,"[2, 6]",0.75,False,0.73524196,0.1669739,0.61604924,True
16,4,15,T3,0.05004793,0.04281919,0.05691452,0.5,0.5,"[2, 6]",0.75,False,0.73524196,0.1669739,0.61604924,True
16,4,16,T4,0.07505974,0.03998882,0.09121866,0.5,0.5,"[2, 6]",0.75,False,0.73524196,0.1669739,0.61604924,True
16,4,17,CP3,0.12176175,0.01371798,0.13823819,0.5,0.5,"[2, 6]",0.75,False,0.73524196,0.1669739,0.61604924,True
16,4,18,CP4,0.14183137,0.0174046,0.1677914,0.5,0.5,"[2, 6]",0.75,False,0.73524196,0.1669739,0.61604924,True
16,4,19,TP7,0.09934425,-0.04603694,0.11519106,0.5,0.5,"[2, 6]",0.75,False,0.73524196,0.1669739,0.61604924,True
16,4,20,TP8,0.12256217,-0.00686613,0.13258481,0.5,0.5,"[2, 6]",0.75,False,0.73524196,0.1669739,0.61604924,True
16,4,21,Pz,0.1447884,-0.02049102,0.15303864,0.5,0.5,"[2, 6]",0.75,False,0.73524196,0.1669739,0.61604924,True
16,4,22,P3,0.0729784,0.07073653,0.08535254,0.5,0.5,"[2, 6]",0.75,False,0.73524196,0.1669739,0.61604924,True
16,4,23,P4,0.11190613,-0.1042016,0.15094449,0.5,0.5,"[2, 6]",0.75,False,0.73524196,0.1669739,0.61604924,True
16,4,24,T5,0.10260577,0.10260577,0.12745044,0.5,0.5,"[2, 6]",0.75,False,0.73524196,0.1669739,0.61604924,True
16,4,25,T6,0.08971404,-0.03757923,0.10379231,0.5,0.5,"[2, 6]",0.75,False,0.73524196,0.1669739,0.61604924,True
16,4,26,Oz,0.07715297,0.04093631,0.0978955,0.5,0.5,"[2, 6]",0.75,False,0.73524196,0.1669739,0.61604924,True
16,4,27,O1,0.10417198,0.03772581,0.11422897,0.5,0.5,"[2, 6]",0.75,False,0.73524196,0.1669739,0.61604924,True
16,4,28,O2,0.14485973,0.0012204,0.14717975,0.5,0.5,"[2, 6]",0.75,False,0.73524196,0.1669739,0.61604924,True
16,5,0,Fp1,0.10950675,-0.09570121,0.1222857,0.5,0.5,"[0, 8]",1.0,True,0.00323096,0.00030001,0.00270718,True
16,5,1,Fp2,0.07780819,0.06116018,0.09540657,0.5,0.5,"[0, 8]",1.0,True,0.00323096,0.00030001,0.00270718,True
16,5,2,Fz,0.10385177,-0.09803151,0.11717529,0.5,0.5,"[0, 8]",1.0,True,0.00323096,0.00030001,0.00270718,True
16,5,3,F3,0.08762068,0.02756321,0.09436,0.5,0.5,"[0, 8]",1.0,True,0.00323096,0.00030001,0.00270718,True
16,5,4,F4,0.09723284,0.01235003,0.10748133,0.5,0.5,"[0, 8]",1.0,True,0.00323096,0.00030001,0.00270718,True
16,5,5,F7,0.08395587,0.08167676,0.09758609,0.5,0.5,"[0, 8]",1.0,True,0.00323096,0.00030001,0.00270718,True
16,5,6,F8,0.07749209,-0.02935643,0.07845811,0.5,0.5,"[0, 8]",1.0,True,0.00323096,0.00030001,0.00270718,True
16,5,7,FCz,0.09923288,0.09923288,0.11446068,0.5,0.5,"[0, 8]",1.0,True,0.00323096,0.00030001,0.00270718,True
16,5,8,FC3,0.03099027,0.00617212,0.03748643,0.5,0.5,"[0, 8]",1.0,True,0.00323096,0.00030001,0.00270718,True
16,5,9,FC4,0.05804175,-0.05804175,0.07621269,0.5,0.5,"[0, 8]",1.0,True,0.00323096,0.00030001,0.00270718,True
16,5,10,FT7,0.09026979,-0.05822622,0.10379093,0.5,0.5,"[0, 8]",1.0,True,0.00323096,0.00030001,0.00270718,True
16,5,11,FT8,0.0797912,-0.00353781,0.09692366,0.5,0.5,"[0, 8]",1.0,True,0.00323096,0.00030001,0.00270718,True
16,5,12,Cz,0.07720224,0.07598365,0.09283417,0.5,0.5,"[0, 8]",1.0,True,0.00323096,0.00030001,0.00270718,True
16,5,13,C3,0.1153809,0.07281648,0.11760929,0.5,0.5,"[0, 8]",1.0,True,0.00323096,0.00030001,0.00270718,True
16,5,14,C4,0.08565485,-0.07527457,0.09613549,0.5,0.5,"[0, 8]",1.0,True,0.00323096,0.00030001,0.00270718,True
16,5,15,T3,0.12658478,0.12658478,0.13183141,0.5,0.5,"[0, 8]",1.0,True,0.00323096,0.00030001,0.00270718,True
16,5,16,T4,0.1219376,0.01316595,0.13430071,0.5,0.5,"[0, 8]",1.0,True,0.00323096,0.00030001,0.00270718,True
16,5,17,CP3,0.12112439,0.03324354,0.13959108,0.5,0.5,"[0, 8]",1.0,True,0.00323096,0.00030001,0.00270718,True
16,5,18,CP4,0.11108314,0.03450949,0.12781,0.5,0.5,"[0, 8]",1.0,True,0.00323096,0.00030001,0.00270718,True
16,5,19,TP7,0.08457773,-0.01858152,0.09440055,0.5,0.5,"[0, 8]",1.0,True,0.00323096,0.00030001,0.00270718,True
16,5,20,TP8,0.08941945,-0.0593134,0.10851118,0.5,0.5,"[0, 8]",1.0,True,0.00323096,0.00030001,0.00270718,True
16,5,21,Pz,0.152889,0.00688238,0.15308161,0.5,0.5,"[0, 8]",1.0,True,0.00323096,0.00030001,0.00270718,True
16,5,22,P3,0.10845739,0.10845739,0.11764505,0.5,0.5,"[0, 8]",1.0,True,0.00323096,0.00030001,0.00270718,True
16,5,23,P4,0.10481341,-0.09286531,0.11667305,0.5,0.5,"[0, 8]",1.0,True,0.00323096,0.00030001,0.00270718,True
16,5,24,T5,0.10515554,0.07328883,0.11446788,0.5,0.5,"[0, 8]",1.0,True,0.00323096,0.00030001,0.00270718,True
16,5,25,T6,0.08127549,-0.06265652,0.09257797,0.5,0.5,"[0, 8]",1.0,True,0.00323096,0.00030001,0.00270718,True
16,5,26,Oz,0.07777075,0.04226759,0.0801372,0.5,0.5,"[0, 8]",1.0,True,0.00323096,0.00030001,0.00270718,True
16,5,27,O1,0.12171217,0.05608308,0.13208547,0.5,0.5,"[0, 8]",1.0,True,0.00323096,0.00030001,0.00270718,True
16,5,28,O2,0.14429137,-0.02383954,0.14704752,0.5,0.5,"[0, 8]",1.0,True,0.00323096,0.00030001,0.00270718,True
17,1,0,Fp1,0.09288628,-0.08977503,0.11734521,0.375,0.375,"[7, 1]",0.875,False,0.59242002,0.128367,0.49638068,True
17,1,1,Fp2,0.1189698,0.08902133,0.12530822,0.375,0.375,"[7, 1]",0.875,False,0.59242002,0.128367,0.49638068,True
17,1,2,Fz,0.15620418,-0.15620418,0.16441223,0.375,0.375,"[7, 1]",0.875,False,0.59242002,0.128367,0.49638068,True
17,1,3,F3,0.06936463,0.0244273,0.08213342,0.375,0.375,"[7, 1]",0.875,False,0.59242002,0.128367,0.49638068,True
17,1,4,F4,0.04883792,-0.00581199,0.0624406,0.375,0.375,"[7, 1]",0.875,False,0.59242002,0.128367,0.49638068,True
17,1,5,F7,0.05668212,0.03674502,0.08847581,0.375,0.375,"[7, 1]",0.875,False,0.59242002,0.128367,0.49638068,True
17,1,6,F8,0.05488503,0.03976869,0.06336571,0.375,0.375,"[7, 1]",0.875,False,0.59242002,0.128367,0.49638068,True
17,1,7,FCz,0.1025162,0.1025162,0.11696556,0.375,0.375,"[7, 1]",0.875,False,0.59242002,0.128367,0.49638068,True
17,1,8,FC3,0.07417968,0.04584803,0.07898626,0.375,0.375,"[7, 1]",0.875,False,0.59242002,0.128367,0.49638068,True
17,1,9,FC4,0.0791703,-0.0791703,0.0940836,0.375,0.375,"[7, 1]",0.875,False,0.59242002,0.128367,0.49638068,True
17,1,10,FT7,0.05526963,-0.04028621,0.05934362,0.375,0.375,"[7, 1]",0.875,False,0.59242002,0.128367,0.49638068,True
17,1,11,FT8,0.07804094,0.03614348,0.07841393,0.375,0.375,"[7, 1]",0.875,False,0.59242002,0.128367,0.49638068,True
17,1,12,Cz,0.11625304,0.11625304,0.12606448,0.375,0.375,"[7, 1]",0.875,False,0.59242002,0.128367,0.49638068,True
17,1,13,C3,0.10554127,0.06966284,0.10797288,0.375,0.375,"[7, 1]",0.875,False,0.59242002,0.128367,0.49638068,True
17,1,14,C4,0.14666691,-0.14666691,0.17335092,0.375,0.375,"[7, 1]",0.875,False,0.59242002,0.128367,0.49638068,True
17,1,15,T3,0.13289483,0.13289483,0.13680752,0.375,0.375,"[7, 1]",0.875,False,0.59242002,0.128367,0.49638068,True
17,1,16,T4,0.08157387,0.01864085,0.09235214,0.375,0.375,"[7, 1]",0.875,False,0.59242002,0.128367,0.49638068,True
17,1,17,CP3,0.08657957,0.00772905,0.09681821,0.375,0.375,"[7, 1]",0.875,False,0.59242002,0.128367,0.49638068,True
17,1,18,CP4,0.16633485,0.1082933,0.17742857,0.375,0.375,"[7, 1]",0.875,False,0.59242002,0.128367,0.49638068,True
17,1,19,TP7,0.07899895,0.01057409,0.09134579,0.375,0.375,"[7, 1]",0.875,False,0.59242002,0.128367,0.49638068,True
17,1,20,TP8,0.09267762,-0.06661727,0.1033612,0.375,0.375,"[7, 1]",0.875,False,0.59242002,0.128367,0.49638068,True
17,1,21,Pz,0.12026698,-0.02010795,0.12578173,0.375,0.375,"[7, 1]",0.875,False,0.59242002,0.128367,0.49638068,True
17,1,22,P3,0.09673397,0.09673397,0.10182441,0.375,0.375,"[7, 1]",0.875,False,0.59242002,0.128367,0.49638068,True
17,1,23,P4,0.10829069,-0.10829069,0.12226003,0.375,0.375,"[7, 1]",0.875,False,0.59242002,0.128367,0.49638068,True
17,1,24,T5,0.05991544,0.00792256,0.06511257,0.375,0.375,"[7, 1]",0.875,False,0.59242002,0.128367,0.49638068,True
17,1,25,T6,0.03756827,-0.02119803,0.04483296,0.375,0.375,"[7, 1]",0.875,False,0.59242002,0.128367,0.49638068,True
17,1,26,Oz,0.08177159,-0.01641167,0.10290971,0.375,0.375,"[7, 1]",0.875,False,0.59242002,0.128367,0.49638068,True
17,1,27,O1,0.07815958,0.0305173,0.09163148,0.375,0.375,"[7, 1]",0.875,False,0.59242002,0.128367,0.49638068,True
17,1,28,O2,0.1334765,-0.03454815,0.13853103,0.375,0.375,"[7, 1]",0.875,False,0.59242002,0.128367,0.49638068,True
17,2,0,Fp1,0.10980675,-0.0957012,0.12251919,0.5,0.5,"[0, 8]",1.0,True,0.00323096,0.00030001,0.00270718,True
17,2,1,Fp2,0.07780819,0.06146018,0.09525443,0.5,0.5,"[0, 8]",1.0,True,0.00323096,0.00030001,0.00270718,True
17,2,2,Fz,0.10400175,-0.09818149,0.11735865,0.5,0.5,"[0, 8]",1.0,True,0.00323096,0.00030001,0.00270718,True
17,2,3,F3,0.08807067,0.0277132,0.09481943,0.5,0.5,"[0, 8]",1.0,True,0.00323096,0.00030001,0.00270718,True
17,2,4,F4,0.09768284,0.01250003,0.10796414,0.5,0.5,"[0, 8]",1.0,True,0.00323096,0.00030001,0.00270718,True
17,2,5,F7,0.08425584,0.08197673,0.09795296,0.5,0.5,"[0, 8]",1.0,True,0.00323096,0.00030001,0.00270718,True
17,2,6,F8,0.07749207,-0.02905646,0.0785228,0.5,0.5,"[0, 8]",1.0,True,0.00323096,0.00030001,0.00270718,True
17,2,7,FCz,0.09893288,0.09893288,0.11421797,0.5,0.5,"[0, 8]",1.0,True,0.00323096,0.00030001,0.00270718,True
17,2,8,FC3,0.03099023,0.00617208,0.03768387,0.5,0.5,"[0, 8]",1.0,True,0.00323096,0.00030001,0.00270718,True
17,2,9,FC4,0.05819174,-0.05819174,0.07638441,0.5,0.5,"[0, 8]",1.0,True,0.00323096,0.00030001,0.00270718,True
17,2,10,FT7,0.09026979,-0.05822622,0.10396315,0.5,0.5,"[0, 8]",1.0,True,0.00323096,0.00030001,0.00270718,True
17,2,11,FT8,0.0797912,-0.0035378,0.09692364,0.5,0.5,"[0, 8]",1.0,True,0.00323096,0.00030001,0.00270718,True
17,2,12,Cz,0.07705224,0.07553366,0.09244725,0.5,0.5,"[0, 8]",1.0,True,0.00323096,0.00030001,0.00270718,True
17,2,13,C3,0.11493091,0.07236649,0.11712941,0.5,0.5,"[0, 8]",1.0,True,0.00323096,0.00030001,0.00270718,True
17,2,14,C4,0.08580486,-0.0754246,0.09632953,0.5,0.5,"[0, 8]",1.0,True,0.00323096,0.00030001,0.00270718,True
17,2,15,T3,0.12658478,0.12658478,0.13189285,0.5,0.5,"[0, 8]",1.0,True,0.00323096,0.00030001,0.00270718,True
17,2,16,T4,0.12193759,0.01316595,0.13430071,0.5,0.5,"[0, 8]",1.0,True,0.00323096,0.00030001,0.00270718,True
17,2,17,CP3,0.12097441,0.03279355,0.13926747,0.5,0.5,"[0, 8]",1.0,True,0.00323096,0.00030001,0.00270718,True
17,2,18,CP4,0.11093312,0.03435948,0.12751547,0.5,0.5,"[0, 8]",1.0,True,0.00323096,0.00030001,0.00270718,True
17,2,19,TP7,0.08427772,-0.01888148,0.09435537,0.5,0.5,"[0, 8]",1.0,True,0.00323096,0.00030001,0.00270718,True
17,2,20,TP8,0.08896947,-0.0594634,0.10819638,0.5,0.5,"[0, 8]",1.0,True,0.00323096,0.00030001,0.00270718,True
17,2,21,Pz,0.15303901,0.00673238,0.15323111,0.5,0.5,"[0, 8]",1.0,True,0.00323096,0.00030001,0.00270718,True
17,2,22,P3,0.10815742,0.10815742,0.11733379,0.5,0.5,"[0, 8]",1.0,True,0.00323096,0.00030001,0.00270718,True
17,2,23,P4,0.10481342,-0.09316532,0.11686993,0.5,0.5,"[0, 8]",1.0,True,0.00323096,0.00030001,0.00270718,True
17,2,24,T5,0.10500555,0.07313883,0.11440593,0.5,0.5,"[0, 8]",1.0,True,0.00323096,0.00030001,0.00270718,True
17,2,25,T6,0.08112551,-0.06250653,0.09237628,0.5,0.5,"[0, 8]",1.0,True,0.00323096,0.00030001,0.00270718,True
17,2,26,Oz,0.07777061,0.04226743,0.08010376,0.5,0.5,"[0, 8]",1.0,True,0.00323096,0.00030001,0.00270718,True
17,2,27,O1,0.12201212,0.05608303,0.13228098,0.5,0.5,"[0, 8]",1.0,True,0.00323096,0.00030001,0.00270718,True
17,2,28,O2,0.14399138,-0.02383953,0.14672215,0.5,0.5,"[0, 8]",1.0,True,0.00323096,0.00030001,0.00270718,True
17,3,0,Fp1,0.10950674,-0.0957012,0.12228569,0.375,0.375,"[1, 7]",0.875,False,0.00322799,0.00030001,0.00270469,True
17,3,1,Fp2,0.07810818,0.06146019,0.09557508,0.375,0.375,"[1, 7]",0.875,False,0.00322799,0.00030001,0.00270469,True
17,3,2,Fz,0.10415175,-0.09833149,0.11750928,0.375,0.375,"[1, 7]",0.875,False,0.00322799,0.00030001,0.00270469,True
17,3,3,F3,0.08777068,0.0277132,0.0944314,0.375,0.375,"[1, 7]",0.875,False,0.00322799,0.00030001,0.00270469,True
17,3,4,F4,0.09753284,0.01265002,0.10765949,0.375,0.375,"[1, 7]",0.875,False,0.00322799,0.00030001,0.00270469,True
17,3,5,F7,0.08425587,0.08197674,0.09795298,0.375,0.375,"[1, 7]",0.875,False,0.00322799,0.00030001,0.00270469,True
17,3,6,F8,0.07749204,-0.02905645,0.07852276,0.375,0.375,"[1, 7]",0.875,False,0.00322799,0.00030001,0.00270469,True
17,3,7,FCz,0.09908288,0.09908288,0.11423424,0.375,0.375,"[1, 7]",0.875,False,0.00322799,0.00030001,0.00270469,True
17,3,8,FC3,0.03099027,0.00617212,0.0376402,0.375,0.375,"[1, 7]",0.875,False,0.00322799,0.00030001,0.00270469,True
17,3,9,FC4,0.05804174,-0.05804174,0.07637416,0.375,0.375,"[1, 7]",0.875,False,0.00322799,0.00030001,0.00270469,True
17,3,10,FT7,0.09026979,-0.05822622,0.10396315,0.375,0.375,"[1, 7]",0.875,False,0.00322799,0.00030001,0.00270469,True
17,3,11,FT8,0.08024119,-0.00368779,0.09738479,0.375,0.375,"[1, 7]",0.875,False,0.00322799,0.00030001,0.00270469,True
17,3,12,Cz,0.07690224,0.07568365,0.0924428,0.375,0.375,"[1, 7]",0.875,False,0.00322799,0.00030001,0.00270469,True
17,3,13,C3,0.11508957,0.07252516,0.11730355,0.375,0.375,"[1, 7]",0.875,False,0.00322799,0.00030001,0.00270469,True
17,3,14,C4,0.08595486,-0.0752746,0.09636231,0.375,0.375,"[1, 7]",0.875,False,0.00322799,0.00030001,0.00270469,True
17,3,15,T3,0.12658478,0.12658478,0.13186289,0.375,0.375,"[1, 7]",0.875,False,0.00322799,0.00030001,0.00270469,True
17,3,16,T4,0.12208759,0.01301595,0.1344886,0.375,0.375,"[1, 7]",0.875,False,0.00322799,0.00030001,0.00270469,True
17,3,17,CP3,0.12127438,0.03279353,0.1396469,0.375,0.375,"[1, 7]",0.875,False,0.00322799,0.00030001,0.00270469,True
17,3,18,CP4,0.11093313,0.03435949,0.12770779,0.375,0.375,"[1, 7]",0.875,False,0.00322799,0.00030001,0.00270469,True
17,3,19,TP7,0.08457771,-0.01888149,0.09456446,0.375,0.375,"[1, 7]",0.875,False,0.00322799,0.00030001,0.00270469,True
17,3,20,TP8,0.08926946,-0.0594634,0.10848671,0.375,0.375,"[1, 7]",0.875,False,0.00322799,0.00030001,0.00270469,True
17,3,21,Pz,0.15288901,0.00658239,0.15307519,0.375,0.375,"[1, 7]",0.875,False,0.00322799,0.00030001,0.00270469,True
17,3,22,P3,0.10800745,0.10800745,0.11730668,0.375,0.375,"[1, 7]",0.875,False,0.00322799,0.00030001,0.00270469,True
17,3,23,P4,0.10481345,-0.09316535,0.11679733,0.375,0.375,"[1, 7]",0.875,False,0.00322799,0.00030001,0.00270469,True
17,3,24,T5,0.10500555,0.07313883,0.11427672,0.375,0.375,"[1, 7]",0.875,False,0.00322799,0.00030001,0.00270469,True
17,3,25,T6,0.08097549,-0.06235652,0.0923141,0.375,0.375,"[1, 7]",0.875,False,0.00322799,0.00030001,0.00270469,True
17,3,26,Oz,0.07762076,0.04211759,0.08004226,0.375,0.375,"[1, 7]",0.875,False,0.00322799,0.00030001,0.00270469,True
17,3,27,O1,0.12156212,0.05593303,0.13193537,0.375,0.375,"[1, 7]",0.875,False,0.00322799,0.00030001,0.00270469,True
17,3,28,O2,0.14429137,-0.02383954,0.14701726,0.375,0.375,"[1, 7]",0.875,False,0.00322799,0.00030001,0.00270469,True
17,4,0,Fp1,0.10995673,-0.0958512,0.12270929,0.5,0.5,"[0, 8]",1.0,True,0.00323088,0.00030001,0.00270711,True
17,4,1,Fp2,0.07780819,0.06146018,0.09542041,0.5,0.5,"[0, 8]",1.0,True,0.00323088,0.00030001,0.00270711,True
17,4,2,Fz,0.10430173,-0.09848147,0.11769213,0.5,0.5,"[0, 8]",1.0,True,0.00323088,0.00030001,0.00270711,True
17,4,3,F3,0.08777047,0.02771298,0.09443127,0.5,0.5,"[0, 8]",1.0,True,0.00323088,0.00030001,0.00270711,True
17,4,4,F4,0.09738284,0.01250002,0.1075419,0.5,0.5,"[0, 8]",1.0,True,0.00323088,0.00030001,0.00270711,True
17,4,5,F7,0.0841058,0.08182669,0.09780434,0.5,0.5,"[0, 8]",1.0,True,0.00323088,0.00030001,0.00270711,True
17,4,6,F8,0.07734207,-0.02920646,0.0783381,0.5,0.5,"[0, 8]",1.0,True,0.00323088,0.00030001,0.00270711,True
17,4,7,FCz,0.09908289,0.09908289,0.11423424,0.5,0.5,"[0, 8]",1.0,True,0.00323088,0.00030001,0.00270711,True
17,4,8,FC3,0.03084028,0.00602213,0.03742437,0.5,0.5,"[0, 8]",1.0,True,0.00323088,0.00030001,0.00270711,True
17,4,9,FC4,0.05789175,-0.05789175,0.07620241,0.5,0.5,"[0, 8]",1.0,True,0.00323088,0.00030001,0.00270711,True
17,4,10,FT7,0.09026979,-0.05822622,0.10396315,0.5,0.5,"[0, 8]",1.0,True,0.00323088,0.00030001,0.00270711,True
17,4,11,FT8,0.08009119,-0.0035378,0.09734061,0.5,0.5,"[0, 8]",1.0,True,0.00323088,0.00030001,0.00270711,True
17,4,12,Cz,0.07705224,0.07583365,0.09267501,0.5,0.5,"[0, 8]",1.0,True,0.00323088,0.00030001,0.00270711,True
17,4,13,C3,0.1153809,0.07251649,0.1175865,0.5,0.5,"[0, 8]",1.0,True,0.00323088,0.00030001,0.00270711,True
17,4,14,C4,0.08580488,-0.07512461,0.096165,0.5,0.5,"[0, 8]",1.0,True,0.00323088,0.00030001,0.00270711,True
17,4,15,T3,0.12673478,0.12673478,0.13205807,0.5,0.5,"[0, 8]",1.0,True,0.00323088,0.00030001,0.00270711,True
17,4,16,T4,0.12208758,0.01301595,0.1344886,0.5,0.5,"[0, 8]",1.0,True,0.00323088,0.00030001,0.00270711,True
17,4,17,CP3,0.12112439,0.03294355,0.13963905,0.5,0.5,"[0, 8]",1.0,True,0.00323088,0.00030001,0.00270711,True
17,4,18,CP4,0.11093311,0.03465946,0.12755176,0.5,0.5,"[0, 8]",1.0,True,0.00323088,0.00030001,0.00270711,True
17,4,19,TP7,0.08442771,-0.01873149,0.09431884,0.5,0.5,"[0, 8]",1.0,True,0.00323088,0.00030001,0.00270711,True
17,4,20,TP8,0.08881947,-0.05931341,0.1080173,0.5,0.5,"[0, 8]",1.0,True,0.00323088,0.00030001,0.00270711,True
17,4,21,Pz,0.15303904,0.0067324,0.1532225,0.5,0.5,"[0, 8]",1.0,True,0.00323088,0.00030001,0.00270711,True
17,4,22,P3,0.10815744,0.10815744,0.11740409,0.5,0.5,"[0, 8]",1.0,True,0.00323088,0.00030001,0.00270711,True
17,4,23,P4,0.10481343,-0.09316532,0.11686993,0.5,0.5,"[0, 8]",1.0,True,0.00323088,0.00030001,0.00270711,True
17,4,24,T5,0.10515553,0.07358881,0.11458735,0.5,0.5,"[0, 8]",1.0,True,0.00323088,0.00030001,0.00270711,True
17,4,25,T6,0.0809755,-0.06235652,0.09231411,0.5,0.5,"[0, 8]",1.0,True,0.00323088,0.00030001,0.00270711,True
17,4,26,Oz,0.07732078,0.0421176,0.07971524,0.5,0.5,"[0, 8]",1.0,True,0.00323088,0.00030001,0.00270711,True
17,4,27,O1,0.12186212,0.05593304,0.13229263,0.5,0.5,"[0, 8]",1.0,True,0.00323088,0.00030001,0.00270711,True
17,4,28,O2,0.14384142,-0.02368955,0.14656638,0.5,0.5,"[0, 8]",1.0,True,0.00323088,0.00030001,0.00270711,True
17,5,0,Fp1,0.10740407,-0.08651611,0.11805917,0.625,0.625,"[1, 7]",0.875,False,0.13593478,0.02094373,0.11389791,True
17,5,1,Fp2,0.07632199,0.0694852,0.10057668,0.625,0.625,"[1, 7]",0.875,False,0.13593478,0.02094373,0.11389791,True
17,5,2,Fz,0.11185452,-0.09656641,0.12149776,0.625,0.625,"[1, 7]",0.875,False,0.13593478,0.02094373,0.11389791,True
17,5,3,F3,0.09140478,0.03949146,0.0972375,0.625,0.625,"[1, 7]",0.875,False,0.13593478,0.02094373,0.11389791,True
17,5,4,F4,0.09993435,0.02411452,0.10501957,0.625,0.625,"[1, 7]",0.875,False,0.13593478,0.02094373,0.11389791,True
17,5,5,F7,0.08882533,0.08882533,0.10406179,0.625,0.625,"[1, 7]",0.875,False,0.13593478,0.02094373,0.11389791,True
17,5,6,F8,0.06971382,-0.01706805,0.07293483,0.625,0.625,"[1, 7]",0.875,False,0.13593478,0.02094373,0.11389791,True
17,5,7,FCz,0.1039142,0.1039142,0.11557543,0.625,0.625,"[1, 7]",0.875,False,0.13593478,0.02094373,0.11389791,True
17,5,8,FC3,0.03548,0.01778764,0.03876843,0.625,0.625,"[1, 7]",0.875,False,0.13593478,0.02094373,0.11389791,True
17,5,9,FC4,0.05888558,-0.05333849,0.07469069,0.625,0.625,"[1, 7]",0.875,False,0.13593478,0.02094373,0.11389791,True
17,5,10,FT7,0.08565792,-0.05836757,0.10828587,0.625,0.625,"[1, 7]",0.875,False,0.13593478,0.02094373,0.11389791,True
17,5,11,FT8,0.07327248,-0.00354007,0.08958807,0.625,0.625,"[1, 7]",0.875,False,0.13593478,0.02094373,0.11389791,True
17,5,12,Cz,0.07694169,0.07022234,0.08805335,0.625,0.625,"[1, 7]",0.875,False,0.13593478,0.02094373,0.11389791,True
17,5,13,C3,0.11861518,0.07810574,0.12317503,0.625,0.625,"[1, 7]",0.875,False,0.13593478,0.02094373,0.11389791,True
17,5,14,C4,0.10226543,-0.0838779,0.11167913,0.625,0.625,"[1, 7]",0.875,False,0.13593478,0.02094373,0.11389791,True
17,5,15,T3,0.12037841,0.12037841,0.12774998,0.625,0.625,"[1, 7]",0.875,False,0.13593478,0.02094373,0.11389791,True
17,5,16,T4,0.12265398,-0.00127553,0.13329576,0.625,0.625,"[1, 7]",0.875,False,0.13593478,0.02094373,0.11389791,True
17,5,17,CP3,0.11868177,0.01960272,0.13572322,0.625,0.625,"[1, 7]",0.875,False,0.13593478,0.02094373,0.11389791,True
17,5,18,CP4,0.09850372,0.02318734,0.11830095,0.625,0.625,"[1, 7]",0.875,False,0.13593478,0.02094373,0.11389791,True
17,5,19,TP7,0.08557029,-0.02132896,0.09764902,0.625,0.625,"[1, 7]",0.875,False,0.13593478,0.02094373,0.11389791,True
17,5,20,TP8,0.0814102,-0.06646844,0.10688885,0.625,0.625,"[1, 7]",0.875,False,0.13593478,0.02094373,0.11389791,True
17,5,21,Pz,0.14885464,-0.00488681,0.14907278,0.625,0.625,"[1, 7]",0.875,False,0.13593478,0.02094373,0.11389791,True
17,5,22,P3,0.09583384,0.09583384,0.10615641,0.625,0.625,"[1, 7]",0.875,False,0.13593478,0.02094373,0.11389791,True
17,5,23,P4,0.10777126,-0.10264011,0.12435172,0.625,0.625,"[1, 7]",0.875,False,0.13593478,0.02094373,0.11389791,True
17,5,24,T5,0.10429321,0.06461097,0.11239799,0.625,0.625,"[1, 7]",0.875,False,0.13593478,0.02094373,0.11389791,True
17,5,25,T6,0.08668835,-0.07051463,0.09879063,0.625,0.625,"[1, 7]",0.875,False,0.13593478,0.02094373,0.11389791,True
17,5,26,Oz,0.07832806,0.03464484,0.07935849,0.625,0.625,"[1, 7]",0.875,False,0.13593478,0.02094373,0.11389791,True
17,5,27,O1,0.12006527,0.04899837,0.13050659,0.625,0.625,"[1, 7]",0.875,False,0.13593478,0.02094373,0.11389791,True
17,5,28,O2,0.14932021,-0.03197881,0.15413766,0.625,0.625,"[1, 7]",0.875,False,0.13593478,0.02094373,0.11389791,True
18,1,0,Fp1,0.01937684,0.00604967,0.02206242,1.0,1.0,"[4, 4]",0.5,False,1.50537432,0.39741963,1.26133268,True
18,1,1,Fp2,0.02885713,0.00994573,0.03169329,1.0,1.0,"[4, 4]",0.5,False,1.50537432,0.39741963,1.26133268,True
18,1,2,Fz,0.13434565,-0.07682442,0.15658025,1.0,1.0,"[4, 4]",0.5,False,1.50537432,0.39741963,1.26133268,True
18,1,3,F3,0.02432735,-0.01268584,0.0384543,1.0,1.0,"[4, 4]",0.5,False,1.50537432,0.39741963,1.26133268,True
18,1,4,F4,0.05190256,0.01485202,0.05537276,1.0,1.0,"[4, 4]",0.5,False,1.50537432,0.39741963,1.26133268,True
18,1,5,F7,0.02105595,-0.00633541,0.02671079,1.0,1.0,"[4, 4]",0.5,False,1.50537432,0.39741963,1.26133268,True
18,1,6,F8,0.02545914,-0.00340749,0.03192855,1.0,1.0,"[4, 4]",0.5,False,1.50537432,0.39741963,1.26133268,True
18,1,7,FCz,0.13003871,0.13003871,0.16070823,1.0,1.0,"[4, 4]",0.5,False,1.50537432,0.39741963,1.26133268,True
18,1,8,FC3,0.08873489,-0.08536379,0.11562841,1.0,1.0,"[4, 4]",0.5,False,1.50537432,0.39741963,1.26133268,True
18,1,9,FC4,0.05290008,0.01893213,0.06795166,1.0,1.0,"[4, 4]",0.5,False,1.50537432,0.39741963,1.26133268,True
18,1,10,FT7,0.04569154,-0.04569154,0.04881317,1.0,1.0,"[4, 4]",0.5,False,1.50537432,0.39741963,1.26133268,True
18,1,11,FT8,0.17611891,0.00551084,0.19776124,1.0,1.0,"[4, 4]",0.5,False,1.50537432,0.39741963,1.26133268,True
18,1,12,Cz,0.19254851,0.10573015,0.19550341,1.0,1.0,"[4, 4]",0.5,False,1.50537432,0.39741963,1.26133268,True
18,1,13,C3,0.09284149,-0.07061532,0.09911226,1.0,1.0,"[4, 4]",0.5,False,1.50537432,0.39741963,1.26133268,True
18,1,14,C4,0.05304414,-0.01830729,0.07825721,1.0,1.0,"[4, 4]",0.5,False,1.50537432,0.39741963,1.26133268,True
18,1,15,T3,0.12015228,0.10319196,0.13541821,1.0,1.0,"[4, 4]",0.5,False,1.50537432,0.39741963,1.26133268,True
18,1,16,T4,0.08455616,-0.07143211,0.09392595,1.0,1.0,"[4, 4]",0.5,False,1.50537432,0.39741963,1.26133268,True
18,1,17,CP3,0.0720489,0.05049367,0.09565132,1.0,1.0,"[4, 4]",0.5,False,1.50537432,0.39741963,1.26133268,True
18,1,18,CP4,0.03669592,4.356e-05,0.04375218,1.0,1.0,"[4, 4]",0.5,False,1.50537432,0.39741963,1.26133268,True
18,1,19,TP7,0.07616398,0.02629045,0.11235099,1.0,1.0,"[4, 4]",0.5,False,1.50537432,0.39741963,1.26133268,True
18,1,20,TP8,0.19466691,0.08900801,0.21178754,1.0,1.0,"[4, 4]",0.5,False,1.50537432,0.39741963,1.26133268,True
18,1,21,Pz,0.03231322,-0.01580636,0.03648019,1.0,1.0,"[4, 4]",0.5,False,1.50537432,0.39741963,1.26133268,True
18,1,22,P3,0.1336643,0.05630822,0.18497537,1.0,1.0,"[4, 4]",0.5,False,1.50537432,0.39741963,1.26133268,True
18,1,23,P4,0.21091187,-0.09711123,0.21353047,1.0,1.0,"[4, 4]",0.5,False,1.50537432,0.39741963,1.26133268,True
18,1,24,T5,0.10611032,-0.0168002,0.13026606,1.0,1.0,"[4, 4]",0.5,False,1.50537432,0.39741963,1.26133268,True
18,1,25,T6,0.01888514,0.01329748,0.02393499,1.0,1.0,"[4, 4]",0.5,False,1.50537432,0.39741963,1.26133268,True
18,1,26,Oz,0.10260972,-0.0095481,0.11744139,1.0,1.0,"[4, 4]",0.5,False,1.50537432,0.39741963,1.26133268,True
18,1,27,O1,0.06895406,0.01036722,0.08050509,1.0,1.0,"[4, 4]",0.5,False,1.50537432,0.39741963,1.26133268,True
18,1,28,O2,0.05336679,-0.01558585,0.05877562,1.0,1.0,"[4, 4]",0.5,False,1.50537432,0.39741963,1.26133268,True
18,2,0,Fp1,0.01283351,0.00787848,0.01536892,1.0,1.0,"[4, 4]",0.5,False,1.19490152,0.27030016,1.00119174,True
18,2,1,Fp2,0.03630316,0.00557355,0.03827661,1.0,1.0,"[4, 4]",0.5,False,1.19490152,0.27030016,1.00119174,True
18,2,2,Fz,0.08572187,-0.04087096,0.08952725,1.0,1.0,"[4, 4]",0.5,False,1.19490152,0.27030016,1.00119174,True
18,2,3,F3,0.04863461,-0.04824699,0.09250139,1.0,1.0,"[4, 4]",0.5,False,1.19490152,0.27030016,1.00119174,True
18,2,4,F4,0.08288081,0.01709691,0.08594442,1.0,1.0,"[4, 4]",0.5,False,1.19490152,0.27030016,1.00119174,True
18,2,5,F7,0.06689229,0.00672685,0.07393678,1.0,1.0,"[4, 4]",0.5,False,1.19490152,0.27030016,1.00119174,True
18,2,6,F8,0.07540553,-0.00709575,0.08747481,1.0,1.0,"[4, 4]",0.5,False,1.19490152,0.27030016,1.00119174,True
18,2,7,FCz,0.09976786,0.09976786,0.12582852,1.0,1.0,"[4, 4]",0.5,False,1.19490152,0.27030016,1.00119174,True
18,2,8,FC3,0.06914556,0.00460636,0.07749478,1.0,1.0,"[4, 4]",0.5,False,1.19490152,0.27030016,1.00119174,True
18,2,9,FC4,0.0391205,0.01617542,0.05797568,1.0,1.0,"[4, 4]",0.5,False,1.19490152,0.27030016,1.00119174,True
18,2,10,FT7,0.05215212,0.00184635,0.06733059,1.0,1.0,"[4, 4]",0.5,False,1.19490152,0.27030016,1.00119174,True
18,2,11,FT8,0.22438514,0.05573948,0.23334453,1.0,1.0,"[4, 4]",0.5,False,1.19490152,0.27030016,1.00119174,True
18,2,12,Cz,0.13086924,0.13086924,0.13597132,1.0,1.0,"[4, 4]",0.5,False,1.19490152,0.27030016,1.00119174,True
18,2,13,C3,0.03861947,0.00493405,0.04867163,1.0,1.0,"[4, 4]",0.5,False,1.19490152,0.27030016,1.00119174,True
18,2,14,C4,0.07293725,-0.05394941,0.07967869,1.0,1.0,"[4, 4]",0.5,False,1.19490152,0.27030016,1.00119174,True
18,2,15,T3,0.11459105,0.07051543,0.1384321,1.0,1.0,"[4, 4]",0.5,False,1.19490152,0.27030016,1.00119174,True
18,2,16,T4,0.09644774,-0.0451156,0.11483689,1.0,1.0,"[4, 4]",0.5,False,1.19490152,0.27030016,1.00119174,True
18,2,17,CP3,0.05658599,-0.01936937,0.06471296,1.0,1.0,"[4, 4]",0.5,False,1.19490152,0.27030016,1.00119174,True
18,2,18,CP4,0.09948546,0.04756916,0.1033938,1.0,1.0,"[4, 4]",0.5,False,1.19490152,0.27030016,1.00119174,True
18,2,19,TP7,0.1363816,0.01373049,0.14334174,1.0,1.0,"[4, 4]",0.5,False,1.19490152,0.27030016,1.00119174,True
18,2,20,TP8,0.17037126,0.02257855,0.18461059,1.0,1.0,"[4, 4]",0.5,False,1.19490152,0.27030016,1.00119174,True
18,2,21,Pz,0.1030179,0.02562939,0.10715841,1.0,1.0,"[4, 4]",0.5,False,1.19490152,0.27030016,1.00119174,True
18,2,22,P3,0.0399561,0.01190178,0.0425541,1.0,1.0,"[4, 4]",0.5,False,1.19490152,0.27030016,1.00119174,True
18,2,23,P4,0.12185617,-0.08840331,0.14258894,1.0,1.0,"[4, 4]",0.5,False,1.19490152,0.27030016,1.00119174,True
18,2,24,T5,0.05112039,-0.02179819,0.05759468,1.0,1.0,"[4, 4]",0.5,False,1.19490152,0.27030016,1.00119174,True
18,2,25,T6,0.07765943,-0.01317036,0.09377869,1.0,1.0,"[4, 4]",0.5,False,1.19490152,0.27030016,1.00119174,True
18,2,26,Oz,0.14007226,0.0471034,0.15094584,1.0,1.0,"[4, 4]",0.5,False,1.19490152,0.27030016,1.00119174,True
18,2,27,O1,0.14257713,0.02025819,0.14475909,1.0,1.0,"[4, 4]",0.5,False,1.19490152,0.27030016,1.00119174,True
18,2,28,O2,0.11133865,-0.0229744,0.12274744,1.0,1.0,"[4, 4]",0.5,False,1.19490152,0.27030016,1.00119174,True
18,3,0,Fp1,0.01724996,-0.00806972,0.02086884,1.0,1.0,"[4, 4]",0.5,False,1.52932028,0.3739661,1.28139667,True
18,3,1,Fp2,0.01060307,0.0024712,0.0137928,1.0,1.0,"[4, 4]",0.5,False,1.52932028,0.3739661,1.28139667,True
18,3,2,Fz,0.07809322,-0.02781666,0.08448901,1.0,1.0,"[4, 4]",0.5,False,1.52932028,0.3739661,1.28139667,True
18,3,3,F3,0.07865414,-0.03849566,0.09531489,1.0,1.0,"[4, 4]",0.5,False,1.52932028,0.3739661,1.28139667,True
18,3,4,F4,0.08362377,0.04612277,0.09731639,1.0,1.0,"[4, 4]",0.5,False,1.52932028,0.3739661,1.28139667,True
18,3,5,F7,0.03349597,0.00247563,0.04136872,1.0,1.0,"[4, 4]",0.5,False,1.52932028,0.3739661,1.28139667,True
18,3,6,F8,0.03778949,0.00405095,0.05037883,1.0,1.0,"[4, 4]",0.5,False,1.52932028,0.3739661,1.28139667,True
18,3,7,FCz,0.11672233,0.05420107,0.13206638,1.0,1.0,"[4, 4]",0.5,False,1.52932028,0.3739661,1.28139667,True
18,3,8,FC3,0.05093756,-0.05032471,0.06551604,1.0,1.0,"[4, 4]",0.5,False,1.52932028,0.3739661,1.28139667,True
18,3,9,FC4,0.0840358,0.05186938,0.1144108,1.0,1.0,"[4, 4]",0.5,False,1.52932028,0.3739661,1.28139667,True
18,3,10,FT7,0.04553114,-0.04553114,0.04791802,1.0,1.0,"[4, 4]",0.5,False,1.52932028,0.3739661,1.28139667,True
18,3,11,FT8,0.20656827,-0.00235704,0.20947899,1.0,1.0,"[4, 4]",0.5,False,1.52932028,0.3739661,1.28139667,True
18,3,12,Cz,0.14868598,0.12281102,0.15930647,1.0,1.0,"[4, 4]",0.5,False,1.52932028,0.3739661,1.28139667,True
18,3,13,C3,0.15876599,-0.09397313,0.16046034,1.0,1.0,"[4, 4]",0.5,False,1.52932028,0.3739661,1.28139667,True
18,3,14,C4,0.05702776,-0.05139971,0.06464715,1.0,1.0,"[4, 4]",0.5,False,1.52932028,0.3739661,1.28139667,True
18,3,15,T3,0.09209937,0.06777559,0.09710015,1.0,1.0,"[4, 4]",0.5,False,1.52932028,0.3739661,1.28139667,True
18,3,16,T4,0.05542095,-0.0204917,0.0647755,1.0,1.0,"[4, 4]",0.5,False,1.52932028,0.3739661,1.28139667,True
18,3,17,CP3,0.06579433,0.03822624,0.07474654,1.0,1.0,"[4, 4]",0.5,False,1.52932028,0.3739661,1.28139667,True
18,3,18,CP4,0.03464624,-0.03424694,0.04429241,1.0,1.0,"[4, 4]",0.5,False,1.52932028,0.3739661,1.28139667,True
18,3,19,TP7,0.11335365,-0.01510168,0.13317686,1.0,1.0,"[4, 4]",0.5,False,1.52932028,0.3739661,1.28139667,True
18,3,20,TP8,0.19432834,0.04608224,0.20453401,1.0,1.0,"[4, 4]",0.5,False,1.52932028,0.3739661,1.28139667,True
18,3,21,Pz,0.05004743,-0.0415803,0.06545929,1.0,1.0,"[4, 4]",0.5,False,1.52932028,0.3739661,1.28139667,True
18,3,22,P3,0.12630349,0.06303306,0.15887924,1.0,1.0,"[4, 4]",0.5,False,1.52932028,0.3739661,1.28139667,True
18,3,23,P4,0.22918931,-0.13747291,0.23613378,1.0,1.0,"[4, 4]",0.5,False,1.52932028,0.3739661,1.28139667,True
18,3,24,T5,0.07715809,0.01148137,0.09174849,1.0,1.0,"[4, 4]",0.5,False,1.52932028,0.3739661,1.28139667,True
18,3,25,T6,0.02066985,0.02066985,0.02506183,1.0,1.0,"[4, 4]",0.5,False,1.52932028,0.3739661,1.28139667,True
18,3,26,Oz,0.15574649,0.00116581,0.15579318,1.0,1.0,"[4, 4]",0.5,False,1.52932028,0.3739661,1.28139667,True
18,3,27,O1,0.10320944,0.007822,0.11037029,1.0,1.0,"[4, 4]",0.5,False,1.52932028,0.3739661,1.28139667,True
18,3,28,O2,0.06145296,-0.03442881,0.07287893,1.0,1.0,"[4, 4]",0.5,False,1.52932028,0.3739661,1.28139667,True
18,4,0,Fp1,0.01631088,-7.433e-05,0.01702677,0.875,0.875,"[3, 5]",0.625,False,1.45412235,0.3938945,1.21838935,True
18,4,1,Fp2,0.01434295,0.01434295,0.01614631,0.875,0.875,"[3, 5]",0.625,False,1.45412235,0.3938945,1.21838935,True
18,4,2,Fz,0.11066291,-0.09042995,0.12251042,0.875,0.875,"[3, 5]",0.625,False,1.45412235,0.3938945,1.21838935,True
18,4,3,F3,0.06572655,-0.02970095,0.08039093,0.875,0.875,"[3, 5]",0.625,False,1.45412235,0.3938945,1.21838935,True
18,4,4,F4,0.03699635,0.03699635,0.05942132,0.875,0.875,"[3, 5]",0.625,False,1.45412235,0.3938945,1.21838935,True
18,4,5,F7,0.01651859,-0.00169967,0.02105126,0.875,0.875,"[3, 5]",0.625,False,1.45412235,0.3938945,1.21838935,True
18,4,6,F8,0.05472614,-0.02122888,0.07281775,0.875,0.875,"[3, 5]",0.625,False,1.45412235,0.3938945,1.21838935,True
18,4,7,FCz,0.18185507,0.18185507,0.21617563,0.875,0.875,"[3, 5]",0.625,False,1.45412235,0.3938945,1.21838935,True
18,4,8,FC3,0.07846893,-0.02789335,0.08756101,0.875,0.875,"[3, 5]",0.625,False,1.45412235,0.3938945,1.21838935,True
18,4,9,FC4,0.0451607,0.02947138,0.06582487,0.875,0.875,"[3, 5]",0.625,False,1.45412235,0.3938945,1.21838935,True
18,4,10,FT7,0.04795647,0.00895447,0.05169858,0.875,0.875,"[3, 5]",0.625,False,1.45412235,0.3938945,1.21838935,True
18,4,11,FT8,0.18834956,-0.03950074,0.19973925,0.875,0.875,"[3, 5]",0.625,False,1.45412235,0.3938945,1.21838935,True
18,4,12,Cz,0.12298898,0.10552793,0.14418574,0.875,0.875,"[3, 5]",0.625,False,1.45412235,0.3938945,1.21838935,True
18,4,13,C3,0.11167918,-0.08535811,0.12602885,0.875,0.875,"[3, 5]",0.625,False,1.45412235,0.3938945,1.21838935,True
18,4,14,C4,0.10200591,-0.10200591,0.11797655,0.875,0.875,"[3, 5]",0.625,False,1.45412235,0.3938945,1.21838935,True
18,4,15,T3,0.0693593,0.02537116,0.07839524,0.875,0.875,"[3, 5]",0.625,False,1.45412235,0.3938945,1.21838935,True
18,4,16,T4,0.04579649,0.01704847,0.06205607,0.875,0.875,"[3, 5]",0.625,False,1.45412235,0.3938945,1.21838935,True
18,4,17,CP3,0.02914976,-0.01784002,0.0394738,0.875,0.875,"[3, 5]",0.625,False,1.45412235,0.3938945,1.21838935,True
18,4,18,CP4,0.04812362,0.02839399,0.06263513,0.875,0.875,"[3, 5]",0.625,False,1.45412235,0.3938945,1.21838935,True
18,4,19,TP7,0.09989478,-0.00972078,0.11858315,0.875,0.875,"[3, 5]",0.625,False,1.45412235,0.3938945,1.21838935,True
18,4,20,TP8,0.18166775,0.03813849,0.20155568,0.875,0.875,"[3, 5]",0.625,False,1.45412235,0.3938945,1.21838935,True
18,4,21,Pz,0.10194629,-0.01508842,0.10823417,0.875,0.875,"[3, 5]",0.625,False,1.45412235,0.3938945,1.21838935,True
18,4,22,P3,0.12513371,0.00075622,0.15382582,0.875,0.875,"[3, 5]",0.625,False,1.45412235,0.3938945,1.21838935,True
18,4,23,P4,0.21843565,-0.04802388,0.2434469,0.875,0.875,"[3, 5]",0.625,False,1.45412235,0.3938945,1.21838935,True
18,4,24,T5,0.07749678,0.04844654,0.08034972,0.875,0.875,"[3, 5]",0.625,False,1.45412235,0.3938945,1.21838935,True
18,4,25,T6,0.02374514,0.01356301,0.02573116,0.875,0.875,"[3, 5]",0.625,False,1.45412235,0.3938945,1.21838935,True
18,4,26,Oz,0.14087924,0.05448385,0.15132569,0.875,0.875,"[3, 5]",0.625,False,1.45412235,0.3938945,1.21838935,True
18,4,27,O1,0.08752186,-0.00911734,0.10458562,0.875,0.875,"[3, 5]",0.625,False,1.45412235,0.3938945,1.21838935,True
18,4,28,O2,0.10034408,-0.0779619,0.11185667,0.875,0.875,"[3, 5]",0.625,False,1.45412235,0.3938945,1.21838935,True
18,5,0,Fp1,0.1095916,-0.09566836,0.12236173,0.5,0.5,"[0, 8]",1.0,True,0.00942809,0.00120111,0.00789967,True
18,5,1,Fp2,0.07864103,0.06177915,0.09603416,0.5,0.5,"[0, 8]",1.0,True,0.00942809,0.00120111,0.00789967,True
18,5,2,Fz,0.10467297,-0.09899257,0.11821837,0.5,0.5,"[0, 8]",1.0,True,0.00942809,0.00120111,0.00789967,True
18,5,3,F3,0.08777497,0.02699883,0.09466351,0.5,0.5,"[0, 8]",1.0,True,0.00942809,0.00120111,0.00789967,True
18,5,4,F4,0.09670706,0.01221029,0.10694683,0.5,0.5,"[0, 8]",1.0,True,0.00942809,0.00120111,0.00789967,True
18,5,5,F7,0.08382393,0.08192359,0.09768919,0.5,0.5,"[0, 8]",1.0,True,0.00942809,0.00120111,0.00789967,True
18,5,6,F8,0.07750656,-0.02979542,0.07847343,0.5,0.5,"[0, 8]",1.0,True,0.00942809,0.00120111,0.00789967,True
18,5,7,FCz,0.09835224,0.09835224,0.11372332,0.5,0.5,"[0, 8]",1.0,True,0.00942809,0.00120111,0.00789967,True
18,5,8,FC3,0.03043981,0.0050022,0.03754884,0.5,0.5,"[0, 8]",1.0,True,0.00942809,0.00120111,0.00789967,True
18,5,9,FC4,0.05691883,-0.05691883,0.07529402,0.5,0.5,"[0, 8]",1.0,True,0.00942809,0.00120111,0.00789967,True
18,5,10,FT7,0.09124704,-0.05846485,0.10460664,0.5,0.5,"[0, 8]",1.0,True,0.00942809,0.00120111,0.00789967,True
18,5,11,FT8,0.08019316,-0.00324149,0.09767434,0.5,0.5,"[0, 8]",1.0,True,0.00942809,0.00120111,0.00789967,True
18,5,12,Cz,0.07727957,0.07538721,0.0923325,0.5,0.5,"[0, 8]",1.0,True,0.00942809,0.00120111,0.00789967,True
18,5,13,C3,0.11507837,0.07202549,0.11729915,0.5,0.5,"[0, 8]",1.0,True,0.00942809,0.00120111,0.00789967,True
18,5,14,C4,0.08574495,-0.07542145,0.09630715,0.5,0.5,"[0, 8]",1.0,True,0.00942809,0.00120111,0.00789967,True
18,5,15,T3,0.12561557,0.12561557,0.13091303,0.5,0.5,"[0, 8]",1.0,True,0.00942809,0.00120111,0.00789967,True
18,5,16,T4,0.12135287,0.01315007,0.13390377,0.5,0.5,"[0, 8]",1.0,True,0.00942809,0.00120111,0.00789967,True
18,5,17,CP3,0.12100451,0.03201389,0.1392739,0.5,0.5,"[0, 8]",1.0,True,0.00942809,0.00120111,0.00789967,True
18,5,18,CP4,0.11072896,0.03423931,0.12748565,0.5,0.5,"[0, 8]",1.0,True,0.00942809,0.00120111,0.00789967,True
18,5,19,TP7,0.08443549,-0.01873632,0.0945584,0.5,0.5,"[0, 8]",1.0,True,0.00942809,0.00120111,0.00789967,True
18,5,20,TP8,0.08916593,-0.05853533,0.10783032,0.5,0.5,"[0, 8]",1.0,True,0.00942809,0.00120111,0.00789967,True
18,5,21,Pz,0.15275812,0.00626099,0.15291786,0.5,0.5,"[0, 8]",1.0,True,0.00942809,0.00120111,0.00789967,True
18,5,22,P3,0.10739513,0.10739513,0.11659456,0.5,0.5,"[0, 8]",1.0,True,0.00942809,0.00120111,0.00789967,True
18,5,23,P4,0.10474133,-0.09317316,0.11670072,0.5,0.5,"[0, 8]",1.0,True,0.00942809,0.00120111,0.00789967,True
18,5,24,T5,0.10474934,0.07315169,0.11432202,0.5,0.5,"[0, 8]",1.0,True,0.00942809,0.00120111,0.00789967,True
18,5,25,T6,0.0809187,-0.06163016,0.09189569,0.5,0.5,"[0, 8]",1.0,True,0.00942809,0.00120111,0.00789967,True
18,5,26,Oz,0.07847764,0.0429768,0.08087482,0.5,0.5,"[0, 8]",1.0,True,0.00942809,0.00120111,0.00789967,True
18,5,27,O1,0.12302831,0.05665589,0.1332846,0.5,0.5,"[0, 8]",1.0,True,0.00942809,0.00120111,0.00789967,True
18,5,28,O2,0.14429861,-0.0228951,0.14685577,0.5,0.5,"[0, 8]",1.0,True,0.00942809,0.00120111,0.00789967,True
19,1,0,Fp1,0.10995673,-0.0961512,0.12278918,0.5,0.5,"[0, 8]",1.0,True,0.00323096,0.00030001,0.00270718,True
19,1,1,Fp2,0.07765819,0.06101018,0.09513739,0.5,0.5,"[0, 8]",1.0,True,0.00323096,0.00030001,0.00270718,True
19,1,2,Fz,0.10385175,-0.0983315,0.11734442,0.5,0.5,"[0, 8]",1.0,True,0.00323096,0.00030001,0.00270718,True
19,1,3,F3,0.08777068,0.0277132,0.09453142,0.5,0.5,"[0, 8]",1.0,True,0.00323096,0.00030001,0.00270718,True
19,1,4,F4,0.09753284,0.01235003,0.10777883,0.5,0.5,"[0, 8]",1.0,True,0.00323096,0.00030001,0.00270718,True
19,1,5,F7,0.08410588,0.08182678,0.09781135,0.5,0.5,"[0, 8]",1.0,True,0.00323096,0.00030001,0.00270718,True
19,1,6,F8,0.07734207,-0.02920646,0.07832418,0.5,0.5,"[0, 8]",1.0,True,0.00323096,0.00030001,0.00270718,True
19,1,7,FCz,0.09893291,0.09893291,0.11409947,0.5,0.5,"[0, 8]",1.0,True,0.00323096,0.00030001,0.00270718,True
19,1,8,FC3,0.03099028,0.00617213,0.03748645,0.5,0.5,"[0, 8]",1.0,True,0.00323096,0.00030001,0.00270718,True
19,1,9,FC4,0.05774175,-0.05774175,0.07617235,0.5,0.5,"[0, 8]",1.0,True,0.00323096,0.00030001,0.00270718,True
19,1,10,FT7,0.09041978,-0.05807623,0.10405601,0.5,0.5,"[0, 8]",1.0,True,0.00323096,0.00030001,0.00270718,True
19,1,11,FT8,0.0802412,-0.00368779,0.0973848,0.5,0.5,"[0, 8]",1.0,True,0.00323096,0.00030001,0.00270718,True
19,1,12,Cz,0.07690225,0.07568366,0.09244281,0.5,0.5,"[0, 8]",1.0,True,0.00323096,0.00030001,0.00270718,True
19,1,13,C3,0.11553089,0.0726665,0.1177182,0.5,0.5,"[0, 8]",1.0,True,0.00323096,0.00030001,0.00270718,True
19,1,14,C4,0.08565487,-0.0752746,0.09621976,0.5,0.5,"[0, 8]",1.0,True,0.00323096,0.00030001,0.00270718,True
19,1,15,T3,0.12703477,0.12703477,0.13227352,0.5,0.5,"[0, 8]",1.0,True,0.00323096,0.00030001,0.00270718,True
19,1,16,T4,0.12193759,0.01316595,0.13443373,0.5,0.5,"[0, 8]",1.0,True,0.00323096,0.00030001,0.00270718,True
19,1,17,CP3,0.12097439,0.03309355,0.13945736,0.5,0.5,"[0, 8]",1.0,True,0.00323096,0.00030001,0.00270718,True
19,1,18,CP4,0.11093316,0.03465942,0.12743811,0.5,0.5,"[0, 8]",1.0,True,0.00323096,0.00030001,0.00270718,True
19,1,19,TP7,0.0844277,-0.01843149,0.09431837,0.5,0.5,"[0, 8]",1.0,True,0.00323096,0.00030001,0.00270718,True
19,1,20,TP8,0.08926947,-0.05946339,0.10848671,0.5,0.5,"[0, 8]",1.0,True,0.00323096,0.00030001,0.00270718,True
19,1,21,Pz,0.15318911,0.0068823,0.15338321,0.5,0.5,"[0, 8]",1.0,True,0.00323096,0.00030001,0.00270718,True
19,1,22,P3,0.10830744,0.10830744,0.11743119,0.5,0.5,"[0, 8]",1.0,True,0.00323096,0.00030001,0.00270718,True
19,1,23,P4,0.10511341,-0.0931653,0.11704049,0.5,0.5,"[0, 8]",1.0,True,0.00323096,0.00030001,0.00270718,True
19,1,24,T5,0.10500555,0.07343882,0.11451381,0.5,0.5,"[0, 8]",1.0,True,0.00323096,0.00030001,0.00270718,True
19,1,25,T6,0.0809755,-0.06235653,0.09231412,0.5,0.5,"[0, 8]",1.0,True,0.00323096,0.00030001,0.00270718,True
19,1,26,Oz,0.07762074,0.04241757,0.07997134,0.5,0.5,"[0, 8]",1.0,True,0.00323096,0.00030001,0.00270718,True
19,1,27,O1,0.12216212,0.05623303,0.13248841,0.5,0.5,"[0, 8]",1.0,True,0.00323096,0.00030001,0.00270718,True
19,1,28,O2,0.14399138,-0.02383953,0.14675383,0.5,0.5,"[0, 8]",1.0,True,0.00323096,0.00030001,0.00270718,True
19,2,0,Fp1,0.06845388,-0.00236383,0.08570007,0.125,0.125,"[5, 3]",0.625,False,0.98617166,0.28023572,0.82629983,True
19,2,1,Fp2,0.03556456,0.01280942,0.04385485,0.125,0.125,"[5, 3]",0.625,False,0.98617166,0.28023572,0.82629983,True
19,2,2,Fz,0.05865283,-0.05865283,0.06811348,0.125,0.125,"[5, 3]",0.625,False,0.98617166,0.28023572,0.82629983,True
19,2,3,F3,0.0461466,-0.00466502,0.05896363,0.125,0.125,"[5, 3]",0.625,False,0.98617166,0.28023572,0.82629983,True
19,2,4,F4,0.08211406,0.04538766,0.09588093,0.125,0.125,"[5, 3]",0.625,False,0.98617166,0.28023572,0.82629983,True
19,2,5,F7,0.13558954,0.05737338,0.14894822,0.125,0.125,"[5, 3]",0.625,False,0.98617166,0.28023572,0.82629983,True
19,2,6,F8,0.05624759,-0.02015715,0.05829055,0.125,0.125,"[5, 3]",0.625,False,0.98617166,0.28023572,0.82629983,True
19,2,7,FCz,0.08635657,0.08635657,0.08967441,0.125,0.125,"[5, 3]",0.625,False,0.98617166,0.28023572,0.82629983,True
19,2,8,FC3,0.04836906,-0.04836906,0.05474574,0.125,0.125,"[5, 3]",0.625,False,0.98617166,0.28023572,0.82629983,True
19,2,9,FC4,0.13719937,-0.01203328,0.14667609,0.125,0.125,"[5, 3]",0.625,False,0.98617166,0.28023572,0.82629983,True
19,2,10,FT7,0.12363152,0.10867931,0.14101088,0.125,0.125,"[5, 3]",0.625,False,0.98617166,0.28023572,0.82629983,True
19,2,11,FT8,0.13173459,0.05078767,0.13344631,0.125,0.125,"[5, 3]",0.625,False,0.98617166,0.28023572,0.82629983,True
19,2,12,Cz,0.06958162,0.06638894,0.0803101,0.125,0.125,"[5, 3]",0.625,False,0.98617166,0.28023572,0.82629983,True
19,2,13,C3,0.11982042,-0.03469415,0.13874416,0.125,0.125,"[5, 3]",0.625,False,0.98617166,0.28023572,0.82629983,True
19,2,14,C4,0.13660143,-0.13660143,0.1888064,0.125,0.125,"[5, 3]",0.625,False,0.98617166,0.28023572,0.82629983,True
19,2,15,T3,0.15923601,0.15561503,0.18933281,0.125,0.125,"[5, 3]",0.625,False,0.98617166,0.28023572,0.82629983,True
19,2,16,T4,0.10809356,-0.06848615,0.13517602,0.125,0.125,"[5, 3]",0.625,False,0.98617166,0.28023572,0.82629983,True
19,2,17,CP3,0.15756893,0.01157177,0.17057431,0.125,0.125,"[5, 3]",0.625,False,0.98617166,0.28023572,0.82629983,True
19,2,18,CP4,0.09688013,0.05620626,0.10169205,0.125,0.125,"[5, 3]",0.625,False,0.98617166,0.28023572,0.82629983,True
19,2,19,TP7,0.15575372,-0.01556795,0.17449328,0.125,0.125,"[5, 3]",0.625,False,0.98617166,0.28023572,0.82629983,True
19,2,20,TP8,0.12635909,-0.01942139,0.13506219,0.125,0.125,"[5, 3]",0.625,False,0.98617166,0.28023572,0.82629983,True
19,2,21,Pz,0.13319479,0.00571316,0.13635477,0.125,0.125,"[5, 3]",0.625,False,0.98617166,0.28023572,0.82629983,True
19,2,22,P3,0.04409973,0.03796593,0.05202845,0.125,0.125,"[5, 3]",0.625,False,0.98617166,0.28023572,0.82629983,True
19,2,23,P4,0.11948002,-0.03806467,0.12933503,0.125,0.125,"[5, 3]",0.625,False,0.98617166,0.28023572,0.82629983,True
19,2,24,T5,0.09572181,0.00480775,0.09667685,0.125,0.125,"[5, 3]",0.625,False,0.98617166,0.28023572,0.82629983,True
19,2,25,T6,0.09657848,-0.06317972,0.11131456,0.125,0.125,"[5, 3]",0.625,False,0.98617166,0.28023572,0.82629983,True
19,2,26,Oz,0.08749098,0.08749098,0.09886168,0.125,0.125,"[5, 3]",0.625,False,0.98617166,0.28023572,0.82629983,True
19,2,27,O1,0.0925291,0.06649446,0.11409683,0.125,0.125,"[5, 3]",0.625,False,0.98617166,0.28023572,0.82629983,True
19,2,28,O2,0.10984744,-0.03296968,0.12967306,0.125,0.125,"[5, 3]",0.625,False,0.98617166,0.28023572,0.82629983,True
19,3,0,Fp1,0.10980674,-0.09600119,0.12267517,0.5,0.5,"[0, 8]",1.0,True,0.00323099,0.00030001,0.0027072,True
19,3,1,Fp2,0.07765819,0.06101018,0.09513739,0.5,0.5,"[0, 8]",1.0,True,0.00323099,0.00030001,0.0027072,True
19,3,2,Fz,0.10400175,-0.09818151,0.11732588,0.5,0.5,"[0, 8]",1.0,True,0.00323099,0.00030001,0.0027072,True
19,3,3,F3,0.08762068,0.02756321,0.09433387,0.5,0.5,"[0, 8]",1.0,True,0.00323099,0.00030001,0.0027072,True
19,3,4,F4,0.09753284,0.01235003,0.10777883,0.5,0.5,"[0, 8]",1.0,True,0.00323099,0.00030001,0.0027072,True
19,3,5,F7,0.08425586,0.08167676,0.09781879,0.5,0.5,"[0, 8]",1.0,True,0.00323099,0.00030001,0.0027072,True
19,3,6,F8,0.07719208,-0.02905646,0.07818673,0.5,0.5,"[0, 8]",1.0,True,0.00323099,0.00030001,0.0027072,True
19,3,7,FCz,0.09908289,0.09908289,0.11423425,0.5,0.5,"[0, 8]",1.0,True,0.00323099,0.00030001,0.0027072,True
19,3,8,FC3,0.03084028,0.00602213,0.03742436,0.5,0.5,"[0, 8]",1.0,True,0.00323099,0.00030001,0.0027072,True
19,3,9,FC4,0.05774175,-0.05774175,0.07617235,0.5,0.5,"[0, 8]",1.0,True,0.00323099,0.00030001,0.0027072,True
19,3,10,FT7,0.09056979,-0.05822623,0.10413979,0.5,0.5,"[0, 8]",1.0,True,0.00323099,0.00030001,0.0027072,True
19,3,11,FT8,0.08039119,-0.0035378,0.09741818,0.5,0.5,"[0, 8]",1.0,True,0.00323099,0.00030001,0.0027072,True
19,3,12,Cz,0.07705224,0.07583366,0.09267502,0.5,0.5,"[0, 8]",1.0,True,0.00323099,0.00030001,0.0027072,True
19,3,13,C3,0.1155309,0.07266649,0.1177182,0.5,0.5,"[0, 8]",1.0,True,0.00323099,0.00030001,0.0027072,True
19,3,14,C4,0.08565487,-0.07527459,0.09621976,0.5,0.5,"[0, 8]",1.0,True,0.00323099,0.00030001,0.0027072,True
19,3,15,T3,0.12688477,0.12688477,0.13213998,0.5,0.5,"[0, 8]",1.0,True,0.00323099,0.00030001,0.0027072,True
19,3,16,T4,0.1220875,0.01331586,0.1345292,0.5,0.5,"[0, 8]",1.0,True,0.00323099,0.00030001,0.0027072,True
19,3,17,CP3,0.12112439,0.03324354,0.13959108,0.5,0.5,"[0, 8]",1.0,True,0.00323099,0.00030001,0.0027072,True
19,3,18,CP4,0.1112331,0.03465946,0.12783358,0.5,0.5,"[0, 8]",1.0,True,0.00323099,0.00030001,0.0027072,True
19,3,19,TP7,0.08427772,-0.01858149,0.09423663,0.5,0.5,"[0, 8]",1.0,True,0.00323099,0.00030001,0.0027072,True
19,3,20,TP8,0.08926946,-0.0594634,0.10848671,0.5,0.5,"[0, 8]",1.0,True,0.00323099,0.00030001,0.0027072,True
19,3,21,Pz,0.15333898,0.00673242,0.15352854,0.5,0.5,"[0, 8]",1.0,True,0.00323099,0.00030001,0.0027072,True
19,3,22,P3,0.10830747,0.10830747,0.11743123,0.5,0.5,"[0, 8]",1.0,True,0.00323099,0.00030001,0.0027072,True
19,3,23,P4,0.1048134,-0.09286533,0.11668702,0.5,0.5,"[0, 8]",1.0,True,0.00323099,0.00030001,0.0027072,True
19,3,24,T5,0.10500555,0.07343883,0.11439639,0.5,0.5,"[0, 8]",1.0,True,0.00323099,0.00030001,0.0027072,True
19,3,25,T6,0.08112549,-0.06250653,0.09237319,0.5,0.5,"[0, 8]",1.0,True,0.00323099,0.00030001,0.0027072,True
19,3,26,Oz,0.07762076,0.04241759,0.08007023,0.5,0.5,"[0, 8]",1.0,True,0.00323099,0.00030001,0.0027072,True
19,3,27,O1,0.12201212,0.05638302,0.13233939,0.5,0.5,"[0, 8]",1.0,True,0.00323099,0.00030001,0.0027072,True
19,3,28,O2,0.14399138,-0.02383953,0.14675385,0.5,0.5,"[0, 8]",1.0,True,0.00323099,0.00030001,0.0027072,True
19,4,0,Fp1,0.10965674,-0.0958512,0.12247615,0.5,0.5,"[0, 8]",1.0,True,0.00323099,0.00030001,0.0027072,True
19,4,1,Fp2,0.07780819,0.06116018,0.09524057,0.5,0.5,"[0, 8]",1.0,True,0.00323099,0.00030001,0.0027072,True
19,4,2,Fz,0.10385174,-0.09833148,0.11731136,0.5,0.5,"[0, 8]",1.0,True,0.00323099,0.00030001,0.0027072,True
19,4,3,F3,0.08762068,0.0275632,0.09446009,0.5,0.5,"[0, 8]",1.0,True,0.00323099,0.00030001,0.0027072,True
19,4,4,F4,0.09753284,0.01265002,0.10765949,0.5,0.5,"[0, 8]",1.0,True,0.00323099,0.00030001,0.0027072,True
19,4,5,F7,0.08410586,0.08182675,0.09781134,0.5,0.5,"[0, 8]",1.0,True,0.00323099,0.00030001,0.0027072,True
19,4,6,F8,0.07734207,-0.02920646,0.07830694,0.5,0.5,"[0, 8]",1.0,True,0.00323099,0.00030001,0.0027072,True
19,4,7,FCz,0.09893289,0.09893289,0.11409217,0.5,0.5,"[0, 8]",1.0,True,0.00323099,0.00030001,0.0027072,True
19,4,8,FC3,0.03114027,0.00602212,0.03768571,0.5,0.5,"[0, 8]",1.0,True,0.00323099,0.00030001,0.0027072,True
19,4,9,FC4,0.05759181,-0.05759181,0.07592833,0.5,0.5,"[0, 8]",1.0,True,0.00323099,0.00030001,0.0027072,True
19,4,10,FT7,0.09041979,-0.05807623,0.10405601,0.5,0.5,"[0, 8]",1.0,True,0.00323099,0.00030001,0.0027072,True
19,4,11,FT8,0.08039118,-0.0035378,0.09741817,0.5,0.5,"[0, 8]",1.0,True,0.00323099,0.00030001,0.0027072,True
19,4,12,Cz,0.07690224,0.07568365,0.09257174,0.5,0.5,"[0, 8]",1.0,True,0.00323099,0.00030001,0.0027072,True
19,4,13,C3,0.11538091,0.07251649,0.117534,0.5,0.5,"[0, 8]",1.0,True,0.00323099,0.00030001,0.0027072,True
19,4,14,C4,0.08580486,-0.07512461,0.09625258,0.5,0.5,"[0, 8]",1.0,True,0.00323099,0.00030001,0.0027072,True
19,4,15,T3,0.12658478,0.12658478,0.13189283,0.5,0.5,"[0, 8]",1.0,True,0.00323099,0.00030001,0.0027072,True
19,4,16,T4,0.12223759,0.01316595,0.1345841,0.5,0.5,"[0, 8]",1.0,True,0.00323099,0.00030001,0.0027072,True
19,4,17,CP3,0.1209744,0.03279356,0.13926747,0.5,0.5,"[0, 8]",1.0,True,0.00323099,0.00030001,0.0027072,True
19,4,18,CP4,0.11078315,0.03450947,0.12752816,0.5,0.5,"[0, 8]",1.0,True,0.00323099,0.00030001,0.0027072,True
19,4,19,TP7,0.08457771,-0.01888148,0.09456446,0.5,0.5,"[0, 8]",1.0,True,0.00323099,0.00030001,0.0027072,True
19,4,20,TP8,0.08911946,-0.05931341,0.10830811,0.5,0.5,"[0, 8]",1.0,True,0.00323099,0.00030001,0.0027072,True
19,4,21,Pz,0.153189,0.00688238,0.15338798,0.5,0.5,"[0, 8]",1.0,True,0.00323099,0.00030001,0.0027072,True
19,4,22,P3,0.10815745,0.10815745,0.11733381,0.5,0.5,"[0, 8]",1.0,True,0.00323099,0.00030001,0.0027072,True
19,4,23,P4,0.10481341,-0.09316531,0.11679727,0.5,0.5,"[0, 8]",1.0,True,0.00323099,0.00030001,0.0027072,True
19,4,24,T5,0.10515554,0.07328881,0.11446788,0.5,0.5,"[0, 8]",1.0,True,0.00323099,0.00030001,0.0027072,True
19,4,25,T6,0.08127549,-0.06235653,0.09243412,0.5,0.5,"[0, 8]",1.0,True,0.00323099,0.00030001,0.0027072,True
19,4,26,Oz,0.07762076,0.04241758,0.08000474,0.5,0.5,"[0, 8]",1.0,True,0.00323099,0.00030001,0.0027072,True
19,4,27,O1,0.12186213,0.05623302,0.13229315,0.5,0.5,"[0, 8]",1.0,True,0.00323099,0.00030001,0.0027072,True
19,4,28,O2,0.14444137,-0.02368955,0.14715521,0.5,0.5,"[0, 8]",1.0,True,0.00323099,0.00030001,0.0027072,True
19,5,0,Fp1,0.10377668,-0.09977154,0.12010013,0.5,0.5,"[4, 4]",0.5,False,0.31506783,0.05825232,0.26399105,True
19,5,1,Fp2,0.07229671,0.06277494,0.09550522,0.5,0.5,"[4, 4]",0.5,False,0.31506783,0.05825232,0.26399105,True
19,5,2,Fz,0.12146303,-0.12146303,0.13000272,0.5,0.5,"[4, 4]",0.5,False,0.31506783,0.05825232,0.26399105,True
19,5,3,F3,0.06856396,0.01936628,0.07301034,0.5,0.5,"[4, 4]",0.5,False,0.31506783,0.05825232,0.26399105,True
19,5,4,F4,0.10669318,0.03906606,0.10806318,0.5,0.5,"[4, 4]",0.5,False,0.31506783,0.05825232,0.26399105,True
19,5,5,F7,0.0979298,0.07300203,0.11230868,0.5,0.5,"[4, 4]",0.5,False,0.31506783,0.05825232,0.26399105,True
19,5,6,F8,0.03983795,-0.00474666,0.04665329,0.5,0.5,"[4, 4]",0.5,False,0.31506783,0.05825232,0.26399105,True
19,5,7,FCz,0.07266965,0.07266965,0.08343211,0.5,0.5,"[4, 4]",0.5,False,0.31506783,0.05825232,0.26399105,True
19,5,8,FC3,0.02880628,-0.01655548,0.03545455,0.5,0.5,"[4, 4]",0.5,False,0.31506783,0.05825232,0.26399105,True
19,5,9,FC4,0.08452093,-0.0680786,0.09983439,0.5,0.5,"[4, 4]",0.5,False,0.31506783,0.05825232,0.26399105,True
19,5,10,FT7,0.07021149,-0.01608264,0.09193607,0.5,0.5,"[4, 4]",0.5,False,0.31506783,0.05825232,0.26399105,True
19,5,11,FT8,0.09466612,0.02434083,0.11176211,0.5,0.5,"[4, 4]",0.5,False,0.31506783,0.05825232,0.26399105,True
19,5,12,Cz,0.05583072,0.04278054,0.06893468,0.5,0.5,"[4, 4]",0.5,False,0.31506783,0.05825232,0.26399105,True
19,5,13,C3,0.11061398,0.06196937,0.11184932,0.5,0.5,"[4, 4]",0.5,False,0.31506783,0.05825232,0.26399105,True
19,5,14,C4,0.09287912,-0.06127729,0.1024782,0.5,0.5,"[4, 4]",0.5,False,0.31506783,0.05825232,0.26399105,True
19,5,15,T3,0.14630833,0.14630833,0.15912403,0.5,0.5,"[4, 4]",0.5,False,0.31506783,0.05825232,0.26399105,True
19,5,16,T4,0.11836205,0.02020352,0.13811181,0.5,0.5,"[4, 4]",0.5,False,0.31506783,0.05825232,0.26399105,True
19,5,17,CP3,0.14266582,0.02927087,0.15873723,0.5,0.5,"[4, 4]",0.5,False,0.31506783,0.05825232,0.26399105,True
19,5,18,CP4,0.10153595,0.012482,0.1210383,0.5,0.5,"[4, 4]",0.5,False,0.31506783,0.05825232,0.26399105,True
19,5,19,TP7,0.07836147,-0.01544304,0.09129711,0.5,0.5,"[4, 4]",0.5,False,0.31506783,0.05825232,0.26399105,True
19,5,20,TP8,0.10418339,-0.04896808,0.11635531,0.5,0.5,"[4, 4]",0.5,False,0.31506783,0.05825232,0.26399105,True
19,5,21,Pz,0.17427765,-0.00561538,0.17481545,0.5,0.5,"[4, 4]",0.5,False,0.31506783,0.05825232,0.26399105,True
19,5,22,P3,0.10871623,0.10871623,0.11764051,0.5,0.5,"[4, 4]",0.5,False,0.31506783,0.05825232,0.26399105,True
19,5,23,P4,0.12192267,-0.12192267,0.14080645,0.5,0.5,"[4, 4]",0.5,False,0.31506783,0.05825232,0.26399105,True
19,5,24,T5,0.0926973,0.07290123,0.10343825,0.5,0.5,"[4, 4]",0.5,False,0.31506783,0.05825232,0.26399105,True
19,5,25,T6,0.06639817,-0.05466167,0.08641292,0.5,0.5,"[4, 4]",0.5,False,0.31506783,0.05825232,0.26399105,True
19,5,26,Oz,0.05528294,0.02514416,0.05617743,0.5,0.5,"[4, 4]",0.5,False,0.31506783,0.05825232,0.26399105,True
19,5,27,O1,0.12495074,0.04720477,0.14059341,0.5,0.5,"[4, 4]",0.5,False,0.31506783,0.05825232,0.26399105,True
19,5,28,O2,0.13803348,-0.03688107,0.14551149,0.5,0.5,"[4, 4]",0.5,False,0.31506783,0.05825232,0.26399105,True
20,1,0,Fp1,0.05893689,-0.05168005,0.076093,0.625,0.625,"[5, 3]",0.625,False,1.04245547,0.26894603,0.87345927,True
20,1,1,Fp2,0.0768536,0.07178891,0.10072141,0.625,0.625,"[5, 3]",0.625,False,1.04245547,0.26894603,0.87345927,True
20,1,2,Fz,0.1905041,-0.1905041,0.20480698,0.625,0.625,"[5, 3]",0.625,False,1.04245547,0.26894603,0.87345927,True
20,1,3,F3,0.06335185,0.03709745,0.07731862,0.625,0.625,"[5, 3]",0.625,False,1.04245547,0.26894603,0.87345927,True
20,1,4,F4,0.13407812,0.11512373,0.1660316,0.625,0.625,"[5, 3]",0.625,False,1.04245547,0.26894603,0.87345927,True
20,1,5,F7,0.06114714,0.03789512,0.07259047,0.625,0.625,"[5, 3]",0.625,False,1.04245547,0.26894603,0.87345927,True
20,1,6,F8,0.15895052,-0.02760283,0.17192726,0.625,0.625,"[5, 3]",0.625,False,1.04245547,0.26894603,0.87345927,True
20,1,7,FCz,0.07045435,0.06866538,0.0965667,0.625,0.625,"[5, 3]",0.625,False,1.04245547,0.26894603,0.87345927,True
20,1,8,FC3,0.05783879,0.05081639,0.07717907,0.625,0.625,"[5, 3]",0.625,False,1.04245547,0.26894603,0.87345927,True
20,1,9,FC4,0.07122565,-0.03110713,0.07161753,0.625,0.625,"[5, 3]",0.625,False,1.04245547,0.26894603,0.87345927,True
20,1,10,FT7,0.03894943,-0.01818239,0.05152938,0.625,0.625,"[5, 3]",0.625,False,1.04245547,0.26894603,0.87345927,True
20,1,11,FT8,0.06493676,0.06493676,0.08524538,0.625,0.625,"[5, 3]",0.625,False,1.04245547,0.26894603,0.87345927,True
20,1,12,Cz,0.14826348,0.14826348,0.16473034,0.625,0.625,"[5, 3]",0.625,False,1.04245547,0.26894603,0.87345927,True
20,1,13,C3,0.1035861,0.06145632,0.14117631,0.625,0.625,"[5, 3]",0.625,False,1.04245547,0.26894603,0.87345927,True
20,1,14,C4,0.06922659,-0.04713434,0.1040272,0.625,0.625,"[5, 3]",0.625,False,1.04245547,0.26894603,0.87345927,True
20,1,15,T3,0.08212595,0.01256001,0.08776081,0.625,0.625,"[5, 3]",0.625,False,1.04245547,0.26894603,0.87345927,True
20,1,16,T4,0.11768571,0.02117177,0.13484664,0.625,0.625,"[5, 3]",0.625,False,1.04245547,0.26894603,0.87345927,True
20,1,17,CP3,0.06752761,-0.00041636,0.08517306,0.625,0.625,"[5, 3]",0.625,False,1.04245547,0.26894603,0.87345927,True
20,1,18,CP4,0.07697409,0.06060628,0.10097169,0.625,0.625,"[5, 3]",0.625,False,1.04245547,0.26894603,0.87345927,True
20,1,19,TP7,0.1467924,-0.1467924,0.16486119,0.625,0.625,"[5, 3]",0.625,False,1.04245547,0.26894603,0.87345927,True
20,1,20,TP8,0.03422487,0.00564853,0.03688922,0.625,0.625,"[5, 3]",0.625,False,1.04245547,0.26894603,0.87345927,True
20,1,21,Pz,0.1083875,-0.04385448,0.13258505,0.625,0.625,"[5, 3]",0.625,False,1.04245547,0.26894603,0.87345927,True
20,1,22,P3,0.08798434,0.08798434,0.13373119,0.625,0.625,"[5, 3]",0.625,False,1.04245547,0.26894603,0.87345927,True
20,1,23,P4,0.09690455,-0.09690455,0.11200118,0.625,0.625,"[5, 3]",0.625,False,1.04245547,0.26894603,0.87345927,True
20,1,24,T5,0.04146015,0.01691213,0.06278786,0.625,0.625,"[5, 3]",0.625,False,1.04245547,0.26894603,0.87345927,True
20,1,25,T6,0.0954603,-0.04579262,0.12453282,0.625,0.625,"[5, 3]",0.625,False,1.04245547,0.26894603,0.87345927,True
20,1,26,Oz,0.10749955,0.09993893,0.12234797,0.625,0.625,"[5, 3]",0.625,False,1.04245547,0.26894603,0.87345927,True
20,1,27,O1,0.13255283,0.07016167,0.14979272,0.625,0.625,"[5, 3]",0.625,False,1.04245547,0.26894603,0.87345927,True
20,1,28,O2,0.06332451,-0.00895462,0.07099103,0.625,0.625,"[5, 3]",0.625,False,1.04245547,0.26894603,0.87345927,True
20,2,0,Fp1,0.10950674,-0.0957012,0.12228569,0.375,0.375,"[1, 7]",0.875,False,0.00323102,0.00030001,0.00270723,True
20,2,1,Fp2,0.07810819,0.06146018,0.09557508,0.375,0.375,"[1, 7]",0.875,False,0.00323102,0.00030001,0.00270723,True
20,2,2,Fz,0.10400176,-0.0981815,0.11735893,0.375,0.375,"[1, 7]",0.875,False,0.00323102,0.00030001,0.00270723,True
20,2,3,F3,0.08777068,0.0277132,0.09455749,0.375,0.375,"[1, 7]",0.875,False,0.00323102,0.00030001,0.00270723,True
20,2,4,F4,0.09768283,0.01280001,0.10778802,0.375,0.375,"[1, 7]",0.875,False,0.00323102,0.00030001,0.00270723,True
20,2,5,F7,0.08440586,0.08182675,0.09796042,0.375,0.375,"[1, 7]",0.875,False,0.00323102,0.00030001,0.00270723,True
20,2,6,F8,0.07764207,-0.02920645,0.07864249,0.375,0.375,"[1, 7]",0.875,False,0.00323102,0.00030001,0.00270723,True
20,2,7,FCz,0.09908289,0.09908289,0.11432616,0.375,0.375,"[1, 7]",0.875,False,0.00323102,0.00030001,0.00270723,True
20,2,8,FC3,0.03114033,0.00602219,0.03788218,0.375,0.375,"[1, 7]",0.875,False,0.00323102,0.00030001,0.00270723,True
20,2,9,FC4,0.05774175,-0.05774175,0.07617235,0.375,0.375,"[1, 7]",0.875,False,0.00323102,0.00030001,0.00270723,True
20,2,10,FT7,0.09026979,-0.05822622,0.10396317,0.375,0.375,"[1, 7]",0.875,False,0.00323102,0.00030001,0.00270723,True
20,2,11,FT8,0.0799412,-0.00368779,0.09696802,0.375,0.375,"[1, 7]",0.875,False,0.00323102,0.00030001,0.00270723,True
20,2,12,Cz,0.07705224,0.07583365,0.09260236,0.375,0.375,"[1, 7]",0.875,False,0.00323102,0.00030001,0.00270723,True
20,2,13,C3,0.11508089,0.07251649,0.1172929,0.375,0.375,"[1, 7]",0.875,False,0.00323102,0.00030001,0.00270723,True
20,2,14,C4,0.0855049,-0.07512461,0.09602217,0.375,0.375,"[1, 7]",0.875,False,0.00323102,0.00030001,0.00270723,True
20,2,15,T3,0.12688477,0.12688477,0.13207866,0.375,0.375,"[1, 7]",0.875,False,0.00323102,0.00030001,0.00270723,True
20,2,16,T4,0.1220876,0.01331595,0.13464016,0.375,0.375,"[1, 7]",0.875,False,0.00323102,0.00030001,0.00270723,True
20,2,17,CP3,0.12112439,0.03294354,0.13946523,0.375,0.375,"[1, 7]",0.875,False,0.00323102,0.00030001,0.00270723,True
20,2,18,CP4,0.11093313,0.03435949,0.12770779,0.375,0.375,"[1, 7]",0.875,False,0.00323102,0.00030001,0.00270723,True
20,2,19,TP7,0.08427772,-0.01888148,0.09435537,0.375,0.375,"[1, 7]",0.875,False,0.00323102,0.00030001,0.00270723,True
20,2,20,TP8,0.08926946,-0.0594634,0.10848671,0.375,0.375,"[1, 7]",0.875,False,0.00323102,0.00030001,0.00270723,True
20,2,21,Pz,0.15288901,0.0065824,0.15307517,0.375,0.375,"[1, 7]",0.875,False,0.00323102,0.00030001,0.00270723,True
20,2,22,P3,0.10800746,0.10800746,0.11730669,0.375,0.375,"[1, 7]",0.875,False,0.00323102,0.00030001,0.00270723,True
20,2,23,P4,0.1048134,-0.0931653,0.11679727,0.375,0.375,"[1, 7]",0.875,False,0.00323102,0.00030001,0.00270723,True
20,2,24,T5,0.10485555,0.07298882,0.11420297,0.375,0.375,"[1, 7]",0.875,False,0.00323102,0.00030001,0.00270723,True
20,2,25,T6,0.08127549,-0.06235653,0.09257986,0.375,0.375,"[1, 7]",0.875,False,0.00323102,0.00030001,0.00270723,True
20,2,26,Oz,0.07747076,0.04226759,0.07990965,0.375,0.375,"[1, 7]",0.875,False,0.00323102,0.00030001,0.00270723,True
20,2,27,O1,0.12186212,0.05593303,0.13229263,0.375,0.375,"[1, 7]",0.875,False,0.00323102,0.00030001,0.00270723,True
20,2,28,O2,0.14414138,-0.02368954,0.14686176,0.375,0.375,"[1, 7]",0.875,False,0.00323102,0.00030001,0.00270723,True
20,3,0,Fp1,0.10980674,-0.0957012,0.12251033,0.5,0.5,"[0, 8]",1.0,True,0.00323096,0.00030001,0.00270718,True
20,3,1,Fp2,0.07795819,0.06161018,0.09552328,0.5,0.5,"[0, 8]",1.0,True,0.00323096,0.00030001,0.00270718,True
20,3,2,Fz,0.10385177,-0.09803151,0.11717529,0.5,0.5,"[0, 8]",1.0,True,0.00323096,0.00030001,0.00270718,True
20,3,3,F3,0.08792067,0.0278632,0.09462874,0.5,0.5,"[0, 8]",1.0,True,0.00323096,0.00030001,0.00270718,True
20,3,4,F4,0.09738284,0.01250003,0.107599,0.5,0.5,"[0, 8]",1.0,True,0.00323096,0.00030001,0.00270718,True
20,3,5,F7,0.08410586,0.08182675,0.09781133,0.5,0.5,"[0, 8]",1.0,True,0.00323096,0.00030001,0.00270718,True
20,3,6,F8,0.07764205,-0.02920644,0.07864249,0.5,0.5,"[0, 8]",1.0,True,0.00323096,0.00030001,0.00270718,True
20,3,7,FCz,0.09893288,0.09893288,0.11409945,0.5,0.5,"[0, 8]",1.0,True,0.00323096,0.00030001,0.00270718,True
20,3,8,FC3,0.03129027,0.00617212,0.03790006,0.5,0.5,"[0, 8]",1.0,True,0.00323096,0.00030001,0.00270718,True
20,3,9,FC4,0.05789176,-0.05789176,0.07620241,0.5,0.5,"[0, 8]",1.0,True,0.00323096,0.00030001,0.00270718,True
20,3,10,FT7,0.09026979,-0.05822622,0.10396315,0.5,0.5,"[0, 8]",1.0,True,0.00323096,0.00030001,0.00270718,True
20,3,11,FT8,0.0797912,-0.00353779,0.09692363,0.5,0.5,"[0, 8]",1.0,True,0.00323096,0.00030001,0.00270718,True
20,3,12,Cz,0.07690223,0.07568365,0.0924428,0.5,0.5,"[0, 8]",1.0,True,0.00323096,0.00030001,0.00270718,True
20,3,13,C3,0.11508089,0.07251649,0.1172929,0.5,0.5,"[0, 8]",1.0,True,0.00323096,0.00030001,0.00270718,True
20,3,14,C4,0.08580486,-0.07512461,0.09616499,0.5,0.5,"[0, 8]",1.0,True,0.00323096,0.00030001,0.00270718,True
20,3,15,T3,0.12688479,0.12688479,0.13213998,0.5,0.5,"[0, 8]",1.0,True,0.00323096,0.00030001,0.00270718,True
20,3,16,T4,0.1222377,0.01316607,0.13469501,0.5,0.5,"[0, 8]",1.0,True,0.00323096,0.00030001,0.00270718,True
20,3,17,CP3,0.12112439,0.03294354,0.13946523,0.5,0.5,"[0, 8]",1.0,True,0.00323096,0.00030001,0.00270718,True
20,3,18,CP4,0.11063315,0.03435949,0.12731187,0.5,0.5,"[0, 8]",1.0,True,0.00323096,0.00030001,0.00270718,True
20,3,19,TP7,0.08457769,-0.01858151,0.09456401,0.5,0.5,"[0, 8]",1.0,True,0.00323096,0.00030001,0.00270718,True
20,3,20,TP8,0.08881947,-0.05931341,0.10801729,0.5,0.5,"[0, 8]",1.0,True,0.00323096,0.00030001,0.00270718,True
20,3,21,Pz,0.15318899,0.0065824,0.15337668,0.5,0.5,"[0, 8]",1.0,True,0.00323096,0.00030001,0.00270718,True
20,3,22,P3,0.10815744,0.10815744,0.1173338,0.5,0.5,"[0, 8]",1.0,True,0.00323096,0.00030001,0.00270718,True
20,3,23,P4,0.1049634,-0.0933153,0.11701024,0.5,0.5,"[0, 8]",1.0,True,0.00323096,0.00030001,0.00270718,True
20,3,24,T5,0.10485555,0.07298883,0.11420297,0.5,0.5,"[0, 8]",1.0,True,0.00323096,0.00030001,0.00270718,True
20,3,25,T6,0.0814255,-0.06250653,0.09263877,0.5,0.5,"[0, 8]",1.0,True,0.00323096,0.00030001,0.00270718,True
20,3,26,Oz,0.07747076,0.04196759,0.07984817,0.5,0.5,"[0, 8]",1.0,True,0.00323096,0.00030001,0.00270718,True
20,3,27,O1,0.12186212,0.05593304,0.13229263,0.5,0.5,"[0, 8]",1.0,True,0.00323096,0.00030001,0.00270718,True
20,3,28,O2,0.14399138,-0.02383954,0.14675385,0.5,0.5,"[0, 8]",1.0,True,0.00323096,0.00030001,0.00270718,True
20,4,0,Fp1,0.1221711,-0.10590593,0.13668853,0.875,0.875,"[5, 3]",0.625,False,0.55894845,0.10518045,0.46833531,True
20,4,1,Fp2,0.05076115,0.04106161,0.08619732,0.875,0.875,"[5, 3]",0.625,False,0.55894845,0.10518045,0.46833531,True
20,4,2,Fz,0.11814576,-0.10506544,0.13326491,0.875,0.875,"[5, 3]",0.625,False,0.55894845,0.10518045,0.46833531,True
20,4,3,F3,0.08291747,0.00570444,0.10509772,0.875,0.875,"[5, 3]",0.625,False,0.55894845,0.10518045,0.46833531,True
20,4,4,F4,0.10932275,0.07688016,0.11296634,0.875,0.875,"[5, 3]",0.625,False,0.55894845,0.10518045,0.46833531,True
20,4,5,F7,0.06486766,0.04613552,0.07496387,0.875,0.875,"[5, 3]",0.625,False,0.55894845,0.10518045,0.46833531,True
20,4,6,F8,0.08145266,0.02667043,0.11154876,0.875,0.875,"[5, 3]",0.625,False,0.55894845,0.10518045,0.46833531,True
20,4,7,FCz,0.11267376,0.11267376,0.11885229,0.875,0.875,"[5, 3]",0.625,False,0.55894845,0.10518045,0.46833531,True
20,4,8,FC3,0.05940472,-0.0054331,0.06309839,0.875,0.875,"[5, 3]",0.625,False,0.55894845,0.10518045,0.46833531,True
20,4,9,FC4,0.05311577,-0.01432657,0.06107408,0.875,0.875,"[5, 3]",0.625,False,0.55894845,0.10518045,0.46833531,True
20,4,10,FT7,0.09846824,-0.05376681,0.12226856,0.875,0.875,"[5, 3]",0.625,False,0.55894845,0.10518045,0.46833531,True
20,4,11,FT8,0.08564043,0.05419411,0.10289326,0.875,0.875,"[5, 3]",0.625,False,0.55894845,0.10518045,0.46833531,True
20,4,12,Cz,0.09980571,0.09980571,0.11175679,0.875,0.875,"[5, 3]",0.625,False,0.55894845,0.10518045,0.46833531,True
20,4,13,C3,0.10948858,0.06887351,0.12112664,0.875,0.875,"[5, 3]",0.625,False,0.55894845,0.10518045,0.46833531,True
20,4,14,C4,0.07789277,-0.03266832,0.07916838,0.875,0.875,"[5, 3]",0.625,False,0.55894845,0.10518045,0.46833531,True
20,4,15,T3,0.0914492,0.0914492,0.09492269,0.875,0.875,"[5, 3]",0.625,False,0.55894845,0.10518045,0.46833531,True
20,4,16,T4,0.15736599,0.05580711,0.1798241,0.875,0.875,"[5, 3]",0.625,False,0.55894845,0.10518045,0.46833531,True
20,4,17,CP3,0.09711277,-0.0038841,0.10593326,0.875,0.875,"[5, 3]",0.625,False,0.55894845,0.10518045,0.46833531,True
20,4,18,CP4,0.09938014,0.06403796,0.1081681,0.875,0.875,"[5, 3]",0.625,False,0.55894845,0.10518045,0.46833531,True
20,4,19,TP7,0.1136819,-0.0749786,0.12610525,0.875,0.875,"[5, 3]",0.625,False,0.55894845,0.10518045,0.46833531,True
20,4,20,TP8,0.07090586,-0.02129935,0.07634287,0.875,0.875,"[5, 3]",0.625,False,0.55894845,0.10518045,0.46833531,True
20,4,21,Pz,0.14868635,-0.02770769,0.15379392,0.875,0.875,"[5, 3]",0.625,False,0.55894845,0.10518045,0.46833531,True
20,4,22,P3,0.07563775,0.07495606,0.10343388,0.875,0.875,"[5, 3]",0.625,False,0.55894845,0.10518045,0.46833531,True
20,4,23,P4,0.09557609,-0.06179351,0.10448046,0.875,0.875,"[5, 3]",0.625,False,0.55894845,0.10518045,0.46833531,True
20,4,24,T5,0.04065911,0.02279844,0.04781036,0.875,0.875,"[5, 3]",0.625,False,0.55894845,0.10518045,0.46833531,True
20,4,25,T6,0.07368825,-0.07049847,0.09512421,0.875,0.875,"[5, 3]",0.625,False,0.55894845,0.10518045,0.46833531,True
20,4,26,Oz,0.07552395,0.07001423,0.09299924,0.875,0.875,"[5, 3]",0.625,False,0.55894845,0.10518045,0.46833531,True
20,4,27,O1,0.13433903,0.06181326,0.15807907,0.875,0.875,"[5, 3]",0.625,False,0.55894845,0.10518045,0.46833531,True
20,4,28,O2,0.12415519,0.00329393,0.12807661,0.875,0.875,"[5, 3]",0.625,False,0.55894845,0.10518045,0.46833531,True
20,5,0,Fp1,0.0441756,-0.01786019,0.05070144,0.625,0.625,"[5, 3]",0.625,False,1.08548416,0.30930733,0.90951242,True
20,5,1,Fp2,0.05800807,-0.01005639,0.0619834,0.625,0.625,"[5, 3]",0.625,False,1.08548416,0.30930733,0.90951242,True
20,5,2,Fz,0.146529,-0.13015255,0.1731198,0.625,0.625,"[5, 3]",0.625,False,1.08548416,0.30930733,0.90951242,True
20,5,3,F3,0.11562096,0.00373772,0.13876618,0.625,0.625,"[5, 3]",0.625,False,1.08548416,0.30930733,0.90951242,True
20,5,4,F4,0.08901782,0.05002733,0.09768361,0.625,0.625,"[5, 3]",0.625,False,1.08548416,0.30930733,0.90951242,True
20,5,5,F7,0.030393,-0.00406357,0.03310585,0.625,0.625,"[5, 3]",0.625,False,1.08548416,0.30930733,0.90951242,True
20,5,6,F8,0.18977937,0.14776094,0.20208906,0.625,0.625,"[5, 3]",0.625,False,1.08548416,0.30930733,0.90951242,True
20,5,7,FCz,0.06872648,0.06872648,0.08035208,0.625,0.625,"[5, 3]",0.625,False,1.08548416,0.30930733,0.90951242,True
20,5,8,FC3,0.05099086,-0.00386783,0.05853869,0.625,0.625,"[5, 3]",0.625,False,1.08548416,0.30930733,0.90951242,True
20,5,9,FC4,0.05579682,-0.00694986,0.06307959,0.625,0.625,"[5, 3]",0.625,False,1.08548416,0.30930733,0.90951242,True
20,5,10,FT7,0.06529761,0.06529761,0.08895854,0.625,0.625,"[5, 3]",0.625,False,1.08548416,0.30930733,0.90951242,True
20,5,11,FT8,0.07810581,0.00274842,0.10172949,0.625,0.625,"[5, 3]",0.625,False,1.08548416,0.30930733,0.90951242,True
20,5,12,Cz,0.11169144,0.11169144,0.11518018,0.625,0.625,"[5, 3]",0.625,False,1.08548416,0.30930733,0.90951242,True
20,5,13,C3,0.08159848,0.01216654,0.1063456,0.625,0.625,"[5, 3]",0.625,False,1.08548416,0.30930733,0.90951242,True
20,5,14,C4,0.07014154,-0.05427035,0.08991443,0.625,0.625,"[5, 3]",0.625,False,1.08548416,0.30930733,0.90951242,True
20,5,15,T3,0.04636321,0.0041019,0.05882486,0.625,0.625,"[5, 3]",0.625,False,1.08548416,0.30930733,0.90951242,True
20,5,16,T4,0.06070509,0.00217625,0.07020571,0.625,0.625,"[5, 3]",0.625,False,1.08548416,0.30930733,0.90951242,True
20,5,17,CP3,0.08190571,-0.01737211,0.1033888,0.625,0.625,"[5, 3]",0.625,False,1.08548416,0.30930733,0.90951242,True
20,5,18,CP4,0.10270547,0.10270547,0.11915553,0.625,0.625,"[5, 3]",0.625,False,1.08548416,0.30930733,0.90951242,True
20,5,19,TP7,0.15937713,-0.15937713,0.18011476,0.625,0.625,"[5, 3]",0.625,False,1.08548416,0.30930733,0.90951242,True
20,5,20,TP8,0.06781227,-0.00999562,0.07615322,0.625,0.625,"[5, 3]",0.625,False,1.08548416,0.30930733,0.90951242,True
20,5,21,Pz,0.16629657,0.03829698,0.18438616,0.625,0.625,"[5, 3]",0.625,False,1.08548416,0.30930733,0.90951242,True
20,5,22,P3,0.14335193,0.14335193,0.16809535,0.625,0.625,"[5, 3]",0.625,False,1.08548416,0.30930733,0.90951242,True
20,5,23,P4,0.08166231,-0.08166231,0.12425759,0.625,0.625,"[5, 3]",0.625,False,1.08548416,0.30930733,0.90951242,True
20,5,24,T5,0.07136594,0.07136594,0.07968971,0.625,0.625,"[5, 3]",0.625,False,1.08548416,0.30930733,0.90951242,True
20,5,25,T6,0.14135903,-0.11421028,0.15974768,0.625,0.625,"[5, 3]",0.625,False,1.08548416,0.30930733,0.90951242,True
20,5,26,Oz,0.06796476,0.03267683,0.0824574,0.625,0.625,"[5, 3]",0.625,False,1.08548416,0.30930733,0.90951242,True
20,5,27,O1,0.15042311,0.09118158,0.1659946,0.625,0.625,"[5, 3]",0.625,False,1.08548416,0.30930733,0.90951242,True
20,5,28,O2,0.09787475,-0.03894665,0.10719005,0.625,0.625,"[5, 3]",0.625,False,1.08548416,0.30930733,0.90951242,True
21,1,0,Fp1,0.13454428,-0.13454428,0.15160367,0.375,0.375,"[5, 3]",0.625,False,0.42531532,0.08335679,0.35636593,True
21,1,1,Fp2,0.06505594,0.02217862,0.07323599,0.375,0.375,"[5, 3]",0.625,False,0.42531532,0.08335679,0.35636593,True
21,1,2,Fz,0.09334631,-0.09212047,0.113236,0.375,0.375,"[5, 3]",0.625,False,0.42531532,0.08335679,0.35636593,True
21,1,3,F3,0.10412869,0.01958077,0.12570941,0.375,0.375,"[5, 3]",0.625,False,0.42531532,0.08335679,0.35636593,True
21,1,4,F4,0.09878647,-0.0042549,0.12456468,0.375,0.375,"[5, 3]",0.625,False,0.42531532,0.08335679,0.35636593,True
21,1,5,F7,0.11521284,0.11521284,0.13261074,0.375,0.375,"[5, 3]",0.625,False,0.42531532,0.08335679,0.35636593,True
21,1,6,F8,0.03819365,-0.00286549,0.04499521,0.375,0.375,"[5, 3]",0.625,False,0.42531532,0.08335679,0.35636593,True
21,1,7,FCz,0.08437599,0.08437599,0.09718133,0.375,0.375,"[5, 3]",0.625,False,0.42531532,0.08335679,0.35636593,True
21,1,8,FC3,0.0495472,0.00878096,0.05592331,0.375,0.375,"[5, 3]",0.625,False,0.42531532,0.08335679,0.35636593,True
21,1,9,FC4,0.06245988,-0.04419127,0.0678874,0.375,0.375,"[5, 3]",0.625,False,0.42531532,0.08335679,0.35636593,True
21,1,10,FT7,0.08700781,-0.06926035,0.09621441,0.375,0.375,"[5, 3]",0.625,False,0.42531532,0.08335679,0.35636593,True
21,1,11,FT8,0.06567402,-0.0088682,0.07242016,0.375,0.375,"[5, 3]",0.625,False,0.42531532,0.08335679,0.35636593,True
21,1,12,Cz,0.08822924,0.08822924,0.11340667,0.375,0.375,"[5, 3]",0.625,False,0.42531532,0.08335679,0.35636593,True
21,1,13,C3,0.09269917,0.03533677,0.09917936,0.375,0.375,"[5, 3]",0.625,False,0.42531532,0.08335679,0.35636593,True
21,1,14,C4,0.09340375,-0.07238306,0.09855824,0.375,0.375,"[5, 3]",0.625,False,0.42531532,0.08335679,0.35636593,True
21,1,15,T3,0.09365637,0.09365637,0.10450866,0.375,0.375,"[5, 3]",0.625,False,0.42531532,0.08335679,0.35636593,True
21,1,16,T4,0.0929719,0.01853152,0.11217992,0.375,0.375,"[5, 3]",0.625,False,0.42531532,0.08335679,0.35636593,True
21,1,17,CP3,0.14111738,0.01019103,0.15195106,0.375,0.375,"[5, 3]",0.625,False,0.42531532,0.08335679,0.35636593,True
21,1,18,CP4,0.13236032,0.035951,0.14247338,0.375,0.375,"[5, 3]",0.625,False,0.42531532,0.08335679,0.35636593,True
21,1,19,TP7,0.0565354,-0.00646058,0.0603164,0.375,0.375,"[5, 3]",0.625,False,0.42531532,0.08335679,0.35636593,True
21,1,20,TP8,0.09328993,-0.03629482,0.10079394,0.375,0.375,"[5, 3]",0.625,False,0.42531532,0.08335679,0.35636593,True
21,1,21,Pz,0.16340345,-0.00555572,0.16785555,0.375,0.375,"[5, 3]",0.625,False,0.42531532,0.08335679,0.35636593,True
21,1,22,P3,0.09206188,0.09206188,0.10699273,0.375,0.375,"[5, 3]",0.625,False,0.42531532,0.08335679,0.35636593,True
21,1,23,P4,0.10396985,-0.05249877,0.11595904,0.375,0.375,"[5, 3]",0.625,False,0.42531532,0.08335679,0.35636593,True
21,1,24,T5,0.11051979,0.07904595,0.11918411,0.375,0.375,"[5, 3]",0.625,False,0.42531532,0.08335679,0.35636593,True
21,1,25,T6,0.07383513,-0.05174789,0.08598199,0.375,0.375,"[5, 3]",0.625,False,0.42531532,0.08335679,0.35636593,True
21,1,26,Oz,0.0787211,0.06110395,0.09793691,0.375,0.375,"[5, 3]",0.625,False,0.42531532,0.08335679,0.35636593,True
21,1,27,O1,0.11402401,0.05775551,0.12059302,0.375,0.375,"[5, 3]",0.625,False,0.42531532,0.08335679,0.35636593,True
21,1,28,O2,0.15051429,-0.04140729,0.15746851,0.375,0.375,"[5, 3]",0.625,False,0.42531532,0.08335679,0.35636593,True
21,2,0,Fp1,0.13242078,-0.12913713,0.15268566,0.625,0.625,"[1, 7]",0.875,False,0.24898023,0.0532435,0.20861715,True
21,2,1,Fp2,0.05635051,0.03420178,0.06697132,0.625,0.625,"[1, 7]",0.875,False,0.24898023,0.0532435,0.20861715,True
21,2,2,Fz,0.1250812,-0.1250812,0.14431456,0.625,0.625,"[1, 7]",0.875,False,0.24898023,0.0532435,0.20861715,True
21,2,3,F3,0.08460748,0.03315171,0.10271487,0.625,0.625,"[1, 7]",0.875,False,0.24898023,0.0532435,0.20861715,True
21,2,4,F4,0.09661594,0.00025883,0.11490675,0.625,0.625,"[1, 7]",0.875,False,0.24898023,0.0532435,0.20861715,True
21,2,5,F7,0.11377634,0.10492584,0.12722079,0.625,0.625,"[1, 7]",0.875,False,0.24898023,0.0532435,0.20861715,True
21,2,6,F8,0.06308727,-0.00327857,0.07398212,0.625,0.625,"[1, 7]",0.875,False,0.24898023,0.0532435,0.20861715,True
21,2,7,FCz,0.08440181,0.07909573,0.09563911,0.625,0.625,"[1, 7]",0.875,False,0.24898023,0.0532435,0.20861715,True
21,2,8,FC3,0.03307363,-0.00782188,0.04102911,0.625,0.625,"[1, 7]",0.875,False,0.24898023,0.0532435,0.20861715,True
21,2,9,FC4,0.05402113,-0.0523458,0.07437299,0.625,0.625,"[1, 7]",0.875,False,0.24898023,0.0532435,0.20861715,True
21,2,10,FT7,0.08110648,-0.04442111,0.09001131,0.625,0.625,"[1, 7]",0.875,False,0.24898023,0.0532435,0.20861715,True
21,2,11,FT8,0.07920396,-0.00169149,0.0866546,0.625,0.625,"[1, 7]",0.875,False,0.24898023,0.0532435,0.20861715,True
21,2,12,Cz,0.06970268,0.06358182,0.08142833,0.625,0.625,"[1, 7]",0.875,False,0.24898023,0.0532435,0.20861715,True
21,2,13,C3,0.10997199,0.07144365,0.11568316,0.625,0.625,"[1, 7]",0.875,False,0.24898023,0.0532435,0.20861715,True
21,2,14,C4,0.08005683,-0.04920747,0.08364357,0.625,0.625,"[1, 7]",0.875,False,0.24898023,0.0532435,0.20861715,True
21,2,15,T3,0.14376703,0.14376703,0.14688821,0.625,0.625,"[1, 7]",0.875,False,0.24898023,0.0532435,0.20861715,True
21,2,16,T4,0.11208004,0.02459953,0.12879959,0.625,0.625,"[1, 7]",0.875,False,0.24898023,0.0532435,0.20861715,True
21,2,17,CP3,0.11485321,0.03203304,0.13631985,0.625,0.625,"[1, 7]",0.875,False,0.24898023,0.0532435,0.20861715,True
21,2,18,CP4,0.11736789,0.04933928,0.12672617,0.625,0.625,"[1, 7]",0.875,False,0.24898023,0.0532435,0.20861715,True
21,2,19,TP7,0.08096081,-0.00294093,0.08586934,0.625,0.625,"[1, 7]",0.875,False,0.24898023,0.0532435,0.20861715,True
21,2,20,TP8,0.08626097,-0.04985924,0.10202632,0.625,0.625,"[1, 7]",0.875,False,0.24898023,0.0532435,0.20861715,True
21,2,21,Pz,0.16580275,0.00621179,0.16601215,0.625,0.625,"[1, 7]",0.875,False,0.24898023,0.0532435,0.20861715,True
21,2,22,P3,0.11066226,0.11066226,0.12512635,0.625,0.625,"[1, 7]",0.875,False,0.24898023,0.0532435,0.20861715,True
21,2,23,P4,0.0944332,-0.07985577,0.1035291,0.625,0.625,"[1, 7]",0.875,False,0.24898023,0.0532435,0.20861715,True
21,2,24,T5,0.10565473,0.07747245,0.11450885,0.625,0.625,"[1, 7]",0.875,False,0.24898023,0.0532435,0.20861715,True
21,2,25,T6,0.06387985,-0.06387985,0.08388982,0.625,0.625,"[1, 7]",0.875,False,0.24898023,0.0532435,0.20861715,True
21,2,26,Oz,0.07692254,0.05969381,0.08770975,0.625,0.625,"[1, 7]",0.875,False,0.24898023,0.0532435,0.20861715,True
21,2,27,O1,0.12031392,0.05151445,0.13110091,0.625,0.625,"[1, 7]",0.875,False,0.24898023,0.0532435,0.20861715,True
21,2,28,O2,0.12692535,-0.02584149,0.13142212,0.625,0.625,"[1, 7]",0.875,False,0.24898023,0.0532435,0.20861715,True
21,3,0,Fp1,0.13491103,-0.13491103,0.15144098,0.375,0.375,"[5, 3]",0.625,False,0.30320855,0.05662503,0.25405432,True
21,3,1,Fp2,0.05560761,0.03092746,0.06592385,0.375,0.375,"[5, 3]",0.625,False,0.30320855,0.05662503,0.25405432,True
21,3,2,Fz,0.09230179,-0.08611191,0.10837397,0.375,0.375,"[5, 3]",0.625,False,0.30320855,0.05662503,0.25405432,True
21,3,3,F3,0.07291518,0.03032804,0.08864713,0.375,0.375,"[5, 3]",0.625,False,0.30320855,0.05662503,0.25405432,True
21,3,4,F4,0.10499209,0.01923084,0.11679033,0.375,0.375,"[5, 3]",0.625,False,0.30320855,0.05662503,0.25405432,True
21,3,5,F7,0.10160515,0.10160515,0.11444139,0.375,0.375,"[5, 3]",0.625,False,0.30320855,0.05662503,0.25405432,True
21,3,6,F8,0.05655087,0.00193436,0.06816027,0.375,0.375,"[5, 3]",0.625,False,0.30320855,0.05662503,0.25405432,True
21,3,7,FCz,0.09102517,0.09010492,0.10512169,0.375,0.375,"[5, 3]",0.625,False,0.30320855,0.05662503,0.25405432,True
21,3,8,FC3,0.04106101,-0.01338278,0.04907452,0.375,0.375,"[5, 3]",0.625,False,0.30320855,0.05662503,0.25405432,True
21,3,9,FC4,0.05325693,-0.04107314,0.06772235,0.375,0.375,"[5, 3]",0.625,False,0.30320855,0.05662503,0.25405432,True
21,3,10,FT7,0.07009792,-0.02806432,0.08229936,0.375,0.375,"[5, 3]",0.625,False,0.30320855,0.05662503,0.25405432,True
21,3,11,FT8,0.08170242,0.01653682,0.09160192,0.375,0.375,"[5, 3]",0.625,False,0.30320855,0.05662503,0.25405432,True
21,3,12,Cz,0.0689691,0.0689691,0.07923844,0.375,0.375,"[5, 3]",0.625,False,0.30320855,0.05662503,0.25405432,True
21,3,13,C3,0.1009623,0.04214467,0.10569992,0.375,0.375,"[5, 3]",0.625,False,0.30320855,0.05662503,0.25405432,True
21,3,14,C4,0.07766689,-0.05842276,0.08417182,0.375,0.375,"[5, 3]",0.625,False,0.30320855,0.05662503,0.25405432,True
21,3,15,T3,0.14089717,0.14089717,0.1514298,0.375,0.375,"[5, 3]",0.625,False,0.30320855,0.05662503,0.25405432,True
21,3,16,T4,0.10305922,0.02917788,0.13175485,0.375,0.375,"[5, 3]",0.625,False,0.30320855,0.05662503,0.25405432,True
21,3,17,CP3,0.1298368,0.02486186,0.14440705,0.375,0.375,"[5, 3]",0.625,False,0.30320855,0.05662503,0.25405432,True
21,3,18,CP4,0.13249601,0.02875798,0.15471317,0.375,0.375,"[5, 3]",0.625,False,0.30320855,0.05662503,0.25405432,True
21,3,19,TP7,0.07159484,-0.02374963,0.08484825,0.375,0.375,"[5, 3]",0.625,False,0.30320855,0.05662503,0.25405432,True
21,3,20,TP8,0.10930938,-0.05374728,0.12267435,0.375,0.375,"[5, 3]",0.625,False,0.30320855,0.05662503,0.25405432,True
21,3,21,Pz,0.15050277,0.00964396,0.15100595,0.375,0.375,"[5, 3]",0.625,False,0.30320855,0.05662503,0.25405432,True
21,3,22,P3,0.11606465,0.11606465,0.12655193,0.375,0.375,"[5, 3]",0.625,False,0.30320855,0.05662503,0.25405432,True
21,3,23,P4,0.10170399,-0.07481157,0.10949498,0.375,0.375,"[5, 3]",0.625,False,0.30320855,0.05662503,0.25405432,True
21,3,24,T5,0.11119147,0.07835936,0.11992772,0.375,0.375,"[5, 3]",0.625,False,0.30320855,0.05662503,0.25405432,True
21,3,25,T6,0.06347373,-0.05846535,0.08543547,0.375,0.375,"[5, 3]",0.625,False,0.30320855,0.05662503,0.25405432,True
21,3,26,Oz,0.07609555,0.04239026,0.07777657,0.375,0.375,"[5, 3]",0.625,False,0.30320855,0.05662503,0.25405432,True
21,3,27,O1,0.12798505,0.04852094,0.13531582,0.375,0.375,"[5, 3]",0.625,False,0.30320855,0.05662503,0.25405432,True
21,3,28,O2,0.13498832,-0.03051698,0.13939139,0.375,0.375,"[5, 3]",0.625,False,0.30320855,0.05662503,0.25405432,True
21,4,0,Fp1,0.13130601,-0.13130601,0.1471961,0.75,0.75,"[4, 4]",0.5,False,0.32851279,0.06112354,0.2752564,True
21,4,1,Fp2,0.05823499,0.01729806,0.07237278,0.75,0.75,"[4, 4]",0.5,False,0.32851279,0.06112354,0.2752564,True
21,4,2,Fz,0.11938056,-0.11938056,0.13437699,0.75,0.75,"[4, 4]",0.5,False,0.32851279,0.06112354,0.2752564,True
21,4,3,F3,0.09483942,0.02159344,0.11769413,0.75,0.75,"[4, 4]",0.5,False,0.32851279,0.06112354,0.2752564,True
21,4,4,F4,0.08471452,-0.00363649,0.10111876,0.75,0.75,"[4, 4]",0.5,False,0.32851279,0.06112354,0.2752564,True
21,4,5,F7,0.09069048,0.09069048,0.10588804,0.75,0.75,"[4, 4]",0.5,False,0.32851279,0.06112354,0.2752564,True
21,4,6,F8,0.05117914,-0.00654137,0.05827412,0.75,0.75,"[4, 4]",0.5,False,0.32851279,0.06112354,0.2752564,True
21,4,7,FCz,0.07448875,0.07448875,0.08568012,0.75,0.75,"[4, 4]",0.5,False,0.32851279,0.06112354,0.2752564,True
21,4,8,FC3,0.04907218,0.00760313,0.05952931,0.75,0.75,"[4, 4]",0.5,False,0.32851279,0.06112354,0.2752564,True
21,4,9,FC4,0.04265499,-0.03792832,0.06217727,0.75,0.75,"[4, 4]",0.5,False,0.32851279,0.06112354,0.2752564,True
21,4,10,FT7,0.09804019,-0.08445454,0.11456168,0.75,0.75,"[4, 4]",0.5,False,0.32851279,0.06112354,0.2752564,True
21,4,11,FT8,0.07395965,0.01871298,0.08135895,0.75,0.75,"[4, 4]",0.5,False,0.32851279,0.06112354,0.2752564,True
21,4,12,Cz,0.05843935,0.05843935,0.07388417,0.75,0.75,"[4, 4]",0.5,False,0.32851279,0.06112354,0.2752564,True
21,4,13,C3,0.10448236,0.04671533,0.10705426,0.75,0.75,"[4, 4]",0.5,False,0.32851279,0.06112354,0.2752564,True
21,4,14,C4,0.08169422,-0.05278989,0.08383773,0.75,0.75,"[4, 4]",0.5,False,0.32851279,0.06112354,0.2752564,True
21,4,15,T3,0.11891959,0.11891959,0.14276589,0.75,0.75,"[4, 4]",0.5,False,0.32851279,0.06112354,0.2752564,True
21,4,16,T4,0.10124331,0.0163775,0.12551907,0.75,0.75,"[4, 4]",0.5,False,0.32851279,0.06112354,0.2752564,True
21,4,17,CP3,0.13406555,0.02421515,0.15299745,0.75,0.75,"[4, 4]",0.5,False,0.32851279,0.06112354,0.2752564,True
21,4,18,CP4,0.14197142,0.07749508,0.15264989,0.75,0.75,"[4, 4]",0.5,False,0.32851279,0.06112354,0.2752564,True
21,4,19,TP7,0.07142944,-0.01630875,0.08188315,0.75,0.75,"[4, 4]",0.5,False,0.32851279,0.06112354,0.2752564,True
21,4,20,TP8,0.0933685,-0.0417335,0.10434588,0.75,0.75,"[4, 4]",0.5,False,0.32851279,0.06112354,0.2752564,True
21,4,21,Pz,0.15150097,0.01792146,0.15409367,0.75,0.75,"[4, 4]",0.5,False,0.32851279,0.06112354,0.2752564,True
21,4,22,P3,0.10962997,0.10962997,0.11355479,0.75,0.75,"[4, 4]",0.5,False,0.32851279,0.06112354,0.2752564,True
21,4,23,P4,0.08081387,-0.04945567,0.08513195,0.75,0.75,"[4, 4]",0.5,False,0.32851279,0.06112354,0.2752564,True
21,4,24,T5,0.10238744,0.0768951,0.11097527,0.75,0.75,"[4, 4]",0.5,False,0.32851279,0.06112354,0.2752564,True
21,4,25,T6,0.05638312,-0.05419866,0.07143339,0.75,0.75,"[4, 4]",0.5,False,0.32851279,0.06112354,0.2752564,True
21,4,26,Oz,0.09039241,0.052352,0.09678011,0.75,0.75,"[4, 4]",0.5,False,0.32851279,0.06112354,0.2752564,True
21,4,27,O1,0.12341123,0.0565794,0.13458943,0.75,0.75,"[4, 4]",0.5,False,0.32851279,0.06112354,0.2752564,True
21,4,28,O2,0.15339917,-0.03969563,0.15962386,0.75,0.75,"[4, 4]",0.5,False,0.32851279,0.06112354,0.2752564,True
21,5,0,Fp1,0.14336935,-0.14336935,0.15786804,0.375,0.375,"[5, 3]",0.625,False,0.94202324,0.20688611,0.78930847,True
21,5,1,Fp2,0.04472411,0.04472411,0.04993513,0.375,0.375,"[5, 3]",0.625,False,0.94202324,0.20688611,0.78930847,True
21,5,2,Fz,0.0732392,-0.06009515,0.11689238,0.375,0.375,"[5, 3]",0.625,False,0.94202324,0.20688611,0.78930847,True
21,5,3,F3,0.07639597,0.04569368,0.09107563,0.375,0.375,"[5, 3]",0.625,False,0.94202324,0.20688611,0.78930847,True
21,5,4,F4,0.10615533,-0.05450162,0.12855513,0.375,0.375,"[5, 3]",0.625,False,0.94202324,0.20688611,0.78930847,True
21,5,5,F7,0.05576256,0.05576256,0.06340953,0.375,0.375,"[5, 3]",0.625,False,0.94202324,0.20688611,0.78930847,True
21,5,6,F8,0.04800722,0.02734046,0.0510388,0.375,0.375,"[5, 3]",0.625,False,0.94202324,0.20688611,0.78930847,True
21,5,7,FCz,0.09938172,0.0801358,0.13673058,0.375,0.375,"[5, 3]",0.625,False,0.94202324,0.20688611,0.78930847,True
21,5,8,FC3,0.06726182,-0.03920415,0.09261986,0.375,0.375,"[5, 3]",0.625,False,0.94202324,0.20688611,0.78930847,True
21,5,9,FC4,0.04364867,-0.04364867,0.05089615,0.375,0.375,"[5, 3]",0.625,False,0.94202324,0.20688611,0.78930847,True
21,5,10,FT7,0.04959235,0.00282838,0.05913512,0.375,0.375,"[5, 3]",0.625,False,0.94202324,0.20688611,0.78930847,True
21,5,11,FT8,0.0598934,-0.00395623,0.0677553,0.375,0.375,"[5, 3]",0.625,False,0.94202324,0.20688611,0.78930847,True
21,5,12,Cz,0.10578296,0.10578296,0.11287474,0.375,0.375,"[5, 3]",0.625,False,0.94202324,0.20688611,0.78930847,True
21,5,13,C3,0.13471481,0.0197162,0.16519286,0.375,0.375,"[5, 3]",0.625,False,0.94202324,0.20688611,0.78930847,True
21,5,14,C4,0.07216181,0.05215463,0.09861387,0.375,0.375,"[5, 3]",0.625,False,0.94202324,0.20688611,0.78930847,True
21,5,15,T3,0.09292315,0.09292315,0.09693678,0.375,0.375,"[5, 3]",0.625,False,0.94202324,0.20688611,0.78930847,True
21,5,16,T4,0.07946297,0.01147778,0.09231504,0.375,0.375,"[5, 3]",0.625,False,0.94202324,0.20688611,0.78930847,True
21,5,17,CP3,0.11780287,-0.0636154,0.14577754,0.375,0.375,"[5, 3]",0.625,False,0.94202324,0.20688611,0.78930847,True
21,5,18,CP4,0.09691308,-0.08008662,0.12860206,0.375,0.375,"[5, 3]",0.625,False,0.94202324,0.20688611,0.78930847,True
21,5,19,TP7,0.07149502,0.01952267,0.08276395,0.375,0.375,"[5, 3]",0.625,False,0.94202324,0.20688611,0.78930847,True
21,5,20,TP8,0.1011087,-0.05837438,0.11684879,0.375,0.375,"[5, 3]",0.625,False,0.94202324,0.20688611,0.78930847,True
21,5,21,Pz,0.14341524,-0.0154285,0.16208079,0.375,0.375,"[5, 3]",0.625,False,0.94202324,0.20688611,0.78930847,True
21,5,22,P3,0.14310816,0.14310816,0.16239551,0.375,0.375,"[5, 3]",0.625,False,0.94202324,0.20688611,0.78930847,True
21,5,23,P4,0.03701628,0.03701628,0.05074026,0.375,0.375,"[5, 3]",0.625,False,0.94202324,0.20688611,0.78930847,True
21,5,24,T5,0.0620624,-0.00023523,0.07395209,0.375,0.375,"[5, 3]",0.625,False,0.94202324,0.20688611,0.78930847,True
21,5,25,T6,0.08812644,-0.03106601,0.10000501,0.375,0.375,"[5, 3]",0.625,False,0.94202324,0.20688611,0.78930847,True
21,5,26,Oz,0.1894111,0.1894111,0.19442911,0.375,0.375,"[5, 3]",0.625,False,0.94202324,0.20688611,0.78930847,True
21,5,27,O1,0.1145721,0.02548685,0.12529345,0.375,0.375,"[5, 3]",0.625,False,0.94202324,0.20688611,0.78930847,True
21,5,28,O2,0.09863981,-0.02974148,0.11724137,0.375,0.375,"[5, 3]",0.625,False,0.94202324,0.20688611,0.78930847,True
22,1,0,Fp1,0.10750552,-0.08198202,0.12944019,0.875,0.875,"[5, 3]",0.625,False,0.54295083,0.12092359,0.45493112,True
22,1,1,Fp2,0.05938221,0.05938221,0.08087973,0.875,0.875,"[5, 3]",0.625,False,0.54295083,0.12092359,0.45493112,True
22,1,2,Fz,0.12662193,-0.09569611,0.13491465,0.875,0.875,"[5, 3]",0.625,False,0.54295083,0.12092359,0.45493112,True
22,1,3,F3,0.06960405,0.02751792,0.07925824,0.875,0.875,"[5, 3]",0.625,False,0.54295083,0.12092359,0.45493112,True
22,1,4,F4,0.05928203,-0.01135917,0.07652782,0.875,0.875,"[5, 3]",0.625,False,0.54295083,0.12092359,0.45493112,True
22,1,5,F7,0.12801424,0.12801424,0.15057965,0.875,0.875,"[5, 3]",0.625,False,0.54295083,0.12092359,0.45493112,True
22,1,6,F8,0.06119665,0.04156071,0.08259959,0.875,0.875,"[5, 3]",0.625,False,0.54295083,0.12092359,0.45493112,True
22,1,7,FCz,0.12038016,0.12038016,0.13446543,0.875,0.875,"[5, 3]",0.625,False,0.54295083,0.12092359,0.45493112,True
22,1,8,FC3,0.02989017,-0.02014636,0.03515776,0.875,0.875,"[5, 3]",0.625,False,0.54295083,0.12092359,0.45493112,True
22,1,9,FC4,0.12434879,-0.12434879,0.13872877,0.875,0.875,"[5, 3]",0.625,False,0.54295083,0.12092359,0.45493112,True
22,1,10,FT7,0.06920727,-0.06920727,0.08925098,0.875,0.875,"[5, 3]",0.625,False,0.54295083,0.12092359,0.45493112,True
22,1,11,FT8,0.0693209,0.0341296,0.07636783,0.875,0.875,"[5, 3]",0.625,False,0.54295083,0.12092359,0.45493112,True
22,1,12,Cz,0.10939392,0.10939392,0.11921037,0.875,0.875,"[5, 3]",0.625,False,0.54295083,0.12092359,0.45493112,True
22,1,13,C3,0.09670343,0.08090771,0.11838941,0.875,0.875,"[5, 3]",0.625,False,0.54295083,0.12092359,0.45493112,True
22,1,14,C4,0.10347045,-0.10347045,0.11628472,0.875,0.875,"[5, 3]",0.625,False,0.54295083,0.12092359,0.45493112,True
22,1,15,T3,0.10246665,0.0840682,0.11429473,0.875,0.875,"[5, 3]",0.625,False,0.54295083,0.12092359,0.45493112,True
22,1,16,T4,0.07274276,0.01568417,0.08834713,0.875,0.875,"[5, 3]",0.625,False,0.54295083,0.12092359,0.45493112,True
22,1,17,CP3,0.13530703,0.01415589,0.1470222,0.875,0.875,"[5, 3]",0.625,False,0.54295083,0.12092359,0.45493112,True
22,1,18,CP4,0.1031059,0.0323703,0.12473653,0.875,0.875,"[5, 3]",0.625,False,0.54295083,0.12092359,0.45493112,True
22,1,19,TP7,0.07371968,-0.07371968,0.09025481,0.875,0.875,"[5, 3]",0.625,False,0.54295083,0.12092359,0.45493112,True
22,1,20,TP8,0.1057595,0.00593855,0.10607775,0.875,0.875,"[5, 3]",0.625,False,0.54295083,0.12092359,0.45493112,True
22,1,21,Pz,0.14882907,-0.00547504,0.15097739,0.875,0.875,"[5, 3]",0.625,False,0.54295083,0.12092359,0.45493112,True
22,1,22,P3,0.09419005,0.09419005,0.11067352,0.875,0.875,"[5, 3]",0.625,False,0.54295083,0.12092359,0.45493112,True
22,1,23,P4,0.0762716,-0.06852937,0.09375887,0.875,0.875,"[5, 3]",0.625,False,0.54295083,0.12092359,0.45493112,True
22,1,24,T5,0.06939573,0.02721889,0.07778139,0.875,0.875,"[5, 3]",0.625,False,0.54295083,0.12092359,0.45493112,True
22,1,25,T6,0.06521855,-0.0496304,0.08192318,0.875,0.875,"[5, 3]",0.625,False,0.54295083,0.12092359,0.45493112,True
22,1,26,Oz,0.0662543,-0.00050218,0.07993113,0.875,0.875,"[5, 3]",0.625,False,0.54295083,0.12092359,0.45493112,True
22,1,27,O1,0.10398312,0.04335028,0.12636431,0.875,0.875,"[5, 3]",0.625,False,0.54295083,0.12092359,0.45493112,True
22,1,28,O2,0.10991187,-0.02342295,0.11748038,0.875,0.875,"[5, 3]",0.625,False,0.54295083,0.12092359,0.45493112,True
22,2,0,Fp1,0.04556178,-0.02284199,0.05620876,0.875,0.875,"[5, 3]",0.625,False,1.16392356,0.29788441,0.97523573,True
22,2,1,Fp2,0.02897657,-0.01968903,0.03139602,0.875,0.875,"[5, 3]",0.625,False,1.16392356,0.29788441,0.97523573,True
22,2,2,Fz,0.09467727,-0.05110367,0.09900586,0.875,0.875,"[5, 3]",0.625,False,1.16392356,0.29788441,0.97523573,True
22,2,3,F3,0.03892722,0.01520867,0.05663423,0.875,0.875,"[5, 3]",0.625,False,1.16392356,0.29788441,0.97523573,True
22,2,4,F4,0.05614937,0.02424297,0.06548978,0.875,0.875,"[5, 3]",0.625,False,1.16392356,0.29788441,0.97523573,True
22,2,5,F7,0.11510492,0.11510492,0.15045014,0.875,0.875,"[5, 3]",0.625,False,1.16392356,0.29788441,0.97523573,True
22,2,6,F8,0.09964516,0.09829449,0.11635584,0.875,0.875,"[5, 3]",0.625,False,1.16392356,0.29788441,0.97523573,True
22,2,7,FCz,0.13597652,0.13597652,0.15238681,0.875,0.875,"[5, 3]",0.625,False,1.16392356,0.29788441,0.97523573,True
22,2,8,FC3,0.03548321,0.03548321,0.03695279,0.875,0.875,"[5, 3]",0.625,False,1.16392356,0.29788441,0.97523573,True
22,2,9,FC4,0.2437501,-0.22520968,0.27145213,0.875,0.875,"[5, 3]",0.625,False,1.16392356,0.29788441,0.97523573,True
22,2,10,FT7,0.02771425,-0.01923209,0.03041186,0.875,0.875,"[5, 3]",0.625,False,1.16392356,0.29788441,0.97523573,True
22,2,11,FT8,0.04724655,0.01142347,0.04950397,0.875,0.875,"[5, 3]",0.625,False,1.16392356,0.29788441,0.97523573,True
22,2,12,Cz,0.0918615,0.0918615,0.10713909,0.875,0.875,"[5, 3]",0.625,False,1.16392356,0.29788441,0.97523573,True
22,2,13,C3,0.12490989,0.0487757,0.13523985,0.875,0.875,"[5, 3]",0.625,False,1.16392356,0.29788441,0.97523573,True
22,2,14,C4,0.13705429,-0.13705429,0.15011041,0.875,0.875,"[5, 3]",0.625,False,1.16392356,0.29788441,0.97523573,True
22,2,15,T3,0.10163077,-0.04492232,0.11016566,0.875,0.875,"[5, 3]",0.625,False,1.16392356,0.29788441,0.97523573,True
22,2,16,T4,0.03065697,0.02785287,0.04218202,0.875,0.875,"[5, 3]",0.625,False,1.16392356,0.29788441,0.97523573,True
22,2,17,CP3,0.17655692,-0.06194655,0.19761638,0.875,0.875,"[5, 3]",0.625,False,1.16392356,0.29788441,0.97523573,True
22,2,18,CP4,0.0919573,0.06749386,0.109882,0.875,0.875,"[5, 3]",0.625,False,1.16392356,0.29788441,0.97523573,True
22,2,19,TP7,0.03442927,-0.03442927,0.04245,0.875,0.875,"[5, 3]",0.625,False,1.16392356,0.29788441,0.97523573,True
22,2,20,TP8,0.10677862,0.07831791,0.11584029,0.875,0.875,"[5, 3]",0.625,False,1.16392356,0.29788441,0.97523573,True
22,2,21,Pz,0.10784241,0.00156083,0.1103406,0.875,0.875,"[5, 3]",0.625,False,1.16392356,0.29788441,0.97523573,True
22,2,22,P3,0.04852744,0.01119507,0.06509718,0.875,0.875,"[5, 3]",0.625,False,1.16392356,0.29788441,0.97523573,True
22,2,23,P4,0.12448958,0.0605478,0.12469716,0.875,0.875,"[5, 3]",0.625,False,1.16392356,0.29788441,0.97523573,True
22,2,24,T5,0.07920413,0.07895474,0.09141408,0.875,0.875,"[5, 3]",0.625,False,1.16392356,0.29788441,0.97523573,True
22,2,25,T6,0.08742715,-0.08742715,0.09596825,0.875,0.875,"[5, 3]",0.625,False,1.16392356,0.29788441,0.97523573,True
22,2,26,Oz,0.0767683,0.01772172,0.09153188,0.875,0.875,"[5, 3]",0.625,False,1.16392356,0.29788441,0.97523573,True
22,2,27,O1,0.08383993,-0.02788533,0.09002239,0.875,0.875,"[5, 3]",0.625,False,1.16392356,0.29788441,0.97523573,True
22,2,28,O2,0.11234614,-0.01704161,0.12702845,0.875,0.875,"[5, 3]",0.625,False,1.16392356,0.29788441,0.97523573,True
22,3,0,Fp1,0.11269354,-0.07922223,0.13084422,0.875,0.875,"[3, 5]",0.625,False,0.68852797,0.15063384,0.57690823,True
22,3,1,Fp2,0.02163349,0.02076367,0.04030254,0.875,0.875,"[3, 5]",0.625,False,0.68852797,0.15063384,0.57690823,True
22,3,2,Fz,0.11417931,-0.11417931,0.1265002,0.875,0.875,"[3, 5]",0.625,False,0.68852797,0.15063384,0.57690823,True
22,3,3,F3,0.08434356,0.02404262,0.08971751,0.875,0.875,"[3, 5]",0.625,False,0.68852797,0.15063384,0.57690823,True
22,3,4,F4,0.08626519,0.00937678,0.0970192,0.875,0.875,"[3, 5]",0.625,False,0.68852797,0.15063384,0.57690823,True
22,3,5,F7,0.1211063,0.1211063,0.13897847,0.875,0.875,"[3, 5]",0.625,False,0.68852797,0.15063384,0.57690823,True
22,3,6,F8,0.08667862,0.06394169,0.10900971,0.875,0.875,"[3, 5]",0.625,False,0.68852797,0.15063384,0.57690823,True
22,3,7,FCz,0.13348141,0.13348141,0.13758026,0.875,0.875,"[3, 5]",0.625,False,0.68852797,0.15063384,0.57690823,True
22,3,8,FC3,0.02490477,-0.02490477,0.03017982,0.875,0.875,"[3, 5]",0.625,False,0.68852797,0.15063384,0.57690823,True
22,3,9,FC4,0.11539325,-0.11539325,0.14421585,0.875,0.875,"[3, 5]",0.625,False,0.68852797,0.15063384,0.57690823,True
22,3,10,FT7,0.06462349,-0.06462349,0.0871762,0.875,0.875,"[3, 5]",0.625,False,0.68852797,0.15063384,0.57690823,True
22,3,11,FT8,0.07949488,0.02822508,0.08560125,0.875,0.875,"[3, 5]",0.625,False,0.68852797,0.15063384,0.57690823,True
22,3,12,Cz,0.1179703,0.1179703,0.12059616,0.875,0.875,"[3, 5]",0.625,False,0.68852797,0.15063384,0.57690823,True
22,3,13,C3,0.12004945,0.12004945,0.14173141,0.875,0.875,"[3, 5]",0.625,False,0.68852797,0.15063384,0.57690823,True
22,3,14,C4,0.11472173,-0.11174397,0.13885053,0.875,0.875,"[3, 5]",0.625,False,0.68852797,0.15063384,0.57690823,True
22,3,15,T3,0.06794271,0.04262391,0.08767009,0.875,0.875,"[3, 5]",0.625,False,0.68852797,0.15063384,0.57690823,True
22,3,16,T4,0.09693368,0.03327037,0.10795874,0.875,0.875,"[3, 5]",0.625,False,0.68852797,0.15063384,0.57690823,True
22,3,17,CP3,0.15395015,-0.0016924,0.16292295,0.875,0.875,"[3, 5]",0.625,False,0.68852797,0.15063384,0.57690823,True
22,3,18,CP4,0.10688207,0.03896866,0.1267415,0.875,0.875,"[3, 5]",0.625,False,0.68852797,0.15063384,0.57690823,True
22,3,19,TP7,0.08810632,-0.04918177,0.09871797,0.875,0.875,"[3, 5]",0.625,False,0.68852797,0.15063384,0.57690823,True
22,3,20,TP8,0.09439788,0.03107462,0.10378478,0.875,0.875,"[3, 5]",0.625,False,0.68852797,0.15063384,0.57690823,True
22,3,21,Pz,0.13631928,-0.03401458,0.14074112,0.875,0.875,"[3, 5]",0.625,False,0.68852797,0.15063384,0.57690823,True
22,3,22,P3,0.08462657,0.08462657,0.10093952,0.875,0.875,"[3, 5]",0.625,False,0.68852797,0.15063384,0.57690823,True
22,3,23,P4,0.07167637,-0.0500936,0.08861313,0.875,0.875,"[3, 5]",0.625,False,0.68852797,0.15063384,0.57690823,True
22,3,24,T5,0.07467847,0.05780587,0.10005961,0.875,0.875,"[3, 5]",0.625,False,0.68852797,0.15063384,0.57690823,True
22,3,25,T6,0.03968193,-0.03428906,0.04904365,0.875,0.875,"[3, 5]",0.625,False,0.68852797,0.15063384,0.57690823,True
22,3,26,Oz,0.08144532,-0.0196304,0.08912975,0.875,0.875,"[3, 5]",0.625,False,0.68852797,0.15063384,0.57690823,True
22,3,27,O1,0.10704088,0.02422196,0.11076914,0.875,0.875,"[3, 5]",0.625,False,0.68852797,0.15063384,0.57690823,True
22,3,28,O2,0.09506994,0.00735304,0.10178693,0.875,0.875,"[3, 5]",0.625,False,0.68852797,0.15063384,0.57690823,True
22,4,0,Fp1,0.09381861,-0.08388361,0.11496107,1.0,1.0,"[4, 4]",0.5,False,0.63506946,0.14718023,0.53211607,True
22,4,1,Fp2,0.05937188,0.04707324,0.07697054,1.0,1.0,"[4, 4]",0.5,False,0.63506946,0.14718023,0.53211607,True
22,4,2,Fz,0.12485941,-0.1135714,0.14106946,1.0,1.0,"[4, 4]",0.5,False,0.63506946,0.14718023,0.53211607,True
22,4,3,F3,0.10226032,0.00432684,0.12034203,1.0,1.0,"[4, 4]",0.5,False,0.63506946,0.14718023,0.53211607,True
22,4,4,F4,0.06266926,0.01501103,0.07089997,1.0,1.0,"[4, 4]",0.5,False,0.63506946,0.14718023,0.53211607,True
22,4,5,F7,0.15937325,0.15937325,0.18168443,1.0,1.0,"[4, 4]",0.5,False,0.63506946,0.14718023,0.53211607,True
22,4,6,F8,0.04880684,0.02664698,0.07457165,1.0,1.0,"[4, 4]",0.5,False,0.63506946,0.14718023,0.53211607,True
22,4,7,FCz,0.10443303,0.10443303,0.1139577,1.0,1.0,"[4, 4]",0.5,False,0.63506946,0.14718023,0.53211607,True
22,4,8,FC3,0.04667606,-0.04667606,0.04944111,1.0,1.0,"[4, 4]",0.5,False,0.63506946,0.14718023,0.53211607,True
22,4,9,FC4,0.09101927,-0.07965994,0.10687673,1.0,1.0,"[4, 4]",0.5,False,0.63506946,0.14718023,0.53211607,True
22,4,10,FT7,0.07510447,-0.03950031,0.08160406,1.0,1.0,"[4, 4]",0.5,False,0.63506946,0.14718023,0.53211607,True
22,4,11,FT8,0.0821612,0.00022987,0.09599553,1.0,1.0,"[4, 4]",0.5,False,0.63506946,0.14718023,0.53211607,True
22,4,12,Cz,0.10878857,0.10878857,0.11771342,1.0,1.0,"[4, 4]",0.5,False,0.63506946,0.14718023,0.53211607,True
22,4,13,C3,0.11075383,0.11075383,0.14601283,1.0,1.0,"[4, 4]",0.5,False,0.63506946,0.14718023,0.53211607,True
22,4,14,C4,0.12293321,-0.12293321,0.14960115,1.0,1.0,"[4, 4]",0.5,False,0.63506946,0.14718023,0.53211607,True
22,4,15,T3,0.07459176,0.05102354,0.08523707,1.0,1.0,"[4, 4]",0.5,False,0.63506946,0.14718023,0.53211607,True
22,4,16,T4,0.10567964,0.02361023,0.11468095,1.0,1.0,"[4, 4]",0.5,False,0.63506946,0.14718023,0.53211607,True
22,4,17,CP3,0.13453735,0.00655812,0.14082785,1.0,1.0,"[4, 4]",0.5,False,0.63506946,0.14718023,0.53211607,True
22,4,18,CP4,0.10644515,0.03625299,0.12520878,1.0,1.0,"[4, 4]",0.5,False,0.63506946,0.14718023,0.53211607,True
22,4,19,TP7,0.06108716,-0.04193511,0.07708658,1.0,1.0,"[4, 4]",0.5,False,0.63506946,0.14718023,0.53211607,True
22,4,20,TP8,0.09530433,0.00964784,0.10418199,1.0,1.0,"[4, 4]",0.5,False,0.63506946,0.14718023,0.53211607,True
22,4,21,Pz,0.13361174,-0.01351755,0.13450572,1.0,1.0,"[4, 4]",0.5,False,0.63506946,0.14718023,0.53211607,True
22,4,22,P3,0.10672945,0.10672945,0.11564796,1.0,1.0,"[4, 4]",0.5,False,0.63506946,0.14718023,0.53211607,True
22,4,23,P4,0.08469838,-0.05664783,0.10665569,1.0,1.0,"[4, 4]",0.5,False,0.63506946,0.14718023,0.53211607,True
22,4,24,T5,0.05848514,0.04967537,0.07433794,1.0,1.0,"[4, 4]",0.5,False,0.63506946,0.14718023,0.53211607,True
22,4,25,T6,0.06500168,-0.06146339,0.08238026,1.0,1.0,"[4, 4]",0.5,False,0.63506946,0.14718023,0.53211607,True
22,4,26,Oz,0.11577649,0.00064293,0.13771598,1.0,1.0,"[4, 4]",0.5,False,0.63506946,0.14718023,0.53211607,True
22,4,27,O1,0.08506815,0.01692954,0.09738629,1.0,1.0,"[4, 4]",0.5,False,0.63506946,0.14718023,0.53211607,True
22,4,28,O2,0.06977811,0.00731995,0.07535035,1.0,1.0,"[4, 4]",0.5,False,0.63506946,0.14718023,0.53211607,True
22,5,0,Fp1,0.10979049,-0.06622507,0.1195879,0.875,0.875,"[3, 5]",0.625,False,0.62003544,0.16171629,0.51951927,True
22,5,1,Fp2,0.05133947,0.05133947,0.07330182,0.875,0.875,"[3, 5]",0.625,False,0.62003544,0.16171629,0.51951927,True
22,5,2,Fz,0.11268523,-0.11268523,0.12877491,0.875,0.875,"[3, 5]",0.625,False,0.62003544,0.16171629,0.51951927,True
22,5,3,F3,0.06535605,0.02167358,0.06970762,0.875,0.875,"[3, 5]",0.625,False,0.62003544,0.16171629,0.51951927,True
22,5,4,F4,0.05925482,0.01238342,0.06326079,0.875,0.875,"[3, 5]",0.625,False,0.62003544,0.16171629,0.51951927,True
22,5,5,F7,0.17216851,0.17216851,0.19960271,0.875,0.875,"[3, 5]",0.625,False,0.62003544,0.16171629,0.51951927,True
22,5,6,F8,0.05850829,0.04611913,0.08512767,0.875,0.875,"[3, 5]",0.625,False,0.62003544,0.16171629,0.51951927,True
22,5,7,FCz,0.07762948,0.04982463,0.10586039,0.875,0.875,"[3, 5]",0.625,False,0.62003544,0.16171629,0.51951927,True
22,5,8,FC3,0.0102045,0.00773443,0.01339051,0.875,0.875,"[3, 5]",0.625,False,0.62003544,0.16171629,0.51951927,True
22,5,9,FC4,0.08997217,-0.08997217,0.10740711,0.875,0.875,"[3, 5]",0.625,False,0.62003544,0.16171629,0.51951927,True
22,5,10,FT7,0.04696405,-0.03969793,0.05393691,0.875,0.875,"[3, 5]",0.625,False,0.62003544,0.16171629,0.51951927,True
22,5,11,FT8,0.06881043,-0.01445421,0.08108997,0.875,0.875,"[3, 5]",0.625,False,0.62003544,0.16171629,0.51951927,True
22,5,12,Cz,0.0512041,0.04789354,0.06313889,0.875,0.875,"[3, 5]",0.625,False,0.62003544,0.16171629,0.51951927,True
22,5,13,C3,0.10915678,0.09978234,0.1440088,0.875,0.875,"[3, 5]",0.625,False,0.62003544,0.16171629,0.51951927,True
22,5,14,C4,0.12439503,-0.1090259,0.142839,0.875,0.875,"[3, 5]",0.625,False,0.62003544,0.16171629,0.51951927,True
22,5,15,T3,0.0589279,0.04343208,0.07977649,0.875,0.875,"[3, 5]",0.625,False,0.62003544,0.16171629,0.51951927,True
22,5,16,T4,0.08101206,0.05012578,0.08921873,0.875,0.875,"[3, 5]",0.625,False,0.62003544,0.16171629,0.51951927,True
22,5,17,CP3,0.15581521,0.0094802,0.16325936,0.875,0.875,"[3, 5]",0.625,False,0.62003544,0.16171629,0.51951927,True
22,5,18,CP4,0.09533633,0.0250694,0.11776491,0.875,0.875,"[3, 5]",0.625,False,0.62003544,0.16171629,0.51951927,True
22,5,19,TP7,0.05708374,-0.04584505,0.07365747,0.875,0.875,"[3, 5]",0.625,False,0.62003544,0.16171629,0.51951927,True
22,5,20,TP8,0.13227186,-0.02609594,0.13661128,0.875,0.875,"[3, 5]",0.625,False,0.62003544,0.16171629,0.51951927,True
22,5,21,Pz,0.12356371,0.02603275,0.1263466,0.875,0.875,"[3, 5]",0.625,False,0.62003544,0.16171629,0.51951927,True
22,5,22,P3,0.12131935,0.12131935,0.13051477,0.875,0.875,"[3, 5]",0.625,False,0.62003544,0.16171629,0.51951927,True
22,5,23,P4,0.07696353,-0.056853,0.10357309,0.875,0.875,"[3, 5]",0.625,False,0.62003544,0.16171629,0.51951927,True
22,5,24,T5,0.04266799,0.04266799,0.0479885,0.875,0.875,"[3, 5]",0.625,False,0.62003544,0.16171629,0.51951927,True
22,5,25,T6,0.0906166,-0.0906166,0.09393556,0.875,0.875,"[3, 5]",0.625,False,0.62003544,0.16171629,0.51951927,True
22,5,26,Oz,0.05229964,0.03654264,0.05758779,0.875,0.875,"[3, 5]",0.625,False,0.62003544,0.16171629,0.51951927,True
22,5,27,O1,0.12117743,-0.02186173,0.13603643,0.875,0.875,"[3, 5]",0.625,False,0.62003544,0.16171629,0.51951927,True
22,5,28,O2,0.10859434,-0.00982813,0.1113443,0.875,0.875,"[3, 5]",0.625,False,0.62003544,0.16171629,0.51951927,True
23,1,0,Fp1,0.10995674,-0.0958512,0.12270929,0.5,0.5,"[0, 8]",1.0,True,0.00323092,0.00030001,0.00270715,True
23,1,1,Fp2,0.07765819,0.06131018,0.09518859,0.5,0.5,"[0, 8]",1.0,True,0.00323092,0.00030001,0.00270715,True
23,1,2,Fz,0.10385175,-0.09833149,0.11734416,0.5,0.5,"[0, 8]",1.0,True,0.00323092,0.00030001,0.00270715,True
23,1,3,F3,0.08807066,0.02771319,0.09481942,0.5,0.5,"[0, 8]",1.0,True,0.00323092,0.00030001,0.00270715,True
23,1,4,F4,0.09768283,0.01250003,0.10796414,0.5,0.5,"[0, 8]",1.0,True,0.00323092,0.00030001,0.00270715,True
23,1,5,F7,0.08380587,0.08152676,0.09744392,0.5,0.5,"[0, 8]",1.0,True,0.00323092,0.00030001,0.00270715,True
23,1,6,F8,0.07734207,-0.02890646,0.07837178,0.5,0.5,"[0, 8]",1.0,True,0.00323092,0.00030001,0.00270715,True
23,1,7,FCz,0.09893288,0.09893288,0.11430262,0.5,0.5,"[0, 8]",1.0,True,0.00323092,0.00030001,0.00270715,True
23,1,8,FC3,0.03084027,0.00602211,0.03746834,0.5,0.5,"[0, 8]",1.0,True,0.00323092,0.00030001,0.00270715,True
23,1,9,FC4,0.05789174,-0.05789174,0.07611097,0.5,0.5,"[0, 8]",1.0,True,0.00323092,0.00030001,0.00270715,True
23,1,10,FT7,0.09056979,-0.05852619,0.10413339,0.5,0.5,"[0, 8]",1.0,True,0.00323092,0.00030001,0.00270715,True
23,1,11,FT8,0.08009119,-0.0035378,0.09717131,0.5,0.5,"[0, 8]",1.0,True,0.00323092,0.00030001,0.00270715,True
23,1,12,Cz,0.07705224,0.07553366,0.09250345,0.5,0.5,"[0, 8]",1.0,True,0.00323092,0.00030001,0.00270715,True
23,1,13,C3,0.1153809,0.07251649,0.1175865,0.5,0.5,"[0, 8]",1.0,True,0.00323092,0.00030001,0.00270715,True
23,1,14,C4,0.08550488,-0.0751246,0.09602216,0.5,0.5,"[0, 8]",1.0,True,0.00323092,0.00030001,0.00270715,True
23,1,15,T3,0.12673479,0.12673479,0.13202664,0.5,0.5,"[0, 8]",1.0,True,0.00323092,0.00030001,0.00270715,True
23,1,16,T4,0.1220876,0.01331595,0.13439634,0.5,0.5,"[0, 8]",1.0,True,0.00323092,0.00030001,0.00270715,True
23,1,17,CP3,0.12097439,0.03309354,0.13945736,0.5,0.5,"[0, 8]",1.0,True,0.00323092,0.00030001,0.00270715,True
23,1,18,CP4,0.11063318,0.03435946,0.12731192,0.5,0.5,"[0, 8]",1.0,True,0.00323092,0.00030001,0.00270715,True
23,1,19,TP7,0.08442771,-0.01873149,0.09443701,0.5,0.5,"[0, 8]",1.0,True,0.00323092,0.00030001,0.00270715,True
23,1,20,TP8,0.08881947,-0.05931341,0.10801729,0.5,0.5,"[0, 8]",1.0,True,0.00323092,0.00030001,0.00270715,True
23,1,21,Pz,0.153189,0.0065824,0.1533767,0.5,0.5,"[0, 8]",1.0,True,0.00323092,0.00030001,0.00270715,True
23,1,22,P3,0.10815744,0.10815744,0.11736307,0.5,0.5,"[0, 8]",1.0,True,0.00323092,0.00030001,0.00270715,True
23,1,23,P4,0.1048134,-0.0931653,0.11686991,0.5,0.5,"[0, 8]",1.0,True,0.00323092,0.00030001,0.00270715,True
23,1,24,T5,0.10470574,0.07313901,0.11411987,0.5,0.5,"[0, 8]",1.0,True,0.00323092,0.00030001,0.00270715,True
23,1,25,T6,0.08127549,-0.06235652,0.09243721,0.5,0.5,"[0, 8]",1.0,True,0.00323092,0.00030001,0.00270715,True
23,1,26,Oz,0.07762076,0.04211759,0.08000888,0.5,0.5,"[0, 8]",1.0,True,0.00323092,0.00030001,0.00270715,True
23,1,27,O1,0.12171213,0.05608303,0.13198176,0.5,0.5,"[0, 8]",1.0,True,0.00323092,0.00030001,0.00270715,True
23,1,28,O2,0.14399138,-0.02383954,0.14672215,0.5,0.5,"[0, 8]",1.0,True,0.00323092,0.00030001,0.00270715,True
23,2,0,Fp1,0.10995673,-0.0958512,0.12270928,0.5,0.5,"[0, 8]",1.0,True,0.0032309,0.00030001,0.00270713,True
23,2,1,Fp2,0.07765819,0.06131018,0.09518859,0.5,0.5,"[0, 8]",1.0,True,0.0032309,0.00030001,0.00270713,True
23,2,2,Fz,0.10385175,-0.0983315,0.11734417,0.5,0.5,"[0, 8]",1.0,True,0.0032309,0.00030001,0.00270713,True
23,2,3,F3,0.08792067,0.0275632,0.09472229,0.5,0.5,"[0, 8]",1.0,True,0.0032309,0.00030001,0.00270713,True
23,2,4,F4,0.09768283,0.01250003,0.10796414,0.5,0.5,"[0, 8]",1.0,True,0.0032309,0.00030001,0.00270713,True
23,2,5,F7,0.08425585,0.08167675,0.09781183,0.5,0.5,"[0, 8]",1.0,True,0.0032309,0.00030001,0.00270713,True
23,2,6,F8,0.07734207,-0.02890646,0.07837178,0.5,0.5,"[0, 8]",1.0,True,0.0032309,0.00030001,0.00270713,True
23,2,7,FCz,0.09893288,0.09893288,0.11430261,0.5,0.5,"[0, 8]",1.0,True,0.0032309,0.00030001,0.00270713,True
23,2,8,FC3,0.03069029,0.00587213,0.03740625,0.5,0.5,"[0, 8]",1.0,True,0.0032309,0.00030001,0.00270713,True
23,2,9,FC4,0.05774175,-0.05774175,0.07617235,0.5,0.5,"[0, 8]",1.0,True,0.0032309,0.00030001,0.00270713,True
23,2,10,FT7,0.09041973,-0.05807631,0.10388391,0.5,0.5,"[0, 8]",1.0,True,0.0032309,0.00030001,0.00270713,True
23,2,11,FT8,0.08009119,-0.0035378,0.09717131,0.5,0.5,"[0, 8]",1.0,True,0.0032309,0.00030001,0.00270713,True
23,2,12,Cz,0.07690226,0.07568365,0.09249902,0.5,0.5,"[0, 8]",1.0,True,0.0032309,0.00030001,0.00270713,True
23,2,13,C3,0.11538088,0.07251647,0.11753399,0.5,0.5,"[0, 8]",1.0,True,0.0032309,0.00030001,0.00270713,True
23,2,14,C4,0.08535488,-0.0749746,0.0958275,0.5,0.5,"[0, 8]",1.0,True,0.0032309,0.00030001,0.00270713,True
23,2,15,T3,0.12688477,0.12688477,0.13207865,0.5,0.5,"[0, 8]",1.0,True,0.0032309,0.00030001,0.00270713,True
23,2,16,T4,0.1220876,0.01331595,0.13439634,0.5,0.5,"[0, 8]",1.0,True,0.0032309,0.00030001,0.00270713,True
23,2,17,CP3,0.12097441,0.03309353,0.13939352,0.5,0.5,"[0, 8]",1.0,True,0.0032309,0.00030001,0.00270713,True
23,2,18,CP4,0.11078317,0.03450951,0.12733561,0.5,0.5,"[0, 8]",1.0,True,0.0032309,0.00030001,0.00270713,True
23,2,19,TP7,0.08442768,-0.01873147,0.09443697,0.5,0.5,"[0, 8]",1.0,True,0.0032309,0.00030001,0.00270713,True
23,2,20,TP8,0.08881947,-0.05931341,0.10801729,0.5,0.5,"[0, 8]",1.0,True,0.0032309,0.00030001,0.00270713,True
23,2,21,Pz,0.15303901,0.0064324,0.15321605,0.5,0.5,"[0, 8]",1.0,True,0.0032309,0.00030001,0.00270713,True
23,2,22,P3,0.10815744,0.10815744,0.1173338,0.5,0.5,"[0, 8]",1.0,True,0.0032309,0.00030001,0.00270713,True
23,2,23,P4,0.10496341,-0.0933153,0.11701024,0.5,0.5,"[0, 8]",1.0,True,0.0032309,0.00030001,0.00270713,True
23,2,24,T5,0.10500555,0.07343882,0.11451381,0.5,0.5,"[0, 8]",1.0,True,0.0032309,0.00030001,0.00270713,True
23,2,25,T6,0.08127552,-0.06235655,0.09243724,0.5,0.5,"[0, 8]",1.0,True,0.0032309,0.00030001,0.00270713,True
23,2,26,Oz,0.07747088,0.04226746,0.07981068,0.5,0.5,"[0, 8]",1.0,True,0.0032309,0.00030001,0.00270713,True
23,2,27,O1,0.12216211,0.05623303,0.13248841,0.5,0.5,"[0, 8]",1.0,True,0.0032309,0.00030001,0.00270713,True
23,2,28,O2,0.14414138,-0.02398953,0.14690946,0.5,0.5,"[0, 8]",1.0,True,0.0032309,0.00030001,0.00270713,True
23,3,0,Fp1,0.10965674,-0.0958512,0.12247615,0.5,0.5,"[0, 8]",1.0,True,0.00323101,0.00030001,0.00270722,True
23,3,1,Fp2,0.07780819,0.06146018,0.09545761,0.5,0.5,"[0, 8]",1.0,True,0.00323101,0.00030001,0.00270722,True
23,3,2,Fz,0.10400175,-0.09848149,0.11752755,0.5,0.5,"[0, 8]",1.0,True,0.00323101,0.00030001,0.00270722,True
23,3,3,F3,0.08762068,0.0275632,0.09446009,0.5,0.5,"[0, 8]",1.0,True,0.00323101,0.00030001,0.00270722,True
23,3,4,F4,0.09768284,0.01250003,0.10796414,0.5,0.5,"[0, 8]",1.0,True,0.00323101,0.00030001,0.00270722,True
23,3,5,F7,0.08410586,0.08152676,0.09760051,0.5,0.5,"[0, 8]",1.0,True,0.00323101,0.00030001,0.00270722,True
23,3,6,F8,0.07734207,-0.02890646,0.07837178,0.5,0.5,"[0, 8]",1.0,True,0.00323101,0.00030001,0.00270722,True
23,3,7,FCz,0.09878289,0.09878289,0.11416791,0.5,0.5,"[0, 8]",1.0,True,0.00323101,0.00030001,0.00270722,True
23,3,8,FC3,0.03099027,0.00587213,0.03762398,0.5,0.5,"[0, 8]",1.0,True,0.00323101,0.00030001,0.00270722,True
23,3,9,FC4,0.05789174,-0.05789174,0.07634415,0.5,0.5,"[0, 8]",1.0,True,0.00323101,0.00030001,0.00270722,True
23,3,10,FT7,0.09071978,-0.05837623,0.10422609,0.5,0.5,"[0, 8]",1.0,True,0.00323101,0.00030001,0.00270722,True
23,3,11,FT8,0.08024118,-0.00338779,0.09720457,0.5,0.5,"[0, 8]",1.0,True,0.00323101,0.00030001,0.00270722,True
23,3,12,Cz,0.07705224,0.07583365,0.09260236,0.5,0.5,"[0, 8]",1.0,True,0.00323101,0.00030001,0.00270722,True
23,3,13,C3,0.11508091,0.0722165,0.11723876,0.5,0.5,"[0, 8]",1.0,True,0.00323101,0.00030001,0.00270722,True
23,3,14,C4,0.08535489,-0.0749746,0.0958275,0.5,0.5,"[0, 8]",1.0,True,0.00323101,0.00030001,0.00270722,True
23,3,15,T3,0.12658478,0.12658478,0.13177954,0.5,0.5,"[0, 8]",1.0,True,0.00323101,0.00030001,0.00270722,True
23,3,16,T4,0.12238759,0.01331595,0.1347903,0.5,0.5,"[0, 8]",1.0,True,0.00323101,0.00030001,0.00270722,True
23,3,17,CP3,0.1212744,0.03279354,0.13964692,0.5,0.5,"[0, 8]",1.0,True,0.00323101,0.00030001,0.00270722,True
23,3,18,CP4,0.11063313,0.03435949,0.12731187,0.5,0.5,"[0, 8]",1.0,True,0.00323101,0.00030001,0.00270722,True
23,3,19,TP7,0.08442771,-0.01873149,0.094437,0.5,0.5,"[0, 8]",1.0,True,0.00323101,0.00030001,0.00270722,True
23,3,20,TP8,0.08911946,-0.0593134,0.10827455,0.5,0.5,"[0, 8]",1.0,True,0.00323101,0.00030001,0.00270722,True
23,3,21,Pz,0.15288901,0.0065824,0.15307032,0.5,0.5,"[0, 8]",1.0,True,0.00323101,0.00030001,0.00270722,True
23,3,22,P3,0.10830739,0.10830739,0.1175478,0.5,0.5,"[0, 8]",1.0,True,0.00323101,0.00030001,0.00270722,True
23,3,23,P4,0.1048134,-0.0931653,0.11685597,0.5,0.5,"[0, 8]",1.0,True,0.00323101,0.00030001,0.00270722,True
23,3,24,T5,0.10500553,0.07313883,0.11439425,0.5,0.5,"[0, 8]",1.0,True,0.00323101,0.00030001,0.00270722,True
23,3,25,T6,0.08127549,-0.06235653,0.09257986,0.5,0.5,"[0, 8]",1.0,True,0.00323101,0.00030001,0.00270722,True
23,3,26,Oz,0.07747076,0.04226759,0.07981057,0.5,0.5,"[0, 8]",1.0,True,0.00323101,0.00030001,0.00270722,True
23,3,27,O1,0.12201212,0.05608303,0.13244222,0.5,0.5,"[0, 8]",1.0,True,0.00323101,0.00030001,0.00270722,True
23,3,28,O2,0.14429137,-0.02383953,0.14704752,0.5,0.5,"[0, 8]",1.0,True,0.00323101,0.00030001,0.00270722,True
23,4,0,Fp1,0.10965674,-0.0958512,0.12247615,0.5,0.5,"[0, 8]",1.0,True,0.00323091,0.00030001,0.00270714,True
23,4,1,Fp2,0.07780819,0.06116019,0.09524058,0.5,0.5,"[0, 8]",1.0,True,0.00323091,0.00030001,0.00270714,True
23,4,2,Fz,0.10415173,-0.09863146,0.11767767,0.5,0.5,"[0, 8]",1.0,True,0.00323091,0.00030001,0.00270714,True
23,4,3,F3,0.08762069,0.0275632,0.09436002,0.5,0.5,"[0, 8]",1.0,True,0.00323091,0.00030001,0.00270714,True
23,4,4,F4,0.09783283,0.01265002,0.10802443,0.5,0.5,"[0, 8]",1.0,True,0.00323091,0.00030001,0.00270714,True
23,4,5,F7,0.08410586,0.08152676,0.09760052,0.5,0.5,"[0, 8]",1.0,True,0.00323091,0.00030001,0.00270714,True
23,4,6,F8,0.07734207,-0.02890646,0.07837178,0.5,0.5,"[0, 8]",1.0,True,0.00323091,0.00030001,0.00270714,True
23,4,7,FCz,0.09908283,0.09908283,0.11423419,0.5,0.5,"[0, 8]",1.0,True,0.00323091,0.00030001,0.00270714,True
23,4,8,FC3,0.03099027,0.00587212,0.03782074,0.5,0.5,"[0, 8]",1.0,True,0.00323091,0.00030001,0.00270714,True
23,4,9,FC4,0.05774175,-0.05774175,0.07610068,0.5,0.5,"[0, 8]",1.0,True,0.00323091,0.00030001,0.00270714,True
23,4,10,FT7,0.09071977,-0.05837622,0.10422608,0.5,0.5,"[0, 8]",1.0,True,0.00323091,0.00030001,0.00270714,True
23,4,11,FT8,0.07994123,-0.00338776,0.09695723,0.5,0.5,"[0, 8]",1.0,True,0.00323091,0.00030001,0.00270714,True
23,4,12,Cz,0.07705224,0.07583365,0.09273107,0.5,0.5,"[0, 8]",1.0,True,0.00323091,0.00030001,0.00270714,True
23,4,13,C3,0.11508091,0.07251649,0.1172929,0.5,0.5,"[0, 8]",1.0,True,0.00323091,0.00030001,0.00270714,True
23,4,14,C4,0.08535488,-0.07497461,0.09582752,0.5,0.5,"[0, 8]",1.0,True,0.00323091,0.00030001,0.00270714,True
23,4,15,T3,0.12658478,0.12658478,0.13189285,0.5,0.5,"[0, 8]",1.0,True,0.00323091,0.00030001,0.00270714,True
23,4,16,T4,0.12238759,0.01331595,0.1347903,0.5,0.5,"[0, 8]",1.0,True,0.00323091,0.00030001,0.00270714,True
23,4,17,CP3,0.12112439,0.03294355,0.13946523,0.5,0.5,"[0, 8]",1.0,True,0.00323091,0.00030001,0.00270714,True
23,4,18,CP4,0.11093313,0.03465948,0.12755179,0.5,0.5,"[0, 8]",1.0,True,0.00323091,0.00030001,0.00270714,True
23,4,19,TP7,0.08457771,-0.0185815,0.09456401,0.5,0.5,"[0, 8]",1.0,True,0.00323091,0.00030001,0.00270714,True
23,4,20,TP8,0.08911946,-0.0596134,0.10842874,0.5,0.5,"[0, 8]",1.0,True,0.00323091,0.00030001,0.00270714,True
23,4,21,Pz,0.15303901,0.00673239,0.15323599,0.5,0.5,"[0, 8]",1.0,True,0.00323091,0.00030001,0.00270714,True
23,4,22,P3,0.10815757,0.10815757,0.11747987,0.5,0.5,"[0, 8]",1.0,True,0.00323091,0.00030001,0.00270714,True
23,4,23,P4,0.10466342,-0.09301531,0.11665668,0.5,0.5,"[0, 8]",1.0,True,0.00323091,0.00030001,0.00270714,True
23,4,24,T5,0.10485555,0.07298883,0.11420297,0.5,0.5,"[0, 8]",1.0,True,0.00323091,0.00030001,0.00270714,True
23,4,25,T6,0.0811255,-0.06250653,0.09237319,0.5,0.5,"[0, 8]",1.0,True,0.00323091,0.00030001,0.00270714,True
23,4,26,Oz,0.07747076,0.04226759,0.07990965,0.5,0.5,"[0, 8]",1.0,True,0.00323091,0.00030001,0.00270714,True
23,4,27,O1,0.12171214,0.05608301,0.13214341,0.5,0.5,"[0, 8]",1.0,True,0.00323091,0.00030001,0.00270714,True
23,4,28,O2,0.14429137,-0.02383954,0.14701724,0.5,0.5,"[0, 8]",1.0,True,0.00323091,0.00030001,0.00270714,True
23,5,0,Fp1,0.11010674,-0.0960012,0.12282328,0.5,0.5,"[0, 8]",1.0,True,0.00323102,0.00030001,0.00270723,True
23,5,1,Fp2,0.07765819,0.06131018,0.09518859,0.5,0.5,"[0, 8]",1.0,True,0.00323102,0.00030001,0.00270723,True
23,5,2,Fz,0.10400176,-0.0984815,0.11752756,0.5,0.5,"[0, 8]",1.0,True,0.00323102,0.00030001,0.00270723,True
23,5,3,F3,0.08792067,0.0275632,0.09474832,0.5,0.5,"[0, 8]",1.0,True,0.00323102,0.00030001,0.00270723,True
23,5,4,F4,0.09768283,0.01250001,0.10796414,0.5,0.5,"[0, 8]",1.0,True,0.00323102,0.00030001,0.00270723,True
23,5,5,F7,0.08395585,0.08167675,0.09758608,0.5,0.5,"[0, 8]",1.0,True,0.00323102,0.00030001,0.00270723,True
23,5,6,F8,0.07764206,-0.02920645,0.07862862,0.5,0.5,"[0, 8]",1.0,True,0.00323102,0.00030001,0.00270723,True
23,5,7,FCz,0.09878289,0.09878289,0.11416791,0.5,0.5,"[0, 8]",1.0,True,0.00323102,0.00030001,0.00270723,True
23,5,8,FC3,0.03099028,0.00587213,0.03766773,0.5,0.5,"[0, 8]",1.0,True,0.00323102,0.00030001,0.00270723,True
23,5,9,FC4,0.05819172,-0.05819172,0.0763844,0.5,0.5,"[0, 8]",1.0,True,0.00323102,0.00030001,0.00270723,True
23,5,10,FT7,0.0904198,-0.05807623,0.10388395,0.5,0.5,"[0, 8]",1.0,True,0.00323102,0.00030001,0.00270723,True
23,5,11,FT8,0.07994119,-0.0033878,0.09695718,0.5,0.5,"[0, 8]",1.0,True,0.00323102,0.00030001,0.00270723,True
23,5,12,Cz,0.07690224,0.07568365,0.092499,0.5,0.5,"[0, 8]",1.0,True,0.00323102,0.00030001,0.00270723,True
23,5,13,C3,0.11523089,0.07266647,0.11742491,0.5,0.5,"[0, 8]",1.0,True,0.00323102,0.00030001,0.00270723,True
23,5,14,C4,0.08550486,-0.07512459,0.09593771,0.5,0.5,"[0, 8]",1.0,True,0.00323102,0.00030001,0.00270723,True
23,5,15,T3,0.12688477,0.12688477,0.13210857,0.5,0.5,"[0, 8]",1.0,True,0.00323102,0.00030001,0.00270723,True
23,5,16,T4,0.12223759,0.01346594,0.13460283,0.5,0.5,"[0, 8]",1.0,True,0.00323102,0.00030001,0.00270723,True
23,5,17,CP3,0.12112439,0.03294354,0.13946523,0.5,0.5,"[0, 8]",1.0,True,0.00323102,0.00030001,0.00270723,True
23,5,18,CP4,0.11078313,0.03450949,0.12733555,0.5,0.5,"[0, 8]",1.0,True,0.00323102,0.00030001,0.00270723,True
23,5,19,TP7,0.08442771,-0.01873149,0.09443701,0.5,0.5,"[0, 8]",1.0,True,0.00323102,0.00030001,0.00270723,True
23,5,20,TP8,0.08911946,-0.05931339,0.10822089,0.5,0.5,"[0, 8]",1.0,True,0.00323102,0.00030001,0.00270723,True
23,5,21,Pz,0.153339,0.00673239,0.15352856,0.5,0.5,"[0, 8]",1.0,True,0.00323102,0.00030001,0.00270723,True
23,5,22,P3,0.10830744,0.10830744,0.11743119,0.5,0.5,"[0, 8]",1.0,True,0.00323102,0.00030001,0.00270723,True
23,5,23,P4,0.1049634,-0.09301532,0.11690019,0.5,0.5,"[0, 8]",1.0,True,0.00323102,0.00030001,0.00270723,True
23,5,24,T5,0.10485557,0.07328884,0.11432272,0.5,0.5,"[0, 8]",1.0,True,0.00323102,0.00030001,0.00270723,True
23,5,25,T6,0.0811255,-0.06220653,0.09237818,0.5,0.5,"[0, 8]",1.0,True,0.00323102,0.00030001,0.00270723,True
23,5,26,Oz,0.07747076,0.04226759,0.07987621,0.5,0.5,"[0, 8]",1.0,True,0.00323102,0.00030001,0.00270723,True
23,5,27,O1,0.12186213,0.05623303,0.13218968,0.5,0.5,"[0, 8]",1.0,True,0.00323102,0.00030001,0.00270723,True
23,5,28,O2,0.14384139,-0.02368954,0.14656633,0.5,0.5,"[0, 8]",1.0,True,0.00323102,0.00030001,0.00270723,True
24,1,0,Fp1,0.09739058,-0.08706096,0.11035744,0.375,0.375,"[3, 5]",0.625,False,0.10427373,0.01520382,0.08736954,True
24,1,1,Fp2,0.08615349,0.06595165,0.10376818,0.375,0.375,"[3, 5]",0.625,False,0.10427373,0.01520382,0.08736954,True
24,1,2,Fz,0.10538666,-0.09330584,0.11545447,0.375,0.375,"[3, 5]",0.625,False,0.10427373,0.01520382,0.08736954,True
24,1,3,F3,0.0901392,0.02559435,0.09559407,0.375,0.375,"[3, 5]",0.625,False,0.10427373,0.01520382,0.08736954,True
24,1,4,F4,0.09592336,0.01695555,0.10413385,0.375,0.375,"[3, 5]",0.625,False,0.10427373,0.01520382,0.08736954,True
24,1,5,F7,0.08176732,0.07477979,0.09270366,0.375,0.375,"[3, 5]",0.625,False,0.10427373,0.01520382,0.08736954,True
24,1,6,F8,0.08064494,-0.02761806,0.08264764,0.375,0.375,"[3, 5]",0.625,False,0.10427373,0.01520382,0.08736954,True
24,1,7,FCz,0.10341126,0.10341126,0.11804722,0.375,0.375,"[3, 5]",0.625,False,0.10427373,0.01520382,0.08736954,True
24,1,8,FC3,0.03339733,0.00229751,0.04389917,0.375,0.375,"[3, 5]",0.625,False,0.10427373,0.01520382,0.08736954,True
24,1,9,FC4,0.05160487,-0.05093973,0.07116479,0.375,0.375,"[3, 5]",0.625,False,0.10427373,0.01520382,0.08736954,True
24,1,10,FT7,0.09205676,-0.06670523,0.10498684,0.375,0.375,"[3, 5]",0.625,False,0.10427373,0.01520382,0.08736954,True
24,1,11,FT8,0.08366024,0.00446729,0.10310403,0.375,0.375,"[3, 5]",0.625,False,0.10427373,0.01520382,0.08736954,True
24,1,12,Cz,0.08363372,0.08363372,0.09810681,0.375,0.375,"[3, 5]",0.625,False,0.10427373,0.01520382,0.08736954,True
24,1,13,C3,0.10483041,0.0690619,0.10738795,0.375,0.375,"[3, 5]",0.625,False,0.10427373,0.01520382,0.08736954,True
24,1,14,C4,0.08335443,-0.06803837,0.09190263,0.375,0.375,"[3, 5]",0.625,False,0.10427373,0.01520382,0.08736954,True
24,1,15,T3,0.1158196,0.1158196,0.12166803,0.375,0.375,"[3, 5]",0.625,False,0.10427373,0.01520382,0.08736954,True
24,1,16,T4,0.11698109,0.01910793,0.13318998,0.375,0.375,"[3, 5]",0.625,False,0.10427373,0.01520382,0.08736954,True
24,1,17,CP3,0.12597889,0.03032583,0.14254355,0.375,0.375,"[3, 5]",0.625,False,0.10427373,0.01520382,0.08736954,True
24,1,18,CP4,0.11708948,0.04164947,0.13282645,0.375,0.375,"[3, 5]",0.625,False,0.10427373,0.01520382,0.08736954,True
24,1,19,TP7,0.09214198,-0.02480681,0.10232662,0.375,0.375,"[3, 5]",0.625,False,0.10427373,0.01520382,0.08736954,True
24,1,20,TP8,0.09852046,-0.05884052,0.11553676,0.375,0.375,"[3, 5]",0.625,False,0.10427373,0.01520382,0.08736954,True
24,1,21,Pz,0.14455551,0.00793825,0.14481424,0.375,0.375,"[3, 5]",0.625,False,0.10427373,0.01520382,0.08736954,True
24,1,22,P3,0.10830031,0.10830031,0.1187293,0.375,0.375,"[3, 5]",0.625,False,0.10427373,0.01520382,0.08736954,True
24,1,23,P4,0.10077007,-0.08613528,0.11034997,0.375,0.375,"[3, 5]",0.625,False,0.10427373,0.01520382,0.08736954,True
24,1,24,T5,0.11295593,0.07409859,0.12077092,0.375,0.375,"[3, 5]",0.625,False,0.10427373,0.01520382,0.08736954,True
24,1,25,T6,0.08138158,-0.0684236,0.09887552,0.375,0.375,"[3, 5]",0.625,False,0.10427373,0.01520382,0.08736954,True
24,1,26,Oz,0.07543899,0.03954227,0.07859519,0.375,0.375,"[3, 5]",0.625,False,0.10427373,0.01520382,0.08736954,True
24,1,27,O1,0.12376455,0.05423861,0.13215649,0.375,0.375,"[3, 5]",0.625,False,0.10427373,0.01520382,0.08736954,True
24,1,28,O2,0.14824408,-0.01608768,0.14945701,0.375,0.375,"[3, 5]",0.625,False,0.10427373,0.01520382,0.08736954,True
24,2,0,Fp1,0.10764903,-0.09530468,0.12045799,0.5,0.5,"[0, 8]",1.0,True,0.03101879,0.00359432,0.02599022,True
24,2,1,Fp2,0.0797343,0.06173771,0.09714478,0.5,0.5,"[0, 8]",1.0,True,0.03101879,0.00359432,0.02599022,True
24,2,2,Fz,0.10466978,-0.09723574,0.11709927,0.5,0.5,"[0, 8]",1.0,True,0.03101879,0.00359432,0.02599022,True
24,2,3,F3,0.08851368,0.02760741,0.09464672,0.5,0.5,"[0, 8]",1.0,True,0.03101879,0.00359432,0.02599022,True
24,2,4,F4,0.09630474,0.01301081,0.10572815,0.5,0.5,"[0, 8]",1.0,True,0.03101879,0.00359432,0.02599022,True
24,2,5,F7,0.08260733,0.07982783,0.09610241,0.5,0.5,"[0, 8]",1.0,True,0.03101879,0.00359432,0.02599022,True
24,2,6,F8,0.076079,-0.02894315,0.07689174,0.5,0.5,"[0, 8]",1.0,True,0.03101879,0.00359432,0.02599022,True
24,2,7,FCz,0.10015333,0.10015333,0.11426412,0.5,0.5,"[0, 8]",1.0,True,0.03101879,0.00359432,0.02599022,True
24,2,8,FC3,0.03089836,0.00462363,0.03943348,0.5,0.5,"[0, 8]",1.0,True,0.03101879,0.00359432,0.02599022,True
24,2,9,FC4,0.05758033,-0.05758033,0.07631681,0.5,0.5,"[0, 8]",1.0,True,0.03101879,0.00359432,0.02599022,True
24,2,10,FT7,0.0903931,-0.05996144,0.10479876,0.5,0.5,"[0, 8]",1.0,True,0.03101879,0.00359432,0.02599022,True
24,2,11,FT8,0.08140996,-0.00148931,0.09896889,0.5,0.5,"[0, 8]",1.0,True,0.03101879,0.00359432,0.02599022,True
24,2,12,Cz,0.07844322,0.07844322,0.0945136,0.5,0.5,"[0, 8]",1.0,True,0.03101879,0.00359432,0.02599022,True
24,2,13,C3,0.11197861,0.0710438,0.11426027,0.5,0.5,"[0, 8]",1.0,True,0.03101879,0.00359432,0.02599022,True
24,2,14,C4,0.08631367,-0.07410359,0.09562714,0.5,0.5,"[0, 8]",1.0,True,0.03101879,0.00359432,0.02599022,True
24,2,15,T3,0.12377137,0.12377137,0.12926351,0.5,0.5,"[0, 8]",1.0,True,0.03101879,0.00359432,0.02599022,True
24,2,16,T4,0.12159464,0.01333145,0.13526116,0.5,0.5,"[0, 8]",1.0,True,0.03101879,0.00359432,0.02599022,True
24,2,17,CP3,0.12250692,0.03182949,0.14053819,0.5,0.5,"[0, 8]",1.0,True,0.03101879,0.00359432,0.02599022,True
24,2,18,CP4,0.11109894,0.03636852,0.12651314,0.5,0.5,"[0, 8]",1.0,True,0.03101879,0.00359432,0.02599022,True
24,2,19,TP7,0.08651785,-0.01991544,0.09663562,0.5,0.5,"[0, 8]",1.0,True,0.03101879,0.00359432,0.02599022,True
24,2,20,TP8,0.09144253,-0.06044453,0.11088846,0.5,0.5,"[0, 8]",1.0,True,0.03101879,0.00359432,0.02599022,True
24,2,21,Pz,0.15149514,0.0076721,0.15171055,0.5,0.5,"[0, 8]",1.0,True,0.03101879,0.00359432,0.02599022,True
24,2,22,P3,0.10834248,0.10834248,0.11768909,0.5,0.5,"[0, 8]",1.0,True,0.03101879,0.00359432,0.02599022,True
24,2,23,P4,0.10340288,-0.09012835,0.11445843,0.5,0.5,"[0, 8]",1.0,True,0.03101879,0.00359432,0.02599022,True
24,2,24,T5,0.10691567,0.07401447,0.11579558,0.5,0.5,"[0, 8]",1.0,True,0.03101879,0.00359432,0.02599022,True
24,2,25,T6,0.07975106,-0.06274465,0.09222426,0.5,0.5,"[0, 8]",1.0,True,0.03101879,0.00359432,0.02599022,True
24,2,26,Oz,0.07792316,0.0438613,0.08040971,0.5,0.5,"[0, 8]",1.0,True,0.03101879,0.00359432,0.02599022,True
24,2,27,O1,0.12216608,0.05803301,0.13192853,0.5,0.5,"[0, 8]",1.0,True,0.03101879,0.00359432,0.02599022,True
24,2,28,O2,0.145485,-0.0217313,0.14777943,0.5,0.5,"[0, 8]",1.0,True,0.03101879,0.00359432,0.02599022,True
24,3,0,Fp1,0.05849732,0.01077426,0.07300689,0.5,0.5,"[6, 2]",0.75,False,0.82958231,0.17353477,0.69509574,True
24,3,1,Fp2,0.08105598,0.03467509,0.09394251,0.5,0.5,"[6, 2]",0.75,False,0.82958231,0.17353477,0.69509574,True
24,3,2,Fz,0.06294944,-0.03669413,0.07323197,0.5,0.5,"[6, 2]",0.75,False,0.82958231,0.17353477,0.69509574,True
24,3,3,F3,0.07312301,0.00043035,0.08763057,0.5,0.5,"[6, 2]",0.75,False,0.82958231,0.17353477,0.69509574,True
24,3,4,F4,0.12205683,0.00556809,0.14118353,0.5,0.5,"[6, 2]",0.75,False,0.82958231,0.17353477,0.69509574,True
24,3,5,F7,0.08661287,0.08661287,0.09406339,0.5,0.5,"[6, 2]",0.75,False,0.82958231,0.17353477,0.69509574,True
24,3,6,F8,0.12771221,-0.08172154,0.1414496,0.5,0.5,"[6, 2]",0.75,False,0.82958231,0.17353477,0.69509574,True
24,3,7,FCz,0.05849663,0.05849663,0.07164481,0.5,0.5,"[6, 2]",0.75,False,0.82958231,0.17353477,0.69509574,True
24,3,8,FC3,0.05576468,-0.02321538,0.0648454,0.5,0.5,"[6, 2]",0.75,False,0.82958231,0.17353477,0.69509574,True
24,3,9,FC4,0.03747115,0.02436608,0.04474992,0.5,0.5,"[6, 2]",0.75,False,0.82958231,0.17353477,0.69509574,True
24,3,10,FT7,0.10327811,-0.10327811,0.11583159,0.5,0.5,"[6, 2]",0.75,False,0.82958231,0.17353477,0.69509574,True
24,3,11,FT8,0.11872339,0.02463692,0.13004026,0.5,0.5,"[6, 2]",0.75,False,0.82958231,0.17353477,0.69509574,True
24,3,12,Cz,0.09458074,0.07183985,0.10039151,0.5,0.5,"[6, 2]",0.75,False,0.82958231,0.17353477,0.69509574,True
24,3,13,C3,0.06669326,0.06669326,0.08773653,0.5,0.5,"[6, 2]",0.75,False,0.82958231,0.17353477,0.69509574,True
24,3,14,C4,0.1100807,-0.04401569,0.14923835,0.5,0.5,"[6, 2]",0.75,False,0.82958231,0.17353477,0.69509574,True
24,3,15,T3,0.10739467,0.06387448,0.13622883,0.5,0.5,"[6, 2]",0.75,False,0.82958231,0.17353477,0.69509574,True
24,3,16,T4,0.09623699,0.08372778,0.12707181,0.5,0.5,"[6, 2]",0.75,False,0.82958231,0.17353477,0.69509574,True
24,3,17,CP3,0.16873869,0.04521812,0.17564015,0.5,0.5,"[6, 2]",0.75,False,0.82958231,0.17353477,0.69509574,True
24,3,18,CP4,0.05109888,0.03938456,0.08055544,0.5,0.5,"[6, 2]",0.75,False,0.82958231,0.17353477,0.69509574,True
24,3,19,TP7,0.06689383,0.01255976,0.08458591,0.5,0.5,"[6, 2]",0.75,False,0.82958231,0.17353477,0.69509574,True
24,3,20,TP8,0.09000094,-0.01744091,0.09417211,0.5,0.5,"[6, 2]",0.75,False,0.82958231,0.17353477,0.69509574,True
24,3,21,Pz,0.12374888,-0.03958459,0.14581098,0.5,0.5,"[6, 2]",0.75,False,0.82958231,0.17353477,0.69509574,True
24,3,22,P3,0.08729968,0.06848248,0.09963129,0.5,0.5,"[6, 2]",0.75,False,0.82958231,0.17353477,0.69509574,True
24,3,23,P4,0.06847636,-0.0571925,0.07513203,0.5,0.5,"[6, 2]",0.75,False,0.82958231,0.17353477,0.69509574,True
24,3,24,T5,0.05276317,0.00860623,0.06087104,0.5,0.5,"[6, 2]",0.75,False,0.82958231,0.17353477,0.69509574,True
24,3,25,T6,0.08748317,-0.07304016,0.10878521,0.5,0.5,"[6, 2]",0.75,False,0.82958231,0.17353477,0.69509574,True
24,3,26,Oz,0.04837739,-0.03622562,0.05544904,0.5,0.5,"[6, 2]",0.75,False,0.82958231,0.17353477,0.69509574,True
24,3,27,O1,0.08701935,0.07905218,0.10332365,0.5,0.5,"[6, 2]",0.75,False,0.82958231,0.17353477,0.69509574,True
24,3,28,O2,0.17895444,0.07103534,0.19329588,0.5,0.5,"[6, 2]",0.75,False,0.82958231,0.17353477,0.69509574,True
24,4,0,Fp1,0.10965674,-0.09555121,0.12231991,0.5,0.5,"[0, 8]",1.0,True,0.00323015,0.00030001,0.0027065,True
24,4,1,Fp2,0.0779582,0.06131019,0.09550944,0.5,0.5,"[0, 8]",1.0,True,0.00323015,0.00030001,0.0027065,True
24,4,2,Fz,0.10400175,-0.09818149,0.11732586,0.5,0.5,"[0, 8]",1.0,True,0.00323015,0.00030001,0.0027065,True
24,4,3,F3,0.08777068,0.0277132,0.0944314,0.5,0.5,"[0, 8]",1.0,True,0.00323015,0.00030001,0.0027065,True
24,4,4,F4,0.09753284,0.01265002,0.10765949,0.5,0.5,"[0, 8]",1.0,True,0.00323015,0.00030001,0.0027065,True
24,4,5,F7,0.08395586,0.08137675,0.09745139,0.5,0.5,"[0, 8]",1.0,True,0.00323015,0.00030001,0.0027065,True
24,4,6,F8,0.07749207,-0.02905646,0.07849172,0.5,0.5,"[0, 8]",1.0,True,0.00323015,0.00030001,0.0027065,True
24,4,7,FCz,0.09923288,0.09923288,0.11446067,0.5,0.5,"[0, 8]",1.0,True,0.00323015,0.00030001,0.0027065,True
24,4,8,FC3,0.03099027,0.00617212,0.0376402,0.5,0.5,"[0, 8]",1.0,True,0.00323015,0.00030001,0.0027065,True
24,4,9,FC4,0.05789174,-0.05789174,0.07611096,0.5,0.5,"[0, 8]",1.0,True,0.00323015,0.00030001,0.0027065,True
24,4,10,FT7,0.0905698,-0.05852623,0.1041334,0.5,0.5,"[0, 8]",1.0,True,0.00323015,0.00030001,0.0027065,True
24,4,11,FT8,0.08023968,-0.00338928,0.09737363,0.5,0.5,"[0, 8]",1.0,True,0.00323015,0.00030001,0.0027065,True
24,4,12,Cz,0.07720223,0.07598364,0.09283417,0.5,0.5,"[0, 8]",1.0,True,0.00323015,0.00030001,0.0027065,True
24,4,13,C3,0.1152309,0.07266648,0.11747747,0.5,0.5,"[0, 8]",1.0,True,0.00323015,0.00030001,0.0027065,True
24,4,14,C4,0.08550487,-0.0748246,0.09586047,0.5,0.5,"[0, 8]",1.0,True,0.00323015,0.00030001,0.0027065,True
24,4,15,T3,0.1264348,0.1264348,0.13169742,0.5,0.5,"[0, 8]",1.0,True,0.00323015,0.00030001,0.0027065,True
24,4,16,T4,0.12208758,0.01331595,0.13452928,0.5,0.5,"[0, 8]",1.0,True,0.00323015,0.00030001,0.0027065,True
24,4,17,CP3,0.12127438,0.03309353,0.13959895,0.5,0.5,"[0, 8]",1.0,True,0.00323015,0.00030001,0.0027065,True
24,4,18,CP4,0.11108313,0.03480948,0.12765412,0.5,0.5,"[0, 8]",1.0,True,0.00323015,0.00030001,0.0027065,True
24,4,19,TP7,0.08442771,-0.01873149,0.09443701,0.5,0.5,"[0, 8]",1.0,True,0.00323015,0.00030001,0.0027065,True
24,4,20,TP8,0.08911946,-0.0593134,0.10825447,0.5,0.5,"[0, 8]",1.0,True,0.00323015,0.00030001,0.0027065,True
24,4,21,Pz,0.15273972,0.00673309,0.15293004,0.5,0.5,"[0, 8]",1.0,True,0.00323015,0.00030001,0.0027065,True
24,4,22,P3,0.10830734,0.10830734,0.11754775,0.5,0.5,"[0, 8]",1.0,True,0.00323015,0.00030001,0.0027065,True
24,4,23,P4,0.10451343,-0.09286531,0.11650195,0.5,0.5,"[0, 8]",1.0,True,0.00323015,0.00030001,0.0027065,True
24,4,24,T5,0.10530552,0.07343881,0.11467035,0.5,0.5,"[0, 8]",1.0,True,0.00323015,0.00030001,0.0027065,True
24,4,25,T6,0.08127549,-0.06265652,0.09257796,0.5,0.5,"[0, 8]",1.0,True,0.00323015,0.00030001,0.0027065,True
24,4,26,Oz,0.07777076,0.04226759,0.08020258,0.5,0.5,"[0, 8]",1.0,True,0.00323015,0.00030001,0.0027065,True
24,4,27,O1,0.12171213,0.05608303,0.13208538,0.5,0.5,"[0, 8]",1.0,True,0.00323015,0.00030001,0.0027065,True
24,4,28,O2,0.14429137,-0.02353954,0.14696823,0.5,0.5,"[0, 8]",1.0,True,0.00323015,0.00030001,0.0027065,True
24,5,0,Fp1,0.10779443,-0.09393518,0.120372,0.5,0.5,"[0, 8]",1.0,True,0.0231164,0.00298263,0.01936891,True
24,5,1,Fp2,0.07930985,0.06327318,0.0971384,0.5,0.5,"[0, 8]",1.0,True,0.0231164,0.00298263,0.01936891,True
24,5,2,Fz,0.10433975,-0.09733939,0.11718452,0.5,0.5,"[0, 8]",1.0,True,0.0231164,0.00298263,0.01936891,True
24,5,3,F3,0.08859295,0.0269649,0.09517473,0.5,0.5,"[0, 8]",1.0,True,0.0231164,0.00298263,0.01936891,True
24,5,4,F4,0.09820096,0.01465946,0.10744414,0.5,0.5,"[0, 8]",1.0,True,0.0231164,0.00298263,0.01936891,True
24,5,5,F7,0.08446308,0.08072698,0.09721693,0.5,0.5,"[0, 8]",1.0,True,0.0231164,0.00298263,0.01936891,True
24,5,6,F8,0.07616879,-0.02683372,0.07744799,0.5,0.5,"[0, 8]",1.0,True,0.0231164,0.00298263,0.01936891,True
24,5,7,FCz,0.09988219,0.09988219,0.11586636,0.5,0.5,"[0, 8]",1.0,True,0.0231164,0.00298263,0.01936891,True
24,5,8,FC3,0.03048079,0.00522877,0.03816658,0.5,0.5,"[0, 8]",1.0,True,0.0231164,0.00298263,0.01936891,True
24,5,9,FC4,0.05575705,-0.05575705,0.07430738,0.5,0.5,"[0, 8]",1.0,True,0.0231164,0.00298263,0.01936891,True
24,5,10,FT7,0.09057852,-0.0597722,0.10365359,0.5,0.5,"[0, 8]",1.0,True,0.0231164,0.00298263,0.01936891,True
24,5,11,FT8,0.07977764,-0.00126592,0.0968167,0.5,0.5,"[0, 8]",1.0,True,0.0231164,0.00298263,0.01936891,True
24,5,12,Cz,0.07913912,0.07694405,0.09455538,0.5,0.5,"[0, 8]",1.0,True,0.0231164,0.00298263,0.01936891,True
24,5,13,C3,0.11348958,0.07137408,0.11565147,0.5,0.5,"[0, 8]",1.0,True,0.0231164,0.00298263,0.01936891,True
24,5,14,C4,0.08574012,-0.07494707,0.09601472,0.5,0.5,"[0, 8]",1.0,True,0.0231164,0.00298263,0.01936891,True
24,5,15,T3,0.1251253,0.1251253,0.13042381,0.5,0.5,"[0, 8]",1.0,True,0.0231164,0.00298263,0.01936891,True
24,5,16,T4,0.12118514,0.01400257,0.1342583,0.5,0.5,"[0, 8]",1.0,True,0.0231164,0.00298263,0.01936891,True
24,5,17,CP3,0.12154483,0.03078286,0.13941596,0.5,0.5,"[0, 8]",1.0,True,0.0231164,0.00298263,0.01936891,True
24,5,18,CP4,0.11219462,0.03546471,0.12922947,0.5,0.5,"[0, 8]",1.0,True,0.0231164,0.00298263,0.01936891,True
24,5,19,TP7,0.086334,-0.01967491,0.09622359,0.5,0.5,"[0, 8]",1.0,True,0.0231164,0.00298263,0.01936891,True
24,5,20,TP8,0.0902907,-0.05975434,0.10948066,0.5,0.5,"[0, 8]",1.0,True,0.0231164,0.00298263,0.01936891,True
24,5,21,Pz,0.15223391,0.00655417,0.15241997,0.5,0.5,"[0, 8]",1.0,True,0.0231164,0.00298263,0.01936891,True
24,5,22,P3,0.1078648,0.1078648,0.11790672,0.5,0.5,"[0, 8]",1.0,True,0.0231164,0.00298263,0.01936891,True
24,5,23,P4,0.10503912,-0.09182762,0.11615119,0.5,0.5,"[0, 8]",1.0,True,0.0231164,0.00298263,0.01936891,True
24,5,24,T5,0.10589053,0.07320471,0.11487946,0.5,0.5,"[0, 8]",1.0,True,0.0231164,0.00298263,0.01936891,True
24,5,25,T6,0.08173417,-0.06414784,0.09371522,0.5,0.5,"[0, 8]",1.0,True,0.0231164,0.00298263,0.01936891,True
24,5,26,Oz,0.07784723,0.04139372,0.08059493,0.5,0.5,"[0, 8]",1.0,True,0.0231164,0.00298263,0.01936891,True
24,5,27,O1,0.12087248,0.05562855,0.13138629,0.5,0.5,"[0, 8]",1.0,True,0.0231164,0.00298263,0.01936891,True
24,5,28,O2,0.1447717,-0.02286286,0.14717837,0.5,0.5,"[0, 8]",1.0,True,0.0231164,0.00298263,0.01936891,True
25,1,0,Fp1,0.11003941,-0.0961998,0.12282515,0.5,0.5,"[0, 8]",1.0,True,0.0106334,0.00120319,0.00890958,True
25,1,1,Fp2,0.07800093,0.06094914,0.09507428,0.5,0.5,"[0, 8]",1.0,True,0.0106334,0.00120319,0.00890958,True
25,1,2,Fz,0.1039745,-0.09872358,0.11769888,0.5,0.5,"[0, 8]",1.0,True,0.0106334,0.00120319,0.00890958,True
25,1,3,F3,0.08781695,0.02705266,0.09499395,0.5,0.5,"[0, 8]",1.0,True,0.0106334,0.00120319,0.00890958,True
25,1,4,F4,0.09756189,0.01199351,0.10808825,0.5,0.5,"[0, 8]",1.0,True,0.0106334,0.00120319,0.00890958,True
25,1,5,F7,0.08313471,0.08130055,0.09689465,0.5,0.5,"[0, 8]",1.0,True,0.0106334,0.00120319,0.00890958,True
25,1,6,F8,0.07730665,-0.02855701,0.07836394,0.5,0.5,"[0, 8]",1.0,True,0.0106334,0.00120319,0.00890958,True
25,1,7,FCz,0.09900434,0.09900434,0.11430886,0.5,0.5,"[0, 8]",1.0,True,0.0106334,0.00120319,0.00890958,True
25,1,8,FC3,0.03111857,0.00555759,0.03782207,0.5,0.5,"[0, 8]",1.0,True,0.0106334,0.00120319,0.00890958,True
25,1,9,FC4,0.05725106,-0.05725106,0.0755201,0.5,0.5,"[0, 8]",1.0,True,0.0106334,0.00120319,0.00890958,True
25,1,10,FT7,0.0909685,-0.05818242,0.10462395,0.5,0.5,"[0, 8]",1.0,True,0.0106334,0.00120319,0.00890958,True
25,1,11,FT8,0.07979507,-0.0036025,0.09695259,0.5,0.5,"[0, 8]",1.0,True,0.0106334,0.00120319,0.00890958,True
25,1,12,Cz,0.07705477,0.07608293,0.0929735,0.5,0.5,"[0, 8]",1.0,True,0.0106334,0.00120319,0.00890958,True
25,1,13,C3,0.11465396,0.07251775,0.11680847,0.5,0.5,"[0, 8]",1.0,True,0.0106334,0.00120319,0.00890958,True
25,1,14,C4,0.08493622,-0.07440182,0.09530339,0.5,0.5,"[0, 8]",1.0,True,0.0106334,0.00120319,0.00890958,True
25,1,15,T3,0.12687171,0.12687171,0.13204555,0.5,0.5,"[0, 8]",1.0,True,0.0106334,0.00120319,0.00890958,True
25,1,16,T4,0.1225239,0.01374567,0.13475752,0.5,0.5,"[0, 8]",1.0,True,0.0106334,0.00120319,0.00890958,True
25,1,17,CP3,0.12076566,0.03341603,0.13921042,0.5,0.5,"[0, 8]",1.0,True,0.0106334,0.00120319,0.00890958,True
25,1,18,CP4,0.11137575,0.03546053,0.12786329,0.5,0.5,"[0, 8]",1.0,True,0.0106334,0.00120319,0.00890958,True
25,1,19,TP7,0.08417679,-0.01899368,0.09447239,0.5,0.5,"[0, 8]",1.0,True,0.0106334,0.00120319,0.00890958,True
25,1,20,TP8,0.08867525,-0.05883957,0.10755652,0.5,0.5,"[0, 8]",1.0,True,0.0106334,0.00120319,0.00890958,True
25,1,21,Pz,0.1533048,0.00703102,0.15351094,0.5,0.5,"[0, 8]",1.0,True,0.0106334,0.00120319,0.00890958,True
25,1,22,P3,0.10811436,0.10811436,0.11771899,0.5,0.5,"[0, 8]",1.0,True,0.0106334,0.00120319,0.00890958,True
25,1,23,P4,0.10474962,-0.09260437,0.1164758,0.5,0.5,"[0, 8]",1.0,True,0.0106334,0.00120319,0.00890958,True
25,1,24,T5,0.10506096,0.07275568,0.11447983,0.5,0.5,"[0, 8]",1.0,True,0.0106334,0.00120319,0.00890958,True
25,1,25,T6,0.08109064,-0.06183956,0.0923927,0.5,0.5,"[0, 8]",1.0,True,0.0106334,0.00120319,0.00890958,True
25,1,26,Oz,0.07704515,0.04219956,0.07926025,0.5,0.5,"[0, 8]",1.0,True,0.0106334,0.00120319,0.00890958,True
25,1,27,O1,0.12237357,0.05599289,0.1330265,0.5,0.5,"[0, 8]",1.0,True,0.0106334,0.00120319,0.00890958,True
25,1,28,O2,0.14413138,-0.02373532,0.14697722,0.5,0.5,"[0, 8]",1.0,True,0.0106334,0.00120319,0.00890958,True
25,2,0,Fp1,0.10980675,-0.09600121,0.12259922,0.5,0.5,"[0, 8]",1.0,True,0.00323086,0.00030001,0.0027071,True
25,2,1,Fp2,0.07780819,0.06116018,0.09524057,0.5,0.5,"[0, 8]",1.0,True,0.00323086,0.00030001,0.0027071,True
25,2,2,Fz,0.10385175,-0.0983315,0.11734443,0.5,0.5,"[0, 8]",1.0,True,0.00323086,0.00030001,0.0027071,True
25,2,3,F3,0.08777058,0.0274133,0.09465098,0.5,0.5,"[0, 8]",1.0,True,0.00323086,0.00030001,0.0027071,True
25,2,4,F4,0.09753284,0.01265002,0.10767057,0.5,0.5,"[0, 8]",1.0,True,0.00323086,0.00030001,0.0027071,True
25,2,5,F7,0.08395586,0.08167676,0.09759305,0.5,0.5,"[0, 8]",1.0,True,0.00323086,0.00030001,0.0027071,True
25,2,6,F8,0.07749207,-0.02905646,0.07849171,0.5,0.5,"[0, 8]",1.0,True,0.00323086,0.00030001,0.0027071,True
25,2,7,FCz,0.09893291,0.09893291,0.1141842,0.5,0.5,"[0, 8]",1.0,True,0.00323086,0.00030001,0.0027071,True
25,2,8,FC3,0.03114027,0.00602213,0.03768572,0.5,0.5,"[0, 8]",1.0,True,0.00323086,0.00030001,0.0027071,True
25,2,9,FC4,0.05774177,-0.05774177,0.07595848,0.5,0.5,"[0, 8]",1.0,True,0.00323086,0.00030001,0.0027071,True
25,2,10,FT7,0.09056947,-0.0582259,0.10414182,0.5,0.5,"[0, 8]",1.0,True,0.00323086,0.00030001,0.0027071,True
25,2,11,FT8,0.08024118,-0.0033878,0.09737398,0.5,0.5,"[0, 8]",1.0,True,0.00323086,0.00030001,0.0027071,True
25,2,12,Cz,0.07705224,0.07583365,0.09273107,0.5,0.5,"[0, 8]",1.0,True,0.00323086,0.00030001,0.0027071,True
25,2,13,C3,0.11508091,0.0722165,0.11723877,0.5,0.5,"[0, 8]",1.0,True,0.00323086,0.00030001,0.0027071,True
25,2,14,C4,0.08550487,-0.07482462,0.09586047,0.5,0.5,"[0, 8]",1.0,True,0.00323086,0.00030001,0.0027071,True
25,2,15,T3,0.12673478,0.12673478,0.13199671,0.5,0.5,"[0, 8]",1.0,True,0.00323086,0.00030001,0.0027071,True
25,2,16,T4,0.12208758,0.01361594,0.13454798,0.5,0.5,"[0, 8]",1.0,True,0.00323086,0.00030001,0.0027071,True
25,2,17,CP3,0.12097439,0.03309354,0.13939349,0.5,0.5,"[0, 8]",1.0,True,0.00323086,0.00030001,0.0027071,True
25,2,18,CP4,0.11123312,0.03465948,0.12783359,0.5,0.5,"[0, 8]",1.0,True,0.00323086,0.00030001,0.0027071,True
25,2,19,TP7,0.08457771,-0.0185815,0.09456401,0.5,0.5,"[0, 8]",1.0,True,0.00323086,0.00030001,0.0027071,True
25,2,20,TP8,0.08911946,-0.05901341,0.10810003,0.5,0.5,"[0, 8]",1.0,True,0.00323086,0.00030001,0.0027071,True
25,2,21,Pz,0.153189,0.00688238,0.15338798,0.5,0.5,"[0, 8]",1.0,True,0.00323086,0.00030001,0.0027071,True
25,2,22,P3,0.10815745,0.10815745,0.11747982,0.5,0.5,"[0, 8]",1.0,True,0.00323086,0.00030001,0.0027071,True
25,2,23,P4,0.10481341,-0.09286531,0.11668701,0.5,0.5,"[0, 8]",1.0,True,0.00323086,0.00030001,0.0027071,True
25,2,24,T5,0.10515555,0.07328883,0.11447953,0.5,0.5,"[0, 8]",1.0,True,0.00323086,0.00030001,0.0027071,True
25,2,25,T6,0.0809755,-0.06205653,0.09217295,0.5,0.5,"[0, 8]",1.0,True,0.00323086,0.00030001,0.0027071,True
25,2,26,Oz,0.07747076,0.04226759,0.07981057,0.5,0.5,"[0, 8]",1.0,True,0.00323086,0.00030001,0.0027071,True
25,2,27,O1,0.12186214,0.05593305,0.13229264,0.5,0.5,"[0, 8]",1.0,True,0.00323086,0.00030001,0.0027071,True
25,2,28,O2,0.14414138,-0.02368954,0.14689206,0.5,0.5,"[0, 8]",1.0,True,0.00323086,0.00030001,0.0027071,True
25,3,0,Fp1,0.10980675,-0.09600121,0.12267517,0.5,0.5,"[0, 8]",1.0,True,0.003231,0.00030001,0.00270721,True
25,3,1,Fp2,0.07795819,0.06131018,0.09530639,0.5,0.5,"[0, 8]",1.0,True,0.003231,0.00030001,0.00270721,True
25,3,2,Fz,0.10385175,-0.0983315,0.11734443,0.5,0.5,"[0, 8]",1.0,True,0.003231,0.00030001,0.00270721,True
25,3,3,F3,0.08762068,0.0275632,0.09446009,0.5,0.5,"[0, 8]",1.0,True,0.003231,0.00030001,0.00270721,True
25,3,4,F4,0.09753284,0.01265002,0.10767057,0.5,0.5,"[0, 8]",1.0,True,0.003231,0.00030001,0.00270721,True
25,3,5,F7,0.08395585,0.08167675,0.09759305,0.5,0.5,"[0, 8]",1.0,True,0.003231,0.00030001,0.00270721,True
25,3,6,F8,0.07749207,-0.02905646,0.07849171,0.5,0.5,"[0, 8]",1.0,True,0.003231,0.00030001,0.00270721,True
25,3,7,FCz,0.09908285,0.09908285,0.11431884,0.5,0.5,"[0, 8]",1.0,True,0.003231,0.00030001,0.00270721,True
25,3,8,FC3,0.03114027,0.00602213,0.03768572,0.5,0.5,"[0, 8]",1.0,True,0.003231,0.00030001,0.00270721,True
25,3,9,FC4,0.05774175,-0.05774175,0.07593862,0.5,0.5,"[0, 8]",1.0,True,0.003231,0.00030001,0.00270721,True
25,3,10,FT7,0.0904198,-0.05807623,0.10388396,0.5,0.5,"[0, 8]",1.0,True,0.003231,0.00030001,0.00270721,True
25,3,11,FT8,0.08009119,-0.0035378,0.09717131,0.5,0.5,"[0, 8]",1.0,True,0.003231,0.00030001,0.00270721,True
25,3,12,Cz,0.07705224,0.07583365,0.09273107,0.5,0.5,"[0, 8]",1.0,True,0.003231,0.00030001,0.00270721,True
25,3,13,C3,0.11508091,0.0722165,0.11723877,0.5,0.5,"[0, 8]",1.0,True,0.003231,0.00030001,0.00270721,True
25,3,14,C4,0.08535488,-0.0749746,0.0958275,0.5,0.5,"[0, 8]",1.0,True,0.003231,0.00030001,0.00270721,True
25,3,15,T3,0.12643479,0.12643479,0.1316974,0.5,0.5,"[0, 8]",1.0,True,0.003231,0.00030001,0.00270721,True
25,3,16,T4,0.12223752,0.01346588,0.13460273,0.5,0.5,"[0, 8]",1.0,True,0.003231,0.00030001,0.00270721,True
25,3,17,CP3,0.12097439,0.03309354,0.13939349,0.5,0.5,"[0, 8]",1.0,True,0.003231,0.00030001,0.00270721,True
25,3,18,CP4,0.11123312,0.03465948,0.12783359,0.5,0.5,"[0, 8]",1.0,True,0.003231,0.00030001,0.00270721,True
25,3,19,TP7,0.08442771,-0.01903148,0.09443746,0.5,0.5,"[0, 8]",1.0,True,0.003231,0.00030001,0.00270721,True
25,3,20,TP8,0.08896947,-0.05916341,0.10804187,0.5,0.5,"[0, 8]",1.0,True,0.003231,0.00030001,0.00270721,True
25,3,21,Pz,0.15303901,0.00673238,0.15322733,0.5,0.5,"[0, 8]",1.0,True,0.003231,0.00030001,0.00270721,True
25,3,22,P3,0.10815743,0.10815743,0.11747981,0.5,0.5,"[0, 8]",1.0,True,0.003231,0.00030001,0.00270721,True
25,3,23,P4,0.10466341,-0.09301531,0.11665668,0.5,0.5,"[0, 8]",1.0,True,0.003231,0.00030001,0.00270721,True
25,3,24,T5,0.10485555,0.07298883,0.11420297,0.5,0.5,"[0, 8]",1.0,True,0.003231,0.00030001,0.00270721,True
25,3,25,T6,0.0811255,-0.06220653,0.09237818,0.5,0.5,"[0, 8]",1.0,True,0.003231,0.00030001,0.00270721,True
25,3,26,Oz,0.07747076,0.04196759,0.07984817,0.5,0.5,"[0, 8]",1.0,True,0.003231,0.00030001,0.00270721,True
25,3,27,O1,0.12171213,0.05578304,0.13208488,0.5,0.5,"[0, 8]",1.0,True,0.003231,0.00030001,0.00270721,True
25,3,28,O2,0.14414139,-0.02398952,0.14690948,0.5,0.5,"[0, 8]",1.0,True,0.003231,0.00030001,0.00270721,True
25,4,0,Fp1,0.11010674,-0.09600119,0.12282327,0.5,0.5,"[0, 8]",1.0,True,0.00323095,0.00030001,0.00270717,True
25,4,1,Fp2,0.07780819,0.06116018,0.09520327,0.5,0.5,"[0, 8]",1.0,True,0.00323095,0.00030001,0.00270717,True
25,4,2,Fz,0.10400175,-0.09848149,0.11752755,0.5,0.5,"[0, 8]",1.0,True,0.00323095,0.00030001,0.00270717,True
25,4,3,F3,0.08777068,0.02741321,0.09465111,0.5,0.5,"[0, 8]",1.0,True,0.00323095,0.00030001,0.00270717,True
25,4,4,F4,0.09753284,0.01235003,0.10784688,0.5,0.5,"[0, 8]",1.0,True,0.00323095,0.00030001,0.00270717,True
25,4,5,F7,0.08380586,0.08152676,0.09744392,0.5,0.5,"[0, 8]",1.0,True,0.00323095,0.00030001,0.00270717,True
25,4,6,F8,0.07734207,-0.02920645,0.07830695,0.5,0.5,"[0, 8]",1.0,True,0.00323095,0.00030001,0.00270717,True
25,4,7,FCz,0.09878292,0.09878292,0.11416792,0.5,0.5,"[0, 8]",1.0,True,0.00323095,0.00030001,0.00270717,True
25,4,8,FC3,0.03099027,0.00587213,0.03766773,0.5,0.5,"[0, 8]",1.0,True,0.00323095,0.00030001,0.00270717,True
25,4,9,FC4,0.05789174,-0.05789174,0.07611096,0.5,0.5,"[0, 8]",1.0,True,0.00323095,0.00030001,0.00270717,True
25,4,10,FT7,0.09056979,-0.05822622,0.10414238,0.5,0.5,"[0, 8]",1.0,True,0.00323095,0.00030001,0.00270717,True
25,4,11,FT8,0.08009119,-0.0035378,0.09717131,0.5,0.5,"[0, 8]",1.0,True,0.00323095,0.00030001,0.00270717,True
25,4,12,Cz,0.07705224,0.07583365,0.09273107,0.5,0.5,"[0, 8]",1.0,True,0.00323095,0.00030001,0.00270717,True
25,4,13,C3,0.1152309,0.07236649,0.11737084,0.5,0.5,"[0, 8]",1.0,True,0.00323095,0.00030001,0.00270717,True
25,4,14,C4,0.08550487,-0.07512459,0.0960255,0.5,0.5,"[0, 8]",1.0,True,0.00323095,0.00030001,0.00270717,True
25,4,15,T3,0.12688477,0.12688477,0.13207866,0.5,0.5,"[0, 8]",1.0,True,0.00323095,0.00030001,0.00270717,True
25,4,16,T4,0.12208759,0.01331595,0.13439634,0.5,0.5,"[0, 8]",1.0,True,0.00323095,0.00030001,0.00270717,True
25,4,17,CP3,0.12112439,0.03294354,0.13957527,0.5,0.5,"[0, 8]",1.0,True,0.00323095,0.00030001,0.00270717,True
25,4,18,CP4,0.11108314,0.03450949,0.12780999,0.5,0.5,"[0, 8]",1.0,True,0.00323095,0.00030001,0.00270717,True
25,4,19,TP7,0.08412772,-0.0187315,0.09410919,0.5,0.5,"[0, 8]",1.0,True,0.00323095,0.00030001,0.00270717,True
25,4,20,TP8,0.08896945,-0.0591634,0.10804185,0.5,0.5,"[0, 8]",1.0,True,0.00323095,0.00030001,0.00270717,True
25,4,21,Pz,0.153189,0.0068824,0.15338798,0.5,0.5,"[0, 8]",1.0,True,0.00323095,0.00030001,0.00270717,True
25,4,22,P3,0.10830743,0.10830743,0.11757707,0.5,0.5,"[0, 8]",1.0,True,0.00323095,0.00030001,0.00270717,True
25,4,23,P4,0.10481318,-0.09286507,0.11668677,0.5,0.5,"[0, 8]",1.0,True,0.00323095,0.00030001,0.00270717,True
25,4,24,T5,0.10515554,0.07328883,0.11459687,0.5,0.5,"[0, 8]",1.0,True,0.00323095,0.00030001,0.00270717,True
25,4,25,T6,0.0811255,-0.06220653,0.09237818,0.5,0.5,"[0, 8]",1.0,True,0.00323095,0.00030001,0.00270717,True
25,4,26,Oz,0.07762076,0.04241759,0.07997135,0.5,0.5,"[0, 8]",1.0,True,0.00323095,0.00030001,0.00270717,True
25,4,27,O1,0.12216213,0.05623303,0.13248843,0.5,0.5,"[0, 8]",1.0,True,0.00323095,0.00030001,0.00270717,True
25,4,28,O2,0.14399138,-0.02353954,0.14670472,0.5,0.5,"[0, 8]",1.0,True,0.00323095,0.00030001,0.00270717,True
25,5,0,Fp1,0.10995674,-0.0961512,0.12278919,0.5,0.5,"[0, 8]",1.0,True,0.00323096,0.00030001,0.00270718,True
25,5,1,Fp2,0.07765819,0.06101018,0.09513739,0.5,0.5,"[0, 8]",1.0,True,0.00323096,0.00030001,0.00270718,True
25,5,2,Fz,0.10400175,-0.09818149,0.11735892,0.5,0.5,"[0, 8]",1.0,True,0.00323096,0.00030001,0.00270718,True
25,5,3,F3,0.08777067,0.02741322,0.0946511,0.5,0.5,"[0, 8]",1.0,True,0.00323096,0.00030001,0.00270718,True
25,5,4,F4,0.09753284,0.01265003,0.10767057,0.5,0.5,"[0, 8]",1.0,True,0.00323096,0.00030001,0.00270718,True
25,5,5,F7,0.08410585,0.08182675,0.09773499,0.5,0.5,"[0, 8]",1.0,True,0.00323096,0.00030001,0.00270718,True
25,5,6,F8,0.07734207,-0.02920646,0.07830694,0.5,0.5,"[0, 8]",1.0,True,0.00323096,0.00030001,0.00270718,True
25,5,7,FCz,0.09908289,0.09908289,0.11432616,0.5,0.5,"[0, 8]",1.0,True,0.00323096,0.00030001,0.00270718,True
25,5,8,FC3,0.03129027,0.00617212,0.03790007,0.5,0.5,"[0, 8]",1.0,True,0.00323096,0.00030001,0.00270718,True
25,5,9,FC4,0.05774178,-0.05774178,0.07617239,0.5,0.5,"[0, 8]",1.0,True,0.00323096,0.00030001,0.00270718,True
25,5,10,FT7,0.0902698,-0.05792623,0.10379736,0.5,0.5,"[0, 8]",1.0,True,0.00323096,0.00030001,0.00270718,True
25,5,11,FT8,0.07979119,-0.0035378,0.09692363,0.5,0.5,"[0, 8]",1.0,True,0.00323096,0.00030001,0.00270718,True
25,5,12,Cz,0.07705224,0.07583366,0.09260236,0.5,0.5,"[0, 8]",1.0,True,0.00323096,0.00030001,0.00270718,True
25,5,13,C3,0.11508091,0.07251649,0.11726163,0.5,0.5,"[0, 8]",1.0,True,0.00323096,0.00030001,0.00270718,True
25,5,14,C4,0.08565487,-0.0749746,0.09605505,0.5,0.5,"[0, 8]",1.0,True,0.00323096,0.00030001,0.00270718,True
25,5,15,T3,0.12658478,0.12658478,0.13186288,0.5,0.5,"[0, 8]",1.0,True,0.00323096,0.00030001,0.00270718,True
25,5,16,T4,0.12208759,0.01331595,0.13450733,0.5,0.5,"[0, 8]",1.0,True,0.00323096,0.00030001,0.00270718,True
25,5,17,CP3,0.12127438,0.03309355,0.13959895,0.5,0.5,"[0, 8]",1.0,True,0.00323096,0.00030001,0.00270718,True
25,5,18,CP4,0.11093313,0.03465949,0.12755179,0.5,0.5,"[0, 8]",1.0,True,0.00323096,0.00030001,0.00270718,True
25,5,19,TP7,0.08412779,-0.01873156,0.09410922,0.5,0.5,"[0, 8]",1.0,True,0.00323096,0.00030001,0.00270718,True
25,5,20,TP8,0.08911946,-0.05931341,0.10822091,0.5,0.5,"[0, 8]",1.0,True,0.00323096,0.00030001,0.00270718,True
25,5,21,Pz,0.15303901,0.00703239,0.15324241,0.5,0.5,"[0, 8]",1.0,True,0.00323096,0.00030001,0.00270718,True
25,5,22,P3,0.10845744,0.10845744,0.11764508,0.5,0.5,"[0, 8]",1.0,True,0.00323096,0.00030001,0.00270718,True
25,5,23,P4,0.10466341,-0.09271532,0.11653231,0.5,0.5,"[0, 8]",1.0,True,0.00323096,0.00030001,0.00270718,True
25,5,24,T5,0.10500561,0.07343877,0.11451385,0.5,0.5,"[0, 8]",1.0,True,0.00323096,0.00030001,0.00270718,True
25,5,25,T6,0.0809755,-0.06235652,0.0923172,0.5,0.5,"[0, 8]",1.0,True,0.00323096,0.00030001,0.00270718,True
25,5,26,Oz,0.07732077,0.04211759,0.07971523,0.5,0.5,"[0, 8]",1.0,True,0.00323096,0.00030001,0.00270718,True
25,5,27,O1,0.12186223,0.05593314,0.13229275,0.5,0.5,"[0, 8]",1.0,True,0.00323096,0.00030001,0.00270718,True
25,5,28,O2,0.14399138,-0.02383953,0.14675385,0.5,0.5,"[0, 8]",1.0,True,0.00323096,0.00030001,0.00270718,True
26,1,0,Fp1,0.08353173,-0.08199506,0.09869966,0.625,0.625,"[3, 5]",0.625,False,0.43386495,0.08450131,0.36352955,True
26,1,1,Fp2,0.08411698,0.07311951,0.1048365,0.625,0.625,"[3, 5]",0.625,False,0.43386495,0.08450131,0.36352955,True
26,1,2,Fz,0.1009726,-0.07253144,0.10688043,0.625,0.625,"[3, 5]",0.625,False,0.43386495,0.08450131,0.36352955,True
26,1,3,F3,0.10532135,0.04074034,0.1198945,0.625,0.625,"[3, 5]",0.625,False,0.43386495,0.08450131,0.36352955,True
26,1,4,F4,0.06919166,0.01483146,0.0789112,0.625,0.625,"[3, 5]",0.625,False,0.43386495,0.08450131,0.36352955,True
26,1,5,F7,0.09057517,0.09057517,0.09519149,0.625,0.625,"[3, 5]",0.625,False,0.43386495,0.08450131,0.36352955,True
26,1,6,F8,0.05273187,-0.03101097,0.06329048,0.625,0.625,"[3, 5]",0.625,False,0.43386495,0.08450131,0.36352955,True
26,1,7,FCz,0.11226264,0.11226264,0.11589843,0.625,0.625,"[3, 5]",0.625,False,0.43386495,0.08450131,0.36352955,True
26,1,8,FC3,0.04585611,0.0164259,0.04682028,0.625,0.625,"[3, 5]",0.625,False,0.43386495,0.08450131,0.36352955,True
26,1,9,FC4,0.05542997,-0.05542997,0.07191521,0.625,0.625,"[3, 5]",0.625,False,0.43386495,0.08450131,0.36352955,True
26,1,10,FT7,0.09520485,-0.08780897,0.12926748,0.625,0.625,"[3, 5]",0.625,False,0.43386495,0.08450131,0.36352955,True
26,1,11,FT8,0.0903502,-0.02574918,0.09699403,0.625,0.625,"[3, 5]",0.625,False,0.43386495,0.08450131,0.36352955,True
26,1,12,Cz,0.07485211,0.07485211,0.10402537,0.625,0.625,"[3, 5]",0.625,False,0.43386495,0.08450131,0.36352955,True
26,1,13,C3,0.11351759,0.03491165,0.11744724,0.625,0.625,"[3, 5]",0.625,False,0.43386495,0.08450131,0.36352955,True
26,1,14,C4,0.05798016,-0.04872667,0.06249276,0.625,0.625,"[3, 5]",0.625,False,0.43386495,0.08450131,0.36352955,True
26,1,15,T3,0.08502922,0.08502922,0.10237519,0.625,0.625,"[3, 5]",0.625,False,0.43386495,0.08450131,0.36352955,True
26,1,16,T4,0.12995623,-0.00157304,0.1612457,0.625,0.625,"[3, 5]",0.625,False,0.43386495,0.08450131,0.36352955,True
26,1,17,CP3,0.16041256,0.06507269,0.1743599,0.625,0.625,"[3, 5]",0.625,False,0.43386495,0.08450131,0.36352955,True
26,1,18,CP4,0.12982905,0.07120832,0.13867877,0.625,0.625,"[3, 5]",0.625,False,0.43386495,0.08450131,0.36352955,True
26,1,19,TP7,0.07670805,-0.03997964,0.08865057,0.625,0.625,"[3, 5]",0.625,False,0.43386495,0.08450131,0.36352955,True
26,1,20,TP8,0.09722273,-0.05222476,0.1177893,0.625,0.625,"[3, 5]",0.625,False,0.43386495,0.08450131,0.36352955,True
26,1,21,Pz,0.16107213,0.00371076,0.16640024,0.625,0.625,"[3, 5]",0.625,False,0.43386495,0.08450131,0.36352955,True
26,1,22,P3,0.08828858,0.08218091,0.09884228,0.625,0.625,"[3, 5]",0.625,False,0.43386495,0.08450131,0.36352955,True
26,1,23,P4,0.09152074,-0.07223365,0.10191488,0.625,0.625,"[3, 5]",0.625,False,0.43386495,0.08450131,0.36352955,True
26,1,24,T5,0.06667852,0.03723668,0.07542212,0.625,0.625,"[3, 5]",0.625,False,0.43386495,0.08450131,0.36352955,True
26,1,25,T6,0.08381012,-0.03115758,0.08992088,0.625,0.625,"[3, 5]",0.625,False,0.43386495,0.08450131,0.36352955,True
26,1,26,Oz,0.06347792,0.02594993,0.0655778,0.625,0.625,"[3, 5]",0.625,False,0.43386495,0.08450131,0.36352955,True
26,1,27,O1,0.12139566,0.03809025,0.13913545,0.625,0.625,"[3, 5]",0.625,False,0.43386495,0.08450131,0.36352955,True
26,1,28,O2,0.14776225,-0.04951727,0.15792805,0.625,0.625,"[3, 5]",0.625,False,0.43386495,0.08450131,0.36352955,True
26,2,0,Fp1,0.11012184,-0.09562458,0.12249059,0.5,0.5,"[0, 8]",1.0,True,0.01277318,0.00149925,0.01070247,True
26,2,1,Fp2,0.07742803,0.06160024,0.09508292,0.5,0.5,"[0, 8]",1.0,True,0.01277318,0.00149925,0.01070247,True
26,2,2,Fz,0.10381214,-0.09854478,0.11749639,0.5,0.5,"[0, 8]",1.0,True,0.01277318,0.00149925,0.01070247,True
26,2,3,F3,0.0878143,0.02814146,0.09470876,0.5,0.5,"[0, 8]",1.0,True,0.01277318,0.00149925,0.01070247,True
26,2,4,F4,0.0966638,0.01230133,0.10696775,0.5,0.5,"[0, 8]",1.0,True,0.01277318,0.00149925,0.01070247,True
26,2,5,F7,0.08375487,0.08203638,0.09751119,0.5,0.5,"[0, 8]",1.0,True,0.01277318,0.00149925,0.01070247,True
26,2,6,F8,0.07699282,-0.02942842,0.07794551,0.5,0.5,"[0, 8]",1.0,True,0.01277318,0.00149925,0.01070247,True
26,2,7,FCz,0.09979984,0.09979984,0.11487255,0.5,0.5,"[0, 8]",1.0,True,0.01277318,0.00149925,0.01070247,True
26,2,8,FC3,0.03235228,0.00668433,0.03879017,0.5,0.5,"[0, 8]",1.0,True,0.01277318,0.00149925,0.01070247,True
26,2,9,FC4,0.05849788,-0.05849788,0.07628228,0.5,0.5,"[0, 8]",1.0,True,0.01277318,0.00149925,0.01070247,True
26,2,10,FT7,0.08995946,-0.05803829,0.10334488,0.5,0.5,"[0, 8]",1.0,True,0.01277318,0.00149925,0.01070247,True
26,2,11,FT8,0.07944056,-0.00428168,0.09629115,0.5,0.5,"[0, 8]",1.0,True,0.01277318,0.00149925,0.01070247,True
26,2,12,Cz,0.07681943,0.07599819,0.09278447,0.5,0.5,"[0, 8]",1.0,True,0.01277318,0.00149925,0.01070247,True
26,2,13,C3,0.11569489,0.07352951,0.11797412,0.5,0.5,"[0, 8]",1.0,True,0.01277318,0.00149925,0.01070247,True
26,2,14,C4,0.08508232,-0.07527909,0.09555108,0.5,0.5,"[0, 8]",1.0,True,0.01277318,0.00149925,0.01070247,True
26,2,15,T3,0.12775892,0.12775892,0.13312221,0.5,0.5,"[0, 8]",1.0,True,0.01277318,0.00149925,0.01070247,True
26,2,16,T4,0.12242991,0.01299497,0.1349519,0.5,0.5,"[0, 8]",1.0,True,0.01277318,0.00149925,0.01070247,True
26,2,17,CP3,0.12100755,0.0335388,0.13983028,0.5,0.5,"[0, 8]",1.0,True,0.01277318,0.00149925,0.01070247,True
26,2,18,CP4,0.11127727,0.03418662,0.12774451,0.5,0.5,"[0, 8]",1.0,True,0.01277318,0.00149925,0.01070247,True
26,2,19,TP7,0.08403359,-0.01819916,0.09367308,0.5,0.5,"[0, 8]",1.0,True,0.01277318,0.00149925,0.01070247,True
26,2,20,TP8,0.08960904,-0.05966067,0.10874549,0.5,0.5,"[0, 8]",1.0,True,0.01277318,0.00149925,0.01070247,True
26,2,21,Pz,0.1536366,0.00691435,0.15381896,0.5,0.5,"[0, 8]",1.0,True,0.01277318,0.00149925,0.01070247,True
26,2,22,P3,0.10849157,0.10849157,0.1172822,0.5,0.5,"[0, 8]",1.0,True,0.01277318,0.00149925,0.01070247,True
26,2,23,P4,0.10584091,-0.09330741,0.11765656,0.5,0.5,"[0, 8]",1.0,True,0.01277318,0.00149925,0.01070247,True
26,2,24,T5,0.10467641,0.07370523,0.11448827,0.5,0.5,"[0, 8]",1.0,True,0.01277318,0.00149925,0.01070247,True
26,2,25,T6,0.08086519,-0.06264576,0.09265306,0.5,0.5,"[0, 8]",1.0,True,0.01277318,0.00149925,0.01070247,True
26,2,26,Oz,0.07660749,0.04199339,0.07904783,0.5,0.5,"[0, 8]",1.0,True,0.01277318,0.00149925,0.01070247,True
26,2,27,O1,0.12241679,0.05595836,0.13289927,0.5,0.5,"[0, 8]",1.0,True,0.01277318,0.00149925,0.01070247,True
26,2,28,O2,0.14315864,-0.02409622,0.14600985,0.5,0.5,"[0, 8]",1.0,True,0.01277318,0.00149925,0.01070247,True
26,3,0,Fp1,0.11007562,-0.09556959,0.12246489,0.5,0.5,"[0, 8]",1.0,True,0.01007757,0.00119716,0.00844386,True
26,3,1,Fp2,0.07731894,0.06135194,0.09504191,0.5,0.5,"[0, 8]",1.0,True,0.01007757,0.00119716,0.00844386,True
26,3,2,Fz,0.10373762,-0.0984633,0.11738969,0.5,0.5,"[0, 8]",1.0,True,0.01007757,0.00119716,0.00844386,True
26,3,3,F3,0.08799539,0.02784319,0.09492116,0.5,0.5,"[0, 8]",1.0,True,0.01007757,0.00119716,0.00844386,True
26,3,4,F4,0.0966747,0.01209453,0.10694676,0.5,0.5,"[0, 8]",1.0,True,0.01007757,0.00119716,0.00844386,True
26,3,5,F7,0.08373165,0.08189134,0.09746243,0.5,0.5,"[0, 8]",1.0,True,0.01007757,0.00119716,0.00844386,True
26,3,6,F8,0.07694475,-0.02919975,0.07790931,0.5,0.5,"[0, 8]",1.0,True,0.01007757,0.00119716,0.00844386,True
26,3,7,FCz,0.09904684,0.09904684,0.11391831,0.5,0.5,"[0, 8]",1.0,True,0.01007757,0.00119716,0.00844386,True
26,3,8,FC3,0.03210334,0.0066248,0.03853703,0.5,0.5,"[0, 8]",1.0,True,0.01007757,0.00119716,0.00844386,True
26,3,9,FC4,0.05822907,-0.05822907,0.07595902,0.5,0.5,"[0, 8]",1.0,True,0.01007757,0.00119716,0.00844386,True
26,3,10,FT7,0.09012567,-0.05798817,0.10350021,0.5,0.5,"[0, 8]",1.0,True,0.01007757,0.00119716,0.00844386,True
26,3,11,FT8,0.07957595,-0.00420636,0.09650367,0.5,0.5,"[0, 8]",1.0,True,0.01007757,0.00119716,0.00844386,True
26,3,12,Cz,0.07652754,0.07569265,0.09255899,0.5,0.5,"[0, 8]",1.0,True,0.01007757,0.00119716,0.00844386,True
26,3,13,C3,0.11602269,0.07321674,0.11824282,0.5,0.5,"[0, 8]",1.0,True,0.01007757,0.00119716,0.00844386,True
26,3,14,C4,0.08516892,-0.07523055,0.09562657,0.5,0.5,"[0, 8]",1.0,True,0.01007757,0.00119716,0.00844386,True
26,3,15,T3,0.12748879,0.12748879,0.13279673,0.5,0.5,"[0, 8]",1.0,True,0.01007757,0.00119716,0.00844386,True
26,3,16,T4,0.12256007,0.01286358,0.13511406,0.5,0.5,"[0, 8]",1.0,True,0.01007757,0.00119716,0.00844386,True
26,3,17,CP3,0.12136056,0.03369473,0.13995044,0.5,0.5,"[0, 8]",1.0,True,0.01007757,0.00119716,0.00844386,True
26,3,18,CP4,0.11105414,0.03442452,0.12749024,0.5,0.5,"[0, 8]",1.0,True,0.01007757,0.00119716,0.00844386,True
26,3,19,TP7,0.08436237,-0.01816799,0.0940387,0.5,0.5,"[0, 8]",1.0,True,0.01007757,0.00119716,0.00844386,True
26,3,20,TP8,0.08945134,-0.05952903,0.10863028,0.5,0.5,"[0, 8]",1.0,True,0.01007757,0.00119716,0.00844386,True
26,3,21,Pz,0.15351541,0.00701908,0.15370633,0.5,0.5,"[0, 8]",1.0,True,0.01007757,0.00119716,0.00844386,True
26,3,22,P3,0.10840115,0.10840115,0.11729284,0.5,0.5,"[0, 8]",1.0,True,0.01007757,0.00119716,0.00844386,True
26,3,23,P4,0.10551406,-0.09314135,0.11736501,0.5,0.5,"[0, 8]",1.0,True,0.01007757,0.00119716,0.00844386,True
26,3,24,T5,0.10469384,0.07353109,0.11439286,0.5,0.5,"[0, 8]",1.0,True,0.01007757,0.00119716,0.00844386,True
26,3,25,T6,0.08130211,-0.06265618,0.09295545,0.5,0.5,"[0, 8]",1.0,True,0.01007757,0.00119716,0.00844386,True
26,3,26,Oz,0.07706172,0.04223901,0.07938309,0.5,0.5,"[0, 8]",1.0,True,0.01007757,0.00119716,0.00844386,True
26,3,27,O1,0.12253808,0.05616496,0.13296582,0.5,0.5,"[0, 8]",1.0,True,0.01007757,0.00119716,0.00844386,True
26,3,28,O2,0.14366591,-0.02377966,0.14647569,0.5,0.5,"[0, 8]",1.0,True,0.01007757,0.00119716,0.00844386,True
26,4,0,Fp1,0.10998325,-0.09604451,0.12266867,0.5,0.5,"[0, 8]",1.0,True,0.00963235,0.00120205,0.00807082,True
26,4,1,Fp2,0.07710798,0.06119732,0.0946979,0.5,0.5,"[0, 8]",1.0,True,0.00963235,0.00120205,0.00807082,True
26,4,2,Fz,0.10399684,-0.09773807,0.11710321,0.5,0.5,"[0, 8]",1.0,True,0.00963235,0.00120205,0.00807082,True
26,4,3,F3,0.0878921,0.02825094,0.09466647,0.5,0.5,"[0, 8]",1.0,True,0.00963235,0.00120205,0.00807082,True
26,4,4,F4,0.09709707,0.01206219,0.10733858,0.5,0.5,"[0, 8]",1.0,True,0.00963235,0.00120205,0.00807082,True
26,4,5,F7,0.08402252,0.08218136,0.09781705,0.5,0.5,"[0, 8]",1.0,True,0.00963235,0.00120205,0.00807082,True
26,4,6,F8,0.07810487,-0.02995608,0.07902667,0.5,0.5,"[0, 8]",1.0,True,0.00963235,0.00120205,0.00807082,True
26,4,7,FCz,0.09923625,0.09923625,0.11416411,0.5,0.5,"[0, 8]",1.0,True,0.00963235,0.00120205,0.00807082,True
26,4,8,FC3,0.03198537,0.00674872,0.03841092,0.5,0.5,"[0, 8]",1.0,True,0.00963235,0.00120205,0.00807082,True
26,4,9,FC4,0.05866628,-0.05866628,0.07658878,0.5,0.5,"[0, 8]",1.0,True,0.00963235,0.00120205,0.00807082,True
26,4,10,FT7,0.09017188,-0.05742394,0.10350686,0.5,0.5,"[0, 8]",1.0,True,0.00963235,0.00120205,0.00807082,True
26,4,11,FT8,0.07909212,-0.00368552,0.09643194,0.5,0.5,"[0, 8]",1.0,True,0.00963235,0.00120205,0.00807082,True
26,4,12,Cz,0.07669056,0.07573055,0.09242608,0.5,0.5,"[0, 8]",1.0,True,0.00963235,0.00120205,0.00807082,True
26,4,13,C3,0.11542302,0.07330719,0.1177365,0.5,0.5,"[0, 8]",1.0,True,0.00963235,0.00120205,0.00807082,True
26,4,14,C4,0.0852441,-0.07530533,0.09571564,0.5,0.5,"[0, 8]",1.0,True,0.00963235,0.00120205,0.00807082,True
26,4,15,T3,0.12764674,0.12764674,0.13295941,0.5,0.5,"[0, 8]",1.0,True,0.00963235,0.00120205,0.00807082,True
26,4,16,T4,0.12199456,0.01315997,0.13436006,0.5,0.5,"[0, 8]",1.0,True,0.00963235,0.00120205,0.00807082,True
26,4,17,CP3,0.12161031,0.03322019,0.13981615,0.5,0.5,"[0, 8]",1.0,True,0.00963235,0.00120205,0.00807082,True
26,4,18,CP4,0.11121204,0.03422752,0.12761346,0.5,0.5,"[0, 8]",1.0,True,0.00963235,0.00120205,0.00807082,True
26,4,19,TP7,0.0845926,-0.01850296,0.0942091,0.5,0.5,"[0, 8]",1.0,True,0.00963235,0.00120205,0.00807082,True
26,4,20,TP8,0.08927144,-0.05963045,0.10845215,0.5,0.5,"[0, 8]",1.0,True,0.00963235,0.00120205,0.00807082,True
26,4,21,Pz,0.15309832,0.00676054,0.15329257,0.5,0.5,"[0, 8]",1.0,True,0.00963235,0.00120205,0.00807082,True
26,4,22,P3,0.1084423,0.1084423,0.11739756,0.5,0.5,"[0, 8]",1.0,True,0.00963235,0.00120205,0.00807082,True
26,4,23,P4,0.10537523,-0.09320971,0.11733063,0.5,0.5,"[0, 8]",1.0,True,0.00963235,0.00120205,0.00807082,True
26,4,24,T5,0.10425131,0.07312827,0.11358172,0.5,0.5,"[0, 8]",1.0,True,0.00963235,0.00120205,0.00807082,True
26,4,25,T6,0.08073281,-0.06256081,0.09236073,0.5,0.5,"[0, 8]",1.0,True,0.00963235,0.00120205,0.00807082,True
26,4,26,Oz,0.07687183,0.04179272,0.07934575,0.5,0.5,"[0, 8]",1.0,True,0.00963235,0.00120205,0.00807082,True
26,4,27,O1,0.12179443,0.05553032,0.132292,0.5,0.5,"[0, 8]",1.0,True,0.00963235,0.00120205,0.00807082,True
26,4,28,O2,0.14420213,-0.02402593,0.14701179,0.5,0.5,"[0, 8]",1.0,True,0.00963235,0.00120205,0.00807082,True
26,5,0,Fp1,0.10965674,-0.09555121,0.12231992,0.5,0.5,"[0, 8]",1.0,True,0.00323099,0.00030001,0.0027072,True
26,5,1,Fp2,0.07780819,0.06146018,0.09545762,0.5,0.5,"[0, 8]",1.0,True,0.00323099,0.00030001,0.0027072,True
26,5,2,Fz,0.10400171,-0.09818145,0.11735887,0.5,0.5,"[0, 8]",1.0,True,0.00323099,0.00030001,0.0027072,True
26,5,3,F3,0.08777069,0.02771321,0.09455749,0.5,0.5,"[0, 8]",1.0,True,0.00323099,0.00030001,0.0027072,True
26,5,4,F4,0.09738284,0.01250003,0.10754189,0.5,0.5,"[0, 8]",1.0,True,0.00323099,0.00030001,0.0027072,True
26,5,5,F7,0.08425586,0.08197676,0.09795298,0.5,0.5,"[0, 8]",1.0,True,0.00323099,0.00030001,0.0027072,True
26,5,6,F8,0.07749207,-0.02935646,0.07845809,0.5,0.5,"[0, 8]",1.0,True,0.00323099,0.00030001,0.0027072,True
26,5,7,FCz,0.09908289,0.09908289,0.11432615,0.5,0.5,"[0, 8]",1.0,True,0.00323099,0.00030001,0.0027072,True
26,5,8,FC3,0.03129027,0.00617212,0.03790006,0.5,0.5,"[0, 8]",1.0,True,0.00323099,0.00030001,0.0027072,True
26,5,9,FC4,0.05804174,-0.05804174,0.07621269,0.5,0.5,"[0, 8]",1.0,True,0.00323099,0.00030001,0.0027072,True
26,5,10,FT7,0.09026979,-0.05792623,0.10379736,0.5,0.5,"[0, 8]",1.0,True,0.00323099,0.00030001,0.0027072,True
26,5,11,FT8,0.08009119,-0.00383779,0.09718214,0.5,0.5,"[0, 8]",1.0,True,0.00323099,0.00030001,0.0027072,True
26,5,12,Cz,0.07705224,0.07553366,0.09244725,0.5,0.5,"[0, 8]",1.0,True,0.00323099,0.00030001,0.0027072,True
26,5,13,C3,0.11523101,0.07266659,0.11744635,0.5,0.5,"[0, 8]",1.0,True,0.00323099,0.00030001,0.0027072,True
26,5,14,C4,0.08580486,-0.0754246,0.09632953,0.5,0.5,"[0, 8]",1.0,True,0.00323099,0.00030001,0.0027072,True
26,5,15,T3,0.12658478,0.12658478,0.13186289,0.5,0.5,"[0, 8]",1.0,True,0.00323099,0.00030001,0.0027072,True
26,5,16,T4,0.1220876,0.01301596,0.13448861,0.5,0.5,"[0, 8]",1.0,True,0.00323099,0.00030001,0.0027072,True
26,5,17,CP3,0.12112441,0.03294355,0.13963908,0.5,0.5,"[0, 8]",1.0,True,0.00323099,0.00030001,0.0027072,True
26,5,18,CP4,0.11078313,0.0342095,0.1274918,0.5,0.5,"[0, 8]",1.0,True,0.00323099,0.00030001,0.0027072,True
26,5,19,TP7,0.08427771,-0.01888148,0.0941915,0.5,0.5,"[0, 8]",1.0,True,0.00323099,0.00030001,0.0027072,True
26,5,20,TP8,0.08926946,-0.0594634,0.10845322,0.5,0.5,"[0, 8]",1.0,True,0.00323099,0.00030001,0.0027072,True
26,5,21,Pz,0.15288901,0.00658239,0.1530703,0.5,0.5,"[0, 8]",1.0,True,0.00323099,0.00030001,0.0027072,True
26,5,22,P3,0.10815744,0.10815744,0.11725798,0.5,0.5,"[0, 8]",1.0,True,0.00323099,0.00030001,0.0027072,True
26,5,23,P4,0.10496341,-0.0933153,0.11701025,0.5,0.5,"[0, 8]",1.0,True,0.00323099,0.00030001,0.0027072,True
26,5,24,T5,0.10470554,0.07313883,0.11411962,0.5,0.5,"[0, 8]",1.0,True,0.00323099,0.00030001,0.0027072,True
26,5,25,T6,0.0811255,-0.06250653,0.09251903,0.5,0.5,"[0, 8]",1.0,True,0.00323099,0.00030001,0.0027072,True
26,5,26,Oz,0.07747076,0.0419676,0.07984816,0.5,0.5,"[0, 8]",1.0,True,0.00323099,0.00030001,0.0027072,True
26,5,27,O1,0.12186212,0.05593303,0.13229263,0.5,0.5,"[0, 8]",1.0,True,0.00323099,0.00030001,0.0027072,True
26,5,28,O2,0.14414139,-0.02398952,0.14690946,0.5,0.5,"[0, 8]",1.0,True,0.00323099,0.00030001,0.0027072,True
27,1,0,Fp1,0.10980674,-0.0957012,0.12251918,0.5,0.5,"[0, 8]",1.0,True,0.00323099,0.00030001,0.00270721,True
27,1,1,Fp2,0.07780819,0.06116018,0.09520328,0.5,0.5,"[0, 8]",1.0,True,0.00323099,0.00030001,0.00270721,True
27,1,2,Fz,0.10385176,-0.0983315,0.11734417,0.5,0.5,"[0, 8]",1.0,True,0.00323099,0.00030001,0.00270721,True
27,1,3,F3,0.08792067,0.0275632,0.09472229,0.5,0.5,"[0, 8]",1.0,True,0.00323099,0.00030001,0.00270721,True
27,1,4,F4,0.09768283,0.01250003,0.10796414,0.5,0.5,"[0, 8]",1.0,True,0.00323099,0.00030001,0.00270721,True
27,1,5,F7,0.08380587,0.08152676,0.09744392,0.5,0.5,"[0, 8]",1.0,True,0.00323099,0.00030001,0.00270721,True
27,1,6,F8,0.07734207,-0.02920646,0.07830694,0.5,0.5,"[0, 8]",1.0,True,0.00323099,0.00030001,0.00270721,True
27,1,7,FCz,0.09893288,0.09893288,0.11430262,0.5,0.5,"[0, 8]",1.0,True,0.00323099,0.00030001,0.00270721,True
27,1,8,FC3,0.03084028,0.00602212,0.03746835,0.5,0.5,"[0, 8]",1.0,True,0.00323099,0.00030001,0.00270721,True
27,1,9,FC4,0.05789175,-0.05789175,0.07611097,0.5,0.5,"[0, 8]",1.0,True,0.00323099,0.00030001,0.00270721,True
27,1,10,FT7,0.09041979,-0.05807623,0.10388134,0.5,0.5,"[0, 8]",1.0,True,0.00323099,0.00030001,0.00270721,True
27,1,11,FT8,0.08009119,-0.0035378,0.09717131,0.5,0.5,"[0, 8]",1.0,True,0.00323099,0.00030001,0.00270721,True
27,1,12,Cz,0.07720223,0.07568365,0.09273551,0.5,0.5,"[0, 8]",1.0,True,0.00323099,0.00030001,0.00270721,True
27,1,13,C3,0.11523093,0.07236651,0.11737088,0.5,0.5,"[0, 8]",1.0,True,0.00323099,0.00030001,0.00270721,True
27,1,14,C4,0.08550486,-0.07512459,0.0960255,0.5,0.5,"[0, 8]",1.0,True,0.00323099,0.00030001,0.00270721,True
27,1,15,T3,0.12688477,0.12688477,0.13207865,0.5,0.5,"[0, 8]",1.0,True,0.00323099,0.00030001,0.00270721,True
27,1,16,T4,0.12208759,0.01331595,0.13439634,0.5,0.5,"[0, 8]",1.0,True,0.00323099,0.00030001,0.00270721,True
27,1,17,CP3,0.12127439,0.03279354,0.13958316,0.5,0.5,"[0, 8]",1.0,True,0.00323099,0.00030001,0.00270721,True
27,1,18,CP4,0.11108314,0.03450949,0.12781,0.5,0.5,"[0, 8]",1.0,True,0.00323099,0.00030001,0.00270721,True
27,1,19,TP7,0.08442771,-0.01873149,0.094437,0.5,0.5,"[0, 8]",1.0,True,0.00323099,0.00030001,0.00270721,True
27,1,20,TP8,0.08881946,-0.0593134,0.10801728,0.5,0.5,"[0, 8]",1.0,True,0.00323099,0.00030001,0.00270721,True
27,1,21,Pz,0.15303901,0.00673239,0.15322733,0.5,0.5,"[0, 8]",1.0,True,0.00323099,0.00030001,0.00270721,True
27,1,22,P3,0.10800745,0.10800745,0.11730668,0.5,0.5,"[0, 8]",1.0,True,0.00323099,0.00030001,0.00270721,True
27,1,23,P4,0.10481343,-0.09316529,0.11679728,0.5,0.5,"[0, 8]",1.0,True,0.00323099,0.00030001,0.00270721,True
27,1,24,T5,0.10515554,0.07328883,0.11459687,0.5,0.5,"[0, 8]",1.0,True,0.00323099,0.00030001,0.00270721,True
27,1,25,T6,0.08127543,-0.06235646,0.09243719,0.5,0.5,"[0, 8]",1.0,True,0.00323099,0.00030001,0.00270721,True
27,1,26,Oz,0.07762074,0.04211767,0.07994333,0.5,0.5,"[0, 8]",1.0,True,0.00323099,0.00030001,0.00270721,True
27,1,27,O1,0.12201211,0.05638302,0.13233937,0.5,0.5,"[0, 8]",1.0,True,0.00323099,0.00030001,0.00270721,True
27,1,28,O2,0.14429137,-0.02383953,0.14704752,0.5,0.5,"[0, 8]",1.0,True,0.00323099,0.00030001,0.00270721,True
27,2,0,Fp1,0.10995674,-0.0958512,0.12270929,0.5,0.5,"[0, 8]",1.0,True,0.003231,0.00030001,0.00270721,True
27,2,1,Fp2,0.0778082,0.06146019,0.09545762,0.5,0.5,"[0, 8]",1.0,True,0.003231,0.00030001,0.00270721,True
27,2,2,Fz,0.10385176,-0.0983315,0.11734416,0.5,0.5,"[0, 8]",1.0,True,0.003231,0.00030001,0.00270721,True
27,2,3,F3,0.08792067,0.0275632,0.09472229,0.5,0.5,"[0, 8]",1.0,True,0.003231,0.00030001,0.00270721,True
27,2,4,F4,0.09768283,0.01250003,0.10796414,0.5,0.5,"[0, 8]",1.0,True,0.003231,0.00030001,0.00270721,True
27,2,5,F7,0.08395586,0.08137676,0.0974514,0.5,0.5,"[0, 8]",1.0,True,0.003231,0.00030001,0.00270721,True
27,2,6,F8,0.07734207,-0.02920646,0.07830694,0.5,0.5,"[0, 8]",1.0,True,0.003231,0.00030001,0.00270721,True
27,2,7,FCz,0.09893288,0.09893288,0.11430262,0.5,0.5,"[0, 8]",1.0,True,0.003231,0.00030001,0.00270721,True
27,2,8,FC3,0.03084027,0.00602213,0.03746834,0.5,0.5,"[0, 8]",1.0,True,0.003231,0.00030001,0.00270721,True
27,2,9,FC4,0.05789174,-0.05789174,0.07611097,0.5,0.5,"[0, 8]",1.0,True,0.003231,0.00030001,0.00270721,True
27,2,10,FT7,0.09041979,-0.05807623,0.10388134,0.5,0.5,"[0, 8]",1.0,True,0.003231,0.00030001,0.00270721,True
27,2,11,FT8,0.08009119,-0.0035378,0.09717131,0.5,0.5,"[0, 8]",1.0,True,0.003231,0.00030001,0.00270721,True
27,2,12,Cz,0.07720224,0.07568366,0.09273551,0.5,0.5,"[0, 8]",1.0,True,0.003231,0.00030001,0.00270721,True
27,2,13,C3,0.1153809,0.07251649,0.1175553,0.5,0.5,"[0, 8]",1.0,True,0.003231,0.00030001,0.00270721,True
27,2,14,C4,0.08550487,-0.07512459,0.0960255,0.5,0.5,"[0, 8]",1.0,True,0.003231,0.00030001,0.00270721,True
27,2,15,T3,0.12673478,0.12673478,0.13191344,0.5,0.5,"[0, 8]",1.0,True,0.003231,0.00030001,0.00270721,True
27,2,16,T4,0.12208759,0.01331595,0.13439634,0.5,0.5,"[0, 8]",1.0,True,0.003231,0.00030001,0.00270721,True
27,2,17,CP3,0.12112439,0.03294354,0.13957529,0.5,0.5,"[0, 8]",1.0,True,0.003231,0.00030001,0.00270721,True
27,2,18,CP4,0.11123313,0.03465948,0.12783359,0.5,0.5,"[0, 8]",1.0,True,0.003231,0.00030001,0.00270721,True
27,2,19,TP7,0.08427772,-0.01858149,0.09419105,0.5,0.5,"[0, 8]",1.0,True,0.003231,0.00030001,0.00270721,True
27,2,20,TP8,0.08881946,-0.0593134,0.10801728,0.5,0.5,"[0, 8]",1.0,True,0.003231,0.00030001,0.00270721,True
27,2,21,Pz,0.15303901,0.00673239,0.15322734,0.5,0.5,"[0, 8]",1.0,True,0.003231,0.00030001,0.00270721,True
27,2,22,P3,0.10815743,0.10815743,0.11740409,0.5,0.5,"[0, 8]",1.0,True,0.003231,0.00030001,0.00270721,True
27,2,23,P4,0.10481342,-0.09316531,0.11679728,0.5,0.5,"[0, 8]",1.0,True,0.003231,0.00030001,0.00270721,True
27,2,24,T5,0.10500546,0.07343873,0.1145137,0.5,0.5,"[0, 8]",1.0,True,0.003231,0.00030001,0.00270721,True
27,2,25,T6,0.08127549,-0.06235653,0.09243721,0.5,0.5,"[0, 8]",1.0,True,0.003231,0.00030001,0.00270721,True
27,2,26,Oz,0.07747076,0.04226758,0.07990965,0.5,0.5,"[0, 8]",1.0,True,0.003231,0.00030001,0.00270721,True
27,2,27,O1,0.12186204,0.05623294,0.13229306,0.5,0.5,"[0, 8]",1.0,True,0.003231,0.00030001,0.00270721,True
27,2,28,O2,0.14414138,-0.02398952,0.14690946,0.5,0.5,"[0, 8]",1.0,True,0.003231,0.00030001,0.00270721,True
27,3,0,Fp1,0.10980674,-0.0957012,0.12251918,0.5,0.5,"[0, 8]",1.0,True,0.00323106,0.00030001,0.00270726,True
27,3,1,Fp2,0.07765819,0.06131018,0.09515128,0.5,0.5,"[0, 8]",1.0,True,0.00323106,0.00030001,0.00270726,True
27,3,2,Fz,0.10385175,-0.09833149,0.11734416,0.5,0.5,"[0, 8]",1.0,True,0.00323106,0.00030001,0.00270726,True
27,3,3,F3,0.08792067,0.0275632,0.09472229,0.5,0.5,"[0, 8]",1.0,True,0.00323106,0.00030001,0.00270726,True
27,3,4,F4,0.09768283,0.01250003,0.10796414,0.5,0.5,"[0, 8]",1.0,True,0.00323106,0.00030001,0.00270726,True
27,3,5,F7,0.08410586,0.08152676,0.09759355,0.5,0.5,"[0, 8]",1.0,True,0.00323106,0.00030001,0.00270726,True
27,3,6,F8,0.07734207,-0.02920646,0.07830694,0.5,0.5,"[0, 8]",1.0,True,0.00323106,0.00030001,0.00270726,True
27,3,7,FCz,0.09893288,0.09893288,0.11430262,0.5,0.5,"[0, 8]",1.0,True,0.00323106,0.00030001,0.00270726,True
27,3,8,FC3,0.03084028,0.00602213,0.03746834,0.5,0.5,"[0, 8]",1.0,True,0.00323106,0.00030001,0.00270726,True
27,3,9,FC4,0.05789175,-0.05789175,0.07611097,0.5,0.5,"[0, 8]",1.0,True,0.00323106,0.00030001,0.00270726,True
27,3,10,FT7,0.09041979,-0.05807623,0.10388134,0.5,0.5,"[0, 8]",1.0,True,0.00323106,0.00030001,0.00270726,True
27,3,11,FT8,0.08009119,-0.0035378,0.0973406,0.5,0.5,"[0, 8]",1.0,True,0.00323106,0.00030001,0.00270726,True
27,3,12,Cz,0.07720224,0.07568366,0.09273551,0.5,0.5,"[0, 8]",1.0,True,0.00323106,0.00030001,0.00270726,True
27,3,13,C3,0.1153809,0.07251649,0.1175553,0.5,0.5,"[0, 8]",1.0,True,0.00323106,0.00030001,0.00270726,True
27,3,14,C4,0.08535488,-0.0749746,0.0958275,0.5,0.5,"[0, 8]",1.0,True,0.00323106,0.00030001,0.00270726,True
27,3,15,T3,0.12673478,0.12673478,0.13191344,0.5,0.5,"[0, 8]",1.0,True,0.00323106,0.00030001,0.00270726,True
27,3,16,T4,0.12208758,0.01331594,0.13439634,0.5,0.5,"[0, 8]",1.0,True,0.00323106,0.00030001,0.00270726,True
27,3,17,CP3,0.1211244,0.03294354,0.13957527,0.5,0.5,"[0, 8]",1.0,True,0.00323106,0.00030001,0.00270726,True
27,3,18,CP4,0.11108313,0.03450949,0.12761782,0.5,0.5,"[0, 8]",1.0,True,0.00323106,0.00030001,0.00270726,True
27,3,19,TP7,0.08427772,-0.01858149,0.09419104,0.5,0.5,"[0, 8]",1.0,True,0.00323106,0.00030001,0.00270726,True
27,3,20,TP8,0.08881947,-0.05931341,0.10801729,0.5,0.5,"[0, 8]",1.0,True,0.00323106,0.00030001,0.00270726,True
27,3,21,Pz,0.15303901,0.0067324,0.15322734,0.5,0.5,"[0, 8]",1.0,True,0.00323106,0.00030001,0.00270726,True
27,3,22,P3,0.10815744,0.10815744,0.11725799,0.5,0.5,"[0, 8]",1.0,True,0.00323106,0.00030001,0.00270726,True
27,3,23,P4,0.10481342,-0.09316531,0.11679727,0.5,0.5,"[0, 8]",1.0,True,0.00323106,0.00030001,0.00270726,True
27,3,24,T5,0.10500555,0.07343882,0.11451381,0.5,0.5,"[0, 8]",1.0,True,0.00323106,0.00030001,0.00270726,True
27,3,25,T6,0.08127549,-0.06235653,0.09243722,0.5,0.5,"[0, 8]",1.0,True,0.00323106,0.00030001,0.00270726,True
27,3,26,Oz,0.07762076,0.04241759,0.08000474,0.5,0.5,"[0, 8]",1.0,True,0.00323106,0.00030001,0.00270726,True
27,3,27,O1,0.12186213,0.05623303,0.13229315,0.5,0.5,"[0, 8]",1.0,True,0.00323106,0.00030001,0.00270726,True
27,3,28,O2,0.14429137,-0.02383953,0.14701726,0.5,0.5,"[0, 8]",1.0,True,0.00323106,0.00030001,0.00270726,True
27,4,0,Fp1,0.10980673,-0.0957012,0.12251918,0.75,0.75,"[2, 6]",0.75,False,0.00323105,0.00030001,0.00270725,True
27,4,1,Fp2,0.0778082,0.06146019,0.09542041,0.75,0.75,"[2, 6]",0.75,False,0.00323105,0.00030001,0.00270725,True
27,4,2,Fz,0.10385175,-0.09833149,0.11734416,0.75,0.75,"[2, 6]",0.75,False,0.00323105,0.00030001,0.00270725,True
27,4,3,F3,0.08792067,0.0275632,0.09472229,0.75,0.75,"[2, 6]",0.75,False,0.00323105,0.00030001,0.00270725,True
27,4,4,F4,0.09768281,0.01250005,0.1079641,0.75,0.75,"[2, 6]",0.75,False,0.00323105,0.00030001,0.00270725,True
27,4,5,F7,0.08410586,0.08152676,0.09759355,0.75,0.75,"[2, 6]",0.75,False,0.00323105,0.00030001,0.00270725,True
27,4,6,F8,0.07749207,-0.02935645,0.07845809,0.75,0.75,"[2, 6]",0.75,False,0.00323105,0.00030001,0.00270725,True
27,4,7,FCz,0.09893288,0.09893288,0.11430262,0.75,0.75,"[2, 6]",0.75,False,0.00323105,0.00030001,0.00270725,True
27,4,8,FC3,0.03084027,0.00602213,0.03746834,0.75,0.75,"[2, 6]",0.75,False,0.00323105,0.00030001,0.00270725,True
27,4,9,FC4,0.05789173,-0.05789173,0.07611095,0.75,0.75,"[2, 6]",0.75,False,0.00323105,0.00030001,0.00270725,True
27,4,10,FT7,0.09056979,-0.05822623,0.10396786,0.75,0.75,"[2, 6]",0.75,False,0.00323105,0.00030001,0.00270725,True
27,4,11,FT8,0.08024119,-0.0033878,0.09737399,0.75,0.75,"[2, 6]",0.75,False,0.00323105,0.00030001,0.00270725,True
27,4,12,Cz,0.07720224,0.07568366,0.09273551,0.75,0.75,"[2, 6]",0.75,False,0.00323105,0.00030001,0.00270725,True
27,4,13,C3,0.1153809,0.07251649,0.1175553,0.75,0.75,"[2, 6]",0.75,False,0.00323105,0.00030001,0.00270725,True
27,4,14,C4,0.08550487,-0.07512459,0.0960255,0.75,0.75,"[2, 6]",0.75,False,0.00323105,0.00030001,0.00270725,True
27,4,15,T3,0.12673478,0.12673478,0.13191344,0.75,0.75,"[2, 6]",0.75,False,0.00323105,0.00030001,0.00270725,True
27,4,16,T4,0.1220876,0.01331595,0.13439634,0.75,0.75,"[2, 6]",0.75,False,0.00323105,0.00030001,0.00270725,True
27,4,17,CP3,0.12112439,0.03294354,0.13957529,0.75,0.75,"[2, 6]",0.75,False,0.00323105,0.00030001,0.00270725,True
27,4,18,CP4,0.11123312,0.03465948,0.12783359,0.75,0.75,"[2, 6]",0.75,False,0.00323105,0.00030001,0.00270725,True
27,4,19,TP7,0.08442771,-0.01873149,0.09443701,0.75,0.75,"[2, 6]",0.75,False,0.00323105,0.00030001,0.00270725,True
27,4,20,TP8,0.08881947,-0.0593134,0.10801729,0.75,0.75,"[2, 6]",0.75,False,0.00323105,0.00030001,0.00270725,True
27,4,21,Pz,0.15303901,0.0067324,0.15322734,0.75,0.75,"[2, 6]",0.75,False,0.00323105,0.00030001,0.00270725,True
27,4,22,P3,0.10800744,0.10800744,0.11718976,0.75,0.75,"[2, 6]",0.75,False,0.00323105,0.00030001,0.00270725,True
27,4,23,P4,0.10496341,-0.09301531,0.11682757,0.75,0.75,"[2, 6]",0.75,False,0.00323105,0.00030001,0.00270725,True
27,4,24,T5,0.10500555,0.07313883,0.11439427,0.75,0.75,"[2, 6]",0.75,False,0.00323105,0.00030001,0.00270725,True
27,4,25,T6,0.08127547,-0.0623565,0.0924372,0.75,0.75,"[2, 6]",0.75,False,0.00323105,0.00030001,0.00270725,True
27,4,26,Oz,0.07747076,0.04226759,0.07981057,0.75,0.75,"[2, 6]",0.75,False,0.00323105,0.00030001,0.00270725,True
27,4,27,O1,0.12216212,0.05623303,0.13248841,0.75,0.75,"[2, 6]",0.75,False,0.00323105,0.00030001,0.00270725,True
27,4,28,O2,0.14414138,-0.02368953,0.14686176,0.75,0.75,"[2, 6]",0.75,False,0.00323105,0.00030001,0.00270725,True
27,5,0,Fp1,0.10980675,-0.0960012,0.12259921,0.5,0.5,"[0, 8]",1.0,True,0.00323103,0.00030001,0.00270723,True
27,5,1,Fp2,0.07780819,0.06116018,0.09540657,0.5,0.5,"[0, 8]",1.0,True,0.00323103,0.00030001,0.00270723,True
27,5,2,Fz,0.10400175,-0.09848149,0.11752755,0.5,0.5,"[0, 8]",1.0,True,0.00323103,0.00030001,0.00270723,True
27,5,3,F3,0.08777068,0.02741321,0.09465111,0.5,0.5,"[0, 8]",1.0,True,0.00323103,0.00030001,0.00270723,True
27,5,4,F4,0.09753284,0.01235003,0.10784688,0.5,0.5,"[0, 8]",1.0,True,0.00323103,0.00030001,0.00270723,True
27,5,5,F7,0.08410586,0.08152676,0.09759356,0.5,0.5,"[0, 8]",1.0,True,0.00323103,0.00030001,0.00270723,True
27,5,6,F8,0.07764207,-0.02920646,0.07864249,0.5,0.5,"[0, 8]",1.0,True,0.00323103,0.00030001,0.00270723,True
27,5,7,FCz,0.09893288,0.09893288,0.11430262,0.5,0.5,"[0, 8]",1.0,True,0.00323103,0.00030001,0.00270723,True
27,5,8,FC3,0.03099027,0.00587213,0.03766771,0.5,0.5,"[0, 8]",1.0,True,0.00323103,0.00030001,0.00270723,True
27,5,9,FC4,0.05789175,-0.05789175,0.07611097,0.5,0.5,"[0, 8]",1.0,True,0.00323103,0.00030001,0.00270723,True
27,5,10,FT7,0.09056979,-0.05822623,0.10396786,0.5,0.5,"[0, 8]",1.0,True,0.00323103,0.00030001,0.00270723,True
27,5,11,FT8,0.07994119,-0.0033878,0.09712684,0.5,0.5,"[0, 8]",1.0,True,0.00323103,0.00030001,0.00270723,True
27,5,12,Cz,0.07720223,0.07568365,0.09273551,0.5,0.5,"[0, 8]",1.0,True,0.00323103,0.00030001,0.00270723,True
27,5,13,C3,0.1153809,0.07251649,0.1175553,0.5,0.5,"[0, 8]",1.0,True,0.00323103,0.00030001,0.00270723,True
27,5,14,C4,0.08535491,-0.07497462,0.09582754,0.5,0.5,"[0, 8]",1.0,True,0.00323103,0.00030001,0.00270723,True
27,5,15,T3,0.12673478,0.12673478,0.13191344,0.5,0.5,"[0, 8]",1.0,True,0.00323103,0.00030001,0.00270723,True
27,5,16,T4,0.12208758,0.01361595,0.13454799,0.5,0.5,"[0, 8]",1.0,True,0.00323103,0.00030001,0.00270723,True
27,5,17,CP3,0.12112439,0.03294354,0.13957529,0.5,0.5,"[0, 8]",1.0,True,0.00323103,0.00030001,0.00270723,True
27,5,18,CP4,0.11108313,0.03480948,0.12765412,0.5,0.5,"[0, 8]",1.0,True,0.00323103,0.00030001,0.00270723,True
27,5,19,TP7,0.08442771,-0.01873149,0.094437,0.5,0.5,"[0, 8]",1.0,True,0.00323103,0.00030001,0.00270723,True
27,5,20,TP8,0.08911946,-0.05901341,0.10810003,0.5,0.5,"[0, 8]",1.0,True,0.00323103,0.00030001,0.00270723,True
27,5,21,Pz,0.15303902,0.00673239,0.15322736,0.5,0.5,"[0, 8]",1.0,True,0.00323103,0.00030001,0.00270723,True
27,5,22,P3,0.10800745,0.10800745,0.11718978,0.5,0.5,"[0, 8]",1.0,True,0.00323103,0.00030001,0.00270723,True
27,5,23,P4,0.10496341,-0.09301531,0.11682758,0.5,0.5,"[0, 8]",1.0,True,0.00323103,0.00030001,0.00270723,True
27,5,24,T5,0.10500555,0.07343881,0.11451382,0.5,0.5,"[0, 8]",1.0,True,0.00323103,0.00030001,0.00270723,True
27,5,25,T6,0.0809755,-0.06205653,0.09217295,0.5,0.5,"[0, 8]",1.0,True,0.00323103,0.00030001,0.00270723,True
27,5,26,Oz,0.07747076,0.04226759,0.07981057,0.5,0.5,"[0, 8]",1.0,True,0.00323103,0.00030001,0.00270723,True
27,5,27,O1,0.12186212,0.05593304,0.13223471,0.5,0.5,"[0, 8]",1.0,True,0.00323103,0.00030001,0.00270723,True
27,5,28,O2,0.14414136,-0.02368954,0.14689204,0.5,0.5,"[0, 8]",1.0,True,0.00323103,0.00030001,0.00270723,True
28,1,0,Fp1,0.10965674,-0.09555121,0.12231992,0.5,0.5,"[0, 8]",1.0,True,0.00323101,0.00030001,0.00270722,True
28,1,1,Fp2,0.07795818,0.06161018,0.09552328,0.5,0.5,"[0, 8]",1.0,True,0.00323101,0.00030001,0.00270722,True
28,1,2,Fz,0.10400175,-0.09818149,0.11732586,0.5,0.5,"[0, 8]",1.0,True,0.00323101,0.00030001,0.00270722,True
28,1,3,F3,0.08777068,0.0277132,0.0944314,0.5,0.5,"[0, 8]",1.0,True,0.00323101,0.00030001,0.00270722,True
28,1,4,F4,0.09753284,0.01235003,0.10784688,0.5,0.5,"[0, 8]",1.0,True,0.00323101,0.00030001,0.00270722,True
28,1,5,F7,0.08440585,0.08182675,0.09796041,0.5,0.5,"[0, 8]",1.0,True,0.00323101,0.00030001,0.00270722,True
28,1,6,F8,0.07749207,-0.02905646,0.07849171,0.5,0.5,"[0, 8]",1.0,True,0.00323101,0.00030001,0.00270722,True
28,1,7,FCz,0.09878289,0.09878289,0.1139572,0.5,0.5,"[0, 8]",1.0,True,0.00323101,0.00030001,0.00270722,True
28,1,8,FC3,0.03099028,0.00617211,0.03764021,0.5,0.5,"[0, 8]",1.0,True,0.00323101,0.00030001,0.00270722,True
28,1,9,FC4,0.05789175,-0.05789175,0.07613078,0.5,0.5,"[0, 8]",1.0,True,0.00323101,0.00030001,0.00270722,True
28,1,10,FT7,0.09056979,-0.05822623,0.10396787,0.5,0.5,"[0, 8]",1.0,True,0.00323101,0.00030001,0.00270722,True
28,1,11,FT8,0.08024119,-0.00368779,0.09738479,0.5,0.5,"[0, 8]",1.0,True,0.00323101,0.00030001,0.00270722,True
28,1,12,Cz,0.07675225,0.07553366,0.09233927,0.5,0.5,"[0, 8]",1.0,True,0.00323101,0.00030001,0.00270722,True
28,1,13,C3,0.11508091,0.07251649,0.1172929,0.5,0.5,"[0, 8]",1.0,True,0.00323101,0.00030001,0.00270722,True
28,1,14,C4,0.08565488,-0.07527459,0.09613214,0.5,0.5,"[0, 8]",1.0,True,0.00323101,0.00030001,0.00270722,True
28,1,15,T3,0.12673479,0.12673479,0.13191345,0.5,0.5,"[0, 8]",1.0,True,0.00323101,0.00030001,0.00270722,True
28,1,16,T4,0.12223761,0.01346593,0.13460284,0.5,0.5,"[0, 8]",1.0,True,0.00323101,0.00030001,0.00270722,True
28,1,17,CP3,0.1212744,0.03279355,0.13964692,0.5,0.5,"[0, 8]",1.0,True,0.00323101,0.00030001,0.00270722,True
28,1,18,CP4,0.11078313,0.03420949,0.12749182,0.5,0.5,"[0, 8]",1.0,True,0.00323101,0.00030001,0.00270722,True
28,1,19,TP7,0.08457771,-0.01888148,0.09456446,0.5,0.5,"[0, 8]",1.0,True,0.00323101,0.00030001,0.00270722,True
28,1,20,TP8,0.08926945,-0.0594634,0.10845321,0.5,0.5,"[0, 8]",1.0,True,0.00323101,0.00030001,0.00270722,True
28,1,21,Pz,0.15288901,0.00658239,0.15307519,0.5,0.5,"[0, 8]",1.0,True,0.00323101,0.00030001,0.00270722,True
28,1,22,P3,0.10815743,0.10815743,0.11737483,0.5,0.5,"[0, 8]",1.0,True,0.00323101,0.00030001,0.00270722,True
28,1,23,P4,0.10496341,-0.0933153,0.11701024,0.5,0.5,"[0, 8]",1.0,True,0.00323101,0.00030001,0.00270722,True
28,1,24,T5,0.1048556,0.07328877,0.11431108,0.5,0.5,"[0, 8]",1.0,True,0.00323101,0.00030001,0.00270722,True
28,1,25,T6,0.08127549,-0.06265651,0.09257797,0.5,0.5,"[0, 8]",1.0,True,0.00323101,0.00030001,0.00270722,True
28,1,26,Oz,0.07762076,0.04211759,0.08004226,0.5,0.5,"[0, 8]",1.0,True,0.00323101,0.00030001,0.00270722,True
28,1,27,O1,0.12186212,0.05623303,0.13229313,0.5,0.5,"[0, 8]",1.0,True,0.00323101,0.00030001,0.00270722,True
28,1,28,O2,0.14414138,-0.02368953,0.14686176,0.5,0.5,"[0, 8]",1.0,True,0.00323101,0.00030001,0.00270722,True
28,2,0,Fp1,0.11436871,-0.09491016,0.12395118,0.5,0.5,"[4, 4]",0.5,False,0.14666691,0.02360549,0.12289021,True
28,2,1,Fp2,0.06878221,0.05530631,0.09349504,0.5,0.5,"[4, 4]",0.5,False,0.14666691,0.02360549,0.12289021,True
28,2,2,Fz,0.09823789,-0.08328921,0.10588955,0.5,0.5,"[4, 4]",0.5,False,0.14666691,0.02360549,0.12289021,True
28,2,3,F3,0.08945335,0.03899573,0.09304899,0.5,0.5,"[4, 4]",0.5,False,0.14666691,0.02360549,0.12289021,True
28,2,4,F4,0.08974939,0.00273714,0.10534162,0.5,0.5,"[4, 4]",0.5,False,0.14666691,0.02360549,0.12289021,True
28,2,5,F7,0.09757504,0.09449518,0.11226955,0.5,0.5,"[4, 4]",0.5,False,0.14666691,0.02360549,0.12289021,True
28,2,6,F8,0.07438859,-0.03374096,0.07471555,0.5,0.5,"[4, 4]",0.5,False,0.14666691,0.02360549,0.12289021,True
28,2,7,FCz,0.11374094,0.11374094,0.12491284,0.5,0.5,"[4, 4]",0.5,False,0.14666691,0.02360549,0.12289021,True
28,2,8,FC3,0.03799229,0.01885747,0.04327501,0.5,0.5,"[4, 4]",0.5,False,0.14666691,0.02360549,0.12289021,True
28,2,9,FC4,0.06215701,-0.05296395,0.07310276,0.5,0.5,"[4, 4]",0.5,False,0.14666691,0.02360549,0.12289021,True
28,2,10,FT7,0.09229852,-0.05196831,0.10187365,0.5,0.5,"[4, 4]",0.5,False,0.14666691,0.02360549,0.12289021,True
28,2,11,FT8,0.07092377,-0.01365348,0.08976452,0.5,0.5,"[4, 4]",0.5,False,0.14666691,0.02360549,0.12289021,True
28,2,12,Cz,0.08687269,0.08687269,0.10363049,0.5,0.5,"[4, 4]",0.5,False,0.14666691,0.02360549,0.12289021,True
28,2,13,C3,0.11460285,0.07802002,0.11813957,0.5,0.5,"[4, 4]",0.5,False,0.14666691,0.02360549,0.12289021,True
28,2,14,C4,0.09366591,-0.07179831,0.10055458,0.5,0.5,"[4, 4]",0.5,False,0.14666691,0.02360549,0.12289021,True
28,2,15,T3,0.13019171,0.13019171,0.13420293,0.5,0.5,"[4, 4]",0.5,False,0.14666691,0.02360549,0.12289021,True
28,2,16,T4,0.13014294,0.01888292,0.14069052,0.5,0.5,"[4, 4]",0.5,False,0.14666691,0.02360549,0.12289021,True
28,2,17,CP3,0.12932506,0.02800676,0.1461644,0.5,0.5,"[4, 4]",0.5,False,0.14666691,0.02360549,0.12289021,True
28,2,18,CP4,0.10499004,0.03016685,0.12528016,0.5,0.5,"[4, 4]",0.5,False,0.14666691,0.02360549,0.12289021,True
28,2,19,TP7,0.07354268,-0.02617603,0.08487115,0.5,0.5,"[4, 4]",0.5,False,0.14666691,0.02360549,0.12289021,True
28,2,20,TP8,0.08581027,-0.06754794,0.11219209,0.5,0.5,"[4, 4]",0.5,False,0.14666691,0.02360549,0.12289021,True
28,2,21,Pz,0.14986974,0.00451922,0.15047388,0.5,0.5,"[4, 4]",0.5,False,0.14666691,0.02360549,0.12289021,True
28,2,22,P3,0.11129658,0.11129658,0.12027694,0.5,0.5,"[4, 4]",0.5,False,0.14666691,0.02360549,0.12289021,True
28,2,23,P4,0.10994469,-0.09633686,0.12030992,0.5,0.5,"[4, 4]",0.5,False,0.14666691,0.02360549,0.12289021,True
28,2,24,T5,0.09519941,0.06666978,0.10206851,0.5,0.5,"[4, 4]",0.5,False,0.14666691,0.02360549,0.12289021,True
28,2,25,T6,0.08728938,-0.06681484,0.09798347,0.5,0.5,"[4, 4]",0.5,False,0.14666691,0.02360549,0.12289021,True
28,2,26,Oz,0.06582116,0.03246625,0.06994853,0.5,0.5,"[4, 4]",0.5,False,0.14666691,0.02360549,0.12289021,True
28,2,27,O1,0.12305,0.06085625,0.13705625,0.5,0.5,"[4, 4]",0.5,False,0.14666691,0.02360549,0.12289021,True
28,2,28,O2,0.1509926,-0.01879649,0.15403339,0.5,0.5,"[4, 4]",0.5,False,0.14666691,0.02360549,0.12289021,True
28,3,0,Fp1,0.10980675,-0.0957012,0.1225192,0.5,0.5,"[0, 8]",1.0,True,0.00323097,0.00030001,0.00270718,True
28,3,1,Fp2,0.07765819,0.06131019,0.0951886,0.5,0.5,"[0, 8]",1.0,True,0.00323097,0.00030001,0.00270718,True
28,3,2,Fz,0.1038518,-0.09803154,0.11717532,0.5,0.5,"[0, 8]",1.0,True,0.00323097,0.00030001,0.00270718,True
28,3,3,F3,0.08777068,0.0277132,0.0944314,0.5,0.5,"[0, 8]",1.0,True,0.00323097,0.00030001,0.00270718,True
28,3,4,F4,0.09753283,0.01235003,0.10784686,0.5,0.5,"[0, 8]",1.0,True,0.00323097,0.00030001,0.00270718,True
28,3,5,F7,0.08440585,0.08182675,0.09796041,0.5,0.5,"[0, 8]",1.0,True,0.00323097,0.00030001,0.00270718,True
28,3,6,F8,0.07764207,-0.02920645,0.07865965,0.5,0.5,"[0, 8]",1.0,True,0.00323097,0.00030001,0.00270718,True
28,3,7,FCz,0.09893289,0.09893289,0.11409946,0.5,0.5,"[0, 8]",1.0,True,0.00323097,0.00030001,0.00270718,True
28,3,8,FC3,0.03099037,0.00617222,0.03764024,0.5,0.5,"[0, 8]",1.0,True,0.00323097,0.00030001,0.00270718,True
28,3,9,FC4,0.05789175,-0.05789175,0.07596878,0.5,0.5,"[0, 8]",1.0,True,0.00323097,0.00030001,0.00270718,True
28,3,10,FT7,0.0902698,-0.05822621,0.10378834,0.5,0.5,"[0, 8]",1.0,True,0.00323097,0.00030001,0.00270718,True
28,3,11,FT8,0.08024118,-0.00368779,0.0973848,0.5,0.5,"[0, 8]",1.0,True,0.00323097,0.00030001,0.00270718,True
28,3,12,Cz,0.07690224,0.07568365,0.0924428,0.5,0.5,"[0, 8]",1.0,True,0.00323097,0.00030001,0.00270718,True
28,3,13,C3,0.11493091,0.07236649,0.11712941,0.5,0.5,"[0, 8]",1.0,True,0.00323097,0.00030001,0.00270718,True
28,3,14,C4,0.08580486,-0.07512461,0.09616499,0.5,0.5,"[0, 8]",1.0,True,0.00323097,0.00030001,0.00270718,True
28,3,15,T3,0.12673478,0.12673478,0.13191344,0.5,0.5,"[0, 8]",1.0,True,0.00323097,0.00030001,0.00270718,True
28,3,16,T4,0.1220876,0.01331595,0.13450733,0.5,0.5,"[0, 8]",1.0,True,0.00323097,0.00030001,0.00270718,True
28,3,17,CP3,0.1212744,0.03279354,0.13964692,0.5,0.5,"[0, 8]",1.0,True,0.00323097,0.00030001,0.00270718,True
28,3,18,CP4,0.11093313,0.03435948,0.12751547,0.5,0.5,"[0, 8]",1.0,True,0.00323097,0.00030001,0.00270718,True
28,3,19,TP7,0.08457771,-0.01888149,0.09456447,0.5,0.5,"[0, 8]",1.0,True,0.00323097,0.00030001,0.00270718,True
28,3,20,TP8,0.08896946,-0.0594634,0.10819637,0.5,0.5,"[0, 8]",1.0,True,0.00323097,0.00030001,0.00270718,True
28,3,21,Pz,0.15288901,0.00658239,0.15307032,0.5,0.5,"[0, 8]",1.0,True,0.00323097,0.00030001,0.00270718,True
28,3,22,P3,0.10815743,0.10815743,0.11737484,0.5,0.5,"[0, 8]",1.0,True,0.00323097,0.00030001,0.00270718,True
28,3,23,P4,0.10481341,-0.0931653,0.11686992,0.5,0.5,"[0, 8]",1.0,True,0.00323097,0.00030001,0.00270718,True
28,3,24,T5,0.10500555,0.07313882,0.11440591,0.5,0.5,"[0, 8]",1.0,True,0.00323097,0.00030001,0.00270718,True
28,3,25,T6,0.0811255,-0.06250653,0.09237628,0.5,0.5,"[0, 8]",1.0,True,0.00323097,0.00030001,0.00270718,True
28,3,26,Oz,0.07762077,0.0421176,0.08004227,0.5,0.5,"[0, 8]",1.0,True,0.00323097,0.00030001,0.00270718,True
28,3,27,O1,0.12186212,0.05593304,0.13229263,0.5,0.5,"[0, 8]",1.0,True,0.00323097,0.00030001,0.00270718,True
28,3,28,O2,0.1439914,-0.02383955,0.14675386,0.5,0.5,"[0, 8]",1.0,True,0.00323097,0.00030001,0.00270718,True
28,4,0,Fp1,0.10980675,-0.0957012,0.12251919,0.5,0.5,"[0, 8]",1.0,True,0.00323094,0.00030001,0.00270716,True
28,4,1,Fp2,0.07780819,0.06146018,0.09525443,0.5,0.5,"[0, 8]",1.0,True,0.00323094,0.00030001,0.00270716,True
28,4,2,Fz,0.10385175,-0.09833148,0.11731137,0.5,0.5,"[0, 8]",1.0,True,0.00323094,0.00030001,0.00270716,True
28,4,3,F3,0.08792058,0.02756331,0.09462235,0.5,0.5,"[0, 8]",1.0,True,0.00323094,0.00030001,0.00270716,True
28,4,4,F4,0.09738286,0.01250001,0.10761011,0.5,0.5,"[0, 8]",1.0,True,0.00323094,0.00030001,0.00270716,True
28,4,5,F7,0.08440585,0.08182675,0.09796042,0.5,0.5,"[0, 8]",1.0,True,0.00323094,0.00030001,0.00270716,True
28,4,6,F8,0.07749208,-0.02935645,0.0784581,0.5,0.5,"[0, 8]",1.0,True,0.00323094,0.00030001,0.00270716,True
28,4,7,FCz,0.0987829,0.0987829,0.11395721,0.5,0.5,"[0, 8]",1.0,True,0.00323094,0.00030001,0.00270716,True
28,4,8,FC3,0.03099027,0.00617213,0.0376402,0.5,0.5,"[0, 8]",1.0,True,0.00323094,0.00030001,0.00270716,True
28,4,9,FC4,0.05819174,-0.05819174,0.07638441,0.5,0.5,"[0, 8]",1.0,True,0.00323094,0.00030001,0.00270716,True
28,4,10,FT7,0.0902698,-0.05822623,0.10378834,0.5,0.5,"[0, 8]",1.0,True,0.00323094,0.00030001,0.00270716,True
28,4,11,FT8,0.08024117,-0.00368778,0.0973848,0.5,0.5,"[0, 8]",1.0,True,0.00323094,0.00030001,0.00270716,True
28,4,12,Cz,0.07675225,0.07553366,0.09233927,0.5,0.5,"[0, 8]",1.0,True,0.00323094,0.00030001,0.00270716,True
28,4,13,C3,0.11508091,0.07251649,0.11731424,0.5,0.5,"[0, 8]",1.0,True,0.00323094,0.00030001,0.00270716,True
28,4,14,C4,0.08580486,-0.07512461,0.09616499,0.5,0.5,"[0, 8]",1.0,True,0.00323094,0.00030001,0.00270716,True
28,4,15,T3,0.12688479,0.12688479,0.13207866,0.5,0.5,"[0, 8]",1.0,True,0.00323094,0.00030001,0.00270716,True
28,4,16,T4,0.12208759,0.01331594,0.13439634,0.5,0.5,"[0, 8]",1.0,True,0.00323094,0.00030001,0.00270716,True
28,4,17,CP3,0.12127435,0.03309353,0.13959894,0.5,0.5,"[0, 8]",1.0,True,0.00323094,0.00030001,0.00270716,True
28,4,18,CP4,0.11078314,0.03450948,0.12733556,0.5,0.5,"[0, 8]",1.0,True,0.00323094,0.00030001,0.00270716,True
28,4,19,TP7,0.08442771,-0.01873149,0.09448247,0.5,0.5,"[0, 8]",1.0,True,0.00323094,0.00030001,0.00270716,True
28,4,20,TP8,0.08881947,-0.05931341,0.1080173,0.5,0.5,"[0, 8]",1.0,True,0.00323094,0.00030001,0.00270716,True
28,4,21,Pz,0.15303901,0.00673239,0.15323597,0.5,0.5,"[0, 8]",1.0,True,0.00323094,0.00030001,0.00270716,True
28,4,22,P3,0.10830743,0.10830743,0.11754786,0.5,0.5,"[0, 8]",1.0,True,0.00323094,0.00030001,0.00270716,True
28,4,23,P4,0.10496337,-0.09331527,0.11701021,0.5,0.5,"[0, 8]",1.0,True,0.00323094,0.00030001,0.00270716,True
28,4,24,T5,0.10530553,0.07343881,0.11467036,0.5,0.5,"[0, 8]",1.0,True,0.00323094,0.00030001,0.00270716,True
28,4,25,T6,0.08127549,-0.06235653,0.09243722,0.5,0.5,"[0, 8]",1.0,True,0.00323094,0.00030001,0.00270716,True
28,4,26,Oz,0.07762079,0.04211762,0.0800423,0.5,0.5,"[0, 8]",1.0,True,0.00323094,0.00030001,0.00270716,True
28,4,27,O1,0.12186213,0.05623303,0.13213171,0.5,0.5,"[0, 8]",1.0,True,0.00323094,0.00030001,0.00270716,True
28,4,28,O2,0.14444137,-0.02368953,0.14715521,0.5,0.5,"[0, 8]",1.0,True,0.00323094,0.00030001,0.00270716,True
28,5,0,Fp1,0.11010674,-0.0960012,0.12282328,0.5,0.5,"[0, 8]",1.0,True,0.00323099,0.00030001,0.00270721,True
28,5,1,Fp2,0.07750818,0.06116018,0.09508536,0.5,0.5,"[0, 8]",1.0,True,0.00323099,0.00030001,0.00270721,True
28,5,2,Fz,0.10415175,-0.09833149,0.11750928,0.5,0.5,"[0, 8]",1.0,True,0.00323099,0.00030001,0.00270721,True
28,5,3,F3,0.08762068,0.02756321,0.09436,0.5,0.5,"[0, 8]",1.0,True,0.00323099,0.00030001,0.00270721,True
28,5,4,F4,0.09768283,0.01250002,0.10796414,0.5,0.5,"[0, 8]",1.0,True,0.00323099,0.00030001,0.00270721,True
28,5,5,F7,0.08425586,0.08167676,0.09774246,0.5,0.5,"[0, 8]",1.0,True,0.00323099,0.00030001,0.00270721,True
28,5,6,F8,0.07749207,-0.02935646,0.07845809,0.5,0.5,"[0, 8]",1.0,True,0.00323099,0.00030001,0.00270721,True
28,5,7,FCz,0.09893289,0.09893289,0.11409946,0.5,0.5,"[0, 8]",1.0,True,0.00323099,0.00030001,0.00270721,True
28,5,8,FC3,0.03099028,0.00617213,0.0376402,0.5,0.5,"[0, 8]",1.0,True,0.00323099,0.00030001,0.00270721,True
28,5,9,FC4,0.05804174,-0.05804174,0.07637416,0.5,0.5,"[0, 8]",1.0,True,0.00323099,0.00030001,0.00270721,True
28,5,10,FT7,0.09056979,-0.05822623,0.10396787,0.5,0.5,"[0, 8]",1.0,True,0.00323099,0.00030001,0.00270721,True
28,5,11,FT8,0.08009119,-0.0035378,0.09717114,0.5,0.5,"[0, 8]",1.0,True,0.00323099,0.00030001,0.00270721,True
28,5,12,Cz,0.07690225,0.07568366,0.09244282,0.5,0.5,"[0, 8]",1.0,True,0.00323099,0.00030001,0.00270721,True
28,5,13,C3,0.11523089,0.07266648,0.11747745,0.5,0.5,"[0, 8]",1.0,True,0.00323099,0.00030001,0.00270721,True
28,5,14,C4,0.08580489,-0.07512462,0.09616502,0.5,0.5,"[0, 8]",1.0,True,0.00323099,0.00030001,0.00270721,True
28,5,15,T3,0.12688477,0.12688477,0.13207866,0.5,0.5,"[0, 8]",1.0,True,0.00323099,0.00030001,0.00270721,True
28,5,16,T4,0.12223759,0.01316595,0.13458411,0.5,0.5,"[0, 8]",1.0,True,0.00323099,0.00030001,0.00270721,True
28,5,17,CP3,0.12112435,0.03324347,0.13959104,0.5,0.5,"[0, 8]",1.0,True,0.00323099,0.00030001,0.00270721,True
28,5,18,CP4,0.11063314,0.0343595,0.12731187,0.5,0.5,"[0, 8]",1.0,True,0.00323099,0.00030001,0.00270721,True
28,5,19,TP7,0.08442771,-0.01873149,0.09431884,0.5,0.5,"[0, 8]",1.0,True,0.00323099,0.00030001,0.00270721,True
28,5,20,TP8,0.08911946,-0.05931341,0.10827456,0.5,0.5,"[0, 8]",1.0,True,0.00323099,0.00030001,0.00270721,True
28,5,21,Pz,0.15288901,0.00688239,0.15308161,0.5,0.5,"[0, 8]",1.0,True,0.00323099,0.00030001,0.00270721,True
28,5,22,P3,0.10815744,0.10815744,0.11740409,0.5,0.5,"[0, 8]",1.0,True,0.00323099,0.00030001,0.00270721,True
28,5,23,P4,0.10496341,-0.09301531,0.11688626,0.5,0.5,"[0, 8]",1.0,True,0.00323099,0.00030001,0.00270721,True
28,5,24,T5,0.10470555,0.07313883,0.11411962,0.5,0.5,"[0, 8]",1.0,True,0.00323099,0.00030001,0.00270721,True
28,5,25,T6,0.08127549,-0.06235652,0.09257986,0.5,0.5,"[0, 8]",1.0,True,0.00323099,0.00030001,0.00270721,True
28,5,26,Oz,0.07747076,0.04226759,0.07990965,0.5,0.5,"[0, 8]",1.0,True,0.00323099,0.00030001,0.00270721,True
28,5,27,O1,0.12186212,0.05593304,0.13229263,0.5,0.5,"[0, 8]",1.0,True,0.00323099,0.00030001,0.00270721,True
28,5,28,O2,0.14429137,-0.02353954,0.14699985,0.5,0.5,"[0, 8]",1.0,True,0.00323099,0.00030001,0.00270721,True
29,1,0,Fp1,0.11010672,-0.09600119,0.12282327,0.5,0.5,"[0, 8]",1.0,True,0.00323072,0.00030001,0.00270698,True
29,1,1,Fp2,0.07795818,0.06131018,0.09530637,0.5,0.5,"[0, 8]",1.0,True,0.00323072,0.00030001,0.00270698,True
29,1,2,Fz,0.10415176,-0.0983315,0.11750929,0.5,0.5,"[0, 8]",1.0,True,0.00323072,0.00030001,0.00270698,True
29,1,3,F3,0.08777068,0.02741321,0.09455122,0.5,0.5,"[0, 8]",1.0,True,0.00323072,0.00030001,0.00270698,True
29,1,4,F4,0.09768283,0.01250003,0.10789617,0.5,0.5,"[0, 8]",1.0,True,0.00323072,0.00030001,0.00270698,True
29,1,5,F7,0.08425587,0.08167676,0.09781185,0.5,0.5,"[0, 8]",1.0,True,0.00323072,0.00030001,0.00270698,True
29,1,6,F8,0.07764204,-0.02920643,0.0786286,0.5,0.5,"[0, 8]",1.0,True,0.00323072,0.00030001,0.00270698,True
29,1,7,FCz,0.09893288,0.09893288,0.11409944,0.5,0.5,"[0, 8]",1.0,True,0.00323072,0.00030001,0.00270698,True
29,1,8,FC3,0.03099034,0.00587219,0.03782078,0.5,0.5,"[0, 8]",1.0,True,0.00323072,0.00030001,0.00270698,True
29,1,9,FC4,0.05804174,-0.05804174,0.07614106,0.5,0.5,"[0, 8]",1.0,True,0.00323072,0.00030001,0.00270698,True
29,1,10,FT7,0.09011979,-0.05807622,0.10370427,0.5,0.5,"[0, 8]",1.0,True,0.00323072,0.00030001,0.00270698,True
29,1,11,FT8,0.0799412,-0.0033878,0.09695718,0.5,0.5,"[0, 8]",1.0,True,0.00323072,0.00030001,0.00270698,True
29,1,12,Cz,0.07675225,0.07553365,0.09233928,0.5,0.5,"[0, 8]",1.0,True,0.00323072,0.00030001,0.00270698,True
29,1,13,C3,0.1152309,0.07266648,0.11742492,0.5,0.5,"[0, 8]",1.0,True,0.00323072,0.00030001,0.00270698,True
29,1,14,C4,0.08580486,-0.07512461,0.09616499,0.5,0.5,"[0, 8]",1.0,True,0.00323072,0.00030001,0.00270698,True
29,1,15,T3,0.12673411,0.12673411,0.13197447,0.5,0.5,"[0, 8]",1.0,True,0.00323072,0.00030001,0.00270698,True
29,1,16,T4,0.12178762,0.01331592,0.13424577,0.5,0.5,"[0, 8]",1.0,True,0.00323072,0.00030001,0.00270698,True
29,1,17,CP3,0.12142439,0.03294354,0.13978046,0.5,0.5,"[0, 8]",1.0,True,0.00323072,0.00030001,0.00270698,True
29,1,18,CP4,0.11108314,0.03450949,0.12773141,0.5,0.5,"[0, 8]",1.0,True,0.00323072,0.00030001,0.00270698,True
29,1,19,TP7,0.08442771,-0.01873148,0.09448246,0.5,0.5,"[0, 8]",1.0,True,0.00323072,0.00030001,0.00270698,True
29,1,20,TP8,0.08911946,-0.05931341,0.10822091,0.5,0.5,"[0, 8]",1.0,True,0.00323072,0.00030001,0.00270698,True
29,1,21,Pz,0.153189,0.0065824,0.15337668,0.5,0.5,"[0, 8]",1.0,True,0.00323072,0.00030001,0.00270698,True
29,1,22,P3,0.10815744,0.10815744,0.11747982,0.5,0.5,"[0, 8]",1.0,True,0.00323072,0.00030001,0.00270698,True
29,1,23,P4,0.10481341,-0.09316531,0.11679727,0.5,0.5,"[0, 8]",1.0,True,0.00323072,0.00030001,0.00270698,True
29,1,24,T5,0.10515556,0.07328884,0.11447955,0.5,0.5,"[0, 8]",1.0,True,0.00323072,0.00030001,0.00270698,True
29,1,25,T6,0.08127549,-0.06235652,0.09243719,0.5,0.5,"[0, 8]",1.0,True,0.00323072,0.00030001,0.00270698,True
29,1,26,Oz,0.07762077,0.0421176,0.08004227,0.5,0.5,"[0, 8]",1.0,True,0.00323072,0.00030001,0.00270698,True
29,1,27,O1,0.12156213,0.05593304,0.13193539,0.5,0.5,"[0, 8]",1.0,True,0.00323072,0.00030001,0.00270698,True
29,1,28,O2,0.14429139,-0.02383953,0.14701726,0.5,0.5,"[0, 8]",1.0,True,0.00323072,0.00030001,0.00270698,True
29,2,0,Fp1,0.11166315,-0.09700407,0.12427817,0.5,0.5,"[0, 8]",1.0,True,0.01990493,0.00240125,0.01667807,True
29,2,1,Fp2,0.07821753,0.06067689,0.09488984,0.5,0.5,"[0, 8]",1.0,True,0.01990493,0.00240125,0.01667807,True
29,2,2,Fz,0.10491969,-0.09911959,0.1183561,0.5,0.5,"[0, 8]",1.0,True,0.01990493,0.00240125,0.01667807,True
29,2,3,F3,0.08818376,0.02695474,0.09482563,0.5,0.5,"[0, 8]",1.0,True,0.01990493,0.00240125,0.01667807,True
29,2,4,F4,0.09838229,0.0123074,0.10868874,0.5,0.5,"[0, 8]",1.0,True,0.01990493,0.00240125,0.01667807,True
29,2,5,F7,0.08591251,0.08240128,0.0991791,0.5,0.5,"[0, 8]",1.0,True,0.01990493,0.00240125,0.01667807,True
29,2,6,F8,0.07900588,-0.02952484,0.08000008,0.5,0.5,"[0, 8]",1.0,True,0.01990493,0.00240125,0.01667807,True
29,2,7,FCz,0.09698663,0.09698663,0.11234371,0.5,0.5,"[0, 8]",1.0,True,0.01990493,0.00240125,0.01667807,True
29,2,8,FC3,0.03061007,0.00462132,0.03762355,0.5,0.5,"[0, 8]",1.0,True,0.01990493,0.00240125,0.01667807,True
29,2,9,FC4,0.05931287,-0.05931287,0.07705953,0.5,0.5,"[0, 8]",1.0,True,0.01990493,0.00240125,0.01667807,True
29,2,10,FT7,0.08870632,-0.05752691,0.10293745,0.5,0.5,"[0, 8]",1.0,True,0.01990493,0.00240125,0.01667807,True
29,2,11,FT8,0.07941376,-0.00303695,0.09576918,0.5,0.5,"[0, 8]",1.0,True,0.01990493,0.00240125,0.01667807,True
29,2,12,Cz,0.07533533,0.0741156,0.09074611,0.5,0.5,"[0, 8]",1.0,True,0.01990493,0.00240125,0.01667807,True
29,2,13,C3,0.11578045,0.07190909,0.11765391,0.5,0.5,"[0, 8]",1.0,True,0.01990493,0.00240125,0.01667807,True
29,2,14,C4,0.0858282,-0.07597542,0.09636601,0.5,0.5,"[0, 8]",1.0,True,0.01990493,0.00240125,0.01667807,True
29,2,15,T3,0.12592047,0.12592047,0.13131879,0.5,0.5,"[0, 8]",1.0,True,0.01990493,0.00240125,0.01667807,True
29,2,16,T4,0.12072039,0.01249459,0.1333279,0.5,0.5,"[0, 8]",1.0,True,0.01990493,0.00240125,0.01667807,True
29,2,17,CP3,0.12223476,0.03181935,0.13999829,0.5,0.5,"[0, 8]",1.0,True,0.01990493,0.00240125,0.01667807,True
29,2,18,CP4,0.11099555,0.03410496,0.12710719,0.5,0.5,"[0, 8]",1.0,True,0.01990493,0.00240125,0.01667807,True
29,2,19,TP7,0.0849445,-0.01783946,0.09521596,0.5,0.5,"[0, 8]",1.0,True,0.01990493,0.00240125,0.01667807,True
29,2,20,TP8,0.08818722,-0.05797513,0.10666873,0.5,0.5,"[0, 8]",1.0,True,0.01990493,0.00240125,0.01667807,True
29,2,21,Pz,0.15308651,0.0065944,0.15333198,0.5,0.5,"[0, 8]",1.0,True,0.01990493,0.00240125,0.01667807,True
29,2,22,P3,0.10797707,0.10797707,0.11798725,0.5,0.5,"[0, 8]",1.0,True,0.01990493,0.00240125,0.01667807,True
29,2,23,P4,0.10377572,-0.09315194,0.11597791,0.5,0.5,"[0, 8]",1.0,True,0.01990493,0.00240125,0.01667807,True
29,2,24,T5,0.10701592,0.07420771,0.11616182,0.5,0.5,"[0, 8]",1.0,True,0.01990493,0.00240125,0.01667807,True
29,2,25,T6,0.08230065,-0.06236536,0.09288912,0.5,0.5,"[0, 8]",1.0,True,0.01990493,0.00240125,0.01667807,True
29,2,26,Oz,0.07861459,0.04222442,0.08126167,0.5,0.5,"[0, 8]",1.0,True,0.01990493,0.00240125,0.01667807,True
29,2,27,O1,0.12113308,0.05651406,0.1318869,0.5,0.5,"[0, 8]",1.0,True,0.01990493,0.00240125,0.01667807,True
29,2,28,O2,0.14613399,-0.02370891,0.14879555,0.5,0.5,"[0, 8]",1.0,True,0.01990493,0.00240125,0.01667807,True
29,3,0,Fp1,0.10995671,-0.09585124,0.1226245,0.5,0.5,"[0, 8]",1.0,True,0.00323098,0.00030001,0.0027072,True
29,3,1,Fp2,0.07795818,0.06131018,0.09550945,0.5,0.5,"[0, 8]",1.0,True,0.00323098,0.00030001,0.0027072,True
29,3,2,Fz,0.10400175,-0.09848149,0.11749481,0.5,0.5,"[0, 8]",1.0,True,0.00323098,0.00030001,0.0027072,True
29,3,3,F3,0.08762068,0.02756321,0.09433386,0.5,0.5,"[0, 8]",1.0,True,0.00323098,0.00030001,0.0027072,True
29,3,4,F4,0.09753284,0.01265002,0.10765949,0.5,0.5,"[0, 8]",1.0,True,0.00323098,0.00030001,0.0027072,True
29,3,5,F7,0.08440585,0.08182675,0.09796041,0.5,0.5,"[0, 8]",1.0,True,0.00323098,0.00030001,0.0027072,True
29,3,6,F8,0.07764207,-0.02920646,0.07862862,0.5,0.5,"[0, 8]",1.0,True,0.00323098,0.00030001,0.0027072,True
29,3,7,FCz,0.0987829,0.0987829,0.11395721,0.5,0.5,"[0, 8]",1.0,True,0.00323098,0.00030001,0.0027072,True
29,3,8,FC3,0.03099027,0.00587214,0.03762398,0.5,0.5,"[0, 8]",1.0,True,0.00323098,0.00030001,0.0027072,True
29,3,9,FC4,0.05789175,-0.05789175,0.07596878,0.5,0.5,"[0, 8]",1.0,True,0.00323098,0.00030001,0.0027072,True
29,3,10,FT7,0.09011979,-0.05807623,0.10370427,0.5,0.5,"[0, 8]",1.0,True,0.00323098,0.00030001,0.0027072,True
29,3,11,FT8,0.08009119,-0.0035378,0.09700155,0.5,0.5,"[0, 8]",1.0,True,0.00323098,0.00030001,0.0027072,True
29,3,12,Cz,0.07675225,0.07553366,0.09233927,0.5,0.5,"[0, 8]",1.0,True,0.00323098,0.00030001,0.0027072,True
29,3,13,C3,0.11538078,0.07251661,0.11753391,0.5,0.5,"[0, 8]",1.0,True,0.00323098,0.00030001,0.0027072,True
29,3,14,C4,0.08565485,-0.07527456,0.09613547,0.5,0.5,"[0, 8]",1.0,True,0.00323098,0.00030001,0.0027072,True
29,3,15,T3,0.12673478,0.12673478,0.13197485,0.5,0.5,"[0, 8]",1.0,True,0.00323098,0.00030001,0.0027072,True
29,3,16,T4,0.12178761,0.01331595,0.13424577,0.5,0.5,"[0, 8]",1.0,True,0.00323098,0.00030001,0.0027072,True
29,3,17,CP3,0.1212744,0.03309354,0.13959895,0.5,0.5,"[0, 8]",1.0,True,0.00323098,0.00030001,0.0027072,True
29,3,18,CP4,0.11093313,0.03465948,0.12755179,0.5,0.5,"[0, 8]",1.0,True,0.00323098,0.00030001,0.0027072,True
29,3,19,TP7,0.0847277,-0.01873149,0.09464592,0.5,0.5,"[0, 8]",1.0,True,0.00323098,0.00030001,0.0027072,True
29,3,20,TP8,0.08911946,-0.05931341,0.10827456,0.5,0.5,"[0, 8]",1.0,True,0.00323098,0.00030001,0.0027072,True
29,3,21,Pz,0.15288901,0.00658239,0.15307519,0.5,0.5,"[0, 8]",1.0,True,0.00323098,0.00030001,0.0027072,True
29,3,22,P3,0.10815744,0.10815744,0.11747982,0.5,0.5,"[0, 8]",1.0,True,0.00323098,0.00030001,0.0027072,True
29,3,23,P4,0.1048134,-0.0931653,0.11679726,0.5,0.5,"[0, 8]",1.0,True,0.00323098,0.00030001,0.0027072,True
29,3,24,T5,0.10515555,0.07328883,0.11446789,0.5,0.5,"[0, 8]",1.0,True,0.00323098,0.00030001,0.0027072,True
29,3,25,T6,0.0811255,-0.06250652,0.09237318,0.5,0.5,"[0, 8]",1.0,True,0.00323098,0.00030001,0.0027072,True
29,3,26,Oz,0.07777076,0.04226759,0.0801372,0.5,0.5,"[0, 8]",1.0,True,0.00323098,0.00030001,0.0027072,True
29,3,27,O1,0.12171213,0.05608303,0.13208538,0.5,0.5,"[0, 8]",1.0,True,0.00323098,0.00030001,0.0027072,True
29,3,28,O2,0.14444137,-0.02368954,0.14715523,0.5,0.5,"[0, 8]",1.0,True,0.00323098,0.00030001,0.0027072,True
29,4,0,Fp1,0.10995673,-0.0958512,0.1226245,0.5,0.5,"[0, 8]",1.0,True,0.00323098,0.00030001,0.0027072,True
29,4,1,Fp2,0.07810818,0.06146018,0.09557507,0.5,0.5,"[0, 8]",1.0,True,0.00323098,0.00030001,0.0027072,True
29,4,2,Fz,0.10400175,-0.09848149,0.11749481,0.5,0.5,"[0, 8]",1.0,True,0.00323098,0.00030001,0.0027072,True
29,4,3,F3,0.08762068,0.02726322,0.09445382,0.5,0.5,"[0, 8]",1.0,True,0.00323098,0.00030001,0.0027072,True
29,4,4,F4,0.09753285,0.01265,0.10765952,0.5,0.5,"[0, 8]",1.0,True,0.00323098,0.00030001,0.0027072,True
29,4,5,F7,0.08425586,0.08167675,0.09781185,0.5,0.5,"[0, 8]",1.0,True,0.00323098,0.00030001,0.0027072,True
29,4,6,F8,0.07764206,-0.02920646,0.07862862,0.5,0.5,"[0, 8]",1.0,True,0.00323098,0.00030001,0.0027072,True
29,4,7,FCz,0.09893288,0.09893288,0.11409944,0.5,0.5,"[0, 8]",1.0,True,0.00323098,0.00030001,0.0027072,True
29,4,8,FC3,0.03084028,0.00572213,0.03760596,0.5,0.5,"[0, 8]",1.0,True,0.00323098,0.00030001,0.0027072,True
29,4,9,FC4,0.05789175,-0.05789175,0.07596879,0.5,0.5,"[0, 8]",1.0,True,0.00323098,0.00030001,0.0027072,True
29,4,10,FT7,0.0902698,-0.05792623,0.10379736,0.5,0.5,"[0, 8]",1.0,True,0.00323098,0.00030001,0.0027072,True
29,4,11,FT8,0.08009119,-0.0035378,0.09700155,0.5,0.5,"[0, 8]",1.0,True,0.00323098,0.00030001,0.0027072,True
29,4,12,Cz,0.07690224,0.07538366,0.09234372,0.5,0.5,"[0, 8]",1.0,True,0.00323098,0.00030001,0.0027072,True
29,4,13,C3,0.1152309,0.07236649,0.1174021,0.5,0.5,"[0, 8]",1.0,True,0.00323098,0.00030001,0.0027072,True
29,4,14,C4,0.08565477,-0.07527448,0.09613205,0.5,0.5,"[0, 8]",1.0,True,0.00323098,0.00030001,0.0027072,True
29,4,15,T3,0.12673478,0.12673478,0.13197485,0.5,0.5,"[0, 8]",1.0,True,0.00323098,0.00030001,0.0027072,True
29,4,16,T4,0.12178759,0.01331595,0.13424575,0.5,0.5,"[0, 8]",1.0,True,0.00323098,0.00030001,0.0027072,True
29,4,17,CP3,0.1212744,0.03279355,0.13958316,0.5,0.5,"[0, 8]",1.0,True,0.00323098,0.00030001,0.0027072,True
29,4,18,CP4,0.11123312,0.03465949,0.12783359,0.5,0.5,"[0, 8]",1.0,True,0.00323098,0.00030001,0.0027072,True
29,4,19,TP7,0.08457771,-0.01888148,0.09456446,0.5,0.5,"[0, 8]",1.0,True,0.00323098,0.00030001,0.0027072,True
29,4,20,TP8,0.08926947,-0.05916341,0.10833262,0.5,0.5,"[0, 8]",1.0,True,0.00323098,0.00030001,0.0027072,True
29,4,21,Pz,0.15288901,0.0065824,0.15307519,0.5,0.5,"[0, 8]",1.0,True,0.00323098,0.00030001,0.0027072,True
29,4,22,P3,0.10800745,0.10800745,0.11730669,0.5,0.5,"[0, 8]",1.0,True,0.00323098,0.00030001,0.0027072,True
29,4,23,P4,0.1048134,-0.0931653,0.11679726,0.5,0.5,"[0, 8]",1.0,True,0.00323098,0.00030001,0.0027072,True
29,4,24,T5,0.10500555,0.07313883,0.11427671,0.5,0.5,"[0, 8]",1.0,True,0.00323098,0.00030001,0.0027072,True
29,4,25,T6,0.0809755,-0.06205653,0.09217295,0.5,0.5,"[0, 8]",1.0,True,0.00323098,0.00030001,0.0027072,True
29,4,26,Oz,0.07777074,0.04226758,0.08013719,0.5,0.5,"[0, 8]",1.0,True,0.00323098,0.00030001,0.0027072,True
29,4,27,O1,0.12186212,0.05623303,0.13229313,0.5,0.5,"[0, 8]",1.0,True,0.00323098,0.00030001,0.0027072,True
29,4,28,O2,0.14429137,-0.02383953,0.14701726,0.5,0.5,"[0, 8]",1.0,True,0.00323098,0.00030001,0.0027072,True
29,5,0,Fp1,0.10858625,-0.10858625,0.12434641,0.375,0.375,"[3, 5]",0.625,False,0.33398718,0.06098794,0.27984332,True
29,5,1,Fp2,0.08399492,0.08399492,0.10419938,0.375,0.375,"[3, 5]",0.625,False,0.33398718,0.06098794,0.27984332,True
29,5,2,Fz,0.11199489,-0.10960698,0.12932624,0.375,0.375,"[3, 5]",0.625,False,0.33398718,0.06098794,0.27984332,True
29,5,3,F3,0.09857404,0.0358583,0.10903262,0.375,0.375,"[3, 5]",0.625,False,0.33398718,0.06098794,0.27984332,True
29,5,4,F4,0.09166335,0.01727804,0.10330388,0.375,0.375,"[3, 5]",0.625,False,0.33398718,0.06098794,0.27984332,True
29,5,5,F7,0.08655754,0.05843911,0.09693705,0.375,0.375,"[3, 5]",0.625,False,0.33398718,0.06098794,0.27984332,True
29,5,6,F8,0.08900566,-0.01683847,0.0965438,0.375,0.375,"[3, 5]",0.625,False,0.33398718,0.06098794,0.27984332,True
29,5,7,FCz,0.0920157,0.0920157,0.0962131,0.375,0.375,"[3, 5]",0.625,False,0.33398718,0.06098794,0.27984332,True
29,5,8,FC3,0.04818811,-0.00070808,0.05891983,0.375,0.375,"[3, 5]",0.625,False,0.33398718,0.06098794,0.27984332,True
29,5,9,FC4,0.06905287,-0.06905287,0.07267838,0.375,0.375,"[3, 5]",0.625,False,0.33398718,0.06098794,0.27984332,True
29,5,10,FT7,0.06347954,-0.03415352,0.07376738,0.375,0.375,"[3, 5]",0.625,False,0.33398718,0.06098794,0.27984332,True
29,5,11,FT8,0.07780455,-0.02952677,0.09264091,0.375,0.375,"[3, 5]",0.625,False,0.33398718,0.06098794,0.27984332,True
29,5,12,Cz,0.0722385,0.0722385,0.07597683,0.375,0.375,"[3, 5]",0.625,False,0.33398718,0.06098794,0.27984332,True
29,5,13,C3,0.09730258,0.04554197,0.09836759,0.375,0.375,"[3, 5]",0.625,False,0.33398718,0.06098794,0.27984332,True
29,5,14,C4,0.05903003,-0.05903003,0.06772826,0.375,0.375,"[3, 5]",0.625,False,0.33398718,0.06098794,0.27984332,True
29,5,15,T3,0.11126,0.11126,0.11328836,0.375,0.375,"[3, 5]",0.625,False,0.33398718,0.06098794,0.27984332,True
29,5,16,T4,0.11802068,-0.00446226,0.12511557,0.375,0.375,"[3, 5]",0.625,False,0.33398718,0.06098794,0.27984332,True
29,5,17,CP3,0.1219428,0.02291373,0.13331918,0.375,0.375,"[3, 5]",0.625,False,0.33398718,0.06098794,0.27984332,True
29,5,18,CP4,0.11022352,0.03621906,0.11979672,0.375,0.375,"[3, 5]",0.625,False,0.33398718,0.06098794,0.27984332,True
29,5,19,TP7,0.09313037,0.00534745,0.09619264,0.375,0.375,"[3, 5]",0.625,False,0.33398718,0.06098794,0.27984332,True
29,5,20,TP8,0.11479966,-0.08742598,0.13684791,0.375,0.375,"[3, 5]",0.625,False,0.33398718,0.06098794,0.27984332,True
29,5,21,Pz,0.13147332,0.00854852,0.13189511,0.375,0.375,"[3, 5]",0.625,False,0.33398718,0.06098794,0.27984332,True
29,5,22,P3,0.13118674,0.13118674,0.14841555,0.375,0.375,"[3, 5]",0.625,False,0.33398718,0.06098794,0.27984332,True
29,5,23,P4,0.08908366,-0.08652147,0.10282639,0.375,0.375,"[3, 5]",0.625,False,0.33398718,0.06098794,0.27984332,True
29,5,24,T5,0.12122957,0.11230478,0.13797438,0.375,0.375,"[3, 5]",0.625,False,0.33398718,0.06098794,0.27984332,True
29,5,25,T6,0.0786033,-0.05798582,0.08410966,0.375,0.375,"[3, 5]",0.625,False,0.33398718,0.06098794,0.27984332,True
29,5,26,Oz,0.07128412,0.02017996,0.08068839,0.375,0.375,"[3, 5]",0.625,False,0.33398718,0.06098794,0.27984332,True
29,5,27,O1,0.10525852,0.02282881,0.12087774,0.375,0.375,"[3, 5]",0.625,False,0.33398718,0.06098794,0.27984332,True
29,5,28,O2,0.15904151,-0.03799926,0.16376184,0.375,0.375,"[3, 5]",0.625,False,0.33398718,0.06098794,0.27984332,True
30,1,0,Fp1,0.11160105,-0.09650362,0.12393118,0.5,0.5,"[0, 8]",1.0,True,0.02370016,0.00299609,0.01985804,True
30,1,1,Fp2,0.07799714,0.06275882,0.09594171,0.5,0.5,"[0, 8]",1.0,True,0.02370016,0.00299609,0.01985804,True
30,1,2,Fz,0.10332696,-0.09709316,0.1163916,0.5,0.5,"[0, 8]",1.0,True,0.02370016,0.00299609,0.01985804,True
30,1,3,F3,0.08961802,0.02930489,0.09592237,0.5,0.5,"[0, 8]",1.0,True,0.02370016,0.00299609,0.01985804,True
30,1,4,F4,0.09623528,0.01148059,0.10663185,0.5,0.5,"[0, 8]",1.0,True,0.02370016,0.00299609,0.01985804,True
30,1,5,F7,0.08525648,0.0824675,0.09900133,0.5,0.5,"[0, 8]",1.0,True,0.02370016,0.00299609,0.01985804,True
30,1,6,F8,0.07702525,-0.02836403,0.0781572,0.5,0.5,"[0, 8]",1.0,True,0.02370016,0.00299609,0.01985804,True
30,1,7,FCz,0.09873562,0.09873562,0.11368377,0.5,0.5,"[0, 8]",1.0,True,0.02370016,0.00299609,0.01985804,True
30,1,8,FC3,0.03045617,0.00693115,0.03761997,0.5,0.5,"[0, 8]",1.0,True,0.02370016,0.00299609,0.01985804,True
30,1,9,FC4,0.05652671,-0.05652671,0.07637844,0.5,0.5,"[0, 8]",1.0,True,0.02370016,0.00299609,0.01985804,True
30,1,10,FT7,0.08831397,-0.05713693,0.10188636,0.5,0.5,"[0, 8]",1.0,True,0.02370016,0.00299609,0.01985804,True
30,1,11,FT8,0.07973352,-0.00399589,0.09716724,0.5,0.5,"[0, 8]",1.0,True,0.02370016,0.00299609,0.01985804,True
30,1,12,Cz,0.07911054,0.07641821,0.09425311,0.5,0.5,"[0, 8]",1.0,True,0.02370016,0.00299609,0.01985804,True
30,1,13,C3,0.11554261,0.07330005,0.11808724,0.5,0.5,"[0, 8]",1.0,True,0.02370016,0.00299609,0.01985804,True
30,1,14,C4,0.08366719,-0.07352653,0.09406064,0.5,0.5,"[0, 8]",1.0,True,0.02370016,0.00299609,0.01985804,True
30,1,15,T3,0.12584102,0.12584102,0.13123703,0.5,0.5,"[0, 8]",1.0,True,0.02370016,0.00299609,0.01985804,True
30,1,16,T4,0.12049629,0.01254662,0.13316263,0.5,0.5,"[0, 8]",1.0,True,0.02370016,0.00299609,0.01985804,True
30,1,17,CP3,0.12095309,0.03246038,0.13898207,0.5,0.5,"[0, 8]",1.0,True,0.02370016,0.00299609,0.01985804,True
30,1,18,CP4,0.11233187,0.0346099,0.12972778,0.5,0.5,"[0, 8]",1.0,True,0.02370016,0.00299609,0.01985804,True
30,1,19,TP7,0.08545437,-0.01774701,0.09439223,0.5,0.5,"[0, 8]",1.0,True,0.02370016,0.00299609,0.01985804,True
30,1,20,TP8,0.08694856,-0.05892038,0.10630886,0.5,0.5,"[0, 8]",1.0,True,0.02370016,0.00299609,0.01985804,True
30,1,21,Pz,0.15423991,0.00519004,0.15441769,0.5,0.5,"[0, 8]",1.0,True,0.02370016,0.00299609,0.01985804,True
30,1,22,P3,0.10732808,0.10732808,0.11688205,0.5,0.5,"[0, 8]",1.0,True,0.02370016,0.00299609,0.01985804,True
30,1,23,P4,0.10523989,-0.09435026,0.11783996,0.5,0.5,"[0, 8]",1.0,True,0.02370016,0.00299609,0.01985804,True
30,1,24,T5,0.1030408,0.07278229,0.11288367,0.5,0.5,"[0, 8]",1.0,True,0.02370016,0.00299609,0.01985804,True
30,1,25,T6,0.08221322,-0.06224653,0.09261466,0.5,0.5,"[0, 8]",1.0,True,0.02370016,0.00299609,0.01985804,True
30,1,26,Oz,0.07643156,0.03981671,0.07875679,0.5,0.5,"[0, 8]",1.0,True,0.02370016,0.00299609,0.01985804,True
30,1,27,O1,0.12175887,0.05466095,0.13138855,0.5,0.5,"[0, 8]",1.0,True,0.02370016,0.00299609,0.01985804,True
30,1,28,O2,0.14489062,-0.02548785,0.14794077,0.5,0.5,"[0, 8]",1.0,True,0.02370016,0.00299609,0.01985804,True
30,2,0,Fp1,0.11482956,-0.11482956,0.12068761,0.875,0.875,"[3, 5]",0.625,False,1.51690863,0.37757541,1.27099712,True
30,2,1,Fp2,0.01696178,0.00847382,0.02157284,0.875,0.875,"[3, 5]",0.625,False,1.51690863,0.37757541,1.27099712,True
30,2,2,Fz,0.18811415,-0.06968877,0.20492032,0.875,0.875,"[3, 5]",0.625,False,1.51690863,0.37757541,1.27099712,True
30,2,3,F3,0.09889696,0.09889696,0.10356474,0.875,0.875,"[3, 5]",0.625,False,1.51690863,0.37757541,1.27099712,True
30,2,4,F4,0.04911977,0.02609555,0.06074285,0.875,0.875,"[3, 5]",0.625,False,1.51690863,0.37757541,1.27099712,True
30,2,5,F7,0.07119553,0.07119553,0.07615504,0.875,0.875,"[3, 5]",0.625,False,1.51690863,0.37757541,1.27099712,True
30,2,6,F8,0.0288059,0.0288059,0.03615378,0.875,0.875,"[3, 5]",0.625,False,1.51690863,0.37757541,1.27099712,True
30,2,7,FCz,0.20434895,-0.00091394,0.21347788,0.875,0.875,"[3, 5]",0.625,False,1.51690863,0.37757541,1.27099712,True
30,2,8,FC3,0.20494202,-0.08278876,0.22773565,0.875,0.875,"[3, 5]",0.625,False,1.51690863,0.37757541,1.27099712,True
30,2,9,FC4,0.09058229,-0.04642827,0.10435071,0.875,0.875,"[3, 5]",0.625,False,1.51690863,0.37757541,1.27099712,True
30,2,10,FT7,0.04911849,-0.04911849,0.05012526,0.875,0.875,"[3, 5]",0.625,False,1.51690863,0.37757541,1.27099712,True
30,2,11,FT8,0.03430862,0.03430862,0.04297605,0.875,0.875,"[3, 5]",0.625,False,1.51690863,0.37757541,1.27099712,True
30,2,12,Cz,0.04337711,0.00628703,0.04538574,0.875,0.875,"[3, 5]",0.625,False,1.51690863,0.37757541,1.27099712,True
30,2,13,C3,0.18292934,0.11282191,0.18468212,0.875,0.875,"[3, 5]",0.625,False,1.51690863,0.37757541,1.27099712,True
30,2,14,C4,0.07525473,0.05514207,0.09678864,0.875,0.875,"[3, 5]",0.625,False,1.51690863,0.37757541,1.27099712,True
30,2,15,T3,0.08062756,0.08062756,0.09041031,0.875,0.875,"[3, 5]",0.625,False,1.51690863,0.37757541,1.27099712,True
30,2,16,T4,0.08556388,0.04785555,0.10433718,0.875,0.875,"[3, 5]",0.625,False,1.51690863,0.37757541,1.27099712,True
30,2,17,CP3,0.08237098,0.06353109,0.08768754,0.875,0.875,"[3, 5]",0.625,False,1.51690863,0.37757541,1.27099712,True
30,2,18,CP4,0.14333077,-0.00731098,0.15684949,0.875,0.875,"[3, 5]",0.625,False,1.51690863,0.37757541,1.27099712,True
30,2,19,TP7,0.09488228,-0.06795865,0.11401752,0.875,0.875,"[3, 5]",0.625,False,1.51690863,0.37757541,1.27099712,True
30,2,20,TP8,0.09300141,-0.09300141,0.10155018,0.875,0.875,"[3, 5]",0.625,False,1.51690863,0.37757541,1.27099712,True
30,2,21,Pz,0.06208142,0.06013554,0.0821908,0.875,0.875,"[3, 5]",0.625,False,1.51690863,0.37757541,1.27099712,True
30,2,22,P3,0.06384547,-0.0545972,0.08420443,0.875,0.875,"[3, 5]",0.625,False,1.51690863,0.37757541,1.27099712,True
30,2,23,P4,0.20221345,-0.02599419,0.20888747,0.875,0.875,"[3, 5]",0.625,False,1.51690863,0.37757541,1.27099712,True
30,2,24,T5,0.11790603,0.09421024,0.14001611,0.875,0.875,"[3, 5]",0.625,False,1.51690863,0.37757541,1.27099712,True
30,2,25,T6,0.11850105,0.11850105,0.12575924,0.875,0.875,"[3, 5]",0.625,False,1.51690863,0.37757541,1.27099712,True
30,2,26,Oz,0.03714371,-0.00356907,0.04585904,0.875,0.875,"[3, 5]",0.625,False,1.51690863,0.37757541,1.27099712,True
30,2,27,O1,0.04712455,-0.00842932,0.05567397,0.875,0.875,"[3, 5]",0.625,False,1.51690863,0.37757541,1.27099712,True
30,2,28,O2,0.05758131,-0.01830442,0.06049892,0.875,0.875,"[3, 5]",0.625,False,1.51690863,0.37757541,1.27099712,True
30,3,0,Fp1,0.10719199,-0.10719199,0.119027,0.875,0.875,"[3, 5]",0.625,False,1.24634823,0.28699733,1.04429824,True
30,3,1,Fp2,0.03145825,0.03015126,0.04083552,0.875,0.875,"[3, 5]",0.625,False,1.24634823,0.28699733,1.04429824,True
30,3,2,Fz,0.13862698,-0.13862698,0.143013,0.875,0.875,"[3, 5]",0.625,False,1.24634823,0.28699733,1.04429824,True
30,3,3,F3,0.07466109,0.06706843,0.08279978,0.875,0.875,"[3, 5]",0.625,False,1.24634823,0.28699733,1.04429824,True
30,3,4,F4,0.07757823,0.07757823,0.10065182,0.875,0.875,"[3, 5]",0.625,False,1.24634823,0.28699733,1.04429824,True
30,3,5,F7,0.08562697,0.06246201,0.09378057,0.875,0.875,"[3, 5]",0.625,False,1.24634823,0.28699733,1.04429824,True
30,3,6,F8,0.02575364,-0.00872601,0.03615496,0.875,0.875,"[3, 5]",0.625,False,1.24634823,0.28699733,1.04429824,True
30,3,7,FCz,0.13625416,0.02803145,0.14053169,0.875,0.875,"[3, 5]",0.625,False,1.24634823,0.28699733,1.04429824,True
30,3,8,FC3,0.12342406,-0.02117195,0.13929097,0.875,0.875,"[3, 5]",0.625,False,1.24634823,0.28699733,1.04429824,True
30,3,9,FC4,0.02238429,-0.00883724,0.02978265,0.875,0.875,"[3, 5]",0.625,False,1.24634823,0.28699733,1.04429824,True
30,3,10,FT7,0.10850792,-0.00571875,0.12726368,0.875,0.875,"[3, 5]",0.625,False,1.24634823,0.28699733,1.04429824,True
30,3,11,FT8,0.01999186,0.00425097,0.02195025,0.875,0.875,"[3, 5]",0.625,False,1.24634823,0.28699733,1.04429824,True
30,3,12,Cz,0.07687601,0.06395849,0.09551704,0.875,0.875,"[3, 5]",0.625,False,1.24634823,0.28699733,1.04429824,True
30,3,13,C3,0.22549546,0.06744207,0.23797165,0.875,0.875,"[3, 5]",0.625,False,1.24634823,0.28699733,1.04429824,True
30,3,14,C4,0.08473842,-0.02809792,0.08933036,0.875,0.875,"[3, 5]",0.625,False,1.24634823,0.28699733,1.04429824,True
30,3,15,T3,0.09954152,0.09954152,0.10287469,0.875,0.875,"[3, 5]",0.625,False,1.24634823,0.28699733,1.04429824,True
30,3,16,T4,0.10434408,0.02853896,0.11041588,0.875,0.875,"[3, 5]",0.625,False,1.24634823,0.28699733,1.04429824,True
30,3,17,CP3,0.09490186,0.06675452,0.09770869,0.875,0.875,"[3, 5]",0.625,False,1.24634823,0.28699733,1.04429824,True
30,3,18,CP4,0.055101,0.03394363,0.09013258,0.875,0.875,"[3, 5]",0.625,False,1.24634823,0.28699733,1.04429824,True
30,3,19,TP7,0.14132476,-0.09563593,0.15380336,0.875,0.875,"[3, 5]",0.625,False,1.24634823,0.28699733,1.04429824,True
30,3,20,TP8,0.05615279,-0.05615279,0.05878284,0.875,0.875,"[3, 5]",0.625,False,1.24634823,0.28699733,1.04429824,True
30,3,21,Pz,0.10283155,0.0079349,0.10432485,0.875,0.875,"[3, 5]",0.625,False,1.24634823,0.28699733,1.04429824,True
30,3,22,P3,0.10413156,-0.03910551,0.11758291,0.875,0.875,"[3, 5]",0.625,False,1.24634823,0.28699733,1.04429824,True
30,3,23,P4,0.14916435,-0.04540669,0.16194709,0.875,0.875,"[3, 5]",0.625,False,1.24634823,0.28699733,1.04429824,True
30,3,24,T5,0.173397,0.12731811,0.2061585,0.875,0.875,"[3, 5]",0.625,False,1.24634823,0.28699733,1.04429824,True
30,3,25,T6,0.08712444,0.08712444,0.10793716,0.875,0.875,"[3, 5]",0.625,False,1.24634823,0.28699733,1.04429824,True
30,3,26,Oz,0.03238796,0.03238796,0.03398234,0.875,0.875,"[3, 5]",0.625,False,1.24634823,0.28699733,1.04429824,True
30,3,27,O1,0.05330444,-0.00461943,0.06704851,0.875,0.875,"[3, 5]",0.625,False,1.24634823,0.28699733,1.04429824,True
30,3,28,O2,0.06751183,-0.01013977,0.07822807,0.875,0.875,"[3, 5]",0.625,False,1.24634823,0.28699733,1.04429824,True
30,4,0,Fp1,0.12123726,-0.12123726,0.1352063,0.75,0.75,"[2, 6]",0.75,False,1.21819988,0.29589964,1.02071312,True
30,4,1,Fp2,0.03863958,0.03274239,0.04590352,0.75,0.75,"[2, 6]",0.75,False,1.21819988,0.29589964,1.02071312,True
30,4,2,Fz,0.09413816,-0.09413816,0.09923293,0.75,0.75,"[2, 6]",0.75,False,1.21819988,0.29589964,1.02071312,True
30,4,3,F3,0.07135824,0.04287945,0.10646473,0.75,0.75,"[2, 6]",0.75,False,1.21819988,0.29589964,1.02071312,True
30,4,4,F4,0.07955791,0.04255727,0.08969816,0.75,0.75,"[2, 6]",0.75,False,1.21819988,0.29589964,1.02071312,True
30,4,5,F7,0.13432956,0.06101619,0.14679556,0.75,0.75,"[2, 6]",0.75,False,1.21819988,0.29589964,1.02071312,True
30,4,6,F8,0.04540819,0.02726345,0.05488329,0.75,0.75,"[2, 6]",0.75,False,1.21819988,0.29589964,1.02071312,True
30,4,7,FCz,0.13096333,0.04511282,0.13979973,0.75,0.75,"[2, 6]",0.75,False,1.21819988,0.29589964,1.02071312,True
30,4,8,FC3,0.15264644,-0.12756696,0.16477004,0.75,0.75,"[2, 6]",0.75,False,1.21819988,0.29589964,1.02071312,True
30,4,9,FC4,0.0786239,0.00451513,0.08747009,0.75,0.75,"[2, 6]",0.75,False,1.21819988,0.29589964,1.02071312,True
30,4,10,FT7,0.07930084,-0.00678664,0.08890838,0.75,0.75,"[2, 6]",0.75,False,1.21819988,0.29589964,1.02071312,True
30,4,11,FT8,0.03434174,-0.00622219,0.03578977,0.75,0.75,"[2, 6]",0.75,False,1.21819988,0.29589964,1.02071312,True
30,4,12,Cz,0.0674184,0.03499315,0.07852895,0.75,0.75,"[2, 6]",0.75,False,1.21819988,0.29589964,1.02071312,True
30,4,13,C3,0.12194752,0.02690713,0.13147682,0.75,0.75,"[2, 6]",0.75,False,1.21819988,0.29589964,1.02071312,True
30,4,14,C4,0.07641012,-0.07641012,0.08212085,0.75,0.75,"[2, 6]",0.75,False,1.21819988,0.29589964,1.02071312,True
30,4,15,T3,0.11044802,0.11044802,0.11186112,0.75,0.75,"[2, 6]",0.75,False,1.21819988,0.29589964,1.02071312,True
30,4,16,T4,0.09398903,-0.00477454,0.10093687,0.75,0.75,"[2, 6]",0.75,False,1.21819988,0.29589964,1.02071312,True
30,4,17,CP3,0.10066693,0.10066693,0.11104217,0.75,0.75,"[2, 6]",0.75,False,1.21819988,0.29589964,1.02071312,True
30,4,18,CP4,0.13949783,0.07461693,0.1659888,0.75,0.75,"[2, 6]",0.75,False,1.21819988,0.29589964,1.02071312,True
30,4,19,TP7,0.13812058,-0.02626666,0.14180067,0.75,0.75,"[2, 6]",0.75,False,1.21819988,0.29589964,1.02071312,True
30,4,20,TP8,0.07044681,-0.07044681,0.08154177,0.75,0.75,"[2, 6]",0.75,False,1.21819988,0.29589964,1.02071312,True
30,4,21,Pz,0.06804194,0.00722717,0.06910898,0.75,0.75,"[2, 6]",0.75,False,1.21819988,0.29589964,1.02071312,True
30,4,22,P3,0.1065623,-0.02567656,0.12311582,0.75,0.75,"[2, 6]",0.75,False,1.21819988,0.29589964,1.02071312,True
30,4,23,P4,0.16790333,0.00452727,0.17681548,0.75,0.75,"[2, 6]",0.75,False,1.21819988,0.29589964,1.02071312,True
30,4,24,T5,0.14838931,0.12472374,0.17769495,0.75,0.75,"[2, 6]",0.75,False,1.21819988,0.29589964,1.02071312,True
30,4,25,T6,0.07966183,0.07728118,0.09207968,0.75,0.75,"[2, 6]",0.75,False,1.21819988,0.29589964,1.02071312,True
30,4,26,Oz,0.05405021,-0.00052722,0.05958798,0.75,0.75,"[2, 6]",0.75,False,1.21819988,0.29589964,1.02071312,True
30,4,27,O1,0.03494775,0.02058,0.04185972,0.75,0.75,"[2, 6]",0.75,False,1.21819988,0.29589964,1.02071312,True
30,4,28,O2,0.14257848,-0.08134444,0.16778299,0.75,0.75,"[2, 6]",0.75,False,1.21819988,0.29589964,1.02071312,True
30,5,0,Fp1,0.10532217,-0.10532217,0.11881422,0.625,0.625,"[5, 3]",0.625,False,0.29447506,0.05130759,0.24673665,True
30,5,1,Fp2,0.07764907,0.07209094,0.10960309,0.625,0.625,"[5, 3]",0.625,False,0.29447506,0.05130759,0.24673665,True
30,5,2,Fz,0.10144666,-0.10144666,0.11373129,0.625,0.625,"[5, 3]",0.625,False,0.29447506,0.05130759,0.24673665,True
30,5,3,F3,0.08627769,0.02700028,0.09270631,0.625,0.625,"[5, 3]",0.625,False,0.29447506,0.05130759,0.24673665,True
30,5,4,F4,0.08016879,0.00351132,0.09121159,0.625,0.625,"[5, 3]",0.625,False,0.29447506,0.05130759,0.24673665,True
30,5,5,F7,0.09179582,0.07254193,0.10912603,0.625,0.625,"[5, 3]",0.625,False,0.29447506,0.05130759,0.24673665,True
30,5,6,F8,0.05538361,-0.01241459,0.05909477,0.625,0.625,"[5, 3]",0.625,False,0.29447506,0.05130759,0.24673665,True
30,5,7,FCz,0.10010863,0.08871522,0.11893856,0.625,0.625,"[5, 3]",0.625,False,0.29447506,0.05130759,0.24673665,True
30,5,8,FC3,0.02840349,-0.00092737,0.0343725,0.625,0.625,"[5, 3]",0.625,False,0.29447506,0.05130759,0.24673665,True
30,5,9,FC4,0.07101461,-0.04205753,0.08830041,0.625,0.625,"[5, 3]",0.625,False,0.29447506,0.05130759,0.24673665,True
30,5,10,FT7,0.0669816,-0.04845267,0.08978965,0.625,0.625,"[5, 3]",0.625,False,0.29447506,0.05130759,0.24673665,True
30,5,11,FT8,0.07424051,-0.00676035,0.08469144,0.625,0.625,"[5, 3]",0.625,False,0.29447506,0.05130759,0.24673665,True
30,5,12,Cz,0.08512973,0.06525228,0.09528571,0.625,0.625,"[5, 3]",0.625,False,0.29447506,0.05130759,0.24673665,True
30,5,13,C3,0.11640926,0.05261531,0.12355524,0.625,0.625,"[5, 3]",0.625,False,0.29447506,0.05130759,0.24673665,True
30,5,14,C4,0.10124195,-0.09549144,0.11840007,0.625,0.625,"[5, 3]",0.625,False,0.29447506,0.05130759,0.24673665,True
30,5,15,T3,0.11320505,0.11320505,0.11534118,0.625,0.625,"[5, 3]",0.625,False,0.29447506,0.05130759,0.24673665,True
30,5,16,T4,0.12630205,0.00243606,0.12938142,0.625,0.625,"[5, 3]",0.625,False,0.29447506,0.05130759,0.24673665,True
30,5,17,CP3,0.12498453,0.05303303,0.1424737,0.625,0.625,"[5, 3]",0.625,False,0.29447506,0.05130759,0.24673665,True
30,5,18,CP4,0.11356013,0.02112723,0.14151561,0.625,0.625,"[5, 3]",0.625,False,0.29447506,0.05130759,0.24673665,True
30,5,19,TP7,0.10924915,-0.01557599,0.11322404,0.625,0.625,"[5, 3]",0.625,False,0.29447506,0.05130759,0.24673665,True
30,5,20,TP8,0.08078831,-0.05735768,0.10012037,0.625,0.625,"[5, 3]",0.625,False,0.29447506,0.05130759,0.24673665,True
30,5,21,Pz,0.12140644,0.00077673,0.12192471,0.625,0.625,"[5, 3]",0.625,False,0.29447506,0.05130759,0.24673665,True
30,5,22,P3,0.0850984,0.0850984,0.09885447,0.625,0.625,"[5, 3]",0.625,False,0.29447506,0.05130759,0.24673665,True
30,5,23,P4,0.0983128,-0.0871205,0.10907748,0.625,0.625,"[5, 3]",0.625,False,0.29447506,0.05130759,0.24673665,True
30,5,24,T5,0.08500721,0.0777507,0.1020615,0.625,0.625,"[5, 3]",0.625,False,0.29447506,0.05130759,0.24673665,True
30,5,25,T6,0.07209028,-0.03319646,0.07757992,0.625,0.625,"[5, 3]",0.625,False,0.29447506,0.05130759,0.24673665,True
30,5,26,Oz,0.0492133,0.02310325,0.05537286,0.625,0.625,"[5, 3]",0.625,False,0.29447506,0.05130759,0.24673665,True
30,5,27,O1,0.13389915,0.06955434,0.14472187,0.625,0.625,"[5, 3]",0.625,False,0.29447506,0.05130759,0.24673665,True
30,5,28,O2,0.13797133,-0.03343347,0.14336304,0.625,0.625,"[5, 3]",0.625,False,0.29447506,0.05130759,0.24673665,True
31,1,0,Fp1,0.10984683,-0.09587809,0.1224263,0.5,0.5,"[0, 8]",1.0,True,0.0111494,0.00150322,0.00934193,True
31,1,1,Fp2,0.0773412,0.06068315,0.09458705,0.5,0.5,"[0, 8]",1.0,True,0.0111494,0.00150322,0.00934193,True
31,1,2,Fz,0.10436336,-0.09836497,0.11765584,0.5,0.5,"[0, 8]",1.0,True,0.0111494,0.00150322,0.00934193,True
31,1,3,F3,0.08752253,0.02780857,0.09399307,0.5,0.5,"[0, 8]",1.0,True,0.0111494,0.00150322,0.00934193,True
31,1,4,F4,0.09768693,0.01285399,0.10764491,0.5,0.5,"[0, 8]",1.0,True,0.0111494,0.00150322,0.00934193,True
31,1,5,F7,0.08429894,0.08134145,0.09751028,0.5,0.5,"[0, 8]",1.0,True,0.0111494,0.00150322,0.00934193,True
31,1,6,F8,0.07742921,-0.02858914,0.0785172,0.5,0.5,"[0, 8]",1.0,True,0.0111494,0.00150322,0.00934193,True
31,1,7,FCz,0.09823389,0.09823389,0.11372565,0.5,0.5,"[0, 8]",1.0,True,0.0111494,0.00150322,0.00934193,True
31,1,8,FC3,0.0309501,0.00525352,0.03836561,0.5,0.5,"[0, 8]",1.0,True,0.0111494,0.00150322,0.00934193,True
31,1,9,FC4,0.05767786,-0.05767786,0.07592312,0.5,0.5,"[0, 8]",1.0,True,0.0111494,0.00150322,0.00934193,True
31,1,10,FT7,0.09088632,-0.05856627,0.10391239,0.5,0.5,"[0, 8]",1.0,True,0.0111494,0.00150322,0.00934193,True
31,1,11,FT8,0.08003522,-0.00313599,0.09702501,0.5,0.5,"[0, 8]",1.0,True,0.0111494,0.00150322,0.00934193,True
31,1,12,Cz,0.07668374,0.07456772,0.09180658,0.5,0.5,"[0, 8]",1.0,True,0.0111494,0.00150322,0.00934193,True
31,1,13,C3,0.11549995,0.0732359,0.11781427,0.5,0.5,"[0, 8]",1.0,True,0.0111494,0.00150322,0.00934193,True
31,1,14,C4,0.08600016,-0.07471828,0.09608766,0.5,0.5,"[0, 8]",1.0,True,0.0111494,0.00150322,0.00934193,True
31,1,15,T3,0.12772205,0.12772205,0.13299742,0.5,0.5,"[0, 8]",1.0,True,0.0111494,0.00150322,0.00934193,True
31,1,16,T4,0.12165132,0.01280562,0.13426985,0.5,0.5,"[0, 8]",1.0,True,0.0111494,0.00150322,0.00934193,True
31,1,17,CP3,0.12168147,0.03264211,0.14006686,0.5,0.5,"[0, 8]",1.0,True,0.0111494,0.00150322,0.00934193,True
31,1,18,CP4,0.11158114,0.03440678,0.12810782,0.5,0.5,"[0, 8]",1.0,True,0.0111494,0.00150322,0.00934193,True
31,1,19,TP7,0.08495507,-0.01811821,0.0948949,0.5,0.5,"[0, 8]",1.0,True,0.0111494,0.00150322,0.00934193,True
31,1,20,TP8,0.08960491,-0.0597943,0.1089676,0.5,0.5,"[0, 8]",1.0,True,0.0111494,0.00150322,0.00934193,True
31,1,21,Pz,0.15398927,0.00641544,0.1541747,0.5,0.5,"[0, 8]",1.0,True,0.0111494,0.00150322,0.00934193,True
31,1,22,P3,0.10858862,0.10858862,0.11792115,0.5,0.5,"[0, 8]",1.0,True,0.0111494,0.00150322,0.00934193,True
31,1,23,P4,0.10474846,-0.0935456,0.11690924,0.5,0.5,"[0, 8]",1.0,True,0.0111494,0.00150322,0.00934193,True
31,1,24,T5,0.10541558,0.07336927,0.11451916,0.5,0.5,"[0, 8]",1.0,True,0.0111494,0.00150322,0.00934193,True
31,1,25,T6,0.08009499,-0.06199548,0.09142285,0.5,0.5,"[0, 8]",1.0,True,0.0111494,0.00150322,0.00934193,True
31,1,26,Oz,0.07807086,0.04211877,0.0804283,0.5,0.5,"[0, 8]",1.0,True,0.0111494,0.00150322,0.00934193,True
31,1,27,O1,0.12194666,0.05660251,0.13216382,0.5,0.5,"[0, 8]",1.0,True,0.0111494,0.00150322,0.00934193,True
31,1,28,O2,0.14362945,-0.02385828,0.14630723,0.5,0.5,"[0, 8]",1.0,True,0.0111494,0.00150322,0.00934193,True
31,2,0,Fp1,0.10923597,-0.09596343,0.12209759,0.625,0.625,"[1, 7]",0.875,False,0.0124395,0.0014884,0.01042289,True
31,2,1,Fp2,0.07753484,0.06034558,0.09512364,0.625,0.625,"[1, 7]",0.875,False,0.0124395,0.0014884,0.01042289,True
31,2,2,Fz,0.10419173,-0.09922221,0.11798148,0.625,0.625,"[1, 7]",0.875,False,0.0124395,0.0014884,0.01042289,True
31,2,3,F3,0.08742712,0.02774851,0.09392901,0.625,0.625,"[1, 7]",0.875,False,0.0124395,0.0014884,0.01042289,True
31,2,4,F4,0.09713665,0.0127381,0.10720077,0.625,0.625,"[1, 7]",0.875,False,0.0124395,0.0014884,0.01042289,True
31,2,5,F7,0.08400864,0.08085506,0.09717194,0.625,0.625,"[1, 7]",0.875,False,0.0124395,0.0014884,0.01042289,True
31,2,6,F8,0.07798655,-0.02906737,0.07908976,0.625,0.625,"[1, 7]",0.875,False,0.0124395,0.0014884,0.01042289,True
31,2,7,FCz,0.09800025,0.09800025,0.11341664,0.625,0.625,"[1, 7]",0.875,False,0.0124395,0.0014884,0.01042289,True
31,2,8,FC3,0.03084339,0.00546461,0.03827918,0.625,0.625,"[1, 7]",0.875,False,0.0124395,0.0014884,0.01042289,True
31,2,9,FC4,0.05771077,-0.05771077,0.07592949,0.625,0.625,"[1, 7]",0.875,False,0.0124395,0.0014884,0.01042289,True
31,2,10,FT7,0.09054364,-0.05888521,0.10364456,0.625,0.625,"[1, 7]",0.875,False,0.0124395,0.0014884,0.01042289,True
31,2,11,FT8,0.08017468,-0.00325687,0.09718475,0.625,0.625,"[1, 7]",0.875,False,0.0124395,0.0014884,0.01042289,True
31,2,12,Cz,0.07676708,0.07466757,0.09208328,0.625,0.625,"[1, 7]",0.875,False,0.0124395,0.0014884,0.01042289,True
31,2,13,C3,0.11482218,0.07282123,0.11723001,0.625,0.625,"[1, 7]",0.875,False,0.0124395,0.0014884,0.01042289,True
31,2,14,C4,0.0860699,-0.07500263,0.09615086,0.625,0.625,"[1, 7]",0.875,False,0.0124395,0.0014884,0.01042289,True
31,2,15,T3,0.12735727,0.12735727,0.13283449,0.625,0.625,"[1, 7]",0.875,False,0.0124395,0.0014884,0.01042289,True
31,2,16,T4,0.12173956,0.01293466,0.13459456,0.625,0.625,"[1, 7]",0.875,False,0.0124395,0.0014884,0.01042289,True
31,2,17,CP3,0.12069325,0.03195956,0.13910133,0.625,0.625,"[1, 7]",0.875,False,0.0124395,0.0014884,0.01042289,True
31,2,18,CP4,0.1110103,0.03436385,0.12753701,0.625,0.625,"[1, 7]",0.875,False,0.0124395,0.0014884,0.01042289,True
31,2,19,TP7,0.08512045,-0.01879567,0.09506374,0.625,0.625,"[1, 7]",0.875,False,0.0124395,0.0014884,0.01042289,True
31,2,20,TP8,0.08984476,-0.05987477,0.1092305,0.625,0.625,"[1, 7]",0.875,False,0.0124395,0.0014884,0.01042289,True
31,2,21,Pz,0.15307999,0.00667709,0.15330169,0.625,0.625,"[1, 7]",0.875,False,0.0124395,0.0014884,0.01042289,True
31,2,22,P3,0.10823341,0.10823341,0.11777046,0.625,0.625,"[1, 7]",0.875,False,0.0124395,0.0014884,0.01042289,True
31,2,23,P4,0.10412619,-0.09305202,0.11623675,0.625,0.625,"[1, 7]",0.875,False,0.0124395,0.0014884,0.01042289,True
31,2,24,T5,0.1049263,0.07324174,0.11399833,0.625,0.625,"[1, 7]",0.875,False,0.0124395,0.0014884,0.01042289,True
31,2,25,T6,0.08069858,-0.061561,0.09155614,0.625,0.625,"[1, 7]",0.875,False,0.0124395,0.0014884,0.01042289,True
31,2,26,Oz,0.07900232,0.04296235,0.08136016,0.625,0.625,"[1, 7]",0.875,False,0.0124395,0.0014884,0.01042289,True
31,2,27,O1,0.12211421,0.05704245,0.13233377,0.625,0.625,"[1, 7]",0.875,False,0.0124395,0.0014884,0.01042289,True
31,2,28,O2,0.14466813,-0.02309435,0.14720164,0.625,0.625,"[1, 7]",0.875,False,0.0124395,0.0014884,0.01042289,True
31,3,0,Fp1,0.10980675,-0.0957012,0.12251919,0.5,0.5,"[0, 8]",1.0,True,0.00323103,0.00030001,0.00270723,True
31,3,1,Fp2,0.07780819,0.06146018,0.09525443,0.5,0.5,"[0, 8]",1.0,True,0.00323103,0.00030001,0.00270723,True
31,3,2,Fz,0.10400175,-0.0981815,0.11735866,0.5,0.5,"[0, 8]",1.0,True,0.00323103,0.00030001,0.00270723,True
31,3,3,F3,0.08792067,0.0275632,0.0947483,0.5,0.5,"[0, 8]",1.0,True,0.00323103,0.00030001,0.00270723,True
31,3,4,F4,0.09768283,0.01250003,0.10789617,0.5,0.5,"[0, 8]",1.0,True,0.00323103,0.00030001,0.00270723,True
31,3,5,F7,0.08395586,0.08167676,0.09758609,0.5,0.5,"[0, 8]",1.0,True,0.00323103,0.00030001,0.00270723,True
31,3,6,F8,0.07749207,-0.02935645,0.0784442,0.5,0.5,"[0, 8]",1.0,True,0.00323103,0.00030001,0.00270723,True
31,3,7,FCz,0.09908286,0.09908286,0.11444441,0.5,0.5,"[0, 8]",1.0,True,0.00323103,0.00030001,0.00270723,True
31,3,8,FC3,0.03114025,0.00602215,0.03788214,0.5,0.5,"[0, 8]",1.0,True,0.00323103,0.00030001,0.00270723,True
31,3,9,FC4,0.05804174,-0.05804174,0.07621269,0.5,0.5,"[0, 8]",1.0,True,0.00323103,0.00030001,0.00270723,True
31,3,10,FT7,0.0904198,-0.05837623,0.10387492,0.5,0.5,"[0, 8]",1.0,True,0.00323103,0.00030001,0.00270723,True
31,3,11,FT8,0.07994119,-0.0036878,0.09713785,0.5,0.5,"[0, 8]",1.0,True,0.00323103,0.00030001,0.00270723,True
31,3,12,Cz,0.07720224,0.07568366,0.09273551,0.5,0.5,"[0, 8]",1.0,True,0.00323103,0.00030001,0.00270723,True
31,3,13,C3,0.11508091,0.07251649,0.11731424,0.5,0.5,"[0, 8]",1.0,True,0.00323103,0.00030001,0.00270723,True
31,3,14,C4,0.08595485,-0.0752746,0.09636231,0.5,0.5,"[0, 8]",1.0,True,0.00323103,0.00030001,0.00270723,True
31,3,15,T3,0.12673478,0.12673478,0.13191345,0.5,0.5,"[0, 8]",1.0,True,0.00323103,0.00030001,0.00270723,True
31,3,16,T4,0.12223759,0.01316596,0.1345841,0.5,0.5,"[0, 8]",1.0,True,0.00323103,0.00030001,0.00270723,True
31,3,17,CP3,0.12112439,0.03294354,0.13963905,0.5,0.5,"[0, 8]",1.0,True,0.00323103,0.00030001,0.00270723,True
31,3,18,CP4,0.11108312,0.03450948,0.1277314,0.5,0.5,"[0, 8]",1.0,True,0.00323103,0.00030001,0.00270723,True
31,3,19,TP7,0.08427772,-0.01858149,0.09419105,0.5,0.5,"[0, 8]",1.0,True,0.00323103,0.00030001,0.00270723,True
31,3,20,TP8,0.08896946,-0.0594634,0.10819637,0.5,0.5,"[0, 8]",1.0,True,0.00323103,0.00030001,0.00270723,True
31,3,21,Pz,0.153189,0.00658239,0.15337671,0.5,0.5,"[0, 8]",1.0,True,0.00323103,0.00030001,0.00270723,True
31,3,22,P3,0.10830744,0.10830744,0.11757708,0.5,0.5,"[0, 8]",1.0,True,0.00323103,0.00030001,0.00270723,True
31,3,23,P4,0.10481341,-0.09316531,0.11686991,0.5,0.5,"[0, 8]",1.0,True,0.00323103,0.00030001,0.00270723,True
31,3,24,T5,0.10515555,0.07358882,0.11458736,0.5,0.5,"[0, 8]",1.0,True,0.00323103,0.00030001,0.00270723,True
31,3,25,T6,0.0811255,-0.06250653,0.09237628,0.5,0.5,"[0, 8]",1.0,True,0.00323103,0.00030001,0.00270723,True
31,3,26,Oz,0.07747076,0.04226759,0.07987621,0.5,0.5,"[0, 8]",1.0,True,0.00323103,0.00030001,0.00270723,True
31,3,27,O1,0.12171213,0.05608303,0.13198176,0.5,0.5,"[0, 8]",1.0,True,0.00323103,0.00030001,0.00270723,True
31,3,28,O2,0.14399138,-0.02383954,0.14672215,0.5,0.5,"[0, 8]",1.0,True,0.00323103,0.00030001,0.00270723,True
31,4,0,Fp1,0.10965674,-0.0958512,0.12240008,0.5,0.5,"[0, 8]",1.0,True,0.00323102,0.00030001,0.00270723,True
31,4,1,Fp2,0.07795819,0.06131018,0.09547227,0.5,0.5,"[0, 8]",1.0,True,0.00323102,0.00030001,0.00270723,True
31,4,2,Fz,0.10400176,-0.09848148,0.11749455,0.5,0.5,"[0, 8]",1.0,True,0.00323102,0.00030001,0.00270723,True
31,4,3,F3,0.08762068,0.02726321,0.09445382,0.5,0.5,"[0, 8]",1.0,True,0.00323102,0.00030001,0.00270723,True
31,4,4,F4,0.09753284,0.01235002,0.10777884,0.5,0.5,"[0, 8]",1.0,True,0.00323102,0.00030001,0.00270723,True
31,4,5,F7,0.08380587,0.08152676,0.09744392,0.5,0.5,"[0, 8]",1.0,True,0.00323102,0.00030001,0.00270723,True
31,4,6,F8,0.07749207,-0.02905646,0.0785089,0.5,0.5,"[0, 8]",1.0,True,0.00323102,0.00030001,0.00270723,True
31,4,7,FCz,0.0987829,0.0987829,0.11407588,0.5,0.5,"[0, 8]",1.0,True,0.00323102,0.00030001,0.00270723,True
31,4,8,FC3,0.03099027,0.00587213,0.03782075,0.5,0.5,"[0, 8]",1.0,True,0.00323102,0.00030001,0.00270723,True
31,4,9,FC4,0.05774175,-0.05774175,0.07610068,0.5,0.5,"[0, 8]",1.0,True,0.00323102,0.00030001,0.00270723,True
31,4,10,FT7,0.09041981,-0.05837623,0.10387494,0.5,0.5,"[0, 8]",1.0,True,0.00323102,0.00030001,0.00270723,True
31,4,11,FT8,0.08024119,-0.00338779,0.09720459,0.5,0.5,"[0, 8]",1.0,True,0.00323102,0.00030001,0.00270723,True
31,4,12,Cz,0.07705224,0.07553366,0.09257617,0.5,0.5,"[0, 8]",1.0,True,0.00323102,0.00030001,0.00270723,True
31,4,13,C3,0.11508091,0.07251649,0.11731424,0.5,0.5,"[0, 8]",1.0,True,0.00323102,0.00030001,0.00270723,True
31,4,14,C4,0.08550487,-0.0751246,0.09593772,0.5,0.5,"[0, 8]",1.0,True,0.00323102,0.00030001,0.00270723,True
31,4,15,T3,0.12688479,0.12688479,0.1321917,0.5,0.5,"[0, 8]",1.0,True,0.00323102,0.00030001,0.00270723,True
31,4,16,T4,0.12208757,0.01331597,0.13452925,0.5,0.5,"[0, 8]",1.0,True,0.00323102,0.00030001,0.00270723,True
31,4,17,CP3,0.12112439,0.03294355,0.13963905,0.5,0.5,"[0, 8]",1.0,True,0.00323102,0.00030001,0.00270723,True
31,4,18,CP4,0.11093314,0.0343595,0.12751548,0.5,0.5,"[0, 8]",1.0,True,0.00323102,0.00030001,0.00270723,True
31,4,19,TP7,0.0847277,-0.01873148,0.09464591,0.5,0.5,"[0, 8]",1.0,True,0.00323102,0.00030001,0.00270723,True
31,4,20,TP8,0.08941945,-0.0593134,0.10851118,0.5,0.5,"[0, 8]",1.0,True,0.00323102,0.00030001,0.00270723,True
31,4,21,Pz,0.153189,0.0065824,0.1533767,0.5,0.5,"[0, 8]",1.0,True,0.00323102,0.00030001,0.00270723,True
31,4,22,P3,0.10845742,0.10845742,0.11764506,0.5,0.5,"[0, 8]",1.0,True,0.00323102,0.00030001,0.00270723,True
31,4,23,P4,0.10466342,-0.09301531,0.11665668,0.5,0.5,"[0, 8]",1.0,True,0.00323102,0.00030001,0.00270723,True
31,4,24,T5,0.10500558,0.07313886,0.11427675,0.5,0.5,"[0, 8]",1.0,True,0.00323102,0.00030001,0.00270723,True
31,4,25,T6,0.08082549,-0.06220653,0.09211184,0.5,0.5,"[0, 8]",1.0,True,0.00323102,0.00030001,0.00270723,True
31,4,26,Oz,0.07777076,0.04226759,0.08010387,0.5,0.5,"[0, 8]",1.0,True,0.00323102,0.00030001,0.00270723,True
31,4,27,O1,0.12171213,0.05608303,0.13214338,0.5,0.5,"[0, 8]",1.0,True,0.00323102,0.00030001,0.00270723,True
31,4,28,O2,0.14414138,-0.02368953,0.14683008,0.5,0.5,"[0, 8]",1.0,True,0.00323102,0.00030001,0.00270723,True
31,5,0,Fp1,0.11114233,-0.09562255,0.12343884,0.5,0.5,"[0, 8]",1.0,True,0.03364489,0.0048805,0.02819059,True
31,5,1,Fp2,0.07541054,0.06013284,0.0927166,0.5,0.5,"[0, 8]",1.0,True,0.03364489,0.0048805,0.02819059,True
31,5,2,Fz,0.10583118,-0.09772067,0.1185682,0.5,0.5,"[0, 8]",1.0,True,0.03364489,0.0048805,0.02819059,True
31,5,3,F3,0.08944702,0.0285478,0.09564059,0.5,0.5,"[0, 8]",1.0,True,0.03364489,0.0048805,0.02819059,True
31,5,4,F4,0.09906986,0.0136516,0.10889881,0.5,0.5,"[0, 8]",1.0,True,0.03364489,0.0048805,0.02819059,True
31,5,5,F7,0.0825004,0.07985456,0.09629106,0.5,0.5,"[0, 8]",1.0,True,0.03364489,0.0048805,0.02819059,True
31,5,6,F8,0.07680484,-0.03073389,0.07742775,0.5,0.5,"[0, 8]",1.0,True,0.03364489,0.0048805,0.02819059,True
31,5,7,FCz,0.0988788,0.0988788,0.11556958,0.5,0.5,"[0, 8]",1.0,True,0.03364489,0.0048805,0.02819059,True
31,5,8,FC3,0.03149194,0.00601825,0.03956225,0.5,0.5,"[0, 8]",1.0,True,0.03364489,0.0048805,0.02819059,True
31,5,9,FC4,0.05846533,-0.05846533,0.07568281,0.5,0.5,"[0, 8]",1.0,True,0.03364489,0.0048805,0.02819059,True
31,5,10,FT7,0.09328285,-0.06059034,0.10629507,0.5,0.5,"[0, 8]",1.0,True,0.03364489,0.0048805,0.02819059,True
31,5,11,FT8,0.07753138,-0.00355603,0.09518994,0.5,0.5,"[0, 8]",1.0,True,0.03364489,0.0048805,0.02819059,True
31,5,12,Cz,0.07727549,0.07381012,0.091567,0.5,0.5,"[0, 8]",1.0,True,0.03364489,0.0048805,0.02819059,True
31,5,13,C3,0.11611339,0.07579622,0.11903485,0.5,0.5,"[0, 8]",1.0,True,0.03364489,0.0048805,0.02819059,True
31,5,14,C4,0.0862641,-0.07500595,0.09685318,0.5,0.5,"[0, 8]",1.0,True,0.03364489,0.0048805,0.02819059,True
31,5,15,T3,0.12806171,0.12806171,0.13282531,0.5,0.5,"[0, 8]",1.0,True,0.03364489,0.0048805,0.02819059,True
31,5,16,T4,0.12054357,0.01070372,0.13233465,0.5,0.5,"[0, 8]",1.0,True,0.03364489,0.0048805,0.02819059,True
31,5,17,CP3,0.12060364,0.0332876,0.14025506,0.5,0.5,"[0, 8]",1.0,True,0.03364489,0.0048805,0.02819059,True
31,5,18,CP4,0.11005102,0.0316181,0.1265655,0.5,0.5,"[0, 8]",1.0,True,0.03364489,0.0048805,0.02819059,True
31,5,19,TP7,0.08222387,-0.01813694,0.09203018,0.5,0.5,"[0, 8]",1.0,True,0.03364489,0.0048805,0.02819059,True
31,5,20,TP8,0.08892919,-0.06241349,0.10989267,0.5,0.5,"[0, 8]",1.0,True,0.03364489,0.0048805,0.02819059,True
31,5,21,Pz,0.15453711,0.00513119,0.15476163,0.5,0.5,"[0, 8]",1.0,True,0.03364489,0.0048805,0.02819059,True
31,5,22,P3,0.10836607,0.10836607,0.11747416,0.5,0.5,"[0, 8]",1.0,True,0.03364489,0.0048805,0.02819059,True
31,5,23,P4,0.10358016,-0.09409716,0.11679119,0.5,0.5,"[0, 8]",1.0,True,0.03364489,0.0048805,0.02819059,True
31,5,24,T5,0.10203246,0.07242344,0.11239055,0.5,0.5,"[0, 8]",1.0,True,0.03364489,0.0048805,0.02819059,True
31,5,25,T6,0.07987069,-0.06139754,0.09075983,0.5,0.5,"[0, 8]",1.0,True,0.03364489,0.0048805,0.02819059,True
31,5,26,Oz,0.07947534,0.04394597,0.08195746,0.5,0.5,"[0, 8]",1.0,True,0.03364489,0.0048805,0.02819059,True
31,5,27,O1,0.12305963,0.05593529,0.13322768,0.5,0.5,"[0, 8]",1.0,True,0.03364489,0.0048805,0.02819059,True
31,5,28,O2,0.14428365,-0.0227472,0.14666069,0.5,0.5,"[0, 8]",1.0,True,0.03364489,0.0048805,0.02819059,True
32,1,0,Fp1,0.10995674,-0.09585121,0.1227093,0.5,0.5,"[0, 8]",1.0,True,0.00323097,0.00030001,0.00270719,True
32,1,1,Fp2,0.07765819,0.06131019,0.0951886,0.5,0.5,"[0, 8]",1.0,True,0.00323097,0.00030001,0.00270719,True
32,1,2,Fz,0.10400175,-0.0981815,0.11735866,0.5,0.5,"[0, 8]",1.0,True,0.00323097,0.00030001,0.00270719,True
32,1,3,F3,0.08777066,0.0274132,0.09452512,0.5,0.5,"[0, 8]",1.0,True,0.00323097,0.00030001,0.00270719,True
32,1,4,F4,0.09768284,0.01250003,0.10796414,0.5,0.5,"[0, 8]",1.0,True,0.00323097,0.00030001,0.00270719,True
32,1,5,F7,0.08395586,0.08137676,0.0974514,0.5,0.5,"[0, 8]",1.0,True,0.00323097,0.00030001,0.00270719,True
32,1,6,F8,0.07779206,-0.02935645,0.07877915,0.5,0.5,"[0, 8]",1.0,True,0.00323097,0.00030001,0.00270719,True
32,1,7,FCz,0.09893289,0.09893289,0.1143099,0.5,0.5,"[0, 8]",1.0,True,0.00323097,0.00030001,0.00270719,True
32,1,8,FC3,0.03084028,0.00602213,0.03746835,0.5,0.5,"[0, 8]",1.0,True,0.00323097,0.00030001,0.00270719,True
32,1,9,FC4,0.05774175,-0.05774175,0.07610068,0.5,0.5,"[0, 8]",1.0,True,0.00323097,0.00030001,0.00270719,True
32,1,10,FT7,0.09071979,-0.05837622,0.10422609,0.5,0.5,"[0, 8]",1.0,True,0.00323097,0.00030001,0.00270719,True
32,1,11,FT8,0.08024119,-0.0033878,0.09720459,0.5,0.5,"[0, 8]",1.0,True,0.00323097,0.00030001,0.00270719,True
32,1,12,Cz,0.07720224,0.07568366,0.0926068,0.5,0.5,"[0, 8]",1.0,True,0.00323097,0.00030001,0.00270719,True
32,1,13,C3,0.1152309,0.07236648,0.11740208,0.5,0.5,"[0, 8]",1.0,True,0.00323097,0.00030001,0.00270719,True
32,1,14,C4,0.08580472,-0.07512444,0.09625238,0.5,0.5,"[0, 8]",1.0,True,0.00323097,0.00030001,0.00270719,True
32,1,15,T3,0.12673478,0.12673478,0.13191344,0.5,0.5,"[0, 8]",1.0,True,0.00323097,0.00030001,0.00270719,True
32,1,16,T4,0.1220876,0.01331595,0.13452928,0.5,0.5,"[0, 8]",1.0,True,0.00323097,0.00030001,0.00270719,True
32,1,17,CP3,0.12142439,0.03294355,0.13978048,0.5,0.5,"[0, 8]",1.0,True,0.00323097,0.00030001,0.00270719,True
32,1,18,CP4,0.11078313,0.03450949,0.12752815,0.5,0.5,"[0, 8]",1.0,True,0.00323097,0.00030001,0.00270719,True
32,1,19,TP7,0.08442771,-0.01873149,0.094437,0.5,0.5,"[0, 8]",1.0,True,0.00323097,0.00030001,0.00270719,True
32,1,20,TP8,0.08881947,-0.05931341,0.1080173,0.5,0.5,"[0, 8]",1.0,True,0.00323097,0.00030001,0.00270719,True
32,1,21,Pz,0.15303901,0.0067324,0.15322246,0.5,0.5,"[0, 8]",1.0,True,0.00323097,0.00030001,0.00270719,True
32,1,22,P3,0.10800745,0.10800745,0.11716045,0.5,0.5,"[0, 8]",1.0,True,0.00323097,0.00030001,0.00270719,True
32,1,23,P4,0.10466341,-0.09301531,0.11664271,0.5,0.5,"[0, 8]",1.0,True,0.00323097,0.00030001,0.00270719,True
32,1,24,T5,0.10500555,0.07313883,0.11440592,0.5,0.5,"[0, 8]",1.0,True,0.00323097,0.00030001,0.00270719,True
32,1,25,T6,0.08112549,-0.06250653,0.09237628,0.5,0.5,"[0, 8]",1.0,True,0.00323097,0.00030001,0.00270719,True
32,1,26,Oz,0.07777075,0.04226759,0.08010386,0.5,0.5,"[0, 8]",1.0,True,0.00323097,0.00030001,0.00270719,True
32,1,27,O1,0.12201212,0.05608303,0.13244222,0.5,0.5,"[0, 8]",1.0,True,0.00323097,0.00030001,0.00270719,True
32,1,28,O2,0.14399138,-0.02383952,0.14672215,0.5,0.5,"[0, 8]",1.0,True,0.00323097,0.00030001,0.00270719,True
32,2,0,Fp1,0.10980675,-0.0957012,0.12251034,0.625,0.625,"[1, 7]",0.875,False,0.00323087,0.00030001,0.00270711,True
32,2,1,Fp2,0.07765819,0.06131018,0.0951886,0.625,0.625,"[1, 7]",0.875,False,0.00323087,0.00030001,0.00270711,True
32,2,2,Fz,0.10400175,-0.09818149,0.11735866,0.625,0.625,"[1, 7]",0.875,False,0.00323087,0.00030001,0.00270711,True
32,2,3,F3,0.08762062,0.02756315,0.09433385,0.625,0.625,"[1, 7]",0.875,False,0.00323087,0.00030001,0.00270711,True
32,2,4,F4,0.09783283,0.01265002,0.10802443,0.625,0.625,"[1, 7]",0.875,False,0.00323087,0.00030001,0.00270711,True
32,2,5,F7,0.08410586,0.08182675,0.097735,0.625,0.625,"[1, 7]",0.875,False,0.00323087,0.00030001,0.00270711,True
32,2,6,F8,0.07764204,-0.02920642,0.07865962,0.625,0.625,"[1, 7]",0.875,False,0.00323087,0.00030001,0.00270711,True
32,2,7,FCz,0.09908289,0.09908289,0.11444443,0.625,0.625,"[1, 7]",0.875,False,0.00323087,0.00030001,0.00270711,True
32,2,8,FC3,0.03099027,0.00617212,0.03748643,0.625,0.625,"[1, 7]",0.875,False,0.00323087,0.00030001,0.00270711,True
32,2,9,FC4,0.05774175,-0.05774175,0.07610068,0.625,0.625,"[1, 7]",0.875,False,0.00323087,0.00030001,0.00270711,True
32,2,10,FT7,0.09056979,-0.05822623,0.1041398,0.625,0.625,"[1, 7]",0.875,False,0.00323087,0.00030001,0.00270711,True
32,2,11,FT8,0.08024118,-0.0033878,0.09720459,0.625,0.625,"[1, 7]",0.875,False,0.00323087,0.00030001,0.00270711,True
32,2,12,Cz,0.07735223,0.07583365,0.09283859,0.625,0.625,"[1, 7]",0.875,False,0.00323087,0.00030001,0.00270711,True
32,2,13,C3,0.11523076,0.07236636,0.11740194,0.625,0.625,"[1, 7]",0.875,False,0.00323087,0.00030001,0.00270711,True
32,2,14,C4,0.08580483,-0.07512456,0.09625254,0.625,0.625,"[1, 7]",0.875,False,0.00323087,0.00030001,0.00270711,True
32,2,15,T3,0.12658478,0.12658478,0.13177954,0.625,0.625,"[1, 7]",0.875,False,0.00323087,0.00030001,0.00270711,True
32,2,16,T4,0.12238759,0.01331595,0.1347903,0.625,0.625,"[1, 7]",0.875,False,0.00323087,0.00030001,0.00270711,True
32,2,17,CP3,0.12112442,0.03294353,0.13946527,0.625,0.625,"[1, 7]",0.875,False,0.00323087,0.00030001,0.00270711,True
32,2,18,CP4,0.11093313,0.03465948,0.12763049,0.625,0.625,"[1, 7]",0.875,False,0.00323087,0.00030001,0.00270711,True
32,2,19,TP7,0.08427772,-0.01888149,0.09435536,0.625,0.625,"[1, 7]",0.875,False,0.00323087,0.00030001,0.00270711,True
32,2,20,TP8,0.08896948,-0.05946342,0.10825005,0.625,0.625,"[1, 7]",0.875,False,0.00323087,0.00030001,0.00270711,True
32,2,21,Pz,0.15288904,0.00658243,0.15307522,0.625,0.625,"[1, 7]",0.875,False,0.00323087,0.00030001,0.00270711,True
32,2,22,P3,0.10830743,0.10830743,0.11743118,0.625,0.625,"[1, 7]",0.875,False,0.00323087,0.00030001,0.00270711,True
32,2,23,P4,0.10481337,-0.09286534,0.11667305,0.625,0.625,"[1, 7]",0.875,False,0.00323087,0.00030001,0.00270711,True
32,2,24,T5,0.10500555,0.07313883,0.11440592,0.625,0.625,"[1, 7]",0.875,False,0.00323087,0.00030001,0.00270711,True
32,2,25,T6,0.08112549,-0.06250653,0.09237628,0.625,0.625,"[1, 7]",0.875,False,0.00323087,0.00030001,0.00270711,True
32,2,26,Oz,0.07762083,0.04211766,0.08004233,0.625,0.625,"[1, 7]",0.875,False,0.00323087,0.00030001,0.00270711,True
32,2,27,O1,0.12171213,0.05578304,0.13208489,0.625,0.625,"[1, 7]",0.875,False,0.00323087,0.00030001,0.00270711,True
32,2,28,O2,0.14414138,-0.02368954,0.14683008,0.625,0.625,"[1, 7]",0.875,False,0.00323087,0.00030001,0.00270711,True
32,3,0,Fp1,0.10980676,-0.09570123,0.12251034,0.5,0.5,"[0, 8]",1.0,True,0.0032309,0.00030001,0.00270713,True
32,3,1,Fp2,0.0775082,0.06116019,0.09508537,0.5,0.5,"[0, 8]",1.0,True,0.0032309,0.00030001,0.00270713,True
32,3,2,Fz,0.10385176,-0.0983315,0.11734444,0.5,0.5,"[0, 8]",1.0,True,0.0032309,0.00030001,0.00270713,True
32,3,3,F3,0.08777068,0.02741321,0.09465111,0.5,0.5,"[0, 8]",1.0,True,0.0032309,0.00030001,0.00270713,True
32,3,4,F4,0.09753284,0.01235003,0.10784688,0.5,0.5,"[0, 8]",1.0,True,0.0032309,0.00030001,0.00270713,True
32,3,5,F7,0.08410585,0.08182675,0.097735,0.5,0.5,"[0, 8]",1.0,True,0.0032309,0.00030001,0.00270713,True
32,3,6,F8,0.07764208,-0.02920648,0.07862864,0.5,0.5,"[0, 8]",1.0,True,0.0032309,0.00030001,0.00270713,True
32,3,7,FCz,0.0987829,0.0987829,0.11416791,0.5,0.5,"[0, 8]",1.0,True,0.0032309,0.00030001,0.00270713,True
32,3,8,FC3,0.03099027,0.00617212,0.03748643,0.5,0.5,"[0, 8]",1.0,True,0.0032309,0.00030001,0.00270713,True
32,3,9,FC4,0.05789177,-0.05789177,0.07611102,0.5,0.5,"[0, 8]",1.0,True,0.0032309,0.00030001,0.00270713,True
32,3,10,FT7,0.09041978,-0.05837622,0.10404701,0.5,0.5,"[0, 8]",1.0,True,0.0032309,0.00030001,0.00270713,True
32,3,11,FT8,0.0800912,-0.00323781,0.0971603,0.5,0.5,"[0, 8]",1.0,True,0.0032309,0.00030001,0.00270713,True
32,3,12,Cz,0.07690224,0.07568365,0.09249902,0.5,0.5,"[0, 8]",1.0,True,0.0032309,0.00030001,0.00270713,True
32,3,13,C3,0.11523108,0.07236667,0.11740226,0.5,0.5,"[0, 8]",1.0,True,0.0032309,0.00030001,0.00270713,True
32,3,14,C4,0.08565488,-0.0749746,0.09605505,0.5,0.5,"[0, 8]",1.0,True,0.0032309,0.00030001,0.00270713,True
32,3,15,T3,0.1264348,0.1264348,0.13169742,0.5,0.5,"[0, 8]",1.0,True,0.0032309,0.00030001,0.00270713,True
32,3,16,T4,0.12238759,0.01331595,0.1347903,0.5,0.5,"[0, 8]",1.0,True,0.0032309,0.00030001,0.00270713,True
32,3,17,CP3,0.12082441,0.03294353,0.13925958,0.5,0.5,"[0, 8]",1.0,True,0.0032309,0.00030001,0.00270713,True
32,3,18,CP4,0.11108311,0.03480947,0.12765412,0.5,0.5,"[0, 8]",1.0,True,0.0032309,0.00030001,0.00270713,True
32,3,19,TP7,0.08427772,-0.01888149,0.09435536,0.5,0.5,"[0, 8]",1.0,True,0.0032309,0.00030001,0.00270713,True
32,3,20,TP8,0.08896947,-0.05946339,0.10825004,0.5,0.5,"[0, 8]",1.0,True,0.0032309,0.00030001,0.00270713,True
32,3,21,Pz,0.153189,0.00688239,0.15338312,0.5,0.5,"[0, 8]",1.0,True,0.0032309,0.00030001,0.00270713,True
32,3,22,P3,0.10800745,0.10800745,0.11718976,0.5,0.5,"[0, 8]",1.0,True,0.0032309,0.00030001,0.00270713,True
32,3,23,P4,0.10466342,-0.0930153,0.11671545,0.5,0.5,"[0, 8]",1.0,True,0.0032309,0.00030001,0.00270713,True
32,3,24,T5,0.10485555,0.07328882,0.11432271,0.5,0.5,"[0, 8]",1.0,True,0.0032309,0.00030001,0.00270713,True
32,3,25,T6,0.08127549,-0.06235653,0.09243721,0.5,0.5,"[0, 8]",1.0,True,0.0032309,0.00030001,0.00270713,True
32,3,26,Oz,0.07762076,0.04241759,0.07997135,0.5,0.5,"[0, 8]",1.0,True,0.0032309,0.00030001,0.00270713,True
32,3,27,O1,0.12216211,0.05623303,0.13248841,0.5,0.5,"[0, 8]",1.0,True,0.0032309,0.00030001,0.00270713,True
32,3,28,O2,0.14414138,-0.02368953,0.14686039,0.5,0.5,"[0, 8]",1.0,True,0.0032309,0.00030001,0.00270713,True
32,4,0,Fp1,0.10995674,-0.09585121,0.1227093,0.375,0.375,"[1, 7]",0.875,False,0.00323102,0.00030001,0.00270723,True
32,4,1,Fp2,0.07765819,0.06131018,0.0951886,0.375,0.375,"[1, 7]",0.875,False,0.00323102,0.00030001,0.00270723,True
32,4,2,Fz,0.10385176,-0.0983315,0.11734417,0.375,0.375,"[1, 7]",0.875,False,0.00323102,0.00030001,0.00270723,True
32,4,3,F3,0.08777068,0.02741321,0.09465111,0.375,0.375,"[1, 7]",0.875,False,0.00323102,0.00030001,0.00270723,True
32,4,4,F4,0.09753284,0.01235003,0.10784689,0.375,0.375,"[1, 7]",0.875,False,0.00323102,0.00030001,0.00270723,True
32,4,5,F7,0.08395586,0.08167675,0.09758609,0.375,0.375,"[1, 7]",0.875,False,0.00323102,0.00030001,0.00270723,True
32,4,6,F8,0.07749207,-0.02905646,0.0785089,0.375,0.375,"[1, 7]",0.875,False,0.00323102,0.00030001,0.00270723,True
32,4,7,FCz,0.09893288,0.09893288,0.11430262,0.375,0.375,"[1, 7]",0.875,False,0.00323102,0.00030001,0.00270723,True
32,4,8,FC3,0.03069029,0.00587213,0.03740625,0.375,0.375,"[1, 7]",0.875,False,0.00323102,0.00030001,0.00270723,True
32,4,9,FC4,0.05789175,-0.05789175,0.07611097,0.375,0.375,"[1, 7]",0.875,False,0.00323102,0.00030001,0.00270723,True
32,4,10,FT7,0.0904198,-0.05837623,0.10404701,0.375,0.375,"[1, 7]",0.875,False,0.00323102,0.00030001,0.00270723,True
32,4,11,FT8,0.08024118,-0.00338779,0.09720459,0.375,0.375,"[1, 7]",0.875,False,0.00323102,0.00030001,0.00270723,True
32,4,12,Cz,0.0773522,0.07583362,0.09283853,0.375,0.375,"[1, 7]",0.875,False,0.00323102,0.00030001,0.00270723,True
32,4,13,C3,0.11508091,0.07251649,0.1172929,0.375,0.375,"[1, 7]",0.875,False,0.00323102,0.00030001,0.00270723,True
32,4,14,C4,0.08565487,-0.0749746,0.09605504,0.375,0.375,"[1, 7]",0.875,False,0.00323102,0.00030001,0.00270723,True
32,4,15,T3,0.12643479,0.12643479,0.13169742,0.375,0.375,"[1, 7]",0.875,False,0.00323102,0.00030001,0.00270723,True
32,4,16,T4,0.12223758,0.01346596,0.13473554,0.375,0.375,"[1, 7]",0.875,False,0.00323102,0.00030001,0.00270723,True
32,4,17,CP3,0.12112438,0.03294352,0.13957527,0.375,0.375,"[1, 7]",0.875,False,0.00323102,0.00030001,0.00270723,True
32,4,18,CP4,0.11093313,0.03465948,0.12763049,0.375,0.375,"[1, 7]",0.875,False,0.00323102,0.00030001,0.00270723,True
32,4,19,TP7,0.08427772,-0.01888149,0.09435536,0.375,0.375,"[1, 7]",0.875,False,0.00323102,0.00030001,0.00270723,True
32,4,20,TP8,0.08896946,-0.05916341,0.10807548,0.375,0.375,"[1, 7]",0.875,False,0.00323102,0.00030001,0.00270723,True
32,4,21,Pz,0.153189,0.00688239,0.15338312,0.375,0.375,"[1, 7]",0.875,False,0.00323102,0.00030001,0.00270723,True
32,4,22,P3,0.10800744,0.10800744,0.11718976,0.375,0.375,"[1, 7]",0.875,False,0.00323102,0.00030001,0.00270723,True
32,4,23,P4,0.10481341,-0.09286531,0.11667305,0.375,0.375,"[1, 7]",0.875,False,0.00323102,0.00030001,0.00270723,True
32,4,24,T5,0.10485554,0.07328881,0.11432271,0.375,0.375,"[1, 7]",0.875,False,0.00323102,0.00030001,0.00270723,True
32,4,25,T6,0.08127549,-0.06235652,0.09243721,0.375,0.375,"[1, 7]",0.875,False,0.00323102,0.00030001,0.00270723,True
32,4,26,Oz,0.07777076,0.04226759,0.08010387,0.375,0.375,"[1, 7]",0.875,False,0.00323102,0.00030001,0.00270723,True
32,4,27,O1,0.12216211,0.05623303,0.13248841,0.375,0.375,"[1, 7]",0.875,False,0.00323102,0.00030001,0.00270723,True
32,4,28,O2,0.14414139,-0.02368953,0.14686041,0.375,0.375,"[1, 7]",0.875,False,0.00323102,0.00030001,0.00270723,True
32,5,0,Fp1,0.08281303,-0.0660919,0.09793711,0.375,0.375,"[7, 1]",0.875,False,1.01335604,0.24472774,0.84907725,True
32,5,1,Fp2,0.07513992,0.05602814,0.09491783,0.375,0.375,"[7, 1]",0.875,False,1.01335604,0.24472774,0.84907725,True
32,5,2,Fz,0.05547369,-0.0500992,0.08309807,0.375,0.375,"[7, 1]",0.875,False,1.01335604,0.24472774,0.84907725,True
32,5,3,F3,0.10631205,0.07212852,0.11639981,0.375,0.375,"[7, 1]",0.875,False,1.01335604,0.24472774,0.84907725,True
32,5,4,F4,0.03890748,-0.03845751,0.05430812,0.375,0.375,"[7, 1]",0.875,False,1.01335604,0.24472774,0.84907725,True
32,5,5,F7,0.06647332,0.04091355,0.07763913,0.375,0.375,"[7, 1]",0.875,False,1.01335604,0.24472774,0.84907725,True
32,5,6,F8,0.10211506,-0.02362624,0.11325171,0.375,0.375,"[7, 1]",0.875,False,1.01335604,0.24472774,0.84907725,True
32,5,7,FCz,0.09124647,0.06637555,0.10322236,0.375,0.375,"[7, 1]",0.875,False,1.01335604,0.24472774,0.84907725,True
32,5,8,FC3,0.12338111,-0.01090977,0.13585994,0.375,0.375,"[7, 1]",0.875,False,1.01335604,0.24472774,0.84907725,True
32,5,9,FC4,0.05550848,-0.02131605,0.08072999,0.375,0.375,"[7, 1]",0.875,False,1.01335604,0.24472774,0.84907725,True
32,5,10,FT7,0.03028804,0.02768783,0.03877798,0.375,0.375,"[7, 1]",0.875,False,1.01335604,0.24472774,0.84907725,True
32,5,11,FT8,0.09493452,-0.00336035,0.09589183,0.375,0.375,"[7, 1]",0.875,False,1.01335604,0.24472774,0.84907725,True
32,5,12,Cz,0.10864051,0.07550913,0.12751107,0.375,0.375,"[7, 1]",0.875,False,1.01335604,0.24472774,0.84907725,True
32,5,13,C3,0.04635333,-0.03283224,0.06362898,0.375,0.375,"[7, 1]",0.875,False,1.01335604,0.24472774,0.84907725,True
32,5,14,C4,0.16393742,-0.09593698,0.17702794,0.375,0.375,"[7, 1]",0.875,False,1.01335604,0.24472774,0.84907725,True
32,5,15,T3,0.17024912,0.03531719,0.1743039,0.375,0.375,"[7, 1]",0.875,False,1.01335604,0.24472774,0.84907725,True
32,5,16,T4,0.10570734,-0.00635212,0.13207477,0.375,0.375,"[7, 1]",0.875,False,1.01335604,0.24472774,0.84907725,True
32,5,17,CP3,0.10829307,0.00248849,0.12799805,0.375,0.375,"[7, 1]",0.875,False,1.01335604,0.24472774,0.84907725,True
32,5,18,CP4,0.16424136,0.0776559,0.17330201,0.375,0.375,"[7, 1]",0.875,False,1.01335604,0.24472774,0.84907725,True
32,5,19,TP7,0.08508687,0.02382201,0.10578503,0.375,0.375,"[7, 1]",0.875,False,1.01335604,0.24472774,0.84907725,True
32,5,20,TP8,0.04906533,-0.03572782,0.05537687,0.375,0.375,"[7, 1]",0.875,False,1.01335604,0.24472774,0.84907725,True
32,5,21,Pz,0.13145301,-0.02118224,0.13846879,0.375,0.375,"[7, 1]",0.875,False,1.01335604,0.24472774,0.84907725,True
32,5,22,P3,0.09928875,-0.00010312,0.11873041,0.375,0.375,"[7, 1]",0.875,False,1.01335604,0.24472774,0.84907725,True
32,5,23,P4,0.08444301,0.02474223,0.11984919,0.375,0.375,"[7, 1]",0.875,False,1.01335604,0.24472774,0.84907725,True
32,5,24,T5,0.11643884,0.04652974,0.14923039,0.375,0.375,"[7, 1]",0.875,False,1.01335604,0.24472774,0.84907725,True
32,5,25,T6,0.09215611,-0.09215611,0.10406045,0.375,0.375,"[7, 1]",0.875,False,1.01335604,0.24472774,0.84907725,True
32,5,26,Oz,0.06702721,0.02940543,0.08686692,0.375,0.375,"[7, 1]",0.875,False,1.01335604,0.24472774,0.84907725,True
32,5,27,O1,0.12689108,0.05028039,0.14105479,0.375,0.375,"[7, 1]",0.875,False,1.01335604,0.24472774,0.84907725,True
32,5,28,O2,0.1293062,0.0333649,0.13546722,0.375,0.375,"[7, 1]",0.875,False,1.01335604,0.24472774,0.84907725,True
33,1,0,Fp1,0.10980675,-0.0957012,0.12251034,0.5,0.5,"[0, 8]",1.0,True,0.00323095,0.00030001,0.00270717,True
33,1,1,Fp2,0.0775082,0.06116018,0.09508537,0.5,0.5,"[0, 8]",1.0,True,0.00323095,0.00030001,0.00270717,True
33,1,2,Fz,0.10400175,-0.09818149,0.11735866,0.5,0.5,"[0, 8]",1.0,True,0.00323095,0.00030001,0.00270717,True
33,1,3,F3,0.08777068,0.0277132,0.0944314,0.5,0.5,"[0, 8]",1.0,True,0.00323095,0.00030001,0.00270717,True
33,1,4,F4,0.09753284,0.01235002,0.10783582,0.5,0.5,"[0, 8]",1.0,True,0.00323095,0.00030001,0.00270717,True
33,1,5,F7,0.08410586,0.08152676,0.09767,0.5,0.5,"[0, 8]",1.0,True,0.00323095,0.00030001,0.00270717,True
33,1,6,F8,0.07749207,-0.02935645,0.07844418,0.5,0.5,"[0, 8]",1.0,True,0.00323095,0.00030001,0.00270717,True
33,1,7,FCz,0.09908288,0.09908288,0.11444443,0.5,0.5,"[0, 8]",1.0,True,0.00323095,0.00030001,0.00270717,True
33,1,8,FC3,0.03114027,0.00602213,0.03783867,0.5,0.5,"[0, 8]",1.0,True,0.00323095,0.00030001,0.00270717,True
33,1,9,FC4,0.05789175,-0.05789175,0.07634416,0.5,0.5,"[0, 8]",1.0,True,0.00323095,0.00030001,0.00270717,True
33,1,10,FT7,0.0902698,-0.05822623,0.10396317,0.5,0.5,"[0, 8]",1.0,True,0.00323095,0.00030001,0.00270717,True
33,1,11,FT8,0.08024117,-0.00368779,0.09721559,0.5,0.5,"[0, 8]",1.0,True,0.00323095,0.00030001,0.00270717,True
33,1,12,Cz,0.07705224,0.07553366,0.09244725,0.5,0.5,"[0, 8]",1.0,True,0.00323095,0.00030001,0.00270717,True
33,1,13,C3,0.11508091,0.07251649,0.1172929,0.5,0.5,"[0, 8]",1.0,True,0.00323095,0.00030001,0.00270717,True
33,1,14,C4,0.08595484,-0.07527457,0.09636229,0.5,0.5,"[0, 8]",1.0,True,0.00323095,0.00030001,0.00270717,True
33,1,15,T3,0.12673478,0.12673478,0.13197485,0.5,0.5,"[0, 8]",1.0,True,0.00323095,0.00030001,0.00270717,True
33,1,16,T4,0.1220876,0.01331595,0.13439634,0.5,0.5,"[0, 8]",1.0,True,0.00323095,0.00030001,0.00270717,True
33,1,17,CP3,0.1212744,0.03309353,0.13959895,0.5,0.5,"[0, 8]",1.0,True,0.00323095,0.00030001,0.00270717,True
33,1,18,CP4,0.11093312,0.03465948,0.12743804,0.5,0.5,"[0, 8]",1.0,True,0.00323095,0.00030001,0.00270717,True
33,1,19,TP7,0.08442771,-0.01873149,0.09448247,0.5,0.5,"[0, 8]",1.0,True,0.00323095,0.00030001,0.00270717,True
33,1,20,TP8,0.08911943,-0.05931343,0.10827456,0.5,0.5,"[0, 8]",1.0,True,0.00323095,0.00030001,0.00270717,True
33,1,21,Pz,0.153189,0.0065824,0.15336807,0.5,0.5,"[0, 8]",1.0,True,0.00323095,0.00030001,0.00270717,True
33,1,22,P3,0.10815743,0.10815743,0.11736307,0.5,0.5,"[0, 8]",1.0,True,0.00323095,0.00030001,0.00270717,True
33,1,23,P4,0.10481353,-0.09316541,0.11687002,0.5,0.5,"[0, 8]",1.0,True,0.00323095,0.00030001,0.00270717,True
33,1,24,T5,0.10500557,0.07313885,0.11440592,0.5,0.5,"[0, 8]",1.0,True,0.00323095,0.00030001,0.00270717,True
33,1,25,T6,0.08112549,-0.06250653,0.09237628,0.5,0.5,"[0, 8]",1.0,True,0.00323095,0.00030001,0.00270717,True
33,1,26,Oz,0.07762077,0.04241759,0.08007024,0.5,0.5,"[0, 8]",1.0,True,0.00323095,0.00030001,0.00270717,True
33,1,27,O1,0.12201212,0.05638302,0.13233939,0.5,0.5,"[0, 8]",1.0,True,0.00323095,0.00030001,0.00270717,True
33,1,28,O2,0.14384139,-0.02368954,0.14656635,0.5,0.5,"[0, 8]",1.0,True,0.00323095,0.00030001,0.00270717,True
33,2,0,Fp1,0.11010673,-0.09600119,0.12282326,0.5,0.5,"[0, 8]",1.0,True,0.00323089,0.00030001,0.00270712,True
33,2,1,Fp2,0.07765819,0.06131019,0.09515129,0.5,0.5,"[0, 8]",1.0,True,0.00323089,0.00030001,0.00270712,True
33,2,2,Fz,0.10385172,-0.09833147,0.1173444,0.5,0.5,"[0, 8]",1.0,True,0.00323089,0.00030001,0.00270712,True
33,2,3,F3,0.08762068,0.0275632,0.09446009,0.5,0.5,"[0, 8]",1.0,True,0.00323089,0.00030001,0.00270712,True
33,2,4,F4,0.09753284,0.01235003,0.10783581,0.5,0.5,"[0, 8]",1.0,True,0.00323089,0.00030001,0.00270712,True
33,2,5,F7,0.08380587,0.08152677,0.09744393,0.5,0.5,"[0, 8]",1.0,True,0.00323089,0.00030001,0.00270712,True
33,2,6,F8,0.07764207,-0.02920646,0.0786425,0.5,0.5,"[0, 8]",1.0,True,0.00323089,0.00030001,0.00270712,True
33,2,7,FCz,0.09893289,0.09893289,0.11409947,0.5,0.5,"[0, 8]",1.0,True,0.00323089,0.00030001,0.00270712,True
33,2,8,FC3,0.03099027,0.00587213,0.03762398,0.5,0.5,"[0, 8]",1.0,True,0.00323089,0.00030001,0.00270712,True
33,2,9,FC4,0.05819173,-0.05819173,0.0763844,0.5,0.5,"[0, 8]",1.0,True,0.00323089,0.00030001,0.00270712,True
33,2,10,FT7,0.0902698,-0.05822622,0.10396315,0.5,0.5,"[0, 8]",1.0,True,0.00323089,0.00030001,0.00270712,True
33,2,11,FT8,0.07994118,-0.00368779,0.09696802,0.5,0.5,"[0, 8]",1.0,True,0.00323089,0.00030001,0.00270712,True
33,2,12,Cz,0.07705223,0.07553367,0.09244724,0.5,0.5,"[0, 8]",1.0,True,0.00323089,0.00030001,0.00270712,True
33,2,13,C3,0.11508089,0.07251649,0.1172929,0.5,0.5,"[0, 8]",1.0,True,0.00323089,0.00030001,0.00270712,True
33,2,14,C4,0.08595487,-0.0752746,0.09636231,0.5,0.5,"[0, 8]",1.0,True,0.00323089,0.00030001,0.00270712,True
33,2,15,T3,0.12688477,0.12688477,0.13210857,0.5,0.5,"[0, 8]",1.0,True,0.00323089,0.00030001,0.00270712,True
33,2,16,T4,0.12223761,0.01346593,0.13460284,0.5,0.5,"[0, 8]",1.0,True,0.00323089,0.00030001,0.00270712,True
33,2,17,CP3,0.1211244,0.03294354,0.13946524,0.5,0.5,"[0, 8]",1.0,True,0.00323089,0.00030001,0.00270712,True
33,2,18,CP4,0.11093312,0.03465948,0.12743804,0.5,0.5,"[0, 8]",1.0,True,0.00323089,0.00030001,0.00270712,True
33,2,19,TP7,0.08442771,-0.01873149,0.094437,0.5,0.5,"[0, 8]",1.0,True,0.00323089,0.00030001,0.00270712,True
33,2,20,TP8,0.08926946,-0.05916341,0.10833261,0.5,0.5,"[0, 8]",1.0,True,0.00323089,0.00030001,0.00270712,True
33,2,21,Pz,0.15303901,0.00673237,0.15322247,0.5,0.5,"[0, 8]",1.0,True,0.00323089,0.00030001,0.00270712,True
33,2,22,P3,0.10800744,0.10800744,0.11716045,0.5,0.5,"[0, 8]",1.0,True,0.00323089,0.00030001,0.00270712,True
33,2,23,P4,0.10496341,-0.09301531,0.11688626,0.5,0.5,"[0, 8]",1.0,True,0.00323089,0.00030001,0.00270712,True
33,2,24,T5,0.10500555,0.07313883,0.11439426,0.5,0.5,"[0, 8]",1.0,True,0.00323089,0.00030001,0.00270712,True
33,2,25,T6,0.08127528,-0.06265631,0.09257782,0.5,0.5,"[0, 8]",1.0,True,0.00323089,0.00030001,0.00270712,True
33,2,26,Oz,0.07747076,0.04226759,0.07990965,0.5,0.5,"[0, 8]",1.0,True,0.00323089,0.00030001,0.00270712,True
33,2,27,O1,0.12201212,0.05638302,0.13233939,0.5,0.5,"[0, 8]",1.0,True,0.00323089,0.00030001,0.00270712,True
33,2,28,O2,0.14414135,-0.02368951,0.14689201,0.5,0.5,"[0, 8]",1.0,True,0.00323089,0.00030001,0.00270712,True
33,3,0,Fp1,0.10995674,-0.0961512,0.12278919,0.5,0.5,"[0, 8]",1.0,True,0.00323085,0.00030001,0.00270708,True
33,3,1,Fp2,0.07765819,0.06101019,0.0951374,0.5,0.5,"[0, 8]",1.0,True,0.00323085,0.00030001,0.00270708,True
33,3,2,Fz,0.10385188,-0.09833163,0.11734457,0.5,0.5,"[0, 8]",1.0,True,0.00323085,0.00030001,0.00270708,True
33,3,3,F3,0.08762068,0.0275632,0.09446009,0.5,0.5,"[0, 8]",1.0,True,0.00323085,0.00030001,0.00270708,True
33,3,4,F4,0.09753284,0.01265002,0.10767057,0.5,0.5,"[0, 8]",1.0,True,0.00323085,0.00030001,0.00270708,True
33,3,5,F7,0.08410585,0.08152674,0.0976005,0.5,0.5,"[0, 8]",1.0,True,0.00323085,0.00030001,0.00270708,True
33,3,6,F8,0.07749206,-0.02935645,0.07844417,0.5,0.5,"[0, 8]",1.0,True,0.00323085,0.00030001,0.00270708,True
33,3,7,FCz,0.0987829,0.0987829,0.11395721,0.5,0.5,"[0, 8]",1.0,True,0.00323085,0.00030001,0.00270708,True
33,3,8,FC3,0.03099027,0.00587213,0.03762398,0.5,0.5,"[0, 8]",1.0,True,0.00323085,0.00030001,0.00270708,True
33,3,9,FC4,0.05789176,-0.05789176,0.07620241,0.5,0.5,"[0, 8]",1.0,True,0.00323085,0.00030001,0.00270708,True
33,3,10,FT7,0.09071979,-0.05837622,0.10422609,0.5,0.5,"[0, 8]",1.0,True,0.00323085,0.00030001,0.00270708,True
33,3,11,FT8,0.08039118,-0.0035378,0.09741817,0.5,0.5,"[0, 8]",1.0,True,0.00323085,0.00030001,0.00270708,True
33,3,12,Cz,0.07720221,0.07568368,0.09267944,0.5,0.5,"[0, 8]",1.0,True,0.00323085,0.00030001,0.00270708,True
33,3,13,C3,0.1152309,0.0723665,0.11740211,0.5,0.5,"[0, 8]",1.0,True,0.00323085,0.00030001,0.00270708,True
33,3,14,C4,0.08565513,-0.07497486,0.09605523,0.5,0.5,"[0, 8]",1.0,True,0.00323085,0.00030001,0.00270708,True
33,3,15,T3,0.12703477,0.12703477,0.13227352,0.5,0.5,"[0, 8]",1.0,True,0.00323085,0.00030001,0.00270708,True
33,3,16,T4,0.12208758,0.01331595,0.13452928,0.5,0.5,"[0, 8]",1.0,True,0.00323085,0.00030001,0.00270708,True
33,3,17,CP3,0.1209744,0.03309353,0.13945736,0.5,0.5,"[0, 8]",1.0,True,0.00323085,0.00030001,0.00270708,True
33,3,18,CP4,0.11108313,0.03480948,0.12765412,0.5,0.5,"[0, 8]",1.0,True,0.00323085,0.00030001,0.00270708,True
33,3,19,TP7,0.08427772,-0.01858149,0.09423663,0.5,0.5,"[0, 8]",1.0,True,0.00323085,0.00030001,0.00270708,True
33,3,20,TP8,0.08926946,-0.0591634,0.10833261,0.5,0.5,"[0, 8]",1.0,True,0.00323085,0.00030001,0.00270708,True
33,3,21,Pz,0.15303901,0.0067324,0.15322734,0.5,0.5,"[0, 8]",1.0,True,0.00323085,0.00030001,0.00270708,True
33,3,22,P3,0.10830745,0.10830745,0.11747221,0.5,0.5,"[0, 8]",1.0,True,0.00323085,0.00030001,0.00270708,True
33,3,23,P4,0.10481342,-0.09286531,0.11667306,0.5,0.5,"[0, 8]",1.0,True,0.00323085,0.00030001,0.00270708,True
33,3,24,T5,0.10500555,0.07343882,0.11438473,0.5,0.5,"[0, 8]",1.0,True,0.00323085,0.00030001,0.00270708,True
33,3,25,T6,0.0808255,-0.06220653,0.09211185,0.5,0.5,"[0, 8]",1.0,True,0.00323085,0.00030001,0.00270708,True
33,3,26,Oz,0.07747076,0.04226759,0.07981057,0.5,0.5,"[0, 8]",1.0,True,0.00323085,0.00030001,0.00270708,True
33,3,27,O1,0.12201212,0.05608303,0.13244222,0.5,0.5,"[0, 8]",1.0,True,0.00323085,0.00030001,0.00270708,True
33,3,28,O2,0.14414138,-0.02368953,0.14686175,0.5,0.5,"[0, 8]",1.0,True,0.00323085,0.00030001,0.00270708,True
33,4,0,Fp1,0.10980674,-0.0957012,0.12251033,0.5,0.5,"[0, 8]",1.0,True,0.00323082,0.00030001,0.00270706,True
33,4,1,Fp2,0.07765819,0.06131018,0.09535468,0.5,0.5,"[0, 8]",1.0,True,0.00323082,0.00030001,0.00270706,True
33,4,2,Fz,0.10400175,-0.09818149,0.11735866,0.5,0.5,"[0, 8]",1.0,True,0.00323082,0.00030001,0.00270706,True
33,4,3,F3,0.08762068,0.0275632,0.09433388,0.5,0.5,"[0, 8]",1.0,True,0.00323082,0.00030001,0.00270706,True
33,4,4,F4,0.09768283,0.01250002,0.10796414,0.5,0.5,"[0, 8]",1.0,True,0.00323082,0.00030001,0.00270706,True
33,4,5,F7,0.08440584,0.08182674,0.0979604,0.5,0.5,"[0, 8]",1.0,True,0.00323082,0.00030001,0.00270706,True
33,4,6,F8,0.07749207,-0.02935646,0.07844418,0.5,0.5,"[0, 8]",1.0,True,0.00323082,0.00030001,0.00270706,True
33,4,7,FCz,0.09893288,0.09893288,0.11421797,0.5,0.5,"[0, 8]",1.0,True,0.00323082,0.00030001,0.00270706,True
33,4,8,FC3,0.03084031,0.00602217,0.03742442,0.5,0.5,"[0, 8]",1.0,True,0.00323082,0.00030001,0.00270706,True
33,4,9,FC4,0.05804173,-0.05804173,0.07614105,0.5,0.5,"[0, 8]",1.0,True,0.00323082,0.00030001,0.00270706,True
33,4,10,FT7,0.09026981,-0.05792627,0.10379741,0.5,0.5,"[0, 8]",1.0,True,0.00323082,0.00030001,0.00270706,True
33,4,11,FT8,0.08024119,-0.00368779,0.09721559,0.5,0.5,"[0, 8]",1.0,True,0.00323082,0.00030001,0.00270706,True
33,4,12,Cz,0.07720223,0.07568365,0.09267944,0.5,0.5,"[0, 8]",1.0,True,0.00323082,0.00030001,0.00270706,True
33,4,13,C3,0.11523091,0.07236651,0.11742343,0.5,0.5,"[0, 8]",1.0,True,0.00323082,0.00030001,0.00270706,True
33,4,14,C4,0.08580464,-0.07512438,0.09616483,0.5,0.5,"[0, 8]",1.0,True,0.00323082,0.00030001,0.00270706,True
33,4,15,T3,0.12673479,0.12673479,0.13205808,0.5,0.5,"[0, 8]",1.0,True,0.00323082,0.00030001,0.00270706,True
33,4,16,T4,0.1220876,0.01331595,0.13439634,0.5,0.5,"[0, 8]",1.0,True,0.00323082,0.00030001,0.00270706,True
33,4,17,CP3,0.1209745,0.03309363,0.13945745,0.5,0.5,"[0, 8]",1.0,True,0.00323082,0.00030001,0.00270706,True
33,4,18,CP4,0.11093313,0.03465948,0.12743805,0.5,0.5,"[0, 8]",1.0,True,0.00323082,0.00030001,0.00270706,True
33,4,19,TP7,0.08427774,-0.01858153,0.09419106,0.5,0.5,"[0, 8]",1.0,True,0.00323082,0.00030001,0.00270706,True
33,4,20,TP8,0.08881947,-0.0593134,0.10801729,0.5,0.5,"[0, 8]",1.0,True,0.00323082,0.00030001,0.00270706,True
33,4,21,Pz,0.15303898,0.00673242,0.15322246,0.5,0.5,"[0, 8]",1.0,True,0.00323082,0.00030001,0.00270706,True
33,4,22,P3,0.10815744,0.10815744,0.11736307,0.5,0.5,"[0, 8]",1.0,True,0.00323082,0.00030001,0.00270706,True
33,4,23,P4,0.10496339,-0.09331529,0.11701024,0.5,0.5,"[0, 8]",1.0,True,0.00323082,0.00030001,0.00270706,True
33,4,24,T5,0.10500554,0.07343882,0.11451381,0.5,0.5,"[0, 8]",1.0,True,0.00323082,0.00030001,0.00270706,True
33,4,25,T6,0.0809755,-0.06235653,0.09217105,0.5,0.5,"[0, 8]",1.0,True,0.00323082,0.00030001,0.00270706,True
33,4,26,Oz,0.07747076,0.04226759,0.07990965,0.5,0.5,"[0, 8]",1.0,True,0.00323082,0.00030001,0.00270706,True
33,4,27,O1,0.1221621,0.05623301,0.13248841,0.5,0.5,"[0, 8]",1.0,True,0.00323082,0.00030001,0.00270706,True
33,4,28,O2,0.14399138,-0.02353955,0.14670473,0.5,0.5,"[0, 8]",1.0,True,0.00323082,0.00030001,0.00270706,True
33,5,0,Fp1,0.10981318,-0.0953005,0.12242905,0.5,0.5,"[0, 8]",1.0,True,0.01006256,0.00120029,0.00843128,True
33,5,1,Fp2,0.07690655,0.0607812,0.09455173,0.5,0.5,"[0, 8]",1.0,True,0.01006256,0.00120029,0.00843128,True
33,5,2,Fz,0.10378141,-0.09796868,0.11714289,0.5,0.5,"[0, 8]",1.0,True,0.01006256,0.00120029,0.00843128,True
33,5,3,F3,0.08716621,0.02754764,0.09377702,0.5,0.5,"[0, 8]",1.0,True,0.01006256,0.00120029,0.00843128,True
33,5,4,F4,0.09734499,0.0119696,0.10787161,0.5,0.5,"[0, 8]",1.0,True,0.01006256,0.00120029,0.00843128,True
33,5,5,F7,0.08380599,0.0815357,0.09763315,0.5,0.5,"[0, 8]",1.0,True,0.01006256,0.00120029,0.00843128,True
33,5,6,F8,0.0776418,-0.02994344,0.07848781,0.5,0.5,"[0, 8]",1.0,True,0.01006256,0.00120029,0.00843128,True
33,5,7,FCz,0.09933777,0.09933777,0.11484358,0.5,0.5,"[0, 8]",1.0,True,0.01006256,0.00120029,0.00843128,True
33,5,8,FC3,0.03071658,0.00610173,0.03708344,0.5,0.5,"[0, 8]",1.0,True,0.01006256,0.00120029,0.00843128,True
33,5,9,FC4,0.05820739,-0.05820739,0.07688624,0.5,0.5,"[0, 8]",1.0,True,0.01006256,0.00120029,0.00843128,True
33,5,10,FT7,0.08980283,-0.05810843,0.10381263,0.5,0.5,"[0, 8]",1.0,True,0.01006256,0.00120029,0.00843128,True
33,5,11,FT8,0.08046475,-0.00433809,0.0973997,0.5,0.5,"[0, 8]",1.0,True,0.01006256,0.00120029,0.00843128,True
33,5,12,Cz,0.07724372,0.07611588,0.09294774,0.5,0.5,"[0, 8]",1.0,True,0.01006256,0.00120029,0.00843128,True
33,5,13,C3,0.11518666,0.07305512,0.11758627,0.5,0.5,"[0, 8]",1.0,True,0.01006256,0.00120029,0.00843128,True
33,5,14,C4,0.0857586,-0.07521574,0.09619252,0.5,0.5,"[0, 8]",1.0,True,0.01006256,0.00120029,0.00843128,True
33,5,15,T3,0.12759866,0.12759866,0.13289036,0.5,0.5,"[0, 8]",1.0,True,0.01006256,0.00120029,0.00843128,True
33,5,16,T4,0.12204932,0.01302012,0.13423629,0.5,0.5,"[0, 8]",1.0,True,0.01006256,0.00120029,0.00843128,True
33,5,17,CP3,0.12063704,0.03357101,0.13937834,0.5,0.5,"[0, 8]",1.0,True,0.01006256,0.00120029,0.00843128,True
33,5,18,CP4,0.11080577,0.03494213,0.12697569,0.5,0.5,"[0, 8]",1.0,True,0.01006256,0.00120029,0.00843128,True
33,5,19,TP7,0.08398058,-0.01827247,0.0937867,0.5,0.5,"[0, 8]",1.0,True,0.01006256,0.00120029,0.00843128,True
33,5,20,TP8,0.08831853,-0.05940093,0.10766871,0.5,0.5,"[0, 8]",1.0,True,0.01006256,0.00120029,0.00843128,True
33,5,21,Pz,0.15412973,0.00682889,0.15432163,0.5,0.5,"[0, 8]",1.0,True,0.01006256,0.00120029,0.00843128,True
33,5,22,P3,0.1086643,0.1086643,0.11756328,0.5,0.5,"[0, 8]",1.0,True,0.01006256,0.00120029,0.00843128,True
33,5,23,P4,0.10473889,-0.0934705,0.11703444,0.5,0.5,"[0, 8]",1.0,True,0.01006256,0.00120029,0.00843128,True
33,5,24,T5,0.10505234,0.07347648,0.11472597,0.5,0.5,"[0, 8]",1.0,True,0.01006256,0.00120029,0.00843128,True
33,5,25,T6,0.08100593,-0.06274845,0.09218047,0.5,0.5,"[0, 8]",1.0,True,0.01006256,0.00120029,0.00843128,True
33,5,26,Oz,0.0773733,0.04199013,0.0799336,0.5,0.5,"[0, 8]",1.0,True,0.01006256,0.00120029,0.00843128,True
33,5,27,O1,0.12217471,0.05655656,0.13259806,0.5,0.5,"[0, 8]",1.0,True,0.01006256,0.00120029,0.00843128,True
33,5,28,O2,0.1438605,-0.0238171,0.14658065,0.5,0.5,"[0, 8]",1.0,True,0.01006256,0.00120029,0.00843128,True
34,1,0,Fp1,0.08051522,-0.08051522,0.0999454,0.75,0.75,"[4, 4]",0.5,False,1.17217065,0.22985332,0.98214586,True
34,1,1,Fp2,0.04775931,0.0426056,0.05756176,0.75,0.75,"[4, 4]",0.5,False,1.17217065,0.22985332,0.98214586,True
34,1,2,Fz,0.09154756,-0.09154756,0.09414627,0.75,0.75,"[4, 4]",0.5,False,1.17217065,0.22985332,0.98214586,True
34,1,3,F3,0.08486487,0.08486487,0.10432482,0.75,0.75,"[4, 4]",0.5,False,1.17217065,0.22985332,0.98214586,True
34,1,4,F4,0.15723318,-0.15723318,0.18694477,0.75,0.75,"[4, 4]",0.5,False,1.17217065,0.22985332,0.98214586,True
34,1,5,F7,0.08030373,0.03987818,0.09217324,0.75,0.75,"[4, 4]",0.5,False,1.17217065,0.22985332,0.98214586,True
34,1,6,F8,0.0916726,-0.05133621,0.10845555,0.75,0.75,"[4, 4]",0.5,False,1.17217065,0.22985332,0.98214586,True
34,1,7,FCz,0.06268751,0.03617635,0.08350491,0.75,0.75,"[4, 4]",0.5,False,1.17217065,0.22985332,0.98214586,True
34,1,8,FC3,0.04339061,-0.00970464,0.05955989,0.75,0.75,"[4, 4]",0.5,False,1.17217065,0.22985332,0.98214586,True
34,1,9,FC4,0.04381933,0.02728521,0.05877841,0.75,0.75,"[4, 4]",0.5,False,1.17217065,0.22985332,0.98214586,True
34,1,10,FT7,0.16138227,-0.11573289,0.16900192,0.75,0.75,"[4, 4]",0.5,False,1.17217065,0.22985332,0.98214586,True
34,1,11,FT8,0.14236878,0.14236878,0.15750031,0.75,0.75,"[4, 4]",0.5,False,1.17217065,0.22985332,0.98214586,True
34,1,12,Cz,0.07686754,0.0293121,0.10342966,0.75,0.75,"[4, 4]",0.5,False,1.17217065,0.22985332,0.98214586,True
34,1,13,C3,0.07518622,-0.05808569,0.09157941,0.75,0.75,"[4, 4]",0.5,False,1.17217065,0.22985332,0.98214586,True
34,1,14,C4,0.08771286,0.04445682,0.1002961,0.75,0.75,"[4, 4]",0.5,False,1.17217065,0.22985332,0.98214586,True
34,1,15,T3,0.11599759,0.1127376,0.13990088,0.75,0.75,"[4, 4]",0.5,False,1.17217065,0.22985332,0.98214586,True
34,1,16,T4,0.09881163,0.01097053,0.11915693,0.75,0.75,"[4, 4]",0.5,False,1.17217065,0.22985332,0.98214586,True
34,1,17,CP3,0.19692725,-0.05874773,0.21767475,0.75,0.75,"[4, 4]",0.5,False,1.17217065,0.22985332,0.98214586,True
34,1,18,CP4,0.13363047,-0.04714968,0.15005973,0.75,0.75,"[4, 4]",0.5,False,1.17217065,0.22985332,0.98214586,True
34,1,19,TP7,0.05427912,0.05384216,0.06350034,0.75,0.75,"[4, 4]",0.5,False,1.17217065,0.22985332,0.98214586,True
34,1,20,TP8,0.05969617,-0.04774203,0.091401,0.75,0.75,"[4, 4]",0.5,False,1.17217065,0.22985332,0.98214586,True
34,1,21,Pz,0.06684129,0.06684129,0.07496684,0.75,0.75,"[4, 4]",0.5,False,1.17217065,0.22985332,0.98214586,True
34,1,22,P3,0.05431164,-0.00936256,0.05974258,0.75,0.75,"[4, 4]",0.5,False,1.17217065,0.22985332,0.98214586,True
34,1,23,P4,0.16184974,-0.16184974,0.1694579,0.75,0.75,"[4, 4]",0.5,False,1.17217065,0.22985332,0.98214586,True
34,1,24,T5,0.06530898,-0.05273415,0.08425692,0.75,0.75,"[4, 4]",0.5,False,1.17217065,0.22985332,0.98214586,True
34,1,25,T6,0.08605098,0.00880346,0.09575888,0.75,0.75,"[4, 4]",0.5,False,1.17217065,0.22985332,0.98214586,True
34,1,26,Oz,0.06995438,0.00688778,0.07496386,0.75,0.75,"[4, 4]",0.5,False,1.17217065,0.22985332,0.98214586,True
34,1,27,O1,0.07780395,0.03419502,0.09792155,0.75,0.75,"[4, 4]",0.5,False,1.17217065,0.22985332,0.98214586,True
34,1,28,O2,0.13918774,0.13918774,0.17988934,0.75,0.75,"[4, 4]",0.5,False,1.17217065,0.22985332,0.98214586,True
34,2,0,Fp1,0.05818383,-0.04226442,0.08710106,0.5,0.5,"[6, 2]",0.75,False,0.88441645,0.17465361,0.74104052,True
34,2,1,Fp2,0.04767162,0.03287612,0.07258044,0.5,0.5,"[6, 2]",0.75,False,0.88441645,0.17465361,0.74104052,True
34,2,2,Fz,0.12572795,-0.12572795,0.13907625,0.5,0.5,"[6, 2]",0.75,False,0.88441645,0.17465361,0.74104052,True
34,2,3,F3,0.10319535,0.03533567,0.10503857,0.5,0.5,"[6, 2]",0.75,False,0.88441645,0.17465361,0.74104052,True
34,2,4,F4,0.04328777,-0.0117429,0.04888676,0.5,0.5,"[6, 2]",0.75,False,0.88441645,0.17465361,0.74104052,True
34,2,5,F7,0.06414902,0.06414902,0.07275259,0.5,0.5,"[6, 2]",0.75,False,0.88441645,0.17465361,0.74104052,True
34,2,6,F8,0.07522827,-0.00846239,0.09419142,0.5,0.5,"[6, 2]",0.75,False,0.88441645,0.17465361,0.74104052,True
34,2,7,FCz,0.21113358,0.21113358,0.21472085,0.5,0.5,"[6, 2]",0.75,False,0.88441645,0.17465361,0.74104052,True
34,2,8,FC3,0.09230503,-0.06558365,0.10661591,0.5,0.5,"[6, 2]",0.75,False,0.88441645,0.17465361,0.74104052,True
34,2,9,FC4,0.06697407,-0.02261641,0.07299428,0.5,0.5,"[6, 2]",0.75,False,0.88441645,0.17465361,0.74104052,True
34,2,10,FT7,0.08769635,0.00753586,0.10736044,0.5,0.5,"[6, 2]",0.75,False,0.88441645,0.17465361,0.74104052,True
34,2,11,FT8,0.08963948,-0.02034425,0.09371847,0.5,0.5,"[6, 2]",0.75,False,0.88441645,0.17465361,0.74104052,True
34,2,12,Cz,0.06505737,0.06504708,0.08333959,0.5,0.5,"[6, 2]",0.75,False,0.88441645,0.17465361,0.74104052,True
34,2,13,C3,0.08635508,-0.06933794,0.12015257,0.5,0.5,"[6, 2]",0.75,False,0.88441645,0.17465361,0.74104052,True
34,2,14,C4,0.0967875,0.0446226,0.10594568,0.5,0.5,"[6, 2]",0.75,False,0.88441645,0.17465361,0.74104052,True
34,2,15,T3,0.09116717,0.07673535,0.12464332,0.5,0.5,"[6, 2]",0.75,False,0.88441645,0.17465361,0.74104052,True
34,2,16,T4,0.14079243,0.06657901,0.15713869,0.5,0.5,"[6, 2]",0.75,False,0.88441645,0.17465361,0.74104052,True
34,2,17,CP3,0.13747859,-0.04033908,0.15813434,0.5,0.5,"[6, 2]",0.75,False,0.88441645,0.17465361,0.74104052,True
34,2,18,CP4,0.07987888,-0.05386164,0.10523881,0.5,0.5,"[6, 2]",0.75,False,0.88441645,0.17465361,0.74104052,True
34,2,19,TP7,0.06020075,-0.02064627,0.06353139,0.5,0.5,"[6, 2]",0.75,False,0.88441645,0.17465361,0.74104052,True
34,2,20,TP8,0.07390849,-0.07390849,0.0963,0.5,0.5,"[6, 2]",0.75,False,0.88441645,0.17465361,0.74104052,True
34,2,21,Pz,0.08551028,0.00265904,0.08785482,0.5,0.5,"[6, 2]",0.75,False,0.88441645,0.17465361,0.74104052,True
34,2,22,P3,0.06693177,0.0090945,0.0711068,0.5,0.5,"[6, 2]",0.75,False,0.88441645,0.17465361,0.74104052,True
34,2,23,P4,0.09411646,-0.08484299,0.10653028,0.5,0.5,"[6, 2]",0.75,False,0.88441645,0.17465361,0.74104052,True
34,2,24,T5,0.08140528,0.04615318,0.10687169,0.5,0.5,"[6, 2]",0.75,False,0.88441645,0.17465361,0.74104052,True
34,2,25,T6,0.04905686,-0.04123045,0.05458201,0.5,0.5,"[6, 2]",0.75,False,0.88441645,0.17465361,0.74104052,True
34,2,26,Oz,0.05148656,0.03833337,0.06802866,0.5,0.5,"[6, 2]",0.75,False,0.88441645,0.17465361,0.74104052,True
34,2,27,O1,0.11321124,0.07098925,0.14949721,0.5,0.5,"[6, 2]",0.75,False,0.88441645,0.17465361,0.74104052,True
34,2,28,O2,0.20285583,0.04241095,0.21851073,0.5,0.5,"[6, 2]",0.75,False,0.88441645,0.17465361,0.74104052,True
34,3,0,Fp1,0.0815475,-0.03702041,0.10886291,0.75,0.75,"[2, 6]",0.75,False,0.94829995,0.21079063,0.79456764,True
34,3,1,Fp2,0.01885962,0.01885962,0.0247864,0.75,0.75,"[2, 6]",0.75,False,0.94829995,0.21079063,0.79456764,True
34,3,2,Fz,0.06440946,-0.05325321,0.08469287,0.75,0.75,"[2, 6]",0.75,False,0.94829995,0.21079063,0.79456764,True
34,3,3,F3,0.09962347,0.00676675,0.11175027,0.75,0.75,"[2, 6]",0.75,False,0.94829995,0.21079063,0.79456764,True
34,3,4,F4,0.10630575,-0.07268265,0.13269791,0.75,0.75,"[2, 6]",0.75,False,0.94829995,0.21079063,0.79456764,True
34,3,5,F7,0.06977974,0.04756048,0.07148173,0.75,0.75,"[2, 6]",0.75,False,0.94829995,0.21079063,0.79456764,True
34,3,6,F8,0.07452027,-0.0277402,0.08903532,0.75,0.75,"[2, 6]",0.75,False,0.94829995,0.21079063,0.79456764,True
34,3,7,FCz,0.0672179,0.06004046,0.09017726,0.75,0.75,"[2, 6]",0.75,False,0.94829995,0.21079063,0.79456764,True
34,3,8,FC3,0.05966259,-0.01410176,0.06768229,0.75,0.75,"[2, 6]",0.75,False,0.94829995,0.21079063,0.79456764,True
34,3,9,FC4,0.06619676,0.01777574,0.08016863,0.75,0.75,"[2, 6]",0.75,False,0.94829995,0.21079063,0.79456764,True
34,3,10,FT7,0.06008103,-0.05375761,0.09514162,0.75,0.75,"[2, 6]",0.75,False,0.94829995,0.21079063,0.79456764,True
34,3,11,FT8,0.05243639,0.04835568,0.0687397,0.75,0.75,"[2, 6]",0.75,False,0.94829995,0.21079063,0.79456764,True
34,3,12,Cz,0.09218641,0.09218641,0.10430058,0.75,0.75,"[2, 6]",0.75,False,0.94829995,0.21079063,0.79456764,True
34,3,13,C3,0.06099007,0.03199513,0.06580986,0.75,0.75,"[2, 6]",0.75,False,0.94829995,0.21079063,0.79456764,True
34,3,14,C4,0.062595,0.00862305,0.06582835,0.75,0.75,"[2, 6]",0.75,False,0.94829995,0.21079063,0.79456764,True
34,3,15,T3,0.141791,0.141791,0.1698329,0.75,0.75,"[2, 6]",0.75,False,0.94829995,0.21079063,0.79456764,True
34,3,16,T4,0.10873781,0.06909527,0.13831665,0.75,0.75,"[2, 6]",0.75,False,0.94829995,0.21079063,0.79456764,True
34,3,17,CP3,0.12845373,-0.02531881,0.14941581,0.75,0.75,"[2, 6]",0.75,False,0.94829995,0.21079063,0.79456764,True
34,3,18,CP4,0.10465347,-0.02296193,0.1301865,0.75,0.75,"[2, 6]",0.75,False,0.94829995,0.21079063,0.79456764,True
34,3,19,TP7,0.08504565,-0.02383879,0.09093352,0.75,0.75,"[2, 6]",0.75,False,0.94829995,0.21079063,0.79456764,True
34,3,20,TP8,0.14994767,-0.08548824,0.16112506,0.75,0.75,"[2, 6]",0.75,False,0.94829995,0.21079063,0.79456764,True
34,3,21,Pz,0.10466663,0.04615799,0.12026762,0.75,0.75,"[2, 6]",0.75,False,0.94829995,0.21079063,0.79456764,True
34,3,22,P3,0.0743115,-0.00200647,0.08653639,0.75,0.75,"[2, 6]",0.75,False,0.94829995,0.21079063,0.79456764,True
34,3,23,P4,0.13175251,-0.10618038,0.15149598,0.75,0.75,"[2, 6]",0.75,False,0.94829995,0.21079063,0.79456764,True
34,3,24,T5,0.04737933,0.00743458,0.05431828,0.75,0.75,"[2, 6]",0.75,False,0.94829995,0.21079063,0.79456764,True
34,3,25,T6,0.15580925,-0.11097524,0.16251189,0.75,0.75,"[2, 6]",0.75,False,0.94829995,0.21079063,0.79456764,True
34,3,26,Oz,0.03759058,0.02097208,0.04818392,0.75,0.75,"[2, 6]",0.75,False,0.94829995,0.21079063,0.79456764,True
34,3,27,O1,0.15967438,0.07330228,0.16434756,0.75,0.75,"[2, 6]",0.75,False,0.94829995,0.21079063,0.79456764,True
34,3,28,O2,0.15531018,0.09787047,0.18961091,0.75,0.75,"[2, 6]",0.75,False,0.94829995,0.21079063,0.79456764,True
34,4,0,Fp1,0.04709829,0.02715855,0.05216053,0.875,0.875,"[5, 3]",0.625,False,1.24289465,0.28360502,1.04140453,True
34,4,1,Fp2,0.03084272,-0.01894065,0.03821388,0.875,0.875,"[5, 3]",0.625,False,1.24289465,0.28360502,1.04140453,True
34,4,2,Fz,0.12921238,-0.10840727,0.15776643,0.875,0.875,"[5, 3]",0.625,False,1.24289465,0.28360502,1.04140453,True
34,4,3,F3,0.09823243,0.06580321,0.11443724,0.875,0.875,"[5, 3]",0.625,False,1.24289465,0.28360502,1.04140453,True
34,4,4,F4,0.10293756,-0.04639205,0.10379348,0.875,0.875,"[5, 3]",0.625,False,1.24289465,0.28360502,1.04140453,True
34,4,5,F7,0.04443544,0.02687101,0.05002166,0.875,0.875,"[5, 3]",0.625,False,1.24289465,0.28360502,1.04140453,True
34,4,6,F8,0.09829506,-0.04678662,0.1144887,0.875,0.875,"[5, 3]",0.625,False,1.24289465,0.28360502,1.04140453,True
34,4,7,FCz,0.05240262,-0.01863965,0.06315718,0.875,0.875,"[5, 3]",0.625,False,1.24289465,0.28360502,1.04140453,True
34,4,8,FC3,0.04878124,-0.04431181,0.08121799,0.875,0.875,"[5, 3]",0.625,False,1.24289465,0.28360502,1.04140453,True
34,4,9,FC4,0.04486796,0.03403072,0.05385107,0.875,0.875,"[5, 3]",0.625,False,1.24289465,0.28360502,1.04140453,True
34,4,10,FT7,0.14224361,0.03450651,0.15204033,0.875,0.875,"[5, 3]",0.625,False,1.24289465,0.28360502,1.04140453,True
34,4,11,FT8,0.06468086,0.03919182,0.07724813,0.875,0.875,"[5, 3]",0.625,False,1.24289465,0.28360502,1.04140453,True
34,4,12,Cz,0.0730084,0.01732285,0.07781813,0.875,0.875,"[5, 3]",0.625,False,1.24289465,0.28360502,1.04140453,True
34,4,13,C3,0.09440527,0.04087259,0.106103,0.875,0.875,"[5, 3]",0.625,False,1.24289465,0.28360502,1.04140453,True
34,4,14,C4,0.03089895,0.03089895,0.03902804,0.875,0.875,"[5, 3]",0.625,False,1.24289465,0.28360502,1.04140453,True
34,4,15,T3,0.12255631,0.04688136,0.13966715,0.875,0.875,"[5, 3]",0.625,False,1.24289465,0.28360502,1.04140453,True
34,4,16,T4,0.14602843,-0.00152341,0.15230778,0.875,0.875,"[5, 3]",0.625,False,1.24289465,0.28360502,1.04140453,True
34,4,17,CP3,0.16854095,0.10637718,0.19257574,0.875,0.875,"[5, 3]",0.625,False,1.24289465,0.28360502,1.04140453,True
34,4,18,CP4,0.11550193,-0.07337283,0.12205873,0.875,0.875,"[5, 3]",0.625,False,1.24289465,0.28360502,1.04140453,True
34,4,19,TP7,0.05761142,-0.02783956,0.06572674,0.875,0.875,"[5, 3]",0.625,False,1.24289465,0.28360502,1.04140453,True
34,4,20,TP8,0.11845881,-0.07089292,0.16390824,0.875,0.875,"[5, 3]",0.625,False,1.24289465,0.28360502,1.04140453,True
34,4,21,Pz,0.06006096,-0.00953917,0.07218223,0.875,0.875,"[5, 3]",0.625,False,1.24289465,0.28360502,1.04140453,True
34,4,22,P3,0.07414798,0.03256231,0.08650586,0.875,0.875,"[5, 3]",0.625,False,1.24289465,0.28360502,1.04140453,True
34,4,23,P4,0.11548422,-0.11548422,0.14086436,0.875,0.875,"[5, 3]",0.625,False,1.24289465,0.28360502,1.04140453,True
34,4,24,T5,0.13165903,-0.02312016,0.14321108,0.875,0.875,"[5, 3]",0.625,False,1.24289465,0.28360502,1.04140453,True
34,4,25,T6,0.04633221,0.03042663,0.05630626,0.875,0.875,"[5, 3]",0.625,False,1.24289465,0.28360502,1.04140453,True
34,4,26,Oz,0.07048937,0.03164827,0.07243639,0.875,0.875,"[5, 3]",0.625,False,1.24289465,0.28360502,1.04140453,True
34,4,27,O1,0.1618879,0.02692394,0.1802329,0.875,0.875,"[5, 3]",0.625,False,1.24289465,0.28360502,1.04140453,True
34,4,28,O2,0.15173575,0.09401728,0.15638943,0.875,0.875,"[5, 3]",0.625,False,1.24289465,0.28360502,1.04140453,True
34,5,0,Fp1,0.08973317,-0.08284689,0.1032795,0.75,0.75,"[2, 6]",0.75,False,0.4742355,0.08569795,0.39735548,True
34,5,1,Fp2,0.05423516,0.03070639,0.07485952,0.75,0.75,"[2, 6]",0.75,False,0.4742355,0.08569795,0.39735548,True
34,5,2,Fz,0.10583974,-0.10583974,0.11445846,0.75,0.75,"[2, 6]",0.75,False,0.4742355,0.08569795,0.39735548,True
34,5,3,F3,0.06587587,-0.01973998,0.09174123,0.75,0.75,"[2, 6]",0.75,False,0.4742355,0.08569795,0.39735548,True
34,5,4,F4,0.07714073,0.01095043,0.08971529,0.75,0.75,"[2, 6]",0.75,False,0.4742355,0.08569795,0.39735548,True
34,5,5,F7,0.08347315,0.08347315,0.09387137,0.75,0.75,"[2, 6]",0.75,False,0.4742355,0.08569795,0.39735548,True
34,5,6,F8,0.06820937,-0.01879706,0.08111648,0.75,0.75,"[2, 6]",0.75,False,0.4742355,0.08569795,0.39735548,True
34,5,7,FCz,0.15474604,0.15474604,0.16176842,0.75,0.75,"[2, 6]",0.75,False,0.4742355,0.08569795,0.39735548,True
34,5,8,FC3,0.03343061,-0.03343061,0.03507568,0.75,0.75,"[2, 6]",0.75,False,0.4742355,0.08569795,0.39735548,True
34,5,9,FC4,0.02553355,-0.00428276,0.0345939,0.75,0.75,"[2, 6]",0.75,False,0.4742355,0.08569795,0.39735548,True
34,5,10,FT7,0.12181227,-0.08753571,0.13679439,0.75,0.75,"[2, 6]",0.75,False,0.4742355,0.08569795,0.39735548,True
34,5,11,FT8,0.05698496,0.01009151,0.06163374,0.75,0.75,"[2, 6]",0.75,False,0.4742355,0.08569795,0.39735548,True
34,5,12,Cz,0.10282972,0.10282972,0.12133472,0.75,0.75,"[2, 6]",0.75,False,0.4742355,0.08569795,0.39735548,True
34,5,13,C3,0.13025095,0.06943595,0.14105456,0.75,0.75,"[2, 6]",0.75,False,0.4742355,0.08569795,0.39735548,True
34,5,14,C4,0.05372355,-0.00913806,0.0623113,0.75,0.75,"[2, 6]",0.75,False,0.4742355,0.08569795,0.39735548,True
34,5,15,T3,0.12478621,0.12478621,0.14567082,0.75,0.75,"[2, 6]",0.75,False,0.4742355,0.08569795,0.39735548,True
34,5,16,T4,0.14501187,0.02083794,0.15960798,0.75,0.75,"[2, 6]",0.75,False,0.4742355,0.08569795,0.39735548,True
34,5,17,CP3,0.1073799,0.00360192,0.11935216,0.75,0.75,"[2, 6]",0.75,False,0.4742355,0.08569795,0.39735548,True
34,5,18,CP4,0.09746551,0.02048712,0.1129467,0.75,0.75,"[2, 6]",0.75,False,0.4742355,0.08569795,0.39735548,True
34,5,19,TP7,0.07877424,-0.05476207,0.09605891,0.75,0.75,"[2, 6]",0.75,False,0.4742355,0.08569795,0.39735548,True
34,5,20,TP8,0.10071774,-0.06138174,0.12906756,0.75,0.75,"[2, 6]",0.75,False,0.4742355,0.08569795,0.39735548,True
34,5,21,Pz,0.12361529,0.03215569,0.12778547,0.75,0.75,"[2, 6]",0.75,False,0.4742355,0.08569795,0.39735548,True
34,5,22,P3,0.06514551,0.05470422,0.07978684,0.75,0.75,"[2, 6]",0.75,False,0.4742355,0.08569795,0.39735548,True
34,5,23,P4,0.11529843,-0.11529843,0.1348903,0.75,0.75,"[2, 6]",0.75,False,0.4742355,0.08569795,0.39735548,True
34,5,24,T5,0.07834661,0.03092602,0.09117082,0.75,0.75,"[2, 6]",0.75,False,0.4742355,0.08569795,0.39735548,True
34,5,25,T6,0.05911491,-0.0485727,0.06865174,0.75,0.75,"[2, 6]",0.75,False,0.4742355,0.08569795,0.39735548,True
34,5,26,Oz,0.0703392,0.06167097,0.09316961,0.75,0.75,"[2, 6]",0.75,False,0.4742355,0.08569795,0.39735548,True
34,5,27,O1,0.1305373,0.05721438,0.1490386,0.75,0.75,"[2, 6]",0.75,False,0.4742355,0.08569795,0.39735548,True
34,5,28,O2,0.15556614,0.03112015,0.16171487,0.75,0.75,"[2, 6]",0.75,False,0.4742355,0.08569795,0.39735548,True
35,1,0,Fp1,0.10965674,-0.09555121,0.12231992,0.5,0.5,"[0, 8]",1.0,True,0.00323102,0.00030001,0.00270723,True
35,1,1,Fp2,0.07765819,0.06131019,0.0951886,0.5,0.5,"[0, 8]",1.0,True,0.00323102,0.00030001,0.00270723,True
35,1,2,Fz,0.10400176,-0.0981815,0.11732588,0.5,0.5,"[0, 8]",1.0,True,0.00323102,0.00030001,0.00270723,True
35,1,3,F3,0.08777069,0.02741322,0.09465111,0.5,0.5,"[0, 8]",1.0,True,0.00323102,0.00030001,0.00270723,True
35,1,4,F4,0.09768283,0.01250003,0.10789616,0.5,0.5,"[0, 8]",1.0,True,0.00323102,0.00030001,0.00270723,True
35,1,5,F7,0.08380587,0.08152676,0.09744392,0.5,0.5,"[0, 8]",1.0,True,0.00323102,0.00030001,0.00270723,True
35,1,6,F8,0.07749207,-0.02905646,0.0785228,0.5,0.5,"[0, 8]",1.0,True,0.00323102,0.00030001,0.00270723,True
35,1,7,FCz,0.0989329,0.0989329,0.11421797,0.5,0.5,"[0, 8]",1.0,True,0.00323102,0.00030001,0.00270723,True
35,1,8,FC3,0.03099027,0.00617212,0.0376402,0.5,0.5,"[0, 8]",1.0,True,0.00323102,0.00030001,0.00270723,True
35,1,9,FC4,0.05789174,-0.05789174,0.07613077,0.5,0.5,"[0, 8]",1.0,True,0.00323102,0.00030001,0.00270723,True
35,1,10,FT7,0.09041979,-0.05807623,0.10388394,0.5,0.5,"[0, 8]",1.0,True,0.00323102,0.00030001,0.00270723,True
35,1,11,FT8,0.08024118,-0.0036878,0.09738479,0.5,0.5,"[0, 8]",1.0,True,0.00323102,0.00030001,0.00270723,True
35,1,12,Cz,0.07720223,0.07568365,0.09267944,0.5,0.5,"[0, 8]",1.0,True,0.00323102,0.00030001,0.00270723,True
35,1,13,C3,0.1152309,0.07266648,0.11747747,0.5,0.5,"[0, 8]",1.0,True,0.00323102,0.00030001,0.00270723,True
35,1,14,C4,0.08565487,-0.0752746,0.0961355,0.5,0.5,"[0, 8]",1.0,True,0.00323102,0.00030001,0.00270723,True
35,1,15,T3,0.12688477,0.12688477,0.13210857,0.5,0.5,"[0, 8]",1.0,True,0.00323102,0.00030001,0.00270723,True
35,1,16,T4,0.1220876,0.01301596,0.13448861,0.5,0.5,"[0, 8]",1.0,True,0.00323102,0.00030001,0.00270723,True
35,1,17,CP3,0.1208244,0.03294354,0.13925958,0.5,0.5,"[0, 8]",1.0,True,0.00323102,0.00030001,0.00270723,True
35,1,18,CP4,0.11093313,0.03435948,0.12759419,0.5,0.5,"[0, 8]",1.0,True,0.00323102,0.00030001,0.00270723,True
35,1,19,TP7,0.08457774,-0.01858152,0.09456403,0.5,0.5,"[0, 8]",1.0,True,0.00323102,0.00030001,0.00270723,True
35,1,20,TP8,0.08896947,-0.05946341,0.10819639,0.5,0.5,"[0, 8]",1.0,True,0.00323102,0.00030001,0.00270723,True
35,1,21,Pz,0.153189,0.00658239,0.15336807,0.5,0.5,"[0, 8]",1.0,True,0.00323102,0.00030001,0.00270723,True
35,1,22,P3,0.10815743,0.10815743,0.11736307,0.5,0.5,"[0, 8]",1.0,True,0.00323102,0.00030001,0.00270723,True
35,1,23,P4,0.10496341,-0.09331531,0.11701025,0.5,0.5,"[0, 8]",1.0,True,0.00323102,0.00030001,0.00270723,True
35,1,24,T5,0.10530554,0.07343882,0.11467036,0.5,0.5,"[0, 8]",1.0,True,0.00323102,0.00030001,0.00270723,True
35,1,25,T6,0.0811255,-0.06250653,0.09237628,0.5,0.5,"[0, 8]",1.0,True,0.00323102,0.00030001,0.00270723,True
35,1,26,Oz,0.07747076,0.0419676,0.07984816,0.5,0.5,"[0, 8]",1.0,True,0.00323102,0.00030001,0.00270723,True
35,1,27,O1,0.12186212,0.05623303,0.13213171,0.5,0.5,"[0, 8]",1.0,True,0.00323102,0.00030001,0.00270723,True
35,1,28,O2,0.14384139,-0.02368954,0.14656635,0.5,0.5,"[0, 8]",1.0,True,0.00323102,0.00030001,0.00270723,True
35,2,0,Fp1,0.10333909,-0.10233278,0.14142008,0.625,0.625,"[5, 3]",0.625,False,0.51161388,0.10337598,0.42867431,True
35,2,1,Fp2,0.06568261,0.05559493,0.07575671,0.625,0.625,"[5, 3]",0.625,False,0.51161388,0.10337598,0.42867431,True
35,2,2,Fz,0.1304027,-0.10679959,0.13937058,0.625,0.625,"[5, 3]",0.625,False,0.51161388,0.10337598,0.42867431,True
35,2,3,F3,0.06364135,-0.00832143,0.0746997,0.625,0.625,"[5, 3]",0.625,False,0.51161388,0.10337598,0.42867431,True
35,2,4,F4,0.12521338,0.07381662,0.1267501,0.625,0.625,"[5, 3]",0.625,False,0.51161388,0.10337598,0.42867431,True
35,2,5,F7,0.07766902,0.07766902,0.10081226,0.625,0.625,"[5, 3]",0.625,False,0.51161388,0.10337598,0.42867431,True
35,2,6,F8,0.07682393,-0.00295464,0.09538009,0.625,0.625,"[5, 3]",0.625,False,0.51161388,0.10337598,0.42867431,True
35,2,7,FCz,0.09252842,0.07747997,0.10146479,0.625,0.625,"[5, 3]",0.625,False,0.51161388,0.10337598,0.42867431,True
35,2,8,FC3,0.06514627,-0.00742103,0.08394551,0.625,0.625,"[5, 3]",0.625,False,0.51161388,0.10337598,0.42867431,True
35,2,9,FC4,0.064826,-0.03852891,0.07466721,0.625,0.625,"[5, 3]",0.625,False,0.51161388,0.10337598,0.42867431,True
35,2,10,FT7,0.05773622,-0.05773622,0.06795587,0.625,0.625,"[5, 3]",0.625,False,0.51161388,0.10337598,0.42867431,True
35,2,11,FT8,0.08777989,-0.00085728,0.09035727,0.625,0.625,"[5, 3]",0.625,False,0.51161388,0.10337598,0.42867431,True
35,2,12,Cz,0.05487312,0.04522534,0.06589781,0.625,0.625,"[5, 3]",0.625,False,0.51161388,0.10337598,0.42867431,True
35,2,13,C3,0.08564705,0.04365415,0.09314094,0.625,0.625,"[5, 3]",0.625,False,0.51161388,0.10337598,0.42867431,True
35,2,14,C4,0.08079305,-0.03726614,0.0964934,0.625,0.625,"[5, 3]",0.625,False,0.51161388,0.10337598,0.42867431,True
35,2,15,T3,0.13563965,0.13563965,0.13763084,0.625,0.625,"[5, 3]",0.625,False,0.51161388,0.10337598,0.42867431,True
35,2,16,T4,0.12824355,0.00171312,0.14232135,0.625,0.625,"[5, 3]",0.625,False,0.51161388,0.10337598,0.42867431,True
35,2,17,CP3,0.07610206,0.02274921,0.08669879,0.625,0.625,"[5, 3]",0.625,False,0.51161388,0.10337598,0.42867431,True
35,2,18,CP4,0.14757083,0.10819773,0.16608867,0.625,0.625,"[5, 3]",0.625,False,0.51161388,0.10337598,0.42867431,True
35,2,19,TP7,0.11572754,-0.03204937,0.12546605,0.625,0.625,"[5, 3]",0.625,False,0.51161388,0.10337598,0.42867431,True
35,2,20,TP8,0.06867111,-0.03639474,0.07248055,0.625,0.625,"[5, 3]",0.625,False,0.51161388,0.10337598,0.42867431,True
35,2,21,Pz,0.16803408,-0.02475279,0.17119178,0.625,0.625,"[5, 3]",0.625,False,0.51161388,0.10337598,0.42867431,True
35,2,22,P3,0.1192053,0.1192053,0.14005932,0.625,0.625,"[5, 3]",0.625,False,0.51161388,0.10337598,0.42867431,True
35,2,23,P4,0.08198953,-0.07386911,0.09607321,0.625,0.625,"[5, 3]",0.625,False,0.51161388,0.10337598,0.42867431,True
35,2,24,T5,0.06020122,0.03719716,0.07155149,0.625,0.625,"[5, 3]",0.625,False,0.51161388,0.10337598,0.42867431,True
35,2,25,T6,0.0798392,-0.0798392,0.09826162,0.625,0.625,"[5, 3]",0.625,False,0.51161388,0.10337598,0.42867431,True
35,2,26,Oz,0.13521877,0.0792838,0.14426252,0.625,0.625,"[5, 3]",0.625,False,0.51161388,0.10337598,0.42867431,True
35,2,27,O1,0.09865853,0.03281416,0.11051743,0.625,0.625,"[5, 3]",0.625,False,0.51161388,0.10337598,0.42867431,True
35,2,28,O2,0.12082154,-0.02957704,0.1260017,0.625,0.625,"[5, 3]",0.625,False,0.51161388,0.10337598,0.42867431,True
35,3,0,Fp1,0.04234986,-0.0186676,0.0640035,0.625,0.625,"[3, 5]",0.625,False,1.13890482,0.25591946,0.95427287,True
35,3,1,Fp2,0.06333854,0.01522516,0.08369686,0.625,0.625,"[3, 5]",0.625,False,1.13890482,0.25591946,0.95427287,True
35,3,2,Fz,0.05921338,-0.05276348,0.08181603,0.625,0.625,"[3, 5]",0.625,False,1.13890482,0.25591946,0.95427287,True
35,3,3,F3,0.09240621,0.04577097,0.12052239,0.625,0.625,"[3, 5]",0.625,False,1.13890482,0.25591946,0.95427287,True
35,3,4,F4,0.06457383,0.01823253,0.06760704,0.625,0.625,"[3, 5]",0.625,False,1.13890482,0.25591946,0.95427287,True
35,3,5,F7,0.07071179,0.04257448,0.0823888,0.625,0.625,"[3, 5]",0.625,False,1.13890482,0.25591946,0.95427287,True
35,3,6,F8,0.06209049,0.02219256,0.0778375,0.625,0.625,"[3, 5]",0.625,False,1.13890482,0.25591946,0.95427287,True
35,3,7,FCz,0.09130942,0.09130942,0.09761029,0.625,0.625,"[3, 5]",0.625,False,1.13890482,0.25591946,0.95427287,True
35,3,8,FC3,0.06124229,-0.06124229,0.07173011,0.625,0.625,"[3, 5]",0.625,False,1.13890482,0.25591946,0.95427287,True
35,3,9,FC4,0.04734082,0.01742706,0.04821673,0.625,0.625,"[3, 5]",0.625,False,1.13890482,0.25591946,0.95427287,True
35,3,10,FT7,0.16074181,0.01207129,0.16146822,0.625,0.625,"[3, 5]",0.625,False,1.13890482,0.25591946,0.95427287,True
35,3,11,FT8,0.11799259,-0.01932414,0.12381072,0.625,0.625,"[3, 5]",0.625,False,1.13890482,0.25591946,0.95427287,True
35,3,12,Cz,0.06823135,-0.0324105,0.06855167,0.625,0.625,"[3, 5]",0.625,False,1.13890482,0.25591946,0.95427287,True
35,3,13,C3,0.0677346,0.0677346,0.08118185,0.625,0.625,"[3, 5]",0.625,False,1.13890482,0.25591946,0.95427287,True
35,3,14,C4,0.0759889,-0.05412391,0.07865746,0.625,0.625,"[3, 5]",0.625,False,1.13890482,0.25591946,0.95427287,True
35,3,15,T3,0.06753054,0.06753054,0.08879688,0.625,0.625,"[3, 5]",0.625,False,1.13890482,0.25591946,0.95427287,True
35,3,16,T4,0.18523163,0.02496629,0.19989266,0.625,0.625,"[3, 5]",0.625,False,1.13890482,0.25591946,0.95427287,True
35,3,17,CP3,0.09564658,-0.06871843,0.10449373,0.625,0.625,"[3, 5]",0.625,False,1.13890482,0.25591946,0.95427287,True
35,3,18,CP4,0.1330927,0.10030285,0.15735547,0.625,0.625,"[3, 5]",0.625,False,1.13890482,0.25591946,0.95427287,True
35,3,19,TP7,0.04353963,0.01957546,0.05463221,0.625,0.625,"[3, 5]",0.625,False,1.13890482,0.25591946,0.95427287,True
35,3,20,TP8,0.05345236,-0.05345236,0.05628895,0.625,0.625,"[3, 5]",0.625,False,1.13890482,0.25591946,0.95427287,True
35,3,21,Pz,0.11379996,-0.11379996,0.12931554,0.625,0.625,"[3, 5]",0.625,False,1.13890482,0.25591946,0.95427287,True
35,3,22,P3,0.15950815,0.15950815,0.16291417,0.625,0.625,"[3, 5]",0.625,False,1.13890482,0.25591946,0.95427287,True
35,3,23,P4,0.09683354,0.09683354,0.09770391,0.625,0.625,"[3, 5]",0.625,False,1.13890482,0.25591946,0.95427287,True
35,3,24,T5,0.03818441,-0.01629831,0.04009181,0.625,0.625,"[3, 5]",0.625,False,1.13890482,0.25591946,0.95427287,True
35,3,25,T6,0.08416359,-0.06897566,0.11531959,0.625,0.625,"[3, 5]",0.625,False,1.13890482,0.25591946,0.95427287,True
35,3,26,Oz,0.21240687,0.09432697,0.24127857,0.625,0.625,"[3, 5]",0.625,False,1.13890482,0.25591946,0.95427287,True
35,3,27,O1,0.07196067,-0.02474958,0.07839164,0.625,0.625,"[3, 5]",0.625,False,1.13890482,0.25591946,0.95427287,True
35,3,28,O2,0.05962119,0.00635508,0.06809494,0.625,0.625,"[3, 5]",0.625,False,1.13890482,0.25591946,0.95427287,True
35,4,0,Fp1,0.09414172,-0.08867002,0.12604319,0.75,0.75,"[6, 2]",0.75,False,0.50411062,0.0909705,0.42238744,True
35,4,1,Fp2,0.03853943,0.01676215,0.04807843,0.75,0.75,"[6, 2]",0.75,False,0.50411062,0.0909705,0.42238744,True
35,4,2,Fz,0.12523171,-0.08753895,0.12997293,0.75,0.75,"[6, 2]",0.75,False,0.50411062,0.0909705,0.42238744,True
35,4,3,F3,0.1020005,0.00657181,0.11902589,0.75,0.75,"[6, 2]",0.75,False,0.50411062,0.0909705,0.42238744,True
35,4,4,F4,0.12512985,0.03985345,0.13378492,0.75,0.75,"[6, 2]",0.75,False,0.50411062,0.0909705,0.42238744,True
35,4,5,F7,0.09408626,0.09408626,0.12976301,0.75,0.75,"[6, 2]",0.75,False,0.50411062,0.0909705,0.42238744,True
35,4,6,F8,0.07026206,-0.00042193,0.08279906,0.75,0.75,"[6, 2]",0.75,False,0.50411062,0.0909705,0.42238744,True
35,4,7,FCz,0.09041908,0.09041908,0.10061987,0.75,0.75,"[6, 2]",0.75,False,0.50411062,0.0909705,0.42238744,True
35,4,8,FC3,0.03866366,-0.00209868,0.04736612,0.75,0.75,"[6, 2]",0.75,False,0.50411062,0.0909705,0.42238744,True
35,4,9,FC4,0.05629106,-0.03078229,0.06622727,0.75,0.75,"[6, 2]",0.75,False,0.50411062,0.0909705,0.42238744,True
35,4,10,FT7,0.08864926,-0.05507983,0.0939881,0.75,0.75,"[6, 2]",0.75,False,0.50411062,0.0909705,0.42238744,True
35,4,11,FT8,0.09194603,0.02586602,0.10986444,0.75,0.75,"[6, 2]",0.75,False,0.50411062,0.0909705,0.42238744,True
35,4,12,Cz,0.07572033,0.07572033,0.08478647,0.75,0.75,"[6, 2]",0.75,False,0.50411062,0.0909705,0.42238744,True
35,4,13,C3,0.09966178,0.04566458,0.10655832,0.75,0.75,"[6, 2]",0.75,False,0.50411062,0.0909705,0.42238744,True
35,4,14,C4,0.07971118,-0.07971118,0.09356581,0.75,0.75,"[6, 2]",0.75,False,0.50411062,0.0909705,0.42238744,True
35,4,15,T3,0.11443816,0.11443816,0.13259587,0.75,0.75,"[6, 2]",0.75,False,0.50411062,0.0909705,0.42238744,True
35,4,16,T4,0.10544081,0.03738497,0.12415237,0.75,0.75,"[6, 2]",0.75,False,0.50411062,0.0909705,0.42238744,True
35,4,17,CP3,0.0852873,0.02604899,0.09426051,0.75,0.75,"[6, 2]",0.75,False,0.50411062,0.0909705,0.42238744,True
35,4,18,CP4,0.13560104,0.03481938,0.15453131,0.75,0.75,"[6, 2]",0.75,False,0.50411062,0.0909705,0.42238744,True
35,4,19,TP7,0.12926528,-0.02873357,0.1340531,0.75,0.75,"[6, 2]",0.75,False,0.50411062,0.0909705,0.42238744,True
35,4,20,TP8,0.07525203,-0.02957558,0.09182821,0.75,0.75,"[6, 2]",0.75,False,0.50411062,0.0909705,0.42238744,True
35,4,21,Pz,0.13016538,-0.02627469,0.13432497,0.75,0.75,"[6, 2]",0.75,False,0.50411062,0.0909705,0.42238744,True
35,4,22,P3,0.12168007,0.11216211,0.14636005,0.75,0.75,"[6, 2]",0.75,False,0.50411062,0.0909705,0.42238744,True
35,4,23,P4,0.0912047,-0.05422285,0.10173013,0.75,0.75,"[6, 2]",0.75,False,0.50411062,0.0909705,0.42238744,True
35,4,24,T5,0.09822852,0.03414723,0.11203274,0.75,0.75,"[6, 2]",0.75,False,0.50411062,0.0909705,0.42238744,True
35,4,25,T6,0.08029535,-0.02428858,0.08624384,0.75,0.75,"[6, 2]",0.75,False,0.50411062,0.0909705,0.42238744,True
35,4,26,Oz,0.10148974,0.06643784,0.10508496,0.75,0.75,"[6, 2]",0.75,False,0.50411062,0.0909705,0.42238744,True
35,4,27,O1,0.11069401,0.03739736,0.13031213,0.75,0.75,"[6, 2]",0.75,False,0.50411062,0.0909705,0.42238744,True
35,4,28,O2,0.10641867,-0.00895251,0.11330198,0.75,0.75,"[6, 2]",0.75,False,0.50411062,0.0909705,0.42238744,True
35,5,0,Fp1,0.10965674,-0.09555121,0.12231993,0.5,0.5,"[0, 8]",1.0,True,0.00323098,0.00030001,0.0027072,True
35,5,1,Fp2,0.07765819,0.06131019,0.09515129,0.5,0.5,"[0, 8]",1.0,True,0.00323098,0.00030001,0.0027072,True
35,5,2,Fz,0.10400175,-0.09818149,0.11735865,0.5,0.5,"[0, 8]",1.0,True,0.00323098,0.00030001,0.0027072,True
35,5,3,F3,0.08807067,0.0277132,0.09481942,0.5,0.5,"[0, 8]",1.0,True,0.00323098,0.00030001,0.0027072,True
35,5,4,F4,0.09768283,0.01250002,0.10796414,0.5,0.5,"[0, 8]",1.0,True,0.00323098,0.00030001,0.0027072,True
35,5,5,F7,0.08395586,0.08167676,0.09759305,0.5,0.5,"[0, 8]",1.0,True,0.00323098,0.00030001,0.0027072,True
35,5,6,F8,0.07734206,-0.02890647,0.07837177,0.5,0.5,"[0, 8]",1.0,True,0.00323098,0.00030001,0.0027072,True
35,5,7,FCz,0.09893289,0.09893289,0.11421797,0.5,0.5,"[0, 8]",1.0,True,0.00323098,0.00030001,0.0027072,True
35,5,8,FC3,0.03084027,0.00602213,0.03762218,0.5,0.5,"[0, 8]",1.0,True,0.00323098,0.00030001,0.0027072,True
35,5,9,FC4,0.05774175,-0.05774175,0.07610068,0.5,0.5,"[0, 8]",1.0,True,0.00323098,0.00030001,0.0027072,True
35,5,10,FT7,0.09041987,-0.05837613,0.10387497,0.5,0.5,"[0, 8]",1.0,True,0.00323098,0.00030001,0.0027072,True
35,5,11,FT8,0.08009119,-0.0035378,0.09734059,0.5,0.5,"[0, 8]",1.0,True,0.00323098,0.00030001,0.0027072,True
35,5,12,Cz,0.07705224,0.07553367,0.09244726,0.5,0.5,"[0, 8]",1.0,True,0.00323098,0.00030001,0.0027072,True
35,5,13,C3,0.1152309,0.0726665,0.11744624,0.5,0.5,"[0, 8]",1.0,True,0.00323098,0.00030001,0.0027072,True
35,5,14,C4,0.08580486,-0.07542459,0.09632952,0.5,0.5,"[0, 8]",1.0,True,0.00323098,0.00030001,0.0027072,True
35,5,15,T3,0.12673478,0.12673478,0.13191344,0.5,0.5,"[0, 8]",1.0,True,0.00323098,0.00030001,0.0027072,True
35,5,16,T4,0.12208759,0.01301596,0.1344886,0.5,0.5,"[0, 8]",1.0,True,0.00323098,0.00030001,0.0027072,True
35,5,17,CP3,0.12097439,0.03279355,0.13944155,0.5,0.5,"[0, 8]",1.0,True,0.00323098,0.00030001,0.0027072,True
35,5,18,CP4,0.11078314,0.03420949,0.12749182,0.5,0.5,"[0, 8]",1.0,True,0.00323098,0.00030001,0.0027072,True
35,5,19,TP7,0.08442771,-0.01873149,0.09443701,0.5,0.5,"[0, 8]",1.0,True,0.00323098,0.00030001,0.0027072,True
35,5,20,TP8,0.08896946,-0.0594634,0.10819637,0.5,0.5,"[0, 8]",1.0,True,0.00323098,0.00030001,0.0027072,True
35,5,21,Pz,0.153189,0.00658239,0.15336807,0.5,0.5,"[0, 8]",1.0,True,0.00323098,0.00030001,0.0027072,True
35,5,22,P3,0.10815744,0.10815744,0.11740409,0.5,0.5,"[0, 8]",1.0,True,0.00323098,0.00030001,0.0027072,True
35,5,23,P4,0.10496341,-0.09331531,0.11701025,0.5,0.5,"[0, 8]",1.0,True,0.00323098,0.00030001,0.0027072,True
35,5,24,T5,0.10515555,0.07328883,0.11459687,0.5,0.5,"[0, 8]",1.0,True,0.00323098,0.00030001,0.0027072,True
35,5,25,T6,0.0811255,-0.06250653,0.09237628,0.5,0.5,"[0, 8]",1.0,True,0.00323098,0.00030001,0.0027072,True
35,5,26,Oz,0.07747076,0.04226759,0.07987621,0.5,0.5,"[0, 8]",1.0,True,0.00323098,0.00030001,0.0027072,True
35,5,27,O1,0.12201212,0.05608303,0.13228099,0.5,0.5,"[0, 8]",1.0,True,0.00323098,0.00030001,0.0027072,True
35,5,28,O2,0.14384139,-0.02368955,0.14656635,0.5,0.5,"[0, 8]",1.0,True,0.00323098,0.00030001,0.0027072,True
36,1,0,Fp1,0.10995674,-0.0958512,0.12262449,0.5,0.5,"[0, 8]",1.0,True,0.00323102,0.00030001,0.00270723,True
36,1,1,Fp2,0.07780819,0.06146018,0.09545762,0.5,0.5,"[0, 8]",1.0,True,0.00323102,0.00030001,0.00270723,True
36,1,2,Fz,0.10370176,-0.0981815,0.11716076,0.5,0.5,"[0, 8]",1.0,True,0.00323102,0.00030001,0.00270723,True
36,1,3,F3,0.08792067,0.0275632,0.09472229,0.5,0.5,"[0, 8]",1.0,True,0.00323102,0.00030001,0.00270723,True
36,1,4,F4,0.09753284,0.01235003,0.10784688,0.5,0.5,"[0, 8]",1.0,True,0.00323102,0.00030001,0.00270723,True
36,1,5,F7,0.08410586,0.08182675,0.09781133,0.5,0.5,"[0, 8]",1.0,True,0.00323102,0.00030001,0.00270723,True
36,1,6,F8,0.07719208,-0.02905646,0.07818673,0.5,0.5,"[0, 8]",1.0,True,0.00323102,0.00030001,0.00270723,True
36,1,7,FCz,0.09893288,0.09893288,0.11430262,0.5,0.5,"[0, 8]",1.0,True,0.00323102,0.00030001,0.00270723,True
36,1,8,FC3,0.03084027,0.00602213,0.03746834,0.5,0.5,"[0, 8]",1.0,True,0.00323102,0.00030001,0.00270723,True
36,1,9,FC4,0.05789174,-0.05789174,0.07618263,0.5,0.5,"[0, 8]",1.0,True,0.00323102,0.00030001,0.00270723,True
36,1,10,FT7,0.0902698,-0.05822623,0.10378835,0.5,0.5,"[0, 8]",1.0,True,0.00323102,0.00030001,0.00270723,True
36,1,11,FT8,0.08009119,-0.0035378,0.09717131,0.5,0.5,"[0, 8]",1.0,True,0.00323102,0.00030001,0.00270723,True
36,1,12,Cz,0.07705224,0.07553366,0.09250345,0.5,0.5,"[0, 8]",1.0,True,0.00323102,0.00030001,0.00270723,True
36,1,13,C3,0.11553089,0.07266648,0.1177182,0.5,0.5,"[0, 8]",1.0,True,0.00323102,0.00030001,0.00270723,True
36,1,14,C4,0.08580488,-0.07512461,0.096165,0.5,0.5,"[0, 8]",1.0,True,0.00323102,0.00030001,0.00270723,True
36,1,15,T3,0.12673479,0.12673479,0.13199672,0.5,0.5,"[0, 8]",1.0,True,0.00323102,0.00030001,0.00270723,True
36,1,16,T4,0.12223759,0.01346594,0.13460281,0.5,0.5,"[0, 8]",1.0,True,0.00323102,0.00030001,0.00270723,True
36,1,17,CP3,0.12097439,0.03279355,0.13944155,0.5,0.5,"[0, 8]",1.0,True,0.00323102,0.00030001,0.00270723,True
36,1,18,CP4,0.11063313,0.03435949,0.12731186,0.5,0.5,"[0, 8]",1.0,True,0.00323102,0.00030001,0.00270723,True
36,1,19,TP7,0.08442771,-0.01873149,0.09427328,0.5,0.5,"[0, 8]",1.0,True,0.00323102,0.00030001,0.00270723,True
36,1,20,TP8,0.08896946,-0.0594634,0.10825004,0.5,0.5,"[0, 8]",1.0,True,0.00323102,0.00030001,0.00270723,True
36,1,21,Pz,0.15303889,0.00673228,0.15322235,0.5,0.5,"[0, 8]",1.0,True,0.00323102,0.00030001,0.00270723,True
36,1,22,P3,0.10815744,0.10815744,0.1173338,0.5,0.5,"[0, 8]",1.0,True,0.00323102,0.00030001,0.00270723,True
36,1,23,P4,0.10481341,-0.09316531,0.11685598,0.5,0.5,"[0, 8]",1.0,True,0.00323102,0.00030001,0.00270723,True
36,1,24,T5,0.10485554,0.07328883,0.11431106,0.5,0.5,"[0, 8]",1.0,True,0.00323102,0.00030001,0.00270723,True
36,1,25,T6,0.0811255,-0.06220653,0.09237818,0.5,0.5,"[0, 8]",1.0,True,0.00323102,0.00030001,0.00270723,True
36,1,26,Oz,0.07762076,0.04211759,0.07994334,0.5,0.5,"[0, 8]",1.0,True,0.00323102,0.00030001,0.00270723,True
36,1,27,O1,0.12186212,0.05593303,0.13223472,0.5,0.5,"[0, 8]",1.0,True,0.00323102,0.00030001,0.00270723,True
36,1,28,O2,0.14414138,-0.02368953,0.14689206,0.5,0.5,"[0, 8]",1.0,True,0.00323102,0.00030001,0.00270723,True
36,2,0,Fp1,0.10980678,-0.09570125,0.12251038,0.5,0.5,"[0, 8]",1.0,True,0.00323102,0.00030001,0.00270722,True
36,2,1,Fp2,0.07765819,0.06131018,0.09518859,0.5,0.5,"[0, 8]",1.0,True,0.00323102,0.00030001,0.00270722,True
36,2,2,Fz,0.10385176,-0.0983315,0.11734416,0.5,0.5,"[0, 8]",1.0,True,0.00323102,0.00030001,0.00270722,True
36,2,3,F3,0.08777068,0.02741321,0.09452514,0.5,0.5,"[0, 8]",1.0,True,0.00323102,0.00030001,0.00270722,True
36,2,4,F4,0.09768283,0.01250002,0.10796414,0.5,0.5,"[0, 8]",1.0,True,0.00323102,0.00030001,0.00270722,True
36,2,5,F7,0.08410585,0.08182674,0.09781133,0.5,0.5,"[0, 8]",1.0,True,0.00323102,0.00030001,0.00270722,True
36,2,6,F8,0.07749207,-0.02935645,0.07847528,0.5,0.5,"[0, 8]",1.0,True,0.00323102,0.00030001,0.00270722,True
36,2,7,FCz,0.09893288,0.09893288,0.11430262,0.5,0.5,"[0, 8]",1.0,True,0.00323102,0.00030001,0.00270722,True
36,2,8,FC3,0.03084027,0.00572213,0.03760595,0.5,0.5,"[0, 8]",1.0,True,0.00323102,0.00030001,0.00270722,True
36,2,9,FC4,0.05774175,-0.05774175,0.07617235,0.5,0.5,"[0, 8]",1.0,True,0.00323102,0.00030001,0.00270722,True
36,2,10,FT7,0.09056979,-0.05852622,0.10413339,0.5,0.5,"[0, 8]",1.0,True,0.00323102,0.00030001,0.00270722,True
36,2,11,FT8,0.08009119,-0.0035378,0.09717131,0.5,0.5,"[0, 8]",1.0,True,0.00323102,0.00030001,0.00270722,True
36,2,12,Cz,0.07705224,0.07553366,0.09250345,0.5,0.5,"[0, 8]",1.0,True,0.00323102,0.00030001,0.00270722,True
36,2,13,C3,0.11553089,0.07266648,0.11771819,0.5,0.5,"[0, 8]",1.0,True,0.00323102,0.00030001,0.00270722,True
36,2,14,C4,0.08550489,-0.07512458,0.09602215,0.5,0.5,"[0, 8]",1.0,True,0.00323102,0.00030001,0.00270722,True
36,2,15,T3,0.12703477,0.12703477,0.13227352,0.5,0.5,"[0, 8]",1.0,True,0.00323102,0.00030001,0.00270722,True
36,2,16,T4,0.1219376,0.01346595,0.13434143,0.5,0.5,"[0, 8]",1.0,True,0.00323102,0.00030001,0.00270722,True
36,2,17,CP3,0.12127438,0.03279354,0.13964692,0.5,0.5,"[0, 8]",1.0,True,0.00323102,0.00030001,0.00270722,True
36,2,18,CP4,0.11078313,0.03450948,0.12733555,0.5,0.5,"[0, 8]",1.0,True,0.00323102,0.00030001,0.00270722,True
36,2,19,TP7,0.08457771,-0.01888149,0.09451903,0.5,0.5,"[0, 8]",1.0,True,0.00323102,0.00030001,0.00270722,True
36,2,20,TP8,0.08881947,-0.0593134,0.10801729,0.5,0.5,"[0, 8]",1.0,True,0.00323102,0.00030001,0.00270722,True
36,2,21,Pz,0.15288901,0.0065824,0.15307032,0.5,0.5,"[0, 8]",1.0,True,0.00323102,0.00030001,0.00270722,True
36,2,22,P3,0.10815744,0.10815744,0.11733381,0.5,0.5,"[0, 8]",1.0,True,0.00323102,0.00030001,0.00270722,True
36,2,23,P4,0.10466341,-0.09301531,0.11671546,0.5,0.5,"[0, 8]",1.0,True,0.00323102,0.00030001,0.00270722,True
36,2,24,T5,0.10500554,0.07343882,0.11451381,0.5,0.5,"[0, 8]",1.0,True,0.00323102,0.00030001,0.00270722,True
36,2,25,T6,0.08127549,-0.06235653,0.09243721,0.5,0.5,"[0, 8]",1.0,True,0.00323102,0.00030001,0.00270722,True
36,2,26,Oz,0.07762077,0.04241758,0.07997136,0.5,0.5,"[0, 8]",1.0,True,0.00323102,0.00030001,0.00270722,True
36,2,27,O1,0.12201212,0.05608303,0.13228099,0.5,0.5,"[0, 8]",1.0,True,0.00323102,0.00030001,0.00270722,True
36,2,28,O2,0.14399141,-0.02353957,0.14670475,0.5,0.5,"[0, 8]",1.0,True,0.00323102,0.00030001,0.00270722,True
36,3,0,Fp1,0.10980673,-0.09600119,0.12259036,0.5,0.5,"[0, 8]",1.0,True,0.00323086,0.00030001,0.00270709,True
36,3,1,Fp2,0.07780819,0.06116018,0.09540656,0.5,0.5,"[0, 8]",1.0,True,0.00323086,0.00030001,0.00270709,True
36,3,2,Fz,0.10400175,-0.09848148,0.11749454,0.5,0.5,"[0, 8]",1.0,True,0.00323086,0.00030001,0.00270709,True
36,3,3,F3,0.08762068,0.02756321,0.09433386,0.5,0.5,"[0, 8]",1.0,True,0.00323086,0.00030001,0.00270709,True
36,3,4,F4,0.09753284,0.01235002,0.10783582,0.5,0.5,"[0, 8]",1.0,True,0.00323086,0.00030001,0.00270709,True
36,3,5,F7,0.08410586,0.08182675,0.09781133,0.5,0.5,"[0, 8]",1.0,True,0.00323086,0.00030001,0.00270709,True
36,3,6,F8,0.07764206,-0.02950645,0.07859506,0.5,0.5,"[0, 8]",1.0,True,0.00323086,0.00030001,0.00270709,True
36,3,7,FCz,0.09893288,0.09893288,0.11430262,0.5,0.5,"[0, 8]",1.0,True,0.00323086,0.00030001,0.00270709,True
36,3,8,FC3,0.03084027,0.00602213,0.03746834,0.5,0.5,"[0, 8]",1.0,True,0.00323086,0.00030001,0.00270709,True
36,3,9,FC4,0.05804175,-0.05804175,0.07637416,0.5,0.5,"[0, 8]",1.0,True,0.00323086,0.00030001,0.00270709,True
36,3,10,FT7,0.0902698,-0.05822623,0.10396316,0.5,0.5,"[0, 8]",1.0,True,0.00323086,0.00030001,0.00270709,True
36,3,11,FT8,0.08024119,-0.0036878,0.09721559,0.5,0.5,"[0, 8]",1.0,True,0.00323086,0.00030001,0.00270709,True
36,3,12,Cz,0.07735223,0.07583365,0.09283858,0.5,0.5,"[0, 8]",1.0,True,0.00323086,0.00030001,0.00270709,True
36,3,13,C3,0.11553089,0.07266649,0.1177182,0.5,0.5,"[0, 8]",1.0,True,0.00323086,0.00030001,0.00270709,True
36,3,14,C4,0.08595484,-0.07527457,0.09636229,0.5,0.5,"[0, 8]",1.0,True,0.00323086,0.00030001,0.00270709,True
36,3,15,T3,0.12688477,0.12688477,0.13219169,0.5,0.5,"[0, 8]",1.0,True,0.00323086,0.00030001,0.00270709,True
36,3,16,T4,0.12208758,0.01331595,0.13452926,0.5,0.5,"[0, 8]",1.0,True,0.00323086,0.00030001,0.00270709,True
36,3,17,CP3,0.12127438,0.03309354,0.13959895,0.5,0.5,"[0, 8]",1.0,True,0.00323086,0.00030001,0.00270709,True
36,3,18,CP4,0.11063313,0.03435949,0.12731186,0.5,0.5,"[0, 8]",1.0,True,0.00323086,0.00030001,0.00270709,True
36,3,19,TP7,0.08442771,-0.01873149,0.09431884,0.5,0.5,"[0, 8]",1.0,True,0.00323086,0.00030001,0.00270709,True
36,3,20,TP8,0.08896946,-0.0594634,0.10825004,0.5,0.5,"[0, 8]",1.0,True,0.00323086,0.00030001,0.00270709,True
36,3,21,Pz,0.15303901,0.00673239,0.15322734,0.5,0.5,"[0, 8]",1.0,True,0.00323086,0.00030001,0.00270709,True
36,3,22,P3,0.10830744,0.10830744,0.11754787,0.5,0.5,"[0, 8]",1.0,True,0.00323086,0.00030001,0.00270709,True
36,3,23,P4,0.10466341,-0.09301531,0.11664271,0.5,0.5,"[0, 8]",1.0,True,0.00323086,0.00030001,0.00270709,True
36,3,24,T5,0.10500543,0.0734387,0.11439622,0.5,0.5,"[0, 8]",1.0,True,0.00323086,0.00030001,0.00270709,True
36,3,25,T6,0.08112584,-0.06220688,0.09223259,0.5,0.5,"[0, 8]",1.0,True,0.00323086,0.00030001,0.00270709,True
36,3,26,Oz,0.07777076,0.04256759,0.08016515,0.5,0.5,"[0, 8]",1.0,True,0.00323086,0.00030001,0.00270709,True
36,3,27,O1,0.12186213,0.05623303,0.13213171,0.5,0.5,"[0, 8]",1.0,True,0.00323086,0.00030001,0.00270709,True
36,3,28,O2,0.14414138,-0.02338954,0.14681268,0.5,0.5,"[0, 8]",1.0,True,0.00323086,0.00030001,0.00270709,True
36,4,0,Fp1,0.10980673,-0.0957012,0.12243427,0.5,0.5,"[0, 8]",1.0,True,0.00323103,0.00030001,0.00270723,True
36,4,1,Fp2,0.07780819,0.06146018,0.09542041,0.5,0.5,"[0, 8]",1.0,True,0.00323103,0.00030001,0.00270723,True
36,4,2,Fz,0.10370177,-0.0981815,0.11716076,0.5,0.5,"[0, 8]",1.0,True,0.00323103,0.00030001,0.00270723,True
36,4,3,F3,0.08792067,0.02756321,0.09474831,0.5,0.5,"[0, 8]",1.0,True,0.00323103,0.00030001,0.00270723,True
36,4,4,F4,0.09768283,0.01250002,0.10796414,0.5,0.5,"[0, 8]",1.0,True,0.00323103,0.00030001,0.00270723,True
36,4,5,F7,0.08410586,0.08182676,0.097735,0.5,0.5,"[0, 8]",1.0,True,0.00323103,0.00030001,0.00270723,True
36,4,6,F8,0.07764206,-0.02950645,0.07859506,0.5,0.5,"[0, 8]",1.0,True,0.00323103,0.00030001,0.00270723,True
36,4,7,FCz,0.09893288,0.09893288,0.11430262,0.5,0.5,"[0, 8]",1.0,True,0.00323103,0.00030001,0.00270723,True
36,4,8,FC3,0.03084027,0.00602213,0.03746834,0.5,0.5,"[0, 8]",1.0,True,0.00323103,0.00030001,0.00270723,True
36,4,9,FC4,0.05819174,-0.05819174,0.07638441,0.5,0.5,"[0, 8]",1.0,True,0.00323103,0.00030001,0.00270723,True
36,4,10,FT7,0.09041979,-0.05837622,0.1040496,0.5,0.5,"[0, 8]",1.0,True,0.00323103,0.00030001,0.00270723,True
36,4,11,FT8,0.08024118,-0.0036878,0.09721559,0.5,0.5,"[0, 8]",1.0,True,0.00323103,0.00030001,0.00270723,True
36,4,12,Cz,0.07690226,0.07538368,0.09234375,0.5,0.5,"[0, 8]",1.0,True,0.00323103,0.00030001,0.00270723,True
36,4,13,C3,0.11553089,0.0726665,0.1177182,0.5,0.5,"[0, 8]",1.0,True,0.00323103,0.00030001,0.00270723,True
36,4,14,C4,0.08580486,-0.0754246,0.09632952,0.5,0.5,"[0, 8]",1.0,True,0.00323103,0.00030001,0.00270723,True
36,4,15,T3,0.12673479,0.12673479,0.13199672,0.5,0.5,"[0, 8]",1.0,True,0.00323103,0.00030001,0.00270723,True
36,4,16,T4,0.12223759,0.01316595,0.13469495,0.5,0.5,"[0, 8]",1.0,True,0.00323103,0.00030001,0.00270723,True
36,4,17,CP3,0.12097439,0.03309354,0.13945736,0.5,0.5,"[0, 8]",1.0,True,0.00323103,0.00030001,0.00270723,True
36,4,18,CP4,0.11078312,0.0342095,0.1274918,0.5,0.5,"[0, 8]",1.0,True,0.00323103,0.00030001,0.00270723,True
36,4,19,TP7,0.08427771,-0.01888148,0.0941915,0.5,0.5,"[0, 8]",1.0,True,0.00323103,0.00030001,0.00270723,True
36,4,20,TP8,0.08926945,-0.0594634,0.10845322,0.5,0.5,"[0, 8]",1.0,True,0.00323103,0.00030001,0.00270723,True
36,4,21,Pz,0.153189,0.00658239,0.15336806,0.5,0.5,"[0, 8]",1.0,True,0.00323103,0.00030001,0.00270723,True
36,4,22,P3,0.10815743,0.10815743,0.11725799,0.5,0.5,"[0, 8]",1.0,True,0.00323103,0.00030001,0.00270723,True
36,4,23,P4,0.10496341,-0.09301532,0.11688627,0.5,0.5,"[0, 8]",1.0,True,0.00323103,0.00030001,0.00270723,True
36,4,24,T5,0.10500554,0.07343882,0.11451381,0.5,0.5,"[0, 8]",1.0,True,0.00323103,0.00030001,0.00270723,True
36,4,25,T6,0.08112549,-0.06220654,0.09237818,0.5,0.5,"[0, 8]",1.0,True,0.00323103,0.00030001,0.00270723,True
36,4,26,Oz,0.07747076,0.04226759,0.07987621,0.5,0.5,"[0, 8]",1.0,True,0.00323103,0.00030001,0.00270723,True
36,4,27,O1,0.12216212,0.05623303,0.13248841,0.5,0.5,"[0, 8]",1.0,True,0.00323103,0.00030001,0.00270723,True
36,4,28,O2,0.14399138,-0.02353954,0.14670472,0.5,0.5,"[0, 8]",1.0,True,0.00323103,0.00030001,0.00270723,True
36,5,0,Fp1,0.11010674,-0.0960012,0.12282328,0.5,0.5,"[0, 8]",1.0,True,0.00323067,0.00030001,0.00270693,True
36,5,1,Fp2,0.07780819,0.06146018,0.09525443,0.5,0.5,"[0, 8]",1.0,True,0.00323067,0.00030001,0.00270693,True
36,5,2,Fz,0.10400175,-0.09848149,0.11752756,0.5,0.5,"[0, 8]",1.0,True,0.00323067,0.00030001,0.00270693,True
36,5,3,F3,0.08792067,0.0275632,0.09472229,0.5,0.5,"[0, 8]",1.0,True,0.00323067,0.00030001,0.00270693,True
36,5,4,F4,0.09753284,0.01235002,0.10784689,0.5,0.5,"[0, 8]",1.0,True,0.00323067,0.00030001,0.00270693,True
36,5,5,F7,0.08395586,0.08167676,0.09766255,0.5,0.5,"[0, 8]",1.0,True,0.00323067,0.00030001,0.00270693,True
36,5,6,F8,0.07749207,-0.02935646,0.07844418,0.5,0.5,"[0, 8]",1.0,True,0.00323067,0.00030001,0.00270693,True
36,5,7,FCz,0.09878289,0.09878289,0.11416791,0.5,0.5,"[0, 8]",1.0,True,0.00323067,0.00030001,0.00270693,True
36,5,8,FC3,0.03069027,0.00587213,0.03740624,0.5,0.5,"[0, 8]",1.0,True,0.00323067,0.00030001,0.00270693,True
36,5,9,FC4,0.05774176,-0.05774176,0.07617235,0.5,0.5,"[0, 8]",1.0,True,0.00323067,0.00030001,0.00270693,True
36,5,10,FT7,0.0904198,-0.05837623,0.10404702,0.5,0.5,"[0, 8]",1.0,True,0.00323067,0.00030001,0.00270693,True
36,5,11,FT8,0.0800912,-0.00353781,0.09717131,0.5,0.5,"[0, 8]",1.0,True,0.00323067,0.00030001,0.00270693,True
36,5,12,Cz,0.07690305,0.07568284,0.09249903,0.5,0.5,"[0, 8]",1.0,True,0.00323067,0.00030001,0.00270693,True
36,5,13,C3,0.11553088,0.07266647,0.11771818,0.5,0.5,"[0, 8]",1.0,True,0.00323067,0.00030001,0.00270693,True
36,5,14,C4,0.08550489,-0.07512459,0.09602216,0.5,0.5,"[0, 8]",1.0,True,0.00323067,0.00030001,0.00270693,True
36,5,15,T3,0.12673479,0.12673479,0.13194492,0.5,0.5,"[0, 8]",1.0,True,0.00323067,0.00030001,0.00270693,True
36,5,16,T4,0.12223758,0.01346591,0.13460281,0.5,0.5,"[0, 8]",1.0,True,0.00323067,0.00030001,0.00270693,True
36,5,17,CP3,0.12082449,0.03294346,0.13925968,0.5,0.5,"[0, 8]",1.0,True,0.00323067,0.00030001,0.00270693,True
36,5,18,CP4,0.11078313,0.03450948,0.12733555,0.5,0.5,"[0, 8]",1.0,True,0.00323067,0.00030001,0.00270693,True
36,5,19,TP7,0.0842777,-0.01888148,0.0941915,0.5,0.5,"[0, 8]",1.0,True,0.00323067,0.00030001,0.00270693,True
36,5,20,TP8,0.08881947,-0.05931341,0.10801729,0.5,0.5,"[0, 8]",1.0,True,0.00323067,0.00030001,0.00270693,True
36,5,21,Pz,0.153189,0.00658239,0.1533767,0.5,0.5,"[0, 8]",1.0,True,0.00323067,0.00030001,0.00270693,True
36,5,22,P3,0.10815746,0.10815746,0.11733381,0.5,0.5,"[0, 8]",1.0,True,0.00323067,0.00030001,0.00270693,True
36,5,23,P4,0.10466342,-0.09301531,0.11671546,0.5,0.5,"[0, 8]",1.0,True,0.00323067,0.00030001,0.00270693,True
36,5,24,T5,0.10485555,0.07328883,0.11432271,0.5,0.5,"[0, 8]",1.0,True,0.00323067,0.00030001,0.00270693,True
36,5,25,T6,0.0811255,-0.06220653,0.09237818,0.5,0.5,"[0, 8]",1.0,True,0.00323067,0.00030001,0.00270693,True
36,5,26,Oz,0.07762082,0.04211766,0.08000892,0.5,0.5,"[0, 8]",1.0,True,0.00323067,0.00030001,0.00270693,True
36,5,27,O1,0.12216212,0.05623303,0.13248841,0.5,0.5,"[0, 8]",1.0,True,0.00323067,0.00030001,0.00270693,True
36,5,28,O2,0.14399138,-0.02353954,0.14670472,0.5,0.5,"[0, 8]",1.0,True,0.00323067,0.00030001,0.00270693,True
37,1,0,Fp1,0.11794688,-0.11794688,0.13678098,0.5,0.5,"[2, 6]",0.75,False,0.47090661,0.08636369,0.39456625,True
37,1,1,Fp2,0.06407426,0.02060725,0.07109121,0.5,0.5,"[2, 6]",0.75,False,0.47090661,0.08636369,0.39456625,True
37,1,2,Fz,0.11568964,-0.10268334,0.13278994,0.5,0.5,"[2, 6]",0.75,False,0.47090661,0.08636369,0.39456625,True
37,1,3,F3,0.10618207,0.03223318,0.11285353,0.5,0.5,"[2, 6]",0.75,False,0.47090661,0.08636369,0.39456625,True
37,1,4,F4,0.10359992,-0.02990135,0.13469186,0.5,0.5,"[2, 6]",0.75,False,0.47090661,0.08636369,0.39456625,True
37,1,5,F7,0.10552187,0.10552187,0.11519735,0.5,0.5,"[2, 6]",0.75,False,0.47090661,0.08636369,0.39456625,True
37,1,6,F8,0.12132838,-0.07012758,0.12225544,0.5,0.5,"[2, 6]",0.75,False,0.47090661,0.08636369,0.39456625,True
37,1,7,FCz,0.11364788,0.09228137,0.12760013,0.5,0.5,"[2, 6]",0.75,False,0.47090661,0.08636369,0.39456625,True
37,1,8,FC3,0.04494893,0.01487851,0.05092058,0.5,0.5,"[2, 6]",0.75,False,0.47090661,0.08636369,0.39456625,True
37,1,9,FC4,0.0378576,-0.02241961,0.05024561,0.5,0.5,"[2, 6]",0.75,False,0.47090661,0.08636369,0.39456625,True
37,1,10,FT7,0.07255673,-0.00568514,0.09088809,0.5,0.5,"[2, 6]",0.75,False,0.47090661,0.08636369,0.39456625,True
37,1,11,FT8,0.10103104,0.0433514,0.1095337,0.5,0.5,"[2, 6]",0.75,False,0.47090661,0.08636369,0.39456625,True
37,1,12,Cz,0.0594061,0.02210288,0.07904811,0.5,0.5,"[2, 6]",0.75,False,0.47090661,0.08636369,0.39456625,True
37,1,13,C3,0.0942155,0.0754181,0.11034443,0.5,0.5,"[2, 6]",0.75,False,0.47090661,0.08636369,0.39456625,True
37,1,14,C4,0.06698903,-0.06698903,0.07541371,0.5,0.5,"[2, 6]",0.75,False,0.47090661,0.08636369,0.39456625,True
37,1,15,T3,0.1836693,0.1836693,0.18558741,0.5,0.5,"[2, 6]",0.75,False,0.47090661,0.08636369,0.39456625,True
37,1,16,T4,0.10609485,0.05640279,0.1244625,0.5,0.5,"[2, 6]",0.75,False,0.47090661,0.08636369,0.39456625,True
37,1,17,CP3,0.09513387,-0.01386517,0.11856078,0.5,0.5,"[2, 6]",0.75,False,0.47090661,0.08636369,0.39456625,True
37,1,18,CP4,0.1135382,0.07210288,0.12792864,0.5,0.5,"[2, 6]",0.75,False,0.47090661,0.08636369,0.39456625,True
37,1,19,TP7,0.09031833,0.00553555,0.11027879,0.5,0.5,"[2, 6]",0.75,False,0.47090661,0.08636369,0.39456625,True
37,1,20,TP8,0.07094041,-0.02499804,0.08024619,0.5,0.5,"[2, 6]",0.75,False,0.47090661,0.08636369,0.39456625,True
37,1,21,Pz,0.13873319,-0.01015227,0.14054127,0.5,0.5,"[2, 6]",0.75,False,0.47090661,0.08636369,0.39456625,True
37,1,22,P3,0.09358275,0.09358275,0.10444652,0.5,0.5,"[2, 6]",0.75,False,0.47090661,0.08636369,0.39456625,True
37,1,23,P4,0.07739642,-0.06638731,0.08429895,0.5,0.5,"[2, 6]",0.75,False,0.47090661,0.08636369,0.39456625,True
37,1,24,T5,0.0860116,0.04840561,0.10426971,0.5,0.5,"[2, 6]",0.75,False,0.47090661,0.08636369,0.39456625,True
37,1,25,T6,0.06906412,-0.02391687,0.07151181,0.5,0.5,"[2, 6]",0.75,False,0.47090661,0.08636369,0.39456625,True
37,1,26,Oz,0.06267467,0.02239484,0.07190175,0.5,0.5,"[2, 6]",0.75,False,0.47090661,0.08636369,0.39456625,True
37,1,27,O1,0.10578148,0.02520796,0.11988433,0.5,0.5,"[2, 6]",0.75,False,0.47090661,0.08636369,0.39456625,True
37,1,28,O2,0.15238364,0.01183631,0.15316646,0.5,0.5,"[2, 6]",0.75,False,0.47090661,0.08636369,0.39456625,True
37,2,0,Fp1,0.0973146,-0.07309203,0.10404603,0.5,0.5,"[4, 4]",0.5,False,0.41652119,0.07408466,0.34899745,True
37,2,1,Fp2,0.06437596,0.02836824,0.07463638,0.5,0.5,"[4, 4]",0.5,False,0.41652119,0.07408466,0.34899745,True
37,2,2,Fz,0.11607219,-0.08415599,0.12518835,0.5,0.5,"[4, 4]",0.5,False,0.41652119,0.07408466,0.34899745,True
37,2,3,F3,0.10917137,0.04272395,0.11928023,0.5,0.5,"[4, 4]",0.5,False,0.41652119,0.07408466,0.34899745,True
37,2,4,F4,0.11311138,0.00073443,0.13538748,0.5,0.5,"[4, 4]",0.5,False,0.41652119,0.07408466,0.34899745,True
37,2,5,F7,0.07882889,0.05184461,0.10038984,0.5,0.5,"[4, 4]",0.5,False,0.41652119,0.07408466,0.34899745,True
37,2,6,F8,0.11492129,-0.07054971,0.11851702,0.5,0.5,"[4, 4]",0.5,False,0.41652119,0.07408466,0.34899745,True
37,2,7,FCz,0.13241404,0.1285854,0.15828545,0.5,0.5,"[4, 4]",0.5,False,0.41652119,0.07408466,0.34899745,True
37,2,8,FC3,0.04818787,-0.00295682,0.05449544,0.5,0.5,"[4, 4]",0.5,False,0.41652119,0.07408466,0.34899745,True
37,2,9,FC4,0.07506536,-0.07506536,0.0863685,0.5,0.5,"[4, 4]",0.5,False,0.41652119,0.07408466,0.34899745,True
37,2,10,FT7,0.09777544,-0.03800164,0.12301115,0.5,0.5,"[4, 4]",0.5,False,0.41652119,0.07408466,0.34899745,True
37,2,11,FT8,0.05693742,-0.01049683,0.08083009,0.5,0.5,"[4, 4]",0.5,False,0.41652119,0.07408466,0.34899745,True
37,2,12,Cz,0.06441031,0.06441031,0.07456191,0.5,0.5,"[4, 4]",0.5,False,0.41652119,0.07408466,0.34899745,True
37,2,13,C3,0.0951511,0.06086798,0.10196466,0.5,0.5,"[4, 4]",0.5,False,0.41652119,0.07408466,0.34899745,True
37,2,14,C4,0.08343217,-0.05789666,0.08586992,0.5,0.5,"[4, 4]",0.5,False,0.41652119,0.07408466,0.34899745,True
37,2,15,T3,0.14185594,0.14185594,0.14640208,0.5,0.5,"[4, 4]",0.5,False,0.41652119,0.07408466,0.34899745,True
37,2,16,T4,0.14034767,0.02721435,0.14500715,0.5,0.5,"[4, 4]",0.5,False,0.41652119,0.07408466,0.34899745,True
37,2,17,CP3,0.12812126,0.00928042,0.13906148,0.5,0.5,"[4, 4]",0.5,False,0.41652119,0.07408466,0.34899745,True
37,2,18,CP4,0.10488516,0.05935615,0.11514158,0.5,0.5,"[4, 4]",0.5,False,0.41652119,0.07408466,0.34899745,True
37,2,19,TP7,0.06514762,-0.02127549,0.09054695,0.5,0.5,"[4, 4]",0.5,False,0.41652119,0.07408466,0.34899745,True
37,2,20,TP8,0.06636994,-0.03693468,0.08300547,0.5,0.5,"[4, 4]",0.5,False,0.41652119,0.07408466,0.34899745,True
37,2,21,Pz,0.14664616,0.03249213,0.15248591,0.5,0.5,"[4, 4]",0.5,False,0.41652119,0.07408466,0.34899745,True
37,2,22,P3,0.09334843,0.09334843,0.11419465,0.5,0.5,"[4, 4]",0.5,False,0.41652119,0.07408466,0.34899745,True
37,2,23,P4,0.07144146,-0.0557865,0.08103999,0.5,0.5,"[4, 4]",0.5,False,0.41652119,0.07408466,0.34899745,True
37,2,24,T5,0.12348162,0.08443439,0.13469723,0.5,0.5,"[4, 4]",0.5,False,0.41652119,0.07408466,0.34899745,True
37,2,25,T6,0.07414462,-0.02443122,0.07788308,0.5,0.5,"[4, 4]",0.5,False,0.41652119,0.07408466,0.34899745,True
37,2,26,Oz,0.08324198,0.04307142,0.08646546,0.5,0.5,"[4, 4]",0.5,False,0.41652119,0.07408466,0.34899745,True
37,2,27,O1,0.10554214,0.03710913,0.1161822,0.5,0.5,"[4, 4]",0.5,False,0.41652119,0.07408466,0.34899745,True
37,2,28,O2,0.16460809,0.00639788,0.16551109,0.5,0.5,"[4, 4]",0.5,False,0.41652119,0.07408466,0.34899745,True
37,3,0,Fp1,0.11767204,-0.11767204,0.13583022,0.875,0.875,"[5, 3]",0.625,False,0.26782077,0.04941475,0.22440338,True
37,3,1,Fp2,0.07201216,0.03603512,0.08878863,0.875,0.875,"[5, 3]",0.625,False,0.26782077,0.04941475,0.22440338,True
37,3,2,Fz,0.11337543,-0.09139512,0.12306406,0.875,0.875,"[5, 3]",0.625,False,0.26782077,0.04941475,0.22440338,True
37,3,3,F3,0.08465473,0.02196546,0.09082527,0.875,0.875,"[5, 3]",0.625,False,0.26782077,0.04941475,0.22440338,True
37,3,4,F4,0.11116346,0.00542974,0.12708649,0.875,0.875,"[5, 3]",0.625,False,0.26782077,0.04941475,0.22440338,True
37,3,5,F7,0.08299197,0.08299197,0.09867094,0.875,0.875,"[5, 3]",0.625,False,0.26782077,0.04941475,0.22440338,True
37,3,6,F8,0.08454928,-0.03588607,0.08526736,0.875,0.875,"[5, 3]",0.625,False,0.26782077,0.04941475,0.22440338,True
37,3,7,FCz,0.13249113,0.11397938,0.14645828,0.875,0.875,"[5, 3]",0.625,False,0.26782077,0.04941475,0.22440338,True
37,3,8,FC3,0.01695301,0.0035856,0.02256023,0.875,0.875,"[5, 3]",0.625,False,0.26782077,0.04941475,0.22440338,True
37,3,9,FC4,0.05981606,-0.0521904,0.07566691,0.875,0.875,"[5, 3]",0.625,False,0.26782077,0.04941475,0.22440338,True
37,3,10,FT7,0.08476585,-0.04163589,0.09497412,0.875,0.875,"[5, 3]",0.625,False,0.26782077,0.04941475,0.22440338,True
37,3,11,FT8,0.08860995,0.01886439,0.10593519,0.875,0.875,"[5, 3]",0.625,False,0.26782077,0.04941475,0.22440338,True
37,3,12,Cz,0.07410794,0.05232193,0.08453043,0.875,0.875,"[5, 3]",0.625,False,0.26782077,0.04941475,0.22440338,True
37,3,13,C3,0.10752196,0.08300531,0.11502678,0.875,0.875,"[5, 3]",0.625,False,0.26782077,0.04941475,0.22440338,True
37,3,14,C4,0.07260069,-0.06732277,0.08182557,0.875,0.875,"[5, 3]",0.625,False,0.26782077,0.04941475,0.22440338,True
37,3,15,T3,0.15396293,0.15396293,0.15700397,0.875,0.875,"[5, 3]",0.625,False,0.26782077,0.04941475,0.22440338,True
37,3,16,T4,0.11224373,0.03791611,0.12819028,0.875,0.875,"[5, 3]",0.625,False,0.26782077,0.04941475,0.22440338,True
37,3,17,CP3,0.12153471,0.02240524,0.14290433,0.875,0.875,"[5, 3]",0.625,False,0.26782077,0.04941475,0.22440338,True
37,3,18,CP4,0.10982099,0.04651262,0.12658307,0.875,0.875,"[5, 3]",0.625,False,0.26782077,0.04941475,0.22440338,True
37,3,19,TP7,0.08639279,0.00398161,0.10067687,0.875,0.875,"[5, 3]",0.625,False,0.26782077,0.04941475,0.22440338,True
37,3,20,TP8,0.08466302,-0.04866546,0.10150978,0.875,0.875,"[5, 3]",0.625,False,0.26782077,0.04941475,0.22440338,True
37,3,21,Pz,0.1508659,-0.00330944,0.15117551,0.875,0.875,"[5, 3]",0.625,False,0.26782077,0.04941475,0.22440338,True
37,3,22,P3,0.09530762,0.09530762,0.11122791,0.875,0.875,"[5, 3]",0.625,False,0.26782077,0.04941475,0.22440338,True
37,3,23,P4,0.09169152,-0.07969621,0.10071946,0.875,0.875,"[5, 3]",0.625,False,0.26782077,0.04941475,0.22440338,True
37,3,24,T5,0.10155901,0.06087094,0.11352356,0.875,0.875,"[5, 3]",0.625,False,0.26782077,0.04941475,0.22440338,True
37,3,25,T6,0.06750395,-0.04156145,0.07153627,0.875,0.875,"[5, 3]",0.625,False,0.26782077,0.04941475,0.22440338,True
37,3,26,Oz,0.08036587,0.03972397,0.08863283,0.875,0.875,"[5, 3]",0.625,False,0.26782077,0.04941475,0.22440338,True
37,3,27,O1,0.10766625,0.05010541,0.11261352,0.875,0.875,"[5, 3]",0.625,False,0.26782077,0.04941475,0.22440338,True
37,3,28,O2,0.15552554,-0.00205533,0.15579736,0.875,0.875,"[5, 3]",0.625,False,0.26782077,0.04941475,0.22440338,True
37,4,0,Fp1,0.1202751,-0.11589135,0.13880816,0.5,0.5,"[4, 4]",0.5,False,0.18827685,0.03070329,0.15775461,True
37,4,1,Fp2,0.06919944,0.04379975,0.08355796,0.5,0.5,"[4, 4]",0.5,False,0.18827685,0.03070329,0.15775461,True
37,4,2,Fz,0.11985826,-0.11985826,0.13612936,0.5,0.5,"[4, 4]",0.5,False,0.18827685,0.03070329,0.15775461,True
37,4,3,F3,0.09037633,0.0231876,0.0985431,0.5,0.5,"[4, 4]",0.5,False,0.18827685,0.03070329,0.15775461,True
37,4,4,F4,0.08908829,-0.00752875,0.10966405,0.5,0.5,"[4, 4]",0.5,False,0.18827685,0.03070329,0.15775461,True
37,4,5,F7,0.07421401,0.07421401,0.08915256,0.5,0.5,"[4, 4]",0.5,False,0.18827685,0.03070329,0.15775461,True
37,4,6,F8,0.08251497,-0.0442634,0.08273675,0.5,0.5,"[4, 4]",0.5,False,0.18827685,0.03070329,0.15775461,True
37,4,7,FCz,0.10010342,0.09312724,0.11375003,0.5,0.5,"[4, 4]",0.5,False,0.18827685,0.03070329,0.15775461,True
37,4,8,FC3,0.02546333,0.00687957,0.03223546,0.5,0.5,"[4, 4]",0.5,False,0.18827685,0.03070329,0.15775461,True
37,4,9,FC4,0.06885984,-0.06885984,0.07817476,0.5,0.5,"[4, 4]",0.5,False,0.18827685,0.03070329,0.15775461,True
37,4,10,FT7,0.08258727,-0.04527295,0.09890505,0.5,0.5,"[4, 4]",0.5,False,0.18827685,0.03070329,0.15775461,True
37,4,11,FT8,0.07302252,0.01455209,0.09450173,0.5,0.5,"[4, 4]",0.5,False,0.18827685,0.03070329,0.15775461,True
37,4,12,Cz,0.07532651,0.06491052,0.08469489,0.5,0.5,"[4, 4]",0.5,False,0.18827685,0.03070329,0.15775461,True
37,4,13,C3,0.12135758,0.09399481,0.12845816,0.5,0.5,"[4, 4]",0.5,False,0.18827685,0.03070329,0.15775461,True
37,4,14,C4,0.07911423,-0.06973923,0.08675265,0.5,0.5,"[4, 4]",0.5,False,0.18827685,0.03070329,0.15775461,True
37,4,15,T3,0.13428743,0.13428743,0.13772292,0.5,0.5,"[4, 4]",0.5,False,0.18827685,0.03070329,0.15775461,True
37,4,16,T4,0.11758368,0.03061751,0.1351451,0.5,0.5,"[4, 4]",0.5,False,0.18827685,0.03070329,0.15775461,True
37,4,17,CP3,0.11927668,0.03566215,0.13567926,0.5,0.5,"[4, 4]",0.5,False,0.18827685,0.03070329,0.15775461,True
37,4,18,CP4,0.12214496,0.05540586,0.13590148,0.5,0.5,"[4, 4]",0.5,False,0.18827685,0.03070329,0.15775461,True
37,4,19,TP7,0.07502641,-0.01178216,0.08653988,0.5,0.5,"[4, 4]",0.5,False,0.18827685,0.03070329,0.15775461,True
37,4,20,TP8,0.09094049,-0.04271833,0.10111986,0.5,0.5,"[4, 4]",0.5,False,0.18827685,0.03070329,0.15775461,True
37,4,21,Pz,0.1517342,0.01101388,0.15268274,0.5,0.5,"[4, 4]",0.5,False,0.18827685,0.03070329,0.15775461,True
37,4,22,P3,0.1293833,0.1293833,0.13706307,0.5,0.5,"[4, 4]",0.5,False,0.18827685,0.03070329,0.15775461,True
37,4,23,P4,0.09585516,-0.07484172,0.10281098,0.5,0.5,"[4, 4]",0.5,False,0.18827685,0.03070329,0.15775461,True
37,4,24,T5,0.10651226,0.08099589,0.11843915,0.5,0.5,"[4, 4]",0.5,False,0.18827685,0.03070329,0.15775461,True
37,4,25,T6,0.06626081,-0.04330704,0.07615962,0.5,0.5,"[4, 4]",0.5,False,0.18827685,0.03070329,0.15775461,True
37,4,26,Oz,0.08360487,0.05453761,0.08767769,0.5,0.5,"[4, 4]",0.5,False,0.18827685,0.03070329,0.15775461,True
37,4,27,O1,0.12349948,0.06618331,0.13185002,0.5,0.5,"[4, 4]",0.5,False,0.18827685,0.03070329,0.15775461,True
37,4,28,O2,0.14385976,-0.00041855,0.14473358,0.5,0.5,"[4, 4]",0.5,False,0.18827685,0.03070329,0.15775461,True
37,5,0,Fp1,0.11010674,-0.0960012,0.12282328,0.5,0.5,"[0, 8]",1.0,True,0.00323103,0.00030001,0.00270724,True
37,5,1,Fp2,0.07765819,0.06101018,0.09513739,0.5,0.5,"[0, 8]",1.0,True,0.00323103,0.00030001,0.00270724,True
37,5,2,Fz,0.10415175,-0.09863149,0.1176777,0.5,0.5,"[0, 8]",1.0,True,0.00323103,0.00030001,0.00270724,True
37,5,3,F3,0.08777067,0.0274132,0.09465111,0.5,0.5,"[0, 8]",1.0,True,0.00323103,0.00030001,0.00270724,True
37,5,4,F4,0.09738287,0.01220005,0.10771844,0.5,0.5,"[0, 8]",1.0,True,0.00323103,0.00030001,0.00270724,True
37,5,5,F7,0.08380587,0.08152676,0.09744392,0.5,0.5,"[0, 8]",1.0,True,0.00323103,0.00030001,0.00270724,True
37,5,6,F8,0.07779206,-0.02935646,0.07877914,0.5,0.5,"[0, 8]",1.0,True,0.00323103,0.00030001,0.00270724,True
37,5,7,FCz,0.09893289,0.09893289,0.11430262,0.5,0.5,"[0, 8]",1.0,True,0.00323103,0.00030001,0.00270724,True
37,5,8,FC3,0.03084028,0.00602212,0.03742437,0.5,0.5,"[0, 8]",1.0,True,0.00323103,0.00030001,0.00270724,True
37,5,9,FC4,0.05789175,-0.05789175,0.07596878,0.5,0.5,"[0, 8]",1.0,True,0.00323103,0.00030001,0.00270724,True
37,5,10,FT7,0.09056979,-0.05822623,0.1041398,0.5,0.5,"[0, 8]",1.0,True,0.00323103,0.00030001,0.00270724,True
37,5,11,FT8,0.07979119,-0.0035378,0.09692363,0.5,0.5,"[0, 8]",1.0,True,0.00323103,0.00030001,0.00270724,True
37,5,12,Cz,0.07705224,0.07583365,0.09267501,0.5,0.5,"[0, 8]",1.0,True,0.00323103,0.00030001,0.00270724,True
37,5,13,C3,0.1153809,0.07251649,0.1175865,0.5,0.5,"[0, 8]",1.0,True,0.00323103,0.00030001,0.00270724,True
37,5,14,C4,0.08565487,-0.0749746,0.09597064,0.5,0.5,"[0, 8]",1.0,True,0.00323103,0.00030001,0.00270724,True
37,5,15,T3,0.12673476,0.12673476,0.13191344,0.5,0.5,"[0, 8]",1.0,True,0.00323103,0.00030001,0.00270724,True
37,5,16,T4,0.12208759,0.01331595,0.13439634,0.5,0.5,"[0, 8]",1.0,True,0.00323103,0.00030001,0.00270724,True
37,5,17,CP3,0.1212744,0.03309354,0.13959895,0.5,0.5,"[0, 8]",1.0,True,0.00323103,0.00030001,0.00270724,True
37,5,18,CP4,0.11108312,0.03480949,0.12765412,0.5,0.5,"[0, 8]",1.0,True,0.00323103,0.00030001,0.00270724,True
37,5,19,TP7,0.08427772,-0.01888146,0.09435534,0.5,0.5,"[0, 8]",1.0,True,0.00323103,0.00030001,0.00270724,True
37,5,20,TP8,0.08911946,-0.0590134,0.10810003,0.5,0.5,"[0, 8]",1.0,True,0.00323103,0.00030001,0.00270724,True
37,5,21,Pz,0.15303901,0.00703239,0.15324241,0.5,0.5,"[0, 8]",1.0,True,0.00323103,0.00030001,0.00270724,True
37,5,22,P3,0.10845743,0.10845743,0.11764507,0.5,0.5,"[0, 8]",1.0,True,0.00323103,0.00030001,0.00270724,True
37,5,23,P4,0.10466342,-0.09271532,0.11653232,0.5,0.5,"[0, 8]",1.0,True,0.00323103,0.00030001,0.00270724,True
37,5,24,T5,0.10515556,0.07328883,0.11447953,0.5,0.5,"[0, 8]",1.0,True,0.00323103,0.00030001,0.00270724,True
37,5,25,T6,0.0809755,-0.06205653,0.09217295,0.5,0.5,"[0, 8]",1.0,True,0.00323103,0.00030001,0.00270724,True
37,5,26,Oz,0.07792076,0.04241759,0.08029734,0.5,0.5,"[0, 8]",1.0,True,0.00323103,0.00030001,0.00270724,True
37,5,27,O1,0.12186213,0.05623303,0.13213171,0.5,0.5,"[0, 8]",1.0,True,0.00323103,0.00030001,0.00270724,True
37,5,28,O2,0.14429137,-0.02353953,0.14696823,0.5,0.5,"[0, 8]",1.0,True,0.00323103,0.00030001,0.00270724,True
38,1,0,Fp1,0.1151154,-0.1067335,0.13239256,0.25,0.25,"[4, 4]",0.5,False,0.12627431,0.01975172,0.10580353,True
38,1,1,Fp2,0.07328711,0.05967614,0.096737,0.25,0.25,"[4, 4]",0.5,False,0.12627431,0.01975172,0.10580353,True
38,1,2,Fz,0.11590479,-0.10770351,0.1299683,0.25,0.25,"[4, 4]",0.5,False,0.12627431,0.01975172,0.10580353,True
38,1,3,F3,0.08853927,0.01941559,0.09682159,0.25,0.25,"[4, 4]",0.5,False,0.12627431,0.01975172,0.10580353,True
38,1,4,F4,0.10139976,0.01881189,0.10877386,0.25,0.25,"[4, 4]",0.5,False,0.12627431,0.01975172,0.10580353,True
38,1,5,F7,0.07860989,0.07860989,0.09309651,0.25,0.25,"[4, 4]",0.5,False,0.12627431,0.01975172,0.10580353,True
38,1,6,F8,0.0748047,-0.02777093,0.07674573,0.25,0.25,"[4, 4]",0.5,False,0.12627431,0.01975172,0.10580353,True
38,1,7,FCz,0.09344011,0.09344011,0.1093608,0.25,0.25,"[4, 4]",0.5,False,0.12627431,0.01975172,0.10580353,True
38,1,8,FC3,0.03713803,0.00203649,0.04333719,0.25,0.25,"[4, 4]",0.5,False,0.12627431,0.01975172,0.10580353,True
38,1,9,FC4,0.06157673,-0.06157673,0.07936783,0.25,0.25,"[4, 4]",0.5,False,0.12627431,0.01975172,0.10580353,True
38,1,10,FT7,0.07784688,-0.0537827,0.09568926,0.25,0.25,"[4, 4]",0.5,False,0.12627431,0.01975172,0.10580353,True
38,1,11,FT8,0.08540466,0.00095124,0.10536779,0.25,0.25,"[4, 4]",0.5,False,0.12627431,0.01975172,0.10580353,True
38,1,12,Cz,0.0723136,0.0723136,0.08508402,0.25,0.25,"[4, 4]",0.5,False,0.12627431,0.01975172,0.10580353,True
38,1,13,C3,0.1064077,0.05987849,0.10736881,0.25,0.25,"[4, 4]",0.5,False,0.12627431,0.01975172,0.10580353,True
38,1,14,C4,0.08496188,-0.06629671,0.09330781,0.25,0.25,"[4, 4]",0.5,False,0.12627431,0.01975172,0.10580353,True
38,1,15,T3,0.128814,0.128814,0.13836643,0.25,0.25,"[4, 4]",0.5,False,0.12627431,0.01975172,0.10580353,True
38,1,16,T4,0.12274846,0.0230026,0.13505954,0.25,0.25,"[4, 4]",0.5,False,0.12627431,0.01975172,0.10580353,True
38,1,17,CP3,0.11990211,0.02531732,0.13406181,0.25,0.25,"[4, 4]",0.5,False,0.12627431,0.01975172,0.10580353,True
38,1,18,CP4,0.11280582,0.03504061,0.1270245,0.25,0.25,"[4, 4]",0.5,False,0.12627431,0.01975172,0.10580353,True
38,1,19,TP7,0.07389323,-0.02596262,0.08407966,0.25,0.25,"[4, 4]",0.5,False,0.12627431,0.01975172,0.10580353,True
38,1,20,TP8,0.08695936,-0.05190635,0.10183134,0.25,0.25,"[4, 4]",0.5,False,0.12627431,0.01975172,0.10580353,True
38,1,21,Pz,0.15490846,0.00390761,0.15561384,0.25,0.25,"[4, 4]",0.5,False,0.12627431,0.01975172,0.10580353,True
38,1,22,P3,0.10534641,0.10534641,0.11709047,0.25,0.25,"[4, 4]",0.5,False,0.12627431,0.01975172,0.10580353,True
38,1,23,P4,0.10103273,-0.09635375,0.11785961,0.25,0.25,"[4, 4]",0.5,False,0.12627431,0.01975172,0.10580353,True
38,1,24,T5,0.09953199,0.06834815,0.11134984,0.25,0.25,"[4, 4]",0.5,False,0.12627431,0.01975172,0.10580353,True
38,1,25,T6,0.06538682,-0.054513,0.08004767,0.25,0.25,"[4, 4]",0.5,False,0.12627431,0.01975172,0.10580353,True
38,1,26,Oz,0.07965541,0.0519192,0.08178841,0.25,0.25,"[4, 4]",0.5,False,0.12627431,0.01975172,0.10580353,True
38,1,27,O1,0.12315805,0.05354529,0.13056161,0.25,0.25,"[4, 4]",0.5,False,0.12627431,0.01975172,0.10580353,True
38,1,28,O2,0.13789576,-0.02125322,0.14024015,0.25,0.25,"[4, 4]",0.5,False,0.12627431,0.01975172,0.10580353,True
38,2,0,Fp1,0.13333152,-0.13333152,0.14736979,0.75,0.75,"[4, 4]",0.5,False,0.55011902,0.10904281,0.46093725,True
38,2,1,Fp2,0.0685924,0.04295899,0.09869482,0.75,0.75,"[4, 4]",0.5,False,0.55011902,0.10904281,0.46093725,True
38,2,2,Fz,0.1253269,-0.1165209,0.1448326,0.75,0.75,"[4, 4]",0.5,False,0.55011902,0.10904281,0.46093725,True
38,2,3,F3,0.10874651,0.00613193,0.12680572,0.75,0.75,"[4, 4]",0.5,False,0.55011902,0.10904281,0.46093725,True
38,2,4,F4,0.09462415,0.04421489,0.09564048,0.75,0.75,"[4, 4]",0.5,False,0.55011902,0.10904281,0.46093725,True
38,2,5,F7,0.08346332,0.08338545,0.11025322,0.75,0.75,"[4, 4]",0.5,False,0.55011902,0.10904281,0.46093725,True
38,2,6,F8,0.04298661,-0.01960777,0.05738313,0.75,0.75,"[4, 4]",0.5,False,0.55011902,0.10904281,0.46093725,True
38,2,7,FCz,0.08927712,0.08605753,0.11575998,0.75,0.75,"[4, 4]",0.5,False,0.55011902,0.10904281,0.46093725,True
38,2,8,FC3,0.05055103,-0.00486001,0.05367462,0.75,0.75,"[4, 4]",0.5,False,0.55011902,0.10904281,0.46093725,True
38,2,9,FC4,0.06485467,-0.02756715,0.09582672,0.75,0.75,"[4, 4]",0.5,False,0.55011902,0.10904281,0.46093725,True
38,2,10,FT7,0.05084049,-0.02506287,0.05847371,0.75,0.75,"[4, 4]",0.5,False,0.55011902,0.10904281,0.46093725,True
38,2,11,FT8,0.09866026,0.01526413,0.11127925,0.75,0.75,"[4, 4]",0.5,False,0.55011902,0.10904281,0.46093725,True
38,2,12,Cz,0.06547988,0.05129524,0.07194524,0.75,0.75,"[4, 4]",0.5,False,0.55011902,0.10904281,0.46093725,True
38,2,13,C3,0.08027494,0.03036081,0.08334621,0.75,0.75,"[4, 4]",0.5,False,0.55011902,0.10904281,0.46093725,True
38,2,14,C4,0.11611234,-0.07614535,0.14075889,0.75,0.75,"[4, 4]",0.5,False,0.55011902,0.10904281,0.46093725,True
38,2,15,T3,0.100991,0.100991,0.12105793,0.75,0.75,"[4, 4]",0.5,False,0.55011902,0.10904281,0.46093725,True
38,2,16,T4,0.1223599,0.05345911,0.1350434,0.75,0.75,"[4, 4]",0.5,False,0.55011902,0.10904281,0.46093725,True
38,2,17,CP3,0.11670229,-0.00132583,0.12863201,0.75,0.75,"[4, 4]",0.5,False,0.55011902,0.10904281,0.46093725,True
38,2,18,CP4,0.08470722,0.04301747,0.0870506,0.75,0.75,"[4, 4]",0.5,False,0.55011902,0.10904281,0.46093725,True
38,2,19,TP7,0.06057312,-0.04411608,0.07662868,0.75,0.75,"[4, 4]",0.5,False,0.55011902,0.10904281,0.46093725,True
38,2,20,TP8,0.11631161,-0.08677123,0.14351249,0.75,0.75,"[4, 4]",0.5,False,0.55011902,0.10904281,0.46093725,True
38,2,21,Pz,0.14738655,-0.00436995,0.15235765,0.75,0.75,"[4, 4]",0.5,False,0.55011902,0.10904281,0.46093725,True
38,2,22,P3,0.12240064,0.11984867,0.14239822,0.75,0.75,"[4, 4]",0.5,False,0.55011902,0.10904281,0.46093725,True
38,2,23,P4,0.0917234,-0.0917234,0.11388079,0.75,0.75,"[4, 4]",0.5,False,0.55011902,0.10904281,0.46093725,True
38,2,24,T5,0.08794822,0.08157776,0.11281639,0.75,0.75,"[4, 4]",0.5,False,0.55011902,0.10904281,0.46093725,True
38,2,25,T6,0.0320564,-0.0320564,0.04635826,0.75,0.75,"[4, 4]",0.5,False,0.55011902,0.10904281,0.46093725,True
38,2,26,Oz,0.0897925,0.0897925,0.11374393,0.75,0.75,"[4, 4]",0.5,False,0.55011902,0.10904281,0.46093725,True
38,2,27,O1,0.07164799,0.01658531,0.08650826,0.75,0.75,"[4, 4]",0.5,False,0.55011902,0.10904281,0.46093725,True
38,2,28,O2,0.09003179,-0.0325087,0.09777708,0.75,0.75,"[4, 4]",0.5,False,0.55011902,0.10904281,0.46093725,True
38,3,0,Fp1,0.09451068,-0.09451068,0.10630342,0.625,0.625,"[5, 3]",0.625,False,0.77511108,0.16157035,0.64945504,True
38,3,1,Fp2,0.03705098,0.03705098,0.04951401,0.625,0.625,"[5, 3]",0.625,False,0.77511108,0.16157035,0.64945504,True
38,3,2,Fz,0.09054042,-0.08139332,0.12299651,0.625,0.625,"[5, 3]",0.625,False,0.77511108,0.16157035,0.64945504,True
38,3,3,F3,0.08783813,-0.03049892,0.12821716,0.625,0.625,"[5, 3]",0.625,False,0.77511108,0.16157035,0.64945504,True
38,3,4,F4,0.04924197,0.0323807,0.05902331,0.625,0.625,"[5, 3]",0.625,False,0.77511108,0.16157035,0.64945504,True
38,3,5,F7,0.09940195,0.09105637,0.11171397,0.625,0.625,"[5, 3]",0.625,False,0.77511108,0.16157035,0.64945504,True
38,3,6,F8,0.07468458,-0.01411312,0.08254379,0.625,0.625,"[5, 3]",0.625,False,0.77511108,0.16157035,0.64945504,True
38,3,7,FCz,0.12339547,0.12339547,0.14483105,0.625,0.625,"[5, 3]",0.625,False,0.77511108,0.16157035,0.64945504,True
38,3,8,FC3,0.05535285,0.01462494,0.0575691,0.625,0.625,"[5, 3]",0.625,False,0.77511108,0.16157035,0.64945504,True
38,3,9,FC4,0.09322829,-0.06227899,0.11689764,0.625,0.625,"[5, 3]",0.625,False,0.77511108,0.16157035,0.64945504,True
38,3,10,FT7,0.0317092,-0.02064738,0.05097038,0.625,0.625,"[5, 3]",0.625,False,0.77511108,0.16157035,0.64945504,True
38,3,11,FT8,0.09741274,-0.00901271,0.10244329,0.625,0.625,"[5, 3]",0.625,False,0.77511108,0.16157035,0.64945504,True
38,3,12,Cz,0.0818916,0.0818916,0.09313451,0.625,0.625,"[5, 3]",0.625,False,0.77511108,0.16157035,0.64945504,True
38,3,13,C3,0.08912228,0.03802444,0.09265961,0.625,0.625,"[5, 3]",0.625,False,0.77511108,0.16157035,0.64945504,True
38,3,14,C4,0.11244123,-0.02987381,0.13770768,0.625,0.625,"[5, 3]",0.625,False,0.77511108,0.16157035,0.64945504,True
38,3,15,T3,0.09326775,0.08086164,0.11790336,0.625,0.625,"[5, 3]",0.625,False,0.77511108,0.16157035,0.64945504,True
38,3,16,T4,0.10831931,0.06967512,0.13074064,0.625,0.625,"[5, 3]",0.625,False,0.77511108,0.16157035,0.64945504,True
38,3,17,CP3,0.15149084,-0.02564344,0.15913868,0.625,0.625,"[5, 3]",0.625,False,0.77511108,0.16157035,0.64945504,True
38,3,18,CP4,0.06946585,0.05750531,0.09528412,0.625,0.625,"[5, 3]",0.625,False,0.77511108,0.16157035,0.64945504,True
38,3,19,TP7,0.10230762,-0.02532675,0.11385864,0.625,0.625,"[5, 3]",0.625,False,0.77511108,0.16157035,0.64945504,True
38,3,20,TP8,0.08074918,-0.00859356,0.08198466,0.625,0.625,"[5, 3]",0.625,False,0.77511108,0.16157035,0.64945504,True
38,3,21,Pz,0.16138902,-0.04805321,0.17925742,0.625,0.625,"[5, 3]",0.625,False,0.77511108,0.16157035,0.64945504,True
38,3,22,P3,0.12372569,0.12372569,0.13095319,0.625,0.625,"[5, 3]",0.625,False,0.77511108,0.16157035,0.64945504,True
38,3,23,P4,0.1743975,-0.1450057,0.19669759,0.625,0.625,"[5, 3]",0.625,False,0.77511108,0.16157035,0.64945504,True
38,3,24,T5,0.05707141,0.01133998,0.07892324,0.625,0.625,"[5, 3]",0.625,False,0.77511108,0.16157035,0.64945504,True
38,3,25,T6,0.05329229,-0.03508581,0.06023797,0.625,0.625,"[5, 3]",0.625,False,0.77511108,0.16157035,0.64945504,True
38,3,26,Oz,0.08579479,0.04345198,0.09137724,0.625,0.625,"[5, 3]",0.625,False,0.77511108,0.16157035,0.64945504,True
38,3,27,O1,0.09690888,0.01637478,0.11078597,0.625,0.625,"[5, 3]",0.625,False,0.77511108,0.16157035,0.64945504,True
38,3,28,O2,0.14563382,-0.00369969,0.16282628,0.625,0.625,"[5, 3]",0.625,False,0.77511108,0.16157035,0.64945504,True
38,4,0,Fp1,0.12641166,-0.12641166,0.15017916,1.0,1.0,"[4, 4]",0.5,False,0.30653894,0.05302891,0.25684481,True
38,4,1,Fp2,0.06668258,0.04312625,0.08152118,1.0,1.0,"[4, 4]",0.5,False,0.30653894,0.05302891,0.25684481,True
38,4,2,Fz,0.12886293,-0.12826678,0.14953628,1.0,1.0,"[4, 4]",0.5,False,0.30653894,0.05302891,0.25684481,True
38,4,3,F3,0.08844084,0.00334318,0.10879386,1.0,1.0,"[4, 4]",0.5,False,0.30653894,0.05302891,0.25684481,True
38,4,4,F4,0.09042698,0.02861046,0.09249865,1.0,1.0,"[4, 4]",0.5,False,0.30653894,0.05302891,0.25684481,True
38,4,5,F7,0.07317109,0.07012272,0.09161416,1.0,1.0,"[4, 4]",0.5,False,0.30653894,0.05302891,0.25684481,True
38,4,6,F8,0.04621661,-0.01659834,0.04894007,1.0,1.0,"[4, 4]",0.5,False,0.30653894,0.05302891,0.25684481,True
38,4,7,FCz,0.08493061,0.08493061,0.10093655,1.0,1.0,"[4, 4]",0.5,False,0.30653894,0.05302891,0.25684481,True
38,4,8,FC3,0.04182509,0.00850337,0.04754,1.0,1.0,"[4, 4]",0.5,False,0.30653894,0.05302891,0.25684481,True
38,4,9,FC4,0.06681541,-0.06681541,0.09119043,1.0,1.0,"[4, 4]",0.5,False,0.30653894,0.05302891,0.25684481,True
38,4,10,FT7,0.05838536,-0.05270624,0.07919187,1.0,1.0,"[4, 4]",0.5,False,0.30653894,0.05302891,0.25684481,True
38,4,11,FT8,0.08558428,0.00909871,0.10899015,1.0,1.0,"[4, 4]",0.5,False,0.30653894,0.05302891,0.25684481,True
38,4,12,Cz,0.06800039,0.06800039,0.074788,1.0,1.0,"[4, 4]",0.5,False,0.30653894,0.05302891,0.25684481,True
38,4,13,C3,0.09375566,0.04275112,0.09467469,1.0,1.0,"[4, 4]",0.5,False,0.30653894,0.05302891,0.25684481,True
38,4,14,C4,0.08458175,-0.06561486,0.09973308,1.0,1.0,"[4, 4]",0.5,False,0.30653894,0.05302891,0.25684481,True
38,4,15,T3,0.1240967,0.1240967,0.14033929,1.0,1.0,"[4, 4]",0.5,False,0.30653894,0.05302891,0.25684481,True
38,4,16,T4,0.12395367,0.03304896,0.13517012,1.0,1.0,"[4, 4]",0.5,False,0.30653894,0.05302891,0.25684481,True
38,4,17,CP3,0.11267692,0.02167758,0.12466797,1.0,1.0,"[4, 4]",0.5,False,0.30653894,0.05302891,0.25684481,True
38,4,18,CP4,0.11194976,0.04519738,0.12125902,1.0,1.0,"[4, 4]",0.5,False,0.30653894,0.05302891,0.25684481,True
38,4,19,TP7,0.07383131,-0.04020082,0.08705054,1.0,1.0,"[4, 4]",0.5,False,0.30653894,0.05302891,0.25684481,True
38,4,20,TP8,0.09009541,-0.03979603,0.09877374,1.0,1.0,"[4, 4]",0.5,False,0.30653894,0.05302891,0.25684481,True
38,4,21,Pz,0.15564516,0.01622661,0.15833883,1.0,1.0,"[4, 4]",0.5,False,0.30653894,0.05302891,0.25684481,True
38,4,22,P3,0.11849324,0.11849324,0.1292198,1.0,1.0,"[4, 4]",0.5,False,0.30653894,0.05302891,0.25684481,True
38,4,23,P4,0.08666581,-0.08316445,0.10357223,1.0,1.0,"[4, 4]",0.5,False,0.30653894,0.05302891,0.25684481,True
38,4,24,T5,0.1163743,0.08821523,0.13093752,1.0,1.0,"[4, 4]",0.5,False,0.30653894,0.05302891,0.25684481,True
38,4,25,T6,0.05358065,-0.0467915,0.06990847,1.0,1.0,"[4, 4]",0.5,False,0.30653894,0.05302891,0.25684481,True
38,4,26,Oz,0.09664108,0.07955685,0.10481412,1.0,1.0,"[4, 4]",0.5,False,0.30653894,0.05302891,0.25684481,True
38,4,27,O1,0.11658458,0.06303508,0.11975337,1.0,1.0,"[4, 4]",0.5,False,0.30653894,0.05302891,0.25684481,True
38,4,28,O2,0.11478271,-0.01984772,0.11651051,1.0,1.0,"[4, 4]",0.5,False,0.30653894,0.05302891,0.25684481,True
38,5,0,Fp1,0.04132883,-0.04132883,0.05733922,0.875,0.875,"[3, 5]",0.625,False,0.9960098,0.26121248,0.83454307,True
38,5,1,Fp2,0.0650042,0.04260726,0.06729545,0.875,0.875,"[3, 5]",0.625,False,0.9960098,0.26121248,0.83454307,True
38,5,2,Fz,0.09754691,-0.09754691,0.13433081,0.875,0.875,"[3, 5]",0.625,False,0.9960098,0.26121248,0.83454307,True
38,5,3,F3,0.08280724,0.0518245,0.09968591,0.875,0.875,"[3, 5]",0.625,False,0.9960098,0.26121248,0.83454307,True
38,5,4,F4,0.10398544,0.09771924,0.12040088,0.875,0.875,"[3, 5]",0.625,False,0.9960098,0.26121248,0.83454307,True
38,5,5,F7,0.08087815,0.07811423,0.0992588,0.875,0.875,"[3, 5]",0.625,False,0.9960098,0.26121248,0.83454307,True
38,5,6,F8,0.0560248,-0.01587635,0.05973083,0.875,0.875,"[3, 5]",0.625,False,0.9960098,0.26121248,0.83454307,True
38,5,7,FCz,0.09885123,0.08215573,0.11942919,0.875,0.875,"[3, 5]",0.625,False,0.9960098,0.26121248,0.83454307,True
38,5,8,FC3,0.05632551,-0.04914235,0.06778382,0.875,0.875,"[3, 5]",0.625,False,0.9960098,0.26121248,0.83454307,True
38,5,9,FC4,0.06761793,0.06761793,0.09190563,0.875,0.875,"[3, 5]",0.625,False,0.9960098,0.26121248,0.83454307,True
38,5,10,FT7,0.06873865,-0.05927042,0.07528113,0.875,0.875,"[3, 5]",0.625,False,0.9960098,0.26121248,0.83454307,True
38,5,11,FT8,0.10036688,-0.02309368,0.11516155,0.875,0.875,"[3, 5]",0.625,False,0.9960098,0.26121248,0.83454307,True
38,5,12,Cz,0.02537602,0.01315779,0.029399,0.875,0.875,"[3, 5]",0.625,False,0.9960098,0.26121248,0.83454307,True
38,5,13,C3,0.0771745,0.01947052,0.08198574,0.875,0.875,"[3, 5]",0.625,False,0.9960098,0.26121248,0.83454307,True
38,5,14,C4,0.05279119,0.02302822,0.0607737,0.875,0.875,"[3, 5]",0.625,False,0.9960098,0.26121248,0.83454307,True
38,5,15,T3,0.07631381,0.06537716,0.09389045,0.875,0.875,"[3, 5]",0.625,False,0.9960098,0.26121248,0.83454307,True
38,5,16,T4,0.12582323,0.00976642,0.13717024,0.875,0.875,"[3, 5]",0.625,False,0.9960098,0.26121248,0.83454307,True
38,5,17,CP3,0.14782399,-0.0436003,0.18404102,0.875,0.875,"[3, 5]",0.625,False,0.9960098,0.26121248,0.83454307,True
38,5,18,CP4,0.12903038,-0.00360412,0.14313267,0.875,0.875,"[3, 5]",0.625,False,0.9960098,0.26121248,0.83454307,True
38,5,19,TP7,0.04672226,-0.03007161,0.05144244,0.875,0.875,"[3, 5]",0.625,False,0.9960098,0.26121248,0.83454307,True
38,5,20,TP8,0.14431159,-0.04141323,0.15083946,0.875,0.875,"[3, 5]",0.625,False,0.9960098,0.26121248,0.83454307,True
38,5,21,Pz,0.06751929,0.00681014,0.07914534,0.875,0.875,"[3, 5]",0.625,False,0.9960098,0.26121248,0.83454307,True
38,5,22,P3,0.14313619,0.14313619,0.16150524,0.875,0.875,"[3, 5]",0.625,False,0.9960098,0.26121248,0.83454307,True
38,5,23,P4,0.21654105,-0.21654105,0.22992946,0.875,0.875,"[3, 5]",0.625,False,0.9960098,0.26121248,0.83454307,True
38,5,24,T5,0.05543902,0.05543902,0.06537706,0.875,0.875,"[3, 5]",0.625,False,0.9960098,0.26121248,0.83454307,True
38,5,25,T6,0.04907005,0.02465968,0.07015536,0.875,0.875,"[3, 5]",0.625,False,0.9960098,0.26121248,0.83454307,True
38,5,26,Oz,0.13154162,0.13154162,0.14381905,0.875,0.875,"[3, 5]",0.625,False,0.9960098,0.26121248,0.83454307,True
38,5,27,O1,0.07186529,-0.02055123,0.07535072,0.875,0.875,"[3, 5]",0.625,False,0.9960098,0.26121248,0.83454307,True
38,5,28,O2,0.10310486,-0.07187779,0.14545082,0.875,0.875,"[3, 5]",0.625,False,0.9960098,0.26121248,0.83454307,True
39,1,0,Fp1,0.12883484,-0.12883484,0.13758777,0.5,0.5,"[4, 4]",0.5,False,0.46823739,0.11906577,0.39232975,True
39,1,1,Fp2,0.07906346,0.03922862,0.09444438,0.5,0.5,"[4, 4]",0.5,False,0.46823739,0.11906577,0.39232975,True
39,1,2,Fz,0.12515366,-0.09765909,0.13942064,0.5,0.5,"[4, 4]",0.5,False,0.46823739,0.11906577,0.39232975,True
39,1,3,F3,0.07810336,0.00465933,0.09315865,0.5,0.5,"[4, 4]",0.5,False,0.46823739,0.11906577,0.39232975,True
39,1,4,F4,0.1018572,0.01274153,0.11391944,0.5,0.5,"[4, 4]",0.5,False,0.46823739,0.11906577,0.39232975,True
39,1,5,F7,0.09943886,0.08656242,0.1177802,0.5,0.5,"[4, 4]",0.5,False,0.46823739,0.11906577,0.39232975,True
39,1,6,F8,0.05558456,-0.01148237,0.05756552,0.5,0.5,"[4, 4]",0.5,False,0.46823739,0.11906577,0.39232975,True
39,1,7,FCz,0.10590552,0.10590552,0.12039757,0.5,0.5,"[4, 4]",0.5,False,0.46823739,0.11906577,0.39232975,True
39,1,8,FC3,0.05071671,-0.02541522,0.05602657,0.5,0.5,"[4, 4]",0.5,False,0.46823739,0.11906577,0.39232975,True
39,1,9,FC4,0.02497112,-0.02497112,0.03998818,0.5,0.5,"[4, 4]",0.5,False,0.46823739,0.11906577,0.39232975,True
39,1,10,FT7,0.10701805,-0.02979517,0.11605156,0.5,0.5,"[4, 4]",0.5,False,0.46823739,0.11906577,0.39232975,True
39,1,11,FT8,0.08195798,0.01574726,0.10174614,0.5,0.5,"[4, 4]",0.5,False,0.46823739,0.11906577,0.39232975,True
39,1,12,Cz,0.08784167,0.0756969,0.09991543,0.5,0.5,"[4, 4]",0.5,False,0.46823739,0.11906577,0.39232975,True
39,1,13,C3,0.071124,0.071124,0.08822079,0.5,0.5,"[4, 4]",0.5,False,0.46823739,0.11906577,0.39232975,True
39,1,14,C4,0.08987989,-0.04236347,0.10046862,0.5,0.5,"[4, 4]",0.5,False,0.46823739,0.11906577,0.39232975,True
39,1,15,T3,0.13930131,0.13930131,0.14787774,0.5,0.5,"[4, 4]",0.5,False,0.46823739,0.11906577,0.39232975,True
39,1,16,T4,0.09766956,0.02473363,0.11549457,0.5,0.5,"[4, 4]",0.5,False,0.46823739,0.11906577,0.39232975,True
39,1,17,CP3,0.15416163,0.02002379,0.16207817,0.5,0.5,"[4, 4]",0.5,False,0.46823739,0.11906577,0.39232975,True
39,1,18,CP4,0.10462219,0.04851887,0.12188878,0.5,0.5,"[4, 4]",0.5,False,0.46823739,0.11906577,0.39232975,True
39,1,19,TP7,0.07851562,-0.02611244,0.08393773,0.5,0.5,"[4, 4]",0.5,False,0.46823739,0.11906577,0.39232975,True
39,1,20,TP8,0.11514496,-0.04835816,0.12593405,0.5,0.5,"[4, 4]",0.5,False,0.46823739,0.11906577,0.39232975,True
39,1,21,Pz,0.12740707,-0.01115054,0.12901109,0.5,0.5,"[4, 4]",0.5,False,0.46823739,0.11906577,0.39232975,True
39,1,22,P3,0.08799865,0.08799865,0.10667311,0.5,0.5,"[4, 4]",0.5,False,0.46823739,0.11906577,0.39232975,True
39,1,23,P4,0.14880672,-0.11918692,0.15789565,0.5,0.5,"[4, 4]",0.5,False,0.46823739,0.11906577,0.39232975,True
39,1,24,T5,0.09456704,0.04546899,0.09810939,0.5,0.5,"[4, 4]",0.5,False,0.46823739,0.11906577,0.39232975,True
39,1,25,T6,0.0950775,-0.04524321,0.10664053,0.5,0.5,"[4, 4]",0.5,False,0.46823739,0.11906577,0.39232975,True
39,1,26,Oz,0.08313468,0.06595831,0.09957738,0.5,0.5,"[4, 4]",0.5,False,0.46823739,0.11906577,0.39232975,True
39,1,27,O1,0.10131605,0.03955704,0.11206555,0.5,0.5,"[4, 4]",0.5,False,0.46823739,0.11906577,0.39232975,True
39,1,28,O2,0.10740485,-0.02588061,0.11385261,0.5,0.5,"[4, 4]",0.5,False,0.46823739,0.11906577,0.39232975,True
39,2,0,Fp1,0.10980674,-0.09600121,0.12259036,0.5,0.5,"[0, 8]",1.0,True,0.00323095,0.00030001,0.00270717,True
39,2,1,Fp2,0.07765819,0.06101019,0.0951374,0.5,0.5,"[0, 8]",1.0,True,0.00323095,0.00030001,0.00270717,True
39,2,2,Fz,0.10400175,-0.09848149,0.11749481,0.5,0.5,"[0, 8]",1.0,True,0.00323095,0.00030001,0.00270717,True
39,2,3,F3,0.08747068,0.02741321,0.09426239,0.5,0.5,"[0, 8]",1.0,True,0.00323095,0.00030001,0.00270717,True
39,2,4,F4,0.09738284,0.01220003,0.10771842,0.5,0.5,"[0, 8]",1.0,True,0.00323095,0.00030001,0.00270717,True
39,2,5,F7,0.08410586,0.08182675,0.097735,0.5,0.5,"[0, 8]",1.0,True,0.00323095,0.00030001,0.00270717,True
39,2,6,F8,0.07749207,-0.02905646,0.07850891,0.5,0.5,"[0, 8]",1.0,True,0.00323095,0.00030001,0.00270717,True
39,2,7,FCz,0.09878293,0.09878293,0.11395725,0.5,0.5,"[0, 8]",1.0,True,0.00323095,0.00030001,0.00270717,True
39,2,8,FC3,0.03114027,0.00602213,0.03783867,0.5,0.5,"[0, 8]",1.0,True,0.00323095,0.00030001,0.00270717,True
39,2,9,FC4,0.05789176,-0.05789176,0.0759688,0.5,0.5,"[0, 8]",1.0,True,0.00323095,0.00030001,0.00270717,True
39,2,10,FT7,0.0902698,-0.05822622,0.10379094,0.5,0.5,"[0, 8]",1.0,True,0.00323095,0.00030001,0.00270717,True
39,2,11,FT8,0.08024118,-0.00368778,0.09738478,0.5,0.5,"[0, 8]",1.0,True,0.00323095,0.00030001,0.00270717,True
39,2,12,Cz,0.07705223,0.07553367,0.09257618,0.5,0.5,"[0, 8]",1.0,True,0.00323095,0.00030001,0.00270717,True
39,2,13,C3,0.11508101,0.07251661,0.117293,0.5,0.5,"[0, 8]",1.0,True,0.00323095,0.00030001,0.00270717,True
39,2,14,C4,0.08550487,-0.07512461,0.09593772,0.5,0.5,"[0, 8]",1.0,True,0.00323095,0.00030001,0.00270717,True
39,2,15,T3,0.12688479,0.12688479,0.13210857,0.5,0.5,"[0, 8]",1.0,True,0.00323095,0.00030001,0.00270717,True
39,2,16,T4,0.12223758,0.01346595,0.13473554,0.5,0.5,"[0, 8]",1.0,True,0.00323095,0.00030001,0.00270717,True
39,2,17,CP3,0.1208244,0.03294354,0.13925959,0.5,0.5,"[0, 8]",1.0,True,0.00323095,0.00030001,0.00270717,True
39,2,18,CP4,0.11108313,0.03480948,0.12765412,0.5,0.5,"[0, 8]",1.0,True,0.00323095,0.00030001,0.00270717,True
39,2,19,TP7,0.08457771,-0.01858149,0.09456401,0.5,0.5,"[0, 8]",1.0,True,0.00323095,0.00030001,0.00270717,True
39,2,20,TP8,0.08926944,-0.05916341,0.1083326,0.5,0.5,"[0, 8]",1.0,True,0.00323095,0.00030001,0.00270717,True
39,2,21,Pz,0.153339,0.00673239,0.15352856,0.5,0.5,"[0, 8]",1.0,True,0.00323095,0.00030001,0.00270717,True
39,2,22,P3,0.10815743,0.10815743,0.11736306,0.5,0.5,"[0, 8]",1.0,True,0.00323095,0.00030001,0.00270717,True
39,2,23,P4,0.10466342,-0.09271532,0.11653233,0.5,0.5,"[0, 8]",1.0,True,0.00323095,0.00030001,0.00270717,True
39,2,24,T5,0.10515555,0.07328883,0.1144679,0.5,0.5,"[0, 8]",1.0,True,0.00323095,0.00030001,0.00270717,True
39,2,25,T6,0.08097551,-0.06235651,0.09231412,0.5,0.5,"[0, 8]",1.0,True,0.00323095,0.00030001,0.00270717,True
39,2,26,Oz,0.07747076,0.04226759,0.07990965,0.5,0.5,"[0, 8]",1.0,True,0.00323095,0.00030001,0.00270717,True
39,2,27,O1,0.12186212,0.05623303,0.13229313,0.5,0.5,"[0, 8]",1.0,True,0.00323095,0.00030001,0.00270717,True
39,2,28,O2,0.14414138,-0.02368953,0.14686176,0.5,0.5,"[0, 8]",1.0,True,0.00323095,0.00030001,0.00270717,True
39,3,0,Fp1,0.11010674,-0.09600121,0.12282328,0.625,0.625,"[1, 7]",0.875,False,0.00323083,0.00030001,0.00270706,True
39,3,1,Fp2,0.07750819,0.06116018,0.09508536,0.625,0.625,"[1, 7]",0.875,False,0.00323083,0.00030001,0.00270706,True
39,3,2,Fz,0.10415174,-0.0983315,0.11750929,0.625,0.625,"[1, 7]",0.875,False,0.00323083,0.00030001,0.00270706,True
39,3,3,F3,0.0874707,0.02741319,0.09426241,0.625,0.625,"[1, 7]",0.875,False,0.00323083,0.00030001,0.00270706,True
39,3,4,F4,0.09753284,0.01235003,0.10784688,0.625,0.625,"[1, 7]",0.875,False,0.00323083,0.00030001,0.00270706,True
39,3,5,F7,0.08425586,0.08167675,0.09774246,0.625,0.625,"[1, 7]",0.875,False,0.00323083,0.00030001,0.00270706,True
39,3,6,F8,0.07749207,-0.02935645,0.07847528,0.625,0.625,"[1, 7]",0.875,False,0.00323083,0.00030001,0.00270706,True
39,3,7,FCz,0.09908289,0.09908289,0.11432615,0.625,0.625,"[1, 7]",0.875,False,0.00323083,0.00030001,0.00270706,True
39,3,8,FC3,0.03114042,0.00602227,0.03783873,0.625,0.625,"[1, 7]",0.875,False,0.00323083,0.00030001,0.00270706,True
39,3,9,FC4,0.05789183,-0.05789183,0.07611109,0.625,0.625,"[1, 7]",0.875,False,0.00323083,0.00030001,0.00270706,True
39,3,10,FT7,0.09041979,-0.05807623,0.10388134,0.625,0.625,"[1, 7]",0.875,False,0.00323083,0.00030001,0.00270706,True
39,3,11,FT8,0.07979119,-0.0035378,0.09692363,0.625,0.625,"[1, 7]",0.875,False,0.00323083,0.00030001,0.00270706,True
39,3,12,Cz,0.07720223,0.07568365,0.09273551,0.625,0.625,"[1, 7]",0.875,False,0.00323083,0.00030001,0.00270706,True
39,3,13,C3,0.11508091,0.07251649,0.11726162,0.625,0.625,"[1, 7]",0.875,False,0.00323083,0.00030001,0.00270706,True
39,3,14,C4,0.08550487,-0.07512459,0.09602552,0.625,0.625,"[1, 7]",0.875,False,0.00323083,0.00030001,0.00270706,True
39,3,15,T3,0.12658478,0.12658478,0.13183141,0.625,0.625,"[1, 7]",0.875,False,0.00323083,0.00030001,0.00270706,True
39,3,16,T4,0.12208759,0.01331595,0.13450733,0.625,0.625,"[1, 7]",0.875,False,0.00323083,0.00030001,0.00270706,True
39,3,17,CP3,0.12127438,0.03309354,0.13977261,0.625,0.625,"[1, 7]",0.875,False,0.00323083,0.00030001,0.00270706,True
39,3,18,CP4,0.1107834,0.03450975,0.12752832,0.625,0.625,"[1, 7]",0.875,False,0.00323083,0.00030001,0.00270706,True
39,3,19,TP7,0.0845777,-0.01888148,0.09451903,0.625,0.625,"[1, 7]",0.875,False,0.00323083,0.00030001,0.00270706,True
39,3,20,TP8,0.0889695,-0.05916344,0.1080419,0.625,0.625,"[1, 7]",0.875,False,0.00323083,0.00030001,0.00270706,True
39,3,21,Pz,0.15303901,0.00673239,0.15322734,0.625,0.625,"[1, 7]",0.875,False,0.00323083,0.00030001,0.00270706,True
39,3,22,P3,0.10815746,0.10815746,0.1174041,0.625,0.625,"[1, 7]",0.875,False,0.00323083,0.00030001,0.00270706,True
39,3,23,P4,0.1048134,-0.09286531,0.11667305,0.625,0.625,"[1, 7]",0.875,False,0.00323083,0.00030001,0.00270706,True
39,3,24,T5,0.10500555,0.07343882,0.11451381,0.625,0.625,"[1, 7]",0.875,False,0.00323083,0.00030001,0.00270706,True
39,3,25,T6,0.0809755,-0.06235652,0.09231412,0.625,0.625,"[1, 7]",0.875,False,0.00323083,0.00030001,0.00270706,True
39,3,26,Oz,0.07747077,0.0422676,0.07990966,0.625,0.625,"[1, 7]",0.875,False,0.00323083,0.00030001,0.00270706,True
39,3,27,O1,0.12201211,0.05608304,0.13228098,0.625,0.625,"[1, 7]",0.875,False,0.00323083,0.00030001,0.00270706,True
39,3,28,O2,0.14414138,-0.02368953,0.14686175,0.625,0.625,"[1, 7]",0.875,False,0.00323083,0.00030001,0.00270706,True
39,4,0,Fp1,0.11010674,-0.0960012,0.12282328,0.5,0.5,"[0, 8]",1.0,True,0.003231,0.00030001,0.00270721,True
39,4,1,Fp2,0.0775082,0.06116019,0.09508538,0.5,0.5,"[0, 8]",1.0,True,0.003231,0.00030001,0.00270721,True
39,4,2,Fz,0.10385175,-0.09833149,0.11734442,0.5,0.5,"[0, 8]",1.0,True,0.003231,0.00030001,0.00270721,True
39,4,3,F3,0.08762068,0.02756321,0.09446009,0.5,0.5,"[0, 8]",1.0,True,0.003231,0.00030001,0.00270721,True
39,4,4,F4,0.09753284,0.01265002,0.1077276,0.5,0.5,"[0, 8]",1.0,True,0.003231,0.00030001,0.00270721,True
39,4,5,F7,0.08410586,0.08152676,0.09759356,0.5,0.5,"[0, 8]",1.0,True,0.003231,0.00030001,0.00270721,True
39,4,6,F8,0.07749207,-0.02905646,0.07852279,0.5,0.5,"[0, 8]",1.0,True,0.003231,0.00030001,0.00270721,True
39,4,7,FCz,0.09908287,0.09908287,0.11431886,0.5,0.5,"[0, 8]",1.0,True,0.003231,0.00030001,0.00270721,True
39,4,8,FC3,0.03129025,0.00617212,0.03790004,0.5,0.5,"[0, 8]",1.0,True,0.003231,0.00030001,0.00270721,True
39,4,9,FC4,0.05774175,-0.05774175,0.07593863,0.5,0.5,"[0, 8]",1.0,True,0.003231,0.00030001,0.00270721,True
39,4,10,FT7,0.09056979,-0.05822622,0.10396786,0.5,0.5,"[0, 8]",1.0,True,0.003231,0.00030001,0.00270721,True
39,4,11,FT8,0.08024113,-0.00368775,0.09721557,0.5,0.5,"[0, 8]",1.0,True,0.003231,0.00030001,0.00270721,True
39,4,12,Cz,0.07705224,0.07583365,0.09273107,0.5,0.5,"[0, 8]",1.0,True,0.003231,0.00030001,0.00270721,True
39,4,13,C3,0.1153809,0.07251651,0.117534,0.5,0.5,"[0, 8]",1.0,True,0.003231,0.00030001,0.00270721,True
39,4,14,C4,0.08535488,-0.0749746,0.0958275,0.5,0.5,"[0, 8]",1.0,True,0.003231,0.00030001,0.00270721,True
39,4,15,T3,0.12658478,0.12658478,0.13183141,0.5,0.5,"[0, 8]",1.0,True,0.003231,0.00030001,0.00270721,True
39,4,16,T4,0.12223759,0.01346594,0.13460281,0.5,0.5,"[0, 8]",1.0,True,0.003231,0.00030001,0.00270721,True
39,4,17,CP3,0.12097439,0.03309354,0.13939349,0.5,0.5,"[0, 8]",1.0,True,0.003231,0.00030001,0.00270721,True
39,4,18,CP4,0.11093314,0.03465948,0.12763049,0.5,0.5,"[0, 8]",1.0,True,0.003231,0.00030001,0.00270721,True
39,4,19,TP7,0.08457769,-0.01888148,0.09451902,0.5,0.5,"[0, 8]",1.0,True,0.003231,0.00030001,0.00270721,True
39,4,20,TP8,0.08896946,-0.0594634,0.10825004,0.5,0.5,"[0, 8]",1.0,True,0.003231,0.00030001,0.00270721,True
39,4,21,Pz,0.153189,0.00688239,0.15338798,0.5,0.5,"[0, 8]",1.0,True,0.003231,0.00030001,0.00270721,True
39,4,22,P3,0.10830744,0.10830744,0.11757708,0.5,0.5,"[0, 8]",1.0,True,0.003231,0.00030001,0.00270721,True
39,4,23,P4,0.10481342,-0.0931653,0.11685597,0.5,0.5,"[0, 8]",1.0,True,0.003231,0.00030001,0.00270721,True
39,4,24,T5,0.10500555,0.07313883,0.11439427,0.5,0.5,"[0, 8]",1.0,True,0.003231,0.00030001,0.00270721,True
39,4,25,T6,0.08127549,-0.06235653,0.09257986,0.5,0.5,"[0, 8]",1.0,True,0.003231,0.00030001,0.00270721,True
39,4,26,Oz,0.07747076,0.04226759,0.07981057,0.5,0.5,"[0, 8]",1.0,True,0.003231,0.00030001,0.00270721,True
39,4,27,O1,0.12186213,0.05593304,0.13223471,0.5,0.5,"[0, 8]",1.0,True,0.003231,0.00030001,0.00270721,True
39,4,28,O2,0.14399138,-0.02383953,0.14675383,0.5,0.5,"[0, 8]",1.0,True,0.003231,0.00030001,0.00270721,True
39,5,0,Fp1,0.10995673,-0.0958512,0.1226245,0.5,0.5,"[0, 8]",1.0,True,0.00323099,0.00030001,0.0027072,True
39,5,1,Fp2,0.07765819,0.06131018,0.09535468,0.5,0.5,"[0, 8]",1.0,True,0.00323099,0.00030001,0.0027072,True
39,5,2,Fz,0.10385175,-0.0983315,0.11734443,0.5,0.5,"[0, 8]",1.0,True,0.00323099,0.00030001,0.0027072,True
39,5,3,F3,0.08762069,0.02726322,0.09445383,0.5,0.5,"[0, 8]",1.0,True,0.00323099,0.00030001,0.0027072,True
39,5,4,F4,0.09753285,0.01235004,0.10784689,0.5,0.5,"[0, 8]",1.0,True,0.00323099,0.00030001,0.0027072,True
39,5,5,F7,0.08410586,0.08152676,0.09759356,0.5,0.5,"[0, 8]",1.0,True,0.00323099,0.00030001,0.0027072,True
39,5,6,F8,0.07749208,-0.02935645,0.0784581,0.5,0.5,"[0, 8]",1.0,True,0.00323099,0.00030001,0.0027072,True
39,5,7,FCz,0.09908288,0.09908288,0.11431888,0.5,0.5,"[0, 8]",1.0,True,0.00323099,0.00030001,0.0027072,True
39,5,8,FC3,0.03084027,0.00572214,0.03760594,0.5,0.5,"[0, 8]",1.0,True,0.00323099,0.00030001,0.0027072,True
39,5,9,FC4,0.05789175,-0.05789175,0.07618262,0.5,0.5,"[0, 8]",1.0,True,0.00323099,0.00030001,0.0027072,True
39,5,10,FT7,0.0904198,-0.05837623,0.10387492,0.5,0.5,"[0, 8]",1.0,True,0.00323099,0.00030001,0.0027072,True
39,5,11,FT8,0.08039117,-0.00353777,0.09741814,0.5,0.5,"[0, 8]",1.0,True,0.00323099,0.00030001,0.0027072,True
39,5,12,Cz,0.07720223,0.07568365,0.09273551,0.5,0.5,"[0, 8]",1.0,True,0.00323099,0.00030001,0.0027072,True
39,5,13,C3,0.11538085,0.07251646,0.11758644,0.5,0.5,"[0, 8]",1.0,True,0.00323099,0.00030001,0.0027072,True
39,5,14,C4,0.08550487,-0.07512459,0.09602551,0.5,0.5,"[0, 8]",1.0,True,0.00323099,0.00030001,0.0027072,True
39,5,15,T3,0.12673478,0.12673478,0.13191344,0.5,0.5,"[0, 8]",1.0,True,0.00323099,0.00030001,0.0027072,True
39,5,16,T4,0.12223758,0.01346595,0.13473554,0.5,0.5,"[0, 8]",1.0,True,0.00323099,0.00030001,0.0027072,True
39,5,17,CP3,0.12082441,0.03294355,0.13925959,0.5,0.5,"[0, 8]",1.0,True,0.00323099,0.00030001,0.0027072,True
39,5,18,CP4,0.11093313,0.03465948,0.12743805,0.5,0.5,"[0, 8]",1.0,True,0.00323099,0.00030001,0.0027072,True
39,5,19,TP7,0.08427772,-0.01858149,0.09419105,0.5,0.5,"[0, 8]",1.0,True,0.00323099,0.00030001,0.0027072,True
39,5,20,TP8,0.08896945,-0.05916341,0.10804185,0.5,0.5,"[0, 8]",1.0,True,0.00323099,0.00030001,0.0027072,True
39,5,21,Pz,0.15303901,0.00673239,0.15322734,0.5,0.5,"[0, 8]",1.0,True,0.00323099,0.00030001,0.0027072,True
39,5,22,P3,0.10800746,0.10800746,0.11718978,0.5,0.5,"[0, 8]",1.0,True,0.00323099,0.00030001,0.0027072,True
39,5,23,P4,0.10481341,-0.09286531,0.11674578,0.5,0.5,"[0, 8]",1.0,True,0.00323099,0.00030001,0.0027072,True
39,5,24,T5,0.10500555,0.07313883,0.11439427,0.5,0.5,"[0, 8]",1.0,True,0.00323099,0.00030001,0.0027072,True
39,5,25,T6,0.08112549,-0.06220653,0.09237508,0.5,0.5,"[0, 8]",1.0,True,0.00323099,0.00030001,0.0027072,True
39,5,26,Oz,0.07777076,0.04256759,0.08016515,0.5,0.5,"[0, 8]",1.0,True,0.00323099,0.00030001,0.0027072,True
39,5,27,O1,0.12216212,0.05623303,0.13248841,0.5,0.5,"[0, 8]",1.0,True,0.00323099,0.00030001,0.0027072,True
39,5,28,O2,0.14414138,-0.02368953,0.14686176,0.5,0.5,"[0, 8]",1.0,True,0.00323099,0.00030001,0.0027072,True
40,1,0,Fp1,0.09695514,-0.09339759,0.11008409,0.5,0.5,"[4, 4]",0.5,False,0.54869068,0.13643848,0.45974046,True
40,1,1,Fp2,0.09255868,0.09255868,0.1248965,0.5,0.5,"[4, 4]",0.5,False,0.54869068,0.13643848,0.45974046,True
40,1,2,Fz,0.11031146,-0.11031146,0.12626454,0.5,0.5,"[4, 4]",0.5,False,0.54869068,0.13643848,0.45974046,True
40,1,3,F3,0.13104346,0.06528869,0.13207917,0.5,0.5,"[4, 4]",0.5,False,0.54869068,0.13643848,0.45974046,True
40,1,4,F4,0.07382543,0.00271367,0.08748395,0.5,0.5,"[4, 4]",0.5,False,0.54869068,0.13643848,0.45974046,True
40,1,5,F7,0.11803593,0.11803593,0.12977782,0.5,0.5,"[4, 4]",0.5,False,0.54869068,0.13643848,0.45974046,True
40,1,6,F8,0.0796299,-0.0168626,0.0852863,0.5,0.5,"[4, 4]",0.5,False,0.54869068,0.13643848,0.45974046,True
40,1,7,FCz,0.07404216,0.07099483,0.08557684,0.5,0.5,"[4, 4]",0.5,False,0.54869068,0.13643848,0.45974046,True
40,1,8,FC3,0.0344032,-0.0097535,0.03610485,0.5,0.5,"[4, 4]",0.5,False,0.54869068,0.13643848,0.45974046,True
40,1,9,FC4,0.03460595,-0.01379793,0.04746059,0.5,0.5,"[4, 4]",0.5,False,0.54869068,0.13643848,0.45974046,True
40,1,10,FT7,0.0716514,-0.04006626,0.09699585,0.5,0.5,"[4, 4]",0.5,False,0.54869068,0.13643848,0.45974046,True
40,1,11,FT8,0.10019337,-0.04581094,0.10308095,0.5,0.5,"[4, 4]",0.5,False,0.54869068,0.13643848,0.45974046,True
40,1,12,Cz,0.0739414,0.06231222,0.08690679,0.5,0.5,"[4, 4]",0.5,False,0.54869068,0.13643848,0.45974046,True
40,1,13,C3,0.10548954,0.06743628,0.12634487,0.5,0.5,"[4, 4]",0.5,False,0.54869068,0.13643848,0.45974046,True
40,1,14,C4,0.07193545,-0.06487229,0.08387908,0.5,0.5,"[4, 4]",0.5,False,0.54869068,0.13643848,0.45974046,True
40,1,15,T3,0.14024161,0.14024161,0.16032135,0.5,0.5,"[4, 4]",0.5,False,0.54869068,0.13643848,0.45974046,True
40,1,16,T4,0.12081293,-0.02241493,0.1431708,0.5,0.5,"[4, 4]",0.5,False,0.54869068,0.13643848,0.45974046,True
40,1,17,CP3,0.13810492,0.04694753,0.16905209,0.5,0.5,"[4, 4]",0.5,False,0.54869068,0.13643848,0.45974046,True
40,1,18,CP4,0.13109779,0.10221758,0.15474406,0.5,0.5,"[4, 4]",0.5,False,0.54869068,0.13643848,0.45974046,True
40,1,19,TP7,0.08556289,-0.02283283,0.09254275,0.5,0.5,"[4, 4]",0.5,False,0.54869068,0.13643848,0.45974046,True
40,1,20,TP8,0.08948434,-0.06527784,0.10652266,0.5,0.5,"[4, 4]",0.5,False,0.54869068,0.13643848,0.45974046,True
40,1,21,Pz,0.11770605,0.02461693,0.12671864,0.5,0.5,"[4, 4]",0.5,False,0.54869068,0.13643848,0.45974046,True
40,1,22,P3,0.12432794,0.12432794,0.13979161,0.5,0.5,"[4, 4]",0.5,False,0.54869068,0.13643848,0.45974046,True
40,1,23,P4,0.06999622,-0.05043913,0.08340364,0.5,0.5,"[4, 4]",0.5,False,0.54869068,0.13643848,0.45974046,True
40,1,24,T5,0.07155801,0.01642504,0.0794058,0.5,0.5,"[4, 4]",0.5,False,0.54869068,0.13643848,0.45974046,True
40,1,25,T6,0.07272421,-0.01060908,0.09343366,0.5,0.5,"[4, 4]",0.5,False,0.54869068,0.13643848,0.45974046,True
40,1,26,Oz,0.08496212,0.03251885,0.08588451,0.5,0.5,"[4, 4]",0.5,False,0.54869068,0.13643848,0.45974046,True
40,1,27,O1,0.11672646,0.02085838,0.12911592,0.5,0.5,"[4, 4]",0.5,False,0.54869068,0.13643848,0.45974046,True
40,1,28,O2,0.12107845,-0.07175824,0.1419895,0.5,0.5,"[4, 4]",0.5,False,0.54869068,0.13643848,0.45974046,True
40,2,0,Fp1,0.10775273,-0.09579933,0.12060925,0.5,0.5,"[0, 8]",1.0,True,0.02907137,0.00409717,0.0243585,True
40,2,1,Fp2,0.07693804,0.0616258,0.0959087,0.5,0.5,"[0, 8]",1.0,True,0.02907137,0.00409717,0.0243585,True
40,2,2,Fz,0.10496069,-0.10051188,0.11915825,0.5,0.5,"[0, 8]",1.0,True,0.02907137,0.00409717,0.0243585,True
40,2,3,F3,0.08782478,0.02567167,0.09480958,0.5,0.5,"[0, 8]",1.0,True,0.02907137,0.00409717,0.0243585,True
40,2,4,F4,0.0977685,0.01075676,0.10906199,0.5,0.5,"[0, 8]",1.0,True,0.02907137,0.00409717,0.0243585,True
40,2,5,F7,0.0867246,0.08325793,0.09997317,0.5,0.5,"[0, 8]",1.0,True,0.02907137,0.00409717,0.0243585,True
40,2,6,F8,0.07577837,-0.02758858,0.07683628,0.5,0.5,"[0, 8]",1.0,True,0.02907137,0.00409717,0.0243585,True
40,2,7,FCz,0.09704577,0.09704577,0.11321801,0.5,0.5,"[0, 8]",1.0,True,0.02907137,0.00409717,0.0243585,True
40,2,8,FC3,0.02847601,0.00386325,0.035934,0.5,0.5,"[0, 8]",1.0,True,0.02907137,0.00409717,0.0243585,True
40,2,9,FC4,0.06008718,-0.06008718,0.07757478,0.5,0.5,"[0, 8]",1.0,True,0.02907137,0.00409717,0.0243585,True
40,2,10,FT7,0.09024321,-0.05727628,0.10284118,0.5,0.5,"[0, 8]",1.0,True,0.02907137,0.00409717,0.0243585,True
40,2,11,FT8,0.08039995,-0.00124451,0.09755886,0.5,0.5,"[0, 8]",1.0,True,0.02907137,0.00409717,0.0243585,True
40,2,12,Cz,0.07662874,0.07330199,0.09146156,0.5,0.5,"[0, 8]",1.0,True,0.02907137,0.00409717,0.0243585,True
40,2,13,C3,0.11464662,0.07020178,0.11666656,0.5,0.5,"[0, 8]",1.0,True,0.02907137,0.00409717,0.0243585,True
40,2,14,C4,0.08557611,-0.07692963,0.09700275,0.5,0.5,"[0, 8]",1.0,True,0.02907137,0.00409717,0.0243585,True
40,2,15,T3,0.12853356,0.12853356,0.13355877,0.5,0.5,"[0, 8]",1.0,True,0.02907137,0.00409717,0.0243585,True
40,2,16,T4,0.1212187,0.01587125,0.13357222,0.5,0.5,"[0, 8]",1.0,True,0.02907137,0.00409717,0.0243585,True
40,2,17,CP3,0.11985935,0.03134426,0.13895394,0.5,0.5,"[0, 8]",1.0,True,0.02907137,0.00409717,0.0243585,True
40,2,18,CP4,0.11151676,0.03319065,0.12925214,0.5,0.5,"[0, 8]",1.0,True,0.02907137,0.00409717,0.0243585,True
40,2,19,TP7,0.08462577,-0.0183423,0.09360752,0.5,0.5,"[0, 8]",1.0,True,0.02907137,0.00409717,0.0243585,True
40,2,20,TP8,0.09066725,-0.05903219,0.10936899,0.5,0.5,"[0, 8]",1.0,True,0.02907137,0.00409717,0.0243585,True
40,2,21,Pz,0.15195207,0.00609576,0.15213886,0.5,0.5,"[0, 8]",1.0,True,0.02907137,0.00409717,0.0243585,True
40,2,22,P3,0.1074899,0.1074899,0.11634843,0.5,0.5,"[0, 8]",1.0,True,0.02907137,0.00409717,0.0243585,True
40,2,23,P4,0.1023673,-0.09144989,0.11433325,0.5,0.5,"[0, 8]",1.0,True,0.02907137,0.00409717,0.0243585,True
40,2,24,T5,0.10593691,0.07467513,0.11536909,0.5,0.5,"[0, 8]",1.0,True,0.02907137,0.00409717,0.0243585,True
40,2,25,T6,0.08008125,-0.06323379,0.09184045,0.5,0.5,"[0, 8]",1.0,True,0.02907137,0.00409717,0.0243585,True
40,2,26,Oz,0.0796577,0.04481635,0.08199666,0.5,0.5,"[0, 8]",1.0,True,0.02907137,0.00409717,0.0243585,True
40,2,27,O1,0.12361363,0.05710781,0.13357265,0.5,0.5,"[0, 8]",1.0,True,0.02907137,0.00409717,0.0243585,True
40,2,28,O2,0.14490867,-0.02159049,0.14719707,0.5,0.5,"[0, 8]",1.0,True,0.02907137,0.00409717,0.0243585,True
40,3,0,Fp1,0.10929246,-0.09587234,0.12202559,0.5,0.5,"[0, 8]",1.0,True,0.00955932,0.00119878,0.00800963,True
40,3,1,Fp2,0.07804023,0.06114355,0.09568819,0.5,0.5,"[0, 8]",1.0,True,0.00955932,0.00119878,0.00800963,True
40,3,2,Fz,0.10428499,-0.09861231,0.11770913,0.5,0.5,"[0, 8]",1.0,True,0.00955932,0.00119878,0.00800963,True
40,3,3,F3,0.08735219,0.02662839,0.09426495,0.5,0.5,"[0, 8]",1.0,True,0.00955932,0.00119878,0.00800963,True
40,3,4,F4,0.09751039,0.01241317,0.10776035,0.5,0.5,"[0, 8]",1.0,True,0.00955932,0.00119878,0.00800963,True
40,3,5,F7,0.08441778,0.08179406,0.09780792,0.5,0.5,"[0, 8]",1.0,True,0.00955932,0.00119878,0.00800963,True
40,3,6,F8,0.07685077,-0.0282209,0.07796331,0.5,0.5,"[0, 8]",1.0,True,0.00955932,0.00119878,0.00800963,True
40,3,7,FCz,0.09877442,0.09877442,0.113939,0.5,0.5,"[0, 8]",1.0,True,0.00955932,0.00119878,0.00800963,True
40,3,8,FC3,0.03006259,0.00568305,0.03702965,0.5,0.5,"[0, 8]",1.0,True,0.00955932,0.00119878,0.00800963,True
40,3,9,FC4,0.05809907,-0.05809907,0.07593425,0.5,0.5,"[0, 8]",1.0,True,0.00955932,0.00119878,0.00800963,True
40,3,10,FT7,0.09007026,-0.05763664,0.10343631,0.5,0.5,"[0, 8]",1.0,True,0.00955932,0.00119878,0.00800963,True
40,3,11,FT8,0.08064831,-0.00296398,0.09791826,0.5,0.5,"[0, 8]",1.0,True,0.00955932,0.00119878,0.00800963,True
40,3,12,Cz,0.07722035,0.07537708,0.09268039,0.5,0.5,"[0, 8]",1.0,True,0.00955932,0.00119878,0.00800963,True
40,3,13,C3,0.11497293,0.07179615,0.11713856,0.5,0.5,"[0, 8]",1.0,True,0.00955932,0.00119878,0.00800963,True
40,3,14,C4,0.08572676,-0.07567874,0.09629184,0.5,0.5,"[0, 8]",1.0,True,0.00955932,0.00119878,0.00800963,True
40,3,15,T3,0.12649441,0.12649441,0.13186854,0.5,0.5,"[0, 8]",1.0,True,0.00955932,0.00119878,0.00800963,True
40,3,16,T4,0.12167327,0.01399999,0.13409473,0.5,0.5,"[0, 8]",1.0,True,0.00955932,0.00119878,0.00800963,True
40,3,17,CP3,0.12058046,0.03247244,0.13926637,0.5,0.5,"[0, 8]",1.0,True,0.00955932,0.00119878,0.00800963,True
40,3,18,CP4,0.11128031,0.0342709,0.12797196,0.5,0.5,"[0, 8]",1.0,True,0.00955932,0.00119878,0.00800963,True
40,3,19,TP7,0.08450662,-0.01849769,0.09418701,0.5,0.5,"[0, 8]",1.0,True,0.00955932,0.00119878,0.00800963,True
40,3,20,TP8,0.08956794,-0.05899949,0.10845054,0.5,0.5,"[0, 8]",1.0,True,0.00955932,0.00119878,0.00800963,True
40,3,21,Pz,0.15307654,0.0065775,0.15325718,0.5,0.5,"[0, 8]",1.0,True,0.00955932,0.00119878,0.00800963,True
40,3,22,P3,0.10828927,0.10828927,0.11751839,0.5,0.5,"[0, 8]",1.0,True,0.00955932,0.00119878,0.00800963,True
40,3,23,P4,0.10475067,-0.09288334,0.11657816,0.5,0.5,"[0, 8]",1.0,True,0.00955932,0.00119878,0.00800963,True
40,3,24,T5,0.10541826,0.07318008,0.11450042,0.5,0.5,"[0, 8]",1.0,True,0.00955932,0.00119878,0.00800963,True
40,3,25,T6,0.08060716,-0.06240767,0.09219083,0.5,0.5,"[0, 8]",1.0,True,0.00955932,0.00119878,0.00800963,True
40,3,26,Oz,0.0782524,0.04232172,0.08068164,0.5,0.5,"[0, 8]",1.0,True,0.00955932,0.00119878,0.00800963,True
40,3,27,O1,0.12174815,0.05654855,0.13190626,0.5,0.5,"[0, 8]",1.0,True,0.00955932,0.00119878,0.00800963,True
40,3,28,O2,0.14469279,-0.02354431,0.14731735,0.5,0.5,"[0, 8]",1.0,True,0.00955932,0.00119878,0.00800963,True
40,4,0,Fp1,0.10750131,-0.09575163,0.12014867,0.75,0.75,"[2, 6]",0.75,False,0.0412597,0.00572428,0.03457095,True
40,4,1,Fp2,0.07747979,0.06247457,0.09697966,0.75,0.75,"[2, 6]",0.75,False,0.0412597,0.00572428,0.03457095,True
40,4,2,Fz,0.10349651,-0.09958053,0.11776516,0.75,0.75,"[2, 6]",0.75,False,0.0412597,0.00572428,0.03457095,True
40,4,3,F3,0.08873711,0.02631004,0.09593654,0.75,0.75,"[2, 6]",0.75,False,0.0412597,0.00572428,0.03457095,True
40,4,4,F4,0.09889091,0.01148494,0.11023168,0.75,0.75,"[2, 6]",0.75,False,0.0412597,0.00572428,0.03457095,True
40,4,5,F7,0.08227789,0.07948418,0.09527943,0.75,0.75,"[2, 6]",0.75,False,0.0412597,0.00572428,0.03457095,True
40,4,6,F8,0.0752538,-0.02917438,0.07625461,0.75,0.75,"[2, 6]",0.75,False,0.0412597,0.00572428,0.03457095,True
40,4,7,FCz,0.09820191,0.09820191,0.1150474,0.75,0.75,"[2, 6]",0.75,False,0.0412597,0.00572428,0.03457095,True
40,4,8,FC3,0.02834006,0.00504518,0.03479518,0.75,0.75,"[2, 6]",0.75,False,0.0412597,0.00572428,0.03457095,True
40,4,9,FC4,0.05847016,-0.05847016,0.07489406,0.75,0.75,"[2, 6]",0.75,False,0.0412597,0.00572428,0.03457095,True
40,4,10,FT7,0.0892295,-0.05926652,0.10311256,0.75,0.75,"[2, 6]",0.75,False,0.0412597,0.00572428,0.03457095,True
40,4,11,FT8,0.08317439,-0.00355232,0.10032193,0.75,0.75,"[2, 6]",0.75,False,0.0412597,0.00572428,0.03457095,True
40,4,12,Cz,0.07907247,0.07484175,0.09431932,0.75,0.75,"[2, 6]",0.75,False,0.0412597,0.00572428,0.03457095,True
40,4,13,C3,0.11515873,0.07151759,0.11756521,0.75,0.75,"[2, 6]",0.75,False,0.0412597,0.00572428,0.03457095,True
40,4,14,C4,0.08410546,-0.07593068,0.09577399,0.75,0.75,"[2, 6]",0.75,False,0.0412597,0.00572428,0.03457095,True
40,4,15,T3,0.12451826,0.12451826,0.13008402,0.75,0.75,"[2, 6]",0.75,False,0.0412597,0.00572428,0.03457095,True
40,4,16,T4,0.11994863,0.01455644,0.13185349,0.75,0.75,"[2, 6]",0.75,False,0.0412597,0.00572428,0.03457095,True
40,4,17,CP3,0.11940524,0.03227091,0.13949791,0.75,0.75,"[2, 6]",0.75,False,0.0412597,0.00572428,0.03457095,True
40,4,18,CP4,0.11361664,0.0368576,0.12904496,0.75,0.75,"[2, 6]",0.75,False,0.0412597,0.00572428,0.03457095,True
40,4,19,TP7,0.08498856,-0.02003484,0.09392598,0.75,0.75,"[2, 6]",0.75,False,0.0412597,0.00572428,0.03457095,True
40,4,20,TP8,0.08589298,-0.05845919,0.10512505,0.75,0.75,"[2, 6]",0.75,False,0.0412597,0.00572428,0.03457095,True
40,4,21,Pz,0.15450624,0.00805627,0.15478556,0.75,0.75,"[2, 6]",0.75,False,0.0412597,0.00572428,0.03457095,True
40,4,22,P3,0.10954529,0.10954529,0.11751609,0.75,0.75,"[2, 6]",0.75,False,0.0412597,0.00572428,0.03457095,True
40,4,23,P4,0.10195701,-0.09155858,0.1146928,0.75,0.75,"[2, 6]",0.75,False,0.0412597,0.00572428,0.03457095,True
40,4,24,T5,0.10530899,0.07251615,0.11510599,0.75,0.75,"[2, 6]",0.75,False,0.0412597,0.00572428,0.03457095,True
40,4,25,T6,0.07806961,-0.06166372,0.09079829,0.75,0.75,"[2, 6]",0.75,False,0.0412597,0.00572428,0.03457095,True
40,4,26,Oz,0.08034805,0.04328123,0.08211689,0.75,0.75,"[2, 6]",0.75,False,0.0412597,0.00572428,0.03457095,True
40,4,27,O1,0.12200435,0.05462801,0.13255915,0.75,0.75,"[2, 6]",0.75,False,0.0412597,0.00572428,0.03457095,True
40,4,28,O2,0.14549676,-0.02233407,0.14786959,0.75,0.75,"[2, 6]",0.75,False,0.0412597,0.00572428,0.03457095,True
40,5,0,Fp1,0.10980673,-0.0957012,0.12243427,0.5,0.5,"[0, 8]",1.0,True,0.00323083,0.00030001,0.00270707,True
40,5,1,Fp2,0.07780819,0.06146018,0.09542041,0.5,0.5,"[0, 8]",1.0,True,0.00323083,0.00030001,0.00270707,True
40,5,2,Fz,0.10400176,-0.09848149,0.11749481,0.5,0.5,"[0, 8]",1.0,True,0.00323083,0.00030001,0.00270707,True
40,5,3,F3,0.08762068,0.0275632,0.09446009,0.5,0.5,"[0, 8]",1.0,True,0.00323083,0.00030001,0.00270707,True
40,5,4,F4,0.09723284,0.01235002,0.10748134,0.5,0.5,"[0, 8]",1.0,True,0.00323083,0.00030001,0.00270707,True
40,5,5,F7,0.08425586,0.08197676,0.09795298,0.5,0.5,"[0, 8]",1.0,True,0.00323083,0.00030001,0.00270707,True
40,5,6,F8,0.07749207,-0.02905646,0.0785089,0.5,0.5,"[0, 8]",1.0,True,0.00323083,0.00030001,0.00270707,True
40,5,7,FCz,0.09878287,0.09878287,0.1139572,0.5,0.5,"[0, 8]",1.0,True,0.00323083,0.00030001,0.00270707,True
40,5,8,FC3,0.03084027,0.00572213,0.03760595,0.5,0.5,"[0, 8]",1.0,True,0.00323083,0.00030001,0.00270707,True
40,5,9,FC4,0.05819174,-0.05819174,0.07638441,0.5,0.5,"[0, 8]",1.0,True,0.00323083,0.00030001,0.00270707,True
40,5,10,FT7,0.09041979,-0.05807623,0.10388134,0.5,0.5,"[0, 8]",1.0,True,0.00323083,0.00030001,0.00270707,True
40,5,11,FT8,0.08009119,-0.00323779,0.0971603,0.5,0.5,"[0, 8]",1.0,True,0.00323083,0.00030001,0.00270707,True
40,5,12,Cz,0.07675228,0.07553363,0.09233928,0.5,0.5,"[0, 8]",1.0,True,0.00323083,0.00030001,0.00270707,True
40,5,13,C3,0.11508091,0.0722165,0.11723876,0.5,0.5,"[0, 8]",1.0,True,0.00323083,0.00030001,0.00270707,True
40,5,14,C4,0.08580486,-0.0754246,0.09632953,0.5,0.5,"[0, 8]",1.0,True,0.00323083,0.00030001,0.00270707,True
40,5,15,T3,0.12673479,0.12673479,0.13205808,0.5,0.5,"[0, 8]",1.0,True,0.00323083,0.00030001,0.00270707,True
40,5,16,T4,0.12208813,0.0136154,0.13454869,0.5,0.5,"[0, 8]",1.0,True,0.00323083,0.00030001,0.00270707,True
40,5,17,CP3,0.12097442,0.03279357,0.13944155,0.5,0.5,"[0, 8]",1.0,True,0.00323083,0.00030001,0.00270707,True
40,5,18,CP4,0.11093313,0.03435949,0.12770779,0.5,0.5,"[0, 8]",1.0,True,0.00323083,0.00030001,0.00270707,True
40,5,19,TP7,0.08442771,-0.01873149,0.09431884,0.5,0.5,"[0, 8]",1.0,True,0.00323083,0.00030001,0.00270707,True
40,5,20,TP8,0.08941945,-0.0593134,0.10851118,0.5,0.5,"[0, 8]",1.0,True,0.00323083,0.00030001,0.00270707,True
40,5,21,Pz,0.15303901,0.0067324,0.15322734,0.5,0.5,"[0, 8]",1.0,True,0.00323083,0.00030001,0.00270707,True
40,5,22,P3,0.10830744,0.10830744,0.11757707,0.5,0.5,"[0, 8]",1.0,True,0.00323083,0.00030001,0.00270707,True
40,5,23,P4,0.10451341,-0.09286531,0.11650194,0.5,0.5,"[0, 8]",1.0,True,0.00323083,0.00030001,0.00270707,True
40,5,24,T5,0.10500555,0.07343882,0.11438473,0.5,0.5,"[0, 8]",1.0,True,0.00323083,0.00030001,0.00270707,True
40,5,25,T6,0.08112549,-0.06250653,0.09237318,0.5,0.5,"[0, 8]",1.0,True,0.00323083,0.00030001,0.00270707,True
40,5,26,Oz,0.07777075,0.04256758,0.08016513,0.5,0.5,"[0, 8]",1.0,True,0.00323083,0.00030001,0.00270707,True
40,5,27,O1,0.12216213,0.05623303,0.13248843,0.5,0.5,"[0, 8]",1.0,True,0.00323083,0.00030001,0.00270707,True
40,5,28,O2,0.14414138,-0.02338954,0.14681268,0.5,0.5,"[0, 8]",1.0,True,0.00323083,0.00030001,0.00270707,True
41,1,0,Fp1,0.10500654,-0.09001954,0.11563325,0.625,0.625,"[3, 5]",0.625,False,0.19061825,0.03544755,0.15971644,True
41,1,1,Fp2,0.09231476,0.06225713,0.1012141,0.625,0.625,"[3, 5]",0.625,False,0.19061825,0.03544755,0.15971644,True
41,1,2,Fz,0.10324498,-0.08364901,0.10976945,0.625,0.625,"[3, 5]",0.625,False,0.19061825,0.03544755,0.15971644,True
41,1,3,F3,0.08001105,0.02687229,0.08393402,0.625,0.625,"[3, 5]",0.625,False,0.19061825,0.03544755,0.15971644,True
41,1,4,F4,0.09380832,-0.00205211,0.11216438,0.625,0.625,"[3, 5]",0.625,False,0.19061825,0.03544755,0.15971644,True
41,1,5,F7,0.06667156,0.05142199,0.07194207,0.625,0.625,"[3, 5]",0.625,False,0.19061825,0.03544755,0.15971644,True
41,1,6,F8,0.09331009,-0.04103041,0.09424722,0.625,0.625,"[3, 5]",0.625,False,0.19061825,0.03544755,0.15971644,True
41,1,7,FCz,0.11135289,0.11135289,0.12088607,0.625,0.625,"[3, 5]",0.625,False,0.19061825,0.03544755,0.15971644,True
41,1,8,FC3,0.03759373,0.01087876,0.04153147,0.625,0.625,"[3, 5]",0.625,False,0.19061825,0.03544755,0.15971644,True
41,1,9,FC4,0.06448475,-0.06448475,0.0781884,0.625,0.625,"[3, 5]",0.625,False,0.19061825,0.03544755,0.15971644,True
41,1,10,FT7,0.09565102,-0.07398387,0.11358386,0.625,0.625,"[3, 5]",0.625,False,0.19061825,0.03544755,0.15971644,True
41,1,11,FT8,0.08570833,-0.02659906,0.10239013,0.625,0.625,"[3, 5]",0.625,False,0.19061825,0.03544755,0.15971644,True
41,1,12,Cz,0.09463853,0.09463853,0.10736764,0.625,0.625,"[3, 5]",0.625,False,0.19061825,0.03544755,0.15971644,True
41,1,13,C3,0.11897118,0.07483362,0.12187458,0.625,0.625,"[3, 5]",0.625,False,0.19061825,0.03544755,0.15971644,True
41,1,14,C4,0.08441791,-0.06169401,0.09171216,0.625,0.625,"[3, 5]",0.625,False,0.19061825,0.03544755,0.15971644,True
41,1,15,T3,0.12599134,0.12599134,0.1314933,0.625,0.625,"[3, 5]",0.625,False,0.19061825,0.03544755,0.15971644,True
41,1,16,T4,0.11020559,0.01310696,0.12666161,0.625,0.625,"[3, 5]",0.625,False,0.19061825,0.03544755,0.15971644,True
41,1,17,CP3,0.12439503,0.05559526,0.14441855,0.625,0.625,"[3, 5]",0.625,False,0.19061825,0.03544755,0.15971644,True
41,1,18,CP4,0.10041957,0.0331935,0.12585598,0.625,0.625,"[3, 5]",0.625,False,0.19061825,0.03544755,0.15971644,True
41,1,19,TP7,0.07497139,-0.02708718,0.08762298,0.625,0.625,"[3, 5]",0.625,False,0.19061825,0.03544755,0.15971644,True
41,1,20,TP8,0.09868483,-0.06679284,0.12168436,0.625,0.625,"[3, 5]",0.625,False,0.19061825,0.03544755,0.15971644,True
41,1,21,Pz,0.14626223,0.02272362,0.14804311,0.625,0.625,"[3, 5]",0.625,False,0.19061825,0.03544755,0.15971644,True
41,1,22,P3,0.11924049,0.11924049,0.13345908,0.625,0.625,"[3, 5]",0.625,False,0.19061825,0.03544755,0.15971644,True
41,1,23,P4,0.09566205,-0.08390711,0.10588662,0.625,0.625,"[3, 5]",0.625,False,0.19061825,0.03544755,0.15971644,True
41,1,24,T5,0.10396346,0.07414266,0.11339793,0.625,0.625,"[3, 5]",0.625,False,0.19061825,0.03544755,0.15971644,True
41,1,25,T6,0.08583929,-0.06469557,0.09470815,0.625,0.625,"[3, 5]",0.625,False,0.19061825,0.03544755,0.15971644,True
41,1,26,Oz,0.07992791,0.03725378,0.08406445,0.625,0.625,"[3, 5]",0.625,False,0.19061825,0.03544755,0.15971644,True
41,1,27,O1,0.12278737,0.06769095,0.13178034,0.625,0.625,"[3, 5]",0.625,False,0.19061825,0.03544755,0.15971644,True
41,1,28,O2,0.15110549,-0.02169925,0.15505089,0.625,0.625,"[3, 5]",0.625,False,0.19061825,0.03544755,0.15971644,True
41,2,0,Fp1,0.0790911,-0.05564966,0.08362246,0.625,0.625,"[5, 3]",0.625,False,0.43718932,0.09303699,0.36631499,True
41,2,1,Fp2,0.09871522,0.02960001,0.1177871,0.625,0.625,"[5, 3]",0.625,False,0.43718932,0.09303699,0.36631499,True
41,2,2,Fz,0.11000723,-0.06374042,0.11270637,0.625,0.625,"[5, 3]",0.625,False,0.43718932,0.09303699,0.36631499,True
41,2,3,F3,0.08748263,0.05855472,0.08922345,0.625,0.625,"[5, 3]",0.625,False,0.43718932,0.09303699,0.36631499,True
41,2,4,F4,0.07427137,-0.03174951,0.10125167,0.625,0.625,"[5, 3]",0.625,False,0.43718932,0.09303699,0.36631499,True
41,2,5,F7,0.06057165,0.04235256,0.06455489,0.625,0.625,"[5, 3]",0.625,False,0.43718932,0.09303699,0.36631499,True
41,2,6,F8,0.05322946,-0.02116996,0.05553295,0.625,0.625,"[5, 3]",0.625,False,0.43718932,0.09303699,0.36631499,True
41,2,7,FCz,0.1093111,0.09308968,0.11866313,0.625,0.625,"[5, 3]",0.625,False,0.43718932,0.09303699,0.36631499,True
41,2,8,FC3,0.03661546,0.03037018,0.044784,0.625,0.625,"[5, 3]",0.625,False,0.43718932,0.09303699,0.36631499,True
41,2,9,FC4,0.0608159,-0.04999338,0.07410144,0.625,0.625,"[5, 3]",0.625,False,0.43718932,0.09303699,0.36631499,True
41,2,10,FT7,0.06925,-0.06922336,0.08919077,0.625,0.625,"[5, 3]",0.625,False,0.43718932,0.09303699,0.36631499,True
41,2,11,FT8,0.11440471,-0.03613687,0.13225958,0.625,0.625,"[5, 3]",0.625,False,0.43718932,0.09303699,0.36631499,True
41,2,12,Cz,0.08022898,0.06366131,0.08539083,0.625,0.625,"[5, 3]",0.625,False,0.43718932,0.09303699,0.36631499,True
41,2,13,C3,0.1312815,0.10352975,0.14446901,0.625,0.625,"[5, 3]",0.625,False,0.43718932,0.09303699,0.36631499,True
41,2,14,C4,0.05911526,-0.01947093,0.06987419,0.625,0.625,"[5, 3]",0.625,False,0.43718932,0.09303699,0.36631499,True
41,2,15,T3,0.15989675,0.15989675,0.16565131,0.625,0.625,"[5, 3]",0.625,False,0.43718932,0.09303699,0.36631499,True
41,2,16,T4,0.12146135,0.0335999,0.13349631,0.625,0.625,"[5, 3]",0.625,False,0.43718932,0.09303699,0.36631499,True
41,2,17,CP3,0.1380395,0.00790038,0.144822,0.625,0.625,"[5, 3]",0.625,False,0.43718932,0.09303699,0.36631499,True
41,2,18,CP4,0.11640482,0.00518435,0.14630635,0.625,0.625,"[5, 3]",0.625,False,0.43718932,0.09303699,0.36631499,True
41,2,19,TP7,0.08056719,-0.07396734,0.10179079,0.625,0.625,"[5, 3]",0.625,False,0.43718932,0.09303699,0.36631499,True
41,2,20,TP8,0.09414986,-0.04978104,0.11239988,0.625,0.625,"[5, 3]",0.625,False,0.43718932,0.09303699,0.36631499,True
41,2,21,Pz,0.13771351,-0.02737147,0.14144963,0.625,0.625,"[5, 3]",0.625,False,0.43718932,0.09303699,0.36631499,True
41,2,22,P3,0.104417,0.09125573,0.11664962,0.625,0.625,"[5, 3]",0.625,False,0.43718932,0.09303699,0.36631499,True
41,2,23,P4,0.09976368,-0.07240336,0.10330361,0.625,0.625,"[5, 3]",0.625,False,0.43718932,0.09303699,0.36631499,True
41,2,24,T5,0.08442615,0.05606835,0.09512534,0.625,0.625,"[5, 3]",0.625,False,0.43718932,0.09303699,0.36631499,True
41,2,25,T6,0.07096802,-0.05758747,0.09245735,0.625,0.625,"[5, 3]",0.625,False,0.43718932,0.09303699,0.36631499,True
41,2,26,Oz,0.09308233,0.02560854,0.10255504,0.625,0.625,"[5, 3]",0.625,False,0.43718932,0.09303699,0.36631499,True
41,2,27,O1,0.12839527,0.09379568,0.14594708,0.625,0.625,"[5, 3]",0.625,False,0.43718932,0.09303699,0.36631499,True
41,2,28,O2,0.15310548,0.00667785,0.15721187,0.625,0.625,"[5, 3]",0.625,False,0.43718932,0.09303699,0.36631499,True
41,3,0,Fp1,0.10965674,-0.0958512,0.12240007,0.5,0.5,"[0, 8]",1.0,True,0.00323099,0.00030001,0.0027072,True
41,3,1,Fp2,0.07810819,0.06146018,0.09557508,0.5,0.5,"[0, 8]",1.0,True,0.00323099,0.00030001,0.0027072,True
41,3,2,Fz,0.10400175,-0.09818149,0.11732586,0.5,0.5,"[0, 8]",1.0,True,0.00323099,0.00030001,0.0027072,True
41,3,3,F3,0.08777067,0.02741323,0.09452514,0.5,0.5,"[0, 8]",1.0,True,0.00323099,0.00030001,0.0027072,True
41,3,4,F4,0.09753285,0.01265003,0.10772761,0.5,0.5,"[0, 8]",1.0,True,0.00323099,0.00030001,0.0027072,True
41,3,5,F7,0.08410586,0.08152676,0.09767,0.5,0.5,"[0, 8]",1.0,True,0.00323099,0.00030001,0.0027072,True
41,3,6,F8,0.07764206,-0.02920645,0.07865964,0.5,0.5,"[0, 8]",1.0,True,0.00323099,0.00030001,0.0027072,True
41,3,7,FCz,0.09908288,0.09908288,0.11423425,0.5,0.5,"[0, 8]",1.0,True,0.00323099,0.00030001,0.0027072,True
41,3,8,FC3,0.03084029,0.00572214,0.03760596,0.5,0.5,"[0, 8]",1.0,True,0.00323099,0.00030001,0.0027072,True
41,3,9,FC4,0.05789174,-0.05789174,0.07611096,0.5,0.5,"[0, 8]",1.0,True,0.00323099,0.00030001,0.0027072,True
41,3,10,FT7,0.09056979,-0.05852622,0.10413339,0.5,0.5,"[0, 8]",1.0,True,0.00323099,0.00030001,0.0027072,True
41,3,11,FT8,0.08009119,-0.00353779,0.09717114,0.5,0.5,"[0, 8]",1.0,True,0.00323099,0.00030001,0.0027072,True
41,3,12,Cz,0.07720223,0.07598364,0.09283416,0.5,0.5,"[0, 8]",1.0,True,0.00323099,0.00030001,0.0027072,True
41,3,13,C3,0.11523092,0.07266647,0.11742494,0.5,0.5,"[0, 8]",1.0,True,0.00323099,0.00030001,0.0027072,True
41,3,14,C4,0.08550489,-0.07512459,0.09602552,0.5,0.5,"[0, 8]",1.0,True,0.00323099,0.00030001,0.0027072,True
41,3,15,T3,0.1264348,0.1264348,0.13169742,0.5,0.5,"[0, 8]",1.0,True,0.00323099,0.00030001,0.0027072,True
41,3,16,T4,0.12193759,0.01316596,0.13443373,0.5,0.5,"[0, 8]",1.0,True,0.00323099,0.00030001,0.0027072,True
41,3,17,CP3,0.12127439,0.03309354,0.13959895,0.5,0.5,"[0, 8]",1.0,True,0.00323099,0.00030001,0.0027072,True
41,3,18,CP4,0.11078314,0.03450948,0.12752815,0.5,0.5,"[0, 8]",1.0,True,0.00323099,0.00030001,0.0027072,True
41,3,19,TP7,0.08427772,-0.01888149,0.09435536,0.5,0.5,"[0, 8]",1.0,True,0.00323099,0.00030001,0.0027072,True
41,3,20,TP8,0.08926946,-0.0594634,0.10848671,0.5,0.5,"[0, 8]",1.0,True,0.00323099,0.00030001,0.0027072,True
41,3,21,Pz,0.15273902,0.0067324,0.15292932,0.5,0.5,"[0, 8]",1.0,True,0.00323099,0.00030001,0.0027072,True
41,3,22,P3,0.10800745,0.10800745,0.11716046,0.5,0.5,"[0, 8]",1.0,True,0.00323099,0.00030001,0.0027072,True
41,3,23,P4,0.10481339,-0.09316529,0.11679725,0.5,0.5,"[0, 8]",1.0,True,0.00323099,0.00030001,0.0027072,True
41,3,24,T5,0.10485557,0.07298885,0.11420299,0.5,0.5,"[0, 8]",1.0,True,0.00323099,0.00030001,0.0027072,True
41,3,25,T6,0.0811255,-0.06250653,0.09237319,0.5,0.5,"[0, 8]",1.0,True,0.00323099,0.00030001,0.0027072,True
41,3,26,Oz,0.07762077,0.0421176,0.08004227,0.5,0.5,"[0, 8]",1.0,True,0.00323099,0.00030001,0.0027072,True
41,3,27,O1,0.12156213,0.05593304,0.13193539,0.5,0.5,"[0, 8]",1.0,True,0.00323099,0.00030001,0.0027072,True
41,3,28,O2,0.14444137,-0.02368954,0.14715521,0.5,0.5,"[0, 8]",1.0,True,0.00323099,0.00030001,0.0027072,True
41,4,0,Fp1,0.10879385,-0.09529446,0.12162557,0.375,0.375,"[1, 7]",0.875,False,0.01025021,0.00119571,0.00858851,True
41,4,1,Fp2,0.07887375,0.0619906,0.09623935,0.375,0.375,"[1, 7]",0.875,False,0.01025021,0.00119571,0.00858851,True
41,4,2,Fz,0.10368083,-0.09742568,0.11671607,0.375,0.375,"[1, 7]",0.875,False,0.01025021,0.00119571,0.00858851,True
41,4,3,F3,0.08799239,0.02806986,0.09474302,0.375,0.375,"[1, 7]",0.875,False,0.01025021,0.00119571,0.00858851,True
41,4,4,F4,0.09781083,0.01333672,0.10777483,0.375,0.375,"[1, 7]",0.875,False,0.01025021,0.00119571,0.00858851,True
41,4,5,F7,0.08369353,0.08139162,0.09748205,0.375,0.375,"[1, 7]",0.875,False,0.01025021,0.00119571,0.00858851,True
41,4,6,F8,0.07839686,-0.02952546,0.07939082,0.375,0.375,"[1, 7]",0.875,False,0.01025021,0.00119571,0.00858851,True
41,4,7,FCz,0.09952176,0.09952176,0.1143474,0.375,0.375,"[1, 7]",0.875,False,0.01025021,0.00119571,0.00858851,True
41,4,8,FC3,0.03092389,0.00615823,0.03723684,0.375,0.375,"[1, 7]",0.875,False,0.01025021,0.00119571,0.00858851,True
41,4,9,FC4,0.05767003,-0.05767003,0.07587237,0.375,0.375,"[1, 7]",0.875,False,0.01025021,0.00119571,0.00858851,True
41,4,10,FT7,0.09018967,-0.05857486,0.10414623,0.375,0.375,"[1, 7]",0.875,False,0.01025021,0.00119571,0.00858851,True
41,4,11,FT8,0.08006424,-0.00357908,0.09712508,0.375,0.375,"[1, 7]",0.875,False,0.01025021,0.00119571,0.00858851,True
41,4,12,Cz,0.07672246,0.07595018,0.09259933,0.375,0.375,"[1, 7]",0.875,False,0.01025021,0.00119571,0.00858851,True
41,4,13,C3,0.11588123,0.07287365,0.11802065,0.375,0.375,"[1, 7]",0.875,False,0.01025021,0.00119571,0.00858851,True
41,4,14,C4,0.08582179,-0.07470788,0.09607007,0.375,0.375,"[1, 7]",0.875,False,0.01025021,0.00119571,0.00858851,True
41,4,15,T3,0.12617821,0.12617821,0.13162911,0.375,0.375,"[1, 7]",0.875,False,0.01025021,0.00119571,0.00858851,True
41,4,16,T4,0.12182108,0.01301668,0.13458982,0.375,0.375,"[1, 7]",0.875,False,0.01025021,0.00119571,0.00858851,True
41,4,17,CP3,0.12113241,0.03297026,0.13929904,0.375,0.375,"[1, 7]",0.875,False,0.01025021,0.00119571,0.00858851,True
41,4,18,CP4,0.11063808,0.03393213,0.12767674,0.375,0.375,"[1, 7]",0.875,False,0.01025021,0.00119571,0.00858851,True
41,4,19,TP7,0.08498462,-0.01935506,0.09508689,0.375,0.375,"[1, 7]",0.875,False,0.01025021,0.00119571,0.00858851,True
41,4,20,TP8,0.08971344,-0.05990333,0.10912398,0.375,0.375,"[1, 7]",0.875,False,0.01025021,0.00119571,0.00858851,True
41,4,21,Pz,0.15294564,0.00682899,0.1531575,0.375,0.375,"[1, 7]",0.875,False,0.01025021,0.00119571,0.00858851,True
41,4,22,P3,0.10771367,0.10771367,0.11695515,0.375,0.375,"[1, 7]",0.875,False,0.01025021,0.00119571,0.00858851,True
41,4,23,P4,0.10476109,-0.09353424,0.1169202,0.375,0.375,"[1, 7]",0.875,False,0.01025021,0.00119571,0.00858851,True
41,4,24,T5,0.10496016,0.07264735,0.11395203,0.375,0.375,"[1, 7]",0.875,False,0.01025021,0.00119571,0.00858851,True
41,4,25,T6,0.0814753,-0.06290385,0.09268942,0.375,0.375,"[1, 7]",0.875,False,0.01025021,0.00119571,0.00858851,True
41,4,26,Oz,0.07746855,0.04153473,0.0799186,0.375,0.375,"[1, 7]",0.875,False,0.01025021,0.00119571,0.00858851,True
41,4,27,O1,0.12127954,0.05585735,0.1316414,0.375,0.375,"[1, 7]",0.875,False,0.01025021,0.00119571,0.00858851,True
41,4,28,O2,0.1448445,-0.02404404,0.14760321,0.375,0.375,"[1, 7]",0.875,False,0.01025021,0.00119571,0.00858851,True
41,5,0,Fp1,0.10874441,-0.09535928,0.12162855,0.5,0.5,"[0, 8]",1.0,True,0.01017622,0.00120132,0.00852651,True
41,5,1,Fp2,0.07858604,0.06207874,0.09604367,0.5,0.5,"[0, 8]",1.0,True,0.01017622,0.00120132,0.00852651,True
41,5,2,Fz,0.10370809,-0.09761743,0.11681406,0.5,0.5,"[0, 8]",1.0,True,0.01017622,0.00120132,0.00852651,True
41,5,3,F3,0.08768564,0.02797303,0.09438788,0.5,0.5,"[0, 8]",1.0,True,0.01017622,0.00120132,0.00852651,True
41,5,4,F4,0.09751827,0.01308102,0.10762862,0.5,0.5,"[0, 8]",1.0,True,0.01017622,0.00120132,0.00852651,True
41,5,5,F7,0.08330328,0.08095157,0.0968716,0.5,0.5,"[0, 8]",1.0,True,0.01017622,0.00120132,0.00852651,True
41,5,6,F8,0.07785141,-0.02896798,0.07890918,0.5,0.5,"[0, 8]",1.0,True,0.01017622,0.00120132,0.00852651,True
41,5,7,FCz,0.09924825,0.09924825,0.11419485,0.5,0.5,"[0, 8]",1.0,True,0.01017622,0.00120132,0.00852651,True
41,5,8,FC3,0.03098559,0.00577065,0.03746327,0.5,0.5,"[0, 8]",1.0,True,0.01017622,0.00120132,0.00852651,True
41,5,9,FC4,0.05776955,-0.05776955,0.07578705,0.5,0.5,"[0, 8]",1.0,True,0.01017622,0.00120132,0.00852651,True
41,5,10,FT7,0.09057653,-0.0589049,0.10439248,0.5,0.5,"[0, 8]",1.0,True,0.01017622,0.00120132,0.00852651,True
41,5,11,FT8,0.08063009,-0.00405344,0.09793437,0.5,0.5,"[0, 8]",1.0,True,0.01017622,0.00120132,0.00852651,True
41,5,12,Cz,0.07648543,0.07570425,0.0925464,0.5,0.5,"[0, 8]",1.0,True,0.01017622,0.00120132,0.00852651,True
41,5,13,C3,0.11598339,0.07281894,0.11820409,0.5,0.5,"[0, 8]",1.0,True,0.01017622,0.00120132,0.00852651,True
41,5,14,C4,0.08556147,-0.07513741,0.0960745,0.5,0.5,"[0, 8]",1.0,True,0.01017622,0.00120132,0.00852651,True
41,5,15,T3,0.12604821,0.12604821,0.13138627,0.5,0.5,"[0, 8]",1.0,True,0.01017622,0.00120132,0.00852651,True
41,5,16,T4,0.12155041,0.01271603,0.13420658,0.5,0.5,"[0, 8]",1.0,True,0.01017622,0.00120132,0.00852651,True
41,5,17,CP3,0.12115603,0.03298959,0.13933121,0.5,0.5,"[0, 8]",1.0,True,0.01017622,0.00120132,0.00852651,True
41,5,18,CP4,0.11129245,0.03432046,0.12825981,0.5,0.5,"[0, 8]",1.0,True,0.01017622,0.00120132,0.00852651,True
41,5,19,TP7,0.08512798,-0.01917499,0.09510686,0.5,0.5,"[0, 8]",1.0,True,0.01017622,0.00120132,0.00852651,True
41,5,20,TP8,0.08949526,-0.06011277,0.10905605,0.5,0.5,"[0, 8]",1.0,True,0.01017622,0.00120132,0.00852651,True
41,5,21,Pz,0.15300855,0.0068115,0.15321745,0.5,0.5,"[0, 8]",1.0,True,0.01017622,0.00120132,0.00852651,True
41,5,22,P3,0.10835548,0.10835548,0.11755797,0.5,0.5,"[0, 8]",1.0,True,0.01017622,0.00120132,0.00852651,True
41,5,23,P4,0.10500656,-0.09358038,0.1170884,0.5,0.5,"[0, 8]",1.0,True,0.01017622,0.00120132,0.00852651,True
41,5,24,T5,0.10523768,0.07292122,0.11441703,0.5,0.5,"[0, 8]",1.0,True,0.01017622,0.00120132,0.00852651,True
41,5,25,T6,0.08170587,-0.06289861,0.0928784,0.5,0.5,"[0, 8]",1.0,True,0.01017622,0.00120132,0.00852651,True
41,5,26,Oz,0.07794181,0.04200123,0.08019686,0.5,0.5,"[0, 8]",1.0,True,0.01017622,0.00120132,0.00852651,True
41,5,27,O1,0.1214737,0.05589972,0.13189545,0.5,0.5,"[0, 8]",1.0,True,0.01017622,0.00120132,0.00852651,True
41,5,28,O2,0.14508568,-0.02388569,0.14784102,0.5,0.5,"[0, 8]",1.0,True,0.01017622,0.00120132,0.00852651,True
42,1,0,Fp1,0.09681039,-0.09633137,0.1151979,0.5,0.5,"[4, 4]",0.5,False,0.23143533,0.03582256,0.19391651,True
42,1,1,Fp2,0.0735985,0.05742508,0.0849931,0.5,0.5,"[4, 4]",0.5,False,0.23143533,0.03582256,0.19391651,True
42,1,2,Fz,0.11110033,-0.10023676,0.12295821,0.5,0.5,"[4, 4]",0.5,False,0.23143533,0.03582256,0.19391651,True
42,1,3,F3,0.07030276,0.01559133,0.0765349,0.5,0.5,"[4, 4]",0.5,False,0.23143533,0.03582256,0.19391651,True
42,1,4,F4,0.0815174,0.01188979,0.08903652,0.5,0.5,"[4, 4]",0.5,False,0.23143533,0.03582256,0.19391651,True
42,1,5,F7,0.10079516,0.08061127,0.10672051,0.5,0.5,"[4, 4]",0.5,False,0.23143533,0.03582256,0.19391651,True
42,1,6,F8,0.05271126,-0.01822025,0.05486619,0.5,0.5,"[4, 4]",0.5,False,0.23143533,0.03582256,0.19391651,True
42,1,7,FCz,0.10782944,0.10782944,0.11616697,0.5,0.5,"[4, 4]",0.5,False,0.23143533,0.03582256,0.19391651,True
42,1,8,FC3,0.03199077,0.00853254,0.03474173,0.5,0.5,"[4, 4]",0.5,False,0.23143533,0.03582256,0.19391651,True
42,1,9,FC4,0.04757764,-0.04422168,0.06344406,0.5,0.5,"[4, 4]",0.5,False,0.23143533,0.03582256,0.19391651,True
42,1,10,FT7,0.0924737,-0.04502783,0.09951332,0.5,0.5,"[4, 4]",0.5,False,0.23143533,0.03582256,0.19391651,True
42,1,11,FT8,0.09334297,0.00467427,0.11645255,0.5,0.5,"[4, 4]",0.5,False,0.23143533,0.03582256,0.19391651,True
42,1,12,Cz,0.07698724,0.07698724,0.09699028,0.5,0.5,"[4, 4]",0.5,False,0.23143533,0.03582256,0.19391651,True
42,1,13,C3,0.10543401,0.07261826,0.11207923,0.5,0.5,"[4, 4]",0.5,False,0.23143533,0.03582256,0.19391651,True
42,1,14,C4,0.078705,-0.06547138,0.09155704,0.5,0.5,"[4, 4]",0.5,False,0.23143533,0.03582256,0.19391651,True
42,1,15,T3,0.11752399,0.11752399,0.12019581,0.5,0.5,"[4, 4]",0.5,False,0.23143533,0.03582256,0.19391651,True
42,1,16,T4,0.10758459,0.02749313,0.11901236,0.5,0.5,"[4, 4]",0.5,False,0.23143533,0.03582256,0.19391651,True
42,1,17,CP3,0.1060591,0.03040722,0.12414622,0.5,0.5,"[4, 4]",0.5,False,0.23143533,0.03582256,0.19391651,True
42,1,18,CP4,0.11266845,0.02519229,0.12553941,0.5,0.5,"[4, 4]",0.5,False,0.23143533,0.03582256,0.19391651,True
42,1,19,TP7,0.09237719,-0.0220056,0.10183947,0.5,0.5,"[4, 4]",0.5,False,0.23143533,0.03582256,0.19391651,True
42,1,20,TP8,0.10370556,-0.05741134,0.12157211,0.5,0.5,"[4, 4]",0.5,False,0.23143533,0.03582256,0.19391651,True
42,1,21,Pz,0.16424011,-0.00035677,0.1646851,0.5,0.5,"[4, 4]",0.5,False,0.23143533,0.03582256,0.19391651,True
42,1,22,P3,0.1160511,0.1160511,0.12141208,0.5,0.5,"[4, 4]",0.5,False,0.23143533,0.03582256,0.19391651,True
42,1,23,P4,0.10900733,-0.10653983,0.12824039,0.5,0.5,"[4, 4]",0.5,False,0.23143533,0.03582256,0.19391651,True
42,1,24,T5,0.10955268,0.08206521,0.11943921,0.5,0.5,"[4, 4]",0.5,False,0.23143533,0.03582256,0.19391651,True
42,1,25,T6,0.06693123,-0.05654142,0.08423606,0.5,0.5,"[4, 4]",0.5,False,0.23143533,0.03582256,0.19391651,True
42,1,26,Oz,0.07958213,0.04362405,0.08542459,0.5,0.5,"[4, 4]",0.5,False,0.23143533,0.03582256,0.19391651,True
42,1,27,O1,0.11465796,0.04551991,0.13513106,0.5,0.5,"[4, 4]",0.5,False,0.23143533,0.03582256,0.19391651,True
42,1,28,O2,0.15042098,-0.02022304,0.15462874,0.5,0.5,"[4, 4]",0.5,False,0.23143533,0.03582256,0.19391651,True
42,2,0,Fp1,0.12281713,-0.10347703,0.13857818,0.625,0.625,"[3, 5]",0.625,False,0.42195556,0.0785675,0.35355082,True
42,2,1,Fp2,0.06440262,0.0636868,0.09817762,0.625,0.625,"[3, 5]",0.625,False,0.42195556,0.0785675,0.35355082,True
42,2,2,Fz,0.1060231,-0.07924788,0.11075749,0.625,0.625,"[3, 5]",0.625,False,0.42195556,0.0785675,0.35355082,True
42,2,3,F3,0.07299259,0.03976419,0.0890038,0.625,0.625,"[3, 5]",0.625,False,0.42195556,0.0785675,0.35355082,True
42,2,4,F4,0.10660591,0.05715997,0.10676433,0.625,0.625,"[3, 5]",0.625,False,0.42195556,0.0785675,0.35355082,True
42,2,5,F7,0.05395468,0.02246767,0.05548598,0.625,0.625,"[3, 5]",0.625,False,0.42195556,0.0785675,0.35355082,True
42,2,6,F8,0.04065086,-0.00137714,0.04910889,0.625,0.625,"[3, 5]",0.625,False,0.42195556,0.0785675,0.35355082,True
42,2,7,FCz,0.11816698,0.11816698,0.13160571,0.625,0.625,"[3, 5]",0.625,False,0.42195556,0.0785675,0.35355082,True
42,2,8,FC3,0.04138635,-0.02818532,0.04261422,0.625,0.625,"[3, 5]",0.625,False,0.42195556,0.0785675,0.35355082,True
42,2,9,FC4,0.0793112,-0.05363935,0.08439951,0.625,0.625,"[3, 5]",0.625,False,0.42195556,0.0785675,0.35355082,True
42,2,10,FT7,0.10669188,-0.08664472,0.12666091,0.625,0.625,"[3, 5]",0.625,False,0.42195556,0.0785675,0.35355082,True
42,2,11,FT8,0.1242242,0.02017757,0.14621882,0.625,0.625,"[3, 5]",0.625,False,0.42195556,0.0785675,0.35355082,True
42,2,12,Cz,0.09784664,0.07429154,0.11368059,0.625,0.625,"[3, 5]",0.625,False,0.42195556,0.0785675,0.35355082,True
42,2,13,C3,0.09963588,0.05548638,0.10445607,0.625,0.625,"[3, 5]",0.625,False,0.42195556,0.0785675,0.35355082,True
42,2,14,C4,0.12092449,-0.07636714,0.13082799,0.625,0.625,"[3, 5]",0.625,False,0.42195556,0.0785675,0.35355082,True
42,2,15,T3,0.10483562,0.10483562,0.11413518,0.625,0.625,"[3, 5]",0.625,False,0.42195556,0.0785675,0.35355082,True
42,2,16,T4,0.13095662,0.02556261,0.14349307,0.625,0.625,"[3, 5]",0.625,False,0.42195556,0.0785675,0.35355082,True
42,2,17,CP3,0.13369511,0.01781013,0.163157,0.625,0.625,"[3, 5]",0.625,False,0.42195556,0.0785675,0.35355082,True
42,2,18,CP4,0.08790535,0.03139405,0.1034718,0.625,0.625,"[3, 5]",0.625,False,0.42195556,0.0785675,0.35355082,True
42,2,19,TP7,0.08387674,-0.01467251,0.10764001,0.625,0.625,"[3, 5]",0.625,False,0.42195556,0.0785675,0.35355082,True
42,2,20,TP8,0.08373348,-0.04811291,0.10694506,0.625,0.625,"[3, 5]",0.625,False,0.42195556,0.0785675,0.35355082,True
42,2,21,Pz,0.12464735,0.01177354,0.12735076,0.625,0.625,"[3, 5]",0.625,False,0.42195556,0.0785675,0.35355082,True
42,2,22,P3,0.08729147,0.08729147,0.09237008,0.625,0.625,"[3, 5]",0.625,False,0.42195556,0.0785675,0.35355082,True
42,2,23,P4,0.10938178,-0.10938178,0.12084177,0.625,0.625,"[3, 5]",0.625,False,0.42195556,0.0785675,0.35355082,True
42,2,24,T5,0.07163914,0.07163914,0.08739875,0.625,0.625,"[3, 5]",0.625,False,0.42195556,0.0785675,0.35355082,True
42,2,25,T6,0.09650028,-0.06278446,0.11667775,0.625,0.625,"[3, 5]",0.625,False,0.42195556,0.0785675,0.35355082,True
42,2,26,Oz,0.08189901,0.04964347,0.09060039,0.625,0.625,"[3, 5]",0.625,False,0.42195556,0.0785675,0.35355082,True
42,2,27,O1,0.1216877,0.06575993,0.13050568,0.625,0.625,"[3, 5]",0.625,False,0.42195556,0.0785675,0.35355082,True
42,2,28,O2,0.1404604,-0.02353255,0.14815903,0.625,0.625,"[3, 5]",0.625,False,0.42195556,0.0785675,0.35355082,True
42,3,0,Fp1,0.11164345,-0.09657249,0.12389719,0.5,0.5,"[2, 6]",0.75,False,0.0310443,0.00385943,0.0260116,True
42,3,1,Fp2,0.07448263,0.05959474,0.09273471,0.5,0.5,"[2, 6]",0.75,False,0.0310443,0.00385943,0.0260116,True
42,3,2,Fz,0.10556256,-0.10026977,0.11954209,0.5,0.5,"[2, 6]",0.75,False,0.0310443,0.00385943,0.0260116,True
42,3,3,F3,0.08719966,0.02572442,0.09438217,0.5,0.5,"[2, 6]",0.75,False,0.0310443,0.00385943,0.0260116,True
42,3,4,F4,0.09572619,0.01030407,0.10672765,0.5,0.5,"[2, 6]",0.75,False,0.0310443,0.00385943,0.0260116,True
42,3,5,F7,0.08375054,0.08091787,0.09688055,0.5,0.5,"[2, 6]",0.75,False,0.0310443,0.00385943,0.0260116,True
42,3,6,F8,0.07711134,-0.03073041,0.07807987,0.5,0.5,"[2, 6]",0.75,False,0.0310443,0.00385943,0.0260116,True
42,3,7,FCz,0.09751873,0.09751873,0.11354584,0.5,0.5,"[2, 6]",0.75,False,0.0310443,0.00385943,0.0260116,True
42,3,8,FC3,0.03197837,0.0069582,0.03926747,0.5,0.5,"[2, 6]",0.75,False,0.0310443,0.00385943,0.0260116,True
42,3,9,FC4,0.05981174,-0.05981174,0.0775149,0.5,0.5,"[2, 6]",0.75,False,0.0310443,0.00385943,0.0260116,True
42,3,10,FT7,0.08983673,-0.05587019,0.10263018,0.5,0.5,"[2, 6]",0.75,False,0.0310443,0.00385943,0.0260116,True
42,3,11,FT8,0.08189586,-0.00519405,0.09975583,0.5,0.5,"[2, 6]",0.75,False,0.0310443,0.00385943,0.0260116,True
42,3,12,Cz,0.07702474,0.0746602,0.09280172,0.5,0.5,"[2, 6]",0.75,False,0.0310443,0.00385943,0.0260116,True
42,3,13,C3,0.11357051,0.07277607,0.11619941,0.5,0.5,"[2, 6]",0.75,False,0.0310443,0.00385943,0.0260116,True
42,3,14,C4,0.08465111,-0.07567285,0.09540733,0.5,0.5,"[2, 6]",0.75,False,0.0310443,0.00385943,0.0260116,True
42,3,15,T3,0.12729427,0.12729427,0.13183057,0.5,0.5,"[2, 6]",0.75,False,0.0310443,0.00385943,0.0260116,True
42,3,16,T4,0.12165074,0.01279651,0.13361783,0.5,0.5,"[2, 6]",0.75,False,0.0310443,0.00385943,0.0260116,True
42,3,17,CP3,0.12071729,0.03325557,0.14049837,0.5,0.5,"[2, 6]",0.75,False,0.0310443,0.00385943,0.0260116,True
42,3,18,CP4,0.11116202,0.03615983,0.12626408,0.5,0.5,"[2, 6]",0.75,False,0.0310443,0.00385943,0.0260116,True
42,3,19,TP7,0.08285913,-0.01720103,0.09226505,0.5,0.5,"[2, 6]",0.75,False,0.0310443,0.00385943,0.0260116,True
42,3,20,TP8,0.09072254,-0.05822945,0.10874607,0.5,0.5,"[2, 6]",0.75,False,0.0310443,0.00385943,0.0260116,True
42,3,21,Pz,0.15526301,0.00785112,0.15548801,0.5,0.5,"[2, 6]",0.75,False,0.0310443,0.00385943,0.0260116,True
42,3,22,P3,0.10871968,0.10871968,0.11682481,0.5,0.5,"[2, 6]",0.75,False,0.0310443,0.00385943,0.0260116,True
42,3,23,P4,0.10571487,-0.09206852,0.11738451,0.5,0.5,"[2, 6]",0.75,False,0.0310443,0.00385943,0.0260116,True
42,3,24,T5,0.10428728,0.07440448,0.11456928,0.5,0.5,"[2, 6]",0.75,False,0.0310443,0.00385943,0.0260116,True
42,3,25,T6,0.0780912,-0.06105205,0.08998232,0.5,0.5,"[2, 6]",0.75,False,0.0310443,0.00385943,0.0260116,True
42,3,26,Oz,0.07718565,0.04373141,0.08025688,0.5,0.5,"[2, 6]",0.75,False,0.0310443,0.00385943,0.0260116,True
42,3,27,O1,0.12426379,0.05803448,0.13475379,0.5,0.5,"[2, 6]",0.75,False,0.0310443,0.00385943,0.0260116,True
42,3,28,O2,0.14370829,-0.02329606,0.14638576,0.5,0.5,"[2, 6]",0.75,False,0.0310443,0.00385943,0.0260116,True
42,4,0,Fp1,0.10977654,-0.09629184,0.12261568,0.5,0.5,"[0, 8]",1.0,True,0.00989421,0.00119106,0.00829023,True
42,4,1,Fp2,0.07761146,0.0606723,0.09533166,0.5,0.5,"[0, 8]",1.0,True,0.00989421,0.00119106,0.00829023,True
42,4,2,Fz,0.1048523,-0.09908581,0.11835145,0.5,0.5,"[0, 8]",1.0,True,0.00989421,0.00119106,0.00829023,True
42,4,3,F3,0.08777903,0.02701308,0.09459324,0.5,0.5,"[0, 8]",1.0,True,0.00989421,0.00119106,0.00829023,True
42,4,4,F4,0.09681681,0.01215123,0.10711819,0.5,0.5,"[0, 8]",1.0,True,0.00989421,0.00119106,0.00829023,True
42,4,5,F7,0.08412775,0.08116553,0.09735216,0.5,0.5,"[0, 8]",1.0,True,0.00989421,0.00119106,0.00829023,True
42,4,6,F8,0.07731231,-0.02961956,0.07824363,0.5,0.5,"[0, 8]",1.0,True,0.00989421,0.00119106,0.00829023,True
42,4,7,FCz,0.09902146,0.09902146,0.11427713,0.5,0.5,"[0, 8]",1.0,True,0.00989421,0.00119106,0.00829023,True
42,4,8,FC3,0.03025902,0.00588569,0.03724137,0.5,0.5,"[0, 8]",1.0,True,0.00989421,0.00119106,0.00829023,True
42,4,9,FC4,0.05788106,-0.05788106,0.07561767,0.5,0.5,"[0, 8]",1.0,True,0.00989421,0.00119106,0.00829023,True
42,4,10,FT7,0.09047069,-0.05792306,0.10390195,0.5,0.5,"[0, 8]",1.0,True,0.00989421,0.00119106,0.00829023,True
42,4,11,FT8,0.08027018,-0.00330054,0.09782738,0.5,0.5,"[0, 8]",1.0,True,0.00989421,0.00119106,0.00829023,True
42,4,12,Cz,0.07753884,0.07608562,0.09318025,0.5,0.5,"[0, 8]",1.0,True,0.00989421,0.00119106,0.00829023,True
42,4,13,C3,0.11493976,0.07272324,0.1172941,0.5,0.5,"[0, 8]",1.0,True,0.00989421,0.00119106,0.00829023,True
42,4,14,C4,0.08501732,-0.07504991,0.09569915,0.5,0.5,"[0, 8]",1.0,True,0.00989421,0.00119106,0.00829023,True
42,4,15,T3,0.12652379,0.12652379,0.13181056,0.5,0.5,"[0, 8]",1.0,True,0.00989421,0.00119106,0.00829023,True
42,4,16,T4,0.12173036,0.01374852,0.13429126,0.5,0.5,"[0, 8]",1.0,True,0.00989421,0.00119106,0.00829023,True
42,4,17,CP3,0.12110788,0.03293625,0.13995653,0.5,0.5,"[0, 8]",1.0,True,0.00989421,0.00119106,0.00829023,True
42,4,18,CP4,0.11056048,0.03425066,0.12722516,0.5,0.5,"[0, 8]",1.0,True,0.00989421,0.00119106,0.00829023,True
42,4,19,TP7,0.08478755,-0.01842722,0.09431694,0.5,0.5,"[0, 8]",1.0,True,0.00989421,0.00119106,0.00829023,True
42,4,20,TP8,0.08903284,-0.05931568,0.10816163,0.5,0.5,"[0, 8]",1.0,True,0.00989421,0.00119106,0.00829023,True
42,4,21,Pz,0.15273291,0.00675867,0.1529142,0.5,0.5,"[0, 8]",1.0,True,0.00989421,0.00119106,0.00829023,True
42,4,22,P3,0.10846908,0.10846908,0.11744872,0.5,0.5,"[0, 8]",1.0,True,0.00989421,0.00119106,0.00829023,True
42,4,23,P4,0.1051859,-0.09281564,0.11682293,0.5,0.5,"[0, 8]",1.0,True,0.00989421,0.00119106,0.00829023,True
42,4,24,T5,0.10503507,0.07348084,0.1147336,0.5,0.5,"[0, 8]",1.0,True,0.00989421,0.00119106,0.00829023,True
42,4,25,T6,0.08063448,-0.06238616,0.09171148,0.5,0.5,"[0, 8]",1.0,True,0.00989421,0.00119106,0.00829023,True
42,4,26,Oz,0.07767072,0.0428251,0.08029024,0.5,0.5,"[0, 8]",1.0,True,0.00989421,0.00119106,0.00829023,True
42,4,27,O1,0.12196573,0.05675455,0.13251477,0.5,0.5,"[0, 8]",1.0,True,0.00989421,0.00119106,0.00829023,True
42,4,28,O2,0.14391911,-0.02347464,0.14652042,0.5,0.5,"[0, 8]",1.0,True,0.00989421,0.00119106,0.00829023,True
42,5,0,Fp1,0.10965675,-0.09585121,0.12240008,0.625,0.625,"[1, 7]",0.875,False,0.00323088,0.00030001,0.00270711,True
42,5,1,Fp2,0.07780819,0.06146018,0.09542041,0.625,0.625,"[1, 7]",0.875,False,0.00323088,0.00030001,0.00270711,True
42,5,2,Fz,0.10385177,-0.0983315,0.11734445,0.625,0.625,"[1, 7]",0.875,False,0.00323088,0.00030001,0.00270711,True
42,5,3,F3,0.08777068,0.0277132,0.09455749,0.625,0.625,"[1, 7]",0.875,False,0.00323088,0.00030001,0.00270711,True
42,5,4,F4,0.09738284,0.01250003,0.10761008,0.625,0.625,"[1, 7]",0.875,False,0.00323088,0.00030001,0.00270711,True
42,5,5,F7,0.08425584,0.08167674,0.09781183,0.625,0.625,"[1, 7]",0.875,False,0.00323088,0.00030001,0.00270711,True
42,5,6,F8,0.07734193,-0.02920632,0.07833796,0.625,0.625,"[1, 7]",0.875,False,0.00323088,0.00030001,0.00270711,True
42,5,7,FCz,0.09878282,0.09878282,0.1139572,0.625,0.625,"[1, 7]",0.875,False,0.00323088,0.00030001,0.00270711,True
42,5,8,FC3,0.03069029,0.00587214,0.03740625,0.625,0.625,"[1, 7]",0.875,False,0.00323088,0.00030001,0.00270711,True
42,5,9,FC4,0.05804173,-0.05804173,0.07621268,0.625,0.625,"[1, 7]",0.875,False,0.00323088,0.00030001,0.00270711,True
42,5,10,FT7,0.0902698,-0.05822623,0.10378834,0.625,0.625,"[1, 7]",0.875,False,0.00323088,0.00030001,0.00270711,True
42,5,11,FT8,0.08009118,-0.00353776,0.09734056,0.625,0.625,"[1, 7]",0.875,False,0.00323088,0.00030001,0.00270711,True
42,5,12,Cz,0.07690224,0.07538366,0.09234373,0.625,0.625,"[1, 7]",0.875,False,0.00323088,0.00030001,0.00270711,True
42,5,13,C3,0.11508094,0.07251651,0.11731428,0.625,0.625,"[1, 7]",0.875,False,0.00323088,0.00030001,0.00270711,True
42,5,14,C4,0.08565488,-0.0752746,0.09613214,0.625,0.625,"[1, 7]",0.875,False,0.00323088,0.00030001,0.00270711,True
42,5,15,T3,0.12688479,0.12688479,0.13207866,0.625,0.625,"[1, 7]",0.875,False,0.00323088,0.00030001,0.00270711,True
42,5,16,T4,0.12193759,0.01346595,0.13445248,0.625,0.625,"[1, 7]",0.875,False,0.00323088,0.00030001,0.00270711,True
42,5,17,CP3,0.1209744,0.03279354,0.13944155,0.625,0.625,"[1, 7]",0.875,False,0.00323088,0.00030001,0.00270711,True
42,5,18,CP4,0.11093313,0.03435949,0.12751547,0.625,0.625,"[1, 7]",0.875,False,0.00323088,0.00030001,0.00270711,True
42,5,19,TP7,0.08442771,-0.01873149,0.09427329,0.625,0.625,"[1, 7]",0.875,False,0.00323088,0.00030001,0.00270711,True
42,5,20,TP8,0.08926946,-0.05916341,0.10833261,0.625,0.625,"[1, 7]",0.875,False,0.00323088,0.00030001,0.00270711,True
42,5,21,Pz,0.15303901,0.0064324,0.15321605,0.625,0.625,"[1, 7]",0.875,False,0.00323088,0.00030001,0.00270711,True
42,5,22,P3,0.10800744,0.10800744,0.11718976,0.625,0.625,"[1, 7]",0.875,False,0.00323088,0.00030001,0.00270711,True
42,5,23,P4,0.10496341,-0.09301531,0.11688627,0.625,0.625,"[1, 7]",0.875,False,0.00323088,0.00030001,0.00270711,True
42,5,24,T5,0.10500552,0.07343879,0.11451378,0.625,0.625,"[1, 7]",0.875,False,0.00323088,0.00030001,0.00270711,True
42,5,25,T6,0.08112549,-0.06220654,0.09237509,0.625,0.625,"[1, 7]",0.875,False,0.00323088,0.00030001,0.00270711,True
42,5,26,Oz,0.07762076,0.04241759,0.08000475,0.625,0.625,"[1, 7]",0.875,False,0.00323088,0.00030001,0.00270711,True
42,5,27,O1,0.12216211,0.05623303,0.13248841,0.625,0.625,"[1, 7]",0.875,False,0.00323088,0.00030001,0.00270711,True
42,5,28,O2,0.14429137,-0.02353954,0.14699987,0.625,0.625,"[1, 7]",0.875,False,0.00323088,0.00030001,0.00270711,True
43,1,0,Fp1,0.10980673,-0.09600119,0.12259036,0.625,0.625,"[1, 7]",0.875,False,0.00323101,0.00030001,0.00270722,True
43,1,1,Fp2,0.07795818,0.06131018,0.09547226,0.625,0.625,"[1, 7]",0.875,False,0.00323101,0.00030001,0.00270722,True
43,1,2,Fz,0.10415173,-0.09833147,0.11750899,0.625,0.625,"[1, 7]",0.875,False,0.00323101,0.00030001,0.00270722,True
43,1,3,F3,0.08777067,0.0277132,0.0944314,0.625,0.625,"[1, 7]",0.875,False,0.00323101,0.00030001,0.00270722,True
43,1,4,F4,0.09753284,0.01235002,0.10777884,0.625,0.625,"[1, 7]",0.875,False,0.00323101,0.00030001,0.00270722,True
43,1,5,F7,0.08410585,0.08152677,0.09760051,0.625,0.625,"[1, 7]",0.875,False,0.00323101,0.00030001,0.00270722,True
43,1,6,F8,0.07764206,-0.02920646,0.07862862,0.625,0.625,"[1, 7]",0.875,False,0.00323101,0.00030001,0.00270722,True
43,1,7,FCz,0.09893288,0.09893288,0.11421797,0.625,0.625,"[1, 7]",0.875,False,0.00323101,0.00030001,0.00270722,True
43,1,8,FC3,0.03069028,0.00587213,0.03740625,0.625,0.625,"[1, 7]",0.875,False,0.00323101,0.00030001,0.00270722,True
43,1,9,FC4,0.05774175,-0.05774175,0.07610068,0.625,0.625,"[1, 7]",0.875,False,0.00323101,0.00030001,0.00270722,True
43,1,10,FT7,0.09056979,-0.05822623,0.10413979,0.625,0.625,"[1, 7]",0.875,False,0.00323101,0.00030001,0.00270722,True
43,1,11,FT8,0.08009119,-0.00353779,0.09717114,0.625,0.625,"[1, 7]",0.875,False,0.00323101,0.00030001,0.00270722,True
43,1,12,Cz,0.07720224,0.07568366,0.09267944,0.625,0.625,"[1, 7]",0.875,False,0.00323101,0.00030001,0.00270722,True
43,1,13,C3,0.1153809,0.07251649,0.1175865,0.625,0.625,"[1, 7]",0.875,False,0.00323101,0.00030001,0.00270722,True
43,1,14,C4,0.08565488,-0.0749746,0.09605841,0.625,0.625,"[1, 7]",0.875,False,0.00323101,0.00030001,0.00270722,True
43,1,15,T3,0.12688477,0.12688477,0.13213998,0.625,0.625,"[1, 7]",0.875,False,0.00323101,0.00030001,0.00270722,True
43,1,16,T4,0.12178759,0.01331595,0.13424575,0.625,0.625,"[1, 7]",0.875,False,0.00323101,0.00030001,0.00270722,True
43,1,17,CP3,0.1208244,0.03294354,0.13925959,0.625,0.625,"[1, 7]",0.875,False,0.00323101,0.00030001,0.00270722,True
43,1,18,CP4,0.11093313,0.03465948,0.12763049,0.625,0.625,"[1, 7]",0.875,False,0.00323101,0.00030001,0.00270722,True
43,1,19,TP7,0.08427772,-0.01858151,0.09423664,0.625,0.625,"[1, 7]",0.875,False,0.00323101,0.00030001,0.00270722,True
43,1,20,TP8,0.08926946,-0.0594634,0.10848671,0.625,0.625,"[1, 7]",0.875,False,0.00323101,0.00030001,0.00270722,True
43,1,21,Pz,0.152889,0.00658241,0.15307517,0.625,0.625,"[1, 7]",0.875,False,0.00323101,0.00030001,0.00270722,True
43,1,22,P3,0.10815745,0.10815745,0.1174041,0.625,0.625,"[1, 7]",0.875,False,0.00323101,0.00030001,0.00270722,True
43,1,23,P4,0.10466342,-0.09301531,0.11664271,0.625,0.625,"[1, 7]",0.875,False,0.00323101,0.00030001,0.00270722,True
43,1,24,T5,0.10500554,0.07343882,0.11439638,0.625,0.625,"[1, 7]",0.875,False,0.00323101,0.00030001,0.00270722,True
43,1,25,T6,0.0811255,-0.06250653,0.09237318,0.625,0.625,"[1, 7]",0.875,False,0.00323101,0.00030001,0.00270722,True
43,1,26,Oz,0.07777076,0.04226759,0.08013721,0.625,0.625,"[1, 7]",0.875,False,0.00323101,0.00030001,0.00270722,True
43,1,27,O1,0.12171213,0.05608304,0.13214338,0.625,0.625,"[1, 7]",0.875,False,0.00323101,0.00030001,0.00270722,True
43,1,28,O2,0.14429137,-0.02383953,0.14701726,0.625,0.625,"[1, 7]",0.875,False,0.00323101,0.00030001,0.00270722,True
43,2,0,Fp1,0.10929064,-0.09585448,0.12220943,0.5,0.5,"[0, 8]",1.0,True,0.01041249,0.00120152,0.00872449,True
43,2,1,Fp2,0.07779074,0.0607418,0.09560248,0.5,0.5,"[0, 8]",1.0,True,0.01041249,0.00120152,0.00872449,True
43,2,2,Fz,0.10374473,-0.09793003,0.11707565,0.5,0.5,"[0, 8]",1.0,True,0.01041249,0.00120152,0.00872449,True
43,2,3,F3,0.08721939,0.02755433,0.09382584,0.5,0.5,"[0, 8]",1.0,True,0.01041249,0.00120152,0.00872449,True
43,2,4,F4,0.09796073,0.01238471,0.10821119,0.5,0.5,"[0, 8]",1.0,True,0.01041249,0.00120152,0.00872449,True
43,2,5,F7,0.08450231,0.08259735,0.09847583,0.5,0.5,"[0, 8]",1.0,True,0.01041249,0.00120152,0.00872449,True
43,2,6,F8,0.07798113,-0.03020984,0.07883494,0.5,0.5,"[0, 8]",1.0,True,0.01041249,0.00120152,0.00872449,True
43,2,7,FCz,0.09942281,0.09942281,0.11504069,0.5,0.5,"[0, 8]",1.0,True,0.01041249,0.00120152,0.00872449,True
43,2,8,FC3,0.02997399,0.00559456,0.03672764,0.5,0.5,"[0, 8]",1.0,True,0.01041249,0.00120152,0.00872449,True
43,2,9,FC4,0.05795181,-0.05795181,0.07690271,0.5,0.5,"[0, 8]",1.0,True,0.01041249,0.00120152,0.00872449,True
43,2,10,FT7,0.09052136,-0.05797303,0.10436068,0.5,0.5,"[0, 8]",1.0,True,0.01041249,0.00120152,0.00872449,True
43,2,11,FT8,0.08071357,-0.00405842,0.09743767,0.5,0.5,"[0, 8]",1.0,True,0.01041249,0.00120152,0.00872449,True
43,2,12,Cz,0.07809546,0.0762445,0.09349146,0.5,0.5,"[0, 8]",1.0,True,0.01041249,0.00120152,0.00872449,True
43,2,13,C3,0.11560926,0.0723418,0.11776554,0.5,0.5,"[0, 8]",1.0,True,0.01041249,0.00120152,0.00872449,True
43,2,14,C4,0.08619542,-0.07508226,0.09665976,0.5,0.5,"[0, 8]",1.0,True,0.01041249,0.00120152,0.00872449,True
43,2,15,T3,0.12720802,0.12720802,0.13250189,0.5,0.5,"[0, 8]",1.0,True,0.01041249,0.00120152,0.00872449,True
43,2,16,T4,0.12174594,0.01318488,0.13422595,0.5,0.5,"[0, 8]",1.0,True,0.01041249,0.00120152,0.00872449,True
43,2,17,CP3,0.12126757,0.03320529,0.13993792,0.5,0.5,"[0, 8]",1.0,True,0.01041249,0.00120152,0.00872449,True
43,2,18,CP4,0.11040568,0.03456761,0.12740746,0.5,0.5,"[0, 8]",1.0,True,0.01041249,0.00120152,0.00872449,True
43,2,19,TP7,0.08396305,-0.01829916,0.09394135,0.5,0.5,"[0, 8]",1.0,True,0.01041249,0.00120152,0.00872449,True
43,2,20,TP8,0.08912224,-0.05925744,0.10835809,0.5,0.5,"[0, 8]",1.0,True,0.01041249,0.00120152,0.00872449,True
43,2,21,Pz,0.15238112,0.00699428,0.15257598,0.5,0.5,"[0, 8]",1.0,True,0.01041249,0.00120152,0.00872449,True
43,2,22,P3,0.10835908,0.10835908,0.11759816,0.5,0.5,"[0, 8]",1.0,True,0.01041249,0.00120152,0.00872449,True
43,2,23,P4,0.1043435,-0.09288742,0.11629434,0.5,0.5,"[0, 8]",1.0,True,0.01041249,0.00120152,0.00872449,True
43,2,24,T5,0.10482681,0.07368742,0.1142237,0.5,0.5,"[0, 8]",1.0,True,0.01041249,0.00120152,0.00872449,True
43,2,25,T6,0.08151154,-0.06245361,0.09252969,0.5,0.5,"[0, 8]",1.0,True,0.01041249,0.00120152,0.00872449,True
43,2,26,Oz,0.07683402,0.04160198,0.07926506,0.5,0.5,"[0, 8]",1.0,True,0.01041249,0.00120152,0.00872449,True
43,2,27,O1,0.12185355,0.05663416,0.13246572,0.5,0.5,"[0, 8]",1.0,True,0.01041249,0.00120152,0.00872449,True
43,2,28,O2,0.14460152,-0.02413508,0.14734977,0.5,0.5,"[0, 8]",1.0,True,0.01041249,0.00120152,0.00872449,True
43,3,0,Fp1,0.10925542,-0.09577501,0.12214246,0.5,0.5,"[0, 8]",1.0,True,0.01011219,0.00119936,0.00847287,True
43,3,1,Fp2,0.07787015,0.0608536,0.09561204,0.5,0.5,"[0, 8]",1.0,True,0.01011219,0.00119936,0.00847287,True
43,3,2,Fz,0.10379215,-0.09850602,0.11732639,0.5,0.5,"[0, 8]",1.0,True,0.01011219,0.00119936,0.00847287,True
43,3,3,F3,0.08710179,0.027494,0.09369949,0.5,0.5,"[0, 8]",1.0,True,0.01011219,0.00119936,0.00847287,True
43,3,4,F4,0.09737686,0.01223975,0.10764423,0.5,0.5,"[0, 8]",1.0,True,0.01011219,0.00119936,0.00847287,True
43,3,5,F7,0.08476031,0.08217037,0.09840074,0.5,0.5,"[0, 8]",1.0,True,0.01011219,0.00119936,0.00847287,True
43,3,6,F8,0.07814509,-0.03020956,0.07902095,0.5,0.5,"[0, 8]",1.0,True,0.01011219,0.00119936,0.00847287,True
43,3,7,FCz,0.09889079,0.09889079,0.11399805,0.5,0.5,"[0, 8]",1.0,True,0.01011219,0.00119936,0.00847287,True
43,3,8,FC3,0.0303478,0.00597926,0.03676326,0.5,0.5,"[0, 8]",1.0,True,0.01011219,0.00119936,0.00847287,True
43,3,9,FC4,0.05796172,-0.05796172,0.07676534,0.5,0.5,"[0, 8]",1.0,True,0.01011219,0.00119936,0.00847287,True
43,3,10,FT7,0.09096134,-0.05827269,0.10462025,0.5,0.5,"[0, 8]",1.0,True,0.01011219,0.00119936,0.00847287,True
43,3,11,FT8,0.08086757,-0.0036561,0.09787165,0.5,0.5,"[0, 8]",1.0,True,0.01011219,0.00119936,0.00847287,True
43,3,12,Cz,0.07670648,0.07579441,0.09253897,0.5,0.5,"[0, 8]",1.0,True,0.01011219,0.00119936,0.00847287,True
43,3,13,C3,0.11578497,0.07250015,0.11802921,0.5,0.5,"[0, 8]",1.0,True,0.01011219,0.00119936,0.00847287,True
43,3,14,C4,0.08605734,-0.07500474,0.09650106,0.5,0.5,"[0, 8]",1.0,True,0.01011219,0.00119936,0.00847287,True
43,3,15,T3,0.12703541,0.12703541,0.13225561,0.5,0.5,"[0, 8]",1.0,True,0.01011219,0.00119936,0.00847287,True
43,3,16,T4,0.12194398,0.01336865,0.13427953,0.5,0.5,"[0, 8]",1.0,True,0.01011219,0.00119936,0.00847287,True
43,3,17,CP3,0.12038686,0.0326143,0.13895054,0.5,0.5,"[0, 8]",1.0,True,0.01011219,0.00119936,0.00847287,True
43,3,18,CP4,0.11039028,0.03447484,0.12732717,0.5,0.5,"[0, 8]",1.0,True,0.01011219,0.00119936,0.00847287,True
43,3,19,TP7,0.08393291,-0.01821513,0.09394348,0.5,0.5,"[0, 8]",1.0,True,0.01011219,0.00119936,0.00847287,True
43,3,20,TP8,0.08916572,-0.05936924,0.10845172,0.5,0.5,"[0, 8]",1.0,True,0.01011219,0.00119936,0.00847287,True
43,3,21,Pz,0.15233336,0.00696132,0.15252917,0.5,0.5,"[0, 8]",1.0,True,0.01011219,0.00119936,0.00847287,True
43,3,22,P3,0.10848412,0.10848412,0.11767637,0.5,0.5,"[0, 8]",1.0,True,0.01011219,0.00119936,0.00847287,True
43,3,23,P4,0.10441441,-0.09292558,0.11635721,0.5,0.5,"[0, 8]",1.0,True,0.01011219,0.00119936,0.00847287,True
43,3,24,T5,0.10457171,0.07340599,0.11388749,0.5,0.5,"[0, 8]",1.0,True,0.01011219,0.00119936,0.00847287,True
43,3,25,T6,0.08159354,-0.06240847,0.09255932,0.5,0.5,"[0, 8]",1.0,True,0.01011219,0.00119936,0.00847287,True
43,3,26,Oz,0.07800732,0.04239964,0.08035035,0.5,0.5,"[0, 8]",1.0,True,0.01011219,0.00119936,0.00847287,True
43,3,27,O1,0.12174058,0.05655727,0.13238904,0.5,0.5,"[0, 8]",1.0,True,0.01011219,0.00119936,0.00847287,True
43,3,28,O2,0.1451948,-0.02371889,0.14789733,0.5,0.5,"[0, 8]",1.0,True,0.01011219,0.00119936,0.00847287,True
43,4,0,Fp1,0.1093076,-0.09576708,0.12209393,0.5,0.5,"[0, 8]",1.0,True,0.00962991,0.00120265,0.00806877,True
43,4,1,Fp2,0.07748793,0.06125433,0.09491242,0.5,0.5,"[0, 8]",1.0,True,0.00962991,0.00120265,0.00806877,True
43,4,2,Fz,0.10386005,-0.09776312,0.11706001,0.5,0.5,"[0, 8]",1.0,True,0.00962991,0.00120265,0.00806877,True
43,4,3,F3,0.087695,0.02803621,0.09428138,0.5,0.5,"[0, 8]",1.0,True,0.00962991,0.00120265,0.00806877,True
43,4,4,F4,0.09859385,0.01297253,0.10874674,0.5,0.5,"[0, 8]",1.0,True,0.00962991,0.00120265,0.00806877,True
43,4,5,F7,0.08465521,0.08238889,0.09844502,0.5,0.5,"[0, 8]",1.0,True,0.00962991,0.00120265,0.00806877,True
43,4,6,F8,0.078097,-0.03029891,0.07896043,0.5,0.5,"[0, 8]",1.0,True,0.00962991,0.00120265,0.00806877,True
43,4,7,FCz,0.09903305,0.09903305,0.11448868,0.5,0.5,"[0, 8]",1.0,True,0.00962991,0.00120265,0.00806877,True
43,4,8,FC3,0.03069295,0.00623885,0.03706351,0.5,0.5,"[0, 8]",1.0,True,0.00962991,0.00120265,0.00806877,True
43,4,9,FC4,0.05757903,-0.05757903,0.07619685,0.5,0.5,"[0, 8]",1.0,True,0.00962991,0.00120265,0.00806877,True
43,4,10,FT7,0.09073775,-0.0581241,0.10443063,0.5,0.5,"[0, 8]",1.0,True,0.00962991,0.00120265,0.00806877,True
43,4,11,FT8,0.07982663,-0.00430733,0.09681806,0.5,0.5,"[0, 8]",1.0,True,0.00962991,0.00120265,0.00806877,True
43,4,12,Cz,0.07728871,0.07608087,0.09292404,0.5,0.5,"[0, 8]",1.0,True,0.00962991,0.00120265,0.00806877,True
43,4,13,C3,0.11587569,0.07263821,0.11811329,0.5,0.5,"[0, 8]",1.0,True,0.00962991,0.00120265,0.00806877,True
43,4,14,C4,0.08607974,-0.07514017,0.09658283,0.5,0.5,"[0, 8]",1.0,True,0.00962991,0.00120265,0.00806877,True
43,4,15,T3,0.12721035,0.12721035,0.1324694,0.5,0.5,"[0, 8]",1.0,True,0.00962991,0.00120265,0.00806877,True
43,4,16,T4,0.12175193,0.01261372,0.13427672,0.5,0.5,"[0, 8]",1.0,True,0.00962991,0.00120265,0.00806877,True
43,4,17,CP3,0.12004432,0.03300578,0.13860393,0.5,0.5,"[0, 8]",1.0,True,0.00962991,0.00120265,0.00806877,True
43,4,18,CP4,0.11053701,0.03441231,0.12756556,0.5,0.5,"[0, 8]",1.0,True,0.00962991,0.00120265,0.00806877,True
43,4,19,TP7,0.08344615,-0.01863989,0.09346598,0.5,0.5,"[0, 8]",1.0,True,0.00962991,0.00120265,0.00806877,True
43,4,20,TP8,0.08899414,-0.05919787,0.10811267,0.5,0.5,"[0, 8]",1.0,True,0.00962991,0.00120265,0.00806877,True
43,4,21,Pz,0.15281206,0.00699424,0.15302728,0.5,0.5,"[0, 8]",1.0,True,0.00962991,0.00120265,0.00806877,True
43,4,22,P3,0.10844739,0.10844739,0.11747139,0.5,0.5,"[0, 8]",1.0,True,0.00962991,0.00120265,0.00806877,True
43,4,23,P4,0.10385402,-0.09260106,0.11593387,0.5,0.5,"[0, 8]",1.0,True,0.00962991,0.00120265,0.00806877,True
43,4,24,T5,0.1050749,0.07315429,0.11466964,0.5,0.5,"[0, 8]",1.0,True,0.00962991,0.00120265,0.00806877,True
43,4,25,T6,0.08099625,-0.06213748,0.09190461,0.5,0.5,"[0, 8]",1.0,True,0.00962991,0.00120265,0.00806877,True
43,4,26,Oz,0.07812435,0.04234546,0.08044638,0.5,0.5,"[0, 8]",1.0,True,0.00962991,0.00120265,0.00806877,True
43,4,27,O1,0.12187817,0.05660137,0.1319989,0.5,0.5,"[0, 8]",1.0,True,0.00962991,0.00120265,0.00806877,True
43,4,28,O2,0.14479417,-0.02330673,0.14740251,0.5,0.5,"[0, 8]",1.0,True,0.00962991,0.00120265,0.00806877,True
43,5,0,Fp1,0.10980673,-0.09600119,0.12259035,0.5,0.5,"[0, 8]",1.0,True,0.00323093,0.00030001,0.00270716,True
43,5,1,Fp2,0.07765819,0.06101019,0.0951374,0.5,0.5,"[0, 8]",1.0,True,0.00323093,0.00030001,0.00270716,True
43,5,2,Fz,0.10415176,-0.0983315,0.11754203,0.5,0.5,"[0, 8]",1.0,True,0.00323093,0.00030001,0.00270716,True
43,5,3,F3,0.08777068,0.02741321,0.09455122,0.5,0.5,"[0, 8]",1.0,True,0.00323093,0.00030001,0.00270716,True
43,5,4,F4,0.09753285,0.01235003,0.10783583,0.5,0.5,"[0, 8]",1.0,True,0.00323093,0.00030001,0.00270716,True
43,5,5,F7,0.08410586,0.08182675,0.097735,0.5,0.5,"[0, 8]",1.0,True,0.00323093,0.00030001,0.00270716,True
43,5,6,F8,0.07779206,-0.02935646,0.07877915,0.5,0.5,"[0, 8]",1.0,True,0.00323093,0.00030001,0.00270716,True
43,5,7,FCz,0.09893281,0.09893281,0.11430978,0.5,0.5,"[0, 8]",1.0,True,0.00323093,0.00030001,0.00270716,True
43,5,8,FC3,0.03099032,0.00587217,0.03766779,0.5,0.5,"[0, 8]",1.0,True,0.00323093,0.00030001,0.00270716,True
43,5,9,FC4,0.05804174,-0.05804174,0.07614105,0.5,0.5,"[0, 8]",1.0,True,0.00323093,0.00030001,0.00270716,True
43,5,10,FT7,0.09071976,-0.05837621,0.10422607,0.5,0.5,"[0, 8]",1.0,True,0.00323093,0.00030001,0.00270716,True
43,5,11,FT8,0.07994118,-0.00368779,0.09696802,0.5,0.5,"[0, 8]",1.0,True,0.00323093,0.00030001,0.00270716,True
43,5,12,Cz,0.0773522,0.07583367,0.09283858,0.5,0.5,"[0, 8]",1.0,True,0.00323093,0.00030001,0.00270716,True
43,5,13,C3,0.1152309,0.07236651,0.11737084,0.5,0.5,"[0, 8]",1.0,True,0.00323093,0.00030001,0.00270716,True
43,5,14,C4,0.08550487,-0.0751246,0.09602552,0.5,0.5,"[0, 8]",1.0,True,0.00323093,0.00030001,0.00270716,True
43,5,15,T3,0.12673478,0.12673478,0.13197485,0.5,0.5,"[0, 8]",1.0,True,0.00323093,0.00030001,0.00270716,True
43,5,16,T4,0.1219376,0.01346595,0.13445248,0.5,0.5,"[0, 8]",1.0,True,0.00323093,0.00030001,0.00270716,True
43,5,17,CP3,0.1212744,0.03309353,0.13959895,0.5,0.5,"[0, 8]",1.0,True,0.00323093,0.00030001,0.00270716,True
43,5,18,CP4,0.11108314,0.03480947,0.12765412,0.5,0.5,"[0, 8]",1.0,True,0.00323093,0.00030001,0.00270716,True
43,5,19,TP7,0.08442772,-0.01873149,0.09448248,0.5,0.5,"[0, 8]",1.0,True,0.00323093,0.00030001,0.00270716,True
43,5,20,TP8,0.08896947,-0.05916341,0.10804187,0.5,0.5,"[0, 8]",1.0,True,0.00323093,0.00030001,0.00270716,True
43,5,21,Pz,0.15288901,0.00688239,0.15309027,0.5,0.5,"[0, 8]",1.0,True,0.00323093,0.00030001,0.00270716,True
43,5,22,P3,0.10830741,0.10830741,0.11754783,0.5,0.5,"[0, 8]",1.0,True,0.00323093,0.00030001,0.00270716,True
43,5,23,P4,0.10466342,-0.09271532,0.11653233,0.5,0.5,"[0, 8]",1.0,True,0.00323093,0.00030001,0.00270716,True
43,5,24,T5,0.10530554,0.07343882,0.11467036,0.5,0.5,"[0, 8]",1.0,True,0.00323093,0.00030001,0.00270716,True
43,5,25,T6,0.08112549,-0.06220653,0.09237818,0.5,0.5,"[0, 8]",1.0,True,0.00323093,0.00030001,0.00270716,True
43,5,26,Oz,0.07777076,0.04226759,0.08020258,0.5,0.5,"[0, 8]",1.0,True,0.00323093,0.00030001,0.00270716,True
43,5,27,O1,0.12186213,0.05623303,0.13213171,0.5,0.5,"[0, 8]",1.0,True,0.00323093,0.00030001,0.00270716,True
43,5,28,O2,0.14414138,-0.02368954,0.14683008,0.5,0.5,"[0, 8]",1.0,True,0.00323093,0.00030001,0.00270716,True
44,1,0,Fp1,0.07650939,-0.06379771,0.08883215,0.5,0.5,"[2, 6]",0.75,False,1.08033433,0.28077835,0.90519745,True
44,1,1,Fp2,0.04011894,0.03902301,0.05221698,0.5,0.5,"[2, 6]",0.75,False,1.08033433,0.28077835,0.90519745,True
44,1,2,Fz,0.11176752,-0.08319522,0.14100683,0.5,0.5,"[2, 6]",0.75,False,1.08033433,0.28077835,0.90519745,True
44,1,3,F3,0.17404953,0.17404953,0.18295765,0.5,0.5,"[2, 6]",0.75,False,1.08033433,0.28077835,0.90519745,True
44,1,4,F4,0.07324096,0.01966217,0.08082695,0.5,0.5,"[2, 6]",0.75,False,1.08033433,0.28077835,0.90519745,True
44,1,5,F7,0.07138557,0.06179862,0.07934749,0.5,0.5,"[2, 6]",0.75,False,1.08033433,0.28077835,0.90519745,True
44,1,6,F8,0.03771479,-0.00052126,0.04443954,0.5,0.5,"[2, 6]",0.75,False,1.08033433,0.28077835,0.90519745,True
44,1,7,FCz,0.09333338,-0.00710588,0.09753983,0.5,0.5,"[2, 6]",0.75,False,1.08033433,0.28077835,0.90519745,True
44,1,8,FC3,0.10842772,-0.00729344,0.11366773,0.5,0.5,"[2, 6]",0.75,False,1.08033433,0.28077835,0.90519745,True
44,1,9,FC4,0.07615078,-0.07615078,0.12359644,0.5,0.5,"[2, 6]",0.75,False,1.08033433,0.28077835,0.90519745,True
44,1,10,FT7,0.12095723,-0.07722016,0.13446908,0.5,0.5,"[2, 6]",0.75,False,1.08033433,0.28077835,0.90519745,True
44,1,11,FT8,0.07240891,-0.02494314,0.07914527,0.5,0.5,"[2, 6]",0.75,False,1.08033433,0.28077835,0.90519745,True
44,1,12,Cz,0.11754356,0.11306094,0.14202552,0.5,0.5,"[2, 6]",0.75,False,1.08033433,0.28077835,0.90519745,True
44,1,13,C3,0.11858449,0.01678066,0.14199196,0.5,0.5,"[2, 6]",0.75,False,1.08033433,0.28077835,0.90519745,True
44,1,14,C4,0.10696157,0.01677648,0.1377406,0.5,0.5,"[2, 6]",0.75,False,1.08033433,0.28077835,0.90519745,True
44,1,15,T3,0.12223797,0.12223797,0.1356346,0.5,0.5,"[2, 6]",0.75,False,1.08033433,0.28077835,0.90519745,True
44,1,16,T4,0.12102064,0.05935654,0.12151732,0.5,0.5,"[2, 6]",0.75,False,1.08033433,0.28077835,0.90519745,True
44,1,17,CP3,0.14323387,-0.13380051,0.20695549,0.5,0.5,"[2, 6]",0.75,False,1.08033433,0.28077835,0.90519745,True
44,1,18,CP4,0.04433095,0.01353636,0.05284021,0.5,0.5,"[2, 6]",0.75,False,1.08033433,0.28077835,0.90519745,True
44,1,19,TP7,0.20730399,-0.12865476,0.20958443,0.5,0.5,"[2, 6]",0.75,False,1.08033433,0.28077835,0.90519745,True
44,1,20,TP8,0.10614847,-0.03297386,0.10872842,0.5,0.5,"[2, 6]",0.75,False,1.08033433,0.28077835,0.90519745,True
44,1,21,Pz,0.08460443,-0.01283217,0.0967861,0.5,0.5,"[2, 6]",0.75,False,1.08033433,0.28077835,0.90519745,True
44,1,22,P3,0.12700075,0.11690244,0.15051013,0.5,0.5,"[2, 6]",0.75,False,1.08033433,0.28077835,0.90519745,True
44,1,23,P4,0.07864052,-0.06487657,0.10592508,0.5,0.5,"[2, 6]",0.75,False,1.08033433,0.28077835,0.90519745,True
44,1,24,T5,0.14185341,0.14185341,0.18195124,0.5,0.5,"[2, 6]",0.75,False,1.08033433,0.28077835,0.90519745,True
44,1,25,T6,0.04315939,-0.04315939,0.04617468,0.5,0.5,"[2, 6]",0.75,False,1.08033433,0.28077835,0.90519745,True
44,1,26,Oz,0.02923216,-0.01429282,0.0347441,0.5,0.5,"[2, 6]",0.75,False,1.08033433,0.28077835,0.90519745,True
44,1,27,O1,0.06799422,0.06799422,0.08446057,0.5,0.5,"[2, 6]",0.75,False,1.08033433,0.28077835,0.90519745,True
44,1,28,O2,0.10252957,-0.00702674,0.10363675,0.5,0.5,"[2, 6]",0.75,False,1.08033433,0.28077835,0.90519745,True
44,2,0,Fp1,0.10980675,-0.0960012,0.12267517,0.5,0.5,"[0, 8]",1.0,True,0.00323099,0.00030001,0.0027072,True
44,2,1,Fp2,0.07765819,0.06131018,0.09515128,0.5,0.5,"[0, 8]",1.0,True,0.00323099,0.00030001,0.0027072,True
44,2,2,Fz,0.10385177,-0.0983315,0.11731138,0.5,0.5,"[0, 8]",1.0,True,0.00323099,0.00030001,0.0027072,True
44,2,3,F3,0.08777067,0.02741321,0.09452514,0.5,0.5,"[0, 8]",1.0,True,0.00323099,0.00030001,0.0027072,True
44,2,4,F4,0.09753284,0.01265002,0.10765948,0.5,0.5,"[0, 8]",1.0,True,0.00323099,0.00030001,0.0027072,True
44,2,5,F7,0.08410585,0.08152677,0.09767,0.5,0.5,"[0, 8]",1.0,True,0.00323099,0.00030001,0.0027072,True
44,2,6,F8,0.07734207,-0.02890646,0.07837178,0.5,0.5,"[0, 8]",1.0,True,0.00323099,0.00030001,0.0027072,True
44,2,7,FCz,0.09893288,0.09893288,0.11409217,0.5,0.5,"[0, 8]",1.0,True,0.00323099,0.00030001,0.0027072,True
44,2,8,FC3,0.0306903,0.00587216,0.03740628,0.5,0.5,"[0, 8]",1.0,True,0.00323099,0.00030001,0.0027072,True
44,2,9,FC4,0.05759177,-0.05759177,0.07592834,0.5,0.5,"[0, 8]",1.0,True,0.00323099,0.00030001,0.0027072,True
44,2,10,FT7,0.0904198,-0.05837623,0.10404702,0.5,0.5,"[0, 8]",1.0,True,0.00323099,0.00030001,0.0027072,True
44,2,11,FT8,0.0800912,-0.0035378,0.09717131,0.5,0.5,"[0, 8]",1.0,True,0.00323099,0.00030001,0.0027072,True
44,2,12,Cz,0.07720224,0.07568366,0.09273551,0.5,0.5,"[0, 8]",1.0,True,0.00323099,0.00030001,0.0027072,True
44,2,13,C3,0.11553089,0.07266647,0.11771818,0.5,0.5,"[0, 8]",1.0,True,0.00323099,0.00030001,0.0027072,True
44,2,14,C4,0.08550489,-0.07512461,0.09602217,0.5,0.5,"[0, 8]",1.0,True,0.00323099,0.00030001,0.0027072,True
44,2,15,T3,0.12688477,0.12688477,0.13213998,0.5,0.5,"[0, 8]",1.0,True,0.00323099,0.00030001,0.0027072,True
44,2,16,T4,0.12208762,0.01331592,0.13439637,0.5,0.5,"[0, 8]",1.0,True,0.00323099,0.00030001,0.0027072,True
44,2,17,CP3,0.12112439,0.03294354,0.13957529,0.5,0.5,"[0, 8]",1.0,True,0.00323099,0.00030001,0.0027072,True
44,2,18,CP4,0.11078313,0.03450948,0.12733555,0.5,0.5,"[0, 8]",1.0,True,0.00323099,0.00030001,0.0027072,True
44,2,19,TP7,0.08442771,-0.01873149,0.09431883,0.5,0.5,"[0, 8]",1.0,True,0.00323099,0.00030001,0.0027072,True
44,2,20,TP8,0.08911946,-0.05961339,0.10842875,0.5,0.5,"[0, 8]",1.0,True,0.00323099,0.00030001,0.0027072,True
44,2,21,Pz,0.15288901,0.00688238,0.15309027,0.5,0.5,"[0, 8]",1.0,True,0.00323099,0.00030001,0.0027072,True
44,2,22,P3,0.10830743,0.10830743,0.11754786,0.5,0.5,"[0, 8]",1.0,True,0.00323099,0.00030001,0.0027072,True
44,2,23,P4,0.10466342,-0.09301531,0.11671546,0.5,0.5,"[0, 8]",1.0,True,0.00323099,0.00030001,0.0027072,True
44,2,24,T5,0.10530554,0.07343882,0.11467036,0.5,0.5,"[0, 8]",1.0,True,0.00323099,0.00030001,0.0027072,True
44,2,25,T6,0.0811255,-0.06220654,0.09223212,0.5,0.5,"[0, 8]",1.0,True,0.00323099,0.00030001,0.0027072,True
44,2,26,Oz,0.07777076,0.04226759,0.08020259,0.5,0.5,"[0, 8]",1.0,True,0.00323099,0.00030001,0.0027072,True
44,2,27,O1,0.12156212,0.05593303,0.13193537,0.5,0.5,"[0, 8]",1.0,True,0.00323099,0.00030001,0.0027072,True
44,2,28,O2,0.14414138,-0.02368954,0.1468301,0.5,0.5,"[0, 8]",1.0,True,0.00323099,0.00030001,0.0027072,True
44,3,0,Fp1,0.10995674,-0.0958512,0.12262449,0.5,0.5,"[0, 8]",1.0,True,0.00323097,0.00030001,0.00270719,True
44,3,1,Fp2,0.07795819,0.06131018,0.09547227,0.5,0.5,"[0, 8]",1.0,True,0.00323097,0.00030001,0.00270719,True
44,3,2,Fz,0.10385177,-0.09803151,0.11717528,0.5,0.5,"[0, 8]",1.0,True,0.00323097,0.00030001,0.00270719,True
44,3,3,F3,0.08792067,0.0278632,0.09462874,0.5,0.5,"[0, 8]",1.0,True,0.00323097,0.00030001,0.00270719,True
44,3,4,F4,0.09768283,0.01280002,0.10778801,0.5,0.5,"[0, 8]",1.0,True,0.00323097,0.00030001,0.00270719,True
44,3,5,F7,0.08410587,0.08182676,0.09781135,0.5,0.5,"[0, 8]",1.0,True,0.00323097,0.00030001,0.00270719,True
44,3,6,F8,0.07764205,-0.02920645,0.07862862,0.5,0.5,"[0, 8]",1.0,True,0.00323097,0.00030001,0.00270719,True
44,3,7,FCz,0.09908302,0.09908302,0.11423445,0.5,0.5,"[0, 8]",1.0,True,0.00323097,0.00030001,0.00270719,True
44,3,8,FC3,0.03099027,0.00617212,0.0376402,0.5,0.5,"[0, 8]",1.0,True,0.00323097,0.00030001,0.00270719,True
44,3,9,FC4,0.05759175,-0.05759175,0.07592831,0.5,0.5,"[0, 8]",1.0,True,0.00323097,0.00030001,0.00270719,True
44,3,10,FT7,0.0902698,-0.05822624,0.10396317,0.5,0.5,"[0, 8]",1.0,True,0.00323097,0.00030001,0.00270719,True
44,3,11,FT8,0.08009119,-0.0035378,0.09717131,0.5,0.5,"[0, 8]",1.0,True,0.00323097,0.00030001,0.00270719,True
44,3,12,Cz,0.07705227,0.07553369,0.09250347,0.5,0.5,"[0, 8]",1.0,True,0.00323097,0.00030001,0.00270719,True
44,3,13,C3,0.11553089,0.07266648,0.1177182,0.5,0.5,"[0, 8]",1.0,True,0.00323097,0.00030001,0.00270719,True
44,3,14,C4,0.08580486,-0.07512461,0.09616499,0.5,0.5,"[0, 8]",1.0,True,0.00323097,0.00030001,0.00270719,True
44,3,15,T3,0.12688477,0.12688477,0.13213998,0.5,0.5,"[0, 8]",1.0,True,0.00323097,0.00030001,0.00270719,True
44,3,16,T4,0.1220876,0.01301596,0.13448861,0.5,0.5,"[0, 8]",1.0,True,0.00323097,0.00030001,0.00270719,True
44,3,17,CP3,0.12127438,0.03279355,0.13958316,0.5,0.5,"[0, 8]",1.0,True,0.00323097,0.00030001,0.00270719,True
44,3,18,CP4,0.11063313,0.03435948,0.12731186,0.5,0.5,"[0, 8]",1.0,True,0.00323097,0.00030001,0.00270719,True
44,3,19,TP7,0.08442771,-0.0187315,0.09431884,0.5,0.5,"[0, 8]",1.0,True,0.00323097,0.00030001,0.00270719,True
44,3,20,TP8,0.08926946,-0.05946341,0.10845323,0.5,0.5,"[0, 8]",1.0,True,0.00323097,0.00030001,0.00270719,True
44,3,21,Pz,0.15288901,0.0065824,0.1530703,0.5,0.5,"[0, 8]",1.0,True,0.00323097,0.00030001,0.00270719,True
44,3,22,P3,0.10815744,0.10815744,0.11737483,0.5,0.5,"[0, 8]",1.0,True,0.00323097,0.00030001,0.00270719,True
44,3,23,P4,0.10481341,-0.09316531,0.11685598,0.5,0.5,"[0, 8]",1.0,True,0.00323097,0.00030001,0.00270719,True
44,3,24,T5,0.10515554,0.07328882,0.11446789,0.5,0.5,"[0, 8]",1.0,True,0.00323097,0.00030001,0.00270719,True
44,3,25,T6,0.0811255,-0.06250653,0.09237319,0.5,0.5,"[0, 8]",1.0,True,0.00323097,0.00030001,0.00270719,True
44,3,26,Oz,0.07762074,0.04211761,0.08004225,0.5,0.5,"[0, 8]",1.0,True,0.00323097,0.00030001,0.00270719,True
44,3,27,O1,0.12156213,0.05593304,0.13193539,0.5,0.5,"[0, 8]",1.0,True,0.00323097,0.00030001,0.00270719,True
44,3,28,O2,0.14414138,-0.02398953,0.14690946,0.5,0.5,"[0, 8]",1.0,True,0.00323097,0.00030001,0.00270719,True
44,4,0,Fp1,0.10980675,-0.0957012,0.12251033,0.5,0.5,"[0, 8]",1.0,True,0.0032309,0.00030001,0.00270712,True
44,4,1,Fp2,0.07780819,0.06116019,0.09540658,0.5,0.5,"[0, 8]",1.0,True,0.0032309,0.00030001,0.00270712,True
44,4,2,Fz,0.10385175,-0.09833149,0.11731137,0.5,0.5,"[0, 8]",1.0,True,0.0032309,0.00030001,0.00270712,True
44,4,3,F3,0.08762068,0.02756321,0.09433388,0.5,0.5,"[0, 8]",1.0,True,0.0032309,0.00030001,0.00270712,True
44,4,4,F4,0.09768283,0.01280002,0.10778802,0.5,0.5,"[0, 8]",1.0,True,0.0032309,0.00030001,0.00270712,True
44,4,5,F7,0.08425586,0.08197676,0.09795298,0.5,0.5,"[0, 8]",1.0,True,0.0032309,0.00030001,0.00270712,True
44,4,6,F8,0.07734207,-0.02890646,0.07837178,0.5,0.5,"[0, 8]",1.0,True,0.0032309,0.00030001,0.00270712,True
44,4,7,FCz,0.09908289,0.09908289,0.11431888,0.5,0.5,"[0, 8]",1.0,True,0.0032309,0.00030001,0.00270712,True
44,4,8,FC3,0.03084028,0.00602213,0.03742437,0.5,0.5,"[0, 8]",1.0,True,0.0032309,0.00030001,0.00270712,True
44,4,9,FC4,0.05759175,-0.05759175,0.07592831,0.5,0.5,"[0, 8]",1.0,True,0.0032309,0.00030001,0.00270712,True
44,4,10,FT7,0.09041978,-0.05807623,0.10405601,0.5,0.5,"[0, 8]",1.0,True,0.0032309,0.00030001,0.00270712,True
44,4,11,FT8,0.08024119,-0.0033878,0.09737398,0.5,0.5,"[0, 8]",1.0,True,0.0032309,0.00030001,0.00270712,True
44,4,12,Cz,0.07720224,0.07568366,0.09273551,0.5,0.5,"[0, 8]",1.0,True,0.0032309,0.00030001,0.00270712,True
44,4,13,C3,0.11523092,0.07266648,0.11744625,0.5,0.5,"[0, 8]",1.0,True,0.0032309,0.00030001,0.00270712,True
44,4,14,C4,0.08565488,-0.0749746,0.09605505,0.5,0.5,"[0, 8]",1.0,True,0.0032309,0.00030001,0.00270712,True
44,4,15,T3,0.12673479,0.12673479,0.13205808,0.5,0.5,"[0, 8]",1.0,True,0.0032309,0.00030001,0.00270712,True
44,4,16,T4,0.1219376,0.01316595,0.13443373,0.5,0.5,"[0, 8]",1.0,True,0.0032309,0.00030001,0.00270712,True
44,4,17,CP3,0.12127434,0.0327935,0.13964686,0.5,0.5,"[0, 8]",1.0,True,0.0032309,0.00030001,0.00270712,True
44,4,18,CP4,0.11078313,0.03450948,0.12733555,0.5,0.5,"[0, 8]",1.0,True,0.0032309,0.00030001,0.00270712,True
44,4,19,TP7,0.08442771,-0.01873149,0.09427328,0.5,0.5,"[0, 8]",1.0,True,0.0032309,0.00030001,0.00270712,True
44,4,20,TP8,0.08911948,-0.05961338,0.10842875,0.5,0.5,"[0, 8]",1.0,True,0.0032309,0.00030001,0.00270712,True
44,4,21,Pz,0.15273902,0.00673239,0.15292931,0.5,0.5,"[0, 8]",1.0,True,0.0032309,0.00030001,0.00270712,True
44,4,22,P3,0.10830742,0.10830742,0.11747218,0.5,0.5,"[0, 8]",1.0,True,0.0032309,0.00030001,0.00270712,True
44,4,23,P4,0.10481341,-0.09316531,0.11685598,0.5,0.5,"[0, 8]",1.0,True,0.0032309,0.00030001,0.00270712,True
44,4,24,T5,0.10485557,0.0732888,0.11431106,0.5,0.5,"[0, 8]",1.0,True,0.0032309,0.00030001,0.00270712,True
44,4,25,T6,0.08142549,-0.06250653,0.09263877,0.5,0.5,"[0, 8]",1.0,True,0.0032309,0.00030001,0.00270712,True
44,4,26,Oz,0.07762042,0.04211724,0.07994312,0.5,0.5,"[0, 8]",1.0,True,0.0032309,0.00030001,0.00270712,True
44,4,27,O1,0.12171212,0.05578303,0.13208486,0.5,0.5,"[0, 8]",1.0,True,0.0032309,0.00030001,0.00270712,True
44,4,28,O2,0.14429137,-0.02383954,0.14704752,0.5,0.5,"[0, 8]",1.0,True,0.0032309,0.00030001,0.00270712,True
44,5,0,Fp1,0.11010673,-0.0960012,0.12282327,0.5,0.5,"[0, 8]",1.0,True,0.00323096,0.00030001,0.00270718,True
44,5,1,Fp2,0.07765819,0.06101018,0.09513739,0.5,0.5,"[0, 8]",1.0,True,0.00323096,0.00030001,0.00270718,True
44,5,2,Fz,0.10400173,-0.0981815,0.11732586,0.5,0.5,"[0, 8]",1.0,True,0.00323096,0.00030001,0.00270718,True
44,5,3,F3,0.08777067,0.0277132,0.0944314,0.5,0.5,"[0, 8]",1.0,True,0.00323096,0.00030001,0.00270718,True
44,5,4,F4,0.09768283,0.01250003,0.10789617,0.5,0.5,"[0, 8]",1.0,True,0.00323096,0.00030001,0.00270718,True
44,5,5,F7,0.08410586,0.08182675,0.09781133,0.5,0.5,"[0, 8]",1.0,True,0.00323096,0.00030001,0.00270718,True
44,5,6,F8,0.0773421,-0.02890649,0.07837181,0.5,0.5,"[0, 8]",1.0,True,0.00323096,0.00030001,0.00270718,True
44,5,7,FCz,0.09893288,0.09893288,0.1143026,0.5,0.5,"[0, 8]",1.0,True,0.00323096,0.00030001,0.00270718,True
44,5,8,FC3,0.03069028,0.00587213,0.03740625,0.5,0.5,"[0, 8]",1.0,True,0.00323096,0.00030001,0.00270718,True
44,5,9,FC4,0.05759175,-0.05759175,0.07592832,0.5,0.5,"[0, 8]",1.0,True,0.00323096,0.00030001,0.00270718,True
44,5,10,FT7,0.09056979,-0.05822623,0.1041398,0.5,0.5,"[0, 8]",1.0,True,0.00323096,0.00030001,0.00270718,True
44,5,11,FT8,0.08009119,-0.00353779,0.09700155,0.5,0.5,"[0, 8]",1.0,True,0.00323096,0.00030001,0.00270718,True
44,5,12,Cz,0.07720223,0.07568365,0.09273551,0.5,0.5,"[0, 8]",1.0,True,0.00323096,0.00030001,0.00270718,True
44,5,13,C3,0.1153809,0.07251649,0.11755529,0.5,0.5,"[0, 8]",1.0,True,0.00323096,0.00030001,0.00270718,True
44,5,14,C4,0.08565487,-0.07497461,0.09605841,0.5,0.5,"[0, 8]",1.0,True,0.00323096,0.00030001,0.00270718,True
44,5,15,T3,0.12688476,0.12688476,0.13213997,0.5,0.5,"[0, 8]",1.0,True,0.00323096,0.00030001,0.00270718,True
44,5,16,T4,0.12223759,0.01316597,0.13469495,0.5,0.5,"[0, 8]",1.0,True,0.00323096,0.00030001,0.00270718,True
44,5,17,CP3,0.12127437,0.03279354,0.13964692,0.5,0.5,"[0, 8]",1.0,True,0.00323096,0.00030001,0.00270718,True
44,5,18,CP4,0.11093314,0.03465948,0.12743805,0.5,0.5,"[0, 8]",1.0,True,0.00323096,0.00030001,0.00270718,True
44,5,19,TP7,0.08427765,-0.01888142,0.09419147,0.5,0.5,"[0, 8]",1.0,True,0.00323096,0.00030001,0.00270718,True
44,5,20,TP8,0.08911946,-0.05931341,0.10822091,0.5,0.5,"[0, 8]",1.0,True,0.00323096,0.00030001,0.00270718,True
44,5,21,Pz,0.15288901,0.00688239,0.15309027,0.5,0.5,"[0, 8]",1.0,True,0.00323096,0.00030001,0.00270718,True
44,5,22,P3,0.10845743,0.10845743,0.11764507,0.5,0.5,"[0, 8]",1.0,True,0.00323096,0.00030001,0.00270718,True
44,5,23,P4,0.10466341,-0.09301531,0.11671546,0.5,0.5,"[0, 8]",1.0,True,0.00323096,0.00030001,0.00270718,True
44,5,24,T5,0.10500555,0.07343882,0.11451381,0.5,0.5,"[0, 8]",1.0,True,0.00323096,0.00030001,0.00270718,True
44,5,25,T6,0.08127549,-0.06235653,0.09243721,0.5,0.5,"[0, 8]",1.0,True,0.00323096,0.00030001,0.00270718,True
44,5,26,Oz,0.07792076,0.04241759,0.08029734,0.5,0.5,"[0, 8]",1.0,True,0.00323096,0.00030001,0.00270718,True
44,5,27,O1,0.12156213,0.05593304,0.13193539,0.5,0.5,"[0, 8]",1.0,True,0.00323096,0.00030001,0.00270718,True
44,5,28,O2,0.14414138,-0.02368953,0.14686039,0.5,0.5,"[0, 8]",1.0,True,0.00323096,0.00030001,0.00270718,True
45,1,0,Fp1,0.05437309,-0.05437309,0.09102072,0.5,0.5,"[4, 4]",0.5,False,1.13258827,0.2431987,0.94898032,True
45,1,1,Fp2,0.02584348,-0.00154283,0.02996468,0.5,0.5,"[4, 4]",0.5,False,1.13258827,0.2431987,0.94898032,True
45,1,2,Fz,0.15077826,-0.15077826,0.16759771,0.5,0.5,"[4, 4]",0.5,False,1.13258827,0.2431987,0.94898032,True
45,1,3,F3,0.14113364,0.09761195,0.15709274,0.5,0.5,"[4, 4]",0.5,False,1.13258827,0.2431987,0.94898032,True
45,1,4,F4,0.09782923,-0.02281435,0.13267697,0.5,0.5,"[4, 4]",0.5,False,1.13258827,0.2431987,0.94898032,True
45,1,5,F7,0.06538671,0.0528971,0.07437623,0.5,0.5,"[4, 4]",0.5,False,1.13258827,0.2431987,0.94898032,True
45,1,6,F8,0.13785988,-0.09917057,0.15094867,0.5,0.5,"[4, 4]",0.5,False,1.13258827,0.2431987,0.94898032,True
45,1,7,FCz,0.10893871,-0.03019419,0.11485232,0.5,0.5,"[4, 4]",0.5,False,1.13258827,0.2431987,0.94898032,True
45,1,8,FC3,0.13191566,-0.03616927,0.15037361,0.5,0.5,"[4, 4]",0.5,False,1.13258827,0.2431987,0.94898032,True
45,1,9,FC4,0.06415524,-0.04641333,0.10252672,0.5,0.5,"[4, 4]",0.5,False,1.13258827,0.2431987,0.94898032,True
45,1,10,FT7,0.09196537,0.04332075,0.10620923,0.5,0.5,"[4, 4]",0.5,False,1.13258827,0.2431987,0.94898032,True
45,1,11,FT8,0.05810343,0.03095862,0.07338314,0.5,0.5,"[4, 4]",0.5,False,1.13258827,0.2431987,0.94898032,True
45,1,12,Cz,0.07626546,0.07626546,0.07830519,0.5,0.5,"[4, 4]",0.5,False,1.13258827,0.2431987,0.94898032,True
45,1,13,C3,0.0556488,0.00409988,0.06397457,0.5,0.5,"[4, 4]",0.5,False,1.13258827,0.2431987,0.94898032,True
45,1,14,C4,0.07541811,-0.04127072,0.10508369,0.5,0.5,"[4, 4]",0.5,False,1.13258827,0.2431987,0.94898032,True
45,1,15,T3,0.0554169,0.0554169,0.07016851,0.5,0.5,"[4, 4]",0.5,False,1.13258827,0.2431987,0.94898032,True
45,1,16,T4,0.09916731,0.09916731,0.11316839,0.5,0.5,"[4, 4]",0.5,False,1.13258827,0.2431987,0.94898032,True
45,1,17,CP3,0.15826099,0.0859578,0.18323871,0.5,0.5,"[4, 4]",0.5,False,1.13258827,0.2431987,0.94898032,True
45,1,18,CP4,0.16304769,-0.01488685,0.18356261,0.5,0.5,"[4, 4]",0.5,False,1.13258827,0.2431987,0.94898032,True
45,1,19,TP7,0.08871382,0.02330749,0.09675023,0.5,0.5,"[4, 4]",0.5,False,1.13258827,0.2431987,0.94898032,True
45,1,20,TP8,0.07153554,-0.03458976,0.08110147,0.5,0.5,"[4, 4]",0.5,False,1.13258827,0.2431987,0.94898032,True
45,1,21,Pz,0.07394,-0.03311271,0.07890835,0.5,0.5,"[4, 4]",0.5,False,1.13258827,0.2431987,0.94898032,True
45,1,22,P3,0.07696179,0.07232235,0.12642196,0.5,0.5,"[4, 4]",0.5,False,1.13258827,0.2431987,0.94898032,True
45,1,23,P4,0.07545706,-0.035235,0.08711574,0.5,0.5,"[4, 4]",0.5,False,1.13258827,0.2431987,0.94898032,True
45,1,24,T5,0.11583682,0.03034845,0.14016077,0.5,0.5,"[4, 4]",0.5,False,1.13258827,0.2431987,0.94898032,True
45,1,25,T6,0.07982738,-0.06881038,0.09816146,0.5,0.5,"[4, 4]",0.5,False,1.13258827,0.2431987,0.94898032,True
45,1,26,Oz,0.07744505,0.07744505,0.09076212,0.5,0.5,"[4, 4]",0.5,False,1.13258827,0.2431987,0.94898032,True
45,1,27,O1,0.08754475,-0.01051553,0.09373026,0.5,0.5,"[4, 4]",0.5,False,1.13258827,0.2431987,0.94898032,True
45,1,28,O2,0.13252425,0.05917793,0.15375932,0.5,0.5,"[4, 4]",0.5,False,1.13258827,0.2431987,0.94898032,True
45,2,0,Fp1,0.09571782,-0.09571782,0.11945492,0.5,0.5,"[4, 4]",0.5,False,0.41523341,0.0701362,0.34791843,True
45,2,1,Fp2,0.06075116,0.05987344,0.08727553,0.5,0.5,"[4, 4]",0.5,False,0.41523341,0.0701362,0.34791843,True
45,2,2,Fz,0.12939201,-0.12939201,0.14218557,0.5,0.5,"[4, 4]",0.5,False,0.41523341,0.0701362,0.34791843,True
45,2,3,F3,0.07908683,0.02195196,0.09047471,0.5,0.5,"[4, 4]",0.5,False,0.41523341,0.0701362,0.34791843,True
45,2,4,F4,0.11390655,0.02066334,0.1277741,0.5,0.5,"[4, 4]",0.5,False,0.41523341,0.0701362,0.34791843,True
45,2,5,F7,0.0816085,0.06832165,0.09161075,0.5,0.5,"[4, 4]",0.5,False,0.41523341,0.0701362,0.34791843,True
45,2,6,F8,0.09903219,-0.0636616,0.10212674,0.5,0.5,"[4, 4]",0.5,False,0.41523341,0.0701362,0.34791843,True
45,2,7,FCz,0.08484927,0.05627638,0.09292504,0.5,0.5,"[4, 4]",0.5,False,0.41523341,0.0701362,0.34791843,True
45,2,8,FC3,0.02013243,-0.00789794,0.02411955,0.5,0.5,"[4, 4]",0.5,False,0.41523341,0.0701362,0.34791843,True
45,2,9,FC4,0.03901085,-0.03361636,0.05721462,0.5,0.5,"[4, 4]",0.5,False,0.41523341,0.0701362,0.34791843,True
45,2,10,FT7,0.09306541,-0.03203497,0.10547303,0.5,0.5,"[4, 4]",0.5,False,0.41523341,0.0701362,0.34791843,True
45,2,11,FT8,0.09104039,0.02033312,0.09938116,0.5,0.5,"[4, 4]",0.5,False,0.41523341,0.0701362,0.34791843,True
45,2,12,Cz,0.07725486,0.06782591,0.10145279,0.5,0.5,"[4, 4]",0.5,False,0.41523341,0.0701362,0.34791843,True
45,2,13,C3,0.14032115,0.07678404,0.14618707,0.5,0.5,"[4, 4]",0.5,False,0.41523341,0.0701362,0.34791843,True
45,2,14,C4,0.091317,-0.07120842,0.0977561,0.5,0.5,"[4, 4]",0.5,False,0.41523341,0.0701362,0.34791843,True
45,2,15,T3,0.11737561,0.11737561,0.12455935,0.5,0.5,"[4, 4]",0.5,False,0.41523341,0.0701362,0.34791843,True
45,2,16,T4,0.11333915,0.00266945,0.13085131,0.5,0.5,"[4, 4]",0.5,False,0.41523341,0.0701362,0.34791843,True
45,2,17,CP3,0.09675232,0.01630902,0.11244902,0.5,0.5,"[4, 4]",0.5,False,0.41523341,0.0701362,0.34791843,True
45,2,18,CP4,0.11092418,0.06554988,0.11924565,0.5,0.5,"[4, 4]",0.5,False,0.41523341,0.0701362,0.34791843,True
45,2,19,TP7,0.11405107,-0.01867308,0.12405878,0.5,0.5,"[4, 4]",0.5,False,0.41523341,0.0701362,0.34791843,True
45,2,20,TP8,0.06487499,-0.0380996,0.0739502,0.5,0.5,"[4, 4]",0.5,False,0.41523341,0.0701362,0.34791843,True
45,2,21,Pz,0.15254921,-0.03306587,0.15804397,0.5,0.5,"[4, 4]",0.5,False,0.41523341,0.0701362,0.34791843,True
45,2,22,P3,0.08372436,0.08372436,0.09487174,0.5,0.5,"[4, 4]",0.5,False,0.41523341,0.0701362,0.34791843,True
45,2,23,P4,0.06994087,-0.06095878,0.07916989,0.5,0.5,"[4, 4]",0.5,False,0.41523341,0.0701362,0.34791843,True
45,2,24,T5,0.15033194,0.11942377,0.16217054,0.5,0.5,"[4, 4]",0.5,False,0.41523341,0.0701362,0.34791843,True
45,2,25,T6,0.09004789,-0.04868557,0.09295277,0.5,0.5,"[4, 4]",0.5,False,0.41523341,0.0701362,0.34791843,True
45,2,26,Oz,0.11538364,0.06923964,0.11649498,0.5,0.5,"[4, 4]",0.5,False,0.41523341,0.0701362,0.34791843,True
45,2,27,O1,0.11485165,0.05268361,0.12666899,0.5,0.5,"[4, 4]",0.5,False,0.41523341,0.0701362,0.34791843,True
45,2,28,O2,0.14996587,0.02757577,0.15271099,0.5,0.5,"[4, 4]",0.5,False,0.41523341,0.0701362,0.34791843,True
45,3,0,Fp1,0.06157428,-0.05342847,0.08420822,0.75,0.75,"[6, 2]",0.75,False,0.54077832,0.10360569,0.4531108,True
45,3,1,Fp2,0.07658307,0.06421329,0.09232173,0.75,0.75,"[6, 2]",0.75,False,0.54077832,0.10360569,0.4531108,True
45,3,2,Fz,0.12868983,-0.12868983,0.13670903,0.75,0.75,"[6, 2]",0.75,False,0.54077832,0.10360569,0.4531108,True
45,3,3,F3,0.06356585,0.03036286,0.06890816,0.75,0.75,"[6, 2]",0.75,False,0.54077832,0.10360569,0.4531108,True
45,3,4,F4,0.1146159,0.00037796,0.13541186,0.75,0.75,"[6, 2]",0.75,False,0.54077832,0.10360569,0.4531108,True
45,3,5,F7,0.11810737,0.11810737,0.1338058,0.75,0.75,"[6, 2]",0.75,False,0.54077832,0.10360569,0.4531108,True
45,3,6,F8,0.10156943,-0.10156943,0.11934151,0.75,0.75,"[6, 2]",0.75,False,0.54077832,0.10360569,0.4531108,True
45,3,7,FCz,0.10822672,0.07940637,0.12926514,0.75,0.75,"[6, 2]",0.75,False,0.54077832,0.10360569,0.4531108,True
45,3,8,FC3,0.04839972,0.00327711,0.05970497,0.75,0.75,"[6, 2]",0.75,False,0.54077832,0.10360569,0.4531108,True
45,3,9,FC4,0.07620607,-0.07620607,0.08941167,0.75,0.75,"[6, 2]",0.75,False,0.54077832,0.10360569,0.4531108,True
45,3,10,FT7,0.09417796,-0.03510827,0.0962501,0.75,0.75,"[6, 2]",0.75,False,0.54077832,0.10360569,0.4531108,True
45,3,11,FT8,0.0800872,-0.03136428,0.100219,0.75,0.75,"[6, 2]",0.75,False,0.54077832,0.10360569,0.4531108,True
45,3,12,Cz,0.06711394,0.06711394,0.08782737,0.75,0.75,"[6, 2]",0.75,False,0.54077832,0.10360569,0.4531108,True
45,3,13,C3,0.1544148,0.09532925,0.15960251,0.75,0.75,"[6, 2]",0.75,False,0.54077832,0.10360569,0.4531108,True
45,3,14,C4,0.09094147,-0.09094147,0.11451268,0.75,0.75,"[6, 2]",0.75,False,0.54077832,0.10360569,0.4531108,True
45,3,15,T3,0.1120173,0.1120173,0.13200949,0.75,0.75,"[6, 2]",0.75,False,0.54077832,0.10360569,0.4531108,True
45,3,16,T4,0.09238342,0.05372856,0.10884545,0.75,0.75,"[6, 2]",0.75,False,0.54077832,0.10360569,0.4531108,True
45,3,17,CP3,0.12224631,0.07929264,0.13635825,0.75,0.75,"[6, 2]",0.75,False,0.54077832,0.10360569,0.4531108,True
45,3,18,CP4,0.0773663,-0.01347622,0.09523345,0.75,0.75,"[6, 2]",0.75,False,0.54077832,0.10360569,0.4531108,True
45,3,19,TP7,0.05127393,-0.02197157,0.07449213,0.75,0.75,"[6, 2]",0.75,False,0.54077832,0.10360569,0.4531108,True
45,3,20,TP8,0.12726824,-0.07526041,0.14856435,0.75,0.75,"[6, 2]",0.75,False,0.54077832,0.10360569,0.4531108,True
45,3,21,Pz,0.14895476,0.01738048,0.15401486,0.75,0.75,"[6, 2]",0.75,False,0.54077832,0.10360569,0.4531108,True
45,3,22,P3,0.11449809,0.11449809,0.13335606,0.75,0.75,"[6, 2]",0.75,False,0.54077832,0.10360569,0.4531108,True
45,3,23,P4,0.07710357,-0.06249576,0.10201514,0.75,0.75,"[6, 2]",0.75,False,0.54077832,0.10360569,0.4531108,True
45,3,24,T5,0.12372814,0.06978285,0.1413486,0.75,0.75,"[6, 2]",0.75,False,0.54077832,0.10360569,0.4531108,True
45,3,25,T6,0.109302,-0.109302,0.12066521,0.75,0.75,"[6, 2]",0.75,False,0.54077832,0.10360569,0.4531108,True
45,3,26,Oz,0.10809408,0.04204994,0.10996122,0.75,0.75,"[6, 2]",0.75,False,0.54077832,0.10360569,0.4531108,True
45,3,27,O1,0.07020442,0.0122937,0.08105715,0.75,0.75,"[6, 2]",0.75,False,0.54077832,0.10360569,0.4531108,True
45,3,28,O2,0.13874859,0.03427529,0.14343508,0.75,0.75,"[6, 2]",0.75,False,0.54077832,0.10360569,0.4531108,True
45,4,0,Fp1,0.02277126,-0.01064816,0.02947118,0.875,0.875,"[3, 5]",0.625,False,1.13776163,0.24259594,0.95331501,True
45,4,1,Fp2,0.0377878,0.02792846,0.04724895,0.875,0.875,"[3, 5]",0.625,False,1.13776163,0.24259594,0.95331501,True
45,4,2,Fz,0.0830836,-0.06999857,0.11630307,0.875,0.875,"[3, 5]",0.625,False,1.13776163,0.24259594,0.95331501,True
45,4,3,F3,0.09088502,0.07811169,0.12155934,0.875,0.875,"[3, 5]",0.625,False,1.13776163,0.24259594,0.95331501,True
45,4,4,F4,0.1290549,-0.04696099,0.14891648,0.875,0.875,"[3, 5]",0.625,False,1.13776163,0.24259594,0.95331501,True
45,4,5,F7,0.0708353,0.03117397,0.09010474,0.875,0.875,"[3, 5]",0.625,False,1.13776163,0.24259594,0.95331501,True
45,4,6,F8,0.14366367,-0.09255539,0.17211094,0.875,0.875,"[3, 5]",0.625,False,1.13776163,0.24259594,0.95331501,True
45,4,7,FCz,0.09015822,0.02994957,0.10548519,0.875,0.875,"[3, 5]",0.625,False,1.13776163,0.24259594,0.95331501,True
45,4,8,FC3,0.06087617,-0.04247606,0.06376019,0.875,0.875,"[3, 5]",0.625,False,1.13776163,0.24259594,0.95331501,True
45,4,9,FC4,0.05593053,-0.01808784,0.06485081,0.875,0.875,"[3, 5]",0.625,False,1.13776163,0.24259594,0.95331501,True
45,4,10,FT7,0.12780672,-0.04140261,0.13977911,0.875,0.875,"[3, 5]",0.625,False,1.13776163,0.24259594,0.95331501,True
45,4,11,FT8,0.06151238,0.02009445,0.06981827,0.875,0.875,"[3, 5]",0.625,False,1.13776163,0.24259594,0.95331501,True
45,4,12,Cz,0.01931185,-0.01111671,0.02316812,0.875,0.875,"[3, 5]",0.625,False,1.13776163,0.24259594,0.95331501,True
45,4,13,C3,0.13402231,0.07462327,0.14320141,0.875,0.875,"[3, 5]",0.625,False,1.13776163,0.24259594,0.95331501,True
45,4,14,C4,0.11134849,-0.07234129,0.13442409,0.875,0.875,"[3, 5]",0.625,False,1.13776163,0.24259594,0.95331501,True
45,4,15,T3,0.14589947,0.14589947,0.15670881,0.875,0.875,"[3, 5]",0.625,False,1.13776163,0.24259594,0.95331501,True
45,4,16,T4,0.09631957,0.07584712,0.11043551,0.875,0.875,"[3, 5]",0.625,False,1.13776163,0.24259594,0.95331501,True
45,4,17,CP3,0.09352593,0.01723262,0.11375991,0.875,0.875,"[3, 5]",0.625,False,1.13776163,0.24259594,0.95331501,True
45,4,18,CP4,0.20980079,-0.05466583,0.2301247,0.875,0.875,"[3, 5]",0.625,False,1.13776163,0.24259594,0.95331501,True
45,4,19,TP7,0.05442942,0.01315288,0.0608828,0.875,0.875,"[3, 5]",0.625,False,1.13776163,0.24259594,0.95331501,True
45,4,20,TP8,0.08328844,-0.05123787,0.08605735,0.875,0.875,"[3, 5]",0.625,False,1.13776163,0.24259594,0.95331501,True
45,4,21,Pz,0.08814797,0.08814797,0.16380715,0.875,0.875,"[3, 5]",0.625,False,1.13776163,0.24259594,0.95331501,True
45,4,22,P3,0.12303442,-0.0262098,0.13171965,0.875,0.875,"[3, 5]",0.625,False,1.13776163,0.24259594,0.95331501,True
45,4,23,P4,0.04822064,-0.00890613,0.05835277,0.875,0.875,"[3, 5]",0.625,False,1.13776163,0.24259594,0.95331501,True
45,4,24,T5,0.12489092,0.07024746,0.14343156,0.875,0.875,"[3, 5]",0.625,False,1.13776163,0.24259594,0.95331501,True
45,4,25,T6,0.06692038,-0.03441333,0.07012215,0.875,0.875,"[3, 5]",0.625,False,1.13776163,0.24259594,0.95331501,True
45,4,26,Oz,0.07487553,0.0676759,0.09668093,0.875,0.875,"[3, 5]",0.625,False,1.13776163,0.24259594,0.95331501,True
45,4,27,O1,0.08121283,-0.071265,0.09069284,0.875,0.875,"[3, 5]",0.625,False,1.13776163,0.24259594,0.95331501,True
45,4,28,O2,0.09663917,0.02765888,0.10917136,0.875,0.875,"[3, 5]",0.625,False,1.13776163,0.24259594,0.95331501,True
45,5,0,Fp1,0.05235451,-0.02361112,0.05844212,0.375,0.375,"[7, 1]",0.875,False,0.72083088,0.13760871,0.60397439,True
45,5,1,Fp2,0.04672295,0.04260886,0.06017449,0.375,0.375,"[7, 1]",0.875,False,0.72083088,0.13760871,0.60397439,True
45,5,2,Fz,0.17463787,-0.17463787,0.18252413,0.375,0.375,"[7, 1]",0.875,False,0.72083088,0.13760871,0.60397439,True
45,5,3,F3,0.10130443,0.04321624,0.11680755,0.375,0.375,"[7, 1]",0.875,False,0.72083088,0.13760871,0.60397439,True
45,5,4,F4,0.11098074,0.05392516,0.11706043,0.375,0.375,"[7, 1]",0.875,False,0.72083088,0.13760871,0.60397439,True
45,5,5,F7,0.07139231,0.03707505,0.08278018,0.375,0.375,"[7, 1]",0.875,False,0.72083088,0.13760871,0.60397439,True
45,5,6,F8,0.11884957,-0.09883249,0.127463,0.375,0.375,"[7, 1]",0.875,False,0.72083088,0.13760871,0.60397439,True
45,5,7,FCz,0.07083272,0.0445139,0.09001867,0.375,0.375,"[7, 1]",0.875,False,0.72083088,0.13760871,0.60397439,True
45,5,8,FC3,0.06334683,0.03257721,0.06543772,0.375,0.375,"[7, 1]",0.875,False,0.72083088,0.13760871,0.60397439,True
45,5,9,FC4,0.06907628,-0.06907628,0.08161749,0.375,0.375,"[7, 1]",0.875,False,0.72083088,0.13760871,0.60397439,True
45,5,10,FT7,0.0903492,-0.04649169,0.10708242,0.375,0.375,"[7, 1]",0.875,False,0.72083088,0.13760871,0.60397439,True
45,5,11,FT8,0.04811787,-0.01083566,0.05285322,0.375,0.375,"[7, 1]",0.875,False,0.72083088,0.13760871,0.60397439,True
45,5,12,Cz,0.06834584,0.04237214,0.09241738,0.375,0.375,"[7, 1]",0.875,False,0.72083088,0.13760871,0.60397439,True
45,5,13,C3,0.17626368,0.13157806,0.1845092,0.375,0.375,"[7, 1]",0.875,False,0.72083088,0.13760871,0.60397439,True
45,5,14,C4,0.07757534,-0.06323797,0.08814222,0.375,0.375,"[7, 1]",0.875,False,0.72083088,0.13760871,0.60397439,True
45,5,15,T3,0.08904347,0.08904347,0.10616948,0.375,0.375,"[7, 1]",0.875,False,0.72083088,0.13760871,0.60397439,True
45,5,16,T4,0.12801357,0.00819249,0.15211277,0.375,0.375,"[7, 1]",0.875,False,0.72083088,0.13760871,0.60397439,True
45,5,17,CP3,0.06889815,0.01014283,0.0808086,0.375,0.375,"[7, 1]",0.875,False,0.72083088,0.13760871,0.60397439,True
45,5,18,CP4,0.11858103,0.04692502,0.12074386,0.375,0.375,"[7, 1]",0.875,False,0.72083088,0.13760871,0.60397439,True
45,5,19,TP7,0.10322902,0.02298709,0.11297658,0.375,0.375,"[7, 1]",0.875,False,0.72083088,0.13760871,0.60397439,True
45,5,20,TP8,0.0682655,-0.040184,0.07498428,0.375,0.375,"[7, 1]",0.875,False,0.72083088,0.13760871,0.60397439,True
45,5,21,Pz,0.12269108,-0.03410111,0.13223605,0.375,0.375,"[7, 1]",0.875,False,0.72083088,0.13760871,0.60397439,True
45,5,22,P3,0.05758371,0.04051767,0.08567932,0.375,0.375,"[7, 1]",0.875,False,0.72083088,0.13760871,0.60397439,True
45,5,23,P4,0.10537355,-0.10537355,0.11579822,0.375,0.375,"[7, 1]",0.875,False,0.72083088,0.13760871,0.60397439,True
45,5,24,T5,0.19449113,0.15613641,0.20931078,0.375,0.375,"[7, 1]",0.875,False,0.72083088,0.13760871,0.60397439,True
45,5,25,T6,0.08706819,-0.08706819,0.105258,0.375,0.375,"[7, 1]",0.875,False,0.72083088,0.13760871,0.60397439,True
45,5,26,Oz,0.12834063,0.08422805,0.14114001,0.375,0.375,"[7, 1]",0.875,False,0.72083088,0.13760871,0.60397439,True
45,5,27,O1,0.09700403,0.02053249,0.1297738,0.375,0.375,"[7, 1]",0.875,False,0.72083088,0.13760871,0.60397439,True
45,5,28,O2,0.11783487,0.0373605,0.12381585,0.375,0.375,"[7, 1]",0.875,False,0.72083088,0.13760871,0.60397439,True
46,1,0,Fp1,0.10362265,-0.03996968,0.11310355,0.625,0.625,"[5, 3]",0.625,False,1.00377147,0.22590228,0.84104647,True
46,1,1,Fp2,0.06288851,0.06288851,0.07410779,0.625,0.625,"[5, 3]",0.625,False,1.00377147,0.22590228,0.84104647,True
46,1,2,Fz,0.08635607,-0.07424881,0.10334831,0.625,0.625,"[5, 3]",0.625,False,1.00377147,0.22590228,0.84104647,True
46,1,3,F3,0.12906735,0.12906735,0.13266948,0.625,0.625,"[5, 3]",0.625,False,1.00377147,0.22590228,0.84104647,True
46,1,4,F4,0.03858072,-0.00975895,0.04475708,0.625,0.625,"[5, 3]",0.625,False,1.00377147,0.22590228,0.84104647,True
46,1,5,F7,0.04417307,0.04417307,0.04702271,0.625,0.625,"[5, 3]",0.625,False,1.00377147,0.22590228,0.84104647,True
46,1,6,F8,0.0707694,0.02758233,0.07843442,0.625,0.625,"[5, 3]",0.625,False,1.00377147,0.22590228,0.84104647,True
46,1,7,FCz,0.09124614,0.09124614,0.09443312,0.625,0.625,"[5, 3]",0.625,False,1.00377147,0.22590228,0.84104647,True
46,1,8,FC3,0.12442932,-0.05412259,0.12608734,0.625,0.625,"[5, 3]",0.625,False,1.00377147,0.22590228,0.84104647,True
46,1,9,FC4,0.11271098,-0.03205151,0.12345074,0.625,0.625,"[5, 3]",0.625,False,1.00377147,0.22590228,0.84104647,True
46,1,10,FT7,0.1176796,-0.1176796,0.12126314,0.625,0.625,"[5, 3]",0.625,False,1.00377147,0.22590228,0.84104647,True
46,1,11,FT8,0.10231942,-0.04616721,0.12417882,0.625,0.625,"[5, 3]",0.625,False,1.00377147,0.22590228,0.84104647,True
46,1,12,Cz,0.04734169,0.0315913,0.06039594,0.625,0.625,"[5, 3]",0.625,False,1.00377147,0.22590228,0.84104647,True
46,1,13,C3,0.07176054,-0.03609104,0.08337562,0.625,0.625,"[5, 3]",0.625,False,1.00377147,0.22590228,0.84104647,True
46,1,14,C4,0.07049662,-0.01578051,0.08001858,0.625,0.625,"[5, 3]",0.625,False,1.00377147,0.22590228,0.84104647,True
46,1,15,T3,0.16947293,0.16947293,0.19376057,0.625,0.625,"[5, 3]",0.625,False,1.00377147,0.22590228,0.84104647,True
46,1,16,T4,0.0625461,0.01053419,0.0655947,0.625,0.625,"[5, 3]",0.625,False,1.00377147,0.22590228,0.84104647,True
46,1,17,CP3,0.14580959,-0.0994864,0.17913014,0.625,0.625,"[5, 3]",0.625,False,1.00377147,0.22590228,0.84104647,True
46,1,18,CP4,0.09016401,0.00784921,0.11287455,0.625,0.625,"[5, 3]",0.625,False,1.00377147,0.22590228,0.84104647,True
46,1,19,TP7,0.07664803,-0.05180369,0.0936154,0.625,0.625,"[5, 3]",0.625,False,1.00377147,0.22590228,0.84104647,True
46,1,20,TP8,0.15443769,-0.12569511,0.17400371,0.625,0.625,"[5, 3]",0.625,False,1.00377147,0.22590228,0.84104647,True
46,1,21,Pz,0.08859111,0.05487752,0.10545174,0.625,0.625,"[5, 3]",0.625,False,1.00377147,0.22590228,0.84104647,True
46,1,22,P3,0.19249652,0.15324149,0.20888792,0.625,0.625,"[5, 3]",0.625,False,1.00377147,0.22590228,0.84104647,True
46,1,23,P4,0.03583859,-0.02481124,0.04667522,0.625,0.625,"[5, 3]",0.625,False,1.00377147,0.22590228,0.84104647,True
46,1,24,T5,0.05932888,-0.02227474,0.07000838,0.625,0.625,"[5, 3]",0.625,False,1.00377147,0.22590228,0.84104647,True
46,1,25,T6,0.05252779,0.04548012,0.0607526,0.625,0.625,"[5, 3]",0.625,False,1.00377147,0.22590228,0.84104647,True
46,1,26,Oz,0.09575155,0.04386612,0.11310675,0.625,0.625,"[5, 3]",0.625,False,1.00377147,0.22590228,0.84104647,True
46,1,27,O1,0.09195326,0.02927027,0.10309666,0.625,0.625,"[5, 3]",0.625,False,1.00377147,0.22590228,0.84104647,True
46,1,28,O2,0.10413355,0.01100707,0.12629116,0.625,0.625,"[5, 3]",0.625,False,1.00377147,0.22590228,0.84104647,True
46,2,0,Fp1,0.11009984,-0.09589118,0.12271408,0.5,0.5,"[0, 8]",1.0,True,0.00520858,0.00060041,0.0043642,True
46,2,1,Fp2,0.07754178,0.06132719,0.09536114,0.5,0.5,"[0, 8]",1.0,True,0.00520858,0.00060041,0.0043642,True
46,2,2,Fz,0.10406304,-0.09850923,0.11753833,0.5,0.5,"[0, 8]",1.0,True,0.00520858,0.00060041,0.0043642,True
46,2,3,F3,0.08763397,0.02747113,0.09453089,0.5,0.5,"[0, 8]",1.0,True,0.00520858,0.00060041,0.0043642,True
46,2,4,F4,0.0975103,0.01274687,0.10756771,0.5,0.5,"[0, 8]",1.0,True,0.00520858,0.00060041,0.0043642,True
46,2,5,F7,0.08375861,0.08140269,0.09732378,0.5,0.5,"[0, 8]",1.0,True,0.00520858,0.00060041,0.0043642,True
46,2,6,F8,0.07718144,-0.02862913,0.07824659,0.5,0.5,"[0, 8]",1.0,True,0.00520858,0.00060041,0.0043642,True
46,2,7,FCz,0.09873636,0.09873636,0.11404112,0.5,0.5,"[0, 8]",1.0,True,0.00520858,0.00060041,0.0043642,True
46,2,8,FC3,0.0311368,0.00586879,0.0377371,0.5,0.5,"[0, 8]",1.0,True,0.00520858,0.00060041,0.0043642,True
46,2,9,FC4,0.05808669,-0.05808669,0.07611871,0.5,0.5,"[0, 8]",1.0,True,0.00520858,0.00060041,0.0043642,True
46,2,10,FT7,0.09052952,-0.05804473,0.10386922,0.5,0.5,"[0, 8]",1.0,True,0.00520858,0.00060041,0.0043642,True
46,2,11,FT8,0.08008806,-0.00296223,0.09715461,0.5,0.5,"[0, 8]",1.0,True,0.00520858,0.00060041,0.0043642,True
46,2,12,Cz,0.07702367,0.07537489,0.09253481,0.5,0.5,"[0, 8]",1.0,True,0.00520858,0.00060041,0.0043642,True
46,2,13,C3,0.11496566,0.07195874,0.11709823,0.5,0.5,"[0, 8]",1.0,True,0.00520858,0.00060041,0.0043642,True
46,2,14,C4,0.08564597,-0.07541481,0.09616952,0.5,0.5,"[0, 8]",1.0,True,0.00520858,0.00060041,0.0043642,True
46,2,15,T3,0.12672022,0.12672022,0.13194257,0.5,0.5,"[0, 8]",1.0,True,0.00520858,0.00060041,0.0043642,True
46,2,16,T4,0.12208854,0.01387594,0.13457182,0.5,0.5,"[0, 8]",1.0,True,0.00520858,0.00060041,0.0043642,True
46,2,17,CP3,0.1209439,0.03279289,0.13914391,0.5,0.5,"[0, 8]",1.0,True,0.00520858,0.00060041,0.0043642,True
46,2,18,CP4,0.11076131,0.03445005,0.12739614,0.5,0.5,"[0, 8]",1.0,True,0.00520858,0.00060041,0.0043642,True
46,2,19,TP7,0.08445103,-0.01905109,0.09453201,0.5,0.5,"[0, 8]",1.0,True,0.00520858,0.00060041,0.0043642,True
46,2,20,TP8,0.08885092,-0.05907703,0.10787713,0.5,0.5,"[0, 8]",1.0,True,0.00520858,0.00060041,0.0043642,True
46,2,21,Pz,0.15321478,0.00654411,0.1533905,0.5,0.5,"[0, 8]",1.0,True,0.00520858,0.00060041,0.0043642,True
46,2,22,P3,0.10828131,0.10828131,0.11746001,0.5,0.5,"[0, 8]",1.0,True,0.00520858,0.00060041,0.0043642,True
46,2,23,P4,0.10513167,-0.09303853,0.11700698,0.5,0.5,"[0, 8]",1.0,True,0.00520858,0.00060041,0.0043642,True
46,2,24,T5,0.10498589,0.07299326,0.11434701,0.5,0.5,"[0, 8]",1.0,True,0.00520858,0.00060041,0.0043642,True
46,2,25,T6,0.08125307,-0.06226005,0.09257691,0.5,0.5,"[0, 8]",1.0,True,0.00520858,0.00060041,0.0043642,True
46,2,26,Oz,0.07735085,0.04229039,0.07971446,0.5,0.5,"[0, 8]",1.0,True,0.00520858,0.00060041,0.0043642,True
46,2,27,O1,0.12183047,0.05593994,0.13223565,0.5,0.5,"[0, 8]",1.0,True,0.00520858,0.00060041,0.0043642,True
46,2,28,O2,0.14413573,-0.02363095,0.14688294,0.5,0.5,"[0, 8]",1.0,True,0.00520858,0.00060041,0.0043642,True
46,3,0,Fp1,0.08939682,-0.01931317,0.09894656,0.5,0.5,"[6, 2]",0.75,False,1.08764979,0.22968152,0.91132697,True
46,3,1,Fp2,0.09173445,0.04141153,0.09798335,0.5,0.5,"[6, 2]",0.75,False,1.08764979,0.22968152,0.91132697,True
46,3,2,Fz,0.05481961,-0.04269065,0.07583833,0.5,0.5,"[6, 2]",0.75,False,1.08764979,0.22968152,0.91132697,True
46,3,3,F3,0.06929961,0.0542498,0.0731443,0.5,0.5,"[6, 2]",0.75,False,1.08764979,0.22968152,0.91132697,True
46,3,4,F4,0.08583347,-0.03955266,0.08876029,0.5,0.5,"[6, 2]",0.75,False,1.08764979,0.22968152,0.91132697,True
46,3,5,F7,0.07775675,0.07775675,0.08258615,0.5,0.5,"[6, 2]",0.75,False,1.08764979,0.22968152,0.91132697,True
46,3,6,F8,0.08556531,-0.03656884,0.11860238,0.5,0.5,"[6, 2]",0.75,False,1.08764979,0.22968152,0.91132697,True
46,3,7,FCz,0.05885952,0.04719017,0.06294436,0.5,0.5,"[6, 2]",0.75,False,1.08764979,0.22968152,0.91132697,True
46,3,8,FC3,0.06809647,0.00651762,0.08587683,0.5,0.5,"[6, 2]",0.75,False,1.08764979,0.22968152,0.91132697,True
46,3,9,FC4,0.10241958,-0.03693866,0.1234625,0.5,0.5,"[6, 2]",0.75,False,1.08764979,0.22968152,0.91132697,True
46,3,10,FT7,0.1666586,-0.1666586,0.1692916,0.5,0.5,"[6, 2]",0.75,False,1.08764979,0.22968152,0.91132697,True
46,3,11,FT8,0.13218796,-0.00032908,0.15924276,0.5,0.5,"[6, 2]",0.75,False,1.08764979,0.22968152,0.91132697,True
46,3,12,Cz,0.06884928,0.06884928,0.07412755,0.5,0.5,"[6, 2]",0.75,False,1.08764979,0.22968152,0.91132697,True
46,3,13,C3,0.04576231,0.01753116,0.06656791,0.5,0.5,"[6, 2]",0.75,False,1.08764979,0.22968152,0.91132697,True
46,3,14,C4,0.10939103,0.04972805,0.11311954,0.5,0.5,"[6, 2]",0.75,False,1.08764979,0.22968152,0.91132697,True
46,3,15,T3,0.14758725,0.14758725,0.17728508,0.5,0.5,"[6, 2]",0.75,False,1.08764979,0.22968152,0.91132697,True
46,3,16,T4,0.09585448,0.09585448,0.1099119,0.5,0.5,"[6, 2]",0.75,False,1.08764979,0.22968152,0.91132697,True
46,3,17,CP3,0.12639272,-0.07513296,0.16393119,0.5,0.5,"[6, 2]",0.75,False,1.08764979,0.22968152,0.91132697,True
46,3,18,CP4,0.05890422,-0.0228846,0.08469559,0.5,0.5,"[6, 2]",0.75,False,1.08764979,0.22968152,0.91132697,True
46,3,19,TP7,0.05683522,-0.02485271,0.05984804,0.5,0.5,"[6, 2]",0.75,False,1.08764979,0.22968152,0.91132697,True
46,3,20,TP8,0.19463909,-0.12145287,0.21106425,0.5,0.5,"[6, 2]",0.75,False,1.08764979,0.22968152,0.91132697,True
46,3,21,Pz,0.07304953,0.0695238,0.09513338,0.5,0.5,"[6, 2]",0.75,False,1.08764979,0.22968152,0.91132697,True
46,3,22,P3,0.13888821,0.0575809,0.15601076,0.5,0.5,"[6, 2]",0.75,False,1.08764979,0.22968152,0.91132697,True
46,3,23,P4,0.09309278,-0.09290271,0.12009852,0.5,0.5,"[6, 2]",0.75,False,1.08764979,0.22968152,0.91132697,True
46,3,24,T5,0.06977052,-0.02889121,0.07882988,0.5,0.5,"[6, 2]",0.75,False,1.08764979,0.22968152,0.91132697,True
46,3,25,T6,0.04962567,0.01208157,0.05722291,0.5,0.5,"[6, 2]",0.75,False,1.08764979,0.22968152,0.91132697,True
46,3,26,Oz,0.07035282,0.03836165,0.08031476,0.5,0.5,"[6, 2]",0.75,False,1.08764979,0.22968152,0.91132697,True
46,3,27,O1,0.06635612,0.06635612,0.06673359,0.5,0.5,"[6, 2]",0.75,False,1.08764979,0.22968152,0.91132697,True
46,3,28,O2,0.11399388,0.04303834,0.12944898,0.5,0.5,"[6, 2]",0.75,False,1.08764979,0.22968152,0.91132697,True
46,4,0,Fp1,0.09348862,0.01232522,0.10086759,0.875,0.875,"[3, 5]",0.625,False,0.8958515,0.25250686,0.75062179,True
46,4,1,Fp2,0.06259114,0.03045357,0.07587166,0.875,0.875,"[3, 5]",0.625,False,0.8958515,0.25250686,0.75062179,True
46,4,2,Fz,0.05341437,-0.00170317,0.07022703,0.875,0.875,"[3, 5]",0.625,False,0.8958515,0.25250686,0.75062179,True
46,4,3,F3,0.04540848,-0.00969913,0.04917051,0.875,0.875,"[3, 5]",0.625,False,0.8958515,0.25250686,0.75062179,True
46,4,4,F4,0.03278389,0.02767101,0.03660458,0.875,0.875,"[3, 5]",0.625,False,0.8958515,0.25250686,0.75062179,True
46,4,5,F7,0.10325327,0.08354808,0.12928551,0.875,0.875,"[3, 5]",0.625,False,0.8958515,0.25250686,0.75062179,True
46,4,6,F8,0.06097531,-0.03765738,0.07782529,0.875,0.875,"[3, 5]",0.625,False,0.8958515,0.25250686,0.75062179,True
46,4,7,FCz,0.06542286,-0.01444237,0.07028703,0.875,0.875,"[3, 5]",0.625,False,0.8958515,0.25250686,0.75062179,True
46,4,8,FC3,0.02376657,0.01301222,0.03478004,0.875,0.875,"[3, 5]",0.625,False,0.8958515,0.25250686,0.75062179,True
46,4,9,FC4,0.0418031,-0.0071734,0.05561864,0.875,0.875,"[3, 5]",0.625,False,0.8958515,0.25250686,0.75062179,True
46,4,10,FT7,0.15926592,-0.15926592,0.17779283,0.875,0.875,"[3, 5]",0.625,False,0.8958515,0.25250686,0.75062179,True
46,4,11,FT8,0.08456133,-0.02090732,0.09544021,0.875,0.875,"[3, 5]",0.625,False,0.8958515,0.25250686,0.75062179,True
46,4,12,Cz,0.11022947,0.11022947,0.11859535,0.875,0.875,"[3, 5]",0.625,False,0.8958515,0.25250686,0.75062179,True
46,4,13,C3,0.07900816,0.00796935,0.09905409,0.875,0.875,"[3, 5]",0.625,False,0.8958515,0.25250686,0.75062179,True
46,4,14,C4,0.12275267,-0.12275267,0.14608382,0.875,0.875,"[3, 5]",0.625,False,0.8958515,0.25250686,0.75062179,True
46,4,15,T3,0.15486339,0.15486339,0.18560234,0.875,0.875,"[3, 5]",0.625,False,0.8958515,0.25250686,0.75062179,True
46,4,16,T4,0.06590834,-0.00283791,0.08113196,0.875,0.875,"[3, 5]",0.625,False,0.8958515,0.25250686,0.75062179,True
46,4,17,CP3,0.16024956,-0.08248149,0.18812522,0.875,0.875,"[3, 5]",0.625,False,0.8958515,0.25250686,0.75062179,True
46,4,18,CP4,0.12679729,0.10050555,0.13932486,0.875,0.875,"[3, 5]",0.625,False,0.8958515,0.25250686,0.75062179,True
46,4,19,TP7,0.07188503,-0.07188503,0.08713768,0.875,0.875,"[3, 5]",0.625,False,0.8958515,0.25250686,0.75062179,True
46,4,20,TP8,0.10248353,-0.0659667,0.12712066,0.875,0.875,"[3, 5]",0.625,False,0.8958515,0.25250686,0.75062179,True
46,4,21,Pz,0.07837873,-0.02483424,0.08226621,0.875,0.875,"[3, 5]",0.625,False,0.8958515,0.25250686,0.75062179,True
46,4,22,P3,0.11886616,0.11886616,0.13650209,0.875,0.875,"[3, 5]",0.625,False,0.8958515,0.25250686,0.75062179,True
46,4,23,P4,0.03770755,-0.02705254,0.03982377,0.875,0.875,"[3, 5]",0.625,False,0.8958515,0.25250686,0.75062179,True
46,4,24,T5,0.04811948,0.02662244,0.05536696,0.875,0.875,"[3, 5]",0.625,False,0.8958515,0.25250686,0.75062179,True
46,4,25,T6,0.08535209,0.01246764,0.10286901,0.875,0.875,"[3, 5]",0.625,False,0.8958515,0.25250686,0.75062179,True
46,4,26,Oz,0.12809287,0.10920542,0.1414188,0.875,0.875,"[3, 5]",0.625,False,0.8958515,0.25250686,0.75062179,True
46,4,27,O1,0.15601195,0.0545529,0.16801946,0.875,0.875,"[3, 5]",0.625,False,0.8958515,0.25250686,0.75062179,True
46,4,28,O2,0.10756364,0.01563152,0.1179506,0.875,0.875,"[3, 5]",0.625,False,0.8958515,0.25250686,0.75062179,True
46,5,0,Fp1,0.07138558,0.02142444,0.07695969,0.75,0.75,"[4, 4]",0.5,False,1.16783401,0.31329066,0.97851224,True
46,5,1,Fp2,0.0687336,-0.00124682,0.07132443,0.75,0.75,"[4, 4]",0.5,False,1.16783401,0.31329066,0.97851224,True
46,5,2,Fz,0.07213134,0.02168008,0.08112478,0.75,0.75,"[4, 4]",0.5,False,1.16783401,0.31329066,0.97851224,True
46,5,3,F3,0.06151004,0.06151004,0.07306612,0.75,0.75,"[4, 4]",0.5,False,1.16783401,0.31329066,0.97851224,True
46,5,4,F4,0.09364496,0.00264494,0.09490013,0.75,0.75,"[4, 4]",0.5,False,1.16783401,0.31329066,0.97851224,True
46,5,5,F7,0.05707836,0.05707836,0.05777523,0.75,0.75,"[4, 4]",0.5,False,1.16783401,0.31329066,0.97851224,True
46,5,6,F8,0.10027823,-0.09444527,0.12280574,0.75,0.75,"[4, 4]",0.5,False,1.16783401,0.31329066,0.97851224,True
46,5,7,FCz,0.08086295,-0.08086295,0.09855107,0.75,0.75,"[4, 4]",0.5,False,1.16783401,0.31329066,0.97851224,True
46,5,8,FC3,0.0854388,-0.06008462,0.09453481,0.75,0.75,"[4, 4]",0.5,False,1.16783401,0.31329066,0.97851224,True
46,5,9,FC4,0.09335993,0.07157119,0.11681518,0.75,0.75,"[4, 4]",0.5,False,1.16783401,0.31329066,0.97851224,True
46,5,10,FT7,0.08975023,-0.08975023,0.09271809,0.75,0.75,"[4, 4]",0.5,False,1.16783401,0.31329066,0.97851224,True
46,5,11,FT8,0.05713916,0.02002742,0.06545655,0.75,0.75,"[4, 4]",0.5,False,1.16783401,0.31329066,0.97851224,True
46,5,12,Cz,0.15215938,0.15215938,0.1632473,0.75,0.75,"[4, 4]",0.5,False,1.16783401,0.31329066,0.97851224,True
46,5,13,C3,0.07382207,0.00277214,0.08742727,0.75,0.75,"[4, 4]",0.5,False,1.16783401,0.31329066,0.97851224,True
46,5,14,C4,0.05594748,0.01897086,0.06807558,0.75,0.75,"[4, 4]",0.5,False,1.16783401,0.31329066,0.97851224,True
46,5,15,T3,0.188039,0.17279617,0.21306716,0.75,0.75,"[4, 4]",0.5,False,1.16783401,0.31329066,0.97851224,True
46,5,16,T4,0.06080689,0.0240251,0.08293764,0.75,0.75,"[4, 4]",0.5,False,1.16783401,0.31329066,0.97851224,True
46,5,17,CP3,0.12503907,-0.10151815,0.17001702,0.75,0.75,"[4, 4]",0.5,False,1.16783401,0.31329066,0.97851224,True
46,5,18,CP4,0.07153822,0.03534104,0.07793784,0.75,0.75,"[4, 4]",0.5,False,1.16783401,0.31329066,0.97851224,True
46,5,19,TP7,0.06490578,-0.01134757,0.07616939,0.75,0.75,"[4, 4]",0.5,False,1.16783401,0.31329066,0.97851224,True
46,5,20,TP8,0.17266786,-0.17266786,0.19895674,0.75,0.75,"[4, 4]",0.5,False,1.16783401,0.31329066,0.97851224,True
46,5,21,Pz,0.11022557,0.01198285,0.1360139,0.75,0.75,"[4, 4]",0.5,False,1.16783401,0.31329066,0.97851224,True
46,5,22,P3,0.1572839,0.1572839,0.18658534,0.75,0.75,"[4, 4]",0.5,False,1.16783401,0.31329066,0.97851224,True
46,5,23,P4,0.06517805,-0.04270604,0.07123688,0.75,0.75,"[4, 4]",0.5,False,1.16783401,0.31329066,0.97851224,True
46,5,24,T5,0.08156773,-0.08156773,0.10723676,0.75,0.75,"[4, 4]",0.5,False,1.16783401,0.31329066,0.97851224,True
46,5,25,T6,0.09685911,0.05387367,0.11230367,0.75,0.75,"[4, 4]",0.5,False,1.16783401,0.31329066,0.97851224,True
46,5,26,Oz,0.06993397,-0.02364589,0.07570101,0.75,0.75,"[4, 4]",0.5,False,1.16783401,0.31329066,0.97851224,True
46,5,27,O1,0.12841319,0.12841319,0.13599846,0.75,0.75,"[4, 4]",0.5,False,1.16783401,0.31329066,0.97851224,True
46,5,28,O2,0.09092294,-0.01862845,0.10451228,0.75,0.75,"[4, 4]",0.5,False,1.16783401,0.31329066,0.97851224,True
47,1,0,Fp1,0.10995673,-0.0961512,0.12278918,0.5,0.5,"[0, 8]",1.0,True,0.00323099,0.00030001,0.00270721,True
47,1,1,Fp2,0.07750819,0.06116018,0.09508536,0.5,0.5,"[0, 8]",1.0,True,0.00323099,0.00030001,0.00270721,True
47,1,2,Fz,0.10400176,-0.09848149,0.11752756,0.5,0.5,"[0, 8]",1.0,True,0.00323099,0.00030001,0.00270721,True
47,1,3,F3,0.08777068,0.02741321,0.09465111,0.5,0.5,"[0, 8]",1.0,True,0.00323099,0.00030001,0.00270721,True
47,1,4,F4,0.09723285,0.01235003,0.10748134,0.5,0.5,"[0, 8]",1.0,True,0.00323099,0.00030001,0.00270721,True
47,1,5,F7,0.08425584,0.08167679,0.09781879,0.5,0.5,"[0, 8]",1.0,True,0.00323099,0.00030001,0.00270721,True
47,1,6,F8,0.07749207,-0.02935646,0.07847528,0.5,0.5,"[0, 8]",1.0,True,0.00323099,0.00030001,0.00270721,True
47,1,7,FCz,0.09878289,0.09878289,0.11416791,0.5,0.5,"[0, 8]",1.0,True,0.00323099,0.00030001,0.00270721,True
47,1,8,FC3,0.03114025,0.0060221,0.03788214,0.5,0.5,"[0, 8]",1.0,True,0.00323099,0.00030001,0.00270721,True
47,1,9,FC4,0.0580417,-0.0580417,0.07635437,0.5,0.5,"[0, 8]",1.0,True,0.00323099,0.00030001,0.00270721,True
47,1,10,FT7,0.0902698,-0.05792623,0.10379736,0.5,0.5,"[0, 8]",1.0,True,0.00323099,0.00030001,0.00270721,True
47,1,11,FT8,0.08009121,-0.00383778,0.09718216,0.5,0.5,"[0, 8]",1.0,True,0.00323099,0.00030001,0.00270721,True
47,1,12,Cz,0.07735223,0.07583365,0.09283859,0.5,0.5,"[0, 8]",1.0,True,0.00323099,0.00030001,0.00270721,True
47,1,13,C3,0.11538088,0.07251649,0.11755529,0.5,0.5,"[0, 8]",1.0,True,0.00323099,0.00030001,0.00270721,True
47,1,14,C4,0.08550489,-0.07482462,0.09586048,0.5,0.5,"[0, 8]",1.0,True,0.00323099,0.00030001,0.00270721,True
47,1,15,T3,0.12673479,0.12673479,0.13199672,0.5,0.5,"[0, 8]",1.0,True,0.00323099,0.00030001,0.00270721,True
47,1,16,T4,0.1219376,0.01346594,0.13434143,0.5,0.5,"[0, 8]",1.0,True,0.00323099,0.00030001,0.00270721,True
47,1,17,CP3,0.12112439,0.03324353,0.13959108,0.5,0.5,"[0, 8]",1.0,True,0.00323099,0.00030001,0.00270721,True
47,1,18,CP4,0.11108312,0.03480947,0.12765411,0.5,0.5,"[0, 8]",1.0,True,0.00323099,0.00030001,0.00270721,True
47,1,19,TP7,0.08427772,-0.01858149,0.09419104,0.5,0.5,"[0, 8]",1.0,True,0.00323099,0.00030001,0.00270721,True
47,1,20,TP8,0.08896947,-0.05916341,0.10804187,0.5,0.5,"[0, 8]",1.0,True,0.00323099,0.00030001,0.00270721,True
47,1,21,Pz,0.153189,0.0068824,0.15338312,0.5,0.5,"[0, 8]",1.0,True,0.00323099,0.00030001,0.00270721,True
47,1,22,P3,0.10845744,0.10845744,0.11764507,0.5,0.5,"[0, 8]",1.0,True,0.00323099,0.00030001,0.00270721,True
47,1,23,P4,0.10481341,-0.09286531,0.11674578,0.5,0.5,"[0, 8]",1.0,True,0.00323099,0.00030001,0.00270721,True
47,1,24,T5,0.10500555,0.07343882,0.11438474,0.5,0.5,"[0, 8]",1.0,True,0.00323099,0.00030001,0.00270721,True
47,1,25,T6,0.0811255,-0.06220653,0.09237818,0.5,0.5,"[0, 8]",1.0,True,0.00323099,0.00030001,0.00270721,True
47,1,26,Oz,0.07747075,0.04226758,0.0798762,0.5,0.5,"[0, 8]",1.0,True,0.00323099,0.00030001,0.00270721,True
47,1,27,O1,0.12186212,0.05593304,0.13229263,0.5,0.5,"[0, 8]",1.0,True,0.00323099,0.00030001,0.00270721,True
47,1,28,O2,0.14399138,-0.02353954,0.14670472,0.5,0.5,"[0, 8]",1.0,True,0.00323099,0.00030001,0.00270721,True
47,2,0,Fp1,0.11010674,-0.09600121,0.12282328,0.5,0.5,"[0, 8]",1.0,True,0.00323094,0.00030001,0.00270716,True
47,2,1,Fp2,0.07750818,0.06116018,0.09508536,0.5,0.5,"[0, 8]",1.0,True,0.00323094,0.00030001,0.00270716,True
47,2,2,Fz,0.10400175,-0.0984815,0.11752756,0.5,0.5,"[0, 8]",1.0,True,0.00323094,0.00030001,0.00270716,True
47,2,3,F3,0.08777068,0.02741321,0.09465111,0.5,0.5,"[0, 8]",1.0,True,0.00323094,0.00030001,0.00270716,True
47,2,4,F4,0.09738284,0.01250002,0.1076101,0.5,0.5,"[0, 8]",1.0,True,0.00323094,0.00030001,0.00270716,True
47,2,5,F7,0.08425586,0.08197675,0.09795298,0.5,0.5,"[0, 8]",1.0,True,0.00323094,0.00030001,0.00270716,True
47,2,6,F8,0.07719208,-0.02905646,0.07818673,0.5,0.5,"[0, 8]",1.0,True,0.00323094,0.00030001,0.00270716,True
47,2,7,FCz,0.09878289,0.09878289,0.11416791,0.5,0.5,"[0, 8]",1.0,True,0.00323094,0.00030001,0.00270716,True
47,2,8,FC3,0.03099027,0.00587212,0.03766772,0.5,0.5,"[0, 8]",1.0,True,0.00323094,0.00030001,0.00270716,True
47,2,9,FC4,0.05789175,-0.05789175,0.07611097,0.5,0.5,"[0, 8]",1.0,True,0.00323094,0.00030001,0.00270716,True
47,2,10,FT7,0.0902698,-0.05792623,0.10379737,0.5,0.5,"[0, 8]",1.0,True,0.00323094,0.00030001,0.00270716,True
47,2,11,FT8,0.08024119,-0.00368779,0.09738479,0.5,0.5,"[0, 8]",1.0,True,0.00323094,0.00030001,0.00270716,True
47,2,12,Cz,0.0772022,0.07568362,0.09273546,0.5,0.5,"[0, 8]",1.0,True,0.00323094,0.00030001,0.00270716,True
47,2,13,C3,0.11523096,0.07236655,0.11742348,0.5,0.5,"[0, 8]",1.0,True,0.00323094,0.00030001,0.00270716,True
47,2,14,C4,0.08550489,-0.07482462,0.09586048,0.5,0.5,"[0, 8]",1.0,True,0.00323094,0.00030001,0.00270716,True
47,2,15,T3,0.12673479,0.12673479,0.13199672,0.5,0.5,"[0, 8]",1.0,True,0.00323094,0.00030001,0.00270716,True
47,2,16,T4,0.1219376,0.01346595,0.13445248,0.5,0.5,"[0, 8]",1.0,True,0.00323094,0.00030001,0.00270716,True
47,2,17,CP3,0.12112439,0.03324353,0.13959107,0.5,0.5,"[0, 8]",1.0,True,0.00323094,0.00030001,0.00270716,True
47,2,18,CP4,0.11108312,0.03480947,0.12765411,0.5,0.5,"[0, 8]",1.0,True,0.00323094,0.00030001,0.00270716,True
47,2,19,TP7,0.08427771,-0.01888148,0.0941915,0.5,0.5,"[0, 8]",1.0,True,0.00323094,0.00030001,0.00270716,True
47,2,20,TP8,0.08881947,-0.0593134,0.1080173,0.5,0.5,"[0, 8]",1.0,True,0.00323094,0.00030001,0.00270716,True
47,2,21,Pz,0.153189,0.00688239,0.15338312,0.5,0.5,"[0, 8]",1.0,True,0.00323094,0.00030001,0.00270716,True
47,2,22,P3,0.10830727,0.10830727,0.11743099,0.5,0.5,"[0, 8]",1.0,True,0.00323094,0.00030001,0.00270716,True
47,2,23,P4,0.10481342,-0.09286531,0.11674578,0.5,0.5,"[0, 8]",1.0,True,0.00323094,0.00030001,0.00270716,True
47,2,24,T5,0.10500555,0.07343882,0.11451381,0.5,0.5,"[0, 8]",1.0,True,0.00323094,0.00030001,0.00270716,True
47,2,25,T6,0.0811255,-0.06220653,0.09237818,0.5,0.5,"[0, 8]",1.0,True,0.00323094,0.00030001,0.00270716,True
47,2,26,Oz,0.07747076,0.04226759,0.07987621,0.5,0.5,"[0, 8]",1.0,True,0.00323094,0.00030001,0.00270716,True
47,2,27,O1,0.12216212,0.05623303,0.13248841,0.5,0.5,"[0, 8]",1.0,True,0.00323094,0.00030001,0.00270716,True
47,2,28,O2,0.14384139,-0.02368954,0.14656635,0.5,0.5,"[0, 8]",1.0,True,0.00323094,0.00030001,0.00270716,True
47,3,0,Fp1,0.11721992,-0.09683446,0.12910889,0.5,0.5,"[6, 2]",0.75,False,0.15097484,0.02464962,0.12649977,True
47,3,1,Fp2,0.07349958,0.06369891,0.10002968,0.5,0.5,"[6, 2]",0.75,False,0.15097484,0.02464962,0.12649977,True
47,3,2,Fz,0.09419549,-0.0926806,0.1087051,0.5,0.5,"[6, 2]",0.75,False,0.15097484,0.02464962,0.12649977,True
47,3,3,F3,0.07679895,0.02348951,0.09072554,0.5,0.5,"[6, 2]",0.75,False,0.15097484,0.02464962,0.12649977,True
47,3,4,F4,0.10096607,0.02652869,0.10700926,0.5,0.5,"[6, 2]",0.75,False,0.15097484,0.02464962,0.12649977,True
47,3,5,F7,0.08302199,0.07814741,0.09431097,0.5,0.5,"[6, 2]",0.75,False,0.15097484,0.02464962,0.12649977,True
47,3,6,F8,0.07417402,-0.01883584,0.07824117,0.5,0.5,"[6, 2]",0.75,False,0.15097484,0.02464962,0.12649977,True
47,3,7,FCz,0.10293951,0.10293951,0.12125672,0.5,0.5,"[6, 2]",0.75,False,0.15097484,0.02464962,0.12649977,True
47,3,8,FC3,0.0324968,0.01117363,0.04053878,0.5,0.5,"[6, 2]",0.75,False,0.15097484,0.02464962,0.12649977,True
47,3,9,FC4,0.04979552,-0.04979552,0.07100507,0.5,0.5,"[6, 2]",0.75,False,0.15097484,0.02464962,0.12649977,True
47,3,10,FT7,0.08663587,-0.05046965,0.09970316,0.5,0.5,"[6, 2]",0.75,False,0.15097484,0.02464962,0.12649977,True
47,3,11,FT8,0.07163003,-0.0031329,0.08776331,0.5,0.5,"[6, 2]",0.75,False,0.15097484,0.02464962,0.12649977,True
47,3,12,Cz,0.08672323,0.0841966,0.10230347,0.5,0.5,"[6, 2]",0.75,False,0.15097484,0.02464962,0.12649977,True
47,3,13,C3,0.12234432,0.08500323,0.12608603,0.5,0.5,"[6, 2]",0.75,False,0.15097484,0.02464962,0.12649977,True
47,3,14,C4,0.08817488,-0.0690058,0.09315618,0.5,0.5,"[6, 2]",0.75,False,0.15097484,0.02464962,0.12649977,True
47,3,15,T3,0.12300964,0.12300964,0.12669004,0.5,0.5,"[6, 2]",0.75,False,0.15097484,0.02464962,0.12649977,True
47,3,16,T4,0.12443165,0.0191747,0.13741575,0.5,0.5,"[6, 2]",0.75,False,0.15097484,0.02464962,0.12649977,True
47,3,17,CP3,0.12337329,0.04029305,0.14200383,0.5,0.5,"[6, 2]",0.75,False,0.15097484,0.02464962,0.12649977,True
47,3,18,CP4,0.10488719,0.04029015,0.12030821,0.5,0.5,"[6, 2]",0.75,False,0.15097484,0.02464962,0.12649977,True
47,3,19,TP7,0.08523858,-0.02921325,0.09704164,0.5,0.5,"[6, 2]",0.75,False,0.15097484,0.02464962,0.12649977,True
47,3,20,TP8,0.08180717,-0.05745568,0.10273717,0.5,0.5,"[6, 2]",0.75,False,0.15097484,0.02464962,0.12649977,True
47,3,21,Pz,0.14602488,0.01257714,0.14672585,0.5,0.5,"[6, 2]",0.75,False,0.15097484,0.02464962,0.12649977,True
47,3,22,P3,0.11811455,0.11811455,0.12453254,0.5,0.5,"[6, 2]",0.75,False,0.15097484,0.02464962,0.12649977,True
47,3,23,P4,0.10433791,-0.09071402,0.11617035,0.5,0.5,"[6, 2]",0.75,False,0.15097484,0.02464962,0.12649977,True
47,3,24,T5,0.09969528,0.06686853,0.11146954,0.5,0.5,"[6, 2]",0.75,False,0.15097484,0.02464962,0.12649977,True
47,3,25,T6,0.09634176,-0.06524798,0.10713676,0.5,0.5,"[6, 2]",0.75,False,0.15097484,0.02464962,0.12649977,True
47,3,26,Oz,0.06783669,0.0244823,0.07157728,0.5,0.5,"[6, 2]",0.75,False,0.15097484,0.02464962,0.12649977,True
47,3,27,O1,0.11181385,0.03929894,0.12568706,0.5,0.5,"[6, 2]",0.75,False,0.15097484,0.02464962,0.12649977,True
47,3,28,O2,0.14175293,-0.03364279,0.14768454,0.5,0.5,"[6, 2]",0.75,False,0.15097484,0.02464962,0.12649977,True
47,4,0,Fp1,0.11041839,-0.09702495,0.12349957,0.5,0.5,"[0, 8]",1.0,True,0.01220071,0.00148971,0.01022281,True
47,4,1,Fp2,0.07692267,0.06067686,0.09449476,0.5,0.5,"[0, 8]",1.0,True,0.01220071,0.00148971,0.01022281,True
47,4,2,Fz,0.10398071,-0.09901372,0.11786117,0.5,0.5,"[0, 8]",1.0,True,0.01220071,0.00148971,0.01022281,True
47,4,3,F3,0.08738434,0.02717983,0.09458343,0.5,0.5,"[0, 8]",1.0,True,0.01220071,0.00148971,0.01022281,True
47,4,4,F4,0.0974011,0.01163068,0.1079651,0.5,0.5,"[0, 8]",1.0,True,0.01220071,0.00148971,0.01022281,True
47,4,5,F7,0.08375583,0.08187356,0.09743772,0.5,0.5,"[0, 8]",1.0,True,0.01220071,0.00148971,0.01022281,True
47,4,6,F8,0.07731072,-0.02961511,0.07825813,0.5,0.5,"[0, 8]",1.0,True,0.01220071,0.00148971,0.01022281,True
47,4,7,FCz,0.09832947,0.09832947,0.11405999,0.5,0.5,"[0, 8]",1.0,True,0.01220071,0.00148971,0.01022281,True
47,4,8,FC3,0.0313732,0.0056935,0.03781444,0.5,0.5,"[0, 8]",1.0,True,0.01220071,0.00148971,0.01022281,True
47,4,9,FC4,0.05824594,-0.05824594,0.07698428,0.5,0.5,"[0, 8]",1.0,True,0.01220071,0.00148971,0.01022281,True
47,4,10,FT7,0.09009855,-0.05743223,0.10337121,0.5,0.5,"[0, 8]",1.0,True,0.01220071,0.00148971,0.01022281,True
47,4,11,FT8,0.08010814,-0.00438499,0.09701609,0.5,0.5,"[0, 8]",1.0,True,0.01220071,0.00148971,0.01022281,True
47,4,12,Cz,0.07641174,0.07574545,0.09227333,0.5,0.5,"[0, 8]",1.0,True,0.01220071,0.00148971,0.01022281,True
47,4,13,C3,0.1162132,0.07277515,0.11829615,0.5,0.5,"[0, 8]",1.0,True,0.01220071,0.00148971,0.01022281,True
47,4,14,C4,0.08499986,-0.07513264,0.09543454,0.5,0.5,"[0, 8]",1.0,True,0.01220071,0.00148971,0.01022281,True
47,4,15,T3,0.12737979,0.12737979,0.13240427,0.5,0.5,"[0, 8]",1.0,True,0.01220071,0.00148971,0.01022281,True
47,4,16,T4,0.12216175,0.01367619,0.13451467,0.5,0.5,"[0, 8]",1.0,True,0.01220071,0.00148971,0.01022281,True
47,4,17,CP3,0.12094079,0.0340416,0.13955845,0.5,0.5,"[0, 8]",1.0,True,0.01220071,0.00148971,0.01022281,True
47,4,18,CP4,0.11131019,0.03545232,0.12745984,0.5,0.5,"[0, 8]",1.0,True,0.01220071,0.00148971,0.01022281,True
47,4,19,TP7,0.08369309,-0.01805406,0.09350504,0.5,0.5,"[0, 8]",1.0,True,0.01220071,0.00148971,0.01022281,True
47,4,20,TP8,0.08843268,-0.05864844,0.10726032,0.5,0.5,"[0, 8]",1.0,True,0.01220071,0.00148971,0.01022281,True
47,4,21,Pz,0.15336147,0.00770127,0.15359101,0.5,0.5,"[0, 8]",1.0,True,0.01220071,0.00148971,0.01022281,True
47,4,22,P3,0.10917494,0.10917494,0.11819455,0.5,0.5,"[0, 8]",1.0,True,0.01220071,0.00148971,0.01022281,True
47,4,23,P4,0.10523032,-0.09270334,0.11695617,0.5,0.5,"[0, 8]",1.0,True,0.01220071,0.00148971,0.01022281,True
47,4,24,T5,0.10507901,0.0740402,0.11488003,0.5,0.5,"[0, 8]",1.0,True,0.01220071,0.00148971,0.01022281,True
47,4,25,T6,0.08131237,-0.06188906,0.09257709,0.5,0.5,"[0, 8]",1.0,True,0.01220071,0.00148971,0.01022281,True
47,4,26,Oz,0.07665309,0.04188688,0.07911062,0.5,0.5,"[0, 8]",1.0,True,0.01220071,0.00148971,0.01022281,True
47,4,27,O1,0.12194718,0.05674588,0.13246247,0.5,0.5,"[0, 8]",1.0,True,0.01220071,0.00148971,0.01022281,True
47,4,28,O2,0.14309242,-0.02394,0.14590031,0.5,0.5,"[0, 8]",1.0,True,0.01220071,0.00148971,0.01022281,True
47,5,0,Fp1,0.10995674,-0.09585121,0.1226245,0.5,0.5,"[0, 8]",1.0,True,0.00323097,0.00030001,0.00270719,True
47,5,1,Fp2,0.07765818,0.06131018,0.09535467,0.5,0.5,"[0, 8]",1.0,True,0.00323097,0.00030001,0.00270719,True
47,5,2,Fz,0.10400175,-0.09848149,0.11752755,0.5,0.5,"[0, 8]",1.0,True,0.00323097,0.00030001,0.00270719,True
47,5,3,F3,0.08762068,0.0275632,0.09446009,0.5,0.5,"[0, 8]",1.0,True,0.00323097,0.00030001,0.00270719,True
47,5,4,F4,0.09753284,0.01265002,0.10767057,0.5,0.5,"[0, 8]",1.0,True,0.00323097,0.00030001,0.00270719,True
47,5,5,F7,0.08440585,0.08182675,0.09796041,0.5,0.5,"[0, 8]",1.0,True,0.00323097,0.00030001,0.00270719,True
47,5,6,F8,0.07719208,-0.02905646,0.07818673,0.5,0.5,"[0, 8]",1.0,True,0.00323097,0.00030001,0.00270719,True
47,5,7,FCz,0.09878289,0.09878289,0.11416791,0.5,0.5,"[0, 8]",1.0,True,0.00323097,0.00030001,0.00270719,True
47,5,8,FC3,0.03099027,0.00587213,0.03766772,0.5,0.5,"[0, 8]",1.0,True,0.00323097,0.00030001,0.00270719,True
47,5,9,FC4,0.05789164,-0.05789164,0.07618266,0.5,0.5,"[0, 8]",1.0,True,0.00323097,0.00030001,0.00270719,True
47,5,10,FT7,0.09041979,-0.05807623,0.10388134,0.5,0.5,"[0, 8]",1.0,True,0.00323097,0.00030001,0.00270719,True
47,5,11,FT8,0.08024119,-0.00368779,0.0973848,0.5,0.5,"[0, 8]",1.0,True,0.00323097,0.00030001,0.00270719,True
47,5,12,Cz,0.07720225,0.07568367,0.09273551,0.5,0.5,"[0, 8]",1.0,True,0.00323097,0.00030001,0.00270719,True
47,5,13,C3,0.1153809,0.07251649,0.1175553,0.5,0.5,"[0, 8]",1.0,True,0.00323097,0.00030001,0.00270719,True
47,5,14,C4,0.08535489,-0.0749746,0.0958275,0.5,0.5,"[0, 8]",1.0,True,0.00323097,0.00030001,0.00270719,True
47,5,15,T3,0.12673479,0.12673479,0.13199672,0.5,0.5,"[0, 8]",1.0,True,0.00323097,0.00030001,0.00270719,True
47,5,16,T4,0.12223759,0.01316595,0.1345841,0.5,0.5,"[0, 8]",1.0,True,0.00323097,0.00030001,0.00270719,True
47,5,17,CP3,0.1208244,0.03294354,0.13925958,0.5,0.5,"[0, 8]",1.0,True,0.00323097,0.00030001,0.00270719,True
47,5,18,CP4,0.11078314,0.03450948,0.12741439,0.5,0.5,"[0, 8]",1.0,True,0.00323097,0.00030001,0.00270719,True
47,5,19,TP7,0.0842777,-0.01858149,0.09419104,0.5,0.5,"[0, 8]",1.0,True,0.00323097,0.00030001,0.00270719,True
47,5,20,TP8,0.08896947,-0.05916341,0.10804187,0.5,0.5,"[0, 8]",1.0,True,0.00323097,0.00030001,0.00270719,True
47,5,21,Pz,0.153189,0.00688239,0.15338312,0.5,0.5,"[0, 8]",1.0,True,0.00323097,0.00030001,0.00270719,True
47,5,22,P3,0.10815744,0.10815744,0.11725799,0.5,0.5,"[0, 8]",1.0,True,0.00323097,0.00030001,0.00270719,True
47,5,23,P4,0.10496341,-0.09301531,0.11688626,0.5,0.5,"[0, 8]",1.0,True,0.00323097,0.00030001,0.00270719,True
47,5,24,T5,0.10500553,0.07343882,0.11451381,0.5,0.5,"[0, 8]",1.0,True,0.00323097,0.00030001,0.00270719,True
47,5,25,T6,0.08127549,-0.06235653,0.09257986,0.5,0.5,"[0, 8]",1.0,True,0.00323097,0.00030001,0.00270719,True
47,5,26,Oz,0.07747076,0.04226759,0.07987621,0.5,0.5,"[0, 8]",1.0,True,0.00323097,0.00030001,0.00270719,True
47,5,27,O1,0.1221621,0.05623302,0.13248841,0.5,0.5,"[0, 8]",1.0,True,0.00323097,0.00030001,0.00270719,True
47,5,28,O2,0.14384139,-0.02368953,0.14656635,0.5,0.5,"[0, 8]",1.0,True,0.00323097,0.00030001,0.00270719,True
48,1,0,Fp1,0.10995674,-0.0961512,0.12278919,0.5,0.5,"[0, 8]",1.0,True,0.00323096,0.00030001,0.00270718,True
48,1,1,Fp2,0.07780819,0.06116018,0.09520327,0.5,0.5,"[0, 8]",1.0,True,0.00323096,0.00030001,0.00270718,True
48,1,2,Fz,0.10415176,-0.09863149,0.1176777,0.5,0.5,"[0, 8]",1.0,True,0.00323096,0.00030001,0.00270718,True
48,1,3,F3,0.08762068,0.02726321,0.09445382,0.5,0.5,"[0, 8]",1.0,True,0.00323096,0.00030001,0.00270718,True
48,1,4,F4,0.09738287,0.01250002,0.10761011,0.5,0.5,"[0, 8]",1.0,True,0.00323096,0.00030001,0.00270718,True
48,1,5,F7,0.08410586,0.08152676,0.09767,0.5,0.5,"[0, 8]",1.0,True,0.00323096,0.00030001,0.00270718,True
48,1,6,F8,0.07734207,-0.02920645,0.07832417,0.5,0.5,"[0, 8]",1.0,True,0.00323096,0.00030001,0.00270718,True
48,1,7,FCz,0.09893289,0.09893289,0.11421797,0.5,0.5,"[0, 8]",1.0,True,0.00323096,0.00030001,0.00270718,True
48,1,8,FC3,0.03084027,0.00572213,0.03760595,0.5,0.5,"[0, 8]",1.0,True,0.00323096,0.00030001,0.00270718,True
48,1,9,FC4,0.05774181,-0.05774181,0.07610068,0.5,0.5,"[0, 8]",1.0,True,0.00323096,0.00030001,0.00270718,True
48,1,10,FT7,0.09056979,-0.05822623,0.1041398,0.5,0.5,"[0, 8]",1.0,True,0.00323096,0.00030001,0.00270718,True
48,1,11,FT8,0.08024119,-0.00368779,0.0973848,0.5,0.5,"[0, 8]",1.0,True,0.00323096,0.00030001,0.00270718,True
48,1,12,Cz,0.07705224,0.07583365,0.09267501,0.5,0.5,"[0, 8]",1.0,True,0.00323096,0.00030001,0.00270718,True
48,1,13,C3,0.11508091,0.07251649,0.11726162,0.5,0.5,"[0, 8]",1.0,True,0.00323096,0.00030001,0.00270718,True
48,1,14,C4,0.08550489,-0.07482461,0.09586047,0.5,0.5,"[0, 8]",1.0,True,0.00323096,0.00030001,0.00270718,True
48,1,15,T3,0.12673479,0.12673479,0.13194494,0.5,0.5,"[0, 8]",1.0,True,0.00323096,0.00030001,0.00270718,True
48,1,16,T4,0.12193759,0.01346595,0.13445248,0.5,0.5,"[0, 8]",1.0,True,0.00323096,0.00030001,0.00270718,True
48,1,17,CP3,0.12112439,0.03324353,0.13959107,0.5,0.5,"[0, 8]",1.0,True,0.00323096,0.00030001,0.00270718,True
48,1,18,CP4,0.11108314,0.03480948,0.12765412,0.5,0.5,"[0, 8]",1.0,True,0.00323096,0.00030001,0.00270718,True
48,1,19,TP7,0.08412772,-0.01873149,0.09410919,0.5,0.5,"[0, 8]",1.0,True,0.00323096,0.00030001,0.00270718,True
48,1,20,TP8,0.08911946,-0.05901341,0.10810004,0.5,0.5,"[0, 8]",1.0,True,0.00323096,0.00030001,0.00270718,True
48,1,21,Pz,0.15288904,0.00688241,0.1530903,0.5,0.5,"[0, 8]",1.0,True,0.00323096,0.00030001,0.00270718,True
48,1,22,P3,0.10830744,0.10830744,0.11754786,0.5,0.5,"[0, 8]",1.0,True,0.00323096,0.00030001,0.00270718,True
48,1,23,P4,0.1048134,-0.0928653,0.11668701,0.5,0.5,"[0, 8]",1.0,True,0.00323096,0.00030001,0.00270718,True
48,1,24,T5,0.10515554,0.07358882,0.11458736,0.5,0.5,"[0, 8]",1.0,True,0.00323096,0.00030001,0.00270718,True
48,1,25,T6,0.08082551,-0.06220654,0.09211185,0.5,0.5,"[0, 8]",1.0,True,0.00323096,0.00030001,0.00270718,True
48,1,26,Oz,0.07777071,0.04226764,0.08010381,0.5,0.5,"[0, 8]",1.0,True,0.00323096,0.00030001,0.00270718,True
48,1,27,O1,0.12186211,0.05623301,0.1321317,0.5,0.5,"[0, 8]",1.0,True,0.00323096,0.00030001,0.00270718,True
48,1,28,O2,0.14414138,-0.02338954,0.14681266,0.5,0.5,"[0, 8]",1.0,True,0.00323096,0.00030001,0.00270718,True
48,2,0,Fp1,0.06642924,-0.02694001,0.08014744,0.625,0.625,"[3, 5]",0.625,False,1.10385118,0.28642504,0.92490189,True
48,2,1,Fp2,0.0694943,0.02564702,0.08047705,0.625,0.625,"[3, 5]",0.625,False,1.10385118,0.28642504,0.92490189,True
48,2,2,Fz,0.10671398,-0.06664722,0.11975881,0.625,0.625,"[3, 5]",0.625,False,1.10385118,0.28642504,0.92490189,True
48,2,3,F3,0.10069446,0.01006039,0.13410908,0.625,0.625,"[3, 5]",0.625,False,1.10385118,0.28642504,0.92490189,True
48,2,4,F4,0.08659895,0.0600084,0.11939786,0.625,0.625,"[3, 5]",0.625,False,1.10385118,0.28642504,0.92490189,True
48,2,5,F7,0.06600897,0.04841607,0.0901142,0.625,0.625,"[3, 5]",0.625,False,1.10385118,0.28642504,0.92490189,True
48,2,6,F8,0.04125713,0.0010893,0.04309547,0.625,0.625,"[3, 5]",0.625,False,1.10385118,0.28642504,0.92490189,True
48,2,7,FCz,0.13651736,-0.0128357,0.18479472,0.625,0.625,"[3, 5]",0.625,False,1.10385118,0.28642504,0.92490189,True
48,2,8,FC3,0.1116246,0.07946309,0.12395509,0.625,0.625,"[3, 5]",0.625,False,1.10385118,0.28642504,0.92490189,True
48,2,9,FC4,0.12973371,0.00500767,0.15455768,0.625,0.625,"[3, 5]",0.625,False,1.10385118,0.28642504,0.92490189,True
48,2,10,FT7,0.07315224,-0.06134599,0.08871344,0.625,0.625,"[3, 5]",0.625,False,1.10385118,0.28642504,0.92490189,True
48,2,11,FT8,0.0663164,0.01477204,0.07080588,0.625,0.625,"[3, 5]",0.625,False,1.10385118,0.28642504,0.92490189,True
48,2,12,Cz,0.13090125,0.05511313,0.16298488,0.625,0.625,"[3, 5]",0.625,False,1.10385118,0.28642504,0.92490189,True
48,2,13,C3,0.10299984,-0.06972723,0.12907012,0.625,0.625,"[3, 5]",0.625,False,1.10385118,0.28642504,0.92490189,True
48,2,14,C4,0.1079253,-0.04323977,0.14070465,0.625,0.625,"[3, 5]",0.625,False,1.10385118,0.28642504,0.92490189,True
48,2,15,T3,0.0591445,0.0591445,0.06384157,0.625,0.625,"[3, 5]",0.625,False,1.10385118,0.28642504,0.92490189,True
48,2,16,T4,0.0990485,0.00386956,0.12367307,0.625,0.625,"[3, 5]",0.625,False,1.10385118,0.28642504,0.92490189,True
48,2,17,CP3,0.19287246,0.004442,0.21851744,0.625,0.625,"[3, 5]",0.625,False,1.10385118,0.28642504,0.92490189,True
48,2,18,CP4,0.08794366,0.05863563,0.1250881,0.625,0.625,"[3, 5]",0.625,False,1.10385118,0.28642504,0.92490189,True
48,2,19,TP7,0.08179857,-0.04804563,0.08501334,0.625,0.625,"[3, 5]",0.625,False,1.10385118,0.28642504,0.92490189,True
48,2,20,TP8,0.07275186,-0.02170667,0.08094756,0.625,0.625,"[3, 5]",0.625,False,1.10385118,0.28642504,0.92490189,True
48,2,21,Pz,0.1108821,-0.08300892,0.12402897,0.625,0.625,"[3, 5]",0.625,False,1.10385118,0.28642504,0.92490189,True
48,2,22,P3,0.21593866,0.14450738,0.2345552,0.625,0.625,"[3, 5]",0.625,False,1.10385118,0.28642504,0.92490189,True
48,2,23,P4,0.05549715,-0.04693123,0.07778987,0.625,0.625,"[3, 5]",0.625,False,1.10385118,0.28642504,0.92490189,True
48,2,24,T5,0.06250504,0.06250504,0.0716212,0.625,0.625,"[3, 5]",0.625,False,1.10385118,0.28642504,0.92490189,True
48,2,25,T6,0.05185042,-0.02914201,0.06986593,0.625,0.625,"[3, 5]",0.625,False,1.10385118,0.28642504,0.92490189,True
48,2,26,Oz,0.04137048,-0.02429677,0.0671645,0.625,0.625,"[3, 5]",0.625,False,1.10385118,0.28642504,0.92490189,True
48,2,27,O1,0.11258316,0.08009873,0.14814335,0.625,0.625,"[3, 5]",0.625,False,1.10385118,0.28642504,0.92490189,True
48,2,28,O2,0.07623976,0.01461357,0.08454639,0.625,0.625,"[3, 5]",0.625,False,1.10385118,0.28642504,0.92490189,True
48,3,0,Fp1,0.10181897,-0.08920339,0.11381285,0.625,0.625,"[3, 5]",0.625,False,0.14800157,0.0236553,0.1240085,True
48,3,1,Fp2,0.08136106,0.06281446,0.10255347,0.625,0.625,"[3, 5]",0.625,False,0.14800157,0.0236553,0.1240085,True
48,3,2,Fz,0.10327787,-0.10327787,0.11678828,0.625,0.625,"[3, 5]",0.625,False,0.14800157,0.0236553,0.1240085,True
48,3,3,F3,0.0828499,0.0247606,0.0888,0.625,0.625,"[3, 5]",0.625,False,0.14800157,0.0236553,0.1240085,True
48,3,4,F4,0.09455729,0.02084634,0.1020918,0.625,0.625,"[3, 5]",0.625,False,0.14800157,0.0236553,0.1240085,True
48,3,5,F7,0.0881841,0.07769282,0.09781691,0.625,0.625,"[3, 5]",0.625,False,0.14800157,0.0236553,0.1240085,True
48,3,6,F8,0.05641589,-0.01982325,0.05741195,0.625,0.625,"[3, 5]",0.625,False,0.14800157,0.0236553,0.1240085,True
48,3,7,FCz,0.09916937,0.09916937,0.11537032,0.625,0.625,"[3, 5]",0.625,False,0.14800157,0.0236553,0.1240085,True
48,3,8,FC3,0.02424446,-0.00629373,0.03043193,0.625,0.625,"[3, 5]",0.625,False,0.14800157,0.0236553,0.1240085,True
48,3,9,FC4,0.06255171,-0.05660949,0.08612486,0.625,0.625,"[3, 5]",0.625,False,0.14800157,0.0236553,0.1240085,True
48,3,10,FT7,0.1005789,-0.05655769,0.11738165,0.625,0.625,"[3, 5]",0.625,False,0.14800157,0.0236553,0.1240085,True
48,3,11,FT8,0.08743466,-0.0043631,0.10699373,0.625,0.625,"[3, 5]",0.625,False,0.14800157,0.0236553,0.1240085,True
48,3,12,Cz,0.07656003,0.07656003,0.0967413,0.625,0.625,"[3, 5]",0.625,False,0.14800157,0.0236553,0.1240085,True
48,3,13,C3,0.10930394,0.0589592,0.11129969,0.625,0.625,"[3, 5]",0.625,False,0.14800157,0.0236553,0.1240085,True
48,3,14,C4,0.08250354,-0.06618073,0.08896577,0.625,0.625,"[3, 5]",0.625,False,0.14800157,0.0236553,0.1240085,True
48,3,15,T3,0.12313997,0.12313997,0.13282727,0.625,0.625,"[3, 5]",0.625,False,0.14800157,0.0236553,0.1240085,True
48,3,16,T4,0.11609193,0.01739456,0.13160746,0.625,0.625,"[3, 5]",0.625,False,0.14800157,0.0236553,0.1240085,True
48,3,17,CP3,0.1121841,0.02822272,0.13068871,0.625,0.625,"[3, 5]",0.625,False,0.14800157,0.0236553,0.1240085,True
48,3,18,CP4,0.11810323,0.0381828,0.13350366,0.625,0.625,"[3, 5]",0.625,False,0.14800157,0.0236553,0.1240085,True
48,3,19,TP7,0.07777437,-0.02854333,0.08726392,0.625,0.625,"[3, 5]",0.625,False,0.14800157,0.0236553,0.1240085,True
48,3,20,TP8,0.08907612,-0.05979567,0.11105503,0.625,0.625,"[3, 5]",0.625,False,0.14800157,0.0236553,0.1240085,True
48,3,21,Pz,0.15976693,0.00603432,0.16005902,0.625,0.625,"[3, 5]",0.625,False,0.14800157,0.0236553,0.1240085,True
48,3,22,P3,0.10720033,0.10720033,0.11748063,0.625,0.625,"[3, 5]",0.625,False,0.14800157,0.0236553,0.1240085,True
48,3,23,P4,0.10532956,-0.08473156,0.11466149,0.625,0.625,"[3, 5]",0.625,False,0.14800157,0.0236553,0.1240085,True
48,3,24,T5,0.09938166,0.07476935,0.10899138,0.625,0.625,"[3, 5]",0.625,False,0.14800157,0.0236553,0.1240085,True
48,3,25,T6,0.08725908,-0.06281719,0.09733804,0.625,0.625,"[3, 5]",0.625,False,0.14800157,0.0236553,0.1240085,True
48,3,26,Oz,0.07955946,0.03327017,0.08033789,0.625,0.625,"[3, 5]",0.625,False,0.14800157,0.0236553,0.1240085,True
48,3,27,O1,0.11759727,0.0531765,0.13108325,0.625,0.625,"[3, 5]",0.625,False,0.14800157,0.0236553,0.1240085,True
48,3,28,O2,0.15267885,-0.01777605,0.15515937,0.625,0.625,"[3, 5]",0.625,False,0.14800157,0.0236553,0.1240085,True
48,4,0,Fp1,0.09716235,-0.08894858,0.11155553,0.5,0.5,"[4, 4]",0.5,False,0.16124067,0.02529195,0.13510137,True
48,4,1,Fp2,0.08275242,0.06166011,0.10395622,0.5,0.5,"[4, 4]",0.5,False,0.16124067,0.02529195,0.13510137,True
48,4,2,Fz,0.11119235,-0.11119235,0.12627201,0.5,0.5,"[4, 4]",0.5,False,0.16124067,0.02529195,0.13510137,True
48,4,3,F3,0.09348278,0.0289041,0.09792614,0.5,0.5,"[4, 4]",0.5,False,0.16124067,0.02529195,0.13510137,True
48,4,4,F4,0.09790661,0.01872811,0.10790133,0.5,0.5,"[4, 4]",0.5,False,0.16124067,0.02529195,0.13510137,True
48,4,5,F7,0.09655352,0.08277448,0.10630302,0.5,0.5,"[4, 4]",0.5,False,0.16124067,0.02529195,0.13510137,True
48,4,6,F8,0.06000414,-0.02358712,0.06132811,0.5,0.5,"[4, 4]",0.5,False,0.16124067,0.02529195,0.13510137,True
48,4,7,FCz,0.08028302,0.08028302,0.09553301,0.5,0.5,"[4, 4]",0.5,False,0.16124067,0.02529195,0.13510137,True
48,4,8,FC3,0.03916245,-0.00242941,0.04673304,0.5,0.5,"[4, 4]",0.5,False,0.16124067,0.02529195,0.13510137,True
48,4,9,FC4,0.06602305,-0.06103763,0.08787955,0.5,0.5,"[4, 4]",0.5,False,0.16124067,0.02529195,0.13510137,True
48,4,10,FT7,0.09316295,-0.05197955,0.10732872,0.5,0.5,"[4, 4]",0.5,False,0.16124067,0.02529195,0.13510137,True
48,4,11,FT8,0.07945164,-0.00373072,0.10771089,0.5,0.5,"[4, 4]",0.5,False,0.16124067,0.02529195,0.13510137,True
48,4,12,Cz,0.06749163,0.0662842,0.08419982,0.5,0.5,"[4, 4]",0.5,False,0.16124067,0.02529195,0.13510137,True
48,4,13,C3,0.1024024,0.06155146,0.10476673,0.5,0.5,"[4, 4]",0.5,False,0.16124067,0.02529195,0.13510137,True
48,4,14,C4,0.08229871,-0.06944965,0.09330136,0.5,0.5,"[4, 4]",0.5,False,0.16124067,0.02529195,0.13510137,True
48,4,15,T3,0.12558578,0.12558578,0.13378206,0.5,0.5,"[4, 4]",0.5,False,0.16124067,0.02529195,0.13510137,True
48,4,16,T4,0.11295,0.00632392,0.12871273,0.5,0.5,"[4, 4]",0.5,False,0.16124067,0.02529195,0.13510137,True
48,4,17,CP3,0.11992551,0.02549986,0.13852498,0.5,0.5,"[4, 4]",0.5,False,0.16124067,0.02529195,0.13510137,True
48,4,18,CP4,0.1202633,0.04338683,0.13763379,0.5,0.5,"[4, 4]",0.5,False,0.16124067,0.02529195,0.13510137,True
48,4,19,TP7,0.08074665,-0.02209082,0.08804461,0.5,0.5,"[4, 4]",0.5,False,0.16124067,0.02529195,0.13510137,True
48,4,20,TP8,0.08490653,-0.05409413,0.10396799,0.5,0.5,"[4, 4]",0.5,False,0.16124067,0.02529195,0.13510137,True
48,4,21,Pz,0.16757584,0.00064568,0.16758369,0.5,0.5,"[4, 4]",0.5,False,0.16124067,0.02529195,0.13510137,True
48,4,22,P3,0.10878475,0.10878475,0.11709296,0.5,0.5,"[4, 4]",0.5,False,0.16124067,0.02529195,0.13510137,True
48,4,23,P4,0.09555478,-0.07748152,0.10347926,0.5,0.5,"[4, 4]",0.5,False,0.16124067,0.02529195,0.13510137,True
48,4,24,T5,0.10478374,0.0823544,0.11511958,0.5,0.5,"[4, 4]",0.5,False,0.16124067,0.02529195,0.13510137,True
48,4,25,T6,0.0838817,-0.05419473,0.09407301,0.5,0.5,"[4, 4]",0.5,False,0.16124067,0.02529195,0.13510137,True
48,4,26,Oz,0.07431812,0.02684687,0.07597079,0.5,0.5,"[4, 4]",0.5,False,0.16124067,0.02529195,0.13510137,True
48,4,27,O1,0.12043914,0.05195324,0.13491574,0.5,0.5,"[4, 4]",0.5,False,0.16124067,0.02529195,0.13510137,True
48,4,28,O2,0.14811778,-0.01505993,0.14941232,0.5,0.5,"[4, 4]",0.5,False,0.16124067,0.02529195,0.13510137,True
48,5,0,Fp1,0.10974921,-0.09637656,0.12267523,0.5,0.5,"[0, 8]",1.0,True,0.00995637,0.00119745,0.00834231,True
48,5,1,Fp2,0.07769361,0.06062072,0.0950053,0.5,0.5,"[0, 8]",1.0,True,0.00995637,0.00119745,0.00834231,True
48,5,2,Fz,0.10457367,-0.09911557,0.11818463,0.5,0.5,"[0, 8]",1.0,True,0.00995637,0.00119745,0.00834231,True
48,5,3,F3,0.08753092,0.02673461,0.09442926,0.5,0.5,"[0, 8]",1.0,True,0.00995637,0.00119745,0.00834231,True
48,5,4,F4,0.09775908,0.01251145,0.10813707,0.5,0.5,"[0, 8]",1.0,True,0.00995637,0.00119745,0.00834231,True
48,5,5,F7,0.08359135,0.08057616,0.09680214,0.5,0.5,"[0, 8]",1.0,True,0.00995637,0.00119745,0.00834231,True
48,5,6,F8,0.07682837,-0.02908646,0.07780269,0.5,0.5,"[0, 8]",1.0,True,0.00995637,0.00119745,0.00834231,True
48,5,7,FCz,0.0990017,0.0990017,0.11416047,0.5,0.5,"[0, 8]",1.0,True,0.00995637,0.00119745,0.00834231,True
48,5,8,FC3,0.03108182,0.00552439,0.03823404,0.5,0.5,"[0, 8]",1.0,True,0.00995637,0.00119745,0.00834231,True
48,5,9,FC4,0.05764645,-0.05764645,0.07597364,0.5,0.5,"[0, 8]",1.0,True,0.00995637,0.00119745,0.00834231,True
48,5,10,FT7,0.0905723,-0.05873981,0.10438001,0.5,0.5,"[0, 8]",1.0,True,0.00995637,0.00119745,0.00834231,True
48,5,11,FT8,0.08052333,-0.00349369,0.09757313,0.5,0.5,"[0, 8]",1.0,True,0.00995637,0.00119745,0.00834231,True
48,5,12,Cz,0.07720835,0.07584552,0.09283146,0.5,0.5,"[0, 8]",1.0,True,0.00995637,0.00119745,0.00834231,True
48,5,13,C3,0.1150343,0.07288901,0.11725008,0.5,0.5,"[0, 8]",1.0,True,0.00995637,0.00119745,0.00834231,True
48,5,14,C4,0.08506119,-0.07402827,0.09521034,0.5,0.5,"[0, 8]",1.0,True,0.00995637,0.00119745,0.00834231,True
48,5,15,T3,0.12648125,0.12648125,0.13195874,0.5,0.5,"[0, 8]",1.0,True,0.00995637,0.00119745,0.00834231,True
48,5,16,T4,0.1217279,0.01411835,0.1343623,0.5,0.5,"[0, 8]",1.0,True,0.00995637,0.00119745,0.00834231,True
48,5,17,CP3,0.12060302,0.03340305,0.13925621,0.5,0.5,"[0, 8]",1.0,True,0.00995637,0.00119745,0.00834231,True
48,5,18,CP4,0.11171434,0.03544578,0.12814087,0.5,0.5,"[0, 8]",1.0,True,0.00995637,0.00119745,0.00834231,True
48,5,19,TP7,0.08366001,-0.01852141,0.09358683,0.5,0.5,"[0, 8]",1.0,True,0.00995637,0.00119745,0.00834231,True
48,5,20,TP8,0.08901605,-0.05825338,0.10760518,0.5,0.5,"[0, 8]",1.0,True,0.00995637,0.00119745,0.00834231,True
48,5,21,Pz,0.15332671,0.00748233,0.15355602,0.5,0.5,"[0, 8]",1.0,True,0.00995637,0.00119745,0.00834231,True
48,5,22,P3,0.10819057,0.10819057,0.11743058,0.5,0.5,"[0, 8]",1.0,True,0.00995637,0.00119745,0.00834231,True
48,5,23,P4,0.10482028,-0.09244117,0.11646941,0.5,0.5,"[0, 8]",1.0,True,0.00995637,0.00119745,0.00834231,True
48,5,24,T5,0.10504057,0.07326772,0.11462463,0.5,0.5,"[0, 8]",1.0,True,0.00995637,0.00119745,0.00834231,True
48,5,25,T6,0.0808852,-0.06195277,0.09218097,0.5,0.5,"[0, 8]",1.0,True,0.00995637,0.00119745,0.00834231,True
48,5,26,Oz,0.07723465,0.04230675,0.0795642,0.5,0.5,"[0, 8]",1.0,True,0.00995637,0.00119745,0.00834231,True
48,5,27,O1,0.12233452,0.05710058,0.13261999,0.5,0.5,"[0, 8]",1.0,True,0.00995637,0.00119745,0.00834231,True
48,5,28,O2,0.14386366,-0.02285362,0.14642973,0.5,0.5,"[0, 8]",1.0,True,0.00995637,0.00119745,0.00834231,True
49,1,0,Fp1,0.11004068,-0.09904218,0.12397573,0.5,0.5,"[2, 6]",0.75,False,0.15138347,0.02567273,0.12684215,True
49,1,1,Fp2,0.07102367,0.05332159,0.08755285,0.5,0.5,"[2, 6]",0.75,False,0.15138347,0.02567273,0.12684215,True
49,1,2,Fz,0.11650181,-0.10478561,0.12851425,0.5,0.5,"[2, 6]",0.75,False,0.15138347,0.02567273,0.12684215,True
49,1,3,F3,0.08910505,0.01766999,0.09898555,0.5,0.5,"[2, 6]",0.75,False,0.15138347,0.02567273,0.12684215,True
49,1,4,F4,0.08396064,-0.00457195,0.10199966,0.5,0.5,"[2, 6]",0.75,False,0.15138347,0.02567273,0.12684215,True
49,1,5,F7,0.08574835,0.08420314,0.09885526,0.5,0.5,"[2, 6]",0.75,False,0.15138347,0.02567273,0.12684215,True
49,1,6,F8,0.08033313,-0.02502762,0.0826658,0.5,0.5,"[2, 6]",0.75,False,0.15138347,0.02567273,0.12684215,True
49,1,7,FCz,0.10346885,0.10346885,0.11269262,0.5,0.5,"[2, 6]",0.75,False,0.15138347,0.02567273,0.12684215,True
49,1,8,FC3,0.029777,0.01129874,0.03798799,0.5,0.5,"[2, 6]",0.75,False,0.15138347,0.02567273,0.12684215,True
49,1,9,FC4,0.06173004,-0.06173004,0.07706832,0.5,0.5,"[2, 6]",0.75,False,0.15138347,0.02567273,0.12684215,True
49,1,10,FT7,0.0933418,-0.04986993,0.10406549,0.5,0.5,"[2, 6]",0.75,False,0.15138347,0.02567273,0.12684215,True
49,1,11,FT8,0.09037071,-0.00933461,0.1050158,0.5,0.5,"[2, 6]",0.75,False,0.15138347,0.02567273,0.12684215,True
49,1,12,Cz,0.07590327,0.07590327,0.09165022,0.5,0.5,"[2, 6]",0.75,False,0.15138347,0.02567273,0.12684215,True
49,1,13,C3,0.10848779,0.07732165,0.11207964,0.5,0.5,"[2, 6]",0.75,False,0.15138347,0.02567273,0.12684215,True
49,1,14,C4,0.0933132,-0.0820611,0.10709807,0.5,0.5,"[2, 6]",0.75,False,0.15138347,0.02567273,0.12684215,True
49,1,15,T3,0.12303946,0.12303946,0.12963346,0.5,0.5,"[2, 6]",0.75,False,0.15138347,0.02567273,0.12684215,True
49,1,16,T4,0.11753346,0.01370694,0.13788429,0.5,0.5,"[2, 6]",0.75,False,0.15138347,0.02567273,0.12684215,True
49,1,17,CP3,0.1178574,0.04296901,0.13643791,0.5,0.5,"[2, 6]",0.75,False,0.15138347,0.02567273,0.12684215,True
49,1,18,CP4,0.10751169,0.03061017,0.12144559,0.5,0.5,"[2, 6]",0.75,False,0.15138347,0.02567273,0.12684215,True
49,1,19,TP7,0.08038845,-0.01230057,0.08723757,0.5,0.5,"[2, 6]",0.75,False,0.15138347,0.02567273,0.12684215,True
49,1,20,TP8,0.08388656,-0.05263133,0.10003268,0.5,0.5,"[2, 6]",0.75,False,0.15138347,0.02567273,0.12684215,True
49,1,21,Pz,0.15461569,0.00760221,0.15542537,0.5,0.5,"[2, 6]",0.75,False,0.15138347,0.02567273,0.12684215,True
49,1,22,P3,0.11990717,0.11990717,0.12918356,0.5,0.5,"[2, 6]",0.75,False,0.15138347,0.02567273,0.12684215,True
49,1,23,P4,0.11249606,-0.10157746,0.12620139,0.5,0.5,"[2, 6]",0.75,False,0.15138347,0.02567273,0.12684215,True
49,1,24,T5,0.10074425,0.06989102,0.11389804,0.5,0.5,"[2, 6]",0.75,False,0.15138347,0.02567273,0.12684215,True
49,1,25,T6,0.07471624,-0.04449758,0.08589324,0.5,0.5,"[2, 6]",0.75,False,0.15138347,0.02567273,0.12684215,True
49,1,26,Oz,0.06294886,0.03664068,0.06414396,0.5,0.5,"[2, 6]",0.75,False,0.15138347,0.02567273,0.12684215,True
49,1,27,O1,0.11453667,0.06033532,0.12719254,0.5,0.5,"[2, 6]",0.75,False,0.15138347,0.02567273,0.12684215,True
49,1,28,O2,0.13577677,-0.02687361,0.13880427,0.5,0.5,"[2, 6]",0.75,False,0.15138347,0.02567273,0.12684215,True
49,2,0,Fp1,0.1106784,-0.09622514,0.12330841,0.5,0.5,"[0, 8]",1.0,True,0.00956038,0.0012009,0.00801051,True
49,2,1,Fp2,0.07744065,0.06129554,0.0948726,0.5,0.5,"[0, 8]",1.0,True,0.00956038,0.0012009,0.00801051,True
49,2,2,Fz,0.10458325,-0.0989562,0.11809787,0.5,0.5,"[0, 8]",1.0,True,0.00956038,0.0012009,0.00801051,True
49,2,3,F3,0.08812718,0.02733523,0.09520324,0.5,0.5,"[0, 8]",1.0,True,0.00956038,0.0012009,0.00801051,True
49,2,4,F4,0.09731553,0.01224728,0.10764121,0.5,0.5,"[0, 8]",1.0,True,0.00956038,0.0012009,0.00801051,True
49,2,5,F7,0.08460071,0.08158121,0.09783108,0.5,0.5,"[0, 8]",1.0,True,0.00956038,0.0012009,0.00801051,True
49,2,6,F8,0.07758772,-0.02939138,0.07860342,0.5,0.5,"[0, 8]",1.0,True,0.00956038,0.0012009,0.00801051,True
49,2,7,FCz,0.09896152,0.09896152,0.11400658,0.5,0.5,"[0, 8]",1.0,True,0.00956038,0.0012009,0.00801051,True
49,2,8,FC3,0.0305153,0.00554838,0.03756962,0.5,0.5,"[0, 8]",1.0,True,0.00956038,0.0012009,0.00801051,True
49,2,9,FC4,0.05804154,-0.05804154,0.07604764,0.5,0.5,"[0, 8]",1.0,True,0.00956038,0.0012009,0.00801051,True
49,2,10,FT7,0.09143399,-0.05867047,0.10489684,0.5,0.5,"[0, 8]",1.0,True,0.00956038,0.0012009,0.00801051,True
49,2,11,FT8,0.08001375,-0.00393059,0.09675347,0.5,0.5,"[0, 8]",1.0,True,0.00956038,0.0012009,0.00801051,True
49,2,12,Cz,0.0773514,0.07580038,0.09285368,0.5,0.5,"[0, 8]",1.0,True,0.00956038,0.0012009,0.00801051,True
49,2,13,C3,0.1153414,0.0728225,0.11758219,0.5,0.5,"[0, 8]",1.0,True,0.00956038,0.0012009,0.00801051,True
49,2,14,C4,0.08611028,-0.07501484,0.09653693,0.5,0.5,"[0, 8]",1.0,True,0.00956038,0.0012009,0.00801051,True
49,2,15,T3,0.12670973,0.12670973,0.13168141,0.5,0.5,"[0, 8]",1.0,True,0.00956038,0.0012009,0.00801051,True
49,2,16,T4,0.12159728,0.01373592,0.13428058,0.5,0.5,"[0, 8]",1.0,True,0.00956038,0.0012009,0.00801051,True
49,2,17,CP3,0.12144883,0.03363141,0.13975008,0.5,0.5,"[0, 8]",1.0,True,0.00956038,0.0012009,0.00801051,True
49,2,18,CP4,0.11088888,0.03506322,0.12739991,0.5,0.5,"[0, 8]",1.0,True,0.00956038,0.0012009,0.00801051,True
49,2,19,TP7,0.08484334,-0.01872963,0.09461627,0.5,0.5,"[0, 8]",1.0,True,0.00956038,0.0012009,0.00801051,True
49,2,20,TP8,0.08861898,-0.05907408,0.10766286,0.5,0.5,"[0, 8]",1.0,True,0.00956038,0.0012009,0.00801051,True
49,2,21,Pz,0.15215352,0.00685733,0.15235515,0.5,0.5,"[0, 8]",1.0,True,0.00956038,0.0012009,0.00801051,True
49,2,22,P3,0.10835712,0.10835712,0.11759145,0.5,0.5,"[0, 8]",1.0,True,0.00956038,0.0012009,0.00801051,True
49,2,23,P4,0.10457566,-0.09336476,0.11689368,0.5,0.5,"[0, 8]",1.0,True,0.00956038,0.0012009,0.00801051,True
49,2,24,T5,0.10441066,0.07323618,0.1136324,0.5,0.5,"[0, 8]",1.0,True,0.00956038,0.0012009,0.00801051,True
49,2,25,T6,0.08074422,-0.0621977,0.09226069,0.5,0.5,"[0, 8]",1.0,True,0.00956038,0.0012009,0.00801051,True
49,2,26,Oz,0.07765146,0.04287563,0.08002467,0.5,0.5,"[0, 8]",1.0,True,0.00956038,0.0012009,0.00801051,True
49,2,27,O1,0.12269343,0.05693485,0.13295551,0.5,0.5,"[0, 8]",1.0,True,0.00956038,0.0012009,0.00801051,True
49,2,28,O2,0.14320169,-0.02364798,0.14592697,0.5,0.5,"[0, 8]",1.0,True,0.00956038,0.0012009,0.00801051,True
49,3,0,Fp1,0.10995671,-0.09585123,0.12262449,0.5,0.5,"[0, 8]",1.0,True,0.00323098,0.00030001,0.00270719,True
49,3,1,Fp2,0.07795815,0.06131016,0.09547222,0.5,0.5,"[0, 8]",1.0,True,0.00323098,0.00030001,0.00270719,True
49,3,2,Fz,0.10415173,-0.09833151,0.11750902,0.5,0.5,"[0, 8]",1.0,True,0.00323098,0.00030001,0.00270719,True
49,3,3,F3,0.08792067,0.0278632,0.09462874,0.5,0.5,"[0, 8]",1.0,True,0.00323098,0.00030001,0.00270719,True
49,3,4,F4,0.09723284,0.01235003,0.10748133,0.5,0.5,"[0, 8]",1.0,True,0.00323098,0.00030001,0.00270719,True
49,3,5,F7,0.08425586,0.08167677,0.09774247,0.5,0.5,"[0, 8]",1.0,True,0.00323098,0.00030001,0.00270719,True
49,3,6,F8,0.07734209,-0.02890648,0.07837179,0.5,0.5,"[0, 8]",1.0,True,0.00323098,0.00030001,0.00270719,True
49,3,7,FCz,0.09893289,0.09893289,0.11430262,0.5,0.5,"[0, 8]",1.0,True,0.00323098,0.00030001,0.00270719,True
49,3,8,FC3,0.03114026,0.00602214,0.03783866,0.5,0.5,"[0, 8]",1.0,True,0.00323098,0.00030001,0.00270719,True
49,3,9,FC4,0.05804174,-0.05804174,0.07614105,0.5,0.5,"[0, 8]",1.0,True,0.00323098,0.00030001,0.00270719,True
49,3,10,FT7,0.09056979,-0.05822623,0.10413978,0.5,0.5,"[0, 8]",1.0,True,0.00323098,0.00030001,0.00270719,True
49,3,11,FT8,0.08009119,-0.0035378,0.09700155,0.5,0.5,"[0, 8]",1.0,True,0.00323098,0.00030001,0.00270719,True
49,3,12,Cz,0.07705225,0.07553367,0.09244726,0.5,0.5,"[0, 8]",1.0,True,0.00323098,0.00030001,0.00270719,True
49,3,13,C3,0.1153809,0.07281648,0.11760929,0.5,0.5,"[0, 8]",1.0,True,0.00323098,0.00030001,0.00270719,True
49,3,14,C4,0.08595485,-0.07527458,0.09636229,0.5,0.5,"[0, 8]",1.0,True,0.00323098,0.00030001,0.00270719,True
49,3,15,T3,0.12658478,0.12658478,0.13177954,0.5,0.5,"[0, 8]",1.0,True,0.00323098,0.00030001,0.00270719,True
49,3,16,T4,0.12208758,0.01331595,0.13452928,0.5,0.5,"[0, 8]",1.0,True,0.00323098,0.00030001,0.00270719,True
49,3,17,CP3,0.12082441,0.03294355,0.13925959,0.5,0.5,"[0, 8]",1.0,True,0.00323098,0.00030001,0.00270719,True
49,3,18,CP4,0.11093313,0.03465948,0.12755179,0.5,0.5,"[0, 8]",1.0,True,0.00323098,0.00030001,0.00270719,True
49,3,19,TP7,0.0847277,-0.01873149,0.09464592,0.5,0.5,"[0, 8]",1.0,True,0.00323098,0.00030001,0.00270719,True
49,3,20,TP8,0.08896946,-0.0594634,0.10819637,0.5,0.5,"[0, 8]",1.0,True,0.00323098,0.00030001,0.00270719,True
49,3,21,Pz,0.15303901,0.00703239,0.15324239,0.5,0.5,"[0, 8]",1.0,True,0.00323098,0.00030001,0.00270719,True
49,3,22,P3,0.10830744,0.10830744,0.11754787,0.5,0.5,"[0, 8]",1.0,True,0.00323098,0.00030001,0.00270719,True
49,3,23,P4,0.1049634,-0.09301534,0.11682758,0.5,0.5,"[0, 8]",1.0,True,0.00323098,0.00030001,0.00270719,True
49,3,24,T5,0.10470556,0.07313883,0.11411963,0.5,0.5,"[0, 8]",1.0,True,0.00323098,0.00030001,0.00270719,True
49,3,25,T6,0.0811255,-0.06220654,0.09237818,0.5,0.5,"[0, 8]",1.0,True,0.00323098,0.00030001,0.00270719,True
49,3,26,Oz,0.07762076,0.04241759,0.08000475,0.5,0.5,"[0, 8]",1.0,True,0.00323098,0.00030001,0.00270719,True
49,3,27,O1,0.12171213,0.05608303,0.13214338,0.5,0.5,"[0, 8]",1.0,True,0.00323098,0.00030001,0.00270719,True
49,3,28,O2,0.14414138,-0.02368953,0.14683008,0.5,0.5,"[0, 8]",1.0,True,0.00323098,0.00030001,0.00270719,True
49,4,0,Fp1,0.10980675,-0.09570121,0.12243427,0.5,0.5,"[0, 8]",1.0,True,0.00323088,0.00030001,0.00270711,True
49,4,1,Fp2,0.07795814,0.06131022,0.09547224,0.5,0.5,"[0, 8]",1.0,True,0.00323088,0.00030001,0.00270711,True
49,4,2,Fz,0.10400175,-0.0984815,0.11749455,0.5,0.5,"[0, 8]",1.0,True,0.00323088,0.00030001,0.00270711,True
49,4,3,F3,0.08777067,0.0274132,0.0946511,0.5,0.5,"[0, 8]",1.0,True,0.00323088,0.00030001,0.00270711,True
49,4,4,F4,0.09738284,0.01250003,0.1075419,0.5,0.5,"[0, 8]",1.0,True,0.00323088,0.00030001,0.00270711,True
49,4,5,F7,0.08395586,0.08167676,0.09758609,0.5,0.5,"[0, 8]",1.0,True,0.00323088,0.00030001,0.00270711,True
49,4,6,F8,0.07779206,-0.02935645,0.07877915,0.5,0.5,"[0, 8]",1.0,True,0.00323088,0.00030001,0.00270711,True
49,4,7,FCz,0.09863289,0.09863289,0.1139409,0.5,0.5,"[0, 8]",1.0,True,0.00323088,0.00030001,0.00270711,True
49,4,8,FC3,0.03114027,0.00602212,0.03783867,0.5,0.5,"[0, 8]",1.0,True,0.00323088,0.00030001,0.00270711,True
49,4,9,FC4,0.05804174,-0.05804174,0.07614105,0.5,0.5,"[0, 8]",1.0,True,0.00323088,0.00030001,0.00270711,True
49,4,10,FT7,0.09056979,-0.05822623,0.10413979,0.5,0.5,"[0, 8]",1.0,True,0.00323088,0.00030001,0.00270711,True
49,4,11,FT8,0.08009119,-0.00353779,0.09717114,0.5,0.5,"[0, 8]",1.0,True,0.00323088,0.00030001,0.00270711,True
49,4,12,Cz,0.07720224,0.07568366,0.09273551,0.5,0.5,"[0, 8]",1.0,True,0.00323088,0.00030001,0.00270711,True
49,4,13,C3,0.1152309,0.07236649,0.11737084,0.5,0.5,"[0, 8]",1.0,True,0.00323088,0.00030001,0.00270711,True
49,4,14,C4,0.08565487,-0.0749746,0.09605505,0.5,0.5,"[0, 8]",1.0,True,0.00323088,0.00030001,0.00270711,True
49,4,15,T3,0.12673478,0.12673478,0.13197485,0.5,0.5,"[0, 8]",1.0,True,0.00323088,0.00030001,0.00270711,True
49,4,16,T4,0.12223737,0.01316617,0.1346947,0.5,0.5,"[0, 8]",1.0,True,0.00323088,0.00030001,0.00270711,True
49,4,17,CP3,0.12127437,0.03279356,0.13958314,0.5,0.5,"[0, 8]",1.0,True,0.00323088,0.00030001,0.00270711,True
49,4,18,CP4,0.11093314,0.0346595,0.12755179,0.5,0.5,"[0, 8]",1.0,True,0.00323088,0.00030001,0.00270711,True
49,4,19,TP7,0.08427772,-0.0185815,0.09419104,0.5,0.5,"[0, 8]",1.0,True,0.00323088,0.00030001,0.00270711,True
49,4,20,TP8,0.08896947,-0.05916341,0.10804186,0.5,0.5,"[0, 8]",1.0,True,0.00323088,0.00030001,0.00270711,True
49,4,21,Pz,0.15303901,0.00703239,0.15324241,0.5,0.5,"[0, 8]",1.0,True,0.00323088,0.00030001,0.00270711,True
49,4,22,P3,0.10830745,0.10830745,0.11754787,0.5,0.5,"[0, 8]",1.0,True,0.00323088,0.00030001,0.00270711,True
49,4,23,P4,0.10496341,-0.09301531,0.11682757,0.5,0.5,"[0, 8]",1.0,True,0.00323088,0.00030001,0.00270711,True
49,4,24,T5,0.10530555,0.07343882,0.11467037,0.5,0.5,"[0, 8]",1.0,True,0.00323088,0.00030001,0.00270711,True
49,4,25,T6,0.08097556,-0.0620566,0.09217305,0.5,0.5,"[0, 8]",1.0,True,0.00323088,0.00030001,0.00270711,True
49,4,26,Oz,0.07762076,0.04211759,0.07994334,0.5,0.5,"[0, 8]",1.0,True,0.00323088,0.00030001,0.00270711,True
49,4,27,O1,0.12186214,0.05623304,0.13229315,0.5,0.5,"[0, 8]",1.0,True,0.00323088,0.00030001,0.00270711,True
49,4,28,O2,0.14414138,-0.02368953,0.14683008,0.5,0.5,"[0, 8]",1.0,True,0.00323088,0.00030001,0.00270711,True
49,5,0,Fp1,0.10953076,-0.0958796,0.12245039,0.5,0.5,"[0, 8]",1.0,True,0.00994797,0.00119776,0.00833527,True
49,5,1,Fp2,0.07792211,0.06192263,0.09546541,0.5,0.5,"[0, 8]",1.0,True,0.00994797,0.00119776,0.00833527,True
49,5,2,Fz,0.10450713,-0.099402,0.11831024,0.5,0.5,"[0, 8]",1.0,True,0.00994797,0.00119776,0.00833527,True
49,5,3,F3,0.0876862,0.02690733,0.09483171,0.5,0.5,"[0, 8]",1.0,True,0.00994797,0.00119776,0.00833527,True
49,5,4,F4,0.09642471,0.01197158,0.10674703,0.5,0.5,"[0, 8]",1.0,True,0.00994797,0.00119776,0.00833527,True
49,5,5,F7,0.08403463,0.08137319,0.09747258,0.5,0.5,"[0, 8]",1.0,True,0.00994797,0.00119776,0.00833527,True
49,5,6,F8,0.07821857,-0.03005456,0.07913345,0.5,0.5,"[0, 8]",1.0,True,0.00994797,0.00119776,0.00833527,True
49,5,7,FCz,0.09834992,0.09834992,0.11374054,0.5,0.5,"[0, 8]",1.0,True,0.00994797,0.00119776,0.00833527,True
49,5,8,FC3,0.03137729,0.00590466,0.03805626,0.5,0.5,"[0, 8]",1.0,True,0.00994797,0.00119776,0.00833527,True
49,5,9,FC4,0.05870565,-0.05870565,0.07654795,0.5,0.5,"[0, 8]",1.0,True,0.00994797,0.00119776,0.00833527,True
49,5,10,FT7,0.09133673,-0.05855236,0.10483591,0.5,0.5,"[0, 8]",1.0,True,0.00994797,0.00119776,0.00833527,True
49,5,11,FT8,0.07953569,-0.00386637,0.09689147,0.5,0.5,"[0, 8]",1.0,True,0.00994797,0.00119776,0.00833527,True
49,5,12,Cz,0.07688334,0.07608429,0.09279,0.5,0.5,"[0, 8]",1.0,True,0.00994797,0.00119776,0.00833527,True
49,5,13,C3,0.11510995,0.07291935,0.11738893,0.5,0.5,"[0, 8]",1.0,True,0.00994797,0.00119776,0.00833527,True
49,5,14,C4,0.08623423,-0.07511694,0.09644552,0.5,0.5,"[0, 8]",1.0,True,0.00994797,0.00119776,0.00833527,True
49,5,15,T3,0.12569401,0.12569401,0.13097475,0.5,0.5,"[0, 8]",1.0,True,0.00994797,0.00119776,0.00833527,True
49,5,16,T4,0.1220369,0.01221839,0.13439058,0.5,0.5,"[0, 8]",1.0,True,0.00994797,0.00119776,0.00833527,True
49,5,17,CP3,0.1215259,0.03335525,0.13963509,0.5,0.5,"[0, 8]",1.0,True,0.00994797,0.00119776,0.00833527,True
49,5,18,CP4,0.11138106,0.03554852,0.12779403,0.5,0.5,"[0, 8]",1.0,True,0.00994797,0.00119776,0.00833527,True
49,5,19,TP7,0.08431261,-0.0177353,0.0940818,0.5,0.5,"[0, 8]",1.0,True,0.00994797,0.00119776,0.00833527,True
49,5,20,TP8,0.08837937,-0.0589586,0.10746842,0.5,0.5,"[0, 8]",1.0,True,0.00994797,0.00119776,0.00833527,True
49,5,21,Pz,0.15346654,0.0073283,0.15369077,0.5,0.5,"[0, 8]",1.0,True,0.00994797,0.00119776,0.00833527,True
49,5,22,P3,0.10833083,0.10833083,0.11766768,0.5,0.5,"[0, 8]",1.0,True,0.00994797,0.00119776,0.00833527,True
49,5,23,P4,0.10420719,-0.09297015,0.11629134,0.5,0.5,"[0, 8]",1.0,True,0.00994797,0.00119776,0.00833527,True
49,5,24,T5,0.10484317,0.07345321,0.1142239,0.5,0.5,"[0, 8]",1.0,True,0.00994797,0.00119776,0.00833527,True
49,5,25,T6,0.08137088,-0.06212033,0.0927577,0.5,0.5,"[0, 8]",1.0,True,0.00994797,0.00119776,0.00833527,True
49,5,26,Oz,0.07708505,0.0423123,0.07931542,0.5,0.5,"[0, 8]",1.0,True,0.00994797,0.00119776,0.00833527,True
49,5,27,O1,0.12222695,0.05629379,0.13264839,0.5,0.5,"[0, 8]",1.0,True,0.00994797,0.00119776,0.00833527,True
49,5,28,O2,0.14418654,-0.02350184,0.14679137,0.5,0.5,"[0, 8]",1.0,True,0.00994797,0.00119776,0.00833527,True
50,1,0,Fp1,0.11391964,-0.10731263,0.12893611,0.5,0.5,"[4, 4]",0.5,False,0.2125333,0.03688088,0.17807877,True
50,1,1,Fp2,0.06862605,0.05039319,0.08228664,0.5,0.5,"[4, 4]",0.5,False,0.2125333,0.03688088,0.17807877,True
50,1,2,Fz,0.10504179,-0.09479018,0.1164773,0.5,0.5,"[4, 4]",0.5,False,0.2125333,0.03688088,0.17807877,True
50,1,3,F3,0.09792674,0.0519636,0.10339476,0.5,0.5,"[4, 4]",0.5,False,0.2125333,0.03688088,0.17807877,True
50,1,4,F4,0.10431071,0.03387551,0.10750667,0.5,0.5,"[4, 4]",0.5,False,0.2125333,0.03688088,0.17807877,True
50,1,5,F7,0.07336422,0.0664443,0.08602072,0.5,0.5,"[4, 4]",0.5,False,0.2125333,0.03688088,0.17807877,True
50,1,6,F8,0.08748781,-0.04824483,0.08822569,0.5,0.5,"[4, 4]",0.5,False,0.2125333,0.03688088,0.17807877,True
50,1,7,FCz,0.11468161,0.11468161,0.12536141,0.5,0.5,"[4, 4]",0.5,False,0.2125333,0.03688088,0.17807877,True
50,1,8,FC3,0.04339633,0.03367985,0.04921222,0.5,0.5,"[4, 4]",0.5,False,0.2125333,0.03688088,0.17807877,True
50,1,9,FC4,0.0537829,-0.03590259,0.06914686,0.5,0.5,"[4, 4]",0.5,False,0.2125333,0.03688088,0.17807877,True
50,1,10,FT7,0.09805817,-0.06443135,0.11640517,0.5,0.5,"[4, 4]",0.5,False,0.2125333,0.03688088,0.17807877,True
50,1,11,FT8,0.07567291,-0.01036318,0.09447561,0.5,0.5,"[4, 4]",0.5,False,0.2125333,0.03688088,0.17807877,True
50,1,12,Cz,0.08284022,0.08284022,0.09025487,0.5,0.5,"[4, 4]",0.5,False,0.2125333,0.03688088,0.17807877,True
50,1,13,C3,0.10600974,0.05232085,0.10814347,0.5,0.5,"[4, 4]",0.5,False,0.2125333,0.03688088,0.17807877,True
50,1,14,C4,0.0722293,-0.0501718,0.07792607,0.5,0.5,"[4, 4]",0.5,False,0.2125333,0.03688088,0.17807877,True
50,1,15,T3,0.11553235,0.11553235,0.12161561,0.5,0.5,"[4, 4]",0.5,False,0.2125333,0.03688088,0.17807877,True
50,1,16,T4,0.12159497,0.0049328,0.13297245,0.5,0.5,"[4, 4]",0.5,False,0.2125333,0.03688088,0.17807877,True
50,1,17,CP3,0.12200306,0.02543064,0.1383211,0.5,0.5,"[4, 4]",0.5,False,0.2125333,0.03688088,0.17807877,True
50,1,18,CP4,0.11561088,0.05353361,0.1325675,0.5,0.5,"[4, 4]",0.5,False,0.2125333,0.03688088,0.17807877,True
50,1,19,TP7,0.08079316,-0.03504453,0.09297858,0.5,0.5,"[4, 4]",0.5,False,0.2125333,0.03688088,0.17807877,True
50,1,20,TP8,0.09382213,-0.07171357,0.11844683,0.5,0.5,"[4, 4]",0.5,False,0.2125333,0.03688088,0.17807877,True
50,1,21,Pz,0.14407761,0.02601957,0.14752403,0.5,0.5,"[4, 4]",0.5,False,0.2125333,0.03688088,0.17807877,True
50,1,22,P3,0.10726503,0.10726503,0.1154867,0.5,0.5,"[4, 4]",0.5,False,0.2125333,0.03688088,0.17807877,True
50,1,23,P4,0.09992632,-0.0751446,0.10620192,0.5,0.5,"[4, 4]",0.5,False,0.2125333,0.03688088,0.17807877,True
50,1,24,T5,0.08459868,0.05825034,0.09492628,0.5,0.5,"[4, 4]",0.5,False,0.2125333,0.03688088,0.17807877,True
50,1,25,T6,0.08365397,-0.07543855,0.09764919,0.5,0.5,"[4, 4]",0.5,False,0.2125333,0.03688088,0.17807877,True
50,1,26,Oz,0.08435147,0.0432888,0.08618161,0.5,0.5,"[4, 4]",0.5,False,0.2125333,0.03688088,0.17807877,True
50,1,27,O1,0.12566328,0.0544733,0.13633019,0.5,0.5,"[4, 4]",0.5,False,0.2125333,0.03688088,0.17807877,True
50,1,28,O2,0.15804273,-0.01561131,0.16082224,0.5,0.5,"[4, 4]",0.5,False,0.2125333,0.03688088,0.17807877,True
50,2,0,Fp1,0.10965675,-0.09585121,0.12247617,0.5,0.5,"[0, 8]",1.0,True,0.00323102,0.00030001,0.00270723,True
50,2,1,Fp2,0.07780819,0.06116018,0.09524058,0.5,0.5,"[0, 8]",1.0,True,0.00323102,0.00030001,0.00270723,True
50,2,2,Fz,0.10385175,-0.0983315,0.11731137,0.5,0.5,"[0, 8]",1.0,True,0.00323102,0.00030001,0.00270723,True
50,2,3,F3,0.08777068,0.0277132,0.0944314,0.5,0.5,"[0, 8]",1.0,True,0.00323102,0.00030001,0.00270723,True
50,2,4,F4,0.09738284,0.01250003,0.107599,0.5,0.5,"[0, 8]",1.0,True,0.00323102,0.00030001,0.00270723,True
50,2,5,F7,0.08395585,0.08137676,0.09745139,0.5,0.5,"[0, 8]",1.0,True,0.00323102,0.00030001,0.00270723,True
50,2,6,F8,0.07764206,-0.02950645,0.07859506,0.5,0.5,"[0, 8]",1.0,True,0.00323102,0.00030001,0.00270723,True
50,2,7,FCz,0.09893289,0.09893289,0.11409216,0.5,0.5,"[0, 8]",1.0,True,0.00323102,0.00030001,0.00270723,True
50,2,8,FC3,0.03099027,0.00617212,0.0376402,0.5,0.5,"[0, 8]",1.0,True,0.00323102,0.00030001,0.00270723,True
50,2,9,FC4,0.05789174,-0.05789174,0.07596878,0.5,0.5,"[0, 8]",1.0,True,0.00323102,0.00030001,0.00270723,True
50,2,10,FT7,0.09071977,-0.05837622,0.10422608,0.5,0.5,"[0, 8]",1.0,True,0.00323102,0.00030001,0.00270723,True
50,2,11,FT8,0.08009119,-0.0038378,0.09718214,0.5,0.5,"[0, 8]",1.0,True,0.00323102,0.00030001,0.00270723,True
50,2,12,Cz,0.07690224,0.07568365,0.09257174,0.5,0.5,"[0, 8]",1.0,True,0.00323102,0.00030001,0.00270723,True
50,2,13,C3,0.1153809,0.07251649,0.1175865,0.5,0.5,"[0, 8]",1.0,True,0.00323102,0.00030001,0.00270723,True
50,2,14,C4,0.08565487,-0.0749746,0.09597064,0.5,0.5,"[0, 8]",1.0,True,0.00323102,0.00030001,0.00270723,True
50,2,15,T3,0.12658477,0.12658477,0.13189283,0.5,0.5,"[0, 8]",1.0,True,0.00323102,0.00030001,0.00270723,True
50,2,16,T4,0.12223755,0.013166,0.13458405,0.5,0.5,"[0, 8]",1.0,True,0.00323102,0.00030001,0.00270723,True
50,2,17,CP3,0.12097439,0.03309354,0.13945736,0.5,0.5,"[0, 8]",1.0,True,0.00323102,0.00030001,0.00270723,True
50,2,18,CP4,0.11093313,0.03465948,0.12763049,0.5,0.5,"[0, 8]",1.0,True,0.00323102,0.00030001,0.00270723,True
50,2,19,TP7,0.0847277,-0.01873149,0.09464592,0.5,0.5,"[0, 8]",1.0,True,0.00323102,0.00030001,0.00270723,True
50,2,20,TP8,0.08911946,-0.0593134,0.10830811,0.5,0.5,"[0, 8]",1.0,True,0.00323102,0.00030001,0.00270723,True
50,2,21,Pz,0.15303901,0.00703238,0.15324241,0.5,0.5,"[0, 8]",1.0,True,0.00323102,0.00030001,0.00270723,True
50,2,22,P3,0.10815744,0.10815744,0.11737484,0.5,0.5,"[0, 8]",1.0,True,0.00323102,0.00030001,0.00270723,True
50,2,23,P4,0.1048134,-0.09286531,0.11667305,0.5,0.5,"[0, 8]",1.0,True,0.00323102,0.00030001,0.00270723,True
50,2,24,T5,0.10515555,0.07328883,0.11446789,0.5,0.5,"[0, 8]",1.0,True,0.00323102,0.00030001,0.00270723,True
50,2,25,T6,0.08112549,-0.06250653,0.09237318,0.5,0.5,"[0, 8]",1.0,True,0.00323102,0.00030001,0.00270723,True
50,2,26,Oz,0.07777076,0.04226759,0.08013721,0.5,0.5,"[0, 8]",1.0,True,0.00323102,0.00030001,0.00270723,True
50,2,27,O1,0.12186212,0.05623303,0.1321317,0.5,0.5,"[0, 8]",1.0,True,0.00323102,0.00030001,0.00270723,True
50,2,28,O2,0.14429137,-0.02353954,0.14699987,0.5,0.5,"[0, 8]",1.0,True,0.00323102,0.00030001,0.00270723,True
50,3,0,Fp1,0.10965674,-0.09555121,0.12231993,0.5,0.5,"[0, 8]",1.0,True,0.00323101,0.00030001,0.00270722,True
50,3,1,Fp2,0.0778082,0.06146019,0.09525446,0.5,0.5,"[0, 8]",1.0,True,0.00323101,0.00030001,0.00270722,True
50,3,2,Fz,0.10370176,-0.0981815,0.11716076,0.5,0.5,"[0, 8]",1.0,True,0.00323101,0.00030001,0.00270722,True
50,3,3,F3,0.08762068,0.0275632,0.09435999,0.5,0.5,"[0, 8]",1.0,True,0.00323101,0.00030001,0.00270722,True
50,3,4,F4,0.09768283,0.01280002,0.10778802,0.5,0.5,"[0, 8]",1.0,True,0.00323101,0.00030001,0.00270722,True
50,3,5,F7,0.08395587,0.08137676,0.0974514,0.5,0.5,"[0, 8]",1.0,True,0.00323101,0.00030001,0.00270722,True
50,3,6,F8,0.07749207,-0.02935646,0.07844418,0.5,0.5,"[0, 8]",1.0,True,0.00323101,0.00030001,0.00270722,True
50,3,7,FCz,0.09923289,0.09923289,0.11446068,0.5,0.5,"[0, 8]",1.0,True,0.00323101,0.00030001,0.00270722,True
50,3,8,FC3,0.03114027,0.00632212,0.03770191,0.5,0.5,"[0, 8]",1.0,True,0.00323101,0.00030001,0.00270722,True
50,3,9,FC4,0.05759175,-0.05759175,0.07592831,0.5,0.5,"[0, 8]",1.0,True,0.00323101,0.00030001,0.00270722,True
50,3,10,FT7,0.09056979,-0.05822623,0.10413979,0.5,0.5,"[0, 8]",1.0,True,0.00323101,0.00030001,0.00270722,True
50,3,11,FT8,0.08009119,-0.00383779,0.09718213,0.5,0.5,"[0, 8]",1.0,True,0.00323101,0.00030001,0.00270722,True
50,3,12,Cz,0.07720222,0.07598364,0.09283416,0.5,0.5,"[0, 8]",1.0,True,0.00323101,0.00030001,0.00270722,True
50,3,13,C3,0.11553089,0.0726665,0.1177182,0.5,0.5,"[0, 8]",1.0,True,0.00323101,0.00030001,0.00270722,True
50,3,14,C4,0.08550487,-0.0748246,0.09586047,0.5,0.5,"[0, 8]",1.0,True,0.00323101,0.00030001,0.00270722,True
50,3,15,T3,0.12658478,0.12658478,0.13177954,0.5,0.5,"[0, 8]",1.0,True,0.00323101,0.00030001,0.00270722,True
50,3,16,T4,0.1220876,0.01301596,0.13448861,0.5,0.5,"[0, 8]",1.0,True,0.00323101,0.00030001,0.00270722,True
50,3,17,CP3,0.12112439,0.03324353,0.1395911,0.5,0.5,"[0, 8]",1.0,True,0.00323101,0.00030001,0.00270722,True
50,3,18,CP4,0.11108315,0.0345095,0.12781,0.5,0.5,"[0, 8]",1.0,True,0.00323101,0.00030001,0.00270722,True
50,3,19,TP7,0.08442771,-0.01903149,0.09443746,0.5,0.5,"[0, 8]",1.0,True,0.00323101,0.00030001,0.00270722,True
50,3,20,TP8,0.08911946,-0.0596134,0.10842875,0.5,0.5,"[0, 8]",1.0,True,0.00323101,0.00030001,0.00270722,True
50,3,21,Pz,0.15288901,0.0068824,0.15309027,0.5,0.5,"[0, 8]",1.0,True,0.00323101,0.00030001,0.00270722,True
50,3,22,P3,0.1081574,0.1081574,0.11737479,0.5,0.5,"[0, 8]",1.0,True,0.00323101,0.00030001,0.00270722,True
50,3,23,P4,0.10481342,-0.09286532,0.11667307,0.5,0.5,"[0, 8]",1.0,True,0.00323101,0.00030001,0.00270722,True
50,3,24,T5,0.10485555,0.07298883,0.11420297,0.5,0.5,"[0, 8]",1.0,True,0.00323101,0.00030001,0.00270722,True
50,3,25,T6,0.08112549,-0.06250652,0.09237318,0.5,0.5,"[0, 8]",1.0,True,0.00323101,0.00030001,0.00270722,True
50,3,26,Oz,0.07762076,0.04211759,0.08004226,0.5,0.5,"[0, 8]",1.0,True,0.00323101,0.00030001,0.00270722,True
50,3,27,O1,0.12156213,0.05593303,0.1319354,0.5,0.5,"[0, 8]",1.0,True,0.00323101,0.00030001,0.00270722,True
50,3,28,O2,0.14444137,-0.02368954,0.14715521,0.5,0.5,"[0, 8]",1.0,True,0.00323101,0.00030001,0.00270722,True
50,4,0,Fp1,0.10995673,-0.0961512,0.12278918,0.625,0.625,"[1, 7]",0.875,False,0.00323106,0.00030001,0.00270726,True
50,4,1,Fp2,0.07795818,0.06131018,0.09530638,0.625,0.625,"[1, 7]",0.875,False,0.00323106,0.00030001,0.00270726,True
50,4,2,Fz,0.10400176,-0.09848149,0.11749481,0.625,0.625,"[1, 7]",0.875,False,0.00323106,0.00030001,0.00270726,True
50,4,3,F3,0.08762068,0.0275632,0.09435999,0.625,0.625,"[1, 7]",0.875,False,0.00323106,0.00030001,0.00270726,True
50,4,4,F4,0.09738284,0.01250002,0.1075419,0.625,0.625,"[1, 7]",0.875,False,0.00323106,0.00030001,0.00270726,True
50,4,5,F7,0.08410586,0.08152676,0.09767,0.625,0.625,"[1, 7]",0.875,False,0.00323106,0.00030001,0.00270726,True
50,4,6,F8,0.07749207,-0.02935646,0.07844418,0.625,0.625,"[1, 7]",0.875,False,0.00323106,0.00030001,0.00270726,True
50,4,7,FCz,0.09893289,0.09893289,0.11409945,0.625,0.625,"[1, 7]",0.875,False,0.00323106,0.00030001,0.00270726,True
50,4,8,FC3,0.03099027,0.00617212,0.0376402,0.625,0.625,"[1, 7]",0.875,False,0.00323106,0.00030001,0.00270726,True
50,4,9,FC4,0.05789175,-0.05789175,0.07620241,0.625,0.625,"[1, 7]",0.875,False,0.00323106,0.00030001,0.00270726,True
50,4,10,FT7,0.09056979,-0.05822623,0.1041398,0.625,0.625,"[1, 7]",0.875,False,0.00323106,0.00030001,0.00270726,True
50,4,11,FT8,0.08009119,-0.00383779,0.09718214,0.625,0.625,"[1, 7]",0.875,False,0.00323106,0.00030001,0.00270726,True
50,4,12,Cz,0.07690224,0.07568365,0.0924428,0.625,0.625,"[1, 7]",0.875,False,0.00323106,0.00030001,0.00270726,True
50,4,13,C3,0.1153809,0.07281648,0.11760929,0.625,0.625,"[1, 7]",0.875,False,0.00323106,0.00030001,0.00270726,True
50,4,14,C4,0.08565487,-0.0749746,0.09597064,0.625,0.625,"[1, 7]",0.875,False,0.00323106,0.00030001,0.00270726,True
50,4,15,T3,0.12673478,0.12673478,0.13194491,0.625,0.625,"[1, 7]",0.875,False,0.00323106,0.00030001,0.00270726,True
50,4,16,T4,0.12193759,0.01316595,0.13443373,0.625,0.625,"[1, 7]",0.875,False,0.00323106,0.00030001,0.00270726,True
50,4,17,CP3,0.12112439,0.03324353,0.13959108,0.625,0.625,"[1, 7]",0.875,False,0.00323106,0.00030001,0.00270726,True
50,4,18,CP4,0.11093313,0.03465948,0.12755179,0.625,0.625,"[1, 7]",0.875,False,0.00323106,0.00030001,0.00270726,True
50,4,19,TP7,0.08442771,-0.01873149,0.09431884,0.625,0.625,"[1, 7]",0.875,False,0.00323106,0.00030001,0.00270726,True
50,4,20,TP8,0.08926946,-0.0594634,0.10848672,0.625,0.625,"[1, 7]",0.875,False,0.00323106,0.00030001,0.00270726,True
50,4,21,Pz,0.15303901,0.0067324,0.15323111,0.625,0.625,"[1, 7]",0.875,False,0.00323106,0.00030001,0.00270726,True
50,4,22,P3,0.10815745,0.10815745,0.1174041,0.625,0.625,"[1, 7]",0.875,False,0.00323106,0.00030001,0.00270726,True
50,4,23,P4,0.1048134,-0.0928653,0.11667304,0.625,0.625,"[1, 7]",0.875,False,0.00323106,0.00030001,0.00270726,True
50,4,24,T5,0.10485554,0.07328882,0.11419341,0.625,0.625,"[1, 7]",0.875,False,0.00323106,0.00030001,0.00270726,True
50,4,25,T6,0.08112549,-0.06250653,0.09237318,0.625,0.625,"[1, 7]",0.875,False,0.00323106,0.00030001,0.00270726,True
50,4,26,Oz,0.07762077,0.04241759,0.08000476,0.625,0.625,"[1, 7]",0.875,False,0.00323106,0.00030001,0.00270726,True
50,4,27,O1,0.12171213,0.05608303,0.13214338,0.625,0.625,"[1, 7]",0.875,False,0.00323106,0.00030001,0.00270726,True
50,4,28,O2,0.14444137,-0.02368953,0.14715521,0.625,0.625,"[1, 7]",0.875,False,0.00323106,0.00030001,0.00270726,True
50,5,0,Fp1,0.07468963,-0.06195986,0.08866341,0.5,0.5,"[6, 2]",0.75,False,0.84793466,0.24738839,0.71047293,True
50,5,1,Fp2,0.07094031,0.07094031,0.09138492,0.5,0.5,"[6, 2]",0.75,False,0.84793466,0.24738839,0.71047293,True
50,5,2,Fz,0.07893866,-0.07893866,0.09174405,0.5,0.5,"[6, 2]",0.75,False,0.84793466,0.24738839,0.71047293,True
50,5,3,F3,0.06577049,0.05448008,0.0857246,0.5,0.5,"[6, 2]",0.75,False,0.84793466,0.24738839,0.71047293,True
50,5,4,F4,0.0835501,0.05236324,0.08962779,0.5,0.5,"[6, 2]",0.75,False,0.84793466,0.24738839,0.71047293,True
50,5,5,F7,0.07261601,0.05220631,0.08917583,0.5,0.5,"[6, 2]",0.75,False,0.84793466,0.24738839,0.71047293,True
50,5,6,F8,0.08755585,0.0587174,0.14069921,0.5,0.5,"[6, 2]",0.75,False,0.84793466,0.24738839,0.71047293,True
50,5,7,FCz,0.09121808,0.09121808,0.10107362,0.5,0.5,"[6, 2]",0.75,False,0.84793466,0.24738839,0.71047293,True
50,5,8,FC3,0.11596251,0.06638917,0.12588763,0.5,0.5,"[6, 2]",0.75,False,0.84793466,0.24738839,0.71047293,True
50,5,9,FC4,0.01955204,0.0072746,0.02253169,0.5,0.5,"[6, 2]",0.75,False,0.84793466,0.24738839,0.71047293,True
50,5,10,FT7,0.09424585,-0.0319106,0.09757143,0.5,0.5,"[6, 2]",0.75,False,0.84793466,0.24738839,0.71047293,True
50,5,11,FT8,0.09769912,-0.0856171,0.13023755,0.5,0.5,"[6, 2]",0.75,False,0.84793466,0.24738839,0.71047293,True
50,5,12,Cz,0.07077388,0.07077388,0.07789411,0.5,0.5,"[6, 2]",0.75,False,0.84793466,0.24738839,0.71047293,True
50,5,13,C3,0.10136315,-0.07293558,0.1137526,0.5,0.5,"[6, 2]",0.75,False,0.84793466,0.24738839,0.71047293,True
50,5,14,C4,0.09351689,-0.07616882,0.11545675,0.5,0.5,"[6, 2]",0.75,False,0.84793466,0.24738839,0.71047293,True
50,5,15,T3,0.086606,0.086606,0.08685812,0.5,0.5,"[6, 2]",0.75,False,0.84793466,0.24738839,0.71047293,True
50,5,16,T4,0.08311728,-0.0257344,0.09673348,0.5,0.5,"[6, 2]",0.75,False,0.84793466,0.24738839,0.71047293,True
50,5,17,CP3,0.14107436,-0.00369824,0.17315762,0.5,0.5,"[6, 2]",0.75,False,0.84793466,0.24738839,0.71047293,True
50,5,18,CP4,0.15576933,0.03424286,0.16904944,0.5,0.5,"[6, 2]",0.75,False,0.84793466,0.24738839,0.71047293,True
50,5,19,TP7,0.07203022,-0.00654017,0.08719235,0.5,0.5,"[6, 2]",0.75,False,0.84793466,0.24738839,0.71047293,True
50,5,20,TP8,0.08724506,-0.07221022,0.10778626,0.5,0.5,"[6, 2]",0.75,False,0.84793466,0.24738839,0.71047293,True
50,5,21,Pz,0.0922363,0.03375769,0.13419405,0.5,0.5,"[6, 2]",0.75,False,0.84793466,0.24738839,0.71047293,True
50,5,22,P3,0.12418568,0.09022522,0.13039441,0.5,0.5,"[6, 2]",0.75,False,0.84793466,0.24738839,0.71047293,True
50,5,23,P4,0.08079932,-0.06581248,0.09375876,0.5,0.5,"[6, 2]",0.75,False,0.84793466,0.24738839,0.71047293,True
50,5,24,T5,0.03680085,0.01950987,0.04748895,0.5,0.5,"[6, 2]",0.75,False,0.84793466,0.24738839,0.71047293,True
50,5,25,T6,0.03404354,-0.00951019,0.0468725,0.5,0.5,"[6, 2]",0.75,False,0.84793466,0.24738839,0.71047293,True
50,5,26,Oz,0.08063473,0.03122215,0.09612639,0.5,0.5,"[6, 2]",0.75,False,0.84793466,0.24738839,0.71047293,True
50,5,27,O1,0.16113561,0.07961411,0.1637577,0.5,0.5,"[6, 2]",0.75,False,0.84793466,0.24738839,0.71047293,True
50,5,28,O2,0.173164,0.08569361,0.19679801,0.5,0.5,"[6, 2]",0.75,False,0.84793466,0.24738839,0.71047293,True
