{
  "48": {
    "accuracies": [
      0.95,
      0.9,
      1.0,
      1.0,
      0.95
    ],
    "balanced_accuracies": [
      0.95,
      0.9,
      1.0,
      1.0,
      0.95
    ],
    "mean_accuracy": 0.96,
    "std_accuracy": 0.03741657386773941,
    "mean_balanced_accuracy": 0.96,
    "std_balanced_accuracy": 0.03741657386773941
  },
  "49": {
    "accuracies": [
      0.75,
      0.9,
      0.9,
      0.9,
      0.85
    ],
    "balanced_accuracies": [
      0.75,
      0.8999999999999999,
      0.9,
      0.9,
      0.8500000000000001
    ],
    "mean_accuracy": 0.86,
    "std_accuracy": 0.058309518948453015,
    "mean_balanced_accuracy": 0.86,
    "std_balanced_accuracy": 0.058309518948453
  },
  "50": {
    "accuracies": [
      0.9,
      0.85,
      0.9,
      1.0,
      0.9
    ],
    "balanced_accuracies": [
      0.9,
      0.8500000000000001,
      0.9,
      1.0,
      0.9
    ],
    "mean_accuracy": 0.9099999999999999,
    "std_accuracy": 0.048989794855663564,
    "mean_balanced_accuracy": 0.9099999999999999,
    "std_balanced_accuracy": 0.048989794855663536
  },
  "51": {
    "accuracies": [
      0.3,
      0.5,
      0.3,
      0.45,
      0.5
    ],
    "balanced_accuracies": [
      0.30000000000000004,
      0.5,
      0.30000000000000004,
      0.44999999999999996,
      0.5
    ],
    "mean_accuracy": 0.41,
    "std_accuracy": 0.09165151389911681,
    "mean_balanced_accuracy": 0.41,
    "std_balanced_accuracy": 0.09165151389911677
  },
  "52": {
    "accuracies": [
      0.85,
      1.0,
      0.95,
      1.0,
      1.0
    ],
    "balanced_accuracies": [
      0.85,
      1.0,
      0.95,
      1.0,
      1.0
    ],
    "mean_accuracy": 0.96,
    "std_accuracy": 0.058309518948453015,
    "mean_balanced_accuracy": 0.96,
    "std_balanced_accuracy": 0.058309518948453015
  },
  "53": {
    "accuracies": [
      0.95,
      0.85,
      0.95,
      0.9,
      1.0
    ],
    "balanced_accuracies": [
      0.95,
      0.8500000000000001,
      0.95,
      0.9,
      1.0
    ],
    "mean_accuracy": 0.93,
    "std_accuracy": 0.05099019513592784,
    "mean_balanced_accuracy": 0.93,
    "std_balanced_accuracy": 0.050990195135927806
  },
  "54": {
    "accuracies": [
      0.65,
      0.25,
      0.45,
      0.25,
      0.7
    ],
    "balanced_accuracies": [
      0.6499999999999999,
      0.25,
      0.44999999999999996,
      0.25,
      0.7000000000000001
    ],
    "mean_accuracy": 0.45999999999999996,
    "std_accuracy": 0.19078784028338913,
    "mean_balanced_accuracy": 0.45999999999999996,
    "std_balanced_accuracy": 0.19078784028338913
  }
}