subject_id,channel_index,channel_name,mean_abs_weight,std_abs_weight,mean_signed_weight,mean_l2_weight,n_fold_values,mean_collapse_ratio,collapse_rate,mean_spatial_relative_delta
1,28,O2,0.154946836,0.015298423373940528,-0.021213224,0.15884010399999998,5,0.75,0.2,0.183144404
1,21,Pz,0.145401032,0.006717414560042425,0.01166865,0.149042662,5,0.75,0.2,0.183144404
1,16,T4,0.127814046,0.009082593984544272,0.010427166,0.135662776,5,0.75,0.2,0.183144404
1,15,T3,0.126280216,0.00461974667655381,0.126280216,0.13142960399999998,5,0.75,0.2,0.183144404
1,18,CP4,0.125673686,0.019726560932679823,0.04798754000000001,0.13898245999999997,5,0.75,0.2,0.183144404
1,17,CP3,0.12259617199999999,0.0025995334191485264,0.026451394,0.145809536,5,0.75,0.2,0.183144404
1,27,O1,0.10581950799999999,0.023034462867679812,0.042149522,0.117820954,5,0.75,0.2,0.183144404
1,0,Fp1,0.105307302,0.0064097046537044166,-0.094395508,0.1205152,5,0.75,0.2,0.183144404
1,22,P3,0.10530503799999999,0.010271484076428292,0.10345011200000001,0.122231392,5,0.75,0.2,0.183144404
1,13,C3,0.10440310400000001,0.018640002246795195,0.050652732,0.109496372,5,0.75,0.2,0.183144404
1,23,P4,0.102842412,0.009716697216589087,-0.08785193799999999,0.11309756,5,0.75,0.2,0.183144404
1,5,F7,0.0994883,0.017029069267426217,0.097421848,0.110760004,5,0.75,0.2,0.183144404
1,7,FCz,0.09822515200000001,0.0032273660981084855,0.09354427000000001,0.11507372600000002,5,0.75,0.2,0.183144404
1,24,T5,0.097469562,0.01834894325065806,0.06033727,0.107007188,5,0.75,0.2,0.183144404
1,2,Fz,0.09631292799999999,0.01726599447201985,-0.09141746,0.107930828,5,0.75,0.2,0.183144404
1,14,C4,0.094761228,0.009961325595530444,-0.083303438,0.10902472599999999,5,0.75,0.2,0.183144404
1,4,F4,0.094003874,0.018779832018521358,0.017259016,0.103052542,5,0.75,0.2,0.183144404
1,25,T6,0.093555322,0.01617019337379643,-0.058556182,0.10282625000000001,5,0.75,0.2,0.183144404
1,10,FT7,0.084501912,0.014875206186420412,-0.062193618000000006,0.10190058399999999,5,0.75,0.2,0.183144404
1,19,TP7,0.083976618,0.014356709245579923,-0.032910698,0.09725873199999999,5,0.75,0.2,0.183144404
1,20,TP8,0.081908436,0.008942956023856431,-0.050668588,0.10059049,5,0.75,0.2,0.183144404
1,11,FT8,0.07911583800000001,0.01400838551298186,0.009638438000000001,0.09312888799999999,5,0.75,0.2,0.183144404
1,12,Cz,0.07730224999999999,0.0017178376771977036,0.071660426,0.09021976400000001,5,0.75,0.2,0.183144404
1,1,Fp2,0.076136868,0.006860735509514998,0.05487327400000001,0.091656776,5,0.75,0.2,0.183144404
1,3,F3,0.074851878,0.015686981617666924,0.030933265999999997,0.087719116,5,0.75,0.2,0.183144404
1,26,Oz,0.074604576,0.008560954264997565,0.03964201,0.08088740800000001,5,0.75,0.2,0.183144404
1,6,F8,0.06674313400000001,0.014414219372434981,-0.02879718,0.06814772399999999,5,0.75,0.2,0.183144404
1,9,FC4,0.061190906,0.011816839487262658,-0.051369991999999996,0.07744451599999999,5,0.75,0.2,0.183144404
1,8,FC3,0.028308079999999996,0.010191983838340796,0.0022243519999999998,0.033202042,5,0.75,0.2,0.183144404
10,17,CP3,0.137973298,0.02218017779135393,0.044884762,0.1532744,5,0.75,0.2,0.32688569
10,28,O2,0.13300467,0.012963701809290433,-0.0270934,0.145996934,5,0.75,0.2,0.32688569
10,21,Pz,0.12201833,0.04016116994892766,0.009176208,0.126306652,5,0.75,0.2,0.32688569
10,15,T3,0.120074186,0.02615778687258022,0.10871748399999999,0.125409708,5,0.75,0.2,0.32688569
10,16,T4,0.120032392,0.014079354311683464,0.022124148,0.133102572,5,0.75,0.2,0.32688569
10,13,C3,0.117804296,0.004631605167215789,0.085939968,0.127256576,5,0.75,0.2,0.32688569
10,27,O1,0.115049676,0.008879422719683418,0.039965004,0.127252352,5,0.75,0.2,0.32688569
10,4,F4,0.11390779799999999,0.04133713675552009,0.009215528,0.13100762000000002,5,0.75,0.2,0.32688569
10,18,CP4,0.110459338,0.01306313204931612,0.03521395,0.125487306,5,0.75,0.2,0.32688569
10,5,F7,0.1068014,0.026020132535977788,0.094176576,0.127995002,5,0.75,0.2,0.32688569
10,23,P4,0.10611293400000002,0.011407271577902845,-0.083404762,0.12091459,5,0.75,0.2,0.32688569
10,22,P3,0.10419426400000001,0.012076376751545976,0.08502711199999999,0.115509618,5,0.75,0.2,0.32688569
10,2,Fz,0.103398912,0.005828933014606531,-0.10088089,0.119689914,5,0.75,0.2,0.32688569
10,10,FT7,0.102914846,0.03271219451265888,-0.040168116,0.11486948799999999,5,0.75,0.2,0.32688569
10,3,F3,0.09976913400000001,0.019629723746571928,0.026868400000000004,0.10537796800000002,5,0.75,0.2,0.32688569
10,19,TP7,0.09922903000000001,0.018725025484810438,-0.017086284,0.10966452,5,0.75,0.2,0.32688569
10,0,Fp1,0.098727072,0.03471753543623553,-0.08632375,0.110837034,5,0.75,0.2,0.32688569
10,7,FCz,0.09865020199999999,0.03021313103686326,0.096069532,0.11276079000000001,5,0.75,0.2,0.32688569
10,24,T5,0.09166565,0.026705087300966643,0.075376518,0.104081022,5,0.75,0.2,0.32688569
10,25,T6,0.08213237799999999,0.008555141047272096,-0.041442254,0.093924836,5,0.75,0.2,0.32688569
10,20,TP8,0.081230308,0.009599357483684517,-0.033142078,0.098273814,5,0.75,0.2,0.32688569
10,11,FT8,0.081224424,0.008326842321044031,0.0010163040000000002,0.09979305000000001,5,0.75,0.2,0.32688569
10,14,C4,0.079822616,0.028959476787434022,-0.075240958,0.08967735,5,0.75,0.2,0.32688569
10,6,F8,0.078834606,0.007312546023173462,-0.022986760000000002,0.081741,5,0.75,0.2,0.32688569
10,9,FC4,0.078533246,0.03669597653258365,-0.050160362,0.09456840200000001,5,0.75,0.2,0.32688569
10,12,Cz,0.07123503,0.013064889078321715,0.038938062,0.08585282400000001,5,0.75,0.2,0.32688569
10,26,Oz,0.070394228,0.009770547065616132,0.02370139,0.073475492,5,0.75,0.2,0.32688569
10,1,Fp2,0.067847178,0.020756320391931708,0.051064976,0.083421998,5,0.75,0.2,0.32688569
10,8,FC3,0.043266031999999996,0.026919937964711576,0.01242852,0.053218907999999995,5,0.75,0.2,0.32688569
11,28,O2,0.159311606,0.022222186508839087,-0.023948614,0.162351658,5,0.725,0.4,0.389085736
11,21,Pz,0.1453881,0.02016506201513152,-0.05009189000000001,0.160844348,5,0.725,0.4,0.389085736
11,18,CP4,0.120964624,0.018159101218158624,0.020498666,0.134013768,5,0.725,0.4,0.389085736
11,23,P4,0.117606956,0.0358440277882736,-0.09595636599999999,0.133645434,5,0.725,0.4,0.389085736
11,17,CP3,0.11753144600000001,0.0212555210929697,0.017286568000000002,0.135564652,5,0.725,0.4,0.389085736
11,16,T4,0.11531840199999999,0.025735541971372386,0.00344929,0.12862823399999998,5,0.725,0.4,0.389085736
11,2,Fz,0.113503392,0.020962356881530992,-0.11128049799999999,0.126642254,5,0.725,0.4,0.389085736
11,3,F3,0.107426664,0.04185190853672363,-0.004284746000000001,0.117631844,5,0.725,0.4,0.389085736
11,27,O1,0.10373571200000001,0.019226616320723727,0.048563195999999996,0.117740556,5,0.725,0.4,0.389085736
11,15,T3,0.10228916000000002,0.0233440246803031,0.076881718,0.10793032200000001,5,0.725,0.4,0.389085736
11,12,Cz,0.101330956,0.044479662207380574,0.10078351999999999,0.121627954,5,0.725,0.4,0.389085736
11,24,T5,0.100593106,0.0258424456657672,0.072190008,0.11421494800000001,5,0.725,0.4,0.389085736
11,13,C3,0.098881646,0.04374803814785676,0.05573834,0.10923194,5,0.725,0.4,0.389085736
11,0,Fp1,0.09668863400000001,0.030310800693827442,-0.071229778,0.11004834000000001,5,0.725,0.4,0.389085736
11,10,FT7,0.09549017800000001,0.01712634252415325,-0.027541490000000002,0.110157282,5,0.725,0.4,0.389085736
11,7,FCz,0.095170542,0.020751795085108177,0.073479264,0.111348862,5,0.725,0.4,0.389085736
11,4,F4,0.093164672,0.01772846910312252,0.024202262,0.10005799,5,0.725,0.4,0.389085736
11,22,P3,0.08981554,0.02522818534994343,0.070056482,0.099066828,5,0.725,0.4,0.389085736
11,19,TP7,0.08632928200000001,0.02173341953375424,-0.006031353999999999,0.096990412,5,0.725,0.4,0.389085736
11,11,FT8,0.082314466,0.023320917133621267,0.016047268,0.10082577,5,0.725,0.4,0.389085736
11,25,T6,0.07834580799999999,0.03139337893097953,-0.024886224000000002,0.086328036,5,0.725,0.4,0.389085736
11,14,C4,0.074098182,0.015054156268355597,-0.052302970000000004,0.083164328,5,0.725,0.4,0.389085736
11,5,F7,0.07378486199999999,0.014855292560273594,0.066304184,0.086188656,5,0.725,0.4,0.389085736
11,1,Fp2,0.06887620800000001,0.010999519030360822,0.053788258,0.086442248,5,0.725,0.4,0.389085736
11,20,TP8,0.068787318,0.023338437161508265,-0.026874448000000002,0.08164785799999999,5,0.725,0.4,0.389085736
11,9,FC4,0.062921508,0.010535693946084898,-0.036599634000000006,0.07816801,5,0.725,0.4,0.389085736
11,6,F8,0.060469732,0.016169486173860628,-0.004075395999999999,0.07513312400000001,5,0.725,0.4,0.389085736
11,26,Oz,0.05957752200000001,0.016103333160220897,0.01723097,0.06507891800000001,5,0.725,0.4,0.389085736
11,8,FC3,0.042370638,0.01236526552305166,-0.00584572,0.053256282,5,0.725,0.4,0.389085736
12,21,Pz,0.151401556,0.003821674504092417,0.011559494,0.152794338,5,0.875,0.6,0.06535919
12,28,O2,0.146316256,0.004588610383409131,-0.015602653999999999,0.14869828599999999,5,0.875,0.6,0.06535919
12,15,T3,0.12723689600000002,0.0006406678783347918,0.12723689600000002,0.133243214,5,0.875,0.6,0.06535919
12,17,CP3,0.125405028,0.008284426016856576,0.030633554,0.142417544,5,0.875,0.6,0.06535919
12,27,O1,0.12219541,0.0004142281648439698,0.055503194,0.13114993400000002,5,0.875,0.6,0.06535919
12,16,T4,0.122167764,0.0008090494016004259,0.013630254,0.135072542,5,0.875,0.6,0.06535919
12,13,C3,0.116975494,0.003915118863844363,0.075302002,0.11958658,5,0.875,0.6,0.06535919
12,18,CP4,0.11081586400000001,0.00029137820205018817,0.033540298,0.12674776,5,0.875,0.6,0.06535919
12,0,Fp1,0.105995396,0.008143484288793707,-0.090530906,0.11776089000000001,5,0.875,0.6,0.06535919
12,2,Fz,0.105346248,0.0028080579932437304,-0.10109927199999999,0.119685142,5,0.875,0.6,0.06535919
12,23,P4,0.10357053599999999,0.0014531860185915655,-0.087779932,0.11413516800000001,5,0.875,0.6,0.06535919
12,22,P3,0.10155688999999998,0.01539045043803949,0.10099299399999999,0.111019388,5,0.875,0.6,0.06535919
12,24,T5,0.10057195999999999,0.010385994749507627,0.072488648,0.11099279399999999,5,0.875,0.6,0.06535919
12,7,FCz,0.094989318,0.007667560932439333,0.09480749200000001,0.109627798,5,0.875,0.6,0.06535919
12,20,TP8,0.09398076600000001,0.009967535683388852,-0.057699476000000006,0.11178315000000001,5,0.875,0.6,0.06535919
12,4,F4,0.092727818,0.010377910870241178,0.010789946,0.103050868,5,0.875,0.6,0.06535919
12,14,C4,0.089622992,0.010044998177253196,-0.076279372,0.099168622,5,0.875,0.6,0.06535919
12,10,FT7,0.088791556,0.004152771437381311,-0.060064122,0.10359626,5,0.875,0.6,0.06535919
12,3,F3,0.088409872,0.0021897462766768258,0.022628998,0.09716946200000001,5,0.875,0.6,0.06535919
12,5,F7,0.08537383,0.001353356596503669,0.08313372999999999,0.09831873399999999,5,0.875,0.6,0.06535919
12,19,TP7,0.08450266,0.0005730685819341294,-0.022685788000000002,0.09465874199999999,5,0.875,0.6,0.06535919
12,11,FT8,0.08261307799999999,0.005254642125289792,-0.014236568,0.09819715,5,0.875,0.6,0.06535919
12,26,Oz,0.08249489400000001,0.009696759919046666,0.049800213999999995,0.086093078,5,0.875,0.6,0.06535919
12,6,F8,0.08060877200000001,0.00611062957185019,-0.032834893999999996,0.081620618,5,0.875,0.6,0.06535919
12,1,Fp2,0.079121222,0.0032819979534606655,0.059538636,0.094771844,5,0.875,0.6,0.06535919
12,25,T6,0.07804572800000001,0.00689420181880542,-0.054013939999999996,0.087228478,5,0.875,0.6,0.06535919
12,12,Cz,0.074783974,0.004011823067332355,0.07217149199999999,0.09035085200000001,5,0.875,0.6,0.06535919
12,9,FC4,0.068870878,0.023330165560310968,-0.068870878,0.084755838,5,0.875,0.6,0.06535919
12,8,FC3,0.033101156,0.004724207862057934,0.006453294,0.039667296000000005,5,0.875,0.6,0.06535919
13,28,O2,0.147222122,0.02553412087671652,-0.00594831,0.152851094,5,0.75,0.2,0.669036104
13,15,T3,0.136521912,0.02514301609456929,0.062200319999999996,0.153446424,5,0.75,0.2,0.669036104
13,21,Pz,0.136003878,0.059058518678353426,-0.035271756,0.150183738,5,0.75,0.2,0.669036104
13,25,T6,0.13321412000000002,0.05853570886268612,-0.016584581999999997,0.144723254,5,0.75,0.2,0.669036104
13,14,C4,0.128070884,0.05034693344495154,-0.071233406,0.14497085199999998,5,0.75,0.2,0.669036104
13,2,Fz,0.127249012,0.034518750197823946,-0.10720851,0.15023652599999998,5,0.75,0.2,0.669036104
13,4,F4,0.113272018,0.03438909365568203,0.039192795999999995,0.125403626,5,0.75,0.2,0.669036104
13,22,P3,0.11019509000000001,0.02293475617410505,0.101695852,0.13191909,5,0.75,0.2,0.669036104
13,18,CP4,0.11018734599999999,0.013518545554316481,0.015781516000000002,0.131671734,5,0.75,0.2,0.669036104
13,5,F7,0.10987261400000001,0.03520199426542807,0.070975972,0.127537314,5,0.75,0.2,0.669036104
13,16,T4,0.108308972,0.01876192423960879,-0.020771602,0.126323242,5,0.75,0.2,0.669036104
13,12,Cz,0.106551188,0.03582418326469942,0.090569064,0.12167690599999999,5,0.75,0.2,0.669036104
13,27,O1,0.10590843400000001,0.02012184392781213,0.041209388,0.11748033399999999,5,0.75,0.2,0.669036104
13,20,TP8,0.10278723200000002,0.01525993122242267,0.027618622000000002,0.11952459600000001,5,0.75,0.2,0.669036104
13,24,T5,0.10258932400000001,0.04428880073776925,0.04116056,0.11418064800000001,5,0.75,0.2,0.669036104
13,19,TP7,0.098947458,0.022825511323459332,-0.012348277999999999,0.113061126,5,0.75,0.2,0.669036104
13,7,FCz,0.097724386,0.027691729466263575,0.089246088,0.11125213600000002,5,0.75,0.2,0.669036104
13,10,FT7,0.09466480000000001,0.03909891997811065,-0.049460446000000005,0.108195716,5,0.75,0.2,0.669036104
13,13,C3,0.093360328,0.026873999086285426,0.032600185999999996,0.10189588600000002,5,0.75,0.2,0.669036104
13,23,P4,0.09022749399999999,0.029528047564079306,-0.053934494,0.098910654,5,0.75,0.2,0.669036104
13,0,Fp1,0.085173914,0.03332998697465737,-0.037801374,0.092478294,5,0.75,0.2,0.669036104
13,9,FC4,0.082979894,0.03895412141587819,-0.051537804,0.09426451,5,0.75,0.2,0.669036104
13,11,FT8,0.07987641599999999,0.020777496631473193,0.02589535,0.096791518,5,0.75,0.2,0.669036104
13,26,Oz,0.078578022,0.022688224224869824,0.030771302,0.08412774,5,0.75,0.2,0.669036104
13,8,FC3,0.07765381600000001,0.04909997345344985,0.006205324000000002,0.084402226,5,0.75,0.2,0.669036104
13,3,F3,0.076463492,0.0245584501691601,0.020692837999999998,0.088557298,5,0.75,0.2,0.669036104
13,17,CP3,0.07144037,0.045679151945743256,0.017687938,0.081766066,5,0.75,0.2,0.669036104
13,1,Fp2,0.07005411,0.007217112920410069,0.03251717,0.07999721600000001,5,0.75,0.2,0.669036104
13,6,F8,0.062228146,0.018501084931374426,-0.0021268700000000003,0.07009792200000001,5,0.75,0.2,0.669036104
14,22,P3,0.125779324,0.05319320785810234,0.05845058400000001,0.139092398,5,0.65,0.2,0.49307748
14,17,CP3,0.124692826,0.007249356055201041,0.014188751999999999,0.140342888,5,0.65,0.2,0.49307748
14,3,F3,0.12327279,0.030425555839595598,0.0003178199999999985,0.134499244,5,0.65,0.2,0.49307748
14,28,O2,0.122150858,0.018805017861636558,0.0008368040000000003,0.13224348400000002,5,0.65,0.2,0.49307748
14,21,Pz,0.12111865,0.03261542793805411,-0.01207229,0.12999360399999998,5,0.65,0.2,0.49307748
14,4,F4,0.117830772,0.04135390064755524,0.002325596,0.133242022,5,0.65,0.2,0.49307748
14,18,CP4,0.116800292,0.031515934010581385,0.03474364,0.135808616,5,0.65,0.2,0.49307748
14,27,O1,0.11368392599999999,0.01890228271555925,0.039028374,0.12109381400000001,5,0.65,0.2,0.49307748
14,16,T4,0.11138968199999999,0.017165884788347494,0.019636076,0.134592242,5,0.65,0.2,0.49307748
14,14,C4,0.10924463200000001,0.02481988967737911,-0.09538228400000001,0.128212894,5,0.65,0.2,0.49307748
14,19,TP7,0.10430861799999999,0.020426166504314273,-0.054819424000000005,0.11934514199999999,5,0.65,0.2,0.49307748
14,13,C3,0.102932774,0.013696951564646787,0.061717802,0.121687248,5,0.65,0.2,0.49307748
14,7,FCz,0.101446696,0.012135936311594583,0.098460806,0.118662482,5,0.65,0.2,0.49307748
14,24,T5,0.09768859199999999,0.01296997782832801,0.07002187,0.10498410799999999,5,0.65,0.2,0.49307748
14,15,T3,0.09543168199999999,0.03473887807249134,0.09033401199999999,0.10110458,5,0.65,0.2,0.49307748
14,11,FT8,0.09466016000000001,0.011102044194122538,-0.003238928,0.11231225600000001,5,0.65,0.2,0.49307748
14,5,F7,0.09432693,0.020233065874409636,0.084630752,0.10384713599999999,5,0.65,0.2,0.49307748
14,26,Oz,0.08660276,0.014485792197946924,0.024259523999999998,0.097732776,5,0.65,0.2,0.49307748
14,0,Fp1,0.085295292,0.028410291462537308,-0.07592082,0.10153422000000001,5,0.65,0.2,0.49307748
14,12,Cz,0.085270598,0.0061805066385345825,0.07363539,0.10185907000000001,5,0.65,0.2,0.49307748
14,23,P4,0.08436237799999999,0.01877856583574529,-0.049512848,0.102951448,5,0.65,0.2,0.49307748
14,2,Fz,0.08159628399999999,0.029211826989310852,-0.07716198199999999,0.093379486,5,0.65,0.2,0.49307748
14,25,T6,0.07140838000000001,0.009372810462401338,-0.04365873,0.081209926,5,0.65,0.2,0.49307748
14,20,TP8,0.07041812,0.02491184309833879,-0.039790702,0.083385248,5,0.65,0.2,0.49307748
14,1,Fp2,0.068651432,0.024524484085536234,0.038073050000000004,0.079565836,5,0.65,0.2,0.49307748
14,9,FC4,0.06218094,0.0281194875066074,-0.044156983999999996,0.076474564,5,0.65,0.2,0.49307748
14,10,FT7,0.058815436,0.024854270560873037,-0.039478474,0.071601626,5,0.65,0.2,0.49307748
14,6,F8,0.056792744000000006,0.030179724500744375,-0.016484831999999998,0.063308554,5,0.65,0.2,0.49307748
14,8,FC3,0.054629371999999995,0.02352329553958097,0.037245532000000005,0.06277919600000001,5,0.65,0.2,0.49307748
15,21,Pz,0.16248869400000002,0.01810965728311637,0.028696336,0.171188062,5,0.8,0.2,0.681446254
15,24,T5,0.130159258,0.03508792046311764,0.084220478,0.148034288,5,0.8,0.2,0.681446254
15,13,C3,0.127382888,0.026962806522527846,0.09534652800000001,0.140113152,5,0.8,0.2,0.681446254
15,28,O2,0.12509326999999998,0.03452404039729707,-0.013948188,0.136627532,5,0.8,0.2,0.681446254
15,3,F3,0.124953812,0.023047385318219298,0.026169768,0.137309446,5,0.8,0.2,0.681446254
15,0,Fp1,0.11163671800000001,0.039479898356123845,-0.088021792,0.12285484799999999,5,0.8,0.2,0.681446254
15,16,T4,0.106522318,0.01571166611970767,0.016852818,0.125648052,5,0.8,0.2,0.681446254
15,17,CP3,0.10537478200000001,0.024637955365821654,-0.012040604,0.125543838,5,0.8,0.2,0.681446254
15,15,T3,0.103124466,0.015671683322798474,0.091129604,0.123244796,5,0.8,0.2,0.681446254
15,2,Fz,0.098235368,0.028148456262562082,-0.055983786,0.11484020399999999,5,0.8,0.2,0.681446254
15,10,FT7,0.097555194,0.023171963724169554,-0.052693698,0.11147308199999999,5,0.8,0.2,0.681446254
15,22,P3,0.090057928,0.01778516347453461,0.063562538,0.105754192,5,0.8,0.2,0.681446254
15,14,C4,0.088204354,0.02205802586656566,-0.05267493799999999,0.109263818,5,0.8,0.2,0.681446254
15,7,FCz,0.08663929000000001,0.015879585469465204,0.046230236,0.103341302,5,0.8,0.2,0.681446254
15,20,TP8,0.08659205,0.04099606667549766,-0.053272564,0.10290949199999999,5,0.8,0.2,0.681446254
15,4,F4,0.08646061000000001,0.018098586181725634,0.015883836000000002,0.10525125399999999,5,0.8,0.2,0.681446254
15,27,O1,0.08324843200000001,0.026691469808785732,-0.009686838,0.093766476,5,0.8,0.2,0.681446254
15,23,P4,0.079924308,0.017068254889016043,-0.020394801999999997,0.089512338,5,0.8,0.2,0.681446254
15,18,CP4,0.07915981,0.032048201523869474,0.019658986,0.09084352600000001,5,0.8,0.2,0.681446254
15,12,Cz,0.07827018399999999,0.011715817969549971,0.07098186,0.09547433599999999,5,0.8,0.2,0.681446254
15,25,T6,0.07642705400000001,0.011774272672529715,-0.02325201,0.08619307200000001,5,0.8,0.2,0.681446254
15,26,Oz,0.07598885,0.022186796556985196,0.0006691020000000006,0.0870555,5,0.8,0.2,0.681446254
15,8,FC3,0.07463251200000001,0.029923620455063093,0.030855516,0.08994145,5,0.8,0.2,0.681446254
15,5,F7,0.07275871,0.024292586115814224,0.05649656199999999,0.085496904,5,0.8,0.2,0.681446254
15,1,Fp2,0.066233868,0.024365000300201514,-0.0001974560000000014,0.077351192,5,0.8,0.2,0.681446254
15,11,FT8,0.063993412,0.02485199438335825,0.025524084000000002,0.07430826,5,0.8,0.2,0.681446254
15,9,FC4,0.059038274,0.014214055696759462,-0.008622794,0.06998386399999999,5,0.8,0.2,0.681446254
15,19,TP7,0.058169578,0.022563682425298402,-0.035739614,0.07153195999999999,5,0.8,0.2,0.681446254
15,6,F8,0.057980708000000006,0.0250579942857947,0.029706062,0.06351711600000001,5,0.8,0.2,0.681446254
16,21,Pz,0.15307479,0.00051683358409646,0.006086542,0.15323411,5,0.9,0.6,0.022142054
16,28,O2,0.142421496,0.002807702527223999,-0.023322463999999998,0.145141154,5,0.9,0.6,0.022142054
16,15,T3,0.12663312599999998,0.0012398170522419816,0.12663312599999998,0.131329856,5,0.9,0.6,0.022142054
16,16,T4,0.121992396,0.00026682785607952717,0.01332831,0.134314048,5,0.9,0.6,0.022142054
16,27,O1,0.12175322,0.0016666259831917918,0.05666044,0.132325908,5,0.9,0.6,0.022142054
16,17,CP3,0.12117929599999999,0.00018084892888817336,0.032815464,0.139296204,5,0.9,0.6,0.022142054
16,13,C3,0.114426636,0.0020005704737599203,0.07280321399999999,0.116691842,5,0.9,0.6,0.022142054
16,0,Fp1,0.110765662,0.002268005221283675,-0.095089024,0.12305817399999999,5,0.9,0.6,0.022142054
16,18,CP4,0.10936958199999999,0.0024511656535554653,0.033912808,0.12605997600000002,5,0.9,0.6,0.022142054
16,22,P3,0.108733626,0.0012867885803930688,0.108733626,0.118079326,5,0.9,0.6,0.022142054
16,23,P4,0.105218952,0.00022069190904969884,-0.09189604600000001,0.11658603199999999,5,0.9,0.6,0.022142054
16,2,Fz,0.105206612,0.002483337285966212,-0.09813695,0.11844798999999999,5,0.9,0.6,0.022142054
16,24,T5,0.10455224199999999,0.0017025245540285164,0.07264527400000001,0.11431491199999999,5,0.9,0.6,0.022142054
16,7,FCz,0.099690106,0.002344457095316526,0.09929379,0.116034028,5,0.9,0.6,0.022142054
16,4,F4,0.09787805200000001,0.001710710671174412,0.011943458,0.108691962,5,0.9,0.6,0.022142054
16,10,FT7,0.092653834,0.004705478619431818,-0.059547346,0.105681388,5,0.9,0.6,0.022142054
16,3,F3,0.08983251,0.004205473730835803,0.027727002,0.09718306,5,0.9,0.6,0.022142054
16,20,TP8,0.088119088,0.0015592885659877086,-0.059426512,0.10739809,5,0.9,0.6,0.022142054
16,14,C4,0.085863036,0.0003380879895530183,-0.07583024000000001,0.096622542,5,0.9,0.6,0.022142054
16,5,F7,0.084203342,0.0004765769993086087,0.08248221600000001,0.097614516,5,0.9,0.6,0.022142054
16,19,TP7,0.083435552,0.0016752004406846376,-0.019500178,0.0938238,5,0.9,0.6,0.022142054
16,25,T6,0.080846056,0.0009509445019715945,-0.062277137999999996,0.092274824,5,0.9,0.6,0.022142054
16,12,Cz,0.07899835200000001,0.003514826242742303,0.075686586,0.093554412,5,0.9,0.6,0.022142054
16,6,F8,0.078129466,0.0017525323534331688,-0.029999174,0.079095884,5,0.9,0.6,0.022142054
16,11,FT8,0.078029402,0.0036660086247675373,-0.0031900440000000004,0.09630513,5,0.9,0.6,0.022142054
16,26,Oz,0.077956184,0.001090014782872232,0.043586704,0.080285584,5,0.9,0.6,0.022142054
16,1,Fp2,0.07756526,0.0005752705084566704,0.062243455999999996,0.095420008,5,0.9,0.6,0.022142054
16,9,FC4,0.05759080600000001,0.0006378926828863955,-0.05759080600000001,0.075728032,5,0.9,0.6,0.022142054
16,8,FC3,0.032972042,0.004112160777774866,0.005946478,0.039726994,5,0.9,0.6,0.022142054
17,21,Pz,0.134738758,0.02891884281776191,-0.027165840000000004,0.145869154,5,0.775,0.4,0.41289587799999994
17,28,O2,0.124494014,0.02022349763456806,-0.02882228,0.13462659999999999,5,0.775,0.4,0.41289587799999994
17,7,FCz,0.12014195999999999,0.030907009867022894,0.11421472400000002,0.13296262,5,0.775,0.4,0.41289587799999994
17,17,CP3,0.118130078,0.006451398013835451,0.0068702799999999994,0.13860755,5,0.775,0.4,0.41289587799999994
17,3,F3,0.11549583000000001,0.03729663954701951,0.065515986,0.12680350599999998,5,0.775,0.4,0.41289587799999994
17,18,CP4,0.111496314,0.019459993574088872,0.029738168,0.12746139,5,0.775,0.4,0.41289587799999994
17,16,T4,0.11070765599999999,0.027353384399117418,0.024358644,0.12473303399999999,5,0.775,0.4,0.41289587799999994
17,2,Fz,0.110412642,0.01433164460512714,-0.10856074599999999,0.11964389,5,0.775,0.4,0.41289587799999994
17,12,Cz,0.10721856,0.03119608655479482,0.092672104,0.127939426,5,0.775,0.4,0.41289587799999994
17,22,P3,0.10520427800000001,0.01528339138790112,0.10382384600000001,0.119528966,5,0.775,0.4,0.41289587799999994
17,27,O1,0.105183388,0.017119207007636767,0.039287412,0.12430195200000001,5,0.775,0.4,0.41289587799999994
17,0,Fp1,0.10414227999999999,0.016598742180572005,-0.08308285,0.121081558,5,0.775,0.4,0.41289587799999994
17,19,TP7,0.102497204,0.038170910870842206,-0.002672727999999999,0.11326845199999999,5,0.775,0.4,0.41289587799999994
17,23,P4,0.095894476,0.01989008031817946,-0.085389884,0.10759378800000001,5,0.775,0.4,0.41289587799999994
17,13,C3,0.09449236,0.024202197890027467,0.06391043599999999,0.109413554,5,0.775,0.4,0.41289587799999994
17,4,F4,0.09156505,0.010949235412952365,0.011679362,0.10496077000000001,5,0.775,0.4,0.41289587799999994
17,15,T3,0.0908318,0.04122936354546781,0.071010212,0.098787442,5,0.775,0.4,0.41289587799999994
17,24,T5,0.087720732,0.032613894264541914,0.068143136,0.10088192,5,0.775,0.4,0.41289587799999994
17,5,F7,0.08651479399999999,0.007412921063982131,0.076516138,0.104794378,5,0.775,0.4,0.41289587799999994
17,20,TP8,0.083914234,0.014724992468331857,-0.05472739,0.100118296,5,0.775,0.4,0.41289587799999994
17,11,FT8,0.083028342,0.011909241560520136,-0.027463408,0.098625562,5,0.775,0.4,0.41289587799999994
17,8,FC3,0.081024228,0.05584483979114158,0.048880654,0.087599782,5,0.775,0.4,0.41289587799999994
17,1,Fp2,0.07887084600000001,0.003128014381501464,0.038411136,0.093937174,5,0.775,0.4,0.41289587799999994
17,14,C4,0.07760518400000001,0.012858073728950615,-0.05542313,0.08681654800000001,5,0.775,0.4,0.41289587799999994
17,10,FT7,0.075364792,0.023015132036355336,-0.049438902,0.08778250400000001,5,0.775,0.4,0.41289587799999994
17,25,T6,0.075131524,0.01257402010796587,-0.0061628399999999976,0.089479214,5,0.775,0.4,0.41289587799999994
17,6,F8,0.070173386,0.007631900233701955,-0.030965162,0.07599159,5,0.775,0.4,0.41289587799999994
17,9,FC4,0.062626664,0.009112329850517374,-0.019510529999999998,0.07323874799999999,5,0.775,0.4,0.41289587799999994
17,26,Oz,0.06031079,0.016034482918304536,0.019816743999999997,0.06514276599999999,5,0.775,0.4,0.41289587799999994
18,16,T4,0.175727964,0.03512154610103147,-0.067270222,0.18729537400000001,5,0.6,0.0,0.928992772
18,27,O1,0.163486342,0.016051725456162656,0.0073522119999999995,0.188183236,5,0.6,0.0,0.928992772
18,14,C4,0.15873164,0.0475071757177413,-0.105383932,0.171381634,5,0.6,0.0,0.928992772
18,28,O2,0.15475204999999997,0.01176246752979791,0.037864648,0.165421438,5,0.6,0.0,0.928992772
18,22,P3,0.151578822,0.00979225243156395,0.143492116,0.169331786,5,0.6,0.0,0.928992772
18,18,CP4,0.143561646,0.041557667254484225,0.106212486,0.178263842,5,0.6,0.0,0.928992772
18,21,Pz,0.13312547000000002,0.012043587065880747,-0.100022154,0.15312847400000001,5,0.6,0.0,0.928992772
18,25,T6,0.125781528,0.04320311143095274,0.042563156,0.141434568,5,0.6,0.0,0.928992772
18,13,C3,0.11432626400000001,0.03170421976837043,0.095948464,0.127522302,5,0.6,0.0,0.928992772
18,17,CP3,0.10343952000000001,0.028228859259042862,0.0014892219999999997,0.11659876,5,0.6,0.0,0.928992772
18,2,Fz,0.10224126600000001,0.017706090587360897,-0.098517302,0.11393378400000001,5,0.6,0.0,0.928992772
18,24,T5,0.081307768,0.03553565291940294,0.058917090000000005,0.091561422,5,0.6,0.0,0.928992772
18,20,TP8,0.081081424,0.03168810293281739,-0.019570070000000002,0.09222151599999999,5,0.6,0.0,0.928992772
18,4,F4,0.077500864,0.02568872835862706,0.062429656,0.08436859399999999,5,0.6,0.0,0.928992772
18,26,Oz,0.077382964,0.02134284599065059,-0.060627714,0.089819468,5,0.6,0.0,0.928992772
18,11,FT8,0.075674792,0.03915715862017914,0.000903818,0.087935264,5,0.6,0.0,0.928992772
18,23,P4,0.07438312799999999,0.027250086358902977,-0.056907734,0.088026516,5,0.6,0.0,0.928992772
18,9,FC4,0.07374107799999999,0.05910056038787763,-0.017430460000000002,0.083321716,5,0.6,0.0,0.928992772
18,8,FC3,0.07104,0.025475307301880586,-0.010917963999999999,0.07920913,5,0.6,0.0,0.928992772
18,3,F3,0.069975848,0.030156680455854547,-0.007256582,0.085135002,5,0.6,0.0,0.928992772
18,19,TP7,0.06959603,0.01185028347082254,-0.007973296,0.07957845799999999,5,0.6,0.0,0.928992772
18,7,FCz,0.067233272,0.025513449321325994,0.06540235,0.07741651,5,0.6,0.0,0.928992772
18,15,T3,0.067211342,0.026902805555836923,0.055577366,0.078807884,5,0.6,0.0,0.928992772
18,12,Cz,0.054381996,0.025293693100516778,0.044867175999999995,0.062556266,5,0.6,0.0,0.928992772
18,10,FT7,0.054129916,0.01541553010175226,-0.009198074,0.060388562,5,0.6,0.0,0.928992772
18,1,Fp2,0.052619056,0.0327993321784801,0.040996898,0.067376842,5,0.6,0.0,0.928992772
18,6,F8,0.048450177999999997,0.020409687042948994,-0.026823394,0.059321888,5,0.6,0.0,0.928992772
18,0,Fp1,0.04091638,0.01628994070045069,-0.027401182000000003,0.058324254,5,0.6,0.0,0.928992772
18,5,F7,0.037944714,0.011893311133117219,0.031777808,0.04536701,5,0.6,0.0,0.928992772
19,21,Pz,0.15957341600000002,0.025510139932994877,0.008405507999999999,0.16357447600000002,5,0.725,0.2,0.23751577799999998
19,28,O2,0.142168834,0.01985435091570309,-0.016669442,0.14474836200000002,5,0.725,0.2,0.23751577799999998
19,16,T4,0.138032124,0.027874402548656182,0.011079187999999998,0.156238282,5,0.725,0.2,0.23751577799999998
19,27,O1,0.12338275400000001,0.0017405968874584358,0.055993454,0.134424388,5,0.725,0.2,0.23751577799999998
19,17,CP3,0.122317864,0.012395874165303142,0.022000871999999998,0.142375504,5,0.725,0.2,0.23751577799999998
19,15,T3,0.11830557,0.017605666328192465,0.11265519199999999,0.12678476600000002,5,0.725,0.2,0.23751577799999998
19,18,CP4,0.11733638399999999,0.012348698163443382,0.016252716,0.13696054600000002,5,0.725,0.2,0.23751577799999998
19,22,P3,0.11115507,0.005958361665000706,0.11115507,0.12143536400000002,5,0.725,0.2,0.23751577799999998
19,23,P4,0.109970236,0.009390177051199836,-0.09385215599999999,0.12303484,5,0.725,0.2,0.23751577799999998
19,0,Fp1,0.10978123,0.01124377736264597,-0.09550094,0.121225092,5,0.725,0.2,0.23751577799999998
19,13,C3,0.107891844,0.01787682358883507,0.069538022,0.11304006,5,0.725,0.2,0.23751577799999998
19,24,T5,0.10204519999999999,0.003156665559154155,0.07756735000000001,0.11225512200000001,5,0.725,0.2,0.23751577799999998
19,11,FT8,0.09310884999999999,0.017892322060826818,0.013424152,0.104669206,5,0.725,0.2,0.23751577799999998
19,14,C4,0.09178983199999999,0.010849776458744208,-0.085218304,0.113055932,5,0.725,0.2,0.23751577799999998
19,2,Fz,0.091610202,0.02409160240080286,-0.08333219,0.106702068,5,0.725,0.2,0.23751577799999998
19,10,FT7,0.091604348,0.009647772092520632,-0.051909036,0.10400351,5,0.725,0.2,0.23751577799999998
19,5,F7,0.089508076,0.011731445167447615,0.088018648,0.101175922,5,0.725,0.2,0.23751577799999998
19,26,Oz,0.088453538,0.017177734843187853,0.047766118,0.09399261,5,0.725,0.2,0.23751577799999998
19,19,TP7,0.08699559,0.011823458041871676,-0.041734324,0.09784780800000001,5,0.725,0.2,0.23751577799999998
19,3,F3,0.08678527,0.029689854852084578,0.0256156,0.097892206,5,0.725,0.2,0.23751577799999998
19,7,FCz,0.085494238,0.019534009261671547,0.085494238,0.09807094999999999,5,0.725,0.2,0.23751577799999998
19,4,F4,0.08249998,0.02659468228459874,0.005332794,0.09457666,5,0.725,0.2,0.23751577799999998
19,20,TP8,0.082346848,0.03169380857284858,-0.04287680000000001,0.097898674,5,0.725,0.2,0.23751577799999998
19,9,FC4,0.072808786,0.02003141768589108,-0.05158710600000001,0.089441798,5,0.725,0.2,0.23751577799999998
19,1,Fp2,0.070720666,0.013449696538977377,0.058218493999999996,0.085058092,5,0.725,0.2,0.23751577799999998
19,25,T6,0.068602962,0.016825457986743477,-0.056054794,0.08387425200000001,5,0.725,0.2,0.23751577799999998
19,12,Cz,0.067532942,0.0119861604020416,0.061276321999999994,0.080527906,5,0.725,0.2,0.23751577799999998
19,6,F8,0.064281122,0.017462069296740577,-0.0160452,0.06778583199999999,5,0.725,0.2,0.23751577799999998
19,8,FC3,0.048570654000000005,0.039926175385239196,-0.022593258,0.05552364,5,0.725,0.2,0.23751577799999998
2,15,T3,0.150887184,0.03819703698149872,0.150887184,0.159126466,5,0.6,0.0,0.5364258559999999
2,28,O2,0.14500701600000002,0.018845580434495243,-0.021983038,0.148780782,5,0.6,0.0,0.5364258559999999
2,18,CP4,0.13822869399999999,0.01760521151008644,0.00932826,0.16047978400000001,5,0.6,0.0,0.5364258559999999
2,7,FCz,0.13408995399999998,0.04194712348422929,0.13408995399999998,0.143056362,5,0.6,0.0,0.5364258559999999
2,21,Pz,0.133954972,0.01433483574475201,0.010654224,0.145657906,5,0.6,0.0,0.5364258559999999
2,2,Fz,0.131866224,0.009743161882616957,-0.131866224,0.143643672,5,0.6,0.0,0.5364258559999999
2,17,CP3,0.128656638,0.03908625903244924,-0.010319883999999998,0.157242362,5,0.6,0.0,0.5364258559999999
2,27,O1,0.125877936,0.015507375042141398,0.055822510000000006,0.14272266,5,0.6,0.0,0.5364258559999999
2,13,C3,0.12355538400000002,0.029082424949595072,0.060435658,0.131505366,5,0.6,0.0,0.5364258559999999
2,22,P3,0.117574738,0.05466536477276878,0.10041502800000002,0.134822982,5,0.6,0.0,0.5364258559999999
2,16,T4,0.10513415400000001,0.012104684872801523,0.044164306,0.11773863,5,0.6,0.0,0.5364258559999999
2,19,TP7,0.095145794,0.015735890557001527,-0.032861761999999996,0.107502706,5,0.6,0.0,0.5364258559999999
2,5,F7,0.083445048,0.033032323854635476,0.080577044,0.094692494,5,0.6,0.0,0.5364258559999999
2,12,Cz,0.080603052,0.022810368691587826,0.07153569600000001,0.094778876,5,0.6,0.0,0.5364258559999999
2,3,F3,0.079844392,0.013654434851692687,0.01698207,0.091398492,5,0.6,0.0,0.5364258559999999
2,14,C4,0.07877645,0.010507794639176194,0.016115987999999998,0.09148888200000001,5,0.6,0.0,0.5364258559999999
2,0,Fp1,0.07832487,0.02610553332471586,-0.070731518,0.093772526,5,0.6,0.0,0.5364258559999999
2,25,T6,0.07696778600000001,0.011159222241210626,-0.06789000199999999,0.087115442,5,0.6,0.0,0.5364258559999999
2,20,TP8,0.076731198,0.010721355727885814,-0.067548544,0.092502918,5,0.6,0.0,0.5364258559999999
2,24,T5,0.074662734,0.01516590789657942,-0.004666855999999998,0.083377544,5,0.6,0.0,0.5364258559999999
2,4,F4,0.074514588,0.01033940402842785,-0.037752787999999995,0.105477124,5,0.6,0.0,0.5364258559999999
2,23,P4,0.07233107,0.03211219293351047,-0.045537143999999995,0.080179924,5,0.6,0.0,0.5364258559999999
2,10,FT7,0.06978013400000001,0.012983113846278555,-0.020242042,0.078129728,5,0.6,0.0,0.5364258559999999
2,8,FC3,0.06814806600000001,0.02954908583869863,-0.01943712,0.07722484199999999,5,0.6,0.0,0.5364258559999999
2,1,Fp2,0.06500545399999999,0.026128439729251537,0.05708599600000001,0.074281228,5,0.6,0.0,0.5364258559999999
2,11,FT8,0.064475766,0.012815891542383231,0.015765768,0.076473344,5,0.6,0.0,0.5364258559999999
2,9,FC4,0.055981512,0.02093219423636041,-0.02218752,0.06620027399999999,5,0.6,0.0,0.5364258559999999
2,26,Oz,0.051668012,0.02287680020976207,0.018808548,0.057016224000000004,5,0.6,0.0,0.5364258559999999
2,6,F8,0.044751826,0.015308684600904805,-0.020577662,0.053500728,5,0.6,0.0,0.5364258559999999
20,28,O2,0.169481514,0.04049735727000874,0.035994712,0.177521468,5,0.65,0.0,0.723500498
20,21,Pz,0.128015956,0.03523741142486959,-0.024487068,0.13521038400000002,5,0.65,0.0,0.723500498
20,4,F4,0.12265124200000002,0.02187808416371553,0.073448104,0.13553083400000002,5,0.65,0.0,0.723500498
20,19,TP7,0.12241900000000001,0.04168261071917341,-0.080311408,0.133584548,5,0.65,0.0,0.723500498
20,2,Fz,0.118379622,0.02310508054152311,-0.10765182200000001,0.13434416600000001,5,0.65,0.0,0.723500498
20,24,T5,0.11716973400000001,0.07412663157152247,0.06060529800000001,0.128696112,5,0.65,0.0,0.723500498
20,15,T3,0.11337678600000001,0.0296334546905694,0.094604666,0.133827714,5,0.65,0.0,0.723500498
20,18,CP4,0.11303189799999999,0.025464692707528797,0.05208812,0.12152066800000001,5,0.65,0.0,0.723500498
20,23,P4,0.11068824400000002,0.01832714227844401,-0.095095136,0.131821834,5,0.65,0.0,0.723500498
20,27,O1,0.100667752,0.032037004336026326,0.021951176,0.112860462,5,0.65,0.0,0.723500498
20,5,F7,0.096292148,0.013873376150766977,0.084100946,0.112035208,5,0.65,0.0,0.723500498
20,13,C3,0.09506296,0.03540808835726874,0.049403522,0.109314132,5,0.65,0.0,0.723500498
20,20,TP8,0.094642348,0.016001998070785416,0.010252588000000002,0.10649233799999999,5,0.65,0.0,0.723500498
20,3,F3,0.092370482,0.01154563322279553,-0.019487481999999997,0.108230038,5,0.65,0.0,0.723500498
20,1,Fp2,0.090945076,0.03709631887771588,0.064118442,0.129243412,5,0.65,0.0,0.723500498
20,0,Fp1,0.08716871400000001,0.018492385929417814,-0.051024446,0.09449492400000001,5,0.65,0.0,0.723500498
20,22,P3,0.08579706200000001,0.03405798618518086,0.078137496,0.105429378,5,0.65,0.0,0.723500498
20,11,FT8,0.08560778,0.01545480009541857,-0.009744024,0.096887832,5,0.65,0.0,0.723500498
20,14,C4,0.085012012,0.03772319135405792,-0.038353316,0.101642072,5,0.65,0.0,0.723500498
20,7,FCz,0.084840586,0.007832993609002886,0.08031627599999999,0.095333716,5,0.65,0.0,0.723500498
20,16,T4,0.07696168,0.03141803019130974,0.0076695619999999996,0.090506892,5,0.65,0.0,0.723500498
20,17,CP3,0.075842178,0.047675550692811826,-0.010884728,0.082391064,5,0.65,0.0,0.723500498
20,9,FC4,0.074261408,0.03251889332062548,-0.02041113,0.083665798,5,0.65,0.0,0.723500498
20,12,Cz,0.07362021399999999,0.026930572269606153,0.053256994,0.084787678,5,0.65,0.0,0.723500498
20,6,F8,0.07353305,0.027590387062709,0.024209896,0.084891576,5,0.65,0.0,0.723500498
20,26,Oz,0.067060604,0.026060792668448896,0.014767066,0.079432058,5,0.65,0.0,0.723500498
20,25,T6,0.06624442999999999,0.029664289970528543,-0.051697021999999995,0.070548122,5,0.65,0.0,0.723500498
20,10,FT7,0.05517272399999999,0.024733490096224397,-0.022618140000000002,0.064580534,5,0.65,0.0,0.723500498
20,8,FC3,0.04588093,0.02062599773331099,0.00549862,0.058686976,5,0.65,0.0,0.723500498
21,21,Pz,0.14014527599999999,0.027566486850172437,-0.024600734000000003,0.150651314,5,0.725,0.2,0.36365423799999996
21,28,O2,0.133290568,0.016632886525055415,-0.017092428,0.139838478,5,0.725,0.2,0.36365423799999996
21,27,O1,0.12885958199999997,0.004287137363097905,0.06748246,0.13870649200000001,5,0.725,0.2,0.36365423799999996
21,17,CP3,0.124501092,0.006816598536067672,0.0026099160000000003,0.143161406,5,0.725,0.2,0.36365423799999996
21,18,CP4,0.12097756600000001,0.016806746180697198,0.042363222,0.132331488,5,0.725,0.2,0.36365423799999996
21,0,Fp1,0.112340682,0.010250609924822518,-0.09911519199999999,0.12649892199999999,5,0.725,0.2,0.36365423799999996
21,5,F7,0.11212926000000001,0.018789403232302236,0.10473600000000001,0.124839178,5,0.725,0.2,0.36365423799999996
21,16,T4,0.111763028,0.027894389111790385,0.021656132,0.12226973399999999,5,0.725,0.2,0.36365423799999996
21,2,Fz,0.10941677400000001,0.025441009063852597,-0.102316806,0.12262551,5,0.725,0.2,0.36365423799999996
21,22,P3,0.10687554000000002,0.0093835837243907,0.10687554000000002,0.12005025799999999,5,0.725,0.2,0.36365423799999996
21,1,Fp2,0.10488370799999999,0.035954640027634405,0.09480738600000001,0.122410248,5,0.725,0.2,0.36365423799999996
21,13,C3,0.10285883,0.02709599240010227,0.035485784,0.11098396799999999,5,0.725,0.2,0.36365423799999996
21,23,P4,0.095662464,0.010921986292814595,-0.07364601400000001,0.10360382000000001,5,0.725,0.2,0.36365423799999996
21,20,TP8,0.094468646,0.016549204642540376,-0.028868211999999997,0.11577185599999999,5,0.725,0.2,0.36365423799999996
21,24,T5,0.092791996,0.02026620617437388,0.045810934000000005,0.10238752799999999,5,0.725,0.2,0.36365423799999996
21,15,T3,0.084707008,0.03836374732226728,0.070687082,0.095305774,5,0.725,0.2,0.36365423799999996
21,10,FT7,0.083415754,0.009539161265540072,-0.070962932,0.105873552,5,0.725,0.2,0.36365423799999996
21,25,T6,0.081533352,0.01903416660847199,-0.074627008,0.094978312,5,0.725,0.2,0.36365423799999996
21,26,Oz,0.08055280000000001,0.025242256975041875,0.036463006,0.096311072,5,0.725,0.2,0.36365423799999996
21,19,TP7,0.07869965999999999,0.010165245489915629,-0.002345364,0.09121525,5,0.725,0.2,0.36365423799999996
21,7,FCz,0.07837641000000001,0.027570498234576756,0.07226452,0.099120524,5,0.725,0.2,0.36365423799999996
21,11,FT8,0.077361392,0.01567741203663315,-0.036487846000000004,0.098555024,5,0.725,0.2,0.36365423799999996
21,4,F4,0.07692307400000001,0.01859683519085115,0.009219764,0.0882465,5,0.725,0.2,0.36365423799999996
21,12,Cz,0.076059768,0.01151261472389179,0.07292757,0.087965808,5,0.725,0.2,0.36365423799999996
21,14,C4,0.075719184,0.009759419998000908,-0.060822534,0.08672081000000001,5,0.725,0.2,0.36365423799999996
21,3,F3,0.07501556200000001,0.015142088319903902,0.03320092,0.083841746,5,0.725,0.2,0.36365423799999996
21,6,F8,0.062532012,0.011251113717444597,0.0029318560000000005,0.069243448,5,0.725,0.2,0.36365423799999996
21,9,FC4,0.044582256,0.017110470497215435,-0.038242102,0.058900430000000004,5,0.725,0.2,0.36365423799999996
21,8,FC3,0.035372842,0.006577494009633914,0.009218802,0.040769032,5,0.725,0.2,0.36365423799999996
22,20,TP8,0.233628488,0.06511674711674885,-0.14506966000000002,0.25276138000000004,5,0.675,0.0,0.813353892
22,9,FC4,0.146560512,0.01776799369214965,-0.09216289,0.161282072,5,0.675,0.0,0.813353892
22,17,CP3,0.141829178,0.023486728020121694,-0.066766106,0.174172392,5,0.675,0.0,0.813353892
22,16,T4,0.138414384,0.03773867146840003,0.10043841,0.158058984,5,0.675,0.0,0.813353892
22,28,O2,0.12576646,0.01468738576018381,-0.062645686,0.14887858,5,0.675,0.0,0.813353892
22,5,F7,0.11884041599999999,0.0394646258863033,0.101943292,0.134010688,5,0.675,0.0,0.813353892
22,2,Fz,0.112477596,0.016713754436850203,-0.096718838,0.12466750600000001,5,0.675,0.0,0.813353892
22,18,CP4,0.11108815999999999,0.008849956194504582,0.078784616,0.119557932,5,0.675,0.0,0.813353892
22,21,Pz,0.110325272,0.03448097288121262,0.014635036,0.11558133,5,0.675,0.0,0.813353892
22,13,C3,0.108813834,0.020750470634763443,0.08072364600000001,0.11925872200000001,5,0.675,0.0,0.813353892
22,22,P3,0.087038768,0.012774973589781705,0.08078025,0.10042596399999999,5,0.675,0.0,0.813353892
22,6,F8,0.083697642,0.02097387993515673,0.012812293999999998,0.09860877,5,0.675,0.0,0.813353892
22,4,F4,0.083278884,0.0201964040419843,0.045954046,0.099927138,5,0.675,0.0,0.813353892
22,23,P4,0.082070346,0.032970684567291436,-0.013582855999999999,0.089252866,5,0.675,0.0,0.813353892
22,24,T5,0.07529593999999999,0.019365094466929408,-0.035238866,0.082346276,5,0.675,0.0,0.813353892
22,11,FT8,0.07459092,0.015419260385770775,0.0020664600000000004,0.08805661000000001,5,0.675,0.0,0.813353892
22,26,Oz,0.07241892999999999,0.006290960893468499,0.023256124,0.09390485,5,0.675,0.0,0.813353892
22,27,O1,0.071507038,0.01288406819104005,0.033697982,0.084527608,5,0.675,0.0,0.813353892
22,25,T6,0.070054296,0.03175781900465349,0.0008080619999999997,0.084275372,5,0.675,0.0,0.813353892
22,0,Fp1,0.062918982,0.012491486246350752,-0.033565264,0.07012919399999999,5,0.675,0.0,0.813353892
22,3,F3,0.060275998,0.016862885345167652,0.014223626,0.067536512,5,0.675,0.0,0.813353892
22,10,FT7,0.058129586,0.015762233840145565,-0.037288339999999996,0.07379507599999999,5,0.675,0.0,0.813353892
22,8,FC3,0.056823038000000006,0.018303680851366202,0.033192786,0.069385544,5,0.675,0.0,0.813353892
22,1,Fp2,0.056642453999999995,0.012097641717865096,0.034912292,0.06758505000000001,5,0.675,0.0,0.813353892
22,15,T3,0.056147046,0.03649178937278466,0.052058058,0.070609252,5,0.675,0.0,0.813353892
22,19,TP7,0.05383867800000001,0.019839249157270797,0.040207848000000004,0.06635429200000001,5,0.675,0.0,0.813353892
22,14,C4,0.05353835,0.023681642767655497,-0.023112024,0.06771023600000001,5,0.675,0.0,0.813353892
22,7,FCz,0.053201308,0.01781522744693202,0.043760534,0.072257326,5,0.675,0.0,0.813353892
22,12,Cz,0.048140749999999996,0.009515845961718275,0.014522572000000001,0.054428326000000006,5,0.675,0.0,0.813353892
23,16,T4,0.15210325600000002,0.04206482465390567,0.030685850000000004,0.167971372,5,0.9,0.6,0.2907752
23,21,Pz,0.14726299799999998,0.016685723445423933,-0.009162062,0.15037414,5,0.9,0.6,0.2907752
23,28,O2,0.131108498,0.02375721621271671,-0.009240772,0.13543661199999998,5,0.9,0.6,0.2907752
23,17,CP3,0.122440086,0.003997569998821784,0.0058248940000000015,0.138102742,5,0.9,0.6,0.2907752
23,12,Cz,0.117853562,0.05612653645814981,0.07997843,0.13150217,5,0.9,0.6,0.2907752
23,13,C3,0.11435401600000002,0.012898712061738178,0.072614106,0.12203691800000001,5,0.9,0.6,0.2907752
23,27,O1,0.112602932,0.013334008477949159,0.056344198,0.12341675,5,0.9,0.6,0.2907752
23,23,P4,0.11144498600000001,0.02110024526714631,-0.089175582,0.126088212,5,0.9,0.6,0.2907752
23,18,CP4,0.105615804,0.00855713742119583,0.04501803,0.120776166,5,0.9,0.6,0.2907752
23,15,T3,0.10503220799999999,0.030646160444548674,0.10415373400000001,0.11432599800000001,5,0.9,0.6,0.2907752
23,19,TP7,0.10493538799999999,0.028019764978836282,-0.0085038,0.114870714,5,0.9,0.6,0.2907752
23,7,FCz,0.10421052,0.018421893473767843,0.092344542,0.12094908600000001,5,0.9,0.6,0.2907752
23,2,Fz,0.10306471799999999,0.023538144174360263,-0.09936862799999999,0.11677313200000002,5,0.9,0.6,0.2907752
23,0,Fp1,0.097457896,0.017612648333144847,-0.080099604,0.11491227200000001,5,0.9,0.6,0.2907752
23,10,FT7,0.096818148,0.009391884164770666,-0.05467593799999999,0.10968963999999999,5,0.9,0.6,0.2907752
23,22,P3,0.096438018,0.01923393332690222,0.088207332,0.107247858,5,0.9,0.6,0.2907752
23,5,F7,0.086637382,0.00475195018883511,0.08217565600000001,0.10316346800000001,5,0.9,0.6,0.2907752
23,24,T5,0.086188716,0.028678748334630647,0.038014764,0.095743788,5,0.9,0.6,0.2907752
23,3,F3,0.082897542,0.0059829138162495734,0.004941841999999999,0.090417144,5,0.9,0.6,0.2907752
23,11,FT8,0.08102791000000001,0.010466226704732228,-0.00864302,0.098875958,5,0.9,0.6,0.2907752
23,26,Oz,0.079408846,0.011572389421641923,0.040343606,0.08805537799999999,5,0.9,0.6,0.2907752
23,25,T6,0.07928448,0.007238021311974701,-0.035119886,0.09220743,5,0.9,0.6,0.2907752
23,20,TP8,0.07834854999999999,0.019856745829087905,-0.056141872,0.097750292,5,0.9,0.6,0.2907752
23,4,F4,0.07536040000000001,0.03095070175672678,0.006555738,0.08363773599999999,5,0.9,0.6,0.2907752
23,14,C4,0.072425508,0.01747796432820968,-0.05297759,0.081277718,5,0.9,0.6,0.2907752
23,6,F8,0.06847459,0.015065259131020617,-0.0001950140000000003,0.073375988,5,0.9,0.6,0.2907752
23,1,Fp2,0.065653286,0.016821921421009852,0.039760104000000004,0.080843742,5,0.9,0.6,0.2907752
23,9,FC4,0.053913732000000006,0.010190060433538655,-0.04407415,0.06702551,5,0.9,0.6,0.2907752
23,8,FC3,0.033426274,0.0027976180715262046,0.009644112,0.040317784,5,0.9,0.6,0.2907752
24,21,Pz,0.15271897399999998,0.0008656624996382863,0.0012408500000000004,0.153119958,5,0.875,0.4,0.039485608
24,28,O2,0.1444,0.0002990951846820639,-0.026209136,0.147445792,5,0.875,0.4,0.039485608
24,15,T3,0.125841522,0.0015265519649753196,0.125841522,0.131472664,5,0.875,0.4,0.039485608
24,16,T4,0.12493490600000001,0.005723443681166088,0.014464422,0.13780404799999998,5,0.875,0.4,0.039485608
24,27,O1,0.12194020400000001,0.0003327673641299575,0.05428948,0.132410308,5,0.875,0.4,0.039485608
24,17,CP3,0.12138148,0.0002760570733562189,0.033456458,0.140172022,5,0.875,0.4,0.039485608
24,13,C3,0.11230907999999999,0.006463997098440715,0.06940327399999999,0.11476458599999999,5,0.875,0.4,0.039485608
24,18,CP4,0.110560752,0.0010663767239442144,0.032252596,0.127335668,5,0.875,0.4,0.039485608
24,22,P3,0.10713502,0.0027665359822438623,0.10713502,0.11669206400000001,5,0.875,0.4,0.039485608
24,23,P4,0.10643544199999999,0.0037831287452742084,-0.095798874,0.119378348,5,0.875,0.4,0.039485608
24,2,Fz,0.10610684,0.0030421259028103995,-0.09740468999999999,0.118445922,5,0.875,0.4,0.039485608
24,0,Fp1,0.105129224,0.009795801158135567,-0.093974084,0.11880959799999999,5,0.875,0.4,0.039485608
24,24,T5,0.10373116200000002,0.002916721501578442,0.07195159799999999,0.11205885600000001,5,0.875,0.4,0.039485608
24,7,FCz,0.097427166,0.003144744234278837,0.097427166,0.112641916,5,0.875,0.4,0.039485608
24,4,F4,0.097207544,0.0003143224043557854,0.015328107999999998,0.106550242,5,0.875,0.4,0.039485608
24,20,TP8,0.092575244,0.006969080186242661,-0.05831742399999999,0.11070237999999999,5,0.875,0.4,0.039485608
24,10,FT7,0.09062532,0.0006486383858129277,-0.05618793600000001,0.10336809799999999,5,0.875,0.4,0.039485608
24,19,TP7,0.08775364799999999,0.006890362588174883,-0.020708314,0.097753756,5,0.875,0.4,0.039485608
24,3,F3,0.086704274,0.002061457205238564,0.026298290000000002,0.093520016,5,0.875,0.4,0.039485608
24,5,F7,0.08512237,0.0022910510382573345,0.083137374,0.098485274,5,0.875,0.4,0.039485608
24,14,C4,0.084464404,0.00286754700505153,-0.072175668,0.09399381999999999,5,0.875,0.4,0.039485608
24,25,T6,0.081158942,0.00014966038861368791,-0.062386823999999994,0.093685186,5,0.875,0.4,0.039485608
24,1,Fp2,0.080405566,0.004884582241822732,0.062783934,0.0973221,5,0.875,0.4,0.039485608
24,11,FT8,0.079877532,0.0005795276689425594,-0.0007360279999999999,0.098949768,5,0.875,0.4,0.039485608
24,12,Cz,0.075291584,0.004231925942520729,0.07248312,0.08974915,5,0.875,0.4,0.039485608
24,6,F8,0.075185056,0.005263923862127946,-0.026870364,0.07669836399999999,5,0.875,0.4,0.039485608
24,26,Oz,0.070689546,0.01420727815575806,0.036540446,0.07340408400000001,5,0.875,0.4,0.039485608
24,9,FC4,0.059528713999999996,0.0034542800038835863,-0.056509854000000005,0.077789738,5,0.875,0.4,0.039485608
24,8,FC3,0.031448739999999996,0.0004710736141517568,0.005275796,0.039412886,5,0.875,0.4,0.039485608
25,21,Pz,0.147152526,0.01816668467316697,0.004998572,0.151057762,5,0.675,0.2,0.189203758
25,28,O2,0.135447662,0.011713458800715957,-0.018968686000000002,0.13767902599999998,5,0.675,0.2,0.189203758
25,16,T4,0.12849634399999998,0.004731764380078534,0.008675234,0.14347703,5,0.675,0.2,0.189203758
25,17,CP3,0.124754754,0.0068673386182770985,0.053351992,0.146910864,5,0.675,0.2,0.189203758
25,15,T3,0.12225824599999999,0.00882588286166489,0.12225824599999999,0.12978622999999997,5,0.675,0.2,0.189203758
25,27,O1,0.119223302,0.003548470444898761,0.053468878,0.12942973,5,0.675,0.2,0.189203758
25,23,P4,0.11421637600000001,0.013464057945256706,-0.106726846,0.129973378,5,0.675,0.2,0.189203758
25,13,C3,0.11383275600000001,0.009510589301658968,0.07425417599999999,0.11691192400000001,5,0.675,0.2,0.189203758
25,18,CP4,0.10662621000000001,0.010606007199024053,0.048798702,0.12456179600000002,5,0.675,0.2,0.189203758
25,0,Fp1,0.10499996,0.0063335022846565696,-0.095988486,0.1223517,5,0.675,0.2,0.189203758
25,2,Fz,0.10393323400000001,0.0044480711240131926,-0.099953734,0.116629868,5,0.675,0.2,0.189203758
25,4,F4,0.097482556,0.0034830607473499507,0.020654664,0.10774811399999999,5,0.675,0.2,0.189203758
25,24,T5,0.092907662,0.013069653077588552,0.061400343999999996,0.104201532,5,0.675,0.2,0.189203758
25,7,FCz,0.091423246,0.012508211158020557,0.088038022,0.105556528,5,0.675,0.2,0.189203758
25,20,TP8,0.091062326,0.0054524573817664995,-0.061754934000000004,0.11178062200000001,5,0.675,0.2,0.189203758
25,19,TP7,0.09017038200000001,0.00729434599957529,-0.045035498,0.10498758799999999,5,0.675,0.2,0.189203758
25,10,FT7,0.089058978,0.005050887043457806,-0.06825826,0.099734678,5,0.675,0.2,0.189203758
25,3,F3,0.087538142,0.0008390795972194765,0.036087376000000004,0.09771764000000001,5,0.675,0.2,0.189203758
25,22,P3,0.086565536,0.02065300535337484,0.086565536,0.097816138,5,0.675,0.2,0.189203758
25,5,F7,0.084511064,0.009341738531958597,0.078820306,0.098339066,5,0.675,0.2,0.189203758
25,1,Fp2,0.08397691,0.009028760426736332,0.074131486,0.10271569600000001,5,0.675,0.2,0.189203758
25,11,FT8,0.07949186999999999,0.0030285356889675204,-0.0057699299999999995,0.09416726,5,0.675,0.2,0.189203758
25,26,Oz,0.07489290800000001,0.007348415834128468,0.040485084,0.08057708599999999,5,0.675,0.2,0.189203758
25,25,T6,0.0747955,0.009508442577060135,-0.05442518,0.087093966,5,0.675,0.2,0.189203758
25,6,F8,0.07440271000000001,0.008340520878569273,-0.027937080000000003,0.07699641,5,0.675,0.2,0.189203758
25,14,C4,0.07291656399999999,0.021303454181990773,-0.06364183,0.08363802000000001,5,0.675,0.2,0.189203758
25,12,Cz,0.072514658,0.010438149963152949,0.06679835199999999,0.08501872,5,0.675,0.2,0.189203758
25,9,FC4,0.061899236,0.02397620359668791,-0.036684398,0.079777074,5,0.675,0.2,0.189203758
25,8,FC3,0.046122157999999996,0.015555913667260753,0.005203074,0.053444632000000006,5,0.675,0.2,0.189203758
26,21,Pz,0.15281461400000002,0.0004503980562014021,0.006920145999999999,0.15302505,5,1.0,1.0,0.006642634
26,28,O2,0.144205274,0.0003867301551211096,-0.023605782,0.14689236,5,1.0,1.0,0.006642634
26,15,T3,0.127118372,0.0002496943188580813,0.127118372,0.132287062,5,1.0,1.0,0.006642634
26,16,T4,0.12211521,0.0002912726083070675,0.013443764,0.13446567999999998,5,1.0,1.0,0.006642634
26,27,O1,0.12181858599999999,0.00032376392329906,0.056384426,0.13209390000000001,5,1.0,1.0,0.006642634
26,17,CP3,0.12135995399999999,0.00037283321576812357,0.033330192,0.13975147799999998,5,1.0,1.0,0.006642634
26,13,C3,0.115280304,0.0002937991029257887,0.072305166,0.11745153400000001,5,1.0,1.0,0.006642634
26,18,CP4,0.111069138,0.00048407522077668875,0.034947874000000004,0.12772998600000002,5,1.0,1.0,0.006642634
26,0,Fp1,0.10974220800000001,0.0001696072821844652,-0.09615860600000001,0.12276468199999999,5,1.0,1.0,0.006642634
26,22,P3,0.10852582,0.0004442846051237839,0.10852582,0.117789268,5,1.0,1.0,0.006642634
26,24,T5,0.10550451999999999,0.00017623469082447704,0.07364067199999999,0.114907084,5,1.0,1.0,0.006642634
26,23,P4,0.104579032,0.0001900502927385267,-0.092761808,0.11650522,5,1.0,1.0,0.006642634
26,2,Fz,0.10381378,0.000451349322199561,-0.09868009600000001,0.11750606000000001,5,1.0,1.0,0.006642634
26,7,FCz,0.098641614,0.00023543386997201956,0.098641614,0.113923014,5,1.0,1.0,0.006642634
26,4,F4,0.09726942400000001,0.00013455258629993167,0.011931128,0.107748774,5,1.0,1.0,0.006642634
26,10,FT7,0.090478484,0.0003664342223783199,-0.058085248,0.10391312999999999,5,1.0,1.0,0.006642634
26,20,TP8,0.088766186,0.0003532710621887964,-0.05920734400000001,0.107942842,5,1.0,1.0,0.006642634
26,3,F3,0.087598804,0.00026655440632260697,0.02731956,0.09440554400000001,5,1.0,1.0,0.006642634
26,14,C4,0.085665956,0.0006619284802227502,-0.074897854,0.095996424,5,1.0,1.0,0.006642634
26,19,TP7,0.084668722,0.00026143886507173756,-0.018463858,0.094612518,5,1.0,1.0,0.006642634
26,5,F7,0.084112922,0.0003338815203331919,0.08157726,0.097719536,5,1.0,1.0,0.006642634
26,25,T6,0.08126045200000001,0.0005253875184280608,-0.06231546,0.09243608,5,1.0,1.0,0.006642634
26,11,FT8,0.079936876,0.00014776435067363246,-0.003547156,0.09697492999999999,5,1.0,1.0,0.006642634
26,26,Oz,0.077849366,0.00023565032077211702,0.042375386,0.080233722,5,1.0,1.0,0.006642634
26,1,Fp2,0.077838516,0.0003254633587364386,0.061224284,0.095212152,5,1.0,1.0,0.006642634
26,6,F8,0.07768893,0.00020849752816280787,-0.029129985999999997,0.07869219400000001,5,1.0,1.0,0.006642634
26,12,Cz,0.076812528,0.0003829998124281556,0.075604094,0.092299024,5,1.0,1.0,0.006642634
26,9,FC4,0.05812695999999999,0.0002591348537923813,-0.05812695999999999,0.076577882,5,1.0,1.0,0.006642634
26,8,FC3,0.030916914,0.00016956247161444699,0.006052842,0.037439738,5,1.0,1.0,0.006642634
27,28,O2,0.150534962,0.018404509202838572,-0.040057138000000006,0.156070314,5,0.8,0.4,0.256211554
27,21,Pz,0.147628382,0.011326612018398076,0.004426196,0.153020718,5,0.8,0.4,0.256211554
27,2,Fz,0.127127706,0.047494848398184505,-0.118083636,0.147067402,5,0.8,0.4,0.256211554
27,23,P4,0.119590178,0.03278577629986088,-0.070791594,0.133090228,5,0.8,0.4,0.256211554
27,7,FCz,0.117566902,0.041482320210435075,0.117566902,0.13874972,5,0.8,0.4,0.256211554
27,27,O1,0.11723481399999999,0.011108943224881023,0.055275584,0.129025786,5,0.8,0.4,0.256211554
27,4,F4,0.11563028000000002,0.039645077514039506,0.04721522,0.126580176,5,0.8,0.4,0.256211554
27,15,T3,0.11151993600000001,0.03462835655348055,0.10885450199999999,0.117399688,5,0.8,0.4,0.256211554
27,22,P3,0.10732749400000001,0.007207043820331605,0.10435728600000001,0.11844781600000001,5,0.8,0.4,0.256211554
27,17,CP3,0.10716299,0.031950621317498665,0.025912654,0.12469296199999999,5,0.8,0.4,0.256211554
27,18,CP4,0.10604037,0.012809787761600501,0.044816185999999994,0.1274915,5,0.8,0.4,0.256211554
27,14,C4,0.103051954,0.03736644878593537,-0.050156166,0.11534886,5,0.8,0.4,0.256211554
27,16,T4,0.101683246,0.04160875433206371,0.013038169999999998,0.113858714,5,0.8,0.4,0.256211554
27,13,C3,0.097095102,0.03972361524486058,0.056532284,0.1008629,5,0.8,0.4,0.256211554
27,24,T5,0.096100354,0.022771499287886826,0.062831678,0.105064326,5,0.8,0.4,0.256211554
27,0,Fp1,0.094713096,0.036611400033948166,-0.077404602,0.105748078,5,0.8,0.4,0.256211554
27,9,FC4,0.089316484,0.06761587156838274,-0.088883698,0.10579111199999999,5,0.8,0.4,0.256211554
27,26,Oz,0.087967164,0.022459982222404584,0.06047020400000001,0.09438466999999999,5,0.8,0.4,0.256211554
27,12,Cz,0.086294346,0.018407935229573687,0.077392706,0.103760582,5,0.8,0.4,0.256211554
27,3,F3,0.08238187599999999,0.013164964179830879,0.017067024,0.08931443,5,0.8,0.4,0.256211554
27,5,F7,0.080614872,0.006754275270728163,0.07848317,0.095193692,5,0.8,0.4,0.256211554
27,10,FT7,0.078892054,0.027722806160451724,-0.04526939,0.091774634,5,0.8,0.4,0.256211554
27,6,F8,0.078810904,0.0011141350838116517,-0.027752082,0.08037277200000001,5,0.8,0.4,0.256211554
27,19,TP7,0.07719423,0.01498777975636819,-0.023700963999999998,0.088479114,5,0.8,0.4,0.256211554
27,20,TP8,0.075447088,0.02969551761665168,-0.045242244,0.09165384400000001,5,0.8,0.4,0.256211554
27,25,T6,0.074900446,0.010629910645340813,-0.055679177999999996,0.087853546,5,0.8,0.4,0.256211554
27,11,FT8,0.07100890200000001,0.016043000925196952,0.0005082779999999995,0.085614054,5,0.8,0.4,0.256211554
27,1,Fp2,0.068756156,0.01694912749198996,0.050847326000000005,0.08288437200000001,5,0.8,0.4,0.256211554
27,8,FC3,0.0430173,0.024958971319162977,0.002002978,0.050450591999999995,5,0.8,0.4,0.256211554
28,12,Cz,0.167336668,0.0577429909749566,0.158189636,0.187847852,5,0.675,0.2,0.67140788
28,2,Fz,0.14781100600000002,0.027036422437503267,-0.14234528,0.163112974,5,0.675,0.2,0.67140788
28,16,T4,0.14280968600000002,0.02048675811795585,0.062621038,0.155664256,5,0.675,0.2,0.67140788
28,21,Pz,0.13595656,0.01907690820494899,-0.070582022,0.144208642,5,0.675,0.2,0.67140788
28,14,C4,0.133005098,0.04032294577405239,-0.101647448,0.15738289,5,0.675,0.2,0.67140788
28,7,FCz,0.12922472000000002,0.01947805962966025,0.12922472000000002,0.139119256,5,0.675,0.2,0.67140788
28,28,O2,0.117797368,0.04285404478289733,-0.02021276,0.128359652,5,0.675,0.2,0.67140788
28,23,P4,0.112635784,0.01564822695331423,-0.0922795,0.125313544,5,0.675,0.2,0.67140788
28,5,F7,0.11241313800000001,0.030902986852787712,0.108792204,0.12306776400000001,5,0.675,0.2,0.67140788
28,17,CP3,0.102695834,0.018166626848444657,0.03179032,0.125180908,5,0.675,0.2,0.67140788
28,9,FC4,0.09744623399999999,0.037391957149229035,-0.042375796,0.11689908199999999,5,0.675,0.2,0.67140788
28,18,CP4,0.097327204,0.04711667960377016,0.045518458,0.107025064,5,0.675,0.2,0.67140788
28,20,TP8,0.09658786,0.016747399886734658,0.049869555999999995,0.115223458,5,0.675,0.2,0.67140788
28,13,C3,0.092931944,0.015391864382724404,-0.012807131999999999,0.107438276,5,0.675,0.2,0.67140788
28,6,F8,0.092553926,0.025009529302200594,-0.06752792599999999,0.10541186,5,0.675,0.2,0.67140788
28,24,T5,0.09216187,0.008583659607839182,0.077638734,0.10543483199999999,5,0.675,0.2,0.67140788
28,15,T3,0.081993032,0.034198416670105064,0.044916138,0.09699492600000001,5,0.675,0.2,0.67140788
28,4,F4,0.08074779400000001,0.010555615064842504,0.011059196,0.10118346,5,0.675,0.2,0.67140788
28,22,P3,0.077449114,0.032637821099130986,0.06322456800000001,0.09167080600000001,5,0.675,0.2,0.67140788
28,1,Fp2,0.07281856,0.02654229267558664,0.06469543,0.091096978,5,0.675,0.2,0.67140788
28,10,FT7,0.072320116,0.01869637352781362,-0.044237884,0.093307888,5,0.675,0.2,0.67140788
28,25,T6,0.067288242,0.010685265101974305,-0.045501242,0.078001394,5,0.675,0.2,0.67140788
28,27,O1,0.065880936,0.03812707135568545,-0.0025560880000000006,0.073200794,5,0.675,0.2,0.67140788
28,3,F3,0.06509010000000001,0.025130451267025632,-0.028111068,0.07422419,5,0.675,0.2,0.67140788
28,19,TP7,0.06042576399999999,0.02584367306708123,-0.027172587999999998,0.070504278,5,0.675,0.2,0.67140788
28,0,Fp1,0.056660520000000006,0.029793908247068727,-0.047024258,0.064352254,5,0.675,0.2,0.67140788
28,26,Oz,0.05267936799999999,0.014337036998308614,0.042060454000000004,0.068905042,5,0.675,0.2,0.67140788
28,11,FT8,0.046847902,0.018838762411877538,-0.005379472,0.057942134,5,0.675,0.2,0.67140788
28,8,FC3,0.035039436,0.00903351008015323,-0.022818192,0.044483938,5,0.675,0.2,0.67140788
29,21,Pz,0.15283460399999999,0.0002963057028307128,0.00679003,0.15302171,5,1.0,1.0,0.0071514099999999995
29,28,O2,0.14419152600000001,0.00031621200211250745,-0.023671268000000002,0.14694628,5,1.0,1.0,0.0071514099999999995
29,15,T3,0.126994896,0.0003322290898311036,0.126994896,0.13220043,5,1.0,1.0,0.0071514099999999995
29,27,O1,0.12225824599999999,0.0003224637042056069,0.056092328000000004,0.132552536,5,1.0,1.0,0.0071514099999999995
29,16,T4,0.12218516799999998,0.0002898442398427187,0.013627206,0.13462433000000001,5,1.0,1.0,0.0071514099999999995
29,17,CP3,0.121244614,0.00022392541410032123,0.032743048,0.13960152799999997,5,1.0,1.0,0.0071514099999999995
29,13,C3,0.11581704,0.00018749246518194024,0.07256710400000001,0.1179557,5,1.0,1.0,0.0071514099999999995
29,18,CP4,0.110575048,0.00023148514265499036,0.034432442,0.12713485200000002,5,1.0,1.0,0.0071514099999999995
29,0,Fp1,0.10957424,0.00021658447266597564,-0.095521994,0.122297794,5,1.0,1.0,0.0071514099999999995
29,22,P3,0.10819405,0.00034760051157902984,0.10819405,0.11734185400000001,5,1.0,1.0,0.0071514099999999995
29,24,T5,0.105235966,0.0001645086311717416,0.073060956,0.11469908799999999,5,1.0,1.0,0.0071514099999999995
29,23,P4,0.104668824,0.00029687905421231514,-0.093086582,0.11680885199999999,5,1.0,1.0,0.0071514099999999995
29,2,Fz,0.10385019200000001,0.0003062408170378337,-0.098416276,0.11742809000000001,5,1.0,1.0,0.0071514099999999995
29,7,FCz,0.098998298,0.0001494392245028037,0.098998298,0.114448364,5,1.0,1.0,0.0071514099999999995
29,4,F4,0.097367956,0.00044409479475670594,0.012136046000000001,0.107762676,5,1.0,1.0,0.0071514099999999995
29,10,FT7,0.09056254,0.00020301983388328946,-0.058120081999999997,0.10422880000000001,5,1.0,1.0,0.0071514099999999995
29,20,TP8,0.088905072,0.0001695110056014077,-0.059401185999999995,0.108073318,5,1.0,1.0,0.0071514099999999995
29,3,F3,0.08806936000000001,0.0003114076443345593,0.02778468,0.094856754,5,1.0,1.0,0.0071514099999999995
29,14,C4,0.08561004400000001,0.00013828777288683218,-0.075243856,0.096087534,5,1.0,1.0,0.0071514099999999995
29,19,TP7,0.084148748,0.00020017437990412477,-0.019066411999999998,0.09428141400000001,5,1.0,1.0,0.0071514099999999995
29,5,F7,0.084013192,0.0003168676963181984,0.082115886,0.097922226,5,1.0,1.0,0.0071514099999999995
29,25,T6,0.081095948,0.00015013210905732532,-0.062049754,0.09235299999999999,5,1.0,1.0,0.0071514099999999995
29,11,FT8,0.07993953200000001,0.00023482452367672792,-0.003746742,0.09694616,5,1.0,1.0,0.0071514099999999995
29,26,Oz,0.077563888,0.00028127194913464223,0.042269195999999995,0.07986319,5,1.0,1.0,0.0071514099999999995
29,1,Fp2,0.077415046,0.0001329693007050887,0.061077432,0.094930774,5,1.0,1.0,0.0071514099999999995
29,6,F8,0.077395926,0.0002815632663008422,-0.029440292,0.07835614199999999,5,1.0,1.0,0.0071514099999999995
29,12,Cz,0.07680888599999999,0.0004245541632465782,0.07514322600000001,0.092255994,5,1.0,1.0,0.0071514099999999995
29,9,FC4,0.057901422,0.0004473158406204739,-0.057901422,0.07607982199999999,5,1.0,1.0,0.0071514099999999995
29,8,FC3,0.030902644,0.00036347844596344193,0.0059859019999999995,0.037478828,5,1.0,1.0,0.0071514099999999995
3,21,Pz,0.14677707,0.01556126553738802,-0.002779287999999999,0.150556486,5,0.725,0.2,0.337359596
3,28,O2,0.133495584,0.012904501744036071,-0.014909908000000003,0.143074168,5,0.725,0.2,0.337359596
3,18,CP4,0.129201572,0.026142727074753888,0.032832308,0.141798698,5,0.725,0.2,0.337359596
3,27,O1,0.12803283599999998,0.01604145520664599,0.055931862,0.13809268400000002,5,0.725,0.2,0.337359596
3,13,C3,0.12139383,0.012018565004356802,0.08741405399999999,0.13104266,5,0.725,0.2,0.337359596
3,17,CP3,0.11537305,0.015805593178239156,0.028353592000000004,0.13104935,5,0.725,0.2,0.337359596
3,0,Fp1,0.11342572799999999,0.019619580683240146,-0.105876346,0.133254868,5,0.725,0.2,0.337359596
3,22,P3,0.111464062,0.01899790577286797,0.107199548,0.130452794,5,0.725,0.2,0.337359596
3,16,T4,0.108029966,0.025216573021319334,-0.0008059880000000009,0.128518876,5,0.725,0.2,0.337359596
3,7,FCz,0.10743335999999999,0.009799570766755554,0.10219320400000001,0.12098301,5,0.725,0.2,0.337359596
3,23,P4,0.10282904,0.021512146093744345,-0.086868934,0.11769237400000002,5,0.725,0.2,0.337359596
3,15,T3,0.10151568600000001,0.022107522120653415,0.09869259999999999,0.113266474,5,0.725,0.2,0.337359596
3,4,F4,0.100053068,0.018320522473415438,0.044270484,0.11184903399999999,5,0.725,0.2,0.337359596
3,2,Fz,0.099935114,0.006037823858865046,-0.09271220599999999,0.11369169800000001,5,0.725,0.2,0.337359596
3,10,FT7,0.09708052,0.0318786381700097,-0.055960544,0.11200274399999999,5,0.725,0.2,0.337359596
3,26,Oz,0.095289896,0.02581041211248146,0.05801987399999999,0.103134044,5,0.725,0.2,0.337359596
3,14,C4,0.088804854,0.0035522622646885216,-0.050792397999999996,0.099263314,5,0.725,0.2,0.337359596
3,11,FT8,0.083834772,0.022247616434957027,-0.017295616,0.099205002,5,0.725,0.2,0.337359596
3,24,T5,0.082793666,0.023517509702360703,0.03941024,0.092795792,5,0.725,0.2,0.337359596
3,3,F3,0.080427302,0.015179854363142618,0.035905233999999994,0.093118514,5,0.725,0.2,0.337359596
3,20,TP8,0.07975813400000001,0.01361270616367407,-0.051402178,0.098165864,5,0.725,0.2,0.337359596
3,5,F7,0.07833374200000001,0.014641538894421926,0.0732329,0.091320838,5,0.725,0.2,0.337359596
3,12,Cz,0.072077146,0.014718219352325873,0.048704222000000005,0.087864342,5,0.725,0.2,0.337359596
3,1,Fp2,0.07192590800000001,0.02154039078904373,0.058624608,0.08496920599999999,5,0.725,0.2,0.337359596
3,25,T6,0.066622106,0.01691248279862924,-0.037040848,0.078045104,5,0.725,0.2,0.337359596
3,19,TP7,0.063090168,0.023061001921078145,-0.025568868,0.072483456,5,0.725,0.2,0.337359596
3,9,FC4,0.055134609999999994,0.012346834451283453,-0.050094578,0.070152608,5,0.725,0.2,0.337359596
3,6,F8,0.04988936000000001,0.02594266583431433,-0.006650804000000001,0.05443918799999999,5,0.725,0.2,0.337359596
3,8,FC3,0.044689516,0.028658208105764915,0.003923934,0.051031198,5,0.725,0.2,0.337359596
30,3,F3,0.16360819,0.07577119073995901,-0.015098761999999998,0.18690317,5,0.675,0.2,0.760947772
30,25,T6,0.13841645600000002,0.0686898020517626,0.049227867999999994,0.15342281,5,0.675,0.2,0.760947772
30,23,P4,0.137173898,0.021938665902808897,-0.081627914,0.148020072,5,0.675,0.2,0.760947772
30,18,CP4,0.126097196,0.0376477432168733,0.063344552,0.156988718,5,0.675,0.2,0.760947772
30,4,F4,0.12551851,0.0349005191756405,0.00048383000000000106,0.134978496,5,0.675,0.2,0.760947772
30,12,Cz,0.12516488799999997,0.028045651176090924,0.05565376,0.135908314,5,0.675,0.2,0.760947772
30,0,Fp1,0.12499797799999998,0.018010596102806246,-0.112351224,0.13856052400000002,5,0.675,0.2,0.760947772
30,15,T3,0.124035928,0.016251031009750432,0.124035928,0.128537258,5,0.675,0.2,0.760947772
30,21,Pz,0.11509992399999999,0.05341420744180222,0.036261966,0.11853978000000001,5,0.675,0.2,0.760947772
30,7,FCz,0.106637952,0.03373361666978683,0.106637952,0.119276804,5,0.675,0.2,0.760947772
30,16,T4,0.105422324,0.019961894828092592,0.005607306,0.119722124,5,0.675,0.2,0.760947772
30,28,O2,0.102617454,0.05519826762712785,-0.027026280000000003,0.109741234,5,0.675,0.2,0.760947772
30,17,CP3,0.09940526999999999,0.028636587075153534,0.0072700160000000015,0.11779009599999998,5,0.675,0.2,0.760947772
30,9,FC4,0.098272802,0.029782847274261236,0.023311771999999998,0.110479544,5,0.675,0.2,0.760947772
30,20,TP8,0.09809561800000001,0.020575713496282937,-0.045402038,0.11061211200000001,5,0.675,0.2,0.760947772
30,2,Fz,0.097759322,0.03354847702637811,-0.089899138,0.11424032799999999,5,0.675,0.2,0.760947772
30,8,FC3,0.083784002,0.04645186404770286,0.017572802000000002,0.095587182,5,0.675,0.2,0.760947772
30,14,C4,0.08359143599999999,0.007141947154612671,-0.071347068,0.10461283400000002,5,0.675,0.2,0.760947772
30,27,O1,0.080124396,0.040713695148396074,0.053986832,0.08935232200000001,5,0.675,0.2,0.760947772
30,13,C3,0.079264156,0.03128151952610726,-0.020916784,0.08962142399999999,5,0.675,0.2,0.760947772
30,22,P3,0.072054278,0.030244075769241485,0.051870014,0.083216894,5,0.675,0.2,0.760947772
30,24,T5,0.07143822,0.025145123401625013,0.032712602,0.07853346,5,0.675,0.2,0.760947772
30,5,F7,0.07015145199999999,0.019334040883761734,0.044606588,0.084860402,5,0.675,0.2,0.760947772
30,26,Oz,0.07010867400000001,0.018337478033596383,0.010349194,0.07293677000000001,5,0.675,0.2,0.760947772
30,10,FT7,0.060731292000000006,0.02126869286813179,-0.02690518,0.070802,5,0.675,0.2,0.760947772
30,1,Fp2,0.060112252,0.02434732412912392,0.040025674,0.06988745199999999,5,0.675,0.2,0.760947772
30,19,TP7,0.056675896,0.029484104632722528,0.0012727400000000007,0.066993064,5,0.675,0.2,0.760947772
30,6,F8,0.045530572000000005,0.021383193589105676,-0.019745946,0.050857642,5,0.675,0.2,0.760947772
30,11,FT8,0.044905912000000006,0.022418739037856704,0.02149996,0.05638862600000001,5,0.675,0.2,0.760947772
31,21,Pz,0.15441517,0.002424940688553033,0.005502046,0.154646906,5,0.975,0.8,0.023111319999999998
31,28,O2,0.14552011199999998,0.0027831087988021584,-0.025369858000000002,0.148435038,5,0.975,0.8,0.023111319999999998
31,15,T3,0.12642563,0.0007930199382739291,0.12642563,0.13179902599999999,5,0.975,0.8,0.023111319999999998
31,17,CP3,0.122640174,0.0030919480692162354,0.032962092,0.140584098,5,0.975,0.8,0.023111319999999998
31,16,T4,0.12200699200000001,0.0004398343258205324,0.013185066,0.135509098,5,0.975,0.8,0.023111319999999998
31,27,O1,0.12153573,0.0012422073914004847,0.054686981999999995,0.13238629799999999,5,0.975,0.8,0.023111319999999998
31,13,C3,0.116232432,0.0010938948511488673,0.075065824,0.118827518,5,0.975,0.8,0.023111319999999998
31,18,CP4,0.110655368,0.0002005218229270755,0.034463320000000006,0.127029906,5,0.975,0.8,0.023111319999999998
31,0,Fp1,0.109404502,0.0016888317109380632,-0.09491482,0.121702638,5,0.975,0.8,0.023111319999999998
31,22,P3,0.10782641200000001,0.0008448874205005053,0.10782641200000001,0.116772646,5,0.975,0.8,0.023111319999999998
31,2,Fz,0.104111442,0.0008462371689248798,-0.096601194,0.11670524,5,0.975,0.8,0.023111319999999998
31,23,P4,0.10389455,0.0024973799699685244,-0.093660302,0.11652011200000001,5,0.975,0.8,0.023111319999999998
31,24,T5,0.103160294,0.0026574257612923006,0.071549248,0.11227120799999998,5,0.975,0.8,0.023111319999999998
31,7,FCz,0.10009177799999999,0.0016573671369434152,0.10009177799999999,0.11485150200000001,5,0.975,0.8,0.023111319999999998
31,4,F4,0.09849257,0.0013947379727389686,0.013229898,0.108476002,5,0.975,0.8,0.023111319999999998
31,20,TP8,0.090213404,0.0020623700451373947,-0.05966072,0.10975834799999999,5,0.975,0.8,0.023111319999999998
31,10,FT7,0.089635202,0.002449721649263442,-0.058413422000000007,0.10350333,5,0.975,0.8,0.023111319999999998
31,3,F3,0.087399896,0.0009005233690915536,0.028370444,0.09384150999999999,5,0.975,0.8,0.023111319999999998
31,14,C4,0.08578904600000001,0.0001061702200713509,-0.073485312,0.095740936,5,0.975,0.8,0.023111319999999998
31,5,F7,0.085501412,0.0027472218581268597,0.081727014,0.09850772999999999,5,0.975,0.8,0.023111319999999998
31,19,TP7,0.085088932,0.001407040216312241,-0.019774968,0.094697228,5,0.975,0.8,0.023111319999999998
31,25,T6,0.08106726,0.0006217667284842402,-0.063771718,0.093298302,5,0.975,0.8,0.023111319999999998
31,6,F8,0.079422538,0.0037669497829238468,-0.02996592,0.08037729,5,0.975,0.8,0.023111319999999998
31,1,Fp2,0.079235468,0.002968281403458913,0.063079052,0.096761532,5,0.975,0.8,0.023111319999999998
31,11,FT8,0.07793656,0.003718889297740656,-0.004251368,0.09502353,5,0.975,0.8,0.023111319999999998
31,12,Cz,0.077397108,0.001418545447093606,0.076725846,0.09214017,5,0.975,0.8,0.023111319999999998
31,26,Oz,0.076317306,0.0014991695416729882,0.040665434,0.07895054,5,0.975,0.8,0.023111319999999998
31,9,FC4,0.05754197,0.00025856879587452035,-0.05754197,0.074430966,5,0.975,0.8,0.023111319999999998
31,8,FC3,0.03280781000000001,0.002892882477400352,0.00822961,0.039017374,5,0.975,0.8,0.023111319999999998
32,21,Pz,0.151473894,0.003084047147090987,0.006313126,0.151647674,5,0.85,0.2,0.01544139
32,28,O2,0.14350805,0.0012263228254623603,-0.024984148,0.146543796,5,0.85,0.2,0.01544139
32,15,T3,0.127069454,0.00027696718240615196,0.127069454,0.13216545,5,0.85,0.2,0.01544139
32,16,T4,0.122751494,0.0009585932120978126,0.013151714,0.135148556,5,0.85,0.2,0.01544139
32,27,O1,0.12204221600000001,0.0008184048232568024,0.055176844,0.132800072,5,0.85,0.2,0.01544139
32,17,CP3,0.12121269800000001,0.0007200940711948665,0.033391636,0.139694238,5,0.85,0.2,0.01544139
32,13,C3,0.11551879599999999,0.0005209592828907054,0.073057492,0.117911192,5,0.85,0.2,0.01544139
32,18,CP4,0.110801128,0.0007014423926239429,0.035007534,0.127127076,5,0.85,0.2,0.01544139
32,0,Fp1,0.110355534,0.0006675612343673094,-0.09621139,0.122946492,5,0.85,0.2,0.01544139
32,22,P3,0.108808576,0.0005632100743328358,0.108808576,0.11789854,5,0.85,0.2,0.01544139
32,23,P4,0.104625304,0.000922292096019475,-0.093313366,0.11693589200000001,5,0.85,0.2,0.01544139
32,24,T5,0.10434789200000001,0.0012266739748278666,0.073720568,0.11429031,5,0.85,0.2,0.01544139
32,2,Fz,0.103470176,0.00093883766921124,-0.097782172,0.116926416,5,0.85,0.2,0.01544139
32,7,FCz,0.099776876,0.0010391366316466737,0.099776876,0.114833298,5,0.85,0.2,0.01544139
32,4,F4,0.097359348,0.000772676257510216,0.013150055999999999,0.10712706400000001,5,0.85,0.2,0.01544139
32,10,FT7,0.090046068,0.00032091347271500417,-0.05724647200000001,0.104162016,5,0.85,0.2,0.01544139
32,20,TP8,0.08964976,0.0004838926461520159,-0.060372672,0.10918556800000001,5,0.85,0.2,0.01544139
32,3,F3,0.087871394,0.0003214755944546922,0.028351707999999996,0.09487005800000001,5,0.85,0.2,0.01544139
32,14,C4,0.084505262,0.0018545336178861825,-0.074478656,0.095072084,5,0.85,0.2,0.01544139
32,19,TP7,0.08408186,0.00017998163559096802,-0.018193408,0.09365598,5,0.85,0.2,0.01544139
32,5,F7,0.08356991999999999,0.0016722533388216043,0.081600392,0.097396764,5,0.85,0.2,0.01544139
32,25,T6,0.081260406,0.0003343719543113656,-0.063413164,0.09353676200000001,5,0.85,0.2,0.01544139
32,11,FT8,0.079890906,0.000526719651645918,-0.0025672940000000003,0.097266992,5,0.85,0.2,0.01544139
32,6,F8,0.077574466,0.0005463561997268802,-0.029560417999999998,0.078616618,5,0.85,0.2,0.01544139
32,12,Cz,0.07692697400000001,0.0004912695174036329,0.076082372,0.092631732,5,0.85,0.2,0.01544139
32,26,Oz,0.076758984,0.0011433775177648031,0.04174252,0.079006566,5,0.85,0.2,0.01544139
32,1,Fp2,0.076341272,0.002272021673921708,0.060928012,0.094727858,5,0.85,0.2,0.01544139
32,9,FC4,0.057355409999999996,0.0004980272047288188,-0.057355409999999996,0.076205528,5,0.85,0.2,0.01544139
32,8,FC3,0.031865922000000005,0.0012527852601583393,0.007143917999999999,0.037910768,5,0.85,0.2,0.01544139
33,28,O2,0.148322714,0.003953539795054556,-0.023197917999999998,0.15473710999999998,5,0.775,0.4,0.180375292
33,21,Pz,0.137633264,0.03160194835244703,-0.0031113440000000007,0.13992288,5,0.775,0.4,0.180375292
33,27,O1,0.135091758,0.030856734554762438,0.05736871,0.148134086,5,0.775,0.4,0.180375292
33,17,CP3,0.126891892,0.008463173609640771,0.01510742,0.146005408,5,0.775,0.4,0.180375292
33,15,T3,0.12492298000000002,0.007308323462946208,0.12492298000000002,0.131634966,5,0.775,0.4,0.180375292
33,16,T4,0.11561612400000001,0.01069366682908767,0.01645206,0.125625652,5,0.775,0.4,0.180375292
33,0,Fp1,0.10618122599999999,0.0037191588356011375,-0.08673206600000001,0.12023361800000001,5,0.775,0.4,0.180375292
33,18,CP4,0.10568298400000001,0.022835822422826814,0.034870564,0.11942861200000002,5,0.775,0.4,0.180375292
33,13,C3,0.10532006200000002,0.01858990957715153,0.059906393999999995,0.108666152,5,0.775,0.4,0.180375292
33,4,F4,0.10260804999999999,0.0076066253936486194,0.00972533,0.116684904,5,0.775,0.4,0.180375292
33,7,FCz,0.101765664,0.0033238561686511083,0.101765664,0.11554364800000001,5,0.775,0.4,0.180375292
33,2,Fz,0.09948351200000001,0.0053818274165863015,-0.09516121400000001,0.1134828,5,0.775,0.4,0.180375292
33,23,P4,0.099106044,0.007053447461236952,-0.093162938,0.110939852,5,0.775,0.4,0.180375292
33,24,T5,0.097070698,0.015853222247677913,0.057058864,0.105698256,5,0.775,0.4,0.180375292
33,10,FT7,0.097061544,0.008201482335976224,-0.063154456,0.110471138,5,0.775,0.4,0.180375292
33,3,F3,0.0970213,0.018674806793435642,0.028404784,0.104741204,5,0.775,0.4,0.180375292
33,22,P3,0.094793784,0.022128213813501305,0.0905168,0.10660732799999999,5,0.775,0.4,0.180375292
33,5,F7,0.09078784399999999,0.010427591688143042,0.085908638,0.10554111799999999,5,0.775,0.4,0.180375292
33,14,C4,0.085152026,0.0029290058550009795,-0.06839409599999999,0.09329615599999999,5,0.775,0.4,0.180375292
33,25,T6,0.08464326600000001,0.004172623031107655,-0.054113027999999994,0.092852566,5,0.775,0.4,0.180375292
33,19,TP7,0.08400149999999999,0.002677756685044405,-0.022420634000000002,0.09499062999999999,5,0.775,0.4,0.180375292
33,26,Oz,0.083703648,0.009139585266540821,0.050486938,0.090780578,5,0.775,0.4,0.180375292
33,11,FT8,0.081717156,0.00448077169354566,0.005599378,0.096847324,5,0.775,0.4,0.180375292
33,1,Fp2,0.081307032,0.006283348997371541,0.0576511,0.09528008,5,0.775,0.4,0.180375292
33,20,TP8,0.073474706,0.02871924772439783,-0.043584498,0.087345874,5,0.775,0.4,0.180375292
33,6,F8,0.072198964,0.01538467218263132,-0.023139241999999997,0.075547144,5,0.775,0.4,0.180375292
33,12,Cz,0.07182787399999999,0.01869999388363349,0.063227556,0.086519994,5,0.775,0.4,0.180375292
33,9,FC4,0.06253562,0.005688497769468666,-0.05619361199999999,0.077127118,5,0.775,0.4,0.180375292
33,8,FC3,0.028850742000000002,0.00879112301171301,0.005810238,0.034445168000000005,5,0.775,0.4,0.180375292
34,28,O2,0.146032778,0.009915804739862009,-0.014465665999999999,0.150043092,5,0.825,0.2,0.265728452
34,15,T3,0.13686964,0.00823519289278339,0.13686964,0.146092098,5,0.825,0.2,0.265728452
34,21,Pz,0.130818822,0.035904195991724557,0.014485605999999998,0.135488984,5,0.825,0.2,0.265728452
34,17,CP3,0.129793106,0.013417916144909755,0.023286876,0.147211342,5,0.825,0.2,0.265728452
34,16,T4,0.122610186,0.003067826137435104,0.048114873999999995,0.141391142,5,0.825,0.2,0.265728452
34,7,FCz,0.12103828999999999,0.02536931520784212,0.12103828999999999,0.13938194799999998,5,0.825,0.2,0.265728452
34,27,O1,0.11541342400000001,0.008892259643534368,0.026783820000000003,0.127194516,5,0.825,0.2,0.265728452
34,0,Fp1,0.11353591599999999,0.010693225818223892,-0.107006198,0.126588846,5,0.825,0.2,0.265728452
34,13,C3,0.110561206,0.012712449414779598,0.066076808,0.11457444799999998,5,0.825,0.2,0.265728452
34,23,P4,0.10787138599999999,0.023441783007908758,-0.09563129,0.12098710399999998,5,0.825,0.2,0.265728452
34,2,Fz,0.099663904,0.017252103254043544,-0.08762205,0.10998382799999999,5,0.825,0.2,0.265728452
34,18,CP4,0.09811658599999999,0.021381579106260602,0.03415316,0.11136459400000001,5,0.825,0.2,0.265728452
34,14,C4,0.095990362,0.012096750865357195,-0.05455165000000001,0.104623324,5,0.825,0.2,0.265728452
34,4,F4,0.09197122399999999,0.007283852484096583,-0.003947347999999999,0.106468622,5,0.825,0.2,0.265728452
34,5,F7,0.08919666000000001,0.018480064296292373,0.088753278,0.101393476,5,0.825,0.2,0.265728452
34,22,P3,0.087962764,0.028151607767938056,0.087962764,0.095157298,5,0.825,0.2,0.265728452
34,12,Cz,0.086609174,0.018970941328632855,0.08468178400000001,0.10076823400000001,5,0.825,0.2,0.265728452
34,24,T5,0.085699032,0.02567046420387387,0.067753764,0.098136786,5,0.825,0.2,0.265728452
34,20,TP8,0.08143132,0.007820976994276354,-0.053516956000000004,0.095118638,5,0.825,0.2,0.265728452
34,10,FT7,0.078354916,0.016734848066133734,-0.028485082000000002,0.09936566,5,0.825,0.2,0.265728452
34,6,F8,0.078278952,0.007556853813636333,-0.039236402,0.082936304,5,0.825,0.2,0.265728452
34,11,FT8,0.077447106,0.003010994387279727,-0.005253521999999999,0.09087008199999999,5,0.825,0.2,0.265728452
34,26,Oz,0.076426288,0.007461991717930948,0.046559276,0.081401498,5,0.825,0.2,0.265728452
34,9,FC4,0.075637486,0.04184674933526951,-0.067425194,0.08716314,5,0.825,0.2,0.265728452
34,25,T6,0.07304574999999999,0.016211863961761153,-0.063024246,0.086464178,5,0.825,0.2,0.265728452
34,19,TP7,0.067491316,0.01970333428577204,-0.0234166,0.075660062,5,0.825,0.2,0.265728452
34,3,F3,0.067221426,0.023498538729547203,0.027871338000000002,0.076236454,5,0.825,0.2,0.265728452
34,1,Fp2,0.06527058799999999,0.012145072414922851,0.046592608,0.087839158,5,0.825,0.2,0.265728452
34,8,FC3,0.045898074,0.027141874459183542,0.027149508,0.054734000000000005,5,0.825,0.2,0.265728452
35,21,Pz,0.143722186,0.028949907724781777,0.011622212,0.145240826,5,0.875,0.6,0.13536633199999998
35,28,O2,0.139445722,0.010577246934052358,-0.0067582779999999995,0.14502929,5,0.875,0.6,0.13536633199999998
35,15,T3,0.130669002,0.011342747926178202,0.130669002,0.13736257999999998,5,0.875,0.6,0.13536633199999998
35,16,T4,0.12177884800000001,0.00805322550277651,0.011008874,0.13246286399999999,5,0.875,0.6,0.13536633199999998
35,17,CP3,0.116686582,0.01456484864600625,0.026488854,0.13533132399999998,5,0.875,0.6,0.13536633199999998
35,18,CP4,0.115036198,0.00837655016338289,0.048723414,0.13249456399999998,5,0.875,0.6,0.13536633199999998
35,22,P3,0.11428159199999999,0.01729652129511799,0.11428159199999999,0.122600704,5,0.875,0.6,0.13536633199999998
35,27,O1,0.11381855999999999,0.01631406561437093,0.047294038,0.12498601999999999,5,0.875,0.6,0.13536633199999998
35,13,C3,0.107991226,0.012483982989762516,0.06317821,0.11027280800000001,5,0.875,0.6,0.13536633199999998
35,2,Fz,0.107417134,0.013525751956567151,-0.10098733,0.11913218,5,0.875,0.6,0.13536633199999998
35,7,FCz,0.10367164200000001,0.006030717359914158,0.10367164200000001,0.11689774800000001,5,0.875,0.6,0.13536633199999998
35,0,Fp1,0.100142802,0.018182913747579625,-0.0778364,0.111742528,5,0.875,0.6,0.13536633199999998
35,4,F4,0.095969764,0.0038591517597627596,0.013186064,0.106146272,5,0.875,0.6,0.13536633199999998
35,24,T5,0.095573168,0.01758704290210751,0.05415225,0.10296896,5,0.875,0.6,0.13536633199999998
35,10,FT7,0.093104312,0.004884945469922877,-0.06807476999999999,0.10604958199999999,5,0.875,0.6,0.13536633199999998
35,23,P4,0.092605106,0.025540294215690425,-0.084144464,0.104784556,5,0.875,0.6,0.13536633199999998
35,14,C4,0.08901874000000001,0.0046034671685752215,-0.07956161399999999,0.10031121800000001,5,0.875,0.6,0.13536633199999998
35,20,TP8,0.086566856,0.004017656215311364,-0.050302276,0.10426838599999999,5,0.875,0.6,0.13536633199999998
35,3,F3,0.086126964,0.005736525722236415,0.009727842,0.096465088,5,0.875,0.6,0.13536633199999998
35,1,Fp2,0.085602106,0.01654313986842975,0.07353573599999999,0.10294087,5,0.875,0.6,0.13536633199999998
35,5,F7,0.085589072,0.004545025292313566,0.079832554,0.099109276,5,0.875,0.6,0.13536633199999998
35,6,F8,0.08471493799999999,0.012141430383713856,-0.040592394,0.08891911799999999,5,0.875,0.6,0.13536633199999998
35,25,T6,0.084588182,0.005200021965657454,-0.0657872,0.096635882,5,0.875,0.6,0.13536633199999998
35,11,FT8,0.084362224,0.007471357523799137,0.0036445359999999994,0.098719324,5,0.875,0.6,0.13536633199999998
35,19,TP7,0.078327114,0.009396535110051472,-0.024623272,0.09125361800000001,5,0.875,0.6,0.13536633199999998
35,12,Cz,0.07477437,0.009549564928443076,0.071879306,0.090414664,5,0.875,0.6,0.13536633199999998
35,26,Oz,0.074496836,0.0039552459709959915,0.035389963999999996,0.080176238,5,0.875,0.6,0.13536633199999998
35,9,FC4,0.05790853,0.0022986147769689454,-0.05712733799999999,0.07843508,5,0.875,0.6,0.13536633199999998
35,8,FC3,0.037905301999999995,0.01322285288825827,7.58159999999999e-05,0.045457434000000005,5,0.875,0.6,0.13536633199999998
36,21,Pz,0.134828382,0.028319971378525793,0.021577374,0.13894104999999998,5,0.9,0.8,0.333497538
36,13,C3,0.129747386,0.02024620107437887,0.08203907,0.138186872,5,0.9,0.8,0.333497538
36,28,O2,0.12902654200000002,0.021696612449665274,-0.035152136,0.139468766,5,0.9,0.8,0.333497538
36,27,O1,0.11950612600000002,0.0035250519708764617,0.060277632000000005,0.134317342,5,0.9,0.8,0.333497538
36,17,CP3,0.11513286599999999,0.008515743590901502,0.021018642,0.14270564800000002,5,0.9,0.8,0.333497538
36,2,Fz,0.113399418,0.023904387354384757,-0.110314422,0.127847734,5,0.9,0.8,0.333497538
36,15,T3,0.11218590399999999,0.02921725546864866,0.10709596400000002,0.127837376,5,0.9,0.8,0.333497538
36,24,T5,0.109819292,0.01890979988325022,0.069831574,0.126443608,5,0.9,0.8,0.333497538
36,0,Fp1,0.107133964,0.008698166845248486,-0.08327398999999999,0.12148252,5,0.9,0.8,0.333497538
36,16,T4,0.10596797,0.023615118805320454,0.020926536,0.12134318400000002,5,0.9,0.8,0.333497538
36,18,CP4,0.10192801600000001,0.011752198642689369,0.01473507,0.11487018199999999,5,0.9,0.8,0.333497538
36,7,FCz,0.098196226,0.012094511805080435,0.059071854,0.11574889,5,0.9,0.8,0.333497538
36,22,P3,0.09695191,0.03820040458266967,0.07601601,0.10389332,5,0.9,0.8,0.333497538
36,23,P4,0.096480118,0.013861454945575516,-0.08491028,0.114289134,5,0.9,0.8,0.333497538
36,10,FT7,0.094225266,0.02027311544410552,-0.07518901,0.114596802,5,0.9,0.8,0.333497538
36,14,C4,0.093599314,0.027427471633484187,-0.07672500600000001,0.106691524,5,0.9,0.8,0.333497538
36,5,F7,0.090599584,0.02461620363943494,0.085225056,0.10542706000000002,5,0.9,0.8,0.333497538
36,4,F4,0.089600456,0.02185807956941277,0.025987911999999995,0.101972906,5,0.9,0.8,0.333497538
36,20,TP8,0.08534122200000001,0.027378694149263583,-0.043795116,0.099053918,5,0.9,0.8,0.333497538
36,26,Oz,0.083761024,0.014286048289332153,0.052995096000000005,0.088819178,5,0.9,0.8,0.333497538
36,25,T6,0.082488304,0.00975641761372124,-0.069340178,0.09806775599999999,5,0.9,0.8,0.333497538
36,11,FT8,0.078450702,0.0028537794153140105,0.015213475999999998,0.097444762,5,0.9,0.8,0.333497538
36,19,TP7,0.07735557,0.009923172236618687,-0.033577064000000004,0.090473698,5,0.9,0.8,0.333497538
36,3,F3,0.074698944,0.017978245766048197,0.027616836,0.088132166,5,0.9,0.8,0.333497538
36,1,Fp2,0.072096962,0.00848471523966892,0.056346167999999995,0.084393328,5,0.9,0.8,0.333497538
36,6,F8,0.07127112199999999,0.012903335752159982,-0.029599918000000003,0.07571069799999999,5,0.9,0.8,0.333497538
36,12,Cz,0.06492816,0.02406061152086538,0.057064006,0.078181902,5,0.9,0.8,0.333497538
36,9,FC4,0.057410121999999994,0.016682795226793383,-0.017109547999999995,0.071188842,5,0.9,0.8,0.333497538
36,8,FC3,0.035047374,0.008578563844206676,0.012287688000000001,0.042181504,5,0.9,0.8,0.333497538
37,21,Pz,0.14904355200000002,0.005252367968651858,0.023194864,0.151857868,5,0.8,0.4,0.145610758
37,28,O2,0.137149732,0.007814165955783117,-0.019958854,0.139723222,5,0.8,0.4,0.145610758
37,15,T3,0.136993636,0.014510858586445881,0.136993636,0.143587942,5,0.8,0.4,0.145610758
37,27,O1,0.128579248,0.006415598464427934,0.067716204,0.13825193200000002,5,0.8,0.4,0.145610758
37,2,Fz,0.11872899399999999,0.014508659102318168,-0.11424592199999999,0.134184452,5,0.8,0.4,0.145610758
37,0,Fp1,0.113771768,0.009493255776524722,-0.099291322,0.126600876,5,0.8,0.4,0.145610758
37,16,T4,0.112395614,0.008674361661738003,0.016008948000000002,0.128212996,5,0.8,0.4,0.145610758
37,17,CP3,0.111599268,0.013179689531619103,0.028348679999999998,0.128747594,5,0.8,0.4,0.145610758
37,13,C3,0.11022907,0.014392988243771686,0.08069670999999999,0.11611272800000001,5,0.8,0.4,0.145610758
37,24,T5,0.109438984,0.00506154073773293,0.083615972,0.12130504800000001,5,0.8,0.4,0.145610758
37,18,CP4,0.10847342600000001,0.013115878135638873,0.04370617,0.124358792,5,0.8,0.4,0.145610758
37,22,P3,0.10823334,0.0071378388535781635,0.10823334,0.11645726199999999,5,0.8,0.4,0.145610758
37,23,P4,0.09662338200000001,0.0094326955611331,-0.08084116,0.10638398600000001,5,0.8,0.4,0.145610758
37,6,F8,0.09505917,0.021174396151234162,-0.048567902,0.096142356,5,0.8,0.4,0.145610758
37,20,TP8,0.094248548,0.0046693776000737,-0.053196785999999996,0.108983684,5,0.8,0.4,0.145610758
37,3,F3,0.093509248,0.006843343931877892,0.032809206,0.10076154600000001,5,0.8,0.4,0.145610758
37,7,FCz,0.093154148,0.007163967075850498,0.0918689,0.112007298,5,0.8,0.4,0.145610758
37,4,F4,0.091888914,0.006594747749249399,-0.0030715160000000003,0.111750778,5,0.8,0.4,0.145610758
37,12,Cz,0.08606130199999999,0.010180342004513896,0.08443440999999999,0.10148163400000001,5,0.8,0.4,0.145610758
37,10,FT7,0.082938,0.00695853941351919,-0.038884856,0.098565524,5,0.8,0.4,0.145610758
37,26,Oz,0.082022678,0.00455247651804708,0.053491206,0.085819376,5,0.8,0.4,0.145610758
37,5,F7,0.081777926,0.005196630853373172,0.080606742,0.095325536,5,0.8,0.4,0.145610758
37,14,C4,0.080969448,0.009139845009737307,-0.065957066,0.090023522,5,0.8,0.4,0.145610758
37,19,TP7,0.080282692,0.0050318889991900675,-0.014342048000000001,0.090377174,5,0.8,0.4,0.145610758
37,11,FT8,0.078020164,0.0066843583700442,-0.011544824,0.095011988,5,0.8,0.4,0.145610758
37,25,T6,0.070417182,0.009535261753631619,-0.053347016000000004,0.082022552,5,0.8,0.4,0.145610758
37,1,Fp2,0.069890898,0.008166956330599549,0.0468191,0.087094196,5,0.8,0.4,0.145610758
37,9,FC4,0.059575793999999994,0.007673620629352872,-0.053910262,0.074077386,5,0.8,0.4,0.145610758
37,8,FC3,0.042673496,0.019908600004328026,0.0096763,0.052055366000000006,5,0.8,0.4,0.145610758
38,28,O2,0.153423572,0.027809938452813415,-0.045295818,0.166445304,5,0.625,0.0,0.439979094
38,23,P4,0.129245726,0.024367077241746294,-0.091365312,0.137918178,5,0.625,0.0,0.439979094
38,17,CP3,0.12847313200000002,0.008885743638065416,5.9339999999999395e-05,0.139366596,5,0.625,0.0,0.439979094
38,21,Pz,0.12737802,0.008791301280279842,-0.021572446000000002,0.134594536,5,0.625,0.0,0.439979094
38,15,T3,0.119310004,0.008879399389448026,0.119310004,0.12555628400000002,5,0.625,0.0,0.439979094
38,5,F7,0.10980425600000002,0.01030248183874788,0.095561648,0.12014027199999999,5,0.625,0.0,0.439979094
38,13,C3,0.10813544,0.008024426373738496,0.038991554,0.112132928,5,0.625,0.0,0.439979094
38,7,FCz,0.10253875400000001,0.016395113122221205,0.10227749,0.11893083,5,0.625,0.0,0.439979094
38,22,P3,0.10114962000000001,0.015552978104025601,0.089283416,0.114075432,5,0.625,0.0,0.439979094
38,27,O1,0.10097866199999998,0.011916913885810367,0.0046736419999999996,0.105036482,5,0.625,0.0,0.439979094
38,0,Fp1,0.099901376,0.008680295099046463,-0.093828996,0.11844469399999999,5,0.625,0.0,0.439979094
38,2,Fz,0.09918581600000001,0.01169617246637463,-0.092596964,0.11327361200000001,5,0.625,0.0,0.439979094
38,16,T4,0.098268786,0.009596073512928606,0.044640422,0.11882799399999999,5,0.625,0.0,0.439979094
38,3,F3,0.09711427,0.009513184031703054,0.015610731999999999,0.10828791600000001,5,0.625,0.0,0.439979094
38,20,TP8,0.09269754999999999,0.00757163947865982,-0.057179034,0.11612119000000001,5,0.625,0.0,0.439979094
38,18,CP4,0.09148832,0.008542054200518748,0.036228682,0.10243123000000001,5,0.625,0.0,0.439979094
38,19,TP7,0.086337526,0.0037064177620351997,-0.039758018,0.100145742,5,0.625,0.0,0.439979094
38,25,T6,0.08536574799999999,0.013057103252675149,-0.05039536,0.101839894,5,0.625,0.0,0.439979094
38,6,F8,0.08301550399999999,0.012158246923044864,-0.035600292,0.092009744,5,0.625,0.0,0.439979094
38,4,F4,0.082980756,0.017880977112779094,0.046142318,0.09728245599999999,5,0.625,0.0,0.439979094
38,10,FT7,0.08222756,0.015506926293343883,-0.08009107600000001,0.124020096,5,0.625,0.0,0.439979094
38,11,FT8,0.081843218,0.016691874227415863,0.013138012,0.10112323599999999,5,0.625,0.0,0.439979094
38,24,T5,0.07552621200000001,0.01566530785919862,0.054845648000000004,0.08949966000000001,5,0.625,0.0,0.439979094
38,12,Cz,0.07371101399999999,0.005961909031093146,0.06812585800000001,0.08929922,5,0.625,0.0,0.439979094
38,1,Fp2,0.072407776,0.004119995652586295,0.060239886,0.097168458,5,0.625,0.0,0.439979094
38,26,Oz,0.065764702,0.0187639085083604,0.03964547,0.089472152,5,0.625,0.0,0.439979094
38,14,C4,0.064275452,0.01815272495330715,-0.036058802,0.07307914,5,0.625,0.0,0.439979094
38,9,FC4,0.04799731,0.01957612564504912,-0.024960068,0.065414338,5,0.625,0.0,0.439979094
38,8,FC3,0.045508572000000004,0.01203422740631155,0.008890006,0.054334799999999996,5,0.625,0.0,0.439979094
39,17,CP3,0.138069728,0.023714088607877597,0.011581598,0.158321654,5,0.825,0.6,0.30953315800000003
39,21,Pz,0.135501084,0.02830517857311149,-0.012037712,0.13974244,5,0.825,0.6,0.30953315800000003
39,28,O2,0.13419673599999998,0.031043895870688176,-0.018263772,0.14622581,5,0.825,0.6,0.30953315800000003
39,18,CP4,0.127841064,0.023843709796830686,0.074944912,0.14605481999999997,5,0.825,0.6,0.30953315800000003
39,16,T4,0.125418206,0.03564131218934188,0.012094178,0.137940624,5,0.825,0.6,0.30953315800000003
39,27,O1,0.12288591,0.025517524821621125,0.056727194,0.13678289000000002,5,0.825,0.6,0.30953315800000003
39,2,Fz,0.122637212,0.03321569313591949,-0.119462026,0.13515501400000002,5,0.825,0.6,0.30953315800000003
39,7,FCz,0.10568682,0.016493533746603544,0.10568682,0.117270528,5,0.825,0.6,0.30953315800000003
39,22,P3,0.102536568,0.013038847295536518,0.05947269799999999,0.11424632399999998,5,0.825,0.6,0.30953315800000003
39,5,F7,0.098752168,0.02293989714707806,0.09169724800000001,0.11613859600000001,5,0.825,0.6,0.30953315800000003
39,24,T5,0.09820006,0.011253913458797341,0.07363839800000001,0.113033902,5,0.825,0.6,0.30953315800000003
39,13,C3,0.097092024,0.025831369288247766,0.064554444,0.105586174,5,0.825,0.6,0.30953315800000003
39,15,T3,0.094320268,0.0451984107917648,0.08356976199999999,0.10330647800000001,5,0.825,0.6,0.30953315800000003
39,25,T6,0.092154716,0.02080156961785288,-0.059167468,0.10219612600000001,5,0.825,0.6,0.30953315800000003
39,3,F3,0.091622916,0.0074122433755834,-0.011037388000000002,0.106401426,5,0.825,0.6,0.30953315800000003
39,23,P4,0.090138992,0.0228147182319675,-0.06719718799999999,0.105612398,5,0.825,0.6,0.30953315800000003
39,20,TP8,0.088087894,0.0180263292529644,-0.051241687999999994,0.103484918,5,0.825,0.6,0.30953315800000003
39,11,FT8,0.087143302,0.009862499495836237,-0.010897856,0.097928194,5,0.825,0.6,0.30953315800000003
39,10,FT7,0.08699975200000001,0.007928228052624366,-0.065348194,0.10634735800000002,5,0.825,0.6,0.30953315800000003
39,12,Cz,0.08676452800000001,0.02543113496233643,0.08595602199999999,0.103182366,5,0.825,0.6,0.30953315800000003
39,4,F4,0.08420519600000001,0.018302582460623693,0.015058994000000001,0.094108592,5,0.825,0.6,0.30953315800000003
39,14,C4,0.078993828,0.014337734636140046,-0.050762054,0.08912072,5,0.825,0.6,0.30953315800000003
39,0,Fp1,0.078954144,0.04318518768764679,-0.064928582,0.089687768,5,0.825,0.6,0.30953315800000003
39,19,TP7,0.078788788,0.009557956342394543,-0.011135038,0.094243518,5,0.825,0.6,0.30953315800000003
39,1,Fp2,0.071769304,0.010098177881993369,0.056371596,0.09083538,5,0.825,0.6,0.30953315800000003
39,26,Oz,0.06763817,0.013306597889006044,0.030766694,0.073141282,5,0.825,0.6,0.30953315800000003
39,6,F8,0.066321624,0.015039148475257171,-0.020059269999999997,0.07288781600000001,5,0.825,0.6,0.30953315800000003
39,9,FC4,0.05037218,0.018283786316954428,-0.021803285999999998,0.06657038200000001,5,0.825,0.6,0.30953315800000003
39,8,FC3,0.041427634,0.016576516497576625,-0.010756515999999999,0.051110494000000006,5,0.825,0.6,0.30953315800000003
4,21,Pz,0.148531638,0.010838728730278751,-0.026079650000000003,0.154452892,5,0.775,0.4,0.36646795600000004
4,27,O1,0.12578414799999998,0.0232786297766604,0.084722822,0.13773616400000002,5,0.775,0.4,0.36646795600000004
4,17,CP3,0.122367804,0.004422469064321425,0.026603931999999997,0.142464134,5,0.775,0.4,0.36646795600000004
4,18,CP4,0.121037952,0.0379518540071532,0.055204762,0.141937866,5,0.775,0.4,0.36646795600000004
4,28,O2,0.11789345,0.03222813137615956,-0.027285398,0.122771504,5,0.775,0.4,0.36646795600000004
4,15,T3,0.11759771399999999,0.026262281541642184,0.11759771399999999,0.1237014,5,0.775,0.4,0.36646795600000004
4,16,T4,0.116151158,0.015179122561425283,-0.0061263260000000005,0.13463594799999998,5,0.775,0.4,0.36646795600000004
4,14,C4,0.112105484,0.03477970060704779,-0.098755098,0.127695842,5,0.775,0.4,0.36646795600000004
4,2,Fz,0.10656798999999999,0.02317303731528951,-0.096996688,0.121476548,5,0.775,0.4,0.36646795600000004
4,12,Cz,0.10118874199999998,0.04699862574617018,0.09819045000000001,0.114157684,5,0.775,0.4,0.36646795600000004
4,13,C3,0.10036027,0.009407975513307848,0.05680349,0.10375005,5,0.775,0.4,0.36646795600000004
4,5,F7,0.099789902,0.034102379752428864,0.0997064,0.10869659000000001,5,0.775,0.4,0.36646795600000004
4,23,P4,0.097731554,0.045312332010319555,-0.08251487399999999,0.107446938,5,0.775,0.4,0.36646795600000004
4,24,T5,0.09351942399999999,0.009704438874792295,0.032300696000000004,0.097984684,5,0.775,0.4,0.36646795600000004
4,20,TP8,0.09216768,0.01584059073536243,-0.060335846000000005,0.11208649600000001,5,0.775,0.4,0.36646795600000004
4,19,TP7,0.090345076,0.014173103011129213,-0.006644756,0.101384008,5,0.775,0.4,0.36646795600000004
4,7,FCz,0.090284632,0.004022671389564406,0.06761863,0.10461512399999999,5,0.775,0.4,0.36646795600000004
4,0,Fp1,0.088685456,0.026888437197362922,-0.07163157,0.100783344,5,0.775,0.4,0.36646795600000004
4,3,F3,0.088666358,0.013629715705717048,0.026590656,0.096174554,5,0.775,0.4,0.36646795600000004
4,25,T6,0.088473994,0.021931200855170474,-0.032774598,0.10615763999999998,5,0.775,0.4,0.36646795600000004
4,22,P3,0.08797221200000001,0.022093580694084423,0.08545665,0.10384969,5,0.775,0.4,0.36646795600000004
4,9,FC4,0.085263858,0.022611209558626447,-0.077832694,0.10364383799999999,5,0.775,0.4,0.36646795600000004
4,4,F4,0.080794844,0.020547593057569542,0.022432888,0.090324176,5,0.775,0.4,0.36646795600000004
4,11,FT8,0.08026532,0.018443895774407318,0.009270704000000001,0.09633979200000001,5,0.775,0.4,0.36646795600000004
4,10,FT7,0.080183644,0.01741668715862692,-0.045705806,0.087718454,5,0.775,0.4,0.36646795600000004
4,1,Fp2,0.06981214,0.03226354644327713,0.052314141999999994,0.079217642,5,0.775,0.4,0.36646795600000004
4,26,Oz,0.06576422400000001,0.010206081427432373,0.016364008,0.07249797399999999,5,0.775,0.4,0.36646795600000004
4,6,F8,0.06403011,0.008338658744057705,-0.021863144,0.067853012,5,0.775,0.4,0.36646795600000004
4,8,FC3,0.046014769999999997,0.018818044011329922,-0.005733566,0.061717648,5,0.775,0.4,0.36646795600000004
40,21,Pz,0.16545347800000001,0.015940743291693447,0.0030133060000000003,0.18146173599999998,5,0.75,0.4,0.392910134
40,28,O2,0.14161733999999998,0.0043794563718799594,-0.018794440000000003,0.145975504,5,0.75,0.4,0.392910134
40,17,CP3,0.12449629799999999,0.01889131560850038,-0.0005811280000000002,0.15344467,5,0.75,0.4,0.392910134
40,22,P3,0.11870645799999999,0.0400132153286751,0.095314104,0.134713796,5,0.75,0.4,0.392910134
40,15,T3,0.115204402,0.020234069886547048,0.115204402,0.11859396600000001,5,0.75,0.4,0.392910134
40,7,FCz,0.11162018200000001,0.01215466590920622,0.105043136,0.130269676,5,0.75,0.4,0.392910134
40,25,T6,0.109619822,0.047917346389853115,-0.063178442,0.120818332,5,0.75,0.4,0.392910134
40,18,CP4,0.10580213599999999,0.004507001863848079,0.053535556,0.125595766,5,0.75,0.4,0.392910134
40,27,O1,0.10568217399999999,0.021057055373492516,0.067629604,0.11680733600000001,5,0.75,0.4,0.392910134
40,16,T4,0.103773314,0.021028580569525605,0.01325152,0.11452697999999999,5,0.75,0.4,0.392910134
40,13,C3,0.100899836,0.01436783751752608,0.054220434000000005,0.11219333000000001,5,0.75,0.4,0.392910134
40,4,F4,0.097101602,0.006626399169622212,0.026105696,0.106129866,5,0.75,0.4,0.392910134
40,0,Fp1,0.096106978,0.02073497979557178,-0.07855118800000001,0.10748716,5,0.75,0.4,0.392910134
40,14,C4,0.094975844,0.010938226922313778,-0.082251382,0.10729249,5,0.75,0.4,0.392910134
40,3,F3,0.09379254000000001,0.02287470190011009,-0.011816176000000001,0.10292749400000001,5,0.75,0.4,0.392910134
40,10,FT7,0.090671334,0.006879912983888672,-0.04777764599999999,0.103457194,5,0.75,0.4,0.392910134
40,24,T5,0.09059250599999999,0.018962401604730346,0.029296256,0.10182479,5,0.75,0.4,0.392910134
40,12,Cz,0.08907390600000001,0.012139177453053812,0.0591179,0.106374038,5,0.75,0.4,0.392910134
40,5,F7,0.088924054,0.0313459511725714,0.076233286,0.102651768,5,0.75,0.4,0.392910134
40,2,Fz,0.08675971,0.021555159455667453,-0.071771196,0.098053022,5,0.75,0.4,0.392910134
40,19,TP7,0.085054514,0.01078494817152266,-0.043125093999999996,0.100608696,5,0.75,0.4,0.392910134
40,23,P4,0.07916072599999999,0.027504120773041082,-0.072650042,0.090021644,5,0.75,0.4,0.392910134
40,11,FT8,0.077876096,0.008641816283092924,0.002302376,0.089085998,5,0.75,0.4,0.392910134
40,1,Fp2,0.07691348,0.008035310669137194,0.058546792,0.089406756,5,0.75,0.4,0.392910134
40,20,TP8,0.07684624,0.016628687203919617,-0.040621486,0.097805962,5,0.75,0.4,0.392910134
40,6,F8,0.0736499,0.018592455963827106,-0.036323077999999995,0.076789394,5,0.75,0.4,0.392910134
40,26,Oz,0.066756382,0.010816058339188084,0.041717958,0.076327594,5,0.75,0.4,0.392910134
40,8,FC3,0.050498536000000004,0.020704135537503856,0.012866488,0.057099104,5,0.75,0.4,0.392910134
40,9,FC4,0.044597494,0.015483765400639147,-0.029300204000000003,0.058321833999999996,5,0.75,0.4,0.392910134
41,27,O1,0.137299758,0.021616348658962274,0.054684953999999994,0.14771112,5,0.775,0.4,0.28167784
41,21,Pz,0.132430432,0.019393829709230207,0.036154439999999996,0.141554776,5,0.775,0.4,0.28167784
41,28,O2,0.13190549000000001,0.018529840062837828,-0.020464614,0.135024674,5,0.775,0.4,0.28167784
41,17,CP3,0.13089461600000002,0.010732249197480932,0.026269538,0.151709194,5,0.775,0.4,0.28167784
41,16,T4,0.121476794,0.011858330638853854,0.012730545999999999,0.134120932,5,0.775,0.4,0.28167784
41,2,Fz,0.1182131,0.013451058962384708,-0.114743572,0.13197224,5,0.775,0.4,0.28167784
41,4,F4,0.110304292,0.023010240003281585,0.026069024000000003,0.124291028,5,0.775,0.4,0.28167784
41,18,CP4,0.10761385400000001,0.011108953487020278,0.033222313999999996,0.129591498,5,0.775,0.4,0.28167784
41,22,P3,0.10692680800000001,0.0380511679186608,0.10692680800000001,0.11710401799999999,5,0.775,0.4,0.28167784
41,15,T3,0.10608611400000001,0.02555898098445789,0.10608611400000001,0.11152849199999999,5,0.775,0.4,0.28167784
41,10,FT7,0.10364201799999999,0.014027851938048818,-0.075216286,0.116690742,5,0.775,0.4,0.28167784
41,13,C3,0.10270430400000001,0.013467863487342004,0.070234148,0.11228882599999998,5,0.775,0.4,0.28167784
41,20,TP8,0.09879355199999999,0.013720099918647456,-0.054949448,0.11792289600000001,5,0.775,0.4,0.28167784
41,7,FCz,0.097723594,0.028518355203798647,0.097723594,0.108125092,5,0.775,0.4,0.28167784
41,0,Fp1,0.097225918,0.011786064618483558,-0.078958554,0.107437596,5,0.775,0.4,0.28167784
41,24,T5,0.096616196,0.02750068275713769,0.04940975399999999,0.106082254,5,0.775,0.4,0.28167784
41,12,Cz,0.09234583599999999,0.022221051647439632,0.08802714,0.105325556,5,0.775,0.4,0.28167784
41,3,F3,0.089292704,0.0021517405906916385,0.005621128,0.103683364,5,0.775,0.4,0.28167784
41,5,F7,0.08718263600000001,0.02645982817372271,0.07801116799999999,0.10106324199999998,5,0.775,0.4,0.28167784
41,23,P4,0.086540014,0.022696517193530597,-0.07215659199999999,0.09622835599999999,5,0.775,0.4,0.28167784
41,19,TP7,0.081876802,0.010330121518206843,-0.041454036,0.097566258,5,0.775,0.4,0.28167784
41,11,FT8,0.08012119799999999,0.012662438361657284,-0.007573730000000001,0.09492405,5,0.775,0.4,0.28167784
41,26,Oz,0.078158068,0.012691860156542063,0.057319432000000003,0.087098184,5,0.775,0.4,0.28167784
41,6,F8,0.07526145399999999,0.01858634336465298,-0.034807264000000004,0.083016178,5,0.775,0.4,0.28167784
41,1,Fp2,0.074735364,0.015886317281801968,0.042211456,0.091337928,5,0.775,0.4,0.28167784
41,25,T6,0.071267382,0.01113433446812696,-0.046048602,0.080249222,5,0.775,0.4,0.28167784
41,14,C4,0.06642176999999999,0.025797312252811334,-0.037593838000000004,0.07705613,5,0.775,0.4,0.28167784
41,9,FC4,0.056546191999999995,0.010297814478486197,-0.037111998,0.071680296,5,0.775,0.4,0.28167784
41,8,FC3,0.047320966,0.015000502589549457,-0.019538793999999998,0.052633426000000004,5,0.775,0.4,0.28167784
42,21,Pz,0.13695497,0.03741749214795468,0.009030354,0.142247992,5,0.75,0.2,0.42050576399999995
42,11,FT8,0.135798906,0.061834256097124916,0.012369458,0.15432680599999998,5,0.75,0.2,0.42050576399999995
42,17,CP3,0.128278482,0.010907341437156902,0.029854250000000006,0.142189908,5,0.75,0.2,0.42050576399999995
42,16,T4,0.12124424,0.01141891203326963,0.008349958000000001,0.14145294000000003,5,0.75,0.2,0.42050576399999995
42,13,C3,0.12063780399999999,0.0379219966919482,0.050975448,0.12978905400000001,5,0.75,0.2,0.42050576399999995
42,28,O2,0.12063529399999999,0.03667954996095413,-0.014519946,0.12482421399999999,5,0.75,0.2,0.42050576399999995
42,23,P4,0.11941410999999999,0.02435101511703671,-0.105975428,0.134108238,5,0.75,0.2,0.42050576399999995
42,22,P3,0.107381262,0.03537868074882979,0.102535432,0.11892919399999999,5,0.75,0.2,0.42050576399999995
42,27,O1,0.104679406,0.017744977496850483,0.04559415,0.122059392,5,0.75,0.2,0.42050576399999995
42,0,Fp1,0.104672154,0.013594015068767578,-0.08239866,0.11600283600000001,5,0.75,0.2,0.42050576399999995
42,18,CP4,0.104367726,0.01466559540216762,0.02668483,0.123906034,5,0.75,0.2,0.42050576399999995
42,7,FCz,0.099684204,0.016577179837503418,0.099684204,0.11409879199999999,5,0.75,0.2,0.42050576399999995
42,5,F7,0.096050802,0.017469632356979355,0.08929831,0.10878284199999999,5,0.75,0.2,0.42050576399999995
42,24,T5,0.093669048,0.015903950498695914,0.07939331,0.113923854,5,0.75,0.2,0.42050576399999995
42,2,Fz,0.093448774,0.01753363167495485,-0.065728244,0.10353093399999999,5,0.75,0.2,0.42050576399999995
42,15,T3,0.08998534999999999,0.028666344810587552,0.08489490599999999,0.106860282,5,0.75,0.2,0.42050576399999995
42,14,C4,0.08859013,0.0049676257876021595,-0.054227396,0.100223166,5,0.75,0.2,0.42050576399999995
42,4,F4,0.084205436,0.023966871458069576,0.019682480000000002,0.091316138,5,0.75,0.2,0.42050576399999995
42,19,TP7,0.0830726,0.02236610612749233,-0.04197529,0.09767998600000001,5,0.75,0.2,0.42050576399999995
42,12,Cz,0.08223645399999999,0.007808085934169781,0.078067024,0.10316475600000001,5,0.75,0.2,0.42050576399999995
42,20,TP8,0.081673252,0.012856557309698815,-0.028591998,0.10107566399999998,5,0.75,0.2,0.42050576399999995
42,25,T6,0.078268016,0.017251382360469844,-0.061735794,0.095628694,5,0.75,0.2,0.42050576399999995
42,10,FT7,0.076077348,0.020410019549425226,-0.043502646,0.08627079800000001,5,0.75,0.2,0.42050576399999995
42,1,Fp2,0.075005546,0.008906316073205014,0.069856754,0.0962011,5,0.75,0.2,0.42050576399999995
42,3,F3,0.06716108,0.025954064405985623,0.0038441660000000004,0.07993170000000001,5,0.75,0.2,0.42050576399999995
42,8,FC3,0.064735136,0.03760631220841097,0.019623810000000002,0.074792452,5,0.75,0.2,0.42050576399999995
42,26,Oz,0.06403409600000001,0.015044754997916384,0.02209386,0.071977586,5,0.75,0.2,0.42050576399999995
42,6,F8,0.054878636,0.022726723163351774,-0.014792284,0.058796448,5,0.75,0.2,0.42050576399999995
42,9,FC4,0.044471406000000005,0.015628918714200288,-0.029477999999999997,0.056855636,5,0.75,0.2,0.42050576399999995
43,21,Pz,0.14904420999999998,0.008537237698913508,0.009656736,0.14962622,5,0.95,0.6,0.070202084
43,28,O2,0.147899058,0.008356360452432035,-0.030632924,0.15294745999999998,5,0.95,0.6,0.070202084
43,15,T3,0.128954908,0.0058064393814643385,0.128954908,0.13439481,5,0.95,0.6,0.070202084
43,27,O1,0.124453432,0.0057638462165094185,0.055793528,0.136787304,5,0.95,0.6,0.070202084
43,17,CP3,0.123782278,0.005816908353801008,0.030665788,0.14278707399999999,5,0.95,0.6,0.070202084
43,16,T4,0.12084592000000001,0.0028865487398708526,0.013910516000000001,0.13495326,5,0.95,0.6,0.070202084
43,13,C3,0.11370314,0.0029499436907083525,0.066017964,0.115986424,5,0.95,0.6,0.070202084
43,18,CP4,0.11249400999999999,0.004821356815052171,0.03764117,0.129291868,5,0.95,0.6,0.070202084
43,22,P3,0.10697958,0.0020061619722245728,0.10697958,0.115039194,5,0.95,0.6,0.070202084
43,0,Fp1,0.10676147600000001,0.006614126901468548,-0.09169118400000001,0.11913661,5,0.95,0.6,0.070202084
43,23,P4,0.105652878,0.0015682855134732346,-0.096621506,0.11796704,5,0.95,0.6,0.070202084
43,4,F4,0.10425485000000001,0.014642975476970185,0.02164386,0.11265617000000001,5,0.95,0.6,0.070202084
43,2,Fz,0.10386819,0.00044890835523523585,-0.093977854,0.11560671,5,0.95,0.6,0.070202084
43,7,FCz,0.099829236,0.0019659627365568267,0.099829236,0.11459566400000001,5,0.95,0.6,0.070202084
43,24,T5,0.098790488,0.012970208362762336,0.06792832,0.108055066,5,0.95,0.6,0.070202084
43,14,C4,0.092423964,0.013865661279135948,-0.084208594,0.103545778,5,0.95,0.6,0.070202084
43,10,FT7,0.08953441399999999,0.0017964805595886608,-0.060215242,0.10357488200000001,5,0.95,0.6,0.070202084
43,20,TP8,0.08821226600000001,0.0019308068999591838,-0.048186469999999995,0.104346164,5,0.95,0.6,0.070202084
43,5,F7,0.084962232,0.001738119592625896,0.082785676,0.099617818,5,0.95,0.6,0.070202084
43,12,Cz,0.084228994,0.015153397400278917,0.082792012,0.09929894,5,0.95,0.6,0.070202084
43,19,TP7,0.083652266,0.0013606030821771602,-0.021250447999999998,0.092739052,5,0.95,0.6,0.070202084
43,11,FT8,0.082775312,0.0051215486894610265,0.002815276,0.098888034,5,0.95,0.6,0.070202084
43,3,F3,0.081517798,0.014088927357074418,0.015948445999999998,0.092222386,5,0.95,0.6,0.070202084
43,6,F8,0.07850765200000001,0.003106982809265285,-0.03350022,0.07951027000000001,5,0.95,0.6,0.070202084
43,25,T6,0.07830680599999999,0.006982897366901511,-0.056371776000000005,0.08883928199999999,5,0.95,0.6,0.070202084
43,1,Fp2,0.07785152,0.00041597749867030415,0.063748546,0.09631919600000001,5,0.95,0.6,0.070202084
43,26,Oz,0.076006014,0.0033089981523158917,0.04230296,0.077996118,5,0.95,0.6,0.070202084
43,9,FC4,0.060745874,0.005467930293637621,-0.060745874,0.078037578,5,0.95,0.6,0.070202084
43,8,FC3,0.02943554,0.0026076364099026543,0.0016302839999999999,0.035729464,5,0.95,0.6,0.070202084
44,28,O2,0.138581558,0.02483305652545353,0.007088292000000001,0.157079952,5,0.625,0.0,0.6566091820000001
44,13,C3,0.137650162,0.044534398714033634,0.099717484,0.14734672799999998,5,0.625,0.0,0.6566091820000001
44,17,CP3,0.137582258,0.028271351440763676,0.015375689999999997,0.152809518,5,0.625,0.0,0.6566091820000001
44,4,F4,0.126943162,0.01869214944576118,0.089908582,0.141141028,5,0.625,0.0,0.6566091820000001
44,21,Pz,0.12604403,0.02444356237705441,-0.038531986,0.13767819399999998,5,0.625,0.0,0.6566091820000001
44,9,FC4,0.123492844,0.025706716628695114,-0.10611200400000001,0.144829972,5,0.625,0.0,0.6566091820000001
44,12,Cz,0.11946383000000001,0.05585016095324032,0.11469075800000002,0.139668236,5,0.625,0.0,0.6566091820000001
44,0,Fp1,0.11499525,0.013627054036091216,-0.10962624000000001,0.131151946,5,0.625,0.0,0.6566091820000001
44,23,P4,0.111477334,0.02197084856768463,-0.10117487,0.124545934,5,0.625,0.0,0.6566091820000001
44,11,FT8,0.10451364999999999,0.03500614130673288,-0.037342591999999994,0.12772841,5,0.625,0.0,0.6566091820000001
44,18,CP4,0.099300236,0.03806095706259934,0.05838669,0.110741636,5,0.625,0.0,0.6566091820000001
44,22,P3,0.096293506,0.02167815778067477,0.091100212,0.109657318,5,0.625,0.0,0.6566091820000001
44,3,F3,0.094873214,0.008531696077259787,-0.002412847999999999,0.11309672200000001,5,0.625,0.0,0.6566091820000001
44,19,TP7,0.089239288,0.042767005642775836,-0.009391280000000002,0.10206976599999999,5,0.625,0.0,0.6566091820000001
44,25,T6,0.08811304,0.020662665503304506,-0.072346874,0.101130058,5,0.625,0.0,0.6566091820000001
44,1,Fp2,0.08727638,0.009727623555157237,0.079877824,0.09673927600000001,5,0.625,0.0,0.6566091820000001
44,24,T5,0.085149856,0.027551050273676138,0.07616316999999999,0.102743888,5,0.625,0.0,0.6566091820000001
44,27,O1,0.082954178,0.024500040939957016,-0.017889556,0.09458133199999999,5,0.625,0.0,0.6566091820000001
44,7,FCz,0.074224532,0.032021454436280995,-0.028313898000000004,0.086495488,5,0.625,0.0,0.6566091820000001
44,26,Oz,0.074096824,0.016425521063650615,0.059081260000000003,0.084809554,5,0.625,0.0,0.6566091820000001
44,14,C4,0.073584372,0.021601042938253465,-0.05939326199999999,0.088251264,5,0.625,0.0,0.6566091820000001
44,20,TP8,0.07281218,0.012864205761419945,0.006703484,0.086292916,5,0.625,0.0,0.6566091820000001
44,16,T4,0.07160572600000001,0.02076117328986683,0.033095240000000005,0.084695612,5,0.625,0.0,0.6566091820000001
44,2,Fz,0.06864688,0.031816799401570076,-0.035685096,0.0777886,5,0.625,0.0,0.6566091820000001
44,10,FT7,0.06234558799999999,0.01883343208105655,-0.052431804000000005,0.084131378,5,0.625,0.0,0.6566091820000001
44,15,T3,0.060881158000000005,0.026071426946481468,0.030583603999999997,0.07169608000000001,5,0.625,0.0,0.6566091820000001
44,5,F7,0.060052478,0.022998420708484964,0.041274628,0.070288436,5,0.625,0.0,0.6566091820000001
44,8,FC3,0.054070226,0.029738349582146113,-0.040986412,0.06675083600000001,5,0.625,0.0,0.6566091820000001
44,6,F8,0.044917618000000006,0.008549221689473844,0.022794556,0.052978331999999996,5,0.625,0.0,0.6566091820000001
45,15,T3,0.133027694,0.008450004644456123,0.11054657000000001,0.14389226,5,0.725,0.2,0.44322977999999996
45,21,Pz,0.13197342,0.021685562046456153,0.018625572,0.142861138,5,0.725,0.2,0.44322977999999996
45,7,FCz,0.129924618,0.03432222034642238,0.09929125,0.147293342,5,0.725,0.2,0.44322977999999996
45,13,C3,0.12387437399999998,0.05066050015173932,0.08360864400000001,0.131291852,5,0.725,0.2,0.44322977999999996
45,14,C4,0.123638834,0.040782434375970365,-0.08692970600000001,0.13621024399999998,5,0.725,0.2,0.44322977999999996
45,28,O2,0.12179622399999998,0.033504047335612,-0.026878279999999997,0.13149965400000002,5,0.725,0.2,0.44322977999999996
45,18,CP4,0.11543592,0.013811440045402579,0.069989692,0.127551014,5,0.725,0.2,0.44322977999999996
45,27,O1,0.113590624,0.01551882925883038,0.036566176,0.12559983800000002,5,0.725,0.2,0.44322977999999996
45,22,P3,0.11341177,0.01284296600400975,0.093248026,0.127978498,5,0.725,0.2,0.44322977999999996
45,17,CP3,0.11249748600000001,0.018241208823102432,0.0033470220000000003,0.126299464,5,0.725,0.2,0.44322977999999996
45,19,TP7,0.11134170000000002,0.033541870271534505,-0.021742034,0.12388537399999999,5,0.725,0.2,0.44322977999999996
45,16,T4,0.109588324,0.02051172678822361,0.005606106,0.11850411999999999,5,0.725,0.2,0.44322977999999996
45,25,T6,0.106127834,0.03315978771701095,-0.04673627,0.11897988,5,0.725,0.2,0.44322977999999996
45,4,F4,0.10366361799999999,0.010142099880080063,0.006010182,0.119820196,5,0.725,0.2,0.44322977999999996
45,2,Fz,0.093601314,0.0471277051007529,-0.076753832,0.107284348,5,0.725,0.2,0.44322977999999996
45,5,F7,0.09130153399999999,0.01562511784537896,0.08438691000000001,0.110958552,5,0.725,0.2,0.44322977999999996
45,0,Fp1,0.087003446,0.022179822195154766,-0.05355895000000001,0.0960303,5,0.725,0.2,0.44322977999999996
45,9,FC4,0.086589572,0.03920911683200184,-0.086589572,0.10631457600000001,5,0.725,0.2,0.44322977999999996
45,10,FT7,0.08377633799999999,0.009450117529103538,-0.048636716,0.09621439000000001,5,0.725,0.2,0.44322977999999996
45,3,F3,0.083067984,0.0062743671927677274,0.02379668,0.096200112,5,0.725,0.2,0.44322977999999996
45,23,P4,0.081991256,0.027133156198307078,-0.034767664,0.097394964,5,0.725,0.2,0.44322977999999996
45,12,Cz,0.08158693,0.018135412737502007,0.034302054,0.092035116,5,0.725,0.2,0.44322977999999996
45,24,T5,0.07977194800000001,0.026833103092445718,0.065099134,0.088609432,5,0.725,0.2,0.44322977999999996
45,20,TP8,0.079766746,0.01839893953489793,-0.026567504,0.09231398399999999,5,0.725,0.2,0.44322977999999996
45,6,F8,0.07476577799999999,0.03610217371197433,-0.04496035599999999,0.082199888,5,0.725,0.2,0.44322977999999996
45,26,Oz,0.069939836,0.017011033867696874,0.038113008,0.07609113599999999,5,0.725,0.2,0.44322977999999996
45,11,FT8,0.066850232,0.01615492369766165,0.004574891999999999,0.08103376600000001,5,0.725,0.2,0.44322977999999996
45,1,Fp2,0.056335291999999995,0.02082304759193092,0.028402174000000002,0.067211968,5,0.725,0.2,0.44322977999999996
45,8,FC3,0.044926432,0.017867918338042906,0.022391202,0.051818043999999994,5,0.725,0.2,0.44322977999999996
46,21,Pz,0.142873578,0.0217797125935943,0.010756264,0.143881268,5,0.9,0.8,0.190420966
46,27,O1,0.140279734,0.04109298572971949,0.087837506,0.152327428,5,0.9,0.8,0.190420966
46,28,O2,0.13384467,0.02313653649531299,-0.027743634,0.138267464,5,0.9,0.8,0.190420966
46,15,T3,0.130208156,0.0075907393025501785,0.130208156,0.138047694,5,0.9,0.8,0.190420966
46,17,CP3,0.121112738,0.0020816089881795768,0.013295927999999999,0.140286886,5,0.9,0.8,0.190420966
46,16,T4,0.11456960199999999,0.017951643234598885,0.015603522,0.12676327999999998,5,0.9,0.8,0.190420966
46,20,TP8,0.10787648000000001,0.04291829453654059,-0.011142359999999997,0.12471196200000001,5,0.9,0.8,0.190420966
46,13,C3,0.102389972,0.027113379516739887,0.056867344,0.104351474,5,0.9,0.8,0.190420966
46,11,FT8,0.102218034,0.05066198997522334,-0.024915892,0.116786784,5,0.9,0.8,0.190420966
46,18,CP4,0.10217586999999999,0.018140501194989073,0.041565612,0.11767199400000002,5,0.9,0.8,0.190420966
46,23,P4,0.10075903,0.007391086802920119,-0.088252748,0.11314058600000002,5,0.9,0.8,0.190420966
46,10,FT7,0.098657152,0.017758420805662027,-0.072417048,0.110252294,5,0.9,0.8,0.190420966
46,22,P3,0.09840361,0.021468772336609054,0.09840361,0.108433512,5,0.9,0.8,0.190420966
46,24,T5,0.097513968,0.017208396867675384,0.045736802,0.105431118,5,0.9,0.8,0.190420966
46,2,Fz,0.097415296,0.013420435586799336,-0.08324537400000001,0.11094123200000001,5,0.9,0.8,0.190420966
46,0,Fp1,0.097263222,0.027616551846816793,-0.07546989200000001,0.109521966,5,0.9,0.8,0.190420966
46,4,F4,0.096568772,0.003136993661034401,0.006529658000000001,0.110345026,5,0.9,0.8,0.190420966
46,12,Cz,0.09032701400000001,0.02941349983422714,0.088978412,0.103481436,5,0.9,0.8,0.190420966
46,7,FCz,0.089672816,0.01944323843728791,0.08475293,0.10387364800000001,5,0.9,0.8,0.190420966
46,1,Fp2,0.085216534,0.017621833958119396,0.072661372,0.101007378,5,0.9,0.8,0.190420966
46,19,TP7,0.08313037599999999,0.0021301276937967808,-0.015366418000000001,0.093006144,5,0.9,0.8,0.190420966
46,3,F3,0.080797484,0.015935318535187173,0.032935422000000006,0.09081458,5,0.9,0.8,0.190420966
46,6,F8,0.08057202,0.005251510576277079,-0.041709044,0.084638884,5,0.9,0.8,0.190420966
46,14,C4,0.079562102,0.014586248559407593,-0.070500036,0.090990332,5,0.9,0.8,0.190420966
46,25,T6,0.07753110999999999,0.00968056094650511,-0.052150916000000005,0.08758985999999999,5,0.9,0.8,0.190420966
46,5,F7,0.075229914,0.020541301108044006,0.07059569,0.087755526,5,0.9,0.8,0.190420966
46,26,Oz,0.068826344,0.021017882172362896,0.033672738,0.07107649,5,0.9,0.8,0.190420966
46,9,FC4,0.058446156000000006,0.0008162074045424979,-0.058446156000000006,0.07507512000000001,5,0.9,0.8,0.190420966
46,8,FC3,0.036152753999999995,0.01136043673141046,0.007017669999999999,0.043601952,5,0.9,0.8,0.190420966
47,21,Pz,0.145167274,0.008564389854498094,0.00796976,0.145836112,5,0.75,0.2,0.193172692
47,28,O2,0.13430782000000002,0.013842652160613953,-0.026445338000000002,0.139190616,5,0.75,0.2,0.193172692
47,13,C3,0.128612582,0.016944608281170746,0.061029974,0.133088334,5,0.75,0.2,0.193172692
47,15,T3,0.127734204,0.0016887375535677546,0.127734204,0.132954304,5,0.75,0.2,0.193172692
47,16,T4,0.124606358,0.006395511392181232,0.016989744,0.142709958,5,0.75,0.2,0.193172692
47,17,CP3,0.119477328,0.006670973593687064,0.023549941999999997,0.13337184600000002,5,0.75,0.2,0.193172692
47,18,CP4,0.11194205399999999,0.01188676398762632,0.02935147,0.132223472,5,0.75,0.2,0.193172692
47,7,FCz,0.10980396,0.015062021333942868,0.108315084,0.12660803199999998,5,0.75,0.2,0.193172692
47,23,P4,0.10608274399999999,0.006561339722124585,-0.094434012,0.11804448999999999,5,0.75,0.2,0.193172692
47,27,O1,0.10563494200000001,0.013648905815469972,0.042332356,0.119598114,5,0.75,0.2,0.193172692
47,2,Fz,0.10450791200000001,0.004207608249596204,-0.10010266999999999,0.116244096,5,0.75,0.2,0.193172692
47,24,T5,0.101794162,0.004999552094470058,0.06716137600000001,0.10716619999999999,5,0.75,0.2,0.193172692
47,4,F4,0.10008286200000001,0.0015090981807423924,0.020495838,0.108171922,5,0.75,0.2,0.193172692
47,22,P3,0.09929510799999999,0.0075843716077648796,0.092225794,0.115986356,5,0.75,0.2,0.193172692
47,3,F3,0.095978948,0.015604220892150302,0.032747404,0.10230993800000002,5,0.75,0.2,0.193172692
47,14,C4,0.095754736,0.0131448218496802,-0.082689238,0.107400736,5,0.75,0.2,0.193172692
47,10,FT7,0.094243016,0.011439959504853157,-0.07555004600000001,0.11806816,5,0.75,0.2,0.193172692
47,19,TP7,0.093724242,0.0051509717087332195,-0.029174402,0.10375766,5,0.75,0.2,0.193172692
47,25,T6,0.09181397799999999,0.008847949477380055,-0.057669516,0.10136867599999999,5,0.75,0.2,0.193172692
47,0,Fp1,0.08991747400000001,0.02036132180916627,-0.08145026200000001,0.101826016,5,0.75,0.2,0.193172692
47,20,TP8,0.0889685,0.015987758215799053,-0.05212981,0.106269604,5,0.75,0.2,0.193172692
47,5,F7,0.088784178,0.0036980948014849486,0.087503842,0.10002322999999999,5,0.75,0.2,0.193172692
47,11,FT8,0.085927698,0.01176407942014462,0.0029446739999999996,0.105224786,5,0.75,0.2,0.193172692
47,1,Fp2,0.085217178,0.007726282158219438,0.067373564,0.10041305199999999,5,0.75,0.2,0.193172692
47,6,F8,0.072874642,0.011548179568123281,-0.02283835,0.075092328,5,0.75,0.2,0.193172692
47,12,Cz,0.070400982,0.007902275507546543,0.068106784,0.084033406,5,0.75,0.2,0.193172692
47,26,Oz,0.06351234,0.009921963080955805,0.031730958,0.07091026,5,0.75,0.2,0.193172692
47,9,FC4,0.052512214,0.0033327521648526467,-0.037034423999999996,0.069567038,5,0.75,0.2,0.193172692
47,8,FC3,0.04990006,0.025934354200643786,0.012177968,0.057508962,5,0.75,0.2,0.193172692
48,21,Pz,0.15781224,0.027163945367075268,0.002696106,0.164209878,5,0.85,0.6,0.382034506
48,7,FCz,0.1451622,0.06382947141752116,0.04030835,0.16176892199999998,5,0.85,0.6,0.382034506
48,28,O2,0.136141358,0.011899944911652744,-0.009092208,0.142498118,5,0.85,0.6,0.382034506
48,27,O1,0.13230791,0.03631830659472506,0.05543943,0.14962037,5,0.85,0.6,0.382034506
48,17,CP3,0.12837096,0.02419745270977402,0.0029130279999999994,0.162520672,5,0.85,0.6,0.382034506
48,13,C3,0.12331498199999999,0.013536073734464882,0.066492536,0.13745032,5,0.85,0.6,0.382034506
48,18,CP4,0.115256596,0.01891505520922633,0.0650911,0.128587142,5,0.85,0.6,0.382034506
48,22,P3,0.11395738,0.024270527595092566,0.081408168,0.128523056,5,0.85,0.6,0.382034506
48,2,Fz,0.11377608399999999,0.029279288882210406,-0.064133546,0.129478102,5,0.85,0.6,0.382034506
48,20,TP8,0.106322322,0.02288851222555695,-0.046313952000000005,0.12205705600000001,5,0.85,0.6,0.382034506
48,15,T3,0.10424814800000001,0.033272536019940235,0.10424814800000001,0.11165493400000001,5,0.85,0.6,0.382034506
48,16,T4,0.102778444,0.026169884287167378,0.019039924,0.115894528,5,0.85,0.6,0.382034506
48,14,C4,0.102292052,0.02944280442920341,-0.071937682,0.11629218999999999,5,0.85,0.6,0.382034506
48,4,F4,0.094503686,0.006183094888292594,0.004093954,0.11003702600000001,5,0.85,0.6,0.382034506
48,0,Fp1,0.09320888199999999,0.02457701466477102,-0.07505893599999999,0.107339308,5,0.85,0.6,0.382034506
48,3,F3,0.09192762400000001,0.008808534806375569,0.043669,0.106224108,5,0.85,0.6,0.382034506
48,19,TP7,0.08388046,0.001383249859443338,0.021286106000000003,0.09661652400000001,5,0.85,0.6,0.382034506
48,6,F8,0.082476824,0.023738836834138063,-0.029044317999999996,0.08985148600000001,5,0.85,0.6,0.382034506
48,23,P4,0.080911912,0.03366174690223489,-0.05812602,0.08920867,5,0.85,0.6,0.382034506
48,24,T5,0.079070154,0.03681440557579709,0.050004964,0.08895345,5,0.85,0.6,0.382034506
48,26,Oz,0.074287006,0.0052949963473575695,0.029633208,0.080568072,5,0.85,0.6,0.382034506
48,12,Cz,0.071722452,0.008558181821016074,0.058787754000000005,0.08898594600000001,5,0.85,0.6,0.382034506
48,10,FT7,0.07097751599999999,0.02747967802601734,-0.041864582,0.08180812400000001,5,0.85,0.6,0.382034506
48,25,T6,0.069763922,0.022218779306266357,-0.052649082,0.082051092,5,0.85,0.6,0.382034506
48,5,F7,0.066835958,0.023998044478843895,0.06367182600000001,0.076564874,5,0.85,0.6,0.382034506
48,1,Fp2,0.066378428,0.01861982608148556,0.053103578,0.081371236,5,0.85,0.6,0.382034506
48,9,FC4,0.062863522,0.007824700860254665,-0.05133431200000001,0.076909726,5,0.85,0.6,0.382034506
48,11,FT8,0.056205774,0.03290995406081312,-0.0085218,0.067873622,5,0.85,0.6,0.382034506
48,8,FC3,0.044036188,0.025138377942396564,0.007533868000000001,0.051733103999999995,5,0.85,0.6,0.382034506
49,21,Pz,0.153155528,0.0005037685228554939,0.0067637420000000005,0.15333686600000002,5,0.975,0.8,0.007178592
49,28,O2,0.144471252,0.0003330740341425737,-0.023934986,0.14723598,5,0.975,0.8,0.007178592
49,15,T3,0.126849392,0.00011951546058983394,0.126849392,0.132242778,5,0.975,0.8,0.007178592
49,16,T4,0.121608618,0.00012458718381118234,0.013649923999999999,0.13408373,5,0.975,0.8,0.007178592
49,27,O1,0.12156652399999998,0.0001681825485298669,0.055950044,0.13213212,5,0.975,0.8,0.007178592
49,17,CP3,0.120527622,0.0002723485365666568,0.03308714,0.138996742,5,0.975,0.8,0.007178592
49,13,C3,0.11505841800000001,0.00013746171656137785,0.072465004,0.117264336,5,0.975,0.8,0.007178592
49,18,CP4,0.110273482,0.0002209816414772947,0.034366234,0.12694635599999998,5,0.975,0.8,0.007178592
49,0,Fp1,0.109545238,9.332703638281395e-05,-0.09615550399999999,0.122625396,5,0.975,0.8,0.007178592
49,22,P3,0.10748153199999999,0.00021045758793638208,0.10748153199999999,0.11670362599999999,5,0.975,0.8,0.007178592
49,24,T5,0.105067734,0.00022389831337014718,0.073164232,0.11433513399999999,5,0.975,0.8,0.007178592
49,23,P4,0.10483722799999999,0.00022558818778916533,-0.09335444200000001,0.11694413399999999,5,0.975,0.8,0.007178592
49,2,Fz,0.10411115600000001,0.00012596595762347956,-0.098027774,0.11734259600000001,5,0.975,0.8,0.007178592
49,7,FCz,0.09915318199999999,0.0004597880480395286,0.09915318199999999,0.11429582,5,0.975,0.8,0.007178592
49,4,F4,0.097352922,0.0004294325754644172,0.012108516,0.10764442999999999,5,0.975,0.8,0.007178592
49,10,FT7,0.091068096,0.00017118172457946613,-0.05852025400000001,0.10462639600000001,5,0.975,0.8,0.007178592
49,20,TP8,0.089143054,0.0004521627570134429,-0.058999802000000004,0.10807413399999999,5,0.975,0.8,0.007178592
49,3,F3,0.088135096,0.00029500305096726704,0.027759070000000004,0.09494265199999999,5,0.975,0.8,0.007178592
49,14,C4,0.086489514,0.00010587649871430302,-0.07542529,0.096759208,5,0.975,0.8,0.007178592
49,19,TP7,0.08466554600000001,0.00021877177818448184,-0.018499337999999997,0.09454686400000001,5,0.975,0.8,0.007178592
49,5,F7,0.08417324200000001,0.00048441530329873235,0.081876528,0.097866032,5,0.975,0.8,0.007178592
49,25,T6,0.080451232,0.00015186391068980514,-0.061911136,0.091796988,5,0.975,0.8,0.007178592
49,11,FT8,0.08008299399999999,0.0003883560088115049,-0.003583438,0.097052082,5,0.975,0.8,0.007178592
49,1,Fp2,0.077961556,0.0002547499140922351,0.061238194,0.095609894,5,0.975,0.8,0.007178592
49,12,Cz,0.077428864,9.981888814247407e-05,0.075838542,0.092898412,5,0.975,0.8,0.007178592
49,6,F8,0.077349838,0.00028503391345592187,-0.029115296000000002,0.078396998,5,0.975,0.8,0.007178592
49,26,Oz,0.077282436,0.00042329357824091813,0.042179542,0.079651108,5,0.975,0.8,0.007178592
49,9,FC4,0.057906736,0.00021548464441810872,-0.057906736,0.07608666,5,0.975,0.8,0.007178592
49,8,FC3,0.031280558,0.0002305630534582664,0.006466086,0.03800063,5,0.975,0.8,0.007178592
5,28,O2,0.154069556,0.024896634461205394,-0.039568508,0.166293372,5,0.75,0.4,0.41967350400000003
5,21,Pz,0.140836818,0.03133340329419341,0.004614282,0.14710673000000002,5,0.75,0.4,0.41967350400000003
5,15,T3,0.12621888399999998,0.026865969454905766,0.122846168,0.136883964,5,0.75,0.4,0.41967350400000003
5,27,O1,0.1205141,0.015841401855853858,0.048575084000000004,0.132453132,5,0.75,0.4,0.41967350400000003
5,16,T4,0.117739882,0.040452351469199774,-0.009720616000000001,0.134577872,5,0.75,0.4,0.41967350400000003
5,0,Fp1,0.11265081000000002,0.015119613787635246,-0.08695174800000001,0.126125892,5,0.75,0.4,0.41967350400000003
5,24,T5,0.109949352,0.010883534959394854,0.05722339,0.132250848,5,0.75,0.4,0.41967350400000003
5,18,CP4,0.109757866,0.017848923228436776,0.030502796,0.13172017600000002,5,0.75,0.4,0.41967350400000003
5,7,FCz,0.107373558,0.019286696182959123,0.09704905,0.119248452,5,0.75,0.4,0.41967350400000003
5,3,F3,0.10478071,0.025924075874986362,0.050045566,0.114600262,5,0.75,0.4,0.41967350400000003
5,17,CP3,0.099730768,0.03313713001847957,0.030720790000000005,0.117390442,5,0.75,0.4,0.41967350400000003
5,13,C3,0.099234882,0.02005851321487263,0.043904293999999996,0.106175248,5,0.75,0.4,0.41967350400000003
5,22,P3,0.09693176,0.018227533128913793,0.083696316,0.107886394,5,0.75,0.4,0.41967350400000003
5,10,FT7,0.093188258,0.0209192732564989,-0.040777828,0.110207894,5,0.75,0.4,0.41967350400000003
5,5,F7,0.091703378,0.010817177479498525,0.057368616000000004,0.10460844200000001,5,0.75,0.4,0.41967350400000003
5,20,TP8,0.0906212,0.021121508149475263,-0.056618079999999994,0.108347744,5,0.75,0.4,0.41967350400000003
5,23,P4,0.089935272,0.017700014621959206,-0.069468852,0.10496868200000001,5,0.75,0.4,0.41967350400000003
5,4,F4,0.089587258,0.009182814726616778,0.021259632,0.097193304,5,0.75,0.4,0.41967350400000003
5,26,Oz,0.086420546,0.021738618957838143,0.053914317999999996,0.096260342,5,0.75,0.4,0.41967350400000003
5,2,Fz,0.083783446,0.02357479938186494,-0.041247148,0.095074114,5,0.75,0.4,0.41967350400000003
5,25,T6,0.081291482,0.011699628664802576,-0.071606024,0.094776004,5,0.75,0.4,0.41967350400000003
5,6,F8,0.076274732,0.01402511031192161,-0.043984166,0.087210852,5,0.75,0.4,0.41967350400000003
5,14,C4,0.073201432,0.020947101602536083,-0.035243616,0.08206898,5,0.75,0.4,0.41967350400000003
5,11,FT8,0.071605432,0.00999857992874338,0.0060157959999999995,0.086436632,5,0.75,0.4,0.41967350400000003
5,1,Fp2,0.069003052,0.014946729813811113,0.040255774,0.081778538,5,0.75,0.4,0.41967350400000003
5,9,FC4,0.068336806,0.013897542934998619,-0.00623166,0.084760946,5,0.75,0.4,0.41967350400000003
5,12,Cz,0.06678793,0.01339012365606457,0.038808288,0.079279186,5,0.75,0.4,0.41967350400000003
5,19,TP7,0.061937505999999996,0.029691241007250437,-0.018820715999999998,0.072372332,5,0.75,0.4,0.41967350400000003
5,8,FC3,0.04025651,0.018070902842377577,-0.005666244,0.050946597999999996,5,0.75,0.4,0.41967350400000003
50,18,CP4,0.15441579,0.052397232333440576,0.10579001800000001,0.170137644,5,0.775,0.2,0.529349404
50,14,C4,0.13801524599999998,0.060654489607572575,-0.132722592,0.151057162,5,0.775,0.2,0.529349404
50,15,T3,0.136304852,0.034124069983807175,0.131479698,0.14113035000000002,5,0.775,0.2,0.529349404
50,16,T4,0.12710656,0.03820001461477207,0.06376437,0.145012602,5,0.775,0.2,0.529349404
50,28,O2,0.12437435999999999,0.03017966254655608,-0.042106398,0.138103172,5,0.775,0.2,0.529349404
50,23,P4,0.12144209799999998,0.012105781712666061,-0.013996835999999999,0.130264604,5,0.775,0.2,0.529349404
50,13,C3,0.11738751,0.02937207438958559,0.08087308,0.120102212,5,0.775,0.2,0.529349404
50,27,O1,0.116461444,0.01154636478168908,0.056510564,0.13480788800000001,5,0.775,0.2,0.529349404
50,21,Pz,0.114975466,0.04489407767507235,-0.021780834,0.12312794199999999,5,0.775,0.2,0.529349404
50,17,CP3,0.11135419799999999,0.017675790159868955,-0.011502540000000002,0.139977488,5,0.775,0.2,0.529349404
50,22,P3,0.107987266,0.04180780814313853,0.013983642,0.11644022999999999,5,0.775,0.2,0.529349404
50,4,F4,0.106498538,0.03211778761424298,0.046324986,0.116565042,5,0.775,0.2,0.529349404
50,24,T5,0.10266269399999998,0.0085695846477837,0.085619268,0.11222446999999999,5,0.775,0.2,0.529349404
50,25,T6,0.099049712,0.04275386569732987,-0.08676284000000001,0.10907488399999998,5,0.775,0.2,0.529349404
50,10,FT7,0.097295758,0.014156529043641671,-0.07057121,0.108972684,5,0.775,0.2,0.529349404
50,7,FCz,0.085935208,0.041265862069237325,0.083271266,0.098224738,5,0.775,0.2,0.529349404
50,26,Oz,0.085563904,0.02221044381733467,0.008611792,0.09390615599999999,5,0.775,0.2,0.529349404
50,2,Fz,0.079100668,0.02891275131298075,-0.05481265,0.08718130199999999,5,0.775,0.2,0.529349404
50,11,FT8,0.079040318,0.013018149079437909,-0.02494765,0.0956819,5,0.775,0.2,0.529349404
50,3,F3,0.07813737400000001,0.015112021782031016,0.022896889999999996,0.088342544,5,0.775,0.2,0.529349404
50,0,Fp1,0.07789599999999999,0.048037711003635464,-0.051797143999999996,0.08774742199999999,5,0.775,0.2,0.529349404
50,5,F7,0.077465138,0.026729560804906054,0.04009207,0.087318792,5,0.775,0.2,0.529349404
50,19,TP7,0.07738746199999999,0.006350556774726134,-0.008781856,0.08700407,5,0.775,0.2,0.529349404
50,12,Cz,0.07292970600000001,0.02897750024120404,0.072578506,0.083241424,5,0.775,0.2,0.529349404
50,1,Fp2,0.07233107,0.010436657704248526,0.00020534799999999686,0.084423024,5,0.775,0.2,0.529349404
50,20,TP8,0.07231644,0.03022949881643012,-0.021288516,0.08676315,5,0.775,0.2,0.529349404
50,6,F8,0.070693752,0.02824717032804118,-0.033083154000000004,0.077542194,5,0.775,0.2,0.529349404
50,9,FC4,0.06957174,0.034645737729327546,-0.02682765,0.083659262,5,0.775,0.2,0.529349404
50,8,FC3,0.040513683999999994,0.013899998370875084,0.024579954,0.044282964,5,0.775,0.2,0.529349404
6,21,Pz,0.14468330199999999,0.01653886884375016,0.014859416,0.14762161599999998,5,0.8,0.2,0.216686354
6,13,C3,0.14441458000000001,0.0622237671315957,0.090723934,0.149344466,5,0.8,0.2,0.216686354
6,17,CP3,0.131455554,0.020200299879163434,0.027455390000000003,0.154767042,5,0.8,0.2,0.216686354
6,28,O2,0.12866038200000002,0.02802511849573735,-0.025118914,0.132982504,5,0.8,0.2,0.216686354
6,23,P4,0.12317105800000001,0.03783924602016892,-0.08956383,0.136107026,5,0.8,0.2,0.216686354
6,27,O1,0.116280662,0.00932569575770194,0.057065885999999996,0.125803406,5,0.8,0.2,0.216686354
6,15,T3,0.113188252,0.028564002697618728,0.10722083200000002,0.12049229800000001,5,0.8,0.2,0.216686354
6,16,T4,0.112177478,0.02753705652478348,0.012234332,0.12467782000000001,5,0.8,0.2,0.216686354
6,18,CP4,0.10968289,0.0027535152403791075,0.016825823999999996,0.124928504,5,0.8,0.2,0.216686354
6,22,P3,0.10507650799999999,0.009592597318832377,0.104282778,0.118589786,5,0.8,0.2,0.216686354
6,2,Fz,0.10438028400000002,0.004903507734711951,-0.099279624,0.116837558,5,0.8,0.2,0.216686354
6,4,F4,0.104119186,0.014038488332074073,0.018810774,0.11388004600000001,5,0.8,0.2,0.216686354
6,3,F3,0.097764228,0.02174970842538976,0.03269246,0.10793331400000002,5,0.8,0.2,0.216686354
6,0,Fp1,0.09499144600000001,0.028001715981906004,-0.079730758,0.10816286,5,0.8,0.2,0.216686354
6,10,FT7,0.09350241000000001,0.015450845103506472,-0.07204571800000001,0.109290136,5,0.8,0.2,0.216686354
6,24,T5,0.093282504,0.022839170136786494,0.058201645999999996,0.101920992,5,0.8,0.2,0.216686354
6,7,FCz,0.09165768599999999,0.021270371596095357,0.089683002,0.10797251599999999,5,0.8,0.2,0.216686354
6,20,TP8,0.089388626,0.00019415374057689803,-0.069890374,0.108727716,5,0.8,0.2,0.216686354
6,5,F7,0.083123316,0.0041735885642609815,0.07768802,0.09776149,5,0.8,0.2,0.216686354
6,6,F8,0.082070398,0.015896586193910312,-0.027043354,0.085168064,5,0.8,0.2,0.216686354
6,14,C4,0.081462858,0.01417529206478724,-0.057016332,0.09147504199999999,5,0.8,0.2,0.216686354
6,1,Fp2,0.07981500999999999,0.0025986696590082417,0.064189622,0.099617364,5,0.8,0.2,0.216686354
6,11,FT8,0.078313592,0.0040768333517596685,0.0005590039999999998,0.10085294600000001,5,0.8,0.2,0.216686354
6,19,TP7,0.076819506,0.019985520795206466,-0.007825108,0.08744064199999999,5,0.8,0.2,0.216686354
6,25,T6,0.076248584,0.0064481342499617626,-0.05111477799999999,0.085543648,5,0.8,0.2,0.216686354
6,12,Cz,0.075449794,0.007732059698604247,0.06856353,0.088376964,5,0.8,0.2,0.216686354
6,26,Oz,0.074844418,0.006421893585634999,0.027051411999999997,0.079170514,5,0.8,0.2,0.216686354
6,9,FC4,0.055873408,0.0023098784495444767,-0.055762198,0.071874804,5,0.8,0.2,0.216686354
6,8,FC3,0.048010234,0.04021882021873566,0.031132632,0.058462914,5,0.8,0.2,0.216686354
7,16,T4,0.16493560000000002,0.057084808322929934,0.029871685999999998,0.17965828,5,0.725,0.2,0.602029624
7,18,CP4,0.124336822,0.03108242788029951,0.064733438,0.14162107200000001,5,0.725,0.2,0.602029624
7,17,CP3,0.11977605799999999,0.03541962888672848,-0.03348196,0.141143746,5,0.725,0.2,0.602029624
7,15,T3,0.115753238,0.03284991294205617,0.109273314,0.126624892,5,0.725,0.2,0.602029624
7,21,Pz,0.10501441200000002,0.04054551699581311,0.015318928,0.115440536,5,0.725,0.2,0.602029624
7,13,C3,0.10407775799999999,0.02393244565232563,0.023632854,0.11584689,5,0.725,0.2,0.602029624
7,27,O1,0.102952024,0.01546251253873477,0.049626062,0.122293334,5,0.725,0.2,0.602029624
7,0,Fp1,0.10073567799999998,0.025263915262490888,-0.08187910600000001,0.11095625599999999,5,0.725,0.2,0.602029624
7,28,O2,0.10019807,0.03111133048437739,-0.04108062999999999,0.11026714600000001,5,0.725,0.2,0.602029624
7,7,FCz,0.09804603,0.005567885071115422,0.06833618799999999,0.11247831800000001,5,0.725,0.2,0.602029624
7,20,TP8,0.095850948,0.0055167485176297465,-0.053205066,0.113419394,5,0.725,0.2,0.602029624
7,4,F4,0.09546328400000001,0.010295238490476066,0.040133794,0.111019848,5,0.725,0.2,0.602029624
7,22,P3,0.093937986,0.027991251885830865,0.07141689,0.115462778,5,0.725,0.2,0.602029624
7,2,Fz,0.090989652,0.020777656696126013,-0.074815642,0.108224016,5,0.725,0.2,0.602029624
7,10,FT7,0.090606228,0.024630790552408584,-0.027187338,0.09905440800000001,5,0.725,0.2,0.602029624
7,11,FT8,0.089939222,0.02507585297035616,0.015688252,0.105557784,5,0.725,0.2,0.602029624
7,19,TP7,0.088297384,0.0035154816064061596,-0.05642664399999999,0.104251406,5,0.725,0.2,0.602029624
7,23,P4,0.08776599,0.013445735972379866,-0.030125708,0.094199468,5,0.725,0.2,0.602029624
7,6,F8,0.082374684,0.021077320021048212,-0.02389713,0.08732859200000001,5,0.725,0.2,0.602029624
7,8,FC3,0.078533128,0.038381880383628546,-0.00246607,0.08967303600000001,5,0.725,0.2,0.602029624
7,26,Oz,0.078446088,0.015565345796305648,0.0088422,0.088521692,5,0.725,0.2,0.602029624
7,9,FC4,0.07615307,0.028525115519324372,-0.029997162,0.092838638,5,0.725,0.2,0.602029624
7,3,F3,0.07613557600000001,0.03792756828858502,0.020431527999999997,0.08664390200000001,5,0.725,0.2,0.602029624
7,5,F7,0.075650072,0.02474092485259938,0.049603564,0.084610092,5,0.725,0.2,0.602029624
7,12,Cz,0.072192694,0.006279194923406188,0.06405920600000001,0.088216192,5,0.725,0.2,0.602029624
7,14,C4,0.069809332,0.017324639974821122,-0.05619848000000001,0.084548242,5,0.725,0.2,0.602029624
7,1,Fp2,0.067296786,0.013687954375557,0.044477588,0.07754741200000001,5,0.725,0.2,0.602029624
7,25,T6,0.063317274,0.018493815574869347,-0.021182146,0.072876248,5,0.725,0.2,0.602029624
7,24,T5,0.058780030000000004,0.035461469029542475,0.02788991,0.068382014,5,0.725,0.2,0.602029624
8,3,F3,0.19381675999999998,0.04036915401196005,-0.004930685999999999,0.20575961400000004,5,0.575,0.0,0.8258121199999999
8,28,O2,0.152197796,0.009461907864111233,0.033964956000000004,0.15827339999999998,5,0.575,0.0,0.8258121199999999
8,2,Fz,0.13099769,0.03431933889489568,-0.047046908,0.14728038599999999,5,0.575,0.0,0.8258121199999999
8,27,O1,0.129017346,0.008731410524498892,0.028508593999999998,0.138922938,5,0.575,0.0,0.8258121199999999
8,21,Pz,0.120926004,0.03375216793003125,0.0016212580000000004,0.125138632,5,0.575,0.0,0.8258121199999999
8,17,CP3,0.11738004399999999,0.03758962448007136,-0.014166970000000001,0.12997740200000002,5,0.575,0.0,0.8258121199999999
8,11,FT8,0.11621188,0.014926431863702393,-0.011494213999999999,0.12467581800000001,5,0.575,0.0,0.8258121199999999
8,15,T3,0.113017294,0.023197121161491793,0.113017294,0.127571104,5,0.575,0.0,0.8258121199999999
8,14,C4,0.10769734,0.0532554638344804,0.020212052,0.114962004,5,0.575,0.0,0.8258121199999999
8,20,TP8,0.1056153,0.016129315610922554,-0.04617481,0.120139262,5,0.575,0.0,0.8258121199999999
8,18,CP4,0.105485286,0.007964027736646834,0.05239303399999999,0.12436843,5,0.575,0.0,0.8258121199999999
8,25,T6,0.096093222,0.021701844895030693,-0.066625192,0.10992353399999999,5,0.575,0.0,0.8258121199999999
8,0,Fp1,0.09574653600000001,0.01986256912661175,-0.084366182,0.109281074,5,0.575,0.0,0.8258121199999999
8,1,Fp2,0.094283536,0.0265491970949769,0.057146714,0.12152204200000001,5,0.575,0.0,0.8258121199999999
8,9,FC4,0.09368858399999999,0.028295332629022583,0.00018755599999999983,0.10604974199999999,5,0.575,0.0,0.8258121199999999
8,23,P4,0.090760856,0.015737069862573845,-0.031813972,0.10052293400000001,5,0.575,0.0,0.8258121199999999
8,16,T4,0.088607774,0.020537820393028077,0.012096738,0.10315665599999999,5,0.575,0.0,0.8258121199999999
8,8,FC3,0.087932856,0.036826614424109505,0.057796424,0.10124176600000001,5,0.575,0.0,0.8258121199999999
8,13,C3,0.086371266,0.020268527759424955,0.01654531,0.09924674200000001,5,0.575,0.0,0.8258121199999999
8,19,TP7,0.08389884,0.025187376860799734,-0.030383898,0.092071132,5,0.575,0.0,0.8258121199999999
8,24,T5,0.07943594400000001,0.019505886189147625,0.05300495200000001,0.09471866,5,0.575,0.0,0.8258121199999999
8,4,F4,0.075841086,0.024078489448946545,0.028513022,0.082074636,5,0.575,0.0,0.8258121199999999
8,5,F7,0.075377786,0.02635868716590282,0.051937822,0.088329806,5,0.575,0.0,0.8258121199999999
8,26,Oz,0.070323994,0.03265651171973562,0.029410159999999998,0.080570396,5,0.575,0.0,0.8258121199999999
8,12,Cz,0.069658544,0.016584157014923308,0.037242194,0.077873092,5,0.575,0.0,0.8258121199999999
8,6,F8,0.063872648,0.018192010145417416,0.027898788,0.072545444,5,0.575,0.0,0.8258121199999999
8,22,P3,0.059086718,0.02377450653004537,0.034228904,0.065537602,5,0.575,0.0,0.8258121199999999
8,10,FT7,0.04484783,0.013949370564935898,-0.009943440000000001,0.054553227999999995,5,0.575,0.0,0.8258121199999999
8,7,FCz,0.041996036,0.02688741454322226,0.026133735999999998,0.050630553999999994,5,0.575,0.0,0.8258121199999999
9,21,Pz,0.14976159,0.008090243871664187,0.016192612000000002,0.15144949400000002,5,0.775,0.4,0.154097478
9,28,O2,0.14367723,0.005495918637493642,-0.02474073,0.14699858,5,0.775,0.4,0.154097478
9,17,CP3,0.12891829400000002,0.02158679383320228,0.027991652,0.14788036799999998,5,0.775,0.4,0.154097478
9,15,T3,0.12811821399999998,0.010633591702370836,0.12811821399999998,0.132193436,5,0.775,0.4,0.154097478
9,16,T4,0.11785941,0.010694143977336376,0.011251918,0.132457626,5,0.775,0.4,0.154097478
9,18,CP4,0.116701936,0.010283242082657096,0.053293858000000006,0.132753958,5,0.775,0.4,0.154097478
9,27,O1,0.11349541199999999,0.009492618258606004,0.050204804000000006,0.12716507400000002,5,0.775,0.4,0.154097478
9,0,Fp1,0.110361474,0.006461724277685484,-0.098875618,0.12373993000000001,5,0.775,0.4,0.154097478
9,13,C3,0.10880947199999999,0.008365065835115705,0.062997806,0.11142766200000001,5,0.775,0.4,0.154097478
9,7,FCz,0.10794779400000001,0.011424046735768809,0.106483722,0.124383414,5,0.775,0.4,0.154097478
9,22,P3,0.10226985200000001,0.006437127846568684,0.10226985200000001,0.113317442,5,0.775,0.4,0.154097478
9,2,Fz,0.09945071600000001,0.01148360209853729,-0.08062361,0.107667672,5,0.775,0.4,0.154097478
9,4,F4,0.09712364,0.007338464898277431,0.007576046,0.109969524,5,0.775,0.4,0.154097478
9,10,FT7,0.095029854,0.005119231608384212,-0.053274880000000004,0.108296506,5,0.775,0.4,0.154097478
9,20,TP8,0.09447289,0.008302473149152608,-0.07166585,0.12097052,5,0.775,0.4,0.154097478
9,23,P4,0.094248988,0.012803734399169254,-0.075645106,0.104068892,5,0.775,0.4,0.154097478
9,5,F7,0.09320035600000001,0.008588055466977381,0.092120462,0.105777626,5,0.775,0.4,0.154097478
9,11,FT8,0.09044964,0.009556346077118073,-0.008985226,0.10323583,5,0.775,0.4,0.154097478
9,24,T5,0.088786314,0.01869429281037344,0.062529396,0.09881854400000001,5,0.775,0.4,0.154097478
9,12,Cz,0.086803624,0.01098208285751979,0.086239924,0.098669278,5,0.775,0.4,0.154097478
9,3,F3,0.086033788,0.014835872579727826,0.032090776,0.090281148,5,0.775,0.4,0.154097478
9,1,Fp2,0.08048654799999999,0.006626889819966072,0.05982167000000001,0.096625694,5,0.775,0.4,0.154097478
9,25,T6,0.080485708,0.004271070793123194,-0.052965264,0.093348162,5,0.775,0.4,0.154097478
9,14,C4,0.080331534,0.010282863145584992,-0.06275576199999999,0.089859702,5,0.775,0.4,0.154097478
9,26,Oz,0.076871752,0.001747619388674202,0.037066776,0.080896546,5,0.775,0.4,0.154097478
9,6,F8,0.075119166,0.006064420338357162,-0.036250712000000004,0.077523922,5,0.775,0.4,0.154097478
9,19,TP7,0.07028464999999999,0.01353606222034495,-0.024778234000000003,0.085863596,5,0.775,0.4,0.154097478
9,9,FC4,0.067768562,0.016914814201123226,-0.06682615,0.08506296399999999,5,0.775,0.4,0.154097478
9,8,FC3,0.03332107,0.010028375087652535,-0.010149108,0.038473042,5,0.775,0.4,0.154097478
