{
  "n_folds": 35,
  "collapse_rate": 0.0,
  "mean_collapse_ratio": 0.5821428571428572,
  "mean_spatial_delta_l2": 0.21918878914285717,
  "mean_spatial_relative_delta": 0.19271093742857143,
  "spatial_changed_rate": 1.0,
  "mean_confidence": 0.5961617877142857,
  "mean_normalized_prediction_entropy": 0.9399944897142856
}