{
  "mean_accuracy": 0.8466666666666666,
  "std_accuracy": 0.19829831623647798,
  "mean_balanced_accuracy": 0.8466666666666666,
  "std_balanced_accuracy": 0.19829831623647798,
  "n_subjects": 6,
  "n_folds_total": 30
}