{
  "mean_accuracy": 0.7743421006238392,
  "std_accuracy": 0.10834079194646112,
  "mean_balanced_accuracy": 0.7737569538257044,
  "std_balanced_accuracy": 0.10854913597145154,
  "n_groups": 4,
  "n_folds_total": 4
}