{
  "1": {
    "accuracies": [
      0.7887700534759359
    ],
    "balanced_accuracies": [
      0.7891958041958043
    ],
    "mean_accuracy": 0.7887700534759359,
    "std_accuracy": 0.0,
    "mean_balanced_accuracy": 0.7891958041958043,
    "std_balanced_accuracy": 0.0
  },
  "2": {
    "accuracies": [
      0.7514868309260833
    ],
    "balanced_accuracies": [
      0.7488661873641176
    ],
    "mean_accuracy": 0.7514868309260833,
    "std_accuracy": 0.0,
    "mean_balanced_accuracy": 0.7488661873641176,
    "std_balanced_accuracy": 0.0
  },
  "3": {
    "accuracies": [
      0.9305177111716622
    ],
    "balanced_accuracies": [
      0.9305175822034134
    ],
    "mean_accuracy": 0.9305177111716622,
    "std_accuracy": 0.0,
    "mean_balanced_accuracy": 0.9305175822034134,
    "std_balanced_accuracy": 0.0
  },
  "4": {
    "accuracies": [
      0.6265938069216758
    ],
    "balanced_accuracies": [
      0.6264482415394824
    ],
    "mean_accuracy": 0.6265938069216758,
    "std_accuracy": 0.0,
    "mean_balanced_accuracy": 0.6264482415394824,
    "std_balanced_accuracy": 0.0
  }
}