[2026-05-27 16:15:06] Run ID:     20260527_1615_c9e04d30
[2026-05-27 16:15:06] Artifacts:  /home/vegorov/Repos/eeg_jepa_research/artifacts/liu2024-source-mat-sjepa-prelocal/20260527_1615_c9e04d30
[2026-05-27 16:15:06] Config:     /home/vegorov/Repos/eeg_jepa_research/artifacts/liu2024-source-mat-sjepa-prelocal/20260527_1615_c9e04d30/config.json
[2026-05-27 16:15:06] Using device: cpu
[2026-05-27 16:15:06] Seed initialized: 2026
[2026-05-27 16:15:07] Configured preprocessing pipeline:
[2026-05-27 16:15:07]   - [ON] source::select_eeg_channels | - select Liu EEG channels, drop CPz reference, EOG, and marker before model input
[2026-05-27 16:15:07]   - [ON] source::demean | mode=baseline_window_mean | baseline_window_s=[0.0, 2.0]
[2026-05-27 16:15:07]   - [off] source::detrend | mode=none
[2026-05-27 16:15:07]   - [off] source::eog_correction | mode=none
[2026-05-27 16:15:07]   - [off] source::artifact_clipping | mode=none | percentile=99.5
[2026-05-27 16:15:07]   - [ON] mne_raw::reference | timing=before_resample_filter | mode=average
[2026-05-27 16:15:07]   - [ON] mne_raw::resample | sfreq=128
[2026-05-27 16:15:07]   - [ON] mne_raw::bandpass_filter | l_freq=0.5 | h_freq=40.0 | method=fir | phase=zero | fir_design=firwin
[2026-05-27 16:15:07]   - [off] mne_raw::notch_filter | timing=after_bandpass
[2026-05-27 16:15:07]   - [ON] window::crop_fixed_mi_window | start_s=1.5 | target_window_samples=537
[2026-05-27 16:15:07]   - [off] window::bad_trial_rejection
[2026-05-27 16:15:07]   - [off] split::fold_safe_normalization | mode=none
[2026-05-27 16:15:07] Source extract dir: /home/vegorov/Repos/eeg_jepa_research/liu2024_data/liu2024_figshare/sourcedata
[2026-05-27 16:15:07] Found 50 .mat files
[2026-05-27 16:15:07] MAT structure preview saved to: /home/vegorov/Repos/eeg_jepa_research/artifacts/liu2024-source-mat-sjepa-prelocal/20260527_1615_c9e04d30/mat_structure_preview_first_subject.csv
[2026-05-27 16:15:13] Subjects loaded: [1, 2, 3, 4, 5, 6, 7, 8, 9, 10, 11, 12, 13, 14, 15, 16, 17, 18, 19, 20, 21, 22, 23, 24, 25, 26, 27, 28, 29, 30, 31, 32, 33, 34, 35, 36, 37, 38, 39, 40, 41, 42, 43, 44, 45, 46, 47, 48, 49, 50]
[2026-05-27 16:15:13] Subject inventory saved to: /home/vegorov/Repos/eeg_jepa_research/artifacts/liu2024-source-mat-sjepa-prelocal/20260527_1615_c9e04d30/subject_inventory.csv
[2026-05-27 16:15:26] X_ALL shape: (2000, 29, 537) | Y_ALL counts: [1000, 1000]
[2026-05-27 16:15:26] Preprocessing steps used:
[2026-05-27 16:15:26]   - select 29 EEG channels; drop CPz source reference, EOG, and marker
[2026-05-27 16:15:26]   - source demean: subtract baseline mean [0.0, 2.0]s
[2026-05-27 16:15:26]   - source detrend skipped
[2026-05-27 16:15:26]   - EOG correction skipped
[2026-05-27 16:15:26]   - source artifact clipping skipped
[2026-05-27 16:15:26]   - convert source microvolts to MNE volts
[2026-05-27 16:15:26]   - average reference at before resample/filter
[2026-05-27 16:15:26]   - resample to 128 Hz
[2026-05-27 16:15:26]   - FIR bandpass 0.5–40.0 Hz | phase=zero | fir_design=firwin
[2026-05-27 16:15:26]   - convert MNE volts to model microvolts
[2026-05-27 16:15:26]   - crop fixed window samples [192:729]
[2026-05-27 16:15:26]   - bad-trial rejection skipped
[2026-05-27 16:15:26] Window summary saved to: /home/vegorov/Repos/eeg_jepa_research/artifacts/liu2024-source-mat-sjepa-prelocal/20260527_1615_c9e04d30/window_counts_by_subject.csv
[2026-05-27 16:15:26] ======================================================================
[2026-05-27 16:15:26] STARTING WITHIN-SUBJECT EVALUATION
[2026-05-27 16:15:26] ======================================================================
[2026-05-27 16:15:26] Experiment:    v5_clean_pipeline_default_liu_mean_0p5_40_128
[2026-05-27 16:15:26] Subjects:      ['1', '2', '3', '4', '5', '6', '7', '8', '9', '10', '11', '12', '13', '14', '15', '16', '17', '18', '19', '20', '21', '22', '23', '24', '25', '26', '27', '28', '29', '30', '31', '32', '33', '34', '35', '36', '37', '38', '39', '40', '41', '42', '43', '44', '45', '46', '47', '48', '49', '50']
[2026-05-27 16:15:26] Model:         SignalJEPA_PreLocal
[2026-05-27 16:15:26] Pretrained:    from_pretrained
[2026-05-27 16:15:26] Strategy:      full
[2026-05-27 16:15:26] Preprocessing: demean=baseline_window_mean | detrend=none | eog=none | clip=none | ref=average@before_resample_filter | resample=True->128 | filter=True 0.5–40.0 fir
[2026-05-27 16:15:26] Normalization: none | reject_bad_trials=False
[2026-05-27 16:15:26] Evaluation:    stratified_kfold | cv_folds=5 | n_repeats=10 | test_size=0.4
[2026-05-27 16:15:26] Seed:          base=2026 | cv=2026 | split=2026 | val=2026
[2026-05-27 16:15:26] Window:        start=1.5s | samples=537 | duration=4.1953s | effective sfreq=128.0
[2026-05-27 16:15:26] Optimizer:     adam | lr=0.0005 | wd=0.0
[2026-05-27 16:15:26] Augmentation:  noise=0.0 | shift=0 | ch_drop=0.0
[2026-05-27 16:15:26] Val split:     0.2
[2026-05-27 16:15:26] Max epochs:    5000 | patience=50
[2026-05-27 16:15:26] Device:        cpu
[2026-05-27 16:15:26] ======================================================================
[2026-05-27 16:15:26] \nSubject 1: 40 windows | class_counts=[20, 20]

[2026-05-27 16:15:27] Fold 1/5 | subject=1
[2026-05-27 16:15:27]     Train: 32 | counts=[16, 16]
[2026-05-27 16:15:27]     Test:  8 | counts=[4, 4]
[2026-05-27 16:15:27]     Model: SignalJEPA_PreLocal | Pretrained: from_pretrained | Strategy: full
[2026-05-27 16:15:27]     Normalization: none | fit_scope=none
[2026-05-27 16:15:27]     Phase 1 (warmup): 2,170/16,010 params
[2026-05-27 16:15:27]     Phase 2 (full): 16,010/16,010 params
[2026-05-27 16:15:27]     Result | best_epoch=47 | stop=97 | final_phase_epochs=87 | acc=0.5000 | bal_acc=0.5000 | pred_hist=[4, 4] | collapse=False
[2026-05-27 16:15:27]     spatial_conv=[4, 29] top_abs_channels=[('Pz', 0.14844756), ('O2', 0.14404193), ('T3', 0.1356148), ('O1', 0.13426983), ('T4', 0.12210125), ('Fp1', 0.1164989), ('CP3', 0.11615239), ('P4', 0.11473784)]
[2026-05-27 16:15:27]     spatial_update=delta_l2=0.13482052 max_abs=0.02520478 relative=0.11296428 changed=True

[2026-05-27 16:15:28] Fold 2/5 | subject=1
[2026-05-27 16:15:28]     Train: 32 | counts=[16, 16]
[2026-05-27 16:15:28]     Test:  8 | counts=[4, 4]
[2026-05-27 16:15:28]     Model: SignalJEPA_PreLocal | Pretrained: from_pretrained | Strategy: full
[2026-05-27 16:15:28]     Normalization: none | fit_scope=none
[2026-05-27 16:15:28]     Phase 1 (warmup): 2,170/16,010 params
[2026-05-27 16:15:28]     Phase 2 (full): 16,010/16,010 params
[2026-05-27 16:15:28]     Result | best_epoch=33 | stop=83 | final_phase_epochs=73 | acc=0.2500 | bal_acc=0.2500 | pred_hist=[6, 2] | collapse=False
[2026-05-27 16:15:28]     spatial_conv=[4, 29] top_abs_channels=[('Pz', 0.14607686), ('O2', 0.14240134), ('T3', 0.13504164), ('O1', 0.12869374), ('T4', 0.12499709), ('CP3', 0.11818929), ('Fp1', 0.11597645), ('P4', 0.11309606)]
[2026-05-27 16:15:28]     spatial_update=delta_l2=0.09921960 max_abs=0.01650842 relative=0.08313475 changed=True

[2026-05-27 16:15:29] Fold 3/5 | subject=1
[2026-05-27 16:15:29]     Train: 32 | counts=[16, 16]
[2026-05-27 16:15:29]     Test:  8 | counts=[4, 4]
[2026-05-27 16:15:29]     Model: SignalJEPA_PreLocal | Pretrained: from_pretrained | Strategy: full
[2026-05-27 16:15:29]     Normalization: none | fit_scope=none
[2026-05-27 16:15:29]     Phase 1 (warmup): 2,170/16,010 params
[2026-05-27 16:15:29]     Phase 2 (full): 16,010/16,010 params
[2026-05-27 16:15:29]     Result | best_epoch=11 | stop=61 | final_phase_epochs=51 | acc=0.5000 | bal_acc=0.5000 | pred_hist=[0, 8] | collapse=True
[2026-05-27 16:15:29]     spatial_conv=[4, 29] top_abs_channels=[('Pz', 0.15055543), ('O2', 0.14746854), ('T3', 0.12869553), ('O1', 0.12401326), ('T4', 0.12158985), ('CP3', 0.11958419), ('C3', 0.11352675), ('Fp1', 0.10890811)]
[2026-05-27 16:15:29]     spatial_update=delta_l2=0.04155196 max_abs=0.00548413 relative=0.03481583 changed=True

[2026-05-27 16:15:29] Fold 4/5 | subject=1
[2026-05-27 16:15:29]     Train: 32 | counts=[16, 16]
[2026-05-27 16:15:29]     Test:  8 | counts=[4, 4]
[2026-05-27 16:15:29]     Model: SignalJEPA_PreLocal | Pretrained: from_pretrained | Strategy: full
[2026-05-27 16:15:29]     Normalization: none | fit_scope=none
[2026-05-27 16:15:29]     Phase 1 (warmup): 2,170/16,010 params
[2026-05-27 16:15:29]     Phase 2 (full): 16,010/16,010 params
[2026-05-27 16:15:30]     Result | best_epoch=61 | stop=111 | final_phase_epochs=101 | acc=0.6250 | bal_acc=0.6250 | pred_hist=[3, 5] | collapse=False
[2026-05-27 16:15:30]     spatial_conv=[4, 29] top_abs_channels=[('Pz', 0.15851335), ('O2', 0.13106591), ('T3', 0.128089), ('O1', 0.12516579), ('T4', 0.12101995), ('CP4', 0.11938073), ('P4', 0.11658517), ('CP3', 0.11617868)]
[2026-05-27 16:15:30]     spatial_update=delta_l2=0.19940810 max_abs=0.03460643 relative=0.16708134 changed=True

[2026-05-27 16:15:30] Fold 5/5 | subject=1
[2026-05-27 16:15:30]     Train: 32 | counts=[16, 16]
[2026-05-27 16:15:30]     Test:  8 | counts=[4, 4]
[2026-05-27 16:15:30]     Model: SignalJEPA_PreLocal | Pretrained: from_pretrained | Strategy: full
[2026-05-27 16:15:30]     Normalization: none | fit_scope=none
[2026-05-27 16:15:30]     Phase 1 (warmup): 2,170/16,010 params
[2026-05-27 16:15:30]     Phase 2 (full): 16,010/16,010 params
[2026-05-27 16:15:30]     Result | best_epoch=11 | stop=61 | final_phase_epochs=51 | acc=0.6250 | bal_acc=0.6250 | pred_hist=[1, 7] | collapse=False
[2026-05-27 16:15:30]     spatial_conv=[4, 29] top_abs_channels=[('Pz', 0.15167299), ('O2', 0.14538692), ('T3', 0.12981628), ('T4', 0.1230531), ('O1', 0.1222435), ('CP3', 0.11937284), ('C3', 0.11661316), ('Fp1', 0.10999728)]
[2026-05-27 16:15:30]     spatial_update=delta_l2=0.03968401 max_abs=0.00539415 relative=0.03325069 changed=True
[2026-05-27 16:15:30]   Subject 1: acc=0.5000±0.1369  bal_acc=0.5000±0.1369
[2026-05-27 16:15:30] \nSubject 2: 40 windows | class_counts=[20, 20]

[2026-05-27 16:15:31] Fold 1/5 | subject=2
[2026-05-27 16:15:31]     Train: 32 | counts=[16, 16]
[2026-05-27 16:15:31]     Test:  8 | counts=[4, 4]
[2026-05-27 16:15:31]     Model: SignalJEPA_PreLocal | Pretrained: from_pretrained | Strategy: full
[2026-05-27 16:15:31]     Normalization: none | fit_scope=none
[2026-05-27 16:15:31]     Phase 1 (warmup): 2,170/16,010 params
[2026-05-27 16:15:31]     Phase 2 (full): 16,010/16,010 params
[2026-05-27 16:15:32]     Result | best_epoch=94 | stop=144 | final_phase_epochs=134 | acc=0.3750 | bal_acc=0.3750 | pred_hist=[7, 1] | collapse=False
[2026-05-27 16:15:32]     spatial_conv=[4, 29] top_abs_channels=[('O2', 0.14899042), ('Pz', 0.14244425), ('T3', 0.13669024), ('T4', 0.13477117), ('CP3', 0.12382388), ('T5', 0.11931003), ('P4', 0.11636545), ('CP4', 0.11160628)]
[2026-05-27 16:15:32]     spatial_update=delta_l2=0.24929140 max_abs=0.05320237 relative=0.20887787 changed=True

[2026-05-27 16:15:32] Fold 2/5 | subject=2
[2026-05-27 16:15:32]     Train: 32 | counts=[16, 16]
[2026-05-27 16:15:32]     Test:  8 | counts=[4, 4]
[2026-05-27 16:15:32]     Model: SignalJEPA_PreLocal | Pretrained: from_pretrained | Strategy: full
[2026-05-27 16:15:32]     Normalization: none | fit_scope=none
[2026-05-27 16:15:32]     Phase 1 (warmup): 2,170/16,010 params
[2026-05-27 16:15:32]     Phase 2 (full): 16,010/16,010 params
[2026-05-27 16:15:32]     Result | best_epoch=29 | stop=78 | final_phase_epochs=68 | acc=0.7500 | bal_acc=0.7500 | pred_hist=[6, 2] | collapse=False
[2026-05-27 16:15:32]     spatial_conv=[4, 29] top_abs_channels=[('Pz', 0.1476419), ('O2', 0.14697984), ('T3', 0.13007732), ('T4', 0.12746282), ('CP3', 0.1261927), ('O1', 0.12126417), ('C3', 0.11891539), ('CP4', 0.11129892)]
[2026-05-27 16:15:32]     spatial_update=delta_l2=0.09502790 max_abs=0.01420637 relative=0.07962258 changed=True

[2026-05-27 16:15:33] Fold 3/5 | subject=2
[2026-05-27 16:15:33]     Train: 32 | counts=[16, 16]
[2026-05-27 16:15:33]     Test:  8 | counts=[4, 4]
[2026-05-27 16:15:33]     Model: SignalJEPA_PreLocal | Pretrained: from_pretrained | Strategy: full
[2026-05-27 16:15:33]     Normalization: none | fit_scope=none
[2026-05-27 16:15:33]     Phase 1 (warmup): 2,170/16,010 params
[2026-05-27 16:15:33]     Phase 2 (full): 16,010/16,010 params
[2026-05-27 16:15:33]     Result | best_epoch=11 | stop=61 | final_phase_epochs=51 | acc=0.6250 | bal_acc=0.6250 | pred_hist=[1, 7] | collapse=False
[2026-05-27 16:15:33]     spatial_conv=[4, 29] top_abs_channels=[('Pz', 0.15129417), ('O2', 0.14362457), ('T3', 0.1269556), ('T4', 0.12377904), ('CP3', 0.12311469), ('O1', 0.12189078), ('C3', 0.11555046), ('CP4', 0.11233713)]
[2026-05-27 16:15:33]     spatial_update=delta_l2=0.04320905 max_abs=0.00552519 relative=0.03620427 changed=True

[2026-05-27 16:15:34] Fold 4/5 | subject=2
[2026-05-27 16:15:34]     Train: 32 | counts=[16, 16]
[2026-05-27 16:15:34]     Test:  8 | counts=[4, 4]
[2026-05-27 16:15:34]     Model: SignalJEPA_PreLocal | Pretrained: from_pretrained | Strategy: full
[2026-05-27 16:15:34]     Normalization: none | fit_scope=none
[2026-05-27 16:15:34]     Phase 1 (warmup): 2,170/16,010 params
[2026-05-27 16:15:34]     Phase 2 (full): 16,010/16,010 params
[2026-05-27 16:15:34]     Result | best_epoch=11 | stop=61 | final_phase_epochs=51 | acc=0.6250 | bal_acc=0.6250 | pred_hist=[1, 7] | collapse=False
[2026-05-27 16:15:34]     spatial_conv=[4, 29] top_abs_channels=[('Pz', 0.15351453), ('O2', 0.14449866), ('T3', 0.12665078), ('T4', 0.1221666), ('CP3', 0.12079567), ('O1', 0.12035072), ('C3', 0.11752936), ('CP4', 0.11121334)]
[2026-05-27 16:15:34]     spatial_update=delta_l2=0.04346281 max_abs=0.00548217 relative=0.03641690 changed=True

[2026-05-27 16:15:35] Fold 5/5 | subject=2
[2026-05-27 16:15:35]     Train: 32 | counts=[16, 16]
[2026-05-27 16:15:35]     Test:  8 | counts=[4, 4]
[2026-05-27 16:15:35]     Model: SignalJEPA_PreLocal | Pretrained: from_pretrained | Strategy: full
[2026-05-27 16:15:35]     Normalization: none | fit_scope=none
[2026-05-27 16:15:35]     Phase 1 (warmup): 2,170/16,010 params
[2026-05-27 16:15:35]     Phase 2 (full): 16,010/16,010 params
[2026-05-27 16:15:35]     Result | best_epoch=11 | stop=61 | final_phase_epochs=51 | acc=0.6250 | bal_acc=0.6250 | pred_hist=[3, 5] | collapse=False
[2026-05-27 16:15:35]     spatial_conv=[4, 29] top_abs_channels=[('Pz', 0.15215866), ('O2', 0.14498562), ('T3', 0.12649652), ('T4', 0.12466925), ('CP3', 0.12224446), ('O1', 0.12131748), ('C3', 0.11626518), ('CP4', 0.11259004)]
[2026-05-27 16:15:35]     spatial_update=delta_l2=0.04494995 max_abs=0.00549991 relative=0.03766295 changed=True
[2026-05-27 16:15:35]   Subject 2: acc=0.6000±0.1225  bal_acc=0.6000±0.1225
[2026-05-27 16:15:35] \nSubject 3: 40 windows | class_counts=[20, 20]

[2026-05-27 16:15:36] Fold 1/5 | subject=3
[2026-05-27 16:15:36]     Train: 32 | counts=[16, 16]
[2026-05-27 16:15:36]     Test:  8 | counts=[4, 4]
[2026-05-27 16:15:36]     Model: SignalJEPA_PreLocal | Pretrained: from_pretrained | Strategy: full
[2026-05-27 16:15:36]     Normalization: none | fit_scope=none
[2026-05-27 16:15:36]     Phase 1 (warmup): 2,170/16,010 params
[2026-05-27 16:15:36]     Phase 2 (full): 16,010/16,010 params
[2026-05-27 16:15:36]     Result | best_epoch=57 | stop=107 | final_phase_epochs=97 | acc=0.5000 | bal_acc=0.5000 | pred_hist=[4, 4] | collapse=False
[2026-05-27 16:15:36]     spatial_conv=[4, 29] top_abs_channels=[('Pz', 0.16599725), ('O2', 0.1352655), ('T3', 0.12233493), ('CP3', 0.12065278), ('CP4', 0.11897059), ('C3', 0.11578525), ('Fz', 0.11395772), ('O1', 0.11302877)]
[2026-05-27 16:15:36]     spatial_update=delta_l2=0.20986710 max_abs=0.03144387 relative=0.17584479 changed=True

[2026-05-27 16:15:37] Fold 2/5 | subject=3
[2026-05-27 16:15:37]     Train: 32 | counts=[16, 16]
[2026-05-27 16:15:37]     Test:  8 | counts=[4, 4]
[2026-05-27 16:15:37]     Model: SignalJEPA_PreLocal | Pretrained: from_pretrained | Strategy: full
[2026-05-27 16:15:37]     Normalization: none | fit_scope=none
[2026-05-27 16:15:37]     Phase 1 (warmup): 2,170/16,010 params
[2026-05-27 16:15:37]     Phase 2 (full): 16,010/16,010 params
[2026-05-27 16:15:37]     Result | best_epoch=53 | stop=103 | final_phase_epochs=93 | acc=0.5000 | bal_acc=0.5000 | pred_hist=[4, 4] | collapse=False
[2026-05-27 16:15:37]     spatial_conv=[4, 29] top_abs_channels=[('Pz', 0.1577666), ('O2', 0.14723057), ('T4', 0.12949087), ('T3', 0.12876205), ('CP3', 0.12459527), ('CP4', 0.11660604), ('P4', 0.11418543), ('T5', 0.11416686)]
[2026-05-27 16:15:37]     spatial_update=delta_l2=0.17539474 max_abs=0.02885854 relative=0.14696087 changed=True

[2026-05-27 16:15:37] Fold 3/5 | subject=3
[2026-05-27 16:15:37]     Train: 32 | counts=[16, 16]
[2026-05-27 16:15:37]     Test:  8 | counts=[4, 4]
[2026-05-27 16:15:37]     Model: SignalJEPA_PreLocal | Pretrained: from_pretrained | Strategy: full
[2026-05-27 16:15:37]     Normalization: none | fit_scope=none
[2026-05-27 16:15:37]     Phase 1 (warmup): 2,170/16,010 params
[2026-05-27 16:15:37]     Phase 2 (full): 16,010/16,010 params
[2026-05-27 16:15:38]     Result | best_epoch=39 | stop=88 | final_phase_epochs=78 | acc=0.6250 | bal_acc=0.6250 | pred_hist=[3, 5] | collapse=False
[2026-05-27 16:15:38]     spatial_conv=[4, 29] top_abs_channels=[('Pz', 0.15863268), ('O2', 0.14346859), ('T3', 0.13397908), ('CP3', 0.12073514), ('CP4', 0.12004172), ('C3', 0.11957236), ('T4', 0.11883558), ('O1', 0.11330004)]
[2026-05-27 16:15:38]     spatial_update=delta_l2=0.12679597 max_abs=0.01982007 relative=0.10624062 changed=True

[2026-05-27 16:15:38] Fold 4/5 | subject=3
[2026-05-27 16:15:38]     Train: 32 | counts=[16, 16]
[2026-05-27 16:15:38]     Test:  8 | counts=[4, 4]
[2026-05-27 16:15:38]     Model: SignalJEPA_PreLocal | Pretrained: from_pretrained | Strategy: full
[2026-05-27 16:15:38]     Normalization: none | fit_scope=none
[2026-05-27 16:15:38]     Phase 1 (warmup): 2,170/16,010 params
[2026-05-27 16:15:38]     Phase 2 (full): 16,010/16,010 params
[2026-05-27 16:15:39]     Result | best_epoch=69 | stop=119 | final_phase_epochs=109 | acc=0.7500 | bal_acc=0.7500 | pred_hist=[4, 4] | collapse=False
[2026-05-27 16:15:39]     spatial_conv=[4, 29] top_abs_channels=[('Pz', 0.16174883), ('O2', 0.13445185), ('T3', 0.11870821), ('P4', 0.11837672), ('T4', 0.11788183), ('CP4', 0.11477179), ('CP3', 0.11384521), ('O1', 0.1132043)]
[2026-05-27 16:15:39]     spatial_update=delta_l2=0.24565860 max_abs=0.04145597 relative=0.20583400 changed=True

[2026-05-27 16:15:39] Fold 5/5 | subject=3
[2026-05-27 16:15:39]     Train: 32 | counts=[16, 16]
[2026-05-27 16:15:39]     Test:  8 | counts=[4, 4]
[2026-05-27 16:15:39]     Model: SignalJEPA_PreLocal | Pretrained: from_pretrained | Strategy: full
[2026-05-27 16:15:39]     Normalization: none | fit_scope=none
[2026-05-27 16:15:39]     Phase 1 (warmup): 2,170/16,010 params
[2026-05-27 16:15:39]     Phase 2 (full): 16,010/16,010 params
[2026-05-27 16:15:40]     Result | best_epoch=57 | stop=107 | final_phase_epochs=97 | acc=0.8750 | bal_acc=0.8750 | pred_hist=[5, 3] | collapse=False
[2026-05-27 16:15:40]     spatial_conv=[4, 29] top_abs_channels=[('Pz', 0.1626993), ('O2', 0.14419529), ('T3', 0.13444522), ('O1', 0.12564701), ('T4', 0.12496794), ('CP3', 0.12241592), ('CP4', 0.11739568), ('C3', 0.10928914)]
[2026-05-27 16:15:40]     spatial_update=delta_l2=0.19841229 max_abs=0.03148260 relative=0.16624696 changed=True
[2026-05-27 16:15:40]   Subject 3: acc=0.6500±0.1458  bal_acc=0.6500±0.1458
[2026-05-27 16:15:40] \nSubject 4: 40 windows | class_counts=[20, 20]

[2026-05-27 16:15:40] Fold 1/5 | subject=4
[2026-05-27 16:15:40]     Train: 32 | counts=[16, 16]
[2026-05-27 16:15:40]     Test:  8 | counts=[4, 4]
[2026-05-27 16:15:40]     Model: SignalJEPA_PreLocal | Pretrained: from_pretrained | Strategy: full
[2026-05-27 16:15:40]     Normalization: none | fit_scope=none
[2026-05-27 16:15:40]     Phase 1 (warmup): 2,170/16,010 params
[2026-05-27 16:15:40]     Phase 2 (full): 16,010/16,010 params
[2026-05-27 16:15:40]     Result | best_epoch=11 | stop=61 | final_phase_epochs=51 | acc=0.5000 | bal_acc=0.5000 | pred_hist=[2, 6] | collapse=False
[2026-05-27 16:15:40]     spatial_conv=[4, 29] top_abs_channels=[('Pz', 0.15272146), ('O2', 0.14284033), ('T3', 0.12571523), ('O1', 0.12277924), ('T4', 0.12112727), ('CP3', 0.1207483), ('C3', 0.11395003), ('CP4', 0.10956623)]
[2026-05-27 16:15:40]     spatial_update=delta_l2=0.03896903 max_abs=0.00536826 relative=0.03265162 changed=True

[2026-05-27 16:15:41] Fold 2/5 | subject=4
[2026-05-27 16:15:41]     Train: 32 | counts=[16, 16]
[2026-05-27 16:15:41]     Test:  8 | counts=[4, 4]
[2026-05-27 16:15:41]     Model: SignalJEPA_PreLocal | Pretrained: from_pretrained | Strategy: full
[2026-05-27 16:15:41]     Normalization: none | fit_scope=none
[2026-05-27 16:15:41]     Phase 1 (warmup): 2,170/16,010 params
[2026-05-27 16:15:41]     Phase 2 (full): 16,010/16,010 params
[2026-05-27 16:15:42]     Result | best_epoch=149 | stop=198 | final_phase_epochs=188 | acc=0.8750 | bal_acc=0.8750 | pred_hist=[3, 5] | collapse=False
[2026-05-27 16:15:42]     spatial_conv=[4, 29] top_abs_channels=[('O2', 0.14931935), ('Pz', 0.13765524), ('T4', 0.13631229), ('CP3', 0.13569963), ('T3', 0.13122255), ('P4', 0.12200397), ('CP4', 0.10799182), ('F7', 0.10722864)]
[2026-05-27 16:15:42]     spatial_update=delta_l2=0.27526551 max_abs=0.05763062 relative=0.23064122 changed=True

[2026-05-27 16:15:42] Fold 3/5 | subject=4
[2026-05-27 16:15:42]     Train: 32 | counts=[16, 16]
[2026-05-27 16:15:42]     Test:  8 | counts=[4, 4]
[2026-05-27 16:15:42]     Model: SignalJEPA_PreLocal | Pretrained: from_pretrained | Strategy: full
[2026-05-27 16:15:42]     Normalization: none | fit_scope=none
[2026-05-27 16:15:42]     Phase 1 (warmup): 2,170/16,010 params
[2026-05-27 16:15:42]     Phase 2 (full): 16,010/16,010 params
[2026-05-27 16:15:42]     Result | best_epoch=27 | stop=77 | final_phase_epochs=67 | acc=0.6250 | bal_acc=0.6250 | pred_hist=[5, 3] | collapse=False
[2026-05-27 16:15:42]     spatial_conv=[4, 29] top_abs_channels=[('Pz', 0.15317188), ('O2', 0.14240938), ('T3', 0.127086), ('O1', 0.12026957), ('T4', 0.1195576), ('CP3', 0.11832035), ('C3', 0.11500211), ('P4', 0.11064991)]
[2026-05-27 16:15:42]     spatial_update=delta_l2=0.08039908 max_abs=0.01334564 relative=0.06736529 changed=True

[2026-05-27 16:15:43] Fold 4/5 | subject=4
[2026-05-27 16:15:43]     Train: 32 | counts=[16, 16]
[2026-05-27 16:15:43]     Test:  8 | counts=[4, 4]
[2026-05-27 16:15:43]     Model: SignalJEPA_PreLocal | Pretrained: from_pretrained | Strategy: full
[2026-05-27 16:15:43]     Normalization: none | fit_scope=none
[2026-05-27 16:15:43]     Phase 1 (warmup): 2,170/16,010 params
[2026-05-27 16:15:43]     Phase 2 (full): 16,010/16,010 params
[2026-05-27 16:15:43]     Result | best_epoch=66 | stop=116 | final_phase_epochs=106 | acc=0.6250 | bal_acc=0.6250 | pred_hist=[5, 3] | collapse=False
[2026-05-27 16:15:43]     spatial_conv=[4, 29] top_abs_channels=[('Pz', 0.15961635), ('O2', 0.13485241), ('T3', 0.12713481), ('T4', 0.12462495), ('P4', 0.11717686), ('CP3', 0.11356483), ('CP4', 0.11326145), ('C3', 0.11188012)]
[2026-05-27 16:15:43]     spatial_update=delta_l2=0.20158008 max_abs=0.03791138 relative=0.16890121 changed=True

[2026-05-27 16:15:44] Fold 5/5 | subject=4
[2026-05-27 16:15:44]     Train: 32 | counts=[16, 16]
[2026-05-27 16:15:44]     Test:  8 | counts=[4, 4]
[2026-05-27 16:15:44]     Model: SignalJEPA_PreLocal | Pretrained: from_pretrained | Strategy: full
[2026-05-27 16:15:44]     Normalization: none | fit_scope=none
[2026-05-27 16:15:44]     Phase 1 (warmup): 2,170/16,010 params
[2026-05-27 16:15:44]     Phase 2 (full): 16,010/16,010 params
[2026-05-27 16:15:44]     Result | best_epoch=11 | stop=61 | final_phase_epochs=51 | acc=0.3750 | bal_acc=0.3750 | pred_hist=[3, 5] | collapse=False
[2026-05-27 16:15:44]     spatial_conv=[4, 29] top_abs_channels=[('Pz', 0.15337215), ('O2', 0.1443035), ('T3', 0.12616423), ('O1', 0.12243915), ('T4', 0.12141559), ('CP3', 0.11986752), ('C3', 0.11456674), ('CP4', 0.11020216)]
[2026-05-27 16:15:44]     spatial_update=delta_l2=0.03825741 max_abs=0.00536759 relative=0.03205537 changed=True
[2026-05-27 16:15:44]   Subject 4: acc=0.6000±0.1658  bal_acc=0.6000±0.1658
[2026-05-27 16:15:44] \nSubject 5: 40 windows | class_counts=[20, 20]

[2026-05-27 16:15:45] Fold 1/5 | subject=5
[2026-05-27 16:15:45]     Train: 32 | counts=[16, 16]
[2026-05-27 16:15:45]     Test:  8 | counts=[4, 4]
[2026-05-27 16:15:45]     Model: SignalJEPA_PreLocal | Pretrained: from_pretrained | Strategy: full
[2026-05-27 16:15:45]     Normalization: none | fit_scope=none
[2026-05-27 16:15:45]     Phase 1 (warmup): 2,170/16,010 params
[2026-05-27 16:15:45]     Phase 2 (full): 16,010/16,010 params
[2026-05-27 16:15:45]     Result | best_epoch=11 | stop=61 | final_phase_epochs=51 | acc=0.5000 | bal_acc=0.5000 | pred_hist=[0, 8] | collapse=True
[2026-05-27 16:15:45]     spatial_conv=[4, 29] top_abs_channels=[('Pz', 0.14905649), ('O2', 0.14480782), ('T3', 0.12789451), ('CP3', 0.12162139), ('T4', 0.12161333), ('O1', 0.11972183), ('C3', 0.11636762), ('Fp1', 0.11436261)]
[2026-05-27 16:15:45]     spatial_update=delta_l2=0.04328618 max_abs=0.00548779 relative=0.03626890 changed=True

[2026-05-27 16:15:45] Fold 2/5 | subject=5
[2026-05-27 16:15:45]     Train: 32 | counts=[16, 16]
[2026-05-27 16:15:45]     Test:  8 | counts=[4, 4]
[2026-05-27 16:15:45]     Model: SignalJEPA_PreLocal | Pretrained: from_pretrained | Strategy: full
[2026-05-27 16:15:45]     Normalization: none | fit_scope=none
[2026-05-27 16:15:45]     Phase 1 (warmup): 2,170/16,010 params
[2026-05-27 16:15:45]     Phase 2 (full): 16,010/16,010 params
[2026-05-27 16:15:46]     Result | best_epoch=11 | stop=61 | final_phase_epochs=51 | acc=0.5000 | bal_acc=0.5000 | pred_hist=[0, 8] | collapse=True
[2026-05-27 16:15:46]     spatial_conv=[4, 29] top_abs_channels=[('Pz', 0.15081139), ('O2', 0.14613961), ('T3', 0.12899427), ('T4', 0.12218142), ('CP3', 0.12181149), ('O1', 0.11915218), ('C3', 0.11405385), ('CP4', 0.11257751)]
[2026-05-27 16:15:46]     spatial_update=delta_l2=0.04177274 max_abs=0.00548113 relative=0.03500081 changed=True

[2026-05-27 16:15:46] Fold 3/5 | subject=5
[2026-05-27 16:15:46]     Train: 32 | counts=[16, 16]
[2026-05-27 16:15:46]     Test:  8 | counts=[4, 4]
[2026-05-27 16:15:46]     Model: SignalJEPA_PreLocal | Pretrained: from_pretrained | Strategy: full
[2026-05-27 16:15:46]     Normalization: none | fit_scope=none
[2026-05-27 16:15:46]     Phase 1 (warmup): 2,170/16,010 params
[2026-05-27 16:15:46]     Phase 2 (full): 16,010/16,010 params
[2026-05-27 16:15:47]     Result | best_epoch=130 | stop=180 | final_phase_epochs=170 | acc=0.6250 | bal_acc=0.6250 | pred_hist=[5, 3] | collapse=False
[2026-05-27 16:15:47]     spatial_conv=[4, 29] top_abs_channels=[('O2', 0.14184855), ('T3', 0.13268818), ('CP4', 0.13162477), ('Pz', 0.12368356), ('FCz', 0.11932456), ('Fp1', 0.1172428), ('C3', 0.11448367), ('Fz', 0.11395713)]
[2026-05-27 16:15:47]     spatial_update=delta_l2=0.33639406 max_abs=0.06173579 relative=0.28186001 changed=True

[2026-05-27 16:15:47] Fold 4/5 | subject=5
[2026-05-27 16:15:47]     Train: 32 | counts=[16, 16]
[2026-05-27 16:15:47]     Test:  8 | counts=[4, 4]
[2026-05-27 16:15:47]     Model: SignalJEPA_PreLocal | Pretrained: from_pretrained | Strategy: full
[2026-05-27 16:15:47]     Normalization: none | fit_scope=none
[2026-05-27 16:15:47]     Phase 1 (warmup): 2,170/16,010 params
[2026-05-27 16:15:47]     Phase 2 (full): 16,010/16,010 params
[2026-05-27 16:15:48]     Result | best_epoch=200 | stop=249 | final_phase_epochs=239 | acc=0.6250 | bal_acc=0.6250 | pred_hist=[3, 5] | collapse=False
[2026-05-27 16:15:48]     spatial_conv=[4, 29] top_abs_channels=[('O2', 0.14929073), ('Pz', 0.13443382), ('CP4', 0.13196999), ('T3', 0.1300237), ('P4', 0.128626), ('C3', 0.12625331), ('FCz', 0.11841634), ('CP3', 0.11458737)]
[2026-05-27 16:15:48]     spatial_update=delta_l2=0.36133573 max_abs=0.06164246 relative=0.30275830 changed=True

[2026-05-27 16:15:49] Fold 5/5 | subject=5
[2026-05-27 16:15:49]     Train: 32 | counts=[16, 16]
[2026-05-27 16:15:49]     Test:  8 | counts=[4, 4]
[2026-05-27 16:15:49]     Model: SignalJEPA_PreLocal | Pretrained: from_pretrained | Strategy: full
[2026-05-27 16:15:49]     Normalization: none | fit_scope=none
[2026-05-27 16:15:49]     Phase 1 (warmup): 2,170/16,010 params
[2026-05-27 16:15:49]     Phase 2 (full): 16,010/16,010 params
[2026-05-27 16:15:49]     Result | best_epoch=68 | stop=118 | final_phase_epochs=108 | acc=0.2500 | bal_acc=0.2500 | pred_hist=[4, 4] | collapse=False
[2026-05-27 16:15:49]     spatial_conv=[4, 29] top_abs_channels=[('T3', 0.13876106), ('O2', 0.135867), ('Fp1', 0.13191189), ('FCz', 0.12695974), ('CP4', 0.12475786), ('Pz', 0.12175082), ('T5', 0.12155084), ('O1', 0.11864308)]
[2026-05-27 16:15:49]     spatial_update=delta_l2=0.26694230 max_abs=0.03964960 relative=0.22366732 changed=True
[2026-05-27 16:15:49]   Subject 5: acc=0.5000±0.1369  bal_acc=0.5000±0.1369
[2026-05-27 16:15:49] \nSubject 6: 40 windows | class_counts=[20, 20]

[2026-05-27 16:15:50] Fold 1/5 | subject=6
[2026-05-27 16:15:50]     Train: 32 | counts=[16, 16]
[2026-05-27 16:15:50]     Test:  8 | counts=[4, 4]
[2026-05-27 16:15:50]     Model: SignalJEPA_PreLocal | Pretrained: from_pretrained | Strategy: full
[2026-05-27 16:15:50]     Normalization: none | fit_scope=none
[2026-05-27 16:15:50]     Phase 1 (warmup): 2,170/16,010 params
[2026-05-27 16:15:50]     Phase 2 (full): 16,010/16,010 params
[2026-05-27 16:15:50]     Result | best_epoch=11 | stop=61 | final_phase_epochs=51 | acc=0.6250 | bal_acc=0.6250 | pred_hist=[1, 7] | collapse=False
[2026-05-27 16:15:50]     spatial_conv=[4, 29] top_abs_channels=[('Pz', 0.1525621), ('O2', 0.14423676), ('T3', 0.12774362), ('T4', 0.12283498), ('O1', 0.12156164), ('CP3', 0.1196782), ('C3', 0.11442724), ('Fp1', 0.11313444)]
[2026-05-27 16:15:50]     spatial_update=delta_l2=0.03657149 max_abs=0.00547823 relative=0.03064275 changed=True

[2026-05-27 16:15:50] Fold 2/5 | subject=6
[2026-05-27 16:15:50]     Train: 32 | counts=[16, 16]
[2026-05-27 16:15:50]     Test:  8 | counts=[4, 4]
[2026-05-27 16:15:50]     Model: SignalJEPA_PreLocal | Pretrained: from_pretrained | Strategy: full
[2026-05-27 16:15:50]     Normalization: none | fit_scope=none
[2026-05-27 16:15:50]     Phase 1 (warmup): 2,170/16,010 params
[2026-05-27 16:15:50]     Phase 2 (full): 16,010/16,010 params
[2026-05-27 16:15:51]     Result | best_epoch=52 | stop=102 | final_phase_epochs=92 | acc=0.5000 | bal_acc=0.5000 | pred_hist=[6, 2] | collapse=False
[2026-05-27 16:15:51]     spatial_conv=[4, 29] top_abs_channels=[('O2', 0.15324527), ('Pz', 0.14743844), ('T3', 0.14234245), ('CP3', 0.12044773), ('C3', 0.11981705), ('T4', 0.11477196), ('Fz', 0.11379457), ('P4', 0.11294187)]
[2026-05-27 16:15:51]     spatial_update=delta_l2=0.15484737 max_abs=0.02671660 relative=0.12974451 changed=True

[2026-05-27 16:15:51] Fold 3/5 | subject=6
[2026-05-27 16:15:51]     Train: 32 | counts=[16, 16]
[2026-05-27 16:15:51]     Test:  8 | counts=[4, 4]
[2026-05-27 16:15:51]     Model: SignalJEPA_PreLocal | Pretrained: from_pretrained | Strategy: full
[2026-05-27 16:15:51]     Normalization: none | fit_scope=none
[2026-05-27 16:15:51]     Phase 1 (warmup): 2,170/16,010 params
[2026-05-27 16:15:51]     Phase 2 (full): 16,010/16,010 params
[2026-05-27 16:15:51]     Result | best_epoch=11 | stop=61 | final_phase_epochs=51 | acc=0.5000 | bal_acc=0.5000 | pred_hist=[0, 8] | collapse=True
[2026-05-27 16:15:51]     spatial_conv=[4, 29] top_abs_channels=[('Pz', 0.15441456), ('O2', 0.14606887), ('T3', 0.12732115), ('T4', 0.12311415), ('CP3', 0.12078258), ('O1', 0.11983091), ('C3', 0.11333043), ('Fp1', 0.11133501)]
[2026-05-27 16:15:51]     spatial_update=delta_l2=0.04014731 max_abs=0.00549999 relative=0.03363889 changed=True

[2026-05-27 16:15:52] Fold 4/5 | subject=6
[2026-05-27 16:15:52]     Train: 32 | counts=[16, 16]
[2026-05-27 16:15:52]     Test:  8 | counts=[4, 4]
[2026-05-27 16:15:52]     Model: SignalJEPA_PreLocal | Pretrained: from_pretrained | Strategy: full
[2026-05-27 16:15:52]     Normalization: none | fit_scope=none
[2026-05-27 16:15:52]     Phase 1 (warmup): 2,170/16,010 params
[2026-05-27 16:15:52]     Phase 2 (full): 16,010/16,010 params
[2026-05-27 16:15:52]     Result | best_epoch=11 | stop=61 | final_phase_epochs=51 | acc=0.5000 | bal_acc=0.5000 | pred_hist=[0, 8] | collapse=True
[2026-05-27 16:15:52]     spatial_conv=[4, 29] top_abs_channels=[('Pz', 0.15298441), ('O2', 0.14575414), ('T3', 0.12734787), ('T4', 0.12414299), ('O1', 0.12082449), ('CP3', 0.11870594), ('C3', 0.11510646), ('CP4', 0.11168325)]
[2026-05-27 16:15:52]     spatial_update=delta_l2=0.03938644 max_abs=0.00547190 relative=0.03300137 changed=True

[2026-05-27 16:15:53] Fold 5/5 | subject=6
[2026-05-27 16:15:53]     Train: 32 | counts=[16, 16]
[2026-05-27 16:15:53]     Test:  8 | counts=[4, 4]
[2026-05-27 16:15:53]     Model: SignalJEPA_PreLocal | Pretrained: from_pretrained | Strategy: full
[2026-05-27 16:15:53]     Normalization: none | fit_scope=none
[2026-05-27 16:15:53]     Phase 1 (warmup): 2,170/16,010 params
[2026-05-27 16:15:53]     Phase 2 (full): 16,010/16,010 params
[2026-05-27 16:15:53]     Result | best_epoch=29 | stop=79 | final_phase_epochs=69 | acc=0.2500 | bal_acc=0.2500 | pred_hist=[6, 2] | collapse=False
[2026-05-27 16:15:53]     spatial_conv=[4, 29] top_abs_channels=[('Pz', 0.1490185), ('O2', 0.14716642), ('T3', 0.1283588), ('T4', 0.12455082), ('CP3', 0.12308883), ('O1', 0.12199739), ('Fz', 0.11140542), ('C3', 0.11117508)]
[2026-05-27 16:15:53]     spatial_update=delta_l2=0.09166653 max_abs=0.01462466 relative=0.07680614 changed=True
[2026-05-27 16:15:53]   Subject 6: acc=0.4750±0.1225  bal_acc=0.4750±0.1225
[2026-05-27 16:15:53] \nSubject 7: 40 windows | class_counts=[20, 20]

[2026-05-27 16:15:54] Fold 1/5 | subject=7
[2026-05-27 16:15:54]     Train: 32 | counts=[16, 16]
[2026-05-27 16:15:54]     Test:  8 | counts=[4, 4]
[2026-05-27 16:15:54]     Model: SignalJEPA_PreLocal | Pretrained: from_pretrained | Strategy: full
[2026-05-27 16:15:54]     Normalization: none | fit_scope=none
[2026-05-27 16:15:54]     Phase 1 (warmup): 2,170/16,010 params
[2026-05-27 16:15:54]     Phase 2 (full): 16,010/16,010 params
[2026-05-27 16:15:54]     Result | best_epoch=76 | stop=126 | final_phase_epochs=116 | acc=0.8750 | bal_acc=0.8750 | pred_hist=[3, 5] | collapse=False
[2026-05-27 16:15:54]     spatial_conv=[4, 29] top_abs_channels=[('Pz', 0.14639591), ('O2', 0.13265947), ('CP3', 0.13223705), ('T4', 0.11831512), ('CP4', 0.11627302), ('T3', 0.11289746), ('Fp1', 0.1126975), ('Fz', 0.10735733)]
[2026-05-27 16:15:54]     spatial_update=delta_l2=0.25694959 max_abs=0.04367021 relative=0.21529457 changed=True

[2026-05-27 16:15:55] Fold 2/5 | subject=7
[2026-05-27 16:15:55]     Train: 32 | counts=[16, 16]
[2026-05-27 16:15:55]     Test:  8 | counts=[4, 4]
[2026-05-27 16:15:55]     Model: SignalJEPA_PreLocal | Pretrained: from_pretrained | Strategy: full
[2026-05-27 16:15:55]     Normalization: none | fit_scope=none
[2026-05-27 16:15:55]     Phase 1 (warmup): 2,170/16,010 params
[2026-05-27 16:15:55]     Phase 2 (full): 16,010/16,010 params
[2026-05-27 16:15:55]     Result | best_epoch=46 | stop=96 | final_phase_epochs=86 | acc=0.7500 | bal_acc=0.7500 | pred_hist=[2, 6] | collapse=False
[2026-05-27 16:15:55]     spatial_conv=[4, 29] top_abs_channels=[('Pz', 0.14691767), ('O2', 0.13720275), ('T3', 0.12516105), ('CP3', 0.12256618), ('T4', 0.1198419), ('P4', 0.11349301), ('O1', 0.11294881), ('CP4', 0.11290817)]
[2026-05-27 16:15:55]     spatial_update=delta_l2=0.15901687 max_abs=0.02514543 relative=0.13323807 changed=True

[2026-05-27 16:15:56] Fold 3/5 | subject=7
[2026-05-27 16:15:56]     Train: 32 | counts=[16, 16]
[2026-05-27 16:15:56]     Test:  8 | counts=[4, 4]
[2026-05-27 16:15:56]     Model: SignalJEPA_PreLocal | Pretrained: from_pretrained | Strategy: full
[2026-05-27 16:15:56]     Normalization: none | fit_scope=none
[2026-05-27 16:15:56]     Phase 1 (warmup): 2,170/16,010 params
[2026-05-27 16:15:56]     Phase 2 (full): 16,010/16,010 params
[2026-05-27 16:15:56]     Result | best_epoch=49 | stop=99 | final_phase_epochs=89 | acc=0.6250 | bal_acc=0.6250 | pred_hist=[3, 5] | collapse=False
[2026-05-27 16:15:56]     spatial_conv=[4, 29] top_abs_channels=[('Pz', 0.15290684), ('O2', 0.13857774), ('T3', 0.12916368), ('T4', 0.1213941), ('CP4', 0.12035893), ('CP3', 0.12035784), ('P4', 0.11627482), ('O1', 0.11330545)]
[2026-05-27 16:15:56]     spatial_update=delta_l2=0.18241139 max_abs=0.02708434 relative=0.15284002 changed=True

[2026-05-27 16:15:56] Fold 4/5 | subject=7
[2026-05-27 16:15:56]     Train: 32 | counts=[16, 16]
[2026-05-27 16:15:56]     Test:  8 | counts=[4, 4]
[2026-05-27 16:15:56]     Model: SignalJEPA_PreLocal | Pretrained: from_pretrained | Strategy: full
[2026-05-27 16:15:56]     Normalization: none | fit_scope=none
[2026-05-27 16:15:56]     Phase 1 (warmup): 2,170/16,010 params
[2026-05-27 16:15:56]     Phase 2 (full): 16,010/16,010 params
[2026-05-27 16:15:57]     Result | best_epoch=95 | stop=145 | final_phase_epochs=135 | acc=0.6250 | bal_acc=0.6250 | pred_hist=[7, 1] | collapse=False
[2026-05-27 16:15:57]     spatial_conv=[4, 29] top_abs_channels=[('Pz', 0.16616473), ('O2', 0.13990542), ('CP3', 0.12370159), ('P4', 0.11855411), ('Fp1', 0.11787748), ('T3', 0.11288814), ('CP4', 0.11271734), ('T4', 0.1105779)]
[2026-05-27 16:15:57]     spatial_update=delta_l2=0.27988743 max_abs=0.05139573 relative=0.23451387 changed=True

[2026-05-27 16:15:58] Fold 5/5 | subject=7
[2026-05-27 16:15:58]     Train: 32 | counts=[16, 16]
[2026-05-27 16:15:58]     Test:  8 | counts=[4, 4]
[2026-05-27 16:15:58]     Model: SignalJEPA_PreLocal | Pretrained: from_pretrained | Strategy: full
[2026-05-27 16:15:58]     Normalization: none | fit_scope=none
[2026-05-27 16:15:58]     Phase 1 (warmup): 2,170/16,010 params
[2026-05-27 16:15:58]     Phase 2 (full): 16,010/16,010 params
[2026-05-27 16:15:58]     Result | best_epoch=53 | stop=103 | final_phase_epochs=93 | acc=0.3750 | bal_acc=0.3750 | pred_hist=[5, 3] | collapse=False
[2026-05-27 16:15:58]     spatial_conv=[4, 29] top_abs_channels=[('Pz', 0.15129986), ('O2', 0.1454044), ('T3', 0.13166085), ('CP3', 0.12950566), ('P4', 0.11539714), ('CP4', 0.11463533), ('T4', 0.11360317), ('TP8', 0.10936993)]
[2026-05-27 16:15:58]     spatial_update=delta_l2=0.19078765 max_abs=0.02996241 relative=0.15985838 changed=True
[2026-05-27 16:15:58]   Subject 7: acc=0.6500±0.1658  bal_acc=0.6500±0.1658
[2026-05-27 16:15:58] \nSubject 8: 40 windows | class_counts=[20, 20]

[2026-05-27 16:15:58] Fold 1/5 | subject=8
[2026-05-27 16:15:58]     Train: 32 | counts=[16, 16]
[2026-05-27 16:15:58]     Test:  8 | counts=[4, 4]
[2026-05-27 16:15:58]     Model: SignalJEPA_PreLocal | Pretrained: from_pretrained | Strategy: full
[2026-05-27 16:15:58]     Normalization: none | fit_scope=none
[2026-05-27 16:15:58]     Phase 1 (warmup): 2,170/16,010 params
[2026-05-27 16:15:58]     Phase 2 (full): 16,010/16,010 params
[2026-05-27 16:15:59]     Result | best_epoch=67 | stop=117 | final_phase_epochs=107 | acc=0.7500 | bal_acc=0.7500 | pred_hist=[4, 4] | collapse=False
[2026-05-27 16:15:59]     spatial_conv=[4, 29] top_abs_channels=[('CP3', 0.14195435), ('O2', 0.14138527), ('Pz', 0.13936289), ('O1', 0.13343829), ('T4', 0.12778734), ('C3', 0.12606944), ('CP4', 0.1190166), ('T3', 0.11540802)]
[2026-05-27 16:15:59]     spatial_update=delta_l2=0.23130010 max_abs=0.03679597 relative=0.19380321 changed=True

[2026-05-27 16:15:59] Fold 2/5 | subject=8
[2026-05-27 16:15:59]     Train: 32 | counts=[16, 16]
[2026-05-27 16:15:59]     Test:  8 | counts=[4, 4]
[2026-05-27 16:15:59]     Model: SignalJEPA_PreLocal | Pretrained: from_pretrained | Strategy: full
[2026-05-27 16:15:59]     Normalization: none | fit_scope=none
[2026-05-27 16:15:59]     Phase 1 (warmup): 2,170/16,010 params
[2026-05-27 16:15:59]     Phase 2 (full): 16,010/16,010 params
[2026-05-27 16:16:00]     Result | best_epoch=39 | stop=89 | final_phase_epochs=79 | acc=0.7500 | bal_acc=0.7500 | pred_hist=[2, 6] | collapse=False
[2026-05-27 16:16:00]     spatial_conv=[4, 29] top_abs_channels=[('Pz', 0.1483935), ('O2', 0.1447463), ('CP3', 0.13002647), ('T3', 0.12878074), ('T4', 0.12757817), ('O1', 0.12618592), ('C3', 0.1195707), ('CP4', 0.11698803)]
[2026-05-27 16:16:00]     spatial_update=delta_l2=0.11677373 max_abs=0.02017399 relative=0.09784312 changed=True

[2026-05-27 16:16:00] Fold 3/5 | subject=8
[2026-05-27 16:16:00]     Train: 32 | counts=[16, 16]
[2026-05-27 16:16:00]     Test:  8 | counts=[4, 4]
[2026-05-27 16:16:00]     Model: SignalJEPA_PreLocal | Pretrained: from_pretrained | Strategy: full
[2026-05-27 16:16:00]     Normalization: none | fit_scope=none
[2026-05-27 16:16:00]     Phase 1 (warmup): 2,170/16,010 params
[2026-05-27 16:16:00]     Phase 2 (full): 16,010/16,010 params
[2026-05-27 16:16:01]     Result | best_epoch=85 | stop=135 | final_phase_epochs=125 | acc=0.7500 | bal_acc=0.7500 | pred_hist=[4, 4] | collapse=False
[2026-05-27 16:16:01]     spatial_conv=[4, 29] top_abs_channels=[('CP3', 0.14518744), ('Pz', 0.1389868), ('O1', 0.1368922), ('O2', 0.13649832), ('T4', 0.13147816), ('TP8', 0.11456273), ('CP4', 0.11273083), ('P3', 0.11182973)]
[2026-05-27 16:16:01]     spatial_update=delta_l2=0.24070617 max_abs=0.04419791 relative=0.20168442 changed=True

[2026-05-27 16:16:01] Fold 4/5 | subject=8
[2026-05-27 16:16:01]     Train: 32 | counts=[16, 16]
[2026-05-27 16:16:01]     Test:  8 | counts=[4, 4]
[2026-05-27 16:16:01]     Model: SignalJEPA_PreLocal | Pretrained: from_pretrained | Strategy: full
[2026-05-27 16:16:01]     Normalization: none | fit_scope=none
[2026-05-27 16:16:01]     Phase 1 (warmup): 2,170/16,010 params
[2026-05-27 16:16:01]     Phase 2 (full): 16,010/16,010 params
[2026-05-27 16:16:01]     Result | best_epoch=48 | stop=98 | final_phase_epochs=88 | acc=0.8750 | bal_acc=0.8750 | pred_hist=[5, 3] | collapse=False
[2026-05-27 16:16:01]     spatial_conv=[4, 29] top_abs_channels=[('Pz', 0.1552161), ('O2', 0.14518324), ('O1', 0.12707902), ('CP3', 0.12630191), ('T4', 0.11997373), ('T3', 0.11943395), ('C3', 0.11254387), ('CP4', 0.11220437)]
[2026-05-27 16:16:01]     spatial_update=delta_l2=0.11957419 max_abs=0.02616186 relative=0.10018959 changed=True

[2026-05-27 16:16:02] Fold 5/5 | subject=8
[2026-05-27 16:16:02]     Train: 32 | counts=[16, 16]
[2026-05-27 16:16:02]     Test:  8 | counts=[4, 4]
[2026-05-27 16:16:02]     Model: SignalJEPA_PreLocal | Pretrained: from_pretrained | Strategy: full
[2026-05-27 16:16:02]     Normalization: none | fit_scope=none
[2026-05-27 16:16:02]     Phase 1 (warmup): 2,170/16,010 params
[2026-05-27 16:16:02]     Phase 2 (full): 16,010/16,010 params
[2026-05-27 16:16:02]     Result | best_epoch=43 | stop=93 | final_phase_epochs=83 | acc=0.3750 | bal_acc=0.3750 | pred_hist=[5, 3] | collapse=False
[2026-05-27 16:16:02]     spatial_conv=[4, 29] top_abs_channels=[('Pz', 0.14828402), ('O2', 0.14676416), ('CP3', 0.13002825), ('T4', 0.1282057), ('O1', 0.12818666), ('C3', 0.1253455), ('T3', 0.12082948), ('CP4', 0.12012491)]
[2026-05-27 16:16:02]     spatial_update=delta_l2=0.16349038 max_abs=0.02277313 relative=0.13698636 changed=True
[2026-05-27 16:16:02]   Subject 8: acc=0.7000±0.1696  bal_acc=0.7000±0.1696
[2026-05-27 16:16:02] \nSubject 9: 40 windows | class_counts=[20, 20]

[2026-05-27 16:16:03] Fold 1/5 | subject=9
[2026-05-27 16:16:03]     Train: 32 | counts=[16, 16]
[2026-05-27 16:16:03]     Test:  8 | counts=[4, 4]
[2026-05-27 16:16:03]     Model: SignalJEPA_PreLocal | Pretrained: from_pretrained | Strategy: full
[2026-05-27 16:16:03]     Normalization: none | fit_scope=none
[2026-05-27 16:16:03]     Phase 1 (warmup): 2,170/16,010 params
[2026-05-27 16:16:03]     Phase 2 (full): 16,010/16,010 params
[2026-05-27 16:16:03]     Result | best_epoch=66 | stop=116 | final_phase_epochs=106 | acc=0.5000 | bal_acc=0.5000 | pred_hist=[4, 4] | collapse=False
[2026-05-27 16:16:03]     spatial_conv=[4, 29] top_abs_channels=[('Pz', 0.15015182), ('O2', 0.14866044), ('O1', 0.13177648), ('CP3', 0.12360944), ('T3', 0.11885135), ('T4', 0.11197172), ('CP4', 0.11072858), ('P3', 0.11036991)]
[2026-05-27 16:16:03]     spatial_update=delta_l2=0.21662734 max_abs=0.03714742 relative=0.18150910 changed=True

[2026-05-27 16:16:04] Fold 2/5 | subject=9
[2026-05-27 16:16:04]     Train: 32 | counts=[16, 16]
[2026-05-27 16:16:04]     Test:  8 | counts=[4, 4]
[2026-05-27 16:16:04]     Model: SignalJEPA_PreLocal | Pretrained: from_pretrained | Strategy: full
[2026-05-27 16:16:04]     Normalization: none | fit_scope=none
[2026-05-27 16:16:04]     Phase 1 (warmup): 2,170/16,010 params
[2026-05-27 16:16:04]     Phase 2 (full): 16,010/16,010 params
[2026-05-27 16:16:04]     Result | best_epoch=51 | stop=101 | final_phase_epochs=91 | acc=0.3750 | bal_acc=0.3750 | pred_hist=[1, 7] | collapse=False
[2026-05-27 16:16:04]     spatial_conv=[4, 29] top_abs_channels=[('O2', 0.15139832), ('Pz', 0.14822111), ('T3', 0.13883846), ('CP3', 0.1255714), ('P3', 0.12231246), ('T4', 0.12175617), ('O1', 0.11682213), ('Fp1', 0.11524075)]
[2026-05-27 16:16:04]     spatial_update=delta_l2=0.14300232 max_abs=0.02753761 relative=0.11981970 changed=True

[2026-05-27 16:16:05] Fold 3/5 | subject=9
[2026-05-27 16:16:05]     Train: 32 | counts=[16, 16]
[2026-05-27 16:16:05]     Test:  8 | counts=[4, 4]
[2026-05-27 16:16:05]     Model: SignalJEPA_PreLocal | Pretrained: from_pretrained | Strategy: full
[2026-05-27 16:16:05]     Normalization: none | fit_scope=none
[2026-05-27 16:16:05]     Phase 1 (warmup): 2,170/16,010 params
[2026-05-27 16:16:05]     Phase 2 (full): 16,010/16,010 params
[2026-05-27 16:16:05]     Result | best_epoch=62 | stop=111 | final_phase_epochs=101 | acc=0.3750 | bal_acc=0.3750 | pred_hist=[5, 3] | collapse=False
[2026-05-27 16:16:05]     spatial_conv=[4, 29] top_abs_channels=[('T3', 0.14816236), ('O2', 0.14447536), ('Pz', 0.13466026), ('CP3', 0.12982187), ('T4', 0.12449817), ('Fp1', 0.12124415), ('O1', 0.11524797), ('P3', 0.11428639)]
[2026-05-27 16:16:05]     spatial_update=delta_l2=0.17829833 max_abs=0.03467660 relative=0.14939375 changed=True

[2026-05-27 16:16:06] Fold 4/5 | subject=9
[2026-05-27 16:16:06]     Train: 32 | counts=[16, 16]
[2026-05-27 16:16:06]     Test:  8 | counts=[4, 4]
[2026-05-27 16:16:06]     Model: SignalJEPA_PreLocal | Pretrained: from_pretrained | Strategy: full
[2026-05-27 16:16:06]     Normalization: none | fit_scope=none
[2026-05-27 16:16:06]     Phase 1 (warmup): 2,170/16,010 params
[2026-05-27 16:16:06]     Phase 2 (full): 16,010/16,010 params
[2026-05-27 16:16:06]     Result | best_epoch=59 | stop=109 | final_phase_epochs=99 | acc=0.5000 | bal_acc=0.5000 | pred_hist=[4, 4] | collapse=False
[2026-05-27 16:16:06]     spatial_conv=[4, 29] top_abs_channels=[('O2', 0.14716402), ('Pz', 0.14382046), ('T3', 0.12897402), ('T4', 0.12489944), ('CP3', 0.12303989), ('O1', 0.12089988), ('P3', 0.11546884), ('P4', 0.11469209)]
[2026-05-27 16:16:06]     spatial_update=delta_l2=0.18726360 max_abs=0.03324689 relative=0.15690563 changed=True

[2026-05-27 16:16:07] Fold 5/5 | subject=9
[2026-05-27 16:16:07]     Train: 32 | counts=[16, 16]
[2026-05-27 16:16:07]     Test:  8 | counts=[4, 4]
[2026-05-27 16:16:07]     Model: SignalJEPA_PreLocal | Pretrained: from_pretrained | Strategy: full
[2026-05-27 16:16:07]     Normalization: none | fit_scope=none
[2026-05-27 16:16:07]     Phase 1 (warmup): 2,170/16,010 params
[2026-05-27 16:16:07]     Phase 2 (full): 16,010/16,010 params
[2026-05-27 16:16:07]     Result | best_epoch=75 | stop=125 | final_phase_epochs=115 | acc=0.2500 | bal_acc=0.2500 | pred_hist=[2, 6] | collapse=False
[2026-05-27 16:16:07]     spatial_conv=[4, 29] top_abs_channels=[('Pz', 0.15969548), ('O2', 0.14350659), ('O1', 0.12819609), ('CP3', 0.12714204), ('T3', 0.12568218), ('T4', 0.12333162), ('P4', 0.11895425), ('CP4', 0.1114188)]
[2026-05-27 16:16:07]     spatial_update=delta_l2=0.22966064 max_abs=0.04401251 relative=0.19242953 changed=True
[2026-05-27 16:16:07]   Subject 9: acc=0.4000±0.0935  bal_acc=0.4000±0.0935
[2026-05-27 16:16:07] \nSubject 10: 40 windows | class_counts=[20, 20]

[2026-05-27 16:16:08] Fold 1/5 | subject=10
[2026-05-27 16:16:08]     Train: 32 | counts=[16, 16]
[2026-05-27 16:16:08]     Test:  8 | counts=[4, 4]
[2026-05-27 16:16:08]     Model: SignalJEPA_PreLocal | Pretrained: from_pretrained | Strategy: full
[2026-05-27 16:16:08]     Normalization: none | fit_scope=none
[2026-05-27 16:16:08]     Phase 1 (warmup): 2,170/16,010 params
[2026-05-27 16:16:08]     Phase 2 (full): 16,010/16,010 params
[2026-05-27 16:16:08]     Result | best_epoch=11 | stop=61 | final_phase_epochs=51 | acc=0.5000 | bal_acc=0.5000 | pred_hist=[0, 8] | collapse=True
[2026-05-27 16:16:08]     spatial_conv=[4, 29] top_abs_channels=[('Pz', 0.15017608), ('O2', 0.14637291), ('T3', 0.12569977), ('T4', 0.12378673), ('CP3', 0.12132557), ('O1', 0.11980893), ('C3', 0.11613411), ('Fp1', 0.11097091)]
[2026-05-27 16:16:08]     spatial_update=delta_l2=0.03992050 max_abs=0.00535976 relative=0.03344884 changed=True

[2026-05-27 16:16:08] Fold 2/5 | subject=10
[2026-05-27 16:16:08]     Train: 32 | counts=[16, 16]
[2026-05-27 16:16:08]     Test:  8 | counts=[4, 4]
[2026-05-27 16:16:08]     Model: SignalJEPA_PreLocal | Pretrained: from_pretrained | Strategy: full
[2026-05-27 16:16:08]     Normalization: none | fit_scope=none
[2026-05-27 16:16:08]     Phase 1 (warmup): 2,170/16,010 params
[2026-05-27 16:16:08]     Phase 2 (full): 16,010/16,010 params
[2026-05-27 16:16:09]     Result | best_epoch=75 | stop=125 | final_phase_epochs=115 | acc=0.6250 | bal_acc=0.6250 | pred_hist=[5, 3] | collapse=False
[2026-05-27 16:16:09]     spatial_conv=[4, 29] top_abs_channels=[('Pz', 0.15793093), ('T4', 0.14635777), ('O2', 0.14482367), ('CP3', 0.1331597), ('T3', 0.11804912), ('O1', 0.11462472), ('Fp1', 0.11237381), ('C3', 0.11028075)]
[2026-05-27 16:16:09]     spatial_update=delta_l2=0.22229701 max_abs=0.04269934 relative=0.18625964 changed=True

[2026-05-27 16:16:09] Fold 3/5 | subject=10
[2026-05-27 16:16:09]     Train: 32 | counts=[16, 16]
[2026-05-27 16:16:09]     Test:  8 | counts=[4, 4]
[2026-05-27 16:16:09]     Model: SignalJEPA_PreLocal | Pretrained: from_pretrained | Strategy: full
[2026-05-27 16:16:09]     Normalization: none | fit_scope=none
[2026-05-27 16:16:09]     Phase 1 (warmup): 2,170/16,010 params
[2026-05-27 16:16:09]     Phase 2 (full): 16,010/16,010 params
[2026-05-27 16:16:10]     Result | best_epoch=64 | stop=114 | final_phase_epochs=104 | acc=0.0000 | bal_acc=0.0000 | pred_hist=[4, 4] | collapse=False
[2026-05-27 16:16:10]     spatial_conv=[4, 29] top_abs_channels=[('O2', 0.1537039), ('Pz', 0.14860962), ('T3', 0.13896227), ('CP3', 0.12740414), ('O1', 0.12682043), ('T4', 0.12184572), ('P3', 0.1166144), ('C3', 0.11282983)]
[2026-05-27 16:16:10]     spatial_update=delta_l2=0.17999917 max_abs=0.03687257 relative=0.15081886 changed=True

[2026-05-27 16:16:10] Fold 4/5 | subject=10
[2026-05-27 16:16:10]     Train: 32 | counts=[16, 16]
[2026-05-27 16:16:10]     Test:  8 | counts=[4, 4]
[2026-05-27 16:16:10]     Model: SignalJEPA_PreLocal | Pretrained: from_pretrained | Strategy: full
[2026-05-27 16:16:10]     Normalization: none | fit_scope=none
[2026-05-27 16:16:10]     Phase 1 (warmup): 2,170/16,010 params
[2026-05-27 16:16:10]     Phase 2 (full): 16,010/16,010 params
[2026-05-27 16:16:11]     Result | best_epoch=51 | stop=101 | final_phase_epochs=91 | acc=0.7500 | bal_acc=0.7500 | pred_hist=[4, 4] | collapse=False
[2026-05-27 16:16:11]     spatial_conv=[4, 29] top_abs_channels=[('Pz', 0.14841396), ('O2', 0.14080219), ('T3', 0.13772559), ('CP3', 0.13507746), ('T4', 0.12102348), ('C3', 0.11829774), ('O1', 0.11402486), ('T5', 0.11175855)]
[2026-05-27 16:16:11]     spatial_update=delta_l2=0.15397554 max_abs=0.02696261 relative=0.12901401 changed=True

[2026-05-27 16:16:11] Fold 5/5 | subject=10
[2026-05-27 16:16:11]     Train: 32 | counts=[16, 16]
[2026-05-27 16:16:11]     Test:  8 | counts=[4, 4]
[2026-05-27 16:16:11]     Model: SignalJEPA_PreLocal | Pretrained: from_pretrained | Strategy: full
[2026-05-27 16:16:11]     Normalization: none | fit_scope=none
[2026-05-27 16:16:11]     Phase 1 (warmup): 2,170/16,010 params
[2026-05-27 16:16:11]     Phase 2 (full): 16,010/16,010 params
[2026-05-27 16:16:12]     Result | best_epoch=50 | stop=100 | final_phase_epochs=90 | acc=0.5000 | bal_acc=0.5000 | pred_hist=[6, 2] | collapse=False
[2026-05-27 16:16:12]     spatial_conv=[4, 29] top_abs_channels=[('Pz', 0.15590326), ('O2', 0.14548647), ('CP3', 0.13567996), ('T3', 0.12914486), ('T4', 0.12350936), ('C3', 0.11633055), ('O1', 0.11051207), ('T5', 0.10794783)]
[2026-05-27 16:16:12]     spatial_update=delta_l2=0.14046297 max_abs=0.02792487 relative=0.11769201 changed=True
[2026-05-27 16:16:12]   Subject 10: acc=0.4750±0.2550  bal_acc=0.4750±0.2550
[2026-05-27 16:16:12] \nSubject 11: 40 windows | class_counts=[20, 20]

[2026-05-27 16:16:12] Fold 1/5 | subject=11
[2026-05-27 16:16:12]     Train: 32 | counts=[16, 16]
[2026-05-27 16:16:12]     Test:  8 | counts=[4, 4]
[2026-05-27 16:16:12]     Model: SignalJEPA_PreLocal | Pretrained: from_pretrained | Strategy: full
[2026-05-27 16:16:12]     Normalization: none | fit_scope=none
[2026-05-27 16:16:12]     Phase 1 (warmup): 2,170/16,010 params
[2026-05-27 16:16:12]     Phase 2 (full): 16,010/16,010 params
[2026-05-27 16:16:12]     Result | best_epoch=12 | stop=61 | final_phase_epochs=51 | acc=0.5000 | bal_acc=0.5000 | pred_hist=[0, 8] | collapse=True
[2026-05-27 16:16:12]     spatial_conv=[4, 29] top_abs_channels=[('Pz', 0.15145749), ('O2', 0.14495446), ('T3', 0.12836218), ('CP3', 0.12301724), ('O1', 0.12250296), ('T4', 0.12169683), ('C3', 0.11551657), ('CP4', 0.11278073)]
[2026-05-27 16:16:12]     spatial_update=delta_l2=0.03969149 max_abs=0.00533266 relative=0.03325696 changed=True

[2026-05-27 16:16:13] Fold 2/5 | subject=11
[2026-05-27 16:16:13]     Train: 32 | counts=[16, 16]
[2026-05-27 16:16:13]     Test:  8 | counts=[4, 4]
[2026-05-27 16:16:13]     Model: SignalJEPA_PreLocal | Pretrained: from_pretrained | Strategy: full
[2026-05-27 16:16:13]     Normalization: none | fit_scope=none
[2026-05-27 16:16:13]     Phase 1 (warmup): 2,170/16,010 params
[2026-05-27 16:16:13]     Phase 2 (full): 16,010/16,010 params
[2026-05-27 16:16:13]     Result | best_epoch=11 | stop=61 | final_phase_epochs=51 | acc=0.5000 | bal_acc=0.5000 | pred_hist=[0, 8] | collapse=True
[2026-05-27 16:16:13]     spatial_conv=[4, 29] top_abs_channels=[('Pz', 0.15075162), ('O2', 0.14381152), ('T3', 0.12938689), ('CP3', 0.12335166), ('T4', 0.12312233), ('O1', 0.12258954), ('C3', 0.11579262), ('CP4', 0.11346437)]
[2026-05-27 16:16:13]     spatial_update=delta_l2=0.04184691 max_abs=0.00550844 relative=0.03506296 changed=True

[2026-05-27 16:16:14] Fold 3/5 | subject=11
[2026-05-27 16:16:14]     Train: 32 | counts=[16, 16]
[2026-05-27 16:16:14]     Test:  8 | counts=[4, 4]
[2026-05-27 16:16:14]     Model: SignalJEPA_PreLocal | Pretrained: from_pretrained | Strategy: full
[2026-05-27 16:16:14]     Normalization: none | fit_scope=none
[2026-05-27 16:16:14]     Phase 1 (warmup): 2,170/16,010 params
[2026-05-27 16:16:14]     Phase 2 (full): 16,010/16,010 params
[2026-05-27 16:16:14]     Result | best_epoch=11 | stop=61 | final_phase_epochs=51 | acc=0.5000 | bal_acc=0.5000 | pred_hist=[0, 8] | collapse=True
[2026-05-27 16:16:14]     spatial_conv=[4, 29] top_abs_channels=[('Pz', 0.15138321), ('O2', 0.14617181), ('T3', 0.12859705), ('T4', 0.12338629), ('CP3', 0.12315044), ('O1', 0.12143239), ('C3', 0.11425768), ('CP4', 0.1123251)]
[2026-05-27 16:16:14]     spatial_update=delta_l2=0.04068888 max_abs=0.00547121 relative=0.03409266 changed=True

[2026-05-27 16:16:15] Fold 4/5 | subject=11
[2026-05-27 16:16:15]     Train: 32 | counts=[16, 16]
[2026-05-27 16:16:15]     Test:  8 | counts=[4, 4]
[2026-05-27 16:16:15]     Model: SignalJEPA_PreLocal | Pretrained: from_pretrained | Strategy: full
[2026-05-27 16:16:15]     Normalization: none | fit_scope=none
[2026-05-27 16:16:15]     Phase 1 (warmup): 2,170/16,010 params
[2026-05-27 16:16:15]     Phase 2 (full): 16,010/16,010 params
[2026-05-27 16:16:15]     Result | best_epoch=11 | stop=61 | final_phase_epochs=51 | acc=0.5000 | bal_acc=0.5000 | pred_hist=[0, 8] | collapse=True
[2026-05-27 16:16:15]     spatial_conv=[4, 29] top_abs_channels=[('Pz', 0.15109849), ('O2', 0.1470364), ('T3', 0.12589981), ('CP3', 0.12392814), ('O1', 0.1222482), ('T4', 0.12209716), ('C3', 0.1184424), ('CP4', 0.11069326)]
[2026-05-27 16:16:15]     spatial_update=delta_l2=0.04066191 max_abs=0.00542794 relative=0.03407006 changed=True

[2026-05-27 16:16:16] Fold 5/5 | subject=11
[2026-05-27 16:16:16]     Train: 32 | counts=[16, 16]
[2026-05-27 16:16:16]     Test:  8 | counts=[4, 4]
[2026-05-27 16:16:16]     Model: SignalJEPA_PreLocal | Pretrained: from_pretrained | Strategy: full
[2026-05-27 16:16:16]     Normalization: none | fit_scope=none
[2026-05-27 16:16:16]     Phase 1 (warmup): 2,170/16,010 params
[2026-05-27 16:16:16]     Phase 2 (full): 16,010/16,010 params
[2026-05-27 16:16:16]     Result | best_epoch=11 | stop=61 | final_phase_epochs=51 | acc=0.5000 | bal_acc=0.5000 | pred_hist=[0, 8] | collapse=True
[2026-05-27 16:16:16]     spatial_conv=[4, 29] top_abs_channels=[('Pz', 0.15220883), ('O2', 0.14327291), ('T3', 0.12927908), ('T4', 0.12364583), ('CP3', 0.12336927), ('O1', 0.12174445), ('C3', 0.11582097), ('CP4', 0.11037269)]
[2026-05-27 16:16:16]     spatial_update=delta_l2=0.03820945 max_abs=0.00536917 relative=0.03201518 changed=True
[2026-05-27 16:16:16]   Subject 11: acc=0.5000±0.0000  bal_acc=0.5000±0.0000
[2026-05-27 16:16:16] \nSubject 12: 40 windows | class_counts=[20, 20]

[2026-05-27 16:16:16] Fold 1/5 | subject=12
[2026-05-27 16:16:16]     Train: 32 | counts=[16, 16]
[2026-05-27 16:16:16]     Test:  8 | counts=[4, 4]
[2026-05-27 16:16:16]     Model: SignalJEPA_PreLocal | Pretrained: from_pretrained | Strategy: full
[2026-05-27 16:16:16]     Normalization: none | fit_scope=none
[2026-05-27 16:16:16]     Phase 1 (warmup): 2,170/16,010 params
[2026-05-27 16:16:16]     Phase 2 (full): 16,010/16,010 params
[2026-05-27 16:16:17]     Result | best_epoch=11 | stop=61 | final_phase_epochs=51 | acc=0.6250 | bal_acc=0.6250 | pred_hist=[1, 7] | collapse=False
[2026-05-27 16:16:17]     spatial_conv=[4, 29] top_abs_channels=[('Pz', 0.15263748), ('O2', 0.14568588), ('CP3', 0.12539083), ('T3', 0.12515154), ('T4', 0.12302661), ('O1', 0.11987017), ('C3', 0.11399421), ('CP4', 0.11055141)]
[2026-05-27 16:16:17]     spatial_update=delta_l2=0.04028874 max_abs=0.00550883 relative=0.03375738 changed=True

[2026-05-27 16:16:17] Fold 2/5 | subject=12
[2026-05-27 16:16:17]     Train: 32 | counts=[16, 16]
[2026-05-27 16:16:17]     Test:  8 | counts=[4, 4]
[2026-05-27 16:16:17]     Model: SignalJEPA_PreLocal | Pretrained: from_pretrained | Strategy: full
[2026-05-27 16:16:17]     Normalization: none | fit_scope=none
[2026-05-27 16:16:17]     Phase 1 (warmup): 2,170/16,010 params
[2026-05-27 16:16:17]     Phase 2 (full): 16,010/16,010 params
[2026-05-27 16:16:17]     Result | best_epoch=11 | stop=61 | final_phase_epochs=51 | acc=0.5000 | bal_acc=0.5000 | pred_hist=[0, 8] | collapse=True
[2026-05-27 16:16:17]     spatial_conv=[4, 29] top_abs_channels=[('Pz', 0.15020509), ('O2', 0.14735603), ('T3', 0.12542963), ('CP3', 0.12390606), ('T4', 0.12267098), ('O1', 0.11956293), ('C3', 0.11362682), ('CP4', 0.11128066)]
[2026-05-27 16:16:17]     spatial_update=delta_l2=0.03777757 max_abs=0.00547794 relative=0.03165332 changed=True

[2026-05-27 16:16:18] Fold 3/5 | subject=12
[2026-05-27 16:16:18]     Train: 32 | counts=[16, 16]
[2026-05-27 16:16:18]     Test:  8 | counts=[4, 4]
[2026-05-27 16:16:18]     Model: SignalJEPA_PreLocal | Pretrained: from_pretrained | Strategy: full
[2026-05-27 16:16:18]     Normalization: none | fit_scope=none
[2026-05-27 16:16:18]     Phase 1 (warmup): 2,170/16,010 params
[2026-05-27 16:16:18]     Phase 2 (full): 16,010/16,010 params
[2026-05-27 16:16:18]     Result | best_epoch=19 | stop=69 | final_phase_epochs=59 | acc=0.6250 | bal_acc=0.6250 | pred_hist=[1, 7] | collapse=False
[2026-05-27 16:16:18]     spatial_conv=[4, 29] top_abs_channels=[('Pz', 0.15288903), ('O2', 0.1460166), ('T3', 0.12953752), ('CP3', 0.12748405), ('T4', 0.12186898), ('O1', 0.11976314), ('C3', 0.11310456), ('CP4', 0.10948728)]
[2026-05-27 16:16:18]     spatial_update=delta_l2=0.05746583 max_abs=0.00936709 relative=0.04814984 changed=True

[2026-05-27 16:16:19] Fold 4/5 | subject=12
[2026-05-27 16:16:19]     Train: 32 | counts=[16, 16]
[2026-05-27 16:16:19]     Test:  8 | counts=[4, 4]
[2026-05-27 16:16:19]     Model: SignalJEPA_PreLocal | Pretrained: from_pretrained | Strategy: full
[2026-05-27 16:16:19]     Normalization: none | fit_scope=none
[2026-05-27 16:16:19]     Phase 1 (warmup): 2,170/16,010 params
[2026-05-27 16:16:19]     Phase 2 (full): 16,010/16,010 params
[2026-05-27 16:16:19]     Result | best_epoch=11 | stop=61 | final_phase_epochs=51 | acc=0.5000 | bal_acc=0.5000 | pred_hist=[0, 8] | collapse=True
[2026-05-27 16:16:19]     spatial_conv=[4, 29] top_abs_channels=[('Pz', 0.1509442), ('O2', 0.14614224), ('CP3', 0.12525606), ('T3', 0.12307425), ('O1', 0.12173404), ('T4', 0.12093525), ('C3', 0.11300667), ('CP4', 0.11047601)]
[2026-05-27 16:16:19]     spatial_update=delta_l2=0.04023900 max_abs=0.00540557 relative=0.03371571 changed=True

[2026-05-27 16:16:20] Fold 5/5 | subject=12
[2026-05-27 16:16:20]     Train: 32 | counts=[16, 16]
[2026-05-27 16:16:20]     Test:  8 | counts=[4, 4]
[2026-05-27 16:16:20]     Model: SignalJEPA_PreLocal | Pretrained: from_pretrained | Strategy: full
[2026-05-27 16:16:20]     Normalization: none | fit_scope=none
[2026-05-27 16:16:20]     Phase 1 (warmup): 2,170/16,010 params
[2026-05-27 16:16:20]     Phase 2 (full): 16,010/16,010 params
[2026-05-27 16:16:20]     Result | best_epoch=11 | stop=61 | final_phase_epochs=51 | acc=0.6250 | bal_acc=0.6250 | pred_hist=[1, 7] | collapse=False
[2026-05-27 16:16:20]     spatial_conv=[4, 29] top_abs_channels=[('Pz', 0.15251076), ('O2', 0.14514348), ('CP3', 0.12496307), ('T3', 0.12446427), ('O1', 0.12221117), ('T4', 0.12220645), ('C3', 0.11437759), ('CP4', 0.11280849)]
[2026-05-27 16:16:20]     spatial_update=delta_l2=0.04230769 max_abs=0.00549017 relative=0.03544904 changed=True
[2026-05-27 16:16:20]   Subject 12: acc=0.5750±0.0612  bal_acc=0.5750±0.0612
[2026-05-27 16:16:20] \nSubject 13: 40 windows | class_counts=[20, 20]

[2026-05-27 16:16:21] Fold 1/5 | subject=13
[2026-05-27 16:16:21]     Train: 32 | counts=[16, 16]
[2026-05-27 16:16:21]     Test:  8 | counts=[4, 4]
[2026-05-27 16:16:21]     Model: SignalJEPA_PreLocal | Pretrained: from_pretrained | Strategy: full
[2026-05-27 16:16:21]     Normalization: none | fit_scope=none
[2026-05-27 16:16:21]     Phase 1 (warmup): 2,170/16,010 params
[2026-05-27 16:16:21]     Phase 2 (full): 16,010/16,010 params
[2026-05-27 16:16:21]     Result | best_epoch=11 | stop=61 | final_phase_epochs=51 | acc=0.6250 | bal_acc=0.6250 | pred_hist=[1, 7] | collapse=False
[2026-05-27 16:16:21]     spatial_conv=[4, 29] top_abs_channels=[('Pz', 0.15482214), ('O2', 0.14161116), ('T3', 0.12696196), ('O1', 0.12290469), ('T4', 0.12240531), ('CP3', 0.12211388), ('C3', 0.11740303), ('CP4', 0.11126063)]
[2026-05-27 16:16:21]     spatial_update=delta_l2=0.03654734 max_abs=0.00551057 relative=0.03062252 changed=True

[2026-05-27 16:16:21] Fold 2/5 | subject=13
[2026-05-27 16:16:21]     Train: 32 | counts=[16, 16]
[2026-05-27 16:16:21]     Test:  8 | counts=[4, 4]
[2026-05-27 16:16:21]     Model: SignalJEPA_PreLocal | Pretrained: from_pretrained | Strategy: full
[2026-05-27 16:16:21]     Normalization: none | fit_scope=none
[2026-05-27 16:16:21]     Phase 1 (warmup): 2,170/16,010 params
[2026-05-27 16:16:22]     Phase 2 (full): 16,010/16,010 params
[2026-05-27 16:16:22]     Result | best_epoch=11 | stop=61 | final_phase_epochs=51 | acc=0.6250 | bal_acc=0.6250 | pred_hist=[3, 5] | collapse=False
[2026-05-27 16:16:22]     spatial_conv=[4, 29] top_abs_channels=[('Pz', 0.15458974), ('O2', 0.14298916), ('T3', 0.12699591), ('T4', 0.12246068), ('CP3', 0.12237923), ('O1', 0.12220992), ('C3', 0.11562885), ('CP4', 0.11166511)]
[2026-05-27 16:16:22]     spatial_update=delta_l2=0.04111773 max_abs=0.00554964 relative=0.03445199 changed=True

[2026-05-27 16:16:22] Fold 3/5 | subject=13
[2026-05-27 16:16:22]     Train: 32 | counts=[16, 16]
[2026-05-27 16:16:22]     Test:  8 | counts=[4, 4]
[2026-05-27 16:16:22]     Model: SignalJEPA_PreLocal | Pretrained: from_pretrained | Strategy: full
[2026-05-27 16:16:22]     Normalization: none | fit_scope=none
[2026-05-27 16:16:22]     Phase 1 (warmup): 2,170/16,010 params
[2026-05-27 16:16:22]     Phase 2 (full): 16,010/16,010 params
[2026-05-27 16:16:23]     Result | best_epoch=50 | stop=100 | final_phase_epochs=90 | acc=0.7500 | bal_acc=0.7500 | pred_hist=[4, 4] | collapse=False
[2026-05-27 16:16:23]     spatial_conv=[4, 29] top_abs_channels=[('Pz', 0.16506954), ('O2', 0.15255967), ('T3', 0.12129164), ('O1', 0.1197488), ('C3', 0.11738032), ('T4', 0.11731128), ('CP3', 0.11686049), ('P3', 0.11525631)]
[2026-05-27 16:16:23]     spatial_update=delta_l2=0.17451319 max_abs=0.02723356 relative=0.14622223 changed=True

[2026-05-27 16:16:23] Fold 4/5 | subject=13
[2026-05-27 16:16:23]     Train: 32 | counts=[16, 16]
[2026-05-27 16:16:23]     Test:  8 | counts=[4, 4]
[2026-05-27 16:16:23]     Model: SignalJEPA_PreLocal | Pretrained: from_pretrained | Strategy: full
[2026-05-27 16:16:23]     Normalization: none | fit_scope=none
[2026-05-27 16:16:23]     Phase 1 (warmup): 2,170/16,010 params
[2026-05-27 16:16:23]     Phase 2 (full): 16,010/16,010 params
[2026-05-27 16:16:23]     Result | best_epoch=37 | stop=87 | final_phase_epochs=77 | acc=0.8750 | bal_acc=0.8750 | pred_hist=[3, 5] | collapse=False
[2026-05-27 16:16:23]     spatial_conv=[4, 29] top_abs_channels=[('Pz', 0.16210698), ('O2', 0.13910376), ('O1', 0.13291964), ('T3', 0.12435338), ('T4', 0.12060165), ('P4', 0.11910317), ('T5', 0.11556885), ('CP3', 0.11095908)]
[2026-05-27 16:16:23]     spatial_update=delta_l2=0.15122077 max_abs=0.01947254 relative=0.12670583 changed=True

[2026-05-27 16:16:24] Fold 5/5 | subject=13
[2026-05-27 16:16:24]     Train: 32 | counts=[16, 16]
[2026-05-27 16:16:24]     Test:  8 | counts=[4, 4]
[2026-05-27 16:16:24]     Model: SignalJEPA_PreLocal | Pretrained: from_pretrained | Strategy: full
[2026-05-27 16:16:24]     Normalization: none | fit_scope=none
[2026-05-27 16:16:24]     Phase 1 (warmup): 2,170/16,010 params
[2026-05-27 16:16:24]     Phase 2 (full): 16,010/16,010 params
[2026-05-27 16:16:24]     Result | best_epoch=11 | stop=61 | final_phase_epochs=51 | acc=0.6250 | bal_acc=0.6250 | pred_hist=[3, 5] | collapse=False
[2026-05-27 16:16:24]     spatial_conv=[4, 29] top_abs_channels=[('Pz', 0.15345913), ('O2', 0.14206231), ('T3', 0.12771346), ('O1', 0.12371489), ('T4', 0.12235869), ('CP3', 0.1211922), ('C3', 0.11750035), ('CP4', 0.11320426)]
[2026-05-27 16:16:24]     spatial_update=delta_l2=0.04235641 max_abs=0.00550562 relative=0.03548986 changed=True
[2026-05-27 16:16:24]   Subject 13: acc=0.7000±0.1000  bal_acc=0.7000±0.1000
[2026-05-27 16:16:24] \nSubject 14: 40 windows | class_counts=[20, 20]

[2026-05-27 16:16:25] Fold 1/5 | subject=14
[2026-05-27 16:16:25]     Train: 32 | counts=[16, 16]
[2026-05-27 16:16:25]     Test:  8 | counts=[4, 4]
[2026-05-27 16:16:25]     Model: SignalJEPA_PreLocal | Pretrained: from_pretrained | Strategy: full
[2026-05-27 16:16:25]     Normalization: none | fit_scope=none
[2026-05-27 16:16:25]     Phase 1 (warmup): 2,170/16,010 params
[2026-05-27 16:16:25]     Phase 2 (full): 16,010/16,010 params
[2026-05-27 16:16:25]     Result | best_epoch=12 | stop=61 | final_phase_epochs=51 | acc=0.5000 | bal_acc=0.5000 | pred_hist=[0, 8] | collapse=True
[2026-05-27 16:16:25]     spatial_conv=[4, 29] top_abs_channels=[('O2', 0.14842619), ('Pz', 0.14839046), ('T3', 0.12549892), ('T4', 0.12215026), ('CP3', 0.1214194), ('O1', 0.12018102), ('C3', 0.11624835), ('CP4', 0.11199563)]
[2026-05-27 16:16:25]     spatial_update=delta_l2=0.04257809 max_abs=0.00551260 relative=0.03567561 changed=True

[2026-05-27 16:16:26] Fold 2/5 | subject=14
[2026-05-27 16:16:26]     Train: 32 | counts=[16, 16]
[2026-05-27 16:16:26]     Test:  8 | counts=[4, 4]
[2026-05-27 16:16:26]     Model: SignalJEPA_PreLocal | Pretrained: from_pretrained | Strategy: full
[2026-05-27 16:16:26]     Normalization: none | fit_scope=none
[2026-05-27 16:16:26]     Phase 1 (warmup): 2,170/16,010 params
[2026-05-27 16:16:26]     Phase 2 (full): 16,010/16,010 params
[2026-05-27 16:16:26]     Result | best_epoch=11 | stop=61 | final_phase_epochs=51 | acc=0.5000 | bal_acc=0.5000 | pred_hist=[0, 8] | collapse=True
[2026-05-27 16:16:26]     spatial_conv=[4, 29] top_abs_channels=[('O2', 0.14917687), ('Pz', 0.14807521), ('T4', 0.12408732), ('CP3', 0.12386721), ('T3', 0.12354165), ('O1', 0.11957293), ('C3', 0.11454417), ('CP4', 0.11283031)]
[2026-05-27 16:16:26]     spatial_update=delta_l2=0.04420260 max_abs=0.00543827 relative=0.03703676 changed=True

[2026-05-27 16:16:27] Fold 3/5 | subject=14
[2026-05-27 16:16:27]     Train: 32 | counts=[16, 16]
[2026-05-27 16:16:27]     Test:  8 | counts=[4, 4]
[2026-05-27 16:16:27]     Model: SignalJEPA_PreLocal | Pretrained: from_pretrained | Strategy: full
[2026-05-27 16:16:27]     Normalization: none | fit_scope=none
[2026-05-27 16:16:27]     Phase 1 (warmup): 2,170/16,010 params
[2026-05-27 16:16:27]     Phase 2 (full): 16,010/16,010 params
[2026-05-27 16:16:27]     Result | best_epoch=53 | stop=103 | final_phase_epochs=93 | acc=0.5000 | bal_acc=0.5000 | pred_hist=[4, 4] | collapse=False
[2026-05-27 16:16:27]     spatial_conv=[4, 29] top_abs_channels=[('O2', 0.15118518), ('Pz', 0.13915513), ('CP3', 0.12640181), ('T3', 0.12410557), ('C3', 0.12130298), ('Fp1', 0.11294107), ('P3', 0.11290155), ('T4', 0.11244591)]
[2026-05-27 16:16:27]     spatial_update=delta_l2=0.16406496 max_abs=0.02903104 relative=0.13746780 changed=True

[2026-05-27 16:16:28] Fold 4/5 | subject=14
[2026-05-27 16:16:28]     Train: 32 | counts=[16, 16]
[2026-05-27 16:16:28]     Test:  8 | counts=[4, 4]
[2026-05-27 16:16:28]     Model: SignalJEPA_PreLocal | Pretrained: from_pretrained | Strategy: full
[2026-05-27 16:16:28]     Normalization: none | fit_scope=none
[2026-05-27 16:16:28]     Phase 1 (warmup): 2,170/16,010 params
[2026-05-27 16:16:28]     Phase 2 (full): 16,010/16,010 params
[2026-05-27 16:16:28]     Result | best_epoch=11 | stop=61 | final_phase_epochs=51 | acc=0.5000 | bal_acc=0.5000 | pred_hist=[0, 8] | collapse=True
[2026-05-27 16:16:28]     spatial_conv=[4, 29] top_abs_channels=[('Pz', 0.15004906), ('O2', 0.14729218), ('T3', 0.12658037), ('T4', 0.12390375), ('CP3', 0.12188625), ('O1', 0.12140914), ('C3', 0.11671104), ('Fp1', 0.11273249)]
[2026-05-27 16:16:28]     spatial_update=delta_l2=0.04140629 max_abs=0.00550717 relative=0.03469376 changed=True

[2026-05-27 16:16:28] Fold 5/5 | subject=14
[2026-05-27 16:16:28]     Train: 32 | counts=[16, 16]
[2026-05-27 16:16:28]     Test:  8 | counts=[4, 4]
[2026-05-27 16:16:28]     Model: SignalJEPA_PreLocal | Pretrained: from_pretrained | Strategy: full
[2026-05-27 16:16:28]     Normalization: none | fit_scope=none
[2026-05-27 16:16:28]     Phase 1 (warmup): 2,170/16,010 params
[2026-05-27 16:16:28]     Phase 2 (full): 16,010/16,010 params
[2026-05-27 16:16:29]     Result | best_epoch=66 | stop=116 | final_phase_epochs=106 | acc=0.6250 | bal_acc=0.6250 | pred_hist=[3, 5] | collapse=False
[2026-05-27 16:16:29]     spatial_conv=[4, 29] top_abs_channels=[('O2', 0.15955354), ('Pz', 0.14575133), ('CP3', 0.13184212), ('T5', 0.12523165), ('P3', 0.12519816), ('T4', 0.1219662), ('CP4', 0.11535176), ('P4', 0.11156375)]
[2026-05-27 16:16:29]     spatial_update=delta_l2=0.21038686 max_abs=0.03788851 relative=0.17628029 changed=True
[2026-05-27 16:16:29]   Subject 14: acc=0.5250±0.0500  bal_acc=0.5250±0.0500
[2026-05-27 16:16:29] \nSubject 15: 40 windows | class_counts=[20, 20]

[2026-05-27 16:16:29] Fold 1/5 | subject=15
[2026-05-27 16:16:29]     Train: 32 | counts=[16, 16]
[2026-05-27 16:16:29]     Test:  8 | counts=[4, 4]
[2026-05-27 16:16:29]     Model: SignalJEPA_PreLocal | Pretrained: from_pretrained | Strategy: full
[2026-05-27 16:16:29]     Normalization: none | fit_scope=none
[2026-05-27 16:16:29]     Phase 1 (warmup): 2,170/16,010 params
[2026-05-27 16:16:29]     Phase 2 (full): 16,010/16,010 params
[2026-05-27 16:16:30]     Result | best_epoch=56 | stop=106 | final_phase_epochs=96 | acc=0.6250 | bal_acc=0.6250 | pred_hist=[5, 3] | collapse=False
[2026-05-27 16:16:30]     spatial_conv=[4, 29] top_abs_channels=[('Pz', 0.15034276), ('O2', 0.13601416), ('T3', 0.13457347), ('CP3', 0.12790346), ('P4', 0.12270145), ('C3', 0.12003303), ('Fp1', 0.1165903), ('CP4', 0.11024366)]
[2026-05-27 16:16:30]     spatial_update=delta_l2=0.19651978 max_abs=0.03052574 relative=0.16466125 changed=True

[2026-05-27 16:16:30] Fold 2/5 | subject=15
[2026-05-27 16:16:30]     Train: 32 | counts=[16, 16]
[2026-05-27 16:16:30]     Test:  8 | counts=[4, 4]
[2026-05-27 16:16:30]     Model: SignalJEPA_PreLocal | Pretrained: from_pretrained | Strategy: full
[2026-05-27 16:16:30]     Normalization: none | fit_scope=none
[2026-05-27 16:16:30]     Phase 1 (warmup): 2,170/16,010 params
[2026-05-27 16:16:30]     Phase 2 (full): 16,010/16,010 params
[2026-05-27 16:16:31]     Result | best_epoch=11 | stop=61 | final_phase_epochs=51 | acc=0.5000 | bal_acc=0.5000 | pred_hist=[0, 8] | collapse=True
[2026-05-27 16:16:31]     spatial_conv=[4, 29] top_abs_channels=[('Pz', 0.15234438), ('O2', 0.14374989), ('T3', 0.12696324), ('CP3', 0.12124325), ('O1', 0.1209602), ('T4', 0.11896543), ('C3', 0.11566378), ('Fp1', 0.11228582)]
[2026-05-27 16:16:31]     spatial_update=delta_l2=0.04269893 max_abs=0.00547273 relative=0.03577685 changed=True

[2026-05-27 16:16:31] Fold 3/5 | subject=15
[2026-05-27 16:16:31]     Train: 32 | counts=[16, 16]
[2026-05-27 16:16:31]     Test:  8 | counts=[4, 4]
[2026-05-27 16:16:31]     Model: SignalJEPA_PreLocal | Pretrained: from_pretrained | Strategy: full
[2026-05-27 16:16:31]     Normalization: none | fit_scope=none
[2026-05-27 16:16:31]     Phase 1 (warmup): 2,170/16,010 params
[2026-05-27 16:16:31]     Phase 2 (full): 16,010/16,010 params
[2026-05-27 16:16:32]     Result | best_epoch=68 | stop=118 | final_phase_epochs=108 | acc=0.6250 | bal_acc=0.6250 | pred_hist=[5, 3] | collapse=False
[2026-05-27 16:16:32]     spatial_conv=[4, 29] top_abs_channels=[('O2', 0.15888667), ('Pz', 0.14077589), ('CP3', 0.12886454), ('Fp1', 0.1200779), ('P4', 0.1183036), ('O1', 0.11556548), ('FT7', 0.11109078), ('T3', 0.11098194)]
[2026-05-27 16:16:32]     spatial_update=delta_l2=0.25381203 max_abs=0.03973482 relative=0.21266565 changed=True

[2026-05-27 16:16:32] Fold 4/5 | subject=15
[2026-05-27 16:16:32]     Train: 32 | counts=[16, 16]
[2026-05-27 16:16:32]     Test:  8 | counts=[4, 4]
[2026-05-27 16:16:32]     Model: SignalJEPA_PreLocal | Pretrained: from_pretrained | Strategy: full
[2026-05-27 16:16:32]     Normalization: none | fit_scope=none
[2026-05-27 16:16:32]     Phase 1 (warmup): 2,170/16,010 params
[2026-05-27 16:16:32]     Phase 2 (full): 16,010/16,010 params
[2026-05-27 16:16:33]     Result | best_epoch=90 | stop=140 | final_phase_epochs=130 | acc=0.5000 | bal_acc=0.5000 | pred_hist=[4, 4] | collapse=False
[2026-05-27 16:16:33]     spatial_conv=[4, 29] top_abs_channels=[('Fp1', 0.14387436), ('O2', 0.13941444), ('Pz', 0.13530414), ('FCz', 0.1318946), ('C3', 0.12755205), ('T5', 0.11917864), ('CP3', 0.11696193), ('FT7', 0.1073175)]
[2026-05-27 16:16:33]     spatial_update=delta_l2=0.30305912 max_abs=0.05285778 relative=0.25392912 changed=True

[2026-05-27 16:16:33] Fold 5/5 | subject=15
[2026-05-27 16:16:33]     Train: 32 | counts=[16, 16]
[2026-05-27 16:16:33]     Test:  8 | counts=[4, 4]
[2026-05-27 16:16:33]     Model: SignalJEPA_PreLocal | Pretrained: from_pretrained | Strategy: full
[2026-05-27 16:16:33]     Normalization: none | fit_scope=none
[2026-05-27 16:16:33]     Phase 1 (warmup): 2,170/16,010 params
[2026-05-27 16:16:33]     Phase 2 (full): 16,010/16,010 params
[2026-05-27 16:16:33]     Result | best_epoch=11 | stop=61 | final_phase_epochs=51 | acc=0.3750 | bal_acc=0.3750 | pred_hist=[1, 7] | collapse=False
[2026-05-27 16:16:33]     spatial_conv=[4, 29] top_abs_channels=[('Pz', 0.15433605), ('O2', 0.14012718), ('T3', 0.12623931), ('CP3', 0.12127808), ('T4', 0.1199009), ('O1', 0.11906246), ('C3', 0.11656808), ('CP4', 0.11230429)]
[2026-05-27 16:16:33]     spatial_update=delta_l2=0.04155679 max_abs=0.00550769 relative=0.03481987 changed=True
[2026-05-27 16:16:33]   Subject 15: acc=0.5250±0.0935  bal_acc=0.5250±0.0935
[2026-05-27 16:16:33] \nSubject 16: 40 windows | class_counts=[20, 20]

[2026-05-27 16:16:34] Fold 1/5 | subject=16
[2026-05-27 16:16:34]     Train: 32 | counts=[16, 16]
[2026-05-27 16:16:34]     Test:  8 | counts=[4, 4]
[2026-05-27 16:16:34]     Model: SignalJEPA_PreLocal | Pretrained: from_pretrained | Strategy: full
[2026-05-27 16:16:34]     Normalization: none | fit_scope=none
[2026-05-27 16:16:34]     Phase 1 (warmup): 2,170/16,010 params
[2026-05-27 16:16:34]     Phase 2 (full): 16,010/16,010 params
[2026-05-27 16:16:34]     Result | best_epoch=11 | stop=61 | final_phase_epochs=51 | acc=0.2500 | bal_acc=0.2500 | pred_hist=[2, 6] | collapse=False
[2026-05-27 16:16:34]     spatial_conv=[4, 29] top_abs_channels=[('Pz', 0.15391523), ('O2', 0.14232568), ('T3', 0.12428661), ('CP3', 0.12296467), ('T4', 0.12276998), ('O1', 0.11956915), ('C3', 0.11603378), ('CP4', 0.11280909)]
[2026-05-27 16:16:34]     spatial_update=delta_l2=0.03896242 max_abs=0.00544940 relative=0.03264609 changed=True

[2026-05-27 16:16:35] Fold 2/5 | subject=16
[2026-05-27 16:16:35]     Train: 32 | counts=[16, 16]
[2026-05-27 16:16:35]     Test:  8 | counts=[4, 4]
[2026-05-27 16:16:35]     Model: SignalJEPA_PreLocal | Pretrained: from_pretrained | Strategy: full
[2026-05-27 16:16:35]     Normalization: none | fit_scope=none
[2026-05-27 16:16:35]     Phase 1 (warmup): 2,170/16,010 params
[2026-05-27 16:16:35]     Phase 2 (full): 16,010/16,010 params
[2026-05-27 16:16:35]     Result | best_epoch=11 | stop=61 | final_phase_epochs=51 | acc=0.6250 | bal_acc=0.6250 | pred_hist=[1, 7] | collapse=False
[2026-05-27 16:16:35]     spatial_conv=[4, 29] top_abs_channels=[('Pz', 0.15594131), ('O2', 0.14222881), ('CP3', 0.12514287), ('T3', 0.12471849), ('T4', 0.12366241), ('O1', 0.11815327), ('CP4', 0.1129242), ('C3', 0.11209602)]
[2026-05-27 16:16:35]     spatial_update=delta_l2=0.04067028 max_abs=0.00548680 relative=0.03407707 changed=True

[2026-05-27 16:16:36] Fold 3/5 | subject=16
[2026-05-27 16:16:36]     Train: 32 | counts=[16, 16]
[2026-05-27 16:16:36]     Test:  8 | counts=[4, 4]
[2026-05-27 16:16:36]     Model: SignalJEPA_PreLocal | Pretrained: from_pretrained | Strategy: full
[2026-05-27 16:16:36]     Normalization: none | fit_scope=none
[2026-05-27 16:16:36]     Phase 1 (warmup): 2,170/16,010 params
[2026-05-27 16:16:36]     Phase 2 (full): 16,010/16,010 params
[2026-05-27 16:16:36]     Result | best_epoch=11 | stop=61 | final_phase_epochs=51 | acc=0.3750 | bal_acc=0.3750 | pred_hist=[1, 7] | collapse=False
[2026-05-27 16:16:36]     spatial_conv=[4, 29] top_abs_channels=[('Pz', 0.15368608), ('O2', 0.14200017), ('T3', 0.12477495), ('CP3', 0.12429768), ('T4', 0.12117977), ('O1', 0.11913672), ('C3', 0.11250502), ('CP4', 0.11216366)]
[2026-05-27 16:16:36]     spatial_update=delta_l2=0.03490751 max_abs=0.00541674 relative=0.02924853 changed=True

[2026-05-27 16:16:36] Fold 4/5 | subject=16
[2026-05-27 16:16:36]     Train: 32 | counts=[16, 16]
[2026-05-27 16:16:36]     Test:  8 | counts=[4, 4]
[2026-05-27 16:16:36]     Model: SignalJEPA_PreLocal | Pretrained: from_pretrained | Strategy: full
[2026-05-27 16:16:36]     Normalization: none | fit_scope=none
[2026-05-27 16:16:36]     Phase 1 (warmup): 2,170/16,010 params
[2026-05-27 16:16:36]     Phase 2 (full): 16,010/16,010 params
[2026-05-27 16:16:37]     Result | best_epoch=11 | stop=61 | final_phase_epochs=51 | acc=0.3750 | bal_acc=0.3750 | pred_hist=[1, 7] | collapse=False
[2026-05-27 16:16:37]     spatial_conv=[4, 29] top_abs_channels=[('Pz', 0.15326607), ('O2', 0.14242384), ('T3', 0.12390938), ('CP3', 0.12178247), ('T4', 0.12160209), ('O1', 0.11970009), ('C3', 0.11488768), ('P3', 0.11057769)]
[2026-05-27 16:16:37]     spatial_update=delta_l2=0.03773734 max_abs=0.00541753 relative=0.03161961 changed=True

[2026-05-27 16:16:37] Fold 5/5 | subject=16
[2026-05-27 16:16:37]     Train: 32 | counts=[16, 16]
[2026-05-27 16:16:37]     Test:  8 | counts=[4, 4]
[2026-05-27 16:16:37]     Model: SignalJEPA_PreLocal | Pretrained: from_pretrained | Strategy: full
[2026-05-27 16:16:37]     Normalization: none | fit_scope=none
[2026-05-27 16:16:37]     Phase 1 (warmup): 2,170/16,010 params
[2026-05-27 16:16:37]     Phase 2 (full): 16,010/16,010 params
[2026-05-27 16:16:38]     Result | best_epoch=11 | stop=61 | final_phase_epochs=51 | acc=0.5000 | bal_acc=0.5000 | pred_hist=[0, 8] | collapse=True
[2026-05-27 16:16:38]     spatial_conv=[4, 29] top_abs_channels=[('Pz', 0.15039636), ('O2', 0.14156593), ('T3', 0.12755516), ('CP3', 0.12536404), ('T4', 0.12096165), ('O1', 0.1208487), ('C3', 0.11126547), ('Fp1', 0.1107938)]
[2026-05-27 16:16:38]     spatial_update=delta_l2=0.03618375 max_abs=0.00531314 relative=0.03031787 changed=True
[2026-05-27 16:16:38]   Subject 16: acc=0.4250±0.1275  bal_acc=0.4250±0.1275
[2026-05-27 16:16:38] \nSubject 17: 40 windows | class_counts=[20, 20]

[2026-05-27 16:16:38] Fold 1/5 | subject=17
[2026-05-27 16:16:38]     Train: 32 | counts=[16, 16]
[2026-05-27 16:16:38]     Test:  8 | counts=[4, 4]
[2026-05-27 16:16:38]     Model: SignalJEPA_PreLocal | Pretrained: from_pretrained | Strategy: full
[2026-05-27 16:16:38]     Normalization: none | fit_scope=none
[2026-05-27 16:16:38]     Phase 1 (warmup): 2,170/16,010 params
[2026-05-27 16:16:38]     Phase 2 (full): 16,010/16,010 params
[2026-05-27 16:16:38]     Result | best_epoch=11 | stop=61 | final_phase_epochs=51 | acc=0.5000 | bal_acc=0.5000 | pred_hist=[0, 8] | collapse=True
[2026-05-27 16:16:38]     spatial_conv=[4, 29] top_abs_channels=[('Pz', 0.15609753), ('O2', 0.14030202), ('T3', 0.12839009), ('CP3', 0.12163362), ('O1', 0.12071193), ('T4', 0.1200649), ('C3', 0.1175606), ('CP4', 0.11317404)]
[2026-05-27 16:16:38]     spatial_update=delta_l2=0.04221386 max_abs=0.00548467 relative=0.03537042 changed=True

[2026-05-27 16:16:39] Fold 2/5 | subject=17
[2026-05-27 16:16:39]     Train: 32 | counts=[16, 16]
[2026-05-27 16:16:39]     Test:  8 | counts=[4, 4]
[2026-05-27 16:16:39]     Model: SignalJEPA_PreLocal | Pretrained: from_pretrained | Strategy: full
[2026-05-27 16:16:39]     Normalization: none | fit_scope=none
[2026-05-27 16:16:39]     Phase 1 (warmup): 2,170/16,010 params
[2026-05-27 16:16:39]     Phase 2 (full): 16,010/16,010 params
[2026-05-27 16:16:39]     Result | best_epoch=11 | stop=61 | final_phase_epochs=51 | acc=0.5000 | bal_acc=0.5000 | pred_hist=[0, 8] | collapse=True
[2026-05-27 16:16:39]     spatial_conv=[4, 29] top_abs_channels=[('Pz', 0.15687422), ('O2', 0.14178053), ('T3', 0.12877297), ('O1', 0.1216853), ('CP3', 0.1212505), ('T4', 0.12122688), ('C3', 0.11763787), ('CP4', 0.1117511)]
[2026-05-27 16:16:39]     spatial_update=delta_l2=0.04081861 max_abs=0.00541592 relative=0.03420135 changed=True

[2026-05-27 16:16:40] Fold 3/5 | subject=17
[2026-05-27 16:16:40]     Train: 32 | counts=[16, 16]
[2026-05-27 16:16:40]     Test:  8 | counts=[4, 4]
[2026-05-27 16:16:40]     Model: SignalJEPA_PreLocal | Pretrained: from_pretrained | Strategy: full
[2026-05-27 16:16:40]     Normalization: none | fit_scope=none
[2026-05-27 16:16:40]     Phase 1 (warmup): 2,170/16,010 params
[2026-05-27 16:16:40]     Phase 2 (full): 16,010/16,010 params
[2026-05-27 16:16:40]     Result | best_epoch=41 | stop=88 | final_phase_epochs=78 | acc=0.7500 | bal_acc=0.7500 | pred_hist=[6, 2] | collapse=False
[2026-05-27 16:16:40]     spatial_conv=[4, 29] top_abs_channels=[('Pz', 0.15336585), ('O2', 0.13634834), ('T3', 0.1254532), ('CP3', 0.12496087), ('C3', 0.11729105), ('O1', 0.11577244), ('P4', 0.11569112), ('CP4', 0.11458886)]
[2026-05-27 16:16:40]     spatial_update=delta_l2=0.12591609 max_abs=0.01952332 relative=0.10550338 changed=True

[2026-05-27 16:16:41] Fold 4/5 | subject=17
[2026-05-27 16:16:41]     Train: 32 | counts=[16, 16]
[2026-05-27 16:16:41]     Test:  8 | counts=[4, 4]
[2026-05-27 16:16:41]     Model: SignalJEPA_PreLocal | Pretrained: from_pretrained | Strategy: full
[2026-05-27 16:16:41]     Normalization: none | fit_scope=none
[2026-05-27 16:16:41]     Phase 1 (warmup): 2,170/16,010 params
[2026-05-27 16:16:41]     Phase 2 (full): 16,010/16,010 params
[2026-05-27 16:16:41]     Result | best_epoch=11 | stop=61 | final_phase_epochs=51 | acc=0.5000 | bal_acc=0.5000 | pred_hist=[0, 8] | collapse=True
[2026-05-27 16:16:41]     spatial_conv=[4, 29] top_abs_channels=[('Pz', 0.1539351), ('O2', 0.13968174), ('T3', 0.12736858), ('T4', 0.12252932), ('O1', 0.12152377), ('CP3', 0.12103291), ('C3', 0.11658827), ('Fp1', 0.11092871)]
[2026-05-27 16:16:41]     spatial_update=delta_l2=0.04323362 max_abs=0.00547732 relative=0.03622486 changed=True

[2026-05-27 16:16:41] Fold 5/5 | subject=17
[2026-05-27 16:16:41]     Train: 32 | counts=[16, 16]
[2026-05-27 16:16:41]     Test:  8 | counts=[4, 4]
[2026-05-27 16:16:41]     Model: SignalJEPA_PreLocal | Pretrained: from_pretrained | Strategy: full
[2026-05-27 16:16:41]     Normalization: none | fit_scope=none
[2026-05-27 16:16:41]     Phase 1 (warmup): 2,170/16,010 params
[2026-05-27 16:16:41]     Phase 2 (full): 16,010/16,010 params
[2026-05-27 16:16:42]     Result | best_epoch=39 | stop=89 | final_phase_epochs=79 | acc=0.6250 | bal_acc=0.6250 | pred_hist=[5, 3] | collapse=False
[2026-05-27 16:16:42]     spatial_conv=[4, 29] top_abs_channels=[('Pz', 0.15378869), ('O2', 0.13598162), ('T3', 0.12743433), ('CP3', 0.12536192), ('O1', 0.11533401), ('C3', 0.11519737), ('Fp1', 0.11436721), ('T4', 0.11399771)]
[2026-05-27 16:16:42]     spatial_update=delta_l2=0.13967032 max_abs=0.02047420 relative=0.11702787 changed=True
[2026-05-27 16:16:42]   Subject 17: acc=0.5750±0.1000  bal_acc=0.5750±0.1000
[2026-05-27 16:16:42] \nSubject 18: 40 windows | class_counts=[20, 20]

[2026-05-27 16:16:42] Fold 1/5 | subject=18
[2026-05-27 16:16:42]     Train: 32 | counts=[16, 16]
[2026-05-27 16:16:42]     Test:  8 | counts=[4, 4]
[2026-05-27 16:16:42]     Model: SignalJEPA_PreLocal | Pretrained: from_pretrained | Strategy: full
[2026-05-27 16:16:42]     Normalization: none | fit_scope=none
[2026-05-27 16:16:42]     Phase 1 (warmup): 2,170/16,010 params
[2026-05-27 16:16:42]     Phase 2 (full): 16,010/16,010 params
[2026-05-27 16:16:43]     Result | best_epoch=51 | stop=101 | final_phase_epochs=91 | acc=0.7500 | bal_acc=0.7500 | pred_hist=[4, 4] | collapse=False
[2026-05-27 16:16:43]     spatial_conv=[4, 29] top_abs_channels=[('O2', 0.15043724), ('Pz', 0.14897184), ('O1', 0.13526353), ('T3', 0.12715833), ('T4', 0.1187185), ('P3', 0.11546332), ('CP3', 0.11107764), ('Fp1', 0.11067179)]
[2026-05-27 16:16:43]     spatial_update=delta_l2=0.18769468 max_abs=0.02870826 relative=0.15726682 changed=True

[2026-05-27 16:16:43] Fold 2/5 | subject=18
[2026-05-27 16:16:43]     Train: 32 | counts=[16, 16]
[2026-05-27 16:16:43]     Test:  8 | counts=[4, 4]
[2026-05-27 16:16:43]     Model: SignalJEPA_PreLocal | Pretrained: from_pretrained | Strategy: full
[2026-05-27 16:16:43]     Normalization: none | fit_scope=none
[2026-05-27 16:16:43]     Phase 1 (warmup): 2,170/16,010 params
[2026-05-27 16:16:43]     Phase 2 (full): 16,010/16,010 params
[2026-05-27 16:16:44]     Result | best_epoch=46 | stop=96 | final_phase_epochs=86 | acc=0.8750 | bal_acc=0.8750 | pred_hist=[3, 5] | collapse=False
[2026-05-27 16:16:44]     spatial_conv=[4, 29] top_abs_channels=[('O2', 0.15705359), ('Pz', 0.14300966), ('T3', 0.12758099), ('O1', 0.12682959), ('T4', 0.12137158), ('CP3', 0.12057637), ('T5', 0.11524601), ('P3', 0.11379208)]
[2026-05-27 16:16:44]     spatial_update=delta_l2=0.17673657 max_abs=0.02506534 relative=0.14808517 changed=True

[2026-05-27 16:16:44] Fold 3/5 | subject=18
[2026-05-27 16:16:44]     Train: 32 | counts=[16, 16]
[2026-05-27 16:16:44]     Test:  8 | counts=[4, 4]
[2026-05-27 16:16:44]     Model: SignalJEPA_PreLocal | Pretrained: from_pretrained | Strategy: full
[2026-05-27 16:16:44]     Normalization: none | fit_scope=none
[2026-05-27 16:16:44]     Phase 1 (warmup): 2,170/16,010 params
[2026-05-27 16:16:44]     Phase 2 (full): 16,010/16,010 params
[2026-05-27 16:16:44]     Result | best_epoch=55 | stop=105 | final_phase_epochs=95 | acc=0.6250 | bal_acc=0.6250 | pred_hist=[3, 5] | collapse=False
[2026-05-27 16:16:44]     spatial_conv=[4, 29] top_abs_channels=[('O2', 0.15466104), ('Pz', 0.14499508), ('O1', 0.14031786), ('T3', 0.13280331), ('T4', 0.11971176), ('P3', 0.11177906), ('CP3', 0.1070011), ('Fz', 0.10683557)]
[2026-05-27 16:16:44]     spatial_update=delta_l2=0.22624895 max_abs=0.03139887 relative=0.18957092 changed=True

[2026-05-27 16:16:45] Fold 4/5 | subject=18
[2026-05-27 16:16:45]     Train: 32 | counts=[16, 16]
[2026-05-27 16:16:45]     Test:  8 | counts=[4, 4]
[2026-05-27 16:16:45]     Model: SignalJEPA_PreLocal | Pretrained: from_pretrained | Strategy: full
[2026-05-27 16:16:45]     Normalization: none | fit_scope=none
[2026-05-27 16:16:45]     Phase 1 (warmup): 2,170/16,010 params
[2026-05-27 16:16:45]     Phase 2 (full): 16,010/16,010 params
[2026-05-27 16:16:45]     Result | best_epoch=49 | stop=99 | final_phase_epochs=89 | acc=0.7500 | bal_acc=0.7500 | pred_hist=[4, 4] | collapse=False
[2026-05-27 16:16:45]     spatial_conv=[4, 29] top_abs_channels=[('O2', 0.15111049), ('Pz', 0.1407675), ('O1', 0.13672072), ('T3', 0.13437597), ('CP3', 0.12028877), ('T4', 0.11883788), ('Fz', 0.11292931), ('T5', 0.11157772)]
[2026-05-27 16:16:45]     spatial_update=delta_l2=0.17569136 max_abs=0.02688634 relative=0.14720940 changed=True

[2026-05-27 16:16:46] Fold 5/5 | subject=18
[2026-05-27 16:16:46]     Train: 32 | counts=[16, 16]
[2026-05-27 16:16:46]     Test:  8 | counts=[4, 4]
[2026-05-27 16:16:46]     Model: SignalJEPA_PreLocal | Pretrained: from_pretrained | Strategy: full
[2026-05-27 16:16:46]     Normalization: none | fit_scope=none
[2026-05-27 16:16:46]     Phase 1 (warmup): 2,170/16,010 params
[2026-05-27 16:16:46]     Phase 2 (full): 16,010/16,010 params
[2026-05-27 16:16:46]     Result | best_epoch=13 | stop=63 | final_phase_epochs=53 | acc=0.6250 | bal_acc=0.6250 | pred_hist=[1, 7] | collapse=False
[2026-05-27 16:16:46]     spatial_conv=[4, 29] top_abs_channels=[('Pz', 0.15249245), ('O2', 0.14717689), ('T3', 0.12840544), ('O1', 0.1216315), ('T4', 0.12062274), ('CP3', 0.119322), ('C3', 0.11388125), ('P3', 0.11324115)]
[2026-05-27 16:16:46]     spatial_update=delta_l2=0.04926716 max_abs=0.00650476 relative=0.04128028 changed=True
[2026-05-27 16:16:46]   Subject 18: acc=0.7250±0.0935  bal_acc=0.7250±0.0935
[2026-05-27 16:16:46] \nSubject 19: 40 windows | class_counts=[20, 20]

[2026-05-27 16:16:47] Fold 1/5 | subject=19
[2026-05-27 16:16:47]     Train: 32 | counts=[16, 16]
[2026-05-27 16:16:47]     Test:  8 | counts=[4, 4]
[2026-05-27 16:16:47]     Model: SignalJEPA_PreLocal | Pretrained: from_pretrained | Strategy: full
[2026-05-27 16:16:47]     Normalization: none | fit_scope=none
[2026-05-27 16:16:47]     Phase 1 (warmup): 2,170/16,010 params
[2026-05-27 16:16:47]     Phase 2 (full): 16,010/16,010 params
[2026-05-27 16:16:47]     Result | best_epoch=13 | stop=63 | final_phase_epochs=53 | acc=0.5000 | bal_acc=0.5000 | pred_hist=[2, 6] | collapse=False
[2026-05-27 16:16:47]     spatial_conv=[4, 29] top_abs_channels=[('Pz', 0.15475741), ('O2', 0.14485638), ('T3', 0.1272711), ('O1', 0.12581), ('T4', 0.12128904), ('CP3', 0.12005371), ('C3', 0.11865053), ('Fp1', 0.112185)]
[2026-05-27 16:16:47]     spatial_update=delta_l2=0.04679311 max_abs=0.00635655 relative=0.03920731 changed=True

[2026-05-27 16:16:47] Fold 2/5 | subject=19
[2026-05-27 16:16:47]     Train: 32 | counts=[16, 16]
[2026-05-27 16:16:47]     Test:  8 | counts=[4, 4]
[2026-05-27 16:16:47]     Model: SignalJEPA_PreLocal | Pretrained: from_pretrained | Strategy: full
[2026-05-27 16:16:47]     Normalization: none | fit_scope=none
[2026-05-27 16:16:47]     Phase 1 (warmup): 2,170/16,010 params
[2026-05-27 16:16:47]     Phase 2 (full): 16,010/16,010 params
[2026-05-27 16:16:48]     Result | best_epoch=11 | stop=61 | final_phase_epochs=51 | acc=0.3750 | bal_acc=0.3750 | pred_hist=[1, 7] | collapse=False
[2026-05-27 16:16:48]     spatial_conv=[4, 29] top_abs_channels=[('Pz', 0.15326187), ('O2', 0.1442938), ('T3', 0.12510164), ('O1', 0.123822), ('T4', 0.12161905), ('CP3', 0.12020755), ('C3', 0.11362714), ('CP4', 0.1101954)]
[2026-05-27 16:16:48]     spatial_update=delta_l2=0.03944928 max_abs=0.00552061 relative=0.03305402 changed=True

[2026-05-27 16:16:48] Fold 3/5 | subject=19
[2026-05-27 16:16:48]     Train: 32 | counts=[16, 16]
[2026-05-27 16:16:48]     Test:  8 | counts=[4, 4]
[2026-05-27 16:16:48]     Model: SignalJEPA_PreLocal | Pretrained: from_pretrained | Strategy: full
[2026-05-27 16:16:48]     Normalization: none | fit_scope=none
[2026-05-27 16:16:48]     Phase 1 (warmup): 2,170/16,010 params
[2026-05-27 16:16:48]     Phase 2 (full): 16,010/16,010 params
[2026-05-27 16:16:48]     Result | best_epoch=11 | stop=61 | final_phase_epochs=51 | acc=0.5000 | bal_acc=0.5000 | pred_hist=[2, 6] | collapse=False
[2026-05-27 16:16:48]     spatial_conv=[4, 29] top_abs_channels=[('Pz', 0.15227216), ('O2', 0.1481905), ('T3', 0.12782627), ('O1', 0.12395826), ('T4', 0.12124765), ('CP3', 0.11880439), ('C3', 0.11667384), ('Fp1', 0.10937408)]
[2026-05-27 16:16:48]     spatial_update=delta_l2=0.03964309 max_abs=0.00548685 relative=0.03321641 changed=True

[2026-05-27 16:16:49] Fold 4/5 | subject=19
[2026-05-27 16:16:49]     Train: 32 | counts=[16, 16]
[2026-05-27 16:16:49]     Test:  8 | counts=[4, 4]
[2026-05-27 16:16:49]     Model: SignalJEPA_PreLocal | Pretrained: from_pretrained | Strategy: full
[2026-05-27 16:16:49]     Normalization: none | fit_scope=none
[2026-05-27 16:16:49]     Phase 1 (warmup): 2,170/16,010 params
[2026-05-27 16:16:49]     Phase 2 (full): 16,010/16,010 params
[2026-05-27 16:16:49]     Result | best_epoch=11 | stop=61 | final_phase_epochs=51 | acc=0.5000 | bal_acc=0.5000 | pred_hist=[0, 8] | collapse=True
[2026-05-27 16:16:49]     spatial_conv=[4, 29] top_abs_channels=[('Pz', 0.15426731), ('O2', 0.14685625), ('T3', 0.12693807), ('O1', 0.12334086), ('T4', 0.12171456), ('C3', 0.11988054), ('CP3', 0.11946841), ('P3', 0.11232071)]
[2026-05-27 16:16:49]     spatial_update=delta_l2=0.04122148 max_abs=0.00544880 relative=0.03453892 changed=True

[2026-05-27 16:16:50] Fold 5/5 | subject=19
[2026-05-27 16:16:50]     Train: 32 | counts=[16, 16]
[2026-05-27 16:16:50]     Test:  8 | counts=[4, 4]
[2026-05-27 16:16:50]     Model: SignalJEPA_PreLocal | Pretrained: from_pretrained | Strategy: full
[2026-05-27 16:16:50]     Normalization: none | fit_scope=none
[2026-05-27 16:16:50]     Phase 1 (warmup): 2,170/16,010 params
[2026-05-27 16:16:50]     Phase 2 (full): 16,010/16,010 params
[2026-05-27 16:16:50]     Result | best_epoch=54 | stop=104 | final_phase_epochs=94 | acc=0.3750 | bal_acc=0.3750 | pred_hist=[5, 3] | collapse=False
[2026-05-27 16:16:50]     spatial_conv=[4, 29] top_abs_channels=[('Pz', 0.15526183), ('O2', 0.14228667), ('T3', 0.12605402), ('O1', 0.12362578), ('CP3', 0.11974537), ('C3', 0.11611453), ('T4', 0.114623), ('CP4', 0.11413413)]
[2026-05-27 16:16:50]     spatial_update=delta_l2=0.17981690 max_abs=0.02973972 relative=0.15066614 changed=True
[2026-05-27 16:16:50]   Subject 19: acc=0.4500±0.0612  bal_acc=0.4500±0.0612
[2026-05-27 16:16:50] \nSubject 20: 40 windows | class_counts=[20, 20]

[2026-05-27 16:16:51] Fold 1/5 | subject=20
[2026-05-27 16:16:51]     Train: 32 | counts=[16, 16]
[2026-05-27 16:16:51]     Test:  8 | counts=[4, 4]
[2026-05-27 16:16:51]     Model: SignalJEPA_PreLocal | Pretrained: from_pretrained | Strategy: full
[2026-05-27 16:16:51]     Normalization: none | fit_scope=none
[2026-05-27 16:16:51]     Phase 1 (warmup): 2,170/16,010 params
[2026-05-27 16:16:51]     Phase 2 (full): 16,010/16,010 params
[2026-05-27 16:16:51]     Result | best_epoch=39 | stop=89 | final_phase_epochs=79 | acc=0.5000 | bal_acc=0.5000 | pred_hist=[6, 2] | collapse=False
[2026-05-27 16:16:51]     spatial_conv=[4, 29] top_abs_channels=[('Pz', 0.15390784), ('O2', 0.14339849), ('O1', 0.13419065), ('T3', 0.12320384), ('T4', 0.1197814), ('CP3', 0.11891755), ('C3', 0.11815774), ('Fp1', 0.11345647)]
[2026-05-27 16:16:51]     spatial_update=delta_l2=0.10537977 max_abs=0.01954535 relative=0.08829627 changed=True

[2026-05-27 16:16:52] Fold 2/5 | subject=20
[2026-05-27 16:16:52]     Train: 32 | counts=[16, 16]
[2026-05-27 16:16:52]     Test:  8 | counts=[4, 4]
[2026-05-27 16:16:52]     Model: SignalJEPA_PreLocal | Pretrained: from_pretrained | Strategy: full
[2026-05-27 16:16:52]     Normalization: none | fit_scope=none
[2026-05-27 16:16:52]     Phase 1 (warmup): 2,170/16,010 params
[2026-05-27 16:16:52]     Phase 2 (full): 16,010/16,010 params
[2026-05-27 16:16:52]     Result | best_epoch=30 | stop=80 | final_phase_epochs=70 | acc=0.3750 | bal_acc=0.3750 | pred_hist=[3, 5] | collapse=False
[2026-05-27 16:16:52]     spatial_conv=[4, 29] top_abs_channels=[('Pz', 0.14870377), ('O2', 0.14564545), ('T3', 0.13166854), ('O1', 0.13071021), ('CP3', 0.12462274), ('T4', 0.12239768), ('Fp1', 0.11203746), ('C3', 0.11186649)]
[2026-05-27 16:16:52]     spatial_update=delta_l2=0.08223858 max_abs=0.01512814 relative=0.06890659 changed=True

[2026-05-27 16:16:53] Fold 3/5 | subject=20
[2026-05-27 16:16:53]     Train: 32 | counts=[16, 16]
[2026-05-27 16:16:53]     Test:  8 | counts=[4, 4]
[2026-05-27 16:16:53]     Model: SignalJEPA_PreLocal | Pretrained: from_pretrained | Strategy: full
[2026-05-27 16:16:53]     Normalization: none | fit_scope=none
[2026-05-27 16:16:53]     Phase 1 (warmup): 2,170/16,010 params
[2026-05-27 16:16:53]     Phase 2 (full): 16,010/16,010 params
[2026-05-27 16:16:53]     Result | best_epoch=11 | stop=61 | final_phase_epochs=51 | acc=0.6250 | bal_acc=0.6250 | pred_hist=[1, 7] | collapse=False
[2026-05-27 16:16:53]     spatial_conv=[4, 29] top_abs_channels=[('Pz', 0.15102948), ('O2', 0.14759716), ('T3', 0.12541613), ('T4', 0.12284468), ('O1', 0.12240764), ('CP3', 0.12153004), ('C3', 0.11613626), ('CP4', 0.10970352)]
[2026-05-27 16:16:53]     spatial_update=delta_l2=0.04098118 max_abs=0.00552312 relative=0.03433758 changed=True

[2026-05-27 16:16:53] Fold 4/5 | subject=20
[2026-05-27 16:16:53]     Train: 32 | counts=[16, 16]
[2026-05-27 16:16:53]     Test:  8 | counts=[4, 4]
[2026-05-27 16:16:53]     Model: SignalJEPA_PreLocal | Pretrained: from_pretrained | Strategy: full
[2026-05-27 16:16:53]     Normalization: none | fit_scope=none
[2026-05-27 16:16:53]     Phase 1 (warmup): 2,170/16,010 params
[2026-05-27 16:16:53]     Phase 2 (full): 16,010/16,010 params
[2026-05-27 16:16:54]     Result | best_epoch=39 | stop=89 | final_phase_epochs=79 | acc=0.7500 | bal_acc=0.7500 | pred_hist=[4, 4] | collapse=False
[2026-05-27 16:16:54]     spatial_conv=[4, 29] top_abs_channels=[('Pz', 0.14764464), ('O2', 0.14038824), ('O1', 0.13732195), ('T3', 0.13455565), ('CP3', 0.12467572), ('T4', 0.12167056), ('Fp1', 0.11597016), ('CP4', 0.1082118)]
[2026-05-27 16:16:54]     spatial_update=delta_l2=0.11524517 max_abs=0.01981117 relative=0.09656236 changed=True

[2026-05-27 16:16:54] Fold 5/5 | subject=20
[2026-05-27 16:16:54]     Train: 32 | counts=[16, 16]
[2026-05-27 16:16:54]     Test:  8 | counts=[4, 4]
[2026-05-27 16:16:54]     Model: SignalJEPA_PreLocal | Pretrained: from_pretrained | Strategy: full
[2026-05-27 16:16:54]     Normalization: none | fit_scope=none
[2026-05-27 16:16:54]     Phase 1 (warmup): 2,170/16,010 params
[2026-05-27 16:16:54]     Phase 2 (full): 16,010/16,010 params
[2026-05-27 16:16:55]     Result | best_epoch=46 | stop=96 | final_phase_epochs=86 | acc=0.6250 | bal_acc=0.6250 | pred_hist=[1, 7] | collapse=False
[2026-05-27 16:16:55]     spatial_conv=[4, 29] top_abs_channels=[('Pz', 0.15403311), ('O1', 0.14117435), ('O2', 0.13883355), ('Fp1', 0.1258848), ('T4', 0.12526804), ('T3', 0.12486969), ('CP3', 0.12310243), ('CP4', 0.11035548)]
[2026-05-27 16:16:55]     spatial_update=delta_l2=0.16298822 max_abs=0.02464508 relative=0.13656561 changed=True
[2026-05-27 16:16:55]   Subject 20: acc=0.5750±0.1275  bal_acc=0.5750±0.1275
[2026-05-27 16:16:55] \nSubject 21: 40 windows | class_counts=[20, 20]

[2026-05-27 16:16:55] Fold 1/5 | subject=21
[2026-05-27 16:16:55]     Train: 32 | counts=[16, 16]
[2026-05-27 16:16:55]     Test:  8 | counts=[4, 4]
[2026-05-27 16:16:55]     Model: SignalJEPA_PreLocal | Pretrained: from_pretrained | Strategy: full
[2026-05-27 16:16:55]     Normalization: none | fit_scope=none
[2026-05-27 16:16:55]     Phase 1 (warmup): 2,170/16,010 params
[2026-05-27 16:16:55]     Phase 2 (full): 16,010/16,010 params
[2026-05-27 16:16:56]     Result | best_epoch=60 | stop=110 | final_phase_epochs=100 | acc=0.5000 | bal_acc=0.5000 | pred_hist=[6, 2] | collapse=False
[2026-05-27 16:16:56]     spatial_conv=[4, 29] top_abs_channels=[('Pz', 0.17172232), ('O2', 0.14302871), ('Fp1', 0.12291393), ('T4', 0.12032504), ('C3', 0.1182299), ('CP3', 0.11807802), ('O1', 0.1174702), ('CP4', 0.11734198)]
[2026-05-27 16:16:56]     spatial_update=delta_l2=0.16575269 max_abs=0.03431989 relative=0.13888192 changed=True

[2026-05-27 16:16:56] Fold 2/5 | subject=21
[2026-05-27 16:16:56]     Train: 32 | counts=[16, 16]
[2026-05-27 16:16:56]     Test:  8 | counts=[4, 4]
[2026-05-27 16:16:56]     Model: SignalJEPA_PreLocal | Pretrained: from_pretrained | Strategy: full
[2026-05-27 16:16:56]     Normalization: none | fit_scope=none
[2026-05-27 16:16:56]     Phase 1 (warmup): 2,170/16,010 params
[2026-05-27 16:16:56]     Phase 2 (full): 16,010/16,010 params
[2026-05-27 16:16:56]     Result | best_epoch=11 | stop=61 | final_phase_epochs=51 | acc=0.6250 | bal_acc=0.6250 | pred_hist=[1, 7] | collapse=False
[2026-05-27 16:16:56]     spatial_conv=[4, 29] top_abs_channels=[('Pz', 0.1570195), ('O2', 0.14341834), ('T3', 0.12581922), ('O1', 0.12464508), ('T4', 0.12362572), ('CP3', 0.12033151), ('C3', 0.11801817), ('Fp1', 0.11167759)]
[2026-05-27 16:16:56]     spatial_update=delta_l2=0.04150781 max_abs=0.00555963 relative=0.03477883 changed=True

[2026-05-27 16:16:57] Fold 3/5 | subject=21
[2026-05-27 16:16:57]     Train: 32 | counts=[16, 16]
[2026-05-27 16:16:57]     Test:  8 | counts=[4, 4]
[2026-05-27 16:16:57]     Model: SignalJEPA_PreLocal | Pretrained: from_pretrained | Strategy: full
[2026-05-27 16:16:57]     Normalization: none | fit_scope=none
[2026-05-27 16:16:57]     Phase 1 (warmup): 2,170/16,010 params
[2026-05-27 16:16:57]     Phase 2 (full): 16,010/16,010 params
[2026-05-27 16:16:57]     Result | best_epoch=16 | stop=65 | final_phase_epochs=55 | acc=0.7500 | bal_acc=0.7500 | pred_hist=[4, 4] | collapse=False
[2026-05-27 16:16:57]     spatial_conv=[4, 29] top_abs_channels=[('Pz', 0.15511174), ('O2', 0.14293566), ('T3', 0.12675288), ('T4', 0.12583876), ('O1', 0.12183505), ('CP3', 0.12081645), ('C3', 0.11630767), ('Fp1', 0.11439589)]
[2026-05-27 16:16:57]     spatial_update=delta_l2=0.04339643 max_abs=0.00708222 relative=0.03636128 changed=True

[2026-05-27 16:16:58] Fold 4/5 | subject=21
[2026-05-27 16:16:58]     Train: 32 | counts=[16, 16]
[2026-05-27 16:16:58]     Test:  8 | counts=[4, 4]
[2026-05-27 16:16:58]     Model: SignalJEPA_PreLocal | Pretrained: from_pretrained | Strategy: full
[2026-05-27 16:16:58]     Normalization: none | fit_scope=none
[2026-05-27 16:16:58]     Phase 1 (warmup): 2,170/16,010 params
[2026-05-27 16:16:58]     Phase 2 (full): 16,010/16,010 params
[2026-05-27 16:16:58]     Result | best_epoch=21 | stop=71 | final_phase_epochs=61 | acc=0.7500 | bal_acc=0.7500 | pred_hist=[2, 6] | collapse=False
[2026-05-27 16:16:58]     spatial_conv=[4, 29] top_abs_channels=[('Pz', 0.15782711), ('O2', 0.14056353), ('T4', 0.12587418), ('O1', 0.12527403), ('T3', 0.12314542), ('CP3', 0.12230466), ('C3', 0.11739817), ('Fp1', 0.11688662)]
[2026-05-27 16:16:58]     spatial_update=delta_l2=0.06230012 max_abs=0.01015034 relative=0.05220043 changed=True

[2026-05-27 16:16:59] Fold 5/5 | subject=21
[2026-05-27 16:16:59]     Train: 32 | counts=[16, 16]
[2026-05-27 16:16:59]     Test:  8 | counts=[4, 4]
[2026-05-27 16:16:59]     Model: SignalJEPA_PreLocal | Pretrained: from_pretrained | Strategy: full
[2026-05-27 16:16:59]     Normalization: none | fit_scope=none
[2026-05-27 16:16:59]     Phase 1 (warmup): 2,170/16,010 params
[2026-05-27 16:16:59]     Phase 2 (full): 16,010/16,010 params
[2026-05-27 16:16:59]     Result | best_epoch=44 | stop=94 | final_phase_epochs=84 | acc=0.7500 | bal_acc=0.7500 | pred_hist=[2, 6] | collapse=False
[2026-05-27 16:16:59]     spatial_conv=[4, 29] top_abs_channels=[('Pz', 0.15884054), ('O2', 0.13615638), ('O1', 0.12825522), ('CP3', 0.12545438), ('T3', 0.12476628), ('C3', 0.12026221), ('T4', 0.12017637), ('Fp1', 0.11914253)]
[2026-05-27 16:16:59]     spatial_update=delta_l2=0.12253881 max_abs=0.02318488 relative=0.10267361 changed=True
[2026-05-27 16:16:59]   Subject 21: acc=0.6750±0.1000  bal_acc=0.6750±0.1000
[2026-05-27 16:16:59] \nSubject 22: 40 windows | class_counts=[20, 20]

[2026-05-27 16:16:59] Fold 1/5 | subject=22
[2026-05-27 16:16:59]     Train: 32 | counts=[16, 16]
[2026-05-27 16:16:59]     Test:  8 | counts=[4, 4]
[2026-05-27 16:16:59]     Model: SignalJEPA_PreLocal | Pretrained: from_pretrained | Strategy: full
[2026-05-27 16:16:59]     Normalization: none | fit_scope=none
[2026-05-27 16:16:59]     Phase 1 (warmup): 2,170/16,010 params
[2026-05-27 16:17:00]     Phase 2 (full): 16,010/16,010 params
[2026-05-27 16:17:00]     Result | best_epoch=44 | stop=94 | final_phase_epochs=84 | acc=1.0000 | bal_acc=1.0000 | pred_hist=[4, 4] | collapse=False
[2026-05-27 16:17:00]     spatial_conv=[4, 29] top_abs_channels=[('Pz', 0.15240942), ('O2', 0.14150278), ('CP3', 0.12510544), ('T3', 0.12484224), ('T4', 0.11941434), ('Fp1', 0.11790735), ('O1', 0.11499508), ('Fz', 0.11362408)]
[2026-05-27 16:17:00]     spatial_update=delta_l2=0.15183672 max_abs=0.02280796 relative=0.12722193 changed=True

[2026-05-27 16:17:00] Fold 2/5 | subject=22
[2026-05-27 16:17:00]     Train: 32 | counts=[16, 16]
[2026-05-27 16:17:00]     Test:  8 | counts=[4, 4]
[2026-05-27 16:17:00]     Model: SignalJEPA_PreLocal | Pretrained: from_pretrained | Strategy: full
[2026-05-27 16:17:00]     Normalization: none | fit_scope=none
[2026-05-27 16:17:00]     Phase 1 (warmup): 2,170/16,010 params
[2026-05-27 16:17:00]     Phase 2 (full): 16,010/16,010 params
[2026-05-27 16:17:01]     Result | best_epoch=48 | stop=98 | final_phase_epochs=88 | acc=0.7500 | bal_acc=0.7500 | pred_hist=[4, 4] | collapse=False
[2026-05-27 16:17:01]     spatial_conv=[4, 29] top_abs_channels=[('Pz', 0.15236723), ('O2', 0.14733301), ('CP3', 0.12624629), ('T3', 0.12169949), ('Fp1', 0.11816956), ('Fz', 0.1127142), ('C3', 0.11225173), ('O1', 0.11069198)]
[2026-05-27 16:17:01]     spatial_update=delta_l2=0.14969942 max_abs=0.02647789 relative=0.12543111 changed=True

[2026-05-27 16:17:01] Fold 3/5 | subject=22
[2026-05-27 16:17:01]     Train: 32 | counts=[16, 16]
[2026-05-27 16:17:01]     Test:  8 | counts=[4, 4]
[2026-05-27 16:17:01]     Model: SignalJEPA_PreLocal | Pretrained: from_pretrained | Strategy: full
[2026-05-27 16:17:01]     Normalization: none | fit_scope=none
[2026-05-27 16:17:01]     Phase 1 (warmup): 2,170/16,010 params
[2026-05-27 16:17:01]     Phase 2 (full): 16,010/16,010 params
[2026-05-27 16:17:02]     Result | best_epoch=51 | stop=101 | final_phase_epochs=91 | acc=0.8750 | bal_acc=0.8750 | pred_hist=[3, 5] | collapse=False
[2026-05-27 16:17:02]     spatial_conv=[4, 29] top_abs_channels=[('Pz', 0.15217733), ('O2', 0.14342928), ('T4', 0.12737955), ('T3', 0.12549324), ('CP3', 0.12298759), ('O1', 0.11977289), ('Fp1', 0.11282743), ('Fz', 0.10779494)]
[2026-05-27 16:17:02]     spatial_update=delta_l2=0.16030257 max_abs=0.02547954 relative=0.13431535 changed=True

[2026-05-27 16:17:02] Fold 4/5 | subject=22
[2026-05-27 16:17:02]     Train: 32 | counts=[16, 16]
[2026-05-27 16:17:02]     Test:  8 | counts=[4, 4]
[2026-05-27 16:17:02]     Model: SignalJEPA_PreLocal | Pretrained: from_pretrained | Strategy: full
[2026-05-27 16:17:02]     Normalization: none | fit_scope=none
[2026-05-27 16:17:02]     Phase 1 (warmup): 2,170/16,010 params
[2026-05-27 16:17:02]     Phase 2 (full): 16,010/16,010 params
[2026-05-27 16:17:03]     Result | best_epoch=55 | stop=105 | final_phase_epochs=95 | acc=0.8750 | bal_acc=0.8750 | pred_hist=[5, 3] | collapse=False
[2026-05-27 16:17:03]     spatial_conv=[4, 29] top_abs_channels=[('Pz', 0.15263614), ('O2', 0.13918887), ('CP3', 0.12397229), ('T3', 0.12127153), ('Fp1', 0.11639841), ('Fz', 0.11619167), ('T4', 0.11520715), ('O1', 0.1138453)]
[2026-05-27 16:17:03]     spatial_update=delta_l2=0.15755468 max_abs=0.02970221 relative=0.13201292 changed=True

[2026-05-27 16:17:03] Fold 5/5 | subject=22
[2026-05-27 16:17:03]     Train: 32 | counts=[16, 16]
[2026-05-27 16:17:03]     Test:  8 | counts=[4, 4]
[2026-05-27 16:17:03]     Model: SignalJEPA_PreLocal | Pretrained: from_pretrained | Strategy: full
[2026-05-27 16:17:03]     Normalization: none | fit_scope=none
[2026-05-27 16:17:03]     Phase 1 (warmup): 2,170/16,010 params
[2026-05-27 16:17:03]     Phase 2 (full): 16,010/16,010 params
[2026-05-27 16:17:04]     Result | best_epoch=103 | stop=153 | final_phase_epochs=143 | acc=0.7500 | bal_acc=0.7500 | pred_hist=[2, 6] | collapse=False
[2026-05-27 16:17:04]     spatial_conv=[4, 29] top_abs_channels=[('Pz', 0.15118778), ('O2', 0.13629834), ('CP3', 0.12472212), ('C3', 0.12219706), ('O1', 0.11932014), ('T3', 0.11927848), ('T4', 0.11637966), ('Fp1', 0.1150703)]
[2026-05-27 16:17:04]     spatial_update=delta_l2=0.20276388 max_abs=0.04194119 relative=0.16989310 changed=True
[2026-05-27 16:17:04]   Subject 22: acc=0.8500±0.0935  bal_acc=0.8500±0.0935
[2026-05-27 16:17:04] \nSubject 23: 40 windows | class_counts=[20, 20]

[2026-05-27 16:17:04] Fold 1/5 | subject=23
[2026-05-27 16:17:04]     Train: 32 | counts=[16, 16]
[2026-05-27 16:17:04]     Test:  8 | counts=[4, 4]
[2026-05-27 16:17:04]     Model: SignalJEPA_PreLocal | Pretrained: from_pretrained | Strategy: full
[2026-05-27 16:17:04]     Normalization: none | fit_scope=none
[2026-05-27 16:17:04]     Phase 1 (warmup): 2,170/16,010 params
[2026-05-27 16:17:04]     Phase 2 (full): 16,010/16,010 params
[2026-05-27 16:17:04]     Result | best_epoch=11 | stop=61 | final_phase_epochs=51 | acc=0.5000 | bal_acc=0.5000 | pred_hist=[0, 8] | collapse=True
[2026-05-27 16:17:04]     spatial_conv=[4, 29] top_abs_channels=[('Pz', 0.1545898), ('O2', 0.14304197), ('T3', 0.1262747), ('O1', 0.12226123), ('T4', 0.12089802), ('CP3', 0.11905506), ('C3', 0.11895498), ('Fp1', 0.11150452)]
[2026-05-27 16:17:04]     spatial_update=delta_l2=0.03883326 max_abs=0.00551168 relative=0.03253786 changed=True

[2026-05-27 16:17:05] Fold 2/5 | subject=23
[2026-05-27 16:17:05]     Train: 32 | counts=[16, 16]
[2026-05-27 16:17:05]     Test:  8 | counts=[4, 4]
[2026-05-27 16:17:05]     Model: SignalJEPA_PreLocal | Pretrained: from_pretrained | Strategy: full
[2026-05-27 16:17:05]     Normalization: none | fit_scope=none
[2026-05-27 16:17:05]     Phase 1 (warmup): 2,170/16,010 params
[2026-05-27 16:17:05]     Phase 2 (full): 16,010/16,010 params
[2026-05-27 16:17:05]     Result | best_epoch=11 | stop=61 | final_phase_epochs=51 | acc=0.5000 | bal_acc=0.5000 | pred_hist=[0, 8] | collapse=True
[2026-05-27 16:17:05]     spatial_conv=[4, 29] top_abs_channels=[('Pz', 0.15385249), ('O2', 0.14459243), ('T3', 0.12541825), ('T4', 0.12514308), ('CP3', 0.12261742), ('O1', 0.11901578), ('C3', 0.11813271), ('Fp1', 0.11203234)]
[2026-05-27 16:17:05]     spatial_update=delta_l2=0.04045601 max_abs=0.00545909 relative=0.03389754 changed=True

[2026-05-27 16:17:06] Fold 3/5 | subject=23
[2026-05-27 16:17:06]     Train: 32 | counts=[16, 16]
[2026-05-27 16:17:06]     Test:  8 | counts=[4, 4]
[2026-05-27 16:17:06]     Model: SignalJEPA_PreLocal | Pretrained: from_pretrained | Strategy: full
[2026-05-27 16:17:06]     Normalization: none | fit_scope=none
[2026-05-27 16:17:06]     Phase 1 (warmup): 2,170/16,010 params
[2026-05-27 16:17:06]     Phase 2 (full): 16,010/16,010 params
[2026-05-27 16:17:06]     Result | best_epoch=11 | stop=61 | final_phase_epochs=51 | acc=0.6250 | bal_acc=0.6250 | pred_hist=[1, 7] | collapse=False
[2026-05-27 16:17:06]     spatial_conv=[4, 29] top_abs_channels=[('Pz', 0.15749902), ('O2', 0.14271884), ('T3', 0.12713908), ('T4', 0.12335473), ('O1', 0.12179284), ('C3', 0.11881088), ('CP3', 0.11745426), ('CP4', 0.11263957)]
[2026-05-27 16:17:06]     spatial_update=delta_l2=0.04251828 max_abs=0.00549044 relative=0.03562549 changed=True

[2026-05-27 16:17:07] Fold 4/5 | subject=23
[2026-05-27 16:17:07]     Train: 32 | counts=[16, 16]
[2026-05-27 16:17:07]     Test:  8 | counts=[4, 4]
[2026-05-27 16:17:07]     Model: SignalJEPA_PreLocal | Pretrained: from_pretrained | Strategy: full
[2026-05-27 16:17:07]     Normalization: none | fit_scope=none
[2026-05-27 16:17:07]     Phase 1 (warmup): 2,170/16,010 params
[2026-05-27 16:17:07]     Phase 2 (full): 16,010/16,010 params
[2026-05-27 16:17:07]     Result | best_epoch=11 | stop=61 | final_phase_epochs=51 | acc=0.5000 | bal_acc=0.5000 | pred_hist=[0, 8] | collapse=True
[2026-05-27 16:17:07]     spatial_conv=[4, 29] top_abs_channels=[('Pz', 0.1559407), ('O2', 0.14321896), ('T3', 0.12674165), ('T4', 0.12355261), ('O1', 0.11998947), ('CP3', 0.11866431), ('C3', 0.11682682), ('CP4', 0.11151268)]
[2026-05-27 16:17:07]     spatial_update=delta_l2=0.03867835 max_abs=0.00539367 relative=0.03240807 changed=True

[2026-05-27 16:17:07] Fold 5/5 | subject=23
[2026-05-27 16:17:07]     Train: 32 | counts=[16, 16]
[2026-05-27 16:17:07]     Test:  8 | counts=[4, 4]
[2026-05-27 16:17:07]     Model: SignalJEPA_PreLocal | Pretrained: from_pretrained | Strategy: full
[2026-05-27 16:17:07]     Normalization: none | fit_scope=none
[2026-05-27 16:17:07]     Phase 1 (warmup): 2,170/16,010 params
[2026-05-27 16:17:07]     Phase 2 (full): 16,010/16,010 params
[2026-05-27 16:17:08]     Result | best_epoch=11 | stop=61 | final_phase_epochs=51 | acc=0.5000 | bal_acc=0.5000 | pred_hist=[0, 8] | collapse=True
[2026-05-27 16:17:08]     spatial_conv=[4, 29] top_abs_channels=[('Pz', 0.15621695), ('O2', 0.14253879), ('T3', 0.12982935), ('T4', 0.12187698), ('O1', 0.12080289), ('CP3', 0.12051367), ('C3', 0.11698613), ('CP4', 0.11218508)]
[2026-05-27 16:17:08]     spatial_update=delta_l2=0.03872477 max_abs=0.00541600 relative=0.03244696 changed=True
[2026-05-27 16:17:08]   Subject 23: acc=0.5250±0.0500  bal_acc=0.5250±0.0500
[2026-05-27 16:17:08] \nSubject 24: 40 windows | class_counts=[20, 20]

[2026-05-27 16:17:08] Fold 1/5 | subject=24
[2026-05-27 16:17:08]     Train: 32 | counts=[16, 16]
[2026-05-27 16:17:08]     Test:  8 | counts=[4, 4]
[2026-05-27 16:17:08]     Model: SignalJEPA_PreLocal | Pretrained: from_pretrained | Strategy: full
[2026-05-27 16:17:08]     Normalization: none | fit_scope=none
[2026-05-27 16:17:08]     Phase 1 (warmup): 2,170/16,010 params
[2026-05-27 16:17:08]     Phase 2 (full): 16,010/16,010 params
[2026-05-27 16:17:08]     Result | best_epoch=11 | stop=61 | final_phase_epochs=51 | acc=0.5000 | bal_acc=0.5000 | pred_hist=[2, 6] | collapse=False
[2026-05-27 16:17:08]     spatial_conv=[4, 29] top_abs_channels=[('Pz', 0.15063232), ('O2', 0.1483836), ('T3', 0.12686095), ('CP3', 0.12196123), ('T4', 0.12191088), ('O1', 0.12097745), ('C3', 0.11330597), ('CP4', 0.10970909)]
[2026-05-27 16:17:08]     spatial_update=delta_l2=0.04100876 max_abs=0.00548691 relative=0.03436068 changed=True

[2026-05-27 16:17:09] Fold 2/5 | subject=24
[2026-05-27 16:17:09]     Train: 32 | counts=[16, 16]
[2026-05-27 16:17:09]     Test:  8 | counts=[4, 4]
[2026-05-27 16:17:09]     Model: SignalJEPA_PreLocal | Pretrained: from_pretrained | Strategy: full
[2026-05-27 16:17:09]     Normalization: none | fit_scope=none
[2026-05-27 16:17:09]     Phase 1 (warmup): 2,170/16,010 params
[2026-05-27 16:17:09]     Phase 2 (full): 16,010/16,010 params
[2026-05-27 16:17:09]     Result | best_epoch=11 | stop=61 | final_phase_epochs=51 | acc=0.5000 | bal_acc=0.5000 | pred_hist=[0, 8] | collapse=True
[2026-05-27 16:17:09]     spatial_conv=[4, 29] top_abs_channels=[('Pz', 0.14954619), ('O2', 0.14844468), ('T3', 0.1277073), ('T4', 0.12434267), ('O1', 0.12162179), ('CP3', 0.12096131), ('C3', 0.11338072), ('P3', 0.10908051)]
[2026-05-27 16:17:09]     spatial_update=delta_l2=0.03861343 max_abs=0.00546928 relative=0.03235367 changed=True

[2026-05-27 16:17:10] Fold 3/5 | subject=24
[2026-05-27 16:17:10]     Train: 32 | counts=[16, 16]
[2026-05-27 16:17:10]     Test:  8 | counts=[4, 4]
[2026-05-27 16:17:10]     Model: SignalJEPA_PreLocal | Pretrained: from_pretrained | Strategy: full
[2026-05-27 16:17:10]     Normalization: none | fit_scope=none
[2026-05-27 16:17:10]     Phase 1 (warmup): 2,170/16,010 params
[2026-05-27 16:17:10]     Phase 2 (full): 16,010/16,010 params
[2026-05-27 16:17:10]     Result | best_epoch=11 | stop=61 | final_phase_epochs=51 | acc=0.6250 | bal_acc=0.6250 | pred_hist=[1, 7] | collapse=False
[2026-05-27 16:17:10]     spatial_conv=[4, 29] top_abs_channels=[('Pz', 0.15187922), ('O2', 0.14692643), ('T3', 0.12795144), ('O1', 0.12240933), ('T4', 0.12134685), ('CP3', 0.12052672), ('C3', 0.11642993), ('P3', 0.10954154)]
[2026-05-27 16:17:10]     spatial_update=delta_l2=0.03720433 max_abs=0.00551245 relative=0.03117301 changed=True

[2026-05-27 16:17:10] Fold 4/5 | subject=24
[2026-05-27 16:17:10]     Train: 32 | counts=[16, 16]
[2026-05-27 16:17:10]     Test:  8 | counts=[4, 4]
[2026-05-27 16:17:10]     Model: SignalJEPA_PreLocal | Pretrained: from_pretrained | Strategy: full
[2026-05-27 16:17:10]     Normalization: none | fit_scope=none
[2026-05-27 16:17:10]     Phase 1 (warmup): 2,170/16,010 params
[2026-05-27 16:17:10]     Phase 2 (full): 16,010/16,010 params
[2026-05-27 16:17:11]     Result | best_epoch=11 | stop=61 | final_phase_epochs=51 | acc=0.5000 | bal_acc=0.5000 | pred_hist=[0, 8] | collapse=True
[2026-05-27 16:17:11]     spatial_conv=[4, 29] top_abs_channels=[('Pz', 0.15156411), ('O2', 0.14610951), ('T3', 0.12891385), ('O1', 0.12369322), ('T4', 0.12151385), ('CP3', 0.12145897), ('C3', 0.11447017), ('P3', 0.11128297)]
[2026-05-27 16:17:11]     spatial_update=delta_l2=0.04110540 max_abs=0.00553943 relative=0.03444165 changed=True

[2026-05-27 16:17:11] Fold 5/5 | subject=24
[2026-05-27 16:17:11]     Train: 32 | counts=[16, 16]
[2026-05-27 16:17:11]     Test:  8 | counts=[4, 4]
[2026-05-27 16:17:11]     Model: SignalJEPA_PreLocal | Pretrained: from_pretrained | Strategy: full
[2026-05-27 16:17:11]     Normalization: none | fit_scope=none
[2026-05-27 16:17:11]     Phase 1 (warmup): 2,170/16,010 params
[2026-05-27 16:17:11]     Phase 2 (full): 16,010/16,010 params
[2026-05-27 16:17:11]     Result | best_epoch=11 | stop=61 | final_phase_epochs=51 | acc=0.3750 | bal_acc=0.3750 | pred_hist=[1, 7] | collapse=False
[2026-05-27 16:17:11]     spatial_conv=[4, 29] top_abs_channels=[('Pz', 0.15104982), ('O2', 0.14610955), ('T3', 0.12835521), ('T4', 0.12226398), ('O1', 0.12202386), ('CP3', 0.12020971), ('C3', 0.11560182), ('CP4', 0.11029821)]
[2026-05-27 16:17:11]     spatial_update=delta_l2=0.04176127 max_abs=0.00547146 relative=0.03499120 changed=True
[2026-05-27 16:17:11]   Subject 24: acc=0.5000±0.0791  bal_acc=0.5000±0.0791
[2026-05-27 16:17:11] \nSubject 25: 40 windows | class_counts=[20, 20]

[2026-05-27 16:17:12] Fold 1/5 | subject=25
[2026-05-27 16:17:12]     Train: 32 | counts=[16, 16]
[2026-05-27 16:17:12]     Test:  8 | counts=[4, 4]
[2026-05-27 16:17:12]     Model: SignalJEPA_PreLocal | Pretrained: from_pretrained | Strategy: full
[2026-05-27 16:17:12]     Normalization: none | fit_scope=none
[2026-05-27 16:17:12]     Phase 1 (warmup): 2,170/16,010 params
[2026-05-27 16:17:12]     Phase 2 (full): 16,010/16,010 params
[2026-05-27 16:17:12]     Result | best_epoch=11 | stop=61 | final_phase_epochs=51 | acc=0.6250 | bal_acc=0.6250 | pred_hist=[3, 5] | collapse=False
[2026-05-27 16:17:12]     spatial_conv=[4, 29] top_abs_channels=[('Pz', 0.15353568), ('O2', 0.14388254), ('T3', 0.12615006), ('O1', 0.12335526), ('CP3', 0.12275502), ('T4', 0.12188667), ('C3', 0.11992587), ('Fp1', 0.11106962)]
[2026-05-27 16:17:12]     spatial_update=delta_l2=0.04257855 max_abs=0.00546006 relative=0.03567599 changed=True

[2026-05-27 16:17:12] Fold 2/5 | subject=25
[2026-05-27 16:17:12]     Train: 32 | counts=[16, 16]
[2026-05-27 16:17:12]     Test:  8 | counts=[4, 4]
[2026-05-27 16:17:12]     Model: SignalJEPA_PreLocal | Pretrained: from_pretrained | Strategy: full
[2026-05-27 16:17:12]     Normalization: none | fit_scope=none
[2026-05-27 16:17:12]     Phase 1 (warmup): 2,170/16,010 params
[2026-05-27 16:17:13]     Phase 2 (full): 16,010/16,010 params
[2026-05-27 16:17:13]     Result | best_epoch=11 | stop=61 | final_phase_epochs=51 | acc=0.6250 | bal_acc=0.6250 | pred_hist=[3, 5] | collapse=False
[2026-05-27 16:17:13]     spatial_conv=[4, 29] top_abs_channels=[('Pz', 0.15185344), ('O2', 0.14463025), ('T3', 0.12729232), ('CP3', 0.12379256), ('O1', 0.12238584), ('T4', 0.1216594), ('C3', 0.12021576), ('Fp1', 0.11036664)]
[2026-05-27 16:17:13]     spatial_update=delta_l2=0.04043073 max_abs=0.00545843 relative=0.03387636 changed=True

[2026-05-27 16:17:13] Fold 3/5 | subject=25
[2026-05-27 16:17:13]     Train: 32 | counts=[16, 16]
[2026-05-27 16:17:13]     Test:  8 | counts=[4, 4]
[2026-05-27 16:17:13]     Model: SignalJEPA_PreLocal | Pretrained: from_pretrained | Strategy: full
[2026-05-27 16:17:13]     Normalization: none | fit_scope=none
[2026-05-27 16:17:13]     Phase 1 (warmup): 2,170/16,010 params
[2026-05-27 16:17:13]     Phase 2 (full): 16,010/16,010 params
[2026-05-27 16:17:13]     Result | best_epoch=11 | stop=61 | final_phase_epochs=51 | acc=0.7500 | bal_acc=0.7500 | pred_hist=[4, 4] | collapse=False
[2026-05-27 16:17:13]     spatial_conv=[4, 29] top_abs_channels=[('Pz', 0.15241826), ('O2', 0.14569804), ('T3', 0.12543684), ('CP3', 0.12229005), ('O1', 0.12217595), ('T4', 0.12160084), ('C3', 0.11661477), ('Fp1', 0.11089864)]
[2026-05-27 16:17:13]     spatial_update=delta_l2=0.04180010 max_abs=0.00546293 relative=0.03502373 changed=True

[2026-05-27 16:17:14] Fold 4/5 | subject=25
[2026-05-27 16:17:14]     Train: 32 | counts=[16, 16]
[2026-05-27 16:17:14]     Test:  8 | counts=[4, 4]
[2026-05-27 16:17:14]     Model: SignalJEPA_PreLocal | Pretrained: from_pretrained | Strategy: full
[2026-05-27 16:17:14]     Normalization: none | fit_scope=none
[2026-05-27 16:17:14]     Phase 1 (warmup): 2,170/16,010 params
[2026-05-27 16:17:14]     Phase 2 (full): 16,010/16,010 params
[2026-05-27 16:17:14]     Result | best_epoch=11 | stop=61 | final_phase_epochs=51 | acc=0.5000 | bal_acc=0.5000 | pred_hist=[2, 6] | collapse=False
[2026-05-27 16:17:14]     spatial_conv=[4, 29] top_abs_channels=[('Pz', 0.15387881), ('O2', 0.14482789), ('T3', 0.12651739), ('O1', 0.12373918), ('T4', 0.12189429), ('CP3', 0.11994179), ('C3', 0.11934698), ('Fp1', 0.11168167)]
[2026-05-27 16:17:14]     spatial_update=delta_l2=0.04462884 max_abs=0.00547811 relative=0.03739390 changed=True

[2026-05-27 16:17:15] Fold 5/5 | subject=25
[2026-05-27 16:17:15]     Train: 32 | counts=[16, 16]
[2026-05-27 16:17:15]     Test:  8 | counts=[4, 4]
[2026-05-27 16:17:15]     Model: SignalJEPA_PreLocal | Pretrained: from_pretrained | Strategy: full
[2026-05-27 16:17:15]     Normalization: none | fit_scope=none
[2026-05-27 16:17:15]     Phase 1 (warmup): 2,170/16,010 params
[2026-05-27 16:17:15]     Phase 2 (full): 16,010/16,010 params
[2026-05-27 16:17:15]     Result | best_epoch=12 | stop=61 | final_phase_epochs=51 | acc=0.6250 | bal_acc=0.6250 | pred_hist=[1, 7] | collapse=False
[2026-05-27 16:17:15]     spatial_conv=[4, 29] top_abs_channels=[('Pz', 0.15222131), ('O2', 0.14478806), ('T3', 0.12762798), ('O1', 0.12266686), ('CP3', 0.12264467), ('T4', 0.12139869), ('C3', 0.11758563), ('Fp1', 0.1082384)]
[2026-05-27 16:17:15]     spatial_update=delta_l2=0.03897599 max_abs=0.00551730 relative=0.03265745 changed=True
[2026-05-27 16:17:15]   Subject 25: acc=0.6250±0.0791  bal_acc=0.6250±0.0791
[2026-05-27 16:17:15] \nSubject 26: 40 windows | class_counts=[20, 20]

[2026-05-27 16:17:16] Fold 1/5 | subject=26
[2026-05-27 16:17:16]     Train: 32 | counts=[16, 16]
[2026-05-27 16:17:16]     Test:  8 | counts=[4, 4]
[2026-05-27 16:17:16]     Model: SignalJEPA_PreLocal | Pretrained: from_pretrained | Strategy: full
[2026-05-27 16:17:16]     Normalization: none | fit_scope=none
[2026-05-27 16:17:16]     Phase 1 (warmup): 2,170/16,010 params
[2026-05-27 16:17:16]     Phase 2 (full): 16,010/16,010 params
[2026-05-27 16:17:16]     Result | best_epoch=64 | stop=114 | final_phase_epochs=104 | acc=0.5000 | bal_acc=0.5000 | pred_hist=[2, 6] | collapse=False
[2026-05-27 16:17:16]     spatial_conv=[4, 29] top_abs_channels=[('Pz', 0.15844642), ('O2', 0.14002188), ('T4', 0.13141787), ('CP3', 0.13113436), ('C3', 0.12011875), ('CP4', 0.11443604), ('O1', 0.11301043), ('FCz', 0.11287434)]
[2026-05-27 16:17:16]     spatial_update=delta_l2=0.17048139 max_abs=0.03349555 relative=0.14284404 changed=True

[2026-05-27 16:17:16] Fold 2/5 | subject=26
[2026-05-27 16:17:16]     Train: 32 | counts=[16, 16]
[2026-05-27 16:17:16]     Test:  8 | counts=[4, 4]
[2026-05-27 16:17:16]     Model: SignalJEPA_PreLocal | Pretrained: from_pretrained | Strategy: full
[2026-05-27 16:17:16]     Normalization: none | fit_scope=none
[2026-05-27 16:17:16]     Phase 1 (warmup): 2,170/16,010 params
[2026-05-27 16:17:17]     Phase 2 (full): 16,010/16,010 params
[2026-05-27 16:17:17]     Result | best_epoch=11 | stop=61 | final_phase_epochs=51 | acc=0.5000 | bal_acc=0.5000 | pred_hist=[0, 8] | collapse=True
[2026-05-27 16:17:17]     spatial_conv=[4, 29] top_abs_channels=[('Pz', 0.15289958), ('O2', 0.1432306), ('T3', 0.12620839), ('CP3', 0.12381691), ('O1', 0.12121364), ('T4', 0.11876675), ('C3', 0.11506058), ('CP4', 0.11281928)]
[2026-05-27 16:17:17]     spatial_update=delta_l2=0.03621876 max_abs=0.00533091 relative=0.03034720 changed=True

[2026-05-27 16:17:17] Fold 3/5 | subject=26
[2026-05-27 16:17:17]     Train: 32 | counts=[16, 16]
[2026-05-27 16:17:17]     Test:  8 | counts=[4, 4]
[2026-05-27 16:17:17]     Model: SignalJEPA_PreLocal | Pretrained: from_pretrained | Strategy: full
[2026-05-27 16:17:17]     Normalization: none | fit_scope=none
[2026-05-27 16:17:17]     Phase 1 (warmup): 2,170/16,010 params
[2026-05-27 16:17:17]     Phase 2 (full): 16,010/16,010 params
[2026-05-27 16:17:17]     Result | best_epoch=11 | stop=61 | final_phase_epochs=51 | acc=0.5000 | bal_acc=0.5000 | pred_hist=[0, 8] | collapse=True
[2026-05-27 16:17:17]     spatial_conv=[4, 29] top_abs_channels=[('Pz', 0.15128297), ('O2', 0.14446396), ('CP3', 0.12575631), ('T3', 0.12561861), ('T4', 0.12076458), ('O1', 0.11985632), ('C3', 0.11569987), ('CP4', 0.11360436)]
[2026-05-27 16:17:17]     spatial_update=delta_l2=0.03576875 max_abs=0.00531490 relative=0.02997015 changed=True

[2026-05-27 16:17:18] Fold 4/5 | subject=26
[2026-05-27 16:17:18]     Train: 32 | counts=[16, 16]
[2026-05-27 16:17:18]     Test:  8 | counts=[4, 4]
[2026-05-27 16:17:18]     Model: SignalJEPA_PreLocal | Pretrained: from_pretrained | Strategy: full
[2026-05-27 16:17:18]     Normalization: none | fit_scope=none
[2026-05-27 16:17:18]     Phase 1 (warmup): 2,170/16,010 params
[2026-05-27 16:17:18]     Phase 2 (full): 16,010/16,010 params
[2026-05-27 16:17:18]     Result | best_epoch=11 | stop=61 | final_phase_epochs=51 | acc=0.5000 | bal_acc=0.5000 | pred_hist=[2, 6] | collapse=False
[2026-05-27 16:17:18]     spatial_conv=[4, 29] top_abs_channels=[('Pz', 0.15420239), ('O2', 0.1436085), ('T3', 0.12637407), ('CP3', 0.12404756), ('T4', 0.12201703), ('O1', 0.12034223), ('C3', 0.11350729), ('CP4', 0.11058267)]
[2026-05-27 16:17:18]     spatial_update=delta_l2=0.03709874 max_abs=0.00521243 relative=0.03108453 changed=True

[2026-05-27 16:17:19] Fold 5/5 | subject=26
[2026-05-27 16:17:19]     Train: 32 | counts=[16, 16]
[2026-05-27 16:17:19]     Test:  8 | counts=[4, 4]
[2026-05-27 16:17:19]     Model: SignalJEPA_PreLocal | Pretrained: from_pretrained | Strategy: full
[2026-05-27 16:17:19]     Normalization: none | fit_scope=none
[2026-05-27 16:17:19]     Phase 1 (warmup): 2,170/16,010 params
[2026-05-27 16:17:19]     Phase 2 (full): 16,010/16,010 params
[2026-05-27 16:17:19]     Result | best_epoch=11 | stop=61 | final_phase_epochs=51 | acc=0.5000 | bal_acc=0.5000 | pred_hist=[0, 8] | collapse=True
[2026-05-27 16:17:19]     spatial_conv=[4, 29] top_abs_channels=[('Pz', 0.15471143), ('O2', 0.14224692), ('T3', 0.12627363), ('O1', 0.1253548), ('T4', 0.12193081), ('CP3', 0.12122327), ('Fp1', 0.11411552), ('C3', 0.11357819)]
[2026-05-27 16:17:19]     spatial_update=delta_l2=0.04078625 max_abs=0.00550139 relative=0.03417424 changed=True
[2026-05-27 16:17:19]   Subject 26: acc=0.5000±0.0000  bal_acc=0.5000±0.0000
[2026-05-27 16:17:19] \nSubject 27: 40 windows | class_counts=[20, 20]

[2026-05-27 16:17:20] Fold 1/5 | subject=27
[2026-05-27 16:17:20]     Train: 32 | counts=[16, 16]
[2026-05-27 16:17:20]     Test:  8 | counts=[4, 4]
[2026-05-27 16:17:20]     Model: SignalJEPA_PreLocal | Pretrained: from_pretrained | Strategy: full
[2026-05-27 16:17:20]     Normalization: none | fit_scope=none
[2026-05-27 16:17:20]     Phase 1 (warmup): 2,170/16,010 params
[2026-05-27 16:17:20]     Phase 2 (full): 16,010/16,010 params
[2026-05-27 16:17:20]     Result | best_epoch=11 | stop=61 | final_phase_epochs=51 | acc=0.3750 | bal_acc=0.3750 | pred_hist=[1, 7] | collapse=False
[2026-05-27 16:17:20]     spatial_conv=[4, 29] top_abs_channels=[('Pz', 0.15157975), ('O2', 0.14467484), ('T3', 0.12926531), ('T4', 0.12429668), ('CP3', 0.122637), ('O1', 0.1198215), ('C3', 0.11651838), ('Fp1', 0.11421713)]
[2026-05-27 16:17:20]     spatial_update=delta_l2=0.04853614 max_abs=0.00548103 relative=0.04066777 changed=True

[2026-05-27 16:17:20] Fold 2/5 | subject=27
[2026-05-27 16:17:20]     Train: 32 | counts=[16, 16]
[2026-05-27 16:17:20]     Test:  8 | counts=[4, 4]
[2026-05-27 16:17:20]     Model: SignalJEPA_PreLocal | Pretrained: from_pretrained | Strategy: full
[2026-05-27 16:17:20]     Normalization: none | fit_scope=none
[2026-05-27 16:17:20]     Phase 1 (warmup): 2,170/16,010 params
[2026-05-27 16:17:20]     Phase 2 (full): 16,010/16,010 params
[2026-05-27 16:17:21]     Result | best_epoch=14 | stop=61 | final_phase_epochs=51 | acc=0.6250 | bal_acc=0.6250 | pred_hist=[1, 7] | collapse=False
[2026-05-27 16:17:21]     spatial_conv=[4, 29] top_abs_channels=[('Pz', 0.14958671), ('O2', 0.14156415), ('T3', 0.1279759), ('CP3', 0.12518468), ('T4', 0.12243536), ('O1', 0.11991817), ('C3', 0.11395091), ('Fp1', 0.11303585)]
[2026-05-27 16:17:21]     spatial_update=delta_l2=0.04323228 max_abs=0.00540131 relative=0.03622374 changed=True

[2026-05-27 16:17:22] Fold 3/5 | subject=27
[2026-05-27 16:17:22]     Train: 32 | counts=[16, 16]
[2026-05-27 16:17:22]     Test:  8 | counts=[4, 4]
[2026-05-27 16:17:22]     Model: SignalJEPA_PreLocal | Pretrained: from_pretrained | Strategy: full
[2026-05-27 16:17:22]     Normalization: none | fit_scope=none
[2026-05-27 16:17:22]     Phase 1 (warmup): 2,170/16,010 params
[2026-05-27 16:17:22]     Phase 2 (full): 16,010/16,010 params
[2026-05-27 16:17:22]     Result | best_epoch=11 | stop=61 | final_phase_epochs=51 | acc=0.1250 | bal_acc=0.1250 | pred_hist=[3, 5] | collapse=False
[2026-05-27 16:17:22]     spatial_conv=[4, 29] top_abs_channels=[('Pz', 0.15219164), ('O2', 0.14601341), ('T3', 0.12784858), ('T4', 0.12334189), ('CP3', 0.1222669), ('O1', 0.11974195), ('C3', 0.116574), ('CP4', 0.11359546)]
[2026-05-27 16:17:22]     spatial_update=delta_l2=0.04375745 max_abs=0.00541003 relative=0.03666377 changed=True

[2026-05-27 16:17:22] Fold 4/5 | subject=27
[2026-05-27 16:17:22]     Train: 32 | counts=[16, 16]
[2026-05-27 16:17:22]     Test:  8 | counts=[4, 4]
[2026-05-27 16:17:22]     Model: SignalJEPA_PreLocal | Pretrained: from_pretrained | Strategy: full
[2026-05-27 16:17:22]     Normalization: none | fit_scope=none
[2026-05-27 16:17:22]     Phase 1 (warmup): 2,170/16,010 params
[2026-05-27 16:17:22]     Phase 2 (full): 16,010/16,010 params
[2026-05-27 16:17:23]     Result | best_epoch=11 | stop=61 | final_phase_epochs=51 | acc=0.5000 | bal_acc=0.5000 | pred_hist=[4, 4] | collapse=False
[2026-05-27 16:17:23]     spatial_conv=[4, 29] top_abs_channels=[('Pz', 0.15189293), ('O2', 0.14380866), ('T3', 0.12773119), ('T4', 0.12562978), ('CP3', 0.12263656), ('O1', 0.11941288), ('C3', 0.11588293), ('Fp1', 0.1142598)]
[2026-05-27 16:17:23]     spatial_update=delta_l2=0.04572572 max_abs=0.00547901 relative=0.03831296 changed=True

[2026-05-27 16:17:23] Fold 5/5 | subject=27
[2026-05-27 16:17:23]     Train: 32 | counts=[16, 16]
[2026-05-27 16:17:23]     Test:  8 | counts=[4, 4]
[2026-05-27 16:17:23]     Model: SignalJEPA_PreLocal | Pretrained: from_pretrained | Strategy: full
[2026-05-27 16:17:23]     Normalization: none | fit_scope=none
[2026-05-27 16:17:23]     Phase 1 (warmup): 2,170/16,010 params
[2026-05-27 16:17:23]     Phase 2 (full): 16,010/16,010 params
[2026-05-27 16:17:23]     Result | best_epoch=11 | stop=61 | final_phase_epochs=51 | acc=0.5000 | bal_acc=0.5000 | pred_hist=[2, 6] | collapse=False
[2026-05-27 16:17:23]     spatial_conv=[4, 29] top_abs_channels=[('Pz', 0.15283309), ('O2', 0.14349461), ('T3', 0.12720531), ('T4', 0.12345318), ('CP3', 0.12225606), ('O1', 0.11896331), ('C3', 0.11593782), ('Fp1', 0.1138033)]
[2026-05-27 16:17:23]     spatial_update=delta_l2=0.04086049 max_abs=0.00551477 relative=0.03423645 changed=True
[2026-05-27 16:17:23]   Subject 27: acc=0.4250±0.1696  bal_acc=0.4250±0.1696
[2026-05-27 16:17:23] \nSubject 28: 40 windows | class_counts=[20, 20]

[2026-05-27 16:17:24] Fold 1/5 | subject=28
[2026-05-27 16:17:24]     Train: 32 | counts=[16, 16]
[2026-05-27 16:17:24]     Test:  8 | counts=[4, 4]
[2026-05-27 16:17:24]     Model: SignalJEPA_PreLocal | Pretrained: from_pretrained | Strategy: full
[2026-05-27 16:17:24]     Normalization: none | fit_scope=none
[2026-05-27 16:17:24]     Phase 1 (warmup): 2,170/16,010 params
[2026-05-27 16:17:24]     Phase 2 (full): 16,010/16,010 params
[2026-05-27 16:17:24]     Result | best_epoch=11 | stop=61 | final_phase_epochs=51 | acc=0.5000 | bal_acc=0.5000 | pred_hist=[0, 8] | collapse=True
[2026-05-27 16:17:24]     spatial_conv=[4, 29] top_abs_channels=[('Pz', 0.15512283), ('O2', 0.13993783), ('T3', 0.12953813), ('O1', 0.12255956), ('T4', 0.12026754), ('CP3', 0.1164127), ('C3', 0.11526503), ('Fp1', 0.11204604)]
[2026-05-27 16:17:24]     spatial_update=delta_l2=0.04430345 max_abs=0.00548103 relative=0.03712126 changed=True

[2026-05-27 16:17:25] Fold 2/5 | subject=28
[2026-05-27 16:17:25]     Train: 32 | counts=[16, 16]
[2026-05-27 16:17:25]     Test:  8 | counts=[4, 4]
[2026-05-27 16:17:25]     Model: SignalJEPA_PreLocal | Pretrained: from_pretrained | Strategy: full
[2026-05-27 16:17:25]     Normalization: none | fit_scope=none
[2026-05-27 16:17:25]     Phase 1 (warmup): 2,170/16,010 params
[2026-05-27 16:17:25]     Phase 2 (full): 16,010/16,010 params
[2026-05-27 16:17:25]     Result | best_epoch=42 | stop=92 | final_phase_epochs=82 | acc=0.7500 | bal_acc=0.7500 | pred_hist=[6, 2] | collapse=False
[2026-05-27 16:17:25]     spatial_conv=[4, 29] top_abs_channels=[('Pz', 0.14424819), ('O2', 0.14395438), ('T3', 0.13510434), ('P4', 0.12257596), ('T4', 0.12236479), ('CP3', 0.12190955), ('C3', 0.11725938), ('P3', 0.11480418)]
[2026-05-27 16:17:25]     spatial_update=delta_l2=0.12761146 max_abs=0.02091053 relative=0.10692390 changed=True

[2026-05-27 16:17:26] Fold 3/5 | subject=28
[2026-05-27 16:17:26]     Train: 32 | counts=[16, 16]
[2026-05-27 16:17:26]     Test:  8 | counts=[4, 4]
[2026-05-27 16:17:26]     Model: SignalJEPA_PreLocal | Pretrained: from_pretrained | Strategy: full
[2026-05-27 16:17:26]     Normalization: none | fit_scope=none
[2026-05-27 16:17:26]     Phase 1 (warmup): 2,170/16,010 params
[2026-05-27 16:17:26]     Phase 2 (full): 16,010/16,010 params
[2026-05-27 16:17:26]     Result | best_epoch=11 | stop=61 | final_phase_epochs=51 | acc=0.5000 | bal_acc=0.5000 | pred_hist=[2, 6] | collapse=False
[2026-05-27 16:17:26]     spatial_conv=[4, 29] top_abs_channels=[('Pz', 0.15361725), ('O2', 0.14306754), ('T3', 0.13040073), ('O1', 0.12107043), ('T4', 0.1209446), ('CP3', 0.11863044), ('C3', 0.11608776), ('CP4', 0.11157043)]
[2026-05-27 16:17:26]     spatial_update=delta_l2=0.04059711 max_abs=0.00548701 relative=0.03401576 changed=True

[2026-05-27 16:17:26] Fold 4/5 | subject=28
[2026-05-27 16:17:26]     Train: 32 | counts=[16, 16]
[2026-05-27 16:17:26]     Test:  8 | counts=[4, 4]
[2026-05-27 16:17:26]     Model: SignalJEPA_PreLocal | Pretrained: from_pretrained | Strategy: full
[2026-05-27 16:17:26]     Normalization: none | fit_scope=none
[2026-05-27 16:17:26]     Phase 1 (warmup): 2,170/16,010 params
[2026-05-27 16:17:27]     Phase 2 (full): 16,010/16,010 params
[2026-05-27 16:17:27]     Result | best_epoch=11 | stop=61 | final_phase_epochs=51 | acc=0.5000 | bal_acc=0.5000 | pred_hist=[0, 8] | collapse=True
[2026-05-27 16:17:27]     spatial_conv=[4, 29] top_abs_channels=[('Pz', 0.15237318), ('O2', 0.14272894), ('T3', 0.13070475), ('O1', 0.1211163), ('T4', 0.12061836), ('CP3', 0.11962775), ('C3', 0.116839), ('CP4', 0.11286971)]
[2026-05-27 16:17:27]     spatial_update=delta_l2=0.03641073 max_abs=0.00554948 relative=0.03050805 changed=True

[2026-05-27 16:17:27] Fold 5/5 | subject=28
[2026-05-27 16:17:27]     Train: 32 | counts=[16, 16]
[2026-05-27 16:17:27]     Test:  8 | counts=[4, 4]
[2026-05-27 16:17:27]     Model: SignalJEPA_PreLocal | Pretrained: from_pretrained | Strategy: full
[2026-05-27 16:17:27]     Normalization: none | fit_scope=none
[2026-05-27 16:17:27]     Phase 1 (warmup): 2,170/16,010 params
[2026-05-27 16:17:27]     Phase 2 (full): 16,010/16,010 params
[2026-05-27 16:17:27]     Result | best_epoch=11 | stop=61 | final_phase_epochs=51 | acc=0.7500 | bal_acc=0.7500 | pred_hist=[2, 6] | collapse=False
[2026-05-27 16:17:27]     spatial_conv=[4, 29] top_abs_channels=[('Pz', 0.15213257), ('O2', 0.143185), ('T3', 0.12760051), ('O1', 0.12362571), ('T4', 0.12234396), ('CP3', 0.11973926), ('C3', 0.11548917), ('Fp1', 0.11198909)]
[2026-05-27 16:17:27]     spatial_update=delta_l2=0.03674253 max_abs=0.00550856 relative=0.03078606 changed=True
[2026-05-27 16:17:27]   Subject 28: acc=0.6000±0.1225  bal_acc=0.6000±0.1225
[2026-05-27 16:17:27] \nSubject 29: 40 windows | class_counts=[20, 20]

[2026-05-27 16:17:28] Fold 1/5 | subject=29
[2026-05-27 16:17:28]     Train: 32 | counts=[16, 16]
[2026-05-27 16:17:28]     Test:  8 | counts=[4, 4]
[2026-05-27 16:17:28]     Model: SignalJEPA_PreLocal | Pretrained: from_pretrained | Strategy: full
[2026-05-27 16:17:28]     Normalization: none | fit_scope=none
[2026-05-27 16:17:28]     Phase 1 (warmup): 2,170/16,010 params
[2026-05-27 16:17:28]     Phase 2 (full): 16,010/16,010 params
[2026-05-27 16:17:28]     Result | best_epoch=11 | stop=61 | final_phase_epochs=51 | acc=0.6250 | bal_acc=0.6250 | pred_hist=[1, 7] | collapse=False
[2026-05-27 16:17:28]     spatial_conv=[4, 29] top_abs_channels=[('Pz', 0.15217564), ('O2', 0.14338763), ('T3', 0.12697217), ('T4', 0.12167335), ('CP3', 0.12156431), ('O1', 0.11819725), ('C3', 0.1150334), ('CP4', 0.11198484)]
[2026-05-27 16:17:28]     spatial_update=delta_l2=0.03677455 max_abs=0.00540446 relative=0.03081290 changed=True

[2026-05-27 16:17:29] Fold 2/5 | subject=29
[2026-05-27 16:17:29]     Train: 32 | counts=[16, 16]
[2026-05-27 16:17:29]     Test:  8 | counts=[4, 4]
[2026-05-27 16:17:29]     Model: SignalJEPA_PreLocal | Pretrained: from_pretrained | Strategy: full
[2026-05-27 16:17:29]     Normalization: none | fit_scope=none
[2026-05-27 16:17:29]     Phase 1 (warmup): 2,170/16,010 params
[2026-05-27 16:17:29]     Phase 2 (full): 16,010/16,010 params
[2026-05-27 16:17:29]     Result | best_epoch=62 | stop=112 | final_phase_epochs=102 | acc=0.2500 | bal_acc=0.2500 | pred_hist=[4, 4] | collapse=False
[2026-05-27 16:17:29]     spatial_conv=[4, 29] top_abs_channels=[('O2', 0.16081052), ('T3', 0.12980953), ('Pz', 0.12786302), ('CP3', 0.12253588), ('Fp1', 0.11823472), ('CP4', 0.11646556), ('T4', 0.11374339), ('C3', 0.10947184)]
[2026-05-27 16:17:29]     spatial_update=delta_l2=0.23366982 max_abs=0.03590426 relative=0.19578876 changed=True

[2026-05-27 16:17:30] Fold 3/5 | subject=29
[2026-05-27 16:17:30]     Train: 32 | counts=[16, 16]
[2026-05-27 16:17:30]     Test:  8 | counts=[4, 4]
[2026-05-27 16:17:30]     Model: SignalJEPA_PreLocal | Pretrained: from_pretrained | Strategy: full
[2026-05-27 16:17:30]     Normalization: none | fit_scope=none
[2026-05-27 16:17:30]     Phase 1 (warmup): 2,170/16,010 params
[2026-05-27 16:17:30]     Phase 2 (full): 16,010/16,010 params
[2026-05-27 16:17:30]     Result | best_epoch=11 | stop=61 | final_phase_epochs=51 | acc=0.6250 | bal_acc=0.6250 | pred_hist=[1, 7] | collapse=False
[2026-05-27 16:17:30]     spatial_conv=[4, 29] top_abs_channels=[('Pz', 0.15113622), ('O2', 0.14358974), ('T3', 0.12818713), ('CP3', 0.12234207), ('T4', 0.11913604), ('O1', 0.11760716), ('C3', 0.11394848), ('CP4', 0.11083238)]
[2026-05-27 16:17:30]     spatial_update=delta_l2=0.04152460 max_abs=0.00547026 relative=0.03479290 changed=True

[2026-05-27 16:17:31] Fold 4/5 | subject=29
[2026-05-27 16:17:31]     Train: 32 | counts=[16, 16]
[2026-05-27 16:17:31]     Test:  8 | counts=[4, 4]
[2026-05-27 16:17:31]     Model: SignalJEPA_PreLocal | Pretrained: from_pretrained | Strategy: full
[2026-05-27 16:17:31]     Normalization: none | fit_scope=none
[2026-05-27 16:17:31]     Phase 1 (warmup): 2,170/16,010 params
[2026-05-27 16:17:31]     Phase 2 (full): 16,010/16,010 params
[2026-05-27 16:17:31]     Result | best_epoch=60 | stop=110 | final_phase_epochs=100 | acc=0.7500 | bal_acc=0.7500 | pred_hist=[4, 4] | collapse=False
[2026-05-27 16:17:31]     spatial_conv=[4, 29] top_abs_channels=[('Pz', 0.14661406), ('O2', 0.14229712), ('CP3', 0.13216978), ('Fp1', 0.12930563), ('CP4', 0.12709393), ('C3', 0.11311441), ('P3', 0.11293237), ('T4', 0.1123463)]
[2026-05-27 16:17:31]     spatial_update=delta_l2=0.18543575 max_abs=0.03428203 relative=0.15537410 changed=True

[2026-05-27 16:17:32] Fold 5/5 | subject=29
[2026-05-27 16:17:32]     Train: 32 | counts=[16, 16]
[2026-05-27 16:17:32]     Test:  8 | counts=[4, 4]
[2026-05-27 16:17:32]     Model: SignalJEPA_PreLocal | Pretrained: from_pretrained | Strategy: full
[2026-05-27 16:17:32]     Normalization: none | fit_scope=none
[2026-05-27 16:17:32]     Phase 1 (warmup): 2,170/16,010 params
[2026-05-27 16:17:32]     Phase 2 (full): 16,010/16,010 params
[2026-05-27 16:17:32]     Result | best_epoch=55 | stop=103 | final_phase_epochs=93 | acc=0.2500 | bal_acc=0.2500 | pred_hist=[4, 4] | collapse=False
[2026-05-27 16:17:32]     spatial_conv=[4, 29] top_abs_channels=[('Pz', 0.16158745), ('O2', 0.15473357), ('T3', 0.13156915), ('T4', 0.1225749), ('P3', 0.12131329), ('CP3', 0.11887656), ('CP4', 0.11582888), ('Fz', 0.1138625)]
[2026-05-27 16:17:32]     spatial_update=delta_l2=0.16711638 max_abs=0.02943169 relative=0.14002455 changed=True
[2026-05-27 16:17:32]   Subject 29: acc=0.5000±0.2092  bal_acc=0.5000±0.2092
[2026-05-27 16:17:32] \nSubject 30: 40 windows | class_counts=[20, 20]

[2026-05-27 16:17:33] Fold 1/5 | subject=30
[2026-05-27 16:17:33]     Train: 32 | counts=[16, 16]
[2026-05-27 16:17:33]     Test:  8 | counts=[4, 4]
[2026-05-27 16:17:33]     Model: SignalJEPA_PreLocal | Pretrained: from_pretrained | Strategy: full
[2026-05-27 16:17:33]     Normalization: none | fit_scope=none
[2026-05-27 16:17:33]     Phase 1 (warmup): 2,170/16,010 params
[2026-05-27 16:17:33]     Phase 2 (full): 16,010/16,010 params
[2026-05-27 16:17:33]     Result | best_epoch=72 | stop=122 | final_phase_epochs=112 | acc=1.0000 | bal_acc=1.0000 | pred_hist=[4, 4] | collapse=False
[2026-05-27 16:17:33]     spatial_conv=[4, 29] top_abs_channels=[('O2', 0.15769534), ('Pz', 0.1429835), ('CP3', 0.12403706), ('T4', 0.12146094), ('P4', 0.12100483), ('Fz', 0.12001564), ('O1', 0.11965539), ('CP4', 0.11927892)]
[2026-05-27 16:17:33]     spatial_update=delta_l2=0.26886466 max_abs=0.04248792 relative=0.22527805 changed=True

[2026-05-27 16:17:34] Fold 2/5 | subject=30
[2026-05-27 16:17:34]     Train: 32 | counts=[16, 16]
[2026-05-27 16:17:34]     Test:  8 | counts=[4, 4]
[2026-05-27 16:17:34]     Model: SignalJEPA_PreLocal | Pretrained: from_pretrained | Strategy: full
[2026-05-27 16:17:34]     Normalization: none | fit_scope=none
[2026-05-27 16:17:34]     Phase 1 (warmup): 2,170/16,010 params
[2026-05-27 16:17:34]     Phase 2 (full): 16,010/16,010 params
[2026-05-27 16:17:34]     Result | best_epoch=53 | stop=103 | final_phase_epochs=93 | acc=0.6250 | bal_acc=0.6250 | pred_hist=[3, 5] | collapse=False
[2026-05-27 16:17:34]     spatial_conv=[4, 29] top_abs_channels=[('O2', 0.15475173), ('Pz', 0.14930233), ('O1', 0.13724749), ('CP3', 0.13001195), ('T3', 0.1255717), ('T4', 0.12313446), ('Fz', 0.11180596), ('CP4', 0.1096511)]
[2026-05-27 16:17:34]     spatial_update=delta_l2=0.20346893 max_abs=0.02994927 relative=0.17048385 changed=True

[2026-05-27 16:17:34] Fold 3/5 | subject=30
[2026-05-27 16:17:34]     Train: 32 | counts=[16, 16]
[2026-05-27 16:17:34]     Test:  8 | counts=[4, 4]
[2026-05-27 16:17:34]     Model: SignalJEPA_PreLocal | Pretrained: from_pretrained | Strategy: full
[2026-05-27 16:17:34]     Normalization: none | fit_scope=none
[2026-05-27 16:17:34]     Phase 1 (warmup): 2,170/16,010 params
[2026-05-27 16:17:34]     Phase 2 (full): 16,010/16,010 params
[2026-05-27 16:17:35]     Result | best_epoch=78 | stop=128 | final_phase_epochs=118 | acc=0.5000 | bal_acc=0.5000 | pred_hist=[4, 4] | collapse=False
[2026-05-27 16:17:35]     spatial_conv=[4, 29] top_abs_channels=[('O2', 0.14799042), ('CP3', 0.13593243), ('Pz', 0.13357247), ('O1', 0.12564145), ('T4', 0.12185183), ('T3', 0.11610993), ('Fz', 0.11560181), ('C3', 0.11531572)]
[2026-05-27 16:17:35]     spatial_update=delta_l2=0.26385996 max_abs=0.04335658 relative=0.22108467 changed=True

[2026-05-27 16:17:35] Fold 4/5 | subject=30
[2026-05-27 16:17:35]     Train: 32 | counts=[16, 16]
[2026-05-27 16:17:35]     Test:  8 | counts=[4, 4]
[2026-05-27 16:17:35]     Model: SignalJEPA_PreLocal | Pretrained: from_pretrained | Strategy: full
[2026-05-27 16:17:35]     Normalization: none | fit_scope=none
[2026-05-27 16:17:35]     Phase 1 (warmup): 2,170/16,010 params
[2026-05-27 16:17:35]     Phase 2 (full): 16,010/16,010 params
[2026-05-27 16:17:45]     Result | best_epoch=2525 | stop=2552 | final_phase_epochs=2542 | acc=0.5000 | bal_acc=0.5000 | pred_hist=[2, 6] | collapse=False
[2026-05-27 16:17:45]     spatial_conv=[4, 29] top_abs_channels=[('O2', 0.14855415), ('Pz', 0.13784385), ('T3', 0.13428408), ('CP3', 0.12254177), ('Fz', 0.1194105), ('P4', 0.11917486), ('O1', 0.11750817), ('C3', 0.11695199)]
[2026-05-27 16:17:45]     spatial_update=delta_l2=0.29464883 max_abs=0.04974547 relative=0.24688225 changed=True

[2026-05-27 16:17:46] Fold 5/5 | subject=30
[2026-05-27 16:17:46]     Train: 32 | counts=[16, 16]
[2026-05-27 16:17:46]     Test:  8 | counts=[4, 4]
[2026-05-27 16:17:46]     Model: SignalJEPA_PreLocal | Pretrained: from_pretrained | Strategy: full
[2026-05-27 16:17:46]     Normalization: none | fit_scope=none
[2026-05-27 16:17:46]     Phase 1 (warmup): 2,170/16,010 params
[2026-05-27 16:17:46]     Phase 2 (full): 16,010/16,010 params
[2026-05-27 16:17:46]     Result | best_epoch=11 | stop=61 | final_phase_epochs=51 | acc=0.5000 | bal_acc=0.5000 | pred_hist=[2, 6] | collapse=False
[2026-05-27 16:17:46]     spatial_conv=[4, 29] top_abs_channels=[('Pz', 0.15493417), ('O2', 0.1421981), ('T3', 0.12723675), ('O1', 0.12615308), ('T4', 0.12269523), ('CP3', 0.11869983), ('C3', 0.11437775), ('CP4', 0.11346184)]
[2026-05-27 16:17:46]     spatial_update=delta_l2=0.04554656 max_abs=0.00543860 relative=0.03816284 changed=True
[2026-05-27 16:17:46]   Subject 30: acc=0.6250±0.1936  bal_acc=0.6250±0.1936
[2026-05-27 16:17:46] \nSubject 31: 40 windows | class_counts=[20, 20]

[2026-05-27 16:17:47] Fold 1/5 | subject=31
[2026-05-27 16:17:47]     Train: 32 | counts=[16, 16]
[2026-05-27 16:17:47]     Test:  8 | counts=[4, 4]
[2026-05-27 16:17:47]     Model: SignalJEPA_PreLocal | Pretrained: from_pretrained | Strategy: full
[2026-05-27 16:17:47]     Normalization: none | fit_scope=none
[2026-05-27 16:17:47]     Phase 1 (warmup): 2,170/16,010 params
[2026-05-27 16:17:47]     Phase 2 (full): 16,010/16,010 params
[2026-05-27 16:17:47]     Result | best_epoch=42 | stop=92 | final_phase_epochs=82 | acc=0.5000 | bal_acc=0.5000 | pred_hist=[4, 4] | collapse=False
[2026-05-27 16:17:47]     spatial_conv=[4, 29] top_abs_channels=[('Pz', 0.15502582), ('O2', 0.15241221), ('T3', 0.1224395), ('O1', 0.11883426), ('CP3', 0.11721665), ('C3', 0.11453053), ('CP4', 0.11428979), ('T4', 0.11251774)]
[2026-05-27 16:17:47]     spatial_update=delta_l2=0.13053006 max_abs=0.02190837 relative=0.10936937 changed=True

[2026-05-27 16:17:48] Fold 2/5 | subject=31
[2026-05-27 16:17:48]     Train: 32 | counts=[16, 16]
[2026-05-27 16:17:48]     Test:  8 | counts=[4, 4]
[2026-05-27 16:17:48]     Model: SignalJEPA_PreLocal | Pretrained: from_pretrained | Strategy: full
[2026-05-27 16:17:48]     Normalization: none | fit_scope=none
[2026-05-27 16:17:48]     Phase 1 (warmup): 2,170/16,010 params
[2026-05-27 16:17:48]     Phase 2 (full): 16,010/16,010 params
[2026-05-27 16:17:48]     Result | best_epoch=42 | stop=92 | final_phase_epochs=82 | acc=0.3750 | bal_acc=0.3750 | pred_hist=[5, 3] | collapse=False
[2026-05-27 16:17:48]     spatial_conv=[4, 29] top_abs_channels=[('Pz', 0.16030771), ('O2', 0.14801505), ('O1', 0.12381217), ('CP3', 0.1230533), ('T3', 0.11837988), ('C3', 0.11762242), ('T4', 0.11745284), ('Fp1', 0.11113583)]
[2026-05-27 16:17:48]     spatial_update=delta_l2=0.12776069 max_abs=0.02200467 relative=0.10704894 changed=True

[2026-05-27 16:17:49] Fold 3/5 | subject=31
[2026-05-27 16:17:49]     Train: 32 | counts=[16, 16]
[2026-05-27 16:17:49]     Test:  8 | counts=[4, 4]
[2026-05-27 16:17:49]     Model: SignalJEPA_PreLocal | Pretrained: from_pretrained | Strategy: full
[2026-05-27 16:17:49]     Normalization: none | fit_scope=none
[2026-05-27 16:17:49]     Phase 1 (warmup): 2,170/16,010 params
[2026-05-27 16:17:49]     Phase 2 (full): 16,010/16,010 params
[2026-05-27 16:17:49]     Result | best_epoch=11 | stop=61 | final_phase_epochs=51 | acc=0.6250 | bal_acc=0.6250 | pred_hist=[1, 7] | collapse=False
[2026-05-27 16:17:49]     spatial_conv=[4, 29] top_abs_channels=[('Pz', 0.15111138), ('O2', 0.14702477), ('T3', 0.12773317), ('O1', 0.12025513), ('CP3', 0.12013415), ('T4', 0.11815136), ('C3', 0.1147639), ('CP4', 0.11015005)]
[2026-05-27 16:17:49]     spatial_update=delta_l2=0.04177075 max_abs=0.00551863 relative=0.03499914 changed=True

[2026-05-27 16:17:49] Fold 4/5 | subject=31
[2026-05-27 16:17:49]     Train: 32 | counts=[16, 16]
[2026-05-27 16:17:49]     Test:  8 | counts=[4, 4]
[2026-05-27 16:17:49]     Model: SignalJEPA_PreLocal | Pretrained: from_pretrained | Strategy: full
[2026-05-27 16:17:49]     Normalization: none | fit_scope=none
[2026-05-27 16:17:49]     Phase 1 (warmup): 2,170/16,010 params
[2026-05-27 16:17:49]     Phase 2 (full): 16,010/16,010 params
[2026-05-27 16:17:50]     Result | best_epoch=11 | stop=61 | final_phase_epochs=51 | acc=0.5000 | bal_acc=0.5000 | pred_hist=[0, 8] | collapse=True
[2026-05-27 16:17:50]     spatial_conv=[4, 29] top_abs_channels=[('Pz', 0.1514094), ('O2', 0.14567904), ('T3', 0.12973522), ('CP3', 0.12117459), ('O1', 0.11954434), ('T4', 0.11735693), ('C3', 0.11457452), ('CP4', 0.11091137)]
[2026-05-27 16:17:50]     spatial_update=delta_l2=0.04014470 max_abs=0.00545596 relative=0.03363670 changed=True

[2026-05-27 16:17:50] Fold 5/5 | subject=31
[2026-05-27 16:17:50]     Train: 32 | counts=[16, 16]
[2026-05-27 16:17:50]     Test:  8 | counts=[4, 4]
[2026-05-27 16:17:50]     Model: SignalJEPA_PreLocal | Pretrained: from_pretrained | Strategy: full
[2026-05-27 16:17:50]     Normalization: none | fit_scope=none
[2026-05-27 16:17:50]     Phase 1 (warmup): 2,170/16,010 params
[2026-05-27 16:17:50]     Phase 2 (full): 16,010/16,010 params
[2026-05-27 16:17:51]     Result | best_epoch=58 | stop=108 | final_phase_epochs=98 | acc=0.6250 | bal_acc=0.6250 | pred_hist=[3, 5] | collapse=False
[2026-05-27 16:17:51]     spatial_conv=[4, 29] top_abs_channels=[('Pz', 0.15881032), ('O2', 0.15428939), ('T3', 0.12823054), ('CP3', 0.12085344), ('CP4', 0.12012866), ('O1', 0.11598689), ('C3', 0.11581397), ('Fp1', 0.11075422)]
[2026-05-27 16:17:51]     spatial_update=delta_l2=0.18475391 max_abs=0.03180757 relative=0.15480279 changed=True
[2026-05-27 16:17:51]   Subject 31: acc=0.5250±0.0935  bal_acc=0.5250±0.0935
[2026-05-27 16:17:51] \nSubject 32: 40 windows | class_counts=[20, 20]

[2026-05-27 16:17:51] Fold 1/5 | subject=32
[2026-05-27 16:17:51]     Train: 32 | counts=[16, 16]
[2026-05-27 16:17:51]     Test:  8 | counts=[4, 4]
[2026-05-27 16:17:51]     Model: SignalJEPA_PreLocal | Pretrained: from_pretrained | Strategy: full
[2026-05-27 16:17:51]     Normalization: none | fit_scope=none
[2026-05-27 16:17:51]     Phase 1 (warmup): 2,170/16,010 params
[2026-05-27 16:17:51]     Phase 2 (full): 16,010/16,010 params
[2026-05-27 16:17:51]     Result | best_epoch=11 | stop=61 | final_phase_epochs=51 | acc=0.5000 | bal_acc=0.5000 | pred_hist=[0, 8] | collapse=True
[2026-05-27 16:17:51]     spatial_conv=[4, 29] top_abs_channels=[('Pz', 0.15327364), ('O2', 0.14365582), ('T3', 0.1283544), ('T4', 0.12176014), ('CP3', 0.12169199), ('C3', 0.11890224), ('O1', 0.11807264), ('CP4', 0.11200657)]
[2026-05-27 16:17:51]     spatial_update=delta_l2=0.04279246 max_abs=0.00547966 relative=0.03585522 changed=True

[2026-05-27 16:17:52] Fold 2/5 | subject=32
[2026-05-27 16:17:52]     Train: 32 | counts=[16, 16]
[2026-05-27 16:17:52]     Test:  8 | counts=[4, 4]
[2026-05-27 16:17:52]     Model: SignalJEPA_PreLocal | Pretrained: from_pretrained | Strategy: full
[2026-05-27 16:17:52]     Normalization: none | fit_scope=none
[2026-05-27 16:17:52]     Phase 1 (warmup): 2,170/16,010 params
[2026-05-27 16:17:52]     Phase 2 (full): 16,010/16,010 params
[2026-05-27 16:17:52]     Result | best_epoch=11 | stop=61 | final_phase_epochs=51 | acc=0.5000 | bal_acc=0.5000 | pred_hist=[0, 8] | collapse=True
[2026-05-27 16:17:52]     spatial_conv=[4, 29] top_abs_channels=[('Pz', 0.1531657), ('O2', 0.14413223), ('T3', 0.12574905), ('T4', 0.12330712), ('CP3', 0.12012219), ('C3', 0.11869983), ('O1', 0.11832367), ('Fp1', 0.11416861)]
[2026-05-27 16:17:52]     spatial_update=delta_l2=0.04183936 max_abs=0.00543528 relative=0.03505663 changed=True

[2026-05-27 16:17:53] Fold 3/5 | subject=32
[2026-05-27 16:17:53]     Train: 32 | counts=[16, 16]
[2026-05-27 16:17:53]     Test:  8 | counts=[4, 4]
[2026-05-27 16:17:53]     Model: SignalJEPA_PreLocal | Pretrained: from_pretrained | Strategy: full
[2026-05-27 16:17:53]     Normalization: none | fit_scope=none
[2026-05-27 16:17:53]     Phase 1 (warmup): 2,170/16,010 params
[2026-05-27 16:17:53]     Phase 2 (full): 16,010/16,010 params
[2026-05-27 16:17:53]     Result | best_epoch=11 | stop=61 | final_phase_epochs=51 | acc=0.5000 | bal_acc=0.5000 | pred_hist=[0, 8] | collapse=True
[2026-05-27 16:17:53]     spatial_conv=[4, 29] top_abs_channels=[('Pz', 0.15518972), ('O2', 0.14391328), ('T3', 0.12552589), ('T4', 0.12335801), ('O1', 0.12105554), ('CP3', 0.11967741), ('C3', 0.11684394), ('Fp1', 0.11402982)]
[2026-05-27 16:17:53]     spatial_update=delta_l2=0.04268961 max_abs=0.00550289 relative=0.03576905 changed=True

[2026-05-27 16:17:53] Fold 4/5 | subject=32
[2026-05-27 16:17:53]     Train: 32 | counts=[16, 16]
[2026-05-27 16:17:53]     Test:  8 | counts=[4, 4]
[2026-05-27 16:17:53]     Model: SignalJEPA_PreLocal | Pretrained: from_pretrained | Strategy: full
[2026-05-27 16:17:53]     Normalization: none | fit_scope=none
[2026-05-27 16:17:53]     Phase 1 (warmup): 2,170/16,010 params
[2026-05-27 16:17:53]     Phase 2 (full): 16,010/16,010 params
[2026-05-27 16:17:54]     Result | best_epoch=11 | stop=61 | final_phase_epochs=51 | acc=0.5000 | bal_acc=0.5000 | pred_hist=[2, 6] | collapse=False
[2026-05-27 16:17:54]     spatial_conv=[4, 29] top_abs_channels=[('Pz', 0.15460989), ('O2', 0.14373702), ('T3', 0.12847634), ('T4', 0.12203215), ('CP3', 0.11937773), ('O1', 0.11860449), ('C3', 0.11718386), ('Fp1', 0.11343251)]
[2026-05-27 16:17:54]     spatial_update=delta_l2=0.03894251 max_abs=0.00544060 relative=0.03262940 changed=True

[2026-05-27 16:17:54] Fold 5/5 | subject=32
[2026-05-27 16:17:54]     Train: 32 | counts=[16, 16]
[2026-05-27 16:17:54]     Test:  8 | counts=[4, 4]
[2026-05-27 16:17:54]     Model: SignalJEPA_PreLocal | Pretrained: from_pretrained | Strategy: full
[2026-05-27 16:17:54]     Normalization: none | fit_scope=none
[2026-05-27 16:17:54]     Phase 1 (warmup): 2,170/16,010 params
[2026-05-27 16:17:54]     Phase 2 (full): 16,010/16,010 params
[2026-05-27 16:17:54]     Result | best_epoch=11 | stop=61 | final_phase_epochs=51 | acc=0.3750 | bal_acc=0.3750 | pred_hist=[1, 7] | collapse=False
[2026-05-27 16:17:54]     spatial_conv=[4, 29] top_abs_channels=[('Pz', 0.15199924), ('O2', 0.14265792), ('T3', 0.12603785), ('T4', 0.12257038), ('O1', 0.12168027), ('CP3', 0.12035349), ('C3', 0.11497115), ('Fp1', 0.11431932)]
[2026-05-27 16:17:54]     spatial_update=delta_l2=0.04005581 max_abs=0.00549451 relative=0.03356222 changed=True
[2026-05-27 16:17:54]   Subject 32: acc=0.4750±0.0500  bal_acc=0.4750±0.0500
[2026-05-27 16:17:54] \nSubject 33: 40 windows | class_counts=[20, 20]

[2026-05-27 16:17:55] Fold 1/5 | subject=33
[2026-05-27 16:17:55]     Train: 32 | counts=[16, 16]
[2026-05-27 16:17:55]     Test:  8 | counts=[4, 4]
[2026-05-27 16:17:55]     Model: SignalJEPA_PreLocal | Pretrained: from_pretrained | Strategy: full
[2026-05-27 16:17:55]     Normalization: none | fit_scope=none
[2026-05-27 16:17:55]     Phase 1 (warmup): 2,170/16,010 params
[2026-05-27 16:17:55]     Phase 2 (full): 16,010/16,010 params
[2026-05-27 16:17:55]     Result | best_epoch=11 | stop=61 | final_phase_epochs=51 | acc=0.5000 | bal_acc=0.5000 | pred_hist=[0, 8] | collapse=True
[2026-05-27 16:17:55]     spatial_conv=[4, 29] top_abs_channels=[('Pz', 0.15113892), ('O2', 0.1410217), ('T3', 0.12895644), ('O1', 0.12347352), ('CP3', 0.1219767), ('T4', 0.12125589), ('C3', 0.11417268), ('Fp1', 0.11345457)]
[2026-05-27 16:17:55]     spatial_update=delta_l2=0.04126478 max_abs=0.00549502 relative=0.03457520 changed=True

[2026-05-27 16:17:56] Fold 2/5 | subject=33
[2026-05-27 16:17:56]     Train: 32 | counts=[16, 16]
[2026-05-27 16:17:56]     Test:  8 | counts=[4, 4]
[2026-05-27 16:17:56]     Model: SignalJEPA_PreLocal | Pretrained: from_pretrained | Strategy: full
[2026-05-27 16:17:56]     Normalization: none | fit_scope=none
[2026-05-27 16:17:56]     Phase 1 (warmup): 2,170/16,010 params
[2026-05-27 16:17:56]     Phase 2 (full): 16,010/16,010 params
[2026-05-27 16:17:56]     Result | best_epoch=11 | stop=61 | final_phase_epochs=51 | acc=0.5000 | bal_acc=0.5000 | pred_hist=[0, 8] | collapse=True
[2026-05-27 16:17:56]     spatial_conv=[4, 29] top_abs_channels=[('Pz', 0.15426245), ('O2', 0.14183454), ('T3', 0.12660307), ('O1', 0.12429877), ('T4', 0.12356278), ('CP3', 0.12269185), ('C3', 0.11360192), ('Fp1', 0.11215565)]
[2026-05-27 16:17:56]     spatial_update=delta_l2=0.04206990 max_abs=0.00549760 relative=0.03524979 changed=True

[2026-05-27 16:17:57] Fold 3/5 | subject=33
[2026-05-27 16:17:57]     Train: 32 | counts=[16, 16]
[2026-05-27 16:17:57]     Test:  8 | counts=[4, 4]
[2026-05-27 16:17:57]     Model: SignalJEPA_PreLocal | Pretrained: from_pretrained | Strategy: full
[2026-05-27 16:17:57]     Normalization: none | fit_scope=none
[2026-05-27 16:17:57]     Phase 1 (warmup): 2,170/16,010 params
[2026-05-27 16:17:57]     Phase 2 (full): 16,010/16,010 params
[2026-05-27 16:17:57]     Result | best_epoch=11 | stop=61 | final_phase_epochs=51 | acc=0.3750 | bal_acc=0.3750 | pred_hist=[1, 7] | collapse=False
[2026-05-27 16:17:57]     spatial_conv=[4, 29] top_abs_channels=[('Pz', 0.15586737), ('O2', 0.14152846), ('T3', 0.12641829), ('O1', 0.12363364), ('CP3', 0.12203546), ('T4', 0.12198377), ('C3', 0.11136784), ('Fp1', 0.11070072)]
[2026-05-27 16:17:57]     spatial_update=delta_l2=0.04529527 max_abs=0.00552351 relative=0.03795229 changed=True

[2026-05-27 16:17:57] Fold 4/5 | subject=33
[2026-05-27 16:17:57]     Train: 32 | counts=[16, 16]
[2026-05-27 16:17:57]     Test:  8 | counts=[4, 4]
[2026-05-27 16:17:57]     Model: SignalJEPA_PreLocal | Pretrained: from_pretrained | Strategy: full
[2026-05-27 16:17:57]     Normalization: none | fit_scope=none
[2026-05-27 16:17:57]     Phase 1 (warmup): 2,170/16,010 params
[2026-05-27 16:17:58]     Phase 2 (full): 16,010/16,010 params
[2026-05-27 16:17:58]     Result | best_epoch=11 | stop=61 | final_phase_epochs=51 | acc=0.3750 | bal_acc=0.3750 | pred_hist=[3, 5] | collapse=False
[2026-05-27 16:17:58]     spatial_conv=[4, 29] top_abs_channels=[('Pz', 0.15179721), ('O2', 0.13949114), ('T3', 0.12850405), ('O1', 0.1255748), ('CP3', 0.12296274), ('T4', 0.12122013), ('C3', 0.11088269), ('CP4', 0.11056907)]
[2026-05-27 16:17:58]     spatial_update=delta_l2=0.04388847 max_abs=0.00549231 relative=0.03677355 changed=True

[2026-05-27 16:17:58] Fold 5/5 | subject=33
[2026-05-27 16:17:58]     Train: 32 | counts=[16, 16]
[2026-05-27 16:17:58]     Test:  8 | counts=[4, 4]
[2026-05-27 16:17:58]     Model: SignalJEPA_PreLocal | Pretrained: from_pretrained | Strategy: full
[2026-05-27 16:17:58]     Normalization: none | fit_scope=none
[2026-05-27 16:17:58]     Phase 1 (warmup): 2,170/16,010 params
[2026-05-27 16:17:58]     Phase 2 (full): 16,010/16,010 params
[2026-05-27 16:17:59]     Result | best_epoch=11 | stop=61 | final_phase_epochs=51 | acc=0.6250 | bal_acc=0.6250 | pred_hist=[1, 7] | collapse=False
[2026-05-27 16:17:59]     spatial_conv=[4, 29] top_abs_channels=[('Pz', 0.15054056), ('O2', 0.14061606), ('T3', 0.12728348), ('O1', 0.12397287), ('T4', 0.1226567), ('CP3', 0.12247412), ('C3', 0.11554539), ('Fp1', 0.11150183)]
[2026-05-27 16:17:59]     spatial_update=delta_l2=0.03774242 max_abs=0.00537606 relative=0.03162386 changed=True
[2026-05-27 16:17:59]   Subject 33: acc=0.4750±0.0935  bal_acc=0.4750±0.0935
[2026-05-27 16:17:59] \nSubject 34: 40 windows | class_counts=[20, 20]

[2026-05-27 16:17:59] Fold 1/5 | subject=34
[2026-05-27 16:17:59]     Train: 32 | counts=[16, 16]
[2026-05-27 16:17:59]     Test:  8 | counts=[4, 4]
[2026-05-27 16:17:59]     Model: SignalJEPA_PreLocal | Pretrained: from_pretrained | Strategy: full
[2026-05-27 16:17:59]     Normalization: none | fit_scope=none
[2026-05-27 16:17:59]     Phase 1 (warmup): 2,170/16,010 params
[2026-05-27 16:17:59]     Phase 2 (full): 16,010/16,010 params
[2026-05-27 16:18:00]     Result | best_epoch=45 | stop=95 | final_phase_epochs=85 | acc=0.7500 | bal_acc=0.7500 | pred_hist=[6, 2] | collapse=False
[2026-05-27 16:18:00]     spatial_conv=[4, 29] top_abs_channels=[('O2', 0.15293835), ('Pz', 0.15021576), ('T3', 0.13184436), ('O1', 0.12066805), ('T4', 0.11924097), ('CP4', 0.11821181), ('CP3', 0.11404973), ('C3', 0.11225858)]
[2026-05-27 16:18:00]     spatial_update=delta_l2=0.17539702 max_abs=0.02400049 relative=0.14696278 changed=True

[2026-05-27 16:18:00] Fold 2/5 | subject=34
[2026-05-27 16:18:00]     Train: 32 | counts=[16, 16]
[2026-05-27 16:18:00]     Test:  8 | counts=[4, 4]
[2026-05-27 16:18:00]     Model: SignalJEPA_PreLocal | Pretrained: from_pretrained | Strategy: full
[2026-05-27 16:18:00]     Normalization: none | fit_scope=none
[2026-05-27 16:18:00]     Phase 1 (warmup): 2,170/16,010 params
[2026-05-27 16:18:00]     Phase 2 (full): 16,010/16,010 params
[2026-05-27 16:18:01]     Result | best_epoch=116 | stop=165 | final_phase_epochs=155 | acc=0.6250 | bal_acc=0.6250 | pred_hist=[5, 3] | collapse=False
[2026-05-27 16:18:01]     spatial_conv=[4, 29] top_abs_channels=[('O2', 0.16549918), ('Pz', 0.14171496), ('T4', 0.13616848), ('O1', 0.1204832), ('CP3', 0.11540217), ('C3', 0.11531422), ('CP4', 0.11116544), ('FCz', 0.1101827)]
[2026-05-27 16:18:01]     spatial_update=delta_l2=0.23604515 max_abs=0.04620808 relative=0.19777903 changed=True

[2026-05-27 16:18:01] Fold 3/5 | subject=34
[2026-05-27 16:18:01]     Train: 32 | counts=[16, 16]
[2026-05-27 16:18:01]     Test:  8 | counts=[4, 4]
[2026-05-27 16:18:01]     Model: SignalJEPA_PreLocal | Pretrained: from_pretrained | Strategy: full
[2026-05-27 16:18:01]     Normalization: none | fit_scope=none
[2026-05-27 16:18:01]     Phase 1 (warmup): 2,170/16,010 params
[2026-05-27 16:18:01]     Phase 2 (full): 16,010/16,010 params
[2026-05-27 16:18:02]     Result | best_epoch=72 | stop=122 | final_phase_epochs=112 | acc=0.7500 | bal_acc=0.7500 | pred_hist=[2, 6] | collapse=False
[2026-05-27 16:18:02]     spatial_conv=[4, 29] top_abs_channels=[('O2', 0.16650183), ('Pz', 0.15111144), ('O1', 0.13893679), ('T3', 0.12760286), ('CP3', 0.12319806), ('CP4', 0.11569238), ('T4', 0.11499047), ('P4', 0.10619836)]
[2026-05-27 16:18:02]     spatial_update=delta_l2=0.22314538 max_abs=0.03934450 relative=0.18697048 changed=True

[2026-05-27 16:18:02] Fold 4/5 | subject=34
[2026-05-27 16:18:02]     Train: 32 | counts=[16, 16]
[2026-05-27 16:18:02]     Test:  8 | counts=[4, 4]
[2026-05-27 16:18:02]     Model: SignalJEPA_PreLocal | Pretrained: from_pretrained | Strategy: full
[2026-05-27 16:18:02]     Normalization: none | fit_scope=none
[2026-05-27 16:18:02]     Phase 1 (warmup): 2,170/16,010 params
[2026-05-27 16:18:02]     Phase 2 (full): 16,010/16,010 params
[2026-05-27 16:18:03]     Result | best_epoch=64 | stop=114 | final_phase_epochs=104 | acc=0.8750 | bal_acc=0.8750 | pred_hist=[5, 3] | collapse=False
[2026-05-27 16:18:03]     spatial_conv=[4, 29] top_abs_channels=[('Pz', 0.16588473), ('O2', 0.15287136), ('O1', 0.12938023), ('CP4', 0.12350968), ('Fz', 0.11976425), ('T4', 0.11673866), ('T3', 0.11353727), ('CP3', 0.10789187)]
[2026-05-27 16:18:03]     spatial_update=delta_l2=0.23441172 max_abs=0.03727814 relative=0.19641039 changed=True

[2026-05-27 16:18:03] Fold 5/5 | subject=34
[2026-05-27 16:18:03]     Train: 32 | counts=[16, 16]
[2026-05-27 16:18:03]     Test:  8 | counts=[4, 4]
[2026-05-27 16:18:03]     Model: SignalJEPA_PreLocal | Pretrained: from_pretrained | Strategy: full
[2026-05-27 16:18:03]     Normalization: none | fit_scope=none
[2026-05-27 16:18:03]     Phase 1 (warmup): 2,170/16,010 params
[2026-05-27 16:18:03]     Phase 2 (full): 16,010/16,010 params
[2026-05-27 16:18:04]     Result | best_epoch=44 | stop=94 | final_phase_epochs=84 | acc=0.7500 | bal_acc=0.7500 | pred_hist=[2, 6] | collapse=False
[2026-05-27 16:18:04]     spatial_conv=[4, 29] top_abs_channels=[('O2', 0.14960505), ('Pz', 0.14726906), ('O1', 0.12693498), ('T3', 0.12350281), ('T4', 0.12271748), ('CP4', 0.11754144), ('CP3', 0.11605115), ('C3', 0.11427644)]
[2026-05-27 16:18:04]     spatial_update=delta_l2=0.16632493 max_abs=0.02322140 relative=0.13936140 changed=True
[2026-05-27 16:18:04]   Subject 34: acc=0.7500±0.0791  bal_acc=0.7500±0.0791
[2026-05-27 16:18:04] \nSubject 35: 40 windows | class_counts=[20, 20]

[2026-05-27 16:18:04] Fold 1/5 | subject=35
[2026-05-27 16:18:04]     Train: 32 | counts=[16, 16]
[2026-05-27 16:18:04]     Test:  8 | counts=[4, 4]
[2026-05-27 16:18:04]     Model: SignalJEPA_PreLocal | Pretrained: from_pretrained | Strategy: full
[2026-05-27 16:18:04]     Normalization: none | fit_scope=none
[2026-05-27 16:18:04]     Phase 1 (warmup): 2,170/16,010 params
[2026-05-27 16:18:04]     Phase 2 (full): 16,010/16,010 params
[2026-05-27 16:18:04]     Result | best_epoch=42 | stop=92 | final_phase_epochs=82 | acc=0.3750 | bal_acc=0.3750 | pred_hist=[3, 5] | collapse=False
[2026-05-27 16:18:04]     spatial_conv=[4, 29] top_abs_channels=[('Pz', 0.14031568), ('O2', 0.13887575), ('O1', 0.12047242), ('C3', 0.12002017), ('T3', 0.11870108), ('T4', 0.1187001), ('CP3', 0.11716645), ('P3', 0.11492528)]
[2026-05-27 16:18:04]     spatial_update=delta_l2=0.12296844 max_abs=0.02207719 relative=0.10303359 changed=True

[2026-05-27 16:18:05] Fold 2/5 | subject=35
[2026-05-27 16:18:05]     Train: 32 | counts=[16, 16]
[2026-05-27 16:18:05]     Test:  8 | counts=[4, 4]
[2026-05-27 16:18:05]     Model: SignalJEPA_PreLocal | Pretrained: from_pretrained | Strategy: full
[2026-05-27 16:18:05]     Normalization: none | fit_scope=none
[2026-05-27 16:18:05]     Phase 1 (warmup): 2,170/16,010 params
[2026-05-27 16:18:05]     Phase 2 (full): 16,010/16,010 params
[2026-05-27 16:18:05]     Result | best_epoch=54 | stop=104 | final_phase_epochs=94 | acc=0.6250 | bal_acc=0.6250 | pred_hist=[1, 7] | collapse=False
[2026-05-27 16:18:05]     spatial_conv=[4, 29] top_abs_channels=[('Pz', 0.15766734), ('O2', 0.13309178), ('O1', 0.12437083), ('T4', 0.12425338), ('CP4', 0.11913172), ('T3', 0.11703148), ('C3', 0.11443277), ('P3', 0.11231868)]
[2026-05-27 16:18:05]     spatial_update=delta_l2=0.15925122 max_abs=0.02928172 relative=0.13343444 changed=True

[2026-05-27 16:18:06] Fold 3/5 | subject=35
[2026-05-27 16:18:06]     Train: 32 | counts=[16, 16]
[2026-05-27 16:18:06]     Test:  8 | counts=[4, 4]
[2026-05-27 16:18:06]     Model: SignalJEPA_PreLocal | Pretrained: from_pretrained | Strategy: full
[2026-05-27 16:18:06]     Normalization: none | fit_scope=none
[2026-05-27 16:18:06]     Phase 1 (warmup): 2,170/16,010 params
[2026-05-27 16:18:06]     Phase 2 (full): 16,010/16,010 params
[2026-05-27 16:18:06]     Result | best_epoch=47 | stop=97 | final_phase_epochs=87 | acc=0.6250 | bal_acc=0.6250 | pred_hist=[3, 5] | collapse=False
[2026-05-27 16:18:06]     spatial_conv=[4, 29] top_abs_channels=[('Pz', 0.151806), ('O2', 0.13255236), ('T4', 0.12226567), ('T3', 0.12194064), ('Fp1', 0.11680486), ('P3', 0.1134683), ('CP3', 0.11007717), ('C3', 0.1083976)]
[2026-05-27 16:18:06]     spatial_update=delta_l2=0.15640331 max_abs=0.02465807 relative=0.13104821 changed=True

[2026-05-27 16:18:07] Fold 4/5 | subject=35
[2026-05-27 16:18:07]     Train: 32 | counts=[16, 16]
[2026-05-27 16:18:07]     Test:  8 | counts=[4, 4]
[2026-05-27 16:18:07]     Model: SignalJEPA_PreLocal | Pretrained: from_pretrained | Strategy: full
[2026-05-27 16:18:07]     Normalization: none | fit_scope=none
[2026-05-27 16:18:07]     Phase 1 (warmup): 2,170/16,010 params
[2026-05-27 16:18:07]     Phase 2 (full): 16,010/16,010 params
[2026-05-27 16:18:07]     Result | best_epoch=39 | stop=89 | final_phase_epochs=79 | acc=0.6250 | bal_acc=0.6250 | pred_hist=[5, 3] | collapse=False
[2026-05-27 16:18:07]     spatial_conv=[4, 29] top_abs_channels=[('Pz', 0.15132853), ('O2', 0.14099549), ('T3', 0.11748113), ('T4', 0.11724211), ('CP3', 0.11349104), ('P3', 0.11197913), ('Fp1', 0.11071348), ('CP4', 0.10963178)]
[2026-05-27 16:18:07]     spatial_update=delta_l2=0.12291960 max_abs=0.02038364 relative=0.10299266 changed=True

[2026-05-27 16:18:08] Fold 5/5 | subject=35
[2026-05-27 16:18:08]     Train: 32 | counts=[16, 16]
[2026-05-27 16:18:08]     Test:  8 | counts=[4, 4]
[2026-05-27 16:18:08]     Model: SignalJEPA_PreLocal | Pretrained: from_pretrained | Strategy: full
[2026-05-27 16:18:08]     Normalization: none | fit_scope=none
[2026-05-27 16:18:08]     Phase 1 (warmup): 2,170/16,010 params
[2026-05-27 16:18:08]     Phase 2 (full): 16,010/16,010 params
[2026-05-27 16:18:08]     Result | best_epoch=36 | stop=86 | final_phase_epochs=76 | acc=0.7500 | bal_acc=0.7500 | pred_hist=[6, 2] | collapse=False
[2026-05-27 16:18:08]     spatial_conv=[4, 29] top_abs_channels=[('Pz', 0.15440772), ('O2', 0.13791037), ('T3', 0.12635216), ('CP4', 0.11825591), ('O1', 0.11518753), ('T4', 0.11469617), ('CP3', 0.11400314), ('Fp1', 0.11397953)]
[2026-05-27 16:18:08]     spatial_update=delta_l2=0.10402166 max_abs=0.01835725 relative=0.08715834 changed=True
[2026-05-27 16:18:08]   Subject 35: acc=0.6000±0.1225  bal_acc=0.6000±0.1225
[2026-05-27 16:18:08] \nSubject 36: 40 windows | class_counts=[20, 20]

[2026-05-27 16:18:09] Fold 1/5 | subject=36
[2026-05-27 16:18:09]     Train: 32 | counts=[16, 16]
[2026-05-27 16:18:09]     Test:  8 | counts=[4, 4]
[2026-05-27 16:18:09]     Model: SignalJEPA_PreLocal | Pretrained: from_pretrained | Strategy: full
[2026-05-27 16:18:09]     Normalization: none | fit_scope=none
[2026-05-27 16:18:09]     Phase 1 (warmup): 2,170/16,010 params
[2026-05-27 16:18:09]     Phase 2 (full): 16,010/16,010 params
[2026-05-27 16:18:09]     Result | best_epoch=11 | stop=61 | final_phase_epochs=51 | acc=0.5000 | bal_acc=0.5000 | pred_hist=[0, 8] | collapse=True
[2026-05-27 16:18:09]     spatial_conv=[4, 29] top_abs_channels=[('Pz', 0.15262482), ('O2', 0.1463168), ('T4', 0.12307493), ('T3', 0.12248692), ('O1', 0.1215876), ('CP3', 0.12141858), ('C3', 0.11435303), ('CP4', 0.11356424)]
[2026-05-27 16:18:09]     spatial_update=delta_l2=0.04211721 max_abs=0.00544159 relative=0.03528944 changed=True

[2026-05-27 16:18:09] Fold 2/5 | subject=36
[2026-05-27 16:18:09]     Train: 32 | counts=[16, 16]
[2026-05-27 16:18:09]     Test:  8 | counts=[4, 4]
[2026-05-27 16:18:09]     Model: SignalJEPA_PreLocal | Pretrained: from_pretrained | Strategy: full
[2026-05-27 16:18:09]     Normalization: none | fit_scope=none
[2026-05-27 16:18:09]     Phase 1 (warmup): 2,170/16,010 params
[2026-05-27 16:18:09]     Phase 2 (full): 16,010/16,010 params
[2026-05-27 16:18:10]     Result | best_epoch=55 | stop=105 | final_phase_epochs=95 | acc=0.3750 | bal_acc=0.3750 | pred_hist=[3, 5] | collapse=False
[2026-05-27 16:18:10]     spatial_conv=[4, 29] top_abs_channels=[('Pz', 0.16973968), ('O2', 0.15108122), ('CP4', 0.13345587), ('C3', 0.13216037), ('T4', 0.12557638), ('T3', 0.12266856), ('O1', 0.11974641), ('Fz', 0.118536)]
[2026-05-27 16:18:10]     spatial_update=delta_l2=0.17962286 max_abs=0.03037692 relative=0.15050355 changed=True

[2026-05-27 16:18:10] Fold 3/5 | subject=36
[2026-05-27 16:18:10]     Train: 32 | counts=[16, 16]
[2026-05-27 16:18:10]     Test:  8 | counts=[4, 4]
[2026-05-27 16:18:10]     Model: SignalJEPA_PreLocal | Pretrained: from_pretrained | Strategy: full
[2026-05-27 16:18:10]     Normalization: none | fit_scope=none
[2026-05-27 16:18:10]     Phase 1 (warmup): 2,170/16,010 params
[2026-05-27 16:18:10]     Phase 2 (full): 16,010/16,010 params
[2026-05-27 16:18:10]     Result | best_epoch=11 | stop=61 | final_phase_epochs=51 | acc=0.5000 | bal_acc=0.5000 | pred_hist=[0, 8] | collapse=True
[2026-05-27 16:18:10]     spatial_conv=[4, 29] top_abs_channels=[('Pz', 0.15276253), ('O2', 0.14769068), ('T3', 0.12516449), ('T4', 0.12086637), ('O1', 0.12085925), ('CP3', 0.12016866), ('C3', 0.11547783), ('CP4', 0.11412828)]
[2026-05-27 16:18:10]     spatial_update=delta_l2=0.04107096 max_abs=0.00545521 relative=0.03441280 changed=True

[2026-05-27 16:18:11] Fold 4/5 | subject=36
[2026-05-27 16:18:11]     Train: 32 | counts=[16, 16]
[2026-05-27 16:18:11]     Test:  8 | counts=[4, 4]
[2026-05-27 16:18:11]     Model: SignalJEPA_PreLocal | Pretrained: from_pretrained | Strategy: full
[2026-05-27 16:18:11]     Normalization: none | fit_scope=none
[2026-05-27 16:18:11]     Phase 1 (warmup): 2,170/16,010 params
[2026-05-27 16:18:11]     Phase 2 (full): 16,010/16,010 params
[2026-05-27 16:18:11]     Result | best_epoch=11 | stop=61 | final_phase_epochs=51 | acc=0.5000 | bal_acc=0.5000 | pred_hist=[0, 8] | collapse=True
[2026-05-27 16:18:11]     spatial_conv=[4, 29] top_abs_channels=[('Pz', 0.15264279), ('O2', 0.14774632), ('T3', 0.12271407), ('T4', 0.12268764), ('CP3', 0.12128194), ('O1', 0.1200303), ('CP4', 0.11290646), ('C3', 0.1128633)]
[2026-05-27 16:18:11]     spatial_update=delta_l2=0.04297604 max_abs=0.00549543 relative=0.03600904 changed=True

[2026-05-27 16:18:12] Fold 5/5 | subject=36
[2026-05-27 16:18:12]     Train: 32 | counts=[16, 16]
[2026-05-27 16:18:12]     Test:  8 | counts=[4, 4]
[2026-05-27 16:18:12]     Model: SignalJEPA_PreLocal | Pretrained: from_pretrained | Strategy: full
[2026-05-27 16:18:12]     Normalization: none | fit_scope=none
[2026-05-27 16:18:12]     Phase 1 (warmup): 2,170/16,010 params
[2026-05-27 16:18:12]     Phase 2 (full): 16,010/16,010 params
[2026-05-27 16:18:12]     Result | best_epoch=11 | stop=61 | final_phase_epochs=51 | acc=0.5000 | bal_acc=0.5000 | pred_hist=[0, 8] | collapse=True
[2026-05-27 16:18:12]     spatial_conv=[4, 29] top_abs_channels=[('Pz', 0.15420857), ('O2', 0.14558131), ('T4', 0.12553775), ('T3', 0.12299859), ('O1', 0.11933076), ('CP3', 0.11812504), ('C3', 0.1143032), ('CP4', 0.11360612)]
[2026-05-27 16:18:12]     spatial_update=delta_l2=0.04051742 max_abs=0.00546433 relative=0.03394900 changed=True
[2026-05-27 16:18:12]   Subject 36: acc=0.4750±0.0500  bal_acc=0.4750±0.0500
[2026-05-27 16:18:12] \nSubject 37: 40 windows | class_counts=[20, 20]

[2026-05-27 16:18:13] Fold 1/5 | subject=37
[2026-05-27 16:18:13]     Train: 32 | counts=[16, 16]
[2026-05-27 16:18:13]     Test:  8 | counts=[4, 4]
[2026-05-27 16:18:13]     Model: SignalJEPA_PreLocal | Pretrained: from_pretrained | Strategy: full
[2026-05-27 16:18:13]     Normalization: none | fit_scope=none
[2026-05-27 16:18:13]     Phase 1 (warmup): 2,170/16,010 params
[2026-05-27 16:18:13]     Phase 2 (full): 16,010/16,010 params
[2026-05-27 16:18:13]     Result | best_epoch=23 | stop=73 | final_phase_epochs=63 | acc=0.6250 | bal_acc=0.6250 | pred_hist=[1, 7] | collapse=False
[2026-05-27 16:18:13]     spatial_conv=[4, 29] top_abs_channels=[('Pz', 0.15060046), ('O2', 0.14984547), ('T3', 0.12588355), ('O1', 0.12112548), ('CP3', 0.11966445), ('T4', 0.11927281), ('C3', 0.11678448), ('CP4', 0.11107346)]
[2026-05-27 16:18:13]     spatial_update=delta_l2=0.05156546 max_abs=0.01097383 relative=0.04320600 changed=True

[2026-05-27 16:18:13] Fold 2/5 | subject=37
[2026-05-27 16:18:13]     Train: 32 | counts=[16, 16]
[2026-05-27 16:18:13]     Test:  8 | counts=[4, 4]
[2026-05-27 16:18:13]     Model: SignalJEPA_PreLocal | Pretrained: from_pretrained | Strategy: full
[2026-05-27 16:18:13]     Normalization: none | fit_scope=none
[2026-05-27 16:18:13]     Phase 1 (warmup): 2,170/16,010 params
[2026-05-27 16:18:13]     Phase 2 (full): 16,010/16,010 params
[2026-05-27 16:18:14]     Result | best_epoch=51 | stop=101 | final_phase_epochs=91 | acc=0.6250 | bal_acc=0.6250 | pred_hist=[5, 3] | collapse=False
[2026-05-27 16:18:14]     spatial_conv=[4, 29] top_abs_channels=[('O2', 0.1541037), ('Pz', 0.14208487), ('T3', 0.1399679), ('O1', 0.12396118), ('P3', 0.12149523), ('C3', 0.11560052), ('T4', 0.11535627), ('CP3', 0.11308305)]
[2026-05-27 16:18:14]     spatial_update=delta_l2=0.15867494 max_abs=0.02715417 relative=0.13295157 changed=True

[2026-05-27 16:18:14] Fold 3/5 | subject=37
[2026-05-27 16:18:14]     Train: 32 | counts=[16, 16]
[2026-05-27 16:18:14]     Test:  8 | counts=[4, 4]
[2026-05-27 16:18:14]     Model: SignalJEPA_PreLocal | Pretrained: from_pretrained | Strategy: full
[2026-05-27 16:18:14]     Normalization: none | fit_scope=none
[2026-05-27 16:18:14]     Phase 1 (warmup): 2,170/16,010 params
[2026-05-27 16:18:14]     Phase 2 (full): 16,010/16,010 params
[2026-05-27 16:18:15]     Result | best_epoch=31 | stop=81 | final_phase_epochs=71 | acc=0.7500 | bal_acc=0.7500 | pred_hist=[6, 2] | collapse=False
[2026-05-27 16:18:15]     spatial_conv=[4, 29] top_abs_channels=[('O2', 0.1515356), ('Pz', 0.14857092), ('T3', 0.12692708), ('T4', 0.12449089), ('O1', 0.12280733), ('CP3', 0.11845395), ('C3', 0.11511305), ('P3', 0.11306949)]
[2026-05-27 16:18:15]     spatial_update=delta_l2=0.08493322 max_abs=0.01488909 relative=0.07116439 changed=True

[2026-05-27 16:18:15] Fold 4/5 | subject=37
[2026-05-27 16:18:15]     Train: 32 | counts=[16, 16]
[2026-05-27 16:18:15]     Test:  8 | counts=[4, 4]
[2026-05-27 16:18:15]     Model: SignalJEPA_PreLocal | Pretrained: from_pretrained | Strategy: full
[2026-05-27 16:18:15]     Normalization: none | fit_scope=none
[2026-05-27 16:18:15]     Phase 1 (warmup): 2,170/16,010 params
[2026-05-27 16:18:15]     Phase 2 (full): 16,010/16,010 params
[2026-05-27 16:18:16]     Result | best_epoch=33 | stop=83 | final_phase_epochs=73 | acc=0.3750 | bal_acc=0.3750 | pred_hist=[3, 5] | collapse=False
[2026-05-27 16:18:16]     spatial_conv=[4, 29] top_abs_channels=[('Pz', 0.15499604), ('O2', 0.14435442), ('T3', 0.13061427), ('O1', 0.12808724), ('CP3', 0.12264867), ('C3', 0.12114517), ('T4', 0.12112978), ('P3', 0.11909501)]
[2026-05-27 16:18:16]     spatial_update=delta_l2=0.10308750 max_abs=0.01571970 relative=0.08637561 changed=True

[2026-05-27 16:18:16] Fold 5/5 | subject=37
[2026-05-27 16:18:16]     Train: 32 | counts=[16, 16]
[2026-05-27 16:18:16]     Test:  8 | counts=[4, 4]
[2026-05-27 16:18:16]     Model: SignalJEPA_PreLocal | Pretrained: from_pretrained | Strategy: full
[2026-05-27 16:18:16]     Normalization: none | fit_scope=none
[2026-05-27 16:18:16]     Phase 1 (warmup): 2,170/16,010 params
[2026-05-27 16:18:16]     Phase 2 (full): 16,010/16,010 params
[2026-05-27 16:18:16]     Result | best_epoch=11 | stop=61 | final_phase_epochs=51 | acc=0.5000 | bal_acc=0.5000 | pred_hist=[0, 8] | collapse=True
[2026-05-27 16:18:16]     spatial_conv=[4, 29] top_abs_channels=[('Pz', 0.15089203), ('O2', 0.14506313), ('T3', 0.12691419), ('T4', 0.12410104), ('O1', 0.12344171), ('CP3', 0.12006642), ('C3', 0.11686738), ('Fp1', 0.11045611)]
[2026-05-27 16:18:16]     spatial_update=delta_l2=0.03641248 max_abs=0.00545567 relative=0.03050952 changed=True
[2026-05-27 16:18:16]   Subject 37: acc=0.5750±0.1275  bal_acc=0.5750±0.1275
[2026-05-27 16:18:16] \nSubject 38: 40 windows | class_counts=[20, 20]

[2026-05-27 16:18:17] Fold 1/5 | subject=38
[2026-05-27 16:18:17]     Train: 32 | counts=[16, 16]
[2026-05-27 16:18:17]     Test:  8 | counts=[4, 4]
[2026-05-27 16:18:17]     Model: SignalJEPA_PreLocal | Pretrained: from_pretrained | Strategy: full
[2026-05-27 16:18:17]     Normalization: none | fit_scope=none
[2026-05-27 16:18:17]     Phase 1 (warmup): 2,170/16,010 params
[2026-05-27 16:18:17]     Phase 2 (full): 16,010/16,010 params
[2026-05-27 16:18:17]     Result | best_epoch=44 | stop=94 | final_phase_epochs=84 | acc=0.5000 | bal_acc=0.5000 | pred_hist=[6, 2] | collapse=False
[2026-05-27 16:18:17]     spatial_conv=[4, 29] top_abs_channels=[('Pz', 0.15691295), ('O2', 0.13443926), ('T3', 0.13178256), ('T4', 0.11869028), ('CP3', 0.11746594), ('Fp1', 0.11494651), ('Fz', 0.11415446), ('O1', 0.10865598)]
[2026-05-27 16:18:17]     spatial_update=delta_l2=0.15544180 max_abs=0.02346133 relative=0.13024257 changed=True

[2026-05-27 16:18:18] Fold 2/5 | subject=38
[2026-05-27 16:18:18]     Train: 32 | counts=[16, 16]
[2026-05-27 16:18:18]     Test:  8 | counts=[4, 4]
[2026-05-27 16:18:18]     Model: SignalJEPA_PreLocal | Pretrained: from_pretrained | Strategy: full
[2026-05-27 16:18:18]     Normalization: none | fit_scope=none
[2026-05-27 16:18:18]     Phase 1 (warmup): 2,170/16,010 params
[2026-05-27 16:18:18]     Phase 2 (full): 16,010/16,010 params
[2026-05-27 16:18:18]     Result | best_epoch=46 | stop=96 | final_phase_epochs=86 | acc=0.7500 | bal_acc=0.7500 | pred_hist=[4, 4] | collapse=False
[2026-05-27 16:18:18]     spatial_conv=[4, 29] top_abs_channels=[('Pz', 0.15246977), ('O2', 0.13681215), ('T3', 0.13321078), ('T4', 0.12756218), ('CP3', 0.11679693), ('Fz', 0.11572441), ('Fp1', 0.11367164), ('O1', 0.11042932)]
[2026-05-27 16:18:18]     spatial_update=delta_l2=0.15089214 max_abs=0.02403353 relative=0.12643047 changed=True

[2026-05-27 16:18:19] Fold 3/5 | subject=38
[2026-05-27 16:18:19]     Train: 32 | counts=[16, 16]
[2026-05-27 16:18:19]     Test:  8 | counts=[4, 4]
[2026-05-27 16:18:19]     Model: SignalJEPA_PreLocal | Pretrained: from_pretrained | Strategy: full
[2026-05-27 16:18:19]     Normalization: none | fit_scope=none
[2026-05-27 16:18:19]     Phase 1 (warmup): 2,170/16,010 params
[2026-05-27 16:18:19]     Phase 2 (full): 16,010/16,010 params
[2026-05-27 16:18:19]     Result | best_epoch=55 | stop=105 | final_phase_epochs=95 | acc=0.7500 | bal_acc=0.7500 | pred_hist=[2, 6] | collapse=False
[2026-05-27 16:18:19]     spatial_conv=[4, 29] top_abs_channels=[('Pz', 0.16220227), ('O2', 0.1401969), ('T3', 0.13033843), ('T4', 0.1229364), ('CP3', 0.11800143), ('O1', 0.11687072), ('Fz', 0.11260034), ('P4', 0.11236042)]
[2026-05-27 16:18:19]     spatial_update=delta_l2=0.17470062 max_abs=0.02978903 relative=0.14637928 changed=True

[2026-05-27 16:18:20] Fold 4/5 | subject=38
[2026-05-27 16:18:20]     Train: 32 | counts=[16, 16]
[2026-05-27 16:18:20]     Test:  8 | counts=[4, 4]
[2026-05-27 16:18:20]     Model: SignalJEPA_PreLocal | Pretrained: from_pretrained | Strategy: full
[2026-05-27 16:18:20]     Normalization: none | fit_scope=none
[2026-05-27 16:18:20]     Phase 1 (warmup): 2,170/16,010 params
[2026-05-27 16:18:20]     Phase 2 (full): 16,010/16,010 params
[2026-05-27 16:18:20]     Result | best_epoch=43 | stop=93 | final_phase_epochs=83 | acc=0.8750 | bal_acc=0.8750 | pred_hist=[3, 5] | collapse=False
[2026-05-27 16:18:20]     spatial_conv=[4, 29] top_abs_channels=[('Pz', 0.15425006), ('O2', 0.13319714), ('T3', 0.12819439), ('T4', 0.12194914), ('CP3', 0.11655854), ('Fz', 0.1133225), ('O1', 0.11318043), ('T5', 0.11163741)]
[2026-05-27 16:18:20]     spatial_update=delta_l2=0.13555458 max_abs=0.02233606 relative=0.11357934 changed=True

[2026-05-27 16:18:21] Fold 5/5 | subject=38
[2026-05-27 16:18:21]     Train: 32 | counts=[16, 16]
[2026-05-27 16:18:21]     Test:  8 | counts=[4, 4]
[2026-05-27 16:18:21]     Model: SignalJEPA_PreLocal | Pretrained: from_pretrained | Strategy: full
[2026-05-27 16:18:21]     Normalization: none | fit_scope=none
[2026-05-27 16:18:21]     Phase 1 (warmup): 2,170/16,010 params
[2026-05-27 16:18:21]     Phase 2 (full): 16,010/16,010 params
[2026-05-27 16:18:21]     Result | best_epoch=61 | stop=111 | final_phase_epochs=101 | acc=0.8750 | bal_acc=0.8750 | pred_hist=[3, 5] | collapse=False
[2026-05-27 16:18:21]     spatial_conv=[4, 29] top_abs_channels=[('Pz', 0.16246054), ('O2', 0.13528231), ('T4', 0.12975559), ('O1', 0.12641862), ('T3', 0.1182968), ('Fz', 0.1151648), ('CP3', 0.11201103), ('C3', 0.1084317)]
[2026-05-27 16:18:21]     spatial_update=delta_l2=0.18952442 max_abs=0.03423849 relative=0.15879994 changed=True
[2026-05-27 16:18:21]   Subject 38: acc=0.7500±0.1369  bal_acc=0.7500±0.1369
[2026-05-27 16:18:21] \nSubject 39: 40 windows | class_counts=[20, 20]

[2026-05-27 16:18:22] Fold 1/5 | subject=39
[2026-05-27 16:18:22]     Train: 32 | counts=[16, 16]
[2026-05-27 16:18:22]     Test:  8 | counts=[4, 4]
[2026-05-27 16:18:22]     Model: SignalJEPA_PreLocal | Pretrained: from_pretrained | Strategy: full
[2026-05-27 16:18:22]     Normalization: none | fit_scope=none
[2026-05-27 16:18:22]     Phase 1 (warmup): 2,170/16,010 params
[2026-05-27 16:18:22]     Phase 2 (full): 16,010/16,010 params
[2026-05-27 16:18:22]     Result | best_epoch=30 | stop=80 | final_phase_epochs=70 | acc=0.7500 | bal_acc=0.7500 | pred_hist=[2, 6] | collapse=False
[2026-05-27 16:18:22]     spatial_conv=[4, 29] top_abs_channels=[('Pz', 0.14885035), ('O2', 0.14090976), ('CP3', 0.12850535), ('T3', 0.12683702), ('O1', 0.1228379), ('T4', 0.12201976), ('CP4', 0.11176102), ('C3', 0.11104381)]
[2026-05-27 16:18:22]     spatial_update=delta_l2=0.07616549 max_abs=0.01292146 relative=0.06381803 changed=True

[2026-05-27 16:18:22] Fold 2/5 | subject=39
[2026-05-27 16:18:22]     Train: 32 | counts=[16, 16]
[2026-05-27 16:18:22]     Test:  8 | counts=[4, 4]
[2026-05-27 16:18:22]     Model: SignalJEPA_PreLocal | Pretrained: from_pretrained | Strategy: full
[2026-05-27 16:18:22]     Normalization: none | fit_scope=none
[2026-05-27 16:18:22]     Phase 1 (warmup): 2,170/16,010 params
[2026-05-27 16:18:22]     Phase 2 (full): 16,010/16,010 params
[2026-05-27 16:18:23]     Result | best_epoch=11 | stop=61 | final_phase_epochs=51 | acc=0.3750 | bal_acc=0.3750 | pred_hist=[1, 7] | collapse=False
[2026-05-27 16:18:23]     spatial_conv=[4, 29] top_abs_channels=[('Pz', 0.150787), ('O2', 0.14287579), ('CP3', 0.12495205), ('T3', 0.12470415), ('O1', 0.12157254), ('T4', 0.11955918), ('C3', 0.11231947), ('CP4', 0.10976516)]
[2026-05-27 16:18:23]     spatial_update=delta_l2=0.03527971 max_abs=0.00511389 relative=0.02956039 changed=True

[2026-05-27 16:18:23] Fold 3/5 | subject=39
[2026-05-27 16:18:23]     Train: 32 | counts=[16, 16]
[2026-05-27 16:18:23]     Test:  8 | counts=[4, 4]
[2026-05-27 16:18:23]     Model: SignalJEPA_PreLocal | Pretrained: from_pretrained | Strategy: full
[2026-05-27 16:18:23]     Normalization: none | fit_scope=none
[2026-05-27 16:18:23]     Phase 1 (warmup): 2,170/16,010 params
[2026-05-27 16:18:23]     Phase 2 (full): 16,010/16,010 params
[2026-05-27 16:18:23]     Result | best_epoch=11 | stop=61 | final_phase_epochs=51 | acc=0.7500 | bal_acc=0.7500 | pred_hist=[2, 6] | collapse=False
[2026-05-27 16:18:23]     spatial_conv=[4, 29] top_abs_channels=[('Pz', 0.14983927), ('O2', 0.14373943), ('T3', 0.12677503), ('CP3', 0.1245822), ('T4', 0.12268011), ('O1', 0.12260181), ('C3', 0.11285461), ('Fp1', 0.11025685)]
[2026-05-27 16:18:23]     spatial_update=delta_l2=0.04333836 max_abs=0.00553526 relative=0.03631262 changed=True

[2026-05-27 16:18:24] Fold 4/5 | subject=39
[2026-05-27 16:18:24]     Train: 32 | counts=[16, 16]
[2026-05-27 16:18:24]     Test:  8 | counts=[4, 4]
[2026-05-27 16:18:24]     Model: SignalJEPA_PreLocal | Pretrained: from_pretrained | Strategy: full
[2026-05-27 16:18:24]     Normalization: none | fit_scope=none
[2026-05-27 16:18:24]     Phase 1 (warmup): 2,170/16,010 params
[2026-05-27 16:18:24]     Phase 2 (full): 16,010/16,010 params
[2026-05-27 16:18:24]     Result | best_epoch=11 | stop=61 | final_phase_epochs=51 | acc=0.6250 | bal_acc=0.6250 | pred_hist=[1, 7] | collapse=False
[2026-05-27 16:18:24]     spatial_conv=[4, 29] top_abs_channels=[('Pz', 0.15019946), ('O2', 0.14474913), ('T3', 0.12628639), ('CP3', 0.12445448), ('T4', 0.12372709), ('O1', 0.12056202), ('C3', 0.11668602), ('CP4', 0.10961954)]
[2026-05-27 16:18:24]     spatial_update=delta_l2=0.03663499 max_abs=0.00545223 relative=0.03069596 changed=True

[2026-05-27 16:18:25] Fold 5/5 | subject=39
[2026-05-27 16:18:25]     Train: 32 | counts=[16, 16]
[2026-05-27 16:18:25]     Test:  8 | counts=[4, 4]
[2026-05-27 16:18:25]     Model: SignalJEPA_PreLocal | Pretrained: from_pretrained | Strategy: full
[2026-05-27 16:18:25]     Normalization: none | fit_scope=none
[2026-05-27 16:18:25]     Phase 1 (warmup): 2,170/16,010 params
[2026-05-27 16:18:25]     Phase 2 (full): 16,010/16,010 params
[2026-05-27 16:18:25]     Result | best_epoch=11 | stop=61 | final_phase_epochs=51 | acc=0.5000 | bal_acc=0.5000 | pred_hist=[0, 8] | collapse=True
[2026-05-27 16:18:25]     spatial_conv=[4, 29] top_abs_channels=[('Pz', 0.14991634), ('O2', 0.14252929), ('T3', 0.12750284), ('CP3', 0.12510127), ('O1', 0.12433982), ('T4', 0.1191971), ('C3', 0.11284566), ('CP4', 0.11249018)]
[2026-05-27 16:18:25]     spatial_update=delta_l2=0.03658577 max_abs=0.00543846 relative=0.03065472 changed=True
[2026-05-27 16:18:25]   Subject 39: acc=0.6000±0.1458  bal_acc=0.6000±0.1458
[2026-05-27 16:18:25] \nSubject 40: 40 windows | class_counts=[20, 20]

[2026-05-27 16:18:26] Fold 1/5 | subject=40
[2026-05-27 16:18:26]     Train: 32 | counts=[16, 16]
[2026-05-27 16:18:26]     Test:  8 | counts=[4, 4]
[2026-05-27 16:18:26]     Model: SignalJEPA_PreLocal | Pretrained: from_pretrained | Strategy: full
[2026-05-27 16:18:26]     Normalization: none | fit_scope=none
[2026-05-27 16:18:26]     Phase 1 (warmup): 2,170/16,010 params
[2026-05-27 16:18:26]     Phase 2 (full): 16,010/16,010 params
[2026-05-27 16:18:26]     Result | best_epoch=11 | stop=61 | final_phase_epochs=51 | acc=0.6250 | bal_acc=0.6250 | pred_hist=[3, 5] | collapse=False
[2026-05-27 16:18:26]     spatial_conv=[4, 29] top_abs_channels=[('Pz', 0.15549451), ('O2', 0.14282091), ('T3', 0.12866171), ('O1', 0.12458286), ('T4', 0.12324077), ('CP3', 0.11997215), ('C3', 0.11674674), ('CP4', 0.11197257)]
[2026-05-27 16:18:26]     spatial_update=delta_l2=0.03670454 max_abs=0.00550257 relative=0.03075423 changed=True

[2026-05-27 16:18:26] Fold 2/5 | subject=40
[2026-05-27 16:18:26]     Train: 32 | counts=[16, 16]
[2026-05-27 16:18:26]     Test:  8 | counts=[4, 4]
[2026-05-27 16:18:26]     Model: SignalJEPA_PreLocal | Pretrained: from_pretrained | Strategy: full
[2026-05-27 16:18:26]     Normalization: none | fit_scope=none
[2026-05-27 16:18:26]     Phase 1 (warmup): 2,170/16,010 params
[2026-05-27 16:18:26]     Phase 2 (full): 16,010/16,010 params
[2026-05-27 16:18:27]     Result | best_epoch=11 | stop=61 | final_phase_epochs=51 | acc=0.7500 | bal_acc=0.7500 | pred_hist=[4, 4] | collapse=False
[2026-05-27 16:18:27]     spatial_conv=[4, 29] top_abs_channels=[('Pz', 0.15466285), ('O2', 0.1429527), ('T3', 0.12576398), ('O1', 0.12376226), ('T4', 0.12157197), ('CP3', 0.11885299), ('C3', 0.1177581), ('CP4', 0.11255464)]
[2026-05-27 16:18:27]     spatial_update=delta_l2=0.03996320 max_abs=0.00548066 relative=0.03348462 changed=True

[2026-05-27 16:18:27] Fold 3/5 | subject=40
[2026-05-27 16:18:27]     Train: 32 | counts=[16, 16]
[2026-05-27 16:18:27]     Test:  8 | counts=[4, 4]
[2026-05-27 16:18:27]     Model: SignalJEPA_PreLocal | Pretrained: from_pretrained | Strategy: full
[2026-05-27 16:18:27]     Normalization: none | fit_scope=none
[2026-05-27 16:18:27]     Phase 1 (warmup): 2,170/16,010 params
[2026-05-27 16:18:27]     Phase 2 (full): 16,010/16,010 params
[2026-05-27 16:18:28]     Result | best_epoch=13 | stop=62 | final_phase_epochs=52 | acc=0.7500 | bal_acc=0.7500 | pred_hist=[4, 4] | collapse=False
[2026-05-27 16:18:28]     spatial_conv=[4, 29] top_abs_channels=[('Pz', 0.15521204), ('O2', 0.14229171), ('T3', 0.12893721), ('O1', 0.12414661), ('T4', 0.12355638), ('CP3', 0.11958532), ('C3', 0.11633577), ('Fp1', 0.11359811)]
[2026-05-27 16:18:28]     spatial_update=delta_l2=0.03681048 max_abs=0.00598153 relative=0.03084300 changed=True

[2026-05-27 16:18:28] Fold 4/5 | subject=40
[2026-05-27 16:18:28]     Train: 32 | counts=[16, 16]
[2026-05-27 16:18:28]     Test:  8 | counts=[4, 4]
[2026-05-27 16:18:28]     Model: SignalJEPA_PreLocal | Pretrained: from_pretrained | Strategy: full
[2026-05-27 16:18:28]     Normalization: none | fit_scope=none
[2026-05-27 16:18:28]     Phase 1 (warmup): 2,170/16,010 params
[2026-05-27 16:18:28]     Phase 2 (full): 16,010/16,010 params
[2026-05-27 16:18:28]     Result | best_epoch=14 | stop=64 | final_phase_epochs=54 | acc=0.7500 | bal_acc=0.7500 | pred_hist=[2, 6] | collapse=False
[2026-05-27 16:18:28]     spatial_conv=[4, 29] top_abs_channels=[('Pz', 0.1564424), ('O2', 0.14151078), ('T3', 0.12869373), ('O1', 0.12466674), ('T4', 0.12372445), ('CP3', 0.11985746), ('C3', 0.11677067), ('Fp1', 0.11511377)]
[2026-05-27 16:18:28]     spatial_update=delta_l2=0.03891478 max_abs=0.00697519 relative=0.03260617 changed=True

[2026-05-27 16:18:29] Fold 5/5 | subject=40
[2026-05-27 16:18:29]     Train: 32 | counts=[16, 16]
[2026-05-27 16:18:29]     Test:  8 | counts=[4, 4]
[2026-05-27 16:18:29]     Model: SignalJEPA_PreLocal | Pretrained: from_pretrained | Strategy: full
[2026-05-27 16:18:29]     Normalization: none | fit_scope=none
[2026-05-27 16:18:29]     Phase 1 (warmup): 2,170/16,010 params
[2026-05-27 16:18:29]     Phase 2 (full): 16,010/16,010 params
[2026-05-27 16:18:29]     Result | best_epoch=11 | stop=61 | final_phase_epochs=51 | acc=0.5000 | bal_acc=0.5000 | pred_hist=[0, 8] | collapse=True
[2026-05-27 16:18:29]     spatial_conv=[4, 29] top_abs_channels=[('Pz', 0.15259935), ('O2', 0.14232206), ('T3', 0.12682052), ('O1', 0.12381947), ('CP3', 0.12272714), ('T4', 0.12245819), ('C3', 0.11487544), ('Fp1', 0.11180609)]
[2026-05-27 16:18:29]     spatial_update=delta_l2=0.03723277 max_abs=0.00550826 relative=0.03119683 changed=True
[2026-05-27 16:18:29]   Subject 40: acc=0.6750±0.1000  bal_acc=0.6750±0.1000
[2026-05-27 16:18:29] \nSubject 41: 40 windows | class_counts=[20, 20]

[2026-05-27 16:18:30] Fold 1/5 | subject=41
[2026-05-27 16:18:30]     Train: 32 | counts=[16, 16]
[2026-05-27 16:18:30]     Test:  8 | counts=[4, 4]
[2026-05-27 16:18:30]     Model: SignalJEPA_PreLocal | Pretrained: from_pretrained | Strategy: full
[2026-05-27 16:18:30]     Normalization: none | fit_scope=none
[2026-05-27 16:18:30]     Phase 1 (warmup): 2,170/16,010 params
[2026-05-27 16:18:30]     Phase 2 (full): 16,010/16,010 params
[2026-05-27 16:18:30]     Result | best_epoch=49 | stop=99 | final_phase_epochs=89 | acc=0.3750 | bal_acc=0.3750 | pred_hist=[5, 3] | collapse=False
[2026-05-27 16:18:30]     spatial_conv=[4, 29] top_abs_channels=[('Pz', 0.15623374), ('O2', 0.14491978), ('CP3', 0.13031667), ('O1', 0.12457582), ('T4', 0.1202589), ('T3', 0.118821), ('Fz', 0.11591463), ('C3', 0.113658)]
[2026-05-27 16:18:30]     spatial_update=delta_l2=0.14306137 max_abs=0.02576860 relative=0.11986917 changed=True

[2026-05-27 16:18:30] Fold 2/5 | subject=41
[2026-05-27 16:18:30]     Train: 32 | counts=[16, 16]
[2026-05-27 16:18:30]     Test:  8 | counts=[4, 4]
[2026-05-27 16:18:30]     Model: SignalJEPA_PreLocal | Pretrained: from_pretrained | Strategy: full
[2026-05-27 16:18:30]     Normalization: none | fit_scope=none
[2026-05-27 16:18:30]     Phase 1 (warmup): 2,170/16,010 params
[2026-05-27 16:18:30]     Phase 2 (full): 16,010/16,010 params
[2026-05-27 16:18:31]     Result | best_epoch=47 | stop=97 | final_phase_epochs=87 | acc=0.6250 | bal_acc=0.6250 | pred_hist=[3, 5] | collapse=False
[2026-05-27 16:18:31]     spatial_conv=[4, 29] top_abs_channels=[('O2', 0.15155543), ('Pz', 0.14632365), ('T3', 0.13039261), ('O1', 0.12446155), ('CP3', 0.12304499), ('T4', 0.11666887), ('Fz', 0.11142388), ('CP4', 0.11120457)]
[2026-05-27 16:18:31]     spatial_update=delta_l2=0.14127320 max_abs=0.02430350 relative=0.11837089 changed=True

[2026-05-27 16:18:31] Fold 3/5 | subject=41
[2026-05-27 16:18:31]     Train: 32 | counts=[16, 16]
[2026-05-27 16:18:31]     Test:  8 | counts=[4, 4]
[2026-05-27 16:18:31]     Model: SignalJEPA_PreLocal | Pretrained: from_pretrained | Strategy: full
[2026-05-27 16:18:31]     Normalization: none | fit_scope=none
[2026-05-27 16:18:31]     Phase 1 (warmup): 2,170/16,010 params
[2026-05-27 16:18:31]     Phase 2 (full): 16,010/16,010 params
[2026-05-27 16:18:52]     Result | best_epoch=5010 | stop=5010 | final_phase_epochs=5000 | acc=0.3750 | bal_acc=0.3750 | pred_hist=[7, 1] | collapse=False
[2026-05-27 16:18:52]     spatial_conv=[4, 29] top_abs_channels=[('Pz', 0.16626354), ('CP3', 0.14122859), ('O1', 0.13363084), ('P3', 0.1328447), ('O2', 0.13081273), ('CP4', 0.13029076), ('Fz', 0.12963587), ('T4', 0.11484133)]
[2026-05-27 16:18:52]     spatial_update=delta_l2=0.31311077 max_abs=0.05398281 relative=0.26235126 changed=True

[2026-05-27 16:18:53] Fold 4/5 | subject=41
[2026-05-27 16:18:53]     Train: 32 | counts=[16, 16]
[2026-05-27 16:18:53]     Test:  8 | counts=[4, 4]
[2026-05-27 16:18:53]     Model: SignalJEPA_PreLocal | Pretrained: from_pretrained | Strategy: full
[2026-05-27 16:18:53]     Normalization: none | fit_scope=none
[2026-05-27 16:18:53]     Phase 1 (warmup): 2,170/16,010 params
[2026-05-27 16:18:53]     Phase 2 (full): 16,010/16,010 params
[2026-05-27 16:18:53]     Result | best_epoch=23 | stop=73 | final_phase_epochs=63 | acc=0.7500 | bal_acc=0.7500 | pred_hist=[6, 2] | collapse=False
[2026-05-27 16:18:53]     spatial_conv=[4, 29] top_abs_channels=[('Pz', 0.15494706), ('O2', 0.14342703), ('CP3', 0.12948728), ('T3', 0.12317224), ('T4', 0.1223429), ('O1', 0.12185194), ('CP4', 0.11463968), ('C3', 0.11288867)]
[2026-05-27 16:18:53]     spatial_update=delta_l2=0.06243953 max_abs=0.01103332 relative=0.05231723 changed=True

[2026-05-27 16:18:54] Fold 5/5 | subject=41
[2026-05-27 16:18:54]     Train: 32 | counts=[16, 16]
[2026-05-27 16:18:54]     Test:  8 | counts=[4, 4]
[2026-05-27 16:18:54]     Model: SignalJEPA_PreLocal | Pretrained: from_pretrained | Strategy: full
[2026-05-27 16:18:54]     Normalization: none | fit_scope=none
[2026-05-27 16:18:54]     Phase 1 (warmup): 2,170/16,010 params
[2026-05-27 16:18:54]     Phase 2 (full): 16,010/16,010 params
[2026-05-27 16:18:54]     Result | best_epoch=14 | stop=64 | final_phase_epochs=54 | acc=0.5000 | bal_acc=0.5000 | pred_hist=[2, 6] | collapse=False
[2026-05-27 16:18:54]     spatial_conv=[4, 29] top_abs_channels=[('Pz', 0.15297744), ('O2', 0.14317283), ('T3', 0.12483262), ('O1', 0.12362211), ('CP3', 0.12267242), ('T4', 0.12065509), ('C3', 0.11609946), ('Fp1', 0.11397162)]
[2026-05-27 16:18:54]     spatial_update=delta_l2=0.04973874 max_abs=0.00683162 relative=0.04167541 changed=True
[2026-05-27 16:18:54]   Subject 41: acc=0.5250±0.1458  bal_acc=0.5250±0.1458
[2026-05-27 16:18:54] \nSubject 42: 40 windows | class_counts=[20, 20]

[2026-05-27 16:18:54] Fold 1/5 | subject=42
[2026-05-27 16:18:54]     Train: 32 | counts=[16, 16]
[2026-05-27 16:18:54]     Test:  8 | counts=[4, 4]
[2026-05-27 16:18:54]     Model: SignalJEPA_PreLocal | Pretrained: from_pretrained | Strategy: full
[2026-05-27 16:18:54]     Normalization: none | fit_scope=none
[2026-05-27 16:18:54]     Phase 1 (warmup): 2,170/16,010 params
[2026-05-27 16:18:54]     Phase 2 (full): 16,010/16,010 params
[2026-05-27 16:18:55]     Result | best_epoch=58 | stop=108 | final_phase_epochs=98 | acc=0.3750 | bal_acc=0.3750 | pred_hist=[5, 3] | collapse=False
[2026-05-27 16:18:55]     spatial_conv=[4, 29] top_abs_channels=[('Pz', 0.1762573), ('O2', 0.14784139), ('O1', 0.12604094), ('T3', 0.12248001), ('T4', 0.11716338), ('CP3', 0.11016437), ('P4', 0.1098503), ('FCz', 0.10828054)]
[2026-05-27 16:18:55]     spatial_update=delta_l2=0.19976150 max_abs=0.03104798 relative=0.16737745 changed=True

[2026-05-27 16:18:55] Fold 2/5 | subject=42
[2026-05-27 16:18:55]     Train: 32 | counts=[16, 16]
[2026-05-27 16:18:55]     Test:  8 | counts=[4, 4]
[2026-05-27 16:18:55]     Model: SignalJEPA_PreLocal | Pretrained: from_pretrained | Strategy: full
[2026-05-27 16:18:55]     Normalization: none | fit_scope=none
[2026-05-27 16:18:55]     Phase 1 (warmup): 2,170/16,010 params
[2026-05-27 16:18:55]     Phase 2 (full): 16,010/16,010 params
[2026-05-27 16:18:56]     Result | best_epoch=67 | stop=117 | final_phase_epochs=107 | acc=0.7500 | bal_acc=0.7500 | pred_hist=[2, 6] | collapse=False
[2026-05-27 16:18:56]     spatial_conv=[4, 29] top_abs_channels=[('Pz', 0.14750971), ('O2', 0.14170769), ('T4', 0.1379358), ('CP3', 0.12389489), ('O1', 0.12197611), ('Fp1', 0.11393581), ('FCz', 0.11380254), ('T3', 0.11273151)]
[2026-05-27 16:18:56]     spatial_update=delta_l2=0.20648728 max_abs=0.03717915 relative=0.17301288 changed=True

[2026-05-27 16:18:56] Fold 3/5 | subject=42
[2026-05-27 16:18:56]     Train: 32 | counts=[16, 16]
[2026-05-27 16:18:56]     Test:  8 | counts=[4, 4]
[2026-05-27 16:18:56]     Model: SignalJEPA_PreLocal | Pretrained: from_pretrained | Strategy: full
[2026-05-27 16:18:56]     Normalization: none | fit_scope=none
[2026-05-27 16:18:56]     Phase 1 (warmup): 2,170/16,010 params
[2026-05-27 16:18:56]     Phase 2 (full): 16,010/16,010 params
[2026-05-27 16:18:57]     Result | best_epoch=11 | stop=61 | final_phase_epochs=51 | acc=0.5000 | bal_acc=0.5000 | pred_hist=[2, 6] | collapse=False
[2026-05-27 16:18:57]     spatial_conv=[4, 29] top_abs_channels=[('Pz', 0.1564468), ('O2', 0.14285141), ('T3', 0.12992996), ('O1', 0.12399106), ('T4', 0.12307384), ('CP3', 0.11963832), ('C3', 0.11319828), ('Fp1', 0.11127797)]
[2026-05-27 16:18:57]     spatial_update=delta_l2=0.03810833 max_abs=0.00546387 relative=0.03193045 changed=True

[2026-05-27 16:18:57] Fold 4/5 | subject=42
[2026-05-27 16:18:57]     Train: 32 | counts=[16, 16]
[2026-05-27 16:18:57]     Test:  8 | counts=[4, 4]
[2026-05-27 16:18:57]     Model: SignalJEPA_PreLocal | Pretrained: from_pretrained | Strategy: full
[2026-05-27 16:18:57]     Normalization: none | fit_scope=none
[2026-05-27 16:18:57]     Phase 1 (warmup): 2,170/16,010 params
[2026-05-27 16:18:57]     Phase 2 (full): 16,010/16,010 params
[2026-05-27 16:18:57]     Result | best_epoch=11 | stop=61 | final_phase_epochs=51 | acc=0.5000 | bal_acc=0.5000 | pred_hist=[0, 8] | collapse=True
[2026-05-27 16:18:57]     spatial_conv=[4, 29] top_abs_channels=[('Pz', 0.15593046), ('O2', 0.14373234), ('T3', 0.12925), ('T4', 0.12102526), ('CP3', 0.12100436), ('O1', 0.12095915), ('C3', 0.11328501), ('Fp1', 0.11062931)]
[2026-05-27 16:18:57]     spatial_update=delta_l2=0.04143404 max_abs=0.00552401 relative=0.03471702 changed=True

[2026-05-27 16:18:58] Fold 5/5 | subject=42
[2026-05-27 16:18:58]     Train: 32 | counts=[16, 16]
[2026-05-27 16:18:58]     Test:  8 | counts=[4, 4]
[2026-05-27 16:18:58]     Model: SignalJEPA_PreLocal | Pretrained: from_pretrained | Strategy: full
[2026-05-27 16:18:58]     Normalization: none | fit_scope=none
[2026-05-27 16:18:58]     Phase 1 (warmup): 2,170/16,010 params
[2026-05-27 16:18:58]     Phase 2 (full): 16,010/16,010 params
[2026-05-27 16:18:58]     Result | best_epoch=11 | stop=61 | final_phase_epochs=51 | acc=0.6250 | bal_acc=0.6250 | pred_hist=[1, 7] | collapse=False
[2026-05-27 16:18:58]     spatial_conv=[4, 29] top_abs_channels=[('Pz', 0.1554244), ('O2', 0.14403123), ('T3', 0.12655462), ('T4', 0.12515262), ('O1', 0.12123467), ('CP3', 0.12017702), ('C3', 0.11338642), ('Fp1', 0.11279177)]
[2026-05-27 16:18:58]     spatial_update=delta_l2=0.03997340 max_abs=0.00541964 relative=0.03349317 changed=True
[2026-05-27 16:18:58]   Subject 42: acc=0.5500±0.1275  bal_acc=0.5500±0.1275
[2026-05-27 16:18:58] \nSubject 43: 40 windows | class_counts=[20, 20]

[2026-05-27 16:18:59] Fold 1/5 | subject=43
[2026-05-27 16:18:59]     Train: 32 | counts=[16, 16]
[2026-05-27 16:18:59]     Test:  8 | counts=[4, 4]
[2026-05-27 16:18:59]     Model: SignalJEPA_PreLocal | Pretrained: from_pretrained | Strategy: full
[2026-05-27 16:18:59]     Normalization: none | fit_scope=none
[2026-05-27 16:18:59]     Phase 1 (warmup): 2,170/16,010 params
[2026-05-27 16:18:59]     Phase 2 (full): 16,010/16,010 params
[2026-05-27 16:18:59]     Result | best_epoch=11 | stop=61 | final_phase_epochs=51 | acc=0.3750 | bal_acc=0.3750 | pred_hist=[1, 7] | collapse=False
[2026-05-27 16:18:59]     spatial_conv=[4, 29] top_abs_channels=[('Pz', 0.15467329), ('O2', 0.14104135), ('T3', 0.12552613), ('O1', 0.12523854), ('T4', 0.11920612), ('CP3', 0.11857364), ('C3', 0.11513603), ('Fp1', 0.11199896)]
[2026-05-27 16:18:59]     spatial_update=delta_l2=0.04179556 max_abs=0.00542278 relative=0.03501993 changed=True

[2026-05-27 16:18:59] Fold 2/5 | subject=43
[2026-05-27 16:18:59]     Train: 32 | counts=[16, 16]
[2026-05-27 16:18:59]     Test:  8 | counts=[4, 4]
[2026-05-27 16:18:59]     Model: SignalJEPA_PreLocal | Pretrained: from_pretrained | Strategy: full
[2026-05-27 16:18:59]     Normalization: none | fit_scope=none
[2026-05-27 16:18:59]     Phase 1 (warmup): 2,170/16,010 params
[2026-05-27 16:18:59]     Phase 2 (full): 16,010/16,010 params
[2026-05-27 16:19:00]     Result | best_epoch=11 | stop=61 | final_phase_epochs=51 | acc=0.5000 | bal_acc=0.5000 | pred_hist=[0, 8] | collapse=True
[2026-05-27 16:19:00]     spatial_conv=[4, 29] top_abs_channels=[('Pz', 0.15196988), ('O2', 0.14282545), ('T3', 0.12801547), ('O1', 0.12535721), ('T4', 0.12145619), ('CP3', 0.11840375), ('C3', 0.115671), ('Fp1', 0.11321172)]
[2026-05-27 16:19:00]     spatial_update=delta_l2=0.04065893 max_abs=0.00551724 relative=0.03406757 changed=True

[2026-05-27 16:19:00] Fold 3/5 | subject=43
[2026-05-27 16:19:00]     Train: 32 | counts=[16, 16]
[2026-05-27 16:19:00]     Test:  8 | counts=[4, 4]
[2026-05-27 16:19:00]     Model: SignalJEPA_PreLocal | Pretrained: from_pretrained | Strategy: full
[2026-05-27 16:19:00]     Normalization: none | fit_scope=none
[2026-05-27 16:19:00]     Phase 1 (warmup): 2,170/16,010 params
[2026-05-27 16:19:00]     Phase 2 (full): 16,010/16,010 params
[2026-05-27 16:19:00]     Result | best_epoch=71 | stop=121 | final_phase_epochs=111 | acc=0.3750 | bal_acc=0.3750 | pred_hist=[5, 3] | collapse=False
[2026-05-27 16:19:00]     spatial_conv=[4, 29] top_abs_channels=[('Pz', 0.15544495), ('T3', 0.15175189), ('O2', 0.14227937), ('CP4', 0.12383286), ('CP3', 0.11818078), ('Fz', 0.1172964), ('Fp1', 0.11347748), ('P3', 0.11310178)]
[2026-05-27 16:19:00]     spatial_update=delta_l2=0.20931003 max_abs=0.03560387 relative=0.17537802 changed=True

[2026-05-27 16:19:01] Fold 4/5 | subject=43
[2026-05-27 16:19:01]     Train: 32 | counts=[16, 16]
[2026-05-27 16:19:01]     Test:  8 | counts=[4, 4]
[2026-05-27 16:19:01]     Model: SignalJEPA_PreLocal | Pretrained: from_pretrained | Strategy: full
[2026-05-27 16:19:01]     Normalization: none | fit_scope=none
[2026-05-27 16:19:01]     Phase 1 (warmup): 2,170/16,010 params
[2026-05-27 16:19:01]     Phase 2 (full): 16,010/16,010 params
[2026-05-27 16:19:01]     Result | best_epoch=11 | stop=61 | final_phase_epochs=51 | acc=0.3750 | bal_acc=0.3750 | pred_hist=[1, 7] | collapse=False
[2026-05-27 16:19:01]     spatial_conv=[4, 29] top_abs_channels=[('Pz', 0.15338765), ('O2', 0.14421923), ('T3', 0.12821239), ('O1', 0.12450714), ('CP3', 0.11945316), ('T4', 0.11839292), ('C3', 0.11496328), ('CP4', 0.11069198)]
[2026-05-27 16:19:01]     spatial_update=delta_l2=0.03923692 max_abs=0.00547059 relative=0.03287608 changed=True

[2026-05-27 16:19:02] Fold 5/5 | subject=43
[2026-05-27 16:19:02]     Train: 32 | counts=[16, 16]
[2026-05-27 16:19:02]     Test:  8 | counts=[4, 4]
[2026-05-27 16:19:02]     Model: SignalJEPA_PreLocal | Pretrained: from_pretrained | Strategy: full
[2026-05-27 16:19:02]     Normalization: none | fit_scope=none
[2026-05-27 16:19:02]     Phase 1 (warmup): 2,170/16,010 params
[2026-05-27 16:19:02]     Phase 2 (full): 16,010/16,010 params
[2026-05-27 16:19:02]     Result | best_epoch=11 | stop=61 | final_phase_epochs=51 | acc=0.6250 | bal_acc=0.6250 | pred_hist=[1, 7] | collapse=False
[2026-05-27 16:19:02]     spatial_conv=[4, 29] top_abs_channels=[('Pz', 0.15322633), ('O2', 0.14083751), ('T3', 0.13092169), ('O1', 0.12284586), ('CP3', 0.1197986), ('T4', 0.11972021), ('C3', 0.11558029), ('Fp1', 0.11131158)]
[2026-05-27 16:19:02]     spatial_update=delta_l2=0.04004179 max_abs=0.00540376 relative=0.03355047 changed=True
[2026-05-27 16:19:02]   Subject 43: acc=0.4500±0.1000  bal_acc=0.4500±0.1000
[2026-05-27 16:19:02] \nSubject 44: 40 windows | class_counts=[20, 20]

[2026-05-27 16:19:02] Fold 1/5 | subject=44
[2026-05-27 16:19:02]     Train: 32 | counts=[16, 16]
[2026-05-27 16:19:02]     Test:  8 | counts=[4, 4]
[2026-05-27 16:19:02]     Model: SignalJEPA_PreLocal | Pretrained: from_pretrained | Strategy: full
[2026-05-27 16:19:02]     Normalization: none | fit_scope=none
[2026-05-27 16:19:02]     Phase 1 (warmup): 2,170/16,010 params
[2026-05-27 16:19:03]     Phase 2 (full): 16,010/16,010 params
[2026-05-27 16:19:03]     Result | best_epoch=41 | stop=91 | final_phase_epochs=81 | acc=0.7500 | bal_acc=0.7500 | pred_hist=[4, 4] | collapse=False
[2026-05-27 16:19:03]     spatial_conv=[4, 29] top_abs_channels=[('Pz', 0.14740987), ('O2', 0.14088896), ('C3', 0.12701988), ('T3', 0.12653957), ('CP3', 0.12534207), ('O1', 0.11887206), ('P3', 0.11721635), ('CP4', 0.1136543)]
[2026-05-27 16:19:03]     spatial_update=delta_l2=0.13265540 max_abs=0.02038163 relative=0.11115015 changed=True

[2026-05-27 16:19:03] Fold 2/5 | subject=44
[2026-05-27 16:19:03]     Train: 32 | counts=[16, 16]
[2026-05-27 16:19:03]     Test:  8 | counts=[4, 4]
[2026-05-27 16:19:03]     Model: SignalJEPA_PreLocal | Pretrained: from_pretrained | Strategy: full
[2026-05-27 16:19:03]     Normalization: none | fit_scope=none
[2026-05-27 16:19:03]     Phase 1 (warmup): 2,170/16,010 params
[2026-05-27 16:19:03]     Phase 2 (full): 16,010/16,010 params
[2026-05-27 16:19:04]     Result | best_epoch=11 | stop=61 | final_phase_epochs=51 | acc=0.6250 | bal_acc=0.6250 | pred_hist=[1, 7] | collapse=False
[2026-05-27 16:19:04]     spatial_conv=[4, 29] top_abs_channels=[('Pz', 0.15340883), ('O2', 0.14241369), ('T3', 0.12759106), ('O1', 0.12137601), ('T4', 0.11981356), ('C3', 0.11930637), ('CP3', 0.11845119), ('CP4', 0.11313615)]
[2026-05-27 16:19:04]     spatial_update=delta_l2=0.04210576 max_abs=0.00543841 relative=0.03527985 changed=True

[2026-05-27 16:19:04] Fold 3/5 | subject=44
[2026-05-27 16:19:04]     Train: 32 | counts=[16, 16]
[2026-05-27 16:19:04]     Test:  8 | counts=[4, 4]
[2026-05-27 16:19:04]     Model: SignalJEPA_PreLocal | Pretrained: from_pretrained | Strategy: full
[2026-05-27 16:19:04]     Normalization: none | fit_scope=none
[2026-05-27 16:19:04]     Phase 1 (warmup): 2,170/16,010 params
[2026-05-27 16:19:04]     Phase 2 (full): 16,010/16,010 params
[2026-05-27 16:19:04]     Result | best_epoch=11 | stop=61 | final_phase_epochs=51 | acc=0.6250 | bal_acc=0.6250 | pred_hist=[1, 7] | collapse=False
[2026-05-27 16:19:04]     spatial_conv=[4, 29] top_abs_channels=[('Pz', 0.15318245), ('O2', 0.14286865), ('T3', 0.12435085), ('O1', 0.12200478), ('CP3', 0.12193434), ('T4', 0.12001055), ('C3', 0.11556207), ('CP4', 0.11149971)]
[2026-05-27 16:19:04]     spatial_update=delta_l2=0.04240199 max_abs=0.00550587 relative=0.03552805 changed=True

[2026-05-27 16:19:05] Fold 4/5 | subject=44
[2026-05-27 16:19:05]     Train: 32 | counts=[16, 16]
[2026-05-27 16:19:05]     Test:  8 | counts=[4, 4]
[2026-05-27 16:19:05]     Model: SignalJEPA_PreLocal | Pretrained: from_pretrained | Strategy: full
[2026-05-27 16:19:05]     Normalization: none | fit_scope=none
[2026-05-27 16:19:05]     Phase 1 (warmup): 2,170/16,010 params
[2026-05-27 16:19:05]     Phase 2 (full): 16,010/16,010 params
[2026-05-27 16:19:05]     Result | best_epoch=11 | stop=61 | final_phase_epochs=51 | acc=0.5000 | bal_acc=0.5000 | pred_hist=[0, 8] | collapse=True
[2026-05-27 16:19:05]     spatial_conv=[4, 29] top_abs_channels=[('Pz', 0.1521517), ('O2', 0.1432967), ('T3', 0.12381121), ('CP3', 0.12167737), ('O1', 0.12118405), ('T4', 0.12025213), ('C3', 0.11764806), ('CP4', 0.11529735)]
[2026-05-27 16:19:05]     spatial_update=delta_l2=0.04297658 max_abs=0.00550215 relative=0.03600949 changed=True

[2026-05-27 16:19:06] Fold 5/5 | subject=44
[2026-05-27 16:19:06]     Train: 32 | counts=[16, 16]
[2026-05-27 16:19:06]     Test:  8 | counts=[4, 4]
[2026-05-27 16:19:06]     Model: SignalJEPA_PreLocal | Pretrained: from_pretrained | Strategy: full
[2026-05-27 16:19:06]     Normalization: none | fit_scope=none
[2026-05-27 16:19:06]     Phase 1 (warmup): 2,170/16,010 params
[2026-05-27 16:19:06]     Phase 2 (full): 16,010/16,010 params
[2026-05-27 16:19:06]     Result | best_epoch=11 | stop=61 | final_phase_epochs=51 | acc=0.3750 | bal_acc=0.3750 | pred_hist=[1, 7] | collapse=False
[2026-05-27 16:19:06]     spatial_conv=[4, 29] top_abs_channels=[('Pz', 0.15092577), ('O2', 0.14448987), ('T3', 0.12434265), ('CP3', 0.12174328), ('O1', 0.1213143), ('T4', 0.11972636), ('C3', 0.11811043), ('CP4', 0.11494194)]
[2026-05-27 16:19:06]     spatial_update=delta_l2=0.04523673 max_abs=0.00549442 relative=0.03790324 changed=True
[2026-05-27 16:19:06]   Subject 44: acc=0.5750±0.1275  bal_acc=0.5750±0.1275
[2026-05-27 16:19:06] \nSubject 45: 40 windows | class_counts=[20, 20]

[2026-05-27 16:19:07] Fold 1/5 | subject=45
[2026-05-27 16:19:07]     Train: 32 | counts=[16, 16]
[2026-05-27 16:19:07]     Test:  8 | counts=[4, 4]
[2026-05-27 16:19:07]     Model: SignalJEPA_PreLocal | Pretrained: from_pretrained | Strategy: full
[2026-05-27 16:19:07]     Normalization: none | fit_scope=none
[2026-05-27 16:19:07]     Phase 1 (warmup): 2,170/16,010 params
[2026-05-27 16:19:07]     Phase 2 (full): 16,010/16,010 params
[2026-05-27 16:19:07]     Result | best_epoch=11 | stop=61 | final_phase_epochs=51 | acc=0.5000 | bal_acc=0.5000 | pred_hist=[0, 8] | collapse=True
[2026-05-27 16:19:07]     spatial_conv=[4, 29] top_abs_channels=[('Pz', 0.15338056), ('O2', 0.14429994), ('T3', 0.12744023), ('T4', 0.12343673), ('CP3', 0.1227808), ('O1', 0.12023615), ('C3', 0.11503237), ('Fp1', 0.10903796)]
[2026-05-27 16:19:07]     spatial_update=delta_l2=0.03807374 max_abs=0.00542857 relative=0.03190147 changed=True

[2026-05-27 16:19:08] Fold 2/5 | subject=45
[2026-05-27 16:19:08]     Train: 32 | counts=[16, 16]
[2026-05-27 16:19:08]     Test:  8 | counts=[4, 4]
[2026-05-27 16:19:08]     Model: SignalJEPA_PreLocal | Pretrained: from_pretrained | Strategy: full
[2026-05-27 16:19:08]     Normalization: none | fit_scope=none
[2026-05-27 16:19:08]     Phase 1 (warmup): 2,170/16,010 params
[2026-05-27 16:19:08]     Phase 2 (full): 16,010/16,010 params
[2026-05-27 16:19:08]     Result | best_epoch=45 | stop=95 | final_phase_epochs=85 | acc=0.3750 | bal_acc=0.3750 | pred_hist=[5, 3] | collapse=False
[2026-05-27 16:19:08]     spatial_conv=[4, 29] top_abs_channels=[('Pz', 0.1613), ('O2', 0.15050696), ('C3', 0.13018262), ('T3', 0.12410086), ('O1', 0.1209171), ('T4', 0.11563128), ('CP3', 0.11371882), ('CP4', 0.10842192)]
[2026-05-27 16:19:08]     spatial_update=delta_l2=0.15113719 max_abs=0.02405097 relative=0.12663580 changed=True

[2026-05-27 16:19:08] Fold 3/5 | subject=45
[2026-05-27 16:19:08]     Train: 32 | counts=[16, 16]
[2026-05-27 16:19:08]     Test:  8 | counts=[4, 4]
[2026-05-27 16:19:08]     Model: SignalJEPA_PreLocal | Pretrained: from_pretrained | Strategy: full
[2026-05-27 16:19:08]     Normalization: none | fit_scope=none
[2026-05-27 16:19:08]     Phase 1 (warmup): 2,170/16,010 params
[2026-05-27 16:19:08]     Phase 2 (full): 16,010/16,010 params
[2026-05-27 16:19:09]     Result | best_epoch=23 | stop=72 | final_phase_epochs=62 | acc=0.1250 | bal_acc=0.1250 | pred_hist=[5, 3] | collapse=False
[2026-05-27 16:19:09]     spatial_conv=[4, 29] top_abs_channels=[('O2', 0.15134373), ('Pz', 0.147644), ('CP3', 0.12878954), ('T3', 0.12600987), ('T4', 0.12159213), ('C3', 0.11675684), ('O1', 0.11606008), ('P4', 0.11217213)]
[2026-05-27 16:19:09]     spatial_update=delta_l2=0.08127023 max_abs=0.01080463 relative=0.06809522 changed=True

[2026-05-27 16:19:09] Fold 4/5 | subject=45
[2026-05-27 16:19:09]     Train: 32 | counts=[16, 16]
[2026-05-27 16:19:09]     Test:  8 | counts=[4, 4]
[2026-05-27 16:19:09]     Model: SignalJEPA_PreLocal | Pretrained: from_pretrained | Strategy: full
[2026-05-27 16:19:09]     Normalization: none | fit_scope=none
[2026-05-27 16:19:09]     Phase 1 (warmup): 2,170/16,010 params
[2026-05-27 16:19:09]     Phase 2 (full): 16,010/16,010 params
[2026-05-27 16:19:10]     Result | best_epoch=78 | stop=128 | final_phase_epochs=118 | acc=0.3750 | bal_acc=0.3750 | pred_hist=[3, 5] | collapse=False
[2026-05-27 16:19:10]     spatial_conv=[4, 29] top_abs_channels=[('O2', 0.15856765), ('Pz', 0.14270739), ('T3', 0.14089644), ('FCz', 0.13131727), ('CP3', 0.1250491), ('CP4', 0.11546352), ('T4', 0.1144726), ('T5', 0.11043453)]
[2026-05-27 16:19:10]     spatial_update=delta_l2=0.26322349 max_abs=0.04535447 relative=0.22055139 changed=True

[2026-05-27 16:19:10] Fold 5/5 | subject=45
[2026-05-27 16:19:10]     Train: 32 | counts=[16, 16]
[2026-05-27 16:19:10]     Test:  8 | counts=[4, 4]
[2026-05-27 16:19:10]     Model: SignalJEPA_PreLocal | Pretrained: from_pretrained | Strategy: full
[2026-05-27 16:19:10]     Normalization: none | fit_scope=none
[2026-05-27 16:19:10]     Phase 1 (warmup): 2,170/16,010 params
[2026-05-27 16:19:10]     Phase 2 (full): 16,010/16,010 params
[2026-05-27 16:19:11]     Result | best_epoch=51 | stop=101 | final_phase_epochs=91 | acc=0.3750 | bal_acc=0.3750 | pred_hist=[5, 3] | collapse=False
[2026-05-27 16:19:11]     spatial_conv=[4, 29] top_abs_channels=[('Pz', 0.15604936), ('O2', 0.14587611), ('T4', 0.13450144), ('C3', 0.12879552), ('T5', 0.12119852), ('T3', 0.12062808), ('P4', 0.1125739), ('CP3', 0.11254992)]
[2026-05-27 16:19:11]     spatial_update=delta_l2=0.16952170 max_abs=0.02885588 relative=0.14203992 changed=True
[2026-05-27 16:19:11]   Subject 45: acc=0.3500±0.1225  bal_acc=0.3500±0.1225
[2026-05-27 16:19:11] \nSubject 46: 40 windows | class_counts=[20, 20]

[2026-05-27 16:19:11] Fold 1/5 | subject=46
[2026-05-27 16:19:11]     Train: 32 | counts=[16, 16]
[2026-05-27 16:19:11]     Test:  8 | counts=[4, 4]
[2026-05-27 16:19:11]     Model: SignalJEPA_PreLocal | Pretrained: from_pretrained | Strategy: full
[2026-05-27 16:19:11]     Normalization: none | fit_scope=none
[2026-05-27 16:19:11]     Phase 1 (warmup): 2,170/16,010 params
[2026-05-27 16:19:11]     Phase 2 (full): 16,010/16,010 params
[2026-05-27 16:19:11]     Result | best_epoch=45 | stop=95 | final_phase_epochs=85 | acc=0.6250 | bal_acc=0.6250 | pred_hist=[3, 5] | collapse=False
[2026-05-27 16:19:11]     spatial_conv=[4, 29] top_abs_channels=[('Pz', 0.15705299), ('O2', 0.13813324), ('T3', 0.13323446), ('O1', 0.13007705), ('T4', 0.1241397), ('P3', 0.11541997), ('Fp1', 0.11538824), ('CP3', 0.11313944)]
[2026-05-27 16:19:11]     spatial_update=delta_l2=0.14052754 max_abs=0.02306851 relative=0.11774612 changed=True

[2026-05-27 16:19:12] Fold 2/5 | subject=46
[2026-05-27 16:19:12]     Train: 32 | counts=[16, 16]
[2026-05-27 16:19:12]     Test:  8 | counts=[4, 4]
[2026-05-27 16:19:12]     Model: SignalJEPA_PreLocal | Pretrained: from_pretrained | Strategy: full
[2026-05-27 16:19:12]     Normalization: none | fit_scope=none
[2026-05-27 16:19:12]     Phase 1 (warmup): 2,170/16,010 params
[2026-05-27 16:19:12]     Phase 2 (full): 16,010/16,010 params
[2026-05-27 16:19:12]     Result | best_epoch=72 | stop=122 | final_phase_epochs=112 | acc=0.6250 | bal_acc=0.6250 | pred_hist=[1, 7] | collapse=False
[2026-05-27 16:19:12]     spatial_conv=[4, 29] top_abs_channels=[('Pz', 0.1656495), ('T3', 0.14714175), ('O2', 0.13550797), ('O1', 0.13542736), ('T4', 0.13095266), ('P4', 0.11221666), ('CP3', 0.11141546), ('P3', 0.10266845)]
[2026-05-27 16:19:12]     spatial_update=delta_l2=0.23741931 max_abs=0.04233661 relative=0.19893042 changed=True

[2026-05-27 16:19:13] Fold 3/5 | subject=46
[2026-05-27 16:19:13]     Train: 32 | counts=[16, 16]
[2026-05-27 16:19:13]     Test:  8 | counts=[4, 4]
[2026-05-27 16:19:13]     Model: SignalJEPA_PreLocal | Pretrained: from_pretrained | Strategy: full
[2026-05-27 16:19:13]     Normalization: none | fit_scope=none
[2026-05-27 16:19:13]     Phase 1 (warmup): 2,170/16,010 params
[2026-05-27 16:19:13]     Phase 2 (full): 16,010/16,010 params
[2026-05-27 16:19:33]     Result | best_epoch=5010 | stop=5010 | final_phase_epochs=5000 | acc=0.3750 | bal_acc=0.3750 | pred_hist=[7, 1] | collapse=False
[2026-05-27 16:19:33]     spatial_conv=[4, 29] top_abs_channels=[('Pz', 0.15047289), ('O2', 0.13844198), ('T4', 0.13511471), ('O1', 0.13271034), ('P4', 0.12185004), ('CP3', 0.11778808), ('T3', 0.11520489), ('P3', 0.11297641)]
[2026-05-27 16:19:33]     spatial_update=delta_l2=0.35104480 max_abs=0.05994478 relative=0.29413567 changed=True

[2026-05-27 16:19:34] Fold 4/5 | subject=46
[2026-05-27 16:19:34]     Train: 32 | counts=[16, 16]
[2026-05-27 16:19:34]     Test:  8 | counts=[4, 4]
[2026-05-27 16:19:34]     Model: SignalJEPA_PreLocal | Pretrained: from_pretrained | Strategy: full
[2026-05-27 16:19:34]     Normalization: none | fit_scope=none
[2026-05-27 16:19:34]     Phase 1 (warmup): 2,170/16,010 params
[2026-05-27 16:19:34]     Phase 2 (full): 16,010/16,010 params
[2026-05-27 16:19:35]     Result | best_epoch=72 | stop=122 | final_phase_epochs=112 | acc=0.6250 | bal_acc=0.6250 | pred_hist=[5, 3] | collapse=False
[2026-05-27 16:19:35]     spatial_conv=[4, 29] top_abs_channels=[('Pz', 0.15604222), ('O2', 0.14473391), ('O1', 0.13305278), ('T4', 0.12651965), ('CP4', 0.12388252), ('C3', 0.11873267), ('P3', 0.11659059), ('CP3', 0.1143482)]
[2026-05-27 16:19:35]     spatial_update=delta_l2=0.26211437 max_abs=0.04292280 relative=0.21962207 changed=True

[2026-05-27 16:19:35] Fold 5/5 | subject=46
[2026-05-27 16:19:35]     Train: 32 | counts=[16, 16]
[2026-05-27 16:19:35]     Test:  8 | counts=[4, 4]
[2026-05-27 16:19:35]     Model: SignalJEPA_PreLocal | Pretrained: from_pretrained | Strategy: full
[2026-05-27 16:19:35]     Normalization: none | fit_scope=none
[2026-05-27 16:19:35]     Phase 1 (warmup): 2,170/16,010 params
[2026-05-27 16:19:35]     Phase 2 (full): 16,010/16,010 params
[2026-05-27 16:19:35]     Result | best_epoch=54 | stop=104 | final_phase_epochs=94 | acc=0.5000 | bal_acc=0.5000 | pred_hist=[0, 8] | collapse=True
[2026-05-27 16:19:35]     spatial_conv=[4, 29] top_abs_channels=[('Pz', 0.15562749), ('O2', 0.14015099), ('T3', 0.12804338), ('O1', 0.12602925), ('T4', 0.12357388), ('CP3', 0.11681601), ('P3', 0.11493552), ('CP4', 0.11193025)]
[2026-05-27 16:19:35]     spatial_update=delta_l2=0.19773226 max_abs=0.02994619 relative=0.16567718 changed=True
[2026-05-27 16:19:35]   Subject 46: acc=0.5500±0.1000  bal_acc=0.5500±0.1000
[2026-05-27 16:19:35] \nSubject 47: 40 windows | class_counts=[20, 20]

[2026-05-27 16:19:36] Fold 1/5 | subject=47
[2026-05-27 16:19:36]     Train: 32 | counts=[16, 16]
[2026-05-27 16:19:36]     Test:  8 | counts=[4, 4]
[2026-05-27 16:19:36]     Model: SignalJEPA_PreLocal | Pretrained: from_pretrained | Strategy: full
[2026-05-27 16:19:36]     Normalization: none | fit_scope=none
[2026-05-27 16:19:36]     Phase 1 (warmup): 2,170/16,010 params
[2026-05-27 16:19:36]     Phase 2 (full): 16,010/16,010 params
[2026-05-27 16:19:36]     Result | best_epoch=11 | stop=61 | final_phase_epochs=51 | acc=0.5000 | bal_acc=0.5000 | pred_hist=[0, 8] | collapse=True
[2026-05-27 16:19:36]     spatial_conv=[4, 29] top_abs_channels=[('Pz', 0.15138178), ('O2', 0.14614727), ('T4', 0.12358297), ('T3', 0.12310845), ('CP3', 0.12298134), ('O1', 0.11915337), ('C3', 0.1160218), ('CP4', 0.10975199)]
[2026-05-27 16:19:36]     spatial_update=delta_l2=0.04040324 max_abs=0.00545239 relative=0.03385333 changed=True

[2026-05-27 16:19:37] Fold 2/5 | subject=47
[2026-05-27 16:19:37]     Train: 32 | counts=[16, 16]
[2026-05-27 16:19:37]     Test:  8 | counts=[4, 4]
[2026-05-27 16:19:37]     Model: SignalJEPA_PreLocal | Pretrained: from_pretrained | Strategy: full
[2026-05-27 16:19:37]     Normalization: none | fit_scope=none
[2026-05-27 16:19:37]     Phase 1 (warmup): 2,170/16,010 params
[2026-05-27 16:19:37]     Phase 2 (full): 16,010/16,010 params
[2026-05-27 16:19:37]     Result | best_epoch=11 | stop=61 | final_phase_epochs=51 | acc=0.5000 | bal_acc=0.5000 | pred_hist=[0, 8] | collapse=True
[2026-05-27 16:19:37]     spatial_conv=[4, 29] top_abs_channels=[('Pz', 0.15028624), ('O2', 0.14679839), ('T3', 0.12373105), ('T4', 0.12329428), ('CP3', 0.1212047), ('O1', 0.11871966), ('C3', 0.11708011), ('CP4', 0.10957153)]
[2026-05-27 16:19:37]     spatial_update=delta_l2=0.04508748 max_abs=0.00544193 relative=0.03777819 changed=True

[2026-05-27 16:19:38] Fold 3/5 | subject=47
[2026-05-27 16:19:38]     Train: 32 | counts=[16, 16]
[2026-05-27 16:19:38]     Test:  8 | counts=[4, 4]
[2026-05-27 16:19:38]     Model: SignalJEPA_PreLocal | Pretrained: from_pretrained | Strategy: full
[2026-05-27 16:19:38]     Normalization: none | fit_scope=none
[2026-05-27 16:19:38]     Phase 1 (warmup): 2,170/16,010 params
[2026-05-27 16:19:38]     Phase 2 (full): 16,010/16,010 params
[2026-05-27 16:19:38]     Result | best_epoch=12 | stop=62 | final_phase_epochs=52 | acc=0.3750 | bal_acc=0.3750 | pred_hist=[3, 5] | collapse=False
[2026-05-27 16:19:38]     spatial_conv=[4, 29] top_abs_channels=[('Pz', 0.15162769), ('O2', 0.14444314), ('T3', 0.12857071), ('CP3', 0.12285605), ('T4', 0.1209074), ('O1', 0.11977309), ('C3', 0.11606684), ('CP4', 0.11001453)]
[2026-05-27 16:19:38]     spatial_update=delta_l2=0.04442833 max_abs=0.00598015 relative=0.03722590 changed=True

[2026-05-27 16:19:39] Fold 4/5 | subject=47
[2026-05-27 16:19:39]     Train: 32 | counts=[16, 16]
[2026-05-27 16:19:39]     Test:  8 | counts=[4, 4]
[2026-05-27 16:19:39]     Model: SignalJEPA_PreLocal | Pretrained: from_pretrained | Strategy: full
[2026-05-27 16:19:39]     Normalization: none | fit_scope=none
[2026-05-27 16:19:39]     Phase 1 (warmup): 2,170/16,010 params
[2026-05-27 16:19:39]     Phase 2 (full): 16,010/16,010 params
[2026-05-27 16:19:39]     Result | best_epoch=11 | stop=61 | final_phase_epochs=51 | acc=0.5000 | bal_acc=0.5000 | pred_hist=[0, 8] | collapse=True
[2026-05-27 16:19:39]     spatial_conv=[4, 29] top_abs_channels=[('Pz', 0.1525545), ('O2', 0.14475445), ('T3', 0.12289453), ('T4', 0.1224459), ('CP3', 0.12145668), ('O1', 0.12084654), ('C3', 0.11655639), ('CP4', 0.11245003)]
[2026-05-27 16:19:39]     spatial_update=delta_l2=0.04129927 max_abs=0.00540113 relative=0.03460410 changed=True

[2026-05-27 16:19:39] Fold 5/5 | subject=47
[2026-05-27 16:19:39]     Train: 32 | counts=[16, 16]
[2026-05-27 16:19:39]     Test:  8 | counts=[4, 4]
[2026-05-27 16:19:39]     Model: SignalJEPA_PreLocal | Pretrained: from_pretrained | Strategy: full
[2026-05-27 16:19:39]     Normalization: none | fit_scope=none
[2026-05-27 16:19:39]     Phase 1 (warmup): 2,170/16,010 params
[2026-05-27 16:19:39]     Phase 2 (full): 16,010/16,010 params
[2026-05-27 16:19:40]     Result | best_epoch=11 | stop=61 | final_phase_epochs=51 | acc=0.5000 | bal_acc=0.5000 | pred_hist=[0, 8] | collapse=True
[2026-05-27 16:19:40]     spatial_conv=[4, 29] top_abs_channels=[('Pz', 0.14921649), ('O2', 0.14732663), ('T4', 0.12400186), ('CP3', 0.12384108), ('T3', 0.12329616), ('O1', 0.12069631), ('C3', 0.11611231), ('CP4', 0.11018432)]
[2026-05-27 16:19:40]     spatial_update=delta_l2=0.04228024 max_abs=0.00545954 relative=0.03542604 changed=True
[2026-05-27 16:19:40]   Subject 47: acc=0.4750±0.0500  bal_acc=0.4750±0.0500
[2026-05-27 16:19:40] \nSubject 48: 40 windows | class_counts=[20, 20]

[2026-05-27 16:19:40] Fold 1/5 | subject=48
[2026-05-27 16:19:40]     Train: 32 | counts=[16, 16]
[2026-05-27 16:19:40]     Test:  8 | counts=[4, 4]
[2026-05-27 16:19:40]     Model: SignalJEPA_PreLocal | Pretrained: from_pretrained | Strategy: full
[2026-05-27 16:19:40]     Normalization: none | fit_scope=none
[2026-05-27 16:19:40]     Phase 1 (warmup): 2,170/16,010 params
[2026-05-27 16:19:40]     Phase 2 (full): 16,010/16,010 params
[2026-05-27 16:19:40]     Result | best_epoch=11 | stop=61 | final_phase_epochs=51 | acc=0.5000 | bal_acc=0.5000 | pred_hist=[0, 8] | collapse=True
[2026-05-27 16:19:40]     spatial_conv=[4, 29] top_abs_channels=[('Pz', 0.15167737), ('O2', 0.14605039), ('T3', 0.12899137), ('CP3', 0.12298559), ('T4', 0.12296952), ('O1', 0.12236884), ('C3', 0.11417501), ('CP4', 0.10861457)]
[2026-05-27 16:19:40]     spatial_update=delta_l2=0.04113855 max_abs=0.00546405 relative=0.03446943 changed=True

[2026-05-27 16:19:41] Fold 2/5 | subject=48
[2026-05-27 16:19:41]     Train: 32 | counts=[16, 16]
[2026-05-27 16:19:41]     Test:  8 | counts=[4, 4]
[2026-05-27 16:19:41]     Model: SignalJEPA_PreLocal | Pretrained: from_pretrained | Strategy: full
[2026-05-27 16:19:41]     Normalization: none | fit_scope=none
[2026-05-27 16:19:41]     Phase 1 (warmup): 2,170/16,010 params
[2026-05-27 16:19:41]     Phase 2 (full): 16,010/16,010 params
[2026-05-27 16:19:42]     Result | best_epoch=111 | stop=160 | final_phase_epochs=150 | acc=0.7500 | bal_acc=0.7500 | pred_hist=[4, 4] | collapse=False
[2026-05-27 16:19:42]     spatial_conv=[4, 29] top_abs_channels=[('Pz', 0.16822088), ('O2', 0.14765006), ('T4', 0.12442487), ('CP4', 0.12206873), ('C3', 0.11817396), ('O1', 0.1160888), ('CP3', 0.11487136), ('FCz', 0.11391689)]
[2026-05-27 16:19:42]     spatial_update=delta_l2=0.26221904 max_abs=0.05005822 relative=0.21970977 changed=True

[2026-05-27 16:19:42] Fold 3/5 | subject=48
[2026-05-27 16:19:42]     Train: 32 | counts=[16, 16]
[2026-05-27 16:19:42]     Test:  8 | counts=[4, 4]
[2026-05-27 16:19:42]     Model: SignalJEPA_PreLocal | Pretrained: from_pretrained | Strategy: full
[2026-05-27 16:19:42]     Normalization: none | fit_scope=none
[2026-05-27 16:19:42]     Phase 1 (warmup): 2,170/16,010 params
[2026-05-27 16:19:42]     Phase 2 (full): 16,010/16,010 params
[2026-05-27 16:19:42]     Result | best_epoch=48 | stop=98 | final_phase_epochs=88 | acc=0.5000 | bal_acc=0.5000 | pred_hist=[2, 6] | collapse=False
[2026-05-27 16:19:42]     spatial_conv=[4, 29] top_abs_channels=[('Pz', 0.15493584), ('O2', 0.14238557), ('CP3', 0.12403839), ('T3', 0.12364722), ('O1', 0.1180895), ('CP4', 0.11722508), ('T4', 0.11384155), ('P4', 0.1108541)]
[2026-05-27 16:19:42]     spatial_update=delta_l2=0.14950105 max_abs=0.02505462 relative=0.12526490 changed=True

[2026-05-27 16:19:43] Fold 4/5 | subject=48
[2026-05-27 16:19:43]     Train: 32 | counts=[16, 16]
[2026-05-27 16:19:43]     Test:  8 | counts=[4, 4]
[2026-05-27 16:19:43]     Model: SignalJEPA_PreLocal | Pretrained: from_pretrained | Strategy: full
[2026-05-27 16:19:43]     Normalization: none | fit_scope=none
[2026-05-27 16:19:43]     Phase 1 (warmup): 2,170/16,010 params
[2026-05-27 16:19:43]     Phase 2 (full): 16,010/16,010 params
[2026-05-27 16:19:43]     Result | best_epoch=11 | stop=61 | final_phase_epochs=51 | acc=0.5000 | bal_acc=0.5000 | pred_hist=[0, 8] | collapse=True
[2026-05-27 16:19:43]     spatial_conv=[4, 29] top_abs_channels=[('Pz', 0.15122083), ('O2', 0.14603247), ('T3', 0.12635066), ('T4', 0.12450137), ('O1', 0.12246938), ('CP3', 0.12206882), ('C3', 0.11604909), ('Fp1', 0.11025696)]
[2026-05-27 16:19:43]     spatial_update=delta_l2=0.04289521 max_abs=0.00541078 relative=0.03594131 changed=True

[2026-05-27 16:19:44] Fold 5/5 | subject=48
[2026-05-27 16:19:44]     Train: 32 | counts=[16, 16]
[2026-05-27 16:19:44]     Test:  8 | counts=[4, 4]
[2026-05-27 16:19:44]     Model: SignalJEPA_PreLocal | Pretrained: from_pretrained | Strategy: full
[2026-05-27 16:19:44]     Normalization: none | fit_scope=none
[2026-05-27 16:19:44]     Phase 1 (warmup): 2,170/16,010 params
[2026-05-27 16:19:44]     Phase 2 (full): 16,010/16,010 params
[2026-05-27 16:19:44]     Result | best_epoch=11 | stop=61 | final_phase_epochs=51 | acc=0.3750 | bal_acc=0.3750 | pred_hist=[1, 7] | collapse=False
[2026-05-27 16:19:44]     spatial_conv=[4, 29] top_abs_channels=[('Pz', 0.1531675), ('O2', 0.14630547), ('T3', 0.12516834), ('T4', 0.12385885), ('O1', 0.12339409), ('CP3', 0.12051582), ('C3', 0.11392093), ('CP4', 0.109579)]
[2026-05-27 16:19:44]     spatial_update=delta_l2=0.03993720 max_abs=0.00539000 relative=0.03346284 changed=True
[2026-05-27 16:19:44]   Subject 48: acc=0.5250±0.1225  bal_acc=0.5250±0.1225
[2026-05-27 16:19:44] \nSubject 49: 40 windows | class_counts=[20, 20]

[2026-05-27 16:19:45] Fold 1/5 | subject=49
[2026-05-27 16:19:45]     Train: 32 | counts=[16, 16]
[2026-05-27 16:19:45]     Test:  8 | counts=[4, 4]
[2026-05-27 16:19:45]     Model: SignalJEPA_PreLocal | Pretrained: from_pretrained | Strategy: full
[2026-05-27 16:19:45]     Normalization: none | fit_scope=none
[2026-05-27 16:19:45]     Phase 1 (warmup): 2,170/16,010 params
[2026-05-27 16:19:45]     Phase 2 (full): 16,010/16,010 params
[2026-05-27 16:19:52]     Result | best_epoch=1936 | stop=1986 | final_phase_epochs=1976 | acc=0.2500 | bal_acc=0.2500 | pred_hist=[4, 4] | collapse=False
[2026-05-27 16:19:52]     spatial_conv=[4, 29] top_abs_channels=[('Pz', 0.16515383), ('O2', 0.14798668), ('Fp1', 0.12403978), ('F7', 0.12258443), ('P3', 0.12242489), ('O1', 0.11528578), ('Cz', 0.11519212), ('P4', 0.11335506)]
[2026-05-27 16:19:52]     spatial_update=delta_l2=0.36859099 max_abs=0.06511521 relative=0.30883738 changed=True

[2026-05-27 16:19:53] Fold 2/5 | subject=49
[2026-05-27 16:19:53]     Train: 32 | counts=[16, 16]
[2026-05-27 16:19:53]     Test:  8 | counts=[4, 4]
[2026-05-27 16:19:53]     Model: SignalJEPA_PreLocal | Pretrained: from_pretrained | Strategy: full
[2026-05-27 16:19:53]     Normalization: none | fit_scope=none
[2026-05-27 16:19:53]     Phase 1 (warmup): 2,170/16,010 params
[2026-05-27 16:19:53]     Phase 2 (full): 16,010/16,010 params
[2026-05-27 16:19:53]     Result | best_epoch=52 | stop=101 | final_phase_epochs=91 | acc=0.5000 | bal_acc=0.5000 | pred_hist=[6, 2] | collapse=False
[2026-05-27 16:19:53]     spatial_conv=[4, 29] top_abs_channels=[('Pz', 0.14850062), ('O2', 0.14540043), ('T3', 0.13045356), ('C3', 0.12759411), ('CP4', 0.12060361), ('T4', 0.11899151), ('Fp1', 0.1180749), ('CP3', 0.11445954)]
[2026-05-27 16:19:53]     spatial_update=delta_l2=0.16701321 max_abs=0.02722378 relative=0.13993809 changed=True

[2026-05-27 16:19:54] Fold 3/5 | subject=49
[2026-05-27 16:19:54]     Train: 32 | counts=[16, 16]
[2026-05-27 16:19:54]     Test:  8 | counts=[4, 4]
[2026-05-27 16:19:54]     Model: SignalJEPA_PreLocal | Pretrained: from_pretrained | Strategy: full
[2026-05-27 16:19:54]     Normalization: none | fit_scope=none
[2026-05-27 16:19:54]     Phase 1 (warmup): 2,170/16,010 params
[2026-05-27 16:19:54]     Phase 2 (full): 16,010/16,010 params
[2026-05-27 16:19:54]     Result | best_epoch=63 | stop=113 | final_phase_epochs=103 | acc=0.2500 | bal_acc=0.2500 | pred_hist=[6, 2] | collapse=False
[2026-05-27 16:19:54]     spatial_conv=[4, 29] top_abs_channels=[('O2', 0.1505772), ('Pz', 0.14794265), ('T3', 0.13493463), ('Fp1', 0.12782796), ('T4', 0.12282316), ('P3', 0.11747381), ('P4', 0.11575225), ('O1', 0.11243302)]
[2026-05-27 16:19:54]     spatial_update=delta_l2=0.22041887 max_abs=0.03593982 relative=0.18468598 changed=True

[2026-05-27 16:19:55] Fold 4/5 | subject=49
[2026-05-27 16:19:55]     Train: 32 | counts=[16, 16]
[2026-05-27 16:19:55]     Test:  8 | counts=[4, 4]
[2026-05-27 16:19:55]     Model: SignalJEPA_PreLocal | Pretrained: from_pretrained | Strategy: full
[2026-05-27 16:19:55]     Normalization: none | fit_scope=none
[2026-05-27 16:19:55]     Phase 1 (warmup): 2,170/16,010 params
[2026-05-27 16:19:55]     Phase 2 (full): 16,010/16,010 params
[2026-05-27 16:19:55]     Result | best_epoch=11 | stop=61 | final_phase_epochs=51 | acc=0.5000 | bal_acc=0.5000 | pred_hist=[0, 8] | collapse=True
[2026-05-27 16:19:55]     spatial_conv=[4, 29] top_abs_channels=[('Pz', 0.15625241), ('O2', 0.1456068), ('T3', 0.12445541), ('T4', 0.12226236), ('CP3', 0.12166956), ('O1', 0.12097989), ('C3', 0.11709998), ('CP4', 0.1105286)]
[2026-05-27 16:19:55]     spatial_update=delta_l2=0.04168481 max_abs=0.00549527 relative=0.03492714 changed=True

[2026-05-27 16:19:56] Fold 5/5 | subject=49
[2026-05-27 16:19:56]     Train: 32 | counts=[16, 16]
[2026-05-27 16:19:56]     Test:  8 | counts=[4, 4]
[2026-05-27 16:19:56]     Model: SignalJEPA_PreLocal | Pretrained: from_pretrained | Strategy: full
[2026-05-27 16:19:56]     Normalization: none | fit_scope=none
[2026-05-27 16:19:56]     Phase 1 (warmup): 2,170/16,010 params
[2026-05-27 16:19:56]     Phase 2 (full): 16,010/16,010 params
[2026-05-27 16:19:56]     Result | best_epoch=11 | stop=61 | final_phase_epochs=51 | acc=0.5000 | bal_acc=0.5000 | pred_hist=[0, 8] | collapse=True
[2026-05-27 16:19:56]     spatial_conv=[4, 29] top_abs_channels=[('Pz', 0.15219815), ('O2', 0.14471635), ('T3', 0.12578946), ('T4', 0.12407769), ('CP3', 0.12055396), ('O1', 0.12044697), ('C3', 0.11720499), ('CP4', 0.11079679)]
[2026-05-27 16:19:56]     spatial_update=delta_l2=0.04163007 max_abs=0.00548930 relative=0.03488127 changed=True
[2026-05-27 16:19:56]   Subject 49: acc=0.4000±0.1225  bal_acc=0.4000±0.1225
[2026-05-27 16:19:56] \nSubject 50: 40 windows | class_counts=[20, 20]

[2026-05-27 16:19:56] Fold 1/5 | subject=50
[2026-05-27 16:19:56]     Train: 32 | counts=[16, 16]
[2026-05-27 16:19:56]     Test:  8 | counts=[4, 4]
[2026-05-27 16:19:56]     Model: SignalJEPA_PreLocal | Pretrained: from_pretrained | Strategy: full
[2026-05-27 16:19:56]     Normalization: none | fit_scope=none
[2026-05-27 16:19:56]     Phase 1 (warmup): 2,170/16,010 params
[2026-05-27 16:19:56]     Phase 2 (full): 16,010/16,010 params
[2026-05-27 16:19:57]     Result | best_epoch=43 | stop=93 | final_phase_epochs=83 | acc=0.6250 | bal_acc=0.6250 | pred_hist=[5, 3] | collapse=False
[2026-05-27 16:19:57]     spatial_conv=[4, 29] top_abs_channels=[('Pz', 0.1434516), ('O2', 0.1432249), ('T3', 0.13939919), ('CP3', 0.12243411), ('T4', 0.11820096), ('O1', 0.11602644), ('FCz', 0.1114735), ('Fp1', 0.11022457)]
[2026-05-27 16:19:57]     spatial_update=delta_l2=0.15898962 max_abs=0.02311604 relative=0.13321525 changed=True

[2026-05-27 16:19:57] Fold 2/5 | subject=50
[2026-05-27 16:19:57]     Train: 32 | counts=[16, 16]
[2026-05-27 16:19:57]     Test:  8 | counts=[4, 4]
[2026-05-27 16:19:57]     Model: SignalJEPA_PreLocal | Pretrained: from_pretrained | Strategy: full
[2026-05-27 16:19:57]     Normalization: none | fit_scope=none
[2026-05-27 16:19:57]     Phase 1 (warmup): 2,170/16,010 params
[2026-05-27 16:19:57]     Phase 2 (full): 16,010/16,010 params
[2026-05-27 16:19:57]     Result | best_epoch=11 | stop=61 | final_phase_epochs=51 | acc=0.5000 | bal_acc=0.5000 | pred_hist=[0, 8] | collapse=True
[2026-05-27 16:19:57]     spatial_conv=[4, 29] top_abs_channels=[('Pz', 0.15224938), ('O2', 0.1449559), ('T3', 0.12895645), ('T4', 0.12340879), ('CP3', 0.12134011), ('O1', 0.11881986), ('C3', 0.11585946), ('Fp1', 0.11138181)]
[2026-05-27 16:19:57]     spatial_update=delta_l2=0.03917900 max_abs=0.00542188 relative=0.03282756 changed=True

[2026-05-27 16:19:58] Fold 3/5 | subject=50
[2026-05-27 16:19:58]     Train: 32 | counts=[16, 16]
[2026-05-27 16:19:58]     Test:  8 | counts=[4, 4]
[2026-05-27 16:19:58]     Model: SignalJEPA_PreLocal | Pretrained: from_pretrained | Strategy: full
[2026-05-27 16:19:58]     Normalization: none | fit_scope=none
[2026-05-27 16:19:58]     Phase 1 (warmup): 2,170/16,010 params
[2026-05-27 16:19:58]     Phase 2 (full): 16,010/16,010 params
[2026-05-27 16:19:58]     Result | best_epoch=11 | stop=61 | final_phase_epochs=51 | acc=0.6250 | bal_acc=0.6250 | pred_hist=[1, 7] | collapse=False
[2026-05-27 16:19:58]     spatial_conv=[4, 29] top_abs_channels=[('Pz', 0.15267614), ('O2', 0.14489549), ('T3', 0.12921204), ('CP3', 0.12356389), ('T4', 0.12219364), ('O1', 0.11727484), ('CP4', 0.11353347), ('C3', 0.11332864)]
[2026-05-27 16:19:58]     spatial_update=delta_l2=0.04455735 max_abs=0.00548276 relative=0.03733400 changed=True

[2026-05-27 16:19:59] Fold 4/5 | subject=50
[2026-05-27 16:19:59]     Train: 32 | counts=[16, 16]
[2026-05-27 16:19:59]     Test:  8 | counts=[4, 4]
[2026-05-27 16:19:59]     Model: SignalJEPA_PreLocal | Pretrained: from_pretrained | Strategy: full
[2026-05-27 16:19:59]     Normalization: none | fit_scope=none
[2026-05-27 16:19:59]     Phase 1 (warmup): 2,170/16,010 params
[2026-05-27 16:19:59]     Phase 2 (full): 16,010/16,010 params
[2026-05-27 16:19:59]     Result | best_epoch=12 | stop=62 | final_phase_epochs=52 | acc=0.3750 | bal_acc=0.3750 | pred_hist=[1, 7] | collapse=False
[2026-05-27 16:19:59]     spatial_conv=[4, 29] top_abs_channels=[('Pz', 0.15155463), ('O2', 0.14469536), ('T3', 0.12969892), ('O1', 0.12317161), ('CP3', 0.12282439), ('T4', 0.12238875), ('C3', 0.11512808), ('Fp1', 0.11257453)]
[2026-05-27 16:19:59]     spatial_update=delta_l2=0.04526522 max_abs=0.00593283 relative=0.03792712 changed=True

[2026-05-27 16:19:59] Fold 5/5 | subject=50
[2026-05-27 16:19:59]     Train: 32 | counts=[16, 16]
[2026-05-27 16:19:59]     Test:  8 | counts=[4, 4]
[2026-05-27 16:19:59]     Model: SignalJEPA_PreLocal | Pretrained: from_pretrained | Strategy: full
[2026-05-27 16:19:59]     Normalization: none | fit_scope=none
[2026-05-27 16:19:59]     Phase 1 (warmup): 2,170/16,010 params
[2026-05-27 16:19:59]     Phase 2 (full): 16,010/16,010 params
[2026-05-27 16:20:00]     Result | best_epoch=50 | stop=100 | final_phase_epochs=90 | acc=0.7500 | bal_acc=0.7500 | pred_hist=[4, 4] | collapse=False
[2026-05-27 16:20:00]     spatial_conv=[4, 29] top_abs_channels=[('O2', 0.14125937), ('Pz', 0.13915095), ('T3', 0.13135487), ('CP3', 0.12558044), ('O1', 0.12322465), ('T4', 0.1211354), ('CP4', 0.11378212), ('P4', 0.11175987)]
[2026-05-27 16:20:00]     spatial_update=delta_l2=0.17122773 max_abs=0.02721378 relative=0.14346939 changed=True
[2026-05-27 16:20:00]   Subject 50: acc=0.5750±0.1275  bal_acc=0.5750±0.1275

[2026-05-27 16:20:00] Total evaluation splits completed: 250
[2026-05-27 16:20:00] ======================================================================
[2026-05-27 16:20:00] AGGREGATED RESULTS
[2026-05-27 16:20:00] ======================================================================
[2026-05-27 16:20:00]   1: acc=0.5000±0.1369  bal_acc=0.5000±0.1369
[2026-05-27 16:20:00]   2: acc=0.6000±0.1225  bal_acc=0.6000±0.1225
[2026-05-27 16:20:00]   3: acc=0.6500±0.1458  bal_acc=0.6500±0.1458
[2026-05-27 16:20:00]   4: acc=0.6000±0.1658  bal_acc=0.6000±0.1658
[2026-05-27 16:20:00]   5: acc=0.5000±0.1369  bal_acc=0.5000±0.1369
[2026-05-27 16:20:00]   6: acc=0.4750±0.1225  bal_acc=0.4750±0.1225
[2026-05-27 16:20:00]   7: acc=0.6500±0.1658  bal_acc=0.6500±0.1658
[2026-05-27 16:20:00]   8: acc=0.7000±0.1696  bal_acc=0.7000±0.1696
[2026-05-27 16:20:00]   9: acc=0.4000±0.0935  bal_acc=0.4000±0.0935
[2026-05-27 16:20:00]   10: acc=0.4750±0.2550  bal_acc=0.4750±0.2550
[2026-05-27 16:20:00]   11: acc=0.5000±0.0000  bal_acc=0.5000±0.0000
[2026-05-27 16:20:00]   12: acc=0.5750±0.0612  bal_acc=0.5750±0.0612
[2026-05-27 16:20:00]   13: acc=0.7000±0.1000  bal_acc=0.7000±0.1000
[2026-05-27 16:20:00]   14: acc=0.5250±0.0500  bal_acc=0.5250±0.0500
[2026-05-27 16:20:00]   15: acc=0.5250±0.0935  bal_acc=0.5250±0.0935
[2026-05-27 16:20:00]   16: acc=0.4250±0.1275  bal_acc=0.4250±0.1275
[2026-05-27 16:20:00]   17: acc=0.5750±0.1000  bal_acc=0.5750±0.1000
[2026-05-27 16:20:00]   18: acc=0.7250±0.0935  bal_acc=0.7250±0.0935
[2026-05-27 16:20:00]   19: acc=0.4500±0.0612  bal_acc=0.4500±0.0612
[2026-05-27 16:20:00]   20: acc=0.5750±0.1275  bal_acc=0.5750±0.1275
[2026-05-27 16:20:00]   21: acc=0.6750±0.1000  bal_acc=0.6750±0.1000
[2026-05-27 16:20:00]   22: acc=0.8500±0.0935  bal_acc=0.8500±0.0935
[2026-05-27 16:20:00]   23: acc=0.5250±0.0500  bal_acc=0.5250±0.0500
[2026-05-27 16:20:00]   24: acc=0.5000±0.0791  bal_acc=0.5000±0.0791
[2026-05-27 16:20:00]   25: acc=0.6250±0.0791  bal_acc=0.6250±0.0791
[2026-05-27 16:20:00]   26: acc=0.5000±0.0000  bal_acc=0.5000±0.0000
[2026-05-27 16:20:00]   27: acc=0.4250±0.1696  bal_acc=0.4250±0.1696
[2026-05-27 16:20:00]   28: acc=0.6000±0.1225  bal_acc=0.6000±0.1225
[2026-05-27 16:20:00]   29: acc=0.5000±0.2092  bal_acc=0.5000±0.2092
[2026-05-27 16:20:00]   30: acc=0.6250±0.1936  bal_acc=0.6250±0.1936
[2026-05-27 16:20:00]   31: acc=0.5250±0.0935  bal_acc=0.5250±0.0935
[2026-05-27 16:20:00]   32: acc=0.4750±0.0500  bal_acc=0.4750±0.0500
[2026-05-27 16:20:00]   33: acc=0.4750±0.0935  bal_acc=0.4750±0.0935
[2026-05-27 16:20:00]   34: acc=0.7500±0.0791  bal_acc=0.7500±0.0791
[2026-05-27 16:20:00]   35: acc=0.6000±0.1225  bal_acc=0.6000±0.1225
[2026-05-27 16:20:00]   36: acc=0.4750±0.0500  bal_acc=0.4750±0.0500
[2026-05-27 16:20:00]   37: acc=0.5750±0.1275  bal_acc=0.5750±0.1275
[2026-05-27 16:20:00]   38: acc=0.7500±0.1369  bal_acc=0.7500±0.1369
[2026-05-27 16:20:00]   39: acc=0.6000±0.1458  bal_acc=0.6000±0.1458
[2026-05-27 16:20:00]   40: acc=0.6750±0.1000  bal_acc=0.6750±0.1000
[2026-05-27 16:20:00]   41: acc=0.5250±0.1458  bal_acc=0.5250±0.1458
[2026-05-27 16:20:00]   42: acc=0.5500±0.1275  bal_acc=0.5500±0.1275
[2026-05-27 16:20:00]   43: acc=0.4500±0.1000  bal_acc=0.4500±0.1000
[2026-05-27 16:20:00]   44: acc=0.5750±0.1275  bal_acc=0.5750±0.1275
[2026-05-27 16:20:00]   45: acc=0.3500±0.1225  bal_acc=0.3500±0.1225
[2026-05-27 16:20:00]   46: acc=0.5500±0.1000  bal_acc=0.5500±0.1000
[2026-05-27 16:20:00]   47: acc=0.4750±0.0500  bal_acc=0.4750±0.0500
[2026-05-27 16:20:00]   48: acc=0.5250±0.1225  bal_acc=0.5250±0.1225
[2026-05-27 16:20:00]   49: acc=0.4000±0.1225  bal_acc=0.4000±0.1225
[2026-05-27 16:20:00]   50: acc=0.5750±0.1275  bal_acc=0.5750±0.1275
[2026-05-27 16:20:00] ----------------------------------------------------------------------
[2026-05-27 16:20:00]   OVERALL: acc=0.5565±0.1577  bal_acc=0.5565±0.1577
[2026-05-27 16:20:00] ======================================================================
[2026-05-27 16:20:00] Performance tables saved:
[2026-05-27 16:20:00]   Fold-level results:       /home/vegorov/Repos/eeg_jepa_research/artifacts/liu2024-source-mat-sjepa-prelocal/20260527_1615_c9e04d30/fold_level_results.csv
[2026-05-27 16:20:00]   Subject-level summary:    /home/vegorov/Repos/eeg_jepa_research/artifacts/liu2024-source-mat-sjepa-prelocal/20260527_1615_c9e04d30/subject_level_summary.csv
[2026-05-27 16:20:00]   Global method comparison: /home/vegorov/Repos/eeg_jepa_research/artifacts/liu2024-source-mat-sjepa-prelocal/20260527_1615_c9e04d30/global_method_comparison.csv
[2026-05-27 16:20:00] Subject performance plot saved to: /home/vegorov/Repos/eeg_jepa_research/artifacts/liu2024-source-mat-sjepa-prelocal/20260527_1615_c9e04d30/sjepa_prelocal_subject_performance.png
[2026-05-27 16:20:00] Global performance plot saved to: /home/vegorov/Repos/eeg_jepa_research/artifacts/liu2024-source-mat-sjepa-prelocal/20260527_1615_c9e04d30/sjepa_prelocal_global_performance_summary.png
[2026-05-27 16:20:00] Aggregated confusion matrix plot saved to: /home/vegorov/Repos/eeg_jepa_research/artifacts/liu2024-source-mat-sjepa-prelocal/20260527_1615_c9e04d30/sjepa_prelocal_aggregated_confusion_matrix.png
[2026-05-27 16:20:00] Confusion metrics saved to: /home/vegorov/Repos/eeg_jepa_research/artifacts/liu2024-source-mat-sjepa-prelocal/20260527_1615_c9e04d30/sjepa_prelocal_confusion_metrics.csv

[2026-05-27 16:20:00] ======================================================================
[2026-05-27 16:20:00] EXPERIMENT SUMMARY
[2026-05-27 16:20:00] ======================================================================
[2026-05-27 16:20:00] Run ID:                 20260527_1615_c9e04d30
[2026-05-27 16:20:00] Experiment:             v5_clean_pipeline_default_liu_mean_0p5_40_128
[2026-05-27 16:20:00] Subjects:               50
[2026-05-27 16:20:00] Model:                  SignalJEPA_PreLocal
[2026-05-27 16:20:00] Pretrained mode:        from_pretrained
[2026-05-27 16:20:00] Strategy:               full
[2026-05-27 16:20:00] Preprocessing:          baseline_window_mean | ref=average | resample=True->128 | filter=True 0.5–40.0 fir
[2026-05-27 16:20:00] Window:                 start=1.5s | 4.195s / 537 samples
[2026-05-27 16:20:00] Artifacts:              /home/vegorov/Repos/eeg_jepa_research/artifacts/liu2024-source-mat-sjepa-prelocal/20260527_1615_c9e04d30
[2026-05-27 16:20:00] Mean Accuracy:          0.5565 ± 0.1577
[2026-05-27 16:20:00] Mean Balanced Accuracy: 0.5565 ± 0.1577
[2026-05-27 16:20:00] ======================================================================

[2026-05-27 16:20:01] Spatial convolution analysis saved:
[2026-05-27 16:20:01]   Long channel CSV:        /home/vegorov/Repos/eeg_jepa_research/artifacts/liu2024-source-mat-sjepa-prelocal/20260527_1615_c9e04d30/spatial_conv_analysis/spatial_channel_importance_long.csv
[2026-05-27 16:20:01]   Fold diagnostics CSV:    /home/vegorov/Repos/eeg_jepa_research/artifacts/liu2024-source-mat-sjepa-prelocal/20260527_1615_c9e04d30/spatial_conv_analysis/fold_diagnostics.csv
[2026-05-27 16:20:01]   Fold weight JSON:        /home/vegorov/Repos/eeg_jepa_research/artifacts/liu2024-source-mat-sjepa-prelocal/20260527_1615_c9e04d30/spatial_conv_analysis/spatial_conv_weights_by_fold.json
[2026-05-27 16:20:01]   Global importance CSV:   /home/vegorov/Repos/eeg_jepa_research/artifacts/liu2024-source-mat-sjepa-prelocal/20260527_1615_c9e04d30/spatial_conv_analysis/spatial_channel_importance_global.csv
[2026-05-27 16:20:01]   Subject importance CSV:  /home/vegorov/Repos/eeg_jepa_research/artifacts/liu2024-source-mat-sjepa-prelocal/20260527_1615_c9e04d30/spatial_conv_analysis/spatial_channel_importance_by_subject.csv
[2026-05-27 16:20:01]   Diagnostic summary JSON: /home/vegorov/Repos/eeg_jepa_research/artifacts/liu2024-source-mat-sjepa-prelocal/20260527_1615_c9e04d30/spatial_conv_analysis/diagnostic_summary.json

[2026-05-27 16:20:01] Diagnostic summary:
[2026-05-27 16:20:01] {
  "n_folds": 250,
  "collapse_rate": 0.24,
  "mean_collapse_ratio": 0.7695,
  "mean_spatial_delta_l2": 0.10805476064,
  "mean_spatial_relative_delta": 0.09053761528,
  "spatial_changed_rate": 1.0,
  "mean_confidence": 0.6000205118799999,
  "mean_normalized_prediction_entropy": 0.88942269624
}

[2026-05-27 16:20:01] Top global channels by mean absolute spatial weight:
[2026-05-27 16:20:01] CV results saved to:      /home/vegorov/Repos/eeg_jepa_research/artifacts/liu2024-source-mat-sjepa-prelocal/20260527_1615_c9e04d30/cv_results.json
[2026-05-27 16:20:01] Subject metrics saved to: /home/vegorov/Repos/eeg_jepa_research/artifacts/liu2024-source-mat-sjepa-prelocal/20260527_1615_c9e04d30/subject_metrics.json
[2026-05-27 16:20:01] Global metrics saved to:  /home/vegorov/Repos/eeg_jepa_research/artifacts/liu2024-source-mat-sjepa-prelocal/20260527_1615_c9e04d30/global_metrics.json
[2026-05-27 16:20:01] Subject performance plot: /home/vegorov/Repos/eeg_jepa_research/artifacts/liu2024-source-mat-sjepa-prelocal/20260527_1615_c9e04d30/sjepa_prelocal_subject_performance.png
[2026-05-27 16:20:01] Global performance plot:  /home/vegorov/Repos/eeg_jepa_research/artifacts/liu2024-source-mat-sjepa-prelocal/20260527_1615_c9e04d30/sjepa_prelocal_global_performance_summary.png
[2026-05-27 16:20:01] Confusion matrix plot:    /home/vegorov/Repos/eeg_jepa_research/artifacts/liu2024-source-mat-sjepa-prelocal/20260527_1615_c9e04d30/sjepa_prelocal_aggregated_confusion_matrix.png
[2026-05-27 16:20:01] Run metadata saved to:    /home/vegorov/Repos/eeg_jepa_research/artifacts/liu2024-source-mat-sjepa-prelocal/20260527_1615_c9e04d30/run_metadata.json

[2026-05-27 16:20:01] All artifacts in: /home/vegorov/Repos/eeg_jepa_research/artifacts/liu2024-source-mat-sjepa-prelocal/20260527_1615_c9e04d30
