{
  "mean_accuracy": 0.8339898099958198,
  "std_accuracy": 0.0780695252573407,
  "mean_balanced_accuracy": 0.8338486373999168,
  "std_balanced_accuracy": 0.07815450533157274,
  "n_groups": 5,
  "n_folds_total": 25
}