{
  "mean_accuracy": 0.8333333333333333,
  "std_accuracy": 1.1102230246251565e-16,
  "mean_balanced_accuracy": 0.5,
  "std_balanced_accuracy": 0.0,
  "mean_roc_auc": 0.5043950872359962,
  "std_roc_auc": 0.03409739681230108,
  "primary_metric_name": "roc_auc",
  "primary_metric_mean": 0.5043950872359962,
  "primary_metric_std": 0.03409739681230108,
  "n_subjects": 7,
  "n_folds_total": 35
}