{
  "48": {
    "accuracies": [
      0.8333333333333334,
      0.8333333333333334,
      0.8333333333333334,
      0.8333333333333334,
      0.8333333333333334
    ],
    "balanced_accuracies": [
      0.5,
      0.5,
      0.5,
      0.5,
      0.5
    ],
    "roc_aucs": [
      0.42302571166207525,
      0.5438762626262627,
      0.4763200183654729,
      0.5322371441689624,
      0.5003213957759413
    ],
    "mean_accuracy": 0.8333333333333334,
    "std_accuracy": 0.0,
    "mean_balanced_accuracy": 0.5,
    "std_balanced_accuracy": 0.0,
    "mean_roc_auc": 0.49515610651974284,
    "std_roc_auc": 0.04320400272327823,
    "primary_metric_name": "roc_auc",
    "primary_metric_mean": 0.49515610651974284,
    "primary_metric_std": 0.04320400272327823
  },
  "49": {
    "accuracies": [
      0.8333333333333334,
      0.8333333333333334,
      0.8333333333333334,
      0.8333333333333334,
      0.8333333333333334
    ],
    "balanced_accuracies": [
      0.5,
      0.5,
      0.5,
      0.5,
      0.5
    ],
    "roc_aucs": [
      0.5149850780532599,
      0.5282656106519742,
      0.43456726354453634,
      0.5617481634527088,
      0.5039657943067034
    ],
    "mean_accuracy": 0.8333333333333334,
    "std_accuracy": 0.0,
    "mean_balanced_accuracy": 0.5,
    "std_balanced_accuracy": 0.0,
    "mean_roc_auc": 0.5087063820018366,
    "std_roc_auc": 0.04184375242804465,
    "primary_metric_name": "roc_auc",
    "primary_metric_mean": 0.5087063820018366,
    "primary_metric_std": 0.04184375242804465
  },
  "50": {
    "accuracies": [
      0.8333333333333334,
      0.8333333333333334,
      0.8333333333333334,
      0.8333333333333334,
      0.8333333333333334
    ],
    "balanced_accuracies": [
      0.5,
      0.5,
      0.5,
      0.5,
      0.5
    ],
    "roc_aucs": [
      0.5329315886134068,
      0.48841827364554635,
      0.5032885674931129,
      0.5380337465564738,
      0.5008666207529844
    ],
    "mean_accuracy": 0.8333333333333334,
    "std_accuracy": 0.0,
    "mean_balanced_accuracy": 0.5,
    "std_balanced_accuracy": 0.0,
    "mean_roc_auc": 0.5127077594123048,
    "std_roc_auc": 0.01933557215266901,
    "primary_metric_name": "roc_auc",
    "primary_metric_mean": 0.5127077594123048,
    "primary_metric_std": 0.01933557215266901
  },
  "51": {
    "accuracies": [
      0.8333333333333334,
      0.8333333333333334,
      0.8333333333333334,
      0.8333333333333334,
      0.8333333333333334
    ],
    "balanced_accuracies": [
      0.5,
      0.5,
      0.5,
      0.5,
      0.5
    ],
    "roc_aucs": [
      0.43846418732782366,
      0.49499540863177227,
      0.5228133608815426,
      0.5020718549127641,
      0.4667240587695133
    ],
    "mean_accuracy": 0.8333333333333334,
    "std_accuracy": 0.0,
    "mean_balanced_accuracy": 0.5,
    "std_balanced_accuracy": 0.0,
    "mean_roc_auc": 0.4850137741046832,
    "std_roc_auc": 0.029396590364621014,
    "primary_metric_name": "roc_auc",
    "primary_metric_mean": 0.4850137741046832,
    "primary_metric_std": 0.029396590364621014
  },
  "52": {
    "accuracies": [
      0.8333333333333334,
      0.8333333333333334,
      0.8333333333333334,
      0.8333333333333334,
      0.8333333333333334
    ],
    "balanced_accuracies": [
      0.5,
      0.5,
      0.5,
      0.5,
      0.5
    ],
    "roc_aucs": [
      0.5175505050505051,
      0.5326101928374656,
      0.47893135904499545,
      0.5021177685950413,
      0.4909951790633609
    ],
    "mean_accuracy": 0.8333333333333334,
    "std_accuracy": 0.0,
    "mean_balanced_accuracy": 0.5,
    "std_balanced_accuracy": 0.0,
    "mean_roc_auc": 0.5044410009182736,
    "std_roc_auc": 0.018985741145701594,
    "primary_metric_name": "roc_auc",
    "primary_metric_mean": 0.5044410009182736,
    "primary_metric_std": 0.018985741145701594
  },
  "53": {
    "accuracies": [
      0.8333333333333334,
      0.8333333333333334,
      0.8333333333333334,
      0.8333333333333334,
      0.8333333333333334
    ],
    "balanced_accuracies": [
      0.5,
      0.5,
      0.5,
      0.5,
      0.5
    ],
    "roc_aucs": [
      0.4761421028466483,
      0.56652318640955,
      0.5474804866850321,
      0.47821969696969696,
      0.5453741965105602
    ],
    "mean_accuracy": 0.8333333333333334,
    "std_accuracy": 0.0,
    "mean_balanced_accuracy": 0.5,
    "std_balanced_accuracy": 0.0,
    "mean_roc_auc": 0.5227479338842975,
    "std_roc_auc": 0.03793359205652969,
    "primary_metric_name": "roc_auc",
    "primary_metric_mean": 0.5227479338842975,
    "primary_metric_std": 0.03793359205652969
  },
  "54": {
    "accuracies": [
      0.8333333333333334,
      0.8333333333333334,
      0.8333333333333334,
      0.8333333333333334,
      0.8333333333333334
    ],
    "balanced_accuracies": [
      0.5,
      0.5,
      0.5,
      0.5,
      0.5
    ],
    "roc_aucs": [
      0.49944903581267214,
      0.5367539026629936,
      0.47830578512396693,
      0.5216942148760331,
      0.4737603305785124
    ],
    "mean_accuracy": 0.8333333333333334,
    "std_accuracy": 0.0,
    "mean_balanced_accuracy": 0.5,
    "std_balanced_accuracy": 0.0,
    "mean_roc_auc": 0.5019926538108356,
    "std_roc_auc": 0.02433556141111718,
    "primary_metric_name": "roc_auc",
    "primary_metric_mean": 0.5019926538108356,
    "primary_metric_std": 0.02433556141111718
  }
}