{
  "n_folds": 35,
  "collapse_rate": 0.08571428571428572,
  "mean_collapse_ratio": 0.6071428571428571,
  "mean_spatial_delta_l2": 0.8587104677142857,
  "mean_spatial_relative_delta": 0.7549788485714287,
  "spatial_changed_rate": 1.0,
  "mean_confidence": 0.604475728,
  "mean_normalized_prediction_entropy": 0.9240566162857143
}