[2026-05-26 18:47:06] Run ID:     20260526_1847_e867159b
[2026-05-26 18:47:06] Artifacts:  /home/vegorov/Repos/eeg_jepa_research/artifacts/liu2024-source-mat-sjepa-prelocal/20260526_1847_e867159b
[2026-05-26 18:47:06] Config:     /home/vegorov/Repos/eeg_jepa_research/artifacts/liu2024-source-mat-sjepa-prelocal/20260526_1847_e867159b/config.json
[2026-05-26 18:47:06] Using device: cpu
[2026-05-26 18:47:07] Seed initialized: 2026
[2026-05-26 18:47:07] Configured preprocessing pipeline:
[2026-05-26 18:47:07]   - [ON] source::select_eeg_channels | - select Liu EEG channels, drop CPz reference, EOG, and marker before model input
[2026-05-26 18:47:07]   - [ON] source::demean | mode=trial_mean | baseline_window_s=[0.0, 2.0]
[2026-05-26 18:47:07]   - [ON] source::detrend | mode=linear
[2026-05-26 18:47:07]   - [off] source::eog_correction | mode=none
[2026-05-26 18:47:07]   - [off] source::artifact_clipping | mode=none | percentile=99.5
[2026-05-26 18:47:07]   - [ON] mne_raw::reference | timing=before_resample_filter | mode=average
[2026-05-26 18:47:07]   - [ON] mne_raw::resample | sfreq=128
[2026-05-26 18:47:07]   - [ON] mne_raw::bandpass_filter | l_freq=0.5 | h_freq=40.0 | method=fir | phase=zero | fir_design=firwin
[2026-05-26 18:47:07]   - [off] mne_raw::notch_filter | timing=after_bandpass
[2026-05-26 18:47:07]   - [ON] window::crop_fixed_mi_window | start_s=2.0 | target_window_samples=537
[2026-05-26 18:47:07]   - [off] window::bad_trial_rejection
[2026-05-26 18:47:07]   - [off] split::fold_safe_normalization | mode=none
[2026-05-26 18:47:07] Source extract dir: /home/vegorov/Repos/eeg_jepa_research/liu2024_data/liu2024_figshare/sourcedata
[2026-05-26 18:47:07] Found 50 .mat files
[2026-05-26 18:47:07] MAT structure preview saved to: /home/vegorov/Repos/eeg_jepa_research/artifacts/liu2024-source-mat-sjepa-prelocal/20260526_1847_e867159b/mat_structure_preview_first_subject.csv
[2026-05-26 18:47:13] Subjects loaded: [1, 2, 3, 4, 5, 6, 7, 8, 9, 10, 11, 12, 13, 14, 15, 16, 17, 18, 19, 20, 21, 22, 23, 24, 25, 26, 27, 28, 29, 30, 31, 32, 33, 34, 35, 36, 37, 38, 39, 40, 41, 42, 43, 44, 45, 46, 47, 48, 49, 50]
[2026-05-26 18:47:13] Subject inventory saved to: /home/vegorov/Repos/eeg_jepa_research/artifacts/liu2024-source-mat-sjepa-prelocal/20260526_1847_e867159b/subject_inventory.csv
[2026-05-26 18:47:31] X_ALL shape: (2000, 29, 537) | Y_ALL counts: [1000, 1000]
[2026-05-26 18:47:31] Preprocessing steps used:
[2026-05-26 18:47:31]   - select 29 EEG channels; drop CPz source reference, EOG, and marker
[2026-05-26 18:47:31]   - source demean: subtract trial/channel mean over time
[2026-05-26 18:47:31]   - source detrend: scipy.signal.detrend(type='linear')
[2026-05-26 18:47:31]   - EOG correction skipped
[2026-05-26 18:47:31]   - source artifact clipping skipped
[2026-05-26 18:47:31]   - convert source microvolts to MNE volts
[2026-05-26 18:47:31]   - average reference at before resample/filter
[2026-05-26 18:47:31]   - resample to 128 Hz
[2026-05-26 18:47:31]   - FIR bandpass 0.5–40.0 Hz | phase=zero | fir_design=firwin
[2026-05-26 18:47:31]   - convert MNE volts to model microvolts
[2026-05-26 18:47:31]   - crop fixed window samples [256:793]
[2026-05-26 18:47:31]   - bad-trial rejection skipped
[2026-05-26 18:47:31] Window summary saved to: /home/vegorov/Repos/eeg_jepa_research/artifacts/liu2024-source-mat-sjepa-prelocal/20260526_1847_e867159b/window_counts_by_subject.csv
[2026-05-26 18:47:31] ======================================================================
[2026-05-26 18:47:31] STARTING WITHIN-SUBJECT EVALUATION
[2026-05-26 18:47:31] ======================================================================
[2026-05-26 18:47:31] Experiment:    s121_B_artifact_none_none_linear_none
[2026-05-26 18:47:31] Subjects:      ['1', '2', '3', '4', '5', '6', '7', '8', '9', '10', '11', '12', '13', '14', '15', '16', '17', '18', '19', '20', '21', '22', '23', '24', '25', '26', '27', '28', '29', '30', '31', '32', '33', '34', '35', '36', '37', '38', '39', '40', '41', '42', '43', '44', '45', '46', '47', '48', '49', '50']
[2026-05-26 18:47:31] Model:         SignalJEPA_PreLocal
[2026-05-26 18:47:31] Pretrained:    from_pretrained
[2026-05-26 18:47:31] Strategy:      new
[2026-05-26 18:47:31] Preprocessing: demean=trial_mean | detrend=linear | eog=none | clip=none | ref=average@before_resample_filter | resample=True->128 | filter=True 0.5–40.0 fir
[2026-05-26 18:47:31] Normalization: none | reject_bad_trials=False
[2026-05-26 18:47:31] Evaluation:    stratified_kfold | cv_folds=5 | n_repeats=10 | test_size=0.4
[2026-05-26 18:47:31] Seed:          base=2026 | cv=2026 | split=2026 | val=2026
[2026-05-26 18:47:31] Window:        start=2.0s | samples=537 | duration=4.1953s | effective sfreq=128.0
[2026-05-26 18:47:31] Optimizer:     adam | lr=0.0005 | wd=0.0
[2026-05-26 18:47:31] Augmentation:  noise=0.0 | shift=0 | ch_drop=0.0
[2026-05-26 18:47:31] Val split:     0.2
[2026-05-26 18:47:31] Max epochs:    5000 | patience=50
[2026-05-26 18:47:31] Device:        cpu
[2026-05-26 18:47:31] ======================================================================
[2026-05-26 18:47:31] \nSubject 1: 40 windows | class_counts=[20, 20]

[2026-05-26 18:47:32] Fold 1/5 | subject=1
[2026-05-26 18:47:32]     Train: 32 | counts=[16, 16]
[2026-05-26 18:47:32]     Test:  8 | counts=[4, 4]
[2026-05-26 18:47:32]     Model: SignalJEPA_PreLocal | Pretrained: from_pretrained | Strategy: new
[2026-05-26 18:47:32]     Normalization: none | fit_scope=none
[2026-05-26 18:47:32]     Phase 1 (new): 2,170/16,010 params
[2026-05-26 18:47:33]     Result | best_epoch=183 | stop=233 | final_phase_epochs=233 | acc=0.6250 | bal_acc=0.6250 | pred_hist=[5, 3] | collapse=False
[2026-05-26 18:47:33]     spatial_conv=[4, 29] top_abs_channels=[('O1', 0.19243866), ('Pz', 0.14505765), ('CP3', 0.12965252), ('F4', 0.12828614), ('TP7', 0.12129243), ('Fp1', 0.11882338), ('T4', 0.11552104), ('FCz', 0.10747757)]
[2026-05-26 18:47:33]     spatial_update=delta_l2=0.58296013 max_abs=0.11699558 relative=0.48845437 changed=True

[2026-05-26 18:47:33] Fold 2/5 | subject=1
[2026-05-26 18:47:33]     Train: 32 | counts=[16, 16]
[2026-05-26 18:47:33]     Test:  8 | counts=[4, 4]
[2026-05-26 18:47:33]     Model: SignalJEPA_PreLocal | Pretrained: from_pretrained | Strategy: new
[2026-05-26 18:47:33]     Normalization: none | fit_scope=none
[2026-05-26 18:47:33]     Phase 1 (new): 2,170/16,010 params
[2026-05-26 18:47:34]     Result | best_epoch=65 | stop=112 | final_phase_epochs=112 | acc=0.3750 | bal_acc=0.3750 | pred_hist=[1, 7] | collapse=False
[2026-05-26 18:47:34]     spatial_conv=[4, 29] top_abs_channels=[('O1', 0.14463362), ('O2', 0.14375512), ('Pz', 0.13670294), ('Fp1', 0.12708032), ('C3', 0.12510182), ('CP3', 0.1194452), ('T3', 0.11921392), ('T4', 0.11638924)]
[2026-05-26 18:47:34]     spatial_update=delta_l2=0.18894053 max_abs=0.03092700 relative=0.15831070 changed=True

[2026-05-26 18:47:34] Fold 3/5 | subject=1
[2026-05-26 18:47:34]     Train: 32 | counts=[16, 16]
[2026-05-26 18:47:34]     Test:  8 | counts=[4, 4]
[2026-05-26 18:47:34]     Model: SignalJEPA_PreLocal | Pretrained: from_pretrained | Strategy: new
[2026-05-26 18:47:34]     Normalization: none | fit_scope=none
[2026-05-26 18:47:34]     Phase 1 (new): 2,170/16,010 params
[2026-05-26 18:47:34]     Result | best_epoch=3 | stop=51 | final_phase_epochs=51 | acc=0.3750 | bal_acc=0.3750 | pred_hist=[1, 7] | collapse=False
[2026-05-26 18:47:34]     spatial_conv=[4, 29] top_abs_channels=[('Pz', 0.15278901), ('O2', 0.14389138), ('T3', 0.12673479), ('T4', 0.12208758), ('O1', 0.12186214), ('CP3', 0.12112439), ('C3', 0.11498092), ('CP4', 0.11118312)]
[2026-05-26 18:47:34]     spatial_update=delta_l2=0.00538494 max_abs=0.00050000 relative=0.00451197 changed=True

[2026-05-26 18:47:35] Fold 4/5 | subject=1
[2026-05-26 18:47:35]     Train: 32 | counts=[16, 16]
[2026-05-26 18:47:35]     Test:  8 | counts=[4, 4]
[2026-05-26 18:47:35]     Model: SignalJEPA_PreLocal | Pretrained: from_pretrained | Strategy: new
[2026-05-26 18:47:35]     Normalization: none | fit_scope=none
[2026-05-26 18:47:35]     Phase 1 (new): 2,170/16,010 params
[2026-05-26 18:47:36]     Result | best_epoch=271 | stop=321 | final_phase_epochs=321 | acc=0.5000 | bal_acc=0.5000 | pred_hist=[6, 2] | collapse=False
[2026-05-26 18:47:36]     spatial_conv=[4, 29] top_abs_channels=[('C3', 0.15652609), ('Pz', 0.13435787), ('F4', 0.13280107), ('C4', 0.1326929), ('T3', 0.12777944), ('O1', 0.12464136), ('Fp1', 0.12238795), ('CP3', 0.12157416)]
[2026-05-26 18:47:36]     spatial_update=delta_l2=0.67814808 max_abs=0.15022065 relative=0.56821106 changed=True

[2026-05-26 18:47:37] Fold 5/5 | subject=1
[2026-05-26 18:47:37]     Train: 32 | counts=[16, 16]
[2026-05-26 18:47:37]     Test:  8 | counts=[4, 4]
[2026-05-26 18:47:37]     Model: SignalJEPA_PreLocal | Pretrained: from_pretrained | Strategy: new
[2026-05-26 18:47:37]     Normalization: none | fit_scope=none
[2026-05-26 18:47:37]     Phase 1 (new): 2,170/16,010 params
[2026-05-26 18:47:37]     Result | best_epoch=1 | stop=51 | final_phase_epochs=51 | acc=0.5000 | bal_acc=0.5000 | pred_hist=[0, 8] | collapse=True
[2026-05-26 18:47:37]     spatial_conv=[4, 29] top_abs_channels=[('Pz', 0.15278901), ('O2', 0.14439137), ('T3', 0.1264848), ('O1', 0.12236211), ('T4', 0.12208758), ('CP3', 0.12112439), ('C3', 0.1157309), ('CP4', 0.11093313)]
[2026-05-26 18:47:37]     spatial_update=delta_l2=0.00538505 max_abs=0.00050000 relative=0.00451206 changed=True
[2026-05-26 18:47:37]   Subject 1: acc=0.4750±0.0935  bal_acc=0.4750±0.0935
[2026-05-26 18:47:37] \nSubject 2: 40 windows | class_counts=[20, 20]

[2026-05-26 18:47:37] Fold 1/5 | subject=2
[2026-05-26 18:47:37]     Train: 32 | counts=[16, 16]
[2026-05-26 18:47:37]     Test:  8 | counts=[4, 4]
[2026-05-26 18:47:37]     Model: SignalJEPA_PreLocal | Pretrained: from_pretrained | Strategy: new
[2026-05-26 18:47:37]     Normalization: none | fit_scope=none
[2026-05-26 18:47:37]     Phase 1 (new): 2,170/16,010 params
[2026-05-26 18:47:38]     Result | best_epoch=131 | stop=178 | final_phase_epochs=178 | acc=0.5000 | bal_acc=0.5000 | pred_hist=[6, 2] | collapse=False
[2026-05-26 18:47:38]     spatial_conv=[4, 29] top_abs_channels=[('T3', 0.15135396), ('O2', 0.14469627), ('Pz', 0.1402384), ('CP3', 0.12760031), ('F7', 0.12575336), ('Fz', 0.12564081), ('O1', 0.11628736), ('F4', 0.11555652)]
[2026-05-26 18:47:38]     spatial_update=delta_l2=0.46113963 max_abs=0.07844891 relative=0.38638262 changed=True

[2026-05-26 18:47:39] Fold 2/5 | subject=2
[2026-05-26 18:47:39]     Train: 32 | counts=[16, 16]
[2026-05-26 18:47:39]     Test:  8 | counts=[4, 4]
[2026-05-26 18:47:39]     Model: SignalJEPA_PreLocal | Pretrained: from_pretrained | Strategy: new
[2026-05-26 18:47:39]     Normalization: none | fit_scope=none
[2026-05-26 18:47:39]     Phase 1 (new): 2,170/16,010 params
[2026-05-26 18:47:39]     Result | best_epoch=25 | stop=75 | final_phase_epochs=75 | acc=0.7500 | bal_acc=0.7500 | pred_hist=[4, 4] | collapse=False
[2026-05-26 18:47:39]     spatial_conv=[4, 29] top_abs_channels=[('Pz', 0.1536781), ('O2', 0.14130083), ('T3', 0.13338235), ('O1', 0.12815511), ('CP3', 0.12497053), ('T4', 0.12456325), ('C3', 0.11445724), ('Fp1', 0.11057344)]
[2026-05-26 18:47:39]     spatial_update=delta_l2=0.07871682 max_abs=0.01272129 relative=0.06595575 changed=True

[2026-05-26 18:47:39] Fold 3/5 | subject=2
[2026-05-26 18:47:39]     Train: 32 | counts=[16, 16]
[2026-05-26 18:47:39]     Test:  8 | counts=[4, 4]
[2026-05-26 18:47:39]     Model: SignalJEPA_PreLocal | Pretrained: from_pretrained | Strategy: new
[2026-05-26 18:47:39]     Normalization: none | fit_scope=none
[2026-05-26 18:47:39]     Phase 1 (new): 2,170/16,010 params
[2026-05-26 18:47:42]     Result | best_epoch=545 | stop=595 | final_phase_epochs=595 | acc=0.6250 | bal_acc=0.6250 | pred_hist=[1, 7] | collapse=False
[2026-05-26 18:47:42]     spatial_conv=[4, 29] top_abs_channels=[('CP3', 0.18107431), ('T3', 0.15931585), ('Pz', 0.15257853), ('F7', 0.14124212), ('Fz', 0.13352819), ('T6', 0.13079962), ('CP4', 0.11945975), ('FCz', 0.1108471)]
[2026-05-26 18:47:42]     spatial_update=delta_l2=1.04582830 max_abs=0.22509578 relative=0.87628532 changed=True

[2026-05-26 18:47:42] Fold 4/5 | subject=2
[2026-05-26 18:47:42]     Train: 32 | counts=[16, 16]
[2026-05-26 18:47:42]     Test:  8 | counts=[4, 4]
[2026-05-26 18:47:42]     Model: SignalJEPA_PreLocal | Pretrained: from_pretrained | Strategy: new
[2026-05-26 18:47:42]     Normalization: none | fit_scope=none
[2026-05-26 18:47:42]     Phase 1 (new): 2,170/16,010 params
[2026-05-26 18:47:43]     Result | best_epoch=64 | stop=112 | final_phase_epochs=112 | acc=0.8750 | bal_acc=0.8750 | pred_hist=[5, 3] | collapse=False
[2026-05-26 18:47:43]     spatial_conv=[4, 29] top_abs_channels=[('Pz', 0.16176368), ('O1', 0.14013891), ('T3', 0.13852367), ('CP3', 0.13301608), ('T4', 0.13177538), ('Fp1', 0.12887608), ('O2', 0.12502147), ('T5', 0.11802003)]
[2026-05-26 18:47:43]     spatial_update=delta_l2=0.21173691 max_abs=0.03503707 relative=0.17741148 changed=True

[2026-05-26 18:47:43] Fold 5/5 | subject=2
[2026-05-26 18:47:43]     Train: 32 | counts=[16, 16]
[2026-05-26 18:47:43]     Test:  8 | counts=[4, 4]
[2026-05-26 18:47:43]     Model: SignalJEPA_PreLocal | Pretrained: from_pretrained | Strategy: new
[2026-05-26 18:47:43]     Normalization: none | fit_scope=none
[2026-05-26 18:47:43]     Phase 1 (new): 2,170/16,010 params
[2026-05-26 18:47:43]     Result | best_epoch=13 | stop=62 | final_phase_epochs=62 | acc=0.5000 | bal_acc=0.5000 | pred_hist=[0, 8] | collapse=True
[2026-05-26 18:47:43]     spatial_conv=[4, 29] top_abs_channels=[('Pz', 0.1550782), ('O2', 0.14216992), ('T3', 0.12769128), ('O1', 0.1248246), ('T4', 0.12245175), ('CP3', 0.12002214), ('C3', 0.11588138), ('Fp1', 0.11101867)]
[2026-05-26 18:47:43]     spatial_update=delta_l2=0.04929011 max_abs=0.00603827 relative=0.04129951 changed=True
[2026-05-26 18:47:43]   Subject 2: acc=0.6500±0.1458  bal_acc=0.6500±0.1458
[2026-05-26 18:47:43] \nSubject 3: 40 windows | class_counts=[20, 20]

[2026-05-26 18:47:44] Fold 1/5 | subject=3
[2026-05-26 18:47:44]     Train: 32 | counts=[16, 16]
[2026-05-26 18:47:44]     Test:  8 | counts=[4, 4]
[2026-05-26 18:47:44]     Model: SignalJEPA_PreLocal | Pretrained: from_pretrained | Strategy: new
[2026-05-26 18:47:44]     Normalization: none | fit_scope=none
[2026-05-26 18:47:44]     Phase 1 (new): 2,170/16,010 params
[2026-05-26 18:47:47]     Result | best_epoch=758 | stop=808 | final_phase_epochs=808 | acc=0.7500 | bal_acc=0.7500 | pred_hist=[4, 4] | collapse=False
[2026-05-26 18:47:47]     spatial_conv=[4, 29] top_abs_channels=[('CP3', 0.17693201), ('F4', 0.17527243), ('Pz', 0.16947037), ('P3', 0.15345898), ('Fz', 0.14404665), ('C3', 0.12592494), ('P4', 0.12533824), ('C4', 0.12118568)]
[2026-05-26 18:47:47]     spatial_update=delta_l2=1.31488296 max_abs=0.27759390 relative=1.10172256 changed=True

[2026-05-26 18:47:48] Fold 2/5 | subject=3
[2026-05-26 18:47:48]     Train: 32 | counts=[16, 16]
[2026-05-26 18:47:48]     Test:  8 | counts=[4, 4]
[2026-05-26 18:47:48]     Model: SignalJEPA_PreLocal | Pretrained: from_pretrained | Strategy: new
[2026-05-26 18:47:48]     Normalization: none | fit_scope=none
[2026-05-26 18:47:48]     Phase 1 (new): 2,170/16,010 params
[2026-05-26 18:47:49]     Result | best_epoch=395 | stop=445 | final_phase_epochs=445 | acc=0.3750 | bal_acc=0.3750 | pred_hist=[3, 5] | collapse=False
[2026-05-26 18:47:49]     spatial_conv=[4, 29] top_abs_channels=[('T5', 0.22521636), ('C3', 0.15317617), ('P4', 0.13825873), ('F3', 0.13325647), ('O2', 0.13117716), ('O1', 0.12148143), ('CP4', 0.11431693), ('F4', 0.1141341)]
[2026-05-26 18:47:49]     spatial_update=delta_l2=1.07630357 max_abs=0.21960584 relative=0.90182013 changed=True

[2026-05-26 18:47:50] Fold 3/5 | subject=3
[2026-05-26 18:47:50]     Train: 32 | counts=[16, 16]
[2026-05-26 18:47:50]     Test:  8 | counts=[4, 4]
[2026-05-26 18:47:50]     Model: SignalJEPA_PreLocal | Pretrained: from_pretrained | Strategy: new
[2026-05-26 18:47:50]     Normalization: none | fit_scope=none
[2026-05-26 18:47:50]     Phase 1 (new): 2,170/16,010 params
[2026-05-26 18:47:51]     Result | best_epoch=151 | stop=200 | final_phase_epochs=200 | acc=0.5000 | bal_acc=0.5000 | pred_hist=[2, 6] | collapse=False
[2026-05-26 18:47:51]     spatial_conv=[4, 29] top_abs_channels=[('Pz', 0.16574804), ('O2', 0.15656847), ('F7', 0.14461294), ('CP4', 0.1384528), ('CP3', 0.13570859), ('Fz', 0.1335078), ('P4', 0.13083933), ('T3', 0.10959394)]
[2026-05-26 18:47:51]     spatial_update=delta_l2=0.60165472 max_abs=0.09390227 relative=0.50411832 changed=True

[2026-05-26 18:47:51] Fold 4/5 | subject=3
[2026-05-26 18:47:51]     Train: 32 | counts=[16, 16]
[2026-05-26 18:47:51]     Test:  8 | counts=[4, 4]
[2026-05-26 18:47:51]     Model: SignalJEPA_PreLocal | Pretrained: from_pretrained | Strategy: new
[2026-05-26 18:47:51]     Normalization: none | fit_scope=none
[2026-05-26 18:47:51]     Phase 1 (new): 2,170/16,010 params
[2026-05-26 18:47:55]     Result | best_epoch=893 | stop=942 | final_phase_epochs=942 | acc=0.7500 | bal_acc=0.7500 | pred_hist=[4, 4] | collapse=False
[2026-05-26 18:47:55]     spatial_conv=[4, 29] top_abs_channels=[('CP4', 0.20267633), ('T5', 0.19185759), ('FC3', 0.17022797), ('P4', 0.16933474), ('TP7', 0.1394392), ('C3', 0.13798642), ('Fz', 0.13647845), ('P3', 0.13062885)]
[2026-05-26 18:47:55]     spatial_update=delta_l2=1.40982746 max_abs=0.33280002 relative=1.18127526 changed=True

[2026-05-26 18:47:55] Fold 5/5 | subject=3
[2026-05-26 18:47:55]     Train: 32 | counts=[16, 16]
[2026-05-26 18:47:55]     Test:  8 | counts=[4, 4]
[2026-05-26 18:47:55]     Model: SignalJEPA_PreLocal | Pretrained: from_pretrained | Strategy: new
[2026-05-26 18:47:55]     Normalization: none | fit_scope=none
[2026-05-26 18:47:55]     Phase 1 (new): 2,170/16,010 params
[2026-05-26 18:47:57]     Result | best_epoch=643 | stop=693 | final_phase_epochs=693 | acc=0.6250 | bal_acc=0.6250 | pred_hist=[7, 1] | collapse=False
[2026-05-26 18:47:57]     spatial_conv=[4, 29] top_abs_channels=[('CP3', 0.2715387), ('Fz', 0.18997583), ('C4', 0.1475459), ('F7', 0.14455608), ('CP4', 0.13546965), ('F4', 0.12076604), ('FCz', 0.11512405), ('C3', 0.10587668)]
[2026-05-26 18:47:57]     spatial_update=delta_l2=1.30642999 max_abs=0.29753980 relative=1.09463993 changed=True
[2026-05-26 18:47:57]   Subject 3: acc=0.6000±0.1458  bal_acc=0.6000±0.1458
[2026-05-26 18:47:57] \nSubject 4: 40 windows | class_counts=[20, 20]

[2026-05-26 18:47:58] Fold 1/5 | subject=4
[2026-05-26 18:47:58]     Train: 32 | counts=[16, 16]
[2026-05-26 18:47:58]     Test:  8 | counts=[4, 4]
[2026-05-26 18:47:58]     Model: SignalJEPA_PreLocal | Pretrained: from_pretrained | Strategy: new
[2026-05-26 18:47:58]     Normalization: none | fit_scope=none
[2026-05-26 18:47:58]     Phase 1 (new): 2,170/16,010 params
[2026-05-26 18:47:58]     Result | best_epoch=2 | stop=51 | final_phase_epochs=51 | acc=0.5000 | bal_acc=0.5000 | pred_hist=[0, 8] | collapse=True
[2026-05-26 18:47:58]     spatial_conv=[4, 29] top_abs_channels=[('Pz', 0.15328899), ('O2', 0.14439136), ('T3', 0.12673476), ('O1', 0.12186212), ('T4', 0.1218376), ('CP3', 0.12087439), ('C3', 0.11498094), ('CP4', 0.11118311)]
[2026-05-26 18:47:58]     spatial_update=delta_l2=0.00538498 max_abs=0.00050000 relative=0.00451200 changed=True

[2026-05-26 18:47:59] Fold 2/5 | subject=4
[2026-05-26 18:47:59]     Train: 32 | counts=[16, 16]
[2026-05-26 18:47:59]     Test:  8 | counts=[4, 4]
[2026-05-26 18:47:59]     Model: SignalJEPA_PreLocal | Pretrained: from_pretrained | Strategy: new
[2026-05-26 18:47:59]     Normalization: none | fit_scope=none
[2026-05-26 18:47:59]     Phase 1 (new): 2,170/16,010 params
[2026-05-26 18:48:00]     Result | best_epoch=301 | stop=351 | final_phase_epochs=351 | acc=0.6250 | bal_acc=0.6250 | pred_hist=[3, 5] | collapse=False
[2026-05-26 18:48:00]     spatial_conv=[4, 29] top_abs_channels=[('O2', 0.1841117), ('T4', 0.1594823), ('CP3', 0.15330122), ('TP8', 0.12353447), ('Pz', 0.11664172), ('FCz', 0.11527103), ('P4', 0.11339057), ('F4', 0.10776765)]
[2026-05-26 18:48:00]     spatial_update=delta_l2=0.72263647 max_abs=0.17149111 relative=0.60548727 changed=True

[2026-05-26 18:48:01] Fold 3/5 | subject=4
[2026-05-26 18:48:01]     Train: 32 | counts=[16, 16]
[2026-05-26 18:48:01]     Test:  8 | counts=[4, 4]
[2026-05-26 18:48:01]     Model: SignalJEPA_PreLocal | Pretrained: from_pretrained | Strategy: new
[2026-05-26 18:48:01]     Normalization: none | fit_scope=none
[2026-05-26 18:48:01]     Phase 1 (new): 2,170/16,010 params
[2026-05-26 18:48:03]     Result | best_epoch=742 | stop=792 | final_phase_epochs=792 | acc=0.5000 | bal_acc=0.5000 | pred_hist=[2, 6] | collapse=False
[2026-05-26 18:48:03]     spatial_conv=[4, 29] top_abs_channels=[('Fz', 0.19429865), ('F4', 0.14962013), ('CP3', 0.14186084), ('P3', 0.13445467), ('FC4', 0.13097627), ('C3', 0.12953582), ('Oz', 0.12874556), ('O2', 0.12482135)]
[2026-05-26 18:48:03]     spatial_update=delta_l2=1.06035002 max_abs=0.24706408 relative=0.88845287 changed=True

[2026-05-26 18:48:04] Fold 4/5 | subject=4
[2026-05-26 18:48:04]     Train: 32 | counts=[16, 16]
[2026-05-26 18:48:04]     Test:  8 | counts=[4, 4]
[2026-05-26 18:48:04]     Model: SignalJEPA_PreLocal | Pretrained: from_pretrained | Strategy: new
[2026-05-26 18:48:04]     Normalization: none | fit_scope=none
[2026-05-26 18:48:04]     Phase 1 (new): 2,170/16,010 params
[2026-05-26 18:48:05]     Result | best_epoch=219 | stop=268 | final_phase_epochs=268 | acc=0.6250 | bal_acc=0.6250 | pred_hist=[5, 3] | collapse=False
[2026-05-26 18:48:05]     spatial_conv=[4, 29] top_abs_channels=[('O2', 0.1680339), ('F4', 0.15088239), ('Pz', 0.15082639), ('T3', 0.13709146), ('C4', 0.12947132), ('C3', 0.12882684), ('T4', 0.12858465), ('CP4', 0.12319328)]
[2026-05-26 18:48:05]     spatial_update=delta_l2=0.57651961 max_abs=0.12986963 relative=0.48305794 changed=True

[2026-05-26 18:48:05] Fold 5/5 | subject=4
[2026-05-26 18:48:05]     Train: 32 | counts=[16, 16]
[2026-05-26 18:48:05]     Test:  8 | counts=[4, 4]
[2026-05-26 18:48:05]     Model: SignalJEPA_PreLocal | Pretrained: from_pretrained | Strategy: new
[2026-05-26 18:48:05]     Normalization: none | fit_scope=none
[2026-05-26 18:48:05]     Phase 1 (new): 2,170/16,010 params
[2026-05-26 18:48:06]     Result | best_epoch=1 | stop=51 | final_phase_epochs=51 | acc=0.5000 | bal_acc=0.5000 | pred_hist=[0, 8] | collapse=True
[2026-05-26 18:48:06]     spatial_conv=[4, 29] top_abs_channels=[('Pz', 0.15353887), ('O2', 0.14414138), ('T3', 0.12673484), ('O1', 0.12211212), ('T4', 0.1215876), ('CP3', 0.12112439), ('C3', 0.11498089), ('CP4', 0.11068314)]
[2026-05-26 18:48:06]     spatial_update=delta_l2=0.00538490 max_abs=0.00050000 relative=0.00451194 changed=True
[2026-05-26 18:48:06]   Subject 4: acc=0.5500±0.0612  bal_acc=0.5500±0.0612
[2026-05-26 18:48:06] \nSubject 5: 40 windows | class_counts=[20, 20]

[2026-05-26 18:48:06] Fold 1/5 | subject=5
[2026-05-26 18:48:06]     Train: 32 | counts=[16, 16]
[2026-05-26 18:48:06]     Test:  8 | counts=[4, 4]
[2026-05-26 18:48:06]     Model: SignalJEPA_PreLocal | Pretrained: from_pretrained | Strategy: new
[2026-05-26 18:48:06]     Normalization: none | fit_scope=none
[2026-05-26 18:48:06]     Phase 1 (new): 2,170/16,010 params
[2026-05-26 18:48:06]     Result | best_epoch=4 | stop=51 | final_phase_epochs=51 | acc=0.5000 | bal_acc=0.5000 | pred_hist=[0, 8] | collapse=True
[2026-05-26 18:48:06]     spatial_conv=[4, 29] top_abs_channels=[('Pz', 0.15328901), ('O2', 0.14464135), ('T3', 0.12673478), ('O1', 0.12211212), ('T4', 0.1218376), ('CP3', 0.1211244), ('C3', 0.11498104), ('CP4', 0.11068314)]
[2026-05-26 18:48:06]     spatial_update=delta_l2=0.00538488 max_abs=0.00050000 relative=0.00451191 changed=True

[2026-05-26 18:48:07] Fold 2/5 | subject=5
[2026-05-26 18:48:07]     Train: 32 | counts=[16, 16]
[2026-05-26 18:48:07]     Test:  8 | counts=[4, 4]
[2026-05-26 18:48:07]     Model: SignalJEPA_PreLocal | Pretrained: from_pretrained | Strategy: new
[2026-05-26 18:48:07]     Normalization: none | fit_scope=none
[2026-05-26 18:48:07]     Phase 1 (new): 2,170/16,010 params
[2026-05-26 18:48:07]     Result | best_epoch=1 | stop=51 | final_phase_epochs=51 | acc=0.5000 | bal_acc=0.5000 | pred_hist=[0, 8] | collapse=True
[2026-05-26 18:48:07]     spatial_conv=[4, 29] top_abs_channels=[('Pz', 0.15328901), ('O2', 0.14439142), ('T3', 0.12673479), ('O1', 0.12211212), ('T4', 0.1218376), ('CP3', 0.12112439), ('C3', 0.11498091), ('CP4', 0.1109331)]
[2026-05-26 18:48:07]     spatial_update=delta_l2=0.00538495 max_abs=0.00050000 relative=0.00451198 changed=True

[2026-05-26 18:48:08] Fold 3/5 | subject=5
[2026-05-26 18:48:08]     Train: 32 | counts=[16, 16]
[2026-05-26 18:48:08]     Test:  8 | counts=[4, 4]
[2026-05-26 18:48:08]     Model: SignalJEPA_PreLocal | Pretrained: from_pretrained | Strategy: new
[2026-05-26 18:48:08]     Normalization: none | fit_scope=none
[2026-05-26 18:48:08]     Phase 1 (new): 2,170/16,010 params
[2026-05-26 18:48:12]     Result | best_epoch=1098 | stop=1147 | final_phase_epochs=1147 | acc=0.3750 | bal_acc=0.3750 | pred_hist=[5, 3] | collapse=False
[2026-05-26 18:48:12]     spatial_conv=[4, 29] top_abs_channels=[('CP4', 0.19469431), ('T5', 0.13629255), ('TP8', 0.13214903), ('FCz', 0.11736465), ('Fz', 0.11453934), ('C4', 0.11407411), ('Oz', 0.11204057), ('F7', 0.10398996)]
[2026-05-26 18:48:12]     spatial_update=delta_l2=1.08294834 max_abs=0.23100787 relative=0.90738769 changed=True

[2026-05-26 18:48:12] Fold 4/5 | subject=5
[2026-05-26 18:48:12]     Train: 32 | counts=[16, 16]
[2026-05-26 18:48:12]     Test:  8 | counts=[4, 4]
[2026-05-26 18:48:12]     Model: SignalJEPA_PreLocal | Pretrained: from_pretrained | Strategy: new
[2026-05-26 18:48:12]     Normalization: none | fit_scope=none
[2026-05-26 18:48:12]     Phase 1 (new): 2,170/16,010 params
[2026-05-26 18:48:13]     Result | best_epoch=66 | stop=115 | final_phase_epochs=115 | acc=0.6250 | bal_acc=0.6250 | pred_hist=[3, 5] | collapse=False
[2026-05-26 18:48:13]     spatial_conv=[4, 29] top_abs_channels=[('O2', 0.16182405), ('Pz', 0.14102128), ('T4', 0.13326082), ('O1', 0.13028052), ('T3', 0.12168116), ('FT7', 0.1124953), ('C3', 0.11223413), ('CP4', 0.10935893)]
[2026-05-26 18:48:13]     spatial_update=delta_l2=0.24078144 max_abs=0.03725366 relative=0.20174749 changed=True

[2026-05-26 18:48:13] Fold 5/5 | subject=5
[2026-05-26 18:48:13]     Train: 32 | counts=[16, 16]
[2026-05-26 18:48:13]     Test:  8 | counts=[4, 4]
[2026-05-26 18:48:13]     Model: SignalJEPA_PreLocal | Pretrained: from_pretrained | Strategy: new
[2026-05-26 18:48:13]     Normalization: none | fit_scope=none
[2026-05-26 18:48:13]     Phase 1 (new): 2,170/16,010 params
[2026-05-26 18:48:13]     Result | best_epoch=4 | stop=51 | final_phase_epochs=51 | acc=0.5000 | bal_acc=0.5000 | pred_hist=[0, 8] | collapse=True
[2026-05-26 18:48:13]     spatial_conv=[4, 29] top_abs_channels=[('Pz', 0.15303901), ('O2', 0.14439137), ('T3', 0.12673479), ('O1', 0.12211212), ('T4', 0.1220876), ('CP3', 0.1213744), ('C3', 0.11573052), ('CP4', 0.11043315)]
[2026-05-26 18:48:13]     spatial_update=delta_l2=0.00538475 max_abs=0.00050000 relative=0.00451181 changed=True
[2026-05-26 18:48:13]   Subject 5: acc=0.5000±0.0791  bal_acc=0.5000±0.0791
[2026-05-26 18:48:13] \nSubject 6: 40 windows | class_counts=[20, 20]

[2026-05-26 18:48:14] Fold 1/5 | subject=6
[2026-05-26 18:48:14]     Train: 32 | counts=[16, 16]
[2026-05-26 18:48:14]     Test:  8 | counts=[4, 4]
[2026-05-26 18:48:14]     Model: SignalJEPA_PreLocal | Pretrained: from_pretrained | Strategy: new
[2026-05-26 18:48:14]     Normalization: none | fit_scope=none
[2026-05-26 18:48:14]     Phase 1 (new): 2,170/16,010 params
[2026-05-26 18:48:15]     Result | best_epoch=280 | stop=330 | final_phase_epochs=330 | acc=0.2500 | bal_acc=0.2500 | pred_hist=[2, 6] | collapse=False
[2026-05-26 18:48:15]     spatial_conv=[4, 29] top_abs_channels=[('CP3', 0.15465429), ('C4', 0.15380532), ('O2', 0.14665031), ('T3', 0.14154539), ('F4', 0.12733087), ('Pz', 0.12566009), ('P4', 0.12299693), ('Fp1', 0.11762732)]
[2026-05-26 18:48:15]     spatial_update=delta_l2=0.70917252 max_abs=0.15494518 relative=0.59420602 changed=True

[2026-05-26 18:48:16] Fold 2/5 | subject=6
[2026-05-26 18:48:16]     Train: 32 | counts=[16, 16]
[2026-05-26 18:48:16]     Test:  8 | counts=[4, 4]
[2026-05-26 18:48:16]     Model: SignalJEPA_PreLocal | Pretrained: from_pretrained | Strategy: new
[2026-05-26 18:48:16]     Normalization: none | fit_scope=none
[2026-05-26 18:48:16]     Phase 1 (new): 2,170/16,010 params
[2026-05-26 18:48:17]     Result | best_epoch=168 | stop=218 | final_phase_epochs=218 | acc=0.7500 | bal_acc=0.7500 | pred_hist=[6, 2] | collapse=False
[2026-05-26 18:48:17]     spatial_conv=[4, 29] top_abs_channels=[('Pz', 0.14411139), ('O2', 0.14333881), ('Fp1', 0.13337597), ('T3', 0.13231726), ('C3', 0.13167782), ('CP3', 0.12930256), ('F7', 0.12048219), ('O1', 0.11585481)]
[2026-05-26 18:48:17]     spatial_update=delta_l2=0.46808152 max_abs=0.10154144 relative=0.39219914 changed=True

[2026-05-26 18:48:17] Fold 3/5 | subject=6
[2026-05-26 18:48:17]     Train: 32 | counts=[16, 16]
[2026-05-26 18:48:17]     Test:  8 | counts=[4, 4]
[2026-05-26 18:48:17]     Model: SignalJEPA_PreLocal | Pretrained: from_pretrained | Strategy: new
[2026-05-26 18:48:17]     Normalization: none | fit_scope=none
[2026-05-26 18:48:17]     Phase 1 (new): 2,170/16,010 params
[2026-05-26 18:48:20]     Result | best_epoch=583 | stop=633 | final_phase_epochs=633 | acc=0.3750 | bal_acc=0.3750 | pred_hist=[7, 1] | collapse=False
[2026-05-26 18:48:20]     spatial_conv=[4, 29] top_abs_channels=[('CP3', 0.19120023), ('C3', 0.17026845), ('Fp1', 0.13457011), ('C4', 0.11634013), ('F8', 0.11388827), ('FC3', 0.11160859), ('Oz', 0.1005609), ('TP8', 0.09994629)]
[2026-05-26 18:48:20]     spatial_update=delta_l2=0.98423673 max_abs=0.27501804 relative=0.82467858 changed=True

[2026-05-26 18:48:20] Fold 4/5 | subject=6
[2026-05-26 18:48:20]     Train: 32 | counts=[16, 16]
[2026-05-26 18:48:20]     Test:  8 | counts=[4, 4]
[2026-05-26 18:48:20]     Model: SignalJEPA_PreLocal | Pretrained: from_pretrained | Strategy: new
[2026-05-26 18:48:20]     Normalization: none | fit_scope=none
[2026-05-26 18:48:20]     Phase 1 (new): 2,170/16,010 params
[2026-05-26 18:48:21]     Result | best_epoch=23 | stop=73 | final_phase_epochs=73 | acc=0.3750 | bal_acc=0.3750 | pred_hist=[3, 5] | collapse=False
[2026-05-26 18:48:21]     spatial_conv=[4, 29] top_abs_channels=[('Pz', 0.15316157), ('O2', 0.14553984), ('T3', 0.12704431), ('CP3', 0.12255006), ('O1', 0.12212712), ('T4', 0.11917911), ('C3', 0.11466175), ('P3', 0.11175881)]
[2026-05-26 18:48:21]     spatial_update=delta_l2=0.08246948 max_abs=0.01147680 relative=0.06910006 changed=True

[2026-05-26 18:48:21] Fold 5/5 | subject=6
[2026-05-26 18:48:21]     Train: 32 | counts=[16, 16]
[2026-05-26 18:48:21]     Test:  8 | counts=[4, 4]
[2026-05-26 18:48:21]     Model: SignalJEPA_PreLocal | Pretrained: from_pretrained | Strategy: new
[2026-05-26 18:48:21]     Normalization: none | fit_scope=none
[2026-05-26 18:48:21]     Phase 1 (new): 2,170/16,010 params
[2026-05-26 18:48:22]     Result | best_epoch=272 | stop=322 | final_phase_epochs=322 | acc=0.1250 | bal_acc=0.1250 | pred_hist=[5, 3] | collapse=False
[2026-05-26 18:48:22]     spatial_conv=[4, 29] top_abs_channels=[('O2', 0.14509538), ('T6', 0.13897313), ('CP3', 0.13465023), ('Fp1', 0.13464613), ('T3', 0.13425766), ('Fz', 0.12902051), ('Pz', 0.12135363), ('C3', 0.11886537)]
[2026-05-26 18:48:22]     spatial_update=delta_l2=0.72646860 max_abs=0.16572419 relative=0.60869816 changed=True
[2026-05-26 18:48:22]   Subject 6: acc=0.3750±0.2092  bal_acc=0.3750±0.2092
[2026-05-26 18:48:22] \nSubject 7: 40 windows | class_counts=[20, 20]

[2026-05-26 18:48:23] Fold 1/5 | subject=7
[2026-05-26 18:48:23]     Train: 32 | counts=[16, 16]
[2026-05-26 18:48:23]     Test:  8 | counts=[4, 4]
[2026-05-26 18:48:23]     Model: SignalJEPA_PreLocal | Pretrained: from_pretrained | Strategy: new
[2026-05-26 18:48:23]     Normalization: none | fit_scope=none
[2026-05-26 18:48:23]     Phase 1 (new): 2,170/16,010 params
[2026-05-26 18:48:24]     Result | best_epoch=218 | stop=268 | final_phase_epochs=268 | acc=0.8750 | bal_acc=0.8750 | pred_hist=[3, 5] | collapse=False
[2026-05-26 18:48:24]     spatial_conv=[4, 29] top_abs_channels=[('CP4', 0.16553745), ('CP3', 0.15836078), ('Pz', 0.14644235), ('Fp1', 0.12455283), ('Fz', 0.12119748), ('T4', 0.11605344), ('FT7', 0.11454832), ('FT8', 0.10921892)]
[2026-05-26 18:48:24]     spatial_update=delta_l2=0.65556080 max_abs=0.15029469 relative=0.54928548 changed=True

[2026-05-26 18:48:25] Fold 2/5 | subject=7
[2026-05-26 18:48:25]     Train: 32 | counts=[16, 16]
[2026-05-26 18:48:25]     Test:  8 | counts=[4, 4]
[2026-05-26 18:48:25]     Model: SignalJEPA_PreLocal | Pretrained: from_pretrained | Strategy: new
[2026-05-26 18:48:25]     Normalization: none | fit_scope=none
[2026-05-26 18:48:25]     Phase 1 (new): 2,170/16,010 params
[2026-05-26 18:48:25]     Result | best_epoch=150 | stop=199 | final_phase_epochs=199 | acc=0.5000 | bal_acc=0.5000 | pred_hist=[6, 2] | collapse=False
[2026-05-26 18:48:25]     spatial_conv=[4, 29] top_abs_channels=[('CP3', 0.1367927), ('CP4', 0.12810037), ('O2', 0.12806793), ('Pz', 0.1266903), ('Fp1', 0.11999428), ('Fz', 0.11941393), ('F4', 0.11633226), ('P4', 0.11631214)]
[2026-05-26 18:48:25]     spatial_update=delta_l2=0.48716643 max_abs=0.08679135 relative=0.40819013 changed=True

[2026-05-26 18:48:26] Fold 3/5 | subject=7
[2026-05-26 18:48:26]     Train: 32 | counts=[16, 16]
[2026-05-26 18:48:26]     Test:  8 | counts=[4, 4]
[2026-05-26 18:48:26]     Model: SignalJEPA_PreLocal | Pretrained: from_pretrained | Strategy: new
[2026-05-26 18:48:26]     Normalization: none | fit_scope=none
[2026-05-26 18:48:26]     Phase 1 (new): 2,170/16,010 params
[2026-05-26 18:48:27]     Result | best_epoch=228 | stop=277 | final_phase_epochs=277 | acc=0.6250 | bal_acc=0.6250 | pred_hist=[3, 5] | collapse=False
[2026-05-26 18:48:27]     spatial_conv=[4, 29] top_abs_channels=[('CP4', 0.17597409), ('O2', 0.15846264), ('Pz', 0.15256086), ('FT7', 0.1410933), ('O1', 0.12930295), ('C3', 0.12866364), ('CP3', 0.12788492), ('Fz', 0.11661932)]
[2026-05-26 18:48:27]     spatial_update=delta_l2=0.58856197 max_abs=0.11663834 relative=0.49314807 changed=True

[2026-05-26 18:48:28] Fold 4/5 | subject=7
[2026-05-26 18:48:28]     Train: 32 | counts=[16, 16]
[2026-05-26 18:48:28]     Test:  8 | counts=[4, 4]
[2026-05-26 18:48:28]     Model: SignalJEPA_PreLocal | Pretrained: from_pretrained | Strategy: new
[2026-05-26 18:48:28]     Normalization: none | fit_scope=none
[2026-05-26 18:48:28]     Phase 1 (new): 2,170/16,010 params
[2026-05-26 18:48:32]     Result | best_epoch=1148 | stop=1198 | final_phase_epochs=1198 | acc=0.3750 | bal_acc=0.3750 | pred_hist=[3, 5] | collapse=False
[2026-05-26 18:48:32]     spatial_conv=[4, 29] top_abs_channels=[('P3', 0.20327187), ('CP3', 0.20035261), ('TP7', 0.1844433), ('F4', 0.17831132), ('CP4', 0.14883381), ('T5', 0.14674787), ('C4', 0.13584426), ('Pz', 0.11483045)]
[2026-05-26 18:48:32]     spatial_update=delta_l2=1.42518942 max_abs=0.42739999 relative=1.19414684 changed=True

[2026-05-26 18:48:32] Fold 5/5 | subject=7
[2026-05-26 18:48:32]     Train: 32 | counts=[16, 16]
[2026-05-26 18:48:32]     Test:  8 | counts=[4, 4]
[2026-05-26 18:48:32]     Model: SignalJEPA_PreLocal | Pretrained: from_pretrained | Strategy: new
[2026-05-26 18:48:32]     Normalization: none | fit_scope=none
[2026-05-26 18:48:32]     Phase 1 (new): 2,170/16,010 params
[2026-05-26 18:48:34]     Result | best_epoch=343 | stop=393 | final_phase_epochs=393 | acc=0.6250 | bal_acc=0.6250 | pred_hist=[3, 5] | collapse=False
[2026-05-26 18:48:34]     spatial_conv=[4, 29] top_abs_channels=[('CP3', 0.17692265), ('CP4', 0.15788987), ('Pz', 0.15415326), ('FT7', 0.13312046), ('F8', 0.13003677), ('FT8', 0.12898749), ('F3', 0.1232353), ('Fp1', 0.11494919)]
[2026-05-26 18:48:34]     spatial_update=delta_l2=0.81425373 max_abs=0.19983903 relative=0.68225213 changed=True
[2026-05-26 18:48:34]   Subject 7: acc=0.6000±0.1658  bal_acc=0.6000±0.1658
[2026-05-26 18:48:34] \nSubject 8: 40 windows | class_counts=[20, 20]

[2026-05-26 18:48:34] Fold 1/5 | subject=8
[2026-05-26 18:48:34]     Train: 32 | counts=[16, 16]
[2026-05-26 18:48:34]     Test:  8 | counts=[4, 4]
[2026-05-26 18:48:34]     Model: SignalJEPA_PreLocal | Pretrained: from_pretrained | Strategy: new
[2026-05-26 18:48:34]     Normalization: none | fit_scope=none
[2026-05-26 18:48:34]     Phase 1 (new): 2,170/16,010 params
[2026-05-26 18:48:36]     Result | best_epoch=270 | stop=320 | final_phase_epochs=320 | acc=0.5000 | bal_acc=0.5000 | pred_hist=[6, 2] | collapse=False
[2026-05-26 18:48:36]     spatial_conv=[4, 29] top_abs_channels=[('TP7', 0.17224652), ('TP8', 0.16988151), ('CP3', 0.1455169), ('P4', 0.13511391), ('Fz', 0.13418365), ('C3', 0.13065051), ('F7', 0.12904668), ('Pz', 0.12078638)]
[2026-05-26 18:48:36]     spatial_update=delta_l2=0.76234574 max_abs=0.17662464 relative=0.63875913 changed=True

[2026-05-26 18:48:36] Fold 2/5 | subject=8
[2026-05-26 18:48:36]     Train: 32 | counts=[16, 16]
[2026-05-26 18:48:36]     Test:  8 | counts=[4, 4]
[2026-05-26 18:48:36]     Model: SignalJEPA_PreLocal | Pretrained: from_pretrained | Strategy: new
[2026-05-26 18:48:36]     Normalization: none | fit_scope=none
[2026-05-26 18:48:36]     Phase 1 (new): 2,170/16,010 params
[2026-05-26 18:48:37]     Result | best_epoch=218 | stop=268 | final_phase_epochs=268 | acc=0.7500 | bal_acc=0.7500 | pred_hist=[4, 4] | collapse=False
[2026-05-26 18:48:37]     spatial_conv=[4, 29] top_abs_channels=[('CP4', 0.15038401), ('P4', 0.14152867), ('Pz', 0.14142132), ('TP7', 0.14020789), ('TP8', 0.13649774), ('CP3', 0.13552144), ('C3', 0.12393834), ('T4', 0.11827613)]
[2026-05-26 18:48:37]     spatial_update=delta_l2=0.61125419 max_abs=0.14023702 relative=0.51216158 changed=True

[2026-05-26 18:48:38] Fold 3/5 | subject=8
[2026-05-26 18:48:38]     Train: 32 | counts=[16, 16]
[2026-05-26 18:48:38]     Test:  8 | counts=[4, 4]
[2026-05-26 18:48:38]     Model: SignalJEPA_PreLocal | Pretrained: from_pretrained | Strategy: new
[2026-05-26 18:48:38]     Normalization: none | fit_scope=none
[2026-05-26 18:48:38]     Phase 1 (new): 2,170/16,010 params
[2026-05-26 18:48:38]     Result | best_epoch=2 | stop=51 | final_phase_epochs=51 | acc=0.5000 | bal_acc=0.5000 | pred_hist=[0, 8] | collapse=True
[2026-05-26 18:48:38]     spatial_conv=[4, 29] top_abs_channels=[('Pz', 0.15278903), ('O2', 0.14389138), ('T3', 0.12698478), ('O1', 0.12236211), ('T4', 0.12183759), ('CP3', 0.12112439), ('C3', 0.1152309), ('CP4', 0.11118308)]
[2026-05-26 18:48:38]     spatial_update=delta_l2=0.00538505 max_abs=0.00050000 relative=0.00451206 changed=True

[2026-05-26 18:48:38] Fold 4/5 | subject=8
[2026-05-26 18:48:38]     Train: 32 | counts=[16, 16]
[2026-05-26 18:48:38]     Test:  8 | counts=[4, 4]
[2026-05-26 18:48:38]     Model: SignalJEPA_PreLocal | Pretrained: from_pretrained | Strategy: new
[2026-05-26 18:48:38]     Normalization: none | fit_scope=none
[2026-05-26 18:48:38]     Phase 1 (new): 2,170/16,010 params
[2026-05-26 18:48:39]     Result | best_epoch=2 | stop=51 | final_phase_epochs=51 | acc=0.5000 | bal_acc=0.5000 | pred_hist=[0, 8] | collapse=True
[2026-05-26 18:48:39]     spatial_conv=[4, 29] top_abs_channels=[('Pz', 0.15278903), ('O2', 0.14389138), ('T3', 0.12673482), ('O1', 0.12211213), ('T4', 0.1220876), ('CP3', 0.12112439), ('C3', 0.1152309), ('CP4', 0.11118297)]
[2026-05-26 18:48:39]     spatial_update=delta_l2=0.00538501 max_abs=0.00050000 relative=0.00451203 changed=True

[2026-05-26 18:48:39] Fold 5/5 | subject=8
[2026-05-26 18:48:39]     Train: 32 | counts=[16, 16]
[2026-05-26 18:48:39]     Test:  8 | counts=[4, 4]
[2026-05-26 18:48:39]     Model: SignalJEPA_PreLocal | Pretrained: from_pretrained | Strategy: new
[2026-05-26 18:48:39]     Normalization: none | fit_scope=none
[2026-05-26 18:48:39]     Phase 1 (new): 2,170/16,010 params
[2026-05-26 18:48:40]     Result | best_epoch=165 | stop=215 | final_phase_epochs=215 | acc=0.5000 | bal_acc=0.5000 | pred_hist=[6, 2] | collapse=False
[2026-05-26 18:48:40]     spatial_conv=[4, 29] top_abs_channels=[('Pz', 0.15175778), ('C3', 0.1474462), ('CP3', 0.13184157), ('CP4', 0.13026406), ('T4', 0.12045693), ('TP8', 0.11561264), ('O1', 0.11458948), ('F3', 0.11274482)]
[2026-05-26 18:48:40]     spatial_update=delta_l2=0.49999491 max_abs=0.10629509 relative=0.41893894 changed=True
[2026-05-26 18:48:40]   Subject 8: acc=0.5500±0.1000  bal_acc=0.5500±0.1000
[2026-05-26 18:48:40] \nSubject 9: 40 windows | class_counts=[20, 20]

[2026-05-26 18:48:41] Fold 1/5 | subject=9
[2026-05-26 18:48:41]     Train: 32 | counts=[16, 16]
[2026-05-26 18:48:41]     Test:  8 | counts=[4, 4]
[2026-05-26 18:48:41]     Model: SignalJEPA_PreLocal | Pretrained: from_pretrained | Strategy: new
[2026-05-26 18:48:41]     Normalization: none | fit_scope=none
[2026-05-26 18:48:41]     Phase 1 (new): 2,170/16,010 params
[2026-05-26 18:48:41]     Result | best_epoch=62 | stop=108 | final_phase_epochs=108 | acc=0.6250 | bal_acc=0.6250 | pred_hist=[1, 7] | collapse=False
[2026-05-26 18:48:41]     spatial_conv=[4, 29] top_abs_channels=[('O2', 0.15256728), ('Pz', 0.14835502), ('T4', 0.1232003), ('CP3', 0.12266026), ('CP4', 0.12188002), ('T3', 0.12112342), ('Fz', 0.11454174), ('O1', 0.1128992)]
[2026-05-26 18:48:41]     spatial_update=delta_l2=0.19455648 max_abs=0.03114485 relative=0.16301623 changed=True

[2026-05-26 18:48:42] Fold 2/5 | subject=9
[2026-05-26 18:48:42]     Train: 32 | counts=[16, 16]
[2026-05-26 18:48:42]     Test:  8 | counts=[4, 4]
[2026-05-26 18:48:42]     Model: SignalJEPA_PreLocal | Pretrained: from_pretrained | Strategy: new
[2026-05-26 18:48:42]     Normalization: none | fit_scope=none
[2026-05-26 18:48:42]     Phase 1 (new): 2,170/16,010 params
[2026-05-26 18:48:43]     Result | best_epoch=181 | stop=230 | final_phase_epochs=230 | acc=0.3750 | bal_acc=0.3750 | pred_hist=[5, 3] | collapse=False
[2026-05-26 18:48:43]     spatial_conv=[4, 29] top_abs_channels=[('T3', 0.17892723), ('O2', 0.16996191), ('C4', 0.13711733), ('T4', 0.13679159), ('CP3', 0.12621073), ('Pz', 0.11806232), ('O1', 0.11801191), ('P4', 0.10843897)]
[2026-05-26 18:48:43]     spatial_update=delta_l2=0.48232740 max_abs=0.10567462 relative=0.40413557 changed=True

[2026-05-26 18:48:43] Fold 3/5 | subject=9
[2026-05-26 18:48:43]     Train: 32 | counts=[16, 16]
[2026-05-26 18:48:43]     Test:  8 | counts=[4, 4]
[2026-05-26 18:48:43]     Model: SignalJEPA_PreLocal | Pretrained: from_pretrained | Strategy: new
[2026-05-26 18:48:43]     Normalization: none | fit_scope=none
[2026-05-26 18:48:43]     Phase 1 (new): 2,170/16,010 params
[2026-05-26 18:48:44]     Result | best_epoch=77 | stop=125 | final_phase_epochs=125 | acc=0.3750 | bal_acc=0.3750 | pred_hist=[1, 7] | collapse=False
[2026-05-26 18:48:44]     spatial_conv=[4, 29] top_abs_channels=[('O2', 0.15516868), ('T3', 0.15220605), ('T4', 0.12866306), ('Pz', 0.12803665), ('CP3', 0.12729467), ('CP4', 0.10874185), ('P4', 0.1075578), ('FCz', 0.10749103)]
[2026-05-26 18:48:44]     spatial_update=delta_l2=0.22306797 max_abs=0.03972055 relative=0.18690562 changed=True

[2026-05-26 18:48:44] Fold 4/5 | subject=9
[2026-05-26 18:48:44]     Train: 32 | counts=[16, 16]
[2026-05-26 18:48:44]     Test:  8 | counts=[4, 4]
[2026-05-26 18:48:44]     Model: SignalJEPA_PreLocal | Pretrained: from_pretrained | Strategy: new
[2026-05-26 18:48:44]     Normalization: none | fit_scope=none
[2026-05-26 18:48:44]     Phase 1 (new): 2,170/16,010 params
[2026-05-26 18:48:44]     Result | best_epoch=24 | stop=73 | final_phase_epochs=73 | acc=0.6250 | bal_acc=0.6250 | pred_hist=[1, 7] | collapse=False
[2026-05-26 18:48:44]     spatial_conv=[4, 29] top_abs_channels=[('Pz', 0.15466926), ('O2', 0.14691342), ('CP3', 0.12469237), ('T3', 0.12464397), ('T4', 0.12381773), ('O1', 0.12186791), ('C3', 0.11686952), ('CP4', 0.11236445)]
[2026-05-26 18:48:44]     spatial_update=delta_l2=0.07829282 max_abs=0.01160826 relative=0.06560049 changed=True

[2026-05-26 18:48:45] Fold 5/5 | subject=9
[2026-05-26 18:48:45]     Train: 32 | counts=[16, 16]
[2026-05-26 18:48:45]     Test:  8 | counts=[4, 4]
[2026-05-26 18:48:45]     Model: SignalJEPA_PreLocal | Pretrained: from_pretrained | Strategy: new
[2026-05-26 18:48:45]     Normalization: none | fit_scope=none
[2026-05-26 18:48:45]     Phase 1 (new): 2,170/16,010 params
[2026-05-26 18:48:46]     Result | best_epoch=188 | stop=237 | final_phase_epochs=237 | acc=0.2500 | bal_acc=0.2500 | pred_hist=[4, 4] | collapse=False
[2026-05-26 18:48:46]     spatial_conv=[4, 29] top_abs_channels=[('O2', 0.16609733), ('T3', 0.14963923), ('CP3', 0.14125256), ('Pz', 0.13913499), ('T4', 0.13885707), ('C4', 0.12463731), ('F4', 0.11996827), ('C3', 0.11025004)]
[2026-05-26 18:48:46]     spatial_update=delta_l2=0.52202749 max_abs=0.10542035 relative=0.43739974 changed=True
[2026-05-26 18:48:46]   Subject 9: acc=0.4500±0.1500  bal_acc=0.4500±0.1500
[2026-05-26 18:48:46] \nSubject 10: 40 windows | class_counts=[20, 20]

[2026-05-26 18:48:47] Fold 1/5 | subject=10
[2026-05-26 18:48:47]     Train: 32 | counts=[16, 16]
[2026-05-26 18:48:47]     Test:  8 | counts=[4, 4]
[2026-05-26 18:48:47]     Model: SignalJEPA_PreLocal | Pretrained: from_pretrained | Strategy: new
[2026-05-26 18:48:47]     Normalization: none | fit_scope=none
[2026-05-26 18:48:47]     Phase 1 (new): 2,170/16,010 params
[2026-05-26 18:48:47]     Result | best_epoch=1 | stop=51 | final_phase_epochs=51 | acc=0.5000 | bal_acc=0.5000 | pred_hist=[0, 8] | collapse=True
[2026-05-26 18:48:47]     spatial_conv=[4, 29] top_abs_channels=[('Pz', 0.15328901), ('O2', 0.14389138), ('T3', 0.12673481), ('O1', 0.12186212), ('T4', 0.1215876), ('CP3', 0.12112439), ('C3', 0.1152309), ('CP4', 0.11118312)]
[2026-05-26 18:48:47]     spatial_update=delta_l2=0.00538499 max_abs=0.00050000 relative=0.00451201 changed=True

[2026-05-26 18:48:47] Fold 2/5 | subject=10
[2026-05-26 18:48:47]     Train: 32 | counts=[16, 16]
[2026-05-26 18:48:47]     Test:  8 | counts=[4, 4]
[2026-05-26 18:48:47]     Model: SignalJEPA_PreLocal | Pretrained: from_pretrained | Strategy: new
[2026-05-26 18:48:47]     Normalization: none | fit_scope=none
[2026-05-26 18:48:47]     Phase 1 (new): 2,170/16,010 params
[2026-05-26 18:48:47]     Result | best_epoch=3 | stop=51 | final_phase_epochs=51 | acc=0.5000 | bal_acc=0.5000 | pred_hist=[0, 8] | collapse=True
[2026-05-26 18:48:47]     spatial_conv=[4, 29] top_abs_channels=[('Pz', 0.15303899), ('O2', 0.14364138), ('T3', 0.12673479), ('O1', 0.12211213), ('T4', 0.1218376), ('CP3', 0.12137436), ('C3', 0.11498095), ('CP4', 0.11118314)]
[2026-05-26 18:48:47]     spatial_update=delta_l2=0.00538501 max_abs=0.00050000 relative=0.00451203 changed=True

[2026-05-26 18:48:48] Fold 3/5 | subject=10
[2026-05-26 18:48:48]     Train: 32 | counts=[16, 16]
[2026-05-26 18:48:48]     Test:  8 | counts=[4, 4]
[2026-05-26 18:48:48]     Model: SignalJEPA_PreLocal | Pretrained: from_pretrained | Strategy: new
[2026-05-26 18:48:48]     Normalization: none | fit_scope=none
[2026-05-26 18:48:48]     Phase 1 (new): 2,170/16,010 params
[2026-05-26 18:48:51]     Result | best_epoch=583 | stop=633 | final_phase_epochs=633 | acc=0.3750 | bal_acc=0.3750 | pred_hist=[3, 5] | collapse=False
[2026-05-26 18:48:51]     spatial_conv=[4, 29] top_abs_channels=[('CP3', 0.16797498), ('P3', 0.1646807), ('TP7', 0.14466482), ('O2', 0.13829489), ('FT7', 0.1359041), ('T4', 0.13283782), ('F3', 0.13023447), ('T3', 0.1287995)]
[2026-05-26 18:48:51]     spatial_update=delta_l2=1.11165375 max_abs=0.27908468 relative=0.93143957 changed=True

[2026-05-26 18:48:51] Fold 4/5 | subject=10
[2026-05-26 18:48:51]     Train: 32 | counts=[16, 16]
[2026-05-26 18:48:51]     Test:  8 | counts=[4, 4]
[2026-05-26 18:48:51]     Model: SignalJEPA_PreLocal | Pretrained: from_pretrained | Strategy: new
[2026-05-26 18:48:51]     Normalization: none | fit_scope=none
[2026-05-26 18:48:51]     Phase 1 (new): 2,170/16,010 params
[2026-05-26 18:48:54]     Result | best_epoch=654 | stop=704 | final_phase_epochs=704 | acc=0.3750 | bal_acc=0.3750 | pred_hist=[5, 3] | collapse=False
[2026-05-26 18:48:54]     spatial_conv=[4, 29] top_abs_channels=[('FC3', 0.20577972), ('F3', 0.14569768), ('F4', 0.14213029), ('CP3', 0.13533846), ('P3', 0.13432461), ('FCz', 0.13370846), ('CP4', 0.13163657), ('T5', 0.13107)]
[2026-05-26 18:48:54]     spatial_update=delta_l2=1.15185430 max_abs=0.30540758 relative=0.96512306 changed=True

[2026-05-26 18:48:54] Fold 5/5 | subject=10
[2026-05-26 18:48:54]     Train: 32 | counts=[16, 16]
[2026-05-26 18:48:54]     Test:  8 | counts=[4, 4]
[2026-05-26 18:48:54]     Model: SignalJEPA_PreLocal | Pretrained: from_pretrained | Strategy: new
[2026-05-26 18:48:54]     Normalization: none | fit_scope=none
[2026-05-26 18:48:54]     Phase 1 (new): 2,170/16,010 params
[2026-05-26 18:48:55]     Result | best_epoch=298 | stop=348 | final_phase_epochs=348 | acc=0.5000 | bal_acc=0.5000 | pred_hist=[4, 4] | collapse=False
[2026-05-26 18:48:55]     spatial_conv=[4, 29] top_abs_channels=[('CP3', 0.18027142), ('T3', 0.16852282), ('T4', 0.15250143), ('Pz', 0.14316314), ('C4', 0.13788031), ('FT7', 0.1263817), ('F7', 0.11606365), ('Fz', 0.10924423)]
[2026-05-26 18:48:55]     spatial_update=delta_l2=0.83749375 max_abs=0.17918234 relative=0.70172463 changed=True
[2026-05-26 18:48:55]   Subject 10: acc=0.4500±0.0612  bal_acc=0.4500±0.0612
[2026-05-26 18:48:55] \nSubject 11: 40 windows | class_counts=[20, 20]

[2026-05-26 18:48:56] Fold 1/5 | subject=11
[2026-05-26 18:48:56]     Train: 32 | counts=[16, 16]
[2026-05-26 18:48:56]     Test:  8 | counts=[4, 4]
[2026-05-26 18:48:56]     Model: SignalJEPA_PreLocal | Pretrained: from_pretrained | Strategy: new
[2026-05-26 18:48:56]     Normalization: none | fit_scope=none
[2026-05-26 18:48:56]     Phase 1 (new): 2,170/16,010 params
[2026-05-26 18:48:56]     Result | best_epoch=1 | stop=51 | final_phase_epochs=51 | acc=0.5000 | bal_acc=0.5000 | pred_hist=[0, 8] | collapse=True
[2026-05-26 18:48:56]     spatial_conv=[4, 29] top_abs_channels=[('Pz', 0.15303901), ('O2', 0.14414269), ('T3', 0.12673481), ('T4', 0.12233758), ('O1', 0.12186211), ('CP3', 0.12137438), ('C3', 0.1152309), ('CP4', 0.11093313)]
[2026-05-26 18:48:56]     spatial_update=delta_l2=0.00538447 max_abs=0.00050000 relative=0.00451158 changed=True

[2026-05-26 18:48:57] Fold 2/5 | subject=11
[2026-05-26 18:48:57]     Train: 32 | counts=[16, 16]
[2026-05-26 18:48:57]     Test:  8 | counts=[4, 4]
[2026-05-26 18:48:57]     Model: SignalJEPA_PreLocal | Pretrained: from_pretrained | Strategy: new
[2026-05-26 18:48:57]     Normalization: none | fit_scope=none
[2026-05-26 18:48:57]     Phase 1 (new): 2,170/16,010 params
[2026-05-26 18:48:57]     Result | best_epoch=5 | stop=53 | final_phase_epochs=53 | acc=0.5000 | bal_acc=0.5000 | pred_hist=[0, 8] | collapse=True
[2026-05-26 18:48:57]     spatial_conv=[4, 29] top_abs_channels=[('Pz', 0.15306774), ('O2', 0.14377981), ('T3', 0.12778097), ('T4', 0.12206228), ('CP3', 0.12129258), ('O1', 0.12123629), ('C3', 0.1152875), ('CP4', 0.11052486)]
[2026-05-26 18:48:57]     spatial_update=delta_l2=0.01351481 max_abs=0.00150132 relative=0.01132388 changed=True

[2026-05-26 18:48:57] Fold 3/5 | subject=11
[2026-05-26 18:48:57]     Train: 32 | counts=[16, 16]
[2026-05-26 18:48:57]     Test:  8 | counts=[4, 4]
[2026-05-26 18:48:57]     Model: SignalJEPA_PreLocal | Pretrained: from_pretrained | Strategy: new
[2026-05-26 18:48:57]     Normalization: none | fit_scope=none
[2026-05-26 18:48:57]     Phase 1 (new): 2,170/16,010 params
[2026-05-26 18:48:58]     Result | best_epoch=87 | stop=135 | final_phase_epochs=135 | acc=0.3750 | bal_acc=0.3750 | pred_hist=[3, 5] | collapse=False
[2026-05-26 18:48:58]     spatial_conv=[4, 29] top_abs_channels=[('Pz', 0.16470712), ('CP3', 0.14738902), ('O2', 0.13070199), ('T4', 0.12641019), ('T3', 0.11900549), ('T5', 0.11772922), ('C3', 0.11609313), ('CP4', 0.11513397)]
[2026-05-26 18:48:58]     spatial_update=delta_l2=0.27356657 max_abs=0.04965724 relative=0.22921771 changed=True

[2026-05-26 18:48:59] Fold 4/5 | subject=11
[2026-05-26 18:48:59]     Train: 32 | counts=[16, 16]
[2026-05-26 18:48:59]     Test:  8 | counts=[4, 4]
[2026-05-26 18:48:59]     Model: SignalJEPA_PreLocal | Pretrained: from_pretrained | Strategy: new
[2026-05-26 18:48:59]     Normalization: none | fit_scope=none
[2026-05-26 18:48:59]     Phase 1 (new): 2,170/16,010 params
[2026-05-26 18:48:59]     Result | best_epoch=78 | stop=126 | final_phase_epochs=126 | acc=0.3750 | bal_acc=0.3750 | pred_hist=[1, 7] | collapse=False
[2026-05-26 18:48:59]     spatial_conv=[4, 29] top_abs_channels=[('Pz', 0.14445311), ('O2', 0.1373553), ('T4', 0.13710083), ('CP3', 0.13234493), ('T3', 0.12731639), ('O1', 0.11413112), ('CP4', 0.11282653), ('Fz', 0.11209978)]
[2026-05-26 18:48:59]     spatial_update=delta_l2=0.24370377 max_abs=0.04308598 relative=0.20419608 changed=True

[2026-05-26 18:49:00] Fold 5/5 | subject=11
[2026-05-26 18:49:00]     Train: 32 | counts=[16, 16]
[2026-05-26 18:49:00]     Test:  8 | counts=[4, 4]
[2026-05-26 18:49:00]     Model: SignalJEPA_PreLocal | Pretrained: from_pretrained | Strategy: new
[2026-05-26 18:49:00]     Normalization: none | fit_scope=none
[2026-05-26 18:49:00]     Phase 1 (new): 2,170/16,010 params
[2026-05-26 18:49:00]     Result | best_epoch=1 | stop=51 | final_phase_epochs=51 | acc=0.5000 | bal_acc=0.5000 | pred_hist=[0, 8] | collapse=True
[2026-05-26 18:49:00]     spatial_conv=[4, 29] top_abs_channels=[('Pz', 0.15278903), ('O2', 0.14414136), ('T3', 0.12698479), ('O1', 0.12211212), ('T4', 0.12183759), ('CP3', 0.12137438), ('C3', 0.11498018), ('CP4', 0.11068314)]
[2026-05-26 18:49:00]     spatial_update=delta_l2=0.00538475 max_abs=0.00050000 relative=0.00451181 changed=True
[2026-05-26 18:49:00]   Subject 11: acc=0.4500±0.0612  bal_acc=0.4500±0.0612
[2026-05-26 18:49:00] \nSubject 12: 40 windows | class_counts=[20, 20]

[2026-05-26 18:49:00] Fold 1/5 | subject=12
[2026-05-26 18:49:00]     Train: 32 | counts=[16, 16]
[2026-05-26 18:49:00]     Test:  8 | counts=[4, 4]
[2026-05-26 18:49:00]     Model: SignalJEPA_PreLocal | Pretrained: from_pretrained | Strategy: new
[2026-05-26 18:49:00]     Normalization: none | fit_scope=none
[2026-05-26 18:49:00]     Phase 1 (new): 2,170/16,010 params
[2026-05-26 18:49:00]     Result | best_epoch=1 | stop=51 | final_phase_epochs=51 | acc=0.5000 | bal_acc=0.5000 | pred_hist=[0, 8] | collapse=True
[2026-05-26 18:49:00]     spatial_conv=[4, 29] top_abs_channels=[('Pz', 0.15353897), ('O2', 0.14389138), ('T3', 0.12648478), ('T4', 0.12233759), ('O1', 0.12161215), ('CP3', 0.12137438), ('C3', 0.11523089), ('CP4', 0.11093313)]
[2026-05-26 18:49:00]     spatial_update=delta_l2=0.00538490 max_abs=0.00050000 relative=0.00451193 changed=True

[2026-05-26 18:49:01] Fold 2/5 | subject=12
[2026-05-26 18:49:01]     Train: 32 | counts=[16, 16]
[2026-05-26 18:49:01]     Test:  8 | counts=[4, 4]
[2026-05-26 18:49:01]     Model: SignalJEPA_PreLocal | Pretrained: from_pretrained | Strategy: new
[2026-05-26 18:49:01]     Normalization: none | fit_scope=none
[2026-05-26 18:49:01]     Phase 1 (new): 2,170/16,010 params
[2026-05-26 18:49:01]     Result | best_epoch=2 | stop=52 | final_phase_epochs=52 | acc=0.5000 | bal_acc=0.5000 | pred_hist=[0, 8] | collapse=True
[2026-05-26 18:49:01]     spatial_conv=[4, 29] top_abs_channels=[('Pz', 0.15364358), ('O2', 0.14389548), ('T3', 0.12577501), ('CP3', 0.12202217), ('T4', 0.12195154), ('O1', 0.12113003), ('C3', 0.11471593), ('CP4', 0.1108445)]
[2026-05-26 18:49:01]     spatial_update=delta_l2=0.00897166 max_abs=0.00100063 relative=0.00751724 changed=True

[2026-05-26 18:49:02] Fold 3/5 | subject=12
[2026-05-26 18:49:02]     Train: 32 | counts=[16, 16]
[2026-05-26 18:49:02]     Test:  8 | counts=[4, 4]
[2026-05-26 18:49:02]     Model: SignalJEPA_PreLocal | Pretrained: from_pretrained | Strategy: new
[2026-05-26 18:49:02]     Normalization: none | fit_scope=none
[2026-05-26 18:49:02]     Phase 1 (new): 2,170/16,010 params
[2026-05-26 18:49:02]     Result | best_epoch=115 | stop=164 | final_phase_epochs=164 | acc=0.5000 | bal_acc=0.5000 | pred_hist=[4, 4] | collapse=False
[2026-05-26 18:49:02]     spatial_conv=[4, 29] top_abs_channels=[('O2', 0.18073936), ('Pz', 0.14924905), ('CP3', 0.1451076), ('P4', 0.11962608), ('TP7', 0.11936758), ('CP4', 0.11472007), ('T3', 0.10657181), ('C4', 0.10180567)]
[2026-05-26 18:49:02]     spatial_update=delta_l2=0.39592207 max_abs=0.06654926 relative=0.33173772 changed=True

[2026-05-26 18:49:03] Fold 4/5 | subject=12
[2026-05-26 18:49:03]     Train: 32 | counts=[16, 16]
[2026-05-26 18:49:03]     Test:  8 | counts=[4, 4]
[2026-05-26 18:49:03]     Model: SignalJEPA_PreLocal | Pretrained: from_pretrained | Strategy: new
[2026-05-26 18:49:03]     Normalization: none | fit_scope=none
[2026-05-26 18:49:03]     Phase 1 (new): 2,170/16,010 params
[2026-05-26 18:49:03]     Result | best_epoch=1 | stop=51 | final_phase_epochs=51 | acc=0.5000 | bal_acc=0.5000 | pred_hist=[0, 8] | collapse=True
[2026-05-26 18:49:03]     spatial_conv=[4, 29] top_abs_channels=[('Pz', 0.15303901), ('O2', 0.14389138), ('T3', 0.1262348), ('T4', 0.12233758), ('O1', 0.12186212), ('CP3', 0.1211244), ('C3', 0.11498091), ('CP4', 0.11068314)]
[2026-05-26 18:49:03]     spatial_update=delta_l2=0.00538507 max_abs=0.00050000 relative=0.00451208 changed=True

[2026-05-26 18:49:03] Fold 5/5 | subject=12
[2026-05-26 18:49:03]     Train: 32 | counts=[16, 16]
[2026-05-26 18:49:03]     Test:  8 | counts=[4, 4]
[2026-05-26 18:49:03]     Model: SignalJEPA_PreLocal | Pretrained: from_pretrained | Strategy: new
[2026-05-26 18:49:03]     Normalization: none | fit_scope=none
[2026-05-26 18:49:03]     Phase 1 (new): 2,170/16,010 params
[2026-05-26 18:49:05]     Result | best_epoch=218 | stop=268 | final_phase_epochs=268 | acc=0.3750 | bal_acc=0.3750 | pred_hist=[7, 1] | collapse=False
[2026-05-26 18:49:05]     spatial_conv=[4, 29] top_abs_channels=[('Pz', 0.18765157), ('FCz', 0.15228163), ('C4', 0.15120687), ('CP3', 0.14873427), ('O2', 0.14013827), ('CP4', 0.13584183), ('FT7', 0.13465403), ('Cz', 0.1212028)]
[2026-05-26 18:49:05]     spatial_update=delta_l2=0.58559042 max_abs=0.13265663 relative=0.49065825 changed=True
[2026-05-26 18:49:05]   Subject 12: acc=0.4750±0.0500  bal_acc=0.4750±0.0500
[2026-05-26 18:49:05] \nSubject 13: 40 windows | class_counts=[20, 20]

[2026-05-26 18:49:05] Fold 1/5 | subject=13
[2026-05-26 18:49:05]     Train: 32 | counts=[16, 16]
[2026-05-26 18:49:05]     Test:  8 | counts=[4, 4]
[2026-05-26 18:49:05]     Model: SignalJEPA_PreLocal | Pretrained: from_pretrained | Strategy: new
[2026-05-26 18:49:05]     Normalization: none | fit_scope=none
[2026-05-26 18:49:05]     Phase 1 (new): 2,170/16,010 params
[2026-05-26 18:49:05]     Result | best_epoch=1 | stop=51 | final_phase_epochs=51 | acc=0.6250 | bal_acc=0.6250 | pred_hist=[1, 7] | collapse=False
[2026-05-26 18:49:05]     spatial_conv=[4, 29] top_abs_channels=[('Pz', 0.15303899), ('O2', 0.14389138), ('T3', 0.1264848), ('T4', 0.12258756), ('O1', 0.12236211), ('CP3', 0.1211244), ('C3', 0.11523119), ('CP4', 0.11093313)]
[2026-05-26 18:49:05]     spatial_update=delta_l2=0.00538469 max_abs=0.00050000 relative=0.00451176 changed=True

[2026-05-26 18:49:06] Fold 2/5 | subject=13
[2026-05-26 18:49:06]     Train: 32 | counts=[16, 16]
[2026-05-26 18:49:06]     Test:  8 | counts=[4, 4]
[2026-05-26 18:49:06]     Model: SignalJEPA_PreLocal | Pretrained: from_pretrained | Strategy: new
[2026-05-26 18:49:06]     Normalization: none | fit_scope=none
[2026-05-26 18:49:06]     Phase 1 (new): 2,170/16,010 params
[2026-05-26 18:49:06]     Result | best_epoch=2 | stop=51 | final_phase_epochs=51 | acc=0.5000 | bal_acc=0.5000 | pred_hist=[0, 8] | collapse=True
[2026-05-26 18:49:06]     spatial_conv=[4, 29] top_abs_channels=[('Pz', 0.15303902), ('O2', 0.14389138), ('T3', 0.12673478), ('T4', 0.12258758), ('O1', 0.12236211), ('CP3', 0.12087439), ('C3', 0.1152309), ('CP4', 0.11093313)]
[2026-05-26 18:49:06]     spatial_update=delta_l2=0.00538499 max_abs=0.00050000 relative=0.00451201 changed=True

[2026-05-26 18:49:06] Fold 3/5 | subject=13
[2026-05-26 18:49:06]     Train: 32 | counts=[16, 16]
[2026-05-26 18:49:06]     Test:  8 | counts=[4, 4]
[2026-05-26 18:49:06]     Model: SignalJEPA_PreLocal | Pretrained: from_pretrained | Strategy: new
[2026-05-26 18:49:06]     Normalization: none | fit_scope=none
[2026-05-26 18:49:06]     Phase 1 (new): 2,170/16,010 params
[2026-05-26 18:49:08]     Result | best_epoch=232 | stop=282 | final_phase_epochs=282 | acc=0.8750 | bal_acc=0.8750 | pred_hist=[5, 3] | collapse=False
[2026-05-26 18:49:08]     spatial_conv=[4, 29] top_abs_channels=[('O2', 0.17537601), ('FCz', 0.17199877), ('O1', 0.15271705), ('P3', 0.13117357), ('Pz', 0.12596333), ('Fz', 0.12261783), ('C4', 0.12022166), ('Fp2', 0.11442922)]
[2026-05-26 18:49:08]     spatial_update=delta_l2=0.69621780 max_abs=0.14810960 relative=0.58335143 changed=True

[2026-05-26 18:49:08] Fold 4/5 | subject=13
[2026-05-26 18:49:08]     Train: 32 | counts=[16, 16]
[2026-05-26 18:49:08]     Test:  8 | counts=[4, 4]
[2026-05-26 18:49:08]     Model: SignalJEPA_PreLocal | Pretrained: from_pretrained | Strategy: new
[2026-05-26 18:49:08]     Normalization: none | fit_scope=none
[2026-05-26 18:49:08]     Phase 1 (new): 2,170/16,010 params
[2026-05-26 18:49:09]     Result | best_epoch=1 | stop=51 | final_phase_epochs=51 | acc=0.5000 | bal_acc=0.5000 | pred_hist=[0, 8] | collapse=True
[2026-05-26 18:49:09]     spatial_conv=[4, 29] top_abs_channels=[('Pz', 0.15328908), ('O2', 0.14389144), ('T3', 0.1264848), ('O1', 0.12211212), ('T4', 0.1220876), ('CP3', 0.12112439), ('C3', 0.11523089), ('CP4', 0.11093313)]
[2026-05-26 18:49:09]     spatial_update=delta_l2=0.00538485 max_abs=0.00050000 relative=0.00451190 changed=True

[2026-05-26 18:49:09] Fold 5/5 | subject=13
[2026-05-26 18:49:09]     Train: 32 | counts=[16, 16]
[2026-05-26 18:49:09]     Test:  8 | counts=[4, 4]
[2026-05-26 18:49:09]     Model: SignalJEPA_PreLocal | Pretrained: from_pretrained | Strategy: new
[2026-05-26 18:49:09]     Normalization: none | fit_scope=none
[2026-05-26 18:49:09]     Phase 1 (new): 2,170/16,010 params
[2026-05-26 18:49:09]     Result | best_epoch=1 | stop=51 | final_phase_epochs=51 | acc=0.3750 | bal_acc=0.3750 | pred_hist=[1, 7] | collapse=False
[2026-05-26 18:49:09]     spatial_conv=[4, 29] top_abs_channels=[('Pz', 0.15328892), ('O2', 0.14389138), ('T3', 0.12648492), ('T4', 0.12233761), ('O1', 0.12211212), ('CP3', 0.1211244), ('C3', 0.11548088), ('CP4', 0.11118313)]
[2026-05-26 18:49:09]     spatial_update=delta_l2=0.00538488 max_abs=0.00050000 relative=0.00451192 changed=True
[2026-05-26 18:49:09]   Subject 13: acc=0.5750±0.1696  bal_acc=0.5750±0.1696
[2026-05-26 18:49:09] \nSubject 14: 40 windows | class_counts=[20, 20]

[2026-05-26 18:49:10] Fold 1/5 | subject=14
[2026-05-26 18:49:10]     Train: 32 | counts=[16, 16]
[2026-05-26 18:49:10]     Test:  8 | counts=[4, 4]
[2026-05-26 18:49:10]     Model: SignalJEPA_PreLocal | Pretrained: from_pretrained | Strategy: new
[2026-05-26 18:49:10]     Normalization: none | fit_scope=none
[2026-05-26 18:49:10]     Phase 1 (new): 2,170/16,010 params
[2026-05-26 18:49:10]     Result | best_epoch=1 | stop=51 | final_phase_epochs=51 | acc=0.6250 | bal_acc=0.6250 | pred_hist=[1, 7] | collapse=False
[2026-05-26 18:49:10]     spatial_conv=[4, 29] top_abs_channels=[('Pz', 0.15278901), ('O2', 0.14439137), ('T3', 0.1262348), ('T4', 0.1220876), ('O1', 0.12186213), ('CP3', 0.12137437), ('C3', 0.1152309), ('CP4', 0.11068314)]
[2026-05-26 18:49:10]     spatial_update=delta_l2=0.00538503 max_abs=0.00050000 relative=0.00451204 changed=True

[2026-05-26 18:49:11] Fold 2/5 | subject=14
[2026-05-26 18:49:11]     Train: 32 | counts=[16, 16]
[2026-05-26 18:49:11]     Test:  8 | counts=[4, 4]
[2026-05-26 18:49:11]     Model: SignalJEPA_PreLocal | Pretrained: from_pretrained | Strategy: new
[2026-05-26 18:49:11]     Normalization: none | fit_scope=none
[2026-05-26 18:49:11]     Phase 1 (new): 2,170/16,010 params
[2026-05-26 18:49:11]     Result | best_epoch=133 | stop=182 | final_phase_epochs=182 | acc=0.2500 | bal_acc=0.2500 | pred_hist=[6, 2] | collapse=False
[2026-05-26 18:49:11]     spatial_conv=[4, 29] top_abs_channels=[('CP3', 0.1371901), ('P3', 0.13239534), ('O2', 0.13193706), ('O1', 0.12664178), ('Cz', 0.12576382), ('CP4', 0.12032741), ('P4', 0.11699435), ('T4', 0.11532938)]
[2026-05-26 18:49:11]     spatial_update=delta_l2=0.42651606 max_abs=0.07776861 relative=0.35737201 changed=True

[2026-05-26 18:49:12] Fold 3/5 | subject=14
[2026-05-26 18:49:12]     Train: 32 | counts=[16, 16]
[2026-05-26 18:49:12]     Test:  8 | counts=[4, 4]
[2026-05-26 18:49:12]     Model: SignalJEPA_PreLocal | Pretrained: from_pretrained | Strategy: new
[2026-05-26 18:49:12]     Normalization: none | fit_scope=none
[2026-05-26 18:49:12]     Phase 1 (new): 2,170/16,010 params
[2026-05-26 18:49:15]     Result | best_epoch=702 | stop=752 | final_phase_epochs=752 | acc=0.5000 | bal_acc=0.5000 | pred_hist=[4, 4] | collapse=False
[2026-05-26 18:49:15]     spatial_conv=[4, 29] top_abs_channels=[('TP7', 0.19541359), ('C4', 0.18930992), ('CP3', 0.15833415), ('Oz', 0.14157729), ('CP4', 0.13951389), ('P3', 0.13060686), ('Fz', 0.1170854), ('F4', 0.11606514)]
[2026-05-26 18:49:15]     spatial_update=delta_l2=1.13803495 max_abs=0.29095791 relative=0.95354401 changed=True

[2026-05-26 18:49:15] Fold 4/5 | subject=14
[2026-05-26 18:49:15]     Train: 32 | counts=[16, 16]
[2026-05-26 18:49:15]     Test:  8 | counts=[4, 4]
[2026-05-26 18:49:15]     Model: SignalJEPA_PreLocal | Pretrained: from_pretrained | Strategy: new
[2026-05-26 18:49:15]     Normalization: none | fit_scope=none
[2026-05-26 18:49:15]     Phase 1 (new): 2,170/16,010 params
[2026-05-26 18:49:16]     Result | best_epoch=1 | stop=51 | final_phase_epochs=51 | acc=0.5000 | bal_acc=0.5000 | pred_hist=[0, 8] | collapse=True
[2026-05-26 18:49:16]     spatial_conv=[4, 29] top_abs_channels=[('Pz', 0.15253903), ('O2', 0.14389138), ('T3', 0.1262348), ('O1', 0.12211212), ('T4', 0.12208758), ('CP3', 0.12112439), ('C3', 0.1152309), ('CP4', 0.11043319)]
[2026-05-26 18:49:16]     spatial_update=delta_l2=0.00538483 max_abs=0.00050000 relative=0.00451188 changed=True

[2026-05-26 18:49:16] Fold 5/5 | subject=14
[2026-05-26 18:49:16]     Train: 32 | counts=[16, 16]
[2026-05-26 18:49:16]     Test:  8 | counts=[4, 4]
[2026-05-26 18:49:16]     Model: SignalJEPA_PreLocal | Pretrained: from_pretrained | Strategy: new
[2026-05-26 18:49:16]     Normalization: none | fit_scope=none
[2026-05-26 18:49:16]     Phase 1 (new): 2,170/16,010 params
[2026-05-26 18:49:16]     Result | best_epoch=3 | stop=51 | final_phase_epochs=51 | acc=0.5000 | bal_acc=0.5000 | pred_hist=[0, 8] | collapse=True
[2026-05-26 18:49:16]     spatial_conv=[4, 29] top_abs_channels=[('Pz', 0.15328896), ('O2', 0.14414138), ('T3', 0.12623484), ('O1', 0.12236211), ('T4', 0.1218376), ('CP3', 0.1208744), ('C3', 0.1152309), ('CP4', 0.11118311)]
[2026-05-26 18:49:16]     spatial_update=delta_l2=0.00538499 max_abs=0.00050000 relative=0.00451201 changed=True
[2026-05-26 18:49:16]   Subject 14: acc=0.4750±0.1225  bal_acc=0.4750±0.1225
[2026-05-26 18:49:16] \nSubject 15: 40 windows | class_counts=[20, 20]

[2026-05-26 18:49:17] Fold 1/5 | subject=15
[2026-05-26 18:49:17]     Train: 32 | counts=[16, 16]
[2026-05-26 18:49:17]     Test:  8 | counts=[4, 4]
[2026-05-26 18:49:17]     Model: SignalJEPA_PreLocal | Pretrained: from_pretrained | Strategy: new
[2026-05-26 18:49:17]     Normalization: none | fit_scope=none
[2026-05-26 18:49:17]     Phase 1 (new): 2,170/16,010 params
[2026-05-26 18:49:20]     Result | best_epoch=673 | stop=723 | final_phase_epochs=723 | acc=0.7500 | bal_acc=0.7500 | pred_hist=[4, 4] | collapse=False
[2026-05-26 18:49:20]     spatial_conv=[4, 29] top_abs_channels=[('T3', 0.16823667), ('Pz', 0.15216707), ('TP8', 0.1419563), ('C3', 0.12883885), ('Oz', 0.12295938), ('F7', 0.12171395), ('Fp1', 0.11272093), ('FT7', 0.11161862)]
[2026-05-26 18:49:20]     spatial_update=delta_l2=1.02683834 max_abs=0.21788679 relative=0.86037389 changed=True

[2026-05-26 18:49:20] Fold 2/5 | subject=15
[2026-05-26 18:49:20]     Train: 32 | counts=[16, 16]
[2026-05-26 18:49:20]     Test:  8 | counts=[4, 4]
[2026-05-26 18:49:20]     Model: SignalJEPA_PreLocal | Pretrained: from_pretrained | Strategy: new
[2026-05-26 18:49:20]     Normalization: none | fit_scope=none
[2026-05-26 18:49:20]     Phase 1 (new): 2,170/16,010 params
[2026-05-26 18:49:20]     Result | best_epoch=10 | stop=59 | final_phase_epochs=59 | acc=0.5000 | bal_acc=0.5000 | pred_hist=[0, 8] | collapse=True
[2026-05-26 18:49:20]     spatial_conv=[4, 29] top_abs_channels=[('Pz', 0.15352283), ('O2', 0.14367595), ('T3', 0.12747326), ('CP3', 0.12081598), ('O1', 0.12047594), ('T4', 0.11992334), ('C3', 0.11719559), ('CP4', 0.10955906)]
[2026-05-26 18:49:20]     spatial_update=delta_l2=0.03402297 max_abs=0.00447487 relative=0.02850738 changed=True

[2026-05-26 18:49:21] Fold 3/5 | subject=15
[2026-05-26 18:49:21]     Train: 32 | counts=[16, 16]
[2026-05-26 18:49:21]     Test:  8 | counts=[4, 4]
[2026-05-26 18:49:21]     Model: SignalJEPA_PreLocal | Pretrained: from_pretrained | Strategy: new
[2026-05-26 18:49:21]     Normalization: none | fit_scope=none
[2026-05-26 18:49:21]     Phase 1 (new): 2,170/16,010 params
[2026-05-26 18:49:22]     Result | best_epoch=447 | stop=496 | final_phase_epochs=496 | acc=0.3750 | bal_acc=0.3750 | pred_hist=[3, 5] | collapse=False
[2026-05-26 18:49:22]     spatial_conv=[4, 29] top_abs_channels=[('O2', 0.15547633), ('Oz', 0.12025725), ('Pz', 0.11799878), ('FT7', 0.11291179), ('C3', 0.11131908), ('P3', 0.10794389), ('Cz', 0.10764429), ('P4', 0.10568206)]
[2026-05-26 18:49:22]     spatial_update=delta_l2=0.85924104 max_abs=0.19050149 relative=0.71994639 changed=True

[2026-05-26 18:49:23] Fold 4/5 | subject=15
[2026-05-26 18:49:23]     Train: 32 | counts=[16, 16]
[2026-05-26 18:49:23]     Test:  8 | counts=[4, 4]
[2026-05-26 18:49:23]     Model: SignalJEPA_PreLocal | Pretrained: from_pretrained | Strategy: new
[2026-05-26 18:49:23]     Normalization: none | fit_scope=none
[2026-05-26 18:49:23]     Phase 1 (new): 2,170/16,010 params
[2026-05-26 18:49:25]     Result | best_epoch=411 | stop=460 | final_phase_epochs=460 | acc=0.7500 | bal_acc=0.7500 | pred_hist=[6, 2] | collapse=False
[2026-05-26 18:49:25]     spatial_conv=[4, 29] top_abs_channels=[('Fp1', 0.12585939), ('TP8', 0.12092914), ('T6', 0.11685354), ('Pz', 0.11611159), ('CP3', 0.11423998), ('F7', 0.11138697), ('C3', 0.11070441), ('T4', 0.11001083)]
[2026-05-26 18:49:25]     spatial_update=delta_l2=0.92341173 max_abs=0.22385683 relative=0.77371413 changed=True

[2026-05-26 18:49:25] Fold 5/5 | subject=15
[2026-05-26 18:49:25]     Train: 32 | counts=[16, 16]
[2026-05-26 18:49:25]     Test:  8 | counts=[4, 4]
[2026-05-26 18:49:25]     Model: SignalJEPA_PreLocal | Pretrained: from_pretrained | Strategy: new
[2026-05-26 18:49:25]     Normalization: none | fit_scope=none
[2026-05-26 18:49:25]     Phase 1 (new): 2,170/16,010 params
[2026-05-26 18:49:25]     Result | best_epoch=10 | stop=60 | final_phase_epochs=60 | acc=0.5000 | bal_acc=0.5000 | pred_hist=[0, 8] | collapse=True
[2026-05-26 18:49:25]     spatial_conv=[4, 29] top_abs_channels=[('Pz', 0.15305151), ('O2', 0.14443889), ('T3', 0.1263476), ('CP3', 0.12164794), ('T4', 0.12119097), ('O1', 0.11963723), ('C3', 0.11543436), ('Fp1', 0.10994619)]
[2026-05-26 18:49:25]     spatial_update=delta_l2=0.03744594 max_abs=0.00502506 relative=0.03137544 changed=True
[2026-05-26 18:49:25]   Subject 15: acc=0.5750±0.1500  bal_acc=0.5750±0.1500
[2026-05-26 18:49:25] \nSubject 16: 40 windows | class_counts=[20, 20]

[2026-05-26 18:49:26] Fold 1/5 | subject=16
[2026-05-26 18:49:26]     Train: 32 | counts=[16, 16]
[2026-05-26 18:49:26]     Test:  8 | counts=[4, 4]
[2026-05-26 18:49:26]     Model: SignalJEPA_PreLocal | Pretrained: from_pretrained | Strategy: new
[2026-05-26 18:49:26]     Normalization: none | fit_scope=none
[2026-05-26 18:49:26]     Phase 1 (new): 2,170/16,010 params
[2026-05-26 18:49:26]     Result | best_epoch=1 | stop=51 | final_phase_epochs=51 | acc=0.5000 | bal_acc=0.5000 | pred_hist=[0, 8] | collapse=True
[2026-05-26 18:49:26]     spatial_conv=[4, 29] top_abs_channels=[('Pz', 0.15278904), ('O2', 0.14439137), ('T3', 0.1264848), ('T4', 0.12258758), ('O1', 0.12136213), ('CP3', 0.12087439), ('C3', 0.11548091), ('CP4', 0.11118311)]
[2026-05-26 18:49:26]     spatial_update=delta_l2=0.00538498 max_abs=0.00050000 relative=0.00451200 changed=True

[2026-05-26 18:49:27] Fold 2/5 | subject=16
[2026-05-26 18:49:27]     Train: 32 | counts=[16, 16]
[2026-05-26 18:49:27]     Test:  8 | counts=[4, 4]
[2026-05-26 18:49:27]     Model: SignalJEPA_PreLocal | Pretrained: from_pretrained | Strategy: new
[2026-05-26 18:49:27]     Normalization: none | fit_scope=none
[2026-05-26 18:49:27]     Phase 1 (new): 2,170/16,010 params
[2026-05-26 18:49:27]     Result | best_epoch=1 | stop=51 | final_phase_epochs=51 | acc=0.5000 | bal_acc=0.5000 | pred_hist=[0, 8] | collapse=True
[2026-05-26 18:49:27]     spatial_conv=[4, 29] top_abs_channels=[('Pz', 0.15278901), ('O2', 0.14414138), ('T3', 0.12673475), ('T4', 0.12233759), ('O1', 0.12136213), ('CP3', 0.12087439), ('C3', 0.1152309), ('CP4', 0.11143312)]
[2026-05-26 18:49:27]     spatial_update=delta_l2=0.00538493 max_abs=0.00050000 relative=0.00451196 changed=True

[2026-05-26 18:49:27] Fold 3/5 | subject=16
[2026-05-26 18:49:27]     Train: 32 | counts=[16, 16]
[2026-05-26 18:49:27]     Test:  8 | counts=[4, 4]
[2026-05-26 18:49:27]     Model: SignalJEPA_PreLocal | Pretrained: from_pretrained | Strategy: new
[2026-05-26 18:49:27]     Normalization: none | fit_scope=none
[2026-05-26 18:49:27]     Phase 1 (new): 2,170/16,010 params
[2026-05-26 18:49:27]     Result | best_epoch=1 | stop=51 | final_phase_epochs=51 | acc=0.5000 | bal_acc=0.5000 | pred_hist=[0, 8] | collapse=True
[2026-05-26 18:49:27]     spatial_conv=[4, 29] top_abs_channels=[('Pz', 0.15303899), ('O2', 0.14414138), ('T3', 0.12623483), ('T4', 0.12208757), ('O1', 0.12186217), ('CP3', 0.12112439), ('C3', 0.11498091), ('CP4', 0.11093314)]
[2026-05-26 18:49:27]     spatial_update=delta_l2=0.00538465 max_abs=0.00050000 relative=0.00451173 changed=True

[2026-05-26 18:49:28] Fold 4/5 | subject=16
[2026-05-26 18:49:28]     Train: 32 | counts=[16, 16]
[2026-05-26 18:49:28]     Test:  8 | counts=[4, 4]
[2026-05-26 18:49:28]     Model: SignalJEPA_PreLocal | Pretrained: from_pretrained | Strategy: new
[2026-05-26 18:49:28]     Normalization: none | fit_scope=none
[2026-05-26 18:49:28]     Phase 1 (new): 2,170/16,010 params
[2026-05-26 18:49:33]     Result | best_epoch=1270 | stop=1318 | final_phase_epochs=1318 | acc=0.6250 | bal_acc=0.6250 | pred_hist=[3, 5] | collapse=False
[2026-05-26 18:49:33]     spatial_conv=[4, 29] top_abs_channels=[('Fz', 0.1807082), ('T5', 0.16895314), ('C4', 0.1607773), ('T6', 0.15801764), ('CP3', 0.14516348), ('FT8', 0.13994014), ('O2', 0.11791445), ('F8', 0.11115519)]
[2026-05-26 18:49:33]     spatial_update=delta_l2=1.34171367 max_abs=0.35523313 relative=1.12420365 changed=True

[2026-05-26 18:49:33] Fold 5/5 | subject=16
[2026-05-26 18:49:33]     Train: 32 | counts=[16, 16]
[2026-05-26 18:49:33]     Test:  8 | counts=[4, 4]
[2026-05-26 18:49:33]     Model: SignalJEPA_PreLocal | Pretrained: from_pretrained | Strategy: new
[2026-05-26 18:49:33]     Normalization: none | fit_scope=none
[2026-05-26 18:49:33]     Phase 1 (new): 2,170/16,010 params
[2026-05-26 18:49:33]     Result | best_epoch=1 | stop=51 | final_phase_epochs=51 | acc=0.5000 | bal_acc=0.5000 | pred_hist=[0, 8] | collapse=True
[2026-05-26 18:49:33]     spatial_conv=[4, 29] top_abs_channels=[('Pz', 0.152789), ('O2', 0.14414138), ('T3', 0.1264848), ('T4', 0.12183761), ('O1', 0.12161218), ('CP3', 0.12112439), ('C3', 0.1154809), ('CP4', 0.11118314)]
[2026-05-26 18:49:33]     spatial_update=delta_l2=0.00538497 max_abs=0.00050000 relative=0.00451199 changed=True
[2026-05-26 18:49:33]   Subject 16: acc=0.5250±0.0500  bal_acc=0.5250±0.0500
[2026-05-26 18:49:33] \nSubject 17: 40 windows | class_counts=[20, 20]

[2026-05-26 18:49:34] Fold 1/5 | subject=17
[2026-05-26 18:49:34]     Train: 32 | counts=[16, 16]
[2026-05-26 18:49:34]     Test:  8 | counts=[4, 4]
[2026-05-26 18:49:34]     Model: SignalJEPA_PreLocal | Pretrained: from_pretrained | Strategy: new
[2026-05-26 18:49:34]     Normalization: none | fit_scope=none
[2026-05-26 18:49:34]     Phase 1 (new): 2,170/16,010 params
[2026-05-26 18:49:35]     Result | best_epoch=298 | stop=347 | final_phase_epochs=347 | acc=0.3750 | bal_acc=0.3750 | pred_hist=[7, 1] | collapse=False
[2026-05-26 18:49:35]     spatial_conv=[4, 29] top_abs_channels=[('CP4', 0.18375108), ('C4', 0.18294758), ('Fz', 0.16032884), ('T3', 0.12922674), ('Cz', 0.12721924), ('O2', 0.12245769), ('Fp2', 0.11463008), ('Oz', 0.11029267)]
[2026-05-26 18:49:35]     spatial_update=delta_l2=0.77853052 max_abs=0.18281280 relative=0.65232014 changed=True

[2026-05-26 18:49:35] Fold 2/5 | subject=17
[2026-05-26 18:49:35]     Train: 32 | counts=[16, 16]
[2026-05-26 18:49:35]     Test:  8 | counts=[4, 4]
[2026-05-26 18:49:35]     Model: SignalJEPA_PreLocal | Pretrained: from_pretrained | Strategy: new
[2026-05-26 18:49:35]     Normalization: none | fit_scope=none
[2026-05-26 18:49:35]     Phase 1 (new): 2,170/16,010 params
[2026-05-26 18:49:36]     Result | best_epoch=1 | stop=51 | final_phase_epochs=51 | acc=0.5000 | bal_acc=0.5000 | pred_hist=[0, 8] | collapse=True
[2026-05-26 18:49:36]     spatial_conv=[4, 29] top_abs_channels=[('Pz', 0.15303902), ('O2', 0.14389138), ('T3', 0.1264848), ('O1', 0.12211212), ('T4', 0.1218376), ('CP3', 0.1208744), ('C3', 0.11473092), ('CP4', 0.1109331)]
[2026-05-26 18:49:36]     spatial_update=delta_l2=0.00538479 max_abs=0.00050000 relative=0.00451184 changed=True

[2026-05-26 18:49:36] Fold 3/5 | subject=17
[2026-05-26 18:49:36]     Train: 32 | counts=[16, 16]
[2026-05-26 18:49:36]     Test:  8 | counts=[4, 4]
[2026-05-26 18:49:36]     Model: SignalJEPA_PreLocal | Pretrained: from_pretrained | Strategy: new
[2026-05-26 18:49:36]     Normalization: none | fit_scope=none
[2026-05-26 18:49:36]     Phase 1 (new): 2,170/16,010 params
[2026-05-26 18:49:36]     Result | best_epoch=1 | stop=51 | final_phase_epochs=51 | acc=0.3750 | bal_acc=0.3750 | pred_hist=[1, 7] | collapse=False
[2026-05-26 18:49:36]     spatial_conv=[4, 29] top_abs_channels=[('Pz', 0.15278901), ('O2', 0.14439137), ('T3', 0.1264848), ('T4', 0.1220876), ('CP3', 0.12137435), ('O1', 0.12136213), ('C3', 0.11523087), ('CP4', 0.11093313)]
[2026-05-26 18:49:36]     spatial_update=delta_l2=0.00538505 max_abs=0.00050000 relative=0.00451206 changed=True

[2026-05-26 18:49:37] Fold 4/5 | subject=17
[2026-05-26 18:49:37]     Train: 32 | counts=[16, 16]
[2026-05-26 18:49:37]     Test:  8 | counts=[4, 4]
[2026-05-26 18:49:37]     Model: SignalJEPA_PreLocal | Pretrained: from_pretrained | Strategy: new
[2026-05-26 18:49:37]     Normalization: none | fit_scope=none
[2026-05-26 18:49:37]     Phase 1 (new): 2,170/16,010 params
[2026-05-26 18:49:37]     Result | best_epoch=2 | stop=51 | final_phase_epochs=51 | acc=0.5000 | bal_acc=0.5000 | pred_hist=[0, 8] | collapse=True
[2026-05-26 18:49:37]     spatial_conv=[4, 29] top_abs_channels=[('Pz', 0.15303913), ('O2', 0.14364144), ('T3', 0.12673479), ('T4', 0.1220876), ('O1', 0.12186211), ('CP3', 0.12112439), ('C3', 0.11548089), ('CP4', 0.11093313)]
[2026-05-26 18:49:37]     spatial_update=delta_l2=0.00538491 max_abs=0.00050000 relative=0.00451194 changed=True

[2026-05-26 18:49:38] Fold 5/5 | subject=17
[2026-05-26 18:49:38]     Train: 32 | counts=[16, 16]
[2026-05-26 18:49:38]     Test:  8 | counts=[4, 4]
[2026-05-26 18:49:38]     Model: SignalJEPA_PreLocal | Pretrained: from_pretrained | Strategy: new
[2026-05-26 18:49:38]     Normalization: none | fit_scope=none
[2026-05-26 18:49:38]     Phase 1 (new): 2,170/16,010 params
[2026-05-26 18:49:38]     Result | best_epoch=64 | stop=113 | final_phase_epochs=113 | acc=0.5000 | bal_acc=0.5000 | pred_hist=[2, 6] | collapse=False
[2026-05-26 18:49:38]     spatial_conv=[4, 29] top_abs_channels=[('O2', 0.1516318), ('Pz', 0.1446978), ('T3', 0.12328304), ('T4', 0.12256343), ('C3', 0.12081984), ('Fz', 0.12050474), ('O1', 0.11579682), ('CP3', 0.1145149)]
[2026-05-26 18:49:38]     spatial_update=delta_l2=0.20166555 max_abs=0.03417486 relative=0.16897282 changed=True
[2026-05-26 18:49:38]   Subject 17: acc=0.4500±0.0612  bal_acc=0.4500±0.0612
[2026-05-26 18:49:38] \nSubject 18: 40 windows | class_counts=[20, 20]

[2026-05-26 18:49:39] Fold 1/5 | subject=18
[2026-05-26 18:49:39]     Train: 32 | counts=[16, 16]
[2026-05-26 18:49:39]     Test:  8 | counts=[4, 4]
[2026-05-26 18:49:39]     Model: SignalJEPA_PreLocal | Pretrained: from_pretrained | Strategy: new
[2026-05-26 18:49:39]     Normalization: none | fit_scope=none
[2026-05-26 18:49:39]     Phase 1 (new): 2,170/16,010 params
[2026-05-26 18:49:43]     Result | best_epoch=1241 | stop=1291 | final_phase_epochs=1291 | acc=1.0000 | bal_acc=1.0000 | pred_hist=[4, 4] | collapse=False
[2026-05-26 18:49:43]     spatial_conv=[4, 29] top_abs_channels=[('P4', 0.21386847), ('TP8', 0.20335746), ('Cz', 0.19085681), ('FT8', 0.15370595), ('P3', 0.14144444), ('FCz', 0.13832162), ('Fz', 0.12388307), ('T3', 0.12340824)]
[2026-05-26 18:49:43]     spatial_update=delta_l2=1.56544110 max_abs=0.40175231 relative=1.31166182 changed=True

[2026-05-26 18:49:44] Fold 2/5 | subject=18
[2026-05-26 18:49:44]     Train: 32 | counts=[16, 16]
[2026-05-26 18:49:44]     Test:  8 | counts=[4, 4]
[2026-05-26 18:49:44]     Model: SignalJEPA_PreLocal | Pretrained: from_pretrained | Strategy: new
[2026-05-26 18:49:44]     Normalization: none | fit_scope=none
[2026-05-26 18:49:44]     Phase 1 (new): 2,170/16,010 params
[2026-05-26 18:49:46]     Result | best_epoch=626 | stop=676 | final_phase_epochs=676 | acc=1.0000 | bal_acc=1.0000 | pred_hist=[4, 4] | collapse=False
[2026-05-26 18:49:46]     spatial_conv=[4, 29] top_abs_channels=[('FT8', 0.23679042), ('TP8', 0.21238564), ('Oz', 0.16392069), ('Cz', 0.14762565), ('P4', 0.1340526), ('TP7', 0.13350669), ('O1', 0.13085556), ('FCz', 0.10456021)]
[2026-05-26 18:49:46]     spatial_update=delta_l2=1.30133727 max_abs=0.32720409 relative=1.09037281 changed=True

[2026-05-26 18:49:47] Fold 3/5 | subject=18
[2026-05-26 18:49:47]     Train: 32 | counts=[16, 16]
[2026-05-26 18:49:47]     Test:  8 | counts=[4, 4]
[2026-05-26 18:49:47]     Model: SignalJEPA_PreLocal | Pretrained: from_pretrained | Strategy: new
[2026-05-26 18:49:47]     Normalization: none | fit_scope=none
[2026-05-26 18:49:47]     Phase 1 (new): 2,170/16,010 params
[2026-05-26 18:49:50]     Result | best_epoch=978 | stop=1027 | final_phase_epochs=1027 | acc=1.0000 | bal_acc=1.0000 | pred_hist=[4, 4] | collapse=False
[2026-05-26 18:49:50]     spatial_conv=[4, 29] top_abs_channels=[('P4', 0.22976488), ('FT8', 0.21201187), ('TP8', 0.1927375), ('Oz', 0.16192919), ('C3', 0.15491438), ('Cz', 0.14556777), ('P3', 0.12824894), ('TP7', 0.12417199)]
[2026-05-26 18:49:50]     spatial_update=delta_l2=1.51611602 max_abs=0.34857833 relative=1.27033300 changed=True

[2026-05-26 18:49:51] Fold 4/5 | subject=18
[2026-05-26 18:49:51]     Train: 32 | counts=[16, 16]
[2026-05-26 18:49:51]     Test:  8 | counts=[4, 4]
[2026-05-26 18:49:51]     Model: SignalJEPA_PreLocal | Pretrained: from_pretrained | Strategy: new
[2026-05-26 18:49:51]     Normalization: none | fit_scope=none
[2026-05-26 18:49:51]     Phase 1 (new): 2,170/16,010 params
[2026-05-26 18:49:56]     Result | best_epoch=1267 | stop=1317 | final_phase_epochs=1317 | acc=0.8750 | bal_acc=0.8750 | pred_hist=[3, 5] | collapse=False
[2026-05-26 18:49:56]     spatial_conv=[4, 29] top_abs_channels=[('P4', 0.22431836), ('FT8', 0.19434214), ('FCz', 0.19225), ('TP8', 0.18460989), ('Oz', 0.14394455), ('P3', 0.12670018), ('C3', 0.11813242), ('Fz', 0.11166933)]
[2026-05-26 18:49:56]     spatial_update=delta_l2=1.49878561 max_abs=0.40114645 relative=1.25581209 changed=True

[2026-05-26 18:49:56] Fold 5/5 | subject=18
[2026-05-26 18:49:56]     Train: 32 | counts=[16, 16]
[2026-05-26 18:49:56]     Test:  8 | counts=[4, 4]
[2026-05-26 18:49:56]     Model: SignalJEPA_PreLocal | Pretrained: from_pretrained | Strategy: new
[2026-05-26 18:49:56]     Normalization: none | fit_scope=none
[2026-05-26 18:49:56]     Phase 1 (new): 2,170/16,010 params
[2026-05-26 18:49:59]     Result | best_epoch=804 | stop=854 | final_phase_epochs=854 | acc=0.8750 | bal_acc=0.8750 | pred_hist=[5, 3] | collapse=False
[2026-05-26 18:49:59]     spatial_conv=[4, 29] top_abs_channels=[('FT8', 0.20125142), ('P4', 0.17327777), ('TP8', 0.16604131), ('C3', 0.15556267), ('FCz', 0.14315595), ('CP3', 0.1352856), ('T5', 0.1258086), ('Fz', 0.11803803)]
[2026-05-26 18:49:59]     spatial_update=delta_l2=1.34448547 max_abs=0.36773157 relative=1.12652610 changed=True
[2026-05-26 18:49:59]   Subject 18: acc=0.9500±0.0612  bal_acc=0.9500±0.0612
[2026-05-26 18:49:59] \nSubject 19: 40 windows | class_counts=[20, 20]

[2026-05-26 18:50:00] Fold 1/5 | subject=19
[2026-05-26 18:50:00]     Train: 32 | counts=[16, 16]
[2026-05-26 18:50:00]     Test:  8 | counts=[4, 4]
[2026-05-26 18:50:00]     Model: SignalJEPA_PreLocal | Pretrained: from_pretrained | Strategy: new
[2026-05-26 18:50:00]     Normalization: none | fit_scope=none
[2026-05-26 18:50:00]     Phase 1 (new): 2,170/16,010 params
[2026-05-26 18:50:00]     Result | best_epoch=3 | stop=51 | final_phase_epochs=51 | acc=0.5000 | bal_acc=0.5000 | pred_hist=[0, 8] | collapse=True
[2026-05-26 18:50:00]     spatial_conv=[4, 29] top_abs_channels=[('Pz', 0.15353899), ('O2', 0.14389138), ('T3', 0.12723476), ('O1', 0.12236211), ('T4', 0.1218376), ('CP3', 0.1208744), ('C3', 0.11548114), ('CP4', 0.11093311)]
[2026-05-26 18:50:00]     spatial_update=delta_l2=0.00538488 max_abs=0.00050000 relative=0.00451192 changed=True

[2026-05-26 18:50:00] Fold 2/5 | subject=19
[2026-05-26 18:50:00]     Train: 32 | counts=[16, 16]
[2026-05-26 18:50:00]     Test:  8 | counts=[4, 4]
[2026-05-26 18:50:00]     Model: SignalJEPA_PreLocal | Pretrained: from_pretrained | Strategy: new
[2026-05-26 18:50:00]     Normalization: none | fit_scope=none
[2026-05-26 18:50:00]     Phase 1 (new): 2,170/16,010 params
[2026-05-26 18:50:03]     Result | best_epoch=600 | stop=648 | final_phase_epochs=648 | acc=0.1250 | bal_acc=0.1250 | pred_hist=[5, 3] | collapse=False
[2026-05-26 18:50:03]     spatial_conv=[4, 29] top_abs_channels=[('CP3', 0.17769693), ('C4', 0.17532772), ('FT7', 0.17341816), ('T3', 0.15996683), ('FC4', 0.15754278), ('TP7', 0.14736514), ('F7', 0.1419201), ('C3', 0.13667731)]
[2026-05-26 18:50:03]     spatial_update=delta_l2=1.14332747 max_abs=0.36365195 relative=0.95797854 changed=True

[2026-05-26 18:50:04] Fold 3/5 | subject=19
[2026-05-26 18:50:04]     Train: 32 | counts=[16, 16]
[2026-05-26 18:50:04]     Test:  8 | counts=[4, 4]
[2026-05-26 18:50:04]     Model: SignalJEPA_PreLocal | Pretrained: from_pretrained | Strategy: new
[2026-05-26 18:50:04]     Normalization: none | fit_scope=none
[2026-05-26 18:50:04]     Phase 1 (new): 2,170/16,010 params
[2026-05-26 18:50:04]     Result | best_epoch=1 | stop=51 | final_phase_epochs=51 | acc=0.5000 | bal_acc=0.5000 | pred_hist=[0, 8] | collapse=True
[2026-05-26 18:50:04]     spatial_conv=[4, 29] top_abs_channels=[('Pz', 0.15328911), ('O2', 0.14389138), ('T3', 0.12673479), ('O1', 0.12211212), ('T4', 0.1218376), ('CP3', 0.12112439), ('C3', 0.11573088), ('CP4', 0.11118314)]
[2026-05-26 18:50:04]     spatial_update=delta_l2=0.00538499 max_abs=0.00050000 relative=0.00451201 changed=True

[2026-05-26 18:50:04] Fold 4/5 | subject=19
[2026-05-26 18:50:04]     Train: 32 | counts=[16, 16]
[2026-05-26 18:50:04]     Test:  8 | counts=[4, 4]
[2026-05-26 18:50:04]     Model: SignalJEPA_PreLocal | Pretrained: from_pretrained | Strategy: new
[2026-05-26 18:50:04]     Normalization: none | fit_scope=none
[2026-05-26 18:50:04]     Phase 1 (new): 2,170/16,010 params
[2026-05-26 18:50:04]     Result | best_epoch=1 | stop=51 | final_phase_epochs=51 | acc=0.5000 | bal_acc=0.5000 | pred_hist=[0, 8] | collapse=True
[2026-05-26 18:50:04]     spatial_conv=[4, 29] top_abs_channels=[('Pz', 0.15303902), ('O2', 0.14464135), ('T3', 0.12648478), ('T4', 0.12233758), ('O1', 0.12186213), ('CP3', 0.12087442), ('C3', 0.1154809), ('CP4', 0.11068314)]
[2026-05-26 18:50:04]     spatial_update=delta_l2=0.00538500 max_abs=0.00050000 relative=0.00451202 changed=True

[2026-05-26 18:50:05] Fold 5/5 | subject=19
[2026-05-26 18:50:05]     Train: 32 | counts=[16, 16]
[2026-05-26 18:50:05]     Test:  8 | counts=[4, 4]
[2026-05-26 18:50:05]     Model: SignalJEPA_PreLocal | Pretrained: from_pretrained | Strategy: new
[2026-05-26 18:50:05]     Normalization: none | fit_scope=none
[2026-05-26 18:50:05]     Phase 1 (new): 2,170/16,010 params
[2026-05-26 18:50:06]     Result | best_epoch=256 | stop=306 | final_phase_epochs=306 | acc=0.3750 | bal_acc=0.3750 | pred_hist=[7, 1] | collapse=False
[2026-05-26 18:50:06]     spatial_conv=[4, 29] top_abs_channels=[('Pz', 0.17716497), ('CP3', 0.16683926), ('O2', 0.1488058), ('T3', 0.14091927), ('P4', 0.13862929), ('T4', 0.13686615), ('Fz', 0.13526736), ('TP8', 0.12511805)]
[2026-05-26 18:50:06]     spatial_update=delta_l2=0.59568893 max_abs=0.13730625 relative=0.49911965 changed=True
[2026-05-26 18:50:06]   Subject 19: acc=0.4000±0.1458  bal_acc=0.4000±0.1458
[2026-05-26 18:50:06] \nSubject 20: 40 windows | class_counts=[20, 20]

[2026-05-26 18:50:07] Fold 1/5 | subject=20
[2026-05-26 18:50:07]     Train: 32 | counts=[16, 16]
[2026-05-26 18:50:07]     Test:  8 | counts=[4, 4]
[2026-05-26 18:50:07]     Model: SignalJEPA_PreLocal | Pretrained: from_pretrained | Strategy: new
[2026-05-26 18:50:07]     Normalization: none | fit_scope=none
[2026-05-26 18:50:07]     Phase 1 (new): 2,170/16,010 params
[2026-05-26 18:50:10]     Result | best_epoch=736 | stop=786 | final_phase_epochs=786 | acc=0.6250 | bal_acc=0.6250 | pred_hist=[5, 3] | collapse=False
[2026-05-26 18:50:10]     spatial_conv=[4, 29] top_abs_channels=[('Fz', 0.19511311), ('F8', 0.16383106), ('TP7', 0.16329542), ('Cz', 0.15857658), ('O1', 0.1251846), ('F4', 0.11775225), ('T4', 0.11548974), ('T6', 0.10225962)]
[2026-05-26 18:50:10]     spatial_update=delta_l2=1.11446116 max_abs=0.30138288 relative=0.93379185 changed=True

[2026-05-26 18:50:10] Fold 2/5 | subject=20
[2026-05-26 18:50:10]     Train: 32 | counts=[16, 16]
[2026-05-26 18:50:10]     Test:  8 | counts=[4, 4]
[2026-05-26 18:50:10]     Model: SignalJEPA_PreLocal | Pretrained: from_pretrained | Strategy: new
[2026-05-26 18:50:10]     Normalization: none | fit_scope=none
[2026-05-26 18:50:10]     Phase 1 (new): 2,170/16,010 params
[2026-05-26 18:50:10]     Result | best_epoch=6 | stop=56 | final_phase_epochs=56 | acc=0.3750 | bal_acc=0.3750 | pred_hist=[1, 7] | collapse=False
[2026-05-26 18:50:10]     spatial_conv=[4, 29] top_abs_channels=[('Pz', 0.15161392), ('O2', 0.14349419), ('T3', 0.12811804), ('T4', 0.12273632), ('O1', 0.12234665), ('CP3', 0.12191492), ('C3', 0.11397418), ('CP4', 0.11095407)]
[2026-05-26 18:50:10]     spatial_update=delta_l2=0.02504947 max_abs=0.00299782 relative=0.02098861 changed=True

[2026-05-26 18:50:11] Fold 3/5 | subject=20
[2026-05-26 18:50:11]     Train: 32 | counts=[16, 16]
[2026-05-26 18:50:11]     Test:  8 | counts=[4, 4]
[2026-05-26 18:50:11]     Model: SignalJEPA_PreLocal | Pretrained: from_pretrained | Strategy: new
[2026-05-26 18:50:11]     Normalization: none | fit_scope=none
[2026-05-26 18:50:11]     Phase 1 (new): 2,170/16,010 params
[2026-05-26 18:50:11]     Result | best_epoch=1 | stop=51 | final_phase_epochs=51 | acc=0.5000 | bal_acc=0.5000 | pred_hist=[0, 8] | collapse=True
[2026-05-26 18:50:11]     spatial_conv=[4, 29] top_abs_channels=[('Pz', 0.15328896), ('O2', 0.14389139), ('T3', 0.12698479), ('T4', 0.12233768), ('O1', 0.12186212), ('CP3', 0.12112439), ('C3', 0.11498091), ('CP4', 0.11043316)]
[2026-05-26 18:50:11]     spatial_update=delta_l2=0.00538493 max_abs=0.00050000 relative=0.00451196 changed=True

[2026-05-26 18:50:12] Fold 4/5 | subject=20
[2026-05-26 18:50:12]     Train: 32 | counts=[16, 16]
[2026-05-26 18:50:12]     Test:  8 | counts=[4, 4]
[2026-05-26 18:50:12]     Model: SignalJEPA_PreLocal | Pretrained: from_pretrained | Strategy: new
[2026-05-26 18:50:12]     Normalization: none | fit_scope=none
[2026-05-26 18:50:12]     Phase 1 (new): 2,170/16,010 params
[2026-05-26 18:50:13]     Result | best_epoch=233 | stop=283 | final_phase_epochs=283 | acc=0.8750 | bal_acc=0.8750 | pred_hist=[5, 3] | collapse=False
[2026-05-26 18:50:13]     spatial_conv=[4, 29] top_abs_channels=[('T4', 0.16947292), ('Pz', 0.14602186), ('O1', 0.13347876), ('TP7', 0.12819417), ('Fz', 0.12378789), ('FCz', 0.11868224), ('O2', 0.11339665), ('Fp1', 0.11192653)]
[2026-05-26 18:50:13]     spatial_update=delta_l2=0.67470627 max_abs=0.13925417 relative=0.56532721 changed=True

[2026-05-26 18:50:14] Fold 5/5 | subject=20
[2026-05-26 18:50:14]     Train: 32 | counts=[16, 16]
[2026-05-26 18:50:14]     Test:  8 | counts=[4, 4]
[2026-05-26 18:50:14]     Model: SignalJEPA_PreLocal | Pretrained: from_pretrained | Strategy: new
[2026-05-26 18:50:14]     Normalization: none | fit_scope=none
[2026-05-26 18:50:14]     Phase 1 (new): 2,170/16,010 params
[2026-05-26 18:50:17]     Result | best_epoch=752 | stop=802 | final_phase_epochs=802 | acc=0.6250 | bal_acc=0.6250 | pred_hist=[5, 3] | collapse=False
[2026-05-26 18:50:17]     spatial_conv=[4, 29] top_abs_channels=[('F8', 0.19700369), ('Pz', 0.17000362), ('O1', 0.1533763), ('Fz', 0.14899099), ('TP7', 0.1459499), ('P3', 0.13863383), ('T6', 0.1325866), ('F3', 0.12999514)]
[2026-05-26 18:50:17]     spatial_update=delta_l2=1.13235317 max_abs=0.32732711 relative=0.94878333 changed=True
[2026-05-26 18:50:17]   Subject 20: acc=0.6000±0.1658  bal_acc=0.6000±0.1658
[2026-05-26 18:50:17] \nSubject 21: 40 windows | class_counts=[20, 20]

[2026-05-26 18:50:17] Fold 1/5 | subject=21
[2026-05-26 18:50:17]     Train: 32 | counts=[16, 16]
[2026-05-26 18:50:17]     Test:  8 | counts=[4, 4]
[2026-05-26 18:50:17]     Model: SignalJEPA_PreLocal | Pretrained: from_pretrained | Strategy: new
[2026-05-26 18:50:17]     Normalization: none | fit_scope=none
[2026-05-26 18:50:17]     Phase 1 (new): 2,170/16,010 params
[2026-05-26 18:50:18]     Result | best_epoch=125 | stop=172 | final_phase_epochs=172 | acc=0.5000 | bal_acc=0.5000 | pred_hist=[6, 2] | collapse=False
[2026-05-26 18:50:18]     spatial_conv=[4, 29] top_abs_channels=[('Pz', 0.16820467), ('O2', 0.14788659), ('Fp1', 0.13922198), ('CP4', 0.13771486), ('CP3', 0.13441336), ('O1', 0.11878838), ('F7', 0.11353774), ('T3', 0.11323973)]
[2026-05-26 18:50:18]     spatial_update=delta_l2=0.35677190 max_abs=0.07297956 relative=0.29893433 changed=True

[2026-05-26 18:50:18] Fold 2/5 | subject=21
[2026-05-26 18:50:18]     Train: 32 | counts=[16, 16]
[2026-05-26 18:50:18]     Test:  8 | counts=[4, 4]
[2026-05-26 18:50:18]     Model: SignalJEPA_PreLocal | Pretrained: from_pretrained | Strategy: new
[2026-05-26 18:50:18]     Normalization: none | fit_scope=none
[2026-05-26 18:50:18]     Phase 1 (new): 2,170/16,010 params
[2026-05-26 18:50:19]     Result | best_epoch=232 | stop=282 | final_phase_epochs=282 | acc=0.6250 | bal_acc=0.6250 | pred_hist=[1, 7] | collapse=False
[2026-05-26 18:50:19]     spatial_conv=[4, 29] top_abs_channels=[('Pz', 0.17468505), ('Fp1', 0.16177364), ('F7', 0.155811), ('T3', 0.14848147), ('Fz', 0.14187412), ('CP4', 0.12721279), ('O2', 0.10941033), ('O1', 0.10704765)]
[2026-05-26 18:50:19]     spatial_update=delta_l2=0.56845520 max_abs=0.15185937 relative=0.47630089 changed=True

[2026-05-26 18:50:20] Fold 3/5 | subject=21
[2026-05-26 18:50:20]     Train: 32 | counts=[16, 16]
[2026-05-26 18:50:20]     Test:  8 | counts=[4, 4]
[2026-05-26 18:50:20]     Model: SignalJEPA_PreLocal | Pretrained: from_pretrained | Strategy: new
[2026-05-26 18:50:20]     Normalization: none | fit_scope=none
[2026-05-26 18:50:20]     Phase 1 (new): 2,170/16,010 params
[2026-05-26 18:50:20]     Result | best_epoch=97 | stop=147 | final_phase_epochs=147 | acc=0.5000 | bal_acc=0.5000 | pred_hist=[4, 4] | collapse=False
[2026-05-26 18:50:20]     spatial_conv=[4, 29] top_abs_channels=[('Pz', 0.15262723), ('T3', 0.14364834), ('O2', 0.13588555), ('Fp1', 0.133461), ('CP4', 0.1316191), ('O1', 0.12937103), ('CP3', 0.12774882), ('P3', 0.1212624)]
[2026-05-26 18:50:20]     spatial_update=delta_l2=0.29180164 max_abs=0.05573049 relative=0.24449662 changed=True

[2026-05-26 18:50:21] Fold 4/5 | subject=21
[2026-05-26 18:50:21]     Train: 32 | counts=[16, 16]
[2026-05-26 18:50:21]     Test:  8 | counts=[4, 4]
[2026-05-26 18:50:21]     Model: SignalJEPA_PreLocal | Pretrained: from_pretrained | Strategy: new
[2026-05-26 18:50:21]     Normalization: none | fit_scope=none
[2026-05-26 18:50:21]     Phase 1 (new): 2,170/16,010 params
[2026-05-26 18:50:22]     Result | best_epoch=171 | stop=221 | final_phase_epochs=221 | acc=0.7500 | bal_acc=0.7500 | pred_hist=[4, 4] | collapse=False
[2026-05-26 18:50:22]     spatial_conv=[4, 29] top_abs_channels=[('O2', 0.15544157), ('CP4', 0.15151219), ('Pz', 0.1474337), ('Fp1', 0.14052752), ('CP3', 0.1352146), ('O1', 0.12424154), ('Fz', 0.1207836), ('T3', 0.11690249)]
[2026-05-26 18:50:22]     spatial_update=delta_l2=0.47497968 max_abs=0.09894153 relative=0.39797902 changed=True

[2026-05-26 18:50:22] Fold 5/5 | subject=21
[2026-05-26 18:50:22]     Train: 32 | counts=[16, 16]
[2026-05-26 18:50:22]     Test:  8 | counts=[4, 4]
[2026-05-26 18:50:22]     Model: SignalJEPA_PreLocal | Pretrained: from_pretrained | Strategy: new
[2026-05-26 18:50:22]     Normalization: none | fit_scope=none
[2026-05-26 18:50:22]     Phase 1 (new): 2,170/16,010 params
[2026-05-26 18:50:24]     Result | best_epoch=458 | stop=508 | final_phase_epochs=508 | acc=0.6250 | bal_acc=0.6250 | pred_hist=[3, 5] | collapse=False
[2026-05-26 18:50:24]     spatial_conv=[4, 29] top_abs_channels=[('Oz', 0.2060044), ('Fp1', 0.14668046), ('Pz', 0.1439919), ('CP4', 0.1368033), ('C3', 0.12657563), ('Cz', 0.12529881), ('CP3', 0.1248403), ('F4', 0.12190938)]
[2026-05-26 18:50:24]     spatial_update=delta_l2=1.06138425 max_abs=0.21793609 relative=0.88931944 changed=True
[2026-05-26 18:50:24]   Subject 21: acc=0.6000±0.0935  bal_acc=0.6000±0.0935
[2026-05-26 18:50:24] \nSubject 22: 40 windows | class_counts=[20, 20]

[2026-05-26 18:50:25] Fold 1/5 | subject=22
[2026-05-26 18:50:25]     Train: 32 | counts=[16, 16]
[2026-05-26 18:50:25]     Test:  8 | counts=[4, 4]
[2026-05-26 18:50:25]     Model: SignalJEPA_PreLocal | Pretrained: from_pretrained | Strategy: new
[2026-05-26 18:50:25]     Normalization: none | fit_scope=none
[2026-05-26 18:50:25]     Phase 1 (new): 2,170/16,010 params
[2026-05-26 18:50:26]     Result | best_epoch=225 | stop=275 | final_phase_epochs=275 | acc=0.8750 | bal_acc=0.8750 | pred_hist=[5, 3] | collapse=False
[2026-05-26 18:50:26]     spatial_conv=[4, 29] top_abs_channels=[('Pz', 0.14802369), ('CP3', 0.13704285), ('F7', 0.12590119), ('Fz', 0.12513483), ('FC4', 0.12492543), ('FCz', 0.11886119), ('O2', 0.11519293), ('Fp1', 0.11220908)]
[2026-05-26 18:50:26]     spatial_update=delta_l2=0.52531756 max_abs=0.12061296 relative=0.44015644 changed=True

[2026-05-26 18:50:26] Fold 2/5 | subject=22
[2026-05-26 18:50:26]     Train: 32 | counts=[16, 16]
[2026-05-26 18:50:26]     Test:  8 | counts=[4, 4]
[2026-05-26 18:50:26]     Model: SignalJEPA_PreLocal | Pretrained: from_pretrained | Strategy: new
[2026-05-26 18:50:26]     Normalization: none | fit_scope=none
[2026-05-26 18:50:26]     Phase 1 (new): 2,170/16,010 params
[2026-05-26 18:50:31]     Result | best_epoch=1386 | stop=1436 | final_phase_epochs=1436 | acc=0.7500 | bal_acc=0.7500 | pred_hist=[4, 4] | collapse=False
[2026-05-26 18:50:31]     spatial_conv=[4, 29] top_abs_channels=[('FC4', 0.26251498), ('CP3', 0.18203172), ('P4', 0.13729082), ('FCz', 0.13612933), ('C3', 0.12997407), ('C4', 0.1186654), ('TP8', 0.1120878), ('Pz', 0.10477358)]
[2026-05-26 18:50:31]     spatial_update=delta_l2=1.21392083 max_abs=0.31985223 relative=1.01712776 changed=True

[2026-05-26 18:50:32] Fold 3/5 | subject=22
[2026-05-26 18:50:32]     Train: 32 | counts=[16, 16]
[2026-05-26 18:50:32]     Test:  8 | counts=[4, 4]
[2026-05-26 18:50:32]     Model: SignalJEPA_PreLocal | Pretrained: from_pretrained | Strategy: new
[2026-05-26 18:50:32]     Normalization: none | fit_scope=none
[2026-05-26 18:50:32]     Phase 1 (new): 2,170/16,010 params
[2026-05-26 18:50:33]     Result | best_epoch=388 | stop=438 | final_phase_epochs=438 | acc=0.8750 | bal_acc=0.8750 | pred_hist=[3, 5] | collapse=False
[2026-05-26 18:50:33]     spatial_conv=[4, 29] top_abs_channels=[('CP3', 0.16309896), ('FC4', 0.13586229), ('Pz', 0.13293402), ('FCz', 0.13021623), ('C4', 0.1290165), ('C3', 0.12646407), ('Fz', 0.12499998), ('TP8', 0.11995918)]
[2026-05-26 18:50:33]     spatial_update=delta_l2=0.73388297 max_abs=0.18321761 relative=0.61491056 changed=True

[2026-05-26 18:50:34] Fold 4/5 | subject=22
[2026-05-26 18:50:34]     Train: 32 | counts=[16, 16]
[2026-05-26 18:50:34]     Test:  8 | counts=[4, 4]
[2026-05-26 18:50:34]     Model: SignalJEPA_PreLocal | Pretrained: from_pretrained | Strategy: new
[2026-05-26 18:50:34]     Normalization: none | fit_scope=none
[2026-05-26 18:50:34]     Phase 1 (new): 2,170/16,010 params
[2026-05-26 18:50:36]     Result | best_epoch=446 | stop=496 | final_phase_epochs=496 | acc=1.0000 | bal_acc=1.0000 | pred_hist=[4, 4] | collapse=False
[2026-05-26 18:50:36]     spatial_conv=[4, 29] top_abs_channels=[('F7', 0.15695705), ('CP3', 0.13719669), ('C4', 0.13233569), ('Pz', 0.12934534), ('Oz', 0.12597194), ('Fz', 0.12593549), ('C3', 0.12470965), ('P3', 0.11115532)]
[2026-05-26 18:50:36]     spatial_update=delta_l2=0.71166071 max_abs=0.16560517 relative=0.59629084 changed=True

[2026-05-26 18:50:36] Fold 5/5 | subject=22
[2026-05-26 18:50:36]     Train: 32 | counts=[16, 16]
[2026-05-26 18:50:36]     Test:  8 | counts=[4, 4]
[2026-05-26 18:50:36]     Model: SignalJEPA_PreLocal | Pretrained: from_pretrained | Strategy: new
[2026-05-26 18:50:36]     Normalization: none | fit_scope=none
[2026-05-26 18:50:36]     Phase 1 (new): 2,170/16,010 params
[2026-05-26 18:50:38]     Result | best_epoch=487 | stop=537 | final_phase_epochs=537 | acc=0.8750 | bal_acc=0.8750 | pred_hist=[3, 5] | collapse=False
[2026-05-26 18:50:38]     spatial_conv=[4, 29] top_abs_channels=[('F7', 0.18240753), ('CP3', 0.16202918), ('TP8', 0.13877267), ('P3', 0.12754719), ('C4', 0.12423502), ('O1', 0.12275675), ('Fz', 0.11920309), ('Pz', 0.11397737)]
[2026-05-26 18:50:38]     spatial_update=delta_l2=0.70941114 max_abs=0.18803740 relative=0.59440595 changed=True
[2026-05-26 18:50:38]   Subject 22: acc=0.8750±0.0791  bal_acc=0.8750±0.0791
[2026-05-26 18:50:38] \nSubject 23: 40 windows | class_counts=[20, 20]

[2026-05-26 18:50:38] Fold 1/5 | subject=23
[2026-05-26 18:50:38]     Train: 32 | counts=[16, 16]
[2026-05-26 18:50:38]     Test:  8 | counts=[4, 4]
[2026-05-26 18:50:38]     Model: SignalJEPA_PreLocal | Pretrained: from_pretrained | Strategy: new
[2026-05-26 18:50:38]     Normalization: none | fit_scope=none
[2026-05-26 18:50:38]     Phase 1 (new): 2,170/16,010 params
[2026-05-26 18:50:39]     Result | best_epoch=1 | stop=51 | final_phase_epochs=51 | acc=0.5000 | bal_acc=0.5000 | pred_hist=[0, 8] | collapse=True
[2026-05-26 18:50:39]     spatial_conv=[4, 29] top_abs_channels=[('Pz', 0.15328901), ('O2', 0.14389138), ('T3', 0.12673479), ('T4', 0.1220876), ('O1', 0.12161212), ('CP3', 0.12087442), ('C3', 0.1154809), ('CP4', 0.11068312)]
[2026-05-26 18:50:39]     spatial_update=delta_l2=0.00538497 max_abs=0.00050000 relative=0.00451199 changed=True

[2026-05-26 18:50:39] Fold 2/5 | subject=23
[2026-05-26 18:50:39]     Train: 32 | counts=[16, 16]
[2026-05-26 18:50:39]     Test:  8 | counts=[4, 4]
[2026-05-26 18:50:39]     Model: SignalJEPA_PreLocal | Pretrained: from_pretrained | Strategy: new
[2026-05-26 18:50:39]     Normalization: none | fit_scope=none
[2026-05-26 18:50:39]     Phase 1 (new): 2,170/16,010 params
[2026-05-26 18:50:39]     Result | best_epoch=1 | stop=51 | final_phase_epochs=51 | acc=0.5000 | bal_acc=0.5000 | pred_hist=[0, 8] | collapse=True
[2026-05-26 18:50:39]     spatial_conv=[4, 29] top_abs_channels=[('Pz', 0.15303901), ('O2', 0.14414139), ('T3', 0.12698478), ('O1', 0.12236211), ('T4', 0.1220876), ('CP3', 0.1208744), ('C3', 0.11548088), ('CP4', 0.11093312)]
[2026-05-26 18:50:39]     spatial_update=delta_l2=0.00538500 max_abs=0.00050000 relative=0.00451201 changed=True

[2026-05-26 18:50:40] Fold 3/5 | subject=23
[2026-05-26 18:50:40]     Train: 32 | counts=[16, 16]
[2026-05-26 18:50:40]     Test:  8 | counts=[4, 4]
[2026-05-26 18:50:40]     Model: SignalJEPA_PreLocal | Pretrained: from_pretrained | Strategy: new
[2026-05-26 18:50:40]     Normalization: none | fit_scope=none
[2026-05-26 18:50:40]     Phase 1 (new): 2,170/16,010 params
[2026-05-26 18:50:40]     Result | best_epoch=1 | stop=51 | final_phase_epochs=51 | acc=0.5000 | bal_acc=0.5000 | pred_hist=[0, 8] | collapse=True
[2026-05-26 18:50:40]     spatial_conv=[4, 29] top_abs_channels=[('Pz', 0.15278901), ('O2', 0.14439137), ('T3', 0.1264848), ('T4', 0.12258759), ('O1', 0.12211211), ('CP3', 0.12137439), ('C3', 0.11498091), ('CP4', 0.11043315)]
[2026-05-26 18:50:40]     spatial_update=delta_l2=0.00538501 max_abs=0.00050000 relative=0.00451203 changed=True

[2026-05-26 18:50:41] Fold 4/5 | subject=23
[2026-05-26 18:50:41]     Train: 32 | counts=[16, 16]
[2026-05-26 18:50:41]     Test:  8 | counts=[4, 4]
[2026-05-26 18:50:41]     Model: SignalJEPA_PreLocal | Pretrained: from_pretrained | Strategy: new
[2026-05-26 18:50:41]     Normalization: none | fit_scope=none
[2026-05-26 18:50:41]     Phase 1 (new): 2,170/16,010 params
[2026-05-26 18:50:41]     Result | best_epoch=1 | stop=51 | final_phase_epochs=51 | acc=0.5000 | bal_acc=0.5000 | pred_hist=[0, 8] | collapse=True
[2026-05-26 18:50:41]     spatial_conv=[4, 29] top_abs_channels=[('Pz', 0.15303902), ('O2', 0.14439137), ('T3', 0.1264848), ('T4', 0.12258759), ('O1', 0.12161213), ('CP3', 0.1211244), ('C3', 0.1149809), ('CP4', 0.11093313)]
[2026-05-26 18:50:41]     spatial_update=delta_l2=0.00538451 max_abs=0.00050000 relative=0.00451161 changed=True

[2026-05-26 18:50:41] Fold 5/5 | subject=23
[2026-05-26 18:50:41]     Train: 32 | counts=[16, 16]
[2026-05-26 18:50:41]     Test:  8 | counts=[4, 4]
[2026-05-26 18:50:41]     Model: SignalJEPA_PreLocal | Pretrained: from_pretrained | Strategy: new
[2026-05-26 18:50:41]     Normalization: none | fit_scope=none
[2026-05-26 18:50:41]     Phase 1 (new): 2,170/16,010 params
[2026-05-26 18:50:42]     Result | best_epoch=2 | stop=51 | final_phase_epochs=51 | acc=0.5000 | bal_acc=0.5000 | pred_hist=[0, 8] | collapse=True
[2026-05-26 18:50:42]     spatial_conv=[4, 29] top_abs_channels=[('Pz', 0.15328902), ('O2', 0.14364138), ('T3', 0.12698479), ('T4', 0.12233759), ('O1', 0.12186212), ('CP3', 0.1211244), ('C3', 0.11523087), ('CP4', 0.11068314)]
[2026-05-26 18:50:42]     spatial_update=delta_l2=0.00538479 max_abs=0.00050000 relative=0.00451184 changed=True
[2026-05-26 18:50:42]   Subject 23: acc=0.5000±0.0000  bal_acc=0.5000±0.0000
[2026-05-26 18:50:42] \nSubject 24: 40 windows | class_counts=[20, 20]

[2026-05-26 18:50:42] Fold 1/5 | subject=24
[2026-05-26 18:50:42]     Train: 32 | counts=[16, 16]
[2026-05-26 18:50:42]     Test:  8 | counts=[4, 4]
[2026-05-26 18:50:42]     Model: SignalJEPA_PreLocal | Pretrained: from_pretrained | Strategy: new
[2026-05-26 18:50:42]     Normalization: none | fit_scope=none
[2026-05-26 18:50:42]     Phase 1 (new): 2,170/16,010 params
[2026-05-26 18:50:42]     Result | best_epoch=11 | stop=61 | final_phase_epochs=61 | acc=0.3750 | bal_acc=0.3750 | pred_hist=[1, 7] | collapse=False
[2026-05-26 18:50:42]     spatial_conv=[4, 29] top_abs_channels=[('Pz', 0.14992139), ('O2', 0.14649412), ('O1', 0.12265534), ('T3', 0.12263009), ('CP3', 0.1215035), ('T4', 0.12054563), ('CP4', 0.11350594), ('C3', 0.11177809)]
[2026-05-26 18:50:42]     spatial_update=delta_l2=0.04482625 max_abs=0.00545499 relative=0.03755931 changed=True

[2026-05-26 18:50:43] Fold 2/5 | subject=24
[2026-05-26 18:50:43]     Train: 32 | counts=[16, 16]
[2026-05-26 18:50:43]     Test:  8 | counts=[4, 4]
[2026-05-26 18:50:43]     Model: SignalJEPA_PreLocal | Pretrained: from_pretrained | Strategy: new
[2026-05-26 18:50:43]     Normalization: none | fit_scope=none
[2026-05-26 18:50:43]     Phase 1 (new): 2,170/16,010 params
[2026-05-26 18:50:43]     Result | best_epoch=12 | stop=61 | final_phase_epochs=61 | acc=0.5000 | bal_acc=0.5000 | pred_hist=[0, 8] | collapse=True
[2026-05-26 18:50:43]     spatial_conv=[4, 29] top_abs_channels=[('Pz', 0.15119554), ('O2', 0.14616486), ('CP3', 0.12298454), ('O1', 0.12230952), ('T3', 0.12223305), ('T4', 0.12131401), ('CP4', 0.11108384), ('C3', 0.11010906)]
[2026-05-26 18:50:43]     spatial_update=delta_l2=0.04679273 max_abs=0.00548869 relative=0.03920699 changed=True

[2026-05-26 18:50:44] Fold 3/5 | subject=24
[2026-05-26 18:50:44]     Train: 32 | counts=[16, 16]
[2026-05-26 18:50:44]     Test:  8 | counts=[4, 4]
[2026-05-26 18:50:44]     Model: SignalJEPA_PreLocal | Pretrained: from_pretrained | Strategy: new
[2026-05-26 18:50:44]     Normalization: none | fit_scope=none
[2026-05-26 18:50:44]     Phase 1 (new): 2,170/16,010 params
[2026-05-26 18:50:46]     Result | best_epoch=553 | stop=603 | final_phase_epochs=603 | acc=0.6250 | bal_acc=0.6250 | pred_hist=[5, 3] | collapse=False
[2026-05-26 18:50:46]     spatial_conv=[4, 29] top_abs_channels=[('O2', 0.17222147), ('CP3', 0.16838349), ('F8', 0.14330143), ('Pz', 0.1419832), ('T3', 0.12813422), ('FT8', 0.12537102), ('F4', 0.11971306), ('FT7', 0.1160122)]
[2026-05-26 18:50:46]     spatial_update=delta_l2=1.04637611 max_abs=0.22579157 relative=0.87674432 changed=True

[2026-05-26 18:50:47] Fold 4/5 | subject=24
[2026-05-26 18:50:47]     Train: 32 | counts=[16, 16]
[2026-05-26 18:50:47]     Test:  8 | counts=[4, 4]
[2026-05-26 18:50:47]     Model: SignalJEPA_PreLocal | Pretrained: from_pretrained | Strategy: new
[2026-05-26 18:50:47]     Normalization: none | fit_scope=none
[2026-05-26 18:50:47]     Phase 1 (new): 2,170/16,010 params
[2026-05-26 18:50:47]     Result | best_epoch=2 | stop=51 | final_phase_epochs=51 | acc=0.5000 | bal_acc=0.5000 | pred_hist=[0, 8] | collapse=True
[2026-05-26 18:50:47]     spatial_conv=[4, 29] top_abs_channels=[('Pz', 0.15278901), ('O2', 0.14439137), ('T3', 0.12623481), ('T4', 0.12208758), ('O1', 0.12161212), ('CP3', 0.12112445), ('C3', 0.1152309), ('CP4', 0.11118313)]
[2026-05-26 18:50:47]     spatial_update=delta_l2=0.00538490 max_abs=0.00050000 relative=0.00451193 changed=True

[2026-05-26 18:50:47] Fold 5/5 | subject=24
[2026-05-26 18:50:47]     Train: 32 | counts=[16, 16]
[2026-05-26 18:50:47]     Test:  8 | counts=[4, 4]
[2026-05-26 18:50:47]     Model: SignalJEPA_PreLocal | Pretrained: from_pretrained | Strategy: new
[2026-05-26 18:50:47]     Normalization: none | fit_scope=none
[2026-05-26 18:50:47]     Phase 1 (new): 2,170/16,010 params
[2026-05-26 18:50:48]     Result | best_epoch=11 | stop=60 | final_phase_epochs=60 | acc=0.5000 | bal_acc=0.5000 | pred_hist=[0, 8] | collapse=True
[2026-05-26 18:50:48]     spatial_conv=[4, 29] top_abs_channels=[('Pz', 0.1518679), ('O2', 0.14514352), ('T3', 0.12418018), ('CP3', 0.12164991), ('O1', 0.12041561), ('T4', 0.12041319), ('CP4', 0.1129378), ('C3', 0.11240847)]
[2026-05-26 18:50:48]     spatial_update=delta_l2=0.03826879 max_abs=0.00501543 relative=0.03206490 changed=True
[2026-05-26 18:50:48]   Subject 24: acc=0.5000±0.0791  bal_acc=0.5000±0.0791
[2026-05-26 18:50:48] \nSubject 25: 40 windows | class_counts=[20, 20]

[2026-05-26 18:50:48] Fold 1/5 | subject=25
[2026-05-26 18:50:48]     Train: 32 | counts=[16, 16]
[2026-05-26 18:50:48]     Test:  8 | counts=[4, 4]
[2026-05-26 18:50:48]     Model: SignalJEPA_PreLocal | Pretrained: from_pretrained | Strategy: new
[2026-05-26 18:50:48]     Normalization: none | fit_scope=none
[2026-05-26 18:50:48]     Phase 1 (new): 2,170/16,010 params
[2026-05-26 18:50:48]     Result | best_epoch=4 | stop=54 | final_phase_epochs=54 | acc=0.5000 | bal_acc=0.5000 | pred_hist=[0, 8] | collapse=True
[2026-05-26 18:50:48]     spatial_conv=[4, 29] top_abs_channels=[('Pz', 0.15353873), ('O2', 0.14413372), ('T3', 0.12690683), ('T4', 0.12286951), ('O1', 0.12268332), ('CP3', 0.12052105), ('C3', 0.11433976), ('CP4', 0.11170593)]
[2026-05-26 18:50:48]     spatial_update=delta_l2=0.01779261 max_abs=0.00200543 relative=0.01490818 changed=True

[2026-05-26 18:50:49] Fold 2/5 | subject=25
[2026-05-26 18:50:49]     Train: 32 | counts=[16, 16]
[2026-05-26 18:50:49]     Test:  8 | counts=[4, 4]
[2026-05-26 18:50:49]     Model: SignalJEPA_PreLocal | Pretrained: from_pretrained | Strategy: new
[2026-05-26 18:50:49]     Normalization: none | fit_scope=none
[2026-05-26 18:50:49]     Phase 1 (new): 2,170/16,010 params
[2026-05-26 18:50:49]     Result | best_epoch=1 | stop=51 | final_phase_epochs=51 | acc=0.5000 | bal_acc=0.5000 | pred_hist=[0, 8] | collapse=True
[2026-05-26 18:50:49]     spatial_conv=[4, 29] top_abs_channels=[('Pz', 0.15328899), ('O2', 0.14414138), ('T3', 0.12673478), ('T4', 0.12208758), ('O1', 0.12186214), ('CP3', 0.1208744), ('C3', 0.11498091), ('CP4', 0.11143312)]
[2026-05-26 18:50:49]     spatial_update=delta_l2=0.00538490 max_abs=0.00050000 relative=0.00451193 changed=True

[2026-05-26 18:50:50] Fold 3/5 | subject=25
[2026-05-26 18:50:50]     Train: 32 | counts=[16, 16]
[2026-05-26 18:50:50]     Test:  8 | counts=[4, 4]
[2026-05-26 18:50:50]     Model: SignalJEPA_PreLocal | Pretrained: from_pretrained | Strategy: new
[2026-05-26 18:50:50]     Normalization: none | fit_scope=none
[2026-05-26 18:50:50]     Phase 1 (new): 2,170/16,010 params
[2026-05-26 18:50:50]     Result | best_epoch=1 | stop=51 | final_phase_epochs=51 | acc=0.5000 | bal_acc=0.5000 | pred_hist=[0, 8] | collapse=True
[2026-05-26 18:50:50]     spatial_conv=[4, 29] top_abs_channels=[('Pz', 0.15303911), ('O2', 0.14414139), ('T3', 0.1262348), ('T4', 0.12233725), ('O1', 0.12161212), ('CP3', 0.12087439), ('C3', 0.11498091), ('CP4', 0.11143312)]
[2026-05-26 18:50:50]     spatial_update=delta_l2=0.00538491 max_abs=0.00050000 relative=0.00451194 changed=True

[2026-05-26 18:50:50] Fold 4/5 | subject=25
[2026-05-26 18:50:50]     Train: 32 | counts=[16, 16]
[2026-05-26 18:50:50]     Test:  8 | counts=[4, 4]
[2026-05-26 18:50:50]     Model: SignalJEPA_PreLocal | Pretrained: from_pretrained | Strategy: new
[2026-05-26 18:50:50]     Normalization: none | fit_scope=none
[2026-05-26 18:50:50]     Phase 1 (new): 2,170/16,010 params
[2026-05-26 18:50:50]     Result | best_epoch=1 | stop=51 | final_phase_epochs=51 | acc=0.5000 | bal_acc=0.5000 | pred_hist=[0, 8] | collapse=True
[2026-05-26 18:50:50]     spatial_conv=[4, 29] top_abs_channels=[('Pz', 0.15328901), ('O2', 0.14389138), ('T3', 0.12673485), ('O1', 0.1223621), ('T4', 0.1220876), ('CP3', 0.12112439), ('C3', 0.1152309), ('CP4', 0.11118324)]
[2026-05-26 18:50:50]     spatial_update=delta_l2=0.00538499 max_abs=0.00050000 relative=0.00451201 changed=True

[2026-05-26 18:50:51] Fold 5/5 | subject=25
[2026-05-26 18:50:51]     Train: 32 | counts=[16, 16]
[2026-05-26 18:50:51]     Test:  8 | counts=[4, 4]
[2026-05-26 18:50:51]     Model: SignalJEPA_PreLocal | Pretrained: from_pretrained | Strategy: new
[2026-05-26 18:50:51]     Normalization: none | fit_scope=none
[2026-05-26 18:50:51]     Phase 1 (new): 2,170/16,010 params
[2026-05-26 18:50:51]     Result | best_epoch=1 | stop=51 | final_phase_epochs=51 | acc=0.5000 | bal_acc=0.5000 | pred_hist=[0, 8] | collapse=True
[2026-05-26 18:50:51]     spatial_conv=[4, 29] top_abs_channels=[('Pz', 0.15303901), ('O2', 0.14389138), ('T3', 0.1264848), ('O1', 0.12211211), ('T4', 0.1220876), ('CP3', 0.12137438), ('C3', 0.11498091), ('CP4', 0.11093313)]
[2026-05-26 18:50:51]     spatial_update=delta_l2=0.00538503 max_abs=0.00050000 relative=0.00451204 changed=True
[2026-05-26 18:50:51]   Subject 25: acc=0.5000±0.0000  bal_acc=0.5000±0.0000
[2026-05-26 18:50:51] \nSubject 26: 40 windows | class_counts=[20, 20]

[2026-05-26 18:50:52] Fold 1/5 | subject=26
[2026-05-26 18:50:52]     Train: 32 | counts=[16, 16]
[2026-05-26 18:50:52]     Test:  8 | counts=[4, 4]
[2026-05-26 18:50:52]     Model: SignalJEPA_PreLocal | Pretrained: from_pretrained | Strategy: new
[2026-05-26 18:50:52]     Normalization: none | fit_scope=none
[2026-05-26 18:50:52]     Phase 1 (new): 2,170/16,010 params
[2026-05-26 18:50:53]     Result | best_epoch=238 | stop=287 | final_phase_epochs=287 | acc=0.6250 | bal_acc=0.6250 | pred_hist=[3, 5] | collapse=False
[2026-05-26 18:50:53]     spatial_conv=[4, 29] top_abs_channels=[('CP3', 0.17252517), ('Pz', 0.16849273), ('CP4', 0.14488217), ('O2', 0.14328369), ('T4', 0.1324721), ('F3', 0.12370664), ('O1', 0.1222077), ('FCz', 0.11425044)]
[2026-05-26 18:50:53]     spatial_update=delta_l2=0.61656339 max_abs=0.12080984 relative=0.51661008 changed=True

[2026-05-26 18:50:53] Fold 2/5 | subject=26
[2026-05-26 18:50:53]     Train: 32 | counts=[16, 16]
[2026-05-26 18:50:53]     Test:  8 | counts=[4, 4]
[2026-05-26 18:50:53]     Model: SignalJEPA_PreLocal | Pretrained: from_pretrained | Strategy: new
[2026-05-26 18:50:53]     Normalization: none | fit_scope=none
[2026-05-26 18:50:53]     Phase 1 (new): 2,170/16,010 params
[2026-05-26 18:50:54]     Result | best_epoch=4 | stop=54 | final_phase_epochs=54 | acc=0.5000 | bal_acc=0.5000 | pred_hist=[0, 8] | collapse=True
[2026-05-26 18:50:54]     spatial_conv=[4, 29] top_abs_channels=[('Pz', 0.15381713), ('O2', 0.14277163), ('T3', 0.12813598), ('O1', 0.12271491), ('T4', 0.1225087), ('CP3', 0.12089194), ('C3', 0.11583915), ('CP4', 0.11143106)]
[2026-05-26 18:50:54]     spatial_update=delta_l2=0.01734344 max_abs=0.00200168 relative=0.01453183 changed=True

[2026-05-26 18:50:54] Fold 3/5 | subject=26
[2026-05-26 18:50:54]     Train: 32 | counts=[16, 16]
[2026-05-26 18:50:54]     Test:  8 | counts=[4, 4]
[2026-05-26 18:50:54]     Model: SignalJEPA_PreLocal | Pretrained: from_pretrained | Strategy: new
[2026-05-26 18:50:54]     Normalization: none | fit_scope=none
[2026-05-26 18:50:54]     Phase 1 (new): 2,170/16,010 params
[2026-05-26 18:50:54]     Result | best_epoch=4 | stop=52 | final_phase_epochs=52 | acc=0.5000 | bal_acc=0.5000 | pred_hist=[0, 8] | collapse=True
[2026-05-26 18:50:54]     spatial_conv=[4, 29] top_abs_channels=[('Pz', 0.1534943), ('O2', 0.14375626), ('T3', 0.1274547), ('O1', 0.12260439), ('T4', 0.12252893), ('CP3', 0.12135948), ('C3', 0.11604707), ('CP4', 0.11123543)]
[2026-05-26 18:50:54]     spatial_update=delta_l2=0.00902318 max_abs=0.00100067 relative=0.00756040 changed=True

[2026-05-26 18:50:55] Fold 4/5 | subject=26
[2026-05-26 18:50:55]     Train: 32 | counts=[16, 16]
[2026-05-26 18:50:55]     Test:  8 | counts=[4, 4]
[2026-05-26 18:50:55]     Model: SignalJEPA_PreLocal | Pretrained: from_pretrained | Strategy: new
[2026-05-26 18:50:55]     Normalization: none | fit_scope=none
[2026-05-26 18:50:55]     Phase 1 (new): 2,170/16,010 params
[2026-05-26 18:50:55]     Result | best_epoch=4 | stop=54 | final_phase_epochs=54 | acc=0.5000 | bal_acc=0.5000 | pred_hist=[0, 8] | collapse=True
[2026-05-26 18:50:55]     spatial_conv=[4, 29] top_abs_channels=[('Pz', 0.15348452), ('O2', 0.14415453), ('T3', 0.12822311), ('T4', 0.12197886), ('CP3', 0.12197366), ('O1', 0.12186268), ('C3', 0.11555722), ('CP4', 0.1114487)]
[2026-05-26 18:50:55]     spatial_update=delta_l2=0.01613671 max_abs=0.00200093 relative=0.01352073 changed=True

[2026-05-26 18:50:56] Fold 5/5 | subject=26
[2026-05-26 18:50:56]     Train: 32 | counts=[16, 16]
[2026-05-26 18:50:56]     Test:  8 | counts=[4, 4]
[2026-05-26 18:50:56]     Model: SignalJEPA_PreLocal | Pretrained: from_pretrained | Strategy: new
[2026-05-26 18:50:56]     Normalization: none | fit_scope=none
[2026-05-26 18:50:56]     Phase 1 (new): 2,170/16,010 params
[2026-05-26 18:50:56]     Result | best_epoch=1 | stop=51 | final_phase_epochs=51 | acc=0.5000 | bal_acc=0.5000 | pred_hist=[0, 8] | collapse=True
[2026-05-26 18:50:56]     spatial_conv=[4, 29] top_abs_channels=[('Pz', 0.15278901), ('O2', 0.14414139), ('T3', 0.1264848), ('T4', 0.1220876), ('O1', 0.12186212), ('CP3', 0.12112442), ('C3', 0.11548083), ('CP4', 0.11068313)]
[2026-05-26 18:50:56]     spatial_update=delta_l2=0.00538501 max_abs=0.00050000 relative=0.00451202 changed=True
[2026-05-26 18:50:56]   Subject 26: acc=0.5250±0.0500  bal_acc=0.5250±0.0500
[2026-05-26 18:50:56] \nSubject 27: 40 windows | class_counts=[20, 20]

[2026-05-26 18:50:57] Fold 1/5 | subject=27
[2026-05-26 18:50:57]     Train: 32 | counts=[16, 16]
[2026-05-26 18:50:57]     Test:  8 | counts=[4, 4]
[2026-05-26 18:50:57]     Model: SignalJEPA_PreLocal | Pretrained: from_pretrained | Strategy: new
[2026-05-26 18:50:57]     Normalization: none | fit_scope=none
[2026-05-26 18:50:57]     Phase 1 (new): 2,170/16,010 params
[2026-05-26 18:50:57]     Result | best_epoch=1 | stop=51 | final_phase_epochs=51 | acc=0.5000 | bal_acc=0.5000 | pred_hist=[0, 8] | collapse=True
[2026-05-26 18:50:57]     spatial_conv=[4, 29] top_abs_channels=[('Pz', 0.15303901), ('O2', 0.14439137), ('T3', 0.12698479), ('O1', 0.12211153), ('T4', 0.1220876), ('CP3', 0.12137438), ('C3', 0.1152309), ('CP4', 0.11118314)]
[2026-05-26 18:50:57]     spatial_update=delta_l2=0.00538482 max_abs=0.00050000 relative=0.00451187 changed=True

[2026-05-26 18:50:57] Fold 2/5 | subject=27
[2026-05-26 18:50:57]     Train: 32 | counts=[16, 16]
[2026-05-26 18:50:57]     Test:  8 | counts=[4, 4]
[2026-05-26 18:50:57]     Model: SignalJEPA_PreLocal | Pretrained: from_pretrained | Strategy: new
[2026-05-26 18:50:57]     Normalization: none | fit_scope=none
[2026-05-26 18:50:57]     Phase 1 (new): 2,170/16,010 params
[2026-05-26 18:50:58]     Result | best_epoch=1 | stop=51 | final_phase_epochs=51 | acc=0.5000 | bal_acc=0.5000 | pred_hist=[0, 8] | collapse=True
[2026-05-26 18:50:58]     spatial_conv=[4, 29] top_abs_channels=[('Pz', 0.15303901), ('O2', 0.14414139), ('T3', 0.12673479), ('T4', 0.1220876), ('O1', 0.12186214), ('CP3', 0.1211244), ('C3', 0.1154809), ('CP4', 0.11143312)]
[2026-05-26 18:50:58]     spatial_update=delta_l2=0.00538488 max_abs=0.00050000 relative=0.00451192 changed=True

[2026-05-26 18:50:58] Fold 3/5 | subject=27
[2026-05-26 18:50:58]     Train: 32 | counts=[16, 16]
[2026-05-26 18:50:58]     Test:  8 | counts=[4, 4]
[2026-05-26 18:50:58]     Model: SignalJEPA_PreLocal | Pretrained: from_pretrained | Strategy: new
[2026-05-26 18:50:58]     Normalization: none | fit_scope=none
[2026-05-26 18:50:58]     Phase 1 (new): 2,170/16,010 params
[2026-05-26 18:50:59]     Result | best_epoch=2 | stop=51 | final_phase_epochs=51 | acc=0.5000 | bal_acc=0.5000 | pred_hist=[0, 8] | collapse=True
[2026-05-26 18:50:59]     spatial_conv=[4, 29] top_abs_channels=[('Pz', 0.15303901), ('O2', 0.14439136), ('T3', 0.12673479), ('O1', 0.12211211), ('T4', 0.1220876), ('CP3', 0.1211244), ('C3', 0.1154809), ('CP4', 0.11118312)]
[2026-05-26 18:50:59]     spatial_update=delta_l2=0.00538509 max_abs=0.00050000 relative=0.00451209 changed=True

[2026-05-26 18:50:59] Fold 4/5 | subject=27
[2026-05-26 18:50:59]     Train: 32 | counts=[16, 16]
[2026-05-26 18:50:59]     Test:  8 | counts=[4, 4]
[2026-05-26 18:50:59]     Model: SignalJEPA_PreLocal | Pretrained: from_pretrained | Strategy: new
[2026-05-26 18:50:59]     Normalization: none | fit_scope=none
[2026-05-26 18:50:59]     Phase 1 (new): 2,170/16,010 params
[2026-05-26 18:50:59]     Result | best_epoch=1 | stop=51 | final_phase_epochs=51 | acc=0.7500 | bal_acc=0.7500 | pred_hist=[2, 6] | collapse=False
[2026-05-26 18:50:59]     spatial_conv=[4, 29] top_abs_channels=[('Pz', 0.15303901), ('O2', 0.14414141), ('T3', 0.12673479), ('O1', 0.12236211), ('T4', 0.1220876), ('CP3', 0.12112439), ('C3', 0.1154809), ('CP4', 0.11118324)]
[2026-05-26 18:50:59]     spatial_update=delta_l2=0.00538502 max_abs=0.00050000 relative=0.00451203 changed=True

[2026-05-26 18:51:00] Fold 5/5 | subject=27
[2026-05-26 18:51:00]     Train: 32 | counts=[16, 16]
[2026-05-26 18:51:00]     Test:  8 | counts=[4, 4]
[2026-05-26 18:51:00]     Model: SignalJEPA_PreLocal | Pretrained: from_pretrained | Strategy: new
[2026-05-26 18:51:00]     Normalization: none | fit_scope=none
[2026-05-26 18:51:00]     Phase 1 (new): 2,170/16,010 params
[2026-05-26 18:51:00]     Result | best_epoch=1 | stop=51 | final_phase_epochs=51 | acc=0.5000 | bal_acc=0.5000 | pred_hist=[0, 8] | collapse=True
[2026-05-26 18:51:00]     spatial_conv=[4, 29] top_abs_channels=[('Pz', 0.15303901), ('O2', 0.14414138), ('T3', 0.12673479), ('T4', 0.12208758), ('O1', 0.12186212), ('CP3', 0.12112439), ('C3', 0.1154809), ('CP4', 0.11118313)]
[2026-05-26 18:51:00]     spatial_update=delta_l2=0.00538492 max_abs=0.00050000 relative=0.00451195 changed=True
[2026-05-26 18:51:00]   Subject 27: acc=0.5500±0.1000  bal_acc=0.5500±0.1000
[2026-05-26 18:51:00] \nSubject 28: 40 windows | class_counts=[20, 20]

[2026-05-26 18:51:00] Fold 1/5 | subject=28
[2026-05-26 18:51:00]     Train: 32 | counts=[16, 16]
[2026-05-26 18:51:00]     Test:  8 | counts=[4, 4]
[2026-05-26 18:51:00]     Model: SignalJEPA_PreLocal | Pretrained: from_pretrained | Strategy: new
[2026-05-26 18:51:00]     Normalization: none | fit_scope=none
[2026-05-26 18:51:00]     Phase 1 (new): 2,170/16,010 params
[2026-05-26 18:51:01]     Result | best_epoch=1 | stop=51 | final_phase_epochs=51 | acc=0.5000 | bal_acc=0.5000 | pred_hist=[0, 8] | collapse=True
[2026-05-26 18:51:01]     spatial_conv=[4, 29] top_abs_channels=[('Pz', 0.15278901), ('O2', 0.14414138), ('T3', 0.12673479), ('T4', 0.1223376), ('O1', 0.12186213), ('CP3', 0.12137438), ('C3', 0.11498091), ('CP4', 0.11068313)]
[2026-05-26 18:51:01]     spatial_update=delta_l2=0.00538504 max_abs=0.00050000 relative=0.00451205 changed=True

[2026-05-26 18:51:01] Fold 2/5 | subject=28
[2026-05-26 18:51:01]     Train: 32 | counts=[16, 16]
[2026-05-26 18:51:01]     Test:  8 | counts=[4, 4]
[2026-05-26 18:51:01]     Model: SignalJEPA_PreLocal | Pretrained: from_pretrained | Strategy: new
[2026-05-26 18:51:01]     Normalization: none | fit_scope=none
[2026-05-26 18:51:01]     Phase 1 (new): 2,170/16,010 params
[2026-05-26 18:51:02]     Result | best_epoch=71 | stop=118 | final_phase_epochs=118 | acc=0.7500 | bal_acc=0.7500 | pred_hist=[6, 2] | collapse=False
[2026-05-26 18:51:02]     spatial_conv=[4, 29] top_abs_channels=[('O2', 0.15704359), ('Pz', 0.14469452), ('T4', 0.13365516), ('CP3', 0.13239937), ('O1', 0.12838075), ('T3', 0.12738015), ('FCz', 0.12290534), ('C3', 0.11506927)]
[2026-05-26 18:51:02]     spatial_update=delta_l2=0.22623504 max_abs=0.03875074 relative=0.18955927 changed=True

[2026-05-26 18:51:02] Fold 3/5 | subject=28
[2026-05-26 18:51:02]     Train: 32 | counts=[16, 16]
[2026-05-26 18:51:02]     Test:  8 | counts=[4, 4]
[2026-05-26 18:51:02]     Model: SignalJEPA_PreLocal | Pretrained: from_pretrained | Strategy: new
[2026-05-26 18:51:02]     Normalization: none | fit_scope=none
[2026-05-26 18:51:02]     Phase 1 (new): 2,170/16,010 params
[2026-05-26 18:51:02]     Result | best_epoch=1 | stop=51 | final_phase_epochs=51 | acc=0.5000 | bal_acc=0.5000 | pred_hist=[0, 8] | collapse=True
[2026-05-26 18:51:02]     spatial_conv=[4, 29] top_abs_channels=[('Pz', 0.15278904), ('O2', 0.14389139), ('T3', 0.12673478), ('T4', 0.1220876), ('O1', 0.12186217), ('CP3', 0.12137438), ('C3', 0.11473091), ('CP4', 0.11093313)]
[2026-05-26 18:51:02]     spatial_update=delta_l2=0.00538501 max_abs=0.00050000 relative=0.00451202 changed=True

[2026-05-26 18:51:03] Fold 4/5 | subject=28
[2026-05-26 18:51:03]     Train: 32 | counts=[16, 16]
[2026-05-26 18:51:03]     Test:  8 | counts=[4, 4]
[2026-05-26 18:51:03]     Model: SignalJEPA_PreLocal | Pretrained: from_pretrained | Strategy: new
[2026-05-26 18:51:03]     Normalization: none | fit_scope=none
[2026-05-26 18:51:03]     Phase 1 (new): 2,170/16,010 params
[2026-05-26 18:51:03]     Result | best_epoch=1 | stop=51 | final_phase_epochs=51 | acc=0.5000 | bal_acc=0.5000 | pred_hist=[0, 8] | collapse=True
[2026-05-26 18:51:03]     spatial_conv=[4, 29] top_abs_channels=[('Pz', 0.15303901), ('O2', 0.14464135), ('T3', 0.12698478), ('T4', 0.1220876), ('O1', 0.12186213), ('CP3', 0.12137426), ('C3', 0.11498092), ('CP4', 0.11068314)]
[2026-05-26 18:51:03]     spatial_update=delta_l2=0.00538458 max_abs=0.00050000 relative=0.00451167 changed=True

[2026-05-26 18:51:04] Fold 5/5 | subject=28
[2026-05-26 18:51:04]     Train: 32 | counts=[16, 16]
[2026-05-26 18:51:04]     Test:  8 | counts=[4, 4]
[2026-05-26 18:51:04]     Model: SignalJEPA_PreLocal | Pretrained: from_pretrained | Strategy: new
[2026-05-26 18:51:04]     Normalization: none | fit_scope=none
[2026-05-26 18:51:04]     Phase 1 (new): 2,170/16,010 params
[2026-05-26 18:51:04]     Result | best_epoch=1 | stop=51 | final_phase_epochs=51 | acc=0.5000 | bal_acc=0.5000 | pred_hist=[0, 8] | collapse=True
[2026-05-26 18:51:04]     spatial_conv=[4, 29] top_abs_channels=[('Pz', 0.15278903), ('O2', 0.14439137), ('T3', 0.12698479), ('T4', 0.12233759), ('O1', 0.12186212), ('CP3', 0.12087443), ('C3', 0.11523089), ('CP4', 0.11068295)]
[2026-05-26 18:51:04]     spatial_update=delta_l2=0.00538496 max_abs=0.00050000 relative=0.00451198 changed=True
[2026-05-26 18:51:04]   Subject 28: acc=0.5500±0.1000  bal_acc=0.5500±0.1000
[2026-05-26 18:51:04] \nSubject 29: 40 windows | class_counts=[20, 20]

[2026-05-26 18:51:04] Fold 1/5 | subject=29
[2026-05-26 18:51:04]     Train: 32 | counts=[16, 16]
[2026-05-26 18:51:04]     Test:  8 | counts=[4, 4]
[2026-05-26 18:51:04]     Model: SignalJEPA_PreLocal | Pretrained: from_pretrained | Strategy: new
[2026-05-26 18:51:04]     Normalization: none | fit_scope=none
[2026-05-26 18:51:04]     Phase 1 (new): 2,170/16,010 params
[2026-05-26 18:51:04]     Result | best_epoch=1 | stop=51 | final_phase_epochs=51 | acc=0.5000 | bal_acc=0.5000 | pred_hist=[0, 8] | collapse=True
[2026-05-26 18:51:04]     spatial_conv=[4, 29] top_abs_channels=[('Pz', 0.15328896), ('O2', 0.14439139), ('T3', 0.1264848), ('T4', 0.1218376), ('CP3', 0.12162438), ('O1', 0.12136213), ('C3', 0.1152309), ('CP4', 0.11118315)]
[2026-05-26 18:51:04]     spatial_update=delta_l2=0.00538455 max_abs=0.00050000 relative=0.00451164 changed=True

[2026-05-26 18:51:05] Fold 2/5 | subject=29
[2026-05-26 18:51:05]     Train: 32 | counts=[16, 16]
[2026-05-26 18:51:05]     Test:  8 | counts=[4, 4]
[2026-05-26 18:51:05]     Model: SignalJEPA_PreLocal | Pretrained: from_pretrained | Strategy: new
[2026-05-26 18:51:05]     Normalization: none | fit_scope=none
[2026-05-26 18:51:05]     Phase 1 (new): 2,170/16,010 params
[2026-05-26 18:51:05]     Result | best_epoch=9 | stop=57 | final_phase_epochs=57 | acc=0.5000 | bal_acc=0.5000 | pred_hist=[0, 8] | collapse=True
[2026-05-26 18:51:05]     spatial_conv=[4, 29] top_abs_channels=[('Pz', 0.15301299), ('O2', 0.14707056), ('T3', 0.12543093), ('CP3', 0.1227793), ('O1', 0.12063382), ('T4', 0.12013252), ('C3', 0.11591431), ('Fp1', 0.11252367)]
[2026-05-26 18:51:05]     spatial_update=delta_l2=0.02921965 max_abs=0.00351135 relative=0.02448275 changed=True

[2026-05-26 18:51:06] Fold 3/5 | subject=29
[2026-05-26 18:51:06]     Train: 32 | counts=[16, 16]
[2026-05-26 18:51:06]     Test:  8 | counts=[4, 4]
[2026-05-26 18:51:06]     Model: SignalJEPA_PreLocal | Pretrained: from_pretrained | Strategy: new
[2026-05-26 18:51:06]     Normalization: none | fit_scope=none
[2026-05-26 18:51:06]     Phase 1 (new): 2,170/16,010 params
[2026-05-26 18:51:06]     Result | best_epoch=1 | stop=51 | final_phase_epochs=51 | acc=0.5000 | bal_acc=0.5000 | pred_hist=[0, 8] | collapse=True
[2026-05-26 18:51:06]     spatial_conv=[4, 29] top_abs_channels=[('Pz', 0.15278901), ('O2', 0.14464137), ('T3', 0.12673478), ('O1', 0.12161212), ('T4', 0.1215876), ('CP3', 0.12137438), ('C3', 0.1152309), ('CP4', 0.11093313)]
[2026-05-26 18:51:06]     spatial_update=delta_l2=0.00538505 max_abs=0.00050000 relative=0.00451206 changed=True

[2026-05-26 18:51:07] Fold 4/5 | subject=29
[2026-05-26 18:51:07]     Train: 32 | counts=[16, 16]
[2026-05-26 18:51:07]     Test:  8 | counts=[4, 4]
[2026-05-26 18:51:07]     Model: SignalJEPA_PreLocal | Pretrained: from_pretrained | Strategy: new
[2026-05-26 18:51:07]     Normalization: none | fit_scope=none
[2026-05-26 18:51:07]     Phase 1 (new): 2,170/16,010 params
[2026-05-26 18:51:07]     Result | best_epoch=1 | stop=51 | final_phase_epochs=51 | acc=0.5000 | bal_acc=0.5000 | pred_hist=[0, 8] | collapse=True
[2026-05-26 18:51:07]     spatial_conv=[4, 29] top_abs_channels=[('Pz', 0.15278903), ('O2', 0.14439137), ('T3', 0.12673479), ('O1', 0.12186211), ('T4', 0.1215876), ('CP3', 0.12137439), ('C3', 0.11523089), ('CP4', 0.11143312)]
[2026-05-26 18:51:07]     spatial_update=delta_l2=0.00538469 max_abs=0.00050000 relative=0.00451176 changed=True

[2026-05-26 18:51:07] Fold 5/5 | subject=29
[2026-05-26 18:51:07]     Train: 32 | counts=[16, 16]
[2026-05-26 18:51:07]     Test:  8 | counts=[4, 4]
[2026-05-26 18:51:07]     Model: SignalJEPA_PreLocal | Pretrained: from_pretrained | Strategy: new
[2026-05-26 18:51:07]     Normalization: none | fit_scope=none
[2026-05-26 18:51:07]     Phase 1 (new): 2,170/16,010 params
[2026-05-26 18:51:09]     Result | best_epoch=267 | stop=316 | final_phase_epochs=316 | acc=0.5000 | bal_acc=0.5000 | pred_hist=[4, 4] | collapse=False
[2026-05-26 18:51:09]     spatial_conv=[4, 29] top_abs_channels=[('T5', 0.15528259), ('O2', 0.15351985), ('TP8', 0.14788261), ('P3', 0.13207287), ('Fp1', 0.11283758), ('T4', 0.11257254), ('FCz', 0.11131896), ('Fz', 0.11108415)]
[2026-05-26 18:51:09]     spatial_update=delta_l2=0.74852239 max_abs=0.14232697 relative=0.62717673 changed=True
[2026-05-26 18:51:09]   Subject 29: acc=0.5000±0.0000  bal_acc=0.5000±0.0000
[2026-05-26 18:51:09] \nSubject 30: 40 windows | class_counts=[20, 20]

[2026-05-26 18:51:09] Fold 1/5 | subject=30
[2026-05-26 18:51:09]     Train: 32 | counts=[16, 16]
[2026-05-26 18:51:09]     Test:  8 | counts=[4, 4]
[2026-05-26 18:51:09]     Model: SignalJEPA_PreLocal | Pretrained: from_pretrained | Strategy: new
[2026-05-26 18:51:09]     Normalization: none | fit_scope=none
[2026-05-26 18:51:09]     Phase 1 (new): 2,170/16,010 params
[2026-05-26 18:51:09]     Result | best_epoch=18 | stop=61 | final_phase_epochs=61 | acc=0.5000 | bal_acc=0.5000 | pred_hist=[0, 8] | collapse=True
[2026-05-26 18:51:09]     spatial_conv=[4, 29] top_abs_channels=[('Pz', 0.15506282), ('O2', 0.14588934), ('T3', 0.1253573), ('O1', 0.12166414), ('CP3', 0.12003325), ('T4', 0.11890209), ('C3', 0.11567318), ('CP4', 0.11342265)]
[2026-05-26 18:51:09]     spatial_update=delta_l2=0.04288942 max_abs=0.00549649 relative=0.03593646 changed=True

[2026-05-26 18:51:10] Fold 2/5 | subject=30
[2026-05-26 18:51:10]     Train: 32 | counts=[16, 16]
[2026-05-26 18:51:10]     Test:  8 | counts=[4, 4]
[2026-05-26 18:51:10]     Model: SignalJEPA_PreLocal | Pretrained: from_pretrained | Strategy: new
[2026-05-26 18:51:10]     Normalization: none | fit_scope=none
[2026-05-26 18:51:10]     Phase 1 (new): 2,170/16,010 params
[2026-05-26 18:51:22]     Result | best_epoch=3284 | stop=3333 | final_phase_epochs=3333 | acc=0.8750 | bal_acc=0.8750 | pred_hist=[3, 5] | collapse=False
[2026-05-26 18:51:22]     spatial_conv=[4, 29] top_abs_channels=[('FC3', 0.2460248), ('FCz', 0.20171084), ('P4', 0.19543414), ('Fz', 0.19335198), ('C3', 0.18001983), ('CP4', 0.15908125), ('Fp1', 0.12281513), ('T5', 0.11390911)]
[2026-05-26 18:51:22]     spatial_update=delta_l2=1.58962152 max_abs=0.43408096 relative=1.33192226 changed=True

[2026-05-26 18:51:22] Fold 3/5 | subject=30
[2026-05-26 18:51:22]     Train: 32 | counts=[16, 16]
[2026-05-26 18:51:22]     Test:  8 | counts=[4, 4]
[2026-05-26 18:51:22]     Model: SignalJEPA_PreLocal | Pretrained: from_pretrained | Strategy: new
[2026-05-26 18:51:22]     Normalization: none | fit_scope=none
[2026-05-26 18:51:22]     Phase 1 (new): 2,170/16,010 params
[2026-05-26 18:51:27]     Result | best_epoch=1193 | stop=1243 | final_phase_epochs=1243 | acc=1.0000 | bal_acc=1.0000 | pred_hist=[4, 4] | collapse=False
[2026-05-26 18:51:27]     spatial_conv=[4, 29] top_abs_channels=[('C3', 0.23628277), ('T5', 0.16839737), ('P4', 0.14831296), ('FC3', 0.14304028), ('Fz', 0.13751887), ('TP7', 0.13416541), ('P3', 0.13036188), ('Pz', 0.12657368)]
[2026-05-26 18:51:27]     spatial_update=delta_l2=1.39517109 max_abs=0.34550510 relative=1.16899489 changed=True

[2026-05-26 18:51:27] Fold 4/5 | subject=30
[2026-05-26 18:51:27]     Train: 32 | counts=[16, 16]
[2026-05-26 18:51:27]     Test:  8 | counts=[4, 4]
[2026-05-26 18:51:27]     Model: SignalJEPA_PreLocal | Pretrained: from_pretrained | Strategy: new
[2026-05-26 18:51:27]     Normalization: none | fit_scope=none
[2026-05-26 18:51:27]     Phase 1 (new): 2,170/16,010 params
[2026-05-26 18:51:31]     Result | best_epoch=845 | stop=894 | final_phase_epochs=894 | acc=0.7500 | bal_acc=0.7500 | pred_hist=[2, 6] | collapse=False
[2026-05-26 18:51:31]     spatial_conv=[4, 29] top_abs_channels=[('P4', 0.17924851), ('FC3', 0.17674823), ('CP4', 0.16847441), ('T5', 0.14642157), ('O2', 0.14610931), ('FCz', 0.12906577), ('F7', 0.12808523), ('TP7', 0.12670632)]
[2026-05-26 18:51:31]     spatial_update=delta_l2=1.34534329 max_abs=0.36611061 relative=1.12724486 changed=True

[2026-05-26 18:51:31] Fold 5/5 | subject=30
[2026-05-26 18:51:31]     Train: 32 | counts=[16, 16]
[2026-05-26 18:51:31]     Test:  8 | counts=[4, 4]
[2026-05-26 18:51:31]     Model: SignalJEPA_PreLocal | Pretrained: from_pretrained | Strategy: new
[2026-05-26 18:51:31]     Normalization: none | fit_scope=none
[2026-05-26 18:51:31]     Phase 1 (new): 2,170/16,010 params
[2026-05-26 18:51:33]     Result | best_epoch=600 | stop=650 | final_phase_epochs=650 | acc=0.7500 | bal_acc=0.7500 | pred_hist=[6, 2] | collapse=False
[2026-05-26 18:51:33]     spatial_conv=[4, 29] top_abs_channels=[('C3', 0.16932732), ('CP3', 0.1629107), ('FCz', 0.15493511), ('TP7', 0.14870736), ('T5', 0.14233348), ('P4', 0.12224286), ('C4', 0.11574402), ('FC3', 0.11473139)]
[2026-05-26 18:51:33]     spatial_update=delta_l2=1.26271723 max_abs=0.28730380 relative=1.05801361 changed=True
[2026-05-26 18:51:33]   Subject 30: acc=0.7750±0.1658  bal_acc=0.7750±0.1658
[2026-05-26 18:51:33] \nSubject 31: 40 windows | class_counts=[20, 20]

[2026-05-26 18:51:34] Fold 1/5 | subject=31
[2026-05-26 18:51:34]     Train: 32 | counts=[16, 16]
[2026-05-26 18:51:34]     Test:  8 | counts=[4, 4]
[2026-05-26 18:51:34]     Model: SignalJEPA_PreLocal | Pretrained: from_pretrained | Strategy: new
[2026-05-26 18:51:34]     Normalization: none | fit_scope=none
[2026-05-26 18:51:34]     Phase 1 (new): 2,170/16,010 params
[2026-05-26 18:51:34]     Result | best_epoch=68 | stop=116 | final_phase_epochs=116 | acc=0.3750 | bal_acc=0.3750 | pred_hist=[1, 7] | collapse=False
[2026-05-26 18:51:34]     spatial_conv=[4, 29] top_abs_channels=[('Pz', 0.15519869), ('O2', 0.14864646), ('T3', 0.12897187), ('O1', 0.11854492), ('CP3', 0.11747549), ('C3', 0.11727329), ('T4', 0.11596191), ('T5', 0.11471755)]
[2026-05-26 18:51:34]     spatial_update=delta_l2=0.18074714 max_abs=0.03555505 relative=0.15144557 changed=True

[2026-05-26 18:51:35] Fold 2/5 | subject=31
[2026-05-26 18:51:35]     Train: 32 | counts=[16, 16]
[2026-05-26 18:51:35]     Test:  8 | counts=[4, 4]
[2026-05-26 18:51:35]     Model: SignalJEPA_PreLocal | Pretrained: from_pretrained | Strategy: new
[2026-05-26 18:51:35]     Normalization: none | fit_scope=none
[2026-05-26 18:51:35]     Phase 1 (new): 2,170/16,010 params
[2026-05-26 18:51:35]     Result | best_epoch=13 | stop=63 | final_phase_epochs=63 | acc=0.5000 | bal_acc=0.5000 | pred_hist=[0, 8] | collapse=True
[2026-05-26 18:51:35]     spatial_conv=[4, 29] top_abs_channels=[('Pz', 0.15290147), ('O2', 0.14659178), ('T3', 0.12937403), ('O1', 0.12278612), ('T4', 0.12056555), ('CP3', 0.11863585), ('C3', 0.11371931), ('CP4', 0.11105698)]
[2026-05-26 18:51:35]     spatial_update=delta_l2=0.04889793 max_abs=0.00643075 relative=0.04097091 changed=True

[2026-05-26 18:51:36] Fold 3/5 | subject=31
[2026-05-26 18:51:36]     Train: 32 | counts=[16, 16]
[2026-05-26 18:51:36]     Test:  8 | counts=[4, 4]
[2026-05-26 18:51:36]     Model: SignalJEPA_PreLocal | Pretrained: from_pretrained | Strategy: new
[2026-05-26 18:51:36]     Normalization: none | fit_scope=none
[2026-05-26 18:51:36]     Phase 1 (new): 2,170/16,010 params
[2026-05-26 18:51:36]     Result | best_epoch=1 | stop=51 | final_phase_epochs=51 | acc=0.5000 | bal_acc=0.5000 | pred_hist=[0, 8] | collapse=True
[2026-05-26 18:51:36]     spatial_conv=[4, 29] top_abs_channels=[('Pz', 0.15328901), ('O2', 0.14389138), ('T3', 0.12673479), ('T4', 0.12233758), ('O1', 0.12161213), ('CP3', 0.12112439), ('C3', 0.11498111), ('CP4', 0.11118313)]
[2026-05-26 18:51:36]     spatial_update=delta_l2=0.00538492 max_abs=0.00050000 relative=0.00451195 changed=True

[2026-05-26 18:51:36] Fold 4/5 | subject=31
[2026-05-26 18:51:36]     Train: 32 | counts=[16, 16]
[2026-05-26 18:51:36]     Test:  8 | counts=[4, 4]
[2026-05-26 18:51:36]     Model: SignalJEPA_PreLocal | Pretrained: from_pretrained | Strategy: new
[2026-05-26 18:51:36]     Normalization: none | fit_scope=none
[2026-05-26 18:51:36]     Phase 1 (new): 2,170/16,010 params
[2026-05-26 18:51:37]     Result | best_epoch=2 | stop=51 | final_phase_epochs=51 | acc=0.5000 | bal_acc=0.5000 | pred_hist=[0, 8] | collapse=True
[2026-05-26 18:51:37]     spatial_conv=[4, 29] top_abs_channels=[('Pz', 0.15328901), ('O2', 0.14414138), ('T3', 0.12698479), ('T4', 0.12208743), ('O1', 0.12161212), ('CP3', 0.12112439), ('C3', 0.11498091), ('CP4', 0.11093315)]
[2026-05-26 18:51:37]     spatial_update=delta_l2=0.00538498 max_abs=0.00050000 relative=0.00451200 changed=True

[2026-05-26 18:51:37] Fold 5/5 | subject=31
[2026-05-26 18:51:37]     Train: 32 | counts=[16, 16]
[2026-05-26 18:51:37]     Test:  8 | counts=[4, 4]
[2026-05-26 18:51:37]     Model: SignalJEPA_PreLocal | Pretrained: from_pretrained | Strategy: new
[2026-05-26 18:51:37]     Normalization: none | fit_scope=none
[2026-05-26 18:51:37]     Phase 1 (new): 2,170/16,010 params
[2026-05-26 18:51:37]     Result | best_epoch=66 | stop=115 | final_phase_epochs=115 | acc=0.3750 | bal_acc=0.3750 | pred_hist=[1, 7] | collapse=False
[2026-05-26 18:51:37]     spatial_conv=[4, 29] top_abs_channels=[('O2', 0.15461478), ('Pz', 0.14507592), ('T3', 0.13369218), ('C3', 0.12014708), ('CP3', 0.11923991), ('Fp1', 0.11851129), ('O1', 0.11673786), ('P3', 0.10906918)]
[2026-05-26 18:51:37]     spatial_update=delta_l2=0.18369306 max_abs=0.03373194 relative=0.15391391 changed=True
[2026-05-26 18:51:37]   Subject 31: acc=0.4500±0.0612  bal_acc=0.4500±0.0612
[2026-05-26 18:51:37] \nSubject 32: 40 windows | class_counts=[20, 20]

[2026-05-26 18:51:38] Fold 1/5 | subject=32
[2026-05-26 18:51:38]     Train: 32 | counts=[16, 16]
[2026-05-26 18:51:38]     Test:  8 | counts=[4, 4]
[2026-05-26 18:51:38]     Model: SignalJEPA_PreLocal | Pretrained: from_pretrained | Strategy: new
[2026-05-26 18:51:38]     Normalization: none | fit_scope=none
[2026-05-26 18:51:38]     Phase 1 (new): 2,170/16,010 params
[2026-05-26 18:51:38]     Result | best_epoch=1 | stop=51 | final_phase_epochs=51 | acc=0.5000 | bal_acc=0.5000 | pred_hist=[0, 8] | collapse=True
[2026-05-26 18:51:38]     spatial_conv=[4, 29] top_abs_channels=[('Pz', 0.15303899), ('O2', 0.14389138), ('T3', 0.12673478), ('O1', 0.12211212), ('T4', 0.12208761), ('CP3', 0.12162438), ('C3', 0.11523089), ('CP4', 0.11068314)]
[2026-05-26 18:51:38]     spatial_update=delta_l2=0.00538496 max_abs=0.00050000 relative=0.00451198 changed=True

[2026-05-26 18:51:39] Fold 2/5 | subject=32
[2026-05-26 18:51:39]     Train: 32 | counts=[16, 16]
[2026-05-26 18:51:39]     Test:  8 | counts=[4, 4]
[2026-05-26 18:51:39]     Model: SignalJEPA_PreLocal | Pretrained: from_pretrained | Strategy: new
[2026-05-26 18:51:39]     Normalization: none | fit_scope=none
[2026-05-26 18:51:39]     Phase 1 (new): 2,170/16,010 params
[2026-05-26 18:51:39]     Result | best_epoch=1 | stop=51 | final_phase_epochs=51 | acc=0.6250 | bal_acc=0.6250 | pred_hist=[1, 7] | collapse=False
[2026-05-26 18:51:39]     spatial_conv=[4, 29] top_abs_channels=[('Pz', 0.15278904), ('O2', 0.14414136), ('T3', 0.1264848), ('T4', 0.12258758), ('O1', 0.12161213), ('CP3', 0.12137441), ('C3', 0.11498091), ('CP4', 0.11093313)]
[2026-05-26 18:51:39]     spatial_update=delta_l2=0.00538500 max_abs=0.00050000 relative=0.00451202 changed=True

[2026-05-26 18:51:39] Fold 3/5 | subject=32
[2026-05-26 18:51:39]     Train: 32 | counts=[16, 16]
[2026-05-26 18:51:39]     Test:  8 | counts=[4, 4]
[2026-05-26 18:51:39]     Model: SignalJEPA_PreLocal | Pretrained: from_pretrained | Strategy: new
[2026-05-26 18:51:39]     Normalization: none | fit_scope=none
[2026-05-26 18:51:39]     Phase 1 (new): 2,170/16,010 params
[2026-05-26 18:51:40]     Result | best_epoch=1 | stop=51 | final_phase_epochs=51 | acc=0.5000 | bal_acc=0.5000 | pred_hist=[0, 8] | collapse=True
[2026-05-26 18:51:40]     spatial_conv=[4, 29] top_abs_channels=[('Pz', 0.15328901), ('O2', 0.14414138), ('T3', 0.1262348), ('T4', 0.12258758), ('O1', 0.12236211), ('CP3', 0.12062444), ('C3', 0.11523092), ('CP4', 0.11118312)]
[2026-05-26 18:51:40]     spatial_update=delta_l2=0.00538497 max_abs=0.00050000 relative=0.00451199 changed=True

[2026-05-26 18:51:40] Fold 4/5 | subject=32
[2026-05-26 18:51:40]     Train: 32 | counts=[16, 16]
[2026-05-26 18:51:40]     Test:  8 | counts=[4, 4]
[2026-05-26 18:51:40]     Model: SignalJEPA_PreLocal | Pretrained: from_pretrained | Strategy: new
[2026-05-26 18:51:40]     Normalization: none | fit_scope=none
[2026-05-26 18:51:40]     Phase 1 (new): 2,170/16,010 params
[2026-05-26 18:51:40]     Result | best_epoch=1 | stop=51 | final_phase_epochs=51 | acc=0.3750 | bal_acc=0.3750 | pred_hist=[1, 7] | collapse=False
[2026-05-26 18:51:40]     spatial_conv=[4, 29] top_abs_channels=[('Pz', 0.15328901), ('O2', 0.14414138), ('T3', 0.1262348), ('O1', 0.12236211), ('T4', 0.12233757), ('CP3', 0.12112439), ('C3', 0.11523086), ('CP4', 0.11093313)]
[2026-05-26 18:51:40]     spatial_update=delta_l2=0.00538498 max_abs=0.00050000 relative=0.00451200 changed=True

[2026-05-26 18:51:41] Fold 5/5 | subject=32
[2026-05-26 18:51:41]     Train: 32 | counts=[16, 16]
[2026-05-26 18:51:41]     Test:  8 | counts=[4, 4]
[2026-05-26 18:51:41]     Model: SignalJEPA_PreLocal | Pretrained: from_pretrained | Strategy: new
[2026-05-26 18:51:41]     Normalization: none | fit_scope=none
[2026-05-26 18:51:41]     Phase 1 (new): 2,170/16,010 params
[2026-05-26 18:51:43]     Result | best_epoch=504 | stop=554 | final_phase_epochs=554 | acc=0.5000 | bal_acc=0.5000 | pred_hist=[6, 2] | collapse=False
[2026-05-26 18:51:43]     spatial_conv=[4, 29] top_abs_channels=[('T3', 0.17126732), ('CP4', 0.16970749), ('C4', 0.1588781), ('O1', 0.14190137), ('O2', 0.12688717), ('T5', 0.12413704), ('F3', 0.11860298), ('CP3', 0.11727795)]
[2026-05-26 18:51:43]     spatial_update=delta_l2=1.05922953 max_abs=0.23642285 relative=0.88751403 changed=True
[2026-05-26 18:51:43]   Subject 32: acc=0.5000±0.0791  bal_acc=0.5000±0.0791
[2026-05-26 18:51:43] \nSubject 33: 40 windows | class_counts=[20, 20]

[2026-05-26 18:51:44] Fold 1/5 | subject=33
[2026-05-26 18:51:44]     Train: 32 | counts=[16, 16]
[2026-05-26 18:51:44]     Test:  8 | counts=[4, 4]
[2026-05-26 18:51:44]     Model: SignalJEPA_PreLocal | Pretrained: from_pretrained | Strategy: new
[2026-05-26 18:51:44]     Normalization: none | fit_scope=none
[2026-05-26 18:51:44]     Phase 1 (new): 2,170/16,010 params
[2026-05-26 18:51:44]     Result | best_epoch=1 | stop=51 | final_phase_epochs=51 | acc=0.5000 | bal_acc=0.5000 | pred_hist=[0, 8] | collapse=True
[2026-05-26 18:51:44]     spatial_conv=[4, 29] top_abs_channels=[('Pz', 0.15303902), ('O2', 0.1436414), ('T3', 0.12673478), ('O1', 0.12211212), ('T4', 0.1220876), ('CP3', 0.12137438), ('C3', 0.11498126), ('CP4', 0.11093313)]
[2026-05-26 18:51:44]     spatial_update=delta_l2=0.00538486 max_abs=0.00050000 relative=0.00451190 changed=True

[2026-05-26 18:51:45] Fold 2/5 | subject=33
[2026-05-26 18:51:45]     Train: 32 | counts=[16, 16]
[2026-05-26 18:51:45]     Test:  8 | counts=[4, 4]
[2026-05-26 18:51:45]     Model: SignalJEPA_PreLocal | Pretrained: from_pretrained | Strategy: new
[2026-05-26 18:51:45]     Normalization: none | fit_scope=none
[2026-05-26 18:51:45]     Phase 1 (new): 2,170/16,010 params
[2026-05-26 18:51:45]     Result | best_epoch=1 | stop=51 | final_phase_epochs=51 | acc=0.5000 | bal_acc=0.5000 | pred_hist=[0, 8] | collapse=True
[2026-05-26 18:51:45]     spatial_conv=[4, 29] top_abs_channels=[('Pz', 0.15303902), ('O2', 0.1441413), ('T3', 0.12698478), ('T4', 0.12233617), ('O1', 0.12211211), ('CP3', 0.12112443), ('C3', 0.11498091), ('CP4', 0.11093313)]
[2026-05-26 18:51:45]     spatial_update=delta_l2=0.00538426 max_abs=0.00050000 relative=0.00451139 changed=True

[2026-05-26 18:51:45] Fold 3/5 | subject=33
[2026-05-26 18:51:45]     Train: 32 | counts=[16, 16]
[2026-05-26 18:51:45]     Test:  8 | counts=[4, 4]
[2026-05-26 18:51:45]     Model: SignalJEPA_PreLocal | Pretrained: from_pretrained | Strategy: new
[2026-05-26 18:51:45]     Normalization: none | fit_scope=none
[2026-05-26 18:51:45]     Phase 1 (new): 2,170/16,010 params
[2026-05-26 18:51:45]     Result | best_epoch=1 | stop=51 | final_phase_epochs=51 | acc=0.5000 | bal_acc=0.5000 | pred_hist=[0, 8] | collapse=True
[2026-05-26 18:51:45]     spatial_conv=[4, 29] top_abs_channels=[('Pz', 0.15303902), ('O2', 0.14414138), ('T3', 0.12698479), ('T4', 0.12233758), ('O1', 0.12211212), ('CP3', 0.1208744), ('C3', 0.1152309), ('CP4', 0.11118313)]
[2026-05-26 18:51:45]     spatial_update=delta_l2=0.00538489 max_abs=0.00050000 relative=0.00451192 changed=True

[2026-05-26 18:51:46] Fold 4/5 | subject=33
[2026-05-26 18:51:46]     Train: 32 | counts=[16, 16]
[2026-05-26 18:51:46]     Test:  8 | counts=[4, 4]
[2026-05-26 18:51:46]     Model: SignalJEPA_PreLocal | Pretrained: from_pretrained | Strategy: new
[2026-05-26 18:51:46]     Normalization: none | fit_scope=none
[2026-05-26 18:51:46]     Phase 1 (new): 2,170/16,010 params
[2026-05-26 18:51:46]     Result | best_epoch=1 | stop=51 | final_phase_epochs=51 | acc=0.5000 | bal_acc=0.5000 | pred_hist=[0, 8] | collapse=True
[2026-05-26 18:51:46]     spatial_conv=[4, 29] top_abs_channels=[('Pz', 0.15303901), ('O2', 0.14389139), ('T3', 0.12673479), ('O1', 0.12211214), ('T4', 0.12208759), ('CP3', 0.1208744), ('C3', 0.11548088), ('CP4', 0.11093313)]
[2026-05-26 18:51:46]     spatial_update=delta_l2=0.00538493 max_abs=0.00050000 relative=0.00451196 changed=True

[2026-05-26 18:51:47] Fold 5/5 | subject=33
[2026-05-26 18:51:47]     Train: 32 | counts=[16, 16]
[2026-05-26 18:51:47]     Test:  8 | counts=[4, 4]
[2026-05-26 18:51:47]     Model: SignalJEPA_PreLocal | Pretrained: from_pretrained | Strategy: new
[2026-05-26 18:51:47]     Normalization: none | fit_scope=none
[2026-05-26 18:51:47]     Phase 1 (new): 2,170/16,010 params
[2026-05-26 18:51:47]     Result | best_epoch=6 | stop=55 | final_phase_epochs=55 | acc=0.5000 | bal_acc=0.5000 | pred_hist=[0, 8] | collapse=True
[2026-05-26 18:51:47]     spatial_conv=[4, 29] top_abs_channels=[('Pz', 0.15514861), ('O2', 0.14361091), ('T3', 0.1281624), ('O1', 0.12225709), ('T4', 0.12205991), ('CP3', 0.12015574), ('C3', 0.11518401), ('CP4', 0.11097974)]
[2026-05-26 18:51:47]     spatial_update=delta_l2=0.02035085 max_abs=0.00248694 relative=0.01705170 changed=True
[2026-05-26 18:51:47]   Subject 33: acc=0.5000±0.0000  bal_acc=0.5000±0.0000
[2026-05-26 18:51:47] \nSubject 34: 40 windows | class_counts=[20, 20]

[2026-05-26 18:51:48] Fold 1/5 | subject=34
[2026-05-26 18:51:48]     Train: 32 | counts=[16, 16]
[2026-05-26 18:51:48]     Test:  8 | counts=[4, 4]
[2026-05-26 18:51:48]     Model: SignalJEPA_PreLocal | Pretrained: from_pretrained | Strategy: new
[2026-05-26 18:51:48]     Normalization: none | fit_scope=none
[2026-05-26 18:51:48]     Phase 1 (new): 2,170/16,010 params
[2026-05-26 18:51:49]     Result | best_epoch=386 | stop=435 | final_phase_epochs=435 | acc=0.8750 | bal_acc=0.8750 | pred_hist=[3, 5] | collapse=False
[2026-05-26 18:51:49]     spatial_conv=[4, 29] top_abs_channels=[('CP3', 0.17992336), ('FT7', 0.16921522), ('P4', 0.15403447), ('F4', 0.14707193), ('FT8', 0.14184496), ('T3', 0.13296402), ('O2', 0.12865806), ('CP4', 0.11953974)]
[2026-05-26 18:51:49]     spatial_update=delta_l2=1.07872199 max_abs=0.20868208 relative=0.90384650 changed=True

[2026-05-26 18:51:50] Fold 2/5 | subject=34
[2026-05-26 18:51:50]     Train: 32 | counts=[16, 16]
[2026-05-26 18:51:50]     Test:  8 | counts=[4, 4]
[2026-05-26 18:51:50]     Model: SignalJEPA_PreLocal | Pretrained: from_pretrained | Strategy: new
[2026-05-26 18:51:50]     Normalization: none | fit_scope=none
[2026-05-26 18:51:50]     Phase 1 (new): 2,170/16,010 params
[2026-05-26 18:51:51]     Result | best_epoch=348 | stop=398 | final_phase_epochs=398 | acc=0.7500 | bal_acc=0.7500 | pred_hist=[6, 2] | collapse=False
[2026-05-26 18:51:51]     spatial_conv=[4, 29] top_abs_channels=[('FCz', 0.23015805), ('O2', 0.20244363), ('T4', 0.14816369), ('CP3', 0.14759311), ('Fz', 0.12006254), ('O1', 0.11270966), ('C4', 0.10829669), ('F3', 0.10122268)]
[2026-05-26 18:51:51]     spatial_update=delta_l2=0.95843478 max_abs=0.19303135 relative=0.80305947 changed=True

[2026-05-26 18:51:52] Fold 3/5 | subject=34
[2026-05-26 18:51:52]     Train: 32 | counts=[16, 16]
[2026-05-26 18:51:52]     Test:  8 | counts=[4, 4]
[2026-05-26 18:51:52]     Model: SignalJEPA_PreLocal | Pretrained: from_pretrained | Strategy: new
[2026-05-26 18:51:52]     Normalization: none | fit_scope=none
[2026-05-26 18:51:52]     Phase 1 (new): 2,170/16,010 params
[2026-05-26 18:51:54]     Result | best_epoch=510 | stop=559 | final_phase_epochs=559 | acc=0.6250 | bal_acc=0.6250 | pred_hist=[3, 5] | collapse=False
[2026-05-26 18:51:54]     spatial_conv=[4, 29] top_abs_channels=[('O2', 0.15783605), ('T6', 0.15148443), ('CP4', 0.14965159), ('O1', 0.14490181), ('CP3', 0.13880698), ('TP8', 0.13700633), ('P4', 0.13698018), ('T3', 0.13154092)]
[2026-05-26 18:51:54]     spatial_update=delta_l2=1.09531238 max_abs=0.25838201 relative=0.91774736 changed=True

[2026-05-26 18:51:55] Fold 4/5 | subject=34
[2026-05-26 18:51:55]     Train: 32 | counts=[16, 16]
[2026-05-26 18:51:55]     Test:  8 | counts=[4, 4]
[2026-05-26 18:51:55]     Model: SignalJEPA_PreLocal | Pretrained: from_pretrained | Strategy: new
[2026-05-26 18:51:55]     Normalization: none | fit_scope=none
[2026-05-26 18:51:55]     Phase 1 (new): 2,170/16,010 params
[2026-05-26 18:51:57]     Result | best_epoch=602 | stop=652 | final_phase_epochs=652 | acc=0.8750 | bal_acc=0.8750 | pred_hist=[5, 3] | collapse=False
[2026-05-26 18:51:57]     spatial_conv=[4, 29] top_abs_channels=[('CP3', 0.17285348), ('O1', 0.1556831), ('Fz', 0.14635512), ('P4', 0.14420371), ('T4', 0.13582242), ('CP4', 0.13382077), ('O2', 0.12578708), ('FT7', 0.12230746)]
[2026-05-26 18:51:57]     spatial_update=delta_l2=1.28728906 max_abs=0.29184757 relative=1.07860200 changed=True

[2026-05-26 18:51:57] Fold 5/5 | subject=34
[2026-05-26 18:51:57]     Train: 32 | counts=[16, 16]
[2026-05-26 18:51:57]     Test:  8 | counts=[4, 4]
[2026-05-26 18:51:57]     Model: SignalJEPA_PreLocal | Pretrained: from_pretrained | Strategy: new
[2026-05-26 18:51:57]     Normalization: none | fit_scope=none
[2026-05-26 18:51:57]     Phase 1 (new): 2,170/16,010 params
[2026-05-26 18:51:58]     Result | best_epoch=168 | stop=216 | final_phase_epochs=216 | acc=0.7500 | bal_acc=0.7500 | pred_hist=[2, 6] | collapse=False
[2026-05-26 18:51:58]     spatial_conv=[4, 29] top_abs_channels=[('FCz', 0.16331349), ('O2', 0.15800062), ('T4', 0.14683533), ('O1', 0.1317469), ('T3', 0.13149306), ('C3', 0.13038108), ('P4', 0.12866655), ('FT7', 0.12358115)]
[2026-05-26 18:51:58]     spatial_update=delta_l2=0.56837388 max_abs=0.10017482 relative=0.47623274 changed=True
[2026-05-26 18:51:58]   Subject 34: acc=0.7750±0.0935  bal_acc=0.7750±0.0935
[2026-05-26 18:51:58] \nSubject 35: 40 windows | class_counts=[20, 20]

[2026-05-26 18:51:59] Fold 1/5 | subject=35
[2026-05-26 18:51:59]     Train: 32 | counts=[16, 16]
[2026-05-26 18:51:59]     Test:  8 | counts=[4, 4]
[2026-05-26 18:51:59]     Model: SignalJEPA_PreLocal | Pretrained: from_pretrained | Strategy: new
[2026-05-26 18:51:59]     Normalization: none | fit_scope=none
[2026-05-26 18:51:59]     Phase 1 (new): 2,170/16,010 params
[2026-05-26 18:52:00]     Result | best_epoch=347 | stop=396 | final_phase_epochs=396 | acc=0.5000 | bal_acc=0.5000 | pred_hist=[4, 4] | collapse=False
[2026-05-26 18:52:00]     spatial_conv=[4, 29] top_abs_channels=[('Oz', 0.17936572), ('P3', 0.14324477), ('T4', 0.13623665), ('T3', 0.13067617), ('Pz', 0.12517807), ('F4', 0.11564904), ('CP4', 0.11352487), ('Fz', 0.10729682)]
[2026-05-26 18:52:00]     spatial_update=delta_l2=0.93383936 max_abs=0.19309598 relative=0.78245131 changed=True

[2026-05-26 18:52:01] Fold 2/5 | subject=35
[2026-05-26 18:52:01]     Train: 32 | counts=[16, 16]
[2026-05-26 18:52:01]     Test:  8 | counts=[4, 4]
[2026-05-26 18:52:01]     Model: SignalJEPA_PreLocal | Pretrained: from_pretrained | Strategy: new
[2026-05-26 18:52:01]     Normalization: none | fit_scope=none
[2026-05-26 18:52:01]     Phase 1 (new): 2,170/16,010 params
[2026-05-26 18:52:02]     Result | best_epoch=299 | stop=349 | final_phase_epochs=349 | acc=0.5000 | bal_acc=0.5000 | pred_hist=[6, 2] | collapse=False
[2026-05-26 18:52:02]     spatial_conv=[4, 29] top_abs_channels=[('CP4', 0.17498231), ('Oz', 0.14582396), ('T4', 0.13450648), ('T3', 0.13380493), ('Pz', 0.13266589), ('P3', 0.12257881), ('Fz', 0.12221684), ('F4', 0.11480737)]
[2026-05-26 18:52:02]     spatial_update=delta_l2=0.72868355 max_abs=0.16656061 relative=0.61055404 changed=True

[2026-05-26 18:52:02] Fold 3/5 | subject=35
[2026-05-26 18:52:02]     Train: 32 | counts=[16, 16]
[2026-05-26 18:52:02]     Test:  8 | counts=[4, 4]
[2026-05-26 18:52:02]     Model: SignalJEPA_PreLocal | Pretrained: from_pretrained | Strategy: new
[2026-05-26 18:52:02]     Normalization: none | fit_scope=none
[2026-05-26 18:52:02]     Phase 1 (new): 2,170/16,010 params
[2026-05-26 18:52:05]     Result | best_epoch=862 | stop=911 | final_phase_epochs=911 | acc=0.6250 | bal_acc=0.6250 | pred_hist=[3, 5] | collapse=False
[2026-05-26 18:52:05]     spatial_conv=[4, 29] top_abs_channels=[('Oz', 0.22397046), ('T4', 0.18803138), ('FT7', 0.1643258), ('P3', 0.15032551), ('CP4', 0.13843131), ('FT8', 0.12715268), ('CP3', 0.11355664), ('Pz', 0.10867762)]
[2026-05-26 18:52:05]     spatial_update=delta_l2=1.19831589 max_abs=0.29628939 relative=1.00405260 changed=True

[2026-05-26 18:52:06] Fold 4/5 | subject=35
[2026-05-26 18:52:06]     Train: 32 | counts=[16, 16]
[2026-05-26 18:52:06]     Test:  8 | counts=[4, 4]
[2026-05-26 18:52:06]     Model: SignalJEPA_PreLocal | Pretrained: from_pretrained | Strategy: new
[2026-05-26 18:52:06]     Normalization: none | fit_scope=none
[2026-05-26 18:52:06]     Phase 1 (new): 2,170/16,010 params
[2026-05-26 18:52:07]     Result | best_epoch=158 | stop=208 | final_phase_epochs=208 | acc=0.7500 | bal_acc=0.7500 | pred_hist=[6, 2] | collapse=False
[2026-05-26 18:52:07]     spatial_conv=[4, 29] top_abs_channels=[('CP4', 0.13528848), ('F4', 0.1351822), ('TP7', 0.13050601), ('P3', 0.12374792), ('Fz', 0.12327784), ('Pz', 0.12273027), ('T3', 0.11590216), ('O1', 0.10954122)]
[2026-05-26 18:52:07]     spatial_update=delta_l2=0.52739707 max_abs=0.09746013 relative=0.44189884 changed=True

[2026-05-26 18:52:07] Fold 5/5 | subject=35
[2026-05-26 18:52:07]     Train: 32 | counts=[16, 16]
[2026-05-26 18:52:07]     Test:  8 | counts=[4, 4]
[2026-05-26 18:52:07]     Model: SignalJEPA_PreLocal | Pretrained: from_pretrained | Strategy: new
[2026-05-26 18:52:07]     Normalization: none | fit_scope=none
[2026-05-26 18:52:07]     Phase 1 (new): 2,170/16,010 params
[2026-05-26 18:52:08]     Result | best_epoch=191 | stop=240 | final_phase_epochs=240 | acc=0.2500 | bal_acc=0.2500 | pred_hist=[2, 6] | collapse=False
[2026-05-26 18:52:08]     spatial_conv=[4, 29] top_abs_channels=[('F4', 0.1459011), ('Pz', 0.1361421), ('T3', 0.13483115), ('Oz', 0.13460542), ('TP7', 0.13036916), ('CP4', 0.12656692), ('P3', 0.1210879), ('Fz', 0.11752944)]
[2026-05-26 18:52:08]     spatial_update=delta_l2=0.62915249 max_abs=0.12064271 relative=0.52715832 changed=True
[2026-05-26 18:52:08]   Subject 35: acc=0.5250±0.1658  bal_acc=0.5250±0.1658
[2026-05-26 18:52:08] \nSubject 36: 40 windows | class_counts=[20, 20]

[2026-05-26 18:52:09] Fold 1/5 | subject=36
[2026-05-26 18:52:09]     Train: 32 | counts=[16, 16]
[2026-05-26 18:52:09]     Test:  8 | counts=[4, 4]
[2026-05-26 18:52:09]     Model: SignalJEPA_PreLocal | Pretrained: from_pretrained | Strategy: new
[2026-05-26 18:52:09]     Normalization: none | fit_scope=none
[2026-05-26 18:52:09]     Phase 1 (new): 2,170/16,010 params
[2026-05-26 18:52:09]     Result | best_epoch=3 | stop=51 | final_phase_epochs=51 | acc=0.5000 | bal_acc=0.5000 | pred_hist=[0, 8] | collapse=True
[2026-05-26 18:52:09]     spatial_conv=[4, 29] top_abs_channels=[('Pz', 0.15303899), ('O2', 0.14414138), ('T3', 0.12673479), ('T4', 0.12233759), ('O1', 0.12186212), ('CP3', 0.1208744), ('C3', 0.11573088), ('CP4', 0.11043314)]
[2026-05-26 18:52:09]     spatial_update=delta_l2=0.00538510 max_abs=0.00050000 relative=0.00451210 changed=True

[2026-05-26 18:52:09] Fold 2/5 | subject=36
[2026-05-26 18:52:09]     Train: 32 | counts=[16, 16]
[2026-05-26 18:52:09]     Test:  8 | counts=[4, 4]
[2026-05-26 18:52:09]     Model: SignalJEPA_PreLocal | Pretrained: from_pretrained | Strategy: new
[2026-05-26 18:52:09]     Normalization: none | fit_scope=none
[2026-05-26 18:52:09]     Phase 1 (new): 2,170/16,010 params
[2026-05-26 18:52:10]     Result | best_epoch=4 | stop=54 | final_phase_epochs=54 | acc=0.5000 | bal_acc=0.5000 | pred_hist=[0, 8] | collapse=True
[2026-05-26 18:52:10]     spatial_conv=[4, 29] top_abs_channels=[('Pz', 0.1527907), ('O2', 0.14346409), ('T3', 0.12790702), ('O1', 0.12283723), ('CP3', 0.12160444), ('T4', 0.12126783), ('C3', 0.11670063), ('Fp1', 0.11030649)]
[2026-05-26 18:52:10]     spatial_update=delta_l2=0.01793152 max_abs=0.00200404 relative=0.01502457 changed=True

[2026-05-26 18:52:10] Fold 3/5 | subject=36
[2026-05-26 18:52:10]     Train: 32 | counts=[16, 16]
[2026-05-26 18:52:10]     Test:  8 | counts=[4, 4]
[2026-05-26 18:52:10]     Model: SignalJEPA_PreLocal | Pretrained: from_pretrained | Strategy: new
[2026-05-26 18:52:10]     Normalization: none | fit_scope=none
[2026-05-26 18:52:10]     Phase 1 (new): 2,170/16,010 params
[2026-05-26 18:52:10]     Result | best_epoch=1 | stop=51 | final_phase_epochs=51 | acc=0.5000 | bal_acc=0.5000 | pred_hist=[0, 8] | collapse=True
[2026-05-26 18:52:10]     spatial_conv=[4, 29] top_abs_channels=[('Pz', 0.15303899), ('O2', 0.14414138), ('T3', 0.12698478), ('T4', 0.12208757), ('O1', 0.12186213), ('CP3', 0.12112449), ('C3', 0.1157309), ('CP4', 0.11043314)]
[2026-05-26 18:52:10]     spatial_update=delta_l2=0.00538500 max_abs=0.00050000 relative=0.00451202 changed=True

[2026-05-26 18:52:11] Fold 4/5 | subject=36
[2026-05-26 18:52:11]     Train: 32 | counts=[16, 16]
[2026-05-26 18:52:11]     Test:  8 | counts=[4, 4]
[2026-05-26 18:52:11]     Model: SignalJEPA_PreLocal | Pretrained: from_pretrained | Strategy: new
[2026-05-26 18:52:11]     Normalization: none | fit_scope=none
[2026-05-26 18:52:11]     Phase 1 (new): 2,170/16,010 params
[2026-05-26 18:52:11]     Result | best_epoch=1 | stop=51 | final_phase_epochs=51 | acc=0.5000 | bal_acc=0.5000 | pred_hist=[0, 8] | collapse=True
[2026-05-26 18:52:11]     spatial_conv=[4, 29] top_abs_channels=[('Pz', 0.15328901), ('O2', 0.14389138), ('T3', 0.12673479), ('O1', 0.12236211), ('T4', 0.12233759), ('CP3', 0.12087439), ('C3', 0.11573088), ('CP4', 0.11068312)]
[2026-05-26 18:52:11]     spatial_update=delta_l2=0.00538504 max_abs=0.00050000 relative=0.00451206 changed=True

[2026-05-26 18:52:11] Fold 5/5 | subject=36
[2026-05-26 18:52:11]     Train: 32 | counts=[16, 16]
[2026-05-26 18:52:11]     Test:  8 | counts=[4, 4]
[2026-05-26 18:52:11]     Model: SignalJEPA_PreLocal | Pretrained: from_pretrained | Strategy: new
[2026-05-26 18:52:11]     Normalization: none | fit_scope=none
[2026-05-26 18:52:11]     Phase 1 (new): 2,170/16,010 params
[2026-05-26 18:52:12]     Result | best_epoch=1 | stop=51 | final_phase_epochs=51 | acc=0.5000 | bal_acc=0.5000 | pred_hist=[0, 8] | collapse=True
[2026-05-26 18:52:12]     spatial_conv=[4, 29] top_abs_channels=[('Pz', 0.15328898), ('O2', 0.14389138), ('T3', 0.12673481), ('O1', 0.12236211), ('T4', 0.12233759), ('CP3', 0.12112436), ('C3', 0.11548093), ('CP4', 0.11068314)]
[2026-05-26 18:52:12]     spatial_update=delta_l2=0.00537348 max_abs=0.00050000 relative=0.00450236 changed=True
[2026-05-26 18:52:12]   Subject 36: acc=0.5000±0.0000  bal_acc=0.5000±0.0000
[2026-05-26 18:52:12] \nSubject 37: 40 windows | class_counts=[20, 20]

[2026-05-26 18:52:12] Fold 1/5 | subject=37
[2026-05-26 18:52:12]     Train: 32 | counts=[16, 16]
[2026-05-26 18:52:12]     Test:  8 | counts=[4, 4]
[2026-05-26 18:52:12]     Model: SignalJEPA_PreLocal | Pretrained: from_pretrained | Strategy: new
[2026-05-26 18:52:12]     Normalization: none | fit_scope=none
[2026-05-26 18:52:12]     Phase 1 (new): 2,170/16,010 params
[2026-05-26 18:52:13]     Result | best_epoch=196 | stop=245 | final_phase_epochs=245 | acc=0.3750 | bal_acc=0.3750 | pred_hist=[1, 7] | collapse=False
[2026-05-26 18:52:13]     spatial_conv=[4, 29] top_abs_channels=[('T3', 0.18149009), ('O2', 0.15517741), ('Pz', 0.13590559), ('F8', 0.12471593), ('FCz', 0.12283763), ('Fz', 0.11864714), ('F7', 0.11310415), ('CP4', 0.10897139)]
[2026-05-26 18:52:13]     spatial_update=delta_l2=0.52654476 max_abs=0.10163036 relative=0.44118470 changed=True

[2026-05-26 18:52:14] Fold 2/5 | subject=37
[2026-05-26 18:52:14]     Train: 32 | counts=[16, 16]
[2026-05-26 18:52:14]     Test:  8 | counts=[4, 4]
[2026-05-26 18:52:14]     Model: SignalJEPA_PreLocal | Pretrained: from_pretrained | Strategy: new
[2026-05-26 18:52:14]     Normalization: none | fit_scope=none
[2026-05-26 18:52:14]     Phase 1 (new): 2,170/16,010 params
[2026-05-26 18:52:14]     Result | best_epoch=145 | stop=195 | final_phase_epochs=195 | acc=0.5000 | bal_acc=0.5000 | pred_hist=[4, 4] | collapse=False
[2026-05-26 18:52:14]     spatial_conv=[4, 29] top_abs_channels=[('O2', 0.16349483), ('Pz', 0.1463148), ('T3', 0.14095955), ('T4', 0.13961855), ('FCz', 0.13443129), ('CP3', 0.13071233), ('T5', 0.12842798), ('F8', 0.1189099)]
[2026-05-26 18:52:14]     spatial_update=delta_l2=0.41798770 max_abs=0.07719825 relative=0.35022621 changed=True

[2026-05-26 18:52:15] Fold 3/5 | subject=37
[2026-05-26 18:52:15]     Train: 32 | counts=[16, 16]
[2026-05-26 18:52:15]     Test:  8 | counts=[4, 4]
[2026-05-26 18:52:15]     Model: SignalJEPA_PreLocal | Pretrained: from_pretrained | Strategy: new
[2026-05-26 18:52:15]     Normalization: none | fit_scope=none
[2026-05-26 18:52:15]     Phase 1 (new): 2,170/16,010 params
[2026-05-26 18:52:18]     Result | best_epoch=725 | stop=774 | final_phase_epochs=774 | acc=0.7500 | bal_acc=0.7500 | pred_hist=[6, 2] | collapse=False
[2026-05-26 18:52:18]     spatial_conv=[4, 29] top_abs_channels=[('FCz', 0.22048098), ('O2', 0.20596173), ('TP7', 0.18459885), ('C3', 0.17010012), ('T5', 0.16058607), ('TP8', 0.14531142), ('F4', 0.13317958), ('P4', 0.11517107)]
[2026-05-26 18:52:18]     spatial_update=delta_l2=1.30093949 max_abs=0.28040041 relative=1.09003952 changed=True

[2026-05-26 18:52:18] Fold 4/5 | subject=37
[2026-05-26 18:52:18]     Train: 32 | counts=[16, 16]
[2026-05-26 18:52:18]     Test:  8 | counts=[4, 4]
[2026-05-26 18:52:18]     Model: SignalJEPA_PreLocal | Pretrained: from_pretrained | Strategy: new
[2026-05-26 18:52:18]     Normalization: none | fit_scope=none
[2026-05-26 18:52:18]     Phase 1 (new): 2,170/16,010 params
[2026-05-26 18:52:19]     Result | best_epoch=94 | stop=144 | final_phase_epochs=144 | acc=0.5000 | bal_acc=0.5000 | pred_hist=[4, 4] | collapse=False
[2026-05-26 18:52:19]     spatial_conv=[4, 29] top_abs_channels=[('Pz', 0.1514249), ('O2', 0.14294973), ('P3', 0.13648871), ('T3', 0.1334753), ('Fz', 0.13039628), ('C3', 0.12761365), ('Fp1', 0.12667781), ('CP4', 0.12610717)]
[2026-05-26 18:52:19]     spatial_update=delta_l2=0.29344578 max_abs=0.05149183 relative=0.24587423 changed=True

[2026-05-26 18:52:19] Fold 5/5 | subject=37
[2026-05-26 18:52:19]     Train: 32 | counts=[16, 16]
[2026-05-26 18:52:19]     Test:  8 | counts=[4, 4]
[2026-05-26 18:52:19]     Model: SignalJEPA_PreLocal | Pretrained: from_pretrained | Strategy: new
[2026-05-26 18:52:19]     Normalization: none | fit_scope=none
[2026-05-26 18:52:19]     Phase 1 (new): 2,170/16,010 params
[2026-05-26 18:52:19]     Result | best_epoch=1 | stop=51 | final_phase_epochs=51 | acc=0.5000 | bal_acc=0.5000 | pred_hist=[0, 8] | collapse=True
[2026-05-26 18:52:19]     spatial_conv=[4, 29] top_abs_channels=[('Pz', 0.15303899), ('O2', 0.14439137), ('T3', 0.12648481), ('O1', 0.12186212), ('T4', 0.12183771), ('CP3', 0.12137438), ('C3', 0.1154809), ('CP4', 0.11118313)]
[2026-05-26 18:52:19]     spatial_update=delta_l2=0.00538500 max_abs=0.00050000 relative=0.00451202 changed=True
[2026-05-26 18:52:19]   Subject 37: acc=0.5250±0.1225  bal_acc=0.5250±0.1225
[2026-05-26 18:52:19] \nSubject 38: 40 windows | class_counts=[20, 20]

[2026-05-26 18:52:20] Fold 1/5 | subject=38
[2026-05-26 18:52:20]     Train: 32 | counts=[16, 16]
[2026-05-26 18:52:20]     Test:  8 | counts=[4, 4]
[2026-05-26 18:52:20]     Model: SignalJEPA_PreLocal | Pretrained: from_pretrained | Strategy: new
[2026-05-26 18:52:20]     Normalization: none | fit_scope=none
[2026-05-26 18:52:20]     Phase 1 (new): 2,170/16,010 params
[2026-05-26 18:52:20]     Result | best_epoch=56 | stop=105 | final_phase_epochs=105 | acc=0.5000 | bal_acc=0.5000 | pred_hist=[6, 2] | collapse=False
[2026-05-26 18:52:20]     spatial_conv=[4, 29] top_abs_channels=[('Pz', 0.15404627), ('O2', 0.13212609), ('T3', 0.12856908), ('T4', 0.12416174), ('Fz', 0.12177068), ('CP3', 0.11958468), ('Fp1', 0.11917432), ('O1', 0.11744525)]
[2026-05-26 18:52:20]     spatial_update=delta_l2=0.20073536 max_abs=0.03077122 relative=0.16819343 changed=True

[2026-05-26 18:52:21] Fold 2/5 | subject=38
[2026-05-26 18:52:21]     Train: 32 | counts=[16, 16]
[2026-05-26 18:52:21]     Test:  8 | counts=[4, 4]
[2026-05-26 18:52:21]     Model: SignalJEPA_PreLocal | Pretrained: from_pretrained | Strategy: new
[2026-05-26 18:52:21]     Normalization: none | fit_scope=none
[2026-05-26 18:52:21]     Phase 1 (new): 2,170/16,010 params
[2026-05-26 18:52:22]     Result | best_epoch=219 | stop=269 | final_phase_epochs=269 | acc=0.7500 | bal_acc=0.7500 | pred_hist=[4, 4] | collapse=False
[2026-05-26 18:52:22]     spatial_conv=[4, 29] top_abs_channels=[('Pz', 0.14057785), ('Fp1', 0.13360757), ('P3', 0.13018116), ('C4', 0.12872508), ('Fz', 0.12433294), ('CP3', 0.12350083), ('T4', 0.1221491), ('TP8', 0.11949657)]
[2026-05-26 18:52:22]     spatial_update=delta_l2=0.64784494 max_abs=0.12998045 relative=0.54282047 changed=True

[2026-05-26 18:52:23] Fold 3/5 | subject=38
[2026-05-26 18:52:23]     Train: 32 | counts=[16, 16]
[2026-05-26 18:52:23]     Test:  8 | counts=[4, 4]
[2026-05-26 18:52:23]     Model: SignalJEPA_PreLocal | Pretrained: from_pretrained | Strategy: new
[2026-05-26 18:52:23]     Normalization: none | fit_scope=none
[2026-05-26 18:52:23]     Phase 1 (new): 2,170/16,010 params
[2026-05-26 18:52:24]     Result | best_epoch=275 | stop=325 | final_phase_epochs=325 | acc=0.6250 | bal_acc=0.6250 | pred_hist=[5, 3] | collapse=False
[2026-05-26 18:52:24]     spatial_conv=[4, 29] top_abs_channels=[('P4', 0.17153084), ('Pz', 0.16667393), ('O2', 0.16099562), ('CP3', 0.14728467), ('P3', 0.12141453), ('FCz', 0.11988128), ('C4', 0.11239247), ('T4', 0.10618708)]
[2026-05-26 18:52:24]     spatial_update=delta_l2=0.72159558 max_abs=0.14965827 relative=0.60461512 changed=True

[2026-05-26 18:52:24] Fold 4/5 | subject=38
[2026-05-26 18:52:24]     Train: 32 | counts=[16, 16]
[2026-05-26 18:52:24]     Test:  8 | counts=[4, 4]
[2026-05-26 18:52:24]     Model: SignalJEPA_PreLocal | Pretrained: from_pretrained | Strategy: new
[2026-05-26 18:52:24]     Normalization: none | fit_scope=none
[2026-05-26 18:52:24]     Phase 1 (new): 2,170/16,010 params
[2026-05-26 18:52:25]     Result | best_epoch=82 | stop=130 | final_phase_epochs=130 | acc=0.8750 | bal_acc=0.8750 | pred_hist=[3, 5] | collapse=False
[2026-05-26 18:52:25]     spatial_conv=[4, 29] top_abs_channels=[('Pz', 0.15663429), ('Fz', 0.12903677), ('Fp1', 0.12797193), ('T4', 0.12541072), ('T3', 0.12407294), ('P3', 0.12148908), ('O1', 0.11849229), ('CP4', 0.11506985)]
[2026-05-26 18:52:25]     spatial_update=delta_l2=0.29680437 max_abs=0.04981131 relative=0.24868835 changed=True

[2026-05-26 18:52:26] Fold 5/5 | subject=38
[2026-05-26 18:52:26]     Train: 32 | counts=[16, 16]
[2026-05-26 18:52:26]     Test:  8 | counts=[4, 4]
[2026-05-26 18:52:26]     Model: SignalJEPA_PreLocal | Pretrained: from_pretrained | Strategy: new
[2026-05-26 18:52:26]     Normalization: none | fit_scope=none
[2026-05-26 18:52:26]     Phase 1 (new): 2,170/16,010 params
[2026-05-26 18:52:27]     Result | best_epoch=412 | stop=462 | final_phase_epochs=462 | acc=0.8750 | bal_acc=0.8750 | pred_hist=[3, 5] | collapse=False
[2026-05-26 18:52:27]     spatial_conv=[4, 29] top_abs_channels=[('P4', 0.21123004), ('TP8', 0.15039021), ('CP3', 0.14572285), ('P3', 0.14400142), ('T4', 0.13741565), ('CP4', 0.12698543), ('Oz', 0.12472265), ('F4', 0.10687317)]
[2026-05-26 18:52:27]     spatial_update=delta_l2=0.97679021 max_abs=0.24687617 relative=0.81843924 changed=True
[2026-05-26 18:52:27]   Subject 38: acc=0.7250±0.1458  bal_acc=0.7250±0.1458
[2026-05-26 18:52:27] \nSubject 39: 40 windows | class_counts=[20, 20]

[2026-05-26 18:52:28] Fold 1/5 | subject=39
[2026-05-26 18:52:28]     Train: 32 | counts=[16, 16]
[2026-05-26 18:52:28]     Test:  8 | counts=[4, 4]
[2026-05-26 18:52:28]     Model: SignalJEPA_PreLocal | Pretrained: from_pretrained | Strategy: new
[2026-05-26 18:52:28]     Normalization: none | fit_scope=none
[2026-05-26 18:52:28]     Phase 1 (new): 2,170/16,010 params
[2026-05-26 18:52:29]     Result | best_epoch=303 | stop=353 | final_phase_epochs=353 | acc=0.5000 | bal_acc=0.5000 | pred_hist=[4, 4] | collapse=False
[2026-05-26 18:52:29]     spatial_conv=[4, 29] top_abs_channels=[('CP3', 0.1589869), ('P4', 0.15162419), ('T3', 0.14349778), ('Fp1', 0.13864991), ('Pz', 0.12718941), ('Fz', 0.12278407), ('TP8', 0.1169035), ('FCz', 0.10749777)]
[2026-05-26 18:52:29]     spatial_update=delta_l2=0.53384330 max_abs=0.15751513 relative=0.44730005 changed=True

[2026-05-26 18:52:29] Fold 2/5 | subject=39
[2026-05-26 18:52:29]     Train: 32 | counts=[16, 16]
[2026-05-26 18:52:29]     Test:  8 | counts=[4, 4]
[2026-05-26 18:52:29]     Model: SignalJEPA_PreLocal | Pretrained: from_pretrained | Strategy: new
[2026-05-26 18:52:29]     Normalization: none | fit_scope=none
[2026-05-26 18:52:29]     Phase 1 (new): 2,170/16,010 params
[2026-05-26 18:52:30]     Result | best_epoch=1 | stop=51 | final_phase_epochs=51 | acc=0.5000 | bal_acc=0.5000 | pred_hist=[0, 8] | collapse=True
[2026-05-26 18:52:30]     spatial_conv=[4, 29] top_abs_channels=[('Pz', 0.15328902), ('O2', 0.14414138), ('T3', 0.12698478), ('T4', 0.12233755), ('O1', 0.12161215), ('CP3', 0.12062441), ('C3', 0.11498097), ('CP4', 0.11118313)]
[2026-05-26 18:52:30]     spatial_update=delta_l2=0.00538495 max_abs=0.00050000 relative=0.00451198 changed=True

[2026-05-26 18:52:30] Fold 3/5 | subject=39
[2026-05-26 18:52:30]     Train: 32 | counts=[16, 16]
[2026-05-26 18:52:30]     Test:  8 | counts=[4, 4]
[2026-05-26 18:52:30]     Model: SignalJEPA_PreLocal | Pretrained: from_pretrained | Strategy: new
[2026-05-26 18:52:30]     Normalization: none | fit_scope=none
[2026-05-26 18:52:30]     Phase 1 (new): 2,170/16,010 params
[2026-05-26 18:52:30]     Result | best_epoch=1 | stop=51 | final_phase_epochs=51 | acc=0.6250 | bal_acc=0.6250 | pred_hist=[1, 7] | collapse=False
[2026-05-26 18:52:30]     spatial_conv=[4, 29] top_abs_channels=[('Pz', 0.15303902), ('O2', 0.14414138), ('T3', 0.1264848), ('O1', 0.12211211), ('T4', 0.1220876), ('CP3', 0.12137439), ('C3', 0.11498091), ('CP4', 0.11068334)]
[2026-05-26 18:52:30]     spatial_update=delta_l2=0.00538490 max_abs=0.00050000 relative=0.00451194 changed=True

[2026-05-26 18:52:31] Fold 4/5 | subject=39
[2026-05-26 18:52:31]     Train: 32 | counts=[16, 16]
[2026-05-26 18:52:31]     Test:  8 | counts=[4, 4]
[2026-05-26 18:52:31]     Model: SignalJEPA_PreLocal | Pretrained: from_pretrained | Strategy: new
[2026-05-26 18:52:31]     Normalization: none | fit_scope=none
[2026-05-26 18:52:31]     Phase 1 (new): 2,170/16,010 params
[2026-05-26 18:52:31]     Result | best_epoch=1 | stop=51 | final_phase_epochs=51 | acc=0.5000 | bal_acc=0.5000 | pred_hist=[0, 8] | collapse=True
[2026-05-26 18:52:31]     spatial_conv=[4, 29] top_abs_channels=[('Pz', 0.15328901), ('O2', 0.14389138), ('T3', 0.1264848), ('T4', 0.12233759), ('O1', 0.12211211), ('CP3', 0.12087439), ('C3', 0.11523108), ('CP4', 0.11093313)]
[2026-05-26 18:52:31]     spatial_update=delta_l2=0.00538478 max_abs=0.00050000 relative=0.00451184 changed=True

[2026-05-26 18:52:32] Fold 5/5 | subject=39
[2026-05-26 18:52:32]     Train: 32 | counts=[16, 16]
[2026-05-26 18:52:32]     Test:  8 | counts=[4, 4]
[2026-05-26 18:52:32]     Model: SignalJEPA_PreLocal | Pretrained: from_pretrained | Strategy: new
[2026-05-26 18:52:32]     Normalization: none | fit_scope=none
[2026-05-26 18:52:32]     Phase 1 (new): 2,170/16,010 params
[2026-05-26 18:52:32]     Result | best_epoch=1 | stop=51 | final_phase_epochs=51 | acc=0.5000 | bal_acc=0.5000 | pred_hist=[0, 8] | collapse=True
[2026-05-26 18:52:32]     spatial_conv=[4, 29] top_abs_channels=[('Pz', 0.15303901), ('O2', 0.14414138), ('T3', 0.12673478), ('O1', 0.12211215), ('T4', 0.1220876), ('CP3', 0.12062447), ('C3', 0.11548086), ('CP4', 0.11093313)]
[2026-05-26 18:52:32]     spatial_update=delta_l2=0.00538492 max_abs=0.00050000 relative=0.00451195 changed=True
[2026-05-26 18:52:32]   Subject 39: acc=0.5250±0.0500  bal_acc=0.5250±0.0500
[2026-05-26 18:52:32] \nSubject 40: 40 windows | class_counts=[20, 20]

[2026-05-26 18:52:33] Fold 1/5 | subject=40
[2026-05-26 18:52:33]     Train: 32 | counts=[16, 16]
[2026-05-26 18:52:33]     Test:  8 | counts=[4, 4]
[2026-05-26 18:52:33]     Model: SignalJEPA_PreLocal | Pretrained: from_pretrained | Strategy: new
[2026-05-26 18:52:33]     Normalization: none | fit_scope=none
[2026-05-26 18:52:33]     Phase 1 (new): 2,170/16,010 params
[2026-05-26 18:52:34]     Result | best_epoch=256 | stop=306 | final_phase_epochs=306 | acc=0.5000 | bal_acc=0.5000 | pred_hist=[4, 4] | collapse=False
[2026-05-26 18:52:34]     spatial_conv=[4, 29] top_abs_channels=[('CP3', 0.13509965), ('T3', 0.13487235), ('CP4', 0.13326283), ('F3', 0.12841327), ('P3', 0.12639166), ('T4', 0.12241328), ('O2', 0.12195405), ('F7', 0.12189248)]
[2026-05-26 18:52:34]     spatial_update=delta_l2=0.57943589 max_abs=0.15458357 relative=0.48550146 changed=True

[2026-05-26 18:52:34] Fold 2/5 | subject=40
[2026-05-26 18:52:34]     Train: 32 | counts=[16, 16]
[2026-05-26 18:52:34]     Test:  8 | counts=[4, 4]
[2026-05-26 18:52:34]     Model: SignalJEPA_PreLocal | Pretrained: from_pretrained | Strategy: new
[2026-05-26 18:52:34]     Normalization: none | fit_scope=none
[2026-05-26 18:52:34]     Phase 1 (new): 2,170/16,010 params
[2026-05-26 18:52:35]     Result | best_epoch=13 | stop=62 | final_phase_epochs=62 | acc=0.5000 | bal_acc=0.5000 | pred_hist=[0, 8] | collapse=True
[2026-05-26 18:52:35]     spatial_conv=[4, 29] top_abs_channels=[('Pz', 0.15123472), ('O2', 0.14495425), ('T3', 0.12925671), ('O1', 0.12465125), ('T4', 0.12089652), ('CP3', 0.11959174), ('C3', 0.11436749), ('CP4', 0.11144477)]
[2026-05-26 18:52:35]     spatial_update=delta_l2=0.04153950 max_abs=0.00596159 relative=0.03480538 changed=True

[2026-05-26 18:52:35] Fold 3/5 | subject=40
[2026-05-26 18:52:35]     Train: 32 | counts=[16, 16]
[2026-05-26 18:52:35]     Test:  8 | counts=[4, 4]
[2026-05-26 18:52:35]     Model: SignalJEPA_PreLocal | Pretrained: from_pretrained | Strategy: new
[2026-05-26 18:52:35]     Normalization: none | fit_scope=none
[2026-05-26 18:52:35]     Phase 1 (new): 2,170/16,010 params
[2026-05-26 18:52:38]     Result | best_epoch=547 | stop=597 | final_phase_epochs=597 | acc=0.8750 | bal_acc=0.8750 | pred_hist=[3, 5] | collapse=False
[2026-05-26 18:52:38]     spatial_conv=[4, 29] top_abs_channels=[('F3', 0.20173), ('P3', 0.1418069), ('CP4', 0.13906148), ('T3', 0.13500731), ('Oz', 0.12961356), ('CP3', 0.12638071), ('Fz', 0.12384442), ('T6', 0.12341495)]
[2026-05-26 18:52:38]     spatial_update=delta_l2=0.93749805 max_abs=0.22927830 relative=0.78551687 changed=True

[2026-05-26 18:52:38] Fold 4/5 | subject=40
[2026-05-26 18:52:38]     Train: 32 | counts=[16, 16]
[2026-05-26 18:52:38]     Test:  8 | counts=[4, 4]
[2026-05-26 18:52:38]     Model: SignalJEPA_PreLocal | Pretrained: from_pretrained | Strategy: new
[2026-05-26 18:52:38]     Normalization: none | fit_scope=none
[2026-05-26 18:52:38]     Phase 1 (new): 2,170/16,010 params
[2026-05-26 18:52:38]     Result | best_epoch=21 | stop=65 | final_phase_epochs=65 | acc=0.7500 | bal_acc=0.7500 | pred_hist=[2, 6] | collapse=False
[2026-05-26 18:52:38]     spatial_conv=[4, 29] top_abs_channels=[('Pz', 0.15441972), ('O2', 0.14585644), ('T3', 0.12431493), ('O1', 0.1219316), ('T4', 0.12001404), ('CP3', 0.11868829), ('C3', 0.11565968), ('CP4', 0.11389586)]
[2026-05-26 18:52:38]     spatial_update=delta_l2=0.05164243 max_abs=0.00730973 relative=0.04327049 changed=True

[2026-05-26 18:52:39] Fold 5/5 | subject=40
[2026-05-26 18:52:39]     Train: 32 | counts=[16, 16]
[2026-05-26 18:52:39]     Test:  8 | counts=[4, 4]
[2026-05-26 18:52:39]     Model: SignalJEPA_PreLocal | Pretrained: from_pretrained | Strategy: new
[2026-05-26 18:52:39]     Normalization: none | fit_scope=none
[2026-05-26 18:52:39]     Phase 1 (new): 2,170/16,010 params
[2026-05-26 18:52:39]     Result | best_epoch=2 | stop=51 | final_phase_epochs=51 | acc=0.5000 | bal_acc=0.5000 | pred_hist=[0, 8] | collapse=True
[2026-05-26 18:52:39]     spatial_conv=[4, 29] top_abs_channels=[('Pz', 0.15303901), ('O2', 0.14414138), ('T3', 0.12673479), ('O1', 0.12236211), ('T4', 0.12208766), ('CP3', 0.12087445), ('C3', 0.11498091), ('CP4', 0.11093313)]
[2026-05-26 18:52:39]     spatial_update=delta_l2=0.00538499 max_abs=0.00050000 relative=0.00451201 changed=True
[2026-05-26 18:52:39]   Subject 40: acc=0.6250±0.1581  bal_acc=0.6250±0.1581
[2026-05-26 18:52:39] \nSubject 41: 40 windows | class_counts=[20, 20]

[2026-05-26 18:52:40] Fold 1/5 | subject=41
[2026-05-26 18:52:40]     Train: 32 | counts=[16, 16]
[2026-05-26 18:52:40]     Test:  8 | counts=[4, 4]
[2026-05-26 18:52:40]     Model: SignalJEPA_PreLocal | Pretrained: from_pretrained | Strategy: new
[2026-05-26 18:52:40]     Normalization: none | fit_scope=none
[2026-05-26 18:52:40]     Phase 1 (new): 2,170/16,010 params
[2026-05-26 18:52:41]     Result | best_epoch=216 | stop=266 | final_phase_epochs=266 | acc=0.5000 | bal_acc=0.5000 | pred_hist=[6, 2] | collapse=False
[2026-05-26 18:52:41]     spatial_conv=[4, 29] top_abs_channels=[('T3', 0.16904546), ('Pz', 0.14962828), ('O1', 0.14682913), ('CP3', 0.13414298), ('P3', 0.13186328), ('O2', 0.13070196), ('Cz', 0.11717452), ('FT8', 0.11307938)]
[2026-05-26 18:52:41]     spatial_update=delta_l2=0.61407085 max_abs=0.12854259 relative=0.51452162 changed=True

[2026-05-26 18:52:41] Fold 2/5 | subject=41
[2026-05-26 18:52:41]     Train: 32 | counts=[16, 16]
[2026-05-26 18:52:41]     Test:  8 | counts=[4, 4]
[2026-05-26 18:52:41]     Model: SignalJEPA_PreLocal | Pretrained: from_pretrained | Strategy: new
[2026-05-26 18:52:41]     Normalization: none | fit_scope=none
[2026-05-26 18:52:41]     Phase 1 (new): 2,170/16,010 params
[2026-05-26 18:52:42]     Result | best_epoch=106 | stop=155 | final_phase_epochs=155 | acc=0.5000 | bal_acc=0.5000 | pred_hist=[2, 6] | collapse=False
[2026-05-26 18:52:42]     spatial_conv=[4, 29] top_abs_channels=[('O2', 0.15650782), ('T3', 0.15361834), ('Pz', 0.14349009), ('CP3', 0.12660311), ('O1', 0.12537013), ('C3', 0.12354128), ('T4', 0.12213156), ('CP4', 0.11800184)]
[2026-05-26 18:52:42]     spatial_update=delta_l2=0.29309392 max_abs=0.05498322 relative=0.24557941 changed=True

[2026-05-26 18:52:42] Fold 3/5 | subject=41
[2026-05-26 18:52:42]     Train: 32 | counts=[16, 16]
[2026-05-26 18:52:42]     Test:  8 | counts=[4, 4]
[2026-05-26 18:52:42]     Model: SignalJEPA_PreLocal | Pretrained: from_pretrained | Strategy: new
[2026-05-26 18:52:42]     Normalization: none | fit_scope=none
[2026-05-26 18:52:42]     Phase 1 (new): 2,170/16,010 params
[2026-05-26 18:52:43]     Result | best_epoch=2 | stop=51 | final_phase_epochs=51 | acc=0.5000 | bal_acc=0.5000 | pred_hist=[0, 8] | collapse=True
[2026-05-26 18:52:43]     spatial_conv=[4, 29] top_abs_channels=[('Pz', 0.15253901), ('O2', 0.1446413), ('T3', 0.1262348), ('T4', 0.1218376), ('CP3', 0.12137438), ('O1', 0.12136216), ('C3', 0.11523135), ('CP4', 0.11093304)]
[2026-05-26 18:52:43]     spatial_update=delta_l2=0.00538468 max_abs=0.00050000 relative=0.00451175 changed=True

[2026-05-26 18:52:43] Fold 4/5 | subject=41
[2026-05-26 18:52:43]     Train: 32 | counts=[16, 16]
[2026-05-26 18:52:43]     Test:  8 | counts=[4, 4]
[2026-05-26 18:52:43]     Model: SignalJEPA_PreLocal | Pretrained: from_pretrained | Strategy: new
[2026-05-26 18:52:43]     Normalization: none | fit_scope=none
[2026-05-26 18:52:43]     Phase 1 (new): 2,170/16,010 params
[2026-05-26 18:52:43]     Result | best_epoch=6 | stop=56 | final_phase_epochs=56 | acc=0.5000 | bal_acc=0.5000 | pred_hist=[0, 8] | collapse=True
[2026-05-26 18:52:43]     spatial_conv=[4, 29] top_abs_channels=[('Pz', 0.15273449), ('O2', 0.14549211), ('T3', 0.12546329), ('T4', 0.12131238), ('CP3', 0.12109268), ('O1', 0.12031781), ('C3', 0.11596364), ('CP4', 0.11022925)]
[2026-05-26 18:52:43]     spatial_update=delta_l2=0.02524498 max_abs=0.00300170 relative=0.02115243 changed=True

[2026-05-26 18:52:44] Fold 5/5 | subject=41
[2026-05-26 18:52:44]     Train: 32 | counts=[16, 16]
[2026-05-26 18:52:44]     Test:  8 | counts=[4, 4]
[2026-05-26 18:52:44]     Model: SignalJEPA_PreLocal | Pretrained: from_pretrained | Strategy: new
[2026-05-26 18:52:44]     Normalization: none | fit_scope=none
[2026-05-26 18:52:44]     Phase 1 (new): 2,170/16,010 params
[2026-05-26 18:52:44]     Result | best_epoch=13 | stop=55 | final_phase_epochs=55 | acc=0.5000 | bal_acc=0.5000 | pred_hist=[0, 8] | collapse=True
[2026-05-26 18:52:44]     spatial_conv=[4, 29] top_abs_channels=[('Pz', 0.15290084), ('O2', 0.14611247), ('T3', 0.12537722), ('CP3', 0.1211717), ('T4', 0.12097715), ('O1', 0.12069571), ('C3', 0.11596093), ('CP4', 0.11155917)]
[2026-05-26 18:52:44]     spatial_update=delta_l2=0.02067395 max_abs=0.00249911 relative=0.01732242 changed=True
[2026-05-26 18:52:44]   Subject 41: acc=0.5000±0.0000  bal_acc=0.5000±0.0000
[2026-05-26 18:52:44] \nSubject 42: 40 windows | class_counts=[20, 20]

[2026-05-26 18:52:45] Fold 1/5 | subject=42
[2026-05-26 18:52:45]     Train: 32 | counts=[16, 16]
[2026-05-26 18:52:45]     Test:  8 | counts=[4, 4]
[2026-05-26 18:52:45]     Model: SignalJEPA_PreLocal | Pretrained: from_pretrained | Strategy: new
[2026-05-26 18:52:45]     Normalization: none | fit_scope=none
[2026-05-26 18:52:45]     Phase 1 (new): 2,170/16,010 params
[2026-05-26 18:52:45]     Result | best_epoch=95 | stop=145 | final_phase_epochs=145 | acc=0.5000 | bal_acc=0.5000 | pred_hist=[4, 4] | collapse=False
[2026-05-26 18:52:45]     spatial_conv=[4, 29] top_abs_channels=[('Pz', 0.16631331), ('O2', 0.14571626), ('P3', 0.11998448), ('T3', 0.1170104), ('O1', 0.11542232), ('P4', 0.11495931), ('CP4', 0.11264161), ('FCz', 0.11091288)]
[2026-05-26 18:52:45]     spatial_update=delta_l2=0.29793071 max_abs=0.05223714 relative=0.24963209 changed=True

[2026-05-26 18:52:46] Fold 2/5 | subject=42
[2026-05-26 18:52:46]     Train: 32 | counts=[16, 16]
[2026-05-26 18:52:46]     Test:  8 | counts=[4, 4]
[2026-05-26 18:52:46]     Model: SignalJEPA_PreLocal | Pretrained: from_pretrained | Strategy: new
[2026-05-26 18:52:46]     Normalization: none | fit_scope=none
[2026-05-26 18:52:46]     Phase 1 (new): 2,170/16,010 params
[2026-05-26 18:52:47]     Result | best_epoch=155 | stop=205 | final_phase_epochs=205 | acc=0.6250 | bal_acc=0.6250 | pred_hist=[3, 5] | collapse=False
[2026-05-26 18:52:47]     spatial_conv=[4, 29] top_abs_channels=[('O2', 0.14058229), ('FT8', 0.13603704), ('CP3', 0.13147527), ('Fp1', 0.1195511), ('FCz', 0.11748014), ('O1', 0.11700737), ('Pz', 0.11577493), ('C4', 0.11294328)]
[2026-05-26 18:52:47]     spatial_update=delta_l2=0.48774999 max_abs=0.09136952 relative=0.40867909 changed=True

[2026-05-26 18:52:47] Fold 3/5 | subject=42
[2026-05-26 18:52:47]     Train: 32 | counts=[16, 16]
[2026-05-26 18:52:47]     Test:  8 | counts=[4, 4]
[2026-05-26 18:52:47]     Model: SignalJEPA_PreLocal | Pretrained: from_pretrained | Strategy: new
[2026-05-26 18:52:47]     Normalization: none | fit_scope=none
[2026-05-26 18:52:47]     Phase 1 (new): 2,170/16,010 params
[2026-05-26 18:52:48]     Result | best_epoch=11 | stop=56 | final_phase_epochs=56 | acc=0.6250 | bal_acc=0.6250 | pred_hist=[1, 7] | collapse=False
[2026-05-26 18:52:48]     spatial_conv=[4, 29] top_abs_channels=[('Pz', 0.15458333), ('O2', 0.14374888), ('T3', 0.12676281), ('O1', 0.12367958), ('T4', 0.12160519), ('CP3', 0.12102868), ('C3', 0.11441937), ('Fp1', 0.11127378)]
[2026-05-26 18:52:48]     spatial_update=delta_l2=0.02547856 max_abs=0.00296840 relative=0.02134814 changed=True

[2026-05-26 18:52:48] Fold 4/5 | subject=42
[2026-05-26 18:52:48]     Train: 32 | counts=[16, 16]
[2026-05-26 18:52:48]     Test:  8 | counts=[4, 4]
[2026-05-26 18:52:48]     Model: SignalJEPA_PreLocal | Pretrained: from_pretrained | Strategy: new
[2026-05-26 18:52:48]     Normalization: none | fit_scope=none
[2026-05-26 18:52:48]     Phase 1 (new): 2,170/16,010 params
[2026-05-26 18:52:48]     Result | best_epoch=6 | stop=54 | final_phase_epochs=54 | acc=0.5000 | bal_acc=0.5000 | pred_hist=[0, 8] | collapse=True
[2026-05-26 18:52:48]     spatial_conv=[4, 29] top_abs_channels=[('Pz', 0.15309021), ('O2', 0.14373869), ('T3', 0.12664938), ('O1', 0.1219269), ('T4', 0.12156811), ('CP3', 0.12078418), ('C3', 0.11490807), ('CP4', 0.11029159)]
[2026-05-26 18:52:48]     spatial_update=delta_l2=0.01624654 max_abs=0.00198250 relative=0.01361276 changed=True

[2026-05-26 18:52:49] Fold 5/5 | subject=42
[2026-05-26 18:52:49]     Train: 32 | counts=[16, 16]
[2026-05-26 18:52:49]     Test:  8 | counts=[4, 4]
[2026-05-26 18:52:49]     Model: SignalJEPA_PreLocal | Pretrained: from_pretrained | Strategy: new
[2026-05-26 18:52:49]     Normalization: none | fit_scope=none
[2026-05-26 18:52:49]     Phase 1 (new): 2,170/16,010 params
[2026-05-26 18:52:49]     Result | best_epoch=1 | stop=51 | final_phase_epochs=51 | acc=0.6250 | bal_acc=0.6250 | pred_hist=[1, 7] | collapse=False
[2026-05-26 18:52:49]     spatial_conv=[4, 29] top_abs_channels=[('Pz', 0.15303901), ('O2', 0.14439136), ('T3', 0.12698479), ('O1', 0.12236211), ('T4', 0.12183757), ('CP3', 0.12087439), ('C3', 0.11498095), ('CP4', 0.11093313)]
[2026-05-26 18:52:49]     spatial_update=delta_l2=0.00538425 max_abs=0.00050000 relative=0.00451139 changed=True
[2026-05-26 18:52:49]   Subject 42: acc=0.5750±0.0612  bal_acc=0.5750±0.0612
[2026-05-26 18:52:49] \nSubject 43: 40 windows | class_counts=[20, 20]

[2026-05-26 18:52:50] Fold 1/5 | subject=43
[2026-05-26 18:52:50]     Train: 32 | counts=[16, 16]
[2026-05-26 18:52:50]     Test:  8 | counts=[4, 4]
[2026-05-26 18:52:50]     Model: SignalJEPA_PreLocal | Pretrained: from_pretrained | Strategy: new
[2026-05-26 18:52:50]     Normalization: none | fit_scope=none
[2026-05-26 18:52:50]     Phase 1 (new): 2,170/16,010 params
[2026-05-26 18:52:50]     Result | best_epoch=1 | stop=51 | final_phase_epochs=51 | acc=0.6250 | bal_acc=0.6250 | pred_hist=[1, 7] | collapse=False
[2026-05-26 18:52:50]     spatial_conv=[4, 29] top_abs_channels=[('Pz', 0.15278901), ('O2', 0.14439137), ('T3', 0.12698479), ('O1', 0.12161206), ('T4', 0.1215876), ('CP3', 0.1206244), ('C3', 0.11548089), ('CP4', 0.11093313)]
[2026-05-26 18:52:50]     spatial_update=delta_l2=0.00538470 max_abs=0.00050000 relative=0.00451177 changed=True

[2026-05-26 18:52:50] Fold 2/5 | subject=43
[2026-05-26 18:52:50]     Train: 32 | counts=[16, 16]
[2026-05-26 18:52:50]     Test:  8 | counts=[4, 4]
[2026-05-26 18:52:50]     Model: SignalJEPA_PreLocal | Pretrained: from_pretrained | Strategy: new
[2026-05-26 18:52:50]     Normalization: none | fit_scope=none
[2026-05-26 18:52:50]     Phase 1 (new): 2,170/16,010 params
[2026-05-26 18:52:51]     Result | best_epoch=4 | stop=51 | final_phase_epochs=51 | acc=0.5000 | bal_acc=0.5000 | pred_hist=[0, 8] | collapse=True
[2026-05-26 18:52:51]     spatial_conv=[4, 29] top_abs_channels=[('Pz', 0.152789), ('O2', 0.14439137), ('T3', 0.12698479), ('O1', 0.12186213), ('T4', 0.12183759), ('CP3', 0.12137438), ('C3', 0.11548093), ('CP4', 0.11068314)]
[2026-05-26 18:52:51]     spatial_update=delta_l2=0.00538485 max_abs=0.00050000 relative=0.00451190 changed=True

[2026-05-26 18:52:51] Fold 3/5 | subject=43
[2026-05-26 18:52:51]     Train: 32 | counts=[16, 16]
[2026-05-26 18:52:51]     Test:  8 | counts=[4, 4]
[2026-05-26 18:52:51]     Model: SignalJEPA_PreLocal | Pretrained: from_pretrained | Strategy: new
[2026-05-26 18:52:51]     Normalization: none | fit_scope=none
[2026-05-26 18:52:51]     Phase 1 (new): 2,170/16,010 params
[2026-05-26 18:52:51]     Result | best_epoch=2 | stop=52 | final_phase_epochs=52 | acc=0.5000 | bal_acc=0.5000 | pred_hist=[0, 8] | collapse=True
[2026-05-26 18:52:51]     spatial_conv=[4, 29] top_abs_channels=[('Pz', 0.15251359), ('O2', 0.1450599), ('T3', 0.12687717), ('T4', 0.12204558), ('O1', 0.12180289), ('CP3', 0.12048675), ('C3', 0.11571009), ('CP4', 0.11050962)]
[2026-05-26 18:52:51]     spatial_update=delta_l2=0.00896781 max_abs=0.00100067 relative=0.00751401 changed=True

[2026-05-26 18:52:52] Fold 4/5 | subject=43
[2026-05-26 18:52:52]     Train: 32 | counts=[16, 16]
[2026-05-26 18:52:52]     Test:  8 | counts=[4, 4]
[2026-05-26 18:52:52]     Model: SignalJEPA_PreLocal | Pretrained: from_pretrained | Strategy: new
[2026-05-26 18:52:52]     Normalization: none | fit_scope=none
[2026-05-26 18:52:52]     Phase 1 (new): 2,170/16,010 params
[2026-05-26 18:52:52]     Result | best_epoch=2 | stop=51 | final_phase_epochs=51 | acc=0.5000 | bal_acc=0.5000 | pred_hist=[0, 8] | collapse=True
[2026-05-26 18:52:52]     spatial_conv=[4, 29] top_abs_channels=[('Pz', 0.15278903), ('O2', 0.14439137), ('T3', 0.12698475), ('T4', 0.12208758), ('O1', 0.12186212), ('CP3', 0.12062439), ('C3', 0.1154809), ('CP4', 0.11068314)]
[2026-05-26 18:52:52]     spatial_update=delta_l2=0.00538497 max_abs=0.00050000 relative=0.00451199 changed=True

[2026-05-26 18:52:53] Fold 5/5 | subject=43
[2026-05-26 18:52:53]     Train: 32 | counts=[16, 16]
[2026-05-26 18:52:53]     Test:  8 | counts=[4, 4]
[2026-05-26 18:52:53]     Model: SignalJEPA_PreLocal | Pretrained: from_pretrained | Strategy: new
[2026-05-26 18:52:53]     Normalization: none | fit_scope=none
[2026-05-26 18:52:53]     Phase 1 (new): 2,170/16,010 params
[2026-05-26 18:52:53]     Result | best_epoch=1 | stop=51 | final_phase_epochs=51 | acc=0.5000 | bal_acc=0.5000 | pred_hist=[0, 8] | collapse=True
[2026-05-26 18:52:53]     spatial_conv=[4, 29] top_abs_channels=[('Pz', 0.15278903), ('O2', 0.14414138), ('T3', 0.12698478), ('O1', 0.12186212), ('T4', 0.1218376), ('CP3', 0.12137438), ('C3', 0.11498097), ('CP4', 0.11118314)]
[2026-05-26 18:52:53]     spatial_update=delta_l2=0.00538480 max_abs=0.00050000 relative=0.00451185 changed=True
[2026-05-26 18:52:53]   Subject 43: acc=0.5250±0.0500  bal_acc=0.5250±0.0500
[2026-05-26 18:52:53] \nSubject 44: 40 windows | class_counts=[20, 20]

[2026-05-26 18:52:53] Fold 1/5 | subject=44
[2026-05-26 18:52:53]     Train: 32 | counts=[16, 16]
[2026-05-26 18:52:53]     Test:  8 | counts=[4, 4]
[2026-05-26 18:52:53]     Model: SignalJEPA_PreLocal | Pretrained: from_pretrained | Strategy: new
[2026-05-26 18:52:53]     Normalization: none | fit_scope=none
[2026-05-26 18:52:53]     Phase 1 (new): 2,170/16,010 params
[2026-05-26 18:52:58]     Result | best_epoch=1345 | stop=1395 | final_phase_epochs=1395 | acc=0.5000 | bal_acc=0.5000 | pred_hist=[2, 6] | collapse=False
[2026-05-26 18:52:58]     spatial_conv=[4, 29] top_abs_channels=[('F3', 0.22636083), ('TP7', 0.20259865), ('P3', 0.16242597), ('CP3', 0.1598919), ('T5', 0.15425202), ('FC3', 0.14470068), ('T4', 0.13210095), ('C4', 0.12274159)]
[2026-05-26 18:52:58]     spatial_update=delta_l2=1.27576663 max_abs=0.35785899 relative=1.06894752 changed=True

[2026-05-26 18:52:59] Fold 2/5 | subject=44
[2026-05-26 18:52:59]     Train: 32 | counts=[16, 16]
[2026-05-26 18:52:59]     Test:  8 | counts=[4, 4]
[2026-05-26 18:52:59]     Model: SignalJEPA_PreLocal | Pretrained: from_pretrained | Strategy: new
[2026-05-26 18:52:59]     Normalization: none | fit_scope=none
[2026-05-26 18:52:59]     Phase 1 (new): 2,170/16,010 params
[2026-05-26 18:52:59]     Result | best_epoch=4 | stop=54 | final_phase_epochs=54 | acc=0.5000 | bal_acc=0.5000 | pred_hist=[0, 8] | collapse=True
[2026-05-26 18:52:59]     spatial_conv=[4, 29] top_abs_channels=[('Pz', 0.15232733), ('O2', 0.1442126), ('T3', 0.12728389), ('T4', 0.12258714), ('CP3', 0.12174195), ('O1', 0.11992493), ('C3', 0.11657719), ('CP4', 0.10967948)]
[2026-05-26 18:52:59]     spatial_update=delta_l2=0.01629721 max_abs=0.00199994 relative=0.01365521 changed=True

[2026-05-26 18:53:00] Fold 3/5 | subject=44
[2026-05-26 18:53:00]     Train: 32 | counts=[16, 16]
[2026-05-26 18:53:00]     Test:  8 | counts=[4, 4]
[2026-05-26 18:53:00]     Model: SignalJEPA_PreLocal | Pretrained: from_pretrained | Strategy: new
[2026-05-26 18:53:00]     Normalization: none | fit_scope=none
[2026-05-26 18:53:00]     Phase 1 (new): 2,170/16,010 params
[2026-05-26 18:53:00]     Result | best_epoch=4 | stop=54 | final_phase_epochs=54 | acc=0.5000 | bal_acc=0.5000 | pred_hist=[0, 8] | collapse=True
[2026-05-26 18:53:00]     spatial_conv=[4, 29] top_abs_channels=[('Pz', 0.15212922), ('O2', 0.14473881), ('T3', 0.12672535), ('T4', 0.12216629), ('CP3', 0.12202691), ('O1', 0.12022959), ('C3', 0.1167988), ('Fp1', 0.10969771)]
[2026-05-26 18:53:00]     spatial_update=delta_l2=0.01780774 max_abs=0.00200398 relative=0.01492086 changed=True

[2026-05-26 18:53:01] Fold 4/5 | subject=44
[2026-05-26 18:53:01]     Train: 32 | counts=[16, 16]
[2026-05-26 18:53:01]     Test:  8 | counts=[4, 4]
[2026-05-26 18:53:01]     Model: SignalJEPA_PreLocal | Pretrained: from_pretrained | Strategy: new
[2026-05-26 18:53:01]     Normalization: none | fit_scope=none
[2026-05-26 18:53:01]     Phase 1 (new): 2,170/16,010 params
[2026-05-26 18:53:01]     Result | best_epoch=1 | stop=51 | final_phase_epochs=51 | acc=0.5000 | bal_acc=0.5000 | pred_hist=[0, 8] | collapse=True
[2026-05-26 18:53:01]     spatial_conv=[4, 29] top_abs_channels=[('Pz', 0.15253901), ('O2', 0.14439137), ('T3', 0.12673479), ('T4', 0.12183772), ('O1', 0.12161212), ('CP3', 0.12112445), ('C3', 0.11523096), ('CP4', 0.11068313)]
[2026-05-26 18:53:01]     spatial_update=delta_l2=0.00538481 max_abs=0.00050000 relative=0.00451186 changed=True

[2026-05-26 18:53:01] Fold 5/5 | subject=44
[2026-05-26 18:53:01]     Train: 32 | counts=[16, 16]
[2026-05-26 18:53:01]     Test:  8 | counts=[4, 4]
[2026-05-26 18:53:01]     Model: SignalJEPA_PreLocal | Pretrained: from_pretrained | Strategy: new
[2026-05-26 18:53:01]     Normalization: none | fit_scope=none
[2026-05-26 18:53:01]     Phase 1 (new): 2,170/16,010 params
[2026-05-26 18:53:02]     Result | best_epoch=1 | stop=51 | final_phase_epochs=51 | acc=0.5000 | bal_acc=0.5000 | pred_hist=[0, 8] | collapse=True
[2026-05-26 18:53:02]     spatial_conv=[4, 29] top_abs_channels=[('Pz', 0.15278901), ('O2', 0.14414139), ('T3', 0.12698461), ('T4', 0.12233758), ('CP3', 0.12137438), ('O1', 0.12136213), ('C3', 0.11523095), ('CP4', 0.11093313)]
[2026-05-26 18:53:02]     spatial_update=delta_l2=0.00538480 max_abs=0.00050000 relative=0.00451185 changed=True
[2026-05-26 18:53:02]   Subject 44: acc=0.5000±0.0000  bal_acc=0.5000±0.0000
[2026-05-26 18:53:02] \nSubject 45: 40 windows | class_counts=[20, 20]

[2026-05-26 18:53:02] Fold 1/5 | subject=45
[2026-05-26 18:53:02]     Train: 32 | counts=[16, 16]
[2026-05-26 18:53:02]     Test:  8 | counts=[4, 4]
[2026-05-26 18:53:02]     Model: SignalJEPA_PreLocal | Pretrained: from_pretrained | Strategy: new
[2026-05-26 18:53:02]     Normalization: none | fit_scope=none
[2026-05-26 18:53:02]     Phase 1 (new): 2,170/16,010 params
[2026-05-26 18:53:05]     Result | best_epoch=665 | stop=715 | final_phase_epochs=715 | acc=0.3750 | bal_acc=0.3750 | pred_hist=[5, 3] | collapse=False
[2026-05-26 18:53:05]     spatial_conv=[4, 29] top_abs_channels=[('F3', 0.19127178), ('FCz', 0.18963824), ('CP3', 0.18109468), ('T5', 0.15131783), ('O2', 0.15075397), ('FC3', 0.13203134), ('CP4', 0.12793301), ('Fz', 0.12768844)]
[2026-05-26 18:53:05]     spatial_update=delta_l2=1.46484993 max_abs=0.35169312 relative=1.22737785 changed=True

[2026-05-26 18:53:05] Fold 2/5 | subject=45
[2026-05-26 18:53:05]     Train: 32 | counts=[16, 16]
[2026-05-26 18:53:05]     Test:  8 | counts=[4, 4]
[2026-05-26 18:53:05]     Model: SignalJEPA_PreLocal | Pretrained: from_pretrained | Strategy: new
[2026-05-26 18:53:05]     Normalization: none | fit_scope=none
[2026-05-26 18:53:05]     Phase 1 (new): 2,170/16,010 params
[2026-05-26 18:53:06]     Result | best_epoch=169 | stop=218 | final_phase_epochs=218 | acc=0.5000 | bal_acc=0.5000 | pred_hist=[4, 4] | collapse=False
[2026-05-26 18:53:06]     spatial_conv=[4, 29] top_abs_channels=[('T5', 0.16442786), ('O2', 0.14829513), ('Pz', 0.14637788), ('Fz', 0.14391643), ('Oz', 0.14067824), ('C3', 0.14038186), ('F4', 0.11957905), ('TP7', 0.11646484)]
[2026-05-26 18:53:06]     spatial_update=delta_l2=0.60380709 max_abs=0.10658278 relative=0.50592175 changed=True

[2026-05-26 18:53:07] Fold 3/5 | subject=45
[2026-05-26 18:53:07]     Train: 32 | counts=[16, 16]
[2026-05-26 18:53:07]     Test:  8 | counts=[4, 4]
[2026-05-26 18:53:07]     Model: SignalJEPA_PreLocal | Pretrained: from_pretrained | Strategy: new
[2026-05-26 18:53:07]     Normalization: none | fit_scope=none
[2026-05-26 18:53:07]     Phase 1 (new): 2,170/16,010 params
[2026-05-26 18:53:08]     Result | best_epoch=429 | stop=479 | final_phase_epochs=479 | acc=0.7500 | bal_acc=0.7500 | pred_hist=[6, 2] | collapse=False
[2026-05-26 18:53:08]     spatial_conv=[4, 29] top_abs_channels=[('FCz', 0.19485518), ('TP8', 0.13915011), ('Oz', 0.13513896), ('T5', 0.1315763), ('Fz', 0.13011345), ('FT7', 0.12850536), ('Pz', 0.12143765), ('T6', 0.12002453)]
[2026-05-26 18:53:08]     spatial_update=delta_l2=1.15498203 max_abs=0.25968505 relative=0.96774374 changed=True

[2026-05-26 18:53:09] Fold 4/5 | subject=45
[2026-05-26 18:53:09]     Train: 32 | counts=[16, 16]
[2026-05-26 18:53:09]     Test:  8 | counts=[4, 4]
[2026-05-26 18:53:09]     Model: SignalJEPA_PreLocal | Pretrained: from_pretrained | Strategy: new
[2026-05-26 18:53:09]     Normalization: none | fit_scope=none
[2026-05-26 18:53:09]     Phase 1 (new): 2,170/16,010 params
[2026-05-26 18:53:11]     Result | best_epoch=380 | stop=430 | final_phase_epochs=430 | acc=0.8750 | bal_acc=0.8750 | pred_hist=[3, 5] | collapse=False
[2026-05-26 18:53:11]     spatial_conv=[4, 29] top_abs_channels=[('CP4', 0.19905294), ('T3', 0.15133326), ('F8', 0.1469841), ('T5', 0.14450587), ('FT7', 0.14277905), ('C3', 0.13313247), ('F4', 0.12062907), ('O2', 0.11692563)]
[2026-05-26 18:53:11]     spatial_update=delta_l2=1.08128849 max_abs=0.23236664 relative=0.90599693 changed=True

[2026-05-26 18:53:11] Fold 5/5 | subject=45
[2026-05-26 18:53:11]     Train: 32 | counts=[16, 16]
[2026-05-26 18:53:11]     Test:  8 | counts=[4, 4]
[2026-05-26 18:53:11]     Model: SignalJEPA_PreLocal | Pretrained: from_pretrained | Strategy: new
[2026-05-26 18:53:11]     Normalization: none | fit_scope=none
[2026-05-26 18:53:11]     Phase 1 (new): 2,170/16,010 params
[2026-05-26 18:53:12]     Result | best_epoch=266 | stop=315 | final_phase_epochs=315 | acc=0.3750 | bal_acc=0.3750 | pred_hist=[7, 1] | collapse=False
[2026-05-26 18:53:12]     spatial_conv=[4, 29] top_abs_channels=[('C3', 0.201296), ('T5', 0.19938114), ('Fz', 0.17885041), ('Oz', 0.14838043), ('Pz', 0.12671836), ('T4', 0.12378715), ('F8', 0.11330949), ('O1', 0.11075623)]
[2026-05-26 18:53:12]     spatial_update=delta_l2=0.89016915 max_abs=0.18070527 relative=0.74586063 changed=True
[2026-05-26 18:53:12]   Subject 45: acc=0.5750±0.2031  bal_acc=0.5750±0.2031
[2026-05-26 18:53:12] \nSubject 46: 40 windows | class_counts=[20, 20]

[2026-05-26 18:53:13] Fold 1/5 | subject=46
[2026-05-26 18:53:13]     Train: 32 | counts=[16, 16]
[2026-05-26 18:53:13]     Test:  8 | counts=[4, 4]
[2026-05-26 18:53:13]     Model: SignalJEPA_PreLocal | Pretrained: from_pretrained | Strategy: new
[2026-05-26 18:53:13]     Normalization: none | fit_scope=none
[2026-05-26 18:53:13]     Phase 1 (new): 2,170/16,010 params
[2026-05-26 18:53:15]     Result | best_epoch=597 | stop=647 | final_phase_epochs=647 | acc=0.7500 | bal_acc=0.7500 | pred_hist=[4, 4] | collapse=False
[2026-05-26 18:53:15]     spatial_conv=[4, 29] top_abs_channels=[('P3', 0.19575047), ('T3', 0.18385473), ('TP8', 0.15222034), ('CP3', 0.14751594), ('FC3', 0.13416532), ('Oz', 0.1232122), ('F3', 0.12279483), ('FT7', 0.11776775)]
[2026-05-26 18:53:15]     spatial_update=delta_l2=1.10435505 max_abs=0.24337929 relative=0.92532408 changed=True

[2026-05-26 18:53:16] Fold 2/5 | subject=46
[2026-05-26 18:53:16]     Train: 32 | counts=[16, 16]
[2026-05-26 18:53:16]     Test:  8 | counts=[4, 4]
[2026-05-26 18:53:16]     Model: SignalJEPA_PreLocal | Pretrained: from_pretrained | Strategy: new
[2026-05-26 18:53:16]     Normalization: none | fit_scope=none
[2026-05-26 18:53:16]     Phase 1 (new): 2,170/16,010 params
[2026-05-26 18:53:16]     Result | best_epoch=5 | stop=54 | final_phase_epochs=54 | acc=0.5000 | bal_acc=0.5000 | pred_hist=[0, 8] | collapse=True
[2026-05-26 18:53:16]     spatial_conv=[4, 29] top_abs_channels=[('Pz', 0.15341784), ('O2', 0.144087), ('T3', 0.12663561), ('T4', 0.12203296), ('O1', 0.12149186), ('CP3', 0.120823), ('C3', 0.11451302), ('Fp1', 0.11068264)]
[2026-05-26 18:53:16]     spatial_update=delta_l2=0.01588166 max_abs=0.00199616 relative=0.01330703 changed=True

[2026-05-26 18:53:16] Fold 3/5 | subject=46
[2026-05-26 18:53:16]     Train: 32 | counts=[16, 16]
[2026-05-26 18:53:16]     Test:  8 | counts=[4, 4]
[2026-05-26 18:53:16]     Model: SignalJEPA_PreLocal | Pretrained: from_pretrained | Strategy: new
[2026-05-26 18:53:16]     Normalization: none | fit_scope=none
[2026-05-26 18:53:16]     Phase 1 (new): 2,170/16,010 params
[2026-05-26 18:53:18]     Result | best_epoch=484 | stop=534 | final_phase_epochs=534 | acc=0.5000 | bal_acc=0.5000 | pred_hist=[6, 2] | collapse=False
[2026-05-26 18:53:18]     spatial_conv=[4, 29] top_abs_channels=[('TP8', 0.19858393), ('FT7', 0.17278226), ('T3', 0.14688398), ('P3', 0.13763098), ('FT8', 0.13048746), ('CP3', 0.12919849), ('O2', 0.11613005), ('C4', 0.1067116)]
[2026-05-26 18:53:18]     spatial_update=delta_l2=1.09112965 max_abs=0.24044079 relative=0.91424270 changed=True

[2026-05-26 18:53:19] Fold 4/5 | subject=46
[2026-05-26 18:53:19]     Train: 32 | counts=[16, 16]
[2026-05-26 18:53:19]     Test:  8 | counts=[4, 4]
[2026-05-26 18:53:19]     Model: SignalJEPA_PreLocal | Pretrained: from_pretrained | Strategy: new
[2026-05-26 18:53:19]     Normalization: none | fit_scope=none
[2026-05-26 18:53:19]     Phase 1 (new): 2,170/16,010 params
[2026-05-26 18:53:22]     Result | best_epoch=825 | stop=872 | final_phase_epochs=872 | acc=0.7500 | bal_acc=0.7500 | pred_hist=[4, 4] | collapse=False
[2026-05-26 18:53:22]     spatial_conv=[4, 29] top_abs_channels=[('T3', 0.20401731), ('FT7', 0.16414271), ('CP3', 0.16333029), ('Oz', 0.15455356), ('O1', 0.13180292), ('Cz', 0.12751891), ('C4', 0.12393908), ('FCz', 0.11932206)]
[2026-05-26 18:53:22]     spatial_update=delta_l2=1.07302241 max_abs=0.29259097 relative=0.89907089 changed=True

[2026-05-26 18:53:22] Fold 5/5 | subject=46
[2026-05-26 18:53:22]     Train: 32 | counts=[16, 16]
[2026-05-26 18:53:22]     Test:  8 | counts=[4, 4]
[2026-05-26 18:53:22]     Model: SignalJEPA_PreLocal | Pretrained: from_pretrained | Strategy: new
[2026-05-26 18:53:22]     Normalization: none | fit_scope=none
[2026-05-26 18:53:22]     Phase 1 (new): 2,170/16,010 params
[2026-05-26 18:53:25]     Result | best_epoch=732 | stop=781 | final_phase_epochs=781 | acc=0.7500 | bal_acc=0.7500 | pred_hist=[2, 6] | collapse=False
[2026-05-26 18:53:25]     spatial_conv=[4, 29] top_abs_channels=[('T3', 0.18226539), ('TP8', 0.1733422), ('P3', 0.16226277), ('Cz', 0.1567498), ('CP3', 0.12822315), ('FC3', 0.11044413), ('F4', 0.1066997), ('FCz', 0.10512438)]
[2026-05-26 18:53:25]     spatial_update=delta_l2=1.20235859 max_abs=0.32486919 relative=1.00743992 changed=True
[2026-05-26 18:53:25]   Subject 46: acc=0.6500±0.1225  bal_acc=0.6500±0.1225
[2026-05-26 18:53:25] \nSubject 47: 40 windows | class_counts=[20, 20]

[2026-05-26 18:53:25] Fold 1/5 | subject=47
[2026-05-26 18:53:25]     Train: 32 | counts=[16, 16]
[2026-05-26 18:53:25]     Test:  8 | counts=[4, 4]
[2026-05-26 18:53:25]     Model: SignalJEPA_PreLocal | Pretrained: from_pretrained | Strategy: new
[2026-05-26 18:53:25]     Normalization: none | fit_scope=none
[2026-05-26 18:53:25]     Phase 1 (new): 2,170/16,010 params
[2026-05-26 18:53:26]     Result | best_epoch=1 | stop=51 | final_phase_epochs=51 | acc=0.5000 | bal_acc=0.5000 | pred_hist=[0, 8] | collapse=True
[2026-05-26 18:53:26]     spatial_conv=[4, 29] top_abs_channels=[('Pz', 0.15328901), ('O2', 0.14389138), ('T3', 0.12673479), ('O1', 0.12186212), ('T4', 0.12183759), ('CP3', 0.12112439), ('C3', 0.11548088), ('CP4', 0.11118311)]
[2026-05-26 18:53:26]     spatial_update=delta_l2=0.00538498 max_abs=0.00050000 relative=0.00451200 changed=True

[2026-05-26 18:53:26] Fold 2/5 | subject=47
[2026-05-26 18:53:26]     Train: 32 | counts=[16, 16]
[2026-05-26 18:53:26]     Test:  8 | counts=[4, 4]
[2026-05-26 18:53:26]     Model: SignalJEPA_PreLocal | Pretrained: from_pretrained | Strategy: new
[2026-05-26 18:53:26]     Normalization: none | fit_scope=none
[2026-05-26 18:53:26]     Phase 1 (new): 2,170/16,010 params
[2026-05-26 18:53:26]     Result | best_epoch=1 | stop=51 | final_phase_epochs=51 | acc=0.5000 | bal_acc=0.5000 | pred_hist=[0, 8] | collapse=True
[2026-05-26 18:53:26]     spatial_conv=[4, 29] top_abs_channels=[('Pz', 0.15328901), ('O2', 0.14364138), ('T3', 0.12673479), ('O1', 0.12236211), ('T4', 0.1218376), ('CP3', 0.12112438), ('C3', 0.11523093), ('CP4', 0.1111831)]
[2026-05-26 18:53:26]     spatial_update=delta_l2=0.00538499 max_abs=0.00050000 relative=0.00451201 changed=True

[2026-05-26 18:53:27] Fold 3/5 | subject=47
[2026-05-26 18:53:27]     Train: 32 | counts=[16, 16]
[2026-05-26 18:53:27]     Test:  8 | counts=[4, 4]
[2026-05-26 18:53:27]     Model: SignalJEPA_PreLocal | Pretrained: from_pretrained | Strategy: new
[2026-05-26 18:53:27]     Normalization: none | fit_scope=none
[2026-05-26 18:53:27]     Phase 1 (new): 2,170/16,010 params
[2026-05-26 18:53:28]     Result | best_epoch=63 | stop=113 | final_phase_epochs=113 | acc=0.5000 | bal_acc=0.5000 | pred_hist=[6, 2] | collapse=False
[2026-05-26 18:53:28]     spatial_conv=[4, 29] top_abs_channels=[('Pz', 0.14431188), ('O2', 0.14107157), ('CP3', 0.12470601), ('T3', 0.1242715), ('P3', 0.12156475), ('C3', 0.12134068), ('T4', 0.12097185), ('Fp1', 0.12037614)]
[2026-05-26 18:53:28]     spatial_update=delta_l2=0.20282249 max_abs=0.03424168 relative=0.16994221 changed=True

[2026-05-26 18:53:28] Fold 4/5 | subject=47
[2026-05-26 18:53:28]     Train: 32 | counts=[16, 16]
[2026-05-26 18:53:28]     Test:  8 | counts=[4, 4]
[2026-05-26 18:53:28]     Model: SignalJEPA_PreLocal | Pretrained: from_pretrained | Strategy: new
[2026-05-26 18:53:28]     Normalization: none | fit_scope=none
[2026-05-26 18:53:28]     Phase 1 (new): 2,170/16,010 params
[2026-05-26 18:53:28]     Result | best_epoch=6 | stop=54 | final_phase_epochs=54 | acc=0.5000 | bal_acc=0.5000 | pred_hist=[0, 8] | collapse=True
[2026-05-26 18:53:28]     spatial_conv=[4, 29] top_abs_channels=[('Pz', 0.15344705), ('O2', 0.14270839), ('T3', 0.12762347), ('T4', 0.12228904), ('O1', 0.12198627), ('CP3', 0.12079832), ('C3', 0.11666484), ('CP4', 0.11139255)]
[2026-05-26 18:53:28]     spatial_update=delta_l2=0.01664144 max_abs=0.00199116 relative=0.01394364 changed=True

[2026-05-26 18:53:29] Fold 5/5 | subject=47
[2026-05-26 18:53:29]     Train: 32 | counts=[16, 16]
[2026-05-26 18:53:29]     Test:  8 | counts=[4, 4]
[2026-05-26 18:53:29]     Model: SignalJEPA_PreLocal | Pretrained: from_pretrained | Strategy: new
[2026-05-26 18:53:29]     Normalization: none | fit_scope=none
[2026-05-26 18:53:29]     Phase 1 (new): 2,170/16,010 params
[2026-05-26 18:53:29]     Result | best_epoch=4 | stop=51 | final_phase_epochs=51 | acc=0.5000 | bal_acc=0.5000 | pred_hist=[0, 8] | collapse=True
[2026-05-26 18:53:29]     spatial_conv=[4, 29] top_abs_channels=[('Pz', 0.15328901), ('O2', 0.14364138), ('T3', 0.12673479), ('T4', 0.12233759), ('O1', 0.12211215), ('CP3', 0.12062441), ('C3', 0.1154809), ('CP4', 0.11068314)]
[2026-05-26 18:53:29]     spatial_update=delta_l2=0.00538484 max_abs=0.00050000 relative=0.00451189 changed=True
[2026-05-26 18:53:29]   Subject 47: acc=0.5000±0.0000  bal_acc=0.5000±0.0000
[2026-05-26 18:53:29] \nSubject 48: 40 windows | class_counts=[20, 20]

[2026-05-26 18:53:29] Fold 1/5 | subject=48
[2026-05-26 18:53:29]     Train: 32 | counts=[16, 16]
[2026-05-26 18:53:29]     Test:  8 | counts=[4, 4]
[2026-05-26 18:53:29]     Model: SignalJEPA_PreLocal | Pretrained: from_pretrained | Strategy: new
[2026-05-26 18:53:29]     Normalization: none | fit_scope=none
[2026-05-26 18:53:29]     Phase 1 (new): 2,170/16,010 params
[2026-05-26 18:53:30]     Result | best_epoch=1 | stop=51 | final_phase_epochs=51 | acc=0.5000 | bal_acc=0.5000 | pred_hist=[0, 8] | collapse=True
[2026-05-26 18:53:30]     spatial_conv=[4, 29] top_abs_channels=[('Pz', 0.15278903), ('O2', 0.14414144), ('T3', 0.12698478), ('O1', 0.1218621), ('T4', 0.12183759), ('CP3', 0.12112437), ('C3', 0.11498091), ('CP4', 0.11118313)]
[2026-05-26 18:53:30]     spatial_update=delta_l2=0.00538496 max_abs=0.00050000 relative=0.00451199 changed=True

[2026-05-26 18:53:30] Fold 2/5 | subject=48
[2026-05-26 18:53:30]     Train: 32 | counts=[16, 16]
[2026-05-26 18:53:30]     Test:  8 | counts=[4, 4]
[2026-05-26 18:53:30]     Model: SignalJEPA_PreLocal | Pretrained: from_pretrained | Strategy: new
[2026-05-26 18:53:30]     Normalization: none | fit_scope=none
[2026-05-26 18:53:30]     Phase 1 (new): 2,170/16,010 params
[2026-05-26 18:53:33]     Result | best_epoch=640 | stop=690 | final_phase_epochs=690 | acc=0.6250 | bal_acc=0.6250 | pred_hist=[3, 5] | collapse=False
[2026-05-26 18:53:33]     spatial_conv=[4, 29] top_abs_channels=[('P3', 0.22655556), ('CP3', 0.17424788), ('FCz', 0.15784726), ('Cz', 0.15433419), ('F3', 0.13072617), ('FC4', 0.12944099), ('C4', 0.12745163), ('O1', 0.11474708)]
[2026-05-26 18:53:33]     spatial_update=delta_l2=1.17398105 max_abs=0.31829406 relative=0.98366277 changed=True

[2026-05-26 18:53:33] Fold 3/5 | subject=48
[2026-05-26 18:53:33]     Train: 32 | counts=[16, 16]
[2026-05-26 18:53:33]     Test:  8 | counts=[4, 4]
[2026-05-26 18:53:33]     Model: SignalJEPA_PreLocal | Pretrained: from_pretrained | Strategy: new
[2026-05-26 18:53:33]     Normalization: none | fit_scope=none
[2026-05-26 18:53:33]     Phase 1 (new): 2,170/16,010 params
[2026-05-26 18:53:34]     Result | best_epoch=63 | stop=113 | final_phase_epochs=113 | acc=0.6250 | bal_acc=0.6250 | pred_hist=[3, 5] | collapse=False
[2026-05-26 18:53:34]     spatial_conv=[4, 29] top_abs_channels=[('Pz', 0.1618599), ('O2', 0.15560304), ('T3', 0.12154887), ('CP4', 0.1201866), ('O1', 0.11563285), ('T4', 0.11463994), ('CP3', 0.10917006), ('C3', 0.10881288)]
[2026-05-26 18:53:34]     spatial_update=delta_l2=0.20058916 max_abs=0.03287262 relative=0.16807093 changed=True

[2026-05-26 18:53:34] Fold 4/5 | subject=48
[2026-05-26 18:53:34]     Train: 32 | counts=[16, 16]
[2026-05-26 18:53:34]     Test:  8 | counts=[4, 4]
[2026-05-26 18:53:34]     Model: SignalJEPA_PreLocal | Pretrained: from_pretrained | Strategy: new
[2026-05-26 18:53:34]     Normalization: none | fit_scope=none
[2026-05-26 18:53:34]     Phase 1 (new): 2,170/16,010 params
[2026-05-26 18:53:35]     Result | best_epoch=76 | stop=126 | final_phase_epochs=126 | acc=0.5000 | bal_acc=0.5000 | pred_hist=[4, 4] | collapse=False
[2026-05-26 18:53:35]     spatial_conv=[4, 29] top_abs_channels=[('Pz', 0.17908749), ('O2', 0.14676552), ('CP4', 0.12683982), ('T3', 0.12607957), ('CP3', 0.12092719), ('O1', 0.1186002), ('Fz', 0.11793418), ('T4', 0.11342584)]
[2026-05-26 18:53:35]     spatial_update=delta_l2=0.24409118 max_abs=0.04051452 relative=0.20452068 changed=True

[2026-05-26 18:53:35] Fold 5/5 | subject=48
[2026-05-26 18:53:35]     Train: 32 | counts=[16, 16]
[2026-05-26 18:53:35]     Test:  8 | counts=[4, 4]
[2026-05-26 18:53:35]     Model: SignalJEPA_PreLocal | Pretrained: from_pretrained | Strategy: new
[2026-05-26 18:53:35]     Normalization: none | fit_scope=none
[2026-05-26 18:53:35]     Phase 1 (new): 2,170/16,010 params
[2026-05-26 18:53:36]     Result | best_epoch=4 | stop=53 | final_phase_epochs=53 | acc=0.5000 | bal_acc=0.5000 | pred_hist=[0, 8] | collapse=True
[2026-05-26 18:53:36]     spatial_conv=[4, 29] top_abs_channels=[('Pz', 0.15334317), ('O2', 0.14382206), ('T3', 0.12637731), ('O1', 0.12249357), ('T4', 0.12159067), ('CP3', 0.12049724), ('C3', 0.11504531), ('CP4', 0.11196873)]
[2026-05-26 18:53:36]     spatial_update=delta_l2=0.01282364 max_abs=0.00150186 relative=0.01074476 changed=True
[2026-05-26 18:53:36]   Subject 48: acc=0.5500±0.0612  bal_acc=0.5500±0.0612
[2026-05-26 18:53:36] \nSubject 49: 40 windows | class_counts=[20, 20]

[2026-05-26 18:53:36] Fold 1/5 | subject=49
[2026-05-26 18:53:36]     Train: 32 | counts=[16, 16]
[2026-05-26 18:53:36]     Test:  8 | counts=[4, 4]
[2026-05-26 18:53:36]     Model: SignalJEPA_PreLocal | Pretrained: from_pretrained | Strategy: new
[2026-05-26 18:53:36]     Normalization: none | fit_scope=none
[2026-05-26 18:53:36]     Phase 1 (new): 2,170/16,010 params
[2026-05-26 18:53:36]     Result | best_epoch=6 | stop=54 | final_phase_epochs=54 | acc=0.5000 | bal_acc=0.5000 | pred_hist=[0, 8] | collapse=True
[2026-05-26 18:53:36]     spatial_conv=[4, 29] top_abs_channels=[('Pz', 0.15416852), ('O2', 0.1437268), ('T3', 0.12589574), ('O1', 0.12233139), ('T4', 0.12208898), ('CP3', 0.12116808), ('C3', 0.11478743), ('CP4', 0.11044224)]
[2026-05-26 18:53:36]     spatial_update=delta_l2=0.01637796 max_abs=0.00199547 relative=0.01372287 changed=True

[2026-05-26 18:53:37] Fold 2/5 | subject=49
[2026-05-26 18:53:37]     Train: 32 | counts=[16, 16]
[2026-05-26 18:53:37]     Test:  8 | counts=[4, 4]
[2026-05-26 18:53:37]     Model: SignalJEPA_PreLocal | Pretrained: from_pretrained | Strategy: new
[2026-05-26 18:53:37]     Normalization: none | fit_scope=none
[2026-05-26 18:53:37]     Phase 1 (new): 2,170/16,010 params
[2026-05-26 18:53:37]     Result | best_epoch=6 | stop=54 | final_phase_epochs=54 | acc=0.5000 | bal_acc=0.5000 | pred_hist=[0, 8] | collapse=True
[2026-05-26 18:53:37]     spatial_conv=[4, 29] top_abs_channels=[('Pz', 0.15154891), ('O2', 0.14259312), ('T3', 0.12669715), ('O1', 0.12322936), ('CP3', 0.12163351), ('T4', 0.12128718), ('C3', 0.11538922), ('Fp1', 0.11124772)]
[2026-05-26 18:53:37]     spatial_update=delta_l2=0.01581925 max_abs=0.00200108 relative=0.01325474 changed=True

[2026-05-26 18:53:38] Fold 3/5 | subject=49
[2026-05-26 18:53:38]     Train: 32 | counts=[16, 16]
[2026-05-26 18:53:38]     Test:  8 | counts=[4, 4]
[2026-05-26 18:53:38]     Model: SignalJEPA_PreLocal | Pretrained: from_pretrained | Strategy: new
[2026-05-26 18:53:38]     Normalization: none | fit_scope=none
[2026-05-26 18:53:38]     Phase 1 (new): 2,170/16,010 params
[2026-05-26 18:53:38]     Result | best_epoch=2 | stop=51 | final_phase_epochs=51 | acc=0.5000 | bal_acc=0.5000 | pred_hist=[0, 8] | collapse=True
[2026-05-26 18:53:38]     spatial_conv=[4, 29] top_abs_channels=[('Pz', 0.15303901), ('O2', 0.14414138), ('T3', 0.12648478), ('T4', 0.12208759), ('O1', 0.12161212), ('CP3', 0.12062441), ('C3', 0.1154809), ('CP4', 0.11093313)]
[2026-05-26 18:53:38]     spatial_update=delta_l2=0.00538484 max_abs=0.00050000 relative=0.00451188 changed=True

[2026-05-26 18:53:38] Fold 4/5 | subject=49
[2026-05-26 18:53:38]     Train: 32 | counts=[16, 16]
[2026-05-26 18:53:38]     Test:  8 | counts=[4, 4]
[2026-05-26 18:53:38]     Model: SignalJEPA_PreLocal | Pretrained: from_pretrained | Strategy: new
[2026-05-26 18:53:38]     Normalization: none | fit_scope=none
[2026-05-26 18:53:38]     Phase 1 (new): 2,170/16,010 params
[2026-05-26 18:53:39]     Result | best_epoch=4 | stop=51 | final_phase_epochs=51 | acc=0.5000 | bal_acc=0.5000 | pred_hist=[0, 8] | collapse=True
[2026-05-26 18:53:39]     spatial_conv=[4, 29] top_abs_channels=[('Pz', 0.15303901), ('O2', 0.14414138), ('T3', 0.12673478), ('T4', 0.12213418), ('O1', 0.12186214), ('CP3', 0.12137434), ('C3', 0.1152309), ('CP4', 0.11093318)]
[2026-05-26 18:53:39]     spatial_update=delta_l2=0.00537046 max_abs=0.00050000 relative=0.00449984 changed=True

[2026-05-26 18:53:39] Fold 5/5 | subject=49
[2026-05-26 18:53:39]     Train: 32 | counts=[16, 16]
[2026-05-26 18:53:39]     Test:  8 | counts=[4, 4]
[2026-05-26 18:53:39]     Model: SignalJEPA_PreLocal | Pretrained: from_pretrained | Strategy: new
[2026-05-26 18:53:39]     Normalization: none | fit_scope=none
[2026-05-26 18:53:39]     Phase 1 (new): 2,170/16,010 params
[2026-05-26 18:53:39]     Result | best_epoch=6 | stop=53 | final_phase_epochs=53 | acc=0.5000 | bal_acc=0.5000 | pred_hist=[0, 8] | collapse=True
[2026-05-26 18:53:39]     spatial_conv=[4, 29] top_abs_channels=[('Pz', 0.15363601), ('O2', 0.1443035), ('T3', 0.12531456), ('O1', 0.12233657), ('T4', 0.12207515), ('CP3', 0.12164041), ('C3', 0.11511461), ('CP4', 0.11159903)]
[2026-05-26 18:53:39]     spatial_update=delta_l2=0.01289498 max_abs=0.00150129 relative=0.01080453 changed=True
[2026-05-26 18:53:39]   Subject 49: acc=0.5000±0.0000  bal_acc=0.5000±0.0000
[2026-05-26 18:53:39] \nSubject 50: 40 windows | class_counts=[20, 20]

[2026-05-26 18:53:40] Fold 1/5 | subject=50
[2026-05-26 18:53:40]     Train: 32 | counts=[16, 16]
[2026-05-26 18:53:40]     Test:  8 | counts=[4, 4]
[2026-05-26 18:53:40]     Model: SignalJEPA_PreLocal | Pretrained: from_pretrained | Strategy: new
[2026-05-26 18:53:40]     Normalization: none | fit_scope=none
[2026-05-26 18:53:40]     Phase 1 (new): 2,170/16,010 params
[2026-05-26 18:53:41]     Result | best_epoch=101 | stop=151 | final_phase_epochs=151 | acc=0.6250 | bal_acc=0.6250 | pred_hist=[5, 3] | collapse=False
[2026-05-26 18:53:41]     spatial_conv=[4, 29] top_abs_channels=[('O2', 0.16577224), ('Pz', 0.14357345), ('O1', 0.12954837), ('CP3', 0.12585981), ('FCz', 0.11973505), ('T4', 0.11906902), ('CP4', 0.11659992), ('F4', 0.11186063)]
[2026-05-26 18:53:41]     spatial_update=delta_l2=0.33084357 max_abs=0.06580781 relative=0.27720933 changed=True

[2026-05-26 18:53:41] Fold 2/5 | subject=50
[2026-05-26 18:53:41]     Train: 32 | counts=[16, 16]
[2026-05-26 18:53:41]     Test:  8 | counts=[4, 4]
[2026-05-26 18:53:41]     Model: SignalJEPA_PreLocal | Pretrained: from_pretrained | Strategy: new
[2026-05-26 18:53:41]     Normalization: none | fit_scope=none
[2026-05-26 18:53:41]     Phase 1 (new): 2,170/16,010 params
[2026-05-26 18:53:42]     Result | best_epoch=247 | stop=297 | final_phase_epochs=297 | acc=0.5000 | bal_acc=0.5000 | pred_hist=[6, 2] | collapse=False
[2026-05-26 18:53:42]     spatial_conv=[4, 29] top_abs_channels=[('O2', 0.174641), ('T3', 0.13737684), ('Pz', 0.13735029), ('CP4', 0.13476929), ('TP8', 0.12824038), ('P3', 0.12316856), ('F4', 0.11879126), ('CP3', 0.11878227)]
[2026-05-26 18:53:42]     spatial_update=delta_l2=0.72069277 max_abs=0.16406287 relative=0.60385868 changed=True

[2026-05-26 18:53:43] Fold 3/5 | subject=50
[2026-05-26 18:53:43]     Train: 32 | counts=[16, 16]
[2026-05-26 18:53:43]     Test:  8 | counts=[4, 4]
[2026-05-26 18:53:43]     Model: SignalJEPA_PreLocal | Pretrained: from_pretrained | Strategy: new
[2026-05-26 18:53:43]     Normalization: none | fit_scope=none
[2026-05-26 18:53:43]     Phase 1 (new): 2,170/16,010 params
[2026-05-26 18:53:43]     Result | best_epoch=1 | stop=51 | final_phase_epochs=51 | acc=0.5000 | bal_acc=0.5000 | pred_hist=[0, 8] | collapse=True
[2026-05-26 18:53:43]     spatial_conv=[4, 29] top_abs_channels=[('Pz', 0.15278903), ('O2', 0.14464137), ('T3', 0.12648475), ('T4', 0.12233758), ('O1', 0.12161213), ('CP3', 0.12112442), ('C3', 0.1157309), ('CP4', 0.11118314)]
[2026-05-26 18:53:43]     spatial_update=delta_l2=0.00538498 max_abs=0.00050000 relative=0.00451200 changed=True

[2026-05-26 18:53:44] Fold 4/5 | subject=50
[2026-05-26 18:53:44]     Train: 32 | counts=[16, 16]
[2026-05-26 18:53:44]     Test:  8 | counts=[4, 4]
[2026-05-26 18:53:44]     Model: SignalJEPA_PreLocal | Pretrained: from_pretrained | Strategy: new
[2026-05-26 18:53:44]     Normalization: none | fit_scope=none
[2026-05-26 18:53:44]     Phase 1 (new): 2,170/16,010 params
[2026-05-26 18:53:44]     Result | best_epoch=1 | stop=51 | final_phase_epochs=51 | acc=0.6250 | bal_acc=0.6250 | pred_hist=[1, 7] | collapse=False
[2026-05-26 18:53:44]     spatial_conv=[4, 29] top_abs_channels=[('Pz', 0.15303901), ('O2', 0.14439139), ('T3', 0.12673476), ('T4', 0.12183759), ('O1', 0.12161212), ('CP3', 0.12112439), ('C3', 0.1154809), ('CP4', 0.11093313)]
[2026-05-26 18:53:44]     spatial_update=delta_l2=0.00538505 max_abs=0.00050000 relative=0.00451206 changed=True

[2026-05-26 18:53:44] Fold 5/5 | subject=50
[2026-05-26 18:53:44]     Train: 32 | counts=[16, 16]
[2026-05-26 18:53:44]     Test:  8 | counts=[4, 4]
[2026-05-26 18:53:44]     Model: SignalJEPA_PreLocal | Pretrained: from_pretrained | Strategy: new
[2026-05-26 18:53:44]     Normalization: none | fit_scope=none
[2026-05-26 18:53:44]     Phase 1 (new): 2,170/16,010 params
[2026-05-26 18:53:44]     Result | best_epoch=1 | stop=51 | final_phase_epochs=51 | acc=0.5000 | bal_acc=0.5000 | pred_hist=[0, 8] | collapse=True
[2026-05-26 18:53:44]     spatial_conv=[4, 29] top_abs_channels=[('Pz', 0.15278901), ('O2', 0.14439139), ('T3', 0.12648481), ('O1', 0.12186222), ('T4', 0.1215876), ('CP3', 0.12112439), ('C3', 0.11523086), ('CP4', 0.11093313)]
[2026-05-26 18:53:44]     spatial_update=delta_l2=0.00538490 max_abs=0.00050000 relative=0.00451193 changed=True
[2026-05-26 18:53:44]   Subject 50: acc=0.5500±0.0612  bal_acc=0.5500±0.0612

[2026-05-26 18:53:44] Total evaluation splits completed: 250
[2026-05-26 18:53:44] ======================================================================
[2026-05-26 18:53:44] AGGREGATED RESULTS
[2026-05-26 18:53:44] ======================================================================
[2026-05-26 18:53:44]   1: acc=0.4750±0.0935  bal_acc=0.4750±0.0935
[2026-05-26 18:53:44]   2: acc=0.6500±0.1458  bal_acc=0.6500±0.1458
[2026-05-26 18:53:44]   3: acc=0.6000±0.1458  bal_acc=0.6000±0.1458
[2026-05-26 18:53:44]   4: acc=0.5500±0.0612  bal_acc=0.5500±0.0612
[2026-05-26 18:53:44]   5: acc=0.5000±0.0791  bal_acc=0.5000±0.0791
[2026-05-26 18:53:44]   6: acc=0.3750±0.2092  bal_acc=0.3750±0.2092
[2026-05-26 18:53:44]   7: acc=0.6000±0.1658  bal_acc=0.6000±0.1658
[2026-05-26 18:53:44]   8: acc=0.5500±0.1000  bal_acc=0.5500±0.1000
[2026-05-26 18:53:44]   9: acc=0.4500±0.1500  bal_acc=0.4500±0.1500
[2026-05-26 18:53:44]   10: acc=0.4500±0.0612  bal_acc=0.4500±0.0612
[2026-05-26 18:53:44]   11: acc=0.4500±0.0612  bal_acc=0.4500±0.0612
[2026-05-26 18:53:44]   12: acc=0.4750±0.0500  bal_acc=0.4750±0.0500
[2026-05-26 18:53:44]   13: acc=0.5750±0.1696  bal_acc=0.5750±0.1696
[2026-05-26 18:53:44]   14: acc=0.4750±0.1225  bal_acc=0.4750±0.1225
[2026-05-26 18:53:44]   15: acc=0.5750±0.1500  bal_acc=0.5750±0.1500
[2026-05-26 18:53:44]   16: acc=0.5250±0.0500  bal_acc=0.5250±0.0500
[2026-05-26 18:53:44]   17: acc=0.4500±0.0612  bal_acc=0.4500±0.0612
[2026-05-26 18:53:44]   18: acc=0.9500±0.0612  bal_acc=0.9500±0.0612
[2026-05-26 18:53:44]   19: acc=0.4000±0.1458  bal_acc=0.4000±0.1458
[2026-05-26 18:53:44]   20: acc=0.6000±0.1658  bal_acc=0.6000±0.1658
[2026-05-26 18:53:44]   21: acc=0.6000±0.0935  bal_acc=0.6000±0.0935
[2026-05-26 18:53:44]   22: acc=0.8750±0.0791  bal_acc=0.8750±0.0791
[2026-05-26 18:53:44]   23: acc=0.5000±0.0000  bal_acc=0.5000±0.0000
[2026-05-26 18:53:44]   24: acc=0.5000±0.0791  bal_acc=0.5000±0.0791
[2026-05-26 18:53:44]   25: acc=0.5000±0.0000  bal_acc=0.5000±0.0000
[2026-05-26 18:53:44]   26: acc=0.5250±0.0500  bal_acc=0.5250±0.0500
[2026-05-26 18:53:44]   27: acc=0.5500±0.1000  bal_acc=0.5500±0.1000
[2026-05-26 18:53:44]   28: acc=0.5500±0.1000  bal_acc=0.5500±0.1000
[2026-05-26 18:53:44]   29: acc=0.5000±0.0000  bal_acc=0.5000±0.0000
[2026-05-26 18:53:44]   30: acc=0.7750±0.1658  bal_acc=0.7750±0.1658
[2026-05-26 18:53:44]   31: acc=0.4500±0.0612  bal_acc=0.4500±0.0612
[2026-05-26 18:53:44]   32: acc=0.5000±0.0791  bal_acc=0.5000±0.0791
[2026-05-26 18:53:44]   33: acc=0.5000±0.0000  bal_acc=0.5000±0.0000
[2026-05-26 18:53:44]   34: acc=0.7750±0.0935  bal_acc=0.7750±0.0935
[2026-05-26 18:53:44]   35: acc=0.5250±0.1658  bal_acc=0.5250±0.1658
[2026-05-26 18:53:44]   36: acc=0.5000±0.0000  bal_acc=0.5000±0.0000
[2026-05-26 18:53:44]   37: acc=0.5250±0.1225  bal_acc=0.5250±0.1225
[2026-05-26 18:53:44]   38: acc=0.7250±0.1458  bal_acc=0.7250±0.1458
[2026-05-26 18:53:44]   39: acc=0.5250±0.0500  bal_acc=0.5250±0.0500
[2026-05-26 18:53:44]   40: acc=0.6250±0.1581  bal_acc=0.6250±0.1581
[2026-05-26 18:53:44]   41: acc=0.5000±0.0000  bal_acc=0.5000±0.0000
[2026-05-26 18:53:44]   42: acc=0.5750±0.0612  bal_acc=0.5750±0.0612
[2026-05-26 18:53:44]   43: acc=0.5250±0.0500  bal_acc=0.5250±0.0500
[2026-05-26 18:53:44]   44: acc=0.5000±0.0000  bal_acc=0.5000±0.0000
[2026-05-26 18:53:44]   45: acc=0.5750±0.2031  bal_acc=0.5750±0.2031
[2026-05-26 18:53:44]   46: acc=0.6500±0.1225  bal_acc=0.6500±0.1225
[2026-05-26 18:53:44]   47: acc=0.5000±0.0000  bal_acc=0.5000±0.0000
[2026-05-26 18:53:44]   48: acc=0.5500±0.0612  bal_acc=0.5500±0.0612
[2026-05-26 18:53:44]   49: acc=0.5000±0.0000  bal_acc=0.5000±0.0000
[2026-05-26 18:53:44]   50: acc=0.5500±0.0612  bal_acc=0.5500±0.0612
[2026-05-26 18:53:44] ----------------------------------------------------------------------
[2026-05-26 18:53:44]   OVERALL: acc=0.5525±0.1510  bal_acc=0.5525±0.1510
[2026-05-26 18:53:44] ======================================================================
[2026-05-26 18:53:45] Performance tables saved:
[2026-05-26 18:53:45]   Fold-level results:       /home/vegorov/Repos/eeg_jepa_research/artifacts/liu2024-source-mat-sjepa-prelocal/20260526_1847_e867159b/fold_level_results.csv
[2026-05-26 18:53:45]   Subject-level summary:    /home/vegorov/Repos/eeg_jepa_research/artifacts/liu2024-source-mat-sjepa-prelocal/20260526_1847_e867159b/subject_level_summary.csv
[2026-05-26 18:53:45]   Global method comparison: /home/vegorov/Repos/eeg_jepa_research/artifacts/liu2024-source-mat-sjepa-prelocal/20260526_1847_e867159b/global_method_comparison.csv
[2026-05-26 18:53:45] Subject performance plot saved to: /home/vegorov/Repos/eeg_jepa_research/artifacts/liu2024-source-mat-sjepa-prelocal/20260526_1847_e867159b/sjepa_prelocal_subject_performance.png
[2026-05-26 18:53:45] Global performance plot saved to: /home/vegorov/Repos/eeg_jepa_research/artifacts/liu2024-source-mat-sjepa-prelocal/20260526_1847_e867159b/sjepa_prelocal_global_performance_summary.png
[2026-05-26 18:53:45] Aggregated confusion matrix plot saved to: /home/vegorov/Repos/eeg_jepa_research/artifacts/liu2024-source-mat-sjepa-prelocal/20260526_1847_e867159b/sjepa_prelocal_aggregated_confusion_matrix.png
[2026-05-26 18:53:45] Confusion metrics saved to: /home/vegorov/Repos/eeg_jepa_research/artifacts/liu2024-source-mat-sjepa-prelocal/20260526_1847_e867159b/sjepa_prelocal_confusion_metrics.csv

[2026-05-26 18:53:45] ======================================================================
[2026-05-26 18:53:45] EXPERIMENT SUMMARY
[2026-05-26 18:53:45] ======================================================================
[2026-05-26 18:53:45] Run ID:                 20260526_1847_e867159b
[2026-05-26 18:53:45] Experiment:             s121_B_artifact_none_none_linear_none
[2026-05-26 18:53:45] Subjects:               50
[2026-05-26 18:53:45] Model:                  SignalJEPA_PreLocal
[2026-05-26 18:53:45] Pretrained mode:        from_pretrained
[2026-05-26 18:53:45] Strategy:               new
[2026-05-26 18:53:45] Preprocessing:          trial_mean | ref=average | resample=True->128 | filter=True 0.5–40.0 fir
[2026-05-26 18:53:45] Window:                 start=2.0s | 4.195s / 537 samples
[2026-05-26 18:53:45] Artifacts:              /home/vegorov/Repos/eeg_jepa_research/artifacts/liu2024-source-mat-sjepa-prelocal/20260526_1847_e867159b
[2026-05-26 18:53:45] Mean Accuracy:          0.5525 ± 0.1510
[2026-05-26 18:53:45] Mean Balanced Accuracy: 0.5525 ± 0.1510
[2026-05-26 18:53:45] ======================================================================

[2026-05-26 18:53:46] Spatial convolution analysis saved:
[2026-05-26 18:53:46]   Long channel CSV:        /home/vegorov/Repos/eeg_jepa_research/artifacts/liu2024-source-mat-sjepa-prelocal/20260526_1847_e867159b/spatial_conv_analysis/spatial_channel_importance_long.csv
[2026-05-26 18:53:46]   Fold diagnostics CSV:    /home/vegorov/Repos/eeg_jepa_research/artifacts/liu2024-source-mat-sjepa-prelocal/20260526_1847_e867159b/spatial_conv_analysis/fold_diagnostics.csv
[2026-05-26 18:53:46]   Fold weight JSON:        /home/vegorov/Repos/eeg_jepa_research/artifacts/liu2024-source-mat-sjepa-prelocal/20260526_1847_e867159b/spatial_conv_analysis/spatial_conv_weights_by_fold.json
[2026-05-26 18:53:46]   Global importance CSV:   /home/vegorov/Repos/eeg_jepa_research/artifacts/liu2024-source-mat-sjepa-prelocal/20260526_1847_e867159b/spatial_conv_analysis/spatial_channel_importance_global.csv
[2026-05-26 18:53:46]   Subject importance CSV:  /home/vegorov/Repos/eeg_jepa_research/artifacts/liu2024-source-mat-sjepa-prelocal/20260526_1847_e867159b/spatial_conv_analysis/spatial_channel_importance_by_subject.csv
[2026-05-26 18:53:46]   Diagnostic summary JSON: /home/vegorov/Repos/eeg_jepa_research/artifacts/liu2024-source-mat-sjepa-prelocal/20260526_1847_e867159b/spatial_conv_analysis/diagnostic_summary.json

[2026-05-26 18:53:46] Diagnostic summary:
[2026-05-26 18:53:46] {
  "n_folds": 250,
  "collapse_rate": 0.44,
  "mean_collapse_ratio": 0.8225,
  "mean_spatial_delta_l2": 0.38565900532,
  "mean_spatial_relative_delta": 0.32313843816000004,
  "spatial_changed_rate": 1.0,
  "mean_confidence": 0.55780801884,
  "mean_normalized_prediction_entropy": 0.96082350296
}

[2026-05-26 18:53:46] Top global channels by mean absolute spatial weight:
[2026-05-26 18:53:46] CV results saved to:      /home/vegorov/Repos/eeg_jepa_research/artifacts/liu2024-source-mat-sjepa-prelocal/20260526_1847_e867159b/cv_results.json
[2026-05-26 18:53:46] Subject metrics saved to: /home/vegorov/Repos/eeg_jepa_research/artifacts/liu2024-source-mat-sjepa-prelocal/20260526_1847_e867159b/subject_metrics.json
[2026-05-26 18:53:46] Global metrics saved to:  /home/vegorov/Repos/eeg_jepa_research/artifacts/liu2024-source-mat-sjepa-prelocal/20260526_1847_e867159b/global_metrics.json
[2026-05-26 18:53:46] Subject performance plot: /home/vegorov/Repos/eeg_jepa_research/artifacts/liu2024-source-mat-sjepa-prelocal/20260526_1847_e867159b/sjepa_prelocal_subject_performance.png
[2026-05-26 18:53:46] Global performance plot:  /home/vegorov/Repos/eeg_jepa_research/artifacts/liu2024-source-mat-sjepa-prelocal/20260526_1847_e867159b/sjepa_prelocal_global_performance_summary.png
[2026-05-26 18:53:46] Confusion matrix plot:    /home/vegorov/Repos/eeg_jepa_research/artifacts/liu2024-source-mat-sjepa-prelocal/20260526_1847_e867159b/sjepa_prelocal_aggregated_confusion_matrix.png
[2026-05-26 18:53:46] Run metadata saved to:    /home/vegorov/Repos/eeg_jepa_research/artifacts/liu2024-source-mat-sjepa-prelocal/20260526_1847_e867159b/run_metadata.json

[2026-05-26 18:53:46] All artifacts in: /home/vegorov/Repos/eeg_jepa_research/artifacts/liu2024-source-mat-sjepa-prelocal/20260526_1847_e867159b
