[2026-05-28 19:11:46] Run ID:     20260528_1911_3fdfa361
[2026-05-28 19:11:46] Artifacts:  /Users/vadim/Documents/School/Spring 2026/CSCE A698 Individual Research/EEG_JEPA/artifacts/liu2024-source-mat-sjepa-prelocal/20260528_1911_3fdfa361
[2026-05-28 19:11:46] Config:     /Users/vadim/Documents/School/Spring 2026/CSCE A698 Individual Research/EEG_JEPA/artifacts/liu2024-source-mat-sjepa-prelocal/20260528_1911_3fdfa361/config.json
[2026-05-28 19:11:46] Using device: mps
[2026-05-28 19:11:47] Seed initialized: 2026
[2026-05-28 19:11:47] Configured preprocessing pipeline:
[2026-05-28 19:11:47]   - [ON] source::select_eeg_channels | - select Liu EEG channels, drop CPz reference, EOG, and marker before model input
[2026-05-28 19:11:47]   - [ON] source::demean | mode=baseline_window_mean | baseline_window_s=[0.0, 2.0]
[2026-05-28 19:11:47]   - [off] source::detrend | mode=none
[2026-05-28 19:11:47]   - [off] source::eog_correction | mode=none
[2026-05-28 19:11:47]   - [off] source::artifact_clipping | mode=none | percentile=99.5
[2026-05-28 19:11:47]   - [ON] mne_raw::reference | timing=before_resample_filter | mode=average
[2026-05-28 19:11:47]   - [ON] mne_raw::resample | sfreq=128
[2026-05-28 19:11:47]   - [ON] mne_raw::bandpass_filter | l_freq=0.5 | h_freq=40.0 | method=fir | phase=zero | fir_design=firwin
[2026-05-28 19:11:47]   - [off] mne_raw::notch_filter | timing=after_bandpass
[2026-05-28 19:11:47]   - [ON] window::crop_fixed_mi_window | start_s=2 | target_window_samples=537
[2026-05-28 19:11:47]   - [off] window::bad_trial_rejection
[2026-05-28 19:11:47]   - [off] split::fold_safe_normalization | mode=none
[2026-05-28 19:11:47] Source extract dir: /Users/vadim/Documents/School/Spring 2026/CSCE A698 Individual Research/EEG_JEPA/liu2024_data/liu2024_figshare/sourcedata
[2026-05-28 19:11:47] Found 50 .mat files
[2026-05-28 19:11:47] MAT structure preview saved to: /Users/vadim/Documents/School/Spring 2026/CSCE A698 Individual Research/EEG_JEPA/artifacts/liu2024-source-mat-sjepa-prelocal/20260528_1911_3fdfa361/mat_structure_preview_first_subject.csv
[2026-05-28 19:11:53] Subjects loaded: [1, 2, 3, 4, 5, 6, 7, 8, 9, 10, 11, 12, 13, 14, 15, 16, 17, 18, 19, 20, 21, 22, 23, 24, 25, 26, 27, 28, 29, 30, 31, 32, 33, 34, 35, 36, 37, 38, 39, 40, 41, 42, 43, 44, 45, 46, 47, 48, 49, 50]
[2026-05-28 19:11:53] Subject inventory saved to: /Users/vadim/Documents/School/Spring 2026/CSCE A698 Individual Research/EEG_JEPA/artifacts/liu2024-source-mat-sjepa-prelocal/20260528_1911_3fdfa361/subject_inventory.csv
[2026-05-28 19:12:07] X_ALL shape: (2000, 29, 537) | Y_ALL counts: [1000, 1000]
[2026-05-28 19:12:07] Preprocessing steps used:
[2026-05-28 19:12:07]   - select 29 EEG channels; drop CPz source reference, EOG, and marker
[2026-05-28 19:12:07]   - source demean: subtract baseline mean [0.0, 2.0]s
[2026-05-28 19:12:07]   - source detrend skipped
[2026-05-28 19:12:07]   - EOG correction skipped
[2026-05-28 19:12:07]   - source artifact clipping skipped
[2026-05-28 19:12:07]   - convert source microvolts to MNE volts
[2026-05-28 19:12:07]   - average reference at before resample/filter
[2026-05-28 19:12:07]   - resample to 128 Hz
[2026-05-28 19:12:07]   - FIR bandpass 0.5–40.0 Hz | phase=zero | fir_design=firwin
[2026-05-28 19:12:07]   - convert MNE volts to model microvolts
[2026-05-28 19:12:07]   - crop fixed window samples [256:793]
[2026-05-28 19:12:07]   - bad-trial rejection skipped
[2026-05-28 19:12:07] Window summary saved to: /Users/vadim/Documents/School/Spring 2026/CSCE A698 Individual Research/EEG_JEPA/artifacts/liu2024-source-mat-sjepa-prelocal/20260528_1911_3fdfa361/window_counts_by_subject.csv
[2026-05-28 19:12:07] ======================================================================
[2026-05-28 19:12:07] STARTING WITHIN-SUBJECT EVALUATION
[2026-05-28 19:12:07] ======================================================================
[2026-05-28 19:12:07] Experiment:    hpaug_017_chdrop0p1
[2026-05-28 19:12:07] Subjects:      ['1', '2', '3', '4', '5', '6', '7', '8', '9', '10', '11', '12', '13', '14', '15', '16', '17', '18', '19', '20', '21', '22', '23', '24', '25', '26', '27', '28', '29', '30', '31', '32', '33', '34', '35', '36', '37', '38', '39', '40', '41', '42', '43', '44', '45', '46', '47', '48', '49', '50']
[2026-05-28 19:12:07] Model:         SignalJEPA_PreLocal
[2026-05-28 19:12:07] Pretrained:    from_pretrained
[2026-05-28 19:12:07] Strategy:      new
[2026-05-28 19:12:07] Preprocessing: demean=baseline_window_mean | detrend=none | eog=none | clip=none | ref=average@before_resample_filter | resample=True->128 | filter=True 0.5–40.0 fir
[2026-05-28 19:12:07] Normalization: none | reject_bad_trials=False
[2026-05-28 19:12:07] Evaluation:    stratified_kfold | cv_folds=5 | n_repeats=10 | test_size=0.4
[2026-05-28 19:12:07] Seed:          base=2026 | cv=2026 | split=2026 | val=2026
[2026-05-28 19:12:07] Window:        start=2s | samples=537 | duration=4.1953s | effective sfreq=128.0
[2026-05-28 19:12:07] Optimizer:     adam | lr=0.0004 | wd=0.0
[2026-05-28 19:12:07] Augmentation:  noise=0.0 | shift=0 | ch_drop=0.1
[2026-05-28 19:12:07] Val split:     0.2
[2026-05-28 19:12:07] Max epochs:    50 | patience=10
[2026-05-28 19:12:07] Device:        mps
[2026-05-28 19:12:07] ======================================================================
[2026-05-28 19:12:07] \nSubject 1: 40 windows | class_counts=[20, 20]

[2026-05-28 19:12:08] Fold 1/5 | subject=1
[2026-05-28 19:12:08]     Train: 32 | counts=[16, 16]
[2026-05-28 19:12:08]     Test:  8 | counts=[4, 4]
[2026-05-28 19:12:08]     Model: SignalJEPA_PreLocal | Pretrained: from_pretrained | Strategy: new
[2026-05-28 19:12:08]     Normalization: none | fit_scope=none
[2026-05-28 19:12:08]     Phase 1 (new): 2,170/16,010 params
[2026-05-28 19:12:09]     Result | best_epoch=32 | stop=42 | final_phase_epochs=42 | acc=0.2500 | bal_acc=0.2500 | pred_hist=[2, 6] | collapse=False
[2026-05-28 19:12:09]     spatial_conv=[4, 29] top_abs_channels=[('Pz', 0.15541299), ('O2', 0.14282335), ('T3', 0.1314621), ('O1', 0.12871979), ('CP3', 0.12173697), ('T4', 0.12021455), ('C3', 0.11984797), ('Fp1', 0.11593171)]
[2026-05-28 19:12:09]     spatial_update=delta_l2=0.08057443 max_abs=0.01250765 relative=0.06751222 changed=True

[2026-05-28 19:12:10] Fold 2/5 | subject=1
[2026-05-28 19:12:10]     Train: 32 | counts=[16, 16]
[2026-05-28 19:12:10]     Test:  8 | counts=[4, 4]
[2026-05-28 19:12:10]     Model: SignalJEPA_PreLocal | Pretrained: from_pretrained | Strategy: new
[2026-05-28 19:12:10]     Normalization: none | fit_scope=none
[2026-05-28 19:12:10]     Phase 1 (new): 2,170/16,010 params
[2026-05-28 19:12:10]     Result | best_epoch=4 | stop=14 | final_phase_epochs=14 | acc=0.5000 | bal_acc=0.5000 | pred_hist=[0, 8] | collapse=True
[2026-05-28 19:12:10]     spatial_conv=[4, 29] top_abs_channels=[('Pz', 0.15293854), ('O2', 0.14412019), ('T3', 0.12677337), ('O1', 0.12229961), ('T4', 0.12165456), ('CP3', 0.12106188), ('C3', 0.11596744), ('CP4', 0.1114054)]
[2026-05-28 19:12:10]     spatial_update=delta_l2=0.01308068 max_abs=0.00159551 relative=0.01096012 changed=True

[2026-05-28 19:12:10] Fold 3/5 | subject=1
[2026-05-28 19:12:10]     Train: 32 | counts=[16, 16]
[2026-05-28 19:12:10]     Test:  8 | counts=[4, 4]
[2026-05-28 19:12:10]     Model: SignalJEPA_PreLocal | Pretrained: from_pretrained | Strategy: new
[2026-05-28 19:12:10]     Normalization: none | fit_scope=none
[2026-05-28 19:12:10]     Phase 1 (new): 2,170/16,010 params
[2026-05-28 19:12:11]     Result | best_epoch=12 | stop=22 | final_phase_epochs=22 | acc=0.3750 | bal_acc=0.3750 | pred_hist=[1, 7] | collapse=False
[2026-05-28 19:12:11]     spatial_conv=[4, 29] top_abs_channels=[('Pz', 0.15256968), ('O2', 0.14408246), ('T3', 0.12817925), ('O1', 0.12223634), ('T4', 0.12173626), ('CP3', 0.12071565), ('C3', 0.11462878), ('CP4', 0.11127476)]
[2026-05-28 19:12:11]     spatial_update=delta_l2=0.02906079 max_abs=0.00464254 relative=0.02434964 changed=True

[2026-05-28 19:12:11] Fold 4/5 | subject=1
[2026-05-28 19:12:11]     Train: 32 | counts=[16, 16]
[2026-05-28 19:12:11]     Test:  8 | counts=[4, 4]
[2026-05-28 19:12:11]     Model: SignalJEPA_PreLocal | Pretrained: from_pretrained | Strategy: new
[2026-05-28 19:12:11]     Normalization: none | fit_scope=none
[2026-05-28 19:12:11]     Phase 1 (new): 2,170/16,010 params
[2026-05-28 19:12:12]     Result | best_epoch=3 | stop=13 | final_phase_epochs=13 | acc=0.6250 | bal_acc=0.6250 | pred_hist=[1, 7] | collapse=False
[2026-05-28 19:12:12]     spatial_conv=[4, 29] top_abs_channels=[('Pz', 0.15344307), ('O2', 0.14450848), ('T3', 0.12714373), ('T4', 0.12215886), ('O1', 0.12210068), ('CP3', 0.12123023), ('C3', 0.11613405), ('CP4', 0.11068785)]
[2026-05-28 19:12:12]     spatial_update=delta_l2=0.00912582 max_abs=0.00120054 relative=0.00764640 changed=True

[2026-05-28 19:12:12] Fold 5/5 | subject=1
[2026-05-28 19:12:12]     Train: 32 | counts=[16, 16]
[2026-05-28 19:12:12]     Test:  8 | counts=[4, 4]
[2026-05-28 19:12:12]     Model: SignalJEPA_PreLocal | Pretrained: from_pretrained | Strategy: new
[2026-05-28 19:12:12]     Normalization: none | fit_scope=none
[2026-05-28 19:12:12]     Phase 1 (new): 2,170/16,010 params
[2026-05-28 19:12:13]     Result | best_epoch=4 | stop=14 | final_phase_epochs=14 | acc=0.5000 | bal_acc=0.5000 | pred_hist=[0, 8] | collapse=True
[2026-05-28 19:12:13]     spatial_conv=[4, 29] top_abs_channels=[('Pz', 0.15292099), ('O2', 0.14450137), ('T3', 0.12631692), ('O1', 0.12216794), ('T4', 0.12187546), ('CP3', 0.12114765), ('C3', 0.11629072), ('CP4', 0.11096334)]
[2026-05-28 19:12:13]     spatial_update=delta_l2=0.01333848 max_abs=0.00159671 relative=0.01117613 changed=True
[2026-05-28 19:12:13]   Subject 1: acc=0.4500±0.1275  bal_acc=0.4500±0.1275
[2026-05-28 19:12:13] \nSubject 2: 40 windows | class_counts=[20, 20]

[2026-05-28 19:12:13] Fold 1/5 | subject=2
[2026-05-28 19:12:13]     Train: 32 | counts=[16, 16]
[2026-05-28 19:12:13]     Test:  8 | counts=[4, 4]
[2026-05-28 19:12:13]     Model: SignalJEPA_PreLocal | Pretrained: from_pretrained | Strategy: new
[2026-05-28 19:12:13]     Normalization: none | fit_scope=none
[2026-05-28 19:12:13]     Phase 1 (new): 2,170/16,010 params
[2026-05-28 19:12:14]     Result | best_epoch=19 | stop=20 | final_phase_epochs=20 | acc=0.6250 | bal_acc=0.6250 | pred_hist=[3, 5] | collapse=False
[2026-05-28 19:12:14]     spatial_conv=[4, 29] top_abs_channels=[('Pz', 0.15347505), ('O2', 0.14312506), ('T3', 0.12758908), ('O1', 0.12321454), ('T4', 0.12221098), ('CP3', 0.12088481), ('C3', 0.11536579), ('CP4', 0.11194862)]
[2026-05-28 19:12:14]     spatial_update=delta_l2=0.03067561 max_abs=0.00400475 relative=0.02570268 changed=True

[2026-05-28 19:12:14] Fold 2/5 | subject=2
[2026-05-28 19:12:14]     Train: 32 | counts=[16, 16]
[2026-05-28 19:12:14]     Test:  8 | counts=[4, 4]
[2026-05-28 19:12:14]     Model: SignalJEPA_PreLocal | Pretrained: from_pretrained | Strategy: new
[2026-05-28 19:12:14]     Normalization: none | fit_scope=none
[2026-05-28 19:12:14]     Phase 1 (new): 2,170/16,010 params
[2026-05-28 19:12:14]     Result | best_epoch=10 | stop=20 | final_phase_epochs=20 | acc=0.5000 | bal_acc=0.5000 | pred_hist=[0, 8] | collapse=True
[2026-05-28 19:12:14]     spatial_conv=[4, 29] top_abs_channels=[('Pz', 0.15522854), ('O2', 0.14231902), ('T3', 0.12754984), ('O1', 0.12363279), ('T4', 0.12290552), ('CP3', 0.12060905), ('C3', 0.11513045), ('CP4', 0.11096089)]
[2026-05-28 19:12:14]     spatial_update=delta_l2=0.02655329 max_abs=0.00402278 relative=0.02224864 changed=True

[2026-05-28 19:12:15] Fold 3/5 | subject=2
[2026-05-28 19:12:15]     Train: 32 | counts=[16, 16]
[2026-05-28 19:12:15]     Test:  8 | counts=[4, 4]
[2026-05-28 19:12:15]     Model: SignalJEPA_PreLocal | Pretrained: from_pretrained | Strategy: new
[2026-05-28 19:12:15]     Normalization: none | fit_scope=none
[2026-05-28 19:12:15]     Phase 1 (new): 2,170/16,010 params
[2026-05-28 19:12:16]     Result | best_epoch=21 | stop=31 | final_phase_epochs=31 | acc=0.6250 | bal_acc=0.6250 | pred_hist=[1, 7] | collapse=False
[2026-05-28 19:12:16]     spatial_conv=[4, 29] top_abs_channels=[('Pz', 0.15311794), ('O2', 0.14267239), ('T3', 0.12953292), ('O1', 0.12547737), ('T4', 0.12475092), ('CP3', 0.12027496), ('C3', 0.11484458), ('CP4', 0.11237945)]
[2026-05-28 19:12:16]     spatial_update=delta_l2=0.05588516 max_abs=0.00850976 relative=0.04682542 changed=True

[2026-05-28 19:12:16] Fold 4/5 | subject=2
[2026-05-28 19:12:16]     Train: 32 | counts=[16, 16]
[2026-05-28 19:12:16]     Test:  8 | counts=[4, 4]
[2026-05-28 19:12:16]     Model: SignalJEPA_PreLocal | Pretrained: from_pretrained | Strategy: new
[2026-05-28 19:12:16]     Normalization: none | fit_scope=none
[2026-05-28 19:12:16]     Phase 1 (new): 2,170/16,010 params
[2026-05-28 19:12:16]     Result | best_epoch=10 | stop=20 | final_phase_epochs=20 | acc=0.6250 | bal_acc=0.6250 | pred_hist=[1, 7] | collapse=False
[2026-05-28 19:12:16]     spatial_conv=[4, 29] top_abs_channels=[('Pz', 0.15422696), ('O2', 0.14189664), ('T3', 0.12775153), ('O1', 0.12375563), ('T4', 0.12251435), ('CP3', 0.12050073), ('C3', 0.1146347), ('CP4', 0.1124217)]
[2026-05-28 19:12:16]     spatial_update=delta_l2=0.02939752 max_abs=0.00398722 relative=0.02463179 changed=True

[2026-05-28 19:12:17] Fold 5/5 | subject=2
[2026-05-28 19:12:17]     Train: 32 | counts=[16, 16]
[2026-05-28 19:12:17]     Test:  8 | counts=[4, 4]
[2026-05-28 19:12:17]     Model: SignalJEPA_PreLocal | Pretrained: from_pretrained | Strategy: new
[2026-05-28 19:12:17]     Normalization: none | fit_scope=none
[2026-05-28 19:12:17]     Phase 1 (new): 2,170/16,010 params
[2026-05-28 19:12:17]     Result | best_epoch=27 | stop=37 | final_phase_epochs=37 | acc=0.7500 | bal_acc=0.7500 | pred_hist=[4, 4] | collapse=False
[2026-05-28 19:12:17]     spatial_conv=[4, 29] top_abs_channels=[('Pz', 0.15662809), ('O2', 0.14165413), ('T3', 0.13063718), ('O1', 0.12693463), ('T4', 0.12442403), ('CP3', 0.12058587), ('C3', 0.11631895), ('Fp1', 0.11360446)]
[2026-05-28 19:12:17]     spatial_update=delta_l2=0.07266709 max_abs=0.01091133 relative=0.06088677 changed=True
[2026-05-28 19:12:17]   Subject 2: acc=0.6250±0.0791  bal_acc=0.6250±0.0791
[2026-05-28 19:12:17] \nSubject 3: 40 windows | class_counts=[20, 20]

[2026-05-28 19:12:18] Fold 1/5 | subject=3
[2026-05-28 19:12:18]     Train: 32 | counts=[16, 16]
[2026-05-28 19:12:18]     Test:  8 | counts=[4, 4]
[2026-05-28 19:12:18]     Model: SignalJEPA_PreLocal | Pretrained: from_pretrained | Strategy: new
[2026-05-28 19:12:18]     Normalization: none | fit_scope=none
[2026-05-28 19:12:18]     Phase 1 (new): 2,170/16,010 params
[2026-05-28 19:12:19]     Result | best_epoch=48 | stop=50 | final_phase_epochs=50 | acc=0.3750 | bal_acc=0.3750 | pred_hist=[5, 3] | collapse=False
[2026-05-28 19:12:19]     spatial_conv=[4, 29] top_abs_channels=[('Pz', 0.16232446), ('O2', 0.14724511), ('T3', 0.12981564), ('C3', 0.12307808), ('O1', 0.12083827), ('CP3', 0.12041514), ('T4', 0.11479117), ('CP4', 0.11065309)]
[2026-05-28 19:12:19]     spatial_update=delta_l2=0.13356249 max_abs=0.02024148 relative=0.11191019 changed=True

[2026-05-28 19:12:19] Fold 2/5 | subject=3
[2026-05-28 19:12:19]     Train: 32 | counts=[16, 16]
[2026-05-28 19:12:19]     Test:  8 | counts=[4, 4]
[2026-05-28 19:12:19]     Model: SignalJEPA_PreLocal | Pretrained: from_pretrained | Strategy: new
[2026-05-28 19:12:19]     Normalization: none | fit_scope=none
[2026-05-28 19:12:19]     Phase 1 (new): 2,170/16,010 params
[2026-05-28 19:12:20]     Result | best_epoch=38 | stop=48 | final_phase_epochs=48 | acc=0.7500 | bal_acc=0.7500 | pred_hist=[4, 4] | collapse=False
[2026-05-28 19:12:20]     spatial_conv=[4, 29] top_abs_channels=[('Pz', 0.15506878), ('O2', 0.15010414), ('T3', 0.12889937), ('T4', 0.12350084), ('C3', 0.11766589), ('CP3', 0.11731951), ('O1', 0.11624358), ('T5', 0.11202072)]
[2026-05-28 19:12:20]     spatial_update=delta_l2=0.10363298 max_abs=0.01558781 relative=0.08683266 changed=True

[2026-05-28 19:12:21] Fold 3/5 | subject=3
[2026-05-28 19:12:21]     Train: 32 | counts=[16, 16]
[2026-05-28 19:12:21]     Test:  8 | counts=[4, 4]
[2026-05-28 19:12:21]     Model: SignalJEPA_PreLocal | Pretrained: from_pretrained | Strategy: new
[2026-05-28 19:12:21]     Normalization: none | fit_scope=none
[2026-05-28 19:12:21]     Phase 1 (new): 2,170/16,010 params
[2026-05-28 19:12:21]     Result | best_epoch=46 | stop=50 | final_phase_epochs=50 | acc=0.6250 | bal_acc=0.6250 | pred_hist=[1, 7] | collapse=False
[2026-05-28 19:12:21]     spatial_conv=[4, 29] top_abs_channels=[('O2', 0.15589257), ('Pz', 0.15459794), ('T3', 0.13258551), ('CP3', 0.12303475), ('O1', 0.12184126), ('C3', 0.12023868), ('T4', 0.1155211), ('CP4', 0.10984411)]
[2026-05-28 19:12:21]     spatial_update=delta_l2=0.12749489 max_abs=0.01926325 relative=0.10682624 changed=True

[2026-05-28 19:12:22] Fold 4/5 | subject=3
[2026-05-28 19:12:22]     Train: 32 | counts=[16, 16]
[2026-05-28 19:12:22]     Test:  8 | counts=[4, 4]
[2026-05-28 19:12:22]     Model: SignalJEPA_PreLocal | Pretrained: from_pretrained | Strategy: new
[2026-05-28 19:12:22]     Normalization: none | fit_scope=none
[2026-05-28 19:12:22]     Phase 1 (new): 2,170/16,010 params
[2026-05-28 19:12:23]     Result | best_epoch=50 | stop=50 | final_phase_epochs=50 | acc=0.6250 | bal_acc=0.6250 | pred_hist=[5, 3] | collapse=False
[2026-05-28 19:12:23]     spatial_conv=[4, 29] top_abs_channels=[('Pz', 0.165957), ('O2', 0.14142297), ('T3', 0.13163878), ('C3', 0.12202679), ('O1', 0.12096213), ('T4', 0.12079829), ('CP3', 0.11593246), ('P4', 0.11403252)]
[2026-05-28 19:12:23]     spatial_update=delta_l2=0.12556959 max_abs=0.02140332 relative=0.10521305 changed=True

[2026-05-28 19:12:23] Fold 5/5 | subject=3
[2026-05-28 19:12:23]     Train: 32 | counts=[16, 16]
[2026-05-28 19:12:23]     Test:  8 | counts=[4, 4]
[2026-05-28 19:12:23]     Model: SignalJEPA_PreLocal | Pretrained: from_pretrained | Strategy: new
[2026-05-28 19:12:23]     Normalization: none | fit_scope=none
[2026-05-28 19:12:23]     Phase 1 (new): 2,170/16,010 params
[2026-05-28 19:12:24]     Result | best_epoch=29 | stop=39 | final_phase_epochs=39 | acc=0.8750 | bal_acc=0.8750 | pred_hist=[3, 5] | collapse=False
[2026-05-28 19:12:24]     spatial_conv=[4, 29] top_abs_channels=[('Pz', 0.15176907), ('O2', 0.14846846), ('T3', 0.13150351), ('C3', 0.12099525), ('T4', 0.12006851), ('CP3', 0.11989602), ('O1', 0.11920561), ('CP4', 0.10989172)]
[2026-05-28 19:12:24]     spatial_update=delta_l2=0.07468612 max_abs=0.01164303 relative=0.06257848 changed=True
[2026-05-28 19:12:24]   Subject 3: acc=0.6500±0.1658  bal_acc=0.6500±0.1658
[2026-05-28 19:12:24] \nSubject 4: 40 windows | class_counts=[20, 20]

[2026-05-28 19:12:25] Fold 1/5 | subject=4
[2026-05-28 19:12:25]     Train: 32 | counts=[16, 16]
[2026-05-28 19:12:25]     Test:  8 | counts=[4, 4]
[2026-05-28 19:12:25]     Model: SignalJEPA_PreLocal | Pretrained: from_pretrained | Strategy: new
[2026-05-28 19:12:25]     Normalization: none | fit_scope=none
[2026-05-28 19:12:25]     Phase 1 (new): 2,170/16,010 params
[2026-05-28 19:12:25]     Result | best_epoch=1 | stop=11 | final_phase_epochs=11 | acc=0.5000 | bal_acc=0.5000 | pred_hist=[0, 8] | collapse=True
[2026-05-28 19:12:25]     spatial_conv=[4, 29] top_abs_channels=[('Pz', 0.15303901), ('O2', 0.14414138), ('T3', 0.12673478), ('O1', 0.12206212), ('T4', 0.12188759), ('CP3', 0.12132438), ('C3', 0.11503091), ('CP4', 0.11113312)]
[2026-05-28 19:12:25]     spatial_update=delta_l2=0.00430802 max_abs=0.00040000 relative=0.00360963 changed=True

[2026-05-28 19:12:26] Fold 2/5 | subject=4
[2026-05-28 19:12:26]     Train: 32 | counts=[16, 16]
[2026-05-28 19:12:26]     Test:  8 | counts=[4, 4]
[2026-05-28 19:12:26]     Model: SignalJEPA_PreLocal | Pretrained: from_pretrained | Strategy: new
[2026-05-28 19:12:26]     Normalization: none | fit_scope=none
[2026-05-28 19:12:26]     Phase 1 (new): 2,170/16,010 params
[2026-05-28 19:12:26]     Result | best_epoch=44 | stop=50 | final_phase_epochs=50 | acc=0.6250 | bal_acc=0.6250 | pred_hist=[3, 5] | collapse=False
[2026-05-28 19:12:26]     spatial_conv=[4, 29] top_abs_channels=[('Pz', 0.15433072), ('O2', 0.15241973), ('T3', 0.13206008), ('T4', 0.11861541), ('CP3', 0.11836579), ('O1', 0.11781886), ('T5', 0.1148908), ('C3', 0.11417815)]
[2026-05-28 19:12:26]     spatial_update=delta_l2=0.10897309 max_abs=0.01783532 relative=0.09130707 changed=True

[2026-05-28 19:12:27] Fold 3/5 | subject=4
[2026-05-28 19:12:27]     Train: 32 | counts=[16, 16]
[2026-05-28 19:12:27]     Test:  8 | counts=[4, 4]
[2026-05-28 19:12:27]     Model: SignalJEPA_PreLocal | Pretrained: from_pretrained | Strategy: new
[2026-05-28 19:12:27]     Normalization: none | fit_scope=none
[2026-05-28 19:12:27]     Phase 1 (new): 2,170/16,010 params
[2026-05-28 19:12:27]     Result | best_epoch=5 | stop=15 | final_phase_epochs=15 | acc=0.5000 | bal_acc=0.5000 | pred_hist=[0, 8] | collapse=True
[2026-05-28 19:12:27]     spatial_conv=[4, 29] top_abs_channels=[('Pz', 0.15392768), ('O2', 0.14580941), ('T3', 0.12695293), ('T4', 0.12152448), ('O1', 0.12096772), ('CP3', 0.11967464), ('C3', 0.11593324), ('Fp1', 0.11095796)]
[2026-05-28 19:12:27]     spatial_update=delta_l2=0.01810181 max_abs=0.00200456 relative=0.01516726 changed=True

[2026-05-28 19:12:28] Fold 4/5 | subject=4
[2026-05-28 19:12:28]     Train: 32 | counts=[16, 16]
[2026-05-28 19:12:28]     Test:  8 | counts=[4, 4]
[2026-05-28 19:12:28]     Model: SignalJEPA_PreLocal | Pretrained: from_pretrained | Strategy: new
[2026-05-28 19:12:28]     Normalization: none | fit_scope=none
[2026-05-28 19:12:28]     Phase 1 (new): 2,170/16,010 params
[2026-05-28 19:12:28]     Result | best_epoch=32 | stop=42 | final_phase_epochs=42 | acc=0.5000 | bal_acc=0.5000 | pred_hist=[4, 4] | collapse=False
[2026-05-28 19:12:28]     spatial_conv=[4, 29] top_abs_channels=[('Pz', 0.15443821), ('O2', 0.14762405), ('T3', 0.12756407), ('O1', 0.1215142), ('CP3', 0.12020373), ('T4', 0.11683468), ('C3', 0.11319201), ('Fp1', 0.11192641)]
[2026-05-28 19:12:28]     spatial_update=delta_l2=0.07239019 max_abs=0.01281921 relative=0.06065476 changed=True

[2026-05-28 19:12:29] Fold 5/5 | subject=4
[2026-05-28 19:12:29]     Train: 32 | counts=[16, 16]
[2026-05-28 19:12:29]     Test:  8 | counts=[4, 4]
[2026-05-28 19:12:29]     Model: SignalJEPA_PreLocal | Pretrained: from_pretrained | Strategy: new
[2026-05-28 19:12:29]     Normalization: none | fit_scope=none
[2026-05-28 19:12:29]     Phase 1 (new): 2,170/16,010 params
[2026-05-28 19:12:29]     Result | best_epoch=2 | stop=12 | final_phase_epochs=12 | acc=0.5000 | bal_acc=0.5000 | pred_hist=[0, 8] | collapse=True
[2026-05-28 19:12:29]     spatial_conv=[4, 29] top_abs_channels=[('Pz', 0.15319701), ('O2', 0.14379196), ('T3', 0.12658626), ('O1', 0.12254115), ('T4', 0.12235455), ('CP3', 0.12150859), ('C3', 0.11504896), ('CP4', 0.11122701)]
[2026-05-28 19:12:29]     spatial_update=delta_l2=0.00723598 max_abs=0.00080054 relative=0.00606293 changed=True
[2026-05-28 19:12:29]   Subject 4: acc=0.5250±0.0500  bal_acc=0.5250±0.0500
[2026-05-28 19:12:29] \nSubject 5: 40 windows | class_counts=[20, 20]

[2026-05-28 19:12:29] Fold 1/5 | subject=5
[2026-05-28 19:12:29]     Train: 32 | counts=[16, 16]
[2026-05-28 19:12:29]     Test:  8 | counts=[4, 4]
[2026-05-28 19:12:29]     Model: SignalJEPA_PreLocal | Pretrained: from_pretrained | Strategy: new
[2026-05-28 19:12:29]     Normalization: none | fit_scope=none
[2026-05-28 19:12:29]     Phase 1 (new): 2,170/16,010 params
[2026-05-28 19:12:30]     Result | best_epoch=6 | stop=16 | final_phase_epochs=16 | acc=0.5000 | bal_acc=0.5000 | pred_hist=[0, 8] | collapse=True
[2026-05-28 19:12:30]     spatial_conv=[4, 29] top_abs_channels=[('Pz', 0.15332325), ('O2', 0.14623113), ('T3', 0.12680778), ('O1', 0.12189315), ('T4', 0.12185523), ('CP3', 0.12063563), ('C3', 0.11538403), ('CP4', 0.1093887)]
[2026-05-28 19:12:30]     spatial_update=delta_l2=0.01836323 max_abs=0.00237931 relative=0.01538630 changed=True

[2026-05-28 19:12:30] Fold 2/5 | subject=5
[2026-05-28 19:12:30]     Train: 32 | counts=[16, 16]
[2026-05-28 19:12:30]     Test:  8 | counts=[4, 4]
[2026-05-28 19:12:30]     Model: SignalJEPA_PreLocal | Pretrained: from_pretrained | Strategy: new
[2026-05-28 19:12:30]     Normalization: none | fit_scope=none
[2026-05-28 19:12:30]     Phase 1 (new): 2,170/16,010 params
[2026-05-28 19:12:31]     Result | best_epoch=9 | stop=19 | final_phase_epochs=19 | acc=0.5000 | bal_acc=0.5000 | pred_hist=[0, 8] | collapse=True
[2026-05-28 19:12:31]     spatial_conv=[4, 29] top_abs_channels=[('Pz', 0.15482421), ('O2', 0.14682618), ('T3', 0.12619951), ('T4', 0.12201919), ('O1', 0.12176304), ('CP3', 0.12024218), ('C3', 0.11528216), ('CP4', 0.10923968)]
[2026-05-28 19:12:31]     spatial_update=delta_l2=0.02593426 max_abs=0.00353938 relative=0.02172996 changed=True

[2026-05-28 19:12:31] Fold 3/5 | subject=5
[2026-05-28 19:12:31]     Train: 32 | counts=[16, 16]
[2026-05-28 19:12:31]     Test:  8 | counts=[4, 4]
[2026-05-28 19:12:31]     Model: SignalJEPA_PreLocal | Pretrained: from_pretrained | Strategy: new
[2026-05-28 19:12:31]     Normalization: none | fit_scope=none
[2026-05-28 19:12:31]     Phase 1 (new): 2,170/16,010 params
[2026-05-28 19:12:32]     Result | best_epoch=29 | stop=39 | final_phase_epochs=39 | acc=0.3750 | bal_acc=0.3750 | pred_hist=[1, 7] | collapse=False
[2026-05-28 19:12:32]     spatial_conv=[4, 29] top_abs_channels=[('Pz', 0.15366605), ('O2', 0.15143962), ('T3', 0.12691329), ('T4', 0.12567797), ('CP3', 0.11980053), ('O1', 0.11974504), ('C3', 0.11167518), ('Fz', 0.10571525)]
[2026-05-28 19:12:32]     spatial_update=delta_l2=0.07530028 max_abs=0.01141285 relative=0.06309308 changed=True

[2026-05-28 19:12:33] Fold 4/5 | subject=5
[2026-05-28 19:12:33]     Train: 32 | counts=[16, 16]
[2026-05-28 19:12:33]     Test:  8 | counts=[4, 4]
[2026-05-28 19:12:33]     Model: SignalJEPA_PreLocal | Pretrained: from_pretrained | Strategy: new
[2026-05-28 19:12:33]     Normalization: none | fit_scope=none
[2026-05-28 19:12:33]     Phase 1 (new): 2,170/16,010 params
[2026-05-28 19:12:33]     Result | best_epoch=17 | stop=27 | final_phase_epochs=27 | acc=0.6250 | bal_acc=0.6250 | pred_hist=[1, 7] | collapse=False
[2026-05-28 19:12:33]     spatial_conv=[4, 29] top_abs_channels=[('Pz', 0.15262027), ('O2', 0.14706847), ('T3', 0.12597059), ('T4', 0.12515856), ('O1', 0.12337555), ('CP3', 0.11855525), ('C3', 0.11719073), ('CP4', 0.10914519)]
[2026-05-28 19:12:33]     spatial_update=delta_l2=0.04795048 max_abs=0.00662623 relative=0.04017706 changed=True

[2026-05-28 19:12:34] Fold 5/5 | subject=5
[2026-05-28 19:12:34]     Train: 32 | counts=[16, 16]
[2026-05-28 19:12:34]     Test:  8 | counts=[4, 4]
[2026-05-28 19:12:34]     Model: SignalJEPA_PreLocal | Pretrained: from_pretrained | Strategy: new
[2026-05-28 19:12:34]     Normalization: none | fit_scope=none
[2026-05-28 19:12:34]     Phase 1 (new): 2,170/16,010 params
[2026-05-28 19:12:34]     Result | best_epoch=1 | stop=11 | final_phase_epochs=11 | acc=0.5000 | bal_acc=0.5000 | pred_hist=[0, 8] | collapse=True
[2026-05-28 19:12:34]     spatial_conv=[4, 29] top_abs_channels=[('Pz', 0.15303902), ('O2', 0.14434138), ('T3', 0.12673479), ('T4', 0.12228758), ('O1', 0.12206237), ('CP3', 0.12112439), ('C3', 0.11543091), ('CP4', 0.11053313)]
[2026-05-28 19:12:34]     spatial_update=delta_l2=0.00430789 max_abs=0.00040000 relative=0.00360952 changed=True
[2026-05-28 19:12:34]   Subject 5: acc=0.5000±0.0791  bal_acc=0.5000±0.0791
[2026-05-28 19:12:34] \nSubject 6: 40 windows | class_counts=[20, 20]

[2026-05-28 19:12:34] Fold 1/5 | subject=6
[2026-05-28 19:12:34]     Train: 32 | counts=[16, 16]
[2026-05-28 19:12:34]     Test:  8 | counts=[4, 4]
[2026-05-28 19:12:34]     Model: SignalJEPA_PreLocal | Pretrained: from_pretrained | Strategy: new
[2026-05-28 19:12:34]     Normalization: none | fit_scope=none
[2026-05-28 19:12:34]     Phase 1 (new): 2,170/16,010 params
[2026-05-28 19:12:35]     Result | best_epoch=11 | stop=21 | final_phase_epochs=21 | acc=0.5000 | bal_acc=0.5000 | pred_hist=[0, 8] | collapse=True
[2026-05-28 19:12:35]     spatial_conv=[4, 29] top_abs_channels=[('Pz', 0.15444165), ('O2', 0.14472264), ('T3', 0.12821753), ('T4', 0.12305152), ('CP3', 0.12028772), ('O1', 0.12026602), ('C3', 0.11353854), ('CP4', 0.11099918)]
[2026-05-28 19:12:35]     spatial_update=delta_l2=0.02767827 max_abs=0.00431964 relative=0.02319124 changed=True

[2026-05-28 19:12:35] Fold 2/5 | subject=6
[2026-05-28 19:12:35]     Train: 32 | counts=[16, 16]
[2026-05-28 19:12:35]     Test:  8 | counts=[4, 4]
[2026-05-28 19:12:35]     Model: SignalJEPA_PreLocal | Pretrained: from_pretrained | Strategy: new
[2026-05-28 19:12:35]     Normalization: none | fit_scope=none
[2026-05-28 19:12:35]     Phase 1 (new): 2,170/16,010 params
[2026-05-28 19:12:36]     Result | best_epoch=49 | stop=50 | final_phase_epochs=50 | acc=0.2500 | bal_acc=0.2500 | pred_hist=[4, 4] | collapse=False
[2026-05-28 19:12:36]     spatial_conv=[4, 29] top_abs_channels=[('Pz', 0.14573309), ('O2', 0.1451512), ('T3', 0.1304014), ('O1', 0.12481692), ('CP3', 0.12420869), ('C3', 0.11559059), ('P3', 0.11408576), ('T4', 0.11294471)]
[2026-05-28 19:12:36]     spatial_update=delta_l2=0.11383822 max_abs=0.01888745 relative=0.09538349 changed=True

[2026-05-28 19:12:37] Fold 3/5 | subject=6
[2026-05-28 19:12:37]     Train: 32 | counts=[16, 16]
[2026-05-28 19:12:37]     Test:  8 | counts=[4, 4]
[2026-05-28 19:12:37]     Model: SignalJEPA_PreLocal | Pretrained: from_pretrained | Strategy: new
[2026-05-28 19:12:37]     Normalization: none | fit_scope=none
[2026-05-28 19:12:37]     Phase 1 (new): 2,170/16,010 params
[2026-05-28 19:12:37]     Result | best_epoch=1 | stop=11 | final_phase_epochs=11 | acc=0.3750 | bal_acc=0.3750 | pred_hist=[1, 7] | collapse=False
[2026-05-28 19:12:37]     spatial_conv=[4, 29] top_abs_channels=[('Pz', 0.15303901), ('O2', 0.14414138), ('T3', 0.12673479), ('T4', 0.12228756), ('O1', 0.12186213), ('CP3', 0.12132439), ('C3', 0.11503091), ('CP4', 0.11093313)]
[2026-05-28 19:12:37]     spatial_update=delta_l2=0.00430799 max_abs=0.00040000 relative=0.00360961 changed=True

[2026-05-28 19:12:37] Fold 4/5 | subject=6
[2026-05-28 19:12:37]     Train: 32 | counts=[16, 16]
[2026-05-28 19:12:37]     Test:  8 | counts=[4, 4]
[2026-05-28 19:12:37]     Model: SignalJEPA_PreLocal | Pretrained: from_pretrained | Strategy: new
[2026-05-28 19:12:37]     Normalization: none | fit_scope=none
[2026-05-28 19:12:37]     Phase 1 (new): 2,170/16,010 params
[2026-05-28 19:12:38]     Result | best_epoch=33 | stop=43 | final_phase_epochs=43 | acc=0.5000 | bal_acc=0.5000 | pred_hist=[4, 4] | collapse=False
[2026-05-28 19:12:38]     spatial_conv=[4, 29] top_abs_channels=[('Pz', 0.15324479), ('O2', 0.14677274), ('T3', 0.12964629), ('O1', 0.12154684), ('T4', 0.11992123), ('CP3', 0.11907393), ('C3', 0.11658385), ('P3', 0.11340134)]
[2026-05-28 19:12:38]     spatial_update=delta_l2=0.08074348 max_abs=0.01327265 relative=0.06765386 changed=True

[2026-05-28 19:12:39] Fold 5/5 | subject=6
[2026-05-28 19:12:39]     Train: 32 | counts=[16, 16]
[2026-05-28 19:12:39]     Test:  8 | counts=[4, 4]
[2026-05-28 19:12:39]     Model: SignalJEPA_PreLocal | Pretrained: from_pretrained | Strategy: new
[2026-05-28 19:12:39]     Normalization: none | fit_scope=none
[2026-05-28 19:12:39]     Phase 1 (new): 2,170/16,010 params
[2026-05-28 19:12:39]     Result | best_epoch=22 | stop=32 | final_phase_epochs=32 | acc=0.3750 | bal_acc=0.3750 | pred_hist=[3, 5] | collapse=False
[2026-05-28 19:12:39]     spatial_conv=[4, 29] top_abs_channels=[('Pz', 0.15153509), ('O2', 0.14629164), ('T3', 0.13143216), ('O1', 0.12562492), ('T4', 0.12182376), ('CP3', 0.12177144), ('Fp1', 0.11343805), ('C3', 0.11342548)]
[2026-05-28 19:12:39]     spatial_update=delta_l2=0.05627689 max_abs=0.00854507 relative=0.04715364 changed=True
[2026-05-28 19:12:39]   Subject 6: acc=0.4000±0.0935  bal_acc=0.4000±0.0935
[2026-05-28 19:12:39] \nSubject 7: 40 windows | class_counts=[20, 20]

[2026-05-28 19:12:40] Fold 1/5 | subject=7
[2026-05-28 19:12:40]     Train: 32 | counts=[16, 16]
[2026-05-28 19:12:40]     Test:  8 | counts=[4, 4]
[2026-05-28 19:12:40]     Model: SignalJEPA_PreLocal | Pretrained: from_pretrained | Strategy: new
[2026-05-28 19:12:40]     Normalization: none | fit_scope=none
[2026-05-28 19:12:40]     Phase 1 (new): 2,170/16,010 params
[2026-05-28 19:12:40]     Result | best_epoch=1 | stop=11 | final_phase_epochs=11 | acc=0.6250 | bal_acc=0.6250 | pred_hist=[1, 7] | collapse=False
[2026-05-28 19:12:40]     spatial_conv=[4, 29] top_abs_channels=[('Pz', 0.153439), ('O2', 0.14414138), ('T3', 0.1263348), ('T4', 0.12208759), ('O1', 0.12206212), ('CP3', 0.1209244), ('C3', 0.11523091), ('CP4', 0.11093314)]
[2026-05-28 19:12:40]     spatial_update=delta_l2=0.00430776 max_abs=0.00040000 relative=0.00360941 changed=True

[2026-05-28 19:12:40] Fold 2/5 | subject=7
[2026-05-28 19:12:40]     Train: 32 | counts=[16, 16]
[2026-05-28 19:12:40]     Test:  8 | counts=[4, 4]
[2026-05-28 19:12:40]     Model: SignalJEPA_PreLocal | Pretrained: from_pretrained | Strategy: new
[2026-05-28 19:12:40]     Normalization: none | fit_scope=none
[2026-05-28 19:12:40]     Phase 1 (new): 2,170/16,010 params
[2026-05-28 19:12:41]     Result | best_epoch=9 | stop=19 | final_phase_epochs=19 | acc=0.5000 | bal_acc=0.5000 | pred_hist=[2, 6] | collapse=False
[2026-05-28 19:12:41]     spatial_conv=[4, 29] top_abs_channels=[('Pz', 0.15505844), ('O2', 0.14306279), ('T3', 0.12597759), ('O1', 0.12315822), ('T4', 0.12127954), ('CP3', 0.11841728), ('C3', 0.11517173), ('CP4', 0.11167715)]
[2026-05-28 19:12:41]     spatial_update=delta_l2=0.02476509 max_abs=0.00353964 relative=0.02075033 changed=True

[2026-05-28 19:12:41] Fold 3/5 | subject=7
[2026-05-28 19:12:41]     Train: 32 | counts=[16, 16]
[2026-05-28 19:12:41]     Test:  8 | counts=[4, 4]
[2026-05-28 19:12:41]     Model: SignalJEPA_PreLocal | Pretrained: from_pretrained | Strategy: new
[2026-05-28 19:12:41]     Normalization: none | fit_scope=none
[2026-05-28 19:12:41]     Phase 1 (new): 2,170/16,010 params
[2026-05-28 19:12:42]     Result | best_epoch=13 | stop=23 | final_phase_epochs=23 | acc=0.6250 | bal_acc=0.6250 | pred_hist=[1, 7] | collapse=False
[2026-05-28 19:12:42]     spatial_conv=[4, 29] top_abs_channels=[('Pz', 0.15534815), ('O2', 0.14268538), ('O1', 0.12513421), ('T3', 0.12502952), ('T4', 0.12215248), ('CP3', 0.11847752), ('C3', 0.11590846), ('CP4', 0.11374836)]
[2026-05-28 19:12:42]     spatial_update=delta_l2=0.03534883 max_abs=0.00497946 relative=0.02961830 changed=True

[2026-05-28 19:12:42] Fold 4/5 | subject=7
[2026-05-28 19:12:42]     Train: 32 | counts=[16, 16]
[2026-05-28 19:12:42]     Test:  8 | counts=[4, 4]
[2026-05-28 19:12:42]     Model: SignalJEPA_PreLocal | Pretrained: from_pretrained | Strategy: new
[2026-05-28 19:12:42]     Normalization: none | fit_scope=none
[2026-05-28 19:12:42]     Phase 1 (new): 2,170/16,010 params
[2026-05-28 19:12:43]     Result | best_epoch=48 | stop=50 | final_phase_epochs=50 | acc=0.7500 | bal_acc=0.7500 | pred_hist=[2, 6] | collapse=False
[2026-05-28 19:12:43]     spatial_conv=[4, 29] top_abs_channels=[('Pz', 0.15578274), ('O2', 0.13580531), ('T4', 0.12780571), ('O1', 0.12442521), ('C3', 0.12036216), ('CP3', 0.12016516), ('Fp1', 0.11913113), ('T3', 0.11357264)]
[2026-05-28 19:12:43]     spatial_update=delta_l2=0.11529996 max_abs=0.01818193 relative=0.09660827 changed=True

[2026-05-28 19:12:44] Fold 5/5 | subject=7
[2026-05-28 19:12:44]     Train: 32 | counts=[16, 16]
[2026-05-28 19:12:44]     Test:  8 | counts=[4, 4]
[2026-05-28 19:12:44]     Model: SignalJEPA_PreLocal | Pretrained: from_pretrained | Strategy: new
[2026-05-28 19:12:44]     Normalization: none | fit_scope=none
[2026-05-28 19:12:44]     Phase 1 (new): 2,170/16,010 params
[2026-05-28 19:12:44]     Result | best_epoch=50 | stop=50 | final_phase_epochs=50 | acc=0.5000 | bal_acc=0.5000 | pred_hist=[2, 6] | collapse=False
[2026-05-28 19:12:44]     spatial_conv=[4, 29] top_abs_channels=[('Pz', 0.16360217), ('O2', 0.13662378), ('O1', 0.12233495), ('CP4', 0.12202702), ('T3', 0.12095919), ('C3', 0.11681501), ('T4', 0.11614045), ('Fp1', 0.11384667)]
[2026-05-28 19:12:44]     spatial_update=delta_l2=0.12379804 max_abs=0.02097059 relative=0.10372869 changed=True
[2026-05-28 19:12:44]   Subject 7: acc=0.6000±0.0935  bal_acc=0.6000±0.0935
[2026-05-28 19:12:44] \nSubject 8: 40 windows | class_counts=[20, 20]

[2026-05-28 19:12:45] Fold 1/5 | subject=8
[2026-05-28 19:12:45]     Train: 32 | counts=[16, 16]
[2026-05-28 19:12:45]     Test:  8 | counts=[4, 4]
[2026-05-28 19:12:45]     Model: SignalJEPA_PreLocal | Pretrained: from_pretrained | Strategy: new
[2026-05-28 19:12:45]     Normalization: none | fit_scope=none
[2026-05-28 19:12:45]     Phase 1 (new): 2,170/16,010 params
[2026-05-28 19:12:45]     Result | best_epoch=20 | stop=30 | final_phase_epochs=30 | acc=0.6250 | bal_acc=0.6250 | pred_hist=[3, 5] | collapse=False
[2026-05-28 19:12:45]     spatial_conv=[4, 29] top_abs_channels=[('Pz', 0.15181687), ('O2', 0.14347261), ('T3', 0.12732531), ('O1', 0.12551729), ('CP3', 0.12056135), ('T4', 0.12034507), ('C3', 0.11612998), ('CP4', 0.11224297)]
[2026-05-28 19:12:45]     spatial_update=delta_l2=0.05672487 max_abs=0.00775967 relative=0.04752900 changed=True

[2026-05-28 19:12:46] Fold 2/5 | subject=8
[2026-05-28 19:12:46]     Train: 32 | counts=[16, 16]
[2026-05-28 19:12:46]     Test:  8 | counts=[4, 4]
[2026-05-28 19:12:46]     Model: SignalJEPA_PreLocal | Pretrained: from_pretrained | Strategy: new
[2026-05-28 19:12:46]     Normalization: none | fit_scope=none
[2026-05-28 19:12:46]     Phase 1 (new): 2,170/16,010 params
[2026-05-28 19:12:47]     Result | best_epoch=49 | stop=50 | final_phase_epochs=50 | acc=0.7500 | bal_acc=0.7500 | pred_hist=[2, 6] | collapse=False
[2026-05-28 19:12:47]     spatial_conv=[4, 29] top_abs_channels=[('Pz', 0.14974529), ('O2', 0.14020613), ('T3', 0.12776773), ('O1', 0.12732063), ('T4', 0.12299828), ('CP3', 0.12223223), ('C3', 0.11918557), ('CP4', 0.11778961)]
[2026-05-28 19:12:47]     spatial_update=delta_l2=0.11647998 max_abs=0.01887836 relative=0.09759699 changed=True

[2026-05-28 19:12:47] Fold 3/5 | subject=8
[2026-05-28 19:12:47]     Train: 32 | counts=[16, 16]
[2026-05-28 19:12:47]     Test:  8 | counts=[4, 4]
[2026-05-28 19:12:47]     Model: SignalJEPA_PreLocal | Pretrained: from_pretrained | Strategy: new
[2026-05-28 19:12:47]     Normalization: none | fit_scope=none
[2026-05-28 19:12:47]     Phase 1 (new): 2,170/16,010 params
[2026-05-28 19:12:47]     Result | best_epoch=2 | stop=12 | final_phase_epochs=12 | acc=0.5000 | bal_acc=0.5000 | pred_hist=[0, 8] | collapse=True
[2026-05-28 19:12:47]     spatial_conv=[4, 29] top_abs_channels=[('Pz', 0.15267181), ('O2', 0.14372629), ('T3', 0.12712656), ('O1', 0.12254784), ('T4', 0.12205383), ('CP3', 0.12126078), ('C3', 0.11511116), ('CP4', 0.11092329)]
[2026-05-28 19:12:47]     spatial_update=delta_l2=0.00779407 max_abs=0.00080053 relative=0.00653055 changed=True

[2026-05-28 19:12:48] Fold 4/5 | subject=8
[2026-05-28 19:12:48]     Train: 32 | counts=[16, 16]
[2026-05-28 19:12:48]     Test:  8 | counts=[4, 4]
[2026-05-28 19:12:48]     Model: SignalJEPA_PreLocal | Pretrained: from_pretrained | Strategy: new
[2026-05-28 19:12:48]     Normalization: none | fit_scope=none
[2026-05-28 19:12:48]     Phase 1 (new): 2,170/16,010 params
[2026-05-28 19:12:48]     Result | best_epoch=20 | stop=30 | final_phase_epochs=30 | acc=0.5000 | bal_acc=0.5000 | pred_hist=[0, 8] | collapse=True
[2026-05-28 19:12:48]     spatial_conv=[4, 29] top_abs_channels=[('Pz', 0.15091133), ('O2', 0.14205891), ('T3', 0.12926775), ('O1', 0.1255307), ('CP3', 0.1223391), ('T4', 0.11969547), ('C3', 0.114406), ('CP4', 0.11102939)]
[2026-05-28 19:12:48]     spatial_update=delta_l2=0.05243749 max_abs=0.00771685 relative=0.04393666 changed=True

[2026-05-28 19:12:49] Fold 5/5 | subject=8
[2026-05-28 19:12:49]     Train: 32 | counts=[16, 16]
[2026-05-28 19:12:49]     Test:  8 | counts=[4, 4]
[2026-05-28 19:12:49]     Model: SignalJEPA_PreLocal | Pretrained: from_pretrained | Strategy: new
[2026-05-28 19:12:49]     Normalization: none | fit_scope=none
[2026-05-28 19:12:49]     Phase 1 (new): 2,170/16,010 params
[2026-05-28 19:12:49]     Result | best_epoch=28 | stop=38 | final_phase_epochs=38 | acc=0.5000 | bal_acc=0.5000 | pred_hist=[4, 4] | collapse=False
[2026-05-28 19:12:49]     spatial_conv=[4, 29] top_abs_channels=[('Pz', 0.15292579), ('O2', 0.14369868), ('T3', 0.12526867), ('T4', 0.1247679), ('O1', 0.1245814), ('CP3', 0.12280561), ('C3', 0.11957449), ('CP4', 0.11505867)]
[2026-05-28 19:12:49]     spatial_update=delta_l2=0.07945514 max_abs=0.01112404 relative=0.06657438 changed=True
[2026-05-28 19:12:49]   Subject 8: acc=0.5750±0.1000  bal_acc=0.5750±0.1000
[2026-05-28 19:12:49] \nSubject 9: 40 windows | class_counts=[20, 20]

[2026-05-28 19:12:50] Fold 1/5 | subject=9
[2026-05-28 19:12:50]     Train: 32 | counts=[16, 16]
[2026-05-28 19:12:50]     Test:  8 | counts=[4, 4]
[2026-05-28 19:12:50]     Model: SignalJEPA_PreLocal | Pretrained: from_pretrained | Strategy: new
[2026-05-28 19:12:50]     Normalization: none | fit_scope=none
[2026-05-28 19:12:50]     Phase 1 (new): 2,170/16,010 params
[2026-05-28 19:12:51]     Result | best_epoch=25 | stop=35 | final_phase_epochs=35 | acc=0.6250 | bal_acc=0.6250 | pred_hist=[1, 7] | collapse=False
[2026-05-28 19:12:51]     spatial_conv=[4, 29] top_abs_channels=[('Pz', 0.15250182), ('O2', 0.14705111), ('T3', 0.12276251), ('T4', 0.12190729), ('O1', 0.12116278), ('CP3', 0.12091069), ('C3', 0.11540917), ('CP4', 0.11397911)]
[2026-05-28 19:12:51]     spatial_update=delta_l2=0.06356475 max_abs=0.00976897 relative=0.05326004 changed=True

[2026-05-28 19:12:51] Fold 2/5 | subject=9
[2026-05-28 19:12:51]     Train: 32 | counts=[16, 16]
[2026-05-28 19:12:51]     Test:  8 | counts=[4, 4]
[2026-05-28 19:12:51]     Model: SignalJEPA_PreLocal | Pretrained: from_pretrained | Strategy: new
[2026-05-28 19:12:51]     Normalization: none | fit_scope=none
[2026-05-28 19:12:51]     Phase 1 (new): 2,170/16,010 params
[2026-05-28 19:12:52]     Result | best_epoch=22 | stop=32 | final_phase_epochs=32 | acc=0.3750 | bal_acc=0.3750 | pred_hist=[1, 7] | collapse=False
[2026-05-28 19:12:52]     spatial_conv=[4, 29] top_abs_channels=[('Pz', 0.15095347), ('O2', 0.14682172), ('T3', 0.12645695), ('CP3', 0.12272473), ('O1', 0.12034506), ('T4', 0.11967768), ('C3', 0.11680472), ('CP4', 0.10942928)]
[2026-05-28 19:12:52]     spatial_update=delta_l2=0.05808367 max_abs=0.00845787 relative=0.04866752 changed=True

[2026-05-28 19:12:52] Fold 3/5 | subject=9
[2026-05-28 19:12:52]     Train: 32 | counts=[16, 16]
[2026-05-28 19:12:52]     Test:  8 | counts=[4, 4]
[2026-05-28 19:12:52]     Model: SignalJEPA_PreLocal | Pretrained: from_pretrained | Strategy: new
[2026-05-28 19:12:52]     Normalization: none | fit_scope=none
[2026-05-28 19:12:52]     Phase 1 (new): 2,170/16,010 params
[2026-05-28 19:12:53]     Result | best_epoch=27 | stop=37 | final_phase_epochs=37 | acc=0.3750 | bal_acc=0.3750 | pred_hist=[1, 7] | collapse=False
[2026-05-28 19:12:53]     spatial_conv=[4, 29] top_abs_channels=[('Pz', 0.15063235), ('O2', 0.1475122), ('T3', 0.12682384), ('T4', 0.1216574), ('CP3', 0.11883022), ('O1', 0.11818983), ('C3', 0.11307855), ('CP4', 0.11009771)]
[2026-05-28 19:12:53]     spatial_update=delta_l2=0.07426247 max_abs=0.01064509 relative=0.06222351 changed=True

[2026-05-28 19:12:53] Fold 4/5 | subject=9
[2026-05-28 19:12:53]     Train: 32 | counts=[16, 16]
[2026-05-28 19:12:53]     Test:  8 | counts=[4, 4]
[2026-05-28 19:12:53]     Model: SignalJEPA_PreLocal | Pretrained: from_pretrained | Strategy: new
[2026-05-28 19:12:53]     Normalization: none | fit_scope=none
[2026-05-28 19:12:53]     Phase 1 (new): 2,170/16,010 params
[2026-05-28 19:12:54]     Result | best_epoch=19 | stop=29 | final_phase_epochs=29 | acc=0.5000 | bal_acc=0.5000 | pred_hist=[0, 8] | collapse=True
[2026-05-28 19:12:54]     spatial_conv=[4, 29] top_abs_channels=[('Pz', 0.15502715), ('O2', 0.14367588), ('T3', 0.1260303), ('T4', 0.12275106), ('CP3', 0.12249666), ('O1', 0.12209707), ('C3', 0.11686641), ('CP4', 0.11287516)]
[2026-05-28 19:12:54]     spatial_update=delta_l2=0.04735417 max_abs=0.00726756 relative=0.03967741 changed=True

[2026-05-28 19:12:54] Fold 5/5 | subject=9
[2026-05-28 19:12:54]     Train: 32 | counts=[16, 16]
[2026-05-28 19:12:54]     Test:  8 | counts=[4, 4]
[2026-05-28 19:12:54]     Model: SignalJEPA_PreLocal | Pretrained: from_pretrained | Strategy: new
[2026-05-28 19:12:54]     Normalization: none | fit_scope=none
[2026-05-28 19:12:54]     Phase 1 (new): 2,170/16,010 params
[2026-05-28 19:12:55]     Result | best_epoch=28 | stop=38 | final_phase_epochs=38 | acc=0.3750 | bal_acc=0.3750 | pred_hist=[1, 7] | collapse=False
[2026-05-28 19:12:55]     spatial_conv=[4, 29] top_abs_channels=[('Pz', 0.15505239), ('O2', 0.14427549), ('T3', 0.12411159), ('O1', 0.12160449), ('T4', 0.12143949), ('CP3', 0.12099866), ('C3', 0.11806057), ('CP4', 0.11040356)]
[2026-05-28 19:12:55]     spatial_update=delta_l2=0.07173244 max_abs=0.01069950 relative=0.06010364 changed=True
[2026-05-28 19:12:55]   Subject 9: acc=0.4500±0.1000  bal_acc=0.4500±0.1000
[2026-05-28 19:12:55] \nSubject 10: 40 windows | class_counts=[20, 20]

[2026-05-28 19:12:56] Fold 1/5 | subject=10
[2026-05-28 19:12:56]     Train: 32 | counts=[16, 16]
[2026-05-28 19:12:56]     Test:  8 | counts=[4, 4]
[2026-05-28 19:12:56]     Model: SignalJEPA_PreLocal | Pretrained: from_pretrained | Strategy: new
[2026-05-28 19:12:56]     Normalization: none | fit_scope=none
[2026-05-28 19:12:56]     Phase 1 (new): 2,170/16,010 params
[2026-05-28 19:12:56]     Result | best_epoch=19 | stop=29 | final_phase_epochs=29 | acc=0.5000 | bal_acc=0.5000 | pred_hist=[0, 8] | collapse=True
[2026-05-28 19:12:56]     spatial_conv=[4, 29] top_abs_channels=[('Pz', 0.15271258), ('O2', 0.14291447), ('T3', 0.12700026), ('O1', 0.1224251), ('CP3', 0.1212126), ('T4', 0.12070946), ('C3', 0.1164408), ('CP4', 0.11421055)]
[2026-05-28 19:12:56]     spatial_update=delta_l2=0.04683597 max_abs=0.00734990 relative=0.03924322 changed=True

[2026-05-28 19:12:57] Fold 2/5 | subject=10
[2026-05-28 19:12:57]     Train: 32 | counts=[16, 16]
[2026-05-28 19:12:57]     Test:  8 | counts=[4, 4]
[2026-05-28 19:12:57]     Model: SignalJEPA_PreLocal | Pretrained: from_pretrained | Strategy: new
[2026-05-28 19:12:57]     Normalization: none | fit_scope=none
[2026-05-28 19:12:57]     Phase 1 (new): 2,170/16,010 params
[2026-05-28 19:12:57]     Result | best_epoch=27 | stop=37 | final_phase_epochs=37 | acc=0.7500 | bal_acc=0.7500 | pred_hist=[2, 6] | collapse=False
[2026-05-28 19:12:57]     spatial_conv=[4, 29] top_abs_channels=[('Pz', 0.14921054), ('O2', 0.14215851), ('T3', 0.1277876), ('CP3', 0.12330895), ('T4', 0.12211062), ('O1', 0.12146911), ('C3', 0.11755786), ('CP4', 0.11463454)]
[2026-05-28 19:12:57]     spatial_update=delta_l2=0.05330033 max_abs=0.01069962 relative=0.04465962 changed=True

[2026-05-28 19:12:58] Fold 3/5 | subject=10
[2026-05-28 19:12:58]     Train: 32 | counts=[16, 16]
[2026-05-28 19:12:58]     Test:  8 | counts=[4, 4]
[2026-05-28 19:12:58]     Model: SignalJEPA_PreLocal | Pretrained: from_pretrained | Strategy: new
[2026-05-28 19:12:58]     Normalization: none | fit_scope=none
[2026-05-28 19:12:58]     Phase 1 (new): 2,170/16,010 params
[2026-05-28 19:12:58]     Result | best_epoch=27 | stop=37 | final_phase_epochs=37 | acc=0.5000 | bal_acc=0.5000 | pred_hist=[2, 6] | collapse=False
[2026-05-28 19:12:58]     spatial_conv=[4, 29] top_abs_channels=[('Pz', 0.15175082), ('O2', 0.14335039), ('T3', 0.12662834), ('CP3', 0.12612161), ('O1', 0.12232612), ('T4', 0.12180233), ('P3', 0.11209886), ('C3', 0.11151681)]
[2026-05-28 19:12:58]     spatial_update=delta_l2=0.05561800 max_abs=0.01017682 relative=0.04660157 changed=True

[2026-05-28 19:12:59] Fold 4/5 | subject=10
[2026-05-28 19:12:59]     Train: 32 | counts=[16, 16]
[2026-05-28 19:12:59]     Test:  8 | counts=[4, 4]
[2026-05-28 19:12:59]     Model: SignalJEPA_PreLocal | Pretrained: from_pretrained | Strategy: new
[2026-05-28 19:12:59]     Normalization: none | fit_scope=none
[2026-05-28 19:12:59]     Phase 1 (new): 2,170/16,010 params
[2026-05-28 19:13:00]     Result | best_epoch=34 | stop=44 | final_phase_epochs=44 | acc=0.5000 | bal_acc=0.5000 | pred_hist=[2, 6] | collapse=False
[2026-05-28 19:13:00]     spatial_conv=[4, 29] top_abs_channels=[('Pz', 0.15288013), ('O2', 0.1433827), ('T3', 0.12740012), ('CP3', 0.12255964), ('T4', 0.12211188), ('O1', 0.12170988), ('CP4', 0.11620345), ('C3', 0.11284934)]
[2026-05-28 19:13:00]     spatial_update=delta_l2=0.06830304 max_abs=0.01200096 relative=0.05723018 changed=True

[2026-05-28 19:13:00] Fold 5/5 | subject=10
[2026-05-28 19:13:00]     Train: 32 | counts=[16, 16]
[2026-05-28 19:13:00]     Test:  8 | counts=[4, 4]
[2026-05-28 19:13:00]     Model: SignalJEPA_PreLocal | Pretrained: from_pretrained | Strategy: new
[2026-05-28 19:13:00]     Normalization: none | fit_scope=none
[2026-05-28 19:13:00]     Phase 1 (new): 2,170/16,010 params
[2026-05-28 19:13:01]     Result | best_epoch=28 | stop=38 | final_phase_epochs=38 | acc=0.3750 | bal_acc=0.3750 | pred_hist=[1, 7] | collapse=False
[2026-05-28 19:13:01]     spatial_conv=[4, 29] top_abs_channels=[('Pz', 0.14714505), ('O2', 0.14674366), ('T3', 0.1279418), ('CP3', 0.12439355), ('T4', 0.12149041), ('O1', 0.11890305), ('C3', 0.11848263), ('CP4', 0.11453971)]
[2026-05-28 19:13:01]     spatial_update=delta_l2=0.06756755 max_abs=0.01105931 relative=0.05661393 changed=True
[2026-05-28 19:13:01]   Subject 10: acc=0.5250±0.1225  bal_acc=0.5250±0.1225
[2026-05-28 19:13:01] \nSubject 11: 40 windows | class_counts=[20, 20]

[2026-05-28 19:13:01] Fold 1/5 | subject=11
[2026-05-28 19:13:01]     Train: 32 | counts=[16, 16]
[2026-05-28 19:13:01]     Test:  8 | counts=[4, 4]
[2026-05-28 19:13:01]     Model: SignalJEPA_PreLocal | Pretrained: from_pretrained | Strategy: new
[2026-05-28 19:13:01]     Normalization: none | fit_scope=none
[2026-05-28 19:13:01]     Phase 1 (new): 2,170/16,010 params
[2026-05-28 19:13:02]     Result | best_epoch=1 | stop=11 | final_phase_epochs=11 | acc=0.5000 | bal_acc=0.5000 | pred_hist=[0, 8] | collapse=True
[2026-05-28 19:13:02]     spatial_conv=[4, 29] top_abs_channels=[('Pz', 0.15283903), ('O2', 0.14434138), ('T3', 0.12693478), ('T4', 0.12188759), ('O1', 0.12186213), ('CP3', 0.12152439), ('C3', 0.1152309), ('CP4', 0.11073314)]
[2026-05-28 19:13:02]     spatial_update=delta_l2=0.00430798 max_abs=0.00040000 relative=0.00360960 changed=True

[2026-05-28 19:13:02] Fold 2/5 | subject=11
[2026-05-28 19:13:02]     Train: 32 | counts=[16, 16]
[2026-05-28 19:13:02]     Test:  8 | counts=[4, 4]
[2026-05-28 19:13:02]     Model: SignalJEPA_PreLocal | Pretrained: from_pretrained | Strategy: new
[2026-05-28 19:13:02]     Normalization: none | fit_scope=none
[2026-05-28 19:13:02]     Phase 1 (new): 2,170/16,010 params
[2026-05-28 19:13:03]     Result | best_epoch=13 | stop=23 | final_phase_epochs=23 | acc=0.5000 | bal_acc=0.5000 | pred_hist=[0, 8] | collapse=True
[2026-05-28 19:13:03]     spatial_conv=[4, 29] top_abs_channels=[('Pz', 0.15364344), ('O2', 0.14303748), ('T3', 0.12918179), ('T4', 0.12232773), ('O1', 0.12184357), ('CP3', 0.12157262), ('C3', 0.11616679), ('CP4', 0.10998434)]
[2026-05-28 19:13:03]     spatial_update=delta_l2=0.03577468 max_abs=0.00505039 relative=0.02997512 changed=True

[2026-05-28 19:13:03] Fold 3/5 | subject=11
[2026-05-28 19:13:03]     Train: 32 | counts=[16, 16]
[2026-05-28 19:13:03]     Test:  8 | counts=[4, 4]
[2026-05-28 19:13:03]     Model: SignalJEPA_PreLocal | Pretrained: from_pretrained | Strategy: new
[2026-05-28 19:13:03]     Normalization: none | fit_scope=none
[2026-05-28 19:13:03]     Phase 1 (new): 2,170/16,010 params
[2026-05-28 19:13:04]     Result | best_epoch=11 | stop=21 | final_phase_epochs=21 | acc=0.5000 | bal_acc=0.5000 | pred_hist=[0, 8] | collapse=True
[2026-05-28 19:13:04]     spatial_conv=[4, 29] top_abs_channels=[('Pz', 0.15336287), ('O2', 0.14335784), ('T3', 0.12936716), ('CP3', 0.12431967), ('T4', 0.12228933), ('O1', 0.12196936), ('C3', 0.11624894), ('CP4', 0.11037362)]
[2026-05-28 19:13:04]     spatial_update=delta_l2=0.03035277 max_abs=0.00423875 relative=0.02543218 changed=True

[2026-05-28 19:13:04] Fold 4/5 | subject=11
[2026-05-28 19:13:04]     Train: 32 | counts=[16, 16]
[2026-05-28 19:13:04]     Test:  8 | counts=[4, 4]
[2026-05-28 19:13:04]     Model: SignalJEPA_PreLocal | Pretrained: from_pretrained | Strategy: new
[2026-05-28 19:13:04]     Normalization: none | fit_scope=none
[2026-05-28 19:13:04]     Phase 1 (new): 2,170/16,010 params
[2026-05-28 19:13:05]     Result | best_epoch=11 | stop=21 | final_phase_epochs=21 | acc=0.5000 | bal_acc=0.5000 | pred_hist=[0, 8] | collapse=True
[2026-05-28 19:13:05]     spatial_conv=[4, 29] top_abs_channels=[('Pz', 0.15256797), ('O2', 0.14277375), ('T3', 0.13002591), ('CP3', 0.12444925), ('O1', 0.122834), ('T4', 0.12223791), ('C3', 0.11336112), ('CP4', 0.10992153)]
[2026-05-28 19:13:05]     spatial_update=delta_l2=0.02866860 max_abs=0.00430933 relative=0.02402103 changed=True

[2026-05-28 19:13:05] Fold 5/5 | subject=11
[2026-05-28 19:13:05]     Train: 32 | counts=[16, 16]
[2026-05-28 19:13:05]     Test:  8 | counts=[4, 4]
[2026-05-28 19:13:05]     Model: SignalJEPA_PreLocal | Pretrained: from_pretrained | Strategy: new
[2026-05-28 19:13:05]     Normalization: none | fit_scope=none
[2026-05-28 19:13:05]     Phase 1 (new): 2,170/16,010 params
[2026-05-28 19:13:05]     Result | best_epoch=4 | stop=14 | final_phase_epochs=14 | acc=0.5000 | bal_acc=0.5000 | pred_hist=[0, 8] | collapse=True
[2026-05-28 19:13:05]     spatial_conv=[4, 29] top_abs_channels=[('Pz', 0.15279244), ('O2', 0.14358689), ('T3', 0.12767535), ('O1', 0.12228719), ('CP3', 0.12227234), ('T4', 0.12215875), ('C3', 0.11437789), ('CP4', 0.11026759)]
[2026-05-28 19:13:05]     spatial_update=delta_l2=0.01187024 max_abs=0.00158469 relative=0.00994591 changed=True
[2026-05-28 19:13:05]   Subject 11: acc=0.5000±0.0000  bal_acc=0.5000±0.0000
[2026-05-28 19:13:05] \nSubject 12: 40 windows | class_counts=[20, 20]

[2026-05-28 19:13:06] Fold 1/5 | subject=12
[2026-05-28 19:13:06]     Train: 32 | counts=[16, 16]
[2026-05-28 19:13:06]     Test:  8 | counts=[4, 4]
[2026-05-28 19:13:06]     Model: SignalJEPA_PreLocal | Pretrained: from_pretrained | Strategy: new
[2026-05-28 19:13:06]     Normalization: none | fit_scope=none
[2026-05-28 19:13:06]     Phase 1 (new): 2,170/16,010 params
[2026-05-28 19:13:06]     Result | best_epoch=1 | stop=11 | final_phase_epochs=11 | acc=0.5000 | bal_acc=0.5000 | pred_hist=[0, 8] | collapse=True
[2026-05-28 19:13:06]     spatial_conv=[4, 29] top_abs_channels=[('Pz', 0.15303901), ('O2', 0.14434138), ('T3', 0.12673476), ('T4', 0.12208759), ('O1', 0.12166214), ('CP3', 0.12152369), ('C3', 0.1154309), ('CP4', 0.11093312)]
[2026-05-28 19:13:06]     spatial_update=delta_l2=0.00430772 max_abs=0.00040001 relative=0.00360938 changed=True

[2026-05-28 19:13:07] Fold 2/5 | subject=12
[2026-05-28 19:13:07]     Train: 32 | counts=[16, 16]
[2026-05-28 19:13:07]     Test:  8 | counts=[4, 4]
[2026-05-28 19:13:07]     Model: SignalJEPA_PreLocal | Pretrained: from_pretrained | Strategy: new
[2026-05-28 19:13:07]     Normalization: none | fit_scope=none
[2026-05-28 19:13:07]     Phase 1 (new): 2,170/16,010 params
[2026-05-28 19:13:07]     Result | best_epoch=1 | stop=11 | final_phase_epochs=11 | acc=0.5000 | bal_acc=0.5000 | pred_hist=[0, 8] | collapse=True
[2026-05-28 19:13:07]     spatial_conv=[4, 29] top_abs_channels=[('Pz', 0.15323901), ('O2', 0.14414138), ('T3', 0.12633479), ('T4', 0.1222875), ('O1', 0.12166212), ('CP3', 0.12152438), ('C3', 0.11523091), ('CP4', 0.11113312)]
[2026-05-28 19:13:07]     spatial_update=delta_l2=0.00430795 max_abs=0.00040000 relative=0.00360957 changed=True

[2026-05-28 19:13:07] Fold 3/5 | subject=12
[2026-05-28 19:13:07]     Train: 32 | counts=[16, 16]
[2026-05-28 19:13:07]     Test:  8 | counts=[4, 4]
[2026-05-28 19:13:07]     Model: SignalJEPA_PreLocal | Pretrained: from_pretrained | Strategy: new
[2026-05-28 19:13:07]     Normalization: none | fit_scope=none
[2026-05-28 19:13:07]     Phase 1 (new): 2,170/16,010 params
[2026-05-28 19:13:08]     Result | best_epoch=27 | stop=27 | final_phase_epochs=27 | acc=0.5000 | bal_acc=0.5000 | pred_hist=[2, 6] | collapse=False
[2026-05-28 19:13:08]     spatial_conv=[4, 29] top_abs_channels=[('Pz', 0.15599474), ('O2', 0.14269266), ('CP3', 0.12476671), ('T3', 0.12456868), ('T4', 0.12334947), ('O1', 0.12001202), ('C3', 0.11281026), ('CP4', 0.10786324)]
[2026-05-28 19:13:08]     spatial_update=delta_l2=0.04319959 max_abs=0.00624748 relative=0.03619635 changed=True

[2026-05-28 19:13:08] Fold 4/5 | subject=12
[2026-05-28 19:13:08]     Train: 32 | counts=[16, 16]
[2026-05-28 19:13:08]     Test:  8 | counts=[4, 4]
[2026-05-28 19:13:08]     Model: SignalJEPA_PreLocal | Pretrained: from_pretrained | Strategy: new
[2026-05-28 19:13:08]     Normalization: none | fit_scope=none
[2026-05-28 19:13:08]     Phase 1 (new): 2,170/16,010 params
[2026-05-28 19:13:08]     Result | best_epoch=2 | stop=12 | final_phase_epochs=12 | acc=0.5000 | bal_acc=0.5000 | pred_hist=[0, 8] | collapse=True
[2026-05-28 19:13:08]     spatial_conv=[4, 29] top_abs_channels=[('Pz', 0.15323041), ('O2', 0.14377834), ('T3', 0.12649292), ('T4', 0.12238725), ('O1', 0.1222121), ('CP3', 0.1215944), ('C3', 0.11554037), ('CP4', 0.11068883)]
[2026-05-28 19:13:08]     spatial_update=delta_l2=0.00733231 max_abs=0.00080054 relative=0.00614364 changed=True

[2026-05-28 19:13:09] Fold 5/5 | subject=12
[2026-05-28 19:13:09]     Train: 32 | counts=[16, 16]
[2026-05-28 19:13:09]     Test:  8 | counts=[4, 4]
[2026-05-28 19:13:09]     Model: SignalJEPA_PreLocal | Pretrained: from_pretrained | Strategy: new
[2026-05-28 19:13:09]     Normalization: none | fit_scope=none
[2026-05-28 19:13:09]     Phase 1 (new): 2,170/16,010 params
[2026-05-28 19:13:10]     Result | best_epoch=37 | stop=47 | final_phase_epochs=47 | acc=0.3750 | bal_acc=0.3750 | pred_hist=[7, 1] | collapse=False
[2026-05-28 19:13:10]     spatial_conv=[4, 29] top_abs_channels=[('Pz', 0.15548179), ('O2', 0.14019945), ('CP3', 0.12955059), ('O1', 0.12255116), ('T4', 0.12065794), ('T3', 0.12008034), ('C3', 0.11699884), ('CP4', 0.10904093)]
[2026-05-28 19:13:10]     spatial_update=delta_l2=0.08192353 max_abs=0.01478234 relative=0.06864262 changed=True
[2026-05-28 19:13:10]   Subject 12: acc=0.4750±0.0500  bal_acc=0.4750±0.0500
[2026-05-28 19:13:10] \nSubject 13: 40 windows | class_counts=[20, 20]

[2026-05-28 19:13:10] Fold 1/5 | subject=13
[2026-05-28 19:13:10]     Train: 32 | counts=[16, 16]
[2026-05-28 19:13:10]     Test:  8 | counts=[4, 4]
[2026-05-28 19:13:10]     Model: SignalJEPA_PreLocal | Pretrained: from_pretrained | Strategy: new
[2026-05-28 19:13:10]     Normalization: none | fit_scope=none
[2026-05-28 19:13:10]     Phase 1 (new): 2,170/16,010 params
[2026-05-28 19:13:10]     Result | best_epoch=3 | stop=13 | final_phase_epochs=13 | acc=0.6250 | bal_acc=0.6250 | pred_hist=[1, 7] | collapse=False
[2026-05-28 19:13:10]     spatial_conv=[4, 29] top_abs_channels=[('Pz', 0.15335982), ('O2', 0.1436234), ('T3', 0.12618536), ('O1', 0.12276314), ('T4', 0.12232926), ('CP3', 0.1209958), ('C3', 0.11529967), ('CP4', 0.11112227)]
[2026-05-28 19:13:10]     spatial_update=delta_l2=0.01016744 max_abs=0.00119959 relative=0.00851916 changed=True

[2026-05-28 19:13:11] Fold 2/5 | subject=13
[2026-05-28 19:13:11]     Train: 32 | counts=[16, 16]
[2026-05-28 19:13:11]     Test:  8 | counts=[4, 4]
[2026-05-28 19:13:11]     Model: SignalJEPA_PreLocal | Pretrained: from_pretrained | Strategy: new
[2026-05-28 19:13:11]     Normalization: none | fit_scope=none
[2026-05-28 19:13:11]     Phase 1 (new): 2,170/16,010 params
[2026-05-28 19:13:11]     Result | best_epoch=6 | stop=16 | final_phase_epochs=16 | acc=0.5000 | bal_acc=0.5000 | pred_hist=[0, 8] | collapse=True
[2026-05-28 19:13:11]     spatial_conv=[4, 29] top_abs_channels=[('Pz', 0.15398034), ('O2', 0.1430158), ('T3', 0.12646286), ('O1', 0.12325242), ('T4', 0.12236047), ('CP3', 0.1202975), ('C3', 0.11567518), ('CP4', 0.1116063)]
[2026-05-28 19:13:11]     spatial_update=delta_l2=0.01973893 max_abs=0.00238205 relative=0.01653898 changed=True

[2026-05-28 19:13:12] Fold 3/5 | subject=13
[2026-05-28 19:13:12]     Train: 32 | counts=[16, 16]
[2026-05-28 19:13:12]     Test:  8 | counts=[4, 4]
[2026-05-28 19:13:12]     Model: SignalJEPA_PreLocal | Pretrained: from_pretrained | Strategy: new
[2026-05-28 19:13:12]     Normalization: none | fit_scope=none
[2026-05-28 19:13:12]     Phase 1 (new): 2,170/16,010 params
[2026-05-28 19:13:12]     Result | best_epoch=38 | stop=48 | final_phase_epochs=48 | acc=0.8750 | bal_acc=0.8750 | pred_hist=[5, 3] | collapse=False
[2026-05-28 19:13:12]     spatial_conv=[4, 29] top_abs_channels=[('Pz', 0.15972969), ('O2', 0.14104171), ('O1', 0.12906404), ('T4', 0.12358192), ('T3', 0.11909132), ('CP3', 0.11527), ('P4', 0.11360604), ('C3', 0.11266082)]
[2026-05-28 19:13:12]     spatial_update=delta_l2=0.10258905 max_abs=0.01614323 relative=0.08595797 changed=True

[2026-05-28 19:13:13] Fold 4/5 | subject=13
[2026-05-28 19:13:13]     Train: 32 | counts=[16, 16]
[2026-05-28 19:13:13]     Test:  8 | counts=[4, 4]
[2026-05-28 19:13:13]     Model: SignalJEPA_PreLocal | Pretrained: from_pretrained | Strategy: new
[2026-05-28 19:13:13]     Normalization: none | fit_scope=none
[2026-05-28 19:13:13]     Phase 1 (new): 2,170/16,010 params
[2026-05-28 19:13:13]     Result | best_epoch=3 | stop=13 | final_phase_epochs=13 | acc=0.5000 | bal_acc=0.5000 | pred_hist=[0, 8] | collapse=True
[2026-05-28 19:13:13]     spatial_conv=[4, 29] top_abs_channels=[('Pz', 0.15251249), ('O2', 0.14404775), ('T3', 0.12654176), ('O1', 0.12260398), ('T4', 0.12201998), ('CP3', 0.12054428), ('C3', 0.11510038), ('CP4', 0.11116719)]
[2026-05-28 19:13:13]     spatial_update=delta_l2=0.00995614 max_abs=0.00119970 relative=0.00834211 changed=True

[2026-05-28 19:13:14] Fold 5/5 | subject=13
[2026-05-28 19:13:14]     Train: 32 | counts=[16, 16]
[2026-05-28 19:13:14]     Test:  8 | counts=[4, 4]
[2026-05-28 19:13:14]     Model: SignalJEPA_PreLocal | Pretrained: from_pretrained | Strategy: new
[2026-05-28 19:13:14]     Normalization: none | fit_scope=none
[2026-05-28 19:13:14]     Phase 1 (new): 2,170/16,010 params
[2026-05-28 19:13:14]     Result | best_epoch=3 | stop=13 | final_phase_epochs=13 | acc=0.5000 | bal_acc=0.5000 | pred_hist=[0, 8] | collapse=True
[2026-05-28 19:13:14]     spatial_conv=[4, 29] top_abs_channels=[('Pz', 0.15357941), ('O2', 0.14396206), ('T3', 0.1264371), ('O1', 0.12243623), ('T4', 0.122097), ('CP3', 0.12102973), ('C3', 0.11566497), ('CP4', 0.11154517)]
[2026-05-28 19:13:14]     spatial_update=delta_l2=0.01088575 max_abs=0.00120141 relative=0.00912102 changed=True
[2026-05-28 19:13:14]   Subject 13: acc=0.6000±0.1458  bal_acc=0.6000±0.1458
[2026-05-28 19:13:14] \nSubject 14: 40 windows | class_counts=[20, 20]

[2026-05-28 19:13:14] Fold 1/5 | subject=14
[2026-05-28 19:13:14]     Train: 32 | counts=[16, 16]
[2026-05-28 19:13:14]     Test:  8 | counts=[4, 4]
[2026-05-28 19:13:14]     Model: SignalJEPA_PreLocal | Pretrained: from_pretrained | Strategy: new
[2026-05-28 19:13:14]     Normalization: none | fit_scope=none
[2026-05-28 19:13:14]     Phase 1 (new): 2,170/16,010 params
[2026-05-28 19:13:15]     Result | best_epoch=4 | stop=14 | final_phase_epochs=14 | acc=0.6250 | bal_acc=0.6250 | pred_hist=[1, 7] | collapse=False
[2026-05-28 19:13:15]     spatial_conv=[4, 29] top_abs_channels=[('Pz', 0.15187077), ('O2', 0.14435433), ('T3', 0.12548777), ('T4', 0.1222147), ('O1', 0.12219643), ('CP3', 0.12211042), ('C3', 0.11541173), ('CP4', 0.11090101)]
[2026-05-28 19:13:15]     spatial_update=delta_l2=0.01315217 max_abs=0.00159618 relative=0.01102003 changed=True

[2026-05-28 19:13:15] Fold 2/5 | subject=14
[2026-05-28 19:13:15]     Train: 32 | counts=[16, 16]
[2026-05-28 19:13:15]     Test:  8 | counts=[4, 4]
[2026-05-28 19:13:15]     Model: SignalJEPA_PreLocal | Pretrained: from_pretrained | Strategy: new
[2026-05-28 19:13:15]     Normalization: none | fit_scope=none
[2026-05-28 19:13:15]     Phase 1 (new): 2,170/16,010 params
[2026-05-28 19:13:16]     Result | best_epoch=5 | stop=15 | final_phase_epochs=15 | acc=0.5000 | bal_acc=0.5000 | pred_hist=[0, 8] | collapse=True
[2026-05-28 19:13:16]     spatial_conv=[4, 29] top_abs_channels=[('Pz', 0.15173948), ('O2', 0.14450082), ('T3', 0.12701264), ('O1', 0.12261856), ('T4', 0.1218603), ('CP3', 0.12157273), ('C3', 0.11533673), ('CP4', 0.11078161)]
[2026-05-28 19:13:16]     spatial_update=delta_l2=0.01485459 max_abs=0.00197667 relative=0.01244646 changed=True

[2026-05-28 19:13:16] Fold 3/5 | subject=14
[2026-05-28 19:13:16]     Train: 32 | counts=[16, 16]
[2026-05-28 19:13:16]     Test:  8 | counts=[4, 4]
[2026-05-28 19:13:16]     Model: SignalJEPA_PreLocal | Pretrained: from_pretrained | Strategy: new
[2026-05-28 19:13:16]     Normalization: none | fit_scope=none
[2026-05-28 19:13:16]     Phase 1 (new): 2,170/16,010 params
[2026-05-28 19:13:17]     Result | best_epoch=23 | stop=33 | final_phase_epochs=33 | acc=0.3750 | bal_acc=0.3750 | pred_hist=[3, 5] | collapse=False
[2026-05-28 19:13:17]     spatial_conv=[4, 29] top_abs_channels=[('Pz', 0.14905824), ('O2', 0.144108), ('T3', 0.12498627), ('O1', 0.12246878), ('CP3', 0.12207639), ('T4', 0.12070017), ('C3', 0.11650461), ('Fp1', 0.11178163)]
[2026-05-28 19:13:17]     spatial_update=delta_l2=0.05957845 max_abs=0.00905831 relative=0.04991998 changed=True

[2026-05-28 19:13:17] Fold 4/5 | subject=14
[2026-05-28 19:13:17]     Train: 32 | counts=[16, 16]
[2026-05-28 19:13:17]     Test:  8 | counts=[4, 4]
[2026-05-28 19:13:17]     Model: SignalJEPA_PreLocal | Pretrained: from_pretrained | Strategy: new
[2026-05-28 19:13:17]     Normalization: none | fit_scope=none
[2026-05-28 19:13:17]     Phase 1 (new): 2,170/16,010 params
[2026-05-28 19:13:17]     Result | best_epoch=5 | stop=15 | final_phase_epochs=15 | acc=0.5000 | bal_acc=0.5000 | pred_hist=[0, 8] | collapse=True
[2026-05-28 19:13:17]     spatial_conv=[4, 29] top_abs_channels=[('Pz', 0.15255484), ('O2', 0.14359939), ('T3', 0.12531461), ('O1', 0.12286566), ('CP3', 0.12172417), ('T4', 0.12145209), ('C3', 0.11518299), ('Fp1', 0.1105506)]
[2026-05-28 19:13:17]     spatial_update=delta_l2=0.01547777 max_abs=0.00198336 relative=0.01296861 changed=True

[2026-05-28 19:13:18] Fold 5/5 | subject=14
[2026-05-28 19:13:18]     Train: 32 | counts=[16, 16]
[2026-05-28 19:13:18]     Test:  8 | counts=[4, 4]
[2026-05-28 19:13:18]     Model: SignalJEPA_PreLocal | Pretrained: from_pretrained | Strategy: new
[2026-05-28 19:13:18]     Normalization: none | fit_scope=none
[2026-05-28 19:13:18]     Phase 1 (new): 2,170/16,010 params
[2026-05-28 19:13:18]     Result | best_epoch=2 | stop=12 | final_phase_epochs=12 | acc=0.5000 | bal_acc=0.5000 | pred_hist=[0, 8] | collapse=True
[2026-05-28 19:13:18]     spatial_conv=[4, 29] top_abs_channels=[('Pz', 0.1536134), ('O2', 0.14348033), ('T3', 0.12690905), ('O1', 0.12255677), ('T4', 0.12171828), ('CP3', 0.12077496), ('C3', 0.11522965), ('CP4', 0.11086195)]
[2026-05-28 19:13:18]     spatial_update=delta_l2=0.00722093 max_abs=0.00080052 relative=0.00605032 changed=True
[2026-05-28 19:13:18]   Subject 14: acc=0.5000±0.0791  bal_acc=0.5000±0.0791
[2026-05-28 19:13:18] \nSubject 15: 40 windows | class_counts=[20, 20]

[2026-05-28 19:13:19] Fold 1/5 | subject=15
[2026-05-28 19:13:19]     Train: 32 | counts=[16, 16]
[2026-05-28 19:13:19]     Test:  8 | counts=[4, 4]
[2026-05-28 19:13:19]     Model: SignalJEPA_PreLocal | Pretrained: from_pretrained | Strategy: new
[2026-05-28 19:13:19]     Normalization: none | fit_scope=none
[2026-05-28 19:13:19]     Phase 1 (new): 2,170/16,010 params
[2026-05-28 19:13:19]     Result | best_epoch=25 | stop=29 | final_phase_epochs=29 | acc=0.5000 | bal_acc=0.5000 | pred_hist=[0, 8] | collapse=True
[2026-05-28 19:13:19]     spatial_conv=[4, 29] top_abs_channels=[('Pz', 0.1547045), ('O2', 0.14352496), ('T3', 0.12685718), ('CP3', 0.12039666), ('O1', 0.12025225), ('T4', 0.11977282), ('C3', 0.11559726), ('Fz', 0.10727893)]
[2026-05-28 19:13:19]     spatial_update=delta_l2=0.04847942 max_abs=0.00745548 relative=0.04062025 changed=True

[2026-05-28 19:13:19] Fold 2/5 | subject=15
[2026-05-28 19:13:19]     Train: 32 | counts=[16, 16]
[2026-05-28 19:13:19]     Test:  8 | counts=[4, 4]
[2026-05-28 19:13:19]     Model: SignalJEPA_PreLocal | Pretrained: from_pretrained | Strategy: new
[2026-05-28 19:13:19]     Normalization: none | fit_scope=none
[2026-05-28 19:13:19]     Phase 1 (new): 2,170/16,010 params
[2026-05-28 19:13:20]     Result | best_epoch=12 | stop=22 | final_phase_epochs=22 | acc=0.5000 | bal_acc=0.5000 | pred_hist=[0, 8] | collapse=True
[2026-05-28 19:13:20]     spatial_conv=[4, 29] top_abs_channels=[('Pz', 0.15363589), ('O2', 0.143448), ('T3', 0.12676527), ('O1', 0.12082489), ('CP3', 0.120408), ('T4', 0.1199505), ('C3', 0.11701164), ('Fp1', 0.11020388)]
[2026-05-28 19:13:20]     spatial_update=delta_l2=0.03183109 max_abs=0.00471961 relative=0.02667084 changed=True

[2026-05-28 19:13:20] Fold 3/5 | subject=15
[2026-05-28 19:13:20]     Train: 32 | counts=[16, 16]
[2026-05-28 19:13:20]     Test:  8 | counts=[4, 4]
[2026-05-28 19:13:20]     Model: SignalJEPA_PreLocal | Pretrained: from_pretrained | Strategy: new
[2026-05-28 19:13:20]     Normalization: none | fit_scope=none
[2026-05-28 19:13:20]     Phase 1 (new): 2,170/16,010 params
[2026-05-28 19:13:21]     Result | best_epoch=16 | stop=18 | final_phase_epochs=18 | acc=0.5000 | bal_acc=0.5000 | pred_hist=[0, 8] | collapse=True
[2026-05-28 19:13:21]     spatial_conv=[4, 29] top_abs_channels=[('Pz', 0.15245527), ('O2', 0.14409985), ('T3', 0.12604058), ('O1', 0.12252968), ('CP3', 0.12076312), ('T4', 0.12063856), ('C3', 0.11612967), ('CP4', 0.10966095)]
[2026-05-28 19:13:21]     spatial_update=delta_l2=0.02258505 max_abs=0.00322193 relative=0.01892370 changed=True

[2026-05-28 19:13:21] Fold 4/5 | subject=15
[2026-05-28 19:13:21]     Train: 32 | counts=[16, 16]
[2026-05-28 19:13:21]     Test:  8 | counts=[4, 4]
[2026-05-28 19:13:21]     Model: SignalJEPA_PreLocal | Pretrained: from_pretrained | Strategy: new
[2026-05-28 19:13:21]     Normalization: none | fit_scope=none
[2026-05-28 19:13:21]     Phase 1 (new): 2,170/16,010 params
[2026-05-28 19:13:22]     Result | best_epoch=27 | stop=37 | final_phase_epochs=37 | acc=0.6250 | bal_acc=0.6250 | pred_hist=[1, 7] | collapse=False
[2026-05-28 19:13:22]     spatial_conv=[4, 29] top_abs_channels=[('Pz', 0.15408117), ('O2', 0.13776268), ('T3', 0.12627128), ('CP3', 0.12357519), ('T4', 0.12128268), ('C3', 0.11861678), ('O1', 0.11748955), ('CP4', 0.10928652)]
[2026-05-28 19:13:22]     spatial_update=delta_l2=0.06748722 max_abs=0.01045770 relative=0.05654663 changed=True

[2026-05-28 19:13:22] Fold 5/5 | subject=15
[2026-05-28 19:13:22]     Train: 32 | counts=[16, 16]
[2026-05-28 19:13:22]     Test:  8 | counts=[4, 4]
[2026-05-28 19:13:22]     Model: SignalJEPA_PreLocal | Pretrained: from_pretrained | Strategy: new
[2026-05-28 19:13:22]     Normalization: none | fit_scope=none
[2026-05-28 19:13:22]     Phase 1 (new): 2,170/16,010 params
[2026-05-28 19:13:23]     Result | best_epoch=11 | stop=21 | final_phase_epochs=21 | acc=0.5000 | bal_acc=0.5000 | pred_hist=[0, 8] | collapse=True
[2026-05-28 19:13:23]     spatial_conv=[4, 29] top_abs_channels=[('Pz', 0.15305145), ('O2', 0.1452435), ('T3', 0.1261508), ('T4', 0.12142876), ('CP3', 0.12068082), ('O1', 0.12000512), ('C3', 0.11553872), ('Fp1', 0.10956281)]
[2026-05-28 19:13:23]     spatial_update=delta_l2=0.03039653 max_abs=0.00430460 relative=0.02546884 changed=True
[2026-05-28 19:13:23]   Subject 15: acc=0.5250±0.0500  bal_acc=0.5250±0.0500
[2026-05-28 19:13:23] \nSubject 16: 40 windows | class_counts=[20, 20]

[2026-05-28 19:13:23] Fold 1/5 | subject=16
[2026-05-28 19:13:23]     Train: 32 | counts=[16, 16]
[2026-05-28 19:13:23]     Test:  8 | counts=[4, 4]
[2026-05-28 19:13:23]     Model: SignalJEPA_PreLocal | Pretrained: from_pretrained | Strategy: new
[2026-05-28 19:13:23]     Normalization: none | fit_scope=none
[2026-05-28 19:13:23]     Phase 1 (new): 2,170/16,010 params
[2026-05-28 19:13:24]     Result | best_epoch=9 | stop=19 | final_phase_epochs=19 | acc=0.5000 | bal_acc=0.5000 | pred_hist=[0, 8] | collapse=True
[2026-05-28 19:13:24]     spatial_conv=[4, 29] top_abs_channels=[('Pz', 0.15279306), ('O2', 0.14561158), ('T3', 0.12509854), ('T4', 0.12341517), ('CP3', 0.12144309), ('O1', 0.11976501), ('C3', 0.11568095), ('CP4', 0.11282637)]
[2026-05-28 19:13:24]     spatial_update=delta_l2=0.02244757 max_abs=0.00336134 relative=0.01880851 changed=True

[2026-05-28 19:13:24] Fold 2/5 | subject=16
[2026-05-28 19:13:24]     Train: 32 | counts=[16, 16]
[2026-05-28 19:13:24]     Test:  8 | counts=[4, 4]
[2026-05-28 19:13:24]     Model: SignalJEPA_PreLocal | Pretrained: from_pretrained | Strategy: new
[2026-05-28 19:13:24]     Normalization: none | fit_scope=none
[2026-05-28 19:13:24]     Phase 1 (new): 2,170/16,010 params
[2026-05-28 19:13:25]     Result | best_epoch=1 | stop=11 | final_phase_epochs=11 | acc=0.5000 | bal_acc=0.5000 | pred_hist=[0, 8] | collapse=True
[2026-05-28 19:13:25]     spatial_conv=[4, 29] top_abs_channels=[('Pz', 0.152839), ('O2', 0.14414138), ('T3', 0.12653477), ('T4', 0.12228759), ('O1', 0.12146214), ('CP3', 0.12112439), ('C3', 0.1152309), ('CP4', 0.11133312)]
[2026-05-28 19:13:25]     spatial_update=delta_l2=0.00430801 max_abs=0.00040001 relative=0.00360962 changed=True

[2026-05-28 19:13:25] Fold 3/5 | subject=16
[2026-05-28 19:13:25]     Train: 32 | counts=[16, 16]
[2026-05-28 19:13:25]     Test:  8 | counts=[4, 4]
[2026-05-28 19:13:25]     Model: SignalJEPA_PreLocal | Pretrained: from_pretrained | Strategy: new
[2026-05-28 19:13:25]     Normalization: none | fit_scope=none
[2026-05-28 19:13:25]     Phase 1 (new): 2,170/16,010 params
[2026-05-28 19:13:25]     Result | best_epoch=9 | stop=19 | final_phase_epochs=19 | acc=0.5000 | bal_acc=0.5000 | pred_hist=[0, 8] | collapse=True
[2026-05-28 19:13:25]     spatial_conv=[4, 29] top_abs_channels=[('Pz', 0.15326542), ('O2', 0.14317328), ('T3', 0.12508275), ('T4', 0.12267864), ('O1', 0.12088407), ('CP3', 0.12049714), ('C3', 0.1145663), ('CP4', 0.11123657)]
[2026-05-28 19:13:25]     spatial_update=delta_l2=0.02196273 max_abs=0.00344851 relative=0.01840227 changed=True

[2026-05-28 19:13:26] Fold 4/5 | subject=16
[2026-05-28 19:13:26]     Train: 32 | counts=[16, 16]
[2026-05-28 19:13:26]     Test:  8 | counts=[4, 4]
[2026-05-28 19:13:26]     Model: SignalJEPA_PreLocal | Pretrained: from_pretrained | Strategy: new
[2026-05-28 19:13:26]     Normalization: none | fit_scope=none
[2026-05-28 19:13:26]     Phase 1 (new): 2,170/16,010 params
[2026-05-28 19:13:27]     Result | best_epoch=32 | stop=42 | final_phase_epochs=42 | acc=0.5000 | bal_acc=0.5000 | pred_hist=[0, 8] | collapse=True
[2026-05-28 19:13:27]     spatial_conv=[4, 29] top_abs_channels=[('Pz', 0.14992037), ('O2', 0.14730623), ('T4', 0.12700534), ('T3', 0.12613672), ('CP4', 0.11836642), ('CP3', 0.11819439), ('C3', 0.11670784), ('O1', 0.11419177)]
[2026-05-28 19:13:27]     spatial_update=delta_l2=0.07084277 max_abs=0.01299652 relative=0.05935820 changed=True

[2026-05-28 19:13:27] Fold 5/5 | subject=16
[2026-05-28 19:13:27]     Train: 32 | counts=[16, 16]
[2026-05-28 19:13:27]     Test:  8 | counts=[4, 4]
[2026-05-28 19:13:27]     Model: SignalJEPA_PreLocal | Pretrained: from_pretrained | Strategy: new
[2026-05-28 19:13:27]     Normalization: none | fit_scope=none
[2026-05-28 19:13:27]     Phase 1 (new): 2,170/16,010 params
[2026-05-28 19:13:27]     Result | best_epoch=9 | stop=19 | final_phase_epochs=19 | acc=0.5000 | bal_acc=0.5000 | pred_hist=[0, 8] | collapse=True
[2026-05-28 19:13:27]     spatial_conv=[4, 29] top_abs_channels=[('Pz', 0.1516369), ('O2', 0.14443088), ('T3', 0.12587255), ('T4', 0.12120938), ('O1', 0.12093121), ('CP3', 0.12070349), ('C3', 0.1165802), ('CP4', 0.11266392)]
[2026-05-28 19:13:27]     spatial_update=delta_l2=0.02598675 max_abs=0.00351688 relative=0.02177394 changed=True
[2026-05-28 19:13:27]   Subject 16: acc=0.5000±0.0000  bal_acc=0.5000±0.0000
[2026-05-28 19:13:27] \nSubject 17: 40 windows | class_counts=[20, 20]

[2026-05-28 19:13:28] Fold 1/5 | subject=17
[2026-05-28 19:13:28]     Train: 32 | counts=[16, 16]
[2026-05-28 19:13:28]     Test:  8 | counts=[4, 4]
[2026-05-28 19:13:28]     Model: SignalJEPA_PreLocal | Pretrained: from_pretrained | Strategy: new
[2026-05-28 19:13:28]     Normalization: none | fit_scope=none
[2026-05-28 19:13:28]     Phase 1 (new): 2,170/16,010 params
[2026-05-28 19:13:28]     Result | best_epoch=7 | stop=17 | final_phase_epochs=17 | acc=0.6250 | bal_acc=0.6250 | pred_hist=[1, 7] | collapse=False
[2026-05-28 19:13:28]     spatial_conv=[4, 29] top_abs_channels=[('Pz', 0.15417682), ('O2', 0.14377739), ('T3', 0.12658916), ('T4', 0.12191548), ('CP3', 0.12117429), ('O1', 0.12092576), ('C3', 0.11622245), ('CP4', 0.11056513)]
[2026-05-28 19:13:28]     spatial_update=delta_l2=0.01704159 max_abs=0.00272448 relative=0.01427892 changed=True

[2026-05-28 19:13:29] Fold 2/5 | subject=17
[2026-05-28 19:13:29]     Train: 32 | counts=[16, 16]
[2026-05-28 19:13:29]     Test:  8 | counts=[4, 4]
[2026-05-28 19:13:29]     Model: SignalJEPA_PreLocal | Pretrained: from_pretrained | Strategy: new
[2026-05-28 19:13:29]     Normalization: none | fit_scope=none
[2026-05-28 19:13:29]     Phase 1 (new): 2,170/16,010 params
[2026-05-28 19:13:29]     Result | best_epoch=2 | stop=12 | final_phase_epochs=12 | acc=0.5000 | bal_acc=0.5000 | pred_hist=[0, 8] | collapse=True
[2026-05-28 19:13:29]     spatial_conv=[4, 29] top_abs_channels=[('Pz', 0.15330477), ('O2', 0.143775), ('T3', 0.12641855), ('T4', 0.12225529), ('O1', 0.12187206), ('CP3', 0.12086742), ('C3', 0.11528894), ('CP4', 0.11076636)]
[2026-05-28 19:13:29]     spatial_update=delta_l2=0.00653232 max_abs=0.00080052 relative=0.00547335 changed=True

[2026-05-28 19:13:29] Fold 3/5 | subject=17
[2026-05-28 19:13:29]     Train: 32 | counts=[16, 16]
[2026-05-28 19:13:29]     Test:  8 | counts=[4, 4]
[2026-05-28 19:13:29]     Model: SignalJEPA_PreLocal | Pretrained: from_pretrained | Strategy: new
[2026-05-28 19:13:29]     Normalization: none | fit_scope=none
[2026-05-28 19:13:29]     Phase 1 (new): 2,170/16,010 params
[2026-05-28 19:13:30]     Result | best_epoch=8 | stop=18 | final_phase_epochs=18 | acc=0.3750 | bal_acc=0.3750 | pred_hist=[1, 7] | collapse=False
[2026-05-28 19:13:30]     spatial_conv=[4, 29] top_abs_channels=[('Pz', 0.15175739), ('O2', 0.14540695), ('T3', 0.12587865), ('T4', 0.12283118), ('CP3', 0.1228172), ('O1', 0.11967632), ('C3', 0.11504478), ('CP4', 0.11063112)]
[2026-05-28 19:13:30]     spatial_update=delta_l2=0.02159368 max_abs=0.00318010 relative=0.01809305 changed=True

[2026-05-28 19:13:30] Fold 4/5 | subject=17
[2026-05-28 19:13:30]     Train: 32 | counts=[16, 16]
[2026-05-28 19:13:30]     Test:  8 | counts=[4, 4]
[2026-05-28 19:13:30]     Model: SignalJEPA_PreLocal | Pretrained: from_pretrained | Strategy: new
[2026-05-28 19:13:30]     Normalization: none | fit_scope=none
[2026-05-28 19:13:30]     Phase 1 (new): 2,170/16,010 params
[2026-05-28 19:13:31]     Result | best_epoch=16 | stop=26 | final_phase_epochs=26 | acc=0.5000 | bal_acc=0.5000 | pred_hist=[0, 8] | collapse=True
[2026-05-28 19:13:31]     spatial_conv=[4, 29] top_abs_channels=[('Pz', 0.15141448), ('O2', 0.14592741), ('T3', 0.12616329), ('CP3', 0.12162499), ('O1', 0.12127025), ('T4', 0.12069515), ('C3', 0.11521278), ('Fp1', 0.11129797)]
[2026-05-28 19:13:31]     spatial_update=delta_l2=0.03417978 max_abs=0.00596884 relative=0.02863877 changed=True

[2026-05-28 19:13:31] Fold 5/5 | subject=17
[2026-05-28 19:13:31]     Train: 32 | counts=[16, 16]
[2026-05-28 19:13:31]     Test:  8 | counts=[4, 4]
[2026-05-28 19:13:31]     Model: SignalJEPA_PreLocal | Pretrained: from_pretrained | Strategy: new
[2026-05-28 19:13:31]     Normalization: none | fit_scope=none
[2026-05-28 19:13:31]     Phase 1 (new): 2,170/16,010 params
[2026-05-28 19:13:32]     Result | best_epoch=13 | stop=23 | final_phase_epochs=23 | acc=0.5000 | bal_acc=0.5000 | pred_hist=[0, 8] | collapse=True
[2026-05-28 19:13:32]     spatial_conv=[4, 29] top_abs_channels=[('Pz', 0.15305933), ('O2', 0.1454941), ('T3', 0.12542155), ('T4', 0.12226461), ('O1', 0.1212881), ('CP3', 0.1209401), ('C3', 0.11554676), ('CP4', 0.1086107)]
[2026-05-28 19:13:32]     spatial_update=delta_l2=0.03461264 max_abs=0.00503110 relative=0.02900146 changed=True
[2026-05-28 19:13:32]   Subject 17: acc=0.5000±0.0791  bal_acc=0.5000±0.0791
[2026-05-28 19:13:32] \nSubject 18: 40 windows | class_counts=[20, 20]

[2026-05-28 19:13:32] Fold 1/5 | subject=18
[2026-05-28 19:13:32]     Train: 32 | counts=[16, 16]
[2026-05-28 19:13:32]     Test:  8 | counts=[4, 4]
[2026-05-28 19:13:32]     Model: SignalJEPA_PreLocal | Pretrained: from_pretrained | Strategy: new
[2026-05-28 19:13:32]     Normalization: none | fit_scope=none
[2026-05-28 19:13:32]     Phase 1 (new): 2,170/16,010 params
[2026-05-28 19:13:33]     Result | best_epoch=22 | stop=32 | final_phase_epochs=32 | acc=0.6250 | bal_acc=0.6250 | pred_hist=[1, 7] | collapse=False
[2026-05-28 19:13:33]     spatial_conv=[4, 29] top_abs_channels=[('Pz', 0.15561983), ('O2', 0.14478374), ('O1', 0.12933202), ('T3', 0.12357925), ('CP3', 0.11965014), ('T4', 0.11917404), ('C3', 0.11140341), ('CP4', 0.11034141)]
[2026-05-28 19:13:33]     spatial_update=delta_l2=0.05667866 max_abs=0.00896853 relative=0.04749028 changed=True

[2026-05-28 19:13:33] Fold 2/5 | subject=18
[2026-05-28 19:13:33]     Train: 32 | counts=[16, 16]
[2026-05-28 19:13:33]     Test:  8 | counts=[4, 4]
[2026-05-28 19:13:33]     Model: SignalJEPA_PreLocal | Pretrained: from_pretrained | Strategy: new
[2026-05-28 19:13:33]     Normalization: none | fit_scope=none
[2026-05-28 19:13:33]     Phase 1 (new): 2,170/16,010 params
[2026-05-28 19:13:34]     Result | best_epoch=6 | stop=16 | final_phase_epochs=16 | acc=0.5000 | bal_acc=0.5000 | pred_hist=[0, 8] | collapse=True
[2026-05-28 19:13:34]     spatial_conv=[4, 29] top_abs_channels=[('Pz', 0.15290599), ('O2', 0.14338762), ('T3', 0.12550911), ('O1', 0.12404852), ('T4', 0.12152046), ('CP3', 0.12009977), ('C3', 0.11476998), ('Fp1', 0.11064192)]
[2026-05-28 19:13:34]     spatial_update=delta_l2=0.01787579 max_abs=0.00238393 relative=0.01497788 changed=True

[2026-05-28 19:13:34] Fold 3/5 | subject=18
[2026-05-28 19:13:34]     Train: 32 | counts=[16, 16]
[2026-05-28 19:13:34]     Test:  8 | counts=[4, 4]
[2026-05-28 19:13:34]     Model: SignalJEPA_PreLocal | Pretrained: from_pretrained | Strategy: new
[2026-05-28 19:13:34]     Normalization: none | fit_scope=none
[2026-05-28 19:13:34]     Phase 1 (new): 2,170/16,010 params
[2026-05-28 19:13:34]     Result | best_epoch=18 | stop=28 | final_phase_epochs=28 | acc=0.3750 | bal_acc=0.3750 | pred_hist=[1, 7] | collapse=False
[2026-05-28 19:13:34]     spatial_conv=[4, 29] top_abs_channels=[('Pz', 0.15455577), ('O2', 0.14431579), ('O1', 0.12755078), ('T3', 0.12495954), ('T4', 0.12260716), ('CP3', 0.11888099), ('C3', 0.11233523), ('Fp1', 0.11034361)]
[2026-05-28 19:13:34]     spatial_update=delta_l2=0.04373694 max_abs=0.00711249 relative=0.03664659 changed=True

[2026-05-28 19:13:35] Fold 4/5 | subject=18
[2026-05-28 19:13:35]     Train: 32 | counts=[16, 16]
[2026-05-28 19:13:35]     Test:  8 | counts=[4, 4]
[2026-05-28 19:13:35]     Model: SignalJEPA_PreLocal | Pretrained: from_pretrained | Strategy: new
[2026-05-28 19:13:35]     Normalization: none | fit_scope=none
[2026-05-28 19:13:35]     Phase 1 (new): 2,170/16,010 params
[2026-05-28 19:13:35]     Result | best_epoch=6 | stop=16 | final_phase_epochs=16 | acc=0.5000 | bal_acc=0.5000 | pred_hist=[0, 8] | collapse=True
[2026-05-28 19:13:35]     spatial_conv=[4, 29] top_abs_channels=[('Pz', 0.15317354), ('O2', 0.14335112), ('T3', 0.12574042), ('O1', 0.12366559), ('CP3', 0.1208178), ('T4', 0.12078134), ('C3', 0.11394254), ('CP4', 0.11178418)]
[2026-05-28 19:13:35]     spatial_update=delta_l2=0.01741033 max_abs=0.00239399 relative=0.01458788 changed=True

[2026-05-28 19:13:36] Fold 5/5 | subject=18
[2026-05-28 19:13:36]     Train: 32 | counts=[16, 16]
[2026-05-28 19:13:36]     Test:  8 | counts=[4, 4]
[2026-05-28 19:13:36]     Model: SignalJEPA_PreLocal | Pretrained: from_pretrained | Strategy: new
[2026-05-28 19:13:36]     Normalization: none | fit_scope=none
[2026-05-28 19:13:36]     Phase 1 (new): 2,170/16,010 params
[2026-05-28 19:13:36]     Result | best_epoch=6 | stop=16 | final_phase_epochs=16 | acc=0.5000 | bal_acc=0.5000 | pred_hist=[0, 8] | collapse=True
[2026-05-28 19:13:36]     spatial_conv=[4, 29] top_abs_channels=[('Pz', 0.15256967), ('O2', 0.14418581), ('T3', 0.12509635), ('O1', 0.12391563), ('T4', 0.12083147), ('CP3', 0.12080002), ('C3', 0.11489236), ('CP4', 0.11039537)]
[2026-05-28 19:13:36]     spatial_update=delta_l2=0.01564609 max_abs=0.00231538 relative=0.01310964 changed=True
[2026-05-28 19:13:36]   Subject 18: acc=0.5000±0.0791  bal_acc=0.5000±0.0791
[2026-05-28 19:13:36] \nSubject 19: 40 windows | class_counts=[20, 20]

[2026-05-28 19:13:37] Fold 1/5 | subject=19
[2026-05-28 19:13:37]     Train: 32 | counts=[16, 16]
[2026-05-28 19:13:37]     Test:  8 | counts=[4, 4]
[2026-05-28 19:13:37]     Model: SignalJEPA_PreLocal | Pretrained: from_pretrained | Strategy: new
[2026-05-28 19:13:37]     Normalization: none | fit_scope=none
[2026-05-28 19:13:37]     Phase 1 (new): 2,170/16,010 params
[2026-05-28 19:13:37]     Result | best_epoch=3 | stop=13 | final_phase_epochs=13 | acc=0.5000 | bal_acc=0.5000 | pred_hist=[0, 8] | collapse=True
[2026-05-28 19:13:37]     spatial_conv=[4, 29] top_abs_channels=[('Pz', 0.15404391), ('O2', 0.14426942), ('T3', 0.12683672), ('O1', 0.12287911), ('T4', 0.12184741), ('CP3', 0.12083097), ('C3', 0.11597309), ('CP4', 0.11051541)]
[2026-05-28 19:13:37]     spatial_update=delta_l2=0.00944763 max_abs=0.00120153 relative=0.00791604 changed=True

[2026-05-28 19:13:37] Fold 2/5 | subject=19
[2026-05-28 19:13:37]     Train: 32 | counts=[16, 16]
[2026-05-28 19:13:37]     Test:  8 | counts=[4, 4]
[2026-05-28 19:13:37]     Model: SignalJEPA_PreLocal | Pretrained: from_pretrained | Strategy: new
[2026-05-28 19:13:37]     Normalization: none | fit_scope=none
[2026-05-28 19:13:37]     Phase 1 (new): 2,170/16,010 params
[2026-05-28 19:13:38]     Result | best_epoch=24 | stop=34 | final_phase_epochs=34 | acc=0.2500 | bal_acc=0.2500 | pred_hist=[2, 6] | collapse=False
[2026-05-28 19:13:38]     spatial_conv=[4, 29] top_abs_channels=[('Pz', 0.15214954), ('O2', 0.14551152), ('T3', 0.13454042), ('O1', 0.12523727), ('CP3', 0.12020257), ('T4', 0.11937079), ('C3', 0.11442767), ('P3', 0.11280788)]
[2026-05-28 19:13:38]     spatial_update=delta_l2=0.06810004 max_abs=0.00938367 relative=0.05706010 changed=True

[2026-05-28 19:13:38] Fold 3/5 | subject=19
[2026-05-28 19:13:38]     Train: 32 | counts=[16, 16]
[2026-05-28 19:13:38]     Test:  8 | counts=[4, 4]
[2026-05-28 19:13:38]     Model: SignalJEPA_PreLocal | Pretrained: from_pretrained | Strategy: new
[2026-05-28 19:13:38]     Normalization: none | fit_scope=none
[2026-05-28 19:13:38]     Phase 1 (new): 2,170/16,010 params
[2026-05-28 19:13:39]     Result | best_epoch=1 | stop=11 | final_phase_epochs=11 | acc=0.5000 | bal_acc=0.5000 | pred_hist=[0, 8] | collapse=True
[2026-05-28 19:13:39]     spatial_conv=[4, 29] top_abs_channels=[('Pz', 0.15323901), ('O2', 0.14394139), ('T3', 0.12673478), ('T4', 0.12208759), ('O1', 0.12206211), ('CP3', 0.1207244), ('C3', 0.11543091), ('CP4', 0.11113312)]
[2026-05-28 19:13:39]     spatial_update=delta_l2=0.00430803 max_abs=0.00040001 relative=0.00360964 changed=True

[2026-05-28 19:13:39] Fold 4/5 | subject=19
[2026-05-28 19:13:39]     Train: 32 | counts=[16, 16]
[2026-05-28 19:13:39]     Test:  8 | counts=[4, 4]
[2026-05-28 19:13:39]     Model: SignalJEPA_PreLocal | Pretrained: from_pretrained | Strategy: new
[2026-05-28 19:13:39]     Normalization: none | fit_scope=none
[2026-05-28 19:13:39]     Phase 1 (new): 2,170/16,010 params
[2026-05-28 19:13:39]     Result | best_epoch=3 | stop=13 | final_phase_epochs=13 | acc=0.5000 | bal_acc=0.5000 | pred_hist=[0, 8] | collapse=True
[2026-05-28 19:13:39]     spatial_conv=[4, 29] top_abs_channels=[('Pz', 0.15317068), ('O2', 0.14463961), ('T3', 0.12634201), ('T4', 0.12259055), ('O1', 0.12178789), ('CP3', 0.12136649), ('C3', 0.11596575), ('CP4', 0.11118183)]
[2026-05-28 19:13:39]     spatial_update=delta_l2=0.00958005 max_abs=0.00119767 relative=0.00802700 changed=True

[2026-05-28 19:13:40] Fold 5/5 | subject=19
[2026-05-28 19:13:40]     Train: 32 | counts=[16, 16]
[2026-05-28 19:13:40]     Test:  8 | counts=[4, 4]
[2026-05-28 19:13:40]     Model: SignalJEPA_PreLocal | Pretrained: from_pretrained | Strategy: new
[2026-05-28 19:13:40]     Normalization: none | fit_scope=none
[2026-05-28 19:13:40]     Phase 1 (new): 2,170/16,010 params
[2026-05-28 19:13:40]     Result | best_epoch=3 | stop=13 | final_phase_epochs=13 | acc=0.5000 | bal_acc=0.5000 | pred_hist=[0, 8] | collapse=True
[2026-05-28 19:13:40]     spatial_conv=[4, 29] top_abs_channels=[('Pz', 0.15249263), ('O2', 0.14493313), ('T3', 0.1263499), ('T4', 0.12183811), ('O1', 0.12167832), ('CP3', 0.12099126), ('C3', 0.11543024), ('CP4', 0.11007642)]
[2026-05-28 19:13:40]     spatial_update=delta_l2=0.00975983 max_abs=0.00119799 relative=0.00817763 changed=True
[2026-05-28 19:13:40]   Subject 19: acc=0.4500±0.1000  bal_acc=0.4500±0.1000
[2026-05-28 19:13:40] \nSubject 20: 40 windows | class_counts=[20, 20]

[2026-05-28 19:13:41] Fold 1/5 | subject=20
[2026-05-28 19:13:41]     Train: 32 | counts=[16, 16]
[2026-05-28 19:13:41]     Test:  8 | counts=[4, 4]
[2026-05-28 19:13:41]     Model: SignalJEPA_PreLocal | Pretrained: from_pretrained | Strategy: new
[2026-05-28 19:13:41]     Normalization: none | fit_scope=none
[2026-05-28 19:13:41]     Phase 1 (new): 2,170/16,010 params
[2026-05-28 19:13:41]     Result | best_epoch=33 | stop=43 | final_phase_epochs=43 | acc=0.6250 | bal_acc=0.6250 | pred_hist=[1, 7] | collapse=False
[2026-05-28 19:13:41]     spatial_conv=[4, 29] top_abs_channels=[('Pz', 0.14859429), ('O2', 0.1429328), ('T3', 0.1304832), ('T4', 0.12568547), ('O1', 0.12559377), ('CP3', 0.12358648), ('C3', 0.11412331), ('CP4', 0.10802066)]
[2026-05-28 19:13:41]     spatial_update=delta_l2=0.06871529 max_abs=0.01195234 relative=0.05757561 changed=True

[2026-05-28 19:13:42] Fold 2/5 | subject=20
[2026-05-28 19:13:42]     Train: 32 | counts=[16, 16]
[2026-05-28 19:13:42]     Test:  8 | counts=[4, 4]
[2026-05-28 19:13:42]     Model: SignalJEPA_PreLocal | Pretrained: from_pretrained | Strategy: new
[2026-05-28 19:13:42]     Normalization: none | fit_scope=none
[2026-05-28 19:13:42]     Phase 1 (new): 2,170/16,010 params
[2026-05-28 19:13:42]     Result | best_epoch=24 | stop=34 | final_phase_epochs=34 | acc=0.1250 | bal_acc=0.1250 | pred_hist=[3, 5] | collapse=False
[2026-05-28 19:13:42]     spatial_conv=[4, 29] top_abs_channels=[('Pz', 0.14776276), ('O2', 0.14182205), ('T3', 0.12964357), ('O1', 0.12628776), ('T4', 0.12535828), ('CP3', 0.12383994), ('C3', 0.1127594), ('Fp1', 0.10999894)]
[2026-05-28 19:13:42]     spatial_update=delta_l2=0.05685063 max_abs=0.00902794 relative=0.04763437 changed=True

[2026-05-28 19:13:43] Fold 3/5 | subject=20
[2026-05-28 19:13:43]     Train: 32 | counts=[16, 16]
[2026-05-28 19:13:43]     Test:  8 | counts=[4, 4]
[2026-05-28 19:13:43]     Model: SignalJEPA_PreLocal | Pretrained: from_pretrained | Strategy: new
[2026-05-28 19:13:43]     Normalization: none | fit_scope=none
[2026-05-28 19:13:43]     Phase 1 (new): 2,170/16,010 params
[2026-05-28 19:13:43]     Result | best_epoch=1 | stop=11 | final_phase_epochs=11 | acc=0.5000 | bal_acc=0.5000 | pred_hist=[0, 8] | collapse=True
[2026-05-28 19:13:43]     spatial_conv=[4, 29] top_abs_channels=[('Pz', 0.15303901), ('O2', 0.14414138), ('T3', 0.12633479), ('T4', 0.12228758), ('O1', 0.12186213), ('CP3', 0.12132439), ('C3', 0.1152309), ('CP4', 0.11053314)]
[2026-05-28 19:13:43]     spatial_update=delta_l2=0.00430785 max_abs=0.00040001 relative=0.00360948 changed=True

[2026-05-28 19:13:44] Fold 4/5 | subject=20
[2026-05-28 19:13:44]     Train: 32 | counts=[16, 16]
[2026-05-28 19:13:44]     Test:  8 | counts=[4, 4]
[2026-05-28 19:13:44]     Model: SignalJEPA_PreLocal | Pretrained: from_pretrained | Strategy: new
[2026-05-28 19:13:44]     Normalization: none | fit_scope=none
[2026-05-28 19:13:44]     Phase 1 (new): 2,170/16,010 params
[2026-05-28 19:13:44]     Result | best_epoch=20 | stop=30 | final_phase_epochs=30 | acc=0.6250 | bal_acc=0.6250 | pred_hist=[1, 7] | collapse=False
[2026-05-28 19:13:44]     spatial_conv=[4, 29] top_abs_channels=[('Pz', 0.15336019), ('O2', 0.14173195), ('T3', 0.12812902), ('T4', 0.12308776), ('O1', 0.12223552), ('CP3', 0.12219189), ('C3', 0.11471298), ('CP4', 0.11027391)]
[2026-05-28 19:13:44]     spatial_update=delta_l2=0.04532917 max_abs=0.00748354 relative=0.03798069 changed=True

[2026-05-28 19:13:44] Fold 5/5 | subject=20
[2026-05-28 19:13:44]     Train: 32 | counts=[16, 16]
[2026-05-28 19:13:44]     Test:  8 | counts=[4, 4]
[2026-05-28 19:13:44]     Model: SignalJEPA_PreLocal | Pretrained: from_pretrained | Strategy: new
[2026-05-28 19:13:44]     Normalization: none | fit_scope=none
[2026-05-28 19:13:44]     Phase 1 (new): 2,170/16,010 params
[2026-05-28 19:13:45]     Result | best_epoch=46 | stop=50 | final_phase_epochs=50 | acc=0.7500 | bal_acc=0.7500 | pred_hist=[2, 6] | collapse=False
[2026-05-28 19:13:45]     spatial_conv=[4, 29] top_abs_channels=[('Pz', 0.14958255), ('O2', 0.13998477), ('T3', 0.13268986), ('O1', 0.13081351), ('T4', 0.1260837), ('CP3', 0.1219383), ('Fp1', 0.11333597), ('C3', 0.10943657)]
[2026-05-28 19:13:45]     spatial_update=delta_l2=0.10531217 max_abs=0.01885614 relative=0.08823964 changed=True
[2026-05-28 19:13:45]   Subject 20: acc=0.5250±0.2151  bal_acc=0.5250±0.2151
[2026-05-28 19:13:45] \nSubject 21: 40 windows | class_counts=[20, 20]

[2026-05-28 19:13:46] Fold 1/5 | subject=21
[2026-05-28 19:13:46]     Train: 32 | counts=[16, 16]
[2026-05-28 19:13:46]     Test:  8 | counts=[4, 4]
[2026-05-28 19:13:46]     Model: SignalJEPA_PreLocal | Pretrained: from_pretrained | Strategy: new
[2026-05-28 19:13:46]     Normalization: none | fit_scope=none
[2026-05-28 19:13:46]     Phase 1 (new): 2,170/16,010 params
[2026-05-28 19:13:46]     Result | best_epoch=39 | stop=49 | final_phase_epochs=49 | acc=0.7500 | bal_acc=0.7500 | pred_hist=[2, 6] | collapse=False
[2026-05-28 19:13:46]     spatial_conv=[4, 29] top_abs_channels=[('Pz', 0.15598558), ('O2', 0.14608219), ('T3', 0.12711486), ('O1', 0.12301383), ('Fp1', 0.11983992), ('CP3', 0.11957784), ('CP4', 0.11911795), ('T4', 0.11901741)]
[2026-05-28 19:13:46]     spatial_update=delta_l2=0.07198556 max_abs=0.01514074 relative=0.06031572 changed=True

[2026-05-28 19:13:47] Fold 2/5 | subject=21
[2026-05-28 19:13:47]     Train: 32 | counts=[16, 16]
[2026-05-28 19:13:47]     Test:  8 | counts=[4, 4]
[2026-05-28 19:13:47]     Model: SignalJEPA_PreLocal | Pretrained: from_pretrained | Strategy: new
[2026-05-28 19:13:47]     Normalization: none | fit_scope=none
[2026-05-28 19:13:47]     Phase 1 (new): 2,170/16,010 params
[2026-05-28 19:13:47]     Result | best_epoch=14 | stop=24 | final_phase_epochs=24 | acc=0.5000 | bal_acc=0.5000 | pred_hist=[0, 8] | collapse=True
[2026-05-28 19:13:47]     spatial_conv=[4, 29] top_abs_channels=[('Pz', 0.15494853), ('O2', 0.14403304), ('T3', 0.1287826), ('T4', 0.12320493), ('O1', 0.12162935), ('CP3', 0.11833107), ('C3', 0.11526337), ('Fp1', 0.11322075)]
[2026-05-28 19:13:47]     spatial_update=delta_l2=0.03191286 max_abs=0.00534859 relative=0.02673935 changed=True

[2026-05-28 19:13:48] Fold 3/5 | subject=21
[2026-05-28 19:13:48]     Train: 32 | counts=[16, 16]
[2026-05-28 19:13:48]     Test:  8 | counts=[4, 4]
[2026-05-28 19:13:48]     Model: SignalJEPA_PreLocal | Pretrained: from_pretrained | Strategy: new
[2026-05-28 19:13:48]     Normalization: none | fit_scope=none
[2026-05-28 19:13:48]     Phase 1 (new): 2,170/16,010 params
[2026-05-28 19:13:48]     Result | best_epoch=49 | stop=50 | final_phase_epochs=50 | acc=0.5000 | bal_acc=0.5000 | pred_hist=[4, 4] | collapse=False
[2026-05-28 19:13:48]     spatial_conv=[4, 29] top_abs_channels=[('Pz', 0.15159856), ('O2', 0.13917716), ('T3', 0.12987477), ('CP3', 0.12730408), ('O1', 0.12545148), ('CP4', 0.1231937), ('Fp1', 0.1170344), ('P3', 0.11600274)]
[2026-05-28 19:13:48]     spatial_update=delta_l2=0.10438637 max_abs=0.02085976 relative=0.08746392 changed=True

[2026-05-28 19:13:49] Fold 4/5 | subject=21
[2026-05-28 19:13:49]     Train: 32 | counts=[16, 16]
[2026-05-28 19:13:49]     Test:  8 | counts=[4, 4]
[2026-05-28 19:13:49]     Model: SignalJEPA_PreLocal | Pretrained: from_pretrained | Strategy: new
[2026-05-28 19:13:49]     Normalization: none | fit_scope=none
[2026-05-28 19:13:49]     Phase 1 (new): 2,170/16,010 params
[2026-05-28 19:13:49]     Result | best_epoch=5 | stop=15 | final_phase_epochs=15 | acc=0.5000 | bal_acc=0.5000 | pred_hist=[0, 8] | collapse=True
[2026-05-28 19:13:49]     spatial_conv=[4, 29] top_abs_channels=[('Pz', 0.1529178), ('O2', 0.14444226), ('T3', 0.12714918), ('T4', 0.12195476), ('CP3', 0.12169337), ('O1', 0.12106209), ('C3', 0.11492874), ('CP4', 0.1109627)]
[2026-05-28 19:13:49]     spatial_update=delta_l2=0.01357994 max_abs=0.00190645 relative=0.01137845 changed=True

[2026-05-28 19:13:50] Fold 5/5 | subject=21
[2026-05-28 19:13:50]     Train: 32 | counts=[16, 16]
[2026-05-28 19:13:50]     Test:  8 | counts=[4, 4]
[2026-05-28 19:13:50]     Model: SignalJEPA_PreLocal | Pretrained: from_pretrained | Strategy: new
[2026-05-28 19:13:50]     Normalization: none | fit_scope=none
[2026-05-28 19:13:50]     Phase 1 (new): 2,170/16,010 params
[2026-05-28 19:13:50]     Result | best_epoch=41 | stop=45 | final_phase_epochs=45 | acc=0.5000 | bal_acc=0.5000 | pred_hist=[0, 8] | collapse=True
[2026-05-28 19:13:50]     spatial_conv=[4, 29] top_abs_channels=[('Pz', 0.15447913), ('O2', 0.14540999), ('T3', 0.12638766), ('O1', 0.12391707), ('T4', 0.12337209), ('C3', 0.12248865), ('CP3', 0.12058888), ('P3', 0.11715029)]
[2026-05-28 19:13:50]     spatial_update=delta_l2=0.07415485 max_abs=0.01394581 relative=0.06213334 changed=True
[2026-05-28 19:13:50]   Subject 21: acc=0.5500±0.1000  bal_acc=0.5500±0.1000
[2026-05-28 19:13:50] \nSubject 22: 40 windows | class_counts=[20, 20]

[2026-05-28 19:13:51] Fold 1/5 | subject=22
[2026-05-28 19:13:51]     Train: 32 | counts=[16, 16]
[2026-05-28 19:13:51]     Test:  8 | counts=[4, 4]
[2026-05-28 19:13:51]     Model: SignalJEPA_PreLocal | Pretrained: from_pretrained | Strategy: new
[2026-05-28 19:13:51]     Normalization: none | fit_scope=none
[2026-05-28 19:13:51]     Phase 1 (new): 2,170/16,010 params
[2026-05-28 19:13:51]     Result | best_epoch=12 | stop=22 | final_phase_epochs=22 | acc=0.5000 | bal_acc=0.5000 | pred_hist=[0, 8] | collapse=True
[2026-05-28 19:13:51]     spatial_conv=[4, 29] top_abs_channels=[('Pz', 0.15327115), ('O2', 0.14652199), ('T3', 0.12952915), ('O1', 0.12209365), ('T4', 0.12121841), ('CP3', 0.12097162), ('C3', 0.11512998), ('CP4', 0.10991468)]
[2026-05-28 19:13:51]     spatial_update=delta_l2=0.02911043 max_abs=0.00460757 relative=0.02439123 changed=True

[2026-05-28 19:13:52] Fold 2/5 | subject=22
[2026-05-28 19:13:52]     Train: 32 | counts=[16, 16]
[2026-05-28 19:13:52]     Test:  8 | counts=[4, 4]
[2026-05-28 19:13:52]     Model: SignalJEPA_PreLocal | Pretrained: from_pretrained | Strategy: new
[2026-05-28 19:13:52]     Normalization: none | fit_scope=none
[2026-05-28 19:13:52]     Phase 1 (new): 2,170/16,010 params
[2026-05-28 19:13:52]     Result | best_epoch=47 | stop=50 | final_phase_epochs=50 | acc=0.7500 | bal_acc=0.7500 | pred_hist=[2, 6] | collapse=False
[2026-05-28 19:13:52]     spatial_conv=[4, 29] top_abs_channels=[('O2', 0.152436), ('Pz', 0.15113778), ('T3', 0.12923214), ('O1', 0.12479247), ('CP3', 0.12461096), ('C3', 0.11276414), ('T4', 0.11251308), ('Fp1', 0.11193673)]
[2026-05-28 19:13:52]     spatial_update=delta_l2=0.10654599 max_abs=0.02029319 relative=0.08927344 changed=True

[2026-05-28 19:13:53] Fold 3/5 | subject=22
[2026-05-28 19:13:53]     Train: 32 | counts=[16, 16]
[2026-05-28 19:13:53]     Test:  8 | counts=[4, 4]
[2026-05-28 19:13:53]     Model: SignalJEPA_PreLocal | Pretrained: from_pretrained | Strategy: new
[2026-05-28 19:13:53]     Normalization: none | fit_scope=none
[2026-05-28 19:13:53]     Phase 1 (new): 2,170/16,010 params
[2026-05-28 19:13:53]     Result | best_epoch=12 | stop=22 | final_phase_epochs=22 | acc=0.5000 | bal_acc=0.5000 | pred_hist=[0, 8] | collapse=True
[2026-05-28 19:13:53]     spatial_conv=[4, 29] top_abs_channels=[('Pz', 0.1522273), ('O2', 0.14665522), ('T3', 0.12773186), ('CP3', 0.12266223), ('T4', 0.12232511), ('O1', 0.12186184), ('C3', 0.11635558), ('Fp1', 0.11091783)]
[2026-05-28 19:13:53]     spatial_update=delta_l2=0.03022069 max_abs=0.00482985 relative=0.02532151 changed=True

[2026-05-28 19:13:54] Fold 4/5 | subject=22
[2026-05-28 19:13:54]     Train: 32 | counts=[16, 16]
[2026-05-28 19:13:54]     Test:  8 | counts=[4, 4]
[2026-05-28 19:13:54]     Model: SignalJEPA_PreLocal | Pretrained: from_pretrained | Strategy: new
[2026-05-28 19:13:54]     Normalization: none | fit_scope=none
[2026-05-28 19:13:54]     Phase 1 (new): 2,170/16,010 params
[2026-05-28 19:13:54]     Result | best_epoch=47 | stop=50 | final_phase_epochs=50 | acc=0.7500 | bal_acc=0.7500 | pred_hist=[4, 4] | collapse=False
[2026-05-28 19:13:54]     spatial_conv=[4, 29] top_abs_channels=[('Pz', 0.1495682), ('O2', 0.1465268), ('T3', 0.13120243), ('CP3', 0.12400848), ('O1', 0.12345512), ('T4', 0.1185078), ('C3', 0.11607996), ('Fp1', 0.11375773)]
[2026-05-28 19:13:54]     spatial_update=delta_l2=0.10761103 max_abs=0.02025710 relative=0.09016582 changed=True

[2026-05-28 19:13:55] Fold 5/5 | subject=22
[2026-05-28 19:13:55]     Train: 32 | counts=[16, 16]
[2026-05-28 19:13:55]     Test:  8 | counts=[4, 4]
[2026-05-28 19:13:55]     Model: SignalJEPA_PreLocal | Pretrained: from_pretrained | Strategy: new
[2026-05-28 19:13:55]     Normalization: none | fit_scope=none
[2026-05-28 19:13:55]     Phase 1 (new): 2,170/16,010 params
[2026-05-28 19:13:56]     Result | best_epoch=47 | stop=50 | final_phase_epochs=50 | acc=0.8750 | bal_acc=0.8750 | pred_hist=[3, 5] | collapse=False
[2026-05-28 19:13:56]     spatial_conv=[4, 29] top_abs_channels=[('Pz', 0.15222481), ('O2', 0.14514315), ('T3', 0.13130912), ('O1', 0.12522008), ('CP3', 0.12406365), ('T4', 0.11849211), ('C3', 0.11451177), ('Fp1', 0.11280678)]
[2026-05-28 19:13:56]     spatial_update=delta_l2=0.10190632 max_abs=0.01886040 relative=0.08538592 changed=True
[2026-05-28 19:13:56]   Subject 22: acc=0.6750±0.1500  bal_acc=0.6750±0.1500
[2026-05-28 19:13:56] \nSubject 23: 40 windows | class_counts=[20, 20]

[2026-05-28 19:13:56] Fold 1/5 | subject=23
[2026-05-28 19:13:56]     Train: 32 | counts=[16, 16]
[2026-05-28 19:13:56]     Test:  8 | counts=[4, 4]
[2026-05-28 19:13:56]     Model: SignalJEPA_PreLocal | Pretrained: from_pretrained | Strategy: new
[2026-05-28 19:13:56]     Normalization: none | fit_scope=none
[2026-05-28 19:13:56]     Phase 1 (new): 2,170/16,010 params
[2026-05-28 19:13:56]     Result | best_epoch=5 | stop=15 | final_phase_epochs=15 | acc=0.5000 | bal_acc=0.5000 | pred_hist=[0, 8] | collapse=True
[2026-05-28 19:13:56]     spatial_conv=[4, 29] top_abs_channels=[('Pz', 0.15333602), ('O2', 0.14355122), ('T3', 0.12765959), ('T4', 0.12234179), ('O1', 0.12168165), ('CP3', 0.12081902), ('C3', 0.11575866), ('Fp1', 0.11055979)]
[2026-05-28 19:13:56]     spatial_update=delta_l2=0.01540997 max_abs=0.00200434 relative=0.01291181 changed=True

[2026-05-28 19:13:57] Fold 2/5 | subject=23
[2026-05-28 19:13:57]     Train: 32 | counts=[16, 16]
[2026-05-28 19:13:57]     Test:  8 | counts=[4, 4]
[2026-05-28 19:13:57]     Model: SignalJEPA_PreLocal | Pretrained: from_pretrained | Strategy: new
[2026-05-28 19:13:57]     Normalization: none | fit_scope=none
[2026-05-28 19:13:57]     Phase 1 (new): 2,170/16,010 params
[2026-05-28 19:13:57]     Result | best_epoch=9 | stop=19 | final_phase_epochs=19 | acc=0.5000 | bal_acc=0.5000 | pred_hist=[0, 8] | collapse=True
[2026-05-28 19:13:57]     spatial_conv=[4, 29] top_abs_channels=[('Pz', 0.15431942), ('O2', 0.14428309), ('T3', 0.12802185), ('T4', 0.12251638), ('O1', 0.1207734), ('CP3', 0.1203094), ('C3', 0.11642458), ('Fp1', 0.11138643)]
[2026-05-28 19:13:57]     spatial_update=delta_l2=0.02375050 max_abs=0.00341419 relative=0.01990022 changed=True

[2026-05-28 19:13:58] Fold 3/5 | subject=23
[2026-05-28 19:13:58]     Train: 32 | counts=[16, 16]
[2026-05-28 19:13:58]     Test:  8 | counts=[4, 4]
[2026-05-28 19:13:58]     Model: SignalJEPA_PreLocal | Pretrained: from_pretrained | Strategy: new
[2026-05-28 19:13:58]     Normalization: none | fit_scope=none
[2026-05-28 19:13:58]     Phase 1 (new): 2,170/16,010 params
[2026-05-28 19:13:58]     Result | best_epoch=4 | stop=14 | final_phase_epochs=14 | acc=0.5000 | bal_acc=0.5000 | pred_hist=[0, 8] | collapse=True
[2026-05-28 19:13:58]     spatial_conv=[4, 29] top_abs_channels=[('Pz', 0.15239707), ('O2', 0.14447743), ('T3', 0.12692161), ('T4', 0.12313636), ('CP3', 0.12156346), ('O1', 0.12136179), ('C3', 0.11440425), ('CP4', 0.10983063)]
[2026-05-28 19:13:58]     spatial_update=delta_l2=0.01207158 max_abs=0.00160181 relative=0.01011462 changed=True

[2026-05-28 19:13:58] Fold 4/5 | subject=23
[2026-05-28 19:13:58]     Train: 32 | counts=[16, 16]
[2026-05-28 19:13:58]     Test:  8 | counts=[4, 4]
[2026-05-28 19:13:58]     Model: SignalJEPA_PreLocal | Pretrained: from_pretrained | Strategy: new
[2026-05-28 19:13:58]     Normalization: none | fit_scope=none
[2026-05-28 19:13:58]     Phase 1 (new): 2,170/16,010 params
[2026-05-28 19:13:59]     Result | best_epoch=7 | stop=17 | final_phase_epochs=17 | acc=0.5000 | bal_acc=0.5000 | pred_hist=[0, 8] | collapse=True
[2026-05-28 19:13:59]     spatial_conv=[4, 29] top_abs_channels=[('Pz', 0.15365271), ('O2', 0.14503166), ('T3', 0.12681752), ('T4', 0.12357022), ('CP3', 0.12129666), ('O1', 0.12031349), ('C3', 0.11388209), ('CP4', 0.11071757)]
[2026-05-28 19:13:59]     spatial_update=delta_l2=0.01983267 max_abs=0.00278819 relative=0.01661752 changed=True

[2026-05-28 19:13:59] Fold 5/5 | subject=23
[2026-05-28 19:13:59]     Train: 32 | counts=[16, 16]
[2026-05-28 19:13:59]     Test:  8 | counts=[4, 4]
[2026-05-28 19:13:59]     Model: SignalJEPA_PreLocal | Pretrained: from_pretrained | Strategy: new
[2026-05-28 19:13:59]     Normalization: none | fit_scope=none
[2026-05-28 19:13:59]     Phase 1 (new): 2,170/16,010 params
[2026-05-28 19:14:00]     Result | best_epoch=7 | stop=17 | final_phase_epochs=17 | acc=0.5000 | bal_acc=0.5000 | pred_hist=[0, 8] | collapse=True
[2026-05-28 19:14:00]     spatial_conv=[4, 29] top_abs_channels=[('Pz', 0.1543556), ('O2', 0.1423299), ('T3', 0.12840495), ('T4', 0.12317441), ('O1', 0.12193133), ('CP3', 0.12046281), ('C3', 0.11462279), ('Fp1', 0.11138962)]
[2026-05-28 19:14:00]     spatial_update=delta_l2=0.02167196 max_abs=0.00279152 relative=0.01815864 changed=True
[2026-05-28 19:14:00]   Subject 23: acc=0.5000±0.0000  bal_acc=0.5000±0.0000
[2026-05-28 19:14:00] \nSubject 24: 40 windows | class_counts=[20, 20]

[2026-05-28 19:14:00] Fold 1/5 | subject=24
[2026-05-28 19:14:00]     Train: 32 | counts=[16, 16]
[2026-05-28 19:14:00]     Test:  8 | counts=[4, 4]
[2026-05-28 19:14:00]     Model: SignalJEPA_PreLocal | Pretrained: from_pretrained | Strategy: new
[2026-05-28 19:14:00]     Normalization: none | fit_scope=none
[2026-05-28 19:14:00]     Phase 1 (new): 2,170/16,010 params
[2026-05-28 19:14:00]     Result | best_epoch=4 | stop=14 | final_phase_epochs=14 | acc=0.3750 | bal_acc=0.3750 | pred_hist=[1, 7] | collapse=False
[2026-05-28 19:14:00]     spatial_conv=[4, 29] top_abs_channels=[('Pz', 0.15196475), ('O2', 0.14474389), ('T3', 0.12562123), ('O1', 0.12266891), ('T4', 0.12161197), ('CP3', 0.12124036), ('C3', 0.11421128), ('CP4', 0.1119068)]
[2026-05-28 19:14:00]     spatial_update=delta_l2=0.01284134 max_abs=0.00159942 relative=0.01075958 changed=True

[2026-05-28 19:14:01] Fold 2/5 | subject=24
[2026-05-28 19:14:01]     Train: 32 | counts=[16, 16]
[2026-05-28 19:14:01]     Test:  8 | counts=[4, 4]
[2026-05-28 19:14:01]     Model: SignalJEPA_PreLocal | Pretrained: from_pretrained | Strategy: new
[2026-05-28 19:14:01]     Normalization: none | fit_scope=none
[2026-05-28 19:14:01]     Phase 1 (new): 2,170/16,010 params
[2026-05-28 19:14:01]     Result | best_epoch=13 | stop=23 | final_phase_epochs=23 | acc=0.5000 | bal_acc=0.5000 | pred_hist=[0, 8] | collapse=True
[2026-05-28 19:14:01]     spatial_conv=[4, 29] top_abs_channels=[('Pz', 0.15131623), ('O2', 0.14551282), ('T3', 0.1242498), ('CP3', 0.12370707), ('O1', 0.12207147), ('T4', 0.12143259), ('C3', 0.11162823), ('CP4', 0.11156972)]
[2026-05-28 19:14:01]     spatial_update=delta_l2=0.03984699 max_abs=0.00512630 relative=0.03338725 changed=True

[2026-05-28 19:14:02] Fold 3/5 | subject=24
[2026-05-28 19:14:02]     Train: 32 | counts=[16, 16]
[2026-05-28 19:14:02]     Test:  8 | counts=[4, 4]
[2026-05-28 19:14:02]     Model: SignalJEPA_PreLocal | Pretrained: from_pretrained | Strategy: new
[2026-05-28 19:14:02]     Normalization: none | fit_scope=none
[2026-05-28 19:14:02]     Phase 1 (new): 2,170/16,010 params
[2026-05-28 19:14:02]     Result | best_epoch=1 | stop=11 | final_phase_epochs=11 | acc=0.5000 | bal_acc=0.5000 | pred_hist=[0, 8] | collapse=True
[2026-05-28 19:14:02]     spatial_conv=[4, 29] top_abs_channels=[('Pz', 0.15303901), ('O2', 0.14414138), ('T3', 0.12653477), ('O1', 0.12226182), ('T4', 0.12168759), ('CP3', 0.12112439), ('C3', 0.11523089), ('CP4', 0.11093314)]
[2026-05-28 19:14:02]     spatial_update=delta_l2=0.00430782 max_abs=0.00040001 relative=0.00360947 changed=True

[2026-05-28 19:14:02] Fold 4/5 | subject=24
[2026-05-28 19:14:02]     Train: 32 | counts=[16, 16]
[2026-05-28 19:14:02]     Test:  8 | counts=[4, 4]
[2026-05-28 19:14:02]     Model: SignalJEPA_PreLocal | Pretrained: from_pretrained | Strategy: new
[2026-05-28 19:14:02]     Normalization: none | fit_scope=none
[2026-05-28 19:14:02]     Phase 1 (new): 2,170/16,010 params
[2026-05-28 19:14:03]     Result | best_epoch=21 | stop=31 | final_phase_epochs=31 | acc=0.5000 | bal_acc=0.5000 | pred_hist=[2, 6] | collapse=False
[2026-05-28 19:14:03]     spatial_conv=[4, 29] top_abs_channels=[('Pz', 0.14979459), ('O2', 0.14698672), ('CP3', 0.12570484), ('T3', 0.12281082), ('O1', 0.11898116), ('T4', 0.11847511), ('C3', 0.11465132), ('CP4', 0.11063199)]
[2026-05-28 19:14:03]     spatial_update=delta_l2=0.04766348 max_abs=0.00806545 relative=0.03993658 changed=True

[2026-05-28 19:14:03] Fold 5/5 | subject=24
[2026-05-28 19:14:03]     Train: 32 | counts=[16, 16]
[2026-05-28 19:14:03]     Test:  8 | counts=[4, 4]
[2026-05-28 19:14:03]     Model: SignalJEPA_PreLocal | Pretrained: from_pretrained | Strategy: new
[2026-05-28 19:14:03]     Normalization: none | fit_scope=none
[2026-05-28 19:14:03]     Phase 1 (new): 2,170/16,010 params
[2026-05-28 19:14:04]     Result | best_epoch=26 | stop=36 | final_phase_epochs=36 | acc=0.5000 | bal_acc=0.5000 | pred_hist=[0, 8] | collapse=True
[2026-05-28 19:14:04]     spatial_conv=[4, 29] top_abs_channels=[('Pz', 0.15172723), ('O2', 0.14391431), ('CP3', 0.12272727), ('T3', 0.12234567), ('T4', 0.12130706), ('O1', 0.11983326), ('CP4', 0.1138261), ('C3', 0.11265492)]
[2026-05-28 19:14:04]     spatial_update=delta_l2=0.05677176 max_abs=0.00984906 relative=0.04756829 changed=True
[2026-05-28 19:14:04]   Subject 24: acc=0.4750±0.0500  bal_acc=0.4750±0.0500
[2026-05-28 19:14:04] \nSubject 25: 40 windows | class_counts=[20, 20]

[2026-05-28 19:14:05] Fold 1/5 | subject=25
[2026-05-28 19:14:05]     Train: 32 | counts=[16, 16]
[2026-05-28 19:14:05]     Test:  8 | counts=[4, 4]
[2026-05-28 19:14:05]     Model: SignalJEPA_PreLocal | Pretrained: from_pretrained | Strategy: new
[2026-05-28 19:14:05]     Normalization: none | fit_scope=none
[2026-05-28 19:14:05]     Phase 1 (new): 2,170/16,010 params
[2026-05-28 19:14:05]     Result | best_epoch=4 | stop=14 | final_phase_epochs=14 | acc=0.5000 | bal_acc=0.5000 | pred_hist=[0, 8] | collapse=True
[2026-05-28 19:14:05]     spatial_conv=[4, 29] top_abs_channels=[('Pz', 0.15395831), ('O2', 0.14421502), ('T3', 0.12713209), ('O1', 0.12255818), ('T4', 0.12213111), ('CP3', 0.12100679), ('C3', 0.11406018), ('CP4', 0.11132047)]
[2026-05-28 19:14:05]     spatial_update=delta_l2=0.01243368 max_abs=0.00160086 relative=0.01041801 changed=True

[2026-05-28 19:14:05] Fold 2/5 | subject=25
[2026-05-28 19:14:05]     Train: 32 | counts=[16, 16]
[2026-05-28 19:14:05]     Test:  8 | counts=[4, 4]
[2026-05-28 19:14:05]     Model: SignalJEPA_PreLocal | Pretrained: from_pretrained | Strategy: new
[2026-05-28 19:14:05]     Normalization: none | fit_scope=none
[2026-05-28 19:14:05]     Phase 1 (new): 2,170/16,010 params
[2026-05-28 19:14:06]     Result | best_epoch=1 | stop=11 | final_phase_epochs=11 | acc=0.5000 | bal_acc=0.5000 | pred_hist=[0, 8] | collapse=True
[2026-05-28 19:14:06]     spatial_conv=[4, 29] top_abs_channels=[('Pz', 0.15323901), ('O2', 0.14414138), ('T3', 0.12673478), ('T4', 0.12208758), ('O1', 0.12206212), ('CP3', 0.12112439), ('C3', 0.11503091), ('CP4', 0.11133313)]
[2026-05-28 19:14:06]     spatial_update=delta_l2=0.00430802 max_abs=0.00040000 relative=0.00360963 changed=True

[2026-05-28 19:14:06] Fold 3/5 | subject=25
[2026-05-28 19:14:06]     Train: 32 | counts=[16, 16]
[2026-05-28 19:14:06]     Test:  8 | counts=[4, 4]
[2026-05-28 19:14:06]     Model: SignalJEPA_PreLocal | Pretrained: from_pretrained | Strategy: new
[2026-05-28 19:14:06]     Normalization: none | fit_scope=none
[2026-05-28 19:14:06]     Phase 1 (new): 2,170/16,010 params
[2026-05-28 19:14:06]     Result | best_epoch=5 | stop=15 | final_phase_epochs=15 | acc=0.5000 | bal_acc=0.5000 | pred_hist=[0, 8] | collapse=True
[2026-05-28 19:14:06]     spatial_conv=[4, 29] top_abs_channels=[('Pz', 0.15377635), ('O2', 0.14490288), ('T3', 0.12622474), ('T4', 0.12251075), ('O1', 0.12195827), ('CP3', 0.12046011), ('C3', 0.11418021), ('CP4', 0.11232676)]
[2026-05-28 19:14:06]     spatial_update=delta_l2=0.01648184 max_abs=0.00198354 relative=0.01380991 changed=True

[2026-05-28 19:14:07] Fold 4/5 | subject=25
[2026-05-28 19:14:07]     Train: 32 | counts=[16, 16]
[2026-05-28 19:14:07]     Test:  8 | counts=[4, 4]
[2026-05-28 19:14:07]     Model: SignalJEPA_PreLocal | Pretrained: from_pretrained | Strategy: new
[2026-05-28 19:14:07]     Normalization: none | fit_scope=none
[2026-05-28 19:14:07]     Phase 1 (new): 2,170/16,010 params
[2026-05-28 19:14:07]     Result | best_epoch=4 | stop=14 | final_phase_epochs=14 | acc=0.5000 | bal_acc=0.5000 | pred_hist=[0, 8] | collapse=True
[2026-05-28 19:14:07]     spatial_conv=[4, 29] top_abs_channels=[('Pz', 0.15342446), ('O2', 0.1435449), ('T3', 0.12748303), ('O1', 0.12295675), ('T4', 0.12230122), ('CP3', 0.12082253), ('C3', 0.11519483), ('CP4', 0.11191446)]
[2026-05-28 19:14:07]     spatial_update=delta_l2=0.01395928 max_abs=0.00159481 relative=0.01169629 changed=True

[2026-05-28 19:14:07] Fold 5/5 | subject=25
[2026-05-28 19:14:07]     Train: 32 | counts=[16, 16]
[2026-05-28 19:14:07]     Test:  8 | counts=[4, 4]
[2026-05-28 19:14:07]     Model: SignalJEPA_PreLocal | Pretrained: from_pretrained | Strategy: new
[2026-05-28 19:14:07]     Normalization: none | fit_scope=none
[2026-05-28 19:14:07]     Phase 1 (new): 2,170/16,010 params
[2026-05-28 19:14:08]     Result | best_epoch=8 | stop=18 | final_phase_epochs=18 | acc=0.5000 | bal_acc=0.5000 | pred_hist=[0, 8] | collapse=True
[2026-05-28 19:14:08]     spatial_conv=[4, 29] top_abs_channels=[('Pz', 0.15342656), ('O2', 0.14320657), ('T3', 0.12589496), ('O1', 0.12313928), ('T4', 0.12230143), ('CP3', 0.12125526), ('C3', 0.11417033), ('CP4', 0.11167589)]
[2026-05-28 19:14:08]     spatial_update=delta_l2=0.02037772 max_abs=0.00308361 relative=0.01707422 changed=True
[2026-05-28 19:14:08]   Subject 25: acc=0.5000±0.0000  bal_acc=0.5000±0.0000
[2026-05-28 19:14:08] \nSubject 26: 40 windows | class_counts=[20, 20]

[2026-05-28 19:14:08] Fold 1/5 | subject=26
[2026-05-28 19:14:08]     Train: 32 | counts=[16, 16]
[2026-05-28 19:14:08]     Test:  8 | counts=[4, 4]
[2026-05-28 19:14:08]     Model: SignalJEPA_PreLocal | Pretrained: from_pretrained | Strategy: new
[2026-05-28 19:14:08]     Normalization: none | fit_scope=none
[2026-05-28 19:14:08]     Phase 1 (new): 2,170/16,010 params
[2026-05-28 19:14:09]     Result | best_epoch=8 | stop=18 | final_phase_epochs=18 | acc=0.5000 | bal_acc=0.5000 | pred_hist=[0, 8] | collapse=True
[2026-05-28 19:14:09]     spatial_conv=[4, 29] top_abs_channels=[('Pz', 0.15157944), ('O2', 0.14637075), ('T3', 0.12775311), ('CP3', 0.12300777), ('O1', 0.12112661), ('T4', 0.12093966), ('C3', 0.11537863), ('CP4', 0.11055705)]
[2026-05-28 19:14:09]     spatial_update=delta_l2=0.01868697 max_abs=0.00317036 relative=0.01565756 changed=True

[2026-05-28 19:14:09] Fold 2/5 | subject=26
[2026-05-28 19:14:09]     Train: 32 | counts=[16, 16]
[2026-05-28 19:14:09]     Test:  8 | counts=[4, 4]
[2026-05-28 19:14:09]     Model: SignalJEPA_PreLocal | Pretrained: from_pretrained | Strategy: new
[2026-05-28 19:14:09]     Normalization: none | fit_scope=none
[2026-05-28 19:14:09]     Phase 1 (new): 2,170/16,010 params
[2026-05-28 19:14:10]     Result | best_epoch=4 | stop=14 | final_phase_epochs=14 | acc=0.5000 | bal_acc=0.5000 | pred_hist=[0, 8] | collapse=True
[2026-05-28 19:14:10]     spatial_conv=[4, 29] top_abs_channels=[('Pz', 0.15280417), ('O2', 0.14360505), ('T3', 0.1277554), ('O1', 0.12273373), ('T4', 0.12220204), ('CP3', 0.12159188), ('C3', 0.11553204), ('CP4', 0.11138032)]
[2026-05-28 19:14:10]     spatial_update=delta_l2=0.01265315 max_abs=0.00159116 relative=0.01060190 changed=True

[2026-05-28 19:14:10] Fold 3/5 | subject=26
[2026-05-28 19:14:10]     Train: 32 | counts=[16, 16]
[2026-05-28 19:14:10]     Test:  8 | counts=[4, 4]
[2026-05-28 19:14:10]     Model: SignalJEPA_PreLocal | Pretrained: from_pretrained | Strategy: new
[2026-05-28 19:14:10]     Normalization: none | fit_scope=none
[2026-05-28 19:14:10]     Phase 1 (new): 2,170/16,010 params
[2026-05-28 19:14:10]     Result | best_epoch=2 | stop=12 | final_phase_epochs=12 | acc=0.5000 | bal_acc=0.5000 | pred_hist=[0, 8] | collapse=True
[2026-05-28 19:14:10]     spatial_conv=[4, 29] top_abs_channels=[('Pz', 0.15345685), ('O2', 0.14455909), ('T3', 0.12673469), ('T4', 0.12219982), ('O1', 0.12127901), ('CP3', 0.1211665), ('C3', 0.11566369), ('CP4', 0.11068638)]
[2026-05-28 19:14:10]     spatial_update=delta_l2=0.00725897 max_abs=0.00080052 relative=0.00608219 changed=True

[2026-05-28 19:14:11] Fold 4/5 | subject=26
[2026-05-28 19:14:11]     Train: 32 | counts=[16, 16]
[2026-05-28 19:14:11]     Test:  8 | counts=[4, 4]
[2026-05-28 19:14:11]     Model: SignalJEPA_PreLocal | Pretrained: from_pretrained | Strategy: new
[2026-05-28 19:14:11]     Normalization: none | fit_scope=none
[2026-05-28 19:14:11]     Phase 1 (new): 2,170/16,010 params
[2026-05-28 19:14:11]     Result | best_epoch=8 | stop=14 | final_phase_epochs=14 | acc=0.5000 | bal_acc=0.5000 | pred_hist=[0, 8] | collapse=True
[2026-05-28 19:14:11]     spatial_conv=[4, 29] top_abs_channels=[('Pz', 0.15212223), ('O2', 0.14506796), ('T3', 0.12766246), ('T4', 0.12162415), ('O1', 0.12123797), ('CP3', 0.12117001), ('C3', 0.11589997), ('CP4', 0.11029387)]
[2026-05-28 19:14:11]     spatial_update=delta_l2=0.01097215 max_abs=0.00159480 relative=0.00919341 changed=True

[2026-05-28 19:14:11] Fold 5/5 | subject=26
[2026-05-28 19:14:11]     Train: 32 | counts=[16, 16]
[2026-05-28 19:14:11]     Test:  8 | counts=[4, 4]
[2026-05-28 19:14:11]     Model: SignalJEPA_PreLocal | Pretrained: from_pretrained | Strategy: new
[2026-05-28 19:14:11]     Normalization: none | fit_scope=none
[2026-05-28 19:14:11]     Phase 1 (new): 2,170/16,010 params
[2026-05-28 19:14:12]     Result | best_epoch=4 | stop=14 | final_phase_epochs=14 | acc=0.5000 | bal_acc=0.5000 | pred_hist=[0, 8] | collapse=True
[2026-05-28 19:14:12]     spatial_conv=[4, 29] top_abs_channels=[('Pz', 0.15191868), ('O2', 0.14435849), ('T3', 0.12676619), ('T4', 0.12221978), ('O1', 0.12212998), ('CP3', 0.12134384), ('C3', 0.11605814), ('CP4', 0.11042804)]
[2026-05-28 19:14:12]     spatial_update=delta_l2=0.01095280 max_abs=0.00159144 relative=0.00917720 changed=True
[2026-05-28 19:14:12]   Subject 26: acc=0.5000±0.0000  bal_acc=0.5000±0.0000
[2026-05-28 19:14:12] \nSubject 27: 40 windows | class_counts=[20, 20]

[2026-05-28 19:14:12] Fold 1/5 | subject=27
[2026-05-28 19:14:12]     Train: 32 | counts=[16, 16]
[2026-05-28 19:14:12]     Test:  8 | counts=[4, 4]
[2026-05-28 19:14:12]     Model: SignalJEPA_PreLocal | Pretrained: from_pretrained | Strategy: new
[2026-05-28 19:14:12]     Normalization: none | fit_scope=none
[2026-05-28 19:14:12]     Phase 1 (new): 2,170/16,010 params
[2026-05-28 19:14:13]     Result | best_epoch=11 | stop=21 | final_phase_epochs=21 | acc=0.6250 | bal_acc=0.6250 | pred_hist=[1, 7] | collapse=False
[2026-05-28 19:14:13]     spatial_conv=[4, 29] top_abs_channels=[('Pz', 0.15230474), ('O2', 0.14477123), ('T3', 0.12718946), ('O1', 0.12343016), ('T4', 0.12248337), ('CP3', 0.12224496), ('C3', 0.11687879), ('CP4', 0.11129298)]
[2026-05-28 19:14:13]     spatial_update=delta_l2=0.03193273 max_abs=0.00429270 relative=0.02675600 changed=True

[2026-05-28 19:14:13] Fold 2/5 | subject=27
[2026-05-28 19:14:13]     Train: 32 | counts=[16, 16]
[2026-05-28 19:14:13]     Test:  8 | counts=[4, 4]
[2026-05-28 19:14:13]     Model: SignalJEPA_PreLocal | Pretrained: from_pretrained | Strategy: new
[2026-05-28 19:14:13]     Normalization: none | fit_scope=none
[2026-05-28 19:14:13]     Phase 1 (new): 2,170/16,010 params
[2026-05-28 19:14:13]     Result | best_epoch=3 | stop=13 | final_phase_epochs=13 | acc=0.5000 | bal_acc=0.5000 | pred_hist=[0, 8] | collapse=True
[2026-05-28 19:14:13]     spatial_conv=[4, 29] top_abs_channels=[('Pz', 0.15308416), ('O2', 0.14454922), ('T3', 0.12696044), ('T4', 0.12218971), ('O1', 0.12217268), ('CP3', 0.12117946), ('C3', 0.11540303), ('CP4', 0.11125328)]
[2026-05-28 19:14:13]     spatial_update=delta_l2=0.00929225 max_abs=0.00119822 relative=0.00778585 changed=True

[2026-05-28 19:14:14] Fold 3/5 | subject=27
[2026-05-28 19:14:14]     Train: 32 | counts=[16, 16]
[2026-05-28 19:14:14]     Test:  8 | counts=[4, 4]
[2026-05-28 19:14:14]     Model: SignalJEPA_PreLocal | Pretrained: from_pretrained | Strategy: new
[2026-05-28 19:14:14]     Normalization: none | fit_scope=none
[2026-05-28 19:14:14]     Phase 1 (new): 2,170/16,010 params
[2026-05-28 19:14:14]     Result | best_epoch=16 | stop=20 | final_phase_epochs=20 | acc=0.5000 | bal_acc=0.5000 | pred_hist=[0, 8] | collapse=True
[2026-05-28 19:14:14]     spatial_conv=[4, 29] top_abs_channels=[('Pz', 0.15316337), ('O2', 0.14602229), ('T3', 0.12753241), ('O1', 0.12351689), ('T4', 0.12143557), ('CP3', 0.12119659), ('C3', 0.1161583), ('CP4', 0.11118139)]
[2026-05-28 19:14:14]     spatial_update=delta_l2=0.02907570 max_abs=0.00392678 relative=0.02436213 changed=True

[2026-05-28 19:14:15] Fold 4/5 | subject=27
[2026-05-28 19:14:15]     Train: 32 | counts=[16, 16]
[2026-05-28 19:14:15]     Test:  8 | counts=[4, 4]
[2026-05-28 19:14:15]     Model: SignalJEPA_PreLocal | Pretrained: from_pretrained | Strategy: new
[2026-05-28 19:14:15]     Normalization: none | fit_scope=none
[2026-05-28 19:14:15]     Phase 1 (new): 2,170/16,010 params
[2026-05-28 19:14:15]     Result | best_epoch=6 | stop=16 | final_phase_epochs=16 | acc=0.7500 | bal_acc=0.7500 | pred_hist=[2, 6] | collapse=False
[2026-05-28 19:14:15]     spatial_conv=[4, 29] top_abs_channels=[('Pz', 0.15207373), ('O2', 0.14427052), ('T3', 0.12769303), ('O1', 0.12244364), ('CP3', 0.12181673), ('T4', 0.12165225), ('C3', 0.11390735), ('CP4', 0.10961103)]
[2026-05-28 19:14:15]     spatial_update=delta_l2=0.01649444 max_abs=0.00233471 relative=0.01382046 changed=True

[2026-05-28 19:14:15] Fold 5/5 | subject=27
[2026-05-28 19:14:15]     Train: 32 | counts=[16, 16]
[2026-05-28 19:14:15]     Test:  8 | counts=[4, 4]
[2026-05-28 19:14:15]     Model: SignalJEPA_PreLocal | Pretrained: from_pretrained | Strategy: new
[2026-05-28 19:14:15]     Normalization: none | fit_scope=none
[2026-05-28 19:14:15]     Phase 1 (new): 2,170/16,010 params
[2026-05-28 19:14:16]     Result | best_epoch=3 | stop=13 | final_phase_epochs=13 | acc=0.5000 | bal_acc=0.5000 | pred_hist=[0, 8] | collapse=True
[2026-05-28 19:14:16]     spatial_conv=[4, 29] top_abs_channels=[('Pz', 0.15306742), ('O2', 0.14384076), ('T3', 0.12673379), ('T4', 0.12189426), ('O1', 0.1218848), ('CP3', 0.1208318), ('C3', 0.11551279), ('CP4', 0.11072789)]
[2026-05-28 19:14:16]     spatial_update=delta_l2=0.00982626 max_abs=0.00119743 relative=0.00823329 changed=True
[2026-05-28 19:14:16]   Subject 27: acc=0.5750±0.1000  bal_acc=0.5750±0.1000
[2026-05-28 19:14:16] \nSubject 28: 40 windows | class_counts=[20, 20]

[2026-05-28 19:14:16] Fold 1/5 | subject=28
[2026-05-28 19:14:16]     Train: 32 | counts=[16, 16]
[2026-05-28 19:14:16]     Test:  8 | counts=[4, 4]
[2026-05-28 19:14:16]     Model: SignalJEPA_PreLocal | Pretrained: from_pretrained | Strategy: new
[2026-05-28 19:14:16]     Normalization: none | fit_scope=none
[2026-05-28 19:14:16]     Phase 1 (new): 2,170/16,010 params
[2026-05-28 19:14:17]     Result | best_epoch=8 | stop=18 | final_phase_epochs=18 | acc=0.5000 | bal_acc=0.5000 | pred_hist=[0, 8] | collapse=True
[2026-05-28 19:14:17]     spatial_conv=[4, 29] top_abs_channels=[('Pz', 0.15181594), ('O2', 0.14529923), ('T3', 0.12735534), ('T4', 0.12423458), ('O1', 0.12157743), ('CP3', 0.12141117), ('C3', 0.11409037), ('Fp1', 0.1092258)]
[2026-05-28 19:14:17]     spatial_update=delta_l2=0.02520059 max_abs=0.00316983 relative=0.02111523 changed=True

[2026-05-28 19:14:17] Fold 2/5 | subject=28
[2026-05-28 19:14:17]     Train: 32 | counts=[16, 16]
[2026-05-28 19:14:17]     Test:  8 | counts=[4, 4]
[2026-05-28 19:14:17]     Model: SignalJEPA_PreLocal | Pretrained: from_pretrained | Strategy: new
[2026-05-28 19:14:17]     Normalization: none | fit_scope=none
[2026-05-28 19:14:17]     Phase 1 (new): 2,170/16,010 params
[2026-05-28 19:14:18]     Result | best_epoch=4 | stop=14 | final_phase_epochs=14 | acc=0.5000 | bal_acc=0.5000 | pred_hist=[0, 8] | collapse=True
[2026-05-28 19:14:18]     spatial_conv=[4, 29] top_abs_channels=[('Pz', 0.15321037), ('O2', 0.14402604), ('T3', 0.12680511), ('T4', 0.1228233), ('CP3', 0.12214325), ('O1', 0.12174881), ('C3', 0.1147603), ('CP4', 0.11082301)]
[2026-05-28 19:14:18]     spatial_update=delta_l2=0.01278413 max_abs=0.00159640 relative=0.01071165 changed=True

[2026-05-28 19:14:18] Fold 3/5 | subject=28
[2026-05-28 19:14:18]     Train: 32 | counts=[16, 16]
[2026-05-28 19:14:18]     Test:  8 | counts=[4, 4]
[2026-05-28 19:14:18]     Model: SignalJEPA_PreLocal | Pretrained: from_pretrained | Strategy: new
[2026-05-28 19:14:18]     Normalization: none | fit_scope=none
[2026-05-28 19:14:18]     Phase 1 (new): 2,170/16,010 params
[2026-05-28 19:14:18]     Result | best_epoch=3 | stop=13 | final_phase_epochs=13 | acc=0.5000 | bal_acc=0.5000 | pred_hist=[0, 8] | collapse=True
[2026-05-28 19:14:18]     spatial_conv=[4, 29] top_abs_channels=[('Pz', 0.15272421), ('O2', 0.14463337), ('T3', 0.12671933), ('T4', 0.12191445), ('CP3', 0.12143656), ('O1', 0.12141119), ('C3', 0.11438683), ('CP4', 0.11043987)]
[2026-05-28 19:14:18]     spatial_update=delta_l2=0.01089484 max_abs=0.00120104 relative=0.00912864 changed=True

[2026-05-28 19:14:19] Fold 4/5 | subject=28
[2026-05-28 19:14:19]     Train: 32 | counts=[16, 16]
[2026-05-28 19:14:19]     Test:  8 | counts=[4, 4]
[2026-05-28 19:14:19]     Model: SignalJEPA_PreLocal | Pretrained: from_pretrained | Strategy: new
[2026-05-28 19:14:19]     Normalization: none | fit_scope=none
[2026-05-28 19:14:19]     Phase 1 (new): 2,170/16,010 params
[2026-05-28 19:14:19]     Result | best_epoch=4 | stop=14 | final_phase_epochs=14 | acc=0.5000 | bal_acc=0.5000 | pred_hist=[0, 8] | collapse=True
[2026-05-28 19:14:19]     spatial_conv=[4, 29] top_abs_channels=[('Pz', 0.15250374), ('O2', 0.14495213), ('T3', 0.12746948), ('T4', 0.12193277), ('O1', 0.12182571), ('CP3', 0.12110738), ('C3', 0.11506762), ('CP4', 0.11020059)]
[2026-05-28 19:14:19]     spatial_update=delta_l2=0.01273089 max_abs=0.00160207 relative=0.01066704 changed=True

[2026-05-28 19:14:20] Fold 5/5 | subject=28
[2026-05-28 19:14:20]     Train: 32 | counts=[16, 16]
[2026-05-28 19:14:20]     Test:  8 | counts=[4, 4]
[2026-05-28 19:14:20]     Model: SignalJEPA_PreLocal | Pretrained: from_pretrained | Strategy: new
[2026-05-28 19:14:20]     Normalization: none | fit_scope=none
[2026-05-28 19:14:20]     Phase 1 (new): 2,170/16,010 params
[2026-05-28 19:14:20]     Result | best_epoch=1 | stop=11 | final_phase_epochs=11 | acc=0.5000 | bal_acc=0.5000 | pred_hist=[0, 8] | collapse=True
[2026-05-28 19:14:20]     spatial_conv=[4, 29] top_abs_channels=[('Pz', 0.15303901), ('O2', 0.14434138), ('T3', 0.12693477), ('T4', 0.12248758), ('O1', 0.12186213), ('CP3', 0.12132439), ('C3', 0.1152309), ('CP4', 0.11053314)]
[2026-05-28 19:14:20]     spatial_update=delta_l2=0.00430799 max_abs=0.00040000 relative=0.00360960 changed=True
[2026-05-28 19:14:20]   Subject 28: acc=0.5000±0.0000  bal_acc=0.5000±0.0000
[2026-05-28 19:14:20] \nSubject 29: 40 windows | class_counts=[20, 20]

[2026-05-28 19:14:20] Fold 1/5 | subject=29
[2026-05-28 19:14:20]     Train: 32 | counts=[16, 16]
[2026-05-28 19:14:20]     Test:  8 | counts=[4, 4]
[2026-05-28 19:14:20]     Model: SignalJEPA_PreLocal | Pretrained: from_pretrained | Strategy: new
[2026-05-28 19:14:20]     Normalization: none | fit_scope=none
[2026-05-28 19:14:20]     Phase 1 (new): 2,170/16,010 params
[2026-05-28 19:14:21]     Result | best_epoch=2 | stop=12 | final_phase_epochs=12 | acc=0.5000 | bal_acc=0.5000 | pred_hist=[0, 8] | collapse=True
[2026-05-28 19:14:21]     spatial_conv=[4, 29] top_abs_channels=[('Pz', 0.15304121), ('O2', 0.14448039), ('T3', 0.12673436), ('T4', 0.12169303), ('O1', 0.12147581), ('CP3', 0.12139952), ('C3', 0.11550242), ('CP4', 0.11123988)]
[2026-05-28 19:14:21]     spatial_update=delta_l2=0.00744787 max_abs=0.00080052 relative=0.00624047 changed=True

[2026-05-28 19:14:21] Fold 2/5 | subject=29
[2026-05-28 19:14:21]     Train: 32 | counts=[16, 16]
[2026-05-28 19:14:21]     Test:  8 | counts=[4, 4]
[2026-05-28 19:14:21]     Model: SignalJEPA_PreLocal | Pretrained: from_pretrained | Strategy: new
[2026-05-28 19:14:21]     Normalization: none | fit_scope=none
[2026-05-28 19:14:21]     Phase 1 (new): 2,170/16,010 params
[2026-05-28 19:14:22]     Result | best_epoch=6 | stop=16 | final_phase_epochs=16 | acc=0.5000 | bal_acc=0.5000 | pred_hist=[0, 8] | collapse=True
[2026-05-28 19:14:22]     spatial_conv=[4, 29] top_abs_channels=[('Pz', 0.15283063), ('O2', 0.14583877), ('T3', 0.12563488), ('CP3', 0.1221349), ('O1', 0.12139389), ('T4', 0.1209546), ('C3', 0.11518303), ('CP4', 0.11116301)]
[2026-05-28 19:14:22]     spatial_update=delta_l2=0.01890101 max_abs=0.00240060 relative=0.01583690 changed=True

[2026-05-28 19:14:22] Fold 3/5 | subject=29
[2026-05-28 19:14:22]     Train: 32 | counts=[16, 16]
[2026-05-28 19:14:22]     Test:  8 | counts=[4, 4]
[2026-05-28 19:14:22]     Model: SignalJEPA_PreLocal | Pretrained: from_pretrained | Strategy: new
[2026-05-28 19:14:22]     Normalization: none | fit_scope=none
[2026-05-28 19:14:22]     Phase 1 (new): 2,170/16,010 params
[2026-05-28 19:14:22]     Result | best_epoch=6 | stop=16 | final_phase_epochs=16 | acc=0.5000 | bal_acc=0.5000 | pred_hist=[0, 8] | collapse=True
[2026-05-28 19:14:22]     spatial_conv=[4, 29] top_abs_channels=[('Pz', 0.1522007), ('O2', 0.14551046), ('T3', 0.12664413), ('CP3', 0.12258583), ('T4', 0.1205752), ('O1', 0.11977486), ('C3', 0.11558063), ('CP4', 0.11125595)]
[2026-05-28 19:14:22]     spatial_update=delta_l2=0.02074071 max_abs=0.00239331 relative=0.01737836 changed=True

[2026-05-28 19:14:23] Fold 4/5 | subject=29
[2026-05-28 19:14:23]     Train: 32 | counts=[16, 16]
[2026-05-28 19:14:23]     Test:  8 | counts=[4, 4]
[2026-05-28 19:14:23]     Model: SignalJEPA_PreLocal | Pretrained: from_pretrained | Strategy: new
[2026-05-28 19:14:23]     Normalization: none | fit_scope=none
[2026-05-28 19:14:23]     Phase 1 (new): 2,170/16,010 params
[2026-05-28 19:14:23]     Result | best_epoch=5 | stop=15 | final_phase_epochs=15 | acc=0.5000 | bal_acc=0.5000 | pred_hist=[0, 8] | collapse=True
[2026-05-28 19:14:23]     spatial_conv=[4, 29] top_abs_channels=[('Pz', 0.15282032), ('O2', 0.14518988), ('T3', 0.12635863), ('CP3', 0.12211141), ('O1', 0.12099152), ('T4', 0.1203258), ('C3', 0.11589622), ('CP4', 0.11177673)]
[2026-05-28 19:14:23]     spatial_update=delta_l2=0.01611406 max_abs=0.00199965 relative=0.01350175 changed=True

[2026-05-28 19:14:24] Fold 5/5 | subject=29
[2026-05-28 19:14:24]     Train: 32 | counts=[16, 16]
[2026-05-28 19:14:24]     Test:  8 | counts=[4, 4]
[2026-05-28 19:14:24]     Model: SignalJEPA_PreLocal | Pretrained: from_pretrained | Strategy: new
[2026-05-28 19:14:24]     Normalization: none | fit_scope=none
[2026-05-28 19:14:24]     Phase 1 (new): 2,170/16,010 params
[2026-05-28 19:14:24]     Result | best_epoch=25 | stop=30 | final_phase_epochs=30 | acc=0.3750 | bal_acc=0.3750 | pred_hist=[1, 7] | collapse=False
[2026-05-28 19:14:24]     spatial_conv=[4, 29] top_abs_channels=[('Pz', 0.15329674), ('O2', 0.14812681), ('T3', 0.12356964), ('CP3', 0.12246682), ('T4', 0.11993154), ('O1', 0.1169329), ('C3', 0.11427751), ('CP4', 0.11415207)]
[2026-05-28 19:14:24]     spatial_update=delta_l2=0.04983601 max_abs=0.00761969 relative=0.04175692 changed=True
[2026-05-28 19:14:24]   Subject 29: acc=0.4750±0.0500  bal_acc=0.4750±0.0500
[2026-05-28 19:14:24] \nSubject 30: 40 windows | class_counts=[20, 20]

[2026-05-28 19:14:24] Fold 1/5 | subject=30
[2026-05-28 19:14:24]     Train: 32 | counts=[16, 16]
[2026-05-28 19:14:24]     Test:  8 | counts=[4, 4]
[2026-05-28 19:14:24]     Model: SignalJEPA_PreLocal | Pretrained: from_pretrained | Strategy: new
[2026-05-28 19:14:24]     Normalization: none | fit_scope=none
[2026-05-28 19:14:24]     Phase 1 (new): 2,170/16,010 params
[2026-05-28 19:14:25]     Result | best_epoch=8 | stop=18 | final_phase_epochs=18 | acc=0.5000 | bal_acc=0.5000 | pred_hist=[0, 8] | collapse=True
[2026-05-28 19:14:25]     spatial_conv=[4, 29] top_abs_channels=[('Pz', 0.15409647), ('O2', 0.14496303), ('T3', 0.12610646), ('CP3', 0.12189761), ('O1', 0.12161057), ('T4', 0.12068993), ('C3', 0.11533198), ('CP4', 0.11236396)]
[2026-05-28 19:14:25]     spatial_update=delta_l2=0.02250871 max_abs=0.00315587 relative=0.01885974 changed=True

[2026-05-28 19:14:25] Fold 2/5 | subject=30
[2026-05-28 19:14:25]     Train: 32 | counts=[16, 16]
[2026-05-28 19:14:25]     Test:  8 | counts=[4, 4]
[2026-05-28 19:14:25]     Model: SignalJEPA_PreLocal | Pretrained: from_pretrained | Strategy: new
[2026-05-28 19:14:25]     Normalization: none | fit_scope=none
[2026-05-28 19:14:25]     Phase 1 (new): 2,170/16,010 params
[2026-05-28 19:14:26]     Result | best_epoch=8 | stop=18 | final_phase_epochs=18 | acc=0.6250 | bal_acc=0.6250 | pred_hist=[1, 7] | collapse=False
[2026-05-28 19:14:26]     spatial_conv=[4, 29] top_abs_channels=[('Pz', 0.1536286), ('O2', 0.14557929), ('T3', 0.12699197), ('CP3', 0.1227778), ('O1', 0.12146701), ('T4', 0.12023493), ('C3', 0.11657245), ('CP4', 0.11053722)]
[2026-05-28 19:14:26]     spatial_update=delta_l2=0.02337424 max_abs=0.00315180 relative=0.01958496 changed=True

[2026-05-28 19:14:26] Fold 3/5 | subject=30
[2026-05-28 19:14:26]     Train: 32 | counts=[16, 16]
[2026-05-28 19:14:26]     Test:  8 | counts=[4, 4]
[2026-05-28 19:14:26]     Model: SignalJEPA_PreLocal | Pretrained: from_pretrained | Strategy: new
[2026-05-28 19:14:26]     Normalization: none | fit_scope=none
[2026-05-28 19:14:26]     Phase 1 (new): 2,170/16,010 params
[2026-05-28 19:14:27]     Result | best_epoch=40 | stop=50 | final_phase_epochs=50 | acc=0.5000 | bal_acc=0.5000 | pred_hist=[2, 6] | collapse=False
[2026-05-28 19:14:27]     spatial_conv=[4, 29] top_abs_channels=[('O2', 0.15022099), ('Pz', 0.14790359), ('T3', 0.12952906), ('O1', 0.12351349), ('CP3', 0.12257175), ('C3', 0.1180267), ('CP4', 0.1156619), ('T4', 0.11517161)]
[2026-05-28 19:14:27]     spatial_update=delta_l2=0.09986682 max_abs=0.01687403 relative=0.08367705 changed=True

[2026-05-28 19:14:28] Fold 4/5 | subject=30
[2026-05-28 19:14:28]     Train: 32 | counts=[16, 16]
[2026-05-28 19:14:28]     Test:  8 | counts=[4, 4]
[2026-05-28 19:14:28]     Model: SignalJEPA_PreLocal | Pretrained: from_pretrained | Strategy: new
[2026-05-28 19:14:28]     Normalization: none | fit_scope=none
[2026-05-28 19:14:28]     Phase 1 (new): 2,170/16,010 params
[2026-05-28 19:14:28]     Result | best_epoch=12 | stop=22 | final_phase_epochs=22 | acc=0.2500 | bal_acc=0.2500 | pred_hist=[2, 6] | collapse=False
[2026-05-28 19:14:28]     spatial_conv=[4, 29] top_abs_channels=[('Pz', 0.15135255), ('O2', 0.14707096), ('T3', 0.12620202), ('CP3', 0.12356661), ('O1', 0.12167154), ('T4', 0.11971667), ('C3', 0.11377956), ('CP4', 0.11265045)]
[2026-05-28 19:14:28]     spatial_update=delta_l2=0.03231244 max_abs=0.00463344 relative=0.02707416 changed=True

[2026-05-28 19:14:28] Fold 5/5 | subject=30
[2026-05-28 19:14:28]     Train: 32 | counts=[16, 16]
[2026-05-28 19:14:28]     Test:  8 | counts=[4, 4]
[2026-05-28 19:14:28]     Model: SignalJEPA_PreLocal | Pretrained: from_pretrained | Strategy: new
[2026-05-28 19:14:28]     Normalization: none | fit_scope=none
[2026-05-28 19:14:28]     Phase 1 (new): 2,170/16,010 params
[2026-05-28 19:14:29]     Result | best_epoch=8 | stop=18 | final_phase_epochs=18 | acc=0.5000 | bal_acc=0.5000 | pred_hist=[0, 8] | collapse=True
[2026-05-28 19:14:29]     spatial_conv=[4, 29] top_abs_channels=[('Pz', 0.15313965), ('O2', 0.1446583), ('T3', 0.12612551), ('O1', 0.12176323), ('T4', 0.12167821), ('CP3', 0.12145481), ('C3', 0.11456139), ('CP4', 0.11131287)]
[2026-05-28 19:14:29]     spatial_update=delta_l2=0.02283495 max_abs=0.00319454 relative=0.01913309 changed=True
[2026-05-28 19:14:29]   Subject 30: acc=0.4750±0.1225  bal_acc=0.4750±0.1225
[2026-05-28 19:14:29] \nSubject 31: 40 windows | class_counts=[20, 20]

[2026-05-28 19:14:29] Fold 1/5 | subject=31
[2026-05-28 19:14:29]     Train: 32 | counts=[16, 16]
[2026-05-28 19:14:29]     Test:  8 | counts=[4, 4]
[2026-05-28 19:14:29]     Model: SignalJEPA_PreLocal | Pretrained: from_pretrained | Strategy: new
[2026-05-28 19:14:29]     Normalization: none | fit_scope=none
[2026-05-28 19:14:29]     Phase 1 (new): 2,170/16,010 params
[2026-05-28 19:14:30]     Result | best_epoch=4 | stop=14 | final_phase_epochs=14 | acc=0.5000 | bal_acc=0.5000 | pred_hist=[0, 8] | collapse=True
[2026-05-28 19:14:30]     spatial_conv=[4, 29] top_abs_channels=[('Pz', 0.15416297), ('O2', 0.14310654), ('T3', 0.12703258), ('O1', 0.1221133), ('T4', 0.12201596), ('CP3', 0.12106546), ('C3', 0.11529281), ('CP4', 0.11207664)]
[2026-05-28 19:14:30]     spatial_update=delta_l2=0.01148543 max_abs=0.00157048 relative=0.00962349 changed=True

[2026-05-28 19:14:30] Fold 2/5 | subject=31
[2026-05-28 19:14:30]     Train: 32 | counts=[16, 16]
[2026-05-28 19:14:30]     Test:  8 | counts=[4, 4]
[2026-05-28 19:14:30]     Model: SignalJEPA_PreLocal | Pretrained: from_pretrained | Strategy: new
[2026-05-28 19:14:30]     Normalization: none | fit_scope=none
[2026-05-28 19:14:30]     Phase 1 (new): 2,170/16,010 params
[2026-05-28 19:14:30]     Result | best_epoch=4 | stop=14 | final_phase_epochs=14 | acc=0.6250 | bal_acc=0.6250 | pred_hist=[1, 7] | collapse=False
[2026-05-28 19:14:30]     spatial_conv=[4, 29] top_abs_channels=[('Pz', 0.15354246), ('O2', 0.14444548), ('T3', 0.12742856), ('O1', 0.12233816), ('T4', 0.12145974), ('CP3', 0.12072717), ('C3', 0.11473362), ('CP4', 0.11078047)]
[2026-05-28 19:14:30]     spatial_update=delta_l2=0.01237446 max_abs=0.00158293 relative=0.01036840 changed=True

[2026-05-28 19:14:31] Fold 3/5 | subject=31
[2026-05-28 19:14:31]     Train: 32 | counts=[16, 16]
[2026-05-28 19:14:31]     Test:  8 | counts=[4, 4]
[2026-05-28 19:14:31]     Model: SignalJEPA_PreLocal | Pretrained: from_pretrained | Strategy: new
[2026-05-28 19:14:31]     Normalization: none | fit_scope=none
[2026-05-28 19:14:31]     Phase 1 (new): 2,170/16,010 params
[2026-05-28 19:14:31]     Result | best_epoch=4 | stop=12 | final_phase_epochs=12 | acc=0.5000 | bal_acc=0.5000 | pred_hist=[0, 8] | collapse=True
[2026-05-28 19:14:31]     spatial_conv=[4, 29] top_abs_channels=[('Pz', 0.1537632), ('O2', 0.14370549), ('T3', 0.12741517), ('O1', 0.12256243), ('T4', 0.12195381), ('CP3', 0.1211922), ('C3', 0.11522184), ('CP4', 0.11083098)]
[2026-05-28 19:14:31]     spatial_update=delta_l2=0.00714523 max_abs=0.00080045 relative=0.00598689 changed=True

[2026-05-28 19:14:32] Fold 4/5 | subject=31
[2026-05-28 19:14:32]     Train: 32 | counts=[16, 16]
[2026-05-28 19:14:32]     Test:  8 | counts=[4, 4]
[2026-05-28 19:14:32]     Model: SignalJEPA_PreLocal | Pretrained: from_pretrained | Strategy: new
[2026-05-28 19:14:32]     Normalization: none | fit_scope=none
[2026-05-28 19:14:32]     Phase 1 (new): 2,170/16,010 params
[2026-05-28 19:14:32]     Result | best_epoch=9 | stop=19 | final_phase_epochs=19 | acc=0.5000 | bal_acc=0.5000 | pred_hist=[0, 8] | collapse=True
[2026-05-28 19:14:32]     spatial_conv=[4, 29] top_abs_channels=[('Pz', 0.15456927), ('O2', 0.14174376), ('T3', 0.12695016), ('O1', 0.12227258), ('CP3', 0.1214298), ('T4', 0.12126508), ('C3', 0.11545046), ('CP4', 0.11169351)]
[2026-05-28 19:14:32]     spatial_update=delta_l2=0.02103083 max_abs=0.00333189 relative=0.01762144 changed=True

[2026-05-28 19:14:32] Fold 5/5 | subject=31
[2026-05-28 19:14:32]     Train: 32 | counts=[16, 16]
[2026-05-28 19:14:32]     Test:  8 | counts=[4, 4]
[2026-05-28 19:14:32]     Model: SignalJEPA_PreLocal | Pretrained: from_pretrained | Strategy: new
[2026-05-28 19:14:32]     Normalization: none | fit_scope=none
[2026-05-28 19:14:32]     Phase 1 (new): 2,170/16,010 params
[2026-05-28 19:14:33]     Result | best_epoch=5 | stop=15 | final_phase_epochs=15 | acc=0.5000 | bal_acc=0.5000 | pred_hist=[0, 8] | collapse=True
[2026-05-28 19:14:33]     spatial_conv=[4, 29] top_abs_channels=[('Pz', 0.1540013), ('O2', 0.14318575), ('T3', 0.12681498), ('O1', 0.12263263), ('T4', 0.12179886), ('CP3', 0.12094197), ('C3', 0.1159261), ('CP4', 0.11120317)]
[2026-05-28 19:14:33]     spatial_update=delta_l2=0.01393282 max_abs=0.00199845 relative=0.01167412 changed=True
[2026-05-28 19:14:33]   Subject 31: acc=0.5250±0.0500  bal_acc=0.5250±0.0500
[2026-05-28 19:14:33] \nSubject 32: 40 windows | class_counts=[20, 20]

[2026-05-28 19:14:33] Fold 1/5 | subject=32
[2026-05-28 19:14:33]     Train: 32 | counts=[16, 16]
[2026-05-28 19:14:33]     Test:  8 | counts=[4, 4]
[2026-05-28 19:14:33]     Model: SignalJEPA_PreLocal | Pretrained: from_pretrained | Strategy: new
[2026-05-28 19:14:33]     Normalization: none | fit_scope=none
[2026-05-28 19:14:33]     Phase 1 (new): 2,170/16,010 params
[2026-05-28 19:14:33]     Result | best_epoch=2 | stop=12 | final_phase_epochs=12 | acc=0.5000 | bal_acc=0.5000 | pred_hist=[0, 8] | collapse=True
[2026-05-28 19:14:33]     spatial_conv=[4, 29] top_abs_channels=[('Pz', 0.15324809), ('O2', 0.14383931), ('T3', 0.12641732), ('O1', 0.12210287), ('T4', 0.12204951), ('CP3', 0.12171671), ('C3', 0.11562158), ('CP4', 0.11062069)]
[2026-05-28 19:14:33]     spatial_update=delta_l2=0.00705589 max_abs=0.00080026 relative=0.00591203 changed=True

[2026-05-28 19:14:34] Fold 2/5 | subject=32
[2026-05-28 19:14:34]     Train: 32 | counts=[16, 16]
[2026-05-28 19:14:34]     Test:  8 | counts=[4, 4]
[2026-05-28 19:14:34]     Model: SignalJEPA_PreLocal | Pretrained: from_pretrained | Strategy: new
[2026-05-28 19:14:34]     Normalization: none | fit_scope=none
[2026-05-28 19:14:34]     Phase 1 (new): 2,170/16,010 params
[2026-05-28 19:14:34]     Result | best_epoch=2 | stop=12 | final_phase_epochs=12 | acc=0.6250 | bal_acc=0.6250 | pred_hist=[1, 7] | collapse=False
[2026-05-28 19:14:34]     spatial_conv=[4, 29] top_abs_channels=[('Pz', 0.1526863), ('O2', 0.14426017), ('T3', 0.12652782), ('T4', 0.1227678), ('O1', 0.12146557), ('CP3', 0.12112163), ('C3', 0.11534694), ('CP4', 0.11120955)]
[2026-05-28 19:14:34]     spatial_update=delta_l2=0.00682096 max_abs=0.00080053 relative=0.00571519 changed=True

[2026-05-28 19:14:35] Fold 3/5 | subject=32
[2026-05-28 19:14:35]     Train: 32 | counts=[16, 16]
[2026-05-28 19:14:35]     Test:  8 | counts=[4, 4]
[2026-05-28 19:14:35]     Model: SignalJEPA_PreLocal | Pretrained: from_pretrained | Strategy: new
[2026-05-28 19:14:35]     Normalization: none | fit_scope=none
[2026-05-28 19:14:35]     Phase 1 (new): 2,170/16,010 params
[2026-05-28 19:14:35]     Result | best_epoch=2 | stop=12 | final_phase_epochs=12 | acc=0.5000 | bal_acc=0.5000 | pred_hist=[0, 8] | collapse=True
[2026-05-28 19:14:35]     spatial_conv=[4, 29] top_abs_channels=[('Pz', 0.1533497), ('O2', 0.14441614), ('T3', 0.12646529), ('T4', 0.12226427), ('O1', 0.12220666), ('CP3', 0.12084465), ('C3', 0.11557929), ('CP4', 0.11089118)]
[2026-05-28 19:14:35]     spatial_update=delta_l2=0.00702451 max_abs=0.00080054 relative=0.00588574 changed=True

[2026-05-28 19:14:35] Fold 4/5 | subject=32
[2026-05-28 19:14:35]     Train: 32 | counts=[16, 16]
[2026-05-28 19:14:35]     Test:  8 | counts=[4, 4]
[2026-05-28 19:14:35]     Model: SignalJEPA_PreLocal | Pretrained: from_pretrained | Strategy: new
[2026-05-28 19:14:35]     Normalization: none | fit_scope=none
[2026-05-28 19:14:35]     Phase 1 (new): 2,170/16,010 params
[2026-05-28 19:14:35]     Result | best_epoch=2 | stop=12 | final_phase_epochs=12 | acc=0.3750 | bal_acc=0.3750 | pred_hist=[1, 7] | collapse=False
[2026-05-28 19:14:35]     spatial_conv=[4, 29] top_abs_channels=[('Pz', 0.15329084), ('O2', 0.14392178), ('T3', 0.12616304), ('O1', 0.12211546), ('T4', 0.12210292), ('CP3', 0.1212775), ('C3', 0.11507735), ('CP4', 0.11070234)]
[2026-05-28 19:14:35]     spatial_update=delta_l2=0.00641728 max_abs=0.00080037 relative=0.00537695 changed=True

[2026-05-28 19:14:36] Fold 5/5 | subject=32
[2026-05-28 19:14:36]     Train: 32 | counts=[16, 16]
[2026-05-28 19:14:36]     Test:  8 | counts=[4, 4]
[2026-05-28 19:14:36]     Model: SignalJEPA_PreLocal | Pretrained: from_pretrained | Strategy: new
[2026-05-28 19:14:36]     Normalization: none | fit_scope=none
[2026-05-28 19:14:36]     Phase 1 (new): 2,170/16,010 params
[2026-05-28 19:14:36]     Result | best_epoch=2 | stop=12 | final_phase_epochs=12 | acc=0.5000 | bal_acc=0.5000 | pred_hist=[0, 8] | collapse=True
[2026-05-28 19:14:36]     spatial_conv=[4, 29] top_abs_channels=[('Pz', 0.15332566), ('O2', 0.14414172), ('T3', 0.12700942), ('T4', 0.12262249), ('O1', 0.12215961), ('CP3', 0.12123314), ('C3', 0.115307), ('CP4', 0.111113)]
[2026-05-28 19:14:36]     spatial_update=delta_l2=0.00678201 max_abs=0.00080052 relative=0.00568256 changed=True
[2026-05-28 19:14:36]   Subject 32: acc=0.5000±0.0791  bal_acc=0.5000±0.0791
[2026-05-28 19:14:36] \nSubject 33: 40 windows | class_counts=[20, 20]

[2026-05-28 19:14:37] Fold 1/5 | subject=33
[2026-05-28 19:14:37]     Train: 32 | counts=[16, 16]
[2026-05-28 19:14:37]     Test:  8 | counts=[4, 4]
[2026-05-28 19:14:37]     Model: SignalJEPA_PreLocal | Pretrained: from_pretrained | Strategy: new
[2026-05-28 19:14:37]     Normalization: none | fit_scope=none
[2026-05-28 19:14:37]     Phase 1 (new): 2,170/16,010 params
[2026-05-28 19:14:37]     Result | best_epoch=3 | stop=13 | final_phase_epochs=13 | acc=0.5000 | bal_acc=0.5000 | pred_hist=[0, 8] | collapse=True
[2026-05-28 19:14:37]     spatial_conv=[4, 29] top_abs_channels=[('Pz', 0.1532402), ('O2', 0.14368497), ('T3', 0.1269678), ('T4', 0.12239492), ('O1', 0.12187893), ('CP3', 0.1214194), ('C3', 0.11463128), ('CP4', 0.11078785)]
[2026-05-28 19:14:37]     spatial_update=delta_l2=0.00935740 max_abs=0.00119984 relative=0.00784044 changed=True

[2026-05-28 19:14:37] Fold 2/5 | subject=33
[2026-05-28 19:14:37]     Train: 32 | counts=[16, 16]
[2026-05-28 19:14:37]     Test:  8 | counts=[4, 4]
[2026-05-28 19:14:37]     Model: SignalJEPA_PreLocal | Pretrained: from_pretrained | Strategy: new
[2026-05-28 19:14:37]     Normalization: none | fit_scope=none
[2026-05-28 19:14:37]     Phase 1 (new): 2,170/16,010 params
[2026-05-28 19:14:38]     Result | best_epoch=3 | stop=13 | final_phase_epochs=13 | acc=0.5000 | bal_acc=0.5000 | pred_hist=[0, 8] | collapse=True
[2026-05-28 19:14:38]     spatial_conv=[4, 29] top_abs_channels=[('Pz', 0.15313418), ('O2', 0.14371812), ('T3', 0.12729126), ('T4', 0.12221978), ('O1', 0.12190139), ('CP3', 0.12110528), ('C3', 0.11467338), ('CP4', 0.11078682)]
[2026-05-28 19:14:38]     spatial_update=delta_l2=0.01019693 max_abs=0.00120018 relative=0.00854387 changed=True

[2026-05-28 19:14:38] Fold 3/5 | subject=33
[2026-05-28 19:14:38]     Train: 32 | counts=[16, 16]
[2026-05-28 19:14:38]     Test:  8 | counts=[4, 4]
[2026-05-28 19:14:38]     Model: SignalJEPA_PreLocal | Pretrained: from_pretrained | Strategy: new
[2026-05-28 19:14:38]     Normalization: none | fit_scope=none
[2026-05-28 19:14:38]     Phase 1 (new): 2,170/16,010 params
[2026-05-28 19:14:38]     Result | best_epoch=2 | stop=12 | final_phase_epochs=12 | acc=0.5000 | bal_acc=0.5000 | pred_hist=[0, 8] | collapse=True
[2026-05-28 19:14:38]     spatial_conv=[4, 29] top_abs_channels=[('Pz', 0.15306313), ('O2', 0.14376257), ('T3', 0.1269031), ('O1', 0.12203484), ('T4', 0.12188546), ('CP3', 0.12101219), ('C3', 0.11520119), ('CP4', 0.11130001)]
[2026-05-28 19:14:38]     spatial_update=delta_l2=0.00675615 max_abs=0.00080051 relative=0.00566089 changed=True

[2026-05-28 19:14:39] Fold 4/5 | subject=33
[2026-05-28 19:14:39]     Train: 32 | counts=[16, 16]
[2026-05-28 19:14:39]     Test:  8 | counts=[4, 4]
[2026-05-28 19:14:39]     Model: SignalJEPA_PreLocal | Pretrained: from_pretrained | Strategy: new
[2026-05-28 19:14:39]     Normalization: none | fit_scope=none
[2026-05-28 19:14:39]     Phase 1 (new): 2,170/16,010 params
[2026-05-28 19:14:39]     Result | best_epoch=4 | stop=14 | final_phase_epochs=14 | acc=0.5000 | bal_acc=0.5000 | pred_hist=[0, 8] | collapse=True
[2026-05-28 19:14:39]     spatial_conv=[4, 29] top_abs_channels=[('Pz', 0.1526262), ('O2', 0.14285888), ('T3', 0.12716104), ('O1', 0.12190705), ('T4', 0.12152252), ('CP3', 0.12107404), ('C3', 0.11493367), ('CP4', 0.11143406)]
[2026-05-28 19:14:39]     spatial_update=delta_l2=0.01070348 max_abs=0.00159707 relative=0.00896830 changed=True

[2026-05-28 19:14:40] Fold 5/5 | subject=33
[2026-05-28 19:14:40]     Train: 32 | counts=[16, 16]
[2026-05-28 19:14:40]     Test:  8 | counts=[4, 4]
[2026-05-28 19:14:40]     Model: SignalJEPA_PreLocal | Pretrained: from_pretrained | Strategy: new
[2026-05-28 19:14:40]     Normalization: none | fit_scope=none
[2026-05-28 19:14:40]     Phase 1 (new): 2,170/16,010 params
[2026-05-28 19:14:40]     Result | best_epoch=4 | stop=14 | final_phase_epochs=14 | acc=0.5000 | bal_acc=0.5000 | pred_hist=[0, 8] | collapse=True
[2026-05-28 19:14:40]     spatial_conv=[4, 29] top_abs_channels=[('Pz', 0.15395093), ('O2', 0.14446923), ('T3', 0.12756358), ('T4', 0.12194433), ('O1', 0.12173077), ('CP3', 0.12079353), ('C3', 0.11518504), ('CP4', 0.11089222)]
[2026-05-28 19:14:40]     spatial_update=delta_l2=0.01159148 max_abs=0.00160139 relative=0.00971234 changed=True
[2026-05-28 19:14:40]   Subject 33: acc=0.5000±0.0000  bal_acc=0.5000±0.0000
[2026-05-28 19:14:40] \nSubject 34: 40 windows | class_counts=[20, 20]

[2026-05-28 19:14:40] Fold 1/5 | subject=34
[2026-05-28 19:14:40]     Train: 32 | counts=[16, 16]
[2026-05-28 19:14:40]     Test:  8 | counts=[4, 4]
[2026-05-28 19:14:40]     Model: SignalJEPA_PreLocal | Pretrained: from_pretrained | Strategy: new
[2026-05-28 19:14:40]     Normalization: none | fit_scope=none
[2026-05-28 19:14:40]     Phase 1 (new): 2,170/16,010 params
[2026-05-28 19:14:41]     Result | best_epoch=38 | stop=48 | final_phase_epochs=48 | acc=0.8750 | bal_acc=0.8750 | pred_hist=[3, 5] | collapse=False
[2026-05-28 19:14:41]     spatial_conv=[4, 29] top_abs_channels=[('Pz', 0.1544006), ('O2', 0.14077555), ('T3', 0.13446496), ('O1', 0.13233835), ('T4', 0.12734258), ('C3', 0.12310777), ('CP3', 0.11637765), ('CP4', 0.11553902)]
[2026-05-28 19:14:41]     spatial_update=delta_l2=0.09620275 max_abs=0.01456428 relative=0.08060698 changed=True

[2026-05-28 19:14:42] Fold 2/5 | subject=34
[2026-05-28 19:14:42]     Train: 32 | counts=[16, 16]
[2026-05-28 19:14:42]     Test:  8 | counts=[4, 4]
[2026-05-28 19:14:42]     Model: SignalJEPA_PreLocal | Pretrained: from_pretrained | Strategy: new
[2026-05-28 19:14:42]     Normalization: none | fit_scope=none
[2026-05-28 19:14:42]     Phase 1 (new): 2,170/16,010 params
[2026-05-28 19:14:42]     Result | best_epoch=49 | stop=50 | final_phase_epochs=50 | acc=0.7500 | bal_acc=0.7500 | pred_hist=[4, 4] | collapse=False
[2026-05-28 19:14:42]     spatial_conv=[4, 29] top_abs_channels=[('Pz', 0.15536314), ('O2', 0.14602335), ('T3', 0.13091612), ('O1', 0.12879065), ('T4', 0.1276814), ('C3', 0.11926515), ('CP3', 0.11769262), ('CP4', 0.11581527)]
[2026-05-28 19:14:42]     spatial_update=delta_l2=0.10719045 max_abs=0.01895801 relative=0.08981342 changed=True

[2026-05-28 19:14:43] Fold 3/5 | subject=34
[2026-05-28 19:14:43]     Train: 32 | counts=[16, 16]
[2026-05-28 19:14:43]     Test:  8 | counts=[4, 4]
[2026-05-28 19:14:43]     Model: SignalJEPA_PreLocal | Pretrained: from_pretrained | Strategy: new
[2026-05-28 19:14:43]     Normalization: none | fit_scope=none
[2026-05-28 19:14:43]     Phase 1 (new): 2,170/16,010 params
[2026-05-28 19:14:44]     Result | best_epoch=48 | stop=50 | final_phase_epochs=50 | acc=0.5000 | bal_acc=0.5000 | pred_hist=[0, 8] | collapse=True
[2026-05-28 19:14:44]     spatial_conv=[4, 29] top_abs_channels=[('Pz', 0.15478538), ('O2', 0.14365906), ('T3', 0.1352361), ('O1', 0.1340365), ('C3', 0.12450796), ('T4', 0.12391666), ('CP3', 0.11447518), ('CP4', 0.11329019)]
[2026-05-28 19:14:44]     spatial_update=delta_l2=0.10399304 max_abs=0.01908708 relative=0.08713435 changed=True

[2026-05-28 19:14:44] Fold 4/5 | subject=34
[2026-05-28 19:14:44]     Train: 32 | counts=[16, 16]
[2026-05-28 19:14:44]     Test:  8 | counts=[4, 4]
[2026-05-28 19:14:44]     Model: SignalJEPA_PreLocal | Pretrained: from_pretrained | Strategy: new
[2026-05-28 19:14:44]     Normalization: none | fit_scope=none
[2026-05-28 19:14:44]     Phase 1 (new): 2,170/16,010 params
[2026-05-28 19:14:45]     Result | best_epoch=33 | stop=43 | final_phase_epochs=43 | acc=0.8750 | bal_acc=0.8750 | pred_hist=[3, 5] | collapse=False
[2026-05-28 19:14:45]     spatial_conv=[4, 29] top_abs_channels=[('Pz', 0.15608023), ('O2', 0.14124267), ('O1', 0.12935695), ('T4', 0.12647311), ('T3', 0.12515424), ('C3', 0.1207403), ('CP3', 0.1167), ('CP4', 0.11286429)]
[2026-05-28 19:14:45]     spatial_update=delta_l2=0.06930168 max_abs=0.01337461 relative=0.05806693 changed=True

[2026-05-28 19:14:45] Fold 5/5 | subject=34
[2026-05-28 19:14:45]     Train: 32 | counts=[16, 16]
[2026-05-28 19:14:45]     Test:  8 | counts=[4, 4]
[2026-05-28 19:14:45]     Model: SignalJEPA_PreLocal | Pretrained: from_pretrained | Strategy: new
[2026-05-28 19:14:45]     Normalization: none | fit_scope=none
[2026-05-28 19:14:45]     Phase 1 (new): 2,170/16,010 params
[2026-05-28 19:14:46]     Result | best_epoch=50 | stop=50 | final_phase_epochs=50 | acc=0.7500 | bal_acc=0.7500 | pred_hist=[2, 6] | collapse=False
[2026-05-28 19:14:46]     spatial_conv=[4, 29] top_abs_channels=[('Pz', 0.15288962), ('O2', 0.14545168), ('O1', 0.13222228), ('T4', 0.1303571), ('T3', 0.12662469), ('C3', 0.12344845), ('CP3', 0.11576329), ('P3', 0.11061244)]
[2026-05-28 19:14:46]     spatial_update=delta_l2=0.10073731 max_abs=0.01965304 relative=0.08440642 changed=True
[2026-05-28 19:14:46]   Subject 34: acc=0.7500±0.1369  bal_acc=0.7500±0.1369
[2026-05-28 19:14:46] \nSubject 35: 40 windows | class_counts=[20, 20]

[2026-05-28 19:14:47] Fold 1/5 | subject=35
[2026-05-28 19:14:47]     Train: 32 | counts=[16, 16]
[2026-05-28 19:14:47]     Test:  8 | counts=[4, 4]
[2026-05-28 19:14:47]     Model: SignalJEPA_PreLocal | Pretrained: from_pretrained | Strategy: new
[2026-05-28 19:14:47]     Normalization: none | fit_scope=none
[2026-05-28 19:14:47]     Phase 1 (new): 2,170/16,010 params
[2026-05-28 19:14:47]     Result | best_epoch=19 | stop=29 | final_phase_epochs=29 | acc=0.3750 | bal_acc=0.3750 | pred_hist=[1, 7] | collapse=False
[2026-05-28 19:14:47]     spatial_conv=[4, 29] top_abs_channels=[('Pz', 0.15583228), ('O2', 0.13924624), ('T3', 0.12954065), ('O1', 0.1224148), ('T4', 0.12044983), ('C3', 0.11588314), ('CP3', 0.11524227), ('CP4', 0.11080012)]
[2026-05-28 19:14:47]     spatial_update=delta_l2=0.04957831 max_abs=0.00742169 relative=0.04154099 changed=True

[2026-05-28 19:14:48] Fold 2/5 | subject=35
[2026-05-28 19:14:48]     Train: 32 | counts=[16, 16]
[2026-05-28 19:14:48]     Test:  8 | counts=[4, 4]
[2026-05-28 19:14:48]     Model: SignalJEPA_PreLocal | Pretrained: from_pretrained | Strategy: new
[2026-05-28 19:14:48]     Normalization: none | fit_scope=none
[2026-05-28 19:14:48]     Phase 1 (new): 2,170/16,010 params
[2026-05-28 19:14:48]     Result | best_epoch=50 | stop=50 | final_phase_epochs=50 | acc=0.6250 | bal_acc=0.6250 | pred_hist=[3, 5] | collapse=False
[2026-05-28 19:14:48]     spatial_conv=[4, 29] top_abs_channels=[('Pz', 0.15755107), ('O2', 0.13934156), ('T3', 0.12932587), ('O1', 0.11817747), ('T4', 0.11430131), ('P3', 0.11402655), ('C3', 0.11226849), ('CP4', 0.11133566)]
[2026-05-28 19:14:48]     spatial_update=delta_l2=0.10372517 max_abs=0.01799886 relative=0.08690991 changed=True

[2026-05-28 19:14:49] Fold 3/5 | subject=35
[2026-05-28 19:14:49]     Train: 32 | counts=[16, 16]
[2026-05-28 19:14:49]     Test:  8 | counts=[4, 4]
[2026-05-28 19:14:49]     Model: SignalJEPA_PreLocal | Pretrained: from_pretrained | Strategy: new
[2026-05-28 19:14:49]     Normalization: none | fit_scope=none
[2026-05-28 19:14:49]     Phase 1 (new): 2,170/16,010 params
[2026-05-28 19:14:50]     Result | best_epoch=40 | stop=50 | final_phase_epochs=50 | acc=0.7500 | bal_acc=0.7500 | pred_hist=[2, 6] | collapse=False
[2026-05-28 19:14:50]     spatial_conv=[4, 29] top_abs_channels=[('Pz', 0.157591), ('O2', 0.13792297), ('T3', 0.12295742), ('T4', 0.11737499), ('P3', 0.11705264), ('O1', 0.11609914), ('C3', 0.11521254), ('CP3', 0.11250744)]
[2026-05-28 19:14:50]     spatial_update=delta_l2=0.08214561 max_abs=0.01515082 relative=0.06882869 changed=True

[2026-05-28 19:14:50] Fold 4/5 | subject=35
[2026-05-28 19:14:50]     Train: 32 | counts=[16, 16]
[2026-05-28 19:14:50]     Test:  8 | counts=[4, 4]
[2026-05-28 19:14:50]     Model: SignalJEPA_PreLocal | Pretrained: from_pretrained | Strategy: new
[2026-05-28 19:14:50]     Normalization: none | fit_scope=none
[2026-05-28 19:14:50]     Phase 1 (new): 2,170/16,010 params
[2026-05-28 19:14:51]     Result | best_epoch=26 | stop=36 | final_phase_epochs=36 | acc=0.8750 | bal_acc=0.8750 | pred_hist=[3, 5] | collapse=False
[2026-05-28 19:14:51]     spatial_conv=[4, 29] top_abs_channels=[('Pz', 0.1560614), ('O2', 0.1401117), ('T3', 0.12677215), ('O1', 0.12278022), ('T4', 0.11832333), ('C3', 0.11761918), ('CP3', 0.11395153), ('CP4', 0.1120929)]
[2026-05-28 19:14:51]     spatial_update=delta_l2=0.05801218 max_abs=0.00973530 relative=0.04860762 changed=True

[2026-05-28 19:14:51] Fold 5/5 | subject=35
[2026-05-28 19:14:51]     Train: 32 | counts=[16, 16]
[2026-05-28 19:14:51]     Test:  8 | counts=[4, 4]
[2026-05-28 19:14:51]     Model: SignalJEPA_PreLocal | Pretrained: from_pretrained | Strategy: new
[2026-05-28 19:14:51]     Normalization: none | fit_scope=none
[2026-05-28 19:14:51]     Phase 1 (new): 2,170/16,010 params
[2026-05-28 19:14:52]     Result | best_epoch=2 | stop=11 | final_phase_epochs=11 | acc=0.5000 | bal_acc=0.5000 | pred_hist=[0, 8] | collapse=True
[2026-05-28 19:14:52]     spatial_conv=[4, 29] top_abs_channels=[('Pz', 0.15303902), ('O2', 0.14394119), ('T3', 0.12673479), ('O1', 0.12206214), ('T4', 0.12188759), ('CP3', 0.12112437), ('C3', 0.1152309), ('CP4', 0.11093313)]
[2026-05-28 19:14:52]     spatial_update=delta_l2=0.00430792 max_abs=0.00040000 relative=0.00360955 changed=True
[2026-05-28 19:14:52]   Subject 35: acc=0.6250±0.1768  bal_acc=0.6250±0.1768
[2026-05-28 19:14:52] \nSubject 36: 40 windows | class_counts=[20, 20]

[2026-05-28 19:14:52] Fold 1/5 | subject=36
[2026-05-28 19:14:52]     Train: 32 | counts=[16, 16]
[2026-05-28 19:14:52]     Test:  8 | counts=[4, 4]
[2026-05-28 19:14:52]     Model: SignalJEPA_PreLocal | Pretrained: from_pretrained | Strategy: new
[2026-05-28 19:14:52]     Normalization: none | fit_scope=none
[2026-05-28 19:14:52]     Phase 1 (new): 2,170/16,010 params
[2026-05-28 19:14:52]     Result | best_epoch=1 | stop=11 | final_phase_epochs=11 | acc=0.5000 | bal_acc=0.5000 | pred_hist=[0, 8] | collapse=True
[2026-05-28 19:14:52]     spatial_conv=[4, 29] top_abs_channels=[('Pz', 0.15323901), ('O2', 0.14414138), ('T3', 0.12673478), ('T4', 0.12228759), ('O1', 0.12186213), ('CP3', 0.12112439), ('C3', 0.11523091), ('CP4', 0.11053313)]
[2026-05-28 19:14:52]     spatial_update=delta_l2=0.00430806 max_abs=0.00040001 relative=0.00360966 changed=True

[2026-05-28 19:14:53] Fold 2/5 | subject=36
[2026-05-28 19:14:53]     Train: 32 | counts=[16, 16]
[2026-05-28 19:14:53]     Test:  8 | counts=[4, 4]
[2026-05-28 19:14:53]     Model: SignalJEPA_PreLocal | Pretrained: from_pretrained | Strategy: new
[2026-05-28 19:14:53]     Normalization: none | fit_scope=none
[2026-05-28 19:14:53]     Phase 1 (new): 2,170/16,010 params
[2026-05-28 19:14:53]     Result | best_epoch=15 | stop=25 | final_phase_epochs=25 | acc=0.5000 | bal_acc=0.5000 | pred_hist=[0, 8] | collapse=True
[2026-05-28 19:14:53]     spatial_conv=[4, 29] top_abs_channels=[('Pz', 0.15306288), ('O2', 0.1429294), ('T3', 0.12700863), ('O1', 0.12472047), ('CP3', 0.12210009), ('T4', 0.12189458), ('C3', 0.11801228), ('Fp1', 0.1119373)]
[2026-05-28 19:14:53]     spatial_update=delta_l2=0.04090016 max_abs=0.00573683 relative=0.03426969 changed=True

[2026-05-28 19:14:54] Fold 3/5 | subject=36
[2026-05-28 19:14:54]     Train: 32 | counts=[16, 16]
[2026-05-28 19:14:54]     Test:  8 | counts=[4, 4]
[2026-05-28 19:14:54]     Model: SignalJEPA_PreLocal | Pretrained: from_pretrained | Strategy: new
[2026-05-28 19:14:54]     Normalization: none | fit_scope=none
[2026-05-28 19:14:54]     Phase 1 (new): 2,170/16,010 params
[2026-05-28 19:14:54]     Result | best_epoch=8 | stop=18 | final_phase_epochs=18 | acc=0.5000 | bal_acc=0.5000 | pred_hist=[0, 8] | collapse=True
[2026-05-28 19:14:54]     spatial_conv=[4, 29] top_abs_channels=[('Pz', 0.15287697), ('O2', 0.14360328), ('T3', 0.12720777), ('O1', 0.12262271), ('CP3', 0.12188603), ('T4', 0.12121759), ('C3', 0.11684595), ('P3', 0.11001962)]
[2026-05-28 19:14:54]     spatial_update=delta_l2=0.02342437 max_abs=0.00312541 relative=0.01962696 changed=True

[2026-05-28 19:14:54] Fold 4/5 | subject=36
[2026-05-28 19:14:54]     Train: 32 | counts=[16, 16]
[2026-05-28 19:14:54]     Test:  8 | counts=[4, 4]
[2026-05-28 19:14:54]     Model: SignalJEPA_PreLocal | Pretrained: from_pretrained | Strategy: new
[2026-05-28 19:14:54]     Normalization: none | fit_scope=none
[2026-05-28 19:14:54]     Phase 1 (new): 2,170/16,010 params
[2026-05-28 19:14:55]     Result | best_epoch=1 | stop=11 | final_phase_epochs=11 | acc=0.5000 | bal_acc=0.5000 | pred_hist=[0, 8] | collapse=True
[2026-05-28 19:14:55]     spatial_conv=[4, 29] top_abs_channels=[('Pz', 0.15323901), ('O2', 0.14394137), ('T3', 0.12673479), ('T4', 0.12228759), ('O1', 0.12206212), ('CP3', 0.12112439), ('C3', 0.1152309), ('CP4', 0.11053313)]
[2026-05-28 19:14:55]     spatial_update=delta_l2=0.00430760 max_abs=0.00040001 relative=0.00360928 changed=True

[2026-05-28 19:14:55] Fold 5/5 | subject=36
[2026-05-28 19:14:55]     Train: 32 | counts=[16, 16]
[2026-05-28 19:14:55]     Test:  8 | counts=[4, 4]
[2026-05-28 19:14:55]     Model: SignalJEPA_PreLocal | Pretrained: from_pretrained | Strategy: new
[2026-05-28 19:14:55]     Normalization: none | fit_scope=none
[2026-05-28 19:14:55]     Phase 1 (new): 2,170/16,010 params
[2026-05-28 19:14:55]     Result | best_epoch=1 | stop=11 | final_phase_epochs=11 | acc=0.5000 | bal_acc=0.5000 | pred_hist=[0, 8] | collapse=True
[2026-05-28 19:14:55]     spatial_conv=[4, 29] top_abs_channels=[('Pz', 0.15323903), ('O2', 0.14394137), ('T3', 0.12693465), ('T4', 0.12228759), ('O1', 0.12226211), ('CP3', 0.12112486), ('C3', 0.11503091), ('CP4', 0.11093313)]
[2026-05-28 19:14:55]     spatial_update=delta_l2=0.00430782 max_abs=0.00040000 relative=0.00360946 changed=True
[2026-05-28 19:14:55]   Subject 36: acc=0.5000±0.0000  bal_acc=0.5000±0.0000
[2026-05-28 19:14:55] \nSubject 37: 40 windows | class_counts=[20, 20]

[2026-05-28 19:14:56] Fold 1/5 | subject=37
[2026-05-28 19:14:56]     Train: 32 | counts=[16, 16]
[2026-05-28 19:14:56]     Test:  8 | counts=[4, 4]
[2026-05-28 19:14:56]     Model: SignalJEPA_PreLocal | Pretrained: from_pretrained | Strategy: new
[2026-05-28 19:14:56]     Normalization: none | fit_scope=none
[2026-05-28 19:14:56]     Phase 1 (new): 2,170/16,010 params
[2026-05-28 19:14:56]     Result | best_epoch=8 | stop=18 | final_phase_epochs=18 | acc=0.5000 | bal_acc=0.5000 | pred_hist=[0, 8] | collapse=True
[2026-05-28 19:14:56]     spatial_conv=[4, 29] top_abs_channels=[('Pz', 0.15190834), ('O2', 0.14502072), ('T3', 0.1280815), ('O1', 0.12173823), ('T4', 0.12131839), ('CP3', 0.12126058), ('C3', 0.11594942), ('CP4', 0.11170374)]
[2026-05-28 19:14:56]     spatial_update=delta_l2=0.02193200 max_abs=0.00304474 relative=0.01837653 changed=True

[2026-05-28 19:14:57] Fold 2/5 | subject=37
[2026-05-28 19:14:57]     Train: 32 | counts=[16, 16]
[2026-05-28 19:14:57]     Test:  8 | counts=[4, 4]
[2026-05-28 19:14:57]     Model: SignalJEPA_PreLocal | Pretrained: from_pretrained | Strategy: new
[2026-05-28 19:14:57]     Normalization: none | fit_scope=none
[2026-05-28 19:14:57]     Phase 1 (new): 2,170/16,010 params
[2026-05-28 19:14:57]     Result | best_epoch=19 | stop=29 | final_phase_epochs=29 | acc=0.5000 | bal_acc=0.5000 | pred_hist=[2, 6] | collapse=False
[2026-05-28 19:14:57]     spatial_conv=[4, 29] top_abs_channels=[('Pz', 0.15173219), ('O2', 0.14551112), ('T3', 0.13055322), ('O1', 0.12304412), ('CP3', 0.12252188), ('T4', 0.1221159), ('C3', 0.11712992), ('CP4', 0.11274059)]
[2026-05-28 19:14:57]     spatial_update=delta_l2=0.04335789 max_abs=0.00659217 relative=0.03632899 changed=True

[2026-05-28 19:14:58] Fold 3/5 | subject=37
[2026-05-28 19:14:58]     Train: 32 | counts=[16, 16]
[2026-05-28 19:14:58]     Test:  8 | counts=[4, 4]
[2026-05-28 19:14:58]     Model: SignalJEPA_PreLocal | Pretrained: from_pretrained | Strategy: new
[2026-05-28 19:14:58]     Normalization: none | fit_scope=none
[2026-05-28 19:14:58]     Phase 1 (new): 2,170/16,010 params
[2026-05-28 19:14:58]     Result | best_epoch=8 | stop=18 | final_phase_epochs=18 | acc=0.5000 | bal_acc=0.5000 | pred_hist=[0, 8] | collapse=True
[2026-05-28 19:14:58]     spatial_conv=[4, 29] top_abs_channels=[('Pz', 0.15172288), ('O2', 0.14473441), ('T3', 0.12720731), ('O1', 0.12236509), ('T4', 0.12208296), ('CP3', 0.12185261), ('C3', 0.11588696), ('CP4', 0.110747)]
[2026-05-28 19:14:58]     spatial_update=delta_l2=0.02065557 max_abs=0.00304455 relative=0.01730702 changed=True

[2026-05-28 19:14:58] Fold 4/5 | subject=37
[2026-05-28 19:14:58]     Train: 32 | counts=[16, 16]
[2026-05-28 19:14:58]     Test:  8 | counts=[4, 4]
[2026-05-28 19:14:58]     Model: SignalJEPA_PreLocal | Pretrained: from_pretrained | Strategy: new
[2026-05-28 19:14:58]     Normalization: none | fit_scope=none
[2026-05-28 19:14:58]     Phase 1 (new): 2,170/16,010 params
[2026-05-28 19:14:59]     Result | best_epoch=28 | stop=38 | final_phase_epochs=38 | acc=0.3750 | bal_acc=0.3750 | pred_hist=[3, 5] | collapse=False
[2026-05-28 19:14:59]     spatial_conv=[4, 29] top_abs_channels=[('Pz', 0.15186417), ('O2', 0.14569108), ('T3', 0.13034837), ('CP3', 0.12356149), ('O1', 0.12196193), ('T4', 0.11896555), ('C3', 0.11611626), ('CP4', 0.114778)]
[2026-05-28 19:14:59]     spatial_update=delta_l2=0.06750962 max_abs=0.01020723 relative=0.05656539 changed=True

[2026-05-28 19:15:00] Fold 5/5 | subject=37
[2026-05-28 19:15:00]     Train: 32 | counts=[16, 16]
[2026-05-28 19:15:00]     Test:  8 | counts=[4, 4]
[2026-05-28 19:15:00]     Model: SignalJEPA_PreLocal | Pretrained: from_pretrained | Strategy: new
[2026-05-28 19:15:00]     Normalization: none | fit_scope=none
[2026-05-28 19:15:00]     Phase 1 (new): 2,170/16,010 params
[2026-05-28 19:15:00]     Result | best_epoch=10 | stop=20 | final_phase_epochs=20 | acc=0.5000 | bal_acc=0.5000 | pred_hist=[0, 8] | collapse=True
[2026-05-28 19:15:00]     spatial_conv=[4, 29] top_abs_channels=[('Pz', 0.15259461), ('O2', 0.14452629), ('T3', 0.12858354), ('CP3', 0.12192321), ('O1', 0.12140605), ('T4', 0.121223), ('C3', 0.11718315), ('CP4', 0.1126279)]
[2026-05-28 19:15:00]     spatial_update=delta_l2=0.02415561 max_abs=0.00381936 relative=0.02023966 changed=True
[2026-05-28 19:15:00]   Subject 37: acc=0.4750±0.0500  bal_acc=0.4750±0.0500
[2026-05-28 19:15:00] \nSubject 38: 40 windows | class_counts=[20, 20]

[2026-05-28 19:15:01] Fold 1/5 | subject=38
[2026-05-28 19:15:01]     Train: 32 | counts=[16, 16]
[2026-05-28 19:15:01]     Test:  8 | counts=[4, 4]
[2026-05-28 19:15:01]     Model: SignalJEPA_PreLocal | Pretrained: from_pretrained | Strategy: new
[2026-05-28 19:15:01]     Normalization: none | fit_scope=none
[2026-05-28 19:15:01]     Phase 1 (new): 2,170/16,010 params
[2026-05-28 19:15:01]     Result | best_epoch=10 | stop=13 | final_phase_epochs=13 | acc=0.5000 | bal_acc=0.5000 | pred_hist=[0, 8] | collapse=True
[2026-05-28 19:15:01]     spatial_conv=[4, 29] top_abs_channels=[('Pz', 0.15259561), ('O2', 0.14450797), ('T3', 0.12713894), ('O1', 0.12209512), ('T4', 0.12203475), ('CP3', 0.12162016), ('C3', 0.11514172), ('CP4', 0.11164476)]
[2026-05-28 19:15:01]     spatial_update=delta_l2=0.00894013 max_abs=0.00119703 relative=0.00749081 changed=True

[2026-05-28 19:15:02] Fold 2/5 | subject=38
[2026-05-28 19:15:02]     Train: 32 | counts=[16, 16]
[2026-05-28 19:15:02]     Test:  8 | counts=[4, 4]
[2026-05-28 19:15:02]     Model: SignalJEPA_PreLocal | Pretrained: from_pretrained | Strategy: new
[2026-05-28 19:15:02]     Normalization: none | fit_scope=none
[2026-05-28 19:15:02]     Phase 1 (new): 2,170/16,010 params
[2026-05-28 19:15:03]     Result | best_epoch=50 | stop=50 | final_phase_epochs=50 | acc=0.7500 | bal_acc=0.7500 | pred_hist=[2, 6] | collapse=False
[2026-05-28 19:15:03]     spatial_conv=[4, 29] top_abs_channels=[('Pz', 0.15489382), ('O2', 0.14196658), ('T3', 0.12962708), ('O1', 0.12427525), ('T4', 0.11974074), ('CP3', 0.11555441), ('Fp1', 0.114199), ('Fz', 0.11105528)]
[2026-05-28 19:15:03]     spatial_update=delta_l2=0.11475606 max_abs=0.02162041 relative=0.09615254 changed=True

[2026-05-28 19:15:03] Fold 3/5 | subject=38
[2026-05-28 19:15:03]     Train: 32 | counts=[16, 16]
[2026-05-28 19:15:03]     Test:  8 | counts=[4, 4]
[2026-05-28 19:15:03]     Model: SignalJEPA_PreLocal | Pretrained: from_pretrained | Strategy: new
[2026-05-28 19:15:03]     Normalization: none | fit_scope=none
[2026-05-28 19:15:03]     Phase 1 (new): 2,170/16,010 params
[2026-05-28 19:15:03]     Result | best_epoch=3 | stop=13 | final_phase_epochs=13 | acc=0.5000 | bal_acc=0.5000 | pred_hist=[0, 8] | collapse=True
[2026-05-28 19:15:03]     spatial_conv=[4, 29] top_abs_channels=[('Pz', 0.15314552), ('O2', 0.14376298), ('T3', 0.12690754), ('O1', 0.12246056), ('T4', 0.12205195), ('CP3', 0.12114787), ('C3', 0.11571062), ('CP4', 0.11156714)]
[2026-05-28 19:15:03]     spatial_update=delta_l2=0.00995787 max_abs=0.00120151 relative=0.00834356 changed=True

[2026-05-28 19:15:04] Fold 4/5 | subject=38
[2026-05-28 19:15:04]     Train: 32 | counts=[16, 16]
[2026-05-28 19:15:04]     Test:  8 | counts=[4, 4]
[2026-05-28 19:15:04]     Model: SignalJEPA_PreLocal | Pretrained: from_pretrained | Strategy: new
[2026-05-28 19:15:04]     Normalization: none | fit_scope=none
[2026-05-28 19:15:04]     Phase 1 (new): 2,170/16,010 params
[2026-05-28 19:15:04]     Result | best_epoch=7 | stop=17 | final_phase_epochs=17 | acc=0.5000 | bal_acc=0.5000 | pred_hist=[0, 8] | collapse=True
[2026-05-28 19:15:04]     spatial_conv=[4, 29] top_abs_channels=[('Pz', 0.15208641), ('O2', 0.14379103), ('T3', 0.12628005), ('O1', 0.12270804), ('CP3', 0.1221368), ('T4', 0.12194972), ('C3', 0.1144582), ('CP4', 0.11239348)]
[2026-05-28 19:15:04]     spatial_update=delta_l2=0.02066507 max_abs=0.00277302 relative=0.01731498 changed=True

[2026-05-28 19:15:05] Fold 5/5 | subject=38
[2026-05-28 19:15:05]     Train: 32 | counts=[16, 16]
[2026-05-28 19:15:05]     Test:  8 | counts=[4, 4]
[2026-05-28 19:15:05]     Model: SignalJEPA_PreLocal | Pretrained: from_pretrained | Strategy: new
[2026-05-28 19:15:05]     Normalization: none | fit_scope=none
[2026-05-28 19:15:05]     Phase 1 (new): 2,170/16,010 params
[2026-05-28 19:15:06]     Result | best_epoch=50 | stop=50 | final_phase_epochs=50 | acc=0.8750 | bal_acc=0.8750 | pred_hist=[3, 5] | collapse=False
[2026-05-28 19:15:06]     spatial_conv=[4, 29] top_abs_channels=[('Pz', 0.15726334), ('O2', 0.14119363), ('O1', 0.129446), ('T3', 0.12665972), ('T4', 0.12543246), ('CP3', 0.11600805), ('CP4', 0.11325047), ('C3', 0.11272307)]
[2026-05-28 19:15:06]     spatial_update=delta_l2=0.10704986 max_abs=0.01934148 relative=0.08969562 changed=True
[2026-05-28 19:15:06]   Subject 38: acc=0.6250±0.1581  bal_acc=0.6250±0.1581
[2026-05-28 19:15:06] \nSubject 39: 40 windows | class_counts=[20, 20]

[2026-05-28 19:15:06] Fold 1/5 | subject=39
[2026-05-28 19:15:06]     Train: 32 | counts=[16, 16]
[2026-05-28 19:15:06]     Test:  8 | counts=[4, 4]
[2026-05-28 19:15:06]     Model: SignalJEPA_PreLocal | Pretrained: from_pretrained | Strategy: new
[2026-05-28 19:15:06]     Normalization: none | fit_scope=none
[2026-05-28 19:15:06]     Phase 1 (new): 2,170/16,010 params
[2026-05-28 19:15:07]     Result | best_epoch=2 | stop=12 | final_phase_epochs=12 | acc=0.5000 | bal_acc=0.5000 | pred_hist=[0, 8] | collapse=True
[2026-05-28 19:15:07]     spatial_conv=[4, 29] top_abs_channels=[('Pz', 0.15324764), ('O2', 0.14399779), ('T3', 0.12676515), ('O1', 0.12250536), ('T4', 0.1219713), ('CP3', 0.12088178), ('C3', 0.11541413), ('CP4', 0.11120319)]
[2026-05-28 19:15:07]     spatial_update=delta_l2=0.00614753 max_abs=0.00080035 relative=0.00515093 changed=True

[2026-05-28 19:15:07] Fold 2/5 | subject=39
[2026-05-28 19:15:07]     Train: 32 | counts=[16, 16]
[2026-05-28 19:15:07]     Test:  8 | counts=[4, 4]
[2026-05-28 19:15:07]     Model: SignalJEPA_PreLocal | Pretrained: from_pretrained | Strategy: new
[2026-05-28 19:15:07]     Normalization: none | fit_scope=none
[2026-05-28 19:15:07]     Phase 1 (new): 2,170/16,010 params
[2026-05-28 19:15:07]     Result | best_epoch=3 | stop=13 | final_phase_epochs=13 | acc=0.5000 | bal_acc=0.5000 | pred_hist=[0, 8] | collapse=True
[2026-05-28 19:15:07]     spatial_conv=[4, 29] top_abs_channels=[('Pz', 0.15291199), ('O2', 0.14414121), ('T3', 0.12665679), ('O1', 0.1220834), ('T4', 0.12195418), ('CP3', 0.12101243), ('C3', 0.11517794), ('CP4', 0.11139107)]
[2026-05-28 19:15:07]     spatial_update=delta_l2=0.00806305 max_abs=0.00120034 relative=0.00675592 changed=True

[2026-05-28 19:15:08] Fold 3/5 | subject=39
[2026-05-28 19:15:08]     Train: 32 | counts=[16, 16]
[2026-05-28 19:15:08]     Test:  8 | counts=[4, 4]
[2026-05-28 19:15:08]     Model: SignalJEPA_PreLocal | Pretrained: from_pretrained | Strategy: new
[2026-05-28 19:15:08]     Normalization: none | fit_scope=none
[2026-05-28 19:15:08]     Phase 1 (new): 2,170/16,010 params
[2026-05-28 19:15:08]     Result | best_epoch=3 | stop=13 | final_phase_epochs=13 | acc=0.6250 | bal_acc=0.6250 | pred_hist=[1, 7] | collapse=False
[2026-05-28 19:15:08]     spatial_conv=[4, 29] top_abs_channels=[('Pz', 0.15290022), ('O2', 0.14368042), ('T3', 0.12630481), ('T4', 0.12226312), ('O1', 0.12214833), ('CP3', 0.12128779), ('C3', 0.114876), ('CP4', 0.11058312)]
[2026-05-28 19:15:08]     spatial_update=delta_l2=0.00900527 max_abs=0.00120083 relative=0.00754539 changed=True

[2026-05-28 19:15:09] Fold 4/5 | subject=39
[2026-05-28 19:15:09]     Train: 32 | counts=[16, 16]
[2026-05-28 19:15:09]     Test:  8 | counts=[4, 4]
[2026-05-28 19:15:09]     Model: SignalJEPA_PreLocal | Pretrained: from_pretrained | Strategy: new
[2026-05-28 19:15:09]     Normalization: none | fit_scope=none
[2026-05-28 19:15:09]     Phase 1 (new): 2,170/16,010 params
[2026-05-28 19:15:09]     Result | best_epoch=3 | stop=12 | final_phase_epochs=12 | acc=0.5000 | bal_acc=0.5000 | pred_hist=[0, 8] | collapse=True
[2026-05-28 19:15:09]     spatial_conv=[4, 29] top_abs_channels=[('Pz', 0.1532523), ('O2', 0.14416791), ('T3', 0.12643272), ('O1', 0.12225619), ('T4', 0.12197604), ('CP3', 0.12123005), ('C3', 0.11534306), ('CP4', 0.11093998)]
[2026-05-28 19:15:09]     spatial_update=delta_l2=0.00652577 max_abs=0.00080045 relative=0.00546785 changed=True

[2026-05-28 19:15:09] Fold 5/5 | subject=39
[2026-05-28 19:15:09]     Train: 32 | counts=[16, 16]
[2026-05-28 19:15:09]     Test:  8 | counts=[4, 4]
[2026-05-28 19:15:09]     Model: SignalJEPA_PreLocal | Pretrained: from_pretrained | Strategy: new
[2026-05-28 19:15:09]     Normalization: none | fit_scope=none
[2026-05-28 19:15:09]     Phase 1 (new): 2,170/16,010 params
[2026-05-28 19:15:10]     Result | best_epoch=6 | stop=11 | final_phase_epochs=11 | acc=0.5000 | bal_acc=0.5000 | pred_hist=[0, 8] | collapse=True
[2026-05-28 19:15:10]     spatial_conv=[4, 29] top_abs_channels=[('Pz', 0.15303901), ('O2', 0.14414138), ('T3', 0.12673476), ('O1', 0.12206212), ('T4', 0.12188759), ('CP3', 0.12092439), ('C3', 0.1152309), ('CP4', 0.11093313)]
[2026-05-28 19:15:10]     spatial_update=delta_l2=0.00430801 max_abs=0.00040001 relative=0.00360962 changed=True
[2026-05-28 19:15:10]   Subject 39: acc=0.5250±0.0500  bal_acc=0.5250±0.0500
[2026-05-28 19:15:10] \nSubject 40: 40 windows | class_counts=[20, 20]

[2026-05-28 19:15:10] Fold 1/5 | subject=40
[2026-05-28 19:15:10]     Train: 32 | counts=[16, 16]
[2026-05-28 19:15:10]     Test:  8 | counts=[4, 4]
[2026-05-28 19:15:10]     Model: SignalJEPA_PreLocal | Pretrained: from_pretrained | Strategy: new
[2026-05-28 19:15:10]     Normalization: none | fit_scope=none
[2026-05-28 19:15:10]     Phase 1 (new): 2,170/16,010 params
[2026-05-28 19:15:10]     Result | best_epoch=7 | stop=17 | final_phase_epochs=17 | acc=0.3750 | bal_acc=0.3750 | pred_hist=[1, 7] | collapse=False
[2026-05-28 19:15:10]     spatial_conv=[4, 29] top_abs_channels=[('Pz', 0.15370579), ('O2', 0.14494048), ('T3', 0.12636396), ('O1', 0.12189938), ('T4', 0.12119746), ('CP3', 0.11966071), ('C3', 0.11540261), ('CP4', 0.11137844)]
[2026-05-28 19:15:10]     spatial_update=delta_l2=0.01915309 max_abs=0.00272568 relative=0.01604811 changed=True

[2026-05-28 19:15:11] Fold 2/5 | subject=40
[2026-05-28 19:15:11]     Train: 32 | counts=[16, 16]
[2026-05-28 19:15:11]     Test:  8 | counts=[4, 4]
[2026-05-28 19:15:11]     Model: SignalJEPA_PreLocal | Pretrained: from_pretrained | Strategy: new
[2026-05-28 19:15:11]     Normalization: none | fit_scope=none
[2026-05-28 19:15:11]     Phase 1 (new): 2,170/16,010 params
[2026-05-28 19:15:11]     Result | best_epoch=10 | stop=20 | final_phase_epochs=20 | acc=0.5000 | bal_acc=0.5000 | pred_hist=[0, 8] | collapse=True
[2026-05-28 19:15:11]     spatial_conv=[4, 29] top_abs_channels=[('Pz', 0.15292493), ('O2', 0.14484823), ('T3', 0.12763119), ('O1', 0.12327509), ('T4', 0.12095724), ('CP3', 0.11945199), ('C3', 0.11437593), ('CP4', 0.11150008)]
[2026-05-28 19:15:11]     spatial_update=delta_l2=0.02388665 max_abs=0.00377180 relative=0.02001430 changed=True

[2026-05-28 19:15:12] Fold 3/5 | subject=40
[2026-05-28 19:15:12]     Train: 32 | counts=[16, 16]
[2026-05-28 19:15:12]     Test:  8 | counts=[4, 4]
[2026-05-28 19:15:12]     Model: SignalJEPA_PreLocal | Pretrained: from_pretrained | Strategy: new
[2026-05-28 19:15:12]     Normalization: none | fit_scope=none
[2026-05-28 19:15:12]     Phase 1 (new): 2,170/16,010 params
[2026-05-28 19:15:12]     Result | best_epoch=11 | stop=21 | final_phase_epochs=21 | acc=0.5000 | bal_acc=0.5000 | pred_hist=[0, 8] | collapse=True
[2026-05-28 19:15:12]     spatial_conv=[4, 29] top_abs_channels=[('Pz', 0.15313548), ('O2', 0.14541887), ('T3', 0.12651142), ('O1', 0.12139291), ('CP3', 0.12034807), ('T4', 0.11996907), ('C3', 0.11406173), ('CP4', 0.11238965)]
[2026-05-28 19:15:12]     spatial_update=delta_l2=0.02228300 max_abs=0.00402039 relative=0.01867062 changed=True

[2026-05-28 19:15:13] Fold 4/5 | subject=40
[2026-05-28 19:15:13]     Train: 32 | counts=[16, 16]
[2026-05-28 19:15:13]     Test:  8 | counts=[4, 4]
[2026-05-28 19:15:13]     Model: SignalJEPA_PreLocal | Pretrained: from_pretrained | Strategy: new
[2026-05-28 19:15:13]     Normalization: none | fit_scope=none
[2026-05-28 19:15:13]     Phase 1 (new): 2,170/16,010 params
[2026-05-28 19:15:14]     Result | best_epoch=24 | stop=34 | final_phase_epochs=34 | acc=0.7500 | bal_acc=0.7500 | pred_hist=[2, 6] | collapse=False
[2026-05-28 19:15:14]     spatial_conv=[4, 29] top_abs_channels=[('Pz', 0.15437296), ('O2', 0.14615566), ('T3', 0.12431333), ('O1', 0.12203638), ('T4', 0.12192336), ('CP3', 0.11879371), ('C3', 0.11593963), ('CP4', 0.11388901)]
[2026-05-28 19:15:14]     spatial_update=delta_l2=0.05154397 max_abs=0.00937779 relative=0.04318799 changed=True

[2026-05-28 19:15:14] Fold 5/5 | subject=40
[2026-05-28 19:15:14]     Train: 32 | counts=[16, 16]
[2026-05-28 19:15:14]     Test:  8 | counts=[4, 4]
[2026-05-28 19:15:14]     Model: SignalJEPA_PreLocal | Pretrained: from_pretrained | Strategy: new
[2026-05-28 19:15:14]     Normalization: none | fit_scope=none
[2026-05-28 19:15:14]     Phase 1 (new): 2,170/16,010 params
[2026-05-28 19:15:14]     Result | best_epoch=11 | stop=21 | final_phase_epochs=21 | acc=0.5000 | bal_acc=0.5000 | pred_hist=[0, 8] | collapse=True
[2026-05-28 19:15:14]     spatial_conv=[4, 29] top_abs_channels=[('Pz', 0.15364784), ('O2', 0.14348775), ('T3', 0.12872326), ('O1', 0.12474729), ('T4', 0.1211869), ('CP3', 0.12014903), ('C3', 0.11465717), ('CP4', 0.11230035)]
[2026-05-28 19:15:14]     spatial_update=delta_l2=0.03049435 max_abs=0.00429228 relative=0.02555080 changed=True
[2026-05-28 19:15:14]   Subject 40: acc=0.5250±0.1225  bal_acc=0.5250±0.1225
[2026-05-28 19:15:14] \nSubject 41: 40 windows | class_counts=[20, 20]

[2026-05-28 19:15:15] Fold 1/5 | subject=41
[2026-05-28 19:15:15]     Train: 32 | counts=[16, 16]
[2026-05-28 19:15:15]     Test:  8 | counts=[4, 4]
[2026-05-28 19:15:15]     Model: SignalJEPA_PreLocal | Pretrained: from_pretrained | Strategy: new
[2026-05-28 19:15:15]     Normalization: none | fit_scope=none
[2026-05-28 19:15:15]     Phase 1 (new): 2,170/16,010 params
[2026-05-28 19:15:16]     Result | best_epoch=49 | stop=50 | final_phase_epochs=50 | acc=0.5000 | bal_acc=0.5000 | pred_hist=[2, 6] | collapse=False
[2026-05-28 19:15:16]     spatial_conv=[4, 29] top_abs_channels=[('O2', 0.15167782), ('Pz', 0.14486969), ('T3', 0.12851682), ('CP3', 0.12021855), ('O1', 0.1187182), ('C3', 0.11846517), ('T4', 0.11621556), ('P3', 0.11462532)]
[2026-05-28 19:15:16]     spatial_update=delta_l2=0.11976001 max_abs=0.02009432 relative=0.10034529 changed=True

[2026-05-28 19:15:16] Fold 2/5 | subject=41
[2026-05-28 19:15:16]     Train: 32 | counts=[16, 16]
[2026-05-28 19:15:16]     Test:  8 | counts=[4, 4]
[2026-05-28 19:15:16]     Model: SignalJEPA_PreLocal | Pretrained: from_pretrained | Strategy: new
[2026-05-28 19:15:16]     Normalization: none | fit_scope=none
[2026-05-28 19:15:16]     Phase 1 (new): 2,170/16,010 params
[2026-05-28 19:15:17]     Result | best_epoch=15 | stop=25 | final_phase_epochs=25 | acc=0.5000 | bal_acc=0.5000 | pred_hist=[0, 8] | collapse=True
[2026-05-28 19:15:17]     spatial_conv=[4, 29] top_abs_channels=[('Pz', 0.15078872), ('O2', 0.14691478), ('T3', 0.1261021), ('T4', 0.12074432), ('O1', 0.12034623), ('CP3', 0.11982376), ('C3', 0.11488117), ('CP4', 0.11062055)]
[2026-05-28 19:15:17]     spatial_update=delta_l2=0.04200408 max_abs=0.00591294 relative=0.03519465 changed=True

[2026-05-28 19:15:17] Fold 3/5 | subject=41
[2026-05-28 19:15:17]     Train: 32 | counts=[16, 16]
[2026-05-28 19:15:17]     Test:  8 | counts=[4, 4]
[2026-05-28 19:15:17]     Model: SignalJEPA_PreLocal | Pretrained: from_pretrained | Strategy: new
[2026-05-28 19:15:17]     Normalization: none | fit_scope=none
[2026-05-28 19:15:17]     Phase 1 (new): 2,170/16,010 params
[2026-05-28 19:15:18]     Result | best_epoch=15 | stop=25 | final_phase_epochs=25 | acc=0.5000 | bal_acc=0.5000 | pred_hist=[2, 6] | collapse=False
[2026-05-28 19:15:18]     spatial_conv=[4, 29] top_abs_channels=[('Pz', 0.14929843), ('O2', 0.14738049), ('T3', 0.12392824), ('CP3', 0.12305173), ('T4', 0.12172167), ('O1', 0.11945309), ('C3', 0.11650375), ('CP4', 0.10888378)]
[2026-05-28 19:15:18]     spatial_update=delta_l2=0.03943973 max_abs=0.00568657 relative=0.03304601 changed=True

[2026-05-28 19:15:18] Fold 4/5 | subject=41
[2026-05-28 19:15:18]     Train: 32 | counts=[16, 16]
[2026-05-28 19:15:18]     Test:  8 | counts=[4, 4]
[2026-05-28 19:15:18]     Model: SignalJEPA_PreLocal | Pretrained: from_pretrained | Strategy: new
[2026-05-28 19:15:18]     Normalization: none | fit_scope=none
[2026-05-28 19:15:18]     Phase 1 (new): 2,170/16,010 params
[2026-05-28 19:15:19]     Result | best_epoch=15 | stop=25 | final_phase_epochs=25 | acc=0.7500 | bal_acc=0.7500 | pred_hist=[2, 6] | collapse=False
[2026-05-28 19:15:19]     spatial_conv=[4, 29] top_abs_channels=[('Pz', 0.15173107), ('O2', 0.14578205), ('T3', 0.12376353), ('CP3', 0.12124538), ('T4', 0.12107042), ('O1', 0.12055731), ('C3', 0.114831), ('CP4', 0.10980668)]
[2026-05-28 19:15:19]     spatial_update=delta_l2=0.03712307 max_abs=0.00574601 relative=0.03110492 changed=True

[2026-05-28 19:15:19] Fold 5/5 | subject=41
[2026-05-28 19:15:19]     Train: 32 | counts=[16, 16]
[2026-05-28 19:15:19]     Test:  8 | counts=[4, 4]
[2026-05-28 19:15:19]     Model: SignalJEPA_PreLocal | Pretrained: from_pretrained | Strategy: new
[2026-05-28 19:15:19]     Normalization: none | fit_scope=none
[2026-05-28 19:15:19]     Phase 1 (new): 2,170/16,010 params
[2026-05-28 19:15:20]     Result | best_epoch=8 | stop=18 | final_phase_epochs=18 | acc=0.5000 | bal_acc=0.5000 | pred_hist=[0, 8] | collapse=True
[2026-05-28 19:15:20]     spatial_conv=[4, 29] top_abs_channels=[('Pz', 0.15134867), ('O2', 0.14673033), ('T3', 0.12542668), ('CP3', 0.12106641), ('T4', 0.12095945), ('O1', 0.12052488), ('C3', 0.1162549), ('CP4', 0.11129373)]
[2026-05-28 19:15:20]     spatial_update=delta_l2=0.02334801 max_abs=0.00310971 relative=0.01956298 changed=True
[2026-05-28 19:15:20]   Subject 41: acc=0.5500±0.1000  bal_acc=0.5500±0.1000
[2026-05-28 19:15:20] \nSubject 42: 40 windows | class_counts=[20, 20]

[2026-05-28 19:15:20] Fold 1/5 | subject=42
[2026-05-28 19:15:20]     Train: 32 | counts=[16, 16]
[2026-05-28 19:15:20]     Test:  8 | counts=[4, 4]
[2026-05-28 19:15:20]     Model: SignalJEPA_PreLocal | Pretrained: from_pretrained | Strategy: new
[2026-05-28 19:15:20]     Normalization: none | fit_scope=none
[2026-05-28 19:15:20]     Phase 1 (new): 2,170/16,010 params
[2026-05-28 19:15:20]     Result | best_epoch=6 | stop=14 | final_phase_epochs=14 | acc=0.5000 | bal_acc=0.5000 | pred_hist=[2, 6] | collapse=False
[2026-05-28 19:15:20]     spatial_conv=[4, 29] top_abs_channels=[('Pz', 0.1529792), ('O2', 0.14405975), ('T3', 0.12673008), ('T4', 0.12292166), ('O1', 0.12233581), ('CP3', 0.12063247), ('C3', 0.11506085), ('Fp1', 0.11095961)]
[2026-05-28 19:15:20]     spatial_update=delta_l2=0.01356152 max_abs=0.00160376 relative=0.01136301 changed=True

[2026-05-28 19:15:21] Fold 2/5 | subject=42
[2026-05-28 19:15:21]     Train: 32 | counts=[16, 16]
[2026-05-28 19:15:21]     Test:  8 | counts=[4, 4]
[2026-05-28 19:15:21]     Model: SignalJEPA_PreLocal | Pretrained: from_pretrained | Strategy: new
[2026-05-28 19:15:21]     Normalization: none | fit_scope=none
[2026-05-28 19:15:21]     Phase 1 (new): 2,170/16,010 params
[2026-05-28 19:15:22]     Result | best_epoch=18 | stop=28 | final_phase_epochs=28 | acc=0.5000 | bal_acc=0.5000 | pred_hist=[0, 8] | collapse=True
[2026-05-28 19:15:22]     spatial_conv=[4, 29] top_abs_channels=[('Pz', 0.15361804), ('O2', 0.14294708), ('T3', 0.12739128), ('O1', 0.12497908), ('T4', 0.12485079), ('CP3', 0.12069097), ('Fp1', 0.11519579), ('C3', 0.11295378)]
[2026-05-28 19:15:22]     spatial_update=delta_l2=0.04515967 max_abs=0.00683821 relative=0.03783867 changed=True

[2026-05-28 19:15:22] Fold 3/5 | subject=42
[2026-05-28 19:15:22]     Train: 32 | counts=[16, 16]
[2026-05-28 19:15:22]     Test:  8 | counts=[4, 4]
[2026-05-28 19:15:22]     Model: SignalJEPA_PreLocal | Pretrained: from_pretrained | Strategy: new
[2026-05-28 19:15:22]     Normalization: none | fit_scope=none
[2026-05-28 19:15:22]     Phase 1 (new): 2,170/16,010 params
[2026-05-28 19:15:22]     Result | best_epoch=9 | stop=19 | final_phase_epochs=19 | acc=0.5000 | bal_acc=0.5000 | pred_hist=[2, 6] | collapse=False
[2026-05-28 19:15:22]     spatial_conv=[4, 29] top_abs_channels=[('Pz', 0.15337689), ('O2', 0.14317858), ('T3', 0.12691547), ('O1', 0.1243907), ('T4', 0.12353724), ('CP3', 0.12072629), ('C3', 0.11419874), ('Fp1', 0.1114831)]
[2026-05-28 19:15:22]     spatial_update=delta_l2=0.02596895 max_abs=0.00350723 relative=0.02175903 changed=True

[2026-05-28 19:15:23] Fold 4/5 | subject=42
[2026-05-28 19:15:23]     Train: 32 | counts=[16, 16]
[2026-05-28 19:15:23]     Test:  8 | counts=[4, 4]
[2026-05-28 19:15:23]     Model: SignalJEPA_PreLocal | Pretrained: from_pretrained | Strategy: new
[2026-05-28 19:15:23]     Normalization: none | fit_scope=none
[2026-05-28 19:15:23]     Phase 1 (new): 2,170/16,010 params
[2026-05-28 19:15:24]     Result | best_epoch=15 | stop=25 | final_phase_epochs=25 | acc=0.3750 | bal_acc=0.3750 | pred_hist=[1, 7] | collapse=False
[2026-05-28 19:15:24]     spatial_conv=[4, 29] top_abs_channels=[('Pz', 0.1546281), ('O2', 0.14385243), ('T3', 0.12743688), ('T4', 0.12196924), ('CP3', 0.12123737), ('O1', 0.12044869), ('C3', 0.1148271), ('CP4', 0.11062136)]
[2026-05-28 19:15:24]     spatial_update=delta_l2=0.03536008 max_abs=0.00559527 relative=0.02962773 changed=True

[2026-05-28 19:15:24] Fold 5/5 | subject=42
[2026-05-28 19:15:24]     Train: 32 | counts=[16, 16]
[2026-05-28 19:15:24]     Test:  8 | counts=[4, 4]
[2026-05-28 19:15:24]     Model: SignalJEPA_PreLocal | Pretrained: from_pretrained | Strategy: new
[2026-05-28 19:15:24]     Normalization: none | fit_scope=none
[2026-05-28 19:15:24]     Phase 1 (new): 2,170/16,010 params
[2026-05-28 19:15:25]     Result | best_epoch=16 | stop=26 | final_phase_epochs=26 | acc=0.6250 | bal_acc=0.6250 | pred_hist=[1, 7] | collapse=False
[2026-05-28 19:15:25]     spatial_conv=[4, 29] top_abs_channels=[('Pz', 0.15361252), ('O2', 0.1437331), ('T3', 0.12877892), ('O1', 0.12573431), ('T4', 0.12350055), ('CP3', 0.11986434), ('C3', 0.11422847), ('Fp1', 0.11285149)]
[2026-05-28 19:15:25]     spatial_update=delta_l2=0.03964029 max_abs=0.00622101 relative=0.03321406 changed=True
[2026-05-28 19:15:25]   Subject 42: acc=0.5000±0.0791  bal_acc=0.5000±0.0791
[2026-05-28 19:15:25] \nSubject 43: 40 windows | class_counts=[20, 20]

[2026-05-28 19:15:25] Fold 1/5 | subject=43
[2026-05-28 19:15:25]     Train: 32 | counts=[16, 16]
[2026-05-28 19:15:25]     Test:  8 | counts=[4, 4]
[2026-05-28 19:15:25]     Model: SignalJEPA_PreLocal | Pretrained: from_pretrained | Strategy: new
[2026-05-28 19:15:25]     Normalization: none | fit_scope=none
[2026-05-28 19:15:25]     Phase 1 (new): 2,170/16,010 params
[2026-05-28 19:15:25]     Result | best_epoch=2 | stop=12 | final_phase_epochs=12 | acc=0.6250 | bal_acc=0.6250 | pred_hist=[1, 7] | collapse=False
[2026-05-28 19:15:25]     spatial_conv=[4, 29] top_abs_channels=[('Pz', 0.15297493), ('O2', 0.14427646), ('T3', 0.12700683), ('T4', 0.12213377), ('O1', 0.12156565), ('CP3', 0.12074939), ('C3', 0.11551964), ('CP4', 0.11051151)]
[2026-05-28 19:15:25]     spatial_update=delta_l2=0.00696609 max_abs=0.00080054 relative=0.00583679 changed=True

[2026-05-28 19:15:26] Fold 2/5 | subject=43
[2026-05-28 19:15:26]     Train: 32 | counts=[16, 16]
[2026-05-28 19:15:26]     Test:  8 | counts=[4, 4]
[2026-05-28 19:15:26]     Model: SignalJEPA_PreLocal | Pretrained: from_pretrained | Strategy: new
[2026-05-28 19:15:26]     Normalization: none | fit_scope=none
[2026-05-28 19:15:26]     Phase 1 (new): 2,170/16,010 params
[2026-05-28 19:15:26]     Result | best_epoch=1 | stop=11 | final_phase_epochs=11 | acc=0.5000 | bal_acc=0.5000 | pred_hist=[0, 8] | collapse=True
[2026-05-28 19:15:26]     spatial_conv=[4, 29] top_abs_channels=[('Pz', 0.15303901), ('O2', 0.14414138), ('T3', 0.12673479), ('T4', 0.12228759), ('O1', 0.12206212), ('CP3', 0.12092439), ('C3', 0.11543067), ('CP4', 0.11053313)]
[2026-05-28 19:15:26]     spatial_update=delta_l2=0.00430796 max_abs=0.00040001 relative=0.00360958 changed=True

[2026-05-28 19:15:26] Fold 3/5 | subject=43
[2026-05-28 19:15:26]     Train: 32 | counts=[16, 16]
[2026-05-28 19:15:26]     Test:  8 | counts=[4, 4]
[2026-05-28 19:15:26]     Model: SignalJEPA_PreLocal | Pretrained: from_pretrained | Strategy: new
[2026-05-28 19:15:26]     Normalization: none | fit_scope=none
[2026-05-28 19:15:26]     Phase 1 (new): 2,170/16,010 params
[2026-05-28 19:15:27]     Result | best_epoch=13 | stop=23 | final_phase_epochs=23 | acc=0.6250 | bal_acc=0.6250 | pred_hist=[1, 7] | collapse=False
[2026-05-28 19:15:27]     spatial_conv=[4, 29] top_abs_channels=[('Pz', 0.15170288), ('O2', 0.14751121), ('T3', 0.12650391), ('T4', 0.1235424), ('CP3', 0.11968495), ('O1', 0.11910257), ('C3', 0.11713834), ('CP4', 0.10902872)]
[2026-05-28 19:15:27]     spatial_update=delta_l2=0.03223015 max_abs=0.00499459 relative=0.02700520 changed=True

[2026-05-28 19:15:27] Fold 4/5 | subject=43
[2026-05-28 19:15:27]     Train: 32 | counts=[16, 16]
[2026-05-28 19:15:27]     Test:  8 | counts=[4, 4]
[2026-05-28 19:15:27]     Model: SignalJEPA_PreLocal | Pretrained: from_pretrained | Strategy: new
[2026-05-28 19:15:27]     Normalization: none | fit_scope=none
[2026-05-28 19:15:27]     Phase 1 (new): 2,170/16,010 params
[2026-05-28 19:15:28]     Result | best_epoch=5 | stop=15 | final_phase_epochs=15 | acc=0.5000 | bal_acc=0.5000 | pred_hist=[0, 8] | collapse=True
[2026-05-28 19:15:28]     spatial_conv=[4, 29] top_abs_channels=[('Pz', 0.15298794), ('O2', 0.14489409), ('T3', 0.12702776), ('T4', 0.12207008), ('O1', 0.12205236), ('CP3', 0.11964041), ('C3', 0.11599705), ('CP4', 0.1104698)]
[2026-05-28 19:15:28]     spatial_update=delta_l2=0.01382300 max_abs=0.00200024 relative=0.01158210 changed=True

[2026-05-28 19:15:28] Fold 5/5 | subject=43
[2026-05-28 19:15:28]     Train: 32 | counts=[16, 16]
[2026-05-28 19:15:28]     Test:  8 | counts=[4, 4]
[2026-05-28 19:15:28]     Model: SignalJEPA_PreLocal | Pretrained: from_pretrained | Strategy: new
[2026-05-28 19:15:28]     Normalization: none | fit_scope=none
[2026-05-28 19:15:28]     Phase 1 (new): 2,170/16,010 params
[2026-05-28 19:15:28]     Result | best_epoch=2 | stop=12 | final_phase_epochs=12 | acc=0.5000 | bal_acc=0.5000 | pred_hist=[0, 8] | collapse=True
[2026-05-28 19:15:28]     spatial_conv=[4, 29] top_abs_channels=[('Pz', 0.15277293), ('O2', 0.14411595), ('T3', 0.12707302), ('T4', 0.12204771), ('O1', 0.12192827), ('CP3', 0.12137622), ('C3', 0.11483967), ('CP4', 0.11097284)]
[2026-05-28 19:15:28]     spatial_update=delta_l2=0.00694309 max_abs=0.00080054 relative=0.00581752 changed=True
[2026-05-28 19:15:28]   Subject 43: acc=0.5500±0.0612  bal_acc=0.5500±0.0612
[2026-05-28 19:15:28] \nSubject 44: 40 windows | class_counts=[20, 20]

[2026-05-28 19:15:29] Fold 1/5 | subject=44
[2026-05-28 19:15:29]     Train: 32 | counts=[16, 16]
[2026-05-28 19:15:29]     Test:  8 | counts=[4, 4]
[2026-05-28 19:15:29]     Model: SignalJEPA_PreLocal | Pretrained: from_pretrained | Strategy: new
[2026-05-28 19:15:29]     Normalization: none | fit_scope=none
[2026-05-28 19:15:29]     Phase 1 (new): 2,170/16,010 params
[2026-05-28 19:15:30]     Result | best_epoch=45 | stop=50 | final_phase_epochs=50 | acc=0.5000 | bal_acc=0.5000 | pred_hist=[4, 4] | collapse=False
[2026-05-28 19:15:30]     spatial_conv=[4, 29] top_abs_channels=[('Pz', 0.14912498), ('O2', 0.14493972), ('T3', 0.13231459), ('CP3', 0.12508103), ('C3', 0.12203708), ('T4', 0.12199735), ('Fp1', 0.11283551), ('O1', 0.11189642)]
[2026-05-28 19:15:30]     spatial_update=delta_l2=0.09252735 max_abs=0.01576464 relative=0.07752741 changed=True

[2026-05-28 19:15:30] Fold 2/5 | subject=44
[2026-05-28 19:15:30]     Train: 32 | counts=[16, 16]
[2026-05-28 19:15:30]     Test:  8 | counts=[4, 4]
[2026-05-28 19:15:30]     Model: SignalJEPA_PreLocal | Pretrained: from_pretrained | Strategy: new
[2026-05-28 19:15:30]     Normalization: none | fit_scope=none
[2026-05-28 19:15:30]     Phase 1 (new): 2,170/16,010 params
[2026-05-28 19:15:31]     Result | best_epoch=7 | stop=17 | final_phase_epochs=17 | acc=0.5000 | bal_acc=0.5000 | pred_hist=[0, 8] | collapse=True
[2026-05-28 19:15:31]     spatial_conv=[4, 29] top_abs_channels=[('Pz', 0.15234013), ('O2', 0.14426047), ('T3', 0.1276986), ('T4', 0.12226704), ('CP3', 0.12124759), ('O1', 0.11967483), ('C3', 0.11761749), ('CP4', 0.10968022)]
[2026-05-28 19:15:31]     spatial_update=delta_l2=0.01946063 max_abs=0.00278668 relative=0.01630580 changed=True

[2026-05-28 19:15:31] Fold 3/5 | subject=44
[2026-05-28 19:15:31]     Train: 32 | counts=[16, 16]
[2026-05-28 19:15:31]     Test:  8 | counts=[4, 4]
[2026-05-28 19:15:31]     Model: SignalJEPA_PreLocal | Pretrained: from_pretrained | Strategy: new
[2026-05-28 19:15:31]     Normalization: none | fit_scope=none
[2026-05-28 19:15:31]     Phase 1 (new): 2,170/16,010 params
[2026-05-28 19:15:32]     Result | best_epoch=1 | stop=11 | final_phase_epochs=11 | acc=0.5000 | bal_acc=0.5000 | pred_hist=[0, 8] | collapse=True
[2026-05-28 19:15:32]     spatial_conv=[4, 29] top_abs_channels=[('Pz', 0.15303907), ('O2', 0.14414138), ('T3', 0.12673478), ('T4', 0.12208757), ('O1', 0.12146214), ('CP3', 0.12132438), ('C3', 0.11563089), ('CP4', 0.11053313)]
[2026-05-28 19:15:32]     spatial_update=delta_l2=0.00430796 max_abs=0.00040000 relative=0.00360958 changed=True

[2026-05-28 19:15:32] Fold 4/5 | subject=44
[2026-05-28 19:15:32]     Train: 32 | counts=[16, 16]
[2026-05-28 19:15:32]     Test:  8 | counts=[4, 4]
[2026-05-28 19:15:32]     Model: SignalJEPA_PreLocal | Pretrained: from_pretrained | Strategy: new
[2026-05-28 19:15:32]     Normalization: none | fit_scope=none
[2026-05-28 19:15:32]     Phase 1 (new): 2,170/16,010 params
[2026-05-28 19:15:33]     Result | best_epoch=2 | stop=12 | final_phase_epochs=12 | acc=0.5000 | bal_acc=0.5000 | pred_hist=[0, 8] | collapse=True
[2026-05-28 19:15:33]     spatial_conv=[4, 29] top_abs_channels=[('Pz', 0.15288946), ('O2', 0.14432785), ('T3', 0.12713127), ('T4', 0.12213506), ('O1', 0.12136154), ('CP3', 0.12127592), ('C3', 0.11535817), ('CP4', 0.11018711)]
[2026-05-28 19:15:33]     spatial_update=delta_l2=0.00719610 max_abs=0.00080052 relative=0.00602951 changed=True

[2026-05-28 19:15:33] Fold 5/5 | subject=44
[2026-05-28 19:15:33]     Train: 32 | counts=[16, 16]
[2026-05-28 19:15:33]     Test:  8 | counts=[4, 4]
[2026-05-28 19:15:33]     Model: SignalJEPA_PreLocal | Pretrained: from_pretrained | Strategy: new
[2026-05-28 19:15:33]     Normalization: none | fit_scope=none
[2026-05-28 19:15:33]     Phase 1 (new): 2,170/16,010 params
[2026-05-28 19:15:33]     Result | best_epoch=4 | stop=14 | final_phase_epochs=14 | acc=0.5000 | bal_acc=0.5000 | pred_hist=[0, 8] | collapse=True
[2026-05-28 19:15:33]     spatial_conv=[4, 29] top_abs_channels=[('Pz', 0.15277311), ('O2', 0.14411508), ('T3', 0.12695527), ('T4', 0.12232165), ('CP3', 0.12131518), ('O1', 0.12070461), ('C3', 0.11571912), ('CP4', 0.11006362)]
[2026-05-28 19:15:33]     spatial_update=delta_l2=0.01138673 max_abs=0.00159749 relative=0.00954079 changed=True
[2026-05-28 19:15:33]   Subject 44: acc=0.5000±0.0000  bal_acc=0.5000±0.0000
[2026-05-28 19:15:33] \nSubject 45: 40 windows | class_counts=[20, 20]

[2026-05-28 19:15:34] Fold 1/5 | subject=45
[2026-05-28 19:15:34]     Train: 32 | counts=[16, 16]
[2026-05-28 19:15:34]     Test:  8 | counts=[4, 4]
[2026-05-28 19:15:34]     Model: SignalJEPA_PreLocal | Pretrained: from_pretrained | Strategy: new
[2026-05-28 19:15:34]     Normalization: none | fit_scope=none
[2026-05-28 19:15:34]     Phase 1 (new): 2,170/16,010 params
[2026-05-28 19:15:35]     Result | best_epoch=43 | stop=48 | final_phase_epochs=48 | acc=0.7500 | bal_acc=0.7500 | pred_hist=[4, 4] | collapse=False
[2026-05-28 19:15:35]     spatial_conv=[4, 29] top_abs_channels=[('Pz', 0.15173149), ('O2', 0.14671859), ('T3', 0.13418786), ('CP3', 0.12295794), ('C3', 0.12168899), ('T5', 0.11582835), ('T4', 0.11512264), ('P3', 0.11470982)]
[2026-05-28 19:15:35]     spatial_update=delta_l2=0.10794149 max_abs=0.01618604 relative=0.09044271 changed=True

[2026-05-28 19:15:36] Fold 2/5 | subject=45
[2026-05-28 19:15:36]     Train: 32 | counts=[16, 16]
[2026-05-28 19:15:36]     Test:  8 | counts=[4, 4]
[2026-05-28 19:15:36]     Model: SignalJEPA_PreLocal | Pretrained: from_pretrained | Strategy: new
[2026-05-28 19:15:36]     Normalization: none | fit_scope=none
[2026-05-28 19:15:36]     Phase 1 (new): 2,170/16,010 params
[2026-05-28 19:15:36]     Result | best_epoch=26 | stop=36 | final_phase_epochs=36 | acc=0.3750 | bal_acc=0.3750 | pred_hist=[1, 7] | collapse=False
[2026-05-28 19:15:36]     spatial_conv=[4, 29] top_abs_channels=[('Pz', 0.15038602), ('O2', 0.14528874), ('T3', 0.12764014), ('CP3', 0.12260921), ('O1', 0.12112395), ('T4', 0.1196046), ('C3', 0.11830419), ('T5', 0.11220766)]
[2026-05-28 19:15:36]     spatial_update=delta_l2=0.07012750 max_abs=0.01046730 relative=0.05875888 changed=True

[2026-05-28 19:15:37] Fold 3/5 | subject=45
[2026-05-28 19:15:37]     Train: 32 | counts=[16, 16]
[2026-05-28 19:15:37]     Test:  8 | counts=[4, 4]
[2026-05-28 19:15:37]     Model: SignalJEPA_PreLocal | Pretrained: from_pretrained | Strategy: new
[2026-05-28 19:15:37]     Normalization: none | fit_scope=none
[2026-05-28 19:15:37]     Phase 1 (new): 2,170/16,010 params
[2026-05-28 19:15:37]     Result | best_epoch=11 | stop=21 | final_phase_epochs=21 | acc=0.3750 | bal_acc=0.3750 | pred_hist=[1, 7] | collapse=False
[2026-05-28 19:15:37]     spatial_conv=[4, 29] top_abs_channels=[('Pz', 0.15338205), ('O2', 0.14419469), ('T3', 0.12732527), ('CP3', 0.12299912), ('T4', 0.12070319), ('O1', 0.11980738), ('C3', 0.11679778), ('CP4', 0.11203875)]
[2026-05-28 19:15:37]     spatial_update=delta_l2=0.03291980 max_abs=0.00437929 relative=0.02758305 changed=True

[2026-05-28 19:15:38] Fold 4/5 | subject=45
[2026-05-28 19:15:38]     Train: 32 | counts=[16, 16]
[2026-05-28 19:15:38]     Test:  8 | counts=[4, 4]
[2026-05-28 19:15:38]     Model: SignalJEPA_PreLocal | Pretrained: from_pretrained | Strategy: new
[2026-05-28 19:15:38]     Normalization: none | fit_scope=none
[2026-05-28 19:15:38]     Phase 1 (new): 2,170/16,010 params
[2026-05-28 19:15:38]     Result | best_epoch=50 | stop=50 | final_phase_epochs=50 | acc=0.3750 | bal_acc=0.3750 | pred_hist=[3, 5] | collapse=False
[2026-05-28 19:15:38]     spatial_conv=[4, 29] top_abs_channels=[('Pz', 0.15169203), ('O2', 0.14816955), ('T3', 0.13462088), ('C3', 0.12452206), ('CP3', 0.11796033), ('T4', 0.11776553), ('T5', 0.11696934), ('O1', 0.1124073)]
[2026-05-28 19:15:38]     spatial_update=delta_l2=0.12864841 max_abs=0.01996796 relative=0.10779276 changed=True

[2026-05-28 19:15:39] Fold 5/5 | subject=45
[2026-05-28 19:15:39]     Train: 32 | counts=[16, 16]
[2026-05-28 19:15:39]     Test:  8 | counts=[4, 4]
[2026-05-28 19:15:39]     Model: SignalJEPA_PreLocal | Pretrained: from_pretrained | Strategy: new
[2026-05-28 19:15:39]     Normalization: none | fit_scope=none
[2026-05-28 19:15:39]     Phase 1 (new): 2,170/16,010 params
[2026-05-28 19:15:40]     Result | best_epoch=47 | stop=50 | final_phase_epochs=50 | acc=0.3750 | bal_acc=0.3750 | pred_hist=[7, 1] | collapse=False
[2026-05-28 19:15:40]     spatial_conv=[4, 29] top_abs_channels=[('Pz', 0.1500807), ('O2', 0.14134899), ('T3', 0.13149248), ('T4', 0.12444171), ('CP3', 0.12431103), ('T5', 0.12036368), ('O1', 0.12018965), ('C3', 0.1201078)]
[2026-05-28 19:15:40]     spatial_update=delta_l2=0.11547553 max_abs=0.01967777 relative=0.09675537 changed=True
[2026-05-28 19:15:40]   Subject 45: acc=0.4500±0.1500  bal_acc=0.4500±0.1500
[2026-05-28 19:15:40] \nSubject 46: 40 windows | class_counts=[20, 20]

[2026-05-28 19:15:40] Fold 1/5 | subject=46
[2026-05-28 19:15:40]     Train: 32 | counts=[16, 16]
[2026-05-28 19:15:40]     Test:  8 | counts=[4, 4]
[2026-05-28 19:15:40]     Model: SignalJEPA_PreLocal | Pretrained: from_pretrained | Strategy: new
[2026-05-28 19:15:40]     Normalization: none | fit_scope=none
[2026-05-28 19:15:40]     Phase 1 (new): 2,170/16,010 params
[2026-05-28 19:15:41]     Result | best_epoch=48 | stop=50 | final_phase_epochs=50 | acc=0.6250 | bal_acc=0.6250 | pred_hist=[5, 3] | collapse=False
[2026-05-28 19:15:41]     spatial_conv=[4, 29] top_abs_channels=[('Pz', 0.15359481), ('O2', 0.14267172), ('T4', 0.13293493), ('T3', 0.13099791), ('CP3', 0.1210347), ('C3', 0.11627217), ('P4', 0.116151), ('O1', 0.11561583)]
[2026-05-28 19:15:41]     spatial_update=delta_l2=0.12932930 max_abs=0.02087657 relative=0.10836326 changed=True

[2026-05-28 19:15:42] Fold 2/5 | subject=46
[2026-05-28 19:15:42]     Train: 32 | counts=[16, 16]
[2026-05-28 19:15:42]     Test:  8 | counts=[4, 4]
[2026-05-28 19:15:42]     Model: SignalJEPA_PreLocal | Pretrained: from_pretrained | Strategy: new
[2026-05-28 19:15:42]     Normalization: none | fit_scope=none
[2026-05-28 19:15:42]     Phase 1 (new): 2,170/16,010 params
[2026-05-28 19:15:42]     Result | best_epoch=7 | stop=17 | final_phase_epochs=17 | acc=0.5000 | bal_acc=0.5000 | pred_hist=[0, 8] | collapse=True
[2026-05-28 19:15:42]     spatial_conv=[4, 29] top_abs_channels=[('Pz', 0.153596), ('O2', 0.14379725), ('T3', 0.126706), ('T4', 0.12305523), ('CP3', 0.12118614), ('O1', 0.12116674), ('C3', 0.1145058), ('Fp1', 0.11084998)]
[2026-05-28 19:15:42]     spatial_update=delta_l2=0.02118186 max_abs=0.00274828 relative=0.01774799 changed=True

[2026-05-28 19:15:43] Fold 3/5 | subject=46
[2026-05-28 19:15:43]     Train: 32 | counts=[16, 16]
[2026-05-28 19:15:43]     Test:  8 | counts=[4, 4]
[2026-05-28 19:15:43]     Model: SignalJEPA_PreLocal | Pretrained: from_pretrained | Strategy: new
[2026-05-28 19:15:43]     Normalization: none | fit_scope=none
[2026-05-28 19:15:43]     Phase 1 (new): 2,170/16,010 params
[2026-05-28 19:15:43]     Result | best_epoch=49 | stop=50 | final_phase_epochs=50 | acc=0.5000 | bal_acc=0.5000 | pred_hist=[6, 2] | collapse=False
[2026-05-28 19:15:43]     spatial_conv=[4, 29] top_abs_channels=[('Pz', 0.15411732), ('O2', 0.14102399), ('T4', 0.13427584), ('T3', 0.12585974), ('CP3', 0.11877058), ('C3', 0.11778325), ('P4', 0.11463565), ('O1', 0.11436827)]
[2026-05-28 19:15:43]     spatial_update=delta_l2=0.12490246 max_abs=0.01956970 relative=0.10465407 changed=True

[2026-05-28 19:15:44] Fold 4/5 | subject=46
[2026-05-28 19:15:44]     Train: 32 | counts=[16, 16]
[2026-05-28 19:15:44]     Test:  8 | counts=[4, 4]
[2026-05-28 19:15:44]     Model: SignalJEPA_PreLocal | Pretrained: from_pretrained | Strategy: new
[2026-05-28 19:15:44]     Normalization: none | fit_scope=none
[2026-05-28 19:15:44]     Phase 1 (new): 2,170/16,010 params
[2026-05-28 19:15:45]     Result | best_epoch=29 | stop=39 | final_phase_epochs=39 | acc=0.7500 | bal_acc=0.7500 | pred_hist=[2, 6] | collapse=False
[2026-05-28 19:15:45]     spatial_conv=[4, 29] top_abs_channels=[('Pz', 0.15548684), ('O2', 0.14417662), ('T4', 0.12862548), ('T3', 0.12805247), ('O1', 0.11938184), ('CP3', 0.11845402), ('C3', 0.11579287), ('CP4', 0.11213395)]
[2026-05-28 19:15:45]     spatial_update=delta_l2=0.07466540 max_abs=0.01091527 relative=0.06256113 changed=True

[2026-05-28 19:15:45] Fold 5/5 | subject=46
[2026-05-28 19:15:45]     Train: 32 | counts=[16, 16]
[2026-05-28 19:15:45]     Test:  8 | counts=[4, 4]
[2026-05-28 19:15:45]     Model: SignalJEPA_PreLocal | Pretrained: from_pretrained | Strategy: new
[2026-05-28 19:15:45]     Normalization: none | fit_scope=none
[2026-05-28 19:15:45]     Phase 1 (new): 2,170/16,010 params
[2026-05-28 19:15:46]     Result | best_epoch=29 | stop=39 | final_phase_epochs=39 | acc=0.6250 | bal_acc=0.6250 | pred_hist=[1, 7] | collapse=False
[2026-05-28 19:15:46]     spatial_conv=[4, 29] top_abs_channels=[('Pz', 0.15065238), ('O2', 0.14529184), ('T3', 0.1300579), ('T4', 0.12994424), ('CP3', 0.12242192), ('C3', 0.11443833), ('O1', 0.1137639), ('P4', 0.11085343)]
[2026-05-28 19:15:46]     spatial_update=delta_l2=0.07564198 max_abs=0.01168054 relative=0.06337939 changed=True
[2026-05-28 19:15:46]   Subject 46: acc=0.6000±0.0935  bal_acc=0.6000±0.0935
[2026-05-28 19:15:46] \nSubject 47: 40 windows | class_counts=[20, 20]

[2026-05-28 19:15:46] Fold 1/5 | subject=47
[2026-05-28 19:15:46]     Train: 32 | counts=[16, 16]
[2026-05-28 19:15:46]     Test:  8 | counts=[4, 4]
[2026-05-28 19:15:46]     Model: SignalJEPA_PreLocal | Pretrained: from_pretrained | Strategy: new
[2026-05-28 19:15:46]     Normalization: none | fit_scope=none
[2026-05-28 19:15:47]     Phase 1 (new): 2,170/16,010 params
[2026-05-28 19:15:47]     Result | best_epoch=7 | stop=17 | final_phase_epochs=17 | acc=0.5000 | bal_acc=0.5000 | pred_hist=[0, 8] | collapse=True
[2026-05-28 19:15:47]     spatial_conv=[4, 29] top_abs_channels=[('Pz', 0.15318263), ('O2', 0.14427072), ('T3', 0.12708341), ('T4', 0.12243271), ('CP3', 0.12181657), ('O1', 0.1206023), ('C3', 0.11521079), ('CP4', 0.1100949)]
[2026-05-28 19:15:47]     spatial_update=delta_l2=0.01878074 max_abs=0.00277781 relative=0.01573613 changed=True

[2026-05-28 19:15:47] Fold 2/5 | subject=47
[2026-05-28 19:15:47]     Train: 32 | counts=[16, 16]
[2026-05-28 19:15:47]     Test:  8 | counts=[4, 4]
[2026-05-28 19:15:47]     Model: SignalJEPA_PreLocal | Pretrained: from_pretrained | Strategy: new
[2026-05-28 19:15:47]     Normalization: none | fit_scope=none
[2026-05-28 19:15:47]     Phase 1 (new): 2,170/16,010 params
[2026-05-28 19:15:48]     Result | best_epoch=8 | stop=18 | final_phase_epochs=18 | acc=0.5000 | bal_acc=0.5000 | pred_hist=[0, 8] | collapse=True
[2026-05-28 19:15:48]     spatial_conv=[4, 29] top_abs_channels=[('Pz', 0.15357992), ('O2', 0.14454058), ('T3', 0.12686425), ('CP3', 0.12180497), ('O1', 0.1214249), ('T4', 0.12126329), ('C3', 0.11548595), ('Fp1', 0.11010474)]
[2026-05-28 19:15:48]     spatial_update=delta_l2=0.02170946 max_abs=0.00317539 relative=0.01819006 changed=True

[2026-05-28 19:15:48] Fold 3/5 | subject=47
[2026-05-28 19:15:48]     Train: 32 | counts=[16, 16]
[2026-05-28 19:15:48]     Test:  8 | counts=[4, 4]
[2026-05-28 19:15:48]     Model: SignalJEPA_PreLocal | Pretrained: from_pretrained | Strategy: new
[2026-05-28 19:15:48]     Normalization: none | fit_scope=none
[2026-05-28 19:15:48]     Phase 1 (new): 2,170/16,010 params
[2026-05-28 19:15:49]     Result | best_epoch=8 | stop=18 | final_phase_epochs=18 | acc=0.3750 | bal_acc=0.3750 | pred_hist=[1, 7] | collapse=False
[2026-05-28 19:15:49]     spatial_conv=[4, 29] top_abs_channels=[('Pz', 0.15263781), ('O2', 0.14483772), ('T3', 0.12615271), ('T4', 0.12250087), ('CP3', 0.12150286), ('O1', 0.12044164), ('C3', 0.11482587), ('CP4', 0.11103525)]
[2026-05-28 19:15:49]     spatial_update=delta_l2=0.02212222 max_abs=0.00318512 relative=0.01853591 changed=True

[2026-05-28 19:15:49] Fold 4/5 | subject=47
[2026-05-28 19:15:49]     Train: 32 | counts=[16, 16]
[2026-05-28 19:15:49]     Test:  8 | counts=[4, 4]
[2026-05-28 19:15:49]     Model: SignalJEPA_PreLocal | Pretrained: from_pretrained | Strategy: new
[2026-05-28 19:15:49]     Normalization: none | fit_scope=none
[2026-05-28 19:15:49]     Phase 1 (new): 2,170/16,010 params
[2026-05-28 19:15:50]     Result | best_epoch=10 | stop=20 | final_phase_epochs=20 | acc=0.5000 | bal_acc=0.5000 | pred_hist=[0, 8] | collapse=True
[2026-05-28 19:15:50]     spatial_conv=[4, 29] top_abs_channels=[('Pz', 0.1531496), ('O2', 0.14218453), ('T3', 0.128043), ('T4', 0.12238145), ('O1', 0.12232772), ('CP3', 0.12114875), ('C3', 0.1173695), ('CP4', 0.11112877)]
[2026-05-28 19:15:50]     spatial_update=delta_l2=0.02558636 max_abs=0.00397237 relative=0.02143847 changed=True

[2026-05-28 19:15:50] Fold 5/5 | subject=47
[2026-05-28 19:15:50]     Train: 32 | counts=[16, 16]
[2026-05-28 19:15:50]     Test:  8 | counts=[4, 4]
[2026-05-28 19:15:50]     Model: SignalJEPA_PreLocal | Pretrained: from_pretrained | Strategy: new
[2026-05-28 19:15:50]     Normalization: none | fit_scope=none
[2026-05-28 19:15:50]     Phase 1 (new): 2,170/16,010 params
[2026-05-28 19:15:51]     Result | best_epoch=17 | stop=17 | final_phase_epochs=17 | acc=0.5000 | bal_acc=0.5000 | pred_hist=[0, 8] | collapse=True
[2026-05-28 19:15:51]     spatial_conv=[4, 29] top_abs_channels=[('Pz', 0.15342739), ('O2', 0.14377409), ('T3', 0.12671635), ('T4', 0.12291558), ('O1', 0.12225357), ('CP3', 0.12016983), ('C3', 0.11579588), ('Fp1', 0.11078067)]
[2026-05-28 19:15:51]     spatial_update=delta_l2=0.01881409 max_abs=0.00271314 relative=0.01576407 changed=True
[2026-05-28 19:15:51]   Subject 47: acc=0.4750±0.0500  bal_acc=0.4750±0.0500
[2026-05-28 19:15:51] \nSubject 48: 40 windows | class_counts=[20, 20]

[2026-05-28 19:15:51] Fold 1/5 | subject=48
[2026-05-28 19:15:51]     Train: 32 | counts=[16, 16]
[2026-05-28 19:15:51]     Test:  8 | counts=[4, 4]
[2026-05-28 19:15:51]     Model: SignalJEPA_PreLocal | Pretrained: from_pretrained | Strategy: new
[2026-05-28 19:15:51]     Normalization: none | fit_scope=none
[2026-05-28 19:15:51]     Phase 1 (new): 2,170/16,010 params
[2026-05-28 19:15:52]     Result | best_epoch=5 | stop=15 | final_phase_epochs=15 | acc=0.5000 | bal_acc=0.5000 | pred_hist=[0, 8] | collapse=True
[2026-05-28 19:15:52]     spatial_conv=[4, 29] top_abs_channels=[('Pz', 0.15235984), ('O2', 0.14452866), ('T3', 0.12689157), ('CP3', 0.12168096), ('O1', 0.12144082), ('T4', 0.12081131), ('C3', 0.11487875), ('CP4', 0.11094332)]
[2026-05-28 19:15:52]     spatial_update=delta_l2=0.01397517 max_abs=0.00199595 relative=0.01170960 changed=True

[2026-05-28 19:15:52] Fold 2/5 | subject=48
[2026-05-28 19:15:52]     Train: 32 | counts=[16, 16]
[2026-05-28 19:15:52]     Test:  8 | counts=[4, 4]
[2026-05-28 19:15:52]     Model: SignalJEPA_PreLocal | Pretrained: from_pretrained | Strategy: new
[2026-05-28 19:15:52]     Normalization: none | fit_scope=none
[2026-05-28 19:15:52]     Phase 1 (new): 2,170/16,010 params
[2026-05-28 19:15:53]     Result | best_epoch=38 | stop=48 | final_phase_epochs=48 | acc=0.5000 | bal_acc=0.5000 | pred_hist=[4, 4] | collapse=False
[2026-05-28 19:15:53]     spatial_conv=[4, 29] top_abs_channels=[('Pz', 0.15120128), ('O2', 0.14497426), ('CP3', 0.1268484), ('T3', 0.12188318), ('O1', 0.12089746), ('T4', 0.12003717), ('CP4', 0.11464897), ('P3', 0.11264759)]
[2026-05-28 19:15:53]     spatial_update=delta_l2=0.09176350 max_abs=0.01411143 relative=0.07688739 changed=True

[2026-05-28 19:15:53] Fold 3/5 | subject=48
[2026-05-28 19:15:53]     Train: 32 | counts=[16, 16]
[2026-05-28 19:15:53]     Test:  8 | counts=[4, 4]
[2026-05-28 19:15:53]     Model: SignalJEPA_PreLocal | Pretrained: from_pretrained | Strategy: new
[2026-05-28 19:15:53]     Normalization: none | fit_scope=none
[2026-05-28 19:15:53]     Phase 1 (new): 2,170/16,010 params
[2026-05-28 19:15:54]     Result | best_epoch=5 | stop=15 | final_phase_epochs=15 | acc=0.5000 | bal_acc=0.5000 | pred_hist=[0, 8] | collapse=True
[2026-05-28 19:15:54]     spatial_conv=[4, 29] top_abs_channels=[('Pz', 0.15280253), ('O2', 0.14464611), ('T3', 0.12637246), ('T4', 0.12187278), ('O1', 0.12161005), ('CP3', 0.12071456), ('C3', 0.11340241), ('CP4', 0.11199473)]
[2026-05-28 19:15:54]     spatial_update=delta_l2=0.01447693 max_abs=0.00196669 relative=0.01213002 changed=True

[2026-05-28 19:15:54] Fold 4/5 | subject=48
[2026-05-28 19:15:54]     Train: 32 | counts=[16, 16]
[2026-05-28 19:15:54]     Test:  8 | counts=[4, 4]
[2026-05-28 19:15:54]     Model: SignalJEPA_PreLocal | Pretrained: from_pretrained | Strategy: new
[2026-05-28 19:15:54]     Normalization: none | fit_scope=none
[2026-05-28 19:15:54]     Phase 1 (new): 2,170/16,010 params
[2026-05-28 19:15:55]     Result | best_epoch=22 | stop=32 | final_phase_epochs=32 | acc=0.5000 | bal_acc=0.5000 | pred_hist=[2, 6] | collapse=False
[2026-05-28 19:15:55]     spatial_conv=[4, 29] top_abs_channels=[('Pz', 0.15393883), ('O2', 0.14638026), ('T3', 0.12498182), ('CP3', 0.12336025), ('O1', 0.12074896), ('T4', 0.1167225), ('CP4', 0.11353883), ('C3', 0.11061124)]
[2026-05-28 19:15:55]     spatial_update=delta_l2=0.05657851 max_abs=0.00840417 relative=0.04740637 changed=True

[2026-05-28 19:15:55] Fold 5/5 | subject=48
[2026-05-28 19:15:55]     Train: 32 | counts=[16, 16]
[2026-05-28 19:15:55]     Test:  8 | counts=[4, 4]
[2026-05-28 19:15:55]     Model: SignalJEPA_PreLocal | Pretrained: from_pretrained | Strategy: new
[2026-05-28 19:15:55]     Normalization: none | fit_scope=none
[2026-05-28 19:15:55]     Phase 1 (new): 2,170/16,010 params
[2026-05-28 19:15:56]     Result | best_epoch=27 | stop=37 | final_phase_epochs=37 | acc=0.5000 | bal_acc=0.5000 | pred_hist=[4, 4] | collapse=False
[2026-05-28 19:15:56]     spatial_conv=[4, 29] top_abs_channels=[('Pz', 0.15490751), ('O2', 0.14279564), ('T3', 0.12762009), ('O1', 0.12195094), ('T4', 0.12112537), ('CP3', 0.11995572), ('CP4', 0.1169899), ('P3', 0.11192287)]
[2026-05-28 19:15:56]     spatial_update=delta_l2=0.07039142 max_abs=0.01067464 relative=0.05898001 changed=True
[2026-05-28 19:15:56]   Subject 48: acc=0.5000±0.0000  bal_acc=0.5000±0.0000
[2026-05-28 19:15:56] \nSubject 49: 40 windows | class_counts=[20, 20]

[2026-05-28 19:15:56] Fold 1/5 | subject=49
[2026-05-28 19:15:56]     Train: 32 | counts=[16, 16]
[2026-05-28 19:15:56]     Test:  8 | counts=[4, 4]
[2026-05-28 19:15:56]     Model: SignalJEPA_PreLocal | Pretrained: from_pretrained | Strategy: new
[2026-05-28 19:15:56]     Normalization: none | fit_scope=none
[2026-05-28 19:15:56]     Phase 1 (new): 2,170/16,010 params
[2026-05-28 19:15:57]     Result | best_epoch=2 | stop=12 | final_phase_epochs=12 | acc=0.5000 | bal_acc=0.5000 | pred_hist=[0, 8] | collapse=True
[2026-05-28 19:15:57]     spatial_conv=[4, 29] top_abs_channels=[('Pz', 0.15344596), ('O2', 0.14359115), ('T3', 0.12611267), ('T4', 0.1222109), ('O1', 0.12186287), ('CP3', 0.12146809), ('C3', 0.11510178), ('CP4', 0.11054141)]
[2026-05-28 19:15:57]     spatial_update=delta_l2=0.00729450 max_abs=0.00080054 relative=0.00611196 changed=True

[2026-05-28 19:15:57] Fold 2/5 | subject=49
[2026-05-28 19:15:57]     Train: 32 | counts=[16, 16]
[2026-05-28 19:15:57]     Test:  8 | counts=[4, 4]
[2026-05-28 19:15:57]     Model: SignalJEPA_PreLocal | Pretrained: from_pretrained | Strategy: new
[2026-05-28 19:15:57]     Normalization: none | fit_scope=none
[2026-05-28 19:15:57]     Phase 1 (new): 2,170/16,010 params
[2026-05-28 19:15:58]     Result | best_epoch=9 | stop=19 | final_phase_epochs=19 | acc=0.5000 | bal_acc=0.5000 | pred_hist=[0, 8] | collapse=True
[2026-05-28 19:15:58]     spatial_conv=[4, 29] top_abs_channels=[('Pz', 0.15127864), ('O2', 0.14177682), ('T3', 0.12663549), ('O1', 0.12339599), ('CP3', 0.12227748), ('T4', 0.12068626), ('C3', 0.11608288), ('Fp1', 0.11171813)]
[2026-05-28 19:15:58]     spatial_update=delta_l2=0.02456574 max_abs=0.00351247 relative=0.02058330 changed=True

[2026-05-28 19:15:58] Fold 3/5 | subject=49
[2026-05-28 19:15:58]     Train: 32 | counts=[16, 16]
[2026-05-28 19:15:58]     Test:  8 | counts=[4, 4]
[2026-05-28 19:15:58]     Model: SignalJEPA_PreLocal | Pretrained: from_pretrained | Strategy: new
[2026-05-28 19:15:58]     Normalization: none | fit_scope=none
[2026-05-28 19:15:58]     Phase 1 (new): 2,170/16,010 params
[2026-05-28 19:15:58]     Result | best_epoch=8 | stop=18 | final_phase_epochs=18 | acc=0.5000 | bal_acc=0.5000 | pred_hist=[0, 8] | collapse=True
[2026-05-28 19:15:58]     spatial_conv=[4, 29] top_abs_channels=[('Pz', 0.1528579), ('O2', 0.14292352), ('T3', 0.12460811), ('T4', 0.12138671), ('O1', 0.12104052), ('CP3', 0.12012564), ('C3', 0.11632763), ('CP4', 0.11075793)]
[2026-05-28 19:15:58]     spatial_update=delta_l2=0.02302231 max_abs=0.00313798 relative=0.01929008 changed=True

[2026-05-28 19:15:59] Fold 4/5 | subject=49
[2026-05-28 19:15:59]     Train: 32 | counts=[16, 16]
[2026-05-28 19:15:59]     Test:  8 | counts=[4, 4]
[2026-05-28 19:15:59]     Model: SignalJEPA_PreLocal | Pretrained: from_pretrained | Strategy: new
[2026-05-28 19:15:59]     Normalization: none | fit_scope=none
[2026-05-28 19:15:59]     Phase 1 (new): 2,170/16,010 params
[2026-05-28 19:15:59]     Result | best_epoch=8 | stop=18 | final_phase_epochs=18 | acc=0.5000 | bal_acc=0.5000 | pred_hist=[0, 8] | collapse=True
[2026-05-28 19:15:59]     spatial_conv=[4, 29] top_abs_channels=[('Pz', 0.15367334), ('O2', 0.14356914), ('T3', 0.12565063), ('O1', 0.12220998), ('T4', 0.12199917), ('CP3', 0.12065341), ('C3', 0.11459644), ('CP4', 0.11114821)]
[2026-05-28 19:15:59]     spatial_update=delta_l2=0.02257690 max_abs=0.00316026 relative=0.01891687 changed=True

[2026-05-28 19:16:00] Fold 5/5 | subject=49
[2026-05-28 19:16:00]     Train: 32 | counts=[16, 16]
[2026-05-28 19:16:00]     Test:  8 | counts=[4, 4]
[2026-05-28 19:16:00]     Model: SignalJEPA_PreLocal | Pretrained: from_pretrained | Strategy: new
[2026-05-28 19:16:00]     Normalization: none | fit_scope=none
[2026-05-28 19:16:00]     Phase 1 (new): 2,170/16,010 params
[2026-05-28 19:16:00]     Result | best_epoch=8 | stop=18 | final_phase_epochs=18 | acc=0.5000 | bal_acc=0.5000 | pred_hist=[0, 8] | collapse=True
[2026-05-28 19:16:00]     spatial_conv=[4, 29] top_abs_channels=[('Pz', 0.15352358), ('O2', 0.14364354), ('T3', 0.1255141), ('O1', 0.12236856), ('CP3', 0.12233358), ('T4', 0.12166376), ('C3', 0.11558895), ('CP4', 0.11199751)]
[2026-05-28 19:16:00]     spatial_update=delta_l2=0.02303043 max_abs=0.00317906 relative=0.01929689 changed=True
[2026-05-28 19:16:00]   Subject 49: acc=0.5000±0.0000  bal_acc=0.5000±0.0000
[2026-05-28 19:16:00] \nSubject 50: 40 windows | class_counts=[20, 20]

[2026-05-28 19:16:01] Fold 1/5 | subject=50
[2026-05-28 19:16:01]     Train: 32 | counts=[16, 16]
[2026-05-28 19:16:01]     Test:  8 | counts=[4, 4]
[2026-05-28 19:16:01]     Model: SignalJEPA_PreLocal | Pretrained: from_pretrained | Strategy: new
[2026-05-28 19:16:01]     Normalization: none | fit_scope=none
[2026-05-28 19:16:01]     Phase 1 (new): 2,170/16,010 params
[2026-05-28 19:16:02]     Result | best_epoch=34 | stop=44 | final_phase_epochs=44 | acc=0.2500 | bal_acc=0.2500 | pred_hist=[2, 6] | collapse=False
[2026-05-28 19:16:02]     spatial_conv=[4, 29] top_abs_channels=[('Pz', 0.15164569), ('O2', 0.14792511), ('T3', 0.12310308), ('O1', 0.12308072), ('T4', 0.12204722), ('CP3', 0.12074684), ('C3', 0.11759076), ('Fp1', 0.11478083)]
[2026-05-28 19:16:02]     spatial_update=delta_l2=0.07635032 max_abs=0.01236185 relative=0.06397290 changed=True

[2026-05-28 19:16:02] Fold 2/5 | subject=50
[2026-05-28 19:16:02]     Train: 32 | counts=[16, 16]
[2026-05-28 19:16:02]     Test:  8 | counts=[4, 4]
[2026-05-28 19:16:02]     Model: SignalJEPA_PreLocal | Pretrained: from_pretrained | Strategy: new
[2026-05-28 19:16:02]     Normalization: none | fit_scope=none
[2026-05-28 19:16:02]     Phase 1 (new): 2,170/16,010 params
[2026-05-28 19:16:03]     Result | best_epoch=3 | stop=13 | final_phase_epochs=13 | acc=0.5000 | bal_acc=0.5000 | pred_hist=[0, 8] | collapse=True
[2026-05-28 19:16:03]     spatial_conv=[4, 29] top_abs_channels=[('Pz', 0.15307036), ('O2', 0.14476284), ('T3', 0.12605403), ('T4', 0.12250336), ('O1', 0.12155855), ('CP3', 0.12128507), ('C3', 0.11594905), ('CP4', 0.11115813)]
[2026-05-28 19:16:03]     spatial_update=delta_l2=0.00951889 max_abs=0.00120161 relative=0.00797575 changed=True

[2026-05-28 19:16:03] Fold 3/5 | subject=50
[2026-05-28 19:16:03]     Train: 32 | counts=[16, 16]
[2026-05-28 19:16:03]     Test:  8 | counts=[4, 4]
[2026-05-28 19:16:03]     Model: SignalJEPA_PreLocal | Pretrained: from_pretrained | Strategy: new
[2026-05-28 19:16:03]     Normalization: none | fit_scope=none
[2026-05-28 19:16:03]     Phase 1 (new): 2,170/16,010 params
[2026-05-28 19:16:04]     Result | best_epoch=2 | stop=12 | final_phase_epochs=12 | acc=0.5000 | bal_acc=0.5000 | pred_hist=[0, 8] | collapse=True
[2026-05-28 19:16:04]     spatial_conv=[4, 29] top_abs_channels=[('Pz', 0.15290104), ('O2', 0.14442706), ('T3', 0.12638943), ('T4', 0.12259653), ('O1', 0.12139899), ('CP3', 0.12119907), ('C3', 0.1159848), ('CP4', 0.11086279)]
[2026-05-28 19:16:04]     spatial_update=delta_l2=0.00673153 max_abs=0.00080054 relative=0.00564026 changed=True

[2026-05-28 19:16:04] Fold 4/5 | subject=50
[2026-05-28 19:16:04]     Train: 32 | counts=[16, 16]
[2026-05-28 19:16:04]     Test:  8 | counts=[4, 4]
[2026-05-28 19:16:04]     Model: SignalJEPA_PreLocal | Pretrained: from_pretrained | Strategy: new
[2026-05-28 19:16:04]     Normalization: none | fit_scope=none
[2026-05-28 19:16:04]     Phase 1 (new): 2,170/16,010 params
[2026-05-28 19:16:05]     Result | best_epoch=4 | stop=14 | final_phase_epochs=14 | acc=0.5000 | bal_acc=0.5000 | pred_hist=[0, 8] | collapse=True
[2026-05-28 19:16:05]     spatial_conv=[4, 29] top_abs_channels=[('Pz', 0.15303183), ('O2', 0.14479169), ('T3', 0.12580556), ('T4', 0.12200078), ('O1', 0.12157182), ('CP3', 0.12104126), ('C3', 0.11548722), ('CP4', 0.1104755)]
[2026-05-28 19:16:05]     spatial_update=delta_l2=0.01182713 max_abs=0.00160256 relative=0.00990980 changed=True

[2026-05-28 19:16:05] Fold 5/5 | subject=50
[2026-05-28 19:16:05]     Train: 32 | counts=[16, 16]
[2026-05-28 19:16:05]     Test:  8 | counts=[4, 4]
[2026-05-28 19:16:05]     Model: SignalJEPA_PreLocal | Pretrained: from_pretrained | Strategy: new
[2026-05-28 19:16:05]     Normalization: none | fit_scope=none
[2026-05-28 19:16:05]     Phase 1 (new): 2,170/16,010 params
[2026-05-28 19:16:05]     Result | best_epoch=3 | stop=13 | final_phase_epochs=13 | acc=0.5000 | bal_acc=0.5000 | pred_hist=[0, 8] | collapse=True
[2026-05-28 19:16:05]     spatial_conv=[4, 29] top_abs_channels=[('Pz', 0.15298252), ('O2', 0.14453691), ('T3', 0.1267968), ('O1', 0.12214267), ('T4', 0.12166099), ('CP3', 0.1210219), ('C3', 0.11571872), ('CP4', 0.11086124)]
[2026-05-28 19:16:05]     spatial_update=delta_l2=0.00868600 max_abs=0.00120089 relative=0.00727788 changed=True
[2026-05-28 19:16:05]   Subject 50: acc=0.4500±0.1000  bal_acc=0.4500±0.1000

[2026-05-28 19:16:05] Total evaluation splits completed: 250
[2026-05-28 19:16:05] ======================================================================
[2026-05-28 19:16:05] AGGREGATED RESULTS
[2026-05-28 19:16:05] ======================================================================
[2026-05-28 19:16:05]   1: acc=0.4500±0.1275  bal_acc=0.4500±0.1275
[2026-05-28 19:16:05]   2: acc=0.6250±0.0791  bal_acc=0.6250±0.0791
[2026-05-28 19:16:05]   3: acc=0.6500±0.1658  bal_acc=0.6500±0.1658
[2026-05-28 19:16:05]   4: acc=0.5250±0.0500  bal_acc=0.5250±0.0500
[2026-05-28 19:16:05]   5: acc=0.5000±0.0791  bal_acc=0.5000±0.0791
[2026-05-28 19:16:05]   6: acc=0.4000±0.0935  bal_acc=0.4000±0.0935
[2026-05-28 19:16:05]   7: acc=0.6000±0.0935  bal_acc=0.6000±0.0935
[2026-05-28 19:16:05]   8: acc=0.5750±0.1000  bal_acc=0.5750±0.1000
[2026-05-28 19:16:05]   9: acc=0.4500±0.1000  bal_acc=0.4500±0.1000
[2026-05-28 19:16:05]   10: acc=0.5250±0.1225  bal_acc=0.5250±0.1225
[2026-05-28 19:16:05]   11: acc=0.5000±0.0000  bal_acc=0.5000±0.0000
[2026-05-28 19:16:05]   12: acc=0.4750±0.0500  bal_acc=0.4750±0.0500
[2026-05-28 19:16:05]   13: acc=0.6000±0.1458  bal_acc=0.6000±0.1458
[2026-05-28 19:16:05]   14: acc=0.5000±0.0791  bal_acc=0.5000±0.0791
[2026-05-28 19:16:05]   15: acc=0.5250±0.0500  bal_acc=0.5250±0.0500
[2026-05-28 19:16:05]   16: acc=0.5000±0.0000  bal_acc=0.5000±0.0000
[2026-05-28 19:16:05]   17: acc=0.5000±0.0791  bal_acc=0.5000±0.0791
[2026-05-28 19:16:05]   18: acc=0.5000±0.0791  bal_acc=0.5000±0.0791
[2026-05-28 19:16:05]   19: acc=0.4500±0.1000  bal_acc=0.4500±0.1000
[2026-05-28 19:16:05]   20: acc=0.5250±0.2151  bal_acc=0.5250±0.2151
[2026-05-28 19:16:05]   21: acc=0.5500±0.1000  bal_acc=0.5500±0.1000
[2026-05-28 19:16:05]   22: acc=0.6750±0.1500  bal_acc=0.6750±0.1500
[2026-05-28 19:16:05]   23: acc=0.5000±0.0000  bal_acc=0.5000±0.0000
[2026-05-28 19:16:05]   24: acc=0.4750±0.0500  bal_acc=0.4750±0.0500
[2026-05-28 19:16:05]   25: acc=0.5000±0.0000  bal_acc=0.5000±0.0000
[2026-05-28 19:16:05]   26: acc=0.5000±0.0000  bal_acc=0.5000±0.0000
[2026-05-28 19:16:05]   27: acc=0.5750±0.1000  bal_acc=0.5750±0.1000
[2026-05-28 19:16:05]   28: acc=0.5000±0.0000  bal_acc=0.5000±0.0000
[2026-05-28 19:16:05]   29: acc=0.4750±0.0500  bal_acc=0.4750±0.0500
[2026-05-28 19:16:05]   30: acc=0.4750±0.1225  bal_acc=0.4750±0.1225
[2026-05-28 19:16:05]   31: acc=0.5250±0.0500  bal_acc=0.5250±0.0500
[2026-05-28 19:16:05]   32: acc=0.5000±0.0791  bal_acc=0.5000±0.0791
[2026-05-28 19:16:05]   33: acc=0.5000±0.0000  bal_acc=0.5000±0.0000
[2026-05-28 19:16:05]   34: acc=0.7500±0.1369  bal_acc=0.7500±0.1369
[2026-05-28 19:16:05]   35: acc=0.6250±0.1768  bal_acc=0.6250±0.1768
[2026-05-28 19:16:05]   36: acc=0.5000±0.0000  bal_acc=0.5000±0.0000
[2026-05-28 19:16:05]   37: acc=0.4750±0.0500  bal_acc=0.4750±0.0500
[2026-05-28 19:16:05]   38: acc=0.6250±0.1581  bal_acc=0.6250±0.1581
[2026-05-28 19:16:05]   39: acc=0.5250±0.0500  bal_acc=0.5250±0.0500
[2026-05-28 19:16:05]   40: acc=0.5250±0.1225  bal_acc=0.5250±0.1225
[2026-05-28 19:16:05]   41: acc=0.5500±0.1000  bal_acc=0.5500±0.1000
[2026-05-28 19:16:05]   42: acc=0.5000±0.0791  bal_acc=0.5000±0.0791
[2026-05-28 19:16:05]   43: acc=0.5500±0.0612  bal_acc=0.5500±0.0612
[2026-05-28 19:16:05]   44: acc=0.5000±0.0000  bal_acc=0.5000±0.0000
[2026-05-28 19:16:05]   45: acc=0.4500±0.1500  bal_acc=0.4500±0.1500
[2026-05-28 19:16:05]   46: acc=0.6000±0.0935  bal_acc=0.6000±0.0935
[2026-05-28 19:16:05]   47: acc=0.4750±0.0500  bal_acc=0.4750±0.0500
[2026-05-28 19:16:05]   48: acc=0.5000±0.0000  bal_acc=0.5000±0.0000
[2026-05-28 19:16:05]   49: acc=0.5000±0.0000  bal_acc=0.5000±0.0000
[2026-05-28 19:16:05]   50: acc=0.4500±0.1000  bal_acc=0.4500±0.1000
[2026-05-28 19:16:05] ----------------------------------------------------------------------
[2026-05-28 19:16:05]   OVERALL: acc=0.5245±0.1144  bal_acc=0.5245±0.1144
[2026-05-28 19:16:05] ======================================================================
[2026-05-28 19:16:05] Performance tables saved:
[2026-05-28 19:16:05]   Fold-level results:       /Users/vadim/Documents/School/Spring 2026/CSCE A698 Individual Research/EEG_JEPA/artifacts/liu2024-source-mat-sjepa-prelocal/20260528_1911_3fdfa361/fold_level_results.csv
[2026-05-28 19:16:05]   Subject-level summary:    /Users/vadim/Documents/School/Spring 2026/CSCE A698 Individual Research/EEG_JEPA/artifacts/liu2024-source-mat-sjepa-prelocal/20260528_1911_3fdfa361/subject_level_summary.csv
[2026-05-28 19:16:05]   Global method comparison: /Users/vadim/Documents/School/Spring 2026/CSCE A698 Individual Research/EEG_JEPA/artifacts/liu2024-source-mat-sjepa-prelocal/20260528_1911_3fdfa361/global_method_comparison.csv
[2026-05-28 19:16:06] Subject performance plot saved to: /Users/vadim/Documents/School/Spring 2026/CSCE A698 Individual Research/EEG_JEPA/artifacts/liu2024-source-mat-sjepa-prelocal/20260528_1911_3fdfa361/sjepa_prelocal_subject_performance.png
[2026-05-28 19:16:06] Global performance plot saved to: /Users/vadim/Documents/School/Spring 2026/CSCE A698 Individual Research/EEG_JEPA/artifacts/liu2024-source-mat-sjepa-prelocal/20260528_1911_3fdfa361/sjepa_prelocal_global_performance_summary.png
[2026-05-28 19:16:06] Aggregated confusion matrix plot saved to: /Users/vadim/Documents/School/Spring 2026/CSCE A698 Individual Research/EEG_JEPA/artifacts/liu2024-source-mat-sjepa-prelocal/20260528_1911_3fdfa361/sjepa_prelocal_aggregated_confusion_matrix.png
[2026-05-28 19:16:06] Confusion metrics saved to: /Users/vadim/Documents/School/Spring 2026/CSCE A698 Individual Research/EEG_JEPA/artifacts/liu2024-source-mat-sjepa-prelocal/20260528_1911_3fdfa361/sjepa_prelocal_confusion_metrics.csv

[2026-05-28 19:16:06] ======================================================================
[2026-05-28 19:16:06] EXPERIMENT SUMMARY
[2026-05-28 19:16:06] ======================================================================
[2026-05-28 19:16:06] Run ID:                 20260528_1911_3fdfa361
[2026-05-28 19:16:06] Experiment:             hpaug_017_chdrop0p1
[2026-05-28 19:16:06] Subjects:               50
[2026-05-28 19:16:06] Model:                  SignalJEPA_PreLocal
[2026-05-28 19:16:06] Pretrained mode:        from_pretrained
[2026-05-28 19:16:06] Strategy:               new
[2026-05-28 19:16:06] Preprocessing:          baseline_window_mean | ref=average | resample=True->128 | filter=True 0.5–40.0 fir
[2026-05-28 19:16:06] Window:                 start=2s | 4.195s / 537 samples
[2026-05-28 19:16:06] Artifacts:              /Users/vadim/Documents/School/Spring 2026/CSCE A698 Individual Research/EEG_JEPA/artifacts/liu2024-source-mat-sjepa-prelocal/20260528_1911_3fdfa361
[2026-05-28 19:16:06] Mean Accuracy:          0.5245 ± 0.1144
[2026-05-28 19:16:06] Mean Balanced Accuracy: 0.5245 ± 0.1144
[2026-05-28 19:16:06] ======================================================================

[2026-05-28 19:16:06] Spatial convolution analysis saved:
[2026-05-28 19:16:06]   Long channel CSV:        /Users/vadim/Documents/School/Spring 2026/CSCE A698 Individual Research/EEG_JEPA/artifacts/liu2024-source-mat-sjepa-prelocal/20260528_1911_3fdfa361/spatial_conv_analysis/spatial_channel_importance_long.csv
[2026-05-28 19:16:06]   Fold diagnostics CSV:    /Users/vadim/Documents/School/Spring 2026/CSCE A698 Individual Research/EEG_JEPA/artifacts/liu2024-source-mat-sjepa-prelocal/20260528_1911_3fdfa361/spatial_conv_analysis/fold_diagnostics.csv
[2026-05-28 19:16:06]   Fold weight JSON:        /Users/vadim/Documents/School/Spring 2026/CSCE A698 Individual Research/EEG_JEPA/artifacts/liu2024-source-mat-sjepa-prelocal/20260528_1911_3fdfa361/spatial_conv_analysis/spatial_conv_weights_by_fold.json
[2026-05-28 19:16:06]   Global importance CSV:   /Users/vadim/Documents/School/Spring 2026/CSCE A698 Individual Research/EEG_JEPA/artifacts/liu2024-source-mat-sjepa-prelocal/20260528_1911_3fdfa361/spatial_conv_analysis/spatial_channel_importance_global.csv
[2026-05-28 19:16:06]   Subject importance CSV:  /Users/vadim/Documents/School/Spring 2026/CSCE A698 Individual Research/EEG_JEPA/artifacts/liu2024-source-mat-sjepa-prelocal/20260528_1911_3fdfa361/spatial_conv_analysis/spatial_channel_importance_by_subject.csv
[2026-05-28 19:16:06]   Diagnostic summary JSON: /Users/vadim/Documents/School/Spring 2026/CSCE A698 Individual Research/EEG_JEPA/artifacts/liu2024-source-mat-sjepa-prelocal/20260528_1911_3fdfa361/spatial_conv_analysis/diagnostic_summary.json

[2026-05-28 19:16:06] Diagnostic summary:
[2026-05-28 19:16:06] {
  "n_folds": 250,
  "collapse_rate": 0.572,
  "mean_collapse_ratio": 0.8925,
  "mean_spatial_delta_l2": 0.03817544888,
  "mean_spatial_relative_delta": 0.03198668944,
  "spatial_changed_rate": 1.0,
  "mean_confidence": 0.50742318328,
  "mean_normalized_prediction_entropy": 0.9997747908399999
}

[2026-05-28 19:16:06] Top global channels by mean absolute spatial weight:
[2026-05-28 19:16:06] CV results saved to:      /Users/vadim/Documents/School/Spring 2026/CSCE A698 Individual Research/EEG_JEPA/artifacts/liu2024-source-mat-sjepa-prelocal/20260528_1911_3fdfa361/cv_results.json
[2026-05-28 19:16:06] Subject metrics saved to: /Users/vadim/Documents/School/Spring 2026/CSCE A698 Individual Research/EEG_JEPA/artifacts/liu2024-source-mat-sjepa-prelocal/20260528_1911_3fdfa361/subject_metrics.json
[2026-05-28 19:16:06] Global metrics saved to:  /Users/vadim/Documents/School/Spring 2026/CSCE A698 Individual Research/EEG_JEPA/artifacts/liu2024-source-mat-sjepa-prelocal/20260528_1911_3fdfa361/global_metrics.json
[2026-05-28 19:16:06] Subject performance plot: /Users/vadim/Documents/School/Spring 2026/CSCE A698 Individual Research/EEG_JEPA/artifacts/liu2024-source-mat-sjepa-prelocal/20260528_1911_3fdfa361/sjepa_prelocal_subject_performance.png
[2026-05-28 19:16:06] Global performance plot:  /Users/vadim/Documents/School/Spring 2026/CSCE A698 Individual Research/EEG_JEPA/artifacts/liu2024-source-mat-sjepa-prelocal/20260528_1911_3fdfa361/sjepa_prelocal_global_performance_summary.png
[2026-05-28 19:16:06] Confusion matrix plot:    /Users/vadim/Documents/School/Spring 2026/CSCE A698 Individual Research/EEG_JEPA/artifacts/liu2024-source-mat-sjepa-prelocal/20260528_1911_3fdfa361/sjepa_prelocal_aggregated_confusion_matrix.png
[2026-05-28 19:16:06] Run metadata saved to:    /Users/vadim/Documents/School/Spring 2026/CSCE A698 Individual Research/EEG_JEPA/artifacts/liu2024-source-mat-sjepa-prelocal/20260528_1911_3fdfa361/run_metadata.json

[2026-05-28 19:16:06] All artifacts in: /Users/vadim/Documents/School/Spring 2026/CSCE A698 Individual Research/EEG_JEPA/artifacts/liu2024-source-mat-sjepa-prelocal/20260528_1911_3fdfa361
