{
  "n_folds": 25,
  "collapse_rate": 0.0,
  "mean_collapse_ratio": 0.5164445008,
  "mean_spatial_delta_l2": 1.3511773264000002,
  "mean_spatial_relative_delta": 1.1857631344000001,
  "spatial_changed_rate": 1.0,
  "mean_confidence": 0.8244856387999999,
  "mean_normalized_prediction_entropy": 0.553553804
}