{
  "mean_accuracy": 0.6513888888888889,
  "std_accuracy": 0.167550895160652,
  "mean_balanced_accuracy": 0.6513888888888889,
  "std_balanced_accuracy": 0.167550895160652,
  "n_groups": 9,
  "n_folds_total": 45
}