{
  "1": {
    "accuracies": [
      0.675,
      0.75,
      0.6,
      0.6,
      0.575
    ],
    "balanced_accuracies": [
      0.675,
      0.75,
      0.6,
      0.6000000000000001,
      0.575
    ],
    "mean_accuracy": 0.64,
    "std_accuracy": 0.06442049363362565,
    "mean_balanced_accuracy": 0.64,
    "std_balanced_accuracy": 0.06442049363362563
  },
  "2": {
    "accuracies": [
      0.35,
      0.475,
      0.55,
      0.575,
      0.475
    ],
    "balanced_accuracies": [
      0.35,
      0.475,
      0.55,
      0.575,
      0.47500000000000003
    ],
    "mean_accuracy": 0.485,
    "std_accuracy": 0.07842193570679061,
    "mean_balanced_accuracy": 0.485,
    "std_balanced_accuracy": 0.07842193570679061
  },
  "3": {
    "accuracies": [
      0.625,
      0.55,
      0.7,
      0.7,
      0.6
    ],
    "balanced_accuracies": [
      0.625,
      0.55,
      0.7,
      0.7,
      0.6
    ],
    "mean_accuracy": 0.635,
    "std_accuracy": 0.05830951894845297,
    "mean_balanced_accuracy": 0.635,
    "std_balanced_accuracy": 0.05830951894845297
  },
  "4": {
    "accuracies": [
      0.725,
      0.75,
      0.775,
      0.75,
      0.775
    ],
    "balanced_accuracies": [
      0.725,
      0.75,
      0.775,
      0.75,
      0.775
    ],
    "mean_accuracy": 0.755,
    "std_accuracy": 0.018708286933869726,
    "mean_balanced_accuracy": 0.755,
    "std_balanced_accuracy": 0.018708286933869726
  },
  "5": {
    "accuracies": [
      0.975,
      0.975,
      0.975,
      1.0,
      0.975
    ],
    "balanced_accuracies": [
      0.975,
      0.975,
      0.975,
      1.0,
      0.975
    ],
    "mean_accuracy": 0.9799999999999999,
    "std_accuracy": 0.010000000000000009,
    "mean_balanced_accuracy": 0.9799999999999999,
    "std_balanced_accuracy": 0.010000000000000009
  },
  "6": {
    "accuracies": [
      0.675,
      0.775,
      0.875,
      0.825,
      0.9
    ],
    "balanced_accuracies": [
      0.675,
      0.775,
      0.875,
      0.825,
      0.8999999999999999
    ],
    "mean_accuracy": 0.8100000000000002,
    "std_accuracy": 0.07999999999999999,
    "mean_balanced_accuracy": 0.8100000000000002,
    "std_balanced_accuracy": 0.07999999999999996
  },
  "7": {
    "accuracies": [
      0.5,
      0.5833333333333334,
      0.5416666666666666,
      0.5625,
      0.4583333333333333
    ],
    "balanced_accuracies": [
      0.5,
      0.5833333333333333,
      0.5416666666666667,
      0.5625,
      0.45833333333333337
    ],
    "mean_accuracy": 0.5291666666666667,
    "std_accuracy": 0.04487637339278755,
    "mean_balanced_accuracy": 0.5291666666666667,
    "std_balanced_accuracy": 0.04487637339278751
  },
  "8": {
    "accuracies": [
      0.525,
      0.55,
      0.55,
      0.5,
      0.475
    ],
    "balanced_accuracies": [
      0.525,
      0.55,
      0.55,
      0.5,
      0.475
    ],
    "mean_accuracy": 0.52,
    "std_accuracy": 0.02915475947422653,
    "mean_balanced_accuracy": 0.52,
    "std_balanced_accuracy": 0.02915475947422653
  },
  "9": {
    "accuracies": [
      0.4791666666666667,
      0.5416666666666666,
      0.4375,
      0.625,
      0.4583333333333333
    ],
    "balanced_accuracies": [
      0.47916666666666663,
      0.5416666666666667,
      0.4375,
      0.625,
      0.45833333333333337
    ],
    "mean_accuracy": 0.5083333333333333,
    "std_accuracy": 0.06795627679291703,
    "mean_balanced_accuracy": 0.5083333333333334,
    "std_balanced_accuracy": 0.06795627679291705
  }
}