{
  "mean_accuracy": 0.86,
  "std_accuracy": 0.22386220251370195,
  "mean_balanced_accuracy": 0.86,
  "std_balanced_accuracy": 0.22386220251370198,
  "n_subjects": 7,
  "n_folds_total": 35
}