{
  "48": {
    "accuracies": [
      0.95,
      0.95,
      1.0,
      0.95,
      1.0
    ],
    "balanced_accuracies": [
      0.95,
      0.95,
      1.0,
      0.95,
      1.0
    ],
    "mean_accuracy": 0.97,
    "std_accuracy": 0.024494897427831803,
    "mean_balanced_accuracy": 0.97,
    "std_balanced_accuracy": 0.024494897427831803
  },
  "49": {
    "accuracies": [
      1.0,
      0.9,
      0.9,
      0.95,
      0.9
    ],
    "balanced_accuracies": [
      1.0,
      0.9,
      0.8999999999999999,
      0.95,
      0.8999999999999999
    ],
    "mean_accuracy": 0.93,
    "std_accuracy": 0.03999999999999998,
    "mean_balanced_accuracy": 0.93,
    "std_balanced_accuracy": 0.040000000000000015
  },
  "50": {
    "accuracies": [
      1.0,
      1.0,
      1.0,
      0.95,
      1.0
    ],
    "balanced_accuracies": [
      1.0,
      1.0,
      1.0,
      0.95,
      1.0
    ],
    "mean_accuracy": 0.99,
    "std_accuracy": 0.020000000000000018,
    "mean_balanced_accuracy": 0.99,
    "std_balanced_accuracy": 0.020000000000000018
  },
  "51": {
    "accuracies": [
      0.3,
      0.45,
      0.4,
      0.35,
      0.2
    ],
    "balanced_accuracies": [
      0.30000000000000004,
      0.44999999999999996,
      0.4,
      0.35000000000000003,
      0.2
    ],
    "mean_accuracy": 0.33999999999999997,
    "std_accuracy": 0.08602325267042628,
    "mean_balanced_accuracy": 0.33999999999999997,
    "std_balanced_accuracy": 0.08602325267042626
  },
  "52": {
    "accuracies": [
      1.0,
      0.95,
      0.95,
      0.95,
      1.0
    ],
    "balanced_accuracies": [
      1.0,
      0.95,
      0.95,
      0.95,
      1.0
    ],
    "mean_accuracy": 0.97,
    "std_accuracy": 0.024494897427831803,
    "mean_balanced_accuracy": 0.97,
    "std_balanced_accuracy": 0.024494897427831803
  },
  "53": {
    "accuracies": [
      1.0,
      1.0,
      1.0,
      1.0,
      0.95
    ],
    "balanced_accuracies": [
      1.0,
      1.0,
      1.0,
      1.0,
      0.95
    ],
    "mean_accuracy": 0.99,
    "std_accuracy": 0.020000000000000018,
    "mean_balanced_accuracy": 0.99,
    "std_balanced_accuracy": 0.020000000000000018
  },
  "54": {
    "accuracies": [
      0.85,
      0.8,
      0.9,
      0.7,
      0.9
    ],
    "balanced_accuracies": [
      0.8500000000000001,
      0.8,
      0.9,
      0.7000000000000001,
      0.8999999999999999
    ],
    "mean_accuracy": 0.8300000000000001,
    "std_accuracy": 0.07483314773547885,
    "mean_balanced_accuracy": 0.8300000000000001,
    "std_balanced_accuracy": 0.07483314773547879
  }
}