{
  "mean_accuracy": 0.4666666666666666,
  "std_accuracy": 0.12957670877434002,
  "mean_balanced_accuracy": 0.445,
  "std_balanced_accuracy": 0.11,
  "n_groups": 1,
  "n_folds_total": 5
}