{
  "1": {
    "accuracies": [
      0.5555555555555556,
      0.5555555555555556,
      0.5555555555555556,
      0.2222222222222222,
      0.4444444444444444
    ],
    "balanced_accuracies": [
      0.5,
      0.5,
      0.5,
      0.225,
      0.5
    ],
    "mean_accuracy": 0.4666666666666666,
    "std_accuracy": 0.12957670877434002,
    "mean_balanced_accuracy": 0.445,
    "std_balanced_accuracy": 0.11
  }
}