{
  "mean_accuracy": 0.5642857142857144,
  "std_accuracy": 0.08541614816500998,
  "mean_balanced_accuracy": 0.5642857142857144,
  "std_balanced_accuracy": 0.08541614816500998,
  "mean_roc_auc": null,
  "std_roc_auc": null,
  "n_subjects": 7,
  "n_folds_total": 35
}