{
  "48": {
    "accuracies": [
      0.65,
      0.4,
      0.5,
      0.525,
      0.5
    ],
    "balanced_accuracies": [
      0.65,
      0.4,
      0.5,
      0.525,
      0.5
    ],
    "roc_aucs": [
      null,
      null,
      null,
      null,
      null
    ],
    "mean_accuracy": 0.515,
    "std_accuracy": 0.08,
    "mean_balanced_accuracy": 0.515,
    "std_balanced_accuracy": 0.08,
    "mean_roc_auc": null,
    "std_roc_auc": null
  },
  "49": {
    "accuracies": [
      0.5,
      0.725,
      0.55,
      0.7,
      0.65
    ],
    "balanced_accuracies": [
      0.5,
      0.7250000000000001,
      0.55,
      0.7,
      0.6499999999999999
    ],
    "roc_aucs": [
      null,
      null,
      null,
      null,
      null
    ],
    "mean_accuracy": 0.625,
    "std_accuracy": 0.08660254037844385,
    "mean_balanced_accuracy": 0.625,
    "std_balanced_accuracy": 0.08660254037844385,
    "mean_roc_auc": null,
    "std_roc_auc": null
  },
  "50": {
    "accuracies": [
      0.5,
      0.5,
      0.725,
      0.5,
      0.5
    ],
    "balanced_accuracies": [
      0.5,
      0.5,
      0.725,
      0.5,
      0.5
    ],
    "roc_aucs": [
      null,
      null,
      null,
      null,
      null
    ],
    "mean_accuracy": 0.545,
    "std_accuracy": 0.09,
    "mean_balanced_accuracy": 0.545,
    "std_balanced_accuracy": 0.09,
    "mean_roc_auc": null,
    "std_roc_auc": null
  },
  "51": {
    "accuracies": [
      0.475,
      0.45,
      0.525,
      0.475,
      0.55
    ],
    "balanced_accuracies": [
      0.475,
      0.45,
      0.525,
      0.475,
      0.5499999999999999
    ],
    "roc_aucs": [
      null,
      null,
      null,
      null,
      null
    ],
    "mean_accuracy": 0.4950000000000001,
    "std_accuracy": 0.03674234614174769,
    "mean_balanced_accuracy": 0.495,
    "std_balanced_accuracy": 0.03674234614174766,
    "mean_roc_auc": null,
    "std_roc_auc": null
  },
  "52": {
    "accuracies": [
      0.5,
      0.6,
      0.7,
      0.65,
      0.525
    ],
    "balanced_accuracies": [
      0.5,
      0.6000000000000001,
      0.7,
      0.6499999999999999,
      0.525
    ],
    "roc_aucs": [
      null,
      null,
      null,
      null,
      null
    ],
    "mean_accuracy": 0.595,
    "std_accuracy": 0.07483314773547882,
    "mean_balanced_accuracy": 0.595,
    "std_balanced_accuracy": 0.07483314773547879,
    "mean_roc_auc": null,
    "std_roc_auc": null
  },
  "53": {
    "accuracies": [
      0.625,
      0.65,
      0.6,
      0.6,
      0.525
    ],
    "balanced_accuracies": [
      0.625,
      0.65,
      0.6000000000000001,
      0.6,
      0.525
    ],
    "roc_aucs": [
      null,
      null,
      null,
      null,
      null
    ],
    "mean_accuracy": 0.6,
    "std_accuracy": 0.04183300132670378,
    "mean_balanced_accuracy": 0.6,
    "std_balanced_accuracy": 0.04183300132670378,
    "mean_roc_auc": null,
    "std_roc_auc": null
  },
  "54": {
    "accuracies": [
      0.425,
      0.575,
      0.6,
      0.675,
      0.6
    ],
    "balanced_accuracies": [
      0.42500000000000004,
      0.575,
      0.6000000000000001,
      0.675,
      0.6
    ],
    "roc_aucs": [
      null,
      null,
      null,
      null,
      null
    ],
    "mean_accuracy": 0.5750000000000001,
    "std_accuracy": 0.08215838362577493,
    "mean_balanced_accuracy": 0.5750000000000001,
    "std_balanced_accuracy": 0.0821583836257749,
    "mean_roc_auc": null,
    "std_roc_auc": null
  }
}