subject_id,fold_id,channel_index,channel_name,abs_mean_weight,signed_mean_weight,l2_weight,accuracy,balanced_accuracy,prediction_histogram,collapse_ratio,collapse_flag,spatial_delta_l2,spatial_delta_max_abs,spatial_relative_delta,spatial_changed
1,1,0,Fp1,0.08148909,-0.04702355,0.0921914,0.625,0.625,"[5, 3]",0.625,False,1.26173957,0.32635669,1.05719444,True
1,1,1,Fp2,0.04206675,0.02362547,0.0473791,0.625,0.625,"[5, 3]",0.625,False,1.26173957,0.32635669,1.05719444,True
1,1,2,Fz,0.12539397,-0.03945401,0.15968241,0.625,0.625,"[5, 3]",0.625,False,1.26173957,0.32635669,1.05719444,True
1,1,3,F3,0.05004555,-0.02683746,0.05640698,0.625,0.625,"[5, 3]",0.625,False,1.26173957,0.32635669,1.05719444,True
1,1,4,F4,0.16472124,0.02454657,0.16785163,0.625,0.625,"[5, 3]",0.625,False,1.26173957,0.32635669,1.05719444,True
1,1,5,F7,0.07447915,0.04068331,0.07627108,0.625,0.625,"[5, 3]",0.625,False,1.26173957,0.32635669,1.05719444,True
1,1,6,F8,0.06555925,0.00323803,0.07845577,0.625,0.625,"[5, 3]",0.625,False,1.26173957,0.32635669,1.05719444,True
1,1,7,FCz,0.13328655,0.11841356,0.18375893,0.625,0.625,"[5, 3]",0.625,False,1.26173957,0.32635669,1.05719444,True
1,1,8,FC3,0.12522665,-0.04644652,0.1480258,0.625,0.625,"[5, 3]",0.625,False,1.26173957,0.32635669,1.05719444,True
1,1,9,FC4,0.14848885,-0.02870018,0.17329736,0.625,0.625,"[5, 3]",0.625,False,1.26173957,0.32635669,1.05719444,True
1,1,10,FT7,0.12847733,0.11748768,0.15788762,0.625,0.625,"[5, 3]",0.625,False,1.26173957,0.32635669,1.05719444,True
1,1,11,FT8,0.0548877,0.00903151,0.07336321,0.625,0.625,"[5, 3]",0.625,False,1.26173957,0.32635669,1.05719444,True
1,1,12,Cz,0.09740322,0.04247429,0.09835377,0.625,0.625,"[5, 3]",0.625,False,1.26173957,0.32635669,1.05719444,True
1,1,13,C3,0.11930672,-0.01243089,0.14895733,0.625,0.625,"[5, 3]",0.625,False,1.26173957,0.32635669,1.05719444,True
1,1,14,C4,0.07982995,0.07185899,0.10864134,0.625,0.625,"[5, 3]",0.625,False,1.26173957,0.32635669,1.05719444,True
1,1,15,T3,0.13197145,0.00272892,0.14179476,0.625,0.625,"[5, 3]",0.625,False,1.26173957,0.32635669,1.05719444,True
1,1,16,T4,0.16377169,0.0119366,0.183075,0.625,0.625,"[5, 3]",0.625,False,1.26173957,0.32635669,1.05719444,True
1,1,17,CP3,0.08241101,-0.04751007,0.09800982,0.625,0.625,"[5, 3]",0.625,False,1.26173957,0.32635669,1.05719444,True
1,1,18,CP4,0.06351656,0.01417444,0.07314714,0.625,0.625,"[5, 3]",0.625,False,1.26173957,0.32635669,1.05719444,True
1,1,19,TP7,0.15730989,-0.15730989,0.1874482,0.625,0.625,"[5, 3]",0.625,False,1.26173957,0.32635669,1.05719444,True
1,1,20,TP8,0.11400291,-0.0026979,0.132111,0.625,0.625,"[5, 3]",0.625,False,1.26173957,0.32635669,1.05719444,True
1,1,21,Pz,0.06416531,0.03423886,0.08041244,0.625,0.625,"[5, 3]",0.625,False,1.26173957,0.32635669,1.05719444,True
1,1,22,P3,0.09940891,0.09940891,0.12576751,0.625,0.625,"[5, 3]",0.625,False,1.26173957,0.32635669,1.05719444,True
1,1,23,P4,0.09484407,-0.07052615,0.11455695,0.625,0.625,"[5, 3]",0.625,False,1.26173957,0.32635669,1.05719444,True
1,1,24,T5,0.08581703,0.04375428,0.09813424,0.625,0.625,"[5, 3]",0.625,False,1.26173957,0.32635669,1.05719444,True
1,1,25,T6,0.06752808,-0.06752808,0.07306982,0.625,0.625,"[5, 3]",0.625,False,1.26173957,0.32635669,1.05719444,True
1,1,26,Oz,0.04214521,-0.02534072,0.05034864,0.625,0.625,"[5, 3]",0.625,False,1.26173957,0.32635669,1.05719444,True
1,1,27,O1,0.13837609,0.13188629,0.15683737,0.625,0.625,"[5, 3]",0.625,False,1.26173957,0.32635669,1.05719444,True
1,1,28,O2,0.05480994,0.0188054,0.06031672,0.625,0.625,"[5, 3]",0.625,False,1.26173957,0.32635669,1.05719444,True
1,2,0,Fp1,0.11007052,-0.0965532,0.12320986,0.5,0.5,"[0, 8]",1.0,True,0.01263507,0.00226995,0.01058675,True
1,2,1,Fp2,0.07747277,0.0600597,0.09496018,0.5,0.5,"[0, 8]",1.0,True,0.01263507,0.00226995,0.01058675,True
1,2,2,Fz,0.10424079,-0.09916982,0.11794659,0.5,0.5,"[0, 8]",1.0,True,0.01263507,0.00226995,0.01058675,True
1,2,3,F3,0.0871573,0.02639935,0.09404662,0.5,0.5,"[0, 8]",1.0,True,0.01263507,0.00226995,0.01058675,True
1,2,4,F4,0.09666583,0.01124962,0.10728072,0.5,0.5,"[0, 8]",1.0,True,0.01263507,0.00226995,0.01058675,True
1,2,5,F7,0.08361879,0.08054189,0.09679133,0.5,0.5,"[0, 8]",1.0,True,0.01263507,0.00226995,0.01058675,True
1,2,6,F8,0.07788816,-0.02921087,0.07887258,0.5,0.5,"[0, 8]",1.0,True,0.01263507,0.00226995,0.01058675,True
1,2,7,FCz,0.09874051,0.09874051,0.11426529,0.5,0.5,"[0, 8]",1.0,True,0.01263507,0.00226995,0.01058675,True
1,2,8,FC3,0.02992757,0.00483314,0.03695301,0.5,0.5,"[0, 8]",1.0,True,0.01263507,0.00226995,0.01058675,True
1,2,9,FC4,0.05841462,-0.05841462,0.07668379,0.5,0.5,"[0, 8]",1.0,True,0.01263507,0.00226995,0.01058675,True
1,2,10,FT7,0.09140158,-0.05919176,0.10494831,0.5,0.5,"[0, 8]",1.0,True,0.01263507,0.00226995,0.01058675,True
1,2,11,FT8,0.08075691,-0.00296726,0.09756371,0.5,0.5,"[0, 8]",1.0,True,0.01263507,0.00226995,0.01058675,True
1,2,12,Cz,0.07777471,0.07597899,0.09328561,0.5,0.5,"[0, 8]",1.0,True,0.01263507,0.00226995,0.01058675,True
1,2,13,C3,0.11553199,0.07242902,0.11781066,0.5,0.5,"[0, 8]",1.0,True,0.01263507,0.00226995,0.01058675,True
1,2,14,C4,0.08609308,-0.07456666,0.09631696,0.5,0.5,"[0, 8]",1.0,True,0.01263507,0.00226995,0.01058675,True
1,2,15,T3,0.12629811,0.12629811,0.13144514,0.5,0.5,"[0, 8]",1.0,True,0.01263507,0.00226995,0.01058675,True
1,2,16,T4,0.12198409,0.01418096,0.13457508,0.5,0.5,"[0, 8]",1.0,True,0.01263507,0.00226995,0.01058675,True
1,2,17,CP3,0.12143064,0.0340147,0.13990048,0.5,0.5,"[0, 8]",1.0,True,0.01263507,0.00226995,0.01058675,True
1,2,18,CP4,0.11044812,0.03459477,0.12720355,0.5,0.5,"[0, 8]",1.0,True,0.01263507,0.00226995,0.01058675,True
1,2,19,TP7,0.08451885,-0.01881108,0.09478041,0.5,0.5,"[0, 8]",1.0,True,0.01263507,0.00226995,0.01058675,True
1,2,20,TP8,0.08907001,-0.05805233,0.10760768,0.5,0.5,"[0, 8]",1.0,True,0.01263507,0.00226995,0.01058675,True
1,2,21,Pz,0.15240946,0.00779757,0.1526438,0.5,0.5,"[0, 8]",1.0,True,0.01263507,0.00226995,0.01058675,True
1,2,22,P3,0.1089451,0.1089451,0.11790871,0.5,0.5,"[0, 8]",1.0,True,0.01263507,0.00226995,0.01058675,True
1,2,23,P4,0.1036185,-0.09186261,0.11539584,0.5,0.5,"[0, 8]",1.0,True,0.01263507,0.00226995,0.01058675,True
1,2,24,T5,0.10598825,0.07344002,0.11518975,0.5,0.5,"[0, 8]",1.0,True,0.01263507,0.00226995,0.01058675,True
1,2,25,T6,0.08123335,-0.06148669,0.0918404,0.5,0.5,"[0, 8]",1.0,True,0.01263507,0.00226995,0.01058675,True
1,2,26,Oz,0.07822789,0.04354054,0.08063475,0.5,0.5,"[0, 8]",1.0,True,0.01263507,0.00226995,0.01058675,True
1,2,27,O1,0.12242739,0.05715947,0.13275631,0.5,0.5,"[0, 8]",1.0,True,0.01263507,0.00226995,0.01058675,True
1,2,28,O2,0.14450973,-0.02220444,0.14700404,0.5,0.5,"[0, 8]",1.0,True,0.01263507,0.00226995,0.01058675,True
1,3,0,Fp1,0.11031954,-0.09623063,0.12308145,0.5,0.5,"[2, 6]",0.75,False,0.01229277,0.00197475,0.01029995,True
1,3,1,Fp2,0.07724302,0.05998679,0.09456819,0.5,0.5,"[2, 6]",0.75,False,0.01229277,0.00197475,0.01029995,True
1,3,2,Fz,0.10428305,-0.09944619,0.11817281,0.5,0.5,"[2, 6]",0.75,False,0.01229277,0.00197475,0.01029995,True
1,3,3,F3,0.08736347,0.02623016,0.09439085,0.5,0.5,"[2, 6]",0.75,False,0.01229277,0.00197475,0.01029995,True
1,3,4,F4,0.09787001,0.01203395,0.10846622,0.5,0.5,"[2, 6]",0.75,False,0.01229277,0.00197475,0.01029995,True
1,3,5,F7,0.08339298,0.08037957,0.09662109,0.5,0.5,"[2, 6]",0.75,False,0.01229277,0.00197475,0.01029995,True
1,3,6,F8,0.0776834,-0.0287257,0.07877795,0.5,0.5,"[2, 6]",0.75,False,0.01229277,0.00197475,0.01029995,True
1,3,7,FCz,0.09807582,0.09807582,0.11364298,0.5,0.5,"[2, 6]",0.75,False,0.01229277,0.00197475,0.01029995,True
1,3,8,FC3,0.03023911,0.00526544,0.0371007,0.5,0.5,"[2, 6]",0.75,False,0.01229277,0.00197475,0.01029995,True
1,3,9,FC4,0.05757937,-0.05757937,0.07559288,0.5,0.5,"[2, 6]",0.75,False,0.01229277,0.00197475,0.01029995,True
1,3,10,FT7,0.09130048,-0.05876312,0.10483323,0.5,0.5,"[2, 6]",0.75,False,0.01229277,0.00197475,0.01029995,True
1,3,11,FT8,0.08021341,-0.00272687,0.09709372,0.5,0.5,"[2, 6]",0.75,False,0.01229277,0.00197475,0.01029995,True
1,3,12,Cz,0.0772123,0.07587061,0.09295288,0.5,0.5,"[2, 6]",0.75,False,0.01229277,0.00197475,0.01029995,True
1,3,13,C3,0.11560617,0.07274945,0.11785688,0.5,0.5,"[2, 6]",0.75,False,0.01229277,0.00197475,0.01029995,True
1,3,14,C4,0.08533725,-0.0745877,0.09568619,0.5,0.5,"[2, 6]",0.75,False,0.01229277,0.00197475,0.01029995,True
1,3,15,T3,0.126992,0.126992,0.13206971,0.5,0.5,"[2, 6]",0.75,False,0.01229277,0.00197475,0.01029995,True
1,3,16,T4,0.12183026,0.014553,0.13452528,0.5,0.5,"[2, 6]",0.75,False,0.01229277,0.00197475,0.01029995,True
1,3,17,CP3,0.1210932,0.03379663,0.13960651,0.5,0.5,"[2, 6]",0.75,False,0.01229277,0.00197475,0.01029995,True
1,3,18,CP4,0.11130106,0.0345047,0.12801263,0.5,0.5,"[2, 6]",0.75,False,0.01229277,0.00197475,0.01029995,True
1,3,19,TP7,0.08473881,-0.0180696,0.0949162,0.5,0.5,"[2, 6]",0.75,False,0.01229277,0.00197475,0.01029995,True
1,3,20,TP8,0.08910939,-0.05782646,0.10744422,0.5,0.5,"[2, 6]",0.75,False,0.01229277,0.00197475,0.01029995,True
1,3,21,Pz,0.15284377,0.0078607,0.15308101,0.5,0.5,"[2, 6]",0.75,False,0.01229277,0.00197475,0.01029995,True
1,3,22,P3,0.10926203,0.10926203,0.11831855,0.5,0.5,"[2, 6]",0.75,False,0.01229277,0.00197475,0.01029995,True
1,3,23,P4,0.10392996,-0.09172952,0.1156242,0.5,0.5,"[2, 6]",0.75,False,0.01229277,0.00197475,0.01029995,True
1,3,24,T5,0.10614821,0.07390708,0.1156389,0.5,0.5,"[2, 6]",0.75,False,0.01229277,0.00197475,0.01029995,True
1,3,25,T6,0.08118549,-0.061453,0.0920916,0.5,0.5,"[2, 6]",0.75,False,0.01229277,0.00197475,0.01029995,True
1,3,26,Oz,0.07853972,0.04340848,0.08084296,0.5,0.5,"[2, 6]",0.75,False,0.01229277,0.00197475,0.01029995,True
1,3,27,O1,0.12214996,0.05684792,0.13233207,0.5,0.5,"[2, 6]",0.75,False,0.01229277,0.00197475,0.01029995,True
1,3,28,O2,0.14429832,-0.02254863,0.1468484,0.5,0.5,"[2, 6]",0.75,False,0.01229277,0.00197475,0.01029995,True
1,4,0,Fp1,0.0978087,-0.06920277,0.12806705,0.5,0.5,"[4, 4]",0.5,False,1.10215785,0.24436693,0.92348308,True
1,4,1,Fp2,0.06969807,0.06969807,0.08528727,0.5,0.5,"[4, 4]",0.5,False,1.10215785,0.24436693,0.92348308,True
1,4,2,Fz,0.11164828,-0.01795411,0.11660402,0.5,0.5,"[4, 4]",0.5,False,1.10215785,0.24436693,0.92348308,True
1,4,3,F3,0.06048914,-0.01200679,0.06840838,0.5,0.5,"[4, 4]",0.5,False,1.10215785,0.24436693,0.92348308,True
1,4,4,F4,0.051301,0.051301,0.07304526,0.5,0.5,"[4, 4]",0.5,False,1.10215785,0.24436693,0.92348308,True
1,4,5,F7,0.06062363,0.01377086,0.06391019,0.5,0.5,"[4, 4]",0.5,False,1.10215785,0.24436693,0.92348308,True
1,4,6,F8,0.04771376,0.0124168,0.06467713,0.5,0.5,"[4, 4]",0.5,False,1.10215785,0.24436693,0.92348308,True
1,4,7,FCz,0.15015411,0.03416628,0.16157971,0.5,0.5,"[4, 4]",0.5,False,1.10215785,0.24436693,0.92348308,True
1,4,8,FC3,0.0961862,0.00460803,0.10484773,0.5,0.5,"[4, 4]",0.5,False,1.10215785,0.24436693,0.92348308,True
1,4,9,FC4,0.10089264,-0.07133976,0.12375803,0.5,0.5,"[4, 4]",0.5,False,1.10215785,0.24436693,0.92348308,True
1,4,10,FT7,0.04770526,0.00077074,0.05570577,0.5,0.5,"[4, 4]",0.5,False,1.10215785,0.24436693,0.92348308,True
1,4,11,FT8,0.03462505,0.00721408,0.04484431,0.5,0.5,"[4, 4]",0.5,False,1.10215785,0.24436693,0.92348308,True
1,4,12,Cz,0.0485798,0.04433247,0.05506541,0.5,0.5,"[4, 4]",0.5,False,1.10215785,0.24436693,0.92348308,True
1,4,13,C3,0.19297612,0.04676792,0.20156489,0.5,0.5,"[4, 4]",0.5,False,1.10215785,0.24436693,0.92348308,True
1,4,14,C4,0.11769681,-0.10378119,0.1577854,0.5,0.5,"[4, 4]",0.5,False,1.10215785,0.24436693,0.92348308,True
1,4,15,T3,0.12004511,0.12004511,0.1576272,0.5,0.5,"[4, 4]",0.5,False,1.10215785,0.24436693,0.92348308,True
1,4,16,T4,0.14093752,-0.04268182,0.20525913,0.5,0.5,"[4, 4]",0.5,False,1.10215785,0.24436693,0.92348308,True
1,4,17,CP3,0.10397192,-0.00517475,0.12090596,0.5,0.5,"[4, 4]",0.5,False,1.10215785,0.24436693,0.92348308,True
1,4,18,CP4,0.15130991,0.07121789,0.1678403,0.5,0.5,"[4, 4]",0.5,False,1.10215785,0.24436693,0.92348308,True
1,4,19,TP7,0.04480105,-0.03817122,0.05363124,0.5,0.5,"[4, 4]",0.5,False,1.10215785,0.24436693,0.92348308,True
1,4,20,TP8,0.09711527,0.02592457,0.10108991,0.5,0.5,"[4, 4]",0.5,False,1.10215785,0.24436693,0.92348308,True
1,4,21,Pz,0.05008613,0.0164638,0.06595672,0.5,0.5,"[4, 4]",0.5,False,1.10215785,0.24436693,0.92348308,True
1,4,22,P3,0.06319264,0.05672921,0.07671371,0.5,0.5,"[4, 4]",0.5,False,1.10215785,0.24436693,0.92348308,True
1,4,23,P4,0.06287834,-0.01749669,0.07399217,0.5,0.5,"[4, 4]",0.5,False,1.10215785,0.24436693,0.92348308,True
1,4,24,T5,0.13739897,-0.02059971,0.14135353,0.5,0.5,"[4, 4]",0.5,False,1.10215785,0.24436693,0.92348308,True
1,4,25,T6,0.06634244,-0.0468665,0.08748705,0.5,0.5,"[4, 4]",0.5,False,1.10215785,0.24436693,0.92348308,True
1,4,26,Oz,0.07967231,0.0041727,0.10092925,0.5,0.5,"[4, 4]",0.5,False,1.10215785,0.24436693,0.92348308,True
1,4,27,O1,0.13704233,0.0573023,0.15100683,0.5,0.5,"[4, 4]",0.5,False,1.10215785,0.24436693,0.92348308,True
1,4,28,O2,0.119266,0.00791334,0.12137628,0.5,0.5,"[4, 4]",0.5,False,1.10215785,0.24436693,0.92348308,True
1,5,0,Fp1,0.11105078,-0.09681951,0.12391016,0.5,0.5,"[0, 8]",1.0,True,0.01310189,0.00225001,0.0109779,True
1,5,1,Fp2,0.07706055,0.06002086,0.09442522,0.5,0.5,"[0, 8]",1.0,True,0.01310189,0.00225001,0.0109779,True
1,5,2,Fz,0.10477022,-0.09919132,0.11839467,0.5,0.5,"[0, 8]",1.0,True,0.01310189,0.00225001,0.0109779,True
1,5,3,F3,0.0871705,0.02618363,0.09407518,0.5,0.5,"[0, 8]",1.0,True,0.01310189,0.00225001,0.0109779,True
1,5,4,F4,0.09773296,0.01203436,0.10820366,0.5,0.5,"[0, 8]",1.0,True,0.01310189,0.00225001,0.0109779,True
1,5,5,F7,0.08339576,0.07989939,0.09634623,0.5,0.5,"[0, 8]",1.0,True,0.01310189,0.00225001,0.0109779,True
1,5,6,F8,0.07748459,-0.0292729,0.07849277,0.5,0.5,"[0, 8]",1.0,True,0.01310189,0.00225001,0.0109779,True
1,5,7,FCz,0.09926028,0.09926028,0.11424611,0.5,0.5,"[0, 8]",1.0,True,0.01310189,0.00225001,0.0109779,True
1,5,8,FC3,0.03026601,0.00632765,0.03670367,0.5,0.5,"[0, 8]",1.0,True,0.01310189,0.00225001,0.0109779,True
1,5,9,FC4,0.05750667,-0.05750667,0.07607173,0.5,0.5,"[0, 8]",1.0,True,0.01310189,0.00225001,0.0109779,True
1,5,10,FT7,0.09151434,-0.05903896,0.10519386,0.5,0.5,"[0, 8]",1.0,True,0.01310189,0.00225001,0.0109779,True
1,5,11,FT8,0.08029955,-0.00301798,0.09769929,0.5,0.5,"[0, 8]",1.0,True,0.01310189,0.00225001,0.0109779,True
1,5,12,Cz,0.07689469,0.07619147,0.0926747,0.5,0.5,"[0, 8]",1.0,True,0.01310189,0.00225001,0.0109779,True
1,5,13,C3,0.11619516,0.07242914,0.11839058,0.5,0.5,"[0, 8]",1.0,True,0.01310189,0.00225001,0.0109779,True
1,5,14,C4,0.08519167,-0.07402714,0.09541025,0.5,0.5,"[0, 8]",1.0,True,0.01310189,0.00225001,0.0109779,True
1,5,15,T3,0.12667473,0.12667473,0.13177583,0.5,0.5,"[0, 8]",1.0,True,0.01310189,0.00225001,0.0109779,True
1,5,16,T4,0.12204275,0.01458937,0.1344437,0.5,0.5,"[0, 8]",1.0,True,0.01310189,0.00225001,0.0109779,True
1,5,17,CP3,0.1201009,0.03371115,0.13881956,0.5,0.5,"[0, 8]",1.0,True,0.01310189,0.00225001,0.0109779,True
1,5,18,CP4,0.11148068,0.03585543,0.12782188,0.5,0.5,"[0, 8]",1.0,True,0.01310189,0.00225001,0.0109779,True
1,5,19,TP7,0.08336539,-0.01857584,0.09349359,0.5,0.5,"[0, 8]",1.0,True,0.01310189,0.00225001,0.0109779,True
1,5,20,TP8,0.08908978,-0.05787234,0.10748359,0.5,0.5,"[0, 8]",1.0,True,0.01310189,0.00225001,0.0109779,True
1,5,21,Pz,0.15325493,0.00762434,0.15348634,0.5,0.5,"[0, 8]",1.0,True,0.01310189,0.00225001,0.0109779,True
1,5,22,P3,0.10882853,0.10882853,0.11782509,0.5,0.5,"[0, 8]",1.0,True,0.01310189,0.00225001,0.0109779,True
1,5,23,P4,0.10405213,-0.09187996,0.11575712,0.5,0.5,"[0, 8]",1.0,True,0.01310189,0.00225001,0.0109779,True
1,5,24,T5,0.10501835,0.07363543,0.11462219,0.5,0.5,"[0, 8]",1.0,True,0.01310189,0.00225001,0.0109779,True
1,5,25,T6,0.08073351,-0.06155137,0.09162609,0.5,0.5,"[0, 8]",1.0,True,0.01310189,0.00225001,0.0109779,True
1,5,26,Oz,0.07818392,0.0432322,0.08052147,0.5,0.5,"[0, 8]",1.0,True,0.01310189,0.00225001,0.0109779,True
1,5,27,O1,0.122796,0.05674293,0.13300483,0.5,0.5,"[0, 8]",1.0,True,0.01310189,0.00225001,0.0109779,True
1,5,28,O2,0.14413799,-0.02260678,0.14668748,0.5,0.5,"[0, 8]",1.0,True,0.01310189,0.00225001,0.0109779,True
2,1,0,Fp1,0.07097793,-0.03979873,0.07599345,0.375,0.375,"[5, 3]",0.625,False,0.92276647,0.27138226,0.77317348,True
2,1,1,Fp2,0.06831917,0.06831917,0.10265947,0.375,0.375,"[5, 3]",0.625,False,0.92276647,0.27138226,0.77317348,True
2,1,2,Fz,0.16028154,-0.16028154,0.18245231,0.375,0.375,"[5, 3]",0.625,False,0.92276647,0.27138226,0.77317348,True
2,1,3,F3,0.06786707,-0.00225008,0.06857102,0.375,0.375,"[5, 3]",0.625,False,0.92276647,0.27138226,0.77317348,True
2,1,4,F4,0.0957848,0.02695076,0.11107388,0.375,0.375,"[5, 3]",0.625,False,0.92276647,0.27138226,0.77317348,True
2,1,5,F7,0.08811069,0.05828741,0.11224949,0.375,0.375,"[5, 3]",0.625,False,0.92276647,0.27138226,0.77317348,True
2,1,6,F8,0.09275089,-0.02657064,0.10290278,0.375,0.375,"[5, 3]",0.625,False,0.92276647,0.27138226,0.77317348,True
2,1,7,FCz,0.11368008,0.08502275,0.15656962,0.375,0.375,"[5, 3]",0.625,False,0.92276647,0.27138226,0.77317348,True
2,1,8,FC3,0.06701218,0.00443244,0.07570674,0.375,0.375,"[5, 3]",0.625,False,0.92276647,0.27138226,0.77317348,True
2,1,9,FC4,0.02862816,-0.01114637,0.03145212,0.375,0.375,"[5, 3]",0.625,False,0.92276647,0.27138226,0.77317348,True
2,1,10,FT7,0.04863404,-0.00414161,0.05245961,0.375,0.375,"[5, 3]",0.625,False,0.92276647,0.27138226,0.77317348,True
2,1,11,FT8,0.0676012,0.04728809,0.08353478,0.375,0.375,"[5, 3]",0.625,False,0.92276647,0.27138226,0.77317348,True
2,1,12,Cz,0.09661168,0.02312505,0.108546,0.375,0.375,"[5, 3]",0.625,False,0.92276647,0.27138226,0.77317348,True
2,1,13,C3,0.05756937,-0.01846502,0.06294327,0.375,0.375,"[5, 3]",0.625,False,0.92276647,0.27138226,0.77317348,True
2,1,14,C4,0.1087843,-0.06769243,0.13007344,0.375,0.375,"[5, 3]",0.625,False,0.92276647,0.27138226,0.77317348,True
2,1,15,T3,0.14838526,0.14838526,0.17249788,0.375,0.375,"[5, 3]",0.625,False,0.92276647,0.27138226,0.77317348,True
2,1,16,T4,0.05457595,-0.01053981,0.06930038,0.375,0.375,"[5, 3]",0.625,False,0.92276647,0.27138226,0.77317348,True
2,1,17,CP3,0.08708845,0.05754474,0.0965902,0.375,0.375,"[5, 3]",0.625,False,0.92276647,0.27138226,0.77317348,True
2,1,18,CP4,0.13867955,0.05073252,0.14368108,0.375,0.375,"[5, 3]",0.625,False,0.92276647,0.27138226,0.77317348,True
2,1,19,TP7,0.07119642,-0.04555427,0.08809453,0.375,0.375,"[5, 3]",0.625,False,0.92276647,0.27138226,0.77317348,True
2,1,20,TP8,0.06693494,-0.04372576,0.09949917,0.375,0.375,"[5, 3]",0.625,False,0.92276647,0.27138226,0.77317348,True
2,1,21,Pz,0.18818535,0.05055913,0.20442934,0.375,0.375,"[5, 3]",0.625,False,0.92276647,0.27138226,0.77317348,True
2,1,22,P3,0.07552051,-0.00392604,0.09308005,0.375,0.375,"[5, 3]",0.625,False,0.92276647,0.27138226,0.77317348,True
2,1,23,P4,0.09599765,-0.05072739,0.10447805,0.375,0.375,"[5, 3]",0.625,False,0.92276647,0.27138226,0.77317348,True
2,1,24,T5,0.11372212,0.01111756,0.11554036,0.375,0.375,"[5, 3]",0.625,False,0.92276647,0.27138226,0.77317348,True
2,1,25,T6,0.1519039,-0.03318034,0.15873176,0.375,0.375,"[5, 3]",0.625,False,0.92276647,0.27138226,0.77317348,True
2,1,26,Oz,0.03453863,0.00512926,0.03518268,0.375,0.375,"[5, 3]",0.625,False,0.92276647,0.27138226,0.77317348,True
2,1,27,O1,0.07293225,0.02194135,0.0833943,0.375,0.375,"[5, 3]",0.625,False,0.92276647,0.27138226,0.77317348,True
2,1,28,O2,0.12694155,-0.00887341,0.13462387,0.375,0.375,"[5, 3]",0.625,False,0.92276647,0.27138226,0.77317348,True
2,2,0,Fp1,0.10986628,-0.09587152,0.12261703,0.5,0.5,"[0, 8]",1.0,True,0.01060343,0.00224034,0.00888447,True
2,2,1,Fp2,0.07742354,0.06116958,0.09466396,0.5,0.5,"[0, 8]",1.0,True,0.01060343,0.00224034,0.00888447,True
2,2,2,Fz,0.10404824,-0.09870087,0.11762723,0.5,0.5,"[0, 8]",1.0,True,0.01060343,0.00224034,0.00888447,True
2,2,3,F3,0.08769833,0.02819181,0.09446373,0.5,0.5,"[0, 8]",1.0,True,0.01060343,0.00224034,0.00888447,True
2,2,4,F4,0.09736993,0.01182394,0.107945,0.5,0.5,"[0, 8]",1.0,True,0.01060343,0.00224034,0.00888447,True
2,2,5,F7,0.08350842,0.08209028,0.09747511,0.5,0.5,"[0, 8]",1.0,True,0.01060343,0.00224034,0.00888447,True
2,2,6,F8,0.07703113,-0.02889971,0.07802769,0.5,0.5,"[0, 8]",1.0,True,0.01060343,0.00224034,0.00888447,True
2,2,7,FCz,0.09852975,0.09852975,0.11354213,0.5,0.5,"[0, 8]",1.0,True,0.01060343,0.00224034,0.00888447,True
2,2,8,FC3,0.03174332,0.00641941,0.03800345,0.5,0.5,"[0, 8]",1.0,True,0.01060343,0.00224034,0.00888447,True
2,2,9,FC4,0.05859055,-0.05859055,0.07693628,0.5,0.5,"[0, 8]",1.0,True,0.01060343,0.00224034,0.00888447,True
2,2,10,FT7,0.08922301,-0.0572587,0.10265549,0.5,0.5,"[0, 8]",1.0,True,0.01060343,0.00224034,0.00888447,True
2,2,11,FT8,0.08036305,-0.00393581,0.09706335,0.5,0.5,"[0, 8]",1.0,True,0.01060343,0.00224034,0.00888447,True
2,2,12,Cz,0.07616227,0.0751647,0.09210605,0.5,0.5,"[0, 8]",1.0,True,0.01060343,0.00224034,0.00888447,True
2,2,13,C3,0.11570151,0.07277992,0.11784203,0.5,0.5,"[0, 8]",1.0,True,0.01060343,0.00224034,0.00888447,True
2,2,14,C4,0.08546794,-0.07561629,0.09615445,0.5,0.5,"[0, 8]",1.0,True,0.01060343,0.00224034,0.00888447,True
2,2,15,T3,0.1278917,0.1278917,0.13323013,0.5,0.5,"[0, 8]",1.0,True,0.01060343,0.00224034,0.00888447,True
2,2,16,T4,0.12253061,0.01289985,0.13499862,0.5,0.5,"[0, 8]",1.0,True,0.01060343,0.00224034,0.00888447,True
2,2,17,CP3,0.12057157,0.03318933,0.13902262,0.5,0.5,"[0, 8]",1.0,True,0.01060343,0.00224034,0.00888447,True
2,2,18,CP4,0.11112448,0.03404138,0.1278287,0.5,0.5,"[0, 8]",1.0,True,0.01060343,0.00224034,0.00888447,True
2,2,19,TP7,0.08510663,-0.01797798,0.09474794,0.5,0.5,"[0, 8]",1.0,True,0.01060343,0.00224034,0.00888447,True
2,2,20,TP8,0.08878632,-0.05997052,0.10835787,0.5,0.5,"[0, 8]",1.0,True,0.01060343,0.00224034,0.00888447,True
2,2,21,Pz,0.15411422,0.00627227,0.15429161,0.5,0.5,"[0, 8]",1.0,True,0.01060343,0.00224034,0.00888447,True
2,2,22,P3,0.10775302,0.10775302,0.11690017,0.5,0.5,"[0, 8]",1.0,True,0.01060343,0.00224034,0.00888447,True
2,2,23,P4,0.10547884,-0.09342307,0.11753102,0.5,0.5,"[0, 8]",1.0,True,0.01060343,0.00224034,0.00888447,True
2,2,24,T5,0.10495789,0.07316199,0.11450268,0.5,0.5,"[0, 8]",1.0,True,0.01060343,0.00224034,0.00888447,True
2,2,25,T6,0.08153664,-0.06276572,0.09307268,0.5,0.5,"[0, 8]",1.0,True,0.01060343,0.00224034,0.00888447,True
2,2,26,Oz,0.0778419,0.04232745,0.08017662,0.5,0.5,"[0, 8]",1.0,True,0.01060343,0.00224034,0.00888447,True
2,2,27,O1,0.12258589,0.05625231,0.13261212,0.5,0.5,"[0, 8]",1.0,True,0.01060343,0.00224034,0.00888447,True
2,2,28,O2,0.14382146,-0.02430199,0.14670351,0.5,0.5,"[0, 8]",1.0,True,0.01060343,0.00224034,0.00888447,True
2,3,0,Fp1,0.07667436,-0.07667436,0.08484086,0.375,0.375,"[3, 5]",0.625,False,0.56513288,0.16095798,0.47351716,True
2,3,1,Fp2,0.07878369,0.05665197,0.10009138,0.375,0.375,"[3, 5]",0.625,False,0.56513288,0.16095798,0.47351716,True
2,3,2,Fz,0.14349584,-0.14349584,0.14988533,0.375,0.375,"[3, 5]",0.625,False,0.56513288,0.16095798,0.47351716,True
2,3,3,F3,0.06153663,0.0166076,0.06666052,0.375,0.375,"[3, 5]",0.625,False,0.56513288,0.16095798,0.47351716,True
2,3,4,F4,0.08636382,0.01056219,0.10261784,0.375,0.375,"[3, 5]",0.625,False,0.56513288,0.16095798,0.47351716,True
2,3,5,F7,0.10541575,0.08527049,0.120598,0.375,0.375,"[3, 5]",0.625,False,0.56513288,0.16095798,0.47351716,True
2,3,6,F8,0.06457998,-0.00991354,0.07210433,0.375,0.375,"[3, 5]",0.625,False,0.56513288,0.16095798,0.47351716,True
2,3,7,FCz,0.09385503,0.09066487,0.12872805,0.375,0.375,"[3, 5]",0.625,False,0.56513288,0.16095798,0.47351716,True
2,3,8,FC3,0.04339894,0.00755538,0.04638876,0.375,0.375,"[3, 5]",0.625,False,0.56513288,0.16095798,0.47351716,True
2,3,9,FC4,0.07097422,-0.07097422,0.07364975,0.375,0.375,"[3, 5]",0.625,False,0.56513288,0.16095798,0.47351716,True
2,3,10,FT7,0.08741167,-0.03041278,0.09604801,0.375,0.375,"[3, 5]",0.625,False,0.56513288,0.16095798,0.47351716,True
2,3,11,FT8,0.07174129,0.05017774,0.08093766,0.375,0.375,"[3, 5]",0.625,False,0.56513288,0.16095798,0.47351716,True
2,3,12,Cz,0.07470036,0.06356573,0.0974293,0.375,0.375,"[3, 5]",0.625,False,0.56513288,0.16095798,0.47351716,True
2,3,13,C3,0.13012159,0.05560715,0.1315461,0.375,0.375,"[3, 5]",0.625,False,0.56513288,0.16095798,0.47351716,True
2,3,14,C4,0.06503037,-0.05652591,0.08783265,0.375,0.375,"[3, 5]",0.625,False,0.56513288,0.16095798,0.47351716,True
2,3,15,T3,0.16057613,0.16057613,0.18248126,0.375,0.375,"[3, 5]",0.625,False,0.56513288,0.16095798,0.47351716,True
2,3,16,T4,0.1207503,0.00510537,0.13072509,0.375,0.375,"[3, 5]",0.625,False,0.56513288,0.16095798,0.47351716,True
2,3,17,CP3,0.10841842,0.02559278,0.12792373,0.375,0.375,"[3, 5]",0.625,False,0.56513288,0.16095798,0.47351716,True
2,3,18,CP4,0.10458243,0.03177486,0.11868199,0.375,0.375,"[3, 5]",0.625,False,0.56513288,0.16095798,0.47351716,True
2,3,19,TP7,0.0989444,-0.00390016,0.10311329,0.375,0.375,"[3, 5]",0.625,False,0.56513288,0.16095798,0.47351716,True
2,3,20,TP8,0.09480538,-0.07324441,0.13578328,0.375,0.375,"[3, 5]",0.625,False,0.56513288,0.16095798,0.47351716,True
2,3,21,Pz,0.17788629,0.01516011,0.18776868,0.375,0.375,"[3, 5]",0.625,False,0.56513288,0.16095798,0.47351716,True
2,3,22,P3,0.07415205,0.00474748,0.07532697,0.375,0.375,"[3, 5]",0.625,False,0.56513288,0.16095798,0.47351716,True
2,3,23,P4,0.1218539,-0.08777571,0.12954889,0.375,0.375,"[3, 5]",0.625,False,0.56513288,0.16095798,0.47351716,True
2,3,24,T5,0.10259996,0.08059883,0.11416359,0.375,0.375,"[3, 5]",0.625,False,0.56513288,0.16095798,0.47351716,True
2,3,25,T6,0.11179266,-0.05329641,0.12806673,0.375,0.375,"[3, 5]",0.625,False,0.56513288,0.16095798,0.47351716,True
2,3,26,Oz,0.06411695,0.01427019,0.07090857,0.375,0.375,"[3, 5]",0.625,False,0.56513288,0.16095798,0.47351716,True
2,3,27,O1,0.07946687,0.05689983,0.09998777,0.375,0.375,"[3, 5]",0.625,False,0.56513288,0.16095798,0.47351716,True
2,3,28,O2,0.11417861,-0.02300759,0.11835087,0.375,0.375,"[3, 5]",0.625,False,0.56513288,0.16095798,0.47351716,True
2,4,0,Fp1,0.11007066,-0.09685969,0.12310681,0.5,0.5,"[0, 8]",1.0,True,0.01448274,0.00234263,0.01213489,True
2,4,1,Fp2,0.07784446,0.06054364,0.09498602,0.5,0.5,"[0, 8]",1.0,True,0.01448274,0.00234263,0.01213489,True
2,4,2,Fz,0.10448496,-0.09972,0.11846159,0.5,0.5,"[0, 8]",1.0,True,0.01448274,0.00234263,0.01213489,True
2,4,3,F3,0.086771,0.02676328,0.09366342,0.5,0.5,"[0, 8]",1.0,True,0.01448274,0.00234263,0.01213489,True
2,4,4,F4,0.09758726,0.01195937,0.10819145,0.5,0.5,"[0, 8]",1.0,True,0.01448274,0.00234263,0.01213489,True
2,4,5,F7,0.08402745,0.08151793,0.09735506,0.5,0.5,"[0, 8]",1.0,True,0.01448274,0.00234263,0.01213489,True
2,4,6,F8,0.07749801,-0.02906687,0.07846837,0.5,0.5,"[0, 8]",1.0,True,0.01448274,0.00234263,0.01213489,True
2,4,7,FCz,0.09778584,0.09778584,0.11313713,0.5,0.5,"[0, 8]",1.0,True,0.01448274,0.00234263,0.01213489,True
2,4,8,FC3,0.03117023,0.00527668,0.03797002,0.5,0.5,"[0, 8]",1.0,True,0.01448274,0.00234263,0.01213489,True
2,4,9,FC4,0.05794507,-0.05794507,0.07552882,0.5,0.5,"[0, 8]",1.0,True,0.01448274,0.00234263,0.01213489,True
2,4,10,FT7,0.08953846,-0.05792449,0.10278961,0.5,0.5,"[0, 8]",1.0,True,0.01448274,0.00234263,0.01213489,True
2,4,11,FT8,0.07977019,-0.00357622,0.09642287,0.5,0.5,"[0, 8]",1.0,True,0.01448274,0.00234263,0.01213489,True
2,4,12,Cz,0.07561907,0.07482244,0.09148815,0.5,0.5,"[0, 8]",1.0,True,0.01448274,0.00234263,0.01213489,True
2,4,13,C3,0.11510267,0.07196334,0.11717822,0.5,0.5,"[0, 8]",1.0,True,0.01448274,0.00234263,0.01213489,True
2,4,14,C4,0.08505961,-0.07497076,0.09540962,0.5,0.5,"[0, 8]",1.0,True,0.01448274,0.00234263,0.01213489,True
2,4,15,T3,0.12749784,0.12749784,0.13292715,0.5,0.5,"[0, 8]",1.0,True,0.01448274,0.00234263,0.01213489,True
2,4,16,T4,0.12209366,0.01441225,0.13480887,0.5,0.5,"[0, 8]",1.0,True,0.01448274,0.00234263,0.01213489,True
2,4,17,CP3,0.12081002,0.03237377,0.13876602,0.5,0.5,"[0, 8]",1.0,True,0.01448274,0.00234263,0.01213489,True
2,4,18,CP4,0.11160788,0.03533649,0.12831581,0.5,0.5,"[0, 8]",1.0,True,0.01448274,0.00234263,0.01213489,True
2,4,19,TP7,0.08587837,-0.01819347,0.09548429,0.5,0.5,"[0, 8]",1.0,True,0.01448274,0.00234263,0.01213489,True
2,4,20,TP8,0.08934285,-0.05796948,0.10765937,0.5,0.5,"[0, 8]",1.0,True,0.01448274,0.00234263,0.01213489,True
2,4,21,Pz,0.15404819,0.00700705,0.15426616,0.5,0.5,"[0, 8]",1.0,True,0.01448274,0.00234263,0.01213489,True
2,4,22,P3,0.10770464,0.10770464,0.11720356,0.5,0.5,"[0, 8]",1.0,True,0.01448274,0.00234263,0.01213489,True
2,4,23,P4,0.10487676,-0.09225775,0.1164199,0.5,0.5,"[0, 8]",1.0,True,0.01448274,0.00234263,0.01213489,True
2,4,24,T5,0.10601971,0.07418985,0.11543966,0.5,0.5,"[0, 8]",1.0,True,0.01448274,0.00234263,0.01213489,True
2,4,25,T6,0.07966763,-0.06126514,0.09103528,0.5,0.5,"[0, 8]",1.0,True,0.01448274,0.00234263,0.01213489,True
2,4,26,Oz,0.07827213,0.04368492,0.08084849,0.5,0.5,"[0, 8]",1.0,True,0.01448274,0.00234263,0.01213489,True
2,4,27,O1,0.12237027,0.05708377,0.13244489,0.5,0.5,"[0, 8]",1.0,True,0.01448274,0.00234263,0.01213489,True
2,4,28,O2,0.1431811,-0.02260722,0.14565684,0.5,0.5,"[0, 8]",1.0,True,0.01448274,0.00234263,0.01213489,True
2,5,0,Fp1,0.1103162,-0.0954839,0.12283043,0.5,0.5,"[0, 8]",1.0,True,0.01465805,0.0023229,0.01228178,True
2,5,1,Fp2,0.0769763,0.06056643,0.09430313,0.5,0.5,"[0, 8]",1.0,True,0.01465805,0.0023229,0.01228178,True
2,5,2,Fz,0.10418586,-0.09953401,0.11816574,0.5,0.5,"[0, 8]",1.0,True,0.01465805,0.0023229,0.01228178,True
2,5,3,F3,0.08785802,0.02696001,0.09454532,0.5,0.5,"[0, 8]",1.0,True,0.01465805,0.0023229,0.01228178,True
2,5,4,F4,0.09850956,0.01248209,0.10909694,0.5,0.5,"[0, 8]",1.0,True,0.01465805,0.0023229,0.01228178,True
2,5,5,F7,0.08410394,0.08211628,0.09790768,0.5,0.5,"[0, 8]",1.0,True,0.01465805,0.0023229,0.01228178,True
2,5,6,F8,0.07726888,-0.028908,0.07831753,0.5,0.5,"[0, 8]",1.0,True,0.01465805,0.0023229,0.01228178,True
2,5,7,FCz,0.09778795,0.09778795,0.11292407,0.5,0.5,"[0, 8]",1.0,True,0.01465805,0.0023229,0.01228178,True
2,5,8,FC3,0.03048742,0.00566455,0.03718058,0.5,0.5,"[0, 8]",1.0,True,0.01465805,0.0023229,0.01228178,True
2,5,9,FC4,0.05821445,-0.05821445,0.07590983,0.5,0.5,"[0, 8]",1.0,True,0.01465805,0.0023229,0.01228178,True
2,5,10,FT7,0.08915209,-0.05694435,0.10268746,0.5,0.5,"[0, 8]",1.0,True,0.01465805,0.0023229,0.01228178,True
2,5,11,FT8,0.08073858,-0.00398836,0.09740373,0.5,0.5,"[0, 8]",1.0,True,0.01465805,0.0023229,0.01228178,True
2,5,12,Cz,0.07612789,0.07463887,0.09170278,0.5,0.5,"[0, 8]",1.0,True,0.01465805,0.0023229,0.01228178,True
2,5,13,C3,0.1148961,0.07167716,0.11706508,0.5,0.5,"[0, 8]",1.0,True,0.01465805,0.0023229,0.01228178,True
2,5,14,C4,0.08600622,-0.07594227,0.09655493,0.5,0.5,"[0, 8]",1.0,True,0.01465805,0.0023229,0.01228178,True
2,5,15,T3,0.12825021,0.12825021,0.13356778,0.5,0.5,"[0, 8]",1.0,True,0.01465805,0.0023229,0.01228178,True
2,5,16,T4,0.12214532,0.01417792,0.13441741,0.5,0.5,"[0, 8]",1.0,True,0.01465805,0.0023229,0.01228178,True
2,5,17,CP3,0.12010744,0.03240746,0.13829093,0.5,0.5,"[0, 8]",1.0,True,0.01465805,0.0023229,0.01228178,True
2,5,18,CP4,0.11037171,0.03468295,0.12658857,0.5,0.5,"[0, 8]",1.0,True,0.01465805,0.0023229,0.01228178,True
2,5,19,TP7,0.08495916,-0.01736494,0.09464525,0.5,0.5,"[0, 8]",1.0,True,0.01465805,0.0023229,0.01228178,True
2,5,20,TP8,0.08813571,-0.05858104,0.1070664,0.5,0.5,"[0, 8]",1.0,True,0.01465805,0.0023229,0.01228178,True
2,5,21,Pz,0.15389697,0.00584462,0.15406388,0.5,0.5,"[0, 8]",1.0,True,0.01465805,0.0023229,0.01228178,True
2,5,22,P3,0.10788398,0.10788398,0.11720134,0.5,0.5,"[0, 8]",1.0,True,0.01465805,0.0023229,0.01228178,True
2,5,23,P4,0.10443193,-0.09280847,0.11665726,0.5,0.5,"[0, 8]",1.0,True,0.01465805,0.0023229,0.01228178,True
2,5,24,T5,0.10642491,0.07422466,0.11578798,0.5,0.5,"[0, 8]",1.0,True,0.01465805,0.0023229,0.01228178,True
2,5,25,T6,0.0815876,-0.06172602,0.09253561,0.5,0.5,"[0, 8]",1.0,True,0.01465805,0.0023229,0.01228178,True
2,5,26,Oz,0.07885223,0.04241903,0.08097338,0.5,0.5,"[0, 8]",1.0,True,0.01465805,0.0023229,0.01228178,True
2,5,27,O1,0.12265673,0.05658074,0.13262181,0.5,0.5,"[0, 8]",1.0,True,0.01465805,0.0023229,0.01228178,True
2,5,28,O2,0.14444877,-0.02385164,0.14716855,0.5,0.5,"[0, 8]",1.0,True,0.01465805,0.0023229,0.01228178,True
3,1,0,Fp1,0.10212594,-0.08999641,0.11470728,0.75,0.75,"[6, 2]",0.75,False,0.47372961,0.10250761,0.3969316,True
3,1,1,Fp2,0.06485911,0.06308684,0.09466743,0.75,0.75,"[6, 2]",0.75,False,0.47372961,0.10250761,0.3969316,True
3,1,2,Fz,0.10917329,-0.07037843,0.11896722,0.75,0.75,"[6, 2]",0.75,False,0.47372961,0.10250761,0.3969316,True
3,1,3,F3,0.07440046,0.04575211,0.07849734,0.75,0.75,"[6, 2]",0.75,False,0.47372961,0.10250761,0.3969316,True
3,1,4,F4,0.10083509,0.00399145,0.12706308,0.75,0.75,"[6, 2]",0.75,False,0.47372961,0.10250761,0.3969316,True
3,1,5,F7,0.08329125,0.06318472,0.08962882,0.75,0.75,"[6, 2]",0.75,False,0.47372961,0.10250761,0.3969316,True
3,1,6,F8,0.05916551,-0.02749563,0.07682806,0.75,0.75,"[6, 2]",0.75,False,0.47372961,0.10250761,0.3969316,True
3,1,7,FCz,0.09498889,0.07954214,0.10477085,0.75,0.75,"[6, 2]",0.75,False,0.47372961,0.10250761,0.3969316,True
3,1,8,FC3,0.01426911,0.00611756,0.01584468,0.75,0.75,"[6, 2]",0.75,False,0.47372961,0.10250761,0.3969316,True
3,1,9,FC4,0.031642,-0.03164185,0.05252537,0.75,0.75,"[6, 2]",0.75,False,0.47372961,0.10250761,0.3969316,True
3,1,10,FT7,0.07366522,-0.06473727,0.09780087,0.75,0.75,"[6, 2]",0.75,False,0.47372961,0.10250761,0.3969316,True
3,1,11,FT8,0.05443696,0.01054414,0.07121055,0.75,0.75,"[6, 2]",0.75,False,0.47372961,0.10250761,0.3969316,True
3,1,12,Cz,0.07191699,0.04264906,0.08126915,0.75,0.75,"[6, 2]",0.75,False,0.47372961,0.10250761,0.3969316,True
3,1,13,C3,0.12775636,0.06786055,0.12979098,0.75,0.75,"[6, 2]",0.75,False,0.47372961,0.10250761,0.3969316,True
3,1,14,C4,0.08454303,-0.05009853,0.09386043,0.75,0.75,"[6, 2]",0.75,False,0.47372961,0.10250761,0.3969316,True
3,1,15,T3,0.08941714,0.0865567,0.11317187,0.75,0.75,"[6, 2]",0.75,False,0.47372961,0.10250761,0.3969316,True
3,1,16,T4,0.13826799,0.06601641,0.16272494,0.75,0.75,"[6, 2]",0.75,False,0.47372961,0.10250761,0.3969316,True
3,1,17,CP3,0.11677597,0.00092696,0.13586105,0.75,0.75,"[6, 2]",0.75,False,0.47372961,0.10250761,0.3969316,True
3,1,18,CP4,0.10557622,0.03286031,0.12759489,0.75,0.75,"[6, 2]",0.75,False,0.47372961,0.10250761,0.3969316,True
3,1,19,TP7,0.06613986,-0.0495023,0.07482538,0.75,0.75,"[6, 2]",0.75,False,0.47372961,0.10250761,0.3969316,True
3,1,20,TP8,0.07413042,-0.03314067,0.08286472,0.75,0.75,"[6, 2]",0.75,False,0.47372961,0.10250761,0.3969316,True
3,1,21,Pz,0.1652994,-0.02731257,0.17083506,0.75,0.75,"[6, 2]",0.75,False,0.47372961,0.10250761,0.3969316,True
3,1,22,P3,0.07613639,0.0670523,0.09487433,0.75,0.75,"[6, 2]",0.75,False,0.47372961,0.10250761,0.3969316,True
3,1,23,P4,0.15058348,-0.10436586,0.16085851,0.75,0.75,"[6, 2]",0.75,False,0.47372961,0.10250761,0.3969316,True
3,1,24,T5,0.04478496,0.03702031,0.04848281,0.75,0.75,"[6, 2]",0.75,False,0.47372961,0.10250761,0.3969316,True
3,1,25,T6,0.09174421,-0.0545076,0.10810547,0.75,0.75,"[6, 2]",0.75,False,0.47372961,0.10250761,0.3969316,True
3,1,26,Oz,0.10190487,0.07706712,0.10685252,0.75,0.75,"[6, 2]",0.75,False,0.47372961,0.10250761,0.3969316,True
3,1,27,O1,0.10770908,0.06388517,0.12033192,0.75,0.75,"[6, 2]",0.75,False,0.47372961,0.10250761,0.3969316,True
3,1,28,O2,0.1488663,-0.02343201,0.15301841,0.75,0.75,"[6, 2]",0.75,False,0.47372961,0.10250761,0.3969316,True
3,2,0,Fp1,0.10913377,-0.09430549,0.12132804,0.625,0.625,"[1, 7]",0.875,False,0.01298439,0.00224395,0.01087944,True
3,2,1,Fp2,0.0788756,0.06171136,0.09610464,0.625,0.625,"[1, 7]",0.875,False,0.01298439,0.00224395,0.01087944,True
3,2,2,Fz,0.10347995,-0.09805827,0.1168673,0.625,0.625,"[1, 7]",0.875,False,0.01298439,0.00224395,0.01087944,True
3,2,3,F3,0.08750133,0.02765313,0.09405087,0.625,0.625,"[1, 7]",0.875,False,0.01298439,0.00224395,0.01087944,True
3,2,4,F4,0.09751873,0.01195436,0.10799383,0.625,0.625,"[1, 7]",0.875,False,0.01298439,0.00224395,0.01087944,True
3,2,5,F7,0.08443333,0.08272816,0.09838343,0.625,0.625,"[1, 7]",0.875,False,0.01298439,0.00224395,0.01087944,True
3,2,6,F8,0.07766505,-0.02934348,0.07863577,0.625,0.625,"[1, 7]",0.875,False,0.01298439,0.00224395,0.01087944,True
3,2,7,FCz,0.09822341,0.09822341,0.11348609,0.625,0.625,"[1, 7]",0.875,False,0.01298439,0.00224395,0.01087944,True
3,2,8,FC3,0.03170809,0.00671973,0.03791041,0.625,0.625,"[1, 7]",0.875,False,0.01298439,0.00224395,0.01087944,True
3,2,9,FC4,0.05808108,-0.05808108,0.07569733,0.625,0.625,"[1, 7]",0.875,False,0.01298439,0.00224395,0.01087944,True
3,2,10,FT7,0.0907975,-0.05783235,0.10411814,0.625,0.625,"[1, 7]",0.875,False,0.01298439,0.00224395,0.01087944,True
3,2,11,FT8,0.0795441,-0.00413128,0.09681553,0.625,0.625,"[1, 7]",0.875,False,0.01298439,0.00224395,0.01087944,True
3,2,12,Cz,0.07713941,0.07539412,0.09288194,0.625,0.625,"[1, 7]",0.875,False,0.01298439,0.00224395,0.01087944,True
3,2,13,C3,0.11560255,0.07298242,0.11774782,0.625,0.625,"[1, 7]",0.875,False,0.01298439,0.00224395,0.01087944,True
3,2,14,C4,0.08552247,-0.07579575,0.09637094,0.625,0.625,"[1, 7]",0.875,False,0.01298439,0.00224395,0.01087944,True
3,2,15,T3,0.12771043,0.12771043,0.13292131,0.625,0.625,"[1, 7]",0.875,False,0.01298439,0.00224395,0.01087944,True
3,2,16,T4,0.12271832,0.01326603,0.13529561,0.625,0.625,"[1, 7]",0.875,False,0.01298439,0.00224395,0.01087944,True
3,2,17,CP3,0.12015665,0.03311333,0.13861185,0.625,0.625,"[1, 7]",0.875,False,0.01298439,0.00224395,0.01087944,True
3,2,18,CP4,0.11122201,0.03395029,0.12813438,0.625,0.625,"[1, 7]",0.875,False,0.01298439,0.00224395,0.01087944,True
3,2,19,TP7,0.08468562,-0.01959156,0.09480629,0.625,0.625,"[1, 7]",0.875,False,0.01298439,0.00224395,0.01087944,True
3,2,20,TP8,0.08996671,-0.06011599,0.10929663,0.625,0.625,"[1, 7]",0.875,False,0.01298439,0.00224395,0.01087944,True
3,2,21,Pz,0.15382999,0.00589796,0.15398186,0.625,0.625,"[1, 7]",0.875,False,0.01298439,0.00224395,0.01087944,True
3,2,22,P3,0.1081505,0.1081505,0.11782426,0.625,0.625,"[1, 7]",0.875,False,0.01298439,0.00224395,0.01087944,True
3,2,23,P4,0.10514575,-0.09298782,0.11696307,0.625,0.625,"[1, 7]",0.875,False,0.01298439,0.00224395,0.01087944,True
3,2,24,T5,0.10488202,0.07319848,0.11384077,0.625,0.625,"[1, 7]",0.875,False,0.01298439,0.00224395,0.01087944,True
3,2,25,T6,0.08187966,-0.06342894,0.09344514,0.625,0.625,"[1, 7]",0.875,False,0.01298439,0.00224395,0.01087944,True
3,2,26,Oz,0.07748847,0.04177436,0.07965427,0.625,0.625,"[1, 7]",0.875,False,0.01298439,0.00224395,0.01087944,True
3,2,27,O1,0.12119906,0.05575485,0.13159592,0.625,0.625,"[1, 7]",0.875,False,0.01298439,0.00224395,0.01087944,True
3,2,28,O2,0.14510739,-0.02456754,0.14798349,0.625,0.625,"[1, 7]",0.875,False,0.01298439,0.00224395,0.01087944,True
3,3,0,Fp1,0.10909437,-0.09483751,0.12151024,0.5,0.5,"[0, 8]",1.0,True,0.01187322,0.00221097,0.00994841,True
3,3,1,Fp2,0.07774718,0.06195775,0.09536799,0.5,0.5,"[0, 8]",1.0,True,0.01187322,0.00221097,0.00994841,True
3,3,2,Fz,0.10400972,-0.09811974,0.11728755,0.5,0.5,"[0, 8]",1.0,True,0.01187322,0.00221097,0.00994841,True
3,3,3,F3,0.08756341,0.02752129,0.09425463,0.5,0.5,"[0, 8]",1.0,True,0.01187322,0.00221097,0.00994841,True
3,3,4,F4,0.09707697,0.01148317,0.10776203,0.5,0.5,"[0, 8]",1.0,True,0.01187322,0.00221097,0.00994841,True
3,3,5,F7,0.08461088,0.08228593,0.0981856,0.5,0.5,"[0, 8]",1.0,True,0.01187322,0.00221097,0.00994841,True
3,3,6,F8,0.07833219,-0.0304307,0.07916861,0.5,0.5,"[0, 8]",1.0,True,0.01187322,0.00221097,0.00994841,True
3,3,7,FCz,0.09858596,0.09858596,0.11373396,0.5,0.5,"[0, 8]",1.0,True,0.01187322,0.00221097,0.00994841,True
3,3,8,FC3,0.03168742,0.00686458,0.03790623,0.5,0.5,"[0, 8]",1.0,True,0.01187322,0.00221097,0.00994841,True
3,3,9,FC4,0.05881876,-0.05881876,0.07685164,0.5,0.5,"[0, 8]",1.0,True,0.01187322,0.00221097,0.00994841,True
3,3,10,FT7,0.09056468,-0.05727489,0.10400612,0.5,0.5,"[0, 8]",1.0,True,0.01187322,0.00221097,0.00994841,True
3,3,11,FT8,0.07946976,-0.00422164,0.09690515,0.5,0.5,"[0, 8]",1.0,True,0.01187322,0.00221097,0.00994841,True
3,3,12,Cz,0.07717135,0.07525047,0.09280179,0.5,0.5,"[0, 8]",1.0,True,0.01187322,0.00221097,0.00994841,True
3,3,13,C3,0.11575358,0.0730927,0.1178879,0.5,0.5,"[0, 8]",1.0,True,0.01187322,0.00221097,0.00994841,True
3,3,14,C4,0.08488265,-0.07529947,0.0955826,0.5,0.5,"[0, 8]",1.0,True,0.01187322,0.00221097,0.00994841,True
3,3,15,T3,0.12723431,0.12723431,0.13237607,0.5,0.5,"[0, 8]",1.0,True,0.01187322,0.00221097,0.00994841,True
3,3,16,T4,0.12249308,0.01308195,0.13458407,0.5,0.5,"[0, 8]",1.0,True,0.01187322,0.00221097,0.00994841,True
3,3,17,CP3,0.12030914,0.03274207,0.13883851,0.5,0.5,"[0, 8]",1.0,True,0.01187322,0.00221097,0.00994841,True
3,3,18,CP4,0.11078212,0.0335342,0.12748733,0.5,0.5,"[0, 8]",1.0,True,0.01187322,0.00221097,0.00994841,True
3,3,19,TP7,0.08333235,-0.01952657,0.09327108,0.5,0.5,"[0, 8]",1.0,True,0.01187322,0.00221097,0.00994841,True
3,3,20,TP8,0.08859389,-0.0599303,0.10812543,0.5,0.5,"[0, 8]",1.0,True,0.01187322,0.00221097,0.00994841,True
3,3,21,Pz,0.15333593,0.00589414,0.15348804,0.5,0.5,"[0, 8]",1.0,True,0.01187322,0.00221097,0.00994841,True
3,3,22,P3,0.10850319,0.10850319,0.11790165,0.5,0.5,"[0, 8]",1.0,True,0.01187322,0.00221097,0.00994841,True
3,3,23,P4,0.10543592,-0.09321565,0.11726267,0.5,0.5,"[0, 8]",1.0,True,0.01187322,0.00221097,0.00994841,True
3,3,24,T5,0.10443164,0.07319641,0.11367027,0.5,0.5,"[0, 8]",1.0,True,0.01187322,0.00221097,0.00994841,True
3,3,25,T6,0.08140521,-0.06337725,0.09283974,0.5,0.5,"[0, 8]",1.0,True,0.01187322,0.00221097,0.00994841,True
3,3,26,Oz,0.07818706,0.04280865,0.0805463,0.5,0.5,"[0, 8]",1.0,True,0.01187322,0.00221097,0.00994841,True
3,3,27,O1,0.12214165,0.05711382,0.13232039,0.5,0.5,"[0, 8]",1.0,True,0.01187322,0.00221097,0.00994841,True
3,3,28,O2,0.14473797,-0.02396061,0.14755268,0.5,0.5,"[0, 8]",1.0,True,0.01187322,0.00221097,0.00994841,True
3,4,0,Fp1,0.10971155,-0.09515782,0.12218828,0.5,0.5,"[0, 8]",1.0,True,0.01060284,0.00217885,0.00888397,True
3,4,1,Fp2,0.07744034,0.06103742,0.09499855,0.5,0.5,"[0, 8]",1.0,True,0.01060284,0.00217885,0.00888397,True
3,4,2,Fz,0.10441781,-0.09834778,0.1177276,0.5,0.5,"[0, 8]",1.0,True,0.01060284,0.00217885,0.00888397,True
3,4,3,F3,0.08673832,0.02704046,0.0935962,0.5,0.5,"[0, 8]",1.0,True,0.01060284,0.00217885,0.00888397,True
3,4,4,F4,0.09761888,0.01218344,0.10806306,0.5,0.5,"[0, 8]",1.0,True,0.01060284,0.00217885,0.00888397,True
3,4,5,F7,0.08393109,0.08190572,0.09768016,0.5,0.5,"[0, 8]",1.0,True,0.01060284,0.00217885,0.00888397,True
3,4,6,F8,0.07794507,-0.03025377,0.07878602,0.5,0.5,"[0, 8]",1.0,True,0.01060284,0.00217885,0.00888397,True
3,4,7,FCz,0.09911686,0.09911686,0.11426494,0.5,0.5,"[0, 8]",1.0,True,0.01060284,0.00217885,0.00888397,True
3,4,8,FC3,0.03173173,0.00685956,0.03804334,0.5,0.5,"[0, 8]",1.0,True,0.01060284,0.00217885,0.00888397,True
3,4,9,FC4,0.05806061,-0.05806061,0.07671326,0.5,0.5,"[0, 8]",1.0,True,0.01060284,0.00217885,0.00888397,True
3,4,10,FT7,0.09081113,-0.05757276,0.10431549,0.5,0.5,"[0, 8]",1.0,True,0.01060284,0.00217885,0.00888397,True
3,4,11,FT8,0.07956963,-0.00332445,0.0970171,0.5,0.5,"[0, 8]",1.0,True,0.01060284,0.00217885,0.00888397,True
3,4,12,Cz,0.07771399,0.07582938,0.09311008,0.5,0.5,"[0, 8]",1.0,True,0.01060284,0.00217885,0.00888397,True
3,4,13,C3,0.11625086,0.07333246,0.11840072,0.5,0.5,"[0, 8]",1.0,True,0.01060284,0.00217885,0.00888397,True
3,4,14,C4,0.08573698,-0.07469995,0.09602233,0.5,0.5,"[0, 8]",1.0,True,0.01060284,0.00217885,0.00888397,True
3,4,15,T3,0.12705967,0.12705967,0.13253799,0.5,0.5,"[0, 8]",1.0,True,0.01060284,0.00217885,0.00888397,True
3,4,16,T4,0.12324814,0.01358053,0.13572639,0.5,0.5,"[0, 8]",1.0,True,0.01060284,0.00217885,0.00888397,True
3,4,17,CP3,0.12056583,0.03325504,0.13920026,0.5,0.5,"[0, 8]",1.0,True,0.01060284,0.00217885,0.00888397,True
3,4,18,CP4,0.110474,0.03457018,0.12698826,0.5,0.5,"[0, 8]",1.0,True,0.01060284,0.00217885,0.00888397,True
3,4,19,TP7,0.08439716,-0.01863815,0.09425017,0.5,0.5,"[0, 8]",1.0,True,0.01060284,0.00217885,0.00888397,True
3,4,20,TP8,0.0885524,-0.05957883,0.10786793,0.5,0.5,"[0, 8]",1.0,True,0.01060284,0.00217885,0.00888397,True
3,4,21,Pz,0.15337551,0.00660806,0.15355502,0.5,0.5,"[0, 8]",1.0,True,0.01060284,0.00217885,0.00888397,True
3,4,22,P3,0.10865642,0.10865642,0.11801592,0.5,0.5,"[0, 8]",1.0,True,0.01060284,0.00217885,0.00888397,True
3,4,23,P4,0.1046924,-0.09280143,0.11673178,0.5,0.5,"[0, 8]",1.0,True,0.01060284,0.00217885,0.00888397,True
3,4,24,T5,0.10460822,0.07377309,0.11391903,0.5,0.5,"[0, 8]",1.0,True,0.01060284,0.00217885,0.00888397,True
3,4,25,T6,0.08128118,-0.06250436,0.09270255,0.5,0.5,"[0, 8]",1.0,True,0.01060284,0.00217885,0.00888397,True
3,4,26,Oz,0.07774673,0.04164528,0.07995184,0.5,0.5,"[0, 8]",1.0,True,0.01060284,0.00217885,0.00888397,True
3,4,27,O1,0.12237274,0.05638921,0.13262679,0.5,0.5,"[0, 8]",1.0,True,0.01060284,0.00217885,0.00888397,True
3,4,28,O2,0.14401034,-0.02333459,0.14676915,0.5,0.5,"[0, 8]",1.0,True,0.01060284,0.00217885,0.00888397,True
3,5,0,Fp1,0.11011215,-0.09509929,0.12223917,0.5,0.5,"[0, 8]",1.0,True,0.01282228,0.0021987,0.01074362,True
3,5,1,Fp2,0.07797635,0.06080863,0.09534416,0.5,0.5,"[0, 8]",1.0,True,0.01282228,0.0021987,0.01074362,True
3,5,2,Fz,0.10319288,-0.09777701,0.11661074,0.5,0.5,"[0, 8]",1.0,True,0.01282228,0.0021987,0.01074362,True
3,5,3,F3,0.08727957,0.02769369,0.09404134,0.5,0.5,"[0, 8]",1.0,True,0.01282228,0.0021987,0.01074362,True
3,5,4,F4,0.09778251,0.01252759,0.10815746,0.5,0.5,"[0, 8]",1.0,True,0.01282228,0.0021987,0.01074362,True
3,5,5,F7,0.08445977,0.08207256,0.09818405,0.5,0.5,"[0, 8]",1.0,True,0.01282228,0.0021987,0.01074362,True
3,5,6,F8,0.0779438,-0.03003152,0.07883009,0.5,0.5,"[0, 8]",1.0,True,0.01282228,0.0021987,0.01074362,True
3,5,7,FCz,0.09955274,0.09955274,0.11473911,0.5,0.5,"[0, 8]",1.0,True,0.01282228,0.0021987,0.01074362,True
3,5,8,FC3,0.03220841,0.00724167,0.03835215,0.5,0.5,"[0, 8]",1.0,True,0.01282228,0.0021987,0.01074362,True
3,5,9,FC4,0.05792416,-0.05792416,0.07623141,0.5,0.5,"[0, 8]",1.0,True,0.01282228,0.0021987,0.01074362,True
3,5,10,FT7,0.09079856,-0.05757242,0.10394591,0.5,0.5,"[0, 8]",1.0,True,0.01282228,0.0021987,0.01074362,True
3,5,11,FT8,0.07985611,-0.00267797,0.09730062,0.5,0.5,"[0, 8]",1.0,True,0.01282228,0.0021987,0.01074362,True
3,5,12,Cz,0.07773498,0.07595374,0.09354029,0.5,0.5,"[0, 8]",1.0,True,0.01282228,0.0021987,0.01074362,True
3,5,13,C3,0.11610427,0.0735162,0.11833983,0.5,0.5,"[0, 8]",1.0,True,0.01282228,0.0021987,0.01074362,True
3,5,14,C4,0.08559228,-0.07473689,0.09604435,0.5,0.5,"[0, 8]",1.0,True,0.01282228,0.0021987,0.01074362,True
3,5,15,T3,0.1281741,0.1281741,0.13340293,0.5,0.5,"[0, 8]",1.0,True,0.01282228,0.0021987,0.01074362,True
3,5,16,T4,0.12205217,0.01466588,0.13471626,0.5,0.5,"[0, 8]",1.0,True,0.01282228,0.0021987,0.01074362,True
3,5,17,CP3,0.12107216,0.03311672,0.13962126,0.5,0.5,"[0, 8]",1.0,True,0.01282228,0.0021987,0.01074362,True
3,5,18,CP4,0.11121264,0.03452246,0.12819877,0.5,0.5,"[0, 8]",1.0,True,0.01282228,0.0021987,0.01074362,True
3,5,19,TP7,0.08551816,-0.0190467,0.09536489,0.5,0.5,"[0, 8]",1.0,True,0.01282228,0.0021987,0.01074362,True
3,5,20,TP8,0.0886965,-0.05957766,0.10812004,0.5,0.5,"[0, 8]",1.0,True,0.01282228,0.0021987,0.01074362,True
3,5,21,Pz,0.15248837,0.00626047,0.15265919,0.5,0.5,"[0, 8]",1.0,True,0.01282228,0.0021987,0.01074362,True
3,5,22,P3,0.10775167,0.10775167,0.11716943,0.5,0.5,"[0, 8]",1.0,True,0.01282228,0.0021987,0.01074362,True
3,5,23,P4,0.10515022,-0.0924098,0.11663397,0.5,0.5,"[0, 8]",1.0,True,0.01282228,0.0021987,0.01074362,True
3,5,24,T5,0.10501379,0.07306626,0.11396722,0.5,0.5,"[0, 8]",1.0,True,0.01282228,0.0021987,0.01074362,True
3,5,25,T6,0.0815396,-0.06334633,0.09339159,0.5,0.5,"[0, 8]",1.0,True,0.01282228,0.0021987,0.01074362,True
3,5,26,Oz,0.07673551,0.04115867,0.07899719,0.5,0.5,"[0, 8]",1.0,True,0.01282228,0.0021987,0.01074362,True
3,5,27,O1,0.12148149,0.05564592,0.13196479,0.5,0.5,"[0, 8]",1.0,True,0.01282228,0.0021987,0.01074362,True
3,5,28,O2,0.14447488,-0.02394474,0.14737768,0.5,0.5,"[0, 8]",1.0,True,0.01282228,0.0021987,0.01074362,True
4,1,0,Fp1,0.10952263,-0.09522726,0.12206816,0.5,0.5,"[0, 8]",1.0,True,0.01192609,0.00216056,0.00999271,True
4,1,1,Fp2,0.0779743,0.06152772,0.09552819,0.5,0.5,"[0, 8]",1.0,True,0.01192609,0.00216056,0.00999271,True
4,1,2,Fz,0.10284023,-0.09804642,0.11655167,0.5,0.5,"[0, 8]",1.0,True,0.01192609,0.00216056,0.00999271,True
4,1,3,F3,0.08765242,0.02697086,0.09451373,0.5,0.5,"[0, 8]",1.0,True,0.01192609,0.00216056,0.00999271,True
4,1,4,F4,0.09818107,0.01390745,0.10781967,0.5,0.5,"[0, 8]",1.0,True,0.01192609,0.00216056,0.00999271,True
4,1,5,F7,0.08445267,0.08133474,0.09747458,0.5,0.5,"[0, 8]",1.0,True,0.01192609,0.00216056,0.00999271,True
4,1,6,F8,0.0771031,-0.02881381,0.07819016,0.5,0.5,"[0, 8]",1.0,True,0.01192609,0.00216056,0.00999271,True
4,1,7,FCz,0.09913757,0.09913757,0.1146729,0.5,0.5,"[0, 8]",1.0,True,0.01192609,0.00216056,0.00999271,True
4,1,8,FC3,0.02938649,0.00539056,0.03627509,0.5,0.5,"[0, 8]",1.0,True,0.01192609,0.00216056,0.00999271,True
4,1,9,FC4,0.05812031,-0.05812031,0.07569298,0.5,0.5,"[0, 8]",1.0,True,0.01192609,0.00216056,0.00999271,True
4,1,10,FT7,0.09102117,-0.0588029,0.10445947,0.5,0.5,"[0, 8]",1.0,True,0.01192609,0.00216056,0.00999271,True
4,1,11,FT8,0.08033653,-0.00299678,0.0976648,0.5,0.5,"[0, 8]",1.0,True,0.01192609,0.00216056,0.00999271,True
4,1,12,Cz,0.07756903,0.07576644,0.09324741,0.5,0.5,"[0, 8]",1.0,True,0.01192609,0.00216056,0.00999271,True
4,1,13,C3,0.11469826,0.07123061,0.11680698,0.5,0.5,"[0, 8]",1.0,True,0.01192609,0.00216056,0.00999271,True
4,1,14,C4,0.08487418,-0.07477701,0.09540755,0.5,0.5,"[0, 8]",1.0,True,0.01192609,0.00216056,0.00999271,True
4,1,15,T3,0.12633941,0.12633941,0.13141628,0.5,0.5,"[0, 8]",1.0,True,0.01192609,0.00216056,0.00999271,True
4,1,16,T4,0.12211137,0.01338501,0.13421936,0.5,0.5,"[0, 8]",1.0,True,0.01192609,0.00216056,0.00999271,True
4,1,17,CP3,0.12068915,0.03144194,0.13882107,0.5,0.5,"[0, 8]",1.0,True,0.01192609,0.00216056,0.00999271,True
4,1,18,CP4,0.11129326,0.03517398,0.12802696,0.5,0.5,"[0, 8]",1.0,True,0.01192609,0.00216056,0.00999271,True
4,1,19,TP7,0.08507224,-0.01807014,0.09520464,0.5,0.5,"[0, 8]",1.0,True,0.01192609,0.00216056,0.00999271,True
4,1,20,TP8,0.08905531,-0.05888036,0.10802086,0.5,0.5,"[0, 8]",1.0,True,0.01192609,0.00216056,0.00999271,True
4,1,21,Pz,0.15368909,0.00674245,0.15388712,0.5,0.5,"[0, 8]",1.0,True,0.01192609,0.00216056,0.00999271,True
4,1,22,P3,0.10749208,0.10749208,0.11693515,0.5,0.5,"[0, 8]",1.0,True,0.01192609,0.00216056,0.00999271,True
4,1,23,P4,0.10464948,-0.09274229,0.11652157,0.5,0.5,"[0, 8]",1.0,True,0.01192609,0.00216056,0.00999271,True
4,1,24,T5,0.10575671,0.07349059,0.11510856,0.5,0.5,"[0, 8]",1.0,True,0.01192609,0.00216056,0.00999271,True
4,1,25,T6,0.08201163,-0.06254873,0.09316093,0.5,0.5,"[0, 8]",1.0,True,0.01192609,0.00216056,0.00999271,True
4,1,26,Oz,0.07778365,0.0424706,0.07999825,0.5,0.5,"[0, 8]",1.0,True,0.01192609,0.00216056,0.00999271,True
4,1,27,O1,0.12197066,0.05624918,0.13212933,0.5,0.5,"[0, 8]",1.0,True,0.01192609,0.00216056,0.00999271,True
4,1,28,O2,0.144936,-0.02346211,0.14762639,0.5,0.5,"[0, 8]",1.0,True,0.01192609,0.00216056,0.00999271,True
4,2,0,Fp1,0.11040679,-0.09614411,0.12303188,0.5,0.5,"[0, 8]",1.0,True,0.01047976,0.00222569,0.00878084,True
4,2,1,Fp2,0.07730228,0.06108517,0.09505509,0.5,0.5,"[0, 8]",1.0,True,0.01047976,0.00222569,0.00878084,True
4,2,2,Fz,0.10340115,-0.09879278,0.11732191,0.5,0.5,"[0, 8]",1.0,True,0.01047976,0.00222569,0.00878084,True
4,2,3,F3,0.08718258,0.02689248,0.09429957,0.5,0.5,"[0, 8]",1.0,True,0.01047976,0.00222569,0.00878084,True
4,2,4,F4,0.09813062,0.01297938,0.10808142,0.5,0.5,"[0, 8]",1.0,True,0.01047976,0.00222569,0.00878084,True
4,2,5,F7,0.0835909,0.08168557,0.09736355,0.5,0.5,"[0, 8]",1.0,True,0.01047976,0.00222569,0.00878084,True
4,2,6,F8,0.07695431,-0.02833716,0.07808458,0.5,0.5,"[0, 8]",1.0,True,0.01047976,0.00222569,0.00878084,True
4,2,7,FCz,0.09884293,0.09884293,0.11434542,0.5,0.5,"[0, 8]",1.0,True,0.01047976,0.00222569,0.00878084,True
4,2,8,FC3,0.03038964,0.00560271,0.03683274,0.5,0.5,"[0, 8]",1.0,True,0.01047976,0.00222569,0.00878084,True
4,2,9,FC4,0.05812685,-0.05812685,0.07588352,0.5,0.5,"[0, 8]",1.0,True,0.01047976,0.00222569,0.00878084,True
4,2,10,FT7,0.09139696,-0.05857265,0.1048561,0.5,0.5,"[0, 8]",1.0,True,0.01047976,0.00222569,0.00878084,True
4,2,11,FT8,0.07952245,-0.00380383,0.09686895,0.5,0.5,"[0, 8]",1.0,True,0.01047976,0.00222569,0.00878084,True
4,2,12,Cz,0.07693027,0.07536457,0.09232248,0.5,0.5,"[0, 8]",1.0,True,0.01047976,0.00222569,0.00878084,True
4,2,13,C3,0.11480045,0.07196061,0.1170065,0.5,0.5,"[0, 8]",1.0,True,0.01047976,0.00222569,0.00878084,True
4,2,14,C4,0.08586946,-0.07511196,0.09608787,0.5,0.5,"[0, 8]",1.0,True,0.01047976,0.00222569,0.00878084,True
4,2,15,T3,0.12793039,0.12793039,0.13311078,0.5,0.5,"[0, 8]",1.0,True,0.01047976,0.00222569,0.00878084,True
4,2,16,T4,0.12197311,0.01375643,0.13436832,0.5,0.5,"[0, 8]",1.0,True,0.01047976,0.00222569,0.00878084,True
4,2,17,CP3,0.12083023,0.03231847,0.1389654,0.5,0.5,"[0, 8]",1.0,True,0.01047976,0.00222569,0.00878084,True
4,2,18,CP4,0.11067985,0.03468956,0.12712237,0.5,0.5,"[0, 8]",1.0,True,0.01047976,0.00222569,0.00878084,True
4,2,19,TP7,0.08480023,-0.01787696,0.09453695,0.5,0.5,"[0, 8]",1.0,True,0.01047976,0.00222569,0.00878084,True
4,2,20,TP8,0.0887017,-0.05846045,0.10745183,0.5,0.5,"[0, 8]",1.0,True,0.01047976,0.00222569,0.00878084,True
4,2,21,Pz,0.1536884,0.00736687,0.15391216,0.5,0.5,"[0, 8]",1.0,True,0.01047976,0.00222569,0.00878084,True
4,2,22,P3,0.10789969,0.10789969,0.11696362,0.5,0.5,"[0, 8]",1.0,True,0.01047976,0.00222569,0.00878084,True
4,2,23,P4,0.10500453,-0.09295553,0.11695375,0.5,0.5,"[0, 8]",1.0,True,0.01047976,0.00222569,0.00878084,True
4,2,24,T5,0.10508956,0.07357594,0.11457545,0.5,0.5,"[0, 8]",1.0,True,0.01047976,0.00222569,0.00878084,True
4,2,25,T6,0.08152208,-0.06178604,0.09281293,0.5,0.5,"[0, 8]",1.0,True,0.01047976,0.00222569,0.00878084,True
4,2,26,Oz,0.07739674,0.04263071,0.0796714,0.5,0.5,"[0, 8]",1.0,True,0.01047976,0.00222569,0.00878084,True
4,2,27,O1,0.12211767,0.05626193,0.13263416,0.5,0.5,"[0, 8]",1.0,True,0.01047976,0.00222569,0.00878084,True
4,2,28,O2,0.14451027,-0.02332745,0.14726721,0.5,0.5,"[0, 8]",1.0,True,0.01047976,0.00222569,0.00878084,True
4,3,0,Fp1,0.05467895,-0.04026717,0.0673131,0.625,0.625,"[5, 3]",0.625,False,1.25544399,0.36654156,1.05191945,True
4,3,1,Fp2,0.05714043,0.05714043,0.06973349,0.625,0.625,"[5, 3]",0.625,False,1.25544399,0.36654156,1.05191945,True
4,3,2,Fz,0.09639382,0.01217597,0.1148075,0.625,0.625,"[5, 3]",0.625,False,1.25544399,0.36654156,1.05191945,True
4,3,3,F3,0.09745686,-0.0667994,0.12970342,0.625,0.625,"[5, 3]",0.625,False,1.25544399,0.36654156,1.05191945,True
4,3,4,F4,0.03415804,0.03415804,0.03910486,0.625,0.625,"[5, 3]",0.625,False,1.25544399,0.36654156,1.05191945,True
4,3,5,F7,0.06146402,0.05509531,0.09215997,0.625,0.625,"[5, 3]",0.625,False,1.25544399,0.36654156,1.05191945,True
4,3,6,F8,0.07465526,0.07283721,0.09701271,0.625,0.625,"[5, 3]",0.625,False,1.25544399,0.36654156,1.05191945,True
4,3,7,FCz,0.05244786,-0.0097841,0.06070833,0.625,0.625,"[5, 3]",0.625,False,1.25544399,0.36654156,1.05191945,True
4,3,8,FC3,0.04564152,0.04564152,0.05779499,0.625,0.625,"[5, 3]",0.625,False,1.25544399,0.36654156,1.05191945,True
4,3,9,FC4,0.08229891,-0.04576777,0.08945039,0.625,0.625,"[5, 3]",0.625,False,1.25544399,0.36654156,1.05191945,True
4,3,10,FT7,0.06184465,-0.01558421,0.06445527,0.625,0.625,"[5, 3]",0.625,False,1.25544399,0.36654156,1.05191945,True
4,3,11,FT8,0.05450648,0.01406891,0.06982098,0.625,0.625,"[5, 3]",0.625,False,1.25544399,0.36654156,1.05191945,True
4,3,12,Cz,0.0796961,0.0796961,0.10861768,0.625,0.625,"[5, 3]",0.625,False,1.25544399,0.36654156,1.05191945,True
4,3,13,C3,0.21647924,-0.07539467,0.22202697,0.625,0.625,"[5, 3]",0.625,False,1.25544399,0.36654156,1.05191945,True
4,3,14,C4,0.12592372,0.00993875,0.14443459,0.625,0.625,"[5, 3]",0.625,False,1.25544399,0.36654156,1.05191945,True
4,3,15,T3,0.08014954,0.06971947,0.09338547,0.625,0.625,"[5, 3]",0.625,False,1.25544399,0.36654156,1.05191945,True
4,3,16,T4,0.01312069,0.00960382,0.01637276,0.625,0.625,"[5, 3]",0.625,False,1.25544399,0.36654156,1.05191945,True
4,3,17,CP3,0.18078683,0.05035104,0.21337441,0.625,0.625,"[5, 3]",0.625,False,1.25544399,0.36654156,1.05191945,True
4,3,18,CP4,0.07798409,-0.04240929,0.08933821,0.625,0.625,"[5, 3]",0.625,False,1.25544399,0.36654156,1.05191945,True
4,3,19,TP7,0.09618705,-0.05533697,0.12551831,0.625,0.625,"[5, 3]",0.625,False,1.25544399,0.36654156,1.05191945,True
4,3,20,TP8,0.07523733,0.03366648,0.11268236,0.625,0.625,"[5, 3]",0.625,False,1.25544399,0.36654156,1.05191945,True
4,3,21,Pz,0.16630422,-0.04304836,0.17885537,0.625,0.625,"[5, 3]",0.625,False,1.25544399,0.36654156,1.05191945,True
4,3,22,P3,0.13885015,0.13885015,0.14825636,0.625,0.625,"[5, 3]",0.625,False,1.25544399,0.36654156,1.05191945,True
4,3,23,P4,0.0532811,-0.02614268,0.06394389,0.625,0.625,"[5, 3]",0.625,False,1.25544399,0.36654156,1.05191945,True
4,3,24,T5,0.05607456,0.02925473,0.0590861,0.625,0.625,"[5, 3]",0.625,False,1.25544399,0.36654156,1.05191945,True
4,3,25,T6,0.12635443,-0.06878632,0.1636243,0.625,0.625,"[5, 3]",0.625,False,1.25544399,0.36654156,1.05191945,True
4,3,26,Oz,0.16018525,0.16018525,0.1724693,0.625,0.625,"[5, 3]",0.625,False,1.25544399,0.36654156,1.05191945,True
4,3,27,O1,0.07407548,-0.06818022,0.08580448,0.625,0.625,"[5, 3]",0.625,False,1.25544399,0.36654156,1.05191945,True
4,3,28,O2,0.0793444,-0.0534543,0.13418509,0.625,0.625,"[5, 3]",0.625,False,1.25544399,0.36654156,1.05191945,True
4,4,0,Fp1,0.05795047,-0.03456353,0.06728332,0.875,0.875,"[3, 5]",0.625,False,0.93171901,0.29709455,0.78067469,True
4,4,1,Fp2,0.03600831,0.03191997,0.05095917,0.875,0.875,"[3, 5]",0.625,False,0.93171901,0.29709455,0.78067469,True
4,4,2,Fz,0.06196035,-0.06196035,0.06763095,0.875,0.875,"[3, 5]",0.625,False,0.93171901,0.29709455,0.78067469,True
4,4,3,F3,0.05912253,-0.03378339,0.0609903,0.875,0.875,"[3, 5]",0.625,False,0.93171901,0.29709455,0.78067469,True
4,4,4,F4,0.09925733,0.01642199,0.10942711,0.875,0.875,"[3, 5]",0.625,False,0.93171901,0.29709455,0.78067469,True
4,4,5,F7,0.08823505,0.06086986,0.09769934,0.875,0.875,"[3, 5]",0.625,False,0.93171901,0.29709455,0.78067469,True
4,4,6,F8,0.07259043,0.05774787,0.08100808,0.875,0.875,"[3, 5]",0.625,False,0.93171901,0.29709455,0.78067469,True
4,4,7,FCz,0.07235251,0.0343265,0.08408018,0.875,0.875,"[3, 5]",0.625,False,0.93171901,0.29709455,0.78067469,True
4,4,8,FC3,0.04827647,0.02571807,0.05632677,0.875,0.875,"[3, 5]",0.625,False,0.93171901,0.29709455,0.78067469,True
4,4,9,FC4,0.09639602,-0.09041601,0.12913139,0.875,0.875,"[3, 5]",0.625,False,0.93171901,0.29709455,0.78067469,True
4,4,10,FT7,0.04513601,-0.0184325,0.05090054,0.875,0.875,"[3, 5]",0.625,False,0.93171901,0.29709455,0.78067469,True
4,4,11,FT8,0.07995799,0.01651594,0.10549346,0.875,0.875,"[3, 5]",0.625,False,0.93171901,0.29709455,0.78067469,True
4,4,12,Cz,0.06539962,0.06269228,0.08610571,0.875,0.875,"[3, 5]",0.625,False,0.93171901,0.29709455,0.78067469,True
4,4,13,C3,0.14227347,0.06919607,0.18171088,0.875,0.875,"[3, 5]",0.625,False,0.93171901,0.29709455,0.78067469,True
4,4,14,C4,0.09780106,-0.03710165,0.10852368,0.875,0.875,"[3, 5]",0.625,False,0.93171901,0.29709455,0.78067469,True
4,4,15,T3,0.1047937,0.10210991,0.13374403,0.875,0.875,"[3, 5]",0.625,False,0.93171901,0.29709455,0.78067469,True
4,4,16,T4,0.12197094,0.00899409,0.14683755,0.875,0.875,"[3, 5]",0.625,False,0.93171901,0.29709455,0.78067469,True
4,4,17,CP3,0.09533352,0.00032995,0.11350651,0.875,0.875,"[3, 5]",0.625,False,0.93171901,0.29709455,0.78067469,True
4,4,18,CP4,0.12860365,0.00350408,0.13415532,0.875,0.875,"[3, 5]",0.625,False,0.93171901,0.29709455,0.78067469,True
4,4,19,TP7,0.06269222,0.01737574,0.07461072,0.875,0.875,"[3, 5]",0.625,False,0.93171901,0.29709455,0.78067469,True
4,4,20,TP8,0.21058959,-0.16139588,0.25732142,0.875,0.875,"[3, 5]",0.625,False,0.93171901,0.29709455,0.78067469,True
4,4,21,Pz,0.10502364,-0.00295736,0.11598063,0.875,0.875,"[3, 5]",0.625,False,0.93171901,0.29709455,0.78067469,True
4,4,22,P3,0.13642278,0.12659964,0.15344974,0.875,0.875,"[3, 5]",0.625,False,0.93171901,0.29709455,0.78067469,True
4,4,23,P4,0.06070906,-0.06052062,0.10102579,0.875,0.875,"[3, 5]",0.625,False,0.93171901,0.29709455,0.78067469,True
4,4,24,T5,0.04410566,-0.01149639,0.06126149,0.875,0.875,"[3, 5]",0.625,False,0.93171901,0.29709455,0.78067469,True
4,4,25,T6,0.12330218,0.00160344,0.14983423,0.875,0.875,"[3, 5]",0.625,False,0.93171901,0.29709455,0.78067469,True
4,4,26,Oz,0.14289784,0.14289784,0.16381179,0.875,0.875,"[3, 5]",0.625,False,0.93171901,0.29709455,0.78067469,True
4,4,27,O1,0.1101142,-0.03965655,0.11735285,0.875,0.875,"[3, 5]",0.625,False,0.93171901,0.29709455,0.78067469,True
4,4,28,O2,0.15758887,-0.0452119,0.16871479,0.875,0.875,"[3, 5]",0.625,False,0.93171901,0.29709455,0.78067469,True
4,5,0,Fp1,0.11028358,-0.09630767,0.1231349,0.5,0.5,"[0, 8]",1.0,True,0.01093036,0.00221271,0.0091584,True
4,5,1,Fp2,0.0776111,0.06089301,0.09542847,0.5,0.5,"[0, 8]",1.0,True,0.01093036,0.00221271,0.0091584,True
4,5,2,Fz,0.10359782,-0.09835184,0.11714332,0.5,0.5,"[0, 8]",1.0,True,0.01093036,0.00221271,0.0091584,True
4,5,3,F3,0.08752266,0.02719978,0.09437972,0.5,0.5,"[0, 8]",1.0,True,0.01093036,0.00221271,0.0091584,True
4,5,4,F4,0.09789594,0.01359887,0.10756834,0.5,0.5,"[0, 8]",1.0,True,0.01093036,0.00221271,0.0091584,True
4,5,5,F7,0.08344418,0.08126277,0.09692319,0.5,0.5,"[0, 8]",1.0,True,0.01093036,0.00221271,0.0091584,True
4,5,6,F8,0.07757004,-0.02962738,0.07847929,0.5,0.5,"[0, 8]",1.0,True,0.01093036,0.00221271,0.0091584,True
4,5,7,FCz,0.09967839,0.09967839,0.11447375,0.5,0.5,"[0, 8]",1.0,True,0.01093036,0.00221271,0.0091584,True
4,5,8,FC3,0.03043462,0.00618555,0.0370025,0.5,0.5,"[0, 8]",1.0,True,0.01093036,0.00221271,0.0091584,True
4,5,9,FC4,0.05791041,-0.05791041,0.07556271,0.5,0.5,"[0, 8]",1.0,True,0.01093036,0.00221271,0.0091584,True
4,5,10,FT7,0.09031218,-0.05873811,0.10377979,0.5,0.5,"[0, 8]",1.0,True,0.01093036,0.00221271,0.0091584,True
4,5,11,FT8,0.08047226,-0.00365728,0.09753436,0.5,0.5,"[0, 8]",1.0,True,0.01093036,0.00221271,0.0091584,True
4,5,12,Cz,0.07737682,0.07663631,0.09336924,0.5,0.5,"[0, 8]",1.0,True,0.01093036,0.00221271,0.0091584,True
4,5,13,C3,0.11471277,0.07231577,0.11698268,0.5,0.5,"[0, 8]",1.0,True,0.01093036,0.00221271,0.0091584,True
4,5,14,C4,0.08558477,-0.0742546,0.09551764,0.5,0.5,"[0, 8]",1.0,True,0.01093036,0.00221271,0.0091584,True
4,5,15,T3,0.1263497,0.1263497,0.13158643,0.5,0.5,"[0, 8]",1.0,True,0.01093036,0.00221271,0.0091584,True
4,5,16,T4,0.12104975,0.0132846,0.1334763,0.5,0.5,"[0, 8]",1.0,True,0.01093036,0.00221271,0.0091584,True
4,5,17,CP3,0.12112661,0.03220944,0.1394773,0.5,0.5,"[0, 8]",1.0,True,0.01093036,0.00221271,0.0091584,True
4,5,18,CP4,0.11117491,0.03557629,0.12757531,0.5,0.5,"[0, 8]",1.0,True,0.01093036,0.00221271,0.0091584,True
4,5,19,TP7,0.08557037,-0.0178973,0.09542531,0.5,0.5,"[0, 8]",1.0,True,0.01093036,0.00221271,0.0091584,True
4,5,20,TP8,0.08878431,-0.05847498,0.10748494,0.5,0.5,"[0, 8]",1.0,True,0.01093036,0.00221271,0.0091584,True
4,5,21,Pz,0.15400705,0.00724684,0.15422596,0.5,0.5,"[0, 8]",1.0,True,0.01093036,0.00221271,0.0091584,True
4,5,22,P3,0.10738368,0.10738368,0.11694878,0.5,0.5,"[0, 8]",1.0,True,0.01093036,0.00221271,0.0091584,True
4,5,23,P4,0.10539794,-0.09272189,0.11700384,0.5,0.5,"[0, 8]",1.0,True,0.01093036,0.00221271,0.0091584,True
4,5,24,T5,0.10536064,0.07318227,0.11450629,0.5,0.5,"[0, 8]",1.0,True,0.01093036,0.00221271,0.0091584,True
4,5,25,T6,0.08154971,-0.06204543,0.09255023,0.5,0.5,"[0, 8]",1.0,True,0.01093036,0.00221271,0.0091584,True
4,5,26,Oz,0.0774907,0.04234932,0.07996564,0.5,0.5,"[0, 8]",1.0,True,0.01093036,0.00221271,0.0091584,True
4,5,27,O1,0.12138858,0.05595546,0.13184209,0.5,0.5,"[0, 8]",1.0,True,0.01093036,0.00221271,0.0091584,True
4,5,28,O2,0.14425528,-0.02316204,0.14686562,0.5,0.5,"[0, 8]",1.0,True,0.01093036,0.00221271,0.0091584,True
5,1,0,Fp1,0.10927219,-0.09521818,0.12189413,0.5,0.5,"[0, 8]",1.0,True,0.01285643,0.00229374,0.01077222,True
5,1,1,Fp2,0.07696396,0.06149324,0.0949551,0.5,0.5,"[0, 8]",1.0,True,0.01285643,0.00229374,0.01077222,True
5,1,2,Fz,0.10341629,-0.0985218,0.11720163,0.5,0.5,"[0, 8]",1.0,True,0.01285643,0.00229374,0.01077222,True
5,1,3,F3,0.08806207,0.02696257,0.09510165,0.5,0.5,"[0, 8]",1.0,True,0.01285643,0.00229374,0.01077222,True
5,1,4,F4,0.09675328,0.01214678,0.10700859,0.5,0.5,"[0, 8]",1.0,True,0.01285643,0.00229374,0.01077222,True
5,1,5,F7,0.08312792,0.08155904,0.0968828,0.5,0.5,"[0, 8]",1.0,True,0.01285643,0.00229374,0.01077222,True
5,1,6,F8,0.0783834,-0.03042788,0.07928938,0.5,0.5,"[0, 8]",1.0,True,0.01285643,0.00229374,0.01077222,True
5,1,7,FCz,0.09858934,0.09858934,0.11386433,0.5,0.5,"[0, 8]",1.0,True,0.01285643,0.00229374,0.01077222,True
5,1,8,FC3,0.02970536,0.00534331,0.03644174,0.5,0.5,"[0, 8]",1.0,True,0.01285643,0.00229374,0.01077222,True
5,1,9,FC4,0.0576789,-0.0576789,0.0760898,0.5,0.5,"[0, 8]",1.0,True,0.01285643,0.00229374,0.01077222,True
5,1,10,FT7,0.09094256,-0.05877562,0.10442975,0.5,0.5,"[0, 8]",1.0,True,0.01285643,0.00229374,0.01077222,True
5,1,11,FT8,0.08026253,-0.00255404,0.09723903,0.5,0.5,"[0, 8]",1.0,True,0.01285643,0.00229374,0.01077222,True
5,1,12,Cz,0.07690305,0.07596156,0.0928609,0.5,0.5,"[0, 8]",1.0,True,0.01285643,0.00229374,0.01077222,True
5,1,13,C3,0.11553837,0.07339089,0.11787014,0.5,0.5,"[0, 8]",1.0,True,0.01285643,0.00229374,0.01077222,True
5,1,14,C4,0.08622327,-0.07548293,0.09644888,0.5,0.5,"[0, 8]",1.0,True,0.01285643,0.00229374,0.01077222,True
5,1,15,T3,0.12688644,0.12688644,0.13216574,0.5,0.5,"[0, 8]",1.0,True,0.01285643,0.00229374,0.01077222,True
5,1,16,T4,0.12214486,0.01354627,0.1348663,0.5,0.5,"[0, 8]",1.0,True,0.01285643,0.00229374,0.01077222,True
5,1,17,CP3,0.12150303,0.03418717,0.13988481,0.5,0.5,"[0, 8]",1.0,True,0.01285643,0.00229374,0.01077222,True
5,1,18,CP4,0.10953033,0.03400199,0.12623726,0.5,0.5,"[0, 8]",1.0,True,0.01285643,0.00229374,0.01077222,True
5,1,19,TP7,0.08463468,-0.01839498,0.09498649,0.5,0.5,"[0, 8]",1.0,True,0.01285643,0.00229374,0.01077222,True
5,1,20,TP8,0.08902343,-0.05843022,0.10767843,0.5,0.5,"[0, 8]",1.0,True,0.01285643,0.00229374,0.01077222,True
5,1,21,Pz,0.15313748,0.00575424,0.15327354,0.5,0.5,"[0, 8]",1.0,True,0.01285643,0.00229374,0.01077222,True
5,1,22,P3,0.1078362,0.1078362,0.11708606,0.5,0.5,"[0, 8]",1.0,True,0.01285643,0.00229374,0.01077222,True
5,1,23,P4,0.10489727,-0.09195229,0.11645055,0.5,0.5,"[0, 8]",1.0,True,0.01285643,0.00229374,0.01077222,True
5,1,24,T5,0.10505961,0.07318761,0.1148095,0.5,0.5,"[0, 8]",1.0,True,0.01285643,0.00229374,0.01077222,True
5,1,25,T6,0.08068114,-0.06198633,0.09199972,0.5,0.5,"[0, 8]",1.0,True,0.01285643,0.00229374,0.01077222,True
5,1,26,Oz,0.07835776,0.04262663,0.08053964,0.5,0.5,"[0, 8]",1.0,True,0.01285643,0.00229374,0.01077222,True
5,1,27,O1,0.12140352,0.05579083,0.13206735,0.5,0.5,"[0, 8]",1.0,True,0.01285643,0.00229374,0.01077222,True
5,1,28,O2,0.1447449,-0.02323052,0.14733666,0.5,0.5,"[0, 8]",1.0,True,0.01285643,0.00229374,0.01077222,True
5,2,0,Fp1,0.10849684,-0.0955545,0.12149255,0.5,0.5,"[0, 8]",1.0,True,0.0124121,0.0021749,0.01039993,True
5,2,1,Fp2,0.07794084,0.06087185,0.09576464,0.5,0.5,"[0, 8]",1.0,True,0.0124121,0.0021749,0.01039993,True
5,2,2,Fz,0.10400167,-0.09877366,0.11771975,0.5,0.5,"[0, 8]",1.0,True,0.0124121,0.0021749,0.01039993,True
5,2,3,F3,0.08770908,0.0273172,0.09490903,0.5,0.5,"[0, 8]",1.0,True,0.0124121,0.0021749,0.01039993,True
5,2,4,F4,0.09609358,0.01169311,0.10653114,0.5,0.5,"[0, 8]",1.0,True,0.0124121,0.0021749,0.01039993,True
5,2,5,F7,0.08269121,0.08089511,0.09635386,0.5,0.5,"[0, 8]",1.0,True,0.0124121,0.0021749,0.01039993,True
5,2,6,F8,0.07813554,-0.02946653,0.07923,0.5,0.5,"[0, 8]",1.0,True,0.0124121,0.0021749,0.01039993,True
5,2,7,FCz,0.09784477,0.09784477,0.11336392,0.5,0.5,"[0, 8]",1.0,True,0.0124121,0.0021749,0.01039993,True
5,2,8,FC3,0.0310157,0.0065388,0.03755754,0.5,0.5,"[0, 8]",1.0,True,0.0124121,0.0021749,0.01039993,True
5,2,9,FC4,0.05816314,-0.05816314,0.07687172,0.5,0.5,"[0, 8]",1.0,True,0.0124121,0.0021749,0.01039993,True
5,2,10,FT7,0.09128928,-0.05924068,0.10465393,0.5,0.5,"[0, 8]",1.0,True,0.0124121,0.0021749,0.01039993,True
5,2,11,FT8,0.07931563,-0.00335501,0.09649892,0.5,0.5,"[0, 8]",1.0,True,0.0124121,0.0021749,0.01039993,True
5,2,12,Cz,0.07791138,0.07602407,0.09325673,0.5,0.5,"[0, 8]",1.0,True,0.0124121,0.0021749,0.01039993,True
5,2,13,C3,0.11548589,0.07323726,0.11776344,0.5,0.5,"[0, 8]",1.0,True,0.0124121,0.0021749,0.01039993,True
5,2,14,C4,0.08596763,-0.07565182,0.09678908,0.5,0.5,"[0, 8]",1.0,True,0.0124121,0.0021749,0.01039993,True
5,2,15,T3,0.12693885,0.12693885,0.13230434,0.5,0.5,"[0, 8]",1.0,True,0.0124121,0.0021749,0.01039993,True
5,2,16,T4,0.12249318,0.01372081,0.13473813,0.5,0.5,"[0, 8]",1.0,True,0.0124121,0.0021749,0.01039993,True
5,2,17,CP3,0.12107278,0.03374794,0.13998066,0.5,0.5,"[0, 8]",1.0,True,0.0124121,0.0021749,0.01039993,True
5,2,18,CP4,0.11048906,0.03474291,0.12709485,0.5,0.5,"[0, 8]",1.0,True,0.0124121,0.0021749,0.01039993,True
5,2,19,TP7,0.08461222,-0.01830923,0.09457756,0.5,0.5,"[0, 8]",1.0,True,0.0124121,0.0021749,0.01039993,True
5,2,20,TP8,0.08987994,-0.05870488,0.10855819,0.5,0.5,"[0, 8]",1.0,True,0.0124121,0.0021749,0.01039993,True
5,2,21,Pz,0.1534639,0.00627666,0.15362307,0.5,0.5,"[0, 8]",1.0,True,0.0124121,0.0021749,0.01039993,True
5,2,22,P3,0.10777602,0.10777602,0.11714017,0.5,0.5,"[0, 8]",1.0,True,0.0124121,0.0021749,0.01039993,True
5,2,23,P4,0.105407,-0.09277058,0.11703537,0.5,0.5,"[0, 8]",1.0,True,0.0124121,0.0021749,0.01039993,True
5,2,24,T5,0.10401288,0.07328853,0.11383568,0.5,0.5,"[0, 8]",1.0,True,0.0124121,0.0021749,0.01039993,True
5,2,25,T6,0.08125947,-0.06145674,0.09207295,0.5,0.5,"[0, 8]",1.0,True,0.0124121,0.0021749,0.01039993,True
5,2,26,Oz,0.07829256,0.04256131,0.08053818,0.5,0.5,"[0, 8]",1.0,True,0.0124121,0.0021749,0.01039993,True
5,2,27,O1,0.1225419,0.05618468,0.13293862,0.5,0.5,"[0, 8]",1.0,True,0.0124121,0.0021749,0.01039993,True
5,2,28,O2,0.14468721,-0.02300692,0.14721441,0.5,0.5,"[0, 8]",1.0,True,0.0124121,0.0021749,0.01039993,True
5,3,0,Fp1,0.09834941,-0.05956923,0.10061393,0.5,0.5,"[4, 4]",0.5,False,1.19982084,0.2641252,1.00531357,True
5,3,1,Fp2,0.04449758,0.04099179,0.0630502,0.5,0.5,"[4, 4]",0.5,False,1.19982084,0.2641252,1.00531357,True
5,3,2,Fz,0.12515497,-0.12515497,0.16979924,0.5,0.5,"[4, 4]",0.5,False,1.19982084,0.2641252,1.00531357,True
5,3,3,F3,0.04787416,-0.00450794,0.04914315,0.5,0.5,"[4, 4]",0.5,False,1.19982084,0.2641252,1.00531357,True
5,3,4,F4,0.06153538,0.06153538,0.0773198,0.5,0.5,"[4, 4]",0.5,False,1.19982084,0.2641252,1.00531357,True
5,3,5,F7,0.06968303,-0.04898521,0.10043576,0.5,0.5,"[4, 4]",0.5,False,1.19982084,0.2641252,1.00531357,True
5,3,6,F8,0.09897472,-0.06478927,0.12218056,0.5,0.5,"[4, 4]",0.5,False,1.19982084,0.2641252,1.00531357,True
5,3,7,FCz,0.11560363,0.07953764,0.14110492,0.5,0.5,"[4, 4]",0.5,False,1.19982084,0.2641252,1.00531357,True
5,3,8,FC3,0.05679632,0.02834719,0.06116183,0.5,0.5,"[4, 4]",0.5,False,1.19982084,0.2641252,1.00531357,True
5,3,9,FC4,0.12258738,0.04217038,0.13107207,0.5,0.5,"[4, 4]",0.5,False,1.19982084,0.2641252,1.00531357,True
5,3,10,FT7,0.09064639,-0.05763208,0.10144307,0.5,0.5,"[4, 4]",0.5,False,1.19982084,0.2641252,1.00531357,True
5,3,11,FT8,0.05803396,0.0143474,0.07869072,0.5,0.5,"[4, 4]",0.5,False,1.19982084,0.2641252,1.00531357,True
5,3,12,Cz,0.10123141,0.06488591,0.11318229,0.5,0.5,"[4, 4]",0.5,False,1.19982084,0.2641252,1.00531357,True
5,3,13,C3,0.0464294,-0.0464294,0.0676844,0.5,0.5,"[4, 4]",0.5,False,1.19982084,0.2641252,1.00531357,True
5,3,14,C4,0.10170829,-0.07708333,0.12689418,0.5,0.5,"[4, 4]",0.5,False,1.19982084,0.2641252,1.00531357,True
5,3,15,T3,0.06945992,0.0454671,0.08466271,0.5,0.5,"[4, 4]",0.5,False,1.19982084,0.2641252,1.00531357,True
5,3,16,T4,0.10190083,0.01248033,0.10385597,0.5,0.5,"[4, 4]",0.5,False,1.19982084,0.2641252,1.00531357,True
5,3,17,CP3,0.1197693,0.1197693,0.12449505,0.5,0.5,"[4, 4]",0.5,False,1.19982084,0.2641252,1.00531357,True
5,3,18,CP4,0.19228745,0.19228745,0.21261416,0.5,0.5,"[4, 4]",0.5,False,1.19982084,0.2641252,1.00531357,True
5,3,19,TP7,0.10679591,-0.01831853,0.11226955,0.5,0.5,"[4, 4]",0.5,False,1.19982084,0.2641252,1.00531357,True
5,3,20,TP8,0.15716201,-0.0787188,0.15777087,0.5,0.5,"[4, 4]",0.5,False,1.19982084,0.2641252,1.00531357,True
5,3,21,Pz,0.07126455,0.07126455,0.10126731,0.5,0.5,"[4, 4]",0.5,False,1.19982084,0.2641252,1.00531357,True
5,3,22,P3,0.05377627,-0.04423387,0.0580165,0.5,0.5,"[4, 4]",0.5,False,1.19982084,0.2641252,1.00531357,True
5,3,23,P4,0.08924331,-0.00098073,0.09794733,0.5,0.5,"[4, 4]",0.5,False,1.19982084,0.2641252,1.00531357,True
5,3,24,T5,0.10814983,0.08455548,0.14528081,0.5,0.5,"[4, 4]",0.5,False,1.19982084,0.2641252,1.00531357,True
5,3,25,T6,0.11563165,0.01001512,0.13367021,0.5,0.5,"[4, 4]",0.5,False,1.19982084,0.2641252,1.00531357,True
5,3,26,Oz,0.05266187,3.415e-05,0.0598365,0.5,0.5,"[4, 4]",0.5,False,1.19982084,0.2641252,1.00531357,True
5,3,27,O1,0.05710813,0.01072429,0.07215266,0.5,0.5,"[4, 4]",0.5,False,1.19982084,0.2641252,1.00531357,True
5,3,28,O2,0.09016551,-0.06860275,0.1010502,0.5,0.5,"[4, 4]",0.5,False,1.19982084,0.2641252,1.00531357,True
5,4,0,Fp1,0.10494256,-0.09404852,0.11826694,0.625,0.625,"[1, 7]",0.875,False,0.05831565,0.01118129,0.04886189,True
5,4,1,Fp2,0.0743919,0.05807086,0.09456698,0.625,0.625,"[1, 7]",0.875,False,0.05831565,0.01118129,0.04886189,True
5,4,2,Fz,0.1022379,-0.10165751,0.11819096,0.625,0.625,"[1, 7]",0.875,False,0.05831565,0.01118129,0.04886189,True
5,4,3,F3,0.086586,0.02368933,0.0943829,0.625,0.625,"[1, 7]",0.875,False,0.05831565,0.01118129,0.04886189,True
5,4,4,F4,0.09740771,0.01125158,0.10759741,0.625,0.625,"[1, 7]",0.875,False,0.05831565,0.01118129,0.04886189,True
5,4,5,F7,0.08077349,0.08057305,0.09456775,0.625,0.625,"[1, 7]",0.875,False,0.05831565,0.01118129,0.04886189,True
5,4,6,F8,0.08015922,-0.02856132,0.08186638,0.625,0.625,"[1, 7]",0.875,False,0.05831565,0.01118129,0.04886189,True
5,4,7,FCz,0.09453365,0.09453365,0.11085042,0.625,0.625,"[1, 7]",0.875,False,0.05831565,0.01118129,0.04886189,True
5,4,8,FC3,0.03078802,0.00677454,0.03617168,0.625,0.625,"[1, 7]",0.875,False,0.05831565,0.01118129,0.04886189,True
5,4,9,FC4,0.0587258,-0.0587258,0.08027548,0.625,0.625,"[1, 7]",0.875,False,0.05831565,0.01118129,0.04886189,True
5,4,10,FT7,0.09462282,-0.0608232,0.10775774,0.625,0.625,"[1, 7]",0.875,False,0.05831565,0.01118129,0.04886189,True
5,4,11,FT8,0.07649822,0.00051166,0.0934813,0.625,0.625,"[1, 7]",0.875,False,0.05831565,0.01118129,0.04886189,True
5,4,12,Cz,0.07685362,0.07343611,0.09103958,0.625,0.625,"[1, 7]",0.875,False,0.05831565,0.01118129,0.04886189,True
5,4,13,C3,0.11510425,0.07413818,0.11765442,0.625,0.625,"[1, 7]",0.875,False,0.05831565,0.01118129,0.04886189,True
5,4,14,C4,0.0865427,-0.07744065,0.09852536,0.625,0.625,"[1, 7]",0.875,False,0.05831565,0.01118129,0.04886189,True
5,4,15,T3,0.1274268,0.1274268,0.1334305,0.625,0.625,"[1, 7]",0.875,False,0.05831565,0.01118129,0.04886189,True
5,4,16,T4,0.12552601,0.01570766,0.13701929,0.625,0.625,"[1, 7]",0.875,False,0.05831565,0.01118129,0.04886189,True
5,4,17,CP3,0.11951327,0.0301683,0.13583878,0.625,0.625,"[1, 7]",0.875,False,0.05831565,0.01118129,0.04886189,True
5,4,18,CP4,0.11086427,0.03572875,0.12816294,0.625,0.625,"[1, 7]",0.875,False,0.05831565,0.01118129,0.04886189,True
5,4,19,TP7,0.08401111,-0.01916387,0.09645307,0.625,0.625,"[1, 7]",0.875,False,0.05831565,0.01118129,0.04886189,True
5,4,20,TP8,0.08780465,-0.0572349,0.10564028,0.625,0.625,"[1, 7]",0.875,False,0.05831565,0.01118129,0.04886189,True
5,4,21,Pz,0.15017572,0.00487698,0.15029551,0.625,0.625,"[1, 7]",0.875,False,0.05831565,0.01118129,0.04886189,True
5,4,22,P3,0.10549477,0.10549477,0.11572987,0.625,0.625,"[1, 7]",0.875,False,0.05831565,0.01118129,0.04886189,True
5,4,23,P4,0.10531559,-0.08792684,0.11453981,0.625,0.625,"[1, 7]",0.875,False,0.05831565,0.01118129,0.04886189,True
5,4,24,T5,0.10299009,0.07114909,0.11351008,0.625,0.625,"[1, 7]",0.875,False,0.05831565,0.01118129,0.04886189,True
5,4,25,T6,0.08107292,-0.05788231,0.09219791,0.625,0.625,"[1, 7]",0.875,False,0.05831565,0.01118129,0.04886189,True
5,4,26,Oz,0.07989456,0.04779977,0.0822539,0.625,0.625,"[1, 7]",0.875,False,0.05831565,0.01118129,0.04886189,True
5,4,27,O1,0.12383907,0.05371117,0.13454539,0.625,0.625,"[1, 7]",0.875,False,0.05831565,0.01118129,0.04886189,True
5,4,28,O2,0.14973876,-0.02267326,0.15234452,0.625,0.625,"[1, 7]",0.875,False,0.05831565,0.01118129,0.04886189,True
5,5,0,Fp1,0.13638386,-0.05929589,0.13952503,0.375,0.375,"[3, 5]",0.625,False,1.26888847,0.33253123,1.0631844,True
5,5,1,Fp2,0.03505737,-0.01016806,0.04414904,0.375,0.375,"[3, 5]",0.625,False,1.26888847,0.33253123,1.0631844,True
5,5,2,Fz,0.15108845,-0.03435103,0.16069724,0.375,0.375,"[3, 5]",0.625,False,1.26888847,0.33253123,1.0631844,True
5,5,3,F3,0.10588163,-0.01616211,0.11844713,0.375,0.375,"[3, 5]",0.625,False,1.26888847,0.33253123,1.0631844,True
5,5,4,F4,0.085058,0.07754719,0.09445326,0.375,0.375,"[3, 5]",0.625,False,1.26888847,0.33253123,1.0631844,True
5,5,5,F7,0.10611898,0.10611898,0.11981073,0.375,0.375,"[3, 5]",0.625,False,1.26888847,0.33253123,1.0631844,True
5,5,6,F8,0.10937482,-0.03386325,0.1232179,0.375,0.375,"[3, 5]",0.625,False,1.26888847,0.33253123,1.0631844,True
5,5,7,FCz,0.1289106,0.08716421,0.13749565,0.375,0.375,"[3, 5]",0.625,False,1.26888847,0.33253123,1.0631844,True
5,5,8,FC3,0.04446315,-0.00549372,0.05908133,0.375,0.375,"[3, 5]",0.625,False,1.26888847,0.33253123,1.0631844,True
5,5,9,FC4,0.10420819,0.01609086,0.10558542,0.375,0.375,"[3, 5]",0.625,False,1.26888847,0.33253123,1.0631844,True
5,5,10,FT7,0.04492066,-0.01572442,0.05920795,0.375,0.375,"[3, 5]",0.625,False,1.26888847,0.33253123,1.0631844,True
5,5,11,FT8,0.09468386,-0.01859911,0.10145067,0.375,0.375,"[3, 5]",0.625,False,1.26888847,0.33253123,1.0631844,True
5,5,12,Cz,0.06591596,0.00904864,0.07270054,0.375,0.375,"[3, 5]",0.625,False,1.26888847,0.33253123,1.0631844,True
5,5,13,C3,0.07805542,-0.02416595,0.10874374,0.375,0.375,"[3, 5]",0.625,False,1.26888847,0.33253123,1.0631844,True
5,5,14,C4,0.05837203,-0.01637355,0.07917496,0.375,0.375,"[3, 5]",0.625,False,1.26888847,0.33253123,1.0631844,True
5,5,15,T3,0.11661983,0.09184651,0.12682205,0.375,0.375,"[3, 5]",0.625,False,1.26888847,0.33253123,1.0631844,True
5,5,16,T4,0.09863488,0.00168975,0.10693041,0.375,0.375,"[3, 5]",0.625,False,1.26888847,0.33253123,1.0631844,True
5,5,17,CP3,0.0933504,0.07273853,0.10108998,0.375,0.375,"[3, 5]",0.625,False,1.26888847,0.33253123,1.0631844,True
5,5,18,CP4,0.06608333,0.05908738,0.08541128,0.375,0.375,"[3, 5]",0.625,False,1.26888847,0.33253123,1.0631844,True
5,5,19,TP7,0.06472361,-0.00456435,0.08349174,0.375,0.375,"[3, 5]",0.625,False,1.26888847,0.33253123,1.0631844,True
5,5,20,TP8,0.18351284,-0.10103767,0.1941976,0.375,0.375,"[3, 5]",0.625,False,1.26888847,0.33253123,1.0631844,True
5,5,21,Pz,0.11937729,-0.04425205,0.12958828,0.375,0.375,"[3, 5]",0.625,False,1.26888847,0.33253123,1.0631844,True
5,5,22,P3,0.06071657,0.00058586,0.06602756,0.375,0.375,"[3, 5]",0.625,False,1.26888847,0.33253123,1.0631844,True
5,5,23,P4,0.0945266,-0.03253119,0.11166493,0.375,0.375,"[3, 5]",0.625,False,1.26888847,0.33253123,1.0631844,True
5,5,24,T5,0.09299165,0.08282605,0.10456859,0.375,0.375,"[3, 5]",0.625,False,1.26888847,0.33253123,1.0631844,True
5,5,25,T6,0.08197629,0.02980222,0.11403783,0.375,0.375,"[3, 5]",0.625,False,1.26888847,0.33253123,1.0631844,True
5,5,26,Oz,0.04733038,0.04621917,0.06705847,0.375,0.375,"[3, 5]",0.625,False,1.26888847,0.33253123,1.0631844,True
5,5,27,O1,0.07550976,0.05507373,0.10566423,0.375,0.375,"[3, 5]",0.625,False,1.26888847,0.33253123,1.0631844,True
5,5,28,O2,0.16566029,-0.07680646,0.19016971,0.375,0.375,"[3, 5]",0.625,False,1.26888847,0.33253123,1.0631844,True
6,1,0,Fp1,0.10989358,-0.09546718,0.12216241,0.5,0.5,"[0, 8]",1.0,True,0.0143038,0.00232998,0.01198496,True
6,1,1,Fp2,0.0776011,0.06158328,0.0954328,0.5,0.5,"[0, 8]",1.0,True,0.0143038,0.00232998,0.01198496,True
6,1,2,Fz,0.1040781,-0.09900463,0.11787062,0.5,0.5,"[0, 8]",1.0,True,0.0143038,0.00232998,0.01198496,True
6,1,3,F3,0.08754477,0.02803847,0.09440896,0.5,0.5,"[0, 8]",1.0,True,0.0143038,0.00232998,0.01198496,True
6,1,4,F4,0.09706856,0.01279337,0.10703607,0.5,0.5,"[0, 8]",1.0,True,0.0143038,0.00232998,0.01198496,True
6,1,5,F7,0.08386035,0.08192907,0.09746096,0.5,0.5,"[0, 8]",1.0,True,0.0143038,0.00232998,0.01198496,True
6,1,6,F8,0.0768435,-0.02874191,0.07784463,0.5,0.5,"[0, 8]",1.0,True,0.0143038,0.00232998,0.01198496,True
6,1,7,FCz,0.09854167,0.09854167,0.11397045,0.5,0.5,"[0, 8]",1.0,True,0.0143038,0.00232998,0.01198496,True
6,1,8,FC3,0.03242677,0.00647153,0.03912751,0.5,0.5,"[0, 8]",1.0,True,0.0143038,0.00232998,0.01198496,True
6,1,9,FC4,0.05773312,-0.05773312,0.07635238,0.5,0.5,"[0, 8]",1.0,True,0.0143038,0.00232998,0.01198496,True
6,1,10,FT7,0.09062326,-0.057679,0.10344645,0.5,0.5,"[0, 8]",1.0,True,0.0143038,0.00232998,0.01198496,True
6,1,11,FT8,0.0803256,-0.00475316,0.09723609,0.5,0.5,"[0, 8]",1.0,True,0.0143038,0.00232998,0.01198496,True
6,1,12,Cz,0.07672214,0.07492878,0.09202313,0.5,0.5,"[0, 8]",1.0,True,0.0143038,0.00232998,0.01198496,True
6,1,13,C3,0.11493679,0.0731934,0.11720251,0.5,0.5,"[0, 8]",1.0,True,0.0143038,0.00232998,0.01198496,True
6,1,14,C4,0.08501154,-0.07557949,0.09582449,0.5,0.5,"[0, 8]",1.0,True,0.0143038,0.00232998,0.01198496,True
6,1,15,T3,0.12709811,0.12709811,0.13253058,0.5,0.5,"[0, 8]",1.0,True,0.0143038,0.00232998,0.01198496,True
6,1,16,T4,0.12241601,0.01195571,0.13480067,0.5,0.5,"[0, 8]",1.0,True,0.0143038,0.00232998,0.01198496,True
6,1,17,CP3,0.12092464,0.0327465,0.13914266,0.5,0.5,"[0, 8]",1.0,True,0.0143038,0.00232998,0.01198496,True
6,1,18,CP4,0.11109913,0.03386154,0.12789859,0.5,0.5,"[0, 8]",1.0,True,0.0143038,0.00232998,0.01198496,True
6,1,19,TP7,0.08467901,-0.01834819,0.09421732,0.5,0.5,"[0, 8]",1.0,True,0.0143038,0.00232998,0.01198496,True
6,1,20,TP8,0.08961172,-0.05979698,0.10885502,0.5,0.5,"[0, 8]",1.0,True,0.0143038,0.00232998,0.01198496,True
6,1,21,Pz,0.15360281,0.00600929,0.15376016,0.5,0.5,"[0, 8]",1.0,True,0.0143038,0.00232998,0.01198496,True
6,1,22,P3,0.10822821,0.10822821,0.11726022,0.5,0.5,"[0, 8]",1.0,True,0.0143038,0.00232998,0.01198496,True
6,1,23,P4,0.10587195,-0.09378757,0.11781106,0.5,0.5,"[0, 8]",1.0,True,0.0143038,0.00232998,0.01198496,True
6,1,24,T5,0.10465823,0.07387786,0.11404006,0.5,0.5,"[0, 8]",1.0,True,0.0143038,0.00232998,0.01198496,True
6,1,25,T6,0.08063399,-0.06268166,0.09249668,0.5,0.5,"[0, 8]",1.0,True,0.0143038,0.00232998,0.01198496,True
6,1,26,Oz,0.07716935,0.04276813,0.07948728,0.5,0.5,"[0, 8]",1.0,True,0.0143038,0.00232998,0.01198496,True
6,1,27,O1,0.12180096,0.0558111,0.13262375,0.5,0.5,"[0, 8]",1.0,True,0.0143038,0.00232998,0.01198496,True
6,1,28,O2,0.14380568,-0.0236547,0.14660363,0.5,0.5,"[0, 8]",1.0,True,0.0143038,0.00232998,0.01198496,True
6,2,0,Fp1,0.10623893,-0.09043722,0.11593964,0.625,0.625,"[1, 7]",0.875,False,0.22874505,0.06650232,0.19166236,True
6,2,1,Fp2,0.08589381,0.06637082,0.10561351,0.625,0.625,"[1, 7]",0.875,False,0.22874505,0.06650232,0.19166236,True
6,2,2,Fz,0.12392952,-0.11744847,0.14096354,0.625,0.625,"[1, 7]",0.875,False,0.22874505,0.06650232,0.19166236,True
6,2,3,F3,0.09011784,0.04043924,0.0929879,0.625,0.625,"[1, 7]",0.875,False,0.22874505,0.06650232,0.19166236,True
6,2,4,F4,0.09622858,0.02234878,0.10127609,0.625,0.625,"[1, 7]",0.875,False,0.22874505,0.06650232,0.19166236,True
6,2,5,F7,0.07914205,0.07914205,0.09253484,0.625,0.625,"[1, 7]",0.875,False,0.22874505,0.06650232,0.19166236,True
6,2,6,F8,0.07621019,-0.03117427,0.0782139,0.625,0.625,"[1, 7]",0.875,False,0.22874505,0.06650232,0.19166236,True
6,2,7,FCz,0.08471102,0.08471102,0.10188471,0.625,0.625,"[1, 7]",0.875,False,0.22874505,0.06650232,0.19166236,True
6,2,8,FC3,0.01926638,0.00682711,0.02291785,0.625,0.625,"[1, 7]",0.875,False,0.22874505,0.06650232,0.19166236,True
6,2,9,FC4,0.06328858,-0.04840397,0.07687265,0.625,0.625,"[1, 7]",0.875,False,0.22874505,0.06650232,0.19166236,True
6,2,10,FT7,0.09598578,-0.05903257,0.10641875,0.625,0.625,"[1, 7]",0.875,False,0.22874505,0.06650232,0.19166236,True
6,2,11,FT8,0.09989164,-0.0165462,0.12322686,0.625,0.625,"[1, 7]",0.875,False,0.22874505,0.06650232,0.19166236,True
6,2,12,Cz,0.06607987,0.05260222,0.07166957,0.625,0.625,"[1, 7]",0.875,False,0.22874505,0.06650232,0.19166236,True
6,2,13,C3,0.1320205,0.08324262,0.1339229,0.625,0.625,"[1, 7]",0.875,False,0.22874505,0.06650232,0.19166236,True
6,2,14,C4,0.09729583,-0.07139894,0.10416121,0.625,0.625,"[1, 7]",0.875,False,0.22874505,0.06650232,0.19166236,True
6,2,15,T3,0.12463234,0.12463234,0.1307333,0.625,0.625,"[1, 7]",0.875,False,0.22874505,0.06650232,0.19166236,True
6,2,16,T4,0.11727218,0.02509189,0.12648603,0.625,0.625,"[1, 7]",0.875,False,0.22874505,0.06650232,0.19166236,True
6,2,17,CP3,0.11594606,0.02668728,0.1314934,0.625,0.625,"[1, 7]",0.875,False,0.22874505,0.06650232,0.19166236,True
6,2,18,CP4,0.1022445,0.03263668,0.11965714,0.625,0.625,"[1, 7]",0.875,False,0.22874505,0.06650232,0.19166236,True
6,2,19,TP7,0.07609344,-0.00422493,0.08348037,0.625,0.625,"[1, 7]",0.875,False,0.22874505,0.06650232,0.19166236,True
6,2,20,TP8,0.09401059,-0.05287617,0.10975835,0.625,0.625,"[1, 7]",0.875,False,0.22874505,0.06650232,0.19166236,True
6,2,21,Pz,0.13719639,-0.00319573,0.13753939,0.625,0.625,"[1, 7]",0.875,False,0.22874505,0.06650232,0.19166236,True
6,2,22,P3,0.09062174,0.09062174,0.10362084,0.625,0.625,"[1, 7]",0.875,False,0.22874505,0.06650232,0.19166236,True
6,2,23,P4,0.11443701,-0.10030805,0.12545016,0.625,0.625,"[1, 7]",0.875,False,0.22874505,0.06650232,0.19166236,True
6,2,24,T5,0.08070688,0.08070688,0.10240677,0.625,0.625,"[1, 7]",0.875,False,0.22874505,0.06650232,0.19166236,True
6,2,25,T6,0.07423316,-0.07423316,0.09544477,0.625,0.625,"[1, 7]",0.875,False,0.22874505,0.06650232,0.19166236,True
6,2,26,Oz,0.09118867,0.05648383,0.09258955,0.625,0.625,"[1, 7]",0.875,False,0.22874505,0.06650232,0.19166236,True
6,2,27,O1,0.13771535,0.07981418,0.14486367,0.625,0.625,"[1, 7]",0.875,False,0.22874505,0.06650232,0.19166236,True
6,2,28,O2,0.14541763,-0.01595902,0.14630006,0.625,0.625,"[1, 7]",0.875,False,0.22874505,0.06650232,0.19166236,True
6,3,0,Fp1,0.10967084,-0.096036,0.12230449,0.375,0.375,"[1, 7]",0.875,False,0.01320337,0.00227226,0.01106292,True
6,3,1,Fp2,0.07779612,0.06106244,0.09564901,0.375,0.375,"[1, 7]",0.875,False,0.01320337,0.00227226,0.01106292,True
6,3,2,Fz,0.10430971,-0.09783404,0.11733602,0.375,0.375,"[1, 7]",0.875,False,0.01320337,0.00227226,0.01106292,True
6,3,3,F3,0.08700114,0.02755257,0.09377453,0.375,0.375,"[1, 7]",0.875,False,0.01320337,0.00227226,0.01106292,True
6,3,4,F4,0.09669979,0.01225618,0.10675995,0.375,0.375,"[1, 7]",0.875,False,0.01320337,0.00227226,0.01106292,True
6,3,5,F7,0.08422934,0.08174266,0.09759213,0.375,0.375,"[1, 7]",0.875,False,0.01320337,0.00227226,0.01106292,True
6,3,6,F8,0.07652158,-0.02902653,0.07746141,0.375,0.375,"[1, 7]",0.875,False,0.01320337,0.00227226,0.01106292,True
6,3,7,FCz,0.09922041,0.09922041,0.11478414,0.375,0.375,"[1, 7]",0.875,False,0.01320337,0.00227226,0.01106292,True
6,3,8,FC3,0.03188408,0.00614929,0.03876562,0.375,0.375,"[1, 7]",0.875,False,0.01320337,0.00227226,0.01106292,True
6,3,9,FC4,0.05811422,-0.05811422,0.07661332,0.375,0.375,"[1, 7]",0.875,False,0.01320337,0.00227226,0.01106292,True
6,3,10,FT7,0.09074644,-0.05744002,0.1038784,0.375,0.375,"[1, 7]",0.875,False,0.01320337,0.00227226,0.01106292,True
6,3,11,FT8,0.08049384,-0.00475656,0.09758838,0.375,0.375,"[1, 7]",0.875,False,0.01320337,0.00227226,0.01106292,True
6,3,12,Cz,0.07780819,0.07605886,0.09313893,0.375,0.375,"[1, 7]",0.875,False,0.01320337,0.00227226,0.01106292,True
6,3,13,C3,0.1146462,0.07289247,0.11696149,0.375,0.375,"[1, 7]",0.875,False,0.01320337,0.00227226,0.01106292,True
6,3,14,C4,0.085044,-0.07402364,0.0950985,0.375,0.375,"[1, 7]",0.875,False,0.01320337,0.00227226,0.01106292,True
6,3,15,T3,0.12743519,0.12743519,0.13255194,0.375,0.375,"[1, 7]",0.875,False,0.01320337,0.00227226,0.01106292,True
6,3,16,T4,0.12312201,0.01325826,0.1355157,0.375,0.375,"[1, 7]",0.875,False,0.01320337,0.00227226,0.01106292,True
6,3,17,CP3,0.12140074,0.03307688,0.13991813,0.375,0.375,"[1, 7]",0.875,False,0.01320337,0.00227226,0.01106292,True
6,3,18,CP4,0.11166798,0.03441218,0.12847707,0.375,0.375,"[1, 7]",0.875,False,0.01320337,0.00227226,0.01106292,True
6,3,19,TP7,0.08458177,-0.01821075,0.09451509,0.375,0.375,"[1, 7]",0.875,False,0.01320337,0.00227226,0.01106292,True
6,3,20,TP8,0.09029064,-0.05982234,0.10945165,0.375,0.375,"[1, 7]",0.875,False,0.01320337,0.00227226,0.01106292,True
6,3,21,Pz,0.15299614,0.00646074,0.15315536,0.375,0.375,"[1, 7]",0.875,False,0.01320337,0.00227226,0.01106292,True
6,3,22,P3,0.10827382,0.10827382,0.11714969,0.375,0.375,"[1, 7]",0.875,False,0.01320337,0.00227226,0.01106292,True
6,3,23,P4,0.10584871,-0.09314965,0.11739402,0.375,0.375,"[1, 7]",0.875,False,0.01320337,0.00227226,0.01106292,True
6,3,24,T5,0.10419229,0.07334183,0.11349539,0.375,0.375,"[1, 7]",0.875,False,0.01320337,0.00227226,0.01106292,True
6,3,25,T6,0.08099794,-0.06250095,0.09265684,0.375,0.375,"[1, 7]",0.875,False,0.01320337,0.00227226,0.01106292,True
6,3,26,Oz,0.07766537,0.04221383,0.08002406,0.375,0.375,"[1, 7]",0.875,False,0.01320337,0.00227226,0.01106292,True
6,3,27,O1,0.12144598,0.05593677,0.1322429,0.375,0.375,"[1, 7]",0.875,False,0.01320337,0.00227226,0.01106292,True
6,3,28,O2,0.14379135,-0.02365726,0.14655702,0.375,0.375,"[1, 7]",0.875,False,0.01320337,0.00227226,0.01106292,True
6,4,0,Fp1,0.1388959,-0.09160416,0.14260794,0.375,0.375,"[3, 5]",0.625,False,0.53223317,0.14742052,0.44595094,True
6,4,1,Fp2,0.0568368,0.0568368,0.09528723,0.375,0.375,"[3, 5]",0.625,False,0.53223317,0.14742052,0.44595094,True
6,4,2,Fz,0.12471889,-0.12471889,0.14174706,0.375,0.375,"[3, 5]",0.625,False,0.53223317,0.14742052,0.44595094,True
6,4,3,F3,0.09570644,0.03246113,0.10986547,0.375,0.375,"[3, 5]",0.625,False,0.53223317,0.14742052,0.44595094,True
6,4,4,F4,0.07722561,0.01476275,0.08893889,0.375,0.375,"[3, 5]",0.625,False,0.53223317,0.14742052,0.44595094,True
6,4,5,F7,0.06657702,0.06657702,0.07744744,0.375,0.375,"[3, 5]",0.625,False,0.53223317,0.14742052,0.44595094,True
6,4,6,F8,0.05892732,0.05630476,0.07157633,0.375,0.375,"[3, 5]",0.625,False,0.53223317,0.14742052,0.44595094,True
6,4,7,FCz,0.09134971,0.07817309,0.10079971,0.375,0.375,"[3, 5]",0.625,False,0.53223317,0.14742052,0.44595094,True
6,4,8,FC3,0.06344612,0.01160788,0.06874198,0.375,0.375,"[3, 5]",0.625,False,0.53223317,0.14742052,0.44595094,True
6,4,9,FC4,0.07374566,-0.03579829,0.09915423,0.375,0.375,"[3, 5]",0.625,False,0.53223317,0.14742052,0.44595094,True
6,4,10,FT7,0.07692468,-0.03369563,0.08154476,0.375,0.375,"[3, 5]",0.625,False,0.53223317,0.14742052,0.44595094,True
6,4,11,FT8,0.07873638,-0.03320127,0.08257921,0.375,0.375,"[3, 5]",0.625,False,0.53223317,0.14742052,0.44595094,True
6,4,12,Cz,0.09352852,0.04875796,0.10961714,0.375,0.375,"[3, 5]",0.625,False,0.53223317,0.14742052,0.44595094,True
6,4,13,C3,0.11419471,0.07484698,0.12020276,0.375,0.375,"[3, 5]",0.625,False,0.53223317,0.14742052,0.44595094,True
6,4,14,C4,0.08102913,-0.06697202,0.08708367,0.375,0.375,"[3, 5]",0.625,False,0.53223317,0.14742052,0.44595094,True
6,4,15,T3,0.17229402,0.17229402,0.17417462,0.375,0.375,"[3, 5]",0.625,False,0.53223317,0.14742052,0.44595094,True
6,4,16,T4,0.11394043,0.03074546,0.14814112,0.375,0.375,"[3, 5]",0.625,False,0.53223317,0.14742052,0.44595094,True
6,4,17,CP3,0.13058187,0.02304799,0.13884352,0.375,0.375,"[3, 5]",0.625,False,0.53223317,0.14742052,0.44595094,True
6,4,18,CP4,0.09866495,0.04650699,0.11237071,0.375,0.375,"[3, 5]",0.625,False,0.53223317,0.14742052,0.44595094,True
6,4,19,TP7,0.07359615,0.00793419,0.08722679,0.375,0.375,"[3, 5]",0.625,False,0.53223317,0.14742052,0.44595094,True
6,4,20,TP8,0.0463972,-0.0463972,0.06075901,0.375,0.375,"[3, 5]",0.625,False,0.53223317,0.14742052,0.44595094,True
6,4,21,Pz,0.16002563,-0.028386,0.17466538,0.375,0.375,"[3, 5]",0.625,False,0.53223317,0.14742052,0.44595094,True
6,4,22,P3,0.11266324,0.11266324,0.13957855,0.375,0.375,"[3, 5]",0.625,False,0.53223317,0.14742052,0.44595094,True
6,4,23,P4,0.1108032,-0.0924656,0.12174581,0.375,0.375,"[3, 5]",0.625,False,0.53223317,0.14742052,0.44595094,True
6,4,24,T5,0.06560767,0.05743615,0.07190978,0.375,0.375,"[3, 5]",0.625,False,0.53223317,0.14742052,0.44595094,True
6,4,25,T6,0.12027913,-0.10606316,0.14018176,0.375,0.375,"[3, 5]",0.625,False,0.53223317,0.14742052,0.44595094,True
6,4,26,Oz,0.09802231,0.0505617,0.10414302,0.375,0.375,"[3, 5]",0.625,False,0.53223317,0.14742052,0.44595094,True
6,4,27,O1,0.11290668,0.06169976,0.12457133,0.375,0.375,"[3, 5]",0.625,False,0.53223317,0.14742052,0.44595094,True
6,4,28,O2,0.12236232,-0.03132012,0.12791775,0.375,0.375,"[3, 5]",0.625,False,0.53223317,0.14742052,0.44595094,True
6,5,0,Fp1,0.11929543,-0.10798951,0.13819832,0.25,0.25,"[6, 2]",0.75,False,0.25957656,0.06173937,0.21749567,True
6,5,1,Fp2,0.0802748,0.05927012,0.10495484,0.25,0.25,"[6, 2]",0.75,False,0.25957656,0.06173937,0.21749567,True
6,5,2,Fz,0.10809527,-0.10809527,0.12543984,0.25,0.25,"[6, 2]",0.75,False,0.25957656,0.06173937,0.21749567,True
6,5,3,F3,0.09182504,0.01250261,0.10455251,0.25,0.25,"[6, 2]",0.75,False,0.25957656,0.06173937,0.21749567,True
6,5,4,F4,0.08605061,0.01902886,0.09523894,0.25,0.25,"[6, 2]",0.75,False,0.25957656,0.06173937,0.21749567,True
6,5,5,F7,0.07136256,0.06590822,0.09063894,0.25,0.25,"[6, 2]",0.75,False,0.25957656,0.06173937,0.21749567,True
6,5,6,F8,0.06977375,-0.02034431,0.0733631,0.25,0.25,"[6, 2]",0.75,False,0.25957656,0.06173937,0.21749567,True
6,5,7,FCz,0.07437185,0.07437185,0.08718106,0.25,0.25,"[6, 2]",0.75,False,0.25957656,0.06173937,0.21749567,True
6,5,8,FC3,0.04425576,-0.02245075,0.052896,0.25,0.25,"[6, 2]",0.75,False,0.25957656,0.06173937,0.21749567,True
6,5,9,FC4,0.05899049,-0.05899049,0.08379634,0.25,0.25,"[6, 2]",0.75,False,0.25957656,0.06173937,0.21749567,True
6,5,10,FT7,0.08043503,-0.04999506,0.08599167,0.25,0.25,"[6, 2]",0.75,False,0.25957656,0.06173937,0.21749567,True
6,5,11,FT8,0.09403404,0.00037339,0.12002493,0.25,0.25,"[6, 2]",0.75,False,0.25957656,0.06173937,0.21749567,True
6,5,12,Cz,0.06574477,0.06506418,0.07692435,0.25,0.25,"[6, 2]",0.75,False,0.25957656,0.06173937,0.21749567,True
6,5,13,C3,0.10626563,0.06544622,0.10841406,0.25,0.25,"[6, 2]",0.75,False,0.25957656,0.06173937,0.21749567,True
6,5,14,C4,0.09459512,-0.0732033,0.10465519,0.25,0.25,"[6, 2]",0.75,False,0.25957656,0.06173937,0.21749567,True
6,5,15,T3,0.13510275,0.13510275,0.14328408,0.25,0.25,"[6, 2]",0.75,False,0.25957656,0.06173937,0.21749567,True
6,5,16,T4,0.13759747,-0.01206068,0.15112294,0.25,0.25,"[6, 2]",0.75,False,0.25957656,0.06173937,0.21749567,True
6,5,17,CP3,0.13002425,0.03413234,0.14487368,0.25,0.25,"[6, 2]",0.75,False,0.25957656,0.06173937,0.21749567,True
6,5,18,CP4,0.10667735,0.049765,0.11724988,0.25,0.25,"[6, 2]",0.75,False,0.25957656,0.06173937,0.21749567,True
6,5,19,TP7,0.08674392,-0.00654317,0.09504118,0.25,0.25,"[6, 2]",0.75,False,0.25957656,0.06173937,0.21749567,True
6,5,20,TP8,0.08341123,-0.05401934,0.10025068,0.25,0.25,"[6, 2]",0.75,False,0.25957656,0.06173937,0.21749567,True
6,5,21,Pz,0.14413373,9.217e-05,0.144208,0.25,0.25,"[6, 2]",0.75,False,0.25957656,0.06173937,0.21749567,True
6,5,22,P3,0.10066995,0.10066995,0.11072409,0.25,0.25,"[6, 2]",0.75,False,0.25957656,0.06173937,0.21749567,True
6,5,23,P4,0.09687611,-0.08059783,0.10600979,0.25,0.25,"[6, 2]",0.75,False,0.25957656,0.06173937,0.21749567,True
6,5,24,T5,0.08982743,0.07416297,0.10280446,0.25,0.25,"[6, 2]",0.75,False,0.25957656,0.06173937,0.21749567,True
6,5,25,T6,0.07273625,-0.07273625,0.09226922,0.25,0.25,"[6, 2]",0.75,False,0.25957656,0.06173937,0.21749567,True
6,5,26,Oz,0.07774501,0.04916728,0.08092702,0.25,0.25,"[6, 2]",0.75,False,0.25957656,0.06173937,0.21749567,True
6,5,27,O1,0.13962698,0.08378371,0.14982551,0.25,0.25,"[6, 2]",0.75,False,0.25957656,0.06173937,0.21749567,True
6,5,28,O2,0.13403369,-0.00291199,0.13504033,0.25,0.25,"[6, 2]",0.75,False,0.25957656,0.06173937,0.21749567,True
7,1,0,Fp1,0.10893907,-0.07360718,0.11157238,1.0,1.0,"[4, 4]",0.5,False,0.42513121,0.11732781,0.35621166,True
7,1,1,Fp2,0.06209958,0.06209958,0.08498979,1.0,1.0,"[4, 4]",0.5,False,0.42513121,0.11732781,0.35621166,True
7,1,2,Fz,0.13032088,-0.12684377,0.14859007,1.0,1.0,"[4, 4]",0.5,False,0.42513121,0.11732781,0.35621166,True
7,1,3,F3,0.08849,0.03981698,0.09117682,1.0,1.0,"[4, 4]",0.5,False,0.42513121,0.11732781,0.35621166,True
7,1,4,F4,0.08683809,0.01979559,0.10084161,1.0,1.0,"[4, 4]",0.5,False,0.42513121,0.11732781,0.35621166,True
7,1,5,F7,0.09505856,0.09505856,0.11540473,1.0,1.0,"[4, 4]",0.5,False,0.42513121,0.11732781,0.35621166,True
7,1,6,F8,0.09729739,-0.02579861,0.10858034,1.0,1.0,"[4, 4]",0.5,False,0.42513121,0.11732781,0.35621166,True
7,1,7,FCz,0.06041947,0.05821966,0.06963465,1.0,1.0,"[4, 4]",0.5,False,0.42513121,0.11732781,0.35621166,True
7,1,8,FC3,0.05777062,-0.01175212,0.06850212,1.0,1.0,"[4, 4]",0.5,False,0.42513121,0.11732781,0.35621166,True
7,1,9,FC4,0.06160481,-0.0368312,0.06556112,1.0,1.0,"[4, 4]",0.5,False,0.42513121,0.11732781,0.35621166,True
7,1,10,FT7,0.12423982,-0.05713773,0.13453782,1.0,1.0,"[4, 4]",0.5,False,0.42513121,0.11732781,0.35621166,True
7,1,11,FT8,0.11089349,-1.715e-05,0.12435487,1.0,1.0,"[4, 4]",0.5,False,0.42513121,0.11732781,0.35621166,True
7,1,12,Cz,0.06668064,0.04838224,0.08417485,1.0,1.0,"[4, 4]",0.5,False,0.42513121,0.11732781,0.35621166,True
7,1,13,C3,0.11187701,0.06584854,0.11420081,1.0,1.0,"[4, 4]",0.5,False,0.42513121,0.11732781,0.35621166,True
7,1,14,C4,0.0381273,-0.03187379,0.04540518,1.0,1.0,"[4, 4]",0.5,False,0.42513121,0.11732781,0.35621166,True
7,1,15,T3,0.07910286,0.05650612,0.08590259,1.0,1.0,"[4, 4]",0.5,False,0.42513121,0.11732781,0.35621166,True
7,1,16,T4,0.10223426,0.01276952,0.11359574,1.0,1.0,"[4, 4]",0.5,False,0.42513121,0.11732781,0.35621166,True
7,1,17,CP3,0.12755486,0.03008854,0.14228022,1.0,1.0,"[4, 4]",0.5,False,0.42513121,0.11732781,0.35621166,True
7,1,18,CP4,0.13571887,0.05643762,0.14123167,1.0,1.0,"[4, 4]",0.5,False,0.42513121,0.11732781,0.35621166,True
7,1,19,TP7,0.06941287,-0.028472,0.09245086,1.0,1.0,"[4, 4]",0.5,False,0.42513121,0.11732781,0.35621166,True
7,1,20,TP8,0.07778071,-0.02585142,0.08977061,1.0,1.0,"[4, 4]",0.5,False,0.42513121,0.11732781,0.35621166,True
7,1,21,Pz,0.16428247,-0.0148359,0.16498357,1.0,1.0,"[4, 4]",0.5,False,0.42513121,0.11732781,0.35621166,True
7,1,22,P3,0.10863246,0.10828392,0.12983213,1.0,1.0,"[4, 4]",0.5,False,0.42513121,0.11732781,0.35621166,True
7,1,23,P4,0.1129532,-0.1026082,0.13464852,1.0,1.0,"[4, 4]",0.5,False,0.42513121,0.11732781,0.35621166,True
7,1,24,T5,0.07882231,0.04615103,0.09778883,1.0,1.0,"[4, 4]",0.5,False,0.42513121,0.11732781,0.35621166,True
7,1,25,T6,0.06323291,-0.03319005,0.07948928,1.0,1.0,"[4, 4]",0.5,False,0.42513121,0.11732781,0.35621166,True
7,1,26,Oz,0.0463196,0.03663417,0.05327657,1.0,1.0,"[4, 4]",0.5,False,0.42513121,0.11732781,0.35621166,True
7,1,27,O1,0.12131128,0.05175459,0.12925409,1.0,1.0,"[4, 4]",0.5,False,0.42513121,0.11732781,0.35621166,True
7,1,28,O2,0.12011023,-0.02395448,0.12682195,1.0,1.0,"[4, 4]",0.5,False,0.42513121,0.11732781,0.35621166,True
7,2,0,Fp1,0.03283673,-0.00978835,0.03500795,0.625,0.625,"[3, 5]",0.625,False,1.10361287,0.32961698,0.92470222,True
7,2,1,Fp2,0.04782294,-0.00585301,0.05831223,0.625,0.625,"[3, 5]",0.625,False,1.10361287,0.32961698,0.92470222,True
7,2,2,Fz,0.097369,-0.0970856,0.11936538,0.625,0.625,"[3, 5]",0.625,False,1.10361287,0.32961698,0.92470222,True
7,2,3,F3,0.08719264,0.08719264,0.10931711,0.625,0.625,"[3, 5]",0.625,False,1.10361287,0.32961698,0.92470222,True
7,2,4,F4,0.14324816,0.10369462,0.16208275,0.625,0.625,"[3, 5]",0.625,False,1.10361287,0.32961698,0.92470222,True
7,2,5,F7,0.08627369,0.07727296,0.09602129,0.625,0.625,"[3, 5]",0.625,False,1.10361287,0.32961698,0.92470222,True
7,2,6,F8,0.08573596,-0.02636825,0.11006024,0.625,0.625,"[3, 5]",0.625,False,1.10361287,0.32961698,0.92470222,True
7,2,7,FCz,0.10892792,0.10892792,0.12438024,0.625,0.625,"[3, 5]",0.625,False,1.10361287,0.32961698,0.92470222,True
7,2,8,FC3,0.07043868,-0.07043868,0.07087824,0.625,0.625,"[3, 5]",0.625,False,1.10361287,0.32961698,0.92470222,True
7,2,9,FC4,0.05748628,0.01665196,0.07149975,0.625,0.625,"[3, 5]",0.625,False,1.10361287,0.32961698,0.92470222,True
7,2,10,FT7,0.10260053,-0.06980859,0.1259124,0.625,0.625,"[3, 5]",0.625,False,1.10361287,0.32961698,0.92470222,True
7,2,11,FT8,0.0550023,-0.01744196,0.06725811,0.625,0.625,"[3, 5]",0.625,False,1.10361287,0.32961698,0.92470222,True
7,2,12,Cz,0.10829093,-0.10718415,0.1370969,0.625,0.625,"[3, 5]",0.625,False,1.10361287,0.32961698,0.92470222,True
7,2,13,C3,0.12808934,0.02144593,0.14126457,0.625,0.625,"[3, 5]",0.625,False,1.10361287,0.32961698,0.92470222,True
7,2,14,C4,0.16000411,-0.12282079,0.16771203,0.625,0.625,"[3, 5]",0.625,False,1.10361287,0.32961698,0.92470222,True
7,2,15,T3,0.08629602,0.08629602,0.12847218,0.625,0.625,"[3, 5]",0.625,False,1.10361287,0.32961698,0.92470222,True
7,2,16,T4,0.05506027,0.00890845,0.0642933,0.625,0.625,"[3, 5]",0.625,False,1.10361287,0.32961698,0.92470222,True
7,2,17,CP3,0.15670782,0.04096943,0.17922628,0.625,0.625,"[3, 5]",0.625,False,1.10361287,0.32961698,0.92470222,True
7,2,18,CP4,0.21181169,0.15786111,0.22072485,0.625,0.625,"[3, 5]",0.625,False,1.10361287,0.32961698,0.92470222,True
7,2,19,TP7,0.05612722,0.01249021,0.06071531,0.625,0.625,"[3, 5]",0.625,False,1.10361287,0.32961698,0.92470222,True
7,2,20,TP8,0.09353262,0.0050737,0.10173771,0.625,0.625,"[3, 5]",0.625,False,1.10361287,0.32961698,0.92470222,True
7,2,21,Pz,0.08588703,0.03919765,0.10201401,0.625,0.625,"[3, 5]",0.625,False,1.10361287,0.32961698,0.92470222,True
7,2,22,P3,0.09897193,0.09897193,0.10144381,0.625,0.625,"[3, 5]",0.625,False,1.10361287,0.32961698,0.92470222,True
7,2,23,P4,0.08204257,-0.07021502,0.10017815,0.625,0.625,"[3, 5]",0.625,False,1.10361287,0.32961698,0.92470222,True
7,2,24,T5,0.11097064,-0.04539254,0.12179549,0.625,0.625,"[3, 5]",0.625,False,1.10361287,0.32961698,0.92470222,True
7,2,25,T6,0.04306991,0.04306991,0.05665154,0.625,0.625,"[3, 5]",0.625,False,1.10361287,0.32961698,0.92470222,True
7,2,26,Oz,0.07323156,-0.00561822,0.08032343,0.625,0.625,"[3, 5]",0.625,False,1.10361287,0.32961698,0.92470222,True
7,2,27,O1,0.0739387,0.04041368,0.08077481,0.625,0.625,"[3, 5]",0.625,False,1.10361287,0.32961698,0.92470222,True
7,2,28,O2,0.07776091,-0.05975345,0.12679574,0.625,0.625,"[3, 5]",0.625,False,1.10361287,0.32961698,0.92470222,True
7,3,0,Fp1,0.05867514,-0.01885321,0.06301299,0.75,0.75,"[4, 4]",0.5,False,0.8887832,0.24083735,0.74469936,True
7,3,1,Fp2,0.08846982,0.05779724,0.09371322,0.75,0.75,"[4, 4]",0.5,False,0.8887832,0.24083735,0.74469936,True
7,3,2,Fz,0.09707987,-0.07083082,0.10231693,0.75,0.75,"[4, 4]",0.5,False,0.8887832,0.24083735,0.74469936,True
7,3,3,F3,0.1167212,0.00043272,0.12056835,0.75,0.75,"[4, 4]",0.5,False,0.8887832,0.24083735,0.74469936,True
7,3,4,F4,0.08572676,0.08572676,0.09738839,0.75,0.75,"[4, 4]",0.5,False,0.8887832,0.24083735,0.74469936,True
7,3,5,F7,0.11867134,0.11867134,0.13321248,0.75,0.75,"[4, 4]",0.5,False,0.8887832,0.24083735,0.74469936,True
7,3,6,F8,0.13756162,-0.05016734,0.14855391,0.75,0.75,"[4, 4]",0.5,False,0.8887832,0.24083735,0.74469936,True
7,3,7,FCz,0.03157545,0.03147492,0.03940488,0.75,0.75,"[4, 4]",0.5,False,0.8887832,0.24083735,0.74469936,True
7,3,8,FC3,0.08185217,-0.06257614,0.0915592,0.75,0.75,"[4, 4]",0.5,False,0.8887832,0.24083735,0.74469936,True
7,3,9,FC4,0.06183818,-0.03075506,0.0742247,0.75,0.75,"[4, 4]",0.5,False,0.8887832,0.24083735,0.74469936,True
7,3,10,FT7,0.1603159,-0.09252959,0.16871728,0.75,0.75,"[4, 4]",0.5,False,0.8887832,0.24083735,0.74469936,True
7,3,11,FT8,0.07647783,-0.03854753,0.10274725,0.75,0.75,"[4, 4]",0.5,False,0.8887832,0.24083735,0.74469936,True
7,3,12,Cz,0.10699093,-0.0015925,0.1323148,0.75,0.75,"[4, 4]",0.5,False,0.8887832,0.24083735,0.74469936,True
7,3,13,C3,0.09818105,0.09818105,0.10706512,0.75,0.75,"[4, 4]",0.5,False,0.8887832,0.24083735,0.74469936,True
7,3,14,C4,0.0601325,-0.01464384,0.06972976,0.75,0.75,"[4, 4]",0.5,False,0.8887832,0.24083735,0.74469936,True
7,3,15,T3,0.0855211,0.05934346,0.0944236,0.75,0.75,"[4, 4]",0.5,False,0.8887832,0.24083735,0.74469936,True
7,3,16,T4,0.05454329,0.0116086,0.05793669,0.75,0.75,"[4, 4]",0.5,False,0.8887832,0.24083735,0.74469936,True
7,3,17,CP3,0.08892182,0.00613273,0.10502595,0.75,0.75,"[4, 4]",0.5,False,0.8887832,0.24083735,0.74469936,True
7,3,18,CP4,0.1506239,0.08452797,0.158447,0.75,0.75,"[4, 4]",0.5,False,0.8887832,0.24083735,0.74469936,True
7,3,19,TP7,0.03366096,-0.0308236,0.04167556,0.75,0.75,"[4, 4]",0.5,False,0.8887832,0.24083735,0.74469936,True
7,3,20,TP8,0.10527792,0.03395072,0.11420263,0.75,0.75,"[4, 4]",0.5,False,0.8887832,0.24083735,0.74469936,True
7,3,21,Pz,0.16645271,0.00347254,0.1685949,0.75,0.75,"[4, 4]",0.5,False,0.8887832,0.24083735,0.74469936,True
7,3,22,P3,0.13282639,0.09332639,0.14308563,0.75,0.75,"[4, 4]",0.5,False,0.8887832,0.24083735,0.74469936,True
7,3,23,P4,0.08512235,-0.08512235,0.10434179,0.75,0.75,"[4, 4]",0.5,False,0.8887832,0.24083735,0.74469936,True
7,3,24,T5,0.08118284,0.00672981,0.09493572,0.75,0.75,"[4, 4]",0.5,False,0.8887832,0.24083735,0.74469936,True
7,3,25,T6,0.0649596,-0.01459041,0.08540207,0.75,0.75,"[4, 4]",0.5,False,0.8887832,0.24083735,0.74469936,True
7,3,26,Oz,0.06935494,0.05637943,0.07429121,0.75,0.75,"[4, 4]",0.5,False,0.8887832,0.24083735,0.74469936,True
7,3,27,O1,0.07721303,0.04413832,0.08276991,0.75,0.75,"[4, 4]",0.5,False,0.8887832,0.24083735,0.74469936,True
7,3,28,O2,0.14654115,-0.0272419,0.16368881,0.75,0.75,"[4, 4]",0.5,False,0.8887832,0.24083735,0.74469936,True
7,4,0,Fp1,0.06154441,-0.00419207,0.06505313,0.625,0.625,"[1, 7]",0.875,False,1.15752143,0.33510168,0.96987148,True
7,4,1,Fp2,0.08090942,0.00338853,0.0839073,0.625,0.625,"[1, 7]",0.875,False,1.15752143,0.33510168,0.96987148,True
7,4,2,Fz,0.14191025,-0.14191025,0.15785857,0.625,0.625,"[1, 7]",0.875,False,1.15752143,0.33510168,0.96987148,True
7,4,3,F3,0.06260069,0.0484063,0.07840114,0.625,0.625,"[1, 7]",0.875,False,1.15752143,0.33510168,0.96987148,True
7,4,4,F4,0.07477728,0.06006251,0.08018698,0.625,0.625,"[1, 7]",0.875,False,1.15752143,0.33510168,0.96987148,True
7,4,5,F7,0.04487641,0.04462874,0.06079828,0.625,0.625,"[1, 7]",0.875,False,1.15752143,0.33510168,0.96987148,True
7,4,6,F8,0.03255842,-0.00291615,0.0387293,0.625,0.625,"[1, 7]",0.875,False,1.15752143,0.33510168,0.96987148,True
7,4,7,FCz,0.11578333,0.11578333,0.15073752,0.625,0.625,"[1, 7]",0.875,False,1.15752143,0.33510168,0.96987148,True
7,4,8,FC3,0.03672802,-0.00318362,0.03813371,0.625,0.625,"[1, 7]",0.875,False,1.15752143,0.33510168,0.96987148,True
7,4,9,FC4,0.10539217,-0.02276445,0.11269843,0.625,0.625,"[1, 7]",0.875,False,1.15752143,0.33510168,0.96987148,True
7,4,10,FT7,0.05069817,-0.00679844,0.06299961,0.625,0.625,"[1, 7]",0.875,False,1.15752143,0.33510168,0.96987148,True
7,4,11,FT8,0.05777299,0.01728503,0.06699692,0.625,0.625,"[1, 7]",0.875,False,1.15752143,0.33510168,0.96987148,True
7,4,12,Cz,0.09798358,-0.0417702,0.12402539,0.625,0.625,"[1, 7]",0.875,False,1.15752143,0.33510168,0.96987148,True
7,4,13,C3,0.13262895,0.01089207,0.16133468,0.625,0.625,"[1, 7]",0.875,False,1.15752143,0.33510168,0.96987148,True
7,4,14,C4,0.06388161,-0.02765016,0.06521004,0.625,0.625,"[1, 7]",0.875,False,1.15752143,0.33510168,0.96987148,True
7,4,15,T3,0.04469993,0.02137091,0.0454555,0.625,0.625,"[1, 7]",0.875,False,1.15752143,0.33510168,0.96987148,True
7,4,16,T4,0.06549557,-0.01476318,0.06949221,0.625,0.625,"[1, 7]",0.875,False,1.15752143,0.33510168,0.96987148,True
7,4,17,CP3,0.28853306,0.10996185,0.32159555,0.625,0.625,"[1, 7]",0.875,False,1.15752143,0.33510168,0.96987148,True
7,4,18,CP4,0.13037233,0.12899525,0.16930734,0.625,0.625,"[1, 7]",0.875,False,1.15752143,0.33510168,0.96987148,True
7,4,19,TP7,0.0513602,-0.01509389,0.05530756,0.625,0.625,"[1, 7]",0.875,False,1.15752143,0.33510168,0.96987148,True
7,4,20,TP8,0.09896593,0.05948312,0.12874255,0.625,0.625,"[1, 7]",0.875,False,1.15752143,0.33510168,0.96987148,True
7,4,21,Pz,0.12425796,-0.04344454,0.13690095,0.625,0.625,"[1, 7]",0.875,False,1.15752143,0.33510168,0.96987148,True
7,4,22,P3,0.09061541,0.09061541,0.11431862,0.625,0.625,"[1, 7]",0.875,False,1.15752143,0.33510168,0.96987148,True
7,4,23,P4,0.08318824,-0.01428262,0.09319703,0.625,0.625,"[1, 7]",0.875,False,1.15752143,0.33510168,0.96987148,True
7,4,24,T5,0.08203144,-0.04350504,0.08260506,0.625,0.625,"[1, 7]",0.875,False,1.15752143,0.33510168,0.96987148,True
7,4,25,T6,0.07562506,-0.02485066,0.09186786,0.625,0.625,"[1, 7]",0.875,False,1.15752143,0.33510168,0.96987148,True
7,4,26,Oz,0.07388639,0.04538527,0.0909644,0.625,0.625,"[1, 7]",0.875,False,1.15752143,0.33510168,0.96987148,True
7,4,27,O1,0.08566651,0.03574041,0.09240671,0.625,0.625,"[1, 7]",0.875,False,1.15752143,0.33510168,0.96987148,True
7,4,28,O2,0.13616714,-0.13616714,0.19284222,0.625,0.625,"[1, 7]",0.875,False,1.15752143,0.33510168,0.96987148,True
7,5,0,Fp1,0.08158189,-0.05457811,0.08584991,0.625,0.625,"[3, 5]",0.625,False,0.89037256,0.22530811,0.74603107,True
7,5,1,Fp2,0.07595976,0.07595976,0.07691364,0.625,0.625,"[3, 5]",0.625,False,0.89037256,0.22530811,0.74603107,True
7,5,2,Fz,0.11351652,-0.0809397,0.11746554,0.625,0.625,"[3, 5]",0.625,False,0.89037256,0.22530811,0.74603107,True
7,5,3,F3,0.07739489,-0.03457587,0.11622822,0.625,0.625,"[3, 5]",0.625,False,0.89037256,0.22530811,0.74603107,True
7,5,4,F4,0.10506271,0.06481175,0.11285171,0.625,0.625,"[3, 5]",0.625,False,0.89037256,0.22530811,0.74603107,True
7,5,5,F7,0.06633464,0.06633464,0.09030127,0.625,0.625,"[3, 5]",0.625,False,0.89037256,0.22530811,0.74603107,True
7,5,6,F8,0.09726514,-0.05667597,0.10819138,0.625,0.625,"[3, 5]",0.625,False,0.89037256,0.22530811,0.74603107,True
7,5,7,FCz,0.02637195,0.01607399,0.04245758,0.625,0.625,"[3, 5]",0.625,False,0.89037256,0.22530811,0.74603107,True
7,5,8,FC3,0.07724009,0.00458828,0.09060159,0.625,0.625,"[3, 5]",0.625,False,0.89037256,0.22530811,0.74603107,True
7,5,9,FC4,0.10990801,0.03580029,0.12041505,0.625,0.625,"[3, 5]",0.625,False,0.89037256,0.22530811,0.74603107,True
7,5,10,FT7,0.15684387,-0.05686981,0.16660735,0.625,0.625,"[3, 5]",0.625,False,0.89037256,0.22530811,0.74603107,True
7,5,11,FT8,0.08378857,0.01753,0.09222677,0.625,0.625,"[3, 5]",0.625,False,0.89037256,0.22530811,0.74603107,True
7,5,12,Cz,0.09377082,-0.00647193,0.09538199,0.625,0.625,"[3, 5]",0.625,False,0.89037256,0.22530811,0.74603107,True
7,5,13,C3,0.09805667,0.05024145,0.10801844,0.625,0.625,"[3, 5]",0.625,False,0.89037256,0.22530811,0.74603107,True
7,5,14,C4,0.0787802,-0.03833023,0.09343148,0.625,0.625,"[3, 5]",0.625,False,0.89037256,0.22530811,0.74603107,True
7,5,15,T3,0.12272783,0.07357197,0.13491853,0.625,0.625,"[3, 5]",0.625,False,0.89037256,0.22530811,0.74603107,True
7,5,16,T4,0.03752781,-0.02176807,0.04236839,0.625,0.625,"[3, 5]",0.625,False,0.89037256,0.22530811,0.74603107,True
7,5,17,CP3,0.16127372,0.0363327,0.18720578,0.625,0.625,"[3, 5]",0.625,False,0.89037256,0.22530811,0.74603107,True
7,5,18,CP4,0.15290862,0.11674314,0.16738635,0.625,0.625,"[3, 5]",0.625,False,0.89037256,0.22530811,0.74603107,True
7,5,19,TP7,0.04147361,-0.01978291,0.04810712,0.625,0.625,"[3, 5]",0.625,False,0.89037256,0.22530811,0.74603107,True
7,5,20,TP8,0.07143279,-0.0296959,0.07947823,0.625,0.625,"[3, 5]",0.625,False,0.89037256,0.22530811,0.74603107,True
7,5,21,Pz,0.10591659,-0.03597024,0.11219793,0.625,0.625,"[3, 5]",0.625,False,0.89037256,0.22530811,0.74603107,True
7,5,22,P3,0.09698979,0.09698979,0.13245116,0.625,0.625,"[3, 5]",0.625,False,0.89037256,0.22530811,0.74603107,True
7,5,23,P4,0.07246641,-0.05982194,0.09062283,0.625,0.625,"[3, 5]",0.625,False,0.89037256,0.22530811,0.74603107,True
7,5,24,T5,0.07629852,0.01884458,0.10627642,0.625,0.625,"[3, 5]",0.625,False,0.89037256,0.22530811,0.74603107,True
7,5,25,T6,0.12830614,0.00996285,0.15402724,0.625,0.625,"[3, 5]",0.625,False,0.89037256,0.22530811,0.74603107,True
7,5,26,Oz,0.08170952,0.01486322,0.08513072,0.625,0.625,"[3, 5]",0.625,False,0.89037256,0.22530811,0.74603107,True
7,5,27,O1,0.04114179,0.00760368,0.05522526,0.625,0.625,"[3, 5]",0.625,False,0.89037256,0.22530811,0.74603107,True
7,5,28,O2,0.13116552,-0.06139799,0.14688,0.625,0.625,"[3, 5]",0.625,False,0.89037256,0.22530811,0.74603107,True
8,1,0,Fp1,0.10064797,-0.09524477,0.11649106,0.75,0.75,"[4, 4]",0.5,False,0.66609648,0.14939033,0.55811318,True
8,1,1,Fp2,0.08306075,0.07513388,0.13183472,0.75,0.75,"[4, 4]",0.5,False,0.66609648,0.14939033,0.55811318,True
8,1,2,Fz,0.14160317,-0.13580599,0.16268528,0.75,0.75,"[4, 4]",0.5,False,0.66609648,0.14939033,0.55811318,True
8,1,3,F3,0.08755288,0.00710887,0.10068414,0.75,0.75,"[4, 4]",0.5,False,0.66609648,0.14939033,0.55811318,True
8,1,4,F4,0.06281915,-0.00467251,0.08278958,0.75,0.75,"[4, 4]",0.5,False,0.66609648,0.14939033,0.55811318,True
8,1,5,F7,0.10449944,0.05551364,0.12308279,0.75,0.75,"[4, 4]",0.5,False,0.66609648,0.14939033,0.55811318,True
8,1,6,F8,0.05078712,0.02046037,0.06976192,0.75,0.75,"[4, 4]",0.5,False,0.66609648,0.14939033,0.55811318,True
8,1,7,FCz,0.08434547,0.07903977,0.10473921,0.75,0.75,"[4, 4]",0.5,False,0.66609648,0.14939033,0.55811318,True
8,1,8,FC3,0.04470288,0.0330268,0.05424036,0.75,0.75,"[4, 4]",0.5,False,0.66609648,0.14939033,0.55811318,True
8,1,9,FC4,0.04667808,-0.0284467,0.04814221,0.75,0.75,"[4, 4]",0.5,False,0.66609648,0.14939033,0.55811318,True
8,1,10,FT7,0.08095345,-0.0637701,0.09320439,0.75,0.75,"[4, 4]",0.5,False,0.66609648,0.14939033,0.55811318,True
8,1,11,FT8,0.09924919,-0.0234167,0.11668239,0.75,0.75,"[4, 4]",0.5,False,0.66609648,0.14939033,0.55811318,True
8,1,12,Cz,0.09371643,0.08638385,0.11416154,0.75,0.75,"[4, 4]",0.5,False,0.66609648,0.14939033,0.55811318,True
8,1,13,C3,0.19645333,0.12259296,0.20002452,0.75,0.75,"[4, 4]",0.5,False,0.66609648,0.14939033,0.55811318,True
8,1,14,C4,0.04038209,-0.02867803,0.0511829,0.75,0.75,"[4, 4]",0.5,False,0.66609648,0.14939033,0.55811318,True
8,1,15,T3,0.08662034,0.05879206,0.11065356,0.75,0.75,"[4, 4]",0.5,False,0.66609648,0.14939033,0.55811318,True
8,1,16,T4,0.10790468,-0.00686087,0.12443665,0.75,0.75,"[4, 4]",0.5,False,0.66609648,0.14939033,0.55811318,True
8,1,17,CP3,0.13594957,0.09588049,0.16476916,0.75,0.75,"[4, 4]",0.5,False,0.66609648,0.14939033,0.55811318,True
8,1,18,CP4,0.11326911,0.02480449,0.14444147,0.75,0.75,"[4, 4]",0.5,False,0.66609648,0.14939033,0.55811318,True
8,1,19,TP7,0.09577798,-0.07254128,0.12084114,0.75,0.75,"[4, 4]",0.5,False,0.66609648,0.14939033,0.55811318,True
8,1,20,TP8,0.03900517,-0.03900517,0.04826281,0.75,0.75,"[4, 4]",0.5,False,0.66609648,0.14939033,0.55811318,True
8,1,21,Pz,0.09124455,-0.00681308,0.09229938,0.75,0.75,"[4, 4]",0.5,False,0.66609648,0.14939033,0.55811318,True
8,1,22,P3,0.07532751,0.06166096,0.09789696,0.75,0.75,"[4, 4]",0.5,False,0.66609648,0.14939033,0.55811318,True
8,1,23,P4,0.05535161,-0.03056922,0.0600926,0.75,0.75,"[4, 4]",0.5,False,0.66609648,0.14939033,0.55811318,True
8,1,24,T5,0.11077671,0.11077671,0.11581528,0.75,0.75,"[4, 4]",0.5,False,0.66609648,0.14939033,0.55811318,True
8,1,25,T6,0.10928081,-0.04589983,0.12386087,0.75,0.75,"[4, 4]",0.5,False,0.66609648,0.14939033,0.55811318,True
8,1,26,Oz,0.07083836,0.0324446,0.09037592,0.75,0.75,"[4, 4]",0.5,False,0.66609648,0.14939033,0.55811318,True
8,1,27,O1,0.10535001,0.04030545,0.11808345,0.75,0.75,"[4, 4]",0.5,False,0.66609648,0.14939033,0.55811318,True
8,1,28,O2,0.14706884,-0.00178139,0.15093869,0.75,0.75,"[4, 4]",0.5,False,0.66609648,0.14939033,0.55811318,True
8,2,0,Fp1,0.11751696,-0.07240977,0.12046728,0.75,0.75,"[2, 6]",0.75,False,0.60918003,0.1709649,0.51042367,True
8,2,1,Fp2,0.06672959,0.05190635,0.08485417,0.75,0.75,"[2, 6]",0.75,False,0.60918003,0.1709649,0.51042367,True
8,2,2,Fz,0.09716098,-0.08831108,0.1112826,0.75,0.75,"[2, 6]",0.75,False,0.60918003,0.1709649,0.51042367,True
8,2,3,F3,0.06786519,-0.00616156,0.08561455,0.75,0.75,"[2, 6]",0.75,False,0.60918003,0.1709649,0.51042367,True
8,2,4,F4,0.07939491,0.00761341,0.08952636,0.75,0.75,"[2, 6]",0.75,False,0.60918003,0.1709649,0.51042367,True
8,2,5,F7,0.10705304,0.09536888,0.11948854,0.75,0.75,"[2, 6]",0.75,False,0.60918003,0.1709649,0.51042367,True
8,2,6,F8,0.12250162,-0.04782159,0.13045909,0.75,0.75,"[2, 6]",0.75,False,0.60918003,0.1709649,0.51042367,True
8,2,7,FCz,0.10582485,0.10308107,0.13880645,0.75,0.75,"[2, 6]",0.75,False,0.60918003,0.1709649,0.51042367,True
8,2,8,FC3,0.03156035,-0.00309866,0.03271337,0.75,0.75,"[2, 6]",0.75,False,0.60918003,0.1709649,0.51042367,True
8,2,9,FC4,0.03144432,-0.02320573,0.05476904,0.75,0.75,"[2, 6]",0.75,False,0.60918003,0.1709649,0.51042367,True
8,2,10,FT7,0.07517949,-0.01732573,0.08902898,0.75,0.75,"[2, 6]",0.75,False,0.60918003,0.1709649,0.51042367,True
8,2,11,FT8,0.08320853,-0.05008626,0.09043253,0.75,0.75,"[2, 6]",0.75,False,0.60918003,0.1709649,0.51042367,True
8,2,12,Cz,0.07476249,0.07476249,0.09144723,0.75,0.75,"[2, 6]",0.75,False,0.60918003,0.1709649,0.51042367,True
8,2,13,C3,0.11436282,0.0514415,0.11626639,0.75,0.75,"[2, 6]",0.75,False,0.60918003,0.1709649,0.51042367,True
8,2,14,C4,0.06633085,-0.02235114,0.07104734,0.75,0.75,"[2, 6]",0.75,False,0.60918003,0.1709649,0.51042367,True
8,2,15,T3,0.08544351,0.08544351,0.09875323,0.75,0.75,"[2, 6]",0.75,False,0.60918003,0.1709649,0.51042367,True
8,2,16,T4,0.10496783,-0.0234891,0.1180886,0.75,0.75,"[2, 6]",0.75,False,0.60918003,0.1709649,0.51042367,True
8,2,17,CP3,0.09633971,0.02189129,0.12575163,0.75,0.75,"[2, 6]",0.75,False,0.60918003,0.1709649,0.51042367,True
8,2,18,CP4,0.1322886,0.06049852,0.15598442,0.75,0.75,"[2, 6]",0.75,False,0.60918003,0.1709649,0.51042367,True
8,2,19,TP7,0.12452313,-0.12452313,0.12924136,0.75,0.75,"[2, 6]",0.75,False,0.60918003,0.1709649,0.51042367,True
8,2,20,TP8,0.07519294,-0.0117019,0.09876993,0.75,0.75,"[2, 6]",0.75,False,0.60918003,0.1709649,0.51042367,True
8,2,21,Pz,0.13172016,0.01873777,0.13718745,0.75,0.75,"[2, 6]",0.75,False,0.60918003,0.1709649,0.51042367,True
8,2,22,P3,0.07227112,0.06925512,0.09525636,0.75,0.75,"[2, 6]",0.75,False,0.60918003,0.1709649,0.51042367,True
8,2,23,P4,0.03041928,0.01019788,0.03493519,0.75,0.75,"[2, 6]",0.75,False,0.60918003,0.1709649,0.51042367,True
8,2,24,T5,0.11365765,0.1001481,0.13744335,0.75,0.75,"[2, 6]",0.75,False,0.60918003,0.1709649,0.51042367,True
8,2,25,T6,0.09288643,-0.04218258,0.09554938,0.75,0.75,"[2, 6]",0.75,False,0.60918003,0.1709649,0.51042367,True
8,2,26,Oz,0.11425145,0.08545569,0.12160823,0.75,0.75,"[2, 6]",0.75,False,0.60918003,0.1709649,0.51042367,True
8,2,27,O1,0.09958754,0.07394653,0.12508227,0.75,0.75,"[2, 6]",0.75,False,0.60918003,0.1709649,0.51042367,True
8,2,28,O2,0.17807123,0.00680274,0.18203077,0.75,0.75,"[2, 6]",0.75,False,0.60918003,0.1709649,0.51042367,True
8,3,0,Fp1,0.10207256,-0.09634721,0.11615781,0.625,0.625,"[5, 3]",0.625,False,0.3344831,0.08573323,0.28025885,True
8,3,1,Fp2,0.07285352,0.07160638,0.09570865,0.625,0.625,"[5, 3]",0.625,False,0.3344831,0.08573323,0.28025885,True
8,3,2,Fz,0.10842319,-0.10228252,0.12642062,0.625,0.625,"[5, 3]",0.625,False,0.3344831,0.08573323,0.28025885,True
8,3,3,F3,0.08489423,0.00851405,0.09650127,0.625,0.625,"[5, 3]",0.625,False,0.3344831,0.08573323,0.28025885,True
8,3,4,F4,0.10168882,0.02211832,0.11406799,0.625,0.625,"[5, 3]",0.625,False,0.3344831,0.08573323,0.28025885,True
8,3,5,F7,0.08895766,0.08458694,0.11209339,0.625,0.625,"[5, 3]",0.625,False,0.3344831,0.08573323,0.28025885,True
8,3,6,F8,0.09628168,-0.03879688,0.09865002,0.625,0.625,"[5, 3]",0.625,False,0.3344831,0.08573323,0.28025885,True
8,3,7,FCz,0.10419834,0.09377107,0.12719704,0.625,0.625,"[5, 3]",0.625,False,0.3344831,0.08573323,0.28025885,True
8,3,8,FC3,0.03662727,-0.01742053,0.041765,0.625,0.625,"[5, 3]",0.625,False,0.3344831,0.08573323,0.28025885,True
8,3,9,FC4,0.05629222,-0.03876285,0.06332813,0.625,0.625,"[5, 3]",0.625,False,0.3344831,0.08573323,0.28025885,True
8,3,10,FT7,0.10455276,-0.05235635,0.11216993,0.625,0.625,"[5, 3]",0.625,False,0.3344831,0.08573323,0.28025885,True
8,3,11,FT8,0.06591709,-0.01941876,0.08768363,0.625,0.625,"[5, 3]",0.625,False,0.3344831,0.08573323,0.28025885,True
8,3,12,Cz,0.06776239,0.06776239,0.0854017,0.625,0.625,"[5, 3]",0.625,False,0.3344831,0.08573323,0.28025885,True
8,3,13,C3,0.12005498,0.05890229,0.12176804,0.625,0.625,"[5, 3]",0.625,False,0.3344831,0.08573323,0.28025885,True
8,3,14,C4,0.06869631,-0.05578801,0.08633294,0.625,0.625,"[5, 3]",0.625,False,0.3344831,0.08573323,0.28025885,True
8,3,15,T3,0.1173329,0.1173329,0.1253197,0.625,0.625,"[5, 3]",0.625,False,0.3344831,0.08573323,0.28025885,True
8,3,16,T4,0.11665762,-0.0002361,0.12616912,0.625,0.625,"[5, 3]",0.625,False,0.3344831,0.08573323,0.28025885,True
8,3,17,CP3,0.12375627,0.00837723,0.14267898,0.625,0.625,"[5, 3]",0.625,False,0.3344831,0.08573323,0.28025885,True
8,3,18,CP4,0.1074577,0.03475375,0.12875551,0.625,0.625,"[5, 3]",0.625,False,0.3344831,0.08573323,0.28025885,True
8,3,19,TP7,0.09284061,-0.06064216,0.11251955,0.625,0.625,"[5, 3]",0.625,False,0.3344831,0.08573323,0.28025885,True
8,3,20,TP8,0.08368008,-0.03779279,0.10001573,0.625,0.625,"[5, 3]",0.625,False,0.3344831,0.08573323,0.28025885,True
8,3,21,Pz,0.12875533,0.01784476,0.13068458,0.625,0.625,"[5, 3]",0.625,False,0.3344831,0.08573323,0.28025885,True
8,3,22,P3,0.13304344,0.13304344,0.13842799,0.625,0.625,"[5, 3]",0.625,False,0.3344831,0.08573323,0.28025885,True
8,3,23,P4,0.08531769,-0.06260647,0.08840621,0.625,0.625,"[5, 3]",0.625,False,0.3344831,0.08573323,0.28025885,True
8,3,24,T5,0.08561534,0.06811893,0.10574289,0.625,0.625,"[5, 3]",0.625,False,0.3344831,0.08573323,0.28025885,True
8,3,25,T6,0.0706104,-0.03780689,0.08011874,0.625,0.625,"[5, 3]",0.625,False,0.3344831,0.08573323,0.28025885,True
8,3,26,Oz,0.08262288,0.05167073,0.09398387,0.625,0.625,"[5, 3]",0.625,False,0.3344831,0.08573323,0.28025885,True
8,3,27,O1,0.11372028,0.04540543,0.123818,0.625,0.625,"[5, 3]",0.625,False,0.3344831,0.08573323,0.28025885,True
8,3,28,O2,0.15017998,0.00724118,0.15178327,0.625,0.625,"[5, 3]",0.625,False,0.3344831,0.08573323,0.28025885,True
8,4,0,Fp1,0.08499779,-0.04405532,0.09667338,0.75,0.75,"[4, 4]",0.5,False,1.18847244,0.34655114,0.9958049,True
8,4,1,Fp2,0.11016145,0.00240602,0.11208574,0.75,0.75,"[4, 4]",0.5,False,1.18847244,0.34655114,0.9958049,True
8,4,2,Fz,0.0878437,-0.04837537,0.09656678,0.75,0.75,"[4, 4]",0.5,False,1.18847244,0.34655114,0.9958049,True
8,4,3,F3,0.07984,-0.03883509,0.09191506,0.75,0.75,"[4, 4]",0.5,False,1.18847244,0.34655114,0.9958049,True
8,4,4,F4,0.09070256,0.06690431,0.1390754,0.75,0.75,"[4, 4]",0.5,False,1.18847244,0.34655114,0.9958049,True
8,4,5,F7,0.08444317,0.07751342,0.09671203,0.75,0.75,"[4, 4]",0.5,False,1.18847244,0.34655114,0.9958049,True
8,4,6,F8,0.06446145,-0.02525835,0.06979735,0.75,0.75,"[4, 4]",0.5,False,1.18847244,0.34655114,0.9958049,True
8,4,7,FCz,0.13363531,0.05754542,0.15603361,0.75,0.75,"[4, 4]",0.5,False,1.18847244,0.34655114,0.9958049,True
8,4,8,FC3,0.06871327,-0.04637199,0.0755192,0.75,0.75,"[4, 4]",0.5,False,1.18847244,0.34655114,0.9958049,True
8,4,9,FC4,0.06900618,-0.01506762,0.08411881,0.75,0.75,"[4, 4]",0.5,False,1.18847244,0.34655114,0.9958049,True
8,4,10,FT7,0.07639578,0.01330191,0.07988144,0.75,0.75,"[4, 4]",0.5,False,1.18847244,0.34655114,0.9958049,True
8,4,11,FT8,0.09840173,-0.05419629,0.10543878,0.75,0.75,"[4, 4]",0.5,False,1.18847244,0.34655114,0.9958049,True
8,4,12,Cz,0.10426385,0.06513453,0.12359533,0.75,0.75,"[4, 4]",0.5,False,1.18847244,0.34655114,0.9958049,True
8,4,13,C3,0.1855571,0.05489006,0.20385559,0.75,0.75,"[4, 4]",0.5,False,1.18847244,0.34655114,0.9958049,True
8,4,14,C4,0.18091838,0.00338693,0.18178888,0.75,0.75,"[4, 4]",0.5,False,1.18847244,0.34655114,0.9958049,True
8,4,15,T3,0.042762,0.00096741,0.05006053,0.75,0.75,"[4, 4]",0.5,False,1.18847244,0.34655114,0.9958049,True
8,4,16,T4,0.05798836,0.04904169,0.07035048,0.75,0.75,"[4, 4]",0.5,False,1.18847244,0.34655114,0.9958049,True
8,4,17,CP3,0.15291242,-0.01973694,0.18796502,0.75,0.75,"[4, 4]",0.5,False,1.18847244,0.34655114,0.9958049,True
8,4,18,CP4,0.1283228,-0.05974576,0.132807,0.75,0.75,"[4, 4]",0.5,False,1.18847244,0.34655114,0.9958049,True
8,4,19,TP7,0.07014046,-0.05932938,0.08245431,0.75,0.75,"[4, 4]",0.5,False,1.18847244,0.34655114,0.9958049,True
8,4,20,TP8,0.07719758,-0.0030139,0.0960002,0.75,0.75,"[4, 4]",0.5,False,1.18847244,0.34655114,0.9958049,True
8,4,21,Pz,0.10332963,0.03406487,0.12002622,0.75,0.75,"[4, 4]",0.5,False,1.18847244,0.34655114,0.9958049,True
8,4,22,P3,0.17583364,0.10014191,0.20632267,0.75,0.75,"[4, 4]",0.5,False,1.18847244,0.34655114,0.9958049,True
8,4,23,P4,0.15134306,0.10240767,0.16529851,0.75,0.75,"[4, 4]",0.5,False,1.18847244,0.34655114,0.9958049,True
8,4,24,T5,0.08431588,0.08431588,0.10242184,0.75,0.75,"[4, 4]",0.5,False,1.18847244,0.34655114,0.9958049,True
8,4,25,T6,0.09492389,0.01309277,0.1057351,0.75,0.75,"[4, 4]",0.5,False,1.18847244,0.34655114,0.9958049,True
8,4,26,Oz,0.08153237,0.0587799,0.08573426,0.75,0.75,"[4, 4]",0.5,False,1.18847244,0.34655114,0.9958049,True
8,4,27,O1,0.08544483,-0.0162956,0.09384446,0.75,0.75,"[4, 4]",0.5,False,1.18847244,0.34655114,0.9958049,True
8,4,28,O2,0.04904053,-0.00929852,0.05274869,0.75,0.75,"[4, 4]",0.5,False,1.18847244,0.34655114,0.9958049,True
8,5,0,Fp1,0.09442154,-0.0793275,0.10875523,1.0,1.0,"[4, 4]",0.5,False,0.83693421,0.1710552,0.7012558,True
8,5,1,Fp2,0.07780038,0.0338002,0.09821401,1.0,1.0,"[4, 4]",0.5,False,0.83693421,0.1710552,0.7012558,True
8,5,2,Fz,0.1123455,-0.11102267,0.13169406,1.0,1.0,"[4, 4]",0.5,False,0.83693421,0.1710552,0.7012558,True
8,5,3,F3,0.06715019,-0.03704087,0.08223545,1.0,1.0,"[4, 4]",0.5,False,0.83693421,0.1710552,0.7012558,True
8,5,4,F4,0.08461478,0.00697514,0.10060151,1.0,1.0,"[4, 4]",0.5,False,0.83693421,0.1710552,0.7012558,True
8,5,5,F7,0.13203791,0.13203791,0.13461021,1.0,1.0,"[4, 4]",0.5,False,0.83693421,0.1710552,0.7012558,True
8,5,6,F8,0.07211273,0.00319241,0.08694807,1.0,1.0,"[4, 4]",0.5,False,0.83693421,0.1710552,0.7012558,True
8,5,7,FCz,0.09651758,0.0936331,0.14056976,1.0,1.0,"[4, 4]",0.5,False,0.83693421,0.1710552,0.7012558,True
8,5,8,FC3,0.0549819,0.00253912,0.06154704,1.0,1.0,"[4, 4]",0.5,False,0.83693421,0.1710552,0.7012558,True
8,5,9,FC4,0.0428172,0.02779319,0.06423588,1.0,1.0,"[4, 4]",0.5,False,0.83693421,0.1710552,0.7012558,True
8,5,10,FT7,0.02491752,-0.01783514,0.03111002,1.0,1.0,"[4, 4]",0.5,False,0.83693421,0.1710552,0.7012558,True
8,5,11,FT8,0.0596775,-0.03616021,0.08049658,1.0,1.0,"[4, 4]",0.5,False,0.83693421,0.1710552,0.7012558,True
8,5,12,Cz,0.08603372,0.08603372,0.09433419,1.0,1.0,"[4, 4]",0.5,False,0.83693421,0.1710552,0.7012558,True
8,5,13,C3,0.22929139,0.10885113,0.24354781,1.0,1.0,"[4, 4]",0.5,False,0.83693421,0.1710552,0.7012558,True
8,5,14,C4,0.05862859,0.00733951,0.05987319,1.0,1.0,"[4, 4]",0.5,False,0.83693421,0.1710552,0.7012558,True
8,5,15,T3,0.1031478,0.07763848,0.13308199,1.0,1.0,"[4, 4]",0.5,False,0.83693421,0.1710552,0.7012558,True
8,5,16,T4,0.07711058,-0.01299565,0.09570943,1.0,1.0,"[4, 4]",0.5,False,0.83693421,0.1710552,0.7012558,True
8,5,17,CP3,0.171426,0.0376249,0.19126682,1.0,1.0,"[4, 4]",0.5,False,0.83693421,0.1710552,0.7012558,True
8,5,18,CP4,0.12847097,0.01721387,0.14523785,1.0,1.0,"[4, 4]",0.5,False,0.83693421,0.1710552,0.7012558,True
8,5,19,TP7,0.10721049,-0.10721049,0.12570864,1.0,1.0,"[4, 4]",0.5,False,0.83693421,0.1710552,0.7012558,True
8,5,20,TP8,0.11661716,-0.01025168,0.14037775,1.0,1.0,"[4, 4]",0.5,False,0.83693421,0.1710552,0.7012558,True
8,5,21,Pz,0.14133251,0.00916973,0.14220485,1.0,1.0,"[4, 4]",0.5,False,0.83693421,0.1710552,0.7012558,True
8,5,22,P3,0.02836737,-0.0087916,0.02972087,1.0,1.0,"[4, 4]",0.5,False,0.83693421,0.1710552,0.7012558,True
8,5,23,P4,0.05565917,-0.02105342,0.06407189,1.0,1.0,"[4, 4]",0.5,False,0.83693421,0.1710552,0.7012558,True
8,5,24,T5,0.10246643,0.09628706,0.13176933,1.0,1.0,"[4, 4]",0.5,False,0.83693421,0.1710552,0.7012558,True
8,5,25,T6,0.07941432,-0.03233574,0.09012416,1.0,1.0,"[4, 4]",0.5,False,0.83693421,0.1710552,0.7012558,True
8,5,26,Oz,0.11591069,0.05017569,0.13510391,1.0,1.0,"[4, 4]",0.5,False,0.83693421,0.1710552,0.7012558,True
8,5,27,O1,0.09366874,0.09366874,0.12491272,1.0,1.0,"[4, 4]",0.5,False,0.83693421,0.1710552,0.7012558,True
8,5,28,O2,0.11675684,-0.00140161,0.12035265,1.0,1.0,"[4, 4]",0.5,False,0.83693421,0.1710552,0.7012558,True
9,1,0,Fp1,0.07554018,-0.0018926,0.07729789,0.375,0.375,"[1, 7]",0.875,False,1.03475619,0.28015075,0.86700814,True
9,1,1,Fp2,0.07382214,0.07382214,0.07761046,0.375,0.375,"[1, 7]",0.875,False,1.03475619,0.28015075,0.86700814,True
9,1,2,Fz,0.14266126,-0.12666199,0.16460267,0.375,0.375,"[1, 7]",0.875,False,1.03475619,0.28015075,0.86700814,True
9,1,3,F3,0.08454984,0.08454984,0.12459705,0.375,0.375,"[1, 7]",0.875,False,1.03475619,0.28015075,0.86700814,True
9,1,4,F4,0.07414626,0.0545892,0.08036823,0.375,0.375,"[1, 7]",0.875,False,1.03475619,0.28015075,0.86700814,True
9,1,5,F7,0.10323303,0.02130489,0.11158471,0.375,0.375,"[1, 7]",0.875,False,1.03475619,0.28015075,0.86700814,True
9,1,6,F8,0.03664017,-0.03265884,0.04882645,0.375,0.375,"[1, 7]",0.875,False,1.03475619,0.28015075,0.86700814,True
9,1,7,FCz,0.03998142,-0.00540765,0.04595155,0.375,0.375,"[1, 7]",0.875,False,1.03475619,0.28015075,0.86700814,True
9,1,8,FC3,0.08681243,-0.02414732,0.09754892,0.375,0.375,"[1, 7]",0.875,False,1.03475619,0.28015075,0.86700814,True
9,1,9,FC4,0.0851147,-0.02393911,0.10839223,0.375,0.375,"[1, 7]",0.875,False,1.03475619,0.28015075,0.86700814,True
9,1,10,FT7,0.07456294,-0.00867216,0.08012165,0.375,0.375,"[1, 7]",0.875,False,1.03475619,0.28015075,0.86700814,True
9,1,11,FT8,0.07713724,0.02488897,0.08722126,0.375,0.375,"[1, 7]",0.875,False,1.03475619,0.28015075,0.86700814,True
9,1,12,Cz,0.14021057,-0.04168566,0.16284573,0.375,0.375,"[1, 7]",0.875,False,1.03475619,0.28015075,0.86700814,True
9,1,13,C3,0.16399147,0.07170545,0.17771867,0.375,0.375,"[1, 7]",0.875,False,1.03475619,0.28015075,0.86700814,True
9,1,14,C4,0.0949906,-0.0949906,0.12332115,0.375,0.375,"[1, 7]",0.875,False,1.03475619,0.28015075,0.86700814,True
9,1,15,T3,0.15073767,0.06951511,0.15616214,0.375,0.375,"[1, 7]",0.875,False,1.03475619,0.28015075,0.86700814,True
9,1,16,T4,0.1145741,-0.0120789,0.1433975,0.375,0.375,"[1, 7]",0.875,False,1.03475619,0.28015075,0.86700814,True
9,1,17,CP3,0.09768642,0.00931836,0.10887771,0.375,0.375,"[1, 7]",0.875,False,1.03475619,0.28015075,0.86700814,True
9,1,18,CP4,0.10030292,0.10030292,0.1315363,0.375,0.375,"[1, 7]",0.875,False,1.03475619,0.28015075,0.86700814,True
9,1,19,TP7,0.10943785,-0.0775154,0.13575801,0.375,0.375,"[1, 7]",0.875,False,1.03475619,0.28015075,0.86700814,True
9,1,20,TP8,0.10098877,-0.03440407,0.11292779,0.375,0.375,"[1, 7]",0.875,False,1.03475619,0.28015075,0.86700814,True
9,1,21,Pz,0.07933854,0.05080923,0.09542152,0.375,0.375,"[1, 7]",0.875,False,1.03475619,0.28015075,0.86700814,True
9,1,22,P3,0.0798221,0.03028287,0.09624926,0.375,0.375,"[1, 7]",0.875,False,1.03475619,0.28015075,0.86700814,True
9,1,23,P4,0.04046992,0.01312477,0.05338488,0.375,0.375,"[1, 7]",0.875,False,1.03475619,0.28015075,0.86700814,True
9,1,24,T5,0.08373607,0.04331988,0.11159669,0.375,0.375,"[1, 7]",0.875,False,1.03475619,0.28015075,0.86700814,True
9,1,25,T6,0.06046861,-0.02257983,0.07474632,0.375,0.375,"[1, 7]",0.875,False,1.03475619,0.28015075,0.86700814,True
9,1,26,Oz,0.05376556,0.04595775,0.06538104,0.375,0.375,"[1, 7]",0.875,False,1.03475619,0.28015075,0.86700814,True
9,1,27,O1,0.13654883,-0.04149227,0.14792368,0.375,0.375,"[1, 7]",0.875,False,1.03475619,0.28015075,0.86700814,True
9,1,28,O2,0.13957392,-0.02038831,0.14110892,0.375,0.375,"[1, 7]",0.875,False,1.03475619,0.28015075,0.86700814,True
9,2,0,Fp1,0.0817813,-0.07740631,0.09257901,0.25,0.25,"[4, 4]",0.5,False,0.27797375,0.06075999,0.23291043,True
9,2,1,Fp2,0.10309799,0.08814968,0.12395718,0.25,0.25,"[4, 4]",0.5,False,0.27797375,0.06075999,0.23291043,True
9,2,2,Fz,0.09315364,-0.08789919,0.10509946,0.25,0.25,"[4, 4]",0.5,False,0.27797375,0.06075999,0.23291043,True
9,2,3,F3,0.10000932,0.05136856,0.10463049,0.25,0.25,"[4, 4]",0.5,False,0.27797375,0.06075999,0.23291043,True
9,2,4,F4,0.09677983,0.03112829,0.10290343,0.25,0.25,"[4, 4]",0.5,False,0.27797375,0.06075999,0.23291043,True
9,2,5,F7,0.08884399,0.08884399,0.10121005,0.25,0.25,"[4, 4]",0.5,False,0.27797375,0.06075999,0.23291043,True
9,2,6,F8,0.06794652,-0.02374548,0.07084806,0.25,0.25,"[4, 4]",0.5,False,0.27797375,0.06075999,0.23291043,True
9,2,7,FCz,0.09048234,0.0826018,0.10384145,0.25,0.25,"[4, 4]",0.5,False,0.27797375,0.06075999,0.23291043,True
9,2,8,FC3,0.03350899,-0.0054439,0.04480087,0.25,0.25,"[4, 4]",0.5,False,0.27797375,0.06075999,0.23291043,True
9,2,9,FC4,0.06581768,-0.06581768,0.08293168,0.25,0.25,"[4, 4]",0.5,False,0.27797375,0.06075999,0.23291043,True
9,2,10,FT7,0.07467532,-0.05268666,0.09189752,0.25,0.25,"[4, 4]",0.5,False,0.27797375,0.06075999,0.23291043,True
9,2,11,FT8,0.0784462,-0.02127415,0.09451567,0.25,0.25,"[4, 4]",0.5,False,0.27797375,0.06075999,0.23291043,True
9,2,12,Cz,0.06636734,0.05251494,0.0720719,0.25,0.25,"[4, 4]",0.5,False,0.27797375,0.06075999,0.23291043,True
9,2,13,C3,0.10386829,0.05304442,0.10407469,0.25,0.25,"[4, 4]",0.5,False,0.27797375,0.06075999,0.23291043,True
9,2,14,C4,0.09651077,-0.09651077,0.10883307,0.25,0.25,"[4, 4]",0.5,False,0.27797375,0.06075999,0.23291043,True
9,2,15,T3,0.15705641,0.15705641,0.16457111,0.25,0.25,"[4, 4]",0.5,False,0.27797375,0.06075999,0.23291043,True
9,2,16,T4,0.11443485,-0.00179465,0.14197136,0.25,0.25,"[4, 4]",0.5,False,0.27797375,0.06075999,0.23291043,True
9,2,17,CP3,0.13379969,0.01394447,0.14646213,0.25,0.25,"[4, 4]",0.5,False,0.27797375,0.06075999,0.23291043,True
9,2,18,CP4,0.10578582,0.00554328,0.13419336,0.25,0.25,"[4, 4]",0.5,False,0.27797375,0.06075999,0.23291043,True
9,2,19,TP7,0.07717318,0.0035936,0.0792758,0.25,0.25,"[4, 4]",0.5,False,0.27797375,0.06075999,0.23291043,True
9,2,20,TP8,0.10967888,-0.06530091,0.12888852,0.25,0.25,"[4, 4]",0.5,False,0.27797375,0.06075999,0.23291043,True
9,2,21,Pz,0.14493756,-0.00528844,0.1452975,0.25,0.25,"[4, 4]",0.5,False,0.27797375,0.06075999,0.23291043,True
9,2,22,P3,0.08545475,0.08545475,0.10046447,0.25,0.25,"[4, 4]",0.5,False,0.27797375,0.06075999,0.23291043,True
9,2,23,P4,0.10483572,-0.10483572,0.11836073,0.25,0.25,"[4, 4]",0.5,False,0.27797375,0.06075999,0.23291043,True
9,2,24,T5,0.07957722,0.06730962,0.09454384,0.25,0.25,"[4, 4]",0.5,False,0.27797375,0.06075999,0.23291043,True
9,2,25,T6,0.07180165,-0.06747381,0.08515114,0.25,0.25,"[4, 4]",0.5,False,0.27797375,0.06075999,0.23291043,True
9,2,26,Oz,0.06087661,0.03468124,0.06458359,0.25,0.25,"[4, 4]",0.5,False,0.27797375,0.06075999,0.23291043,True
9,2,27,O1,0.10622425,0.02974474,0.12377122,0.25,0.25,"[4, 4]",0.5,False,0.27797375,0.06075999,0.23291043,True
9,2,28,O2,0.15991922,-0.03006249,0.16295771,0.25,0.25,"[4, 4]",0.5,False,0.27797375,0.06075999,0.23291043,True
9,3,0,Fp1,0.09344535,-0.07892488,0.10238296,0.5,0.5,"[2, 6]",0.75,False,0.18829654,0.04345816,0.15777111,True
9,3,1,Fp2,0.09773552,0.07691191,0.11313527,0.5,0.5,"[2, 6]",0.75,False,0.18829654,0.04345816,0.15777111,True
9,3,2,Fz,0.10285245,-0.08554532,0.1101904,0.5,0.5,"[2, 6]",0.75,False,0.18829654,0.04345816,0.15777111,True
9,3,3,F3,0.08807606,0.04445197,0.09323454,0.5,0.5,"[2, 6]",0.75,False,0.18829654,0.04345816,0.15777111,True
9,3,4,F4,0.08815205,0.0114551,0.09704228,0.5,0.5,"[2, 6]",0.75,False,0.18829654,0.04345816,0.15777111,True
9,3,5,F7,0.0929307,0.0929307,0.10284234,0.5,0.5,"[2, 6]",0.75,False,0.18829654,0.04345816,0.15777111,True
9,3,6,F8,0.06192855,-0.01773314,0.06493711,0.5,0.5,"[2, 6]",0.75,False,0.18829654,0.04345816,0.15777111,True
9,3,7,FCz,0.10268816,0.10268816,0.11679363,0.5,0.5,"[2, 6]",0.75,False,0.18829654,0.04345816,0.15777111,True
9,3,8,FC3,0.03489841,0.01556768,0.03839521,0.5,0.5,"[2, 6]",0.75,False,0.18829654,0.04345816,0.15777111,True
9,3,9,FC4,0.07078685,-0.07078685,0.08623912,0.5,0.5,"[2, 6]",0.75,False,0.18829654,0.04345816,0.15777111,True
9,3,10,FT7,0.08514991,-0.05187783,0.10774217,0.5,0.5,"[2, 6]",0.75,False,0.18829654,0.04345816,0.15777111,True
9,3,11,FT8,0.07812369,-0.0024284,0.09617348,0.5,0.5,"[2, 6]",0.75,False,0.18829654,0.04345816,0.15777111,True
9,3,12,Cz,0.06999142,0.06417291,0.08168942,0.5,0.5,"[2, 6]",0.75,False,0.18829654,0.04345816,0.15777111,True
9,3,13,C3,0.12253848,0.08585771,0.12801333,0.5,0.5,"[2, 6]",0.75,False,0.18829654,0.04345816,0.15777111,True
9,3,14,C4,0.09595688,-0.09595688,0.10947327,0.5,0.5,"[2, 6]",0.75,False,0.18829654,0.04345816,0.15777111,True
9,3,15,T3,0.13551359,0.13551359,0.14502423,0.5,0.5,"[2, 6]",0.75,False,0.18829654,0.04345816,0.15777111,True
9,3,16,T4,0.12011969,0.00207775,0.13888359,0.5,0.5,"[2, 6]",0.75,False,0.18829654,0.04345816,0.15777111,True
9,3,17,CP3,0.12201469,0.04035703,0.13784055,0.5,0.5,"[2, 6]",0.75,False,0.18829654,0.04345816,0.15777111,True
9,3,18,CP4,0.11041483,0.0176061,0.13414918,0.5,0.5,"[2, 6]",0.75,False,0.18829654,0.04345816,0.15777111,True
9,3,19,TP7,0.07993083,-0.02223353,0.0861529,0.5,0.5,"[2, 6]",0.75,False,0.18829654,0.04345816,0.15777111,True
9,3,20,TP8,0.10033042,-0.07166072,0.12492514,0.5,0.5,"[2, 6]",0.75,False,0.18829654,0.04345816,0.15777111,True
9,3,21,Pz,0.14440316,-0.002563,0.14461286,0.5,0.5,"[2, 6]",0.75,False,0.18829654,0.04345816,0.15777111,True
9,3,22,P3,0.09524778,0.09524778,0.10527132,0.5,0.5,"[2, 6]",0.75,False,0.18829654,0.04345816,0.15777111,True
9,3,23,P4,0.10673518,-0.10314988,0.12164801,0.5,0.5,"[2, 6]",0.75,False,0.18829654,0.04345816,0.15777111,True
9,3,24,T5,0.08834714,0.05999173,0.09646064,0.5,0.5,"[2, 6]",0.75,False,0.18829654,0.04345816,0.15777111,True
9,3,25,T6,0.08346181,-0.07025477,0.09853078,0.5,0.5,"[2, 6]",0.75,False,0.18829654,0.04345816,0.15777111,True
9,3,26,Oz,0.07239199,0.03020236,0.07546867,0.5,0.5,"[2, 6]",0.75,False,0.18829654,0.04345816,0.15777111,True
9,3,27,O1,0.10800489,0.03614423,0.12439311,0.5,0.5,"[2, 6]",0.75,False,0.18829654,0.04345816,0.15777111,True
9,3,28,O2,0.15548246,-0.03109534,0.15971349,0.5,0.5,"[2, 6]",0.75,False,0.18829654,0.04345816,0.15777111,True
9,4,0,Fp1,0.10867848,-0.09540936,0.12159185,0.5,0.5,"[0, 8]",1.0,True,0.01305271,0.00227541,0.01093669,True
9,4,1,Fp2,0.07865447,0.0613521,0.09567491,0.5,0.5,"[0, 8]",1.0,True,0.01305271,0.00227541,0.01093669,True
9,4,2,Fz,0.10435572,-0.09861457,0.11778465,0.5,0.5,"[0, 8]",1.0,True,0.01305271,0.00227541,0.01093669,True
9,4,3,F3,0.08857598,0.0278008,0.09514374,0.5,0.5,"[0, 8]",1.0,True,0.01305271,0.00227541,0.01093669,True
9,4,4,F4,0.09732672,0.01169959,0.10772076,0.5,0.5,"[0, 8]",1.0,True,0.01305271,0.00227541,0.01093669,True
9,4,5,F7,0.08472612,0.08172291,0.09820803,0.5,0.5,"[0, 8]",1.0,True,0.01305271,0.00227541,0.01093669,True
9,4,6,F8,0.07689089,-0.02939925,0.077748,0.5,0.5,"[0, 8]",1.0,True,0.01305271,0.00227541,0.01093669,True
9,4,7,FCz,0.09830445,0.09830445,0.11395981,0.5,0.5,"[0, 8]",1.0,True,0.01305271,0.00227541,0.01093669,True
9,4,8,FC3,0.03057856,0.00625811,0.03715472,0.5,0.5,"[0, 8]",1.0,True,0.01305271,0.00227541,0.01093669,True
9,4,9,FC4,0.05792075,-0.05792075,0.07714066,0.5,0.5,"[0, 8]",1.0,True,0.01305271,0.00227541,0.01093669,True
9,4,10,FT7,0.09105899,-0.05810896,0.10479826,0.5,0.5,"[0, 8]",1.0,True,0.01305271,0.00227541,0.01093669,True
9,4,11,FT8,0.08055522,-0.00312485,0.09767882,0.5,0.5,"[0, 8]",1.0,True,0.01305271,0.00227541,0.01093669,True
9,4,12,Cz,0.07682229,0.07489031,0.09187482,0.5,0.5,"[0, 8]",1.0,True,0.01305271,0.00227541,0.01093669,True
9,4,13,C3,0.1161383,0.07307797,0.11830931,0.5,0.5,"[0, 8]",1.0,True,0.01305271,0.00227541,0.01093669,True
9,4,14,C4,0.08572486,-0.07481297,0.09624498,0.5,0.5,"[0, 8]",1.0,True,0.01305271,0.00227541,0.01093669,True
9,4,15,T3,0.1261808,0.1261808,0.13151239,0.5,0.5,"[0, 8]",1.0,True,0.01305271,0.00227541,0.01093669,True
9,4,16,T4,0.12174603,0.01357909,0.13395764,0.5,0.5,"[0, 8]",1.0,True,0.01305271,0.00227541,0.01093669,True
9,4,17,CP3,0.12097324,0.03377867,0.1396319,0.5,0.5,"[0, 8]",1.0,True,0.01305271,0.00227541,0.01093669,True
9,4,18,CP4,0.11177406,0.03421271,0.12859964,0.5,0.5,"[0, 8]",1.0,True,0.01305271,0.00227541,0.01093669,True
9,4,19,TP7,0.08295345,-0.01906493,0.09289417,0.5,0.5,"[0, 8]",1.0,True,0.01305271,0.00227541,0.01093669,True
9,4,20,TP8,0.0890791,-0.05924864,0.10820689,0.5,0.5,"[0, 8]",1.0,True,0.01305271,0.00227541,0.01093669,True
9,4,21,Pz,0.15345222,0.00707829,0.153668,0.5,0.5,"[0, 8]",1.0,True,0.01305271,0.00227541,0.01093669,True
9,4,22,P3,0.108449,0.108449,0.11767488,0.5,0.5,"[0, 8]",1.0,True,0.01305271,0.00227541,0.01093669,True
9,4,23,P4,0.10407414,-0.09313855,0.11622061,0.5,0.5,"[0, 8]",1.0,True,0.01305271,0.00227541,0.01093669,True
9,4,24,T5,0.1041082,0.07326661,0.11377925,0.5,0.5,"[0, 8]",1.0,True,0.01305271,0.00227541,0.01093669,True
9,4,25,T6,0.08040269,-0.06199574,0.09145711,0.5,0.5,"[0, 8]",1.0,True,0.01305271,0.00227541,0.01093669,True
9,4,26,Oz,0.07784279,0.04288105,0.08031406,0.5,0.5,"[0, 8]",1.0,True,0.01305271,0.00227541,0.01093669,True
9,4,27,O1,0.12191233,0.05622384,0.13215694,0.5,0.5,"[0, 8]",1.0,True,0.01305271,0.00227541,0.01093669,True
9,4,28,O2,0.14429076,-0.02318819,0.14686386,0.5,0.5,"[0, 8]",1.0,True,0.01305271,0.00227541,0.01093669,True
9,5,0,Fp1,0.10881858,-0.0957412,0.12170372,0.5,0.5,"[0, 8]",1.0,True,0.01257148,0.00215036,0.01053347,True
9,5,1,Fp2,0.0787033,0.0613091,0.09588027,0.5,0.5,"[0, 8]",1.0,True,0.01257148,0.00215036,0.01053347,True
9,5,2,Fz,0.10477035,-0.09835362,0.11795055,0.5,0.5,"[0, 8]",1.0,True,0.01257148,0.00215036,0.01053347,True
9,5,3,F3,0.08850482,0.0275708,0.09507063,0.5,0.5,"[0, 8]",1.0,True,0.01257148,0.00215036,0.01053347,True
9,5,4,F4,0.09740913,0.01227118,0.10756323,0.5,0.5,"[0, 8]",1.0,True,0.01257148,0.00215036,0.01053347,True
9,5,5,F7,0.08457582,0.08156806,0.0980227,0.5,0.5,"[0, 8]",1.0,True,0.01257148,0.00215036,0.01053347,True
9,5,6,F8,0.07609151,-0.02878518,0.07701885,0.5,0.5,"[0, 8]",1.0,True,0.01257148,0.00215036,0.01053347,True
9,5,7,FCz,0.09891223,0.09891223,0.11454568,0.5,0.5,"[0, 8]",1.0,True,0.01257148,0.00215036,0.01053347,True
9,5,8,FC3,0.0305598,0.00602515,0.03703965,0.5,0.5,"[0, 8]",1.0,True,0.01257148,0.00215036,0.01053347,True
9,5,9,FC4,0.05841222,-0.05841222,0.07729605,0.5,0.5,"[0, 8]",1.0,True,0.01257148,0.00215036,0.01053347,True
9,5,10,FT7,0.09071075,-0.05834612,0.10455135,0.5,0.5,"[0, 8]",1.0,True,0.01257148,0.00215036,0.01053347,True
9,5,11,FT8,0.08082766,-0.00309839,0.09821726,0.5,0.5,"[0, 8]",1.0,True,0.01257148,0.00215036,0.01053347,True
9,5,12,Cz,0.07700748,0.07502282,0.09205229,0.5,0.5,"[0, 8]",1.0,True,0.01257148,0.00215036,0.01053347,True
9,5,13,C3,0.11600384,0.07226391,0.11804663,0.5,0.5,"[0, 8]",1.0,True,0.01257148,0.00215036,0.01053347,True
9,5,14,C4,0.08600922,-0.07554892,0.09666164,0.5,0.5,"[0, 8]",1.0,True,0.01257148,0.00215036,0.01053347,True
9,5,15,T3,0.1266306,0.1266306,0.13195716,0.5,0.5,"[0, 8]",1.0,True,0.01257148,0.00215036,0.01053347,True
9,5,16,T4,0.12166689,0.01346437,0.13412572,0.5,0.5,"[0, 8]",1.0,True,0.01257148,0.00215036,0.01053347,True
9,5,17,CP3,0.1206887,0.03284106,0.13945794,0.5,0.5,"[0, 8]",1.0,True,0.01257148,0.00215036,0.01053347,True
9,5,18,CP4,0.1111658,0.03375152,0.12810361,0.5,0.5,"[0, 8]",1.0,True,0.01257148,0.00215036,0.01053347,True
9,5,19,TP7,0.08340524,-0.01883984,0.09318998,0.5,0.5,"[0, 8]",1.0,True,0.01257148,0.00215036,0.01053347,True
9,5,20,TP8,0.08969744,-0.05926552,0.10872142,0.5,0.5,"[0, 8]",1.0,True,0.01257148,0.00215036,0.01053347,True
9,5,21,Pz,0.15358172,0.0061005,0.15373342,0.5,0.5,"[0, 8]",1.0,True,0.01257148,0.00215036,0.01053347,True
9,5,22,P3,0.10776597,0.10776597,0.11715223,0.5,0.5,"[0, 8]",1.0,True,0.01257148,0.00215036,0.01053347,True
9,5,23,P4,0.10490397,-0.09303723,0.11670274,0.5,0.5,"[0, 8]",1.0,True,0.01257148,0.00215036,0.01053347,True
9,5,24,T5,0.104082,0.07324782,0.11355984,0.5,0.5,"[0, 8]",1.0,True,0.01257148,0.00215036,0.01053347,True
9,5,25,T6,0.08044609,-0.06191739,0.09157092,0.5,0.5,"[0, 8]",1.0,True,0.01257148,0.00215036,0.01053347,True
9,5,26,Oz,0.07726665,0.04262932,0.07962504,0.5,0.5,"[0, 8]",1.0,True,0.01257148,0.00215036,0.01053347,True
9,5,27,O1,0.12205344,0.05650187,0.1325793,0.5,0.5,"[0, 8]",1.0,True,0.01257148,0.00215036,0.01053347,True
9,5,28,O2,0.14477411,-0.02356358,0.1475082,0.5,0.5,"[0, 8]",1.0,True,0.01257148,0.00215036,0.01053347,True
10,1,0,Fp1,0.10959102,-0.09579907,0.122614,0.5,0.5,"[0, 8]",1.0,True,0.01324233,0.00208464,0.01109557,True
10,1,1,Fp2,0.07793939,0.06146266,0.09509948,0.5,0.5,"[0, 8]",1.0,True,0.01324233,0.00208464,0.01109557,True
10,1,2,Fz,0.10391594,-0.09814516,0.11728466,0.5,0.5,"[0, 8]",1.0,True,0.01324233,0.00208464,0.01109557,True
10,1,3,F3,0.08885677,0.02787061,0.09550401,0.5,0.5,"[0, 8]",1.0,True,0.01324233,0.00208464,0.01109557,True
10,1,4,F4,0.09798023,0.01216676,0.10838398,0.5,0.5,"[0, 8]",1.0,True,0.01324233,0.00208464,0.01109557,True
10,1,5,F7,0.08402031,0.08228886,0.09814071,0.5,0.5,"[0, 8]",1.0,True,0.01324233,0.00208464,0.01109557,True
10,1,6,F8,0.0784697,-0.0294154,0.07947733,0.5,0.5,"[0, 8]",1.0,True,0.01324233,0.00208464,0.01109557,True
10,1,7,FCz,0.09810287,0.09810287,0.11382091,0.5,0.5,"[0, 8]",1.0,True,0.01324233,0.00208464,0.01109557,True
10,1,8,FC3,0.0315234,0.00618233,0.03832903,0.5,0.5,"[0, 8]",1.0,True,0.01324233,0.00208464,0.01109557,True
10,1,9,FC4,0.05837896,-0.05837896,0.07656189,0.5,0.5,"[0, 8]",1.0,True,0.01324233,0.00208464,0.01109557,True
10,1,10,FT7,0.08944178,-0.05691903,0.10295489,0.5,0.5,"[0, 8]",1.0,True,0.01324233,0.00208464,0.01109557,True
10,1,11,FT8,0.07992779,-0.0038844,0.09696334,0.5,0.5,"[0, 8]",1.0,True,0.01324233,0.00208464,0.01109557,True
10,1,12,Cz,0.07684437,0.07522937,0.09224088,0.5,0.5,"[0, 8]",1.0,True,0.01324233,0.00208464,0.01109557,True
10,1,13,C3,0.115288,0.07232404,0.11729195,0.5,0.5,"[0, 8]",1.0,True,0.01324233,0.00208464,0.01109557,True
10,1,14,C4,0.08595374,-0.0754618,0.09647433,0.5,0.5,"[0, 8]",1.0,True,0.01324233,0.00208464,0.01109557,True
10,1,15,T3,0.12780239,0.12780239,0.13298804,0.5,0.5,"[0, 8]",1.0,True,0.01324233,0.00208464,0.01109557,True
10,1,16,T4,0.12110034,0.01297397,0.13331698,0.5,0.5,"[0, 8]",1.0,True,0.01324233,0.00208464,0.01109557,True
10,1,17,CP3,0.12093591,0.03270199,0.13879877,0.5,0.5,"[0, 8]",1.0,True,0.01324233,0.00208464,0.01109557,True
10,1,18,CP4,0.11127814,0.03416985,0.12771375,0.5,0.5,"[0, 8]",1.0,True,0.01324233,0.00208464,0.01109557,True
10,1,19,TP7,0.08517513,-0.01769676,0.09520829,0.5,0.5,"[0, 8]",1.0,True,0.01324233,0.00208464,0.01109557,True
10,1,20,TP8,0.08811096,-0.05926035,0.10742766,0.5,0.5,"[0, 8]",1.0,True,0.01324233,0.00208464,0.01109557,True
10,1,21,Pz,0.15326408,0.00646171,0.15347475,0.5,0.5,"[0, 8]",1.0,True,0.01324233,0.00208464,0.01109557,True
10,1,22,P3,0.10819353,0.10819353,0.11779374,0.5,0.5,"[0, 8]",1.0,True,0.01324233,0.00208464,0.01109557,True
10,1,23,P4,0.10412907,-0.09337328,0.11654655,0.5,0.5,"[0, 8]",1.0,True,0.01324233,0.00208464,0.01109557,True
10,1,24,T5,0.105591,0.07290699,0.11506303,0.5,0.5,"[0, 8]",1.0,True,0.01324233,0.00208464,0.01109557,True
10,1,25,T6,0.08100052,-0.06246103,0.09191836,0.5,0.5,"[0, 8]",1.0,True,0.01324233,0.00208464,0.01109557,True
10,1,26,Oz,0.07817939,0.0421868,0.08052253,0.5,0.5,"[0, 8]",1.0,True,0.01324233,0.00208464,0.01109557,True
10,1,27,O1,0.12181827,0.0560188,0.13175084,0.5,0.5,"[0, 8]",1.0,True,0.01324233,0.00208464,0.01109557,True
10,1,28,O2,0.1438382,-0.02385183,0.14651377,0.5,0.5,"[0, 8]",1.0,True,0.01324233,0.00208464,0.01109557,True
10,2,0,Fp1,0.1102071,-0.09594454,0.12298834,0.5,0.5,"[0, 8]",1.0,True,0.01172496,0.00202078,0.00982419,True
10,2,1,Fp2,0.07749835,0.06133661,0.09471495,0.5,0.5,"[0, 8]",1.0,True,0.01172496,0.00202078,0.00982419,True
10,2,2,Fz,0.10377421,-0.09832754,0.11731303,0.5,0.5,"[0, 8]",1.0,True,0.01172496,0.00202078,0.00982419,True
10,2,3,F3,0.08907123,0.02793478,0.09579091,0.5,0.5,"[0, 8]",1.0,True,0.01172496,0.00202078,0.00982419,True
10,2,4,F4,0.09779204,0.01201447,0.10836944,0.5,0.5,"[0, 8]",1.0,True,0.01172496,0.00202078,0.00982419,True
10,2,5,F7,0.08392853,0.08194105,0.0978736,0.5,0.5,"[0, 8]",1.0,True,0.01172496,0.00202078,0.00982419,True
10,2,6,F8,0.07858124,-0.02977019,0.07957536,0.5,0.5,"[0, 8]",1.0,True,0.01172496,0.00202078,0.00982419,True
10,2,7,FCz,0.09968942,0.09968942,0.1148669,0.5,0.5,"[0, 8]",1.0,True,0.01172496,0.00202078,0.00982419,True
10,2,8,FC3,0.03158067,0.00666322,0.03825715,0.5,0.5,"[0, 8]",1.0,True,0.01172496,0.00202078,0.00982419,True
10,2,9,FC4,0.05825017,-0.05825017,0.07619325,0.5,0.5,"[0, 8]",1.0,True,0.01172496,0.00202078,0.00982419,True
10,2,10,FT7,0.08965079,-0.05803821,0.10346554,0.5,0.5,"[0, 8]",1.0,True,0.01172496,0.00202078,0.00982419,True
10,2,11,FT8,0.07908665,-0.00347292,0.09622385,0.5,0.5,"[0, 8]",1.0,True,0.01172496,0.00202078,0.00982419,True
10,2,12,Cz,0.07670669,0.07564148,0.09256941,0.5,0.5,"[0, 8]",1.0,True,0.01172496,0.00202078,0.00982419,True
10,2,13,C3,0.11559491,0.07282747,0.11773339,0.5,0.5,"[0, 8]",1.0,True,0.01172496,0.00202078,0.00982419,True
10,2,14,C4,0.08552946,-0.07565665,0.09632012,0.5,0.5,"[0, 8]",1.0,True,0.01172496,0.00202078,0.00982419,True
10,2,15,T3,0.12736686,0.12736686,0.13249451,0.5,0.5,"[0, 8]",1.0,True,0.01172496,0.00202078,0.00982419,True
10,2,16,T4,0.12189333,0.01342252,0.13435291,0.5,0.5,"[0, 8]",1.0,True,0.01172496,0.00202078,0.00982419,True
10,2,17,CP3,0.12062304,0.03288515,0.13875927,0.5,0.5,"[0, 8]",1.0,True,0.01172496,0.00202078,0.00982419,True
10,2,18,CP4,0.11110681,0.03392256,0.1274759,0.5,0.5,"[0, 8]",1.0,True,0.01172496,0.00202078,0.00982419,True
10,2,19,TP7,0.08399101,-0.01774139,0.09382996,0.5,0.5,"[0, 8]",1.0,True,0.01172496,0.00202078,0.00982419,True
10,2,20,TP8,0.08828934,-0.05985535,0.10778864,0.5,0.5,"[0, 8]",1.0,True,0.01172496,0.00202078,0.00982419,True
10,2,21,Pz,0.1529596,0.00675027,0.1531688,0.5,0.5,"[0, 8]",1.0,True,0.01172496,0.00202078,0.00982419,True
10,2,22,P3,0.10867007,0.10867007,0.11789239,0.5,0.5,"[0, 8]",1.0,True,0.01172496,0.00202078,0.00982419,True
10,2,23,P4,0.10367544,-0.09288772,0.11606132,0.5,0.5,"[0, 8]",1.0,True,0.01172496,0.00202078,0.00982419,True
10,2,24,T5,0.1052402,0.07326887,0.11446031,0.5,0.5,"[0, 8]",1.0,True,0.01172496,0.00202078,0.00982419,True
10,2,25,T6,0.08125179,-0.06245366,0.09213467,0.5,0.5,"[0, 8]",1.0,True,0.01172496,0.00202078,0.00982419,True
10,2,26,Oz,0.07832564,0.04263386,0.08056241,0.5,0.5,"[0, 8]",1.0,True,0.01172496,0.00202078,0.00982419,True
10,2,27,O1,0.12205373,0.05594288,0.13198118,0.5,0.5,"[0, 8]",1.0,True,0.01172496,0.00202078,0.00982419,True
10,2,28,O2,0.14390749,-0.02339807,0.14656675,0.5,0.5,"[0, 8]",1.0,True,0.01172496,0.00202078,0.00982419,True
10,3,0,Fp1,0.10505246,-0.08027683,0.1111396,0.5,0.5,"[8, 0]",1.0,True,0.87878502,0.26755951,0.73632202,True
10,3,1,Fp2,0.06214676,0.04741457,0.07728712,0.5,0.5,"[8, 0]",1.0,True,0.87878502,0.26755951,0.73632202,True
10,3,2,Fz,0.08571519,-0.08571519,0.08674289,0.5,0.5,"[8, 0]",1.0,True,0.87878502,0.26755951,0.73632202,True
10,3,3,F3,0.07472482,0.02724128,0.08818907,0.5,0.5,"[8, 0]",1.0,True,0.87878502,0.26755951,0.73632202,True
10,3,4,F4,0.10521917,-0.08601339,0.1434744,0.5,0.5,"[8, 0]",1.0,True,0.87878502,0.26755951,0.73632202,True
10,3,5,F7,0.08041721,0.07067,0.09012311,0.5,0.5,"[8, 0]",1.0,True,0.87878502,0.26755951,0.73632202,True
10,3,6,F8,0.08182118,0.02449181,0.11236688,0.5,0.5,"[8, 0]",1.0,True,0.87878502,0.26755951,0.73632202,True
10,3,7,FCz,0.05342102,0.0229478,0.07290548,0.5,0.5,"[8, 0]",1.0,True,0.87878502,0.26755951,0.73632202,True
10,3,8,FC3,0.08446034,0.01147166,0.09061101,0.5,0.5,"[8, 0]",1.0,True,0.87878502,0.26755951,0.73632202,True
10,3,9,FC4,0.11436946,-0.11436946,0.1572378,0.5,0.5,"[8, 0]",1.0,True,0.87878502,0.26755951,0.73632202,True
10,3,10,FT7,0.12959446,-0.07002351,0.13036795,0.5,0.5,"[8, 0]",1.0,True,0.87878502,0.26755951,0.73632202,True
10,3,11,FT8,0.08762894,-0.01002896,0.10125335,0.5,0.5,"[8, 0]",1.0,True,0.87878502,0.26755951,0.73632202,True
10,3,12,Cz,0.09067649,-0.03805892,0.10993469,0.5,0.5,"[8, 0]",1.0,True,0.87878502,0.26755951,0.73632202,True
10,3,13,C3,0.14880529,0.14880529,0.16534394,0.5,0.5,"[8, 0]",1.0,True,0.87878502,0.26755951,0.73632202,True
10,3,14,C4,0.14566068,-0.14566068,0.17282456,0.5,0.5,"[8, 0]",1.0,True,0.87878502,0.26755951,0.73632202,True
10,3,15,T3,0.15392692,0.15392692,0.16428807,0.5,0.5,"[8, 0]",1.0,True,0.87878502,0.26755951,0.73632202,True
10,3,16,T4,0.12447856,0.03660891,0.13632342,0.5,0.5,"[8, 0]",1.0,True,0.87878502,0.26755951,0.73632202,True
10,3,17,CP3,0.19547506,0.08186142,0.23371799,0.5,0.5,"[8, 0]",1.0,True,0.87878502,0.26755951,0.73632202,True
10,3,18,CP4,0.06066874,0.01085804,0.07440426,0.5,0.5,"[8, 0]",1.0,True,0.87878502,0.26755951,0.73632202,True
10,3,19,TP7,0.05084197,-0.03593613,0.0660334,0.5,0.5,"[8, 0]",1.0,True,0.87878502,0.26755951,0.73632202,True
10,3,20,TP8,0.06945759,-0.01251495,0.09079242,0.5,0.5,"[8, 0]",1.0,True,0.87878502,0.26755951,0.73632202,True
10,3,21,Pz,0.09797745,0.04139762,0.10567635,0.5,0.5,"[8, 0]",1.0,True,0.87878502,0.26755951,0.73632202,True
10,3,22,P3,0.13484146,0.13484146,0.15376967,0.5,0.5,"[8, 0]",1.0,True,0.87878502,0.26755951,0.73632202,True
10,3,23,P4,0.04726603,-0.02850991,0.07012369,0.5,0.5,"[8, 0]",1.0,True,0.87878502,0.26755951,0.73632202,True
10,3,24,T5,0.10858458,0.01551896,0.13772796,0.5,0.5,"[8, 0]",1.0,True,0.87878502,0.26755951,0.73632202,True
10,3,25,T6,0.05532312,0.01331744,0.07466062,0.5,0.5,"[8, 0]",1.0,True,0.87878502,0.26755951,0.73632202,True
10,3,26,Oz,0.06822788,0.02230978,0.07351792,0.5,0.5,"[8, 0]",1.0,True,0.87878502,0.26755951,0.73632202,True
10,3,27,O1,0.10902223,-0.02158427,0.13520765,0.5,0.5,"[8, 0]",1.0,True,0.87878502,0.26755951,0.73632202,True
10,3,28,O2,0.08446445,0.01432468,0.08977817,0.5,0.5,"[8, 0]",1.0,True,0.87878502,0.26755951,0.73632202,True
10,4,0,Fp1,0.11860079,-0.11860079,0.13400771,0.5,0.5,"[4, 4]",0.5,False,0.93013548,0.26187953,0.77934788,True
10,4,1,Fp2,0.06743727,0.06743727,0.07242949,0.5,0.5,"[4, 4]",0.5,False,0.93013548,0.26187953,0.77934788,True
10,4,2,Fz,0.09945574,-0.09945574,0.1073285,0.5,0.5,"[4, 4]",0.5,False,0.93013548,0.26187953,0.77934788,True
10,4,3,F3,0.10765019,0.05559206,0.1258124,0.5,0.5,"[4, 4]",0.5,False,0.93013548,0.26187953,0.77934788,True
10,4,4,F4,0.13668796,-0.09763697,0.17157686,0.5,0.5,"[4, 4]",0.5,False,0.93013548,0.26187953,0.77934788,True
10,4,5,F7,0.09500782,0.09500782,0.10443224,0.5,0.5,"[4, 4]",0.5,False,0.93013548,0.26187953,0.77934788,True
10,4,6,F8,0.10987072,0.10987072,0.15036845,0.5,0.5,"[4, 4]",0.5,False,0.93013548,0.26187953,0.77934788,True
10,4,7,FCz,0.14844637,0.14844637,0.17640175,0.5,0.5,"[4, 4]",0.5,False,0.93013548,0.26187953,0.77934788,True
10,4,8,FC3,0.09538011,-0.06144901,0.11556979,0.5,0.5,"[4, 4]",0.5,False,0.93013548,0.26187953,0.77934788,True
10,4,9,FC4,0.10226064,-0.08699829,0.11149087,0.5,0.5,"[4, 4]",0.5,False,0.93013548,0.26187953,0.77934788,True
10,4,10,FT7,0.09809074,-0.05830921,0.10562141,0.5,0.5,"[4, 4]",0.5,False,0.93013548,0.26187953,0.77934788,True
10,4,11,FT8,0.05197896,0.0265642,0.05362054,0.5,0.5,"[4, 4]",0.5,False,0.93013548,0.26187953,0.77934788,True
10,4,12,Cz,0.06591087,-0.0298649,0.06959444,0.5,0.5,"[4, 4]",0.5,False,0.93013548,0.26187953,0.77934788,True
10,4,13,C3,0.10786119,0.08242595,0.1368933,0.5,0.5,"[4, 4]",0.5,False,0.93013548,0.26187953,0.77934788,True
10,4,14,C4,0.08266511,-0.06465975,0.10281084,0.5,0.5,"[4, 4]",0.5,False,0.93013548,0.26187953,0.77934788,True
10,4,15,T3,0.10035149,0.07925456,0.12057394,0.5,0.5,"[4, 4]",0.5,False,0.93013548,0.26187953,0.77934788,True
10,4,16,T4,0.07581252,0.00622277,0.10086811,0.5,0.5,"[4, 4]",0.5,False,0.93013548,0.26187953,0.77934788,True
10,4,17,CP3,0.09830625,0.0250027,0.11557191,0.5,0.5,"[4, 4]",0.5,False,0.93013548,0.26187953,0.77934788,True
10,4,18,CP4,0.10003031,0.00748761,0.13291349,0.5,0.5,"[4, 4]",0.5,False,0.93013548,0.26187953,0.77934788,True
10,4,19,TP7,0.07063178,-0.01496351,0.07774903,0.5,0.5,"[4, 4]",0.5,False,0.93013548,0.26187953,0.77934788,True
10,4,20,TP8,0.04819014,0.00613313,0.05334625,0.5,0.5,"[4, 4]",0.5,False,0.93013548,0.26187953,0.77934788,True
10,4,21,Pz,0.06726097,0.03839339,0.09425874,0.5,0.5,"[4, 4]",0.5,False,0.93013548,0.26187953,0.77934788,True
10,4,22,P3,0.12208275,0.10816689,0.13984616,0.5,0.5,"[4, 4]",0.5,False,0.93013548,0.26187953,0.77934788,True
10,4,23,P4,0.09775114,-0.09775114,0.10962218,0.5,0.5,"[4, 4]",0.5,False,0.93013548,0.26187953,0.77934788,True
10,4,24,T5,0.09221963,0.0035565,0.11396778,0.5,0.5,"[4, 4]",0.5,False,0.93013548,0.26187953,0.77934788,True
10,4,25,T6,0.07986248,0.0409117,0.11567345,0.5,0.5,"[4, 4]",0.5,False,0.93013548,0.26187953,0.77934788,True
10,4,26,Oz,0.07414944,0.07414944,0.10029647,0.5,0.5,"[4, 4]",0.5,False,0.93013548,0.26187953,0.77934788,True
10,4,27,O1,0.1086713,0.00198947,0.13193186,0.5,0.5,"[4, 4]",0.5,False,0.93013548,0.26187953,0.77934788,True
10,4,28,O2,0.0663861,-0.0377606,0.07282647,0.5,0.5,"[4, 4]",0.5,False,0.93013548,0.26187953,0.77934788,True
10,5,0,Fp1,0.10342272,-0.10112706,0.12161893,0.25,0.25,"[2, 6]",0.75,False,0.14467856,0.02766468,0.1212242,True
10,5,1,Fp2,0.08261183,0.05563107,0.1026679,0.25,0.25,"[2, 6]",0.75,False,0.14467856,0.02766468,0.1212242,True
10,5,2,Fz,0.108756,-0.108756,0.12166234,0.25,0.25,"[2, 6]",0.75,False,0.14467856,0.02766468,0.1212242,True
10,5,3,F3,0.0805726,0.01960736,0.0867141,0.25,0.25,"[2, 6]",0.75,False,0.14467856,0.02766468,0.1212242,True
10,5,4,F4,0.0882974,0.00537729,0.10104929,0.25,0.25,"[2, 6]",0.75,False,0.14467856,0.02766468,0.1212242,True
10,5,5,F7,0.08969911,0.08295611,0.10312662,0.25,0.25,"[2, 6]",0.75,False,0.14467856,0.02766468,0.1212242,True
10,5,6,F8,0.07894799,-0.02609862,0.08105186,0.25,0.25,"[2, 6]",0.75,False,0.14467856,0.02766468,0.1212242,True
10,5,7,FCz,0.0906587,0.08990612,0.10760181,0.25,0.25,"[2, 6]",0.75,False,0.14467856,0.02766468,0.1212242,True
10,5,8,FC3,0.03008294,-0.00164309,0.0357012,0.25,0.25,"[2, 6]",0.75,False,0.14467856,0.02766468,0.1212242,True
10,5,9,FC4,0.06106585,-0.06106585,0.08355883,0.25,0.25,"[2, 6]",0.75,False,0.14467856,0.02766468,0.1212242,True
10,5,10,FT7,0.08038986,-0.05729458,0.09468347,0.25,0.25,"[2, 6]",0.75,False,0.14467856,0.02766468,0.1212242,True
10,5,11,FT8,0.08882017,-0.00334384,0.10402378,0.25,0.25,"[2, 6]",0.75,False,0.14467856,0.02766468,0.1212242,True
10,5,12,Cz,0.07561658,0.0615974,0.08432455,0.25,0.25,"[2, 6]",0.75,False,0.14467856,0.02766468,0.1212242,True
10,5,13,C3,0.11066563,0.06908776,0.11374906,0.25,0.25,"[2, 6]",0.75,False,0.14467856,0.02766468,0.1212242,True
10,5,14,C4,0.08933076,-0.06914537,0.10066696,0.25,0.25,"[2, 6]",0.75,False,0.14467856,0.02766468,0.1212242,True
10,5,15,T3,0.13087156,0.13087156,0.14075409,0.25,0.25,"[2, 6]",0.75,False,0.14467856,0.02766468,0.1212242,True
10,5,16,T4,0.12012585,0.01564113,0.13599446,0.25,0.25,"[2, 6]",0.75,False,0.14467856,0.02766468,0.1212242,True
10,5,17,CP3,0.13065673,0.03778332,0.15145911,0.25,0.25,"[2, 6]",0.75,False,0.14467856,0.02766468,0.1212242,True
10,5,18,CP4,0.11385329,0.04155062,0.13305689,0.25,0.25,"[2, 6]",0.75,False,0.14467856,0.02766468,0.1212242,True
10,5,19,TP7,0.09492771,-0.01015915,0.09992573,0.25,0.25,"[2, 6]",0.75,False,0.14467856,0.02766468,0.1212242,True
10,5,20,TP8,0.08685577,-0.05205253,0.10548606,0.25,0.25,"[2, 6]",0.75,False,0.14467856,0.02766468,0.1212242,True
10,5,21,Pz,0.14577097,0.00798504,0.14648683,0.25,0.25,"[2, 6]",0.75,False,0.14467856,0.02766468,0.1212242,True
10,5,22,P3,0.11409153,0.11409153,0.12562309,0.25,0.25,"[2, 6]",0.75,False,0.14467856,0.02766468,0.1212242,True
10,5,23,P4,0.09262778,-0.08699314,0.10508508,0.25,0.25,"[2, 6]",0.75,False,0.14467856,0.02766468,0.1212242,True
10,5,24,T5,0.10415097,0.06391033,0.1131101,0.25,0.25,"[2, 6]",0.75,False,0.14467856,0.02766468,0.1212242,True
10,5,25,T6,0.0800358,-0.05152484,0.08667535,0.25,0.25,"[2, 6]",0.75,False,0.14467856,0.02766468,0.1212242,True
10,5,26,Oz,0.08459011,0.04683762,0.08831348,0.25,0.25,"[2, 6]",0.75,False,0.14467856,0.02766468,0.1212242,True
10,5,27,O1,0.11355557,0.05752223,0.12288313,0.25,0.25,"[2, 6]",0.75,False,0.14467856,0.02766468,0.1212242,True
10,5,28,O2,0.14551407,-0.01854216,0.14691061,0.25,0.25,"[2, 6]",0.75,False,0.14467856,0.02766468,0.1212242,True
11,1,0,Fp1,0.10952472,-0.09487242,0.12206226,0.5,0.5,"[0, 8]",1.0,True,0.01059742,0.00215817,0.00887943,True
11,1,1,Fp2,0.07751189,0.06195972,0.09515768,0.5,0.5,"[0, 8]",1.0,True,0.01059742,0.00215817,0.00887943,True
11,1,2,Fz,0.10332669,-0.09825832,0.11695506,0.5,0.5,"[0, 8]",1.0,True,0.01059742,0.00215817,0.00887943,True
11,1,3,F3,0.0879804,0.02775053,0.09485824,0.5,0.5,"[0, 8]",1.0,True,0.01059742,0.00215817,0.00887943,True
11,1,4,F4,0.09711936,0.01281967,0.10724751,0.5,0.5,"[0, 8]",1.0,True,0.01059742,0.00215817,0.00887943,True
11,1,5,F7,0.08444998,0.08220041,0.09832387,0.5,0.5,"[0, 8]",1.0,True,0.01059742,0.00215817,0.00887943,True
11,1,6,F8,0.07778491,-0.02862643,0.07898025,0.5,0.5,"[0, 8]",1.0,True,0.01059742,0.00215817,0.00887943,True
11,1,7,FCz,0.09917787,0.09917787,0.11408893,0.5,0.5,"[0, 8]",1.0,True,0.01059742,0.00215817,0.00887943,True
11,1,8,FC3,0.03042565,0.00545126,0.0369754,0.5,0.5,"[0, 8]",1.0,True,0.01059742,0.00215817,0.00887943,True
11,1,9,FC4,0.05769031,-0.05769031,0.07562124,0.5,0.5,"[0, 8]",1.0,True,0.01059742,0.00215817,0.00887943,True
11,1,10,FT7,0.09024116,-0.05843529,0.10369841,0.5,0.5,"[0, 8]",1.0,True,0.01059742,0.00215817,0.00887943,True
11,1,11,FT8,0.0800717,-0.00256772,0.09706578,0.5,0.5,"[0, 8]",1.0,True,0.01059742,0.00215817,0.00887943,True
11,1,12,Cz,0.076626,0.0758606,0.09245794,0.5,0.5,"[0, 8]",1.0,True,0.01059742,0.00215817,0.00887943,True
11,1,13,C3,0.1149143,0.0715369,0.1169408,0.5,0.5,"[0, 8]",1.0,True,0.01059742,0.00215817,0.00887943,True
11,1,14,C4,0.08516049,-0.07507165,0.09570486,0.5,0.5,"[0, 8]",1.0,True,0.01059742,0.00215817,0.00887943,True
11,1,15,T3,0.12715803,0.12715803,0.13220938,0.5,0.5,"[0, 8]",1.0,True,0.01059742,0.00215817,0.00887943,True
11,1,16,T4,0.12239765,0.01360961,0.13496436,0.5,0.5,"[0, 8]",1.0,True,0.01059742,0.00215817,0.00887943,True
11,1,17,CP3,0.12183426,0.03216657,0.13973962,0.5,0.5,"[0, 8]",1.0,True,0.01059742,0.00215817,0.00887943,True
11,1,18,CP4,0.11066777,0.03401456,0.12721944,0.5,0.5,"[0, 8]",1.0,True,0.01059742,0.00215817,0.00887943,True
11,1,19,TP7,0.08494186,-0.01903264,0.09464175,0.5,0.5,"[0, 8]",1.0,True,0.01059742,0.00215817,0.00887943,True
11,1,20,TP8,0.08968648,-0.05930269,0.10881441,0.5,0.5,"[0, 8]",1.0,True,0.01059742,0.00215817,0.00887943,True
11,1,21,Pz,0.15295942,0.00606691,0.15313914,0.5,0.5,"[0, 8]",1.0,True,0.01059742,0.00215817,0.00887943,True
11,1,22,P3,0.10744947,0.10744947,0.11688464,0.5,0.5,"[0, 8]",1.0,True,0.01059742,0.00215817,0.00887943,True
11,1,23,P4,0.10476349,-0.09375084,0.11712207,0.5,0.5,"[0, 8]",1.0,True,0.01059742,0.00215817,0.00887943,True
11,1,24,T5,0.10514054,0.07301131,0.11471459,0.5,0.5,"[0, 8]",1.0,True,0.01059742,0.00215817,0.00887943,True
11,1,25,T6,0.08173274,-0.06238213,0.09289634,0.5,0.5,"[0, 8]",1.0,True,0.01059742,0.00215817,0.00887943,True
11,1,26,Oz,0.07769102,0.04206521,0.07998864,0.5,0.5,"[0, 8]",1.0,True,0.01059742,0.00215817,0.00887943,True
11,1,27,O1,0.12192769,0.05547798,0.13228415,0.5,0.5,"[0, 8]",1.0,True,0.01059742,0.00215817,0.00887943,True
11,1,28,O2,0.14419046,-0.0241289,0.146945,0.5,0.5,"[0, 8]",1.0,True,0.01059742,0.00215817,0.00887943,True
11,2,0,Fp1,0.10954152,-0.0950897,0.12211035,0.5,0.5,"[0, 8]",1.0,True,0.01098661,0.00213351,0.00920553,True
11,2,1,Fp2,0.07805342,0.06186382,0.09600521,0.5,0.5,"[0, 8]",1.0,True,0.01098661,0.00213351,0.00920553,True
11,2,2,Fz,0.10384361,-0.09830674,0.11727729,0.5,0.5,"[0, 8]",1.0,True,0.01098661,0.00213351,0.00920553,True
11,2,3,F3,0.08694044,0.02754236,0.093803,0.5,0.5,"[0, 8]",1.0,True,0.01098661,0.00213351,0.00920553,True
11,2,4,F4,0.09684832,0.0126577,0.10685581,0.5,0.5,"[0, 8]",1.0,True,0.01098661,0.00213351,0.00920553,True
11,2,5,F7,0.08413279,0.08223405,0.09809206,0.5,0.5,"[0, 8]",1.0,True,0.01098661,0.00213351,0.00920553,True
11,2,6,F8,0.07648292,-0.02837122,0.07760037,0.5,0.5,"[0, 8]",1.0,True,0.01098661,0.00213351,0.00920553,True
11,2,7,FCz,0.09892637,0.09892637,0.11361031,0.5,0.5,"[0, 8]",1.0,True,0.01098661,0.00213351,0.00920553,True
11,2,8,FC3,0.03136662,0.00539819,0.03803223,0.5,0.5,"[0, 8]",1.0,True,0.01098661,0.00213351,0.00920553,True
11,2,9,FC4,0.05808058,-0.05808058,0.07616875,0.5,0.5,"[0, 8]",1.0,True,0.01098661,0.00213351,0.00920553,True
11,2,10,FT7,0.08995236,-0.05807899,0.10364268,0.5,0.5,"[0, 8]",1.0,True,0.01098661,0.00213351,0.00920553,True
11,2,11,FT8,0.08051328,-0.00228281,0.09766442,0.5,0.5,"[0, 8]",1.0,True,0.01098661,0.00213351,0.00920553,True
11,2,12,Cz,0.07606733,0.07531118,0.091823,0.5,0.5,"[0, 8]",1.0,True,0.01098661,0.00213351,0.00920553,True
11,2,13,C3,0.11468257,0.07104914,0.1166937,0.5,0.5,"[0, 8]",1.0,True,0.01098661,0.00213351,0.00920553,True
11,2,14,C4,0.08587427,-0.07522309,0.09621504,0.5,0.5,"[0, 8]",1.0,True,0.01098661,0.00213351,0.00920553,True
11,2,15,T3,0.12672302,0.12672302,0.13214913,0.5,0.5,"[0, 8]",1.0,True,0.01098661,0.00213351,0.00920553,True
11,2,16,T4,0.12223977,0.01310563,0.13486898,0.5,0.5,"[0, 8]",1.0,True,0.01098661,0.00213351,0.00920553,True
11,2,17,CP3,0.12104818,0.03192729,0.1394241,0.5,0.5,"[0, 8]",1.0,True,0.01098661,0.00213351,0.00920553,True
11,2,18,CP4,0.11039196,0.03390959,0.12682365,0.5,0.5,"[0, 8]",1.0,True,0.01098661,0.00213351,0.00920553,True
11,2,19,TP7,0.08475325,-0.01894988,0.09444777,0.5,0.5,"[0, 8]",1.0,True,0.01098661,0.00213351,0.00920553,True
11,2,20,TP8,0.08952471,-0.05974293,0.10891523,0.5,0.5,"[0, 8]",1.0,True,0.01098661,0.00213351,0.00920553,True
11,2,21,Pz,0.15348352,0.00616386,0.15364438,0.5,0.5,"[0, 8]",1.0,True,0.01098661,0.00213351,0.00920553,True
11,2,22,P3,0.107646,0.107646,0.11674677,0.5,0.5,"[0, 8]",1.0,True,0.01098661,0.00213351,0.00920553,True
11,2,23,P4,0.1052411,-0.09387089,0.11753315,0.5,0.5,"[0, 8]",1.0,True,0.01098661,0.00213351,0.00920553,True
11,2,24,T5,0.10435888,0.07277006,0.11400138,0.5,0.5,"[0, 8]",1.0,True,0.01098661,0.00213351,0.00920553,True
11,2,25,T6,0.08204545,-0.06305374,0.09334481,0.5,0.5,"[0, 8]",1.0,True,0.01098661,0.00213351,0.00920553,True
11,2,26,Oz,0.07720463,0.04199211,0.07956623,0.5,0.5,"[0, 8]",1.0,True,0.01098661,0.00213351,0.00920553,True
11,2,27,O1,0.12170649,0.0554453,0.13239625,0.5,0.5,"[0, 8]",1.0,True,0.01098661,0.00213351,0.00920553,True
11,2,28,O2,0.14389712,-0.02425015,0.14673974,0.5,0.5,"[0, 8]",1.0,True,0.01098661,0.00213351,0.00920553,True
11,3,0,Fp1,0.06304257,-0.04077854,0.07903726,0.5,0.5,"[6, 2]",0.75,False,0.65905941,0.19241306,0.55221692,True
11,3,1,Fp2,0.07509334,0.0418826,0.08739122,0.5,0.5,"[6, 2]",0.75,False,0.65905941,0.19241306,0.55221692,True
11,3,2,Fz,0.11552452,-0.11369088,0.13288952,0.5,0.5,"[6, 2]",0.75,False,0.65905941,0.19241306,0.55221692,True
11,3,3,F3,0.0816112,0.02262894,0.09073398,0.5,0.5,"[6, 2]",0.75,False,0.65905941,0.19241306,0.55221692,True
11,3,4,F4,0.08808915,0.00189253,0.10619544,0.5,0.5,"[6, 2]",0.75,False,0.65905941,0.19241306,0.55221692,True
11,3,5,F7,0.05767711,0.05360045,0.07654063,0.5,0.5,"[6, 2]",0.75,False,0.65905941,0.19241306,0.55221692,True
11,3,6,F8,0.10418231,-0.06268964,0.10764968,0.5,0.5,"[6, 2]",0.75,False,0.65905941,0.19241306,0.55221692,True
11,3,7,FCz,0.07614125,0.07614125,0.07660943,0.5,0.5,"[6, 2]",0.75,False,0.65905941,0.19241306,0.55221692,True
11,3,8,FC3,0.06792124,-0.0582591,0.08648635,0.5,0.5,"[6, 2]",0.75,False,0.65905941,0.19241306,0.55221692,True
11,3,9,FC4,0.04349757,-0.02496803,0.06999491,0.5,0.5,"[6, 2]",0.75,False,0.65905941,0.19241306,0.55221692,True
11,3,10,FT7,0.06078401,-0.01698207,0.06592768,0.5,0.5,"[6, 2]",0.75,False,0.65905941,0.19241306,0.55221692,True
11,3,11,FT8,0.12551087,0.06586547,0.14729808,0.5,0.5,"[6, 2]",0.75,False,0.65905941,0.19241306,0.55221692,True
11,3,12,Cz,0.08090926,0.08090926,0.0898933,0.5,0.5,"[6, 2]",0.75,False,0.65905941,0.19241306,0.55221692,True
11,3,13,C3,0.15777846,0.00283308,0.16889147,0.5,0.5,"[6, 2]",0.75,False,0.65905941,0.19241306,0.55221692,True
11,3,14,C4,0.07213914,-0.01840819,0.08715579,0.5,0.5,"[6, 2]",0.75,False,0.65905941,0.19241306,0.55221692,True
11,3,15,T3,0.08331362,0.07484972,0.09872505,0.5,0.5,"[6, 2]",0.75,False,0.65905941,0.19241306,0.55221692,True
11,3,16,T4,0.12139165,-0.01735741,0.14584436,0.5,0.5,"[6, 2]",0.75,False,0.65905941,0.19241306,0.55221692,True
11,3,17,CP3,0.17125389,0.06385658,0.18891703,0.5,0.5,"[6, 2]",0.75,False,0.65905941,0.19241306,0.55221692,True
11,3,18,CP4,0.10960989,0.07669852,0.1288915,0.5,0.5,"[6, 2]",0.75,False,0.65905941,0.19241306,0.55221692,True
11,3,19,TP7,0.12858233,-0.00993734,0.13682881,0.5,0.5,"[6, 2]",0.75,False,0.65905941,0.19241306,0.55221692,True
11,3,20,TP8,0.07247214,-0.04338279,0.09020354,0.5,0.5,"[6, 2]",0.75,False,0.65905941,0.19241306,0.55221692,True
11,3,21,Pz,0.17772019,0.00212241,0.18144134,0.5,0.5,"[6, 2]",0.75,False,0.65905941,0.19241306,0.55221692,True
11,3,22,P3,0.0477354,0.03333954,0.06287543,0.5,0.5,"[6, 2]",0.75,False,0.65905941,0.19241306,0.55221692,True
11,3,23,P4,0.0981729,-0.0431233,0.1008675,0.5,0.5,"[6, 2]",0.75,False,0.65905941,0.19241306,0.55221692,True
11,3,24,T5,0.0867908,0.07474612,0.10010152,0.5,0.5,"[6, 2]",0.75,False,0.65905941,0.19241306,0.55221692,True
11,3,25,T6,0.04569576,-0.0077899,0.05270641,0.5,0.5,"[6, 2]",0.75,False,0.65905941,0.19241306,0.55221692,True
11,3,26,Oz,0.06486016,0.00034086,0.07788557,0.5,0.5,"[6, 2]",0.75,False,0.65905941,0.19241306,0.55221692,True
11,3,27,O1,0.06693652,0.03326729,0.07734308,0.5,0.5,"[6, 2]",0.75,False,0.65905941,0.19241306,0.55221692,True
11,3,28,O2,0.14217362,-0.0479867,0.15295252,0.5,0.5,"[6, 2]",0.75,False,0.65905941,0.19241306,0.55221692,True
11,4,0,Fp1,0.11021243,-0.09579346,0.12285766,0.5,0.5,"[0, 8]",1.0,True,0.01232444,0.00230666,0.01032648,True
11,4,1,Fp2,0.07763535,0.06114352,0.0956478,0.5,0.5,"[0, 8]",1.0,True,0.01232444,0.00230666,0.01032648,True
11,4,2,Fz,0.10386068,-0.098938,0.11766753,0.5,0.5,"[0, 8]",1.0,True,0.01232444,0.00230666,0.01032648,True
11,4,3,F3,0.08679997,0.02742963,0.09376371,0.5,0.5,"[0, 8]",1.0,True,0.01232444,0.00230666,0.01032648,True
11,4,4,F4,0.09653659,0.01205413,0.10686594,0.5,0.5,"[0, 8]",1.0,True,0.01232444,0.00230666,0.01032648,True
11,4,5,F7,0.08412524,0.08211701,0.09816509,0.5,0.5,"[0, 8]",1.0,True,0.01232444,0.00230666,0.01032648,True
11,4,6,F8,0.07660557,-0.02929496,0.07761303,0.5,0.5,"[0, 8]",1.0,True,0.01232444,0.00230666,0.01032648,True
11,4,7,FCz,0.09843466,0.09843466,0.11369645,0.5,0.5,"[0, 8]",1.0,True,0.01232444,0.00230666,0.01032648,True
11,4,8,FC3,0.03140654,0.00620027,0.03791709,0.5,0.5,"[0, 8]",1.0,True,0.01232444,0.00230666,0.01032648,True
11,4,9,FC4,0.05841285,-0.05841285,0.07682745,0.5,0.5,"[0, 8]",1.0,True,0.01232444,0.00230666,0.01032648,True
11,4,10,FT7,0.08962333,-0.05805193,0.1032947,0.5,0.5,"[0, 8]",1.0,True,0.01232444,0.00230666,0.01032648,True
11,4,11,FT8,0.08017181,-0.00376958,0.09746495,0.5,0.5,"[0, 8]",1.0,True,0.01232444,0.00230666,0.01032648,True
11,4,12,Cz,0.07706577,0.07634198,0.09284585,0.5,0.5,"[0, 8]",1.0,True,0.01232444,0.00230666,0.01032648,True
11,4,13,C3,0.11504,0.07246687,0.11734865,0.5,0.5,"[0, 8]",1.0,True,0.01232444,0.00230666,0.01032648,True
11,4,14,C4,0.08566658,-0.0747447,0.09604802,0.5,0.5,"[0, 8]",1.0,True,0.01232444,0.00230666,0.01032648,True
11,4,15,T3,0.12694502,0.12694502,0.13241029,0.5,0.5,"[0, 8]",1.0,True,0.01232444,0.00230666,0.01032648,True
11,4,16,T4,0.12224579,0.01345178,0.13521071,0.5,0.5,"[0, 8]",1.0,True,0.01232444,0.00230666,0.01032648,True
11,4,17,CP3,0.12188066,0.03307191,0.1402889,0.5,0.5,"[0, 8]",1.0,True,0.01232444,0.00230666,0.01032648,True
11,4,18,CP4,0.11006492,0.03468853,0.12645403,0.5,0.5,"[0, 8]",1.0,True,0.01232444,0.00230666,0.01032648,True
11,4,19,TP7,0.08445052,-0.01821743,0.09376217,0.5,0.5,"[0, 8]",1.0,True,0.01232444,0.00230666,0.01032648,True
11,4,20,TP8,0.08984409,-0.05903765,0.10881203,0.5,0.5,"[0, 8]",1.0,True,0.01232444,0.00230666,0.01032648,True
11,4,21,Pz,0.15283191,0.00676875,0.15302049,0.5,0.5,"[0, 8]",1.0,True,0.01232444,0.00230666,0.01032648,True
11,4,22,P3,0.10837078,0.10837078,0.1173602,0.5,0.5,"[0, 8]",1.0,True,0.01232444,0.00230666,0.01032648,True
11,4,23,P4,0.10460721,-0.09297402,0.11670487,0.5,0.5,"[0, 8]",1.0,True,0.01232444,0.00230666,0.01032648,True
11,4,24,T5,0.10441848,0.07306777,0.11395984,0.5,0.5,"[0, 8]",1.0,True,0.01232444,0.00230666,0.01032648,True
11,4,25,T6,0.08219671,-0.0627175,0.09363931,0.5,0.5,"[0, 8]",1.0,True,0.01232444,0.00230666,0.01032648,True
11,4,26,Oz,0.07744496,0.04217114,0.0797535,0.5,0.5,"[0, 8]",1.0,True,0.01232444,0.00230666,0.01032648,True
11,4,27,O1,0.12248234,0.05615429,0.13310106,0.5,0.5,"[0, 8]",1.0,True,0.01232444,0.00230666,0.01032648,True
11,4,28,O2,0.14365034,-0.02384199,0.14642827,0.5,0.5,"[0, 8]",1.0,True,0.01232444,0.00230666,0.01032648,True
11,5,0,Fp1,0.11009189,-0.09545106,0.12242832,0.5,0.5,"[0, 8]",1.0,True,0.0108425,0.00209663,0.00908479,True
11,5,1,Fp2,0.07748616,0.06113948,0.09568308,0.5,0.5,"[0, 8]",1.0,True,0.0108425,0.00209663,0.00908479,True
11,5,2,Fz,0.10402676,-0.0979,0.11719389,0.5,0.5,"[0, 8]",1.0,True,0.0108425,0.00209663,0.00908479,True
11,5,3,F3,0.08701511,0.02760392,0.09391212,0.5,0.5,"[0, 8]",1.0,True,0.0108425,0.00209663,0.00908479,True
11,5,4,F4,0.09690492,0.0126742,0.10696681,0.5,0.5,"[0, 8]",1.0,True,0.0108425,0.00209663,0.00908479,True
11,5,5,F7,0.08377805,0.08142486,0.09752853,0.5,0.5,"[0, 8]",1.0,True,0.0108425,0.00209663,0.00908479,True
11,5,6,F8,0.0764679,-0.02854859,0.07754685,0.5,0.5,"[0, 8]",1.0,True,0.0108425,0.00209663,0.00908479,True
11,5,7,FCz,0.09925177,0.09925177,0.114058,0.5,0.5,"[0, 8]",1.0,True,0.0108425,0.00209663,0.00908479,True
11,5,8,FC3,0.03118622,0.0061526,0.03779697,0.5,0.5,"[0, 8]",1.0,True,0.0108425,0.00209663,0.00908479,True
11,5,9,FC4,0.05763816,-0.05763816,0.07603108,0.5,0.5,"[0, 8]",1.0,True,0.0108425,0.00209663,0.00908479,True
11,5,10,FT7,0.09088048,-0.0590896,0.10470887,0.5,0.5,"[0, 8]",1.0,True,0.0108425,0.00209663,0.00908479,True
11,5,11,FT8,0.08055171,-0.00264976,0.09748344,0.5,0.5,"[0, 8]",1.0,True,0.0108425,0.00209663,0.00908479,True
11,5,12,Cz,0.07648168,0.07552975,0.09204565,0.5,0.5,"[0, 8]",1.0,True,0.0108425,0.00209663,0.00908479,True
11,5,13,C3,0.11472043,0.07225347,0.11697561,0.5,0.5,"[0, 8]",1.0,True,0.0108425,0.00209663,0.00908479,True
11,5,14,C4,0.08594283,-0.07439385,0.09604317,0.5,0.5,"[0, 8]",1.0,True,0.0108425,0.00209663,0.00908479,True
11,5,15,T3,0.12663954,0.12663954,0.13198057,0.5,0.5,"[0, 8]",1.0,True,0.0108425,0.00209663,0.00908479,True
11,5,16,T4,0.12179644,0.01286303,0.13449828,0.5,0.5,"[0, 8]",1.0,True,0.0108425,0.00209663,0.00908479,True
11,5,17,CP3,0.12165123,0.03240702,0.14008901,0.5,0.5,"[0, 8]",1.0,True,0.0108425,0.00209663,0.00908479,True
11,5,18,CP4,0.11062304,0.03478466,0.12694606,0.5,0.5,"[0, 8]",1.0,True,0.0108425,0.00209663,0.00908479,True
11,5,19,TP7,0.08443205,-0.01949133,0.09444761,0.5,0.5,"[0, 8]",1.0,True,0.0108425,0.00209663,0.00908479,True
11,5,20,TP8,0.0901723,-0.05941909,0.1092298,0.5,0.5,"[0, 8]",1.0,True,0.0108425,0.00209663,0.00908479,True
11,5,21,Pz,0.15350045,0.00626757,0.15366922,0.5,0.5,"[0, 8]",1.0,True,0.0108425,0.00209663,0.00908479,True
11,5,22,P3,0.10823528,0.10823528,0.11713479,0.5,0.5,"[0, 8]",1.0,True,0.0108425,0.00209663,0.00908479,True
11,5,23,P4,0.10544316,-0.09354414,0.11745985,0.5,0.5,"[0, 8]",1.0,True,0.0108425,0.00209663,0.00908479,True
11,5,24,T5,0.10390709,0.07280903,0.11355966,0.5,0.5,"[0, 8]",1.0,True,0.0108425,0.00209663,0.00908479,True
11,5,25,T6,0.08148979,-0.06294261,0.09315673,0.5,0.5,"[0, 8]",1.0,True,0.0108425,0.00209663,0.00908479,True
11,5,26,Oz,0.0772321,0.04237966,0.07952403,0.5,0.5,"[0, 8]",1.0,True,0.0108425,0.00209663,0.00908479,True
11,5,27,O1,0.1222764,0.05563179,0.13310963,0.5,0.5,"[0, 8]",1.0,True,0.0108425,0.00209663,0.00908479,True
11,5,28,O2,0.14353612,-0.02389852,0.14635158,0.5,0.5,"[0, 8]",1.0,True,0.0108425,0.00209663,0.00908479,True
12,1,0,Fp1,0.1091446,-0.09519015,0.12171971,0.5,0.5,"[0, 8]",1.0,True,0.01165966,0.00223704,0.00976947,True
12,1,1,Fp2,0.0787576,0.06238673,0.09632681,0.5,0.5,"[0, 8]",1.0,True,0.01165966,0.00223704,0.00976947,True
12,1,2,Fz,0.10433868,-0.09796907,0.11742819,0.5,0.5,"[0, 8]",1.0,True,0.01165966,0.00223704,0.00976947,True
12,1,3,F3,0.08773677,0.02732131,0.09470282,0.5,0.5,"[0, 8]",1.0,True,0.01165966,0.00223704,0.00976947,True
12,1,4,F4,0.09738213,0.01162704,0.10800383,0.5,0.5,"[0, 8]",1.0,True,0.01165966,0.00223704,0.00976947,True
12,1,5,F7,0.08320101,0.08094249,0.09674022,0.5,0.5,"[0, 8]",1.0,True,0.01165966,0.00223704,0.00976947,True
12,1,6,F8,0.07740855,-0.02863707,0.07852092,0.5,0.5,"[0, 8]",1.0,True,0.01165966,0.00223704,0.00976947,True
12,1,7,FCz,0.1000666,0.1000666,0.11525536,0.5,0.5,"[0, 8]",1.0,True,0.01165966,0.00223704,0.00976947,True
12,1,8,FC3,0.03124865,0.00572483,0.03815787,0.5,0.5,"[0, 8]",1.0,True,0.01165966,0.00223704,0.00976947,True
12,1,9,FC4,0.05725915,-0.05725915,0.07520746,0.5,0.5,"[0, 8]",1.0,True,0.01165966,0.00223704,0.00976947,True
12,1,10,FT7,0.08982256,-0.05852477,0.10357431,0.5,0.5,"[0, 8]",1.0,True,0.01165966,0.00223704,0.00976947,True
12,1,11,FT8,0.07909165,-0.00285842,0.09659005,0.5,0.5,"[0, 8]",1.0,True,0.01165966,0.00223704,0.00976947,True
12,1,12,Cz,0.07748314,0.07695623,0.09361592,0.5,0.5,"[0, 8]",1.0,True,0.01165966,0.00223704,0.00976947,True
12,1,13,C3,0.11441375,0.07192598,0.11653754,0.5,0.5,"[0, 8]",1.0,True,0.01165966,0.00223704,0.00976947,True
12,1,14,C4,0.08644818,-0.07501836,0.09648039,0.5,0.5,"[0, 8]",1.0,True,0.01165966,0.00223704,0.00976947,True
12,1,15,T3,0.12613411,0.12613411,0.13156378,0.5,0.5,"[0, 8]",1.0,True,0.01165966,0.00223704,0.00976947,True
12,1,16,T4,0.12208505,0.01266459,0.13473366,0.5,0.5,"[0, 8]",1.0,True,0.01165966,0.00223704,0.00976947,True
12,1,17,CP3,0.1213971,0.03352397,0.14007209,0.5,0.5,"[0, 8]",1.0,True,0.01165966,0.00223704,0.00976947,True
12,1,18,CP4,0.11118436,0.03570867,0.12730573,0.5,0.5,"[0, 8]",1.0,True,0.01165966,0.00223704,0.00976947,True
12,1,19,TP7,0.08553863,-0.01916038,0.0952639,0.5,0.5,"[0, 8]",1.0,True,0.01165966,0.00223704,0.00976947,True
12,1,20,TP8,0.09006181,-0.05984287,0.10930169,0.5,0.5,"[0, 8]",1.0,True,0.01165966,0.00223704,0.00976947,True
12,1,21,Pz,0.15406154,0.00665941,0.15424183,0.5,0.5,"[0, 8]",1.0,True,0.01165966,0.00223704,0.00976947,True
12,1,22,P3,0.10886217,0.10886217,0.1179352,0.5,0.5,"[0, 8]",1.0,True,0.01165966,0.00223704,0.00976947,True
12,1,23,P4,0.10482568,-0.09271041,0.11671571,0.5,0.5,"[0, 8]",1.0,True,0.01165966,0.00223704,0.00976947,True
12,1,24,T5,0.10493815,0.07306787,0.11395109,0.5,0.5,"[0, 8]",1.0,True,0.01165966,0.00223704,0.00976947,True
12,1,25,T6,0.081269,-0.06293023,0.09272141,0.5,0.5,"[0, 8]",1.0,True,0.01165966,0.00223704,0.00976947,True
12,1,26,Oz,0.07706496,0.04164653,0.07942972,0.5,0.5,"[0, 8]",1.0,True,0.01165966,0.00223704,0.00976947,True
12,1,27,O1,0.12160145,0.05606802,0.13211204,0.5,0.5,"[0, 8]",1.0,True,0.01165966,0.00223704,0.00976947,True
12,1,28,O2,0.14363232,-0.02447578,0.14652672,0.5,0.5,"[0, 8]",1.0,True,0.01165966,0.00223704,0.00976947,True
12,2,0,Fp1,0.10940801,-0.09624973,0.12243448,0.375,0.375,"[1, 7]",0.875,False,0.01174638,0.00221866,0.00984213,True
12,2,1,Fp2,0.0785531,0.06130011,0.09588426,0.375,0.375,"[1, 7]",0.875,False,0.01174638,0.00221866,0.00984213,True
12,2,2,Fz,0.10492236,-0.09845685,0.11799799,0.375,0.375,"[1, 7]",0.875,False,0.01174638,0.00221866,0.00984213,True
12,2,3,F3,0.0875105,0.02724494,0.09447027,0.375,0.375,"[1, 7]",0.875,False,0.01174638,0.00221866,0.00984213,True
12,2,4,F4,0.09700385,0.01172126,0.10746279,0.375,0.375,"[1, 7]",0.875,False,0.01174638,0.00221866,0.00984213,True
12,2,5,F7,0.0838829,0.08163235,0.09758104,0.375,0.375,"[1, 7]",0.875,False,0.01174638,0.00221866,0.00984213,True
12,2,6,F8,0.0779022,-0.02939481,0.07885851,0.375,0.375,"[1, 7]",0.875,False,0.01174638,0.00221866,0.00984213,True
12,2,7,FCz,0.09951742,0.09951742,0.11441936,0.375,0.375,"[1, 7]",0.875,False,0.01174638,0.00221866,0.00984213,True
12,2,8,FC3,0.03073876,0.00542682,0.03784873,0.375,0.375,"[1, 7]",0.875,False,0.01174638,0.00221866,0.00984213,True
12,2,9,FC4,0.05745079,-0.05745079,0.07621209,0.375,0.375,"[1, 7]",0.875,False,0.01174638,0.00221866,0.00984213,True
12,2,10,FT7,0.09027571,-0.05839694,0.10385676,0.375,0.375,"[1, 7]",0.875,False,0.01174638,0.00221866,0.00984213,True
12,2,11,FT8,0.07980754,-0.00230995,0.09688837,0.375,0.375,"[1, 7]",0.875,False,0.01174638,0.00221866,0.00984213,True
12,2,12,Cz,0.077485,0.07634189,0.0930444,0.375,0.375,"[1, 7]",0.875,False,0.01174638,0.00221866,0.00984213,True
12,2,13,C3,0.11474925,0.07201031,0.11684284,0.375,0.375,"[1, 7]",0.875,False,0.01174638,0.00221866,0.00984213,True
12,2,14,C4,0.08649021,-0.07513966,0.09689977,0.375,0.375,"[1, 7]",0.875,False,0.01174638,0.00221866,0.00984213,True
12,2,15,T3,0.12662196,0.12662196,0.1320733,0.375,0.375,"[1, 7]",0.875,False,0.01174638,0.00221866,0.00984213,True
12,2,16,T4,0.12267548,0.01367978,0.13514714,0.375,0.375,"[1, 7]",0.875,False,0.01174638,0.00221866,0.00984213,True
12,2,17,CP3,0.12149191,0.03323356,0.14012808,0.375,0.375,"[1, 7]",0.875,False,0.01174638,0.00221866,0.00984213,True
12,2,18,CP4,0.11096208,0.034514,0.12777089,0.375,0.375,"[1, 7]",0.875,False,0.01174638,0.00221866,0.00984213,True
12,2,19,TP7,0.0844944,-0.01817362,0.09416599,0.375,0.375,"[1, 7]",0.875,False,0.01174638,0.00221866,0.00984213,True
12,2,20,TP8,0.08927373,-0.05871169,0.10808082,0.375,0.375,"[1, 7]",0.875,False,0.01174638,0.00221866,0.00984213,True
12,2,21,Pz,0.15350205,0.00690925,0.15370162,0.375,0.375,"[1, 7]",0.875,False,0.01174638,0.00221866,0.00984213,True
12,2,22,P3,0.1081626,0.1081626,0.11750446,0.375,0.375,"[1, 7]",0.875,False,0.01174638,0.00221866,0.00984213,True
12,2,23,P4,0.10332044,-0.09171336,0.11519082,0.375,0.375,"[1, 7]",0.875,False,0.01174638,0.00221866,0.00984213,True
12,2,24,T5,0.10460825,0.07362653,0.11372732,0.375,0.375,"[1, 7]",0.875,False,0.01174638,0.00221866,0.00984213,True
12,2,25,T6,0.08107107,-0.06213812,0.09235701,0.375,0.375,"[1, 7]",0.875,False,0.01174638,0.00221866,0.00984213,True
12,2,26,Oz,0.07713887,0.04219779,0.07971163,0.375,0.375,"[1, 7]",0.875,False,0.01174638,0.00221866,0.00984213,True
12,2,27,O1,0.12123942,0.05625677,0.13183309,0.375,0.375,"[1, 7]",0.875,False,0.01174638,0.00221866,0.00984213,True
12,2,28,O2,0.14388803,-0.02399209,0.14669798,0.375,0.375,"[1, 7]",0.875,False,0.01174638,0.00221866,0.00984213,True
12,3,0,Fp1,0.10944659,-0.09567899,0.12209096,0.625,0.625,"[1, 7]",0.875,False,0.01226799,0.00219181,0.01027918,True
12,3,1,Fp2,0.07904671,0.06212655,0.09637102,0.625,0.625,"[1, 7]",0.875,False,0.01226799,0.00219181,0.01027918,True
12,3,2,Fz,0.10430229,-0.09821749,0.11753893,0.625,0.625,"[1, 7]",0.875,False,0.01226799,0.00219181,0.01027918,True
12,3,3,F3,0.08735222,0.02724144,0.094312,0.625,0.625,"[1, 7]",0.875,False,0.01226799,0.00219181,0.01027918,True
12,3,4,F4,0.09735692,0.0123694,0.10764932,0.625,0.625,"[1, 7]",0.875,False,0.01226799,0.00219181,0.01027918,True
12,3,5,F7,0.08250237,0.08092654,0.09635603,0.625,0.625,"[1, 7]",0.875,False,0.01226799,0.00219181,0.01027918,True
12,3,6,F8,0.078086,-0.02928317,0.07906134,0.625,0.625,"[1, 7]",0.875,False,0.01226799,0.00219181,0.01027918,True
12,3,7,FCz,0.09931838,0.09931838,0.11415242,0.625,0.625,"[1, 7]",0.875,False,0.01226799,0.00219181,0.01027918,True
12,3,8,FC3,0.03123321,0.00562282,0.0380467,0.625,0.625,"[1, 7]",0.875,False,0.01226799,0.00219181,0.01027918,True
12,3,9,FC4,0.05612279,-0.05612279,0.07468913,0.625,0.625,"[1, 7]",0.875,False,0.01226799,0.00219181,0.01027918,True
12,3,10,FT7,0.09010158,-0.05844692,0.1038549,0.625,0.625,"[1, 7]",0.875,False,0.01226799,0.00219181,0.01027918,True
12,3,11,FT8,0.0793498,-0.002381,0.09665194,0.625,0.625,"[1, 7]",0.875,False,0.01226799,0.00219181,0.01027918,True
12,3,12,Cz,0.07661486,0.07587378,0.09232732,0.625,0.625,"[1, 7]",0.875,False,0.01226799,0.00219181,0.01027918,True
12,3,13,C3,0.11483203,0.07205822,0.11695506,0.625,0.625,"[1, 7]",0.875,False,0.01226799,0.00219181,0.01027918,True
12,3,14,C4,0.0860797,-0.07453512,0.09607115,0.625,0.625,"[1, 7]",0.875,False,0.01226799,0.00219181,0.01027918,True
12,3,15,T3,0.12572703,0.12572703,0.13112196,0.625,0.625,"[1, 7]",0.875,False,0.01226799,0.00219181,0.01027918,True
12,3,16,T4,0.12274927,0.01354088,0.13532494,0.625,0.625,"[1, 7]",0.875,False,0.01226799,0.00219181,0.01027918,True
12,3,17,CP3,0.12127712,0.03251169,0.13960819,0.625,0.625,"[1, 7]",0.875,False,0.01226799,0.00219181,0.01027918,True
12,3,18,CP4,0.11147234,0.0350302,0.12819055,0.625,0.625,"[1, 7]",0.875,False,0.01226799,0.00219181,0.01027918,True
12,3,19,TP7,0.08541439,-0.01931557,0.09529223,0.625,0.625,"[1, 7]",0.875,False,0.01226799,0.00219181,0.01027918,True
12,3,20,TP8,0.09026173,-0.059432,0.10921422,0.625,0.625,"[1, 7]",0.875,False,0.01226799,0.00219181,0.01027918,True
12,3,21,Pz,0.15343404,0.00671108,0.15361989,0.625,0.625,"[1, 7]",0.875,False,0.01226799,0.00219181,0.01027918,True
12,3,22,P3,0.10761547,0.10761547,0.1166937,0.625,0.625,"[1, 7]",0.875,False,0.01226799,0.00219181,0.01027918,True
12,3,23,P4,0.10410035,-0.09230062,0.11603309,0.625,0.625,"[1, 7]",0.875,False,0.01226799,0.00219181,0.01027918,True
12,3,24,T5,0.10412844,0.07308527,0.11328604,0.625,0.625,"[1, 7]",0.875,False,0.01226799,0.00219181,0.01027918,True
12,3,25,T6,0.08081412,-0.06255738,0.09245048,0.625,0.625,"[1, 7]",0.875,False,0.01226799,0.00219181,0.01027918,True
12,3,26,Oz,0.07674547,0.04181596,0.07921685,0.625,0.625,"[1, 7]",0.875,False,0.01226799,0.00219181,0.01027918,True
12,3,27,O1,0.12130329,0.0560697,0.13211937,0.625,0.625,"[1, 7]",0.875,False,0.01226799,0.00219181,0.01027918,True
12,3,28,O2,0.14395854,-0.02420233,0.14681968,0.625,0.625,"[1, 7]",0.875,False,0.01226799,0.00219181,0.01027918,True
12,4,0,Fp1,0.10928503,-0.09495768,0.12164945,0.5,0.5,"[0, 8]",1.0,True,0.01432338,0.00223123,0.01200136,True
12,4,1,Fp2,0.07804343,0.06182534,0.09551872,0.5,0.5,"[0, 8]",1.0,True,0.01432338,0.00223123,0.01200136,True
12,4,2,Fz,0.10413024,-0.09759161,0.11720206,0.5,0.5,"[0, 8]",1.0,True,0.01432338,0.00223123,0.01200136,True
12,4,3,F3,0.08789402,0.0281432,0.0949188,0.5,0.5,"[0, 8]",1.0,True,0.01432338,0.00223123,0.01200136,True
12,4,4,F4,0.09721194,0.01275131,0.10748789,0.5,0.5,"[0, 8]",1.0,True,0.01432338,0.00223123,0.01200136,True
12,4,5,F7,0.0836588,0.08148607,0.09732439,0.5,0.5,"[0, 8]",1.0,True,0.01432338,0.00223123,0.01200136,True
12,4,6,F8,0.07758496,-0.02922469,0.07863862,0.5,0.5,"[0, 8]",1.0,True,0.01432338,0.00223123,0.01200136,True
12,4,7,FCz,0.099626,0.099626,0.11485082,0.5,0.5,"[0, 8]",1.0,True,0.01432338,0.00223123,0.01200136,True
12,4,8,FC3,0.03209279,0.00610763,0.0388536,0.5,0.5,"[0, 8]",1.0,True,0.01432338,0.00223123,0.01200136,True
12,4,9,FC4,0.05723049,-0.05723049,0.07593548,0.5,0.5,"[0, 8]",1.0,True,0.01432338,0.00223123,0.01200136,True
12,4,10,FT7,0.09029384,-0.05796365,0.10368327,0.5,0.5,"[0, 8]",1.0,True,0.01432338,0.00223123,0.01200136,True
12,4,11,FT8,0.0788108,-0.00277828,0.0964978,0.5,0.5,"[0, 8]",1.0,True,0.01432338,0.00223123,0.01200136,True
12,4,12,Cz,0.07709279,0.07598766,0.09247344,0.5,0.5,"[0, 8]",1.0,True,0.01432338,0.00223123,0.01200136,True
12,4,13,C3,0.11482371,0.07269785,0.11697353,0.5,0.5,"[0, 8]",1.0,True,0.01432338,0.00223123,0.01200136,True
12,4,14,C4,0.08662061,-0.07550526,0.09693713,0.5,0.5,"[0, 8]",1.0,True,0.01432338,0.00223123,0.01200136,True
12,4,15,T3,0.1264015,0.1264015,0.13155085,0.5,0.5,"[0, 8]",1.0,True,0.01432338,0.00223123,0.01200136,True
12,4,16,T4,0.12209255,0.01323687,0.13490288,0.5,0.5,"[0, 8]",1.0,True,0.01432338,0.00223123,0.01200136,True
12,4,17,CP3,0.12183174,0.03232997,0.13991691,0.5,0.5,"[0, 8]",1.0,True,0.01432338,0.00223123,0.01200136,True
12,4,18,CP4,0.11100481,0.0347736,0.12755743,0.5,0.5,"[0, 8]",1.0,True,0.01432338,0.00223123,0.01200136,True
12,4,19,TP7,0.08486847,-0.0193959,0.09463403,0.5,0.5,"[0, 8]",1.0,True,0.01432338,0.00223123,0.01200136,True
12,4,20,TP8,0.09011663,-0.05915211,0.10890526,0.5,0.5,"[0, 8]",1.0,True,0.01432338,0.00223123,0.01200136,True
12,4,21,Pz,0.15379009,0.005734,0.15392217,0.5,0.5,"[0, 8]",1.0,True,0.01432338,0.00223123,0.01200136,True
12,4,22,P3,0.10823908,0.10823908,0.11701595,0.5,0.5,"[0, 8]",1.0,True,0.01432338,0.00223123,0.01200136,True
12,4,23,P4,0.10578952,-0.09355959,0.11778209,0.5,0.5,"[0, 8]",1.0,True,0.01432338,0.00223123,0.01200136,True
12,4,24,T5,0.10350814,0.07256782,0.11304121,0.5,0.5,"[0, 8]",1.0,True,0.01432338,0.00223123,0.01200136,True
12,4,25,T6,0.08073776,-0.06294171,0.0927505,0.5,0.5,"[0, 8]",1.0,True,0.01432338,0.00223123,0.01200136,True
12,4,26,Oz,0.07606809,0.04154602,0.0784697,0.5,0.5,"[0, 8]",1.0,True,0.01432338,0.00223123,0.01200136,True
12,4,27,O1,0.12222269,0.05555787,0.1329577,0.5,0.5,"[0, 8]",1.0,True,0.01432338,0.00223123,0.01200136,True
12,4,28,O2,0.14322771,-0.02466497,0.14622942,0.5,0.5,"[0, 8]",1.0,True,0.01432338,0.00223123,0.01200136,True
12,5,0,Fp1,0.10902308,-0.09529574,0.12177125,0.5,0.5,"[0, 8]",1.0,True,0.01100706,0.00215359,0.00922267,True
12,5,1,Fp2,0.07857543,0.06196323,0.0961867,0.5,0.5,"[0, 8]",1.0,True,0.01100706,0.00215359,0.00922267,True
12,5,2,Fz,0.10373998,-0.0976955,0.11698031,0.5,0.5,"[0, 8]",1.0,True,0.01100706,0.00215359,0.00922267,True
12,5,3,F3,0.08766091,0.02794081,0.094556,0.5,0.5,"[0, 8]",1.0,True,0.01100706,0.00215359,0.00922267,True
12,5,4,F4,0.0974848,0.01235424,0.1077349,0.5,0.5,"[0, 8]",1.0,True,0.01100706,0.00215359,0.00922267,True
12,5,5,F7,0.0839148,0.08124523,0.09749929,0.5,0.5,"[0, 8]",1.0,True,0.01100706,0.00215359,0.00922267,True
12,5,6,F8,0.07693608,-0.02898669,0.07791934,0.5,0.5,"[0, 8]",1.0,True,0.01100706,0.00215359,0.00922267,True
12,5,7,FCz,0.09982529,0.09982529,0.11485451,0.5,0.5,"[0, 8]",1.0,True,0.01100706,0.00215359,0.00922267,True
12,5,8,FC3,0.0312771,0.00657266,0.0373391,0.5,0.5,"[0, 8]",1.0,True,0.01100706,0.00215359,0.00922267,True
12,5,9,FC4,0.05708499,-0.05708499,0.07577017,0.5,0.5,"[0, 8]",1.0,True,0.01100706,0.00215359,0.00922267,True
12,5,10,FT7,0.09046473,-0.05819742,0.10424708,0.5,0.5,"[0, 8]",1.0,True,0.01100706,0.00215359,0.00922267,True
12,5,11,FT8,0.08015182,-0.00268954,0.09757595,0.5,0.5,"[0, 8]",1.0,True,0.01100706,0.00215359,0.00922267,True
12,5,12,Cz,0.07657,0.07622825,0.09255227,0.5,0.5,"[0, 8]",1.0,True,0.01100706,0.00215359,0.00922267,True
12,5,13,C3,0.11612455,0.07302533,0.11827648,0.5,0.5,"[0, 8]",1.0,True,0.01100706,0.00215359,0.00922267,True
12,5,14,C4,0.08634811,-0.07540952,0.09683903,0.5,0.5,"[0, 8]",1.0,True,0.01100706,0.00215359,0.00922267,True
12,5,15,T3,0.12591615,0.12591615,0.13128571,0.5,0.5,"[0, 8]",1.0,True,0.01100706,0.00215359,0.00922267,True
12,5,16,T4,0.12147722,0.01332547,0.13390717,0.5,0.5,"[0, 8]",1.0,True,0.01100706,0.00215359,0.00922267,True
12,5,17,CP3,0.12222521,0.03302112,0.14049338,0.5,0.5,"[0, 8]",1.0,True,0.01100706,0.00215359,0.00922267,True
12,5,18,CP4,0.11114857,0.03448364,0.12766257,0.5,0.5,"[0, 8]",1.0,True,0.01100706,0.00215359,0.00922267,True
12,5,19,TP7,0.08453854,-0.01924652,0.09426959,0.5,0.5,"[0, 8]",1.0,True,0.01100706,0.00215359,0.00922267,True
12,5,20,TP8,0.08932173,-0.05978021,0.10872693,0.5,0.5,"[0, 8]",1.0,True,0.01100706,0.00215359,0.00922267,True
12,5,21,Pz,0.15352158,0.00629233,0.15368657,0.5,0.5,"[0, 8]",1.0,True,0.01100706,0.00215359,0.00922267,True
12,5,22,P3,0.1079438,0.1079438,0.11694592,0.5,0.5,"[0, 8]",1.0,True,0.01100706,0.00215359,0.00922267,True
12,5,23,P4,0.10432844,-0.09292842,0.11655657,0.5,0.5,"[0, 8]",1.0,True,0.01100706,0.00215359,0.00922267,True
12,5,24,T5,0.10418154,0.07280886,0.11355057,0.5,0.5,"[0, 8]",1.0,True,0.01100706,0.00215359,0.00922267,True
12,5,25,T6,0.08181843,-0.06275424,0.09287597,0.5,0.5,"[0, 8]",1.0,True,0.01100706,0.00215359,0.00922267,True
12,5,26,Oz,0.07655521,0.04143677,0.0788765,0.5,0.5,"[0, 8]",1.0,True,0.01100706,0.00215359,0.00922267,True
12,5,27,O1,0.12178803,0.05556246,0.13245872,0.5,0.5,"[0, 8]",1.0,True,0.01100706,0.00215359,0.00922267,True
12,5,28,O2,0.14372607,-0.02456364,0.14667124,0.5,0.5,"[0, 8]",1.0,True,0.01100706,0.00215359,0.00922267,True
13,1,0,Fp1,0.11003526,-0.09568867,0.1227067,0.5,0.5,"[0, 8]",1.0,True,0.01234901,0.00228033,0.01034707,True
13,1,1,Fp2,0.07741889,0.06120046,0.09506204,0.5,0.5,"[0, 8]",1.0,True,0.01234901,0.00228033,0.01034707,True
13,1,2,Fz,0.10356149,-0.09839225,0.11721855,0.5,0.5,"[0, 8]",1.0,True,0.01234901,0.00228033,0.01034707,True
13,1,3,F3,0.08778034,0.02739845,0.09467664,0.5,0.5,"[0, 8]",1.0,True,0.01234901,0.00228033,0.01034707,True
13,1,4,F4,0.09762958,0.01165494,0.10828981,0.5,0.5,"[0, 8]",1.0,True,0.01234901,0.00228033,0.01034707,True
13,1,5,F7,0.08517136,0.08267967,0.09882362,0.5,0.5,"[0, 8]",1.0,True,0.01234901,0.00228033,0.01034707,True
13,1,6,F8,0.07710786,-0.02962811,0.07807928,0.5,0.5,"[0, 8]",1.0,True,0.01234901,0.00228033,0.01034707,True
13,1,7,FCz,0.09942091,0.09942091,0.1148572,0.5,0.5,"[0, 8]",1.0,True,0.01234901,0.00228033,0.01034707,True
13,1,8,FC3,0.03059887,0.00589521,0.03747457,0.5,0.5,"[0, 8]",1.0,True,0.01234901,0.00228033,0.01034707,True
13,1,9,FC4,0.05867591,-0.05867591,0.07701038,0.5,0.5,"[0, 8]",1.0,True,0.01234901,0.00228033,0.01034707,True
13,1,10,FT7,0.08989632,-0.05762924,0.10321512,0.5,0.5,"[0, 8]",1.0,True,0.01234901,0.00228033,0.01034707,True
13,1,11,FT8,0.07891189,-0.0033031,0.09577645,0.5,0.5,"[0, 8]",1.0,True,0.01234901,0.00228033,0.01034707,True
13,1,12,Cz,0.07732414,0.07509468,0.09238378,0.5,0.5,"[0, 8]",1.0,True,0.01234901,0.00228033,0.01034707,True
13,1,13,C3,0.11432633,0.0717386,0.11640659,0.5,0.5,"[0, 8]",1.0,True,0.01234901,0.00228033,0.01034707,True
13,1,14,C4,0.08612312,-0.07593039,0.09694185,0.5,0.5,"[0, 8]",1.0,True,0.01234901,0.00228033,0.01034707,True
13,1,15,T3,0.12634967,0.12634967,0.13168357,0.5,0.5,"[0, 8]",1.0,True,0.01234901,0.00228033,0.01034707,True
13,1,16,T4,0.12209797,0.01244429,0.13434489,0.5,0.5,"[0, 8]",1.0,True,0.01234901,0.00228033,0.01034707,True
13,1,17,CP3,0.12052995,0.03349871,0.13886665,0.5,0.5,"[0, 8]",1.0,True,0.01234901,0.00228033,0.01034707,True
13,1,18,CP4,0.11041108,0.03370274,0.12759592,0.5,0.5,"[0, 8]",1.0,True,0.01234901,0.00228033,0.01034707,True
13,1,19,TP7,0.08494874,-0.01923743,0.09510582,0.5,0.5,"[0, 8]",1.0,True,0.01234901,0.00228033,0.01034707,True
13,1,20,TP8,0.0885902,-0.0603249,0.10835229,0.5,0.5,"[0, 8]",1.0,True,0.01234901,0.00228033,0.01034707,True
13,1,21,Pz,0.15235774,0.00640684,0.15253516,0.5,0.5,"[0, 8]",1.0,True,0.01234901,0.00228033,0.01034707,True
13,1,22,P3,0.10738631,0.10738631,0.1164409,0.5,0.5,"[0, 8]",1.0,True,0.01234901,0.00228033,0.01034707,True
13,1,23,P4,0.10491551,-0.09354487,0.11706793,0.5,0.5,"[0, 8]",1.0,True,0.01234901,0.00228033,0.01034707,True
13,1,24,T5,0.10567939,0.07353723,0.11549396,0.5,0.5,"[0, 8]",1.0,True,0.01234901,0.00228033,0.01034707,True
13,1,25,T6,0.08203215,-0.06310416,0.09325974,0.5,0.5,"[0, 8]",1.0,True,0.01234901,0.00228033,0.01034707,True
13,1,26,Oz,0.07839006,0.04287973,0.08054397,0.5,0.5,"[0, 8]",1.0,True,0.01234901,0.00228033,0.01034707,True
13,1,27,O1,0.12371567,0.05688462,0.13375226,0.5,0.5,"[0, 8]",1.0,True,0.01234901,0.00228033,0.01034707,True
13,1,28,O2,0.14428183,-0.02372117,0.14698292,0.5,0.5,"[0, 8]",1.0,True,0.01234901,0.00228033,0.01034707,True
13,2,0,Fp1,0.10775162,-0.08730225,0.11832551,0.5,0.5,"[4, 4]",0.5,False,0.1351684,0.02160893,0.11325577,True
13,2,1,Fp2,0.06932499,0.06164742,0.08871359,0.5,0.5,"[4, 4]",0.5,False,0.1351684,0.02160893,0.11325577,True
13,2,2,Fz,0.10540166,-0.10540166,0.12229618,0.5,0.5,"[4, 4]",0.5,False,0.1351684,0.02160893,0.11325577,True
13,2,3,F3,0.08442251,0.02299836,0.09477911,0.5,0.5,"[4, 4]",0.5,False,0.1351684,0.02160893,0.11325577,True
13,2,4,F4,0.09605283,0.00472549,0.11163393,0.5,0.5,"[4, 4]",0.5,False,0.1351684,0.02160893,0.11325577,True
13,2,5,F7,0.08202094,0.08178593,0.09544641,0.5,0.5,"[4, 4]",0.5,False,0.1351684,0.02160893,0.11325577,True
13,2,6,F8,0.0750543,-0.02831434,0.07714155,0.5,0.5,"[4, 4]",0.5,False,0.1351684,0.02160893,0.11325577,True
13,2,7,FCz,0.09493253,0.09493253,0.11257291,0.5,0.5,"[4, 4]",0.5,False,0.1351684,0.02160893,0.11325577,True
13,2,8,FC3,0.02555314,-0.00426376,0.03353748,0.5,0.5,"[4, 4]",0.5,False,0.1351684,0.02160893,0.11325577,True
13,2,9,FC4,0.06902371,-0.06902371,0.08763677,0.5,0.5,"[4, 4]",0.5,False,0.1351684,0.02160893,0.11325577,True
13,2,10,FT7,0.0922035,-0.06037396,0.1017924,0.5,0.5,"[4, 4]",0.5,False,0.1351684,0.02160893,0.11325577,True
13,2,11,FT8,0.07995556,0.00126611,0.09446925,0.5,0.5,"[4, 4]",0.5,False,0.1351684,0.02160893,0.11325577,True
13,2,12,Cz,0.07414778,0.06527533,0.08682786,0.5,0.5,"[4, 4]",0.5,False,0.1351684,0.02160893,0.11325577,True
13,2,13,C3,0.11124596,0.0590574,0.112161,0.5,0.5,"[4, 4]",0.5,False,0.1351684,0.02160893,0.11325577,True
13,2,14,C4,0.08793397,-0.08793397,0.10662448,0.5,0.5,"[4, 4]",0.5,False,0.1351684,0.02160893,0.11325577,True
13,2,15,T3,0.11490314,0.11490314,0.12135626,0.5,0.5,"[4, 4]",0.5,False,0.1351684,0.02160893,0.11325577,True
13,2,16,T4,0.12661904,0.00987195,0.13550031,0.5,0.5,"[4, 4]",0.5,False,0.1351684,0.02160893,0.11325577,True
13,2,17,CP3,0.11290008,0.03499794,0.12958835,0.5,0.5,"[4, 4]",0.5,False,0.1351684,0.02160893,0.11325577,True
13,2,18,CP4,0.10880046,0.02175342,0.13300121,0.5,0.5,"[4, 4]",0.5,False,0.1351684,0.02160893,0.11325577,True
13,2,19,TP7,0.08723468,-0.01991781,0.10004956,0.5,0.5,"[4, 4]",0.5,False,0.1351684,0.02160893,0.11325577,True
13,2,20,TP8,0.08630377,-0.06575391,0.10930262,0.5,0.5,"[4, 4]",0.5,False,0.1351684,0.02160893,0.11325577,True
13,2,21,Pz,0.15917462,0.00252284,0.15921941,0.5,0.5,"[4, 4]",0.5,False,0.1351684,0.02160893,0.11325577,True
13,2,22,P3,0.09862889,0.09862889,0.10868019,0.5,0.5,"[4, 4]",0.5,False,0.1351684,0.02160893,0.11325577,True
13,2,23,P4,0.11619662,-0.10313082,0.12877412,0.5,0.5,"[4, 4]",0.5,False,0.1351684,0.02160893,0.11325577,True
13,2,24,T5,0.11410455,0.07430007,0.12590669,0.5,0.5,"[4, 4]",0.5,False,0.1351684,0.02160893,0.11325577,True
13,2,25,T6,0.08167238,-0.06810264,0.09797712,0.5,0.5,"[4, 4]",0.5,False,0.1351684,0.02160893,0.11325577,True
13,2,26,Oz,0.08434171,0.04603401,0.08525492,0.5,0.5,"[4, 4]",0.5,False,0.1351684,0.02160893,0.11325577,True
13,2,27,O1,0.13436373,0.06044905,0.1418557,0.5,0.5,"[4, 4]",0.5,False,0.1351684,0.02160893,0.11325577,True
13,2,28,O2,0.14292088,-0.01791886,0.14569339,0.5,0.5,"[4, 4]",0.5,False,0.1351684,0.02160893,0.11325577,True
13,3,0,Fp1,0.11359955,-0.09501927,0.12435883,0.625,0.625,"[3, 5]",0.625,False,0.10833369,0.01938152,0.09077133,True
13,3,1,Fp2,0.07083103,0.05903869,0.08876035,0.625,0.625,"[3, 5]",0.625,False,0.10833369,0.01938152,0.09077133,True
13,3,2,Fz,0.11058737,-0.10710596,0.12691236,0.625,0.625,"[3, 5]",0.625,False,0.10833369,0.01938152,0.09077133,True
13,3,3,F3,0.08249006,0.01753714,0.09162033,0.625,0.625,"[3, 5]",0.625,False,0.10833369,0.01938152,0.09077133,True
13,3,4,F4,0.09648585,0.00264666,0.11158776,0.625,0.625,"[3, 5]",0.625,False,0.10833369,0.01938152,0.09077133,True
13,3,5,F7,0.08748046,0.08326469,0.09917974,0.625,0.625,"[3, 5]",0.625,False,0.10833369,0.01938152,0.09077133,True
13,3,6,F8,0.07326385,-0.02612104,0.07548618,0.625,0.625,"[3, 5]",0.625,False,0.10833369,0.01938152,0.09077133,True
13,3,7,FCz,0.0939589,0.09167351,0.11024104,0.625,0.625,"[3, 5]",0.625,False,0.10833369,0.01938152,0.09077133,True
13,3,8,FC3,0.03163335,-0.00630809,0.04047556,0.625,0.625,"[3, 5]",0.625,False,0.10833369,0.01938152,0.09077133,True
13,3,9,FC4,0.06872258,-0.06872258,0.0883635,0.625,0.625,"[3, 5]",0.625,False,0.10833369,0.01938152,0.09077133,True
13,3,10,FT7,0.09239905,-0.05749521,0.10207558,0.625,0.625,"[3, 5]",0.625,False,0.10833369,0.01938152,0.09077133,True
13,3,11,FT8,0.07259928,9.843e-05,0.09044474,0.625,0.625,"[3, 5]",0.625,False,0.10833369,0.01938152,0.09077133,True
13,3,12,Cz,0.07532488,0.06457454,0.08523965,0.625,0.625,"[3, 5]",0.625,False,0.10833369,0.01938152,0.09077133,True
13,3,13,C3,0.10752718,0.06190284,0.10866173,0.625,0.625,"[3, 5]",0.625,False,0.10833369,0.01938152,0.09077133,True
13,3,14,C4,0.09238355,-0.08513961,0.10669623,0.625,0.625,"[3, 5]",0.625,False,0.10833369,0.01938152,0.09077133,True
13,3,15,T3,0.11962845,0.11962845,0.12572268,0.625,0.625,"[3, 5]",0.625,False,0.10833369,0.01938152,0.09077133,True
13,3,16,T4,0.11985466,0.01092738,0.1315452,0.625,0.625,"[3, 5]",0.625,False,0.10833369,0.01938152,0.09077133,True
13,3,17,CP3,0.11707596,0.03925954,0.13404852,0.625,0.625,"[3, 5]",0.625,False,0.10833369,0.01938152,0.09077133,True
13,3,18,CP4,0.10504135,0.0251606,0.12686388,0.625,0.625,"[3, 5]",0.625,False,0.10833369,0.01938152,0.09077133,True
13,3,19,TP7,0.08336631,-0.02161438,0.0966432,0.625,0.625,"[3, 5]",0.625,False,0.10833369,0.01938152,0.09077133,True
13,3,20,TP8,0.09192188,-0.06408319,0.11266498,0.625,0.625,"[3, 5]",0.625,False,0.10833369,0.01938152,0.09077133,True
13,3,21,Pz,0.15210918,0.00268589,0.15218388,0.625,0.625,"[3, 5]",0.625,False,0.10833369,0.01938152,0.09077133,True
13,3,22,P3,0.10251782,0.10251782,0.11073443,0.625,0.625,"[3, 5]",0.625,False,0.10833369,0.01938152,0.09077133,True
13,3,23,P4,0.11080366,-0.09874173,0.12311728,0.625,0.625,"[3, 5]",0.625,False,0.10833369,0.01938152,0.09077133,True
13,3,24,T5,0.11162338,0.07540717,0.12346282,0.625,0.625,"[3, 5]",0.625,False,0.10833369,0.01938152,0.09077133,True
13,3,25,T6,0.08002006,-0.06734889,0.09725376,0.625,0.625,"[3, 5]",0.625,False,0.10833369,0.01938152,0.09077133,True
13,3,26,Oz,0.08564735,0.04830357,0.08778953,0.625,0.625,"[3, 5]",0.625,False,0.10833369,0.01938152,0.09077133,True
13,3,27,O1,0.1321301,0.06258553,0.13990273,0.625,0.625,"[3, 5]",0.625,False,0.10833369,0.01938152,0.09077133,True
13,3,28,O2,0.1417338,-0.01470531,0.14319773,0.625,0.625,"[3, 5]",0.625,False,0.10833369,0.01938152,0.09077133,True
13,4,0,Fp1,0.0817887,-0.05067765,0.09451243,0.75,0.75,"[2, 6]",0.75,False,0.7215886,0.17226034,0.60460928,True
13,4,1,Fp2,0.08894953,0.08894953,0.09925542,0.75,0.75,"[2, 6]",0.75,False,0.7215886,0.17226034,0.60460928,True
13,4,2,Fz,0.11173511,-0.09464867,0.13257101,0.75,0.75,"[2, 6]",0.75,False,0.7215886,0.17226034,0.60460928,True
13,4,3,F3,0.08494826,-0.02764325,0.11080513,0.75,0.75,"[2, 6]",0.75,False,0.7215886,0.17226034,0.60460928,True
13,4,4,F4,0.09900509,-0.02231239,0.12328409,0.75,0.75,"[2, 6]",0.75,False,0.7215886,0.17226034,0.60460928,True
13,4,5,F7,0.06650204,0.06650204,0.09000342,0.75,0.75,"[2, 6]",0.75,False,0.7215886,0.17226034,0.60460928,True
13,4,6,F8,0.04368225,0.03883745,0.05842716,0.75,0.75,"[2, 6]",0.75,False,0.7215886,0.17226034,0.60460928,True
13,4,7,FCz,0.12370811,0.06631576,0.1295113,0.75,0.75,"[2, 6]",0.75,False,0.7215886,0.17226034,0.60460928,True
13,4,8,FC3,0.08013701,-0.08013701,0.08808176,0.75,0.75,"[2, 6]",0.75,False,0.7215886,0.17226034,0.60460928,True
13,4,9,FC4,0.08474249,-0.07417713,0.11349303,0.75,0.75,"[2, 6]",0.75,False,0.7215886,0.17226034,0.60460928,True
13,4,10,FT7,0.05961052,-0.05961052,0.06693372,0.75,0.75,"[2, 6]",0.75,False,0.7215886,0.17226034,0.60460928,True
13,4,11,FT8,0.06655081,-0.00225559,0.07882585,0.75,0.75,"[2, 6]",0.75,False,0.7215886,0.17226034,0.60460928,True
13,4,12,Cz,0.1048023,0.05463855,0.1146633,0.75,0.75,"[2, 6]",0.75,False,0.7215886,0.17226034,0.60460928,True
13,4,13,C3,0.07091296,-0.01258121,0.0982491,0.75,0.75,"[2, 6]",0.75,False,0.7215886,0.17226034,0.60460928,True
13,4,14,C4,0.10741752,-0.09799173,0.13259356,0.75,0.75,"[2, 6]",0.75,False,0.7215886,0.17226034,0.60460928,True
13,4,15,T3,0.15218917,0.11285505,0.16263928,0.75,0.75,"[2, 6]",0.75,False,0.7215886,0.17226034,0.60460928,True
13,4,16,T4,0.11273126,0.0120045,0.14083397,0.75,0.75,"[2, 6]",0.75,False,0.7215886,0.17226034,0.60460928,True
13,4,17,CP3,0.08133334,0.03110315,0.10165689,0.75,0.75,"[2, 6]",0.75,False,0.7215886,0.17226034,0.60460928,True
13,4,18,CP4,0.103206,0.00161314,0.1313217,0.75,0.75,"[2, 6]",0.75,False,0.7215886,0.17226034,0.60460928,True
13,4,19,TP7,0.07999941,-0.03313859,0.09840416,0.75,0.75,"[2, 6]",0.75,False,0.7215886,0.17226034,0.60460928,True
13,4,20,TP8,0.13811381,-0.08459696,0.16491123,0.75,0.75,"[2, 6]",0.75,False,0.7215886,0.17226034,0.60460928,True
13,4,21,Pz,0.19494307,-0.03392058,0.19969141,0.75,0.75,"[2, 6]",0.75,False,0.7215886,0.17226034,0.60460928,True
13,4,22,P3,0.04254456,0.02927361,0.04714272,0.75,0.75,"[2, 6]",0.75,False,0.7215886,0.17226034,0.60460928,True
13,4,23,P4,0.17060257,-0.13346943,0.17989029,0.75,0.75,"[2, 6]",0.75,False,0.7215886,0.17226034,0.60460928,True
13,4,24,T5,0.13495274,0.08327597,0.14289612,0.75,0.75,"[2, 6]",0.75,False,0.7215886,0.17226034,0.60460928,True
13,4,25,T6,0.13191834,-0.10686633,0.14472273,0.75,0.75,"[2, 6]",0.75,False,0.7215886,0.17226034,0.60460928,True
13,4,26,Oz,0.09461336,0.05613185,0.11389451,0.75,0.75,"[2, 6]",0.75,False,0.7215886,0.17226034,0.60460928,True
13,4,27,O1,0.13517901,0.04867558,0.14123203,0.75,0.75,"[2, 6]",0.75,False,0.7215886,0.17226034,0.60460928,True
13,4,28,O2,0.1198093,0.00648296,0.12281697,0.75,0.75,"[2, 6]",0.75,False,0.7215886,0.17226034,0.60460928,True
13,5,0,Fp1,0.09231864,-0.02086671,0.10876583,0.75,0.75,"[6, 2]",0.75,False,0.92480325,0.24923582,0.77488007,True
13,5,1,Fp2,0.03302602,0.02849842,0.04637811,0.75,0.75,"[6, 2]",0.75,False,0.92480325,0.24923582,0.77488007,True
13,5,2,Fz,0.13007729,-0.12513183,0.16399477,0.75,0.75,"[6, 2]",0.75,False,0.92480325,0.24923582,0.77488007,True
13,5,3,F3,0.12140004,-0.04340257,0.13290626,0.75,0.75,"[6, 2]",0.75,False,0.92480325,0.24923582,0.77488007,True
13,5,4,F4,0.14415833,-0.05710457,0.16590072,0.75,0.75,"[6, 2]",0.75,False,0.92480325,0.24923582,0.77488007,True
13,5,5,F7,0.06168476,0.05694848,0.07048949,0.75,0.75,"[6, 2]",0.75,False,0.92480325,0.24923582,0.77488007,True
13,5,6,F8,0.07114619,0.01328478,0.07474942,0.75,0.75,"[6, 2]",0.75,False,0.92480325,0.24923582,0.77488007,True
13,5,7,FCz,0.10177407,0.05201119,0.12068378,0.75,0.75,"[6, 2]",0.75,False,0.92480325,0.24923582,0.77488007,True
13,5,8,FC3,0.06164633,-0.06164633,0.06579369,0.75,0.75,"[6, 2]",0.75,False,0.92480325,0.24923582,0.77488007,True
13,5,9,FC4,0.12708387,-0.10879473,0.14531368,0.75,0.75,"[6, 2]",0.75,False,0.92480325,0.24923582,0.77488007,True
13,5,10,FT7,0.09415676,-0.09415676,0.1007695,0.75,0.75,"[6, 2]",0.75,False,0.92480325,0.24923582,0.77488007,True
13,5,11,FT8,0.04621894,-0.02934434,0.06472778,0.75,0.75,"[6, 2]",0.75,False,0.92480325,0.24923582,0.77488007,True
13,5,12,Cz,0.11262369,0.04065507,0.12761647,0.75,0.75,"[6, 2]",0.75,False,0.92480325,0.24923582,0.77488007,True
13,5,13,C3,0.1262103,0.00081829,0.14761879,0.75,0.75,"[6, 2]",0.75,False,0.92480325,0.24923582,0.77488007,True
13,5,14,C4,0.13859649,-0.07848275,0.16164428,0.75,0.75,"[6, 2]",0.75,False,0.92480325,0.24923582,0.77488007,True
13,5,15,T3,0.12011661,0.09043042,0.15204683,0.75,0.75,"[6, 2]",0.75,False,0.92480325,0.24923582,0.77488007,True
13,5,16,T4,0.08247251,0.02631954,0.10994334,0.75,0.75,"[6, 2]",0.75,False,0.92480325,0.24923582,0.77488007,True
13,5,17,CP3,0.05650763,0.00479421,0.06778492,0.75,0.75,"[6, 2]",0.75,False,0.92480325,0.24923582,0.77488007,True
13,5,18,CP4,0.13546121,0.02280107,0.17126216,0.75,0.75,"[6, 2]",0.75,False,0.92480325,0.24923582,0.77488007,True
13,5,19,TP7,0.08064695,-0.06055472,0.0932674,0.75,0.75,"[6, 2]",0.75,False,0.92480325,0.24923582,0.77488007,True
13,5,20,TP8,0.10681754,-0.0286852,0.13224691,0.75,0.75,"[6, 2]",0.75,False,0.92480325,0.24923582,0.77488007,True
13,5,21,Pz,0.15648343,-0.02671669,0.16034576,0.75,0.75,"[6, 2]",0.75,False,0.92480325,0.24923582,0.77488007,True
13,5,22,P3,0.07115928,0.05175461,0.09109741,0.75,0.75,"[6, 2]",0.75,False,0.92480325,0.24923582,0.77488007,True
13,5,23,P4,0.15071476,-0.1214601,0.17015643,0.75,0.75,"[6, 2]",0.75,False,0.92480325,0.24923582,0.77488007,True
13,5,24,T5,0.13446864,0.08500931,0.14868894,0.75,0.75,"[6, 2]",0.75,False,0.92480325,0.24923582,0.77488007,True
13,5,25,T6,0.08540083,-0.05443085,0.09553698,0.75,0.75,"[6, 2]",0.75,False,0.92480325,0.24923582,0.77488007,True
13,5,26,Oz,0.12309593,0.10372739,0.13931037,0.75,0.75,"[6, 2]",0.75,False,0.92480325,0.24923582,0.77488007,True
13,5,27,O1,0.14976607,0.08610769,0.15524039,0.75,0.75,"[6, 2]",0.75,False,0.92480325,0.24923582,0.77488007,True
13,5,28,O2,0.10104937,0.0507055,0.12078206,0.75,0.75,"[6, 2]",0.75,False,0.92480325,0.24923582,0.77488007,True
14,1,0,Fp1,0.10908093,-0.09500106,0.12175222,0.625,0.625,"[1, 7]",0.875,False,0.01192899,0.00209999,0.00999514,True
14,1,1,Fp2,0.07773843,0.0613067,0.0953301,0.625,0.625,"[1, 7]",0.875,False,0.01192899,0.00209999,0.00999514,True
14,1,2,Fz,0.10279968,-0.09785457,0.11645127,0.625,0.625,"[1, 7]",0.875,False,0.01192899,0.00209999,0.00999514,True
14,1,3,F3,0.0877448,0.02729025,0.09450021,0.625,0.625,"[1, 7]",0.875,False,0.01192899,0.00209999,0.00999514,True
14,1,4,F4,0.09815092,0.01221467,0.10877146,0.625,0.625,"[1, 7]",0.875,False,0.01192899,0.00209999,0.00999514,True
14,1,5,F7,0.08417894,0.08145883,0.09778649,0.625,0.625,"[1, 7]",0.875,False,0.01192899,0.00209999,0.00999514,True
14,1,6,F8,0.07855333,-0.02989059,0.07955796,0.625,0.625,"[1, 7]",0.875,False,0.01192899,0.00209999,0.00999514,True
14,1,7,FCz,0.09922314,0.09922314,0.11466671,0.625,0.625,"[1, 7]",0.875,False,0.01192899,0.00209999,0.00999514,True
14,1,8,FC3,0.03145433,0.00644633,0.03837029,0.625,0.625,"[1, 7]",0.875,False,0.01192899,0.00209999,0.00999514,True
14,1,9,FC4,0.05834899,-0.05834899,0.07619765,0.625,0.625,"[1, 7]",0.875,False,0.01192899,0.00209999,0.00999514,True
14,1,10,FT7,0.09014536,-0.0586519,0.10348065,0.625,0.625,"[1, 7]",0.875,False,0.01192899,0.00209999,0.00999514,True
14,1,11,FT8,0.08024699,-0.00348071,0.09692685,0.625,0.625,"[1, 7]",0.875,False,0.01192899,0.00209999,0.00999514,True
14,1,12,Cz,0.0775673,0.07681843,0.09366617,0.625,0.625,"[1, 7]",0.875,False,0.01192899,0.00209999,0.00999514,True
14,1,13,C3,0.11512928,0.07291238,0.11736373,0.625,0.625,"[1, 7]",0.875,False,0.01192899,0.00209999,0.00999514,True
14,1,14,C4,0.08537169,-0.07552327,0.09598395,0.625,0.625,"[1, 7]",0.875,False,0.01192899,0.00209999,0.00999514,True
14,1,15,T3,0.12535836,0.12535836,0.13068448,0.625,0.625,"[1, 7]",0.875,False,0.01192899,0.00209999,0.00999514,True
14,1,16,T4,0.12281396,0.01340132,0.13521975,0.625,0.625,"[1, 7]",0.875,False,0.01192899,0.00209999,0.00999514,True
14,1,17,CP3,0.12155337,0.03311709,0.13954258,0.625,0.625,"[1, 7]",0.875,False,0.01192899,0.00209999,0.00999514,True
14,1,18,CP4,0.11133157,0.03461861,0.12792072,0.625,0.625,"[1, 7]",0.875,False,0.01192899,0.00209999,0.00999514,True
14,1,19,TP7,0.08441588,-0.01953046,0.09468409,0.625,0.625,"[1, 7]",0.875,False,0.01192899,0.00209999,0.00999514,True
14,1,20,TP8,0.08906944,-0.05976237,0.10855078,0.625,0.625,"[1, 7]",0.875,False,0.01192899,0.00209999,0.00999514,True
14,1,21,Pz,0.15216827,0.00736372,0.15240911,0.625,0.625,"[1, 7]",0.875,False,0.01192899,0.00209999,0.00999514,True
14,1,22,P3,0.1084674,0.1084674,0.11775372,0.625,0.625,"[1, 7]",0.875,False,0.01192899,0.00209999,0.00999514,True
14,1,23,P4,0.1035258,-0.09229965,0.11562707,0.625,0.625,"[1, 7]",0.875,False,0.01192899,0.00209999,0.00999514,True
14,1,24,T5,0.10599479,0.07360316,0.11546237,0.625,0.625,"[1, 7]",0.875,False,0.01192899,0.00209999,0.00999514,True
14,1,25,T6,0.08166859,-0.06248201,0.09279376,0.625,0.625,"[1, 7]",0.875,False,0.01192899,0.00209999,0.00999514,True
14,1,26,Oz,0.07835849,0.04239763,0.0804808,0.625,0.625,"[1, 7]",0.875,False,0.01192899,0.00209999,0.00999514,True
14,1,27,O1,0.12243237,0.05596098,0.13263148,0.625,0.625,"[1, 7]",0.875,False,0.01192899,0.00209999,0.00999514,True
14,1,28,O2,0.14414568,-0.02356149,0.14688811,0.625,0.625,"[1, 7]",0.875,False,0.01192899,0.00209999,0.00999514,True
14,2,0,Fp1,0.10791038,-0.0889302,0.12162564,0.5,0.5,"[6, 2]",0.75,False,0.68598902,0.21487088,0.57478088,True
14,2,1,Fp2,0.07938029,0.0630585,0.09390727,0.5,0.5,"[6, 2]",0.75,False,0.68598902,0.21487088,0.57478088,True
14,2,2,Fz,0.07188444,-0.05651425,0.07669303,0.5,0.5,"[6, 2]",0.75,False,0.68598902,0.21487088,0.57478088,True
14,2,3,F3,0.11675072,0.06753724,0.12055108,0.5,0.5,"[6, 2]",0.75,False,0.68598902,0.21487088,0.57478088,True
14,2,4,F4,0.0803491,0.05190985,0.09003779,0.5,0.5,"[6, 2]",0.75,False,0.68598902,0.21487088,0.57478088,True
14,2,5,F7,0.09137698,0.08061997,0.12570405,0.5,0.5,"[6, 2]",0.75,False,0.68598902,0.21487088,0.57478088,True
14,2,6,F8,0.05658026,0.00476201,0.06911655,0.5,0.5,"[6, 2]",0.75,False,0.68598902,0.21487088,0.57478088,True
14,2,7,FCz,0.08546647,0.08386862,0.10099236,0.5,0.5,"[6, 2]",0.75,False,0.68598902,0.21487088,0.57478088,True
14,2,8,FC3,0.06357702,-0.01698841,0.06675357,0.5,0.5,"[6, 2]",0.75,False,0.68598902,0.21487088,0.57478088,True
14,2,9,FC4,0.06316178,-0.05064478,0.09067988,0.5,0.5,"[6, 2]",0.75,False,0.68598902,0.21487088,0.57478088,True
14,2,10,FT7,0.11375525,-0.11375525,0.13578837,0.5,0.5,"[6, 2]",0.75,False,0.68598902,0.21487088,0.57478088,True
14,2,11,FT8,0.12490906,-0.07536318,0.13346805,0.5,0.5,"[6, 2]",0.75,False,0.68598902,0.21487088,0.57478088,True
14,2,12,Cz,0.07482942,0.03039722,0.09522998,0.5,0.5,"[6, 2]",0.75,False,0.68598902,0.21487088,0.57478088,True
14,2,13,C3,0.10479784,0.10214517,0.12407888,0.5,0.5,"[6, 2]",0.75,False,0.68598902,0.21487088,0.57478088,True
14,2,14,C4,0.10582972,-0.06054937,0.11656911,0.5,0.5,"[6, 2]",0.75,False,0.68598902,0.21487088,0.57478088,True
14,2,15,T3,0.11982711,0.11982711,0.13084716,0.5,0.5,"[6, 2]",0.75,False,0.68598902,0.21487088,0.57478088,True
14,2,16,T4,0.10917339,0.00850631,0.11929844,0.5,0.5,"[6, 2]",0.75,False,0.68598902,0.21487088,0.57478088,True
14,2,17,CP3,0.12966466,0.12966466,0.15850632,0.5,0.5,"[6, 2]",0.75,False,0.68598902,0.21487088,0.57478088,True
14,2,18,CP4,0.08438319,0.04710571,0.10458592,0.5,0.5,"[6, 2]",0.75,False,0.68598902,0.21487088,0.57478088,True
14,2,19,TP7,0.091111,-0.02198714,0.10322329,0.5,0.5,"[6, 2]",0.75,False,0.68598902,0.21487088,0.57478088,True
14,2,20,TP8,0.0658993,-0.04544082,0.07799506,0.5,0.5,"[6, 2]",0.75,False,0.68598902,0.21487088,0.57478088,True
14,2,21,Pz,0.05193044,-0.03043669,0.05742604,0.5,0.5,"[6, 2]",0.75,False,0.68598902,0.21487088,0.57478088,True
14,2,22,P3,0.12937054,0.12937054,0.13472277,0.5,0.5,"[6, 2]",0.75,False,0.68598902,0.21487088,0.57478088,True
14,2,23,P4,0.1059235,-0.09956364,0.12338057,0.5,0.5,"[6, 2]",0.75,False,0.68598902,0.21487088,0.57478088,True
14,2,24,T5,0.08920934,-0.05207862,0.0943585,0.5,0.5,"[6, 2]",0.75,False,0.68598902,0.21487088,0.57478088,True
14,2,25,T6,0.05426977,-0.01737752,0.06480527,0.5,0.5,"[6, 2]",0.75,False,0.68598902,0.21487088,0.57478088,True
14,2,26,Oz,0.10196336,0.077674,0.11713222,0.5,0.5,"[6, 2]",0.75,False,0.68598902,0.21487088,0.57478088,True
14,2,27,O1,0.12441711,0.00612804,0.13041082,0.5,0.5,"[6, 2]",0.75,False,0.68598902,0.21487088,0.57478088,True
14,2,28,O2,0.10523459,0.00492608,0.12884334,0.5,0.5,"[6, 2]",0.75,False,0.68598902,0.21487088,0.57478088,True
14,3,0,Fp1,0.04890899,-0.04286306,0.05607463,0.5,0.5,"[4, 4]",0.5,False,0.85943669,0.27093524,0.72011032,True
14,3,1,Fp2,0.03499665,0.0313846,0.04646279,0.5,0.5,"[4, 4]",0.5,False,0.85943669,0.27093524,0.72011032,True
14,3,2,Fz,0.07036839,-0.06289201,0.08272319,0.5,0.5,"[4, 4]",0.5,False,0.85943669,0.27093524,0.72011032,True
14,3,3,F3,0.07921527,0.04614373,0.08784637,0.5,0.5,"[4, 4]",0.5,False,0.85943669,0.27093524,0.72011032,True
14,3,4,F4,0.08112267,0.04769138,0.09924615,0.5,0.5,"[4, 4]",0.5,False,0.85943669,0.27093524,0.72011032,True
14,3,5,F7,0.08968578,0.08469579,0.11333521,0.5,0.5,"[4, 4]",0.5,False,0.85943669,0.27093524,0.72011032,True
14,3,6,F8,0.06810784,-0.03403179,0.07065906,0.5,0.5,"[4, 4]",0.5,False,0.85943669,0.27093524,0.72011032,True
14,3,7,FCz,0.12199418,0.12199418,0.12841952,0.5,0.5,"[4, 4]",0.5,False,0.85943669,0.27093524,0.72011032,True
14,3,8,FC3,0.07450025,-0.07106261,0.08960003,0.5,0.5,"[4, 4]",0.5,False,0.85943669,0.27093524,0.72011032,True
14,3,9,FC4,0.0550643,-0.01968272,0.06520506,0.5,0.5,"[4, 4]",0.5,False,0.85943669,0.27093524,0.72011032,True
14,3,10,FT7,0.06928543,-0.05163369,0.10587858,0.5,0.5,"[4, 4]",0.5,False,0.85943669,0.27093524,0.72011032,True
14,3,11,FT8,0.11298121,-0.06814343,0.11691256,0.5,0.5,"[4, 4]",0.5,False,0.85943669,0.27093524,0.72011032,True
14,3,12,Cz,0.06472426,0.04933754,0.08168741,0.5,0.5,"[4, 4]",0.5,False,0.85943669,0.27093524,0.72011032,True
14,3,13,C3,0.06009816,0.03353553,0.06482032,0.5,0.5,"[4, 4]",0.5,False,0.85943669,0.27093524,0.72011032,True
14,3,14,C4,0.13488971,-0.11564229,0.15330525,0.5,0.5,"[4, 4]",0.5,False,0.85943669,0.27093524,0.72011032,True
14,3,15,T3,0.13271533,0.13271533,0.14373545,0.5,0.5,"[4, 4]",0.5,False,0.85943669,0.27093524,0.72011032,True
14,3,16,T4,0.08652879,0.06235043,0.10534181,0.5,0.5,"[4, 4]",0.5,False,0.85943669,0.27093524,0.72011032,True
14,3,17,CP3,0.16854171,0.16854171,0.19223653,0.5,0.5,"[4, 4]",0.5,False,0.85943669,0.27093524,0.72011032,True
14,3,18,CP4,0.12175612,0.00192494,0.14116479,0.5,0.5,"[4, 4]",0.5,False,0.85943669,0.27093524,0.72011032,True
14,3,19,TP7,0.15637657,-0.13112082,0.20177098,0.5,0.5,"[4, 4]",0.5,False,0.85943669,0.27093524,0.72011032,True
14,3,20,TP8,0.08481888,-0.07501294,0.10276037,0.5,0.5,"[4, 4]",0.5,False,0.85943669,0.27093524,0.72011032,True
14,3,21,Pz,0.05184077,0.00763678,0.06533395,0.5,0.5,"[4, 4]",0.5,False,0.85943669,0.27093524,0.72011032,True
14,3,22,P3,0.16955236,0.16955236,0.1769547,0.5,0.5,"[4, 4]",0.5,False,0.85943669,0.27093524,0.72011032,True
14,3,23,P4,0.09584329,-0.06789722,0.10203126,0.5,0.5,"[4, 4]",0.5,False,0.85943669,0.27093524,0.72011032,True
14,3,24,T5,0.10842687,0.02617052,0.13051412,0.5,0.5,"[4, 4]",0.5,False,0.85943669,0.27093524,0.72011032,True
14,3,25,T6,0.08374318,-0.07292115,0.1046095,0.5,0.5,"[4, 4]",0.5,False,0.85943669,0.27093524,0.72011032,True
14,3,26,Oz,0.10994405,0.08719415,0.12770042,0.5,0.5,"[4, 4]",0.5,False,0.85943669,0.27093524,0.72011032,True
14,3,27,O1,0.1159011,-0.03454534,0.12954569,0.5,0.5,"[4, 4]",0.5,False,0.85943669,0.27093524,0.72011032,True
14,3,28,O2,0.08656453,-0.00922924,0.09515305,0.5,0.5,"[4, 4]",0.5,False,0.85943669,0.27093524,0.72011032,True
14,4,0,Fp1,0.10564651,-0.09986869,0.12292844,0.625,0.625,"[7, 1]",0.875,False,0.17628942,0.05351616,0.14771051,True
14,4,1,Fp2,0.07172628,0.05343823,0.08263394,0.625,0.625,"[7, 1]",0.875,False,0.17628942,0.05351616,0.14771051,True
14,4,2,Fz,0.09422566,-0.0901587,0.10673121,0.625,0.625,"[7, 1]",0.875,False,0.17628942,0.05351616,0.14771051,True
14,4,3,F3,0.08627759,0.01745453,0.09312188,0.625,0.625,"[7, 1]",0.875,False,0.17628942,0.05351616,0.14771051,True
14,4,4,F4,0.10096181,0.01207767,0.11337651,0.625,0.625,"[7, 1]",0.875,False,0.17628942,0.05351616,0.14771051,True
14,4,5,F7,0.10528079,0.10507013,0.12338208,0.625,0.625,"[7, 1]",0.875,False,0.17628942,0.05351616,0.14771051,True
14,4,6,F8,0.08737367,-0.0358449,0.09095675,0.625,0.625,"[7, 1]",0.875,False,0.17628942,0.05351616,0.14771051,True
14,4,7,FCz,0.10493604,0.10493604,0.12378535,0.625,0.625,"[7, 1]",0.875,False,0.17628942,0.05351616,0.14771051,True
14,4,8,FC3,0.0466365,0.0022256,0.05018359,0.625,0.625,"[7, 1]",0.875,False,0.17628942,0.05351616,0.14771051,True
14,4,9,FC4,0.06594136,-0.05786574,0.08294611,0.625,0.625,"[7, 1]",0.875,False,0.17628942,0.05351616,0.14771051,True
14,4,10,FT7,0.08683071,-0.04798744,0.10031343,0.625,0.625,"[7, 1]",0.875,False,0.17628942,0.05351616,0.14771051,True
14,4,11,FT8,0.09140859,-0.00308875,0.10689409,0.625,0.625,"[7, 1]",0.875,False,0.17628942,0.05351616,0.14771051,True
14,4,12,Cz,0.08263125,0.0753863,0.09559401,0.625,0.625,"[7, 1]",0.875,False,0.17628942,0.05351616,0.14771051,True
14,4,13,C3,0.11471698,0.06629582,0.11756297,0.625,0.625,"[7, 1]",0.875,False,0.17628942,0.05351616,0.14771051,True
14,4,14,C4,0.08567102,-0.06434215,0.09287446,0.625,0.625,"[7, 1]",0.875,False,0.17628942,0.05351616,0.14771051,True
14,4,15,T3,0.12353618,0.12353618,0.12828065,0.625,0.625,"[7, 1]",0.875,False,0.17628942,0.05351616,0.14771051,True
14,4,16,T4,0.11094053,0.01384714,0.12232865,0.625,0.625,"[7, 1]",0.875,False,0.17628942,0.05351616,0.14771051,True
14,4,17,CP3,0.1249477,0.0241438,0.14132772,0.625,0.625,"[7, 1]",0.875,False,0.17628942,0.05351616,0.14771051,True
14,4,18,CP4,0.11414318,0.04924356,0.12679584,0.625,0.625,"[7, 1]",0.875,False,0.17628942,0.05351616,0.14771051,True
14,4,19,TP7,0.08416108,-0.03057159,0.09933461,0.625,0.625,"[7, 1]",0.875,False,0.17628942,0.05351616,0.14771051,True
14,4,20,TP8,0.0863245,-0.05936028,0.1044701,0.625,0.625,"[7, 1]",0.875,False,0.17628942,0.05351616,0.14771051,True
14,4,21,Pz,0.14394453,0.00821226,0.14431305,0.625,0.625,"[7, 1]",0.875,False,0.17628942,0.05351616,0.14771051,True
14,4,22,P3,0.08790366,0.08790366,0.09737418,0.625,0.625,"[7, 1]",0.875,False,0.17628942,0.05351616,0.14771051,True
14,4,23,P4,0.09462179,-0.07485162,0.10434072,0.625,0.625,"[7, 1]",0.875,False,0.17628942,0.05351616,0.14771051,True
14,4,24,T5,0.09176393,0.05512212,0.09848037,0.625,0.625,"[7, 1]",0.875,False,0.17628942,0.05351616,0.14771051,True
14,4,25,T6,0.07995857,-0.04824223,0.08807648,0.625,0.625,"[7, 1]",0.875,False,0.17628942,0.05351616,0.14771051,True
14,4,26,Oz,0.08318958,0.04395777,0.08583494,0.625,0.625,"[7, 1]",0.875,False,0.17628942,0.05351616,0.14771051,True
14,4,27,O1,0.12167845,0.05070981,0.13269345,0.625,0.625,"[7, 1]",0.875,False,0.17628942,0.05351616,0.14771051,True
14,4,28,O2,0.13860822,-0.02106703,0.14140615,0.625,0.625,"[7, 1]",0.875,False,0.17628942,0.05351616,0.14771051,True
14,5,0,Fp1,0.10665438,-0.09421824,0.11978375,0.5,0.5,"[0, 8]",1.0,True,0.02798916,0.00550448,0.02345174,True
14,5,1,Fp2,0.07722434,0.05998509,0.09349493,0.5,0.5,"[0, 8]",1.0,True,0.02798916,0.00550448,0.02345174,True
14,5,2,Fz,0.10275051,-0.09673288,0.11595353,0.5,0.5,"[0, 8]",1.0,True,0.02798916,0.00550448,0.02345174,True
14,5,3,F3,0.08850692,0.02929635,0.09426573,0.5,0.5,"[0, 8]",1.0,True,0.02798916,0.00550448,0.02345174,True
14,5,4,F4,0.09790221,0.01029083,0.10957284,0.5,0.5,"[0, 8]",1.0,True,0.02798916,0.00550448,0.02345174,True
14,5,5,F7,0.08424778,0.08333492,0.09877867,0.5,0.5,"[0, 8]",1.0,True,0.02798916,0.00550448,0.02345174,True
14,5,6,F8,0.07893622,-0.02961829,0.08004752,0.5,0.5,"[0, 8]",1.0,True,0.02798916,0.00550448,0.02345174,True
14,5,7,FCz,0.09956779,0.09956779,0.11540581,0.5,0.5,"[0, 8]",1.0,True,0.02798916,0.00550448,0.02345174,True
14,5,8,FC3,0.03143458,0.00772199,0.03799659,0.5,0.5,"[0, 8]",1.0,True,0.02798916,0.00550448,0.02345174,True
14,5,9,FC4,0.05938794,-0.05938794,0.07856942,0.5,0.5,"[0, 8]",1.0,True,0.02798916,0.00550448,0.02345174,True
14,5,10,FT7,0.08912201,-0.05785311,0.10337574,0.5,0.5,"[0, 8]",1.0,True,0.02798916,0.00550448,0.02345174,True
14,5,11,FT8,0.0819998,-0.00504252,0.09926609,0.5,0.5,"[0, 8]",1.0,True,0.02798916,0.00550448,0.02345174,True
14,5,12,Cz,0.07656521,0.07604224,0.09247039,0.5,0.5,"[0, 8]",1.0,True,0.02798916,0.00550448,0.02345174,True
14,5,13,C3,0.11489348,0.07364706,0.11763643,0.5,0.5,"[0, 8]",1.0,True,0.02798916,0.00550448,0.02345174,True
14,5,14,C4,0.08436649,-0.07658846,0.09655705,0.5,0.5,"[0, 8]",1.0,True,0.02798916,0.00550448,0.02345174,True
14,5,15,T3,0.12690352,0.12690352,0.13233683,0.5,0.5,"[0, 8]",1.0,True,0.02798916,0.00550448,0.02345174,True
14,5,16,T4,0.12165292,0.0110671,0.13448152,0.5,0.5,"[0, 8]",1.0,True,0.02798916,0.00550448,0.02345174,True
14,5,17,CP3,0.12047356,0.03374417,0.13905501,0.5,0.5,"[0, 8]",1.0,True,0.02798916,0.00550448,0.02345174,True
14,5,18,CP4,0.11124884,0.03350037,0.12776662,0.5,0.5,"[0, 8]",1.0,True,0.02798916,0.00550448,0.02345174,True
14,5,19,TP7,0.08355326,-0.01873765,0.09369273,0.5,0.5,"[0, 8]",1.0,True,0.02798916,0.00550448,0.02345174,True
14,5,20,TP8,0.08890056,-0.06083459,0.10915146,0.5,0.5,"[0, 8]",1.0,True,0.02798916,0.00550448,0.02345174,True
14,5,21,Pz,0.15313758,0.00533848,0.15330498,0.5,0.5,"[0, 8]",1.0,True,0.02798916,0.00550448,0.02345174,True
14,5,22,P3,0.10860784,0.10860784,0.1173064,0.5,0.5,"[0, 8]",1.0,True,0.02798916,0.00550448,0.02345174,True
14,5,23,P4,0.10376849,-0.09311607,0.11644859,0.5,0.5,"[0, 8]",1.0,True,0.02798916,0.00550448,0.02345174,True
14,5,24,T5,0.10513391,0.0722388,0.11439313,0.5,0.5,"[0, 8]",1.0,True,0.02798916,0.00550448,0.02345174,True
14,5,25,T6,0.081617,-0.06257346,0.09218664,0.5,0.5,"[0, 8]",1.0,True,0.02798916,0.00550448,0.02345174,True
14,5,26,Oz,0.07790459,0.04230801,0.08000766,0.5,0.5,"[0, 8]",1.0,True,0.02798916,0.00550448,0.02345174,True
14,5,27,O1,0.12308429,0.05537923,0.13350561,0.5,0.5,"[0, 8]",1.0,True,0.02798916,0.00550448,0.02345174,True
14,5,28,O2,0.14330861,-0.02378195,0.1460645,0.5,0.5,"[0, 8]",1.0,True,0.02798916,0.00550448,0.02345174,True
15,1,0,Fp1,0.07131732,-0.07131732,0.07440929,0.5,0.5,"[4, 4]",0.5,False,0.79598497,0.16459155,0.66694498,True
15,1,1,Fp2,0.09396412,-0.00818712,0.09718826,0.5,0.5,"[4, 4]",0.5,False,0.79598497,0.16459155,0.66694498,True
15,1,2,Fz,0.095103,-0.095103,0.11626586,0.5,0.5,"[4, 4]",0.5,False,0.79598497,0.16459155,0.66694498,True
15,1,3,F3,0.10122845,0.00538542,0.11762312,0.5,0.5,"[4, 4]",0.5,False,0.79598497,0.16459155,0.66694498,True
15,1,4,F4,0.10647419,0.00708131,0.11995216,0.5,0.5,"[4, 4]",0.5,False,0.79598497,0.16459155,0.66694498,True
15,1,5,F7,0.09012154,0.09012154,0.11128841,0.5,0.5,"[4, 4]",0.5,False,0.79598497,0.16459155,0.66694498,True
15,1,6,F8,0.06620514,0.04951707,0.0748913,0.5,0.5,"[4, 4]",0.5,False,0.79598497,0.16459155,0.66694498,True
15,1,7,FCz,0.09162307,0.03127559,0.09663349,0.5,0.5,"[4, 4]",0.5,False,0.79598497,0.16459155,0.66694498,True
15,1,8,FC3,0.09590541,0.09590541,0.10152157,0.5,0.5,"[4, 4]",0.5,False,0.79598497,0.16459155,0.66694498,True
15,1,9,FC4,0.05266752,-0.01933417,0.05749073,0.5,0.5,"[4, 4]",0.5,False,0.79598497,0.16459155,0.66694498,True
15,1,10,FT7,0.08387069,-0.08387069,0.10055953,0.5,0.5,"[4, 4]",0.5,False,0.79598497,0.16459155,0.66694498,True
15,1,11,FT8,0.09112205,0.05779621,0.10116024,0.5,0.5,"[4, 4]",0.5,False,0.79598497,0.16459155,0.66694498,True
15,1,12,Cz,0.08314002,0.07118003,0.09104562,0.5,0.5,"[4, 4]",0.5,False,0.79598497,0.16459155,0.66694498,True
15,1,13,C3,0.13061456,0.13061456,0.15733925,0.5,0.5,"[4, 4]",0.5,False,0.79598497,0.16459155,0.66694498,True
15,1,14,C4,0.02683891,-0.02344257,0.03589167,0.5,0.5,"[4, 4]",0.5,False,0.79598497,0.16459155,0.66694498,True
15,1,15,T3,0.15720615,0.15720615,0.17814353,0.5,0.5,"[4, 4]",0.5,False,0.79598497,0.16459155,0.66694498,True
15,1,16,T4,0.11159739,-0.00932233,0.1376285,0.5,0.5,"[4, 4]",0.5,False,0.79598497,0.16459155,0.66694498,True
15,1,17,CP3,0.126544,0.05768365,0.14386293,0.5,0.5,"[4, 4]",0.5,False,0.79598497,0.16459155,0.66694498,True
15,1,18,CP4,0.03224507,0.00245052,0.04060036,0.5,0.5,"[4, 4]",0.5,False,0.79598497,0.16459155,0.66694498,True
15,1,19,TP7,0.08410032,-0.03026847,0.10151947,0.5,0.5,"[4, 4]",0.5,False,0.79598497,0.16459155,0.66694498,True
15,1,20,TP8,0.12000686,-0.12000686,0.1369978,0.5,0.5,"[4, 4]",0.5,False,0.79598497,0.16459155,0.66694498,True
15,1,21,Pz,0.15294033,-0.07248312,0.17550153,0.5,0.5,"[4, 4]",0.5,False,0.79598497,0.16459155,0.66694498,True
15,1,22,P3,0.06172333,0.06172333,0.0682565,0.5,0.5,"[4, 4]",0.5,False,0.79598497,0.16459155,0.66694498,True
15,1,23,P4,0.05748515,-0.01756657,0.06616872,0.5,0.5,"[4, 4]",0.5,False,0.79598497,0.16459155,0.66694498,True
15,1,24,T5,0.10120007,0.01532171,0.11959881,0.5,0.5,"[4, 4]",0.5,False,0.79598497,0.16459155,0.66694498,True
15,1,25,T6,0.0431677,-0.02767739,0.05377404,0.5,0.5,"[4, 4]",0.5,False,0.79598497,0.16459155,0.66694498,True
15,1,26,Oz,0.09732279,0.03007247,0.10166745,0.5,0.5,"[4, 4]",0.5,False,0.79598497,0.16459155,0.66694498,True
15,1,27,O1,0.05807601,0.00968832,0.06375174,0.5,0.5,"[4, 4]",0.5,False,0.79598497,0.16459155,0.66694498,True
15,1,28,O2,0.14532585,-0.01679479,0.15604965,0.5,0.5,"[4, 4]",0.5,False,0.79598497,0.16459155,0.66694498,True
15,2,0,Fp1,0.08653237,-0.07833986,0.11564406,0.5,0.5,"[8, 0]",1.0,True,0.40679008,0.08916684,0.34084388,True
15,2,1,Fp2,0.06744248,0.06744248,0.09154668,0.5,0.5,"[8, 0]",1.0,True,0.40679008,0.08916684,0.34084388,True
15,2,2,Fz,0.14093672,-0.12724115,0.15768234,0.5,0.5,"[8, 0]",1.0,True,0.40679008,0.08916684,0.34084388,True
15,2,3,F3,0.08751107,0.0305128,0.09200205,0.5,0.5,"[8, 0]",1.0,True,0.40679008,0.08916684,0.34084388,True
15,2,4,F4,0.09508576,0.00704528,0.10750542,0.5,0.5,"[8, 0]",1.0,True,0.40679008,0.08916684,0.34084388,True
15,2,5,F7,0.07828689,0.07828689,0.09782392,0.5,0.5,"[8, 0]",1.0,True,0.40679008,0.08916684,0.34084388,True
15,2,6,F8,0.07506721,-0.04152348,0.08625082,0.5,0.5,"[8, 0]",1.0,True,0.40679008,0.08916684,0.34084388,True
15,2,7,FCz,0.07779028,0.07779028,0.08654313,0.5,0.5,"[8, 0]",1.0,True,0.40679008,0.08916684,0.34084388,True
15,2,8,FC3,0.06871577,0.03883351,0.07696016,0.5,0.5,"[8, 0]",1.0,True,0.40679008,0.08916684,0.34084388,True
15,2,9,FC4,0.04409086,-0.01710881,0.05430488,0.5,0.5,"[8, 0]",1.0,True,0.40679008,0.08916684,0.34084388,True
15,2,10,FT7,0.06776939,-0.0525725,0.08764332,0.5,0.5,"[8, 0]",1.0,True,0.40679008,0.08916684,0.34084388,True
15,2,11,FT8,0.06867555,0.02001336,0.08198322,0.5,0.5,"[8, 0]",1.0,True,0.40679008,0.08916684,0.34084388,True
15,2,12,Cz,0.08293813,0.06325862,0.0882782,0.5,0.5,"[8, 0]",1.0,True,0.40679008,0.08916684,0.34084388,True
15,2,13,C3,0.11414413,0.10028999,0.127864,0.5,0.5,"[8, 0]",1.0,True,0.40679008,0.08916684,0.34084388,True
15,2,14,C4,0.08837161,-0.03325791,0.09256351,0.5,0.5,"[8, 0]",1.0,True,0.40679008,0.08916684,0.34084388,True
15,2,15,T3,0.11471811,0.11471811,0.12832217,0.5,0.5,"[8, 0]",1.0,True,0.40679008,0.08916684,0.34084388,True
15,2,16,T4,0.13026024,0.00204538,0.14823142,0.5,0.5,"[8, 0]",1.0,True,0.40679008,0.08916684,0.34084388,True
15,2,17,CP3,0.12889685,0.02231832,0.14079143,0.5,0.5,"[8, 0]",1.0,True,0.40679008,0.08916684,0.34084388,True
15,2,18,CP4,0.0640305,0.01628824,0.08270457,0.5,0.5,"[8, 0]",1.0,True,0.40679008,0.08916684,0.34084388,True
15,2,19,TP7,0.05722063,-0.02792087,0.08720336,0.5,0.5,"[8, 0]",1.0,True,0.40679008,0.08916684,0.34084388,True
15,2,20,TP8,0.07962553,-0.06504413,0.09319155,0.5,0.5,"[8, 0]",1.0,True,0.40679008,0.08916684,0.34084388,True
15,2,21,Pz,0.17101246,-0.00505904,0.17315571,0.5,0.5,"[8, 0]",1.0,True,0.40679008,0.08916684,0.34084388,True
15,2,22,P3,0.10883823,0.10883823,0.12414934,0.5,0.5,"[8, 0]",1.0,True,0.40679008,0.08916684,0.34084388,True
15,2,23,P4,0.12015148,-0.07818386,0.12902327,0.5,0.5,"[8, 0]",1.0,True,0.40679008,0.08916684,0.34084388,True
15,2,24,T5,0.11165465,0.05218326,0.11546745,0.5,0.5,"[8, 0]",1.0,True,0.40679008,0.08916684,0.34084388,True
15,2,25,T6,0.08777647,-0.08777647,0.11121091,0.5,0.5,"[8, 0]",1.0,True,0.40679008,0.08916684,0.34084388,True
15,2,26,Oz,0.08575797,0.04812881,0.08943813,0.5,0.5,"[8, 0]",1.0,True,0.40679008,0.08916684,0.34084388,True
15,2,27,O1,0.0916231,0.03134307,0.10750714,0.5,0.5,"[8, 0]",1.0,True,0.40679008,0.08916684,0.34084388,True
15,2,28,O2,0.15181875,-0.01563558,0.15375336,0.5,0.5,"[8, 0]",1.0,True,0.40679008,0.08916684,0.34084388,True
15,3,0,Fp1,0.05887729,-0.05264262,0.06574637,0.5,0.5,"[4, 4]",0.5,False,0.92013728,0.20786742,0.77097052,True
15,3,1,Fp2,0.06510775,0.01839717,0.0747206,0.5,0.5,"[4, 4]",0.5,False,0.92013728,0.20786742,0.77097052,True
15,3,2,Fz,0.08017836,-0.07926239,0.11533111,0.5,0.5,"[4, 4]",0.5,False,0.92013728,0.20786742,0.77097052,True
15,3,3,F3,0.1387812,-0.06887286,0.162536,0.5,0.5,"[4, 4]",0.5,False,0.92013728,0.20786742,0.77097052,True
15,3,4,F4,0.09562576,0.09562576,0.10698774,0.5,0.5,"[4, 4]",0.5,False,0.92013728,0.20786742,0.77097052,True
15,3,5,F7,0.08049802,0.07123603,0.09069093,0.5,0.5,"[4, 4]",0.5,False,0.92013728,0.20786742,0.77097052,True
15,3,6,F8,0.04831201,-0.02903411,0.05547993,0.5,0.5,"[4, 4]",0.5,False,0.92013728,0.20786742,0.77097052,True
15,3,7,FCz,0.05621865,0.04149723,0.06558795,0.5,0.5,"[4, 4]",0.5,False,0.92013728,0.20786742,0.77097052,True
15,3,8,FC3,0.09050202,0.06025176,0.09463434,0.5,0.5,"[4, 4]",0.5,False,0.92013728,0.20786742,0.77097052,True
15,3,9,FC4,0.10547291,-0.04756308,0.1071168,0.5,0.5,"[4, 4]",0.5,False,0.92013728,0.20786742,0.77097052,True
15,3,10,FT7,0.0722325,-0.02333049,0.0922347,0.5,0.5,"[4, 4]",0.5,False,0.92013728,0.20786742,0.77097052,True
15,3,11,FT8,0.06068846,0.04711149,0.06859855,0.5,0.5,"[4, 4]",0.5,False,0.92013728,0.20786742,0.77097052,True
15,3,12,Cz,0.10482206,0.07035219,0.11698575,0.5,0.5,"[4, 4]",0.5,False,0.92013728,0.20786742,0.77097052,True
15,3,13,C3,0.13915771,0.13915771,0.14729033,0.5,0.5,"[4, 4]",0.5,False,0.92013728,0.20786742,0.77097052,True
15,3,14,C4,0.0606791,-0.0606791,0.07192593,0.5,0.5,"[4, 4]",0.5,False,0.92013728,0.20786742,0.77097052,True
15,3,15,T3,0.08258794,0.03268204,0.09205708,0.5,0.5,"[4, 4]",0.5,False,0.92013728,0.20786742,0.77097052,True
15,3,16,T4,0.08306587,0.03419219,0.09425552,0.5,0.5,"[4, 4]",0.5,False,0.92013728,0.20786742,0.77097052,True
15,3,17,CP3,0.13939047,0.08598667,0.14567848,0.5,0.5,"[4, 4]",0.5,False,0.92013728,0.20786742,0.77097052,True
15,3,18,CP4,0.0633871,0.00463947,0.07607691,0.5,0.5,"[4, 4]",0.5,False,0.92013728,0.20786742,0.77097052,True
15,3,19,TP7,0.05750666,0.02372372,0.06479654,0.5,0.5,"[4, 4]",0.5,False,0.92013728,0.20786742,0.77097052,True
15,3,20,TP8,0.10235608,-0.10235608,0.14878492,0.5,0.5,"[4, 4]",0.5,False,0.92013728,0.20786742,0.77097052,True
15,3,21,Pz,0.16494836,-0.01471476,0.16917096,0.5,0.5,"[4, 4]",0.5,False,0.92013728,0.20786742,0.77097052,True
15,3,22,P3,0.1348803,0.1348803,0.1588791,0.5,0.5,"[4, 4]",0.5,False,0.92013728,0.20786742,0.77097052,True
15,3,23,P4,0.08444773,-0.02927773,0.1088924,0.5,0.5,"[4, 4]",0.5,False,0.92013728,0.20786742,0.77097052,True
15,3,24,T5,0.0621262,0.02169835,0.07185139,0.5,0.5,"[4, 4]",0.5,False,0.92013728,0.20786742,0.77097052,True
15,3,25,T6,0.06190547,-0.04698166,0.06991287,0.5,0.5,"[4, 4]",0.5,False,0.92013728,0.20786742,0.77097052,True
15,3,26,Oz,0.11560783,0.01740877,0.13576618,0.5,0.5,"[4, 4]",0.5,False,0.92013728,0.20786742,0.77097052,True
15,3,27,O1,0.07689799,-0.04642985,0.09192821,0.5,0.5,"[4, 4]",0.5,False,0.92013728,0.20786742,0.77097052,True
15,3,28,O2,0.16962785,-0.05822894,0.18528949,0.5,0.5,"[4, 4]",0.5,False,0.92013728,0.20786742,0.77097052,True
15,4,0,Fp1,0.13190433,-0.13190433,0.15376228,0.5,0.5,"[6, 2]",0.75,False,0.91434477,0.22766197,0.76611706,True
15,4,1,Fp2,0.07319064,-0.07319064,0.09353743,0.5,0.5,"[6, 2]",0.75,False,0.91434477,0.22766197,0.76611706,True
15,4,2,Fz,0.04895968,-0.04740983,0.07139231,0.5,0.5,"[6, 2]",0.75,False,0.91434477,0.22766197,0.76611706,True
15,4,3,F3,0.09623007,-0.00547057,0.11887091,0.5,0.5,"[6, 2]",0.75,False,0.91434477,0.22766197,0.76611706,True
15,4,4,F4,0.0759421,-0.00183644,0.08497488,0.5,0.5,"[6, 2]",0.75,False,0.91434477,0.22766197,0.76611706,True
15,4,5,F7,0.04671307,0.04478732,0.05473868,0.5,0.5,"[6, 2]",0.75,False,0.91434477,0.22766197,0.76611706,True
15,4,6,F8,0.03157037,0.03157037,0.04257775,0.5,0.5,"[6, 2]",0.75,False,0.91434477,0.22766197,0.76611706,True
15,4,7,FCz,0.08177632,0.08177632,0.09371211,0.5,0.5,"[6, 2]",0.75,False,0.91434477,0.22766197,0.76611706,True
15,4,8,FC3,0.0488366,0.0488366,0.06437927,0.5,0.5,"[6, 2]",0.75,False,0.91434477,0.22766197,0.76611706,True
15,4,9,FC4,0.07853143,0.025452,0.10842532,0.5,0.5,"[6, 2]",0.75,False,0.91434477,0.22766197,0.76611706,True
15,4,10,FT7,0.09927447,-0.09413822,0.11543085,0.5,0.5,"[6, 2]",0.75,False,0.91434477,0.22766197,0.76611706,True
15,4,11,FT8,0.08030999,0.07218631,0.0904773,0.5,0.5,"[6, 2]",0.75,False,0.91434477,0.22766197,0.76611706,True
15,4,12,Cz,0.0755365,0.06410825,0.10964353,0.5,0.5,"[6, 2]",0.75,False,0.91434477,0.22766197,0.76611706,True
15,4,13,C3,0.10398178,0.10398178,0.11794624,0.5,0.5,"[6, 2]",0.75,False,0.91434477,0.22766197,0.76611706,True
15,4,14,C4,0.06483845,-0.05224168,0.07770195,0.5,0.5,"[6, 2]",0.75,False,0.91434477,0.22766197,0.76611706,True
15,4,15,T3,0.08924447,0.08394689,0.12815396,0.5,0.5,"[6, 2]",0.75,False,0.91434477,0.22766197,0.76611706,True
15,4,16,T4,0.10552869,0.01644337,0.14675114,0.5,0.5,"[6, 2]",0.75,False,0.91434477,0.22766197,0.76611706,True
15,4,17,CP3,0.13862529,0.00155838,0.14365573,0.5,0.5,"[6, 2]",0.75,False,0.91434477,0.22766197,0.76611706,True
15,4,18,CP4,0.07487725,0.06180696,0.1227532,0.5,0.5,"[6, 2]",0.75,False,0.91434477,0.22766197,0.76611706,True
15,4,19,TP7,0.08545116,-0.06240583,0.09901512,0.5,0.5,"[6, 2]",0.75,False,0.91434477,0.22766197,0.76611706,True
15,4,20,TP8,0.14169988,-0.10911915,0.18045333,0.5,0.5,"[6, 2]",0.75,False,0.91434477,0.22766197,0.76611706,True
15,4,21,Pz,0.09294613,-0.01918978,0.10767291,0.5,0.5,"[6, 2]",0.75,False,0.91434477,0.22766197,0.76611706,True
15,4,22,P3,0.10751791,0.10751791,0.12980098,0.5,0.5,"[6, 2]",0.75,False,0.91434477,0.22766197,0.76611706,True
15,4,23,P4,0.10807833,0.02833548,0.12066404,0.5,0.5,"[6, 2]",0.75,False,0.91434477,0.22766197,0.76611706,True
15,4,24,T5,0.13611121,0.07824415,0.15888838,0.5,0.5,"[6, 2]",0.75,False,0.91434477,0.22766197,0.76611706,True
15,4,25,T6,0.09072445,-0.06678776,0.11293019,0.5,0.5,"[6, 2]",0.75,False,0.91434477,0.22766197,0.76611706,True
15,4,26,Oz,0.11015384,0.03236903,0.11615145,0.5,0.5,"[6, 2]",0.75,False,0.91434477,0.22766197,0.76611706,True
15,4,27,O1,0.06770657,0.01622285,0.08614642,0.5,0.5,"[6, 2]",0.75,False,0.91434477,0.22766197,0.76611706,True
15,4,28,O2,0.09172796,0.0281256,0.11033997,0.5,0.5,"[6, 2]",0.75,False,0.91434477,0.22766197,0.76611706,True
15,5,0,Fp1,0.10852007,-0.09391545,0.12242272,0.25,0.25,"[2, 6]",0.75,False,0.08317682,0.01891524,0.06969273,True
15,5,1,Fp2,0.07807079,0.05992293,0.0970699,0.25,0.25,"[2, 6]",0.75,False,0.08317682,0.01891524,0.06969273,True
15,5,2,Fz,0.10642549,-0.094973,0.11692654,0.25,0.25,"[2, 6]",0.75,False,0.08317682,0.01891524,0.06969273,True
15,5,3,F3,0.09175023,0.03273695,0.09768064,0.25,0.25,"[2, 6]",0.75,False,0.08317682,0.01891524,0.06969273,True
15,5,4,F4,0.09518337,0.01171666,0.10537755,0.25,0.25,"[2, 6]",0.75,False,0.08317682,0.01891524,0.06969273,True
15,5,5,F7,0.08974262,0.08334804,0.10209875,0.25,0.25,"[2, 6]",0.75,False,0.08317682,0.01891524,0.06969273,True
15,5,6,F8,0.07952077,-0.03029464,0.08076011,0.25,0.25,"[2, 6]",0.75,False,0.08317682,0.01891524,0.06969273,True
15,5,7,FCz,0.09396093,0.09396093,0.11053076,0.25,0.25,"[2, 6]",0.75,False,0.08317682,0.01891524,0.06969273,True
15,5,8,FC3,0.03470886,0.00967808,0.04252712,0.25,0.25,"[2, 6]",0.75,False,0.08317682,0.01891524,0.06969273,True
15,5,9,FC4,0.05856169,-0.05718768,0.07908307,0.25,0.25,"[2, 6]",0.75,False,0.08317682,0.01891524,0.06969273,True
15,5,10,FT7,0.0850565,-0.05618386,0.09832043,0.25,0.25,"[2, 6]",0.75,False,0.08317682,0.01891524,0.06969273,True
15,5,11,FT8,0.08382095,0.00237618,0.09817459,0.25,0.25,"[2, 6]",0.75,False,0.08317682,0.01891524,0.06969273,True
15,5,12,Cz,0.08271222,0.08271222,0.09894273,0.25,0.25,"[2, 6]",0.75,False,0.08317682,0.01891524,0.06969273,True
15,5,13,C3,0.11758183,0.0706951,0.12070809,0.25,0.25,"[2, 6]",0.75,False,0.08317682,0.01891524,0.06969273,True
15,5,14,C4,0.08701733,-0.07527707,0.09697965,0.25,0.25,"[2, 6]",0.75,False,0.08317682,0.01891524,0.06969273,True
15,5,15,T3,0.12341884,0.12341884,0.12894043,0.25,0.25,"[2, 6]",0.75,False,0.08317682,0.01891524,0.06969273,True
15,5,16,T4,0.1193829,0.00814331,0.13026094,0.25,0.25,"[2, 6]",0.75,False,0.08317682,0.01891524,0.06969273,True
15,5,17,CP3,0.12072317,0.03097584,0.13780278,0.25,0.25,"[2, 6]",0.75,False,0.08317682,0.01891524,0.06969273,True
15,5,18,CP4,0.10453711,0.03284517,0.12388493,0.25,0.25,"[2, 6]",0.75,False,0.08317682,0.01891524,0.06969273,True
15,5,19,TP7,0.0832075,-0.02501176,0.09721106,0.25,0.25,"[2, 6]",0.75,False,0.08317682,0.01891524,0.06969273,True
15,5,20,TP8,0.09108777,-0.06222378,0.11263361,0.25,0.25,"[2, 6]",0.75,False,0.08317682,0.01891524,0.06969273,True
15,5,21,Pz,0.15560479,0.00507982,0.15582812,0.25,0.25,"[2, 6]",0.75,False,0.08317682,0.01891524,0.06969273,True
15,5,22,P3,0.10538033,0.10538033,0.11797434,0.25,0.25,"[2, 6]",0.75,False,0.08317682,0.01891524,0.06969273,True
15,5,23,P4,0.10608763,-0.08844227,0.11622332,0.25,0.25,"[2, 6]",0.75,False,0.08317682,0.01891524,0.06969273,True
15,5,24,T5,0.10310671,0.07241169,0.11369405,0.25,0.25,"[2, 6]",0.75,False,0.08317682,0.01891524,0.06969273,True
15,5,25,T6,0.08104287,-0.0607937,0.0918521,0.25,0.25,"[2, 6]",0.75,False,0.08317682,0.01891524,0.06969273,True
15,5,26,Oz,0.07757135,0.0412758,0.07941291,0.25,0.25,"[2, 6]",0.75,False,0.08317682,0.01891524,0.06969273,True
15,5,27,O1,0.11392998,0.05364662,0.12346521,0.25,0.25,"[2, 6]",0.75,False,0.08317682,0.01891524,0.06969273,True
15,5,28,O2,0.14760274,-0.0219424,0.14967221,0.25,0.25,"[2, 6]",0.75,False,0.08317682,0.01891524,0.06969273,True
16,1,0,Fp1,0.10960667,-0.09590629,0.12252617,0.5,0.5,"[0, 8]",1.0,True,0.00991554,0.00215872,0.0083081,True
16,1,1,Fp2,0.07869495,0.06173574,0.09604134,0.5,0.5,"[0, 8]",1.0,True,0.00991554,0.00215872,0.0083081,True
16,1,2,Fz,0.10356581,-0.09681618,0.11633606,0.5,0.5,"[0, 8]",1.0,True,0.00991554,0.00215872,0.0083081,True
16,1,3,F3,0.08893797,0.02850554,0.09554422,0.5,0.5,"[0, 8]",1.0,True,0.00991554,0.00215872,0.0083081,True
16,1,4,F4,0.09772067,0.01290241,0.10778498,0.5,0.5,"[0, 8]",1.0,True,0.00991554,0.00215872,0.0083081,True
16,1,5,F7,0.08438372,0.08152667,0.09790131,0.5,0.5,"[0, 8]",1.0,True,0.00991554,0.00215872,0.0083081,True
16,1,6,F8,0.07762547,-0.0286002,0.07868224,0.5,0.5,"[0, 8]",1.0,True,0.00991554,0.00215872,0.0083081,True
16,1,7,FCz,0.09977399,0.09977399,0.11473968,0.5,0.5,"[0, 8]",1.0,True,0.00991554,0.00215872,0.0083081,True
16,1,8,FC3,0.03022139,0.00579989,0.03675773,0.5,0.5,"[0, 8]",1.0,True,0.00991554,0.00215872,0.0083081,True
16,1,9,FC4,0.05738945,-0.05738945,0.07589675,0.5,0.5,"[0, 8]",1.0,True,0.00991554,0.00215872,0.0083081,True
16,1,10,FT7,0.09019608,-0.05796275,0.10396799,0.5,0.5,"[0, 8]",1.0,True,0.00991554,0.00215872,0.0083081,True
16,1,11,FT8,0.08008142,-0.00357003,0.09683745,0.5,0.5,"[0, 8]",1.0,True,0.00991554,0.00215872,0.0083081,True
16,1,12,Cz,0.0771775,0.07580159,0.09289539,0.5,0.5,"[0, 8]",1.0,True,0.00991554,0.00215872,0.0083081,True
16,1,13,C3,0.1152401,0.07191974,0.11729956,0.5,0.5,"[0, 8]",1.0,True,0.00991554,0.00215872,0.0083081,True
16,1,14,C4,0.08531313,-0.07489103,0.09569255,0.5,0.5,"[0, 8]",1.0,True,0.00991554,0.00215872,0.0083081,True
16,1,15,T3,0.12627028,0.12627028,0.13137455,0.5,0.5,"[0, 8]",1.0,True,0.00991554,0.00215872,0.0083081,True
16,1,16,T4,0.12200215,0.01349326,0.13451454,0.5,0.5,"[0, 8]",1.0,True,0.00991554,0.00215872,0.0083081,True
16,1,17,CP3,0.12133549,0.03236074,0.13959605,0.5,0.5,"[0, 8]",1.0,True,0.00991554,0.00215872,0.0083081,True
16,1,18,CP4,0.11141417,0.03468467,0.12815268,0.5,0.5,"[0, 8]",1.0,True,0.00991554,0.00215872,0.0083081,True
16,1,19,TP7,0.08440737,-0.01879398,0.09451465,0.5,0.5,"[0, 8]",1.0,True,0.00991554,0.00215872,0.0083081,True
16,1,20,TP8,0.08880432,-0.0593851,0.1079903,0.5,0.5,"[0, 8]",1.0,True,0.00991554,0.00215872,0.0083081,True
16,1,21,Pz,0.15286304,0.00633456,0.15305862,0.5,0.5,"[0, 8]",1.0,True,0.00991554,0.00215872,0.0083081,True
16,1,22,P3,0.10717101,0.10717101,0.11665164,0.5,0.5,"[0, 8]",1.0,True,0.00991554,0.00215872,0.0083081,True
16,1,23,P4,0.10464475,-0.09340168,0.11667851,0.5,0.5,"[0, 8]",1.0,True,0.00991554,0.00215872,0.0083081,True
16,1,24,T5,0.10484894,0.07248037,0.11400326,0.5,0.5,"[0, 8]",1.0,True,0.00991554,0.00215872,0.0083081,True
16,1,25,T6,0.08183362,-0.06251687,0.09277994,0.5,0.5,"[0, 8]",1.0,True,0.00991554,0.00215872,0.0083081,True
16,1,26,Oz,0.07783036,0.04173112,0.08013978,0.5,0.5,"[0, 8]",1.0,True,0.00991554,0.00215872,0.0083081,True
16,1,27,O1,0.12096975,0.05503995,0.1314546,0.5,0.5,"[0, 8]",1.0,True,0.00991554,0.00215872,0.0083081,True
16,1,28,O2,0.14443579,-0.02435837,0.14730018,0.5,0.5,"[0, 8]",1.0,True,0.00991554,0.00215872,0.0083081,True
16,2,0,Fp1,0.10977201,-0.09663498,0.12303054,0.5,0.5,"[0, 8]",1.0,True,0.0095755,0.00214872,0.00802318,True
16,2,1,Fp2,0.07716608,0.06063208,0.09482779,0.5,0.5,"[0, 8]",1.0,True,0.0095755,0.00214872,0.00802318,True
16,2,2,Fz,0.10418066,-0.09810649,0.11741068,0.5,0.5,"[0, 8]",1.0,True,0.0095755,0.00214872,0.00802318,True
16,2,3,F3,0.08762249,0.0278168,0.09421752,0.5,0.5,"[0, 8]",1.0,True,0.0095755,0.00214872,0.00802318,True
16,2,4,F4,0.09752318,0.01221396,0.10795768,0.5,0.5,"[0, 8]",1.0,True,0.0095755,0.00214872,0.00802318,True
16,2,5,F7,0.08405225,0.08148542,0.09778999,0.5,0.5,"[0, 8]",1.0,True,0.0095755,0.00214872,0.00802318,True
16,2,6,F8,0.07719533,-0.02857574,0.07822923,0.5,0.5,"[0, 8]",1.0,True,0.0095755,0.00214872,0.00802318,True
16,2,7,FCz,0.09937543,0.09937543,0.11455444,0.5,0.5,"[0, 8]",1.0,True,0.0095755,0.00214872,0.00802318,True
16,2,8,FC3,0.03045325,0.00595181,0.03706677,0.5,0.5,"[0, 8]",1.0,True,0.0095755,0.00214872,0.00802318,True
16,2,9,FC4,0.05757747,-0.05757747,0.07631052,0.5,0.5,"[0, 8]",1.0,True,0.0095755,0.00214872,0.00802318,True
16,2,10,FT7,0.08999392,-0.05777273,0.10366394,0.5,0.5,"[0, 8]",1.0,True,0.0095755,0.00214872,0.00802318,True
16,2,11,FT8,0.08062588,-0.00355874,0.09763392,0.5,0.5,"[0, 8]",1.0,True,0.0095755,0.00214872,0.00802318,True
16,2,12,Cz,0.0771961,0.07624864,0.09280492,0.5,0.5,"[0, 8]",1.0,True,0.0095755,0.00214872,0.00802318,True
16,2,13,C3,0.11569726,0.07304806,0.11793494,0.5,0.5,"[0, 8]",1.0,True,0.0095755,0.00214872,0.00802318,True
16,2,14,C4,0.08572528,-0.07444461,0.09583037,0.5,0.5,"[0, 8]",1.0,True,0.0095755,0.00214872,0.00802318,True
16,2,15,T3,0.1273817,0.1273817,0.1325936,0.5,0.5,"[0, 8]",1.0,True,0.0095755,0.00214872,0.00802318,True
16,2,16,T4,0.12144126,0.01285705,0.13398819,0.5,0.5,"[0, 8]",1.0,True,0.0095755,0.00214872,0.00802318,True
16,2,17,CP3,0.12098181,0.03296331,0.13939914,0.5,0.5,"[0, 8]",1.0,True,0.0095755,0.00214872,0.00802318,True
16,2,18,CP4,0.11061101,0.03442269,0.12721078,0.5,0.5,"[0, 8]",1.0,True,0.0095755,0.00214872,0.00802318,True
16,2,19,TP7,0.0838261,-0.01819821,0.09374581,0.5,0.5,"[0, 8]",1.0,True,0.0095755,0.00214872,0.00802318,True
16,2,20,TP8,0.0883719,-0.05899929,0.10759541,0.5,0.5,"[0, 8]",1.0,True,0.0095755,0.00214872,0.00802318,True
16,2,21,Pz,0.15281314,0.00715672,0.15302902,0.5,0.5,"[0, 8]",1.0,True,0.0095755,0.00214872,0.00802318,True
16,2,22,P3,0.1079223,0.1079223,0.11725932,0.5,0.5,"[0, 8]",1.0,True,0.0095755,0.00214872,0.00802318,True
16,2,23,P4,0.10389146,-0.0930022,0.1161412,0.5,0.5,"[0, 8]",1.0,True,0.0095755,0.00214872,0.00802318,True
16,2,24,T5,0.10508402,0.07361835,0.11460847,0.5,0.5,"[0, 8]",1.0,True,0.0095755,0.00214872,0.00802318,True
16,2,25,T6,0.08177481,-0.0624461,0.09248158,0.5,0.5,"[0, 8]",1.0,True,0.0095755,0.00214872,0.00802318,True
16,2,26,Oz,0.07809334,0.04184438,0.0803419,0.5,0.5,"[0, 8]",1.0,True,0.0095755,0.00214872,0.00802318,True
16,2,27,O1,0.12224346,0.05651706,0.13250549,0.5,0.5,"[0, 8]",1.0,True,0.0095755,0.00214872,0.00802318,True
16,2,28,O2,0.14462365,-0.02428976,0.14742827,0.5,0.5,"[0, 8]",1.0,True,0.0095755,0.00214872,0.00802318,True
16,3,0,Fp1,0.11060251,-0.0968518,0.12361802,0.5,0.5,"[0, 8]",1.0,True,0.01094221,0.00227939,0.00916833,True
16,3,1,Fp2,0.07709266,0.06061373,0.09463583,0.5,0.5,"[0, 8]",1.0,True,0.01094221,0.00227939,0.00916833,True
16,3,2,Fz,0.10429059,-0.09810571,0.11753564,0.5,0.5,"[0, 8]",1.0,True,0.01094221,0.00227939,0.00916833,True
16,3,3,F3,0.0874993,0.0270406,0.09440018,0.5,0.5,"[0, 8]",1.0,True,0.01094221,0.00227939,0.00916833,True
16,3,4,F4,0.09770352,0.01217604,0.10809994,0.5,0.5,"[0, 8]",1.0,True,0.01094221,0.00227939,0.00916833,True
16,3,5,F7,0.08353283,0.08045732,0.0967577,0.5,0.5,"[0, 8]",1.0,True,0.01094221,0.00227939,0.00916833,True
16,3,6,F8,0.0773936,-0.02897539,0.07839154,0.5,0.5,"[0, 8]",1.0,True,0.01094221,0.00227939,0.00916833,True
16,3,7,FCz,0.09945635,0.09945635,0.11486595,0.5,0.5,"[0, 8]",1.0,True,0.01094221,0.00227939,0.00916833,True
16,3,8,FC3,0.03025089,0.00529685,0.03713843,0.5,0.5,"[0, 8]",1.0,True,0.01094221,0.00227939,0.00916833,True
16,3,9,FC4,0.0568618,-0.0568618,0.07563522,0.5,0.5,"[0, 8]",1.0,True,0.01094221,0.00227939,0.00916833,True
16,3,10,FT7,0.09038325,-0.05870067,0.10427735,0.5,0.5,"[0, 8]",1.0,True,0.01094221,0.00227939,0.00916833,True
16,3,11,FT8,0.08037943,-0.00338973,0.09735253,0.5,0.5,"[0, 8]",1.0,True,0.01094221,0.00227939,0.00916833,True
16,3,12,Cz,0.07775594,0.07618024,0.09307656,0.5,0.5,"[0, 8]",1.0,True,0.01094221,0.00227939,0.00916833,True
16,3,13,C3,0.11477109,0.07154268,0.11683857,0.5,0.5,"[0, 8]",1.0,True,0.01094221,0.00227939,0.00916833,True
16,3,14,C4,0.08543243,-0.07398897,0.09544566,0.5,0.5,"[0, 8]",1.0,True,0.01094221,0.00227939,0.00916833,True
16,3,15,T3,0.1265772,0.1265772,0.13165109,0.5,0.5,"[0, 8]",1.0,True,0.01094221,0.00227939,0.00916833,True
16,3,16,T4,0.12118585,0.01351089,0.13385619,0.5,0.5,"[0, 8]",1.0,True,0.01094221,0.00227939,0.00916833,True
16,3,17,CP3,0.12147924,0.03267168,0.13987708,0.5,0.5,"[0, 8]",1.0,True,0.01094221,0.00227939,0.00916833,True
16,3,18,CP4,0.11092499,0.03550648,0.12744726,0.5,0.5,"[0, 8]",1.0,True,0.01094221,0.00227939,0.00916833,True
16,3,19,TP7,0.08348944,-0.01775198,0.09334502,0.5,0.5,"[0, 8]",1.0,True,0.01094221,0.00227939,0.00916833,True
16,3,20,TP8,0.08901106,-0.05825856,0.10755857,0.5,0.5,"[0, 8]",1.0,True,0.01094221,0.00227939,0.00916833,True
16,3,21,Pz,0.15319541,0.00787947,0.15343727,0.5,0.5,"[0, 8]",1.0,True,0.01094221,0.00227939,0.00916833,True
16,3,22,P3,0.10745256,0.10745256,0.11673521,0.5,0.5,"[0, 8]",1.0,True,0.01094221,0.00227939,0.00916833,True
16,3,23,P4,0.10461423,-0.09248677,0.11640438,0.5,0.5,"[0, 8]",1.0,True,0.01094221,0.00227939,0.00916833,True
16,3,24,T5,0.1053132,0.07368359,0.11496603,0.5,0.5,"[0, 8]",1.0,True,0.01094221,0.00227939,0.00916833,True
16,3,25,T6,0.08055753,-0.06151763,0.09151614,0.5,0.5,"[0, 8]",1.0,True,0.01094221,0.00227939,0.00916833,True
16,3,26,Oz,0.07816508,0.04277094,0.0804753,0.5,0.5,"[0, 8]",1.0,True,0.01094221,0.00227939,0.00916833,True
16,3,27,O1,0.12260418,0.05645301,0.13274373,0.5,0.5,"[0, 8]",1.0,True,0.01094221,0.00227939,0.00916833,True
16,3,28,O2,0.1435656,-0.0234087,0.14622486,0.5,0.5,"[0, 8]",1.0,True,0.01094221,0.00227939,0.00916833,True
16,4,0,Fp1,0.04598075,-0.04014098,0.06201826,0.625,0.625,"[3, 5]",0.625,False,1.1918395,0.29952775,0.99862612,True
16,4,1,Fp2,0.06907214,-0.0344687,0.07658159,0.625,0.625,"[3, 5]",0.625,False,1.1918395,0.29952775,0.99862612,True
16,4,2,Fz,0.10275131,-0.00607477,0.10868553,0.625,0.625,"[3, 5]",0.625,False,1.1918395,0.29952775,0.99862612,True
16,4,3,F3,0.15811983,-0.12395511,0.17190292,0.625,0.625,"[3, 5]",0.625,False,1.1918395,0.29952775,0.99862612,True
16,4,4,F4,0.05319877,-0.03402394,0.07921898,0.625,0.625,"[3, 5]",0.625,False,1.1918395,0.29952775,0.99862612,True
16,4,5,F7,0.06762885,0.0637868,0.07931412,0.625,0.625,"[3, 5]",0.625,False,1.1918395,0.29952775,0.99862612,True
16,4,6,F8,0.10021271,0.10021271,0.11109194,0.625,0.625,"[3, 5]",0.625,False,1.1918395,0.29952775,0.99862612,True
16,4,7,FCz,0.08156469,0.08156469,0.09254958,0.625,0.625,"[3, 5]",0.625,False,1.1918395,0.29952775,0.99862612,True
16,4,8,FC3,0.113126,0.02396015,0.11816715,0.625,0.625,"[3, 5]",0.625,False,1.1918395,0.29952775,0.99862612,True
16,4,9,FC4,0.09246324,0.0916772,0.11419255,0.625,0.625,"[3, 5]",0.625,False,1.1918395,0.29952775,0.99862612,True
16,4,10,FT7,0.0706073,0.05316202,0.09955419,0.625,0.625,"[3, 5]",0.625,False,1.1918395,0.29952775,0.99862612,True
16,4,11,FT8,0.11508083,0.03851769,0.1181745,0.625,0.625,"[3, 5]",0.625,False,1.1918395,0.29952775,0.99862612,True
16,4,12,Cz,0.07505892,0.04397238,0.08986044,0.625,0.625,"[3, 5]",0.625,False,1.1918395,0.29952775,0.99862612,True
16,4,13,C3,0.13832249,0.13832249,0.15768132,0.625,0.625,"[3, 5]",0.625,False,1.1918395,0.29952775,0.99862612,True
16,4,14,C4,0.06968121,-0.06637384,0.08940905,0.625,0.625,"[3, 5]",0.625,False,1.1918395,0.29952775,0.99862612,True
16,4,15,T3,0.08872668,0.01637077,0.12075018,0.625,0.625,"[3, 5]",0.625,False,1.1918395,0.29952775,0.99862612,True
16,4,16,T4,0.05189363,0.03376893,0.0649769,0.625,0.625,"[3, 5]",0.625,False,1.1918395,0.29952775,0.99862612,True
16,4,17,CP3,0.10850789,-0.06883763,0.13564464,0.625,0.625,"[3, 5]",0.625,False,1.1918395,0.29952775,0.99862612,True
16,4,18,CP4,0.18041354,-0.03342009,0.18884559,0.625,0.625,"[3, 5]",0.625,False,1.1918395,0.29952775,0.99862612,True
16,4,19,TP7,0.12504372,-0.04876588,0.1412273,0.625,0.625,"[3, 5]",0.625,False,1.1918395,0.29952775,0.99862612,True
16,4,20,TP8,0.10615678,-0.00639211,0.13174541,0.625,0.625,"[3, 5]",0.625,False,1.1918395,0.29952775,0.99862612,True
16,4,21,Pz,0.11643757,-0.04774577,0.13485612,0.625,0.625,"[3, 5]",0.625,False,1.1918395,0.29952775,0.99862612,True
16,4,22,P3,0.06416546,0.03493782,0.07721384,0.625,0.625,"[3, 5]",0.625,False,1.1918395,0.29952775,0.99862612,True
16,4,23,P4,0.06361819,0.02751106,0.07051501,0.625,0.625,"[3, 5]",0.625,False,1.1918395,0.29952775,0.99862612,True
16,4,24,T5,0.04584042,0.02786294,0.05404565,0.625,0.625,"[3, 5]",0.625,False,1.1918395,0.29952775,0.99862612,True
16,4,25,T6,0.10612483,-0.09809876,0.11936733,0.625,0.625,"[3, 5]",0.625,False,1.1918395,0.29952775,0.99862612,True
16,4,26,Oz,0.07003804,0.00413975,0.08068003,0.625,0.625,"[3, 5]",0.625,False,1.1918395,0.29952775,0.99862612,True
16,4,27,O1,0.11815901,0.11815901,0.15171385,0.625,0.625,"[3, 5]",0.625,False,1.1918395,0.29952775,0.99862612,True
16,4,28,O2,0.13203046,0.04199309,0.14077939,0.625,0.625,"[3, 5]",0.625,False,1.1918395,0.29952775,0.99862612,True
16,5,0,Fp1,0.11012931,-0.09619734,0.12290736,0.5,0.5,"[0, 8]",1.0,True,0.01099058,0.00211759,0.00920886,True
16,5,1,Fp2,0.07745919,0.06064653,0.09490254,0.5,0.5,"[0, 8]",1.0,True,0.01099058,0.00211759,0.00920886,True
16,5,2,Fz,0.10395987,-0.09764756,0.1169942,0.5,0.5,"[0, 8]",1.0,True,0.01099058,0.00211759,0.00920886,True
16,5,3,F3,0.08735102,0.02754568,0.09399808,0.5,0.5,"[0, 8]",1.0,True,0.01099058,0.00211759,0.00920886,True
16,5,4,F4,0.09649543,0.01181218,0.10691829,0.5,0.5,"[0, 8]",1.0,True,0.01099058,0.00211759,0.00920886,True
16,5,5,F7,0.08324489,0.08119297,0.09687724,0.5,0.5,"[0, 8]",1.0,True,0.01099058,0.00211759,0.00920886,True
16,5,6,F8,0.07770489,-0.02892453,0.07869598,0.5,0.5,"[0, 8]",1.0,True,0.01099058,0.00211759,0.00920886,True
16,5,7,FCz,0.09941769,0.09941769,0.11453191,0.5,0.5,"[0, 8]",1.0,True,0.01099058,0.00211759,0.00920886,True
16,5,8,FC3,0.03022739,0.00583936,0.03697113,0.5,0.5,"[0, 8]",1.0,True,0.01099058,0.00211759,0.00920886,True
16,5,9,FC4,0.05818962,-0.05818962,0.07684711,0.5,0.5,"[0, 8]",1.0,True,0.01099058,0.00211759,0.00920886,True
16,5,10,FT7,0.09014219,-0.05862372,0.10406382,0.5,0.5,"[0, 8]",1.0,True,0.01099058,0.00211759,0.00920886,True
16,5,11,FT8,0.07920685,-0.00423053,0.09654851,0.5,0.5,"[0, 8]",1.0,True,0.01099058,0.00211759,0.00920886,True
16,5,12,Cz,0.07754404,0.07625435,0.09334149,0.5,0.5,"[0, 8]",1.0,True,0.01099058,0.00211759,0.00920886,True
16,5,13,C3,0.11552782,0.07353614,0.11779093,0.5,0.5,"[0, 8]",1.0,True,0.01099058,0.00211759,0.00920886,True
16,5,14,C4,0.08565847,-0.07494018,0.09584454,0.5,0.5,"[0, 8]",1.0,True,0.01099058,0.00211759,0.00920886,True
16,5,15,T3,0.12698579,0.12698579,0.13229463,0.5,0.5,"[0, 8]",1.0,True,0.01099058,0.00211759,0.00920886,True
16,5,16,T4,0.12132782,0.01251221,0.1337122,0.5,0.5,"[0, 8]",1.0,True,0.01099058,0.00211759,0.00920886,True
16,5,17,CP3,0.12087211,0.03381628,0.13941278,0.5,0.5,"[0, 8]",1.0,True,0.01099058,0.00211759,0.00920886,True
16,5,18,CP4,0.11115379,0.03427464,0.12805767,0.5,0.5,"[0, 8]",1.0,True,0.01099058,0.00211759,0.00920886,True
16,5,19,TP7,0.08414418,-0.01808515,0.09417207,0.5,0.5,"[0, 8]",1.0,True,0.01099058,0.00211759,0.00920886,True
16,5,20,TP8,0.08920109,-0.05927189,0.10829856,0.5,0.5,"[0, 8]",1.0,True,0.01099058,0.00211759,0.00920886,True
16,5,21,Pz,0.15186778,0.0071481,0.15207544,0.5,0.5,"[0, 8]",1.0,True,0.01099058,0.00211759,0.00920886,True
16,5,22,P3,0.1084438,0.1084438,0.11804268,0.5,0.5,"[0, 8]",1.0,True,0.01099058,0.00211759,0.00920886,True
16,5,23,P4,0.1043971,-0.09288353,0.11627937,0.5,0.5,"[0, 8]",1.0,True,0.01099058,0.00211759,0.00920886,True
16,5,24,T5,0.10562827,0.07323263,0.11470319,0.5,0.5,"[0, 8]",1.0,True,0.01099058,0.00211759,0.00920886,True
16,5,25,T6,0.08171155,-0.06242251,0.09254227,0.5,0.5,"[0, 8]",1.0,True,0.01099058,0.00211759,0.00920886,True
16,5,26,Oz,0.07876305,0.04290315,0.08101205,0.5,0.5,"[0, 8]",1.0,True,0.01099058,0.00211759,0.00920886,True
16,5,27,O1,0.12165605,0.05631606,0.13184936,0.5,0.5,"[0, 8]",1.0,True,0.01099058,0.00211759,0.00920886,True
16,5,28,O2,0.14506674,-0.02411153,0.14787753,0.5,0.5,"[0, 8]",1.0,True,0.01099058,0.00211759,0.00920886,True
17,1,0,Fp1,0.10969882,-0.0953973,0.12222837,0.5,0.5,"[0, 8]",1.0,True,0.01058835,0.00205538,0.00887183,True
17,1,1,Fp2,0.07823274,0.06226127,0.09595018,0.5,0.5,"[0, 8]",1.0,True,0.01058835,0.00205538,0.00887183,True
17,1,2,Fz,0.10357992,-0.09734133,0.11665754,0.5,0.5,"[0, 8]",1.0,True,0.01058835,0.00205538,0.00887183,True
17,1,3,F3,0.08782559,0.02836904,0.09449879,0.5,0.5,"[0, 8]",1.0,True,0.01058835,0.00205538,0.00887183,True
17,1,4,F4,0.09716348,0.01256275,0.10751603,0.5,0.5,"[0, 8]",1.0,True,0.01058835,0.00205538,0.00887183,True
17,1,5,F7,0.08436374,0.08257403,0.09839623,0.5,0.5,"[0, 8]",1.0,True,0.01058835,0.00205538,0.00887183,True
17,1,6,F8,0.07722762,-0.02932575,0.07822157,0.5,0.5,"[0, 8]",1.0,True,0.01058835,0.00205538,0.00887183,True
17,1,7,FCz,0.09994275,0.09994275,0.1150029,0.5,0.5,"[0, 8]",1.0,True,0.01058835,0.00205538,0.00887183,True
17,1,8,FC3,0.03159512,0.00720702,0.03783377,0.5,0.5,"[0, 8]",1.0,True,0.01058835,0.00205538,0.00887183,True
17,1,9,FC4,0.05797593,-0.05797593,0.07619663,0.5,0.5,"[0, 8]",1.0,True,0.01058835,0.00205538,0.00887183,True
17,1,10,FT7,0.0896225,-0.05814567,0.1036414,0.5,0.5,"[0, 8]",1.0,True,0.01058835,0.00205538,0.00887183,True
17,1,11,FT8,0.07992453,-0.00434386,0.09699599,0.5,0.5,"[0, 8]",1.0,True,0.01058835,0.00205538,0.00887183,True
17,1,12,Cz,0.0780253,0.07636459,0.09360838,0.5,0.5,"[0, 8]",1.0,True,0.01058835,0.00205538,0.00887183,True
17,1,13,C3,0.11536841,0.07327078,0.11770477,0.5,0.5,"[0, 8]",1.0,True,0.01058835,0.00205538,0.00887183,True
17,1,14,C4,0.08648299,-0.07552528,0.09688222,0.5,0.5,"[0, 8]",1.0,True,0.01058835,0.00205538,0.00887183,True
17,1,15,T3,0.12583941,0.12583941,0.13122903,0.5,0.5,"[0, 8]",1.0,True,0.01058835,0.00205538,0.00887183,True
17,1,16,T4,0.12203231,0.01266696,0.13408124,0.5,0.5,"[0, 8]",1.0,True,0.01058835,0.00205538,0.00887183,True
17,1,17,CP3,0.12104218,0.03272253,0.1397579,0.5,0.5,"[0, 8]",1.0,True,0.01058835,0.00205538,0.00887183,True
17,1,18,CP4,0.11016447,0.0340015,0.12695399,0.5,0.5,"[0, 8]",1.0,True,0.01058835,0.00205538,0.00887183,True
17,1,19,TP7,0.08450294,-0.01924021,0.09440666,0.5,0.5,"[0, 8]",1.0,True,0.01058835,0.00205538,0.00887183,True
17,1,20,TP8,0.08916432,-0.06013445,0.10879249,0.5,0.5,"[0, 8]",1.0,True,0.01058835,0.00205538,0.00887183,True
17,1,21,Pz,0.15316248,0.0062389,0.15332128,0.5,0.5,"[0, 8]",1.0,True,0.01058835,0.00205538,0.00887183,True
17,1,22,P3,0.10726558,0.10726558,0.11650902,0.5,0.5,"[0, 8]",1.0,True,0.01058835,0.00205538,0.00887183,True
17,1,23,P4,0.10586558,-0.09409781,0.11794037,0.5,0.5,"[0, 8]",1.0,True,0.01058835,0.00205538,0.00887183,True
17,1,24,T5,0.10412017,0.07229228,0.11340173,0.5,0.5,"[0, 8]",1.0,True,0.01058835,0.00205538,0.00887183,True
17,1,25,T6,0.08176056,-0.06243954,0.09284315,0.5,0.5,"[0, 8]",1.0,True,0.01058835,0.00205538,0.00887183,True
17,1,26,Oz,0.07688305,0.04128985,0.07930721,0.5,0.5,"[0, 8]",1.0,True,0.01058835,0.00205538,0.00887183,True
17,1,27,O1,0.12114787,0.05526106,0.1316655,0.5,0.5,"[0, 8]",1.0,True,0.01058835,0.00205538,0.00887183,True
17,1,28,O2,0.14394549,-0.02474716,0.14685006,0.5,0.5,"[0, 8]",1.0,True,0.01058835,0.00205538,0.00887183,True
17,2,0,Fp1,0.10977919,-0.09489118,0.1222139,0.5,0.5,"[0, 8]",1.0,True,0.01388226,0.00235249,0.01163176,True
17,2,1,Fp2,0.07780603,0.06241618,0.09518265,0.5,0.5,"[0, 8]",1.0,True,0.01388226,0.00235249,0.01163176,True
17,2,2,Fz,0.10379098,-0.09737342,0.11683332,0.5,0.5,"[0, 8]",1.0,True,0.01388226,0.00235249,0.01163176,True
17,2,3,F3,0.0888822,0.02837993,0.09561571,0.5,0.5,"[0, 8]",1.0,True,0.01388226,0.00235249,0.01163176,True
17,2,4,F4,0.0983746,0.01294741,0.1086318,0.5,0.5,"[0, 8]",1.0,True,0.01388226,0.00235249,0.01163176,True
17,2,5,F7,0.08405989,0.08257771,0.09832288,0.5,0.5,"[0, 8]",1.0,True,0.01388226,0.00235249,0.01163176,True
17,2,6,F8,0.07770021,-0.02859605,0.07884905,0.5,0.5,"[0, 8]",1.0,True,0.01388226,0.00235249,0.01163176,True
17,2,7,FCz,0.09966145,0.09966145,0.11501226,0.5,0.5,"[0, 8]",1.0,True,0.01388226,0.00235249,0.01163176,True
17,2,8,FC3,0.03091572,0.00687759,0.0372301,0.5,0.5,"[0, 8]",1.0,True,0.01388226,0.00235249,0.01163176,True
17,2,9,FC4,0.05907444,-0.05907444,0.0768798,0.5,0.5,"[0, 8]",1.0,True,0.01388226,0.00235249,0.01163176,True
17,2,10,FT7,0.08927113,-0.05796168,0.10350605,0.5,0.5,"[0, 8]",1.0,True,0.01388226,0.00235249,0.01163176,True
17,2,11,FT8,0.07878332,-0.00407079,0.0960442,0.5,0.5,"[0, 8]",1.0,True,0.01388226,0.00235249,0.01163176,True
17,2,12,Cz,0.07694633,0.07537144,0.09232322,0.5,0.5,"[0, 8]",1.0,True,0.01388226,0.00235249,0.01163176,True
17,2,13,C3,0.11439067,0.07219598,0.11663897,0.5,0.5,"[0, 8]",1.0,True,0.01388226,0.00235249,0.01163176,True
17,2,14,C4,0.08626577,-0.07602723,0.09679027,0.5,0.5,"[0, 8]",1.0,True,0.01388226,0.00235249,0.01163176,True
17,2,15,T3,0.12548847,0.12548847,0.13086082,0.5,0.5,"[0, 8]",1.0,True,0.01388226,0.00235249,0.01163176,True
17,2,16,T4,0.12161832,0.0119858,0.1335981,0.5,0.5,"[0, 8]",1.0,True,0.01388226,0.00235249,0.01163176,True
17,2,17,CP3,0.12106253,0.0319246,0.13913094,0.5,0.5,"[0, 8]",1.0,True,0.01388226,0.00235249,0.01163176,True
17,2,18,CP4,0.1103952,0.03360851,0.12691863,0.5,0.5,"[0, 8]",1.0,True,0.01388226,0.00235249,0.01163176,True
17,2,19,TP7,0.08372696,-0.01949978,0.0942124,0.5,0.5,"[0, 8]",1.0,True,0.01388226,0.00235249,0.01163176,True
17,2,20,TP8,0.08877464,-0.06053088,0.1085581,0.5,0.5,"[0, 8]",1.0,True,0.01388226,0.00235249,0.01163176,True
17,2,21,Pz,0.15341659,0.00623845,0.15359983,0.5,0.5,"[0, 8]",1.0,True,0.01388226,0.00235249,0.01163176,True
17,2,22,P3,0.10762362,0.10762362,0.11677934,0.5,0.5,"[0, 8]",1.0,True,0.01388226,0.00235249,0.01163176,True
17,2,23,P4,0.10511418,-0.09403265,0.11755939,0.5,0.5,"[0, 8]",1.0,True,0.01388226,0.00235249,0.01163176,True
17,2,24,T5,0.10515596,0.07257339,0.11458915,0.5,0.5,"[0, 8]",1.0,True,0.01388226,0.00235249,0.01163176,True
17,2,25,T6,0.08172544,-0.06276261,0.092792,0.5,0.5,"[0, 8]",1.0,True,0.01388226,0.00235249,0.01163176,True
17,2,26,Oz,0.07774486,0.04159003,0.08001862,0.5,0.5,"[0, 8]",1.0,True,0.01388226,0.00235249,0.01163176,True
17,2,27,O1,0.12192897,0.05550343,0.13195826,0.5,0.5,"[0, 8]",1.0,True,0.01388226,0.00235249,0.01163176,True
17,2,28,O2,0.14372891,-0.02438164,0.1465442,0.5,0.5,"[0, 8]",1.0,True,0.01388226,0.00235249,0.01163176,True
17,3,0,Fp1,0.10935529,-0.09536489,0.12211211,0.375,0.375,"[1, 7]",0.875,False,0.01072473,0.00208582,0.0089861,True
17,3,1,Fp2,0.07865413,0.0623142,0.09597611,0.375,0.375,"[1, 7]",0.875,False,0.01072473,0.00208582,0.0089861,True
17,3,2,Fz,0.10419153,-0.09759088,0.1171567,0.375,0.375,"[1, 7]",0.875,False,0.01072473,0.00208582,0.0089861,True
17,3,3,F3,0.08823043,0.02837041,0.09469808,0.375,0.375,"[1, 7]",0.875,False,0.01072473,0.00208582,0.0089861,True
17,3,4,F4,0.09830709,0.01330444,0.10821707,0.375,0.375,"[1, 7]",0.875,False,0.01072473,0.00208582,0.0089861,True
17,3,5,F7,0.08426566,0.08185212,0.09792551,0.375,0.375,"[1, 7]",0.875,False,0.01072473,0.00208582,0.0089861,True
17,3,6,F8,0.07722457,-0.02843285,0.07830033,0.375,0.375,"[1, 7]",0.875,False,0.01072473,0.00208582,0.0089861,True
17,3,7,FCz,0.09965727,0.09965727,0.11486423,0.375,0.375,"[1, 7]",0.875,False,0.01072473,0.00208582,0.0089861,True
17,3,8,FC3,0.03120502,0.00682762,0.03772596,0.375,0.375,"[1, 7]",0.875,False,0.01072473,0.00208582,0.0089861,True
17,3,9,FC4,0.05842818,-0.05842818,0.07696682,0.375,0.375,"[1, 7]",0.875,False,0.01072473,0.00208582,0.0089861,True
17,3,10,FT7,0.09054442,-0.05885697,0.10451627,0.375,0.375,"[1, 7]",0.875,False,0.01072473,0.00208582,0.0089861,True
17,3,11,FT8,0.07969927,-0.00401859,0.09705509,0.375,0.375,"[1, 7]",0.875,False,0.01072473,0.00208582,0.0089861,True
17,3,12,Cz,0.07742188,0.07584041,0.09271652,0.375,0.375,"[1, 7]",0.875,False,0.01072473,0.00208582,0.0089861,True
17,3,13,C3,0.11482626,0.0729406,0.11720409,0.375,0.375,"[1, 7]",0.875,False,0.01072473,0.00208582,0.0089861,True
17,3,14,C4,0.08664244,-0.07542332,0.09691336,0.375,0.375,"[1, 7]",0.875,False,0.01072473,0.00208582,0.0089861,True
17,3,15,T3,0.12576535,0.12576535,0.13119589,0.375,0.375,"[1, 7]",0.875,False,0.01072473,0.00208582,0.0089861,True
17,3,16,T4,0.12176679,0.01237406,0.13410397,0.375,0.375,"[1, 7]",0.875,False,0.01072473,0.00208582,0.0089861,True
17,3,17,CP3,0.12188197,0.03202697,0.14009136,0.375,0.375,"[1, 7]",0.875,False,0.01072473,0.00208582,0.0089861,True
17,3,18,CP4,0.11063261,0.03443455,0.12725133,0.375,0.375,"[1, 7]",0.875,False,0.01072473,0.00208582,0.0089861,True
17,3,19,TP7,0.08455944,-0.01885197,0.09466795,0.375,0.375,"[1, 7]",0.875,False,0.01072473,0.00208582,0.0089861,True
17,3,20,TP8,0.08945751,-0.06015126,0.1089284,0.375,0.375,"[1, 7]",0.875,False,0.01072473,0.00208582,0.0089861,True
17,3,21,Pz,0.15259475,0.00636931,0.15277652,0.375,0.375,"[1, 7]",0.875,False,0.01072473,0.00208582,0.0089861,True
17,3,22,P3,0.1075291,0.1075291,0.11707626,0.375,0.375,"[1, 7]",0.875,False,0.01072473,0.00208582,0.0089861,True
17,3,23,P4,0.10514119,-0.09381665,0.1173171,0.375,0.375,"[1, 7]",0.875,False,0.01072473,0.00208582,0.0089861,True
17,3,24,T5,0.10477683,0.07296981,0.1139491,0.375,0.375,"[1, 7]",0.875,False,0.01072473,0.00208582,0.0089861,True
17,3,25,T6,0.08077025,-0.06262434,0.09220113,0.375,0.375,"[1, 7]",0.875,False,0.01072473,0.00208582,0.0089861,True
17,3,26,Oz,0.07751132,0.04140455,0.08003593,0.375,0.375,"[1, 7]",0.875,False,0.01072473,0.00208582,0.0089861,True
17,3,27,O1,0.12111422,0.05550236,0.13147713,0.375,0.375,"[1, 7]",0.875,False,0.01072473,0.00208582,0.0089861,True
17,3,28,O2,0.14396206,-0.02455422,0.14674804,0.375,0.375,"[1, 7]",0.875,False,0.01072473,0.00208582,0.0089861,True
17,4,0,Fp1,0.11275364,-0.0856338,0.12148835,0.625,0.625,"[3, 5]",0.625,False,0.25259278,0.04997086,0.21164405,True
17,4,1,Fp2,0.08357279,0.06503689,0.09776926,0.625,0.625,"[3, 5]",0.625,False,0.25259278,0.04997086,0.21164405,True
17,4,2,Fz,0.10780304,-0.10780304,0.12514745,0.625,0.625,"[3, 5]",0.625,False,0.25259278,0.04997086,0.21164405,True
17,4,3,F3,0.09007197,0.05484993,0.09685951,0.625,0.625,"[3, 5]",0.625,False,0.25259278,0.04997086,0.21164405,True
17,4,4,F4,0.09650271,0.03028845,0.09943428,0.625,0.625,"[3, 5]",0.625,False,0.25259278,0.04997086,0.21164405,True
17,4,5,F7,0.09739292,0.09739292,0.10812733,0.625,0.625,"[3, 5]",0.625,False,0.25259278,0.04997086,0.21164405,True
17,4,6,F8,0.07267068,-0.0266691,0.07528618,0.625,0.625,"[3, 5]",0.625,False,0.25259278,0.04997086,0.21164405,True
17,4,7,FCz,0.11483198,0.11483198,0.12522542,0.625,0.625,"[3, 5]",0.625,False,0.25259278,0.04997086,0.21164405,True
17,4,8,FC3,0.0440312,0.01088098,0.05200393,0.625,0.625,"[3, 5]",0.625,False,0.25259278,0.04997086,0.21164405,True
17,4,9,FC4,0.06017553,-0.06017553,0.06641371,0.625,0.625,"[3, 5]",0.625,False,0.25259278,0.04997086,0.21164405,True
17,4,10,FT7,0.07702442,-0.05871607,0.09282038,0.625,0.625,"[3, 5]",0.625,False,0.25259278,0.04997086,0.21164405,True
17,4,11,FT8,0.05649989,-0.00882978,0.07681041,0.625,0.625,"[3, 5]",0.625,False,0.25259278,0.04997086,0.21164405,True
17,4,12,Cz,0.0659873,0.06008273,0.08553577,0.625,0.625,"[3, 5]",0.625,False,0.25259278,0.04997086,0.21164405,True
17,4,13,C3,0.09604633,0.06673919,0.10345272,0.625,0.625,"[3, 5]",0.625,False,0.25259278,0.04997086,0.21164405,True
17,4,14,C4,0.10727976,-0.10727976,0.12021039,0.625,0.625,"[3, 5]",0.625,False,0.25259278,0.04997086,0.21164405,True
17,4,15,T3,0.12224994,0.12224994,0.12922195,0.625,0.625,"[3, 5]",0.625,False,0.25259278,0.04997086,0.21164405,True
17,4,16,T4,0.1089879,0.00315158,0.11770108,0.625,0.625,"[3, 5]",0.625,False,0.25259278,0.04997086,0.21164405,True
17,4,17,CP3,0.11031199,0.01043815,0.12173651,0.625,0.625,"[3, 5]",0.625,False,0.25259278,0.04997086,0.21164405,True
17,4,18,CP4,0.10905209,0.0137796,0.12955238,0.625,0.625,"[3, 5]",0.625,False,0.25259278,0.04997086,0.21164405,True
17,4,19,TP7,0.09010317,0.01020518,0.10137331,0.625,0.625,"[3, 5]",0.625,False,0.25259278,0.04997086,0.21164405,True
17,4,20,TP8,0.08050927,-0.06860288,0.10269926,0.625,0.625,"[3, 5]",0.625,False,0.25259278,0.04997086,0.21164405,True
17,4,21,Pz,0.14777006,-0.01747717,0.14885478,0.625,0.625,"[3, 5]",0.625,False,0.25259278,0.04997086,0.21164405,True
17,4,22,P3,0.10481919,0.10481919,0.11565733,0.625,0.625,"[3, 5]",0.625,False,0.25259278,0.04997086,0.21164405,True
17,4,23,P4,0.12107521,-0.11681882,0.13833167,0.625,0.625,"[3, 5]",0.625,False,0.25259278,0.04997086,0.21164405,True
17,4,24,T5,0.11088206,0.09115762,0.12650171,0.625,0.625,"[3, 5]",0.625,False,0.25259278,0.04997086,0.21164405,True
17,4,25,T6,0.07368091,-0.05240805,0.08043979,0.625,0.625,"[3, 5]",0.625,False,0.25259278,0.04997086,0.21164405,True
17,4,26,Oz,0.08463844,0.0345015,0.08843111,0.625,0.625,"[3, 5]",0.625,False,0.25259278,0.04997086,0.21164405,True
17,4,27,O1,0.10092869,0.0441897,0.11184074,0.625,0.625,"[3, 5]",0.625,False,0.25259278,0.04997086,0.21164405,True
17,4,28,O2,0.15311337,-0.03225448,0.15703611,0.625,0.625,"[3, 5]",0.625,False,0.25259278,0.04997086,0.21164405,True
17,5,0,Fp1,0.10968765,-0.09501879,0.12219784,0.5,0.5,"[0, 8]",1.0,True,0.01258019,0.00224698,0.01054077,True
17,5,1,Fp2,0.07823919,0.06264773,0.09621745,0.5,0.5,"[0, 8]",1.0,True,0.01258019,0.00224698,0.01054077,True
17,5,2,Fz,0.10342881,-0.09747855,0.11662284,0.5,0.5,"[0, 8]",1.0,True,0.01258019,0.00224698,0.01054077,True
17,5,3,F3,0.08841472,0.02852101,0.09503864,0.5,0.5,"[0, 8]",1.0,True,0.01258019,0.00224698,0.01054077,True
17,5,4,F4,0.09773017,0.0131984,0.10777269,0.5,0.5,"[0, 8]",1.0,True,0.01258019,0.00224698,0.01054077,True
17,5,5,F7,0.08426704,0.08277645,0.09851509,0.5,0.5,"[0, 8]",1.0,True,0.01258019,0.00224698,0.01054077,True
17,5,6,F8,0.07763348,-0.02843842,0.07881021,0.5,0.5,"[0, 8]",1.0,True,0.01258019,0.00224698,0.01054077,True
17,5,7,FCz,0.09978386,0.09978386,0.11474172,0.5,0.5,"[0, 8]",1.0,True,0.01258019,0.00224698,0.01054077,True
17,5,8,FC3,0.03102235,0.00694307,0.03723534,0.5,0.5,"[0, 8]",1.0,True,0.01258019,0.00224698,0.01054077,True
17,5,9,FC4,0.05714045,-0.05714045,0.07501882,0.5,0.5,"[0, 8]",1.0,True,0.01258019,0.00224698,0.01054077,True
17,5,10,FT7,0.08935595,-0.05789638,0.10343449,0.5,0.5,"[0, 8]",1.0,True,0.01258019,0.00224698,0.01054077,True
17,5,11,FT8,0.07976455,-0.00325114,0.09674507,0.5,0.5,"[0, 8]",1.0,True,0.01258019,0.00224698,0.01054077,True
17,5,12,Cz,0.07707728,0.07596612,0.0929295,0.5,0.5,"[0, 8]",1.0,True,0.01258019,0.00224698,0.01054077,True
17,5,13,C3,0.11541761,0.07275623,0.11774117,0.5,0.5,"[0, 8]",1.0,True,0.01258019,0.00224698,0.01054077,True
17,5,14,C4,0.08633465,-0.07593277,0.09685065,0.5,0.5,"[0, 8]",1.0,True,0.01258019,0.00224698,0.01054077,True
17,5,15,T3,0.12575178,0.12575178,0.13137175,0.5,0.5,"[0, 8]",1.0,True,0.01258019,0.00224698,0.01054077,True
17,5,16,T4,0.12283496,0.01213754,0.13510361,0.5,0.5,"[0, 8]",1.0,True,0.01258019,0.00224698,0.01054077,True
17,5,17,CP3,0.12135305,0.03162974,0.13936214,0.5,0.5,"[0, 8]",1.0,True,0.01258019,0.00224698,0.01054077,True
17,5,18,CP4,0.11004193,0.03350399,0.12675297,0.5,0.5,"[0, 8]",1.0,True,0.01258019,0.00224698,0.01054077,True
17,5,19,TP7,0.08491247,-0.01932524,0.09500994,0.5,0.5,"[0, 8]",1.0,True,0.01258019,0.00224698,0.01054077,True
17,5,20,TP8,0.08873854,-0.06041795,0.10856714,0.5,0.5,"[0, 8]",1.0,True,0.01258019,0.00224698,0.01054077,True
17,5,21,Pz,0.1531274,0.00608504,0.15329708,0.5,0.5,"[0, 8]",1.0,True,0.01258019,0.00224698,0.01054077,True
17,5,22,P3,0.10753912,0.10753912,0.11670139,0.5,0.5,"[0, 8]",1.0,True,0.01258019,0.00224698,0.01054077,True
17,5,23,P4,0.10482835,-0.09386971,0.11727123,0.5,0.5,"[0, 8]",1.0,True,0.01258019,0.00224698,0.01054077,True
17,5,24,T5,0.10441557,0.07186627,0.11351251,0.5,0.5,"[0, 8]",1.0,True,0.01258019,0.00224698,0.01054077,True
17,5,25,T6,0.08201438,-0.06307214,0.09311841,0.5,0.5,"[0, 8]",1.0,True,0.01258019,0.00224698,0.01054077,True
17,5,26,Oz,0.07736847,0.04121298,0.07957505,0.5,0.5,"[0, 8]",1.0,True,0.01258019,0.00224698,0.01054077,True
17,5,27,O1,0.12215298,0.0557858,0.13232389,0.5,0.5,"[0, 8]",1.0,True,0.01258019,0.00224698,0.01054077,True
17,5,28,O2,0.14440575,-0.02452055,0.14726852,0.5,0.5,"[0, 8]",1.0,True,0.01258019,0.00224698,0.01054077,True
18,1,0,Fp1,0.01261588,0.00925072,0.01586748,0.875,0.875,"[5, 3]",0.625,False,1.6198571,0.47574314,1.35725624,True
18,1,1,Fp2,0.0249637,0.00047612,0.02915101,0.875,0.875,"[5, 3]",0.625,False,1.6198571,0.47574314,1.35725624,True
18,1,2,Fz,0.11086042,-0.11086042,0.13392703,0.875,0.875,"[5, 3]",0.625,False,1.6198571,0.47574314,1.35725624,True
18,1,3,F3,0.04912724,0.01395153,0.05699895,0.875,0.875,"[5, 3]",0.625,False,1.6198571,0.47574314,1.35725624,True
18,1,4,F4,0.04830517,-0.04362123,0.08210894,0.875,0.875,"[5, 3]",0.625,False,1.6198571,0.47574314,1.35725624,True
18,1,5,F7,0.03086138,0.01437295,0.03465266,0.875,0.875,"[5, 3]",0.625,False,1.6198571,0.47574314,1.35725624,True
18,1,6,F8,0.01205788,-0.00404652,0.01676826,0.875,0.875,"[5, 3]",0.625,False,1.6198571,0.47574314,1.35725624,True
18,1,7,FCz,0.10187571,0.0679733,0.11420467,0.875,0.875,"[5, 3]",0.625,False,1.6198571,0.47574314,1.35725624,True
18,1,8,FC3,0.10516332,0.00469666,0.12556779,0.875,0.875,"[5, 3]",0.625,False,1.6198571,0.47574314,1.35725624,True
18,1,9,FC4,0.12039637,0.12039637,0.13138004,0.875,0.875,"[5, 3]",0.625,False,1.6198571,0.47574314,1.35725624,True
18,1,10,FT7,0.02176724,0.01502708,0.02584579,0.875,0.875,"[5, 3]",0.625,False,1.6198571,0.47574314,1.35725624,True
18,1,11,FT8,0.14367159,0.03926631,0.16183902,0.875,0.875,"[5, 3]",0.625,False,1.6198571,0.47574314,1.35725624,True
18,1,12,Cz,0.15614796,0.1281625,0.17042801,0.875,0.875,"[5, 3]",0.625,False,1.6198571,0.47574314,1.35725624,True
18,1,13,C3,0.04403815,-0.03898292,0.05098405,0.875,0.875,"[5, 3]",0.625,False,1.6198571,0.47574314,1.35725624,True
18,1,14,C4,0.04563864,-0.02265687,0.05438723,0.875,0.875,"[5, 3]",0.625,False,1.6198571,0.47574314,1.35725624,True
18,1,15,T3,0.10275096,-0.02311878,0.11006521,0.875,0.875,"[5, 3]",0.625,False,1.6198571,0.47574314,1.35725624,True
18,1,16,T4,0.05888657,-0.04755329,0.06829213,0.875,0.875,"[5, 3]",0.625,False,1.6198571,0.47574314,1.35725624,True
18,1,17,CP3,0.03537827,0.02030566,0.048466,0.875,0.875,"[5, 3]",0.625,False,1.6198571,0.47574314,1.35725624,True
18,1,18,CP4,0.11771208,-0.07760499,0.13339533,0.875,0.875,"[5, 3]",0.625,False,1.6198571,0.47574314,1.35725624,True
18,1,19,TP7,0.07496823,0.07496823,0.08702412,0.875,0.875,"[5, 3]",0.625,False,1.6198571,0.47574314,1.35725624,True
18,1,20,TP8,0.24349836,-0.00073676,0.2446336,0.875,0.875,"[5, 3]",0.625,False,1.6198571,0.47574314,1.35725624,True
18,1,21,Pz,0.08375734,-0.08375734,0.10853741,0.875,0.875,"[5, 3]",0.625,False,1.6198571,0.47574314,1.35725624,True
18,1,22,P3,0.12792978,0.00385136,0.14220244,0.875,0.875,"[5, 3]",0.625,False,1.6198571,0.47574314,1.35725624,True
18,1,23,P4,0.14220402,0.1058872,0.19624768,0.875,0.875,"[5, 3]",0.625,False,1.6198571,0.47574314,1.35725624,True
18,1,24,T5,0.1464849,-0.00150977,0.1526617,0.875,0.875,"[5, 3]",0.625,False,1.6198571,0.47574314,1.35725624,True
18,1,25,T6,0.06988607,0.00962029,0.07095271,0.875,0.875,"[5, 3]",0.625,False,1.6198571,0.47574314,1.35725624,True
18,1,26,Oz,0.14357735,0.05960388,0.15658399,0.875,0.875,"[5, 3]",0.625,False,1.6198571,0.47574314,1.35725624,True
18,1,27,O1,0.15206321,-0.01660056,0.15503237,0.875,0.875,"[5, 3]",0.625,False,1.6198571,0.47574314,1.35725624,True
18,1,28,O2,0.112213,-0.01254308,0.14072299,0.875,0.875,"[5, 3]",0.625,False,1.6198571,0.47574314,1.35725624,True
18,2,0,Fp1,0.03298743,-0.02050152,0.04475687,0.875,0.875,"[3, 5]",0.625,False,1.13952513,0.29605306,0.95479261,True
18,2,1,Fp2,0.05394402,0.0210951,0.06073836,0.875,0.875,"[3, 5]",0.625,False,1.13952513,0.29605306,0.95479261,True
18,2,2,Fz,0.0937912,-0.08117507,0.11419497,0.875,0.875,"[3, 5]",0.625,False,1.13952513,0.29605306,0.95479261,True
18,2,3,F3,0.05654204,-0.02927957,0.08374856,0.875,0.875,"[3, 5]",0.625,False,1.13952513,0.29605306,0.95479261,True
18,2,4,F4,0.05572874,0.02931157,0.05788486,0.875,0.875,"[3, 5]",0.625,False,1.13952513,0.29605306,0.95479261,True
18,2,5,F7,0.03572573,0.03572573,0.0506767,0.875,0.875,"[3, 5]",0.625,False,1.13952513,0.29605306,0.95479261,True
18,2,6,F8,0.05111538,-0.02895991,0.07178909,0.875,0.875,"[3, 5]",0.625,False,1.13952513,0.29605306,0.95479261,True
18,2,7,FCz,0.10029562,0.10029562,0.11138824,0.875,0.875,"[3, 5]",0.625,False,1.13952513,0.29605306,0.95479261,True
18,2,8,FC3,0.0829521,0.02153602,0.10204857,0.875,0.875,"[3, 5]",0.625,False,1.13952513,0.29605306,0.95479261,True
18,2,9,FC4,0.07385558,0.03687375,0.08502349,0.875,0.875,"[3, 5]",0.625,False,1.13952513,0.29605306,0.95479261,True
18,2,10,FT7,0.09889269,0.00177889,0.10744511,0.875,0.875,"[3, 5]",0.625,False,1.13952513,0.29605306,0.95479261,True
18,2,11,FT8,0.25982764,-0.04867898,0.2648299,0.875,0.875,"[3, 5]",0.625,False,1.13952513,0.29605306,0.95479261,True
18,2,12,Cz,0.0956621,0.0956621,0.11118282,0.875,0.875,"[3, 5]",0.625,False,1.13952513,0.29605306,0.95479261,True
18,2,13,C3,0.02117825,0.01753498,0.0296614,0.875,0.875,"[3, 5]",0.625,False,1.13952513,0.29605306,0.95479261,True
18,2,14,C4,0.04933389,-0.01455701,0.05355477,0.875,0.875,"[3, 5]",0.625,False,1.13952513,0.29605306,0.95479261,True
18,2,15,T3,0.12658584,0.07877241,0.15451284,0.875,0.875,"[3, 5]",0.625,False,1.13952513,0.29605306,0.95479261,True
18,2,16,T4,0.08906484,-0.01226757,0.09474402,0.875,0.875,"[3, 5]",0.625,False,1.13952513,0.29605306,0.95479261,True
18,2,17,CP3,0.05869785,0.00352732,0.07569367,0.875,0.875,"[3, 5]",0.625,False,1.13952513,0.29605306,0.95479261,True
18,2,18,CP4,0.1244462,0.04372985,0.12738681,0.875,0.875,"[3, 5]",0.625,False,1.13952513,0.29605306,0.95479261,True
18,2,19,TP7,0.15413992,0.02436507,0.16371319,0.875,0.875,"[3, 5]",0.625,False,1.13952513,0.29605306,0.95479261,True
18,2,20,TP8,0.08115853,0.01166573,0.09536073,0.875,0.875,"[3, 5]",0.625,False,1.13952513,0.29605306,0.95479261,True
18,2,21,Pz,0.05303872,-0.04110772,0.06879753,0.875,0.875,"[3, 5]",0.625,False,1.13952513,0.29605306,0.95479261,True
18,2,22,P3,0.05855623,0.01567232,0.07982203,0.875,0.875,"[3, 5]",0.625,False,1.13952513,0.29605306,0.95479261,True
18,2,23,P4,0.07222993,-0.05482098,0.0933758,0.875,0.875,"[3, 5]",0.625,False,1.13952513,0.29605306,0.95479261,True
18,2,24,T5,0.07934133,-0.00539568,0.08844719,0.875,0.875,"[3, 5]",0.625,False,1.13952513,0.29605306,0.95479261,True
18,2,25,T6,0.12772152,-0.00837965,0.14065096,0.875,0.875,"[3, 5]",0.625,False,1.13952513,0.29605306,0.95479261,True
18,2,26,Oz,0.11383869,0.02784891,0.12692185,0.875,0.875,"[3, 5]",0.625,False,1.13952513,0.29605306,0.95479261,True
18,2,27,O1,0.20399271,0.01729588,0.20767629,0.875,0.875,"[3, 5]",0.625,False,1.13952513,0.29605306,0.95479261,True
18,2,28,O2,0.16451325,-0.0321338,0.17440452,0.875,0.875,"[3, 5]",0.625,False,1.13952513,0.29605306,0.95479261,True
18,3,0,Fp1,0.0153791,-0.00716745,0.01748938,0.875,0.875,"[5, 3]",0.625,False,1.48499652,0.40767349,1.2442584,True
18,3,1,Fp2,0.02010195,0.01703004,0.02358879,0.875,0.875,"[5, 3]",0.625,False,1.48499652,0.40767349,1.2442584,True
18,3,2,Fz,0.12864971,-0.04427689,0.13710737,0.875,0.875,"[5, 3]",0.625,False,1.48499652,0.40767349,1.2442584,True
18,3,3,F3,0.08143461,-0.02557773,0.09694353,0.875,0.875,"[5, 3]",0.625,False,1.48499652,0.40767349,1.2442584,True
18,3,4,F4,0.07903269,-0.00856076,0.09397975,0.875,0.875,"[5, 3]",0.625,False,1.48499652,0.40767349,1.2442584,True
18,3,5,F7,0.03797205,-0.00575878,0.04778796,0.875,0.875,"[5, 3]",0.625,False,1.48499652,0.40767349,1.2442584,True
18,3,6,F8,0.03901573,-0.0287533,0.04293273,0.875,0.875,"[5, 3]",0.625,False,1.48499652,0.40767349,1.2442584,True
18,3,7,FCz,0.09859565,0.09859565,0.11188442,0.875,0.875,"[5, 3]",0.625,False,1.48499652,0.40767349,1.2442584,True
18,3,8,FC3,0.04005001,-0.01088403,0.04928952,0.875,0.875,"[5, 3]",0.625,False,1.48499652,0.40767349,1.2442584,True
18,3,9,FC4,0.11683281,0.08528668,0.12677686,0.875,0.875,"[5, 3]",0.625,False,1.48499652,0.40767349,1.2442584,True
18,3,10,FT7,0.05488811,-0.01776246,0.06370033,0.875,0.875,"[5, 3]",0.625,False,1.48499652,0.40767349,1.2442584,True
18,3,11,FT8,0.25099158,-0.03100427,0.25792405,0.875,0.875,"[5, 3]",0.625,False,1.48499652,0.40767349,1.2442584,True
18,3,12,Cz,0.10166226,0.08580096,0.11029701,0.875,0.875,"[5, 3]",0.625,False,1.48499652,0.40767349,1.2442584,True
18,3,13,C3,0.12459019,-0.09978646,0.14112139,0.875,0.875,"[5, 3]",0.625,False,1.48499652,0.40767349,1.2442584,True
18,3,14,C4,0.0723619,-0.00371115,0.08942174,0.875,0.875,"[5, 3]",0.625,False,1.48499652,0.40767349,1.2442584,True
18,3,15,T3,0.08822716,0.08816157,0.11884463,0.875,0.875,"[5, 3]",0.625,False,1.48499652,0.40767349,1.2442584,True
18,3,16,T4,0.07425309,-0.04564486,0.10345194,0.875,0.875,"[5, 3]",0.625,False,1.48499652,0.40767349,1.2442584,True
18,3,17,CP3,0.10482509,0.10482509,0.1218144,0.875,0.875,"[5, 3]",0.625,False,1.48499652,0.40767349,1.2442584,True
18,3,18,CP4,0.08104343,-0.05849577,0.09378549,0.875,0.875,"[5, 3]",0.625,False,1.48499652,0.40767349,1.2442584,True
18,3,19,TP7,0.10003583,0.0309513,0.11601009,0.875,0.875,"[5, 3]",0.625,False,1.48499652,0.40767349,1.2442584,True
18,3,20,TP8,0.20112313,0.01728413,0.20247333,0.875,0.875,"[5, 3]",0.625,False,1.48499652,0.40767349,1.2442584,True
18,3,21,Pz,0.08752381,-0.08476641,0.11172383,0.875,0.875,"[5, 3]",0.625,False,1.48499652,0.40767349,1.2442584,True
18,3,22,P3,0.12257805,0.02274403,0.13456483,0.875,0.875,"[5, 3]",0.625,False,1.48499652,0.40767349,1.2442584,True
18,3,23,P4,0.08330841,-0.08330841,0.11182318,0.875,0.875,"[5, 3]",0.625,False,1.48499652,0.40767349,1.2442584,True
18,3,24,T5,0.13420472,-0.02613179,0.13862398,0.875,0.875,"[5, 3]",0.625,False,1.48499652,0.40767349,1.2442584,True
18,3,25,T6,0.07821152,-0.00707755,0.09120391,0.875,0.875,"[5, 3]",0.625,False,1.48499652,0.40767349,1.2442584,True
18,3,26,Oz,0.16526353,-0.05265871,0.17684703,0.875,0.875,"[5, 3]",0.625,False,1.48499652,0.40767349,1.2442584,True
18,3,27,O1,0.16868889,0.01233578,0.17006998,0.875,0.875,"[5, 3]",0.625,False,1.48499652,0.40767349,1.2442584,True
18,3,28,O2,0.09371231,0.08945386,0.10687554,0.875,0.875,"[5, 3]",0.625,False,1.48499652,0.40767349,1.2442584,True
18,4,0,Fp1,0.02565815,-0.01290485,0.03212506,0.875,0.875,"[3, 5]",0.625,False,1.55953242,0.42950455,1.30671102,True
18,4,1,Fp2,0.02786626,0.02786626,0.02844606,0.875,0.875,"[3, 5]",0.625,False,1.55953242,0.42950455,1.30671102,True
18,4,2,Fz,0.14577013,-0.10644756,0.17270659,0.875,0.875,"[3, 5]",0.625,False,1.55953242,0.42950455,1.30671102,True
18,4,3,F3,0.07263409,-0.01209858,0.09960089,0.875,0.875,"[3, 5]",0.625,False,1.55953242,0.42950455,1.30671102,True
18,4,4,F4,0.06471947,0.06471947,0.08060234,0.875,0.875,"[3, 5]",0.625,False,1.55953242,0.42950455,1.30671102,True
18,4,5,F7,0.02475309,0.00259733,0.02815664,0.875,0.875,"[3, 5]",0.625,False,1.55953242,0.42950455,1.30671102,True
18,4,6,F8,0.04041461,-0.01468257,0.05183846,0.875,0.875,"[3, 5]",0.625,False,1.55953242,0.42950455,1.30671102,True
18,4,7,FCz,0.18860833,0.18860833,0.20809072,0.875,0.875,"[3, 5]",0.625,False,1.55953242,0.42950455,1.30671102,True
18,4,8,FC3,0.16822964,-0.03878292,0.18193327,0.875,0.875,"[3, 5]",0.625,False,1.55953242,0.42950455,1.30671102,True
18,4,9,FC4,0.09432369,0.03604574,0.10814229,0.875,0.875,"[3, 5]",0.625,False,1.55953242,0.42950455,1.30671102,True
18,4,10,FT7,0.04263096,0.04263096,0.0488741,0.875,0.875,"[3, 5]",0.625,False,1.55953242,0.42950455,1.30671102,True
18,4,11,FT8,0.15058979,-0.04621404,0.15833893,0.875,0.875,"[3, 5]",0.625,False,1.55953242,0.42950455,1.30671102,True
18,4,12,Cz,0.16078752,0.16078752,0.18961233,0.875,0.875,"[3, 5]",0.625,False,1.55953242,0.42950455,1.30671102,True
18,4,13,C3,0.06484523,-0.05873337,0.08202857,0.875,0.875,"[3, 5]",0.625,False,1.55953242,0.42950455,1.30671102,True
18,4,14,C4,0.17350225,-0.17275026,0.20284119,0.875,0.875,"[3, 5]",0.625,False,1.55953242,0.42950455,1.30671102,True
18,4,15,T3,0.04107722,6.666e-05,0.05023732,0.875,0.875,"[3, 5]",0.625,False,1.55953242,0.42950455,1.30671102,True
18,4,16,T4,0.0436093,0.02348978,0.06835136,0.875,0.875,"[3, 5]",0.625,False,1.55953242,0.42950455,1.30671102,True
18,4,17,CP3,0.11201024,0.01078131,0.11654685,0.875,0.875,"[3, 5]",0.625,False,1.55953242,0.42950455,1.30671102,True
18,4,18,CP4,0.10215028,0.01626157,0.11235911,0.875,0.875,"[3, 5]",0.625,False,1.55953242,0.42950455,1.30671102,True
18,4,19,TP7,0.06669419,-0.01851546,0.07412469,0.875,0.875,"[3, 5]",0.625,False,1.55953242,0.42950455,1.30671102,True
18,4,20,TP8,0.19490883,0.05337141,0.2045269,0.875,0.875,"[3, 5]",0.625,False,1.55953242,0.42950455,1.30671102,True
18,4,21,Pz,0.13843416,-0.13843416,0.14933373,0.875,0.875,"[3, 5]",0.625,False,1.55953242,0.42950455,1.30671102,True
18,4,22,P3,0.14164703,-0.03665546,0.15768771,0.875,0.875,"[3, 5]",0.625,False,1.55953242,0.42950455,1.30671102,True
18,4,23,P4,0.14163291,0.01467584,0.18535788,0.875,0.875,"[3, 5]",0.625,False,1.55953242,0.42950455,1.30671102,True
18,4,24,T5,0.10447582,0.07261021,0.11316891,0.875,0.875,"[3, 5]",0.625,False,1.55953242,0.42950455,1.30671102,True
18,4,25,T6,0.04211566,0.01593339,0.05293494,0.875,0.875,"[3, 5]",0.625,False,1.55953242,0.42950455,1.30671102,True
18,4,26,Oz,0.11982349,0.04746085,0.14105622,0.875,0.875,"[3, 5]",0.625,False,1.55953242,0.42950455,1.30671102,True
18,4,27,O1,0.12293178,0.01026425,0.13163078,0.875,0.875,"[3, 5]",0.625,False,1.55953242,0.42950455,1.30671102,True
18,4,28,O2,0.08963257,-0.04552786,0.09551987,0.875,0.875,"[3, 5]",0.625,False,1.55953242,0.42950455,1.30671102,True
18,5,0,Fp1,0.02056422,-0.01133019,0.02590203,1.0,1.0,"[4, 4]",0.5,False,1.49552509,0.49199924,1.25308014,True
18,5,1,Fp2,0.02598392,0.00245675,0.02836696,1.0,1.0,"[4, 4]",0.5,False,1.49552509,0.49199924,1.25308014,True
18,5,2,Fz,0.14383692,-0.12589586,0.19159342,1.0,1.0,"[4, 4]",0.5,False,1.49552509,0.49199924,1.25308014,True
18,5,3,F3,0.10350852,-0.05201469,0.11363905,1.0,1.0,"[4, 4]",0.5,False,1.49552509,0.49199924,1.25308014,True
18,5,4,F4,0.07997218,0.01208216,0.10825895,1.0,1.0,"[4, 4]",0.5,False,1.49552509,0.49199924,1.25308014,True
18,5,5,F7,0.03861204,0.01149206,0.04415743,1.0,1.0,"[4, 4]",0.5,False,1.49552509,0.49199924,1.25308014,True
18,5,6,F8,0.02076511,-0.01907917,0.03900743,1.0,1.0,"[4, 4]",0.5,False,1.49552509,0.49199924,1.25308014,True
18,5,7,FCz,0.11096445,0.11096445,0.11631325,1.0,1.0,"[4, 4]",0.5,False,1.49552509,0.49199924,1.25308014,True
18,5,8,FC3,0.16952351,0.09914216,0.17804669,1.0,1.0,"[4, 4]",0.5,False,1.49552509,0.49199924,1.25308014,True
18,5,9,FC4,0.08828071,0.04586795,0.10684714,1.0,1.0,"[4, 4]",0.5,False,1.49552509,0.49199924,1.25308014,True
18,5,10,FT7,0.04944547,-0.00095171,0.05101231,1.0,1.0,"[4, 4]",0.5,False,1.49552509,0.49199924,1.25308014,True
18,5,11,FT8,0.17059705,-0.0293644,0.17495742,1.0,1.0,"[4, 4]",0.5,False,1.49552509,0.49199924,1.25308014,True
18,5,12,Cz,0.10210707,0.10210707,0.11947377,1.0,1.0,"[4, 4]",0.5,False,1.49552509,0.49199924,1.25308014,True
18,5,13,C3,0.05306301,-0.05306301,0.05716804,1.0,1.0,"[4, 4]",0.5,False,1.49552509,0.49199924,1.25308014,True
18,5,14,C4,0.08538531,-0.08538531,0.09713645,1.0,1.0,"[4, 4]",0.5,False,1.49552509,0.49199924,1.25308014,True
18,5,15,T3,0.04648226,-0.00812965,0.05029646,1.0,1.0,"[4, 4]",0.5,False,1.49552509,0.49199924,1.25308014,True
18,5,16,T4,0.13419707,-0.00495865,0.15349181,1.0,1.0,"[4, 4]",0.5,False,1.49552509,0.49199924,1.25308014,True
18,5,17,CP3,0.06522114,0.04893272,0.08401676,1.0,1.0,"[4, 4]",0.5,False,1.49552509,0.49199924,1.25308014,True
18,5,18,CP4,0.14387819,-0.00190169,0.14679293,1.0,1.0,"[4, 4]",0.5,False,1.49552509,0.49199924,1.25308014,True
18,5,19,TP7,0.11099894,0.11099894,0.11475349,1.0,1.0,"[4, 4]",0.5,False,1.49552509,0.49199924,1.25308014,True
18,5,20,TP8,0.18169278,0.11578423,0.2138284,1.0,1.0,"[4, 4]",0.5,False,1.49552509,0.49199924,1.25308014,True
18,5,21,Pz,0.14140129,-0.14140129,0.1519454,1.0,1.0,"[4, 4]",0.5,False,1.49552509,0.49199924,1.25308014,True
18,5,22,P3,0.07442628,0.03725854,0.08333534,1.0,1.0,"[4, 4]",0.5,False,1.49552509,0.49199924,1.25308014,True
18,5,23,P4,0.10147834,-0.0933748,0.14841859,1.0,1.0,"[4, 4]",0.5,False,1.49552509,0.49199924,1.25308014,True
18,5,24,T5,0.17191955,-0.09165997,0.1964231,1.0,1.0,"[4, 4]",0.5,False,1.49552509,0.49199924,1.25308014,True
18,5,25,T6,0.0688498,0.00560608,0.07964903,1.0,1.0,"[4, 4]",0.5,False,1.49552509,0.49199924,1.25308014,True
18,5,26,Oz,0.08887622,0.03528932,0.10043734,1.0,1.0,"[4, 4]",0.5,False,1.49552509,0.49199924,1.25308014,True
18,5,27,O1,0.12037577,0.00801064,0.13723068,1.0,1.0,"[4, 4]",0.5,False,1.49552509,0.49199924,1.25308014,True
18,5,28,O2,0.07259051,0.00762177,0.09728768,1.0,1.0,"[4, 4]",0.5,False,1.49552509,0.49199924,1.25308014,True
19,1,0,Fp1,0.06598456,0.00318676,0.07964725,0.25,0.25,"[2, 6]",0.75,False,1.01723221,0.28188134,0.85232504,True
19,1,1,Fp2,0.05336964,-0.03968478,0.0671484,0.25,0.25,"[2, 6]",0.75,False,1.01723221,0.28188134,0.85232504,True
19,1,2,Fz,0.03289453,-0.00956598,0.03698397,0.25,0.25,"[2, 6]",0.75,False,1.01723221,0.28188134,0.85232504,True
19,1,3,F3,0.06754605,0.00322082,0.07941312,0.25,0.25,"[2, 6]",0.75,False,1.01723221,0.28188134,0.85232504,True
19,1,4,F4,0.04069376,0.03743808,0.05343153,0.25,0.25,"[2, 6]",0.75,False,1.01723221,0.28188134,0.85232504,True
19,1,5,F7,0.13423005,0.11646548,0.14915144,0.25,0.25,"[2, 6]",0.75,False,1.01723221,0.28188134,0.85232504,True
19,1,6,F8,0.06320703,0.02535049,0.07034501,0.25,0.25,"[2, 6]",0.75,False,1.01723221,0.28188134,0.85232504,True
19,1,7,FCz,0.0626761,0.0626761,0.07244733,0.25,0.25,"[2, 6]",0.75,False,1.01723221,0.28188134,0.85232504,True
19,1,8,FC3,0.10904031,-0.03593376,0.11179259,0.25,0.25,"[2, 6]",0.75,False,1.01723221,0.28188134,0.85232504,True
19,1,9,FC4,0.0821424,-0.06804319,0.10306977,0.25,0.25,"[2, 6]",0.75,False,1.01723221,0.28188134,0.85232504,True
19,1,10,FT7,0.05141729,0.02935736,0.06078158,0.25,0.25,"[2, 6]",0.75,False,1.01723221,0.28188134,0.85232504,True
19,1,11,FT8,0.10581923,-0.04091486,0.11440371,0.25,0.25,"[2, 6]",0.75,False,1.01723221,0.28188134,0.85232504,True
19,1,12,Cz,0.06876863,0.06876863,0.0805782,0.25,0.25,"[2, 6]",0.75,False,1.01723221,0.28188134,0.85232504,True
19,1,13,C3,0.08239221,0.08239221,0.08480366,0.25,0.25,"[2, 6]",0.75,False,1.01723221,0.28188134,0.85232504,True
19,1,14,C4,0.17468405,-0.17468405,0.1916472,0.25,0.25,"[2, 6]",0.75,False,1.01723221,0.28188134,0.85232504,True
19,1,15,T3,0.13590091,0.13590091,0.15130034,0.25,0.25,"[2, 6]",0.75,False,1.01723221,0.28188134,0.85232504,True
19,1,16,T4,0.10841899,-0.10759658,0.13941231,0.25,0.25,"[2, 6]",0.75,False,1.01723221,0.28188134,0.85232504,True
19,1,17,CP3,0.19618931,-0.02791183,0.20456378,0.25,0.25,"[2, 6]",0.75,False,1.01723221,0.28188134,0.85232504,True
19,1,18,CP4,0.17892626,0.10578011,0.18782212,0.25,0.25,"[2, 6]",0.75,False,1.01723221,0.28188134,0.85232504,True
19,1,19,TP7,0.07209435,-0.02719506,0.07648412,0.25,0.25,"[2, 6]",0.75,False,1.01723221,0.28188134,0.85232504,True
19,1,20,TP8,0.10880928,0.03616491,0.11909416,0.25,0.25,"[2, 6]",0.75,False,1.01723221,0.28188134,0.85232504,True
19,1,21,Pz,0.22048268,0.07069454,0.23394291,0.25,0.25,"[2, 6]",0.75,False,1.01723221,0.28188134,0.85232504,True
19,1,22,P3,0.09368286,-0.00481417,0.11143818,0.25,0.25,"[2, 6]",0.75,False,1.01723221,0.28188134,0.85232504,True
19,1,23,P4,0.13014719,-0.13014719,0.13986532,0.25,0.25,"[2, 6]",0.75,False,1.01723221,0.28188134,0.85232504,True
19,1,24,T5,0.1015727,0.1005872,0.12759012,0.25,0.25,"[2, 6]",0.75,False,1.01723221,0.28188134,0.85232504,True
19,1,25,T6,0.07504702,-0.00686991,0.09303254,0.25,0.25,"[2, 6]",0.75,False,1.01723221,0.28188134,0.85232504,True
19,1,26,Oz,0.04369519,0.04141612,0.06028828,0.25,0.25,"[2, 6]",0.75,False,1.01723221,0.28188134,0.85232504,True
19,1,27,O1,0.095924,-0.02723294,0.10009369,0.25,0.25,"[2, 6]",0.75,False,1.01723221,0.28188134,0.85232504,True
19,1,28,O2,0.12627485,-0.0572079,0.14717478,0.25,0.25,"[2, 6]",0.75,False,1.01723221,0.28188134,0.85232504,True
19,2,0,Fp1,0.04621445,-0.01212439,0.0632939,0.375,0.375,"[5, 3]",0.625,False,1.31588055,0.3595687,1.10255843,True
19,2,1,Fp2,0.03448747,0.0168601,0.03909453,0.375,0.375,"[5, 3]",0.625,False,1.31588055,0.3595687,1.10255843,True
19,2,2,Fz,0.07731099,-0.04442109,0.08249278,0.375,0.375,"[5, 3]",0.625,False,1.31588055,0.3595687,1.10255843,True
19,2,3,F3,0.14170732,0.04407624,0.14763436,0.375,0.375,"[5, 3]",0.625,False,1.31588055,0.3595687,1.10255843,True
19,2,4,F4,0.06561857,-0.00820227,0.08261101,0.375,0.375,"[5, 3]",0.625,False,1.31588055,0.3595687,1.10255843,True
19,2,5,F7,0.09726476,0.05083406,0.11642143,0.375,0.375,"[5, 3]",0.625,False,1.31588055,0.3595687,1.10255843,True
19,2,6,F8,0.02510832,-0.00751111,0.02883522,0.375,0.375,"[5, 3]",0.625,False,1.31588055,0.3595687,1.10255843,True
19,2,7,FCz,0.06637801,0.0579062,0.09245633,0.375,0.375,"[5, 3]",0.625,False,1.31588055,0.3595687,1.10255843,True
19,2,8,FC3,0.06227278,-0.06227278,0.06919065,0.375,0.375,"[5, 3]",0.625,False,1.31588055,0.3595687,1.10255843,True
19,2,9,FC4,0.08514113,0.02912333,0.09564981,0.375,0.375,"[5, 3]",0.625,False,1.31588055,0.3595687,1.10255843,True
19,2,10,FT7,0.06846961,0.00058861,0.08863845,0.375,0.375,"[5, 3]",0.625,False,1.31588055,0.3595687,1.10255843,True
19,2,11,FT8,0.04400297,0.026024,0.05033205,0.375,0.375,"[5, 3]",0.625,False,1.31588055,0.3595687,1.10255843,True
19,2,12,Cz,0.08958609,0.08958609,0.10293645,0.375,0.375,"[5, 3]",0.625,False,1.31588055,0.3595687,1.10255843,True
19,2,13,C3,0.12938823,0.01550496,0.16197826,0.375,0.375,"[5, 3]",0.625,False,1.31588055,0.3595687,1.10255843,True
19,2,14,C4,0.21271199,-0.21271199,0.22192265,0.375,0.375,"[5, 3]",0.625,False,1.31588055,0.3595687,1.10255843,True
19,2,15,T3,0.1498635,0.13605854,0.18058753,0.375,0.375,"[5, 3]",0.625,False,1.31588055,0.3595687,1.10255843,True
19,2,16,T4,0.10678407,0.01024018,0.11721947,0.375,0.375,"[5, 3]",0.625,False,1.31588055,0.3595687,1.10255843,True
19,2,17,CP3,0.15011708,-0.05924806,0.1752868,0.375,0.375,"[5, 3]",0.625,False,1.31588055,0.3595687,1.10255843,True
19,2,18,CP4,0.192765,0.06224271,0.21325338,0.375,0.375,"[5, 3]",0.625,False,1.31588055,0.3595687,1.10255843,True
19,2,19,TP7,0.18619807,-0.06538492,0.20195679,0.375,0.375,"[5, 3]",0.625,False,1.31588055,0.3595687,1.10255843,True
19,2,20,TP8,0.1158957,0.04925055,0.13314989,0.375,0.375,"[5, 3]",0.625,False,1.31588055,0.3595687,1.10255843,True
19,2,21,Pz,0.09073459,0.00179256,0.11178036,0.375,0.375,"[5, 3]",0.625,False,1.31588055,0.3595687,1.10255843,True
19,2,22,P3,0.09219763,0.05891079,0.10429417,0.375,0.375,"[5, 3]",0.625,False,1.31588055,0.3595687,1.10255843,True
19,2,23,P4,0.12540606,-0.02637474,0.14044383,0.375,0.375,"[5, 3]",0.625,False,1.31588055,0.3595687,1.10255843,True
19,2,24,T5,0.10739017,-0.04775171,0.12784335,0.375,0.375,"[5, 3]",0.625,False,1.31588055,0.3595687,1.10255843,True
19,2,25,T6,0.09790534,-0.00195796,0.11184922,0.375,0.375,"[5, 3]",0.625,False,1.31588055,0.3595687,1.10255843,True
19,2,26,Oz,0.09696577,0.08750226,0.11260203,0.375,0.375,"[5, 3]",0.625,False,1.31588055,0.3595687,1.10255843,True
19,2,27,O1,0.08659936,0.02279154,0.112029,0.375,0.375,"[5, 3]",0.625,False,1.31588055,0.3595687,1.10255843,True
19,2,28,O2,0.07535264,-0.0583268,0.10737678,0.375,0.375,"[5, 3]",0.625,False,1.31588055,0.3595687,1.10255843,True
19,3,0,Fp1,0.10228705,-0.08120692,0.11481747,0.625,0.625,"[5, 3]",0.625,False,0.30235153,0.06128664,0.25333624,True
19,3,1,Fp2,0.06553511,0.03105314,0.08509278,0.625,0.625,"[5, 3]",0.625,False,0.30235153,0.06128664,0.25333624,True
19,3,2,Fz,0.09060657,-0.09060657,0.10250977,0.625,0.625,"[5, 3]",0.625,False,0.30235153,0.06128664,0.25333624,True
19,3,3,F3,0.07415777,0.03235039,0.08121885,0.625,0.625,"[5, 3]",0.625,False,0.30235153,0.06128664,0.25333624,True
19,3,4,F4,0.07842569,0.00143931,0.0933124,0.625,0.625,"[5, 3]",0.625,False,0.30235153,0.06128664,0.25333624,True
19,3,5,F7,0.12208083,0.11291111,0.13818078,0.625,0.625,"[5, 3]",0.625,False,0.30235153,0.06128664,0.25333624,True
19,3,6,F8,0.05983479,-0.01299151,0.0638963,0.625,0.625,"[5, 3]",0.625,False,0.30235153,0.06128664,0.25333624,True
19,3,7,FCz,0.09033024,0.09033024,0.0976769,0.625,0.625,"[5, 3]",0.625,False,0.30235153,0.06128664,0.25333624,True
19,3,8,FC3,0.03293599,-0.013574,0.04101998,0.625,0.625,"[5, 3]",0.625,False,0.30235153,0.06128664,0.25333624,True
19,3,9,FC4,0.06516175,-0.03900949,0.07996257,0.625,0.625,"[5, 3]",0.625,False,0.30235153,0.06128664,0.25333624,True
19,3,10,FT7,0.06562829,-0.02220468,0.07640589,0.625,0.625,"[5, 3]",0.625,False,0.30235153,0.06128664,0.25333624,True
19,3,11,FT8,0.1080277,0.00834191,0.11433281,0.625,0.625,"[5, 3]",0.625,False,0.30235153,0.06128664,0.25333624,True
19,3,12,Cz,0.06219293,0.06219293,0.08223684,0.625,0.625,"[5, 3]",0.625,False,0.30235153,0.06128664,0.25333624,True
19,3,13,C3,0.11280534,0.07129727,0.11757298,0.625,0.625,"[5, 3]",0.625,False,0.30235153,0.06128664,0.25333624,True
19,3,14,C4,0.08892144,-0.08665093,0.11122579,0.625,0.625,"[5, 3]",0.625,False,0.30235153,0.06128664,0.25333624,True
19,3,15,T3,0.13458195,0.13458195,0.14322069,0.625,0.625,"[5, 3]",0.625,False,0.30235153,0.06128664,0.25333624,True
19,3,16,T4,0.12735562,0.01757349,0.1488128,0.625,0.625,"[5, 3]",0.625,False,0.30235153,0.06128664,0.25333624,True
19,3,17,CP3,0.11778651,0.02217499,0.13774949,0.625,0.625,"[5, 3]",0.625,False,0.30235153,0.06128664,0.25333624,True
19,3,18,CP4,0.13389243,0.04681679,0.14549004,0.625,0.625,"[5, 3]",0.625,False,0.30235153,0.06128664,0.25333624,True
19,3,19,TP7,0.10277922,-0.02562288,0.10831794,0.625,0.625,"[5, 3]",0.625,False,0.30235153,0.06128664,0.25333624,True
19,3,20,TP8,0.11390229,-0.05661431,0.13302518,0.625,0.625,"[5, 3]",0.625,False,0.30235153,0.06128664,0.25333624,True
19,3,21,Pz,0.17473456,-0.00379168,0.17544754,0.625,0.625,"[5, 3]",0.625,False,0.30235153,0.06128664,0.25333624,True
19,3,22,P3,0.09205619,0.09205619,0.09885875,0.625,0.625,"[5, 3]",0.625,False,0.30235153,0.06128664,0.25333624,True
19,3,23,P4,0.11037412,-0.08959909,0.12151714,0.625,0.625,"[5, 3]",0.625,False,0.30235153,0.06128664,0.25333624,True
19,3,24,T5,0.11345165,0.07381421,0.12234049,0.625,0.625,"[5, 3]",0.625,False,0.30235153,0.06128664,0.25333624,True
19,3,25,T6,0.07303339,-0.07132325,0.09207666,0.625,0.625,"[5, 3]",0.625,False,0.30235153,0.06128664,0.25333624,True
19,3,26,Oz,0.06856511,0.02481318,0.07467818,0.625,0.625,"[5, 3]",0.625,False,0.30235153,0.06128664,0.25333624,True
19,3,27,O1,0.11030838,0.04951237,0.12380455,0.625,0.625,"[5, 3]",0.625,False,0.30235153,0.06128664,0.25333624,True
19,3,28,O2,0.1427217,-0.05061017,0.15311617,0.625,0.625,"[5, 3]",0.625,False,0.30235153,0.06128664,0.25333624,True
19,4,0,Fp1,0.07032707,-0.07032707,0.08768352,0.875,0.875,"[3, 5]",0.625,False,0.47057406,0.10405517,0.39428761,True
19,4,1,Fp2,0.06850374,0.06105447,0.08396233,0.875,0.875,"[3, 5]",0.625,False,0.47057406,0.10405517,0.39428761,True
19,4,2,Fz,0.09265394,-0.09265394,0.09519952,0.875,0.875,"[3, 5]",0.625,False,0.47057406,0.10405517,0.39428761,True
19,4,3,F3,0.06758811,0.05208225,0.08129742,0.875,0.875,"[3, 5]",0.625,False,0.47057406,0.10405517,0.39428761,True
19,4,4,F4,0.07285532,0.02696606,0.08658478,0.875,0.875,"[3, 5]",0.625,False,0.47057406,0.10405517,0.39428761,True
19,4,5,F7,0.11915126,0.11915126,0.13195756,0.875,0.875,"[3, 5]",0.625,False,0.47057406,0.10405517,0.39428761,True
19,4,6,F8,0.05898923,-0.03438712,0.06349082,0.875,0.875,"[3, 5]",0.625,False,0.47057406,0.10405517,0.39428761,True
19,4,7,FCz,0.08496121,0.08496121,0.09620892,0.875,0.875,"[3, 5]",0.625,False,0.47057406,0.10405517,0.39428761,True
19,4,8,FC3,0.05708454,-0.01851435,0.06873831,0.875,0.875,"[3, 5]",0.625,False,0.47057406,0.10405517,0.39428761,True
19,4,9,FC4,0.04084066,-0.01950664,0.06207485,0.875,0.875,"[3, 5]",0.625,False,0.47057406,0.10405517,0.39428761,True
19,4,10,FT7,0.05395535,0.00307266,0.07614286,0.875,0.875,"[3, 5]",0.625,False,0.47057406,0.10405517,0.39428761,True
19,4,11,FT8,0.12746695,-0.00631073,0.14180559,0.875,0.875,"[3, 5]",0.625,False,0.47057406,0.10405517,0.39428761,True
19,4,12,Cz,0.07641433,0.07365106,0.0920749,0.875,0.875,"[3, 5]",0.625,False,0.47057406,0.10405517,0.39428761,True
19,4,13,C3,0.11177258,0.08468471,0.12065943,0.875,0.875,"[3, 5]",0.625,False,0.47057406,0.10405517,0.39428761,True
19,4,14,C4,0.13020331,-0.11789379,0.14637785,0.875,0.875,"[3, 5]",0.625,False,0.47057406,0.10405517,0.39428761,True
19,4,15,T3,0.10289524,0.10289524,0.11269484,0.875,0.875,"[3, 5]",0.625,False,0.47057406,0.10405517,0.39428761,True
19,4,16,T4,0.11461797,0.0014933,0.1417146,0.875,0.875,"[3, 5]",0.625,False,0.47057406,0.10405517,0.39428761,True
19,4,17,CP3,0.16051683,0.02938285,0.17597844,0.875,0.875,"[3, 5]",0.625,False,0.47057406,0.10405517,0.39428761,True
19,4,18,CP4,0.14484562,0.05416245,0.14727816,0.875,0.875,"[3, 5]",0.625,False,0.47057406,0.10405517,0.39428761,True
19,4,19,TP7,0.08830615,-0.0061879,0.09234551,0.875,0.875,"[3, 5]",0.625,False,0.47057406,0.10405517,0.39428761,True
19,4,20,TP8,0.09584351,-0.06419268,0.11965837,0.875,0.875,"[3, 5]",0.625,False,0.47057406,0.10405517,0.39428761,True
19,4,21,Pz,0.19761439,0.04611889,0.20393866,0.875,0.875,"[3, 5]",0.625,False,0.47057406,0.10405517,0.39428761,True
19,4,22,P3,0.08945881,0.08945881,0.10099597,0.875,0.875,"[3, 5]",0.625,False,0.47057406,0.10405517,0.39428761,True
19,4,23,P4,0.14134979,-0.12228999,0.1575661,0.875,0.875,"[3, 5]",0.625,False,0.47057406,0.10405517,0.39428761,True
19,4,24,T5,0.10052007,0.08595359,0.1140165,0.875,0.875,"[3, 5]",0.625,False,0.47057406,0.10405517,0.39428761,True
19,4,25,T6,0.06239965,-0.0599884,0.08361898,0.875,0.875,"[3, 5]",0.625,False,0.47057406,0.10405517,0.39428761,True
19,4,26,Oz,0.04641099,0.01971776,0.05304571,0.875,0.875,"[3, 5]",0.625,False,0.47057406,0.10405517,0.39428761,True
19,4,27,O1,0.09986616,0.02880203,0.11817364,0.875,0.875,"[3, 5]",0.625,False,0.47057406,0.10405517,0.39428761,True
19,4,28,O2,0.12960403,-0.06211706,0.15082011,0.875,0.875,"[3, 5]",0.625,False,0.47057406,0.10405517,0.39428761,True
19,5,0,Fp1,0.05443387,-0.05443387,0.06880724,0.625,0.625,"[5, 3]",0.625,False,1.07685826,0.26999065,0.9022849,True
19,5,1,Fp2,0.05422013,0.03869841,0.0597779,0.625,0.625,"[5, 3]",0.625,False,1.07685826,0.26999065,0.9022849,True
19,5,2,Fz,0.06690262,-0.06457227,0.09554047,0.625,0.625,"[5, 3]",0.625,False,1.07685826,0.26999065,0.9022849,True
19,5,3,F3,0.06398369,0.06398369,0.06513754,0.625,0.625,"[5, 3]",0.625,False,1.07685826,0.26999065,0.9022849,True
19,5,4,F4,0.06086285,0.03826682,0.07674672,0.625,0.625,"[5, 3]",0.625,False,1.07685826,0.26999065,0.9022849,True
19,5,5,F7,0.04722277,0.03078524,0.06405763,0.625,0.625,"[5, 3]",0.625,False,1.07685826,0.26999065,0.9022849,True
19,5,6,F8,0.03060079,0.00512336,0.03669599,0.625,0.625,"[5, 3]",0.625,False,1.07685826,0.26999065,0.9022849,True
19,5,7,FCz,0.12731035,0.12731035,0.13233736,0.625,0.625,"[5, 3]",0.625,False,1.07685826,0.26999065,0.9022849,True
19,5,8,FC3,0.12978199,-0.12978199,0.13186976,0.625,0.625,"[5, 3]",0.625,False,1.07685826,0.26999065,0.9022849,True
19,5,9,FC4,0.10682184,-0.03130835,0.12332156,0.625,0.625,"[5, 3]",0.625,False,1.07685826,0.26999065,0.9022849,True
19,5,10,FT7,0.10127634,0.04173712,0.12298166,0.625,0.625,"[5, 3]",0.625,False,1.07685826,0.26999065,0.9022849,True
19,5,11,FT8,0.16735163,-0.06792303,0.18260822,0.625,0.625,"[5, 3]",0.625,False,1.07685826,0.26999065,0.9022849,True
19,5,12,Cz,0.04417129,0.04417129,0.04589625,0.625,0.625,"[5, 3]",0.625,False,1.07685826,0.26999065,0.9022849,True
19,5,13,C3,0.05530432,0.05530432,0.0747635,0.625,0.625,"[5, 3]",0.625,False,1.07685826,0.26999065,0.9022849,True
19,5,14,C4,0.1914928,-0.16463158,0.21837164,0.625,0.625,"[5, 3]",0.625,False,1.07685826,0.26999065,0.9022849,True
19,5,15,T3,0.11997315,0.11997315,0.15190312,0.625,0.625,"[5, 3]",0.625,False,1.07685826,0.26999065,0.9022849,True
19,5,16,T4,0.12678385,0.05975652,0.13196981,0.625,0.625,"[5, 3]",0.625,False,1.07685826,0.26999065,0.9022849,True
19,5,17,CP3,0.17969388,-0.0479141,0.20216058,0.625,0.625,"[5, 3]",0.625,False,1.07685826,0.26999065,0.9022849,True
19,5,18,CP4,0.12555332,0.01308192,0.14513883,0.625,0.625,"[5, 3]",0.625,False,1.07685826,0.26999065,0.9022849,True
19,5,19,TP7,0.07210492,-0.0486024,0.08145271,0.625,0.625,"[5, 3]",0.625,False,1.07685826,0.26999065,0.9022849,True
19,5,20,TP8,0.11512232,0.08915234,0.13204521,0.625,0.625,"[5, 3]",0.625,False,1.07685826,0.26999065,0.9022849,True
19,5,21,Pz,0.14960119,0.08058984,0.17350364,0.625,0.625,"[5, 3]",0.625,False,1.07685826,0.26999065,0.9022849,True
19,5,22,P3,0.07030525,0.05472235,0.09250006,0.625,0.625,"[5, 3]",0.625,False,1.07685826,0.26999065,0.9022849,True
19,5,23,P4,0.14594901,-0.14594901,0.15915273,0.625,0.625,"[5, 3]",0.625,False,1.07685826,0.26999065,0.9022849,True
19,5,24,T5,0.08368944,0.0662336,0.09220403,0.625,0.625,"[5, 3]",0.625,False,1.07685826,0.26999065,0.9022849,True
19,5,25,T6,0.11554553,-0.06584715,0.13576834,0.625,0.625,"[5, 3]",0.625,False,1.07685826,0.26999065,0.9022849,True
19,5,26,Oz,0.04793679,0.00781124,0.0591551,0.625,0.625,"[5, 3]",0.625,False,1.07685826,0.26999065,0.9022849,True
19,5,27,O1,0.09831972,0.04310395,0.10980212,0.625,0.625,"[5, 3]",0.625,False,1.07685826,0.26999065,0.9022849,True
19,5,28,O2,0.04796164,-0.04796164,0.07037368,0.625,0.625,"[5, 3]",0.625,False,1.07685826,0.26999065,0.9022849,True
20,1,0,Fp1,0.04100192,-0.00244713,0.04283409,0.75,0.75,"[6, 2]",0.75,False,1.30467639,0.41884501,1.09317061,True
20,1,1,Fp2,0.04774061,0.04664896,0.06513657,0.75,0.75,"[6, 2]",0.75,False,1.30467639,0.41884501,1.09317061,True
20,1,2,Fz,0.20912501,-0.20912501,0.21524413,0.75,0.75,"[6, 2]",0.75,False,1.30467639,0.41884501,1.09317061,True
20,1,3,F3,0.13797855,-0.10779867,0.15958044,0.75,0.75,"[6, 2]",0.75,False,1.30467639,0.41884501,1.09317061,True
20,1,4,F4,0.19624451,0.19624451,0.22132847,0.75,0.75,"[6, 2]",0.75,False,1.30467639,0.41884501,1.09317061,True
20,1,5,F7,0.0896131,0.0896131,0.10044863,0.75,0.75,"[6, 2]",0.75,False,1.30467639,0.41884501,1.09317061,True
20,1,6,F8,0.10433002,-0.05101825,0.12406107,0.75,0.75,"[6, 2]",0.75,False,1.30467639,0.41884501,1.09317061,True
20,1,7,FCz,0.03304623,0.01066101,0.03907786,0.75,0.75,"[6, 2]",0.75,False,1.30467639,0.41884501,1.09317061,True
20,1,8,FC3,0.12474351,0.12474351,0.14539844,0.75,0.75,"[6, 2]",0.75,False,1.30467639,0.41884501,1.09317061,True
20,1,9,FC4,0.09566928,0.0062329,0.09737284,0.75,0.75,"[6, 2]",0.75,False,1.30467639,0.41884501,1.09317061,True
20,1,10,FT7,0.05431851,-0.02315468,0.06600291,0.75,0.75,"[6, 2]",0.75,False,1.30467639,0.41884501,1.09317061,True
20,1,11,FT8,0.06323346,0.0357261,0.07332311,0.75,0.75,"[6, 2]",0.75,False,1.30467639,0.41884501,1.09317061,True
20,1,12,Cz,0.15708169,0.15708169,0.15933649,0.75,0.75,"[6, 2]",0.75,False,1.30467639,0.41884501,1.09317061,True
20,1,13,C3,0.0688543,0.0688543,0.12204885,0.75,0.75,"[6, 2]",0.75,False,1.30467639,0.41884501,1.09317061,True
20,1,14,C4,0.1388215,-0.09794389,0.16057837,0.75,0.75,"[6, 2]",0.75,False,1.30467639,0.41884501,1.09317061,True
20,1,15,T3,0.05635841,-0.00906785,0.05830079,0.75,0.75,"[6, 2]",0.75,False,1.30467639,0.41884501,1.09317061,True
20,1,16,T4,0.08584565,-0.03131833,0.09423528,0.75,0.75,"[6, 2]",0.75,False,1.30467639,0.41884501,1.09317061,True
20,1,17,CP3,0.10114796,-0.01458116,0.10804991,0.75,0.75,"[6, 2]",0.75,False,1.30467639,0.41884501,1.09317061,True
20,1,18,CP4,0.16375226,0.13172954,0.17827007,0.75,0.75,"[6, 2]",0.75,False,1.30467639,0.41884501,1.09317061,True
20,1,19,TP7,0.15988283,-0.13830225,0.18745807,0.75,0.75,"[6, 2]",0.75,False,1.30467639,0.41884501,1.09317061,True
20,1,20,TP8,0.05591023,0.04860205,0.08020042,0.75,0.75,"[6, 2]",0.75,False,1.30467639,0.41884501,1.09317061,True
20,1,21,Pz,0.1689004,-0.06985294,0.19131249,0.75,0.75,"[6, 2]",0.75,False,1.30467639,0.41884501,1.09317061,True
20,1,22,P3,0.09728743,0.05872955,0.13458703,0.75,0.75,"[6, 2]",0.75,False,1.30467639,0.41884501,1.09317061,True
20,1,23,P4,0.04570564,-0.04383409,0.05525524,0.75,0.75,"[6, 2]",0.75,False,1.30467639,0.41884501,1.09317061,True
20,1,24,T5,0.15359031,0.10064954,0.1810877,0.75,0.75,"[6, 2]",0.75,False,1.30467639,0.41884501,1.09317061,True
20,1,25,T6,0.06307025,-0.05640461,0.07700438,0.75,0.75,"[6, 2]",0.75,False,1.30467639,0.41884501,1.09317061,True
20,1,26,Oz,0.08611717,0.08611717,0.09176097,0.75,0.75,"[6, 2]",0.75,False,1.30467639,0.41884501,1.09317061,True
20,1,27,O1,0.05894197,-0.00397784,0.06814022,0.75,0.75,"[6, 2]",0.75,False,1.30467639,0.41884501,1.09317061,True
20,1,28,O2,0.07859181,-0.02853347,0.08673615,0.75,0.75,"[6, 2]",0.75,False,1.30467639,0.41884501,1.09317061,True
20,2,0,Fp1,0.10944098,-0.09484465,0.121998,0.375,0.375,"[1, 7]",0.875,False,0.01409398,0.00223415,0.01180915,True
20,2,1,Fp2,0.07863718,0.06276645,0.09618218,0.375,0.375,"[1, 7]",0.875,False,0.01409398,0.00223415,0.01180915,True
20,2,2,Fz,0.10378874,-0.09731259,0.11678747,0.375,0.375,"[1, 7]",0.875,False,0.01409398,0.00223415,0.01180915,True
20,2,3,F3,0.08821099,0.02849881,0.09490855,0.375,0.375,"[1, 7]",0.875,False,0.01409398,0.00223415,0.01180915,True
20,2,4,F4,0.09825316,0.01389668,0.10798039,0.375,0.375,"[1, 7]",0.875,False,0.01409398,0.00223415,0.01180915,True
20,2,5,F7,0.08486131,0.08201663,0.09847939,0.375,0.375,"[1, 7]",0.875,False,0.01409398,0.00223415,0.01180915,True
20,2,6,F8,0.07849605,-0.02911052,0.07958388,0.375,0.375,"[1, 7]",0.875,False,0.01409398,0.00223415,0.01180915,True
20,2,7,FCz,0.09974697,0.09974697,0.11481539,0.375,0.375,"[1, 7]",0.875,False,0.01409398,0.00223415,0.01180915,True
20,2,8,FC3,0.03220162,0.00629653,0.03856954,0.375,0.375,"[1, 7]",0.875,False,0.01409398,0.00223415,0.01180915,True
20,2,9,FC4,0.0571137,-0.0571137,0.07596135,0.375,0.375,"[1, 7]",0.875,False,0.01409398,0.00223415,0.01180915,True
20,2,10,FT7,0.09077596,-0.05938137,0.10458325,0.375,0.375,"[1, 7]",0.875,False,0.01409398,0.00223415,0.01180915,True
20,2,11,FT8,0.07963046,-0.00352553,0.09614521,0.375,0.375,"[1, 7]",0.875,False,0.01409398,0.00223415,0.01180915,True
20,2,12,Cz,0.07666489,0.07617814,0.09233247,0.375,0.375,"[1, 7]",0.875,False,0.01409398,0.00223415,0.01180915,True
20,2,13,C3,0.11456634,0.07276089,0.11682184,0.375,0.375,"[1, 7]",0.875,False,0.01409398,0.00223415,0.01180915,True
20,2,14,C4,0.08584119,-0.07481627,0.096227,0.375,0.375,"[1, 7]",0.875,False,0.01409398,0.00223415,0.01180915,True
20,2,15,T3,0.12680954,0.12680954,0.1320754,0.375,0.375,"[1, 7]",0.875,False,0.01409398,0.00223415,0.01180915,True
20,2,16,T4,0.12255487,0.01270388,0.13498783,0.375,0.375,"[1, 7]",0.875,False,0.01409398,0.00223415,0.01180915,True
20,2,17,CP3,0.12141412,0.03273582,0.13936414,0.375,0.375,"[1, 7]",0.875,False,0.01409398,0.00223415,0.01180915,True
20,2,18,CP4,0.1102746,0.03432301,0.12719692,0.375,0.375,"[1, 7]",0.875,False,0.01409398,0.00223415,0.01180915,True
20,2,19,TP7,0.08473866,-0.0198038,0.0950769,0.375,0.375,"[1, 7]",0.875,False,0.01409398,0.00223415,0.01180915,True
20,2,20,TP8,0.08889374,-0.06049777,0.10875746,0.375,0.375,"[1, 7]",0.875,False,0.01409398,0.00223415,0.01180915,True
20,2,21,Pz,0.15273258,0.00602194,0.15290476,0.375,0.375,"[1, 7]",0.875,False,0.01409398,0.00223415,0.01180915,True
20,2,22,P3,0.10737757,0.10737757,0.11659551,0.375,0.375,"[1, 7]",0.875,False,0.01409398,0.00223415,0.01180915,True
20,2,23,P4,0.10482768,-0.09388278,0.11722128,0.375,0.375,"[1, 7]",0.875,False,0.01409398,0.00223415,0.01180915,True
20,2,24,T5,0.10458523,0.07177791,0.11372561,0.375,0.375,"[1, 7]",0.875,False,0.01409398,0.00223415,0.01180915,True
20,2,25,T6,0.08188359,-0.06306861,0.09325676,0.375,0.375,"[1, 7]",0.875,False,0.01409398,0.00223415,0.01180915,True
20,2,26,Oz,0.07687586,0.04075362,0.0792562,0.375,0.375,"[1, 7]",0.875,False,0.01409398,0.00223415,0.01180915,True
20,2,27,O1,0.12189415,0.05542653,0.13266897,0.375,0.375,"[1, 7]",0.875,False,0.01409398,0.00223415,0.01180915,True
20,2,28,O2,0.1440821,-0.0251827,0.14702739,0.375,0.375,"[1, 7]",0.875,False,0.01409398,0.00223415,0.01180915,True
20,3,0,Fp1,0.10976528,-0.09504493,0.12236325,0.5,0.5,"[0, 8]",1.0,True,0.01445471,0.00233395,0.01211141,True
20,3,1,Fp2,0.07837401,0.0626344,0.09602448,0.5,0.5,"[0, 8]",1.0,True,0.01445471,0.00233395,0.01211141,True
20,3,2,Fz,0.10352182,-0.0978068,0.11689843,0.5,0.5,"[0, 8]",1.0,True,0.01445471,0.00233395,0.01211141,True
20,3,3,F3,0.08821585,0.02856389,0.09490032,0.5,0.5,"[0, 8]",1.0,True,0.01445471,0.00233395,0.01211141,True
20,3,4,F4,0.09810504,0.01355328,0.10798261,0.5,0.5,"[0, 8]",1.0,True,0.01445471,0.00233395,0.01211141,True
20,3,5,F7,0.08430742,0.0820774,0.09826848,0.5,0.5,"[0, 8]",1.0,True,0.01445471,0.00233395,0.01211141,True
20,3,6,F8,0.07835579,-0.0289045,0.07947425,0.5,0.5,"[0, 8]",1.0,True,0.01445471,0.00233395,0.01211141,True
20,3,7,FCz,0.09907652,0.09907652,0.11428891,0.5,0.5,"[0, 8]",1.0,True,0.01445471,0.00233395,0.01211141,True
20,3,8,FC3,0.03176276,0.006086,0.03838116,0.5,0.5,"[0, 8]",1.0,True,0.01445471,0.00233395,0.01211141,True
20,3,9,FC4,0.0573611,-0.0573611,0.07599237,0.5,0.5,"[0, 8]",1.0,True,0.01445471,0.00233395,0.01211141,True
20,3,10,FT7,0.09037181,-0.05841105,0.10426159,0.5,0.5,"[0, 8]",1.0,True,0.01445471,0.00233395,0.01211141,True
20,3,11,FT8,0.07899567,-0.0027185,0.09593697,0.5,0.5,"[0, 8]",1.0,True,0.01445471,0.00233395,0.01211141,True
20,3,12,Cz,0.07578332,0.07445643,0.09111523,0.5,0.5,"[0, 8]",1.0,True,0.01445471,0.00233395,0.01211141,True
20,3,13,C3,0.11432408,0.07155089,0.11646239,0.5,0.5,"[0, 8]",1.0,True,0.01445471,0.00233395,0.01211141,True
20,3,14,C4,0.08631931,-0.07516623,0.09660693,0.5,0.5,"[0, 8]",1.0,True,0.01445471,0.00233395,0.01211141,True
20,3,15,T3,0.12746456,0.12746456,0.13258305,0.5,0.5,"[0, 8]",1.0,True,0.01445471,0.00233395,0.01211141,True
20,3,16,T4,0.12302895,0.01392213,0.13525826,0.5,0.5,"[0, 8]",1.0,True,0.01445471,0.00233395,0.01211141,True
20,3,17,CP3,0.12129151,0.03229827,0.13925202,0.5,0.5,"[0, 8]",1.0,True,0.01445471,0.00233395,0.01211141,True
20,3,18,CP4,0.10972331,0.03385552,0.12665114,0.5,0.5,"[0, 8]",1.0,True,0.01445471,0.00233395,0.01211141,True
20,3,19,TP7,0.08514001,-0.01888958,0.09529624,0.5,0.5,"[0, 8]",1.0,True,0.01445471,0.00233395,0.01211141,True
20,3,20,TP8,0.08788589,-0.05994615,0.10772134,0.5,0.5,"[0, 8]",1.0,True,0.01445471,0.00233395,0.01211141,True
20,3,21,Pz,0.1527873,0.00553139,0.15293485,0.5,0.5,"[0, 8]",1.0,True,0.01445471,0.00233395,0.01211141,True
20,3,22,P3,0.10722332,0.10722332,0.11641985,0.5,0.5,"[0, 8]",1.0,True,0.01445471,0.00233395,0.01211141,True
20,3,23,P4,0.10476141,-0.09400487,0.11724886,0.5,0.5,"[0, 8]",1.0,True,0.01445471,0.00233395,0.01211141,True
20,3,24,T5,0.1050753,0.07226105,0.11436725,0.5,0.5,"[0, 8]",1.0,True,0.01445471,0.00233395,0.01211141,True
20,3,25,T6,0.08222947,-0.06248539,0.09343217,0.5,0.5,"[0, 8]",1.0,True,0.01445471,0.00233395,0.01211141,True
20,3,26,Oz,0.07704766,0.04092245,0.07935453,0.5,0.5,"[0, 8]",1.0,True,0.01445471,0.00233395,0.01211141,True
20,3,27,O1,0.12152578,0.05515198,0.13227051,0.5,0.5,"[0, 8]",1.0,True,0.01445471,0.00233395,0.01211141,True
20,3,28,O2,0.14404248,-0.02470471,0.14701238,0.5,0.5,"[0, 8]",1.0,True,0.01445471,0.00233395,0.01211141,True
20,4,0,Fp1,0.05802327,-0.03187121,0.07840092,0.875,0.875,"[5, 3]",0.625,False,1.22080389,0.34704061,1.02289499,True
20,4,1,Fp2,0.06795062,0.0321223,0.08097868,0.875,0.875,"[5, 3]",0.625,False,1.22080389,0.34704061,1.02289499,True
20,4,2,Fz,0.11455916,-0.11455916,0.12595238,0.875,0.875,"[5, 3]",0.625,False,1.22080389,0.34704061,1.02289499,True
20,4,3,F3,0.08603433,-0.0356578,0.10965288,0.875,0.875,"[5, 3]",0.625,False,1.22080389,0.34704061,1.02289499,True
20,4,4,F4,0.10284122,0.10284122,0.11068058,0.875,0.875,"[5, 3]",0.625,False,1.22080389,0.34704061,1.02289499,True
20,4,5,F7,0.07177718,0.07177718,0.09472738,0.875,0.875,"[5, 3]",0.625,False,1.22080389,0.34704061,1.02289499,True
20,4,6,F8,0.11425544,0.07290207,0.14103331,0.875,0.875,"[5, 3]",0.625,False,1.22080389,0.34704061,1.02289499,True
20,4,7,FCz,0.07798525,0.07798525,0.0860518,0.875,0.875,"[5, 3]",0.625,False,1.22080389,0.34704061,1.02289499,True
20,4,8,FC3,0.05452038,-0.02267261,0.05959115,0.875,0.875,"[5, 3]",0.625,False,1.22080389,0.34704061,1.02289499,True
20,4,9,FC4,0.07422138,-0.06055265,0.08634344,0.875,0.875,"[5, 3]",0.625,False,1.22080389,0.34704061,1.02289499,True
20,4,10,FT7,0.04944003,0.04922163,0.06486992,0.875,0.875,"[5, 3]",0.625,False,1.22080389,0.34704061,1.02289499,True
20,4,11,FT8,0.06908769,0.01380629,0.08136671,0.875,0.875,"[5, 3]",0.625,False,1.22080389,0.34704061,1.02289499,True
20,4,12,Cz,0.09733809,0.06187659,0.10151888,0.875,0.875,"[5, 3]",0.625,False,1.22080389,0.34704061,1.02289499,True
20,4,13,C3,0.06958604,0.06462382,0.10705077,0.875,0.875,"[5, 3]",0.625,False,1.22080389,0.34704061,1.02289499,True
20,4,14,C4,0.12454651,-0.05810655,0.13901921,0.875,0.875,"[5, 3]",0.625,False,1.22080389,0.34704061,1.02289499,True
20,4,15,T3,0.04937356,0.04370012,0.05509245,0.875,0.875,"[5, 3]",0.625,False,1.22080389,0.34704061,1.02289499,True
20,4,16,T4,0.15066171,-0.10250176,0.18738134,0.875,0.875,"[5, 3]",0.625,False,1.22080389,0.34704061,1.02289499,True
20,4,17,CP3,0.12062071,0.12062071,0.14992926,0.875,0.875,"[5, 3]",0.625,False,1.22080389,0.34704061,1.02289499,True
20,4,18,CP4,0.10610788,0.09655995,0.13977706,0.875,0.875,"[5, 3]",0.625,False,1.22080389,0.34704061,1.02289499,True
20,4,19,TP7,0.21440521,-0.15332001,0.22670789,0.875,0.875,"[5, 3]",0.625,False,1.22080389,0.34704061,1.02289499,True
20,4,20,TP8,0.07326991,0.01848569,0.09226494,0.875,0.875,"[5, 3]",0.625,False,1.22080389,0.34704061,1.02289499,True
20,4,21,Pz,0.16740924,-0.10237608,0.2011366,0.875,0.875,"[5, 3]",0.625,False,1.22080389,0.34704061,1.02289499,True
20,4,22,P3,0.11239491,0.08055247,0.13499597,0.875,0.875,"[5, 3]",0.625,False,1.22080389,0.34704061,1.02289499,True
20,4,23,P4,0.05494671,-0.03914098,0.07298714,0.875,0.875,"[5, 3]",0.625,False,1.22080389,0.34704061,1.02289499,True
20,4,24,T5,0.10988002,0.0116142,0.1303463,0.875,0.875,"[5, 3]",0.625,False,1.22080389,0.34704061,1.02289499,True
20,4,25,T6,0.0859957,-0.07528876,0.10341707,0.875,0.875,"[5, 3]",0.625,False,1.22080389,0.34704061,1.02289499,True
20,4,26,Oz,0.07817396,0.07817396,0.08123338,0.875,0.875,"[5, 3]",0.625,False,1.22080389,0.34704061,1.02289499,True
20,4,27,O1,0.11437633,-0.01195928,0.12580803,0.875,0.875,"[5, 3]",0.625,False,1.22080389,0.34704061,1.02289499,True
20,4,28,O2,0.11770714,0.08423591,0.12785685,0.875,0.875,"[5, 3]",0.625,False,1.22080389,0.34704061,1.02289499,True
20,5,0,Fp1,0.03799883,0.01850574,0.0564038,0.875,0.875,"[5, 3]",0.625,False,1.44752444,0.48132999,1.21286105,True
20,5,1,Fp2,0.04571689,-0.00872734,0.0562535,0.875,0.875,"[5, 3]",0.625,False,1.44752444,0.48132999,1.21286105,True
20,5,2,Fz,0.10811254,-0.10811254,0.11094268,0.875,0.875,"[5, 3]",0.625,False,1.44752444,0.48132999,1.21286105,True
20,5,3,F3,0.13066098,-0.07455285,0.15151478,0.875,0.875,"[5, 3]",0.625,False,1.44752444,0.48132999,1.21286105,True
20,5,4,F4,0.2318823,0.2318823,0.23978265,0.875,0.875,"[5, 3]",0.625,False,1.44752444,0.48132999,1.21286105,True
20,5,5,F7,0.05971503,0.03545071,0.09082703,0.875,0.875,"[5, 3]",0.625,False,1.44752444,0.48132999,1.21286105,True
20,5,6,F8,0.07333511,0.0119236,0.0940157,0.875,0.875,"[5, 3]",0.625,False,1.44752444,0.48132999,1.21286105,True
20,5,7,FCz,0.04531723,0.00165387,0.05579558,0.875,0.875,"[5, 3]",0.625,False,1.44752444,0.48132999,1.21286105,True
20,5,8,FC3,0.07334141,0.00920924,0.0815203,0.875,0.875,"[5, 3]",0.625,False,1.44752444,0.48132999,1.21286105,True
20,5,9,FC4,0.0996161,0.02515372,0.10962122,0.875,0.875,"[5, 3]",0.625,False,1.44752444,0.48132999,1.21286105,True
20,5,10,FT7,0.0751716,0.0751716,0.07620514,0.875,0.875,"[5, 3]",0.625,False,1.44752444,0.48132999,1.21286105,True
20,5,11,FT8,0.06178259,-0.0326402,0.06767665,0.875,0.875,"[5, 3]",0.625,False,1.44752444,0.48132999,1.21286105,True
20,5,12,Cz,0.16931485,0.16931485,0.17317924,0.875,0.875,"[5, 3]",0.625,False,1.44752444,0.48132999,1.21286105,True
20,5,13,C3,0.0785822,0.0785822,0.09873527,0.875,0.875,"[5, 3]",0.625,False,1.44752444,0.48132999,1.21286105,True
20,5,14,C4,0.22973076,-0.22973076,0.24249716,0.875,0.875,"[5, 3]",0.625,False,1.44752444,0.48132999,1.21286105,True
20,5,15,T3,0.04395567,0.02638556,0.04481623,0.875,0.875,"[5, 3]",0.625,False,1.44752444,0.48132999,1.21286105,True
20,5,16,T4,0.0793101,0.00566382,0.09379066,0.875,0.875,"[5, 3]",0.625,False,1.44752444,0.48132999,1.21286105,True
20,5,17,CP3,0.10595616,0.01153368,0.12498592,0.875,0.875,"[5, 3]",0.625,False,1.44752444,0.48132999,1.21286105,True
20,5,18,CP4,0.191962,0.191962,0.21897475,0.875,0.875,"[5, 3]",0.625,False,1.44752444,0.48132999,1.21286105,True
20,5,19,TP7,0.15332311,-0.15332311,0.17610106,0.875,0.875,"[5, 3]",0.625,False,1.44752444,0.48132999,1.21286105,True
20,5,20,TP8,0.0399563,0.00883026,0.05382245,0.875,0.875,"[5, 3]",0.625,False,1.44752444,0.48132999,1.21286105,True
20,5,21,Pz,0.20586777,-0.1148328,0.23003101,0.875,0.875,"[5, 3]",0.625,False,1.44752444,0.48132999,1.21286105,True
20,5,22,P3,0.13784711,0.03750081,0.14849414,0.875,0.875,"[5, 3]",0.625,False,1.44752444,0.48132999,1.21286105,True
20,5,23,P4,0.05403991,-0.0173382,0.05614188,0.875,0.875,"[5, 3]",0.625,False,1.44752444,0.48132999,1.21286105,True
20,5,24,T5,0.15868071,0.15868071,0.1837244,0.875,0.875,"[5, 3]",0.625,False,1.44752444,0.48132999,1.21286105,True
20,5,25,T6,0.06238817,-0.06126589,0.0735011,0.875,0.875,"[5, 3]",0.625,False,1.44752444,0.48132999,1.21286105,True
20,5,26,Oz,0.03168761,0.03168761,0.03877986,0.875,0.875,"[5, 3]",0.625,False,1.44752444,0.48132999,1.21286105,True
20,5,27,O1,0.06054725,-0.02836236,0.06497318,0.875,0.875,"[5, 3]",0.625,False,1.44752444,0.48132999,1.21286105,True
20,5,28,O2,0.07382615,0.04166713,0.0787597,0.875,0.875,"[5, 3]",0.625,False,1.44752444,0.48132999,1.21286105,True
21,1,0,Fp1,0.09528612,-0.09528612,0.12039568,0.625,0.625,"[7, 1]",0.875,False,1.11038666,0.28126751,0.93037789,True
21,1,1,Fp2,0.05651484,0.05651484,0.06533824,0.625,0.625,"[7, 1]",0.875,False,1.11038666,0.28126751,0.93037789,True
21,1,2,Fz,0.08388837,-0.08388837,0.10733372,0.625,0.625,"[7, 1]",0.875,False,1.11038666,0.28126751,0.93037789,True
21,1,3,F3,0.09396724,0.0281637,0.10446599,0.625,0.625,"[7, 1]",0.875,False,1.11038666,0.28126751,0.93037789,True
21,1,4,F4,0.09045969,-0.0640175,0.09343383,0.625,0.625,"[7, 1]",0.875,False,1.11038666,0.28126751,0.93037789,True
21,1,5,F7,0.09946647,0.06983193,0.11342364,0.625,0.625,"[7, 1]",0.875,False,1.11038666,0.28126751,0.93037789,True
21,1,6,F8,0.09187809,0.09187809,0.11047494,0.625,0.625,"[7, 1]",0.875,False,1.11038666,0.28126751,0.93037789,True
21,1,7,FCz,0.15285268,0.15285268,0.16518398,0.625,0.625,"[7, 1]",0.875,False,1.11038666,0.28126751,0.93037789,True
21,1,8,FC3,0.0263354,-0.00235725,0.03597997,0.625,0.625,"[7, 1]",0.875,False,1.11038666,0.28126751,0.93037789,True
21,1,9,FC4,0.04833617,-0.02804921,0.05657317,0.625,0.625,"[7, 1]",0.875,False,1.11038666,0.28126751,0.93037789,True
21,1,10,FT7,0.05583585,0.00397372,0.0676889,0.625,0.625,"[7, 1]",0.875,False,1.11038666,0.28126751,0.93037789,True
21,1,11,FT8,0.07966606,-0.04874572,0.09430101,0.625,0.625,"[7, 1]",0.875,False,1.11038666,0.28126751,0.93037789,True
21,1,12,Cz,0.1109548,0.1109548,0.12060554,0.625,0.625,"[7, 1]",0.875,False,1.11038666,0.28126751,0.93037789,True
21,1,13,C3,0.16536729,0.02829446,0.18373278,0.625,0.625,"[7, 1]",0.875,False,1.11038666,0.28126751,0.93037789,True
21,1,14,C4,0.05125356,0.01627263,0.05454838,0.625,0.625,"[7, 1]",0.875,False,1.11038666,0.28126751,0.93037789,True
21,1,15,T3,0.09517996,0.09503464,0.11870808,0.625,0.625,"[7, 1]",0.875,False,1.11038666,0.28126751,0.93037789,True
21,1,16,T4,0.10401103,-0.05201562,0.10701908,0.625,0.625,"[7, 1]",0.875,False,1.11038666,0.28126751,0.93037789,True
21,1,17,CP3,0.14416583,0.00308681,0.17530474,0.625,0.625,"[7, 1]",0.875,False,1.11038666,0.28126751,0.93037789,True
21,1,18,CP4,0.14064234,0.01326303,0.14255893,0.625,0.625,"[7, 1]",0.875,False,1.11038666,0.28126751,0.93037789,True
21,1,19,TP7,0.02184075,0.01864069,0.03324437,0.625,0.625,"[7, 1]",0.875,False,1.11038666,0.28126751,0.93037789,True
21,1,20,TP8,0.12269484,0.04385593,0.13579419,0.625,0.625,"[7, 1]",0.875,False,1.11038666,0.28126751,0.93037789,True
21,1,21,Pz,0.13817152,-0.08652873,0.15366064,0.625,0.625,"[7, 1]",0.875,False,1.11038666,0.28126751,0.93037789,True
21,1,22,P3,0.03882559,0.02472926,0.04142758,0.625,0.625,"[7, 1]",0.875,False,1.11038666,0.28126751,0.93037789,True
21,1,23,P4,0.09728578,0.01361677,0.10965496,0.625,0.625,"[7, 1]",0.875,False,1.11038666,0.28126751,0.93037789,True
21,1,24,T5,0.03629453,0.03629453,0.04261135,0.625,0.625,"[7, 1]",0.875,False,1.11038666,0.28126751,0.93037789,True
21,1,25,T6,0.11060283,-0.05687207,0.12683277,0.625,0.625,"[7, 1]",0.875,False,1.11038666,0.28126751,0.93037789,True
21,1,26,Oz,0.18276809,0.18276809,0.19496982,0.625,0.625,"[7, 1]",0.875,False,1.11038666,0.28126751,0.93037789,True
21,1,27,O1,0.0370796,0.0370796,0.04760704,0.625,0.625,"[7, 1]",0.875,False,1.11038666,0.28126751,0.93037789,True
21,1,28,O2,0.13196449,-0.13196449,0.1721876,0.625,0.625,"[7, 1]",0.875,False,1.11038666,0.28126751,0.93037789,True
21,2,0,Fp1,0.1287013,-0.0928365,0.1379144,0.5,0.5,"[4, 4]",0.5,False,0.8441155,0.2352569,0.7072729,True
21,2,1,Fp2,0.02801879,0.01105357,0.03122575,0.5,0.5,"[4, 4]",0.5,False,0.8441155,0.2352569,0.7072729,True
21,2,2,Fz,0.12709074,-0.12709074,0.14119543,0.5,0.5,"[4, 4]",0.5,False,0.8441155,0.2352569,0.7072729,True
21,2,3,F3,0.10150528,0.05022193,0.11117947,0.5,0.5,"[4, 4]",0.5,False,0.8441155,0.2352569,0.7072729,True
21,2,4,F4,0.03642795,-0.0220054,0.05402553,0.5,0.5,"[4, 4]",0.5,False,0.8441155,0.2352569,0.7072729,True
21,2,5,F7,0.10777718,0.09968993,0.12243831,0.5,0.5,"[4, 4]",0.5,False,0.8441155,0.2352569,0.7072729,True
21,2,6,F8,0.0517665,0.04826888,0.07445939,0.5,0.5,"[4, 4]",0.5,False,0.8441155,0.2352569,0.7072729,True
21,2,7,FCz,0.09942514,0.09942514,0.10291654,0.5,0.5,"[4, 4]",0.5,False,0.8441155,0.2352569,0.7072729,True
21,2,8,FC3,0.01737928,0.00884229,0.02279529,0.5,0.5,"[4, 4]",0.5,False,0.8441155,0.2352569,0.7072729,True
21,2,9,FC4,0.0627975,-0.04798098,0.072968,0.5,0.5,"[4, 4]",0.5,False,0.8441155,0.2352569,0.7072729,True
21,2,10,FT7,0.06632672,-0.02264821,0.06763121,0.5,0.5,"[4, 4]",0.5,False,0.8441155,0.2352569,0.7072729,True
21,2,11,FT8,0.10336134,-0.02062589,0.11372374,0.5,0.5,"[4, 4]",0.5,False,0.8441155,0.2352569,0.7072729,True
21,2,12,Cz,0.09658808,0.09658808,0.11480058,0.5,0.5,"[4, 4]",0.5,False,0.8441155,0.2352569,0.7072729,True
21,2,13,C3,0.09619224,0.02318419,0.10770456,0.5,0.5,"[4, 4]",0.5,False,0.8441155,0.2352569,0.7072729,True
21,2,14,C4,0.07337584,0.03791238,0.08398259,0.5,0.5,"[4, 4]",0.5,False,0.8441155,0.2352569,0.7072729,True
21,2,15,T3,0.08711038,0.08711038,0.09806932,0.5,0.5,"[4, 4]",0.5,False,0.8441155,0.2352569,0.7072729,True
21,2,16,T4,0.13019122,0.04128169,0.14023554,0.5,0.5,"[4, 4]",0.5,False,0.8441155,0.2352569,0.7072729,True
21,2,17,CP3,0.1115802,0.00386049,0.14618114,0.5,0.5,"[4, 4]",0.5,False,0.8441155,0.2352569,0.7072729,True
21,2,18,CP4,0.15233171,0.03628908,0.16354245,0.5,0.5,"[4, 4]",0.5,False,0.8441155,0.2352569,0.7072729,True
21,2,19,TP7,0.06811625,0.05793716,0.08318085,0.5,0.5,"[4, 4]",0.5,False,0.8441155,0.2352569,0.7072729,True
21,2,20,TP8,0.06120895,-0.01078352,0.06929787,0.5,0.5,"[4, 4]",0.5,False,0.8441155,0.2352569,0.7072729,True
21,2,21,Pz,0.14007343,-0.0451763,0.14750838,0.5,0.5,"[4, 4]",0.5,False,0.8441155,0.2352569,0.7072729,True
21,2,22,P3,0.05251255,0.04200623,0.06779644,0.5,0.5,"[4, 4]",0.5,False,0.8441155,0.2352569,0.7072729,True
21,2,23,P4,0.10118464,-0.10118464,0.12084806,0.5,0.5,"[4, 4]",0.5,False,0.8441155,0.2352569,0.7072729,True
21,2,24,T5,0.05584098,-0.00164584,0.05942619,0.5,0.5,"[4, 4]",0.5,False,0.8441155,0.2352569,0.7072729,True
21,2,25,T6,0.16413641,-0.16413641,0.17414495,0.5,0.5,"[4, 4]",0.5,False,0.8441155,0.2352569,0.7072729,True
21,2,26,Oz,0.18406478,0.18406478,0.19921298,0.5,0.5,"[4, 4]",0.5,False,0.8441155,0.2352569,0.7072729,True
21,2,27,O1,0.10083044,0.05618328,0.12927511,0.5,0.5,"[4, 4]",0.5,False,0.8441155,0.2352569,0.7072729,True
21,2,28,O2,0.12851818,-0.09717696,0.15543348,0.5,0.5,"[4, 4]",0.5,False,0.8441155,0.2352569,0.7072729,True
21,3,0,Fp1,0.13249794,-0.13249794,0.15858498,0.625,0.625,"[5, 3]",0.625,False,0.6043551,0.1440817,0.50638092,True
21,3,1,Fp2,0.04920437,0.04920437,0.06257427,0.625,0.625,"[5, 3]",0.625,False,0.6043551,0.1440817,0.50638092,True
21,3,2,Fz,0.10138249,-0.10138249,0.10852341,0.625,0.625,"[5, 3]",0.625,False,0.6043551,0.1440817,0.50638092,True
21,3,3,F3,0.07915495,0.05560078,0.09844883,0.625,0.625,"[5, 3]",0.625,False,0.6043551,0.1440817,0.50638092,True
21,3,4,F4,0.05702782,-0.01739515,0.08218197,0.625,0.625,"[5, 3]",0.625,False,0.6043551,0.1440817,0.50638092,True
21,3,5,F7,0.11313947,0.11313947,0.12116504,0.625,0.625,"[5, 3]",0.625,False,0.6043551,0.1440817,0.50638092,True
21,3,6,F8,0.06235614,0.01206418,0.08537173,0.625,0.625,"[5, 3]",0.625,False,0.6043551,0.1440817,0.50638092,True
21,3,7,FCz,0.07946596,0.07946596,0.08459491,0.625,0.625,"[5, 3]",0.625,False,0.6043551,0.1440817,0.50638092,True
21,3,8,FC3,0.03155045,0.00737826,0.0381775,0.625,0.625,"[5, 3]",0.625,False,0.6043551,0.1440817,0.50638092,True
21,3,9,FC4,0.04541795,-0.00883728,0.04644665,0.625,0.625,"[5, 3]",0.625,False,0.6043551,0.1440817,0.50638092,True
21,3,10,FT7,0.07628455,-0.02221346,0.0812785,0.625,0.625,"[5, 3]",0.625,False,0.6043551,0.1440817,0.50638092,True
21,3,11,FT8,0.08552168,-0.0013076,0.09436601,0.625,0.625,"[5, 3]",0.625,False,0.6043551,0.1440817,0.50638092,True
21,3,12,Cz,0.06519344,0.06519344,0.06890777,0.625,0.625,"[5, 3]",0.625,False,0.6043551,0.1440817,0.50638092,True
21,3,13,C3,0.10368632,0.01846885,0.11699022,0.625,0.625,"[5, 3]",0.625,False,0.6043551,0.1440817,0.50638092,True
21,3,14,C4,0.05181299,0.00025871,0.06109565,0.625,0.625,"[5, 3]",0.625,False,0.6043551,0.1440817,0.50638092,True
21,3,15,T3,0.11408183,0.1129836,0.14381339,0.625,0.625,"[5, 3]",0.625,False,0.6043551,0.1440817,0.50638092,True
21,3,16,T4,0.06568188,-0.00611797,0.07300681,0.625,0.625,"[5, 3]",0.625,False,0.6043551,0.1440817,0.50638092,True
21,3,17,CP3,0.1369043,0.00426677,0.1450174,0.625,0.625,"[5, 3]",0.625,False,0.6043551,0.1440817,0.50638092,True
21,3,18,CP4,0.16079614,0.03046678,0.17647603,0.625,0.625,"[5, 3]",0.625,False,0.6043551,0.1440817,0.50638092,True
21,3,19,TP7,0.09255166,-0.06287974,0.11878895,0.625,0.625,"[5, 3]",0.625,False,0.6043551,0.1440817,0.50638092,True
21,3,20,TP8,0.0967485,-0.02894854,0.10472894,0.625,0.625,"[5, 3]",0.625,False,0.6043551,0.1440817,0.50638092,True
21,3,21,Pz,0.14723229,-0.04217565,0.15677984,0.625,0.625,"[5, 3]",0.625,False,0.6043551,0.1440817,0.50638092,True
21,3,22,P3,0.06717395,0.06717395,0.07095241,0.625,0.625,"[5, 3]",0.625,False,0.6043551,0.1440817,0.50638092,True
21,3,23,P4,0.0987665,-0.04647502,0.11159606,0.625,0.625,"[5, 3]",0.625,False,0.6043551,0.1440817,0.50638092,True
21,3,24,T5,0.07994261,0.07132089,0.10113694,0.625,0.625,"[5, 3]",0.625,False,0.6043551,0.1440817,0.50638092,True
21,3,25,T6,0.11228049,-0.11228049,0.12491281,0.625,0.625,"[5, 3]",0.625,False,0.6043551,0.1440817,0.50638092,True
21,3,26,Oz,0.11438017,0.10226913,0.12994322,0.625,0.625,"[5, 3]",0.625,False,0.6043551,0.1440817,0.50638092,True
21,3,27,O1,0.12920676,0.0853738,0.14065139,0.625,0.625,"[5, 3]",0.625,False,0.6043551,0.1440817,0.50638092,True
21,3,28,O2,0.1330484,-0.06672609,0.15599842,0.625,0.625,"[5, 3]",0.625,False,0.6043551,0.1440817,0.50638092,True
21,4,0,Fp1,0.07480898,-0.04522074,0.08502767,0.625,0.625,"[1, 7]",0.875,False,1.37967103,0.41330527,1.1560076,True
21,4,1,Fp2,0.03920368,-0.02841194,0.04236809,0.625,0.625,"[1, 7]",0.875,False,1.37967103,0.41330527,1.1560076,True
21,4,2,Fz,0.17553395,0.08498201,0.18551864,0.625,0.625,"[1, 7]",0.875,False,1.37967103,0.41330527,1.1560076,True
21,4,3,F3,0.06523627,0.06523627,0.08276379,0.625,0.625,"[1, 7]",0.875,False,1.37967103,0.41330527,1.1560076,True
21,4,4,F4,0.06565914,-0.04349619,0.07757847,0.625,0.625,"[1, 7]",0.875,False,1.37967103,0.41330527,1.1560076,True
21,4,5,F7,0.05424575,0.05424575,0.05771139,0.625,0.625,"[1, 7]",0.875,False,1.37967103,0.41330527,1.1560076,True
21,4,6,F8,0.05410483,0.05410483,0.06195889,0.625,0.625,"[1, 7]",0.875,False,1.37967103,0.41330527,1.1560076,True
21,4,7,FCz,0.07116199,-0.02941543,0.09656948,0.625,0.625,"[1, 7]",0.875,False,1.37967103,0.41330527,1.1560076,True
21,4,8,FC3,0.02285722,0.00422709,0.02800923,0.625,0.625,"[1, 7]",0.875,False,1.37967103,0.41330527,1.1560076,True
21,4,9,FC4,0.04501928,0.00231988,0.04899011,0.625,0.625,"[1, 7]",0.875,False,1.37967103,0.41330527,1.1560076,True
21,4,10,FT7,0.05552991,-0.0371699,0.06421024,0.625,0.625,"[1, 7]",0.875,False,1.37967103,0.41330527,1.1560076,True
21,4,11,FT8,0.04377243,0.04377243,0.04961134,0.625,0.625,"[1, 7]",0.875,False,1.37967103,0.41330527,1.1560076,True
21,4,12,Cz,0.12105736,0.099494,0.13137454,0.625,0.625,"[1, 7]",0.875,False,1.37967103,0.41330527,1.1560076,True
21,4,13,C3,0.11669499,-0.11669499,0.16621476,0.625,0.625,"[1, 7]",0.875,False,1.37967103,0.41330527,1.1560076,True
21,4,14,C4,0.08002608,0.0353703,0.08178113,0.625,0.625,"[1, 7]",0.875,False,1.37967103,0.41330527,1.1560076,True
21,4,15,T3,0.08901853,0.08901853,0.10226751,0.625,0.625,"[1, 7]",0.875,False,1.37967103,0.41330527,1.1560076,True
21,4,16,T4,0.03008341,0.00777547,0.03989048,0.625,0.625,"[1, 7]",0.875,False,1.37967103,0.41330527,1.1560076,True
21,4,17,CP3,0.13991325,0.02618639,0.1852248,0.625,0.625,"[1, 7]",0.875,False,1.37967103,0.41330527,1.1560076,True
21,4,18,CP4,0.16645391,0.07269642,0.21490781,0.625,0.625,"[1, 7]",0.875,False,1.37967103,0.41330527,1.1560076,True
21,4,19,TP7,0.05723738,0.04719612,0.06270889,0.625,0.625,"[1, 7]",0.875,False,1.37967103,0.41330527,1.1560076,True
21,4,20,TP8,0.0934365,-0.06796634,0.11887565,0.625,0.625,"[1, 7]",0.875,False,1.37967103,0.41330527,1.1560076,True
21,4,21,Pz,0.14299592,-0.09182832,0.15214925,0.625,0.625,"[1, 7]",0.875,False,1.37967103,0.41330527,1.1560076,True
21,4,22,P3,0.05273033,0.04736377,0.07044178,0.625,0.625,"[1, 7]",0.875,False,1.37967103,0.41330527,1.1560076,True
21,4,23,P4,0.11386812,0.05706245,0.1224895,0.625,0.625,"[1, 7]",0.875,False,1.37967103,0.41330527,1.1560076,True
21,4,24,T5,0.05814887,0.0091263,0.06456701,0.625,0.625,"[1, 7]",0.875,False,1.37967103,0.41330527,1.1560076,True
21,4,25,T6,0.05053934,-0.0491057,0.06523723,0.625,0.625,"[1, 7]",0.875,False,1.37967103,0.41330527,1.1560076,True
21,4,26,Oz,0.26782072,0.26782072,0.27252805,0.625,0.625,"[1, 7]",0.875,False,1.37967103,0.41330527,1.1560076,True
21,4,27,O1,0.03990445,0.00220428,0.04386374,0.625,0.625,"[1, 7]",0.875,False,1.37967103,0.41330527,1.1560076,True
21,4,28,O2,0.17319798,-0.1519738,0.21640038,0.625,0.625,"[1, 7]",0.875,False,1.37967103,0.41330527,1.1560076,True
21,5,0,Fp1,0.08015847,-0.07244152,0.09285575,0.5,0.5,"[6, 2]",0.75,False,1.31981771,0.42337635,1.10585732,True
21,5,1,Fp2,0.0423187,0.02136687,0.05803237,0.5,0.5,"[6, 2]",0.75,False,1.31981771,0.42337635,1.10585732,True
21,5,2,Fz,0.08737083,-0.00871686,0.10861018,0.5,0.5,"[6, 2]",0.75,False,1.31981771,0.42337635,1.10585732,True
21,5,3,F3,0.08595554,0.08595554,0.10823923,0.5,0.5,"[6, 2]",0.75,False,1.31981771,0.42337635,1.10585732,True
21,5,4,F4,0.08259172,-0.08259172,0.13107313,0.5,0.5,"[6, 2]",0.75,False,1.31981771,0.42337635,1.10585732,True
21,5,5,F7,0.06376966,0.06376966,0.07106546,0.5,0.5,"[6, 2]",0.75,False,1.31981771,0.42337635,1.10585732,True
21,5,6,F8,0.03262698,0.00380181,0.04152262,0.5,0.5,"[6, 2]",0.75,False,1.31981771,0.42337635,1.10585732,True
21,5,7,FCz,0.08735367,0.00995117,0.08827601,0.5,0.5,"[6, 2]",0.75,False,1.31981771,0.42337635,1.10585732,True
21,5,8,FC3,0.03382451,-0.02315162,0.04031209,0.5,0.5,"[6, 2]",0.75,False,1.31981771,0.42337635,1.10585732,True
21,5,9,FC4,0.04538314,-0.04538314,0.04772772,0.5,0.5,"[6, 2]",0.75,False,1.31981771,0.42337635,1.10585732,True
21,5,10,FT7,0.0564633,0.02515125,0.0855422,0.5,0.5,"[6, 2]",0.75,False,1.31981771,0.42337635,1.10585732,True
21,5,11,FT8,0.06013722,-0.01800541,0.07459258,0.5,0.5,"[6, 2]",0.75,False,1.31981771,0.42337635,1.10585732,True
21,5,12,Cz,0.11515412,0.11515412,0.12914389,0.5,0.5,"[6, 2]",0.75,False,1.31981771,0.42337635,1.10585732,True
21,5,13,C3,0.1299808,0.04318244,0.14336659,0.5,0.5,"[6, 2]",0.75,False,1.31981771,0.42337635,1.10585732,True
21,5,14,C4,0.1591323,0.1591323,0.18694787,0.5,0.5,"[6, 2]",0.75,False,1.31981771,0.42337635,1.10585732,True
21,5,15,T3,0.06601649,0.06601649,0.07900268,0.5,0.5,"[6, 2]",0.75,False,1.31981771,0.42337635,1.10585732,True
21,5,16,T4,0.05693687,0.05632136,0.08415297,0.5,0.5,"[6, 2]",0.75,False,1.31981771,0.42337635,1.10585732,True
21,5,17,CP3,0.10973366,0.04180133,0.1541955,0.5,0.5,"[6, 2]",0.75,False,1.31981771,0.42337635,1.10585732,True
21,5,18,CP4,0.19065377,-0.0787994,0.19856253,0.5,0.5,"[6, 2]",0.75,False,1.31981771,0.42337635,1.10585732,True
21,5,19,TP7,0.05856949,0.02655245,0.07330433,0.5,0.5,"[6, 2]",0.75,False,1.31981771,0.42337635,1.10585732,True
21,5,20,TP8,0.08544327,-0.00795043,0.09499277,0.5,0.5,"[6, 2]",0.75,False,1.31981771,0.42337635,1.10585732,True
21,5,21,Pz,0.18423618,-0.14648984,0.21291678,0.5,0.5,"[6, 2]",0.75,False,1.31981771,0.42337635,1.10585732,True
21,5,22,P3,0.08868484,0.04983038,0.10269554,0.5,0.5,"[6, 2]",0.75,False,1.31981771,0.42337635,1.10585732,True
21,5,23,P4,0.07499011,-0.0325789,0.07648101,0.5,0.5,"[6, 2]",0.75,False,1.31981771,0.42337635,1.10585732,True
21,5,24,T5,0.09126897,-0.08170168,0.1248165,0.5,0.5,"[6, 2]",0.75,False,1.31981771,0.42337635,1.10585732,True
21,5,25,T6,0.14315712,-0.08723392,0.14934756,0.5,0.5,"[6, 2]",0.75,False,1.31981771,0.42337635,1.10585732,True
21,5,26,Oz,0.22667265,0.22667265,0.24691802,0.5,0.5,"[6, 2]",0.75,False,1.31981771,0.42337635,1.10585732,True
21,5,27,O1,0.07057104,0.07057104,0.08886725,0.5,0.5,"[6, 2]",0.75,False,1.31981771,0.42337635,1.10585732,True
21,5,28,O2,0.09295233,-0.06725413,0.10427648,0.5,0.5,"[6, 2]",0.75,False,1.31981771,0.42337635,1.10585732,True
22,1,0,Fp1,0.06523468,-0.05050289,0.08340994,0.625,0.625,"[7, 1]",0.875,False,0.98775968,0.22728192,0.82763041,True
22,1,1,Fp2,0.03044108,0.00809791,0.03280813,0.625,0.625,"[7, 1]",0.875,False,0.98775968,0.22728192,0.82763041,True
22,1,2,Fz,0.08590953,-0.07981938,0.09772836,0.625,0.625,"[7, 1]",0.875,False,0.98775968,0.22728192,0.82763041,True
22,1,3,F3,0.06191812,0.02693039,0.07295975,0.625,0.625,"[7, 1]",0.875,False,0.98775968,0.22728192,0.82763041,True
22,1,4,F4,0.06003406,-0.0165469,0.06531458,0.625,0.625,"[7, 1]",0.875,False,0.98775968,0.22728192,0.82763041,True
22,1,5,F7,0.10964575,0.10964575,0.12923619,0.625,0.625,"[7, 1]",0.875,False,0.98775968,0.22728192,0.82763041,True
22,1,6,F8,0.10837573,0.09190807,0.12516814,0.625,0.625,"[7, 1]",0.875,False,0.98775968,0.22728192,0.82763041,True
22,1,7,FCz,0.15848356,0.15848356,0.1611927,0.625,0.625,"[7, 1]",0.875,False,0.98775968,0.22728192,0.82763041,True
22,1,8,FC3,0.06274492,-0.06274492,0.07480588,0.625,0.625,"[7, 1]",0.875,False,0.98775968,0.22728192,0.82763041,True
22,1,9,FC4,0.19936115,-0.13726452,0.20878352,0.625,0.625,"[7, 1]",0.875,False,0.98775968,0.22728192,0.82763041,True
22,1,10,FT7,0.10333064,-0.0812657,0.11367865,0.625,0.625,"[7, 1]",0.875,False,0.98775968,0.22728192,0.82763041,True
22,1,11,FT8,0.04142844,0.03259097,0.04648051,0.625,0.625,"[7, 1]",0.875,False,0.98775968,0.22728192,0.82763041,True
22,1,12,Cz,0.18039319,0.16800606,0.20558794,0.625,0.625,"[7, 1]",0.875,False,0.98775968,0.22728192,0.82763041,True
22,1,13,C3,0.11212057,0.08663674,0.13555524,0.625,0.625,"[7, 1]",0.875,False,0.98775968,0.22728192,0.82763041,True
22,1,14,C4,0.05814233,-0.04670314,0.07486525,0.625,0.625,"[7, 1]",0.875,False,0.98775968,0.22728192,0.82763041,True
22,1,15,T3,0.07148013,0.07148013,0.08463078,0.625,0.625,"[7, 1]",0.875,False,0.98775968,0.22728192,0.82763041,True
22,1,16,T4,0.09161231,0.01068372,0.10035519,0.625,0.625,"[7, 1]",0.875,False,0.98775968,0.22728192,0.82763041,True
22,1,17,CP3,0.13747896,-0.03328569,0.15176255,0.625,0.625,"[7, 1]",0.875,False,0.98775968,0.22728192,0.82763041,True
22,1,18,CP4,0.10874496,0.0287012,0.14558786,0.625,0.625,"[7, 1]",0.875,False,0.98775968,0.22728192,0.82763041,True
22,1,19,TP7,0.09707481,-0.06215622,0.10590009,0.625,0.625,"[7, 1]",0.875,False,0.98775968,0.22728192,0.82763041,True
22,1,20,TP8,0.06054623,0.01432755,0.07220437,0.625,0.625,"[7, 1]",0.875,False,0.98775968,0.22728192,0.82763041,True
22,1,21,Pz,0.08951972,-0.00407061,0.10132901,0.625,0.625,"[7, 1]",0.875,False,0.98775968,0.22728192,0.82763041,True
22,1,22,P3,0.04087351,0.02395062,0.04982936,0.625,0.625,"[7, 1]",0.875,False,0.98775968,0.22728192,0.82763041,True
22,1,23,P4,0.10784239,-0.05483818,0.15657791,0.625,0.625,"[7, 1]",0.875,False,0.98775968,0.22728192,0.82763041,True
22,1,24,T5,0.03653399,0.01150779,0.04783117,0.625,0.625,"[7, 1]",0.875,False,0.98775968,0.22728192,0.82763041,True
22,1,25,T6,0.03720436,-0.02423787,0.0604732,0.625,0.625,"[7, 1]",0.875,False,0.98775968,0.22728192,0.82763041,True
22,1,26,Oz,0.13971998,-0.02747649,0.15412726,0.625,0.625,"[7, 1]",0.875,False,0.98775968,0.22728192,0.82763041,True
22,1,27,O1,0.10974324,0.03014564,0.12536924,0.625,0.625,"[7, 1]",0.875,False,0.98775968,0.22728192,0.82763041,True
22,1,28,O2,0.08262911,0.02288406,0.09407767,0.625,0.625,"[7, 1]",0.875,False,0.98775968,0.22728192,0.82763041,True
22,2,0,Fp1,0.11852489,-0.0928369,0.13115901,0.5,0.5,"[4, 4]",0.5,False,0.57120463,0.13574542,0.47860459,True
22,2,1,Fp2,0.04917402,0.04917402,0.05399397,0.5,0.5,"[4, 4]",0.5,False,0.57120463,0.13574542,0.47860459,True
22,2,2,Fz,0.11344469,-0.08954766,0.1202381,0.5,0.5,"[4, 4]",0.5,False,0.57120463,0.13574542,0.47860459,True
22,2,3,F3,0.0857001,0.02412446,0.10241886,0.5,0.5,"[4, 4]",0.5,False,0.57120463,0.13574542,0.47860459,True
22,2,4,F4,0.06841769,0.00812183,0.08002961,0.5,0.5,"[4, 4]",0.5,False,0.57120463,0.13574542,0.47860459,True
22,2,5,F7,0.16322941,0.13958153,0.17702039,0.5,0.5,"[4, 4]",0.5,False,0.57120463,0.13574542,0.47860459,True
22,2,6,F8,0.05354878,0.00241032,0.06299212,0.5,0.5,"[4, 4]",0.5,False,0.57120463,0.13574542,0.47860459,True
22,2,7,FCz,0.10639691,0.10639691,0.11232305,0.5,0.5,"[4, 4]",0.5,False,0.57120463,0.13574542,0.47860459,True
22,2,8,FC3,0.04287786,-0.03665179,0.0532408,0.5,0.5,"[4, 4]",0.5,False,0.57120463,0.13574542,0.47860459,True
22,2,9,FC4,0.13737561,-0.07713784,0.15027304,0.5,0.5,"[4, 4]",0.5,False,0.57120463,0.13574542,0.47860459,True
22,2,10,FT7,0.06086183,-0.03749874,0.06986731,0.5,0.5,"[4, 4]",0.5,False,0.57120463,0.13574542,0.47860459,True
22,2,11,FT8,0.04503928,0.00800883,0.0557985,0.5,0.5,"[4, 4]",0.5,False,0.57120463,0.13574542,0.47860459,True
22,2,12,Cz,0.1185078,0.1185078,0.14236951,0.5,0.5,"[4, 4]",0.5,False,0.57120463,0.13574542,0.47860459,True
22,2,13,C3,0.0872968,0.06681274,0.09475011,0.5,0.5,"[4, 4]",0.5,False,0.57120463,0.13574542,0.47860459,True
22,2,14,C4,0.06119119,-0.06033719,0.08802941,0.5,0.5,"[4, 4]",0.5,False,0.57120463,0.13574542,0.47860459,True
22,2,15,T3,0.08847792,0.08571034,0.11013217,0.5,0.5,"[4, 4]",0.5,False,0.57120463,0.13574542,0.47860459,True
22,2,16,T4,0.07844551,0.01865337,0.08707388,0.5,0.5,"[4, 4]",0.5,False,0.57120463,0.13574542,0.47860459,True
22,2,17,CP3,0.12675735,-0.007415,0.13586195,0.5,0.5,"[4, 4]",0.5,False,0.57120463,0.13574542,0.47860459,True
22,2,18,CP4,0.09759153,0.02313834,0.11841442,0.5,0.5,"[4, 4]",0.5,False,0.57120463,0.13574542,0.47860459,True
22,2,19,TP7,0.05154659,-0.02982312,0.06037848,0.5,0.5,"[4, 4]",0.5,False,0.57120463,0.13574542,0.47860459,True
22,2,20,TP8,0.09808238,-0.06005963,0.11524218,0.5,0.5,"[4, 4]",0.5,False,0.57120463,0.13574542,0.47860459,True
22,2,21,Pz,0.131772,0.0059794,0.13279867,0.5,0.5,"[4, 4]",0.5,False,0.57120463,0.13574542,0.47860459,True
22,2,22,P3,0.06513086,0.06513086,0.08073606,0.5,0.5,"[4, 4]",0.5,False,0.57120463,0.13574542,0.47860459,True
22,2,23,P4,0.0877229,-0.08271278,0.10841072,0.5,0.5,"[4, 4]",0.5,False,0.57120463,0.13574542,0.47860459,True
22,2,24,T5,0.08192483,0.06659552,0.10034844,0.5,0.5,"[4, 4]",0.5,False,0.57120463,0.13574542,0.47860459,True
22,2,25,T6,0.05813901,-0.04567083,0.07445405,0.5,0.5,"[4, 4]",0.5,False,0.57120463,0.13574542,0.47860459,True
22,2,26,Oz,0.07712813,0.01401591,0.1025694,0.5,0.5,"[4, 4]",0.5,False,0.57120463,0.13574542,0.47860459,True
22,2,27,O1,0.09903101,0.04329612,0.11670744,0.5,0.5,"[4, 4]",0.5,False,0.57120463,0.13574542,0.47860459,True
22,2,28,O2,0.17786701,-0.04819797,0.19681959,0.5,0.5,"[4, 4]",0.5,False,0.57120463,0.13574542,0.47860459,True
22,3,0,Fp1,0.08251071,-0.0566119,0.09894671,0.875,0.875,"[5, 3]",0.625,False,0.86360617,0.20189419,0.72360387,True
22,3,1,Fp2,0.04659363,-0.01775909,0.05100626,0.875,0.875,"[5, 3]",0.625,False,0.86360617,0.20189419,0.72360387,True
22,3,2,Fz,0.09283538,-0.08492105,0.10509977,0.875,0.875,"[5, 3]",0.625,False,0.86360617,0.20189419,0.72360387,True
22,3,3,F3,0.08727451,0.02271231,0.09057935,0.875,0.875,"[5, 3]",0.625,False,0.86360617,0.20189419,0.72360387,True
22,3,4,F4,0.06028542,0.02347323,0.06361689,0.875,0.875,"[5, 3]",0.625,False,0.86360617,0.20189419,0.72360387,True
22,3,5,F7,0.14513831,0.14513831,0.16517851,0.875,0.875,"[5, 3]",0.625,False,0.86360617,0.20189419,0.72360387,True
22,3,6,F8,0.10729583,0.10729583,0.12869573,0.875,0.875,"[5, 3]",0.625,False,0.86360617,0.20189419,0.72360387,True
22,3,7,FCz,0.11793435,0.11793435,0.12314814,0.875,0.875,"[5, 3]",0.625,False,0.86360617,0.20189419,0.72360387,True
22,3,8,FC3,0.06702328,-0.06702328,0.07605653,0.875,0.875,"[5, 3]",0.625,False,0.86360617,0.20189419,0.72360387,True
22,3,9,FC4,0.16506419,-0.13928035,0.18212827,0.875,0.875,"[5, 3]",0.625,False,0.86360617,0.20189419,0.72360387,True
22,3,10,FT7,0.05343063,-0.05157568,0.06801141,0.875,0.875,"[5, 3]",0.625,False,0.86360617,0.20189419,0.72360387,True
22,3,11,FT8,0.0488015,0.00666052,0.05864681,0.875,0.875,"[5, 3]",0.625,False,0.86360617,0.20189419,0.72360387,True
22,3,12,Cz,0.18154737,0.18154737,0.19300711,0.875,0.875,"[5, 3]",0.625,False,0.86360617,0.20189419,0.72360387,True
22,3,13,C3,0.10554243,0.1019048,0.12433767,0.875,0.875,"[5, 3]",0.625,False,0.86360617,0.20189419,0.72360387,True
22,3,14,C4,0.0921699,-0.073834,0.09894855,0.875,0.875,"[5, 3]",0.625,False,0.86360617,0.20189419,0.72360387,True
22,3,15,T3,0.0710649,0.04915294,0.08416442,0.875,0.875,"[5, 3]",0.625,False,0.86360617,0.20189419,0.72360387,True
22,3,16,T4,0.08131212,0.01988152,0.09181082,0.875,0.875,"[5, 3]",0.625,False,0.86360617,0.20189419,0.72360387,True
22,3,17,CP3,0.14799209,-0.04230593,0.16504978,0.875,0.875,"[5, 3]",0.625,False,0.86360617,0.20189419,0.72360387,True
22,3,18,CP4,0.10759988,0.04047026,0.14997798,0.875,0.875,"[5, 3]",0.625,False,0.86360617,0.20189419,0.72360387,True
22,3,19,TP7,0.05195279,-0.02738414,0.06169241,0.875,0.875,"[5, 3]",0.625,False,0.86360617,0.20189419,0.72360387,True
22,3,20,TP8,0.08801857,0.00145159,0.09569661,0.875,0.875,"[5, 3]",0.625,False,0.86360617,0.20189419,0.72360387,True
22,3,21,Pz,0.10741478,0.00420182,0.11463671,0.875,0.875,"[5, 3]",0.625,False,0.86360617,0.20189419,0.72360387,True
22,3,22,P3,0.03650624,0.02063254,0.04382689,0.875,0.875,"[5, 3]",0.625,False,0.86360617,0.20189419,0.72360387,True
22,3,23,P4,0.07983977,-0.04571915,0.12730317,0.875,0.875,"[5, 3]",0.625,False,0.86360617,0.20189419,0.72360387,True
22,3,24,T5,0.06470297,0.05340581,0.07940318,0.875,0.875,"[5, 3]",0.625,False,0.86360617,0.20189419,0.72360387,True
22,3,25,T6,0.05436283,-0.05172382,0.08086236,0.875,0.875,"[5, 3]",0.625,False,0.86360617,0.20189419,0.72360387,True
22,3,26,Oz,0.13318345,-0.02569928,0.1458327,0.875,0.875,"[5, 3]",0.625,False,0.86360617,0.20189419,0.72360387,True
22,3,27,O1,0.1004383,0.01592699,0.10615683,0.875,0.875,"[5, 3]",0.625,False,0.86360617,0.20189419,0.72360387,True
22,3,28,O2,0.08443577,-0.008594,0.09552544,0.875,0.875,"[5, 3]",0.625,False,0.86360617,0.20189419,0.72360387,True
22,4,0,Fp1,0.11517785,-0.09023465,0.12956218,0.875,0.875,"[5, 3]",0.625,False,0.7362491,0.17562966,0.61689311,True
22,4,1,Fp2,0.03959636,0.01636258,0.04918642,0.875,0.875,"[5, 3]",0.625,False,0.7362491,0.17562966,0.61689311,True
22,4,2,Fz,0.11171198,-0.10337612,0.12488646,0.875,0.875,"[5, 3]",0.625,False,0.7362491,0.17562966,0.61689311,True
22,4,3,F3,0.09846427,0.0287974,0.11481528,0.875,0.875,"[5, 3]",0.625,False,0.7362491,0.17562966,0.61689311,True
22,4,4,F4,0.05442838,0.03818607,0.06001419,0.875,0.875,"[5, 3]",0.625,False,0.7362491,0.17562966,0.61689311,True
22,4,5,F7,0.15317707,0.15317707,0.17411329,0.875,0.875,"[5, 3]",0.625,False,0.7362491,0.17562966,0.61689311,True
22,4,6,F8,0.07902399,0.04902617,0.09178284,0.875,0.875,"[5, 3]",0.625,False,0.7362491,0.17562966,0.61689311,True
22,4,7,FCz,0.12243804,0.12243804,0.12521459,0.875,0.875,"[5, 3]",0.625,False,0.7362491,0.17562966,0.61689311,True
22,4,8,FC3,0.05052971,-0.05052971,0.0673637,0.875,0.875,"[5, 3]",0.625,False,0.7362491,0.17562966,0.61689311,True
22,4,9,FC4,0.11512806,-0.0873107,0.12290248,0.875,0.875,"[5, 3]",0.625,False,0.7362491,0.17562966,0.61689311,True
22,4,10,FT7,0.06191544,-0.04039395,0.06833167,0.875,0.875,"[5, 3]",0.625,False,0.7362491,0.17562966,0.61689311,True
22,4,11,FT8,0.08151434,-0.01287513,0.09483059,0.875,0.875,"[5, 3]",0.625,False,0.7362491,0.17562966,0.61689311,True
22,4,12,Cz,0.14224201,0.14224201,0.15000291,0.875,0.875,"[5, 3]",0.625,False,0.7362491,0.17562966,0.61689311,True
22,4,13,C3,0.13686897,0.13686897,0.16996564,0.875,0.875,"[5, 3]",0.625,False,0.7362491,0.17562966,0.61689311,True
22,4,14,C4,0.10658927,-0.09875934,0.12327119,0.875,0.875,"[5, 3]",0.625,False,0.7362491,0.17562966,0.61689311,True
22,4,15,T3,0.07495733,0.00360363,0.08388347,0.875,0.875,"[5, 3]",0.625,False,0.7362491,0.17562966,0.61689311,True
22,4,16,T4,0.11582673,0.03708817,0.11980227,0.875,0.875,"[5, 3]",0.625,False,0.7362491,0.17562966,0.61689311,True
22,4,17,CP3,0.14104319,-0.02565454,0.15226346,0.875,0.875,"[5, 3]",0.625,False,0.7362491,0.17562966,0.61689311,True
22,4,18,CP4,0.10638845,0.02240231,0.14102353,0.875,0.875,"[5, 3]",0.625,False,0.7362491,0.17562966,0.61689311,True
22,4,19,TP7,0.04597516,-0.00791051,0.0567462,0.875,0.875,"[5, 3]",0.625,False,0.7362491,0.17562966,0.61689311,True
22,4,20,TP8,0.08200774,-0.00332072,0.08759829,0.875,0.875,"[5, 3]",0.625,False,0.7362491,0.17562966,0.61689311,True
22,4,21,Pz,0.12220332,-0.01277069,0.12396694,0.875,0.875,"[5, 3]",0.625,False,0.7362491,0.17562966,0.61689311,True
22,4,22,P3,0.07340883,0.06667405,0.08837982,0.875,0.875,"[5, 3]",0.625,False,0.7362491,0.17562966,0.61689311,True
22,4,23,P4,0.07864104,-0.07393795,0.11208443,0.875,0.875,"[5, 3]",0.625,False,0.7362491,0.17562966,0.61689311,True
22,4,24,T5,0.04765045,0.04765045,0.06555454,0.875,0.875,"[5, 3]",0.625,False,0.7362491,0.17562966,0.61689311,True
22,4,25,T6,0.05769205,-0.05599092,0.070163,0.875,0.875,"[5, 3]",0.625,False,0.7362491,0.17562966,0.61689311,True
22,4,26,Oz,0.11260909,-0.00440556,0.12961838,0.875,0.875,"[5, 3]",0.625,False,0.7362491,0.17562966,0.61689311,True
22,4,27,O1,0.08432249,0.03855874,0.09385488,0.875,0.875,"[5, 3]",0.625,False,0.7362491,0.17562966,0.61689311,True
22,4,28,O2,0.06495859,0.02237445,0.07011874,0.875,0.875,"[5, 3]",0.625,False,0.7362491,0.17562966,0.61689311,True
22,5,0,Fp1,0.09486563,-0.07260992,0.10427175,0.875,0.875,"[3, 5]",0.625,False,0.82161938,0.18643824,0.68842371,True
22,5,1,Fp2,0.0194063,-0.01277686,0.02362532,0.875,0.875,"[3, 5]",0.625,False,0.82161938,0.18643824,0.68842371,True
22,5,2,Fz,0.11558905,-0.11558905,0.13105978,0.875,0.875,"[3, 5]",0.625,False,0.82161938,0.18643824,0.68842371,True
22,5,3,F3,0.0719381,0.06014323,0.08269467,0.875,0.875,"[3, 5]",0.625,False,0.82161938,0.18643824,0.68842371,True
22,5,4,F4,0.06137318,0.03073684,0.07162682,0.875,0.875,"[3, 5]",0.625,False,0.82161938,0.18643824,0.68842371,True
22,5,5,F7,0.19472213,0.19472213,0.21287741,0.875,0.875,"[3, 5]",0.625,False,0.82161938,0.18643824,0.68842371,True
22,5,6,F8,0.07678903,0.06424647,0.08879044,0.875,0.875,"[3, 5]",0.625,False,0.82161938,0.18643824,0.68842371,True
22,5,7,FCz,0.04447168,0.01997845,0.04565656,0.875,0.875,"[3, 5]",0.625,False,0.82161938,0.18643824,0.68842371,True
22,5,8,FC3,0.04748978,-0.04534632,0.06253199,0.875,0.875,"[3, 5]",0.625,False,0.82161938,0.18643824,0.68842371,True
22,5,9,FC4,0.10449864,-0.08870402,0.11731329,0.875,0.875,"[3, 5]",0.625,False,0.82161938,0.18643824,0.68842371,True
22,5,10,FT7,0.03876042,-0.03139251,0.04519233,0.875,0.875,"[3, 5]",0.625,False,0.82161938,0.18643824,0.68842371,True
22,5,11,FT8,0.09281461,-0.01945158,0.10314769,0.875,0.875,"[3, 5]",0.625,False,0.82161938,0.18643824,0.68842371,True
22,5,12,Cz,0.10981073,0.10981073,0.11694463,0.875,0.875,"[3, 5]",0.625,False,0.82161938,0.18643824,0.68842371,True
22,5,13,C3,0.136502,0.136502,0.16011614,0.875,0.875,"[3, 5]",0.625,False,0.82161938,0.18643824,0.68842371,True
22,5,14,C4,0.08850782,-0.06907183,0.10056593,0.875,0.875,"[3, 5]",0.625,False,0.82161938,0.18643824,0.68842371,True
22,5,15,T3,0.05203193,0.03948057,0.0694665,0.875,0.875,"[3, 5]",0.625,False,0.82161938,0.18643824,0.68842371,True
22,5,16,T4,0.05638717,0.05638717,0.06300438,0.875,0.875,"[3, 5]",0.625,False,0.82161938,0.18643824,0.68842371,True
22,5,17,CP3,0.14776391,-0.06348541,0.17065862,0.875,0.875,"[3, 5]",0.625,False,0.82161938,0.18643824,0.68842371,True
22,5,18,CP4,0.10016373,0.0082287,0.13095456,0.875,0.875,"[3, 5]",0.625,False,0.82161938,0.18643824,0.68842371,True
22,5,19,TP7,0.09711957,-0.06372215,0.10182355,0.875,0.875,"[3, 5]",0.625,False,0.82161938,0.18643824,0.68842371,True
22,5,20,TP8,0.07256985,-0.00669131,0.0836341,0.875,0.875,"[3, 5]",0.625,False,0.82161938,0.18643824,0.68842371,True
22,5,21,Pz,0.10127808,0.04312058,0.11565102,0.875,0.875,"[3, 5]",0.625,False,0.82161938,0.18643824,0.68842371,True
22,5,22,P3,0.06906863,0.06906863,0.07412465,0.875,0.875,"[3, 5]",0.625,False,0.82161938,0.18643824,0.68842371,True
22,5,23,P4,0.06760903,-0.05491508,0.11405347,0.875,0.875,"[3, 5]",0.625,False,0.82161938,0.18643824,0.68842371,True
22,5,24,T5,0.03029627,0.03029627,0.03727914,0.875,0.875,"[3, 5]",0.625,False,0.82161938,0.18643824,0.68842371,True
22,5,25,T6,0.08816783,-0.07436019,0.10908713,0.875,0.875,"[3, 5]",0.625,False,0.82161938,0.18643824,0.68842371,True
22,5,26,Oz,0.09696585,0.04591736,0.13794726,0.875,0.875,"[3, 5]",0.625,False,0.82161938,0.18643824,0.68842371,True
22,5,27,O1,0.08552503,0.03337023,0.09804922,0.875,0.875,"[3, 5]",0.625,False,0.82161938,0.18643824,0.68842371,True
22,5,28,O2,0.08390332,-0.01616549,0.09226575,0.875,0.875,"[3, 5]",0.625,False,0.82161938,0.18643824,0.68842371,True
23,1,0,Fp1,0.11002862,-0.0963739,0.12295821,0.5,0.5,"[0, 8]",1.0,True,0.01133451,0.00223675,0.00949703,True
23,1,1,Fp2,0.07724178,0.06042738,0.09440269,0.5,0.5,"[0, 8]",1.0,True,0.01133451,0.00223675,0.00949703,True
23,1,2,Fz,0.10490246,-0.09882404,0.11828662,0.5,0.5,"[0, 8]",1.0,True,0.01133451,0.00223675,0.00949703,True
23,1,3,F3,0.08765589,0.0264078,0.09468358,0.5,0.5,"[0, 8]",1.0,True,0.01133451,0.00223675,0.00949703,True
23,1,4,F4,0.09820683,0.01247248,0.10862254,0.5,0.5,"[0, 8]",1.0,True,0.01133451,0.00223675,0.00949703,True
23,1,5,F7,0.0841015,0.08084848,0.09714737,0.5,0.5,"[0, 8]",1.0,True,0.01133451,0.00223675,0.00949703,True
23,1,6,F8,0.07835218,-0.02937764,0.07936389,0.5,0.5,"[0, 8]",1.0,True,0.01133451,0.00223675,0.00949703,True
23,1,7,FCz,0.09838519,0.09838519,0.11402331,0.5,0.5,"[0, 8]",1.0,True,0.01133451,0.00223675,0.00949703,True
23,1,8,FC3,0.03066396,0.0051986,0.03801775,0.5,0.5,"[0, 8]",1.0,True,0.01133451,0.00223675,0.00949703,True
23,1,9,FC4,0.05770524,-0.05770524,0.07588344,0.5,0.5,"[0, 8]",1.0,True,0.01133451,0.00223675,0.00949703,True
23,1,10,FT7,0.09059101,-0.0587232,0.10407023,0.5,0.5,"[0, 8]",1.0,True,0.01133451,0.00223675,0.00949703,True
23,1,11,FT8,0.07937132,-0.00439592,0.09633509,0.5,0.5,"[0, 8]",1.0,True,0.01133451,0.00223675,0.00949703,True
23,1,12,Cz,0.07706363,0.07524392,0.09218977,0.5,0.5,"[0, 8]",1.0,True,0.01133451,0.00223675,0.00949703,True
23,1,13,C3,0.11512344,0.07309127,0.11741725,0.5,0.5,"[0, 8]",1.0,True,0.01133451,0.00223675,0.00949703,True
23,1,14,C4,0.08523326,-0.0741276,0.09529356,0.5,0.5,"[0, 8]",1.0,True,0.01133451,0.00223675,0.00949703,True
23,1,15,T3,0.12635627,0.12635627,0.13177951,0.5,0.5,"[0, 8]",1.0,True,0.01133451,0.00223675,0.00949703,True
23,1,16,T4,0.12274602,0.01365745,0.13478521,0.5,0.5,"[0, 8]",1.0,True,0.01133451,0.00223675,0.00949703,True
23,1,17,CP3,0.12147054,0.03398743,0.13980791,0.5,0.5,"[0, 8]",1.0,True,0.01133451,0.00223675,0.00949703,True
23,1,18,CP4,0.11101614,0.03493932,0.12782979,0.5,0.5,"[0, 8]",1.0,True,0.01133451,0.00223675,0.00949703,True
23,1,19,TP7,0.08478189,-0.01831535,0.09485289,0.5,0.5,"[0, 8]",1.0,True,0.01133451,0.00223675,0.00949703,True
23,1,20,TP8,0.0891805,-0.05891417,0.10800008,0.5,0.5,"[0, 8]",1.0,True,0.01133451,0.00223675,0.00949703,True
23,1,21,Pz,0.15342811,0.00793441,0.15368454,0.5,0.5,"[0, 8]",1.0,True,0.01133451,0.00223675,0.00949703,True
23,1,22,P3,0.10885285,0.10885285,0.11818241,0.5,0.5,"[0, 8]",1.0,True,0.01133451,0.00223675,0.00949703,True
23,1,23,P4,0.10455436,-0.09249076,0.11633787,0.5,0.5,"[0, 8]",1.0,True,0.01133451,0.00223675,0.00949703,True
23,1,24,T5,0.10525048,0.0735624,0.1147791,0.5,0.5,"[0, 8]",1.0,True,0.01133451,0.00223675,0.00949703,True
23,1,25,T6,0.0804333,-0.06159493,0.09153669,0.5,0.5,"[0, 8]",1.0,True,0.01133451,0.00223675,0.00949703,True
23,1,26,Oz,0.07742542,0.04252142,0.0801055,0.5,0.5,"[0, 8]",1.0,True,0.01133451,0.00223675,0.00949703,True
23,1,27,O1,0.12200317,0.05668795,0.13221867,0.5,0.5,"[0, 8]",1.0,True,0.01133451,0.00223675,0.00949703,True
23,1,28,O2,0.14372806,-0.0229917,0.14628257,0.5,0.5,"[0, 8]",1.0,True,0.01133451,0.00223675,0.00949703,True
23,2,0,Fp1,0.11018094,-0.09593681,0.12292285,0.5,0.5,"[0, 8]",1.0,True,0.01104403,0.00211785,0.00925364,True
23,2,1,Fp2,0.07703447,0.06071074,0.09450172,0.5,0.5,"[0, 8]",1.0,True,0.01104403,0.00211785,0.00925364,True
23,2,2,Fz,0.1037941,-0.09877667,0.11764777,0.5,0.5,"[0, 8]",1.0,True,0.01104403,0.00211785,0.00925364,True
23,2,3,F3,0.08770166,0.02682152,0.09489394,0.5,0.5,"[0, 8]",1.0,True,0.01104403,0.00211785,0.00925364,True
23,2,4,F4,0.09824093,0.0125579,0.1086114,0.5,0.5,"[0, 8]",1.0,True,0.01104403,0.00211785,0.00925364,True
23,2,5,F7,0.08403015,0.0813311,0.09747211,0.5,0.5,"[0, 8]",1.0,True,0.01104403,0.00211785,0.00925364,True
23,2,6,F8,0.07729097,-0.028119,0.07842769,0.5,0.5,"[0, 8]",1.0,True,0.01104403,0.00211785,0.00925364,True
23,2,7,FCz,0.09849511,0.09849511,0.11438116,0.5,0.5,"[0, 8]",1.0,True,0.01104403,0.00211785,0.00925364,True
23,2,8,FC3,0.03055557,0.00552838,0.03714339,0.5,0.5,"[0, 8]",1.0,True,0.01104403,0.00211785,0.00925364,True
23,2,9,FC4,0.05713652,-0.05713652,0.07595994,0.5,0.5,"[0, 8]",1.0,True,0.01104403,0.00211785,0.00925364,True
23,2,10,FT7,0.09061308,-0.05857962,0.10440121,0.5,0.5,"[0, 8]",1.0,True,0.01104403,0.00211785,0.00925364,True
23,2,11,FT8,0.0798132,-0.00343634,0.09667625,0.5,0.5,"[0, 8]",1.0,True,0.01104403,0.00211785,0.00925364,True
23,2,12,Cz,0.07718559,0.07596132,0.09265242,0.5,0.5,"[0, 8]",1.0,True,0.01104403,0.00211785,0.00925364,True
23,2,13,C3,0.11608511,0.0726105,0.1182102,0.5,0.5,"[0, 8]",1.0,True,0.01104403,0.00211785,0.00925364,True
23,2,14,C4,0.08478583,-0.07477373,0.09552362,0.5,0.5,"[0, 8]",1.0,True,0.01104403,0.00211785,0.00925364,True
23,2,15,T3,0.1263096,0.1263096,0.13134514,0.5,0.5,"[0, 8]",1.0,True,0.01104403,0.00211785,0.00925364,True
23,2,16,T4,0.12252593,0.01365707,0.13448644,0.5,0.5,"[0, 8]",1.0,True,0.01104403,0.00211785,0.00925364,True
23,2,17,CP3,0.12126647,0.03361212,0.13950692,0.5,0.5,"[0, 8]",1.0,True,0.01104403,0.00211785,0.00925364,True
23,2,18,CP4,0.11066204,0.03488857,0.12726121,0.5,0.5,"[0, 8]",1.0,True,0.01104403,0.00211785,0.00925364,True
23,2,19,TP7,0.08454941,-0.01824138,0.09432802,0.5,0.5,"[0, 8]",1.0,True,0.01104403,0.00211785,0.00925364,True
23,2,20,TP8,0.08821885,-0.0594411,0.10752863,0.5,0.5,"[0, 8]",1.0,True,0.01104403,0.00211785,0.00925364,True
23,2,21,Pz,0.15245548,0.00733781,0.15266851,0.5,0.5,"[0, 8]",1.0,True,0.01104403,0.00211785,0.00925364,True
23,2,22,P3,0.10935403,0.10935403,0.11856493,0.5,0.5,"[0, 8]",1.0,True,0.01104403,0.00211785,0.00925364,True
23,2,23,P4,0.10467757,-0.09270386,0.11648306,0.5,0.5,"[0, 8]",1.0,True,0.01104403,0.00211785,0.00925364,True
23,2,24,T5,0.10490232,0.07279368,0.11452954,0.5,0.5,"[0, 8]",1.0,True,0.01104403,0.00211785,0.00925364,True
23,2,25,T6,0.08149852,-0.06230896,0.09277104,0.5,0.5,"[0, 8]",1.0,True,0.01104403,0.00211785,0.00925364,True
23,2,26,Oz,0.07660273,0.04159647,0.07911467,0.5,0.5,"[0, 8]",1.0,True,0.01104403,0.00211785,0.00925364,True
23,2,27,O1,0.12219021,0.05622877,0.13255754,0.5,0.5,"[0, 8]",1.0,True,0.01104403,0.00211785,0.00925364,True
23,2,28,O2,0.14407429,-0.02381227,0.14687054,0.5,0.5,"[0, 8]",1.0,True,0.01104403,0.00211785,0.00925364,True
23,3,0,Fp1,0.10975592,-0.09634712,0.12278081,0.5,0.5,"[0, 8]",1.0,True,0.01303053,0.00224706,0.0109181,True
23,3,1,Fp2,0.07727805,0.060627,0.09486327,0.5,0.5,"[0, 8]",1.0,True,0.01303053,0.00224706,0.0109181,True
23,3,2,Fz,0.10436609,-0.09975547,0.11847772,0.5,0.5,"[0, 8]",1.0,True,0.01303053,0.00224706,0.0109181,True
23,3,3,F3,0.08710836,0.02612249,0.094316,0.5,0.5,"[0, 8]",1.0,True,0.01303053,0.00224706,0.0109181,True
23,3,4,F4,0.09850809,0.01239013,0.10908556,0.5,0.5,"[0, 8]",1.0,True,0.01303053,0.00224706,0.0109181,True
23,3,5,F7,0.084273,0.08120187,0.09738338,0.5,0.5,"[0, 8]",1.0,True,0.01303053,0.00224706,0.0109181,True
23,3,6,F8,0.0773842,-0.02808147,0.07850777,0.5,0.5,"[0, 8]",1.0,True,0.01303053,0.00224706,0.0109181,True
23,3,7,FCz,0.0975399,0.0975399,0.11322641,0.5,0.5,"[0, 8]",1.0,True,0.01303053,0.00224706,0.0109181,True
23,3,8,FC3,0.03024547,0.00440208,0.03739771,0.5,0.5,"[0, 8]",1.0,True,0.01303053,0.00224706,0.0109181,True
23,3,9,FC4,0.05694208,-0.05694208,0.07592547,0.5,0.5,"[0, 8]",1.0,True,0.01303053,0.00224706,0.0109181,True
23,3,10,FT7,0.09101817,-0.05926412,0.10475743,0.5,0.5,"[0, 8]",1.0,True,0.01303053,0.00224706,0.0109181,True
23,3,11,FT8,0.08026731,-0.00321459,0.097108,0.5,0.5,"[0, 8]",1.0,True,0.01303053,0.00224706,0.0109181,True
23,3,12,Cz,0.07665839,0.07564335,0.0921627,0.5,0.5,"[0, 8]",1.0,True,0.01303053,0.00224706,0.0109181,True
23,3,13,C3,0.11486424,0.07141062,0.11693248,0.5,0.5,"[0, 8]",1.0,True,0.01303053,0.00224706,0.0109181,True
23,3,14,C4,0.08486629,-0.07463931,0.0954215,0.5,0.5,"[0, 8]",1.0,True,0.01303053,0.00224706,0.0109181,True
23,3,15,T3,0.12610994,0.12610994,0.13121115,0.5,0.5,"[0, 8]",1.0,True,0.01303053,0.00224706,0.0109181,True
23,3,16,T4,0.12318869,0.01399137,0.13528045,0.5,0.5,"[0, 8]",1.0,True,0.01303053,0.00224706,0.0109181,True
23,3,17,CP3,0.12135087,0.03298761,0.13942505,0.5,0.5,"[0, 8]",1.0,True,0.01303053,0.00224706,0.0109181,True
23,3,18,CP4,0.11074957,0.035389,0.12724622,0.5,0.5,"[0, 8]",1.0,True,0.01303053,0.00224706,0.0109181,True
23,3,19,TP7,0.08524255,-0.01801112,0.09525528,0.5,0.5,"[0, 8]",1.0,True,0.01303053,0.00224706,0.0109181,True
23,3,20,TP8,0.08887534,-0.05883621,0.10767499,0.5,0.5,"[0, 8]",1.0,True,0.01303053,0.00224706,0.0109181,True
23,3,21,Pz,0.15282685,0.00738487,0.15303916,0.5,0.5,"[0, 8]",1.0,True,0.01303053,0.00224706,0.0109181,True
23,3,22,P3,0.10900926,0.10900926,0.11810902,0.5,0.5,"[0, 8]",1.0,True,0.01303053,0.00224706,0.0109181,True
23,3,23,P4,0.10423751,-0.09204288,0.1159895,0.5,0.5,"[0, 8]",1.0,True,0.01303053,0.00224706,0.0109181,True
23,3,24,T5,0.10513359,0.0730495,0.11455173,0.5,0.5,"[0, 8]",1.0,True,0.01303053,0.00224706,0.0109181,True
23,3,25,T6,0.0811358,-0.06177286,0.09237008,0.5,0.5,"[0, 8]",1.0,True,0.01303053,0.00224706,0.0109181,True
23,3,26,Oz,0.07730721,0.04251821,0.07973228,0.5,0.5,"[0, 8]",1.0,True,0.01303053,0.00224706,0.0109181,True
23,3,27,O1,0.12244838,0.05706694,0.13287826,0.5,0.5,"[0, 8]",1.0,True,0.01303053,0.00224706,0.0109181,True
23,3,28,O2,0.14476898,-0.02294969,0.14742117,0.5,0.5,"[0, 8]",1.0,True,0.01303053,0.00224706,0.0109181,True
23,4,0,Fp1,0.10946874,-0.09596336,0.12251436,0.5,0.5,"[0, 8]",1.0,True,0.0132283,0.0020791,0.01108381,True
23,4,1,Fp2,0.07767208,0.06063557,0.0948904,0.5,0.5,"[0, 8]",1.0,True,0.0132283,0.0020791,0.01108381,True
23,4,2,Fz,0.10492048,-0.09915563,0.11842944,0.5,0.5,"[0, 8]",1.0,True,0.0132283,0.0020791,0.01108381,True
23,4,3,F3,0.08777036,0.02705434,0.09458491,0.5,0.5,"[0, 8]",1.0,True,0.0132283,0.0020791,0.01108381,True
23,4,4,F4,0.09852844,0.01284355,0.10859571,0.5,0.5,"[0, 8]",1.0,True,0.0132283,0.0020791,0.01108381,True
23,4,5,F7,0.08451948,0.08159509,0.09772442,0.5,0.5,"[0, 8]",1.0,True,0.0132283,0.0020791,0.01108381,True
23,4,6,F8,0.07726543,-0.02803087,0.07837842,0.5,0.5,"[0, 8]",1.0,True,0.0132283,0.0020791,0.01108381,True
23,4,7,FCz,0.09902014,0.09902014,0.11382521,0.5,0.5,"[0, 8]",1.0,True,0.0132283,0.0020791,0.01108381,True
23,4,8,FC3,0.03104985,0.00519644,0.03859834,0.5,0.5,"[0, 8]",1.0,True,0.0132283,0.0020791,0.01108381,True
23,4,9,FC4,0.0567599,-0.0567599,0.07509788,0.5,0.5,"[0, 8]",1.0,True,0.0132283,0.0020791,0.01108381,True
23,4,10,FT7,0.09101285,-0.05845762,0.1043607,0.5,0.5,"[0, 8]",1.0,True,0.0132283,0.0020791,0.01108381,True
23,4,11,FT8,0.08020185,-0.00337131,0.09676804,0.5,0.5,"[0, 8]",1.0,True,0.0132283,0.0020791,0.01108381,True
23,4,12,Cz,0.076539,0.07620331,0.09239231,0.5,0.5,"[0, 8]",1.0,True,0.0132283,0.0020791,0.01108381,True
23,4,13,C3,0.11419818,0.0723391,0.11649346,0.5,0.5,"[0, 8]",1.0,True,0.0132283,0.0020791,0.01108381,True
23,4,14,C4,0.08502465,-0.07493694,0.09561174,0.5,0.5,"[0, 8]",1.0,True,0.0132283,0.0020791,0.01108381,True
23,4,15,T3,0.12634149,0.12634149,0.13171081,0.5,0.5,"[0, 8]",1.0,True,0.0132283,0.0020791,0.01108381,True
23,4,16,T4,0.12241596,0.01376585,0.13499917,0.5,0.5,"[0, 8]",1.0,True,0.0132283,0.0020791,0.01108381,True
23,4,17,CP3,0.12158044,0.03373721,0.13968262,0.5,0.5,"[0, 8]",1.0,True,0.0132283,0.0020791,0.01108381,True
23,4,18,CP4,0.11084103,0.03525989,0.12757407,0.5,0.5,"[0, 8]",1.0,True,0.0132283,0.0020791,0.01108381,True
23,4,19,TP7,0.08436149,-0.01860656,0.09486534,0.5,0.5,"[0, 8]",1.0,True,0.0132283,0.0020791,0.01108381,True
23,4,20,TP8,0.08957917,-0.05963877,0.10873944,0.5,0.5,"[0, 8]",1.0,True,0.0132283,0.0020791,0.01108381,True
23,4,21,Pz,0.15255687,0.00723816,0.15279362,0.5,0.5,"[0, 8]",1.0,True,0.0132283,0.0020791,0.01108381,True
23,4,22,P3,0.1089242,0.1089242,0.11823978,0.5,0.5,"[0, 8]",1.0,True,0.0132283,0.0020791,0.01108381,True
23,4,23,P4,0.10500719,-0.09287447,0.11671216,0.5,0.5,"[0, 8]",1.0,True,0.0132283,0.0020791,0.01108381,True
23,4,24,T5,0.10530214,0.07278255,0.11426889,0.5,0.5,"[0, 8]",1.0,True,0.0132283,0.0020791,0.01108381,True
23,4,25,T6,0.08075295,-0.06277823,0.09240265,0.5,0.5,"[0, 8]",1.0,True,0.0132283,0.0020791,0.01108381,True
23,4,26,Oz,0.07732385,0.04206827,0.07983894,0.5,0.5,"[0, 8]",1.0,True,0.0132283,0.0020791,0.01108381,True
23,4,27,O1,0.12130903,0.05611482,0.13169847,0.5,0.5,"[0, 8]",1.0,True,0.0132283,0.0020791,0.01108381,True
23,4,28,O2,0.14419992,-0.02403725,0.14696221,0.5,0.5,"[0, 8]",1.0,True,0.0132283,0.0020791,0.01108381,True
23,5,0,Fp1,0.11293275,-0.09833382,0.12596008,0.5,0.5,"[0, 8]",1.0,True,0.04400213,0.01024145,0.03686879,True
23,5,1,Fp2,0.07652245,0.05962611,0.09296893,0.5,0.5,"[0, 8]",1.0,True,0.04400213,0.01024145,0.03686879,True
23,5,2,Fz,0.10523725,-0.10189655,0.12035085,0.5,0.5,"[0, 8]",1.0,True,0.04400213,0.01024145,0.03686879,True
23,5,3,F3,0.08872965,0.02404628,0.09664364,0.5,0.5,"[0, 8]",1.0,True,0.04400213,0.01024145,0.03686879,True
23,5,4,F4,0.10006341,0.01140158,0.11140882,0.5,0.5,"[0, 8]",1.0,True,0.04400213,0.01024145,0.03686879,True
23,5,5,F7,0.07972163,0.07769064,0.09251782,0.5,0.5,"[0, 8]",1.0,True,0.04400213,0.01024145,0.03686879,True
23,5,6,F8,0.07647998,-0.02850243,0.07743604,0.5,0.5,"[0, 8]",1.0,True,0.04400213,0.01024145,0.03686879,True
23,5,7,FCz,0.09494895,0.09494895,0.11270059,0.5,0.5,"[0, 8]",1.0,True,0.04400213,0.01024145,0.03686879,True
23,5,8,FC3,0.03007361,0.00163078,0.03621764,0.5,0.5,"[0, 8]",1.0,True,0.04400213,0.01024145,0.03686879,True
23,5,9,FC4,0.05736851,-0.05736851,0.07577804,0.5,0.5,"[0, 8]",1.0,True,0.04400213,0.01024145,0.03686879,True
23,5,10,FT7,0.09201294,-0.05961077,0.10568442,0.5,0.5,"[0, 8]",1.0,True,0.04400213,0.01024145,0.03686879,True
23,5,11,FT8,0.07793557,-0.00217756,0.09590673,0.5,0.5,"[0, 8]",1.0,True,0.04400213,0.01024145,0.03686879,True
23,5,12,Cz,0.07422,0.07238156,0.0894146,0.5,0.5,"[0, 8]",1.0,True,0.04400213,0.01024145,0.03686879,True
23,5,13,C3,0.11644346,0.07410114,0.11891265,0.5,0.5,"[0, 8]",1.0,True,0.04400213,0.01024145,0.03686879,True
23,5,14,C4,0.08212625,-0.07275174,0.09249966,0.5,0.5,"[0, 8]",1.0,True,0.04400213,0.01024145,0.03686879,True
23,5,15,T3,0.12672108,0.12672108,0.13246199,0.5,0.5,"[0, 8]",1.0,True,0.04400213,0.01024145,0.03686879,True
23,5,16,T4,0.12230861,0.01717618,0.13433303,0.5,0.5,"[0, 8]",1.0,True,0.04400213,0.01024145,0.03686879,True
23,5,17,CP3,0.12055182,0.0366379,0.13960932,0.5,0.5,"[0, 8]",1.0,True,0.04400213,0.01024145,0.03686879,True
23,5,18,CP4,0.10859104,0.03432145,0.12368613,0.5,0.5,"[0, 8]",1.0,True,0.04400213,0.01024145,0.03686879,True
23,5,19,TP7,0.08392868,-0.01650976,0.09542328,0.5,0.5,"[0, 8]",1.0,True,0.04400213,0.01024145,0.03686879,True
23,5,20,TP8,0.08848608,-0.05746568,0.10684623,0.5,0.5,"[0, 8]",1.0,True,0.04400213,0.01024145,0.03686879,True
23,5,21,Pz,0.15635754,0.00808978,0.15667233,0.5,0.5,"[0, 8]",1.0,True,0.04400213,0.01024145,0.03686879,True
23,5,22,P3,0.11144362,0.11144362,0.1204309,0.5,0.5,"[0, 8]",1.0,True,0.04400213,0.01024145,0.03686879,True
23,5,23,P4,0.10285182,-0.09156246,0.11553437,0.5,0.5,"[0, 8]",1.0,True,0.04400213,0.01024145,0.03686879,True
23,5,24,T5,0.10262051,0.07406568,0.11324321,0.5,0.5,"[0, 8]",1.0,True,0.04400213,0.01024145,0.03686879,True
23,5,25,T6,0.08032224,-0.05973023,0.09001267,0.5,0.5,"[0, 8]",1.0,True,0.04400213,0.01024145,0.03686879,True
23,5,26,Oz,0.07616866,0.04203304,0.0792741,0.5,0.5,"[0, 8]",1.0,True,0.04400213,0.01024145,0.03686879,True
23,5,27,O1,0.12357952,0.05874304,0.13382806,0.5,0.5,"[0, 8]",1.0,True,0.04400213,0.01024145,0.03686879,True
23,5,28,O2,0.14321652,-0.02273727,0.14562246,0.5,0.5,"[0, 8]",1.0,True,0.04400213,0.01024145,0.03686879,True
24,1,0,Fp1,0.04952667,-0.015674,0.05413618,0.25,0.25,"[2, 6]",0.75,False,0.65933954,0.18576505,0.55245164,True
24,1,1,Fp2,0.06860537,0.06159342,0.1075009,0.25,0.25,"[2, 6]",0.75,False,0.65933954,0.18576505,0.55245164,True
24,1,2,Fz,0.09774969,-0.0925514,0.11592863,0.25,0.25,"[2, 6]",0.75,False,0.65933954,0.18576505,0.55245164,True
24,1,3,F3,0.06894715,-0.06894715,0.11063258,0.25,0.25,"[2, 6]",0.75,False,0.65933954,0.18576505,0.55245164,True
24,1,4,F4,0.08905989,-0.01257671,0.11460542,0.25,0.25,"[2, 6]",0.75,False,0.65933954,0.18576505,0.55245164,True
24,1,5,F7,0.08975445,0.08975445,0.09820243,0.25,0.25,"[2, 6]",0.75,False,0.65933954,0.18576505,0.55245164,True
24,1,6,F8,0.12756319,-0.06915268,0.13099249,0.25,0.25,"[2, 6]",0.75,False,0.65933954,0.18576505,0.55245164,True
24,1,7,FCz,0.08199105,0.08199105,0.09795556,0.25,0.25,"[2, 6]",0.75,False,0.65933954,0.18576505,0.55245164,True
24,1,8,FC3,0.05874963,-0.0280749,0.05913021,0.25,0.25,"[2, 6]",0.75,False,0.65933954,0.18576505,0.55245164,True
24,1,9,FC4,0.04806178,-0.04447937,0.06639364,0.25,0.25,"[2, 6]",0.75,False,0.65933954,0.18576505,0.55245164,True
24,1,10,FT7,0.06159208,-0.06159208,0.0706508,0.25,0.25,"[2, 6]",0.75,False,0.65933954,0.18576505,0.55245164,True
24,1,11,FT8,0.08688421,0.00996502,0.10237367,0.25,0.25,"[2, 6]",0.75,False,0.65933954,0.18576505,0.55245164,True
24,1,12,Cz,0.11754584,0.11754584,0.13611977,0.25,0.25,"[2, 6]",0.75,False,0.65933954,0.18576505,0.55245164,True
24,1,13,C3,0.06516605,0.04881471,0.08541843,0.25,0.25,"[2, 6]",0.75,False,0.65933954,0.18576505,0.55245164,True
24,1,14,C4,0.07253098,-0.06912258,0.08753599,0.25,0.25,"[2, 6]",0.75,False,0.65933954,0.18576505,0.55245164,True
24,1,15,T3,0.09191792,0.06963916,0.10827176,0.25,0.25,"[2, 6]",0.75,False,0.65933954,0.18576505,0.55245164,True
24,1,16,T4,0.08696887,0.08696887,0.09919733,0.25,0.25,"[2, 6]",0.75,False,0.65933954,0.18576505,0.55245164,True
24,1,17,CP3,0.14486498,0.03110875,0.16967435,0.25,0.25,"[2, 6]",0.75,False,0.65933954,0.18576505,0.55245164,True
24,1,18,CP4,0.11498864,-0.01690305,0.1449466,0.25,0.25,"[2, 6]",0.75,False,0.65933954,0.18576505,0.55245164,True
24,1,19,TP7,0.10597388,-0.09369427,0.13879496,0.25,0.25,"[2, 6]",0.75,False,0.65933954,0.18576505,0.55245164,True
24,1,20,TP8,0.0619372,0.00870509,0.06257232,0.25,0.25,"[2, 6]",0.75,False,0.65933954,0.18576505,0.55245164,True
24,1,21,Pz,0.13510233,0.0247578,0.14188488,0.25,0.25,"[2, 6]",0.75,False,0.65933954,0.18576505,0.55245164,True
24,1,22,P3,0.09495664,0.09335756,0.11805955,0.25,0.25,"[2, 6]",0.75,False,0.65933954,0.18576505,0.55245164,True
24,1,23,P4,0.12521279,-0.11341241,0.1481166,0.25,0.25,"[2, 6]",0.75,False,0.65933954,0.18576505,0.55245164,True
24,1,24,T5,0.07842797,0.02882946,0.09080151,0.25,0.25,"[2, 6]",0.75,False,0.65933954,0.18576505,0.55245164,True
24,1,25,T6,0.13376053,-0.10685378,0.15871584,0.25,0.25,"[2, 6]",0.75,False,0.65933954,0.18576505,0.55245164,True
24,1,26,Oz,0.04086684,-0.00085272,0.04287707,0.25,0.25,"[2, 6]",0.75,False,0.65933954,0.18576505,0.55245164,True
24,1,27,O1,0.10580944,0.07213823,0.10912133,0.25,0.25,"[2, 6]",0.75,False,0.65933954,0.18576505,0.55245164,True
24,1,28,O2,0.10889441,-0.01038856,0.11212508,0.25,0.25,"[2, 6]",0.75,False,0.65933954,0.18576505,0.55245164,True
24,2,0,Fp1,0.10990512,-0.09627482,0.12273961,0.5,0.5,"[0, 8]",1.0,True,0.01139302,0.00219858,0.00954606,True
24,2,1,Fp2,0.07786295,0.06167063,0.09560677,0.5,0.5,"[0, 8]",1.0,True,0.01139302,0.00219858,0.00954606,True
24,2,2,Fz,0.10456966,-0.09817691,0.11760715,0.5,0.5,"[0, 8]",1.0,True,0.01139302,0.00219858,0.00954606,True
24,2,3,F3,0.08808497,0.02708222,0.0948344,0.5,0.5,"[0, 8]",1.0,True,0.01139302,0.00219858,0.00954606,True
24,2,4,F4,0.09725979,0.01256616,0.10720299,0.5,0.5,"[0, 8]",1.0,True,0.01139302,0.00219858,0.00954606,True
24,2,5,F7,0.08467415,0.08247039,0.09848698,0.5,0.5,"[0, 8]",1.0,True,0.01139302,0.00219858,0.00954606,True
24,2,6,F8,0.07652138,-0.02839028,0.0775391,0.5,0.5,"[0, 8]",1.0,True,0.01139302,0.00219858,0.00954606,True
24,2,7,FCz,0.09905502,0.09905502,0.11400609,0.5,0.5,"[0, 8]",1.0,True,0.01139302,0.00219858,0.00954606,True
24,2,8,FC3,0.03053137,0.00553294,0.03759509,0.5,0.5,"[0, 8]",1.0,True,0.01139302,0.00219858,0.00954606,True
24,2,9,FC4,0.05842614,-0.05842614,0.07653981,0.5,0.5,"[0, 8]",1.0,True,0.01139302,0.00219858,0.00954606,True
24,2,10,FT7,0.08990584,-0.05766381,0.10340575,0.5,0.5,"[0, 8]",1.0,True,0.01139302,0.00219858,0.00954606,True
24,2,11,FT8,0.08017319,-0.00267905,0.09741313,0.5,0.5,"[0, 8]",1.0,True,0.01139302,0.00219858,0.00954606,True
24,2,12,Cz,0.07689377,0.07539266,0.09244879,0.5,0.5,"[0, 8]",1.0,True,0.01139302,0.00219858,0.00954606,True
24,2,13,C3,0.11440016,0.07161767,0.11646641,0.5,0.5,"[0, 8]",1.0,True,0.01139302,0.00219858,0.00954606,True
24,2,14,C4,0.08572225,-0.07495196,0.09578659,0.5,0.5,"[0, 8]",1.0,True,0.01139302,0.00219858,0.00954606,True
24,2,15,T3,0.12669602,0.12669602,0.13207127,0.5,0.5,"[0, 8]",1.0,True,0.01139302,0.00219858,0.00954606,True
24,2,16,T4,0.12113248,0.01313504,0.13372499,0.5,0.5,"[0, 8]",1.0,True,0.01139302,0.00219858,0.00954606,True
24,2,17,CP3,0.12167123,0.03168048,0.13972294,0.5,0.5,"[0, 8]",1.0,True,0.01139302,0.00219858,0.00954606,True
24,2,18,CP4,0.11141788,0.0347182,0.12764813,0.5,0.5,"[0, 8]",1.0,True,0.01139302,0.00219858,0.00954606,True
24,2,19,TP7,0.08514947,-0.01814482,0.09497541,0.5,0.5,"[0, 8]",1.0,True,0.01139302,0.00219858,0.00954606,True
24,2,20,TP8,0.08950795,-0.05992411,0.10888473,0.5,0.5,"[0, 8]",1.0,True,0.01139302,0.00219858,0.00954606,True
24,2,21,Pz,0.15321814,0.00619573,0.15337278,0.5,0.5,"[0, 8]",1.0,True,0.01139302,0.00219858,0.00954606,True
24,2,22,P3,0.10731985,0.10731985,0.11664921,0.5,0.5,"[0, 8]",1.0,True,0.01139302,0.00219858,0.00954606,True
24,2,23,P4,0.10572709,-0.09298018,0.11733573,0.5,0.5,"[0, 8]",1.0,True,0.01139302,0.00219858,0.00954606,True
24,2,24,T5,0.10449754,0.0726153,0.11365823,0.5,0.5,"[0, 8]",1.0,True,0.01139302,0.00219858,0.00954606,True
24,2,25,T6,0.08108705,-0.06329707,0.09273503,0.5,0.5,"[0, 8]",1.0,True,0.01139302,0.00219858,0.00954606,True
24,2,26,Oz,0.077275,0.04233138,0.0798125,0.5,0.5,"[0, 8]",1.0,True,0.01139302,0.00219858,0.00954606,True
24,2,27,O1,0.12117141,0.05633993,0.13187276,0.5,0.5,"[0, 8]",1.0,True,0.01139302,0.00219858,0.00954606,True
24,2,28,O2,0.14381608,-0.02335107,0.14644296,0.5,0.5,"[0, 8]",1.0,True,0.01139302,0.00219858,0.00954606,True
24,3,0,Fp1,0.07494056,-0.06431108,0.09150527,0.5,0.5,"[2, 6]",0.75,False,0.36928091,0.08654023,0.30941545,True
24,3,1,Fp2,0.08188946,0.07362735,0.11339737,0.5,0.5,"[2, 6]",0.75,False,0.36928091,0.08654023,0.30941545,True
24,3,2,Fz,0.10440794,-0.09506144,0.11736826,0.5,0.5,"[2, 6]",0.75,False,0.36928091,0.08654023,0.30941545,True
24,3,3,F3,0.05368707,0.00459485,0.06298317,0.5,0.5,"[2, 6]",0.75,False,0.36928091,0.08654023,0.30941545,True
24,3,4,F4,0.10584211,0.02588028,0.11152811,0.5,0.5,"[2, 6]",0.75,False,0.36928091,0.08654023,0.30941545,True
24,3,5,F7,0.06386899,0.06386899,0.07072568,0.5,0.5,"[2, 6]",0.75,False,0.36928091,0.08654023,0.30941545,True
24,3,6,F8,0.08452462,-0.02814068,0.08875085,0.5,0.5,"[2, 6]",0.75,False,0.36928091,0.08654023,0.30941545,True
24,3,7,FCz,0.07765511,0.07765511,0.08810598,0.5,0.5,"[2, 6]",0.75,False,0.36928091,0.08654023,0.30941545,True
24,3,8,FC3,0.04035254,-0.02365455,0.04531376,0.5,0.5,"[2, 6]",0.75,False,0.36928091,0.08654023,0.30941545,True
24,3,9,FC4,0.05723866,-0.02340231,0.0631066,0.5,0.5,"[2, 6]",0.75,False,0.36928091,0.08654023,0.30941545,True
24,3,10,FT7,0.0864199,-0.08139751,0.10948816,0.5,0.5,"[2, 6]",0.75,False,0.36928091,0.08654023,0.30941545,True
24,3,11,FT8,0.10701413,0.0203259,0.11905319,0.5,0.5,"[2, 6]",0.75,False,0.36928091,0.08654023,0.30941545,True
24,3,12,Cz,0.08747333,0.07620672,0.09576989,0.5,0.5,"[2, 6]",0.75,False,0.36928091,0.08654023,0.30941545,True
24,3,13,C3,0.08358097,0.04908433,0.08687054,0.5,0.5,"[2, 6]",0.75,False,0.36928091,0.08654023,0.30941545,True
24,3,14,C4,0.0922738,-0.05217952,0.10607243,0.5,0.5,"[2, 6]",0.75,False,0.36928091,0.08654023,0.30941545,True
24,3,15,T3,0.10590261,0.10590261,0.12728019,0.5,0.5,"[2, 6]",0.75,False,0.36928091,0.08654023,0.30941545,True
24,3,16,T4,0.10845999,0.03888687,0.12473713,0.5,0.5,"[2, 6]",0.75,False,0.36928091,0.08654023,0.30941545,True
24,3,17,CP3,0.14692327,0.01157323,0.16762464,0.5,0.5,"[2, 6]",0.75,False,0.36928091,0.08654023,0.30941545,True
24,3,18,CP4,0.09630727,0.03268116,0.10752095,0.5,0.5,"[2, 6]",0.75,False,0.36928091,0.08654023,0.30941545,True
24,3,19,TP7,0.09686129,-0.02747308,0.11120687,0.5,0.5,"[2, 6]",0.75,False,0.36928091,0.08654023,0.30941545,True
24,3,20,TP8,0.09510334,-0.03902994,0.1040967,0.5,0.5,"[2, 6]",0.75,False,0.36928091,0.08654023,0.30941545,True
24,3,21,Pz,0.14279065,0.01265052,0.14364778,0.5,0.5,"[2, 6]",0.75,False,0.36928091,0.08654023,0.30941545,True
24,3,22,P3,0.10360892,0.10360892,0.11913254,0.5,0.5,"[2, 6]",0.75,False,0.36928091,0.08654023,0.30941545,True
24,3,23,P4,0.1041632,-0.09129766,0.11598773,0.5,0.5,"[2, 6]",0.75,False,0.36928091,0.08654023,0.30941545,True
24,3,24,T5,0.0782804,0.0531417,0.10029748,0.5,0.5,"[2, 6]",0.75,False,0.36928091,0.08654023,0.30941545,True
24,3,25,T6,0.10882826,-0.09358492,0.13226211,0.5,0.5,"[2, 6]",0.75,False,0.36928091,0.08654023,0.30941545,True
24,3,26,Oz,0.05542072,-0.00312405,0.05819075,0.5,0.5,"[2, 6]",0.75,False,0.36928091,0.08654023,0.30941545,True
24,3,27,O1,0.12602492,0.08021943,0.13712364,0.5,0.5,"[2, 6]",0.75,False,0.36928091,0.08654023,0.30941545,True
24,3,28,O2,0.14131749,0.00035685,0.14240192,0.5,0.5,"[2, 6]",0.75,False,0.36928091,0.08654023,0.30941545,True
24,4,0,Fp1,0.10914424,-0.09461947,0.1216775,0.5,0.5,"[0, 8]",1.0,True,0.0120411,0.00238208,0.01008908,True
24,4,1,Fp2,0.07836343,0.06207255,0.09561298,0.5,0.5,"[0, 8]",1.0,True,0.0120411,0.00238208,0.01008908,True
24,4,2,Fz,0.10396636,-0.09778586,0.11710034,0.5,0.5,"[0, 8]",1.0,True,0.0120411,0.00238208,0.01008908,True
24,4,3,F3,0.08838645,0.02814961,0.09488251,0.5,0.5,"[0, 8]",1.0,True,0.0120411,0.00238208,0.01008908,True
24,4,4,F4,0.09847584,0.01297241,0.10857542,0.5,0.5,"[0, 8]",1.0,True,0.0120411,0.00238208,0.01008908,True
24,4,5,F7,0.08427437,0.08198932,0.09782077,0.5,0.5,"[0, 8]",1.0,True,0.0120411,0.00238208,0.01008908,True
24,4,6,F8,0.07770067,-0.02834415,0.07883054,0.5,0.5,"[0, 8]",1.0,True,0.0120411,0.00238208,0.01008908,True
24,4,7,FCz,0.09903585,0.09903585,0.11440622,0.5,0.5,"[0, 8]",1.0,True,0.0120411,0.00238208,0.01008908,True
24,4,8,FC3,0.03073963,0.00663703,0.03719966,0.5,0.5,"[0, 8]",1.0,True,0.0120411,0.00238208,0.01008908,True
24,4,9,FC4,0.05761785,-0.05761785,0.07597297,0.5,0.5,"[0, 8]",1.0,True,0.0120411,0.00238208,0.01008908,True
24,4,10,FT7,0.09115309,-0.05837403,0.10457371,0.5,0.5,"[0, 8]",1.0,True,0.0120411,0.00238208,0.01008908,True
24,4,11,FT8,0.0799509,-0.00332728,0.09689184,0.5,0.5,"[0, 8]",1.0,True,0.0120411,0.00238208,0.01008908,True
24,4,12,Cz,0.07710175,0.07607652,0.09276898,0.5,0.5,"[0, 8]",1.0,True,0.0120411,0.00238208,0.01008908,True
24,4,13,C3,0.11490731,0.07255281,0.11716947,0.5,0.5,"[0, 8]",1.0,True,0.0120411,0.00238208,0.01008908,True
24,4,14,C4,0.08594297,-0.07516499,0.09624069,0.5,0.5,"[0, 8]",1.0,True,0.0120411,0.00238208,0.01008908,True
24,4,15,T3,0.12633649,0.12633649,0.13148601,0.5,0.5,"[0, 8]",1.0,True,0.0120411,0.00238208,0.01008908,True
24,4,16,T4,0.12108077,0.01277544,0.13352014,0.5,0.5,"[0, 8]",1.0,True,0.0120411,0.00238208,0.01008908,True
24,4,17,CP3,0.12155628,0.0322604,0.13971186,0.5,0.5,"[0, 8]",1.0,True,0.0120411,0.00238208,0.01008908,True
24,4,18,CP4,0.11043407,0.03404329,0.12695733,0.5,0.5,"[0, 8]",1.0,True,0.0120411,0.00238208,0.01008908,True
24,4,19,TP7,0.08499848,-0.01850066,0.09529124,0.5,0.5,"[0, 8]",1.0,True,0.0120411,0.00238208,0.01008908,True
24,4,20,TP8,0.08851045,-0.05974934,0.1078907,0.5,0.5,"[0, 8]",1.0,True,0.0120411,0.00238208,0.01008908,True
24,4,21,Pz,0.15217118,0.00587723,0.15232381,0.5,0.5,"[0, 8]",1.0,True,0.0120411,0.00238208,0.01008908,True
24,4,22,P3,0.10776448,0.10776448,0.117236,0.5,0.5,"[0, 8]",1.0,True,0.0120411,0.00238208,0.01008908,True
24,4,23,P4,0.10474133,-0.09357271,0.11696457,0.5,0.5,"[0, 8]",1.0,True,0.0120411,0.00238208,0.01008908,True
24,4,24,T5,0.10560448,0.07291874,0.11477122,0.5,0.5,"[0, 8]",1.0,True,0.0120411,0.00238208,0.01008908,True
24,4,25,T6,0.08160421,-0.06324436,0.09283565,0.5,0.5,"[0, 8]",1.0,True,0.0120411,0.00238208,0.01008908,True
24,4,26,Oz,0.07773553,0.04119132,0.08016431,0.5,0.5,"[0, 8]",1.0,True,0.0120411,0.00238208,0.01008908,True
24,4,27,O1,0.12089694,0.05553922,0.13135302,0.5,0.5,"[0, 8]",1.0,True,0.0120411,0.00238208,0.01008908,True
24,4,28,O2,0.14492549,-0.02440844,0.14770074,0.5,0.5,"[0, 8]",1.0,True,0.0120411,0.00238208,0.01008908,True
24,5,0,Fp1,0.10854302,-0.09467866,0.12111265,0.5,0.5,"[0, 8]",1.0,True,0.01268783,0.0022741,0.01063096,True
24,5,1,Fp2,0.07862528,0.06207579,0.09616253,0.5,0.5,"[0, 8]",1.0,True,0.01268783,0.0022741,0.01063096,True
24,5,2,Fz,0.10457929,-0.09794727,0.11759632,0.5,0.5,"[0, 8]",1.0,True,0.01268783,0.0022741,0.01063096,True
24,5,3,F3,0.08807077,0.02758882,0.09477188,0.5,0.5,"[0, 8]",1.0,True,0.01268783,0.0022741,0.01063096,True
24,5,4,F4,0.0977228,0.01282746,0.10773163,0.5,0.5,"[0, 8]",1.0,True,0.01268783,0.0022741,0.01063096,True
24,5,5,F7,0.08440851,0.0817933,0.0977896,0.5,0.5,"[0, 8]",1.0,True,0.01268783,0.0022741,0.01063096,True
24,5,6,F8,0.07760145,-0.02847393,0.07864239,0.5,0.5,"[0, 8]",1.0,True,0.01268783,0.0022741,0.01063096,True
24,5,7,FCz,0.09889723,0.09889723,0.1144499,0.5,0.5,"[0, 8]",1.0,True,0.01268783,0.0022741,0.01063096,True
24,5,8,FC3,0.03117878,0.00582637,0.03807057,0.5,0.5,"[0, 8]",1.0,True,0.01268783,0.0022741,0.01063096,True
24,5,9,FC4,0.05792215,-0.05792215,0.07586896,0.5,0.5,"[0, 8]",1.0,True,0.01268783,0.0022741,0.01063096,True
24,5,10,FT7,0.09093286,-0.05836965,0.10412874,0.5,0.5,"[0, 8]",1.0,True,0.01268783,0.0022741,0.01063096,True
24,5,11,FT8,0.07931698,-0.00298276,0.09602931,0.5,0.5,"[0, 8]",1.0,True,0.01268783,0.0022741,0.01063096,True
24,5,12,Cz,0.07749806,0.07576324,0.09288359,0.5,0.5,"[0, 8]",1.0,True,0.01268783,0.0022741,0.01063096,True
24,5,13,C3,0.11453168,0.07190162,0.11660535,0.5,0.5,"[0, 8]",1.0,True,0.01268783,0.0022741,0.01063096,True
24,5,14,C4,0.08562118,-0.07504131,0.09592182,0.5,0.5,"[0, 8]",1.0,True,0.01268783,0.0022741,0.01063096,True
24,5,15,T3,0.12563603,0.12563603,0.1310502,0.5,0.5,"[0, 8]",1.0,True,0.01268783,0.0022741,0.01063096,True
24,5,16,T4,0.12151253,0.01340735,0.13431534,0.5,0.5,"[0, 8]",1.0,True,0.01268783,0.0022741,0.01063096,True
24,5,17,CP3,0.12198223,0.03175518,0.14004603,0.5,0.5,"[0, 8]",1.0,True,0.01268783,0.0022741,0.01063096,True
24,5,18,CP4,0.11145587,0.03495366,0.12811927,0.5,0.5,"[0, 8]",1.0,True,0.01268783,0.0022741,0.01063096,True
24,5,19,TP7,0.08537395,-0.01848306,0.09553214,0.5,0.5,"[0, 8]",1.0,True,0.01268783,0.0022741,0.01063096,True
24,5,20,TP8,0.0902766,-0.06000223,0.10952621,0.5,0.5,"[0, 8]",1.0,True,0.01268783,0.0022741,0.01063096,True
24,5,21,Pz,0.15216574,0.00590145,0.15232018,0.5,0.5,"[0, 8]",1.0,True,0.01268783,0.0022741,0.01063096,True
24,5,22,P3,0.1075528,0.1075528,0.11701725,0.5,0.5,"[0, 8]",1.0,True,0.01268783,0.0022741,0.01063096,True
24,5,23,P4,0.10498017,-0.09244762,0.11649752,0.5,0.5,"[0, 8]",1.0,True,0.01268783,0.0022741,0.01063096,True
24,5,24,T5,0.10568021,0.0732457,0.11490595,0.5,0.5,"[0, 8]",1.0,True,0.01268783,0.0022741,0.01063096,True
24,5,25,T6,0.08052023,-0.06274854,0.09222782,0.5,0.5,"[0, 8]",1.0,True,0.01268783,0.0022741,0.01063096,True
24,5,26,Oz,0.07772236,0.04153888,0.08026683,0.5,0.5,"[0, 8]",1.0,True,0.01268783,0.0022741,0.01063096,True
24,5,27,O1,0.12095223,0.05569169,0.13143419,0.5,0.5,"[0, 8]",1.0,True,0.01268783,0.0022741,0.01063096,True
24,5,28,O2,0.14461371,-0.02349121,0.1472149,0.5,0.5,"[0, 8]",1.0,True,0.01268783,0.0022741,0.01063096,True
25,1,0,Fp1,0.08668362,-0.06969032,0.10234836,0.375,0.375,"[7, 1]",0.875,False,0.79287793,0.20700984,0.66434164,True
25,1,1,Fp2,0.06993848,0.0404016,0.08406349,0.375,0.375,"[7, 1]",0.875,False,0.79287793,0.20700984,0.66434164,True
25,1,2,Fz,0.13042812,-0.13042812,0.14094013,0.375,0.375,"[7, 1]",0.875,False,0.79287793,0.20700984,0.66434164,True
25,1,3,F3,0.09496252,-0.08137565,0.12731148,0.375,0.375,"[7, 1]",0.875,False,0.79287793,0.20700984,0.66434164,True
25,1,4,F4,0.09405398,0.03638975,0.10564636,0.375,0.375,"[7, 1]",0.875,False,0.79287793,0.20700984,0.66434164,True
25,1,5,F7,0.08455101,0.08455101,0.09784615,0.375,0.375,"[7, 1]",0.875,False,0.79287793,0.20700984,0.66434164,True
25,1,6,F8,0.04051364,0.03366406,0.05338206,0.375,0.375,"[7, 1]",0.875,False,0.79287793,0.20700984,0.66434164,True
25,1,7,FCz,0.08813171,0.08813171,0.11789729,0.375,0.375,"[7, 1]",0.875,False,0.79287793,0.20700984,0.66434164,True
25,1,8,FC3,0.05019835,-0.02620466,0.0596725,0.375,0.375,"[7, 1]",0.875,False,0.79287793,0.20700984,0.66434164,True
25,1,9,FC4,0.05478926,0.01557621,0.07371635,0.375,0.375,"[7, 1]",0.875,False,0.79287793,0.20700984,0.66434164,True
25,1,10,FT7,0.1279569,-0.08435193,0.14668213,0.375,0.375,"[7, 1]",0.875,False,0.79287793,0.20700984,0.66434164,True
25,1,11,FT8,0.084088,-0.02466667,0.095073,0.375,0.375,"[7, 1]",0.875,False,0.79287793,0.20700984,0.66434164,True
25,1,12,Cz,0.08429506,0.05747143,0.08903297,0.375,0.375,"[7, 1]",0.875,False,0.79287793,0.20700984,0.66434164,True
25,1,13,C3,0.11903532,0.11903532,0.12279456,0.375,0.375,"[7, 1]",0.875,False,0.79287793,0.20700984,0.66434164,True
25,1,14,C4,0.06207725,-0.01084529,0.0695869,0.375,0.375,"[7, 1]",0.875,False,0.79287793,0.20700984,0.66434164,True
25,1,15,T3,0.18419343,0.18419343,0.1897051,0.375,0.375,"[7, 1]",0.875,False,0.79287793,0.20700984,0.66434164,True
25,1,16,T4,0.07043932,0.01124577,0.08751845,0.375,0.375,"[7, 1]",0.875,False,0.79287793,0.20700984,0.66434164,True
25,1,17,CP3,0.12792559,0.05011239,0.13767894,0.375,0.375,"[7, 1]",0.875,False,0.79287793,0.20700984,0.66434164,True
25,1,18,CP4,0.0871382,0.00519668,0.11719087,0.375,0.375,"[7, 1]",0.875,False,0.79287793,0.20700984,0.66434164,True
25,1,19,TP7,0.10294326,-0.10294326,0.11272541,0.375,0.375,"[7, 1]",0.875,False,0.79287793,0.20700984,0.66434164,True
25,1,20,TP8,0.10232822,-0.05565208,0.12384317,0.375,0.375,"[7, 1]",0.875,False,0.79287793,0.20700984,0.66434164,True
25,1,21,Pz,0.1002875,-0.03886534,0.10807172,0.375,0.375,"[7, 1]",0.875,False,0.79287793,0.20700984,0.66434164,True
25,1,22,P3,0.09419665,0.09419665,0.10420066,0.375,0.375,"[7, 1]",0.875,False,0.79287793,0.20700984,0.66434164,True
25,1,23,P4,0.09801441,-0.09801441,0.10296424,0.375,0.375,"[7, 1]",0.875,False,0.79287793,0.20700984,0.66434164,True
25,1,24,T5,0.08202388,-0.08202388,0.10482595,0.375,0.375,"[7, 1]",0.875,False,0.79287793,0.20700984,0.66434164,True
25,1,25,T6,0.12007584,-0.0071026,0.14724137,0.375,0.375,"[7, 1]",0.875,False,0.79287793,0.20700984,0.66434164,True
25,1,26,Oz,0.06790817,0.04753351,0.0790377,0.375,0.375,"[7, 1]",0.875,False,0.79287793,0.20700984,0.66434164,True
25,1,27,O1,0.13878974,0.07765031,0.15565746,0.375,0.375,"[7, 1]",0.875,False,0.79287793,0.20700984,0.66434164,True
25,1,28,O2,0.13783941,-0.0204672,0.14002275,0.375,0.375,"[7, 1]",0.875,False,0.79287793,0.20700984,0.66434164,True
25,2,0,Fp1,0.08393849,-0.06391085,0.09057662,0.375,0.375,"[5, 3]",0.625,False,0.92645639,0.2354526,0.77626522,True
25,2,1,Fp2,0.07055634,0.03302506,0.08172633,0.375,0.375,"[5, 3]",0.625,False,0.92645639,0.2354526,0.77626522,True
25,2,2,Fz,0.09911171,-0.09911171,0.11148573,0.375,0.375,"[5, 3]",0.625,False,0.92645639,0.2354526,0.77626522,True
25,2,3,F3,0.08832724,-0.00907658,0.1033395,0.375,0.375,"[5, 3]",0.625,False,0.92645639,0.2354526,0.77626522,True
25,2,4,F4,0.08132938,0.05455577,0.0860583,0.375,0.375,"[5, 3]",0.625,False,0.92645639,0.2354526,0.77626522,True
25,2,5,F7,0.05747908,0.05747908,0.06299447,0.375,0.375,"[5, 3]",0.625,False,0.92645639,0.2354526,0.77626522,True
25,2,6,F8,0.04989533,0.03392834,0.05650902,0.375,0.375,"[5, 3]",0.625,False,0.92645639,0.2354526,0.77626522,True
25,2,7,FCz,0.10561227,0.10561227,0.12171837,0.375,0.375,"[5, 3]",0.625,False,0.92645639,0.2354526,0.77626522,True
25,2,8,FC3,0.06293313,-0.05825543,0.07597238,0.375,0.375,"[5, 3]",0.625,False,0.92645639,0.2354526,0.77626522,True
25,2,9,FC4,0.10229383,0.00920467,0.11453289,0.375,0.375,"[5, 3]",0.625,False,0.92645639,0.2354526,0.77626522,True
25,2,10,FT7,0.12712057,-0.08973086,0.15427853,0.375,0.375,"[5, 3]",0.625,False,0.92645639,0.2354526,0.77626522,True
25,2,11,FT8,0.06082583,0.01337266,0.07769677,0.375,0.375,"[5, 3]",0.625,False,0.92645639,0.2354526,0.77626522,True
25,2,12,Cz,0.06211447,0.00535145,0.06951521,0.375,0.375,"[5, 3]",0.625,False,0.92645639,0.2354526,0.77626522,True
25,2,13,C3,0.132549,0.10872991,0.15448147,0.375,0.375,"[5, 3]",0.625,False,0.92645639,0.2354526,0.77626522,True
25,2,14,C4,0.06601316,0.0182715,0.08471762,0.375,0.375,"[5, 3]",0.625,False,0.92645639,0.2354526,0.77626522,True
25,2,15,T3,0.1718318,0.1718318,0.17868511,0.375,0.375,"[5, 3]",0.625,False,0.92645639,0.2354526,0.77626522,True
25,2,16,T4,0.08053672,-0.00423873,0.09862057,0.375,0.375,"[5, 3]",0.625,False,0.92645639,0.2354526,0.77626522,True
25,2,17,CP3,0.15807846,0.07551824,0.15964463,0.375,0.375,"[5, 3]",0.625,False,0.92645639,0.2354526,0.77626522,True
25,2,18,CP4,0.12568913,-0.03958442,0.14051083,0.375,0.375,"[5, 3]",0.625,False,0.92645639,0.2354526,0.77626522,True
25,2,19,TP7,0.14360593,-0.14360593,0.18052226,0.375,0.375,"[5, 3]",0.625,False,0.92645639,0.2354526,0.77626522,True
25,2,20,TP8,0.12313942,-0.07799935,0.14849646,0.375,0.375,"[5, 3]",0.625,False,0.92645639,0.2354526,0.77626522,True
25,2,21,Pz,0.09232539,-0.01487349,0.10906084,0.375,0.375,"[5, 3]",0.625,False,0.92645639,0.2354526,0.77626522,True
25,2,22,P3,0.13027316,0.13027316,0.13652846,0.375,0.375,"[5, 3]",0.625,False,0.92645639,0.2354526,0.77626522,True
25,2,23,P4,0.05658251,-0.02784836,0.08012444,0.375,0.375,"[5, 3]",0.625,False,0.92645639,0.2354526,0.77626522,True
25,2,24,T5,0.09080817,-0.09080817,0.10756858,0.375,0.375,"[5, 3]",0.625,False,0.92645639,0.2354526,0.77626522,True
25,2,25,T6,0.10786076,-0.00419397,0.10940563,0.375,0.375,"[5, 3]",0.625,False,0.92645639,0.2354526,0.77626522,True
25,2,26,Oz,0.07501751,0.07501751,0.09206007,0.375,0.375,"[5, 3]",0.625,False,0.92645639,0.2354526,0.77626522,True
25,2,27,O1,0.09156784,0.08603642,0.1124256,0.375,0.375,"[5, 3]",0.625,False,0.92645639,0.2354526,0.77626522,True
25,2,28,O2,0.12707911,-0.04894073,0.14366476,0.375,0.375,"[5, 3]",0.625,False,0.92645639,0.2354526,0.77626522,True
25,3,0,Fp1,0.11360082,-0.09688368,0.12570076,0.375,0.375,"[1, 7]",0.875,False,0.04098797,0.00846168,0.03434327,True
25,3,1,Fp2,0.07946149,0.06141597,0.09556927,0.375,0.375,"[1, 7]",0.875,False,0.04098797,0.00846168,0.03434327,True
25,3,2,Fz,0.10361932,-0.10089013,0.11893515,0.375,0.375,"[1, 7]",0.875,False,0.04098797,0.00846168,0.03434327,True
25,3,3,F3,0.08903542,0.02624545,0.09658827,0.375,0.375,"[1, 7]",0.875,False,0.04098797,0.00846168,0.03434327,True
25,3,4,F4,0.09642831,0.01274038,0.10627989,0.375,0.375,"[1, 7]",0.875,False,0.04098797,0.00846168,0.03434327,True
25,3,5,F7,0.08301345,0.08193071,0.09672294,0.375,0.375,"[1, 7]",0.875,False,0.04098797,0.00846168,0.03434327,True
25,3,6,F8,0.07550489,-0.02667733,0.07666238,0.375,0.375,"[1, 7]",0.875,False,0.04098797,0.00846168,0.03434327,True
25,3,7,FCz,0.09714359,0.09714359,0.11284252,0.375,0.375,"[1, 7]",0.875,False,0.04098797,0.00846168,0.03434327,True
25,3,8,FC3,0.03222973,0.00526497,0.03951847,0.375,0.375,"[1, 7]",0.875,False,0.04098797,0.00846168,0.03434327,True
25,3,9,FC4,0.05715057,-0.05715057,0.07449256,0.375,0.375,"[1, 7]",0.875,False,0.04098797,0.00846168,0.03434327,True
25,3,10,FT7,0.09096744,-0.05612928,0.10443886,0.375,0.375,"[1, 7]",0.875,False,0.04098797,0.00846168,0.03434327,True
25,3,11,FT8,0.08051995,-0.00306833,0.09764565,0.375,0.375,"[1, 7]",0.875,False,0.04098797,0.00846168,0.03434327,True
25,3,12,Cz,0.07552487,0.07408782,0.09068782,0.375,0.375,"[1, 7]",0.875,False,0.04098797,0.00846168,0.03434327,True
25,3,13,C3,0.11001357,0.06920954,0.11215623,0.375,0.375,"[1, 7]",0.875,False,0.04098797,0.00846168,0.03434327,True
25,3,14,C4,0.08374912,-0.074742,0.09442523,0.375,0.375,"[1, 7]",0.875,False,0.04098797,0.00846168,0.03434327,True
25,3,15,T3,0.12881371,0.12881371,0.13341577,0.375,0.375,"[1, 7]",0.875,False,0.04098797,0.00846168,0.03434327,True
25,3,16,T4,0.12326825,0.01567167,0.13554792,0.375,0.375,"[1, 7]",0.875,False,0.04098797,0.00846168,0.03434327,True
25,3,17,CP3,0.11887908,0.0331164,0.13789491,0.375,0.375,"[1, 7]",0.875,False,0.04098797,0.00846168,0.03434327,True
25,3,18,CP4,0.10993515,0.03256404,0.12689084,0.375,0.375,"[1, 7]",0.875,False,0.04098797,0.00846168,0.03434327,True
25,3,19,TP7,0.0820422,-0.01859641,0.09170608,0.375,0.375,"[1, 7]",0.875,False,0.04098797,0.00846168,0.03434327,True
25,3,20,TP8,0.08968639,-0.05663545,0.10729926,0.375,0.375,"[1, 7]",0.875,False,0.04098797,0.00846168,0.03434327,True
25,3,21,Pz,0.15464678,0.00237598,0.15468864,0.375,0.375,"[1, 7]",0.875,False,0.04098797,0.00846168,0.03434327,True
25,3,22,P3,0.10520284,0.10520284,0.11452293,0.375,0.375,"[1, 7]",0.875,False,0.04098797,0.00846168,0.03434327,True
25,3,23,P4,0.10676332,-0.09554408,0.11911631,0.375,0.375,"[1, 7]",0.875,False,0.04098797,0.00846168,0.03434327,True
25,3,24,T5,0.10200179,0.07060206,0.11181893,0.375,0.375,"[1, 7]",0.875,False,0.04098797,0.00846168,0.03434327,True
25,3,25,T6,0.0778194,-0.05921838,0.09012958,0.375,0.375,"[1, 7]",0.875,False,0.04098797,0.00846168,0.03434327,True
25,3,26,Oz,0.07352239,0.03950912,0.0756947,0.375,0.375,"[1, 7]",0.875,False,0.04098797,0.00846168,0.03434327,True
25,3,27,O1,0.12289445,0.05391616,0.13376881,0.375,0.375,"[1, 7]",0.875,False,0.04098797,0.00846168,0.03434327,True
25,3,28,O2,0.14110701,-0.02666833,0.14465684,0.375,0.375,"[1, 7]",0.875,False,0.04098797,0.00846168,0.03434327,True
25,4,0,Fp1,0.11835578,-0.10017468,0.13167886,0.75,0.75,"[4, 4]",0.5,False,0.17714456,0.03501239,0.14842702,True
25,4,1,Fp2,0.0834857,0.06152679,0.09696943,0.75,0.75,"[4, 4]",0.5,False,0.17714456,0.03501239,0.14842702,True
25,4,2,Fz,0.10430345,-0.10430345,0.12007753,0.75,0.75,"[4, 4]",0.5,False,0.17714456,0.03501239,0.14842702,True
25,4,3,F3,0.08814146,0.0175936,0.09996632,0.75,0.75,"[4, 4]",0.5,False,0.17714456,0.03501239,0.14842702,True
25,4,4,F4,0.09878892,0.02758658,0.10308512,0.75,0.75,"[4, 4]",0.5,False,0.17714456,0.03501239,0.14842702,True
25,4,5,F7,0.08590634,0.08590634,0.09780954,0.75,0.75,"[4, 4]",0.5,False,0.17714456,0.03501239,0.14842702,True
25,4,6,F8,0.05752201,-0.01595127,0.05946406,0.75,0.75,"[4, 4]",0.5,False,0.17714456,0.03501239,0.14842702,True
25,4,7,FCz,0.09868702,0.09868702,0.11615264,0.75,0.75,"[4, 4]",0.5,False,0.17714456,0.03501239,0.14842702,True
25,4,8,FC3,0.03300587,0.00121805,0.03985947,0.75,0.75,"[4, 4]",0.5,False,0.17714456,0.03501239,0.14842702,True
25,4,9,FC4,0.05017704,-0.04508521,0.06668857,0.75,0.75,"[4, 4]",0.5,False,0.17714456,0.03501239,0.14842702,True
25,4,10,FT7,0.10291626,-0.06229711,0.1195747,0.75,0.75,"[4, 4]",0.5,False,0.17714456,0.03501239,0.14842702,True
25,4,11,FT8,0.0778288,0.00350359,0.09621968,0.75,0.75,"[4, 4]",0.5,False,0.17714456,0.03501239,0.14842702,True
25,4,12,Cz,0.07410597,0.07410597,0.08877153,0.75,0.75,"[4, 4]",0.5,False,0.17714456,0.03501239,0.14842702,True
25,4,13,C3,0.10683609,0.07060493,0.11127218,0.75,0.75,"[4, 4]",0.5,False,0.17714456,0.03501239,0.14842702,True
25,4,14,C4,0.07608251,-0.0632081,0.0850015,0.75,0.75,"[4, 4]",0.5,False,0.17714456,0.03501239,0.14842702,True
25,4,15,T3,0.1360677,0.1360677,0.13965791,0.75,0.75,"[4, 4]",0.5,False,0.17714456,0.03501239,0.14842702,True
25,4,16,T4,0.12413286,0.01834073,0.13525672,0.75,0.75,"[4, 4]",0.5,False,0.17714456,0.03501239,0.14842702,True
25,4,17,CP3,0.12196477,0.03389385,0.140122,0.75,0.75,"[4, 4]",0.5,False,0.17714456,0.03501239,0.14842702,True
25,4,18,CP4,0.11322473,0.039882,0.12817577,0.75,0.75,"[4, 4]",0.5,False,0.17714456,0.03501239,0.14842702,True
25,4,19,TP7,0.06910259,-0.032358,0.07936478,0.75,0.75,"[4, 4]",0.5,False,0.17714456,0.03501239,0.14842702,True
25,4,20,TP8,0.08311751,-0.05502515,0.10153912,0.75,0.75,"[4, 4]",0.5,False,0.17714456,0.03501239,0.14842702,True
25,4,21,Pz,0.15000576,-0.00776717,0.15031655,0.75,0.75,"[4, 4]",0.5,False,0.17714456,0.03501239,0.14842702,True
25,4,22,P3,0.10537001,0.10537001,0.11443242,0.75,0.75,"[4, 4]",0.5,False,0.17714456,0.03501239,0.14842702,True
25,4,23,P4,0.10185833,-0.09949647,0.11740477,0.75,0.75,"[4, 4]",0.5,False,0.17714456,0.03501239,0.14842702,True
25,4,24,T5,0.08883508,0.05656659,0.09733444,0.75,0.75,"[4, 4]",0.5,False,0.17714456,0.03501239,0.14842702,True
25,4,25,T6,0.0829699,-0.05258433,0.09353201,0.75,0.75,"[4, 4]",0.5,False,0.17714456,0.03501239,0.14842702,True
25,4,26,Oz,0.06118636,0.0321088,0.06290621,0.75,0.75,"[4, 4]",0.5,False,0.17714456,0.03501239,0.14842702,True
25,4,27,O1,0.12224483,0.04405721,0.13658558,0.75,0.75,"[4, 4]",0.5,False,0.17714456,0.03501239,0.14842702,True
25,4,28,O2,0.13775828,-0.03727575,0.1444225,0.75,0.75,"[4, 4]",0.5,False,0.17714456,0.03501239,0.14842702,True
25,5,0,Fp1,0.1104494,-0.09680648,0.12357319,0.5,0.5,"[0, 8]",1.0,True,0.01456511,0.00222874,0.01220391,True
25,5,1,Fp2,0.0769908,0.05960893,0.09419953,0.5,0.5,"[0, 8]",1.0,True,0.01456511,0.00222874,0.01220391,True
25,5,2,Fz,0.10407506,-0.09757322,0.11718033,0.5,0.5,"[0, 8]",1.0,True,0.01456511,0.00222874,0.01220391,True
25,5,3,F3,0.08765134,0.02690061,0.0950384,0.5,0.5,"[0, 8]",1.0,True,0.01456511,0.00222874,0.01220391,True
25,5,4,F4,0.09774752,0.01251589,0.10784186,0.5,0.5,"[0, 8]",1.0,True,0.01456511,0.00222874,0.01220391,True
25,5,5,F7,0.08343787,0.08190691,0.09724807,0.5,0.5,"[0, 8]",1.0,True,0.01456511,0.00222874,0.01220391,True
25,5,6,F8,0.07678222,-0.02942852,0.07760009,0.5,0.5,"[0, 8]",1.0,True,0.01456511,0.00222874,0.01220391,True
25,5,7,FCz,0.09977952,0.09977952,0.11506806,0.5,0.5,"[0, 8]",1.0,True,0.01456511,0.00222874,0.01220391,True
25,5,8,FC3,0.03226238,0.00617987,0.03911253,0.5,0.5,"[0, 8]",1.0,True,0.01456511,0.00222874,0.01220391,True
25,5,9,FC4,0.05824153,-0.05824153,0.0765143,0.5,0.5,"[0, 8]",1.0,True,0.01456511,0.00222874,0.01220391,True
25,5,10,FT7,0.08994082,-0.05718554,0.10359043,0.5,0.5,"[0, 8]",1.0,True,0.01456511,0.00222874,0.01220391,True
25,5,11,FT8,0.07942523,-0.00420092,0.09685574,0.5,0.5,"[0, 8]",1.0,True,0.01456511,0.00222874,0.01220391,True
25,5,12,Cz,0.0777899,0.07703929,0.09366114,0.5,0.5,"[0, 8]",1.0,True,0.01456511,0.00222874,0.01220391,True
25,5,13,C3,0.11529841,0.07207386,0.11748832,0.5,0.5,"[0, 8]",1.0,True,0.01456511,0.00222874,0.01220391,True
25,5,14,C4,0.08571491,-0.07492904,0.09614488,0.5,0.5,"[0, 8]",1.0,True,0.01456511,0.00222874,0.01220391,True
25,5,15,T3,0.12660225,0.12660225,0.13193202,0.5,0.5,"[0, 8]",1.0,True,0.01456511,0.00222874,0.01220391,True
25,5,16,T4,0.12199326,0.01295486,0.13400657,0.5,0.5,"[0, 8]",1.0,True,0.01456511,0.00222874,0.01220391,True
25,5,17,CP3,0.12151727,0.03402648,0.14036793,0.5,0.5,"[0, 8]",1.0,True,0.01456511,0.00222874,0.01220391,True
25,5,18,CP4,0.11114372,0.03551186,0.1277183,0.5,0.5,"[0, 8]",1.0,True,0.01456511,0.00222874,0.01220391,True
25,5,19,TP7,0.08330296,-0.01858241,0.09318981,0.5,0.5,"[0, 8]",1.0,True,0.01456511,0.00222874,0.01220391,True
25,5,20,TP8,0.08831267,-0.05918982,0.10747536,0.5,0.5,"[0, 8]",1.0,True,0.01456511,0.00222874,0.01220391,True
25,5,21,Pz,0.15312579,0.00825667,0.15338401,0.5,0.5,"[0, 8]",1.0,True,0.01456511,0.00222874,0.01220391,True
25,5,22,P3,0.10887486,0.10887486,0.11823442,0.5,0.5,"[0, 8]",1.0,True,0.01456511,0.00222874,0.01220391,True
25,5,23,P4,0.10390254,-0.0919093,0.11561906,0.5,0.5,"[0, 8]",1.0,True,0.01456511,0.00222874,0.01220391,True
25,5,24,T5,0.1057117,0.07381268,0.11529185,0.5,0.5,"[0, 8]",1.0,True,0.01456511,0.00222874,0.01220391,True
25,5,25,T6,0.08024986,-0.06151149,0.09144866,0.5,0.5,"[0, 8]",1.0,True,0.01456511,0.00222874,0.01220391,True
25,5,26,Oz,0.07661518,0.04224798,0.07914322,0.5,0.5,"[0, 8]",1.0,True,0.01456511,0.00222874,0.01220391,True
25,5,27,O1,0.12215084,0.05656159,0.13260789,0.5,0.5,"[0, 8]",1.0,True,0.01456511,0.00222874,0.01220391,True
25,5,28,O2,0.14268096,-0.02410357,0.14553329,0.5,0.5,"[0, 8]",1.0,True,0.01456511,0.00222874,0.01220391,True
26,1,0,Fp1,0.0620977,-0.05616256,0.07845977,0.5,0.5,"[4, 4]",0.5,False,1.17984956,0.27404769,0.98857991,True
26,1,1,Fp2,0.05432494,0.04681927,0.06743117,0.5,0.5,"[4, 4]",0.5,False,1.17984956,0.27404769,0.98857991,True
26,1,2,Fz,0.05716667,-0.01705848,0.06667005,0.5,0.5,"[4, 4]",0.5,False,1.17984956,0.27404769,0.98857991,True
26,1,3,F3,0.08939721,0.06931575,0.11010956,0.5,0.5,"[4, 4]",0.5,False,1.17984956,0.27404769,0.98857991,True
26,1,4,F4,0.06417806,0.06173271,0.08036445,0.5,0.5,"[4, 4]",0.5,False,1.17984956,0.27404769,0.98857991,True
26,1,5,F7,0.0704473,0.0704473,0.07797458,0.5,0.5,"[4, 4]",0.5,False,1.17984956,0.27404769,0.98857991,True
26,1,6,F8,0.03206816,-0.02263793,0.04946567,0.5,0.5,"[4, 4]",0.5,False,1.17984956,0.27404769,0.98857991,True
26,1,7,FCz,0.03416527,-0.03266741,0.03864111,0.5,0.5,"[4, 4]",0.5,False,1.17984956,0.27404769,0.98857991,True
26,1,8,FC3,0.10123185,-0.03796155,0.10998845,0.5,0.5,"[4, 4]",0.5,False,1.17984956,0.27404769,0.98857991,True
26,1,9,FC4,0.12175916,-0.12175916,0.13701151,0.5,0.5,"[4, 4]",0.5,False,1.17984956,0.27404769,0.98857991,True
26,1,10,FT7,0.12791255,-0.05825055,0.13649812,0.5,0.5,"[4, 4]",0.5,False,1.17984956,0.27404769,0.98857991,True
26,1,11,FT8,0.04514042,0.00160038,0.04869453,0.5,0.5,"[4, 4]",0.5,False,1.17984956,0.27404769,0.98857991,True
26,1,12,Cz,0.13866788,0.11240453,0.1732547,0.5,0.5,"[4, 4]",0.5,False,1.17984956,0.27404769,0.98857991,True
26,1,13,C3,0.11210331,-0.06242091,0.17697324,0.5,0.5,"[4, 4]",0.5,False,1.17984956,0.27404769,0.98857991,True
26,1,14,C4,0.05227088,0.00341679,0.05571243,0.5,0.5,"[4, 4]",0.5,False,1.17984956,0.27404769,0.98857991,True
26,1,15,T3,0.05579786,0.01333253,0.05949635,0.5,0.5,"[4, 4]",0.5,False,1.17984956,0.27404769,0.98857991,True
26,1,16,T4,0.13024069,-0.0594521,0.14853218,0.5,0.5,"[4, 4]",0.5,False,1.17984956,0.27404769,0.98857991,True
26,1,17,CP3,0.1086105,0.06998824,0.13382523,0.5,0.5,"[4, 4]",0.5,False,1.17984956,0.27404769,0.98857991,True
26,1,18,CP4,0.11725958,0.07630908,0.13884355,0.5,0.5,"[4, 4]",0.5,False,1.17984956,0.27404769,0.98857991,True
26,1,19,TP7,0.10570577,0.00242313,0.13494404,0.5,0.5,"[4, 4]",0.5,False,1.17984956,0.27404769,0.98857991,True
26,1,20,TP8,0.08209363,-0.0188307,0.10071423,0.5,0.5,"[4, 4]",0.5,False,1.17984956,0.27404769,0.98857991,True
26,1,21,Pz,0.11895029,-0.07139645,0.15875655,0.5,0.5,"[4, 4]",0.5,False,1.17984956,0.27404769,0.98857991,True
26,1,22,P3,0.12403437,0.05318186,0.13374572,0.5,0.5,"[4, 4]",0.5,False,1.17984956,0.27404769,0.98857991,True
26,1,23,P4,0.05585093,0.01103322,0.05964459,0.5,0.5,"[4, 4]",0.5,False,1.17984956,0.27404769,0.98857991,True
26,1,24,T5,0.06695465,-0.04499339,0.08156189,0.5,0.5,"[4, 4]",0.5,False,1.17984956,0.27404769,0.98857991,True
26,1,25,T6,0.12388153,0.05920015,0.12607147,0.5,0.5,"[4, 4]",0.5,False,1.17984956,0.27404769,0.98857991,True
26,1,26,Oz,0.05972922,0.03852695,0.06792572,0.5,0.5,"[4, 4]",0.5,False,1.17984956,0.27404769,0.98857991,True
26,1,27,O1,0.18057722,0.10260903,0.19176801,0.5,0.5,"[4, 4]",0.5,False,1.17984956,0.27404769,0.98857991,True
26,1,28,O2,0.1638733,-0.12681505,0.22109118,0.5,0.5,"[4, 4]",0.5,False,1.17984956,0.27404769,0.98857991,True
26,2,0,Fp1,0.11045443,-0.09576707,0.12299801,0.5,0.5,"[0, 8]",1.0,True,0.01315427,0.00202813,0.01102178,True
26,2,1,Fp2,0.0772591,0.06149047,0.09465872,0.5,0.5,"[0, 8]",1.0,True,0.01315427,0.00202813,0.01102178,True
26,2,2,Fz,0.10384448,-0.09819011,0.11733605,0.5,0.5,"[0, 8]",1.0,True,0.01315427,0.00202813,0.01102178,True
26,2,3,F3,0.08828909,0.02792243,0.09524937,0.5,0.5,"[0, 8]",1.0,True,0.01315427,0.00202813,0.01102178,True
26,2,4,F4,0.09684412,0.01185041,0.10740298,0.5,0.5,"[0, 8]",1.0,True,0.01315427,0.00202813,0.01102178,True
26,2,5,F7,0.08352049,0.08188835,0.09742684,0.5,0.5,"[0, 8]",1.0,True,0.01315427,0.00202813,0.01102178,True
26,2,6,F8,0.07744271,-0.02997671,0.07836852,0.5,0.5,"[0, 8]",1.0,True,0.01315427,0.00202813,0.01102178,True
26,2,7,FCz,0.0996859,0.0996859,0.1148087,0.5,0.5,"[0, 8]",1.0,True,0.01315427,0.00202813,0.01102178,True
26,2,8,FC3,0.03212306,0.00708176,0.03833169,0.5,0.5,"[0, 8]",1.0,True,0.01315427,0.00202813,0.01102178,True
26,2,9,FC4,0.0587615,-0.0587615,0.07634699,0.5,0.5,"[0, 8]",1.0,True,0.01315427,0.00202813,0.01102178,True
26,2,10,FT7,0.08951351,-0.05803162,0.1031551,0.5,0.5,"[0, 8]",1.0,True,0.01315427,0.00202813,0.01102178,True
26,2,11,FT8,0.07966741,-0.00449532,0.09675454,0.5,0.5,"[0, 8]",1.0,True,0.01315427,0.00202813,0.01102178,True
26,2,12,Cz,0.07675845,0.07604749,0.09294891,0.5,0.5,"[0, 8]",1.0,True,0.01315427,0.00202813,0.01102178,True
26,2,13,C3,0.11604811,0.07354077,0.11827409,0.5,0.5,"[0, 8]",1.0,True,0.01315427,0.00202813,0.01102178,True
26,2,14,C4,0.08564536,-0.07561209,0.09611272,0.5,0.5,"[0, 8]",1.0,True,0.01315427,0.00202813,0.01102178,True
26,2,15,T3,0.12756652,0.12756652,0.13282974,0.5,0.5,"[0, 8]",1.0,True,0.01315427,0.00202813,0.01102178,True
26,2,16,T4,0.12174703,0.01319509,0.1339962,0.5,0.5,"[0, 8]",1.0,True,0.01315427,0.00202813,0.01102178,True
26,2,17,CP3,0.12095174,0.03334969,0.1396656,0.5,0.5,"[0, 8]",1.0,True,0.01315427,0.00202813,0.01102178,True
26,2,18,CP4,0.11101699,0.0341845,0.12729645,0.5,0.5,"[0, 8]",1.0,True,0.01315427,0.00202813,0.01102178,True
26,2,19,TP7,0.08403967,-0.01734387,0.09369905,0.5,0.5,"[0, 8]",1.0,True,0.01315427,0.00202813,0.01102178,True
26,2,20,TP8,0.08865695,-0.05959018,0.10791804,0.5,0.5,"[0, 8]",1.0,True,0.01315427,0.00202813,0.01102178,True
26,2,21,Pz,0.15380748,0.00658182,0.15399224,0.5,0.5,"[0, 8]",1.0,True,0.01315427,0.00202813,0.01102178,True
26,2,22,P3,0.10847749,0.10847749,0.1173453,0.5,0.5,"[0, 8]",1.0,True,0.01315427,0.00202813,0.01102178,True
26,2,23,P4,0.10502568,-0.09316655,0.11714554,0.5,0.5,"[0, 8]",1.0,True,0.01315427,0.00202813,0.01102178,True
26,2,24,T5,0.10532325,0.07386191,0.1152687,0.5,0.5,"[0, 8]",1.0,True,0.01315427,0.00202813,0.01102178,True
26,2,25,T6,0.08101563,-0.06259581,0.09248744,0.5,0.5,"[0, 8]",1.0,True,0.01315427,0.00202813,0.01102178,True
26,2,26,Oz,0.07750037,0.04218132,0.07978579,0.5,0.5,"[0, 8]",1.0,True,0.01315427,0.00202813,0.01102178,True
26,2,27,O1,0.12319054,0.0564964,0.13326655,0.5,0.5,"[0, 8]",1.0,True,0.01315427,0.00202813,0.01102178,True
26,2,28,O2,0.14337382,-0.02410881,0.14617559,0.5,0.5,"[0, 8]",1.0,True,0.01315427,0.00202813,0.01102178,True
26,3,0,Fp1,0.11019482,-0.09577682,0.12275635,0.5,0.5,"[0, 8]",1.0,True,0.0112539,0.00221081,0.00942949,True
26,3,1,Fp2,0.07726647,0.06134956,0.09477162,0.5,0.5,"[0, 8]",1.0,True,0.0112539,0.00221081,0.00942949,True
26,3,2,Fz,0.10361153,-0.09811372,0.11708748,0.5,0.5,"[0, 8]",1.0,True,0.0112539,0.00221081,0.00942949,True
26,3,3,F3,0.08815666,0.02813479,0.09501829,0.5,0.5,"[0, 8]",1.0,True,0.0112539,0.00221081,0.00942949,True
26,3,4,F4,0.0968963,0.01236448,0.1070331,0.5,0.5,"[0, 8]",1.0,True,0.0112539,0.00221081,0.00942949,True
26,3,5,F7,0.08367587,0.082007,0.09757299,0.5,0.5,"[0, 8]",1.0,True,0.0112539,0.00221081,0.00942949,True
26,3,6,F8,0.07707073,-0.02930935,0.07806954,0.5,0.5,"[0, 8]",1.0,True,0.0112539,0.00221081,0.00942949,True
26,3,7,FCz,0.09952665,0.09952665,0.11424284,0.5,0.5,"[0, 8]",1.0,True,0.0112539,0.00221081,0.00942949,True
26,3,8,FC3,0.03199777,0.0069757,0.03818782,0.5,0.5,"[0, 8]",1.0,True,0.0112539,0.00221081,0.00942949,True
26,3,9,FC4,0.05858603,-0.05858603,0.07607435,0.5,0.5,"[0, 8]",1.0,True,0.0112539,0.00221081,0.00942949,True
26,3,10,FT7,0.0900488,-0.05756975,0.1035596,0.5,0.5,"[0, 8]",1.0,True,0.0112539,0.00221081,0.00942949,True
26,3,11,FT8,0.07955394,-0.0042872,0.09659188,0.5,0.5,"[0, 8]",1.0,True,0.0112539,0.00221081,0.00942949,True
26,3,12,Cz,0.07662733,0.07608278,0.0928375,0.5,0.5,"[0, 8]",1.0,True,0.0112539,0.00221081,0.00942949,True
26,3,13,C3,0.11630414,0.07381704,0.11857001,0.5,0.5,"[0, 8]",1.0,True,0.0112539,0.00221081,0.00942949,True
26,3,14,C4,0.085564,-0.0757214,0.09610608,0.5,0.5,"[0, 8]",1.0,True,0.0112539,0.00221081,0.00942949,True
26,3,15,T3,0.12783474,0.12783474,0.13307296,0.5,0.5,"[0, 8]",1.0,True,0.0112539,0.00221081,0.00942949,True
26,3,16,T4,0.12235922,0.01269669,0.13477099,0.5,0.5,"[0, 8]",1.0,True,0.0112539,0.00221081,0.00942949,True
26,3,17,CP3,0.12104477,0.03390309,0.13973361,0.5,0.5,"[0, 8]",1.0,True,0.0112539,0.00221081,0.00942949,True
26,3,18,CP4,0.11084624,0.03391749,0.12736242,0.5,0.5,"[0, 8]",1.0,True,0.0112539,0.00221081,0.00942949,True
26,3,19,TP7,0.08444154,-0.0174773,0.0940413,0.5,0.5,"[0, 8]",1.0,True,0.0112539,0.00221081,0.00942949,True
26,3,20,TP8,0.08899186,-0.05955027,0.1082166,0.5,0.5,"[0, 8]",1.0,True,0.0112539,0.00221081,0.00942949,True
26,3,21,Pz,0.15336579,0.00693911,0.1535601,0.5,0.5,"[0, 8]",1.0,True,0.0112539,0.00221081,0.00942949,True
26,3,22,P3,0.10861163,0.10861163,0.1175266,0.5,0.5,"[0, 8]",1.0,True,0.0112539,0.00221081,0.00942949,True
26,3,23,P4,0.10523207,-0.09321168,0.11726966,0.5,0.5,"[0, 8]",1.0,True,0.0112539,0.00221081,0.00942949,True
26,3,24,T5,0.10487336,0.07341063,0.11440182,0.5,0.5,"[0, 8]",1.0,True,0.0112539,0.00221081,0.00942949,True
26,3,25,T6,0.08112302,-0.06263399,0.0926377,0.5,0.5,"[0, 8]",1.0,True,0.0112539,0.00221081,0.00942949,True
26,3,26,Oz,0.07755576,0.0422926,0.07986226,0.5,0.5,"[0, 8]",1.0,True,0.0112539,0.00221081,0.00942949,True
26,3,27,O1,0.12274875,0.05648643,0.13293523,0.5,0.5,"[0, 8]",1.0,True,0.0112539,0.00221081,0.00942949,True
26,3,28,O2,0.14366278,-0.023837,0.14643094,0.5,0.5,"[0, 8]",1.0,True,0.0112539,0.00221081,0.00942949,True
26,4,0,Fp1,0.10976747,-0.0961325,0.12242937,0.5,0.5,"[0, 8]",1.0,True,0.01143208,0.00212249,0.00957878,True
26,4,1,Fp2,0.07749376,0.06137862,0.09556917,0.5,0.5,"[0, 8]",1.0,True,0.01143208,0.00212249,0.00957878,True
26,4,2,Fz,0.10357423,-0.09809324,0.1169702,0.5,0.5,"[0, 8]",1.0,True,0.01143208,0.00212249,0.00957878,True
26,4,3,F3,0.08739683,0.02813064,0.09403688,0.5,0.5,"[0, 8]",1.0,True,0.01143208,0.00212249,0.00957878,True
26,4,4,F4,0.09762,0.01317043,0.10749754,0.5,0.5,"[0, 8]",1.0,True,0.01143208,0.00212249,0.00957878,True
26,4,5,F7,0.08446863,0.08251229,0.09832408,0.5,0.5,"[0, 8]",1.0,True,0.01143208,0.00212249,0.00957878,True
26,4,6,F8,0.07806633,-0.03027133,0.07892476,0.5,0.5,"[0, 8]",1.0,True,0.01143208,0.00212249,0.00957878,True
26,4,7,FCz,0.09873363,0.09873363,0.11348066,0.5,0.5,"[0, 8]",1.0,True,0.01143208,0.00212249,0.00957878,True
26,4,8,FC3,0.03205241,0.00624496,0.03847186,0.5,0.5,"[0, 8]",1.0,True,0.01143208,0.00212249,0.00957878,True
26,4,9,FC4,0.05780306,-0.05780306,0.07588419,0.5,0.5,"[0, 8]",1.0,True,0.01143208,0.00212249,0.00957878,True
26,4,10,FT7,0.09007069,-0.05717291,0.10365948,0.5,0.5,"[0, 8]",1.0,True,0.01143208,0.00212249,0.00957878,True
26,4,11,FT8,0.07932087,-0.00344386,0.09636033,0.5,0.5,"[0, 8]",1.0,True,0.01143208,0.00212249,0.00957878,True
26,4,12,Cz,0.07624853,0.07542176,0.09197877,0.5,0.5,"[0, 8]",1.0,True,0.01143208,0.00212249,0.00957878,True
26,4,13,C3,0.11574573,0.07307022,0.11804811,0.5,0.5,"[0, 8]",1.0,True,0.01143208,0.00212249,0.00957878,True
26,4,14,C4,0.08588759,-0.07563259,0.09640179,0.5,0.5,"[0, 8]",1.0,True,0.01143208,0.00212249,0.00957878,True
26,4,15,T3,0.12676677,0.12676677,0.13218567,0.5,0.5,"[0, 8]",1.0,True,0.01143208,0.00212249,0.00957878,True
26,4,16,T4,0.12238707,0.01357039,0.13511604,0.5,0.5,"[0, 8]",1.0,True,0.01143208,0.00212249,0.00957878,True
26,4,17,CP3,0.12175249,0.03253919,0.14004266,0.5,0.5,"[0, 8]",1.0,True,0.01143208,0.00212249,0.00957878,True
26,4,18,CP4,0.1103009,0.03386994,0.12693861,0.5,0.5,"[0, 8]",1.0,True,0.01143208,0.00212249,0.00957878,True
26,4,19,TP7,0.08440721,-0.01886517,0.0939665,0.5,0.5,"[0, 8]",1.0,True,0.01143208,0.00212249,0.00957878,True
26,4,20,TP8,0.08988314,-0.05904592,0.10875604,0.5,0.5,"[0, 8]",1.0,True,0.01143208,0.00212249,0.00957878,True
26,4,21,Pz,0.15271679,0.00602131,0.15286352,0.5,0.5,"[0, 8]",1.0,True,0.01143208,0.00212249,0.00957878,True
26,4,22,P3,0.10749732,0.10749732,0.11643334,0.5,0.5,"[0, 8]",1.0,True,0.01143208,0.00212249,0.00957878,True
26,4,23,P4,0.1055131,-0.09305184,0.11727018,0.5,0.5,"[0, 8]",1.0,True,0.01143208,0.00212249,0.00957878,True
26,4,24,T5,0.10437897,0.07300575,0.11344131,0.5,0.5,"[0, 8]",1.0,True,0.01143208,0.00212249,0.00957878,True
26,4,25,T6,0.0809289,-0.06212653,0.09255381,0.5,0.5,"[0, 8]",1.0,True,0.01143208,0.00212249,0.00957878,True
26,4,26,Oz,0.07700239,0.04221959,0.07938963,0.5,0.5,"[0, 8]",1.0,True,0.01143208,0.00212249,0.00957878,True
26,4,27,O1,0.12141281,0.05581978,0.13207851,0.5,0.5,"[0, 8]",1.0,True,0.01143208,0.00212249,0.00957878,True
26,4,28,O2,0.14463285,-0.0237077,0.14743663,0.5,0.5,"[0, 8]",1.0,True,0.01143208,0.00212249,0.00957878,True
26,5,0,Fp1,0.10980733,-0.09521861,0.12214856,0.5,0.5,"[0, 8]",1.0,True,0.01347938,0.00209386,0.01129419,True
26,5,1,Fp2,0.07770541,0.06216877,0.09597344,0.5,0.5,"[0, 8]",1.0,True,0.01347938,0.00209386,0.01129419,True
26,5,2,Fz,0.1031034,-0.09747663,0.11646836,0.5,0.5,"[0, 8]",1.0,True,0.01347938,0.00209386,0.01129419,True
26,5,3,F3,0.08763947,0.02847893,0.09446855,0.5,0.5,"[0, 8]",1.0,True,0.01347938,0.00209386,0.01129419,True
26,5,4,F4,0.09732839,0.01329829,0.10705148,0.5,0.5,"[0, 8]",1.0,True,0.01347938,0.00209386,0.01129419,True
26,5,5,F7,0.0843704,0.08265968,0.09830615,0.5,0.5,"[0, 8]",1.0,True,0.01347938,0.00209386,0.01129419,True
26,5,6,F8,0.0773237,-0.02954329,0.07824365,0.5,0.5,"[0, 8]",1.0,True,0.01347938,0.00209386,0.01129419,True
26,5,7,FCz,0.09940851,0.09940851,0.11471613,0.5,0.5,"[0, 8]",1.0,True,0.01347938,0.00209386,0.01129419,True
26,5,8,FC3,0.03210139,0.00724948,0.03827279,0.5,0.5,"[0, 8]",1.0,True,0.01347938,0.00209386,0.01129419,True
26,5,9,FC4,0.05842657,-0.05842657,0.07628969,0.5,0.5,"[0, 8]",1.0,True,0.01347938,0.00209386,0.01129419,True
26,5,10,FT7,0.09027642,-0.05761975,0.10393731,0.5,0.5,"[0, 8]",1.0,True,0.01347938,0.00209386,0.01129419,True
26,5,11,FT8,0.08023775,-0.00437532,0.09723302,0.5,0.5,"[0, 8]",1.0,True,0.01347938,0.00209386,0.01129419,True
26,5,12,Cz,0.07734234,0.0757576,0.09266958,0.5,0.5,"[0, 8]",1.0,True,0.01347938,0.00209386,0.01129419,True
26,5,13,C3,0.11590888,0.07331125,0.11813078,0.5,0.5,"[0, 8]",1.0,True,0.01347938,0.00209386,0.01129419,True
26,5,14,C4,0.08662154,-0.07629609,0.09728722,0.5,0.5,"[0, 8]",1.0,True,0.01347938,0.00209386,0.01129419,True
26,5,15,T3,0.12607275,0.12607275,0.13152219,0.5,0.5,"[0, 8]",1.0,True,0.01347938,0.00209386,0.01129419,True
26,5,16,T4,0.12288564,0.01254928,0.13519335,0.5,0.5,"[0, 8]",1.0,True,0.01347938,0.00209386,0.01129419,True
26,5,17,CP3,0.12177168,0.03286682,0.14045601,0.5,0.5,"[0, 8]",1.0,True,0.01347938,0.00209386,0.01129419,True
26,5,18,CP4,0.11009403,0.03364336,0.1270306,0.5,0.5,"[0, 8]",1.0,True,0.01347938,0.00209386,0.01129419,True
26,5,19,TP7,0.08405072,-0.01965423,0.09380949,0.5,0.5,"[0, 8]",1.0,True,0.01347938,0.00209386,0.01129419,True
26,5,20,TP8,0.08926071,-0.05999475,0.10877845,0.5,0.5,"[0, 8]",1.0,True,0.01347938,0.00209386,0.01129419,True
26,5,21,Pz,0.15222448,0.00625908,0.15238097,0.5,0.5,"[0, 8]",1.0,True,0.01347938,0.00209386,0.01129419,True
26,5,22,P3,0.10790379,0.10790379,0.11684748,0.5,0.5,"[0, 8]",1.0,True,0.01347938,0.00209386,0.01129419,True
26,5,23,P4,0.10549763,-0.09355418,0.1174279,0.5,0.5,"[0, 8]",1.0,True,0.01347938,0.00209386,0.01129419,True
26,5,24,T5,0.10344698,0.07215684,0.11285967,0.5,0.5,"[0, 8]",1.0,True,0.01347938,0.00209386,0.01129419,True
26,5,25,T6,0.08173339,-0.06297773,0.09343626,0.5,0.5,"[0, 8]",1.0,True,0.01347938,0.00209386,0.01129419,True
26,5,26,Oz,0.07661175,0.04146681,0.07881495,0.5,0.5,"[0, 8]",1.0,True,0.01347938,0.00209386,0.01129419,True
26,5,27,O1,0.12205462,0.05525891,0.13281563,0.5,0.5,"[0, 8]",1.0,True,0.01347938,0.00209386,0.01129419,True
26,5,28,O2,0.14420441,-0.02452153,0.14718063,0.5,0.5,"[0, 8]",1.0,True,0.01347938,0.00209386,0.01129419,True
27,1,0,Fp1,0.10877122,-0.09508205,0.12166107,0.5,0.5,"[0, 8]",1.0,True,0.01225171,0.00221399,0.01026554,True
27,1,1,Fp2,0.07863174,0.06190482,0.09635012,0.5,0.5,"[0, 8]",1.0,True,0.01225171,0.00221399,0.01026554,True
27,1,2,Fz,0.10270125,-0.09754612,0.11616477,0.5,0.5,"[0, 8]",1.0,True,0.01225171,0.00221399,0.01026554,True
27,1,3,F3,0.08751628,0.02805405,0.09416706,0.5,0.5,"[0, 8]",1.0,True,0.01225171,0.00221399,0.01026554,True
27,1,4,F4,0.09724423,0.01300948,0.10745279,0.5,0.5,"[0, 8]",1.0,True,0.01225171,0.00221399,0.01026554,True
27,1,5,F7,0.08376507,0.08184721,0.09763072,0.5,0.5,"[0, 8]",1.0,True,0.01225171,0.00221399,0.01026554,True
27,1,6,F8,0.07749346,-0.02868216,0.07860731,0.5,0.5,"[0, 8]",1.0,True,0.01225171,0.00221399,0.01026554,True
27,1,7,FCz,0.09981918,0.09981918,0.11471508,0.5,0.5,"[0, 8]",1.0,True,0.01225171,0.00221399,0.01026554,True
27,1,8,FC3,0.0310736,0.00624767,0.0375783,0.5,0.5,"[0, 8]",1.0,True,0.01225171,0.00221399,0.01026554,True
27,1,9,FC4,0.05731439,-0.05731439,0.07515668,0.5,0.5,"[0, 8]",1.0,True,0.01225171,0.00221399,0.01026554,True
27,1,10,FT7,0.08984278,-0.05830682,0.10379408,0.5,0.5,"[0, 8]",1.0,True,0.01225171,0.00221399,0.01026554,True
27,1,11,FT8,0.08030286,-0.00422585,0.09694499,0.5,0.5,"[0, 8]",1.0,True,0.01225171,0.00221399,0.01026554,True
27,1,12,Cz,0.07678016,0.0763362,0.09300938,0.5,0.5,"[0, 8]",1.0,True,0.01225171,0.00221399,0.01026554,True
27,1,13,C3,0.11508939,0.07240012,0.11727051,0.5,0.5,"[0, 8]",1.0,True,0.01225171,0.00221399,0.01026554,True
27,1,14,C4,0.08528637,-0.07489109,0.09570002,0.5,0.5,"[0, 8]",1.0,True,0.01225171,0.00221399,0.01026554,True
27,1,15,T3,0.12640813,0.12640813,0.1317955,0.5,0.5,"[0, 8]",1.0,True,0.01225171,0.00221399,0.01026554,True
27,1,16,T4,0.12284967,0.01280905,0.13495798,0.5,0.5,"[0, 8]",1.0,True,0.01225171,0.00221399,0.01026554,True
27,1,17,CP3,0.12095271,0.03296164,0.13912717,0.5,0.5,"[0, 8]",1.0,True,0.01225171,0.00221399,0.01026554,True
27,1,18,CP4,0.11104957,0.03480613,0.12771544,0.5,0.5,"[0, 8]",1.0,True,0.01225171,0.00221399,0.01026554,True
27,1,19,TP7,0.08485451,-0.01857162,0.09460204,0.5,0.5,"[0, 8]",1.0,True,0.01225171,0.00221399,0.01026554,True
27,1,20,TP8,0.08880359,-0.05971817,0.10836637,0.5,0.5,"[0, 8]",1.0,True,0.01225171,0.00221399,0.01026554,True
27,1,21,Pz,0.15348509,0.0070867,0.15370144,0.5,0.5,"[0, 8]",1.0,True,0.01225171,0.00221399,0.01026554,True
27,1,22,P3,0.10729682,0.10729682,0.11677062,0.5,0.5,"[0, 8]",1.0,True,0.01225171,0.00221399,0.01026554,True
27,1,23,P4,0.10420625,-0.09309161,0.11649426,0.5,0.5,"[0, 8]",1.0,True,0.01225171,0.00221399,0.01026554,True
27,1,24,T5,0.10512036,0.07296915,0.11432772,0.5,0.5,"[0, 8]",1.0,True,0.01225171,0.00221399,0.01026554,True
27,1,25,T6,0.08287838,-0.06322145,0.09392849,0.5,0.5,"[0, 8]",1.0,True,0.01225171,0.00221399,0.01026554,True
27,1,26,Oz,0.0776882,0.04165131,0.0797222,0.5,0.5,"[0, 8]",1.0,True,0.01225171,0.00221399,0.01026554,True
27,1,27,O1,0.12160499,0.05651797,0.13198084,0.5,0.5,"[0, 8]",1.0,True,0.01225171,0.00221399,0.01026554,True
27,1,28,O2,0.1449154,-0.02471186,0.14789131,0.5,0.5,"[0, 8]",1.0,True,0.01225171,0.00221399,0.01026554,True
27,2,0,Fp1,0.1093068,-0.09547791,0.12200703,0.5,0.5,"[0, 8]",1.0,True,0.00963674,0.00226747,0.00807449,True
27,2,1,Fp2,0.07868113,0.06185666,0.09623524,0.5,0.5,"[0, 8]",1.0,True,0.00963674,0.00226747,0.00807449,True
27,2,2,Fz,0.10344626,-0.0979729,0.11686574,0.5,0.5,"[0, 8]",1.0,True,0.00963674,0.00226747,0.00807449,True
27,2,3,F3,0.08742332,0.02795663,0.09392881,0.5,0.5,"[0, 8]",1.0,True,0.00963674,0.00226747,0.00807449,True
27,2,4,F4,0.09702057,0.01240744,0.10726436,0.5,0.5,"[0, 8]",1.0,True,0.00963674,0.00226747,0.00807449,True
27,2,5,F7,0.08344623,0.08087382,0.09688375,0.5,0.5,"[0, 8]",1.0,True,0.00963674,0.00226747,0.00807449,True
27,2,6,F8,0.07672238,-0.02908964,0.07772192,0.5,0.5,"[0, 8]",1.0,True,0.00963674,0.00226747,0.00807449,True
27,2,7,FCz,0.09952702,0.09952702,0.11447736,0.5,0.5,"[0, 8]",1.0,True,0.00963674,0.00226747,0.00807449,True
27,2,8,FC3,0.03070465,0.00603225,0.03760556,0.5,0.5,"[0, 8]",1.0,True,0.00963674,0.00226747,0.00807449,True
27,2,9,FC4,0.05778808,-0.05778808,0.07594964,0.5,0.5,"[0, 8]",1.0,True,0.00963674,0.00226747,0.00807449,True
27,2,10,FT7,0.09007732,-0.0575762,0.10368912,0.5,0.5,"[0, 8]",1.0,True,0.00963674,0.00226747,0.00807449,True
27,2,11,FT8,0.08019688,-0.00391999,0.09784307,0.5,0.5,"[0, 8]",1.0,True,0.00963674,0.00226747,0.00807449,True
27,2,12,Cz,0.07713903,0.07564089,0.09280422,0.5,0.5,"[0, 8]",1.0,True,0.00963674,0.00226747,0.00807449,True
27,2,13,C3,0.11506549,0.07225938,0.11729821,0.5,0.5,"[0, 8]",1.0,True,0.00963674,0.00226747,0.00807449,True
27,2,14,C4,0.08595426,-0.07503647,0.09622189,0.5,0.5,"[0, 8]",1.0,True,0.00963674,0.00226747,0.00807449,True
27,2,15,T3,0.12691025,0.12691025,0.13224621,0.5,0.5,"[0, 8]",1.0,True,0.00963674,0.00226747,0.00807449,True
27,2,16,T4,0.12183478,0.01256755,0.13426457,0.5,0.5,"[0, 8]",1.0,True,0.00963674,0.00226747,0.00807449,True
27,2,17,CP3,0.12084211,0.03258053,0.13947532,0.5,0.5,"[0, 8]",1.0,True,0.00963674,0.00226747,0.00807449,True
27,2,18,CP4,0.11113121,0.03424445,0.12789714,0.5,0.5,"[0, 8]",1.0,True,0.00963674,0.00226747,0.00807449,True
27,2,19,TP7,0.0847313,-0.0180411,0.09422361,0.5,0.5,"[0, 8]",1.0,True,0.00963674,0.00226747,0.00807449,True
27,2,20,TP8,0.08853021,-0.05965041,0.10804392,0.5,0.5,"[0, 8]",1.0,True,0.00963674,0.00226747,0.00807449,True
27,2,21,Pz,0.15338093,0.00642262,0.15354517,0.5,0.5,"[0, 8]",1.0,True,0.00963674,0.00226747,0.00807449,True
27,2,22,P3,0.10763816,0.10763816,0.11682559,0.5,0.5,"[0, 8]",1.0,True,0.00963674,0.00226747,0.00807449,True
27,2,23,P4,0.10532998,-0.09386623,0.1175359,0.5,0.5,"[0, 8]",1.0,True,0.00963674,0.00226747,0.00807449,True
27,2,24,T5,0.10521206,0.07404783,0.11460415,0.5,0.5,"[0, 8]",1.0,True,0.00963674,0.00226747,0.00807449,True
27,2,25,T6,0.08183211,-0.06280631,0.09289225,0.5,0.5,"[0, 8]",1.0,True,0.00963674,0.00226747,0.00807449,True
27,2,26,Oz,0.07728568,0.04204968,0.0794206,0.5,0.5,"[0, 8]",1.0,True,0.00963674,0.00226747,0.00807449,True
27,2,27,O1,0.12235618,0.05636513,0.13291122,0.5,0.5,"[0, 8]",1.0,True,0.00963674,0.00226747,0.00807449,True
27,2,28,O2,0.14428857,-0.02412216,0.14708926,0.5,0.5,"[0, 8]",1.0,True,0.00963674,0.00226747,0.00807449,True
27,3,0,Fp1,0.06819899,-0.06819899,0.07685193,0.375,0.375,"[3, 5]",0.625,False,1.30673757,0.38794524,1.09489765,True
27,3,1,Fp2,0.0446892,0.03008027,0.05425467,0.375,0.375,"[3, 5]",0.625,False,1.30673757,0.38794524,1.09489765,True
27,3,2,Fz,0.07040603,-0.06850859,0.12021456,0.375,0.375,"[3, 5]",0.625,False,1.30673757,0.38794524,1.09489765,True
27,3,3,F3,0.1541668,-0.06962109,0.19345656,0.375,0.375,"[3, 5]",0.625,False,1.30673757,0.38794524,1.09489765,True
27,3,4,F4,0.12898836,0.12898836,0.17718607,0.375,0.375,"[3, 5]",0.625,False,1.30673757,0.38794524,1.09489765,True
27,3,5,F7,0.10188235,0.03492597,0.11897041,0.375,0.375,"[3, 5]",0.625,False,1.30673757,0.38794524,1.09489765,True
27,3,6,F8,0.01534433,0.00906616,0.02497697,0.375,0.375,"[3, 5]",0.625,False,1.30673757,0.38794524,1.09489765,True
27,3,7,FCz,0.10800482,0.10800482,0.1453412,0.375,0.375,"[3, 5]",0.625,False,1.30673757,0.38794524,1.09489765,True
27,3,8,FC3,0.11044776,0.07881344,0.14174423,0.375,0.375,"[3, 5]",0.625,False,1.30673757,0.38794524,1.09489765,True
27,3,9,FC4,0.1351687,-0.1351687,0.16058511,0.375,0.375,"[3, 5]",0.625,False,1.30673757,0.38794524,1.09489765,True
27,3,10,FT7,0.0547691,-0.01433005,0.05964907,0.375,0.375,"[3, 5]",0.625,False,1.30673757,0.38794524,1.09489765,True
27,3,11,FT8,0.03453651,0.02903063,0.04941107,0.375,0.375,"[3, 5]",0.625,False,1.30673757,0.38794524,1.09489765,True
27,3,12,Cz,0.13435055,0.06564938,0.14161922,0.375,0.375,"[3, 5]",0.625,False,1.30673757,0.38794524,1.09489765,True
27,3,13,C3,0.12077135,0.10124932,0.14058098,0.375,0.375,"[3, 5]",0.625,False,1.30673757,0.38794524,1.09489765,True
27,3,14,C4,0.1141414,-0.05639344,0.13047113,0.375,0.375,"[3, 5]",0.625,False,1.30673757,0.38794524,1.09489765,True
27,3,15,T3,0.04754511,0.00933479,0.05107871,0.375,0.375,"[3, 5]",0.625,False,1.30673757,0.38794524,1.09489765,True
27,3,16,T4,0.03405575,0.02118043,0.03446113,0.375,0.375,"[3, 5]",0.625,False,1.30673757,0.38794524,1.09489765,True
27,3,17,CP3,0.09153908,-0.09153908,0.14214513,0.375,0.375,"[3, 5]",0.625,False,1.30673757,0.38794524,1.09489765,True
27,3,18,CP4,0.13247088,0.13247088,0.19239573,0.375,0.375,"[3, 5]",0.625,False,1.30673757,0.38794524,1.09489765,True
27,3,19,TP7,0.16887693,0.14540531,0.21379538,0.375,0.375,"[3, 5]",0.625,False,1.30673757,0.38794524,1.09489765,True
27,3,20,TP8,0.04224782,0.02031892,0.05089334,0.375,0.375,"[3, 5]",0.625,False,1.30673757,0.38794524,1.09489765,True
27,3,21,Pz,0.07522207,-0.03286711,0.09608082,0.375,0.375,"[3, 5]",0.625,False,1.30673757,0.38794524,1.09489765,True
27,3,22,P3,0.08067849,0.07561886,0.09808406,0.375,0.375,"[3, 5]",0.625,False,1.30673757,0.38794524,1.09489765,True
27,3,23,P4,0.09064322,-0.0170922,0.09720412,0.375,0.375,"[3, 5]",0.625,False,1.30673757,0.38794524,1.09489765,True
27,3,24,T5,0.09897113,0.0633205,0.10536953,0.375,0.375,"[3, 5]",0.625,False,1.30673757,0.38794524,1.09489765,True
27,3,25,T6,0.10328135,-0.01031183,0.11526071,0.375,0.375,"[3, 5]",0.625,False,1.30673757,0.38794524,1.09489765,True
27,3,26,Oz,0.08123914,0.04791304,0.09740481,0.375,0.375,"[3, 5]",0.625,False,1.30673757,0.38794524,1.09489765,True
27,3,27,O1,0.07385493,0.01736047,0.07977158,0.375,0.375,"[3, 5]",0.625,False,1.30673757,0.38794524,1.09489765,True
27,3,28,O2,0.22766405,-0.22766405,0.29280171,0.375,0.375,"[3, 5]",0.625,False,1.30673757,0.38794524,1.09489765,True
27,4,0,Fp1,0.10805251,-0.09521851,0.12101594,0.5,0.5,"[0, 8]",1.0,True,0.01249522,0.00232084,0.01046957,True
27,4,1,Fp2,0.07823649,0.06188926,0.09623253,0.5,0.5,"[0, 8]",1.0,True,0.01249522,0.00232084,0.01046957,True
27,4,2,Fz,0.1033012,-0.09776983,0.11663727,0.5,0.5,"[0, 8]",1.0,True,0.01249522,0.00232084,0.01046957,True
27,4,3,F3,0.08756649,0.02747905,0.09405684,0.5,0.5,"[0, 8]",1.0,True,0.01249522,0.00232084,0.01046957,True
27,4,4,F4,0.09699407,0.0129748,0.10712615,0.5,0.5,"[0, 8]",1.0,True,0.01249522,0.00232084,0.01046957,True
27,4,5,F7,0.08359578,0.08196858,0.0975531,0.5,0.5,"[0, 8]",1.0,True,0.01249522,0.00232084,0.01046957,True
27,4,6,F8,0.07673221,-0.02870023,0.07783023,0.5,0.5,"[0, 8]",1.0,True,0.01249522,0.00232084,0.01046957,True
27,4,7,FCz,0.09883083,0.09883083,0.11395016,0.5,0.5,"[0, 8]",1.0,True,0.01249522,0.00232084,0.01046957,True
27,4,8,FC3,0.0303903,0.00564283,0.03765589,0.5,0.5,"[0, 8]",1.0,True,0.01249522,0.00232084,0.01046957,True
27,4,9,FC4,0.05686487,-0.05686487,0.07517865,0.5,0.5,"[0, 8]",1.0,True,0.01249522,0.00232084,0.01046957,True
27,4,10,FT7,0.08945367,-0.05787648,0.10285243,0.5,0.5,"[0, 8]",1.0,True,0.01249522,0.00232084,0.01046957,True
27,4,11,FT8,0.08025218,-0.00350387,0.09795468,0.5,0.5,"[0, 8]",1.0,True,0.01249522,0.00232084,0.01046957,True
27,4,12,Cz,0.0769926,0.07547778,0.09249274,0.5,0.5,"[0, 8]",1.0,True,0.01249522,0.00232084,0.01046957,True
27,4,13,C3,0.1142773,0.07183497,0.11649252,0.5,0.5,"[0, 8]",1.0,True,0.01249522,0.00232084,0.01046957,True
27,4,14,C4,0.08610631,-0.07569556,0.09656841,0.5,0.5,"[0, 8]",1.0,True,0.01249522,0.00232084,0.01046957,True
27,4,15,T3,0.12657215,0.12657215,0.13206573,0.5,0.5,"[0, 8]",1.0,True,0.01249522,0.00232084,0.01046957,True
27,4,16,T4,0.1215653,0.01329407,0.13431501,0.5,0.5,"[0, 8]",1.0,True,0.01249522,0.00232084,0.01046957,True
27,4,17,CP3,0.12137708,0.0323517,0.13996096,0.5,0.5,"[0, 8]",1.0,True,0.01249522,0.00232084,0.01046957,True
27,4,18,CP4,0.11056138,0.03401038,0.12719351,0.5,0.5,"[0, 8]",1.0,True,0.01249522,0.00232084,0.01046957,True
27,4,19,TP7,0.0845322,-0.01929993,0.09427439,0.5,0.5,"[0, 8]",1.0,True,0.01249522,0.00232084,0.01046957,True
27,4,20,TP8,0.09011452,-0.05938723,0.10918646,0.5,0.5,"[0, 8]",1.0,True,0.01249522,0.00232084,0.01046957,True
27,4,21,Pz,0.15314728,0.00626528,0.15330365,0.5,0.5,"[0, 8]",1.0,True,0.01249522,0.00232084,0.01046957,True
27,4,22,P3,0.10706361,0.10706361,0.1160593,0.5,0.5,"[0, 8]",1.0,True,0.01249522,0.00232084,0.01046957,True
27,4,23,P4,0.1054701,-0.09362236,0.11750435,0.5,0.5,"[0, 8]",1.0,True,0.01249522,0.00232084,0.01046957,True
27,4,24,T5,0.10425963,0.07251081,0.11386268,0.5,0.5,"[0, 8]",1.0,True,0.01249522,0.00232084,0.01046957,True
27,4,25,T6,0.08103309,-0.06260008,0.09262526,0.5,0.5,"[0, 8]",1.0,True,0.01249522,0.00232084,0.01046957,True
27,4,26,Oz,0.07685004,0.04150438,0.07895369,0.5,0.5,"[0, 8]",1.0,True,0.01249522,0.00232084,0.01046957,True
27,4,27,O1,0.12284383,0.05634223,0.13302374,0.5,0.5,"[0, 8]",1.0,True,0.01249522,0.00232084,0.01046957,True
27,4,28,O2,0.14511859,-0.0240987,0.14792888,0.5,0.5,"[0, 8]",1.0,True,0.01249522,0.00232084,0.01046957,True
27,5,0,Fp1,0.09413368,-0.04749818,0.10186736,0.75,0.75,"[4, 4]",0.5,False,0.89310055,0.2515092,0.74831681,True
27,5,1,Fp2,0.08023857,-0.02503772,0.086524,0.75,0.75,"[4, 4]",0.5,False,0.89310055,0.2515092,0.74831681,True
27,5,2,Fz,0.09420472,-0.06871524,0.10746995,0.75,0.75,"[4, 4]",0.5,False,0.89310055,0.2515092,0.74831681,True
27,5,3,F3,0.09038825,-0.0513696,0.09801383,0.75,0.75,"[4, 4]",0.5,False,0.89310055,0.2515092,0.74831681,True
27,5,4,F4,0.07664715,0.07664715,0.08766251,0.75,0.75,"[4, 4]",0.5,False,0.89310055,0.2515092,0.74831681,True
27,5,5,F7,0.15976372,0.15976372,0.17592695,0.75,0.75,"[4, 4]",0.5,False,0.89310055,0.2515092,0.74831681,True
27,5,6,F8,0.06961794,-0.01921074,0.0782218,0.75,0.75,"[4, 4]",0.5,False,0.89310055,0.2515092,0.74831681,True
27,5,7,FCz,0.13266306,0.13266306,0.15774697,0.75,0.75,"[4, 4]",0.5,False,0.89310055,0.2515092,0.74831681,True
27,5,8,FC3,0.03381298,-0.02600059,0.04283332,0.75,0.75,"[4, 4]",0.5,False,0.89310055,0.2515092,0.74831681,True
27,5,9,FC4,0.0528998,-0.0528998,0.07465063,0.75,0.75,"[4, 4]",0.5,False,0.89310055,0.2515092,0.74831681,True
27,5,10,FT7,0.10812286,-0.04878639,0.11992674,0.75,0.75,"[4, 4]",0.5,False,0.89310055,0.2515092,0.74831681,True
27,5,11,FT8,0.03428787,0.01206583,0.04885545,0.75,0.75,"[4, 4]",0.5,False,0.89310055,0.2515092,0.74831681,True
27,5,12,Cz,0.08037038,0.08037038,0.0879427,0.75,0.75,"[4, 4]",0.5,False,0.89310055,0.2515092,0.74831681,True
27,5,13,C3,0.06337361,0.0257311,0.07605244,0.75,0.75,"[4, 4]",0.5,False,0.89310055,0.2515092,0.74831681,True
27,5,14,C4,0.0434096,-0.02444771,0.05371356,0.75,0.75,"[4, 4]",0.5,False,0.89310055,0.2515092,0.74831681,True
27,5,15,T3,0.07214583,0.06840802,0.08611947,0.75,0.75,"[4, 4]",0.5,False,0.89310055,0.2515092,0.74831681,True
27,5,16,T4,0.09444463,0.06367697,0.09934977,0.75,0.75,"[4, 4]",0.5,False,0.89310055,0.2515092,0.74831681,True
27,5,17,CP3,0.10246323,-0.02065182,0.11367421,0.75,0.75,"[4, 4]",0.5,False,0.89310055,0.2515092,0.74831681,True
27,5,18,CP4,0.13160026,0.13160026,0.17688471,0.75,0.75,"[4, 4]",0.5,False,0.89310055,0.2515092,0.74831681,True
27,5,19,TP7,0.13574284,0.1197181,0.15968499,0.75,0.75,"[4, 4]",0.5,False,0.89310055,0.2515092,0.74831681,True
27,5,20,TP8,0.05792846,-0.05403634,0.07817619,0.75,0.75,"[4, 4]",0.5,False,0.89310055,0.2515092,0.74831681,True
27,5,21,Pz,0.14810959,-0.05721932,0.15945666,0.75,0.75,"[4, 4]",0.5,False,0.89310055,0.2515092,0.74831681,True
27,5,22,P3,0.13833046,0.13833046,0.16016504,0.75,0.75,"[4, 4]",0.5,False,0.89310055,0.2515092,0.74831681,True
27,5,23,P4,0.08807202,-0.03188885,0.09847799,0.75,0.75,"[4, 4]",0.5,False,0.89310055,0.2515092,0.74831681,True
27,5,24,T5,0.02318533,-0.0171604,0.026867,0.75,0.75,"[4, 4]",0.5,False,0.89310055,0.2515092,0.74831681,True
27,5,25,T6,0.08668719,-0.08261792,0.10328727,0.75,0.75,"[4, 4]",0.5,False,0.89310055,0.2515092,0.74831681,True
27,5,26,Oz,0.13224366,0.09767839,0.14731681,0.75,0.75,"[4, 4]",0.5,False,0.89310055,0.2515092,0.74831681,True
27,5,27,O1,0.11394609,0.07007013,0.15652786,0.75,0.75,"[4, 4]",0.5,False,0.89310055,0.2515092,0.74831681,True
27,5,28,O2,0.25598946,-0.1454199,0.29469836,0.75,0.75,"[4, 4]",0.5,False,0.89310055,0.2515092,0.74831681,True
28,1,0,Fp1,0.096468,-0.096468,0.10889179,0.625,0.625,"[3, 5]",0.625,False,0.47418792,0.1084845,0.39731561,True
28,1,1,Fp2,0.06832228,0.06832228,0.10432702,0.625,0.625,"[3, 5]",0.625,False,0.47418792,0.1084845,0.39731561,True
28,1,2,Fz,0.09612474,-0.06723143,0.10057262,0.625,0.625,"[3, 5]",0.625,False,0.47418792,0.1084845,0.39731561,True
28,1,3,F3,0.07047614,0.03682384,0.07535476,0.625,0.625,"[3, 5]",0.625,False,0.47418792,0.1084845,0.39731561,True
28,1,4,F4,0.09312977,-0.00610548,0.10330963,0.625,0.625,"[3, 5]",0.625,False,0.47418792,0.1084845,0.39731561,True
28,1,5,F7,0.08002312,0.08002312,0.100773,0.625,0.625,"[3, 5]",0.625,False,0.47418792,0.1084845,0.39731561,True
28,1,6,F8,0.0632408,-0.01646024,0.0675728,0.625,0.625,"[3, 5]",0.625,False,0.47418792,0.1084845,0.39731561,True
28,1,7,FCz,0.14543426,0.14543426,0.14829339,0.625,0.625,"[3, 5]",0.625,False,0.47418792,0.1084845,0.39731561,True
28,1,8,FC3,0.02638319,0.00425763,0.02883324,0.625,0.625,"[3, 5]",0.625,False,0.47418792,0.1084845,0.39731561,True
28,1,9,FC4,0.11322294,-0.11322294,0.11742076,0.625,0.625,"[3, 5]",0.625,False,0.47418792,0.1084845,0.39731561,True
28,1,10,FT7,0.06393325,-0.03215021,0.07054889,0.625,0.625,"[3, 5]",0.625,False,0.47418792,0.1084845,0.39731561,True
28,1,11,FT8,0.08213565,-0.0195626,0.09441151,0.625,0.625,"[3, 5]",0.625,False,0.47418792,0.1084845,0.39731561,True
28,1,12,Cz,0.10258371,0.10258371,0.11621764,0.625,0.625,"[3, 5]",0.625,False,0.47418792,0.1084845,0.39731561,True
28,1,13,C3,0.07225186,0.05937586,0.07930104,0.625,0.625,"[3, 5]",0.625,False,0.47418792,0.1084845,0.39731561,True
28,1,14,C4,0.09864537,-0.07499232,0.10855434,0.625,0.625,"[3, 5]",0.625,False,0.47418792,0.1084845,0.39731561,True
28,1,15,T3,0.1152643,0.1152643,0.1240447,0.625,0.625,"[3, 5]",0.625,False,0.47418792,0.1084845,0.39731561,True
28,1,16,T4,0.1301133,0.0168324,0.14445661,0.625,0.625,"[3, 5]",0.625,False,0.47418792,0.1084845,0.39731561,True
28,1,17,CP3,0.17180547,0.01631377,0.19712968,0.625,0.625,"[3, 5]",0.625,False,0.47418792,0.1084845,0.39731561,True
28,1,18,CP4,0.09630548,0.02682027,0.10920341,0.625,0.625,"[3, 5]",0.625,False,0.47418792,0.1084845,0.39731561,True
28,1,19,TP7,0.07401671,-0.05263667,0.08411244,0.625,0.625,"[3, 5]",0.625,False,0.47418792,0.1084845,0.39731561,True
28,1,20,TP8,0.10956644,-0.09875497,0.14048067,0.625,0.625,"[3, 5]",0.625,False,0.47418792,0.1084845,0.39731561,True
28,1,21,Pz,0.13704607,0.0161313,0.14328256,0.625,0.625,"[3, 5]",0.625,False,0.47418792,0.1084845,0.39731561,True
28,1,22,P3,0.11501414,0.11501414,0.14061734,0.625,0.625,"[3, 5]",0.625,False,0.47418792,0.1084845,0.39731561,True
28,1,23,P4,0.08686797,-0.08686797,0.10216925,0.625,0.625,"[3, 5]",0.625,False,0.47418792,0.1084845,0.39731561,True
28,1,24,T5,0.10418741,0.09642599,0.12022696,0.625,0.625,"[3, 5]",0.625,False,0.47418792,0.1084845,0.39731561,True
28,1,25,T6,0.09052575,-0.06801642,0.09683683,0.625,0.625,"[3, 5]",0.625,False,0.47418792,0.1084845,0.39731561,True
28,1,26,Oz,0.0716512,0.03034235,0.07885808,0.625,0.625,"[3, 5]",0.625,False,0.47418792,0.1084845,0.39731561,True
28,1,27,O1,0.09780915,0.04497512,0.11131424,0.625,0.625,"[3, 5]",0.625,False,0.47418792,0.1084845,0.39731561,True
28,1,28,O2,0.16563846,-0.01050211,0.17002718,0.625,0.625,"[3, 5]",0.625,False,0.47418792,0.1084845,0.39731561,True
28,2,0,Fp1,0.06265002,-0.03711011,0.08111925,0.75,0.75,"[4, 4]",0.5,False,1.19918982,0.28210391,1.00478485,True
28,2,1,Fp2,0.02901619,0.01631311,0.04643543,0.75,0.75,"[4, 4]",0.5,False,1.19918982,0.28210391,1.00478485,True
28,2,2,Fz,0.05237522,-0.03644687,0.06908371,0.75,0.75,"[4, 4]",0.5,False,1.19918982,0.28210391,1.00478485,True
28,2,3,F3,0.05089705,0.04592946,0.08217218,0.75,0.75,"[4, 4]",0.5,False,1.19918982,0.28210391,1.00478485,True
28,2,4,F4,0.0977273,-0.0602024,0.11072761,0.75,0.75,"[4, 4]",0.5,False,1.19918982,0.28210391,1.00478485,True
28,2,5,F7,0.12758425,0.07111379,0.13174818,0.75,0.75,"[4, 4]",0.5,False,1.19918982,0.28210391,1.00478485,True
28,2,6,F8,0.0556082,0.01016599,0.07236177,0.75,0.75,"[4, 4]",0.5,False,1.19918982,0.28210391,1.00478485,True
28,2,7,FCz,0.12326979,0.12326979,0.13502631,0.75,0.75,"[4, 4]",0.5,False,1.19918982,0.28210391,1.00478485,True
28,2,8,FC3,0.11281767,-0.03372758,0.11781826,0.75,0.75,"[4, 4]",0.5,False,1.19918982,0.28210391,1.00478485,True
28,2,9,FC4,0.10879247,0.02183045,0.12228069,0.75,0.75,"[4, 4]",0.5,False,1.19918982,0.28210391,1.00478485,True
28,2,10,FT7,0.06268381,-0.05476153,0.069103,0.75,0.75,"[4, 4]",0.5,False,1.19918982,0.28210391,1.00478485,True
28,2,11,FT8,0.0675981,-0.0675981,0.0826759,0.75,0.75,"[4, 4]",0.5,False,1.19918982,0.28210391,1.00478485,True
28,2,12,Cz,0.09315541,0.04878973,0.09550836,0.75,0.75,"[4, 4]",0.5,False,1.19918982,0.28210391,1.00478485,True
28,2,13,C3,0.05464801,0.01889154,0.05933584,0.75,0.75,"[4, 4]",0.5,False,1.19918982,0.28210391,1.00478485,True
28,2,14,C4,0.12967107,-0.12967107,0.14171387,0.75,0.75,"[4, 4]",0.5,False,1.19918982,0.28210391,1.00478485,True
28,2,15,T3,0.11048553,0.11048553,0.1260767,0.75,0.75,"[4, 4]",0.5,False,1.19918982,0.28210391,1.00478485,True
28,2,16,T4,0.09195647,0.08317173,0.10617128,0.75,0.75,"[4, 4]",0.5,False,1.19918982,0.28210391,1.00478485,True
28,2,17,CP3,0.10018221,-0.0733144,0.15277529,0.75,0.75,"[4, 4]",0.5,False,1.19918982,0.28210391,1.00478485,True
28,2,18,CP4,0.16492134,0.1132586,0.18548182,0.75,0.75,"[4, 4]",0.5,False,1.19918982,0.28210391,1.00478485,True
28,2,19,TP7,0.13710125,0.06821014,0.15376918,0.75,0.75,"[4, 4]",0.5,False,1.19918982,0.28210391,1.00478485,True
28,2,20,TP8,0.15344769,-0.09109969,0.18778181,0.75,0.75,"[4, 4]",0.5,False,1.19918982,0.28210391,1.00478485,True
28,2,21,Pz,0.16533694,0.12902823,0.2126535,0.75,0.75,"[4, 4]",0.5,False,1.19918982,0.28210391,1.00478485,True
28,2,22,P3,0.06608681,0.03269062,0.09141141,0.75,0.75,"[4, 4]",0.5,False,1.19918982,0.28210391,1.00478485,True
28,2,23,P4,0.12947781,-0.12470691,0.16021784,0.75,0.75,"[4, 4]",0.5,False,1.19918982,0.28210391,1.00478485,True
28,2,24,T5,0.06096137,-0.00984591,0.06823483,0.75,0.75,"[4, 4]",0.5,False,1.19918982,0.28210391,1.00478485,True
28,2,25,T6,0.11841309,-0.11841309,0.12482133,0.75,0.75,"[4, 4]",0.5,False,1.19918982,0.28210391,1.00478485,True
28,2,26,Oz,0.05874284,-0.02252556,0.05960252,0.75,0.75,"[4, 4]",0.5,False,1.19918982,0.28210391,1.00478485,True
28,2,27,O1,0.12426053,0.09991294,0.1331275,0.75,0.75,"[4, 4]",0.5,False,1.19918982,0.28210391,1.00478485,True
28,2,28,O2,0.09875054,0.05318714,0.11290043,0.75,0.75,"[4, 4]",0.5,False,1.19918982,0.28210391,1.00478485,True
28,3,0,Fp1,0.05084552,-0.05084552,0.06300516,0.75,0.75,"[4, 4]",0.5,False,1.05688914,0.24111532,0.88555305,True
28,3,1,Fp2,0.07996879,0.03869939,0.10074372,0.75,0.75,"[4, 4]",0.5,False,1.05688914,0.24111532,0.88555305,True
28,3,2,Fz,0.05676029,-0.04700221,0.06396294,0.75,0.75,"[4, 4]",0.5,False,1.05688914,0.24111532,0.88555305,True
28,3,3,F3,0.0992741,-0.02072154,0.1310463,0.75,0.75,"[4, 4]",0.5,False,1.05688914,0.24111532,0.88555305,True
28,3,4,F4,0.09320042,-0.0186082,0.09684639,0.75,0.75,"[4, 4]",0.5,False,1.05688914,0.24111532,0.88555305,True
28,3,5,F7,0.08704805,0.02280657,0.10071313,0.75,0.75,"[4, 4]",0.5,False,1.05688914,0.24111532,0.88555305,True
28,3,6,F8,0.09921306,0.04388931,0.10552268,0.75,0.75,"[4, 4]",0.5,False,1.05688914,0.24111532,0.88555305,True
28,3,7,FCz,0.1249188,0.1249188,0.13453093,0.75,0.75,"[4, 4]",0.5,False,1.05688914,0.24111532,0.88555305,True
28,3,8,FC3,0.04450214,0.00403283,0.05577413,0.75,0.75,"[4, 4]",0.5,False,1.05688914,0.24111532,0.88555305,True
28,3,9,FC4,0.09801309,-0.09801309,0.12764786,0.75,0.75,"[4, 4]",0.5,False,1.05688914,0.24111532,0.88555305,True
28,3,10,FT7,0.02856198,0.00977879,0.0304941,0.75,0.75,"[4, 4]",0.5,False,1.05688914,0.24111532,0.88555305,True
28,3,11,FT8,0.1058807,-0.03078543,0.11329724,0.75,0.75,"[4, 4]",0.5,False,1.05688914,0.24111532,0.88555305,True
28,3,12,Cz,0.13228944,0.05857494,0.13926671,0.75,0.75,"[4, 4]",0.5,False,1.05688914,0.24111532,0.88555305,True
28,3,13,C3,0.0899542,0.07978976,0.12086521,0.75,0.75,"[4, 4]",0.5,False,1.05688914,0.24111532,0.88555305,True
28,3,14,C4,0.07391556,-0.00233097,0.08609916,0.75,0.75,"[4, 4]",0.5,False,1.05688914,0.24111532,0.88555305,True
28,3,15,T3,0.07909633,0.0768256,0.10989399,0.75,0.75,"[4, 4]",0.5,False,1.05688914,0.24111532,0.88555305,True
28,3,16,T4,0.12535729,0.05075609,0.12855242,0.75,0.75,"[4, 4]",0.5,False,1.05688914,0.24111532,0.88555305,True
28,3,17,CP3,0.19834997,-0.00525918,0.22721441,0.75,0.75,"[4, 4]",0.5,False,1.05688914,0.24111532,0.88555305,True
28,3,18,CP4,0.09778939,0.09778939,0.11180829,0.75,0.75,"[4, 4]",0.5,False,1.05688914,0.24111532,0.88555305,True
28,3,19,TP7,0.06012807,-0.06012807,0.07676303,0.75,0.75,"[4, 4]",0.5,False,1.05688914,0.24111532,0.88555305,True
28,3,20,TP8,0.06264083,-0.05955048,0.07994091,0.75,0.75,"[4, 4]",0.5,False,1.05688914,0.24111532,0.88555305,True
28,3,21,Pz,0.12546411,0.07564928,0.19260184,0.75,0.75,"[4, 4]",0.5,False,1.05688914,0.24111532,0.88555305,True
28,3,22,P3,0.1153596,0.05607436,0.13344851,0.75,0.75,"[4, 4]",0.5,False,1.05688914,0.24111532,0.88555305,True
28,3,23,P4,0.06719434,-0.06650722,0.09371661,0.75,0.75,"[4, 4]",0.5,False,1.05688914,0.24111532,0.88555305,True
28,3,24,T5,0.09678566,0.09678566,0.10441798,0.75,0.75,"[4, 4]",0.5,False,1.05688914,0.24111532,0.88555305,True
28,3,25,T6,0.06255838,-0.03653997,0.0762243,0.75,0.75,"[4, 4]",0.5,False,1.05688914,0.24111532,0.88555305,True
28,3,26,Oz,0.10745023,0.01617631,0.11203915,0.75,0.75,"[4, 4]",0.5,False,1.05688914,0.24111532,0.88555305,True
28,3,27,O1,0.09553151,0.02283632,0.11011928,0.75,0.75,"[4, 4]",0.5,False,1.05688914,0.24111532,0.88555305,True
28,3,28,O2,0.14277223,-0.01111156,0.15775004,0.75,0.75,"[4, 4]",0.5,False,1.05688914,0.24111532,0.88555305,True
28,4,0,Fp1,0.11051753,-0.09562626,0.12299341,0.5,0.5,"[0, 8]",1.0,True,0.01042838,0.00223542,0.0087378,True
28,4,1,Fp2,0.07732536,0.06178835,0.09473846,0.5,0.5,"[0, 8]",1.0,True,0.01042838,0.00223542,0.0087378,True
28,4,2,Fz,0.10359173,-0.09790027,0.11692865,0.5,0.5,"[0, 8]",1.0,True,0.01042838,0.00223542,0.0087378,True
28,4,3,F3,0.08779289,0.02743078,0.09447534,0.5,0.5,"[0, 8]",1.0,True,0.01042838,0.00223542,0.0087378,True
28,4,4,F4,0.09757321,0.01299436,0.10763261,0.5,0.5,"[0, 8]",1.0,True,0.01042838,0.00223542,0.0087378,True
28,4,5,F7,0.08510555,0.08238382,0.09875945,0.5,0.5,"[0, 8]",1.0,True,0.01042838,0.00223542,0.0087378,True
28,4,6,F8,0.07743499,-0.02929628,0.0784073,0.5,0.5,"[0, 8]",1.0,True,0.01042838,0.00223542,0.0087378,True
28,4,7,FCz,0.0981941,0.0981941,0.11303727,0.5,0.5,"[0, 8]",1.0,True,0.01042838,0.00223542,0.0087378,True
28,4,8,FC3,0.03097669,0.0063638,0.03731391,0.5,0.5,"[0, 8]",1.0,True,0.01042838,0.00223542,0.0087378,True
28,4,9,FC4,0.05925369,-0.05925369,0.07728813,0.5,0.5,"[0, 8]",1.0,True,0.01042838,0.00223542,0.0087378,True
28,4,10,FT7,0.09077744,-0.05893664,0.10431528,0.5,0.5,"[0, 8]",1.0,True,0.01042838,0.00223542,0.0087378,True
28,4,11,FT8,0.080345,-0.00305077,0.09774274,0.5,0.5,"[0, 8]",1.0,True,0.01042838,0.00223542,0.0087378,True
28,4,12,Cz,0.07609015,0.07530948,0.09159149,0.5,0.5,"[0, 8]",1.0,True,0.01042838,0.00223542,0.0087378,True
28,4,13,C3,0.11503496,0.07195857,0.11719535,0.5,0.5,"[0, 8]",1.0,True,0.01042838,0.00223542,0.0087378,True
28,4,14,C4,0.08590926,-0.07551017,0.09635293,0.5,0.5,"[0, 8]",1.0,True,0.01042838,0.00223542,0.0087378,True
28,4,15,T3,0.12672338,0.12672338,0.13165686,0.5,0.5,"[0, 8]",1.0,True,0.01042838,0.00223542,0.0087378,True
28,4,16,T4,0.12164343,0.01249718,0.13407405,0.5,0.5,"[0, 8]",1.0,True,0.01042838,0.00223542,0.0087378,True
28,4,17,CP3,0.12053436,0.03304382,0.13902883,0.5,0.5,"[0, 8]",1.0,True,0.01042838,0.00223542,0.0087378,True
28,4,18,CP4,0.11067041,0.03433888,0.12720817,0.5,0.5,"[0, 8]",1.0,True,0.01042838,0.00223542,0.0087378,True
28,4,19,TP7,0.08468994,-0.01814663,0.09475204,0.5,0.5,"[0, 8]",1.0,True,0.01042838,0.00223542,0.0087378,True
28,4,20,TP8,0.08880898,-0.05972293,0.10816327,0.5,0.5,"[0, 8]",1.0,True,0.01042838,0.00223542,0.0087378,True
28,4,21,Pz,0.15283695,0.00698863,0.15304396,0.5,0.5,"[0, 8]",1.0,True,0.01042838,0.00223542,0.0087378,True
28,4,22,P3,0.10859226,0.10859226,0.1176891,0.5,0.5,"[0, 8]",1.0,True,0.01042838,0.00223542,0.0087378,True
28,4,23,P4,0.10456561,-0.09279469,0.11652324,0.5,0.5,"[0, 8]",1.0,True,0.01042838,0.00223542,0.0087378,True
28,4,24,T5,0.10492787,0.07325931,0.11446474,0.5,0.5,"[0, 8]",1.0,True,0.01042838,0.00223542,0.0087378,True
28,4,25,T6,0.08147667,-0.06263304,0.09286492,0.5,0.5,"[0, 8]",1.0,True,0.01042838,0.00223542,0.0087378,True
28,4,26,Oz,0.07834182,0.04279083,0.08083864,0.5,0.5,"[0, 8]",1.0,True,0.01042838,0.00223542,0.0087378,True
28,4,27,O1,0.1223989,0.05658176,0.13254179,0.5,0.5,"[0, 8]",1.0,True,0.01042838,0.00223542,0.0087378,True
28,4,28,O2,0.14452682,-0.02324474,0.14717853,0.5,0.5,"[0, 8]",1.0,True,0.01042838,0.00223542,0.0087378,True
28,5,0,Fp1,0.11025125,-0.09539825,0.12257443,0.5,0.5,"[0, 8]",1.0,True,0.01218074,0.0023353,0.01020607,True
28,5,1,Fp2,0.07684779,0.06135062,0.0946179,0.5,0.5,"[0, 8]",1.0,True,0.01218074,0.0023353,0.01020607,True
28,5,2,Fz,0.10407166,-0.09812161,0.11739122,0.5,0.5,"[0, 8]",1.0,True,0.01218074,0.0023353,0.01020607,True
28,5,3,F3,0.08810082,0.02790242,0.0948269,0.5,0.5,"[0, 8]",1.0,True,0.01218074,0.0023353,0.01020607,True
28,5,4,F4,0.09737897,0.01261209,0.10752314,0.5,0.5,"[0, 8]",1.0,True,0.01218074,0.0023353,0.01020607,True
28,5,5,F7,0.08448754,0.08211212,0.09800923,0.5,0.5,"[0, 8]",1.0,True,0.01218074,0.0023353,0.01020607,True
28,5,6,F8,0.07802626,-0.02996073,0.07899597,0.5,0.5,"[0, 8]",1.0,True,0.01218074,0.0023353,0.01020607,True
28,5,7,FCz,0.09872131,0.09872131,0.11394681,0.5,0.5,"[0, 8]",1.0,True,0.01218074,0.0023353,0.01020607,True
28,5,8,FC3,0.03185461,0.00664813,0.03856403,0.5,0.5,"[0, 8]",1.0,True,0.01218074,0.0023353,0.01020607,True
28,5,9,FC4,0.05865774,-0.05865774,0.07633436,0.5,0.5,"[0, 8]",1.0,True,0.01218074,0.0023353,0.01020607,True
28,5,10,FT7,0.09082148,-0.0582849,0.10356442,0.5,0.5,"[0, 8]",1.0,True,0.01218074,0.0023353,0.01020607,True
28,5,11,FT8,0.07980273,-0.00341808,0.09692042,0.5,0.5,"[0, 8]",1.0,True,0.01218074,0.0023353,0.01020607,True
28,5,12,Cz,0.07756009,0.0766393,0.09326521,0.5,0.5,"[0, 8]",1.0,True,0.01218074,0.0023353,0.01020607,True
28,5,13,C3,0.115031,0.07348423,0.11734151,0.5,0.5,"[0, 8]",1.0,True,0.01218074,0.0023353,0.01020607,True
28,5,14,C4,0.08600138,-0.07637523,0.09677607,0.5,0.5,"[0, 8]",1.0,True,0.01218074,0.0023353,0.01020607,True
28,5,15,T3,0.12705554,0.12705554,0.13190278,0.5,0.5,"[0, 8]",1.0,True,0.01218074,0.0023353,0.01020607,True
28,5,16,T4,0.12258806,0.01239855,0.13501658,0.5,0.5,"[0, 8]",1.0,True,0.01218074,0.0023353,0.01020607,True
28,5,17,CP3,0.12153488,0.03325551,0.13984615,0.5,0.5,"[0, 8]",1.0,True,0.01218074,0.0023353,0.01020607,True
28,5,18,CP4,0.11112139,0.03386461,0.12770778,0.5,0.5,"[0, 8]",1.0,True,0.01218074,0.0023353,0.01020607,True
28,5,19,TP7,0.08414512,-0.01861426,0.09415,0.5,0.5,"[0, 8]",1.0,True,0.01218074,0.0023353,0.01020607,True
28,5,20,TP8,0.08937843,-0.06005497,0.10872042,0.5,0.5,"[0, 8]",1.0,True,0.01218074,0.0023353,0.01020607,True
28,5,21,Pz,0.15342689,0.00666546,0.15361045,0.5,0.5,"[0, 8]",1.0,True,0.01218074,0.0023353,0.01020607,True
28,5,22,P3,0.10828261,0.10828261,0.11742809,0.5,0.5,"[0, 8]",1.0,True,0.01218074,0.0023353,0.01020607,True
28,5,23,P4,0.10564853,-0.09337004,0.11752981,0.5,0.5,"[0, 8]",1.0,True,0.01218074,0.0023353,0.01020607,True
28,5,24,T5,0.10414265,0.07306223,0.11371023,0.5,0.5,"[0, 8]",1.0,True,0.01218074,0.0023353,0.01020607,True
28,5,25,T6,0.08076164,-0.0629515,0.09260664,0.5,0.5,"[0, 8]",1.0,True,0.01218074,0.0023353,0.01020607,True
28,5,26,Oz,0.07759856,0.04240318,0.07997934,0.5,0.5,"[0, 8]",1.0,True,0.01218074,0.0023353,0.01020607,True
28,5,27,O1,0.12211172,0.0559225,0.1324504,0.5,0.5,"[0, 8]",1.0,True,0.01218074,0.0023353,0.01020607,True
28,5,28,O2,0.14343722,-0.02375089,0.14619061,0.5,0.5,"[0, 8]",1.0,True,0.01218074,0.0023353,0.01020607,True
29,1,0,Fp1,0.11088784,-0.09717,0.12379263,0.5,0.5,"[0, 8]",1.0,True,0.01375735,0.00233348,0.0115271,True
29,1,1,Fp2,0.07855679,0.06176594,0.09552027,0.5,0.5,"[0, 8]",1.0,True,0.01375735,0.00233348,0.0115271,True
29,1,2,Fz,0.10371008,-0.09829447,0.11710151,0.5,0.5,"[0, 8]",1.0,True,0.01375735,0.00233348,0.0115271,True
29,1,3,F3,0.08796912,0.02751014,0.09440777,0.5,0.5,"[0, 8]",1.0,True,0.01375735,0.00233348,0.0115271,True
29,1,4,F4,0.09806329,0.01279681,0.10817106,0.5,0.5,"[0, 8]",1.0,True,0.01375735,0.00233348,0.0115271,True
29,1,5,F7,0.08487387,0.08203203,0.09849532,0.5,0.5,"[0, 8]",1.0,True,0.01375735,0.00233348,0.0115271,True
29,1,6,F8,0.07832484,-0.02890967,0.07939227,0.5,0.5,"[0, 8]",1.0,True,0.01375735,0.00233348,0.0115271,True
29,1,7,FCz,0.09796675,0.09796675,0.11289346,0.5,0.5,"[0, 8]",1.0,True,0.01375735,0.00233348,0.0115271,True
29,1,8,FC3,0.03067559,0.00577015,0.03765608,0.5,0.5,"[0, 8]",1.0,True,0.01375735,0.00233348,0.0115271,True
29,1,9,FC4,0.05862267,-0.05862267,0.07647325,0.5,0.5,"[0, 8]",1.0,True,0.01375735,0.00233348,0.0115271,True
29,1,10,FT7,0.08894911,-0.05717655,0.10274131,0.5,0.5,"[0, 8]",1.0,True,0.01375735,0.00233348,0.0115271,True
29,1,11,FT8,0.07974873,-0.00290647,0.09648952,0.5,0.5,"[0, 8]",1.0,True,0.01375735,0.00233348,0.0115271,True
29,1,12,Cz,0.07553512,0.07438858,0.0910279,0.5,0.5,"[0, 8]",1.0,True,0.01375735,0.00233348,0.0115271,True
29,1,13,C3,0.11492577,0.07230613,0.11707257,0.5,0.5,"[0, 8]",1.0,True,0.01375735,0.00233348,0.0115271,True
29,1,14,C4,0.08565126,-0.07546911,0.09615561,0.5,0.5,"[0, 8]",1.0,True,0.01375735,0.00233348,0.0115271,True
29,1,15,T3,0.1254468,0.1254468,0.13069044,0.5,0.5,"[0, 8]",1.0,True,0.01375735,0.00233348,0.0115271,True
29,1,16,T4,0.12145647,0.01205169,0.13373858,0.5,0.5,"[0, 8]",1.0,True,0.01375735,0.00233348,0.0115271,True
29,1,17,CP3,0.12224358,0.03255346,0.14012644,0.5,0.5,"[0, 8]",1.0,True,0.01375735,0.00233348,0.0115271,True
29,1,18,CP4,0.11164941,0.03466541,0.12815736,0.5,0.5,"[0, 8]",1.0,True,0.01375735,0.00233348,0.0115271,True
29,1,19,TP7,0.08518513,-0.01843496,0.09519301,0.5,0.5,"[0, 8]",1.0,True,0.01375735,0.00233348,0.0115271,True
29,1,20,TP8,0.08914144,-0.05949547,0.10832625,0.5,0.5,"[0, 8]",1.0,True,0.01375735,0.00233348,0.0115271,True
29,1,21,Pz,0.15312594,0.00631444,0.15332051,0.5,0.5,"[0, 8]",1.0,True,0.01375735,0.00233348,0.0115271,True
29,1,22,P3,0.10802053,0.10802053,0.11772873,0.5,0.5,"[0, 8]",1.0,True,0.01375735,0.00233348,0.0115271,True
29,1,23,P4,0.10419493,-0.09332827,0.11639661,0.5,0.5,"[0, 8]",1.0,True,0.01375735,0.00233348,0.0115271,True
29,1,24,T5,0.10624114,0.07343069,0.11527768,0.5,0.5,"[0, 8]",1.0,True,0.01375735,0.00233348,0.0115271,True
29,1,25,T6,0.08133096,-0.06185763,0.09191943,0.5,0.5,"[0, 8]",1.0,True,0.01375735,0.00233348,0.0115271,True
29,1,26,Oz,0.07823858,0.04194178,0.08071744,0.5,0.5,"[0, 8]",1.0,True,0.01375735,0.00233348,0.0115271,True
29,1,27,O1,0.12078527,0.05577362,0.13104109,0.5,0.5,"[0, 8]",1.0,True,0.01375735,0.00233348,0.0115271,True
29,1,28,O2,0.14498012,-0.02391471,0.14762971,0.5,0.5,"[0, 8]",1.0,True,0.01375735,0.00233348,0.0115271,True
29,2,0,Fp1,0.11648452,-0.09585086,0.1260834,0.375,0.375,"[5, 3]",0.625,False,0.26708998,0.052453,0.22379106,True
29,2,1,Fp2,0.09250566,0.09250566,0.11457565,0.375,0.375,"[5, 3]",0.625,False,0.26708998,0.052453,0.22379106,True
29,2,2,Fz,0.09197892,-0.08891495,0.10514194,0.375,0.375,"[5, 3]",0.625,False,0.26708998,0.052453,0.22379106,True
29,2,3,F3,0.09179108,0.04900114,0.09325788,0.375,0.375,"[5, 3]",0.625,False,0.26708998,0.052453,0.22379106,True
29,2,4,F4,0.1003791,0.01970431,0.10996438,0.375,0.375,"[5, 3]",0.625,False,0.26708998,0.052453,0.22379106,True
29,2,5,F7,0.10143972,0.08781513,0.11370879,0.375,0.375,"[5, 3]",0.625,False,0.26708998,0.052453,0.22379106,True
29,2,6,F8,0.07836369,-0.00941724,0.08685589,0.375,0.375,"[5, 3]",0.625,False,0.26708998,0.052453,0.22379106,True
29,2,7,FCz,0.08634664,0.08634664,0.09246211,0.375,0.375,"[5, 3]",0.625,False,0.26708998,0.052453,0.22379106,True
29,2,8,FC3,0.03032415,0.01444072,0.03597069,0.375,0.375,"[5, 3]",0.625,False,0.26708998,0.052453,0.22379106,True
29,2,9,FC4,0.08150461,-0.08150461,0.09653493,0.375,0.375,"[5, 3]",0.625,False,0.26708998,0.052453,0.22379106,True
29,2,10,FT7,0.06172295,-0.0323774,0.08356223,0.375,0.375,"[5, 3]",0.625,False,0.26708998,0.052453,0.22379106,True
29,2,11,FT8,0.06849632,-0.0075245,0.09042807,0.375,0.375,"[5, 3]",0.625,False,0.26708998,0.052453,0.22379106,True
29,2,12,Cz,0.06069692,0.06069692,0.06849045,0.375,0.375,"[5, 3]",0.625,False,0.26708998,0.052453,0.22379106,True
29,2,13,C3,0.10771082,0.04199688,0.10962407,0.375,0.375,"[5, 3]",0.625,False,0.26708998,0.052453,0.22379106,True
29,2,14,C4,0.09551163,-0.09551163,0.10394073,0.375,0.375,"[5, 3]",0.625,False,0.26708998,0.052453,0.22379106,True
29,2,15,T3,0.11871421,0.11871421,0.1258595,0.375,0.375,"[5, 3]",0.625,False,0.26708998,0.052453,0.22379106,True
29,2,16,T4,0.12005498,0.00764503,0.13073681,0.375,0.375,"[5, 3]",0.625,False,0.26708998,0.052453,0.22379106,True
29,2,17,CP3,0.12774885,0.01300926,0.14731024,0.375,0.375,"[5, 3]",0.625,False,0.26708998,0.052453,0.22379106,True
29,2,18,CP4,0.10151983,0.03694113,0.12781852,0.375,0.375,"[5, 3]",0.625,False,0.26708998,0.052453,0.22379106,True
29,2,19,TP7,0.073163,-0.01688164,0.07970225,0.375,0.375,"[5, 3]",0.625,False,0.26708998,0.052453,0.22379106,True
29,2,20,TP8,0.09982036,-0.06197673,0.11912636,0.375,0.375,"[5, 3]",0.625,False,0.26708998,0.052453,0.22379106,True
29,2,21,Pz,0.14323024,-0.01122686,0.14428364,0.375,0.375,"[5, 3]",0.625,False,0.26708998,0.052453,0.22379106,True
29,2,22,P3,0.0899285,0.0899285,0.10591064,0.375,0.375,"[5, 3]",0.625,False,0.26708998,0.052453,0.22379106,True
29,2,23,P4,0.11438297,-0.11438297,0.12623066,0.375,0.375,"[5, 3]",0.625,False,0.26708998,0.052453,0.22379106,True
29,2,24,T5,0.10115212,0.06774113,0.11118792,0.375,0.375,"[5, 3]",0.625,False,0.26708998,0.052453,0.22379106,True
29,2,25,T6,0.09300312,-0.05899566,0.09707943,0.375,0.375,"[5, 3]",0.625,False,0.26708998,0.052453,0.22379106,True
29,2,26,Oz,0.0709724,0.02133938,0.07551302,0.375,0.375,"[5, 3]",0.625,False,0.26708998,0.052453,0.22379106,True
29,2,27,O1,0.10123431,0.03751146,0.11635717,0.375,0.375,"[5, 3]",0.625,False,0.26708998,0.052453,0.22379106,True
29,2,28,O2,0.16213566,-0.04616432,0.16874124,0.375,0.375,"[5, 3]",0.625,False,0.26708998,0.052453,0.22379106,True
29,3,0,Fp1,0.10972834,-0.09646624,0.12261935,0.5,0.5,"[0, 8]",1.0,True,0.01492576,0.00234225,0.0125061,True
29,3,1,Fp2,0.07841425,0.06124313,0.09549846,0.5,0.5,"[0, 8]",1.0,True,0.01492576,0.00234225,0.0125061,True
29,3,2,Fz,0.10358854,-0.09832618,0.1170378,0.5,0.5,"[0, 8]",1.0,True,0.01492576,0.00234225,0.0125061,True
29,3,3,F3,0.08759054,0.02775589,0.09394508,0.5,0.5,"[0, 8]",1.0,True,0.01492576,0.00234225,0.0125061,True
29,3,4,F4,0.09765841,0.01234817,0.10796,0.5,0.5,"[0, 8]",1.0,True,0.01492576,0.00234225,0.0125061,True
29,3,5,F7,0.08493507,0.08186693,0.09831431,0.5,0.5,"[0, 8]",1.0,True,0.01492576,0.00234225,0.0125061,True
29,3,6,F8,0.07846431,-0.02903806,0.07949764,0.5,0.5,"[0, 8]",1.0,True,0.01492576,0.00234225,0.0125061,True
29,3,7,FCz,0.09848912,0.09848912,0.11300682,0.5,0.5,"[0, 8]",1.0,True,0.01492576,0.00234225,0.0125061,True
29,3,8,FC3,0.03099165,0.00635953,0.03786054,0.5,0.5,"[0, 8]",1.0,True,0.01492576,0.00234225,0.0125061,True
29,3,9,FC4,0.05843981,-0.05843981,0.07579353,0.5,0.5,"[0, 8]",1.0,True,0.01492576,0.00234225,0.0125061,True
29,3,10,FT7,0.08924491,-0.05712912,0.10318244,0.5,0.5,"[0, 8]",1.0,True,0.01492576,0.00234225,0.0125061,True
29,3,11,FT8,0.07963338,-0.00307483,0.09609319,0.5,0.5,"[0, 8]",1.0,True,0.01492576,0.00234225,0.0125061,True
29,3,12,Cz,0.07565317,0.07509078,0.09155948,0.5,0.5,"[0, 8]",1.0,True,0.01492576,0.00234225,0.0125061,True
29,3,13,C3,0.11488335,0.07267281,0.11709464,0.5,0.5,"[0, 8]",1.0,True,0.01492576,0.00234225,0.0125061,True
29,3,14,C4,0.08574976,-0.0756945,0.09619221,0.5,0.5,"[0, 8]",1.0,True,0.01492576,0.00234225,0.0125061,True
29,3,15,T3,0.12604985,0.12604985,0.13100091,0.5,0.5,"[0, 8]",1.0,True,0.01492576,0.00234225,0.0125061,True
29,3,16,T4,0.12136796,0.01259212,0.13344266,0.5,0.5,"[0, 8]",1.0,True,0.01492576,0.00234225,0.0125061,True
29,3,17,CP3,0.12249289,0.03293871,0.14036708,0.5,0.5,"[0, 8]",1.0,True,0.01492576,0.00234225,0.0125061,True
29,3,18,CP4,0.11128327,0.03487243,0.1276433,0.5,0.5,"[0, 8]",1.0,True,0.01492576,0.00234225,0.0125061,True
29,3,19,TP7,0.08538581,-0.01817407,0.09563255,0.5,0.5,"[0, 8]",1.0,True,0.01492576,0.00234225,0.0125061,True
29,3,20,TP8,0.08945647,-0.05954175,0.10869697,0.5,0.5,"[0, 8]",1.0,True,0.01492576,0.00234225,0.0125061,True
29,3,21,Pz,0.15290537,0.0063263,0.15309681,0.5,0.5,"[0, 8]",1.0,True,0.01492576,0.00234225,0.0125061,True
29,3,22,P3,0.10827857,0.10827857,0.11787703,0.5,0.5,"[0, 8]",1.0,True,0.01492576,0.00234225,0.0125061,True
29,3,23,P4,0.10438396,-0.0934635,0.11651256,0.5,0.5,"[0, 8]",1.0,True,0.01492576,0.00234225,0.0125061,True
29,3,24,T5,0.10587202,0.07313,0.11481502,0.5,0.5,"[0, 8]",1.0,True,0.01492576,0.00234225,0.0125061,True
29,3,25,T6,0.08149156,-0.06267641,0.09236149,0.5,0.5,"[0, 8]",1.0,True,0.01492576,0.00234225,0.0125061,True
29,3,26,Oz,0.07784972,0.04183254,0.08034076,0.5,0.5,"[0, 8]",1.0,True,0.01492576,0.00234225,0.0125061,True
29,3,27,O1,0.12092863,0.05602579,0.13136515,0.5,0.5,"[0, 8]",1.0,True,0.01492576,0.00234225,0.0125061,True
29,3,28,O2,0.14512105,-0.02399691,0.14781313,0.5,0.5,"[0, 8]",1.0,True,0.01492576,0.00234225,0.0125061,True
29,4,0,Fp1,0.11077461,-0.09588031,0.12308353,0.5,0.5,"[0, 8]",1.0,True,0.01405333,0.00222125,0.01177509,True
29,4,1,Fp2,0.07886556,0.06163346,0.09598079,0.5,0.5,"[0, 8]",1.0,True,0.01405333,0.00222125,0.01177509,True
29,4,2,Fz,0.10386762,-0.09813167,0.11714824,0.5,0.5,"[0, 8]",1.0,True,0.01405333,0.00222125,0.01177509,True
29,4,3,F3,0.08797296,0.0276962,0.09443038,0.5,0.5,"[0, 8]",1.0,True,0.01405333,0.00222125,0.01177509,True
29,4,4,F4,0.09753965,0.01262436,0.10762942,0.5,0.5,"[0, 8]",1.0,True,0.01405333,0.00222125,0.01177509,True
29,4,5,F7,0.08446678,0.08147346,0.09780516,0.5,0.5,"[0, 8]",1.0,True,0.01405333,0.00222125,0.01177509,True
29,4,6,F8,0.07804783,-0.02890012,0.07906301,0.5,0.5,"[0, 8]",1.0,True,0.01405333,0.00222125,0.01177509,True
29,4,7,FCz,0.09851848,0.09851848,0.11327542,0.5,0.5,"[0, 8]",1.0,True,0.01405333,0.00222125,0.01177509,True
29,4,8,FC3,0.03072061,0.0053563,0.03787808,0.5,0.5,"[0, 8]",1.0,True,0.01405333,0.00222125,0.01177509,True
29,4,9,FC4,0.05883955,-0.05883955,0.07621024,0.5,0.5,"[0, 8]",1.0,True,0.01405333,0.00222125,0.01177509,True
29,4,10,FT7,0.08923993,-0.05670268,0.10285672,0.5,0.5,"[0, 8]",1.0,True,0.01405333,0.00222125,0.01177509,True
29,4,11,FT8,0.07983901,-0.00310202,0.09630242,0.5,0.5,"[0, 8]",1.0,True,0.01405333,0.00222125,0.01177509,True
29,4,12,Cz,0.07571201,0.07467057,0.09134655,0.5,0.5,"[0, 8]",1.0,True,0.01405333,0.00222125,0.01177509,True
29,4,13,C3,0.11503942,0.07138883,0.117024,0.5,0.5,"[0, 8]",1.0,True,0.01405333,0.00222125,0.01177509,True
29,4,14,C4,0.0851447,-0.07545493,0.09591837,0.5,0.5,"[0, 8]",1.0,True,0.01405333,0.00222125,0.01177509,True
29,4,15,T3,0.12670931,0.12670931,0.13196394,0.5,0.5,"[0, 8]",1.0,True,0.01405333,0.00222125,0.01177509,True
29,4,16,T4,0.12032823,0.01323656,0.13302468,0.5,0.5,"[0, 8]",1.0,True,0.01405333,0.00222125,0.01177509,True
29,4,17,CP3,0.12209539,0.03247429,0.13997315,0.5,0.5,"[0, 8]",1.0,True,0.01405333,0.00222125,0.01177509,True
29,4,18,CP4,0.1118845,0.03464787,0.1282737,0.5,0.5,"[0, 8]",1.0,True,0.01405333,0.00222125,0.01177509,True
29,4,19,TP7,0.08607562,-0.01867184,0.09592092,0.5,0.5,"[0, 8]",1.0,True,0.01405333,0.00222125,0.01177509,True
29,4,20,TP8,0.08963691,-0.05968251,0.10892217,0.5,0.5,"[0, 8]",1.0,True,0.01405333,0.00222125,0.01177509,True
29,4,21,Pz,0.15267675,0.00638789,0.15286885,0.5,0.5,"[0, 8]",1.0,True,0.01405333,0.00222125,0.01177509,True
29,4,22,P3,0.10765046,0.10765046,0.11723395,0.5,0.5,"[0, 8]",1.0,True,0.01405333,0.00222125,0.01177509,True
29,4,23,P4,0.10458806,-0.09347941,0.1166916,0.5,0.5,"[0, 8]",1.0,True,0.01405333,0.00222125,0.01177509,True
29,4,24,T5,0.10590377,0.07312703,0.11481468,0.5,0.5,"[0, 8]",1.0,True,0.01405333,0.00222125,0.01177509,True
29,4,25,T6,0.08078226,-0.06138861,0.09173311,0.5,0.5,"[0, 8]",1.0,True,0.01405333,0.00222125,0.01177509,True
29,4,26,Oz,0.07779371,0.04195315,0.08029863,0.5,0.5,"[0, 8]",1.0,True,0.01405333,0.00222125,0.01177509,True
29,4,27,O1,0.12083323,0.05579043,0.13130897,0.5,0.5,"[0, 8]",1.0,True,0.01405333,0.00222125,0.01177509,True
29,4,28,O2,0.14487335,-0.02408568,0.14759551,0.5,0.5,"[0, 8]",1.0,True,0.01405333,0.00222125,0.01177509,True
29,5,0,Fp1,0.09075773,-0.08508542,0.10280225,0.375,0.375,"[3, 5]",0.625,False,1.24949724,0.36690012,1.04693675,True
29,5,1,Fp2,0.03982379,0.03813798,0.04610028,0.375,0.375,"[3, 5]",0.625,False,1.24949724,0.36690012,1.04693675,True
29,5,2,Fz,0.11702319,-0.05142965,0.13665408,0.375,0.375,"[3, 5]",0.625,False,1.24949724,0.36690012,1.04693675,True
29,5,3,F3,0.06538918,0.00114571,0.07148727,0.375,0.375,"[3, 5]",0.625,False,1.24949724,0.36690012,1.04693675,True
29,5,4,F4,0.06428006,0.0274674,0.07525837,0.375,0.375,"[3, 5]",0.625,False,1.24949724,0.36690012,1.04693675,True
29,5,5,F7,0.01716387,0.00019585,0.02206971,0.375,0.375,"[3, 5]",0.625,False,1.24949724,0.36690012,1.04693675,True
29,5,6,F8,0.04217315,0.0295829,0.05436505,0.375,0.375,"[3, 5]",0.625,False,1.24949724,0.36690012,1.04693675,True
29,5,7,FCz,0.09734666,0.08021478,0.11563895,0.375,0.375,"[3, 5]",0.625,False,1.24949724,0.36690012,1.04693675,True
29,5,8,FC3,0.08100913,0.02659253,0.08773326,0.375,0.375,"[3, 5]",0.625,False,1.24949724,0.36690012,1.04693675,True
29,5,9,FC4,0.11202645,-0.0916602,0.13074459,0.375,0.375,"[3, 5]",0.625,False,1.24949724,0.36690012,1.04693675,True
29,5,10,FT7,0.02002903,0.00573905,0.02284241,0.375,0.375,"[3, 5]",0.625,False,1.24949724,0.36690012,1.04693675,True
29,5,11,FT8,0.09385175,0.02158618,0.10050782,0.375,0.375,"[3, 5]",0.625,False,1.24949724,0.36690012,1.04693675,True
29,5,12,Cz,0.15619233,0.04438484,0.16195224,0.375,0.375,"[3, 5]",0.625,False,1.24949724,0.36690012,1.04693675,True
29,5,13,C3,0.04132679,0.01124136,0.05700314,0.375,0.375,"[3, 5]",0.625,False,1.24949724,0.36690012,1.04693675,True
29,5,14,C4,0.17254539,-0.10137011,0.19601539,0.375,0.375,"[3, 5]",0.625,False,1.24949724,0.36690012,1.04693675,True
29,5,15,T3,0.12988001,0.12988001,0.13224906,0.375,0.375,"[3, 5]",0.625,False,1.24949724,0.36690012,1.04693675,True
29,5,16,T4,0.09271586,0.01487872,0.09445254,0.375,0.375,"[3, 5]",0.625,False,1.24949724,0.36690012,1.04693675,True
29,5,17,CP3,0.08106926,-0.07824968,0.10556731,0.375,0.375,"[3, 5]",0.625,False,1.24949724,0.36690012,1.04693675,True
29,5,18,CP4,0.10807519,0.07447637,0.14082387,0.375,0.375,"[3, 5]",0.625,False,1.24949724,0.36690012,1.04693675,True
29,5,19,TP7,0.08049798,0.01506949,0.08378092,0.375,0.375,"[3, 5]",0.625,False,1.24949724,0.36690012,1.04693675,True
29,5,20,TP8,0.12273814,-0.0672872,0.1410961,0.375,0.375,"[3, 5]",0.625,False,1.24949724,0.36690012,1.04693675,True
29,5,21,Pz,0.19760127,-0.03669696,0.21066621,0.375,0.375,"[3, 5]",0.625,False,1.24949724,0.36690012,1.04693675,True
29,5,22,P3,0.12238707,0.04492155,0.13982885,0.375,0.375,"[3, 5]",0.625,False,1.24949724,0.36690012,1.04693675,True
29,5,23,P4,0.06495671,-0.03635968,0.06953803,0.375,0.375,"[3, 5]",0.625,False,1.24949724,0.36690012,1.04693675,True
29,5,24,T5,0.08144487,0.07722007,0.10356631,0.375,0.375,"[3, 5]",0.625,False,1.24949724,0.36690012,1.04693675,True
29,5,25,T6,0.160539,0.04919277,0.17192683,0.375,0.375,"[3, 5]",0.625,False,1.24949724,0.36690012,1.04693675,True
29,5,26,Oz,0.02312663,-0.01646695,0.02754825,0.375,0.375,"[3, 5]",0.625,False,1.24949724,0.36690012,1.04693675,True
29,5,27,O1,0.09696944,-0.02051146,0.12210155,0.375,0.375,"[3, 5]",0.625,False,1.24949724,0.36690012,1.04693675,True
29,5,28,O2,0.15405135,0.03758296,0.16815338,0.375,0.375,"[3, 5]",0.625,False,1.24949724,0.36690012,1.04693675,True
30,1,0,Fp1,0.11365989,-0.11365989,0.13849886,0.5,0.5,"[4, 4]",0.5,False,1.49617988,0.41076993,1.25362879,True
30,1,1,Fp2,0.05568953,0.05568953,0.05786399,0.5,0.5,"[4, 4]",0.5,False,1.49617988,0.41076993,1.25362879,True
30,1,2,Fz,0.07973449,-0.07973449,0.10609869,0.5,0.5,"[4, 4]",0.5,False,1.49617988,0.41076993,1.25362879,True
30,1,3,F3,0.07418801,0.01829429,0.08039841,0.5,0.5,"[4, 4]",0.5,False,1.49617988,0.41076993,1.25362879,True
30,1,4,F4,0.05791177,0.04804718,0.06900281,0.5,0.5,"[4, 4]",0.5,False,1.49617988,0.41076993,1.25362879,True
30,1,5,F7,0.05990703,0.04170467,0.06388863,0.5,0.5,"[4, 4]",0.5,False,1.49617988,0.41076993,1.25362879,True
30,1,6,F8,0.02480564,-0.00751907,0.02820026,0.5,0.5,"[4, 4]",0.5,False,1.49617988,0.41076993,1.25362879,True
30,1,7,FCz,0.17802209,-0.03039702,0.20263623,0.5,0.5,"[4, 4]",0.5,False,1.49617988,0.41076993,1.25362879,True
30,1,8,FC3,0.12043297,0.04132212,0.16514032,0.5,0.5,"[4, 4]",0.5,False,1.49617988,0.41076993,1.25362879,True
30,1,9,FC4,0.09151819,0.05748497,0.11200757,0.5,0.5,"[4, 4]",0.5,False,1.49617988,0.41076993,1.25362879,True
30,1,10,FT7,0.05477985,-0.00092213,0.06570476,0.5,0.5,"[4, 4]",0.5,False,1.49617988,0.41076993,1.25362879,True
30,1,11,FT8,0.03628306,0.00539105,0.0440829,0.5,0.5,"[4, 4]",0.5,False,1.49617988,0.41076993,1.25362879,True
30,1,12,Cz,0.10646458,0.0573986,0.12777542,0.5,0.5,"[4, 4]",0.5,False,1.49617988,0.41076993,1.25362879,True
30,1,13,C3,0.0855698,-0.004369,0.10430453,0.5,0.5,"[4, 4]",0.5,False,1.49617988,0.41076993,1.25362879,True
30,1,14,C4,0.14426747,-0.07674834,0.19201019,0.5,0.5,"[4, 4]",0.5,False,1.49617988,0.41076993,1.25362879,True
30,1,15,T3,0.08304661,0.08304661,0.08963098,0.5,0.5,"[4, 4]",0.5,False,1.49617988,0.41076993,1.25362879,True
30,1,16,T4,0.08734761,0.07884675,0.10584214,0.5,0.5,"[4, 4]",0.5,False,1.49617988,0.41076993,1.25362879,True
30,1,17,CP3,0.12109165,-0.00391936,0.12925644,0.5,0.5,"[4, 4]",0.5,False,1.49617988,0.41076993,1.25362879,True
30,1,18,CP4,0.12371168,0.0300918,0.165668,0.5,0.5,"[4, 4]",0.5,False,1.49617988,0.41076993,1.25362879,True
30,1,19,TP7,0.07182956,-0.03657439,0.08319608,0.5,0.5,"[4, 4]",0.5,False,1.49617988,0.41076993,1.25362879,True
30,1,20,TP8,0.07990822,0.02796837,0.09665816,0.5,0.5,"[4, 4]",0.5,False,1.49617988,0.41076993,1.25362879,True
30,1,21,Pz,0.06130086,-0.04500658,0.07394713,0.5,0.5,"[4, 4]",0.5,False,1.49617988,0.41076993,1.25362879,True
30,1,22,P3,0.07094751,0.02579297,0.07525123,0.5,0.5,"[4, 4]",0.5,False,1.49617988,0.41076993,1.25362879,True
30,1,23,P4,0.20775399,0.00942907,0.24770112,0.5,0.5,"[4, 4]",0.5,False,1.49617988,0.41076993,1.25362879,True
30,1,24,T5,0.08339665,0.03352309,0.08718358,0.5,0.5,"[4, 4]",0.5,False,1.49617988,0.41076993,1.25362879,True
30,1,25,T6,0.05295476,-0.01275531,0.06108339,0.5,0.5,"[4, 4]",0.5,False,1.49617988,0.41076993,1.25362879,True
30,1,26,Oz,0.15122434,-0.01198093,0.16336975,0.5,0.5,"[4, 4]",0.5,False,1.49617988,0.41076993,1.25362879,True
30,1,27,O1,0.05332855,0.01195532,0.07467798,0.5,0.5,"[4, 4]",0.5,False,1.49617988,0.41076993,1.25362879,True
30,1,28,O2,0.11644477,0.01394384,0.14622532,0.5,0.5,"[4, 4]",0.5,False,1.49617988,0.41076993,1.25362879,True
30,2,0,Fp1,0.08481288,-0.08263198,0.09844312,0.5,0.5,"[4, 4]",0.5,False,1.11554509,0.30877569,0.93470007,True
30,2,1,Fp2,0.07153981,0.07153981,0.10344841,0.5,0.5,"[4, 4]",0.5,False,1.11554509,0.30877569,0.93470007,True
30,2,2,Fz,0.1165347,-0.10870523,0.13476537,0.5,0.5,"[4, 4]",0.5,False,1.11554509,0.30877569,0.93470007,True
30,2,3,F3,0.07676014,-0.01637124,0.10335638,0.5,0.5,"[4, 4]",0.5,False,1.11554509,0.30877569,0.93470007,True
30,2,4,F4,0.04720704,0.0411103,0.05610181,0.5,0.5,"[4, 4]",0.5,False,1.11554509,0.30877569,0.93470007,True
30,2,5,F7,0.0681024,0.06250472,0.12071881,0.5,0.5,"[4, 4]",0.5,False,1.11554509,0.30877569,0.93470007,True
30,2,6,F8,0.04654276,-0.02477967,0.05411409,0.5,0.5,"[4, 4]",0.5,False,1.11554509,0.30877569,0.93470007,True
30,2,7,FCz,0.15220895,0.10270363,0.15613741,0.5,0.5,"[4, 4]",0.5,False,1.11554509,0.30877569,0.93470007,True
30,2,8,FC3,0.0980836,-0.0980836,0.12406401,0.5,0.5,"[4, 4]",0.5,False,1.11554509,0.30877569,0.93470007,True
30,2,9,FC4,0.07179889,0.0422174,0.09217618,0.5,0.5,"[4, 4]",0.5,False,1.11554509,0.30877569,0.93470007,True
30,2,10,FT7,0.0455257,0.0348874,0.06042026,0.5,0.5,"[4, 4]",0.5,False,1.11554509,0.30877569,0.93470007,True
30,2,11,FT8,0.04521727,0.03405283,0.04910523,0.5,0.5,"[4, 4]",0.5,False,1.11554509,0.30877569,0.93470007,True
30,2,12,Cz,0.18489975,0.10404528,0.19942272,0.5,0.5,"[4, 4]",0.5,False,1.11554509,0.30877569,0.93470007,True
30,2,13,C3,0.02898673,-0.02578579,0.03723746,0.5,0.5,"[4, 4]",0.5,False,1.11554509,0.30877569,0.93470007,True
30,2,14,C4,0.09967756,-0.09967756,0.13076986,0.5,0.5,"[4, 4]",0.5,False,1.11554509,0.30877569,0.93470007,True
30,2,15,T3,0.13037676,0.13037676,0.13323702,0.5,0.5,"[4, 4]",0.5,False,1.11554509,0.30877569,0.93470007,True
30,2,16,T4,0.09594745,0.0403837,0.10434144,0.5,0.5,"[4, 4]",0.5,False,1.11554509,0.30877569,0.93470007,True
30,2,17,CP3,0.05933327,-0.05933327,0.07879373,0.5,0.5,"[4, 4]",0.5,False,1.11554509,0.30877569,0.93470007,True
30,2,18,CP4,0.18607673,0.03324279,0.20446604,0.5,0.5,"[4, 4]",0.5,False,1.11554509,0.30877569,0.93470007,True
30,2,19,TP7,0.09409313,-0.02283019,0.11676561,0.5,0.5,"[4, 4]",0.5,False,1.11554509,0.30877569,0.93470007,True
30,2,20,TP8,0.06693289,-0.06693289,0.084971,0.5,0.5,"[4, 4]",0.5,False,1.11554509,0.30877569,0.93470007,True
30,2,21,Pz,0.11064562,-0.05378608,0.11811031,0.5,0.5,"[4, 4]",0.5,False,1.11554509,0.30877569,0.93470007,True
30,2,22,P3,0.05663101,-0.03025502,0.08113375,0.5,0.5,"[4, 4]",0.5,False,1.11554509,0.30877569,0.93470007,True
30,2,23,P4,0.11517482,-0.08305909,0.14279392,0.5,0.5,"[4, 4]",0.5,False,1.11554509,0.30877569,0.93470007,True
30,2,24,T5,0.11783923,0.11465305,0.15620959,0.5,0.5,"[4, 4]",0.5,False,1.11554509,0.30877569,0.93470007,True
30,2,25,T6,0.12300099,0.07335091,0.13357116,0.5,0.5,"[4, 4]",0.5,False,1.11554509,0.30877569,0.93470007,True
30,2,26,Oz,0.06572916,-0.0034594,0.07566041,0.5,0.5,"[4, 4]",0.5,False,1.11554509,0.30877569,0.93470007,True
30,2,27,O1,0.10879967,0.02876314,0.11536254,0.5,0.5,"[4, 4]",0.5,False,1.11554509,0.30877569,0.93470007,True
30,2,28,O2,0.10791013,-0.06251469,0.12963957,0.5,0.5,"[4, 4]",0.5,False,1.11554509,0.30877569,0.93470007,True
30,3,0,Fp1,0.10252846,-0.10252846,0.11821721,0.625,0.625,"[5, 3]",0.625,False,1.20252582,0.35209906,1.00758004,True
30,3,1,Fp2,0.08938421,0.08938421,0.12403701,0.625,0.625,"[5, 3]",0.625,False,1.20252582,0.35209906,1.00758004,True
30,3,2,Fz,0.08700106,-0.0760835,0.10386205,0.625,0.625,"[5, 3]",0.625,False,1.20252582,0.35209906,1.00758004,True
30,3,3,F3,0.04898728,0.00768581,0.06223372,0.625,0.625,"[5, 3]",0.625,False,1.20252582,0.35209906,1.00758004,True
30,3,4,F4,0.05248582,0.05248582,0.06527266,0.625,0.625,"[5, 3]",0.625,False,1.20252582,0.35209906,1.00758004,True
30,3,5,F7,0.07180873,0.03994273,0.08990847,0.625,0.625,"[5, 3]",0.625,False,1.20252582,0.35209906,1.00758004,True
30,3,6,F8,0.07378688,0.00293714,0.07874665,0.625,0.625,"[5, 3]",0.625,False,1.20252582,0.35209906,1.00758004,True
30,3,7,FCz,0.17454571,0.01816855,0.19912846,0.625,0.625,"[5, 3]",0.625,False,1.20252582,0.35209906,1.00758004,True
30,3,8,FC3,0.0399338,-6.352e-05,0.04765671,0.625,0.625,"[5, 3]",0.625,False,1.20252582,0.35209906,1.00758004,True
30,3,9,FC4,0.09237045,-0.00830864,0.09476768,0.625,0.625,"[5, 3]",0.625,False,1.20252582,0.35209906,1.00758004,True
30,3,10,FT7,0.05620131,0.00458318,0.06620244,0.625,0.625,"[5, 3]",0.625,False,1.20252582,0.35209906,1.00758004,True
30,3,11,FT8,0.04111266,-0.01391795,0.04246226,0.625,0.625,"[5, 3]",0.625,False,1.20252582,0.35209906,1.00758004,True
30,3,12,Cz,0.13438192,0.03830874,0.16798897,0.625,0.625,"[5, 3]",0.625,False,1.20252582,0.35209906,1.00758004,True
30,3,13,C3,0.13147753,-0.02226385,0.15800732,0.625,0.625,"[5, 3]",0.625,False,1.20252582,0.35209906,1.00758004,True
30,3,14,C4,0.11752242,-0.10518268,0.14067681,0.625,0.625,"[5, 3]",0.625,False,1.20252582,0.35209906,1.00758004,True
30,3,15,T3,0.10560496,0.10560496,0.10807483,0.625,0.625,"[5, 3]",0.625,False,1.20252582,0.35209906,1.00758004,True
30,3,16,T4,0.10313277,0.02763825,0.10679577,0.625,0.625,"[5, 3]",0.625,False,1.20252582,0.35209906,1.00758004,True
30,3,17,CP3,0.04526974,-0.02724323,0.0733897,0.625,0.625,"[5, 3]",0.625,False,1.20252582,0.35209906,1.00758004,True
30,3,18,CP4,0.12308329,0.07082265,0.14820364,0.625,0.625,"[5, 3]",0.625,False,1.20252582,0.35209906,1.00758004,True
30,3,19,TP7,0.1006858,-0.03575467,0.11661237,0.625,0.625,"[5, 3]",0.625,False,1.20252582,0.35209906,1.00758004,True
30,3,20,TP8,0.04135527,-0.0337212,0.04447509,0.625,0.625,"[5, 3]",0.625,False,1.20252582,0.35209906,1.00758004,True
30,3,21,Pz,0.12957673,-0.00293149,0.14197421,0.625,0.625,"[5, 3]",0.625,False,1.20252582,0.35209906,1.00758004,True
30,3,22,P3,0.07106322,-0.00880353,0.08800926,0.625,0.625,"[5, 3]",0.625,False,1.20252582,0.35209906,1.00758004,True
30,3,23,P4,0.14573914,-0.01176111,0.16912167,0.625,0.625,"[5, 3]",0.625,False,1.20252582,0.35209906,1.00758004,True
30,3,24,T5,0.08067337,0.08067337,0.10459496,0.625,0.625,"[5, 3]",0.625,False,1.20252582,0.35209906,1.00758004,True
30,3,25,T6,0.11374547,0.06701115,0.12954126,0.625,0.625,"[5, 3]",0.625,False,1.20252582,0.35209906,1.00758004,True
30,3,26,Oz,0.08822708,-0.00595309,0.09547468,0.625,0.625,"[5, 3]",0.625,False,1.20252582,0.35209906,1.00758004,True
30,3,27,O1,0.10123796,0.01347094,0.10468706,0.625,0.625,"[5, 3]",0.625,False,1.20252582,0.35209906,1.00758004,True
30,3,28,O2,0.0905742,-0.02644568,0.11268239,0.625,0.625,"[5, 3]",0.625,False,1.20252582,0.35209906,1.00758004,True
30,4,0,Fp1,0.10295447,-0.09581383,0.11583795,0.375,0.375,"[5, 3]",0.625,False,0.36247073,0.09499021,0.3037093,True
30,4,1,Fp2,0.08167725,0.08167725,0.12589125,0.375,0.375,"[5, 3]",0.625,False,0.36247073,0.09499021,0.3037093,True
30,4,2,Fz,0.08881882,-0.08881882,0.10067802,0.375,0.375,"[5, 3]",0.625,False,0.36247073,0.09499021,0.3037093,True
30,4,3,F3,0.07162391,0.02613363,0.07703347,0.375,0.375,"[5, 3]",0.625,False,0.36247073,0.09499021,0.3037093,True
30,4,4,F4,0.08625492,0.03036672,0.09000784,0.375,0.375,"[5, 3]",0.625,False,0.36247073,0.09499021,0.3037093,True
30,4,5,F7,0.09084119,0.07907605,0.11566729,0.375,0.375,"[5, 3]",0.625,False,0.36247073,0.09499021,0.3037093,True
30,4,6,F8,0.06353904,-0.01099685,0.0773842,0.375,0.375,"[5, 3]",0.625,False,0.36247073,0.09499021,0.3037093,True
30,4,7,FCz,0.10775948,0.10241535,0.12555929,0.375,0.375,"[5, 3]",0.625,False,0.36247073,0.09499021,0.3037093,True
30,4,8,FC3,0.04060483,-0.02174561,0.04673982,0.375,0.375,"[5, 3]",0.625,False,0.36247073,0.09499021,0.3037093,True
30,4,9,FC4,0.0571393,-0.03084746,0.07169001,0.375,0.375,"[5, 3]",0.625,False,0.36247073,0.09499021,0.3037093,True
30,4,10,FT7,0.06689999,-0.05506558,0.08792657,0.375,0.375,"[5, 3]",0.625,False,0.36247073,0.09499021,0.3037093,True
30,4,11,FT8,0.0981835,-0.00048333,0.10329638,0.375,0.375,"[5, 3]",0.625,False,0.36247073,0.09499021,0.3037093,True
30,4,12,Cz,0.09309778,0.06939556,0.09699659,0.375,0.375,"[5, 3]",0.625,False,0.36247073,0.09499021,0.3037093,True
30,4,13,C3,0.09083952,0.03228892,0.09816298,0.375,0.375,"[5, 3]",0.625,False,0.36247073,0.09499021,0.3037093,True
30,4,14,C4,0.11307877,-0.10374947,0.12929399,0.375,0.375,"[5, 3]",0.625,False,0.36247073,0.09499021,0.3037093,True
30,4,15,T3,0.12335985,0.12335985,0.12752864,0.375,0.375,"[5, 3]",0.625,False,0.36247073,0.09499021,0.3037093,True
30,4,16,T4,0.12721993,0.00993005,0.13220851,0.375,0.375,"[5, 3]",0.625,False,0.36247073,0.09499021,0.3037093,True
30,4,17,CP3,0.13054024,0.01805878,0.15300414,0.375,0.375,"[5, 3]",0.625,False,0.36247073,0.09499021,0.3037093,True
30,4,18,CP4,0.10815974,0.0303239,0.12769382,0.375,0.375,"[5, 3]",0.625,False,0.36247073,0.09499021,0.3037093,True
30,4,19,TP7,0.09385338,-0.01037871,0.09637824,0.375,0.375,"[5, 3]",0.625,False,0.36247073,0.09499021,0.3037093,True
30,4,20,TP8,0.08919713,-0.05297877,0.10431474,0.375,0.375,"[5, 3]",0.625,False,0.36247073,0.09499021,0.3037093,True
30,4,21,Pz,0.10974251,-0.01438094,0.11092966,0.375,0.375,"[5, 3]",0.625,False,0.36247073,0.09499021,0.3037093,True
30,4,22,P3,0.08392388,0.08392388,0.09470919,0.375,0.375,"[5, 3]",0.625,False,0.36247073,0.09499021,0.3037093,True
30,4,23,P4,0.11798278,-0.07699744,0.12041663,0.375,0.375,"[5, 3]",0.625,False,0.36247073,0.09499021,0.3037093,True
30,4,24,T5,0.07095194,0.06678155,0.08496246,0.375,0.375,"[5, 3]",0.625,False,0.36247073,0.09499021,0.3037093,True
30,4,25,T6,0.07645806,-0.0448484,0.08777048,0.375,0.375,"[5, 3]",0.625,False,0.36247073,0.09499021,0.3037093,True
30,4,26,Oz,0.05355824,0.03393359,0.0682314,0.375,0.375,"[5, 3]",0.625,False,0.36247073,0.09499021,0.3037093,True
30,4,27,O1,0.11646125,0.04574492,0.12742519,0.375,0.375,"[5, 3]",0.625,False,0.36247073,0.09499021,0.3037093,True
30,4,28,O2,0.15923111,-0.04171847,0.16472751,0.375,0.375,"[5, 3]",0.625,False,0.36247073,0.09499021,0.3037093,True
30,5,0,Fp1,0.10571425,-0.10349619,0.12127119,0.5,0.5,"[4, 4]",0.5,False,0.79075937,0.16772485,0.66256653,True
30,5,1,Fp2,0.0867409,0.0867409,0.14294042,0.5,0.5,"[4, 4]",0.5,False,0.79075937,0.16772485,0.66256653,True
30,5,2,Fz,0.10810487,-0.10810487,0.11636046,0.5,0.5,"[4, 4]",0.5,False,0.79075937,0.16772485,0.66256653,True
30,5,3,F3,0.06824325,0.0135109,0.07472093,0.5,0.5,"[4, 4]",0.5,False,0.79075937,0.16772485,0.66256653,True
30,5,4,F4,0.07748594,0.01267156,0.08333925,0.5,0.5,"[4, 4]",0.5,False,0.79075937,0.16772485,0.66256653,True
30,5,5,F7,0.08965154,0.07606162,0.129456,0.5,0.5,"[4, 4]",0.5,False,0.79075937,0.16772485,0.66256653,True
30,5,6,F8,0.06249127,0.00246612,0.06810959,0.5,0.5,"[4, 4]",0.5,False,0.79075937,0.16772485,0.66256653,True
30,5,7,FCz,0.12547973,0.09658641,0.1350221,0.5,0.5,"[4, 4]",0.5,False,0.79075937,0.16772485,0.66256653,True
30,5,8,FC3,0.0387939,0.02572093,0.0485251,0.5,0.5,"[4, 4]",0.5,False,0.79075937,0.16772485,0.66256653,True
30,5,9,FC4,0.1072229,-0.00550775,0.10958532,0.5,0.5,"[4, 4]",0.5,False,0.79075937,0.16772485,0.66256653,True
30,5,10,FT7,0.05338468,0.01470284,0.06222306,0.5,0.5,"[4, 4]",0.5,False,0.79075937,0.16772485,0.66256653,True
30,5,11,FT8,0.04773688,0.00615486,0.05305149,0.5,0.5,"[4, 4]",0.5,False,0.79075937,0.16772485,0.66256653,True
30,5,12,Cz,0.09841998,0.06949887,0.11304638,0.5,0.5,"[4, 4]",0.5,False,0.79075937,0.16772485,0.66256653,True
30,5,13,C3,0.05598028,-0.05598028,0.0825581,0.5,0.5,"[4, 4]",0.5,False,0.79075937,0.16772485,0.66256653,True
30,5,14,C4,0.16647461,-0.11736765,0.17290056,0.5,0.5,"[4, 4]",0.5,False,0.79075937,0.16772485,0.66256653,True
30,5,15,T3,0.11226048,0.11226048,0.11460062,0.5,0.5,"[4, 4]",0.5,False,0.79075937,0.16772485,0.66256653,True
30,5,16,T4,0.11308998,0.00767246,0.11443489,0.5,0.5,"[4, 4]",0.5,False,0.79075937,0.16772485,0.66256653,True
30,5,17,CP3,0.11724587,-0.0121419,0.11986474,0.5,0.5,"[4, 4]",0.5,False,0.79075937,0.16772485,0.66256653,True
30,5,18,CP4,0.16407827,0.04711098,0.20022689,0.5,0.5,"[4, 4]",0.5,False,0.79075937,0.16772485,0.66256653,True
30,5,19,TP7,0.08592585,-0.02021642,0.0992142,0.5,0.5,"[4, 4]",0.5,False,0.79075937,0.16772485,0.66256653,True
30,5,20,TP8,0.06279976,-0.06279976,0.08041771,0.5,0.5,"[4, 4]",0.5,False,0.79075937,0.16772485,0.66256653,True
30,5,21,Pz,0.10066115,-0.00751676,0.11935692,0.5,0.5,"[4, 4]",0.5,False,0.79075937,0.16772485,0.66256653,True
30,5,22,P3,0.05262714,0.04047871,0.0682419,0.5,0.5,"[4, 4]",0.5,False,0.79075937,0.16772485,0.66256653,True
30,5,23,P4,0.0902139,-0.05319899,0.09485703,0.5,0.5,"[4, 4]",0.5,False,0.79075937,0.16772485,0.66256653,True
30,5,24,T5,0.02686882,0.01964022,0.03334618,0.5,0.5,"[4, 4]",0.5,False,0.79075937,0.16772485,0.66256653,True
30,5,25,T6,0.11797511,0.02167333,0.13471003,0.5,0.5,"[4, 4]",0.5,False,0.79075937,0.16772485,0.66256653,True
30,5,26,Oz,0.04187816,-0.00278207,0.05571346,0.5,0.5,"[4, 4]",0.5,False,0.79075937,0.16772485,0.66256653,True
30,5,27,O1,0.11015544,0.06458905,0.12974223,0.5,0.5,"[4, 4]",0.5,False,0.79075937,0.16772485,0.66256653,True
30,5,28,O2,0.12330142,-0.01332905,0.14124157,0.5,0.5,"[4, 4]",0.5,False,0.79075937,0.16772485,0.66256653,True
31,1,0,Fp1,0.10911386,-0.0950347,0.12126634,0.5,0.5,"[0, 8]",1.0,True,0.01988664,0.00395719,0.01666274,True
31,1,1,Fp2,0.07855806,0.06131266,0.09631526,0.5,0.5,"[0, 8]",1.0,True,0.01988664,0.00395719,0.01666274,True
31,1,2,Fz,0.10403815,-0.09841877,0.11755535,0.5,0.5,"[0, 8]",1.0,True,0.01988664,0.00395719,0.01666274,True
31,1,3,F3,0.08846158,0.02731231,0.09528445,0.5,0.5,"[0, 8]",1.0,True,0.01988664,0.00395719,0.01666274,True
31,1,4,F4,0.09794222,0.01346959,0.10753919,0.5,0.5,"[0, 8]",1.0,True,0.01988664,0.00395719,0.01666274,True
31,1,5,F7,0.08449826,0.08159851,0.09811464,0.5,0.5,"[0, 8]",1.0,True,0.01988664,0.00395719,0.01666274,True
31,1,6,F8,0.07664599,-0.02922426,0.07755575,0.5,0.5,"[0, 8]",1.0,True,0.01988664,0.00395719,0.01666274,True
31,1,7,FCz,0.09803198,0.09803198,0.1132664,0.5,0.5,"[0, 8]",1.0,True,0.01988664,0.00395719,0.01666274,True
31,1,8,FC3,0.03085559,0.00475428,0.03828181,0.5,0.5,"[0, 8]",1.0,True,0.01988664,0.00395719,0.01666274,True
31,1,9,FC4,0.05745586,-0.05745586,0.077682,0.5,0.5,"[0, 8]",1.0,True,0.01988664,0.00395719,0.01666274,True
31,1,10,FT7,0.0912843,-0.05984749,0.10439074,0.5,0.5,"[0, 8]",1.0,True,0.01988664,0.00395719,0.01666274,True
31,1,11,FT8,0.08119249,-0.00310393,0.0974409,0.5,0.5,"[0, 8]",1.0,True,0.01988664,0.00395719,0.01666274,True
31,1,12,Cz,0.07566485,0.07425684,0.09116916,0.5,0.5,"[0, 8]",1.0,True,0.01988664,0.00395719,0.01666274,True
31,1,13,C3,0.11602545,0.07347304,0.11833844,0.5,0.5,"[0, 8]",1.0,True,0.01988664,0.00395719,0.01666274,True
31,1,14,C4,0.08402017,-0.07452855,0.09468485,0.5,0.5,"[0, 8]",1.0,True,0.01988664,0.00395719,0.01666274,True
31,1,15,T3,0.12776923,0.12776923,0.13349828,0.5,0.5,"[0, 8]",1.0,True,0.01988664,0.00395719,0.01666274,True
31,1,16,T4,0.12157461,0.01232627,0.1338075,0.5,0.5,"[0, 8]",1.0,True,0.01988664,0.00395719,0.01666274,True
31,1,17,CP3,0.12085271,0.03215906,0.13902287,0.5,0.5,"[0, 8]",1.0,True,0.01988664,0.00395719,0.01666274,True
31,1,18,CP4,0.11191592,0.03376798,0.12789612,0.5,0.5,"[0, 8]",1.0,True,0.01988664,0.00395719,0.01666274,True
31,1,19,TP7,0.08595765,-0.01767391,0.09513188,0.5,0.5,"[0, 8]",1.0,True,0.01988664,0.00395719,0.01666274,True
31,1,20,TP8,0.08872432,-0.0601321,0.10844915,0.5,0.5,"[0, 8]",1.0,True,0.01988664,0.00395719,0.01666274,True
31,1,21,Pz,0.15505812,0.00628687,0.15521511,0.5,0.5,"[0, 8]",1.0,True,0.01988664,0.00395719,0.01666274,True
31,1,22,P3,0.10892609,0.10892609,0.1181411,0.5,0.5,"[0, 8]",1.0,True,0.01988664,0.00395719,0.01666274,True
31,1,23,P4,0.10614619,-0.09432757,0.11833944,0.5,0.5,"[0, 8]",1.0,True,0.01988664,0.00395719,0.01666274,True
31,1,24,T5,0.1048667,0.07397037,0.11407591,0.5,0.5,"[0, 8]",1.0,True,0.01988664,0.00395719,0.01666274,True
31,1,25,T6,0.08050117,-0.06209859,0.09229947,0.5,0.5,"[0, 8]",1.0,True,0.01988664,0.00395719,0.01666274,True
31,1,26,Oz,0.07663234,0.04249922,0.07918301,0.5,0.5,"[0, 8]",1.0,True,0.01988664,0.00395719,0.01666274,True
31,1,27,O1,0.12087192,0.05603703,0.13173281,0.5,0.5,"[0, 8]",1.0,True,0.01988664,0.00395719,0.01666274,True
31,1,28,O2,0.14275433,-0.02377801,0.14553438,0.5,0.5,"[0, 8]",1.0,True,0.01988664,0.00395719,0.01666274,True
31,2,0,Fp1,0.09499919,-0.0716778,0.10092624,0.75,0.75,"[2, 6]",0.75,False,0.26720507,0.05663784,0.2238875,True
31,2,1,Fp2,0.0758777,0.04611617,0.10647532,0.75,0.75,"[2, 6]",0.75,False,0.26720507,0.05663784,0.2238875,True
31,2,2,Fz,0.10728464,-0.08665918,0.11432065,0.75,0.75,"[2, 6]",0.75,False,0.26720507,0.05663784,0.2238875,True
31,2,3,F3,0.0820839,0.03037601,0.09090141,0.75,0.75,"[2, 6]",0.75,False,0.26720507,0.05663784,0.2238875,True
31,2,4,F4,0.11600493,0.02535412,0.12283435,0.75,0.75,"[2, 6]",0.75,False,0.26720507,0.05663784,0.2238875,True
31,2,5,F7,0.08352278,0.08352278,0.09770852,0.75,0.75,"[2, 6]",0.75,False,0.26720507,0.05663784,0.2238875,True
31,2,6,F8,0.0834479,-0.03685881,0.08731329,0.75,0.75,"[2, 6]",0.75,False,0.26720507,0.05663784,0.2238875,True
31,2,7,FCz,0.09670202,0.09670202,0.11044856,0.75,0.75,"[2, 6]",0.75,False,0.26720507,0.05663784,0.2238875,True
31,2,8,FC3,0.0249289,0.00436784,0.03231111,0.75,0.75,"[2, 6]",0.75,False,0.26720507,0.05663784,0.2238875,True
31,2,9,FC4,0.06895912,-0.04523363,0.08296261,0.75,0.75,"[2, 6]",0.75,False,0.26720507,0.05663784,0.2238875,True
31,2,10,FT7,0.10601656,-0.07806829,0.11718447,0.75,0.75,"[2, 6]",0.75,False,0.26720507,0.05663784,0.2238875,True
31,2,11,FT8,0.09324656,0.00133481,0.10198816,0.75,0.75,"[2, 6]",0.75,False,0.26720507,0.05663784,0.2238875,True
31,2,12,Cz,0.07419474,0.06620469,0.08867611,0.75,0.75,"[2, 6]",0.75,False,0.26720507,0.05663784,0.2238875,True
31,2,13,C3,0.11740503,0.06704941,0.12612379,0.75,0.75,"[2, 6]",0.75,False,0.26720507,0.05663784,0.2238875,True
31,2,14,C4,0.08971658,-0.07841013,0.09894039,0.75,0.75,"[2, 6]",0.75,False,0.26720507,0.05663784,0.2238875,True
31,2,15,T3,0.12111391,0.12111391,0.12895219,0.75,0.75,"[2, 6]",0.75,False,0.26720507,0.05663784,0.2238875,True
31,2,16,T4,0.13357103,0.01653659,0.15479948,0.75,0.75,"[2, 6]",0.75,False,0.26720507,0.05663784,0.2238875,True
31,2,17,CP3,0.11017709,0.00540449,0.13343704,0.75,0.75,"[2, 6]",0.75,False,0.26720507,0.05663784,0.2238875,True
31,2,18,CP4,0.11542961,0.03626018,0.13072945,0.75,0.75,"[2, 6]",0.75,False,0.26720507,0.05663784,0.2238875,True
31,2,19,TP7,0.08838962,-0.03459923,0.10320734,0.75,0.75,"[2, 6]",0.75,False,0.26720507,0.05663784,0.2238875,True
31,2,20,TP8,0.08922747,-0.0483911,0.10356072,0.75,0.75,"[2, 6]",0.75,False,0.26720507,0.05663784,0.2238875,True
31,2,21,Pz,0.16873643,-0.00212182,0.16914576,0.75,0.75,"[2, 6]",0.75,False,0.26720507,0.05663784,0.2238875,True
31,2,22,P3,0.08551228,0.08551228,0.09707236,0.75,0.75,"[2, 6]",0.75,False,0.26720507,0.05663784,0.2238875,True
31,2,23,P4,0.0906273,-0.08221425,0.10436494,0.75,0.75,"[2, 6]",0.75,False,0.26720507,0.05663784,0.2238875,True
31,2,24,T5,0.08754317,0.04270835,0.09075364,0.75,0.75,"[2, 6]",0.75,False,0.26720507,0.05663784,0.2238875,True
31,2,25,T6,0.08785599,-0.05568068,0.09333546,0.75,0.75,"[2, 6]",0.75,False,0.26720507,0.05663784,0.2238875,True
31,2,26,Oz,0.08761934,0.05891124,0.09282661,0.75,0.75,"[2, 6]",0.75,False,0.26720507,0.05663784,0.2238875,True
31,2,27,O1,0.0983138,0.03837674,0.11136608,0.75,0.75,"[2, 6]",0.75,False,0.26720507,0.05663784,0.2238875,True
31,2,28,O2,0.15455508,-0.00701378,0.15496071,0.75,0.75,"[2, 6]",0.75,False,0.26720507,0.05663784,0.2238875,True
31,3,0,Fp1,0.06022398,-0.02663331,0.06098696,0.5,0.5,"[4, 4]",0.5,False,0.84191656,0.26140964,0.70543044,True
31,3,1,Fp2,0.06550169,0.00293023,0.06903681,0.5,0.5,"[4, 4]",0.5,False,0.84191656,0.26140964,0.70543044,True
31,3,2,Fz,0.0881016,0.00789963,0.10294913,0.5,0.5,"[4, 4]",0.5,False,0.84191656,0.26140964,0.70543044,True
31,3,3,F3,0.08514826,0.04593827,0.1088431,0.5,0.5,"[4, 4]",0.5,False,0.84191656,0.26140964,0.70543044,True
31,3,4,F4,0.05890942,0.01985107,0.06819897,0.5,0.5,"[4, 4]",0.5,False,0.84191656,0.26140964,0.70543044,True
31,3,5,F7,0.07905529,0.07905529,0.08149191,0.5,0.5,"[4, 4]",0.5,False,0.84191656,0.26140964,0.70543044,True
31,3,6,F8,0.17497686,-0.07831264,0.20424436,0.5,0.5,"[4, 4]",0.5,False,0.84191656,0.26140964,0.70543044,True
31,3,7,FCz,0.06375188,0.04427255,0.06961583,0.5,0.5,"[4, 4]",0.5,False,0.84191656,0.26140964,0.70543044,True
31,3,8,FC3,0.02595866,-0.02581725,0.03893401,0.5,0.5,"[4, 4]",0.5,False,0.84191656,0.26140964,0.70543044,True
31,3,9,FC4,0.06928406,-0.03909132,0.07183392,0.5,0.5,"[4, 4]",0.5,False,0.84191656,0.26140964,0.70543044,True
31,3,10,FT7,0.14308076,-0.08267169,0.14716575,0.5,0.5,"[4, 4]",0.5,False,0.84191656,0.26140964,0.70543044,True
31,3,11,FT8,0.0743022,-0.0407305,0.08640487,0.5,0.5,"[4, 4]",0.5,False,0.84191656,0.26140964,0.70543044,True
31,3,12,Cz,0.08608475,0.06712073,0.09602411,0.5,0.5,"[4, 4]",0.5,False,0.84191656,0.26140964,0.70543044,True
31,3,13,C3,0.11987951,0.10428394,0.15823564,0.5,0.5,"[4, 4]",0.5,False,0.84191656,0.26140964,0.70543044,True
31,3,14,C4,0.0713153,-0.01883394,0.09039461,0.5,0.5,"[4, 4]",0.5,False,0.84191656,0.26140964,0.70543044,True
31,3,15,T3,0.12547104,0.11663279,0.14524077,0.5,0.5,"[4, 4]",0.5,False,0.84191656,0.26140964,0.70543044,True
31,3,16,T4,0.15991451,0.03138921,0.17683281,0.5,0.5,"[4, 4]",0.5,False,0.84191656,0.26140964,0.70543044,True
31,3,17,CP3,0.12328526,-0.10659177,0.15557373,0.5,0.5,"[4, 4]",0.5,False,0.84191656,0.26140964,0.70543044,True
31,3,18,CP4,0.15139958,-0.04821319,0.18553717,0.5,0.5,"[4, 4]",0.5,False,0.84191656,0.26140964,0.70543044,True
31,3,19,TP7,0.07032154,0.02006744,0.08141822,0.5,0.5,"[4, 4]",0.5,False,0.84191656,0.26140964,0.70543044,True
31,3,20,TP8,0.06258352,-0.05058984,0.07154295,0.5,0.5,"[4, 4]",0.5,False,0.84191656,0.26140964,0.70543044,True
31,3,21,Pz,0.1479274,0.01999211,0.14994556,0.5,0.5,"[4, 4]",0.5,False,0.84191656,0.26140964,0.70543044,True
31,3,22,P3,0.1025179,0.1025179,0.12362459,0.5,0.5,"[4, 4]",0.5,False,0.84191656,0.26140964,0.70543044,True
31,3,23,P4,0.10844224,-0.02859453,0.11755035,0.5,0.5,"[4, 4]",0.5,False,0.84191656,0.26140964,0.70543044,True
31,3,24,T5,0.05888651,0.05888651,0.07089994,0.5,0.5,"[4, 4]",0.5,False,0.84191656,0.26140964,0.70543044,True
31,3,25,T6,0.14925483,-0.13549516,0.16605636,0.5,0.5,"[4, 4]",0.5,False,0.84191656,0.26140964,0.70543044,True
31,3,26,Oz,0.10040115,0.04374669,0.10688677,0.5,0.5,"[4, 4]",0.5,False,0.84191656,0.26140964,0.70543044,True
31,3,27,O1,0.11291395,0.0547806,0.11471426,0.5,0.5,"[4, 4]",0.5,False,0.84191656,0.26140964,0.70543044,True
31,3,28,O2,0.11991985,-0.00620607,0.12163377,0.5,0.5,"[4, 4]",0.5,False,0.84191656,0.26140964,0.70543044,True
31,4,0,Fp1,0.12074019,-0.09315817,0.13225369,0.75,0.75,"[4, 4]",0.5,False,0.54104741,0.15604676,0.45333627,True
31,4,1,Fp2,0.09116396,0.06966503,0.1139769,0.75,0.75,"[4, 4]",0.5,False,0.54104741,0.15604676,0.45333627,True
31,4,2,Fz,0.10219638,-0.06521183,0.10705274,0.75,0.75,"[4, 4]",0.5,False,0.54104741,0.15604676,0.45333627,True
31,4,3,F3,0.09280084,0.01522605,0.12215451,0.75,0.75,"[4, 4]",0.5,False,0.54104741,0.15604676,0.45333627,True
31,4,4,F4,0.09459871,0.05707292,0.10823766,0.75,0.75,"[4, 4]",0.5,False,0.54104741,0.15604676,0.45333627,True
31,4,5,F7,0.09250706,0.04952203,0.09392545,0.75,0.75,"[4, 4]",0.5,False,0.54104741,0.15604676,0.45333627,True
31,4,6,F8,0.07826835,0.04617953,0.0952701,0.75,0.75,"[4, 4]",0.5,False,0.54104741,0.15604676,0.45333627,True
31,4,7,FCz,0.07807215,0.07670892,0.09345607,0.75,0.75,"[4, 4]",0.5,False,0.54104741,0.15604676,0.45333627,True
31,4,8,FC3,0.04034046,-0.03436895,0.05520153,0.75,0.75,"[4, 4]",0.5,False,0.54104741,0.15604676,0.45333627,True
31,4,9,FC4,0.04877409,-0.04855671,0.07513911,0.75,0.75,"[4, 4]",0.5,False,0.54104741,0.15604676,0.45333627,True
31,4,10,FT7,0.12097672,-0.10255488,0.13540275,0.75,0.75,"[4, 4]",0.5,False,0.54104741,0.15604676,0.45333627,True
31,4,11,FT8,0.06717922,-0.00811915,0.07893105,0.75,0.75,"[4, 4]",0.5,False,0.54104741,0.15604676,0.45333627,True
31,4,12,Cz,0.07565001,0.07565001,0.08475951,0.75,0.75,"[4, 4]",0.5,False,0.54104741,0.15604676,0.45333627,True
31,4,13,C3,0.12763402,0.08902285,0.1488968,0.75,0.75,"[4, 4]",0.5,False,0.54104741,0.15604676,0.45333627,True
31,4,14,C4,0.08260535,-0.02127268,0.08726074,0.75,0.75,"[4, 4]",0.5,False,0.54104741,0.15604676,0.45333627,True
31,4,15,T3,0.10242073,0.10242073,0.12208369,0.75,0.75,"[4, 4]",0.5,False,0.54104741,0.15604676,0.45333627,True
31,4,16,T4,0.08782003,0.0170108,0.09920309,0.75,0.75,"[4, 4]",0.5,False,0.54104741,0.15604676,0.45333627,True
31,4,17,CP3,0.0681516,-0.01978455,0.0940051,0.75,0.75,"[4, 4]",0.5,False,0.54104741,0.15604676,0.45333627,True
31,4,18,CP4,0.12373995,0.05669407,0.1380434,0.75,0.75,"[4, 4]",0.5,False,0.54104741,0.15604676,0.45333627,True
31,4,19,TP7,0.11745526,-0.03311272,0.13522975,0.75,0.75,"[4, 4]",0.5,False,0.54104741,0.15604676,0.45333627,True
31,4,20,TP8,0.08209905,-0.0113492,0.08520356,0.75,0.75,"[4, 4]",0.5,False,0.54104741,0.15604676,0.45333627,True
31,4,21,Pz,0.09909319,0.00038834,0.1020989,0.75,0.75,"[4, 4]",0.5,False,0.54104741,0.15604676,0.45333627,True
31,4,22,P3,0.1025479,0.1025479,0.10701524,0.75,0.75,"[4, 4]",0.5,False,0.54104741,0.15604676,0.45333627,True
31,4,23,P4,0.10324152,-0.10324152,0.11467745,0.75,0.75,"[4, 4]",0.5,False,0.54104741,0.15604676,0.45333627,True
31,4,24,T5,0.0773446,0.04207773,0.07875515,0.75,0.75,"[4, 4]",0.5,False,0.54104741,0.15604676,0.45333627,True
31,4,25,T6,0.1161705,-0.1161705,0.13607246,0.75,0.75,"[4, 4]",0.5,False,0.54104741,0.15604676,0.45333627,True
31,4,26,Oz,0.05820274,0.05820274,0.07542081,0.75,0.75,"[4, 4]",0.5,False,0.54104741,0.15604676,0.45333627,True
31,4,27,O1,0.10074028,0.05170484,0.11919983,0.75,0.75,"[4, 4]",0.5,False,0.54104741,0.15604676,0.45333627,True
31,4,28,O2,0.17206068,-0.00908498,0.17238118,0.75,0.75,"[4, 4]",0.5,False,0.54104741,0.15604676,0.45333627,True
31,5,0,Fp1,0.10902897,-0.09505877,0.12150848,0.625,0.625,"[1, 7]",0.875,False,0.03600371,0.00777085,0.03016702,True
31,5,1,Fp2,0.07764754,0.0607488,0.09497961,0.625,0.625,"[1, 7]",0.875,False,0.03600371,0.00777085,0.03016702,True
31,5,2,Fz,0.10496454,-0.09726559,0.11767335,0.625,0.625,"[1, 7]",0.875,False,0.03600371,0.00777085,0.03016702,True
31,5,3,F3,0.0904353,0.02823092,0.09726717,0.625,0.625,"[1, 7]",0.875,False,0.03600371,0.00777085,0.03016702,True
31,5,4,F4,0.10035928,0.01532617,0.10956982,0.625,0.625,"[1, 7]",0.875,False,0.03600371,0.00777085,0.03016702,True
31,5,5,F7,0.08272529,0.08086531,0.09690116,0.625,0.625,"[1, 7]",0.875,False,0.03600371,0.00777085,0.03016702,True
31,5,6,F8,0.07458046,-0.02886362,0.07557714,0.625,0.625,"[1, 7]",0.875,False,0.03600371,0.00777085,0.03016702,True
31,5,7,FCz,0.09883843,0.09883843,0.11465933,0.625,0.625,"[1, 7]",0.875,False,0.03600371,0.00777085,0.03016702,True
31,5,8,FC3,0.03073006,0.00512518,0.03895602,0.625,0.625,"[1, 7]",0.875,False,0.03600371,0.00777085,0.03016702,True
31,5,9,FC4,0.05827893,-0.05827893,0.07893993,0.625,0.625,"[1, 7]",0.875,False,0.03600371,0.00777085,0.03016702,True
31,5,10,FT7,0.09193428,-0.06037457,0.10507523,0.625,0.625,"[1, 7]",0.875,False,0.03600371,0.00777085,0.03016702,True
31,5,11,FT8,0.08205301,-0.00379346,0.09947681,0.625,0.625,"[1, 7]",0.875,False,0.03600371,0.00777085,0.03016702,True
31,5,12,Cz,0.07671467,0.07428751,0.09126467,0.625,0.625,"[1, 7]",0.875,False,0.03600371,0.00777085,0.03016702,True
31,5,13,C3,0.1153126,0.0750168,0.11797537,0.625,0.625,"[1, 7]",0.875,False,0.03600371,0.00777085,0.03016702,True
31,5,14,C4,0.08480046,-0.07450576,0.09565894,0.625,0.625,"[1, 7]",0.875,False,0.03600371,0.00777085,0.03016702,True
31,5,15,T3,0.12633257,0.12633257,0.13177222,0.625,0.625,"[1, 7]",0.875,False,0.03600371,0.00777085,0.03016702,True
31,5,16,T4,0.11779425,0.01342312,0.13009571,0.625,0.625,"[1, 7]",0.875,False,0.03600371,0.00777085,0.03016702,True
31,5,17,CP3,0.1197819,0.0323031,0.13905171,0.625,0.625,"[1, 7]",0.875,False,0.03600371,0.00777085,0.03016702,True
31,5,18,CP4,0.11036063,0.03145076,0.12569514,0.625,0.625,"[1, 7]",0.875,False,0.03600371,0.00777085,0.03016702,True
31,5,19,TP7,0.08353812,-0.01886166,0.0928705,0.625,0.625,"[1, 7]",0.875,False,0.03600371,0.00777085,0.03016702,True
31,5,20,TP8,0.08798678,-0.0603406,0.10782637,0.625,0.625,"[1, 7]",0.875,False,0.03600371,0.00777085,0.03016702,True
31,5,21,Pz,0.1554783,0.00498737,0.155597,0.625,0.625,"[1, 7]",0.875,False,0.03600371,0.00777085,0.03016702,True
31,5,22,P3,0.10878974,0.10878974,0.11710615,0.625,0.625,"[1, 7]",0.875,False,0.03600371,0.00777085,0.03016702,True
31,5,23,P4,0.10546467,-0.09564213,0.11900716,0.625,0.625,"[1, 7]",0.875,False,0.03600371,0.00777085,0.03016702,True
31,5,24,T5,0.1008139,0.07195918,0.11115082,0.625,0.625,"[1, 7]",0.875,False,0.03600371,0.00777085,0.03016702,True
31,5,25,T6,0.08047207,-0.06222532,0.09184147,0.625,0.625,"[1, 7]",0.875,False,0.03600371,0.00777085,0.03016702,True
31,5,26,Oz,0.07749727,0.04416804,0.08033697,0.625,0.625,"[1, 7]",0.875,False,0.03600371,0.00777085,0.03016702,True
31,5,27,O1,0.12151085,0.05506955,0.13284411,0.625,0.625,"[1, 7]",0.875,False,0.03600371,0.00777085,0.03016702,True
31,5,28,O2,0.14241327,-0.02310999,0.14505892,0.625,0.625,"[1, 7]",0.875,False,0.03600371,0.00777085,0.03016702,True
32,1,0,Fp1,0.07769419,-0.04922396,0.09531224,0.5,0.5,"[4, 4]",0.5,False,1.27903215,0.41826224,1.07168365,True
32,1,1,Fp2,0.06972557,0.04949618,0.08635331,0.5,0.5,"[4, 4]",0.5,False,1.27903215,0.41826224,1.07168365,True
32,1,2,Fz,0.09433293,-0.00335666,0.10186731,0.5,0.5,"[4, 4]",0.5,False,1.27903215,0.41826224,1.07168365,True
32,1,3,F3,0.07082658,0.00528366,0.07134133,0.5,0.5,"[4, 4]",0.5,False,1.27903215,0.41826224,1.07168365,True
32,1,4,F4,0.092692,0.092692,0.1033207,0.5,0.5,"[4, 4]",0.5,False,1.27903215,0.41826224,1.07168365,True
32,1,5,F7,0.02563283,0.02090391,0.02791535,0.5,0.5,"[4, 4]",0.5,False,1.27903215,0.41826224,1.07168365,True
32,1,6,F8,0.06945755,-0.05105038,0.07501364,0.5,0.5,"[4, 4]",0.5,False,1.27903215,0.41826224,1.07168365,True
32,1,7,FCz,0.08651977,-0.0369432,0.11653531,0.5,0.5,"[4, 4]",0.5,False,1.27903215,0.41826224,1.07168365,True
32,1,8,FC3,0.07880854,0.03173348,0.09394035,0.5,0.5,"[4, 4]",0.5,False,1.27903215,0.41826224,1.07168365,True
32,1,9,FC4,0.06226126,-0.05041202,0.10427248,0.5,0.5,"[4, 4]",0.5,False,1.27903215,0.41826224,1.07168365,True
32,1,10,FT7,0.04532487,-0.03749901,0.05417761,0.5,0.5,"[4, 4]",0.5,False,1.27903215,0.41826224,1.07168365,True
32,1,11,FT8,0.07771359,0.03079203,0.09768586,0.5,0.5,"[4, 4]",0.5,False,1.27903215,0.41826224,1.07168365,True
32,1,12,Cz,0.13693579,0.13693579,0.16457388,0.5,0.5,"[4, 4]",0.5,False,1.27903215,0.41826224,1.07168365,True
32,1,13,C3,0.04031901,0.0278809,0.06667861,0.5,0.5,"[4, 4]",0.5,False,1.27903215,0.41826224,1.07168365,True
32,1,14,C4,0.15176725,-0.14542194,0.17988287,0.5,0.5,"[4, 4]",0.5,False,1.27903215,0.41826224,1.07168365,True
32,1,15,T3,0.08992634,0.07193803,0.12933315,0.5,0.5,"[4, 4]",0.5,False,1.27903215,0.41826224,1.07168365,True
32,1,16,T4,0.05737539,-0.00257946,0.06819674,0.5,0.5,"[4, 4]",0.5,False,1.27903215,0.41826224,1.07168365,True
32,1,17,CP3,0.15792467,-0.142478,0.18240359,0.5,0.5,"[4, 4]",0.5,False,1.27903215,0.41826224,1.07168365,True
32,1,18,CP4,0.22912377,0.03802356,0.24108167,0.5,0.5,"[4, 4]",0.5,False,1.27903215,0.41826224,1.07168365,True
32,1,19,TP7,0.08278453,-0.03949723,0.09498645,0.5,0.5,"[4, 4]",0.5,False,1.27903215,0.41826224,1.07168365,True
32,1,20,TP8,0.11294076,0.037893,0.11833292,0.5,0.5,"[4, 4]",0.5,False,1.27903215,0.41826224,1.07168365,True
32,1,21,Pz,0.17470007,-0.00429891,0.17935053,0.5,0.5,"[4, 4]",0.5,False,1.27903215,0.41826224,1.07168365,True
32,1,22,P3,0.16159491,0.16159491,0.19758046,0.5,0.5,"[4, 4]",0.5,False,1.27903215,0.41826224,1.07168365,True
32,1,23,P4,0.03714204,-0.02966399,0.06212816,0.5,0.5,"[4, 4]",0.5,False,1.27903215,0.41826224,1.07168365,True
32,1,24,T5,0.10985874,0.03672507,0.13010751,0.5,0.5,"[4, 4]",0.5,False,1.27903215,0.41826224,1.07168365,True
32,1,25,T6,0.06503484,-0.03058661,0.08125908,0.5,0.5,"[4, 4]",0.5,False,1.27903215,0.41826224,1.07168365,True
32,1,26,Oz,0.11910077,-0.04940389,0.12994978,0.5,0.5,"[4, 4]",0.5,False,1.27903215,0.41826224,1.07168365,True
32,1,27,O1,0.045755,-0.01384041,0.05215841,0.5,0.5,"[4, 4]",0.5,False,1.27903215,0.41826224,1.07168365,True
32,1,28,O2,0.10162552,0.0698185,0.11458541,0.5,0.5,"[4, 4]",0.5,False,1.27903215,0.41826224,1.07168365,True
32,2,0,Fp1,0.10218094,-0.07517776,0.11298998,0.375,0.375,"[5, 3]",0.625,False,0.40337697,0.09353683,0.33798408,True
32,2,1,Fp2,0.0703069,0.06734654,0.09925497,0.375,0.375,"[5, 3]",0.625,False,0.40337697,0.09353683,0.33798408,True
32,2,2,Fz,0.10579571,-0.07845275,0.11110578,0.375,0.375,"[5, 3]",0.625,False,0.40337697,0.09353683,0.33798408,True
32,2,3,F3,0.05800697,0.03662268,0.05932321,0.375,0.375,"[5, 3]",0.625,False,0.40337697,0.09353683,0.33798408,True
32,2,4,F4,0.10529111,-0.00351512,0.12419128,0.375,0.375,"[5, 3]",0.625,False,0.40337697,0.09353683,0.33798408,True
32,2,5,F7,0.07394058,0.07394058,0.07738759,0.375,0.375,"[5, 3]",0.625,False,0.40337697,0.09353683,0.33798408,True
32,2,6,F8,0.08826719,-0.03224995,0.09363869,0.375,0.375,"[5, 3]",0.625,False,0.40337697,0.09353683,0.33798408,True
32,2,7,FCz,0.11678923,0.11678923,0.13484913,0.375,0.375,"[5, 3]",0.625,False,0.40337697,0.09353683,0.33798408,True
32,2,8,FC3,0.05017794,0.03793706,0.06343388,0.375,0.375,"[5, 3]",0.625,False,0.40337697,0.09353683,0.33798408,True
32,2,9,FC4,0.07126912,-0.04675737,0.09225938,0.375,0.375,"[5, 3]",0.625,False,0.40337697,0.09353683,0.33798408,True
32,2,10,FT7,0.10774678,-0.04925152,0.11435458,0.375,0.375,"[5, 3]",0.625,False,0.40337697,0.09353683,0.33798408,True
32,2,11,FT8,0.08511096,0.01291582,0.10663802,0.375,0.375,"[5, 3]",0.625,False,0.40337697,0.09353683,0.33798408,True
32,2,12,Cz,0.0979443,0.0862212,0.10977805,0.375,0.375,"[5, 3]",0.625,False,0.40337697,0.09353683,0.33798408,True
32,2,13,C3,0.06734392,0.03547623,0.07644482,0.375,0.375,"[5, 3]",0.625,False,0.40337697,0.09353683,0.33798408,True
32,2,14,C4,0.11674631,-0.086354,0.13184935,0.375,0.375,"[5, 3]",0.625,False,0.40337697,0.09353683,0.33798408,True
32,2,15,T3,0.09737066,0.09737066,0.10994494,0.375,0.375,"[5, 3]",0.625,False,0.40337697,0.09353683,0.33798408,True
32,2,16,T4,0.1087962,0.00617151,0.12333076,0.375,0.375,"[5, 3]",0.625,False,0.40337697,0.09353683,0.33798408,True
32,2,17,CP3,0.12075768,-0.0050423,0.14023393,0.375,0.375,"[5, 3]",0.625,False,0.40337697,0.09353683,0.33798408,True
32,2,18,CP4,0.10342759,0.04131538,0.11447264,0.375,0.375,"[5, 3]",0.625,False,0.40337697,0.09353683,0.33798408,True
32,2,19,TP7,0.08703554,-0.04523977,0.11275529,0.375,0.375,"[5, 3]",0.625,False,0.40337697,0.09353683,0.33798408,True
32,2,20,TP8,0.09974246,-0.06519718,0.11986551,0.375,0.375,"[5, 3]",0.625,False,0.40337697,0.09353683,0.33798408,True
32,2,21,Pz,0.1985901,-0.00722736,0.19879408,0.375,0.375,"[5, 3]",0.625,False,0.40337697,0.09353683,0.33798408,True
32,2,22,P3,0.0727151,0.06953238,0.08454491,0.375,0.375,"[5, 3]",0.625,False,0.40337697,0.09353683,0.33798408,True
32,2,23,P4,0.08990279,-0.08589877,0.1016573,0.375,0.375,"[5, 3]",0.625,False,0.40337697,0.09353683,0.33798408,True
32,2,24,T5,0.1030239,0.03559448,0.11774132,0.375,0.375,"[5, 3]",0.625,False,0.40337697,0.09353683,0.33798408,True
32,2,25,T6,0.0707466,-0.02520866,0.08149719,0.375,0.375,"[5, 3]",0.625,False,0.40337697,0.09353683,0.33798408,True
32,2,26,Oz,0.06755903,0.05889679,0.08282518,0.375,0.375,"[5, 3]",0.625,False,0.40337697,0.09353683,0.33798408,True
32,2,27,O1,0.11240315,0.03277665,0.12594053,0.375,0.375,"[5, 3]",0.625,False,0.40337697,0.09353683,0.33798408,True
32,2,28,O2,0.14831135,0.00329512,0.14862648,0.375,0.375,"[5, 3]",0.625,False,0.40337697,0.09353683,0.33798408,True
32,3,0,Fp1,0.10946512,-0.0956507,0.12233297,0.5,0.5,"[0, 8]",1.0,True,0.01380276,0.00238042,0.01156515,True
32,3,1,Fp2,0.0774087,0.06067455,0.09491443,0.5,0.5,"[0, 8]",1.0,True,0.01380276,0.00238042,0.01156515,True
32,3,2,Fz,0.10348842,-0.09878978,0.11738405,0.5,0.5,"[0, 8]",1.0,True,0.01380276,0.00238042,0.01156515,True
32,3,3,F3,0.08767058,0.02673434,0.09491857,0.5,0.5,"[0, 8]",1.0,True,0.01380276,0.00238042,0.01156515,True
32,3,4,F4,0.09697104,0.011667,0.10764465,0.5,0.5,"[0, 8]",1.0,True,0.01380276,0.00238042,0.01156515,True
32,3,5,F7,0.08336262,0.08185098,0.09719823,0.5,0.5,"[0, 8]",1.0,True,0.01380276,0.00238042,0.01156515,True
32,3,6,F8,0.0788551,-0.02949596,0.07995258,0.5,0.5,"[0, 8]",1.0,True,0.01380276,0.00238042,0.01156515,True
32,3,7,FCz,0.09863514,0.09863514,0.11413062,0.5,0.5,"[0, 8]",1.0,True,0.01380276,0.00238042,0.01156515,True
32,3,8,FC3,0.03090823,0.00570337,0.03730543,0.5,0.5,"[0, 8]",1.0,True,0.01380276,0.00238042,0.01156515,True
32,3,9,FC4,0.05769893,-0.05769893,0.07585149,0.5,0.5,"[0, 8]",1.0,True,0.01380276,0.00238042,0.01156515,True
32,3,10,FT7,0.0909453,-0.05934587,0.10470673,0.5,0.5,"[0, 8]",1.0,True,0.01380276,0.00238042,0.01156515,True
32,3,11,FT8,0.08038474,-0.00262814,0.09728173,0.5,0.5,"[0, 8]",1.0,True,0.01380276,0.00238042,0.01156515,True
32,3,12,Cz,0.07695731,0.07580862,0.09253688,0.5,0.5,"[0, 8]",1.0,True,0.01380276,0.00238042,0.01156515,True
32,3,13,C3,0.11542942,0.07240991,0.11764342,0.5,0.5,"[0, 8]",1.0,True,0.01380276,0.00238042,0.01156515,True
32,3,14,C4,0.08496443,-0.07417244,0.09528147,0.5,0.5,"[0, 8]",1.0,True,0.01380276,0.00238042,0.01156515,True
32,3,15,T3,0.12599248,0.12599248,0.13121694,0.5,0.5,"[0, 8]",1.0,True,0.01380276,0.00238042,0.01156515,True
32,3,16,T4,0.12263982,0.0136292,0.13547444,0.5,0.5,"[0, 8]",1.0,True,0.01380276,0.00238042,0.01156515,True
32,3,17,CP3,0.12061173,0.03207452,0.13869172,0.5,0.5,"[0, 8]",1.0,True,0.01380276,0.00238042,0.01156515,True
32,3,18,CP4,0.11152735,0.03601605,0.12786877,0.5,0.5,"[0, 8]",1.0,True,0.01380276,0.00238042,0.01156515,True
32,3,19,TP7,0.0841986,-0.01931998,0.09443568,0.5,0.5,"[0, 8]",1.0,True,0.01380276,0.00238042,0.01156515,True
32,3,20,TP8,0.08898213,-0.05916369,0.10819957,0.5,0.5,"[0, 8]",1.0,True,0.01380276,0.00238042,0.01156515,True
32,3,21,Pz,0.15305227,0.00736237,0.15326332,0.5,0.5,"[0, 8]",1.0,True,0.01380276,0.00238042,0.01156515,True
32,3,22,P3,0.10796238,0.10796238,0.1167886,0.5,0.5,"[0, 8]",1.0,True,0.01380276,0.00238042,0.01156515,True
32,3,23,P4,0.10319687,-0.0925183,0.11556676,0.5,0.5,"[0, 8]",1.0,True,0.01380276,0.00238042,0.01156515,True
32,3,24,T5,0.10440385,0.07309434,0.11411099,0.5,0.5,"[0, 8]",1.0,True,0.01380276,0.00238042,0.01156515,True
32,3,25,T6,0.08196416,-0.06220103,0.09259638,0.5,0.5,"[0, 8]",1.0,True,0.01380276,0.00238042,0.01156515,True
32,3,26,Oz,0.07773794,0.04277727,0.07989255,0.5,0.5,"[0, 8]",1.0,True,0.01380276,0.00238042,0.01156515,True
32,3,27,O1,0.12341127,0.05660787,0.13360798,0.5,0.5,"[0, 8]",1.0,True,0.01380276,0.00238042,0.01156515,True
32,3,28,O2,0.14456628,-0.02289908,0.14722489,0.5,0.5,"[0, 8]",1.0,True,0.01380276,0.00238042,0.01156515,True
32,4,0,Fp1,0.11035021,-0.09669265,0.12351909,0.5,0.5,"[0, 8]",1.0,True,0.01343635,0.00227506,0.01125814,True
32,4,1,Fp2,0.07697402,0.06015067,0.09440455,0.5,0.5,"[0, 8]",1.0,True,0.01343635,0.00227506,0.01125814,True
32,4,2,Fz,0.10404639,-0.0988162,0.11772553,0.5,0.5,"[0, 8]",1.0,True,0.01343635,0.00227506,0.01125814,True
32,4,3,F3,0.08754076,0.02704018,0.0948024,0.5,0.5,"[0, 8]",1.0,True,0.01343635,0.00227506,0.01125814,True
32,4,4,F4,0.09736596,0.01165988,0.10811888,0.5,0.5,"[0, 8]",1.0,True,0.01343635,0.00227506,0.01125814,True
32,4,5,F7,0.08409327,0.08148879,0.09738939,0.5,0.5,"[0, 8]",1.0,True,0.01343635,0.00227506,0.01125814,True
32,4,6,F8,0.07826743,-0.02954987,0.07931181,0.5,0.5,"[0, 8]",1.0,True,0.01343635,0.00227506,0.01125814,True
32,4,7,FCz,0.09899482,0.09899482,0.11474826,0.5,0.5,"[0, 8]",1.0,True,0.01343635,0.00227506,0.01125814,True
32,4,8,FC3,0.03103652,0.00573358,0.0375934,0.5,0.5,"[0, 8]",1.0,True,0.01343635,0.00227506,0.01125814,True
32,4,9,FC4,0.05696483,-0.05696483,0.0756994,0.5,0.5,"[0, 8]",1.0,True,0.01343635,0.00227506,0.01125814,True
32,4,10,FT7,0.09172198,-0.05854148,0.10511491,0.5,0.5,"[0, 8]",1.0,True,0.01343635,0.00227506,0.01125814,True
32,4,11,FT8,0.08059754,-0.00233456,0.09752756,0.5,0.5,"[0, 8]",1.0,True,0.01343635,0.00227506,0.01125814,True
32,4,12,Cz,0.07780543,0.07633987,0.09315462,0.5,0.5,"[0, 8]",1.0,True,0.01343635,0.00227506,0.01125814,True
32,4,13,C3,0.1144007,0.07213193,0.11661581,0.5,0.5,"[0, 8]",1.0,True,0.01343635,0.00227506,0.01125814,True
32,4,14,C4,0.08510523,-0.07423119,0.09548536,0.5,0.5,"[0, 8]",1.0,True,0.01343635,0.00227506,0.01125814,True
32,4,15,T3,0.12596208,0.12596208,0.1311212,0.5,0.5,"[0, 8]",1.0,True,0.01343635,0.00227506,0.01125814,True
32,4,16,T4,0.12275558,0.01424403,0.13539563,0.5,0.5,"[0, 8]",1.0,True,0.01343635,0.00227506,0.01125814,True
32,4,17,CP3,0.12062803,0.03301615,0.13938017,0.5,0.5,"[0, 8]",1.0,True,0.01343635,0.00227506,0.01125814,True
32,4,18,CP4,0.11113034,0.03571267,0.1276174,0.5,0.5,"[0, 8]",1.0,True,0.01343635,0.00227506,0.01125814,True
32,4,19,TP7,0.08380006,-0.01945265,0.0943032,0.5,0.5,"[0, 8]",1.0,True,0.01343635,0.00227506,0.01125814,True
32,4,20,TP8,0.08837715,-0.05857288,0.10733087,0.5,0.5,"[0, 8]",1.0,True,0.01343635,0.00227506,0.01125814,True
32,4,21,Pz,0.15314126,0.00686331,0.15331189,0.5,0.5,"[0, 8]",1.0,True,0.01343635,0.00227506,0.01125814,True
32,4,22,P3,0.10805687,0.10805687,0.11693234,0.5,0.5,"[0, 8]",1.0,True,0.01343635,0.00227506,0.01125814,True
32,4,23,P4,0.10421275,-0.09197037,0.11605832,0.5,0.5,"[0, 8]",1.0,True,0.01343635,0.00227506,0.01125814,True
32,4,24,T5,0.10442109,0.07300918,0.11424325,0.5,0.5,"[0, 8]",1.0,True,0.01343635,0.00227506,0.01125814,True
32,4,25,T6,0.0810676,-0.06216675,0.09182455,0.5,0.5,"[0, 8]",1.0,True,0.01343635,0.00227506,0.01125814,True
32,4,26,Oz,0.07753669,0.0425289,0.07964427,0.5,0.5,"[0, 8]",1.0,True,0.01343635,0.00227506,0.01125814,True
32,4,27,O1,0.12296553,0.05607709,0.13314682,0.5,0.5,"[0, 8]",1.0,True,0.01343635,0.00227506,0.01125814,True
32,4,28,O2,0.14442445,-0.02306543,0.14701439,0.5,0.5,"[0, 8]",1.0,True,0.01343635,0.00227506,0.01125814,True
32,5,0,Fp1,0.0751064,-0.05181074,0.08138829,0.375,0.375,"[5, 3]",0.625,False,1.16872827,0.42837024,0.97926153,True
32,5,1,Fp2,0.04640887,0.03357537,0.06610236,0.375,0.375,"[5, 3]",0.625,False,1.16872827,0.42837024,0.97926153,True
32,5,2,Fz,0.04738308,-0.00961997,0.05767386,0.375,0.375,"[5, 3]",0.625,False,1.16872827,0.42837024,0.97926153,True
32,5,3,F3,0.11909448,0.05767811,0.12123808,0.375,0.375,"[5, 3]",0.625,False,1.16872827,0.42837024,0.97926153,True
32,5,4,F4,0.05621516,0.00929602,0.07223981,0.375,0.375,"[5, 3]",0.625,False,1.16872827,0.42837024,0.97926153,True
32,5,5,F7,0.05042271,0.0163495,0.0552065,0.375,0.375,"[5, 3]",0.625,False,1.16872827,0.42837024,0.97926153,True
32,5,6,F8,0.08538408,-0.06834301,0.1057501,0.375,0.375,"[5, 3]",0.625,False,1.16872827,0.42837024,0.97926153,True
32,5,7,FCz,0.10277865,0.10277865,0.12363266,0.375,0.375,"[5, 3]",0.625,False,1.16872827,0.42837024,0.97926153,True
32,5,8,FC3,0.03668416,0.00195134,0.04133649,0.375,0.375,"[5, 3]",0.625,False,1.16872827,0.42837024,0.97926153,True
32,5,9,FC4,0.04752787,0.02087342,0.05390233,0.375,0.375,"[5, 3]",0.625,False,1.16872827,0.42837024,0.97926153,True
32,5,10,FT7,0.05084443,0.01235298,0.05779254,0.375,0.375,"[5, 3]",0.625,False,1.16872827,0.42837024,0.97926153,True
32,5,11,FT8,0.07819409,0.01083108,0.0931146,0.375,0.375,"[5, 3]",0.625,False,1.16872827,0.42837024,0.97926153,True
32,5,12,Cz,0.18369551,-0.0402376,0.21140553,0.375,0.375,"[5, 3]",0.625,False,1.16872827,0.42837024,0.97926153,True
32,5,13,C3,0.07338751,-0.03831991,0.08243359,0.375,0.375,"[5, 3]",0.625,False,1.16872827,0.42837024,0.97926153,True
32,5,14,C4,0.19999076,-0.07825471,0.20510533,0.375,0.375,"[5, 3]",0.625,False,1.16872827,0.42837024,0.97926153,True
32,5,15,T3,0.12507717,-0.04173023,0.13741156,0.375,0.375,"[5, 3]",0.625,False,1.16872827,0.42837024,0.97926153,True
32,5,16,T4,0.11058825,-0.0342916,0.11888553,0.375,0.375,"[5, 3]",0.625,False,1.16872827,0.42837024,0.97926153,True
32,5,17,CP3,0.15232226,0.05653333,0.17577417,0.375,0.375,"[5, 3]",0.625,False,1.16872827,0.42837024,0.97926153,True
32,5,18,CP4,0.16659653,0.05391164,0.17059518,0.375,0.375,"[5, 3]",0.625,False,1.16872827,0.42837024,0.97926153,True
32,5,19,TP7,0.16186258,-0.05299013,0.17616619,0.375,0.375,"[5, 3]",0.625,False,1.16872827,0.42837024,0.97926153,True
32,5,20,TP8,0.05249053,0.02706985,0.06072738,0.375,0.375,"[5, 3]",0.625,False,1.16872827,0.42837024,0.97926153,True
32,5,21,Pz,0.19700158,0.08166047,0.21546239,0.375,0.375,"[5, 3]",0.625,False,1.16872827,0.42837024,0.97926153,True
32,5,22,P3,0.13276675,0.10373206,0.17661627,0.375,0.375,"[5, 3]",0.625,False,1.16872827,0.42837024,0.97926153,True
32,5,23,P4,0.07605146,-0.05553441,0.106819,0.375,0.375,"[5, 3]",0.625,False,1.16872827,0.42837024,0.97926153,True
32,5,24,T5,0.10259558,0.09655099,0.13011388,0.375,0.375,"[5, 3]",0.625,False,1.16872827,0.42837024,0.97926153,True
32,5,25,T6,0.04756094,-0.03344887,0.05423147,0.375,0.375,"[5, 3]",0.625,False,1.16872827,0.42837024,0.97926153,True
32,5,26,Oz,0.06054127,0.02980961,0.08168581,0.375,0.375,"[5, 3]",0.625,False,1.16872827,0.42837024,0.97926153,True
32,5,27,O1,0.06559645,-0.04963698,0.08410397,0.375,0.375,"[5, 3]",0.625,False,1.16872827,0.42837024,0.97926153,True
32,5,28,O2,0.11453681,0.04156025,0.12583451,0.375,0.375,"[5, 3]",0.625,False,1.16872827,0.42837024,0.97926153,True
33,1,0,Fp1,0.10965291,-0.09557286,0.12251345,0.5,0.5,"[0, 8]",1.0,True,0.01302741,0.00212458,0.01091549,True
33,1,1,Fp2,0.07761107,0.06146015,0.09542155,0.5,0.5,"[0, 8]",1.0,True,0.01302741,0.00212458,0.01091549,True
33,1,2,Fz,0.1037423,-0.09804566,0.11716245,0.5,0.5,"[0, 8]",1.0,True,0.01302741,0.00212458,0.01091549,True
33,1,3,F3,0.08709098,0.02764191,0.09361256,0.5,0.5,"[0, 8]",1.0,True,0.01302741,0.00212458,0.01091549,True
33,1,4,F4,0.09790699,0.01207264,0.10849923,0.5,0.5,"[0, 8]",1.0,True,0.01302741,0.00212458,0.01091549,True
33,1,5,F7,0.08355246,0.08160317,0.09758471,0.5,0.5,"[0, 8]",1.0,True,0.01302741,0.00212458,0.01091549,True
33,1,6,F8,0.07815732,-0.02910567,0.07925665,0.5,0.5,"[0, 8]",1.0,True,0.01302741,0.00212458,0.01091549,True
33,1,7,FCz,0.09873225,0.09873225,0.11405309,0.5,0.5,"[0, 8]",1.0,True,0.01302741,0.00212458,0.01091549,True
33,1,8,FC3,0.03152013,0.00564079,0.03828285,0.5,0.5,"[0, 8]",1.0,True,0.01302741,0.00212458,0.01091549,True
33,1,9,FC4,0.0582216,-0.0582216,0.07713144,0.5,0.5,"[0, 8]",1.0,True,0.01302741,0.00212458,0.01091549,True
33,1,10,FT7,0.09082145,-0.05797213,0.10478866,0.5,0.5,"[0, 8]",1.0,True,0.01302741,0.00212458,0.01091549,True
33,1,11,FT8,0.07970428,-0.00334646,0.09676346,0.5,0.5,"[0, 8]",1.0,True,0.01302741,0.00212458,0.01091549,True
33,1,12,Cz,0.0774221,0.07508049,0.09215305,0.5,0.5,"[0, 8]",1.0,True,0.01302741,0.00212458,0.01091549,True
33,1,13,C3,0.11454979,0.07221739,0.11677753,0.5,0.5,"[0, 8]",1.0,True,0.01302741,0.00212458,0.01091549,True
33,1,14,C4,0.08685887,-0.07528823,0.0969347,0.5,0.5,"[0, 8]",1.0,True,0.01302741,0.00212458,0.01091549,True
33,1,15,T3,0.12642859,0.12642859,0.1316677,0.5,0.5,"[0, 8]",1.0,True,0.01302741,0.00212458,0.01091549,True
33,1,16,T4,0.12228864,0.01360495,0.13503361,0.5,0.5,"[0, 8]",1.0,True,0.01302741,0.00212458,0.01091549,True
33,1,17,CP3,0.12151477,0.03263661,0.1396805,0.5,0.5,"[0, 8]",1.0,True,0.01302741,0.00212458,0.01091549,True
33,1,18,CP4,0.10978076,0.03414851,0.12637353,0.5,0.5,"[0, 8]",1.0,True,0.01302741,0.00212458,0.01091549,True
33,1,19,TP7,0.08482155,-0.01856522,0.095095,0.5,0.5,"[0, 8]",1.0,True,0.01302741,0.00212458,0.01091549,True
33,1,20,TP8,0.08921579,-0.05845681,0.10794478,0.5,0.5,"[0, 8]",1.0,True,0.01302741,0.00212458,0.01091549,True
33,1,21,Pz,0.15279961,0.00618616,0.15294994,0.5,0.5,"[0, 8]",1.0,True,0.01302741,0.00212458,0.01091549,True
33,1,22,P3,0.10734503,0.10734503,0.1165501,0.5,0.5,"[0, 8]",1.0,True,0.01302741,0.00212458,0.01091549,True
33,1,23,P4,0.10512035,-0.09329962,0.11721376,0.5,0.5,"[0, 8]",1.0,True,0.01302741,0.00212458,0.01091549,True
33,1,24,T5,0.10569274,0.07301745,0.11501209,0.5,0.5,"[0, 8]",1.0,True,0.01302741,0.00212458,0.01091549,True
33,1,25,T6,0.08062485,-0.06247358,0.09215889,0.5,0.5,"[0, 8]",1.0,True,0.01302741,0.00212458,0.01091549,True
33,1,26,Oz,0.07742659,0.04272375,0.07980554,0.5,0.5,"[0, 8]",1.0,True,0.01302741,0.00212458,0.01091549,True
33,1,27,O1,0.1222187,0.05646618,0.13255918,0.5,0.5,"[0, 8]",1.0,True,0.01302741,0.00212458,0.01091549,True
33,1,28,O2,0.14357619,-0.02293627,0.14623012,0.5,0.5,"[0, 8]",1.0,True,0.01302741,0.00212458,0.01091549,True
33,2,0,Fp1,0.10958106,-0.09480059,0.12198411,0.5,0.5,"[0, 8]",1.0,True,0.0136182,0.00216189,0.0114105,True
33,2,1,Fp2,0.07811438,0.06211621,0.09566259,0.5,0.5,"[0, 8]",1.0,True,0.0136182,0.00216189,0.0114105,True
33,2,2,Fz,0.10260307,-0.09757928,0.1161826,0.5,0.5,"[0, 8]",1.0,True,0.0136182,0.00216189,0.0114105,True
33,2,3,F3,0.08691727,0.02741145,0.09386349,0.5,0.5,"[0, 8]",1.0,True,0.0136182,0.00216189,0.0114105,True
33,2,4,F4,0.09751749,0.01253188,0.10791276,0.5,0.5,"[0, 8]",1.0,True,0.0136182,0.00216189,0.0114105,True
33,2,5,F7,0.08402752,0.08207016,0.09794714,0.5,0.5,"[0, 8]",1.0,True,0.0136182,0.00216189,0.0114105,True
33,2,6,F8,0.07771286,-0.02879874,0.07881282,0.5,0.5,"[0, 8]",1.0,True,0.0136182,0.00216189,0.0114105,True
33,2,7,FCz,0.09896059,0.09896059,0.11384846,0.5,0.5,"[0, 8]",1.0,True,0.0136182,0.00216189,0.0114105,True
33,2,8,FC3,0.03112393,0.00534145,0.03767435,0.5,0.5,"[0, 8]",1.0,True,0.0136182,0.00216189,0.0114105,True
33,2,9,FC4,0.05902815,-0.05902815,0.07695113,0.5,0.5,"[0, 8]",1.0,True,0.0136182,0.00216189,0.0114105,True
33,2,10,FT7,0.09019694,-0.05751804,0.10384826,0.5,0.5,"[0, 8]",1.0,True,0.0136182,0.00216189,0.0114105,True
33,2,11,FT8,0.07944337,-0.00364801,0.0965986,0.5,0.5,"[0, 8]",1.0,True,0.0136182,0.00216189,0.0114105,True
33,2,12,Cz,0.07638799,0.07500648,0.09171963,0.5,0.5,"[0, 8]",1.0,True,0.0136182,0.00216189,0.0114105,True
33,2,13,C3,0.11455778,0.07231308,0.11682106,0.5,0.5,"[0, 8]",1.0,True,0.0136182,0.00216189,0.0114105,True
33,2,14,C4,0.08684596,-0.07566851,0.09711594,0.5,0.5,"[0, 8]",1.0,True,0.0136182,0.00216189,0.0114105,True
33,2,15,T3,0.12698969,0.12698969,0.13217546,0.5,0.5,"[0, 8]",1.0,True,0.0136182,0.00216189,0.0114105,True
33,2,16,T4,0.1227617,0.0132221,0.1355883,0.5,0.5,"[0, 8]",1.0,True,0.0136182,0.00216189,0.0114105,True
33,2,17,CP3,0.12148022,0.03221469,0.13966066,0.5,0.5,"[0, 8]",1.0,True,0.0136182,0.00216189,0.0114105,True
33,2,18,CP4,0.11065748,0.03438082,0.12680738,0.5,0.5,"[0, 8]",1.0,True,0.0136182,0.00216189,0.0114105,True
33,2,19,TP7,0.08504589,-0.01903049,0.09520993,0.5,0.5,"[0, 8]",1.0,True,0.0136182,0.00216189,0.0114105,True
33,2,20,TP8,0.08900581,-0.05891281,0.10800274,0.5,0.5,"[0, 8]",1.0,True,0.0136182,0.00216189,0.0114105,True
33,2,21,Pz,0.15219781,0.00605771,0.15234685,0.5,0.5,"[0, 8]",1.0,True,0.0136182,0.00216189,0.0114105,True
33,2,22,P3,0.10754038,0.10754038,0.1165459,0.5,0.5,"[0, 8]",1.0,True,0.0136182,0.00216189,0.0114105,True
33,2,23,P4,0.10481338,-0.09333101,0.11691416,0.5,0.5,"[0, 8]",1.0,True,0.0136182,0.00216189,0.0114105,True
33,2,24,T5,0.10535035,0.07276861,0.11473551,0.5,0.5,"[0, 8]",1.0,True,0.0136182,0.00216189,0.0114105,True
33,2,25,T6,0.08172469,-0.06297302,0.09311198,0.5,0.5,"[0, 8]",1.0,True,0.0136182,0.00216189,0.0114105,True
33,2,26,Oz,0.07810953,0.04211723,0.08033796,0.5,0.5,"[0, 8]",1.0,True,0.0136182,0.00216189,0.0114105,True
33,2,27,O1,0.12200267,0.05576047,0.13247742,0.5,0.5,"[0, 8]",1.0,True,0.0136182,0.00216189,0.0114105,True
33,2,28,O2,0.14477856,-0.02396067,0.14760399,0.5,0.5,"[0, 8]",1.0,True,0.0136182,0.00216189,0.0114105,True
33,3,0,Fp1,0.10450567,-0.07936901,0.11407759,0.25,0.25,"[4, 4]",0.5,False,0.15617797,0.03062454,0.1308594,True
33,3,1,Fp2,0.08301353,0.06841842,0.10056693,0.25,0.25,"[4, 4]",0.5,False,0.15617797,0.03062454,0.1308594,True
33,3,2,Fz,0.10361287,-0.09830061,0.11770368,0.25,0.25,"[4, 4]",0.5,False,0.15617797,0.03062454,0.1308594,True
33,3,3,F3,0.07339752,0.01724015,0.08196571,0.25,0.25,"[4, 4]",0.5,False,0.15617797,0.03062454,0.1308594,True
33,3,4,F4,0.09311436,0.01334763,0.10517827,0.25,0.25,"[4, 4]",0.5,False,0.15617797,0.03062454,0.1308594,True
33,3,5,F7,0.09000055,0.07514457,0.10254075,0.25,0.25,"[4, 4]",0.5,False,0.15617797,0.03062454,0.1308594,True
33,3,6,F8,0.08398443,-0.03172013,0.08552195,0.25,0.25,"[4, 4]",0.5,False,0.15617797,0.03062454,0.1308594,True
33,3,7,FCz,0.09612641,0.09612641,0.11016308,0.25,0.25,"[4, 4]",0.5,False,0.15617797,0.03062454,0.1308594,True
33,3,8,FC3,0.04442679,0.0085698,0.05076775,0.25,0.25,"[4, 4]",0.5,False,0.15617797,0.03062454,0.1308594,True
33,3,9,FC4,0.05944879,-0.05944879,0.07839736,0.25,0.25,"[4, 4]",0.5,False,0.15617797,0.03062454,0.1308594,True
33,3,10,FT7,0.09330221,-0.0594477,0.11150327,0.25,0.25,"[4, 4]",0.5,False,0.15617797,0.03062454,0.1308594,True
33,3,11,FT8,0.07439835,-0.01058576,0.08954769,0.25,0.25,"[4, 4]",0.5,False,0.15617797,0.03062454,0.1308594,True
33,3,12,Cz,0.07508357,0.07469146,0.08819166,0.25,0.25,"[4, 4]",0.5,False,0.15617797,0.03062454,0.1308594,True
33,3,13,C3,0.11280467,0.06759147,0.11432887,0.25,0.25,"[4, 4]",0.5,False,0.15617797,0.03062454,0.1308594,True
33,3,14,C4,0.09898631,-0.07949068,0.10603006,0.25,0.25,"[4, 4]",0.5,False,0.15617797,0.03062454,0.1308594,True
33,3,15,T3,0.11348902,0.11348902,0.12208219,0.25,0.25,"[4, 4]",0.5,False,0.15617797,0.03062454,0.1308594,True
33,3,16,T4,0.13224244,0.02589099,0.15038045,0.25,0.25,"[4, 4]",0.5,False,0.15617797,0.03062454,0.1308594,True
33,3,17,CP3,0.13085501,0.0289111,0.1440969,0.25,0.25,"[4, 4]",0.5,False,0.15617797,0.03062454,0.1308594,True
33,3,18,CP4,0.10814147,0.0274857,0.12918568,0.25,0.25,"[4, 4]",0.5,False,0.15617797,0.03062454,0.1308594,True
33,3,19,TP7,0.09958091,-0.02249868,0.10921676,0.25,0.25,"[4, 4]",0.5,False,0.15617797,0.03062454,0.1308594,True
33,3,20,TP8,0.08958137,-0.0481194,0.10509078,0.25,0.25,"[4, 4]",0.5,False,0.15617797,0.03062454,0.1308594,True
33,3,21,Pz,0.15139146,-0.00425997,0.15154089,0.25,0.25,"[4, 4]",0.5,False,0.15617797,0.03062454,0.1308594,True
33,3,22,P3,0.10110466,0.10110466,0.11395106,0.25,0.25,"[4, 4]",0.5,False,0.15617797,0.03062454,0.1308594,True
33,3,23,P4,0.12287316,-0.10246139,0.13223647,0.25,0.25,"[4, 4]",0.5,False,0.15617797,0.03062454,0.1308594,True
33,3,24,T5,0.10997874,0.07194893,0.1167501,0.25,0.25,"[4, 4]",0.5,False,0.15617797,0.03062454,0.1308594,True
33,3,25,T6,0.07893988,-0.04784847,0.09116714,0.25,0.25,"[4, 4]",0.5,False,0.15617797,0.03062454,0.1308594,True
33,3,26,Oz,0.07498719,0.04343931,0.07591885,0.25,0.25,"[4, 4]",0.5,False,0.15617797,0.03062454,0.1308594,True
33,3,27,O1,0.11311075,0.04561694,0.12407239,0.25,0.25,"[4, 4]",0.5,False,0.15617797,0.03062454,0.1308594,True
33,3,28,O2,0.13459103,-0.01864916,0.13676286,0.25,0.25,"[4, 4]",0.5,False,0.15617797,0.03062454,0.1308594,True
33,4,0,Fp1,0.10959606,-0.09556594,0.12245023,0.5,0.5,"[0, 8]",1.0,True,0.01072891,0.00197732,0.00898961,True
33,4,1,Fp2,0.07759739,0.06159567,0.09557025,0.5,0.5,"[0, 8]",1.0,True,0.01072891,0.00197732,0.00898961,True
33,4,2,Fz,0.10356328,-0.09829658,0.11718483,0.5,0.5,"[0, 8]",1.0,True,0.01072891,0.00197732,0.00898961,True
33,4,3,F3,0.08792379,0.02789493,0.09486704,0.5,0.5,"[0, 8]",1.0,True,0.01072891,0.00197732,0.00898961,True
33,4,4,F4,0.09744266,0.01239128,0.10781446,0.5,0.5,"[0, 8]",1.0,True,0.01072891,0.00197732,0.00898961,True
33,4,5,F7,0.08434594,0.08188088,0.0981534,0.5,0.5,"[0, 8]",1.0,True,0.01072891,0.00197732,0.00898961,True
33,4,6,F8,0.07829249,-0.02955227,0.07933887,0.5,0.5,"[0, 8]",1.0,True,0.01072891,0.00197732,0.00898961,True
33,4,7,FCz,0.09879223,0.09879223,0.11417135,0.5,0.5,"[0, 8]",1.0,True,0.01072891,0.00197732,0.00898961,True
33,4,8,FC3,0.03100903,0.00628736,0.03742885,0.5,0.5,"[0, 8]",1.0,True,0.01072891,0.00197732,0.00898961,True
33,4,9,FC4,0.05865005,-0.05865005,0.07671394,0.5,0.5,"[0, 8]",1.0,True,0.01072891,0.00197732,0.00898961,True
33,4,10,FT7,0.08985093,-0.05696875,0.10333326,0.5,0.5,"[0, 8]",1.0,True,0.01072891,0.00197732,0.00898961,True
33,4,11,FT8,0.07998118,-0.00343664,0.09720717,0.5,0.5,"[0, 8]",1.0,True,0.01072891,0.00197732,0.00898961,True
33,4,12,Cz,0.07706778,0.07518668,0.09220433,0.5,0.5,"[0, 8]",1.0,True,0.01072891,0.00197732,0.00898961,True
33,4,13,C3,0.11468342,0.07282691,0.11694641,0.5,0.5,"[0, 8]",1.0,True,0.01072891,0.00197732,0.00898961,True
33,4,14,C4,0.0863136,-0.07490309,0.0964728,0.5,0.5,"[0, 8]",1.0,True,0.01072891,0.00197732,0.00898961,True
33,4,15,T3,0.12729511,0.12729511,0.13262779,0.5,0.5,"[0, 8]",1.0,True,0.01072891,0.00197732,0.00898961,True
33,4,16,T4,0.12194748,0.01383865,0.13430911,0.5,0.5,"[0, 8]",1.0,True,0.01072891,0.00197732,0.00898961,True
33,4,17,CP3,0.12164375,0.03294687,0.13993171,0.5,0.5,"[0, 8]",1.0,True,0.01072891,0.00197732,0.00898961,True
33,4,18,CP4,0.11058833,0.03451179,0.12708896,0.5,0.5,"[0, 8]",1.0,True,0.01072891,0.00197732,0.00898961,True
33,4,19,TP7,0.08448227,-0.01871638,0.09433954,0.5,0.5,"[0, 8]",1.0,True,0.01072891,0.00197732,0.00898961,True
33,4,20,TP8,0.0882141,-0.05903027,0.10731725,0.5,0.5,"[0, 8]",1.0,True,0.01072891,0.00197732,0.00898961,True
33,4,21,Pz,0.15232717,0.00684344,0.15251476,0.5,0.5,"[0, 8]",1.0,True,0.01072891,0.00197732,0.00898961,True
33,4,22,P3,0.10790863,0.10790863,0.11680895,0.5,0.5,"[0, 8]",1.0,True,0.01072891,0.00197732,0.00898961,True
33,4,23,P4,0.10466254,-0.09317175,0.11675993,0.5,0.5,"[0, 8]",1.0,True,0.01072891,0.00197732,0.00898961,True
33,4,24,T5,0.10501411,0.07309294,0.11462305,0.5,0.5,"[0, 8]",1.0,True,0.01072891,0.00197732,0.00898961,True
33,4,25,T6,0.08165648,-0.06240549,0.09276274,0.5,0.5,"[0, 8]",1.0,True,0.01072891,0.00197732,0.00898961,True
33,4,26,Oz,0.07735958,0.04204563,0.07977241,0.5,0.5,"[0, 8]",1.0,True,0.01072891,0.00197732,0.00898961,True
33,4,27,O1,0.12194815,0.05562317,0.13241827,0.5,0.5,"[0, 8]",1.0,True,0.01072891,0.00197732,0.00898961,True
33,4,28,O2,0.14433268,-0.02387232,0.14716606,0.5,0.5,"[0, 8]",1.0,True,0.01072891,0.00197732,0.00898961,True
33,5,0,Fp1,0.11038518,-0.09541599,0.12303659,0.5,0.5,"[0, 8]",1.0,True,0.01292589,0.00217491,0.01083042,True
33,5,1,Fp2,0.07665765,0.06098577,0.09443355,0.5,0.5,"[0, 8]",1.0,True,0.01292589,0.00217491,0.01083042,True
33,5,2,Fz,0.10363689,-0.09735611,0.11675034,0.5,0.5,"[0, 8]",1.0,True,0.01292589,0.00217491,0.01083042,True
33,5,3,F3,0.08679689,0.02756113,0.09363408,0.5,0.5,"[0, 8]",1.0,True,0.01292589,0.00217491,0.01083042,True
33,5,4,F4,0.09831174,0.01252515,0.10858618,0.5,0.5,"[0, 8]",1.0,True,0.01292589,0.00217491,0.01083042,True
33,5,5,F7,0.08312662,0.08151283,0.09719173,0.5,0.5,"[0, 8]",1.0,True,0.01292589,0.00217491,0.01083042,True
33,5,6,F8,0.07800048,-0.02938956,0.0790489,0.5,0.5,"[0, 8]",1.0,True,0.01292589,0.00217491,0.01083042,True
33,5,7,FCz,0.09981045,0.09981045,0.11516112,0.5,0.5,"[0, 8]",1.0,True,0.01292589,0.00217491,0.01083042,True
33,5,8,FC3,0.03071364,0.00566712,0.037411,0.5,0.5,"[0, 8]",1.0,True,0.01292589,0.00217491,0.01083042,True
33,5,9,FC4,0.05847012,-0.05847012,0.07711043,0.5,0.5,"[0, 8]",1.0,True,0.01292589,0.00217491,0.01083042,True
33,5,10,FT7,0.09032877,-0.05767907,0.10420486,0.5,0.5,"[0, 8]",1.0,True,0.01292589,0.00217491,0.01083042,True
33,5,11,FT8,0.08091724,-0.0035126,0.09794845,0.5,0.5,"[0, 8]",1.0,True,0.01292589,0.00217491,0.01083042,True
33,5,12,Cz,0.07725793,0.07655942,0.0931939,0.5,0.5,"[0, 8]",1.0,True,0.01292589,0.00217491,0.01083042,True
33,5,13,C3,0.11522687,0.07250156,0.11754356,0.5,0.5,"[0, 8]",1.0,True,0.01292589,0.00217491,0.01083042,True
33,5,14,C4,0.08570666,-0.07538907,0.09623082,0.5,0.5,"[0, 8]",1.0,True,0.01292589,0.00217491,0.01083042,True
33,5,15,T3,0.12641561,0.12641561,0.13157976,0.5,0.5,"[0, 8]",1.0,True,0.01292589,0.00217491,0.01083042,True
33,5,16,T4,0.12191217,0.01388057,0.13413352,0.5,0.5,"[0, 8]",1.0,True,0.01292589,0.00217491,0.01083042,True
33,5,17,CP3,0.12095322,0.03359676,0.13954963,0.5,0.5,"[0, 8]",1.0,True,0.01292589,0.00217491,0.01083042,True
33,5,18,CP4,0.11035333,0.03480026,0.1269621,0.5,0.5,"[0, 8]",1.0,True,0.01292589,0.00217491,0.01083042,True
33,5,19,TP7,0.08393577,-0.01924684,0.09410806,0.5,0.5,"[0, 8]",1.0,True,0.01292589,0.00217491,0.01083042,True
33,5,20,TP8,0.08833784,-0.059503,0.10778611,0.5,0.5,"[0, 8]",1.0,True,0.01292589,0.00217491,0.01083042,True
33,5,21,Pz,0.15370077,0.00672305,0.15387769,0.5,0.5,"[0, 8]",1.0,True,0.01292589,0.00217491,0.01083042,True
33,5,22,P3,0.10813344,0.10813344,0.11717504,0.5,0.5,"[0, 8]",1.0,True,0.01292589,0.00217491,0.01083042,True
33,5,23,P4,0.10521427,-0.09322438,0.11725747,0.5,0.5,"[0, 8]",1.0,True,0.01292589,0.00217491,0.01083042,True
33,5,24,T5,0.10475471,0.07285851,0.11439556,0.5,0.5,"[0, 8]",1.0,True,0.01292589,0.00217491,0.01083042,True
33,5,25,T6,0.0819097,-0.06330281,0.09322577,0.5,0.5,"[0, 8]",1.0,True,0.01292589,0.00217491,0.01083042,True
33,5,26,Oz,0.07750419,0.04131023,0.0799826,0.5,0.5,"[0, 8]",1.0,True,0.01292589,0.00217491,0.01083042,True
33,5,27,O1,0.12125637,0.05502348,0.13159624,0.5,0.5,"[0, 8]",1.0,True,0.01292589,0.00217491,0.01083042,True
33,5,28,O2,0.14492097,-0.02400412,0.14771807,0.5,0.5,"[0, 8]",1.0,True,0.01292589,0.00217491,0.01083042,True
34,1,0,Fp1,0.12738816,-0.10341503,0.14305432,1.0,1.0,"[4, 4]",0.5,False,0.56837784,0.13230023,0.47623607,True
34,1,1,Fp2,0.04356242,0.03439239,0.06175607,1.0,1.0,"[4, 4]",0.5,False,0.56837784,0.13230023,0.47623607,True
34,1,2,Fz,0.0808406,-0.06671608,0.08656606,1.0,1.0,"[4, 4]",0.5,False,0.56837784,0.13230023,0.47623607,True
34,1,3,F3,0.1105159,0.0710414,0.1128736,1.0,1.0,"[4, 4]",0.5,False,0.56837784,0.13230023,0.47623607,True
34,1,4,F4,0.07377949,0.02725383,0.07642495,1.0,1.0,"[4, 4]",0.5,False,0.56837784,0.13230023,0.47623607,True
34,1,5,F7,0.05935223,0.05935223,0.06828891,1.0,1.0,"[4, 4]",0.5,False,0.56837784,0.13230023,0.47623607,True
34,1,6,F8,0.07871347,-0.05626122,0.08205626,1.0,1.0,"[4, 4]",0.5,False,0.56837784,0.13230023,0.47623607,True
34,1,7,FCz,0.11024036,0.11024036,0.12579378,1.0,1.0,"[4, 4]",0.5,False,0.56837784,0.13230023,0.47623607,True
34,1,8,FC3,0.03952809,-0.00553684,0.04967042,1.0,1.0,"[4, 4]",0.5,False,0.56837784,0.13230023,0.47623607,True
34,1,9,FC4,0.06776293,-0.06475432,0.08076028,1.0,1.0,"[4, 4]",0.5,False,0.56837784,0.13230023,0.47623607,True
34,1,10,FT7,0.09779456,-0.04526743,0.12082658,1.0,1.0,"[4, 4]",0.5,False,0.56837784,0.13230023,0.47623607,True
34,1,11,FT8,0.07251905,0.00390919,0.08267654,1.0,1.0,"[4, 4]",0.5,False,0.56837784,0.13230023,0.47623607,True
34,1,12,Cz,0.06726961,0.051468,0.08661871,1.0,1.0,"[4, 4]",0.5,False,0.56837784,0.13230023,0.47623607,True
34,1,13,C3,0.10441641,0.02830517,0.11222441,1.0,1.0,"[4, 4]",0.5,False,0.56837784,0.13230023,0.47623607,True
34,1,14,C4,0.06805892,-0.01086792,0.07137167,1.0,1.0,"[4, 4]",0.5,False,0.56837784,0.13230023,0.47623607,True
34,1,15,T3,0.11982127,0.11982127,0.12861091,1.0,1.0,"[4, 4]",0.5,False,0.56837784,0.13230023,0.47623607,True
34,1,16,T4,0.13876198,0.02868681,0.16017364,1.0,1.0,"[4, 4]",0.5,False,0.56837784,0.13230023,0.47623607,True
34,1,17,CP3,0.12518486,-0.02036304,0.14142127,1.0,1.0,"[4, 4]",0.5,False,0.56837784,0.13230023,0.47623607,True
34,1,18,CP4,0.11123218,-0.0129639,0.13024375,1.0,1.0,"[4, 4]",0.5,False,0.56837784,0.13230023,0.47623607,True
34,1,19,TP7,0.08024029,0.01433689,0.09033152,1.0,1.0,"[4, 4]",0.5,False,0.56837784,0.13230023,0.47623607,True
34,1,20,TP8,0.11411768,-0.06881033,0.1370769,1.0,1.0,"[4, 4]",0.5,False,0.56837784,0.13230023,0.47623607,True
34,1,21,Pz,0.10010891,0.00121172,0.10761721,1.0,1.0,"[4, 4]",0.5,False,0.56837784,0.13230023,0.47623607,True
34,1,22,P3,0.06549478,0.0526337,0.07358552,1.0,1.0,"[4, 4]",0.5,False,0.56837784,0.13230023,0.47623607,True
34,1,23,P4,0.10158487,-0.10158487,0.11127815,1.0,1.0,"[4, 4]",0.5,False,0.56837784,0.13230023,0.47623607,True
34,1,24,T5,0.11470321,0.06602816,0.12220312,1.0,1.0,"[4, 4]",0.5,False,0.56837784,0.13230023,0.47623607,True
34,1,25,T6,0.06572025,0.01919883,0.09436224,1.0,1.0,"[4, 4]",0.5,False,0.56837784,0.13230023,0.47623607,True
34,1,26,Oz,0.07258943,0.05969807,0.09895474,1.0,1.0,"[4, 4]",0.5,False,0.56837784,0.13230023,0.47623607,True
34,1,27,O1,0.12728263,0.03260203,0.15062448,1.0,1.0,"[4, 4]",0.5,False,0.56837784,0.13230023,0.47623607,True
34,1,28,O2,0.1444425,0.06186179,0.15880272,1.0,1.0,"[4, 4]",0.5,False,0.56837784,0.13230023,0.47623607,True
34,2,0,Fp1,0.08813148,-0.06386682,0.09572323,0.875,0.875,"[5, 3]",0.625,False,0.82006405,0.23574037,0.68712052,True
34,2,1,Fp2,0.05485062,0.03918989,0.06892467,0.875,0.875,"[5, 3]",0.625,False,0.82006405,0.23574037,0.68712052,True
34,2,2,Fz,0.10106187,-0.09312613,0.11840885,0.875,0.875,"[5, 3]",0.625,False,0.82006405,0.23574037,0.68712052,True
34,2,3,F3,0.07606673,-0.00340369,0.09032042,0.875,0.875,"[5, 3]",0.625,False,0.82006405,0.23574037,0.68712052,True
34,2,4,F4,0.06520027,-0.02679317,0.06867257,0.875,0.875,"[5, 3]",0.625,False,0.82006405,0.23574037,0.68712052,True
34,2,5,F7,0.05611658,0.04614453,0.07923666,0.875,0.875,"[5, 3]",0.625,False,0.82006405,0.23574037,0.68712052,True
34,2,6,F8,0.08425519,-0.04298595,0.09005322,0.875,0.875,"[5, 3]",0.625,False,0.82006405,0.23574037,0.68712052,True
34,2,7,FCz,0.14973049,0.14973049,0.1679313,0.875,0.875,"[5, 3]",0.625,False,0.82006405,0.23574037,0.68712052,True
34,2,8,FC3,0.05143619,-0.02193108,0.06345227,0.875,0.875,"[5, 3]",0.625,False,0.82006405,0.23574037,0.68712052,True
34,2,9,FC4,0.04033286,-0.03336158,0.05020597,0.875,0.875,"[5, 3]",0.625,False,0.82006405,0.23574037,0.68712052,True
34,2,10,FT7,0.1071557,-0.00406523,0.1157269,0.875,0.875,"[5, 3]",0.625,False,0.82006405,0.23574037,0.68712052,True
34,2,11,FT8,0.03412666,-0.00431899,0.04211418,0.875,0.875,"[5, 3]",0.625,False,0.82006405,0.23574037,0.68712052,True
34,2,12,Cz,0.13499957,0.13387273,0.161441,0.875,0.875,"[5, 3]",0.625,False,0.82006405,0.23574037,0.68712052,True
34,2,13,C3,0.10583617,0.00741544,0.1235194,0.875,0.875,"[5, 3]",0.625,False,0.82006405,0.23574037,0.68712052,True
34,2,14,C4,0.05914062,0.03080206,0.0662886,0.875,0.875,"[5, 3]",0.625,False,0.82006405,0.23574037,0.68712052,True
34,2,15,T3,0.1026611,0.1026611,0.11604319,0.875,0.875,"[5, 3]",0.625,False,0.82006405,0.23574037,0.68712052,True
34,2,16,T4,0.16019535,0.04256263,0.17234655,0.875,0.875,"[5, 3]",0.625,False,0.82006405,0.23574037,0.68712052,True
34,2,17,CP3,0.17165709,-0.05436737,0.19197826,0.875,0.875,"[5, 3]",0.625,False,0.82006405,0.23574037,0.68712052,True
34,2,18,CP4,0.1140862,0.0250877,0.13868354,0.875,0.875,"[5, 3]",0.625,False,0.82006405,0.23574037,0.68712052,True
34,2,19,TP7,0.08101664,-0.02649714,0.08570996,0.875,0.875,"[5, 3]",0.625,False,0.82006405,0.23574037,0.68712052,True
34,2,20,TP8,0.13079822,-0.06428345,0.15203062,0.875,0.875,"[5, 3]",0.625,False,0.82006405,0.23574037,0.68712052,True
34,2,21,Pz,0.06553248,-0.05430502,0.10128522,0.875,0.875,"[5, 3]",0.625,False,0.82006405,0.23574037,0.68712052,True
34,2,22,P3,0.04252244,0.03798772,0.05896631,0.875,0.875,"[5, 3]",0.625,False,0.82006405,0.23574037,0.68712052,True
34,2,23,P4,0.06363475,-0.06363475,0.08144102,0.875,0.875,"[5, 3]",0.625,False,0.82006405,0.23574037,0.68712052,True
34,2,24,T5,0.11693215,0.11693215,0.13037196,0.875,0.875,"[5, 3]",0.625,False,0.82006405,0.23574037,0.68712052,True
34,2,25,T6,0.0666416,-0.06298004,0.07932034,0.875,0.875,"[5, 3]",0.625,False,0.82006405,0.23574037,0.68712052,True
34,2,26,Oz,0.073824,0.03956183,0.07709447,0.875,0.875,"[5, 3]",0.625,False,0.82006405,0.23574037,0.68712052,True
34,2,27,O1,0.12360471,0.05475064,0.14913271,0.875,0.875,"[5, 3]",0.625,False,0.82006405,0.23574037,0.68712052,True
34,2,28,O2,0.15572894,0.03926191,0.16136847,0.875,0.875,"[5, 3]",0.625,False,0.82006405,0.23574037,0.68712052,True
34,3,0,Fp1,0.0699851,-0.05173638,0.09118728,0.75,0.75,"[2, 6]",0.75,False,1.17404814,0.31701408,0.98371898,True
34,3,1,Fp2,0.02212785,0.01208333,0.02790855,0.75,0.75,"[2, 6]",0.75,False,1.17404814,0.31701408,0.98371898,True
34,3,2,Fz,0.02504755,-0.00779139,0.02611088,0.75,0.75,"[2, 6]",0.75,False,1.17404814,0.31701408,0.98371898,True
34,3,3,F3,0.07429586,-0.03950395,0.08482882,0.75,0.75,"[2, 6]",0.75,False,1.17404814,0.31701408,0.98371898,True
34,3,4,F4,0.08698402,0.04992533,0.09541769,0.75,0.75,"[2, 6]",0.75,False,1.17404814,0.31701408,0.98371898,True
34,3,5,F7,0.04524743,0.04524743,0.0475505,0.75,0.75,"[2, 6]",0.75,False,1.17404814,0.31701408,0.98371898,True
34,3,6,F8,0.04447559,-0.0146424,0.04790813,0.75,0.75,"[2, 6]",0.75,False,1.17404814,0.31701408,0.98371898,True
34,3,7,FCz,0.13693722,0.12876239,0.16035932,0.75,0.75,"[2, 6]",0.75,False,1.17404814,0.31701408,0.98371898,True
34,3,8,FC3,0.0376718,0.01372451,0.04714423,0.75,0.75,"[2, 6]",0.75,False,1.17404814,0.31701408,0.98371898,True
34,3,9,FC4,0.0795375,-0.03843002,0.09417961,0.75,0.75,"[2, 6]",0.75,False,1.17404814,0.31701408,0.98371898,True
34,3,10,FT7,0.12971094,0.02090984,0.14122309,0.75,0.75,"[2, 6]",0.75,False,1.17404814,0.31701408,0.98371898,True
34,3,11,FT8,0.07989915,-0.0538252,0.10399206,0.75,0.75,"[2, 6]",0.75,False,1.17404814,0.31701408,0.98371898,True
34,3,12,Cz,0.0689013,-0.00277714,0.08089991,0.75,0.75,"[2, 6]",0.75,False,1.17404814,0.31701408,0.98371898,True
34,3,13,C3,0.071986,0.04682803,0.08545054,0.75,0.75,"[2, 6]",0.75,False,1.17404814,0.31701408,0.98371898,True
34,3,14,C4,0.0774278,-0.03111193,0.07889733,0.75,0.75,"[2, 6]",0.75,False,1.17404814,0.31701408,0.98371898,True
34,3,15,T3,0.16923194,0.13344525,0.1846123,0.75,0.75,"[2, 6]",0.75,False,1.17404814,0.31701408,0.98371898,True
34,3,16,T4,0.10835749,0.04568969,0.1307369,0.75,0.75,"[2, 6]",0.75,False,1.17404814,0.31701408,0.98371898,True
34,3,17,CP3,0.18382037,-0.05245839,0.19850312,0.75,0.75,"[2, 6]",0.75,False,1.17404814,0.31701408,0.98371898,True
34,3,18,CP4,0.13019848,-0.02618641,0.14035833,0.75,0.75,"[2, 6]",0.75,False,1.17404814,0.31701408,0.98371898,True
34,3,19,TP7,0.09252018,-0.0925056,0.12730886,0.75,0.75,"[2, 6]",0.75,False,1.17404814,0.31701408,0.98371898,True
34,3,20,TP8,0.1231828,-0.07935735,0.14981678,0.75,0.75,"[2, 6]",0.75,False,1.17404814,0.31701408,0.98371898,True
34,3,21,Pz,0.06722564,0.03973088,0.0700577,0.75,0.75,"[2, 6]",0.75,False,1.17404814,0.31701408,0.98371898,True
34,3,22,P3,0.09052653,0.07231122,0.11328915,0.75,0.75,"[2, 6]",0.75,False,1.17404814,0.31701408,0.98371898,True
34,3,23,P4,0.16383442,-0.16383442,0.16725489,0.75,0.75,"[2, 6]",0.75,False,1.17404814,0.31701408,0.98371898,True
34,3,24,T5,0.06601798,-0.00386859,0.07344715,0.75,0.75,"[2, 6]",0.75,False,1.17404814,0.31701408,0.98371898,True
34,3,25,T6,0.2003489,0.05635795,0.21370396,0.75,0.75,"[2, 6]",0.75,False,1.17404814,0.31701408,0.98371898,True
34,3,26,Oz,0.07372745,0.07372745,0.1106976,0.75,0.75,"[2, 6]",0.75,False,1.17404814,0.31701408,0.98371898,True
34,3,27,O1,0.08648473,0.00287568,0.10491091,0.75,0.75,"[2, 6]",0.75,False,1.17404814,0.31701408,0.98371898,True
34,3,28,O2,0.15478711,0.15478711,0.15989947,0.75,0.75,"[2, 6]",0.75,False,1.17404814,0.31701408,0.98371898,True
34,4,0,Fp1,0.05064941,-0.05064941,0.06459546,0.75,0.75,"[4, 4]",0.5,False,1.31472779,0.39094037,1.10159255,True
34,4,1,Fp2,0.05136418,0.04357594,0.06281383,0.75,0.75,"[4, 4]",0.5,False,1.31472779,0.39094037,1.10159255,True
34,4,2,Fz,0.14145449,-0.14145449,0.16911747,0.75,0.75,"[4, 4]",0.5,False,1.31472779,0.39094037,1.10159255,True
34,4,3,F3,0.1004248,0.08823898,0.11254264,0.75,0.75,"[4, 4]",0.5,False,1.31472779,0.39094037,1.10159255,True
34,4,4,F4,0.09952527,0.08996459,0.11338301,0.75,0.75,"[4, 4]",0.5,False,1.31472779,0.39094037,1.10159255,True
34,4,5,F7,0.03207609,-0.00221036,0.03311157,0.75,0.75,"[4, 4]",0.5,False,1.31472779,0.39094037,1.10159255,True
34,4,6,F8,0.03023523,-0.0267316,0.0472142,0.75,0.75,"[4, 4]",0.5,False,1.31472779,0.39094037,1.10159255,True
34,4,7,FCz,0.0996296,-0.03989376,0.11041337,0.75,0.75,"[4, 4]",0.5,False,1.31472779,0.39094037,1.10159255,True
34,4,8,FC3,0.05635048,-0.05375323,0.07715318,0.75,0.75,"[4, 4]",0.5,False,1.31472779,0.39094037,1.10159255,True
34,4,9,FC4,0.09377065,-0.03158168,0.11108961,0.75,0.75,"[4, 4]",0.5,False,1.31472779,0.39094037,1.10159255,True
34,4,10,FT7,0.1101549,0.05000946,0.12702213,0.75,0.75,"[4, 4]",0.5,False,1.31472779,0.39094037,1.10159255,True
34,4,11,FT8,0.11868136,0.01284463,0.13489509,0.75,0.75,"[4, 4]",0.5,False,1.31472779,0.39094037,1.10159255,True
34,4,12,Cz,0.0833516,0.0833516,0.09099592,0.75,0.75,"[4, 4]",0.5,False,1.31472779,0.39094037,1.10159255,True
34,4,13,C3,0.12089115,0.04957322,0.13990505,0.75,0.75,"[4, 4]",0.5,False,1.31472779,0.39094037,1.10159255,True
34,4,14,C4,0.10184304,-0.04704874,0.13303778,0.75,0.75,"[4, 4]",0.5,False,1.31472779,0.39094037,1.10159255,True
34,4,15,T3,0.08136947,-0.01695626,0.09628963,0.75,0.75,"[4, 4]",0.5,False,1.31472779,0.39094037,1.10159255,True
34,4,16,T4,0.06277817,-0.00713306,0.08500817,0.75,0.75,"[4, 4]",0.5,False,1.31472779,0.39094037,1.10159255,True
34,4,17,CP3,0.19713451,0.12599489,0.2082954,0.75,0.75,"[4, 4]",0.5,False,1.31472779,0.39094037,1.10159255,True
34,4,18,CP4,0.12966125,-0.04420416,0.13812304,0.75,0.75,"[4, 4]",0.5,False,1.31472779,0.39094037,1.10159255,True
34,4,19,TP7,0.06982812,-0.01766889,0.07801107,0.75,0.75,"[4, 4]",0.5,False,1.31472779,0.39094037,1.10159255,True
34,4,20,TP8,0.1519715,0.01578375,0.15653826,0.75,0.75,"[4, 4]",0.5,False,1.31472779,0.39094037,1.10159255,True
34,4,21,Pz,0.03706292,0.03706292,0.04164416,0.75,0.75,"[4, 4]",0.5,False,1.31472779,0.39094037,1.10159255,True
34,4,22,P3,0.08840936,0.07349085,0.10847169,0.75,0.75,"[4, 4]",0.5,False,1.31472779,0.39094037,1.10159255,True
34,4,23,P4,0.20714942,-0.20714942,0.22744408,0.75,0.75,"[4, 4]",0.5,False,1.31472779,0.39094037,1.10159255,True
34,4,24,T5,0.08593512,0.01124969,0.10340402,0.75,0.75,"[4, 4]",0.5,False,1.31472779,0.39094037,1.10159255,True
34,4,25,T6,0.17270665,0.12295862,0.19966218,0.75,0.75,"[4, 4]",0.5,False,1.31472779,0.39094037,1.10159255,True
34,4,26,Oz,0.03892908,-0.03892908,0.05319942,0.75,0.75,"[4, 4]",0.5,False,1.31472779,0.39094037,1.10159255,True
34,4,27,O1,0.09308992,-0.0298903,0.10883849,0.75,0.75,"[4, 4]",0.5,False,1.31472779,0.39094037,1.10159255,True
34,4,28,O2,0.09571351,0.09571351,0.10856577,0.75,0.75,"[4, 4]",0.5,False,1.31472779,0.39094037,1.10159255,True
34,5,0,Fp1,0.11528767,-0.10909959,0.13100235,0.75,0.75,"[2, 6]",0.75,False,0.36055149,0.085378,0.3021012,True
34,5,1,Fp2,0.05691845,0.03276319,0.07296521,0.75,0.75,"[2, 6]",0.75,False,0.36055149,0.085378,0.3021012,True
34,5,2,Fz,0.09903511,-0.09465105,0.11198805,0.75,0.75,"[2, 6]",0.75,False,0.36055149,0.085378,0.3021012,True
34,5,3,F3,0.0659918,-0.00937494,0.08957706,0.75,0.75,"[2, 6]",0.75,False,0.36055149,0.085378,0.3021012,True
34,5,4,F4,0.1057228,0.03015928,0.11078082,0.75,0.75,"[2, 6]",0.75,False,0.36055149,0.085378,0.3021012,True
34,5,5,F7,0.08477451,0.08477451,0.09604356,0.75,0.75,"[2, 6]",0.75,False,0.36055149,0.085378,0.3021012,True
34,5,6,F8,0.07612008,-0.03795803,0.08377495,0.75,0.75,"[2, 6]",0.75,False,0.36055149,0.085378,0.3021012,True
34,5,7,FCz,0.14795411,0.14795411,0.15668638,0.75,0.75,"[2, 6]",0.75,False,0.36055149,0.085378,0.3021012,True
34,5,8,FC3,0.01758926,-0.01758926,0.02205912,0.75,0.75,"[2, 6]",0.75,False,0.36055149,0.085378,0.3021012,True
34,5,9,FC4,0.02844173,-0.00556775,0.0330763,0.75,0.75,"[2, 6]",0.75,False,0.36055149,0.085378,0.3021012,True
34,5,10,FT7,0.11523075,-0.07631015,0.13225189,0.75,0.75,"[2, 6]",0.75,False,0.36055149,0.085378,0.3021012,True
34,5,11,FT8,0.0646914,0.01347185,0.07848293,0.75,0.75,"[2, 6]",0.75,False,0.36055149,0.085378,0.3021012,True
34,5,12,Cz,0.12326237,0.12326237,0.13724734,0.75,0.75,"[2, 6]",0.75,False,0.36055149,0.085378,0.3021012,True
34,5,13,C3,0.13835579,0.10615869,0.14969818,0.75,0.75,"[2, 6]",0.75,False,0.36055149,0.085378,0.3021012,True
34,5,14,C4,0.05388752,-0.01533833,0.05870491,0.75,0.75,"[2, 6]",0.75,False,0.36055149,0.085378,0.3021012,True
34,5,15,T3,0.13321692,0.13321692,0.13992648,0.75,0.75,"[2, 6]",0.75,False,0.36055149,0.085378,0.3021012,True
34,5,16,T4,0.13038391,0.0130825,0.14530407,0.75,0.75,"[2, 6]",0.75,False,0.36055149,0.085378,0.3021012,True
34,5,17,CP3,0.11603907,0.04089536,0.13017444,0.75,0.75,"[2, 6]",0.75,False,0.36055149,0.085378,0.3021012,True
34,5,18,CP4,0.11018416,0.02788407,0.12738602,0.75,0.75,"[2, 6]",0.75,False,0.36055149,0.085378,0.3021012,True
34,5,19,TP7,0.07008074,-0.0324585,0.08728044,0.75,0.75,"[2, 6]",0.75,False,0.36055149,0.085378,0.3021012,True
34,5,20,TP8,0.10088564,-0.08059676,0.13099913,0.75,0.75,"[2, 6]",0.75,False,0.36055149,0.085378,0.3021012,True
34,5,21,Pz,0.11289876,0.01375139,0.11386969,0.75,0.75,"[2, 6]",0.75,False,0.36055149,0.085378,0.3021012,True
34,5,22,P3,0.087606,0.087606,0.103819,0.75,0.75,"[2, 6]",0.75,False,0.36055149,0.085378,0.3021012,True
34,5,23,P4,0.08671077,-0.0812505,0.10055412,0.75,0.75,"[2, 6]",0.75,False,0.36055149,0.085378,0.3021012,True
34,5,24,T5,0.09722236,0.06118768,0.11211427,0.75,0.75,"[2, 6]",0.75,False,0.36055149,0.085378,0.3021012,True
34,5,25,T6,0.06640621,-0.0481074,0.07538801,0.75,0.75,"[2, 6]",0.75,False,0.36055149,0.085378,0.3021012,True
34,5,26,Oz,0.0735449,0.05096231,0.08539402,0.75,0.75,"[2, 6]",0.75,False,0.36055149,0.085378,0.3021012,True
34,5,27,O1,0.12034725,0.04766506,0.13430017,0.75,0.75,"[2, 6]",0.75,False,0.36055149,0.085378,0.3021012,True
34,5,28,O2,0.15177412,0.0147079,0.15299322,0.75,0.75,"[2, 6]",0.75,False,0.36055149,0.085378,0.3021012,True
35,1,0,Fp1,0.10885505,-0.09495621,0.12147174,0.5,0.5,"[0, 8]",1.0,True,0.01285604,0.0022235,0.0107719,True
35,1,1,Fp2,0.07748254,0.06010392,0.0944835,0.5,0.5,"[0, 8]",1.0,True,0.01285604,0.0022235,0.0107719,True
35,1,2,Fz,0.10499586,-0.09993747,0.11887232,0.5,0.5,"[0, 8]",1.0,True,0.01285604,0.0022235,0.0107719,True
35,1,3,F3,0.08763143,0.02664134,0.09466109,0.5,0.5,"[0, 8]",1.0,True,0.01285604,0.0022235,0.0107719,True
35,1,4,F4,0.09772009,0.011764,0.10833557,0.5,0.5,"[0, 8]",1.0,True,0.01285604,0.0022235,0.0107719,True
35,1,5,F7,0.0847158,0.08259797,0.09855486,0.5,0.5,"[0, 8]",1.0,True,0.01285604,0.0022235,0.0107719,True
35,1,6,F8,0.07769103,-0.02877229,0.0788708,0.5,0.5,"[0, 8]",1.0,True,0.01285604,0.0022235,0.0107719,True
35,1,7,FCz,0.09753267,0.09753267,0.11306456,0.5,0.5,"[0, 8]",1.0,True,0.01285604,0.0022235,0.0107719,True
35,1,8,FC3,0.02950777,0.00565137,0.03628185,0.5,0.5,"[0, 8]",1.0,True,0.01285604,0.0022235,0.0107719,True
35,1,9,FC4,0.05921227,-0.05921227,0.07714018,0.5,0.5,"[0, 8]",1.0,True,0.01285604,0.0022235,0.0107719,True
35,1,10,FT7,0.09030049,-0.05758402,0.10375445,0.5,0.5,"[0, 8]",1.0,True,0.01285604,0.0022235,0.0107719,True
35,1,11,FT8,0.07978534,-0.00329643,0.09709854,0.5,0.5,"[0, 8]",1.0,True,0.01285604,0.0022235,0.0107719,True
35,1,12,Cz,0.07673533,0.07440004,0.09159029,0.5,0.5,"[0, 8]",1.0,True,0.01285604,0.0022235,0.0107719,True
35,1,13,C3,0.11494473,0.07231997,0.11716776,0.5,0.5,"[0, 8]",1.0,True,0.01285604,0.0022235,0.0107719,True
35,1,14,C4,0.08621596,-0.07600896,0.09691007,0.5,0.5,"[0, 8]",1.0,True,0.01285604,0.0022235,0.0107719,True
35,1,15,T3,0.12759316,0.12759316,0.13282214,0.5,0.5,"[0, 8]",1.0,True,0.01285604,0.0022235,0.0107719,True
35,1,16,T4,0.12211142,0.01256833,0.13451527,0.5,0.5,"[0, 8]",1.0,True,0.01285604,0.0022235,0.0107719,True
35,1,17,CP3,0.12007751,0.03255783,0.13888283,0.5,0.5,"[0, 8]",1.0,True,0.01285604,0.0022235,0.0107719,True
35,1,18,CP4,0.11009128,0.0338314,0.12703966,0.5,0.5,"[0, 8]",1.0,True,0.01285604,0.0022235,0.0107719,True
35,1,19,TP7,0.08517272,-0.01774412,0.09517457,0.5,0.5,"[0, 8]",1.0,True,0.01285604,0.0022235,0.0107719,True
35,1,20,TP8,0.08820977,-0.05894601,0.10723503,0.5,0.5,"[0, 8]",1.0,True,0.01285604,0.0022235,0.0107719,True
35,1,21,Pz,0.15282622,0.00638983,0.15298636,0.5,0.5,"[0, 8]",1.0,True,0.01285604,0.0022235,0.0107719,True
35,1,22,P3,0.10854001,0.10854001,0.11793821,0.5,0.5,"[0, 8]",1.0,True,0.01285604,0.0022235,0.0107719,True
35,1,23,P4,0.10451206,-0.09343509,0.11676514,0.5,0.5,"[0, 8]",1.0,True,0.01285604,0.0022235,0.0107719,True
35,1,24,T5,0.10583044,0.07428791,0.11538737,0.5,0.5,"[0, 8]",1.0,True,0.01285604,0.0022235,0.0107719,True
35,1,25,T6,0.08090066,-0.06166749,0.09155507,0.5,0.5,"[0, 8]",1.0,True,0.01285604,0.0022235,0.0107719,True
35,1,26,Oz,0.07824151,0.04332772,0.08057828,0.5,0.5,"[0, 8]",1.0,True,0.01285604,0.0022235,0.0107719,True
35,1,27,O1,0.1223667,0.05745212,0.13249186,0.5,0.5,"[0, 8]",1.0,True,0.01285604,0.0022235,0.0107719,True
35,1,28,O2,0.14353561,-0.02254881,0.14609268,0.5,0.5,"[0, 8]",1.0,True,0.01285604,0.0022235,0.0107719,True
35,2,0,Fp1,0.07368221,-0.06686293,0.10139163,0.5,0.5,"[2, 6]",0.75,False,1.25601473,0.41867797,1.05239767,True
35,2,1,Fp2,0.07128577,0.06227953,0.10305463,0.5,0.5,"[2, 6]",0.75,False,1.25601473,0.41867797,1.05239767,True
35,2,2,Fz,0.20834725,-0.20834725,0.22093858,0.5,0.5,"[2, 6]",0.75,False,1.25601473,0.41867797,1.05239767,True
35,2,3,F3,0.09966259,0.09966259,0.13516411,0.5,0.5,"[2, 6]",0.75,False,1.25601473,0.41867797,1.05239767,True
35,2,4,F4,0.04702242,-0.01754888,0.05334998,0.5,0.5,"[2, 6]",0.75,False,1.25601473,0.41867797,1.05239767,True
35,2,5,F7,0.08689035,0.06721128,0.1334122,0.5,0.5,"[2, 6]",0.75,False,1.25601473,0.41867797,1.05239767,True
35,2,6,F8,0.03000458,-0.01385198,0.03440224,0.5,0.5,"[2, 6]",0.75,False,1.25601473,0.41867797,1.05239767,True
35,2,7,FCz,0.08345293,0.08345293,0.10049606,0.5,0.5,"[2, 6]",0.75,False,1.25601473,0.41867797,1.05239767,True
35,2,8,FC3,0.09248806,-0.04946535,0.11810811,0.5,0.5,"[2, 6]",0.75,False,1.25601473,0.41867797,1.05239767,True
35,2,9,FC4,0.04438499,-0.02389352,0.04599129,0.5,0.5,"[2, 6]",0.75,False,1.25601473,0.41867797,1.05239767,True
35,2,10,FT7,0.0571817,-0.03571711,0.06962561,0.5,0.5,"[2, 6]",0.75,False,1.25601473,0.41867797,1.05239767,True
35,2,11,FT8,0.06518826,0.00174799,0.07610904,0.5,0.5,"[2, 6]",0.75,False,1.25601473,0.41867797,1.05239767,True
35,2,12,Cz,0.07266659,0.07266659,0.08083898,0.5,0.5,"[2, 6]",0.75,False,1.25601473,0.41867797,1.05239767,True
35,2,13,C3,0.04115165,0.02012683,0.04616595,0.5,0.5,"[2, 6]",0.75,False,1.25601473,0.41867797,1.05239767,True
35,2,14,C4,0.12629876,0.07809246,0.18912993,0.5,0.5,"[2, 6]",0.75,False,1.25601473,0.41867797,1.05239767,True
35,2,15,T3,0.07357313,0.03253799,0.08197407,0.5,0.5,"[2, 6]",0.75,False,1.25601473,0.41867797,1.05239767,True
35,2,16,T4,0.14720449,0.06328145,0.15705082,0.5,0.5,"[2, 6]",0.75,False,1.25601473,0.41867797,1.05239767,True
35,2,17,CP3,0.10333198,0.10333198,0.14172395,0.5,0.5,"[2, 6]",0.75,False,1.25601473,0.41867797,1.05239767,True
35,2,18,CP4,0.18288638,0.1200069,0.19687854,0.5,0.5,"[2, 6]",0.75,False,1.25601473,0.41867797,1.05239767,True
35,2,19,TP7,0.07675231,0.07675231,0.09480527,0.5,0.5,"[2, 6]",0.75,False,1.25601473,0.41867797,1.05239767,True
35,2,20,TP8,0.08986922,-0.00740886,0.09791254,0.5,0.5,"[2, 6]",0.75,False,1.25601473,0.41867797,1.05239767,True
35,2,21,Pz,0.1265094,-0.1265094,0.13157807,0.5,0.5,"[2, 6]",0.75,False,1.25601473,0.41867797,1.05239767,True
35,2,22,P3,0.09052417,0.08895743,0.10408425,0.5,0.5,"[2, 6]",0.75,False,1.25601473,0.41867797,1.05239767,True
35,2,23,P4,0.07059771,-0.04530098,0.08999242,0.5,0.5,"[2, 6]",0.75,False,1.25601473,0.41867797,1.05239767,True
35,2,24,T5,0.05604323,-0.04543407,0.06132926,0.5,0.5,"[2, 6]",0.75,False,1.25601473,0.41867797,1.05239767,True
35,2,25,T6,0.09615539,-0.03797071,0.09741732,0.5,0.5,"[2, 6]",0.75,False,1.25601473,0.41867797,1.05239767,True
35,2,26,Oz,0.18364818,0.14777257,0.19686106,0.5,0.5,"[2, 6]",0.75,False,1.25601473,0.41867797,1.05239767,True
35,2,27,O1,0.06064633,-0.03973217,0.07897813,0.5,0.5,"[2, 6]",0.75,False,1.25601473,0.41867797,1.05239767,True
35,2,28,O2,0.06464738,-0.06464738,0.08141638,0.5,0.5,"[2, 6]",0.75,False,1.25601473,0.41867797,1.05239767,True
35,3,0,Fp1,0.08536725,-0.02426238,0.10553621,0.5,0.5,"[4, 4]",0.5,False,0.87540517,0.27447742,0.7334901,True
35,3,1,Fp2,0.07129996,0.04514568,0.09253352,0.5,0.5,"[4, 4]",0.5,False,0.87540517,0.27447742,0.7334901,True
35,3,2,Fz,0.12135775,-0.12135775,0.14608306,0.5,0.5,"[4, 4]",0.5,False,0.87540517,0.27447742,0.7334901,True
35,3,3,F3,0.12547642,-0.00956698,0.1381214,0.5,0.5,"[4, 4]",0.5,False,0.87540517,0.27447742,0.7334901,True
35,3,4,F4,0.05921238,-0.00514884,0.07416206,0.5,0.5,"[4, 4]",0.5,False,0.87540517,0.27447742,0.7334901,True
35,3,5,F7,0.1045379,0.07814088,0.13522184,0.5,0.5,"[4, 4]",0.5,False,0.87540517,0.27447742,0.7334901,True
35,3,6,F8,0.06610069,-0.05625222,0.07330948,0.5,0.5,"[4, 4]",0.5,False,0.87540517,0.27447742,0.7334901,True
35,3,7,FCz,0.09904998,0.09904998,0.1206236,0.5,0.5,"[4, 4]",0.5,False,0.87540517,0.27447742,0.7334901,True
35,3,8,FC3,0.07559578,-0.0028021,0.07565087,0.5,0.5,"[4, 4]",0.5,False,0.87540517,0.27447742,0.7334901,True
35,3,9,FC4,0.02852573,0.00047163,0.03388223,0.5,0.5,"[4, 4]",0.5,False,0.87540517,0.27447742,0.7334901,True
35,3,10,FT7,0.11222795,-0.00150241,0.11773822,0.5,0.5,"[4, 4]",0.5,False,0.87540517,0.27447742,0.7334901,True
35,3,11,FT8,0.05541039,-0.00719588,0.06247475,0.5,0.5,"[4, 4]",0.5,False,0.87540517,0.27447742,0.7334901,True
35,3,12,Cz,0.10233229,0.06930049,0.11108591,0.5,0.5,"[4, 4]",0.5,False,0.87540517,0.27447742,0.7334901,True
35,3,13,C3,0.09441262,0.07387005,0.10166186,0.5,0.5,"[4, 4]",0.5,False,0.87540517,0.27447742,0.7334901,True
35,3,14,C4,0.08096465,-0.04167617,0.09485601,0.5,0.5,"[4, 4]",0.5,False,0.87540517,0.27447742,0.7334901,True
35,3,15,T3,0.10903355,0.10903355,0.1367202,0.5,0.5,"[4, 4]",0.5,False,0.87540517,0.27447742,0.7334901,True
35,3,16,T4,0.1526053,0.06461158,0.15749837,0.5,0.5,"[4, 4]",0.5,False,0.87540517,0.27447742,0.7334901,True
35,3,17,CP3,0.06495188,-0.00474215,0.07059027,0.5,0.5,"[4, 4]",0.5,False,0.87540517,0.27447742,0.7334901,True
35,3,18,CP4,0.14697325,0.03069077,0.15688126,0.5,0.5,"[4, 4]",0.5,False,0.87540517,0.27447742,0.7334901,True
35,3,19,TP7,0.06006339,-0.06006339,0.06535251,0.5,0.5,"[4, 4]",0.5,False,0.87540517,0.27447742,0.7334901,True
35,3,20,TP8,0.10304333,-0.05367432,0.12573986,0.5,0.5,"[4, 4]",0.5,False,0.87540517,0.27447742,0.7334901,True
35,3,21,Pz,0.09726737,-0.06376408,0.12779564,0.5,0.5,"[4, 4]",0.5,False,0.87540517,0.27447742,0.7334901,True
35,3,22,P3,0.13702501,0.12373328,0.16107734,0.5,0.5,"[4, 4]",0.5,False,0.87540517,0.27447742,0.7334901,True
35,3,23,P4,0.04553293,-0.04553293,0.05562634,0.5,0.5,"[4, 4]",0.5,False,0.87540517,0.27447742,0.7334901,True
35,3,24,T5,0.10138588,0.03480884,0.10358113,0.5,0.5,"[4, 4]",0.5,False,0.87540517,0.27447742,0.7334901,True
35,3,25,T6,0.06863762,0.0017597,0.07872728,0.5,0.5,"[4, 4]",0.5,False,0.87540517,0.27447742,0.7334901,True
35,3,26,Oz,0.18388535,0.08986861,0.18908115,0.5,0.5,"[4, 4]",0.5,False,0.87540517,0.27447742,0.7334901,True
35,3,27,O1,0.07858625,0.04440007,0.09136052,0.5,0.5,"[4, 4]",0.5,False,0.87540517,0.27447742,0.7334901,True
35,3,28,O2,0.10905807,-0.05114023,0.14214689,0.5,0.5,"[4, 4]",0.5,False,0.87540517,0.27447742,0.7334901,True
35,4,0,Fp1,0.10913341,-0.09581538,0.12201522,0.5,0.5,"[0, 8]",1.0,True,0.01089993,0.00216748,0.00913291,True
35,4,1,Fp2,0.07696165,0.0607962,0.09474158,0.5,0.5,"[0, 8]",1.0,True,0.01089993,0.00216748,0.00913291,True
35,4,2,Fz,0.1040871,-0.09912804,0.1179323,0.5,0.5,"[0, 8]",1.0,True,0.01089993,0.00216748,0.00913291,True
35,4,3,F3,0.08770027,0.02744853,0.09457194,0.5,0.5,"[0, 8]",1.0,True,0.01089993,0.00216748,0.00913291,True
35,4,4,F4,0.09763374,0.01159979,0.10832394,0.5,0.5,"[0, 8]",1.0,True,0.01089993,0.00216748,0.00913291,True
35,4,5,F7,0.08326879,0.08165465,0.09711207,0.5,0.5,"[0, 8]",1.0,True,0.01089993,0.00216748,0.00913291,True
35,4,6,F8,0.07773992,-0.02885811,0.0788724,0.5,0.5,"[0, 8]",1.0,True,0.01089993,0.00216748,0.00913291,True
35,4,7,FCz,0.0984921,0.0984921,0.11390082,0.5,0.5,"[0, 8]",1.0,True,0.01089993,0.00216748,0.00913291,True
35,4,8,FC3,0.03042109,0.00594369,0.03675564,0.5,0.5,"[0, 8]",1.0,True,0.01089993,0.00216748,0.00913291,True
35,4,9,FC4,0.05872262,-0.05872262,0.07724423,0.5,0.5,"[0, 8]",1.0,True,0.01089993,0.00216748,0.00913291,True
35,4,10,FT7,0.09053417,-0.05817796,0.10375075,0.5,0.5,"[0, 8]",1.0,True,0.01089993,0.00216748,0.00913291,True
35,4,11,FT8,0.08032561,-0.00361819,0.09743237,0.5,0.5,"[0, 8]",1.0,True,0.01089993,0.00216748,0.00913291,True
35,4,12,Cz,0.07710199,0.07537481,0.09251627,0.5,0.5,"[0, 8]",1.0,True,0.01089993,0.00216748,0.00913291,True
35,4,13,C3,0.11534871,0.07262176,0.11758202,0.5,0.5,"[0, 8]",1.0,True,0.01089993,0.00216748,0.00913291,True
35,4,14,C4,0.08627793,-0.07597068,0.09709118,0.5,0.5,"[0, 8]",1.0,True,0.01089993,0.00216748,0.00913291,True
35,4,15,T3,0.12650451,0.12650451,0.13173111,0.5,0.5,"[0, 8]",1.0,True,0.01089993,0.00216748,0.00913291,True
35,4,16,T4,0.12240592,0.0130387,0.1346626,0.5,0.5,"[0, 8]",1.0,True,0.01089993,0.00216748,0.00913291,True
35,4,17,CP3,0.12076765,0.03284479,0.13956989,0.5,0.5,"[0, 8]",1.0,True,0.01089993,0.00216748,0.00913291,True
35,4,18,CP4,0.11056264,0.03446724,0.12748186,0.5,0.5,"[0, 8]",1.0,True,0.01089993,0.00216748,0.00913291,True
35,4,19,TP7,0.08531704,-0.0186226,0.0950937,0.5,0.5,"[0, 8]",1.0,True,0.01089993,0.00216748,0.00913291,True
35,4,20,TP8,0.08844468,-0.05851459,0.10717762,0.5,0.5,"[0, 8]",1.0,True,0.01089993,0.00216748,0.00913291,True
35,4,21,Pz,0.15324652,0.00689093,0.15343025,0.5,0.5,"[0, 8]",1.0,True,0.01089993,0.00216748,0.00913291,True
35,4,22,P3,0.10798263,0.10798263,0.11722183,0.5,0.5,"[0, 8]",1.0,True,0.01089993,0.00216748,0.00913291,True
35,4,23,P4,0.1045313,-0.09303918,0.11656838,0.5,0.5,"[0, 8]",1.0,True,0.01089993,0.00216748,0.00913291,True
35,4,24,T5,0.10563767,0.07384932,0.11525684,0.5,0.5,"[0, 8]",1.0,True,0.01089993,0.00216748,0.00913291,True
35,4,25,T6,0.08173811,-0.06223936,0.09267306,0.5,0.5,"[0, 8]",1.0,True,0.01089993,0.00216748,0.00913291,True
35,4,26,Oz,0.07741678,0.04300413,0.07970432,0.5,0.5,"[0, 8]",1.0,True,0.01089993,0.00216748,0.00913291,True
35,4,27,O1,0.12311243,0.05704497,0.13316821,0.5,0.5,"[0, 8]",1.0,True,0.01089993,0.00216748,0.00913291,True
35,4,28,O2,0.14331591,-0.02246068,0.14585692,0.5,0.5,"[0, 8]",1.0,True,0.01089993,0.00216748,0.00913291,True
35,5,0,Fp1,0.04642317,-0.00451702,0.05708078,0.25,0.25,"[4, 4]",0.5,False,1.39749376,0.34823349,1.17094103,True
35,5,1,Fp2,0.06586714,-0.00611925,0.07850376,0.25,0.25,"[4, 4]",0.5,False,1.39749376,0.34823349,1.17094103,True
35,5,2,Fz,0.09933205,-0.08424778,0.11506309,0.25,0.25,"[4, 4]",0.5,False,1.39749376,0.34823349,1.17094103,True
35,5,3,F3,0.06304213,0.03728729,0.06973731,0.25,0.25,"[4, 4]",0.5,False,1.39749376,0.34823349,1.17094103,True
35,5,4,F4,0.09531263,0.04014445,0.12108173,0.25,0.25,"[4, 4]",0.5,False,1.39749376,0.34823349,1.17094103,True
35,5,5,F7,0.02562572,0.02562572,0.03109664,0.25,0.25,"[4, 4]",0.5,False,1.39749376,0.34823349,1.17094103,True
35,5,6,F8,0.04442835,0.01613449,0.05799992,0.25,0.25,"[4, 4]",0.5,False,1.39749376,0.34823349,1.17094103,True
35,5,7,FCz,0.0931858,0.05679207,0.0979905,0.25,0.25,"[4, 4]",0.5,False,1.39749376,0.34823349,1.17094103,True
35,5,8,FC3,0.09832527,0.05994427,0.11310439,0.25,0.25,"[4, 4]",0.5,False,1.39749376,0.34823349,1.17094103,True
35,5,9,FC4,0.03545092,0.00351783,0.04413686,0.25,0.25,"[4, 4]",0.5,False,1.39749376,0.34823349,1.17094103,True
35,5,10,FT7,0.108734,-0.00316142,0.11457112,0.25,0.25,"[4, 4]",0.5,False,1.39749376,0.34823349,1.17094103,True
35,5,11,FT8,0.04603836,0.03359956,0.07371733,0.25,0.25,"[4, 4]",0.5,False,1.39749376,0.34823349,1.17094103,True
35,5,12,Cz,0.09712735,0.03245221,0.11611029,0.25,0.25,"[4, 4]",0.5,False,1.39749376,0.34823349,1.17094103,True
35,5,13,C3,0.08459285,-0.06004306,0.11117008,0.25,0.25,"[4, 4]",0.5,False,1.39749376,0.34823349,1.17094103,True
35,5,14,C4,0.12591501,-0.04093568,0.13549621,0.25,0.25,"[4, 4]",0.5,False,1.39749376,0.34823349,1.17094103,True
35,5,15,T3,0.07620201,0.07620201,0.10386536,0.25,0.25,"[4, 4]",0.5,False,1.39749376,0.34823349,1.17094103,True
35,5,16,T4,0.14299351,-0.02913004,0.18601342,0.25,0.25,"[4, 4]",0.5,False,1.39749376,0.34823349,1.17094103,True
35,5,17,CP3,0.12316764,0.04092319,0.12653773,0.25,0.25,"[4, 4]",0.5,False,1.39749376,0.34823349,1.17094103,True
35,5,18,CP4,0.13620161,0.05571979,0.1459613,0.25,0.25,"[4, 4]",0.5,False,1.39749376,0.34823349,1.17094103,True
35,5,19,TP7,0.14001608,-0.01266193,0.14186646,0.25,0.25,"[4, 4]",0.5,False,1.39749376,0.34823349,1.17094103,True
35,5,20,TP8,0.108492,0.02786332,0.13424949,0.25,0.25,"[4, 4]",0.5,False,1.39749376,0.34823349,1.17094103,True
35,5,21,Pz,0.07286424,-0.06945112,0.08552293,0.25,0.25,"[4, 4]",0.5,False,1.39749376,0.34823349,1.17094103,True
35,5,22,P3,0.09077384,0.07201429,0.11398726,0.25,0.25,"[4, 4]",0.5,False,1.39749376,0.34823349,1.17094103,True
35,5,23,P4,0.04139758,0.02964255,0.0460839,0.25,0.25,"[4, 4]",0.5,False,1.39749376,0.34823349,1.17094103,True
35,5,24,T5,0.10362542,0.01777749,0.137833,0.25,0.25,"[4, 4]",0.5,False,1.39749376,0.34823349,1.17094103,True
35,5,25,T6,0.10820084,-0.06531913,0.12439177,0.25,0.25,"[4, 4]",0.5,False,1.39749376,0.34823349,1.17094103,True
35,5,26,Oz,0.25177214,-0.03521404,0.26974541,0.25,0.25,"[4, 4]",0.5,False,1.39749376,0.34823349,1.17094103,True
35,5,27,O1,0.0983866,0.0983866,0.11862308,0.25,0.25,"[4, 4]",0.5,False,1.39749376,0.34823349,1.17094103,True
35,5,28,O2,0.04878815,-0.0281841,0.07167712,0.25,0.25,"[4, 4]",0.5,False,1.39749376,0.34823349,1.17094103,True
36,1,0,Fp1,0.11013923,-0.09612726,0.12275694,0.5,0.5,"[0, 8]",1.0,True,0.01379382,0.00231724,0.01155765,True
36,1,1,Fp2,0.07786301,0.06148726,0.09587845,0.5,0.5,"[0, 8]",1.0,True,0.01379382,0.00231724,0.01155765,True
36,1,2,Fz,0.10286175,-0.09817652,0.11669074,0.5,0.5,"[0, 8]",1.0,True,0.01379382,0.00231724,0.01155765,True
36,1,3,F3,0.08821494,0.02799337,0.09520306,0.5,0.5,"[0, 8]",1.0,True,0.01379382,0.00231724,0.01155765,True
36,1,4,F4,0.09726158,0.01197553,0.10776147,0.5,0.5,"[0, 8]",1.0,True,0.01379382,0.00231724,0.01155765,True
36,1,5,F7,0.08390892,0.08175157,0.09778249,0.5,0.5,"[0, 8]",1.0,True,0.01379382,0.00231724,0.01155765,True
36,1,6,F8,0.07663595,-0.02927586,0.07753356,0.5,0.5,"[0, 8]",1.0,True,0.01379382,0.00231724,0.01155765,True
36,1,7,FCz,0.09811065,0.09811065,0.11398018,0.5,0.5,"[0, 8]",1.0,True,0.01379382,0.00231724,0.01155765,True
36,1,8,FC3,0.03166234,0.00603301,0.03838105,0.5,0.5,"[0, 8]",1.0,True,0.01379382,0.00231724,0.01155765,True
36,1,9,FC4,0.05835086,-0.05835086,0.07698487,0.5,0.5,"[0, 8]",1.0,True,0.01379382,0.00231724,0.01155765,True
36,1,10,FT7,0.08956413,-0.05822377,0.10328991,0.5,0.5,"[0, 8]",1.0,True,0.01379382,0.00231724,0.01155765,True
36,1,11,FT8,0.08010144,-0.00391548,0.0973388,0.5,0.5,"[0, 8]",1.0,True,0.01379382,0.00231724,0.01155765,True
36,1,12,Cz,0.07744522,0.07507236,0.09220568,0.5,0.5,"[0, 8]",1.0,True,0.01379382,0.00231724,0.01155765,True
36,1,13,C3,0.11640324,0.07291719,0.11852302,0.5,0.5,"[0, 8]",1.0,True,0.01379382,0.00231724,0.01155765,True
36,1,14,C4,0.08583777,-0.07508437,0.09617373,0.5,0.5,"[0, 8]",1.0,True,0.01379382,0.00231724,0.01155765,True
36,1,15,T3,0.12687232,0.12687232,0.13222261,0.5,0.5,"[0, 8]",1.0,True,0.01379382,0.00231724,0.01155765,True
36,1,16,T4,0.12237412,0.01330021,0.13434719,0.5,0.5,"[0, 8]",1.0,True,0.01379382,0.00231724,0.01155765,True
36,1,17,CP3,0.12096495,0.03366312,0.13960271,0.5,0.5,"[0, 8]",1.0,True,0.01379382,0.00231724,0.01155765,True
36,1,18,CP4,0.10903721,0.03357453,0.12592918,0.5,0.5,"[0, 8]",1.0,True,0.01379382,0.00231724,0.01155765,True
36,1,19,TP7,0.08420315,-0.01881278,0.09372602,0.5,0.5,"[0, 8]",1.0,True,0.01379382,0.00231724,0.01155765,True
36,1,20,TP8,0.0886815,-0.05977727,0.10823362,0.5,0.5,"[0, 8]",1.0,True,0.01379382,0.00231724,0.01155765,True
36,1,21,Pz,0.15319736,0.00663932,0.15336554,0.5,0.5,"[0, 8]",1.0,True,0.01379382,0.00231724,0.01155765,True
36,1,22,P3,0.10871495,0.10871495,0.11763318,0.5,0.5,"[0, 8]",1.0,True,0.01379382,0.00231724,0.01155765,True
36,1,23,P4,0.10485076,-0.09326079,0.11701724,0.5,0.5,"[0, 8]",1.0,True,0.01379382,0.00231724,0.01155765,True
36,1,24,T5,0.10515334,0.07443788,0.11488393,0.5,0.5,"[0, 8]",1.0,True,0.01379382,0.00231724,0.01155765,True
36,1,25,T6,0.08135137,-0.06212469,0.09281547,0.5,0.5,"[0, 8]",1.0,True,0.01379382,0.00231724,0.01155765,True
36,1,26,Oz,0.07802758,0.0431306,0.08029281,0.5,0.5,"[0, 8]",1.0,True,0.01379382,0.00231724,0.01155765,True
36,1,27,O1,0.12260166,0.05609468,0.13325059,0.5,0.5,"[0, 8]",1.0,True,0.01379382,0.00231724,0.01155765,True
36,1,28,O2,0.14371289,-0.02299482,0.14645152,0.5,0.5,"[0, 8]",1.0,True,0.01379382,0.00231724,0.01155765,True
36,2,0,Fp1,0.10993993,-0.09531653,0.12247002,0.5,0.5,"[0, 8]",1.0,True,0.01221865,0.00223913,0.01023784,True
36,2,1,Fp2,0.07745437,0.0618784,0.0952727,0.5,0.5,"[0, 8]",1.0,True,0.01221865,0.00223913,0.01023784,True
36,2,2,Fz,0.10324256,-0.09780988,0.11674502,0.5,0.5,"[0, 8]",1.0,True,0.01221865,0.00223913,0.01023784,True
36,2,3,F3,0.08884777,0.02767388,0.09564884,0.5,0.5,"[0, 8]",1.0,True,0.01221865,0.00223913,0.01023784,True
36,2,4,F4,0.09774923,0.0123767,0.10825479,0.5,0.5,"[0, 8]",1.0,True,0.01221865,0.00223913,0.01023784,True
36,2,5,F7,0.08400954,0.08198865,0.09789509,0.5,0.5,"[0, 8]",1.0,True,0.01221865,0.00223913,0.01023784,True
36,2,6,F8,0.07730006,-0.02974351,0.07824219,0.5,0.5,"[0, 8]",1.0,True,0.01221865,0.00223913,0.01023784,True
36,2,7,FCz,0.0990258,0.0990258,0.11498512,0.5,0.5,"[0, 8]",1.0,True,0.01221865,0.00223913,0.01023784,True
36,2,8,FC3,0.03148686,0.00650143,0.03792465,0.5,0.5,"[0, 8]",1.0,True,0.01221865,0.00223913,0.01023784,True
36,2,9,FC4,0.05741089,-0.05741089,0.07619496,0.5,0.5,"[0, 8]",1.0,True,0.01221865,0.00223913,0.01023784,True
36,2,10,FT7,0.09061366,-0.05914325,0.1041588,0.5,0.5,"[0, 8]",1.0,True,0.01221865,0.00223913,0.01023784,True
36,2,11,FT8,0.08030864,-0.00451615,0.09731717,0.5,0.5,"[0, 8]",1.0,True,0.01221865,0.00223913,0.01023784,True
36,2,12,Cz,0.07779199,0.07548611,0.09265851,0.5,0.5,"[0, 8]",1.0,True,0.01221865,0.00223913,0.01023784,True
36,2,13,C3,0.11577323,0.07324254,0.1180546,0.5,0.5,"[0, 8]",1.0,True,0.01221865,0.00223913,0.01023784,True
36,2,14,C4,0.08569703,-0.0753441,0.09623532,0.5,0.5,"[0, 8]",1.0,True,0.01221865,0.00223913,0.01023784,True
36,2,15,T3,0.12655325,0.12655325,0.131749,0.5,0.5,"[0, 8]",1.0,True,0.01221865,0.00223913,0.01023784,True
36,2,16,T4,0.12212773,0.01308223,0.13434623,0.5,0.5,"[0, 8]",1.0,True,0.01221865,0.00223913,0.01023784,True
36,2,17,CP3,0.12095277,0.03178134,0.1390432,0.5,0.5,"[0, 8]",1.0,True,0.01221865,0.00223913,0.01023784,True
36,2,18,CP4,0.10982973,0.03355943,0.12661156,0.5,0.5,"[0, 8]",1.0,True,0.01221865,0.00223913,0.01023784,True
36,2,19,TP7,0.0841457,-0.01861734,0.09422546,0.5,0.5,"[0, 8]",1.0,True,0.01221865,0.00223913,0.01023784,True
36,2,20,TP8,0.08822539,-0.05997791,0.1078844,0.5,0.5,"[0, 8]",1.0,True,0.01221865,0.00223913,0.01023784,True
36,2,21,Pz,0.15272218,0.00603271,0.15287203,0.5,0.5,"[0, 8]",1.0,True,0.01221865,0.00223913,0.01023784,True
36,2,22,P3,0.10821997,0.10821997,0.11743399,0.5,0.5,"[0, 8]",1.0,True,0.01221865,0.00223913,0.01023784,True
36,2,23,P4,0.10461392,-0.09337031,0.11693653,0.5,0.5,"[0, 8]",1.0,True,0.01221865,0.00223913,0.01023784,True
36,2,24,T5,0.10540322,0.07381636,0.11529453,0.5,0.5,"[0, 8]",1.0,True,0.01221865,0.00223913,0.01023784,True
36,2,25,T6,0.08140627,-0.06233905,0.09246771,0.5,0.5,"[0, 8]",1.0,True,0.01221865,0.00223913,0.01023784,True
36,2,26,Oz,0.07773684,0.042162,0.0799299,0.5,0.5,"[0, 8]",1.0,True,0.01221865,0.00223913,0.01023784,True
36,2,27,O1,0.12289269,0.05618028,0.13287456,0.5,0.5,"[0, 8]",1.0,True,0.01221865,0.00223913,0.01023784,True
36,2,28,O2,0.1434588,-0.02339934,0.14615124,0.5,0.5,"[0, 8]",1.0,True,0.01221865,0.00223913,0.01023784,True
36,3,0,Fp1,0.10939093,-0.09556334,0.12215975,0.5,0.5,"[0, 8]",1.0,True,0.01078506,0.00211506,0.00903666,True
36,3,1,Fp2,0.07762761,0.06135709,0.09551693,0.5,0.5,"[0, 8]",1.0,True,0.01078506,0.00211506,0.00903666,True
36,3,2,Fz,0.10353142,-0.09793779,0.11693448,0.5,0.5,"[0, 8]",1.0,True,0.01078506,0.00211506,0.00903666,True
36,3,3,F3,0.08825479,0.0280191,0.09489787,0.5,0.5,"[0, 8]",1.0,True,0.01078506,0.00211506,0.00903666,True
36,3,4,F4,0.09719761,0.01213088,0.10764186,0.5,0.5,"[0, 8]",1.0,True,0.01078506,0.00211506,0.00903666,True
36,3,5,F7,0.08465352,0.08267096,0.09868031,0.5,0.5,"[0, 8]",1.0,True,0.01078506,0.00211506,0.00903666,True
36,3,6,F8,0.07768933,-0.02996705,0.07858086,0.5,0.5,"[0, 8]",1.0,True,0.01078506,0.00211506,0.00903666,True
36,3,7,FCz,0.09880149,0.09880149,0.11458265,0.5,0.5,"[0, 8]",1.0,True,0.01078506,0.00211506,0.00903666,True
36,3,8,FC3,0.03066229,0.00628248,0.03746088,0.5,0.5,"[0, 8]",1.0,True,0.01078506,0.00211506,0.00903666,True
36,3,9,FC4,0.05849584,-0.05849584,0.0769577,0.5,0.5,"[0, 8]",1.0,True,0.01078506,0.00211506,0.00903666,True
36,3,10,FT7,0.09000026,-0.05812387,0.10379834,0.5,0.5,"[0, 8]",1.0,True,0.01078506,0.00211506,0.00903666,True
36,3,11,FT8,0.08002502,-0.00442985,0.09719139,0.5,0.5,"[0, 8]",1.0,True,0.01078506,0.00211506,0.00903666,True
36,3,12,Cz,0.07767013,0.07541844,0.09260128,0.5,0.5,"[0, 8]",1.0,True,0.01078506,0.00211506,0.00903666,True
36,3,13,C3,0.11601685,0.07332633,0.11826675,0.5,0.5,"[0, 8]",1.0,True,0.01078506,0.00211506,0.00903666,True
36,3,14,C4,0.0863781,-0.07583503,0.09691064,0.5,0.5,"[0, 8]",1.0,True,0.01078506,0.00211506,0.00903666,True
36,3,15,T3,0.1269808,0.1269808,0.13228856,0.5,0.5,"[0, 8]",1.0,True,0.01078506,0.00211506,0.00903666,True
36,3,16,T4,0.12206435,0.01285421,0.13424085,0.5,0.5,"[0, 8]",1.0,True,0.01078506,0.00211506,0.00903666,True
36,3,17,CP3,0.12121837,0.03428651,0.14008062,0.5,0.5,"[0, 8]",1.0,True,0.01078506,0.00211506,0.00903666,True
36,3,18,CP4,0.10981724,0.03352617,0.12676686,0.5,0.5,"[0, 8]",1.0,True,0.01078506,0.00211506,0.00903666,True
36,3,19,TP7,0.0845948,-0.01808632,0.09406284,0.5,0.5,"[0, 8]",1.0,True,0.01078506,0.00211506,0.00903666,True
36,3,20,TP8,0.08842065,-0.06014149,0.10816523,0.5,0.5,"[0, 8]",1.0,True,0.01078506,0.00211506,0.00903666,True
36,3,21,Pz,0.15286477,0.00625481,0.15302877,0.5,0.5,"[0, 8]",1.0,True,0.01078506,0.00211506,0.00903666,True
36,3,22,P3,0.1078653,0.1078653,0.11712489,0.5,0.5,"[0, 8]",1.0,True,0.01078506,0.00211506,0.00903666,True
36,3,23,P4,0.10409772,-0.09315709,0.11631114,0.5,0.5,"[0, 8]",1.0,True,0.01078506,0.00211506,0.00903666,True
36,3,24,T5,0.10534103,0.07369154,0.11475754,0.5,0.5,"[0, 8]",1.0,True,0.01078506,0.00211506,0.00903666,True
36,3,25,T6,0.08152763,-0.062494,0.09254269,0.5,0.5,"[0, 8]",1.0,True,0.01078506,0.00211506,0.00903666,True
36,3,26,Oz,0.07769483,0.04265802,0.07998937,0.5,0.5,"[0, 8]",1.0,True,0.01078506,0.00211506,0.00903666,True
36,3,27,O1,0.12218606,0.05610338,0.13239641,0.5,0.5,"[0, 8]",1.0,True,0.01078506,0.00211506,0.00903666,True
36,3,28,O2,0.14373648,-0.02330907,0.14642672,0.5,0.5,"[0, 8]",1.0,True,0.01078506,0.00211506,0.00903666,True
36,4,0,Fp1,0.10987084,-0.09496329,0.12195643,0.5,0.5,"[0, 8]",1.0,True,0.01365992,0.00224016,0.01144546,True
36,4,1,Fp2,0.07765999,0.0621256,0.0956075,0.5,0.5,"[0, 8]",1.0,True,0.01365992,0.00224016,0.01144546,True
36,4,2,Fz,0.1038651,-0.09786808,0.11716855,0.5,0.5,"[0, 8]",1.0,True,0.01365992,0.00224016,0.01144546,True
36,4,3,F3,0.08868887,0.02854849,0.09539876,0.5,0.5,"[0, 8]",1.0,True,0.01365992,0.00224016,0.01144546,True
36,4,4,F4,0.09678792,0.01173057,0.10739256,0.5,0.5,"[0, 8]",1.0,True,0.01365992,0.00224016,0.01144546,True
36,4,5,F7,0.0839215,0.08249638,0.09805686,0.5,0.5,"[0, 8]",1.0,True,0.01365992,0.00224016,0.01144546,True
36,4,6,F8,0.07803209,-0.0305074,0.07886557,0.5,0.5,"[0, 8]",1.0,True,0.01365992,0.00224016,0.01144546,True
36,4,7,FCz,0.09824276,0.09824276,0.11416832,0.5,0.5,"[0, 8]",1.0,True,0.01365992,0.00224016,0.01144546,True
36,4,8,FC3,0.03138765,0.0066209,0.03773798,0.5,0.5,"[0, 8]",1.0,True,0.01365992,0.00224016,0.01144546,True
36,4,9,FC4,0.05902547,-0.05902547,0.07722578,0.5,0.5,"[0, 8]",1.0,True,0.01365992,0.00224016,0.01144546,True
36,4,10,FT7,0.08988013,-0.05827365,0.10408624,0.5,0.5,"[0, 8]",1.0,True,0.01365992,0.00224016,0.01144546,True
36,4,11,FT8,0.08012357,-0.00482957,0.09700518,0.5,0.5,"[0, 8]",1.0,True,0.01365992,0.00224016,0.01144546,True
36,4,12,Cz,0.07664314,0.07433107,0.09163298,0.5,0.5,"[0, 8]",1.0,True,0.01365992,0.00224016,0.01144546,True
36,4,13,C3,0.11571443,0.07316584,0.11794488,0.5,0.5,"[0, 8]",1.0,True,0.01365992,0.00224016,0.01144546,True
36,4,14,C4,0.08585989,-0.07623497,0.0965782,0.5,0.5,"[0, 8]",1.0,True,0.01365992,0.00224016,0.01144546,True
36,4,15,T3,0.12723593,0.12723593,0.13231364,0.5,0.5,"[0, 8]",1.0,True,0.01365992,0.00224016,0.01144546,True
36,4,16,T4,0.12260693,0.01222252,0.13482927,0.5,0.5,"[0, 8]",1.0,True,0.01365992,0.00224016,0.01144546,True
36,4,17,CP3,0.12099318,0.03383388,0.13969436,0.5,0.5,"[0, 8]",1.0,True,0.01365992,0.00224016,0.01144546,True
36,4,18,CP4,0.1101553,0.03332156,0.12686509,0.5,0.5,"[0, 8]",1.0,True,0.01365992,0.00224016,0.01144546,True
36,4,19,TP7,0.08380738,-0.01920911,0.09357092,0.5,0.5,"[0, 8]",1.0,True,0.01365992,0.00224016,0.01144546,True
36,4,20,TP8,0.08897935,-0.0605038,0.10878501,0.5,0.5,"[0, 8]",1.0,True,0.01365992,0.00224016,0.01144546,True
36,4,21,Pz,0.15357357,0.00622309,0.15374362,0.5,0.5,"[0, 8]",1.0,True,0.01365992,0.00224016,0.01144546,True
36,4,22,P3,0.10835874,0.10835874,0.11728864,0.5,0.5,"[0, 8]",1.0,True,0.01365992,0.00224016,0.01144546,True
36,4,23,P4,0.10487039,-0.09332928,0.11710145,0.5,0.5,"[0, 8]",1.0,True,0.01365992,0.00224016,0.01144546,True
36,4,24,T5,0.10516786,0.0742891,0.1149381,0.5,0.5,"[0, 8]",1.0,True,0.01365992,0.00224016,0.01144546,True
36,4,25,T6,0.08081092,-0.0620615,0.09228618,0.5,0.5,"[0, 8]",1.0,True,0.01365992,0.00224016,0.01144546,True
36,4,26,Oz,0.07754941,0.04294182,0.0800177,0.5,0.5,"[0, 8]",1.0,True,0.01365992,0.00224016,0.01144546,True
36,4,27,O1,0.12272488,0.05634064,0.13292401,0.5,0.5,"[0, 8]",1.0,True,0.01365992,0.00224016,0.01144546,True
36,4,28,O2,0.14307511,-0.02308674,0.14575173,0.5,0.5,"[0, 8]",1.0,True,0.01365992,0.00224016,0.01144546,True
36,5,0,Fp1,0.11086302,-0.09609871,0.12327789,0.5,0.5,"[0, 8]",1.0,True,0.01387728,0.00221821,0.01162758,True
36,5,1,Fp2,0.07682991,0.06112244,0.09441667,0.5,0.5,"[0, 8]",1.0,True,0.01387728,0.00221821,0.01162758,True
36,5,2,Fz,0.1039912,-0.09919745,0.11801878,0.5,0.5,"[0, 8]",1.0,True,0.01387728,0.00221821,0.01162758,True
36,5,3,F3,0.08843505,0.02768531,0.09535675,0.5,0.5,"[0, 8]",1.0,True,0.01387728,0.00221821,0.01162758,True
36,5,4,F4,0.0977674,0.01166037,0.10851818,0.5,0.5,"[0, 8]",1.0,True,0.01387728,0.00221821,0.01162758,True
36,5,5,F7,0.08329295,0.08155107,0.09735858,0.5,0.5,"[0, 8]",1.0,True,0.01387728,0.00221821,0.01162758,True
36,5,6,F8,0.07747054,-0.02996559,0.07834897,0.5,0.5,"[0, 8]",1.0,True,0.01387728,0.00221821,0.01162758,True
36,5,7,FCz,0.09810241,0.09810241,0.11412742,0.5,0.5,"[0, 8]",1.0,True,0.01387728,0.00221821,0.01162758,True
36,5,8,FC3,0.0314078,0.00601093,0.03786181,0.5,0.5,"[0, 8]",1.0,True,0.01387728,0.00221821,0.01162758,True
36,5,9,FC4,0.05897565,-0.05897565,0.07736371,0.5,0.5,"[0, 8]",1.0,True,0.01387728,0.00221821,0.01162758,True
36,5,10,FT7,0.09044415,-0.05914296,0.1043133,0.5,0.5,"[0, 8]",1.0,True,0.01387728,0.00221821,0.01162758,True
36,5,11,FT8,0.08027803,-0.00432074,0.09707598,0.5,0.5,"[0, 8]",1.0,True,0.01387728,0.00221821,0.01162758,True
36,5,12,Cz,0.0760534,0.07528722,0.09163077,0.5,0.5,"[0, 8]",1.0,True,0.01387728,0.00221821,0.01162758,True
36,5,13,C3,0.11599199,0.07278414,0.11812162,0.5,0.5,"[0, 8]",1.0,True,0.01387728,0.00221821,0.01162758,True
36,5,14,C4,0.08555398,-0.07511495,0.09596272,0.5,0.5,"[0, 8]",1.0,True,0.01387728,0.00221821,0.01162758,True
36,5,15,T3,0.12725852,0.12725852,0.13233508,0.5,0.5,"[0, 8]",1.0,True,0.01387728,0.00221821,0.01162758,True
36,5,16,T4,0.12256306,0.01288024,0.13475928,0.5,0.5,"[0, 8]",1.0,True,0.01387728,0.00221821,0.01162758,True
36,5,17,CP3,0.12118466,0.03321065,0.13989851,0.5,0.5,"[0, 8]",1.0,True,0.01387728,0.00221821,0.01162758,True
36,5,18,CP4,0.10969783,0.03400448,0.12619698,0.5,0.5,"[0, 8]",1.0,True,0.01387728,0.00221821,0.01162758,True
36,5,19,TP7,0.0834612,-0.01887909,0.09319554,0.5,0.5,"[0, 8]",1.0,True,0.01387728,0.00221821,0.01162758,True
36,5,20,TP8,0.08842131,-0.05950768,0.10776249,0.5,0.5,"[0, 8]",1.0,True,0.01387728,0.00221821,0.01162758,True
36,5,21,Pz,0.15366852,0.00733848,0.15387762,0.5,0.5,"[0, 8]",1.0,True,0.01387728,0.00221821,0.01162758,True
36,5,22,P3,0.10875037,0.10875037,0.11780031,0.5,0.5,"[0, 8]",1.0,True,0.01387728,0.00221821,0.01162758,True
36,5,23,P4,0.10463072,-0.09243067,0.11657496,0.5,0.5,"[0, 8]",1.0,True,0.01387728,0.00221821,0.01162758,True
36,5,24,T5,0.10480762,0.07392738,0.11472157,0.5,0.5,"[0, 8]",1.0,True,0.01387728,0.00221821,0.01162758,True
36,5,25,T6,0.08084255,-0.06177454,0.09229592,0.5,0.5,"[0, 8]",1.0,True,0.01387728,0.00221821,0.01162758,True
36,5,26,Oz,0.07758529,0.0428356,0.07990728,0.5,0.5,"[0, 8]",1.0,True,0.01387728,0.00221821,0.01162758,True
36,5,27,O1,0.12355597,0.05679139,0.13372938,0.5,0.5,"[0, 8]",1.0,True,0.01387728,0.00221821,0.01162758,True
36,5,28,O2,0.14333723,-0.02282146,0.14601925,0.5,0.5,"[0, 8]",1.0,True,0.01387728,0.00221821,0.01162758,True
37,1,0,Fp1,0.12992692,-0.1257139,0.15147446,0.375,0.375,"[1, 7]",0.875,False,0.37492936,0.07592735,0.31414821,True
37,1,1,Fp2,0.06179677,0.00939463,0.07454006,0.375,0.375,"[1, 7]",0.875,False,0.37492936,0.07592735,0.31414821,True
37,1,2,Fz,0.1200574,-0.11377888,0.13725926,0.375,0.375,"[1, 7]",0.875,False,0.37492936,0.07592735,0.31414821,True
37,1,3,F3,0.08951402,0.01756302,0.09821646,0.375,0.375,"[1, 7]",0.875,False,0.37492936,0.07592735,0.31414821,True
37,1,4,F4,0.08102177,-0.03469808,0.11445055,0.375,0.375,"[1, 7]",0.875,False,0.37492936,0.07592735,0.31414821,True
37,1,5,F7,0.08759725,0.08465124,0.10652876,0.375,0.375,"[1, 7]",0.875,False,0.37492936,0.07592735,0.31414821,True
37,1,6,F8,0.09621916,-0.0794382,0.10326682,0.375,0.375,"[1, 7]",0.875,False,0.37492936,0.07592735,0.31414821,True
37,1,7,FCz,0.10468511,0.0995415,0.12004036,0.375,0.375,"[1, 7]",0.875,False,0.37492936,0.07592735,0.31414821,True
37,1,8,FC3,0.04659799,0.03821256,0.06235573,0.375,0.375,"[1, 7]",0.875,False,0.37492936,0.07592735,0.31414821,True
37,1,9,FC4,0.05088963,-0.0476518,0.06966756,0.375,0.375,"[1, 7]",0.875,False,0.37492936,0.07592735,0.31414821,True
37,1,10,FT7,0.06353405,0.00660838,0.08344986,0.375,0.375,"[1, 7]",0.875,False,0.37492936,0.07592735,0.31414821,True
37,1,11,FT8,0.08294582,0.01221067,0.101853,0.375,0.375,"[1, 7]",0.875,False,0.37492936,0.07592735,0.31414821,True
37,1,12,Cz,0.09492583,0.09492583,0.11193306,0.375,0.375,"[1, 7]",0.875,False,0.37492936,0.07592735,0.31414821,True
37,1,13,C3,0.11137001,0.09077416,0.12633841,0.375,0.375,"[1, 7]",0.875,False,0.37492936,0.07592735,0.31414821,True
37,1,14,C4,0.06432238,-0.03475017,0.06531719,0.375,0.375,"[1, 7]",0.875,False,0.37492936,0.07592735,0.31414821,True
37,1,15,T3,0.18035489,0.18035489,0.18203025,0.375,0.375,"[1, 7]",0.875,False,0.37492936,0.07592735,0.31414821,True
37,1,16,T4,0.10266949,0.03813441,0.11658755,0.375,0.375,"[1, 7]",0.875,False,0.37492936,0.07592735,0.31414821,True
37,1,17,CP3,0.11285772,0.01840203,0.13680688,0.375,0.375,"[1, 7]",0.875,False,0.37492936,0.07592735,0.31414821,True
37,1,18,CP4,0.13149223,0.07868998,0.14277989,0.375,0.375,"[1, 7]",0.875,False,0.37492936,0.07592735,0.31414821,True
37,1,19,TP7,0.0767794,0.00979759,0.09062308,0.375,0.375,"[1, 7]",0.875,False,0.37492936,0.07592735,0.31414821,True
37,1,20,TP8,0.07693238,-0.02210787,0.08412662,0.375,0.375,"[1, 7]",0.875,False,0.37492936,0.07592735,0.31414821,True
37,1,21,Pz,0.15498465,0.01046328,0.15543936,0.375,0.375,"[1, 7]",0.875,False,0.37492936,0.07592735,0.31414821,True
37,1,22,P3,0.08967999,0.08967999,0.09913432,0.375,0.375,"[1, 7]",0.875,False,0.37492936,0.07592735,0.31414821,True
37,1,23,P4,0.08117491,-0.05611866,0.08540422,0.375,0.375,"[1, 7]",0.875,False,0.37492936,0.07592735,0.31414821,True
37,1,24,T5,0.09970552,0.06059616,0.11059271,0.375,0.375,"[1, 7]",0.875,False,0.37492936,0.07592735,0.31414821,True
37,1,25,T6,0.06471895,-0.03094118,0.06834885,0.375,0.375,"[1, 7]",0.875,False,0.37492936,0.07592735,0.31414821,True
37,1,26,Oz,0.07652765,0.05113454,0.08403037,0.375,0.375,"[1, 7]",0.875,False,0.37492936,0.07592735,0.31414821,True
37,1,27,O1,0.11291879,0.04543521,0.1239882,0.375,0.375,"[1, 7]",0.875,False,0.37492936,0.07592735,0.31414821,True
37,1,28,O2,0.1392141,0.00370214,0.13968089,0.375,0.375,"[1, 7]",0.875,False,0.37492936,0.07592735,0.31414821,True
37,2,0,Fp1,0.06783184,-0.05281049,0.08050188,0.5,0.5,"[4, 4]",0.5,False,1.03915366,0.2912605,0.87069272,True
37,2,1,Fp2,0.06448792,-0.00038701,0.07074717,0.5,0.5,"[4, 4]",0.5,False,1.03915366,0.2912605,0.87069272,True
37,2,2,Fz,0.10353042,-0.06249703,0.11603148,0.5,0.5,"[4, 4]",0.5,False,1.03915366,0.2912605,0.87069272,True
37,2,3,F3,0.11967933,0.11160681,0.14122064,0.5,0.5,"[4, 4]",0.5,False,1.03915366,0.2912605,0.87069272,True
37,2,4,F4,0.15612352,-0.09327825,0.19096141,0.5,0.5,"[4, 4]",0.5,False,1.03915366,0.2912605,0.87069272,True
37,2,5,F7,0.09412594,0.08089375,0.10460742,0.5,0.5,"[4, 4]",0.5,False,1.03915366,0.2912605,0.87069272,True
37,2,6,F8,0.15945977,-0.15805888,0.19105074,0.5,0.5,"[4, 4]",0.5,False,1.03915366,0.2912605,0.87069272,True
37,2,7,FCz,0.18697901,0.18697901,0.2042172,0.5,0.5,"[4, 4]",0.5,False,1.03915366,0.2912605,0.87069272,True
37,2,8,FC3,0.04406994,0.04406994,0.0622846,0.5,0.5,"[4, 4]",0.5,False,1.03915366,0.2912605,0.87069272,True
37,2,9,FC4,0.13287392,-0.13287392,0.15504463,0.5,0.5,"[4, 4]",0.5,False,1.03915366,0.2912605,0.87069272,True
37,2,10,FT7,0.11878691,0.11878691,0.13856716,0.5,0.5,"[4, 4]",0.5,False,1.03915366,0.2912605,0.87069272,True
37,2,11,FT8,0.07090482,-0.03955801,0.10491484,0.5,0.5,"[4, 4]",0.5,False,1.03915366,0.2912605,0.87069272,True
37,2,12,Cz,0.06912898,0.06912898,0.08649096,0.5,0.5,"[4, 4]",0.5,False,1.03915366,0.2912605,0.87069272,True
37,2,13,C3,0.09060583,-0.09029168,0.11793213,0.5,0.5,"[4, 4]",0.5,False,1.03915366,0.2912605,0.87069272,True
37,2,14,C4,0.08933011,0.00801096,0.11848166,0.5,0.5,"[4, 4]",0.5,False,1.03915366,0.2912605,0.87069272,True
37,2,15,T3,0.09894506,0.08121445,0.10944581,0.5,0.5,"[4, 4]",0.5,False,1.03915366,0.2912605,0.87069272,True
37,2,16,T4,0.10081703,0.00155994,0.10734528,0.5,0.5,"[4, 4]",0.5,False,1.03915366,0.2912605,0.87069272,True
37,2,17,CP3,0.05884631,-0.05098771,0.10692167,0.5,0.5,"[4, 4]",0.5,False,1.03915366,0.2912605,0.87069272,True
37,2,18,CP4,0.13495259,0.13495259,0.15737122,0.5,0.5,"[4, 4]",0.5,False,1.03915366,0.2912605,0.87069272,True
37,2,19,TP7,0.07751287,-0.06543561,0.09662668,0.5,0.5,"[4, 4]",0.5,False,1.03915366,0.2912605,0.87069272,True
37,2,20,TP8,0.07554538,0.0091641,0.08402586,0.5,0.5,"[4, 4]",0.5,False,1.03915366,0.2912605,0.87069272,True
37,2,21,Pz,0.12373675,0.04569944,0.13213983,0.5,0.5,"[4, 4]",0.5,False,1.03915366,0.2912605,0.87069272,True
37,2,22,P3,0.04930859,0.01900813,0.05458477,0.5,0.5,"[4, 4]",0.5,False,1.03915366,0.2912605,0.87069272,True
37,2,23,P4,0.07306548,0.03279449,0.08053648,0.5,0.5,"[4, 4]",0.5,False,1.03915366,0.2912605,0.87069272,True
37,2,24,T5,0.08136889,0.02941526,0.09612922,0.5,0.5,"[4, 4]",0.5,False,1.03915366,0.2912605,0.87069272,True
37,2,25,T6,0.04829803,-0.01728274,0.05072154,0.5,0.5,"[4, 4]",0.5,False,1.03915366,0.2912605,0.87069272,True
37,2,26,Oz,0.06613024,0.01711887,0.07468503,0.5,0.5,"[4, 4]",0.5,False,1.03915366,0.2912605,0.87069272,True
37,2,27,O1,0.12338749,-0.0688547,0.13118152,0.5,0.5,"[4, 4]",0.5,False,1.03915366,0.2912605,0.87069272,True
37,2,28,O2,0.15917276,0.03824769,0.16826734,0.5,0.5,"[4, 4]",0.5,False,1.03915366,0.2912605,0.87069272,True
37,3,0,Fp1,0.03802818,-0.00627717,0.04717126,0.75,0.75,"[4, 4]",0.5,False,1.34087333,0.33147459,1.12349954,True
37,3,1,Fp2,0.07971393,0.00576304,0.09132421,0.75,0.75,"[4, 4]",0.5,False,1.34087333,0.33147459,1.12349954,True
37,3,2,Fz,0.16875331,-0.16875331,0.2020016,0.75,0.75,"[4, 4]",0.5,False,1.34087333,0.33147459,1.12349954,True
37,3,3,F3,0.02418683,0.02418683,0.02810307,0.75,0.75,"[4, 4]",0.5,False,1.34087333,0.33147459,1.12349954,True
37,3,4,F4,0.11330035,-0.00157349,0.14105415,0.75,0.75,"[4, 4]",0.5,False,1.34087333,0.33147459,1.12349954,True
37,3,5,F7,0.04598645,0.03794289,0.0707123,0.75,0.75,"[4, 4]",0.5,False,1.34087333,0.33147459,1.12349954,True
37,3,6,F8,0.09056774,-0.09056774,0.09550085,0.75,0.75,"[4, 4]",0.5,False,1.34087333,0.33147459,1.12349954,True
37,3,7,FCz,0.16386214,0.13368914,0.17741336,0.75,0.75,"[4, 4]",0.5,False,1.34087333,0.33147459,1.12349954,True
37,3,8,FC3,0.09897697,-0.09897697,0.12829971,0.75,0.75,"[4, 4]",0.5,False,1.34087333,0.33147459,1.12349954,True
37,3,9,FC4,0.05653475,-0.02974264,0.08389119,0.75,0.75,"[4, 4]",0.5,False,1.34087333,0.33147459,1.12349954,True
37,3,10,FT7,0.05386885,0.05386885,0.05419896,0.75,0.75,"[4, 4]",0.5,False,1.34087333,0.33147459,1.12349954,True
37,3,11,FT8,0.06711537,0.03559656,0.0762605,0.75,0.75,"[4, 4]",0.5,False,1.34087333,0.33147459,1.12349954,True
37,3,12,Cz,0.03894257,-0.01326943,0.04276904,0.75,0.75,"[4, 4]",0.5,False,1.34087333,0.33147459,1.12349954,True
37,3,13,C3,0.11975797,0.1190782,0.16284765,0.75,0.75,"[4, 4]",0.5,False,1.34087333,0.33147459,1.12349954,True
37,3,14,C4,0.09261234,0.00378864,0.11790345,0.75,0.75,"[4, 4]",0.5,False,1.34087333,0.33147459,1.12349954,True
37,3,15,T3,0.10036448,0.01805124,0.10765039,0.75,0.75,"[4, 4]",0.5,False,1.34087333,0.33147459,1.12349954,True
37,3,16,T4,0.05953615,0.0579008,0.09241777,0.75,0.75,"[4, 4]",0.5,False,1.34087333,0.33147459,1.12349954,True
37,3,17,CP3,0.09904982,0.01529631,0.10918801,0.75,0.75,"[4, 4]",0.5,False,1.34087333,0.33147459,1.12349954,True
37,3,18,CP4,0.12631045,0.12631045,0.14436425,0.75,0.75,"[4, 4]",0.5,False,1.34087333,0.33147459,1.12349954,True
37,3,19,TP7,0.16887334,0.14229235,0.1903775,0.75,0.75,"[4, 4]",0.5,False,1.34087333,0.33147459,1.12349954,True
37,3,20,TP8,0.1363408,-0.1363408,0.14731325,0.75,0.75,"[4, 4]",0.5,False,1.34087333,0.33147459,1.12349954,True
37,3,21,Pz,0.08626858,-0.08626858,0.09674586,0.75,0.75,"[4, 4]",0.5,False,1.34087333,0.33147459,1.12349954,True
37,3,22,P3,0.14025791,-0.11376678,0.15129791,0.75,0.75,"[4, 4]",0.5,False,1.34087333,0.33147459,1.12349954,True
37,3,23,P4,0.07332239,0.04895195,0.07746477,0.75,0.75,"[4, 4]",0.5,False,1.34087333,0.33147459,1.12349954,True
37,3,24,T5,0.19714344,-0.06132256,0.20292193,0.75,0.75,"[4, 4]",0.5,False,1.34087333,0.33147459,1.12349954,True
37,3,25,T6,0.03209478,-0.01402811,0.04001949,0.75,0.75,"[4, 4]",0.5,False,1.34087333,0.33147459,1.12349954,True
37,3,26,Oz,0.03726418,0.01449375,0.05208153,0.75,0.75,"[4, 4]",0.5,False,1.34087333,0.33147459,1.12349954,True
37,3,27,O1,0.06660241,-0.01358754,0.08203084,0.75,0.75,"[4, 4]",0.5,False,1.34087333,0.33147459,1.12349954,True
37,3,28,O2,0.20414193,0.08157997,0.2321112,0.75,0.75,"[4, 4]",0.5,False,1.34087333,0.33147459,1.12349954,True
37,4,0,Fp1,0.14220844,-0.10221715,0.14928822,0.625,0.625,"[3, 5]",0.625,False,1.19564429,0.33113682,1.0018141,True
37,4,1,Fp2,0.05216069,-0.0508623,0.0675946,0.625,0.625,"[3, 5]",0.625,False,1.19564429,0.33113682,1.0018141,True
37,4,2,Fz,0.12663002,-0.12028071,0.18088897,0.625,0.625,"[3, 5]",0.625,False,1.19564429,0.33113682,1.0018141,True
37,4,3,F3,0.16463909,0.16463909,0.16800198,0.625,0.625,"[3, 5]",0.625,False,1.19564429,0.33113682,1.0018141,True
37,4,4,F4,0.08956687,0.06736682,0.1004163,0.625,0.625,"[3, 5]",0.625,False,1.19564429,0.33113682,1.0018141,True
37,4,5,F7,0.06229276,0.06229276,0.09988557,0.625,0.625,"[3, 5]",0.625,False,1.19564429,0.33113682,1.0018141,True
37,4,6,F8,0.06674683,-0.02173568,0.08379551,0.625,0.625,"[3, 5]",0.625,False,1.19564429,0.33113682,1.0018141,True
37,4,7,FCz,0.11335514,-0.0334346,0.12554167,0.625,0.625,"[3, 5]",0.625,False,1.19564429,0.33113682,1.0018141,True
37,4,8,FC3,0.04873032,0.04795894,0.06777955,0.625,0.625,"[3, 5]",0.625,False,1.19564429,0.33113682,1.0018141,True
37,4,9,FC4,0.07291955,-0.07291955,0.08421806,0.625,0.625,"[3, 5]",0.625,False,1.19564429,0.33113682,1.0018141,True
37,4,10,FT7,0.02708809,0.02708809,0.03417626,0.625,0.625,"[3, 5]",0.625,False,1.19564429,0.33113682,1.0018141,True
37,4,11,FT8,0.03351631,-0.0298853,0.04432817,0.625,0.625,"[3, 5]",0.625,False,1.19564429,0.33113682,1.0018141,True
37,4,12,Cz,0.06060432,0.01459079,0.06801513,0.625,0.625,"[3, 5]",0.625,False,1.19564429,0.33113682,1.0018141,True
37,4,13,C3,0.13055998,0.08342874,0.19382353,0.625,0.625,"[3, 5]",0.625,False,1.19564429,0.33113682,1.0018141,True
37,4,14,C4,0.02620578,0.02620578,0.03223953,0.625,0.625,"[3, 5]",0.625,False,1.19564429,0.33113682,1.0018141,True
37,4,15,T3,0.0998008,0.0998008,0.1058999,0.625,0.625,"[3, 5]",0.625,False,1.19564429,0.33113682,1.0018141,True
37,4,16,T4,0.05440685,0.03544832,0.07289557,0.625,0.625,"[3, 5]",0.625,False,1.19564429,0.33113682,1.0018141,True
37,4,17,CP3,0.08665561,0.08665561,0.09315833,0.625,0.625,"[3, 5]",0.625,False,1.19564429,0.33113682,1.0018141,True
37,4,18,CP4,0.25147331,0.25147331,0.26143348,0.625,0.625,"[3, 5]",0.625,False,1.19564429,0.33113682,1.0018141,True
37,4,19,TP7,0.04208896,-0.0080296,0.04886754,0.625,0.625,"[3, 5]",0.625,False,1.19564429,0.33113682,1.0018141,True
37,4,20,TP8,0.07483315,-0.06841022,0.11058436,0.625,0.625,"[3, 5]",0.625,False,1.19564429,0.33113682,1.0018141,True
37,4,21,Pz,0.07180826,0.00031389,0.08457205,0.625,0.625,"[3, 5]",0.625,False,1.19564429,0.33113682,1.0018141,True
37,4,22,P3,0.06500921,-0.00781088,0.07315794,0.625,0.625,"[3, 5]",0.625,False,1.19564429,0.33113682,1.0018141,True
37,4,23,P4,0.08586933,-0.03153727,0.08818312,0.625,0.625,"[3, 5]",0.625,False,1.19564429,0.33113682,1.0018141,True
37,4,24,T5,0.06226758,0.01015891,0.06859138,0.625,0.625,"[3, 5]",0.625,False,1.19564429,0.33113682,1.0018141,True
37,4,25,T6,0.04532261,-0.01782035,0.06257328,0.625,0.625,"[3, 5]",0.625,False,1.19564429,0.33113682,1.0018141,True
37,4,26,Oz,0.095948,-0.04631932,0.10721007,0.625,0.625,"[3, 5]",0.625,False,1.19564429,0.33113682,1.0018141,True
37,4,27,O1,0.11792701,0.04655654,0.1401027,0.625,0.625,"[3, 5]",0.625,False,1.19564429,0.33113682,1.0018141,True
37,4,28,O2,0.14910965,0.14910965,0.17499092,0.625,0.625,"[3, 5]",0.625,False,1.19564429,0.33113682,1.0018141,True
37,5,0,Fp1,0.10280383,-0.08126479,0.11127473,0.75,0.75,"[2, 6]",0.75,False,0.60789743,0.15575694,0.50934899,True
37,5,1,Fp2,0.08947514,0.02353121,0.10091343,0.75,0.75,"[2, 6]",0.75,False,0.60789743,0.15575694,0.50934899,True
37,5,2,Fz,0.13211308,-0.10837822,0.14328989,0.75,0.75,"[2, 6]",0.75,False,0.60789743,0.15575694,0.50934899,True
37,5,3,F3,0.07134363,0.0220587,0.0845895,0.75,0.75,"[2, 6]",0.75,False,0.60789743,0.15575694,0.50934899,True
37,5,4,F4,0.10303561,-0.04315703,0.11940176,0.75,0.75,"[2, 6]",0.75,False,0.60789743,0.15575694,0.50934899,True
37,5,5,F7,0.11546807,0.11546807,0.12772571,0.75,0.75,"[2, 6]",0.75,False,0.60789743,0.15575694,0.50934899,True
37,5,6,F8,0.12321131,-0.12321131,0.14299685,0.75,0.75,"[2, 6]",0.75,False,0.60789743,0.15575694,0.50934899,True
37,5,7,FCz,0.13166656,0.09753056,0.14045846,0.75,0.75,"[2, 6]",0.75,False,0.60789743,0.15575694,0.50934899,True
37,5,8,FC3,0.05996983,0.00614801,0.07942363,0.75,0.75,"[2, 6]",0.75,False,0.60789743,0.15575694,0.50934899,True
37,5,9,FC4,0.06861611,-0.05781185,0.08967809,0.75,0.75,"[2, 6]",0.75,False,0.60789743,0.15575694,0.50934899,True
37,5,10,FT7,0.07708279,0.05579061,0.08861677,0.75,0.75,"[2, 6]",0.75,False,0.60789743,0.15575694,0.50934899,True
37,5,11,FT8,0.07853433,-0.0248497,0.09727827,0.75,0.75,"[2, 6]",0.75,False,0.60789743,0.15575694,0.50934899,True
37,5,12,Cz,0.12151298,0.12151298,0.14009333,0.75,0.75,"[2, 6]",0.75,False,0.60789743,0.15575694,0.50934899,True
37,5,13,C3,0.10474014,0.04209898,0.11485907,0.75,0.75,"[2, 6]",0.75,False,0.60789743,0.15575694,0.50934899,True
37,5,14,C4,0.05887355,-0.01213089,0.06249172,0.75,0.75,"[2, 6]",0.75,False,0.60789743,0.15575694,0.50934899,True
37,5,15,T3,0.13698702,0.13698702,0.14699161,0.75,0.75,"[2, 6]",0.75,False,0.60789743,0.15575694,0.50934899,True
37,5,16,T4,0.11138922,0.0245222,0.11800794,0.75,0.75,"[2, 6]",0.75,False,0.60789743,0.15575694,0.50934899,True
37,5,17,CP3,0.12749326,-0.0494214,0.15260811,0.75,0.75,"[2, 6]",0.75,False,0.60789743,0.15575694,0.50934899,True
37,5,18,CP4,0.12225593,0.09928901,0.14295378,0.75,0.75,"[2, 6]",0.75,False,0.60789743,0.15575694,0.50934899,True
37,5,19,TP7,0.07385772,-0.04650808,0.08977284,0.75,0.75,"[2, 6]",0.75,False,0.60789743,0.15575694,0.50934899,True
37,5,20,TP8,0.06463245,-0.03333124,0.09147381,0.75,0.75,"[2, 6]",0.75,False,0.60789743,0.15575694,0.50934899,True
37,5,21,Pz,0.1546126,0.03447247,0.15914731,0.75,0.75,"[2, 6]",0.75,False,0.60789743,0.15575694,0.50934899,True
37,5,22,P3,0.08573116,0.0725103,0.09654757,0.75,0.75,"[2, 6]",0.75,False,0.60789743,0.15575694,0.50934899,True
37,5,23,P4,0.07560881,-0.04337317,0.08121992,0.75,0.75,"[2, 6]",0.75,False,0.60789743,0.15575694,0.50934899,True
37,5,24,T5,0.06092658,0.02421875,0.077264,0.75,0.75,"[2, 6]",0.75,False,0.60789743,0.15575694,0.50934899,True
37,5,25,T6,0.09000397,-0.04136317,0.09264336,0.75,0.75,"[2, 6]",0.75,False,0.60789743,0.15575694,0.50934899,True
37,5,26,Oz,0.0527775,0.02769053,0.06099564,0.75,0.75,"[2, 6]",0.75,False,0.60789743,0.15575694,0.50934899,True
37,5,27,O1,0.09814839,0.0240577,0.11787153,0.75,0.75,"[2, 6]",0.75,False,0.60789743,0.15575694,0.50934899,True
37,5,28,O2,0.15706624,-0.00168669,0.16130579,0.75,0.75,"[2, 6]",0.75,False,0.60789743,0.15575694,0.50934899,True
38,1,0,Fp1,0.10588516,-0.10505959,0.1297254,0.5,0.5,"[6, 2]",0.75,False,0.65677529,0.14272029,0.55030309,True
38,1,1,Fp2,0.0789305,0.03758343,0.11791884,0.5,0.5,"[6, 2]",0.75,False,0.65677529,0.14272029,0.55030309,True
38,1,2,Fz,0.11009402,-0.0816304,0.13618177,0.5,0.5,"[6, 2]",0.75,False,0.65677529,0.14272029,0.55030309,True
38,1,3,F3,0.10503244,0.02167652,0.11483718,0.5,0.5,"[6, 2]",0.75,False,0.65677529,0.14272029,0.55030309,True
38,1,4,F4,0.09044814,0.05698188,0.09175996,0.5,0.5,"[6, 2]",0.75,False,0.65677529,0.14272029,0.55030309,True
38,1,5,F7,0.09771401,0.09771401,0.11086542,0.5,0.5,"[6, 2]",0.75,False,0.65677529,0.14272029,0.55030309,True
38,1,6,F8,0.07188578,-0.03462177,0.079878,0.5,0.5,"[6, 2]",0.75,False,0.65677529,0.14272029,0.55030309,True
38,1,7,FCz,0.12178114,0.12178114,0.13487886,0.5,0.5,"[6, 2]",0.75,False,0.65677529,0.14272029,0.55030309,True
38,1,8,FC3,0.02327966,0.00766963,0.02542236,0.5,0.5,"[6, 2]",0.75,False,0.65677529,0.14272029,0.55030309,True
38,1,9,FC4,0.11797206,-0.02122306,0.12048081,0.5,0.5,"[6, 2]",0.75,False,0.65677529,0.14272029,0.55030309,True
38,1,10,FT7,0.06215343,-0.06215343,0.06764154,0.5,0.5,"[6, 2]",0.75,False,0.65677529,0.14272029,0.55030309,True
38,1,11,FT8,0.13197716,2.857e-05,0.14167561,0.5,0.5,"[6, 2]",0.75,False,0.65677529,0.14272029,0.55030309,True
38,1,12,Cz,0.07487281,0.07487281,0.07591225,0.5,0.5,"[6, 2]",0.75,False,0.65677529,0.14272029,0.55030309,True
38,1,13,C3,0.09020191,0.01581491,0.10092674,0.5,0.5,"[6, 2]",0.75,False,0.65677529,0.14272029,0.55030309,True
38,1,14,C4,0.07781263,0.021554,0.08411153,0.5,0.5,"[6, 2]",0.75,False,0.65677529,0.14272029,0.55030309,True
38,1,15,T3,0.08951685,0.06702006,0.10019534,0.5,0.5,"[6, 2]",0.75,False,0.65677529,0.14272029,0.55030309,True
38,1,16,T4,0.09473531,0.0230105,0.10799209,0.5,0.5,"[6, 2]",0.75,False,0.65677529,0.14272029,0.55030309,True
38,1,17,CP3,0.07594295,-0.01685026,0.09242941,0.5,0.5,"[6, 2]",0.75,False,0.65677529,0.14272029,0.55030309,True
38,1,18,CP4,0.13863082,0.0289023,0.14814217,0.5,0.5,"[6, 2]",0.75,False,0.65677529,0.14272029,0.55030309,True
38,1,19,TP7,0.05829581,-0.03493004,0.06815545,0.5,0.5,"[6, 2]",0.75,False,0.65677529,0.14272029,0.55030309,True
38,1,20,TP8,0.08060394,-0.0513433,0.09811118,0.5,0.5,"[6, 2]",0.75,False,0.65677529,0.14272029,0.55030309,True
38,1,21,Pz,0.11609983,0.02672282,0.12756224,0.5,0.5,"[6, 2]",0.75,False,0.65677529,0.14272029,0.55030309,True
38,1,22,P3,0.12185846,0.12185846,0.13824207,0.5,0.5,"[6, 2]",0.75,False,0.65677529,0.14272029,0.55030309,True
38,1,23,P4,0.09987106,-0.09987106,0.1227448,0.5,0.5,"[6, 2]",0.75,False,0.65677529,0.14272029,0.55030309,True
38,1,24,T5,0.0237796,0.0237796,0.02588436,0.5,0.5,"[6, 2]",0.75,False,0.65677529,0.14272029,0.55030309,True
38,1,25,T6,0.05255068,-0.01267127,0.05678307,0.5,0.5,"[6, 2]",0.75,False,0.65677529,0.14272029,0.55030309,True
38,1,26,Oz,0.0976813,0.06673406,0.11027594,0.5,0.5,"[6, 2]",0.75,False,0.65677529,0.14272029,0.55030309,True
38,1,27,O1,0.11027281,0.06652714,0.11812128,0.5,0.5,"[6, 2]",0.75,False,0.65677529,0.14272029,0.55030309,True
38,1,28,O2,0.10635722,-0.04222627,0.12187748,0.5,0.5,"[6, 2]",0.75,False,0.65677529,0.14272029,0.55030309,True
38,2,0,Fp1,0.10325988,-0.09244113,0.11995706,0.625,0.625,"[5, 3]",0.625,False,0.97652271,0.20308701,0.81821511,True
38,2,1,Fp2,0.06173053,0.03976654,0.07510995,0.625,0.625,"[5, 3]",0.625,False,0.97652271,0.20308701,0.81821511,True
38,2,2,Fz,0.11019129,-0.11019129,0.13848163,0.625,0.625,"[5, 3]",0.625,False,0.97652271,0.20308701,0.81821511,True
38,2,3,F3,0.11846119,0.05283168,0.12093982,0.625,0.625,"[5, 3]",0.625,False,0.97652271,0.20308701,0.81821511,True
38,2,4,F4,0.0725503,0.0725503,0.08192977,0.625,0.625,"[5, 3]",0.625,False,0.97652271,0.20308701,0.81821511,True
38,2,5,F7,0.07244546,0.06545516,0.10034802,0.625,0.625,"[5, 3]",0.625,False,0.97652271,0.20308701,0.81821511,True
38,2,6,F8,0.07882463,-0.02209346,0.09715117,0.625,0.625,"[5, 3]",0.625,False,0.97652271,0.20308701,0.81821511,True
38,2,7,FCz,0.09360148,0.04958303,0.10826082,0.625,0.625,"[5, 3]",0.625,False,0.97652271,0.20308701,0.81821511,True
38,2,8,FC3,0.0870516,0.01558409,0.11235335,0.625,0.625,"[5, 3]",0.625,False,0.97652271,0.20308701,0.81821511,True
38,2,9,FC4,0.13626921,0.00267031,0.15737498,0.625,0.625,"[5, 3]",0.625,False,0.97652271,0.20308701,0.81821511,True
38,2,10,FT7,0.04432043,-0.04432043,0.05305902,0.625,0.625,"[5, 3]",0.625,False,0.97652271,0.20308701,0.81821511,True
38,2,11,FT8,0.10400309,-0.00374606,0.10628115,0.625,0.625,"[5, 3]",0.625,False,0.97652271,0.20308701,0.81821511,True
38,2,12,Cz,0.05804306,0.0070142,0.07347853,0.625,0.625,"[5, 3]",0.625,False,0.97652271,0.20308701,0.81821511,True
38,2,13,C3,0.10317685,-0.0094112,0.10835586,0.625,0.625,"[5, 3]",0.625,False,0.97652271,0.20308701,0.81821511,True
38,2,14,C4,0.1160576,-0.02216073,0.13986535,0.625,0.625,"[5, 3]",0.625,False,0.97652271,0.20308701,0.81821511,True
38,2,15,T3,0.08654208,0.08417585,0.11640145,0.625,0.625,"[5, 3]",0.625,False,0.97652271,0.20308701,0.81821511,True
38,2,16,T4,0.1059714,0.06315909,0.12543187,0.625,0.625,"[5, 3]",0.625,False,0.97652271,0.20308701,0.81821511,True
38,2,17,CP3,0.10828479,-0.03696104,0.15439688,0.625,0.625,"[5, 3]",0.625,False,0.97652271,0.20308701,0.81821511,True
38,2,18,CP4,0.09235569,0.03921886,0.10965201,0.625,0.625,"[5, 3]",0.625,False,0.97652271,0.20308701,0.81821511,True
38,2,19,TP7,0.05661763,-0.05661763,0.08394968,0.625,0.625,"[5, 3]",0.625,False,0.97652271,0.20308701,0.81821511,True
38,2,20,TP8,0.0820153,-0.07347237,0.1017272,0.625,0.625,"[5, 3]",0.625,False,0.97652271,0.20308701,0.81821511,True
38,2,21,Pz,0.13643804,0.05702761,0.15881343,0.625,0.625,"[5, 3]",0.625,False,0.97652271,0.20308701,0.81821511,True
38,2,22,P3,0.13723709,0.13723709,0.14918387,0.625,0.625,"[5, 3]",0.625,False,0.97652271,0.20308701,0.81821511,True
38,2,23,P4,0.0971617,-0.09080081,0.11300124,0.625,0.625,"[5, 3]",0.625,False,0.97652271,0.20308701,0.81821511,True
38,2,24,T5,0.03103512,0.03103512,0.03327112,0.625,0.625,"[5, 3]",0.625,False,0.97652271,0.20308701,0.81821511,True
38,2,25,T6,0.03437719,-0.03437719,0.04705899,0.625,0.625,"[5, 3]",0.625,False,0.97652271,0.20308701,0.81821511,True
38,2,26,Oz,0.11187608,0.06510624,0.13280846,0.625,0.625,"[5, 3]",0.625,False,0.97652271,0.20308701,0.81821511,True
38,2,27,O1,0.06411827,-0.02039047,0.08967461,0.625,0.625,"[5, 3]",0.625,False,0.97652271,0.20308701,0.81821511,True
38,2,28,O2,0.07469022,0.00485463,0.08932902,0.625,0.625,"[5, 3]",0.625,False,0.97652271,0.20308701,0.81821511,True
38,3,0,Fp1,0.05355499,-0.05355499,0.05753962,0.875,0.875,"[5, 3]",0.625,False,0.98191236,0.38782561,0.82273102,True
38,3,1,Fp2,0.05695233,0.05695233,0.0702423,0.875,0.875,"[5, 3]",0.625,False,0.98191236,0.38782561,0.82273102,True
38,3,2,Fz,0.06467973,-0.06467973,0.08917286,0.875,0.875,"[5, 3]",0.625,False,0.98191236,0.38782561,0.82273102,True
38,3,3,F3,0.103118,-0.04901834,0.10995395,0.875,0.875,"[5, 3]",0.625,False,0.98191236,0.38782561,0.82273102,True
38,3,4,F4,0.08075607,0.04537808,0.09134997,0.875,0.875,"[5, 3]",0.625,False,0.98191236,0.38782561,0.82273102,True
38,3,5,F7,0.06408139,0.06408139,0.08246202,0.875,0.875,"[5, 3]",0.625,False,0.98191236,0.38782561,0.82273102,True
38,3,6,F8,0.07394683,0.01613822,0.08580758,0.875,0.875,"[5, 3]",0.625,False,0.98191236,0.38782561,0.82273102,True
38,3,7,FCz,0.12131099,0.12131099,0.12695917,0.875,0.875,"[5, 3]",0.625,False,0.98191236,0.38782561,0.82273102,True
38,3,8,FC3,0.04033314,0.00998296,0.04733498,0.875,0.875,"[5, 3]",0.625,False,0.98191236,0.38782561,0.82273102,True
38,3,9,FC4,0.04850019,-0.01153346,0.05020309,0.875,0.875,"[5, 3]",0.625,False,0.98191236,0.38782561,0.82273102,True
38,3,10,FT7,0.05744044,-0.04380459,0.07296643,0.875,0.875,"[5, 3]",0.625,False,0.98191236,0.38782561,0.82273102,True
38,3,11,FT8,0.12057661,-0.04543744,0.13184938,0.875,0.875,"[5, 3]",0.625,False,0.98191236,0.38782561,0.82273102,True
38,3,12,Cz,0.07550439,0.07550439,0.09345853,0.875,0.875,"[5, 3]",0.625,False,0.98191236,0.38782561,0.82273102,True
38,3,13,C3,0.04377876,-0.0305917,0.06413433,0.875,0.875,"[5, 3]",0.625,False,0.98191236,0.38782561,0.82273102,True
38,3,14,C4,0.138785,-0.0033526,0.1646371,0.875,0.875,"[5, 3]",0.625,False,0.98191236,0.38782561,0.82273102,True
38,3,15,T3,0.09100547,0.08813918,0.11438477,0.875,0.875,"[5, 3]",0.625,False,0.98191236,0.38782561,0.82273102,True
38,3,16,T4,0.09509256,0.05721061,0.1123247,0.875,0.875,"[5, 3]",0.625,False,0.98191236,0.38782561,0.82273102,True
38,3,17,CP3,0.13525459,-0.00729249,0.17520425,0.875,0.875,"[5, 3]",0.625,False,0.98191236,0.38782561,0.82273102,True
38,3,18,CP4,0.07508725,0.03881465,0.07539037,0.875,0.875,"[5, 3]",0.625,False,0.98191236,0.38782561,0.82273102,True
38,3,19,TP7,0.05813851,-0.02658574,0.0646717,0.875,0.875,"[5, 3]",0.625,False,0.98191236,0.38782561,0.82273102,True
38,3,20,TP8,0.08550155,-0.02929284,0.10734335,0.875,0.875,"[5, 3]",0.625,False,0.98191236,0.38782561,0.82273102,True
38,3,21,Pz,0.13419811,-0.00484113,0.13453406,0.875,0.875,"[5, 3]",0.625,False,0.98191236,0.38782561,0.82273102,True
38,3,22,P3,0.11460845,0.11460845,0.12677321,0.875,0.875,"[5, 3]",0.625,False,0.98191236,0.38782561,0.82273102,True
38,3,23,P4,0.20761636,-0.17635685,0.22582649,0.875,0.875,"[5, 3]",0.625,False,0.98191236,0.38782561,0.82273102,True
38,3,24,T5,0.06627019,-0.05031628,0.11731014,0.875,0.875,"[5, 3]",0.625,False,0.98191236,0.38782561,0.82273102,True
38,3,25,T6,0.04853847,-0.04373618,0.06213921,0.875,0.875,"[5, 3]",0.625,False,0.98191236,0.38782561,0.82273102,True
38,3,26,Oz,0.07305183,0.07305183,0.09182918,0.875,0.875,"[5, 3]",0.625,False,0.98191236,0.38782561,0.82273102,True
38,3,27,O1,0.16001578,0.08332665,0.16743609,0.875,0.875,"[5, 3]",0.625,False,0.98191236,0.38782561,0.82273102,True
38,3,28,O2,0.07808761,0.04114343,0.12317997,0.875,0.875,"[5, 3]",0.625,False,0.98191236,0.38782561,0.82273102,True
38,4,0,Fp1,0.12624595,-0.11669466,0.15171903,1.0,1.0,"[4, 4]",0.5,False,0.35288945,0.07055175,0.29568127,True
38,4,1,Fp2,0.07531749,0.04800849,0.08693228,1.0,1.0,"[4, 4]",0.5,False,0.35288945,0.07055175,0.29568127,True
38,4,2,Fz,0.12386508,-0.11342426,0.13891582,1.0,1.0,"[4, 4]",0.5,False,0.35288945,0.07055175,0.29568127,True
38,4,3,F3,0.09379979,0.00948368,0.11032289,1.0,1.0,"[4, 4]",0.5,False,0.35288945,0.07055175,0.29568127,True
38,4,4,F4,0.09281437,0.02942019,0.09551821,1.0,1.0,"[4, 4]",0.5,False,0.35288945,0.07055175,0.29568127,True
38,4,5,F7,0.06855848,0.06430161,0.08412468,1.0,1.0,"[4, 4]",0.5,False,0.35288945,0.07055175,0.29568127,True
38,4,6,F8,0.04231606,-0.01654428,0.04433848,1.0,1.0,"[4, 4]",0.5,False,0.35288945,0.07055175,0.29568127,True
38,4,7,FCz,0.09340367,0.09340367,0.10773411,1.0,1.0,"[4, 4]",0.5,False,0.35288945,0.07055175,0.29568127,True
38,4,8,FC3,0.02841169,0.00164427,0.0339874,1.0,1.0,"[4, 4]",0.5,False,0.35288945,0.07055175,0.29568127,True
38,4,9,FC4,0.07404261,-0.04379646,0.10164207,1.0,1.0,"[4, 4]",0.5,False,0.35288945,0.07055175,0.29568127,True
38,4,10,FT7,0.0634126,-0.06188533,0.0848465,1.0,1.0,"[4, 4]",0.5,False,0.35288945,0.07055175,0.29568127,True
38,4,11,FT8,0.10126849,-0.00123402,0.12258932,1.0,1.0,"[4, 4]",0.5,False,0.35288945,0.07055175,0.29568127,True
38,4,12,Cz,0.07363752,0.07363752,0.07753042,1.0,1.0,"[4, 4]",0.5,False,0.35288945,0.07055175,0.29568127,True
38,4,13,C3,0.08648701,0.03522324,0.08964288,1.0,1.0,"[4, 4]",0.5,False,0.35288945,0.07055175,0.29568127,True
38,4,14,C4,0.0714725,-0.04900473,0.08070676,1.0,1.0,"[4, 4]",0.5,False,0.35288945,0.07055175,0.29568127,True
38,4,15,T3,0.10507875,0.10507875,0.12401724,1.0,1.0,"[4, 4]",0.5,False,0.35288945,0.07055175,0.29568127,True
38,4,16,T4,0.11480641,0.02804375,0.12256259,1.0,1.0,"[4, 4]",0.5,False,0.35288945,0.07055175,0.29568127,True
38,4,17,CP3,0.10475294,0.01385582,0.11926229,1.0,1.0,"[4, 4]",0.5,False,0.35288945,0.07055175,0.29568127,True
38,4,18,CP4,0.12619117,0.0499794,0.13195062,1.0,1.0,"[4, 4]",0.5,False,0.35288945,0.07055175,0.29568127,True
38,4,19,TP7,0.07049912,-0.03482082,0.07875215,1.0,1.0,"[4, 4]",0.5,False,0.35288945,0.07055175,0.29568127,True
38,4,20,TP8,0.09262893,-0.04699442,0.10495014,1.0,1.0,"[4, 4]",0.5,False,0.35288945,0.07055175,0.29568127,True
38,4,21,Pz,0.15539414,0.03255885,0.1598362,1.0,1.0,"[4, 4]",0.5,False,0.35288945,0.07055175,0.29568127,True
38,4,22,P3,0.13242231,0.13242231,0.14119658,1.0,1.0,"[4, 4]",0.5,False,0.35288945,0.07055175,0.29568127,True
38,4,23,P4,0.10626548,-0.09429034,0.12295821,1.0,1.0,"[4, 4]",0.5,False,0.35288945,0.07055175,0.29568127,True
38,4,24,T5,0.09133568,0.06388476,0.1041827,1.0,1.0,"[4, 4]",0.5,False,0.35288945,0.07055175,0.29568127,True
38,4,25,T6,0.04394627,-0.04289951,0.05953393,1.0,1.0,"[4, 4]",0.5,False,0.35288945,0.07055175,0.29568127,True
38,4,26,Oz,0.09644599,0.07091731,0.10251149,1.0,1.0,"[4, 4]",0.5,False,0.35288945,0.07055175,0.29568127,True
38,4,27,O1,0.12896119,0.07326753,0.1336547,1.0,1.0,"[4, 4]",0.5,False,0.35288945,0.07055175,0.29568127,True
38,4,28,O2,0.11464889,-0.0228644,0.11699861,1.0,1.0,"[4, 4]",0.5,False,0.35288945,0.07055175,0.29568127,True
38,5,0,Fp1,0.09567548,-0.09567548,0.12478151,0.875,0.875,"[3, 5]",0.625,False,0.84046884,0.21063014,0.70421741,True
38,5,1,Fp2,0.0700238,0.04833221,0.07654061,0.875,0.875,"[3, 5]",0.625,False,0.84046884,0.21063014,0.70421741,True
38,5,2,Fz,0.12529424,-0.12529424,0.14285962,0.875,0.875,"[3, 5]",0.625,False,0.84046884,0.21063014,0.70421741,True
38,5,3,F3,0.05716993,0.03451031,0.06758092,0.875,0.875,"[3, 5]",0.625,False,0.84046884,0.21063014,0.70421741,True
38,5,4,F4,0.0788234,0.0788234,0.09039904,0.875,0.875,"[3, 5]",0.625,False,0.84046884,0.21063014,0.70421741,True
38,5,5,F7,0.09687838,0.08001012,0.10861352,0.875,0.875,"[3, 5]",0.625,False,0.84046884,0.21063014,0.70421741,True
38,5,6,F8,0.05431658,-0.01813701,0.06427117,0.875,0.875,"[3, 5]",0.625,False,0.84046884,0.21063014,0.70421741,True
38,5,7,FCz,0.09206031,0.06132255,0.09610543,0.875,0.875,"[3, 5]",0.625,False,0.84046884,0.21063014,0.70421741,True
38,5,8,FC3,0.02394417,-0.02318168,0.02879408,0.875,0.875,"[3, 5]",0.625,False,0.84046884,0.21063014,0.70421741,True
38,5,9,FC4,0.1301392,-0.01253384,0.1628239,0.875,0.875,"[3, 5]",0.625,False,0.84046884,0.21063014,0.70421741,True
38,5,10,FT7,0.06105471,-0.03909133,0.06338529,0.875,0.875,"[3, 5]",0.625,False,0.84046884,0.21063014,0.70421741,True
38,5,11,FT8,0.11870457,-0.01607963,0.14123707,0.875,0.875,"[3, 5]",0.625,False,0.84046884,0.21063014,0.70421741,True
38,5,12,Cz,0.02934012,0.0210785,0.03584093,0.875,0.875,"[3, 5]",0.625,False,0.84046884,0.21063014,0.70421741,True
38,5,13,C3,0.08560596,-0.01237303,0.10846062,0.875,0.875,"[3, 5]",0.625,False,0.84046884,0.21063014,0.70421741,True
38,5,14,C4,0.07090902,-0.03014179,0.08692233,0.875,0.875,"[3, 5]",0.625,False,0.84046884,0.21063014,0.70421741,True
38,5,15,T3,0.08881294,0.06543187,0.10596221,0.875,0.875,"[3, 5]",0.625,False,0.84046884,0.21063014,0.70421741,True
38,5,16,T4,0.11472242,0.01612432,0.11678217,0.875,0.875,"[3, 5]",0.625,False,0.84046884,0.21063014,0.70421741,True
38,5,17,CP3,0.11841922,-0.03462078,0.15477312,0.875,0.875,"[3, 5]",0.625,False,0.84046884,0.21063014,0.70421741,True
38,5,18,CP4,0.12361525,-0.0030392,0.13212062,0.875,0.875,"[3, 5]",0.625,False,0.84046884,0.21063014,0.70421741,True
38,5,19,TP7,0.05826926,-0.03444299,0.07699554,0.875,0.875,"[3, 5]",0.625,False,0.84046884,0.21063014,0.70421741,True
38,5,20,TP8,0.12332953,-0.05401412,0.13595524,0.875,0.875,"[3, 5]",0.625,False,0.84046884,0.21063014,0.70421741,True
38,5,21,Pz,0.12925568,0.03748355,0.1414948,0.875,0.875,"[3, 5]",0.625,False,0.84046884,0.21063014,0.70421741,True
38,5,22,P3,0.1285733,0.1285733,0.15736534,0.875,0.875,"[3, 5]",0.625,False,0.84046884,0.21063014,0.70421741,True
38,5,23,P4,0.18940911,-0.13171288,0.19471306,0.875,0.875,"[3, 5]",0.625,False,0.84046884,0.21063014,0.70421741,True
38,5,24,T5,0.01881041,0.01628783,0.02108853,0.875,0.875,"[3, 5]",0.625,False,0.84046884,0.21063014,0.70421741,True
38,5,25,T6,0.03183314,0.00221893,0.03984017,0.875,0.875,"[3, 5]",0.625,False,0.84046884,0.21063014,0.70421741,True
38,5,26,Oz,0.07299718,0.06612798,0.08301938,0.875,0.875,"[3, 5]",0.625,False,0.84046884,0.21063014,0.70421741,True
38,5,27,O1,0.14793161,0.10400704,0.1534078,0.875,0.875,"[3, 5]",0.625,False,0.84046884,0.21063014,0.70421741,True
38,5,28,O2,0.07633121,-0.02339722,0.08747637,0.875,0.875,"[3, 5]",0.625,False,0.84046884,0.21063014,0.70421741,True
39,1,0,Fp1,0.11314259,-0.10656811,0.13054346,0.375,0.375,"[3, 5]",0.625,False,0.89144885,0.24858642,0.74693287,True
39,1,1,Fp2,0.08488801,0.00333209,0.09416885,0.375,0.375,"[3, 5]",0.625,False,0.89144885,0.24858642,0.74693287,True
39,1,2,Fz,0.06646303,-0.03815498,0.08712519,0.375,0.375,"[3, 5]",0.625,False,0.89144885,0.24858642,0.74693287,True
39,1,3,F3,0.10674503,0.00558848,0.10819156,0.375,0.375,"[3, 5]",0.625,False,0.89144885,0.24858642,0.74693287,True
39,1,4,F4,0.08550478,0.00680671,0.09942717,0.375,0.375,"[3, 5]",0.625,False,0.89144885,0.24858642,0.74693287,True
39,1,5,F7,0.07905353,0.05828356,0.12427823,0.375,0.375,"[3, 5]",0.625,False,0.89144885,0.24858642,0.74693287,True
39,1,6,F8,0.1341162,0.03134947,0.13853545,0.375,0.375,"[3, 5]",0.625,False,0.89144885,0.24858642,0.74693287,True
39,1,7,FCz,0.06985007,0.06968297,0.08229037,0.375,0.375,"[3, 5]",0.625,False,0.89144885,0.24858642,0.74693287,True
39,1,8,FC3,0.09666058,-0.0283012,0.11344852,0.375,0.375,"[3, 5]",0.625,False,0.89144885,0.24858642,0.74693287,True
39,1,9,FC4,0.05405673,-0.00164169,0.0681496,0.375,0.375,"[3, 5]",0.625,False,0.89144885,0.24858642,0.74693287,True
39,1,10,FT7,0.12361436,-0.00701742,0.14862856,0.375,0.375,"[3, 5]",0.625,False,0.89144885,0.24858642,0.74693287,True
39,1,11,FT8,0.12480789,0.04407439,0.13823988,0.375,0.375,"[3, 5]",0.625,False,0.89144885,0.24858642,0.74693287,True
39,1,12,Cz,0.0558135,0.02004486,0.07408021,0.375,0.375,"[3, 5]",0.625,False,0.89144885,0.24858642,0.74693287,True
39,1,13,C3,0.07174101,0.04416814,0.0872271,0.375,0.375,"[3, 5]",0.625,False,0.89144885,0.24858642,0.74693287,True
39,1,14,C4,0.09457566,-0.05588012,0.11637472,0.375,0.375,"[3, 5]",0.625,False,0.89144885,0.24858642,0.74693287,True
39,1,15,T3,0.11256143,0.11256143,0.12171158,0.375,0.375,"[3, 5]",0.625,False,0.89144885,0.24858642,0.74693287,True
39,1,16,T4,0.12530968,0.02805051,0.13800937,0.375,0.375,"[3, 5]",0.625,False,0.89144885,0.24858642,0.74693287,True
39,1,17,CP3,0.15575983,0.04314937,0.17459752,0.375,0.375,"[3, 5]",0.625,False,0.89144885,0.24858642,0.74693287,True
39,1,18,CP4,0.12968422,0.0293843,0.13999248,0.375,0.375,"[3, 5]",0.625,False,0.89144885,0.24858642,0.74693287,True
39,1,19,TP7,0.09591523,0.01419897,0.11005702,0.375,0.375,"[3, 5]",0.625,False,0.89144885,0.24858642,0.74693287,True
39,1,20,TP8,0.08281219,-0.04048362,0.08770104,0.375,0.375,"[3, 5]",0.625,False,0.89144885,0.24858642,0.74693287,True
39,1,21,Pz,0.08476983,-0.00983205,0.09774521,0.375,0.375,"[3, 5]",0.625,False,0.89144885,0.24858642,0.74693287,True
39,1,22,P3,0.09854721,0.09815365,0.11898202,0.375,0.375,"[3, 5]",0.625,False,0.89144885,0.24858642,0.74693287,True
39,1,23,P4,0.1200439,-0.05668695,0.12774982,0.375,0.375,"[3, 5]",0.625,False,0.89144885,0.24858642,0.74693287,True
39,1,24,T5,0.062663,-0.00730611,0.07215249,0.375,0.375,"[3, 5]",0.625,False,0.89144885,0.24858642,0.74693287,True
39,1,25,T6,0.05202175,-0.04679084,0.07104348,0.375,0.375,"[3, 5]",0.625,False,0.89144885,0.24858642,0.74693287,True
39,1,26,Oz,0.07902269,0.07902269,0.09731188,0.375,0.375,"[3, 5]",0.625,False,0.89144885,0.24858642,0.74693287,True
39,1,27,O1,0.09899123,-0.00713582,0.11892159,0.375,0.375,"[3, 5]",0.625,False,0.89144885,0.24858642,0.74693287,True
39,1,28,O2,0.05040469,-0.00493677,0.06332817,0.375,0.375,"[3, 5]",0.625,False,0.89144885,0.24858642,0.74693287,True
39,2,0,Fp1,0.11008156,-0.09625781,0.12290371,0.5,0.5,"[0, 8]",1.0,True,0.01056444,0.00206301,0.0088518,True
39,2,1,Fp2,0.07754112,0.06085661,0.09525491,0.5,0.5,"[0, 8]",1.0,True,0.01056444,0.00206301,0.0088518,True
39,2,2,Fz,0.10428256,-0.0991853,0.11806441,0.5,0.5,"[0, 8]",1.0,True,0.01056444,0.00206301,0.0088518,True
39,2,3,F3,0.08701777,0.02671264,0.09404883,0.5,0.5,"[0, 8]",1.0,True,0.01056444,0.00206301,0.0088518,True
39,2,4,F4,0.0975247,0.01180429,0.10817645,0.5,0.5,"[0, 8]",1.0,True,0.01056444,0.00206301,0.0088518,True
39,2,5,F7,0.08441722,0.08195413,0.09779986,0.5,0.5,"[0, 8]",1.0,True,0.01056444,0.00206301,0.0088518,True
39,2,6,F8,0.07781048,-0.0286135,0.07895967,0.5,0.5,"[0, 8]",1.0,True,0.01056444,0.00206301,0.0088518,True
39,2,7,FCz,0.09850372,0.09850372,0.11392882,0.5,0.5,"[0, 8]",1.0,True,0.01056444,0.00206301,0.0088518,True
39,2,8,FC3,0.03140827,0.00561549,0.03837823,0.5,0.5,"[0, 8]",1.0,True,0.01056444,0.00206301,0.0088518,True
39,2,9,FC4,0.05827874,-0.05827874,0.07636459,0.5,0.5,"[0, 8]",1.0,True,0.01056444,0.00206301,0.0088518,True
39,2,10,FT7,0.08957839,-0.05773047,0.10309184,0.5,0.5,"[0, 8]",1.0,True,0.01056444,0.00206301,0.0088518,True
39,2,11,FT8,0.08059648,-0.00354413,0.09738241,0.5,0.5,"[0, 8]",1.0,True,0.01056444,0.00206301,0.0088518,True
39,2,12,Cz,0.07719116,0.0755734,0.09264006,0.5,0.5,"[0, 8]",1.0,True,0.01056444,0.00206301,0.0088518,True
39,2,13,C3,0.11496443,0.07252693,0.11717585,0.5,0.5,"[0, 8]",1.0,True,0.01056444,0.00206301,0.0088518,True
39,2,14,C4,0.08500887,-0.07446113,0.09537254,0.5,0.5,"[0, 8]",1.0,True,0.01056444,0.00206301,0.0088518,True
39,2,15,T3,0.12680224,0.12680224,0.13193384,0.5,0.5,"[0, 8]",1.0,True,0.01056444,0.00206301,0.0088518,True
39,2,16,T4,0.12288433,0.01333283,0.13525826,0.5,0.5,"[0, 8]",1.0,True,0.01056444,0.00206301,0.0088518,True
39,2,17,CP3,0.12102418,0.03342084,0.13952687,0.5,0.5,"[0, 8]",1.0,True,0.01056444,0.00206301,0.0088518,True
39,2,18,CP4,0.11107071,0.03515433,0.12728277,0.5,0.5,"[0, 8]",1.0,True,0.01056444,0.00206301,0.0088518,True
39,2,19,TP7,0.08482601,-0.01853911,0.09492822,0.5,0.5,"[0, 8]",1.0,True,0.01056444,0.00206301,0.0088518,True
39,2,20,TP8,0.08877844,-0.05921917,0.10802755,0.5,0.5,"[0, 8]",1.0,True,0.01056444,0.00206301,0.0088518,True
39,2,21,Pz,0.15328076,0.00737197,0.15349095,0.5,0.5,"[0, 8]",1.0,True,0.01056444,0.00206301,0.0088518,True
39,2,22,P3,0.10861202,0.10861202,0.11782633,0.5,0.5,"[0, 8]",1.0,True,0.01056444,0.00206301,0.0088518,True
39,2,23,P4,0.10456394,-0.091864,0.11621804,0.5,0.5,"[0, 8]",1.0,True,0.01056444,0.00206301,0.0088518,True
39,2,24,T5,0.1049103,0.07281769,0.1141406,0.5,0.5,"[0, 8]",1.0,True,0.01056444,0.00206301,0.0088518,True
39,2,25,T6,0.08127238,-0.06194095,0.09261584,0.5,0.5,"[0, 8]",1.0,True,0.01056444,0.00206301,0.0088518,True
39,2,26,Oz,0.07681505,0.0420243,0.07940622,0.5,0.5,"[0, 8]",1.0,True,0.01056444,0.00206301,0.0088518,True
39,2,27,O1,0.12139158,0.05577506,0.13180155,0.5,0.5,"[0, 8]",1.0,True,0.01056444,0.00206301,0.0088518,True
39,2,28,O2,0.14366414,-0.0232087,0.14634967,0.5,0.5,"[0, 8]",1.0,True,0.01056444,0.00206301,0.0088518,True
39,3,0,Fp1,0.11063349,-0.0965495,0.12336422,0.5,0.5,"[0, 8]",1.0,True,0.01245595,0.00227435,0.01043667,True
39,3,1,Fp2,0.07702067,0.06049517,0.0948144,0.5,0.5,"[0, 8]",1.0,True,0.01245595,0.00227435,0.01043667,True
39,3,2,Fz,0.10393557,-0.09870748,0.11762275,0.5,0.5,"[0, 8]",1.0,True,0.01245595,0.00227435,0.01043667,True
39,3,3,F3,0.08717173,0.0267917,0.09430923,0.5,0.5,"[0, 8]",1.0,True,0.01245595,0.00227435,0.01043667,True
39,3,4,F4,0.09731193,0.01205679,0.10786977,0.5,0.5,"[0, 8]",1.0,True,0.01245595,0.00227435,0.01043667,True
39,3,5,F7,0.0847162,0.08224464,0.09829281,0.5,0.5,"[0, 8]",1.0,True,0.01245595,0.00227435,0.01043667,True
39,3,6,F8,0.07752135,-0.02945634,0.07855681,0.5,0.5,"[0, 8]",1.0,True,0.01245595,0.00227435,0.01043667,True
39,3,7,FCz,0.09913389,0.09913389,0.11483179,0.5,0.5,"[0, 8]",1.0,True,0.01245595,0.00227435,0.01043667,True
39,3,8,FC3,0.03138303,0.00586082,0.03837891,0.5,0.5,"[0, 8]",1.0,True,0.01245595,0.00227435,0.01043667,True
39,3,9,FC4,0.05782614,-0.05782614,0.07672465,0.5,0.5,"[0, 8]",1.0,True,0.01245595,0.00227435,0.01043667,True
39,3,10,FT7,0.08996074,-0.05739136,0.10323586,0.5,0.5,"[0, 8]",1.0,True,0.01245595,0.00227435,0.01043667,True
39,3,11,FT8,0.07946462,-0.00379357,0.09631663,0.5,0.5,"[0, 8]",1.0,True,0.01245595,0.00227435,0.01043667,True
39,3,12,Cz,0.07774272,0.07566974,0.09291901,0.5,0.5,"[0, 8]",1.0,True,0.01245595,0.00227435,0.01043667,True
39,3,13,C3,0.11489815,0.07298357,0.1171025,0.5,0.5,"[0, 8]",1.0,True,0.01245595,0.00227435,0.01043667,True
39,3,14,C4,0.08521449,-0.07453521,0.09577537,0.5,0.5,"[0, 8]",1.0,True,0.01245595,0.00227435,0.01043667,True
39,3,15,T3,0.12674588,0.12674588,0.13172552,0.5,0.5,"[0, 8]",1.0,True,0.01245595,0.00227435,0.01043667,True
39,3,16,T4,0.12299602,0.01362953,0.13510497,0.5,0.5,"[0, 8]",1.0,True,0.01245595,0.00227435,0.01043667,True
39,3,17,CP3,0.1218597,0.0335567,0.14041778,0.5,0.5,"[0, 8]",1.0,True,0.01245595,0.00227435,0.01043667,True
39,3,18,CP4,0.11105723,0.03533513,0.12771846,0.5,0.5,"[0, 8]",1.0,True,0.01245595,0.00227435,0.01043667,True
39,3,19,TP7,0.08389449,-0.01852229,0.09390634,0.5,0.5,"[0, 8]",1.0,True,0.01245595,0.00227435,0.01043667,True
39,3,20,TP8,0.08814019,-0.05921416,0.10740099,0.5,0.5,"[0, 8]",1.0,True,0.01245595,0.00227435,0.01043667,True
39,3,21,Pz,0.15268067,0.00758904,0.15290041,0.5,0.5,"[0, 8]",1.0,True,0.01245595,0.00227435,0.01043667,True
39,3,22,P3,0.10858475,0.10858475,0.11773095,0.5,0.5,"[0, 8]",1.0,True,0.01245595,0.00227435,0.01043667,True
39,3,23,P4,0.10511595,-0.09256816,0.11675023,0.5,0.5,"[0, 8]",1.0,True,0.01245595,0.00227435,0.01043667,True
39,3,24,T5,0.10456994,0.07349214,0.11440536,0.5,0.5,"[0, 8]",1.0,True,0.01245595,0.00227435,0.01043667,True
39,3,25,T6,0.0810214,-0.06258023,0.09281071,0.5,0.5,"[0, 8]",1.0,True,0.01245595,0.00227435,0.01043667,True
39,3,26,Oz,0.07722433,0.0425373,0.07963876,0.5,0.5,"[0, 8]",1.0,True,0.01245595,0.00227435,0.01043667,True
39,3,27,O1,0.12265765,0.05664539,0.13300495,0.5,0.5,"[0, 8]",1.0,True,0.01245595,0.00227435,0.01043667,True
39,3,28,O2,0.14346457,-0.0239066,0.1462989,0.5,0.5,"[0, 8]",1.0,True,0.01245595,0.00227435,0.01043667,True
39,4,0,Fp1,0.11054066,-0.09619035,0.12330431,0.5,0.5,"[0, 8]",1.0,True,0.01262501,0.00228027,0.01057832,True
39,4,1,Fp2,0.07690296,0.0608743,0.09460858,0.5,0.5,"[0, 8]",1.0,True,0.01262501,0.00228027,0.01057832,True
39,4,2,Fz,0.1039198,-0.09797668,0.1172521,0.5,0.5,"[0, 8]",1.0,True,0.01262501,0.00228027,0.01057832,True
39,4,3,F3,0.08805151,0.02743953,0.09497381,0.5,0.5,"[0, 8]",1.0,True,0.01262501,0.00228027,0.01057832,True
39,4,4,F4,0.0981019,0.01269447,0.10853183,0.5,0.5,"[0, 8]",1.0,True,0.01262501,0.00228027,0.01057832,True
39,4,5,F7,0.08503938,0.08190002,0.0981911,0.5,0.5,"[0, 8]",1.0,True,0.01262501,0.00228027,0.01057832,True
39,4,6,F8,0.07792805,-0.02901772,0.0790647,0.5,0.5,"[0, 8]",1.0,True,0.01262501,0.00228027,0.01057832,True
39,4,7,FCz,0.09981397,0.09981397,0.11534282,0.5,0.5,"[0, 8]",1.0,True,0.01262501,0.00228027,0.01057832,True
39,4,8,FC3,0.03134966,0.00582856,0.03841,0.5,0.5,"[0, 8]",1.0,True,0.01262501,0.00228027,0.01057832,True
39,4,9,FC4,0.05728647,-0.05728647,0.07595526,0.5,0.5,"[0, 8]",1.0,True,0.01262501,0.00228027,0.01057832,True
39,4,10,FT7,0.0908999,-0.05766422,0.10374364,0.5,0.5,"[0, 8]",1.0,True,0.01262501,0.00228027,0.01057832,True
39,4,11,FT8,0.07925383,-0.00375306,0.09635488,0.5,0.5,"[0, 8]",1.0,True,0.01262501,0.00228027,0.01057832,True
39,4,12,Cz,0.07790197,0.07644914,0.09340342,0.5,0.5,"[0, 8]",1.0,True,0.01262501,0.00228027,0.01057832,True
39,4,13,C3,0.11491163,0.07296573,0.11708637,0.5,0.5,"[0, 8]",1.0,True,0.01262501,0.00228027,0.01057832,True
39,4,14,C4,0.08549869,-0.0744864,0.09591514,0.5,0.5,"[0, 8]",1.0,True,0.01262501,0.00228027,0.01057832,True
39,4,15,T3,0.12643053,0.12643053,0.13147064,0.5,0.5,"[0, 8]",1.0,True,0.01262501,0.00228027,0.01057832,True
39,4,16,T4,0.12227076,0.01335888,0.13440208,0.5,0.5,"[0, 8]",1.0,True,0.01262501,0.00228027,0.01057832,True
39,4,17,CP3,0.1216027,0.03391194,0.14038022,0.5,0.5,"[0, 8]",1.0,True,0.01262501,0.00228027,0.01057832,True
39,4,18,CP4,0.11037553,0.03430193,0.12760116,0.5,0.5,"[0, 8]",1.0,True,0.01262501,0.00228027,0.01057832,True
39,4,19,TP7,0.08435927,-0.01891899,0.09454857,0.5,0.5,"[0, 8]",1.0,True,0.01262501,0.00228027,0.01057832,True
39,4,20,TP8,0.08816284,-0.05990143,0.10778017,0.5,0.5,"[0, 8]",1.0,True,0.01262501,0.00228027,0.01057832,True
39,4,21,Pz,0.15234807,0.00727089,0.15255392,0.5,0.5,"[0, 8]",1.0,True,0.01262501,0.00228027,0.01057832,True
39,4,22,P3,0.10868523,0.10868523,0.11780878,0.5,0.5,"[0, 8]",1.0,True,0.01262501,0.00228027,0.01057832,True
39,4,23,P4,0.10445339,-0.09367485,0.11673779,0.5,0.5,"[0, 8]",1.0,True,0.01262501,0.00228027,0.01057832,True
39,4,24,T5,0.10456827,0.07273997,0.11417704,0.5,0.5,"[0, 8]",1.0,True,0.01262501,0.00228027,0.01057832,True
39,4,25,T6,0.08097576,-0.06275032,0.09243511,0.5,0.5,"[0, 8]",1.0,True,0.01262501,0.00228027,0.01057832,True
39,4,26,Oz,0.07766858,0.04226141,0.08011904,0.5,0.5,"[0, 8]",1.0,True,0.01262501,0.00228027,0.01057832,True
39,4,27,O1,0.12290549,0.05598627,0.13306428,0.5,0.5,"[0, 8]",1.0,True,0.01262501,0.00228027,0.01057832,True
39,4,28,O2,0.14327529,-0.02428881,0.14607796,0.5,0.5,"[0, 8]",1.0,True,0.01262501,0.00228027,0.01057832,True
39,5,0,Fp1,0.10961972,-0.09572285,0.12242974,0.5,0.5,"[0, 8]",1.0,True,0.01063093,0.0021127,0.00890751,True
39,5,1,Fp2,0.07783119,0.06139255,0.09520801,0.5,0.5,"[0, 8]",1.0,True,0.01063093,0.0021127,0.00890751,True
39,5,2,Fz,0.10387907,-0.0985193,0.11745495,0.5,0.5,"[0, 8]",1.0,True,0.01063093,0.0021127,0.00890751,True
39,5,3,F3,0.08781958,0.02708041,0.0944641,0.5,0.5,"[0, 8]",1.0,True,0.01063093,0.0021127,0.00890751,True
39,5,4,F4,0.09791894,0.01227932,0.10845646,0.5,0.5,"[0, 8]",1.0,True,0.01063093,0.0021127,0.00890751,True
39,5,5,F7,0.08459065,0.08191594,0.09787934,0.5,0.5,"[0, 8]",1.0,True,0.01063093,0.0021127,0.00890751,True
39,5,6,F8,0.07818359,-0.02936895,0.07921024,0.5,0.5,"[0, 8]",1.0,True,0.01063093,0.0021127,0.00890751,True
39,5,7,FCz,0.09883238,0.09883238,0.11442816,0.5,0.5,"[0, 8]",1.0,True,0.01063093,0.0021127,0.00890751,True
39,5,8,FC3,0.03093096,0.00533524,0.03808372,0.5,0.5,"[0, 8]",1.0,True,0.01063093,0.0021127,0.00890751,True
39,5,9,FC4,0.05800535,-0.05800535,0.0760818,0.5,0.5,"[0, 8]",1.0,True,0.01063093,0.0021127,0.00890751,True
39,5,10,FT7,0.09063587,-0.05797055,0.10373265,0.5,0.5,"[0, 8]",1.0,True,0.01063093,0.0021127,0.00890751,True
39,5,11,FT8,0.07970953,-0.00333317,0.09708344,0.5,0.5,"[0, 8]",1.0,True,0.01063093,0.0021127,0.00890751,True
39,5,12,Cz,0.07784636,0.07597785,0.0933274,0.5,0.5,"[0, 8]",1.0,True,0.01063093,0.0021127,0.00890751,True
39,5,13,C3,0.11430269,0.07228847,0.11651018,0.5,0.5,"[0, 8]",1.0,True,0.01063093,0.0021127,0.00890751,True
39,5,14,C4,0.08499001,-0.07500257,0.09573779,0.5,0.5,"[0, 8]",1.0,True,0.01063093,0.0021127,0.00890751,True
39,5,15,T3,0.12702985,0.12702985,0.13210066,0.5,0.5,"[0, 8]",1.0,True,0.01063093,0.0021127,0.00890751,True
39,5,16,T4,0.12146689,0.01310398,0.13372894,0.5,0.5,"[0, 8]",1.0,True,0.01063093,0.0021127,0.00890751,True
39,5,17,CP3,0.12128775,0.03386714,0.14027604,0.5,0.5,"[0, 8]",1.0,True,0.01063093,0.0021127,0.00890751,True
39,5,18,CP4,0.11040845,0.0341953,0.12737387,0.5,0.5,"[0, 8]",1.0,True,0.01063093,0.0021127,0.00890751,True
39,5,19,TP7,0.08442887,-0.01852806,0.09445154,0.5,0.5,"[0, 8]",1.0,True,0.01063093,0.0021127,0.00890751,True
39,5,20,TP8,0.08826894,-0.05978157,0.10777214,0.5,0.5,"[0, 8]",1.0,True,0.01063093,0.0021127,0.00890751,True
39,5,21,Pz,0.15271723,0.00726335,0.15291478,0.5,0.5,"[0, 8]",1.0,True,0.01063093,0.0021127,0.00890751,True
39,5,22,P3,0.10881159,0.10881159,0.11772712,0.5,0.5,"[0, 8]",1.0,True,0.01063093,0.0021127,0.00890751,True
39,5,23,P4,0.10466912,-0.09368903,0.11692149,0.5,0.5,"[0, 8]",1.0,True,0.01063093,0.0021127,0.00890751,True
39,5,24,T5,0.10524052,0.07289411,0.11466154,0.5,0.5,"[0, 8]",1.0,True,0.01063093,0.0021127,0.00890751,True
39,5,25,T6,0.08063958,-0.0622593,0.09195599,0.5,0.5,"[0, 8]",1.0,True,0.01063093,0.0021127,0.00890751,True
39,5,26,Oz,0.07803582,0.04241149,0.08047774,0.5,0.5,"[0, 8]",1.0,True,0.01063093,0.0021127,0.00890751,True
39,5,27,O1,0.12193011,0.0564297,0.13204738,0.5,0.5,"[0, 8]",1.0,True,0.01063093,0.0021127,0.00890751,True
39,5,28,O2,0.14458704,-0.02361202,0.1472774,0.5,0.5,"[0, 8]",1.0,True,0.01063093,0.0021127,0.00890751,True
40,1,0,Fp1,0.06100022,-0.05965053,0.0755199,0.5,0.5,"[4, 4]",0.5,False,1.14460686,0.28022306,0.95905053,True
40,1,1,Fp2,0.04955416,0.04955416,0.05922663,0.5,0.5,"[4, 4]",0.5,False,1.14460686,0.28022306,0.95905053,True
40,1,2,Fz,0.06514131,-0.05616632,0.09555029,0.5,0.5,"[4, 4]",0.5,False,1.14460686,0.28022306,0.95905053,True
40,1,3,F3,0.16616137,0.16616137,0.19199647,0.5,0.5,"[4, 4]",0.5,False,1.14460686,0.28022306,0.95905053,True
40,1,4,F4,0.05812045,0.04628351,0.06841198,0.5,0.5,"[4, 4]",0.5,False,1.14460686,0.28022306,0.95905053,True
40,1,5,F7,0.1113776,0.1113776,0.14387801,0.5,0.5,"[4, 4]",0.5,False,1.14460686,0.28022306,0.95905053,True
40,1,6,F8,0.08752708,-0.04160402,0.09868801,0.5,0.5,"[4, 4]",0.5,False,1.14460686,0.28022306,0.95905053,True
40,1,7,FCz,0.08658332,-0.01636522,0.09456208,0.5,0.5,"[4, 4]",0.5,False,1.14460686,0.28022306,0.95905053,True
40,1,8,FC3,0.09089807,-0.09089807,0.10107275,0.5,0.5,"[4, 4]",0.5,False,1.14460686,0.28022306,0.95905053,True
40,1,9,FC4,0.0970799,0.03485568,0.11294094,0.5,0.5,"[4, 4]",0.5,False,1.14460686,0.28022306,0.95905053,True
40,1,10,FT7,0.05297702,-0.02928962,0.08176834,0.5,0.5,"[4, 4]",0.5,False,1.14460686,0.28022306,0.95905053,True
40,1,11,FT8,0.05173971,-0.01871272,0.05890672,0.5,0.5,"[4, 4]",0.5,False,1.14460686,0.28022306,0.95905053,True
40,1,12,Cz,0.10018346,-0.01173402,0.11810224,0.5,0.5,"[4, 4]",0.5,False,1.14460686,0.28022306,0.95905053,True
40,1,13,C3,0.08268707,0.05956033,0.10434705,0.5,0.5,"[4, 4]",0.5,False,1.14460686,0.28022306,0.95905053,True
40,1,14,C4,0.05065531,-0.05065531,0.05964471,0.5,0.5,"[4, 4]",0.5,False,1.14460686,0.28022306,0.95905053,True
40,1,15,T3,0.13848646,0.13848646,0.1388377,0.5,0.5,"[4, 4]",0.5,False,1.14460686,0.28022306,0.95905053,True
40,1,16,T4,0.11455381,-0.08544871,0.1309993,0.5,0.5,"[4, 4]",0.5,False,1.14460686,0.28022306,0.95905053,True
40,1,17,CP3,0.17341773,0.17341773,0.21130396,0.5,0.5,"[4, 4]",0.5,False,1.14460686,0.28022306,0.95905053,True
40,1,18,CP4,0.12459359,0.12459359,0.16028304,0.5,0.5,"[4, 4]",0.5,False,1.14460686,0.28022306,0.95905053,True
40,1,19,TP7,0.07155851,-0.05907685,0.08268125,0.5,0.5,"[4, 4]",0.5,False,1.14460686,0.28022306,0.95905053,True
40,1,20,TP8,0.07177002,0.05686134,0.1221853,0.5,0.5,"[4, 4]",0.5,False,1.14460686,0.28022306,0.95905053,True
40,1,21,Pz,0.08770899,-0.06868432,0.0948523,0.5,0.5,"[4, 4]",0.5,False,1.14460686,0.28022306,0.95905053,True
40,1,22,P3,0.12426553,0.12426553,0.12469726,0.5,0.5,"[4, 4]",0.5,False,1.14460686,0.28022306,0.95905053,True
40,1,23,P4,0.04931444,-0.0328336,0.06305758,0.5,0.5,"[4, 4]",0.5,False,1.14460686,0.28022306,0.95905053,True
40,1,24,T5,0.07718678,-0.07718678,0.08311962,0.5,0.5,"[4, 4]",0.5,False,1.14460686,0.28022306,0.95905053,True
40,1,25,T6,0.13575178,-0.03308414,0.14774787,0.5,0.5,"[4, 4]",0.5,False,1.14460686,0.28022306,0.95905053,True
40,1,26,Oz,0.13539551,0.13539551,0.15120953,0.5,0.5,"[4, 4]",0.5,False,1.14460686,0.28022306,0.95905053,True
40,1,27,O1,0.08918045,0.07594398,0.09742397,0.5,0.5,"[4, 4]",0.5,False,1.14460686,0.28022306,0.95905053,True
40,1,28,O2,0.14308868,-0.14308868,0.1576601,0.5,0.5,"[4, 4]",0.5,False,1.14460686,0.28022306,0.95905053,True
40,2,0,Fp1,0.07627787,-0.01673022,0.08437998,0.875,0.875,"[5, 3]",0.625,False,1.26035378,0.36149481,1.0560333,True
40,2,1,Fp2,0.07031002,0.02185069,0.0804654,0.875,0.875,"[5, 3]",0.625,False,1.26035378,0.36149481,1.0560333,True
40,2,2,Fz,0.02804569,0.01133936,0.03881871,0.875,0.875,"[5, 3]",0.625,False,1.26035378,0.36149481,1.0560333,True
40,2,3,F3,0.1916829,0.1916829,0.20674865,0.875,0.875,"[5, 3]",0.625,False,1.26035378,0.36149481,1.0560333,True
40,2,4,F4,0.02818502,-0.01214221,0.0332635,0.875,0.875,"[5, 3]",0.625,False,1.26035378,0.36149481,1.0560333,True
40,2,5,F7,0.04214369,0.03695733,0.06329097,0.875,0.875,"[5, 3]",0.625,False,1.26035378,0.36149481,1.0560333,True
40,2,6,F8,0.04861239,-0.02416275,0.05627768,0.875,0.875,"[5, 3]",0.625,False,1.26035378,0.36149481,1.0560333,True
40,2,7,FCz,0.07890376,0.01976156,0.08660719,0.875,0.875,"[5, 3]",0.625,False,1.26035378,0.36149481,1.0560333,True
40,2,8,FC3,0.09422377,-0.09422377,0.11462301,0.875,0.875,"[5, 3]",0.625,False,1.26035378,0.36149481,1.0560333,True
40,2,9,FC4,0.04431799,-0.04431799,0.05008047,0.875,0.875,"[5, 3]",0.625,False,1.26035378,0.36149481,1.0560333,True
40,2,10,FT7,0.03217842,-0.01904145,0.04248938,0.875,0.875,"[5, 3]",0.625,False,1.26035378,0.36149481,1.0560333,True
40,2,11,FT8,0.07821125,-0.00181689,0.10022017,0.875,0.875,"[5, 3]",0.625,False,1.26035378,0.36149481,1.0560333,True
40,2,12,Cz,0.0384016,0.00616737,0.05073022,0.875,0.875,"[5, 3]",0.625,False,1.26035378,0.36149481,1.0560333,True
40,2,13,C3,0.08831967,0.05084208,0.1048273,0.875,0.875,"[5, 3]",0.625,False,1.26035378,0.36149481,1.0560333,True
40,2,14,C4,0.08340818,-0.07249414,0.1051139,0.875,0.875,"[5, 3]",0.625,False,1.26035378,0.36149481,1.0560333,True
40,2,15,T3,0.09336778,0.06555121,0.11447323,0.875,0.875,"[5, 3]",0.625,False,1.26035378,0.36149481,1.0560333,True
40,2,16,T4,0.14466035,-0.0414205,0.17082818,0.875,0.875,"[5, 3]",0.625,False,1.26035378,0.36149481,1.0560333,True
40,2,17,CP3,0.23910587,0.01682633,0.26189193,0.875,0.875,"[5, 3]",0.625,False,1.26035378,0.36149481,1.0560333,True
40,2,18,CP4,0.15909955,0.14254987,0.2064828,0.875,0.875,"[5, 3]",0.625,False,1.26035378,0.36149481,1.0560333,True
40,2,19,TP7,0.0538424,-0.0538424,0.06079453,0.875,0.875,"[5, 3]",0.625,False,1.26035378,0.36149481,1.0560333,True
40,2,20,TP8,0.10250122,0.08205191,0.12817201,0.875,0.875,"[5, 3]",0.625,False,1.26035378,0.36149481,1.0560333,True
40,2,21,Pz,0.0754514,-0.02135992,0.07929312,0.875,0.875,"[5, 3]",0.625,False,1.26035378,0.36149481,1.0560333,True
40,2,22,P3,0.09548339,0.09548339,0.12162789,0.875,0.875,"[5, 3]",0.625,False,1.26035378,0.36149481,1.0560333,True
40,2,23,P4,0.05769766,0.03458855,0.06750602,0.875,0.875,"[5, 3]",0.625,False,1.26035378,0.36149481,1.0560333,True
40,2,24,T5,0.05937916,-0.02878588,0.07823631,0.875,0.875,"[5, 3]",0.625,False,1.26035378,0.36149481,1.0560333,True
40,2,25,T6,0.0545067,-0.0545067,0.05710616,0.875,0.875,"[5, 3]",0.625,False,1.26035378,0.36149481,1.0560333,True
40,2,26,Oz,0.09864885,-0.00428077,0.11156565,0.875,0.875,"[5, 3]",0.625,False,1.26035378,0.36149481,1.0560333,True
40,2,27,O1,0.18861395,0.18303135,0.22924995,0.875,0.875,"[5, 3]",0.625,False,1.26035378,0.36149481,1.0560333,True
40,2,28,O2,0.09229761,-0.09213416,0.11413559,0.875,0.875,"[5, 3]",0.625,False,1.26035378,0.36149481,1.0560333,True
40,3,0,Fp1,0.08914915,-0.07598717,0.10476197,0.75,0.75,"[2, 6]",0.75,False,0.64372983,0.14198579,0.53937247,True
40,3,1,Fp2,0.07336,0.05089727,0.08158167,0.75,0.75,"[2, 6]",0.75,False,0.64372983,0.14198579,0.53937247,True
40,3,2,Fz,0.0728793,-0.02623447,0.07683139,0.75,0.75,"[2, 6]",0.75,False,0.64372983,0.14198579,0.53937247,True
40,3,3,F3,0.15144423,0.14298365,0.17653431,0.75,0.75,"[2, 6]",0.75,False,0.64372983,0.14198579,0.53937247,True
40,3,4,F4,0.09753784,0.04727339,0.10079305,0.75,0.75,"[2, 6]",0.75,False,0.64372983,0.14198579,0.53937247,True
40,3,5,F7,0.06020853,0.06020853,0.07940555,0.75,0.75,"[2, 6]",0.75,False,0.64372983,0.14198579,0.53937247,True
40,3,6,F8,0.05500876,-0.03207134,0.06798483,0.75,0.75,"[2, 6]",0.75,False,0.64372983,0.14198579,0.53937247,True
40,3,7,FCz,0.05842495,0.05842495,0.0790049,0.75,0.75,"[2, 6]",0.75,False,0.64372983,0.14198579,0.53937247,True
40,3,8,FC3,0.03289925,-0.02101883,0.0348778,0.75,0.75,"[2, 6]",0.75,False,0.64372983,0.14198579,0.53937247,True
40,3,9,FC4,0.08779912,-0.08779912,0.11159574,0.75,0.75,"[2, 6]",0.75,False,0.64372983,0.14198579,0.53937247,True
40,3,10,FT7,0.07944579,-0.07659558,0.1075192,0.75,0.75,"[2, 6]",0.75,False,0.64372983,0.14198579,0.53937247,True
40,3,11,FT8,0.07682864,-0.04214414,0.07734691,0.75,0.75,"[2, 6]",0.75,False,0.64372983,0.14198579,0.53937247,True
40,3,12,Cz,0.05613573,0.03207694,0.07448009,0.75,0.75,"[2, 6]",0.75,False,0.64372983,0.14198579,0.53937247,True
40,3,13,C3,0.07899046,0.05347527,0.09286658,0.75,0.75,"[2, 6]",0.75,False,0.64372983,0.14198579,0.53937247,True
40,3,14,C4,0.09265123,-0.09265123,0.10113636,0.75,0.75,"[2, 6]",0.75,False,0.64372983,0.14198579,0.53937247,True
40,3,15,T3,0.12302914,0.12302914,0.13446447,0.75,0.75,"[2, 6]",0.75,False,0.64372983,0.14198579,0.53937247,True
40,3,16,T4,0.12314425,-0.04277817,0.13633543,0.75,0.75,"[2, 6]",0.75,False,0.64372983,0.14198579,0.53937247,True
40,3,17,CP3,0.1658615,0.08317421,0.19158661,0.75,0.75,"[2, 6]",0.75,False,0.64372983,0.14198579,0.53937247,True
40,3,18,CP4,0.1208661,0.08349279,0.13572043,0.75,0.75,"[2, 6]",0.75,False,0.64372983,0.14198579,0.53937247,True
40,3,19,TP7,0.06675671,-0.029058,0.07500809,0.75,0.75,"[2, 6]",0.75,False,0.64372983,0.14198579,0.53937247,True
40,3,20,TP8,0.09523733,-0.05967961,0.09871353,0.75,0.75,"[2, 6]",0.75,False,0.64372983,0.14198579,0.53937247,True
40,3,21,Pz,0.09412003,0.05426223,0.11396322,0.75,0.75,"[2, 6]",0.75,False,0.64372983,0.14198579,0.53937247,True
40,3,22,P3,0.16282898,0.16282898,0.16682447,0.75,0.75,"[2, 6]",0.75,False,0.64372983,0.14198579,0.53937247,True
40,3,23,P4,0.07560126,-0.05248233,0.08085958,0.75,0.75,"[2, 6]",0.75,False,0.64372983,0.14198579,0.53937247,True
40,3,24,T5,0.0678224,0.02377003,0.07420705,0.75,0.75,"[2, 6]",0.75,False,0.64372983,0.14198579,0.53937247,True
40,3,25,T6,0.10641281,-0.10641281,0.12212349,0.75,0.75,"[2, 6]",0.75,False,0.64372983,0.14198579,0.53937247,True
40,3,26,Oz,0.13517934,0.13517934,0.15903673,0.75,0.75,"[2, 6]",0.75,False,0.64372983,0.14198579,0.53937247,True
40,3,27,O1,0.13822535,0.10089578,0.14802881,0.75,0.75,"[2, 6]",0.75,False,0.64372983,0.14198579,0.53937247,True
40,3,28,O2,0.10882048,-0.10652784,0.14644809,0.75,0.75,"[2, 6]",0.75,False,0.64372983,0.14198579,0.53937247,True
40,4,0,Fp1,0.08231677,-0.04745471,0.08733817,0.75,0.75,"[4, 4]",0.5,False,0.56590278,0.1379296,0.47416225,True
40,4,1,Fp2,0.05611958,0.04754426,0.08018091,0.75,0.75,"[4, 4]",0.5,False,0.56590278,0.1379296,0.47416225,True
40,4,2,Fz,0.11314679,-0.08545337,0.11956148,0.75,0.75,"[4, 4]",0.5,False,0.56590278,0.1379296,0.47416225,True
40,4,3,F3,0.13081779,0.10830238,0.14278984,0.75,0.75,"[4, 4]",0.5,False,0.56590278,0.1379296,0.47416225,True
40,4,4,F4,0.09283938,0.02236008,0.10054801,0.75,0.75,"[4, 4]",0.5,False,0.56590278,0.1379296,0.47416225,True
40,4,5,F7,0.08574781,0.08574781,0.10221265,0.75,0.75,"[4, 4]",0.5,False,0.56590278,0.1379296,0.47416225,True
40,4,6,F8,0.10093385,-0.05223335,0.11156154,0.75,0.75,"[4, 4]",0.5,False,0.56590278,0.1379296,0.47416225,True
40,4,7,FCz,0.06491341,0.06388686,0.08502479,0.75,0.75,"[4, 4]",0.5,False,0.56590278,0.1379296,0.47416225,True
40,4,8,FC3,0.032731,-0.00438979,0.03613091,0.75,0.75,"[4, 4]",0.5,False,0.56590278,0.1379296,0.47416225,True
40,4,9,FC4,0.05444477,-0.04569551,0.06843233,0.75,0.75,"[4, 4]",0.5,False,0.56590278,0.1379296,0.47416225,True
40,4,10,FT7,0.09076569,-0.06740119,0.11750847,0.75,0.75,"[4, 4]",0.5,False,0.56590278,0.1379296,0.47416225,True
40,4,11,FT8,0.05849182,-0.02787629,0.06744097,0.75,0.75,"[4, 4]",0.5,False,0.56590278,0.1379296,0.47416225,True
40,4,12,Cz,0.06016156,0.04604833,0.07755274,0.75,0.75,"[4, 4]",0.5,False,0.56590278,0.1379296,0.47416225,True
40,4,13,C3,0.1010007,0.08820935,0.11396156,0.75,0.75,"[4, 4]",0.5,False,0.56590278,0.1379296,0.47416225,True
40,4,14,C4,0.08125573,-0.07313143,0.09145205,0.75,0.75,"[4, 4]",0.5,False,0.56590278,0.1379296,0.47416225,True
40,4,15,T3,0.10072665,0.10072665,0.12115757,0.75,0.75,"[4, 4]",0.5,False,0.56590278,0.1379296,0.47416225,True
40,4,16,T4,0.09556841,-0.02396519,0.10485836,0.75,0.75,"[4, 4]",0.5,False,0.56590278,0.1379296,0.47416225,True
40,4,17,CP3,0.13968791,0.0945047,0.17314324,0.75,0.75,"[4, 4]",0.5,False,0.56590278,0.1379296,0.47416225,True
40,4,18,CP4,0.10693343,0.07367492,0.1307831,0.75,0.75,"[4, 4]",0.5,False,0.56590278,0.1379296,0.47416225,True
40,4,19,TP7,0.07365146,-0.05391771,0.09218045,0.75,0.75,"[4, 4]",0.5,False,0.56590278,0.1379296,0.47416225,True
40,4,20,TP8,0.08876348,-0.01819655,0.09549308,0.75,0.75,"[4, 4]",0.5,False,0.56590278,0.1379296,0.47416225,True
40,4,21,Pz,0.11201812,0.01361638,0.11605562,0.75,0.75,"[4, 4]",0.5,False,0.56590278,0.1379296,0.47416225,True
40,4,22,P3,0.1682162,0.1682162,0.17489794,0.75,0.75,"[4, 4]",0.5,False,0.56590278,0.1379296,0.47416225,True
40,4,23,P4,0.06430174,-0.06430174,0.07669335,0.75,0.75,"[4, 4]",0.5,False,0.56590278,0.1379296,0.47416225,True
40,4,24,T5,0.08489719,0.04372478,0.09981178,0.75,0.75,"[4, 4]",0.5,False,0.56590278,0.1379296,0.47416225,True
40,4,25,T6,0.09002488,-0.06669502,0.09655421,0.75,0.75,"[4, 4]",0.5,False,0.56590278,0.1379296,0.47416225,True
40,4,26,Oz,0.07916691,0.06452391,0.08855848,0.75,0.75,"[4, 4]",0.5,False,0.56590278,0.1379296,0.47416225,True
40,4,27,O1,0.16832809,0.10385699,0.18032436,0.75,0.75,"[4, 4]",0.5,False,0.56590278,0.1379296,0.47416225,True
40,4,28,O2,0.15562427,-0.06374331,0.17400593,0.75,0.75,"[4, 4]",0.5,False,0.56590278,0.1379296,0.47416225,True
40,5,0,Fp1,0.04486616,-0.02269211,0.0537021,0.125,0.125,"[3, 5]",0.625,False,0.71378,0.21566716,0.59806656,True
40,5,1,Fp2,0.05391066,0.05391066,0.06343348,0.125,0.125,"[3, 5]",0.625,False,0.71378,0.21566716,0.59806656,True
40,5,2,Fz,0.11677857,-0.11677857,0.12301785,0.125,0.125,"[3, 5]",0.625,False,0.71378,0.21566716,0.59806656,True
40,5,3,F3,0.11913662,0.08803837,0.13739814,0.125,0.125,"[3, 5]",0.625,False,0.71378,0.21566716,0.59806656,True
40,5,4,F4,0.11034685,0.02599746,0.12246753,0.125,0.125,"[3, 5]",0.625,False,0.71378,0.21566716,0.59806656,True
40,5,5,F7,0.11331381,0.11331381,0.11975784,0.125,0.125,"[3, 5]",0.625,False,0.71378,0.21566716,0.59806656,True
40,5,6,F8,0.08706546,-0.0616557,0.10418554,0.125,0.125,"[3, 5]",0.625,False,0.71378,0.21566716,0.59806656,True
40,5,7,FCz,0.08060977,0.08060977,0.08726506,0.125,0.125,"[3, 5]",0.625,False,0.71378,0.21566716,0.59806656,True
40,5,8,FC3,0.04375132,-0.01579013,0.05009284,0.125,0.125,"[3, 5]",0.625,False,0.71378,0.21566716,0.59806656,True
40,5,9,FC4,0.04245545,0.00277962,0.05921207,0.125,0.125,"[3, 5]",0.625,False,0.71378,0.21566716,0.59806656,True
40,5,10,FT7,0.09051607,-0.02402775,0.09873673,0.125,0.125,"[3, 5]",0.625,False,0.71378,0.21566716,0.59806656,True
40,5,11,FT8,0.06833676,-0.04198781,0.07449793,0.125,0.125,"[3, 5]",0.625,False,0.71378,0.21566716,0.59806656,True
40,5,12,Cz,0.05188034,0.05188034,0.05519629,0.125,0.125,"[3, 5]",0.625,False,0.71378,0.21566716,0.59806656,True
40,5,13,C3,0.06799406,-0.02273187,0.07296465,0.125,0.125,"[3, 5]",0.625,False,0.71378,0.21566716,0.59806656,True
40,5,14,C4,0.06987088,-0.06987088,0.08771073,0.125,0.125,"[3, 5]",0.625,False,0.71378,0.21566716,0.59806656,True
40,5,15,T3,0.16806337,0.16806337,0.17550531,0.125,0.125,"[3, 5]",0.625,False,0.71378,0.21566716,0.59806656,True
40,5,16,T4,0.14225596,-0.05307363,0.15291347,0.125,0.125,"[3, 5]",0.625,False,0.71378,0.21566716,0.59806656,True
40,5,17,CP3,0.18985188,0.0081372,0.20216398,0.125,0.125,"[3, 5]",0.625,False,0.71378,0.21566716,0.59806656,True
40,5,18,CP4,0.15327501,0.04263592,0.16686,0.125,0.125,"[3, 5]",0.625,False,0.71378,0.21566716,0.59806656,True
40,5,19,TP7,0.06768554,-0.05988159,0.08717643,0.125,0.125,"[3, 5]",0.625,False,0.71378,0.21566716,0.59806656,True
40,5,20,TP8,0.09911579,-0.0291781,0.11287107,0.125,0.125,"[3, 5]",0.625,False,0.71378,0.21566716,0.59806656,True
40,5,21,Pz,0.11176388,0.05531311,0.12714998,0.125,0.125,"[3, 5]",0.625,False,0.71378,0.21566716,0.59806656,True
40,5,22,P3,0.1175288,0.1175288,0.12193621,0.125,0.125,"[3, 5]",0.625,False,0.71378,0.21566716,0.59806656,True
40,5,23,P4,0.10858099,-0.074195,0.11344739,0.125,0.125,"[3, 5]",0.625,False,0.71378,0.21566716,0.59806656,True
40,5,24,T5,0.05034589,0.03206597,0.06054635,0.125,0.125,"[3, 5]",0.625,False,0.71378,0.21566716,0.59806656,True
40,5,25,T6,0.05392428,0.00601059,0.0685507,0.125,0.125,"[3, 5]",0.625,False,0.71378,0.21566716,0.59806656,True
40,5,26,Oz,0.06687573,0.06111506,0.08822193,0.125,0.125,"[3, 5]",0.625,False,0.71378,0.21566716,0.59806656,True
40,5,27,O1,0.13792066,0.0765596,0.15356211,0.125,0.125,"[3, 5]",0.625,False,0.71378,0.21566716,0.59806656,True
40,5,28,O2,0.14435786,-0.04204372,0.15515491,0.125,0.125,"[3, 5]",0.625,False,0.71378,0.21566716,0.59806656,True
41,1,0,Fp1,0.10639407,-0.09538542,0.12017711,0.375,0.375,"[1, 7]",0.875,False,0.05023802,0.00845115,0.04209375,True
41,1,1,Fp2,0.08215977,0.06262223,0.09904793,0.375,0.375,"[1, 7]",0.875,False,0.05023802,0.00845115,0.04209375,True
41,1,2,Fz,0.10112731,-0.09813198,0.11519558,0.375,0.375,"[1, 7]",0.875,False,0.05023802,0.00845115,0.04209375,True
41,1,3,F3,0.08438633,0.02554079,0.09088642,0.375,0.375,"[1, 7]",0.875,False,0.05023802,0.00845115,0.04209375,True
41,1,4,F4,0.09912591,0.01602056,0.10860613,0.375,0.375,"[1, 7]",0.875,False,0.05023802,0.00845115,0.04209375,True
41,1,5,F7,0.08262216,0.07740115,0.0945252,0.375,0.375,"[1, 7]",0.875,False,0.05023802,0.00845115,0.04209375,True
41,1,6,F8,0.0787114,-0.02620022,0.08058721,0.375,0.375,"[1, 7]",0.875,False,0.05023802,0.00845115,0.04209375,True
41,1,7,FCz,0.09873442,0.09873442,0.1122376,0.375,0.375,"[1, 7]",0.875,False,0.05023802,0.00845115,0.04209375,True
41,1,8,FC3,0.03011065,0.00318975,0.03758301,0.375,0.375,"[1, 7]",0.875,False,0.05023802,0.00845115,0.04209375,True
41,1,9,FC4,0.05615488,-0.05615488,0.07257813,0.375,0.375,"[1, 7]",0.875,False,0.05023802,0.00845115,0.04209375,True
41,1,10,FT7,0.0929479,-0.06096875,0.10542264,0.375,0.375,"[1, 7]",0.875,False,0.05023802,0.00845115,0.04209375,True
41,1,11,FT8,0.08030101,-0.00126177,0.09728651,0.375,0.375,"[1, 7]",0.875,False,0.05023802,0.00845115,0.04209375,True
41,1,12,Cz,0.07577441,0.07577441,0.09276734,0.375,0.375,"[1, 7]",0.875,False,0.05023802,0.00845115,0.04209375,True
41,1,13,C3,0.11397053,0.07013719,0.11603352,0.375,0.375,"[1, 7]",0.875,False,0.05023802,0.00845115,0.04209375,True
41,1,14,C4,0.08516331,-0.07542334,0.09649629,0.375,0.375,"[1, 7]",0.875,False,0.05023802,0.00845115,0.04209375,True
41,1,15,T3,0.12367483,0.12367483,0.12832385,0.375,0.375,"[1, 7]",0.875,False,0.05023802,0.00845115,0.04209375,True
41,1,16,T4,0.1223738,0.015652,0.13588479,0.375,0.375,"[1, 7]",0.875,False,0.05023802,0.00845115,0.04209375,True
41,1,17,CP3,0.12131848,0.03063641,0.13824354,0.375,0.375,"[1, 7]",0.875,False,0.05023802,0.00845115,0.04209375,True
41,1,18,CP4,0.10925734,0.03421053,0.12803034,0.375,0.375,"[1, 7]",0.875,False,0.05023802,0.00845115,0.04209375,True
41,1,19,TP7,0.08864051,-0.01901968,0.09883811,0.375,0.375,"[1, 7]",0.875,False,0.05023802,0.00845115,0.04209375,True
41,1,20,TP8,0.09065434,-0.0585984,0.110019,0.375,0.375,"[1, 7]",0.875,False,0.05023802,0.00845115,0.04209375,True
41,1,21,Pz,0.14900623,0.00599638,0.14917092,0.375,0.375,"[1, 7]",0.875,False,0.05023802,0.00845115,0.04209375,True
41,1,22,P3,0.10696562,0.10696562,0.11676842,0.375,0.375,"[1, 7]",0.875,False,0.05023802,0.00845115,0.04209375,True
41,1,23,P4,0.10253391,-0.09304306,0.11486656,0.375,0.375,"[1, 7]",0.875,False,0.05023802,0.00845115,0.04209375,True
41,1,24,T5,0.10866717,0.07374413,0.11688852,0.375,0.375,"[1, 7]",0.875,False,0.05023802,0.00845115,0.04209375,True
41,1,25,T6,0.0837673,-0.06227548,0.09386131,0.375,0.375,"[1, 7]",0.875,False,0.05023802,0.00845115,0.04209375,True
41,1,26,Oz,0.07931827,0.04113626,0.08144695,0.375,0.375,"[1, 7]",0.875,False,0.05023802,0.00845115,0.04209375,True
41,1,27,O1,0.11928298,0.05538853,0.13002706,0.375,0.375,"[1, 7]",0.875,False,0.05023802,0.00845115,0.04209375,True
41,1,28,O2,0.14887768,-0.02432914,0.15171182,0.375,0.375,"[1, 7]",0.875,False,0.05023802,0.00845115,0.04209375,True
41,2,0,Fp1,0.11448096,-0.11448096,0.12648466,0.75,0.75,"[4, 4]",0.5,False,0.43099313,0.09727643,0.36112329,True
41,2,1,Fp2,0.06882961,0.02494014,0.0874469,0.75,0.75,"[4, 4]",0.5,False,0.43099313,0.09727643,0.36112329,True
41,2,2,Fz,0.07811273,-0.07133827,0.08903047,0.75,0.75,"[4, 4]",0.5,False,0.43099313,0.09727643,0.36112329,True
41,2,3,F3,0.10849996,0.03084828,0.11255992,0.75,0.75,"[4, 4]",0.5,False,0.43099313,0.09727643,0.36112329,True
41,2,4,F4,0.05818443,-0.0239132,0.08544736,0.75,0.75,"[4, 4]",0.5,False,0.43099313,0.09727643,0.36112329,True
41,2,5,F7,0.07629606,0.07629606,0.09536194,0.75,0.75,"[4, 4]",0.5,False,0.43099313,0.09727643,0.36112329,True
41,2,6,F8,0.07120789,-0.01373686,0.07682205,0.75,0.75,"[4, 4]",0.5,False,0.43099313,0.09727643,0.36112329,True
41,2,7,FCz,0.06134132,0.04747207,0.07671937,0.75,0.75,"[4, 4]",0.5,False,0.43099313,0.09727643,0.36112329,True
41,2,8,FC3,0.03383695,0.01331755,0.04422166,0.75,0.75,"[4, 4]",0.5,False,0.43099313,0.09727643,0.36112329,True
41,2,9,FC4,0.04199087,-0.02839709,0.05650775,0.75,0.75,"[4, 4]",0.5,False,0.43099313,0.09727643,0.36112329,True
41,2,10,FT7,0.06080783,-0.0524843,0.07586452,0.75,0.75,"[4, 4]",0.5,False,0.43099313,0.09727643,0.36112329,True
41,2,11,FT8,0.11356263,-0.0050649,0.12552093,0.75,0.75,"[4, 4]",0.5,False,0.43099313,0.09727643,0.36112329,True
41,2,12,Cz,0.04513059,0.04055313,0.05655956,0.75,0.75,"[4, 4]",0.5,False,0.43099313,0.09727643,0.36112329,True
41,2,13,C3,0.11477467,0.05526406,0.12079257,0.75,0.75,"[4, 4]",0.5,False,0.43099313,0.09727643,0.36112329,True
41,2,14,C4,0.07355738,-0.0283372,0.08453485,0.75,0.75,"[4, 4]",0.5,False,0.43099313,0.09727643,0.36112329,True
41,2,15,T3,0.14590617,0.14590617,0.15607151,0.75,0.75,"[4, 4]",0.5,False,0.43099313,0.09727643,0.36112329,True
41,2,16,T4,0.12836169,0.0352403,0.14015011,0.75,0.75,"[4, 4]",0.5,False,0.43099313,0.09727643,0.36112329,True
41,2,17,CP3,0.130887,-0.01525516,0.14201809,0.75,0.75,"[4, 4]",0.5,False,0.43099313,0.09727643,0.36112329,True
41,2,18,CP4,0.10462885,0.0396694,0.14463907,0.75,0.75,"[4, 4]",0.5,False,0.43099313,0.09727643,0.36112329,True
41,2,19,TP7,0.07716206,-0.02131976,0.09898338,0.75,0.75,"[4, 4]",0.5,False,0.43099313,0.09727643,0.36112329,True
41,2,20,TP8,0.10648583,-0.04947116,0.12805678,0.75,0.75,"[4, 4]",0.5,False,0.43099313,0.09727643,0.36112329,True
41,2,21,Pz,0.11833217,0.03721685,0.12470841,0.75,0.75,"[4, 4]",0.5,False,0.43099313,0.09727643,0.36112329,True
41,2,22,P3,0.12937085,0.12937085,0.14315645,0.75,0.75,"[4, 4]",0.5,False,0.43099313,0.09727643,0.36112329,True
41,2,23,P4,0.05399451,-0.03823673,0.05767393,0.75,0.75,"[4, 4]",0.5,False,0.43099313,0.09727643,0.36112329,True
41,2,24,T5,0.12394423,0.09622193,0.13912849,0.75,0.75,"[4, 4]",0.5,False,0.43099313,0.09727643,0.36112329,True
41,2,25,T6,0.07341613,-0.05792091,0.08401058,0.75,0.75,"[4, 4]",0.5,False,0.43099313,0.09727643,0.36112329,True
41,2,26,Oz,0.08608586,0.04498814,0.08794691,0.75,0.75,"[4, 4]",0.5,False,0.43099313,0.09727643,0.36112329,True
41,2,27,O1,0.13402815,0.06867658,0.14561293,0.75,0.75,"[4, 4]",0.5,False,0.43099313,0.09727643,0.36112329,True
41,2,28,O2,0.16226892,-0.00326329,0.17078424,0.75,0.75,"[4, 4]",0.5,False,0.43099313,0.09727643,0.36112329,True
41,3,0,Fp1,0.10894253,-0.0958176,0.12180942,0.5,0.5,"[0, 8]",1.0,True,0.01267105,0.00229441,0.0106169,True
41,3,1,Fp2,0.07874589,0.06187204,0.09610305,0.5,0.5,"[0, 8]",1.0,True,0.01267105,0.00229441,0.0106169,True
41,3,2,Fz,0.10353944,-0.09776216,0.11681754,0.5,0.5,"[0, 8]",1.0,True,0.01267105,0.00229441,0.0106169,True
41,3,3,F3,0.08693761,0.02744542,0.09369458,0.5,0.5,"[0, 8]",1.0,True,0.01267105,0.00229441,0.0106169,True
41,3,4,F4,0.09848335,0.01354539,0.10856104,0.5,0.5,"[0, 8]",1.0,True,0.01267105,0.00229441,0.0106169,True
41,3,5,F7,0.0841355,0.08087131,0.097252,0.5,0.5,"[0, 8]",1.0,True,0.01267105,0.00229441,0.0106169,True
41,3,6,F8,0.07791971,-0.02852458,0.07914164,0.5,0.5,"[0, 8]",1.0,True,0.01267105,0.00229441,0.0106169,True
41,3,7,FCz,0.09889103,0.09889103,0.11407159,0.5,0.5,"[0, 8]",1.0,True,0.01267105,0.00229441,0.0106169,True
41,3,8,FC3,0.03103535,0.00560405,0.03771309,0.5,0.5,"[0, 8]",1.0,True,0.01267105,0.00229441,0.0106169,True
41,3,9,FC4,0.0578723,-0.0578723,0.07592361,0.5,0.5,"[0, 8]",1.0,True,0.01267105,0.00229441,0.0106169,True
41,3,10,FT7,0.09182557,-0.0589527,0.10513867,0.5,0.5,"[0, 8]",1.0,True,0.01267105,0.00229441,0.0106169,True
41,3,11,FT8,0.07981781,-0.00285625,0.097046,0.5,0.5,"[0, 8]",1.0,True,0.01267105,0.00229441,0.0106169,True
41,3,12,Cz,0.07703711,0.07573442,0.09256779,0.5,0.5,"[0, 8]",1.0,True,0.01267105,0.00229441,0.0106169,True
41,3,13,C3,0.11516656,0.072511,0.11735407,0.5,0.5,"[0, 8]",1.0,True,0.01267105,0.00229441,0.0106169,True
41,3,14,C4,0.08527288,-0.07541592,0.09621831,0.5,0.5,"[0, 8]",1.0,True,0.01267105,0.00229441,0.0106169,True
41,3,15,T3,0.1266464,0.1266464,0.13162394,0.5,0.5,"[0, 8]",1.0,True,0.01267105,0.00229441,0.0106169,True
41,3,16,T4,0.12195218,0.01391551,0.13492851,0.5,0.5,"[0, 8]",1.0,True,0.01267105,0.00229441,0.0106169,True
41,3,17,CP3,0.12117518,0.03330091,0.13944155,0.5,0.5,"[0, 8]",1.0,True,0.01267105,0.00229441,0.0106169,True
41,3,18,CP4,0.11092222,0.03418467,0.12825733,0.5,0.5,"[0, 8]",1.0,True,0.01267105,0.00229441,0.0106169,True
41,3,19,TP7,0.08445166,-0.0191513,0.09436856,0.5,0.5,"[0, 8]",1.0,True,0.01267105,0.00229441,0.0106169,True
41,3,20,TP8,0.08994747,-0.05946531,0.10912507,0.5,0.5,"[0, 8]",1.0,True,0.01267105,0.00229441,0.0106169,True
41,3,21,Pz,0.15249602,0.0066543,0.15268013,0.5,0.5,"[0, 8]",1.0,True,0.01267105,0.00229441,0.0106169,True
41,3,22,P3,0.10766038,0.10766038,0.1166139,0.5,0.5,"[0, 8]",1.0,True,0.01267105,0.00229441,0.0106169,True
41,3,23,P4,0.10496823,-0.09346277,0.11687012,0.5,0.5,"[0, 8]",1.0,True,0.01267105,0.00229441,0.0106169,True
41,3,24,T5,0.10501887,0.07318096,0.11448144,0.5,0.5,"[0, 8]",1.0,True,0.01267105,0.00229441,0.0106169,True
41,3,25,T6,0.08132701,-0.06260926,0.09257976,0.5,0.5,"[0, 8]",1.0,True,0.01267105,0.00229441,0.0106169,True
41,3,26,Oz,0.07686792,0.04142956,0.0792332,0.5,0.5,"[0, 8]",1.0,True,0.01267105,0.00229441,0.0106169,True
41,3,27,O1,0.12156701,0.05557165,0.13215537,0.5,0.5,"[0, 8]",1.0,True,0.01267105,0.00229441,0.0106169,True
41,3,28,O2,0.14424294,-0.02408325,0.14707331,0.5,0.5,"[0, 8]",1.0,True,0.01267105,0.00229441,0.0106169,True
41,4,0,Fp1,0.08954368,-0.08885202,0.10902221,0.875,0.875,"[5, 3]",0.625,False,0.39706234,0.10408194,0.33269314,True
41,4,1,Fp2,0.07795923,0.00573996,0.09935858,0.875,0.875,"[5, 3]",0.625,False,0.39706234,0.10408194,0.33269314,True
41,4,2,Fz,0.08496722,-0.07276169,0.10175128,0.875,0.875,"[5, 3]",0.625,False,0.39706234,0.10408194,0.33269314,True
41,4,3,F3,0.115482,0.05776426,0.11882488,0.875,0.875,"[5, 3]",0.625,False,0.39706234,0.10408194,0.33269314,True
41,4,4,F4,0.11311223,0.01066226,0.1276212,0.875,0.875,"[5, 3]",0.625,False,0.39706234,0.10408194,0.33269314,True
41,4,5,F7,0.07149239,0.06524308,0.08647774,0.875,0.875,"[5, 3]",0.625,False,0.39706234,0.10408194,0.33269314,True
41,4,6,F8,0.07867075,-0.01647918,0.0868073,0.875,0.875,"[5, 3]",0.625,False,0.39706234,0.10408194,0.33269314,True
41,4,7,FCz,0.10498606,0.10498606,0.1088261,0.875,0.875,"[5, 3]",0.625,False,0.39706234,0.10408194,0.33269314,True
41,4,8,FC3,0.04238702,0.01396265,0.06019038,0.875,0.875,"[5, 3]",0.625,False,0.39706234,0.10408194,0.33269314,True
41,4,9,FC4,0.05052876,-0.02868163,0.05900474,0.875,0.875,"[5, 3]",0.625,False,0.39706234,0.10408194,0.33269314,True
41,4,10,FT7,0.08757496,-0.06807585,0.09486268,0.875,0.875,"[5, 3]",0.625,False,0.39706234,0.10408194,0.33269314,True
41,4,11,FT8,0.10247036,0.02543638,0.11672303,0.875,0.875,"[5, 3]",0.625,False,0.39706234,0.10408194,0.33269314,True
41,4,12,Cz,0.07216975,0.06971504,0.09043651,0.875,0.875,"[5, 3]",0.625,False,0.39706234,0.10408194,0.33269314,True
41,4,13,C3,0.09280959,0.04367627,0.09791069,0.875,0.875,"[5, 3]",0.625,False,0.39706234,0.10408194,0.33269314,True
41,4,14,C4,0.08028115,-0.06330309,0.10484815,0.875,0.875,"[5, 3]",0.625,False,0.39706234,0.10408194,0.33269314,True
41,4,15,T3,0.1116771,0.1116771,0.11979575,0.875,0.875,"[5, 3]",0.625,False,0.39706234,0.10408194,0.33269314,True
41,4,16,T4,0.11203459,0.06144224,0.12494141,0.875,0.875,"[5, 3]",0.625,False,0.39706234,0.10408194,0.33269314,True
41,4,17,CP3,0.13092706,-0.01041821,0.15414529,0.875,0.875,"[5, 3]",0.625,False,0.39706234,0.10408194,0.33269314,True
41,4,18,CP4,0.13708647,0.03551601,0.15220349,0.875,0.875,"[5, 3]",0.625,False,0.39706234,0.10408194,0.33269314,True
41,4,19,TP7,0.09394376,-0.01562942,0.09871578,0.875,0.875,"[5, 3]",0.625,False,0.39706234,0.10408194,0.33269314,True
41,4,20,TP8,0.12961814,-0.04063406,0.14438272,0.875,0.875,"[5, 3]",0.625,False,0.39706234,0.10408194,0.33269314,True
41,4,21,Pz,0.14218473,-0.01600528,0.14606063,0.875,0.875,"[5, 3]",0.625,False,0.39706234,0.10408194,0.33269314,True
41,4,22,P3,0.07068631,0.06889737,0.08448175,0.875,0.875,"[5, 3]",0.625,False,0.39706234,0.10408194,0.33269314,True
41,4,23,P4,0.07990477,-0.07990477,0.09106985,0.875,0.875,"[5, 3]",0.625,False,0.39706234,0.10408194,0.33269314,True
41,4,24,T5,0.11150596,0.08620486,0.12537307,0.875,0.875,"[5, 3]",0.625,False,0.39706234,0.10408194,0.33269314,True
41,4,25,T6,0.07578282,-0.04782201,0.08870617,0.875,0.875,"[5, 3]",0.625,False,0.39706234,0.10408194,0.33269314,True
41,4,26,Oz,0.08178414,0.05521709,0.08711116,0.875,0.875,"[5, 3]",0.625,False,0.39706234,0.10408194,0.33269314,True
41,4,27,O1,0.13387306,0.07639223,0.14925897,0.875,0.875,"[5, 3]",0.625,False,0.39706234,0.10408194,0.33269314,True
41,4,28,O2,0.13234033,-0.01835106,0.1356277,0.875,0.875,"[5, 3]",0.625,False,0.39706234,0.10408194,0.33269314,True
41,5,0,Fp1,0.10634509,-0.09387121,0.11917739,0.5,0.5,"[0, 8]",1.0,True,0.03862035,0.00787819,0.03235947,True
41,5,1,Fp2,0.0813984,0.06430879,0.09823852,0.5,0.5,"[0, 8]",1.0,True,0.03862035,0.00787819,0.03235947,True
41,5,2,Fz,0.1022565,-0.0966142,0.11519616,0.5,0.5,"[0, 8]",1.0,True,0.03862035,0.00787819,0.03235947,True
41,5,3,F3,0.08704577,0.02636035,0.09419057,0.5,0.5,"[0, 8]",1.0,True,0.03862035,0.00787819,0.03235947,True
41,5,4,F4,0.09801091,0.01637636,0.10675642,0.5,0.5,"[0, 8]",1.0,True,0.03862035,0.00787819,0.03235947,True
41,5,5,F7,0.08081626,0.07758415,0.09358453,0.5,0.5,"[0, 8]",1.0,True,0.03862035,0.00787819,0.03235947,True
41,5,6,F8,0.07688725,-0.02548496,0.07861198,0.5,0.5,"[0, 8]",1.0,True,0.03862035,0.00787819,0.03235947,True
41,5,7,FCz,0.10014211,0.10014211,0.11358929,0.5,0.5,"[0, 8]",1.0,True,0.03862035,0.00787819,0.03235947,True
41,5,8,FC3,0.02931464,0.00316885,0.0366206,0.5,0.5,"[0, 8]",1.0,True,0.03862035,0.00787819,0.03235947,True
41,5,9,FC4,0.05730471,-0.05730471,0.07343173,0.5,0.5,"[0, 8]",1.0,True,0.03862035,0.00787819,0.03235947,True
41,5,10,FT7,0.09212413,-0.06205993,0.10641462,0.5,0.5,"[0, 8]",1.0,True,0.03862035,0.00787819,0.03235947,True
41,5,11,FT8,0.07994807,-0.00246629,0.09791164,0.5,0.5,"[0, 8]",1.0,True,0.03862035,0.00787819,0.03235947,True
41,5,12,Cz,0.07580603,0.07580603,0.09303994,0.5,0.5,"[0, 8]",1.0,True,0.03862035,0.00787819,0.03235947,True
41,5,13,C3,0.11474776,0.07036858,0.11672901,0.5,0.5,"[0, 8]",1.0,True,0.03862035,0.00787819,0.03235947,True
41,5,14,C4,0.08384763,-0.07588987,0.09539425,0.5,0.5,"[0, 8]",1.0,True,0.03862035,0.00787819,0.03235947,True
41,5,15,T3,0.12291238,0.12291238,0.12855434,0.5,0.5,"[0, 8]",1.0,True,0.03862035,0.00787819,0.03235947,True
41,5,16,T4,0.12167254,0.01364884,0.13486442,0.5,0.5,"[0, 8]",1.0,True,0.03862035,0.00787819,0.03235947,True
41,5,17,CP3,0.12184224,0.03099843,0.13965839,0.5,0.5,"[0, 8]",1.0,True,0.03862035,0.00787819,0.03235947,True
41,5,18,CP4,0.11142397,0.03230196,0.12939563,0.5,0.5,"[0, 8]",1.0,True,0.03862035,0.00787819,0.03235947,True
41,5,19,TP7,0.08712032,-0.0199925,0.09725017,0.5,0.5,"[0, 8]",1.0,True,0.03862035,0.00787819,0.03235947,True
41,5,20,TP8,0.09188917,-0.06216151,0.11238319,0.5,0.5,"[0, 8]",1.0,True,0.03862035,0.00787819,0.03235947,True
41,5,21,Pz,0.15312545,0.00605129,0.15330899,0.5,0.5,"[0, 8]",1.0,True,0.03862035,0.00787819,0.03235947,True
41,5,22,P3,0.10855696,0.10855696,0.11728251,0.5,0.5,"[0, 8]",1.0,True,0.03862035,0.00787819,0.03235947,True
41,5,23,P4,0.10547088,-0.09470783,0.11784793,0.5,0.5,"[0, 8]",1.0,True,0.03862035,0.00787819,0.03235947,True
41,5,24,T5,0.10580738,0.07181503,0.1144046,0.5,0.5,"[0, 8]",1.0,True,0.03862035,0.00787819,0.03235947,True
41,5,25,T6,0.0828344,-0.06501199,0.09448988,0.5,0.5,"[0, 8]",1.0,True,0.03862035,0.00787819,0.03235947,True
41,5,26,Oz,0.07784896,0.0408504,0.08031443,0.5,0.5,"[0, 8]",1.0,True,0.03862035,0.00787819,0.03235947,True
41,5,27,O1,0.11978431,0.05507206,0.13037863,0.5,0.5,"[0, 8]",1.0,True,0.03862035,0.00787819,0.03235947,True
41,5,28,O2,0.14570011,-0.02484423,0.14855538,0.5,0.5,"[0, 8]",1.0,True,0.03862035,0.00787819,0.03235947,True
42,1,0,Fp1,0.10955353,-0.09651183,0.12252238,0.5,0.5,"[0, 8]",1.0,True,0.01252854,0.00236823,0.01049749,True
42,1,1,Fp2,0.07798073,0.06069814,0.0956707,0.5,0.5,"[0, 8]",1.0,True,0.01252854,0.00236823,0.01049749,True
42,1,2,Fz,0.10458191,-0.0997964,0.11855376,0.5,0.5,"[0, 8]",1.0,True,0.01252854,0.00236823,0.01049749,True
42,1,3,F3,0.08658973,0.02729922,0.09340134,0.5,0.5,"[0, 8]",1.0,True,0.01252854,0.00236823,0.01049749,True
42,1,4,F4,0.09699857,0.01194793,0.10730102,0.5,0.5,"[0, 8]",1.0,True,0.01252854,0.00236823,0.01049749,True
42,1,5,F7,0.0842023,0.08096246,0.09728649,0.5,0.5,"[0, 8]",1.0,True,0.01252854,0.00236823,0.01049749,True
42,1,6,F8,0.07743365,-0.02964721,0.0783334,0.5,0.5,"[0, 8]",1.0,True,0.01252854,0.00236823,0.01049749,True
42,1,7,FCz,0.09808601,0.09808601,0.1136412,0.5,0.5,"[0, 8]",1.0,True,0.01252854,0.00236823,0.01049749,True
42,1,8,FC3,0.03094956,0.00546794,0.03801994,0.5,0.5,"[0, 8]",1.0,True,0.01252854,0.00236823,0.01049749,True
42,1,9,FC4,0.05798731,-0.05798731,0.07649099,0.5,0.5,"[0, 8]",1.0,True,0.01252854,0.00236823,0.01049749,True
42,1,10,FT7,0.09139714,-0.05875199,0.10469201,0.5,0.5,"[0, 8]",1.0,True,0.01252854,0.00236823,0.01049749,True
42,1,11,FT8,0.07973626,-0.00241032,0.09714642,0.5,0.5,"[0, 8]",1.0,True,0.01252854,0.00236823,0.01049749,True
42,1,12,Cz,0.07796601,0.0758279,0.09342068,0.5,0.5,"[0, 8]",1.0,True,0.01252854,0.00236823,0.01049749,True
42,1,13,C3,0.11524373,0.07291362,0.11749501,0.5,0.5,"[0, 8]",1.0,True,0.01252854,0.00236823,0.01049749,True
42,1,14,C4,0.08529627,-0.07453391,0.09559574,0.5,0.5,"[0, 8]",1.0,True,0.01252854,0.00236823,0.01049749,True
42,1,15,T3,0.12539773,0.12539773,0.13070765,0.5,0.5,"[0, 8]",1.0,True,0.01252854,0.00236823,0.01049749,True
42,1,16,T4,0.12142003,0.0147428,0.13408709,0.5,0.5,"[0, 8]",1.0,True,0.01252854,0.00236823,0.01049749,True
42,1,17,CP3,0.12123986,0.0333976,0.14005575,0.5,0.5,"[0, 8]",1.0,True,0.01252854,0.00236823,0.01049749,True
42,1,18,CP4,0.11182284,0.03569276,0.12812908,0.5,0.5,"[0, 8]",1.0,True,0.01252854,0.00236823,0.01049749,True
42,1,19,TP7,0.0841501,-0.0182657,0.0939137,0.5,0.5,"[0, 8]",1.0,True,0.01252854,0.00236823,0.01049749,True
42,1,20,TP8,0.08990605,-0.05862959,0.10855377,0.5,0.5,"[0, 8]",1.0,True,0.01252854,0.00236823,0.01049749,True
42,1,21,Pz,0.1523408,0.00730515,0.15254526,0.5,0.5,"[0, 8]",1.0,True,0.01252854,0.00236823,0.01049749,True
42,1,22,P3,0.10864772,0.10864772,0.11769628,0.5,0.5,"[0, 8]",1.0,True,0.01252854,0.00236823,0.01049749,True
42,1,23,P4,0.10436724,-0.09196887,0.11591291,0.5,0.5,"[0, 8]",1.0,True,0.01252854,0.00236823,0.01049749,True
42,1,24,T5,0.10394278,0.07282478,0.11345603,0.5,0.5,"[0, 8]",1.0,True,0.01252854,0.00236823,0.01049749,True
42,1,25,T6,0.08085047,-0.0615257,0.09201329,0.5,0.5,"[0, 8]",1.0,True,0.01252854,0.00236823,0.01049749,True
42,1,26,Oz,0.0773586,0.04258782,0.07985493,0.5,0.5,"[0, 8]",1.0,True,0.01252854,0.00236823,0.01049749,True
42,1,27,O1,0.12182064,0.05679957,0.13228546,0.5,0.5,"[0, 8]",1.0,True,0.01252854,0.00236823,0.01049749,True
42,1,28,O2,0.14486298,-0.02336646,0.14757738,0.5,0.5,"[0, 8]",1.0,True,0.01252854,0.00236823,0.01049749,True
42,2,0,Fp1,0.0854712,-0.0854712,0.08814706,0.75,0.75,"[4, 4]",0.5,False,1.27577825,0.3172558,1.06895726,True
42,2,1,Fp2,0.05557396,0.03556332,0.05958755,0.75,0.75,"[4, 4]",0.5,False,1.27577825,0.3172558,1.06895726,True
42,2,2,Fz,0.0925515,0.00654223,0.11177336,0.75,0.75,"[4, 4]",0.5,False,1.27577825,0.3172558,1.06895726,True
42,2,3,F3,0.07046068,0.01443998,0.07512309,0.75,0.75,"[4, 4]",0.5,False,1.27577825,0.3172558,1.06895726,True
42,2,4,F4,0.04678319,-0.01585184,0.05073336,0.75,0.75,"[4, 4]",0.5,False,1.27577825,0.3172558,1.06895726,True
42,2,5,F7,0.10494146,0.06908316,0.12662907,0.75,0.75,"[4, 4]",0.5,False,1.27577825,0.3172558,1.06895726,True
42,2,6,F8,0.08977304,0.03628795,0.09188843,0.75,0.75,"[4, 4]",0.5,False,1.27577825,0.3172558,1.06895726,True
42,2,7,FCz,0.14907892,0.06667916,0.171693,0.75,0.75,"[4, 4]",0.5,False,1.27577825,0.3172558,1.06895726,True
42,2,8,FC3,0.12132193,-0.0400878,0.15502316,0.75,0.75,"[4, 4]",0.5,False,1.27577825,0.3172558,1.06895726,True
42,2,9,FC4,0.04496789,0.01852529,0.0530592,0.75,0.75,"[4, 4]",0.5,False,1.27577825,0.3172558,1.06895726,True
42,2,10,FT7,0.04351204,-0.02315515,0.06338753,0.75,0.75,"[4, 4]",0.5,False,1.27577825,0.3172558,1.06895726,True
42,2,11,FT8,0.1191245,0.09271808,0.14562622,0.75,0.75,"[4, 4]",0.5,False,1.27577825,0.3172558,1.06895726,True
42,2,12,Cz,0.05412245,-0.00320388,0.06521521,0.75,0.75,"[4, 4]",0.5,False,1.27577825,0.3172558,1.06895726,True
42,2,13,C3,0.13839978,0.06815432,0.16033208,0.75,0.75,"[4, 4]",0.5,False,1.27577825,0.3172558,1.06895726,True
42,2,14,C4,0.11292433,0.00552669,0.1308946,0.75,0.75,"[4, 4]",0.5,False,1.27577825,0.3172558,1.06895726,True
42,2,15,T3,0.08059764,0.00643457,0.10033727,0.75,0.75,"[4, 4]",0.5,False,1.27577825,0.3172558,1.06895726,True
42,2,16,T4,0.0995746,0.00646249,0.12026236,0.75,0.75,"[4, 4]",0.5,False,1.27577825,0.3172558,1.06895726,True
42,2,17,CP3,0.19954664,0.02892803,0.22098368,0.75,0.75,"[4, 4]",0.5,False,1.27577825,0.3172558,1.06895726,True
42,2,18,CP4,0.1251931,0.06940106,0.13976632,0.75,0.75,"[4, 4]",0.5,False,1.27577825,0.3172558,1.06895726,True
42,2,19,TP7,0.04318064,0.00863004,0.05311508,0.75,0.75,"[4, 4]",0.5,False,1.27577825,0.3172558,1.06895726,True
42,2,20,TP8,0.08574675,-0.05940046,0.09852892,0.75,0.75,"[4, 4]",0.5,False,1.27577825,0.3172558,1.06895726,True
42,2,21,Pz,0.07819904,-0.0236718,0.08949564,0.75,0.75,"[4, 4]",0.5,False,1.27577825,0.3172558,1.06895726,True
42,2,22,P3,0.0886709,0.03506335,0.11344579,0.75,0.75,"[4, 4]",0.5,False,1.27577825,0.3172558,1.06895726,True
42,2,23,P4,0.1090429,-0.10873266,0.12728745,0.75,0.75,"[4, 4]",0.5,False,1.27577825,0.3172558,1.06895726,True
42,2,24,T5,0.08676885,0.0559871,0.13698533,0.75,0.75,"[4, 4]",0.5,False,1.27577825,0.3172558,1.06895726,True
42,2,25,T6,0.13048753,0.07096348,0.14401422,0.75,0.75,"[4, 4]",0.5,False,1.27577825,0.3172558,1.06895726,True
42,2,26,Oz,0.08937348,0.00842946,0.09078115,0.75,0.75,"[4, 4]",0.5,False,1.27577825,0.3172558,1.06895726,True
42,2,27,O1,0.10931037,-0.0093216,0.11246848,0.75,0.75,"[4, 4]",0.5,False,1.27577825,0.3172558,1.06895726,True
42,2,28,O2,0.11114572,0.0174828,0.12403933,0.75,0.75,"[4, 4]",0.5,False,1.27577825,0.3172558,1.06895726,True
42,3,0,Fp1,0.08083574,-0.03044334,0.08302356,0.875,0.875,"[5, 3]",0.625,False,1.33510471,0.40191313,1.11866609,True
42,3,1,Fp2,0.02792275,0.02572687,0.03416455,0.875,0.875,"[5, 3]",0.625,False,1.33510471,0.40191313,1.11866609,True
42,3,2,Fz,0.11081971,-0.01229335,0.11598778,0.875,0.875,"[5, 3]",0.625,False,1.33510471,0.40191313,1.11866609,True
42,3,3,F3,0.06165969,0.03081495,0.06764816,0.875,0.875,"[5, 3]",0.625,False,1.33510471,0.40191313,1.11866609,True
42,3,4,F4,0.03447828,-0.01198769,0.04980807,0.875,0.875,"[5, 3]",0.625,False,1.33510471,0.40191313,1.11866609,True
42,3,5,F7,0.11794297,0.05618817,0.13824908,0.875,0.875,"[5, 3]",0.625,False,1.33510471,0.40191313,1.11866609,True
42,3,6,F8,0.07052992,-0.04480489,0.08331023,0.875,0.875,"[5, 3]",0.625,False,1.33510471,0.40191313,1.11866609,True
42,3,7,FCz,0.08357789,0.08135353,0.12327541,0.875,0.875,"[5, 3]",0.625,False,1.33510471,0.40191313,1.11866609,True
42,3,8,FC3,0.2174435,-0.2174435,0.24353348,0.875,0.875,"[5, 3]",0.625,False,1.33510471,0.40191313,1.11866609,True
42,3,9,FC4,0.06741076,0.0648523,0.07793812,0.875,0.875,"[5, 3]",0.625,False,1.33510471,0.40191313,1.11866609,True
42,3,10,FT7,0.06467391,0.00977528,0.07051036,0.875,0.875,"[5, 3]",0.625,False,1.33510471,0.40191313,1.11866609,True
42,3,11,FT8,0.15247238,0.15247238,0.16984399,0.875,0.875,"[5, 3]",0.625,False,1.33510471,0.40191313,1.11866609,True
42,3,12,Cz,0.07530214,-0.06288972,0.09499506,0.875,0.875,"[5, 3]",0.625,False,1.33510471,0.40191313,1.11866609,True
42,3,13,C3,0.08926956,0.08227666,0.12430641,0.875,0.875,"[5, 3]",0.625,False,1.33510471,0.40191313,1.11866609,True
42,3,14,C4,0.11804964,-0.01123177,0.15159528,0.875,0.875,"[5, 3]",0.625,False,1.33510471,0.40191313,1.11866609,True
42,3,15,T3,0.05493108,0.03324397,0.05691295,0.875,0.875,"[5, 3]",0.625,False,1.33510471,0.40191313,1.11866609,True
42,3,16,T4,0.08847789,0.00237135,0.09199439,0.875,0.875,"[5, 3]",0.625,False,1.33510471,0.40191313,1.11866609,True
42,3,17,CP3,0.17235622,0.01146127,0.1899264,0.875,0.875,"[5, 3]",0.625,False,1.33510471,0.40191313,1.11866609,True
42,3,18,CP4,0.15099998,-0.01888062,0.15252852,0.875,0.875,"[5, 3]",0.625,False,1.33510471,0.40191313,1.11866609,True
42,3,19,TP7,0.08147376,-0.00110706,0.08509609,0.875,0.875,"[5, 3]",0.625,False,1.33510471,0.40191313,1.11866609,True
42,3,20,TP8,0.07436246,0.02510003,0.08068691,0.875,0.875,"[5, 3]",0.625,False,1.33510471,0.40191313,1.11866609,True
42,3,21,Pz,0.12373773,-0.03313538,0.13033368,0.875,0.875,"[5, 3]",0.625,False,1.33510471,0.40191313,1.11866609,True
42,3,22,P3,0.13745223,0.13745223,0.14880362,0.875,0.875,"[5, 3]",0.625,False,1.33510471,0.40191313,1.11866609,True
42,3,23,P4,0.08378288,-0.07101156,0.09184709,0.875,0.875,"[5, 3]",0.625,False,1.33510471,0.40191313,1.11866609,True
42,3,24,T5,0.04763707,0.02473352,0.05551424,0.875,0.875,"[5, 3]",0.625,False,1.33510471,0.40191313,1.11866609,True
42,3,25,T6,0.10261872,0.00352598,0.12471383,0.875,0.875,"[5, 3]",0.625,False,1.33510471,0.40191313,1.11866609,True
42,3,26,Oz,0.15829566,0.080677,0.1679129,0.875,0.875,"[5, 3]",0.625,False,1.33510471,0.40191313,1.11866609,True
42,3,27,O1,0.08210149,-0.04395844,0.08622913,0.875,0.875,"[5, 3]",0.625,False,1.33510471,0.40191313,1.11866609,True
42,3,28,O2,0.05616333,-0.04503796,0.07762408,0.875,0.875,"[5, 3]",0.625,False,1.33510471,0.40191313,1.11866609,True
42,4,0,Fp1,0.109402,-0.09615791,0.12215896,0.375,0.375,"[1, 7]",0.875,False,0.01385576,0.00218309,0.01160955,True
42,4,1,Fp2,0.07752769,0.0602948,0.09526565,0.375,0.375,"[1, 7]",0.875,False,0.01385576,0.00218309,0.01160955,True
42,4,2,Fz,0.10408784,-0.09812963,0.11741306,0.375,0.375,"[1, 7]",0.875,False,0.01385576,0.00218309,0.01160955,True
42,4,3,F3,0.08763848,0.02727633,0.09448556,0.375,0.375,"[1, 7]",0.875,False,0.01385576,0.00218309,0.01160955,True
42,4,4,F4,0.097757,0.01333406,0.10770763,0.375,0.375,"[1, 7]",0.875,False,0.01385576,0.00218309,0.01160955,True
42,4,5,F7,0.08414596,0.08101828,0.09719919,0.375,0.375,"[1, 7]",0.875,False,0.01385576,0.00218309,0.01160955,True
42,4,6,F8,0.07730229,-0.02912577,0.07837267,0.375,0.375,"[1, 7]",0.875,False,0.01385576,0.00218309,0.01160955,True
42,4,7,FCz,0.09927832,0.09927832,0.11510023,0.375,0.375,"[1, 7]",0.875,False,0.01385576,0.00218309,0.01160955,True
42,4,8,FC3,0.03149166,0.0065449,0.0381998,0.375,0.375,"[1, 7]",0.875,False,0.01385576,0.00218309,0.01160955,True
42,4,9,FC4,0.05680974,-0.05680974,0.07552496,0.375,0.375,"[1, 7]",0.875,False,0.01385576,0.00218309,0.01160955,True
42,4,10,FT7,0.09122424,-0.05886618,0.10475908,0.375,0.375,"[1, 7]",0.875,False,0.01385576,0.00218309,0.01160955,True
42,4,11,FT8,0.0801049,-0.00346443,0.09765771,0.375,0.375,"[1, 7]",0.875,False,0.01385576,0.00218309,0.01160955,True
42,4,12,Cz,0.07838228,0.07619365,0.09357152,0.375,0.375,"[1, 7]",0.875,False,0.01385576,0.00218309,0.01160955,True
42,4,13,C3,0.11558093,0.07387906,0.11798658,0.375,0.375,"[1, 7]",0.875,False,0.01385576,0.00218309,0.01160955,True
42,4,14,C4,0.08462,-0.07384621,0.09489327,0.375,0.375,"[1, 7]",0.875,False,0.01385576,0.00218309,0.01160955,True
42,4,15,T3,0.12510593,0.12510593,0.13046522,0.375,0.375,"[1, 7]",0.875,False,0.01385576,0.00218309,0.01160955,True
42,4,16,T4,0.12164769,0.01443543,0.1342236,0.375,0.375,"[1, 7]",0.875,False,0.01385576,0.00218309,0.01160955,True
42,4,17,CP3,0.12117457,0.03394475,0.14016046,0.375,0.375,"[1, 7]",0.875,False,0.01385576,0.00218309,0.01160955,True
42,4,18,CP4,0.11153445,0.0359416,0.12806036,0.375,0.375,"[1, 7]",0.875,False,0.01385576,0.00218309,0.01160955,True
42,4,19,TP7,0.08449144,-0.01951819,0.09428839,0.375,0.375,"[1, 7]",0.875,False,0.01385576,0.00218309,0.01160955,True
42,4,20,TP8,0.09029551,-0.05923432,0.10914735,0.375,0.375,"[1, 7]",0.875,False,0.01385576,0.00218309,0.01160955,True
42,4,21,Pz,0.15244208,0.00768539,0.15266453,0.375,0.375,"[1, 7]",0.875,False,0.01385576,0.00218309,0.01160955,True
42,4,22,P3,0.10977198,0.10977198,0.11878433,0.375,0.375,"[1, 7]",0.875,False,0.01385576,0.00218309,0.01160955,True
42,4,23,P4,0.10433122,-0.09173913,0.11577989,0.375,0.375,"[1, 7]",0.875,False,0.01385576,0.00218309,0.01160955,True
42,4,24,T5,0.10432161,0.07273048,0.11393774,0.375,0.375,"[1, 7]",0.875,False,0.01385576,0.00218309,0.01160955,True
42,4,25,T6,0.08037036,-0.06235353,0.09194745,0.375,0.375,"[1, 7]",0.875,False,0.01385576,0.00218309,0.01160955,True
42,4,26,Oz,0.0770791,0.04219133,0.07967718,0.375,0.375,"[1, 7]",0.875,False,0.01385576,0.00218309,0.01160955,True
42,4,27,O1,0.12227783,0.05633235,0.13305916,0.375,0.375,"[1, 7]",0.875,False,0.01385576,0.00218309,0.01160955,True
42,4,28,O2,0.14472076,-0.02409279,0.147478,0.375,0.375,"[1, 7]",0.875,False,0.01385576,0.00218309,0.01160955,True
42,5,0,Fp1,0.10981217,-0.09787042,0.12331039,0.5,0.5,"[0, 8]",1.0,True,0.02108882,0.00429395,0.01767004,True
42,5,1,Fp2,0.07730856,0.06012377,0.09500267,0.5,0.5,"[0, 8]",1.0,True,0.02108882,0.00429395,0.01767004,True
42,5,2,Fz,0.10406701,-0.10054373,0.11871754,0.5,0.5,"[0, 8]",1.0,True,0.02108882,0.00429395,0.01767004,True
42,5,3,F3,0.08679061,0.02645683,0.09421134,0.5,0.5,"[0, 8]",1.0,True,0.02108882,0.00429395,0.01767004,True
42,5,4,F4,0.09671938,0.01153709,0.10741675,0.5,0.5,"[0, 8]",1.0,True,0.02108882,0.00429395,0.01767004,True
42,5,5,F7,0.08512875,0.08060564,0.09769662,0.5,0.5,"[0, 8]",1.0,True,0.02108882,0.00429395,0.01767004,True
42,5,6,F8,0.07675454,-0.02906469,0.07774433,0.5,0.5,"[0, 8]",1.0,True,0.02108882,0.00429395,0.01767004,True
42,5,7,FCz,0.0976341,0.0976341,0.11369051,0.5,0.5,"[0, 8]",1.0,True,0.02108882,0.00429395,0.01767004,True
42,5,8,FC3,0.0294753,0.00390688,0.03679597,0.5,0.5,"[0, 8]",1.0,True,0.02108882,0.00429395,0.01767004,True
42,5,9,FC4,0.05775738,-0.05775738,0.07610301,0.5,0.5,"[0, 8]",1.0,True,0.02108882,0.00429395,0.01767004,True
42,5,10,FT7,0.09152499,-0.05838707,0.1044886,0.5,0.5,"[0, 8]",1.0,True,0.02108882,0.00429395,0.01767004,True
42,5,11,FT8,0.08110178,-0.00161457,0.09845588,0.5,0.5,"[0, 8]",1.0,True,0.02108882,0.00429395,0.01767004,True
42,5,12,Cz,0.07784471,0.07547855,0.09304909,0.5,0.5,"[0, 8]",1.0,True,0.02108882,0.00429395,0.01767004,True
42,5,13,C3,0.11389197,0.07215586,0.11611821,0.5,0.5,"[0, 8]",1.0,True,0.02108882,0.00429395,0.01767004,True
42,5,14,C4,0.08452013,-0.07449722,0.09497538,0.5,0.5,"[0, 8]",1.0,True,0.02108882,0.00429395,0.01767004,True
42,5,15,T3,0.12592611,0.12592611,0.13120313,0.5,0.5,"[0, 8]",1.0,True,0.02108882,0.00429395,0.01767004,True
42,5,16,T4,0.120563,0.0156739,0.13325556,0.5,0.5,"[0, 8]",1.0,True,0.02108882,0.00429395,0.01767004,True
42,5,17,CP3,0.12104726,0.03371992,0.14029309,0.5,0.5,"[0, 8]",1.0,True,0.02108882,0.00429395,0.01767004,True
42,5,18,CP4,0.11188214,0.03615063,0.12779465,0.5,0.5,"[0, 8]",1.0,True,0.02108882,0.00429395,0.01767004,True
42,5,19,TP7,0.08324249,-0.01840873,0.09274484,0.5,0.5,"[0, 8]",1.0,True,0.02108882,0.00429395,0.01767004,True
42,5,20,TP8,0.09064247,-0.05785324,0.10880511,0.5,0.5,"[0, 8]",1.0,True,0.02108882,0.00429395,0.01767004,True
42,5,21,Pz,0.15247494,0.00794426,0.15271635,0.5,0.5,"[0, 8]",1.0,True,0.02108882,0.00429395,0.01767004,True
42,5,22,P3,0.10872057,0.10872057,0.11741552,0.5,0.5,"[0, 8]",1.0,True,0.02108882,0.00429395,0.01767004,True
42,5,23,P4,0.10401042,-0.09121139,0.11537824,0.5,0.5,"[0, 8]",1.0,True,0.02108882,0.00429395,0.01767004,True
42,5,24,T5,0.10434109,0.07392314,0.11436742,0.5,0.5,"[0, 8]",1.0,True,0.02108882,0.00429395,0.01767004,True
42,5,25,T6,0.07980949,-0.06092975,0.09099189,0.5,0.5,"[0, 8]",1.0,True,0.02108882,0.00429395,0.01767004,True
42,5,26,Oz,0.07787746,0.04369043,0.08043952,0.5,0.5,"[0, 8]",1.0,True,0.02108882,0.00429395,0.01767004,True
42,5,27,O1,0.12338269,0.0570643,0.13403948,0.5,0.5,"[0, 8]",1.0,True,0.02108882,0.00429395,0.01767004,True
42,5,28,O2,0.14471419,-0.02297984,0.14733312,0.5,0.5,"[0, 8]",1.0,True,0.02108882,0.00429395,0.01767004,True
43,1,0,Fp1,0.10978217,-0.09578612,0.12239999,0.5,0.5,"[0, 8]",1.0,True,0.01090864,0.0022783,0.0091402,True
43,1,1,Fp2,0.07758073,0.06101653,0.09556113,0.5,0.5,"[0, 8]",1.0,True,0.01090864,0.0022783,0.0091402,True
43,1,2,Fz,0.10413814,-0.09794585,0.11729664,0.5,0.5,"[0, 8]",1.0,True,0.01090864,0.0022783,0.0091402,True
43,1,3,F3,0.08765996,0.02757958,0.0943395,0.5,0.5,"[0, 8]",1.0,True,0.01090864,0.0022783,0.0091402,True
43,1,4,F4,0.09773324,0.01230299,0.10795096,0.5,0.5,"[0, 8]",1.0,True,0.01090864,0.0022783,0.0091402,True
43,1,5,F7,0.0840638,0.0821446,0.0980143,0.5,0.5,"[0, 8]",1.0,True,0.01090864,0.0022783,0.0091402,True
43,1,6,F8,0.07775504,-0.02980612,0.07860955,0.5,0.5,"[0, 8]",1.0,True,0.01090864,0.0022783,0.0091402,True
43,1,7,FCz,0.09958186,0.09958186,0.11498837,0.5,0.5,"[0, 8]",1.0,True,0.01090864,0.0022783,0.0091402,True
43,1,8,FC3,0.02997859,0.00602615,0.03633931,0.5,0.5,"[0, 8]",1.0,True,0.01090864,0.0022783,0.0091402,True
43,1,9,FC4,0.05855456,-0.05855456,0.07694476,0.5,0.5,"[0, 8]",1.0,True,0.01090864,0.0022783,0.0091402,True
43,1,10,FT7,0.09081997,-0.05829852,0.10462362,0.5,0.5,"[0, 8]",1.0,True,0.01090864,0.0022783,0.0091402,True
43,1,11,FT8,0.08019023,-0.00359695,0.09691476,0.5,0.5,"[0, 8]",1.0,True,0.01090864,0.0022783,0.0091402,True
43,1,12,Cz,0.07754609,0.07599518,0.09300364,0.5,0.5,"[0, 8]",1.0,True,0.01090864,0.0022783,0.0091402,True
43,1,13,C3,0.11629669,0.07260702,0.11852029,0.5,0.5,"[0, 8]",1.0,True,0.01090864,0.0022783,0.0091402,True
43,1,14,C4,0.08634438,-0.07568844,0.09692653,0.5,0.5,"[0, 8]",1.0,True,0.01090864,0.0022783,0.0091402,True
43,1,15,T3,0.12716204,0.12716204,0.1324608,0.5,0.5,"[0, 8]",1.0,True,0.01090864,0.0022783,0.0091402,True
43,1,16,T4,0.1213468,0.01310077,0.1338039,0.5,0.5,"[0, 8]",1.0,True,0.01090864,0.0022783,0.0091402,True
43,1,17,CP3,0.12051621,0.03321353,0.13936016,0.5,0.5,"[0, 8]",1.0,True,0.01090864,0.0022783,0.0091402,True
43,1,18,CP4,0.11070873,0.03463008,0.12752292,0.5,0.5,"[0, 8]",1.0,True,0.01090864,0.0022783,0.0091402,True
43,1,19,TP7,0.08381217,-0.0190529,0.09388096,0.5,0.5,"[0, 8]",1.0,True,0.01090864,0.0022783,0.0091402,True
43,1,20,TP8,0.08875687,-0.05970144,0.1082342,0.5,0.5,"[0, 8]",1.0,True,0.01090864,0.0022783,0.0091402,True
43,1,21,Pz,0.15256563,0.00654335,0.15273076,0.5,0.5,"[0, 8]",1.0,True,0.01090864,0.0022783,0.0091402,True
43,1,22,P3,0.10822631,0.10822631,0.11715329,0.5,0.5,"[0, 8]",1.0,True,0.01090864,0.0022783,0.0091402,True
43,1,23,P4,0.10443048,-0.09310462,0.11650844,0.5,0.5,"[0, 8]",1.0,True,0.01090864,0.0022783,0.0091402,True
43,1,24,T5,0.10467445,0.07319309,0.11403791,0.5,0.5,"[0, 8]",1.0,True,0.01090864,0.0022783,0.0091402,True
43,1,25,T6,0.08172294,-0.06275343,0.09277868,0.5,0.5,"[0, 8]",1.0,True,0.01090864,0.0022783,0.0091402,True
43,1,26,Oz,0.07754776,0.0420397,0.07992136,0.5,0.5,"[0, 8]",1.0,True,0.01090864,0.0022783,0.0091402,True
43,1,27,O1,0.1211999,0.05593455,0.13186675,0.5,0.5,"[0, 8]",1.0,True,0.01090864,0.0022783,0.0091402,True
43,1,28,O2,0.14476605,-0.02434473,0.14759512,0.5,0.5,"[0, 8]",1.0,True,0.01090864,0.0022783,0.0091402,True
43,2,0,Fp1,0.10997242,-0.09593032,0.12245384,0.5,0.5,"[0, 8]",1.0,True,0.01487203,0.00227615,0.01246107,True
43,2,1,Fp2,0.07719985,0.0608539,0.09565979,0.5,0.5,"[0, 8]",1.0,True,0.01487203,0.00227615,0.01246107,True
43,2,2,Fz,0.10336404,-0.09814946,0.11696585,0.5,0.5,"[0, 8]",1.0,True,0.01487203,0.00227615,0.01246107,True
43,2,3,F3,0.086766,0.02746443,0.09371997,0.5,0.5,"[0, 8]",1.0,True,0.01487203,0.00227615,0.01246107,True
43,2,4,F4,0.09814245,0.01229452,0.10855439,0.5,0.5,"[0, 8]",1.0,True,0.01487203,0.00227615,0.01246107,True
43,2,5,F7,0.08468597,0.08295716,0.09883181,0.5,0.5,"[0, 8]",1.0,True,0.01487203,0.00227615,0.01246107,True
43,2,6,F8,0.07736464,-0.03008666,0.07823054,0.5,0.5,"[0, 8]",1.0,True,0.01487203,0.00227615,0.01246107,True
43,2,7,FCz,0.09930579,0.09930579,0.11507709,0.5,0.5,"[0, 8]",1.0,True,0.01487203,0.00227615,0.01246107,True
43,2,8,FC3,0.02980828,0.00573401,0.03621765,0.5,0.5,"[0, 8]",1.0,True,0.01487203,0.00227615,0.01246107,True
43,2,9,FC4,0.05914272,-0.05914272,0.07750743,0.5,0.5,"[0, 8]",1.0,True,0.01487203,0.00227615,0.01246107,True
43,2,10,FT7,0.0901399,-0.05779088,0.10427489,0.5,0.5,"[0, 8]",1.0,True,0.01487203,0.00227615,0.01246107,True
43,2,11,FT8,0.0805262,-0.00408375,0.09719306,0.5,0.5,"[0, 8]",1.0,True,0.01487203,0.00227615,0.01246107,True
43,2,12,Cz,0.07848997,0.07639766,0.0938099,0.5,0.5,"[0, 8]",1.0,True,0.01487203,0.00227615,0.01246107,True
43,2,13,C3,0.11576355,0.07234895,0.11798322,0.5,0.5,"[0, 8]",1.0,True,0.01487203,0.00227615,0.01246107,True
43,2,14,C4,0.08674952,-0.07606299,0.09733016,0.5,0.5,"[0, 8]",1.0,True,0.01487203,0.00227615,0.01246107,True
43,2,15,T3,0.1275963,0.1275963,0.13306631,0.5,0.5,"[0, 8]",1.0,True,0.01487203,0.00227615,0.01246107,True
43,2,16,T4,0.12264971,0.01283024,0.13522695,0.5,0.5,"[0, 8]",1.0,True,0.01487203,0.00227615,0.01246107,True
43,2,17,CP3,0.12113851,0.03306695,0.14012091,0.5,0.5,"[0, 8]",1.0,True,0.01487203,0.00227615,0.01246107,True
43,2,18,CP4,0.1095653,0.0341723,0.12657683,0.5,0.5,"[0, 8]",1.0,True,0.01487203,0.00227615,0.01246107,True
43,2,19,TP7,0.08425199,-0.01880189,0.09375146,0.5,0.5,"[0, 8]",1.0,True,0.01487203,0.00227615,0.01246107,True
43,2,20,TP8,0.08877842,-0.05952593,0.10827541,0.5,0.5,"[0, 8]",1.0,True,0.01487203,0.00227615,0.01246107,True
43,2,21,Pz,0.152427,0.00693864,0.15260141,0.5,0.5,"[0, 8]",1.0,True,0.01487203,0.00227615,0.01246107,True
43,2,22,P3,0.10832307,0.10832307,0.11712106,0.5,0.5,"[0, 8]",1.0,True,0.01487203,0.00227615,0.01246107,True
43,2,23,P4,0.10441334,-0.09337784,0.11667579,0.5,0.5,"[0, 8]",1.0,True,0.01487203,0.00227615,0.01246107,True
43,2,24,T5,0.10457961,0.07373871,0.11415692,0.5,0.5,"[0, 8]",1.0,True,0.01487203,0.00227615,0.01246107,True
43,2,25,T6,0.082387,-0.06262244,0.09334172,0.5,0.5,"[0, 8]",1.0,True,0.01487203,0.00227615,0.01246107,True
43,2,26,Oz,0.07651389,0.04172003,0.07886168,0.5,0.5,"[0, 8]",1.0,True,0.01487203,0.00227615,0.01246107,True
43,2,27,O1,0.12233192,0.05645257,0.13322584,0.5,0.5,"[0, 8]",1.0,True,0.01487203,0.00227615,0.01246107,True
43,2,28,O2,0.14485331,-0.02451938,0.1476877,0.5,0.5,"[0, 8]",1.0,True,0.01487203,0.00227615,0.01246107,True
43,3,0,Fp1,0.10919782,-0.0950283,0.12178675,0.5,0.5,"[0, 8]",1.0,True,0.0103106,0.0020918,0.00863911,True
43,3,1,Fp2,0.07774853,0.06121448,0.09548721,0.5,0.5,"[0, 8]",1.0,True,0.0103106,0.0020918,0.00863911,True
43,3,2,Fz,0.10390162,-0.0978789,0.11711306,0.5,0.5,"[0, 8]",1.0,True,0.0103106,0.0020918,0.00863911,True
43,3,3,F3,0.08726858,0.02772932,0.09399394,0.5,0.5,"[0, 8]",1.0,True,0.0103106,0.0020918,0.00863911,True
43,3,4,F4,0.09751151,0.01227667,0.10792444,0.5,0.5,"[0, 8]",1.0,True,0.0103106,0.0020918,0.00863911,True
43,3,5,F7,0.08451383,0.0823465,0.09837626,0.5,0.5,"[0, 8]",1.0,True,0.0103106,0.0020918,0.00863911,True
43,3,6,F8,0.07839864,-0.03093487,0.07918475,0.5,0.5,"[0, 8]",1.0,True,0.0103106,0.0020918,0.00863911,True
43,3,7,FCz,0.09962074,0.09962074,0.11453038,0.5,0.5,"[0, 8]",1.0,True,0.0103106,0.0020918,0.00863911,True
43,3,8,FC3,0.03049689,0.0057658,0.03696103,0.5,0.5,"[0, 8]",1.0,True,0.0103106,0.0020918,0.00863911,True
43,3,9,FC4,0.05830493,-0.05830493,0.07654845,0.5,0.5,"[0, 8]",1.0,True,0.0103106,0.0020918,0.00863911,True
43,3,10,FT7,0.0913471,-0.05865416,0.10510882,0.5,0.5,"[0, 8]",1.0,True,0.0103106,0.0020918,0.00863911,True
43,3,11,FT8,0.08015073,-0.00424531,0.09685636,0.5,0.5,"[0, 8]",1.0,True,0.0103106,0.0020918,0.00863911,True
43,3,12,Cz,0.07771607,0.07587454,0.09321614,0.5,0.5,"[0, 8]",1.0,True,0.0103106,0.0020918,0.00863911,True
43,3,13,C3,0.11560962,0.07246698,0.11791941,0.5,0.5,"[0, 8]",1.0,True,0.0103106,0.0020918,0.00863911,True
43,3,14,C4,0.0860512,-0.07528785,0.09645379,0.5,0.5,"[0, 8]",1.0,True,0.0103106,0.0020918,0.00863911,True
43,3,15,T3,0.12681377,0.12681377,0.13197027,0.5,0.5,"[0, 8]",1.0,True,0.0103106,0.0020918,0.00863911,True
43,3,16,T4,0.12233131,0.01342878,0.13472754,0.5,0.5,"[0, 8]",1.0,True,0.0103106,0.0020918,0.00863911,True
43,3,17,CP3,0.12058356,0.03300253,0.13932781,0.5,0.5,"[0, 8]",1.0,True,0.0103106,0.0020918,0.00863911,True
43,3,18,CP4,0.11043719,0.03444546,0.12719396,0.5,0.5,"[0, 8]",1.0,True,0.0103106,0.0020918,0.00863911,True
43,3,19,TP7,0.08399361,-0.01900351,0.09398611,0.5,0.5,"[0, 8]",1.0,True,0.0103106,0.0020918,0.00863911,True
43,3,20,TP8,0.08884287,-0.05918635,0.10806429,0.5,0.5,"[0, 8]",1.0,True,0.0103106,0.0020918,0.00863911,True
43,3,21,Pz,0.15222143,0.00664234,0.15239944,0.5,0.5,"[0, 8]",1.0,True,0.0103106,0.0020918,0.00863911,True
43,3,22,P3,0.10808337,0.10808337,0.11714042,0.5,0.5,"[0, 8]",1.0,True,0.0103106,0.0020918,0.00863911,True
43,3,23,P4,0.10439486,-0.09310804,0.11651342,0.5,0.5,"[0, 8]",1.0,True,0.0103106,0.0020918,0.00863911,True
43,3,24,T5,0.10470714,0.07298174,0.11410782,0.5,0.5,"[0, 8]",1.0,True,0.0103106,0.0020918,0.00863911,True
43,3,25,T6,0.08171588,-0.06232444,0.09258647,0.5,0.5,"[0, 8]",1.0,True,0.0103106,0.0020918,0.00863911,True
43,3,26,Oz,0.07790439,0.04213385,0.08008241,0.5,0.5,"[0, 8]",1.0,True,0.0103106,0.0020918,0.00863911,True
43,3,27,O1,0.12173162,0.05600233,0.13218597,0.5,0.5,"[0, 8]",1.0,True,0.0103106,0.0020918,0.00863911,True
43,3,28,O2,0.14515397,-0.02396739,0.14790162,0.5,0.5,"[0, 8]",1.0,True,0.0103106,0.0020918,0.00863911,True
43,4,0,Fp1,0.11016583,-0.09561841,0.12259938,0.5,0.5,"[0, 8]",1.0,True,0.01192074,0.00211276,0.00998823,True
43,4,1,Fp2,0.07690173,0.06097096,0.09446375,0.5,0.5,"[0, 8]",1.0,True,0.01192074,0.00211276,0.00998823,True
43,4,2,Fz,0.10380206,-0.09771141,0.11699866,0.5,0.5,"[0, 8]",1.0,True,0.01192074,0.00211276,0.00998823,True
43,4,3,F3,0.08792906,0.02779499,0.09467625,0.5,0.5,"[0, 8]",1.0,True,0.01192074,0.00211276,0.00998823,True
43,4,4,F4,0.09842877,0.0128237,0.10868536,0.5,0.5,"[0, 8]",1.0,True,0.01192074,0.00211276,0.00998823,True
43,4,5,F7,0.08391893,0.08215932,0.09790213,0.5,0.5,"[0, 8]",1.0,True,0.01192074,0.00211276,0.00998823,True
43,4,6,F8,0.07826109,-0.03071535,0.07909946,0.5,0.5,"[0, 8]",1.0,True,0.01192074,0.00211276,0.00998823,True
43,4,7,FCz,0.09886853,0.09886853,0.11431043,0.5,0.5,"[0, 8]",1.0,True,0.01192074,0.00211276,0.00998823,True
43,4,8,FC3,0.03012807,0.00563289,0.03670551,0.5,0.5,"[0, 8]",1.0,True,0.01192074,0.00211276,0.00998823,True
43,4,9,FC4,0.05841071,-0.05841071,0.07647346,0.5,0.5,"[0, 8]",1.0,True,0.01192074,0.00211276,0.00998823,True
43,4,10,FT7,0.09078438,-0.0582523,0.10468357,0.5,0.5,"[0, 8]",1.0,True,0.01192074,0.00211276,0.00998823,True
43,4,11,FT8,0.07944011,-0.00423307,0.09643595,0.5,0.5,"[0, 8]",1.0,True,0.01192074,0.00211276,0.00998823,True
43,4,12,Cz,0.07756151,0.07580044,0.09301721,0.5,0.5,"[0, 8]",1.0,True,0.01192074,0.00211276,0.00998823,True
43,4,13,C3,0.11620189,0.07253885,0.11844757,0.5,0.5,"[0, 8]",1.0,True,0.01192074,0.00211276,0.00998823,True
43,4,14,C4,0.08599189,-0.07561009,0.09658514,0.5,0.5,"[0, 8]",1.0,True,0.01192074,0.00211276,0.00998823,True
43,4,15,T3,0.12676962,0.12676962,0.13193621,0.5,0.5,"[0, 8]",1.0,True,0.01192074,0.00211276,0.00998823,True
43,4,16,T4,0.12232825,0.01329541,0.13455164,0.5,0.5,"[0, 8]",1.0,True,0.01192074,0.00211276,0.00998823,True
43,4,17,CP3,0.11974444,0.03259325,0.1382015,0.5,0.5,"[0, 8]",1.0,True,0.01192074,0.00211276,0.00998823,True
43,4,18,CP4,0.11039939,0.03456621,0.12715404,0.5,0.5,"[0, 8]",1.0,True,0.01192074,0.00211276,0.00998823,True
43,4,19,TP7,0.08326697,-0.0191078,0.09357928,0.5,0.5,"[0, 8]",1.0,True,0.01192074,0.00211276,0.00998823,True
43,4,20,TP8,0.08849361,-0.05884612,0.10750158,0.5,0.5,"[0, 8]",1.0,True,0.01192074,0.00211276,0.00998823,True
43,4,21,Pz,0.1524601,0.00670241,0.15264538,0.5,0.5,"[0, 8]",1.0,True,0.01192074,0.00211276,0.00998823,True
43,4,22,P3,0.10810032,0.10810032,0.11725321,0.5,0.5,"[0, 8]",1.0,True,0.01192074,0.00211276,0.00998823,True
43,4,23,P4,0.10412311,-0.09298817,0.11636629,0.5,0.5,"[0, 8]",1.0,True,0.01192074,0.00211276,0.00998823,True
43,4,24,T5,0.10494496,0.07315837,0.11460775,0.5,0.5,"[0, 8]",1.0,True,0.01192074,0.00211276,0.00998823,True
43,4,25,T6,0.08129022,-0.06197504,0.09194221,0.5,0.5,"[0, 8]",1.0,True,0.01192074,0.00211276,0.00998823,True
43,4,26,Oz,0.0780618,0.04231864,0.08022161,0.5,0.5,"[0, 8]",1.0,True,0.01192074,0.00211276,0.00998823,True
43,4,27,O1,0.12263322,0.0564258,0.13268946,0.5,0.5,"[0, 8]",1.0,True,0.01192074,0.00211276,0.00998823,True
43,4,28,O2,0.14408183,-0.02334934,0.14671353,0.5,0.5,"[0, 8]",1.0,True,0.01192074,0.00211276,0.00998823,True
43,5,0,Fp1,0.1099329,-0.09679174,0.12288222,0.5,0.5,"[0, 8]",1.0,True,0.01247907,0.00231991,0.01045604,True
43,5,1,Fp2,0.07684173,0.06059051,0.09460106,0.5,0.5,"[0, 8]",1.0,True,0.01247907,0.00231991,0.01045604,True
43,5,2,Fz,0.10392591,-0.09852509,0.117522,0.5,0.5,"[0, 8]",1.0,True,0.01247907,0.00231991,0.01045604,True
43,5,3,F3,0.08715479,0.02725007,0.09420386,0.5,0.5,"[0, 8]",1.0,True,0.01247907,0.00231991,0.01045604,True
43,5,4,F4,0.09814847,0.01270021,0.10830915,0.5,0.5,"[0, 8]",1.0,True,0.01247907,0.00231991,0.01045604,True
43,5,5,F7,0.08307407,0.08152122,0.09688471,0.5,0.5,"[0, 8]",1.0,True,0.01247907,0.00231991,0.01045604,True
43,5,6,F8,0.07770479,-0.0296887,0.07859296,0.5,0.5,"[0, 8]",1.0,True,0.01247907,0.00231991,0.01045604,True
43,5,7,FCz,0.09829963,0.09829963,0.113757,0.5,0.5,"[0, 8]",1.0,True,0.01247907,0.00231991,0.01045604,True
43,5,8,FC3,0.03055482,0.00578835,0.03715279,0.5,0.5,"[0, 8]",1.0,True,0.01247907,0.00231991,0.01045604,True
43,5,9,FC4,0.05895643,-0.05895643,0.07674807,0.5,0.5,"[0, 8]",1.0,True,0.01247907,0.00231991,0.01045604,True
43,5,10,FT7,0.09048688,-0.0584197,0.10443129,0.5,0.5,"[0, 8]",1.0,True,0.01247907,0.00231991,0.01045604,True
43,5,11,FT8,0.07999154,-0.00419725,0.09649339,0.5,0.5,"[0, 8]",1.0,True,0.01247907,0.00231991,0.01045604,True
43,5,12,Cz,0.07757481,0.07619468,0.09305657,0.5,0.5,"[0, 8]",1.0,True,0.01247907,0.00231991,0.01045604,True
43,5,13,C3,0.11599091,0.07240054,0.11807644,0.5,0.5,"[0, 8]",1.0,True,0.01247907,0.00231991,0.01045604,True
43,5,14,C4,0.0852261,-0.07536402,0.09578624,0.5,0.5,"[0, 8]",1.0,True,0.01247907,0.00231991,0.01045604,True
43,5,15,T3,0.12759233,0.12759233,0.13293286,0.5,0.5,"[0, 8]",1.0,True,0.01247907,0.00231991,0.01045604,True
43,5,16,T4,0.12230781,0.01298646,0.13473243,0.5,0.5,"[0, 8]",1.0,True,0.01247907,0.00231991,0.01045604,True
43,5,17,CP3,0.1211504,0.03364617,0.1397128,0.5,0.5,"[0, 8]",1.0,True,0.01247907,0.00231991,0.01045604,True
43,5,18,CP4,0.1109309,0.03559729,0.12718272,0.5,0.5,"[0, 8]",1.0,True,0.01247907,0.00231991,0.01045604,True
43,5,19,TP7,0.08489914,-0.01887293,0.09467351,0.5,0.5,"[0, 8]",1.0,True,0.01247907,0.00231991,0.01045604,True
43,5,20,TP8,0.08905715,-0.05858591,0.10779641,0.5,0.5,"[0, 8]",1.0,True,0.01247907,0.00231991,0.01045604,True
43,5,21,Pz,0.1532072,0.00778576,0.15343702,0.5,0.5,"[0, 8]",1.0,True,0.01247907,0.00231991,0.01045604,True
43,5,22,P3,0.10871203,0.10871203,0.11806504,0.5,0.5,"[0, 8]",1.0,True,0.01247907,0.00231991,0.01045604,True
43,5,23,P4,0.10394751,-0.0914499,0.11545865,0.5,0.5,"[0, 8]",1.0,True,0.01247907,0.00231991,0.01045604,True
43,5,24,T5,0.10541859,0.07405046,0.11461368,0.5,0.5,"[0, 8]",1.0,True,0.01247907,0.00231991,0.01045604,True
43,5,25,T6,0.08101062,-0.06134534,0.09218287,0.5,0.5,"[0, 8]",1.0,True,0.01247907,0.00231991,0.01045604,True
43,5,26,Oz,0.07833059,0.04271359,0.08065669,0.5,0.5,"[0, 8]",1.0,True,0.01247907,0.00231991,0.01045604,True
43,5,27,O1,0.12192413,0.05726022,0.13235275,0.5,0.5,"[0, 8]",1.0,True,0.01247907,0.00231991,0.01045604,True
43,5,28,O2,0.14389728,-0.0224988,0.14646514,0.5,0.5,"[0, 8]",1.0,True,0.01247907,0.00231991,0.01045604,True
44,1,0,Fp1,0.08388135,-0.06013733,0.09061041,0.375,0.375,"[5, 3]",0.625,False,1.10767905,0.39236708,0.92810922,True
44,1,1,Fp2,0.02668995,0.01479303,0.03078792,0.375,0.375,"[5, 3]",0.625,False,1.10767905,0.39236708,0.92810922,True
44,1,2,Fz,0.13485101,-0.00039024,0.16349787,0.375,0.375,"[5, 3]",0.625,False,1.10767905,0.39236708,0.92810922,True
44,1,3,F3,0.09318601,0.09318601,0.10477186,0.375,0.375,"[5, 3]",0.625,False,1.10767905,0.39236708,0.92810922,True
44,1,4,F4,0.05068667,0.05068667,0.06585461,0.375,0.375,"[5, 3]",0.625,False,1.10767905,0.39236708,0.92810922,True
44,1,5,F7,0.14142048,0.14142048,0.15690951,0.375,0.375,"[5, 3]",0.625,False,1.10767905,0.39236708,0.92810922,True
44,1,6,F8,0.06721698,-0.0195266,0.07519965,0.375,0.375,"[5, 3]",0.625,False,1.10767905,0.39236708,0.92810922,True
44,1,7,FCz,0.12255017,-0.00798494,0.12793134,0.375,0.375,"[5, 3]",0.625,False,1.10767905,0.39236708,0.92810922,True
44,1,8,FC3,0.06048904,-0.06048904,0.07832383,0.375,0.375,"[5, 3]",0.625,False,1.10767905,0.39236708,0.92810922,True
44,1,9,FC4,0.04154255,-0.02846293,0.05974792,0.375,0.375,"[5, 3]",0.625,False,1.10767905,0.39236708,0.92810922,True
44,1,10,FT7,0.16097103,-0.16097103,0.20235552,0.375,0.375,"[5, 3]",0.625,False,1.10767905,0.39236708,0.92810922,True
44,1,11,FT8,0.11016043,0.03900073,0.13261782,0.375,0.375,"[5, 3]",0.625,False,1.10767905,0.39236708,0.92810922,True
44,1,12,Cz,0.11677321,0.11677321,0.13385901,0.375,0.375,"[5, 3]",0.625,False,1.10767905,0.39236708,0.92810922,True
44,1,13,C3,0.17150965,0.14546973,0.19088797,0.375,0.375,"[5, 3]",0.625,False,1.10767905,0.39236708,0.92810922,True
44,1,14,C4,0.17091109,-0.13332038,0.18553905,0.375,0.375,"[5, 3]",0.625,False,1.10767905,0.39236708,0.92810922,True
44,1,15,T3,0.13879324,0.13879324,0.14790535,0.375,0.375,"[5, 3]",0.625,False,1.10767905,0.39236708,0.92810922,True
44,1,16,T4,0.08067928,0.07819089,0.09756779,0.375,0.375,"[5, 3]",0.625,False,1.10767905,0.39236708,0.92810922,True
44,1,17,CP3,0.16791113,-0.12567009,0.20071805,0.375,0.375,"[5, 3]",0.625,False,1.10767905,0.39236708,0.92810922,True
44,1,18,CP4,0.07905881,-0.04268569,0.08161863,0.375,0.375,"[5, 3]",0.625,False,1.10767905,0.39236708,0.92810922,True
44,1,19,TP7,0.12617466,-0.06601638,0.14060505,0.375,0.375,"[5, 3]",0.625,False,1.10767905,0.39236708,0.92810922,True
44,1,20,TP8,0.10632104,-0.06281323,0.13615085,0.375,0.375,"[5, 3]",0.625,False,1.10767905,0.39236708,0.92810922,True
44,1,21,Pz,0.11664304,0.00512526,0.12329655,0.375,0.375,"[5, 3]",0.625,False,1.10767905,0.39236708,0.92810922,True
44,1,22,P3,0.13863352,0.13863352,0.15483804,0.375,0.375,"[5, 3]",0.625,False,1.10767905,0.39236708,0.92810922,True
44,1,23,P4,0.0654542,-0.0654542,0.07756452,0.375,0.375,"[5, 3]",0.625,False,1.10767905,0.39236708,0.92810922,True
44,1,24,T5,0.08011095,0.05981889,0.0973642,0.375,0.375,"[5, 3]",0.625,False,1.10767905,0.39236708,0.92810922,True
44,1,25,T6,0.04700156,-0.04524741,0.06088499,0.375,0.375,"[5, 3]",0.625,False,1.10767905,0.39236708,0.92810922,True
44,1,26,Oz,0.04961808,0.04961808,0.07460792,0.375,0.375,"[5, 3]",0.625,False,1.10767905,0.39236708,0.92810922,True
44,1,27,O1,0.03432128,0.01102098,0.03762452,0.375,0.375,"[5, 3]",0.625,False,1.10767905,0.39236708,0.92810922,True
44,1,28,O2,0.10247929,-0.00837624,0.1186849,0.375,0.375,"[5, 3]",0.625,False,1.10767905,0.39236708,0.92810922,True
44,2,0,Fp1,0.11060781,-0.09620293,0.12328418,0.5,0.5,"[0, 8]",1.0,True,0.01078707,0.00216701,0.00903834,True
44,2,1,Fp2,0.07730936,0.06150094,0.09486327,0.5,0.5,"[0, 8]",1.0,True,0.01078707,0.00216701,0.00903834,True
44,2,2,Fz,0.10363548,-0.09820664,0.11716354,0.5,0.5,"[0, 8]",1.0,True,0.01078707,0.00216701,0.00903834,True
44,2,3,F3,0.08780196,0.02760452,0.09467325,0.5,0.5,"[0, 8]",1.0,True,0.01078707,0.00216701,0.00903834,True
44,2,4,F4,0.0976776,0.01247833,0.10775831,0.5,0.5,"[0, 8]",1.0,True,0.01078707,0.00216701,0.00903834,True
44,2,5,F7,0.0842903,0.08164282,0.09791093,0.5,0.5,"[0, 8]",1.0,True,0.01078707,0.00216701,0.00903834,True
44,2,6,F8,0.07711426,-0.02920688,0.07801102,0.5,0.5,"[0, 8]",1.0,True,0.01078707,0.00216701,0.00903834,True
44,2,7,FCz,0.09862337,0.09862337,0.11401804,0.5,0.5,"[0, 8]",1.0,True,0.01078707,0.00216701,0.00903834,True
44,2,8,FC3,0.02991607,0.00603143,0.03655896,0.5,0.5,"[0, 8]",1.0,True,0.01078707,0.00216701,0.00903834,True
44,2,9,FC4,0.05734538,-0.05734538,0.07579973,0.5,0.5,"[0, 8]",1.0,True,0.01078707,0.00216701,0.00903834,True
44,2,10,FT7,0.09063874,-0.05869865,0.10469497,0.5,0.5,"[0, 8]",1.0,True,0.01078707,0.00216701,0.00903834,True
44,2,11,FT8,0.08035454,-0.00390517,0.09710228,0.5,0.5,"[0, 8]",1.0,True,0.01078707,0.00216701,0.00903834,True
44,2,12,Cz,0.07772613,0.07669967,0.09370257,0.5,0.5,"[0, 8]",1.0,True,0.01078707,0.00216701,0.00903834,True
44,2,13,C3,0.11621562,0.07284978,0.1184028,0.5,0.5,"[0, 8]",1.0,True,0.01078707,0.00216701,0.00903834,True
44,2,14,C4,0.08547556,-0.07490239,0.09586507,0.5,0.5,"[0, 8]",1.0,True,0.01078707,0.00216701,0.00903834,True
44,2,15,T3,0.12737456,0.12737456,0.13283288,0.5,0.5,"[0, 8]",1.0,True,0.01078707,0.00216701,0.00903834,True
44,2,16,T4,0.12241985,0.01325707,0.1346278,0.5,0.5,"[0, 8]",1.0,True,0.01078707,0.00216701,0.00903834,True
44,2,17,CP3,0.12113497,0.0330756,0.13963136,0.5,0.5,"[0, 8]",1.0,True,0.01078707,0.00216701,0.00903834,True
44,2,18,CP4,0.11088227,0.03455748,0.12706545,0.5,0.5,"[0, 8]",1.0,True,0.01078707,0.00216701,0.00903834,True
44,2,19,TP7,0.08368044,-0.01869499,0.09353998,0.5,0.5,"[0, 8]",1.0,True,0.01078707,0.00216701,0.00903834,True
44,2,20,TP8,0.08937161,-0.0600095,0.10885963,0.5,0.5,"[0, 8]",1.0,True,0.01078707,0.00216701,0.00903834,True
44,2,21,Pz,0.15305132,0.0073114,0.1532809,0.5,0.5,"[0, 8]",1.0,True,0.01078707,0.00216701,0.00903834,True
44,2,22,P3,0.10828309,0.10828309,0.11729033,0.5,0.5,"[0, 8]",1.0,True,0.01078707,0.00216701,0.00903834,True
44,2,23,P4,0.10477054,-0.0931415,0.11694317,0.5,0.5,"[0, 8]",1.0,True,0.01078707,0.00216701,0.00903834,True
44,2,24,T5,0.10495148,0.07355072,0.11470311,0.5,0.5,"[0, 8]",1.0,True,0.01078707,0.00216701,0.00903834,True
44,2,25,T6,0.08184202,-0.06318497,0.09302906,0.5,0.5,"[0, 8]",1.0,True,0.01078707,0.00216701,0.00903834,True
44,2,26,Oz,0.07733036,0.04196591,0.07990111,0.5,0.5,"[0, 8]",1.0,True,0.01078707,0.00216701,0.00903834,True
44,2,27,O1,0.12071536,0.05521113,0.13128772,0.5,0.5,"[0, 8]",1.0,True,0.01078707,0.00216701,0.00903834,True
44,2,28,O2,0.14400747,-0.02371206,0.14659527,0.5,0.5,"[0, 8]",1.0,True,0.01078707,0.00216701,0.00903834,True
44,3,0,Fp1,0.05987205,-0.05987205,0.07022954,0.75,0.75,"[2, 6]",0.75,False,1.09382311,0.40888422,0.91649952,True
44,3,1,Fp2,0.02925259,0.02894113,0.04071161,0.75,0.75,"[2, 6]",0.75,False,1.09382311,0.40888422,0.91649952,True
44,3,2,Fz,0.04536472,0.03783204,0.06462192,0.75,0.75,"[2, 6]",0.75,False,1.09382311,0.40888422,0.91649952,True
44,3,3,F3,0.11936616,0.11936616,0.13506645,0.75,0.75,"[2, 6]",0.75,False,1.09382311,0.40888422,0.91649952,True
44,3,4,F4,0.05792516,-0.01803393,0.07989945,0.75,0.75,"[2, 6]",0.75,False,1.09382311,0.40888422,0.91649952,True
44,3,5,F7,0.0643754,0.0643754,0.07469978,0.75,0.75,"[2, 6]",0.75,False,1.09382311,0.40888422,0.91649952,True
44,3,6,F8,0.05542254,-0.02295043,0.05646471,0.75,0.75,"[2, 6]",0.75,False,1.09382311,0.40888422,0.91649952,True
44,3,7,FCz,0.0188323,0.01832516,0.02377301,0.75,0.75,"[2, 6]",0.75,False,1.09382311,0.40888422,0.91649952,True
44,3,8,FC3,0.08716967,0.06031829,0.11767239,0.75,0.75,"[2, 6]",0.75,False,1.09382311,0.40888422,0.91649952,True
44,3,9,FC4,0.14300731,-0.11365043,0.18253756,0.75,0.75,"[2, 6]",0.75,False,1.09382311,0.40888422,0.91649952,True
44,3,10,FT7,0.26379794,-0.26379794,0.26896644,0.75,0.75,"[2, 6]",0.75,False,1.09382311,0.40888422,0.91649952,True
44,3,11,FT8,0.13248566,0.08260447,0.17178544,0.75,0.75,"[2, 6]",0.75,False,1.09382311,0.40888422,0.91649952,True
44,3,12,Cz,0.09784983,0.03837878,0.11129577,0.75,0.75,"[2, 6]",0.75,False,1.09382311,0.40888422,0.91649952,True
44,3,13,C3,0.13611156,0.04167109,0.15332265,0.75,0.75,"[2, 6]",0.75,False,1.09382311,0.40888422,0.91649952,True
44,3,14,C4,0.04921577,-0.03841203,0.06270144,0.75,0.75,"[2, 6]",0.75,False,1.09382311,0.40888422,0.91649952,True
44,3,15,T3,0.07753321,0.07753321,0.08209215,0.75,0.75,"[2, 6]",0.75,False,1.09382311,0.40888422,0.91649952,True
44,3,16,T4,0.12791787,-0.00300414,0.15398474,0.75,0.75,"[2, 6]",0.75,False,1.09382311,0.40888422,0.91649952,True
44,3,17,CP3,0.11729322,-0.04114294,0.13187152,0.75,0.75,"[2, 6]",0.75,False,1.09382311,0.40888422,0.91649952,True
44,3,18,CP4,0.0477571,0.01335091,0.06266411,0.75,0.75,"[2, 6]",0.75,False,1.09382311,0.40888422,0.91649952,True
44,3,19,TP7,0.04961237,-0.04639259,0.0611528,0.75,0.75,"[2, 6]",0.75,False,1.09382311,0.40888422,0.91649952,True
44,3,20,TP8,0.11200138,-0.06080997,0.12771535,0.75,0.75,"[2, 6]",0.75,False,1.09382311,0.40888422,0.91649952,True
44,3,21,Pz,0.09997626,-0.09997626,0.12876953,0.75,0.75,"[2, 6]",0.75,False,1.09382311,0.40888422,0.91649952,True
44,3,22,P3,0.17579721,0.17579721,0.17868716,0.75,0.75,"[2, 6]",0.75,False,1.09382311,0.40888422,0.91649952,True
44,3,23,P4,0.09792575,-0.09792575,0.10939474,0.75,0.75,"[2, 6]",0.75,False,1.09382311,0.40888422,0.91649952,True
44,3,24,T5,0.10890624,0.06813848,0.11245718,0.75,0.75,"[2, 6]",0.75,False,1.09382311,0.40888422,0.91649952,True
44,3,25,T6,0.04739884,-0.00985812,0.05294124,0.75,0.75,"[2, 6]",0.75,False,1.09382311,0.40888422,0.91649952,True
44,3,26,Oz,0.05825021,-0.01507682,0.06505357,0.75,0.75,"[2, 6]",0.75,False,1.09382311,0.40888422,0.91649952,True
44,3,27,O1,0.15287991,0.15287991,0.17975378,0.75,0.75,"[2, 6]",0.75,False,1.09382311,0.40888422,0.91649952,True
44,3,28,O2,0.11925722,0.0050445,0.12767409,0.75,0.75,"[2, 6]",0.75,False,1.09382311,0.40888422,0.91649952,True
44,4,0,Fp1,0.11045083,-0.09624846,0.12307539,0.5,0.5,"[0, 8]",1.0,True,0.01301478,0.00221145,0.01090491,True
44,4,1,Fp2,0.0776011,0.06100644,0.09556159,0.5,0.5,"[0, 8]",1.0,True,0.01301478,0.00221145,0.01090491,True
44,4,2,Fz,0.10243428,-0.09774457,0.11611829,0.5,0.5,"[0, 8]",1.0,True,0.01301478,0.00221145,0.01090491,True
44,4,3,F3,0.08778895,0.0283261,0.09436395,0.5,0.5,"[0, 8]",1.0,True,0.01301478,0.00221145,0.01090491,True
44,4,4,F4,0.0971244,0.01286125,0.10709863,0.5,0.5,"[0, 8]",1.0,True,0.01301478,0.00221145,0.01090491,True
44,4,5,F7,0.08498212,0.0830334,0.099044,0.5,0.5,"[0, 8]",1.0,True,0.01301478,0.00221145,0.01090491,True
44,4,6,F8,0.07672397,-0.02863475,0.07769054,0.5,0.5,"[0, 8]",1.0,True,0.01301478,0.00221145,0.01090491,True
44,4,7,FCz,0.09930672,0.09930672,0.11436057,0.5,0.5,"[0, 8]",1.0,True,0.01301478,0.00221145,0.01090491,True
44,4,8,FC3,0.03052691,0.00656403,0.03654395,0.5,0.5,"[0, 8]",1.0,True,0.01301478,0.00221145,0.01090491,True
44,4,9,FC4,0.05697288,-0.05697288,0.07558542,0.5,0.5,"[0, 8]",1.0,True,0.01301478,0.00221145,0.01090491,True
44,4,10,FT7,0.09043062,-0.0575712,0.10448918,0.5,0.5,"[0, 8]",1.0,True,0.01301478,0.00221145,0.01090491,True
44,4,11,FT8,0.0803585,-0.0035437,0.0973898,0.5,0.5,"[0, 8]",1.0,True,0.01301478,0.00221145,0.01090491,True
44,4,12,Cz,0.07710712,0.07535661,0.09247828,0.5,0.5,"[0, 8]",1.0,True,0.01301478,0.00221145,0.01090491,True
44,4,13,C3,0.11578983,0.07356286,0.11810666,0.5,0.5,"[0, 8]",1.0,True,0.01301478,0.00221145,0.01090491,True
44,4,14,C4,0.08561048,-0.07534194,0.09636807,0.5,0.5,"[0, 8]",1.0,True,0.01301478,0.00221145,0.01090491,True
44,4,15,T3,0.12708971,0.12708971,0.13260286,0.5,0.5,"[0, 8]",1.0,True,0.01301478,0.00221145,0.01090491,True
44,4,16,T4,0.12240866,0.0126568,0.13476759,0.5,0.5,"[0, 8]",1.0,True,0.01301478,0.00221145,0.01090491,True
44,4,17,CP3,0.12163508,0.03259323,0.13997881,0.5,0.5,"[0, 8]",1.0,True,0.01301478,0.00221145,0.01090491,True
44,4,18,CP4,0.10988852,0.03445246,0.12637851,0.5,0.5,"[0, 8]",1.0,True,0.01301478,0.00221145,0.01090491,True
44,4,19,TP7,0.08432397,-0.01841241,0.09373838,0.5,0.5,"[0, 8]",1.0,True,0.01301478,0.00221145,0.01090491,True
44,4,20,TP8,0.0890183,-0.05990206,0.10858174,0.5,0.5,"[0, 8]",1.0,True,0.01301478,0.00221145,0.01090491,True
44,4,21,Pz,0.15198235,0.00688501,0.15217325,0.5,0.5,"[0, 8]",1.0,True,0.01301478,0.00221145,0.01090491,True
44,4,22,P3,0.10843381,0.10843381,0.11737114,0.5,0.5,"[0, 8]",1.0,True,0.01301478,0.00221145,0.01090491,True
44,4,23,P4,0.10451517,-0.09301193,0.11655807,0.5,0.5,"[0, 8]",1.0,True,0.01301478,0.00221145,0.01090491,True
44,4,24,T5,0.10463801,0.07359764,0.11435413,0.5,0.5,"[0, 8]",1.0,True,0.01301478,0.00221145,0.01090491,True
44,4,25,T6,0.08227913,-0.06245773,0.09322196,0.5,0.5,"[0, 8]",1.0,True,0.01301478,0.00221145,0.01090491,True
44,4,26,Oz,0.07737292,0.04175056,0.07960106,0.5,0.5,"[0, 8]",1.0,True,0.01301478,0.00221145,0.01090491,True
44,4,27,O1,0.12070522,0.05494264,0.13118666,0.5,0.5,"[0, 8]",1.0,True,0.01301478,0.00221145,0.01090491,True
44,4,28,O2,0.14487672,-0.02403235,0.14767967,0.5,0.5,"[0, 8]",1.0,True,0.01301478,0.00221145,0.01090491,True
44,5,0,Fp1,0.10460319,-0.09140298,0.11631805,0.875,0.875,"[3, 5]",0.625,False,0.09401149,0.0213711,0.07877095,True
44,5,1,Fp2,0.07764547,0.06231522,0.09277994,0.875,0.875,"[3, 5]",0.625,False,0.09401149,0.0213711,0.07877095,True
44,5,2,Fz,0.09745491,-0.09049836,0.10888008,0.875,0.875,"[3, 5]",0.625,False,0.09401149,0.0213711,0.07877095,True
44,5,3,F3,0.08560008,0.03392872,0.08930636,0.875,0.875,"[3, 5]",0.625,False,0.09401149,0.0213711,0.07877095,True
44,5,4,F4,0.10631907,0.01824474,0.1153461,0.875,0.875,"[3, 5]",0.625,False,0.09401149,0.0213711,0.07877095,True
44,5,5,F7,0.09186645,0.08818383,0.10517114,0.875,0.875,"[3, 5]",0.625,False,0.09401149,0.0213711,0.07877095,True
44,5,6,F8,0.08431266,-0.03036572,0.08570881,0.875,0.875,"[3, 5]",0.625,False,0.09401149,0.0213711,0.07877095,True
44,5,7,FCz,0.0980859,0.0980859,0.11187686,0.875,0.875,"[3, 5]",0.625,False,0.09401149,0.0213711,0.07877095,True
44,5,8,FC3,0.0269723,0.00726629,0.03585862,0.875,0.875,"[3, 5]",0.625,False,0.09401149,0.0213711,0.07877095,True
44,5,9,FC4,0.05415375,-0.05415375,0.06907428,0.875,0.875,"[3, 5]",0.625,False,0.09401149,0.0213711,0.07877095,True
44,5,10,FT7,0.09720936,-0.06015668,0.11430801,0.875,0.875,"[3, 5]",0.625,False,0.09401149,0.0213711,0.07877095,True
44,5,11,FT8,0.08288899,0.0046147,0.09751644,0.875,0.875,"[3, 5]",0.625,False,0.09401149,0.0213711,0.07877095,True
44,5,12,Cz,0.08009993,0.07740901,0.09631077,0.875,0.875,"[3, 5]",0.625,False,0.09401149,0.0213711,0.07877095,True
44,5,13,C3,0.11762372,0.07640804,0.1202561,0.875,0.875,"[3, 5]",0.625,False,0.09401149,0.0213711,0.07877095,True
44,5,14,C4,0.08565368,-0.07794806,0.09718069,0.875,0.875,"[3, 5]",0.625,False,0.09401149,0.0213711,0.07877095,True
44,5,15,T3,0.1239908,0.1239908,0.12908357,0.875,0.875,"[3, 5]",0.625,False,0.09401149,0.0213711,0.07877095,True
44,5,16,T4,0.12246501,0.01464146,0.13772191,0.875,0.875,"[3, 5]",0.625,False,0.09401149,0.0213711,0.07877095,True
44,5,17,CP3,0.1224879,0.02544952,0.13841139,0.875,0.875,"[3, 5]",0.625,False,0.09401149,0.0213711,0.07877095,True
44,5,18,CP4,0.11032747,0.03061571,0.12565614,0.875,0.875,"[3, 5]",0.625,False,0.09401149,0.0213711,0.07877095,True
44,5,19,TP7,0.0747745,-0.02792941,0.08848994,0.875,0.875,"[3, 5]",0.625,False,0.09401149,0.0213711,0.07877095,True
44,5,20,TP8,0.09328981,-0.06167424,0.11265112,0.875,0.875,"[3, 5]",0.625,False,0.09401149,0.0213711,0.07877095,True
44,5,21,Pz,0.15043677,0.00494211,0.15084383,0.875,0.875,"[3, 5]",0.625,False,0.09401149,0.0213711,0.07877095,True
44,5,22,P3,0.11115061,0.11115061,0.12137297,0.875,0.875,"[3, 5]",0.625,False,0.09401149,0.0213711,0.07877095,True
44,5,23,P4,0.10592769,-0.10151711,0.1213148,0.875,0.875,"[3, 5]",0.625,False,0.09401149,0.0213711,0.07877095,True
44,5,24,T5,0.10152045,0.06762803,0.1124749,0.875,0.875,"[3, 5]",0.625,False,0.09401149,0.0213711,0.07877095,True
44,5,25,T6,0.08256709,-0.06582829,0.09239439,0.875,0.875,"[3, 5]",0.625,False,0.09401149,0.0213711,0.07877095,True
44,5,26,Oz,0.08794694,0.04890398,0.09093959,0.875,0.875,"[3, 5]",0.625,False,0.09401149,0.0213711,0.07877095,True
44,5,27,O1,0.11454251,0.04786744,0.12621322,0.875,0.875,"[3, 5]",0.625,False,0.09401149,0.0213711,0.07877095,True
44,5,28,O2,0.14631535,-0.02088196,0.14803158,0.875,0.875,"[3, 5]",0.625,False,0.09401149,0.0213711,0.07877095,True
45,1,0,Fp1,0.04734111,0.00655524,0.06103591,0.5,0.5,"[4, 4]",0.5,False,1.40554846,0.39715984,1.17768995,True
45,1,1,Fp2,0.03779962,-0.01146609,0.04057372,0.5,0.5,"[4, 4]",0.5,False,1.40554846,0.39715984,1.17768995,True
45,1,2,Fz,0.08606727,-0.08606727,0.09553471,0.5,0.5,"[4, 4]",0.5,False,1.40554846,0.39715984,1.17768995,True
45,1,3,F3,0.0911534,-0.00058563,0.10801712,0.5,0.5,"[4, 4]",0.5,False,1.40554846,0.39715984,1.17768995,True
45,1,4,F4,0.08356156,-0.07193644,0.12107155,0.5,0.5,"[4, 4]",0.5,False,1.40554846,0.39715984,1.17768995,True
45,1,5,F7,0.09493727,0.09493727,0.11185808,0.5,0.5,"[4, 4]",0.5,False,1.40554846,0.39715984,1.17768995,True
45,1,6,F8,0.07726153,-0.07726153,0.10247723,0.5,0.5,"[4, 4]",0.5,False,1.40554846,0.39715984,1.17768995,True
45,1,7,FCz,0.12030146,0.06774928,0.14869334,0.5,0.5,"[4, 4]",0.5,False,1.40554846,0.39715984,1.17768995,True
45,1,8,FC3,0.23283401,0.08104748,0.25080451,0.5,0.5,"[4, 4]",0.5,False,1.40554846,0.39715984,1.17768995,True
45,1,9,FC4,0.05081937,-0.02642504,0.07178207,0.5,0.5,"[4, 4]",0.5,False,1.40554846,0.39715984,1.17768995,True
45,1,10,FT7,0.08942636,0.00698217,0.09467724,0.5,0.5,"[4, 4]",0.5,False,1.40554846,0.39715984,1.17768995,True
45,1,11,FT8,0.04912273,0.03960627,0.05723136,0.5,0.5,"[4, 4]",0.5,False,1.40554846,0.39715984,1.17768995,True
45,1,12,Cz,0.17585996,-0.16683222,0.20841399,0.5,0.5,"[4, 4]",0.5,False,1.40554846,0.39715984,1.17768995,True
45,1,13,C3,0.17467979,0.1249804,0.2082004,0.5,0.5,"[4, 4]",0.5,False,1.40554846,0.39715984,1.17768995,True
45,1,14,C4,0.09866671,-0.0639454,0.10653222,0.5,0.5,"[4, 4]",0.5,False,1.40554846,0.39715984,1.17768995,True
45,1,15,T3,0.05496299,0.0123732,0.06427177,0.5,0.5,"[4, 4]",0.5,False,1.40554846,0.39715984,1.17768995,True
45,1,16,T4,0.06822062,0.06822062,0.07834825,0.5,0.5,"[4, 4]",0.5,False,1.40554846,0.39715984,1.17768995,True
45,1,17,CP3,0.09296084,-0.03872913,0.11863267,0.5,0.5,"[4, 4]",0.5,False,1.40554846,0.39715984,1.17768995,True
45,1,18,CP4,0.18092629,0.01139267,0.20297711,0.5,0.5,"[4, 4]",0.5,False,1.40554846,0.39715984,1.17768995,True
45,1,19,TP7,0.11363897,0.04724771,0.11671254,0.5,0.5,"[4, 4]",0.5,False,1.40554846,0.39715984,1.17768995,True
45,1,20,TP8,0.10389174,-0.07286464,0.13490534,0.5,0.5,"[4, 4]",0.5,False,1.40554846,0.39715984,1.17768995,True
45,1,21,Pz,0.09702244,0.04472699,0.09915378,0.5,0.5,"[4, 4]",0.5,False,1.40554846,0.39715984,1.17768995,True
45,1,22,P3,0.07425954,0.07425954,0.07670821,0.5,0.5,"[4, 4]",0.5,False,1.40554846,0.39715984,1.17768995,True
45,1,23,P4,0.05670608,0.05670608,0.06557876,0.5,0.5,"[4, 4]",0.5,False,1.40554846,0.39715984,1.17768995,True
45,1,24,T5,0.14567026,-0.0159339,0.15023217,0.5,0.5,"[4, 4]",0.5,False,1.40554846,0.39715984,1.17768995,True
45,1,25,T6,0.07928523,0.01290812,0.08410053,0.5,0.5,"[4, 4]",0.5,False,1.40554846,0.39715984,1.17768995,True
45,1,26,Oz,0.06274893,0.06274893,0.07195613,0.5,0.5,"[4, 4]",0.5,False,1.40554846,0.39715984,1.17768995,True
45,1,27,O1,0.10046501,-0.07717975,0.10919207,0.5,0.5,"[4, 4]",0.5,False,1.40554846,0.39715984,1.17768995,True
45,1,28,O2,0.10449523,0.03397704,0.12152711,0.5,0.5,"[4, 4]",0.5,False,1.40554846,0.39715984,1.17768995,True
45,2,0,Fp1,0.088883,-0.088883,0.11477631,0.5,0.5,"[2, 6]",0.75,False,0.66655639,0.16495486,0.55849854,True
45,2,1,Fp2,0.0553265,0.01160851,0.07488446,0.5,0.5,"[2, 6]",0.75,False,0.66655639,0.16495486,0.55849854,True
45,2,2,Fz,0.10674612,-0.1035586,0.13455331,0.5,0.5,"[2, 6]",0.75,False,0.66655639,0.16495486,0.55849854,True
45,2,3,F3,0.0852866,0.01065779,0.09581272,0.5,0.5,"[2, 6]",0.75,False,0.66655639,0.16495486,0.55849854,True
45,2,4,F4,0.10536255,-0.00726211,0.12020806,0.5,0.5,"[2, 6]",0.75,False,0.66655639,0.16495486,0.55849854,True
45,2,5,F7,0.10034722,0.09085968,0.1146896,0.5,0.5,"[2, 6]",0.75,False,0.66655639,0.16495486,0.55849854,True
45,2,6,F8,0.0566179,-0.04850734,0.07946199,0.5,0.5,"[2, 6]",0.75,False,0.66655639,0.16495486,0.55849854,True
45,2,7,FCz,0.07856891,0.05368026,0.09869031,0.5,0.5,"[2, 6]",0.75,False,0.66655639,0.16495486,0.55849854,True
45,2,8,FC3,0.05781456,0.05781456,0.06650481,0.5,0.5,"[2, 6]",0.75,False,0.66655639,0.16495486,0.55849854,True
45,2,9,FC4,0.04589828,-0.03508991,0.06006348,0.5,0.5,"[2, 6]",0.75,False,0.66655639,0.16495486,0.55849854,True
45,2,10,FT7,0.09507204,0.01088863,0.11359674,0.5,0.5,"[2, 6]",0.75,False,0.66655639,0.16495486,0.55849854,True
45,2,11,FT8,0.09035749,0.01869309,0.10245128,0.5,0.5,"[2, 6]",0.75,False,0.66655639,0.16495486,0.55849854,True
45,2,12,Cz,0.06834082,0.01842239,0.07443745,0.5,0.5,"[2, 6]",0.75,False,0.66655639,0.16495486,0.55849854,True
45,2,13,C3,0.13827118,0.12241688,0.15498272,0.5,0.5,"[2, 6]",0.75,False,0.66655639,0.16495486,0.55849854,True
45,2,14,C4,0.11045018,-0.11045018,0.13248375,0.5,0.5,"[2, 6]",0.75,False,0.66655639,0.16495486,0.55849854,True
45,2,15,T3,0.13253948,0.13253948,0.15520036,0.5,0.5,"[2, 6]",0.75,False,0.66655639,0.16495486,0.55849854,True
45,2,16,T4,0.11095866,-0.00742456,0.13386534,0.5,0.5,"[2, 6]",0.75,False,0.66655639,0.16495486,0.55849854,True
45,2,17,CP3,0.1064907,-0.0059975,0.14129998,0.5,0.5,"[2, 6]",0.75,False,0.66655639,0.16495486,0.55849854,True
45,2,18,CP4,0.12073416,0.09938173,0.14251499,0.5,0.5,"[2, 6]",0.75,False,0.66655639,0.16495486,0.55849854,True
45,2,19,TP7,0.07954589,-0.04642115,0.11094516,0.5,0.5,"[2, 6]",0.75,False,0.66655639,0.16495486,0.55849854,True
45,2,20,TP8,0.0513451,-0.02581703,0.05956746,0.5,0.5,"[2, 6]",0.75,False,0.66655639,0.16495486,0.55849854,True
45,2,21,Pz,0.14825594,-0.03103148,0.15417464,0.5,0.5,"[2, 6]",0.75,False,0.66655639,0.16495486,0.55849854,True
45,2,22,P3,0.07189922,0.07189922,0.07858176,0.5,0.5,"[2, 6]",0.75,False,0.66655639,0.16495486,0.55849854,True
45,2,23,P4,0.03495425,0.00392025,0.03541064,0.5,0.5,"[2, 6]",0.75,False,0.66655639,0.16495486,0.55849854,True
45,2,24,T5,0.18162943,0.16922881,0.20945545,0.5,0.5,"[2, 6]",0.75,False,0.66655639,0.16495486,0.55849854,True
45,2,25,T6,0.05572227,-0.05572227,0.07673385,0.5,0.5,"[2, 6]",0.75,False,0.66655639,0.16495486,0.55849854,True
45,2,26,Oz,0.07236399,0.03359994,0.0759641,0.5,0.5,"[2, 6]",0.75,False,0.66655639,0.16495486,0.55849854,True
45,2,27,O1,0.09844791,0.02521469,0.11511408,0.5,0.5,"[2, 6]",0.75,False,0.66655639,0.16495486,0.55849854,True
45,2,28,O2,0.11626773,0.02588276,0.12519751,0.5,0.5,"[2, 6]",0.75,False,0.66655639,0.16495486,0.55849854,True
45,3,0,Fp1,0.0523031,-0.04098145,0.06654571,0.75,0.75,"[6, 2]",0.75,False,1.07708616,0.32971061,0.90247586,True
45,3,1,Fp2,0.04455807,0.02189282,0.04911431,0.75,0.75,"[6, 2]",0.75,False,1.07708616,0.32971061,0.90247586,True
45,3,2,Fz,0.11596927,-0.11596927,0.14111497,0.75,0.75,"[6, 2]",0.75,False,1.07708616,0.32971061,0.90247586,True
45,3,3,F3,0.1110514,0.03202381,0.11859813,0.75,0.75,"[6, 2]",0.75,False,1.07708616,0.32971061,0.90247586,True
45,3,4,F4,0.10148459,-0.019105,0.11200497,0.75,0.75,"[6, 2]",0.75,False,1.07708616,0.32971061,0.90247586,True
45,3,5,F7,0.13636816,0.13636816,0.14412159,0.75,0.75,"[6, 2]",0.75,False,1.07708616,0.32971061,0.90247586,True
45,3,6,F8,0.09204426,-0.09204426,0.11056034,0.75,0.75,"[6, 2]",0.75,False,1.07708616,0.32971061,0.90247586,True
45,3,7,FCz,0.12386319,0.05001989,0.15138203,0.75,0.75,"[6, 2]",0.75,False,1.07708616,0.32971061,0.90247586,True
45,3,8,FC3,0.11776838,0.0012293,0.14908642,0.75,0.75,"[6, 2]",0.75,False,1.07708616,0.32971061,0.90247586,True
45,3,9,FC4,0.0642043,0.00162347,0.08182763,0.75,0.75,"[6, 2]",0.75,False,1.07708616,0.32971061,0.90247586,True
45,3,10,FT7,0.08240219,0.00247924,0.0901919,0.75,0.75,"[6, 2]",0.75,False,1.07708616,0.32971061,0.90247586,True
45,3,11,FT8,0.05540176,0.00976596,0.06414724,0.75,0.75,"[6, 2]",0.75,False,1.07708616,0.32971061,0.90247586,True
45,3,12,Cz,0.12210336,-0.07017368,0.13341925,0.75,0.75,"[6, 2]",0.75,False,1.07708616,0.32971061,0.90247586,True
45,3,13,C3,0.13645637,0.13645637,0.15482789,0.75,0.75,"[6, 2]",0.75,False,1.07708616,0.32971061,0.90247586,True
45,3,14,C4,0.09613656,-0.09062247,0.13484329,0.75,0.75,"[6, 2]",0.75,False,1.07708616,0.32971061,0.90247586,True
45,3,15,T3,0.0864934,0.02662008,0.10293037,0.75,0.75,"[6, 2]",0.75,False,1.07708616,0.32971061,0.90247586,True
45,3,16,T4,0.09293724,0.09293724,0.11072623,0.75,0.75,"[6, 2]",0.75,False,1.07708616,0.32971061,0.90247586,True
45,3,17,CP3,0.05752987,0.024353,0.06103902,0.75,0.75,"[6, 2]",0.75,False,1.07708616,0.32971061,0.90247586,True
45,3,18,CP4,0.09299195,0.03794095,0.1063369,0.75,0.75,"[6, 2]",0.75,False,1.07708616,0.32971061,0.90247586,True
45,3,19,TP7,0.05943326,0.0017686,0.07410195,0.75,0.75,"[6, 2]",0.75,False,1.07708616,0.32971061,0.90247586,True
45,3,20,TP8,0.14096543,-0.07280064,0.16199155,0.75,0.75,"[6, 2]",0.75,False,1.07708616,0.32971061,0.90247586,True
45,3,21,Pz,0.12198053,0.06565256,0.14318706,0.75,0.75,"[6, 2]",0.75,False,1.07708616,0.32971061,0.90247586,True
45,3,22,P3,0.04880576,0.04139046,0.05961756,0.75,0.75,"[6, 2]",0.75,False,1.07708616,0.32971061,0.90247586,True
45,3,23,P4,0.15167125,0.04332438,0.16546997,0.75,0.75,"[6, 2]",0.75,False,1.07708616,0.32971061,0.90247586,True
45,3,24,T5,0.11992523,0.10436129,0.13239153,0.75,0.75,"[6, 2]",0.75,False,1.07708616,0.32971061,0.90247586,True
45,3,25,T6,0.13901497,-0.13901497,0.15031743,0.75,0.75,"[6, 2]",0.75,False,1.07708616,0.32971061,0.90247586,True
45,3,26,Oz,0.08940548,0.04709832,0.08948703,0.75,0.75,"[6, 2]",0.75,False,1.07708616,0.32971061,0.90247586,True
45,3,27,O1,0.08201032,-0.02247665,0.09372394,0.75,0.75,"[6, 2]",0.75,False,1.07708616,0.32971061,0.90247586,True
45,3,28,O2,0.09990663,0.01191438,0.10781884,0.75,0.75,"[6, 2]",0.75,False,1.07708616,0.32971061,0.90247586,True
45,4,0,Fp1,0.04230223,-0.00962423,0.05724112,0.75,0.75,"[2, 6]",0.75,False,1.07431775,0.27584624,0.90015624,True
45,4,1,Fp2,0.03943685,0.03128321,0.0457805,0.75,0.75,"[2, 6]",0.75,False,1.07431775,0.27584624,0.90015624,True
45,4,2,Fz,0.06999905,-0.06999905,0.08198904,0.75,0.75,"[2, 6]",0.75,False,1.07431775,0.27584624,0.90015624,True
45,4,3,F3,0.05216806,-0.02434846,0.06485321,0.75,0.75,"[2, 6]",0.75,False,1.07431775,0.27584624,0.90015624,True
45,4,4,F4,0.08933937,-0.07883631,0.13167223,0.75,0.75,"[2, 6]",0.75,False,1.07431775,0.27584624,0.90015624,True
45,4,5,F7,0.07241601,0.03416131,0.07569934,0.75,0.75,"[2, 6]",0.75,False,1.07431775,0.27584624,0.90015624,True
45,4,6,F8,0.05480004,-0.05480004,0.06117044,0.75,0.75,"[2, 6]",0.75,False,1.07431775,0.27584624,0.90015624,True
45,4,7,FCz,0.16081676,0.16081676,0.18575555,0.75,0.75,"[2, 6]",0.75,False,1.07431775,0.27584624,0.90015624,True
45,4,8,FC3,0.1032625,-0.01178834,0.12942182,0.75,0.75,"[2, 6]",0.75,False,1.07431775,0.27584624,0.90015624,True
45,4,9,FC4,0.0869322,0.0214728,0.10532737,0.75,0.75,"[2, 6]",0.75,False,1.07431775,0.27584624,0.90015624,True
45,4,10,FT7,0.12449016,-0.07791573,0.14055882,0.75,0.75,"[2, 6]",0.75,False,1.07431775,0.27584624,0.90015624,True
45,4,11,FT8,0.03211656,0.02387371,0.05101595,0.75,0.75,"[2, 6]",0.75,False,1.07431775,0.27584624,0.90015624,True
45,4,12,Cz,0.13901453,-0.13161924,0.16757856,0.75,0.75,"[2, 6]",0.75,False,1.07431775,0.27584624,0.90015624,True
45,4,13,C3,0.20873451,0.09223382,0.21047699,0.75,0.75,"[2, 6]",0.75,False,1.07431775,0.27584624,0.90015624,True
45,4,14,C4,0.10768464,-0.10768464,0.14101139,0.75,0.75,"[2, 6]",0.75,False,1.07431775,0.27584624,0.90015624,True
45,4,15,T3,0.14196487,0.13806494,0.16624829,0.75,0.75,"[2, 6]",0.75,False,1.07431775,0.27584624,0.90015624,True
45,4,16,T4,0.11411695,0.00345547,0.12555516,0.75,0.75,"[2, 6]",0.75,False,1.07431775,0.27584624,0.90015624,True
45,4,17,CP3,0.11776225,0.00542497,0.11869063,0.75,0.75,"[2, 6]",0.75,False,1.07431775,0.27584624,0.90015624,True
45,4,18,CP4,0.15086728,0.07634213,0.16945805,0.75,0.75,"[2, 6]",0.75,False,1.07431775,0.27584624,0.90015624,True
45,4,19,TP7,0.08663902,-0.07728945,0.11716725,0.75,0.75,"[2, 6]",0.75,False,1.07431775,0.27584624,0.90015624,True
45,4,20,TP8,0.05892998,0.00126469,0.06718411,0.75,0.75,"[2, 6]",0.75,False,1.07431775,0.27584624,0.90015624,True
45,4,21,Pz,0.10172921,-0.04899598,0.113489,0.75,0.75,"[2, 6]",0.75,False,1.07431775,0.27584624,0.90015624,True
45,4,22,P3,0.04334046,0.00468455,0.04568647,0.75,0.75,"[2, 6]",0.75,False,1.07431775,0.27584624,0.90015624,True
45,4,23,P4,0.04623939,0.02190365,0.05697783,0.75,0.75,"[2, 6]",0.75,False,1.07431775,0.27584624,0.90015624,True
45,4,24,T5,0.07197403,0.07197403,0.0738112,0.75,0.75,"[2, 6]",0.75,False,1.07431775,0.27584624,0.90015624,True
45,4,25,T6,0.10014953,-0.0637699,0.11612777,0.75,0.75,"[2, 6]",0.75,False,1.07431775,0.27584624,0.90015624,True
45,4,26,Oz,0.09068637,0.08240977,0.10314427,0.75,0.75,"[2, 6]",0.75,False,1.07431775,0.27584624,0.90015624,True
45,4,27,O1,0.09339836,-0.00357123,0.10904019,0.75,0.75,"[2, 6]",0.75,False,1.07431775,0.27584624,0.90015624,True
45,4,28,O2,0.13944148,0.00906851,0.14142257,0.75,0.75,"[2, 6]",0.75,False,1.07431775,0.27584624,0.90015624,True
45,5,0,Fp1,0.05029711,0.0130805,0.05877027,0.5,0.5,"[6, 2]",0.75,False,1.2685863,0.3610082,1.06293121,True
45,5,1,Fp2,0.03506981,0.0312382,0.04025805,0.5,0.5,"[6, 2]",0.75,False,1.2685863,0.3610082,1.06293121,True
45,5,2,Fz,0.19693708,-0.13941717,0.20298432,0.5,0.5,"[6, 2]",0.75,False,1.2685863,0.3610082,1.06293121,True
45,5,3,F3,0.06107591,0.05538535,0.08687833,0.5,0.5,"[6, 2]",0.75,False,1.2685863,0.3610082,1.06293121,True
45,5,4,F4,0.06907826,0.0436198,0.10917067,0.5,0.5,"[6, 2]",0.75,False,1.2685863,0.3610082,1.06293121,True
45,5,5,F7,0.07682222,0.0346696,0.08590879,0.5,0.5,"[6, 2]",0.75,False,1.2685863,0.3610082,1.06293121,True
45,5,6,F8,0.08546693,-0.08546693,0.09948124,0.5,0.5,"[6, 2]",0.75,False,1.2685863,0.3610082,1.06293121,True
45,5,7,FCz,0.13233575,0.09807514,0.16758659,0.5,0.5,"[6, 2]",0.75,False,1.2685863,0.3610082,1.06293121,True
45,5,8,FC3,0.08117812,0.02891799,0.09411328,0.5,0.5,"[6, 2]",0.75,False,1.2685863,0.3610082,1.06293121,True
45,5,9,FC4,0.09320071,-0.06080549,0.10491106,0.5,0.5,"[6, 2]",0.75,False,1.2685863,0.3610082,1.06293121,True
45,5,10,FT7,0.10284714,-0.09371084,0.11555396,0.5,0.5,"[6, 2]",0.75,False,1.2685863,0.3610082,1.06293121,True
45,5,11,FT8,0.04062511,0.00894412,0.05347578,0.5,0.5,"[6, 2]",0.75,False,1.2685863,0.3610082,1.06293121,True
45,5,12,Cz,0.08753718,0.03216369,0.09776132,0.5,0.5,"[6, 2]",0.75,False,1.2685863,0.3610082,1.06293121,True
45,5,13,C3,0.245588,0.22604725,0.2935254,0.5,0.5,"[6, 2]",0.75,False,1.2685863,0.3610082,1.06293121,True
45,5,14,C4,0.09372988,-0.04661545,0.09977565,0.5,0.5,"[6, 2]",0.75,False,1.2685863,0.3610082,1.06293121,True
45,5,15,T3,0.0540159,-0.02109266,0.07137347,0.5,0.5,"[6, 2]",0.75,False,1.2685863,0.3610082,1.06293121,True
45,5,16,T4,0.10368417,0.03024711,0.11815526,0.5,0.5,"[6, 2]",0.75,False,1.2685863,0.3610082,1.06293121,True
45,5,17,CP3,0.06981737,-0.01717598,0.08405556,0.5,0.5,"[6, 2]",0.75,False,1.2685863,0.3610082,1.06293121,True
45,5,18,CP4,0.14507222,0.09671555,0.14810665,0.5,0.5,"[6, 2]",0.75,False,1.2685863,0.3610082,1.06293121,True
45,5,19,TP7,0.10698881,-0.00948036,0.10836122,0.5,0.5,"[6, 2]",0.75,False,1.2685863,0.3610082,1.06293121,True
45,5,20,TP8,0.09427245,-0.00583301,0.10446664,0.5,0.5,"[6, 2]",0.75,False,1.2685863,0.3610082,1.06293121,True
45,5,21,Pz,0.13337646,-0.13337646,0.1385262,0.5,0.5,"[6, 2]",0.75,False,1.2685863,0.3610082,1.06293121,True
45,5,22,P3,0.05722976,0.0565398,0.09170332,0.5,0.5,"[6, 2]",0.75,False,1.2685863,0.3610082,1.06293121,True
45,5,23,P4,0.05281222,0.05281222,0.05630212,0.5,0.5,"[6, 2]",0.75,False,1.2685863,0.3610082,1.06293121,True
45,5,24,T5,0.16444339,0.16444339,0.1694181,0.5,0.5,"[6, 2]",0.75,False,1.2685863,0.3610082,1.06293121,True
45,5,25,T6,0.13512072,-0.13512072,0.13983043,0.5,0.5,"[6, 2]",0.75,False,1.2685863,0.3610082,1.06293121,True
45,5,26,Oz,0.06051382,0.04184996,0.06997316,0.5,0.5,"[6, 2]",0.75,False,1.2685863,0.3610082,1.06293121,True
45,5,27,O1,0.09009108,0.03239949,0.10485713,0.5,0.5,"[6, 2]",0.75,False,1.2685863,0.3610082,1.06293121,True
45,5,28,O2,0.11463666,-0.03346625,0.1233652,0.5,0.5,"[6, 2]",0.75,False,1.2685863,0.3610082,1.06293121,True
46,1,0,Fp1,0.05848758,-0.00345258,0.07006495,0.375,0.375,"[3, 5]",0.625,False,1.20008125,0.30220613,1.00553177,True
46,1,1,Fp2,0.05859676,0.02872438,0.06301682,0.375,0.375,"[3, 5]",0.625,False,1.20008125,0.30220613,1.00553177,True
46,1,2,Fz,0.08828327,-0.05786718,0.10856651,0.375,0.375,"[3, 5]",0.625,False,1.20008125,0.30220613,1.00553177,True
46,1,3,F3,0.10729289,0.10729289,0.11975782,0.375,0.375,"[3, 5]",0.625,False,1.20008125,0.30220613,1.00553177,True
46,1,4,F4,0.04037812,-0.00920429,0.05124816,0.375,0.375,"[3, 5]",0.625,False,1.20008125,0.30220613,1.00553177,True
46,1,5,F7,0.01732107,0.0123518,0.01785272,0.375,0.375,"[3, 5]",0.625,False,1.20008125,0.30220613,1.00553177,True
46,1,6,F8,0.02596344,0.00028243,0.03121094,0.375,0.375,"[3, 5]",0.625,False,1.20008125,0.30220613,1.00553177,True
46,1,7,FCz,0.03000314,0.03000314,0.03571735,0.375,0.375,"[3, 5]",0.625,False,1.20008125,0.30220613,1.00553177,True
46,1,8,FC3,0.18606159,-0.06061132,0.20168322,0.375,0.375,"[3, 5]",0.625,False,1.20008125,0.30220613,1.00553177,True
46,1,9,FC4,0.07568192,0.02296286,0.0987487,0.375,0.375,"[3, 5]",0.625,False,1.20008125,0.30220613,1.00553177,True
46,1,10,FT7,0.13578366,-0.13578366,0.15448879,0.375,0.375,"[3, 5]",0.625,False,1.20008125,0.30220613,1.00553177,True
46,1,11,FT8,0.10417639,0.07862601,0.13573751,0.375,0.375,"[3, 5]",0.625,False,1.20008125,0.30220613,1.00553177,True
46,1,12,Cz,0.08911703,0.08911703,0.09287226,0.375,0.375,"[3, 5]",0.625,False,1.20008125,0.30220613,1.00553177,True
46,1,13,C3,0.11773415,0.02852956,0.12445305,0.375,0.375,"[3, 5]",0.625,False,1.20008125,0.30220613,1.00553177,True
46,1,14,C4,0.13730903,-0.10511684,0.15307425,0.375,0.375,"[3, 5]",0.625,False,1.20008125,0.30220613,1.00553177,True
46,1,15,T3,0.20391051,0.20391051,0.21175557,0.375,0.375,"[3, 5]",0.625,False,1.20008125,0.30220613,1.00553177,True
46,1,16,T4,0.0915142,-0.04696345,0.10440571,0.375,0.375,"[3, 5]",0.625,False,1.20008125,0.30220613,1.00553177,True
46,1,17,CP3,0.08491527,-0.02993974,0.10891405,0.375,0.375,"[3, 5]",0.625,False,1.20008125,0.30220613,1.00553177,True
46,1,18,CP4,0.11851836,0.01245852,0.14088832,0.375,0.375,"[3, 5]",0.625,False,1.20008125,0.30220613,1.00553177,True
46,1,19,TP7,0.1195614,-0.06814517,0.14208663,0.375,0.375,"[3, 5]",0.625,False,1.20008125,0.30220613,1.00553177,True
46,1,20,TP8,0.06921247,0.02524729,0.08451232,0.375,0.375,"[3, 5]",0.625,False,1.20008125,0.30220613,1.00553177,True
46,1,21,Pz,0.08692091,0.0140782,0.10812691,0.375,0.375,"[3, 5]",0.625,False,1.20008125,0.30220613,1.00553177,True
46,1,22,P3,0.13644135,0.06717639,0.13795777,0.375,0.375,"[3, 5]",0.625,False,1.20008125,0.30220613,1.00553177,True
46,1,23,P4,0.05950437,0.00197894,0.06782212,0.375,0.375,"[3, 5]",0.625,False,1.20008125,0.30220613,1.00553177,True
46,1,24,T5,0.09893056,-0.03663468,0.11908386,0.375,0.375,"[3, 5]",0.625,False,1.20008125,0.30220613,1.00553177,True
46,1,25,T6,0.04610575,-0.01517986,0.05358393,0.375,0.375,"[3, 5]",0.625,False,1.20008125,0.30220613,1.00553177,True
46,1,26,Oz,0.1037362,0.09267368,0.12165873,0.375,0.375,"[3, 5]",0.625,False,1.20008125,0.30220613,1.00553177,True
46,1,27,O1,0.11110065,0.0233166,0.12467343,0.375,0.375,"[3, 5]",0.625,False,1.20008125,0.30220613,1.00553177,True
46,1,28,O2,0.09903671,-0.01577001,0.13234569,0.375,0.375,"[3, 5]",0.625,False,1.20008125,0.30220613,1.00553177,True
46,2,0,Fp1,0.10977056,-0.09571161,0.12238985,0.5,0.5,"[0, 8]",1.0,True,0.01161879,0.00229357,0.00973522,True
46,2,1,Fp2,0.07797492,0.06218578,0.09600358,0.5,0.5,"[0, 8]",1.0,True,0.01161879,0.00229357,0.00973522,True
46,2,2,Fz,0.10361795,-0.09775482,0.11685155,0.5,0.5,"[0, 8]",1.0,True,0.01161879,0.00229357,0.00973522,True
46,2,3,F3,0.08785811,0.0276405,0.0948232,0.5,0.5,"[0, 8]",1.0,True,0.01161879,0.00229357,0.00973522,True
46,2,4,F4,0.09722181,0.01293408,0.10701221,0.5,0.5,"[0, 8]",1.0,True,0.01161879,0.00229357,0.00973522,True
46,2,5,F7,0.08381597,0.08149179,0.0974653,0.5,0.5,"[0, 8]",1.0,True,0.01161879,0.00229357,0.00973522,True
46,2,6,F8,0.07634143,-0.02784242,0.07748999,0.5,0.5,"[0, 8]",1.0,True,0.01161879,0.00229357,0.00973522,True
46,2,7,FCz,0.09928533,0.09928533,0.11441316,0.5,0.5,"[0, 8]",1.0,True,0.01161879,0.00229357,0.00973522,True
46,2,8,FC3,0.03172525,0.00682104,0.03787336,0.5,0.5,"[0, 8]",1.0,True,0.01161879,0.00229357,0.00973522,True
46,2,9,FC4,0.05804285,-0.05804285,0.0761445,0.5,0.5,"[0, 8]",1.0,True,0.01161879,0.00229357,0.00973522,True
46,2,10,FT7,0.09093346,-0.05759311,0.10448743,0.5,0.5,"[0, 8]",1.0,True,0.01161879,0.00229357,0.00973522,True
46,2,11,FT8,0.07936102,-0.00308496,0.09674185,0.5,0.5,"[0, 8]",1.0,True,0.01161879,0.00229357,0.00973522,True
46,2,12,Cz,0.07709489,0.07585425,0.09283529,0.5,0.5,"[0, 8]",1.0,True,0.01161879,0.00229357,0.00973522,True
46,2,13,C3,0.11653012,0.07285349,0.11857562,0.5,0.5,"[0, 8]",1.0,True,0.01161879,0.00229357,0.00973522,True
46,2,14,C4,0.08581909,-0.07597768,0.09645078,0.5,0.5,"[0, 8]",1.0,True,0.01161879,0.00229357,0.00973522,True
46,2,15,T3,0.12668997,0.12668997,0.13197352,0.5,0.5,"[0, 8]",1.0,True,0.01161879,0.00229357,0.00973522,True
46,2,16,T4,0.12232128,0.01375518,0.13497511,0.5,0.5,"[0, 8]",1.0,True,0.01161879,0.00229357,0.00973522,True
46,2,17,CP3,0.12110263,0.03316255,0.13902541,0.5,0.5,"[0, 8]",1.0,True,0.01161879,0.00229357,0.00973522,True
46,2,18,CP4,0.11044917,0.0339281,0.12700948,0.5,0.5,"[0, 8]",1.0,True,0.01161879,0.00229357,0.00973522,True
46,2,19,TP7,0.08418605,-0.01990538,0.09457596,0.5,0.5,"[0, 8]",1.0,True,0.01161879,0.00229357,0.00973522,True
46,2,20,TP8,0.08932048,-0.05948414,0.1085659,0.5,0.5,"[0, 8]",1.0,True,0.01161879,0.00229357,0.00973522,True
46,2,21,Pz,0.15285018,0.00643488,0.15302281,0.5,0.5,"[0, 8]",1.0,True,0.01161879,0.00229357,0.00973522,True
46,2,22,P3,0.10811488,0.10811488,0.11733962,0.5,0.5,"[0, 8]",1.0,True,0.01161879,0.00229357,0.00973522,True
46,2,23,P4,0.10573564,-0.09394642,0.11784662,0.5,0.5,"[0, 8]",1.0,True,0.01161879,0.00229357,0.00973522,True
46,2,24,T5,0.10435027,0.0721914,0.11377179,0.5,0.5,"[0, 8]",1.0,True,0.01161879,0.00229357,0.00973522,True
46,2,25,T6,0.08212838,-0.06266056,0.09347728,0.5,0.5,"[0, 8]",1.0,True,0.01161879,0.00229357,0.00973522,True
46,2,26,Oz,0.07732281,0.04201061,0.07953426,0.5,0.5,"[0, 8]",1.0,True,0.01161879,0.00229357,0.00973522,True
46,2,27,O1,0.12177518,0.05546631,0.13243955,0.5,0.5,"[0, 8]",1.0,True,0.01161879,0.00229357,0.00973522,True
46,2,28,O2,0.14473349,-0.02391016,0.14758338,0.5,0.5,"[0, 8]",1.0,True,0.01161879,0.00229357,0.00973522,True
46,3,0,Fp1,0.07073898,0.01598629,0.08105534,0.625,0.625,"[7, 1]",0.875,False,0.9197729,0.22845374,0.77066521,True
46,3,1,Fp2,0.08714909,0.06453249,0.10327507,0.625,0.625,"[7, 1]",0.875,False,0.9197729,0.22845374,0.77066521,True
46,3,2,Fz,0.07503721,-0.07503721,0.099535,0.625,0.625,"[7, 1]",0.875,False,0.9197729,0.22845374,0.77066521,True
46,3,3,F3,0.03848236,0.02393229,0.04272586,0.625,0.625,"[7, 1]",0.875,False,0.9197729,0.22845374,0.77066521,True
46,3,4,F4,0.08352369,-0.00053722,0.0958159,0.625,0.625,"[7, 1]",0.875,False,0.9197729,0.22845374,0.77066521,True
46,3,5,F7,0.08210684,0.0618488,0.0873917,0.625,0.625,"[7, 1]",0.875,False,0.9197729,0.22845374,0.77066521,True
46,3,6,F8,0.08879131,-0.08198373,0.12155031,0.625,0.625,"[7, 1]",0.875,False,0.9197729,0.22845374,0.77066521,True
46,3,7,FCz,0.03960215,0.0304996,0.04694902,0.625,0.625,"[7, 1]",0.875,False,0.9197729,0.22845374,0.77066521,True
46,3,8,FC3,0.12446149,-0.02870598,0.13660046,0.625,0.625,"[7, 1]",0.875,False,0.9197729,0.22845374,0.77066521,True
46,3,9,FC4,0.12155061,-0.09445211,0.14774138,0.625,0.625,"[7, 1]",0.875,False,0.9197729,0.22845374,0.77066521,True
46,3,10,FT7,0.12300099,-0.12300099,0.13773601,0.625,0.625,"[7, 1]",0.875,False,0.9197729,0.22845374,0.77066521,True
46,3,11,FT8,0.11748764,0.02934901,0.13315409,0.625,0.625,"[7, 1]",0.875,False,0.9197729,0.22845374,0.77066521,True
46,3,12,Cz,0.12989143,0.12989143,0.13527359,0.625,0.625,"[7, 1]",0.875,False,0.9197729,0.22845374,0.77066521,True
46,3,13,C3,0.07464702,0.06412523,0.09954198,0.625,0.625,"[7, 1]",0.875,False,0.9197729,0.22845374,0.77066521,True
46,3,14,C4,0.06848203,0.01773661,0.09335199,0.625,0.625,"[7, 1]",0.875,False,0.9197729,0.22845374,0.77066521,True
46,3,15,T3,0.18040805,0.18040805,0.2087166,0.625,0.625,"[7, 1]",0.875,False,0.9197729,0.22845374,0.77066521,True
46,3,16,T4,0.0708601,0.0626589,0.08760081,0.625,0.625,"[7, 1]",0.875,False,0.9197729,0.22845374,0.77066521,True
46,3,17,CP3,0.15180087,-0.05440547,0.16926511,0.625,0.625,"[7, 1]",0.875,False,0.9197729,0.22845374,0.77066521,True
46,3,18,CP4,0.09810885,-0.01008694,0.1253414,0.625,0.625,"[7, 1]",0.875,False,0.9197729,0.22845374,0.77066521,True
46,3,19,TP7,0.06770189,-0.06770189,0.08836392,0.625,0.625,"[7, 1]",0.875,False,0.9197729,0.22845374,0.77066521,True
46,3,20,TP8,0.07165311,-0.03011336,0.08152522,0.625,0.625,"[7, 1]",0.875,False,0.9197729,0.22845374,0.77066521,True
46,3,21,Pz,0.09561656,0.05179146,0.11082222,0.625,0.625,"[7, 1]",0.875,False,0.9197729,0.22845374,0.77066521,True
46,3,22,P3,0.12581064,0.03824183,0.14186515,0.625,0.625,"[7, 1]",0.875,False,0.9197729,0.22845374,0.77066521,True
46,3,23,P4,0.0335949,-0.02956207,0.03808534,0.625,0.625,"[7, 1]",0.875,False,0.9197729,0.22845374,0.77066521,True
46,3,24,T5,0.03390482,0.01629891,0.05080501,0.625,0.625,"[7, 1]",0.875,False,0.9197729,0.22845374,0.77066521,True
46,3,25,T6,0.11202319,-0.04642495,0.12142999,0.625,0.625,"[7, 1]",0.875,False,0.9197729,0.22845374,0.77066521,True
46,3,26,Oz,0.06761308,0.06761308,0.07624356,0.625,0.625,"[7, 1]",0.875,False,0.9197729,0.22845374,0.77066521,True
46,3,27,O1,0.09257501,0.04278195,0.10449894,0.625,0.625,"[7, 1]",0.875,False,0.9197729,0.22845374,0.77066521,True
46,3,28,O2,0.11790828,0.00198215,0.12412266,0.625,0.625,"[7, 1]",0.875,False,0.9197729,0.22845374,0.77066521,True
46,4,0,Fp1,0.10968408,-0.09468989,0.12145676,0.5,0.5,"[0, 8]",1.0,True,0.0333676,0.00612669,0.02795826,True
46,4,1,Fp2,0.07752837,0.06240834,0.09636039,0.5,0.5,"[0, 8]",1.0,True,0.0333676,0.00612669,0.02795826,True
46,4,2,Fz,0.10449131,-0.09852983,0.11759863,0.5,0.5,"[0, 8]",1.0,True,0.0333676,0.00612669,0.02795826,True
46,4,3,F3,0.08766592,0.02845186,0.093953,0.5,0.5,"[0, 8]",1.0,True,0.0333676,0.00612669,0.02795826,True
46,4,4,F4,0.09699759,0.01254855,0.10681085,0.5,0.5,"[0, 8]",1.0,True,0.0333676,0.00612669,0.02795826,True
46,4,5,F7,0.08516955,0.08421827,0.09921685,0.5,0.5,"[0, 8]",1.0,True,0.0333676,0.00612669,0.02795826,True
46,4,6,F8,0.07341967,-0.02607215,0.07466364,0.5,0.5,"[0, 8]",1.0,True,0.0333676,0.00612669,0.02795826,True
46,4,7,FCz,0.09733832,0.09733832,0.11147482,0.5,0.5,"[0, 8]",1.0,True,0.0333676,0.00612669,0.02795826,True
46,4,8,FC3,0.03098238,0.00527292,0.03797348,0.5,0.5,"[0, 8]",1.0,True,0.0333676,0.00612669,0.02795826,True
46,4,9,FC4,0.05856188,-0.05856188,0.07582135,0.5,0.5,"[0, 8]",1.0,True,0.0333676,0.00612669,0.02795826,True
46,4,10,FT7,0.08948147,-0.05651692,0.10183469,0.5,0.5,"[0, 8]",1.0,True,0.0333676,0.00612669,0.02795826,True
46,4,11,FT8,0.08040367,-0.00060534,0.09726052,0.5,0.5,"[0, 8]",1.0,True,0.0333676,0.00612669,0.02795826,True
46,4,12,Cz,0.07496926,0.0735518,0.09102066,0.5,0.5,"[0, 8]",1.0,True,0.0333676,0.00612669,0.02795826,True
46,4,13,C3,0.11571377,0.07202826,0.1178827,0.5,0.5,"[0, 8]",1.0,True,0.0333676,0.00612669,0.02795826,True
46,4,14,C4,0.08616673,-0.07743368,0.09724648,0.5,0.5,"[0, 8]",1.0,True,0.0333676,0.00612669,0.02795826,True
46,4,15,T3,0.12949073,0.12949073,0.13462514,0.5,0.5,"[0, 8]",1.0,True,0.0333676,0.00612669,0.02795826,True
46,4,16,T4,0.12432186,0.01451384,0.13642935,0.5,0.5,"[0, 8]",1.0,True,0.0333676,0.00612669,0.02795826,True
46,4,17,CP3,0.12028024,0.03482151,0.13856013,0.5,0.5,"[0, 8]",1.0,True,0.0333676,0.00612669,0.02795826,True
46,4,18,CP4,0.11127843,0.03284897,0.12807581,0.5,0.5,"[0, 8]",1.0,True,0.0333676,0.00612669,0.02795826,True
46,4,19,TP7,0.08618886,-0.01718904,0.0959356,0.5,0.5,"[0, 8]",1.0,True,0.0333676,0.00612669,0.02795826,True
46,4,20,TP8,0.08981001,-0.05977394,0.10923551,0.5,0.5,"[0, 8]",1.0,True,0.0333676,0.00612669,0.02795826,True
46,4,21,Pz,0.15420705,0.00564301,0.1543798,0.5,0.5,"[0, 8]",1.0,True,0.0333676,0.00612669,0.02795826,True
46,4,22,P3,0.10927913,0.10927913,0.11983594,0.5,0.5,"[0, 8]",1.0,True,0.0333676,0.00612669,0.02795826,True
46,4,23,P4,0.10763898,-0.09493375,0.11931811,0.5,0.5,"[0, 8]",1.0,True,0.0333676,0.00612669,0.02795826,True
46,4,24,T5,0.10401538,0.07242393,0.11243696,0.5,0.5,"[0, 8]",1.0,True,0.0333676,0.00612669,0.02795826,True
46,4,25,T6,0.0815666,-0.06282726,0.09360715,0.5,0.5,"[0, 8]",1.0,True,0.0333676,0.00612669,0.02795826,True
46,4,26,Oz,0.07547712,0.0413392,0.07831057,0.5,0.5,"[0, 8]",1.0,True,0.0333676,0.00612669,0.02795826,True
46,4,27,O1,0.11987077,0.05470871,0.1313763,0.5,0.5,"[0, 8]",1.0,True,0.0333676,0.00612669,0.02795826,True
46,4,28,O2,0.14446233,-0.02443337,0.14745809,0.5,0.5,"[0, 8]",1.0,True,0.0333676,0.00612669,0.02795826,True
46,5,0,Fp1,0.10858083,-0.09545575,0.12135343,0.5,0.5,"[0, 8]",1.0,True,0.02529834,0.00444446,0.02119714,True
46,5,1,Fp2,0.07920046,0.06211071,0.09716064,0.5,0.5,"[0, 8]",1.0,True,0.02529834,0.00444446,0.02119714,True
46,5,2,Fz,0.10374659,-0.09814953,0.11702625,0.5,0.5,"[0, 8]",1.0,True,0.02529834,0.00444446,0.02119714,True
46,5,3,F3,0.08693627,0.02879321,0.09335494,0.5,0.5,"[0, 8]",1.0,True,0.02529834,0.00444446,0.02119714,True
46,5,4,F4,0.0981054,0.01427485,0.10740572,0.5,0.5,"[0, 8]",1.0,True,0.02529834,0.00444446,0.02119714,True
46,5,5,F7,0.08613134,0.08249408,0.09912469,0.5,0.5,"[0, 8]",1.0,True,0.02529834,0.00444446,0.02119714,True
46,5,6,F8,0.07549144,-0.02660091,0.0767683,0.5,0.5,"[0, 8]",1.0,True,0.02529834,0.00444446,0.02119714,True
46,5,7,FCz,0.09746037,0.09746037,0.1125617,0.5,0.5,"[0, 8]",1.0,True,0.02529834,0.00444446,0.02119714,True
46,5,8,FC3,0.03202214,0.0062233,0.03864961,0.5,0.5,"[0, 8]",1.0,True,0.02529834,0.00444446,0.02119714,True
46,5,9,FC4,0.0589369,-0.0589369,0.07589459,0.5,0.5,"[0, 8]",1.0,True,0.02529834,0.00444446,0.02119714,True
46,5,10,FT7,0.0911797,-0.0570029,0.10333182,0.5,0.5,"[0, 8]",1.0,True,0.02529834,0.00444446,0.02119714,True
46,5,11,FT8,0.07985371,-0.00184795,0.09661472,0.5,0.5,"[0, 8]",1.0,True,0.02529834,0.00444446,0.02119714,True
46,5,12,Cz,0.07703145,0.07368174,0.09194227,0.5,0.5,"[0, 8]",1.0,True,0.02529834,0.00444446,0.02119714,True
46,5,13,C3,0.11568592,0.0717646,0.11768884,0.5,0.5,"[0, 8]",1.0,True,0.02529834,0.00444446,0.02119714,True
46,5,14,C4,0.08633175,-0.07753181,0.0976076,0.5,0.5,"[0, 8]",1.0,True,0.02529834,0.00444446,0.02119714,True
46,5,15,T3,0.12740853,0.12740853,0.1319105,0.5,0.5,"[0, 8]",1.0,True,0.02529834,0.00444446,0.02119714,True
46,5,16,T4,0.12347341,0.01393037,0.13565671,0.5,0.5,"[0, 8]",1.0,True,0.02529834,0.00444446,0.02119714,True
46,5,17,CP3,0.12174227,0.03273862,0.13946469,0.5,0.5,"[0, 8]",1.0,True,0.02529834,0.00444446,0.02119714,True
46,5,18,CP4,0.11078817,0.03332393,0.12834032,0.5,0.5,"[0, 8]",1.0,True,0.02529834,0.00444446,0.02119714,True
46,5,19,TP7,0.08524302,-0.01836388,0.09542373,0.5,0.5,"[0, 8]",1.0,True,0.02529834,0.00444446,0.02119714,True
46,5,20,TP8,0.0898125,-0.05910282,0.10899376,0.5,0.5,"[0, 8]",1.0,True,0.02529834,0.00444446,0.02119714,True
46,5,21,Pz,0.1515896,0.00569172,0.15175813,0.5,0.5,"[0, 8]",1.0,True,0.02529834,0.00444446,0.02119714,True
46,5,22,P3,0.10756475,0.10756475,0.11758809,0.5,0.5,"[0, 8]",1.0,True,0.02529834,0.00444446,0.02119714,True
46,5,23,P4,0.10625294,-0.09402941,0.11787322,0.5,0.5,"[0, 8]",1.0,True,0.02529834,0.00444446,0.02119714,True
46,5,24,T5,0.10569344,0.07266641,0.11447419,0.5,0.5,"[0, 8]",1.0,True,0.02529834,0.00444446,0.02119714,True
46,5,25,T6,0.08139229,-0.06199869,0.09265599,0.5,0.5,"[0, 8]",1.0,True,0.02529834,0.00444446,0.02119714,True
46,5,26,Oz,0.07750117,0.04168159,0.08024654,0.5,0.5,"[0, 8]",1.0,True,0.02529834,0.00444446,0.02119714,True
46,5,27,O1,0.11936291,0.05501456,0.13015428,0.5,0.5,"[0, 8]",1.0,True,0.02529834,0.00444446,0.02119714,True
46,5,28,O2,0.1450558,-0.02340918,0.1477775,0.5,0.5,"[0, 8]",1.0,True,0.02529834,0.00444446,0.02119714,True
47,1,0,Fp1,0.11000326,-0.09644251,0.12294272,0.5,0.5,"[0, 8]",1.0,True,0.01085633,0.00191171,0.00909637,True
47,1,1,Fp2,0.0775757,0.06062684,0.09523106,0.5,0.5,"[0, 8]",1.0,True,0.01085633,0.00191171,0.00909637,True
47,1,2,Fz,0.10392168,-0.09900171,0.11772985,0.5,0.5,"[0, 8]",1.0,True,0.01085633,0.00191171,0.00909637,True
47,1,3,F3,0.08658564,0.02686964,0.0936382,0.5,0.5,"[0, 8]",1.0,True,0.01085633,0.00191171,0.00909637,True
47,1,4,F4,0.09718984,0.01221513,0.10747471,0.5,0.5,"[0, 8]",1.0,True,0.01085633,0.00191171,0.00909637,True
47,1,5,F7,0.08443106,0.08243351,0.09836354,0.5,0.5,"[0, 8]",1.0,True,0.01085633,0.00191171,0.00909637,True
47,1,6,F8,0.07799855,-0.02996239,0.07891434,0.5,0.5,"[0, 8]",1.0,True,0.01085633,0.00191171,0.00909637,True
47,1,7,FCz,0.09838603,0.09838603,0.11424622,0.5,0.5,"[0, 8]",1.0,True,0.01085633,0.00191171,0.00909637,True
47,1,8,FC3,0.03098624,0.00508098,0.03788269,0.5,0.5,"[0, 8]",1.0,True,0.01085633,0.00191171,0.00909637,True
47,1,9,FC4,0.05815363,-0.05815363,0.07668288,0.5,0.5,"[0, 8]",1.0,True,0.01085633,0.00191171,0.00909637,True
47,1,10,FT7,0.09042765,-0.0574252,0.10353061,0.5,0.5,"[0, 8]",1.0,True,0.01085633,0.00191171,0.00909637,True
47,1,11,FT8,0.08023496,-0.00438203,0.09749199,0.5,0.5,"[0, 8]",1.0,True,0.01085633,0.00191171,0.00909637,True
47,1,12,Cz,0.07810326,0.07643895,0.09362802,0.5,0.5,"[0, 8]",1.0,True,0.01085633,0.00191171,0.00909637,True
47,1,13,C3,0.11535043,0.07270107,0.11751904,0.5,0.5,"[0, 8]",1.0,True,0.01085633,0.00191171,0.00909637,True
47,1,14,C4,0.08539389,-0.07419764,0.09550874,0.5,0.5,"[0, 8]",1.0,True,0.01085633,0.00191171,0.00909637,True
47,1,15,T3,0.12696621,0.12696621,0.13212062,0.5,0.5,"[0, 8]",1.0,True,0.01085633,0.00191171,0.00909637,True
47,1,16,T4,0.12188764,0.01348708,0.13445331,0.5,0.5,"[0, 8]",1.0,True,0.01085633,0.00191171,0.00909637,True
47,1,17,CP3,0.12155885,0.03343712,0.14018027,0.5,0.5,"[0, 8]",1.0,True,0.01085633,0.00191171,0.00909637,True
47,1,18,CP4,0.11078241,0.03504827,0.12747651,0.5,0.5,"[0, 8]",1.0,True,0.01085633,0.00191171,0.00909637,True
47,1,19,TP7,0.08411663,-0.01777074,0.09398466,0.5,0.5,"[0, 8]",1.0,True,0.01085633,0.00191171,0.00909637,True
47,1,20,TP8,0.08897725,-0.05864113,0.1078364,0.5,0.5,"[0, 8]",1.0,True,0.01085633,0.00191171,0.00909637,True
47,1,21,Pz,0.15273148,0.00747206,0.15294872,0.5,0.5,"[0, 8]",1.0,True,0.01085633,0.00191171,0.00909637,True
47,1,22,P3,0.1086245,0.1086245,0.11757241,0.5,0.5,"[0, 8]",1.0,True,0.01085633,0.00191171,0.00909637,True
47,1,23,P4,0.10433602,-0.0921829,0.11606882,0.5,0.5,"[0, 8]",1.0,True,0.01085633,0.00191171,0.00909637,True
47,1,24,T5,0.10538903,0.07395845,0.11480751,0.5,0.5,"[0, 8]",1.0,True,0.01085633,0.00191171,0.00909637,True
47,1,25,T6,0.08132086,-0.06163082,0.09232619,0.5,0.5,"[0, 8]",1.0,True,0.01085633,0.00191171,0.00909637,True
47,1,26,Oz,0.07707395,0.04186619,0.07928238,0.5,0.5,"[0, 8]",1.0,True,0.01085633,0.00191171,0.00909637,True
47,1,27,O1,0.12169329,0.05574596,0.13225009,0.5,0.5,"[0, 8]",1.0,True,0.01085633,0.00191171,0.00909637,True
47,1,28,O2,0.14401053,-0.02389938,0.14687516,0.5,0.5,"[0, 8]",1.0,True,0.01085633,0.00191171,0.00909637,True
47,2,0,Fp1,0.11104643,-0.09656117,0.12367194,0.375,0.375,"[1, 7]",0.875,False,0.01346319,0.00213747,0.01128063,True
47,2,1,Fp2,0.07655098,0.06064112,0.0944291,0.375,0.375,"[1, 7]",0.875,False,0.01346319,0.00213747,0.01128063,True
47,2,2,Fz,0.10397537,-0.09920651,0.11799099,0.375,0.375,"[1, 7]",0.875,False,0.01346319,0.00213747,0.01128063,True
47,2,3,F3,0.08702503,0.02709626,0.09423514,0.375,0.375,"[1, 7]",0.875,False,0.01346319,0.00213747,0.01128063,True
47,2,4,F4,0.09777714,0.01205556,0.10836486,0.375,0.375,"[1, 7]",0.875,False,0.01346319,0.00213747,0.01128063,True
47,2,5,F7,0.08385924,0.08198954,0.09759013,0.375,0.375,"[1, 7]",0.875,False,0.01346319,0.00213747,0.01128063,True
47,2,6,F8,0.07716164,-0.02958454,0.07814295,0.375,0.375,"[1, 7]",0.875,False,0.01346319,0.00213747,0.01128063,True
47,2,7,FCz,0.09949581,0.09949581,0.11473943,0.375,0.375,"[1, 7]",0.875,False,0.01346319,0.00213747,0.01128063,True
47,2,8,FC3,0.03112386,0.00572591,0.03748641,0.375,0.375,"[1, 7]",0.875,False,0.01346319,0.00213747,0.01128063,True
47,2,9,FC4,0.05811384,-0.05811384,0.07646862,0.375,0.375,"[1, 7]",0.875,False,0.01346319,0.00213747,0.01128063,True
47,2,10,FT7,0.08981869,-0.05715816,0.10311899,0.375,0.375,"[1, 7]",0.875,False,0.01346319,0.00213747,0.01128063,True
47,2,11,FT8,0.08073287,-0.00440971,0.09821362,0.375,0.375,"[1, 7]",0.875,False,0.01346319,0.00213747,0.01128063,True
47,2,12,Cz,0.07711717,0.07656764,0.09323161,0.375,0.375,"[1, 7]",0.875,False,0.01346319,0.00213747,0.01128063,True
47,2,13,C3,0.11602329,0.07318394,0.11832577,0.375,0.375,"[1, 7]",0.875,False,0.01346319,0.00213747,0.01128063,True
47,2,14,C4,0.08568104,-0.07435697,0.09558088,0.375,0.375,"[1, 7]",0.875,False,0.01346319,0.00213747,0.01128063,True
47,2,15,T3,0.12709509,0.12709509,0.13230745,0.375,0.375,"[1, 7]",0.875,False,0.01346319,0.00213747,0.01128063,True
47,2,16,T4,0.12250806,0.01322078,0.13502771,0.375,0.375,"[1, 7]",0.875,False,0.01346319,0.00213747,0.01128063,True
47,2,17,CP3,0.12015459,0.03351558,0.13885324,0.375,0.375,"[1, 7]",0.875,False,0.01346319,0.00213747,0.01128063,True
47,2,18,CP4,0.11070015,0.03501563,0.12702905,0.375,0.375,"[1, 7]",0.875,False,0.01346319,0.00213747,0.01128063,True
47,2,19,TP7,0.08373687,-0.01848556,0.0937129,0.375,0.375,"[1, 7]",0.875,False,0.01346319,0.00213747,0.01128063,True
47,2,20,TP8,0.08843903,-0.05874423,0.10735917,0.375,0.375,"[1, 7]",0.875,False,0.01346319,0.00213747,0.01128063,True
47,2,21,Pz,0.15358451,0.00732883,0.15378851,0.375,0.375,"[1, 7]",0.875,False,0.01346319,0.00213747,0.01128063,True
47,2,22,P3,0.10875762,0.10875762,0.11754677,0.375,0.375,"[1, 7]",0.875,False,0.01346319,0.00213747,0.01128063,True
47,2,23,P4,0.10489851,-0.09238628,0.116722,0.375,0.375,"[1, 7]",0.875,False,0.01346319,0.00213747,0.01128063,True
47,2,24,T5,0.10529213,0.07390238,0.11510104,0.375,0.375,"[1, 7]",0.875,False,0.01346319,0.00213747,0.01128063,True
47,2,25,T6,0.08139773,-0.0616795,0.0925734,0.375,0.375,"[1, 7]",0.875,False,0.01346319,0.00213747,0.01128063,True
47,2,26,Oz,0.07701919,0.04224531,0.07936612,0.375,0.375,"[1, 7]",0.875,False,0.01346319,0.00213747,0.01128063,True
47,2,27,O1,0.12294509,0.05649378,0.13326874,0.375,0.375,"[1, 7]",0.875,False,0.01346319,0.00213747,0.01128063,True
47,2,28,O2,0.14306508,-0.02363835,0.14586121,0.375,0.375,"[1, 7]",0.875,False,0.01346319,0.00213747,0.01128063,True
47,3,0,Fp1,0.08932471,-0.04854538,0.09377262,0.375,0.375,"[7, 1]",0.875,False,0.87519494,0.3008701,0.73331394,True
47,3,1,Fp2,0.04554143,0.0423558,0.05899211,0.375,0.375,"[7, 1]",0.875,False,0.87519494,0.3008701,0.73331394,True
47,3,2,Fz,0.14520766,-0.14520766,0.15467852,0.375,0.375,"[7, 1]",0.875,False,0.87519494,0.3008701,0.73331394,True
47,3,3,F3,0.09173821,-0.01911035,0.10634689,0.375,0.375,"[7, 1]",0.875,False,0.87519494,0.3008701,0.73331394,True
47,3,4,F4,0.05113473,0.01958463,0.05784741,0.375,0.375,"[7, 1]",0.875,False,0.87519494,0.3008701,0.73331394,True
47,3,5,F7,0.13944119,0.10454027,0.15179929,0.375,0.375,"[7, 1]",0.875,False,0.87519494,0.3008701,0.73331394,True
47,3,6,F8,0.05541274,0.03125103,0.0777623,0.375,0.375,"[7, 1]",0.875,False,0.87519494,0.3008701,0.73331394,True
47,3,7,FCz,0.1197442,0.08717322,0.13023607,0.375,0.375,"[7, 1]",0.875,False,0.87519494,0.3008701,0.73331394,True
47,3,8,FC3,0.10132856,0.06465495,0.1256216,0.375,0.375,"[7, 1]",0.875,False,0.87519494,0.3008701,0.73331394,True
47,3,9,FC4,0.09886542,-0.09886542,0.11199646,0.375,0.375,"[7, 1]",0.875,False,0.87519494,0.3008701,0.73331394,True
47,3,10,FT7,0.10115846,-0.07854487,0.11474917,0.375,0.375,"[7, 1]",0.875,False,0.87519494,0.3008701,0.73331394,True
47,3,11,FT8,0.09568369,0.07475206,0.11042408,0.375,0.375,"[7, 1]",0.875,False,0.87519494,0.3008701,0.73331394,True
47,3,12,Cz,0.05612747,0.0554876,0.07410161,0.375,0.375,"[7, 1]",0.875,False,0.87519494,0.3008701,0.73331394,True
47,3,13,C3,0.12772709,0.12772709,0.1343324,0.375,0.375,"[7, 1]",0.875,False,0.87519494,0.3008701,0.73331394,True
47,3,14,C4,0.18907109,-0.02810576,0.2124673,0.375,0.375,"[7, 1]",0.875,False,0.87519494,0.3008701,0.73331394,True
47,3,15,T3,0.10602948,0.10602948,0.13150352,0.375,0.375,"[7, 1]",0.875,False,0.87519494,0.3008701,0.73331394,True
47,3,16,T4,0.072942,0.02199613,0.07754751,0.375,0.375,"[7, 1]",0.875,False,0.87519494,0.3008701,0.73331394,True
47,3,17,CP3,0.15166527,0.01871417,0.17894728,0.375,0.375,"[7, 1]",0.875,False,0.87519494,0.3008701,0.73331394,True
47,3,18,CP4,0.10270046,0.06998055,0.11263742,0.375,0.375,"[7, 1]",0.875,False,0.87519494,0.3008701,0.73331394,True
47,3,19,TP7,0.05704732,-0.03723246,0.07065407,0.375,0.375,"[7, 1]",0.875,False,0.87519494,0.3008701,0.73331394,True
47,3,20,TP8,0.07929908,-0.06292005,0.09884554,0.375,0.375,"[7, 1]",0.875,False,0.87519494,0.3008701,0.73331394,True
47,3,21,Pz,0.16033615,0.01706437,0.16462171,0.375,0.375,"[7, 1]",0.875,False,0.87519494,0.3008701,0.73331394,True
47,3,22,P3,0.06716344,-0.02461356,0.0747813,0.375,0.375,"[7, 1]",0.875,False,0.87519494,0.3008701,0.73331394,True
47,3,23,P4,0.11252163,-0.07250805,0.12318467,0.375,0.375,"[7, 1]",0.875,False,0.87519494,0.3008701,0.73331394,True
47,3,24,T5,0.06129954,0.03709019,0.07920507,0.375,0.375,"[7, 1]",0.875,False,0.87519494,0.3008701,0.73331394,True
47,3,25,T6,0.12062249,-0.06967904,0.13415587,0.375,0.375,"[7, 1]",0.875,False,0.87519494,0.3008701,0.73331394,True
47,3,26,Oz,0.07104877,-0.01976231,0.07769866,0.375,0.375,"[7, 1]",0.875,False,0.87519494,0.3008701,0.73331394,True
47,3,27,O1,0.08567421,0.07267494,0.10857505,0.375,0.375,"[7, 1]",0.875,False,0.87519494,0.3008701,0.73331394,True
47,3,28,O2,0.13359675,-0.00323862,0.13722079,0.375,0.375,"[7, 1]",0.875,False,0.87519494,0.3008701,0.73331394,True
47,4,0,Fp1,0.10968935,-0.09603862,0.12266397,0.5,0.5,"[0, 8]",1.0,True,0.01042805,0.00228526,0.00873752,True
47,4,1,Fp2,0.07801644,0.0610301,0.09539359,0.5,0.5,"[0, 8]",1.0,True,0.01042805,0.00228526,0.00873752,True
47,4,2,Fz,0.10351338,-0.09871519,0.11738414,0.5,0.5,"[0, 8]",1.0,True,0.01042805,0.00228526,0.00873752,True
47,4,3,F3,0.08675265,0.02712806,0.09380379,0.5,0.5,"[0, 8]",1.0,True,0.01042805,0.00228526,0.00873752,True
47,4,4,F4,0.09779828,0.0126311,0.10802976,0.5,0.5,"[0, 8]",1.0,True,0.01042805,0.00228526,0.00873752,True
47,4,5,F7,0.08521547,0.08224682,0.09859831,0.5,0.5,"[0, 8]",1.0,True,0.01042805,0.00228526,0.00873752,True
47,4,6,F8,0.07758912,-0.02897483,0.0786997,0.5,0.5,"[0, 8]",1.0,True,0.01042805,0.00228526,0.00873752,True
47,4,7,FCz,0.0989987,0.0989987,0.11444747,0.5,0.5,"[0, 8]",1.0,True,0.01042805,0.00228526,0.00873752,True
47,4,8,FC3,0.03105213,0.00515742,0.03775696,0.5,0.5,"[0, 8]",1.0,True,0.01042805,0.00228526,0.00873752,True
47,4,9,FC4,0.05796299,-0.05796299,0.0766864,0.5,0.5,"[0, 8]",1.0,True,0.01042805,0.00228526,0.00873752,True
47,4,10,FT7,0.09054817,-0.05773729,0.10348667,0.5,0.5,"[0, 8]",1.0,True,0.01042805,0.00228526,0.00873752,True
47,4,11,FT8,0.080627,-0.00373841,0.09756965,0.5,0.5,"[0, 8]",1.0,True,0.01042805,0.00228526,0.00873752,True
47,4,12,Cz,0.07728571,0.0761705,0.09294552,0.5,0.5,"[0, 8]",1.0,True,0.01042805,0.00228526,0.00873752,True
47,4,13,C3,0.115601,0.07224167,0.1176186,0.5,0.5,"[0, 8]",1.0,True,0.01042805,0.00228526,0.00873752,True
47,4,14,C4,0.08503808,-0.07478249,0.09547891,0.5,0.5,"[0, 8]",1.0,True,0.01042805,0.00228526,0.00873752,True
47,4,15,T3,0.12706435,0.12706435,0.13221292,0.5,0.5,"[0, 8]",1.0,True,0.01042805,0.00228526,0.00873752,True
47,4,16,T4,0.12215608,0.01355023,0.13463181,0.5,0.5,"[0, 8]",1.0,True,0.01042805,0.00228526,0.00873752,True
47,4,17,CP3,0.12098107,0.03292058,0.13929661,0.5,0.5,"[0, 8]",1.0,True,0.01042805,0.00228526,0.00873752,True
47,4,18,CP4,0.1112387,0.03478658,0.12783174,0.5,0.5,"[0, 8]",1.0,True,0.01042805,0.00228526,0.00873752,True
47,4,19,TP7,0.0833156,-0.01833505,0.09334744,0.5,0.5,"[0, 8]",1.0,True,0.01042805,0.00228526,0.00873752,True
47,4,20,TP8,0.0887721,-0.05911413,0.1079082,0.5,0.5,"[0, 8]",1.0,True,0.01042805,0.00228526,0.00873752,True
47,4,21,Pz,0.15259781,0.00700916,0.15280735,0.5,0.5,"[0, 8]",1.0,True,0.01042805,0.00228526,0.00873752,True
47,4,22,P3,0.10817392,0.10817392,0.11718152,0.5,0.5,"[0, 8]",1.0,True,0.01042805,0.00228526,0.00873752,True
47,4,23,P4,0.10524637,-0.09264955,0.11682656,0.5,0.5,"[0, 8]",1.0,True,0.01042805,0.00228526,0.00873752,True
47,4,24,T5,0.10510474,0.07332744,0.11447331,0.5,0.5,"[0, 8]",1.0,True,0.01042805,0.00228526,0.00873752,True
47,4,25,T6,0.08166542,-0.06311557,0.0931892,0.5,0.5,"[0, 8]",1.0,True,0.01042805,0.00228526,0.00873752,True
47,4,26,Oz,0.07672046,0.04172131,0.07919583,0.5,0.5,"[0, 8]",1.0,True,0.01042805,0.00228526,0.00873752,True
47,4,27,O1,0.12164809,0.0566577,0.13227811,0.5,0.5,"[0, 8]",1.0,True,0.01042805,0.00228526,0.00873752,True
47,4,28,O2,0.14354874,-0.02438063,0.14639178,0.5,0.5,"[0, 8]",1.0,True,0.01042805,0.00228526,0.00873752,True
47,5,0,Fp1,0.06454473,-0.05103789,0.08240677,0.375,0.375,"[1, 7]",0.875,False,0.96989663,0.25440289,0.8126632,True
47,5,1,Fp2,0.0680166,0.01213698,0.06921685,0.375,0.375,"[1, 7]",0.875,False,0.96989663,0.25440289,0.8126632,True
47,5,2,Fz,0.16325313,-0.16325313,0.17437255,0.375,0.375,"[1, 7]",0.875,False,0.96989663,0.25440289,0.8126632,True
47,5,3,F3,0.10589288,0.00838687,0.12586446,0.375,0.375,"[1, 7]",0.875,False,0.96989663,0.25440289,0.8126632,True
47,5,4,F4,0.07812498,0.07369105,0.09351553,0.375,0.375,"[1, 7]",0.875,False,0.96989663,0.25440289,0.8126632,True
47,5,5,F7,0.07502016,0.02649855,0.08953854,0.375,0.375,"[1, 7]",0.875,False,0.96989663,0.25440289,0.8126632,True
47,5,6,F8,0.05968436,0.04627585,0.07498204,0.375,0.375,"[1, 7]",0.875,False,0.96989663,0.25440289,0.8126632,True
47,5,7,FCz,0.16972195,0.15322204,0.20541416,0.375,0.375,"[1, 7]",0.875,False,0.96989663,0.25440289,0.8126632,True
47,5,8,FC3,0.05604304,0.02346519,0.06231162,0.375,0.375,"[1, 7]",0.875,False,0.96989663,0.25440289,0.8126632,True
47,5,9,FC4,0.06185782,0.03476927,0.07128766,0.375,0.375,"[1, 7]",0.875,False,0.96989663,0.25440289,0.8126632,True
47,5,10,FT7,0.07300542,-0.0591821,0.08646157,0.375,0.375,"[1, 7]",0.875,False,0.96989663,0.25440289,0.8126632,True
47,5,11,FT8,0.06354528,0.02499864,0.06729791,0.375,0.375,"[1, 7]",0.875,False,0.96989663,0.25440289,0.8126632,True
47,5,12,Cz,0.09903054,-0.09690572,0.11824686,0.375,0.375,"[1, 7]",0.875,False,0.96989663,0.25440289,0.8126632,True
47,5,13,C3,0.17549247,0.17549247,0.22433725,0.375,0.375,"[1, 7]",0.875,False,0.96989663,0.25440289,0.8126632,True
47,5,14,C4,0.15263195,-0.07302807,0.1697554,0.375,0.375,"[1, 7]",0.875,False,0.96989663,0.25440289,0.8126632,True
47,5,15,T3,0.11260171,0.10425533,0.12655966,0.375,0.375,"[1, 7]",0.875,False,0.96989663,0.25440289,0.8126632,True
47,5,16,T4,0.07484351,-0.00067357,0.0945832,0.375,0.375,"[1, 7]",0.875,False,0.96989663,0.25440289,0.8126632,True
47,5,17,CP3,0.11093564,0.03700034,0.12337356,0.375,0.375,"[1, 7]",0.875,False,0.96989663,0.25440289,0.8126632,True
47,5,18,CP4,0.05600243,0.01937451,0.06351646,0.375,0.375,"[1, 7]",0.875,False,0.96989663,0.25440289,0.8126632,True
47,5,19,TP7,0.15306757,-0.07309964,0.17044948,0.375,0.375,"[1, 7]",0.875,False,0.96989663,0.25440289,0.8126632,True
47,5,20,TP8,0.08393866,-0.02778314,0.08940515,0.375,0.375,"[1, 7]",0.875,False,0.96989663,0.25440289,0.8126632,True
47,5,21,Pz,0.15974718,0.05108183,0.18454744,0.375,0.375,"[1, 7]",0.875,False,0.96989663,0.25440289,0.8126632,True
47,5,22,P3,0.05710679,0.04540562,0.06452835,0.375,0.375,"[1, 7]",0.875,False,0.96989663,0.25440289,0.8126632,True
47,5,23,P4,0.12515387,-0.11369467,0.15403809,0.375,0.375,"[1, 7]",0.875,False,0.96989663,0.25440289,0.8126632,True
47,5,24,T5,0.04869711,0.02960549,0.07080884,0.375,0.375,"[1, 7]",0.875,False,0.96989663,0.25440289,0.8126632,True
47,5,25,T6,0.04458897,-0.01168525,0.05920319,0.375,0.375,"[1, 7]",0.875,False,0.96989663,0.25440289,0.8126632,True
47,5,26,Oz,0.09548485,-0.05731833,0.09878802,0.375,0.375,"[1, 7]",0.875,False,0.96989663,0.25440289,0.8126632,True
47,5,27,O1,0.08746479,0.03443601,0.09518882,0.375,0.375,"[1, 7]",0.875,False,0.96989663,0.25440289,0.8126632,True
47,5,28,O2,0.09671677,0.03204349,0.10738406,0.375,0.375,"[1, 7]",0.875,False,0.96989663,0.25440289,0.8126632,True
48,1,0,Fp1,0.11021542,-0.09655062,0.12322465,0.5,0.5,"[0, 8]",1.0,True,0.01101888,0.00225925,0.00923257,True
48,1,1,Fp2,0.07718008,0.06039099,0.09446284,0.5,0.5,"[0, 8]",1.0,True,0.01101888,0.00225925,0.00923257,True
48,1,2,Fz,0.10507819,-0.09953757,0.11873722,0.5,0.5,"[0, 8]",1.0,True,0.01101888,0.00225925,0.00923257,True
48,1,3,F3,0.08780688,0.02684133,0.09472362,0.5,0.5,"[0, 8]",1.0,True,0.01101888,0.00225925,0.00923257,True
48,1,4,F4,0.09783673,0.01291451,0.10809678,0.5,0.5,"[0, 8]",1.0,True,0.01101888,0.00225925,0.00923257,True
48,1,5,F7,0.083856,0.0811016,0.09740666,0.5,0.5,"[0, 8]",1.0,True,0.01101888,0.00225925,0.00923257,True
48,1,6,F8,0.07687227,-0.02898922,0.07789935,0.5,0.5,"[0, 8]",1.0,True,0.01101888,0.00225925,0.00923257,True
48,1,7,FCz,0.09902498,0.09902498,0.11436454,0.5,0.5,"[0, 8]",1.0,True,0.01101888,0.00225925,0.00923257,True
48,1,8,FC3,0.03060981,0.00520029,0.03753931,0.5,0.5,"[0, 8]",1.0,True,0.01101888,0.00225925,0.00923257,True
48,1,9,FC4,0.05734888,-0.05734888,0.07538839,0.5,0.5,"[0, 8]",1.0,True,0.01101888,0.00225925,0.00923257,True
48,1,10,FT7,0.09062774,-0.05880504,0.10438896,0.5,0.5,"[0, 8]",1.0,True,0.01101888,0.00225925,0.00923257,True
48,1,11,FT8,0.08081593,-0.00353775,0.09786444,0.5,0.5,"[0, 8]",1.0,True,0.01101888,0.00225925,0.00923257,True
48,1,12,Cz,0.07700557,0.07628539,0.09277361,0.5,0.5,"[0, 8]",1.0,True,0.01101888,0.00225925,0.00923257,True
48,1,13,C3,0.11510723,0.07292163,0.11731386,0.5,0.5,"[0, 8]",1.0,True,0.01101888,0.00225925,0.00923257,True
48,1,14,C4,0.08503519,-0.07402118,0.09513304,0.5,0.5,"[0, 8]",1.0,True,0.01101888,0.00225925,0.00923257,True
48,1,15,T3,0.12672016,0.12672016,0.13203172,0.5,0.5,"[0, 8]",1.0,True,0.01101888,0.00225925,0.00923257,True
48,1,16,T4,0.12212637,0.0140923,0.134784,0.5,0.5,"[0, 8]",1.0,True,0.01101888,0.00225925,0.00923257,True
48,1,17,CP3,0.12076479,0.03307915,0.13901877,0.5,0.5,"[0, 8]",1.0,True,0.01101888,0.00225925,0.00923257,True
48,1,18,CP4,0.11173999,0.03561753,0.12794048,0.5,0.5,"[0, 8]",1.0,True,0.01101888,0.00225925,0.00923257,True
48,1,19,TP7,0.08382125,-0.01877454,0.09394036,0.5,0.5,"[0, 8]",1.0,True,0.01101888,0.00225925,0.00923257,True
48,1,20,TP8,0.08890733,-0.05853026,0.10763985,0.5,0.5,"[0, 8]",1.0,True,0.01101888,0.00225925,0.00923257,True
48,1,21,Pz,0.15301651,0.00731097,0.15324695,0.5,0.5,"[0, 8]",1.0,True,0.01101888,0.00225925,0.00923257,True
48,1,22,P3,0.10882845,0.10882845,0.11793153,0.5,0.5,"[0, 8]",1.0,True,0.01101888,0.00225925,0.00923257,True
48,1,23,P4,0.10467189,-0.09212486,0.11634447,0.5,0.5,"[0, 8]",1.0,True,0.01101888,0.00225925,0.00923257,True
48,1,24,T5,0.10504448,0.07397486,0.11456932,0.5,0.5,"[0, 8]",1.0,True,0.01101888,0.00225925,0.00923257,True
48,1,25,T6,0.08064897,-0.06178839,0.09191407,0.5,0.5,"[0, 8]",1.0,True,0.01101888,0.00225925,0.00923257,True
48,1,26,Oz,0.07793115,0.0420753,0.08004661,0.5,0.5,"[0, 8]",1.0,True,0.01101888,0.00225925,0.00923257,True
48,1,27,O1,0.12228964,0.05661964,0.13240908,0.5,0.5,"[0, 8]",1.0,True,0.01101888,0.00225925,0.00923257,True
48,1,28,O2,0.14383681,-0.02313812,0.14644478,0.5,0.5,"[0, 8]",1.0,True,0.01101888,0.00225925,0.00923257,True
48,2,0,Fp1,0.06104314,-0.04407679,0.07781631,0.5,0.5,"[2, 6]",0.75,False,1.17997421,0.27213205,0.98868435,True
48,2,1,Fp2,0.06340728,0.03350838,0.07508383,0.5,0.5,"[2, 6]",0.75,False,1.17997421,0.27213205,0.98868435,True
48,2,2,Fz,0.14122245,-0.14122245,0.16451973,0.5,0.5,"[2, 6]",0.75,False,1.17997421,0.27213205,0.98868435,True
48,2,3,F3,0.06497608,0.0264087,0.07964941,0.5,0.5,"[2, 6]",0.75,False,1.17997421,0.27213205,0.98868435,True
48,2,4,F4,0.09181631,0.01898617,0.0977689,0.5,0.5,"[2, 6]",0.75,False,1.17997421,0.27213205,0.98868435,True
48,2,5,F7,0.05171466,0.03583465,0.06722837,0.5,0.5,"[2, 6]",0.75,False,1.17997421,0.27213205,0.98868435,True
48,2,6,F8,0.0434966,0.02496237,0.05555346,0.5,0.5,"[2, 6]",0.75,False,1.17997421,0.27213205,0.98868435,True
48,2,7,FCz,0.15716228,0.02729189,0.16999313,0.5,0.5,"[2, 6]",0.75,False,1.17997421,0.27213205,0.98868435,True
48,2,8,FC3,0.16263463,0.16263463,0.17855953,0.5,0.5,"[2, 6]",0.75,False,1.17997421,0.27213205,0.98868435,True
48,2,9,FC4,0.05100397,0.03395366,0.0607201,0.5,0.5,"[2, 6]",0.75,False,1.17997421,0.27213205,0.98868435,True
48,2,10,FT7,0.05014641,-0.04670366,0.06808896,0.5,0.5,"[2, 6]",0.75,False,1.17997421,0.27213205,0.98868435,True
48,2,11,FT8,0.0429737,0.00400235,0.04917233,0.5,0.5,"[2, 6]",0.75,False,1.17997421,0.27213205,0.98868435,True
48,2,12,Cz,0.11491421,0.06383772,0.16999575,0.5,0.5,"[2, 6]",0.75,False,1.17997421,0.27213205,0.98868435,True
48,2,13,C3,0.07286019,-0.06776542,0.10689368,0.5,0.5,"[2, 6]",0.75,False,1.17997421,0.27213205,0.98868435,True
48,2,14,C4,0.18368006,-0.0606542,0.1943375,0.5,0.5,"[2, 6]",0.75,False,1.17997421,0.27213205,0.98868435,True
48,2,15,T3,0.06263827,0.06263827,0.06949715,0.5,0.5,"[2, 6]",0.75,False,1.17997421,0.27213205,0.98868435,True
48,2,16,T4,0.14089322,-0.06353578,0.16997537,0.5,0.5,"[2, 6]",0.75,False,1.17997421,0.27213205,0.98868435,True
48,2,17,CP3,0.12162253,-0.05238033,0.132076,0.5,0.5,"[2, 6]",0.75,False,1.17997421,0.27213205,0.98868435,True
48,2,18,CP4,0.12015866,0.09205656,0.14643374,0.5,0.5,"[2, 6]",0.75,False,1.17997421,0.27213205,0.98868435,True
48,2,19,TP7,0.11352046,-0.01274188,0.11878589,0.5,0.5,"[2, 6]",0.75,False,1.17997421,0.27213205,0.98868435,True
48,2,20,TP8,0.06992513,0.03653736,0.08054537,0.5,0.5,"[2, 6]",0.75,False,1.17997421,0.27213205,0.98868435,True
48,2,21,Pz,0.13745742,-0.04950405,0.15341903,0.5,0.5,"[2, 6]",0.75,False,1.17997421,0.27213205,0.98868435,True
48,2,22,P3,0.11776878,0.11776878,0.1240275,0.5,0.5,"[2, 6]",0.75,False,1.17997421,0.27213205,0.98868435,True
48,2,23,P4,0.06645872,0.00131692,0.07648112,0.5,0.5,"[2, 6]",0.75,False,1.17997421,0.27213205,0.98868435,True
48,2,24,T5,0.05284352,0.01835371,0.0703982,0.5,0.5,"[2, 6]",0.75,False,1.17997421,0.27213205,0.98868435,True
48,2,25,T6,0.06447617,-0.03216026,0.08477849,0.5,0.5,"[2, 6]",0.75,False,1.17997421,0.27213205,0.98868435,True
48,2,26,Oz,0.09963243,0.00366393,0.12690632,0.5,0.5,"[2, 6]",0.75,False,1.17997421,0.27213205,0.98868435,True
48,2,27,O1,0.12549917,0.03693169,0.15843011,0.5,0.5,"[2, 6]",0.75,False,1.17997421,0.27213205,0.98868435,True
48,2,28,O2,0.15881215,0.00641565,0.19179708,0.5,0.5,"[2, 6]",0.75,False,1.17997421,0.27213205,0.98868435,True
48,3,0,Fp1,0.10438918,-0.0884732,0.11490408,0.625,0.625,"[5, 3]",0.625,False,0.17098815,0.03742257,0.14326865,True
48,3,1,Fp2,0.0834312,0.06416605,0.1031208,0.625,0.625,"[5, 3]",0.625,False,0.17098815,0.03742257,0.14326865,True
48,3,2,Fz,0.10342729,-0.10342729,0.11605573,0.625,0.625,"[5, 3]",0.625,False,0.17098815,0.03742257,0.14326865,True
48,3,3,F3,0.07916764,0.02890558,0.08638049,0.625,0.625,"[5, 3]",0.625,False,0.17098815,0.03742257,0.14326865,True
48,3,4,F4,0.08597179,0.01965026,0.09207255,0.625,0.625,"[5, 3]",0.625,False,0.17098815,0.03742257,0.14326865,True
48,3,5,F7,0.07972065,0.07635897,0.0926075,0.625,0.625,"[5, 3]",0.625,False,0.17098815,0.03742257,0.14326865,True
48,3,6,F8,0.05679735,-0.02368504,0.05761024,0.625,0.625,"[5, 3]",0.625,False,0.17098815,0.03742257,0.14326865,True
48,3,7,FCz,0.10693587,0.10693587,0.12535556,0.625,0.625,"[5, 3]",0.625,False,0.17098815,0.03742257,0.14326865,True
48,3,8,FC3,0.03279005,0.00818808,0.03794619,0.625,0.625,"[5, 3]",0.625,False,0.17098815,0.03742257,0.14326865,True
48,3,9,FC4,0.05197976,-0.05192214,0.07340783,0.625,0.625,"[5, 3]",0.625,False,0.17098815,0.03742257,0.14326865,True
48,3,10,FT7,0.10441634,-0.05651001,0.12337722,0.625,0.625,"[5, 3]",0.625,False,0.17098815,0.03742257,0.14326865,True
48,3,11,FT8,0.08910631,-0.00467477,0.10361265,0.625,0.625,"[5, 3]",0.625,False,0.17098815,0.03742257,0.14326865,True
48,3,12,Cz,0.08476098,0.08476098,0.10071744,0.625,0.625,"[5, 3]",0.625,False,0.17098815,0.03742257,0.14326865,True
48,3,13,C3,0.11351072,0.06303985,0.11465862,0.625,0.625,"[5, 3]",0.625,False,0.17098815,0.03742257,0.14326865,True
48,3,14,C4,0.08206698,-0.07120913,0.09008799,0.625,0.625,"[5, 3]",0.625,False,0.17098815,0.03742257,0.14326865,True
48,3,15,T3,0.12540784,0.12540784,0.13621141,0.625,0.625,"[5, 3]",0.625,False,0.17098815,0.03742257,0.14326865,True
48,3,16,T4,0.12249387,0.01461413,0.14144531,0.625,0.625,"[5, 3]",0.625,False,0.17098815,0.03742257,0.14326865,True
48,3,17,CP3,0.10719058,0.02385906,0.12604444,0.625,0.625,"[5, 3]",0.625,False,0.17098815,0.03742257,0.14326865,True
48,3,18,CP4,0.11554987,0.03591852,0.12859081,0.625,0.625,"[5, 3]",0.625,False,0.17098815,0.03742257,0.14326865,True
48,3,19,TP7,0.07857607,-0.02852557,0.08949196,0.625,0.625,"[5, 3]",0.625,False,0.17098815,0.03742257,0.14326865,True
48,3,20,TP8,0.09362619,-0.06093211,0.11536526,0.625,0.625,"[5, 3]",0.625,False,0.17098815,0.03742257,0.14326865,True
48,3,21,Pz,0.15652978,0.00783728,0.1567347,0.625,0.625,"[5, 3]",0.625,False,0.17098815,0.03742257,0.14326865,True
48,3,22,P3,0.10200153,0.10200153,0.11075474,0.625,0.625,"[5, 3]",0.625,False,0.17098815,0.03742257,0.14326865,True
48,3,23,P4,0.10436301,-0.08932878,0.11711412,0.625,0.625,"[5, 3]",0.625,False,0.17098815,0.03742257,0.14326865,True
48,3,24,T5,0.08934589,0.06233081,0.09859446,0.625,0.625,"[5, 3]",0.625,False,0.17098815,0.03742257,0.14326865,True
48,3,25,T6,0.08339267,-0.06383332,0.09550531,0.625,0.625,"[5, 3]",0.625,False,0.17098815,0.03742257,0.14326865,True
48,3,26,Oz,0.0860844,0.04057962,0.08857695,0.625,0.625,"[5, 3]",0.625,False,0.17098815,0.03742257,0.14326865,True
48,3,27,O1,0.12015591,0.05777906,0.13683327,0.625,0.625,"[5, 3]",0.625,False,0.17098815,0.03742257,0.14326865,True
48,3,28,O2,0.15480837,-0.02001164,0.15838464,0.625,0.625,"[5, 3]",0.625,False,0.17098815,0.03742257,0.14326865,True
48,4,0,Fp1,0.09603184,-0.07611922,0.11694196,0.375,0.375,"[5, 3]",0.625,False,1.14939363,0.32626735,0.9630613,True
48,4,1,Fp2,0.07565562,0.05752752,0.10046488,0.375,0.375,"[5, 3]",0.625,False,1.14939363,0.32626735,0.9630613,True
48,4,2,Fz,0.08633728,-0.08633728,0.09160592,0.375,0.375,"[5, 3]",0.625,False,1.14939363,0.32626735,0.9630613,True
48,4,3,F3,0.08107976,0.08107976,0.1067959,0.375,0.375,"[5, 3]",0.625,False,1.14939363,0.32626735,0.9630613,True
48,4,4,F4,0.05914738,0.05914738,0.06692677,0.375,0.375,"[5, 3]",0.625,False,1.14939363,0.32626735,0.9630613,True
48,4,5,F7,0.0722845,0.03925186,0.08786733,0.375,0.375,"[5, 3]",0.625,False,1.14939363,0.32626735,0.9630613,True
48,4,6,F8,0.05757279,-0.04703166,0.07216352,0.375,0.375,"[5, 3]",0.625,False,1.14939363,0.32626735,0.9630613,True
48,4,7,FCz,0.15218268,-0.09839354,0.1620834,0.375,0.375,"[5, 3]",0.625,False,1.14939363,0.32626735,0.9630613,True
48,4,8,FC3,0.15011212,0.05172364,0.17038241,0.375,0.375,"[5, 3]",0.625,False,1.14939363,0.32626735,0.9630613,True
48,4,9,FC4,0.11260688,-0.00051926,0.11609612,0.375,0.375,"[5, 3]",0.625,False,1.14939363,0.32626735,0.9630613,True
48,4,10,FT7,0.05417167,0.03300735,0.07198019,0.375,0.375,"[5, 3]",0.625,False,1.14939363,0.32626735,0.9630613,True
48,4,11,FT8,0.06405811,-0.01105097,0.07194708,0.375,0.375,"[5, 3]",0.625,False,1.14939363,0.32626735,0.9630613,True
48,4,12,Cz,0.08226988,0.08186504,0.1074543,0.375,0.375,"[5, 3]",0.625,False,1.14939363,0.32626735,0.9630613,True
48,4,13,C3,0.11855217,0.01267795,0.12138712,0.375,0.375,"[5, 3]",0.625,False,1.14939363,0.32626735,0.9630613,True
48,4,14,C4,0.09557223,-0.09557223,0.10929634,0.375,0.375,"[5, 3]",0.625,False,1.14939363,0.32626735,0.9630613,True
48,4,15,T3,0.09228734,0.0623621,0.09568857,0.375,0.375,"[5, 3]",0.625,False,1.14939363,0.32626735,0.9630613,True
48,4,16,T4,0.13707235,-0.06448977,0.17762673,0.375,0.375,"[5, 3]",0.625,False,1.14939363,0.32626735,0.9630613,True
48,4,17,CP3,0.09606358,-0.08285644,0.11062962,0.375,0.375,"[5, 3]",0.625,False,1.14939363,0.32626735,0.9630613,True
48,4,18,CP4,0.10292359,0.08455595,0.12575313,0.375,0.375,"[5, 3]",0.625,False,1.14939363,0.32626735,0.9630613,True
48,4,19,TP7,0.10513335,0.00320517,0.11071398,0.375,0.375,"[5, 3]",0.625,False,1.14939363,0.32626735,0.9630613,True
48,4,20,TP8,0.0354342,0.01048418,0.05108516,0.375,0.375,"[5, 3]",0.625,False,1.14939363,0.32626735,0.9630613,True
48,4,21,Pz,0.25980231,-0.04693964,0.26953995,0.375,0.375,"[5, 3]",0.625,False,1.14939363,0.32626735,0.9630613,True
48,4,22,P3,0.13346115,0.13346115,0.14534099,0.375,0.375,"[5, 3]",0.625,False,1.14939363,0.32626735,0.9630613,True
48,4,23,P4,0.09478463,0.09478463,0.1008698,0.375,0.375,"[5, 3]",0.625,False,1.14939363,0.32626735,0.9630613,True
48,4,24,T5,0.06419406,0.05082836,0.07274773,0.375,0.375,"[5, 3]",0.625,False,1.14939363,0.32626735,0.9630613,True
48,4,25,T6,0.03832995,-0.01478868,0.04397571,0.375,0.375,"[5, 3]",0.625,False,1.14939363,0.32626735,0.9630613,True
48,4,26,Oz,0.10261294,-0.03195728,0.12178267,0.375,0.375,"[5, 3]",0.625,False,1.14939363,0.32626735,0.9630613,True
48,4,27,O1,0.0842666,-0.02622576,0.11296517,0.375,0.375,"[5, 3]",0.625,False,1.14939363,0.32626735,0.9630613,True
48,4,28,O2,0.06285432,-0.03833558,0.06396497,0.375,0.375,"[5, 3]",0.625,False,1.14939363,0.32626735,0.9630613,True
48,5,0,Fp1,0.11060336,-0.09705139,0.1235601,0.375,0.375,"[1, 7]",0.875,False,0.01292968,0.00226327,0.0108336,True
48,5,1,Fp2,0.07732711,0.0605098,0.09441492,0.375,0.375,"[1, 7]",0.875,False,0.01292968,0.00226327,0.0108336,True
48,5,2,Fz,0.10477442,-0.09882799,0.11817444,0.375,0.375,"[1, 7]",0.875,False,0.01292968,0.00226327,0.0108336,True
48,5,3,F3,0.08756236,0.02643262,0.09467044,0.375,0.375,"[1, 7]",0.875,False,0.01292968,0.00226327,0.0108336,True
48,5,4,F4,0.09755457,0.01286595,0.10768414,0.375,0.375,"[1, 7]",0.875,False,0.01292968,0.00226327,0.0108336,True
48,5,5,F7,0.08289573,0.08024549,0.09617,0.375,0.375,"[1, 7]",0.875,False,0.01292968,0.00226327,0.0108336,True
48,5,6,F8,0.07712388,-0.0295255,0.07812717,0.375,0.375,"[1, 7]",0.875,False,0.01292968,0.00226327,0.0108336,True
48,5,7,FCz,0.09931493,0.09931493,0.11422255,0.375,0.375,"[1, 7]",0.875,False,0.01292968,0.00226327,0.0108336,True
48,5,8,FC3,0.03130679,0.00526767,0.03863982,0.375,0.375,"[1, 7]",0.875,False,0.01292968,0.00226327,0.0108336,True
48,5,9,FC4,0.05718523,-0.05718523,0.07541732,0.375,0.375,"[1, 7]",0.875,False,0.01292968,0.00226327,0.0108336,True
48,5,10,FT7,0.09057485,-0.05845491,0.10450153,0.375,0.375,"[1, 7]",0.875,False,0.01292968,0.00226327,0.0108336,True
48,5,11,FT8,0.08060134,-0.00335722,0.09764944,0.375,0.375,"[1, 7]",0.875,False,0.01292968,0.00226327,0.0108336,True
48,5,12,Cz,0.07713904,0.07656779,0.09321077,0.375,0.375,"[1, 7]",0.875,False,0.01292968,0.00226327,0.0108336,True
48,5,13,C3,0.11503911,0.0730823,0.11732317,0.375,0.375,"[1, 7]",0.875,False,0.01292968,0.00226327,0.0108336,True
48,5,14,C4,0.08491974,-0.07395655,0.09496032,0.375,0.375,"[1, 7]",0.875,False,0.01292968,0.00226327,0.0108336,True
48,5,15,T3,0.12707061,0.12707061,0.13242042,0.375,0.375,"[1, 7]",0.875,False,0.01292968,0.00226327,0.0108336,True
48,5,16,T4,0.12188403,0.01369541,0.13462368,0.375,0.375,"[1, 7]",0.875,False,0.01292968,0.00226327,0.0108336,True
48,5,17,CP3,0.12044722,0.03342806,0.13887313,0.375,0.375,"[1, 7]",0.875,False,0.01292968,0.00226327,0.0108336,True
48,5,18,CP4,0.11188401,0.03576252,0.12800564,0.375,0.375,"[1, 7]",0.875,False,0.01292968,0.00226327,0.0108336,True
48,5,19,TP7,0.08382152,-0.01876219,0.0940681,0.375,0.375,"[1, 7]",0.875,False,0.01292968,0.00226327,0.0108336,True
48,5,20,TP8,0.08913536,-0.05809977,0.10752981,0.375,0.375,"[1, 7]",0.875,False,0.01292968,0.00226327,0.0108336,True
48,5,21,Pz,0.15366158,0.00784497,0.1539038,0.375,0.375,"[1, 7]",0.875,False,0.01292968,0.00226327,0.0108336,True
48,5,22,P3,0.10868929,0.10868929,0.117951,0.375,0.375,"[1, 7]",0.875,False,0.01292968,0.00226327,0.0108336,True
48,5,23,P4,0.10469881,-0.09188943,0.11627845,0.375,0.375,"[1, 7]",0.875,False,0.01292968,0.00226327,0.0108336,True
48,5,24,T5,0.10519343,0.07299402,0.11448184,0.375,0.375,"[1, 7]",0.875,False,0.01292968,0.00226327,0.0108336,True
48,5,25,T6,0.08113577,-0.0622451,0.09240095,0.375,0.375,"[1, 7]",0.875,False,0.01292968,0.00226327,0.0108336,True
48,5,26,Oz,0.07803194,0.04239303,0.08039533,0.375,0.375,"[1, 7]",0.875,False,0.01292968,0.00226327,0.0108336,True
48,5,27,O1,0.12190102,0.05641191,0.13185635,0.375,0.375,"[1, 7]",0.875,False,0.01292968,0.00226327,0.0108336,True
48,5,28,O2,0.14357328,-0.02313954,0.1461522,0.375,0.375,"[1, 7]",0.875,False,0.01292968,0.00226327,0.0108336,True
49,1,0,Fp1,0.11707659,-0.10247345,0.12875777,0.625,0.625,"[5, 3]",0.625,False,0.24352686,0.06008217,0.20404785,True
49,1,1,Fp2,0.06995173,0.05366471,0.08152167,0.625,0.625,"[5, 3]",0.625,False,0.24352686,0.06008217,0.20404785,True
49,1,2,Fz,0.1189698,-0.10325088,0.12926698,0.625,0.625,"[5, 3]",0.625,False,0.24352686,0.06008217,0.20404785,True
49,1,3,F3,0.09055557,0.01213748,0.10361746,0.625,0.625,"[5, 3]",0.625,False,0.24352686,0.06008217,0.20404785,True
49,1,4,F4,0.08396882,-0.01925619,0.10831907,0.625,0.625,"[5, 3]",0.625,False,0.24352686,0.06008217,0.20404785,True
49,1,5,F7,0.09255081,0.08722749,0.10433809,0.625,0.625,"[5, 3]",0.625,False,0.24352686,0.06008217,0.20404785,True
49,1,6,F8,0.09070393,-0.02216433,0.09477797,0.625,0.625,"[5, 3]",0.625,False,0.24352686,0.06008217,0.20404785,True
49,1,7,FCz,0.10377391,0.10377391,0.11281956,0.625,0.625,"[5, 3]",0.625,False,0.24352686,0.06008217,0.20404785,True
49,1,8,FC3,0.02787182,0.00610701,0.03764618,0.625,0.625,"[5, 3]",0.625,False,0.24352686,0.06008217,0.20404785,True
49,1,9,FC4,0.07039092,-0.07039092,0.08371124,0.625,0.625,"[5, 3]",0.625,False,0.24352686,0.06008217,0.20404785,True
49,1,10,FT7,0.08976981,-0.04006295,0.09836181,0.625,0.625,"[5, 3]",0.625,False,0.24352686,0.06008217,0.20404785,True
49,1,11,FT8,0.0941688,-0.01157581,0.1145645,0.625,0.625,"[5, 3]",0.625,False,0.24352686,0.06008217,0.20404785,True
49,1,12,Cz,0.08237831,0.08237831,0.0934907,0.625,0.625,"[5, 3]",0.625,False,0.24352686,0.06008217,0.20404785,True
49,1,13,C3,0.11342564,0.08427005,0.11845741,0.625,0.625,"[5, 3]",0.625,False,0.24352686,0.06008217,0.20404785,True
49,1,14,C4,0.08950402,-0.0842261,0.10706315,0.625,0.625,"[5, 3]",0.625,False,0.24352686,0.06008217,0.20404785,True
49,1,15,T3,0.11319529,0.11319529,0.125304,0.625,0.625,"[5, 3]",0.625,False,0.24352686,0.06008217,0.20404785,True
49,1,16,T4,0.11617284,0.00760402,0.13916251,0.625,0.625,"[5, 3]",0.625,False,0.24352686,0.06008217,0.20404785,True
49,1,17,CP3,0.11087198,0.04456643,0.12694076,0.625,0.625,"[5, 3]",0.625,False,0.24352686,0.06008217,0.20404785,True
49,1,18,CP4,0.10391762,0.02254532,0.12155024,0.625,0.625,"[5, 3]",0.625,False,0.24352686,0.06008217,0.20404785,True
49,1,19,TP7,0.08113914,-0.01472655,0.08999904,0.625,0.625,"[5, 3]",0.625,False,0.24352686,0.06008217,0.20404785,True
49,1,20,TP8,0.08720684,-0.05138639,0.1021409,0.625,0.625,"[5, 3]",0.625,False,0.24352686,0.06008217,0.20404785,True
49,1,21,Pz,0.14962268,-0.00062855,0.1502025,0.625,0.625,"[5, 3]",0.625,False,0.24352686,0.06008217,0.20404785,True
49,1,22,P3,0.13034618,0.13034618,0.14183779,0.625,0.625,"[5, 3]",0.625,False,0.24352686,0.06008217,0.20404785,True
49,1,23,P4,0.10755289,-0.0966364,0.12074398,0.625,0.625,"[5, 3]",0.625,False,0.24352686,0.06008217,0.20404785,True
49,1,24,T5,0.10739914,0.07888462,0.12379505,0.625,0.625,"[5, 3]",0.625,False,0.24352686,0.06008217,0.20404785,True
49,1,25,T6,0.07774709,-0.03118364,0.08568356,0.625,0.625,"[5, 3]",0.625,False,0.24352686,0.06008217,0.20404785,True
49,1,26,Oz,0.05057076,0.03482883,0.05277953,0.625,0.625,"[5, 3]",0.625,False,0.24352686,0.06008217,0.20404785,True
49,1,27,O1,0.10791854,0.06251233,0.11939649,0.625,0.625,"[5, 3]",0.625,False,0.24352686,0.06008217,0.20404785,True
49,1,28,O2,0.12308194,-0.02499193,0.12635371,0.625,0.625,"[5, 3]",0.625,False,0.24352686,0.06008217,0.20404785,True
49,2,0,Fp1,0.12501645,-0.10789488,0.13833785,0.25,0.25,"[4, 4]",0.5,False,0.17394497,0.03392333,0.14574612,True
49,2,1,Fp2,0.07646841,0.06172822,0.09027761,0.25,0.25,"[4, 4]",0.5,False,0.17394497,0.03392333,0.14574612,True
49,2,2,Fz,0.10893349,-0.10893349,0.12388932,0.25,0.25,"[4, 4]",0.5,False,0.17394497,0.03392333,0.14574612,True
49,2,3,F3,0.08333492,0.01711583,0.0983263,0.25,0.25,"[4, 4]",0.5,False,0.17394497,0.03392333,0.14574612,True
49,2,4,F4,0.08840416,0.00158953,0.10319641,0.25,0.25,"[4, 4]",0.5,False,0.17394497,0.03392333,0.14574612,True
49,2,5,F7,0.081377,0.07608674,0.09240256,0.25,0.25,"[4, 4]",0.5,False,0.17394497,0.03392333,0.14574612,True
49,2,6,F8,0.09051833,-0.04218159,0.09180524,0.25,0.25,"[4, 4]",0.5,False,0.17394497,0.03392333,0.14574612,True
49,2,7,FCz,0.10914753,0.10914753,0.12123463,0.25,0.25,"[4, 4]",0.5,False,0.17394497,0.03392333,0.14574612,True
49,2,8,FC3,0.02891222,-0.00012015,0.03902096,0.25,0.25,"[4, 4]",0.5,False,0.17394497,0.03392333,0.14574612,True
49,2,9,FC4,0.06321075,-0.06321075,0.07901281,0.25,0.25,"[4, 4]",0.5,False,0.17394497,0.03392333,0.14574612,True
49,2,10,FT7,0.10790131,-0.06264593,0.11991763,0.25,0.25,"[4, 4]",0.5,False,0.17394497,0.03392333,0.14574612,True
49,2,11,FT8,0.08068148,-0.01880818,0.09340989,0.25,0.25,"[4, 4]",0.5,False,0.17394497,0.03392333,0.14574612,True
49,2,12,Cz,0.07809651,0.07809651,0.09411187,0.25,0.25,"[4, 4]",0.5,False,0.17394497,0.03392333,0.14574612,True
49,2,13,C3,0.11300167,0.08098329,0.11835245,0.25,0.25,"[4, 4]",0.5,False,0.17394497,0.03392333,0.14574612,True
49,2,14,C4,0.09617405,-0.09146537,0.11136816,0.25,0.25,"[4, 4]",0.5,False,0.17394497,0.03392333,0.14574612,True
49,2,15,T3,0.14051379,0.14051379,0.14391641,0.25,0.25,"[4, 4]",0.5,False,0.17394497,0.03392333,0.14574612,True
49,2,16,T4,0.11616658,0.00909245,0.1307414,0.25,0.25,"[4, 4]",0.5,False,0.17394497,0.03392333,0.14574612,True
49,2,17,CP3,0.11066687,0.04138115,0.12780279,0.25,0.25,"[4, 4]",0.5,False,0.17394497,0.03392333,0.14574612,True
49,2,18,CP4,0.11116846,0.04435874,0.12272193,0.25,0.25,"[4, 4]",0.5,False,0.17394497,0.03392333,0.14574612,True
49,2,19,TP7,0.07800341,-0.01221214,0.0854253,0.25,0.25,"[4, 4]",0.5,False,0.17394497,0.03392333,0.14574612,True
49,2,20,TP8,0.07461976,-0.04450526,0.08848628,0.25,0.25,"[4, 4]",0.5,False,0.17394497,0.03392333,0.14574612,True
49,2,21,Pz,0.14113787,-0.00216793,0.14199997,0.25,0.25,"[4, 4]",0.5,False,0.17394497,0.03392333,0.14574612,True
49,2,22,P3,0.11800282,0.11800282,0.12813239,0.25,0.25,"[4, 4]",0.5,False,0.17394497,0.03392333,0.14574612,True
49,2,23,P4,0.09396743,-0.08965915,0.11063246,0.25,0.25,"[4, 4]",0.5,False,0.17394497,0.03392333,0.14574612,True
49,2,24,T5,0.09402058,0.07628795,0.1054602,0.25,0.25,"[4, 4]",0.5,False,0.17394497,0.03392333,0.14574612,True
49,2,25,T6,0.07202005,-0.04074683,0.07949106,0.25,0.25,"[4, 4]",0.5,False,0.17394497,0.03392333,0.14574612,True
49,2,26,Oz,0.07281765,0.04687778,0.07426068,0.25,0.25,"[4, 4]",0.5,False,0.17394497,0.03392333,0.14574612,True
49,2,27,O1,0.12953568,0.07052381,0.14154288,0.25,0.25,"[4, 4]",0.5,False,0.17394497,0.03392333,0.14574612,True
49,2,28,O2,0.13304485,-0.02863016,0.13684383,0.25,0.25,"[4, 4]",0.5,False,0.17394497,0.03392333,0.14574612,True
49,3,0,Fp1,0.1106572,-0.09642564,0.12331016,0.5,0.5,"[0, 8]",1.0,True,0.01240457,0.00231011,0.01039362,True
49,3,1,Fp2,0.07749639,0.06100865,0.09462177,0.5,0.5,"[0, 8]",1.0,True,0.01240457,0.00231011,0.01039362,True
49,3,2,Fz,0.10433962,-0.09895172,0.11791877,0.5,0.5,"[0, 8]",1.0,True,0.01240457,0.00231011,0.01039362,True
49,3,3,F3,0.08810936,0.02793484,0.09484577,0.5,0.5,"[0, 8]",1.0,True,0.01240457,0.00231011,0.01039362,True
49,3,4,F4,0.09620328,0.01194678,0.10654531,0.5,0.5,"[0, 8]",1.0,True,0.01240457,0.00231011,0.01039362,True
49,3,5,F7,0.08465973,0.08246342,0.09842058,0.5,0.5,"[0, 8]",1.0,True,0.01240457,0.00231011,0.01039362,True
49,3,6,F8,0.07804899,-0.02963254,0.07902209,0.5,0.5,"[0, 8]",1.0,True,0.01240457,0.00231011,0.01039362,True
49,3,7,FCz,0.09928241,0.09928241,0.11477995,0.5,0.5,"[0, 8]",1.0,True,0.01240457,0.00231011,0.01039362,True
49,3,8,FC3,0.03089538,0.00550411,0.03751678,0.5,0.5,"[0, 8]",1.0,True,0.01240457,0.00231011,0.01039362,True
49,3,9,FC4,0.05871743,-0.05871743,0.07605896,0.5,0.5,"[0, 8]",1.0,True,0.01240457,0.00231011,0.01039362,True
49,3,10,FT7,0.09091366,-0.05788194,0.10423684,0.5,0.5,"[0, 8]",1.0,True,0.01240457,0.00231011,0.01039362,True
49,3,11,FT8,0.07975472,-0.00421187,0.09646041,0.5,0.5,"[0, 8]",1.0,True,0.01240457,0.00231011,0.01039362,True
49,3,12,Cz,0.07760309,0.0760743,0.0930262,0.5,0.5,"[0, 8]",1.0,True,0.01240457,0.00231011,0.01039362,True
49,3,13,C3,0.11601086,0.07356341,0.11834873,0.5,0.5,"[0, 8]",1.0,True,0.01240457,0.00231011,0.01039362,True
49,3,14,C4,0.08661014,-0.07595581,0.09725015,0.5,0.5,"[0, 8]",1.0,True,0.01240457,0.00231011,0.01039362,True
49,3,15,T3,0.12555705,0.12555705,0.13063608,0.5,0.5,"[0, 8]",1.0,True,0.01240457,0.00231011,0.01039362,True
49,3,16,T4,0.12165344,0.01346287,0.13419648,0.5,0.5,"[0, 8]",1.0,True,0.01240457,0.00231011,0.01039362,True
49,3,17,CP3,0.12071104,0.03381274,0.13922055,0.5,0.5,"[0, 8]",1.0,True,0.01240457,0.00231011,0.01039362,True
49,3,18,CP4,0.11049508,0.03471299,0.12714244,0.5,0.5,"[0, 8]",1.0,True,0.01240457,0.00231011,0.01039362,True
49,3,19,TP7,0.08559453,-0.01915143,0.09555825,0.5,0.5,"[0, 8]",1.0,True,0.01240457,0.00231011,0.01039362,True
49,3,20,TP8,0.08893041,-0.05978139,0.1082079,0.5,0.5,"[0, 8]",1.0,True,0.01240457,0.00231011,0.01039362,True
49,3,21,Pz,0.15284763,0.00776375,0.1531052,0.5,0.5,"[0, 8]",1.0,True,0.01240457,0.00231011,0.01039362,True
49,3,22,P3,0.10920653,0.10920653,0.11820003,0.5,0.5,"[0, 8]",1.0,True,0.01240457,0.00231011,0.01039362,True
49,3,23,P4,0.10515534,-0.09334259,0.11701041,0.5,0.5,"[0, 8]",1.0,True,0.01240457,0.00231011,0.01039362,True
49,3,24,T5,0.10450047,0.07283537,0.11410512,0.5,0.5,"[0, 8]",1.0,True,0.01240457,0.00231011,0.01039362,True
49,3,25,T6,0.08046487,-0.06178867,0.09208728,0.5,0.5,"[0, 8]",1.0,True,0.01240457,0.00231011,0.01039362,True
49,3,26,Oz,0.07668798,0.04244848,0.07906938,0.5,0.5,"[0, 8]",1.0,True,0.01240457,0.00231011,0.01039362,True
49,3,27,O1,0.12130113,0.05644673,0.13193154,0.5,0.5,"[0, 8]",1.0,True,0.01240457,0.00231011,0.01039362,True
49,3,28,O2,0.14369279,-0.02375519,0.14639944,0.5,0.5,"[0, 8]",1.0,True,0.01240457,0.00231011,0.01039362,True
49,4,0,Fp1,0.11014707,-0.09534863,0.12237463,0.5,0.5,"[0, 8]",1.0,True,0.01141956,0.00209966,0.00956829,True
49,4,1,Fp2,0.07821058,0.06184687,0.0955857,0.5,0.5,"[0, 8]",1.0,True,0.01141956,0.00209966,0.00956829,True
49,4,2,Fz,0.1045779,-0.09849271,0.11779048,0.5,0.5,"[0, 8]",1.0,True,0.01141956,0.00209966,0.00956829,True
49,4,3,F3,0.08789261,0.02739968,0.09478765,0.5,0.5,"[0, 8]",1.0,True,0.01141956,0.00209966,0.00956829,True
49,4,4,F4,0.09661861,0.01200418,0.10693729,0.5,0.5,"[0, 8]",1.0,True,0.01141956,0.00209966,0.00956829,True
49,4,5,F7,0.08300355,0.08154272,0.09704611,0.5,0.5,"[0, 8]",1.0,True,0.01141956,0.00209966,0.00956829,True
49,4,6,F8,0.07857458,-0.02934888,0.07958802,0.5,0.5,"[0, 8]",1.0,True,0.01141956,0.00209966,0.00956829,True
49,4,7,FCz,0.0982002,0.0982002,0.11347572,0.5,0.5,"[0, 8]",1.0,True,0.01141956,0.00209966,0.00956829,True
49,4,8,FC3,0.03134036,0.00584025,0.03797055,0.5,0.5,"[0, 8]",1.0,True,0.01141956,0.00209966,0.00956829,True
49,4,9,FC4,0.05905414,-0.05905414,0.07672726,0.5,0.5,"[0, 8]",1.0,True,0.01141956,0.00209966,0.00956829,True
49,4,10,FT7,0.09088096,-0.058061,0.10430803,0.5,0.5,"[0, 8]",1.0,True,0.01141956,0.00209966,0.00956829,True
49,4,11,FT8,0.07945727,-0.00339433,0.0966604,0.5,0.5,"[0, 8]",1.0,True,0.01141956,0.00209966,0.00956829,True
49,4,12,Cz,0.07762472,0.07646032,0.09334235,0.5,0.5,"[0, 8]",1.0,True,0.01141956,0.00209966,0.00956829,True
49,4,13,C3,0.11574256,0.07241231,0.11777154,0.5,0.5,"[0, 8]",1.0,True,0.01141956,0.00209966,0.00956829,True
49,4,14,C4,0.08623929,-0.07539132,0.09668002,0.5,0.5,"[0, 8]",1.0,True,0.01141956,0.00209966,0.00956829,True
49,4,15,T3,0.12569892,0.12569892,0.13090722,0.5,0.5,"[0, 8]",1.0,True,0.01141956,0.00209966,0.00956829,True
49,4,16,T4,0.12212688,0.01279765,0.13440983,0.5,0.5,"[0, 8]",1.0,True,0.01141956,0.00209966,0.00956829,True
49,4,17,CP3,0.12132503,0.03338968,0.13973108,0.5,0.5,"[0, 8]",1.0,True,0.01141956,0.00209966,0.00956829,True
49,4,18,CP4,0.11088156,0.03505219,0.12760581,0.5,0.5,"[0, 8]",1.0,True,0.01141956,0.00209966,0.00956829,True
49,4,19,TP7,0.08447741,-0.01832621,0.09408554,0.5,0.5,"[0, 8]",1.0,True,0.01141956,0.00209966,0.00956829,True
49,4,20,TP8,0.08842301,-0.05828071,0.10706603,0.5,0.5,"[0, 8]",1.0,True,0.01141956,0.00209966,0.00956829,True
49,4,21,Pz,0.15335104,0.00800999,0.15360889,0.5,0.5,"[0, 8]",1.0,True,0.01141956,0.00209966,0.00956829,True
49,4,22,P3,0.10895794,0.10895794,0.11802922,0.5,0.5,"[0, 8]",1.0,True,0.01141956,0.00209966,0.00956829,True
49,4,23,P4,0.10550573,-0.0937289,0.11737889,0.5,0.5,"[0, 8]",1.0,True,0.01141956,0.00209966,0.00956829,True
49,4,24,T5,0.10621075,0.07381779,0.11539286,0.5,0.5,"[0, 8]",1.0,True,0.01141956,0.00209966,0.00956829,True
49,4,25,T6,0.08100995,-0.0625774,0.09243014,0.5,0.5,"[0, 8]",1.0,True,0.01141956,0.00209966,0.00956829,True
49,4,26,Oz,0.07687168,0.04151023,0.07913432,0.5,0.5,"[0, 8]",1.0,True,0.01141956,0.00209966,0.00956829,True
49,4,27,O1,0.12181021,0.05661152,0.13247307,0.5,0.5,"[0, 8]",1.0,True,0.01141956,0.00209966,0.00956829,True
49,4,28,O2,0.14465897,-0.0236193,0.14731583,0.5,0.5,"[0, 8]",1.0,True,0.01141956,0.00209966,0.00956829,True
49,5,0,Fp1,0.10982542,-0.09639968,0.12307359,0.5,0.5,"[0, 8]",1.0,True,0.01248192,0.00234757,0.01045843,True
49,5,1,Fp2,0.07836222,0.061878,0.09555881,0.5,0.5,"[0, 8]",1.0,True,0.01248192,0.00234757,0.01045843,True
49,5,2,Fz,0.10417257,-0.0990065,0.11791987,0.5,0.5,"[0, 8]",1.0,True,0.01248192,0.00234757,0.01045843,True
49,5,3,F3,0.08751729,0.0264829,0.09501128,0.5,0.5,"[0, 8]",1.0,True,0.01248192,0.00234757,0.01045843,True
49,5,4,F4,0.09665585,0.01214435,0.10689995,0.5,0.5,"[0, 8]",1.0,True,0.01248192,0.00234757,0.01045843,True
49,5,5,F7,0.08337178,0.08105581,0.09699664,0.5,0.5,"[0, 8]",1.0,True,0.01248192,0.00234757,0.01045843,True
49,5,6,F8,0.07802122,-0.02988395,0.07893404,0.5,0.5,"[0, 8]",1.0,True,0.01248192,0.00234757,0.01045843,True
49,5,7,FCz,0.09840898,0.09840898,0.11364111,0.5,0.5,"[0, 8]",1.0,True,0.01248192,0.00234757,0.01045843,True
49,5,8,FC3,0.03132477,0.00607197,0.03808409,0.5,0.5,"[0, 8]",1.0,True,0.01248192,0.00234757,0.01045843,True
49,5,9,FC4,0.05850221,-0.05850221,0.07679215,0.5,0.5,"[0, 8]",1.0,True,0.01248192,0.00234757,0.01045843,True
49,5,10,FT7,0.09164065,-0.05857447,0.10501388,0.5,0.5,"[0, 8]",1.0,True,0.01248192,0.00234757,0.01045843,True
49,5,11,FT8,0.07915819,-0.00412707,0.0962733,0.5,0.5,"[0, 8]",1.0,True,0.01248192,0.00234757,0.01045843,True
49,5,12,Cz,0.07716146,0.07668793,0.09319719,0.5,0.5,"[0, 8]",1.0,True,0.01248192,0.00234757,0.01045843,True
49,5,13,C3,0.11543567,0.07245141,0.11755488,0.5,0.5,"[0, 8]",1.0,True,0.01248192,0.00234757,0.01045843,True
49,5,14,C4,0.08560658,-0.07482317,0.09583616,0.5,0.5,"[0, 8]",1.0,True,0.01248192,0.00234757,0.01045843,True
49,5,15,T3,0.12580803,0.12580803,0.13098298,0.5,0.5,"[0, 8]",1.0,True,0.01248192,0.00234757,0.01045843,True
49,5,16,T4,0.12267618,0.01264272,0.13490599,0.5,0.5,"[0, 8]",1.0,True,0.01248192,0.00234757,0.01045843,True
49,5,17,CP3,0.12164288,0.03344801,0.13946724,0.5,0.5,"[0, 8]",1.0,True,0.01248192,0.00234757,0.01045843,True
49,5,18,CP4,0.11109129,0.03502533,0.12766609,0.5,0.5,"[0, 8]",1.0,True,0.01248192,0.00234757,0.01045843,True
49,5,19,TP7,0.08410485,-0.01750477,0.09387723,0.5,0.5,"[0, 8]",1.0,True,0.01248192,0.00234757,0.01045843,True
49,5,20,TP8,0.08823483,-0.05842412,0.10707943,0.5,0.5,"[0, 8]",1.0,True,0.01248192,0.00234757,0.01045843,True
49,5,21,Pz,0.15321666,0.00805889,0.15348025,0.5,0.5,"[0, 8]",1.0,True,0.01248192,0.00234757,0.01045843,True
49,5,22,P3,0.10849886,0.10849886,0.11778294,0.5,0.5,"[0, 8]",1.0,True,0.01248192,0.00234757,0.01045843,True
49,5,23,P4,0.10387306,-0.09251818,0.11586197,0.5,0.5,"[0, 8]",1.0,True,0.01248192,0.00234757,0.01045843,True
49,5,24,T5,0.10519114,0.07347694,0.1142611,0.5,0.5,"[0, 8]",1.0,True,0.01248192,0.00234757,0.01045843,True
49,5,25,T6,0.08102436,-0.06129359,0.09227531,0.5,0.5,"[0, 8]",1.0,True,0.01248192,0.00234757,0.01045843,True
49,5,26,Oz,0.07732119,0.04297569,0.07965281,0.5,0.5,"[0, 8]",1.0,True,0.01248192,0.00234757,0.01045843,True
49,5,27,O1,0.12247081,0.0558624,0.13281873,0.5,0.5,"[0, 8]",1.0,True,0.01248192,0.00234757,0.01045843,True
49,5,28,O2,0.14392363,-0.02339601,0.14650227,0.5,0.5,"[0, 8]",1.0,True,0.01248192,0.00234757,0.01045843,True
50,1,0,Fp1,0.03169442,-0.02991492,0.03935359,0.75,0.75,"[4, 4]",0.5,False,0.92716238,0.2169971,0.77685675,True
50,1,1,Fp2,0.04302964,0.04302964,0.04553252,0.75,0.75,"[4, 4]",0.5,False,0.92716238,0.2169971,0.77685675,True
50,1,2,Fz,0.10807438,-0.10807438,0.12595384,0.75,0.75,"[4, 4]",0.5,False,0.92716238,0.2169971,0.77685675,True
50,1,3,F3,0.09542367,0.0083028,0.11537208,0.75,0.75,"[4, 4]",0.5,False,0.92716238,0.2169971,0.77685675,True
50,1,4,F4,0.12840109,0.12840109,0.14618684,0.75,0.75,"[4, 4]",0.5,False,0.92716238,0.2169971,0.77685675,True
50,1,5,F7,0.07883178,0.02629942,0.08678507,0.75,0.75,"[4, 4]",0.5,False,0.92716238,0.2169971,0.77685675,True
50,1,6,F8,0.11146347,-0.02469564,0.11974594,0.75,0.75,"[4, 4]",0.5,False,0.92716238,0.2169971,0.77685675,True
50,1,7,FCz,0.09242651,0.09242651,0.11236998,0.75,0.75,"[4, 4]",0.5,False,0.92716238,0.2169971,0.77685675,True
50,1,8,FC3,0.07961483,0.07961483,0.08364917,0.75,0.75,"[4, 4]",0.5,False,0.92716238,0.2169971,0.77685675,True
50,1,9,FC4,0.08133411,0.029844,0.0861005,0.75,0.75,"[4, 4]",0.5,False,0.92716238,0.2169971,0.77685675,True
50,1,10,FT7,0.05333031,0.00229421,0.05485796,0.75,0.75,"[4, 4]",0.5,False,0.92716238,0.2169971,0.77685675,True
50,1,11,FT8,0.06005462,-0.0360168,0.07203396,0.75,0.75,"[4, 4]",0.5,False,0.92716238,0.2169971,0.77685675,True
50,1,12,Cz,0.03286793,0.03286793,0.03601207,0.75,0.75,"[4, 4]",0.5,False,0.92716238,0.2169971,0.77685675,True
50,1,13,C3,0.09766942,-0.05745498,0.10473099,0.75,0.75,"[4, 4]",0.5,False,0.92716238,0.2169971,0.77685675,True
50,1,14,C4,0.06233351,-0.04372995,0.07270142,0.75,0.75,"[4, 4]",0.5,False,0.92716238,0.2169971,0.77685675,True
50,1,15,T3,0.07880437,0.06216335,0.09244721,0.75,0.75,"[4, 4]",0.5,False,0.92716238,0.2169971,0.77685675,True
50,1,16,T4,0.09502633,-0.05603304,0.11160864,0.75,0.75,"[4, 4]",0.5,False,0.92716238,0.2169971,0.77685675,True
50,1,17,CP3,0.19052604,-0.00179128,0.2302928,0.75,0.75,"[4, 4]",0.5,False,0.92716238,0.2169971,0.77685675,True
50,1,18,CP4,0.09929131,0.01212272,0.10016247,0.75,0.75,"[4, 4]",0.5,False,0.92716238,0.2169971,0.77685675,True
50,1,19,TP7,0.06961262,-0.00472138,0.07092113,0.75,0.75,"[4, 4]",0.5,False,0.92716238,0.2169971,0.77685675,True
50,1,20,TP8,0.11762699,0.00986875,0.11913163,0.75,0.75,"[4, 4]",0.5,False,0.92716238,0.2169971,0.77685675,True
50,1,21,Pz,0.16538435,0.06281514,0.18292053,0.75,0.75,"[4, 4]",0.5,False,0.92716238,0.2169971,0.77685675,True
50,1,22,P3,0.15597083,0.15333627,0.18321899,0.75,0.75,"[4, 4]",0.5,False,0.92716238,0.2169971,0.77685675,True
50,1,23,P4,0.0738329,-0.04998906,0.0832767,0.75,0.75,"[4, 4]",0.5,False,0.92716238,0.2169971,0.77685675,True
50,1,24,T5,0.11712568,-0.0009339,0.13095897,0.75,0.75,"[4, 4]",0.5,False,0.92716238,0.2169971,0.77685675,True
50,1,25,T6,0.0669405,-0.04345439,0.06810225,0.75,0.75,"[4, 4]",0.5,False,0.92716238,0.2169971,0.77685675,True
50,1,26,Oz,0.09536529,0.06792796,0.10272682,0.75,0.75,"[4, 4]",0.5,False,0.92716238,0.2169971,0.77685675,True
50,1,27,O1,0.07069339,0.01383062,0.07573666,0.75,0.75,"[4, 4]",0.5,False,0.92716238,0.2169971,0.77685675,True
50,1,28,O2,0.1826952,0.01913454,0.18449548,0.75,0.75,"[4, 4]",0.5,False,0.92716238,0.2169971,0.77685675,True
50,2,0,Fp1,0.02786964,-0.02566472,0.04527516,0.625,0.625,"[5, 3]",0.625,False,1.03561802,0.28085762,0.86773026,True
50,2,1,Fp2,0.05858539,0.05858539,0.06634701,0.625,0.625,"[5, 3]",0.625,False,1.03561802,0.28085762,0.86773026,True
50,2,2,Fz,0.12313035,-0.12313035,0.13611948,0.625,0.625,"[5, 3]",0.625,False,1.03561802,0.28085762,0.86773026,True
50,2,3,F3,0.11966392,0.07266682,0.12251449,0.625,0.625,"[5, 3]",0.625,False,1.03561802,0.28085762,0.86773026,True
50,2,4,F4,0.11301321,0.11301321,0.12780884,0.625,0.625,"[5, 3]",0.625,False,1.03561802,0.28085762,0.86773026,True
50,2,5,F7,0.06467332,-0.02697098,0.06781098,0.625,0.625,"[5, 3]",0.625,False,1.03561802,0.28085762,0.86773026,True
50,2,6,F8,0.09089622,0.01829896,0.09750701,0.625,0.625,"[5, 3]",0.625,False,1.03561802,0.28085762,0.86773026,True
50,2,7,FCz,0.08499104,0.08499104,0.08953032,0.625,0.625,"[5, 3]",0.625,False,1.03561802,0.28085762,0.86773026,True
50,2,8,FC3,0.05615091,-0.00981152,0.07003762,0.625,0.625,"[5, 3]",0.625,False,1.03561802,0.28085762,0.86773026,True
50,2,9,FC4,0.05517332,0.0121088,0.06613237,0.625,0.625,"[5, 3]",0.625,False,1.03561802,0.28085762,0.86773026,True
50,2,10,FT7,0.07994774,0.05664953,0.08812668,0.625,0.625,"[5, 3]",0.625,False,1.03561802,0.28085762,0.86773026,True
50,2,11,FT8,0.07154687,-0.03002268,0.07841793,0.625,0.625,"[5, 3]",0.625,False,1.03561802,0.28085762,0.86773026,True
50,2,12,Cz,0.05124432,0.0140106,0.05590474,0.625,0.625,"[5, 3]",0.625,False,1.03561802,0.28085762,0.86773026,True
50,2,13,C3,0.07531575,-0.04860436,0.09152887,0.625,0.625,"[5, 3]",0.625,False,1.03561802,0.28085762,0.86773026,True
50,2,14,C4,0.09760278,-0.07048586,0.10135516,0.625,0.625,"[5, 3]",0.625,False,1.03561802,0.28085762,0.86773026,True
50,2,15,T3,0.10066264,0.10066264,0.1081726,0.625,0.625,"[5, 3]",0.625,False,1.03561802,0.28085762,0.86773026,True
50,2,16,T4,0.07416483,-0.06343652,0.08412737,0.625,0.625,"[5, 3]",0.625,False,1.03561802,0.28085762,0.86773026,True
50,2,17,CP3,0.14106651,0.03930635,0.15284607,0.625,0.625,"[5, 3]",0.625,False,1.03561802,0.28085762,0.86773026,True
50,2,18,CP4,0.15644196,0.15644196,0.17120683,0.625,0.625,"[5, 3]",0.625,False,1.03561802,0.28085762,0.86773026,True
50,2,19,TP7,0.07668745,-0.03263847,0.09161227,0.625,0.625,"[5, 3]",0.625,False,1.03561802,0.28085762,0.86773026,True
50,2,20,TP8,0.04016851,-0.00950125,0.05260552,0.625,0.625,"[5, 3]",0.625,False,1.03561802,0.28085762,0.86773026,True
50,2,21,Pz,0.11799549,0.07212508,0.1464515,0.625,0.625,"[5, 3]",0.625,False,1.03561802,0.28085762,0.86773026,True
50,2,22,P3,0.14156365,0.09186272,0.19106454,0.625,0.625,"[5, 3]",0.625,False,1.03561802,0.28085762,0.86773026,True
50,2,23,P4,0.10827507,-0.10827507,0.12338041,0.625,0.625,"[5, 3]",0.625,False,1.03561802,0.28085762,0.86773026,True
50,2,24,T5,0.10285786,0.05212815,0.11918765,0.625,0.625,"[5, 3]",0.625,False,1.03561802,0.28085762,0.86773026,True
50,2,25,T6,0.08020869,-0.05604061,0.09214569,0.625,0.625,"[5, 3]",0.625,False,1.03561802,0.28085762,0.86773026,True
50,2,26,Oz,0.12271584,0.10954551,0.13545904,0.625,0.625,"[5, 3]",0.625,False,1.03561802,0.28085762,0.86773026,True
50,2,27,O1,0.07849476,-0.04827524,0.08604762,0.625,0.625,"[5, 3]",0.625,False,1.03561802,0.28085762,0.86773026,True
50,2,28,O2,0.20701718,-0.00839069,0.20871168,0.625,0.625,"[5, 3]",0.625,False,1.03561802,0.28085762,0.86773026,True
50,3,0,Fp1,0.0324541,-0.02090356,0.03950436,0.625,0.625,"[3, 5]",0.625,False,1.2346064,0.33898745,1.03445992,True
50,3,1,Fp2,0.08516362,0.08516362,0.0998089,0.625,0.625,"[3, 5]",0.625,False,1.2346064,0.33898745,1.03445992,True
50,3,2,Fz,0.06034199,-0.04719295,0.07290065,0.625,0.625,"[3, 5]",0.625,False,1.2346064,0.33898745,1.03445992,True
50,3,3,F3,0.04361325,0.04361325,0.05173683,0.625,0.625,"[3, 5]",0.625,False,1.2346064,0.33898745,1.03445992,True
50,3,4,F4,0.13586688,0.13586688,0.14269622,0.625,0.625,"[3, 5]",0.625,False,1.2346064,0.33898745,1.03445992,True
50,3,5,F7,0.06991696,0.02972514,0.07770411,0.625,0.625,"[3, 5]",0.625,False,1.2346064,0.33898745,1.03445992,True
50,3,6,F8,0.05054205,-0.01793091,0.07479833,0.625,0.625,"[3, 5]",0.625,False,1.2346064,0.33898745,1.03445992,True
50,3,7,FCz,0.06942412,0.02270463,0.07320508,0.625,0.625,"[3, 5]",0.625,False,1.2346064,0.33898745,1.03445992,True
50,3,8,FC3,0.05829113,0.04285055,0.0674518,0.625,0.625,"[3, 5]",0.625,False,1.2346064,0.33898745,1.03445992,True
50,3,9,FC4,0.07734138,0.02401999,0.09178632,0.625,0.625,"[3, 5]",0.625,False,1.2346064,0.33898745,1.03445992,True
50,3,10,FT7,0.13350055,0.13350055,0.144141,0.625,0.625,"[3, 5]",0.625,False,1.2346064,0.33898745,1.03445992,True
50,3,11,FT8,0.13952711,-0.08923821,0.14514641,0.625,0.625,"[3, 5]",0.625,False,1.2346064,0.33898745,1.03445992,True
50,3,12,Cz,0.07945107,-0.01409757,0.09479664,0.625,0.625,"[3, 5]",0.625,False,1.2346064,0.33898745,1.03445992,True
50,3,13,C3,0.09617557,-0.07420457,0.105067,0.625,0.625,"[3, 5]",0.625,False,1.2346064,0.33898745,1.03445992,True
50,3,14,C4,0.05113982,-0.0056477,0.06183156,0.625,0.625,"[3, 5]",0.625,False,1.2346064,0.33898745,1.03445992,True
50,3,15,T3,0.06065026,-0.01822705,0.06434849,0.625,0.625,"[3, 5]",0.625,False,1.2346064,0.33898745,1.03445992,True
50,3,16,T4,0.18243407,-0.05596878,0.21412985,0.625,0.625,"[3, 5]",0.625,False,1.2346064,0.33898745,1.03445992,True
50,3,17,CP3,0.1411117,-0.0052803,0.18095577,0.625,0.625,"[3, 5]",0.625,False,1.2346064,0.33898745,1.03445992,True
50,3,18,CP4,0.10557811,-0.01734482,0.12341135,0.625,0.625,"[3, 5]",0.625,False,1.2346064,0.33898745,1.03445992,True
50,3,19,TP7,0.06255592,-0.03319152,0.0715642,0.625,0.625,"[3, 5]",0.625,False,1.2346064,0.33898745,1.03445992,True
50,3,20,TP8,0.10923265,0.05444583,0.12115975,0.625,0.625,"[3, 5]",0.625,False,1.2346064,0.33898745,1.03445992,True
50,3,21,Pz,0.12205925,0.07036963,0.12909107,0.625,0.625,"[3, 5]",0.625,False,1.2346064,0.33898745,1.03445992,True
50,3,22,P3,0.13082156,0.10416384,0.17091934,0.625,0.625,"[3, 5]",0.625,False,1.2346064,0.33898745,1.03445992,True
50,3,23,P4,0.05323578,-0.05323578,0.0705275,0.625,0.625,"[3, 5]",0.625,False,1.2346064,0.33898745,1.03445992,True
50,3,24,T5,0.11711197,0.02819576,0.13536929,0.625,0.625,"[3, 5]",0.625,False,1.2346064,0.33898745,1.03445992,True
50,3,25,T6,0.08179912,-0.06331,0.09168255,0.625,0.625,"[3, 5]",0.625,False,1.2346064,0.33898745,1.03445992,True
50,3,26,Oz,0.15134016,0.15134016,0.15985623,0.625,0.625,"[3, 5]",0.625,False,1.2346064,0.33898745,1.03445992,True
50,3,27,O1,0.06538683,-0.00651205,0.07305942,0.625,0.625,"[3, 5]",0.625,False,1.2346064,0.33898745,1.03445992,True
50,3,28,O2,0.13609597,0.11376475,0.18522184,0.625,0.625,"[3, 5]",0.625,False,1.2346064,0.33898745,1.03445992,True
50,4,0,Fp1,0.10996879,-0.09597324,0.12282451,0.5,0.5,"[0, 8]",1.0,True,0.01073293,0.00214434,0.00899297,True
50,4,1,Fp2,0.07813796,0.06151851,0.09539628,0.5,0.5,"[0, 8]",1.0,True,0.01073293,0.00214434,0.00899297,True
50,4,2,Fz,0.10349106,-0.0983898,0.11718521,0.5,0.5,"[0, 8]",1.0,True,0.01073293,0.00214434,0.00899297,True
50,4,3,F3,0.08755273,0.02754382,0.09413128,0.5,0.5,"[0, 8]",1.0,True,0.01073293,0.00214434,0.00899297,True
50,4,4,F4,0.09804223,0.01284648,0.10817561,0.5,0.5,"[0, 8]",1.0,True,0.01073293,0.00214434,0.00899297,True
50,4,5,F7,0.08439069,0.08116877,0.09762772,0.5,0.5,"[0, 8]",1.0,True,0.01073293,0.00214434,0.00899297,True
50,4,6,F8,0.07725829,-0.02951856,0.07813224,0.5,0.5,"[0, 8]",1.0,True,0.01073293,0.00214434,0.00899297,True
50,4,7,FCz,0.09960832,0.09960832,0.11490285,0.5,0.5,"[0, 8]",1.0,True,0.01073293,0.00214434,0.00899297,True
50,4,8,FC3,0.03006684,0.00611237,0.03665162,0.5,0.5,"[0, 8]",1.0,True,0.01073293,0.00214434,0.00899297,True
50,4,9,FC4,0.0575486,-0.0575486,0.07549099,0.5,0.5,"[0, 8]",1.0,True,0.01073293,0.00214434,0.00899297,True
50,4,10,FT7,0.09087057,-0.05828392,0.10420196,0.5,0.5,"[0, 8]",1.0,True,0.01073293,0.00214434,0.00899297,True
50,4,11,FT8,0.0797976,-0.00370621,0.09682546,0.5,0.5,"[0, 8]",1.0,True,0.01073293,0.00214434,0.00899297,True
50,4,12,Cz,0.07729494,0.0763803,0.09326514,0.5,0.5,"[0, 8]",1.0,True,0.01073293,0.00214434,0.00899297,True
50,4,13,C3,0.11537479,0.07273205,0.11768139,0.5,0.5,"[0, 8]",1.0,True,0.01073293,0.00214434,0.00899297,True
50,4,14,C4,0.08521445,-0.07442628,0.09519169,0.5,0.5,"[0, 8]",1.0,True,0.01073293,0.00214434,0.00899297,True
50,4,15,T3,0.12609708,0.12609708,0.13098246,0.5,0.5,"[0, 8]",1.0,True,0.01073293,0.00214434,0.00899297,True
50,4,16,T4,0.1212959,0.01267146,0.13361773,0.5,0.5,"[0, 8]",1.0,True,0.01073293,0.00214434,0.00899297,True
50,4,17,CP3,0.12156166,0.03274636,0.13976936,0.5,0.5,"[0, 8]",1.0,True,0.01073293,0.00214434,0.00899297,True
50,4,18,CP4,0.11140191,0.03514488,0.12783359,0.5,0.5,"[0, 8]",1.0,True,0.01073293,0.00214434,0.00899297,True
50,4,19,TP7,0.08504122,-0.01891712,0.09499938,0.5,0.5,"[0, 8]",1.0,True,0.01073293,0.00214434,0.00899297,True
50,4,20,TP8,0.08917195,-0.06052065,0.10904081,0.5,0.5,"[0, 8]",1.0,True,0.01073293,0.00214434,0.00899297,True
50,4,21,Pz,0.15283546,0.00732224,0.15307137,0.5,0.5,"[0, 8]",1.0,True,0.01073293,0.00214434,0.00899297,True
50,4,22,P3,0.10783996,0.10783996,0.11705225,0.5,0.5,"[0, 8]",1.0,True,0.01073293,0.00214434,0.00899297,True
50,4,23,P4,0.10460064,-0.09298915,0.11655431,0.5,0.5,"[0, 8]",1.0,True,0.01073293,0.00214434,0.00899297,True
50,4,24,T5,0.10557034,0.0734456,0.1147344,0.5,0.5,"[0, 8]",1.0,True,0.01073293,0.00214434,0.00899297,True
50,4,25,T6,0.08149932,-0.06324406,0.0926557,0.5,0.5,"[0, 8]",1.0,True,0.01073293,0.00214434,0.00899297,True
50,4,26,Oz,0.07863235,0.04263408,0.08092877,0.5,0.5,"[0, 8]",1.0,True,0.01073293,0.00214434,0.00899297,True
50,4,27,O1,0.12163716,0.05648055,0.13198939,0.5,0.5,"[0, 8]",1.0,True,0.01073293,0.00214434,0.00899297,True
50,4,28,O2,0.14491187,-0.02352248,0.14754391,0.5,0.5,"[0, 8]",1.0,True,0.01073293,0.00214434,0.00899297,True
50,5,0,Fp1,0.03125166,0.00340695,0.03442736,0.625,0.625,"[7, 1]",0.875,False,1.3112751,0.40444677,1.09869958,True
50,5,1,Fp2,0.05620852,0.03592597,0.07089951,0.625,0.625,"[7, 1]",0.875,False,1.3112751,0.40444677,1.09869958,True
50,5,2,Fz,0.08791084,-0.08791084,0.13359742,0.625,0.625,"[7, 1]",0.875,False,1.3112751,0.40444677,1.09869958,True
50,5,3,F3,0.07494527,0.03161648,0.07676059,0.625,0.625,"[7, 1]",0.875,False,1.3112751,0.40444677,1.09869958,True
50,5,4,F4,0.10164267,0.10164267,0.11451853,0.625,0.625,"[7, 1]",0.875,False,1.3112751,0.40444677,1.09869958,True
50,5,5,F7,0.06556692,-0.01211037,0.07817104,0.625,0.625,"[7, 1]",0.875,False,1.3112751,0.40444677,1.09869958,True
50,5,6,F8,0.12508456,-0.03766609,0.1354038,0.625,0.625,"[7, 1]",0.875,False,1.3112751,0.40444677,1.09869958,True
50,5,7,FCz,0.14686349,0.14686349,0.15790547,0.625,0.625,"[7, 1]",0.875,False,1.3112751,0.40444677,1.09869958,True
50,5,8,FC3,0.049148,0.00315833,0.0601528,0.625,0.625,"[7, 1]",0.875,False,1.3112751,0.40444677,1.09869958,True
50,5,9,FC4,0.05598844,-0.00772089,0.06381156,0.625,0.625,"[7, 1]",0.875,False,1.3112751,0.40444677,1.09869958,True
50,5,10,FT7,0.10211959,0.05936011,0.12660642,0.625,0.625,"[7, 1]",0.875,False,1.3112751,0.40444677,1.09869958,True
50,5,11,FT8,0.1122857,-0.07438551,0.1202691,0.625,0.625,"[7, 1]",0.875,False,1.3112751,0.40444677,1.09869958,True
50,5,12,Cz,0.04303686,-0.00079206,0.04489755,0.625,0.625,"[7, 1]",0.875,False,1.3112751,0.40444677,1.09869958,True
50,5,13,C3,0.04893931,-0.04725491,0.06087132,0.625,0.625,"[7, 1]",0.875,False,1.3112751,0.40444677,1.09869958,True
50,5,14,C4,0.08815677,-0.06599674,0.09463079,0.625,0.625,"[7, 1]",0.875,False,1.3112751,0.40444677,1.09869958,True
50,5,15,T3,0.14436695,-0.04462271,0.17200361,0.625,0.625,"[7, 1]",0.875,False,1.3112751,0.40444677,1.09869958,True
50,5,16,T4,0.04515378,0.01478506,0.05369915,0.625,0.625,"[7, 1]",0.875,False,1.3112751,0.40444677,1.09869958,True
50,5,17,CP3,0.12923983,0.00054565,0.15224093,0.625,0.625,"[7, 1]",0.875,False,1.3112751,0.40444677,1.09869958,True
50,5,18,CP4,0.12790291,0.01726214,0.16587022,0.625,0.625,"[7, 1]",0.875,False,1.3112751,0.40444677,1.09869958,True
50,5,19,TP7,0.05594917,-0.01010097,0.05990783,0.625,0.625,"[7, 1]",0.875,False,1.3112751,0.40444677,1.09869958,True
50,5,20,TP8,0.08196244,0.06431831,0.0909001,0.625,0.625,"[7, 1]",0.875,False,1.3112751,0.40444677,1.09869958,True
50,5,21,Pz,0.1083614,-0.00578485,0.13321608,0.625,0.625,"[7, 1]",0.875,False,1.3112751,0.40444677,1.09869958,True
50,5,22,P3,0.12283448,0.07704837,0.15452012,0.625,0.625,"[7, 1]",0.875,False,1.3112751,0.40444677,1.09869958,True
50,5,23,P4,0.13406344,-0.10706526,0.14636731,0.625,0.625,"[7, 1]",0.875,False,1.3112751,0.40444677,1.09869958,True
50,5,24,T5,0.09939405,0.00823963,0.11630337,0.625,0.625,"[7, 1]",0.875,False,1.3112751,0.40444677,1.09869958,True
50,5,25,T6,0.04571473,-0.04571473,0.05647071,0.625,0.625,"[7, 1]",0.875,False,1.3112751,0.40444677,1.09869958,True
50,5,26,Oz,0.11406927,0.11239386,0.13744614,0.625,0.625,"[7, 1]",0.875,False,1.3112751,0.40444677,1.09869958,True
50,5,27,O1,0.05953529,-0.00047761,0.07301467,0.625,0.625,"[7, 1]",0.875,False,1.3112751,0.40444677,1.09869958,True
50,5,28,O2,0.18924658,0.18527204,0.24213429,0.625,0.625,"[7, 1]",0.875,False,1.3112751,0.40444677,1.09869958,True
