{
  "n_folds": 45,
  "collapse_rate": 0.08888888888888889,
  "mean_collapse_ratio": 0.6870039680000001,
  "mean_spatial_delta_l2": 0.078069406,
  "mean_spatial_relative_delta": 0.06851197222222222,
  "spatial_changed_rate": 1.0,
  "mean_confidence": 0.5718504102222222,
  "mean_normalized_prediction_entropy": 0.9668830004444446
}