{
  "mean_accuracy": 0.6268518518518518,
  "std_accuracy": 0.17111101090264824,
  "mean_balanced_accuracy": 0.6268518518518518,
  "std_balanced_accuracy": 0.17111101090264824,
  "n_groups": 9,
  "n_folds_total": 45
}