{
  "1": {
    "accuracies": [
      0.55,
      0.625,
      0.575,
      0.475,
      0.55
    ],
    "balanced_accuracies": [
      0.55,
      0.625,
      0.575,
      0.475,
      0.55
    ],
    "mean_accuracy": 0.555,
    "std_accuracy": 0.048476798574163295,
    "mean_balanced_accuracy": 0.555,
    "std_balanced_accuracy": 0.048476798574163295
  },
  "2": {
    "accuracies": [
      0.525,
      0.625,
      0.6,
      0.45,
      0.65
    ],
    "balanced_accuracies": [
      0.525,
      0.625,
      0.6000000000000001,
      0.45,
      0.65
    ],
    "mean_accuracy": 0.5700000000000001,
    "std_accuracy": 0.07314369419163896,
    "mean_balanced_accuracy": 0.5700000000000001,
    "std_balanced_accuracy": 0.07314369419163898
  },
  "3": {
    "accuracies": [
      0.525,
      0.4,
      0.375,
      0.4,
      0.55
    ],
    "balanced_accuracies": [
      0.525,
      0.4,
      0.375,
      0.4,
      0.55
    ],
    "mean_accuracy": 0.45,
    "std_accuracy": 0.0724568837309472,
    "mean_balanced_accuracy": 0.45,
    "std_balanced_accuracy": 0.0724568837309472
  },
  "4": {
    "accuracies": [
      0.675,
      0.55,
      0.65,
      0.625,
      0.65
    ],
    "balanced_accuracies": [
      0.675,
      0.55,
      0.6499999999999999,
      0.625,
      0.65
    ],
    "mean_accuracy": 0.63,
    "std_accuracy": 0.04301162633521313,
    "mean_balanced_accuracy": 0.63,
    "std_balanced_accuracy": 0.04301162633521312
  },
  "5": {
    "accuracies": [
      1.0,
      1.0,
      0.975,
      1.0,
      1.0
    ],
    "balanced_accuracies": [
      1.0,
      1.0,
      0.975,
      1.0,
      1.0
    ],
    "mean_accuracy": 0.9949999999999999,
    "std_accuracy": 0.010000000000000009,
    "mean_balanced_accuracy": 0.9949999999999999,
    "std_balanced_accuracy": 0.010000000000000009
  },
  "6": {
    "accuracies": [
      0.65,
      0.775,
      0.825,
      0.8,
      0.85
    ],
    "balanced_accuracies": [
      0.65,
      0.775,
      0.825,
      0.8,
      0.8500000000000001
    ],
    "mean_accuracy": 0.78,
    "std_accuracy": 0.06964194138592057,
    "mean_balanced_accuracy": 0.78,
    "std_balanced_accuracy": 0.0696419413859206
  },
  "7": {
    "accuracies": [
      0.5208333333333334,
      0.5,
      0.5,
      0.6458333333333334,
      0.5416666666666666
    ],
    "balanced_accuracies": [
      0.5208333333333333,
      0.5,
      0.5,
      0.6458333333333333,
      0.5416666666666666
    ],
    "mean_accuracy": 0.5416666666666667,
    "std_accuracy": 0.05432668671002208,
    "mean_balanced_accuracy": 0.5416666666666666,
    "std_balanced_accuracy": 0.05432668671002205
  },
  "8": {
    "accuracies": [
      0.55,
      0.725,
      0.7,
      0.35,
      0.525
    ],
    "balanced_accuracies": [
      0.55,
      0.725,
      0.7,
      0.35,
      0.5249999999999999
    ],
    "mean_accuracy": 0.57,
    "std_accuracy": 0.13546217184144066,
    "mean_balanced_accuracy": 0.57,
    "std_balanced_accuracy": 0.13546217184144066
  },
  "9": {
    "accuracies": [
      0.4583333333333333,
      0.5208333333333334,
      0.5625,
      0.7083333333333334,
      0.5
    ],
    "balanced_accuracies": [
      0.45833333333333337,
      0.5208333333333333,
      0.5625,
      0.7083333333333333,
      0.5
    ],
    "mean_accuracy": 0.55,
    "std_accuracy": 0.08599903100229289,
    "mean_balanced_accuracy": 0.55,
    "std_balanced_accuracy": 0.08599903100229286
  }
}