{
  "mean_accuracy": 0.8943722943722944,
  "std_accuracy": 0.022793200148140166,
  "mean_balanced_accuracy": 0.7572294372294371,
  "std_balanced_accuracy": 0.061406335114274346,
  "mean_roc_auc": 0.8993870523415978,
  "std_roc_auc": 0.04941336952025611,
  "primary_metric_name": "roc_auc",
  "primary_metric_mean": 0.8993870523415978,
  "primary_metric_std": 0.04941336952025611,
  "n_subjects": 7,
  "n_folds_total": 35
}