{
  "48": {
    "accuracies": [
      0.9103535353535354,
      0.9103535353535354,
      0.8888888888888888,
      0.9267676767676768,
      0.9103535353535354
    ],
    "balanced_accuracies": [
      0.8098484848484848,
      0.7916666666666667,
      0.7424242424242424,
      0.8318181818181818,
      0.8159090909090909
    ],
    "roc_aucs": [
      0.9316574839302112,
      0.9298094582185492,
      0.9186179981634528,
      0.9628328741965105,
      0.9402318640955005
    ],
    "mean_accuracy": 0.9093434343434342,
    "std_accuracy": 0.012042039411683221,
    "mean_balanced_accuracy": 0.7983333333333333,
    "std_balanced_accuracy": 0.030766904093708837,
    "mean_roc_auc": 0.936629935720845,
    "std_roc_auc": 0.014800283494018336,
    "primary_metric_name": "roc_auc",
    "primary_metric_mean": 0.936629935720845,
    "primary_metric_std": 0.014800283494018336
  },
  "49": {
    "accuracies": [
      0.898989898989899,
      0.9065656565656566,
      0.9179292929292929,
      0.9027777777777778,
      0.9166666666666666
    ],
    "balanced_accuracies": [
      0.8,
      0.7742424242424243,
      0.8234848484848485,
      0.7780303030303031,
      0.8287878787878789
    ],
    "roc_aucs": [
      0.9191689623507806,
      0.9402777777777778,
      0.9254361799816345,
      0.9367539026629936,
      0.9170913682277317
    ],
    "mean_accuracy": 0.9085858585858586,
    "std_accuracy": 0.007516604073806661,
    "mean_balanced_accuracy": 0.800909090909091,
    "std_balanced_accuracy": 0.02246004512864789,
    "mean_roc_auc": 0.9277456382001837,
    "std_roc_auc": 0.009280191652752373,
    "primary_metric_name": "roc_auc",
    "primary_metric_mean": 0.9277456382001837,
    "primary_metric_std": 0.009280191652752373
  },
  "50": {
    "accuracies": [
      0.8964646464646465,
      0.9053030303030303,
      0.8838383838383839,
      0.8876262626262627,
      0.8787878787878788
    ],
    "balanced_accuracies": [
      0.740909090909091,
      0.7704545454545455,
      0.696969696969697,
      0.7325757575757577,
      0.7181818181818183
    ],
    "roc_aucs": [
      0.9134756657483931,
      0.901744719926538,
      0.8585055096418733,
      0.8950872359963268,
      0.8842286501377411
    ],
    "mean_accuracy": 0.8904040404040403,
    "std_accuracy": 0.009428360960906292,
    "mean_balanced_accuracy": 0.7318181818181819,
    "std_balanced_accuracy": 0.02439817392194416,
    "mean_roc_auc": 0.8906083562901743,
    "std_roc_auc": 0.018645568984813392,
    "primary_metric_name": "roc_auc",
    "primary_metric_mean": 0.8906083562901743,
    "primary_metric_std": 0.018645568984813392
  },
  "51": {
    "accuracies": [
      0.8484848484848485,
      0.8396464646464646,
      0.8547979797979798,
      0.8535353535353535,
      0.8535353535353535
    ],
    "balanced_accuracies": [
      0.5909090909090909,
      0.6462121212121212,
      0.6643939393939393,
      0.6666666666666667,
      0.6303030303030304
    ],
    "roc_aucs": [
      0.7402089072543617,
      0.7944214876033058,
      0.8153581267217631,
      0.8026859504132231,
      0.7991505968778696
    ],
    "mean_accuracy": 0.85,
    "std_accuracy": 0.00561265423507394,
    "mean_balanced_accuracy": 0.6396969696969698,
    "std_balanced_accuracy": 0.027742585604350067,
    "mean_roc_auc": 0.7903650137741046,
    "std_roc_auc": 0.02602205851234501,
    "primary_metric_name": "roc_auc",
    "primary_metric_mean": 0.7903650137741046,
    "primary_metric_std": 0.02602205851234501
  },
  "52": {
    "accuracies": [
      0.9103535353535354,
      0.9053030303030303,
      0.9330808080808081,
      0.9065656565656566,
      0.9305555555555556
    ],
    "balanced_accuracies": [
      0.8068181818181819,
      0.8037878787878787,
      0.8446969696969697,
      0.7863636363636364,
      0.8492424242424242
    ],
    "roc_aucs": [
      0.9196854912764004,
      0.9241735537190082,
      0.9445592286501377,
      0.9308999081726355,
      0.9302685950413223
    ],
    "mean_accuracy": 0.9171717171717171,
    "std_accuracy": 0.012100150051223177,
    "mean_balanced_accuracy": 0.8181818181818181,
    "std_balanced_accuracy": 0.024562283792920542,
    "mean_roc_auc": 0.9299173553719008,
    "std_roc_auc": 0.008404231466399736,
    "primary_metric_name": "roc_auc",
    "primary_metric_mean": 0.9299173553719008,
    "primary_metric_std": 0.008404231466399736
  },
  "53": {
    "accuracies": [
      0.8876262626262627,
      0.8952020202020202,
      0.8901515151515151,
      0.9078282828282829,
      0.8977272727272727
    ],
    "balanced_accuracies": [
      0.7295454545454545,
      0.7613636363636364,
      0.7401515151515152,
      0.7901515151515152,
      0.781060606060606
    ],
    "roc_aucs": [
      0.912637741046832,
      0.9139233241505967,
      0.9154729109274564,
      0.9249770431588613,
      0.9169077134986228
    ],
    "mean_accuracy": 0.8957070707070708,
    "std_accuracy": 0.007034539533931384,
    "mean_balanced_accuracy": 0.7604545454545454,
    "std_balanced_accuracy": 0.023129769257286516,
    "mean_roc_auc": 0.9167837465564739,
    "std_roc_auc": 0.004341316507460963,
    "primary_metric_name": "roc_auc",
    "primary_metric_mean": 0.9167837465564739,
    "primary_metric_std": 0.004341316507460963
  },
  "54": {
    "accuracies": [
      0.8787878787878788,
      0.8800505050505051,
      0.9128787878787878,
      0.8825757575757576,
      0.8926767676767676
    ],
    "balanced_accuracies": [
      0.7181818181818183,
      0.7462121212121212,
      0.7931818181818182,
      0.7386363636363636,
      0.7598484848484848
    ],
    "roc_aucs": [
      0.8778122130394858,
      0.9045684113865932,
      0.928902662993572,
      0.9066574839302112,
      0.9003558310376492
    ],
    "mean_accuracy": 0.8893939393939393,
    "std_accuracy": 0.012716846779812276,
    "mean_balanced_accuracy": 0.7512121212121212,
    "std_balanced_accuracy": 0.024940701022487563,
    "mean_roc_auc": 0.9036593204775023,
    "std_roc_auc": 0.016285132957058454,
    "primary_metric_name": "roc_auc",
    "primary_metric_mean": 0.9036593204775023,
    "primary_metric_std": 0.016285132957058454
  }
}