{
  "CSP_LDA": {
    "mean_accuracy": 0.6137706429373097,
    "std_accuracy": 0.20300554918552227,
    "mean_balanced_accuracy": 0.6154783950617284,
    "std_balanced_accuracy": 0.20316111039277424,
    "mean_roc_auc": 0.6594907407407408,
    "std_roc_auc": 0.22891184080008167,
    "n_subjects": 108,
    "n_folds_total": 540
  },
  "FBCSP_LDA": {
    "mean_accuracy": 0.5824598498209609,
    "std_accuracy": 0.17923025238223264,
    "mean_balanced_accuracy": 0.5840432098765432,
    "std_balanced_accuracy": 0.18163073091506834,
    "mean_roc_auc": 0.6150308641975308,
    "std_roc_auc": 0.22966581857575108,
    "n_subjects": 108,
    "n_folds_total": 540
  }
}