{
  "run_id": "20260501_1327_c638401c",
  "artifact_dir": "/home/vegorov/Repos/eeg_jepa_research/artifacts/physionet-2009-csp-fbcsp-baselines/MI/20260501_1327_c638401c",
  "dataset_name": "PhysionetMI",
  "dataset_source": "auto",
  "effective_dataset_source": "concat",
  "preprocessed_concat_dir": "/home/vegorov/Repos/eeg_jepa_research/preprocessed_concat_datasets/PhysionetMI_MI_048eba1d_subjects_224f4495",
  "labels_to_keep": [
    "left_hand",
    "right_hand"
  ],
  "excluded_subjects": [
    88
  ],
  "paradigm": "MI",
  "subjects": [
    "1",
    "2",
    "3",
    "4",
    "5",
    "6",
    "7",
    "8",
    "9",
    "10",
    "11",
    "12",
    "13",
    "14",
    "15",
    "16",
    "17",
    "18",
    "19",
    "20",
    "21",
    "22",
    "23",
    "24",
    "25",
    "26",
    "27",
    "28",
    "29",
    "30",
    "31",
    "32",
    "33",
    "34",
    "35",
    "36",
    "37",
    "38",
    "39",
    "40",
    "41",
    "42",
    "43",
    "44",
    "45",
    "46",
    "47",
    "48",
    "49",
    "50",
    "51",
    "52",
    "53",
    "54",
    "55",
    "56",
    "57",
    "58",
    "59",
    "60",
    "61",
    "62",
    "63",
    "64",
    "65",
    "66",
    "67",
    "68",
    "69",
    "70",
    "71",
    "72",
    "73",
    "74",
    "75",
    "76",
    "77",
    "78",
    "79",
    "80",
    "81",
    "82",
    "83",
    "84",
    "85",
    "86",
    "87",
    "89",
    "90",
    "91",
    "92",
    "93",
    "94",
    "95",
    "96",
    "97",
    "98",
    "99",
    "100",
    "101",
    "102",
    "103",
    "104",
    "105",
    "106",
    "107",
    "108",
    "109"
  ],
  "run_models": [
    "CSP_LDA",
    "FBCSP_LDA"
  ],
  "cv_seed": 12,
  "global_metrics": {
    "CSP_LDA": {
      "mean_accuracy": 0.6137706429373097,
      "std_accuracy": 0.20300554918552227,
      "mean_balanced_accuracy": 0.6154783950617284,
      "std_balanced_accuracy": 0.20316111039277424,
      "mean_roc_auc": 0.6594907407407408,
      "std_roc_auc": 0.22891184080008167,
      "n_subjects": 108,
      "n_folds_total": 540
    },
    "FBCSP_LDA": {
      "mean_accuracy": 0.5824598498209609,
      "std_accuracy": 0.17923025238223264,
      "mean_balanced_accuracy": 0.5840432098765432,
      "std_balanced_accuracy": 0.18163073091506834,
      "mean_roc_auc": 0.6150308641975308,
      "std_roc_auc": 0.22966581857575108,
      "n_subjects": 108,
      "n_folds_total": 540
    }
  },
  "collapse_diagnostics": {
    "CSP_LDA": {
      "n_folds": 540,
      "n_collapsed_single_class": 7,
      "collapsed_fraction": 0.012962962962962963,
      "single_class_prediction_counts": {
        "0": 5,
        "1": 2
      }
    },
    "FBCSP_LDA": {
      "n_folds": 540,
      "n_collapsed_single_class": 23,
      "collapsed_fraction": 0.04259259259259259,
      "single_class_prediction_counts": {
        "0": 11,
        "1": 12
      }
    }
  }
}