{
  "51": {
    "accuracies": [
      0.6,
      0.375,
      0.525,
      0.25,
      0.475
    ],
    "balanced_accuracies": [
      0.6,
      0.375,
      0.525,
      0.25,
      0.475
    ],
    "mean_accuracy": 0.445,
    "std_accuracy": 0.1218605760695394,
    "mean_balanced_accuracy": 0.445,
    "std_balanced_accuracy": 0.1218605760695394
  }
}