subject_id,view_id,mean_oas_shrinkage,mean_effective_rank,mean_condition_number,all_trace_one
sub-01,1s_0s_8-12Hz,0.00820025794269474,3.2830292222025887,987.3878420150664,True
sub-01,1s_0s_13-20Hz,0.009495599439661245,3.8113761759733813,739.7418363274344,True
sub-01,1s_0s_20-30Hz,0.010354636867128184,4.12877853392211,638.7302746438418,True
sub-01,1s_0s_8-30Hz,0.010657929978597488,4.287980551579601,589.3821713701838,True
sub-01,1s_1s_8-12Hz,0.00856399055928316,3.394614822353708,914.8452929438841,True
sub-01,1s_1s_13-20Hz,0.009972434116094966,4.003149489769536,695.5194235557698,True
sub-01,1s_1s_20-30Hz,0.010567596105451882,4.265192087555138,631.6074122924255,True
sub-01,1s_1s_8-30Hz,0.011126807421866487,4.468823689617245,556.8864632604009,True
sub-01,1s_2s_8-12Hz,0.008922642528110243,3.456905577225136,848.7590572652513,True
sub-01,1s_2s_13-20Hz,0.010316707079569849,4.114292334096184,650.841328150572,True
sub-01,1s_2s_20-30Hz,0.01039144729324416,4.186890828878641,654.358796670889,True
sub-01,1s_2s_8-30Hz,0.011115430061271412,4.437173243467147,540.1579699422078,True
sub-01,1s_3s_8-12Hz,0.00829138989492093,3.2334662391042412,975.3304123289345,True
sub-01,1s_3s_13-20Hz,0.010112299885918904,4.024124374826984,666.6401044444951,True
sub-01,1s_3s_20-30Hz,0.010408541801776309,4.214261519401272,647.2556176806116,True
sub-01,1s_3s_8-30Hz,0.011276835994492486,4.461084698162531,531.9582466149843,True
sub-01,2s_0s_8-12Hz,0.004696359796368227,3.7503569830052896,1540.946124347638,True
sub-01,2s_0s_13-20Hz,0.005321253863965211,4.210833767677244,1197.0103131421263,True
sub-01,2s_0s_20-30Hz,0.005622546812882499,4.409200734446155,1132.6650455315944,True
sub-01,2s_0s_8-30Hz,0.005672526863845291,4.470075336560063,1040.1422914862887,True
sub-01,2s_1s_8-12Hz,0.004783001949237762,3.809725901801876,1477.6347174939315,True
sub-01,2s_1s_13-20Hz,0.005530586676769489,4.387833092689422,1135.942989161632,True
sub-01,2s_1s_20-30Hz,0.005641832790236071,4.472460032164219,1098.7037029375851,True
sub-01,2s_1s_8-30Hz,0.005825839973734986,4.579009985352541,980.0677597527003,True
sub-01,2s_2s_8-12Hz,0.0047212942560509496,3.7260197122749603,1538.0041490144108,True
sub-01,2s_2s_13-20Hz,0.005584995755794195,4.408158515388351,1099.0782749733146,True
sub-01,2s_2s_20-30Hz,0.005608981985499323,4.458203667221161,1126.4834304498713,True
sub-01,2s_2s_8-30Hz,0.005851614789975784,4.5658911833816225,975.8026053199843,True
sub-02,1s_0s_8-12Hz,0.008243931053151502,3.1671481129566152,980.8573387629615,True
sub-02,1s_0s_13-20Hz,0.00901603836029754,3.543069326409589,843.7420089790688,True
sub-02,1s_0s_20-30Hz,0.00941021111719667,3.7604019987716057,795.3961666525963,True
sub-02,1s_0s_8-30Hz,0.010412579917846351,4.11455500324937,628.9472806893612,True
sub-02,1s_1s_8-12Hz,0.008187842329555333,3.1637624292400286,969.0077431765494,True
sub-02,1s_1s_13-20Hz,0.009129764096989249,3.6211206465471037,812.1134074156682,True
sub-02,1s_1s_20-30Hz,0.009276483320509007,3.7212501468775363,827.2222585920497,True
sub-02,1s_1s_8-30Hz,0.01057368088166084,4.177871186691865,612.7728374541388,True
sub-02,1s_2s_8-12Hz,0.008698600284511502,3.310956675394556,881.5735333939225,True
sub-02,1s_2s_13-20Hz,0.009397813584465366,3.7332372813482224,782.7543410901394,True
sub-02,1s_2s_20-30Hz,0.009837957831864523,3.8859646714305667,764.0673656071087,True
sub-02,1s_2s_8-30Hz,0.010770769135243002,4.248346313131125,590.9235245729104,True
sub-02,1s_3s_8-12Hz,0.008398612347432804,3.2162984084464457,931.2820992102154,True
sub-02,1s_3s_13-20Hz,0.009005257251203649,3.573741543128371,840.2844186255955,True
sub-02,1s_3s_20-30Hz,0.009051175652043216,3.660320404288234,859.6500462105063,True
sub-02,1s_3s_8-30Hz,0.010436598364494672,4.117701540322785,637.8794466308901,True
sub-02,2s_0s_8-12Hz,0.00466631328813903,3.561955453136169,1506.1544281163401,True
sub-02,2s_0s_13-20Hz,0.004900461767147105,3.816892427824088,1444.4682375114826,True
sub-02,2s_0s_20-30Hz,0.004937854692324857,3.9068862405496345,1467.9137184561582,True
sub-02,2s_0s_8-30Hz,0.005494371116452598,4.248313576422098,1136.5423342995407,True
sub-02,2s_1s_8-12Hz,0.004822570649514071,3.657842115349884,1430.0584249780754,True
sub-02,2s_1s_13-20Hz,0.005110067490515739,3.988274398424065,1305.0091268797019,True
sub-02,2s_1s_20-30Hz,0.005045856875696642,3.993721038597228,1411.2785597786487,True
sub-02,2s_1s_8-30Hz,0.005663555478627697,4.359123626245152,1060.1279058011555,True
sub-02,2s_2s_8-12Hz,0.004814226017118195,3.6515060703969646,1443.8871424448193,True
sub-02,2s_2s_13-20Hz,0.004957444812506343,3.912165698304709,1431.793831321899,True
sub-02,2s_2s_20-30Hz,0.004928116363038779,3.943090644939211,1476.147947013303,True
sub-02,2s_2s_8-30Hz,0.005540353346962098,4.294323596903214,1121.6874077592463,True
sub-03,1s_0s_8-12Hz,0.007606376079126514,2.9218114874009777,1178.274339022422,True
sub-03,1s_0s_13-20Hz,0.010968088268680058,4.3374960115066035,606.1388671375496,True
sub-03,1s_0s_20-30Hz,0.011663780695366128,4.663713188705465,557.0929997429445,True
sub-03,1s_0s_8-30Hz,0.01155464940441102,4.6347907514536555,553.2437500310289,True
sub-03,1s_1s_8-12Hz,0.007851792815355451,3.0509017423296267,1125.411525246584,True
sub-03,1s_1s_13-20Hz,0.010362733667591582,4.153295697723347,671.8257395581807,True
sub-03,1s_1s_20-30Hz,0.011658329006650467,4.6559356905243945,562.6067152671039,True
sub-03,1s_1s_8-30Hz,0.011832356007249531,4.717065360664925,544.1374928532501,True
sub-03,1s_2s_8-12Hz,0.00786408789579256,3.0543025257021483,1096.5858120314506,True
sub-03,1s_2s_13-20Hz,0.010874882408959041,4.2947473266915654,607.6452241613293,True
sub-03,1s_2s_20-30Hz,0.011888368266544293,4.687606052889151,561.5956070303364,True
sub-03,1s_2s_8-30Hz,0.011765227430157382,4.688021543645315,549.9618022241027,True
sub-03,1s_3s_8-12Hz,0.00793528865871712,3.0733088575348755,1126.2674297614053,True
sub-03,1s_3s_13-20Hz,0.010356075595630494,4.184994339039408,657.980816008605,True
sub-03,1s_3s_20-30Hz,0.011987523760549854,4.728168689009882,526.6325973711996,True
sub-03,1s_3s_8-30Hz,0.011676510611287627,4.64700536298866,560.9155420436912,True
sub-03,2s_0s_8-12Hz,0.00420782178516106,3.3155650248096946,1984.4068389259835,True
sub-03,2s_0s_13-20Hz,0.00601395674147292,4.676912134893737,993.5513515407949,True
sub-03,2s_0s_20-30Hz,0.006369520263599782,4.983180298922077,969.3563118067208,True
sub-03,2s_0s_8-30Hz,0.006230161989065531,4.8656591661743285,945.7558113210692,True
sub-03,2s_1s_8-12Hz,0.004168218646530652,3.2935987725448803,2002.921198300599,True
sub-03,2s_1s_13-20Hz,0.005975996869553498,4.645524812448884,1016.9926295774778,True
sub-03,2s_1s_20-30Hz,0.006395355364752474,4.989371294865026,976.3593988997261,True
sub-03,2s_1s_8-30Hz,0.0062549456743645395,4.86093032436433,979.5371452787624,True
sub-03,2s_2s_8-12Hz,0.004294614803620393,3.378859064545124,1892.5963059970497,True
sub-03,2s_2s_13-20Hz,0.0061084286249104,4.713673118126229,954.1508061291581,True
sub-03,2s_2s_20-30Hz,0.0065286610297558435,5.030108160200263,914.4678909778352,True
sub-03,2s_2s_8-30Hz,0.0061993869428708225,4.837372878492741,971.7277152028324,True
sub-04,1s_0s_8-12Hz,0.008209601319995983,3.1788682173111207,994.444361185896,True
sub-04,1s_0s_13-20Hz,0.011558294970477672,4.541996126405965,534.8278113908867,True
sub-04,1s_0s_20-30Hz,0.011921949030271725,4.620610038935615,556.4500712346468,True
sub-04,1s_0s_8-30Hz,0.012638765447674538,4.999520731068031,455.92715667851337,True
sub-04,1s_1s_8-12Hz,0.007992597771045048,3.058680409903773,1016.8926342204389,True
sub-04,1s_1s_13-20Hz,0.010991385360705385,4.386511122558829,591.4641439811841,True
sub-04,1s_1s_20-30Hz,0.011612721573294427,4.556835005898923,596.2404970706779,True
sub-04,1s_1s_8-30Hz,0.011818395412507746,4.773051724515829,506.47431253593516,True
sub-04,1s_2s_8-12Hz,0.007909019135822388,3.0320585751353533,1063.3379891785992,True
sub-04,1s_2s_13-20Hz,0.011224583498216178,4.513525809604509,576.8065096550292,True
sub-04,1s_2s_20-30Hz,0.011660243825869785,4.546689680762721,584.2851627247068,True
sub-04,1s_2s_8-30Hz,0.01180336341344105,4.787845341224109,512.1430232038324,True
sub-04,1s_3s_8-12Hz,0.007846716797187828,3.0450043510061233,1041.3833039936285,True
sub-04,1s_3s_13-20Hz,0.010947204820967794,4.406273520445962,594.8646986490119,True
sub-04,1s_3s_20-30Hz,0.01132036754988623,4.448558446040051,628.8483161734437,True
sub-04,1s_3s_8-30Hz,0.011851675108405117,4.79085743990644,500.32719710928467,True
sub-04,2s_0s_8-12Hz,0.004373343356048619,3.397074022523401,1729.0000741975805,True
sub-04,2s_0s_13-20Hz,0.006282765825937814,4.8734850417148206,907.179373268862,True
sub-04,2s_0s_20-30Hz,0.006294566679957608,4.81550342241007,1037.526110661181,True
sub-04,2s_0s_8-30Hz,0.006290817644654859,4.973018702624803,901.9528660137319,True
sub-04,2s_1s_8-12Hz,0.00423391322065517,3.285886413490926,1828.6483376377705,True
sub-04,2s_1s_13-20Hz,0.006330047432336313,4.910564307154599,903.1172552821779,True
sub-04,2s_1s_20-30Hz,0.006271564634803883,4.8063263143785635,1050.9032242010876,True
sub-04,2s_1s_8-30Hz,0.006150479093671073,4.8942293399273,936.9173749056292,True
sub-04,2s_2s_8-12Hz,0.004232154525269469,3.289834052505423,1836.7146499869348,True
sub-04,2s_2s_13-20Hz,0.006169532083911416,4.848575197903591,945.156440143579,True
sub-04,2s_2s_20-30Hz,0.006119599574539244,4.72149165967966,1086.324500192055,True
sub-04,2s_2s_8-30Hz,0.006192793647303142,4.912103884865802,920.3135181640249,True
sub-05,1s_0s_8-12Hz,0.019958166071685414,6.531185073470143,211.55532863214603,True
sub-05,1s_0s_13-20Hz,0.02976352859261806,8.192379634210813,114.22886801545073,True
sub-05,1s_0s_20-30Hz,0.04095696074942519,9.292042335575058,71.33271813080901,True
sub-05,1s_0s_8-30Hz,0.07739123543085676,10.92003911507538,28.08066956171238,True
sub-05,1s_1s_8-12Hz,0.020376770807060737,6.600785838328403,206.01300542100574,True
sub-05,1s_1s_13-20Hz,0.029879711497508742,8.222054224521957,114.10803920426716,True
sub-05,1s_1s_20-30Hz,0.03985836024867181,9.226444257495967,72.25873658444345,True
sub-05,1s_1s_8-30Hz,0.07403805036193195,10.845333475627434,29.654729076965896,True
sub-05,1s_2s_8-12Hz,0.019298754375799865,6.370691539999177,220.95934057110406,True
sub-05,1s_2s_13-20Hz,0.031203464979783324,8.341615365122399,105.42796992186565,True
sub-05,1s_2s_20-30Hz,0.03874243639592284,9.133620117957316,76.31113904507694,True
sub-05,1s_2s_8-30Hz,0.07551197676419023,10.892341599939385,28.418784569564554,True
sub-05,1s_3s_8-12Hz,0.020166538018507374,6.550926686655265,204.90389227309234,True
sub-05,1s_3s_13-20Hz,0.030449851772093684,8.234372435528517,109.5301881046053,True
sub-05,1s_3s_20-30Hz,0.039381711251270934,9.187083699987927,76.21445683208853,True
sub-05,1s_3s_8-30Hz,0.0729462369521858,10.812982383173301,30.324665229969845,True
sub-05,2s_0s_8-12Hz,0.01729901837268823,8.597560806702253,184.17009528709764,True
sub-05,2s_0s_13-20Hz,0.02658877202339433,9.881419069617852,97.01390040549776,True
sub-05,2s_0s_20-30Hz,0.03498956117042764,10.524603194698098,66.534055405951,True
sub-05,2s_0s_8-30Hz,0.06164601258721778,11.493479077574516,29.481998406736476,True
sub-05,2s_1s_8-12Hz,0.01696939055906139,8.502355464637505,195.40183778520128,True
sub-05,2s_1s_13-20Hz,0.026885565114093124,9.91521068870335,94.70951638831772,True
sub-05,2s_1s_20-30Hz,0.034270070562434474,10.475263130957302,68.18459561080088,True
sub-05,2s_1s_8-30Hz,0.060144659262633016,11.469409617940443,30.514569481876816,True
sub-05,2s_2s_8-12Hz,0.0169982690462438,8.504237974808916,185.85290323830822,True
sub-05,2s_2s_13-20Hz,0.026744639946124537,9.88395119909692,97.84052671236759,True
sub-05,2s_2s_20-30Hz,0.03379235481222914,10.450070878429829,69.46268909586215,True
sub-05,2s_2s_8-30Hz,0.060920936195521504,11.48029815146447,29.839735678337895,True
sub-06,1s_0s_8-12Hz,0.007793414250209038,2.927253442384597,1166.5996667777097,True
sub-06,1s_0s_13-20Hz,0.010146917990922866,3.9514266689773065,698.3974044284971,True
sub-06,1s_0s_20-30Hz,0.010728298899892526,4.253320619960627,619.271077293236,True
sub-06,1s_0s_8-30Hz,0.009510603241908201,3.754345711926703,864.4579853520066,True
sub-06,1s_1s_8-12Hz,0.007786867005087841,2.941442508243869,1180.6610129799244,True
sub-06,1s_1s_13-20Hz,0.00948321105370121,3.7765312603626597,769.5515121526219,True
sub-06,1s_1s_20-30Hz,0.010477520132600629,4.1343477566543525,659.6446603168837,True
sub-06,1s_1s_8-30Hz,0.009670313041358854,3.7752461176596968,840.9134597323948,True
sub-06,1s_2s_8-12Hz,0.007607694064255774,2.83952357004575,1214.8095367606843,True
sub-06,1s_2s_13-20Hz,0.009129307191083619,3.625054834615054,838.8452762437315,True
sub-06,1s_2s_20-30Hz,0.010290179339596934,4.122182091123605,658.791965321628,True
sub-06,1s_2s_8-30Hz,0.00947290371647377,3.678083658069796,896.8195895294417,True
sub-06,1s_3s_8-12Hz,0.007590000820087629,2.841732192361902,1218.8034898738222,True
sub-06,1s_3s_13-20Hz,0.009609436723491106,3.788933286128888,743.4356158090968,True
sub-06,1s_3s_20-30Hz,0.011187188381779196,4.411982302281324,543.5772821262741,True
sub-06,1s_3s_8-30Hz,0.009410022658566863,3.7033535572093,874.9283463184659,True
sub-06,2s_0s_8-12Hz,0.00423817401902838,3.234096660846075,2062.856257808903,True
sub-06,2s_0s_13-20Hz,0.005349783184818212,4.1929235480512705,1219.5618057338338,True
sub-06,2s_0s_20-30Hz,0.00575461169814105,4.481574415794453,1080.239313553549,True
sub-06,2s_0s_8-30Hz,0.005033229383389953,3.9103419877581467,1562.5634721604245,True
sub-06,2s_1s_8-12Hz,0.004183503616469565,3.16247713770717,2094.4175274222844,True
sub-06,2s_1s_13-20Hz,0.005057649052874003,3.9888822771626637,1376.207971481936,True
sub-06,2s_1s_20-30Hz,0.005637534775138923,4.398944001405544,1130.2538827650544,True
sub-06,2s_1s_8-30Hz,0.0049738763240054235,3.842095813396188,1601.3821230149988,True
sub-06,2s_2s_8-12Hz,0.0041402424248966315,3.11638806774783,2152.725931694977,True
sub-06,2s_2s_13-20Hz,0.005131948227224466,4.028580248116649,1333.6054436691209,True
sub-06,2s_2s_20-30Hz,0.005837474840290004,4.539893465417892,1021.3936332208692,True
sub-06,2s_2s_8-30Hz,0.004905094091161439,3.7877689320190724,1662.5485300759806,True
sub-07,1s_0s_8-12Hz,0.008080989965728381,3.0919549140227724,1017.3392459099712,True
sub-07,1s_0s_13-20Hz,0.009746200137061296,3.8840666713599887,738.605129734757,True
sub-07,1s_0s_20-30Hz,0.010592475513618095,4.308145191513751,653.2475857025431,True
sub-07,1s_0s_8-30Hz,0.01068003407794674,4.308343920591868,614.4622554143004,True
sub-07,1s_1s_8-12Hz,0.008195132374131914,3.1244023805013414,984.0206703860052,True
sub-07,1s_1s_13-20Hz,0.00950968071249765,3.83272470134924,776.5609963027362,True
sub-07,1s_1s_20-30Hz,0.01037767664700021,4.219442501562649,678.5343942699529,True
sub-07,1s_1s_8-30Hz,0.010497795545481105,4.270836075561705,646.5994734407213,True
sub-07,1s_2s_8-12Hz,0.008403043877115652,3.2440339558151594,994.6096648473967,True
sub-07,1s_2s_13-20Hz,0.009989186071961883,3.999650335108521,709.001501249887,True
sub-07,1s_2s_20-30Hz,0.01093730868302913,4.377154331555083,592.9873721301874,True
sub-07,1s_2s_8-30Hz,0.01100975247230716,4.430281747835151,582.0961298824583,True
sub-07,1s_3s_8-12Hz,0.008274466611015815,3.188623886137858,972.6151236607917,True
sub-07,1s_3s_13-20Hz,0.009403934978782629,3.779261855428144,826.9275758043619,True
sub-07,1s_3s_20-30Hz,0.010262056889123527,4.139485423785915,704.756335282292,True
sub-07,1s_3s_8-30Hz,0.010587548335894066,4.306925765362995,641.517369765146,True
sub-07,2s_0s_8-12Hz,0.0045010750836058265,3.4796482004597054,1660.5660245474587,True
sub-07,2s_0s_13-20Hz,0.005301244610719995,4.188389785485822,1236.5498188591205,True
sub-07,2s_0s_20-30Hz,0.0056094185984490045,4.503267048613839,1158.7959949546944,True
sub-07,2s_0s_8-30Hz,0.0055716534163461895,4.424696903433639,1126.4810844130418,True
sub-07,2s_1s_8-12Hz,0.0045098003669348605,3.48160470894677,1699.4760613734156,True
sub-07,2s_1s_13-20Hz,0.005221727550820624,4.173586330401712,1329.7582384404798,True
sub-07,2s_1s_20-30Hz,0.005677657796320223,4.513606342619411,1120.988561204585,True
sub-07,2s_1s_8-30Hz,0.005533291028958082,4.408194085587385,1167.441187943587,True
sub-07,2s_2s_8-12Hz,0.004548606412351895,3.5336370948869815,1635.260363840434,True
sub-07,2s_2s_13-20Hz,0.005280463181925451,4.190920681062534,1282.151747864125,True
sub-07,2s_2s_20-30Hz,0.005599053123678236,4.462065416793105,1167.1863565672284,True
sub-07,2s_2s_8-30Hz,0.005628706786204798,4.464051399230505,1140.4093741579538,True
sub-08,1s_0s_8-12Hz,0.008607346661543138,3.2813555222542368,890.5219005072261,True
sub-08,1s_0s_13-20Hz,0.009417841637366415,3.767397074629502,785.0572885682413,True
sub-08,1s_0s_20-30Hz,0.010276965918294013,4.0983047066424,634.7278061810763,True
sub-08,1s_0s_8-30Hz,0.010481865476319501,4.207939758949666,600.913112935242,True
sub-08,1s_1s_8-12Hz,0.00828399808231733,3.205250134912845,957.5920494251125,True
sub-08,1s_1s_13-20Hz,0.009305268940789112,3.74973585225052,803.5903839272612,True
sub-08,1s_1s_20-30Hz,0.010598073269411656,4.2425371012815045,617.4809243089794,True
sub-08,1s_1s_8-30Hz,0.010437872065467441,4.221977375656124,609.8473580294421,True
sub-08,1s_2s_8-12Hz,0.008387171163194646,3.2375405162705455,959.1376172768847,True
sub-08,1s_2s_13-20Hz,0.009687662842730002,3.8923722699780385,733.733285946312,True
sub-08,1s_2s_20-30Hz,0.01037192659878689,4.147134070429582,618.0639095503104,True
sub-08,1s_2s_8-30Hz,0.010566108498590862,4.277881108701045,604.0299446606139,True
sub-08,1s_3s_8-12Hz,0.008865718087539328,3.3988634615327014,858.1500944415253,True
sub-08,1s_3s_13-20Hz,0.009710310398344881,3.8766339696717593,729.7684603041747,True
sub-08,1s_3s_20-30Hz,0.01033230184141219,4.112915273240196,640.397012450652,True
sub-08,1s_3s_8-30Hz,0.010790088384747473,4.330211589640675,579.7424477130951,True
sub-08,2s_0s_8-12Hz,0.00476292022114405,3.6393949140089057,1441.740350358667,True
sub-08,2s_0s_13-20Hz,0.005050755098503942,4.04140159722625,1340.571405896383,True
sub-08,2s_0s_20-30Hz,0.005560005516716765,4.378128481220167,1085.6078181767903,True
sub-08,2s_0s_8-30Hz,0.00545677436135817,4.316101391703152,1102.0149328533948,True
sub-08,2s_1s_8-12Hz,0.00465561460765422,3.610477456684164,1529.1172321762558,True
sub-08,2s_1s_13-20Hz,0.00509290630432561,4.071514177660019,1330.7426393487463,True
sub-08,2s_1s_20-30Hz,0.005599966504554255,4.405308968416788,1064.4235886494728,True
sub-08,2s_1s_8-30Hz,0.005481914735821054,4.346605216399752,1098.6441966661523,True
sub-08,2s_2s_8-12Hz,0.004815386062740613,3.7085299722728067,1477.9950610247608,True
sub-08,2s_2s_13-20Hz,0.005252199009813721,4.159836237355322,1238.2905316308668,True
sub-08,2s_2s_20-30Hz,0.005537450680754303,4.333576919608353,1084.5695105043596,True
sub-08,2s_2s_8-30Hz,0.005633361970007808,4.424869994420066,1038.6851331414748,True
sub-09,1s_0s_8-12Hz,0.008443301627297973,3.303762876663547,945.717788491432,True
sub-09,1s_0s_13-20Hz,0.00965008392666757,3.869737776622491,754.6088768658162,True
sub-09,1s_0s_20-30Hz,0.010667833250378211,4.256866703853423,611.7929584188897,True
sub-09,1s_0s_8-30Hz,0.011293587405385516,4.507430093802593,531.914514327533,True
sub-09,1s_1s_8-12Hz,0.008620980379410434,3.391624637554176,907.4139761606791,True
sub-09,1s_1s_13-20Hz,0.009255555127811812,3.6935024437946864,807.5068937705593,True
sub-09,1s_1s_20-30Hz,0.010636674604733611,4.219740674316417,594.901832381968,True
sub-09,1s_1s_8-30Hz,0.010898401139202587,4.373813409105585,565.5173328640915,True
sub-09,1s_2s_8-12Hz,0.008420956911620392,3.2850078559872893,954.6275155852502,True
sub-09,1s_2s_13-20Hz,0.009526160668533174,3.8368502554077546,754.004545990113,True
sub-09,1s_2s_20-30Hz,0.010526158935321455,4.194677729225897,633.2045370637494,True
sub-09,1s_2s_8-30Hz,0.010782748720968242,4.372884958801538,588.2824385500418,True
sub-09,1s_3s_8-12Hz,0.008237267209939215,3.2133190252850126,1044.5291827049216,True
sub-09,1s_3s_13-20Hz,0.008996141639373517,3.637436250625619,876.7825941937579,True
sub-09,1s_3s_20-30Hz,0.010368502207959476,4.1220984113719155,636.4528095588132,True
sub-09,1s_3s_8-30Hz,0.010460005695025828,4.226500348219826,642.2200659047342,True
sub-09,2s_0s_8-12Hz,0.004707265377008058,3.6939068355272453,1530.9995415602784,True
sub-09,2s_0s_13-20Hz,0.0051835448394504996,4.111491940924319,1297.391086588351,True
sub-09,2s_0s_20-30Hz,0.005711588606783816,4.4841753921722525,1057.4500104815236,True
sub-09,2s_0s_8-30Hz,0.005800144561640822,4.556098137689762,1000.9545262211614,True
sub-09,2s_1s_8-12Hz,0.004811658111604583,3.758235205181353,1477.0992451418665,True
sub-09,2s_1s_13-20Hz,0.005054453953138175,4.03145421013261,1356.53298037862,True
sub-09,2s_1s_20-30Hz,0.005689126704784466,4.444077814485004,1046.2241990907758,True
sub-09,2s_1s_8-30Hz,0.005636604836340634,4.468874022563112,1054.9959377567563,True
sub-09,2s_2s_8-12Hz,0.004474238480399242,3.524082064251645,1737.354755487715,True
sub-09,2s_2s_13-20Hz,0.004891873992686357,3.966768580360173,1471.9354261640594,True
sub-09,2s_2s_20-30Hz,0.00560563834688302,4.383938487244789,1080.5431106849494,True
sub-09,2s_2s_8-30Hz,0.005492735688559629,4.362961021275238,1142.5250196834572,True
sub-10,1s_0s_8-12Hz,0.008514065073967647,3.336958033491438,927.4302639412748,True
sub-10,1s_0s_13-20Hz,0.008594056280112691,3.4126726547777295,876.0991557186062,True
sub-10,1s_0s_20-30Hz,0.010045567981925662,4.001078214662922,669.099987235332,True
sub-10,1s_0s_8-30Hz,0.009830253507168776,3.944277997723853,688.1298147369578,True
sub-10,1s_1s_8-12Hz,0.008649054198561611,3.359406440861097,950.6363670999395,True
sub-10,1s_1s_13-20Hz,0.009015327591357033,3.608302456236763,831.9054153559022,True
sub-10,1s_1s_20-30Hz,0.010231127283834435,4.063060667208005,625.8434935332737,True
sub-10,1s_1s_8-30Hz,0.010071386783951846,4.073567759359245,684.8162478564699,True
sub-10,1s_2s_8-12Hz,0.008359203108762356,3.2343306345214913,1032.7204585412146,True
sub-10,1s_2s_13-20Hz,0.008794996742541441,3.4816635573121233,846.8175760038921,True
sub-10,1s_2s_20-30Hz,0.00961966294917033,3.873153559424787,732.4319461431518,True
sub-10,1s_2s_8-30Hz,0.00961431288909829,3.8495237744498496,764.2533108635553,True
sub-10,1s_3s_8-12Hz,0.008325601995161632,3.224256686184841,1044.8245092340262,True
sub-10,1s_3s_13-20Hz,0.008729531133074822,3.430208360734807,880.4273102687191,True
sub-10,1s_3s_20-30Hz,0.009820088933271989,3.9171488838278803,693.2422079001782,True
sub-10,1s_3s_8-30Hz,0.009446322237221598,3.79858015846197,774.1043317185986,True
sub-10,2s_0s_8-12Hz,0.004629136854071593,3.6669873486449776,1642.8291290213594,True
sub-10,2s_0s_13-20Hz,0.004702313356509898,3.7338375522168876,1457.9916730713164,True
sub-10,2s_0s_20-30Hz,0.005340158694091462,4.213490099111151,1153.3595825524117,True
sub-10,2s_0s_8-30Hz,0.005134033556488092,4.073747843514274,1256.4793631369068,True
sub-10,2s_1s_8-12Hz,0.004602908164603706,3.621156624923091,1731.1228869756428,True
sub-10,2s_1s_13-20Hz,0.0047580127334315245,3.7461684791107133,1438.6600087252098,True
sub-10,2s_1s_20-30Hz,0.005232488273429726,4.142960034621806,1211.645320511047,True
sub-10,2s_1s_8-30Hz,0.005074601326601686,4.011111504194202,1363.762211602715,True
sub-10,2s_2s_8-12Hz,0.004471721725941219,3.527846045656782,1836.626420393549,True
sub-10,2s_2s_13-20Hz,0.004623699194053666,3.6161795456054606,1502.3041415558691,True
sub-10,2s_2s_20-30Hz,0.005206906165446867,4.106208257226338,1222.287095709307,True
sub-10,2s_2s_8-30Hz,0.00488018196783444,3.8650351465802744,1457.6262125301682,True
sub-11,1s_0s_8-12Hz,0.008448678200274708,3.2837317231887146,966.0726078625185,True
sub-11,1s_0s_13-20Hz,0.009658166426969195,3.9869362247758686,743.4664765138157,True
sub-11,1s_0s_20-30Hz,0.008589579329816282,3.6137632529664474,956.1837209311594,True
sub-11,1s_0s_8-30Hz,0.010895739382397237,4.45990802677996,594.3384075545324,True
sub-11,1s_1s_8-12Hz,0.008896086816561514,3.4076600505811,824.1608156541348,True
sub-11,1s_1s_13-20Hz,0.009709682455159185,3.989211440964476,742.928033729147,True
sub-11,1s_1s_20-30Hz,0.00872466952002029,3.6475329849059657,935.9957845927008,True
sub-11,1s_1s_8-30Hz,0.01153748312868732,4.635510109298308,529.3730152541439,True
sub-11,1s_2s_8-12Hz,0.009302477391883723,3.547270882284849,796.1795896144931,True
sub-11,1s_2s_13-20Hz,0.00933762032742359,3.843008911278828,786.3989062637947,True
sub-11,1s_2s_20-30Hz,0.009500583643581398,3.9223533365900183,819.487003316063,True
sub-11,1s_2s_8-30Hz,0.011662263726386485,4.645837773904293,537.0087914177483,True
sub-11,1s_3s_8-12Hz,0.009216107429685504,3.5682338441295833,784.2420766599155,True
sub-11,1s_3s_13-20Hz,0.009705966416472197,3.92165884098947,753.5939782030484,True
sub-11,1s_3s_20-30Hz,0.0094961724561754,3.958695244727994,793.058792418584,True
sub-11,1s_3s_8-30Hz,0.010783669362747142,4.386472756044823,624.4690273700821,True
sub-11,2s_0s_8-12Hz,0.004896751996013811,3.7820101470637004,1429.6399902929043,True
sub-11,2s_0s_13-20Hz,0.005241956939145006,4.312873285990294,1251.2762907369613,True
sub-11,2s_0s_20-30Hz,0.004477340911907425,3.77648635131929,1763.805015287,True
sub-11,2s_0s_8-30Hz,0.005920988823671147,4.70893961648302,1005.4064609200707,True
sub-11,2s_1s_8-12Hz,0.005119661648352968,3.9029677812026904,1306.0987176172791,True
sub-11,2s_1s_13-20Hz,0.00508182013532641,4.208696327821224,1337.7380684482287,True
sub-11,2s_1s_20-30Hz,0.004677578734740933,3.919728215475254,1656.5030707063688,True
sub-11,2s_1s_8-30Hz,0.006086162532214548,4.770170076573276,969.8565123031512,True
sub-11,2s_2s_8-12Hz,0.005260415096633953,4.033633150296433,1267.1161735293365,True
sub-11,2s_2s_13-20Hz,0.005421137111732416,4.354938592419822,1189.2007101072286,True
sub-11,2s_2s_20-30Hz,0.005231345927341905,4.308303680909313,1372.769312877689,True
sub-11,2s_2s_8-30Hz,0.006047229919059068,4.758210473220428,1012.8486317196279,True
sub-12,1s_0s_8-12Hz,0.00887183146506083,3.4886536440119813,878.9352657382591,True
sub-12,1s_0s_13-20Hz,0.009284370121253669,3.698702252801496,770.1259540569196,True
sub-12,1s_0s_20-30Hz,0.010443250493645315,4.172391778750603,628.1389827946134,True
sub-12,1s_0s_8-30Hz,0.010615929115997003,4.292584500206119,586.9810560182952,True
sub-12,1s_1s_8-12Hz,0.008777494300408145,3.4650621865147047,908.6594793086546,True
sub-12,1s_1s_13-20Hz,0.00992670721247611,3.8809561303591864,700.8478807922478,True
sub-12,1s_1s_20-30Hz,0.010338099027181667,4.14491150416887,643.3389748468894,True
sub-12,1s_1s_8-30Hz,0.010933224175553577,4.3947506740352384,556.2556232747465,True
sub-12,1s_2s_8-12Hz,0.00903718397001709,3.564913286324142,835.5795100276846,True
sub-12,1s_2s_13-20Hz,0.009587722635729537,3.7618923497838836,731.8197735095139,True
sub-12,1s_2s_20-30Hz,0.01060073594335711,4.203312337953642,610.166359559607,True
sub-12,1s_2s_8-30Hz,0.010825975628923307,4.3430866131769035,572.0528960919693,True
sub-12,1s_3s_8-12Hz,0.008568390324287908,3.380832236746474,901.9792565127016,True
sub-12,1s_3s_13-20Hz,0.009142212978048158,3.6374467770413497,811.4745707389669,True
sub-12,1s_3s_20-30Hz,0.010319548989780082,4.113568220601222,648.3598326725283,True
sub-12,1s_3s_8-30Hz,0.010383659896095477,4.189475926826833,607.6670022767365,True
sub-12,2s_0s_8-12Hz,0.0047479914872021025,3.8290993638002733,1531.8011574830302,True
sub-12,2s_0s_13-20Hz,0.0052823565580573705,4.1104959186917,1200.1868927529085,True
sub-12,2s_0s_20-30Hz,0.005572163918154398,4.383292859163836,1094.7986973943516,True
sub-12,2s_0s_8-30Hz,0.005593740321889457,4.4426333017775725,1048.963803780994,True
sub-12,2s_1s_8-12Hz,0.004838513267832717,3.879950406640117,1499.877860216267,True
sub-12,2s_1s_13-20Hz,0.005245589822099694,4.080014892368733,1214.7868085439482,True
sub-12,2s_1s_20-30Hz,0.005609695702758056,4.39987582840697,1080.7918897770405,True
sub-12,2s_1s_8-30Hz,0.005620420657120488,4.449030968794829,1040.3402407541803,True
sub-12,2s_2s_8-12Hz,0.004884499428405569,3.876589747493644,1418.063665980789,True
sub-12,2s_2s_13-20Hz,0.005113217302035939,3.976775861768593,1269.1550324537407,True
sub-12,2s_2s_20-30Hz,0.005535104983011056,4.358634225193209,1113.0880525779764,True
sub-12,2s_2s_8-30Hz,0.00551788318340477,4.362802212622837,1065.7019984979456,True
sub-13,1s_0s_8-12Hz,0.004427007287281795,1.1381317025788582,2882.364856249283,True
sub-13,1s_0s_13-20Hz,0.004365413867887032,1.0864661894598218,2943.6200489045104,True
sub-13,1s_0s_20-30Hz,0.004361204058528677,1.0851801672315466,2948.0823144649116,True
sub-13,1s_0s_8-30Hz,0.004372893996241223,1.0964575818150046,2934.4607266517123,True
sub-13,1s_1s_8-12Hz,0.004428428453756181,1.146203954697177,2872.6676157102643,True
sub-13,1s_1s_13-20Hz,0.0043887755550695694,1.1118423285711594,2918.3991808743694,True
sub-13,1s_1s_20-30Hz,0.004377990192173949,1.1036519975222767,2928.474608133125,True
sub-13,1s_1s_8-30Hz,0.004402961010988992,1.1256330406961244,2901.475714916394,True
sub-13,1s_2s_8-12Hz,0.004448558018644138,1.165943096170432,2851.397342678837,True
sub-13,1s_2s_13-20Hz,0.004382474707599159,1.1078372909412042,2923.091944407519,True
sub-13,1s_2s_20-30Hz,0.00438669367008826,1.1129233329997237,2918.831950264278,True
sub-13,1s_2s_8-30Hz,0.004406041509099694,1.1326644801679282,2895.861102766102,True
sub-13,1s_3s_8-12Hz,0.004572882953592516,1.236902677186673,2747.4312568205696,True
sub-13,1s_3s_13-20Hz,0.0044260695974157205,1.1467195265209118,2874.307025170422,True
sub-13,1s_3s_20-30Hz,0.004411738127597941,1.1387821929742166,2890.8122849992187,True
sub-13,1s_3s_8-30Hz,0.004429183899896894,1.156230740557134,2869.0631013696884,True
sub-13,2s_0s_8-12Hz,0.002200087784943751,1.1038061954436305,5819.712456178602,True
sub-13,2s_0s_13-20Hz,0.0021829603360214154,1.067793676578909,5901.822538945725,True
sub-13,2s_0s_20-30Hz,0.002183199250582804,1.0702708956076674,5900.109471247352,True
sub-13,2s_0s_8-30Hz,0.002188570074227997,1.0813898211161492,5874.178521247917,True
sub-13,2s_1s_8-12Hz,0.0022117513224041733,1.1240051733097531,5770.068867406286,True
sub-13,2s_1s_13-20Hz,0.0021847625589016934,1.0731268674561756,5892.780924846601,True
sub-13,2s_1s_20-30Hz,0.0021880866625978504,1.0808691746548695,5877.9258264879,True
sub-13,2s_1s_8-30Hz,0.002195129290347948,1.094436905082223,5844.619059387433,True
sub-13,2s_2s_8-12Hz,0.0022472399685497255,1.1723337596716454,5640.8239182735615,True
sub-13,2s_2s_13-20Hz,0.0022000887028901144,1.1050596818584846,5820.6298434490745,True
sub-13,2s_2s_20-30Hz,0.002196649218891808,1.1001713183072024,5837.781947118836,True
sub-13,2s_2s_8-30Hz,0.0022054294847112933,1.117918365334028,5795.921906565874,True
sub-14,1s_0s_8-12Hz,0.0075569054146607,2.9082097555415816,1157.4089995901572,True
sub-14,1s_0s_13-20Hz,0.010343713128957674,4.15622464357677,663.1446338754107,True
sub-14,1s_0s_20-30Hz,0.010349199444290488,4.2332497165984595,667.9260591696972,True
sub-14,1s_0s_8-30Hz,0.010426859090305943,4.261789673690745,649.5593379867853,True
sub-14,1s_1s_8-12Hz,0.007727289421038963,2.910292401093678,1100.9155791967921,True
sub-14,1s_1s_13-20Hz,0.009859941513041173,3.975931579309538,720.1685022689376,True
sub-14,1s_1s_20-30Hz,0.010290140605960993,4.217895960783795,691.6258433107605,True
sub-14,1s_1s_8-30Hz,0.010431511056842169,4.207759244455739,635.7969842745355,True
sub-14,1s_2s_8-12Hz,0.007414875897794243,2.8121206117160877,1199.4768076393916,True
sub-14,1s_2s_13-20Hz,0.010610768548841918,4.226365755102026,651.2096542361376,True
sub-14,1s_2s_20-30Hz,0.01097051444534788,4.43910719405642,605.1222567599882,True
sub-14,1s_2s_8-30Hz,0.010329913599304944,4.217510199090645,656.5482368597961,True
sub-14,1s_3s_8-12Hz,0.007908711105622277,2.9717201838209215,1065.7425661140937,True
sub-14,1s_3s_13-20Hz,0.009945209151220774,4.004763551488991,713.0750484307516,True
sub-14,1s_3s_20-30Hz,0.010387943699305055,4.248333200796221,654.8420269890998,True
sub-14,1s_3s_8-30Hz,0.01029323124488293,4.172988422975574,646.1067531212187,True
sub-14,2s_0s_8-12Hz,0.0041313615507610505,3.1722565402143106,1928.0962470843722,True
sub-14,2s_0s_13-20Hz,0.005493075534075159,4.387389747697016,1172.6917624674793,True
sub-14,2s_0s_20-30Hz,0.005506157407934528,4.456443499315787,1216.4361849044883,True
sub-14,2s_0s_8-30Hz,0.005360334556074186,4.298194712218269,1196.7872746856879,True
sub-14,2s_1s_8-12Hz,0.004119266925181253,3.1220387141524775,1931.2946714817656,True
sub-14,2s_1s_13-20Hz,0.00554129956399224,4.405881111201845,1173.3394241394838,True
sub-14,2s_1s_20-30Hz,0.005560602745291994,4.50534606729575,1179.1358401371863,True
sub-14,2s_1s_8-30Hz,0.005387581746286894,4.304328717123682,1172.180466425661,True
sub-14,2s_2s_8-12Hz,0.004153416834043661,3.14847875168691,1928.8213985131072,True
sub-14,2s_2s_13-20Hz,0.005507762227342311,4.391621205302391,1184.126090560737,True
sub-14,2s_2s_20-30Hz,0.005638490559542327,4.536541196935419,1129.8634470923128,True
sub-14,2s_2s_8-30Hz,0.005352511225453775,4.28009185103061,1194.7471766772646,True
sub-15,1s_0s_8-12Hz,0.02019932540744821,6.51374165870669,205.65402772570778,True
sub-15,1s_0s_13-20Hz,0.030107314993282515,8.226040560735502,110.01953146640628,True
sub-15,1s_0s_20-30Hz,0.03955061380351716,9.18141769644228,75.00783352651638,True
sub-15,1s_0s_8-30Hz,0.07485555239994676,10.873782984890669,29.349936150478488,True
sub-15,1s_1s_8-12Hz,0.01969584502101141,6.483247364980864,212.8086852806993,True
sub-15,1s_1s_13-20Hz,0.02904182353757978,8.151367714554368,118.31288462245558,True
sub-15,1s_1s_20-30Hz,0.040174368607277675,9.22244586667204,73.34504636988035,True
sub-15,1s_1s_8-30Hz,0.07409010427314507,10.858038123209322,30.12836503663028,True
sub-15,1s_2s_8-12Hz,0.019901204764891336,6.509465083216957,211.37031086291555,True
sub-15,1s_2s_13-20Hz,0.02912506514620138,8.114464067570115,116.40008795271198,True
sub-15,1s_2s_20-30Hz,0.03860524347398938,9.120805913718621,74.88097705346956,True
sub-15,1s_2s_8-30Hz,0.0725530682389978,10.798012198181977,30.370317219161812,True
sub-15,1s_3s_8-12Hz,0.020003542727096497,6.538277074268453,210.80762395542078,True
sub-15,1s_3s_13-20Hz,0.030486204333640708,8.262937131981394,109.10742496155974,True
sub-15,1s_3s_20-30Hz,0.04093708506743421,9.319178991822145,69.8544710547111,True
sub-15,1s_3s_8-30Hz,0.07597944078879817,10.89601453792369,28.43063145995942,True
sub-15,2s_0s_8-12Hz,0.017171673323875876,8.53415058494544,185.9751592320278,True
sub-15,2s_0s_13-20Hz,0.0250018438808839,9.731531406964013,105.39120290615033,True
sub-15,2s_0s_20-30Hz,0.03372017455421731,10.460063969450985,69.46896241128741,True
sub-15,2s_0s_8-30Hz,0.058968167936597406,11.445946420486631,31.550927322575898,True
sub-15,2s_1s_8-12Hz,0.016939749035909037,8.493264002726992,185.46904383005057,True
sub-15,2s_1s_13-20Hz,0.02473952057993268,9.699036565465937,107.44054312092047,True
sub-15,2s_1s_20-30Hz,0.034259277741675254,10.487701718664537,68.05052083069174,True
sub-15,2s_1s_8-30Hz,0.05801160073322722,11.413625266094076,31.911391464904334,True
sub-15,2s_2s_8-12Hz,0.017594139089832643,8.619546503302882,178.03752919552358,True
sub-15,2s_2s_13-20Hz,0.027055277424303387,9.906496394616536,93.56075843862872,True
sub-15,2s_2s_20-30Hz,0.03568659413214108,10.565128377693487,63.88094579799512,True
sub-15,2s_2s_8-30Hz,0.06140920247772885,11.49590448151694,29.470567066902486,True
sub-16,1s_0s_8-12Hz,0.007028624451052153,2.695632822866363,1345.173414565489,True
sub-16,1s_0s_13-20Hz,0.009829993932438214,3.921982279856272,764.4053300366015,True
sub-16,1s_0s_20-30Hz,0.012467806959980728,4.828226328123966,535.6928826723781,True
sub-16,1s_0s_8-30Hz,0.00947696137736349,3.8895489713900213,791.9147466825879,True
sub-16,1s_1s_8-12Hz,0.007358767933862226,2.83824010358004,1251.7872111948504,True
sub-16,1s_1s_13-20Hz,0.01007351794005917,4.041057590701792,675.0964022824163,True
sub-16,1s_1s_20-30Hz,0.012555199842805958,4.8993336220670525,482.89122804328747,True
sub-16,1s_1s_8-30Hz,0.009743722741376314,4.02955732311468,751.7909132950292,True
sub-16,1s_2s_8-12Hz,0.007199989200386917,2.7559313176916262,1259.1522541562647,True
sub-16,1s_2s_13-20Hz,0.009797586631666718,3.9492121374940523,762.1452311672986,True
sub-16,1s_2s_20-30Hz,0.011819433967868925,4.653422652652304,504.63182776196044,True
sub-16,1s_2s_8-30Hz,0.00990587297421538,4.045085087970655,704.7477482085778,True
sub-16,1s_3s_8-12Hz,0.007316029006091565,2.810007994997225,1262.845030590591,True
sub-16,1s_3s_13-20Hz,0.0104891649349652,4.184115454362052,635.6353653535449,True
sub-16,1s_3s_20-30Hz,0.012136996345790137,4.746617457539829,502.51424330993285,True
sub-16,1s_3s_8-30Hz,0.009864639667518578,4.088354680749659,724.7105160971423,True
sub-16,2s_0s_8-12Hz,0.0039017140176842366,3.02547384903372,2346.2535861077836,True
sub-16,2s_0s_13-20Hz,0.005587319879913591,4.343071443357809,1193.0505318180071,True
sub-16,2s_0s_20-30Hz,0.0068907431917508396,5.166274802660194,909.4230928592842,True
sub-16,2s_0s_8-30Hz,0.005049123909684606,4.071929463100519,1466.1367222255685,True
sub-16,2s_1s_8-12Hz,0.003913299167538548,3.0516103445415155,2217.113336087419,True
sub-16,2s_1s_13-20Hz,0.005393587196037884,4.303852107139131,1223.9195999981978,True
sub-16,2s_1s_20-30Hz,0.0068127332645203775,5.142124928904423,812.935459203925,True
sub-16,2s_1s_8-30Hz,0.005103399888316733,4.153514276215825,1338.5758674444883,True
sub-16,2s_2s_8-12Hz,0.003947551318510105,3.079694295288965,2191.21887075223,True
sub-16,2s_2s_13-20Hz,0.005546377935213347,4.421096327933629,1145.1220015221802,True
sub-16,2s_2s_20-30Hz,0.006841911053785105,5.138377707854239,792.4906844857553,True
sub-16,2s_2s_8-30Hz,0.005238926076017452,4.245356380077889,1267.6956068087784,True
sub-17,1s_0s_8-12Hz,0.007587607724510845,2.9056277528992815,1117.9534270430108,True
sub-17,1s_0s_13-20Hz,0.008926594186219813,3.5779909286221505,868.666720668416,True
sub-17,1s_0s_20-30Hz,0.010614830584210613,4.3054537876156145,632.2153541546675,True
sub-17,1s_0s_8-30Hz,0.009822584120679953,3.9771132907451205,683.2506835129909,True
sub-17,1s_1s_8-12Hz,0.00811167495355756,3.104494576736814,986.339406802633,True
sub-17,1s_1s_13-20Hz,0.009487074964607625,3.819230803667913,766.943895677978,True
sub-17,1s_1s_20-30Hz,0.010445413680697343,4.198790251052256,653.371152202232,True
sub-17,1s_1s_8-30Hz,0.010342124987848521,4.125453046329088,628.0621567221846,True
sub-17,1s_2s_8-12Hz,0.00768883253329844,2.907983646162925,1101.2451128452283,True
sub-17,1s_2s_13-20Hz,0.00927876675603188,3.7394747700131967,782.4842541191948,True
sub-17,1s_2s_20-30Hz,0.010346758675199958,4.171297985335537,672.6485758202804,True
sub-17,1s_2s_8-30Hz,0.009852734283048262,3.978952367154926,687.3903489824795,True
sub-17,1s_3s_8-12Hz,0.007696615598403782,2.9487532479290466,1133.6199272149436,True
sub-17,1s_3s_13-20Hz,0.008906554603115643,3.5326015122769037,872.3557197590101,True
sub-17,1s_3s_20-30Hz,0.010579845885462952,4.269340888640334,639.4233910377907,True
sub-17,1s_3s_8-30Hz,0.009591093452497751,3.8749607422165804,748.0956117596277,True
sub-17,2s_0s_8-12Hz,0.004261185305609945,3.2680977321885196,1774.743095233241,True
sub-17,2s_0s_13-20Hz,0.004977623155553916,3.953024041916246,1366.752356922627,True
sub-17,2s_0s_20-30Hz,0.005631493939318393,4.487201230802747,1124.9070421322572,True
sub-17,2s_0s_8-30Hz,0.0052884639356430485,4.155842250122927,1155.9008889333859,True
sub-17,2s_1s_8-12Hz,0.0042296147896117835,3.2266029098060303,1823.2058395707913,True
sub-17,2s_1s_13-20Hz,0.005135481553281656,4.082734484462819,1288.1673889861836,True
sub-17,2s_1s_20-30Hz,0.005473620028783307,4.3842294025171915,1200.5746634997354,True
sub-17,2s_1s_8-30Hz,0.0052214548687337875,4.1306919431190625,1201.391742606863,True
sub-17,2s_2s_8-12Hz,0.004160136811671865,3.1862844623321687,1920.0703921236625,True
sub-17,2s_2s_13-20Hz,0.00490456270773773,3.88690298622532,1425.5079115937604,True
sub-17,2s_2s_20-30Hz,0.005514072863095665,4.415475294303613,1171.381970135033,True
sub-17,2s_2s_8-30Hz,0.0050522046138387604,4.01492032992414,1316.682654620406,True
sub-18,1s_0s_8-12Hz,0.008003762532886807,3.169143603780943,1041.4261955810198,True
sub-18,1s_0s_13-20Hz,0.009305187457912876,3.762543719171042,785.8678667377286,True
sub-18,1s_0s_20-30Hz,0.009845715444760312,3.970490763809127,716.3406122162354,True
sub-18,1s_0s_8-30Hz,0.010654745502321957,4.287159522675159,601.0551371272726,True
sub-18,1s_1s_8-12Hz,0.008458633826854928,3.350131982012571,951.7320016027257,True
sub-18,1s_1s_13-20Hz,0.00949185253161155,3.8002846759074926,759.7507784825523,True
sub-18,1s_1s_20-30Hz,0.010223336920546507,4.048304479691746,643.0081368157614,True
sub-18,1s_1s_8-30Hz,0.01081737699633337,4.34487397058812,588.844608447631,True
sub-18,1s_2s_8-12Hz,0.008786684801599314,3.4460763332347115,881.0076899932743,True
sub-18,1s_2s_13-20Hz,0.009737083281450749,3.877041399793528,726.6527994720084,True
sub-18,1s_2s_20-30Hz,0.010248036796247365,4.072808317152493,641.6231485960233,True
sub-18,1s_2s_8-30Hz,0.011027284070630649,4.409967293853859,559.3725796899431,True
sub-18,1s_3s_8-12Hz,0.007804365305283625,3.0729425535012878,1072.8023848782354,True
sub-18,1s_3s_13-20Hz,0.009492372143458454,3.7922692680247847,752.5900660743716,True
sub-18,1s_3s_20-30Hz,0.009935782769083256,3.996484323725589,682.4451882645469,True
sub-18,1s_3s_8-30Hz,0.010177134353902694,4.121513953583358,638.4206615275612,True
sub-18,2s_0s_8-12Hz,0.004559105293281256,3.6427546930933907,1639.9661697069052,True
sub-18,2s_0s_13-20Hz,0.005168748103051755,4.105625820643851,1289.16002324271,True
sub-18,2s_0s_20-30Hz,0.005415067198536167,4.2436189191510785,1147.542436631517,True
sub-18,2s_0s_8-30Hz,0.005600593322243451,4.436511413129386,1075.3937665718227,True
sub-18,2s_1s_8-12Hz,0.00490594995705163,3.8497213420610685,1440.6962371163486,True
sub-18,2s_1s_13-20Hz,0.0052595595164386735,4.126687227161011,1239.3562944975588,True
sub-18,2s_1s_20-30Hz,0.0054313072746359934,4.2562668937456625,1136.1034034810295,True
sub-18,2s_1s_8-30Hz,0.00569357640990686,4.4771920605081394,1051.5442664855689,True
sub-18,2s_2s_8-12Hz,0.004606432775718044,3.634866061593661,1597.241242191884,True
sub-18,2s_2s_13-20Hz,0.00515382279843283,4.104645463896766,1266.4933189564251,True
sub-18,2s_2s_20-30Hz,0.005400929231248336,4.253508011724589,1146.4918570190773,True
sub-18,2s_2s_8-30Hz,0.005524842949856154,4.382287602866205,1082.1280094688996,True
sub-19,1s_0s_8-12Hz,0.00826244590559869,3.2039852139824583,980.6356556456519,True
sub-19,1s_0s_13-20Hz,0.009394944305977029,3.7132599499625156,765.8731510386737,True
sub-19,1s_0s_20-30Hz,0.010283333188474292,4.066898863489717,653.5830892738517,True
sub-19,1s_0s_8-30Hz,0.010648490698078255,4.188534081700949,594.2347140157715,True
sub-19,1s_1s_8-12Hz,0.008535828237867,3.25779314584096,952.1248456642228,True
sub-19,1s_1s_13-20Hz,0.009239493285416206,3.6742420103125895,798.4652099710844,True
sub-19,1s_1s_20-30Hz,0.010617348343873447,4.199260019352314,605.6263188854033,True
sub-19,1s_1s_8-30Hz,0.010815388962480665,4.288472106007987,588.0084088419031,True
sub-19,1s_2s_8-12Hz,0.008619500155841883,3.30291739716045,897.458073892182,True
sub-19,1s_2s_13-20Hz,0.00910655701389366,3.57230855938172,805.6266367449123,True
sub-19,1s_2s_20-30Hz,0.010379001545416948,4.0672469570959,640.4318561176885,True
sub-19,1s_2s_8-30Hz,0.010659477579245036,4.203405184705258,594.5415232826591,True
sub-19,1s_3s_8-12Hz,0.008478480559372989,3.2552053709631408,949.9226548471252,True
sub-19,1s_3s_13-20Hz,0.009396143153748628,3.6311382422056324,781.3588255327948,True
sub-19,1s_3s_20-30Hz,0.010111410322007141,4.021097605561647,672.3744147226613,True
sub-19,1s_3s_8-30Hz,0.010771109293276898,4.204747233281507,582.6883647815296,True
sub-19,2s_0s_8-12Hz,0.004582030984155777,3.5614941987670035,1603.035067133003,True
sub-19,2s_0s_13-20Hz,0.005128652456712394,3.99275801755701,1293.6643118888817,True
sub-19,2s_0s_20-30Hz,0.005691969591145424,4.396079253273732,1062.5069742463622,True
sub-19,2s_0s_8-30Hz,0.005695670355857363,4.388831665554715,1038.0144366573936,True
sub-19,2s_1s_8-12Hz,0.0046554425761742135,3.6011417225736,1568.7989074650122,True
sub-19,2s_1s_13-20Hz,0.004956794930873828,3.8838293609046133,1345.9128588928513,True
sub-19,2s_1s_20-30Hz,0.00562219591551619,4.359759371313463,1096.3474325150441,True
sub-19,2s_1s_8-30Hz,0.005621806275345671,4.365772145634333,1055.2244654358415,True
sub-19,2s_2s_8-12Hz,0.004717816034863291,3.6334273772234993,1525.6880882491682,True
sub-19,2s_2s_13-20Hz,0.0049026192272074165,3.8190085893486936,1378.6720574562241,True
sub-19,2s_2s_20-30Hz,0.005525156166703973,4.2769868496187495,1119.4113904079468,True
sub-19,2s_2s_8-30Hz,0.005584932659898713,4.309988120562305,1053.8058779921034,True
sub-20,1s_0s_8-12Hz,0.008074478851023914,3.1357341592923067,1050.8352083277368,True
sub-20,1s_0s_13-20Hz,0.008573482391323498,3.3678484213132314,899.8216255713781,True
sub-20,1s_0s_20-30Hz,0.009936535163901257,3.936071370148139,691.6979922448512,True
sub-20,1s_0s_8-30Hz,0.009880173107643539,3.9558490971549247,700.7318641008573,True
sub-20,1s_1s_8-12Hz,0.008518343353284446,3.2946869850121714,954.3070427389541,True
sub-20,1s_1s_13-20Hz,0.008485183542288988,3.372896581304204,927.7799264695459,True
sub-20,1s_1s_20-30Hz,0.009765738004063057,3.9184356414917767,720.5429717379104,True
sub-20,1s_1s_8-30Hz,0.010095398607229434,4.045700684623718,662.9335199504814,True
sub-20,1s_2s_8-12Hz,0.008383538402248503,3.2907183171119456,954.3855459028606,True
sub-20,1s_2s_13-20Hz,0.008498512363103755,3.3846484293412757,944.1171267225633,True
sub-20,1s_2s_20-30Hz,0.009723983465441765,3.8740815801883812,742.3016284727007,True
sub-20,1s_2s_8-30Hz,0.009836710789106579,3.9750727363923275,699.43166877108,True
sub-20,1s_3s_8-12Hz,0.008564654821018616,3.277491972309604,914.3787346290713,True
sub-20,1s_3s_13-20Hz,0.008430447449409186,3.3202664273720286,946.3339876101002,True
sub-20,1s_3s_20-30Hz,0.009898407788450442,3.9187992326627934,713.2646291658368,True
sub-20,1s_3s_8-30Hz,0.009982071711716098,3.9827634785907193,681.0342698826987,True
sub-20,2s_0s_8-12Hz,0.004650567652023238,3.5927498994031666,1644.6593557907795,True
sub-20,2s_0s_13-20Hz,0.004430631631844341,3.50959880154491,1697.8747178861006,True
sub-20,2s_0s_20-30Hz,0.005258715632365811,4.134202215136615,1242.6674579725627,True
sub-20,2s_0s_8-30Hz,0.005093477809289067,4.038042098269652,1290.7302193763521,True
sub-20,2s_1s_8-12Hz,0.0047130367583474286,3.6693274150983384,1544.3678131911865,True
sub-20,2s_1s_13-20Hz,0.00453210236406727,3.5953547206755987,1647.4629569893455,True
sub-20,2s_1s_20-30Hz,0.005154726112327081,4.077284470175733,1286.2536041279013,True
sub-20,2s_1s_8-30Hz,0.005146984611004186,4.088816416500665,1267.7475812264604,True
sub-20,2s_2s_8-12Hz,0.004710364388490221,3.6389091465732095,1513.7348722856339,True
sub-20,2s_2s_13-20Hz,0.004432655936288009,3.5207328079576796,1704.9199600997879,True
sub-20,2s_2s_20-30Hz,0.005207718360241023,4.09237225582788,1265.1725069011077,True
sub-20,2s_2s_8-30Hz,0.005151605629168282,4.068559792963096,1257.079570259358,True
sub-21,1s_0s_8-12Hz,0.008958842039453047,3.5323099800739293,842.2310657186042,True
sub-21,1s_0s_13-20Hz,0.011387448558776487,4.421045552038379,571.8380441317795,True
sub-21,1s_0s_20-30Hz,0.010545718148127853,4.166152869384623,653.6699393672783,True
sub-21,1s_0s_8-30Hz,0.012833628229474531,4.958706451792814,444.6018465275837,True
sub-21,1s_1s_8-12Hz,0.009242705494204653,3.6672175035065684,837.6876870850608,True
sub-21,1s_1s_13-20Hz,0.011463494912907607,4.445951636944974,550.4948977056839,True
sub-21,1s_1s_20-30Hz,0.010925619075562474,4.299513750063243,578.793536128348,True
sub-21,1s_1s_8-30Hz,0.013352814243946565,5.090817581579622,415.9479778913793,True
sub-21,1s_2s_8-12Hz,0.008850603697703806,3.4776124050131587,906.9585107784035,True
sub-21,1s_2s_13-20Hz,0.010876275936295431,4.2929872328563965,586.0754346454517,True
sub-21,1s_2s_20-30Hz,0.010851370170615295,4.316331608224077,595.7779849704868,True
sub-21,1s_2s_8-30Hz,0.01280289177071207,4.972512562021972,431.06158961932533,True
sub-21,1s_3s_8-12Hz,0.00897435908461799,3.517794788928306,925.609978751374,True
sub-21,1s_3s_13-20Hz,0.010762975757098893,4.2591488915671984,629.0374693653869,True
sub-21,1s_3s_20-30Hz,0.011233515669932281,4.419020577870822,590.7298566011332,True
sub-21,1s_3s_8-30Hz,0.013127802558961527,5.056352637915891,426.6301769326419,True
sub-21,2s_0s_8-12Hz,0.0050437011448709644,4.028317450642088,1367.2231480182386,True
sub-21,2s_0s_13-20Hz,0.0063800494798259885,4.827463667696975,929.4234036330026,True
sub-21,2s_0s_20-30Hz,0.005733985468835469,4.445120691488961,1090.1489424805256,True
sub-21,2s_0s_8-30Hz,0.006849857666809909,5.135890546162995,787.2116956310363,True
sub-21,2s_1s_8-12Hz,0.004925541409054729,3.9545823645020817,1516.6497768999013,True
sub-21,2s_1s_13-20Hz,0.0062597411964528905,4.771581548603486,925.4735675793606,True
sub-21,2s_1s_20-30Hz,0.005843417120614957,4.534171562285789,1022.0560333911774,True
sub-21,2s_1s_8-30Hz,0.006912418244209201,5.155998375763401,757.0507001721014,True
sub-21,2s_2s_8-12Hz,0.0049226331253116665,3.915757480284332,1561.729578485981,True
sub-21,2s_2s_13-20Hz,0.006089518688114562,4.681374864051557,967.0136080442026,True
sub-21,2s_2s_20-30Hz,0.00588880895552673,4.5691084019252965,1062.316369165937,True
sub-21,2s_2s_8-30Hz,0.006817486263378553,5.123778530902081,778.526736047854,True
sub-22,1s_0s_8-12Hz,0.007883511568534524,3.082548947212996,1069.1510354041382,True
sub-22,1s_0s_13-20Hz,0.00934091482311428,3.767613940961392,764.3453066897321,True
sub-22,1s_0s_20-30Hz,0.009099996192001298,3.723255044805163,798.9745460611836,True
sub-22,1s_0s_8-30Hz,0.010069455987358703,4.106014367776474,649.1782653856864,True
sub-22,1s_1s_8-12Hz,0.008404134630209153,3.298580481026478,945.1253552126029,True
sub-22,1s_1s_13-20Hz,0.009469067835571655,3.8105662777260583,736.6852714534767,True
sub-22,1s_1s_20-30Hz,0.009503926807822562,3.826869901840658,751.4621751042669,True
sub-22,1s_1s_8-30Hz,0.01035545523179117,4.219639467454591,610.1121736519871,True
sub-22,1s_2s_8-12Hz,0.008444918923491068,3.323163441783278,960.753164603559,True
sub-22,1s_2s_13-20Hz,0.009097960913532354,3.6937065292534212,809.1643754563403,True
sub-22,1s_2s_20-30Hz,0.009886817583343616,4.000777900573676,686.4307644817799,True
sub-22,1s_2s_8-30Hz,0.01037953423313674,4.2217129806637335,620.3109361661457,True
sub-22,1s_3s_8-12Hz,0.008350048775351034,3.2280426443296064,948.270277280669,True
sub-22,1s_3s_13-20Hz,0.00917714832513812,3.7408020869785674,796.3627486245617,True
sub-22,1s_3s_20-30Hz,0.009913270020503292,3.986602644725477,674.3925241007935,True
sub-22,1s_3s_8-30Hz,0.010039125946291383,4.069426263067837,651.6730580234458,True
sub-22,2s_0s_8-12Hz,0.004471315732812353,3.538193469339369,1703.1614738666372,True
sub-22,2s_0s_13-20Hz,0.005091224777131045,4.058651430650783,1270.9813983819145,True
sub-22,2s_0s_20-30Hz,0.004945097630238992,3.9701706337850453,1371.7728009067073,True
sub-22,2s_0s_8-30Hz,0.005321180089383335,4.258390468689534,1146.8672039908963,True
sub-22,2s_1s_8-12Hz,0.004684681171679418,3.7027455080973013,1541.4773896823165,True
sub-22,2s_1s_13-20Hz,0.004994263099339534,3.9998755043196583,1302.4654254492325,True
sub-22,2s_1s_20-30Hz,0.005116818328780243,4.088268829602818,1296.565542197754,True
sub-22,2s_1s_8-30Hz,0.005404695831670153,4.32301241771918,1113.6234988431552,True
sub-22,2s_2s_8-12Hz,0.00457923423532334,3.606342647795434,1599.955421526643,True
sub-22,2s_2s_13-20Hz,0.004902482047260176,3.974108806772852,1377.860627971492,True
sub-22,2s_2s_20-30Hz,0.005265806851556036,4.189872522264619,1181.0805790519928,True
sub-22,2s_2s_8-30Hz,0.005311064921656698,4.247834539155153,1155.896681260761,True
sub-23,1s_0s_8-12Hz,0.007327706889503767,2.6865201853854663,1154.2041946663412,True
sub-23,1s_0s_13-20Hz,0.008319882433169008,3.19676923796442,931.387808100431,True
sub-23,1s_0s_20-30Hz,0.009580425191830624,3.7635070318477304,719.0521546778315,True
sub-23,1s_0s_8-30Hz,0.008731679899133838,3.425827132416052,839.396034451553,True
sub-23,1s_1s_8-12Hz,0.007431139508419354,2.7483339035373917,1134.4292948295974,True
sub-23,1s_1s_13-20Hz,0.008325070090809718,3.2487570787758444,923.0908591166711,True
sub-23,1s_1s_20-30Hz,0.009715102459067409,3.8196474558544464,708.736486463164,True
sub-23,1s_1s_8-30Hz,0.009077841041965731,3.5572120597106265,778.6398051066681,True
sub-23,1s_2s_8-12Hz,0.007132203464789877,2.67210179053577,1222.4295877572022,True
sub-23,1s_2s_13-20Hz,0.008755668360825466,3.3649191331972546,830.8985480849027,True
sub-23,1s_2s_20-30Hz,0.009524970099105795,3.7965756910759203,746.4504858213743,True
sub-23,1s_2s_8-30Hz,0.008975633840802744,3.5469525236988617,790.6267307439115,True
sub-23,1s_3s_8-12Hz,0.007292262684066074,2.7269580252349415,1173.7768272812573,True
sub-23,1s_3s_13-20Hz,0.008598240603350025,3.3111105069618167,918.7463146116683,True
sub-23,1s_3s_20-30Hz,0.010155471383475717,3.973828659870096,629.6987447589336,True
sub-23,1s_3s_8-30Hz,0.008942082836941981,3.528479131495159,793.484559134344,True
sub-23,2s_0s_8-12Hz,0.003918869710546463,2.90780341305737,2007.6027801768807,True
sub-23,2s_0s_13-20Hz,0.004438268422035197,3.3920512399871696,1629.9501465468775,True
sub-23,2s_0s_20-30Hz,0.005145775447277577,3.969929080489343,1235.2590274590852,True
sub-23,2s_0s_8-30Hz,0.004640195131662876,3.572442092233467,1471.7436405807985,True
sub-23,2s_1s_8-12Hz,0.003906758618473638,2.92435529583683,2058.377047187431,True
sub-23,2s_1s_13-20Hz,0.004568890614183763,3.492647112515769,1522.8799369536596,True
sub-23,2s_1s_20-30Hz,0.005140741432303278,3.9980736178171794,1258.9004894793777,True
sub-23,2s_1s_8-30Hz,0.004662786441722369,3.6135582620290423,1465.1244021731277,True
sub-23,2s_2s_8-12Hz,0.003880248418782509,2.897728602018449,2055.5385878582465,True
sub-23,2s_2s_13-20Hz,0.004671824027003899,3.5496867514179358,1466.1543861603434,True
sub-23,2s_2s_20-30Hz,0.005209056626398324,4.049775717745156,1214.7248827707087,True
sub-23,2s_2s_8-30Hz,0.00466303261491546,3.615986866588046,1442.3519428932682,True
sub-24,1s_0s_8-12Hz,0.007766584473607618,3.009880948816332,1110.7463153878475,True
sub-24,1s_0s_13-20Hz,0.009031154728870738,3.6196020667767117,839.4751878569984,True
sub-24,1s_0s_20-30Hz,0.009880341845051759,3.9540747813902497,701.6387344448158,True
sub-24,1s_0s_8-30Hz,0.00963801824233026,3.961650403485566,742.0822621994578,True
sub-24,1s_1s_8-12Hz,0.007503047987966999,2.8554744123488276,1231.5887314400338,True
sub-24,1s_1s_13-20Hz,0.009396074761667135,3.7286818444291656,801.7724109468309,True
sub-24,1s_1s_20-30Hz,0.00907866919223437,3.660444946358004,893.3363157973965,True
sub-24,1s_1s_8-30Hz,0.009149234268779186,3.7635667543651676,839.9326525908011,True
sub-24,1s_2s_8-12Hz,0.007780210821159897,3.015496699484932,1128.2316380196032,True
sub-24,1s_2s_13-20Hz,0.00878628830381258,3.5354675833627978,924.2107631787452,True
sub-24,1s_2s_20-30Hz,0.009059497983834272,3.643379161689096,878.227471923921,True
sub-24,1s_2s_8-30Hz,0.00940775177930824,3.846316239118231,820.3844135020523,True
sub-24,1s_3s_8-12Hz,0.007794933043687749,2.9971351128800263,1097.1604570547897,True
sub-24,1s_3s_13-20Hz,0.008892083311231622,3.5924087267236713,850.556109500729,True
sub-24,1s_3s_20-30Hz,0.009278629686680358,3.7778567162546723,808.507826710895,True
sub-24,1s_3s_8-30Hz,0.00954243119014921,3.907264422292166,745.4728685365195,True
sub-24,2s_0s_8-12Hz,0.0040661054594476175,3.1833983723707124,2118.7716565094925,True
sub-24,2s_0s_13-20Hz,0.004994018203454529,3.9514497731519187,1428.2542440532604,True
sub-24,2s_0s_20-30Hz,0.00493201617525342,3.9545463313409996,1468.277752729226,True
sub-24,2s_0s_8-30Hz,0.004824151229396857,3.9336914262660536,1513.8665792685563,True
sub-24,2s_1s_8-12Hz,0.004121805571180917,3.1989463500516364,2070.4474028870445,True
sub-24,2s_1s_13-20Hz,0.004890915631711686,3.8888232846560826,1478.3138307135519,True
sub-24,2s_1s_20-30Hz,0.004704777544293388,3.790757140795013,1627.3771623672014,True
sub-24,2s_1s_8-30Hz,0.004787492344474716,3.8739478936884906,1563.291342252737,True
sub-24,2s_2s_8-12Hz,0.004218546389589453,3.295737922745522,1916.819104083108,True
sub-24,2s_2s_13-20Hz,0.004704757948275485,3.8094590188051227,1561.8829575878776,True
sub-24,2s_2s_20-30Hz,0.004896662725717834,3.926165340248848,1495.2873100934908,True
sub-24,2s_2s_8-30Hz,0.004853746841327544,3.942838834909513,1471.5914095725325,True
sub-25,1s_0s_8-12Hz,0.007157376987499883,2.7060911818525306,1278.5151677979006,True
sub-25,1s_0s_13-20Hz,0.00999865748096056,4.017849058505676,740.5524096154913,True
sub-25,1s_0s_20-30Hz,0.010040595425121743,4.047991427503826,723.9793727685166,True
sub-25,1s_0s_8-30Hz,0.008988545018608083,3.687941454592606,862.8423560312929,True
sub-25,1s_1s_8-12Hz,0.006898295675493105,2.577388961019017,1379.337821942714,True
sub-25,1s_1s_13-20Hz,0.010288099298677026,4.123153795965244,714.9137318726819,True
sub-25,1s_1s_20-30Hz,0.00975101206191654,3.9506832308658533,775.1807728074118,True
sub-25,1s_1s_8-30Hz,0.008805927210151613,3.637339860995773,910.8175996261641,True
sub-25,1s_2s_8-12Hz,0.007053414756420409,2.662767117939565,1280.0190783551684,True
sub-25,1s_2s_13-20Hz,0.01004139959989456,4.093352258453829,760.4289650708752,True
sub-25,1s_2s_20-30Hz,0.009990218647566051,4.054905728636055,749.4991418591205,True
sub-25,1s_2s_8-30Hz,0.009154521400293616,3.7836080880033642,825.6424116555463,True
sub-25,1s_3s_8-12Hz,0.007446720037580783,2.8565779665125657,1184.813817527053,True
sub-25,1s_3s_13-20Hz,0.010158866488654997,4.083132607590685,742.3080995651833,True
sub-25,1s_3s_20-30Hz,0.010263162643878582,4.146463164230821,674.4252006034679,True
sub-25,1s_3s_8-30Hz,0.009585256692457592,3.9895360073990176,756.1304060990402,True
sub-25,2s_0s_8-12Hz,0.003713033280955605,2.839580954569514,2407.965183858437,True
sub-25,2s_0s_13-20Hz,0.005361583684071786,4.305385978953747,1334.0896677258286,True
sub-25,2s_0s_20-30Hz,0.005237425956959832,4.1863706750695275,1350.6749382697733,True
sub-25,2s_0s_8-30Hz,0.00454199906030108,3.7131945880781414,1693.5956540096274,True
sub-25,2s_1s_8-12Hz,0.0036998403428098897,2.8419685961361068,2372.694100895855,True
sub-25,2s_1s_13-20Hz,0.005473111611418345,4.400005765645301,1315.388294615625,True
sub-25,2s_1s_20-30Hz,0.005157656267690397,4.14878362930487,1427.6927261073565,True
sub-25,2s_1s_8-30Hz,0.00458691765090328,3.76043708429062,1655.5742524117145,True
sub-25,2s_2s_8-12Hz,0.003874479370334749,2.996979807733024,2178.6589094025003,True
sub-25,2s_2s_13-20Hz,0.005293512718904827,4.294185305149182,1387.5285548113056,True
sub-25,2s_2s_20-30Hz,0.005374422446210748,4.322871657074659,1301.1747363690336,True
sub-25,2s_2s_8-30Hz,0.004813047842033418,3.967804801498443,1486.3670326537442,True
sub-26,1s_0s_8-12Hz,0.007885322802768116,2.970214698127693,1062.0443709086371,True
sub-26,1s_0s_13-20Hz,0.0076035108854602355,3.0313551321770165,1126.5905887930162,True
sub-26,1s_0s_20-30Hz,0.005435730611332406,1.9493956544091358,2043.8874602465846,True
sub-26,1s_0s_8-30Hz,0.00705311930104512,2.8543710032674006,1274.694020082683,True
sub-26,1s_1s_8-12Hz,0.007964563802577046,3.017308713498042,998.6977749677119,True
sub-26,1s_1s_13-20Hz,0.007629557383124791,3.003935218498352,1135.4145623857416,True
sub-26,1s_1s_20-30Hz,0.005385494672041469,1.9188224333504018,2065.3260520365097,True
sub-26,1s_1s_8-30Hz,0.007264242219213755,2.9348536198168107,1218.1172382962043,True
sub-26,1s_2s_8-12Hz,0.007894557691377964,2.992956758295941,1044.5496921976119,True
sub-26,1s_2s_13-20Hz,0.007806143774595764,3.074168549488011,1133.3527405080779,True
sub-26,1s_2s_20-30Hz,0.0054581550195514595,1.9386685724684327,2075.4039909021167,True
sub-26,1s_2s_8-30Hz,0.007024134379194855,2.8385658453016864,1317.7809142517217,True
sub-26,1s_3s_8-12Hz,0.007743843924046659,2.918415535514446,1037.6130401947667,True
sub-26,1s_3s_13-20Hz,0.007595030882007645,3.015399486671748,1179.0909486114542,True
sub-26,1s_3s_20-30Hz,0.005451306659819503,1.9368565608396557,2088.320420315794,True
sub-26,1s_3s_8-30Hz,0.00702736900023756,2.8223951458554617,1322.6703489410552,True
sub-26,2s_0s_8-12Hz,0.004431323185824584,3.3152841965144857,1657.1217393545926,True
sub-26,2s_0s_13-20Hz,0.0039061855657421983,3.1468773690747622,2145.831787478099,True
sub-26,2s_0s_20-30Hz,0.0027082081827582024,1.933701884143576,4104.957044710127,True
sub-26,2s_0s_8-30Hz,0.0036287196479345184,2.929443611934663,2440.8908661862665,True
sub-26,2s_1s_8-12Hz,0.0044289311230069645,3.3528424144070734,1647.8916954742665,True
sub-26,2s_1s_13-20Hz,0.003950464063550799,3.1509656122993057,2164.1266348832064,True
sub-26,2s_1s_20-30Hz,0.002695561914796484,1.9177080030652274,4140.53578710925,True
sub-26,2s_1s_8-30Hz,0.00363844362178299,2.927156645623089,2464.637133330457,True
sub-26,2s_2s_8-12Hz,0.004313935338710542,3.2684928106741777,1692.843474044378,True
sub-26,2s_2s_13-20Hz,0.00397514357431523,3.178990519819478,2182.334963845962,True
sub-26,2s_2s_20-30Hz,0.0027367262646446613,1.9398454472695434,4154.202242282037,True
sub-26,2s_2s_8-30Hz,0.0035444691058576167,2.853991188415994,2594.945394709629,True
sub-27,1s_0s_8-12Hz,0.007231021733900581,2.7468782415077264,1244.32265805382,True
sub-27,1s_0s_13-20Hz,0.009839407219776327,3.9203673374694916,714.2985214856751,True
sub-27,1s_0s_20-30Hz,0.009662586434913235,3.91021762852546,726.7760067146253,True
sub-27,1s_0s_8-30Hz,0.009629697024675515,3.8767608697985834,740.8978020711148,True
sub-27,1s_1s_8-12Hz,0.0068168157533522065,2.5269276073789184,1381.9104448594467,True
sub-27,1s_1s_13-20Hz,0.009976535216868957,3.929336566954327,688.476990251282,True
sub-27,1s_1s_20-30Hz,0.00997862956000258,4.013556428205706,679.6167243752519,True
sub-27,1s_1s_8-30Hz,0.009039281466169901,3.640276221947572,834.7807898045403,True
sub-27,1s_2s_8-12Hz,0.006513829152116233,2.4039983458142196,1518.1285570082453,True
sub-27,1s_2s_13-20Hz,0.00966890930418201,3.858398216242905,721.6302211696202,True
sub-27,1s_2s_20-30Hz,0.010142336103084244,4.036420316917616,666.184560515683,True
sub-27,1s_2s_8-30Hz,0.008638422790015152,3.5224134040105417,912.6465280123368,True
sub-27,1s_3s_8-12Hz,0.006960757232701559,2.6082794183052664,1307.7379382546612,True
sub-27,1s_3s_13-20Hz,0.00982462028801787,3.8798596772588154,709.1967377549809,True
sub-27,1s_3s_20-30Hz,0.009906594424453572,4.002208889650433,713.6838518440097,True
sub-27,1s_3s_8-30Hz,0.009439531989026109,3.762934565818449,776.2143876224652,True
sub-27,2s_0s_8-12Hz,0.0037473921017926936,2.860512995814804,2322.427298225811,True
sub-27,2s_0s_13-20Hz,0.005394022088640045,4.2157031867160715,1194.4866434377175,True
sub-27,2s_0s_20-30Hz,0.005258892736043877,4.183580090752867,1229.2450300436421,True
sub-27,2s_0s_8-30Hz,0.0048886484709264695,3.89074225256689,1421.24483899689,True
sub-27,2s_1s_8-12Hz,0.003506021721321391,2.6495118693352966,2655.2607144173066,True
sub-27,2s_1s_13-20Hz,0.005358436885108804,4.210829022888996,1198.0616804458514,True
sub-27,2s_1s_20-30Hz,0.00534279802860755,4.232886725008093,1197.3012750259225,True
sub-27,2s_1s_8-30Hz,0.004595103944612389,3.691539693852293,1607.6157127289957,True
sub-27,2s_2s_8-12Hz,0.003644041528780971,2.747323252585351,2472.982696677194,True
sub-27,2s_2s_13-20Hz,0.005366374691507282,4.195648808960055,1186.8838279290649,True
sub-27,2s_2s_20-30Hz,0.005357403947717774,4.245736992169638,1204.9299701179848,True
sub-27,2s_2s_8-30Hz,0.004782212522638007,3.7880855343917013,1498.6904590820661,True
sub-28,1s_0s_8-12Hz,0.007929067198550637,3.082439831022271,1049.0476211501264,True
sub-28,1s_0s_13-20Hz,0.008228804059880076,3.189261115409736,958.0272142976794,True
sub-28,1s_0s_20-30Hz,0.009625190671442395,3.8066242501042296,730.1172938720359,True
sub-28,1s_0s_8-30Hz,0.009312590707814587,3.6573502369516655,737.1271096187386,True
sub-28,1s_1s_8-12Hz,0.008366011182704573,3.2384494086440703,976.2001878110574,True
sub-28,1s_1s_13-20Hz,0.008407751520375024,3.2615826067981404,941.2909830066119,True
sub-28,1s_1s_20-30Hz,0.009805370363198746,3.839645560411488,708.248743983875,True
sub-28,1s_1s_8-30Hz,0.009500414918062822,3.7626505028103097,727.7184902459891,True
sub-28,1s_2s_8-12Hz,0.008480873632097837,3.2757517754446743,951.152813838725,True
sub-28,1s_2s_13-20Hz,0.008577821073779085,3.305610030835196,894.1922764708688,True
sub-28,1s_2s_20-30Hz,0.009917717027243879,3.8679101477324265,686.3826243674262,True
sub-28,1s_2s_8-30Hz,0.009850379453461218,3.8353772702578928,675.1456385856999,True
sub-28,1s_3s_8-12Hz,0.008353255972941379,3.1858736579210274,1002.1361822955889,True
sub-28,1s_3s_13-20Hz,0.00815783156196482,3.1801482893172066,993.2683340669806,True
sub-28,1s_3s_20-30Hz,0.009580441912991105,3.767847308090869,735.3988202581897,True
sub-28,1s_3s_8-30Hz,0.009428242246972985,3.7186676044657228,748.515486201201,True
sub-28,2s_0s_8-12Hz,0.004490826292639699,3.4971209436496276,1674.2866934864123,True
sub-28,2s_0s_13-20Hz,0.004469665877020579,3.4177457712172368,1594.2097847329144,True
sub-28,2s_0s_20-30Hz,0.005125040178417683,3.9847084684231033,1292.5471173211795,True
sub-28,2s_0s_8-30Hz,0.00490200332105251,3.7871189048261313,1325.4419212103955,True
sub-28,2s_1s_8-12Hz,0.004679488140781089,3.5976872533749265,1570.5508211408437,True
sub-28,2s_1s_13-20Hz,0.004465112078494139,3.4489206122370946,1629.6687964944,True
sub-28,2s_1s_20-30Hz,0.005281629333449289,4.049938891404283,1221.9707528166691,True
sub-28,2s_1s_8-30Hz,0.0050087883895179024,3.869709934721789,1294.9671913468758,True
sub-28,2s_2s_8-12Hz,0.004654776405653408,3.586360996796541,1608.4681067794977,True
sub-28,2s_2s_13-20Hz,0.0044811238741203,3.455841545065616,1626.229979345511,True
sub-28,2s_2s_20-30Hz,0.005261815791836643,4.0315293961801455,1208.4916868183527,True
sub-28,2s_2s_8-30Hz,0.005009037954298136,3.8588618444284877,1305.6359663107855,True
sub-29,1s_0s_8-12Hz,0.00788712174120795,3.05925251938178,1029.9508909752365,True
sub-29,1s_0s_13-20Hz,0.009089951275143783,3.625418113999602,811.7814306343441,True
sub-29,1s_0s_20-30Hz,0.009085394987889187,3.6406337708246452,813.9783295784039,True
sub-29,1s_0s_8-30Hz,0.009684027961794224,3.9356931226305547,690.1857033813636,True
sub-29,1s_1s_8-12Hz,0.008079094533115314,3.081631334554287,995.9186704698377,True
sub-29,1s_1s_13-20Hz,0.009270244355634588,3.689250056474402,786.7354595812171,True
sub-29,1s_1s_20-30Hz,0.009009566939143291,3.611807337333262,811.6500922067274,True
sub-29,1s_1s_8-30Hz,0.009821266568841271,3.9657317336950584,672.5451304065743,True
sub-29,1s_2s_8-12Hz,0.008076320893381035,3.1329765689294526,1031.509046829887,True
sub-29,1s_2s_13-20Hz,0.008955783951896102,3.570263787896586,839.1611470222176,True
sub-29,1s_2s_20-30Hz,0.00915862647551133,3.678785843453744,791.206518167896,True
sub-29,1s_2s_8-30Hz,0.009771327954505133,3.9503148486774933,698.1095123090025,True
sub-29,1s_3s_8-12Hz,0.007678240148391288,2.9559435815474626,1098.905958448369,True
sub-29,1s_3s_13-20Hz,0.009411101127246059,3.7111722170572348,732.3608497523451,True
sub-29,1s_3s_20-30Hz,0.00909318767948429,3.6216262908857204,792.7052231851494,True
sub-29,1s_3s_8-30Hz,0.009733647857365007,3.9127263672202943,675.9119804273321,True
sub-29,2s_0s_8-12Hz,0.004294678987642549,3.3361078194846003,1746.1270738165017,True
sub-29,2s_0s_13-20Hz,0.0049237636702673905,3.893842890077379,1372.6998339061797,True
sub-29,2s_0s_20-30Hz,0.00472693815612117,3.7624049269254973,1498.670528239479,True
sub-29,2s_0s_8-30Hz,0.005057518053617115,4.031013910932375,1256.5308526590375,True
sub-29,2s_1s_8-12Hz,0.0043582237366985655,3.383976005681215,1729.7425976832142,True
sub-29,2s_1s_13-20Hz,0.004856550006497911,3.8723138433233926,1433.6798609104746,True
sub-29,2s_1s_20-30Hz,0.0047909321971422,3.817903159927313,1440.3850409954302,True
sub-29,2s_1s_8-30Hz,0.00505914281092425,4.045898931229408,1268.223826140738,True
sub-29,2s_2s_8-12Hz,0.0042303249147995275,3.3039633629221017,1845.4825185674847,True
sub-29,2s_2s_13-20Hz,0.004884798637146784,3.860359476405358,1366.9513379673804,True
sub-29,2s_2s_20-30Hz,0.004775749607869374,3.8010392508811393,1444.4685274238605,True
sub-29,2s_2s_8-30Hz,0.005044223948350392,4.003165329659099,1265.9074601888715,True
sub-30,1s_0s_8-12Hz,0.008846872260227973,3.570988816052137,929.4939673869685,True
sub-30,1s_0s_13-20Hz,0.009580811388098838,3.9134475875115227,767.4399684516915,True
sub-30,1s_0s_20-30Hz,0.009677055216698352,3.96695081380996,724.403863484966,True
sub-30,1s_0s_8-30Hz,0.010765573390458517,4.46317083550839,595.3592232847395,True
sub-30,1s_1s_8-12Hz,0.009597888170593625,3.82476701014699,764.2854628585467,True
sub-30,1s_1s_13-20Hz,0.00989990722079749,4.042828655849027,708.4095364445323,True
sub-30,1s_1s_20-30Hz,0.010178170154627755,4.221475369457392,648.3175201969576,True
sub-30,1s_1s_8-30Hz,0.011745763217062178,4.788486083575265,503.2148510592042,True
sub-30,1s_2s_8-12Hz,0.009084021613765451,3.656844998690462,881.0062706171148,True
sub-30,1s_2s_13-20Hz,0.010096277207057077,4.078631138636739,679.5561498351477,True
sub-30,1s_2s_20-30Hz,0.010154758370069138,4.1955839385113185,692.006562407664,True
sub-30,1s_2s_8-30Hz,0.011412067002942766,4.674572411986022,528.2804099709278,True
sub-30,1s_3s_8-12Hz,0.009248348096333476,3.727854550860967,845.5467087893337,True
sub-30,1s_3s_13-20Hz,0.00939157614559626,3.8327159736243317,809.0916562867931,True
sub-30,1s_3s_20-30Hz,0.009901728500417128,4.091672493037979,696.3470430951241,True
sub-30,1s_3s_8-30Hz,0.010903230641263948,4.5073151039141255,623.122622188419,True
sub-30,2s_0s_8-12Hz,0.005174285242623898,4.20104609762418,1387.5813221532933,True
sub-30,2s_0s_13-20Hz,0.00532132180035054,4.2944554951655425,1252.6944066529466,True
sub-30,2s_0s_20-30Hz,0.0052882655115481505,4.295352931495517,1178.3054477505186,True
sub-30,2s_0s_8-30Hz,0.0058568876700558796,4.728798660246229,999.5726062079935,True
sub-30,2s_1s_8-12Hz,0.005235921947510336,4.242411533140373,1370.566364516156,True
sub-30,2s_1s_13-20Hz,0.005445582153202981,4.413510854078304,1175.962948799502,True
sub-30,2s_1s_20-30Hz,0.005457350522394845,4.458831278107426,1136.8710447169183,True
sub-30,2s_1s_8-30Hz,0.0060703703699094115,4.875125228785453,927.3903956365815,True
sub-30,2s_2s_8-12Hz,0.004973024699628821,4.136205096824575,1458.3110223091883,True
sub-30,2s_2s_13-20Hz,0.005123415399026352,4.197758300981261,1328.1075445595482,True
sub-30,2s_2s_20-30Hz,0.005332410219976375,4.375495206496461,1197.291550173816,True
sub-30,2s_2s_8-30Hz,0.005720854205331841,4.690347453383765,1050.915116734202,True
sub-31,1s_0s_8-12Hz,0.0077062903267541534,2.995200745790066,1128.940143629853,True
sub-31,1s_0s_13-20Hz,0.009588775721845959,3.858486867672634,746.327644720541,True
sub-31,1s_0s_20-30Hz,0.010803805482326711,4.364545883129068,604.3455782693252,True
sub-31,1s_0s_8-30Hz,0.009989303024026387,4.087676074051322,690.0242464432152,True
sub-31,1s_1s_8-12Hz,0.0077119860856034285,2.952936640087016,1112.6539699486846,True
sub-31,1s_1s_13-20Hz,0.009609917356017036,3.917685262245469,757.2364651019145,True
sub-31,1s_1s_20-30Hz,0.010714609251999251,4.2999620064841135,614.3982136032004,True
sub-31,1s_1s_8-30Hz,0.010076975834514007,4.1119420185367135,666.157767613651,True
sub-31,1s_2s_8-12Hz,0.00796362872700867,3.067095374288887,1051.8019990513583,True
sub-31,1s_2s_13-20Hz,0.009669200077659684,3.9343917934745747,730.776358940722,True
sub-31,1s_2s_20-30Hz,0.010899757152455761,4.381474905596052,606.5056626530784,True
sub-31,1s_2s_8-30Hz,0.010321379877105899,4.186875256797831,641.3797982636474,True
sub-31,1s_3s_8-12Hz,0.008017891497729242,3.1010827160670162,1032.4508091570121,True
sub-31,1s_3s_13-20Hz,0.009656080120014097,3.9003900367176882,745.3261829849606,True
sub-31,1s_3s_20-30Hz,0.0108558636296502,4.351788577507039,602.9883659504716,True
sub-31,1s_3s_8-30Hz,0.010221321997708602,4.143964337393314,643.8248708387964,True
sub-31,2s_0s_8-12Hz,0.004260337952667647,3.302197600458043,1819.0245659953027,True
sub-31,2s_0s_13-20Hz,0.005192903211023309,4.150551279167256,1313.1228085207986,True
sub-31,2s_0s_20-30Hz,0.005835347829919171,4.6161191223585245,1025.700682322114,True
sub-31,2s_0s_8-30Hz,0.005223953597376102,4.208024035600521,1233.2384730615172,True
sub-31,2s_1s_8-12Hz,0.004237238347645336,3.2850781506973603,1865.5343283079135,True
sub-31,2s_1s_13-20Hz,0.0052148376652418294,4.224536680169669,1284.3440056739153,True
sub-31,2s_1s_20-30Hz,0.005745726329908876,4.5536004999245145,1068.4658321693234,True
sub-31,2s_1s_8-30Hz,0.005273136567241356,4.236719280747947,1213.0530951684123,True
sub-31,2s_2s_8-12Hz,0.004400356272548331,3.397165610515691,1691.39951827369,True
sub-31,2s_2s_13-20Hz,0.005203735368470533,4.202656758028628,1259.3973183093963,True
sub-31,2s_2s_20-30Hz,0.00579052531304381,4.596708328053737,1056.1792272276955,True
sub-31,2s_2s_8-30Hz,0.005339783211284843,4.264889766996333,1156.092061517032,True
sub-32,1s_0s_8-12Hz,0.008394033146404144,3.285831401245095,962.6861561043739,True
sub-32,1s_0s_13-20Hz,0.009354149959016667,3.7067286416034504,752.0881018551376,True
sub-32,1s_0s_20-30Hz,0.010351925817590573,4.204376628873056,623.1473731101205,True
sub-32,1s_0s_8-30Hz,0.01040104572668734,4.215192701283837,588.8632951296182,True
sub-32,1s_1s_8-12Hz,0.008089825850834748,3.176032205558279,1011.261502583764,True
sub-32,1s_1s_13-20Hz,0.009300296544464657,3.6980071190277357,762.6274722194394,True
sub-32,1s_1s_20-30Hz,0.010129883352732367,4.110990601490684,653.5436564921447,True
sub-32,1s_1s_8-30Hz,0.010215949641863998,4.156686024121359,621.9780761788954,True
sub-32,1s_2s_8-12Hz,0.007946966204379543,3.104904976938264,1034.6998550896358,True
sub-32,1s_2s_13-20Hz,0.008938291647080137,3.5946077773823157,826.1437684496705,True
sub-32,1s_2s_20-30Hz,0.010266606803879702,4.163739207232617,659.8216738188836,True
sub-32,1s_2s_8-30Hz,0.010103086149671463,4.113900958053629,627.791105839704,True
sub-32,1s_3s_8-12Hz,0.00796557986725473,3.1002222821917265,1041.3310422101847,True
sub-32,1s_3s_13-20Hz,0.009057721964118989,3.610111334413806,796.7005101479433,True
sub-32,1s_3s_20-30Hz,0.010350690361510794,4.18638855308387,642.7705998286247,True
sub-32,1s_3s_8-30Hz,0.010188749383520218,4.132588669716236,638.2593561218673,True
sub-32,2s_0s_8-12Hz,0.004544668074050672,3.619489358475795,1614.7042542532308,True
sub-32,2s_0s_13-20Hz,0.004942557928132466,3.9112575370384306,1319.5523596117523,True
sub-32,2s_0s_20-30Hz,0.005498750133099542,4.381233164782195,1097.1699692384514,True
sub-32,2s_0s_8-30Hz,0.005392471268284247,4.286688527303457,1082.1474589399597,True
sub-32,2s_1s_8-12Hz,0.004406961143343128,3.487701680945121,1689.1862840180888,True
sub-32,2s_1s_13-20Hz,0.004872691719499208,3.8909521456283374,1383.6976372121867,True
sub-32,2s_1s_20-30Hz,0.0054939836163595945,4.38161549574575,1098.972211342627,True
sub-32,2s_1s_8-30Hz,0.005325041582827107,4.24521239989693,1113.4928819121394,True
sub-32,2s_2s_8-12Hz,0.004352321704201865,3.431701440192925,1743.806565568236,True
sub-32,2s_2s_13-20Hz,0.00482985534706535,3.8429497635479897,1395.487290132824,True
sub-32,2s_2s_20-30Hz,0.005473834356614734,4.385360765928054,1136.485382587924,True
sub-32,2s_2s_8-30Hz,0.005261740838252722,4.202425427592259,1151.3918388856532,True
sub-33,1s_0s_8-12Hz,0.008459483327651948,3.278082837556952,981.6487084569729,True
sub-33,1s_0s_13-20Hz,0.01028202961649508,4.094035404508442,690.1984493426069,True
sub-33,1s_0s_20-30Hz,0.00819560329889411,3.3451830546260757,1124.8806678627266,True
sub-33,1s_0s_8-30Hz,0.010664469988821415,4.351082646785409,669.9914704673753,True
sub-33,1s_1s_8-12Hz,0.008704101409361328,3.3791705521541133,939.4261224451935,True
sub-33,1s_1s_13-20Hz,0.009776313032796666,3.943636543207682,788.0597143530697,True
sub-33,1s_1s_20-30Hz,0.00793617699615801,3.2354889205423683,1185.8540197105087,True
sub-33,1s_1s_8-30Hz,0.010308440612026733,4.209601277216794,748.5488327083954,True
sub-33,1s_2s_8-12Hz,0.008445017200541409,3.325576577593824,967.1999511916699,True
sub-33,1s_2s_13-20Hz,0.010146460199525503,4.016237588897547,718.0746481110043,True
sub-33,1s_2s_20-30Hz,0.008066320280789246,3.3191105101793688,1110.2291906489227,True
sub-33,1s_2s_8-30Hz,0.010163074194921084,4.192167943763553,709.704445957291,True
sub-33,1s_3s_8-12Hz,0.008923188316234645,3.4275086174011227,862.4988541406641,True
sub-33,1s_3s_13-20Hz,0.010004334843535379,4.039742246813885,732.3445654992798,True
sub-33,1s_3s_20-30Hz,0.008059266417661326,3.266951139482228,1108.33054157889,True
sub-33,1s_3s_8-30Hz,0.010390002351137202,4.269625051260022,678.264978031468,True
sub-33,2s_0s_8-12Hz,0.004755855646751432,3.735312276289733,1618.9936370077153,True
sub-33,2s_0s_13-20Hz,0.005494624483675682,4.341289286356442,1300.359682910607,True
sub-33,2s_0s_20-30Hz,0.004038274948268687,3.352436776571379,2264.8640884079578,True
sub-33,2s_0s_8-30Hz,0.005474676988815086,4.3789155746403035,1374.2637187922285,True
sub-33,2s_1s_8-12Hz,0.004742407710320826,3.708118915325405,1642.0131469338344,True
sub-33,2s_1s_13-20Hz,0.005347651692534704,4.233084650943988,1383.7794677414633,True
sub-33,2s_1s_20-30Hz,0.004095089728787988,3.3697827106167573,2243.4854576043176,True
sub-33,2s_1s_8-30Hz,0.005275827357278248,4.262074058540823,1429.2912732457476,True
sub-33,2s_2s_8-12Hz,0.004901774931151094,3.8067122430282923,1440.8493924514544,True
sub-33,2s_2s_13-20Hz,0.005439590498768243,4.342207625892571,1226.7977919874945,True
sub-33,2s_2s_20-30Hz,0.004136810589968791,3.3924654267477536,2136.6095688066353,True
sub-33,2s_2s_8-30Hz,0.005299591654803095,4.325996237384388,1302.781395753082,True
sub-34,1s_0s_8-12Hz,0.008349107075287831,3.279135676103434,974.8040246096541,True
sub-34,1s_0s_13-20Hz,0.009539094512328494,3.8199046200972475,771.0401703607956,True
sub-34,1s_0s_20-30Hz,0.010154855734687513,4.088550386702127,657.2307904274523,True
sub-34,1s_0s_8-30Hz,0.010666077095621892,4.292264049569131,601.0359550202842,True
sub-34,1s_1s_8-12Hz,0.008514281413276072,3.3077792474088215,906.2966511089604,True
sub-34,1s_1s_13-20Hz,0.00932128197229792,3.739683965004498,795.9313825145009,True
sub-34,1s_1s_20-30Hz,0.010080981097143964,4.051411495153897,688.3907513280833,True
sub-34,1s_1s_8-30Hz,0.01056452049235001,4.2236649134557585,605.2247009165196,True
sub-34,1s_2s_8-12Hz,0.00846621733988422,3.2949143553008895,957.6087596970865,True
sub-34,1s_2s_13-20Hz,0.009650783738140763,3.8643559027278087,751.1159209063494,True
sub-34,1s_2s_20-30Hz,0.009666098587732902,3.9246011800867477,733.4575323881562,True
sub-34,1s_2s_8-30Hz,0.010851945794257717,4.339437638455447,589.0767356095573,True
sub-34,1s_3s_8-12Hz,0.008499883072738738,3.2989120905646585,944.5369826212994,True
sub-34,1s_3s_13-20Hz,0.009304969408878878,3.740524852439622,786.3393394314107,True
sub-34,1s_3s_20-30Hz,0.00992047190479144,3.988477690209018,705.3727573812318,True
sub-34,1s_3s_8-30Hz,0.010396353296447598,4.1429899785430395,626.639495127306,True
sub-34,2s_0s_8-12Hz,0.004711095108553359,3.7162518759173198,1491.9932374902478,True
sub-34,2s_0s_13-20Hz,0.0051183288346297266,4.082188666229728,1348.7053266112612,True
sub-34,2s_0s_20-30Hz,0.005374300817134185,4.294374266870312,1174.6629189890136,True
sub-34,2s_0s_8-30Hz,0.005559180770170434,4.390777842107357,1083.327505460998,True
sub-34,2s_1s_8-12Hz,0.004846240509994673,3.7728103451706287,1459.5981116679948,True
sub-34,2s_1s_13-20Hz,0.005116749468853436,4.091500563779389,1340.666412935445,True
sub-34,2s_1s_20-30Hz,0.005254013162570648,4.215663736913425,1240.1376693564303,True
sub-34,2s_1s_8-30Hz,0.005632274265188609,4.413758314388166,1089.5783001498269,True
sub-34,2s_2s_8-12Hz,0.004853050577918336,3.76325515411708,1538.0890380986016,True
sub-34,2s_2s_13-20Hz,0.005210642866930275,4.1239987922640875,1287.3651302149149,True
sub-34,2s_2s_20-30Hz,0.00522540731727091,4.174638706717082,1256.8182726059113,True
sub-34,2s_2s_8-30Hz,0.005638743093643241,4.380737410571115,1102.8716685170943,True
sub-35,1s_0s_8-12Hz,0.008331814318309972,3.3517089020665645,989.675989415209,True
sub-35,1s_0s_13-20Hz,0.011463186917987913,4.617324061874521,585.4584962582668,True
sub-35,1s_0s_20-30Hz,0.00997997223863815,4.0367913522499475,792.3014090324832,True
sub-35,1s_0s_8-30Hz,0.011600907994596737,4.823543311786986,570.0934249785108,True
sub-35,1s_1s_8-12Hz,0.007924697170063668,3.133046945630084,1053.5616652756423,True
sub-35,1s_1s_13-20Hz,0.011541922514970885,4.6200291289945,576.422583126058,True
sub-35,1s_1s_20-30Hz,0.009086126891427276,3.7853052694058844,872.7961600236216,True
sub-35,1s_1s_8-30Hz,0.010833970519444916,4.535205337920741,624.1926473003671,True
sub-35,1s_2s_8-12Hz,0.008562554740198269,3.371081644153243,944.0358748375256,True
sub-35,1s_2s_13-20Hz,0.01158010645810812,4.569707301592382,630.7745439044368,True
sub-35,1s_2s_20-30Hz,0.009533253090644874,3.9001440122195605,816.0100571759567,True
sub-35,1s_2s_8-30Hz,0.011378335318638601,4.670145899899871,608.6196770967084,True
sub-35,1s_3s_8-12Hz,0.008636408030894467,3.374160761077377,942.8028600068959,True
sub-35,1s_3s_13-20Hz,0.010967735352245891,4.456556601700733,655.2096135561085,True
sub-35,1s_3s_20-30Hz,0.009735055995901843,3.9795571283954785,768.5151577583904,True
sub-35,1s_3s_8-30Hz,0.011830401609727476,4.800393658741799,550.0575110268077,True
sub-35,2s_0s_8-12Hz,0.004473792524546009,3.635356753956027,1732.0931676550676,True
sub-35,2s_0s_13-20Hz,0.0063948573670569876,5.070954081840574,967.5977239923452,True
sub-35,2s_0s_20-30Hz,0.005026082543167142,4.1217031093338905,1524.4355954612643,True
sub-35,2s_0s_8-30Hz,0.005931587464456826,4.873424637268663,1082.54051756581,True
sub-35,2s_1s_8-12Hz,0.004437141029484127,3.5699299637507833,1771.7335938625838,True
sub-35,2s_1s_13-20Hz,0.0064178347113147405,5.013757185883497,1038.6635202496814,True
sub-35,2s_1s_20-30Hz,0.004945766057865614,4.056234992893819,1524.3363089010784,True
sub-35,2s_1s_8-30Hz,0.005768665232425153,4.721114340835615,1153.8926119110724,True
sub-35,2s_2s_8-12Hz,0.004712810545615761,3.753889484207922,1594.92466421472,True
sub-35,2s_2s_13-20Hz,0.006279747410647648,4.940103869258211,1089.8235995695497,True
sub-35,2s_2s_20-30Hz,0.005046432930324618,4.116578392997731,1461.012431949283,True
sub-35,2s_2s_8-30Hz,0.006112131177009065,4.897656431241489,1048.6461456430538,True
sub-36,1s_0s_8-12Hz,0.007735090203387439,3.0354958327905086,1089.0834118676175,True
sub-36,1s_0s_13-20Hz,0.010952331932177562,4.468045066023147,614.9802604368596,True
sub-36,1s_0s_20-30Hz,0.01171230605324237,4.837974214118399,529.4997003840086,True
sub-36,1s_0s_8-30Hz,0.010457473308713407,4.415296141888055,626.1807710852814,True
sub-36,1s_1s_8-12Hz,0.008256806855768323,3.2250600056829297,959.5156909314468,True
sub-36,1s_1s_13-20Hz,0.010782800934895882,4.425134322224077,621.5923968185086,True
sub-36,1s_1s_20-30Hz,0.012104080856175656,4.994190597259626,503.71705590571645,True
sub-36,1s_1s_8-30Hz,0.010920441581245669,4.550035200881514,570.1485199424367,True
sub-36,1s_2s_8-12Hz,0.0079914318839201,3.1378046306093266,1025.047994539834,True
sub-36,1s_2s_13-20Hz,0.011403117809402674,4.576200667963309,554.2916052322207,True
sub-36,1s_2s_20-30Hz,0.01168941940009024,4.806939500665325,536.1180458848117,True
sub-36,1s_2s_8-30Hz,0.010929562035201588,4.552748376268633,567.0612976341375,True
sub-36,1s_3s_8-12Hz,0.0082803757565277,3.225715959458017,988.9581547665966,True
sub-36,1s_3s_13-20Hz,0.011198207252712792,4.553291595516093,575.2147250344601,True
sub-36,1s_3s_20-30Hz,0.012660664640559488,5.076019537305562,478.3598488663255,True
sub-36,1s_3s_8-30Hz,0.011081822720240603,4.5906114166013365,580.5244506291189,True
sub-36,2s_0s_8-12Hz,0.00433318645832279,3.468334026809758,1720.0324765123266,True
sub-36,2s_0s_13-20Hz,0.005964648071650867,4.864259911336135,1017.6820736623079,True
sub-36,2s_0s_20-30Hz,0.0064242725729402,5.213483090256452,887.4402757336463,True
sub-36,2s_0s_8-30Hz,0.005620589309011442,4.626543603523541,1067.5883270491336,True
sub-36,2s_1s_8-12Hz,0.004447303276002011,3.555510128614766,1657.4772480984968,True
sub-36,2s_1s_13-20Hz,0.0061667730923960825,4.941568471351029,937.7566286425305,True
sub-36,2s_1s_20-30Hz,0.0064383462783244,5.224691829161581,891.5694551140434,True
sub-36,2s_1s_8-30Hz,0.005773143680914962,4.714077336800512,1007.0015439920196,True
sub-36,2s_2s_8-12Hz,0.004531522697874545,3.601822494046057,1605.95783917377,True
sub-36,2s_2s_13-20Hz,0.006209246434220186,4.998735499398066,940.3428019556271,True
sub-36,2s_2s_20-30Hz,0.006711704692559934,5.328645626355955,833.6039094324879,True
sub-36,2s_2s_8-30Hz,0.005869738292762696,4.773026474293763,996.1610091977502,True
sub-37,1s_0s_8-12Hz,0.0079291098738395,3.147984072232855,1075.6038504302057,True
sub-37,1s_0s_13-20Hz,0.009138147895995433,3.616398881681897,813.4128723953905,True
sub-37,1s_0s_20-30Hz,0.010496255542398766,4.114005772685482,613.5492595749042,True
sub-37,1s_0s_8-30Hz,0.010239790029897385,4.105668338659557,639.0135124588314,True
sub-37,1s_1s_8-12Hz,0.007168746433082787,2.7455069636747376,1372.5414401050275,True
sub-37,1s_1s_13-20Hz,0.009309415222140117,3.6378724706967773,786.3728343883284,True
sub-37,1s_1s_20-30Hz,0.010557080807081167,4.164532465546944,618.0366033934799,True
sub-37,1s_1s_8-30Hz,0.00978823773513846,3.915739225078846,726.8341200271905,True
sub-37,1s_2s_8-12Hz,0.007047558365460957,2.6528698797367496,1383.4558429944798,True
sub-37,1s_2s_13-20Hz,0.009039783578117942,3.6090003572571847,808.5726778811338,True
sub-37,1s_2s_20-30Hz,0.010246106969403219,4.086188495345484,648.8565922446838,True
sub-37,1s_2s_8-30Hz,0.009188497258581367,3.7295232426042384,804.0755437791366,True
sub-37,1s_3s_8-12Hz,0.007139666418579327,2.7377761306196042,1341.4651857195079,True
sub-37,1s_3s_13-20Hz,0.009248360054811795,3.6800289597946296,789.3820922116307,True
sub-37,1s_3s_20-30Hz,0.010302445742410812,4.041251692103602,646.8671915529528,True
sub-37,1s_3s_8-30Hz,0.009340754302344803,3.7736333797788943,792.8307052257202,True
sub-37,2s_0s_8-12Hz,0.0038952207802659933,3.0833015081429376,2298.506728011872,True
sub-37,2s_0s_13-20Hz,0.004971290404197873,3.8686626317018087,1334.1076149263426,True
sub-37,2s_0s_20-30Hz,0.005821943043907531,4.442083140044996,1001.9973683824152,True
sub-37,2s_0s_8-30Hz,0.005095553169760769,4.053139846415237,1276.8524447816303,True
sub-37,2s_1s_8-12Hz,0.003849003682204098,2.976841286511447,2487.9841026567815,True
sub-37,2s_1s_13-20Hz,0.0050249350641952085,3.928887053720289,1293.8007462796006,True
sub-37,2s_1s_20-30Hz,0.005660882779049689,4.382606864209254,1071.180892802226,True
sub-37,2s_1s_8-30Hz,0.0049143501869054335,3.924659321677691,1414.9838636372892,True
sub-37,2s_2s_8-12Hz,0.0037184860344920355,2.8846714871757606,2536.1356247563517,True
sub-37,2s_2s_13-20Hz,0.004981114452745345,3.9309518851259546,1327.349783937448,True
sub-37,2s_2s_20-30Hz,0.005577411365563796,4.311258667426299,1094.0073461162747,True
sub-37,2s_2s_8-30Hz,0.004833028045580388,3.8602477291960136,1470.027643732518,True
sub-38,1s_0s_8-12Hz,0.009598695462122482,3.8463447990141058,767.334300661485,True
sub-38,1s_0s_13-20Hz,0.008974433046009618,3.6481245863991836,851.373917935129,True
sub-38,1s_0s_20-30Hz,0.009735373895533753,4.012764095540914,736.3082517961981,True
sub-38,1s_0s_8-30Hz,0.01037600690064843,4.382917019420045,636.999986615516,True
sub-38,1s_1s_8-12Hz,0.008994979030029947,3.696936247509376,891.4777180633507,True
sub-38,1s_1s_13-20Hz,0.009420831330695174,3.824556721207812,753.3064453884508,True
sub-38,1s_1s_20-30Hz,0.009794964159158186,3.9916945775911885,685.5632831226934,True
sub-38,1s_1s_8-30Hz,0.01059417986879085,4.450957020006925,595.0370225889744,True
sub-38,1s_2s_8-12Hz,0.00887759503051755,3.583547971938522,911.5775449475908,True
sub-38,1s_2s_13-20Hz,0.008734161052711083,3.5802265063856056,888.3715698197136,True
sub-38,1s_2s_20-30Hz,0.009270932692052444,3.806163367876896,800.2843677462346,True
sub-38,1s_2s_8-30Hz,0.010110913691008722,4.2425874113362285,676.1446275835348,True
sub-38,1s_3s_8-12Hz,0.009485293099467901,3.8447246244193507,797.7455717867426,True
sub-38,1s_3s_13-20Hz,0.008806290913084956,3.6133124920186797,850.4851621573019,True
sub-38,1s_3s_20-30Hz,0.009839553912439323,4.024682344106992,697.4585738289555,True
sub-38,1s_3s_8-30Hz,0.01038885074447646,4.36530092786589,613.7673598606926,True
sub-38,2s_0s_8-12Hz,0.005221371117515241,4.313430091158969,1346.0853346648719,True
sub-38,2s_0s_13-20Hz,0.004954631793349774,4.021966697587466,1349.4438877220814,True
sub-38,2s_0s_20-30Hz,0.005287183106430331,4.252325702134848,1182.5807792322717,True
sub-38,2s_0s_8-30Hz,0.005467418858851815,4.53373839707073,1119.4653208845302,True
sub-38,2s_1s_8-12Hz,0.004977509449983775,4.1360719012755025,1532.5983973922553,True
sub-38,2s_1s_13-20Hz,0.004871291901877605,3.9569329780106557,1415.0449194078476,True
sub-38,2s_1s_20-30Hz,0.0050417714865392425,4.0850201124791905,1311.009598599443,True
sub-38,2s_1s_8-30Hz,0.005341959638500532,4.418054207639276,1188.0593193227724,True
sub-38,2s_2s_8-12Hz,0.004941765532997196,4.12781637510697,1499.0076422571333,True
sub-38,2s_2s_13-20Hz,0.004639249521284061,3.7979559615179306,1547.4542887149855,True
sub-38,2s_2s_20-30Hz,0.00502007920615277,4.064495098753421,1324.972149276044,True
sub-38,2s_2s_8-30Hz,0.005224837071373318,4.3399242609514666,1230.7394870048997,True
sub-39,1s_0s_8-12Hz,0.007278473898517263,2.816026499280908,1215.924498596774,True
sub-39,1s_0s_13-20Hz,0.009897439520152738,3.9721050249970546,693.1083276608003,True
sub-39,1s_0s_20-30Hz,0.010395408915565531,4.194668119637301,661.799102240719,True
sub-39,1s_0s_8-30Hz,0.010367012849287763,4.190087788039806,647.8038376878541,True
sub-39,1s_1s_8-12Hz,0.0075962567751528655,2.8797345881072225,1227.0221067212099,True
sub-39,1s_1s_13-20Hz,0.009873688064307095,4.076778214571855,712.3630506705111,True
sub-39,1s_1s_20-30Hz,0.01073358477128536,4.302447502721904,633.4003758708318,True
sub-39,1s_1s_8-30Hz,0.01018727742091249,4.099665621537578,745.325615315496,True
sub-39,1s_2s_8-12Hz,0.007553373718612802,2.853506785552399,1248.3196469732252,True
sub-39,1s_2s_13-20Hz,0.009570367475337047,3.896613202466914,743.2322291091858,True
sub-39,1s_2s_20-30Hz,0.01026675210311041,4.164912402614805,664.3242372011181,True
sub-39,1s_2s_8-30Hz,0.009772468297663393,3.9287966943425516,833.548322735434,True
sub-39,1s_3s_8-12Hz,0.007361214912287145,2.7812027740619216,1269.4520854494135,True
sub-39,1s_3s_13-20Hz,0.009450747309190571,3.8772004969724088,764.9831657646193,True
sub-39,1s_3s_20-30Hz,0.010006927252806063,4.104209031809107,704.8854562418674,True
sub-39,1s_3s_8-30Hz,0.009710533142303171,3.9344572729771743,804.3495902312277,True
sub-39,2s_0s_8-12Hz,0.0038472167297399136,2.9710654550702174,2319.7844526800773,True
sub-39,2s_0s_13-20Hz,0.005424288231811292,4.319053263031992,1169.1421689791227,True
sub-39,2s_0s_20-30Hz,0.005711271099591932,4.4852891371117805,1137.0367102446176,True
sub-39,2s_0s_8-30Hz,0.005173749005739576,4.115343850291856,1396.2333807152759,True
sub-39,2s_1s_8-12Hz,0.003965764653260504,3.076233927500417,2318.7473627755257,True
sub-39,2s_1s_13-20Hz,0.005305795335087038,4.299057850219762,1201.272789102567,True
sub-39,2s_1s_20-30Hz,0.005529161382568991,4.431167520040264,1172.4497607132957,True
sub-39,2s_1s_8-30Hz,0.005106909136213653,4.0345388279762755,1546.5174853274464,True
sub-39,2s_2s_8-12Hz,0.003914528730909351,3.011741617108015,2335.5289088643012,True
sub-39,2s_2s_13-20Hz,0.005193542979085343,4.194632576188522,1257.6444603937941,True
sub-39,2s_2s_20-30Hz,0.005421041996839343,4.382045802563654,1207.053169342566,True
sub-39,2s_2s_8-30Hz,0.005018981130448135,3.9881153256753104,1575.7114580437162,True
sub-40,1s_0s_8-12Hz,0.007606878062103392,2.9870187186804973,1138.0154438125742,True
sub-40,1s_0s_13-20Hz,0.00898453739420912,3.5497260563961306,842.4297173997227,True
sub-40,1s_0s_20-30Hz,0.009868098148503413,3.9784423987971933,684.293813509404,True
sub-40,1s_0s_8-30Hz,0.009537215009457561,3.8856707672602036,719.8770058514119,True
sub-40,1s_1s_8-12Hz,0.00836473751052176,3.2452082940491835,978.082047431027,True
sub-40,1s_1s_13-20Hz,0.00902587553017406,3.659950009467238,830.9236284245256,True
sub-40,1s_1s_20-30Hz,0.009275552960797294,3.769645805695661,760.3877941024499,True
sub-40,1s_1s_8-30Hz,0.010067681734570838,4.082845207214357,648.424302996658,True
sub-40,1s_2s_8-12Hz,0.007795785743013275,3.0445789416545805,1108.5220731328363,True
sub-40,1s_2s_13-20Hz,0.00899563751219647,3.624493744711638,819.8890248930653,True
sub-40,1s_2s_20-30Hz,0.009463971629765821,3.8130363125241815,721.6686283323295,True
sub-40,1s_2s_8-30Hz,0.00962540742006689,3.9341846546985644,718.7417297145308,True
sub-40,1s_3s_8-12Hz,0.007895467401782647,3.0103238763766127,1045.303308392366,True
sub-40,1s_3s_13-20Hz,0.00922225813288984,3.6554845124755553,797.4574852468684,True
sub-40,1s_3s_20-30Hz,0.010140050765462197,4.0509595051115195,645.119189806404,True
sub-40,1s_3s_8-30Hz,0.009403710121171967,3.8143335025659946,736.6817042479785,True
sub-40,2s_0s_8-12Hz,0.0043193437569858705,3.443464148991427,1764.4127922134667,True
sub-40,2s_0s_13-20Hz,0.004772674443302689,3.7971869961079348,1456.392382009853,True
sub-40,2s_0s_20-30Hz,0.005125039275340039,4.08141950527963,1234.7897878294764,True
sub-40,2s_0s_8-30Hz,0.005085103482648927,4.0778155992339915,1238.7239974009512,True
sub-40,2s_1s_8-12Hz,0.004314518447163992,3.446358604007437,1780.4441676777788,True
sub-40,2s_1s_13-20Hz,0.0048586476546854385,3.893659396407601,1382.614562191938,True
sub-40,2s_1s_20-30Hz,0.0050435961076712495,4.010985548085263,1268.8648124443466,True
sub-40,2s_1s_8-30Hz,0.00508090375261464,4.096776005130675,1256.7446370882199,True
sub-40,2s_2s_8-12Hz,0.004233571252811894,3.318971702354939,1830.386407399831,True
sub-40,2s_2s_13-20Hz,0.004900245075990742,3.8901349719963063,1372.8317177258211,True
sub-40,2s_2s_20-30Hz,0.005278635751621378,4.156376417633314,1147.3254553487702,True
sub-40,2s_2s_8-30Hz,0.004926573715550316,3.9686003821899005,1332.5151830503812,True
sub-41,1s_0s_8-12Hz,0.007564461871225239,2.8658062810777016,1150.2836740062357,True
sub-41,1s_0s_13-20Hz,0.008533329429922062,3.3343569437354135,908.2106072818794,True
sub-41,1s_0s_20-30Hz,0.009371018270177528,3.751445500283309,773.1357064388994,True
sub-41,1s_0s_8-30Hz,0.009107776877584886,3.6582905076326755,801.0569409985343,True
sub-41,1s_1s_8-12Hz,0.007736449625649497,2.944771974181996,1113.0273110082794,True
sub-41,1s_1s_13-20Hz,0.00866525474768905,3.445013257764947,891.7445059083273,True
sub-41,1s_1s_20-30Hz,0.00925884293860543,3.7289254197069126,802.6604797171591,True
sub-41,1s_1s_8-30Hz,0.00930894937508585,3.7655763735248016,783.9770887055995,True
sub-41,1s_2s_8-12Hz,0.008141722716072983,3.0648169906573193,1014.5425555227093,True
sub-41,1s_2s_13-20Hz,0.008454894325897378,3.3810180481967556,939.1460663544127,True
sub-41,1s_2s_20-30Hz,0.009482610234346838,3.780496330518493,761.3789419524849,True
sub-41,1s_2s_8-30Hz,0.009687026104694603,3.8557943881317116,728.1254344570032,True
sub-41,1s_3s_8-12Hz,0.008032014021197114,3.0156912678113317,1073.2915273150531,True
sub-41,1s_3s_13-20Hz,0.008551292622929215,3.365658836474867,910.0485593442361,True
sub-41,1s_3s_20-30Hz,0.009341986701636423,3.738325365258062,797.8141301410825,True
sub-41,1s_3s_8-30Hz,0.00919299615274671,3.676056404902714,800.3330406671487,True
sub-41,2s_0s_8-12Hz,0.004039781926256774,3.113495426987117,2037.1940943400361,True
sub-41,2s_0s_13-20Hz,0.004547154187273821,3.565139701429486,1604.9482796550278,True
sub-41,2s_0s_20-30Hz,0.004860214047666188,3.886553725401207,1450.8064198941213,True
sub-41,2s_0s_8-30Hz,0.00469615900800839,3.7495010155069464,1517.2793084079415,True
sub-41,2s_1s_8-12Hz,0.004297842284575006,3.262442594065419,1823.0830702900662,True
sub-41,2s_1s_13-20Hz,0.004593075360371522,3.6315098995630395,1598.2176143379813,True
sub-41,2s_1s_20-30Hz,0.004874771693148208,3.897410558359968,1446.9191726091426,True
sub-41,2s_1s_8-30Hz,0.004829730387441955,3.851987556315609,1445.2392451386168,True
sub-41,2s_2s_8-12Hz,0.004293649827859397,3.24435249574056,1851.5811133463255,True
sub-41,2s_2s_13-20Hz,0.004579020192787818,3.5980185434617837,1593.0084149114703,True
sub-41,2s_2s_20-30Hz,0.004951550562828249,3.917746462800463,1411.7677037320036,True
sub-41,2s_2s_8-30Hz,0.004813077703645764,3.808165345680821,1450.9268167267924,True
sub-42,1s_0s_8-12Hz,0.008019318512259618,3.1410119307487134,1061.7744350138412,True
sub-42,1s_0s_13-20Hz,0.008763877752543298,3.5364877901140472,889.2269429006279,True
sub-42,1s_0s_20-30Hz,0.009655114375334093,3.988720388357619,775.4749575242673,True
sub-42,1s_0s_8-30Hz,0.009890096368286064,4.004371457328267,661.1491056069793,True
sub-42,1s_1s_8-12Hz,0.007995737808474351,3.086147592785323,1069.6185494680553,True
sub-42,1s_1s_13-20Hz,0.008961675984001587,3.581413936325778,889.500052153047,True
sub-42,1s_1s_20-30Hz,0.009811149675132375,4.043044622040777,728.3692201266788,True
sub-42,1s_1s_8-30Hz,0.009588832412745834,3.8817791729307727,773.9967854074171,True
sub-42,1s_2s_8-12Hz,0.007910199907676874,3.102533474160828,1074.298556803274,True
sub-42,1s_2s_13-20Hz,0.009132581561165197,3.6693281319954294,785.8325278230319,True
sub-42,1s_2s_20-30Hz,0.009848789155126339,4.079828200587328,708.2850452273262,True
sub-42,1s_2s_8-30Hz,0.009617684740005251,3.9304253961681397,724.6190324748703,True
sub-42,1s_3s_8-12Hz,0.007726835657147721,2.9807269554095654,1153.0817921523335,True
sub-42,1s_3s_13-20Hz,0.00877265105747182,3.5166151483442114,856.2849496496517,True
sub-42,1s_3s_20-30Hz,0.009818617802979615,4.0693062247284315,716.1507949728365,True
sub-42,1s_3s_8-30Hz,0.009411661956959489,3.791816866235224,764.954519289178,True
sub-42,2s_0s_8-12Hz,0.004226631258738098,3.33944791746012,1924.4894138766563,True
sub-42,2s_0s_13-20Hz,0.004666327059730997,3.7445390431844503,1583.6737493677042,True
sub-42,2s_0s_20-30Hz,0.005189978898395505,4.238364928334869,1332.7942631822211,True
sub-42,2s_0s_8-30Hz,0.005013609352255185,3.9980563200926262,1363.0690560930102,True
sub-42,2s_1s_8-12Hz,0.004178605617136675,3.306496445748021,2002.6213621511627,True
sub-42,2s_1s_13-20Hz,0.00474852948693664,3.776920049928664,1543.341210368005,True
sub-42,2s_1s_20-30Hz,0.005170032491803455,4.234029779528689,1336.4190393448737,True
sub-42,2s_1s_8-30Hz,0.004869957412755361,3.9190562987862494,1463.1074369121857,True
sub-42,2s_2s_8-12Hz,0.004160326862869788,3.2744543378577164,1991.8278595985962,True
sub-42,2s_2s_13-20Hz,0.004772985330495036,3.796275020384448,1455.625376910354,True
sub-42,2s_2s_20-30Hz,0.005229717713916177,4.292714829109367,1262.6445880830615,True
sub-42,2s_2s_8-30Hz,0.004873419302299911,3.907046691601755,1420.5747864791633,True
sub-43,1s_0s_8-12Hz,0.00828824424622945,3.178046611400274,992.8688094788253,True
sub-43,1s_0s_13-20Hz,0.009234590425708627,3.63407269622937,821.2384520214295,True
sub-43,1s_0s_20-30Hz,0.009851307212632915,3.9065547373808855,701.0202280011843,True
sub-43,1s_0s_8-30Hz,0.01011419986294863,3.9933397044479406,679.8611048849627,True
sub-43,1s_1s_8-12Hz,0.007858170773979099,3.0117359605186445,1091.8526440851779,True
sub-43,1s_1s_13-20Hz,0.009415735222234883,3.7247703879082508,752.8660411908304,True
sub-43,1s_1s_20-30Hz,0.010138282421709877,3.9634369757190484,663.0062029201165,True
sub-43,1s_1s_8-30Hz,0.010185090263655409,4.040893405304237,664.6745434685897,True
sub-43,1s_2s_8-12Hz,0.008356117151808173,3.1931212369318067,940.4474731837723,True
sub-43,1s_2s_13-20Hz,0.009554784160741497,3.75221315609312,728.2497923372075,True
sub-43,1s_2s_20-30Hz,0.010153723925889448,3.9498444346165513,639.415233611249,True
sub-43,1s_2s_8-30Hz,0.010680557014186045,4.164916988600646,596.4391382903357,True
sub-43,1s_3s_8-12Hz,0.008151031778219736,3.0954399840720024,997.0954609695398,True
sub-43,1s_3s_13-20Hz,0.009420750211298295,3.7116997196960204,765.1867577886727,True
sub-43,1s_3s_20-30Hz,0.010057472379154112,3.9396281472266907,672.9249042868915,True
sub-43,1s_3s_8-30Hz,0.010067860155347753,3.9803957306431776,669.2510904646899,True
sub-43,2s_0s_8-12Hz,0.004548603835846285,3.4839143702083106,1657.3270831641144,True
sub-43,2s_0s_13-20Hz,0.00515852186373821,4.005935439152033,1275.0711760415145,True
sub-43,2s_0s_20-30Hz,0.005303017180692679,4.110026480415849,1212.7016111354023,True
sub-43,2s_0s_8-30Hz,0.00537279808971142,4.156048990351591,1176.7025266557791,True
sub-43,2s_1s_8-12Hz,0.004480603997061417,3.439390003232537,1652.7462536214418,True
sub-43,2s_1s_13-20Hz,0.005299095825715204,4.085983154066859,1204.041199859316,True
sub-43,2s_1s_20-30Hz,0.00540900763942616,4.142166072565013,1153.863657958837,True
sub-43,2s_1s_8-30Hz,0.0054539061442285056,4.2182011744564125,1133.3780818012615,True
sub-43,2s_2s_8-12Hz,0.0045628737621968415,3.477733624960628,1613.797032970071,True
sub-43,2s_2s_13-20Hz,0.005206316119365527,4.020531388587028,1234.7332668581196,True
sub-43,2s_2s_20-30Hz,0.005410819879203511,4.144620436495714,1145.7761707789036,True
sub-43,2s_2s_8-30Hz,0.005409056223122271,4.170318153608726,1143.05369402258,True
sub-44,1s_0s_8-12Hz,0.008199176965662275,3.2325643081260376,1020.7924263920155,True
sub-44,1s_0s_13-20Hz,0.00926745787192013,3.8197673170684245,781.4483120944054,True
sub-44,1s_0s_20-30Hz,0.009685862137140651,3.9675188057924244,705.6671272116422,True
sub-44,1s_0s_8-30Hz,0.01016620396394704,4.216856890421248,640.2448181715876,True
sub-44,1s_1s_8-12Hz,0.008582504793596426,3.358748016842924,898.3513743073929,True
sub-44,1s_1s_13-20Hz,0.009161651391930401,3.7353354976299977,818.4226952127813,True
sub-44,1s_1s_20-30Hz,0.009788334513255826,3.990841106740953,719.0751321825339,True
sub-44,1s_1s_8-30Hz,0.01014661201465096,4.214488264817128,652.207321565877,True
sub-44,1s_2s_8-12Hz,0.008258834610069713,3.2718851037923025,1001.6216803362615,True
sub-44,1s_2s_13-20Hz,0.008993649999984029,3.706185833033006,808.0296428829554,True
sub-44,1s_2s_20-30Hz,0.009752721953107269,4.02972083518896,712.306163949376,True
sub-44,1s_2s_8-30Hz,0.010151230657141082,4.217740181030744,650.5906221875198,True
sub-44,1s_3s_8-12Hz,0.008186026700639318,3.2475122171050557,1008.9140068230165,True
sub-44,1s_3s_13-20Hz,0.008417041366416408,3.4862157311794313,935.349745243544,True
sub-44,1s_3s_20-30Hz,0.010084036608446742,4.104015404425437,659.7897609490003,True
sub-44,1s_3s_8-30Hz,0.01018382148243064,4.1974867260302045,648.7190274105269,True
sub-44,2s_0s_8-12Hz,0.00461290466460169,3.670411547537106,1615.2881955775167,True
sub-44,2s_0s_13-20Hz,0.0049153095673003366,4.034826826268242,1386.062847036071,True
sub-44,2s_0s_20-30Hz,0.005153429861222048,4.163436928997238,1275.172258786644,True
sub-44,2s_0s_8-30Hz,0.005272071628747412,4.309777270159229,1198.723362716235,True
sub-44,2s_1s_8-12Hz,0.004595847382911068,3.672819452212795,1612.4777114604713,True
sub-44,2s_1s_13-20Hz,0.004818905400042962,3.9662744738652487,1444.1665794170335,True
sub-44,2s_1s_20-30Hz,0.005161444658484495,4.191195024986508,1279.8523758965232,True
sub-44,2s_1s_8-30Hz,0.005254252486555762,4.311274522479634,1206.42299375564,True
sub-44,2s_2s_8-12Hz,0.004601341204617544,3.67041787547186,1626.461726750959,True
sub-44,2s_2s_13-20Hz,0.004692441764908168,3.868878419101256,1504.8173647294266,True
sub-44,2s_2s_20-30Hz,0.0052859157547497145,4.287835557561893,1197.9202711849598,True
sub-44,2s_2s_8-30Hz,0.005341531193344559,4.346555725078526,1177.3604946292369,True
sub-45,1s_0s_8-12Hz,0.009250069563121854,3.7219436560450005,814.789256304645,True
sub-45,1s_0s_13-20Hz,0.008189444552819912,3.36264643842905,1034.3664050396833,True
sub-45,1s_0s_20-30Hz,0.008033920948531056,3.263592185953044,1046.3500276387995,True
sub-45,1s_0s_8-30Hz,0.009452916608201266,3.9535958053740203,800.8619137996282,True
sub-45,1s_1s_8-12Hz,0.00991811417063575,3.9655063316182435,711.3398741110977,True
sub-45,1s_1s_13-20Hz,0.008399880795805139,3.4306683274160377,1064.392197231764,True
sub-45,1s_1s_20-30Hz,0.007667070583254894,3.1590670388296003,1144.641317349689,True
sub-45,1s_1s_8-30Hz,0.009420944690572258,4.001560133279513,832.9196606798157,True
sub-45,1s_2s_8-12Hz,0.009802560761512157,3.8908998493513236,757.4623840384793,True
sub-45,1s_2s_13-20Hz,0.008472111549231455,3.463750842998574,1023.4405937518875,True
sub-45,1s_2s_20-30Hz,0.007954063017963735,3.22457371740117,1095.329881137619,True
sub-45,1s_2s_8-30Hz,0.00924174359813599,3.9364387612029175,848.9425547007619,True
sub-45,1s_3s_8-12Hz,0.009740090922328845,3.876716379408255,723.5891390492263,True
sub-45,1s_3s_13-20Hz,0.008446461512686788,3.4966905770130494,1007.2175630161355,True
sub-45,1s_3s_20-30Hz,0.008174772027985817,3.3952218150772095,1033.54575028142,True
sub-45,1s_3s_8-30Hz,0.009673267721778525,4.1060912267367575,777.5648158696149,True
sub-45,2s_0s_8-12Hz,0.005674542347537671,4.52267431021326,1128.8379042003023,True
sub-45,2s_0s_13-20Hz,0.0043998527629656396,3.640380804460507,1917.0834566015105,True
sub-45,2s_0s_20-30Hz,0.004059785328637931,3.3362026322576006,2052.2265199625535,True
sub-45,2s_0s_8-30Hz,0.004869543334783413,4.080884212792386,1548.557163708742,True
sub-45,2s_1s_8-12Hz,0.005817971476770095,4.608045039275248,1062.499269191188,True
sub-45,2s_1s_13-20Hz,0.004440947432429685,3.7009975268688806,1909.2790594936837,True
sub-45,2s_1s_20-30Hz,0.003962650582531631,3.2737402822655035,2165.6218500250325,True
sub-45,2s_1s_8-30Hz,0.0048153548534723796,4.067945345376819,1620.755898987284,True
sub-45,2s_2s_8-12Hz,0.005580746783248961,4.4664134346129005,1148.2422174968474,True
sub-45,2s_2s_13-20Hz,0.004457272988642304,3.6952220348425984,1847.4620030484755,True
sub-45,2s_2s_20-30Hz,0.004142777026526575,3.411189487432236,2026.96118915764,True
sub-45,2s_2s_8-30Hz,0.004834408762859986,4.099602905860783,1559.350976154122,True
sub-46,1s_0s_8-12Hz,0.007304587893199957,2.777365281615448,1210.2914882376558,True
sub-46,1s_0s_13-20Hz,0.010243032603166943,4.0421323788523065,657.0423671804261,True
sub-46,1s_0s_20-30Hz,0.011030541406992198,4.394328363580619,593.3060970823923,True
sub-46,1s_0s_8-30Hz,0.009407242619244808,3.8053045975861517,771.9076582575681,True
sub-46,1s_1s_8-12Hz,0.0073487330780945435,2.771507148726323,1207.778389542344,True
sub-46,1s_1s_13-20Hz,0.010183797009650256,4.017057829532557,693.707498692648,True
sub-46,1s_1s_20-30Hz,0.011216152687946882,4.405436920075405,574.7199874342929,True
sub-46,1s_1s_8-30Hz,0.009386526140381626,3.8086502019627,772.2365220891634,True
sub-46,1s_2s_8-12Hz,0.007431762242789302,2.812867843541637,1163.6924211529117,True
sub-46,1s_2s_13-20Hz,0.01005816234560938,4.004384034192914,700.9237269775822,True
sub-46,1s_2s_20-30Hz,0.011292072978540648,4.437270694381269,555.9261813255665,True
sub-46,1s_2s_8-30Hz,0.009556922452115885,3.8658944445081387,740.4460727294011,True
sub-46,1s_3s_8-12Hz,0.0074344442052835715,2.819465182621106,1173.8975764644044,True
sub-46,1s_3s_13-20Hz,0.01049253723508566,4.110174062352717,639.2050986198316,True
sub-46,1s_3s_20-30Hz,0.010775529737645206,4.212284764604528,591.1113406377425,True
sub-46,1s_3s_8-30Hz,0.009675430906615615,3.904574470384052,744.3884541692335,True
sub-46,2s_0s_8-12Hz,0.003941589990137969,3.0515195116945693,2084.013589847971,True
sub-46,2s_0s_13-20Hz,0.005625744410021257,4.368235532853084,1130.0351598764908,True
sub-46,2s_0s_20-30Hz,0.005983137611869999,4.641994927717751,1006.7515844971015,True
sub-46,2s_0s_8-30Hz,0.00494909774972946,3.9581773343242235,1368.2267289276676,True
sub-46,2s_1s_8-12Hz,0.004068604962146821,3.1195671633572766,1942.1291372144453,True
sub-46,2s_1s_13-20Hz,0.005454449248165165,4.289872109545051,1198.7232682673807,True
sub-46,2s_1s_20-30Hz,0.006028773463702274,4.657471814825577,983.5638791752023,True
sub-46,2s_1s_8-30Hz,0.005033638112568663,3.998495961431705,1314.295766928013,True
sub-46,2s_2s_8-12Hz,0.004033280117591742,3.079518211213961,2001.5838297341768,True
sub-46,2s_2s_13-20Hz,0.005717183245804758,4.423409659335619,1080.381606637339,True
sub-46,2s_2s_20-30Hz,0.005996946170517638,4.567588846184802,969.4020860374203,True
sub-46,2s_2s_8-30Hz,0.005091382440945204,4.031023360092743,1324.1415155266343,True
sub-47,1s_0s_8-12Hz,0.0077464569871425375,2.999009408176756,1081.356559658317,True
sub-47,1s_0s_13-20Hz,0.009085922211504538,3.666144423935227,827.7011543290679,True
sub-47,1s_0s_20-30Hz,0.010387617795223531,4.221603264738815,638.2953624656604,True
sub-47,1s_0s_8-30Hz,0.010065701620814056,4.076242463350233,637.9721988625163,True
sub-47,1s_1s_8-12Hz,0.007637115530925625,2.9358683356249764,1101.9459170062953,True
sub-47,1s_1s_13-20Hz,0.009725303579543466,3.8854844848896497,728.332435504971,True
sub-47,1s_1s_20-30Hz,0.01037094728658291,4.148171534542461,627.2407694804308,True
sub-47,1s_1s_8-30Hz,0.010268302414372751,4.141372845657614,619.1107667451346,True
sub-47,1s_2s_8-12Hz,0.007564067628523852,2.8983346140241117,1132.6971612794136,True
sub-47,1s_2s_13-20Hz,0.009493271399301744,3.837196965885403,762.5621674151768,True
sub-47,1s_2s_20-30Hz,0.010211011233780218,4.130969450312529,646.3130064296395,True
sub-47,1s_2s_8-30Hz,0.009980625562254606,4.066443879930576,659.5153785260696,True
sub-47,1s_3s_8-12Hz,0.007404449101295131,2.8322606129331485,1146.810010166682,True
sub-47,1s_3s_13-20Hz,0.009135296992503228,3.6183104261907886,795.8320126094234,True
sub-47,1s_3s_20-30Hz,0.00984226337934516,4.014926653618188,702.630683185916,True
sub-47,1s_3s_8-30Hz,0.009845047750305263,3.9702361320835267,657.6317319428948,True
sub-47,2s_0s_8-12Hz,0.004177258349109213,3.247751649183421,1808.0689906237853,True
sub-47,2s_0s_13-20Hz,0.005006709482547183,4.025790241421811,1349.5693787460316,True
sub-47,2s_0s_20-30Hz,0.005542563068972941,4.396979131295656,1098.537238355041,True
sub-47,2s_0s_8-30Hz,0.005249832629604991,4.171872204512628,1150.7477582590914,True
sub-47,2s_1s_8-12Hz,0.00416225559474749,3.2047074016284833,1820.0294555108878,True
sub-47,2s_1s_13-20Hz,0.005256597241697773,4.171396315193635,1223.59174297761,True
sub-47,2s_1s_20-30Hz,0.005495495147193766,4.353426541356485,1110.3409731264442,True
sub-47,2s_1s_8-30Hz,0.00529374353688412,4.197769222246932,1143.0006294391012,True
sub-47,2s_2s_8-12Hz,0.004115397300360812,3.171214900314068,1849.169634026887,True
sub-47,2s_2s_13-20Hz,0.005014436313300498,3.987635958627999,1319.7008043239014,True
sub-47,2s_2s_20-30Hz,0.0053032042005724984,4.261238847143683,1202.2845307859711,True
sub-47,2s_2s_8-30Hz,0.005183955620600351,4.112501126676148,1164.972380726065,True
sub-48,1s_0s_8-12Hz,0.008737879697833222,3.4572914071499987,896.416594400401,True
sub-48,1s_0s_13-20Hz,0.0107584844589154,4.369384624760316,622.0590792328226,True
sub-48,1s_0s_20-30Hz,0.009758093145447965,4.037976202256758,749.6197373733061,True
sub-48,1s_0s_8-30Hz,0.011559320974080354,4.770625488400045,538.1801075125607,True
sub-48,1s_1s_8-12Hz,0.007986635399746738,3.1906636681432663,1059.6091659297017,True
sub-48,1s_1s_13-20Hz,0.011363142401501975,4.544303879225898,566.3988514855794,True
sub-48,1s_1s_20-30Hz,0.009827990955920515,4.084031030296133,749.9603444718978,True
sub-48,1s_1s_8-30Hz,0.011536198145881804,4.774237798228993,533.8207100796417,True
sub-48,1s_2s_8-12Hz,0.008678667074446231,3.4704705250746386,875.5674963914,True
sub-48,1s_2s_13-20Hz,0.01049806195848484,4.309485141029343,655.1513061727944,True
sub-48,1s_2s_20-30Hz,0.009826302221285794,4.066790190190405,756.7324120111613,True
sub-48,1s_2s_8-30Hz,0.011647401818018979,4.803560824793121,524.2245646503301,True
sub-48,1s_3s_8-12Hz,0.0084505699173126,3.363238413656519,949.4623553780508,True
sub-48,1s_3s_13-20Hz,0.010520630684205622,4.336019353500437,644.0929427523695,True
sub-48,1s_3s_20-30Hz,0.010200147608212348,4.169505205985926,700.2296787747938,True
sub-48,1s_3s_8-30Hz,0.011471751738855545,4.7929906893933545,544.2208095543485,True
sub-48,2s_0s_8-12Hz,0.004761619279178025,3.8147740093060944,1523.7769786439344,True
sub-48,2s_0s_13-20Hz,0.006087805625776351,4.8502599774456,984.522946046377,True
sub-48,2s_0s_20-30Hz,0.005150238293239186,4.258731483185633,1350.266519265348,True
sub-48,2s_0s_8-30Hz,0.0060794823115621,4.924829998376926,972.2338547275697,True
sub-48,2s_1s_8-12Hz,0.004624196884761257,3.757711721473613,1584.100359840438,True
sub-48,2s_1s_13-20Hz,0.006023663241182721,4.822934863256816,1017.6175106836876,True
sub-48,2s_1s_20-30Hz,0.005138554480636984,4.263347893499374,1358.9487876379828,True
sub-48,2s_1s_8-30Hz,0.00604273993786956,4.920678082693279,972.9681513652271,True
sub-48,2s_2s_8-12Hz,0.0047630494164582916,3.871814455713799,1465.1895862923957,True
sub-48,2s_2s_13-20Hz,0.005769591062636001,4.6967635427172905,1100.185654600399,True
sub-48,2s_2s_20-30Hz,0.005292892189628878,4.341249799660956,1302.9151504523,True
sub-48,2s_2s_8-30Hz,0.006092714604403811,4.951602503134076,966.2391366665794,True
sub-49,1s_0s_8-12Hz,0.01977332790231439,6.445289315216847,218.01283260523525,True
sub-49,1s_0s_13-20Hz,0.030851155693068576,8.28075893000873,107.40785783000851,True
sub-49,1s_0s_20-30Hz,0.04048987486598057,9.266876167937653,70.83743988961184,True
sub-49,1s_0s_8-30Hz,0.07793921023145904,10.93783442895357,27.2186290300329,True
sub-49,1s_1s_8-12Hz,0.019441519063542467,6.453876320154777,224.55476935690967,True
sub-49,1s_1s_13-20Hz,0.029317209366952573,8.11388113586664,117.34899134634693,True
sub-49,1s_1s_20-30Hz,0.03929717674286966,9.167136890523018,74.27275316745525,True
sub-49,1s_1s_8-30Hz,0.07211861359221206,10.791469803790326,30.275206898466685,True
sub-49,1s_2s_8-12Hz,0.019358351773380834,6.444895550636664,222.06844814955556,True
sub-49,1s_2s_13-20Hz,0.02979276624346445,8.166098736691378,113.1019217408705,True
sub-49,1s_2s_20-30Hz,0.040125020780816346,9.235398685423084,73.15598875697242,True
sub-49,1s_2s_8-30Hz,0.07403771771776761,10.834127905647815,30.06745685074473,True
sub-49,1s_3s_8-12Hz,0.018929914022656317,6.347671557670962,231.27735967121265,True
sub-49,1s_3s_13-20Hz,0.031480541491118105,8.332920989061064,100.47864840774318,True
sub-49,1s_3s_20-30Hz,0.03969398804874732,9.215218993670074,73.417427821666,True
sub-49,1s_3s_8-30Hz,0.07373463610168467,10.840720162938698,29.481384069332,True
sub-49,2s_0s_8-12Hz,0.017074972075239274,8.477371444301179,192.71214534384208,True
sub-49,2s_0s_13-20Hz,0.02677307146276321,9.847216276943282,98.50063271217705,True
sub-49,2s_0s_20-30Hz,0.03416936259798847,10.479319365552533,67.89837440077393,True
sub-49,2s_0s_8-30Hz,0.06056934742005882,11.472184565992254,30.44774169410861,True
sub-49,2s_1s_8-12Hz,0.016697814991458594,8.466286292388364,189.10249139349776,True
sub-49,2s_1s_13-20Hz,0.026411713588214668,9.838895576115496,99.93320560629911,True
sub-49,2s_1s_20-30Hz,0.034393704369461306,10.496013305277689,66.97928442603262,True
sub-49,2s_1s_8-30Hz,0.05912589264327067,11.441452121133633,31.501551638120567,True
sub-49,2s_2s_8-12Hz,0.01653484594373892,8.422952172653117,199.14133265278488,True
sub-49,2s_2s_13-20Hz,0.026806265675167897,9.899217284797581,96.49418782462624,True
sub-49,2s_2s_20-30Hz,0.03405006217823899,10.464958921096684,68.16602761947289,True
sub-49,2s_2s_8-30Hz,0.060799928287307445,11.475505962286068,29.682346120339208,True
sub-50,1s_0s_8-12Hz,0.009389578482596108,3.680344197395906,840.3004306963521,True
sub-50,1s_0s_13-20Hz,0.011615728526192706,4.6169344338336185,553.4924769209988,True
sub-50,1s_0s_20-30Hz,0.012101328786553203,4.810046505601795,516.4509360913746,True
sub-50,1s_0s_8-30Hz,0.01269037354074747,4.981165608251347,491.5536143303252,True
sub-50,1s_1s_8-12Hz,0.009218616537853594,3.647721026050185,856.6781836135866,True
sub-50,1s_1s_13-20Hz,0.0116737281581844,4.659571831301316,530.1565901078769,True
sub-50,1s_1s_20-30Hz,0.012495667445316355,4.924001687523716,466.00875266086405,True
sub-50,1s_1s_8-30Hz,0.013067372670483631,5.201303493512502,446.05667486821204,True
sub-50,1s_2s_8-12Hz,0.009567251715528441,3.7257165953119014,871.8390282147426,True
sub-50,1s_2s_13-20Hz,0.011709108552986899,4.6512385508026055,536.0013568199631,True
sub-50,1s_2s_20-30Hz,0.01256525189930601,4.937904143590657,473.7575619203728,True
sub-50,1s_2s_8-30Hz,0.012855284547899781,5.0781316335064925,486.3150401574079,True
sub-50,1s_3s_8-12Hz,0.009389174963890782,3.6647658594934898,848.6433830194459,True
sub-50,1s_3s_13-20Hz,0.011753277604039278,4.668498605422387,561.6052930826605,True
sub-50,1s_3s_20-30Hz,0.012240142818735356,4.846129817515506,493.61119031379957,True
sub-50,1s_3s_8-30Hz,0.01271425967627104,5.054249099775214,485.21542660190437,True
sub-50,2s_0s_8-12Hz,0.005385913120165949,4.239236009565926,1336.0681212353459,True
sub-50,2s_0s_13-20Hz,0.0064661340994792175,5.071820163142748,880.4629249584877,True
sub-50,2s_0s_20-30Hz,0.00678905938716928,5.213919937841037,808.7758966330044,True
sub-50,2s_0s_8-30Hz,0.006761429309510167,5.236545834861586,842.8907636666303,True
sub-50,2s_1s_8-12Hz,0.005252620882995017,4.1412892667126915,1522.707371079595,True
sub-50,2s_1s_13-20Hz,0.006414721714739198,5.06049382946905,879.3948097882982,True
sub-50,2s_1s_20-30Hz,0.006886576279985736,5.267724609337135,787.9398105226555,True
sub-50,2s_1s_8-30Hz,0.00672042703630787,5.2477303863569755,873.2771958657426,True
sub-50,2s_2s_8-12Hz,0.005354053645657506,4.1760905163844395,1451.586024276441,True
sub-50,2s_2s_13-20Hz,0.0065233523354064765,5.085346551942318,882.2193635058971,True
sub-50,2s_2s_20-30Hz,0.006773768459661819,5.2140395366051475,819.1450834747664,True
sub-50,2s_2s_8-30Hz,0.006656804027412882,5.185905938122158,897.0190181606209,True
