subject_id,channel_index,channel_name,mean_abs_weight,std_abs_weight,mean_signed_weight,mean_l2_weight,n_fold_values,mean_collapse_ratio,collapse_rate,mean_spatial_relative_delta
1,21,Pz,0.144880174,0.013276631506810375,0.008896222,0.14815303,5,0.8,0.2,0.199995262
1,27,O1,0.13570452400000002,0.017260644297975376,0.070629948,0.147111404,5,0.8,0.2,0.199995262
1,28,O2,0.132688766,0.02036180040793372,-0.007432916,0.13639956400000003,5,0.8,0.2,0.199995262
1,13,C3,0.12524753,0.017314814507571257,0.065325224,0.12840049199999998,5,0.8,0.2,0.199995262
1,15,T3,0.123889914,0.004959321281473911,0.123889914,0.134851762,5,0.8,0.2,0.199995262
1,17,CP3,0.12204485000000001,0.003995204411591475,0.028924728,0.14028144,5,0.8,0.2,0.199995262
1,16,T4,0.119796524,0.002402301817264019,-0.0017050180000000004,0.140776662,5,0.8,0.2,0.199995262
1,0,Fp1,0.119580676,0.008864718162069792,-0.09639856799999999,0.130569302,5,0.8,0.2,0.199995262
1,18,CP4,0.111157456,0.001939435286682698,0.039428004,0.134144522,5,0.8,0.2,0.199995262
1,24,T5,0.10691529200000001,0.005927019404512689,0.064229702,0.117799086,5,0.8,0.2,0.199995262
1,4,F4,0.10319872,0.018889234520881194,0.017282436,0.11378281000000001,5,0.8,0.2,0.199995262
1,7,FCz,0.102400402,0.004618552551944167,0.097221008,0.118934172,5,0.8,0.2,0.199995262
1,2,Fz,0.101410628,0.014496125191242312,-0.09197647,0.11348161000000001,5,0.8,0.2,0.199995262
1,22,P3,0.098443034,0.018142509365362887,0.094870262,0.110797224,5,0.8,0.2,0.199995262
1,14,C4,0.094859464,0.023735384939816754,-0.08405750399999999,0.10667770400000001,5,0.8,0.2,0.199995262
1,20,TP8,0.08639228800000001,0.005722654902173468,-0.045070564,0.10128837800000001,5,0.8,0.2,0.199995262
1,23,P4,0.085693894,0.021201282205935798,-0.079445026,0.099116096,5,0.8,0.2,0.199995262
1,19,TP7,0.08381312,0.006414411829384668,-0.033626902,0.100973256,5,0.8,0.2,0.199995262
1,10,FT7,0.082935928,0.01950116615400141,-0.036759842,0.09550096999999999,5,0.8,0.2,0.199995262
1,5,F7,0.07945179799999999,0.004496039381891578,0.069258214,0.088946784,5,0.8,0.2,0.199995262
1,12,Cz,0.079336224,0.007579244304621009,0.07869552199999999,0.09723060800000001,5,0.8,0.2,0.199995262
1,1,Fp2,0.078659534,0.009407664338010794,0.055016116000000004,0.095301274,5,0.8,0.2,0.199995262
1,26,Oz,0.0778384,0.0023507224224480444,0.039398946000000004,0.08148287600000001,5,0.8,0.2,0.199995262
1,11,FT8,0.07711371,0.009360475677963703,-0.004668954,0.091698596,5,0.8,0.2,0.199995262
1,3,F3,0.076757984,0.0151246967311358,0.012240962,0.08761084999999999,5,0.8,0.2,0.199995262
1,6,F8,0.074274718,0.010733231745337472,-0.020217146,0.07746756,5,0.8,0.2,0.199995262
1,25,T6,0.072047178,0.017794255928952746,-0.05432676400000001,0.082635684,5,0.8,0.2,0.199995262
1,9,FC4,0.060596452,0.007888870071922212,-0.052581199999999995,0.074854604,5,0.8,0.2,0.199995262
1,8,FC3,0.03395815,0.01404711882932226,-0.005162184,0.040078656000000004,5,0.8,0.2,0.199995262
10,17,CP3,0.14501895999999997,0.030039379092075123,0.038122566000000004,0.167126096,5,0.75,0.4,0.5544108400000001
10,15,T3,0.134079064,0.018490675605988008,0.10492454,0.14160898400000002,5,0.75,0.4,0.5544108400000001
10,21,Pz,0.12992969000000001,0.033201179199049545,0.0046570380000000005,0.13694674199999998,5,0.75,0.4,0.5544108400000001
10,22,P3,0.12596666399999998,0.034620393001988436,0.10501962599999999,0.13506923799999998,5,0.75,0.4,0.5544108400000001
10,28,O2,0.11939761600000001,0.0365075369363948,-0.017708824,0.12388837,5,0.75,0.4,0.5544108400000001
10,16,T4,0.118639172,0.03163707037684226,0.031262694,0.136251664,5,0.75,0.4,0.5544108400000001
10,14,C4,0.114934532,0.028894663619031286,-0.082084588,0.13166719,5,0.75,0.4,0.5544108400000001
10,18,CP4,0.11349026,0.010301479338745478,0.036497592,0.133523476,5,0.75,0.4,0.5544108400000001
10,27,O1,0.107517066,0.01457241692554396,0.02776435,0.12168349599999999,5,0.75,0.4,0.5544108400000001
10,10,FT7,0.10570279,0.02634316838342818,-0.054700875999999996,0.122179086,5,0.75,0.4,0.5544108400000001
10,13,C3,0.105303788,0.03428847323961976,0.079588176,0.11964999400000001,5,0.75,0.4,0.5544108400000001
10,3,F3,0.104238634,0.03215162530133865,0.034729606,0.115953418,5,0.75,0.4,0.5544108400000001
10,2,Fz,0.10199544199999999,0.0054840464875008125,-0.084853416,0.11435381600000001,5,0.75,0.4,0.5544108400000001
10,24,T5,0.099863804,0.011202162176384966,0.043109576,0.119933806,5,0.75,0.4,0.5544108400000001
10,8,FC3,0.09912608,0.09028874439074507,-0.028577078,0.10849532799999999,5,0.75,0.4,0.5544108400000001
10,7,FCz,0.096705738,0.011006650701192892,0.07186514799999999,0.112164832,5,0.75,0.4,0.5544108400000001
10,19,TP7,0.09157084800000001,0.03795383389793277,-0.058355748000000006,0.10896182400000001,5,0.75,0.4,0.5544108400000001
10,0,Fp1,0.090420312,0.022650172631292903,-0.07523407,0.09903944,5,0.75,0.4,0.5544108400000001
10,9,FC4,0.089584152,0.03746177885983486,-0.027326156,0.10574922199999999,5,0.75,0.4,0.5544108400000001
10,5,F7,0.088549484,0.024440126694574026,0.087201228,0.10544162799999998,5,0.75,0.4,0.5544108400000001
10,4,F4,0.085868616,0.04853162527684222,-0.018371548000000005,0.098642624,5,0.75,0.4,0.5544108400000001
10,20,TP8,0.082253012,0.026972243059972225,0.0017474040000000017,0.09369140200000001,5,0.75,0.4,0.5544108400000001
10,11,FT8,0.081129628,0.0021743508545126722,-0.020332410000000002,0.096259584,5,0.75,0.4,0.5544108400000001
10,23,P4,0.077759142,0.025119681658925738,-0.041154896,0.09227505,5,0.75,0.4,0.5544108400000001
10,6,F8,0.075102156,0.01199647079138194,0.007115972,0.08817201399999999,5,0.75,0.4,0.5544108400000001
10,1,Fp2,0.07310892599999999,0.014590078879693553,0.058557380000000006,0.087873876,5,0.75,0.4,0.5544108400000001
10,12,Cz,0.07056809,0.007696498238510814,0.010799455999999997,0.07834316399999999,5,0.75,0.4,0.5544108400000001
10,26,Oz,0.069388192,0.014147158835606183,0.022709946,0.080433292,5,0.75,0.4,0.5544108400000001
10,25,T6,0.06868323600000001,0.015045988656633038,-0.035786274,0.08189819000000001,5,0.75,0.4,0.5544108400000001
11,21,Pz,0.154723584,0.003896474561097504,0.0038531240000000003,0.155224526,5,0.975,0.8,0.041119558
11,28,O2,0.142217616,0.003972147307827347,-0.025340395999999998,0.145267304,5,0.975,0.8,0.041119558
11,15,T3,0.12726084399999998,0.0006745228498205248,0.12726084399999998,0.13272313600000002,5,0.975,0.8,0.041119558
11,17,CP3,0.125624568,0.009417509410957333,0.031435834,0.142861276,5,0.975,0.8,0.041119558
11,16,T4,0.123134406,0.002368181074333215,0.015530574,0.137959756,5,0.975,0.8,0.041119558
11,27,O1,0.120313674,0.0034091883833956738,0.053816798,0.13081283,5,0.975,0.8,0.041119558
11,13,C3,0.11531345,0.0004872548469743535,0.069209502,0.117503198,5,0.975,0.8,0.041119558
11,18,CP4,0.11100505199999999,0.0008578067811401369,0.03402511,0.1274571,5,0.975,0.8,0.041119558
11,0,Fp1,0.107530334,0.004856989845354839,-0.091910552,0.11958624,5,0.975,0.8,0.041119558
11,24,T5,0.107486068,0.005615132865589204,0.072711882,0.116995318,5,0.975,0.8,0.041119558
11,2,Fz,0.105910836,0.004629213526602551,-0.101389646,0.119832556,5,0.975,0.8,0.041119558
11,23,P4,0.104790528,0.0009122364418669134,-0.093857106,0.11718013000000001,5,0.975,0.8,0.041119558
11,22,P3,0.103821466,0.00908896848364158,0.103821466,0.1145842,5,0.975,0.8,0.041119558
11,7,FCz,0.095954294,0.006984912524375663,0.095954294,0.10970521600000001,5,0.975,0.8,0.041119558
11,4,F4,0.094665638,0.006126325864106477,0.01071118,0.105340672,5,0.975,0.8,0.041119558
11,20,TP8,0.090109112,0.0014174921682041143,-0.057224758,0.107951278,5,0.975,0.8,0.041119558
11,10,FT7,0.08818537200000001,0.00482082066543343,-0.05525584,0.101173454,5,0.975,0.8,0.041119558
11,14,C4,0.08656438,0.0023498493740663436,-0.075193966,0.09694699799999999,5,0.975,0.8,0.041119558
11,19,TP7,0.08640082,0.00396577684295902,-0.016568284,0.095076896,5,0.975,0.8,0.041119558
11,3,F3,0.083362868,0.010009578954864685,0.025357005999999998,0.091007166,5,0.975,0.8,0.041119558
11,5,F7,0.083207958,0.0019242519303667106,0.081449176,0.097892858,5,0.975,0.8,0.041119558
11,11,FT8,0.082776956,0.006087882897266507,0.0009272499999999996,0.09861797800000001,5,0.975,0.8,0.041119558
11,25,T6,0.08054340600000001,0.002219570603355528,-0.059895272,0.09158195599999999,5,0.975,0.8,0.041119558
11,6,F8,0.078489562,0.0028888439932038537,-0.029909686,0.080079072,5,0.975,0.8,0.041119558
11,1,Fp2,0.07832383400000001,0.0008614849254223749,0.060347638,0.095241998,5,0.975,0.8,0.041119558
11,26,Oz,0.077978984,0.0014639265076772112,0.040066938,0.08032494800000001,5,0.975,0.8,0.041119558
11,12,Cz,0.074648852,0.0041018249857496395,0.073740192,0.08993459200000001,5,0.975,0.8,0.041119558
11,9,FC4,0.059832628,0.003974442874154817,-0.059832628,0.07748553,5,0.975,0.8,0.041119558
11,8,FC3,0.031975244,0.0020770852102718366,0.0024016080000000004,0.039379798,5,0.975,0.8,0.041119558
12,21,Pz,0.15879636,0.015211983988310003,0.022640996,0.163177454,5,0.9,0.8,0.16977656800000002
12,28,O2,0.15019977,0.018265329815359208,-0.016464819999999998,0.152353394,5,0.9,0.8,0.16977656800000002
12,17,CP3,0.13162965,0.013914596816641867,0.022353378,0.153832304,5,0.9,0.8,0.16977656800000002
12,18,CP4,0.11729539600000001,0.01149998296288868,0.03136642,0.134752466,5,0.9,0.8,0.16977656800000002
12,15,T3,0.114849562,0.016916357837451892,0.114849562,0.123158014,5,0.9,0.8,0.16977656800000002
12,16,T4,0.113909522,0.011493378902466843,0.016676206,0.129136112,5,0.9,0.8,0.16977656800000002
12,7,FCz,0.11064521599999999,0.02344087848544141,0.11064521599999999,0.12375826999999999,5,0.9,0.8,0.16977656800000002
12,13,C3,0.11060098599999998,0.008180174111639073,0.063842752,0.11264753000000001,5,0.9,0.8,0.16977656800000002
12,27,O1,0.10913034399999999,0.017561988724410737,0.054927298,0.124915726,5,0.9,0.8,0.16977656800000002
12,0,Fp1,0.103810746,0.007923601391676636,-0.09277796,0.11883966400000001,5,0.9,0.8,0.16977656800000002
12,14,C4,0.103457548,0.03103684021469518,-0.083257248,0.11289249400000001,5,0.9,0.8,0.16977656800000002
12,23,P4,0.103153534,0.013341087188294659,-0.09018858,0.11683512599999998,5,0.9,0.8,0.16977656800000002
12,19,TP7,0.094304018,0.015481139182304057,-0.03255432,0.10735987599999999,5,0.9,0.8,0.16977656800000002
12,2,Fz,0.09390282999999999,0.01588552327433692,-0.088909466,0.107843896,5,0.9,0.8,0.16977656800000002
12,10,FT7,0.09387380599999999,0.025589256533124008,-0.062372618000000005,0.107177096,5,0.9,0.8,0.16977656800000002
12,22,P3,0.08691626799999999,0.029412081181218203,0.08691626799999999,0.09752931000000001,5,0.9,0.8,0.16977656800000002
12,12,Cz,0.08650203,0.019601697910883894,0.08586141,0.100598608,5,0.9,0.8,0.16977656800000002
12,3,F3,0.086208138,0.003827294299439227,0.022177644000000003,0.094936052,5,0.9,0.8,0.16977656800000002
12,24,T5,0.085035062,0.02902894182906639,0.053489209999999995,0.09342397399999999,5,0.9,0.8,0.16977656800000002
12,4,F4,0.08431382,0.018726473478366125,0.015413714,0.091808556,5,0.9,0.8,0.16977656800000002
12,20,TP8,0.083724826,0.009776135930263042,-0.052067046000000006,0.10479692999999998,5,0.9,0.8,0.16977656800000002
12,1,Fp2,0.08344454999999999,0.010942543837209426,0.064397286,0.10090146200000001,5,0.9,0.8,0.16977656800000002
12,11,FT8,0.08075093400000001,0.009194091021690503,-0.004914202,0.097832056,5,0.9,0.8,0.16977656800000002
12,6,F8,0.075839282,0.009772329353653096,-0.025571062,0.08011937599999999,5,0.9,0.8,0.16977656800000002
12,5,F7,0.07464994999999999,0.012948847083018626,0.067394492,0.08636453200000001,5,0.9,0.8,0.16977656800000002
12,25,T6,0.07411391199999999,0.013673285596089187,-0.049806504,0.081524572,5,0.9,0.8,0.16977656800000002
12,26,Oz,0.05977894,0.025165978822473803,0.030302464,0.065079822,5,0.9,0.8,0.16977656800000002
12,9,FC4,0.050746851999999995,0.013057352568000526,-0.048240286,0.062469332,5,0.9,0.8,0.16977656800000002
12,8,FC3,0.036533008,0.012296294084419094,-0.001318302,0.04405917,5,0.9,0.8,0.16977656800000002
13,28,O2,0.149874992,0.01337971287151073,-0.011695619999999999,0.153041284,5,0.875,0.4,0.11986552999999997
13,21,Pz,0.147529164,0.012741209286507307,0.001132138,0.14812989999999998,5,0.875,0.4,0.11986552999999997
13,27,O1,0.12861388599999998,0.014259441282260324,0.06534699,0.13920264200000002,5,0.875,0.4,0.11986552999999997
13,15,T3,0.12274744200000001,0.008497586218578193,0.11602483599999999,0.12889713,5,0.875,0.4,0.11986552999999997
13,16,T4,0.117967406,0.009913949753744973,0.009772890000000001,0.131288518,5,0.875,0.4,0.11986552999999997
13,7,FCz,0.11358508,0.03276330403958291,0.11358508,0.129232314,5,0.875,0.4,0.11986552999999997
13,22,P3,0.11274944,0.010268052103541843,0.11274944,0.12355019199999999,5,0.875,0.4,0.11986552999999997
13,0,Fp1,0.11028374599999999,0.0012240280513043829,-0.092728082,0.126560564,5,0.875,0.4,0.11986552999999997
13,18,CP4,0.107655196,0.00747022190378439,0.028980629999999997,0.127339816,5,0.875,0.4,0.11986552999999997
13,2,Fz,0.10763812800000001,0.008271656542314848,-0.09843012599999999,0.12054457,5,0.875,0.4,0.11986552999999997
13,17,CP3,0.10545734,0.03503258880689022,0.029026384,0.120890218,5,0.875,0.4,0.11986552999999997
13,13,C3,0.10322113200000001,0.026994707083059264,0.06804381200000001,0.10743177,5,0.875,0.4,0.11986552999999997
13,23,P4,0.10135263800000001,0.008297532850834035,-0.090949176,0.11327841599999999,5,0.875,0.4,0.11986552999999997
13,24,T5,0.09939655,0.012961803282155607,0.07279994199999999,0.11106224199999999,5,0.875,0.4,0.11986552999999997
13,4,F4,0.09837916799999999,0.0014771612390900332,0.018344588000000002,0.106795148,5,0.875,0.4,0.11986552999999997
13,14,C4,0.09243692,0.015305256334387217,-0.080038192,0.10610447,5,0.875,0.4,0.11986552999999997
13,20,TP8,0.092329244,0.006340294608409767,-0.058178350000000004,0.11070500000000001,5,0.875,0.4,0.11986552999999997
13,10,FT7,0.09106924,0.0010386025593796698,-0.059050406,0.10276774,5,0.875,0.4,0.11986552999999997
13,1,Fp2,0.084504634,0.015952328641357663,0.068371814,0.101701114,5,0.875,0.4,0.11986552999999997
13,6,F8,0.083348058,0.012816751674350646,-0.041456826,0.091079156,5,0.875,0.4,0.11986552999999997
13,19,TP7,0.08308131599999999,0.0030105502467289943,-0.02787578,0.09483137999999999,5,0.875,0.4,0.11986552999999997
13,3,F3,0.080371114,0.01612811310233252,0.023808686000000003,0.087832062,5,0.875,0.4,0.11986552999999997
13,11,FT8,0.079345096,0.0012536883859356803,7.329199999999998e-05,0.093372236,5,0.875,0.4,0.11986552999999997
13,5,F7,0.07915433599999999,0.011911097742155423,0.07468644399999999,0.094530302,5,0.875,0.4,0.11986552999999997
13,25,T6,0.079047434,0.004508220125030496,-0.050402784,0.091638184,5,0.875,0.4,0.11986552999999997
13,12,Cz,0.07902195399999999,0.004266039346030465,0.07495498,0.092801942,5,0.875,0.4,0.11986552999999997
13,26,Oz,0.075978538,0.003953610570354652,0.041263534000000004,0.077992356,5,0.875,0.4,0.11986552999999997
13,9,FC4,0.065846158,0.01722760237507298,-0.065846158,0.084095708,5,0.875,0.4,0.11986552999999997
13,8,FC3,0.03439474,0.007893057222626098,0.012210716,0.044787844,5,0.875,0.4,0.11986552999999997
14,17,CP3,0.132518592,0.017586023630707992,0.0740489,0.158083428,5,0.825,0.4,0.293500086
14,21,Pz,0.125682782,0.03852133497435117,0.001345644,0.127921354,5,0.825,0.4,0.293500086
14,28,O2,0.12391744600000001,0.03299440991180521,-0.032046576,0.13126048799999998,5,0.825,0.4,0.293500086
14,18,CP4,0.11997214600000002,0.013274984655363265,0.049009682000000006,0.135260608,5,0.825,0.4,0.293500086
14,27,O1,0.11799483400000002,0.018688603054903014,0.03152083,0.12975393,5,0.825,0.4,0.293500086
14,22,P3,0.11500312400000001,0.009510258699776784,0.11500312400000001,0.124960544,5,0.825,0.4,0.293500086
14,16,T4,0.11355501000000001,0.01572424719472764,0.025500731999999998,0.12513449999999998,5,0.825,0.4,0.293500086
14,15,T3,0.113420842,0.022963027303627027,0.113420842,0.12117483,5,0.825,0.4,0.293500086
14,14,C4,0.110228446,0.04702962082187331,-0.10406027799999999,0.12346189599999999,5,0.825,0.4,0.293500086
14,19,TP7,0.10520347199999999,0.05168518513629819,-0.06585535,0.12127320999999999,5,0.825,0.4,0.293500086
14,2,Fz,0.10284198600000001,0.009837316036609275,-0.084880248,0.11316981799999999,5,0.825,0.4,0.293500086
14,23,P4,0.099296054,0.02041442382400811,-0.08231972800000001,0.11371946,5,0.825,0.4,0.293500086
14,13,C3,0.09864082599999999,0.036635826565793214,0.06702760999999999,0.10579329600000001,5,0.825,0.4,0.293500086
14,12,Cz,0.097667222,0.029380793018979588,0.088783864,0.11380744000000001,5,0.825,0.4,0.293500086
14,0,Fp1,0.096133056,0.019443536260080885,-0.073547608,0.10662977,5,0.825,0.4,0.293500086
14,26,Oz,0.09598388399999999,0.02694299454802454,0.074621982,0.104528382,5,0.825,0.4,0.293500086
14,4,F4,0.093234016,0.01920713237375324,0.0318889,0.10461614799999999,5,0.825,0.4,0.293500086
14,11,FT8,0.091422232,0.016340206614776014,-0.027035719999999996,0.11144337,5,0.825,0.4,0.293500086
14,24,T5,0.091134784,0.019349818531061987,0.05353513,0.09823096,5,0.825,0.4,0.293500086
14,7,FCz,0.08963834,0.014124604594555916,0.08219767,0.102889568,5,0.825,0.4,0.293500086
14,3,F3,0.087696156,0.015116653082580152,0.046695396,0.092511484,5,0.825,0.4,0.293500086
14,20,TP8,0.08384655999999999,0.009311061067174352,-0.05858087199999999,0.100823742,5,0.825,0.4,0.293500086
14,10,FT7,0.08293192,0.025223986711131727,-0.061016841999999995,0.10116301999999999,5,0.825,0.4,0.293500086
14,5,F7,0.079871942,0.00824638035292273,0.078464476,0.0947874,5,0.825,0.4,0.293500086
14,1,Fp2,0.070935636,0.015219995149177283,0.05302176599999999,0.085615106,5,0.825,0.4,0.293500086
14,9,FC4,0.068794248,0.016401115205659646,-0.057359472,0.090108966,5,0.825,0.4,0.293500086
14,25,T6,0.068729288,0.02463949108392805,-0.053497344,0.08121225,5,0.825,0.4,0.293500086
14,6,F8,0.066125854,0.01593875344995116,-0.017141616000000002,0.069660588,5,0.825,0.4,0.293500086
14,8,FC3,0.047493482,0.023569246467532008,-0.017398933999999998,0.052808886,5,0.825,0.4,0.293500086
15,21,Pz,0.138750022,0.019550851537010357,-0.030397034,0.147109994,5,0.775,0.4,0.48267583
15,15,T3,0.125086372,0.026784327814801882,0.117893472,0.140732574,5,0.775,0.4,0.48267583
15,28,O2,0.123157386,0.03675308844928858,-0.012192088,0.13294836,5,0.775,0.4,0.48267583
15,13,C3,0.11682213999999999,0.006778287965046931,0.098846206,0.12646074599999999,5,0.775,0.4,0.48267583
15,0,Fp1,0.107762204,0.015592161812676267,-0.101932832,0.12724683,5,0.775,0.4,0.48267583
15,20,TP8,0.10685652399999998,0.02391513985263373,-0.08074590400000001,0.132781096,5,0.775,0.4,0.48267583
15,16,T4,0.106586564,0.017908952218854954,0.023460274,0.123421212,5,0.775,0.4,0.48267583
15,17,CP3,0.10582898599999999,0.02037338423223741,0.04318799399999999,0.12173856600000002,5,0.775,0.4,0.48267583
15,22,P3,0.104648506,0.004751957535740408,0.104648506,0.115569684,5,0.775,0.4,0.48267583
15,5,F7,0.10199323600000001,0.014549920723029044,0.10019738199999999,0.11299620799999999,5,0.775,0.4,0.48267583
15,26,Oz,0.100887478,0.022814402133630854,0.033827590000000005,0.10750881000000001,5,0.775,0.4,0.48267583
15,18,CP4,0.100643022,0.010504528276087418,0.016808012,0.11705004199999999,5,0.775,0.4,0.48267583
15,10,FT7,0.09891111799999999,0.01260776532664175,-0.072896148,0.11031840600000001,5,0.775,0.4,0.48267583
15,3,F3,0.097384604,0.009052231748007228,0.008596903999999999,0.108617414,5,0.775,0.4,0.48267583
15,27,O1,0.096666668,0.023380566142304385,0.0055689599999999995,0.112017912,5,0.775,0.4,0.48267583
15,2,Fz,0.095396012,0.00998877574847739,-0.081270628,0.11918961400000001,5,0.775,0.4,0.48267583
15,25,T6,0.093974006,0.015739458729966863,-0.07986393,0.105289666,5,0.775,0.4,0.48267583
15,24,T5,0.090456602,0.0177411411025241,0.050805763999999996,0.10745180800000001,5,0.775,0.4,0.48267583
15,23,P4,0.089477766,0.03240301906184021,-0.039437488,0.103008174,5,0.775,0.4,0.48267583
15,4,F4,0.08805913400000001,0.011826181104935357,0.024423374,0.0988583,5,0.775,0.4,0.48267583
15,7,FCz,0.083382034,0.01820215154476195,0.06015339200000001,0.095735078,5,0.775,0.4,0.48267583
15,12,Cz,0.08075373599999999,0.02205903150339289,0.078714206,0.10172967,5,0.775,0.4,0.48267583
15,19,TP7,0.07613978,0.024856213328493946,-0.035562645999999996,0.088084336,5,0.775,0.4,0.48267583
15,11,FT8,0.074358006,0.007686429986913949,0.029439528000000003,0.08712877,5,0.775,0.4,0.48267583
15,14,C4,0.07056722,0.021416316927592847,-0.059274702,0.082711568,5,0.775,0.4,0.48267583
15,1,Fp2,0.06726091999999999,0.01163357747108343,0.017868548,0.08217190199999999,5,0.775,0.4,0.48267583
15,8,FC3,0.06226809,0.031000990907683098,0.051535284,0.072918078,5,0.775,0.4,0.48267583
15,9,FC4,0.06150996799999999,0.01274485738377131,-0.029508656,0.075083948,5,0.775,0.4,0.48267583
15,6,F8,0.05781417,0.023847296852300682,-0.0032707280000000005,0.061687792,5,0.775,0.4,0.48267583
16,21,Pz,0.151073864,0.003976422200198305,0.0012581699999999994,0.15288194,5,0.95,0.8,0.125346194
16,28,O2,0.145164176,0.0021499516333699257,-0.019990269999999997,0.14774515,5,0.95,0.8,0.125346194
16,17,CP3,0.12186131,0.0019313610309830754,0.02979463,0.14006270399999998,5,0.95,0.8,0.125346194
16,27,O1,0.119371742,0.005015836855472872,0.052294198,0.12970215999999998,5,0.95,0.8,0.125346194
16,18,CP4,0.11873088400000001,0.016878222275068838,0.030158817999999997,0.137222122,5,0.95,0.8,0.125346194
16,16,T4,0.11321471000000001,0.020121773554301815,0.01917537,0.126527632,5,0.95,0.8,0.125346194
16,15,T3,0.11099334000000001,0.034779857971426506,0.110556166,0.11694032800000001,5,0.95,0.8,0.125346194
16,2,Fz,0.10763844599999998,0.008690871742522725,-0.10290223800000001,0.125287794,5,0.95,0.8,0.125346194
16,23,P4,0.106741936,0.004874521696974997,-0.09541266,0.123519008,5,0.95,0.8,0.125346194
16,24,T5,0.10474349000000001,0.0007337028394724971,0.079170122,0.11730913999999999,5,0.95,0.8,0.125346194
16,13,C3,0.103011446,0.027464077492488807,0.059808924,0.106253054,5,0.95,0.8,0.125346194
16,7,FCz,0.102357786,0.006680908661935884,0.09573509799999999,0.117320472,5,0.95,0.8,0.125346194
16,22,P3,0.10189482000000001,0.014563716786138423,0.10189482000000001,0.111974362,5,0.95,0.8,0.125346194
16,0,Fp1,0.10138552199999999,0.01827394151234949,-0.082651172,0.11603132999999999,5,0.95,0.8,0.125346194
16,20,TP8,0.095708868,0.01403606080151301,-0.049378944,0.113070914,5,0.95,0.8,0.125346194
16,4,F4,0.094350694,0.00683942504411226,0.012658140000000002,0.10550451000000001,5,0.95,0.8,0.125346194
16,14,C4,0.093115124,0.016542257395806958,-0.08199130800000001,0.106042254,5,0.95,0.8,0.125346194
16,10,FT7,0.09100285,0.0014475858516854834,-0.047595936,0.10464300200000001,5,0.95,0.8,0.125346194
16,11,FT8,0.09046417600000001,0.023614902115109016,0.005865613999999999,0.105700346,5,0.95,0.8,0.125346194
16,5,F7,0.089922048,0.01314678013837685,0.08309258,0.10244285,5,0.95,0.8,0.125346194
16,19,TP7,0.087353888,0.006548874648271259,-0.024092594000000002,0.098492702,5,0.95,0.8,0.125346194
16,3,F3,0.083879412,0.008562075421349078,0.028340487999999997,0.090740002,5,0.95,0.8,0.125346194
16,25,T6,0.083151934,0.00397226072256467,-0.057873582,0.09488608200000001,5,0.95,0.8,0.125346194
16,1,Fp2,0.08299810199999999,0.011186268248816043,0.046885628,0.10027150600000001,5,0.95,0.8,0.125346194
16,12,Cz,0.081666418,0.010038901976434974,0.074010988,0.096200534,5,0.95,0.8,0.125346194
16,26,Oz,0.077638564,0.00018115016720941763,0.041757254,0.08365284,5,0.95,0.8,0.125346194
16,6,F8,0.071016664,0.014480988846923754,-0.014342478000000002,0.073882266,5,0.95,0.8,0.125346194
16,9,FC4,0.058529768,0.001437583004653994,-0.049825947999999995,0.07780164,5,0.95,0.8,0.125346194
16,8,FC3,0.03930976,0.018465200528322186,-0.0050948320000000005,0.048819012,5,0.95,0.8,0.125346194
17,28,O2,0.14639346,0.009831710094980923,-0.029404428000000003,0.150943558,5,0.875,0.4,0.17199516
17,21,Pz,0.142855874,0.013918219380830653,-0.004869328,0.144499058,5,0.875,0.4,0.17199516
17,15,T3,0.130375022,0.005733908982646121,0.130375022,0.13715129399999998,5,0.875,0.4,0.17199516
17,2,Fz,0.12308938600000001,0.026053983915245674,-0.11091152200000001,0.133818778,5,0.875,0.4,0.17199516
17,18,CP4,0.121016202,0.023159266561179576,0.043364368,0.134731462,5,0.875,0.4,0.17199516
17,13,C3,0.11588823200000001,0.00962835329453692,0.07432993,0.11904799399999999,5,0.875,0.4,0.17199516
17,16,T4,0.11118649,0.01620072493186648,0.00960641,0.122206438,5,0.875,0.4,0.17199516
17,17,CP3,0.10954161199999998,0.01628308388928584,0.022681712,0.125068702,5,0.875,0.4,0.17199516
17,27,O1,0.10875926200000001,0.018331387356109195,0.044939731999999996,0.12042024199999998,5,0.875,0.4,0.17199516
17,14,C4,0.10726911800000001,0.029143439243737516,-0.09585767199999999,0.12183343399999999,5,0.875,0.4,0.17199516
17,23,P4,0.10673195799999999,0.00439943142589131,-0.099074182,0.121180468,5,0.875,0.4,0.17199516
17,0,Fp1,0.105134798,0.006478472249224349,-0.09193546,0.119983188,5,0.875,0.4,0.17199516
17,7,FCz,0.10136171000000001,0.005485752315471409,0.10136171000000001,0.115596856,5,0.875,0.4,0.17199516
17,22,P3,0.09891496600000001,0.014122128026989417,0.097571246,0.1076464,5,0.875,0.4,0.17199516
17,24,T5,0.093223754,0.020043023886605286,0.051272144,0.103192642,5,0.875,0.4,0.17199516
17,1,Fp2,0.089223092,0.01743768620600279,0.073116846,0.105700134,5,0.875,0.4,0.17199516
17,12,Cz,0.086730564,0.019163960381457696,0.080512252,0.098666922,5,0.875,0.4,0.17199516
17,4,F4,0.085622932,0.02143209573544477,0.012588304,0.09456631,5,0.875,0.4,0.17199516
17,20,TP8,0.084973436,0.015340018848970816,-0.061900252,0.102979898,5,0.875,0.4,0.17199516
17,10,FT7,0.084758334,0.018073341039468328,-0.05475163000000001,0.102569208,5,0.875,0.4,0.17199516
17,3,F3,0.082669432,0.007317841992856914,0.031399425999999994,0.091638398,5,0.875,0.4,0.17199516
17,19,TP7,0.080998482,0.005603381781345973,-0.010199458,0.093138892,5,0.875,0.4,0.17199516
17,5,F7,0.077931602,0.012323271529377657,0.071499844,0.097026334,5,0.875,0.4,0.17199516
17,26,Oz,0.07718415,0.00403957893872616,0.025237526,0.084285354,5,0.875,0.4,0.17199516
17,11,FT8,0.071819008,0.018074338179974118,0.006368324,0.084556714,5,0.875,0.4,0.17199516
17,6,F8,0.06868270000000001,0.012010170389688482,-0.011073568,0.072548268,5,0.875,0.4,0.17199516
17,25,T6,0.06830727,0.01895358915539086,-0.053243479999999996,0.07876673,5,0.875,0.4,0.17199516
17,9,FC4,0.057899962000000006,0.008633396827452688,-0.05769582399999999,0.07502684800000001,5,0.875,0.4,0.17199516
17,8,FC3,0.044209484,0.02046946902237403,0.021258296,0.05087878,5,0.875,0.4,0.17199516
18,11,FT8,0.19894088199999999,0.029588481895378983,-0.018128632,0.211045426,5,0.55,0.0,1.199044252
18,23,P4,0.19526817400000002,0.035845462627932145,-0.11374242400000001,0.21072023399999998,5,0.55,0.0,1.199044252
18,20,TP8,0.188889812,0.01503423815768428,0.07293490799999999,0.206910042,5,0.55,0.0,1.199044252
18,26,Oz,0.141725986,0.023200516208721086,0.011987566000000002,0.14954015,5,0.55,0.0,1.199044252
18,7,FCz,0.14053179600000001,0.02980980303214498,0.12983541999999998,0.16602205799999997,5,0.55,0.0,1.199044252
18,12,Cz,0.135335118,0.03814602866242724,0.10189071400000001,0.14921868,5,0.55,0.0,1.199044252
18,13,C3,0.115544864,0.04045677775633126,-0.08195796400000001,0.125085888,5,0.55,0.0,1.199044252
18,19,TP7,0.10746977799999999,0.02847144053707715,-0.0022080180000000004,0.126541144,5,0.55,0.0,1.199044252
18,22,P3,0.104251278,0.05011194701875463,0.047870135999999994,0.133889886,5,0.55,0.0,1.199044252
18,27,O1,0.10058866,0.024647289405008616,0.007797503999999999,0.11120958,5,0.55,0.0,1.199044252
18,2,Fz,0.099010402,0.025394486923681292,-0.07056800999999999,0.10954919599999999,5,0.55,0.0,1.199044252
18,15,T3,0.094896436,0.018643220145227866,0.06589898599999999,0.105913002,5,0.55,0.0,1.199044252
18,24,T5,0.084846116,0.031152339736321248,0.0010554120000000004,0.093494316,5,0.55,0.0,1.199044252
18,28,O2,0.083362048,0.012302297380915076,-0.030361120000000002,0.09196209600000001,5,0.55,0.0,1.199044252
18,8,FC3,0.083101948,0.028813910537203544,-0.03355104,0.097834144,5,0.55,0.0,1.199044252
18,14,C4,0.080145276,0.017455061024139393,-0.047630828,0.092309648,5,0.55,0.0,1.199044252
18,17,CP3,0.075526566,0.03354639892558709,0.023796486,0.08357965199999999,5,0.55,0.0,1.199044252
18,16,T4,0.07179235,0.027748948307550324,-0.036306161999999996,0.08487926,5,0.55,0.0,1.199044252
18,9,FC4,0.06381987,0.014671789072149657,0.029247546000000003,0.084531036,5,0.55,0.0,1.199044252
18,21,Pz,0.062624642,0.03946154489044707,-0.013937222000000003,0.074147832,5,0.55,0.0,1.199044252
18,18,CP4,0.058920099999999996,0.01465549575667947,0.012198368,0.06715735,5,0.55,0.0,1.199044252
18,4,F4,0.058347916,0.019053873102784908,0.024477437999999997,0.067266358,5,0.55,0.0,1.199044252
18,6,F8,0.051546706,0.01565303848213758,-0.010296324,0.06406608999999999,5,0.55,0.0,1.199044252
18,3,F3,0.051143348,0.02156155374091278,-0.02323585,0.065426208,5,0.55,0.0,1.199044252
18,10,FT7,0.043199408,0.005624871431363566,-0.01986336,0.052417672000000005,5,0.55,0.0,1.199044252
18,25,T6,0.03608025,0.012084763259772613,0.022227982,0.043473956,5,0.55,0.0,1.199044252
18,5,F7,0.034944512,0.018728594653353466,-0.0021378300000000003,0.041249828,5,0.55,0.0,1.199044252
18,1,Fp2,0.024025565999999998,0.0085995609312412,0.011801818,0.026457251999999997,5,0.55,0.0,1.199044252
18,0,Fp1,0.017714604000000002,0.004655667328577075,0.0012427019999999996,0.020321674,5,0.55,0.0,1.199044252
19,21,Pz,0.152329886,0.018188427422488447,0.014676792,0.15553436,5,0.85,0.6,0.283232832
19,17,CP3,0.139585778,0.025830708449635482,0.027366742,0.15599718999999998,5,0.85,0.6,0.283232832
19,15,T3,0.13933687,0.018206735342280615,0.136564858,0.15539584,5,0.85,0.6,0.283232832
19,28,O2,0.137104624,0.01736188896221347,-0.02756475,0.144655076,5,0.85,0.6,0.283232832
19,16,T4,0.119534844,0.011536927865366928,-0.004950758,0.139050952,5,0.85,0.6,0.283232832
19,13,C3,0.118363744,0.011362274178734203,0.052308535999999996,0.124605824,5,0.85,0.6,0.283232832
19,23,P4,0.11215413,0.011234988067603813,-0.089071496,0.12468341000000001,5,0.85,0.6,0.283232832
19,27,O1,0.10961143799999999,0.023030614277260823,0.049114954,0.12126087199999999,5,0.85,0.6,0.283232832
19,20,TP8,0.101920084,0.017397397427205315,-0.044984449999999995,0.116408066,5,0.85,0.6,0.283232832
19,18,CP4,0.10172577599999999,0.01599353489123121,0.033939388,0.11655282600000001,5,0.85,0.6,0.283232832
19,14,C4,0.101550042,0.03132023394793724,-0.08056315,0.122368476,5,0.85,0.6,0.283232832
19,2,Fz,0.10048156,0.02483433339245992,-0.097229394,0.11015625600000001,5,0.85,0.6,0.283232832
19,0,Fp1,0.09946755199999999,0.01598655663479538,-0.07606949599999999,0.112399684,5,0.85,0.6,0.283232832
19,10,FT7,0.09938248400000001,0.036059923423857686,-0.007165913999999998,0.11145590000000001,5,0.85,0.6,0.283232832
19,19,TP7,0.099036764,0.03295083556143956,-0.022398946,0.111088802,5,0.85,0.6,0.283232832
19,5,F7,0.097328178,0.02877569057999165,0.071588202,0.111318396,5,0.85,0.6,0.283232832
19,4,F4,0.095857472,0.02198423924663689,0.026305254,0.10607993599999999,5,0.85,0.6,0.283232832
19,24,T5,0.094814324,0.014334459368050124,0.050254082,0.10506448399999999,5,0.85,0.6,0.283232832
19,22,P3,0.093973704,0.026968237788230248,0.088452436,0.10454656,5,0.85,0.6,0.283232832
19,7,FCz,0.09086400800000001,0.013851349053730106,0.09086400800000001,0.10170455999999999,5,0.85,0.6,0.283232832
19,11,FT8,0.088917548,0.016345078233976733,0.019783336000000002,0.102418266,5,0.85,0.6,0.283232832
19,9,FC4,0.086084432,0.043331239194624595,-0.042918066,0.101339396,5,0.85,0.6,0.283232832
19,25,T6,0.08592939200000001,0.0072216203343896425,-0.05535466,0.09747484199999999,5,0.85,0.6,0.283232832
19,26,Oz,0.075583882,0.010007138413930824,0.04444118600000001,0.07950813999999999,5,0.85,0.6,0.283232832
19,3,F3,0.07429415,0.01906197307566953,0.02255919,0.081567218,5,0.85,0.6,0.283232832
19,12,Cz,0.068437,0.01378744964455537,0.057801216,0.080135808,5,0.85,0.6,0.283232832
19,1,Fp2,0.066530438,0.01915784345890137,0.049354956,0.083547388,5,0.85,0.6,0.283232832
19,6,F8,0.063657084,0.019104017435748424,-0.022159656,0.06509965399999999,5,0.85,0.6,0.283232832
19,8,FC3,0.03407618799999999,0.005075880132062813,-0.00673222,0.041397904,5,0.85,0.6,0.283232832
2,21,Pz,0.1523676,0.010000402985907625,-0.019293934,0.15765504,5,0.675,0.0,0.35044771199999997
2,15,T3,0.15029929800000003,0.011084395281584822,0.15029929800000003,0.15209171000000002,5,0.675,0.0,0.35044771199999997
2,17,CP3,0.137912538,0.006345407341890665,-0.003579083999999999,0.158479614,5,0.675,0.0,0.35044771199999997
2,28,O2,0.132406728,0.0046541970614403525,-0.016313662,0.135175354,5,0.675,0.0,0.35044771199999997
2,2,Fz,0.125061236,0.016544097302817095,-0.125061236,0.13960016,5,0.675,0.0,0.35044771199999997
2,27,O1,0.11955408999999999,0.030998720189936876,0.057033948,0.12958246599999998,5,0.675,0.0,0.35044771199999997
2,16,T4,0.117476804,0.019453680296929173,0.042215472,0.131214538,5,0.675,0.0,0.35044771199999997
2,24,T5,0.116860764,0.014287470247389147,0.079089356,0.12716503,5,0.675,0.0,0.35044771199999997
2,5,F7,0.115272194,0.026546315195051646,0.09294321,0.126173268,5,0.675,0.0,0.35044771199999997
2,18,CP4,0.109108644,0.008160452569841332,0.034852872,0.12831131599999998,5,0.675,0.0,0.35044771199999997
2,10,FT7,0.10236869,0.01510828917456077,-0.061194544000000003,0.11134150999999999,5,0.675,0.0,0.35044771199999997
2,0,Fp1,0.099819236,0.029118448658928927,-0.07711067,0.11068867200000002,5,0.675,0.0,0.35044771199999997
2,23,P4,0.099270474,0.0074024347423081,-0.07591877,0.107428196,5,0.675,0.0,0.35044771199999997
2,13,C3,0.09764264,0.018947397624675264,0.025535712,0.109071816,5,0.675,0.0,0.35044771199999997
2,25,T6,0.094608496,0.009108805195810804,-0.04029798,0.101906236,5,0.675,0.0,0.35044771199999997
2,4,F4,0.092929266,0.005999615634020229,0.016026516,0.104049586,5,0.675,0.0,0.35044771199999997
2,7,FCz,0.08825353,0.005811597189882486,0.06839258200000001,0.10925397,5,0.675,0.0,0.35044771199999997
2,14,C4,0.08602164,0.005571985521216836,-0.050227504,0.096064626,5,0.675,0.0,0.35044771199999997
2,12,Cz,0.085421568,0.01651893323148532,0.048513334,0.097618544,5,0.675,0.0,0.35044771199999997
2,3,F3,0.085017044,0.005131219666281109,0.019417352,0.094451766,5,0.675,0.0,0.35044771199999997
2,26,Oz,0.078303426,0.007540771800437933,0.048256422,0.08459158,5,0.675,0.0,0.35044771199999997
2,22,P3,0.078044158,0.02264677266083448,0.06454632,0.08787131200000001,5,0.675,0.0,0.35044771199999997
2,6,F8,0.06995226,0.00993045708980458,-0.016404422,0.077752936,5,0.675,0.0,0.35044771199999997
2,1,Fp2,0.068136894,0.007917527288442397,0.065816762,0.08193239599999999,5,0.675,0.0,0.35044771199999997
2,11,FT8,0.067873154,0.017588401108929144,0.025193106,0.083509626,5,0.675,0.0,0.35044771199999997
2,19,TP7,0.067507476,0.015220779023498764,-0.017572618,0.08359889000000001,5,0.675,0.0,0.35044771199999997
2,20,TP8,0.05939154,0.01538861292060464,-0.039116284,0.07639711,5,0.675,0.0,0.35044771199999997
2,9,FC4,0.046444278,0.01410871553736271,-0.04256614,0.05973600799999999,5,0.675,0.0,0.35044771199999997
2,8,FC3,0.0427084,0.025796989403885872,-0.004569722,0.048969410000000005,5,0.675,0.0,0.35044771199999997
20,21,Pz,0.143292948,0.02770080000301472,-0.00901842,0.1544019,5,0.75,0.2,0.48921515800000004
20,2,Fz,0.133822686,0.036125563698971255,-0.127362164,0.151328778,5,0.75,0.2,0.48921515800000004
20,27,O1,0.13286657200000002,0.013521138315863792,0.06870646799999999,0.148706874,5,0.75,0.2,0.48921515800000004
20,6,F8,0.123364684,0.05299124174131071,0.022363102,0.135611188,5,0.75,0.2,0.48921515800000004
20,19,TP7,0.120235032,0.03434601088388679,-0.087462172,0.13488956000000002,5,0.75,0.2,0.48921515800000004
20,16,T4,0.11745524,0.04216107985353376,0.021807634,0.131493252,5,0.75,0.2,0.48921515800000004
20,13,C3,0.10827284000000001,0.009231774319289872,0.059645616,0.125936514,5,0.75,0.2,0.48921515800000004
20,12,Cz,0.108220766,0.033460744295156976,0.10777333,0.12183017600000001,5,0.75,0.2,0.48921515800000004
20,28,O2,0.107054114,0.040858962218787806,-0.018248418,0.11300141400000001,5,0.75,0.2,0.48921515800000004
20,22,P3,0.105235356,0.023070376350256626,0.104643618,0.13195856,5,0.75,0.2,0.48921515800000004
20,18,CP4,0.10304937,0.019156983460904012,0.064969042,0.12041608200000001,5,0.75,0.2,0.48921515800000004
20,4,F4,0.10133678800000001,0.012430834631897005,0.050838850000000005,0.11374230199999999,5,0.75,0.2,0.48921515800000004
20,17,CP3,0.096377176,0.02344261372820829,0.007093840000000001,0.114109108,5,0.75,0.2,0.48921515800000004
20,15,T3,0.095278416,0.03412220435777676,0.07368267799999999,0.101026196,5,0.75,0.2,0.48921515800000004
20,23,P4,0.09476166,0.010441014146116267,-0.082278184,0.11397339799999999,5,0.75,0.2,0.48921515800000004
20,3,F3,0.093912732,0.02301941314232555,0.018930462000000002,0.108647354,5,0.75,0.2,0.48921515800000004
20,25,T6,0.093310244,0.02238630136706441,-0.068431372,0.11266231,5,0.75,0.2,0.48921515800000004
20,7,FCz,0.089606578,0.021880577680585128,0.087862616,0.10345553,5,0.75,0.2,0.48921515800000004
20,0,Fp1,0.084667444,0.034623726799475674,-0.06591367000000001,0.09720691000000001,5,0.75,0.2,0.48921515800000004
20,26,Oz,0.082345292,0.011025708728429662,0.057135858000000005,0.092657552,5,0.75,0.2,0.48921515800000004
20,10,FT7,0.080286728,0.02153887921850206,-0.025933866,0.099487464,5,0.75,0.2,0.48921515800000004
20,14,C4,0.079377016,0.007275074021924448,-0.055574694,0.094957488,5,0.75,0.2,0.48921515800000004
20,11,FT8,0.075729174,0.011157251918318865,0.022157834,0.095692208,5,0.75,0.2,0.48921515800000004
20,1,Fp2,0.074366706,0.009575264509149603,0.040597636,0.092532844,5,0.75,0.2,0.48921515800000004
20,24,T5,0.07217142800000001,0.03243604753797648,0.046621452,0.08079381599999999,5,0.75,0.2,0.48921515800000004
20,20,TP8,0.067293872,0.023567513786877686,-0.025517288,0.079618278,5,0.75,0.2,0.48921515800000004
20,9,FC4,0.065095658,0.017983936496571606,-0.03873967,0.075983248,5,0.75,0.2,0.48921515800000004
20,5,F7,0.060620324,0.024836232822006848,0.04482514,0.072221078,5,0.75,0.2,0.48921515800000004
20,8,FC3,0.046084802,0.016852615072629532,0.007137173999999999,0.054821449999999994,5,0.75,0.2,0.48921515800000004
21,21,Pz,0.156445006,0.010903828294754087,-0.0065701480000000005,0.164280276,5,0.65,0.0,0.40400158199999997
21,0,Fp1,0.13387316600000002,0.00528905624431523,-0.133850516,0.1523813,5,0.65,0.0,0.40400158199999997
21,18,CP4,0.13045661,0.009283285628884308,0.014130509999999999,0.145726998,5,0.65,0.0,0.40400158199999997
21,17,CP3,0.128345246,0.011087663959208446,0.005434351999999999,0.147442514,5,0.65,0.0,0.40400158199999997
21,28,O2,0.127523432,0.029577747648292452,-0.028868994,0.133961888,5,0.65,0.0,0.40400158199999997
21,15,T3,0.12311274999999999,0.02174150859273914,0.12311274999999999,0.134829786,5,0.65,0.0,0.40400158199999997
21,27,O1,0.120559848,0.006577730442266538,0.047233291999999996,0.130421738,5,0.65,0.0,0.40400158199999997
21,22,P3,0.115389742,0.018756067818070772,0.112592096,0.128802162,5,0.65,0.0,0.40400158199999997
21,26,Oz,0.109812544,0.05451229013374076,0.08651721999999999,0.117859592,5,0.65,0.0,0.40400158199999997
21,2,Fz,0.108359162,0.023888320482377372,-0.10546058,0.131204298,5,0.65,0.0,0.40400158199999997
21,13,C3,0.10366186200000001,0.007242180566229339,0.038341578,0.11442821200000002,5,0.65,0.0,0.40400158199999997
21,16,T4,0.098502122,0.008110930914547973,0.020858492,0.119442716,5,0.65,0.0,0.40400158199999997
21,5,F7,0.09850177800000001,0.02662642301317565,0.09705809800000001,0.11232674000000001,5,0.65,0.0,0.40400158199999997
21,4,F4,0.098125874,0.012588742653221177,-0.0062298679999999995,0.114977454,5,0.65,0.0,0.40400158199999997
21,24,T5,0.09786647400000001,0.018631188530821914,0.058559832,0.10803475600000001,5,0.65,0.0,0.40400158199999997
21,20,TP8,0.09549342,0.011120301789987535,-0.05577335800000001,0.108492886,5,0.65,0.0,0.40400158199999997
21,23,P4,0.087002782,0.016275061604249606,-0.037360738000000004,0.093406466,5,0.65,0.0,0.40400158199999997
21,3,F3,0.084547436,0.01189993413695555,0.030314602000000003,0.104998814,5,0.65,0.0,0.40400158199999997
21,7,FCz,0.083736574,0.00889822577966417,0.076632784,0.099056854,5,0.65,0.0,0.40400158199999997
21,14,C4,0.082937636,0.006735179206909052,-0.03263047,0.09143606600000001,5,0.65,0.0,0.40400158199999997
21,10,FT7,0.07661575400000001,0.022319330055877128,-0.044023884,0.08917913400000001,5,0.65,0.0,0.40400158199999997
21,25,T6,0.075237106,0.020115318227110643,-0.056068129999999994,0.09007409,5,0.65,0.0,0.40400158199999997
21,12,Cz,0.075209954,0.023812271035865726,0.07332993,0.088706352,5,0.65,0.0,0.40400158199999997
21,11,FT8,0.07465229999999999,0.009922653360762427,0.0026671879999999996,0.081954048,5,0.65,0.0,0.40400158199999997
21,19,TP7,0.07118974600000001,0.004858081079019786,-0.007963292,0.078980748,5,0.65,0.0,0.40400158199999997
21,6,F8,0.054825493999999995,0.005396885080760013,0.0100418,0.065397486,5,0.65,0.0,0.40400158199999997
21,9,FC4,0.050718479999999996,0.008776050238752055,-0.041451148,0.065281382,5,0.65,0.0,0.40400158199999997
21,1,Fp2,0.05032095599999999,0.015012294549892431,0.02286835,0.059688778,5,0.65,0.0,0.40400158199999997
21,8,FC3,0.041909406,0.011546431866837912,-0.0028123280000000002,0.052877192,5,0.65,0.0,0.40400158199999997
22,17,CP3,0.15458953800000003,0.018660220669495575,-0.006136667999999999,0.16638715399999998,5,0.575,0.0,0.636460148
22,9,FC4,0.14167228199999998,0.06803210081114516,-0.12353483600000001,0.16052127,5,0.575,0.0,0.636460148
22,5,F7,0.136979532,0.035008279555833216,0.136669778,0.165450106,5,0.575,0.0,0.636460148
22,21,Pz,0.12593022199999998,0.01701407759571233,-0.0002763920000000003,0.12879644799999998,5,0.575,0.0,0.636460148
22,14,C4,0.122958488,0.01165086993958906,-0.113708418,0.13964785600000001,5,0.575,0.0,0.636460148
22,2,Fz,0.11599205800000001,0.013218861388401419,-0.100712202,0.12660940199999998,5,0.575,0.0,0.636460148
22,13,C3,0.11597318999999999,0.013423022461651475,0.08765178,0.138572916,5,0.575,0.0,0.636460148
22,7,FCz,0.11306452,0.021878733371184907,0.104695044,0.126858542,5,0.575,0.0,0.636460148
22,20,TP8,0.10992246800000001,0.02093306952044946,0.02122903,0.11750706200000001,5,0.575,0.0,0.636460148
22,27,O1,0.099886604,0.015227338090906763,0.0005880479999999993,0.112549016,5,0.575,0.0,0.636460148
22,18,CP4,0.098488102,0.008125867089330835,0.039516568,0.11930191999999999,5,0.575,0.0,0.636460148
22,22,P3,0.096186682,0.03134651827872627,0.08883935800000001,0.10733161399999999,5,0.575,0.0,0.636460148
22,28,O2,0.096118356,0.025515979150987526,-0.002451952,0.104025216,5,0.575,0.0,0.636460148
22,23,P4,0.09104245600000001,0.02775762931521134,-0.0302186,0.110640526,5,0.575,0.0,0.636460148
22,0,Fp1,0.09063315400000001,0.029719523992507515,-0.063306746,0.10678290399999998,5,0.575,0.0,0.636460148
22,12,Cz,0.08844945400000001,0.025565182120356193,0.087779622,0.09800073000000001,5,0.575,0.0,0.636460148
22,15,T3,0.08517321600000001,0.017432159052681334,0.03104074,0.096640516,5,0.575,0.0,0.636460148
22,26,Oz,0.08121594400000001,0.026174846165058545,0.008533016,0.09491517000000001,5,0.575,0.0,0.636460148
22,16,T4,0.078802242,0.03168984804051559,0.029818138,0.08895223199999999,5,0.575,0.0,0.636460148
22,3,F3,0.0766722,0.024014897045814082,0.00956239,0.08612848199999999,5,0.575,0.0,0.636460148
22,6,F8,0.07275714,0.021358822901598535,0.053322514,0.092747176,5,0.575,0.0,0.636460148
22,25,T6,0.070941776,0.02184527896150745,-0.05983337,0.08182360600000001,5,0.575,0.0,0.636460148
22,11,FT8,0.069971976,0.018875518161097723,0.008264016,0.07759540000000001,5,0.575,0.0,0.636460148
22,24,T5,0.066894838,0.017283946096575284,0.054240487999999996,0.08110029999999999,5,0.575,0.0,0.636460148
22,19,TP7,0.065985878,0.0252411201086079,-0.04595558,0.080483542,5,0.575,0.0,0.636460148
22,4,F4,0.06582827799999999,0.014822800556931543,0.01479886,0.074994598,5,0.575,0.0,0.636460148
22,10,FT7,0.055544678,0.021064914868126575,-0.044369006,0.067641812,5,0.575,0.0,0.636460148
22,1,Fp2,0.046310952,0.014302972279832958,0.0316733,0.060729092000000005,5,0.575,0.0,0.636460148
22,8,FC3,0.032520424,0.017521673230995377,-0.006136944,0.036748788,5,0.575,0.0,0.636460148
23,21,Pz,0.153089014,0.00020916679954046085,0.006482398,0.153272904,5,1.0,1.0,0.004511954
23,28,O2,0.144091376,0.0003259536011919392,-0.02393953,0.146847276,5,1.0,1.0,0.004511954
23,15,T3,0.12673479199999999,0.000249992500027492,0.12673479199999999,0.131972098,5,1.0,1.0,0.004511954
23,16,T4,0.122337594,0.00024999500000999725,0.013365949999999998,0.134646948,5,1.0,1.0,0.004511954
23,27,O1,0.12191212,0.00032595053321017554,0.056183026000000004,0.132274136,5,1.0,1.0,0.004511954
23,17,CP3,0.121074396,0.0002091608233632633,0.032993546,0.139463116,5,1.0,1.0,0.004511954
23,13,C3,0.115230892,0.00024999250042751295,0.072466478,0.11741016600000001,5,1.0,1.0,0.004511954
23,18,CP4,0.11073313599999998,0.00020915424961018826,0.03455948,0.127378236,5,1.0,1.0,0.004511954
23,0,Fp1,0.10990673799999999,0.0003354072152175647,-0.09590119799999999,0.12269540000000001,5,1.0,1.0,0.004511954
23,22,P3,0.108157452,1.788854382189621e-08,0.108157452,0.117379232,5,1.0,1.0,0.004511954
23,23,P4,0.104813402,0.00017676608885756792,-0.09326529,0.11690713999999999,5,1.0,1.0,0.004511954
23,24,T5,0.10480555,0.00020915305448403212,0.073138828,0.114254814,5,1.0,1.0,0.004511954
23,2,Fz,0.10395174600000001,0.00020915783533015822,-0.098531486,0.117523122,5,1.0,1.0,0.004511954
23,7,FCz,0.098882878,0.00020915245700206525,0.098882878,0.114258386,5,1.0,1.0,0.004511954
23,4,F4,0.09783284,0.00011179780878890454,0.012550028000000001,0.108125326,5,1.0,1.0,0.004511954
23,10,FT7,0.090619856,0.00020917880373020508,-0.05827631,0.104113568,5,1.0,1.0,0.004511954
23,20,TP8,0.08886955,0.0002499925767897863,-0.059363486,0.108084204,5,1.0,1.0,0.004511954
23,3,F3,0.08787067200000001,0.00033539640773269956,0.027613196,0.094676452,5,1.0,1.0,0.004511954
23,14,C4,0.0852049,0.00011180898979956612,-0.07492462,0.095714386,5,1.0,1.0,0.004511954
23,19,TP7,0.08442771,0.0001767696242288277,-0.018631494000000002,0.094437482,5,1.0,1.0,0.004511954
23,5,F7,0.08400587200000001,0.0002849921109785253,0.081526734,0.097546634,5,1.0,1.0,0.004511954
23,25,T6,0.081275502,0.00013693246554415423,-0.062356537999999996,0.09248557399999999,5,1.0,1.0,0.004511954
23,11,FT8,0.08004122,0.00020912318032681102,-0.003387822,0.09704043,5,1.0,1.0,0.004511954
23,1,Fp2,0.07765819,0.0001369306393762904,0.061310188,0.09520171,5,1.0,1.0,0.004511954
23,26,Oz,0.077470756,0.00013692059826775192,0.042167593999999996,0.07984590999999999,5,1.0,1.0,0.004511954
23,6,F8,0.07734207400000001,0.00022359897155398202,-0.028806458,0.078383828,5,1.0,1.0,0.004511954
23,12,Cz,0.07695223799999999,0.00013692424938629546,0.075733648,0.092552938,5,1.0,1.0,0.004511954
23,9,FC4,0.057841739999999996,0.00020915903064415217,-0.057841739999999996,0.07625732199999999,5,1.0,1.0,0.004511954
23,8,FC3,0.030840282000000004,0.00022359170449728148,0.0058221160000000004,0.037561472,5,1.0,1.0,0.004511954
24,21,Pz,0.152012928,0.001063342248699816,0.007378086000000001,0.15223309999999998,5,0.95,0.8,0.018808776
24,28,O2,0.14492481200000001,0.0007758004530289984,-0.022602692,0.14734940000000002,5,0.95,0.8,0.018808776
24,15,T3,0.12488113600000002,0.0014272817651501087,0.12488113600000002,0.13021940599999998,5,0.95,0.8,0.018808776
24,27,O1,0.121840838,0.0008377888865758529,0.056183642,0.132000684,5,0.95,0.8,0.018808776
24,17,CP3,0.12142883,0.00022124856406313868,0.032017222,0.139379578,5,0.95,0.8,0.018808776
24,16,T4,0.121273768,0.0009764832444645447,0.013798752000000001,0.134364824,5,0.95,0.8,0.018808776
24,13,C3,0.11369922400000002,0.0013557986872246189,0.07161968199999999,0.115932394,5,0.95,0.8,0.018808776
24,18,CP4,0.111996732,0.0012505798867405503,0.03608388,0.128382968,5,0.95,0.8,0.018808776
24,22,P3,0.108258928,0.0006268519856553098,0.108258928,0.117882102,5,0.95,0.8,0.018808776
24,0,Fp1,0.107982128,0.0019325010498367115,-0.094434782,0.12064457399999999,5,0.95,0.8,0.018808776
24,24,T5,0.10643329000000001,0.0013304326579162131,0.07362611,0.11555948,5,0.95,0.8,0.018808776
24,23,P4,0.104123276,0.0011392289170004395,-0.09130931,0.11543658999999999,5,0.95,0.8,0.018808776
24,2,Fz,0.10402968800000001,0.0004731963241826759,-0.097240986,0.116837302,5,0.95,0.8,0.018808776
24,7,FCz,0.100134014,0.0012743336446472723,0.100134014,0.115307458,5,0.95,0.8,0.018808776
24,4,F4,0.097789424,0.0008044363248449207,0.013986398,0.10730409,5,0.95,0.8,0.018808776
24,10,FT7,0.09068091,0.000607875682644074,-0.059755042,0.10411192200000001,5,0.95,0.8,0.018808776
24,20,TP8,0.090525128,0.0015608487646373655,-0.059594459999999995,0.10960467199999999,5,0.95,0.8,0.018808776
24,3,F3,0.088423412,0.0008854145452667889,0.027303964000000003,0.09486341400000001,5,0.95,0.8,0.018808776
24,19,TP7,0.085982212,0.0015903521692285662,-0.019459184,0.095944346,5,0.95,0.8,0.018808776
24,14,C4,0.085441632,0.0004970726394300924,-0.07423767,0.095404968,5,0.95,0.8,0.018808776
24,5,F7,0.08363853,0.001074466680800295,0.08021866,0.096587364,5,0.95,0.8,0.018808776
24,25,T6,0.081358406,0.0009146734432736037,-0.06363739799999998,0.09345166,5,0.95,0.8,0.018808776
24,11,FT8,0.080499134,0.000795364061596952,-0.002014316,0.097940812,5,0.95,0.8,0.018808776
24,1,Fp2,0.078917148,0.001254374452274912,0.062260121999999994,0.096579138,5,0.95,0.8,0.018808776
24,12,Cz,0.07862882,0.0015916965686493096,0.07755683,0.09439657800000001,5,0.95,0.8,0.018808776
24,26,Oz,0.077838382,0.0006896419248204133,0.042041341999999995,0.080456366,5,0.95,0.8,0.018808776
24,6,F8,0.077018896,0.0013201235452524839,-0.027978523999999998,0.07819200600000001,5,0.95,0.8,0.018808776
24,9,FC4,0.056399442,0.002141646855312518,-0.056399442,0.07493259599999999,5,0.95,0.8,0.018808776
24,8,FC3,0.03041718,0.0006650454957369464,0.005308124,0.037922842,5,0.95,0.8,0.018808776
25,21,Pz,0.15323587600000002,0.0002035772297679736,0.007040658,0.15344254200000002,5,1.0,1.0,0.006582556000000001
25,28,O2,0.144039826,0.00013555135034369392,-0.023808511999999997,0.14684179400000003,5,1.0,1.0,0.006582556000000001
25,15,T3,0.126673342,0.0003135361145386533,0.126673342,0.131899432,5,1.0,1.0,0.006582556000000001
25,16,T4,0.12229147,0.00033414267641233267,0.013618153999999999,0.134597976,5,1.0,1.0,0.006582556000000001
25,27,O1,0.122179046,0.00039748963355036007,0.05599940999999999,0.132683886,5,1.0,1.0,0.006582556000000001
25,17,CP3,0.12095469,0.00031685958585783247,0.033251726,0.139373882,5,1.0,1.0,0.006582556000000001
25,13,C3,0.114898498,0.0003416308365326505,0.072274374,0.11703349,5,1.0,1.0,0.006582556000000001
25,18,CP4,0.11134158400000001,0.00029832311078761007,0.0349798,0.127924616,5,1.0,1.0,0.006582556000000001
25,0,Fp1,0.11004479199999999,0.00023610522298331195,-0.096218384,0.12287566000000001,5,1.0,1.0,0.006582556000000001
25,22,P3,0.10829881999999999,0.00023151369559919866,0.10829881999999999,0.11772795,5,1.0,1.0,0.006582556000000001
25,24,T5,0.10511949000000001,0.0002179080397782477,0.073008498,0.114516602,5,1.0,1.0,0.006582556000000001
25,23,P4,0.10458300000000001,0.00017975895819124192,-0.09268101799999999,0.116433392,5,1.0,1.0,0.006582556000000001
25,2,Fz,0.10388553600000001,0.0001265344576785276,-0.09845368,0.11746543599999999,5,1.0,1.0,0.006582556000000001
25,7,FCz,0.099012662,0.00011493309301502243,0.099012662,0.11426348,5,1.0,1.0,0.006582556000000001
25,4,F4,0.09753732799999999,1.0035473083012146e-05,0.012429856,0.10781029,5,1.0,1.0,0.006582556000000001
25,10,FT7,0.09060164,0.00044337081325905673,-0.05801031599999999,0.104133144,5,1.0,1.0,0.006582556000000001
25,20,TP8,0.08886171200000001,0.00032208779093594714,-0.058946482,0.10780097799999999,5,1.0,1.0,0.006582556000000001
25,3,F3,0.087687282,0.00015563709397183807,0.02729536,0.09471323200000001,5,1.0,1.0,0.006582556000000001
25,14,C4,0.085097854,0.0005847520836474205,-0.07479565,0.095599606,5,1.0,1.0,0.006582556000000001
25,19,TP7,0.08419256,0.0003417892305939462,-0.018871093999999998,0.09431215200000001,5,1.0,1.0,0.006582556000000001
25,5,F7,0.08355208,0.0005502889929845953,0.081520988,0.097258504,5,1.0,1.0,0.006582556000000001
25,25,T6,0.081018006,0.000130985877788409,-0.06198281800000001,0.0923008,5,1.0,1.0,0.006582556000000001
25,11,FT8,0.079944472,0.00033118264405008,-0.003510708,0.09708636600000001,5,1.0,1.0,0.006582556000000001
25,1,Fp2,0.077869804,0.00022412433018304296,0.060987427999999996,0.09509816800000001,5,1.0,1.0,0.006582556000000001
25,6,F8,0.077326134,0.00015493282069981,-0.028887819999999998,0.07832917,5,1.0,1.0,0.006582556000000001
25,26,Oz,0.077231464,0.00035814677232944096,0.042141618000000006,0.079534432,5,1.0,1.0,0.006582556000000001
25,12,Cz,0.077041414,2.4202082141828448e-05,0.076016768,0.092855616,5,1.0,1.0,0.006582556000000001
25,9,FC4,0.057702114000000006,0.0003040511129399126,-0.057702114000000006,0.075865652,5,1.0,1.0,0.006582556000000001
25,8,FC3,0.031243082,0.00017688848668016865,0.005877536,0.037826708,5,1.0,1.0,0.006582556000000001
26,21,Pz,0.156600818,0.006973917598120157,0.007834325999999999,0.158966398,5,0.925,0.8,0.112011642
26,28,O2,0.14347590400000002,0.0006604260093151933,-0.030621498000000004,0.148495214,5,0.925,0.8,0.112011642
26,17,CP3,0.13113729400000002,0.021867292647341607,0.041921994,0.149362646,5,0.925,0.8,0.112011642
26,16,T4,0.12457965600000001,0.004975186942149008,0.007576131999999999,0.142483952,5,0.925,0.8,0.112011642
26,27,O1,0.122321002,0.0005158456583804851,0.052265604,0.1350816,5,0.925,0.8,0.112011642
26,15,T3,0.11873822600000002,0.02009461401070272,0.115364406,0.125624334,5,0.925,0.8,0.112011642
26,18,CP4,0.117845222,0.014961588892208944,0.046705902,0.132748584,5,0.925,0.8,0.112011642
26,13,C3,0.112473548,0.007719963509785523,0.060194451999999996,0.116952444,5,0.925,0.8,0.112011642
26,22,P3,0.10535922,0.006971384905623123,0.101211008,0.11334044400000001,5,0.925,0.8,0.112011642
26,2,Fz,0.103251502,0.0012722944475906516,-0.091013634,0.11468182,5,0.925,0.8,0.112011642
26,0,Fp1,0.10294089,0.015889104081981773,-0.09124615,0.116190536,5,0.925,0.8,0.112011642
26,7,FCz,0.10282749399999999,0.007473017285138584,0.10282749399999999,0.115918224,5,0.925,0.8,0.112011642
26,23,P4,0.101050876,0.010648931026799355,-0.085452632,0.11256643799999999,5,0.925,0.8,0.112011642
26,3,F3,0.094956856,0.015852818390542738,0.030531642000000005,0.102420654,5,0.925,0.8,0.112011642
26,24,T5,0.094526574,0.021856553992247497,0.06312293799999999,0.10376357600000001,5,0.925,0.8,0.112011642
26,10,FT7,0.09127495399999999,0.002896597557770151,-0.06536388200000001,0.109695272,5,0.925,0.8,0.112011642
26,20,TP8,0.08999674399999999,0.0010587680718315946,-0.057203154,0.1093385,5,0.925,0.8,0.112011642
26,4,F4,0.08853807799999999,0.018325549882496572,0.012496952,0.09956214599999999,5,0.925,0.8,0.112011642
26,5,F7,0.08514972600000001,0.0029074802205741627,0.083839784,0.096742876,5,0.925,0.8,0.112011642
26,19,TP7,0.08476846,0.0012407533473861798,-0.022503113999999998,0.09418683800000001,5,0.925,0.8,0.112011642
26,11,FT8,0.08195089200000001,0.006105358194640995,-0.010452802,0.09653178,5,0.925,0.8,0.112011642
26,25,T6,0.080480606,0.0011123403435459869,-0.05220912600000001,0.091638916,5,0.925,0.8,0.112011642
26,1,Fp2,0.078139564,0.002184953182056764,0.06287018600000001,0.09642261599999999,5,0.925,0.8,0.112011642
26,12,Cz,0.077127952,0.0012019596099994332,0.074516914,0.095803898,5,0.925,0.8,0.112011642
26,14,C4,0.076339642,0.01974466160002039,-0.06712594200000001,0.085713944,5,0.925,0.8,0.112011642
26,26,Oz,0.073135256,0.007917268434143174,0.03793502,0.076076904,5,0.925,0.8,0.112011642
26,6,F8,0.071989256,0.011956962520072983,-0.031321924,0.07585711399999999,5,0.925,0.8,0.112011642
26,9,FC4,0.057926694,0.0016222266870662696,-0.057926694,0.07799576999999999,5,0.925,0.8,0.112011642
26,8,FC3,0.034619330000000004,0.0048955579031761025,0.009561443999999999,0.039735318,5,0.925,0.8,0.112011642
27,21,Pz,0.15304025400000001,2.776081771136148e-06,0.006735808,0.153227842,5,0.95,0.8,0.00523563
27,28,O2,0.14430584200000002,0.0002523804385644819,-0.02392435,0.14707156,5,0.95,0.8,0.00523563
27,15,T3,0.12678414600000001,0.00011217207174692269,0.12678414600000001,0.131896904,5,0.95,0.8,0.00523563
27,16,T4,0.12208094,1.4881034910252381e-05,0.013410924,0.134324706,5,0.95,0.8,0.00523563
27,27,O1,0.12202474199999999,0.0002918634067847482,0.056220835999999996,0.132434716,5,0.95,0.8,0.00523563
27,17,CP3,0.121174238,0.00011188325062313738,0.032896632,0.139633882,5,0.95,0.8,0.00523563
27,13,C3,0.11553058000000001,0.00011108785712218795,0.072518938,0.11768768199999999,5,0.95,0.8,0.00523563
27,18,CP4,0.111328618,0.00013312903578858431,0.034714608,0.127927226,5,0.95,0.8,0.00523563
27,0,Fp1,0.10985075,0.0001158798970917726,-0.095695146,0.12256554800000001,5,0.95,0.8,0.00523563
27,22,P3,0.108004572,0.0001330912120314501,0.108004572,0.117201906,5,0.95,0.8,0.00523563
27,24,T5,0.105060304,0.00010961568218097545,0.073443076,0.1146177,5,0.95,0.8,0.00523563
27,23,P4,0.10500298,0.00010835328929017501,-0.093226112,0.116924718,5,0.95,0.8,0.00523563
27,2,Fz,0.103703752,0.0001073659262522313,-0.09833172,0.117264238,5,0.95,0.8,0.00523563
27,7,FCz,0.09893463999999999,3.9298918560155206e-06,0.09893463999999999,0.11440557199999998,5,0.95,0.8,0.00523563
27,4,F4,0.097780304,0.0001723424024435116,0.012450322,0.10813308799999999,5,0.95,0.8,0.00523563
27,10,FT7,0.090584048,0.00015273188115125529,-0.058092276,0.103893612,5,0.95,0.8,0.00523563
27,20,TP8,0.088627432,0.00033964638422924785,-0.059213044000000006,0.10780450400000001,5,0.95,0.8,0.00523563
27,3,F3,0.088018112,0.0001722762169308323,0.027517344,0.094876674,5,0.95,0.8,0.00523563
27,14,C4,0.08525287,0.00022754450388879965,-0.07501569400000001,0.09581717000000001,5,0.95,0.8,0.00523563
27,19,TP7,0.084290846,0.00019845943787081473,-0.018571304,0.09426287,5,0.95,0.8,0.00523563
27,5,F7,0.083943872,0.0002149807213914698,0.08134663,0.097392762,5,0.95,0.8,0.00523563
27,25,T6,0.08121574000000001,0.0002682419787244302,-0.062154240000000006,0.092370972,5,0.95,0.8,0.00523563
27,11,FT8,0.080093644,0.00017685813320286045,-0.003440962,0.097292148,5,0.95,0.8,0.00523563
27,1,Fp2,0.077648078,0.00014761272157236388,0.061346828,0.09528255199999999,5,0.95,0.8,0.00523563
27,26,Oz,0.07747799200000001,0.00014737803930707987,0.042312028,0.07982917,5,0.95,0.8,0.00523563
27,12,Cz,0.07735093600000001,0.00010890992691210639,0.075686012,0.092883044,5,0.95,0.8,0.00523563
27,6,F8,0.077296822,0.00026748160230191756,-0.029211231999999997,0.078258948,5,0.95,0.8,0.00523563
27,9,FC4,0.057892372000000004,1.4132126520803976e-06,-0.057892372000000004,0.076067244,5,0.95,0.8,0.00523563
27,8,FC3,0.03069677,9.729690796731326e-05,0.006024191999999999,0.037291914,5,0.95,0.8,0.00523563
28,21,Pz,0.15189726399999998,0.0021365417618385194,0.006097118,0.152172416,5,0.925,0.8,0.032459749999999996
28,28,O2,0.145979454,0.00384075516084141,-0.022628318,0.148811322,5,0.925,0.8,0.032459749999999996
28,15,T3,0.12735723999999998,0.0011193446230495841,0.12735723999999998,0.132281196,5,0.925,0.8,0.032459749999999996
28,16,T4,0.12404762,0.00410513851807097,0.015039305999999999,0.136086724,5,0.925,0.8,0.032459749999999996
28,17,CP3,0.12305498200000001,0.004043267365092247,0.03179495,0.14118386,5,0.925,0.8,0.032459749999999996
28,27,O1,0.12225819200000002,0.000885627145485056,0.056718516,0.133451608,5,0.925,0.8,0.032459749999999996
28,13,C3,0.11484337200000001,0.00019974067117139416,0.07381327800000001,0.117370796,5,0.925,0.8,0.032459749999999996
28,0,Fp1,0.11125615600000001,0.003113181444323479,-0.09574571400000001,0.12325214799999999,5,0.925,0.8,0.032459749999999996
28,18,CP4,0.10944885200000001,0.0029003097925687214,0.03365425,0.12688402999999998,5,0.925,0.8,0.032459749999999996
28,22,P3,0.108389844,0.00039504449905042777,0.108389844,0.11769140600000001,5,0.925,0.8,0.032459749999999996
28,23,P4,0.105834982,0.0020086775942196396,-0.094081716,0.117679622,5,0.925,0.8,0.032459749999999996
28,7,FCz,0.10256429200000002,0.008400477920235851,0.10256429200000002,0.11676131199999999,5,0.925,0.8,0.032459749999999996
28,2,Fz,0.10226182399999999,0.0036219117768700538,-0.094260696,0.11422903799999999,5,0.925,0.8,0.032459749999999996
28,24,T5,0.10208688400000002,0.006253110537902711,0.07121185999999999,0.11110944,5,0.925,0.8,0.032459749999999996
28,4,F4,0.09527729,0.005046654101877799,0.009949648,0.106885826,5,0.925,0.8,0.032459749999999996
28,10,FT7,0.090970538,0.001256535518407659,-0.056905282,0.10353996800000001,5,0.925,0.8,0.032459749999999996
28,20,TP8,0.088438136,0.0012750013848345466,-0.061341113999999995,0.109262402,5,0.925,0.8,0.032459749999999996
28,3,F3,0.08840338,0.0014258630092333542,0.03052551,0.094472616,5,0.925,0.8,0.032459749999999996
28,14,C4,0.08756016800000001,0.0038426380709312207,-0.074247786,0.097153718,5,0.925,0.8,0.032459749999999996
28,5,F7,0.08733147599999999,0.006235362241901429,0.08498964,0.10131733000000001,5,0.925,0.8,0.032459749999999996
28,25,T6,0.082810418,0.003350094543855441,-0.063414704,0.09399422199999999,5,0.925,0.8,0.032459749999999996
28,19,TP7,0.08179135200000001,0.006175843696364086,-0.02062677,0.092224396,5,0.925,0.8,0.032459749999999996
28,12,Cz,0.079422862,0.006140636285619757,0.078527988,0.094961836,5,0.925,0.8,0.032459749999999996
28,11,FT8,0.078319666,0.004381791989132985,-0.006202398,0.09561829200000001,5,0.925,0.8,0.032459749999999996
28,6,F8,0.076858342,0.0015606548460405977,-0.030305226,0.077746342,5,0.925,0.8,0.032459749999999996
28,1,Fp2,0.07558579800000001,0.004698226973930694,0.059969962,0.09483026,5,0.925,0.8,0.032459749999999996
28,26,Oz,0.074832032,0.0060970427673602565,0.039610980000000004,0.07770727000000001,5,0.925,0.8,0.032459749999999996
28,9,FC4,0.058995410000000005,0.0020590725467792576,-0.056697215999999995,0.075427068,5,0.925,0.8,0.032459749999999996
28,8,FC3,0.032913352,0.004300108537301122,0.009356342,0.03920037,5,0.925,0.8,0.032459749999999996
29,28,O2,0.147282258,0.004948987460917635,-0.026048652,0.15025216000000002,5,0.9,0.8,0.09286112399999999
29,21,Pz,0.145629524,0.016427932051560235,0.007506636,0.14605784400000002,5,0.9,0.8,0.09286112399999999
29,17,CP3,0.121515182,0.0008396746453656904,0.027894014,0.13845929799999998,5,0.9,0.8,0.09286112399999999
29,16,T4,0.121162886,0.0007371531687715969,0.00717959,0.132672188,5,0.9,0.8,0.09286112399999999
29,15,T3,0.12102513399999999,0.011947145903720265,0.12102513399999999,0.12571721,5,0.9,0.8,0.09286112399999999
29,27,O1,0.118393716,0.006721493873130442,0.044687991999999996,0.129388042,5,0.9,0.8,0.09286112399999999
29,22,P3,0.11386683999999998,0.013359771423323454,0.11386683999999998,0.12443842000000001,5,0.9,0.8,0.09286112399999999
29,24,T5,0.11252306999999999,0.014689336791043369,0.086667178,0.12365151,5,0.9,0.8,0.09286112399999999
29,0,Fp1,0.11221510800000001,0.003635538721038466,-0.100818272,0.124820338,5,0.9,0.8,0.09286112399999999
29,13,C3,0.109823176,0.012469005196459335,0.062842292,0.11217607599999999,5,0.9,0.8,0.09286112399999999
29,18,CP4,0.107050932,0.009171695110723539,0.033017636,0.123009328,5,0.9,0.8,0.09286112399999999
29,2,Fz,0.10461050999999999,0.0009757442239388353,-0.100072932,0.11985821999999999,5,0.9,0.8,0.09286112399999999
29,23,P4,0.099108646,0.012015725298067945,-0.089025942,0.111545,5,0.9,0.8,0.09286112399999999
29,7,FCz,0.09879971600000001,0.0019268706489616778,0.09879971600000001,0.11213004200000001,5,0.9,0.8,0.09286112399999999
29,20,TP8,0.097419122,0.01922366792554351,-0.06728869200000001,0.11591166,5,0.9,0.8,0.09286112399999999
29,4,F4,0.096089848,0.004025824021386181,0.014051602000000002,0.107276136,5,0.9,0.8,0.09286112399999999
29,3,F3,0.089428828,0.003612320747908468,0.027543808000000003,0.097647934,5,0.9,0.8,0.09286112399999999
29,19,TP7,0.084618032,0.0005719407490903229,-0.01233284,0.09360017400000001,5,0.9,0.8,0.09286112399999999
29,5,F7,0.083780364,0.003022157021554309,0.074208472,0.097139436,5,0.9,0.8,0.09286112399999999
29,10,FT7,0.08339819,0.013414602015447568,-0.051259361999999996,0.09551314,5,0.9,0.8,0.09286112399999999
29,6,F8,0.082812734,0.01047137398026305,-0.026329124,0.08547426,5,0.9,0.8,0.09286112399999999
29,25,T6,0.08099446,0.0015024161777450384,-0.060116684,0.091758834,5,0.9,0.8,0.09286112399999999
29,1,Fp2,0.080748522,0.005666378120953452,0.067160546,0.097197742,5,0.9,0.8,0.09286112399999999
29,11,FT8,0.07966887,0.00047536047232600543,-0.009969714000000001,0.09373031200000001,5,0.9,0.8,0.09286112399999999
29,12,Cz,0.07761441599999999,0.0036247182040856705,0.076690542,0.090726118,5,0.9,0.8,0.09286112399999999
29,14,C4,0.076221618,0.02158946067510997,-0.06806636199999999,0.08554962,5,0.9,0.8,0.09286112399999999
29,26,Oz,0.075519012,0.005848249012146292,0.034408984,0.080257542,5,0.9,0.8,0.09286112399999999
29,9,FC4,0.060066548,0.0034488420998024815,-0.060066548,0.07498584999999999,5,0.9,0.8,0.09286112399999999
29,8,FC3,0.03796159,0.01570603658680636,-0.0009298080000000001,0.046052744,5,0.9,0.8,0.09286112399999999
3,17,CP3,0.152005216,0.06604645852408347,-0.005035953999999998,0.176047288,5,0.6,0.0,1.020095746
3,24,T5,0.138532996,0.08222127766735159,0.09751568,0.146042672,5,0.6,0.0,1.020095746
3,18,CP4,0.134413864,0.03159564390424145,0.055788411999999996,0.152807558,5,0.6,0.0,1.020095746
3,4,F4,0.13178616,0.013850019800475013,0.009760868,0.15147694,5,0.6,0.0,1.020095746
3,23,P4,0.13098985800000001,0.023420992943768836,-0.05838314800000001,0.142316786,5,0.6,0.0,1.020095746
3,2,Fz,0.12907501999999998,0.039644136400178394,-0.08947804,0.15404919,5,0.6,0.0,1.020095746
3,21,Pz,0.11874931600000001,0.03616106018796087,0.021610366000000002,0.141960058,5,0.6,0.0,1.020095746
3,8,FC3,0.11863371600000001,0.029284462473808188,-0.011515281999999995,0.13313077,5,0.6,0.0,1.020095746
3,19,TP7,0.11786918399999999,0.016283213266378962,-0.10475202800000001,0.13066862399999998,5,0.6,0.0,1.020095746
3,5,F7,0.11726897200000001,0.027526494148405828,0.11086617400000001,0.132480898,5,0.6,0.0,1.020095746
3,14,C4,0.11470398600000001,0.020751157816241966,0.075812976,0.138465586,5,0.6,0.0,1.020095746
3,13,C3,0.11274321000000001,0.027081153020840895,-0.049005337999999996,0.1348328,5,0.6,0.0,1.020095746
3,3,F3,0.10188520400000001,0.019192448995399986,0.057338056000000005,0.11675555,5,0.6,0.0,1.020095746
3,22,P3,0.092809838,0.04986749700955343,0.017749631999999998,0.113669854,5,0.6,0.0,1.020095746
3,28,O2,0.086849494,0.039432348510706657,0.01638705,0.099047328,5,0.6,0.0,1.020095746
3,7,FCz,0.081064608,0.028090396425366086,0.018940076,0.09095624,5,0.6,0.0,1.020095746
3,27,O1,0.079391776,0.03281482995012514,0.011434022,0.089624046,5,0.6,0.0,1.020095746
3,12,Cz,0.079105224,0.02784372043008854,0.042634124,0.102576178,5,0.6,0.0,1.020095746
3,16,T4,0.078655928,0.019958548847678528,0.050664412000000006,0.097597762,5,0.6,0.0,1.020095746
3,25,T6,0.075590528,0.03352265088021485,-0.050861884,0.09071543,5,0.6,0.0,1.020095746
3,26,Oz,0.069316886,0.02643512747648155,0.057114982,0.0775067,5,0.6,0.0,1.020095746
3,15,T3,0.06912916599999999,0.02150651838918447,0.059985294,0.094699482,5,0.6,0.0,1.020095746
3,6,F8,0.060455994,0.034521744516618505,-0.043297458,0.06785977,5,0.6,0.0,1.020095746
3,10,FT7,0.058260387999999996,0.017126505997715064,0.019695478,0.06606307,5,0.6,0.0,1.020095746
3,11,FT8,0.057603772,0.027278688535990327,0.022929786,0.070852188,5,0.6,0.0,1.020095746
3,20,TP8,0.046961213999999994,0.009996357737627741,0.008396692,0.05989005000000001,5,0.6,0.0,1.020095746
3,9,FC4,0.043378862,0.014650013055409543,0.013528512000000001,0.051126517999999996,5,0.6,0.0,1.020095746
3,1,Fp2,0.042578858000000004,0.017177395744805733,-0.008150018,0.053140918,5,0.6,0.0,1.020095746
3,0,Fp1,0.036480068,0.005189790810501903,-0.030050728000000006,0.046700387999999995,5,0.6,0.0,1.020095746
30,13,C3,0.15890233,0.03887933356054859,0.06343363199999999,0.166417176,5,0.75,0.2,0.9464780420000001
30,23,P4,0.15339843,0.04262710004129591,-0.025422867999999998,0.164173328,5,0.75,0.2,0.9464780420000001
30,7,FCz,0.14521777,0.03738637595428313,0.0262996,0.15562304799999999,5,0.75,0.2,0.9464780420000001
30,8,FC3,0.14302154,0.08151036043877491,-0.038935566,0.15883751799999998,5,0.75,0.2,0.9464780420000001
30,24,T5,0.13683145400000002,0.03308696304620945,0.105048768,0.162195788,5,0.75,0.2,0.9464780420000001
30,18,CP4,0.128882834,0.050299306230406696,0.035970916,0.15852912800000002,5,0.75,0.2,0.9464780420000001
30,2,Fz,0.11604290800000001,0.048355966300580436,-0.08792833200000001,0.128603342,5,0.75,0.2,0.9464780420000001
30,19,TP7,0.11529598999999999,0.02289856443260472,-0.055848358,0.12753781,5,0.75,0.2,0.9464780420000001
30,0,Fp1,0.11390214000000001,0.007266083090045832,-0.110722404,0.12280253599999999,5,0.75,0.2,0.9464780420000001
30,17,CP3,0.105640034,0.04227270747807893,0.07834724600000001,0.1186963,5,0.75,0.2,0.9464780420000001
30,16,T4,0.10143467399999999,0.01860079529936771,0.03028054,0.117248088,5,0.75,0.2,0.9464780420000001
30,25,T6,0.100975412,0.017437734842294456,0.069193624,0.11456447,5,0.75,0.2,0.9464780420000001
30,15,T3,0.097415778,0.02108796225061516,0.096593828,0.102453638,5,0.75,0.2,0.9464780420000001
30,22,P3,0.096545602,0.026892857645559348,-0.015229590000000001,0.11017117400000001,5,0.75,0.2,0.9464780420000001
30,28,O2,0.094542642,0.0452497054661643,-0.026650583999999998,0.10386546999999999,5,0.75,0.2,0.9464780420000001
30,21,Pz,0.08906238200000001,0.051996476564169905,0.020961531999999998,0.09634055999999999,5,0.75,0.2,0.9464780420000001
30,5,F7,0.086016852,0.024470813701858583,0.054942771999999994,0.096493092,5,0.75,0.2,0.9464780420000001
30,4,F4,0.084600882,0.020597423282558185,0.050906566,0.096766862,5,0.75,0.2,0.9464780420000001
30,3,F3,0.084342262,0.013757996653302039,0.06181932,0.09825882999999999,5,0.75,0.2,0.9464780420000001
30,20,TP8,0.08265702999999999,0.01771942073319977,-0.072569146,0.092448628,5,0.75,0.2,0.9464780420000001
30,14,C4,0.081387058,0.017721980337080563,-0.044122554,0.091476912,5,0.75,0.2,0.9464780420000001
30,10,FT7,0.078512842,0.031652647517914995,-0.020326744,0.093330842,5,0.75,0.2,0.9464780420000001
30,9,FC4,0.071671578,0.030417840651063153,-0.023948169999999998,0.085918062,5,0.75,0.2,0.9464780420000001
30,12,Cz,0.069887718,0.01167254665130836,0.037368892,0.082825344,5,0.75,0.2,0.9464780420000001
30,27,O1,0.058342916,0.03592637080333512,0.018771044,0.067743372,5,0.75,0.2,0.9464780420000001
30,26,Oz,0.050013544,0.019458273959949014,0.0007270079999999998,0.05595713,5,0.75,0.2,0.9464780420000001
30,6,F8,0.043372758,0.01926176374608437,0.011167946,0.049424558,5,0.75,0.2,0.9464780420000001
30,11,FT8,0.040753198000000004,0.023328794317541788,0.008037606,0.047963334,5,0.75,0.2,0.9464780420000001
30,1,Fp2,0.04074324,0.0227333763646527,0.034352412,0.048724758,5,0.75,0.2,0.9464780420000001
31,21,Pz,0.151854216,0.003624474645907996,0.00683512,0.152231656,5,0.925,0.6,0.066694528
31,28,O2,0.146932414,0.003973917727970719,-0.024086902,0.14961686800000001,5,0.925,0.6,0.066694528
31,15,T3,0.128618886,0.0028556623496712712,0.128618886,0.133945888,5,0.925,0.6,0.066694528
31,27,O1,0.12047703000000001,0.001963353369327589,0.053631808,0.130807934,5,0.925,0.6,0.066694528
31,17,CP3,0.12015857199999999,0.0014877880859920896,0.030965594000000003,0.13852924,5,0.925,0.6,0.066694528
31,16,T4,0.11719325,0.007777851723988443,0.009765744,0.132656844,5,0.925,0.6,0.066694528
31,13,C3,0.116375016,0.002331268047636304,0.078033354,0.12088817199999999,5,0.925,0.6,0.066694528
31,0,Fp1,0.11219533799999999,0.004327067575647503,-0.096608496,0.12416597600000001,5,0.925,0.6,0.066694528
31,18,CP4,0.10854018400000001,0.004107226893650988,0.025963068,0.126477402,5,0.925,0.6,0.066694528
31,2,Fz,0.10660856999999999,0.003617874505286219,-0.094692648,0.117796602,5,0.925,0.6,0.066694528
31,22,P3,0.10578053000000001,0.006174804982430619,0.10578053000000001,0.116271138,5,0.925,0.6,0.066694528
31,24,T5,0.105047376,0.0076532458626278315,0.073602848,0.11421848400000001,5,0.925,0.6,0.066694528
31,23,P4,0.104016658,0.006387970178982514,-0.09723372799999999,0.118169734,5,0.925,0.6,0.066694528
31,4,F4,0.09930172,0.003614221562197037,0.017920294,0.10783214,5,0.925,0.6,0.066694528
31,7,FCz,0.098172148,0.0009372200930784587,0.095250864,0.112623736,5,0.925,0.6,0.066694528
31,10,FT7,0.093827506,0.0045992901485207485,-0.059118408,0.105293346,5,0.925,0.6,0.066694528
31,20,TP8,0.091928114,0.006700552816964435,-0.065597708,0.113596952,5,0.925,0.6,0.066694528
31,3,F3,0.085150532,0.006542218861660772,0.025611896000000002,0.09234692,5,0.925,0.6,0.066694528
31,19,TP7,0.084191918,0.0011948813838703822,-0.016641644,0.094997528,5,0.925,0.6,0.066694528
31,14,C4,0.08229061200000001,0.005259460078294154,-0.06910773,0.090750966,5,0.925,0.6,0.066694528
31,5,F7,0.082241912,0.003253156569705797,0.07627183600000001,0.09389658000000001,5,0.925,0.6,0.066694528
31,25,T6,0.080058194,0.0023019699260046784,-0.065288112,0.092742438,5,0.925,0.6,0.066694528
31,11,FT8,0.07931811400000001,0.0013315228043221828,-0.003384856,0.097499456,5,0.925,0.6,0.066694528
31,26,Oz,0.079311038,0.001790495944960504,0.048894088,0.08278228800000001,5,0.925,0.6,0.066694528
31,6,F8,0.077171242,0.004349922375844192,-0.026693524000000003,0.07953985,5,0.925,0.6,0.066694528
31,12,Cz,0.07595269,0.0013566650690572048,0.06906483199999999,0.089807636,5,0.925,0.6,0.066694528
31,1,Fp2,0.07428367799999999,0.005117070257678707,0.058049777999999996,0.091322588,5,0.925,0.6,0.066694528
31,9,FC4,0.056889602,0.001396705177254668,-0.055798780000000006,0.07548220800000001,5,0.925,0.6,0.066694528
31,8,FC3,0.03504061,0.005564491821968114,0.0049496520000000006,0.04349492,5,0.925,0.6,0.066694528
32,21,Pz,0.149998464,0.006941689623109068,-0.0008261539999999997,0.151362814,5,0.9,0.4,0.178369902
32,28,O2,0.141686734,0.005350096370775014,-0.009156954,0.14625656999999997,5,0.9,0.4,0.178369902
32,15,T3,0.135642702,0.02061849877787711,0.108216764,0.14081866599999998,5,0.9,0.4,0.178369902
32,27,O1,0.125603242,0.007812388181249062,0.055579236,0.137307548,5,0.9,0.4,0.178369902
32,18,CP4,0.123158528,0.02733739250170122,0.046335285999999996,0.138467242,5,0.9,0.4,0.178369902
32,16,T4,0.118428902,0.008882254090180038,0.007907432,0.13483101,5,0.9,0.4,0.178369902
32,17,CP3,0.11692814,0.009389825035289536,0.027200473999999995,0.13558384,5,0.9,0.4,0.178369902
32,24,T5,0.107089518,0.004940967069093867,0.06617806200000001,0.12214223799999999,5,0.9,0.4,0.178369902
32,22,P3,0.105533146,0.0055927945793744355,0.083423616,0.115933596,5,0.9,0.4,0.178369902
32,0,Fp1,0.10363722,0.01407552965795604,-0.089352816,0.117218652,5,0.9,0.4,0.178369902
32,23,P4,0.10199671800000001,0.00602010959466022,-0.07075646799999999,0.118415398,5,0.9,0.4,0.178369902
32,13,C3,0.10041545599999999,0.03298870157499882,0.05497012,0.103905698,5,0.9,0.4,0.178369902
32,14,C4,0.098922356,0.029387813706145786,-0.078551094,0.11033913,5,0.9,0.4,0.178369902
32,2,Fz,0.09722001599999999,0.014745564013310244,-0.090506854,0.112196798,5,0.9,0.4,0.178369902
32,7,FCz,0.09624624600000001,0.0060101132682903735,0.090338838,0.11073996,5,0.9,0.4,0.178369902
32,3,F3,0.092018136,0.009637984857107316,0.034939746,0.09860089,5,0.9,0.4,0.178369902
32,4,F4,0.086422426,0.02526374850446149,0.0017038639999999994,0.09616830800000001,5,0.9,0.4,0.178369902
32,12,Cz,0.08489654199999999,0.016984163318370143,0.07610578800000001,0.10073198800000001,5,0.9,0.4,0.178369902
32,6,F8,0.08258474,0.010690817106846887,-0.030686738,0.08474335200000001,5,0.9,0.4,0.178369902
32,25,T6,0.082301172,0.0023527136318770327,-0.06710670599999999,0.095051786,5,0.9,0.4,0.178369902
32,19,TP7,0.082263556,0.004421258183886125,-0.011073030000000001,0.09328487399999999,5,0.9,0.4,0.178369902
32,20,TP8,0.08182898400000001,0.015743991895941768,-0.05534235,0.099401376,5,0.9,0.4,0.178369902
32,11,FT8,0.08118287399999999,0.0021651760869222693,-0.00215428,0.095266726,5,0.9,0.4,0.178369902
32,5,F7,0.08026405,0.008311985257797923,0.07126286,0.09277115,5,0.9,0.4,0.178369902
32,10,FT7,0.079031638,0.025884774793796646,-0.040185172000000005,0.092132176,5,0.9,0.4,0.178369902
32,26,Oz,0.078174862,0.0009675799039459245,0.03717008,0.083733266,5,0.9,0.4,0.178369902
32,1,Fp2,0.075296398,0.00491900730972927,0.059745226,0.09340137200000001,5,0.9,0.4,0.178369902
32,9,FC4,0.05828631199999999,0.0010430424094541896,-0.049257654,0.077174946,5,0.9,0.4,0.178369902
32,8,FC3,0.050524654,0.04409993243475811,0.008825382,0.056786126000000006,5,0.9,0.4,0.178369902
33,21,Pz,0.15354355,0.001128191328055658,0.0068210480000000006,0.153731712,5,1.0,1.0,0.007630158000000001
33,28,O2,0.143912924,0.0002266006152463044,-0.023891078,0.146681682,5,1.0,1.0,0.007630158000000001
33,15,T3,0.127129756,0.000616484248403812,0.127129756,0.13241483999999998,5,1.0,1.0,0.007630158000000001
33,16,T4,0.122104562,0.00014862901035800132,0.013213146,0.134374004,5,1.0,1.0,0.007630158000000001
33,27,O1,0.12209646599999999,3.497545825289422e-05,0.056564619999999996,0.13254714,5,1.0,1.0,0.007630158000000001
33,17,CP3,0.120838892,0.0005400432893481786,0.033405616,0.13942188,5,1.0,1.0,0.007630158000000001
33,13,C3,0.11518326000000001,0.00020992343401821082,0.072706244,0.11748535600000001,5,1.0,1.0,0.007630158000000001
33,18,CP4,0.111032244,0.00013572647118377174,0.03507167,0.127289072,5,1.0,1.0,0.007630158000000001
33,0,Fp1,0.10994959,0.00023007119604591682,-0.095611552,0.12261945,5,1.0,1.0,0.007630158000000001
33,22,P3,0.10833851400000001,0.0004418030278642339,0.10833851400000001,0.11737495,5,1.0,1.0,0.007630158000000001
33,23,P4,0.105002964,0.00010834695002629495,-0.093369394,0.11710764600000001,5,1.0,1.0,0.007630158000000001
33,24,T5,0.10470758799999999,0.0004432913962846582,0.073285214,0.114266596,5,1.0,1.0,0.007630158000000001
33,2,Fz,0.103819464,0.00017897659617950297,-0.09801308,0.11718572199999999,5,1.0,1.0,0.007630158000000001
33,7,FCz,0.099168104,0.0005548695878132136,0.099168104,0.114464568,5,1.0,1.0,0.007630158000000001
33,4,F4,0.097471932,0.00013619442837355363,0.012137338000000001,0.10790123,5,1.0,1.0,0.007630158000000001
33,10,FT7,0.090227968,0.0007407461315929981,-0.05827716000000001,0.10407666199999999,5,1.0,1.0,0.007630158000000001
33,20,TP8,0.088615396,0.0008925134072550389,-0.059374742,0.107905934,5,1.0,1.0,0.007630158000000001
33,3,F3,0.087334758,0.0005659372320054542,0.027615246,0.09402324799999999,5,1.0,1.0,0.007630158000000001
33,14,C4,0.08605358,0.0002830992741071543,-0.075253342,0.096371822,5,1.0,1.0,0.007630158000000001
33,19,TP7,0.084014738,0.0005451821596219031,-0.018422786,0.09396578600000001,5,1.0,1.0,0.007630158000000001
33,5,F7,0.083711398,0.0003682603098624646,0.081456868,0.097478182,5,1.0,1.0,0.007630158000000001
33,25,T6,0.080870066,0.00017719456447644975,-0.062562358,0.09211950799999999,5,1.0,1.0,0.007630158000000001
33,11,FT8,0.080412892,0.00040531470732012645,-0.0040866340000000004,0.0973357,5,1.0,1.0,0.007630158000000001
33,6,F8,0.07756558999999999,0.00024140534387208715,-0.029670718000000002,0.078466272,5,1.0,1.0,0.007630158000000001
33,1,Fp2,0.0773197,0.0005618097438635293,0.061073796,0.094985448,5,1.0,1.0,0.007630158000000001
33,26,Oz,0.077313776,0.000288288319881328,0.042254342,0.07983846800000001,5,1.0,1.0,0.007630158000000001
33,12,Cz,0.07729849200000001,0.00017027999242424076,0.075844668,0.092818574,5,1.0,1.0,0.007630158000000001
33,9,FC4,0.05810209400000001,0.0002885918110931105,-0.05810209400000001,0.07661321800000001,5,1.0,1.0,0.007630158000000001
33,8,FC3,0.03086733,0.0003268426458557682,0.005832308,0.037432638000000004,5,1.0,1.0,0.007630158000000001
34,28,O2,0.157969192,0.027931579309301867,0.07732910400000001,0.18164534599999999,5,0.675,0.0,0.8104909140000001
34,17,CP3,0.14801920600000001,0.024784626108034804,-0.003072655999999999,0.172157136,5,0.675,0.0,0.8104909140000001
34,16,T4,0.136078662,0.024669471415858714,0.03757485,0.15601864599999998,5,0.675,0.0,0.8104909140000001
34,27,O1,0.12997303799999999,0.025670882850485875,0.049895896,0.149292522,5,0.675,0.0,0.8104909140000001
34,23,P4,0.126967452,0.021086712461646787,-0.12502791,0.14599784200000002,5,0.675,0.0,0.8104909140000001
34,7,FCz,0.121104704,0.07053718749953765,0.09794549599999999,0.13964762199999997,5,0.675,0.0,0.8104909140000001
34,15,T3,0.119848146,0.021223903288950643,0.10171616800000001,0.14626704,5,0.675,0.0,0.8104909140000001
34,18,CP4,0.116453696,0.0278002997113148,-0.030014737999999996,0.13300041199999998,5,0.675,0.0,0.8104909140000001
34,10,FT7,0.11480384800000001,0.04190477534858372,-0.048972006,0.132407886,5,0.675,0.0,0.8104909140000001
34,2,Fz,0.103982974,0.02142815519373471,-0.097098066,0.11905142399999999,5,0.675,0.0,0.8104909140000001
34,20,TP8,0.10060904600000001,0.027000917741853335,-0.063786072,0.12763866,5,0.675,0.0,0.8104909140000001
34,13,C3,0.090572974,0.03519495127658838,0.006429425999999998,0.10720220600000001,5,0.675,0.0,0.8104909140000001
34,4,F4,0.088856096,0.036466004589619225,-0.049410548,0.11254178399999999,5,0.675,0.0,0.8104909140000001
34,12,Cz,0.083542222,0.016236896203895314,0.068289546,0.10608284399999998,5,0.675,0.0,0.8104909140000001
34,21,Pz,0.082968636,0.02770534741184326,0.026730556,0.09315501200000001,5,0.675,0.0,0.8104909140000001
34,24,T5,0.081210944,0.029931100979386477,0.011869170000000002,0.095538068,5,0.675,0.0,0.8104909140000001
34,3,F3,0.079251006,0.007224429886889346,0.023095568,0.094696628,5,0.675,0.0,0.8104909140000001
34,25,T6,0.078446808,0.041065854193086865,-0.040355894,0.09002328,5,0.675,0.0,0.8104909140000001
34,6,F8,0.077069084,0.01997915735308624,-0.03625254,0.094111632,5,0.675,0.0,0.8104909140000001
34,11,FT8,0.07562561,0.04282263989056665,0.046654905999999996,0.086179756,5,0.675,0.0,0.8104909140000001
34,14,C4,0.074434342,0.02749939487620355,0.024164486,0.08508891199999999,5,0.675,0.0,0.8104909140000001
34,19,TP7,0.071479388,0.018986717397206133,-0.019638511999999997,0.08037802599999999,5,0.675,0.0,0.8104909140000001
34,5,F7,0.069860856,0.0136939906142815,0.05108809599999999,0.077102176,5,0.675,0.0,0.8104909140000001
34,22,P3,0.068910744,0.018117335702577245,0.014740676,0.080936584,5,0.675,0.0,0.8104909140000001
34,0,Fp1,0.067004284,0.01595547492068569,-0.040686085999999996,0.084950148,5,0.675,0.0,0.8104909140000001
34,26,Oz,0.06610481,0.023124505771570554,0.034883187999999996,0.077161888,5,0.675,0.0,0.8104909140000001
34,8,FC3,0.064548316,0.025340227824537806,-0.035251314,0.07893001200000001,5,0.675,0.0,0.8104909140000001
34,9,FC4,0.044445976000000005,0.02431628023509106,0.013316656000000001,0.052021269999999994,5,0.675,0.0,0.8104909140000001
34,1,Fp2,0.041883208,0.014011798506022344,0.016377638,0.053473008,5,0.675,0.0,0.8104909140000001
35,26,Oz,0.15646432999999998,0.0469219137592245,0.10021192000000001,0.172343576,5,0.675,0.0,0.669458076
35,18,CP4,0.13639921,0.022353974458067846,0.074389088,0.15722043000000002,5,0.675,0.0,0.669458076
35,22,P3,0.13301728,0.01524140573764934,0.129121614,0.153407508,5,0.675,0.0,0.669458076
35,21,Pz,0.129215364,0.014488763510554663,-0.07085214599999999,0.147456932,5,0.675,0.0,0.669458076
35,16,T4,0.12629858600000002,0.0437074131412519,0.015210188,0.142558876,5,0.675,0.0,0.669458076
35,15,T3,0.114068222,0.03409373929322098,0.114068222,0.128785142,5,0.675,0.0,0.669458076
35,4,F4,0.113710044,0.03222079296636072,0.071516898,0.12181787,5,0.675,0.0,0.669458076
35,2,Fz,0.106889562,0.026827286160711818,-0.090094032,0.12028091,5,0.675,0.0,0.669458076
35,11,FT8,0.103578994,0.017564311804878094,0.02223286,0.112294626,5,0.675,0.0,0.669458076
35,19,TP7,0.101009456,0.03686944282169423,-0.016251568,0.11228243200000002,5,0.675,0.0,0.669458076
35,10,FT7,0.10050816199999998,0.037273102980889844,-0.016422704000000003,0.108639752,5,0.675,0.0,0.669458076
35,27,O1,0.09209648200000001,0.021103071764896456,0.037695222,0.11324036400000001,5,0.675,0.0,0.669458076
35,23,P4,0.09093362,0.018140224223852638,-0.012652078,0.100663278,5,0.675,0.0,0.669458076
35,25,T6,0.08843453,0.007574980165528488,-0.056469888,0.10130113199999999,5,0.675,0.0,0.669458076
35,3,F3,0.088205632,0.01562205334638728,-0.0011095500000000004,0.10542309400000001,5,0.675,0.0,0.669458076
35,17,CP3,0.087789662,0.015536043398161899,-0.006867636000000002,0.100088112,5,0.675,0.0,0.669458076
35,7,FCz,0.08636735,0.00912784309901578,0.073091024,0.095079384,5,0.675,0.0,0.669458076
35,14,C4,0.084238806,0.005645625314624586,-0.06817274599999999,0.095863748,5,0.675,0.0,0.669458076
35,28,O2,0.083536518,0.02586875943675827,-0.016061319999999997,0.09681587999999999,5,0.675,0.0,0.669458076
35,0,Fp1,0.079956598,0.02333762828540788,-0.062048648,0.10694155000000001,5,0.675,0.0,0.669458076
35,13,C3,0.07808353999999999,0.01986154198646218,0.04295141400000001,0.08694133600000001,5,0.675,0.0,0.669458076
35,24,T5,0.07701340599999999,0.030041825093617896,0.010350596,0.092238334,5,0.675,0.0,0.669458076
35,6,F8,0.06914084200000001,0.003861454486559435,0.017669683999999998,0.090221446,5,0.675,0.0,0.669458076
35,8,FC3,0.067459208,0.03310960101017181,-0.001882473999999998,0.07689971599999999,5,0.675,0.0,0.669458076
35,9,FC4,0.06308169,0.014055048044279322,-0.023617667999999998,0.072060382,5,0.675,0.0,0.669458076
35,5,F7,0.062304516,0.024634606951500767,0.054282206,0.08236254400000001,5,0.675,0.0,0.669458076
35,20,TP8,0.061747510000000005,0.014304932202819066,-0.038295956,0.069900542,5,0.675,0.0,0.669458076
35,12,Cz,0.060310308,0.009723540936131241,0.00966655,0.068678566,5,0.675,0.0,0.669458076
35,1,Fp2,0.050567232,0.023031930504948343,0.018845452000000002,0.06176134200000001,5,0.675,0.0,0.669458076
36,21,Pz,0.153160462,0.00021704144320842874,0.0066325460000000004,0.15333946,5,1.0,1.0,0.007216011999999999
36,28,O2,0.143864214,0.00018266390524677547,-0.023349474000000002,0.14657345400000002,5,1.0,1.0,0.007216011999999999
36,15,T3,0.12701367400000002,0.00038962692557111705,0.12701367400000002,0.13224112999999998,5,1.0,1.0,0.007216011999999999
36,27,O1,0.12227441400000001,0.00026791936525753486,0.056181572,0.132490094,5,1.0,1.0,0.007216011999999999
36,16,T4,0.12216051800000001,0.000465150146909577,0.013570068,0.13450753399999998,5,1.0,1.0,0.007216011999999999
36,17,CP3,0.12102752400000001,0.00036871684329577435,0.032817092000000006,0.139477396,5,1.0,1.0,0.007216011999999999
36,13,C3,0.11592805400000002,0.0005157881305633141,0.07290574600000001,0.11811224000000001,5,1.0,1.0,0.007216011999999999
36,18,CP4,0.110277008,0.00048461104565414374,0.034189388,0.126941348,5,1.0,1.0,0.007216011999999999
36,0,Fp1,0.11013436400000001,0.0003465455279324785,-0.09588703000000001,0.12277425,5,1.0,1.0,0.007216011999999999
36,22,P3,0.10838132,0.00012963656872194102,0.10838132,0.11746549800000002,5,1.0,1.0,0.007216011999999999
36,24,T5,0.10482099599999999,0.00019711898444847904,0.07354465,0.11446202400000001,5,1.0,1.0,0.007216011999999999
36,23,P4,0.10464764200000001,0.000447223480901884,-0.09303344599999999,0.116734636,5,1.0,1.0,0.007216011999999999
36,2,Fz,0.10360032999999999,0.00046125406659454745,-0.098365328,0.11721895600000001,5,1.0,1.0,0.007216011999999999
36,7,FCz,0.098819344,0.00013629463756875874,0.098819344,0.11436081199999999,5,1.0,1.0,0.007216011999999999
36,4,F4,0.097669306,0.0002639071569321292,0.012194294,0.108125922,5,1.0,1.0,0.007216011999999999
36,10,FT7,0.090286546,0.00032797616571940126,-0.058540746,0.103954676,5,1.0,1.0,0.007216011999999999
36,20,TP8,0.088568504,0.0006288440149830435,-0.059491348,0.107925494,5,1.0,1.0,0.007216011999999999
36,3,F3,0.08797672999999999,0.00037487175893897274,0.027429643999999996,0.09477638,5,1.0,1.0,0.007216011999999999
36,14,C4,0.085865306,0.0003689579690560987,-0.075168974,0.096269048,5,1.0,1.0,0.007216011999999999
36,19,TP7,0.084300576,0.00012348397114606002,-0.01881642,0.094087182,5,1.0,1.0,0.007216011999999999
36,5,F7,0.08401199000000001,0.00017188119530652326,0.081894576,0.097843816,5,1.0,1.0,0.007216011999999999
36,25,T6,0.081307904,0.00029454698475794573,-0.062118844000000006,0.092461864,5,1.0,1.0,0.007216011999999999
36,11,FT8,0.08022515399999999,0.00015968999445801593,-0.0036196480000000005,0.097262106,5,1.0,1.0,0.007216011999999999
36,26,Oz,0.077839098,0.00031784530108214894,0.042293324,0.08012503,5,1.0,1.0,0.007216011999999999
36,1,Fp2,0.077541218,0.00038153549234638665,0.061379713999999995,0.095225642,5,1.0,1.0,0.007216011999999999
36,6,F8,0.077288952,0.0006143197842085184,-0.029429963999999996,0.078235624,5,1.0,1.0,0.007216011999999999
36,12,Cz,0.077101422,0.0002015762679979905,0.075415608,0.09243064399999999,5,1.0,1.0,0.007216011999999999
36,9,FC4,0.057906888000000004,0.000512938897647664,-0.057906888000000004,0.07637809999999999,5,1.0,1.0,0.007216011999999999
36,8,FC3,0.030466026,0.00028648045130514515,0.005764644,0.03717769,5,1.0,1.0,0.007216011999999999
37,28,O2,0.16629386799999998,0.03466273228899116,0.032871647999999996,0.16976251,5,0.75,0.2,0.46213547200000005
37,7,FCz,0.12967204000000002,0.035054415476444625,0.106514098,0.144475156,5,0.75,0.2,0.46213547200000005
37,21,Pz,0.12634097,0.04681786514661418,-0.0014179220000000014,0.129309226,5,0.75,0.2,0.46213547200000005
37,15,T3,0.125980316,0.04806327210406747,0.11587339599999999,0.130222394,5,0.75,0.2,0.46213547200000005
37,13,C3,0.12102863,0.029023788530049794,0.097776732,0.132961892,5,0.75,0.2,0.46213547200000005
37,24,T5,0.120642052,0.04034265351424681,0.042951392,0.13100631000000001,5,0.75,0.2,0.46213547200000005
37,2,Fz,0.11805497000000001,0.009908586559757146,-0.081864916,0.132695892,5,0.75,0.2,0.46213547200000005
37,16,T4,0.11478651,0.01775184788457528,0.04388769,0.12897653,5,0.75,0.2,0.46213547200000005
37,19,TP7,0.11101137000000001,0.07476252087733633,0.041914950000000006,0.12634710799999999,5,0.75,0.2,0.46213547200000005
37,17,CP3,0.11072053,0.01611390971056683,0.006901607999999999,0.133260358,5,0.75,0.2,0.46213547200000005
37,27,O1,0.107306086,0.018889441956022157,0.0391937,0.12381208400000002,5,0.75,0.2,0.46213547200000005
37,18,CP4,0.10635730400000001,0.01943361236935583,0.05981348399999999,0.12034319199999999,5,0.75,0.2,0.46213547200000005
37,4,F4,0.098726834,0.011416527430341075,-0.013437063999999999,0.124026656,5,0.75,0.2,0.46213547200000005
37,23,P4,0.098022926,0.028583139938083778,-0.043370208,0.106881914,5,0.75,0.2,0.46213547200000005
37,0,Fp1,0.096431912,0.03578806995715709,-0.085271338,0.11117484799999999,5,0.75,0.2,0.46213547200000005
37,22,P3,0.095910206,0.0348342493035221,0.079181438,0.10778172,5,0.75,0.2,0.46213547200000005
37,20,TP8,0.09457647599999999,0.037557043100436296,-0.062048179999999994,0.106361266,5,0.75,0.2,0.46213547200000005
37,3,F3,0.092402522,0.02034112424326443,0.035789886,0.099584088,5,0.75,0.2,0.46213547200000005
37,6,F8,0.09127917399999999,0.0301841626508502,-0.05375371999999999,0.09447111799999999,5,0.75,0.2,0.46213547200000005
37,26,Oz,0.080003908,0.015033437843988643,0.015298938000000002,0.086885822,5,0.75,0.2,0.46213547200000005
37,12,Cz,0.078937726,0.027070501002289925,0.013770126000000004,0.09032923200000001,5,0.75,0.2,0.46213547200000005
37,14,C4,0.078416476,0.008138994513401518,-0.04743868,0.09109102799999999,5,0.75,0.2,0.46213547200000005
37,5,F7,0.07410143,0.030684795581419476,0.06742134,0.085333308,5,0.75,0.2,0.46213547200000005
37,11,FT8,0.07318661,0.025740136887813937,0.021135703999999998,0.087822236,5,0.75,0.2,0.46213547200000005
37,10,FT7,0.07067833999999999,0.0341896931585222,-0.030442216,0.086019768,5,0.75,0.2,0.46213547200000005
37,1,Fp2,0.067930642,0.007146139291685405,0.029416883999999997,0.081093302,5,0.75,0.2,0.46213547200000005
37,25,T6,0.06377263,0.019215600533831877,-0.03154671,0.072092518,5,0.75,0.2,0.46213547200000005
37,9,FC4,0.06296790599999999,0.013977137805780554,-0.04066342199999999,0.079024312,5,0.75,0.2,0.46213547200000005
37,8,FC3,0.047654094,0.02493590183008487,-0.012025388,0.052389062,5,0.75,0.2,0.46213547200000005
38,21,Pz,0.137901214,0.0365573546409191,-0.0029134760000000008,0.144907322,5,0.6,0.0,0.5007361379999999
38,23,P4,0.135069098,0.05563865256396105,-0.124615756,0.153016634,5,0.6,0.0,0.5007361379999999
38,17,CP3,0.13109189799999998,0.016370280912573556,-0.009040336,0.14524055,5,0.6,0.0,0.5007361379999999
38,22,P3,0.124320378,0.017098663140534404,0.123375184,0.13873491599999999,5,0.6,0.0,0.5007361379999999
38,16,T4,0.12121702599999999,0.01030095995207631,0.040571248,0.135119458,5,0.6,0.0,0.5007361379999999
38,2,Fz,0.117275514,0.017117465467525562,-0.111808748,0.14192540199999998,5,0.6,0.0,0.5007361379999999
38,28,O2,0.11666966000000001,0.032629951321070036,-0.036760518,0.13154554400000001,5,0.6,0.0,0.5007361379999999
38,0,Fp1,0.107327616,0.038784993293878245,-0.106655536,0.12356401400000001,5,0.6,0.0,0.5007361379999999
38,20,TP8,0.106630162,0.031055181839405963,-0.047971786,0.11844222200000001,5,0.6,0.0,0.5007361379999999
38,18,CP4,0.103008634,0.021261214644903995,0.037810918000000006,0.116565494,5,0.6,0.0,0.5007361379999999
38,15,T3,0.10222425799999998,0.018935601576666898,0.099142374,0.124010318,5,0.6,0.0,0.5007361379999999
38,26,Oz,0.09950265,0.020422284115841457,0.083658694,0.11255469599999998,5,0.6,0.0,0.5007361379999999
38,11,FT8,0.096155064,0.005975319396411379,0.0021213340000000003,0.11107561800000001,5,0.6,0.0,0.5007361379999999
38,7,FCz,0.0954675,0.01492971269057613,0.091476586,0.115724316,5,0.6,0.0,0.5007361379999999
38,14,C4,0.094124266,0.02850547092719799,-0.04551494,0.11128117,5,0.6,0.0,0.5007361379999999
38,27,O1,0.090454136,0.022573169214692247,0.022406836,0.096250698,5,0.6,0.0,0.5007361379999999
38,3,F3,0.08932409,0.008230389368781406,0.0036898359999999993,0.11397743600000002,5,0.6,0.0,0.5007361379999999
38,5,F7,0.08563549200000001,0.011920706184369698,0.08211531,0.10438814599999999,5,0.6,0.0,0.5007361379999999
38,4,F4,0.085248884,0.022806069113872517,0.049433828,0.092323304,5,0.6,0.0,0.5007361379999999
38,13,C3,0.084996604,0.010479750948986339,0.032607266,0.089070262,5,0.6,0.0,0.5007361379999999
38,24,T5,0.08137660799999999,0.02495791766961779,0.06760163799999999,0.09941337800000001,5,0.6,0.0,0.5007361379999999
38,9,FC4,0.072053802,0.01167719354998752,-0.031706726000000005,0.095993886,5,0.6,0.0,0.5007361379999999
38,19,TP7,0.065437224,0.016986022964255935,-0.033343602,0.077592934,5,0.6,0.0,0.5007361379999999
38,1,Fp2,0.061907992,0.01148639779856244,0.041490936,0.07891679,5,0.6,0.0,0.5007361379999999
38,12,Cz,0.060520125999999994,0.020002978534757767,0.053788064000000003,0.067898914,5,0.6,0.0,0.5007361379999999
38,6,F8,0.05662000199999999,0.02049382192657021,-0.015780865999999998,0.063804686,5,0.6,0.0,0.5007361379999999
38,10,FT7,0.054405442000000005,0.015920376244862117,-0.039797704,0.068727676,5,0.6,0.0,0.5007361379999999
38,8,FC3,0.048407887999999996,0.005806185025257121,-0.002278542,0.055950582000000006,5,0.6,0.0,0.5007361379999999
38,25,T6,0.042899884,0.009257191624854699,-0.027810088,0.058057658,5,0.6,0.0,0.5007361379999999
39,21,Pz,0.148096118,0.011194327414504204,0.002561128,0.148690304,5,0.875,0.6,0.08755406800000001
39,28,O2,0.13619584,0.01762734571505307,-0.024425313999999997,0.139998198,5,0.875,0.6,0.08755406800000001
39,15,T3,0.12977059200000002,0.006931114009747633,0.12977059200000002,0.13582735399999998,5,0.875,0.6,0.08755406800000001
39,17,CP3,0.12782121,0.015536511441528627,0.030670396,0.144303408,5,0.875,0.6,0.08755406800000001
39,27,O1,0.118777832,0.0074577621006250904,0.052995745999999996,0.128705138,5,0.875,0.6,0.08755406800000001
39,16,T4,0.11752362999999999,0.010345651006925569,0.015946788,0.131067832,5,0.875,0.6,0.08755406800000001
39,23,P4,0.11417733199999999,0.021078392746184896,-0.09851225,0.12555579,5,0.875,0.6,0.08755406800000001
39,0,Fp1,0.11357451599999999,0.0077290344131191345,-0.10231009799999999,0.126055934,5,0.875,0.6,0.08755406800000001
39,18,CP4,0.11003950600000001,0.0021406806150217786,0.03856242,0.126752838,5,0.875,0.6,0.08755406800000001
39,2,Fz,0.10878519,0.01083782809570719,-0.09876313,0.12233776,5,0.875,0.6,0.08755406800000001
39,13,C3,0.107014572,0.018233803661226858,0.07294297000000001,0.11203397200000001,5,0.875,0.6,0.08755406800000001
39,22,P3,0.103874418,0.009580423905917209,0.103689738,0.114967232,5,0.875,0.6,0.08755406800000001
39,24,T5,0.10315134200000001,0.0041498962554707315,0.066783382,0.111524666,5,0.875,0.6,0.08755406800000001
39,7,FCz,0.100410394,0.003032029081437048,0.100410394,0.11559017,5,0.875,0.6,0.08755406800000001
39,4,F4,0.09845477,0.0020690900456480873,0.012610878,0.10933366600000001,5,0.875,0.6,0.08755406800000001
39,20,TP8,0.094469602,0.012523517660169209,-0.057225258,0.11201119,5,0.875,0.6,0.08755406800000001
39,10,FT7,0.09285270799999999,0.005443030252338309,-0.051526264,0.105430048,5,0.875,0.6,0.08755406800000001
39,5,F7,0.087156392,0.0066823195759496586,0.082537712,0.101779914,5,0.875,0.6,0.08755406800000001
39,14,C4,0.086023292,0.0013940700194466557,-0.067634558,0.096610648,5,0.875,0.6,0.08755406800000001
39,3,F3,0.085651132,0.00404594886481157,0.022431442,0.09464515999999999,5,0.875,0.6,0.08755406800000001
39,19,TP7,0.083619046,0.0020989261201814664,-0.020274096,0.092526788,5,0.875,0.6,0.08755406800000001
39,25,T6,0.083389554,0.0052064776844744035,-0.059242578000000004,0.094943868,5,0.875,0.6,0.08755406800000001
39,11,FT8,0.080234988,0.00041203016779113984,0.00041490000000000033,0.097419488,5,0.875,0.6,0.08755406800000001
39,12,Cz,0.078858126,0.003624774725997471,0.075432144,0.093900688,5,0.875,0.6,0.08755406800000001
39,26,Oz,0.078656176,0.0026037632235439596,0.047982446,0.08413875,5,0.875,0.6,0.08755406800000001
39,1,Fp2,0.078476282,0.0023357717359194234,0.057038104,0.0953219,5,0.875,0.6,0.08755406800000001
39,6,F8,0.074355178,0.007154843049733514,-0.025826426000000003,0.075590562,5,0.875,0.6,0.08755406800000001
39,9,FC4,0.051587037999999995,0.014238982840240734,-0.050238936,0.068826478,5,0.875,0.6,0.08755406800000001
39,8,FC3,0.035414640000000004,0.009620827503915656,-0.0010222039999999999,0.042390492,5,0.875,0.6,0.08755406800000001
4,28,O2,0.148465556,0.030115774849105745,-0.02804065,0.155601832,5,0.825,0.4,0.384285636
4,21,Pz,0.138421836,0.021719057983842906,-0.0014388999999999997,0.143817492,5,0.825,0.4,0.384285636
4,17,CP3,0.125226096,0.018639773546524907,0.041375564,0.148159336,5,0.825,0.4,0.384285636
4,16,T4,0.11890051799999998,0.03126746525693632,0.032481556,0.130863328,5,0.825,0.4,0.384285636
4,2,Fz,0.11861353,0.03197087006895183,-0.083620096,0.12833510399999998,5,0.825,0.4,0.384285636
4,13,C3,0.11808859000000001,0.012189685310657125,0.082054018,0.134706136,5,0.825,0.4,0.384285636
4,4,F4,0.11620823599999999,0.029452399966159466,0.037586144,0.13126722,5,0.825,0.4,0.384285636
4,15,T3,0.114238916,0.02477078236406513,0.09803299600000001,0.12081476399999999,5,0.825,0.4,0.384285636
4,22,P3,0.108191144,0.018168209055642492,0.108191144,0.12212748799999999,5,0.825,0.4,0.384285636
4,27,O1,0.10340430199999999,0.020520277696202602,0.017402551999999998,0.11834830200000002,5,0.825,0.4,0.384285636
4,25,T6,0.103216614,0.027373943345785606,-0.0011895019999999979,0.117650214,5,0.825,0.4,0.384285636
4,23,P4,0.10297376200000001,0.008901484064905695,-0.097623332,0.11920936200000001,5,0.825,0.4,0.384285636
4,18,CP4,0.100491204,0.02079680644442627,0.022500792000000002,0.1174278,5,0.825,0.4,0.384285636
4,20,TP8,0.099729832,0.01626294705342239,-0.073012946,0.12535997999999998,5,0.825,0.4,0.384285636
4,0,Fp1,0.098967812,0.014597196654612149,-0.070061236,0.10652981000000002,5,0.825,0.4,0.384285636
4,7,FCz,0.098442184,0.01284077351588408,0.09092702,0.11558360000000001,5,0.825,0.4,0.384285636
4,14,C4,0.094678854,0.0232454644376474,-0.07411907,0.10655996999999999,5,0.825,0.4,0.384285636
4,26,Oz,0.09162764,0.018493328271227977,0.059646319999999996,0.097779632,5,0.825,0.4,0.384285636
4,24,T5,0.089245868,0.015582547195828416,0.065642252,0.098659256,5,0.825,0.4,0.384285636
4,11,FT8,0.08468030600000001,0.007113533272392144,0.01263677,0.09853462399999999,5,0.825,0.4,0.384285636
4,10,FT7,0.08154895,0.01803559903823962,-0.04869341,0.092314254,5,0.825,0.4,0.384285636
4,5,F7,0.08151035,0.014268072439681541,0.060818444000000006,0.09584232200000001,5,0.825,0.4,0.384285636
4,19,TP7,0.07880485400000001,0.01325253068558719,-0.022219862,0.087223066,5,0.825,0.4,0.384285636
4,3,F3,0.075396832,0.014875438723799709,0.031935922,0.087021024,5,0.825,0.4,0.384285636
4,12,Cz,0.075295872,0.003656135856744109,0.073988612,0.090751688,5,0.825,0.4,0.384285636
4,1,Fp2,0.07280915800000001,0.025266158177563718,0.041154666,0.090489112,5,0.825,0.4,0.384285636
4,9,FC4,0.070546492,0.029416287727083615,-0.063538814,0.089058416,5,0.825,0.4,0.384285636
4,8,FC3,0.059187936,0.029983121941966454,-0.00928408,0.068943398,5,0.825,0.4,0.384285636
4,6,F8,0.054678398,0.0223389791609995,-0.0014038099999999997,0.059098202,5,0.825,0.4,0.384285636
40,21,Pz,0.134151434,0.02700905076159342,0.012263912,0.136555814,5,0.8,0.4,0.27530207399999995
40,28,O2,0.132681506,0.017346015630212614,-0.047700956,0.14453942,5,0.8,0.4,0.27530207399999995
40,15,T3,0.12939402800000002,0.0056181080070135695,0.12939402800000002,0.14081670200000002,5,0.8,0.4,0.27530207399999995
40,17,CP3,0.126862914,0.00949529007183984,0.02805946,0.154245614,5,0.8,0.4,0.27530207399999995
40,18,CP4,0.123529526,0.015965438276048984,0.07178000600000001,0.14437635,5,0.8,0.4,0.27530207399999995
40,3,F3,0.11979306599999999,0.05023013095775512,0.068589698,0.12621926,5,0.8,0.4,0.27530207399999995
40,16,T4,0.119684286,0.004758307112312106,-0.012459950000000001,0.134911676,5,0.8,0.4,0.27530207399999995
40,22,P3,0.11805021600000001,0.014137975066293258,0.11805021600000001,0.131555256,5,0.8,0.4,0.27530207399999995
40,2,Fz,0.11017274800000001,0.00939386469140204,-0.099197532,0.12454041,5,0.8,0.4,0.27530207399999995
40,0,Fp1,0.10727554800000001,0.00770881336918141,-0.099465008,0.12299871600000001,5,0.8,0.4,0.27530207399999995
40,13,C3,0.10668641400000001,0.019708782405768503,0.061109621999999995,0.114881736,5,0.8,0.4,0.27530207399999995
40,27,O1,0.105119182,0.03747534675982959,0.03373556,0.11777837,5,0.8,0.4,0.27530207399999995
40,20,TP8,0.09352505,0.011166611928304395,-0.066987986,0.112589674,5,0.8,0.4,0.27530207399999995
40,7,FCz,0.09233896,0.010184859455228143,0.091918446,0.10813281400000001,5,0.8,0.4,0.27530207399999995
40,26,Oz,0.09144941,0.024110070964444508,0.048512846,0.093955772,5,0.8,0.4,0.27530207399999995
40,25,T6,0.090048502,0.019144438063310183,-0.035403492,0.102488442,5,0.8,0.4,0.27530207399999995
40,4,F4,0.089902254,0.011972035496148102,0.017064500000000003,0.099803614,5,0.8,0.4,0.27530207399999995
40,5,F7,0.08801861,0.020462033264051497,0.0864679,0.101526712,5,0.8,0.4,0.27530207399999995
40,24,T5,0.086961124,0.02654058649191894,0.041205338,0.094544682,5,0.8,0.4,0.27530207399999995
40,10,FT7,0.083399796,0.00899764692664032,-0.050194264,0.09919457400000001,5,0.8,0.4,0.27530207399999995
40,23,P4,0.083235692,0.02790011400801832,-0.06987891,0.09422377600000001,5,0.8,0.4,0.27530207399999995
40,1,Fp2,0.083120488,0.008511945610691483,0.06586444799999999,0.101850892,5,0.8,0.4,0.27530207399999995
40,11,FT8,0.082499208,0.013063318961809442,-0.003990706000000002,0.096777976,5,0.8,0.4,0.27530207399999995
40,19,TP7,0.080730258,0.0062428758802790555,-0.013318162,0.090102252,5,0.8,0.4,0.27530207399999995
40,14,C4,0.076270888,0.013480129497136516,-0.0696945,0.08799525999999999,5,0.8,0.4,0.27530207399999995
40,6,F8,0.074201574,0.005785706182375666,-0.019175777999999997,0.07725853,5,0.8,0.4,0.27530207399999995
40,12,Cz,0.07415452600000001,0.007453930158160193,0.05993792,0.086791302,5,0.8,0.4,0.27530207399999995
40,9,FC4,0.06375804,0.02781856572398638,-0.056315552000000005,0.081070956,5,0.8,0.4,0.27530207399999995
40,8,FC3,0.028572378,0.005230412816577674,-0.0006505839999999998,0.033409756,5,0.8,0.4,0.27530207399999995
41,21,Pz,0.14958923400000002,0.004655387814084889,0.008932625999999999,0.150946454,5,0.775,0.4,0.17017080199999998
41,28,O2,0.14410694200000002,0.00955791533687759,-0.019758912,0.152410036,5,0.775,0.4,0.17017080199999998
41,15,T3,0.139906038,0.020339294724442146,0.139906038,0.146307024,5,0.775,0.4,0.17017080199999998
41,27,O1,0.12812437599999998,0.013336807703477229,0.06995627,0.13926840000000001,5,0.775,0.4,0.17017080199999998
41,17,CP3,0.124138394,0.004178172197340594,0.041952198,0.139606958,5,0.775,0.4,0.17017080199999998
41,13,C3,0.114644594,0.00990564335871123,0.075221682,0.11872885,5,0.775,0.4,0.17017080199999998
41,16,T4,0.114220268,0.018002266110726726,0.021886126,0.127289172,5,0.775,0.4,0.17017080199999998
41,18,CP4,0.111211166,0.0039027274314804516,0.025736290000000002,0.1337439,5,0.775,0.4,0.17017080199999998
41,22,P3,0.111059204,0.011906375933407699,0.111059204,0.12403564,5,0.775,0.4,0.17017080199999998
41,24,T5,0.10309034399999999,0.006796813356134621,0.069840846,0.11373677,5,0.775,0.4,0.17017080199999998
41,0,Fp1,0.101880062,0.008162190832979215,-0.084817366,0.112357848,5,0.775,0.4,0.17017080199999998
41,2,Fz,0.101433916,0.006633846996956585,-0.082198044,0.110005188,5,0.775,0.4,0.17017080199999998
41,7,FCz,0.099074972,0.0012539217479850934,0.09806780200000001,0.112490464,5,0.775,0.4,0.17017080199999998
41,23,P4,0.096319354,0.016229377866709187,-0.084575702,0.108233514,5,0.775,0.4,0.17017080199999998
41,20,TP8,0.095341648,0.006976178263022678,-0.056328152,0.113185468,5,0.775,0.4,0.17017080199999998
41,4,F4,0.094294136,0.010289009377023622,-0.0066317319999999996,0.11386797,5,0.775,0.4,0.17017080199999998
41,11,FT8,0.09252237599999999,0.016539219541137053,-0.026216296,0.10972664800000001,5,0.775,0.4,0.17017080199999998
41,19,TP7,0.085515462,0.005939570516924603,-0.041445845999999995,0.10019176599999999,5,0.775,0.4,0.17017080199999998
41,1,Fp2,0.08498910600000001,0.006839741394280195,0.054687224,0.10041752,5,0.775,0.4,0.17017080199999998
41,12,Cz,0.08389811999999999,0.018546969699797328,0.082451034,0.09647775,5,0.775,0.4,0.17017080199999998
41,10,FT7,0.082765648,0.01115792179819656,-0.056859446,0.097510732,5,0.775,0.4,0.17017080199999998
41,3,F3,0.081912942,0.011572813815171308,0.024745192,0.08897480599999999,5,0.775,0.4,0.17017080199999998
41,25,T6,0.08085574599999999,0.0019330714881064315,-0.062185873999999995,0.091963404,5,0.775,0.4,0.17017080199999998
41,26,Oz,0.078816668,0.009867951140268177,0.035230504,0.08341119999999999,5,0.775,0.4,0.17017080199999998
41,14,C4,0.076115894,0.013368666561577109,-0.048990768,0.087362434,5,0.775,0.4,0.17017080199999998
41,6,F8,0.074889086,0.007499821632214325,-0.025175032000000003,0.078849584,5,0.775,0.4,0.17017080199999998
41,5,F7,0.070535442,0.020295399558454618,0.05467419800000001,0.081672168,5,0.775,0.4,0.17017080199999998
41,9,FC4,0.056591270000000006,0.0031234299826472813,-0.052946245999999995,0.072702062,5,0.775,0.4,0.17017080199999998
41,8,FC3,0.03769657,0.010859419316059217,0.014620424000000002,0.04417578,5,0.775,0.4,0.17017080199999998
42,21,Pz,0.149698628,0.015897243438535814,0.007944992000000001,0.150930644,5,0.75,0.2,0.12625504199999998
42,28,O2,0.14339050800000003,0.0025689237122324144,-0.023690888,0.148346504,5,0.75,0.2,0.12625504199999998
42,17,CP3,0.12260433,0.012120823350199858,0.028649702,0.14216194199999999,5,0.75,0.2,0.12625504199999998
42,27,O1,0.12018770000000001,0.003046778795145791,0.052096436,0.133228934,5,0.75,0.2,0.12625504199999998
42,15,T3,0.119764032,0.012438508916233491,0.119764032,0.126023458,5,0.75,0.2,0.12625504199999998
42,16,T4,0.119365554,0.008838069075404987,0.021728118,0.13270757,5,0.75,0.2,0.12625504199999998
42,13,C3,0.11095226,0.005880211185127625,0.066650606,0.11401868,5,0.75,0.2,0.12625504199999998
42,0,Fp1,0.109995336,0.00879680395682887,-0.097818276,0.12483658599999999,5,0.75,0.2,0.12625504199999998
42,18,CP4,0.10653192200000001,0.011344256792763907,0.032658658,0.122588958,5,0.75,0.2,0.12625504199999998
42,22,P3,0.106146492,0.01310691067711114,0.106146492,0.113963506,5,0.75,0.2,0.12625504199999998
42,2,Fz,0.105582706,0.001843979799192491,-0.096238782,0.117806528,5,0.75,0.2,0.12625504199999998
42,23,P4,0.105561036,0.0011128551286802822,-0.098170542,0.118000562,5,0.75,0.2,0.12625504199999998
42,7,FCz,0.10485327,0.011021531855744915,0.10389577000000001,0.118854626,5,0.75,0.2,0.12625504199999998
42,24,T5,0.099942428,0.02087619137671836,0.074969186,0.111476994,5,0.75,0.2,0.12625504199999998
42,10,FT7,0.096699536,0.014244476136323162,-0.062251676,0.108606472,5,0.75,0.2,0.12625504199999998
42,4,F4,0.096013042,0.008527707820670222,0.022442880000000002,0.103929486,5,0.75,0.2,0.12625504199999998
42,20,TP8,0.09294323,0.005653044373344326,-0.054797528000000005,0.11153044000000001,5,0.75,0.2,0.12625504199999998
42,11,FT8,0.092154918,0.019123329486760928,0.0030448360000000004,0.111317054,5,0.75,0.2,0.12625504199999998
42,14,C4,0.08873856399999999,0.011822626099294943,-0.07245578999999999,0.099732606,5,0.75,0.2,0.12625504199999998
42,19,TP7,0.087372278,0.006497323093353145,-0.019852334,0.10112019400000001,5,0.75,0.2,0.12625504199999998
42,25,T6,0.08265907,0.013016270774148407,-0.059957032,0.096751402,5,0.75,0.2,0.12625504199999998
42,12,Cz,0.08181337600000001,0.0132594585227614,0.075862664,0.09866876399999999,5,0.75,0.2,0.12625504199999998
42,3,F3,0.080281964,0.010239177944145712,0.026916698,0.09116013,5,0.75,0.2,0.12625504199999998
42,5,F7,0.07951714600000001,0.019582777788941998,0.06984216800000001,0.089133852,5,0.75,0.2,0.12625504199999998
42,26,Oz,0.077275832,0.0006930241082170253,0.043981086,0.08171268200000001,5,0.75,0.2,0.12625504199999998
42,1,Fp2,0.075816582,0.004375451477695759,0.06235984,0.094817036,5,0.75,0.2,0.12625504199999998
42,6,F8,0.06456687800000001,0.01785419872244117,-0.019126774,0.06834237200000001,5,0.75,0.2,0.12625504199999998
42,9,FC4,0.061281407999999996,0.012498365206788847,-0.053261364,0.074952468,5,0.75,0.2,0.12625504199999998
42,8,FC3,0.032854680000000004,0.003753147182765418,-0.00295707,0.03920802599999999,5,0.75,0.2,0.12625504199999998
43,21,Pz,0.15263477399999997,0.00022732497680633565,0.006993834,0.152835772,5,0.975,0.8,0.007043774
43,28,O2,0.144574632,0.0003832494134633504,-0.023834354,0.147278838,5,0.975,0.8,0.007043774
43,15,T3,0.127077302,0.0002651976660342166,0.127077302,0.13232302,5,0.975,0.8,0.007043774
43,16,T4,0.121817472,0.0002551123914473817,0.013228692,0.134271118,5,0.975,0.8,0.007043774
43,27,O1,0.121740852,0.00021338112116585904,0.056396051999999995,0.13218633600000002,5,0.975,0.8,0.007043774
43,17,CP3,0.120900216,0.0004443938110842689,0.033038574,0.139432416,5,0.975,0.8,0.007043774
43,13,C3,0.115508592,0.0003413625832893777,0.07247409,0.11770544599999999,5,0.975,0.8,0.007043774
43,18,CP4,0.11066628599999999,0.00043582594029038633,0.034676668,0.12750387000000002,5,0.975,0.8,0.007043774
43,0,Fp1,0.109463032,0.0002249663880894223,-0.095878796,0.12230900600000001,5,0.975,0.8,0.007043774
43,22,P3,0.108350264,0.00018159318360004833,0.108350264,0.11756719,5,0.975,0.8,0.007043774
43,24,T5,0.10497261199999999,0.0003412783885920748,0.073497928,0.114343814,5,0.975,0.8,0.007043774
43,23,P4,0.10440511599999999,0.00019713712861863742,-0.09280136800000001,0.11633954399999999,5,0.975,0.8,0.007043774
43,2,Fz,0.10403886600000001,0.00029166189883149976,-0.098254258,0.11740598799999999,5,0.975,0.8,0.007043774
43,7,FCz,0.099073088,0.0003950451328899017,0.099073088,0.114434356,5,0.975,0.8,0.007043774
43,4,F4,0.097717166,0.00040058641343660383,0.012375998000000001,0.10798352600000001,5,0.975,0.8,0.007043774
43,10,FT7,0.090744942,0.00015107208832210325,-0.058188302000000004,0.104412006,5,0.975,0.8,0.007043774
43,20,TP8,0.089058934,0.00020662050316945307,-0.059238504000000004,0.108241934,5,0.975,0.8,0.007043774
43,3,F3,0.08745911399999999,0.0004536717334483164,0.027581374000000002,0.094084114,5,0.975,0.8,0.007043774
43,14,C4,0.08585168600000001,0.0004435390602641449,-0.074992512,0.096301816,5,0.975,0.8,0.007043774
43,5,F7,0.08439500600000001,0.00030277944857601854,0.082033406,0.098078636,5,0.975,0.8,0.007043774
43,19,TP7,0.084067648,0.0003960349957642618,-0.018396496000000002,0.094063838,5,0.975,0.8,0.007043774
43,25,T6,0.08134131,0.00030704240260914973,-0.062328944,0.09241554,5,0.975,0.8,0.007043774
43,11,FT8,0.080267158,0.0003875919869785744,-0.003993374,0.09728550600000001,5,0.975,0.8,0.007043774
43,6,F8,0.077969278,0.00024522476235078655,-0.029874279999999996,0.078880498,5,0.975,0.8,0.007043774
43,1,Fp2,0.077797646,0.00017927687268580168,0.060890078,0.09541942,5,0.975,0.8,0.007043774
43,26,Oz,0.077602378,0.0006692404789909222,0.042082924,0.08000262799999999,5,0.975,0.8,0.007043774
43,12,Cz,0.077499824,0.000749642395099158,0.076019374,0.093020008,5,0.975,0.8,0.007043774
43,9,FC4,0.057877486,0.00022783263677533263,-0.057877486,0.076471496,5,0.975,0.8,0.007043774
43,8,FC3,0.03059588,0.00043610286429923847,0.0059743240000000005,0.037157876,5,0.975,0.8,0.007043774
44,21,Pz,0.137987558,0.032605175353393974,0.000579314,0.140877232,5,0.95,0.8,0.205435922
44,28,O2,0.137650632,0.01497639098833461,-0.020097181999999998,0.139978352,5,0.95,0.8,0.205435922
44,17,CP3,0.12852138200000002,0.015904939384429297,-0.0053887460000000015,0.155227628,5,0.95,0.8,0.205435922
44,15,T3,0.125217366,0.0033945615707893736,0.125217366,0.132680246,5,0.95,0.8,0.205435922
44,16,T4,0.123696106,0.003422903400752054,0.021763236,0.13432478,5,0.95,0.8,0.205435922
44,24,T5,0.11460641599999999,0.02085416107527057,0.089102922,0.129259564,5,0.95,0.8,0.205435922
44,13,C3,0.11396073799999999,0.003906769869338354,0.06135803200000001,0.11967527200000001,5,0.95,0.8,0.205435922
44,27,O1,0.113367144,0.017397393268975093,0.060992120000000004,0.126183452,5,0.95,0.8,0.205435922
44,22,P3,0.112932768,0.010318905132254582,0.105204856,0.124236882,5,0.95,0.8,0.205435922
44,3,F3,0.11026720599999999,0.05021274290007746,0.062349716,0.11703887800000001,5,0.95,0.8,0.205435922
44,19,TP7,0.10849529399999999,0.05370631856708044,-0.041906766,0.11716511199999999,5,0.95,0.8,0.205435922
44,2,Fz,0.10715590800000001,0.00796109167626965,-0.09091992200000001,0.12153172599999999,5,0.95,0.8,0.205435922
44,0,Fp1,0.10277836600000001,0.01606006403968801,-0.08924591200000001,0.11475664999999999,5,0.95,0.8,0.205435922
44,7,FCz,0.100163278,0.002088295844192099,0.071718484,0.115157654,5,0.95,0.8,0.205435922
44,23,P4,0.100027226,0.010454881811394614,-0.08753538400000001,0.114425898,5,0.95,0.8,0.205435922
44,18,CP4,0.09735084,0.028998608185900058,0.031586848,0.11302847,5,0.95,0.8,0.205435922
44,10,FT7,0.09525232,0.010595295210698472,-0.057781952000000004,0.109673892,5,0.95,0.8,0.205435922
44,4,F4,0.09218004799999999,0.012719469762608817,0.015189322,0.101272696,5,0.95,0.8,0.205435922
44,14,C4,0.089627572,0.009121851171912424,-0.051200572,0.103339484,5,0.95,0.8,0.205435922
44,20,TP8,0.089380982,0.00043141541177848917,-0.049696324,0.107381698,5,0.95,0.8,0.205435922
44,12,Cz,0.08471415,0.016348719954065213,0.08182328800000001,0.10269674,5,0.95,0.8,0.205435922
44,5,F7,0.079792792,0.009907450364108315,0.074563102,0.09127788,5,0.95,0.8,0.205435922
44,11,FT8,0.076494428,0.008093575693120438,-0.010740534,0.0913783,5,0.95,0.8,0.205435922
44,25,T6,0.074678842,0.015277951967985431,-0.059692199999999994,0.084263126,5,0.95,0.8,0.205435922
44,6,F8,0.073053718,0.009501677429815749,-0.028398319999999998,0.077749872,5,0.95,0.8,0.205435922
44,26,Oz,0.070274,0.016839272769037565,0.028113682,0.073454036,5,0.95,0.8,0.205435922
44,1,Fp2,0.069903722,0.017942996594534313,0.056767972,0.086315786,5,0.95,0.8,0.205435922
44,9,FC4,0.059553482000000005,0.005617989302674935,-0.059184152000000004,0.083619284,5,0.95,0.8,0.205435922
44,8,FC3,0.051430569999999995,0.04594759199440162,0.0055642999999999995,0.058822958,5,0.95,0.8,0.205435922
45,24,T5,0.157811868,0.02465696124924805,0.091843812,0.17156009,5,0.675,0.0,0.78822229
45,28,O2,0.13670067800000002,0.011533256673284876,0.04536445,0.147946296,5,0.675,0.0,0.78822229
45,13,C3,0.135575914,0.04722198273516615,0.06532160000000001,0.145225176,5,0.675,0.0,0.78822229
45,2,Fz,0.13252482,0.03286443730595733,-0.12967632999999998,0.14723793999999998,5,0.675,0.0,0.78822229
45,4,F4,0.12250227799999999,0.017465285728383313,-0.0051576020000000024,0.13680873600000001,5,0.675,0.0,0.78822229
45,18,CP4,0.11604733599999999,0.04519242554181872,0.006457026,0.13455229200000002,5,0.675,0.0,0.78822229
45,21,Pz,0.115487378,0.035119011220047465,-0.008965512,0.13411145400000002,5,0.675,0.0,0.78822229
45,6,F8,0.11338432400000001,0.018392778259656153,-0.086645674,0.128740188,5,0.675,0.0,0.78822229
45,3,F3,0.10724633000000001,0.047001933886626414,0.06890769,0.122761458,5,0.675,0.0,0.78822229
45,15,T3,0.10550584599999999,0.026131553130832652,0.081774288,0.12027336,5,0.675,0.0,0.78822229
45,10,FT7,0.102697454,0.030465416616377156,-0.01564349,0.112282262,5,0.675,0.0,0.78822229
45,26,Oz,0.10189235199999999,0.041296330436979146,0.06768816799999999,0.111614426,5,0.675,0.0,0.78822229
45,7,FCz,0.101222404,0.04335377606755817,0.015847786,0.11790763200000001,5,0.675,0.0,0.78822229
45,17,CP3,0.09963330000000001,0.038974328034450445,0.042436808,0.11700410000000001,5,0.675,0.0,0.78822229
45,16,T4,0.096871774,0.02157678538270426,0.045584032000000003,0.115064324,5,0.675,0.0,0.78822229
45,22,P3,0.09121744400000001,0.026434605614728393,0.049782598,0.11363244399999999,5,0.675,0.0,0.78822229
45,8,FC3,0.08975058,0.05858368509778384,0.008194918,0.10490687000000001,5,0.675,0.0,0.78822229
45,25,T6,0.088927604,0.01860980256248518,-0.07638573,0.09605373199999999,5,0.675,0.0,0.78822229
45,14,C4,0.088283798,0.018976915240033615,-0.057926164,0.103864614,5,0.675,0.0,0.78822229
45,19,TP7,0.080730692,0.028509626476103996,0.005402604,0.091965036,5,0.675,0.0,0.78822229
45,27,O1,0.07863685000000001,0.022668031127717075,-0.010600518,0.09589895400000001,5,0.675,0.0,0.78822229
45,20,TP8,0.076744236,0.030200782671661507,-0.03811452,0.09242436600000001,5,0.675,0.0,0.78822229
45,12,Cz,0.076413536,0.025897641402164016,0.043679382,0.09010624199999999,5,0.675,0.0,0.78822229
45,5,F7,0.074671898,0.03272090421408721,0.044627136,0.088564608,5,0.675,0.0,0.78822229
45,23,P4,0.068896904,0.02242568066622906,-0.036194602,0.08614651799999999,5,0.675,0.0,0.78822229
45,9,FC4,0.065867438,0.019382421819719026,-0.027734996,0.078176362,5,0.675,0.0,0.78822229
45,11,FT8,0.064773208,0.021592925105987145,0.014111114,0.076756792,5,0.675,0.0,0.78822229
45,0,Fp1,0.05792267799999999,0.02158709755772346,-0.041433872,0.072940584,5,0.675,0.0,0.78822229
45,1,Fp2,0.049111916,0.020167423367860603,0.0387699,0.061435276,5,0.675,0.0,0.78822229
46,15,T3,0.167125082,0.028260795929442084,0.165252692,0.185850936,5,0.725,0.2,0.725469664
46,22,P3,0.14260901799999998,0.03318119674191272,0.11960441799999999,0.162542812,5,0.725,0.2,0.725469664
46,20,TP8,0.140103312,0.047187995724424656,-0.10631212400000001,0.15911236,5,0.725,0.2,0.725469664
46,17,CP3,0.136296354,0.014374108751299342,-0.069334242,0.169743188,5,0.725,0.2,0.725469664
46,10,FT7,0.12941571000000002,0.03733440694803587,-0.122796576,0.139000436,5,0.725,0.2,0.725469664
46,28,O2,0.108204228,0.023111433743926834,0.004471778,0.12116037800000001,5,0.725,0.2,0.725469664
46,27,O1,0.104833624,0.03367774576675419,0.061573482,0.11409193599999998,5,0.725,0.2,0.725469664
46,11,FT8,0.103808966,0.026635876020385182,-0.013068627999999999,0.12416424,5,0.725,0.2,0.725469664
46,21,Pz,0.10129312800000001,0.03078794017832746,0.028303418000000004,0.116938324,5,0.725,0.2,0.725469664
46,12,Cz,0.09600729599999999,0.04895462806923907,0.09247503,0.106115564,5,0.725,0.2,0.725469664
46,0,Fp1,0.095420308,0.015606989819120152,-0.017884612,0.105187108,5,0.725,0.2,0.725469664
46,26,Oz,0.09418974599999999,0.029285404768156786,0.041002911999999996,0.10475170600000001,5,0.725,0.2,0.725469664
46,18,CP4,0.08754385,0.02499300631202657,0.029887195999999998,0.105559498,5,0.725,0.2,0.725469664
46,7,FCz,0.086252006,0.01585810824849011,0.01830077,0.095720986,5,0.725,0.2,0.725469664
46,14,C4,0.086232118,0.028437321143772846,-0.024770984,0.09625262,5,0.725,0.2,0.725469664
46,6,F8,0.085018466,0.010429999328321166,-0.028684045999999998,0.09991355399999999,5,0.725,0.2,0.725469664
46,16,T4,0.08500685399999999,0.0260078536981799,0.029698917999999998,0.09972072600000001,5,0.725,0.2,0.725469664
46,13,C3,0.078396376,0.024335837581994788,0.015009702,0.09083418400000001,5,0.725,0.2,0.725469664
46,3,F3,0.077973716,0.0323401291387655,0.050167706,0.085510402,5,0.725,0.2,0.725469664
46,9,FC4,0.076209326,0.031672093012659906,-0.015356948,0.094522082,5,0.725,0.2,0.725469664
46,2,Fz,0.07481067,0.01947441444028806,-0.036300458,0.08884474,5,0.725,0.2,0.725469664
46,24,T5,0.074135422,0.024075478647687772,-0.013153379999999998,0.08261017600000001,5,0.725,0.2,0.725469664
46,1,Fp2,0.072299192,0.013827338787798972,0.031912632,0.082261532,5,0.725,0.2,0.725469664
46,25,T6,0.07130435399999999,0.022009012744039203,0.012556729999999999,0.082001178,5,0.725,0.2,0.725469664
46,23,P4,0.069627302,0.03390172284962182,-0.062540434,0.08163350999999999,5,0.725,0.2,0.725469664
46,8,FC3,0.06880699800000001,0.03837173003500976,-0.018452046,0.078998506,5,0.725,0.2,0.725469664
46,5,F7,0.06827845,0.020371006180110493,0.063809128,0.07757478,5,0.725,0.2,0.725469664
46,4,F4,0.067624432,0.028334967116333837,0.0023481780000000007,0.073723342,5,0.725,0.2,0.725469664
46,19,TP7,0.067197882,0.013288324539458317,-0.032772588000000005,0.078483218,5,0.725,0.2,0.725469664
47,21,Pz,0.151474394,0.004597296854046953,0.010812338,0.15201822199999998,5,0.9,0.6,0.063741958
47,28,O2,0.142793634,0.0009753016010598918,-0.027661774,0.14682851800000002,5,0.9,0.6,0.063741958
47,15,T3,0.126021086,0.0015149571573249215,0.126021086,0.131223238,5,0.9,0.6,0.063741958
47,16,T4,0.122264216,0.0017865641751221822,0.01520616,0.134703824,5,0.9,0.6,0.063741958
47,17,CP3,0.122191338,0.002545491694176195,0.03403553,0.140386282,5,0.9,0.6,0.063741958
47,13,C3,0.11812848599999999,0.0031608457475223277,0.077638082,0.120946912,5,0.9,0.6,0.063741958
47,27,O1,0.116559346,0.007568221962675908,0.049464905999999996,0.12869423,5,0.9,0.6,0.063741958
47,0,Fp1,0.112198558,0.004739298292982835,-0.09754428600000001,0.125672576,5,0.9,0.6,0.063741958
47,22,P3,0.111393824,0.005989074490163735,0.111393824,0.11899621599999999,5,0.9,0.6,0.063741958
47,18,CP4,0.109210946,0.0033228446808615704,0.036864315999999994,0.125770878,5,0.9,0.6,0.063741958
47,23,P4,0.10529732,0.003110985212010818,-0.09225619,0.116803666,5,0.9,0.6,0.063741958
47,24,T5,0.10206715200000001,0.00405825019954044,0.07004155199999999,0.11236266399999999,5,0.9,0.6,0.063741958
47,7,FCz,0.100876946,0.0032735752622369977,0.100404478,0.117491278,5,0.9,0.6,0.063741958
47,2,Fz,0.10080989600000001,0.004940477061466837,-0.09582508599999999,0.114146112,5,0.9,0.6,0.063741958
47,4,F4,0.09942150400000001,0.0032692213263222202,0.019961726,0.107359582,5,0.9,0.6,0.063741958
47,10,FT7,0.090417618,0.00462740076167712,-0.055554481999999995,0.10281685199999999,5,0.9,0.6,0.063741958
47,25,T6,0.088049018,0.009841682512351227,-0.06500589999999999,0.09950958400000001,5,0.9,0.6,0.063741958
47,20,TP8,0.08685907600000001,0.006325006526149202,-0.058699546000000005,0.106762986,5,0.9,0.6,0.063741958
47,5,F7,0.085542944,0.003350117140322117,0.081526766,0.098500736,5,0.9,0.6,0.063741958
47,14,C4,0.08490507,0.006824351410152466,-0.07149302399999999,0.093882308,5,0.9,0.6,0.063741958
47,19,TP7,0.082994644,0.002391068853364539,-0.025628521999999997,0.09477024,5,0.9,0.6,0.063741958
47,3,F3,0.08239539,0.007500281213984575,0.02628726,0.092752286,5,0.9,0.6,0.063741958
47,12,Cz,0.080777914,0.005283674342035095,0.07863779,0.096197466,5,0.9,0.6,0.063741958
47,11,FT8,0.077342398,0.005115933094966156,-0.000532562,0.094485908,5,0.9,0.6,0.063741958
47,1,Fp2,0.076268096,0.0013410735302286719,0.062533974,0.097630454,5,0.9,0.6,0.063741958
47,6,F8,0.074738324,0.0033996653491968863,-0.024200812,0.0771067,5,0.9,0.6,0.063741958
47,26,Oz,0.073703016,0.004792258158637742,0.034586519999999996,0.077342022,5,0.9,0.6,0.063741958
47,9,FC4,0.053921604,0.005787260753580228,-0.052603844,0.07319812,5,0.9,0.6,0.063741958
47,8,FC3,0.030990842,0.002915138148685237,0.0043972559999999996,0.037933618,5,0.9,0.6,0.063741958
48,21,Pz,0.15136758,0.024542646568190236,-0.010207944,0.15538533599999999,5,0.75,0.4,0.254252044
48,28,O2,0.13195063199999998,0.03795088020388025,-0.017421956,0.13616161799999998,5,0.75,0.4,0.254252044
48,17,CP3,0.12975686,0.027073739685465507,0.025521202,0.14652120200000002,5,0.75,0.4,0.254252044
48,22,P3,0.125831386,0.03839031434461732,0.11590271599999999,0.138002478,5,0.75,0.4,0.254252044
48,27,O1,0.11994216399999999,0.004765660002578869,0.058360152,0.135543876,5,0.75,0.4,0.254252044
48,15,T3,0.116224138,0.020684297967695688,0.116224138,0.12329427200000001,5,0.75,0.4,0.254252044
48,16,T4,0.116060176,0.0054057523440017114,0.007698792000000001,0.13289564999999998,5,0.75,0.4,0.254252044
48,18,CP4,0.111585572,0.01388345755853419,0.047334518000000006,0.133255666,5,0.75,0.4,0.254252044
48,2,Fz,0.110780192,0.009696860865193438,-0.10233007400000001,0.12369741599999999,5,0.75,0.4,0.254252044
48,13,C3,0.10338796399999998,0.013083285646659254,0.040724742,0.10959527399999999,5,0.75,0.4,0.254252044
48,7,FCz,0.102548656,0.027049783720747754,0.06779189399999999,0.120798256,5,0.75,0.4,0.254252044
48,24,T5,0.097759696,0.01135204534910031,0.07683482,0.10776078,5,0.75,0.4,0.254252044
48,3,F3,0.096500422,0.02044563000161575,0.02799323,0.105477746,5,0.75,0.4,0.254252044
48,0,Fp1,0.09474184399999999,0.020135399035824446,-0.080496996,0.108956794,5,0.75,0.4,0.254252044
48,4,F4,0.09462870599999999,0.006459853678527098,0.031284874000000004,0.10708780799999999,5,0.75,0.4,0.254252044
48,23,P4,0.094118754,0.017097110081593606,-0.076422616,0.104916322,5,0.75,0.4,0.254252044
48,14,C4,0.092206,0.0214520717662677,-0.06214654399999999,0.10394533400000001,5,0.75,0.4,0.254252044
48,10,FT7,0.090954812,0.011411643890288993,-0.057731412,0.107677098,5,0.75,0.4,0.254252044
48,12,Cz,0.08792868000000001,0.033992955143586,0.06941029600000001,0.105578064,5,0.75,0.4,0.254252044
48,20,TP8,0.087450002,0.0038773197303059764,-0.050324153999999996,0.104115706,5,0.75,0.4,0.254252044
48,5,F7,0.08469668799999999,0.012719785621266187,0.072974436,0.097886986,5,0.75,0.4,0.254252044
48,11,FT8,0.082040302,0.004249161047279802,0.0008185920000000001,0.09880293799999999,5,0.75,0.4,0.254252044
48,19,TP7,0.07933622,0.004171314993026774,-0.027072296000000003,0.08696358800000001,5,0.75,0.4,0.254252044
48,1,Fp2,0.078379584,0.0041903469692353675,0.05515411,0.096996494,5,0.75,0.4,0.254252044
48,9,FC4,0.07720950600000001,0.027253308517114574,-0.04637979,0.09738017800000001,5,0.75,0.4,0.254252044
48,25,T6,0.074913384,0.020850432657396584,-0.051239354,0.08766273599999999,5,0.75,0.4,0.254252044
48,26,Oz,0.07068583,0.01569860898800114,0.019017270000000003,0.07837877600000001,5,0.75,0.4,0.254252044
48,6,F8,0.060230901999999996,0.015638727958263418,-0.019627982,0.062046332,5,0.75,0.4,0.254252044
48,8,FC3,0.049559906,0.03747028038032182,0.016097506,0.057023764,5,0.75,0.4,0.254252044
49,21,Pz,0.153088366,0.0009748918295534099,0.007248206,0.153308736,5,1.0,1.0,0.009353148
49,28,O2,0.14378362,0.0006964771402924882,-0.02384547,0.146480472,5,1.0,1.0,0.009353148
49,15,T3,0.126224004,0.0006100700823921759,0.126224004,0.131320912,5,1.0,1.0,0.009353148
49,27,O1,0.122272992,0.0006178824726191868,0.056727278000000006,0.13270595400000001,5,1.0,1.0,0.009353148
49,16,T4,0.12197449199999999,0.00040168626497554574,0.013295618,0.134571982,5,1.0,1.0,0.009353148
49,17,CP3,0.121290678,0.00042087803692993916,0.033317172,0.139492338,5,1.0,1.0,0.009353148
49,13,C3,0.11520596599999999,0.0002772734382879044,0.072879582,0.11743937,5,1.0,1.0,0.009353148
49,18,CP4,0.111002352,0.00041675610609803905,0.035223342000000005,0.12744105,5,1.0,1.0,0.009353148
49,0,Fp1,0.110073622,0.000670467736934456,-0.095879986,0.122740162,5,1.0,1.0,0.009353148
49,22,P3,0.10854360999999998,0.0003542980943358273,0.10854360999999998,0.117848796,5,1.0,1.0,0.009353148
49,24,T5,0.10479673,0.0005913950176489431,0.073322482,0.11415345399999999,5,1.0,1.0,0.009353148
49,2,Fz,0.104747692,0.0007113676563282886,-0.09905966399999999,0.11826172399999998,5,1.0,1.0,0.009353148
49,23,P4,0.104644836,0.0004424534137397952,-0.092914406,0.11659826799999999,5,1.0,1.0,0.009353148
49,7,FCz,0.098512142,0.00042921289475038185,0.098512142,0.113694568,5,1.0,1.0,0.009353148
49,4,F4,0.09676509800000001,0.0005396460091300573,0.012154584,0.107044972,5,1.0,1.0,0.009353148
49,10,FT7,0.091271736,0.0006197772537210483,-0.058532695999999995,0.10482967400000001,5,1.0,1.0,0.009353148
49,20,TP8,0.088478758,0.0003616524673910072,-0.059005298,0.10752046,5,1.0,1.0,0.009353148
49,3,F3,0.088049946,0.00032177358208839883,0.027321094,0.09508459799999999,5,1.0,1.0,0.009353148
49,14,C4,0.086013412,0.00039812822635427813,-0.074848006,0.096314736,5,1.0,1.0,0.009353148
49,19,TP7,0.08443405200000001,0.0005562212218353421,-0.018346692,0.0941881,5,1.0,1.0,0.009353148
49,5,F7,0.084085904,0.0005839308800106429,0.081594862,0.09754731,5,1.0,1.0,0.009353148
49,25,T6,0.081030326,0.00035705996909482957,-0.06189721,0.092389008,5,1.0,1.0,0.009353148
49,11,FT8,0.08006833,0.0005621429269767655,-0.003907903999999999,0.096960166,5,1.0,1.0,0.009353148
49,6,F8,0.07787305200000001,0.00047359704261112196,-0.029330368000000002,0.078897836,5,1.0,1.0,0.009353148
49,1,Fp2,0.077815204,0.00035253960434254256,0.061374689999999996,0.095291344,5,1.0,1.0,0.009353148
49,26,Oz,0.077355878,0.0003876490345273697,0.0424438,0.079629034,5,1.0,1.0,0.009353148
49,12,Cz,0.07716465,0.0002683661566777778,0.07560950200000001,0.092644178,5,1.0,1.0,0.009353148
49,9,FC4,0.058377818000000005,0.00034926316585062213,-0.058377818000000005,0.07629946,5,1.0,1.0,0.009353148
49,8,FC3,0.030774372,0.0008178946869677018,0.005766718,0.037654152,5,1.0,1.0,0.009353148
5,28,O2,0.13954933,0.022219639728446317,-0.031724274000000004,0.143186338,5,0.85,0.6,0.22558284
5,21,Pz,0.136716308,0.03043133337944002,0.017926846000000003,0.143804588,5,0.85,0.6,0.22558284
5,18,CP4,0.127737452,0.0387014850027524,0.068307486,0.144461556,5,0.85,0.6,0.22558284
5,15,T3,0.11738079400000001,0.018144983483740905,0.110319162,0.125822674,5,0.85,0.6,0.22558284
5,16,T4,0.11534294199999999,0.021640289735285895,0.020065958000000002,0.126884656,5,0.85,0.6,0.22558284
5,27,O1,0.11393255399999999,0.02302209530813996,0.054246448,0.12467072400000001,5,0.85,0.6,0.22558284
5,17,CP3,0.11321498,0.0116895477537649,0.035370272,0.129657442,5,0.85,0.6,0.22558284
5,24,T5,0.109701478,0.016132575733036867,0.056446986,0.122793156,5,0.85,0.6,0.22558284
5,2,Fz,0.10608710800000001,0.004321880656857609,-0.102834954,0.123684678,5,0.85,0.6,0.22558284
5,0,Fp1,0.10208998600000001,0.0107001953906403,-0.088258428,0.11710469999999999,5,0.85,0.6,0.22558284
5,7,FCz,0.10021174,0.009673990810185317,0.098645122,0.122293856,5,0.85,0.6,0.22558284
5,23,P4,0.09767439,0.016905605401113268,-0.074129252,0.10831700600000001,5,0.85,0.6,0.22558284
5,20,TP8,0.09760318,0.01873902317306188,-0.064583608,0.113312718,5,0.85,0.6,0.22558284
5,13,C3,0.096350202,0.0403646423640656,0.056047134,0.099782744,5,0.85,0.6,0.22558284
5,22,P3,0.09543653599999999,0.020133335110312196,0.07653473,0.10300294400000001,5,0.85,0.6,0.22558284
5,10,FT7,0.094633256,0.010224997434360561,-0.053421781999999994,0.109622474,5,0.85,0.6,0.22558284
5,14,C4,0.0926048,0.012604585578316332,-0.07573213,0.10473089,5,0.85,0.6,0.22558284
5,4,F4,0.088242826,0.022556380868433437,0.012859776,0.09836626600000001,5,0.85,0.6,0.22558284
5,5,F7,0.087915202,0.009275866433679926,0.061077508,0.102201762,5,0.85,0.6,0.22558284
5,26,Oz,0.08615307800000001,0.014070291093737896,0.039330656,0.09287914,5,0.85,0.6,0.22558284
5,19,TP7,0.084997452,0.004244364824619817,-0.019565408,0.096156662,5,0.85,0.6,0.22558284
5,3,F3,0.08490745,0.012757442846262332,0.027905762,0.092566058,5,0.85,0.6,0.22558284
5,6,F8,0.082901114,0.0074092248915949375,-0.02395812,0.08581076400000001,5,0.85,0.6,0.22558284
5,25,T6,0.08254091399999999,0.006986317843873838,-0.044788764,0.095782464,5,0.85,0.6,0.22558284
5,1,Fp2,0.07687955399999999,0.010413800974472772,0.061926992,0.099334004,5,0.85,0.6,0.22558284
5,12,Cz,0.076732146,0.0012540648970966347,0.06074288800000001,0.090165096,5,0.85,0.6,0.22558284
5,11,FT8,0.070522508,0.0128922352952376,-0.003866266,0.087081294,5,0.85,0.6,0.22558284
5,9,FC4,0.064363162,0.008939301735265456,-0.044636572,0.083821374,5,0.85,0.6,0.22558284
5,8,FC3,0.034771068,0.01181545867523432,0.007992002000000002,0.041903356,5,0.85,0.6,0.22558284
50,28,O2,0.151562382,0.009971491177244766,0.0060489340000000015,0.161441268,5,0.825,0.4,0.186036816
50,21,Pz,0.145833728,0.011949068035159483,0.02857187,0.153834942,5,0.825,0.4,0.186036816
50,15,T3,0.127671816,0.011189298072172803,0.127671816,0.13202662199999998,5,0.825,0.4,0.186036816
50,17,CP3,0.122088724,0.0020052719887910402,0.02698292,0.139382658,5,0.825,0.4,0.186036816
50,27,O1,0.12155143800000001,0.0033239851959086693,0.048852818000000006,0.13212326800000002,5,0.825,0.4,0.186036816
50,18,CP4,0.11715838199999999,0.012769323911843171,0.056872137999999996,0.134812958,5,0.825,0.4,0.186036816
50,22,P3,0.112427792,0.012839338576224244,0.112427792,0.125194268,5,0.825,0.4,0.186036816
50,16,T4,0.112184906,0.01965228486777632,-0.0012457720000000005,0.123330422,5,0.825,0.4,0.186036816
50,0,Fp1,0.10539158,0.012076607012660884,-0.094206278,0.12287483800000001,5,0.825,0.4,0.186036816
50,4,F4,0.104494558,0.011435502964151599,0.032276646,0.11247330200000001,5,0.825,0.4,0.186036816
50,13,C3,0.10448772399999999,0.016651818762316323,0.03988384,0.111201646,5,0.825,0.4,0.186036816
50,2,Fz,0.103741748,0.0007861517700609729,-0.09917503,0.11782172799999999,5,0.825,0.4,0.186036816
50,7,FCz,0.102007786,0.010535886754572675,0.102007786,0.114424818,5,0.825,0.4,0.186036816
50,20,TP8,0.097483584,0.016592183902266456,-0.074639726,0.119568788,5,0.825,0.4,0.186036816
50,23,P4,0.09717832800000001,0.01514531005609559,-0.084507974,0.11457809000000001,5,0.825,0.4,0.186036816
50,24,T5,0.09292130800000001,0.017400692547163744,0.05716386799999999,0.103501018,5,0.825,0.4,0.186036816
50,3,F3,0.090273394,0.00497710136927409,0.040368898,0.09754330600000001,5,0.825,0.4,0.186036816
50,10,FT7,0.086629422,0.017342925783016546,-0.054873818,0.09878704,5,0.825,0.4,0.186036816
50,11,FT8,0.083771544,0.010814780512647029,-0.02068934,0.10150290800000002,5,0.825,0.4,0.186036816
50,14,C4,0.081821532,0.005733925572373604,-0.069423526,0.09318317400000001,5,0.825,0.4,0.186036816
50,19,TP7,0.080968516,0.006318812553271381,-0.016716814,0.091818422,5,0.825,0.4,0.186036816
50,6,F8,0.080344748,0.008836546371454744,-0.01446414,0.083176584,5,0.825,0.4,0.186036816
50,25,T6,0.078432778,0.008872193118297756,-0.066703276,0.090613562,5,0.825,0.4,0.186036816
50,1,Fp2,0.07754466400000001,0.00949347977833629,0.06413941,0.09231286,5,0.825,0.4,0.186036816
50,5,F7,0.07643309400000001,0.011035438610185818,0.06839517399999999,0.09077624799999999,5,0.825,0.4,0.186036816
50,26,Oz,0.075787616,0.010663369161272624,0.038118912,0.08201694600000001,5,0.825,0.4,0.186036816
50,12,Cz,0.07356568399999999,0.010723559598576864,0.072894528,0.08489475799999999,5,0.825,0.4,0.186036816
50,9,FC4,0.058531978,0.0044349505887743565,-0.033365346,0.072444272,5,0.825,0.4,0.186036816
50,8,FC3,0.03862451,0.010622236742329741,0.022299012,0.049864196,5,0.825,0.4,0.186036816
6,17,CP3,0.14798269,0.022529594558308195,0.033284642,0.170753982,5,0.675,0.0,0.562448382
6,0,Fp1,0.13134089200000001,0.015593485122357035,-0.10680975,0.14480001,5,0.675,0.0,0.562448382
6,28,O2,0.13084769000000002,0.020693123031262098,-0.0011394380000000002,0.143600704,5,0.675,0.0,0.562448382
6,15,T3,0.12393523,0.02249411114508639,0.12145191600000001,0.13474937,5,0.675,0.0,0.562448382
6,13,C3,0.122847336,0.027624788309708007,0.052418078,0.132738336,5,0.675,0.0,0.562448382
6,21,Pz,0.12225989400000001,0.022822336484936853,-0.007209863999999998,0.13770075399999998,5,0.675,0.0,0.562448382
6,14,C4,0.10959035399999999,0.02639482578067773,-0.075922772,0.126425602,5,0.675,0.0,0.562448382
6,18,CP4,0.10792015800000002,0.009654005627772855,0.09232822,0.141044958,5,0.675,0.0,0.562448382
6,2,Fz,0.10370921200000001,0.024143412720035465,-0.092137096,0.118288416,5,0.675,0.0,0.562448382
6,4,F4,0.097712836,0.018301659856541155,0.06861703999999999,0.112768216,5,0.675,0.0,0.562448382
6,6,F8,0.09745000200000001,0.026111533787959874,0.012062614,0.11103326999999999,5,0.675,0.0,0.562448382
6,27,O1,0.096664254,0.020846206698561007,0.05925632000000001,0.10900946,5,0.675,0.0,0.562448382
6,5,F7,0.096631854,0.03360886722934411,0.068398832,0.10748085599999999,5,0.675,0.0,0.562448382
6,3,F3,0.096151658,0.01609416795903162,0.031254084,0.10583568400000001,5,0.675,0.0,0.562448382
6,1,Fp2,0.093633762,0.018085235715931933,0.088348152,0.120684312,5,0.675,0.0,0.562448382
6,23,P4,0.09333965600000001,0.028531129951578853,-0.049057826000000006,0.11028724999999999,5,0.675,0.0,0.562448382
6,25,T6,0.091681038,0.030749689388765693,-0.066350732,0.105914978,5,0.675,0.0,0.562448382
6,20,TP8,0.08748198199999999,0.01190282542012484,-0.05692793,0.10512004400000001,5,0.675,0.0,0.562448382
6,11,FT8,0.08519197,0.009682780018013941,-0.032025833999999996,0.101498986,5,0.675,0.0,0.562448382
6,22,P3,0.08308030200000001,0.03525869889929321,0.065960082,0.09656532599999999,5,0.675,0.0,0.562448382
6,16,T4,0.08302393,0.02647642412742703,0.016557640000000002,0.095626464,5,0.675,0.0,0.562448382
6,19,TP7,0.081467448,0.012390060671129504,-0.02323092,0.09527313,5,0.675,0.0,0.562448382
6,7,FCz,0.076164846,0.026205535905539694,0.061149816,0.087734658,5,0.675,0.0,0.562448382
6,26,Oz,0.07183973,0.016818521441263796,0.028407897999999997,0.08213052400000001,5,0.675,0.0,0.562448382
6,24,T5,0.07147601,0.027354376948346856,0.05733587799999999,0.085726724,5,0.675,0.0,0.562448382
6,12,Cz,0.069176452,0.011906600074266378,0.063882566,0.07826559000000001,5,0.675,0.0,0.562448382
6,10,FT7,0.06614455,0.017520017823866505,-0.0066459660000000005,0.07838416200000001,5,0.675,0.0,0.562448382
6,8,FC3,0.05508656199999999,0.033102561762280124,-0.042489916,0.06934349399999999,5,0.675,0.0,0.562448382
6,9,FC4,0.051568051999999996,0.005336040865578151,-0.024594369999999997,0.06382905600000001,5,0.675,0.0,0.562448382
7,17,CP3,0.14930078200000002,0.017184736020415616,0.013190499999999999,0.16884417599999998,5,0.7,0.0,0.604144712
7,18,CP4,0.14849193,0.025616665592449763,0.091617162,0.16726338400000001,5,0.7,0.0,0.604144712
7,21,Pz,0.140574884,0.02642805347903304,-0.023643958,0.146864672,5,0.7,0.0,0.604144712
7,28,O2,0.12219891199999999,0.020743400819411704,-0.03027071,0.13299850200000002,5,0.7,0.0,0.604144712
7,11,FT8,0.11742082599999999,0.008119430207473303,-0.007566194,0.14155116799999998,5,0.7,0.0,0.604144712
7,0,Fp1,0.116285118,0.0152372784626363,-0.094934996,0.129918132,5,0.7,0.0,0.604144712
7,4,F4,0.111071844,0.05582997527518735,0.024010518,0.13233462199999999,5,0.7,0.0,0.604144712
7,2,Fz,0.10645978999999998,0.01834821430566337,-0.098743638,0.128850398,5,0.7,0.0,0.604144712
7,10,FT7,0.10299855799999999,0.012911423167585746,-0.028329477999999998,0.12069816200000001,5,0.7,0.0,0.604144712
7,22,P3,0.10193847,0.05073297110246107,0.094652246,0.120001688,5,0.7,0.0,0.604144712
7,23,P4,0.099055374,0.011692200616865501,-0.05827981,0.10407942399999999,5,0.7,0.0,0.604144712
7,6,F8,0.098047964,0.025234394349576337,-0.0049682120000000005,0.113812354,5,0.7,0.0,0.604144712
7,27,O1,0.091636298,0.025366118097570032,0.026955326,0.103854896,5,0.7,0.0,0.604144712
7,13,C3,0.08794025800000001,0.020763697246385812,0.037639818000000005,0.098075372,5,0.7,0.0,0.604144712
7,3,F3,0.083178204,0.02584473916357989,0.02981106,0.09380594,5,0.7,0.0,0.604144712
7,15,T3,0.083168306,0.018442225448209337,0.056770002,0.098431648,5,0.7,0.0,0.604144712
7,5,F7,0.079897786,0.012715351881598884,0.075144476,0.094995784,5,0.7,0.0,0.604144712
7,24,T5,0.07693547,0.012199965714511252,0.005410898000000002,0.091327314,5,0.7,0.0,0.604144712
7,20,TP8,0.075439992,0.02157996117615067,-0.010647901999999999,0.085710864,5,0.7,0.0,0.604144712
7,16,T4,0.07070546600000001,0.03823192487098027,0.012466412,0.08377026600000001,5,0.7,0.0,0.604144712
7,19,TP7,0.070121714,0.038013052679147986,-0.008244648,0.078907478,5,0.7,0.0,0.604144712
7,14,C4,0.068588886,0.015949619018200085,-0.022789042,0.07594578399999999,5,0.7,0.0,0.604144712
7,12,Cz,0.06634019,0.023785195393019164,0.009424715999999998,0.072956824,5,0.7,0.0,0.604144712
7,1,Fp2,0.064880708,0.027090572535267136,0.06425841800000001,0.075889878,5,0.7,0.0,0.604144712
7,7,FCz,0.064672386,0.014329953688221743,0.05027687199999999,0.069557168,5,0.7,0.0,0.604144712
7,9,FC4,0.063970578,0.023441650785571182,-0.033730464,0.07326669799999999,5,0.7,0.0,0.604144712
7,25,T6,0.063558644,0.016681751757112614,-0.040306155999999996,0.07628357,5,0.7,0.0,0.604144712
7,26,Oz,0.055289884,0.02104342253564116,0.025420818,0.06789264,5,0.7,0.0,0.604144712
7,8,FC3,0.03785738,0.013565665926549644,-0.016221786,0.042313908,5,0.7,0.0,0.604144712
8,21,Pz,0.143932254,0.011827254949400979,-0.006053988000000001,0.147713284,5,0.75,0.4,0.33386443
8,17,CP3,0.134330662,0.015205423604193661,0.027360026000000003,0.149332558,5,0.75,0.4,0.33386443
8,13,C3,0.12679319,0.01683578717832344,0.08607266999999999,0.132361434,5,0.75,0.4,0.33386443
8,19,TP7,0.119430492,0.03913119182881055,-0.017384866,0.131695774,5,0.75,0.4,0.33386443
8,20,TP8,0.118880702,0.03103066336403106,-0.042580242000000004,0.133674338,5,0.75,0.4,0.33386443
8,28,O2,0.118282084,0.024589385862226826,-0.038907288,0.12934995200000002,5,0.75,0.4,0.33386443
8,16,T4,0.11817043199999999,0.006924927295623403,-0.0009026419999999997,0.125086324,5,0.75,0.4,0.33386443
8,18,CP4,0.11588318,0.025975044143665093,0.029086478,0.13535214,5,0.75,0.4,0.33386443
8,23,P4,0.115387986,0.015499813601894702,-0.084430618,0.127371876,5,0.75,0.4,0.33386443
8,27,O1,0.11315417400000001,0.008423721033909542,0.049071236000000004,0.125411396,5,0.75,0.4,0.33386443
8,15,T3,0.109722454,0.019096119711409433,0.10405965799999999,0.12448629,5,0.75,0.4,0.33386443
8,2,Fz,0.10881213999999999,0.01362705974393596,-0.10613208199999999,0.127848666,5,0.75,0.4,0.33386443
8,3,F3,0.10123243,0.012883170427881875,0.033660568,0.111202354,5,0.75,0.4,0.33386443
8,0,Fp1,0.099635634,0.011696360012086236,-0.084872282,0.11166603,5,0.75,0.4,0.33386443
8,5,F7,0.09930337,0.014322534851533786,0.089634264,0.111259666,5,0.75,0.4,0.33386443
8,24,T5,0.09784897000000001,0.012503198280198146,0.080729528,0.11232192199999999,5,0.75,0.4,0.33386443
8,1,Fp2,0.09625133799999999,0.017381564669363633,0.078228454,0.122124818,5,0.75,0.4,0.33386443
8,7,FCz,0.09279404,0.011803718732613466,0.08570336,0.111169322,5,0.75,0.4,0.33386443
8,4,F4,0.09271726599999999,0.006454634259408512,-3.413199999999991e-05,0.111432422,5,0.75,0.4,0.33386443
8,25,T6,0.085618742,0.009451790108102268,-0.06746232399999999,0.099370534,5,0.75,0.4,0.33386443
8,6,F8,0.08416098,0.008100791682903598,0.019669808000000004,0.097271642,5,0.75,0.4,0.33386443
8,12,Cz,0.08216195800000001,0.007397244947094839,0.08127268800000001,0.100520054,5,0.75,0.4,0.33386443
8,11,FT8,0.077268596,0.0038297195978269733,-0.009664706,0.098540006,5,0.75,0.4,0.33386443
8,26,Oz,0.07440455,0.01276294873302796,0.030219046,0.081852958,5,0.75,0.4,0.33386443
8,10,FT7,0.07206148799999999,0.01691149580393526,-0.040643184,0.08164866200000001,5,0.75,0.4,0.33386443
8,14,C4,0.065290798,0.01879834272432998,-0.057724894000000006,0.075019096,5,0.75,0.4,0.33386443
8,22,P3,0.062475774,0.04179369431711774,0.046226732,0.07048867,5,0.75,0.4,0.33386443
8,8,FC3,0.054144406,0.021940083340309578,0.01481731,0.061385338,5,0.75,0.4,0.33386443
8,9,FC4,0.046538798000000006,0.011170995222197973,-0.029911404000000003,0.059311892,5,0.75,0.4,0.33386443
9,28,O2,0.157941572,0.009209373601867283,-0.020752189999999997,0.162041762,5,0.75,0.0,0.252100962
9,15,T3,0.144865708,0.023120544402826463,0.144865708,0.15015639600000003,5,0.75,0.0,0.252100962
9,21,Pz,0.137733714,0.014577089638661764,0.010860065999999998,0.140090048,5,0.75,0.0,0.252100962
9,16,T4,0.129390648,0.0068093110881292575,0.018295428000000002,0.14991788,5,0.75,0.0,0.252100962
9,17,CP3,0.127670712,0.006831230335658435,0.028393952,0.145283088,5,0.75,0.0,0.252100962
9,27,O1,0.11305133599999999,0.007017952218947488,0.02518529,0.129246468,5,0.75,0.0,0.252100962
9,18,CP4,0.110807604,0.007403315768915983,0.014656842,0.132615912,5,0.75,0.0,0.252100962
9,13,C3,0.107999366,0.00644748133896718,0.06577269399999999,0.11298192600000001,5,0.75,0.0,0.252100962
9,14,C4,0.10632462000000001,0.02284043143304434,-0.10464844200000001,0.11878979,5,0.75,0.0,0.252100962
9,23,P4,0.10380524,0.005655487429421983,-0.093967696,0.11345667400000001,5,0.75,0.0,0.252100962
9,7,FCz,0.10274926200000001,0.006402251774678188,0.09276884399999999,0.118840646,5,0.75,0.0,0.252100962
9,20,TP8,0.095154654,0.00531603230949361,-0.059959772,0.11488658599999998,5,0.75,0.0,0.252100962
9,4,F4,0.094574516,0.015391714034045401,0.0206619,0.104728984,5,0.75,0.0,0.252100962
9,0,Fp1,0.092052952,0.011495651571275545,-0.077899256,0.10134945,5,0.75,0.0,0.252100962
9,2,Fz,0.091612518,0.01745236322924119,-0.08396509199999999,0.101660694,5,0.75,0.0,0.252100962
9,10,FT7,0.08996064200000001,0.010010961656802509,-0.05823470000000001,0.10526066199999999,5,0.75,0.0,0.252100962
9,11,FT8,0.087836344,0.008770463569289256,-0.005598274,0.101400096,5,0.75,0.0,0.252100962
9,3,F3,0.087287226,0.01527746806785339,0.036918372,0.094525466,5,0.75,0.0,0.252100962
9,22,P3,0.085723626,0.01447235075466076,0.08098143,0.09911905400000001,5,0.75,0.0,0.252100962
9,1,Fp2,0.084176314,0.00465095210108962,0.067726256,0.110049968,5,0.75,0.0,0.252100962
9,5,F7,0.082895856,0.013645040647434143,0.080383948,0.095044978,5,0.75,0.0,0.252100962
9,12,Cz,0.07961796600000001,0.006027014838274418,0.0660712,0.08847479,5,0.75,0.0,0.252100962
9,24,T5,0.07335117199999999,0.021575746029953866,0.046082008,0.08286025,5,0.75,0.0,0.252100962
9,9,FC4,0.072514704,0.015486756267347595,-0.069375374,0.091992742,5,0.75,0.0,0.252100962
9,19,TP7,0.07174778600000001,0.014345675458453671,-0.01133233,0.082341988,5,0.75,0.0,0.252100962
9,26,Oz,0.071160926,0.003086603748244991,0.037041954,0.07374195,5,0.75,0.0,0.252100962
9,25,T6,0.069942318,0.012606271884731422,-0.055729116,0.08340449999999999,5,0.75,0.0,0.252100962
9,6,F8,0.066451546,0.012082614736189342,-0.007324688000000001,0.075798676,5,0.75,0.0,0.252100962
9,8,FC3,0.04541199,0.011797945018773395,-0.0005723840000000001,0.05330773,5,0.75,0.0,0.252100962
