{
  "51": {
    "accuracies": [
      0.05,
      0.45,
      0.4,
      0.45,
      0.15
    ],
    "balanced_accuracies": [
      0.05,
      0.45,
      0.4,
      0.45,
      0.15000000000000002
    ],
    "mean_accuracy": 0.3,
    "std_accuracy": 0.16733200530681513,
    "mean_balanced_accuracy": 0.3,
    "std_balanced_accuracy": 0.16733200530681513
  }
}