{
  "mean_accuracy": 0.8485714285714285,
  "std_accuracy": 0.24245344598373472,
  "mean_balanced_accuracy": 0.8485714285714285,
  "std_balanced_accuracy": 0.24245344598373472,
  "n_subjects": 7,
  "n_folds_total": 35
}