{
  "48": {
    "accuracies": [
      0.95,
      0.95,
      1.0,
      1.0,
      0.95
    ],
    "balanced_accuracies": [
      0.95,
      0.95,
      1.0,
      1.0,
      0.95
    ],
    "mean_accuracy": 0.97,
    "std_accuracy": 0.024494897427831803,
    "mean_balanced_accuracy": 0.97,
    "std_balanced_accuracy": 0.024494897427831803
  },
  "49": {
    "accuracies": [
      1.0,
      0.85,
      0.95,
      0.9,
      0.95
    ],
    "balanced_accuracies": [
      1.0,
      0.8500000000000001,
      0.95,
      0.8999999999999999,
      0.95
    ],
    "mean_accuracy": 0.9299999999999999,
    "std_accuracy": 0.05099019513592784,
    "mean_balanced_accuracy": 0.9299999999999999,
    "std_balanced_accuracy": 0.05099019513592782
  },
  "50": {
    "accuracies": [
      1.0,
      1.0,
      1.0,
      0.95,
      1.0
    ],
    "balanced_accuracies": [
      1.0,
      1.0,
      1.0,
      0.95,
      1.0
    ],
    "mean_accuracy": 0.99,
    "std_accuracy": 0.020000000000000018,
    "mean_balanced_accuracy": 0.99,
    "std_balanced_accuracy": 0.020000000000000018
  },
  "51": {
    "accuracies": [
      0.05,
      0.45,
      0.4,
      0.45,
      0.15
    ],
    "balanced_accuracies": [
      0.05,
      0.45,
      0.4,
      0.45,
      0.15000000000000002
    ],
    "mean_accuracy": 0.3,
    "std_accuracy": 0.16733200530681513,
    "mean_balanced_accuracy": 0.3,
    "std_balanced_accuracy": 0.16733200530681513
  },
  "52": {
    "accuracies": [
      0.95,
      0.95,
      0.95,
      0.95,
      0.95
    ],
    "balanced_accuracies": [
      0.95,
      0.95,
      0.95,
      0.95,
      0.95
    ],
    "mean_accuracy": 0.95,
    "std_accuracy": 0.0,
    "mean_balanced_accuracy": 0.95,
    "std_balanced_accuracy": 0.0
  },
  "53": {
    "accuracies": [
      1.0,
      1.0,
      1.0,
      1.0,
      1.0
    ],
    "balanced_accuracies": [
      1.0,
      1.0,
      1.0,
      1.0,
      1.0
    ],
    "mean_accuracy": 1.0,
    "std_accuracy": 0.0,
    "mean_balanced_accuracy": 1.0,
    "std_balanced_accuracy": 0.0
  },
  "54": {
    "accuracies": [
      0.85,
      0.85,
      0.8,
      0.75,
      0.75
    ],
    "balanced_accuracies": [
      0.8500000000000001,
      0.85,
      0.8,
      0.7500000000000001,
      0.75
    ],
    "mean_accuracy": 0.8,
    "std_accuracy": 0.04472135954999579,
    "mean_balanced_accuracy": 0.8,
    "std_balanced_accuracy": 0.04472135954999579
  }
}