{
  "mean_accuracy": 0.6157142857142858,
  "std_accuracy": 0.09393875555870627,
  "mean_balanced_accuracy": 0.6157142857142858,
  "std_balanced_accuracy": 0.09393875555870627,
  "n_groups": 7,
  "n_folds_total": 35
}