{
  "48": {
    "accuracies": [
      0.65,
      0.55,
      0.55,
      0.65,
      0.7
    ],
    "balanced_accuracies": [
      0.6499999999999999,
      0.55,
      0.55,
      0.65,
      0.7
    ],
    "mean_accuracy": 0.6200000000000001,
    "std_accuracy": 0.05999999999999997,
    "mean_balanced_accuracy": 0.6199999999999999,
    "std_balanced_accuracy": 0.059999999999999956
  },
  "49": {
    "accuracies": [
      0.65,
      0.75,
      0.675,
      0.675,
      0.675
    ],
    "balanced_accuracies": [
      0.65,
      0.75,
      0.675,
      0.675,
      0.675
    ],
    "mean_accuracy": 0.6849999999999999,
    "std_accuracy": 0.03391164991562633,
    "mean_balanced_accuracy": 0.6849999999999999,
    "std_balanced_accuracy": 0.03391164991562633
  },
  "50": {
    "accuracies": [
      0.65,
      0.575,
      0.675,
      0.35,
      0.55
    ],
    "balanced_accuracies": [
      0.6499999999999999,
      0.575,
      0.675,
      0.35,
      0.55
    ],
    "mean_accuracy": 0.5599999999999999,
    "std_accuracy": 0.11467344941179718,
    "mean_balanced_accuracy": 0.5599999999999999,
    "std_balanced_accuracy": 0.11467344941179716
  },
  "51": {
    "accuracies": [
      0.65,
      0.575,
      0.475,
      0.6,
      0.5
    ],
    "balanced_accuracies": [
      0.65,
      0.575,
      0.475,
      0.6,
      0.5
    ],
    "mean_accuracy": 0.56,
    "std_accuracy": 0.06442049363362563,
    "mean_balanced_accuracy": 0.56,
    "std_balanced_accuracy": 0.06442049363362563
  },
  "52": {
    "accuracies": [
      0.575,
      0.575,
      0.575,
      0.725,
      0.5
    ],
    "balanced_accuracies": [
      0.575,
      0.575,
      0.575,
      0.7250000000000001,
      0.5
    ],
    "mean_accuracy": 0.59,
    "std_accuracy": 0.07348469228349534,
    "mean_balanced_accuracy": 0.5900000000000001,
    "std_balanced_accuracy": 0.07348469228349538
  },
  "53": {
    "accuracies": [
      0.8,
      0.725,
      0.65,
      0.725,
      0.675
    ],
    "balanced_accuracies": [
      0.8,
      0.7250000000000001,
      0.6499999999999999,
      0.725,
      0.675
    ],
    "mean_accuracy": 0.7150000000000001,
    "std_accuracy": 0.051478150704935,
    "mean_balanced_accuracy": 0.7150000000000001,
    "std_balanced_accuracy": 0.051478150704935034
  },
  "54": {
    "accuracies": [
      0.5,
      0.475,
      0.55,
      0.725,
      0.65
    ],
    "balanced_accuracies": [
      0.5,
      0.475,
      0.55,
      0.725,
      0.65
    ],
    "mean_accuracy": 0.58,
    "std_accuracy": 0.0940744386111339,
    "mean_balanced_accuracy": 0.58,
    "std_balanced_accuracy": 0.0940744386111339
  }
}