{
  "mean_accuracy": 0.7629024668952074,
  "std_accuracy": 0.11335993805288391,
  "mean_balanced_accuracy": 0.7628899835796389,
  "std_balanced_accuracy": 0.11333903820659608,
  "n_groups": 9,
  "n_folds_total": 45
}