{
  "1": {
    "accuracies": [
      0.5517241379310345,
      0.6206896551724138,
      0.7241379310344828,
      0.5964912280701754,
      0.6666666666666666
    ],
    "balanced_accuracies": [
      0.5517241379310345,
      0.6206896551724138,
      0.7241379310344828,
      0.5972906403940887,
      0.6674876847290641
    ],
    "mean_accuracy": 0.6319419237749546,
    "std_accuracy": 0.059201638598694345,
    "mean_balanced_accuracy": 0.6322660098522167,
    "std_balanced_accuracy": 0.059203543596349224
  },
  "2": {
    "accuracies": [
      0.5344827586206896,
      0.603448275862069,
      0.5862068965517241,
      0.6842105263157895,
      0.7368421052631579
    ],
    "balanced_accuracies": [
      0.5344827586206897,
      0.603448275862069,
      0.5862068965517242,
      0.6834975369458128,
      0.7358374384236454
    ],
    "mean_accuracy": 0.629038112522686,
    "std_accuracy": 0.07224370401349196,
    "mean_balanced_accuracy": 0.6286945812807883,
    "std_balanced_accuracy": 0.07183509254706474
  },
  "3": {
    "accuracies": [
      0.6551724137931034,
      0.7068965517241379,
      0.6551724137931034,
      0.7719298245614035,
      0.7894736842105263
    ],
    "balanced_accuracies": [
      0.6551724137931034,
      0.7068965517241379,
      0.6551724137931034,
      0.771551724137931,
      0.7875615763546798
    ],
    "mean_accuracy": 0.715728977616455,
    "std_accuracy": 0.05658449176108551,
    "mean_balanced_accuracy": 0.7152709359605911,
    "std_balanced_accuracy": 0.05601296073449757
  },
  "4": {
    "accuracies": [
      0.7241379310344828,
      0.7068965517241379,
      0.6724137931034483,
      0.7017543859649122,
      0.6666666666666666
    ],
    "balanced_accuracies": [
      0.7241379310344828,
      0.7068965517241379,
      0.6724137931034483,
      0.7007389162561577,
      0.6681034482758621
    ],
    "mean_accuracy": 0.6943738656987295,
    "std_accuracy": 0.02166620869738796,
    "mean_balanced_accuracy": 0.6944581280788178,
    "std_balanced_accuracy": 0.021239469100798117
  },
  "5": {
    "accuracies": [
      0.9827586206896551,
      0.8275862068965517,
      0.9482758620689655,
      0.9649122807017544,
      0.9649122807017544
    ],
    "balanced_accuracies": [
      0.9827586206896552,
      0.8275862068965517,
      0.9482758620689655,
      0.9649014778325123,
      0.9649014778325123
    ],
    "mean_accuracy": 0.9376890502117362,
    "std_accuracy": 0.05612163830658875,
    "mean_balanced_accuracy": 0.9376847290640395,
    "std_balanced_accuracy": 0.05611954243420544
  },
  "6": {
    "accuracies": [
      0.8275862068965517,
      0.6896551724137931,
      0.8103448275862069,
      0.7894736842105263,
      0.7192982456140351
    ],
    "balanced_accuracies": [
      0.8275862068965517,
      0.6896551724137931,
      0.8103448275862069,
      0.7894088669950738,
      0.7198275862068966
    ],
    "mean_accuracy": 0.7672716273442226,
    "std_accuracy": 0.05350110250331776,
    "mean_balanced_accuracy": 0.7673645320197044,
    "std_balanced_accuracy": 0.053401150594408676
  },
  "7": {
    "accuracies": [
      0.8620689655172413,
      0.7758620689655172,
      0.9137931034482759,
      0.8947368421052632,
      0.8771929824561403
    ],
    "balanced_accuracies": [
      0.8620689655172413,
      0.7758620689655172,
      0.9137931034482758,
      0.8947044334975369,
      0.8762315270935961
    ],
    "mean_accuracy": 0.8647307924984876,
    "std_accuracy": 0.04768126443905662,
    "mean_balanced_accuracy": 0.8645320197044335,
    "std_balanced_accuracy": 0.047628424703825875
  },
  "8": {
    "accuracies": [
      0.7758620689655172,
      0.7068965517241379,
      0.7586206896551724,
      0.8771929824561403,
      0.7719298245614035
    ],
    "balanced_accuracies": [
      0.7758620689655172,
      0.7068965517241379,
      0.7586206896551724,
      0.8786945812807883,
      0.7721674876847291
    ],
    "mean_accuracy": 0.7781004234724742,
    "std_accuracy": 0.05533872631222718,
    "mean_balanced_accuracy": 0.778448275862069,
    "std_balanced_accuracy": 0.0558717118374693
  },
  "9": {
    "accuracies": [
      0.8620689655172413,
      0.8275862068965517,
      0.8448275862068966,
      0.7894736842105263,
      0.9122807017543859
    ],
    "balanced_accuracies": [
      0.8620689655172413,
      0.8275862068965517,
      0.8448275862068966,
      0.7887931034482758,
      0.9131773399014778
    ],
    "mean_accuracy": 0.8472474289171205,
    "std_accuracy": 0.04044559157837097,
    "mean_balanced_accuracy": 0.8472906403940886,
    "std_balanced_accuracy": 0.04092859447754646
  }
}