{
  "mean_accuracy": 0.6135714285714287,
  "std_accuracy": 0.1005951676528353,
  "mean_balanced_accuracy": 0.6135714285714287,
  "std_balanced_accuracy": 0.1005951676528353,
  "mean_roc_auc": null,
  "std_roc_auc": null,
  "n_subjects": 7,
  "n_folds_total": 35
}