{
  "48": {
    "accuracies": [
      0.675,
      0.675,
      0.625,
      0.6,
      0.725
    ],
    "balanced_accuracies": [
      0.675,
      0.675,
      0.625,
      0.6,
      0.725
    ],
    "roc_aucs": [
      null,
      null,
      null,
      null,
      null
    ],
    "mean_accuracy": 0.66,
    "std_accuracy": 0.04358898943540674,
    "mean_balanced_accuracy": 0.66,
    "std_balanced_accuracy": 0.04358898943540674,
    "mean_roc_auc": null,
    "std_roc_auc": null
  },
  "49": {
    "accuracies": [
      0.55,
      0.7,
      0.725,
      0.625,
      0.7
    ],
    "balanced_accuracies": [
      0.55,
      0.7,
      0.725,
      0.625,
      0.7
    ],
    "roc_aucs": [
      null,
      null,
      null,
      null,
      null
    ],
    "mean_accuracy": 0.6599999999999999,
    "std_accuracy": 0.06442049363362559,
    "mean_balanced_accuracy": 0.6599999999999999,
    "std_balanced_accuracy": 0.06442049363362559,
    "mean_roc_auc": null,
    "std_roc_auc": null
  },
  "50": {
    "accuracies": [
      0.525,
      0.625,
      0.55,
      0.425,
      0.65
    ],
    "balanced_accuracies": [
      0.525,
      0.625,
      0.55,
      0.42500000000000004,
      0.65
    ],
    "roc_aucs": [
      null,
      null,
      null,
      null,
      null
    ],
    "mean_accuracy": 0.5549999999999999,
    "std_accuracy": 0.07968688725254613,
    "mean_balanced_accuracy": 0.5549999999999999,
    "std_balanced_accuracy": 0.07968688725254612,
    "mean_roc_auc": null,
    "std_roc_auc": null
  },
  "51": {
    "accuracies": [
      0.4,
      0.55,
      0.45,
      0.6,
      0.5
    ],
    "balanced_accuracies": [
      0.4,
      0.55,
      0.45,
      0.6,
      0.5
    ],
    "roc_aucs": [
      null,
      null,
      null,
      null,
      null
    ],
    "mean_accuracy": 0.5,
    "std_accuracy": 0.07071067811865475,
    "mean_balanced_accuracy": 0.5,
    "std_balanced_accuracy": 0.07071067811865475,
    "mean_roc_auc": null,
    "std_roc_auc": null
  },
  "52": {
    "accuracies": [
      0.575,
      0.65,
      0.625,
      0.65,
      0.575
    ],
    "balanced_accuracies": [
      0.575,
      0.65,
      0.625,
      0.6499999999999999,
      0.575
    ],
    "roc_aucs": [
      null,
      null,
      null,
      null,
      null
    ],
    "mean_accuracy": 0.615,
    "std_accuracy": 0.033911649915626375,
    "mean_balanced_accuracy": 0.615,
    "std_balanced_accuracy": 0.03391164991562635,
    "mean_roc_auc": null,
    "std_roc_auc": null
  },
  "53": {
    "accuracies": [
      0.7,
      0.6,
      0.85,
      0.875,
      0.65
    ],
    "balanced_accuracies": [
      0.7,
      0.6000000000000001,
      0.8500000000000001,
      0.875,
      0.65
    ],
    "roc_aucs": [
      null,
      null,
      null,
      null,
      null
    ],
    "mean_accuracy": 0.735,
    "std_accuracy": 0.10908712114635714,
    "mean_balanced_accuracy": 0.7350000000000001,
    "std_balanced_accuracy": 0.10908712114635714,
    "mean_roc_auc": null,
    "std_roc_auc": null
  },
  "54": {
    "accuracies": [
      0.55,
      0.575,
      0.475,
      0.625,
      0.625
    ],
    "balanced_accuracies": [
      0.55,
      0.575,
      0.475,
      0.625,
      0.625
    ],
    "roc_aucs": [
      null,
      null,
      null,
      null,
      null
    ],
    "mean_accuracy": 0.5700000000000001,
    "std_accuracy": 0.05567764362830022,
    "mean_balanced_accuracy": 0.5700000000000001,
    "std_balanced_accuracy": 0.05567764362830022,
    "mean_roc_auc": null,
    "std_roc_auc": null
  }
}