[2026-05-30 10:12:00] Run ID:     20260530_1012_1790f7f6
[2026-05-30 10:12:00] Artifacts:  /home/vegorov/Repos/eeg_jepa_research/artifacts/liu2024-source-mat-sjepa-prelocal/20260530_1012_1790f7f6
[2026-05-30 10:12:00] Config:     /home/vegorov/Repos/eeg_jepa_research/artifacts/liu2024-source-mat-sjepa-prelocal/20260530_1012_1790f7f6/config.json
[2026-05-30 10:12:00] Using device: cpu
[2026-05-30 10:12:01] Seed initialized: 2026
[2026-05-30 10:12:01] Configured preprocessing pipeline:
[2026-05-30 10:12:01]   - [ON] source::select_eeg_channels | - select Liu EEG channels, drop CPz reference, EOG, and marker before model input
[2026-05-30 10:12:01]   - [ON] source::demean | mode=baseline_window_mean | baseline_window_s=[0.0, 2.0]
[2026-05-30 10:12:01]   - [off] source::detrend | mode=none
[2026-05-30 10:12:01]   - [off] source::eog_correction | mode=none
[2026-05-30 10:12:01]   - [off] source::artifact_clipping | mode=none | percentile=99.5
[2026-05-30 10:12:01]   - [ON] mne_raw::reference | timing=before_resample_filter | mode=average
[2026-05-30 10:12:01]   - [ON] mne_raw::resample | sfreq=128
[2026-05-30 10:12:01]   - [ON] mne_raw::bandpass_filter | l_freq=0.5 | h_freq=40.0 | method=iir | phase=zero | fir_design=firwin | iir_params={'ftype': 'butter', 'order': 2}
[2026-05-30 10:12:01]   - [off] mne_raw::notch_filter | timing=after_bandpass
[2026-05-30 10:12:01]   - [ON] window::crop_fixed_mi_window | start_s=0 | target_window_samples=537
[2026-05-30 10:12:01]   - [off] window::bad_trial_rejection
[2026-05-30 10:12:01]   - [off] split::fold_safe_normalization | mode=none
[2026-05-30 10:12:01] Source extract dir: /home/vegorov/Repos/eeg_jepa_research/liu2024_data/liu2024_figshare/sourcedata
[2026-05-30 10:12:01] Found 50 .mat files
[2026-05-30 10:12:01] MAT structure preview saved to: /home/vegorov/Repos/eeg_jepa_research/artifacts/liu2024-source-mat-sjepa-prelocal/20260530_1012_1790f7f6/mat_structure_preview_first_subject.csv
[2026-05-30 10:12:07] Subjects loaded: [1, 2, 3, 4, 5, 6, 7, 8, 9, 10, 11, 12, 13, 14, 15, 16, 17, 18, 19, 20, 21, 22, 23, 24, 25, 26, 27, 28, 29, 30, 31, 32, 33, 34, 35, 36, 37, 38, 39, 40, 41, 42, 43, 44, 45, 46, 47, 48, 49, 50]
[2026-05-30 10:12:07] Subject inventory saved to: /home/vegorov/Repos/eeg_jepa_research/artifacts/liu2024-source-mat-sjepa-prelocal/20260530_1012_1790f7f6/subject_inventory.csv
[2026-05-30 10:12:20] X_ALL shape: (2000, 29, 537) | Y_ALL counts: [1000, 1000]
[2026-05-30 10:12:20] Preprocessing steps used:
[2026-05-30 10:12:20]   - select 29 EEG channels; drop CPz source reference, EOG, and marker
[2026-05-30 10:12:20]   - source demean: subtract baseline mean [0.0, 2.0]s
[2026-05-30 10:12:20]   - source detrend skipped
[2026-05-30 10:12:20]   - EOG correction skipped
[2026-05-30 10:12:20]   - source artifact clipping skipped
[2026-05-30 10:12:20]   - convert source microvolts to MNE volts
[2026-05-30 10:12:20]   - average reference at before resample/filter
[2026-05-30 10:12:20]   - resample to 128 Hz
[2026-05-30 10:12:20]   - IIR bandpass 0.5–40.0 Hz | params={'ftype': 'butter', 'order': 2}
[2026-05-30 10:12:20]   - convert MNE volts to model microvolts
[2026-05-30 10:12:20]   - crop fixed window samples [0:537]
[2026-05-30 10:12:20]   - bad-trial rejection skipped
[2026-05-30 10:12:20] Window summary saved to: /home/vegorov/Repos/eeg_jepa_research/artifacts/liu2024-source-mat-sjepa-prelocal/20260530_1012_1790f7f6/window_counts_by_subject.csv
[2026-05-30 10:12:21] ======================================================================
[2026-05-30 10:12:21] STARTING WITHIN-SUBJECT EVALUATION
[2026-05-30 10:12:21] ======================================================================
[2026-05-30 10:12:21] Experiment:    hpgrid537_bs4_lr0p0004_clip2_start0_test0p4_iir_baseline_window_mean
[2026-05-30 10:12:21] Subjects:      ['1', '2', '3', '4', '5', '6', '7', '8', '9', '10', '11', '12', '13', '14', '15', '16', '17', '18', '19', '20', '21', '22', '23', '24', '25', '26', '27', '28', '29', '30', '31', '32', '33', '34', '35', '36', '37', '38', '39', '40', '41', '42', '43', '44', '45', '46', '47', '48', '49', '50']
[2026-05-30 10:12:21] Model:         SignalJEPA_PreLocal
[2026-05-30 10:12:21] Pretrained:    from_pretrained
[2026-05-30 10:12:21] Strategy:      new
[2026-05-30 10:12:21] Preprocessing: demean=baseline_window_mean | detrend=none | eog=none | clip=none | ref=average@before_resample_filter | resample=True->128 | filter=True 0.5–40.0 iir
[2026-05-30 10:12:21] Normalization: none | reject_bad_trials=False
[2026-05-30 10:12:21] Evaluation:    stratified_kfold | cv_folds=5 | n_repeats=10 | test_size=0.4
[2026-05-30 10:12:21] Seed:          base=2026 | cv=2026 | split=2026 | val=2026
[2026-05-30 10:12:21] Window:        start=0s | samples=537 | duration=4.1953s | effective sfreq=128.0
[2026-05-30 10:12:21] Optimizer:     adam | lr=0.0004 | wd=0.0
[2026-05-30 10:12:21] Augmentation:  noise=0.0 | shift=0 | ch_drop=0.0
[2026-05-30 10:12:21] Val split:     0.2
[2026-05-30 10:12:21] Max epochs:    5000 | patience=50
[2026-05-30 10:12:21] Device:        cpu
[2026-05-30 10:12:21] ======================================================================
[2026-05-30 10:12:21] \nSubject 1: 40 windows | class_counts=[20, 20]

[2026-05-30 10:12:22] Fold 1/5 | subject=1
[2026-05-30 10:12:22]     Train: 32 | counts=[16, 16]
[2026-05-30 10:12:22]     Test:  8 | counts=[4, 4]
[2026-05-30 10:12:22]     Model: SignalJEPA_PreLocal | Pretrained: from_pretrained | Strategy: new
[2026-05-30 10:12:22]     Normalization: none | fit_scope=none
[2026-05-30 10:12:22]     Phase 1 (new): 2,170/16,010 params
[2026-05-30 10:12:23]     Result | best_epoch=19 | stop=68 | final_phase_epochs=68 | acc=0.3750 | bal_acc=0.3750 | pred_hist=[3, 5] | collapse=False
[2026-05-30 10:12:23]     spatial_conv=[4, 29] top_abs_channels=[('O2', 0.15610315), ('Pz', 0.13627101), ('T3', 0.13063163), ('C3', 0.12218191), ('T4', 0.11890528), ('CP4', 0.11658735), ('CP3', 0.11357516), ('O1', 0.10925222)]
[2026-05-30 10:12:23]     spatial_update=delta_l2=0.19084533 max_abs=0.04246234 relative=0.15990671 changed=True

[2026-05-30 10:12:23] Fold 2/5 | subject=1
[2026-05-30 10:12:23]     Train: 32 | counts=[16, 16]
[2026-05-30 10:12:23]     Test:  8 | counts=[4, 4]
[2026-05-30 10:12:23]     Model: SignalJEPA_PreLocal | Pretrained: from_pretrained | Strategy: new
[2026-05-30 10:12:23]     Normalization: none | fit_scope=none
[2026-05-30 10:12:23]     Phase 1 (new): 2,170/16,010 params
[2026-05-30 10:12:24]     Result | best_epoch=1 | stop=51 | final_phase_epochs=51 | acc=0.3750 | bal_acc=0.3750 | pred_hist=[1, 7] | collapse=False
[2026-05-30 10:12:24]     spatial_conv=[4, 29] top_abs_channels=[('Pz', 0.15251255), ('O2', 0.14448962), ('T3', 0.12665649), ('T4', 0.12282112), ('CP3', 0.12138955), ('O1', 0.12093673), ('C3', 0.11617614), ('CP4', 0.11045299)]
[2026-05-30 10:12:24]     spatial_update=delta_l2=0.01234592 max_abs=0.00218411 relative=0.01034448 changed=True

[2026-05-30 10:12:25] Fold 3/5 | subject=1
[2026-05-30 10:12:25]     Train: 32 | counts=[16, 16]
[2026-05-30 10:12:25]     Test:  8 | counts=[4, 4]
[2026-05-30 10:12:25]     Model: SignalJEPA_PreLocal | Pretrained: from_pretrained | Strategy: new
[2026-05-30 10:12:25]     Normalization: none | fit_scope=none
[2026-05-30 10:12:25]     Phase 1 (new): 2,170/16,010 params
[2026-05-30 10:12:26]     Result | best_epoch=41 | stop=91 | final_phase_epochs=91 | acc=0.1250 | bal_acc=0.1250 | pred_hist=[3, 5] | collapse=False
[2026-05-30 10:12:26]     spatial_conv=[4, 29] top_abs_channels=[('O2', 0.14961302), ('CP4', 0.14674346), ('Pz', 0.14045863), ('T4', 0.13589998), ('CP3', 0.12586719), ('T3', 0.1214392), ('T6', 0.11680324), ('P3', 0.11646396)]
[2026-05-30 10:12:26]     spatial_update=delta_l2=0.36007862 max_abs=0.07873305 relative=0.30170498 changed=True

[2026-05-30 10:12:26] Fold 4/5 | subject=1
[2026-05-30 10:12:26]     Train: 32 | counts=[16, 16]
[2026-05-30 10:12:26]     Test:  8 | counts=[4, 4]
[2026-05-30 10:12:26]     Model: SignalJEPA_PreLocal | Pretrained: from_pretrained | Strategy: new
[2026-05-30 10:12:26]     Normalization: none | fit_scope=none
[2026-05-30 10:12:26]     Phase 1 (new): 2,170/16,010 params
[2026-05-30 10:12:28]     Result | best_epoch=69 | stop=119 | final_phase_epochs=119 | acc=0.3750 | bal_acc=0.3750 | pred_hist=[3, 5] | collapse=False
[2026-05-30 10:12:28]     spatial_conv=[4, 29] top_abs_channels=[('O2', 0.18109298), ('CP4', 0.14447333), ('T4', 0.14248005), ('Pz', 0.13959843), ('T3', 0.12598562), ('F7', 0.12400968), ('CP3', 0.12188137), ('F4', 0.11589698)]
[2026-05-30 10:12:28]     spatial_update=delta_l2=0.56467591 max_abs=0.15835449 relative=0.47313427 changed=True

[2026-05-30 10:12:28] Fold 5/5 | subject=1
[2026-05-30 10:12:28]     Train: 32 | counts=[16, 16]
[2026-05-30 10:12:28]     Test:  8 | counts=[4, 4]
[2026-05-30 10:12:28]     Model: SignalJEPA_PreLocal | Pretrained: from_pretrained | Strategy: new
[2026-05-30 10:12:28]     Normalization: none | fit_scope=none
[2026-05-30 10:12:28]     Phase 1 (new): 2,170/16,010 params
[2026-05-30 10:12:29]     Result | best_epoch=1 | stop=51 | final_phase_epochs=51 | acc=0.5000 | bal_acc=0.5000 | pred_hist=[0, 8] | collapse=True
[2026-05-30 10:12:29]     spatial_conv=[4, 29] top_abs_channels=[('Pz', 0.15201379), ('O2', 0.14406532), ('T3', 0.12625524), ('O1', 0.12213716), ('T4', 0.12209523), ('CP3', 0.12144811), ('C3', 0.11623643), ('Fp1', 0.11017308)]
[2026-05-30 10:12:29]     spatial_update=delta_l2=0.01226987 max_abs=0.00222568 relative=0.01028075 changed=True
[2026-05-30 10:12:29]   Subject 1: acc=0.3500±0.1225  bal_acc=0.3500±0.1225
[2026-05-30 10:12:29] \nSubject 2: 40 windows | class_counts=[20, 20]

[2026-05-30 10:12:30] Fold 1/5 | subject=2
[2026-05-30 10:12:30]     Train: 32 | counts=[16, 16]
[2026-05-30 10:12:30]     Test:  8 | counts=[4, 4]
[2026-05-30 10:12:30]     Model: SignalJEPA_PreLocal | Pretrained: from_pretrained | Strategy: new
[2026-05-30 10:12:30]     Normalization: none | fit_scope=none
[2026-05-30 10:12:30]     Phase 1 (new): 2,170/16,010 params
[2026-05-30 10:12:31]     Result | best_epoch=43 | stop=93 | final_phase_epochs=93 | acc=0.6250 | bal_acc=0.6250 | pred_hist=[3, 5] | collapse=False
[2026-05-30 10:12:31]     spatial_conv=[4, 29] top_abs_channels=[('T3', 0.16176696), ('O2', 0.14934441), ('Pz', 0.14428458), ('Fz', 0.13978858), ('CP4', 0.130992), ('O1', 0.12824406), ('C3', 0.12423468), ('CP3', 0.12319118)]
[2026-05-30 10:12:31]     spatial_update=delta_l2=0.42264839 max_abs=0.09074920 relative=0.35413134 changed=True

[2026-05-30 10:12:32] Fold 2/5 | subject=2
[2026-05-30 10:12:32]     Train: 32 | counts=[16, 16]
[2026-05-30 10:12:32]     Test:  8 | counts=[4, 4]
[2026-05-30 10:12:32]     Model: SignalJEPA_PreLocal | Pretrained: from_pretrained | Strategy: new
[2026-05-30 10:12:32]     Normalization: none | fit_scope=none
[2026-05-30 10:12:32]     Phase 1 (new): 2,170/16,010 params
[2026-05-30 10:12:35]     Result | best_epoch=167 | stop=217 | final_phase_epochs=217 | acc=0.5000 | bal_acc=0.5000 | pred_hist=[4, 4] | collapse=False
[2026-05-30 10:12:35]     spatial_conv=[4, 29] top_abs_channels=[('T3', 0.20141062), ('CP3', 0.19747728), ('FCz', 0.16494903), ('O2', 0.16470352), ('CP4', 0.14329846), ('Pz', 0.12909499), ('Fz', 0.12100075), ('O1', 0.11714263)]
[2026-05-30 10:12:35]     spatial_update=delta_l2=0.82051847 max_abs=0.25912446 relative=0.68750127 changed=True

[2026-05-30 10:12:35] Fold 3/5 | subject=2
[2026-05-30 10:12:35]     Train: 32 | counts=[16, 16]
[2026-05-30 10:12:35]     Test:  8 | counts=[4, 4]
[2026-05-30 10:12:35]     Model: SignalJEPA_PreLocal | Pretrained: from_pretrained | Strategy: new
[2026-05-30 10:12:35]     Normalization: none | fit_scope=none
[2026-05-30 10:12:35]     Phase 1 (new): 2,170/16,010 params
[2026-05-30 10:12:38]     Result | best_epoch=149 | stop=199 | final_phase_epochs=199 | acc=0.5000 | bal_acc=0.5000 | pred_hist=[2, 6] | collapse=False
[2026-05-30 10:12:38]     spatial_conv=[4, 29] top_abs_channels=[('FCz', 0.18606156), ('C3', 0.15854965), ('CP4', 0.1494621), ('O1', 0.14341529), ('T3', 0.14242759), ('O2', 0.13086759), ('Pz', 0.12997834), ('Fz', 0.12406412)]
[2026-05-30 10:12:38]     spatial_update=delta_l2=0.82593956 max_abs=0.23546062 relative=0.69204353 changed=True

[2026-05-30 10:12:38] Fold 4/5 | subject=2
[2026-05-30 10:12:38]     Train: 32 | counts=[16, 16]
[2026-05-30 10:12:38]     Test:  8 | counts=[4, 4]
[2026-05-30 10:12:38]     Model: SignalJEPA_PreLocal | Pretrained: from_pretrained | Strategy: new
[2026-05-30 10:12:38]     Normalization: none | fit_scope=none
[2026-05-30 10:12:38]     Phase 1 (new): 2,170/16,010 params
[2026-05-30 10:12:40]     Result | best_epoch=38 | stop=88 | final_phase_epochs=88 | acc=0.7500 | bal_acc=0.7500 | pred_hist=[4, 4] | collapse=False
[2026-05-30 10:12:40]     spatial_conv=[4, 29] top_abs_channels=[('O2', 0.15553176), ('T3', 0.14362019), ('Pz', 0.14121699), ('Fz', 0.12896717), ('C3', 0.12767023), ('T4', 0.12407732), ('O1', 0.11568632), ('CP3', 0.11074744)]
[2026-05-30 10:12:40]     spatial_update=delta_l2=0.35728581 max_abs=0.06524147 relative=0.29936492 changed=True

[2026-05-30 10:12:40] Fold 5/5 | subject=2
[2026-05-30 10:12:40]     Train: 32 | counts=[16, 16]
[2026-05-30 10:12:40]     Test:  8 | counts=[4, 4]
[2026-05-30 10:12:40]     Model: SignalJEPA_PreLocal | Pretrained: from_pretrained | Strategy: new
[2026-05-30 10:12:40]     Normalization: none | fit_scope=none
[2026-05-30 10:12:40]     Phase 1 (new): 2,170/16,010 params
[2026-05-30 10:12:42]     Result | best_epoch=90 | stop=140 | final_phase_epochs=140 | acc=0.6250 | bal_acc=0.6250 | pred_hist=[5, 3] | collapse=False
[2026-05-30 10:12:42]     spatial_conv=[4, 29] top_abs_channels=[('P3', 0.2286085), ('Pz', 0.14815357), ('CP4', 0.14564152), ('Fz', 0.14221106), ('C3', 0.13234439), ('O2', 0.13173491), ('Cz', 0.1201369), ('O1', 0.11838615)]
[2026-05-30 10:12:42]     spatial_update=delta_l2=0.64416851 max_abs=0.17871630 relative=0.53974004 changed=True
[2026-05-30 10:12:42]   Subject 2: acc=0.6000±0.0935  bal_acc=0.6000±0.0935
[2026-05-30 10:12:42] \nSubject 3: 40 windows | class_counts=[20, 20]

[2026-05-30 10:12:43] Fold 1/5 | subject=3
[2026-05-30 10:12:43]     Train: 32 | counts=[16, 16]
[2026-05-30 10:12:43]     Test:  8 | counts=[4, 4]
[2026-05-30 10:12:43]     Model: SignalJEPA_PreLocal | Pretrained: from_pretrained | Strategy: new
[2026-05-30 10:12:43]     Normalization: none | fit_scope=none
[2026-05-30 10:12:43]     Phase 1 (new): 2,170/16,010 params
[2026-05-30 10:12:43]     Result | best_epoch=7 | stop=56 | final_phase_epochs=56 | acc=0.5000 | bal_acc=0.5000 | pred_hist=[2, 6] | collapse=False
[2026-05-30 10:12:43]     spatial_conv=[4, 29] top_abs_channels=[('Pz', 0.15270278), ('O2', 0.14378618), ('O1', 0.12346439), ('T4', 0.1234459), ('T3', 0.12235016), ('CP3', 0.11829581), ('C3', 0.11507927), ('CP4', 0.11239926)]
[2026-05-30 10:12:43]     spatial_update=delta_l2=0.04872851 max_abs=0.01017430 relative=0.04082895 changed=True

[2026-05-30 10:12:44] Fold 2/5 | subject=3
[2026-05-30 10:12:44]     Train: 32 | counts=[16, 16]
[2026-05-30 10:12:44]     Test:  8 | counts=[4, 4]
[2026-05-30 10:12:44]     Model: SignalJEPA_PreLocal | Pretrained: from_pretrained | Strategy: new
[2026-05-30 10:12:44]     Normalization: none | fit_scope=none
[2026-05-30 10:12:44]     Phase 1 (new): 2,170/16,010 params
[2026-05-30 10:12:46]     Result | best_epoch=76 | stop=126 | final_phase_epochs=126 | acc=0.3750 | bal_acc=0.3750 | pred_hist=[3, 5] | collapse=False
[2026-05-30 10:12:46]     spatial_conv=[4, 29] top_abs_channels=[('Pz', 0.15835726), ('P4', 0.1403124), ('O1', 0.1400646), ('FT8', 0.12783426), ('O2', 0.12294408), ('F4', 0.12263371), ('CP3', 0.12187034), ('CP4', 0.1135525)]
[2026-05-30 10:12:46]     spatial_update=delta_l2=0.63918943 max_abs=0.16562158 relative=0.53556813 changed=True

[2026-05-30 10:12:46] Fold 3/5 | subject=3
[2026-05-30 10:12:46]     Train: 32 | counts=[16, 16]
[2026-05-30 10:12:46]     Test:  8 | counts=[4, 4]
[2026-05-30 10:12:46]     Model: SignalJEPA_PreLocal | Pretrained: from_pretrained | Strategy: new
[2026-05-30 10:12:46]     Normalization: none | fit_scope=none
[2026-05-30 10:12:46]     Phase 1 (new): 2,170/16,010 params
[2026-05-30 10:12:48]     Result | best_epoch=101 | stop=151 | final_phase_epochs=151 | acc=0.5000 | bal_acc=0.5000 | pred_hist=[4, 4] | collapse=False
[2026-05-30 10:12:48]     spatial_conv=[4, 29] top_abs_channels=[('CP4', 0.16849068), ('Pz', 0.14452595), ('O1', 0.14037398), ('C3', 0.13173874), ('Oz', 0.12983939), ('O2', 0.12547007), ('P4', 0.11299714), ('FCz', 0.11127932)]
[2026-05-30 10:12:48]     spatial_update=delta_l2=0.65304539 max_abs=0.16281472 relative=0.54717785 changed=True

[2026-05-30 10:12:49] Fold 4/5 | subject=3
[2026-05-30 10:12:49]     Train: 32 | counts=[16, 16]
[2026-05-30 10:12:49]     Test:  8 | counts=[4, 4]
[2026-05-30 10:12:49]     Model: SignalJEPA_PreLocal | Pretrained: from_pretrained | Strategy: new
[2026-05-30 10:12:49]     Normalization: none | fit_scope=none
[2026-05-30 10:12:49]     Phase 1 (new): 2,170/16,010 params
[2026-05-30 10:12:51]     Result | best_epoch=115 | stop=165 | final_phase_epochs=165 | acc=0.6250 | bal_acc=0.6250 | pred_hist=[5, 3] | collapse=False
[2026-05-30 10:12:51]     spatial_conv=[4, 29] top_abs_channels=[('FT7', 0.15489906), ('Fp1', 0.14882725), ('P3', 0.1441052), ('O2', 0.14132296), ('CP3', 0.13713253), ('C3', 0.13082726), ('CP4', 0.12949067), ('Pz', 0.12477857)]
[2026-05-30 10:12:51]     spatial_update=delta_l2=0.69325111 max_abs=0.19341925 relative=0.58086569 changed=True

[2026-05-30 10:12:52] Fold 5/5 | subject=3
[2026-05-30 10:12:52]     Train: 32 | counts=[16, 16]
[2026-05-30 10:12:52]     Test:  8 | counts=[4, 4]
[2026-05-30 10:12:52]     Model: SignalJEPA_PreLocal | Pretrained: from_pretrained | Strategy: new
[2026-05-30 10:12:52]     Normalization: none | fit_scope=none
[2026-05-30 10:12:52]     Phase 1 (new): 2,170/16,010 params
[2026-05-30 10:12:52]     Result | best_epoch=1 | stop=51 | final_phase_epochs=51 | acc=0.5000 | bal_acc=0.5000 | pred_hist=[0, 8] | collapse=True
[2026-05-30 10:12:52]     spatial_conv=[4, 29] top_abs_channels=[('Pz', 0.15396358), ('O2', 0.14369583), ('T3', 0.12694766), ('T4', 0.12219858), ('O1', 0.1213908), ('CP3', 0.12018347), ('C3', 0.11639906), ('CP4', 0.11172154)]
[2026-05-30 10:12:52]     spatial_update=delta_l2=0.01240785 max_abs=0.00222777 relative=0.01039637 changed=True
[2026-05-30 10:12:52]   Subject 3: acc=0.5000±0.0791  bal_acc=0.5000±0.0791
[2026-05-30 10:12:52] \nSubject 4: 40 windows | class_counts=[20, 20]

[2026-05-30 10:12:53] Fold 1/5 | subject=4
[2026-05-30 10:12:53]     Train: 32 | counts=[16, 16]
[2026-05-30 10:12:53]     Test:  8 | counts=[4, 4]
[2026-05-30 10:12:53]     Model: SignalJEPA_PreLocal | Pretrained: from_pretrained | Strategy: new
[2026-05-30 10:12:53]     Normalization: none | fit_scope=none
[2026-05-30 10:12:53]     Phase 1 (new): 2,170/16,010 params
[2026-05-30 10:12:53]     Result | best_epoch=3 | stop=51 | final_phase_epochs=51 | acc=0.5000 | bal_acc=0.5000 | pred_hist=[0, 8] | collapse=True
[2026-05-30 10:12:53]     spatial_conv=[4, 29] top_abs_channels=[('Pz', 0.15379393), ('O2', 0.14373949), ('T3', 0.12788464), ('O1', 0.12171708), ('CP3', 0.12095045), ('T4', 0.12072594), ('C3', 0.11510549), ('CP4', 0.11094762)]
[2026-05-30 10:12:53]     spatial_update=delta_l2=0.01411538 max_abs=0.00214688 relative=0.01182709 changed=True

[2026-05-30 10:12:54] Fold 2/5 | subject=4
[2026-05-30 10:12:54]     Train: 32 | counts=[16, 16]
[2026-05-30 10:12:54]     Test:  8 | counts=[4, 4]
[2026-05-30 10:12:54]     Model: SignalJEPA_PreLocal | Pretrained: from_pretrained | Strategy: new
[2026-05-30 10:12:54]     Normalization: none | fit_scope=none
[2026-05-30 10:12:54]     Phase 1 (new): 2,170/16,010 params
[2026-05-30 10:12:55]     Result | best_epoch=40 | stop=90 | final_phase_epochs=90 | acc=0.7500 | bal_acc=0.7500 | pred_hist=[6, 2] | collapse=False
[2026-05-30 10:12:55]     spatial_conv=[4, 29] top_abs_channels=[('Pz', 0.14597073), ('P4', 0.13146761), ('CP3', 0.12894747), ('F7', 0.12678814), ('T4', 0.12649485), ('T3', 0.12611546), ('O2', 0.12581103), ('Fz', 0.12138808)]
[2026-05-30 10:12:55]     spatial_update=delta_l2=0.33069290 max_abs=0.08761413 relative=0.27708309 changed=True

[2026-05-30 10:12:56] Fold 3/5 | subject=4
[2026-05-30 10:12:56]     Train: 32 | counts=[16, 16]
[2026-05-30 10:12:56]     Test:  8 | counts=[4, 4]
[2026-05-30 10:12:56]     Model: SignalJEPA_PreLocal | Pretrained: from_pretrained | Strategy: new
[2026-05-30 10:12:56]     Normalization: none | fit_scope=none
[2026-05-30 10:12:56]     Phase 1 (new): 2,170/16,010 params
[2026-05-30 10:13:06]     Result | best_epoch=698 | stop=748 | final_phase_epochs=748 | acc=0.2500 | bal_acc=0.2500 | pred_hist=[4, 4] | collapse=False
[2026-05-30 10:13:06]     spatial_conv=[4, 29] top_abs_channels=[('CP4', 0.19040924), ('Cz', 0.18656892), ('O1', 0.16584761), ('C4', 0.15895653), ('Pz', 0.13332444), ('FC4', 0.12256433), ('T6', 0.12199831), ('CP3', 0.121806)]
[2026-05-30 10:13:06]     spatial_update=delta_l2=1.20360186 max_abs=0.37233451 relative=1.00848163 changed=True

[2026-05-30 10:13:07] Fold 4/5 | subject=4
[2026-05-30 10:13:07]     Train: 32 | counts=[16, 16]
[2026-05-30 10:13:07]     Test:  8 | counts=[4, 4]
[2026-05-30 10:13:07]     Model: SignalJEPA_PreLocal | Pretrained: from_pretrained | Strategy: new
[2026-05-30 10:13:07]     Normalization: none | fit_scope=none
[2026-05-30 10:13:07]     Phase 1 (new): 2,170/16,010 params
[2026-05-30 10:13:08]     Result | best_epoch=26 | stop=76 | final_phase_epochs=76 | acc=0.3750 | bal_acc=0.3750 | pred_hist=[1, 7] | collapse=False
[2026-05-30 10:13:08]     spatial_conv=[4, 29] top_abs_channels=[('Pz', 0.15703787), ('T3', 0.13979015), ('O2', 0.12916994), ('P4', 0.1239889), ('Fz', 0.12059911), ('CP3', 0.11948361), ('F7', 0.11883247), ('T4', 0.11151965)]
[2026-05-30 10:13:08]     spatial_update=delta_l2=0.27542981 max_abs=0.05710775 relative=0.23077889 changed=True

[2026-05-30 10:13:08] Fold 5/5 | subject=4
[2026-05-30 10:13:08]     Train: 32 | counts=[16, 16]
[2026-05-30 10:13:08]     Test:  8 | counts=[4, 4]
[2026-05-30 10:13:08]     Model: SignalJEPA_PreLocal | Pretrained: from_pretrained | Strategy: new
[2026-05-30 10:13:08]     Normalization: none | fit_scope=none
[2026-05-30 10:13:08]     Phase 1 (new): 2,170/16,010 params
[2026-05-30 10:13:10]     Result | best_epoch=75 | stop=125 | final_phase_epochs=125 | acc=0.3750 | bal_acc=0.3750 | pred_hist=[3, 5] | collapse=False
[2026-05-30 10:13:10]     spatial_conv=[4, 29] top_abs_channels=[('F7', 0.15294312), ('T4', 0.13410373), ('CP3', 0.12620708), ('Pz', 0.12551454), ('O2', 0.12211698), ('Fz', 0.1201138), ('O1', 0.11793387), ('TP7', 0.11202735)]
[2026-05-30 10:13:10]     spatial_update=delta_l2=0.47026306 max_abs=0.11912384 relative=0.39402703 changed=True
[2026-05-30 10:13:10]   Subject 4: acc=0.4500±0.1696  bal_acc=0.4500±0.1696
[2026-05-30 10:13:10] \nSubject 5: 40 windows | class_counts=[20, 20]

[2026-05-30 10:13:10] Fold 1/5 | subject=5
[2026-05-30 10:13:10]     Train: 32 | counts=[16, 16]
[2026-05-30 10:13:10]     Test:  8 | counts=[4, 4]
[2026-05-30 10:13:10]     Model: SignalJEPA_PreLocal | Pretrained: from_pretrained | Strategy: new
[2026-05-30 10:13:10]     Normalization: none | fit_scope=none
[2026-05-30 10:13:10]     Phase 1 (new): 2,170/16,010 params
[2026-05-30 10:13:11]     Result | best_epoch=1 | stop=51 | final_phase_epochs=51 | acc=0.5000 | bal_acc=0.5000 | pred_hist=[0, 8] | collapse=True
[2026-05-30 10:13:11]     spatial_conv=[4, 29] top_abs_channels=[('Pz', 0.15331703), ('O2', 0.14537151), ('T3', 0.12626274), ('O1', 0.12324159), ('T4', 0.12203544), ('CP3', 0.12081663), ('C3', 0.1146075), ('CP4', 0.11102532)]
[2026-05-30 10:13:11]     spatial_update=delta_l2=0.01264791 max_abs=0.00234726 relative=0.01059751 changed=True

[2026-05-30 10:13:11] Fold 2/5 | subject=5
[2026-05-30 10:13:11]     Train: 32 | counts=[16, 16]
[2026-05-30 10:13:11]     Test:  8 | counts=[4, 4]
[2026-05-30 10:13:11]     Model: SignalJEPA_PreLocal | Pretrained: from_pretrained | Strategy: new
[2026-05-30 10:13:11]     Normalization: none | fit_scope=none
[2026-05-30 10:13:11]     Phase 1 (new): 2,170/16,010 params
[2026-05-30 10:13:12]     Result | best_epoch=1 | stop=51 | final_phase_epochs=51 | acc=0.5000 | bal_acc=0.5000 | pred_hist=[0, 8] | collapse=True
[2026-05-30 10:13:12]     spatial_conv=[4, 29] top_abs_channels=[('Pz', 0.1522736), ('O2', 0.14507875), ('T3', 0.12594754), ('O1', 0.12243588), ('T4', 0.12187063), ('CP3', 0.12168444), ('C3', 0.11516499), ('CP4', 0.11090379)]
[2026-05-30 10:13:12]     spatial_update=delta_l2=0.01235890 max_abs=0.00228089 relative=0.01035535 changed=True

[2026-05-30 10:13:13] Fold 3/5 | subject=5
[2026-05-30 10:13:13]     Train: 32 | counts=[16, 16]
[2026-05-30 10:13:13]     Test:  8 | counts=[4, 4]
[2026-05-30 10:13:13]     Model: SignalJEPA_PreLocal | Pretrained: from_pretrained | Strategy: new
[2026-05-30 10:13:13]     Normalization: none | fit_scope=none
[2026-05-30 10:13:13]     Phase 1 (new): 2,170/16,010 params
[2026-05-30 10:13:28]     Result | best_epoch=1052 | stop=1089 | final_phase_epochs=1089 | acc=0.5000 | bal_acc=0.5000 | pred_hist=[4, 4] | collapse=False
[2026-05-30 10:13:28]     spatial_conv=[4, 29] top_abs_channels=[('T4', 0.17068824), ('O1', 0.13912769), ('O2', 0.13632911), ('CP4', 0.13577338), ('FT7', 0.12235019), ('FCz', 0.11534083), ('Pz', 0.11213646), ('Oz', 0.11188345)]
[2026-05-30 10:13:28]     spatial_update=delta_l2=1.09932965 max_abs=0.27625278 relative=0.92111337 changed=True

[2026-05-30 10:13:29] Fold 4/5 | subject=5
[2026-05-30 10:13:29]     Train: 32 | counts=[16, 16]
[2026-05-30 10:13:29]     Test:  8 | counts=[4, 4]
[2026-05-30 10:13:29]     Model: SignalJEPA_PreLocal | Pretrained: from_pretrained | Strategy: new
[2026-05-30 10:13:29]     Normalization: none | fit_scope=none
[2026-05-30 10:13:29]     Phase 1 (new): 2,170/16,010 params
[2026-05-30 10:13:30]     Result | best_epoch=22 | stop=69 | final_phase_epochs=69 | acc=0.6250 | bal_acc=0.6250 | pred_hist=[3, 5] | collapse=False
[2026-05-30 10:13:30]     spatial_conv=[4, 29] top_abs_channels=[('Pz', 0.16329391), ('O2', 0.1609138), ('T3', 0.13171192), ('O1', 0.12760422), ('CP3', 0.12320012), ('T4', 0.12028659), ('T5', 0.11668594), ('P3', 0.11339568)]
[2026-05-30 10:13:30]     spatial_update=delta_l2=0.19759012 max_abs=0.04095274 relative=0.16555808 changed=True

[2026-05-30 10:13:31] Fold 5/5 | subject=5
[2026-05-30 10:13:31]     Train: 32 | counts=[16, 16]
[2026-05-30 10:13:31]     Test:  8 | counts=[4, 4]
[2026-05-30 10:13:31]     Model: SignalJEPA_PreLocal | Pretrained: from_pretrained | Strategy: new
[2026-05-30 10:13:31]     Normalization: none | fit_scope=none
[2026-05-30 10:13:31]     Phase 1 (new): 2,170/16,010 params
[2026-05-30 10:13:44]     Result | best_epoch=920 | stop=970 | final_phase_epochs=970 | acc=0.6250 | bal_acc=0.6250 | pred_hist=[3, 5] | collapse=False
[2026-05-30 10:13:44]     spatial_conv=[4, 29] top_abs_channels=[('O2', 0.18844739), ('T3', 0.1614572), ('F3', 0.15373445), ('Pz', 0.14735831), ('Fp1', 0.14270014), ('FCz', 0.11937568), ('TP8', 0.11532749), ('F7', 0.1091581)]
[2026-05-30 10:13:44]     spatial_update=delta_l2=1.10972080 max_abs=0.28738005 relative=0.92981998 changed=True
[2026-05-30 10:13:44]   Subject 5: acc=0.5500±0.0612  bal_acc=0.5500±0.0612
[2026-05-30 10:13:44] \nSubject 6: 40 windows | class_counts=[20, 20]

[2026-05-30 10:13:45] Fold 1/5 | subject=6
[2026-05-30 10:13:45]     Train: 32 | counts=[16, 16]
[2026-05-30 10:13:45]     Test:  8 | counts=[4, 4]
[2026-05-30 10:13:45]     Model: SignalJEPA_PreLocal | Pretrained: from_pretrained | Strategy: new
[2026-05-30 10:13:45]     Normalization: none | fit_scope=none
[2026-05-30 10:13:45]     Phase 1 (new): 2,170/16,010 params
[2026-05-30 10:13:50]     Result | best_epoch=330 | stop=380 | final_phase_epochs=380 | acc=0.2500 | bal_acc=0.2500 | pred_hist=[4, 4] | collapse=False
[2026-05-30 10:13:50]     spatial_conv=[4, 29] top_abs_channels=[('C3', 0.2515254), ('P4', 0.19343865), ('CP3', 0.16133483), ('FT7', 0.13111638), ('F3', 0.13035518), ('Pz', 0.12779154), ('F4', 0.123772), ('FC3', 0.12198154)]
[2026-05-30 10:13:50]     spatial_update=delta_l2=1.06875620 max_abs=0.27119829 relative=0.89549629 changed=True

[2026-05-30 10:13:50] Fold 2/5 | subject=6
[2026-05-30 10:13:50]     Train: 32 | counts=[16, 16]
[2026-05-30 10:13:50]     Test:  8 | counts=[4, 4]
[2026-05-30 10:13:50]     Model: SignalJEPA_PreLocal | Pretrained: from_pretrained | Strategy: new
[2026-05-30 10:13:50]     Normalization: none | fit_scope=none
[2026-05-30 10:13:50]     Phase 1 (new): 2,170/16,010 params
[2026-05-30 10:13:51]     Result | best_epoch=1 | stop=51 | final_phase_epochs=51 | acc=0.5000 | bal_acc=0.5000 | pred_hist=[0, 8] | collapse=True
[2026-05-30 10:13:51]     spatial_conv=[4, 29] top_abs_channels=[('Pz', 0.15310298), ('O2', 0.14367871), ('T3', 0.12599531), ('O1', 0.12198053), ('T4', 0.12130162), ('CP3', 0.12104516), ('C3', 0.11531502), ('CP4', 0.11089692)]
[2026-05-30 10:13:51]     spatial_update=delta_l2=0.01260317 max_abs=0.00216538 relative=0.01056003 changed=True

[2026-05-30 10:13:52] Fold 3/5 | subject=6
[2026-05-30 10:13:52]     Train: 32 | counts=[16, 16]
[2026-05-30 10:13:52]     Test:  8 | counts=[4, 4]
[2026-05-30 10:13:52]     Model: SignalJEPA_PreLocal | Pretrained: from_pretrained | Strategy: new
[2026-05-30 10:13:52]     Normalization: none | fit_scope=none
[2026-05-30 10:13:52]     Phase 1 (new): 2,170/16,010 params
[2026-05-30 10:13:52]     Result | best_epoch=4 | stop=54 | final_phase_epochs=54 | acc=0.5000 | bal_acc=0.5000 | pred_hist=[2, 6] | collapse=False
[2026-05-30 10:13:52]     spatial_conv=[4, 29] top_abs_channels=[('Pz', 0.15588769), ('O2', 0.14404094), ('T3', 0.12609206), ('T4', 0.12138523), ('O1', 0.1202625), ('CP3', 0.11901412), ('C3', 0.11744408), ('CP4', 0.11118528)]
[2026-05-30 10:13:52]     spatial_update=delta_l2=0.04254175 max_abs=0.00833431 relative=0.03564515 changed=True

[2026-05-30 10:13:53] Fold 4/5 | subject=6
[2026-05-30 10:13:53]     Train: 32 | counts=[16, 16]
[2026-05-30 10:13:53]     Test:  8 | counts=[4, 4]
[2026-05-30 10:13:53]     Model: SignalJEPA_PreLocal | Pretrained: from_pretrained | Strategy: new
[2026-05-30 10:13:53]     Normalization: none | fit_scope=none
[2026-05-30 10:13:53]     Phase 1 (new): 2,170/16,010 params
[2026-05-30 10:13:54]     Result | best_epoch=4 | stop=52 | final_phase_epochs=52 | acc=0.5000 | bal_acc=0.5000 | pred_hist=[0, 8] | collapse=True
[2026-05-30 10:13:54]     spatial_conv=[4, 29] top_abs_channels=[('Pz', 0.15441096), ('O2', 0.14376312), ('T3', 0.12783521), ('T4', 0.12301001), ('O1', 0.12092625), ('CP3', 0.12032139), ('C3', 0.1170757), ('CP4', 0.11067422)]
[2026-05-30 10:13:54]     spatial_update=delta_l2=0.02237019 max_abs=0.00444914 relative=0.01874367 changed=True

[2026-05-30 10:13:54] Fold 5/5 | subject=6
[2026-05-30 10:13:54]     Train: 32 | counts=[16, 16]
[2026-05-30 10:13:54]     Test:  8 | counts=[4, 4]
[2026-05-30 10:13:54]     Model: SignalJEPA_PreLocal | Pretrained: from_pretrained | Strategy: new
[2026-05-30 10:13:54]     Normalization: none | fit_scope=none
[2026-05-30 10:13:54]     Phase 1 (new): 2,170/16,010 params
[2026-05-30 10:13:55]     Result | best_epoch=24 | stop=73 | final_phase_epochs=73 | acc=0.6250 | bal_acc=0.6250 | pred_hist=[7, 1] | collapse=False
[2026-05-30 10:13:55]     spatial_conv=[4, 29] top_abs_channels=[('Pz', 0.14494106), ('T4', 0.13334933), ('O2', 0.13205273), ('CP3', 0.12919024), ('T3', 0.12358258), ('C3', 0.11937186), ('O1', 0.1169993), ('P3', 0.11581486)]
[2026-05-30 10:13:55]     spatial_update=delta_l2=0.17199361 max_abs=0.04412314 relative=0.14411111 changed=True
[2026-05-30 10:13:55]   Subject 6: acc=0.4750±0.1225  bal_acc=0.4750±0.1225
[2026-05-30 10:13:55] \nSubject 7: 40 windows | class_counts=[20, 20]

[2026-05-30 10:13:56] Fold 1/5 | subject=7
[2026-05-30 10:13:56]     Train: 32 | counts=[16, 16]
[2026-05-30 10:13:56]     Test:  8 | counts=[4, 4]
[2026-05-30 10:13:56]     Model: SignalJEPA_PreLocal | Pretrained: from_pretrained | Strategy: new
[2026-05-30 10:13:56]     Normalization: none | fit_scope=none
[2026-05-30 10:13:56]     Phase 1 (new): 2,170/16,010 params
[2026-05-30 10:13:58]     Result | best_epoch=140 | stop=190 | final_phase_epochs=190 | acc=0.6250 | bal_acc=0.6250 | pred_hist=[3, 5] | collapse=False
[2026-05-30 10:13:58]     spatial_conv=[4, 29] top_abs_channels=[('T4', 0.21778458), ('CP4', 0.18551223), ('P3', 0.11639386), ('Fp1', 0.10975662), ('FCz', 0.10462212), ('C3', 0.10057978), ('F4', 0.09737667), ('TP8', 0.096944)]
[2026-05-30 10:13:58]     spatial_update=delta_l2=0.91698499 max_abs=0.25030730 relative=0.76832926 changed=True

[2026-05-30 10:13:59] Fold 2/5 | subject=7
[2026-05-30 10:13:59]     Train: 32 | counts=[16, 16]
[2026-05-30 10:13:59]     Test:  8 | counts=[4, 4]
[2026-05-30 10:13:59]     Model: SignalJEPA_PreLocal | Pretrained: from_pretrained | Strategy: new
[2026-05-30 10:13:59]     Normalization: none | fit_scope=none
[2026-05-30 10:13:59]     Phase 1 (new): 2,170/16,010 params
[2026-05-30 10:14:02]     Result | best_epoch=149 | stop=199 | final_phase_epochs=199 | acc=0.7500 | bal_acc=0.7500 | pred_hist=[6, 2] | collapse=False
[2026-05-30 10:14:02]     spatial_conv=[4, 29] top_abs_channels=[('T4', 0.22807182), ('T3', 0.14220545), ('CP3', 0.13765854), ('Fp1', 0.12586486), ('P3', 0.12255219), ('FC3', 0.1162698), ('FT7', 0.11005564), ('CP4', 0.10880355)]
[2026-05-30 10:14:02]     spatial_update=delta_l2=1.00559166 max_abs=0.26151332 relative=0.84257159 changed=True

[2026-05-30 10:14:02] Fold 3/5 | subject=7
[2026-05-30 10:14:02]     Train: 32 | counts=[16, 16]
[2026-05-30 10:14:02]     Test:  8 | counts=[4, 4]
[2026-05-30 10:14:02]     Model: SignalJEPA_PreLocal | Pretrained: from_pretrained | Strategy: new
[2026-05-30 10:14:02]     Normalization: none | fit_scope=none
[2026-05-30 10:14:02]     Phase 1 (new): 2,170/16,010 params
[2026-05-30 10:14:06]     Result | best_epoch=211 | stop=261 | final_phase_epochs=261 | acc=0.6250 | bal_acc=0.6250 | pred_hist=[3, 5] | collapse=False
[2026-05-30 10:14:06]     spatial_conv=[4, 29] top_abs_channels=[('CP3', 0.14953536), ('FT8', 0.13111228), ('F8', 0.12389264), ('C3', 0.12382367), ('FT7', 0.11943435), ('T4', 0.11066932), ('O1', 0.10659163), ('TP7', 0.10619433)]
[2026-05-30 10:14:06]     spatial_update=delta_l2=0.96368874 max_abs=0.22988985 relative=0.80746169 changed=True

[2026-05-30 10:14:06] Fold 4/5 | subject=7
[2026-05-30 10:14:06]     Train: 32 | counts=[16, 16]
[2026-05-30 10:14:06]     Test:  8 | counts=[4, 4]
[2026-05-30 10:14:06]     Model: SignalJEPA_PreLocal | Pretrained: from_pretrained | Strategy: new
[2026-05-30 10:14:06]     Normalization: none | fit_scope=none
[2026-05-30 10:14:06]     Phase 1 (new): 2,170/16,010 params
[2026-05-30 10:14:08]     Result | best_epoch=82 | stop=132 | final_phase_epochs=132 | acc=0.7500 | bal_acc=0.7500 | pred_hist=[6, 2] | collapse=False
[2026-05-30 10:14:08]     spatial_conv=[4, 29] top_abs_channels=[('T4', 0.1853492), ('T3', 0.14601196), ('CP4', 0.122846), ('O1', 0.12173057), ('Fp1', 0.1151842), ('C3', 0.11385131), ('CP3', 0.1124351), ('Pz', 0.10713523)]
[2026-05-30 10:14:08]     spatial_update=delta_l2=0.65499330 max_abs=0.18749510 relative=0.54880999 changed=True

[2026-05-30 10:14:09] Fold 5/5 | subject=7
[2026-05-30 10:14:09]     Train: 32 | counts=[16, 16]
[2026-05-30 10:14:09]     Test:  8 | counts=[4, 4]
[2026-05-30 10:14:09]     Model: SignalJEPA_PreLocal | Pretrained: from_pretrained | Strategy: new
[2026-05-30 10:14:09]     Normalization: none | fit_scope=none
[2026-05-30 10:14:09]     Phase 1 (new): 2,170/16,010 params
[2026-05-30 10:14:10]     Result | best_epoch=67 | stop=117 | final_phase_epochs=117 | acc=0.6250 | bal_acc=0.6250 | pred_hist=[3, 5] | collapse=False
[2026-05-30 10:14:10]     spatial_conv=[4, 29] top_abs_channels=[('T3', 0.16079959), ('T4', 0.14124452), ('CP3', 0.13569626), ('F3', 0.12543999), ('CP4', 0.12398504), ('O2', 0.11659208), ('Pz', 0.11645748), ('Fz', 0.11502872)]
[2026-05-30 10:14:10]     spatial_update=delta_l2=0.60810808 max_abs=0.13255209 relative=0.50952549 changed=True
[2026-05-30 10:14:10]   Subject 7: acc=0.6750±0.0612  bal_acc=0.6750±0.0612
[2026-05-30 10:14:10] \nSubject 8: 40 windows | class_counts=[20, 20]

[2026-05-30 10:14:11] Fold 1/5 | subject=8
[2026-05-30 10:14:11]     Train: 32 | counts=[16, 16]
[2026-05-30 10:14:11]     Test:  8 | counts=[4, 4]
[2026-05-30 10:14:11]     Model: SignalJEPA_PreLocal | Pretrained: from_pretrained | Strategy: new
[2026-05-30 10:14:11]     Normalization: none | fit_scope=none
[2026-05-30 10:14:11]     Phase 1 (new): 2,170/16,010 params
[2026-05-30 10:14:15]     Result | best_epoch=286 | stop=336 | final_phase_epochs=336 | acc=0.7500 | bal_acc=0.7500 | pred_hist=[4, 4] | collapse=False
[2026-05-30 10:14:15]     spatial_conv=[4, 29] top_abs_channels=[('F3', 0.20246798), ('O2', 0.14622682), ('O1', 0.13674968), ('Pz', 0.13367876), ('FC4', 0.12402496), ('Oz', 0.12043188), ('C4', 0.11395392), ('TP8', 0.11301176)]
[2026-05-30 10:14:15]     spatial_update=delta_l2=0.99095067 max_abs=0.24291813 relative=0.83030410 changed=True

[2026-05-30 10:14:16] Fold 2/5 | subject=8
[2026-05-30 10:14:16]     Train: 32 | counts=[16, 16]
[2026-05-30 10:14:16]     Test:  8 | counts=[4, 4]
[2026-05-30 10:14:16]     Model: SignalJEPA_PreLocal | Pretrained: from_pretrained | Strategy: new
[2026-05-30 10:14:16]     Normalization: none | fit_scope=none
[2026-05-30 10:14:16]     Phase 1 (new): 2,170/16,010 params
[2026-05-30 10:14:18]     Result | best_epoch=124 | stop=174 | final_phase_epochs=174 | acc=0.7500 | bal_acc=0.7500 | pred_hist=[6, 2] | collapse=False
[2026-05-30 10:14:18]     spatial_conv=[4, 29] top_abs_channels=[('F3', 0.17373699), ('O2', 0.16256645), ('Fp1', 0.14296512), ('CP3', 0.14103584), ('Pz', 0.1405015), ('T3', 0.13430098), ('P4', 0.12746826), ('O1', 0.12109375)]
[2026-05-30 10:14:18]     spatial_update=delta_l2=0.69559017 max_abs=0.18164186 relative=0.58282555 changed=True

[2026-05-30 10:14:19] Fold 3/5 | subject=8
[2026-05-30 10:14:19]     Train: 32 | counts=[16, 16]
[2026-05-30 10:14:19]     Test:  8 | counts=[4, 4]
[2026-05-30 10:14:19]     Model: SignalJEPA_PreLocal | Pretrained: from_pretrained | Strategy: new
[2026-05-30 10:14:19]     Normalization: none | fit_scope=none
[2026-05-30 10:14:19]     Phase 1 (new): 2,170/16,010 params
[2026-05-30 10:14:27]     Result | best_epoch=567 | stop=617 | final_phase_epochs=617 | acc=0.7500 | bal_acc=0.7500 | pred_hist=[4, 4] | collapse=False
[2026-05-30 10:14:27]     spatial_conv=[4, 29] top_abs_channels=[('F3', 0.24026799), ('CP3', 0.17794365), ('Fz', 0.17283146), ('O2', 0.16238335), ('FC4', 0.1288045), ('T3', 0.12680878), ('Pz', 0.12628552), ('C3', 0.1203519)]
[2026-05-30 10:14:27]     spatial_update=delta_l2=1.11873475 max_abs=0.27577685 relative=0.93737264 changed=True

[2026-05-30 10:14:28] Fold 4/5 | subject=8
[2026-05-30 10:14:28]     Train: 32 | counts=[16, 16]
[2026-05-30 10:14:28]     Test:  8 | counts=[4, 4]
[2026-05-30 10:14:28]     Model: SignalJEPA_PreLocal | Pretrained: from_pretrained | Strategy: new
[2026-05-30 10:14:28]     Normalization: none | fit_scope=none
[2026-05-30 10:14:28]     Phase 1 (new): 2,170/16,010 params
[2026-05-30 10:14:32]     Result | best_epoch=238 | stop=288 | final_phase_epochs=288 | acc=0.7500 | bal_acc=0.7500 | pred_hist=[4, 4] | collapse=False
[2026-05-30 10:14:32]     spatial_conv=[4, 29] top_abs_channels=[('C4', 0.19856197), ('F3', 0.15327738), ('O2', 0.14695437), ('O1', 0.14118759), ('CP3', 0.1296621), ('T6', 0.12298676), ('TP8', 0.12279709), ('F4', 0.10788366)]
[2026-05-30 10:14:32]     spatial_update=delta_l2=1.00929724 max_abs=0.29960652 relative=0.84567644 changed=True

[2026-05-30 10:14:33] Fold 5/5 | subject=8
[2026-05-30 10:14:33]     Train: 32 | counts=[16, 16]
[2026-05-30 10:14:33]     Test:  8 | counts=[4, 4]
[2026-05-30 10:14:33]     Model: SignalJEPA_PreLocal | Pretrained: from_pretrained | Strategy: new
[2026-05-30 10:14:33]     Normalization: none | fit_scope=none
[2026-05-30 10:14:33]     Phase 1 (new): 2,170/16,010 params
[2026-05-30 10:14:37]     Result | best_epoch=243 | stop=293 | final_phase_epochs=293 | acc=0.7500 | bal_acc=0.7500 | pred_hist=[4, 4] | collapse=False
[2026-05-30 10:14:37]     spatial_conv=[4, 29] top_abs_channels=[('Pz', 0.166309), ('F3', 0.16101924), ('O2', 0.15004073), ('FT8', 0.13957925), ('O1', 0.1325236), ('Fz', 0.13119051), ('CP3', 0.11636117), ('CP4', 0.11564829)]
[2026-05-30 10:14:37]     spatial_update=delta_l2=0.84499761 max_abs=0.21599096 relative=0.70801201 changed=True
[2026-05-30 10:14:37]   Subject 8: acc=0.7500±0.0000  bal_acc=0.7500±0.0000
[2026-05-30 10:14:37] \nSubject 9: 40 windows | class_counts=[20, 20]

[2026-05-30 10:14:37] Fold 1/5 | subject=9
[2026-05-30 10:14:37]     Train: 32 | counts=[16, 16]
[2026-05-30 10:14:37]     Test:  8 | counts=[4, 4]
[2026-05-30 10:14:37]     Model: SignalJEPA_PreLocal | Pretrained: from_pretrained | Strategy: new
[2026-05-30 10:14:37]     Normalization: none | fit_scope=none
[2026-05-30 10:14:37]     Phase 1 (new): 2,170/16,010 params
[2026-05-30 10:14:38]     Result | best_epoch=1 | stop=51 | final_phase_epochs=51 | acc=0.5000 | bal_acc=0.5000 | pred_hist=[0, 8] | collapse=True
[2026-05-30 10:14:38]     spatial_conv=[4, 29] top_abs_channels=[('Pz', 0.15372632), ('O2', 0.14396812), ('T3', 0.12741007), ('T4', 0.12215731), ('O1', 0.12168062), ('CP3', 0.12068562), ('C3', 0.11569145), ('CP4', 0.11167686)]
[2026-05-30 10:14:38]     spatial_update=delta_l2=0.01176650 max_abs=0.00213955 relative=0.00985899 changed=True

[2026-05-30 10:14:38] Fold 2/5 | subject=9
[2026-05-30 10:14:38]     Train: 32 | counts=[16, 16]
[2026-05-30 10:14:38]     Test:  8 | counts=[4, 4]
[2026-05-30 10:14:38]     Model: SignalJEPA_PreLocal | Pretrained: from_pretrained | Strategy: new
[2026-05-30 10:14:38]     Normalization: none | fit_scope=none
[2026-05-30 10:14:38]     Phase 1 (new): 2,170/16,010 params
[2026-05-30 10:14:39]     Result | best_epoch=24 | stop=74 | final_phase_epochs=74 | acc=0.2500 | bal_acc=0.2500 | pred_hist=[2, 6] | collapse=False
[2026-05-30 10:14:39]     spatial_conv=[4, 29] top_abs_channels=[('Pz', 0.15872872), ('O2', 0.14426592), ('T3', 0.13886274), ('T4', 0.12197766), ('Fp1', 0.11770593), ('O1', 0.11653954), ('CP3', 0.11590688), ('CP4', 0.11265676)]
[2026-05-30 10:14:39]     spatial_update=delta_l2=0.18543388 max_abs=0.05076830 relative=0.15537253 changed=True

[2026-05-30 10:14:40] Fold 3/5 | subject=9
[2026-05-30 10:14:40]     Train: 32 | counts=[16, 16]
[2026-05-30 10:14:40]     Test:  8 | counts=[4, 4]
[2026-05-30 10:14:40]     Model: SignalJEPA_PreLocal | Pretrained: from_pretrained | Strategy: new
[2026-05-30 10:14:40]     Normalization: none | fit_scope=none
[2026-05-30 10:14:40]     Phase 1 (new): 2,170/16,010 params
[2026-05-30 10:14:41]     Result | best_epoch=27 | stop=77 | final_phase_epochs=77 | acc=0.3750 | bal_acc=0.3750 | pred_hist=[3, 5] | collapse=False
[2026-05-30 10:14:41]     spatial_conv=[4, 29] top_abs_channels=[('O2', 0.15028763), ('Pz', 0.14162835), ('T3', 0.1377079), ('T4', 0.12540671), ('FCz', 0.12348966), ('CP3', 0.12079248), ('CP4', 0.11321177), ('C3', 0.11242698)]
[2026-05-30 10:14:41]     spatial_update=delta_l2=0.22745036 max_abs=0.05207996 relative=0.19057757 changed=True

[2026-05-30 10:14:41] Fold 4/5 | subject=9
[2026-05-30 10:14:41]     Train: 32 | counts=[16, 16]
[2026-05-30 10:14:41]     Test:  8 | counts=[4, 4]
[2026-05-30 10:14:41]     Model: SignalJEPA_PreLocal | Pretrained: from_pretrained | Strategy: new
[2026-05-30 10:14:41]     Normalization: none | fit_scope=none
[2026-05-30 10:14:41]     Phase 1 (new): 2,170/16,010 params
[2026-05-30 10:14:43]     Result | best_epoch=67 | stop=116 | final_phase_epochs=116 | acc=0.1250 | bal_acc=0.1250 | pred_hist=[3, 5] | collapse=False
[2026-05-30 10:14:43]     spatial_conv=[4, 29] top_abs_channels=[('CP3', 0.17202833), ('Pz', 0.13939336), ('CP4', 0.13381085), ('O2', 0.13333617), ('FCz', 0.11968262), ('F3', 0.11182153), ('T3', 0.11070486), ('TP8', 0.10971622)]
[2026-05-30 10:14:43]     spatial_update=delta_l2=0.52610281 max_abs=0.11804309 relative=0.44081439 changed=True

[2026-05-30 10:14:44] Fold 5/5 | subject=9
[2026-05-30 10:14:44]     Train: 32 | counts=[16, 16]
[2026-05-30 10:14:44]     Test:  8 | counts=[4, 4]
[2026-05-30 10:14:44]     Model: SignalJEPA_PreLocal | Pretrained: from_pretrained | Strategy: new
[2026-05-30 10:14:44]     Normalization: none | fit_scope=none
[2026-05-30 10:14:44]     Phase 1 (new): 2,170/16,010 params
[2026-05-30 10:14:44]     Result | best_epoch=1 | stop=51 | final_phase_epochs=51 | acc=0.5000 | bal_acc=0.5000 | pred_hist=[0, 8] | collapse=True
[2026-05-30 10:14:44]     spatial_conv=[4, 29] top_abs_channels=[('Pz', 0.15332733), ('O2', 0.14392292), ('T3', 0.12791763), ('O1', 0.12219708), ('CP3', 0.12211263), ('T4', 0.12143023), ('C3', 0.11476868), ('CP4', 0.11085436)]
[2026-05-30 10:14:44]     spatial_update=delta_l2=0.01458301 max_abs=0.00231653 relative=0.01221890 changed=True
[2026-05-30 10:14:44]   Subject 9: acc=0.3500±0.1458  bal_acc=0.3500±0.1458
[2026-05-30 10:14:44] \nSubject 10: 40 windows | class_counts=[20, 20]

[2026-05-30 10:14:45] Fold 1/5 | subject=10
[2026-05-30 10:14:45]     Train: 32 | counts=[16, 16]
[2026-05-30 10:14:45]     Test:  8 | counts=[4, 4]
[2026-05-30 10:14:45]     Model: SignalJEPA_PreLocal | Pretrained: from_pretrained | Strategy: new
[2026-05-30 10:14:45]     Normalization: none | fit_scope=none
[2026-05-30 10:14:45]     Phase 1 (new): 2,170/16,010 params
[2026-05-30 10:15:03]     Result | best_epoch=1273 | stop=1302 | final_phase_epochs=1302 | acc=0.5000 | bal_acc=0.5000 | pred_hist=[4, 4] | collapse=False
[2026-05-30 10:15:03]     spatial_conv=[4, 29] top_abs_channels=[('F4', 0.18793598), ('CP3', 0.17692135), ('FT7', 0.16284512), ('FCz', 0.14646433), ('T4', 0.14521682), ('FC4', 0.14020124), ('F7', 0.13078301), ('TP7', 0.13024326)]
[2026-05-30 10:15:03]     spatial_update=delta_l2=1.33147580 max_abs=0.37194593 relative=1.11562547 changed=True

[2026-05-30 10:15:03] Fold 2/5 | subject=10
[2026-05-30 10:15:03]     Train: 32 | counts=[16, 16]
[2026-05-30 10:15:03]     Test:  8 | counts=[4, 4]
[2026-05-30 10:15:03]     Model: SignalJEPA_PreLocal | Pretrained: from_pretrained | Strategy: new
[2026-05-30 10:15:03]     Normalization: none | fit_scope=none
[2026-05-30 10:15:03]     Phase 1 (new): 2,170/16,010 params
[2026-05-30 10:15:04]     Result | best_epoch=1 | stop=51 | final_phase_epochs=51 | acc=0.5000 | bal_acc=0.5000 | pred_hist=[0, 8] | collapse=True
[2026-05-30 10:15:04]     spatial_conv=[4, 29] top_abs_channels=[('Pz', 0.15153247), ('O2', 0.14401157), ('T3', 0.12774664), ('CP3', 0.12197757), ('O1', 0.12129575), ('T4', 0.12098509), ('C3', 0.11566533), ('CP4', 0.11082055)]
[2026-05-30 10:15:04]     spatial_update=delta_l2=0.01352148 max_abs=0.00218391 relative=0.01132947 changed=True

[2026-05-30 10:15:04] Fold 3/5 | subject=10
[2026-05-30 10:15:04]     Train: 32 | counts=[16, 16]
[2026-05-30 10:15:04]     Test:  8 | counts=[4, 4]
[2026-05-30 10:15:04]     Model: SignalJEPA_PreLocal | Pretrained: from_pretrained | Strategy: new
[2026-05-30 10:15:04]     Normalization: none | fit_scope=none
[2026-05-30 10:15:04]     Phase 1 (new): 2,170/16,010 params
[2026-05-30 10:15:06]     Result | best_epoch=71 | stop=121 | final_phase_epochs=121 | acc=0.2500 | bal_acc=0.2500 | pred_hist=[2, 6] | collapse=False
[2026-05-30 10:15:06]     spatial_conv=[4, 29] top_abs_channels=[('CP3', 0.14598766), ('F7', 0.13681191), ('T3', 0.12848361), ('P4', 0.12686945), ('CP4', 0.12319579), ('C3', 0.12107535), ('Fp1', 0.12035091), ('C4', 0.11941791)]
[2026-05-30 10:15:06]     spatial_update=delta_l2=0.50286807 max_abs=0.12642806 relative=0.42134632 changed=True

[2026-05-30 10:15:07] Fold 4/5 | subject=10
[2026-05-30 10:15:07]     Train: 32 | counts=[16, 16]
[2026-05-30 10:15:07]     Test:  8 | counts=[4, 4]
[2026-05-30 10:15:07]     Model: SignalJEPA_PreLocal | Pretrained: from_pretrained | Strategy: new
[2026-05-30 10:15:07]     Normalization: none | fit_scope=none
[2026-05-30 10:15:07]     Phase 1 (new): 2,170/16,010 params
[2026-05-30 10:15:08]     Result | best_epoch=23 | stop=73 | final_phase_epochs=73 | acc=0.5000 | bal_acc=0.5000 | pred_hist=[6, 2] | collapse=False
[2026-05-30 10:15:08]     spatial_conv=[4, 29] top_abs_channels=[('T3', 0.14131713), ('O2', 0.13944332), ('Pz', 0.1370948), ('CP3', 0.13009444), ('C3', 0.12475182), ('CP4', 0.1216152), ('Fp1', 0.1169908), ('O1', 0.11609523)]
[2026-05-30 10:15:08]     spatial_update=delta_l2=0.18853384 max_abs=0.04353079 relative=0.15796994 changed=True

[2026-05-30 10:15:08] Fold 5/5 | subject=10
[2026-05-30 10:15:08]     Train: 32 | counts=[16, 16]
[2026-05-30 10:15:08]     Test:  8 | counts=[4, 4]
[2026-05-30 10:15:08]     Model: SignalJEPA_PreLocal | Pretrained: from_pretrained | Strategy: new
[2026-05-30 10:15:08]     Normalization: none | fit_scope=none
[2026-05-30 10:15:08]     Phase 1 (new): 2,170/16,010 params
[2026-05-30 10:15:09]     Result | best_epoch=4 | stop=54 | final_phase_epochs=54 | acc=0.6250 | bal_acc=0.6250 | pred_hist=[1, 7] | collapse=False
[2026-05-30 10:15:09]     spatial_conv=[4, 29] top_abs_channels=[('Pz', 0.15217635), ('O2', 0.14140004), ('T3', 0.12969181), ('O1', 0.12332381), ('CP3', 0.12220471), ('T4', 0.11916829), ('C3', 0.11506462), ('CP4', 0.1125144)]
[2026-05-30 10:15:09]     spatial_update=delta_l2=0.03867969 max_abs=0.00722811 relative=0.03240919 changed=True
[2026-05-30 10:15:09]   Subject 10: acc=0.4750±0.1225  bal_acc=0.4750±0.1225
[2026-05-30 10:15:09] \nSubject 11: 40 windows | class_counts=[20, 20]

[2026-05-30 10:15:09] Fold 1/5 | subject=11
[2026-05-30 10:15:09]     Train: 32 | counts=[16, 16]
[2026-05-30 10:15:09]     Test:  8 | counts=[4, 4]
[2026-05-30 10:15:09]     Model: SignalJEPA_PreLocal | Pretrained: from_pretrained | Strategy: new
[2026-05-30 10:15:09]     Normalization: none | fit_scope=none
[2026-05-30 10:15:09]     Phase 1 (new): 2,170/16,010 params
[2026-05-30 10:15:12]     Result | best_epoch=172 | stop=222 | final_phase_epochs=222 | acc=0.5000 | bal_acc=0.5000 | pred_hist=[4, 4] | collapse=False
[2026-05-30 10:15:12]     spatial_conv=[4, 29] top_abs_channels=[('O2', 0.18591587), ('F3', 0.1727064), ('C3', 0.15813226), ('CP3', 0.12886348), ('FCz', 0.12864345), ('CP4', 0.11662994), ('Cz', 0.11432158), ('Fz', 0.11415689)]
[2026-05-30 10:15:12]     spatial_update=delta_l2=0.79868630 max_abs=0.21377071 relative=0.66920839 changed=True

[2026-05-30 10:15:13] Fold 2/5 | subject=11
[2026-05-30 10:15:13]     Train: 32 | counts=[16, 16]
[2026-05-30 10:15:13]     Test:  8 | counts=[4, 4]
[2026-05-30 10:15:13]     Model: SignalJEPA_PreLocal | Pretrained: from_pretrained | Strategy: new
[2026-05-30 10:15:13]     Normalization: none | fit_scope=none
[2026-05-30 10:15:13]     Phase 1 (new): 2,170/16,010 params
[2026-05-30 10:15:14]     Result | best_epoch=1 | stop=51 | final_phase_epochs=51 | acc=0.5000 | bal_acc=0.5000 | pred_hist=[0, 8] | collapse=True
[2026-05-30 10:15:14]     spatial_conv=[4, 29] top_abs_channels=[('Pz', 0.15325204), ('O2', 0.14385851), ('T3', 0.12634917), ('O1', 0.12216644), ('CP3', 0.12123294), ('T4', 0.12079109), ('C3', 0.11463778), ('CP4', 0.11005685)]
[2026-05-30 10:15:14]     spatial_update=delta_l2=0.01220581 max_abs=0.00219220 relative=0.01022709 changed=True

[2026-05-30 10:15:14] Fold 3/5 | subject=11
[2026-05-30 10:15:14]     Train: 32 | counts=[16, 16]
[2026-05-30 10:15:14]     Test:  8 | counts=[4, 4]
[2026-05-30 10:15:14]     Model: SignalJEPA_PreLocal | Pretrained: from_pretrained | Strategy: new
[2026-05-30 10:15:14]     Normalization: none | fit_scope=none
[2026-05-30 10:15:14]     Phase 1 (new): 2,170/16,010 params
[2026-05-30 10:15:19]     Result | best_epoch=299 | stop=349 | final_phase_epochs=349 | acc=0.5000 | bal_acc=0.5000 | pred_hist=[6, 2] | collapse=False
[2026-05-30 10:15:19]     spatial_conv=[4, 29] top_abs_channels=[('P4', 0.1818928), ('Pz', 0.16870086), ('CP4', 0.15313907), ('F3', 0.1408022), ('O2', 0.13848075), ('T6', 0.129788), ('Fp1', 0.11839746), ('FT7', 0.11656687)]
[2026-05-30 10:15:19]     spatial_update=delta_l2=0.89581428 max_abs=0.23070541 relative=0.75059061 changed=True

[2026-05-30 10:15:19] Fold 4/5 | subject=11
[2026-05-30 10:15:19]     Train: 32 | counts=[16, 16]
[2026-05-30 10:15:19]     Test:  8 | counts=[4, 4]
[2026-05-30 10:15:19]     Model: SignalJEPA_PreLocal | Pretrained: from_pretrained | Strategy: new
[2026-05-30 10:15:19]     Normalization: none | fit_scope=none
[2026-05-30 10:15:19]     Phase 1 (new): 2,170/16,010 params
[2026-05-30 10:15:20]     Result | best_epoch=1 | stop=51 | final_phase_epochs=51 | acc=0.5000 | bal_acc=0.5000 | pred_hist=[0, 8] | collapse=True
[2026-05-30 10:15:20]     spatial_conv=[4, 29] top_abs_channels=[('Pz', 0.15357888), ('O2', 0.14377677), ('T3', 0.12532696), ('T4', 0.12198061), ('O1', 0.1217836), ('CP3', 0.1208919), ('C3', 0.1152667), ('CP4', 0.11066624)]
[2026-05-30 10:15:20]     spatial_update=delta_l2=0.01232306 max_abs=0.00223394 relative=0.01032533 changed=True

[2026-05-30 10:15:21] Fold 5/5 | subject=11
[2026-05-30 10:15:21]     Train: 32 | counts=[16, 16]
[2026-05-30 10:15:21]     Test:  8 | counts=[4, 4]
[2026-05-30 10:15:21]     Model: SignalJEPA_PreLocal | Pretrained: from_pretrained | Strategy: new
[2026-05-30 10:15:21]     Normalization: none | fit_scope=none
[2026-05-30 10:15:21]     Phase 1 (new): 2,170/16,010 params
[2026-05-30 10:15:23]     Result | best_epoch=84 | stop=134 | final_phase_epochs=134 | acc=0.3750 | bal_acc=0.3750 | pred_hist=[3, 5] | collapse=False
[2026-05-30 10:15:23]     spatial_conv=[4, 29] top_abs_channels=[('O2', 0.1788989), ('T4', 0.15259698), ('Cz', 0.14954244), ('Pz', 0.14760141), ('Fz', 0.14153865), ('CP3', 0.13159987), ('T5', 0.12617603), ('CP4', 0.11714774)]
[2026-05-30 10:15:23]     spatial_update=delta_l2=0.56061640 max_abs=0.13716322 relative=0.46973286 changed=True
[2026-05-30 10:15:23]   Subject 11: acc=0.4750±0.0500  bal_acc=0.4750±0.0500
[2026-05-30 10:15:23] \nSubject 12: 40 windows | class_counts=[20, 20]

[2026-05-30 10:15:23] Fold 1/5 | subject=12
[2026-05-30 10:15:23]     Train: 32 | counts=[16, 16]
[2026-05-30 10:15:23]     Test:  8 | counts=[4, 4]
[2026-05-30 10:15:23]     Model: SignalJEPA_PreLocal | Pretrained: from_pretrained | Strategy: new
[2026-05-30 10:15:23]     Normalization: none | fit_scope=none
[2026-05-30 10:15:23]     Phase 1 (new): 2,170/16,010 params
[2026-05-30 10:15:24]     Result | best_epoch=1 | stop=51 | final_phase_epochs=51 | acc=0.6250 | bal_acc=0.6250 | pred_hist=[1, 7] | collapse=False
[2026-05-30 10:15:24]     spatial_conv=[4, 29] top_abs_channels=[('Pz', 0.15303001), ('O2', 0.14409667), ('T3', 0.12653157), ('T4', 0.12255479), ('CP3', 0.12207995), ('O1', 0.12206599), ('C3', 0.1154093), ('CP4', 0.11029229)]
[2026-05-30 10:15:24]     spatial_update=delta_l2=0.01240121 max_abs=0.00234428 relative=0.01039081 changed=True

[2026-05-30 10:15:24] Fold 2/5 | subject=12
[2026-05-30 10:15:24]     Train: 32 | counts=[16, 16]
[2026-05-30 10:15:24]     Test:  8 | counts=[4, 4]
[2026-05-30 10:15:24]     Model: SignalJEPA_PreLocal | Pretrained: from_pretrained | Strategy: new
[2026-05-30 10:15:24]     Normalization: none | fit_scope=none
[2026-05-30 10:15:24]     Phase 1 (new): 2,170/16,010 params
[2026-05-30 10:15:26]     Result | best_epoch=63 | stop=113 | final_phase_epochs=113 | acc=0.7500 | bal_acc=0.7500 | pred_hist=[4, 4] | collapse=False
[2026-05-30 10:15:26]     spatial_conv=[4, 29] top_abs_channels=[('O2', 0.15325606), ('Pz', 0.14746079), ('CP3', 0.13672158), ('FC4', 0.13084036), ('C3', 0.12897196), ('T4', 0.12027657), ('T3', 0.12013379), ('TP8', 0.11994556)]
[2026-05-30 10:15:26]     spatial_update=delta_l2=0.45880158 max_abs=0.12085282 relative=0.38442361 changed=True

[2026-05-30 10:15:26] Fold 3/5 | subject=12
[2026-05-30 10:15:26]     Train: 32 | counts=[16, 16]
[2026-05-30 10:15:26]     Test:  8 | counts=[4, 4]
[2026-05-30 10:15:26]     Model: SignalJEPA_PreLocal | Pretrained: from_pretrained | Strategy: new
[2026-05-30 10:15:26]     Normalization: none | fit_scope=none
[2026-05-30 10:15:26]     Phase 1 (new): 2,170/16,010 params
[2026-05-30 10:15:27]     Result | best_epoch=1 | stop=51 | final_phase_epochs=51 | acc=0.5000 | bal_acc=0.5000 | pred_hist=[0, 8] | collapse=True
[2026-05-30 10:15:27]     spatial_conv=[4, 29] top_abs_channels=[('Pz', 0.15330052), ('O2', 0.14424187), ('T3', 0.12745574), ('O1', 0.12206189), ('T4', 0.12116621), ('CP3', 0.12107608), ('C3', 0.11555837), ('CP4', 0.1106405)]
[2026-05-30 10:15:27]     spatial_update=delta_l2=0.01188539 max_abs=0.00226395 relative=0.00995860 changed=True

[2026-05-30 10:15:27] Fold 4/5 | subject=12
[2026-05-30 10:15:27]     Train: 32 | counts=[16, 16]
[2026-05-30 10:15:27]     Test:  8 | counts=[4, 4]
[2026-05-30 10:15:27]     Model: SignalJEPA_PreLocal | Pretrained: from_pretrained | Strategy: new
[2026-05-30 10:15:27]     Normalization: none | fit_scope=none
[2026-05-30 10:15:27]     Phase 1 (new): 2,170/16,010 params
[2026-05-30 10:15:28]     Result | best_epoch=1 | stop=51 | final_phase_epochs=51 | acc=0.5000 | bal_acc=0.5000 | pred_hist=[0, 8] | collapse=True
[2026-05-30 10:15:28]     spatial_conv=[4, 29] top_abs_channels=[('Pz', 0.15259658), ('O2', 0.14450152), ('T3', 0.12727749), ('CP3', 0.12217703), ('O1', 0.12165588), ('T4', 0.12127769), ('C3', 0.11514129), ('CP4', 0.11108969)]
[2026-05-30 10:15:28]     spatial_update=delta_l2=0.01331289 max_abs=0.00224987 relative=0.01115469 changed=True

[2026-05-30 10:15:29] Fold 5/5 | subject=12
[2026-05-30 10:15:29]     Train: 32 | counts=[16, 16]
[2026-05-30 10:15:29]     Test:  8 | counts=[4, 4]
[2026-05-30 10:15:29]     Model: SignalJEPA_PreLocal | Pretrained: from_pretrained | Strategy: new
[2026-05-30 10:15:29]     Normalization: none | fit_scope=none
[2026-05-30 10:15:29]     Phase 1 (new): 2,170/16,010 params
[2026-05-30 10:15:29]     Result | best_epoch=1 | stop=51 | final_phase_epochs=51 | acc=0.5000 | bal_acc=0.5000 | pred_hist=[0, 8] | collapse=True
[2026-05-30 10:15:29]     spatial_conv=[4, 29] top_abs_channels=[('Pz', 0.15313414), ('O2', 0.14421503), ('T3', 0.12705183), ('CP3', 0.12212775), ('O1', 0.12206568), ('T4', 0.12138079), ('C3', 0.11560313), ('CP4', 0.11050062)]
[2026-05-30 10:15:29]     spatial_update=delta_l2=0.01357000 max_abs=0.00229305 relative=0.01137012 changed=True
[2026-05-30 10:15:29]   Subject 12: acc=0.5750±0.1000  bal_acc=0.5750±0.1000
[2026-05-30 10:15:29] \nSubject 13: 40 windows | class_counts=[20, 20]

[2026-05-30 10:15:30] Fold 1/5 | subject=13
[2026-05-30 10:15:30]     Train: 32 | counts=[16, 16]
[2026-05-30 10:15:30]     Test:  8 | counts=[4, 4]
[2026-05-30 10:15:30]     Model: SignalJEPA_PreLocal | Pretrained: from_pretrained | Strategy: new
[2026-05-30 10:15:30]     Normalization: none | fit_scope=none
[2026-05-30 10:15:30]     Phase 1 (new): 2,170/16,010 params
[2026-05-30 10:15:31]     Result | best_epoch=1 | stop=51 | final_phase_epochs=51 | acc=0.6250 | bal_acc=0.6250 | pred_hist=[1, 7] | collapse=False
[2026-05-30 10:15:31]     spatial_conv=[4, 29] top_abs_channels=[('Pz', 0.15368849), ('O2', 0.14373618), ('T3', 0.12696995), ('T4', 0.12275835), ('O1', 0.12234037), ('CP3', 0.12095797), ('C3', 0.11492991), ('CP4', 0.11078151)]
[2026-05-30 10:15:31]     spatial_update=delta_l2=0.01262867 max_abs=0.00213364 relative=0.01058139 changed=True

[2026-05-30 10:15:31] Fold 2/5 | subject=13
[2026-05-30 10:15:31]     Train: 32 | counts=[16, 16]
[2026-05-30 10:15:31]     Test:  8 | counts=[4, 4]
[2026-05-30 10:15:31]     Model: SignalJEPA_PreLocal | Pretrained: from_pretrained | Strategy: new
[2026-05-30 10:15:31]     Normalization: none | fit_scope=none
[2026-05-30 10:15:31]     Phase 1 (new): 2,170/16,010 params
[2026-05-30 10:15:36]     Result | best_epoch=334 | stop=384 | final_phase_epochs=384 | acc=0.7500 | bal_acc=0.7500 | pred_hist=[6, 2] | collapse=False
[2026-05-30 10:15:36]     spatial_conv=[4, 29] top_abs_channels=[('Fz', 0.17954272), ('O2', 0.15081298), ('FT7', 0.14974608), ('T6', 0.1419262), ('C4', 0.13843161), ('FC3', 0.13790524), ('P4', 0.13208401), ('F4', 0.12533009)]
[2026-05-30 10:15:36]     spatial_update=delta_l2=1.29936522 max_abs=0.33545636 relative=1.08872045 changed=True

[2026-05-30 10:15:37] Fold 3/5 | subject=13
[2026-05-30 10:15:37]     Train: 32 | counts=[16, 16]
[2026-05-30 10:15:37]     Test:  8 | counts=[4, 4]
[2026-05-30 10:15:37]     Model: SignalJEPA_PreLocal | Pretrained: from_pretrained | Strategy: new
[2026-05-30 10:15:37]     Normalization: none | fit_scope=none
[2026-05-30 10:15:37]     Phase 1 (new): 2,170/16,010 params
[2026-05-30 10:15:41]     Result | best_epoch=232 | stop=282 | final_phase_epochs=282 | acc=0.6250 | bal_acc=0.6250 | pred_hist=[5, 3] | collapse=False
[2026-05-30 10:15:41]     spatial_conv=[4, 29] top_abs_channels=[('O2', 0.18181694), ('T3', 0.17642355), ('F7', 0.16421102), ('F4', 0.15987891), ('FCz', 0.15571459), ('C4', 0.14975819), ('FC4', 0.14966275), ('Pz', 0.14785847)]
[2026-05-30 10:15:41]     spatial_update=delta_l2=1.21171356 max_abs=0.34481923 relative=1.01527832 changed=True

[2026-05-30 10:15:41] Fold 4/5 | subject=13
[2026-05-30 10:15:41]     Train: 32 | counts=[16, 16]
[2026-05-30 10:15:41]     Test:  8 | counts=[4, 4]
[2026-05-30 10:15:41]     Model: SignalJEPA_PreLocal | Pretrained: from_pretrained | Strategy: new
[2026-05-30 10:15:41]     Normalization: none | fit_scope=none
[2026-05-30 10:15:41]     Phase 1 (new): 2,170/16,010 params
[2026-05-30 10:15:46]     Result | best_epoch=256 | stop=306 | final_phase_epochs=306 | acc=0.8750 | bal_acc=0.8750 | pred_hist=[5, 3] | collapse=False
[2026-05-30 10:15:46]     spatial_conv=[4, 29] top_abs_channels=[('TP7', 0.220117), ('FCz', 0.20438802), ('T5', 0.2007308), ('P3', 0.16915728), ('T3', 0.15650797), ('C4', 0.1520552), ('T6', 0.13968913), ('Fz', 0.13477042)]
[2026-05-30 10:15:46]     spatial_update=delta_l2=1.23359926 max_abs=0.27237127 relative=1.03361605 changed=True

[2026-05-30 10:15:46] Fold 5/5 | subject=13
[2026-05-30 10:15:46]     Train: 32 | counts=[16, 16]
[2026-05-30 10:15:46]     Test:  8 | counts=[4, 4]
[2026-05-30 10:15:46]     Model: SignalJEPA_PreLocal | Pretrained: from_pretrained | Strategy: new
[2026-05-30 10:15:46]     Normalization: none | fit_scope=none
[2026-05-30 10:15:46]     Phase 1 (new): 2,170/16,010 params
[2026-05-30 10:16:00]     Result | best_epoch=986 | stop=1036 | final_phase_epochs=1036 | acc=1.0000 | bal_acc=1.0000 | pred_hist=[4, 4] | collapse=False
[2026-05-30 10:16:00]     spatial_conv=[4, 29] top_abs_channels=[('T6', 0.22957438), ('C4', 0.21070316), ('Pz', 0.18492652), ('T3', 0.17775109), ('T5', 0.16663878), ('Cz', 0.16189118), ('TP8', 0.13377245), ('F7', 0.12177771)]
[2026-05-30 10:16:00]     spatial_update=delta_l2=1.50090525 max_abs=0.49432939 relative=1.25758811 changed=True
[2026-05-30 10:16:00]   Subject 13: acc=0.7750±0.1458  bal_acc=0.7750±0.1458
[2026-05-30 10:16:00] \nSubject 14: 40 windows | class_counts=[20, 20]

[2026-05-30 10:16:01] Fold 1/5 | subject=14
[2026-05-30 10:16:01]     Train: 32 | counts=[16, 16]
[2026-05-30 10:16:01]     Test:  8 | counts=[4, 4]
[2026-05-30 10:16:01]     Model: SignalJEPA_PreLocal | Pretrained: from_pretrained | Strategy: new
[2026-05-30 10:16:01]     Normalization: none | fit_scope=none
[2026-05-30 10:16:01]     Phase 1 (new): 2,170/16,010 params
[2026-05-30 10:16:05]     Result | best_epoch=246 | stop=296 | final_phase_epochs=296 | acc=0.2500 | bal_acc=0.2500 | pred_hist=[4, 4] | collapse=False
[2026-05-30 10:16:05]     spatial_conv=[4, 29] top_abs_channels=[('P3', 0.17550905), ('C4', 0.14695247), ('F3', 0.1440464), ('TP7', 0.13524197), ('Pz', 0.13142844), ('O1', 0.12506595), ('FCz', 0.11954026), ('CP3', 0.11703362)]
[2026-05-30 10:16:05]     spatial_update=delta_l2=1.02003159 max_abs=0.34566648 relative=0.85467060 changed=True

[2026-05-30 10:16:06] Fold 2/5 | subject=14
[2026-05-30 10:16:06]     Train: 32 | counts=[16, 16]
[2026-05-30 10:16:06]     Test:  8 | counts=[4, 4]
[2026-05-30 10:16:06]     Model: SignalJEPA_PreLocal | Pretrained: from_pretrained | Strategy: new
[2026-05-30 10:16:06]     Normalization: none | fit_scope=none
[2026-05-30 10:16:06]     Phase 1 (new): 2,170/16,010 params
[2026-05-30 10:16:06]     Result | best_epoch=1 | stop=51 | final_phase_epochs=51 | acc=0.5000 | bal_acc=0.5000 | pred_hist=[0, 8] | collapse=True
[2026-05-30 10:16:06]     spatial_conv=[4, 29] top_abs_channels=[('Pz', 0.15308401), ('O2', 0.14463583), ('T3', 0.12677257), ('T4', 0.12145406), ('CP3', 0.12137163), ('O1', 0.12137076), ('C3', 0.11445442), ('CP4', 0.11094967)]
[2026-05-30 10:16:06]     spatial_update=delta_l2=0.01244494 max_abs=0.00228593 relative=0.01042744 changed=True

[2026-05-30 10:16:07] Fold 3/5 | subject=14
[2026-05-30 10:16:07]     Train: 32 | counts=[16, 16]
[2026-05-30 10:16:07]     Test:  8 | counts=[4, 4]
[2026-05-30 10:16:07]     Model: SignalJEPA_PreLocal | Pretrained: from_pretrained | Strategy: new
[2026-05-30 10:16:07]     Normalization: none | fit_scope=none
[2026-05-30 10:16:07]     Phase 1 (new): 2,170/16,010 params
[2026-05-30 10:16:15]     Result | best_epoch=521 | stop=571 | final_phase_epochs=571 | acc=0.7500 | bal_acc=0.7500 | pred_hist=[4, 4] | collapse=False
[2026-05-30 10:16:15]     spatial_conv=[4, 29] top_abs_channels=[('P3', 0.1939252), ('CP4', 0.17979977), ('F4', 0.17720704), ('F3', 0.15434833), ('T4', 0.13571322), ('C4', 0.13334216), ('CP3', 0.1222873), ('TP7', 0.10491243)]
[2026-05-30 10:16:15]     spatial_update=delta_l2=1.15206882 max_abs=0.34527697 relative=0.96530280 changed=True

[2026-05-30 10:16:15] Fold 4/5 | subject=14
[2026-05-30 10:16:15]     Train: 32 | counts=[16, 16]
[2026-05-30 10:16:15]     Test:  8 | counts=[4, 4]
[2026-05-30 10:16:15]     Model: SignalJEPA_PreLocal | Pretrained: from_pretrained | Strategy: new
[2026-05-30 10:16:15]     Normalization: none | fit_scope=none
[2026-05-30 10:16:15]     Phase 1 (new): 2,170/16,010 params
[2026-05-30 10:16:17]     Result | best_epoch=50 | stop=99 | final_phase_epochs=99 | acc=0.6250 | bal_acc=0.6250 | pred_hist=[5, 3] | collapse=False
[2026-05-30 10:16:17]     spatial_conv=[4, 29] top_abs_channels=[('CP3', 0.13036664), ('T3', 0.13004656), ('Pz', 0.12964073), ('O2', 0.12840924), ('F7', 0.12606338), ('C3', 0.11435731), ('Fp1', 0.10826366), ('F3', 0.10607031)]
[2026-05-30 10:16:17]     spatial_update=delta_l2=0.41608248 max_abs=0.12305639 relative=0.34862985 changed=True

[2026-05-30 10:16:17] Fold 5/5 | subject=14
[2026-05-30 10:16:17]     Train: 32 | counts=[16, 16]
[2026-05-30 10:16:17]     Test:  8 | counts=[4, 4]
[2026-05-30 10:16:17]     Model: SignalJEPA_PreLocal | Pretrained: from_pretrained | Strategy: new
[2026-05-30 10:16:17]     Normalization: none | fit_scope=none
[2026-05-30 10:16:17]     Phase 1 (new): 2,170/16,010 params
[2026-05-30 10:16:19]     Result | best_epoch=70 | stop=120 | final_phase_epochs=120 | acc=0.5000 | bal_acc=0.5000 | pred_hist=[4, 4] | collapse=False
[2026-05-30 10:16:19]     spatial_conv=[4, 29] top_abs_channels=[('CP3', 0.14006935), ('F3', 0.12271819), ('FC4', 0.1198626), ('O1', 0.11794487), ('C3', 0.11571436), ('F7', 0.11468276), ('TP7', 0.11368971), ('O2', 0.11321617)]
[2026-05-30 10:16:19]     spatial_update=delta_l2=0.59710852 max_abs=0.15708244 relative=0.50030911 changed=True
[2026-05-30 10:16:19]   Subject 14: acc=0.5250±0.1658  bal_acc=0.5250±0.1658
[2026-05-30 10:16:19] \nSubject 15: 40 windows | class_counts=[20, 20]

[2026-05-30 10:16:19] Fold 1/5 | subject=15
[2026-05-30 10:16:19]     Train: 32 | counts=[16, 16]
[2026-05-30 10:16:19]     Test:  8 | counts=[4, 4]
[2026-05-30 10:16:19]     Model: SignalJEPA_PreLocal | Pretrained: from_pretrained | Strategy: new
[2026-05-30 10:16:19]     Normalization: none | fit_scope=none
[2026-05-30 10:16:19]     Phase 1 (new): 2,170/16,010 params
[2026-05-30 10:17:08]     Result | best_epoch=3431 | stop=3481 | final_phase_epochs=3481 | acc=0.3750 | bal_acc=0.3750 | pred_hist=[1, 7] | collapse=False
[2026-05-30 10:17:08]     spatial_conv=[4, 29] top_abs_channels=[('C3', 0.17279728), ('Pz', 0.14774519), ('CP3', 0.13229293), ('F3', 0.12951323), ('T4', 0.12447456), ('CP4', 0.11493376), ('C4', 0.10968258), ('Fp1', 0.10640388)]
[2026-05-30 10:17:08]     spatial_update=delta_l2=1.23318219 max_abs=0.31664626 relative=1.03326660 changed=True

[2026-05-30 10:17:09] Fold 2/5 | subject=15
[2026-05-30 10:17:09]     Train: 32 | counts=[16, 16]
[2026-05-30 10:17:09]     Test:  8 | counts=[4, 4]
[2026-05-30 10:17:09]     Model: SignalJEPA_PreLocal | Pretrained: from_pretrained | Strategy: new
[2026-05-30 10:17:09]     Normalization: none | fit_scope=none
[2026-05-30 10:17:09]     Phase 1 (new): 2,170/16,010 params
[2026-05-30 10:17:16]     Result | best_epoch=509 | stop=559 | final_phase_epochs=559 | acc=0.6250 | bal_acc=0.6250 | pred_hist=[7, 1] | collapse=False
[2026-05-30 10:17:16]     spatial_conv=[4, 29] top_abs_channels=[('Pz', 0.18524474), ('T5', 0.16883317), ('O2', 0.15384854), ('TP8', 0.1414468), ('F3', 0.11587965), ('Fz', 0.11392911), ('CP3', 0.11183569), ('P3', 0.11095338)]
[2026-05-30 10:17:16]     spatial_update=delta_l2=1.00471316 max_abs=0.22077836 relative=0.84183550 changed=True

[2026-05-30 10:17:17] Fold 3/5 | subject=15
[2026-05-30 10:17:17]     Train: 32 | counts=[16, 16]
[2026-05-30 10:17:17]     Test:  8 | counts=[4, 4]
[2026-05-30 10:17:17]     Model: SignalJEPA_PreLocal | Pretrained: from_pretrained | Strategy: new
[2026-05-30 10:17:17]     Normalization: none | fit_scope=none
[2026-05-30 10:17:17]     Phase 1 (new): 2,170/16,010 params
[2026-05-30 10:17:22]     Result | best_epoch=339 | stop=389 | final_phase_epochs=389 | acc=0.7500 | bal_acc=0.7500 | pred_hist=[6, 2] | collapse=False
[2026-05-30 10:17:22]     spatial_conv=[4, 29] top_abs_channels=[('Pz', 0.1777184), ('O2', 0.15455261), ('FT7', 0.14107835), ('F3', 0.13254011), ('CP3', 0.11972311), ('FC3', 0.11270577), ('C3', 0.10944651), ('T4', 0.10907015)]
[2026-05-30 10:17:22]     spatial_update=delta_l2=1.03734615 max_abs=0.27855933 relative=0.86917824 changed=True

[2026-05-30 10:17:23] Fold 4/5 | subject=15
[2026-05-30 10:17:23]     Train: 32 | counts=[16, 16]
[2026-05-30 10:17:23]     Test:  8 | counts=[4, 4]
[2026-05-30 10:17:23]     Model: SignalJEPA_PreLocal | Pretrained: from_pretrained | Strategy: new
[2026-05-30 10:17:23]     Normalization: none | fit_scope=none
[2026-05-30 10:17:23]     Phase 1 (new): 2,170/16,010 params
[2026-05-30 10:17:25]     Result | best_epoch=90 | stop=140 | final_phase_epochs=140 | acc=0.5000 | bal_acc=0.5000 | pred_hist=[4, 4] | collapse=False
[2026-05-30 10:17:25]     spatial_conv=[4, 29] top_abs_channels=[('Fp1', 0.17755289), ('T5', 0.16740857), ('C3', 0.15320051), ('F3', 0.14727074), ('Pz', 0.13508274), ('Fz', 0.13093328), ('FCz', 0.0997493), ('F7', 0.09955023)]
[2026-05-30 10:17:25]     spatial_update=delta_l2=0.77064884 max_abs=0.17742938 relative=0.64571619 changed=True

[2026-05-30 10:17:25] Fold 5/5 | subject=15
[2026-05-30 10:17:25]     Train: 32 | counts=[16, 16]
[2026-05-30 10:17:25]     Test:  8 | counts=[4, 4]
[2026-05-30 10:17:25]     Model: SignalJEPA_PreLocal | Pretrained: from_pretrained | Strategy: new
[2026-05-30 10:17:25]     Normalization: none | fit_scope=none
[2026-05-30 10:17:25]     Phase 1 (new): 2,170/16,010 params
[2026-05-30 10:17:26]     Result | best_epoch=10 | stop=60 | final_phase_epochs=60 | acc=0.2500 | bal_acc=0.2500 | pred_hist=[2, 6] | collapse=False
[2026-05-30 10:17:26]     spatial_conv=[4, 29] top_abs_channels=[('Pz', 0.15640788), ('O2', 0.13962805), ('T3', 0.12479209), ('O1', 0.12018386), ('T4', 0.11845104), ('CP3', 0.11710832), ('C3', 0.11478125), ('CP4', 0.11374809)]
[2026-05-30 10:17:26]     spatial_update=delta_l2=0.09614829 max_abs=0.02045028 relative=0.08056135 changed=True
[2026-05-30 10:17:26]   Subject 15: acc=0.5000±0.1768  bal_acc=0.5000±0.1768
[2026-05-30 10:17:26] \nSubject 16: 40 windows | class_counts=[20, 20]

[2026-05-30 10:17:27] Fold 1/5 | subject=16
[2026-05-30 10:17:27]     Train: 32 | counts=[16, 16]
[2026-05-30 10:17:27]     Test:  8 | counts=[4, 4]
[2026-05-30 10:17:27]     Model: SignalJEPA_PreLocal | Pretrained: from_pretrained | Strategy: new
[2026-05-30 10:17:27]     Normalization: none | fit_scope=none
[2026-05-30 10:17:27]     Phase 1 (new): 2,170/16,010 params
[2026-05-30 10:17:28]     Result | best_epoch=1 | stop=51 | final_phase_epochs=51 | acc=0.5000 | bal_acc=0.5000 | pred_hist=[0, 8] | collapse=True
[2026-05-30 10:17:28]     spatial_conv=[4, 29] top_abs_channels=[('Pz', 0.15274696), ('O2', 0.14393707), ('T3', 0.1269505), ('O1', 0.12256372), ('T4', 0.12186721), ('CP3', 0.12098379), ('C3', 0.11566717), ('CP4', 0.11078536)]
[2026-05-30 10:17:28]     spatial_update=delta_l2=0.01196506 max_abs=0.00227637 relative=0.01002536 changed=True

[2026-05-30 10:17:28] Fold 2/5 | subject=16
[2026-05-30 10:17:28]     Train: 32 | counts=[16, 16]
[2026-05-30 10:17:28]     Test:  8 | counts=[4, 4]
[2026-05-30 10:17:28]     Model: SignalJEPA_PreLocal | Pretrained: from_pretrained | Strategy: new
[2026-05-30 10:17:28]     Normalization: none | fit_scope=none
[2026-05-30 10:17:28]     Phase 1 (new): 2,170/16,010 params
[2026-05-30 10:17:29]     Result | best_epoch=1 | stop=51 | final_phase_epochs=51 | acc=0.5000 | bal_acc=0.5000 | pred_hist=[0, 8] | collapse=True
[2026-05-30 10:17:29]     spatial_conv=[4, 29] top_abs_channels=[('Pz', 0.15293333), ('O2', 0.14304513), ('T3', 0.1271189), ('O1', 0.12243972), ('T4', 0.12168535), ('CP3', 0.12109609), ('C3', 0.11513126), ('Fp1', 0.10993281)]
[2026-05-30 10:17:29]     spatial_update=delta_l2=0.01206451 max_abs=0.00221132 relative=0.01010868 changed=True

[2026-05-30 10:17:29] Fold 3/5 | subject=16
[2026-05-30 10:17:29]     Train: 32 | counts=[16, 16]
[2026-05-30 10:17:29]     Test:  8 | counts=[4, 4]
[2026-05-30 10:17:29]     Model: SignalJEPA_PreLocal | Pretrained: from_pretrained | Strategy: new
[2026-05-30 10:17:29]     Normalization: none | fit_scope=none
[2026-05-30 10:17:29]     Phase 1 (new): 2,170/16,010 params
[2026-05-30 10:17:30]     Result | best_epoch=11 | stop=61 | final_phase_epochs=61 | acc=0.2500 | bal_acc=0.2500 | pred_hist=[4, 4] | collapse=False
[2026-05-30 10:17:30]     spatial_conv=[4, 29] top_abs_channels=[('Pz', 0.15438999), ('O2', 0.13734189), ('T3', 0.12467331), ('CP3', 0.121854), ('T4', 0.12138268), ('O1', 0.11995617), ('Fp1', 0.11423369), ('P3', 0.11169468)]
[2026-05-30 10:17:30]     spatial_update=delta_l2=0.09473232 max_abs=0.01794909 relative=0.07937492 changed=True

[2026-05-30 10:17:31] Fold 4/5 | subject=16
[2026-05-30 10:17:31]     Train: 32 | counts=[16, 16]
[2026-05-30 10:17:31]     Test:  8 | counts=[4, 4]
[2026-05-30 10:17:31]     Model: SignalJEPA_PreLocal | Pretrained: from_pretrained | Strategy: new
[2026-05-30 10:17:31]     Normalization: none | fit_scope=none
[2026-05-30 10:17:31]     Phase 1 (new): 2,170/16,010 params
[2026-05-30 10:17:31]     Result | best_epoch=1 | stop=51 | final_phase_epochs=51 | acc=0.5000 | bal_acc=0.5000 | pred_hist=[0, 8] | collapse=True
[2026-05-30 10:17:31]     spatial_conv=[4, 29] top_abs_channels=[('Pz', 0.15336148), ('O2', 0.14298275), ('T3', 0.1274052), ('O1', 0.12316903), ('T4', 0.12198848), ('CP3', 0.1209792), ('C3', 0.11552244), ('Fp1', 0.11088776)]
[2026-05-30 10:17:31]     spatial_update=delta_l2=0.01405365 max_abs=0.00238000 relative=0.01177536 changed=True

[2026-05-30 10:17:32] Fold 5/5 | subject=16
[2026-05-30 10:17:32]     Train: 32 | counts=[16, 16]
[2026-05-30 10:17:32]     Test:  8 | counts=[4, 4]
[2026-05-30 10:17:32]     Model: SignalJEPA_PreLocal | Pretrained: from_pretrained | Strategy: new
[2026-05-30 10:17:32]     Normalization: none | fit_scope=none
[2026-05-30 10:17:32]     Phase 1 (new): 2,170/16,010 params
[2026-05-30 10:17:33]     Result | best_epoch=1 | stop=51 | final_phase_epochs=51 | acc=0.3750 | bal_acc=0.3750 | pred_hist=[1, 7] | collapse=False
[2026-05-30 10:17:33]     spatial_conv=[4, 29] top_abs_channels=[('Pz', 0.15264778), ('O2', 0.14331028), ('T3', 0.12769285), ('O1', 0.12285779), ('T4', 0.12154844), ('CP3', 0.12089613), ('C3', 0.11549923), ('CP4', 0.11085026)]
[2026-05-30 10:17:33]     spatial_update=delta_l2=0.01426078 max_abs=0.00235838 relative=0.01194891 changed=True
[2026-05-30 10:17:33]   Subject 16: acc=0.4250±0.1000  bal_acc=0.4250±0.1000
[2026-05-30 10:17:33] \nSubject 17: 40 windows | class_counts=[20, 20]

[2026-05-30 10:17:33] Fold 1/5 | subject=17
[2026-05-30 10:17:33]     Train: 32 | counts=[16, 16]
[2026-05-30 10:17:33]     Test:  8 | counts=[4, 4]
[2026-05-30 10:17:33]     Model: SignalJEPA_PreLocal | Pretrained: from_pretrained | Strategy: new
[2026-05-30 10:17:33]     Normalization: none | fit_scope=none
[2026-05-30 10:17:33]     Phase 1 (new): 2,170/16,010 params
[2026-05-30 10:17:34]     Result | best_epoch=3 | stop=51 | final_phase_epochs=51 | acc=0.5000 | bal_acc=0.5000 | pred_hist=[0, 8] | collapse=True
[2026-05-30 10:17:34]     spatial_conv=[4, 29] top_abs_channels=[('Pz', 0.15410756), ('O2', 0.14319286), ('T3', 0.1271513), ('O1', 0.12230197), ('T4', 0.12180199), ('CP3', 0.12147961), ('C3', 0.11548831), ('Fp1', 0.1109679)]
[2026-05-30 10:17:34]     spatial_update=delta_l2=0.01372410 max_abs=0.00233117 relative=0.01149924 changed=True

[2026-05-30 10:17:34] Fold 2/5 | subject=17
[2026-05-30 10:17:34]     Train: 32 | counts=[16, 16]
[2026-05-30 10:17:34]     Test:  8 | counts=[4, 4]
[2026-05-30 10:17:34]     Model: SignalJEPA_PreLocal | Pretrained: from_pretrained | Strategy: new
[2026-05-30 10:17:34]     Normalization: none | fit_scope=none
[2026-05-30 10:17:34]     Phase 1 (new): 2,170/16,010 params
[2026-05-30 10:17:35]     Result | best_epoch=4 | stop=54 | final_phase_epochs=54 | acc=0.5000 | bal_acc=0.5000 | pred_hist=[0, 8] | collapse=True
[2026-05-30 10:17:35]     spatial_conv=[4, 29] top_abs_channels=[('Pz', 0.15668765), ('O2', 0.14410743), ('T3', 0.12939635), ('O1', 0.12476434), ('T4', 0.12179254), ('CP3', 0.11850631), ('C3', 0.11824693), ('Fp1', 0.1131903)]
[2026-05-30 10:17:35]     spatial_update=delta_l2=0.04089894 max_abs=0.00726473 relative=0.03426867 changed=True

[2026-05-30 10:17:36] Fold 3/5 | subject=17
[2026-05-30 10:17:36]     Train: 32 | counts=[16, 16]
[2026-05-30 10:17:36]     Test:  8 | counts=[4, 4]
[2026-05-30 10:17:36]     Model: SignalJEPA_PreLocal | Pretrained: from_pretrained | Strategy: new
[2026-05-30 10:17:36]     Normalization: none | fit_scope=none
[2026-05-30 10:17:36]     Phase 1 (new): 2,170/16,010 params
[2026-05-30 10:17:39]     Result | best_epoch=225 | stop=275 | final_phase_epochs=275 | acc=0.5000 | bal_acc=0.5000 | pred_hist=[6, 2] | collapse=False
[2026-05-30 10:17:39]     spatial_conv=[4, 29] top_abs_channels=[('FC3', 0.17109157), ('CP4', 0.14179376), ('F3', 0.13115707), ('P3', 0.12854782), ('O2', 0.12470737), ('Fz', 0.12450309), ('CP3', 0.12250359), ('Fp1', 0.1198321)]
[2026-05-30 10:17:39]     spatial_update=delta_l2=0.93501293 max_abs=0.20972104 relative=0.78343463 changed=True

[2026-05-30 10:17:40] Fold 4/5 | subject=17
[2026-05-30 10:17:40]     Train: 32 | counts=[16, 16]
[2026-05-30 10:17:40]     Test:  8 | counts=[4, 4]
[2026-05-30 10:17:40]     Model: SignalJEPA_PreLocal | Pretrained: from_pretrained | Strategy: new
[2026-05-30 10:17:40]     Normalization: none | fit_scope=none
[2026-05-30 10:17:40]     Phase 1 (new): 2,170/16,010 params
[2026-05-30 10:17:43]     Result | best_epoch=163 | stop=213 | final_phase_epochs=213 | acc=0.6250 | bal_acc=0.6250 | pred_hist=[3, 5] | collapse=False
[2026-05-30 10:17:43]     spatial_conv=[4, 29] top_abs_channels=[('TP7', 0.1771073), ('F3', 0.17509621), ('FCz', 0.16121323), ('Cz', 0.12820007), ('Pz', 0.11146559), ('CP3', 0.11107517), ('T5', 0.10986895), ('O1', 0.10892607)]
[2026-05-30 10:17:43]     spatial_update=delta_l2=0.82273295 max_abs=0.22207652 relative=0.68935676 changed=True

[2026-05-30 10:17:43] Fold 5/5 | subject=17
[2026-05-30 10:17:43]     Train: 32 | counts=[16, 16]
[2026-05-30 10:17:43]     Test:  8 | counts=[4, 4]
[2026-05-30 10:17:43]     Model: SignalJEPA_PreLocal | Pretrained: from_pretrained | Strategy: new
[2026-05-30 10:17:43]     Normalization: none | fit_scope=none
[2026-05-30 10:17:43]     Phase 1 (new): 2,170/16,010 params
[2026-05-30 10:17:45]     Result | best_epoch=74 | stop=124 | final_phase_epochs=124 | acc=0.7500 | bal_acc=0.7500 | pred_hist=[4, 4] | collapse=False
[2026-05-30 10:17:45]     spatial_conv=[4, 29] top_abs_channels=[('Pz', 0.15426555), ('FCz', 0.14307308), ('Cz', 0.14281847), ('T4', 0.13613373), ('Fz', 0.1239644), ('P4', 0.11707307), ('O2', 0.11526186), ('CP3', 0.11199273)]
[2026-05-30 10:17:45]     spatial_update=delta_l2=0.55607873 max_abs=0.12817127 relative=0.46593081 changed=True
[2026-05-30 10:17:45]   Subject 17: acc=0.5750±0.1000  bal_acc=0.5750±0.1000
[2026-05-30 10:17:45] \nSubject 18: 40 windows | class_counts=[20, 20]

[2026-05-30 10:17:46] Fold 1/5 | subject=18
[2026-05-30 10:17:46]     Train: 32 | counts=[16, 16]
[2026-05-30 10:17:46]     Test:  8 | counts=[4, 4]
[2026-05-30 10:17:46]     Model: SignalJEPA_PreLocal | Pretrained: from_pretrained | Strategy: new
[2026-05-30 10:17:46]     Normalization: none | fit_scope=none
[2026-05-30 10:17:46]     Phase 1 (new): 2,170/16,010 params
[2026-05-30 10:17:55]     Result | best_epoch=623 | stop=673 | final_phase_epochs=673 | acc=0.6250 | bal_acc=0.6250 | pred_hist=[3, 5] | collapse=False
[2026-05-30 10:17:55]     spatial_conv=[4, 29] top_abs_channels=[('T4', 0.20925775), ('C4', 0.20595753), ('CP4', 0.20352432), ('P3', 0.16767794), ('T6', 0.16507374), ('C3', 0.16216308), ('O1', 0.15345803), ('O2', 0.153098)]
[2026-05-30 10:17:55]     spatial_update=delta_l2=1.34190814 max_abs=0.33734700 relative=1.12436659 changed=True

[2026-05-30 10:17:56] Fold 2/5 | subject=18
[2026-05-30 10:17:56]     Train: 32 | counts=[16, 16]
[2026-05-30 10:17:56]     Test:  8 | counts=[4, 4]
[2026-05-30 10:17:56]     Model: SignalJEPA_PreLocal | Pretrained: from_pretrained | Strategy: new
[2026-05-30 10:17:56]     Normalization: none | fit_scope=none
[2026-05-30 10:17:56]     Phase 1 (new): 2,170/16,010 params
[2026-05-30 10:18:06]     Result | best_epoch=714 | stop=764 | final_phase_epochs=764 | acc=1.0000 | bal_acc=1.0000 | pred_hist=[4, 4] | collapse=False
[2026-05-30 10:18:06]     spatial_conv=[4, 29] top_abs_channels=[('C4', 0.22483939), ('FC4', 0.18991223), ('O1', 0.1870456), ('T6', 0.17946646), ('CP4', 0.16773842), ('P3', 0.16357075), ('Pz', 0.13408901), ('O2', 0.13388805)]
[2026-05-30 10:18:06]     spatial_update=delta_l2=1.42953864 max_abs=0.46439758 relative=1.19779099 changed=True

[2026-05-30 10:18:07] Fold 3/5 | subject=18
[2026-05-30 10:18:07]     Train: 32 | counts=[16, 16]
[2026-05-30 10:18:07]     Test:  8 | counts=[4, 4]
[2026-05-30 10:18:07]     Model: SignalJEPA_PreLocal | Pretrained: from_pretrained | Strategy: new
[2026-05-30 10:18:07]     Normalization: none | fit_scope=none
[2026-05-30 10:18:07]     Phase 1 (new): 2,170/16,010 params
[2026-05-30 10:18:10]     Result | best_epoch=163 | stop=213 | final_phase_epochs=213 | acc=0.7500 | bal_acc=0.7500 | pred_hist=[6, 2] | collapse=False
[2026-05-30 10:18:10]     spatial_conv=[4, 29] top_abs_channels=[('T4', 0.22089264), ('O1', 0.17014776), ('O2', 0.16880833), ('P3', 0.14298625), ('C4', 0.14023261), ('Pz', 0.12229478), ('CP4', 0.10978933), ('C3', 0.10960591)]
[2026-05-30 10:18:10]     spatial_update=delta_l2=0.94445550 max_abs=0.23058947 relative=0.79134643 changed=True

[2026-05-30 10:18:10] Fold 4/5 | subject=18
[2026-05-30 10:18:10]     Train: 32 | counts=[16, 16]
[2026-05-30 10:18:10]     Test:  8 | counts=[4, 4]
[2026-05-30 10:18:10]     Model: SignalJEPA_PreLocal | Pretrained: from_pretrained | Strategy: new
[2026-05-30 10:18:10]     Normalization: none | fit_scope=none
[2026-05-30 10:18:10]     Phase 1 (new): 2,170/16,010 params
[2026-05-30 10:18:13]     Result | best_epoch=164 | stop=214 | final_phase_epochs=214 | acc=0.7500 | bal_acc=0.7500 | pred_hist=[4, 4] | collapse=False
[2026-05-30 10:18:13]     spatial_conv=[4, 29] top_abs_channels=[('T4', 0.17719169), ('O1', 0.17010731), ('O2', 0.14291333), ('P3', 0.14229555), ('CP4', 0.13150541), ('C3', 0.12123871), ('F3', 0.11036044), ('Pz', 0.10888541)]
[2026-05-30 10:18:13]     spatial_update=delta_l2=0.93201493 max_abs=0.22574662 relative=0.78092264 changed=True

[2026-05-30 10:18:14] Fold 5/5 | subject=18
[2026-05-30 10:18:14]     Train: 32 | counts=[16, 16]
[2026-05-30 10:18:14]     Test:  8 | counts=[4, 4]
[2026-05-30 10:18:14]     Model: SignalJEPA_PreLocal | Pretrained: from_pretrained | Strategy: new
[2026-05-30 10:18:14]     Normalization: none | fit_scope=none
[2026-05-30 10:18:14]     Phase 1 (new): 2,170/16,010 params
[2026-05-30 10:18:17]     Result | best_epoch=167 | stop=217 | final_phase_epochs=217 | acc=0.7500 | bal_acc=0.7500 | pred_hist=[4, 4] | collapse=False
[2026-05-30 10:18:17]     spatial_conv=[4, 29] top_abs_channels=[('O1', 0.1621289), ('P3', 0.15329273), ('T4', 0.15110858), ('O2', 0.14762308), ('CP3', 0.14379895), ('Pz', 0.13812505), ('T5', 0.13427058), ('C4', 0.13357586)]
[2026-05-30 10:18:17]     spatial_update=delta_l2=0.88247065 max_abs=0.27340543 relative=0.73941016 changed=True
[2026-05-30 10:18:17]   Subject 18: acc=0.7750±0.1225  bal_acc=0.7750±0.1225
[2026-05-30 10:18:17] \nSubject 19: 40 windows | class_counts=[20, 20]

[2026-05-30 10:18:17] Fold 1/5 | subject=19
[2026-05-30 10:18:17]     Train: 32 | counts=[16, 16]
[2026-05-30 10:18:17]     Test:  8 | counts=[4, 4]
[2026-05-30 10:18:17]     Model: SignalJEPA_PreLocal | Pretrained: from_pretrained | Strategy: new
[2026-05-30 10:18:17]     Normalization: none | fit_scope=none
[2026-05-30 10:18:17]     Phase 1 (new): 2,170/16,010 params
[2026-05-30 10:18:18]     Result | best_epoch=2 | stop=52 | final_phase_epochs=52 | acc=0.5000 | bal_acc=0.5000 | pred_hist=[0, 8] | collapse=True
[2026-05-30 10:18:18]     spatial_conv=[4, 29] top_abs_channels=[('Pz', 0.15378582), ('O2', 0.14346184), ('T3', 0.12587884), ('O1', 0.12240524), ('T4', 0.12208508), ('CP3', 0.12012517), ('C3', 0.11585048), ('CP4', 0.11070694)]
[2026-05-30 10:18:18]     spatial_update=delta_l2=0.01784195 max_abs=0.00431123 relative=0.01494953 changed=True

[2026-05-30 10:18:18] Fold 2/5 | subject=19
[2026-05-30 10:18:18]     Train: 32 | counts=[16, 16]
[2026-05-30 10:18:18]     Test:  8 | counts=[4, 4]
[2026-05-30 10:18:18]     Model: SignalJEPA_PreLocal | Pretrained: from_pretrained | Strategy: new
[2026-05-30 10:18:18]     Normalization: none | fit_scope=none
[2026-05-30 10:18:18]     Phase 1 (new): 2,170/16,010 params
[2026-05-30 10:18:20]     Result | best_epoch=70 | stop=120 | final_phase_epochs=120 | acc=0.7500 | bal_acc=0.7500 | pred_hist=[4, 4] | collapse=False
[2026-05-30 10:18:20]     spatial_conv=[4, 29] top_abs_channels=[('O2', 0.16396262), ('Pz', 0.13663551), ('T4', 0.13590005), ('P4', 0.12521461), ('P3', 0.12486098), ('Fp1', 0.12406471), ('O1', 0.1237179), ('C3', 0.11613682)]
[2026-05-30 10:18:20]     spatial_update=delta_l2=0.38337236 max_abs=0.11368432 relative=0.32122249 changed=True

[2026-05-30 10:18:21] Fold 3/5 | subject=19
[2026-05-30 10:18:21]     Train: 32 | counts=[16, 16]
[2026-05-30 10:18:21]     Test:  8 | counts=[4, 4]
[2026-05-30 10:18:21]     Model: SignalJEPA_PreLocal | Pretrained: from_pretrained | Strategy: new
[2026-05-30 10:18:21]     Normalization: none | fit_scope=none
[2026-05-30 10:18:21]     Phase 1 (new): 2,170/16,010 params
[2026-05-30 10:18:21]     Result | best_epoch=10 | stop=55 | final_phase_epochs=55 | acc=0.3750 | bal_acc=0.3750 | pred_hist=[1, 7] | collapse=False
[2026-05-30 10:18:21]     spatial_conv=[4, 29] top_abs_channels=[('Pz', 0.15464593), ('O2', 0.14039344), ('T3', 0.12724239), ('O1', 0.12456104), ('T4', 0.1231173), ('CP3', 0.11985925), ('C3', 0.1170868), ('Fp1', 0.11290365)]
[2026-05-30 10:18:21]     spatial_update=delta_l2=0.04243792 max_abs=0.00895118 relative=0.03555815 changed=True

[2026-05-30 10:18:22] Fold 4/5 | subject=19
[2026-05-30 10:18:22]     Train: 32 | counts=[16, 16]
[2026-05-30 10:18:22]     Test:  8 | counts=[4, 4]
[2026-05-30 10:18:22]     Model: SignalJEPA_PreLocal | Pretrained: from_pretrained | Strategy: new
[2026-05-30 10:18:22]     Normalization: none | fit_scope=none
[2026-05-30 10:18:22]     Phase 1 (new): 2,170/16,010 params
[2026-05-30 10:18:26]     Result | best_epoch=230 | stop=280 | final_phase_epochs=280 | acc=0.5000 | bal_acc=0.5000 | pred_hist=[4, 4] | collapse=False
[2026-05-30 10:18:26]     spatial_conv=[4, 29] top_abs_channels=[('Pz', 0.1960808), ('T4', 0.1848096), ('CP3', 0.14789101), ('CP4', 0.1382224), ('O1', 0.13569808), ('F3', 0.13413003), ('FT8', 0.11765489), ('Oz', 0.11675392)]
[2026-05-30 10:18:26]     spatial_update=delta_l2=0.85282010 max_abs=0.20746328 relative=0.71456637 changed=True

[2026-05-30 10:18:26] Fold 5/5 | subject=19
[2026-05-30 10:18:26]     Train: 32 | counts=[16, 16]
[2026-05-30 10:18:26]     Test:  8 | counts=[4, 4]
[2026-05-30 10:18:26]     Model: SignalJEPA_PreLocal | Pretrained: from_pretrained | Strategy: new
[2026-05-30 10:18:26]     Normalization: none | fit_scope=none
[2026-05-30 10:18:26]     Phase 1 (new): 2,170/16,010 params
[2026-05-30 10:18:27]     Result | best_epoch=4 | stop=51 | final_phase_epochs=51 | acc=0.6250 | bal_acc=0.6250 | pred_hist=[1, 7] | collapse=False
[2026-05-30 10:18:27]     spatial_conv=[4, 29] top_abs_channels=[('Pz', 0.1530363), ('O2', 0.14351213), ('T3', 0.12651724), ('T4', 0.1223176), ('O1', 0.12138185), ('CP3', 0.1213632), ('C3', 0.11506093), ('CP4', 0.11056954)]
[2026-05-30 10:18:27]     spatial_update=delta_l2=0.01035735 max_abs=0.00207369 relative=0.00867829 changed=True
[2026-05-30 10:18:27]   Subject 19: acc=0.5500±0.1275  bal_acc=0.5500±0.1275
[2026-05-30 10:18:27] \nSubject 20: 40 windows | class_counts=[20, 20]

[2026-05-30 10:18:27] Fold 1/5 | subject=20
[2026-05-30 10:18:27]     Train: 32 | counts=[16, 16]
[2026-05-30 10:18:27]     Test:  8 | counts=[4, 4]
[2026-05-30 10:18:27]     Model: SignalJEPA_PreLocal | Pretrained: from_pretrained | Strategy: new
[2026-05-30 10:18:27]     Normalization: none | fit_scope=none
[2026-05-30 10:18:27]     Phase 1 (new): 2,170/16,010 params
[2026-05-30 10:18:29]     Result | best_epoch=57 | stop=107 | final_phase_epochs=107 | acc=0.7500 | bal_acc=0.7500 | pred_hist=[6, 2] | collapse=False
[2026-05-30 10:18:29]     spatial_conv=[4, 29] top_abs_channels=[('O2', 0.19172905), ('Pz', 0.14702722), ('C3', 0.12653229), ('T3', 0.12400101), ('O1', 0.12319205), ('CP4', 0.1231102), ('Fz', 0.11923796), ('T4', 0.11376904)]
[2026-05-30 10:18:29]     spatial_update=delta_l2=0.50739523 max_abs=0.12851164 relative=0.42513956 changed=True

[2026-05-30 10:18:29] Fold 2/5 | subject=20
[2026-05-30 10:18:29]     Train: 32 | counts=[16, 16]
[2026-05-30 10:18:29]     Test:  8 | counts=[4, 4]
[2026-05-30 10:18:29]     Model: SignalJEPA_PreLocal | Pretrained: from_pretrained | Strategy: new
[2026-05-30 10:18:29]     Normalization: none | fit_scope=none
[2026-05-30 10:18:29]     Phase 1 (new): 2,170/16,010 params
[2026-05-30 10:18:31]     Result | best_epoch=53 | stop=103 | final_phase_epochs=103 | acc=0.6250 | bal_acc=0.6250 | pred_hist=[5, 3] | collapse=False
[2026-05-30 10:18:31]     spatial_conv=[4, 29] top_abs_channels=[('O2', 0.16696955), ('T3', 0.15406436), ('Pz', 0.15055181), ('O1', 0.12546806), ('Fz', 0.12297323), ('CP4', 0.12216217), ('TP7', 0.10396005), ('F7', 0.10367849)]
[2026-05-30 10:18:31]     spatial_update=delta_l2=0.51430195 max_abs=0.13422699 relative=0.43092661 changed=True

[2026-05-30 10:18:31] Fold 3/5 | subject=20
[2026-05-30 10:18:31]     Train: 32 | counts=[16, 16]
[2026-05-30 10:18:31]     Test:  8 | counts=[4, 4]
[2026-05-30 10:18:31]     Model: SignalJEPA_PreLocal | Pretrained: from_pretrained | Strategy: new
[2026-05-30 10:18:31]     Normalization: none | fit_scope=none
[2026-05-30 10:18:31]     Phase 1 (new): 2,170/16,010 params
[2026-05-30 10:18:34]     Result | best_epoch=138 | stop=188 | final_phase_epochs=188 | acc=0.7500 | bal_acc=0.7500 | pred_hist=[4, 4] | collapse=False
[2026-05-30 10:18:34]     spatial_conv=[4, 29] top_abs_channels=[('O2', 0.19073032), ('T5', 0.1515075), ('Fz', 0.14797524), ('Pz', 0.14783232), ('F4', 0.14595132), ('Fp2', 0.13910189), ('C3', 0.11894609), ('CP4', 0.11856235)]
[2026-05-30 10:18:34]     spatial_update=delta_l2=0.83897055 max_abs=0.23335167 relative=0.70296202 changed=True

[2026-05-30 10:18:34] Fold 4/5 | subject=20
[2026-05-30 10:18:34]     Train: 32 | counts=[16, 16]
[2026-05-30 10:18:34]     Test:  8 | counts=[4, 4]
[2026-05-30 10:18:34]     Model: SignalJEPA_PreLocal | Pretrained: from_pretrained | Strategy: new
[2026-05-30 10:18:34]     Normalization: none | fit_scope=none
[2026-05-30 10:18:34]     Phase 1 (new): 2,170/16,010 params
[2026-05-30 10:18:39]     Result | best_epoch=253 | stop=303 | final_phase_epochs=303 | acc=0.7500 | bal_acc=0.7500 | pred_hist=[6, 2] | collapse=False
[2026-05-30 10:18:39]     spatial_conv=[4, 29] top_abs_channels=[('O2', 0.18917215), ('TP7', 0.16033596), ('F4', 0.1581502), ('P4', 0.12986606), ('F8', 0.12717965), ('Pz', 0.12625492), ('O1', 0.1160112), ('CP4', 0.11187839)]
[2026-05-30 10:18:39]     spatial_update=delta_l2=1.00641014 max_abs=0.30002791 relative=0.84325738 changed=True

[2026-05-30 10:18:39] Fold 5/5 | subject=20
[2026-05-30 10:18:39]     Train: 32 | counts=[16, 16]
[2026-05-30 10:18:39]     Test:  8 | counts=[4, 4]
[2026-05-30 10:18:39]     Model: SignalJEPA_PreLocal | Pretrained: from_pretrained | Strategy: new
[2026-05-30 10:18:39]     Normalization: none | fit_scope=none
[2026-05-30 10:18:39]     Phase 1 (new): 2,170/16,010 params
[2026-05-30 10:18:57]     Result | best_epoch=1271 | stop=1321 | final_phase_epochs=1321 | acc=0.6250 | bal_acc=0.6250 | pred_hist=[5, 3] | collapse=False
[2026-05-30 10:18:57]     spatial_conv=[4, 29] top_abs_channels=[('T5', 0.21912006), ('TP7', 0.17526908), ('CP3', 0.15846705), ('C4', 0.14514966), ('F4', 0.14225906), ('P3', 0.14032774), ('P4', 0.12177247), ('TP8', 0.12055032)]
[2026-05-30 10:18:57]     spatial_update=delta_l2=1.39163396 max_abs=0.43962753 relative=1.16603117 changed=True
[2026-05-30 10:18:57]   Subject 20: acc=0.7000±0.0612  bal_acc=0.7000±0.0612
[2026-05-30 10:18:57] \nSubject 21: 40 windows | class_counts=[20, 20]

[2026-05-30 10:18:58] Fold 1/5 | subject=21
[2026-05-30 10:18:58]     Train: 32 | counts=[16, 16]
[2026-05-30 10:18:58]     Test:  8 | counts=[4, 4]
[2026-05-30 10:18:58]     Model: SignalJEPA_PreLocal | Pretrained: from_pretrained | Strategy: new
[2026-05-30 10:18:58]     Normalization: none | fit_scope=none
[2026-05-30 10:18:58]     Phase 1 (new): 2,170/16,010 params
[2026-05-30 10:18:59]     Result | best_epoch=23 | stop=73 | final_phase_epochs=73 | acc=0.5000 | bal_acc=0.5000 | pred_hist=[6, 2] | collapse=False
[2026-05-30 10:18:59]     spatial_conv=[4, 29] top_abs_channels=[('Pz', 0.15297268), ('O2', 0.13580468), ('T4', 0.13221721), ('O1', 0.13063031), ('CP4', 0.12578888), ('CP3', 0.12074519), ('C3', 0.11902155), ('P4', 0.10921037)]
[2026-05-30 10:18:59]     spatial_update=delta_l2=0.20878441 max_abs=0.04681956 relative=0.17493762 changed=True

[2026-05-30 10:18:59] Fold 2/5 | subject=21
[2026-05-30 10:18:59]     Train: 32 | counts=[16, 16]
[2026-05-30 10:18:59]     Test:  8 | counts=[4, 4]
[2026-05-30 10:18:59]     Model: SignalJEPA_PreLocal | Pretrained: from_pretrained | Strategy: new
[2026-05-30 10:18:59]     Normalization: none | fit_scope=none
[2026-05-30 10:18:59]     Phase 1 (new): 2,170/16,010 params
[2026-05-30 10:19:00]     Result | best_epoch=1 | stop=51 | final_phase_epochs=51 | acc=0.5000 | bal_acc=0.5000 | pred_hist=[0, 8] | collapse=True
[2026-05-30 10:19:00]     spatial_conv=[4, 29] top_abs_channels=[('Pz', 0.15306993), ('O2', 0.14301632), ('T3', 0.12573457), ('O1', 0.12242134), ('T4', 0.12239332), ('CP3', 0.12180217), ('C3', 0.11539878), ('CP4', 0.11048583)]
[2026-05-30 10:19:00]     spatial_update=delta_l2=0.01306400 max_abs=0.00235267 relative=0.01094615 changed=True

[2026-05-30 10:19:01] Fold 3/5 | subject=21
[2026-05-30 10:19:01]     Train: 32 | counts=[16, 16]
[2026-05-30 10:19:01]     Test:  8 | counts=[4, 4]
[2026-05-30 10:19:01]     Model: SignalJEPA_PreLocal | Pretrained: from_pretrained | Strategy: new
[2026-05-30 10:19:01]     Normalization: none | fit_scope=none
[2026-05-30 10:19:01]     Phase 1 (new): 2,170/16,010 params
[2026-05-30 10:19:03]     Result | best_epoch=95 | stop=145 | final_phase_epochs=145 | acc=0.3750 | bal_acc=0.3750 | pred_hist=[5, 3] | collapse=False
[2026-05-30 10:19:03]     spatial_conv=[4, 29] top_abs_channels=[('Pz', 0.16715334), ('O2', 0.1552221), ('CP4', 0.14128052), ('CP3', 0.13407202), ('O1', 0.12596919), ('Fp2', 0.12330109), ('TP8', 0.11927624), ('Oz', 0.11773755)]
[2026-05-30 10:19:03]     spatial_update=delta_l2=0.58490483 max_abs=0.15432860 relative=0.49008381 changed=True

[2026-05-30 10:19:03] Fold 4/5 | subject=21
[2026-05-30 10:19:03]     Train: 32 | counts=[16, 16]
[2026-05-30 10:19:03]     Test:  8 | counts=[4, 4]
[2026-05-30 10:19:03]     Model: SignalJEPA_PreLocal | Pretrained: from_pretrained | Strategy: new
[2026-05-30 10:19:03]     Normalization: none | fit_scope=none
[2026-05-30 10:19:03]     Phase 1 (new): 2,170/16,010 params
[2026-05-30 10:19:05]     Result | best_epoch=75 | stop=125 | final_phase_epochs=125 | acc=0.8750 | bal_acc=0.8750 | pred_hist=[5, 3] | collapse=False
[2026-05-30 10:19:05]     spatial_conv=[4, 29] top_abs_channels=[('F7', 0.13879597), ('T4', 0.13570377), ('O1', 0.13413332), ('Pz', 0.13382947), ('CP3', 0.12333773), ('Fp1', 0.11831911), ('T6', 0.11698031), ('T5', 0.1169432)]
[2026-05-30 10:19:05]     spatial_update=delta_l2=0.50445953 max_abs=0.14376401 relative=0.42267978 changed=True

[2026-05-30 10:19:05] Fold 5/5 | subject=21
[2026-05-30 10:19:05]     Train: 32 | counts=[16, 16]
[2026-05-30 10:19:05]     Test:  8 | counts=[4, 4]
[2026-05-30 10:19:05]     Model: SignalJEPA_PreLocal | Pretrained: from_pretrained | Strategy: new
[2026-05-30 10:19:05]     Normalization: none | fit_scope=none
[2026-05-30 10:19:05]     Phase 1 (new): 2,170/16,010 params
[2026-05-30 10:19:10]     Result | best_epoch=280 | stop=330 | final_phase_epochs=330 | acc=0.3750 | bal_acc=0.3750 | pred_hist=[3, 5] | collapse=False
[2026-05-30 10:19:10]     spatial_conv=[4, 29] top_abs_channels=[('Fp2', 0.15790176), ('Fz', 0.14335001), ('C3', 0.13675316), ('O1', 0.12956835), ('Fp1', 0.12718277), ('P3', 0.12639281), ('O2', 0.12411138), ('F7', 0.12146403)]
[2026-05-30 10:19:10]     spatial_update=delta_l2=0.93028055 max_abs=0.25236051 relative=0.77946943 changed=True
[2026-05-30 10:19:10]   Subject 21: acc=0.5250±0.1837  bal_acc=0.5250±0.1837
[2026-05-30 10:19:10] \nSubject 22: 40 windows | class_counts=[20, 20]

[2026-05-30 10:19:10] Fold 1/5 | subject=22
[2026-05-30 10:19:10]     Train: 32 | counts=[16, 16]
[2026-05-30 10:19:10]     Test:  8 | counts=[4, 4]
[2026-05-30 10:19:10]     Model: SignalJEPA_PreLocal | Pretrained: from_pretrained | Strategy: new
[2026-05-30 10:19:10]     Normalization: none | fit_scope=none
[2026-05-30 10:19:10]     Phase 1 (new): 2,170/16,010 params
[2026-05-30 10:19:15]     Result | best_epoch=259 | stop=309 | final_phase_epochs=309 | acc=0.8750 | bal_acc=0.8750 | pred_hist=[5, 3] | collapse=False
[2026-05-30 10:19:15]     spatial_conv=[4, 29] top_abs_channels=[('TP8', 0.32222393), ('T4', 0.17215599), ('FC4', 0.13198605), ('CP3', 0.1249501), ('O2', 0.11259742), ('T6', 0.11131357), ('Fz', 0.11023317), ('T5', 0.09787525)]
[2026-05-30 10:19:15]     spatial_update=delta_l2=1.03628423 max_abs=0.29850245 relative=0.86828847 changed=True

[2026-05-30 10:19:15] Fold 2/5 | subject=22
[2026-05-30 10:19:15]     Train: 32 | counts=[16, 16]
[2026-05-30 10:19:15]     Test:  8 | counts=[4, 4]
[2026-05-30 10:19:15]     Model: SignalJEPA_PreLocal | Pretrained: from_pretrained | Strategy: new
[2026-05-30 10:19:15]     Normalization: none | fit_scope=none
[2026-05-30 10:19:15]     Phase 1 (new): 2,170/16,010 params
[2026-05-30 10:19:21]     Result | best_epoch=407 | stop=457 | final_phase_epochs=457 | acc=1.0000 | bal_acc=1.0000 | pred_hist=[4, 4] | collapse=False
[2026-05-30 10:19:21]     spatial_conv=[4, 29] top_abs_channels=[('TP8', 0.27168563), ('T4', 0.16674379), ('FC4', 0.16624478), ('CP3', 0.14685713), ('O2', 0.14397979), ('F7', 0.12792577), ('P4', 0.12536895), ('Pz', 0.10602089)]
[2026-05-30 10:19:21]     spatial_update=delta_l2=1.08676284 max_abs=0.29667161 relative=0.91058381 changed=True

[2026-05-30 10:19:22] Fold 3/5 | subject=22
[2026-05-30 10:19:22]     Train: 32 | counts=[16, 16]
[2026-05-30 10:19:22]     Test:  8 | counts=[4, 4]
[2026-05-30 10:19:22]     Model: SignalJEPA_PreLocal | Pretrained: from_pretrained | Strategy: new
[2026-05-30 10:19:22]     Normalization: none | fit_scope=none
[2026-05-30 10:19:22]     Phase 1 (new): 2,170/16,010 params
[2026-05-30 10:19:26]     Result | best_epoch=223 | stop=273 | final_phase_epochs=273 | acc=0.6250 | bal_acc=0.6250 | pred_hist=[1, 7] | collapse=False
[2026-05-30 10:19:26]     spatial_conv=[4, 29] top_abs_channels=[('CP3', 0.17734069), ('Pz', 0.16506813), ('FC4', 0.16019648), ('TP8', 0.15568563), ('O2', 0.13044035), ('T3', 0.11659133), ('CP4', 0.10998461), ('C3', 0.10811913)]
[2026-05-30 10:19:26]     spatial_update=delta_l2=0.83340447 max_abs=0.25539614 relative=0.69829828 changed=True

[2026-05-30 10:19:26] Fold 4/5 | subject=22
[2026-05-30 10:19:26]     Train: 32 | counts=[16, 16]
[2026-05-30 10:19:26]     Test:  8 | counts=[4, 4]
[2026-05-30 10:19:26]     Model: SignalJEPA_PreLocal | Pretrained: from_pretrained | Strategy: new
[2026-05-30 10:19:26]     Normalization: none | fit_scope=none
[2026-05-30 10:19:26]     Phase 1 (new): 2,170/16,010 params
[2026-05-30 10:19:29]     Result | best_epoch=143 | stop=193 | final_phase_epochs=193 | acc=0.8750 | bal_acc=0.8750 | pred_hist=[3, 5] | collapse=False
[2026-05-30 10:19:29]     spatial_conv=[4, 29] top_abs_channels=[('TP8', 0.21971457), ('C3', 0.14456296), ('F7', 0.14378312), ('Fz', 0.13609761), ('T4', 0.13262619), ('CP3', 0.12980923), ('O2', 0.12767465), ('FC4', 0.1245622)]
[2026-05-30 10:19:29]     spatial_update=delta_l2=0.82253600 max_abs=0.24082627 relative=0.68919173 changed=True

[2026-05-30 10:19:29] Fold 5/5 | subject=22
[2026-05-30 10:19:29]     Train: 32 | counts=[16, 16]
[2026-05-30 10:19:29]     Test:  8 | counts=[4, 4]
[2026-05-30 10:19:29]     Model: SignalJEPA_PreLocal | Pretrained: from_pretrained | Strategy: new
[2026-05-30 10:19:29]     Normalization: none | fit_scope=none
[2026-05-30 10:19:29]     Phase 1 (new): 2,170/16,010 params
[2026-05-30 10:19:33]     Result | best_epoch=178 | stop=228 | final_phase_epochs=228 | acc=0.7500 | bal_acc=0.7500 | pred_hist=[2, 6] | collapse=False
[2026-05-30 10:19:33]     spatial_conv=[4, 29] top_abs_channels=[('F7', 0.18288983), ('TP8', 0.16189829), ('FC4', 0.14548683), ('T4', 0.13547663), ('O2', 0.13531369), ('CP3', 0.12880543), ('CP4', 0.1175385), ('Fz', 0.11641367)]
[2026-05-30 10:19:33]     spatial_update=delta_l2=0.84487817 max_abs=0.24108204 relative=0.70791193 changed=True
[2026-05-30 10:19:33]   Subject 22: acc=0.8250±0.1275  bal_acc=0.8250±0.1275
[2026-05-30 10:19:33] \nSubject 23: 40 windows | class_counts=[20, 20]

[2026-05-30 10:19:33] Fold 1/5 | subject=23
[2026-05-30 10:19:33]     Train: 32 | counts=[16, 16]
[2026-05-30 10:19:33]     Test:  8 | counts=[4, 4]
[2026-05-30 10:19:33]     Model: SignalJEPA_PreLocal | Pretrained: from_pretrained | Strategy: new
[2026-05-30 10:19:33]     Normalization: none | fit_scope=none
[2026-05-30 10:19:33]     Phase 1 (new): 2,170/16,010 params
[2026-05-30 10:19:36]     Result | best_epoch=140 | stop=190 | final_phase_epochs=190 | acc=0.3750 | bal_acc=0.3750 | pred_hist=[7, 1] | collapse=False
[2026-05-30 10:19:36]     spatial_conv=[4, 29] top_abs_channels=[('T4', 0.20369993), ('Cz', 0.18791281), ('P4', 0.14390536), ('TP7', 0.13220012), ('Fz', 0.13199231), ('C3', 0.13157317), ('FCz', 0.1308275), ('Pz', 0.12562817)]
[2026-05-30 10:19:36]     spatial_update=delta_l2=0.87311003 max_abs=0.22571678 relative=0.73156703 changed=True

[2026-05-30 10:19:36] Fold 2/5 | subject=23
[2026-05-30 10:19:36]     Train: 32 | counts=[16, 16]
[2026-05-30 10:19:36]     Test:  8 | counts=[4, 4]
[2026-05-30 10:19:36]     Model: SignalJEPA_PreLocal | Pretrained: from_pretrained | Strategy: new
[2026-05-30 10:19:36]     Normalization: none | fit_scope=none
[2026-05-30 10:19:36]     Phase 1 (new): 2,170/16,010 params
[2026-05-30 10:19:37]     Result | best_epoch=1 | stop=51 | final_phase_epochs=51 | acc=0.5000 | bal_acc=0.5000 | pred_hist=[0, 8] | collapse=True
[2026-05-30 10:19:37]     spatial_conv=[4, 29] top_abs_channels=[('Pz', 0.15323645), ('O2', 0.14406903), ('T3', 0.12648846), ('O1', 0.12242338), ('T4', 0.12152632), ('CP3', 0.12102291), ('C3', 0.11538465), ('CP4', 0.11209176)]
[2026-05-30 10:19:37]     spatial_update=delta_l2=0.01254825 max_abs=0.00231316 relative=0.01051401 changed=True

[2026-05-30 10:19:37] Fold 3/5 | subject=23
[2026-05-30 10:19:37]     Train: 32 | counts=[16, 16]
[2026-05-30 10:19:37]     Test:  8 | counts=[4, 4]
[2026-05-30 10:19:37]     Model: SignalJEPA_PreLocal | Pretrained: from_pretrained | Strategy: new
[2026-05-30 10:19:37]     Normalization: none | fit_scope=none
[2026-05-30 10:19:37]     Phase 1 (new): 2,170/16,010 params
[2026-05-30 10:19:38]     Result | best_epoch=2 | stop=51 | final_phase_epochs=51 | acc=0.5000 | bal_acc=0.5000 | pred_hist=[0, 8] | collapse=True
[2026-05-30 10:19:38]     spatial_conv=[4, 29] top_abs_channels=[('Pz', 0.15336038), ('O2', 0.14395048), ('T3', 0.12686859), ('O1', 0.12210649), ('T4', 0.12146403), ('CP3', 0.12127492), ('C3', 0.11561058), ('CP4', 0.11176898)]
[2026-05-30 10:19:38]     spatial_update=delta_l2=0.01124161 max_abs=0.00218955 relative=0.00941919 changed=True

[2026-05-30 10:19:39] Fold 4/5 | subject=23
[2026-05-30 10:19:39]     Train: 32 | counts=[16, 16]
[2026-05-30 10:19:39]     Test:  8 | counts=[4, 4]
[2026-05-30 10:19:39]     Model: SignalJEPA_PreLocal | Pretrained: from_pretrained | Strategy: new
[2026-05-30 10:19:39]     Normalization: none | fit_scope=none
[2026-05-30 10:19:39]     Phase 1 (new): 2,170/16,010 params
[2026-05-30 10:19:39]     Result | best_epoch=1 | stop=51 | final_phase_epochs=51 | acc=0.5000 | bal_acc=0.5000 | pred_hist=[0, 8] | collapse=True
[2026-05-30 10:19:39]     spatial_conv=[4, 29] top_abs_channels=[('Pz', 0.15269327), ('O2', 0.14447919), ('T3', 0.12635857), ('O1', 0.12184186), ('T4', 0.12180787), ('CP3', 0.12159622), ('C3', 0.11566772), ('CP4', 0.11147094)]
[2026-05-30 10:19:39]     spatial_update=delta_l2=0.01236092 max_abs=0.00207996 relative=0.01035705 changed=True

[2026-05-30 10:19:40] Fold 5/5 | subject=23
[2026-05-30 10:19:40]     Train: 32 | counts=[16, 16]
[2026-05-30 10:19:40]     Test:  8 | counts=[4, 4]
[2026-05-30 10:19:40]     Model: SignalJEPA_PreLocal | Pretrained: from_pretrained | Strategy: new
[2026-05-30 10:19:40]     Normalization: none | fit_scope=none
[2026-05-30 10:19:40]     Phase 1 (new): 2,170/16,010 params
[2026-05-30 10:19:42]     Result | best_epoch=93 | stop=143 | final_phase_epochs=143 | acc=0.7500 | bal_acc=0.7500 | pred_hist=[4, 4] | collapse=False
[2026-05-30 10:19:42]     spatial_conv=[4, 29] top_abs_channels=[('T4', 0.17904875), ('Pz', 0.16297436), ('Cz', 0.14858598), ('O2', 0.14679819), ('TP7', 0.1457679), ('CP3', 0.1323439), ('FT7', 0.10981953), ('O1', 0.10722444)]
[2026-05-30 10:19:42]     spatial_update=delta_l2=0.68395606 max_abs=0.17076326 relative=0.57307749 changed=True
[2026-05-30 10:19:42]   Subject 23: acc=0.5250±0.1225  bal_acc=0.5250±0.1225
[2026-05-30 10:19:42] \nSubject 24: 40 windows | class_counts=[20, 20]

[2026-05-30 10:19:42] Fold 1/5 | subject=24
[2026-05-30 10:19:42]     Train: 32 | counts=[16, 16]
[2026-05-30 10:19:42]     Test:  8 | counts=[4, 4]
[2026-05-30 10:19:42]     Model: SignalJEPA_PreLocal | Pretrained: from_pretrained | Strategy: new
[2026-05-30 10:19:42]     Normalization: none | fit_scope=none
[2026-05-30 10:19:42]     Phase 1 (new): 2,170/16,010 params
[2026-05-30 10:19:43]     Result | best_epoch=1 | stop=51 | final_phase_epochs=51 | acc=0.3750 | bal_acc=0.3750 | pred_hist=[1, 7] | collapse=False
[2026-05-30 10:19:43]     spatial_conv=[4, 29] top_abs_channels=[('Pz', 0.15281942), ('O2', 0.14409688), ('T3', 0.12660684), ('T4', 0.12252979), ('O1', 0.12161366), ('CP3', 0.12138724), ('C3', 0.11540502), ('CP4', 0.11111762)]
[2026-05-30 10:19:43]     spatial_update=delta_l2=0.01331045 max_abs=0.00232434 relative=0.01115265 changed=True

[2026-05-30 10:19:44] Fold 2/5 | subject=24
[2026-05-30 10:19:44]     Train: 32 | counts=[16, 16]
[2026-05-30 10:19:44]     Test:  8 | counts=[4, 4]
[2026-05-30 10:19:44]     Model: SignalJEPA_PreLocal | Pretrained: from_pretrained | Strategy: new
[2026-05-30 10:19:44]     Normalization: none | fit_scope=none
[2026-05-30 10:19:44]     Phase 1 (new): 2,170/16,010 params
[2026-05-30 10:19:50]     Result | best_epoch=410 | stop=460 | final_phase_epochs=460 | acc=0.3750 | bal_acc=0.3750 | pred_hist=[5, 3] | collapse=False
[2026-05-30 10:19:50]     spatial_conv=[4, 29] top_abs_channels=[('T4', 0.16917135), ('CP4', 0.15408489), ('Fz', 0.13124876), ('P3', 0.12170596), ('CP3', 0.12093551), ('O2', 0.11967747), ('O1', 0.11921), ('C3', 0.11883044)]
[2026-05-30 10:19:50]     spatial_update=delta_l2=1.05043981 max_abs=0.31380996 relative=0.88014924 changed=True

[2026-05-30 10:19:50] Fold 3/5 | subject=24
[2026-05-30 10:19:50]     Train: 32 | counts=[16, 16]
[2026-05-30 10:19:50]     Test:  8 | counts=[4, 4]
[2026-05-30 10:19:50]     Model: SignalJEPA_PreLocal | Pretrained: from_pretrained | Strategy: new
[2026-05-30 10:19:50]     Normalization: none | fit_scope=none
[2026-05-30 10:19:50]     Phase 1 (new): 2,170/16,010 params
[2026-05-30 10:19:51]     Result | best_epoch=1 | stop=51 | final_phase_epochs=51 | acc=0.5000 | bal_acc=0.5000 | pred_hist=[0, 8] | collapse=True
[2026-05-30 10:19:51]     spatial_conv=[4, 29] top_abs_channels=[('Pz', 0.15332994), ('O2', 0.14385846), ('T3', 0.12692392), ('CP3', 0.12175325), ('T4', 0.12149048), ('O1', 0.1212483), ('C3', 0.11562708), ('CP4', 0.11088539)]
[2026-05-30 10:19:51]     spatial_update=delta_l2=0.01312584 max_abs=0.00229675 relative=0.01099797 changed=True

[2026-05-30 10:19:52] Fold 4/5 | subject=24
[2026-05-30 10:19:52]     Train: 32 | counts=[16, 16]
[2026-05-30 10:19:52]     Test:  8 | counts=[4, 4]
[2026-05-30 10:19:52]     Model: SignalJEPA_PreLocal | Pretrained: from_pretrained | Strategy: new
[2026-05-30 10:19:52]     Normalization: none | fit_scope=none
[2026-05-30 10:19:52]     Phase 1 (new): 2,170/16,010 params
[2026-05-30 10:19:52]     Result | best_epoch=1 | stop=51 | final_phase_epochs=51 | acc=0.5000 | bal_acc=0.5000 | pred_hist=[0, 8] | collapse=True
[2026-05-30 10:19:52]     spatial_conv=[4, 29] top_abs_channels=[('Pz', 0.1541432), ('O2', 0.14443044), ('T3', 0.12671044), ('O1', 0.12244355), ('T4', 0.12237749), ('CP3', 0.12172872), ('C3', 0.11455607), ('CP4', 0.11085846)]
[2026-05-30 10:19:52]     spatial_update=delta_l2=0.01339199 max_abs=0.00230265 relative=0.01122096 changed=True

[2026-05-30 10:19:53] Fold 5/5 | subject=24
[2026-05-30 10:19:53]     Train: 32 | counts=[16, 16]
[2026-05-30 10:19:53]     Test:  8 | counts=[4, 4]
[2026-05-30 10:19:53]     Model: SignalJEPA_PreLocal | Pretrained: from_pretrained | Strategy: new
[2026-05-30 10:19:53]     Normalization: none | fit_scope=none
[2026-05-30 10:19:53]     Phase 1 (new): 2,170/16,010 params
[2026-05-30 10:19:54]     Result | best_epoch=1 | stop=51 | final_phase_epochs=51 | acc=0.5000 | bal_acc=0.5000 | pred_hist=[2, 6] | collapse=False
[2026-05-30 10:19:54]     spatial_conv=[4, 29] top_abs_channels=[('Pz', 0.15255566), ('O2', 0.14462942), ('T3', 0.12629628), ('T4', 0.12278818), ('CP3', 0.12168595), ('O1', 0.12140206), ('C3', 0.11498263), ('CP4', 0.11118831)]
[2026-05-30 10:19:54]     spatial_update=delta_l2=0.01282797 max_abs=0.00208227 relative=0.01074838 changed=True
[2026-05-30 10:19:54]   Subject 24: acc=0.4500±0.0612  bal_acc=0.4500±0.0612
[2026-05-30 10:19:54] \nSubject 25: 40 windows | class_counts=[20, 20]

[2026-05-30 10:19:54] Fold 1/5 | subject=25
[2026-05-30 10:19:54]     Train: 32 | counts=[16, 16]
[2026-05-30 10:19:54]     Test:  8 | counts=[4, 4]
[2026-05-30 10:19:54]     Model: SignalJEPA_PreLocal | Pretrained: from_pretrained | Strategy: new
[2026-05-30 10:19:54]     Normalization: none | fit_scope=none
[2026-05-30 10:19:54]     Phase 1 (new): 2,170/16,010 params
[2026-05-30 10:19:56]     Result | best_epoch=84 | stop=134 | final_phase_epochs=134 | acc=0.5000 | bal_acc=0.5000 | pred_hist=[4, 4] | collapse=False
[2026-05-30 10:19:56]     spatial_conv=[4, 29] top_abs_channels=[('P4', 0.13736482), ('CP3', 0.13557434), ('T4', 0.12870756), ('C3', 0.12319001), ('O2', 0.1173821), ('O1', 0.11672731), ('TP7', 0.11402968), ('Pz', 0.11251283)]
[2026-05-30 10:19:56]     spatial_update=delta_l2=0.66313635 max_abs=0.20357118 relative=0.55563293 changed=True

[2026-05-30 10:19:56] Fold 2/5 | subject=25
[2026-05-30 10:19:56]     Train: 32 | counts=[16, 16]
[2026-05-30 10:19:56]     Test:  8 | counts=[4, 4]
[2026-05-30 10:19:56]     Model: SignalJEPA_PreLocal | Pretrained: from_pretrained | Strategy: new
[2026-05-30 10:19:56]     Normalization: none | fit_scope=none
[2026-05-30 10:19:56]     Phase 1 (new): 2,170/16,010 params
[2026-05-30 10:19:58]     Result | best_epoch=28 | stop=78 | final_phase_epochs=78 | acc=0.6250 | bal_acc=0.6250 | pred_hist=[3, 5] | collapse=False
[2026-05-30 10:19:58]     spatial_conv=[4, 29] top_abs_channels=[('Pz', 0.15522107), ('T4', 0.13358957), ('O2', 0.1334572), ('CP3', 0.12675339), ('T3', 0.12399301), ('C3', 0.1190635), ('P4', 0.11694859), ('CP4', 0.11347849)]
[2026-05-30 10:19:58]     spatial_update=delta_l2=0.25449672 max_abs=0.05740556 relative=0.21323934 changed=True

[2026-05-30 10:19:58] Fold 3/5 | subject=25
[2026-05-30 10:19:58]     Train: 32 | counts=[16, 16]
[2026-05-30 10:19:58]     Test:  8 | counts=[4, 4]
[2026-05-30 10:19:58]     Model: SignalJEPA_PreLocal | Pretrained: from_pretrained | Strategy: new
[2026-05-30 10:19:58]     Normalization: none | fit_scope=none
[2026-05-30 10:19:58]     Phase 1 (new): 2,170/16,010 params
[2026-05-30 10:19:59]     Result | best_epoch=18 | stop=68 | final_phase_epochs=68 | acc=0.5000 | bal_acc=0.5000 | pred_hist=[4, 4] | collapse=False
[2026-05-30 10:19:59]     spatial_conv=[4, 29] top_abs_channels=[('Pz', 0.1514401), ('O2', 0.14104317), ('T4', 0.13404237), ('CP3', 0.12528449), ('T3', 0.11797816), ('O1', 0.11699151), ('P4', 0.11618456), ('CP4', 0.1150912)]
[2026-05-30 10:19:59]     spatial_update=delta_l2=0.22655028 max_abs=0.04981598 relative=0.18982340 changed=True

[2026-05-30 10:20:00] Fold 4/5 | subject=25
[2026-05-30 10:20:00]     Train: 32 | counts=[16, 16]
[2026-05-30 10:20:00]     Test:  8 | counts=[4, 4]
[2026-05-30 10:20:00]     Model: SignalJEPA_PreLocal | Pretrained: from_pretrained | Strategy: new
[2026-05-30 10:20:00]     Normalization: none | fit_scope=none
[2026-05-30 10:20:00]     Phase 1 (new): 2,170/16,010 params
[2026-05-30 10:20:00]     Result | best_epoch=13 | stop=63 | final_phase_epochs=63 | acc=0.7500 | bal_acc=0.7500 | pred_hist=[2, 6] | collapse=False
[2026-05-30 10:20:00]     spatial_conv=[4, 29] top_abs_channels=[('Pz', 0.16152145), ('O2', 0.1371163), ('T3', 0.12952091), ('T4', 0.12505598), ('O1', 0.1244499), ('CP3', 0.11546297), ('C3', 0.11152204), ('Fp1', 0.11080515)]
[2026-05-30 10:20:00]     spatial_update=delta_l2=0.11454067 max_abs=0.02582875 relative=0.09597207 changed=True

[2026-05-30 10:20:01] Fold 5/5 | subject=25
[2026-05-30 10:20:01]     Train: 32 | counts=[16, 16]
[2026-05-30 10:20:01]     Test:  8 | counts=[4, 4]
[2026-05-30 10:20:01]     Model: SignalJEPA_PreLocal | Pretrained: from_pretrained | Strategy: new
[2026-05-30 10:20:01]     Normalization: none | fit_scope=none
[2026-05-30 10:20:01]     Phase 1 (new): 2,170/16,010 params
[2026-05-30 10:20:02]     Result | best_epoch=2 | stop=52 | final_phase_epochs=52 | acc=0.5000 | bal_acc=0.5000 | pred_hist=[0, 8] | collapse=True
[2026-05-30 10:20:02]     spatial_conv=[4, 29] top_abs_channels=[('Pz', 0.15425655), ('O2', 0.14393629), ('T3', 0.12655607), ('T4', 0.12220408), ('O1', 0.12061536), ('CP3', 0.12060279), ('C3', 0.11446118), ('CP4', 0.10945269)]
[2026-05-30 10:20:02]     spatial_update=delta_l2=0.02161438 max_abs=0.00381218 relative=0.01811040 changed=True
[2026-05-30 10:20:02]   Subject 25: acc=0.5750±0.1000  bal_acc=0.5750±0.1000
[2026-05-30 10:20:02] \nSubject 26: 40 windows | class_counts=[20, 20]

[2026-05-30 10:20:02] Fold 1/5 | subject=26
[2026-05-30 10:20:02]     Train: 32 | counts=[16, 16]
[2026-05-30 10:20:02]     Test:  8 | counts=[4, 4]
[2026-05-30 10:20:02]     Model: SignalJEPA_PreLocal | Pretrained: from_pretrained | Strategy: new
[2026-05-30 10:20:02]     Normalization: none | fit_scope=none
[2026-05-30 10:20:02]     Phase 1 (new): 2,170/16,010 params
[2026-05-30 10:20:03]     Result | best_epoch=1 | stop=51 | final_phase_epochs=51 | acc=0.5000 | bal_acc=0.5000 | pred_hist=[0, 8] | collapse=True
[2026-05-30 10:20:03]     spatial_conv=[4, 29] top_abs_channels=[('Pz', 0.15252849), ('O2', 0.14424621), ('T3', 0.12803061), ('O1', 0.12206867), ('CP3', 0.12161283), ('T4', 0.12158208), ('C3', 0.1151197), ('CP4', 0.11159422)]
[2026-05-30 10:20:03]     spatial_update=delta_l2=0.01303359 max_abs=0.00228749 relative=0.01092067 changed=True

[2026-05-30 10:20:03] Fold 2/5 | subject=26
[2026-05-30 10:20:03]     Train: 32 | counts=[16, 16]
[2026-05-30 10:20:03]     Test:  8 | counts=[4, 4]
[2026-05-30 10:20:03]     Model: SignalJEPA_PreLocal | Pretrained: from_pretrained | Strategy: new
[2026-05-30 10:20:03]     Normalization: none | fit_scope=none
[2026-05-30 10:20:03]     Phase 1 (new): 2,170/16,010 params
[2026-05-30 10:20:04]     Result | best_epoch=1 | stop=51 | final_phase_epochs=51 | acc=0.5000 | bal_acc=0.5000 | pred_hist=[0, 8] | collapse=True
[2026-05-30 10:20:04]     spatial_conv=[4, 29] top_abs_channels=[('Pz', 0.15192093), ('O2', 0.14439002), ('T3', 0.12698783), ('T4', 0.12249571), ('CP3', 0.12222093), ('O1', 0.12146129), ('C3', 0.11592767), ('CP4', 0.11011684)]
[2026-05-30 10:20:04]     spatial_update=delta_l2=0.01055031 max_abs=0.00197038 relative=0.00883997 changed=True

[2026-05-30 10:20:05] Fold 3/5 | subject=26
[2026-05-30 10:20:05]     Train: 32 | counts=[16, 16]
[2026-05-30 10:20:05]     Test:  8 | counts=[4, 4]
[2026-05-30 10:20:05]     Model: SignalJEPA_PreLocal | Pretrained: from_pretrained | Strategy: new
[2026-05-30 10:20:05]     Normalization: none | fit_scope=none
[2026-05-30 10:20:05]     Phase 1 (new): 2,170/16,010 params
[2026-05-30 10:20:05]     Result | best_epoch=1 | stop=51 | final_phase_epochs=51 | acc=0.5000 | bal_acc=0.5000 | pred_hist=[0, 8] | collapse=True
[2026-05-30 10:20:05]     spatial_conv=[4, 29] top_abs_channels=[('Pz', 0.15196955), ('O2', 0.14531025), ('T3', 0.12707403), ('T4', 0.12238149), ('CP3', 0.12206022), ('O1', 0.12145697), ('C3', 0.11587998), ('CP4', 0.11031145)]
[2026-05-30 10:20:05]     spatial_update=delta_l2=0.01229992 max_abs=0.00215909 relative=0.01030594 changed=True

[2026-05-30 10:20:06] Fold 4/5 | subject=26
[2026-05-30 10:20:06]     Train: 32 | counts=[16, 16]
[2026-05-30 10:20:06]     Test:  8 | counts=[4, 4]
[2026-05-30 10:20:06]     Model: SignalJEPA_PreLocal | Pretrained: from_pretrained | Strategy: new
[2026-05-30 10:20:06]     Normalization: none | fit_scope=none
[2026-05-30 10:20:06]     Phase 1 (new): 2,170/16,010 params
[2026-05-30 10:20:06]     Result | best_epoch=1 | stop=51 | final_phase_epochs=51 | acc=0.5000 | bal_acc=0.5000 | pred_hist=[0, 8] | collapse=True
[2026-05-30 10:20:06]     spatial_conv=[4, 29] top_abs_channels=[('Pz', 0.15325904), ('O2', 0.14424109), ('T3', 0.12750912), ('O1', 0.12218181), ('T4', 0.12206562), ('CP3', 0.12052581), ('C3', 0.11496189), ('CP4', 0.11106217)]
[2026-05-30 10:20:06]     spatial_update=delta_l2=0.01073300 max_abs=0.00200305 relative=0.00899304 changed=True

[2026-05-30 10:20:07] Fold 5/5 | subject=26
[2026-05-30 10:20:07]     Train: 32 | counts=[16, 16]
[2026-05-30 10:20:07]     Test:  8 | counts=[4, 4]
[2026-05-30 10:20:07]     Model: SignalJEPA_PreLocal | Pretrained: from_pretrained | Strategy: new
[2026-05-30 10:20:07]     Normalization: none | fit_scope=none
[2026-05-30 10:20:07]     Phase 1 (new): 2,170/16,010 params
[2026-05-30 10:20:08]     Result | best_epoch=1 | stop=51 | final_phase_epochs=51 | acc=0.5000 | bal_acc=0.5000 | pred_hist=[0, 8] | collapse=True
[2026-05-30 10:20:08]     spatial_conv=[4, 29] top_abs_channels=[('Pz', 0.15345311), ('O2', 0.14374749), ('T3', 0.12766296), ('O1', 0.12175391), ('T4', 0.12163998), ('CP3', 0.12090401), ('C3', 0.1145745), ('CP4', 0.1120633)]
[2026-05-30 10:20:08]     spatial_update=delta_l2=0.01195376 max_abs=0.00211394 relative=0.01001589 changed=True
[2026-05-30 10:20:08]   Subject 26: acc=0.5000±0.0000  bal_acc=0.5000±0.0000
[2026-05-30 10:20:08] \nSubject 27: 40 windows | class_counts=[20, 20]

[2026-05-30 10:20:08] Fold 1/5 | subject=27
[2026-05-30 10:20:08]     Train: 32 | counts=[16, 16]
[2026-05-30 10:20:08]     Test:  8 | counts=[4, 4]
[2026-05-30 10:20:08]     Model: SignalJEPA_PreLocal | Pretrained: from_pretrained | Strategy: new
[2026-05-30 10:20:08]     Normalization: none | fit_scope=none
[2026-05-30 10:20:08]     Phase 1 (new): 2,170/16,010 params
[2026-05-30 10:20:09]     Result | best_epoch=9 | stop=55 | final_phase_epochs=55 | acc=0.6250 | bal_acc=0.6250 | pred_hist=[3, 5] | collapse=False
[2026-05-30 10:20:09]     spatial_conv=[4, 29] top_abs_channels=[('Pz', 0.15112261), ('O2', 0.14134708), ('T3', 0.12724788), ('CP3', 0.12262879), ('O1', 0.12205944), ('T4', 0.11887608), ('C3', 0.11378281), ('Fp1', 0.11219276)]
[2026-05-30 10:20:09]     spatial_update=delta_l2=0.05127353 max_abs=0.00913201 relative=0.04296139 changed=True

[2026-05-30 10:20:09] Fold 2/5 | subject=27
[2026-05-30 10:20:09]     Train: 32 | counts=[16, 16]
[2026-05-30 10:20:09]     Test:  8 | counts=[4, 4]
[2026-05-30 10:20:09]     Model: SignalJEPA_PreLocal | Pretrained: from_pretrained | Strategy: new
[2026-05-30 10:20:09]     Normalization: none | fit_scope=none
[2026-05-30 10:20:09]     Phase 1 (new): 2,170/16,010 params
[2026-05-30 10:20:10]     Result | best_epoch=2 | stop=52 | final_phase_epochs=52 | acc=0.5000 | bal_acc=0.5000 | pred_hist=[0, 8] | collapse=True
[2026-05-30 10:20:10]     spatial_conv=[4, 29] top_abs_channels=[('Pz', 0.15270771), ('O2', 0.14325728), ('T3', 0.12618327), ('O1', 0.12212788), ('T4', 0.12139287), ('CP3', 0.12133414), ('C3', 0.11558577), ('CP4', 0.11275449)]
[2026-05-30 10:20:10]     spatial_update=delta_l2=0.01910857 max_abs=0.00430197 relative=0.01601081 changed=True

[2026-05-30 10:20:11] Fold 3/5 | subject=27
[2026-05-30 10:20:11]     Train: 32 | counts=[16, 16]
[2026-05-30 10:20:11]     Test:  8 | counts=[4, 4]
[2026-05-30 10:20:11]     Model: SignalJEPA_PreLocal | Pretrained: from_pretrained | Strategy: new
[2026-05-30 10:20:11]     Normalization: none | fit_scope=none
[2026-05-30 10:20:11]     Phase 1 (new): 2,170/16,010 params
[2026-05-30 10:20:11]     Result | best_epoch=1 | stop=51 | final_phase_epochs=51 | acc=0.5000 | bal_acc=0.5000 | pred_hist=[0, 8] | collapse=True
[2026-05-30 10:20:11]     spatial_conv=[4, 29] top_abs_channels=[('Pz', 0.15300162), ('O2', 0.14399633), ('T3', 0.12610458), ('O1', 0.12229677), ('T4', 0.12144545), ('CP3', 0.12110199), ('C3', 0.11512423), ('CP4', 0.11134978)]
[2026-05-30 10:20:11]     spatial_update=delta_l2=0.01256865 max_abs=0.00229149 relative=0.01053110 changed=True

[2026-05-30 10:20:12] Fold 4/5 | subject=27
[2026-05-30 10:20:12]     Train: 32 | counts=[16, 16]
[2026-05-30 10:20:12]     Test:  8 | counts=[4, 4]
[2026-05-30 10:20:12]     Model: SignalJEPA_PreLocal | Pretrained: from_pretrained | Strategy: new
[2026-05-30 10:20:12]     Normalization: none | fit_scope=none
[2026-05-30 10:20:12]     Phase 1 (new): 2,170/16,010 params
[2026-05-30 10:20:13]     Result | best_epoch=1 | stop=51 | final_phase_epochs=51 | acc=0.6250 | bal_acc=0.6250 | pred_hist=[1, 7] | collapse=False
[2026-05-30 10:20:13]     spatial_conv=[4, 29] top_abs_channels=[('Pz', 0.15268543), ('O2', 0.14356005), ('T3', 0.12567584), ('O1', 0.12300245), ('T4', 0.12154886), ('CP3', 0.12131223), ('C3', 0.11588033), ('CP4', 0.11144941)]
[2026-05-30 10:20:13]     spatial_update=delta_l2=0.01323336 max_abs=0.00226754 relative=0.01108805 changed=True

[2026-05-30 10:20:13] Fold 5/5 | subject=27
[2026-05-30 10:20:13]     Train: 32 | counts=[16, 16]
[2026-05-30 10:20:13]     Test:  8 | counts=[4, 4]
[2026-05-30 10:20:13]     Model: SignalJEPA_PreLocal | Pretrained: from_pretrained | Strategy: new
[2026-05-30 10:20:13]     Normalization: none | fit_scope=none
[2026-05-30 10:20:13]     Phase 1 (new): 2,170/16,010 params
[2026-05-30 10:20:25]     Result | best_epoch=809 | stop=859 | final_phase_epochs=859 | acc=0.1250 | bal_acc=0.1250 | pred_hist=[3, 5] | collapse=False
[2026-05-30 10:20:25]     spatial_conv=[4, 29] top_abs_channels=[('FC4', 0.22332799), ('F4', 0.21344143), ('O2', 0.19455844), ('P4', 0.17702799), ('Fz', 0.17308821), ('Oz', 0.1526082), ('FCz', 0.1498552), ('Pz', 0.13557382)]
[2026-05-30 10:20:25]     spatial_update=delta_l2=1.31827343 max_abs=0.38665757 relative=1.10456338 changed=True
[2026-05-30 10:20:25]   Subject 27: acc=0.4750±0.1837  bal_acc=0.4750±0.1837
[2026-05-30 10:20:25] \nSubject 28: 40 windows | class_counts=[20, 20]

[2026-05-30 10:20:26] Fold 1/5 | subject=28
[2026-05-30 10:20:26]     Train: 32 | counts=[16, 16]
[2026-05-30 10:20:26]     Test:  8 | counts=[4, 4]
[2026-05-30 10:20:26]     Model: SignalJEPA_PreLocal | Pretrained: from_pretrained | Strategy: new
[2026-05-30 10:20:26]     Normalization: none | fit_scope=none
[2026-05-30 10:20:26]     Phase 1 (new): 2,170/16,010 params
[2026-05-30 10:20:33]     Result | best_epoch=477 | stop=527 | final_phase_epochs=527 | acc=0.6250 | bal_acc=0.6250 | pred_hist=[3, 5] | collapse=False
[2026-05-30 10:20:33]     spatial_conv=[4, 29] top_abs_channels=[('Cz', 0.23907399), ('C4', 0.19220154), ('Pz', 0.16629918), ('Fz', 0.15016538), ('FCz', 0.14379397), ('FC4', 0.1427989), ('F7', 0.14012615), ('P3', 0.11669564)]
[2026-05-30 10:20:33]     spatial_update=delta_l2=1.39984308 max_abs=0.40542634 relative=1.17290949 changed=True

[2026-05-30 10:20:34] Fold 2/5 | subject=28
[2026-05-30 10:20:34]     Train: 32 | counts=[16, 16]
[2026-05-30 10:20:34]     Test:  8 | counts=[4, 4]
[2026-05-30 10:20:34]     Model: SignalJEPA_PreLocal | Pretrained: from_pretrained | Strategy: new
[2026-05-30 10:20:34]     Normalization: none | fit_scope=none
[2026-05-30 10:20:34]     Phase 1 (new): 2,170/16,010 params
[2026-05-30 10:20:35]     Result | best_epoch=74 | stop=124 | final_phase_epochs=124 | acc=0.6250 | bal_acc=0.6250 | pred_hist=[3, 5] | collapse=False
[2026-05-30 10:20:35]     spatial_conv=[4, 29] top_abs_channels=[('Cz', 0.17297213), ('Fz', 0.16512433), ('T4', 0.15119667), ('O2', 0.15104689), ('FCz', 0.14191075), ('CP4', 0.13892466), ('CP3', 0.11586946), ('C4', 0.11330558)]
[2026-05-30 10:20:35]     spatial_update=delta_l2=0.69483951 max_abs=0.15219645 relative=0.58219658 changed=True

[2026-05-30 10:20:36] Fold 3/5 | subject=28
[2026-05-30 10:20:36]     Train: 32 | counts=[16, 16]
[2026-05-30 10:20:36]     Test:  8 | counts=[4, 4]
[2026-05-30 10:20:36]     Model: SignalJEPA_PreLocal | Pretrained: from_pretrained | Strategy: new
[2026-05-30 10:20:36]     Normalization: none | fit_scope=none
[2026-05-30 10:20:36]     Phase 1 (new): 2,170/16,010 params
[2026-05-30 10:20:42]     Result | best_epoch=375 | stop=425 | final_phase_epochs=425 | acc=0.8750 | bal_acc=0.8750 | pred_hist=[3, 5] | collapse=False
[2026-05-30 10:20:42]     spatial_conv=[4, 29] top_abs_channels=[('Cz', 0.21240591), ('Fz', 0.1788837), ('T4', 0.16765773), ('C4', 0.15199673), ('F7', 0.15071969), ('Pz', 0.12713592), ('P4', 0.12521741), ('FCz', 0.12408981)]
[2026-05-30 10:20:42]     spatial_update=delta_l2=1.11852186 max_abs=0.29384305 relative=0.93719427 changed=True

[2026-05-30 10:20:42] Fold 4/5 | subject=28
[2026-05-30 10:20:42]     Train: 32 | counts=[16, 16]
[2026-05-30 10:20:42]     Test:  8 | counts=[4, 4]
[2026-05-30 10:20:42]     Model: SignalJEPA_PreLocal | Pretrained: from_pretrained | Strategy: new
[2026-05-30 10:20:42]     Normalization: none | fit_scope=none
[2026-05-30 10:20:42]     Phase 1 (new): 2,170/16,010 params
[2026-05-30 10:20:45]     Result | best_epoch=120 | stop=170 | final_phase_epochs=170 | acc=0.7500 | bal_acc=0.7500 | pred_hist=[2, 6] | collapse=False
[2026-05-30 10:20:45]     spatial_conv=[4, 29] top_abs_channels=[('Fz', 0.17522171), ('C4', 0.17387921), ('T4', 0.17260769), ('FCz', 0.14279866), ('O2', 0.14177686), ('Cz', 0.13308874), ('CP4', 0.13128491), ('CP3', 0.12437995)]
[2026-05-30 10:20:45]     spatial_update=delta_l2=0.79748913 max_abs=0.18903415 relative=0.66820530 changed=True

[2026-05-30 10:20:45] Fold 5/5 | subject=28
[2026-05-30 10:20:45]     Train: 32 | counts=[16, 16]
[2026-05-30 10:20:45]     Test:  8 | counts=[4, 4]
[2026-05-30 10:20:45]     Model: SignalJEPA_PreLocal | Pretrained: from_pretrained | Strategy: new
[2026-05-30 10:20:45]     Normalization: none | fit_scope=none
[2026-05-30 10:20:45]     Phase 1 (new): 2,170/16,010 params
[2026-05-30 10:20:48]     Result | best_epoch=136 | stop=186 | final_phase_epochs=186 | acc=0.8750 | bal_acc=0.8750 | pred_hist=[5, 3] | collapse=False
[2026-05-30 10:20:48]     spatial_conv=[4, 29] top_abs_channels=[('Cz', 0.16211109), ('T4', 0.15656175), ('O2', 0.14928253), ('Fz', 0.14880134), ('P4', 0.13336779), ('FCz', 0.13210016), ('Pz', 0.12766525), ('C4', 0.12001115)]
[2026-05-30 10:20:48]     spatial_update=delta_l2=0.80310755 max_abs=0.24219832 relative=0.67291290 changed=True
[2026-05-30 10:20:48]   Subject 28: acc=0.7500±0.1118  bal_acc=0.7500±0.1118
[2026-05-30 10:20:48] \nSubject 29: 40 windows | class_counts=[20, 20]

[2026-05-30 10:20:48] Fold 1/5 | subject=29
[2026-05-30 10:20:48]     Train: 32 | counts=[16, 16]
[2026-05-30 10:20:48]     Test:  8 | counts=[4, 4]
[2026-05-30 10:20:48]     Model: SignalJEPA_PreLocal | Pretrained: from_pretrained | Strategy: new
[2026-05-30 10:20:48]     Normalization: none | fit_scope=none
[2026-05-30 10:20:48]     Phase 1 (new): 2,170/16,010 params
[2026-05-30 10:20:49]     Result | best_epoch=1 | stop=51 | final_phase_epochs=51 | acc=0.5000 | bal_acc=0.5000 | pred_hist=[0, 8] | collapse=True
[2026-05-30 10:20:49]     spatial_conv=[4, 29] top_abs_channels=[('Pz', 0.15291148), ('O2', 0.14377676), ('T3', 0.12758666), ('O1', 0.12273344), ('T4', 0.12167011), ('CP3', 0.12131076), ('C3', 0.11593944), ('CP4', 0.11090376)]
[2026-05-30 10:20:49]     spatial_update=delta_l2=0.01232313 max_abs=0.00221400 relative=0.01032539 changed=True

[2026-05-30 10:20:49] Fold 2/5 | subject=29
[2026-05-30 10:20:49]     Train: 32 | counts=[16, 16]
[2026-05-30 10:20:49]     Test:  8 | counts=[4, 4]
[2026-05-30 10:20:49]     Model: SignalJEPA_PreLocal | Pretrained: from_pretrained | Strategy: new
[2026-05-30 10:20:49]     Normalization: none | fit_scope=none
[2026-05-30 10:20:49]     Phase 1 (new): 2,170/16,010 params
[2026-05-30 10:20:50]     Result | best_epoch=1 | stop=51 | final_phase_epochs=51 | acc=0.5000 | bal_acc=0.5000 | pred_hist=[0, 8] | collapse=True
[2026-05-30 10:20:50]     spatial_conv=[4, 29] top_abs_channels=[('Pz', 0.15262699), ('O2', 0.14494058), ('T3', 0.12744865), ('T4', 0.12225647), ('O1', 0.12154482), ('CP3', 0.12124935), ('C3', 0.11682817), ('CP4', 0.110067)]
[2026-05-30 10:20:50]     spatial_update=delta_l2=0.01288812 max_abs=0.00214550 relative=0.01079878 changed=True

[2026-05-30 10:20:51] Fold 3/5 | subject=29
[2026-05-30 10:20:51]     Train: 32 | counts=[16, 16]
[2026-05-30 10:20:51]     Test:  8 | counts=[4, 4]
[2026-05-30 10:20:51]     Model: SignalJEPA_PreLocal | Pretrained: from_pretrained | Strategy: new
[2026-05-30 10:20:51]     Normalization: none | fit_scope=none
[2026-05-30 10:20:51]     Phase 1 (new): 2,170/16,010 params
[2026-05-30 10:20:51]     Result | best_epoch=1 | stop=51 | final_phase_epochs=51 | acc=0.5000 | bal_acc=0.5000 | pred_hist=[0, 8] | collapse=True
[2026-05-30 10:20:51]     spatial_conv=[4, 29] top_abs_channels=[('Pz', 0.15343428), ('O2', 0.14443682), ('T3', 0.12710223), ('T4', 0.12240365), ('O1', 0.12239374), ('CP3', 0.12104402), ('C3', 0.11624184), ('CP4', 0.11051766)]
[2026-05-30 10:20:51]     spatial_update=delta_l2=0.01227082 max_abs=0.00230102 relative=0.01028155 changed=True

[2026-05-30 10:20:52] Fold 4/5 | subject=29
[2026-05-30 10:20:52]     Train: 32 | counts=[16, 16]
[2026-05-30 10:20:52]     Test:  8 | counts=[4, 4]
[2026-05-30 10:20:52]     Model: SignalJEPA_PreLocal | Pretrained: from_pretrained | Strategy: new
[2026-05-30 10:20:52]     Normalization: none | fit_scope=none
[2026-05-30 10:20:52]     Phase 1 (new): 2,170/16,010 params
[2026-05-30 10:20:52]     Result | best_epoch=1 | stop=51 | final_phase_epochs=51 | acc=0.5000 | bal_acc=0.5000 | pred_hist=[0, 8] | collapse=True
[2026-05-30 10:20:52]     spatial_conv=[4, 29] top_abs_channels=[('Pz', 0.1528044), ('O2', 0.14372227), ('T3', 0.12694114), ('O1', 0.1229516), ('T4', 0.12267525), ('CP3', 0.12094852), ('C3', 0.11636101), ('CP4', 0.11009423)]
[2026-05-30 10:20:52]     spatial_update=delta_l2=0.01305284 max_abs=0.00231814 relative=0.01093680 changed=True

[2026-05-30 10:20:53] Fold 5/5 | subject=29
[2026-05-30 10:20:53]     Train: 32 | counts=[16, 16]
[2026-05-30 10:20:53]     Test:  8 | counts=[4, 4]
[2026-05-30 10:20:53]     Model: SignalJEPA_PreLocal | Pretrained: from_pretrained | Strategy: new
[2026-05-30 10:20:53]     Normalization: none | fit_scope=none
[2026-05-30 10:20:53]     Phase 1 (new): 2,170/16,010 params
[2026-05-30 10:20:54]     Result | best_epoch=1 | stop=51 | final_phase_epochs=51 | acc=0.5000 | bal_acc=0.5000 | pred_hist=[0, 8] | collapse=True
[2026-05-30 10:20:54]     spatial_conv=[4, 29] top_abs_channels=[('Pz', 0.15306525), ('O2', 0.14406787), ('T3', 0.12757187), ('O1', 0.12290113), ('T4', 0.12255076), ('CP3', 0.121823), ('C3', 0.1157941), ('CP4', 0.11034616)]
[2026-05-30 10:20:54]     spatial_update=delta_l2=0.01380495 max_abs=0.00229690 relative=0.01156698 changed=True
[2026-05-30 10:20:54]   Subject 29: acc=0.5000±0.0000  bal_acc=0.5000±0.0000
[2026-05-30 10:20:54] \nSubject 30: 40 windows | class_counts=[20, 20]

[2026-05-30 10:20:54] Fold 1/5 | subject=30
[2026-05-30 10:20:54]     Train: 32 | counts=[16, 16]
[2026-05-30 10:20:54]     Test:  8 | counts=[4, 4]
[2026-05-30 10:20:54]     Model: SignalJEPA_PreLocal | Pretrained: from_pretrained | Strategy: new
[2026-05-30 10:20:54]     Normalization: none | fit_scope=none
[2026-05-30 10:20:54]     Phase 1 (new): 2,170/16,010 params
[2026-05-30 10:21:53]     Result | best_epoch=4141 | stop=4191 | final_phase_epochs=4191 | acc=0.7500 | bal_acc=0.7500 | pred_hist=[4, 4] | collapse=False
[2026-05-30 10:21:53]     spatial_conv=[4, 29] top_abs_channels=[('F3', 0.26206601), ('T6', 0.23090298), ('CP4', 0.21690004), ('T3', 0.15951115), ('Cz', 0.15273856), ('Fp1', 0.15271664), ('FC3', 0.13542405), ('P4', 0.13130412)]
[2026-05-30 10:21:53]     spatial_update=delta_l2=1.42130468 max_abs=0.45680839 relative=1.19089187 changed=True

[2026-05-30 10:21:53] Fold 2/5 | subject=30
[2026-05-30 10:21:53]     Train: 32 | counts=[16, 16]
[2026-05-30 10:21:53]     Test:  8 | counts=[4, 4]
[2026-05-30 10:21:53]     Model: SignalJEPA_PreLocal | Pretrained: from_pretrained | Strategy: new
[2026-05-30 10:21:53]     Normalization: none | fit_scope=none
[2026-05-30 10:21:53]     Phase 1 (new): 2,170/16,010 params
[2026-05-30 10:21:55]     Result | best_epoch=105 | stop=154 | final_phase_epochs=154 | acc=0.8750 | bal_acc=0.8750 | pred_hist=[5, 3] | collapse=False
[2026-05-30 10:21:55]     spatial_conv=[4, 29] top_abs_channels=[('O2', 0.17470816), ('FCz', 0.14623375), ('P4', 0.14079055), ('Fz', 0.13850105), ('T4', 0.1230247), ('Fp1', 0.11839434), ('O1', 0.11138939), ('Cz', 0.11099198)]
[2026-05-30 10:21:55]     spatial_update=delta_l2=0.80565935 max_abs=0.18790361 relative=0.67505102 changed=True

[2026-05-30 10:21:56] Fold 3/5 | subject=30
[2026-05-30 10:21:56]     Train: 32 | counts=[16, 16]
[2026-05-30 10:21:56]     Test:  8 | counts=[4, 4]
[2026-05-30 10:21:56]     Model: SignalJEPA_PreLocal | Pretrained: from_pretrained | Strategy: new
[2026-05-30 10:21:56]     Normalization: none | fit_scope=none
[2026-05-30 10:21:56]     Phase 1 (new): 2,170/16,010 params
[2026-05-30 10:22:02]     Result | best_epoch=377 | stop=427 | final_phase_epochs=427 | acc=0.6250 | bal_acc=0.6250 | pred_hist=[5, 3] | collapse=False
[2026-05-30 10:22:02]     spatial_conv=[4, 29] top_abs_channels=[('Pz', 0.18968467), ('T6', 0.16882439), ('F4', 0.16090374), ('F3', 0.15912354), ('Fp1', 0.14687087), ('P4', 0.14650905), ('FC4', 0.14522813), ('Cz', 0.14263164)]
[2026-05-30 10:22:02]     spatial_update=delta_l2=1.27905055 max_abs=0.35249183 relative=1.07169907 changed=True

[2026-05-30 10:22:02] Fold 4/5 | subject=30
[2026-05-30 10:22:02]     Train: 32 | counts=[16, 16]
[2026-05-30 10:22:02]     Test:  8 | counts=[4, 4]
[2026-05-30 10:22:02]     Model: SignalJEPA_PreLocal | Pretrained: from_pretrained | Strategy: new
[2026-05-30 10:22:02]     Normalization: none | fit_scope=none
[2026-05-30 10:22:02]     Phase 1 (new): 2,170/16,010 params
[2026-05-30 10:22:06]     Result | best_epoch=225 | stop=275 | final_phase_epochs=275 | acc=1.0000 | bal_acc=1.0000 | pred_hist=[4, 4] | collapse=False
[2026-05-30 10:22:06]     spatial_conv=[4, 29] top_abs_channels=[('F3', 0.20415822), ('F4', 0.15493387), ('T6', 0.14828706), ('CP3', 0.13776299), ('P4', 0.13348174), ('FC3', 0.12486902), ('T3', 0.12294502), ('CP4', 0.11881314)]
[2026-05-30 10:22:06]     spatial_update=delta_l2=1.16082794 max_abs=0.31584799 relative=0.97264195 changed=True

[2026-05-30 10:22:07] Fold 5/5 | subject=30
[2026-05-30 10:22:07]     Train: 32 | counts=[16, 16]
[2026-05-30 10:22:07]     Test:  8 | counts=[4, 4]
[2026-05-30 10:22:07]     Model: SignalJEPA_PreLocal | Pretrained: from_pretrained | Strategy: new
[2026-05-30 10:22:07]     Normalization: none | fit_scope=none
[2026-05-30 10:22:07]     Phase 1 (new): 2,170/16,010 params
[2026-05-30 10:22:07]     Result | best_epoch=1 | stop=51 | final_phase_epochs=51 | acc=0.5000 | bal_acc=0.5000 | pred_hist=[0, 8] | collapse=True
[2026-05-30 10:22:07]     spatial_conv=[4, 29] top_abs_channels=[('Pz', 0.1533179), ('O2', 0.14428842), ('T3', 0.12601313), ('T4', 0.12320901), ('O1', 0.12195655), ('CP3', 0.12081365), ('C3', 0.11508953), ('CP4', 0.11109193)]
[2026-05-30 10:22:07]     spatial_update=delta_l2=0.01144444 max_abs=0.00210029 relative=0.00958914 changed=True
[2026-05-30 10:22:07]   Subject 30: acc=0.7500±0.1768  bal_acc=0.7500±0.1768
[2026-05-30 10:22:07] \nSubject 31: 40 windows | class_counts=[20, 20]

[2026-05-30 10:22:08] Fold 1/5 | subject=31
[2026-05-30 10:22:08]     Train: 32 | counts=[16, 16]
[2026-05-30 10:22:08]     Test:  8 | counts=[4, 4]
[2026-05-30 10:22:08]     Model: SignalJEPA_PreLocal | Pretrained: from_pretrained | Strategy: new
[2026-05-30 10:22:08]     Normalization: none | fit_scope=none
[2026-05-30 10:22:08]     Phase 1 (new): 2,170/16,010 params
[2026-05-30 10:22:09]     Result | best_epoch=1 | stop=51 | final_phase_epochs=51 | acc=0.5000 | bal_acc=0.5000 | pred_hist=[0, 8] | collapse=True
[2026-05-30 10:22:09]     spatial_conv=[4, 29] top_abs_channels=[('Pz', 0.15345405), ('O2', 0.14472125), ('T3', 0.12708023), ('O1', 0.12192295), ('T4', 0.12185434), ('CP3', 0.12093791), ('C3', 0.11615907), ('Fp1', 0.11051416)]
[2026-05-30 10:22:09]     spatial_update=delta_l2=0.01422435 max_abs=0.00224008 relative=0.01191839 changed=True

[2026-05-30 10:22:09] Fold 2/5 | subject=31
[2026-05-30 10:22:09]     Train: 32 | counts=[16, 16]
[2026-05-30 10:22:09]     Test:  8 | counts=[4, 4]
[2026-05-30 10:22:09]     Model: SignalJEPA_PreLocal | Pretrained: from_pretrained | Strategy: new
[2026-05-30 10:22:09]     Normalization: none | fit_scope=none
[2026-05-30 10:22:09]     Phase 1 (new): 2,170/16,010 params
[2026-05-30 10:22:10]     Result | best_epoch=10 | stop=60 | final_phase_epochs=60 | acc=0.5000 | bal_acc=0.5000 | pred_hist=[0, 8] | collapse=True
[2026-05-30 10:22:10]     spatial_conv=[4, 29] top_abs_channels=[('Pz', 0.15846588), ('O2', 0.1492607), ('CP3', 0.12661186), ('T3', 0.12558118), ('T4', 0.12262975), ('O1', 0.11962884), ('C3', 0.11726272), ('CP4', 0.10970873)]
[2026-05-30 10:22:10]     spatial_update=delta_l2=0.10036708 max_abs=0.01912166 relative=0.08409621 changed=True

[2026-05-30 10:22:10] Fold 3/5 | subject=31
[2026-05-30 10:22:10]     Train: 32 | counts=[16, 16]
[2026-05-30 10:22:10]     Test:  8 | counts=[4, 4]
[2026-05-30 10:22:10]     Model: SignalJEPA_PreLocal | Pretrained: from_pretrained | Strategy: new
[2026-05-30 10:22:10]     Normalization: none | fit_scope=none
[2026-05-30 10:22:10]     Phase 1 (new): 2,170/16,010 params
[2026-05-30 10:22:11]     Result | best_epoch=1 | stop=51 | final_phase_epochs=51 | acc=0.5000 | bal_acc=0.5000 | pred_hist=[0, 8] | collapse=True
[2026-05-30 10:22:11]     spatial_conv=[4, 29] top_abs_channels=[('Pz', 0.15321214), ('O2', 0.14416111), ('T3', 0.1267938), ('O1', 0.12207779), ('T4', 0.12149508), ('CP3', 0.12119922), ('C3', 0.11579403), ('CP4', 0.11055391)]
[2026-05-30 10:22:11]     spatial_update=delta_l2=0.01302310 max_abs=0.00223801 relative=0.01091188 changed=True

[2026-05-30 10:22:12] Fold 4/5 | subject=31
[2026-05-30 10:22:12]     Train: 32 | counts=[16, 16]
[2026-05-30 10:22:12]     Test:  8 | counts=[4, 4]
[2026-05-30 10:22:12]     Model: SignalJEPA_PreLocal | Pretrained: from_pretrained | Strategy: new
[2026-05-30 10:22:12]     Normalization: none | fit_scope=none
[2026-05-30 10:22:12]     Phase 1 (new): 2,170/16,010 params
[2026-05-30 10:22:12]     Result | best_epoch=1 | stop=51 | final_phase_epochs=51 | acc=0.5000 | bal_acc=0.5000 | pred_hist=[0, 8] | collapse=True
[2026-05-30 10:22:12]     spatial_conv=[4, 29] top_abs_channels=[('Pz', 0.15385206), ('O2', 0.14395879), ('T3', 0.12655047), ('O1', 0.12221268), ('T4', 0.12169801), ('CP3', 0.12074304), ('C3', 0.11673202), ('Fp1', 0.11041737)]
[2026-05-30 10:22:12]     spatial_update=delta_l2=0.01377157 max_abs=0.00227495 relative=0.01153901 changed=True

[2026-05-30 10:22:13] Fold 5/5 | subject=31
[2026-05-30 10:22:13]     Train: 32 | counts=[16, 16]
[2026-05-30 10:22:13]     Test:  8 | counts=[4, 4]
[2026-05-30 10:22:13]     Model: SignalJEPA_PreLocal | Pretrained: from_pretrained | Strategy: new
[2026-05-30 10:22:13]     Normalization: none | fit_scope=none
[2026-05-30 10:22:13]     Phase 1 (new): 2,170/16,010 params
[2026-05-30 10:22:14]     Result | best_epoch=1 | stop=51 | final_phase_epochs=51 | acc=0.5000 | bal_acc=0.5000 | pred_hist=[0, 8] | collapse=True
[2026-05-30 10:22:14]     spatial_conv=[4, 29] top_abs_channels=[('Pz', 0.15355417), ('O2', 0.14423642), ('T3', 0.12668234), ('T4', 0.12213007), ('O1', 0.12210628), ('CP3', 0.12136385), ('C3', 0.1157472), ('CP4', 0.11076374)]
[2026-05-30 10:22:14]     spatial_update=delta_l2=0.01146180 max_abs=0.00227617 relative=0.00960369 changed=True
[2026-05-30 10:22:14]   Subject 31: acc=0.5000±0.0000  bal_acc=0.5000±0.0000
[2026-05-30 10:22:14] \nSubject 32: 40 windows | class_counts=[20, 20]

[2026-05-30 10:22:14] Fold 1/5 | subject=32
[2026-05-30 10:22:14]     Train: 32 | counts=[16, 16]
[2026-05-30 10:22:14]     Test:  8 | counts=[4, 4]
[2026-05-30 10:22:14]     Model: SignalJEPA_PreLocal | Pretrained: from_pretrained | Strategy: new
[2026-05-30 10:22:14]     Normalization: none | fit_scope=none
[2026-05-30 10:22:14]     Phase 1 (new): 2,170/16,010 params
[2026-05-30 10:22:15]     Result | best_epoch=1 | stop=51 | final_phase_epochs=51 | acc=0.5000 | bal_acc=0.5000 | pred_hist=[0, 8] | collapse=True
[2026-05-30 10:22:15]     spatial_conv=[4, 29] top_abs_channels=[('Pz', 0.15313888), ('O2', 0.14365473), ('T3', 0.12693903), ('T4', 0.12299722), ('O1', 0.1216528), ('CP3', 0.12114254), ('C3', 0.11527863), ('CP4', 0.11118599)]
[2026-05-30 10:22:15]     spatial_update=delta_l2=0.01165220 max_abs=0.00219825 relative=0.00976322 changed=True

[2026-05-30 10:22:15] Fold 2/5 | subject=32
[2026-05-30 10:22:15]     Train: 32 | counts=[16, 16]
[2026-05-30 10:22:15]     Test:  8 | counts=[4, 4]
[2026-05-30 10:22:15]     Model: SignalJEPA_PreLocal | Pretrained: from_pretrained | Strategy: new
[2026-05-30 10:22:15]     Normalization: none | fit_scope=none
[2026-05-30 10:22:15]     Phase 1 (new): 2,170/16,010 params
[2026-05-30 10:22:16]     Result | best_epoch=1 | stop=51 | final_phase_epochs=51 | acc=0.6250 | bal_acc=0.6250 | pred_hist=[1, 7] | collapse=False
[2026-05-30 10:22:16]     spatial_conv=[4, 29] top_abs_channels=[('Pz', 0.15257715), ('O2', 0.14397736), ('T3', 0.12677623), ('O1', 0.12173861), ('T4', 0.1215283), ('CP3', 0.12069914), ('C3', 0.11545606), ('CP4', 0.11099804)]
[2026-05-30 10:22:16]     spatial_update=delta_l2=0.01239867 max_abs=0.00228754 relative=0.01038868 changed=True

[2026-05-30 10:22:17] Fold 3/5 | subject=32
[2026-05-30 10:22:17]     Train: 32 | counts=[16, 16]
[2026-05-30 10:22:17]     Test:  8 | counts=[4, 4]
[2026-05-30 10:22:17]     Model: SignalJEPA_PreLocal | Pretrained: from_pretrained | Strategy: new
[2026-05-30 10:22:17]     Normalization: none | fit_scope=none
[2026-05-30 10:22:17]     Phase 1 (new): 2,170/16,010 params
[2026-05-30 10:22:17]     Result | best_epoch=1 | stop=51 | final_phase_epochs=51 | acc=0.5000 | bal_acc=0.5000 | pred_hist=[0, 8] | collapse=True
[2026-05-30 10:22:17]     spatial_conv=[4, 29] top_abs_channels=[('Pz', 0.15309373), ('O2', 0.14355159), ('T3', 0.12704629), ('T4', 0.12200318), ('O1', 0.12152612), ('CP3', 0.12118624), ('C3', 0.11558504), ('CP4', 0.11162027)]
[2026-05-30 10:22:17]     spatial_update=delta_l2=0.01350608 max_abs=0.00226395 relative=0.01131656 changed=True

[2026-05-30 10:22:18] Fold 4/5 | subject=32
[2026-05-30 10:22:18]     Train: 32 | counts=[16, 16]
[2026-05-30 10:22:18]     Test:  8 | counts=[4, 4]
[2026-05-30 10:22:18]     Model: SignalJEPA_PreLocal | Pretrained: from_pretrained | Strategy: new
[2026-05-30 10:22:18]     Normalization: none | fit_scope=none
[2026-05-30 10:22:18]     Phase 1 (new): 2,170/16,010 params
[2026-05-30 10:22:18]     Result | best_epoch=1 | stop=51 | final_phase_epochs=51 | acc=0.5000 | bal_acc=0.5000 | pred_hist=[0, 8] | collapse=True
[2026-05-30 10:22:18]     spatial_conv=[4, 29] top_abs_channels=[('Pz', 0.15236977), ('O2', 0.14448354), ('T3', 0.12778062), ('T4', 0.12246407), ('O1', 0.12114257), ('CP3', 0.12000939), ('C3', 0.11589617), ('CP4', 0.1109437)]
[2026-05-30 10:22:18]     spatial_update=delta_l2=0.01281149 max_abs=0.00231324 relative=0.01073457 changed=True

[2026-05-30 10:22:19] Fold 5/5 | subject=32
[2026-05-30 10:22:19]     Train: 32 | counts=[16, 16]
[2026-05-30 10:22:19]     Test:  8 | counts=[4, 4]
[2026-05-30 10:22:19]     Model: SignalJEPA_PreLocal | Pretrained: from_pretrained | Strategy: new
[2026-05-30 10:22:19]     Normalization: none | fit_scope=none
[2026-05-30 10:22:19]     Phase 1 (new): 2,170/16,010 params
[2026-05-30 10:22:20]     Result | best_epoch=5 | stop=55 | final_phase_epochs=55 | acc=0.5000 | bal_acc=0.5000 | pred_hist=[2, 6] | collapse=False
[2026-05-30 10:22:20]     spatial_conv=[4, 29] top_abs_channels=[('Pz', 0.14810573), ('O2', 0.14306748), ('T3', 0.1277519), ('T4', 0.12404919), ('O1', 0.12277669), ('CP3', 0.12121345), ('C3', 0.11657713), ('Fp1', 0.11177147)]
[2026-05-30 10:22:20]     spatial_update=delta_l2=0.04259990 max_abs=0.00890983 relative=0.03569387 changed=True
[2026-05-30 10:22:20]   Subject 32: acc=0.5250±0.0500  bal_acc=0.5250±0.0500
[2026-05-30 10:22:20] \nSubject 33: 40 windows | class_counts=[20, 20]

[2026-05-30 10:22:20] Fold 1/5 | subject=33
[2026-05-30 10:22:20]     Train: 32 | counts=[16, 16]
[2026-05-30 10:22:20]     Test:  8 | counts=[4, 4]
[2026-05-30 10:22:20]     Model: SignalJEPA_PreLocal | Pretrained: from_pretrained | Strategy: new
[2026-05-30 10:22:20]     Normalization: none | fit_scope=none
[2026-05-30 10:22:20]     Phase 1 (new): 2,170/16,010 params
[2026-05-30 10:22:21]     Result | best_epoch=1 | stop=51 | final_phase_epochs=51 | acc=0.5000 | bal_acc=0.5000 | pred_hist=[0, 8] | collapse=True
[2026-05-30 10:22:21]     spatial_conv=[4, 29] top_abs_channels=[('Pz', 0.15330318), ('O2', 0.14479226), ('T3', 0.12662147), ('O1', 0.12189226), ('T4', 0.12182696), ('CP3', 0.12147639), ('C3', 0.11490788), ('CP4', 0.11182057)]
[2026-05-30 10:22:21]     spatial_update=delta_l2=0.01212521 max_abs=0.00215968 relative=0.01015955 changed=True

[2026-05-30 10:22:21] Fold 2/5 | subject=33
[2026-05-30 10:22:21]     Train: 32 | counts=[16, 16]
[2026-05-30 10:22:21]     Test:  8 | counts=[4, 4]
[2026-05-30 10:22:21]     Model: SignalJEPA_PreLocal | Pretrained: from_pretrained | Strategy: new
[2026-05-30 10:22:21]     Normalization: none | fit_scope=none
[2026-05-30 10:22:21]     Phase 1 (new): 2,170/16,010 params
[2026-05-30 10:22:22]     Result | best_epoch=26 | stop=75 | final_phase_epochs=75 | acc=0.6250 | bal_acc=0.6250 | pred_hist=[3, 5] | collapse=False
[2026-05-30 10:22:22]     spatial_conv=[4, 29] top_abs_channels=[('O2', 0.1523899), ('Pz', 0.14652443), ('CP3', 0.12649873), ('CP4', 0.12394398), ('T4', 0.11633857), ('O1', 0.11551923), ('T3', 0.11223645), ('C3', 0.10927375)]
[2026-05-30 10:22:22]     spatial_update=delta_l2=0.22772401 max_abs=0.04695675 relative=0.19080685 changed=True

[2026-05-30 10:22:23] Fold 3/5 | subject=33
[2026-05-30 10:22:23]     Train: 32 | counts=[16, 16]
[2026-05-30 10:22:23]     Test:  8 | counts=[4, 4]
[2026-05-30 10:22:23]     Model: SignalJEPA_PreLocal | Pretrained: from_pretrained | Strategy: new
[2026-05-30 10:22:23]     Normalization: none | fit_scope=none
[2026-05-30 10:22:23]     Phase 1 (new): 2,170/16,010 params
[2026-05-30 10:22:24]     Result | best_epoch=1 | stop=51 | final_phase_epochs=51 | acc=0.5000 | bal_acc=0.5000 | pred_hist=[0, 8] | collapse=True
[2026-05-30 10:22:24]     spatial_conv=[4, 29] top_abs_channels=[('Pz', 0.15287505), ('O2', 0.14380305), ('T3', 0.12707061), ('O1', 0.12214132), ('T4', 0.12181868), ('CP3', 0.12138858), ('C3', 0.11477906), ('CP4', 0.11198165)]
[2026-05-30 10:22:24]     spatial_update=delta_l2=0.01162379 max_abs=0.00202766 relative=0.00973941 changed=True

[2026-05-30 10:22:24] Fold 4/5 | subject=33
[2026-05-30 10:22:24]     Train: 32 | counts=[16, 16]
[2026-05-30 10:22:24]     Test:  8 | counts=[4, 4]
[2026-05-30 10:22:24]     Model: SignalJEPA_PreLocal | Pretrained: from_pretrained | Strategy: new
[2026-05-30 10:22:24]     Normalization: none | fit_scope=none
[2026-05-30 10:22:24]     Phase 1 (new): 2,170/16,010 params
[2026-05-30 10:22:27]     Result | best_epoch=164 | stop=214 | final_phase_epochs=214 | acc=0.3750 | bal_acc=0.3750 | pred_hist=[3, 5] | collapse=False
[2026-05-30 10:22:27]     spatial_conv=[4, 29] top_abs_channels=[('O1', 0.19021323), ('O2', 0.15071087), ('CP3', 0.13663486), ('T3', 0.13161373), ('F3', 0.12849037), ('F4', 0.11150275), ('F7', 0.10954291), ('FCz', 0.10409275)]
[2026-05-30 10:22:27]     spatial_update=delta_l2=0.78577121 max_abs=0.19627949 relative=0.65838702 changed=True

[2026-05-30 10:22:28] Fold 5/5 | subject=33
[2026-05-30 10:22:28]     Train: 32 | counts=[16, 16]
[2026-05-30 10:22:28]     Test:  8 | counts=[4, 4]
[2026-05-30 10:22:28]     Model: SignalJEPA_PreLocal | Pretrained: from_pretrained | Strategy: new
[2026-05-30 10:22:28]     Normalization: none | fit_scope=none
[2026-05-30 10:22:28]     Phase 1 (new): 2,170/16,010 params
[2026-05-30 10:22:28]     Result | best_epoch=4 | stop=54 | final_phase_epochs=54 | acc=0.6250 | bal_acc=0.6250 | pred_hist=[1, 7] | collapse=False
[2026-05-30 10:22:28]     spatial_conv=[4, 29] top_abs_channels=[('Pz', 0.15439133), ('O2', 0.14695209), ('T3', 0.12611577), ('O1', 0.12372801), ('CP3', 0.12301803), ('T4', 0.1214572), ('C3', 0.11458939), ('CP4', 0.11170753)]
[2026-05-30 10:22:28]     spatial_update=delta_l2=0.03622860 max_abs=0.00781155 relative=0.03035545 changed=True
[2026-05-30 10:22:28]   Subject 33: acc=0.5250±0.0935  bal_acc=0.5250±0.0935
[2026-05-30 10:22:28] \nSubject 34: 40 windows | class_counts=[20, 20]

[2026-05-30 10:22:29] Fold 1/5 | subject=34
[2026-05-30 10:22:29]     Train: 32 | counts=[16, 16]
[2026-05-30 10:22:29]     Test:  8 | counts=[4, 4]
[2026-05-30 10:22:29]     Model: SignalJEPA_PreLocal | Pretrained: from_pretrained | Strategy: new
[2026-05-30 10:22:29]     Normalization: none | fit_scope=none
[2026-05-30 10:22:29]     Phase 1 (new): 2,170/16,010 params
[2026-05-30 10:22:30]     Result | best_epoch=19 | stop=68 | final_phase_epochs=68 | acc=0.6250 | bal_acc=0.6250 | pred_hist=[3, 5] | collapse=False
[2026-05-30 10:22:30]     spatial_conv=[4, 29] top_abs_channels=[('T3', 0.14940731), ('Pz', 0.14505643), ('O2', 0.1387164), ('T4', 0.12552579), ('Fp1', 0.12457202), ('P3', 0.12403811), ('CP3', 0.12191608), ('C3', 0.11737573)]
[2026-05-30 10:22:30]     spatial_update=delta_l2=0.17433538 max_abs=0.04238058 relative=0.14607325 changed=True

[2026-05-30 10:22:30] Fold 2/5 | subject=34
[2026-05-30 10:22:30]     Train: 32 | counts=[16, 16]
[2026-05-30 10:22:30]     Test:  8 | counts=[4, 4]
[2026-05-30 10:22:30]     Model: SignalJEPA_PreLocal | Pretrained: from_pretrained | Strategy: new
[2026-05-30 10:22:30]     Normalization: none | fit_scope=none
[2026-05-30 10:22:30]     Phase 1 (new): 2,170/16,010 params
[2026-05-30 10:22:32]     Result | best_epoch=83 | stop=133 | final_phase_epochs=133 | acc=0.7500 | bal_acc=0.7500 | pred_hist=[6, 2] | collapse=False
[2026-05-30 10:22:32]     spatial_conv=[4, 29] top_abs_channels=[('FCz', 0.1597912), ('O2', 0.15889819), ('CP3', 0.1421681), ('T3', 0.13877924), ('T4', 0.1318593), ('F7', 0.11648763), ('Fz', 0.11393198), ('Pz', 0.10934779)]
[2026-05-30 10:22:32]     spatial_update=delta_l2=0.58981208 max_abs=0.14517183 relative=0.49419552 changed=True

[2026-05-30 10:22:33] Fold 3/5 | subject=34
[2026-05-30 10:22:33]     Train: 32 | counts=[16, 16]
[2026-05-30 10:22:33]     Test:  8 | counts=[4, 4]
[2026-05-30 10:22:33]     Model: SignalJEPA_PreLocal | Pretrained: from_pretrained | Strategy: new
[2026-05-30 10:22:33]     Normalization: none | fit_scope=none
[2026-05-30 10:22:33]     Phase 1 (new): 2,170/16,010 params
[2026-05-30 10:22:35]     Result | best_epoch=125 | stop=175 | final_phase_epochs=175 | acc=0.5000 | bal_acc=0.5000 | pred_hist=[2, 6] | collapse=False
[2026-05-30 10:22:35]     spatial_conv=[4, 29] top_abs_channels=[('FCz', 0.15012045), ('T3', 0.14939302), ('CP3', 0.14529988), ('FC4', 0.14375319), ('O2', 0.14141582), ('P4', 0.1377992), ('Fp1', 0.12401362), ('Cz', 0.11878877)]
[2026-05-30 10:22:35]     spatial_update=delta_l2=0.73041499 max_abs=0.21358141 relative=0.61200479 changed=True

[2026-05-30 10:22:36] Fold 4/5 | subject=34
[2026-05-30 10:22:36]     Train: 32 | counts=[16, 16]
[2026-05-30 10:22:36]     Test:  8 | counts=[4, 4]
[2026-05-30 10:22:36]     Model: SignalJEPA_PreLocal | Pretrained: from_pretrained | Strategy: new
[2026-05-30 10:22:36]     Normalization: none | fit_scope=none
[2026-05-30 10:22:36]     Phase 1 (new): 2,170/16,010 params
[2026-05-30 10:22:37]     Result | best_epoch=16 | stop=66 | final_phase_epochs=66 | acc=0.8750 | bal_acc=0.8750 | pred_hist=[3, 5] | collapse=False
[2026-05-30 10:22:37]     spatial_conv=[4, 29] top_abs_channels=[('T3', 0.14533666), ('Pz', 0.14290616), ('O2', 0.14085892), ('T4', 0.12489344), ('Fp1', 0.12172069), ('C3', 0.12158012), ('CP3', 0.12093298), ('O1', 0.11755168)]
[2026-05-30 10:22:37]     spatial_update=delta_l2=0.14663919 max_abs=0.03068203 relative=0.12286698 changed=True

[2026-05-30 10:22:37] Fold 5/5 | subject=34
[2026-05-30 10:22:37]     Train: 32 | counts=[16, 16]
[2026-05-30 10:22:37]     Test:  8 | counts=[4, 4]
[2026-05-30 10:22:37]     Model: SignalJEPA_PreLocal | Pretrained: from_pretrained | Strategy: new
[2026-05-30 10:22:37]     Normalization: none | fit_scope=none
[2026-05-30 10:22:37]     Phase 1 (new): 2,170/16,010 params
[2026-05-30 10:22:38]     Result | best_epoch=21 | stop=69 | final_phase_epochs=69 | acc=0.7500 | bal_acc=0.7500 | pred_hist=[2, 6] | collapse=False
[2026-05-30 10:22:38]     spatial_conv=[4, 29] top_abs_channels=[('Pz', 0.1571326), ('O2', 0.15016049), ('T3', 0.14342996), ('T4', 0.1215761), ('C3', 0.12114057), ('CP3', 0.11897484), ('Fp1', 0.11635203), ('P4', 0.11490964)]
[2026-05-30 10:22:38]     spatial_update=delta_l2=0.18116861 max_abs=0.03704532 relative=0.15179871 changed=True
[2026-05-30 10:22:38]   Subject 34: acc=0.7000±0.1275  bal_acc=0.7000±0.1275
[2026-05-30 10:22:38] \nSubject 35: 40 windows | class_counts=[20, 20]

[2026-05-30 10:22:38] Fold 1/5 | subject=35
[2026-05-30 10:22:38]     Train: 32 | counts=[16, 16]
[2026-05-30 10:22:38]     Test:  8 | counts=[4, 4]
[2026-05-30 10:22:38]     Model: SignalJEPA_PreLocal | Pretrained: from_pretrained | Strategy: new
[2026-05-30 10:22:38]     Normalization: none | fit_scope=none
[2026-05-30 10:22:38]     Phase 1 (new): 2,170/16,010 params
[2026-05-30 10:22:39]     Result | best_epoch=1 | stop=51 | final_phase_epochs=51 | acc=0.5000 | bal_acc=0.5000 | pred_hist=[0, 8] | collapse=True
[2026-05-30 10:22:39]     spatial_conv=[4, 29] top_abs_channels=[('Pz', 0.15332051), ('O2', 0.1435658), ('T3', 0.12622164), ('T4', 0.12261084), ('CP3', 0.12181716), ('O1', 0.12163263), ('C3', 0.1145497), ('CP4', 0.11048961)]
[2026-05-30 10:22:39]     spatial_update=delta_l2=0.01326724 max_abs=0.00219606 relative=0.01111644 changed=True

[2026-05-30 10:22:40] Fold 2/5 | subject=35
[2026-05-30 10:22:40]     Train: 32 | counts=[16, 16]
[2026-05-30 10:22:40]     Test:  8 | counts=[4, 4]
[2026-05-30 10:22:40]     Model: SignalJEPA_PreLocal | Pretrained: from_pretrained | Strategy: new
[2026-05-30 10:22:40]     Normalization: none | fit_scope=none
[2026-05-30 10:22:40]     Phase 1 (new): 2,170/16,010 params
[2026-05-30 10:22:41]     Result | best_epoch=18 | stop=68 | final_phase_epochs=68 | acc=0.3750 | bal_acc=0.3750 | pred_hist=[5, 3] | collapse=False
[2026-05-30 10:22:41]     spatial_conv=[4, 29] top_abs_channels=[('Pz', 0.16869311), ('O2', 0.14407752), ('T4', 0.13477795), ('CP3', 0.12842257), ('T3', 0.1236394), ('O1', 0.11881959), ('CP4', 0.11149909), ('C3', 0.10945141)]
[2026-05-30 10:22:41]     spatial_update=delta_l2=0.16703757 max_abs=0.04011946 relative=0.13995851 changed=True

[2026-05-30 10:22:41] Fold 3/5 | subject=35
[2026-05-30 10:22:41]     Train: 32 | counts=[16, 16]
[2026-05-30 10:22:41]     Test:  8 | counts=[4, 4]
[2026-05-30 10:22:41]     Model: SignalJEPA_PreLocal | Pretrained: from_pretrained | Strategy: new
[2026-05-30 10:22:41]     Normalization: none | fit_scope=none
[2026-05-30 10:22:41]     Phase 1 (new): 2,170/16,010 params
[2026-05-30 10:22:42]     Result | best_epoch=1 | stop=51 | final_phase_epochs=51 | acc=0.5000 | bal_acc=0.5000 | pred_hist=[0, 8] | collapse=True
[2026-05-30 10:22:42]     spatial_conv=[4, 29] top_abs_channels=[('Pz', 0.15252444), ('O2', 0.14434595), ('T3', 0.12608457), ('T4', 0.12226102), ('CP3', 0.12224646), ('O1', 0.12135731), ('C3', 0.11415556), ('CP4', 0.11055646)]
[2026-05-30 10:22:42]     spatial_update=delta_l2=0.01359812 max_abs=0.00219719 relative=0.01139368 changed=True

[2026-05-30 10:22:42] Fold 4/5 | subject=35
[2026-05-30 10:22:42]     Train: 32 | counts=[16, 16]
[2026-05-30 10:22:42]     Test:  8 | counts=[4, 4]
[2026-05-30 10:22:42]     Model: SignalJEPA_PreLocal | Pretrained: from_pretrained | Strategy: new
[2026-05-30 10:22:42]     Normalization: none | fit_scope=none
[2026-05-30 10:22:42]     Phase 1 (new): 2,170/16,010 params
[2026-05-30 10:22:44]     Result | best_epoch=72 | stop=122 | final_phase_epochs=122 | acc=0.2500 | bal_acc=0.2500 | pred_hist=[2, 6] | collapse=False
[2026-05-30 10:22:44]     spatial_conv=[4, 29] top_abs_channels=[('P3', 0.14462093), ('T3', 0.1415832), ('CP4', 0.13034663), ('Fz', 0.12666354), ('O2', 0.12597094), ('F8', 0.1145087), ('T4', 0.11176888), ('Fp2', 0.10972807)]
[2026-05-30 10:22:44]     spatial_update=delta_l2=0.56195396 max_abs=0.12716526 relative=0.47085359 changed=True

[2026-05-30 10:22:44] Fold 5/5 | subject=35
[2026-05-30 10:22:44]     Train: 32 | counts=[16, 16]
[2026-05-30 10:22:44]     Test:  8 | counts=[4, 4]
[2026-05-30 10:22:44]     Model: SignalJEPA_PreLocal | Pretrained: from_pretrained | Strategy: new
[2026-05-30 10:22:45]     Normalization: none | fit_scope=none
[2026-05-30 10:22:45]     Phase 1 (new): 2,170/16,010 params
[2026-05-30 10:22:45]     Result | best_epoch=1 | stop=51 | final_phase_epochs=51 | acc=0.5000 | bal_acc=0.5000 | pred_hist=[0, 8] | collapse=True
[2026-05-30 10:22:45]     spatial_conv=[4, 29] top_abs_channels=[('Pz', 0.15264507), ('O2', 0.14419101), ('T3', 0.1263838), ('T4', 0.12281671), ('CP3', 0.12205718), ('O1', 0.12154114), ('C3', 0.11441047), ('CP4', 0.1104277)]
[2026-05-30 10:22:45]     spatial_update=delta_l2=0.01241265 max_abs=0.00221202 relative=0.01040039 changed=True
[2026-05-30 10:22:45]   Subject 35: acc=0.4250±0.1000  bal_acc=0.4250±0.1000
[2026-05-30 10:22:45] \nSubject 36: 40 windows | class_counts=[20, 20]

[2026-05-30 10:22:46] Fold 1/5 | subject=36
[2026-05-30 10:22:46]     Train: 32 | counts=[16, 16]
[2026-05-30 10:22:46]     Test:  8 | counts=[4, 4]
[2026-05-30 10:22:46]     Model: SignalJEPA_PreLocal | Pretrained: from_pretrained | Strategy: new
[2026-05-30 10:22:46]     Normalization: none | fit_scope=none
[2026-05-30 10:22:46]     Phase 1 (new): 2,170/16,010 params
[2026-05-30 10:22:46]     Result | best_epoch=1 | stop=51 | final_phase_epochs=51 | acc=0.5000 | bal_acc=0.5000 | pred_hist=[0, 8] | collapse=True
[2026-05-30 10:22:46]     spatial_conv=[4, 29] top_abs_channels=[('Pz', 0.15345588), ('O2', 0.14432779), ('T3', 0.12777853), ('T4', 0.12261367), ('CP3', 0.12084566), ('O1', 0.12078911), ('C3', 0.11475065), ('CP4', 0.11030199)]
[2026-05-30 10:22:46]     spatial_update=delta_l2=0.01332123 max_abs=0.00220735 relative=0.01116167 changed=True

[2026-05-30 10:22:47] Fold 2/5 | subject=36
[2026-05-30 10:22:47]     Train: 32 | counts=[16, 16]
[2026-05-30 10:22:47]     Test:  8 | counts=[4, 4]
[2026-05-30 10:22:47]     Model: SignalJEPA_PreLocal | Pretrained: from_pretrained | Strategy: new
[2026-05-30 10:22:47]     Normalization: none | fit_scope=none
[2026-05-30 10:22:47]     Phase 1 (new): 2,170/16,010 params
[2026-05-30 10:22:48]     Result | best_epoch=1 | stop=51 | final_phase_epochs=51 | acc=0.5000 | bal_acc=0.5000 | pred_hist=[0, 8] | collapse=True
[2026-05-30 10:22:48]     spatial_conv=[4, 29] top_abs_channels=[('Pz', 0.15295823), ('O2', 0.1437258), ('T3', 0.12755489), ('T4', 0.12259763), ('O1', 0.12248882), ('CP3', 0.12129), ('C3', 0.11414196), ('CP4', 0.11038358)]
[2026-05-30 10:22:48]     spatial_update=delta_l2=0.01081505 max_abs=0.00206196 relative=0.00906178 changed=True

[2026-05-30 10:22:48] Fold 3/5 | subject=36
[2026-05-30 10:22:48]     Train: 32 | counts=[16, 16]
[2026-05-30 10:22:48]     Test:  8 | counts=[4, 4]
[2026-05-30 10:22:48]     Model: SignalJEPA_PreLocal | Pretrained: from_pretrained | Strategy: new
[2026-05-30 10:22:48]     Normalization: none | fit_scope=none
[2026-05-30 10:22:48]     Phase 1 (new): 2,170/16,010 params
[2026-05-30 10:22:52]     Result | best_epoch=219 | stop=269 | final_phase_epochs=269 | acc=0.3750 | bal_acc=0.3750 | pred_hist=[1, 7] | collapse=False
[2026-05-30 10:22:52]     spatial_conv=[4, 29] top_abs_channels=[('Fz', 0.15378104), ('C3', 0.14822239), ('CP3', 0.14174958), ('T3', 0.13342635), ('F7', 0.13004996), ('O1', 0.12328305), ('TP8', 0.12220038), ('FT7', 0.12218665)]
[2026-05-30 10:22:52]     spatial_update=delta_l2=0.87956919 max_abs=0.24186058 relative=0.73697907 changed=True

[2026-05-30 10:22:52] Fold 4/5 | subject=36
[2026-05-30 10:22:52]     Train: 32 | counts=[16, 16]
[2026-05-30 10:22:52]     Test:  8 | counts=[4, 4]
[2026-05-30 10:22:52]     Model: SignalJEPA_PreLocal | Pretrained: from_pretrained | Strategy: new
[2026-05-30 10:22:52]     Normalization: none | fit_scope=none
[2026-05-30 10:22:52]     Phase 1 (new): 2,170/16,010 params
[2026-05-30 10:23:00]     Result | best_epoch=527 | stop=577 | final_phase_epochs=577 | acc=0.5000 | bal_acc=0.5000 | pred_hist=[4, 4] | collapse=False
[2026-05-30 10:23:00]     spatial_conv=[4, 29] top_abs_channels=[('C3', 0.15547499), ('T5', 0.14224955), ('Pz', 0.13204074), ('FCz', 0.12883297), ('C4', 0.12794659), ('P3', 0.12729487), ('O2', 0.11929439), ('O1', 0.11743261)]
[2026-05-30 10:23:00]     spatial_update=delta_l2=1.05800812 max_abs=0.24783707 relative=0.88649062 changed=True

[2026-05-30 10:23:01] Fold 5/5 | subject=36
[2026-05-30 10:23:01]     Train: 32 | counts=[16, 16]
[2026-05-30 10:23:01]     Test:  8 | counts=[4, 4]
[2026-05-30 10:23:01]     Model: SignalJEPA_PreLocal | Pretrained: from_pretrained | Strategy: new
[2026-05-30 10:23:01]     Normalization: none | fit_scope=none
[2026-05-30 10:23:01]     Phase 1 (new): 2,170/16,010 params
[2026-05-30 10:23:02]     Result | best_epoch=1 | stop=51 | final_phase_epochs=51 | acc=0.5000 | bal_acc=0.5000 | pred_hist=[0, 8] | collapse=True
[2026-05-30 10:23:02]     spatial_conv=[4, 29] top_abs_channels=[('Pz', 0.15341024), ('O2', 0.14413668), ('T3', 0.12735127), ('T4', 0.12232506), ('O1', 0.1218125), ('CP3', 0.12091976), ('C3', 0.11575517), ('Fp1', 0.10999638)]
[2026-05-30 10:23:02]     spatial_update=delta_l2=0.01139056 max_abs=0.00209358 relative=0.00954400 changed=True
[2026-05-30 10:23:02]   Subject 36: acc=0.4750±0.0500  bal_acc=0.4750±0.0500
[2026-05-30 10:23:02] \nSubject 37: 40 windows | class_counts=[20, 20]

[2026-05-30 10:23:02] Fold 1/5 | subject=37
[2026-05-30 10:23:02]     Train: 32 | counts=[16, 16]
[2026-05-30 10:23:02]     Test:  8 | counts=[4, 4]
[2026-05-30 10:23:02]     Model: SignalJEPA_PreLocal | Pretrained: from_pretrained | Strategy: new
[2026-05-30 10:23:02]     Normalization: none | fit_scope=none
[2026-05-30 10:23:02]     Phase 1 (new): 2,170/16,010 params
[2026-05-30 10:23:03]     Result | best_epoch=1 | stop=51 | final_phase_epochs=51 | acc=0.5000 | bal_acc=0.5000 | pred_hist=[0, 8] | collapse=True
[2026-05-30 10:23:03]     spatial_conv=[4, 29] top_abs_channels=[('Pz', 0.15279925), ('O2', 0.14401881), ('T3', 0.12749001), ('T4', 0.12173903), ('O1', 0.12150334), ('CP3', 0.12137173), ('C3', 0.11487602), ('CP4', 0.11114312)]
[2026-05-30 10:23:03]     spatial_update=delta_l2=0.01099077 max_abs=0.00214013 relative=0.00920902 changed=True

[2026-05-30 10:23:04] Fold 2/5 | subject=37
[2026-05-30 10:23:04]     Train: 32 | counts=[16, 16]
[2026-05-30 10:23:04]     Test:  8 | counts=[4, 4]
[2026-05-30 10:23:04]     Model: SignalJEPA_PreLocal | Pretrained: from_pretrained | Strategy: new
[2026-05-30 10:23:04]     Normalization: none | fit_scope=none
[2026-05-30 10:23:04]     Phase 1 (new): 2,170/16,010 params
[2026-05-30 10:23:04]     Result | best_epoch=1 | stop=51 | final_phase_epochs=51 | acc=0.5000 | bal_acc=0.5000 | pred_hist=[0, 8] | collapse=True
[2026-05-30 10:23:04]     spatial_conv=[4, 29] top_abs_channels=[('Pz', 0.15315874), ('O2', 0.14372042), ('T3', 0.12779823), ('O1', 0.1221085), ('T4', 0.12084672), ('CP3', 0.12053229), ('C3', 0.11532356), ('CP4', 0.11158603)]
[2026-05-30 10:23:04]     spatial_update=delta_l2=0.01377320 max_abs=0.00223309 relative=0.01154038 changed=True

[2026-05-30 10:23:05] Fold 3/5 | subject=37
[2026-05-30 10:23:05]     Train: 32 | counts=[16, 16]
[2026-05-30 10:23:05]     Test:  8 | counts=[4, 4]
[2026-05-30 10:23:05]     Model: SignalJEPA_PreLocal | Pretrained: from_pretrained | Strategy: new
[2026-05-30 10:23:05]     Normalization: none | fit_scope=none
[2026-05-30 10:23:05]     Phase 1 (new): 2,170/16,010 params
[2026-05-30 10:23:06]     Result | best_epoch=63 | stop=113 | final_phase_epochs=113 | acc=0.7500 | bal_acc=0.7500 | pred_hist=[6, 2] | collapse=False
[2026-05-30 10:23:06]     spatial_conv=[4, 29] top_abs_channels=[('F8', 0.14496444), ('O1', 0.13896832), ('Pz', 0.13854522), ('Fz', 0.13576117), ('O2', 0.12611254), ('T5', 0.12145295), ('T3', 0.11974083), ('CP3', 0.11173134)]
[2026-05-30 10:23:06]     spatial_update=delta_l2=0.42272321 max_abs=0.10008965 relative=0.35419403 changed=True

[2026-05-30 10:23:07] Fold 4/5 | subject=37
[2026-05-30 10:23:07]     Train: 32 | counts=[16, 16]
[2026-05-30 10:23:07]     Test:  8 | counts=[4, 4]
[2026-05-30 10:23:07]     Model: SignalJEPA_PreLocal | Pretrained: from_pretrained | Strategy: new
[2026-05-30 10:23:07]     Normalization: none | fit_scope=none
[2026-05-30 10:23:07]     Phase 1 (new): 2,170/16,010 params
[2026-05-30 10:23:08]     Result | best_epoch=30 | stop=80 | final_phase_epochs=80 | acc=0.6250 | bal_acc=0.6250 | pred_hist=[3, 5] | collapse=False
[2026-05-30 10:23:08]     spatial_conv=[4, 29] top_abs_channels=[('Pz', 0.15166754), ('T3', 0.15091836), ('O1', 0.13208403), ('O2', 0.13059247), ('Fp1', 0.12940592), ('Fz', 0.12933408), ('C3', 0.12264156), ('P3', 0.11795706)]
[2026-05-30 10:23:08]     spatial_update=delta_l2=0.26928443 max_abs=0.06081544 relative=0.22562976 changed=True

[2026-05-30 10:23:08] Fold 5/5 | subject=37
[2026-05-30 10:23:08]     Train: 32 | counts=[16, 16]
[2026-05-30 10:23:08]     Test:  8 | counts=[4, 4]
[2026-05-30 10:23:08]     Model: SignalJEPA_PreLocal | Pretrained: from_pretrained | Strategy: new
[2026-05-30 10:23:08]     Normalization: none | fit_scope=none
[2026-05-30 10:23:08]     Phase 1 (new): 2,170/16,010 params
[2026-05-30 10:23:09]     Result | best_epoch=23 | stop=72 | final_phase_epochs=72 | acc=0.5000 | bal_acc=0.5000 | pred_hist=[2, 6] | collapse=False
[2026-05-30 10:23:09]     spatial_conv=[4, 29] top_abs_channels=[('Pz', 0.14917943), ('T3', 0.14841586), ('O2', 0.13927466), ('O1', 0.12999219), ('CP4', 0.11706505), ('Fz', 0.11632739), ('Fp1', 0.11240163), ('P3', 0.11101421)]
[2026-05-30 10:23:09]     spatial_update=delta_l2=0.18765385 max_abs=0.04073649 relative=0.15723261 changed=True
[2026-05-30 10:23:09]   Subject 37: acc=0.5750±0.1000  bal_acc=0.5750±0.1000
[2026-05-30 10:23:09] \nSubject 38: 40 windows | class_counts=[20, 20]

[2026-05-30 10:23:10] Fold 1/5 | subject=38
[2026-05-30 10:23:10]     Train: 32 | counts=[16, 16]
[2026-05-30 10:23:10]     Test:  8 | counts=[4, 4]
[2026-05-30 10:23:10]     Model: SignalJEPA_PreLocal | Pretrained: from_pretrained | Strategy: new
[2026-05-30 10:23:10]     Normalization: none | fit_scope=none
[2026-05-30 10:23:10]     Phase 1 (new): 2,170/16,010 params
[2026-05-30 10:23:11]     Result | best_epoch=51 | stop=101 | final_phase_epochs=101 | acc=0.5000 | bal_acc=0.5000 | pred_hist=[6, 2] | collapse=False
[2026-05-30 10:23:11]     spatial_conv=[4, 29] top_abs_channels=[('Pz', 0.12459765), ('FCz', 0.12127598), ('CP3', 0.11602969), ('O2', 0.11517777), ('T3', 0.11159572), ('P4', 0.10824794), ('F3', 0.1062819), ('F7', 0.10496694)]
[2026-05-30 10:23:11]     spatial_update=delta_l2=0.50165251 max_abs=0.12109394 relative=0.42032782 changed=True

[2026-05-30 10:23:12] Fold 2/5 | subject=38
[2026-05-30 10:23:12]     Train: 32 | counts=[16, 16]
[2026-05-30 10:23:12]     Test:  8 | counts=[4, 4]
[2026-05-30 10:23:12]     Model: SignalJEPA_PreLocal | Pretrained: from_pretrained | Strategy: new
[2026-05-30 10:23:12]     Normalization: none | fit_scope=none
[2026-05-30 10:23:12]     Phase 1 (new): 2,170/16,010 params
[2026-05-30 10:23:13]     Result | best_epoch=53 | stop=103 | final_phase_epochs=103 | acc=0.6250 | bal_acc=0.6250 | pred_hist=[5, 3] | collapse=False
[2026-05-30 10:23:13]     spatial_conv=[4, 29] top_abs_channels=[('O2', 0.18103284), ('CP3', 0.13084668), ('Pz', 0.1286296), ('C3', 0.12135584), ('F7', 0.11923834), ('T3', 0.11185316), ('P4', 0.10671785), ('Fp1', 0.10647176)]
[2026-05-30 10:23:13]     spatial_update=delta_l2=0.53608859 max_abs=0.14304564 relative=0.44918134 changed=True

[2026-05-30 10:23:14] Fold 3/5 | subject=38
[2026-05-30 10:23:14]     Train: 32 | counts=[16, 16]
[2026-05-30 10:23:14]     Test:  8 | counts=[4, 4]
[2026-05-30 10:23:14]     Model: SignalJEPA_PreLocal | Pretrained: from_pretrained | Strategy: new
[2026-05-30 10:23:14]     Normalization: none | fit_scope=none
[2026-05-30 10:23:14]     Phase 1 (new): 2,170/16,010 params
[2026-05-30 10:23:15]     Result | best_epoch=74 | stop=124 | final_phase_epochs=124 | acc=0.7500 | bal_acc=0.7500 | pred_hist=[4, 4] | collapse=False
[2026-05-30 10:23:15]     spatial_conv=[4, 29] top_abs_channels=[('O2', 0.17099972), ('Pz', 0.14103734), ('T3', 0.1310831), ('O1', 0.12548262), ('P4', 0.12387671), ('CP3', 0.11874661), ('F7', 0.11814864), ('C3', 0.11404911)]
[2026-05-30 10:23:15]     spatial_update=delta_l2=0.58254677 max_abs=0.16372152 relative=0.48810802 changed=True

[2026-05-30 10:23:16] Fold 4/5 | subject=38
[2026-05-30 10:23:16]     Train: 32 | counts=[16, 16]
[2026-05-30 10:23:16]     Test:  8 | counts=[4, 4]
[2026-05-30 10:23:16]     Model: SignalJEPA_PreLocal | Pretrained: from_pretrained | Strategy: new
[2026-05-30 10:23:16]     Normalization: none | fit_scope=none
[2026-05-30 10:23:16]     Phase 1 (new): 2,170/16,010 params
[2026-05-30 10:23:17]     Result | best_epoch=50 | stop=100 | final_phase_epochs=100 | acc=0.8750 | bal_acc=0.8750 | pred_hist=[3, 5] | collapse=False
[2026-05-30 10:23:17]     spatial_conv=[4, 29] top_abs_channels=[('P4', 0.13725184), ('CP3', 0.12768111), ('O2', 0.12308124), ('Pz', 0.12159869), ('FCz', 0.11517778), ('CP4', 0.10749827), ('O1', 0.10660559), ('C3', 0.10466287)]
[2026-05-30 10:23:17]     spatial_update=delta_l2=0.43663810 max_abs=0.12791871 relative=0.36585313 changed=True

[2026-05-30 10:23:18] Fold 5/5 | subject=38
[2026-05-30 10:23:18]     Train: 32 | counts=[16, 16]
[2026-05-30 10:23:18]     Test:  8 | counts=[4, 4]
[2026-05-30 10:23:18]     Model: SignalJEPA_PreLocal | Pretrained: from_pretrained | Strategy: new
[2026-05-30 10:23:18]     Normalization: none | fit_scope=none
[2026-05-30 10:23:18]     Phase 1 (new): 2,170/16,010 params
[2026-05-30 10:23:20]     Result | best_epoch=89 | stop=139 | final_phase_epochs=139 | acc=0.8750 | bal_acc=0.8750 | pred_hist=[5, 3] | collapse=False
[2026-05-30 10:23:20]     spatial_conv=[4, 29] top_abs_channels=[('P4', 0.16742872), ('O2', 0.15124042), ('CP3', 0.13747558), ('T3', 0.12323837), ('Fz', 0.11799826), ('P3', 0.11787231), ('FT7', 0.11100435), ('Pz', 0.10786907)]
[2026-05-30 10:23:20]     spatial_update=delta_l2=0.68198126 max_abs=0.20217717 relative=0.57142283 changed=True
[2026-05-30 10:23:20]   Subject 38: acc=0.7250±0.1458  bal_acc=0.7250±0.1458
[2026-05-30 10:23:20] \nSubject 39: 40 windows | class_counts=[20, 20]

[2026-05-30 10:23:20] Fold 1/5 | subject=39
[2026-05-30 10:23:20]     Train: 32 | counts=[16, 16]
[2026-05-30 10:23:20]     Test:  8 | counts=[4, 4]
[2026-05-30 10:23:20]     Model: SignalJEPA_PreLocal | Pretrained: from_pretrained | Strategy: new
[2026-05-30 10:23:20]     Normalization: none | fit_scope=none
[2026-05-30 10:23:20]     Phase 1 (new): 2,170/16,010 params
[2026-05-30 10:23:25]     Result | best_epoch=274 | stop=324 | final_phase_epochs=324 | acc=0.3750 | bal_acc=0.3750 | pred_hist=[3, 5] | collapse=False
[2026-05-30 10:23:25]     spatial_conv=[4, 29] top_abs_channels=[('T4', 0.18241742), ('CP3', 0.17101575), ('O1', 0.15742651), ('CP4', 0.14835379), ('T6', 0.12865111), ('Fz', 0.11767343), ('TP8', 0.11468936), ('P3', 0.11157763)]
[2026-05-30 10:23:25]     spatial_update=delta_l2=0.92920271 max_abs=0.19901132 relative=0.77856632 changed=True

[2026-05-30 10:23:25] Fold 2/5 | subject=39
[2026-05-30 10:23:25]     Train: 32 | counts=[16, 16]
[2026-05-30 10:23:25]     Test:  8 | counts=[4, 4]
[2026-05-30 10:23:25]     Model: SignalJEPA_PreLocal | Pretrained: from_pretrained | Strategy: new
[2026-05-30 10:23:25]     Normalization: none | fit_scope=none
[2026-05-30 10:23:25]     Phase 1 (new): 2,170/16,010 params
[2026-05-30 10:23:28]     Result | best_epoch=136 | stop=186 | final_phase_epochs=186 | acc=0.3750 | bal_acc=0.3750 | pred_hist=[5, 3] | collapse=False
[2026-05-30 10:23:28]     spatial_conv=[4, 29] top_abs_channels=[('O2', 0.17191997), ('Fz', 0.16088292), ('Pz', 0.14335008), ('CP3', 0.13830233), ('CP4', 0.13049126), ('FCz', 0.12080902), ('F7', 0.11641818), ('Cz', 0.11229097)]
[2026-05-30 10:23:28]     spatial_update=delta_l2=0.60047863 max_abs=0.13652386 relative=0.50313288 changed=True

[2026-05-30 10:23:28] Fold 3/5 | subject=39
[2026-05-30 10:23:28]     Train: 32 | counts=[16, 16]
[2026-05-30 10:23:28]     Test:  8 | counts=[4, 4]
[2026-05-30 10:23:28]     Model: SignalJEPA_PreLocal | Pretrained: from_pretrained | Strategy: new
[2026-05-30 10:23:28]     Normalization: none | fit_scope=none
[2026-05-30 10:23:28]     Phase 1 (new): 2,170/16,010 params
[2026-05-30 10:23:31]     Result | best_epoch=171 | stop=221 | final_phase_epochs=221 | acc=0.7500 | bal_acc=0.7500 | pred_hist=[4, 4] | collapse=False
[2026-05-30 10:23:31]     spatial_conv=[4, 29] top_abs_channels=[('O2', 0.20387386), ('T4', 0.15299088), ('Fz', 0.14155406), ('CP3', 0.13585728), ('O1', 0.13495959), ('CP4', 0.12819062), ('Pz', 0.1052407), ('T6', 0.10400167)]
[2026-05-30 10:23:31]     spatial_update=delta_l2=0.73167198 max_abs=0.17315926 relative=0.61305801 changed=True

[2026-05-30 10:23:32] Fold 4/5 | subject=39
[2026-05-30 10:23:32]     Train: 32 | counts=[16, 16]
[2026-05-30 10:23:32]     Test:  8 | counts=[4, 4]
[2026-05-30 10:23:32]     Model: SignalJEPA_PreLocal | Pretrained: from_pretrained | Strategy: new
[2026-05-30 10:23:32]     Normalization: none | fit_scope=none
[2026-05-30 10:23:32]     Phase 1 (new): 2,170/16,010 params
[2026-05-30 10:23:33]     Result | best_epoch=1 | stop=51 | final_phase_epochs=51 | acc=0.5000 | bal_acc=0.5000 | pred_hist=[0, 8] | collapse=True
[2026-05-30 10:23:33]     spatial_conv=[4, 29] top_abs_channels=[('Pz', 0.15344436), ('O2', 0.14414972), ('T3', 0.12731197), ('T4', 0.12192519), ('O1', 0.12157676), ('CP3', 0.12059896), ('C3', 0.11520185), ('CP4', 0.11088905)]
[2026-05-30 10:23:33]     spatial_update=delta_l2=0.01147988 max_abs=0.00228755 relative=0.00961884 changed=True

[2026-05-30 10:23:33] Fold 5/5 | subject=39
[2026-05-30 10:23:33]     Train: 32 | counts=[16, 16]
[2026-05-30 10:23:33]     Test:  8 | counts=[4, 4]
[2026-05-30 10:23:33]     Model: SignalJEPA_PreLocal | Pretrained: from_pretrained | Strategy: new
[2026-05-30 10:23:33]     Normalization: none | fit_scope=none
[2026-05-30 10:23:33]     Phase 1 (new): 2,170/16,010 params
[2026-05-30 10:23:34]     Result | best_epoch=4 | stop=54 | final_phase_epochs=54 | acc=0.6250 | bal_acc=0.6250 | pred_hist=[1, 7] | collapse=False
[2026-05-30 10:23:34]     spatial_conv=[4, 29] top_abs_channels=[('Pz', 0.15489167), ('O2', 0.14393221), ('T3', 0.12877633), ('T4', 0.12300368), ('O1', 0.12226304), ('CP3', 0.11974361), ('C3', 0.11699982), ('CP4', 0.11065879)]
[2026-05-30 10:23:34]     spatial_update=delta_l2=0.04270188 max_abs=0.00798574 relative=0.03577933 changed=True
[2026-05-30 10:23:34]   Subject 39: acc=0.5250±0.1458  bal_acc=0.5250±0.1458
[2026-05-30 10:23:34] \nSubject 40: 40 windows | class_counts=[20, 20]

[2026-05-30 10:23:35] Fold 1/5 | subject=40
[2026-05-30 10:23:35]     Train: 32 | counts=[16, 16]
[2026-05-30 10:23:35]     Test:  8 | counts=[4, 4]
[2026-05-30 10:23:35]     Model: SignalJEPA_PreLocal | Pretrained: from_pretrained | Strategy: new
[2026-05-30 10:23:35]     Normalization: none | fit_scope=none
[2026-05-30 10:23:35]     Phase 1 (new): 2,170/16,010 params
[2026-05-30 10:23:36]     Result | best_epoch=39 | stop=87 | final_phase_epochs=87 | acc=0.3750 | bal_acc=0.3750 | pred_hist=[5, 3] | collapse=False
[2026-05-30 10:23:36]     spatial_conv=[4, 29] top_abs_channels=[('Pz', 0.17606646), ('O2', 0.13878688), ('T3', 0.12679921), ('O1', 0.12076974), ('FCz', 0.11562321), ('Fp1', 0.11419271), ('T4', 0.11133506), ('P3', 0.11081012)]
[2026-05-30 10:23:36]     spatial_update=delta_l2=0.27646834 max_abs=0.07154303 relative=0.23164906 changed=True

[2026-05-30 10:23:36] Fold 2/5 | subject=40
[2026-05-30 10:23:36]     Train: 32 | counts=[16, 16]
[2026-05-30 10:23:36]     Test:  8 | counts=[4, 4]
[2026-05-30 10:23:36]     Model: SignalJEPA_PreLocal | Pretrained: from_pretrained | Strategy: new
[2026-05-30 10:23:36]     Normalization: none | fit_scope=none
[2026-05-30 10:23:36]     Phase 1 (new): 2,170/16,010 params
[2026-05-30 10:23:43]     Result | best_epoch=410 | stop=460 | final_phase_epochs=460 | acc=0.6250 | bal_acc=0.6250 | pred_hist=[5, 3] | collapse=False
[2026-05-30 10:23:43]     spatial_conv=[4, 29] top_abs_channels=[('Pz', 0.19375648), ('P3', 0.15566486), ('O2', 0.14798006), ('T6', 0.14622363), ('CP3', 0.13799438), ('F7', 0.13531324), ('T3', 0.11843519), ('FCz', 0.11614759)]
[2026-05-30 10:23:43]     spatial_update=delta_l2=0.92787648 max_abs=0.31879744 relative=0.77745509 changed=True

[2026-05-30 10:23:43] Fold 3/5 | subject=40
[2026-05-30 10:23:43]     Train: 32 | counts=[16, 16]
[2026-05-30 10:23:43]     Test:  8 | counts=[4, 4]
[2026-05-30 10:23:43]     Model: SignalJEPA_PreLocal | Pretrained: from_pretrained | Strategy: new
[2026-05-30 10:23:43]     Normalization: none | fit_scope=none
[2026-05-30 10:23:43]     Phase 1 (new): 2,170/16,010 params
[2026-05-30 10:23:44]     Result | best_epoch=1 | stop=51 | final_phase_epochs=51 | acc=0.5000 | bal_acc=0.5000 | pred_hist=[0, 8] | collapse=True
[2026-05-30 10:23:44]     spatial_conv=[4, 29] top_abs_channels=[('Pz', 0.15300661), ('O2', 0.14444569), ('T3', 0.12727863), ('T4', 0.12191534), ('CP3', 0.12124714), ('O1', 0.12086748), ('C3', 0.11435772), ('CP4', 0.10975604)]
[2026-05-30 10:23:44]     spatial_update=delta_l2=0.01117429 max_abs=0.00206006 relative=0.00936279 changed=True

[2026-05-30 10:23:44] Fold 4/5 | subject=40
[2026-05-30 10:23:44]     Train: 32 | counts=[16, 16]
[2026-05-30 10:23:44]     Test:  8 | counts=[4, 4]
[2026-05-30 10:23:44]     Model: SignalJEPA_PreLocal | Pretrained: from_pretrained | Strategy: new
[2026-05-30 10:23:44]     Normalization: none | fit_scope=none
[2026-05-30 10:23:44]     Phase 1 (new): 2,170/16,010 params
[2026-05-30 10:23:49]     Result | best_epoch=298 | stop=348 | final_phase_epochs=348 | acc=0.5000 | bal_acc=0.5000 | pred_hist=[4, 4] | collapse=False
[2026-05-30 10:23:49]     spatial_conv=[4, 29] top_abs_channels=[('T6', 0.18344128), ('Pz', 0.16171393), ('O2', 0.1453321), ('F3', 0.13009605), ('CP3', 0.12553655), ('FCz', 0.11336271), ('CP4', 0.10509517), ('T4', 0.10083801)]
[2026-05-30 10:23:49]     spatial_update=delta_l2=0.94800007 max_abs=0.26359846 relative=0.79431638 changed=True

[2026-05-30 10:23:50] Fold 5/5 | subject=40
[2026-05-30 10:23:50]     Train: 32 | counts=[16, 16]
[2026-05-30 10:23:50]     Test:  8 | counts=[4, 4]
[2026-05-30 10:23:50]     Model: SignalJEPA_PreLocal | Pretrained: from_pretrained | Strategy: new
[2026-05-30 10:23:50]     Normalization: none | fit_scope=none
[2026-05-30 10:23:50]     Phase 1 (new): 2,170/16,010 params
[2026-05-30 10:23:50]     Result | best_epoch=1 | stop=51 | final_phase_epochs=51 | acc=0.5000 | bal_acc=0.5000 | pred_hist=[0, 8] | collapse=True
[2026-05-30 10:23:50]     spatial_conv=[4, 29] top_abs_channels=[('Pz', 0.15322812), ('O2', 0.14459184), ('T3', 0.12765732), ('T4', 0.12165719), ('O1', 0.12154789), ('CP3', 0.12037648), ('C3', 0.11492568), ('CP4', 0.11133703)]
[2026-05-30 10:23:50]     spatial_update=delta_l2=0.00986235 max_abs=0.00199612 relative=0.00826353 changed=True
[2026-05-30 10:23:50]   Subject 40: acc=0.5000±0.0791  bal_acc=0.5000±0.0791
[2026-05-30 10:23:50] \nSubject 41: 40 windows | class_counts=[20, 20]

[2026-05-30 10:23:51] Fold 1/5 | subject=41
[2026-05-30 10:23:51]     Train: 32 | counts=[16, 16]
[2026-05-30 10:23:51]     Test:  8 | counts=[4, 4]
[2026-05-30 10:23:51]     Model: SignalJEPA_PreLocal | Pretrained: from_pretrained | Strategy: new
[2026-05-30 10:23:51]     Normalization: none | fit_scope=none
[2026-05-30 10:23:51]     Phase 1 (new): 2,170/16,010 params
[2026-05-30 10:23:53]     Result | best_epoch=118 | stop=167 | final_phase_epochs=167 | acc=0.3750 | bal_acc=0.3750 | pred_hist=[5, 3] | collapse=False
[2026-05-30 10:23:53]     spatial_conv=[4, 29] top_abs_channels=[('FCz', 0.14462954), ('F4', 0.14204413), ('CP3', 0.13621488), ('Fz', 0.13455808), ('O1', 0.13156223), ('T4', 0.13070799), ('Pz', 0.12327312), ('T3', 0.11920455)]
[2026-05-30 10:23:53]     spatial_update=delta_l2=0.55102952 max_abs=0.14386702 relative=0.46170015 changed=True

[2026-05-30 10:23:54] Fold 2/5 | subject=41
[2026-05-30 10:23:54]     Train: 32 | counts=[16, 16]
[2026-05-30 10:23:54]     Test:  8 | counts=[4, 4]
[2026-05-30 10:23:54]     Model: SignalJEPA_PreLocal | Pretrained: from_pretrained | Strategy: new
[2026-05-30 10:23:54]     Normalization: none | fit_scope=none
[2026-05-30 10:23:54]     Phase 1 (new): 2,170/16,010 params
[2026-05-30 10:23:54]     Result | best_epoch=1 | stop=51 | final_phase_epochs=51 | acc=0.5000 | bal_acc=0.5000 | pred_hist=[0, 8] | collapse=True
[2026-05-30 10:23:54]     spatial_conv=[4, 29] top_abs_channels=[('Pz', 0.15448187), ('O2', 0.1430894), ('T3', 0.12670007), ('O1', 0.1227593), ('T4', 0.12210544), ('CP3', 0.12177591), ('C3', 0.11558023), ('CP4', 0.11176027)]
[2026-05-30 10:23:54]     spatial_update=delta_l2=0.01179399 max_abs=0.00212230 relative=0.00988203 changed=True

[2026-05-30 10:23:55] Fold 3/5 | subject=41
[2026-05-30 10:23:55]     Train: 32 | counts=[16, 16]
[2026-05-30 10:23:55]     Test:  8 | counts=[4, 4]
[2026-05-30 10:23:55]     Model: SignalJEPA_PreLocal | Pretrained: from_pretrained | Strategy: new
[2026-05-30 10:23:55]     Normalization: none | fit_scope=none
[2026-05-30 10:23:55]     Phase 1 (new): 2,170/16,010 params
[2026-05-30 10:23:57]     Result | best_epoch=116 | stop=166 | final_phase_epochs=166 | acc=0.6250 | bal_acc=0.6250 | pred_hist=[7, 1] | collapse=False
[2026-05-30 10:23:57]     spatial_conv=[4, 29] top_abs_channels=[('O1', 0.18675235), ('CP3', 0.14566094), ('T5', 0.13776915), ('Fz', 0.1309132), ('T4', 0.1263535), ('FT7', 0.12341992), ('TP8', 0.11565363), ('CP4', 0.1131792)]
[2026-05-30 10:23:57]     spatial_update=delta_l2=0.57558465 max_abs=0.15537493 relative=0.48227456 changed=True

[2026-05-30 10:23:58] Fold 4/5 | subject=41
[2026-05-30 10:23:58]     Train: 32 | counts=[16, 16]
[2026-05-30 10:23:58]     Test:  8 | counts=[4, 4]
[2026-05-30 10:23:58]     Model: SignalJEPA_PreLocal | Pretrained: from_pretrained | Strategy: new
[2026-05-30 10:23:58]     Normalization: none | fit_scope=none
[2026-05-30 10:23:58]     Phase 1 (new): 2,170/16,010 params
[2026-05-30 10:23:58]     Result | best_epoch=1 | stop=51 | final_phase_epochs=51 | acc=0.5000 | bal_acc=0.5000 | pred_hist=[0, 8] | collapse=True
[2026-05-30 10:23:58]     spatial_conv=[4, 29] top_abs_channels=[('Pz', 0.15339941), ('O2', 0.14371973), ('T3', 0.12662722), ('O1', 0.12206476), ('T4', 0.12188818), ('CP3', 0.12133054), ('C3', 0.11493804), ('CP4', 0.11139098)]
[2026-05-30 10:23:58]     spatial_update=delta_l2=0.01214250 max_abs=0.00234368 relative=0.01017404 changed=True

[2026-05-30 10:23:59] Fold 5/5 | subject=41
[2026-05-30 10:23:59]     Train: 32 | counts=[16, 16]
[2026-05-30 10:23:59]     Test:  8 | counts=[4, 4]
[2026-05-30 10:23:59]     Model: SignalJEPA_PreLocal | Pretrained: from_pretrained | Strategy: new
[2026-05-30 10:23:59]     Normalization: none | fit_scope=none
[2026-05-30 10:23:59]     Phase 1 (new): 2,170/16,010 params
[2026-05-30 10:24:02]     Result | best_epoch=159 | stop=209 | final_phase_epochs=209 | acc=0.2500 | bal_acc=0.2500 | pred_hist=[4, 4] | collapse=False
[2026-05-30 10:24:02]     spatial_conv=[4, 29] top_abs_channels=[('P3', 0.15805264), ('O2', 0.15065293), ('O1', 0.14064392), ('Cz', 0.13390148), ('F4', 0.1337783), ('CP3', 0.1300855), ('Fz', 0.12418377), ('Pz', 0.12139389)]
[2026-05-30 10:24:02]     spatial_update=delta_l2=0.62750657 max_abs=0.14628293 relative=0.52577923 changed=True
[2026-05-30 10:24:02]   Subject 41: acc=0.4500±0.1275  bal_acc=0.4500±0.1275
[2026-05-30 10:24:02] \nSubject 42: 40 windows | class_counts=[20, 20]

[2026-05-30 10:24:02] Fold 1/5 | subject=42
[2026-05-30 10:24:02]     Train: 32 | counts=[16, 16]
[2026-05-30 10:24:02]     Test:  8 | counts=[4, 4]
[2026-05-30 10:24:02]     Model: SignalJEPA_PreLocal | Pretrained: from_pretrained | Strategy: new
[2026-05-30 10:24:02]     Normalization: none | fit_scope=none
[2026-05-30 10:24:02]     Phase 1 (new): 2,170/16,010 params
[2026-05-30 10:24:03]     Result | best_epoch=41 | stop=91 | final_phase_epochs=91 | acc=0.7500 | bal_acc=0.7500 | pred_hist=[2, 6] | collapse=False
[2026-05-30 10:24:03]     spatial_conv=[4, 29] top_abs_channels=[('Pz', 0.1688109), ('O2', 0.14945401), ('P4', 0.13860704), ('FCz', 0.12003515), ('CP3', 0.11842209), ('O1', 0.11435889), ('T4', 0.11115333), ('F4', 0.10780282)]
[2026-05-30 10:24:03]     spatial_update=delta_l2=0.37928694 max_abs=0.07803094 relative=0.31779937 changed=True

[2026-05-30 10:24:04] Fold 2/5 | subject=42
[2026-05-30 10:24:04]     Train: 32 | counts=[16, 16]
[2026-05-30 10:24:04]     Test:  8 | counts=[4, 4]
[2026-05-30 10:24:04]     Model: SignalJEPA_PreLocal | Pretrained: from_pretrained | Strategy: new
[2026-05-30 10:24:04]     Normalization: none | fit_scope=none
[2026-05-30 10:24:04]     Phase 1 (new): 2,170/16,010 params
[2026-05-30 10:24:09]     Result | best_epoch=303 | stop=353 | final_phase_epochs=353 | acc=0.8750 | bal_acc=0.8750 | pred_hist=[3, 5] | collapse=False
[2026-05-30 10:24:09]     spatial_conv=[4, 29] top_abs_channels=[('CP3', 0.1510628), ('P3', 0.15009424), ('FT8', 0.144071), ('P4', 0.14319864), ('T4', 0.14031829), ('F7', 0.11974426), ('Fp1', 0.1130693), ('O2', 0.1127144)]
[2026-05-30 10:24:09]     spatial_update=delta_l2=0.87815922 max_abs=0.20381347 relative=0.73579767 changed=True

[2026-05-30 10:24:09] Fold 3/5 | subject=42
[2026-05-30 10:24:09]     Train: 32 | counts=[16, 16]
[2026-05-30 10:24:09]     Test:  8 | counts=[4, 4]
[2026-05-30 10:24:09]     Model: SignalJEPA_PreLocal | Pretrained: from_pretrained | Strategy: new
[2026-05-30 10:24:09]     Normalization: none | fit_scope=none
[2026-05-30 10:24:09]     Phase 1 (new): 2,170/16,010 params
[2026-05-30 10:24:14]     Result | best_epoch=286 | stop=334 | final_phase_epochs=334 | acc=0.6250 | bal_acc=0.6250 | pred_hist=[5, 3] | collapse=False
[2026-05-30 10:24:14]     spatial_conv=[4, 29] top_abs_channels=[('FT8', 0.22105527), ('C3', 0.18766242), ('CP3', 0.12934346), ('Pz', 0.1237867), ('Fz', 0.12262841), ('CP4', 0.11882558), ('FC3', 0.10571296), ('T4', 0.10456358)]
[2026-05-30 10:24:14]     spatial_update=delta_l2=1.01981590 max_abs=0.25296967 relative=0.85448988 changed=True

[2026-05-30 10:24:14] Fold 4/5 | subject=42
[2026-05-30 10:24:14]     Train: 32 | counts=[16, 16]
[2026-05-30 10:24:14]     Test:  8 | counts=[4, 4]
[2026-05-30 10:24:14]     Model: SignalJEPA_PreLocal | Pretrained: from_pretrained | Strategy: new
[2026-05-30 10:24:14]     Normalization: none | fit_scope=none
[2026-05-30 10:24:14]     Phase 1 (new): 2,170/16,010 params
[2026-05-30 10:24:15]     Result | best_epoch=3 | stop=52 | final_phase_epochs=52 | acc=0.5000 | bal_acc=0.5000 | pred_hist=[0, 8] | collapse=True
[2026-05-30 10:24:15]     spatial_conv=[4, 29] top_abs_channels=[('Pz', 0.15471123), ('O2', 0.1422939), ('T3', 0.12695484), ('CP3', 0.12226821), ('O1', 0.12191424), ('T4', 0.12175302), ('C3', 0.11445074), ('CP4', 0.11131621)]
[2026-05-30 10:24:15]     spatial_update=delta_l2=0.01919045 max_abs=0.00451635 relative=0.01607941 changed=True

[2026-05-30 10:24:16] Fold 5/5 | subject=42
[2026-05-30 10:24:16]     Train: 32 | counts=[16, 16]
[2026-05-30 10:24:16]     Test:  8 | counts=[4, 4]
[2026-05-30 10:24:16]     Model: SignalJEPA_PreLocal | Pretrained: from_pretrained | Strategy: new
[2026-05-30 10:24:16]     Normalization: none | fit_scope=none
[2026-05-30 10:24:16]     Phase 1 (new): 2,170/16,010 params
[2026-05-30 10:24:17]     Result | best_epoch=29 | stop=79 | final_phase_epochs=79 | acc=0.7500 | bal_acc=0.7500 | pred_hist=[6, 2] | collapse=False
[2026-05-30 10:24:17]     spatial_conv=[4, 29] top_abs_channels=[('Pz', 0.15238819), ('P3', 0.13854395), ('O2', 0.13706596), ('T4', 0.13598357), ('CP3', 0.13516161), ('Fp1', 0.12444962), ('O1', 0.11789489), ('FCz', 0.11531697)]
[2026-05-30 10:24:17]     spatial_update=delta_l2=0.23988923 max_abs=0.05949069 relative=0.20099993 changed=True
[2026-05-30 10:24:17]   Subject 42: acc=0.7000±0.1275  bal_acc=0.7000±0.1275
[2026-05-30 10:24:17] \nSubject 43: 40 windows | class_counts=[20, 20]

[2026-05-30 10:24:17] Fold 1/5 | subject=43
[2026-05-30 10:24:17]     Train: 32 | counts=[16, 16]
[2026-05-30 10:24:17]     Test:  8 | counts=[4, 4]
[2026-05-30 10:24:17]     Model: SignalJEPA_PreLocal | Pretrained: from_pretrained | Strategy: new
[2026-05-30 10:24:17]     Normalization: none | fit_scope=none
[2026-05-30 10:24:17]     Phase 1 (new): 2,170/16,010 params
[2026-05-30 10:24:19]     Result | best_epoch=43 | stop=91 | final_phase_epochs=91 | acc=0.6250 | bal_acc=0.6250 | pred_hist=[7, 1] | collapse=False
[2026-05-30 10:24:19]     spatial_conv=[4, 29] top_abs_channels=[('O2', 0.16257077), ('CP3', 0.13645327), ('T3', 0.1355217), ('Pz', 0.13441482), ('O1', 0.13346224), ('F4', 0.12692083), ('T4', 0.11808851), ('CP4', 0.11806273)]
[2026-05-30 10:24:19]     spatial_update=delta_l2=0.34629149 max_abs=0.07815874 relative=0.29015293 changed=True

[2026-05-30 10:24:19] Fold 2/5 | subject=43
[2026-05-30 10:24:19]     Train: 32 | counts=[16, 16]
[2026-05-30 10:24:19]     Test:  8 | counts=[4, 4]
[2026-05-30 10:24:19]     Model: SignalJEPA_PreLocal | Pretrained: from_pretrained | Strategy: new
[2026-05-30 10:24:19]     Normalization: none | fit_scope=none
[2026-05-30 10:24:19]     Phase 1 (new): 2,170/16,010 params
[2026-05-30 10:24:20]     Result | best_epoch=1 | stop=51 | final_phase_epochs=51 | acc=0.5000 | bal_acc=0.5000 | pred_hist=[0, 8] | collapse=True
[2026-05-30 10:24:20]     spatial_conv=[4, 29] top_abs_channels=[('Pz', 0.15278247), ('O2', 0.14420331), ('T3', 0.12658474), ('O1', 0.1223454), ('T4', 0.12181411), ('CP3', 0.12096138), ('C3', 0.11553801), ('CP4', 0.11029695)]
[2026-05-30 10:24:20]     spatial_update=delta_l2=0.01289206 max_abs=0.00219140 relative=0.01080208 changed=True

[2026-05-30 10:24:20] Fold 3/5 | subject=43
[2026-05-30 10:24:20]     Train: 32 | counts=[16, 16]
[2026-05-30 10:24:20]     Test:  8 | counts=[4, 4]
[2026-05-30 10:24:20]     Model: SignalJEPA_PreLocal | Pretrained: from_pretrained | Strategy: new
[2026-05-30 10:24:20]     Normalization: none | fit_scope=none
[2026-05-30 10:24:20]     Phase 1 (new): 2,170/16,010 params
[2026-05-30 10:24:21]     Result | best_epoch=1 | stop=51 | final_phase_epochs=51 | acc=0.5000 | bal_acc=0.5000 | pred_hist=[0, 8] | collapse=True
[2026-05-30 10:24:21]     spatial_conv=[4, 29] top_abs_channels=[('Pz', 0.15277733), ('O2', 0.14402179), ('T3', 0.12610048), ('O1', 0.12201805), ('T4', 0.12173811), ('CP3', 0.12158467), ('C3', 0.11488841), ('CP4', 0.11019237)]
[2026-05-30 10:24:21]     spatial_update=delta_l2=0.01397414 max_abs=0.00228399 relative=0.01170874 changed=True

[2026-05-30 10:24:21] Fold 4/5 | subject=43
[2026-05-30 10:24:21]     Train: 32 | counts=[16, 16]
[2026-05-30 10:24:21]     Test:  8 | counts=[4, 4]
[2026-05-30 10:24:21]     Model: SignalJEPA_PreLocal | Pretrained: from_pretrained | Strategy: new
[2026-05-30 10:24:21]     Normalization: none | fit_scope=none
[2026-05-30 10:24:21]     Phase 1 (new): 2,170/16,010 params
[2026-05-30 10:24:22]     Result | best_epoch=2 | stop=51 | final_phase_epochs=51 | acc=0.5000 | bal_acc=0.5000 | pred_hist=[0, 8] | collapse=True
[2026-05-30 10:24:22]     spatial_conv=[4, 29] top_abs_channels=[('Pz', 0.15289962), ('O2', 0.14399092), ('T3', 0.12579469), ('T4', 0.12251254), ('O1', 0.12188992), ('CP3', 0.12168542), ('C3', 0.11387326), ('CP4', 0.11058611)]
[2026-05-30 10:24:22]     spatial_update=delta_l2=0.01020080 max_abs=0.00219457 relative=0.00854711 changed=True

[2026-05-30 10:24:23] Fold 5/5 | subject=43
[2026-05-30 10:24:23]     Train: 32 | counts=[16, 16]
[2026-05-30 10:24:23]     Test:  8 | counts=[4, 4]
[2026-05-30 10:24:23]     Model: SignalJEPA_PreLocal | Pretrained: from_pretrained | Strategy: new
[2026-05-30 10:24:23]     Normalization: none | fit_scope=none
[2026-05-30 10:24:23]     Phase 1 (new): 2,170/16,010 params
[2026-05-30 10:24:23]     Result | best_epoch=1 | stop=51 | final_phase_epochs=51 | acc=0.6250 | bal_acc=0.6250 | pred_hist=[1, 7] | collapse=False
[2026-05-30 10:24:23]     spatial_conv=[4, 29] top_abs_channels=[('Pz', 0.1526788), ('O2', 0.14449263), ('T3', 0.12663457), ('T4', 0.12267479), ('O1', 0.12175193), ('CP3', 0.12168324), ('C3', 0.11493488), ('CP4', 0.11021303)]
[2026-05-30 10:24:23]     spatial_update=delta_l2=0.01085575 max_abs=0.00227174 relative=0.00909589 changed=True
[2026-05-30 10:24:23]   Subject 43: acc=0.5500±0.0612  bal_acc=0.5500±0.0612
[2026-05-30 10:24:23] \nSubject 44: 40 windows | class_counts=[20, 20]

[2026-05-30 10:24:24] Fold 1/5 | subject=44
[2026-05-30 10:24:24]     Train: 32 | counts=[16, 16]
[2026-05-30 10:24:24]     Test:  8 | counts=[4, 4]
[2026-05-30 10:24:24]     Model: SignalJEPA_PreLocal | Pretrained: from_pretrained | Strategy: new
[2026-05-30 10:24:24]     Normalization: none | fit_scope=none
[2026-05-30 10:24:24]     Phase 1 (new): 2,170/16,010 params
[2026-05-30 10:24:27]     Result | best_epoch=172 | stop=222 | final_phase_epochs=222 | acc=0.3750 | bal_acc=0.3750 | pred_hist=[5, 3] | collapse=False
[2026-05-30 10:24:27]     spatial_conv=[4, 29] top_abs_channels=[('C3', 0.18802159), ('TP7', 0.15229622), ('CP3', 0.14560916), ('FT8', 0.14350569), ('F4', 0.12014895), ('P4', 0.11901465), ('P3', 0.11547183), ('FC4', 0.11403675)]
[2026-05-30 10:24:27]     spatial_update=delta_l2=0.93787822 max_abs=0.23915548 relative=0.78583541 changed=True

[2026-05-30 10:24:27] Fold 2/5 | subject=44
[2026-05-30 10:24:27]     Train: 32 | counts=[16, 16]
[2026-05-30 10:24:27]     Test:  8 | counts=[4, 4]
[2026-05-30 10:24:27]     Model: SignalJEPA_PreLocal | Pretrained: from_pretrained | Strategy: new
[2026-05-30 10:24:27]     Normalization: none | fit_scope=none
[2026-05-30 10:24:27]     Phase 1 (new): 2,170/16,010 params
[2026-05-30 10:24:31]     Result | best_epoch=220 | stop=270 | final_phase_epochs=270 | acc=0.6250 | bal_acc=0.6250 | pred_hist=[3, 5] | collapse=False
[2026-05-30 10:24:31]     spatial_conv=[4, 29] top_abs_channels=[('CP3', 0.18358332), ('O2', 0.16050455), ('Cz', 0.15467982), ('P4', 0.14045691), ('F4', 0.131465), ('FT8', 0.12900876), ('FC4', 0.12787747), ('FCz', 0.11223489)]
[2026-05-30 10:24:31]     spatial_update=delta_l2=1.08770308 max_abs=0.36869761 relative=0.91137162 changed=True

[2026-05-30 10:24:32] Fold 3/5 | subject=44
[2026-05-30 10:24:32]     Train: 32 | counts=[16, 16]
[2026-05-30 10:24:32]     Test:  8 | counts=[4, 4]
[2026-05-30 10:24:32]     Model: SignalJEPA_PreLocal | Pretrained: from_pretrained | Strategy: new
[2026-05-30 10:24:32]     Normalization: none | fit_scope=none
[2026-05-30 10:24:32]     Phase 1 (new): 2,170/16,010 params
[2026-05-30 10:24:33]     Result | best_epoch=36 | stop=86 | final_phase_epochs=86 | acc=0.7500 | bal_acc=0.7500 | pred_hist=[2, 6] | collapse=False
[2026-05-30 10:24:33]     spatial_conv=[4, 29] top_abs_channels=[('Pz', 0.1562742), ('C3', 0.13754296), ('O2', 0.12773541), ('Fp1', 0.12046823), ('P3', 0.11789665), ('F4', 0.11228809), ('CP3', 0.11033105), ('CP4', 0.11000961)]
[2026-05-30 10:24:33]     spatial_update=delta_l2=0.37951594 max_abs=0.08331710 relative=0.31799125 changed=True

[2026-05-30 10:24:33] Fold 4/5 | subject=44
[2026-05-30 10:24:33]     Train: 32 | counts=[16, 16]
[2026-05-30 10:24:33]     Test:  8 | counts=[4, 4]
[2026-05-30 10:24:33]     Model: SignalJEPA_PreLocal | Pretrained: from_pretrained | Strategy: new
[2026-05-30 10:24:33]     Normalization: none | fit_scope=none
[2026-05-30 10:24:33]     Phase 1 (new): 2,170/16,010 params
[2026-05-30 10:24:35]     Result | best_epoch=70 | stop=120 | final_phase_epochs=120 | acc=0.7500 | bal_acc=0.7500 | pred_hist=[6, 2] | collapse=False
[2026-05-30 10:24:35]     spatial_conv=[4, 29] top_abs_channels=[('O2', 0.16006851), ('CP4', 0.15026668), ('C3', 0.14085911), ('Pz', 0.13840967), ('FC4', 0.13112724), ('CP3', 0.12897444), ('Fp1', 0.12138391), ('F4', 0.1165193)]
[2026-05-30 10:24:35]     spatial_update=delta_l2=0.66936160 max_abs=0.15918624 relative=0.56084898 changed=True

[2026-05-30 10:24:35] Fold 5/5 | subject=44
[2026-05-30 10:24:35]     Train: 32 | counts=[16, 16]
[2026-05-30 10:24:35]     Test:  8 | counts=[4, 4]
[2026-05-30 10:24:35]     Model: SignalJEPA_PreLocal | Pretrained: from_pretrained | Strategy: new
[2026-05-30 10:24:35]     Normalization: none | fit_scope=none
[2026-05-30 10:24:35]     Phase 1 (new): 2,170/16,010 params
[2026-05-30 10:24:38]     Result | best_epoch=144 | stop=194 | final_phase_epochs=194 | acc=0.7500 | bal_acc=0.7500 | pred_hist=[4, 4] | collapse=False
[2026-05-30 10:24:38]     spatial_conv=[4, 29] top_abs_channels=[('Cz', 0.20334427), ('F4', 0.16062383), ('FC4', 0.15178154), ('C3', 0.14661571), ('O2', 0.13730708), ('Fp1', 0.12813191), ('T5', 0.12769485), ('Pz', 0.12443277)]
[2026-05-30 10:24:38]     spatial_update=delta_l2=0.93953470 max_abs=0.20899753 relative=0.78722336 changed=True
[2026-05-30 10:24:38]   Subject 44: acc=0.6500±0.1458  bal_acc=0.6500±0.1458
[2026-05-30 10:24:38] \nSubject 45: 40 windows | class_counts=[20, 20]

[2026-05-30 10:24:39] Fold 1/5 | subject=45
[2026-05-30 10:24:39]     Train: 32 | counts=[16, 16]
[2026-05-30 10:24:39]     Test:  8 | counts=[4, 4]
[2026-05-30 10:24:39]     Model: SignalJEPA_PreLocal | Pretrained: from_pretrained | Strategy: new
[2026-05-30 10:24:39]     Normalization: none | fit_scope=none
[2026-05-30 10:24:39]     Phase 1 (new): 2,170/16,010 params
[2026-05-30 10:24:39]     Result | best_epoch=1 | stop=51 | final_phase_epochs=51 | acc=0.5000 | bal_acc=0.5000 | pred_hist=[0, 8] | collapse=True
[2026-05-30 10:24:39]     spatial_conv=[4, 29] top_abs_channels=[('Pz', 0.15246654), ('O2', 0.14395927), ('T3', 0.12724584), ('T4', 0.12254521), ('O1', 0.12198203), ('CP3', 0.12163991), ('C3', 0.11473201), ('CP4', 0.11009004)]
[2026-05-30 10:24:39]     spatial_update=delta_l2=0.01230204 max_abs=0.00228363 relative=0.01030771 changed=True

[2026-05-30 10:24:40] Fold 2/5 | subject=45
[2026-05-30 10:24:40]     Train: 32 | counts=[16, 16]
[2026-05-30 10:24:40]     Test:  8 | counts=[4, 4]
[2026-05-30 10:24:40]     Model: SignalJEPA_PreLocal | Pretrained: from_pretrained | Strategy: new
[2026-05-30 10:24:40]     Normalization: none | fit_scope=none
[2026-05-30 10:24:40]     Phase 1 (new): 2,170/16,010 params
[2026-05-30 10:24:41]     Result | best_epoch=1 | stop=51 | final_phase_epochs=51 | acc=0.5000 | bal_acc=0.5000 | pred_hist=[0, 8] | collapse=True
[2026-05-30 10:24:41]     spatial_conv=[4, 29] top_abs_channels=[('Pz', 0.15225241), ('O2', 0.14414632), ('T3', 0.12766166), ('O1', 0.12255838), ('CP3', 0.12162393), ('T4', 0.12138955), ('C3', 0.11502936), ('CP4', 0.11087757)]
[2026-05-30 10:24:41]     spatial_update=delta_l2=0.01261496 max_abs=0.00221019 relative=0.01056990 changed=True

[2026-05-30 10:24:41] Fold 3/5 | subject=45
[2026-05-30 10:24:41]     Train: 32 | counts=[16, 16]
[2026-05-30 10:24:41]     Test:  8 | counts=[4, 4]
[2026-05-30 10:24:41]     Model: SignalJEPA_PreLocal | Pretrained: from_pretrained | Strategy: new
[2026-05-30 10:24:41]     Normalization: none | fit_scope=none
[2026-05-30 10:24:41]     Phase 1 (new): 2,170/16,010 params
[2026-05-30 10:24:43]     Result | best_epoch=98 | stop=148 | final_phase_epochs=148 | acc=0.8750 | bal_acc=0.8750 | pred_hist=[5, 3] | collapse=False
[2026-05-30 10:24:43]     spatial_conv=[4, 29] top_abs_channels=[('C4', 0.18133324), ('FC4', 0.15236311), ('T3', 0.14390326), ('FCz', 0.13780285), ('TP7', 0.13508597), ('F8', 0.13437437), ('O1', 0.11969052), ('Pz', 0.11948453)]
[2026-05-30 10:24:43]     spatial_update=delta_l2=0.86515104 max_abs=0.18817537 relative=0.72489829 changed=True

[2026-05-30 10:24:44] Fold 4/5 | subject=45
[2026-05-30 10:24:44]     Train: 32 | counts=[16, 16]
[2026-05-30 10:24:44]     Test:  8 | counts=[4, 4]
[2026-05-30 10:24:44]     Model: SignalJEPA_PreLocal | Pretrained: from_pretrained | Strategy: new
[2026-05-30 10:24:44]     Normalization: none | fit_scope=none
[2026-05-30 10:24:44]     Phase 1 (new): 2,170/16,010 params
[2026-05-30 10:24:45]     Result | best_epoch=74 | stop=124 | final_phase_epochs=124 | acc=0.5000 | bal_acc=0.5000 | pred_hist=[4, 4] | collapse=False
[2026-05-30 10:24:45]     spatial_conv=[4, 29] top_abs_channels=[('C3', 0.21509363), ('T3', 0.14459254), ('CP4', 0.14261727), ('FCz', 0.13451251), ('CP3', 0.13406521), ('Pz', 0.13051575), ('T6', 0.1280708), ('O2', 0.12674883)]
[2026-05-30 10:24:45]     spatial_update=delta_l2=0.66065403 max_abs=0.15809970 relative=0.55355303 changed=True

[2026-05-30 10:24:46] Fold 5/5 | subject=45
[2026-05-30 10:24:46]     Train: 32 | counts=[16, 16]
[2026-05-30 10:24:46]     Test:  8 | counts=[4, 4]
[2026-05-30 10:24:46]     Model: SignalJEPA_PreLocal | Pretrained: from_pretrained | Strategy: new
[2026-05-30 10:24:46]     Normalization: none | fit_scope=none
[2026-05-30 10:24:46]     Phase 1 (new): 2,170/16,010 params
[2026-05-30 10:24:49]     Result | best_epoch=214 | stop=263 | final_phase_epochs=263 | acc=0.8750 | bal_acc=0.8750 | pred_hist=[5, 3] | collapse=False
[2026-05-30 10:24:49]     spatial_conv=[4, 29] top_abs_channels=[('FCz', 0.19629312), ('TP7', 0.16791123), ('Fz', 0.16074121), ('C4', 0.15432622), ('T6', 0.15287), ('T3', 0.13315043), ('O2', 0.12060241), ('T4', 0.11578063)]
[2026-05-30 10:24:49]     spatial_update=delta_l2=1.15806088 max_abs=0.43452358 relative=0.97032347 changed=True
[2026-05-30 10:24:49]   Subject 45: acc=0.6500±0.1837  bal_acc=0.6500±0.1837
[2026-05-30 10:24:49] \nSubject 46: 40 windows | class_counts=[20, 20]

[2026-05-30 10:24:50] Fold 1/5 | subject=46
[2026-05-30 10:24:50]     Train: 32 | counts=[16, 16]
[2026-05-30 10:24:50]     Test:  8 | counts=[4, 4]
[2026-05-30 10:24:50]     Model: SignalJEPA_PreLocal | Pretrained: from_pretrained | Strategy: new
[2026-05-30 10:24:50]     Normalization: none | fit_scope=none
[2026-05-30 10:24:50]     Phase 1 (new): 2,170/16,010 params
[2026-05-30 10:24:51]     Result | best_epoch=1 | stop=51 | final_phase_epochs=51 | acc=0.5000 | bal_acc=0.5000 | pred_hist=[0, 8] | collapse=True
[2026-05-30 10:24:51]     spatial_conv=[4, 29] top_abs_channels=[('Pz', 0.15313157), ('O2', 0.14418031), ('T3', 0.12677118), ('T4', 0.12283334), ('CP3', 0.12164529), ('O1', 0.12159514), ('C3', 0.11558693), ('CP4', 0.1107978)]
[2026-05-30 10:24:51]     spatial_update=delta_l2=0.01174693 max_abs=0.00226362 relative=0.00984259 changed=True

[2026-05-30 10:24:51] Fold 2/5 | subject=46
[2026-05-30 10:24:51]     Train: 32 | counts=[16, 16]
[2026-05-30 10:24:51]     Test:  8 | counts=[4, 4]
[2026-05-30 10:24:51]     Model: SignalJEPA_PreLocal | Pretrained: from_pretrained | Strategy: new
[2026-05-30 10:24:51]     Normalization: none | fit_scope=none
[2026-05-30 10:24:51]     Phase 1 (new): 2,170/16,010 params
[2026-05-30 10:24:52]     Result | best_epoch=1 | stop=51 | final_phase_epochs=51 | acc=0.5000 | bal_acc=0.5000 | pred_hist=[0, 8] | collapse=True
[2026-05-30 10:24:52]     spatial_conv=[4, 29] top_abs_channels=[('Pz', 0.15345785), ('O2', 0.14366305), ('T3', 0.12692633), ('T4', 0.12293096), ('O1', 0.12182618), ('CP3', 0.12182164), ('C3', 0.11447276), ('CP4', 0.11089756)]
[2026-05-30 10:24:52]     spatial_update=delta_l2=0.01148271 max_abs=0.00232573 relative=0.00962120 changed=True

[2026-05-30 10:24:52] Fold 3/5 | subject=46
[2026-05-30 10:24:52]     Train: 32 | counts=[16, 16]
[2026-05-30 10:24:52]     Test:  8 | counts=[4, 4]
[2026-05-30 10:24:52]     Model: SignalJEPA_PreLocal | Pretrained: from_pretrained | Strategy: new
[2026-05-30 10:24:52]     Normalization: none | fit_scope=none
[2026-05-30 10:24:52]     Phase 1 (new): 2,170/16,010 params
[2026-05-30 10:24:57]     Result | best_epoch=267 | stop=317 | final_phase_epochs=317 | acc=0.2500 | bal_acc=0.2500 | pred_hist=[4, 4] | collapse=False
[2026-05-30 10:24:57]     spatial_conv=[4, 29] top_abs_channels=[('O1', 0.21580523), ('FT8', 0.20168537), ('TP8', 0.19227116), ('Cz', 0.14575718), ('T3', 0.14319964), ('FT7', 0.12461863), ('CP3', 0.12194052), ('Fp2', 0.11434233)]
[2026-05-30 10:24:57]     spatial_update=delta_l2=1.10067975 max_abs=0.38892055 relative=0.92224460 changed=True

[2026-05-30 10:24:57] Fold 4/5 | subject=46
[2026-05-30 10:24:57]     Train: 32 | counts=[16, 16]
[2026-05-30 10:24:57]     Test:  8 | counts=[4, 4]
[2026-05-30 10:24:57]     Model: SignalJEPA_PreLocal | Pretrained: from_pretrained | Strategy: new
[2026-05-30 10:24:57]     Normalization: none | fit_scope=none
[2026-05-30 10:24:57]     Phase 1 (new): 2,170/16,010 params
[2026-05-30 10:24:58]     Result | best_epoch=3 | stop=53 | final_phase_epochs=53 | acc=0.5000 | bal_acc=0.5000 | pred_hist=[0, 8] | collapse=True
[2026-05-30 10:24:58]     spatial_conv=[4, 29] top_abs_channels=[('Pz', 0.1510002), ('O2', 0.14456546), ('T3', 0.12704745), ('CP3', 0.1240759), ('O1', 0.12284798), ('T4', 0.12238336), ('C3', 0.11230861), ('Fp1', 0.11005812)]
[2026-05-30 10:24:58]     spatial_update=delta_l2=0.03141554 max_abs=0.00569022 relative=0.02632265 changed=True

[2026-05-30 10:24:59] Fold 5/5 | subject=46
[2026-05-30 10:24:59]     Train: 32 | counts=[16, 16]
[2026-05-30 10:24:59]     Test:  8 | counts=[4, 4]
[2026-05-30 10:24:59]     Model: SignalJEPA_PreLocal | Pretrained: from_pretrained | Strategy: new
[2026-05-30 10:24:59]     Normalization: none | fit_scope=none
[2026-05-30 10:24:59]     Phase 1 (new): 2,170/16,010 params
[2026-05-30 10:24:59]     Result | best_epoch=1 | stop=51 | final_phase_epochs=51 | acc=0.5000 | bal_acc=0.5000 | pred_hist=[0, 8] | collapse=True
[2026-05-30 10:24:59]     spatial_conv=[4, 29] top_abs_channels=[('Pz', 0.15287063), ('O2', 0.14430767), ('T3', 0.12685338), ('T4', 0.122792), ('CP3', 0.12180986), ('O1', 0.12178671), ('C3', 0.11428869), ('CP4', 0.10968836)]
[2026-05-30 10:24:59]     spatial_update=delta_l2=0.01019716 max_abs=0.00220532 relative=0.00854406 changed=True
[2026-05-30 10:24:59]   Subject 46: acc=0.4500±0.1000  bal_acc=0.4500±0.1000
[2026-05-30 10:24:59] \nSubject 47: 40 windows | class_counts=[20, 20]

[2026-05-30 10:25:00] Fold 1/5 | subject=47
[2026-05-30 10:25:00]     Train: 32 | counts=[16, 16]
[2026-05-30 10:25:00]     Test:  8 | counts=[4, 4]
[2026-05-30 10:25:00]     Model: SignalJEPA_PreLocal | Pretrained: from_pretrained | Strategy: new
[2026-05-30 10:25:00]     Normalization: none | fit_scope=none
[2026-05-30 10:25:00]     Phase 1 (new): 2,170/16,010 params
[2026-05-30 10:25:01]     Result | best_epoch=41 | stop=91 | final_phase_epochs=91 | acc=0.1250 | bal_acc=0.1250 | pred_hist=[3, 5] | collapse=False
[2026-05-30 10:25:01]     spatial_conv=[4, 29] top_abs_channels=[('C3', 0.15602376), ('Pz', 0.13866945), ('FCz', 0.13277315), ('T3', 0.12954687), ('T4', 0.12597609), ('TP8', 0.1138057), ('O2', 0.11218037), ('C4', 0.11113004)]
[2026-05-30 10:25:01]     spatial_update=delta_l2=0.35488403 max_abs=0.08739728 relative=0.29735250 changed=True

[2026-05-30 10:25:01] Fold 2/5 | subject=47
[2026-05-30 10:25:01]     Train: 32 | counts=[16, 16]
[2026-05-30 10:25:01]     Test:  8 | counts=[4, 4]
[2026-05-30 10:25:01]     Model: SignalJEPA_PreLocal | Pretrained: from_pretrained | Strategy: new
[2026-05-30 10:25:01]     Normalization: none | fit_scope=none
[2026-05-30 10:25:01]     Phase 1 (new): 2,170/16,010 params
[2026-05-30 10:25:02]     Result | best_epoch=1 | stop=51 | final_phase_epochs=51 | acc=0.5000 | bal_acc=0.5000 | pred_hist=[0, 8] | collapse=True
[2026-05-30 10:25:02]     spatial_conv=[4, 29] top_abs_channels=[('Pz', 0.15296447), ('O2', 0.1445799), ('T3', 0.12725446), ('T4', 0.12174958), ('O1', 0.12118514), ('CP3', 0.12108526), ('C3', 0.11588615), ('CP4', 0.11034837)]
[2026-05-30 10:25:02]     spatial_update=delta_l2=0.01325811 max_abs=0.00223815 relative=0.01110879 changed=True

[2026-05-30 10:25:03] Fold 3/5 | subject=47
[2026-05-30 10:25:03]     Train: 32 | counts=[16, 16]
[2026-05-30 10:25:03]     Test:  8 | counts=[4, 4]
[2026-05-30 10:25:03]     Model: SignalJEPA_PreLocal | Pretrained: from_pretrained | Strategy: new
[2026-05-30 10:25:03]     Normalization: none | fit_scope=none
[2026-05-30 10:25:03]     Phase 1 (new): 2,170/16,010 params
[2026-05-30 10:25:04]     Result | best_epoch=68 | stop=118 | final_phase_epochs=118 | acc=0.2500 | bal_acc=0.2500 | pred_hist=[2, 6] | collapse=False
[2026-05-30 10:25:04]     spatial_conv=[4, 29] top_abs_channels=[('O2', 0.13854779), ('Pz', 0.13495018), ('CP4', 0.13124023), ('T3', 0.13030961), ('T4', 0.12988061), ('CP3', 0.12542188), ('F3', 0.12206487), ('C3', 0.11917392)]
[2026-05-30 10:25:04]     spatial_update=delta_l2=0.48601366 max_abs=0.12694743 relative=0.40722424 changed=True

[2026-05-30 10:25:05] Fold 4/5 | subject=47
[2026-05-30 10:25:05]     Train: 32 | counts=[16, 16]
[2026-05-30 10:25:05]     Test:  8 | counts=[4, 4]
[2026-05-30 10:25:05]     Model: SignalJEPA_PreLocal | Pretrained: from_pretrained | Strategy: new
[2026-05-30 10:25:05]     Normalization: none | fit_scope=none
[2026-05-30 10:25:05]     Phase 1 (new): 2,170/16,010 params
[2026-05-30 10:25:06]     Result | best_epoch=17 | stop=66 | final_phase_epochs=66 | acc=0.2500 | bal_acc=0.2500 | pred_hist=[2, 6] | collapse=False
[2026-05-30 10:25:06]     spatial_conv=[4, 29] top_abs_channels=[('Pz', 0.14933568), ('O2', 0.14280897), ('T3', 0.12755474), ('C3', 0.12427923), ('T4', 0.12222808), ('CP3', 0.11725045), ('P4', 0.11217733), ('O1', 0.11117811)]
[2026-05-30 10:25:06]     spatial_update=delta_l2=0.14303761 max_abs=0.03003804 relative=0.11984927 changed=True

[2026-05-30 10:25:06] Fold 5/5 | subject=47
[2026-05-30 10:25:06]     Train: 32 | counts=[16, 16]
[2026-05-30 10:25:06]     Test:  8 | counts=[4, 4]
[2026-05-30 10:25:06]     Model: SignalJEPA_PreLocal | Pretrained: from_pretrained | Strategy: new
[2026-05-30 10:25:06]     Normalization: none | fit_scope=none
[2026-05-30 10:25:06]     Phase 1 (new): 2,170/16,010 params
[2026-05-30 10:25:07]     Result | best_epoch=16 | stop=65 | final_phase_epochs=65 | acc=0.3750 | bal_acc=0.3750 | pred_hist=[1, 7] | collapse=False
[2026-05-30 10:25:07]     spatial_conv=[4, 29] top_abs_channels=[('Pz', 0.15047805), ('O2', 0.13582642), ('T3', 0.12554349), ('C3', 0.12552746), ('CP3', 0.12300023), ('T4', 0.11874126), ('O1', 0.11274606), ('P4', 0.11258491)]
[2026-05-30 10:25:07]     spatial_update=delta_l2=0.14147237 max_abs=0.03457811 relative=0.11853778 changed=True
[2026-05-30 10:25:07]   Subject 47: acc=0.3000±0.1275  bal_acc=0.3000±0.1275
[2026-05-30 10:25:07] \nSubject 48: 40 windows | class_counts=[20, 20]

[2026-05-30 10:25:08] Fold 1/5 | subject=48
[2026-05-30 10:25:08]     Train: 32 | counts=[16, 16]
[2026-05-30 10:25:08]     Test:  8 | counts=[4, 4]
[2026-05-30 10:25:08]     Model: SignalJEPA_PreLocal | Pretrained: from_pretrained | Strategy: new
[2026-05-30 10:25:08]     Normalization: none | fit_scope=none
[2026-05-30 10:25:08]     Phase 1 (new): 2,170/16,010 params
[2026-05-30 10:25:08]     Result | best_epoch=1 | stop=51 | final_phase_epochs=51 | acc=0.5000 | bal_acc=0.5000 | pred_hist=[0, 8] | collapse=True
[2026-05-30 10:25:08]     spatial_conv=[4, 29] top_abs_channels=[('Pz', 0.15279019), ('O2', 0.14398086), ('T3', 0.12709951), ('O1', 0.12225074), ('T4', 0.12202248), ('CP3', 0.12179469), ('C3', 0.11553361), ('CP4', 0.11150128)]
[2026-05-30 10:25:08]     spatial_update=delta_l2=0.01166658 max_abs=0.00220400 relative=0.00977527 changed=True

[2026-05-30 10:25:09] Fold 2/5 | subject=48
[2026-05-30 10:25:09]     Train: 32 | counts=[16, 16]
[2026-05-30 10:25:09]     Test:  8 | counts=[4, 4]
[2026-05-30 10:25:09]     Model: SignalJEPA_PreLocal | Pretrained: from_pretrained | Strategy: new
[2026-05-30 10:25:09]     Normalization: none | fit_scope=none
[2026-05-30 10:25:09]     Phase 1 (new): 2,170/16,010 params
[2026-05-30 10:25:14]     Result | best_epoch=337 | stop=387 | final_phase_epochs=387 | acc=0.5000 | bal_acc=0.5000 | pred_hist=[4, 4] | collapse=False
[2026-05-30 10:25:14]     spatial_conv=[4, 29] top_abs_channels=[('FCz', 0.24919897), ('Fz', 0.18162996), ('CP3', 0.16716731), ('P3', 0.16008317), ('O2', 0.15491448), ('C3', 0.13615236), ('C4', 0.13317227), ('TP8', 0.12851107)]
[2026-05-30 10:25:14]     spatial_update=delta_l2=1.26129946 max_abs=0.43177260 relative=1.05682567 changed=True

[2026-05-30 10:25:15] Fold 3/5 | subject=48
[2026-05-30 10:25:15]     Train: 32 | counts=[16, 16]
[2026-05-30 10:25:15]     Test:  8 | counts=[4, 4]
[2026-05-30 10:25:15]     Model: SignalJEPA_PreLocal | Pretrained: from_pretrained | Strategy: new
[2026-05-30 10:25:15]     Normalization: none | fit_scope=none
[2026-05-30 10:25:15]     Phase 1 (new): 2,170/16,010 params
[2026-05-30 10:25:15]     Result | best_epoch=1 | stop=51 | final_phase_epochs=51 | acc=0.5000 | bal_acc=0.5000 | pred_hist=[0, 8] | collapse=True
[2026-05-30 10:25:15]     spatial_conv=[4, 29] top_abs_channels=[('Pz', 0.15331517), ('O2', 0.14344431), ('T3', 0.12711728), ('O1', 0.12232865), ('CP3', 0.12120216), ('T4', 0.12084864), ('C3', 0.1152188), ('CP4', 0.11050028)]
[2026-05-30 10:25:15]     spatial_update=delta_l2=0.01123455 max_abs=0.00219198 relative=0.00941328 changed=True

[2026-05-30 10:25:16] Fold 4/5 | subject=48
[2026-05-30 10:25:16]     Train: 32 | counts=[16, 16]
[2026-05-30 10:25:16]     Test:  8 | counts=[4, 4]
[2026-05-30 10:25:16]     Model: SignalJEPA_PreLocal | Pretrained: from_pretrained | Strategy: new
[2026-05-30 10:25:16]     Normalization: none | fit_scope=none
[2026-05-30 10:25:16]     Phase 1 (new): 2,170/16,010 params
[2026-05-30 10:25:20]     Result | best_epoch=260 | stop=310 | final_phase_epochs=310 | acc=0.7500 | bal_acc=0.7500 | pred_hist=[2, 6] | collapse=False
[2026-05-30 10:25:20]     spatial_conv=[4, 29] top_abs_channels=[('FCz', 0.23308074), ('Pz', 0.20298782), ('O1', 0.19510795), ('C3', 0.14779812), ('TP8', 0.13340838), ('F3', 0.11562181), ('F8', 0.11184694), ('O2', 0.10913828)]
[2026-05-30 10:25:20]     spatial_update=delta_l2=1.10228617 max_abs=0.34370174 relative=0.92359060 changed=True

[2026-05-30 10:25:21] Fold 5/5 | subject=48
[2026-05-30 10:25:21]     Train: 32 | counts=[16, 16]
[2026-05-30 10:25:21]     Test:  8 | counts=[4, 4]
[2026-05-30 10:25:21]     Model: SignalJEPA_PreLocal | Pretrained: from_pretrained | Strategy: new
[2026-05-30 10:25:21]     Normalization: none | fit_scope=none
[2026-05-30 10:25:21]     Phase 1 (new): 2,170/16,010 params
[2026-05-30 10:25:22]     Result | best_epoch=1 | stop=51 | final_phase_epochs=51 | acc=0.5000 | bal_acc=0.5000 | pred_hist=[0, 8] | collapse=True
[2026-05-30 10:25:22]     spatial_conv=[4, 29] top_abs_channels=[('Pz', 0.15213117), ('O2', 0.14451393), ('T3', 0.1262067), ('O1', 0.1225046), ('CP3', 0.12186019), ('T4', 0.1217289), ('C3', 0.11508711), ('CP4', 0.1102238)]
[2026-05-30 10:25:22]     spatial_update=delta_l2=0.01183578 max_abs=0.00207445 relative=0.00991704 changed=True
[2026-05-30 10:25:22]   Subject 48: acc=0.5500±0.1000  bal_acc=0.5500±0.1000
[2026-05-30 10:25:22] \nSubject 49: 40 windows | class_counts=[20, 20]

[2026-05-30 10:25:22] Fold 1/5 | subject=49
[2026-05-30 10:25:22]     Train: 32 | counts=[16, 16]
[2026-05-30 10:25:22]     Test:  8 | counts=[4, 4]
[2026-05-30 10:25:22]     Model: SignalJEPA_PreLocal | Pretrained: from_pretrained | Strategy: new
[2026-05-30 10:25:22]     Normalization: none | fit_scope=none
[2026-05-30 10:25:22]     Phase 1 (new): 2,170/16,010 params
[2026-05-30 10:25:23]     Result | best_epoch=1 | stop=51 | final_phase_epochs=51 | acc=0.5000 | bal_acc=0.5000 | pred_hist=[0, 8] | collapse=True
[2026-05-30 10:25:23]     spatial_conv=[4, 29] top_abs_channels=[('Pz', 0.15331095), ('O2', 0.14505544), ('T3', 0.12674604), ('T4', 0.12164465), ('O1', 0.12152611), ('CP3', 0.12000928), ('C3', 0.11539661), ('CP4', 0.10969982)]
[2026-05-30 10:25:23]     spatial_update=delta_l2=0.01325131 max_abs=0.00233388 relative=0.01110310 changed=True

[2026-05-30 10:25:23] Fold 2/5 | subject=49
[2026-05-30 10:25:23]     Train: 32 | counts=[16, 16]
[2026-05-30 10:25:23]     Test:  8 | counts=[4, 4]
[2026-05-30 10:25:23]     Model: SignalJEPA_PreLocal | Pretrained: from_pretrained | Strategy: new
[2026-05-30 10:25:23]     Normalization: none | fit_scope=none
[2026-05-30 10:25:23]     Phase 1 (new): 2,170/16,010 params
[2026-05-30 10:25:24]     Result | best_epoch=1 | stop=51 | final_phase_epochs=51 | acc=0.5000 | bal_acc=0.5000 | pred_hist=[0, 8] | collapse=True
[2026-05-30 10:25:24]     spatial_conv=[4, 29] top_abs_channels=[('Pz', 0.15314776), ('O2', 0.14460544), ('T3', 0.12681755), ('O1', 0.12173339), ('T4', 0.12101759), ('CP3', 0.12036896), ('C3', 0.11458559), ('CP4', 0.10972087)]
[2026-05-30 10:25:24]     spatial_update=delta_l2=0.01271649 max_abs=0.00227967 relative=0.01065498 changed=True

[2026-05-30 10:25:24] Fold 3/5 | subject=49
[2026-05-30 10:25:24]     Train: 32 | counts=[16, 16]
[2026-05-30 10:25:24]     Test:  8 | counts=[4, 4]
[2026-05-30 10:25:24]     Model: SignalJEPA_PreLocal | Pretrained: from_pretrained | Strategy: new
[2026-05-30 10:25:24]     Normalization: none | fit_scope=none
[2026-05-30 10:25:24]     Phase 1 (new): 2,170/16,010 params
[2026-05-30 10:25:25]     Result | best_epoch=1 | stop=51 | final_phase_epochs=51 | acc=0.5000 | bal_acc=0.5000 | pred_hist=[0, 8] | collapse=True
[2026-05-30 10:25:25]     spatial_conv=[4, 29] top_abs_channels=[('Pz', 0.15195939), ('O2', 0.14433968), ('T3', 0.12662266), ('T4', 0.12139104), ('O1', 0.12129791), ('CP3', 0.12081496), ('C3', 0.11497563), ('CP4', 0.11045238)]
[2026-05-30 10:25:25]     spatial_update=delta_l2=0.01216323 max_abs=0.00216624 relative=0.01019141 changed=True

[2026-05-30 10:25:26] Fold 4/5 | subject=49
[2026-05-30 10:25:26]     Train: 32 | counts=[16, 16]
[2026-05-30 10:25:26]     Test:  8 | counts=[4, 4]
[2026-05-30 10:25:26]     Model: SignalJEPA_PreLocal | Pretrained: from_pretrained | Strategy: new
[2026-05-30 10:25:26]     Normalization: none | fit_scope=none
[2026-05-30 10:25:26]     Phase 1 (new): 2,170/16,010 params
[2026-05-30 10:25:26]     Result | best_epoch=3 | stop=51 | final_phase_epochs=51 | acc=0.5000 | bal_acc=0.5000 | pred_hist=[0, 8] | collapse=True
[2026-05-30 10:25:26]     spatial_conv=[4, 29] top_abs_channels=[('Pz', 0.15297478), ('O2', 0.14461599), ('T3', 0.12700246), ('T4', 0.12146363), ('O1', 0.1213119), ('CP3', 0.12046599), ('C3', 0.115061), ('CP4', 0.11074416)]
[2026-05-30 10:25:26]     spatial_update=delta_l2=0.01262846 max_abs=0.00222771 relative=0.01058122 changed=True

[2026-05-30 10:25:27] Fold 5/5 | subject=49
[2026-05-30 10:25:27]     Train: 32 | counts=[16, 16]
[2026-05-30 10:25:27]     Test:  8 | counts=[4, 4]
[2026-05-30 10:25:27]     Model: SignalJEPA_PreLocal | Pretrained: from_pretrained | Strategy: new
[2026-05-30 10:25:27]     Normalization: none | fit_scope=none
[2026-05-30 10:25:27]     Phase 1 (new): 2,170/16,010 params
[2026-05-30 10:25:28]     Result | best_epoch=1 | stop=51 | final_phase_epochs=51 | acc=0.6250 | bal_acc=0.6250 | pred_hist=[1, 7] | collapse=False
[2026-05-30 10:25:28]     spatial_conv=[4, 29] top_abs_channels=[('Pz', 0.1541366), ('O2', 0.14440522), ('T3', 0.12712775), ('O1', 0.12176152), ('T4', 0.12149044), ('CP3', 0.12027158), ('C3', 0.11482184), ('CP4', 0.10999095)]
[2026-05-30 10:25:28]     spatial_update=delta_l2=0.01351401 max_abs=0.00228859 relative=0.01132320 changed=True
[2026-05-30 10:25:28]   Subject 49: acc=0.5250±0.0500  bal_acc=0.5250±0.0500
[2026-05-30 10:25:28] \nSubject 50: 40 windows | class_counts=[20, 20]

[2026-05-30 10:25:28] Fold 1/5 | subject=50
[2026-05-30 10:25:28]     Train: 32 | counts=[16, 16]
[2026-05-30 10:25:28]     Test:  8 | counts=[4, 4]
[2026-05-30 10:25:28]     Model: SignalJEPA_PreLocal | Pretrained: from_pretrained | Strategy: new
[2026-05-30 10:25:28]     Normalization: none | fit_scope=none
[2026-05-30 10:25:28]     Phase 1 (new): 2,170/16,010 params
[2026-05-30 10:25:29]     Result | best_epoch=3 | stop=53 | final_phase_epochs=53 | acc=0.5000 | bal_acc=0.5000 | pred_hist=[0, 8] | collapse=True
[2026-05-30 10:25:29]     spatial_conv=[4, 29] top_abs_channels=[('Pz', 0.15471861), ('O2', 0.14409254), ('T3', 0.12785962), ('T4', 0.12186144), ('CP3', 0.12080762), ('O1', 0.12019232), ('C3', 0.11499488), ('CP4', 0.10985567)]
[2026-05-30 10:25:29]     spatial_update=delta_l2=0.02708944 max_abs=0.00568090 relative=0.02269788 changed=True

[2026-05-30 10:25:29] Fold 2/5 | subject=50
[2026-05-30 10:25:29]     Train: 32 | counts=[16, 16]
[2026-05-30 10:25:29]     Test:  8 | counts=[4, 4]
[2026-05-30 10:25:29]     Model: SignalJEPA_PreLocal | Pretrained: from_pretrained | Strategy: new
[2026-05-30 10:25:29]     Normalization: none | fit_scope=none
[2026-05-30 10:25:29]     Phase 1 (new): 2,170/16,010 params
[2026-05-30 10:25:39]     Result | best_epoch=660 | stop=710 | final_phase_epochs=710 | acc=0.6250 | bal_acc=0.6250 | pred_hist=[5, 3] | collapse=False
[2026-05-30 10:25:39]     spatial_conv=[4, 29] top_abs_channels=[('CP4', 0.21079171), ('T3', 0.17550258), ('C4', 0.17245547), ('F4', 0.16720803), ('P4', 0.15259959), ('C3', 0.13478029), ('Oz', 0.12126099), ('FT7', 0.12117584)]
[2026-05-30 10:25:39]     spatial_update=delta_l2=1.28930540 max_abs=0.32764439 relative=1.08029147 changed=True

[2026-05-30 10:25:40] Fold 3/5 | subject=50
[2026-05-30 10:25:40]     Train: 32 | counts=[16, 16]
[2026-05-30 10:25:40]     Test:  8 | counts=[4, 4]
[2026-05-30 10:25:40]     Model: SignalJEPA_PreLocal | Pretrained: from_pretrained | Strategy: new
[2026-05-30 10:25:40]     Normalization: none | fit_scope=none
[2026-05-30 10:25:40]     Phase 1 (new): 2,170/16,010 params
[2026-05-30 10:25:57]     Result | best_epoch=1237 | stop=1287 | final_phase_epochs=1287 | acc=0.7500 | bal_acc=0.7500 | pred_hist=[2, 6] | collapse=False
[2026-05-30 10:25:57]     spatial_conv=[4, 29] top_abs_channels=[('C4', 0.2214101), ('CP4', 0.21130481), ('T4', 0.1775784), ('T6', 0.17528132), ('P3', 0.1743983), ('CP3', 0.13374215), ('P4', 0.13156568), ('O1', 0.11949453)]
[2026-05-30 10:25:57]     spatial_update=delta_l2=1.47290303 max_abs=0.33496204 relative=1.23412543 changed=True

[2026-05-30 10:25:58] Fold 4/5 | subject=50
[2026-05-30 10:25:58]     Train: 32 | counts=[16, 16]
[2026-05-30 10:25:58]     Test:  8 | counts=[4, 4]
[2026-05-30 10:25:58]     Model: SignalJEPA_PreLocal | Pretrained: from_pretrained | Strategy: new
[2026-05-30 10:25:58]     Normalization: none | fit_scope=none
[2026-05-30 10:25:58]     Phase 1 (new): 2,170/16,010 params
[2026-05-30 10:25:59]     Result | best_epoch=28 | stop=78 | final_phase_epochs=78 | acc=0.6250 | bal_acc=0.6250 | pred_hist=[3, 5] | collapse=False
[2026-05-30 10:25:59]     spatial_conv=[4, 29] top_abs_channels=[('O2', 0.15343149), ('T3', 0.14881313), ('C3', 0.13958409), ('Pz', 0.13889366), ('T4', 0.12639546), ('CP4', 0.12378384), ('CP3', 0.12229626), ('FCz', 0.11901006)]
[2026-05-30 10:25:59]     spatial_update=delta_l2=0.26644364 max_abs=0.06744023 relative=0.22324950 changed=True

[2026-05-30 10:26:00] Fold 5/5 | subject=50
[2026-05-30 10:26:00]     Train: 32 | counts=[16, 16]
[2026-05-30 10:26:00]     Test:  8 | counts=[4, 4]
[2026-05-30 10:26:00]     Model: SignalJEPA_PreLocal | Pretrained: from_pretrained | Strategy: new
[2026-05-30 10:26:00]     Normalization: none | fit_scope=none
[2026-05-30 10:26:00]     Phase 1 (new): 2,170/16,010 params
[2026-05-30 10:26:01]     Result | best_epoch=13 | stop=63 | final_phase_epochs=63 | acc=0.6250 | bal_acc=0.6250 | pred_hist=[1, 7] | collapse=False
[2026-05-30 10:26:01]     spatial_conv=[4, 29] top_abs_channels=[('Pz', 0.14819281), ('O2', 0.14271334), ('T3', 0.13390025), ('CP3', 0.12266968), ('C3', 0.11886892), ('O1', 0.11841249), ('T4', 0.11766066), ('P4', 0.11547782)]
[2026-05-30 10:26:01]     spatial_update=delta_l2=0.12917656 max_abs=0.02836037 relative=0.10823529 changed=True
[2026-05-30 10:26:01]   Subject 50: acc=0.6250±0.0791  bal_acc=0.6250±0.0791

[2026-05-30 10:26:01] Total evaluation splits completed: 250
[2026-05-30 10:26:01] ======================================================================
[2026-05-30 10:26:01] AGGREGATED RESULTS
[2026-05-30 10:26:01] ======================================================================
[2026-05-30 10:26:01]   1: acc=0.3500±0.1225  bal_acc=0.3500±0.1225
[2026-05-30 10:26:01]   2: acc=0.6000±0.0935  bal_acc=0.6000±0.0935
[2026-05-30 10:26:01]   3: acc=0.5000±0.0791  bal_acc=0.5000±0.0791
[2026-05-30 10:26:01]   4: acc=0.4500±0.1696  bal_acc=0.4500±0.1696
[2026-05-30 10:26:01]   5: acc=0.5500±0.0612  bal_acc=0.5500±0.0612
[2026-05-30 10:26:01]   6: acc=0.4750±0.1225  bal_acc=0.4750±0.1225
[2026-05-30 10:26:01]   7: acc=0.6750±0.0612  bal_acc=0.6750±0.0612
[2026-05-30 10:26:01]   8: acc=0.7500±0.0000  bal_acc=0.7500±0.0000
[2026-05-30 10:26:01]   9: acc=0.3500±0.1458  bal_acc=0.3500±0.1458
[2026-05-30 10:26:01]   10: acc=0.4750±0.1225  bal_acc=0.4750±0.1225
[2026-05-30 10:26:01]   11: acc=0.4750±0.0500  bal_acc=0.4750±0.0500
[2026-05-30 10:26:01]   12: acc=0.5750±0.1000  bal_acc=0.5750±0.1000
[2026-05-30 10:26:01]   13: acc=0.7750±0.1458  bal_acc=0.7750±0.1458
[2026-05-30 10:26:01]   14: acc=0.5250±0.1658  bal_acc=0.5250±0.1658
[2026-05-30 10:26:01]   15: acc=0.5000±0.1768  bal_acc=0.5000±0.1768
[2026-05-30 10:26:01]   16: acc=0.4250±0.1000  bal_acc=0.4250±0.1000
[2026-05-30 10:26:01]   17: acc=0.5750±0.1000  bal_acc=0.5750±0.1000
[2026-05-30 10:26:01]   18: acc=0.7750±0.1225  bal_acc=0.7750±0.1225
[2026-05-30 10:26:01]   19: acc=0.5500±0.1275  bal_acc=0.5500±0.1275
[2026-05-30 10:26:01]   20: acc=0.7000±0.0612  bal_acc=0.7000±0.0612
[2026-05-30 10:26:01]   21: acc=0.5250±0.1837  bal_acc=0.5250±0.1837
[2026-05-30 10:26:01]   22: acc=0.8250±0.1275  bal_acc=0.8250±0.1275
[2026-05-30 10:26:01]   23: acc=0.5250±0.1225  bal_acc=0.5250±0.1225
[2026-05-30 10:26:01]   24: acc=0.4500±0.0612  bal_acc=0.4500±0.0612
[2026-05-30 10:26:01]   25: acc=0.5750±0.1000  bal_acc=0.5750±0.1000
[2026-05-30 10:26:01]   26: acc=0.5000±0.0000  bal_acc=0.5000±0.0000
[2026-05-30 10:26:01]   27: acc=0.4750±0.1837  bal_acc=0.4750±0.1837
[2026-05-30 10:26:01]   28: acc=0.7500±0.1118  bal_acc=0.7500±0.1118
[2026-05-30 10:26:01]   29: acc=0.5000±0.0000  bal_acc=0.5000±0.0000
[2026-05-30 10:26:01]   30: acc=0.7500±0.1768  bal_acc=0.7500±0.1768
[2026-05-30 10:26:01]   31: acc=0.5000±0.0000  bal_acc=0.5000±0.0000
[2026-05-30 10:26:01]   32: acc=0.5250±0.0500  bal_acc=0.5250±0.0500
[2026-05-30 10:26:01]   33: acc=0.5250±0.0935  bal_acc=0.5250±0.0935
[2026-05-30 10:26:01]   34: acc=0.7000±0.1275  bal_acc=0.7000±0.1275
[2026-05-30 10:26:01]   35: acc=0.4250±0.1000  bal_acc=0.4250±0.1000
[2026-05-30 10:26:01]   36: acc=0.4750±0.0500  bal_acc=0.4750±0.0500
[2026-05-30 10:26:01]   37: acc=0.5750±0.1000  bal_acc=0.5750±0.1000
[2026-05-30 10:26:01]   38: acc=0.7250±0.1458  bal_acc=0.7250±0.1458
[2026-05-30 10:26:01]   39: acc=0.5250±0.1458  bal_acc=0.5250±0.1458
[2026-05-30 10:26:01]   40: acc=0.5000±0.0791  bal_acc=0.5000±0.0791
[2026-05-30 10:26:01]   41: acc=0.4500±0.1275  bal_acc=0.4500±0.1275
[2026-05-30 10:26:01]   42: acc=0.7000±0.1275  bal_acc=0.7000±0.1275
[2026-05-30 10:26:01]   43: acc=0.5500±0.0612  bal_acc=0.5500±0.0612
[2026-05-30 10:26:01]   44: acc=0.6500±0.1458  bal_acc=0.6500±0.1458
[2026-05-30 10:26:01]   45: acc=0.6500±0.1837  bal_acc=0.6500±0.1837
[2026-05-30 10:26:01]   46: acc=0.4500±0.1000  bal_acc=0.4500±0.1000
[2026-05-30 10:26:01]   47: acc=0.3000±0.1275  bal_acc=0.3000±0.1275
[2026-05-30 10:26:01]   48: acc=0.5500±0.1000  bal_acc=0.5500±0.1000
[2026-05-30 10:26:01]   49: acc=0.5250±0.0500  bal_acc=0.5250±0.0500
[2026-05-30 10:26:01]   50: acc=0.6250±0.0791  bal_acc=0.6250±0.0791
[2026-05-30 10:26:01] ----------------------------------------------------------------------
[2026-05-30 10:26:01]   OVERALL: acc=0.5570±0.1647  bal_acc=0.5570±0.1647
[2026-05-30 10:26:01] ======================================================================
[2026-05-30 10:26:01] Performance tables saved:
[2026-05-30 10:26:01]   Fold-level results:       /home/vegorov/Repos/eeg_jepa_research/artifacts/liu2024-source-mat-sjepa-prelocal/20260530_1012_1790f7f6/fold_level_results.csv
[2026-05-30 10:26:01]   Subject-level summary:    /home/vegorov/Repos/eeg_jepa_research/artifacts/liu2024-source-mat-sjepa-prelocal/20260530_1012_1790f7f6/subject_level_summary.csv
[2026-05-30 10:26:01]   Global method comparison: /home/vegorov/Repos/eeg_jepa_research/artifacts/liu2024-source-mat-sjepa-prelocal/20260530_1012_1790f7f6/global_method_comparison.csv
[2026-05-30 10:26:01] Subject performance plot saved to: /home/vegorov/Repos/eeg_jepa_research/artifacts/liu2024-source-mat-sjepa-prelocal/20260530_1012_1790f7f6/sjepa_prelocal_subject_performance.png
[2026-05-30 10:26:01] Global performance plot saved to: /home/vegorov/Repos/eeg_jepa_research/artifacts/liu2024-source-mat-sjepa-prelocal/20260530_1012_1790f7f6/sjepa_prelocal_global_performance_summary.png
[2026-05-30 10:26:01] Aggregated confusion matrix plot saved to: /home/vegorov/Repos/eeg_jepa_research/artifacts/liu2024-source-mat-sjepa-prelocal/20260530_1012_1790f7f6/sjepa_prelocal_aggregated_confusion_matrix.png
[2026-05-30 10:26:01] Confusion metrics saved to: /home/vegorov/Repos/eeg_jepa_research/artifacts/liu2024-source-mat-sjepa-prelocal/20260530_1012_1790f7f6/sjepa_prelocal_confusion_metrics.csv

[2026-05-30 10:26:01] ======================================================================
[2026-05-30 10:26:01] EXPERIMENT SUMMARY
[2026-05-30 10:26:01] ======================================================================
[2026-05-30 10:26:01] Run ID:                 20260530_1012_1790f7f6
[2026-05-30 10:26:01] Experiment:             hpgrid537_bs4_lr0p0004_clip2_start0_test0p4_iir_baseline_window_mean
[2026-05-30 10:26:01] Subjects:               50
[2026-05-30 10:26:01] Model:                  SignalJEPA_PreLocal
[2026-05-30 10:26:01] Pretrained mode:        from_pretrained
[2026-05-30 10:26:01] Strategy:               new
[2026-05-30 10:26:01] Preprocessing:          baseline_window_mean | ref=average | resample=True->128 | filter=True 0.5–40.0 iir
[2026-05-30 10:26:01] Window:                 start=0s | 4.195s / 537 samples
[2026-05-30 10:26:01] Artifacts:              /home/vegorov/Repos/eeg_jepa_research/artifacts/liu2024-source-mat-sjepa-prelocal/20260530_1012_1790f7f6
[2026-05-30 10:26:01] Mean Accuracy:          0.5570 ± 0.1647
[2026-05-30 10:26:01] Mean Balanced Accuracy: 0.5570 ± 0.1647
[2026-05-30 10:26:01] ======================================================================

[2026-05-30 10:26:02] Spatial convolution analysis saved:
[2026-05-30 10:26:02]   Long channel CSV:        /home/vegorov/Repos/eeg_jepa_research/artifacts/liu2024-source-mat-sjepa-prelocal/20260530_1012_1790f7f6/spatial_conv_analysis/spatial_channel_importance_long.csv
[2026-05-30 10:26:02]   Fold diagnostics CSV:    /home/vegorov/Repos/eeg_jepa_research/artifacts/liu2024-source-mat-sjepa-prelocal/20260530_1012_1790f7f6/spatial_conv_analysis/fold_diagnostics.csv
[2026-05-30 10:26:02]   Fold weight JSON:        /home/vegorov/Repos/eeg_jepa_research/artifacts/liu2024-source-mat-sjepa-prelocal/20260530_1012_1790f7f6/spatial_conv_analysis/spatial_conv_weights_by_fold.json
[2026-05-30 10:26:02]   Global importance CSV:   /home/vegorov/Repos/eeg_jepa_research/artifacts/liu2024-source-mat-sjepa-prelocal/20260530_1012_1790f7f6/spatial_conv_analysis/spatial_channel_importance_global.csv
[2026-05-30 10:26:02]   Subject importance CSV:  /home/vegorov/Repos/eeg_jepa_research/artifacts/liu2024-source-mat-sjepa-prelocal/20260530_1012_1790f7f6/spatial_conv_analysis/spatial_channel_importance_by_subject.csv
[2026-05-30 10:26:02]   Diagnostic summary JSON: /home/vegorov/Repos/eeg_jepa_research/artifacts/liu2024-source-mat-sjepa-prelocal/20260530_1012_1790f7f6/spatial_conv_analysis/diagnostic_summary.json

[2026-05-30 10:26:02] Diagnostic summary:
[2026-05-30 10:26:02] {
  "n_folds": 250,
  "collapse_rate": 0.336,
  "mean_collapse_ratio": 0.775,
  "mean_spatial_delta_l2": 0.433678657,
  "mean_spatial_relative_delta": 0.3633734518,
  "spatial_changed_rate": 1.0,
  "mean_confidence": 0.5901245672,
  "mean_normalized_prediction_entropy": 0.91247197916
}

[2026-05-30 10:26:02] Top global channels by mean absolute spatial weight:
[2026-05-30 10:26:02] CV results saved to:      /home/vegorov/Repos/eeg_jepa_research/artifacts/liu2024-source-mat-sjepa-prelocal/20260530_1012_1790f7f6/cv_results.json
[2026-05-30 10:26:02] Subject metrics saved to: /home/vegorov/Repos/eeg_jepa_research/artifacts/liu2024-source-mat-sjepa-prelocal/20260530_1012_1790f7f6/subject_metrics.json
[2026-05-30 10:26:02] Global metrics saved to:  /home/vegorov/Repos/eeg_jepa_research/artifacts/liu2024-source-mat-sjepa-prelocal/20260530_1012_1790f7f6/global_metrics.json
[2026-05-30 10:26:02] Subject performance plot: /home/vegorov/Repos/eeg_jepa_research/artifacts/liu2024-source-mat-sjepa-prelocal/20260530_1012_1790f7f6/sjepa_prelocal_subject_performance.png
[2026-05-30 10:26:02] Global performance plot:  /home/vegorov/Repos/eeg_jepa_research/artifacts/liu2024-source-mat-sjepa-prelocal/20260530_1012_1790f7f6/sjepa_prelocal_global_performance_summary.png
[2026-05-30 10:26:02] Confusion matrix plot:    /home/vegorov/Repos/eeg_jepa_research/artifacts/liu2024-source-mat-sjepa-prelocal/20260530_1012_1790f7f6/sjepa_prelocal_aggregated_confusion_matrix.png
[2026-05-30 10:26:02] Run metadata saved to:    /home/vegorov/Repos/eeg_jepa_research/artifacts/liu2024-source-mat-sjepa-prelocal/20260530_1012_1790f7f6/run_metadata.json

[2026-05-30 10:26:02] All artifacts in: /home/vegorov/Repos/eeg_jepa_research/artifacts/liu2024-source-mat-sjepa-prelocal/20260530_1012_1790f7f6
