{
  "mean_accuracy": 0.395,
  "std_accuracy": 0.14781745499094479,
  "mean_balanced_accuracy": 0.395,
  "std_balanced_accuracy": 0.14781745499094479,
  "n_subjects": 1,
  "n_folds_total": 5
}