{
  "51": {
    "accuracies": [
      0.575,
      0.575,
      0.25,
      0.3,
      0.275
    ],
    "balanced_accuracies": [
      0.575,
      0.575,
      0.25,
      0.30000000000000004,
      0.275
    ],
    "mean_accuracy": 0.395,
    "std_accuracy": 0.14781745499094479,
    "mean_balanced_accuracy": 0.395,
    "std_balanced_accuracy": 0.14781745499094479
  }
}