[2026-05-19 15:29:39] Run ID:     20260519_1529_9944c155
[2026-05-19 15:29:39] Artifacts:  /Users/vadim/Documents/School/Spring 2026/CSCE A698 Individual Research/EEG_JEPA/artifacts/liu2024-source-mat-sjepa-prelocal/20260519_1529_9944c155
[2026-05-19 15:29:39] Config:     /Users/vadim/Documents/School/Spring 2026/CSCE A698 Individual Research/EEG_JEPA/artifacts/liu2024-source-mat-sjepa-prelocal/20260519_1529_9944c155/config.json
[2026-05-19 15:29:39] Using device: mps
[2026-05-19 15:29:39] Seed initialized: 12
[2026-05-19 15:29:39] Source extract dir: /Users/vadim/Documents/School/Spring 2026/CSCE A698 Individual Research/EEG_JEPA/liu2024_figshare/sourcedata
[2026-05-19 15:29:39] Found 50 .mat files
[2026-05-19 15:29:45] Subjects loaded: [1, 2, 3, 4, 5, 6, 7, 8, 9, 10, 11, 12, 13, 14, 15, 16, 17, 18, 19, 20, 21, 22, 23, 24, 25, 26, 27, 28, 29, 30, 31, 32, 33, 34, 35, 36, 37, 38, 39, 40, 41, 42, 43, 44, 45, 46, 47, 48, 49, 50]
[2026-05-19 15:29:58] X_ALL shape: (2000, 29, 537) | Y_ALL counts: [1000, 1000]
[2026-05-19 15:29:58] ======================================================================
[2026-05-19 15:29:58] STARTING WITHIN-SUBJECT CROSS-VALIDATION
[2026-05-19 15:29:58] ======================================================================
[2026-05-19 15:29:58] Dataset:       Liu2024_SourceMAT
[2026-05-19 15:29:58] Subjects:      ['1', '2', '3', '4', '5', '6', '7', '8', '9', '10', '11', '12', '13', '14', '15', '16', '17', '18', '19', '20', '21', '22', '23', '24', '25', '26', '27', '28', '29', '30', '31', '32', '33', '34', '35', '36', '37', '38', '39', '40', '41', '42', '43', '44', '45', '46', '47', '48', '49', '50']
[2026-05-19 15:29:58] Model:         SignalJEPA_PreLocal
[2026-05-19 15:29:58] Pretrained:    from_pretrained
[2026-05-19 15:29:58] Strategy:      full
[2026-05-19 15:29:58] Optimizer:     AdamW | lr=0.0005 | wd=0.0001
[2026-05-19 15:29:58] Noise aug:     0.05
[2026-05-19 15:29:58] CV folds:      5
[2026-05-19 15:29:58] Val split:     0.2
[2026-05-19 15:29:58] Max epochs:    50
[2026-05-19 15:29:58] Device:        mps
[2026-05-19 15:29:58] ======================================================================

[2026-05-19 15:29:58] Subject 1: 40 windows | class_counts=[20, 20]

[2026-05-19 15:29:59] Fold 1/5 | subject=1
[2026-05-19 15:29:59]     Train: 32 | counts=[16, 16]
[2026-05-19 15:29:59]     Test:  8 | counts=[4, 4]
[2026-05-19 15:29:59]     Model: SignalJEPA_PreLocal | Pretrained: from_pretrained | Strategy: full
[2026-05-19 15:29:59]     Phase 1 (warmup): 2,170/16,010 params
[2026-05-19 15:29:59]     Phase 2 (full): 16,010/16,010 params
[2026-05-19 15:30:00]     Result | best_epoch=1 | stop=50 | acc=0.7500 | bal_acc=0.7500 | pred_hist=[2, 6] | collapse=False
[2026-05-19 15:30:00]     spatial_conv=[4, 29] top_abs_channels=[('FC4', 0.15536325), ('Pz', 0.1310169), ('FT7', 0.12931234), ('FC3', 0.11695978), ('C3', 0.11583629), ('CP4', 0.11572236), ('FCz', 0.11448019), ('Fp1', 0.11273859)]
[2026-05-19 15:30:00]     spatial_update=delta_l2=0.13868500 max_abs=0.02457824 relative=0.11867908 changed=True

[2026-05-19 15:30:01] Fold 2/5 | subject=1
[2026-05-19 15:30:01]     Train: 32 | counts=[16, 16]
[2026-05-19 15:30:01]     Test:  8 | counts=[4, 4]
[2026-05-19 15:30:01]     Model: SignalJEPA_PreLocal | Pretrained: from_pretrained | Strategy: full
[2026-05-19 15:30:01]     Phase 1 (warmup): 2,170/16,010 params
[2026-05-19 15:30:01]     Phase 2 (full): 16,010/16,010 params
[2026-05-19 15:30:02]     Result | best_epoch=50 | stop=50 | acc=0.5000 | bal_acc=0.5000 | pred_hist=[6, 2] | collapse=False
[2026-05-19 15:30:02]     spatial_conv=[4, 29] top_abs_channels=[('FC4', 0.15344401), ('Pz', 0.14476666), ('CP4', 0.12459509), ('FCz', 0.1230689), ('FT7', 0.11981618), ('C3', 0.11939317), ('Fp1', 0.11798926), ('TP8', 0.11736663)]
[2026-05-19 15:30:02]     spatial_update=delta_l2=0.15777844 max_abs=0.02614693 relative=0.13501822 changed=True

[2026-05-19 15:30:03] Fold 3/5 | subject=1
[2026-05-19 15:30:03]     Train: 32 | counts=[16, 16]
[2026-05-19 15:30:03]     Test:  8 | counts=[4, 4]
[2026-05-19 15:30:03]     Model: SignalJEPA_PreLocal | Pretrained: from_pretrained | Strategy: full
[2026-05-19 15:30:03]     Phase 1 (warmup): 2,170/16,010 params
[2026-05-19 15:30:03]     Phase 2 (full): 16,010/16,010 params
[2026-05-19 15:30:04]     Result | best_epoch=38 | stop=50 | acc=0.3750 | bal_acc=0.3750 | pred_hist=[3, 5] | collapse=False
[2026-05-19 15:30:04]     spatial_conv=[4, 29] top_abs_channels=[('FC4', 0.16094209), ('Pz', 0.13465393), ('FT7', 0.12473441), ('CP4', 0.12295282), ('FCz', 0.12081371), ('C3', 0.11949711), ('FC3', 0.11568775), ('Fp1', 0.11389601)]
[2026-05-19 15:30:04]     spatial_update=delta_l2=0.14791697 max_abs=0.02696875 relative=0.12657931 changed=True

[2026-05-19 15:30:04] Fold 4/5 | subject=1
[2026-05-19 15:30:04]     Train: 32 | counts=[16, 16]
[2026-05-19 15:30:04]     Test:  8 | counts=[4, 4]
[2026-05-19 15:30:04]     Model: SignalJEPA_PreLocal | Pretrained: from_pretrained | Strategy: full
[2026-05-19 15:30:04]     Phase 1 (warmup): 2,170/16,010 params
[2026-05-19 15:30:04]     Phase 2 (full): 16,010/16,010 params
[2026-05-19 15:30:05]     Result | best_epoch=1 | stop=50 | acc=0.6250 | bal_acc=0.6250 | pred_hist=[5, 3] | collapse=False
[2026-05-19 15:30:05]     spatial_conv=[4, 29] top_abs_channels=[('FC4', 0.15704653), ('Pz', 0.14285584), ('FC3', 0.12388433), ('C3', 0.12249383), ('CP4', 0.12119124), ('FCz', 0.11975908), ('FT7', 0.11623256), ('TP8', 0.11485174)]
[2026-05-19 15:30:05]     spatial_update=delta_l2=0.15215854 max_abs=0.02645721 relative=0.13020901 changed=True

[2026-05-19 15:30:06] Fold 5/5 | subject=1
[2026-05-19 15:30:06]     Train: 32 | counts=[16, 16]
[2026-05-19 15:30:06]     Test:  8 | counts=[4, 4]
[2026-05-19 15:30:06]     Model: SignalJEPA_PreLocal | Pretrained: from_pretrained | Strategy: full
[2026-05-19 15:30:06]     Phase 1 (warmup): 2,170/16,010 params
[2026-05-19 15:30:06]     Phase 2 (full): 16,010/16,010 params
[2026-05-19 15:30:07]     Result | best_epoch=46 | stop=50 | acc=0.6250 | bal_acc=0.6250 | pred_hist=[5, 3] | collapse=False
[2026-05-19 15:30:07]     spatial_conv=[4, 29] top_abs_channels=[('FC4', 0.15427254), ('Pz', 0.1312639), ('FC3', 0.13120878), ('CP4', 0.12914656), ('FCz', 0.11827072), ('FT7', 0.11421383), ('C3', 0.11144671), ('Fp1', 0.11142211)]
[2026-05-19 15:30:07]     spatial_update=delta_l2=0.15917521 max_abs=0.02677386 relative=0.13621350 changed=True
[2026-05-19 15:30:07]   Subject 1: acc=0.5750±0.1275  bal_acc=0.5750±0.1275

[2026-05-19 15:30:07] Subject 2: 40 windows | class_counts=[20, 20]

[2026-05-19 15:30:07] Fold 1/5 | subject=2
[2026-05-19 15:30:07]     Train: 32 | counts=[16, 16]
[2026-05-19 15:30:07]     Test:  8 | counts=[4, 4]
[2026-05-19 15:30:07]     Model: SignalJEPA_PreLocal | Pretrained: from_pretrained | Strategy: full
[2026-05-19 15:30:07]     Phase 1 (warmup): 2,170/16,010 params
[2026-05-19 15:30:08]     Phase 2 (full): 16,010/16,010 params
[2026-05-19 15:30:08]     Result | best_epoch=46 | stop=50 | acc=0.5000 | bal_acc=0.5000 | pred_hist=[2, 6] | collapse=False
[2026-05-19 15:30:08]     spatial_conv=[4, 29] top_abs_channels=[('FC4', 0.1637466), ('Pz', 0.13327622), ('Fp1', 0.124992), ('T7', 0.12376686), ('FT7', 0.12114114), ('P7', 0.11861158), ('CP4', 0.11708362), ('C3', 0.11395501)]
[2026-05-19 15:30:08]     spatial_update=delta_l2=0.13970570 max_abs=0.02343947 relative=0.11955255 changed=True

[2026-05-19 15:30:09] Fold 2/5 | subject=2
[2026-05-19 15:30:09]     Train: 32 | counts=[16, 16]
[2026-05-19 15:30:09]     Test:  8 | counts=[4, 4]
[2026-05-19 15:30:09]     Model: SignalJEPA_PreLocal | Pretrained: from_pretrained | Strategy: full
[2026-05-19 15:30:09]     Phase 1 (warmup): 2,170/16,010 params
[2026-05-19 15:30:09]     Phase 2 (full): 16,010/16,010 params
[2026-05-19 15:30:10]     Result | best_epoch=50 | stop=50 | acc=0.6250 | bal_acc=0.6250 | pred_hist=[1, 7] | collapse=False
[2026-05-19 15:30:10]     spatial_conv=[4, 29] top_abs_channels=[('FC4', 0.15986311), ('Pz', 0.13053532), ('T7', 0.12245744), ('CP4', 0.12135098), ('FT7', 0.12119195), ('Fp1', 0.11486381), ('P7', 0.1140469), ('C3', 0.11304152)]
[2026-05-19 15:30:10]     spatial_update=delta_l2=0.14238840 max_abs=0.02681057 relative=0.12184825 changed=True

[2026-05-19 15:30:11] Fold 3/5 | subject=2
[2026-05-19 15:30:11]     Train: 32 | counts=[16, 16]
[2026-05-19 15:30:11]     Test:  8 | counts=[4, 4]
[2026-05-19 15:30:11]     Model: SignalJEPA_PreLocal | Pretrained: from_pretrained | Strategy: full
[2026-05-19 15:30:11]     Phase 1 (warmup): 2,170/16,010 params
[2026-05-19 15:30:11]     Phase 2 (full): 16,010/16,010 params
[2026-05-19 15:30:11]     Result | best_epoch=39 | stop=50 | acc=0.7500 | bal_acc=0.7500 | pred_hist=[4, 4] | collapse=False
[2026-05-19 15:30:11]     spatial_conv=[4, 29] top_abs_channels=[('FC4', 0.16812363), ('T7', 0.12801221), ('Pz', 0.12734871), ('CP4', 0.12597215), ('C3', 0.12437983), ('Fp1', 0.12222929), ('FT7', 0.11855339), ('P7', 0.11358437)]
[2026-05-19 15:30:11]     spatial_update=delta_l2=0.14619755 max_abs=0.02610663 relative=0.12510792 changed=True

[2026-05-19 15:30:12] Fold 4/5 | subject=2
[2026-05-19 15:30:12]     Train: 32 | counts=[16, 16]
[2026-05-19 15:30:12]     Test:  8 | counts=[4, 4]
[2026-05-19 15:30:12]     Model: SignalJEPA_PreLocal | Pretrained: from_pretrained | Strategy: full
[2026-05-19 15:30:12]     Phase 1 (warmup): 2,170/16,010 params
[2026-05-19 15:30:12]     Phase 2 (full): 16,010/16,010 params
[2026-05-19 15:30:13]     Result | best_epoch=35 | stop=50 | acc=0.6250 | bal_acc=0.6250 | pred_hist=[5, 3] | collapse=False
[2026-05-19 15:30:13]     spatial_conv=[4, 29] top_abs_channels=[('FC4', 0.16104729), ('Pz', 0.13330369), ('Fp1', 0.12551056), ('CP4', 0.11999145), ('C3', 0.11957143), ('FT7', 0.11906593), ('F8', 0.11663099), ('T7', 0.11325974)]
[2026-05-19 15:30:13]     spatial_update=delta_l2=0.13942397 max_abs=0.02521797 relative=0.11931145 changed=True

[2026-05-19 15:30:14] Fold 5/5 | subject=2
[2026-05-19 15:30:14]     Train: 32 | counts=[16, 16]
[2026-05-19 15:30:14]     Test:  8 | counts=[4, 4]
[2026-05-19 15:30:14]     Model: SignalJEPA_PreLocal | Pretrained: from_pretrained | Strategy: full
[2026-05-19 15:30:14]     Phase 1 (warmup): 2,170/16,010 params
[2026-05-19 15:30:14]     Phase 2 (full): 16,010/16,010 params
[2026-05-19 15:30:15]     Result | best_epoch=42 | stop=50 | acc=0.6250 | bal_acc=0.6250 | pred_hist=[5, 3] | collapse=False
[2026-05-19 15:30:15]     spatial_conv=[4, 29] top_abs_channels=[('FC4', 0.15619691), ('Pz', 0.1368266), ('Fp1', 0.12974675), ('CP4', 0.12629893), ('FT7', 0.12294344), ('C3', 0.11967395), ('T7', 0.11662959), ('FC3', 0.11572483)]
[2026-05-19 15:30:15]     spatial_update=delta_l2=0.13985996 max_abs=0.02590427 relative=0.11968455 changed=True
[2026-05-19 15:30:15]   Subject 2: acc=0.6250±0.0791  bal_acc=0.6250±0.0791

[2026-05-19 15:30:15] Subject 3: 40 windows | class_counts=[20, 20]

[2026-05-19 15:30:15] Fold 1/5 | subject=3
[2026-05-19 15:30:15]     Train: 32 | counts=[16, 16]
[2026-05-19 15:30:15]     Test:  8 | counts=[4, 4]
[2026-05-19 15:30:15]     Model: SignalJEPA_PreLocal | Pretrained: from_pretrained | Strategy: full
[2026-05-19 15:30:15]     Phase 1 (warmup): 2,170/16,010 params
[2026-05-19 15:30:16]     Phase 2 (full): 16,010/16,010 params
[2026-05-19 15:30:16]     Result | best_epoch=1 | stop=50 | acc=0.6250 | bal_acc=0.6250 | pred_hist=[3, 5] | collapse=False
[2026-05-19 15:30:16]     spatial_conv=[4, 29] top_abs_channels=[('FC4', 0.16238943), ('Pz', 0.15022129), ('C3', 0.11800981), ('FC3', 0.11653222), ('T7', 0.1154331), ('FT7', 0.11365541), ('CP4', 0.11325812), ('Fp1', 0.11204992)]
[2026-05-19 15:30:16]     spatial_update=delta_l2=0.18012905 max_abs=0.02686449 relative=0.15414465 changed=True

[2026-05-19 15:30:17] Fold 2/5 | subject=3
[2026-05-19 15:30:17]     Train: 32 | counts=[16, 16]
[2026-05-19 15:30:17]     Test:  8 | counts=[4, 4]
[2026-05-19 15:30:17]     Model: SignalJEPA_PreLocal | Pretrained: from_pretrained | Strategy: full
[2026-05-19 15:30:17]     Phase 1 (warmup): 2,170/16,010 params
[2026-05-19 15:30:17]     Phase 2 (full): 16,010/16,010 params
[2026-05-19 15:30:18]     Result | best_epoch=50 | stop=50 | acc=0.6250 | bal_acc=0.6250 | pred_hist=[7, 1] | collapse=False
[2026-05-19 15:30:18]     spatial_conv=[4, 29] top_abs_channels=[('FC4', 0.15741333), ('Pz', 0.1424702), ('C3', 0.12695736), ('FT7', 0.12657267), ('O2', 0.12141519), ('FC3', 0.11903833), ('T7', 0.1183452), ('TP8', 0.1106419)]
[2026-05-19 15:30:18]     spatial_update=delta_l2=0.17015252 max_abs=0.02698588 relative=0.14560728 changed=True

[2026-05-19 15:30:19] Fold 3/5 | subject=3
[2026-05-19 15:30:19]     Train: 32 | counts=[16, 16]
[2026-05-19 15:30:19]     Test:  8 | counts=[4, 4]
[2026-05-19 15:30:19]     Model: SignalJEPA_PreLocal | Pretrained: from_pretrained | Strategy: full
[2026-05-19 15:30:19]     Phase 1 (warmup): 2,170/16,010 params
[2026-05-19 15:30:19]     Phase 2 (full): 16,010/16,010 params
[2026-05-19 15:30:20]     Result | best_epoch=49 | stop=50 | acc=0.5000 | bal_acc=0.5000 | pred_hist=[4, 4] | collapse=False
[2026-05-19 15:30:20]     spatial_conv=[4, 29] top_abs_channels=[('FC4', 0.17020246), ('Pz', 0.13682511), ('FCz', 0.13175945), ('C3', 0.12574123), ('FT7', 0.12522262), ('FC3', 0.12357499), ('O2', 0.11847249), ('CP4', 0.11823061)]
[2026-05-19 15:30:20]     spatial_update=delta_l2=0.18788584 max_abs=0.02689718 relative=0.16078249 changed=True

[2026-05-19 15:30:20] Fold 4/5 | subject=3
[2026-05-19 15:30:20]     Train: 32 | counts=[16, 16]
[2026-05-19 15:30:20]     Test:  8 | counts=[4, 4]
[2026-05-19 15:30:20]     Model: SignalJEPA_PreLocal | Pretrained: from_pretrained | Strategy: full
[2026-05-19 15:30:20]     Phase 1 (warmup): 2,170/16,010 params
[2026-05-19 15:30:20]     Phase 2 (full): 16,010/16,010 params
[2026-05-19 15:30:21]     Result | best_epoch=50 | stop=50 | acc=0.6250 | bal_acc=0.6250 | pred_hist=[5, 3] | collapse=False
[2026-05-19 15:30:21]     spatial_conv=[4, 29] top_abs_channels=[('Pz', 0.15039098), ('FC4', 0.14925891), ('FT7', 0.13413754), ('C3', 0.11987638), ('O2', 0.11640172), ('T7', 0.11628568), ('FC3', 0.11495789), ('F8', 0.113324)]
[2026-05-19 15:30:21]     spatial_update=delta_l2=0.16444915 max_abs=0.02665394 relative=0.14072664 changed=True

[2026-05-19 15:30:22] Fold 5/5 | subject=3
[2026-05-19 15:30:22]     Train: 32 | counts=[16, 16]
[2026-05-19 15:30:22]     Test:  8 | counts=[4, 4]
[2026-05-19 15:30:22]     Model: SignalJEPA_PreLocal | Pretrained: from_pretrained | Strategy: full
[2026-05-19 15:30:22]     Phase 1 (warmup): 2,170/16,010 params
[2026-05-19 15:30:22]     Phase 2 (full): 16,010/16,010 params
[2026-05-19 15:30:23]     Result | best_epoch=45 | stop=50 | acc=0.7500 | bal_acc=0.7500 | pred_hist=[4, 4] | collapse=False
[2026-05-19 15:30:23]     spatial_conv=[4, 29] top_abs_channels=[('FC4', 0.1619698), ('Pz', 0.13919367), ('C3', 0.12841076), ('FT7', 0.12633836), ('O2', 0.12498347), ('FCz', 0.1137198), ('F8', 0.11170623), ('Fp1', 0.11168063)]
[2026-05-19 15:30:23]     spatial_update=delta_l2=0.17188958 max_abs=0.02696541 relative=0.14709376 changed=True
[2026-05-19 15:30:23]   Subject 3: acc=0.6250±0.0791  bal_acc=0.6250±0.0791

[2026-05-19 15:30:23] Subject 4: 40 windows | class_counts=[20, 20]

[2026-05-19 15:30:23] Fold 1/5 | subject=4
[2026-05-19 15:30:23]     Train: 32 | counts=[16, 16]
[2026-05-19 15:30:23]     Test:  8 | counts=[4, 4]
[2026-05-19 15:30:23]     Model: SignalJEPA_PreLocal | Pretrained: from_pretrained | Strategy: full
[2026-05-19 15:30:23]     Phase 1 (warmup): 2,170/16,010 params
[2026-05-19 15:30:24]     Phase 2 (full): 16,010/16,010 params
[2026-05-19 15:30:24]     Result | best_epoch=50 | stop=50 | acc=0.6250 | bal_acc=0.6250 | pred_hist=[3, 5] | collapse=False
[2026-05-19 15:30:24]     spatial_conv=[4, 29] top_abs_channels=[('FC4', 0.17524511), ('Pz', 0.13671064), ('C3', 0.12696731), ('Fp1', 0.12310854), ('T7', 0.11587772), ('CP4', 0.11273859), ('TP8', 0.11134275), ('C4', 0.10991492)]
[2026-05-19 15:30:24]     spatial_update=delta_l2=0.15965554 max_abs=0.02755456 relative=0.13662453 changed=True

[2026-05-19 15:30:25] Fold 2/5 | subject=4
[2026-05-19 15:30:25]     Train: 32 | counts=[16, 16]
[2026-05-19 15:30:25]     Test:  8 | counts=[4, 4]
[2026-05-19 15:30:25]     Model: SignalJEPA_PreLocal | Pretrained: from_pretrained | Strategy: full
[2026-05-19 15:30:25]     Phase 1 (warmup): 2,170/16,010 params
[2026-05-19 15:30:25]     Phase 2 (full): 16,010/16,010 params
[2026-05-19 15:30:26]     Result | best_epoch=50 | stop=50 | acc=0.7500 | bal_acc=0.7500 | pred_hist=[4, 4] | collapse=False
[2026-05-19 15:30:26]     spatial_conv=[4, 29] top_abs_channels=[('FC4', 0.16224307), ('Pz', 0.12912861), ('T7', 0.12503707), ('CP4', 0.12057479), ('C3', 0.12032063), ('FC3', 0.11909115), ('Fp1', 0.11733507), ('TP8', 0.1166597)]
[2026-05-19 15:30:26]     spatial_update=delta_l2=0.17604263 max_abs=0.02701432 relative=0.15064771 changed=True

[2026-05-19 15:30:27] Fold 3/5 | subject=4
[2026-05-19 15:30:27]     Train: 32 | counts=[16, 16]
[2026-05-19 15:30:27]     Test:  8 | counts=[4, 4]
[2026-05-19 15:30:27]     Model: SignalJEPA_PreLocal | Pretrained: from_pretrained | Strategy: full
[2026-05-19 15:30:27]     Phase 1 (warmup): 2,170/16,010 params
[2026-05-19 15:30:27]     Phase 2 (full): 16,010/16,010 params
[2026-05-19 15:30:27]     Result | best_epoch=49 | stop=50 | acc=0.8750 | bal_acc=0.8750 | pred_hist=[3, 5] | collapse=False
[2026-05-19 15:30:27]     spatial_conv=[4, 29] top_abs_channels=[('FC4', 0.16807748), ('Pz', 0.13191558), ('Fp1', 0.12281449), ('CP4', 0.12062772), ('C3', 0.12054592), ('TP8', 0.11321848), ('FC3', 0.111646), ('FT7', 0.11158879)]
[2026-05-19 15:30:27]     spatial_update=delta_l2=0.15216746 max_abs=0.02763179 relative=0.13021664 changed=True

[2026-05-19 15:30:28] Fold 4/5 | subject=4
[2026-05-19 15:30:28]     Train: 32 | counts=[16, 16]
[2026-05-19 15:30:28]     Test:  8 | counts=[4, 4]
[2026-05-19 15:30:28]     Model: SignalJEPA_PreLocal | Pretrained: from_pretrained | Strategy: full
[2026-05-19 15:30:28]     Phase 1 (warmup): 2,170/16,010 params
[2026-05-19 15:30:28]     Phase 2 (full): 16,010/16,010 params
[2026-05-19 15:30:29]     Result | best_epoch=13 | stop=50 | acc=0.8750 | bal_acc=0.8750 | pred_hist=[3, 5] | collapse=False
[2026-05-19 15:30:29]     spatial_conv=[4, 29] top_abs_channels=[('FC4', 0.16141705), ('Fp1', 0.12788109), ('Pz', 0.12573996), ('C3', 0.12266233), ('T7', 0.11902231), ('TP8', 0.11793721), ('CP4', 0.11679783), ('FT7', 0.11672089)]
[2026-05-19 15:30:29]     spatial_update=delta_l2=0.19265099 max_abs=0.02810115 relative=0.16486025 changed=True

[2026-05-19 15:30:30] Fold 5/5 | subject=4
[2026-05-19 15:30:30]     Train: 32 | counts=[16, 16]
[2026-05-19 15:30:30]     Test:  8 | counts=[4, 4]
[2026-05-19 15:30:30]     Model: SignalJEPA_PreLocal | Pretrained: from_pretrained | Strategy: full
[2026-05-19 15:30:30]     Phase 1 (warmup): 2,170/16,010 params
[2026-05-19 15:30:30]     Phase 2 (full): 16,010/16,010 params
[2026-05-19 15:30:31]     Result | best_epoch=44 | stop=50 | acc=0.5000 | bal_acc=0.5000 | pred_hist=[6, 2] | collapse=False
[2026-05-19 15:30:31]     spatial_conv=[4, 29] top_abs_channels=[('FC4', 0.17083959), ('Pz', 0.14021099), ('Fp1', 0.12160315), ('C3', 0.12107763), ('FC3', 0.12025237), ('T7', 0.11989847), ('TP8', 0.11205092), ('C4', 0.11176261)]
[2026-05-19 15:30:31]     spatial_update=delta_l2=0.15763222 max_abs=0.02686946 relative=0.13489309 changed=True
[2026-05-19 15:30:31]   Subject 4: acc=0.7250±0.1458  bal_acc=0.7250±0.1458

[2026-05-19 15:30:31] Subject 5: 40 windows | class_counts=[20, 20]

[2026-05-19 15:30:31] Fold 1/5 | subject=5
[2026-05-19 15:30:31]     Train: 32 | counts=[16, 16]
[2026-05-19 15:30:31]     Test:  8 | counts=[4, 4]
[2026-05-19 15:30:31]     Model: SignalJEPA_PreLocal | Pretrained: from_pretrained | Strategy: full
[2026-05-19 15:30:31]     Phase 1 (warmup): 2,170/16,010 params
[2026-05-19 15:30:31]     Phase 2 (full): 16,010/16,010 params
[2026-05-19 15:30:32]     Result | best_epoch=24 | stop=50 | acc=0.5000 | bal_acc=0.5000 | pred_hist=[6, 2] | collapse=False
[2026-05-19 15:30:32]     spatial_conv=[4, 29] top_abs_channels=[('FC4', 0.16014335), ('T7', 0.1271811), ('Pz', 0.12287771), ('P7', 0.12283284), ('TP8', 0.12277307), ('FT7', 0.11972414), ('C3', 0.11693828), ('CP4', 0.11668836)]
[2026-05-19 15:30:32]     spatial_update=delta_l2=0.17775632 max_abs=0.02763049 relative=0.15211420 changed=True

[2026-05-19 15:30:33] Fold 2/5 | subject=5
[2026-05-19 15:30:33]     Train: 32 | counts=[16, 16]
[2026-05-19 15:30:33]     Test:  8 | counts=[4, 4]
[2026-05-19 15:30:33]     Model: SignalJEPA_PreLocal | Pretrained: from_pretrained | Strategy: full
[2026-05-19 15:30:33]     Phase 1 (warmup): 2,170/16,010 params
[2026-05-19 15:30:33]     Phase 2 (full): 16,010/16,010 params
[2026-05-19 15:30:34]     Result | best_epoch=13 | stop=50 | acc=0.7500 | bal_acc=0.7500 | pred_hist=[4, 4] | collapse=False
[2026-05-19 15:30:34]     spatial_conv=[4, 29] top_abs_channels=[('FC4', 0.16466585), ('Pz', 0.13181673), ('FT7', 0.12204905), ('P7', 0.12136038), ('TP8', 0.12038103), ('C3', 0.11993542), ('FCz', 0.11743559), ('FC3', 0.11729062)]
[2026-05-19 15:30:34]     spatial_update=delta_l2=0.17343234 max_abs=0.02685665 relative=0.14841397 changed=True

[2026-05-19 15:30:34] Fold 3/5 | subject=5
[2026-05-19 15:30:34]     Train: 32 | counts=[16, 16]
[2026-05-19 15:30:34]     Test:  8 | counts=[4, 4]
[2026-05-19 15:30:34]     Model: SignalJEPA_PreLocal | Pretrained: from_pretrained | Strategy: full
[2026-05-19 15:30:34]     Phase 1 (warmup): 2,170/16,010 params
[2026-05-19 15:30:34]     Phase 2 (full): 16,010/16,010 params
[2026-05-19 15:30:35]     Result | best_epoch=1 | stop=50 | acc=0.7500 | bal_acc=0.7500 | pred_hist=[4, 4] | collapse=False
[2026-05-19 15:30:35]     spatial_conv=[4, 29] top_abs_channels=[('FC4', 0.16082564), ('Pz', 0.14149979), ('FCz', 0.12565923), ('TP8', 0.12357308), ('P7', 0.12079736), ('O2', 0.11973791), ('FT7', 0.11916418), ('C3', 0.11678244)]
[2026-05-19 15:30:35]     spatial_update=delta_l2=0.18455644 max_abs=0.02697733 relative=0.15793337 changed=True

[2026-05-19 15:30:36] Fold 4/5 | subject=5
[2026-05-19 15:30:36]     Train: 32 | counts=[16, 16]
[2026-05-19 15:30:36]     Test:  8 | counts=[4, 4]
[2026-05-19 15:30:36]     Model: SignalJEPA_PreLocal | Pretrained: from_pretrained | Strategy: full
[2026-05-19 15:30:36]     Phase 1 (warmup): 2,170/16,010 params
[2026-05-19 15:30:36]     Phase 2 (full): 16,010/16,010 params
[2026-05-19 15:30:37]     Result | best_epoch=50 | stop=50 | acc=0.3750 | bal_acc=0.3750 | pred_hist=[7, 1] | collapse=False
[2026-05-19 15:30:37]     spatial_conv=[4, 29] top_abs_channels=[('FC4', 0.17814389), ('C3', 0.12879308), ('Pz', 0.12739424), ('O2', 0.11745186), ('T7', 0.11665969), ('P7', 0.11618682), ('TP8', 0.11564213), ('FCz', 0.1156061)]
[2026-05-19 15:30:37]     spatial_update=delta_l2=0.17594483 max_abs=0.02748520 relative=0.15056402 changed=True

[2026-05-19 15:30:37] Fold 5/5 | subject=5
[2026-05-19 15:30:37]     Train: 32 | counts=[16, 16]
[2026-05-19 15:30:37]     Test:  8 | counts=[4, 4]
[2026-05-19 15:30:37]     Model: SignalJEPA_PreLocal | Pretrained: from_pretrained | Strategy: full
[2026-05-19 15:30:37]     Phase 1 (warmup): 2,170/16,010 params
[2026-05-19 15:30:38]     Phase 2 (full): 16,010/16,010 params
[2026-05-19 15:30:38]     Result | best_epoch=13 | stop=50 | acc=0.6250 | bal_acc=0.6250 | pred_hist=[7, 1] | collapse=False
[2026-05-19 15:30:38]     spatial_conv=[4, 29] top_abs_channels=[('FC4', 0.16208114), ('Pz', 0.13335136), ('FT7', 0.12746997), ('FC3', 0.12293651), ('T7', 0.12148005), ('TP8', 0.11723228), ('O2', 0.11653022), ('C3', 0.11357397)]
[2026-05-19 15:30:38]     spatial_update=delta_l2=0.17820986 max_abs=0.02685170 relative=0.15250231 changed=True
[2026-05-19 15:30:38]   Subject 5: acc=0.6000±0.1458  bal_acc=0.6000±0.1458

[2026-05-19 15:30:38] Subject 6: 40 windows | class_counts=[20, 20]

[2026-05-19 15:30:39] Fold 1/5 | subject=6
[2026-05-19 15:30:39]     Train: 32 | counts=[16, 16]
[2026-05-19 15:30:39]     Test:  8 | counts=[4, 4]
[2026-05-19 15:30:39]     Model: SignalJEPA_PreLocal | Pretrained: from_pretrained | Strategy: full
[2026-05-19 15:30:39]     Phase 1 (warmup): 2,170/16,010 params
[2026-05-19 15:30:39]     Phase 2 (full): 16,010/16,010 params
[2026-05-19 15:30:40]     Result | best_epoch=46 | stop=50 | acc=0.5000 | bal_acc=0.5000 | pred_hist=[6, 2] | collapse=False
[2026-05-19 15:30:40]     spatial_conv=[4, 29] top_abs_channels=[('FC4', 0.15387334), ('FT7', 0.13275568), ('C3', 0.12855026), ('Pz', 0.12654635), ('CP4', 0.12068967), ('FCz', 0.11599353), ('Fp1', 0.11374451), ('P7', 0.11276665)]
[2026-05-19 15:30:40]     spatial_update=delta_l2=0.16710924 max_abs=0.02738471 relative=0.14300300 changed=True

[2026-05-19 15:30:41] Fold 2/5 | subject=6
[2026-05-19 15:30:41]     Train: 32 | counts=[16, 16]
[2026-05-19 15:30:41]     Test:  8 | counts=[4, 4]
[2026-05-19 15:30:41]     Model: SignalJEPA_PreLocal | Pretrained: from_pretrained | Strategy: full
[2026-05-19 15:30:41]     Phase 1 (warmup): 2,170/16,010 params
[2026-05-19 15:30:41]     Phase 2 (full): 16,010/16,010 params
[2026-05-19 15:30:42]     Result | best_epoch=1 | stop=50 | acc=0.7500 | bal_acc=0.7500 | pred_hist=[4, 4] | collapse=False
[2026-05-19 15:30:42]     spatial_conv=[4, 29] top_abs_channels=[('FC4', 0.1726847), ('Pz', 0.13274091), ('FT7', 0.13033649), ('C3', 0.12579659), ('CP4', 0.12565698), ('Fp1', 0.11402786), ('FCz', 0.11130598), ('P7', 0.10865678)]
[2026-05-19 15:30:42]     spatial_update=delta_l2=0.16317867 max_abs=0.02799559 relative=0.13963944 changed=True

[2026-05-19 15:30:42] Fold 3/5 | subject=6
[2026-05-19 15:30:42]     Train: 32 | counts=[16, 16]
[2026-05-19 15:30:42]     Test:  8 | counts=[4, 4]
[2026-05-19 15:30:42]     Model: SignalJEPA_PreLocal | Pretrained: from_pretrained | Strategy: full
[2026-05-19 15:30:42]     Phase 1 (warmup): 2,170/16,010 params
[2026-05-19 15:30:42]     Phase 2 (full): 16,010/16,010 params
[2026-05-19 15:30:43]     Result | best_epoch=1 | stop=50 | acc=0.2500 | bal_acc=0.2500 | pred_hist=[4, 4] | collapse=False
[2026-05-19 15:30:43]     spatial_conv=[4, 29] top_abs_channels=[('FC4', 0.16794661), ('C3', 0.13454467), ('FT7', 0.12795304), ('Pz', 0.12497595), ('CP4', 0.12425528), ('Fp1', 0.12011812), ('P7', 0.1182978), ('T7', 0.11002764)]
[2026-05-19 15:30:43]     spatial_update=delta_l2=0.16730861 max_abs=0.02753850 relative=0.14317361 changed=True

[2026-05-19 15:30:44] Fold 4/5 | subject=6
[2026-05-19 15:30:44]     Train: 32 | counts=[16, 16]
[2026-05-19 15:30:44]     Test:  8 | counts=[4, 4]
[2026-05-19 15:30:44]     Model: SignalJEPA_PreLocal | Pretrained: from_pretrained | Strategy: full
[2026-05-19 15:30:44]     Phase 1 (warmup): 2,170/16,010 params
[2026-05-19 15:30:44]     Phase 2 (full): 16,010/16,010 params
[2026-05-19 15:30:45]     Result | best_epoch=44 | stop=50 | acc=0.3750 | bal_acc=0.3750 | pred_hist=[5, 3] | collapse=False
[2026-05-19 15:30:45]     spatial_conv=[4, 29] top_abs_channels=[('FC4', 0.14791344), ('FT7', 0.14511557), ('Pz', 0.13815118), ('CP4', 0.12593696), ('FC3', 0.12250435), ('Fp1', 0.12035175), ('FCz', 0.11748095), ('C3', 0.11630413)]
[2026-05-19 15:30:45]     spatial_update=delta_l2=0.16303836 max_abs=0.02673274 relative=0.13951937 changed=True

[2026-05-19 15:30:46] Fold 5/5 | subject=6
[2026-05-19 15:30:46]     Train: 32 | counts=[16, 16]
[2026-05-19 15:30:46]     Test:  8 | counts=[4, 4]
[2026-05-19 15:30:46]     Model: SignalJEPA_PreLocal | Pretrained: from_pretrained | Strategy: full
[2026-05-19 15:30:46]     Phase 1 (warmup): 2,170/16,010 params
[2026-05-19 15:30:46]     Phase 2 (full): 16,010/16,010 params
[2026-05-19 15:30:47]     Result | best_epoch=34 | stop=50 | acc=0.6250 | bal_acc=0.6250 | pred_hist=[3, 5] | collapse=False
[2026-05-19 15:30:47]     spatial_conv=[4, 29] top_abs_channels=[('FC4', 0.16857418), ('Pz', 0.13940242), ('FT7', 0.13465485), ('FCz', 0.11928932), ('T7', 0.11814857), ('C3', 0.11615487), ('P7', 0.11527127), ('CP4', 0.11317314)]
[2026-05-19 15:30:47]     spatial_update=delta_l2=0.15019408 max_abs=0.02593626 relative=0.12852793 changed=True
[2026-05-19 15:30:47]   Subject 6: acc=0.5000±0.1768  bal_acc=0.5000±0.1768

[2026-05-19 15:30:47] Subject 7: 40 windows | class_counts=[20, 20]

[2026-05-19 15:30:48] Fold 1/5 | subject=7
[2026-05-19 15:30:48]     Train: 32 | counts=[16, 16]
[2026-05-19 15:30:48]     Test:  8 | counts=[4, 4]
[2026-05-19 15:30:48]     Model: SignalJEPA_PreLocal | Pretrained: from_pretrained | Strategy: full
[2026-05-19 15:30:48]     Phase 1 (warmup): 2,170/16,010 params
[2026-05-19 15:30:48]     Phase 2 (full): 16,010/16,010 params
[2026-05-19 15:30:49]     Result | best_epoch=1 | stop=50 | acc=0.5000 | bal_acc=0.5000 | pred_hist=[6, 2] | collapse=False
[2026-05-19 15:30:49]     spatial_conv=[4, 29] top_abs_channels=[('FC4', 0.16754881), ('FT7', 0.12583655), ('Pz', 0.1213711), ('Fp1', 0.12130356), ('FC3', 0.11886355), ('FCz', 0.11727737), ('CP4', 0.11305377), ('C3', 0.11271226)]
[2026-05-19 15:30:49]     spatial_update=delta_l2=0.14773164 max_abs=0.02648535 relative=0.12642071 changed=True

[2026-05-19 15:30:49] Fold 2/5 | subject=7
[2026-05-19 15:30:49]     Train: 32 | counts=[16, 16]
[2026-05-19 15:30:49]     Test:  8 | counts=[4, 4]
[2026-05-19 15:30:49]     Model: SignalJEPA_PreLocal | Pretrained: from_pretrained | Strategy: full
[2026-05-19 15:30:49]     Phase 1 (warmup): 2,170/16,010 params
[2026-05-19 15:30:50]     Phase 2 (full): 16,010/16,010 params
[2026-05-19 15:30:50]     Result | best_epoch=37 | stop=50 | acc=0.5000 | bal_acc=0.5000 | pred_hist=[6, 2] | collapse=False
[2026-05-19 15:30:50]     spatial_conv=[4, 29] top_abs_channels=[('FC4', 0.16180559), ('Pz', 0.13130432), ('P7', 0.12704688), ('CP4', 0.12304045), ('FT7', 0.12043586), ('C3', 0.11832589), ('FC3', 0.11489975), ('FCz', 0.11264464)]
[2026-05-19 15:30:50]     spatial_update=delta_l2=0.18888196 max_abs=0.02783518 relative=0.16163492 changed=True

[2026-05-19 15:30:51] Fold 3/5 | subject=7
[2026-05-19 15:30:51]     Train: 32 | counts=[16, 16]
[2026-05-19 15:30:51]     Test:  8 | counts=[4, 4]
[2026-05-19 15:30:51]     Model: SignalJEPA_PreLocal | Pretrained: from_pretrained | Strategy: full
[2026-05-19 15:30:51]     Phase 1 (warmup): 2,170/16,010 params
[2026-05-19 15:30:51]     Phase 2 (full): 16,010/16,010 params
[2026-05-19 15:30:52]     Result | best_epoch=50 | stop=50 | acc=0.6250 | bal_acc=0.6250 | pred_hist=[3, 5] | collapse=False
[2026-05-19 15:30:52]     spatial_conv=[4, 29] top_abs_channels=[('FC4', 0.15448277), ('Pz', 0.12837495), ('FT7', 0.1240592), ('CP4', 0.12098247), ('FC3', 0.11615697), ('P7', 0.11598913), ('C3', 0.11520531), ('TP8', 0.11107125)]
[2026-05-19 15:30:52]     spatial_update=delta_l2=0.17830236 max_abs=0.02754159 relative=0.15258147 changed=True

[2026-05-19 15:30:53] Fold 4/5 | subject=7
[2026-05-19 15:30:53]     Train: 32 | counts=[16, 16]
[2026-05-19 15:30:53]     Test:  8 | counts=[4, 4]
[2026-05-19 15:30:53]     Model: SignalJEPA_PreLocal | Pretrained: from_pretrained | Strategy: full
[2026-05-19 15:30:53]     Phase 1 (warmup): 2,170/16,010 params
[2026-05-19 15:30:53]     Phase 2 (full): 16,010/16,010 params
[2026-05-19 15:30:54]     Result | best_epoch=50 | stop=50 | acc=0.3750 | bal_acc=0.3750 | pred_hist=[5, 3] | collapse=False
[2026-05-19 15:30:54]     spatial_conv=[4, 29] top_abs_channels=[('FC4', 0.17731714), ('FT7', 0.12454776), ('Pz', 0.12369509), ('C3', 0.12095502), ('CP4', 0.11758156), ('T7', 0.1156006), ('Fp1', 0.11179312), ('FCz', 0.11075188)]
[2026-05-19 15:30:54]     spatial_update=delta_l2=0.17758345 max_abs=0.02646628 relative=0.15196626 changed=True

[2026-05-19 15:30:54] Fold 5/5 | subject=7
[2026-05-19 15:30:54]     Train: 32 | counts=[16, 16]
[2026-05-19 15:30:54]     Test:  8 | counts=[4, 4]
[2026-05-19 15:30:54]     Model: SignalJEPA_PreLocal | Pretrained: from_pretrained | Strategy: full
[2026-05-19 15:30:54]     Phase 1 (warmup): 2,170/16,010 params
[2026-05-19 15:30:54]     Phase 2 (full): 16,010/16,010 params
[2026-05-19 15:30:55]     Result | best_epoch=50 | stop=50 | acc=0.3750 | bal_acc=0.3750 | pred_hist=[5, 3] | collapse=False
[2026-05-19 15:30:55]     spatial_conv=[4, 29] top_abs_channels=[('FC4', 0.16054535), ('Pz', 0.12947133), ('FT7', 0.12664098), ('CP4', 0.12112808), ('C3', 0.11662312), ('TP8', 0.1152648), ('P7', 0.11370376), ('T7', 0.11294252)]
[2026-05-19 15:30:55]     spatial_update=delta_l2=0.17123967 max_abs=0.02753761 relative=0.14653760 changed=True
[2026-05-19 15:30:55]   Subject 7: acc=0.4750±0.0935  bal_acc=0.4750±0.0935

[2026-05-19 15:30:55] Subject 8: 40 windows | class_counts=[20, 20]

[2026-05-19 15:30:56] Fold 1/5 | subject=8
[2026-05-19 15:30:56]     Train: 32 | counts=[16, 16]
[2026-05-19 15:30:56]     Test:  8 | counts=[4, 4]
[2026-05-19 15:30:56]     Model: SignalJEPA_PreLocal | Pretrained: from_pretrained | Strategy: full
[2026-05-19 15:30:56]     Phase 1 (warmup): 2,170/16,010 params
[2026-05-19 15:30:56]     Phase 2 (full): 16,010/16,010 params
[2026-05-19 15:30:57]     Result | best_epoch=46 | stop=50 | acc=0.7500 | bal_acc=0.7500 | pred_hist=[2, 6] | collapse=False
[2026-05-19 15:30:57]     spatial_conv=[4, 29] top_abs_channels=[('FC4', 0.17965423), ('Pz', 0.13186517), ('FT7', 0.12493979), ('C3', 0.12490444), ('FCz', 0.11994465), ('Fp1', 0.11831763), ('CP4', 0.11616045), ('O2', 0.11408104)]
[2026-05-19 15:30:57]     spatial_update=delta_l2=0.14706261 max_abs=0.02795485 relative=0.12584819 changed=True

[2026-05-19 15:30:57] Fold 2/5 | subject=8
[2026-05-19 15:30:57]     Train: 32 | counts=[16, 16]
[2026-05-19 15:30:57]     Test:  8 | counts=[4, 4]
[2026-05-19 15:30:57]     Model: SignalJEPA_PreLocal | Pretrained: from_pretrained | Strategy: full
[2026-05-19 15:30:57]     Phase 1 (warmup): 2,170/16,010 params
[2026-05-19 15:30:57]     Phase 2 (full): 16,010/16,010 params
[2026-05-19 15:30:58]     Result | best_epoch=50 | stop=50 | acc=0.8750 | bal_acc=0.8750 | pred_hist=[5, 3] | collapse=False
[2026-05-19 15:30:58]     spatial_conv=[4, 29] top_abs_channels=[('FC4', 0.17673349), ('Pz', 0.13384406), ('C3', 0.12041), ('FT7', 0.11872751), ('CP4', 0.11834291), ('P7', 0.11792807), ('O2', 0.1167789), ('Fp1', 0.11591279)]
[2026-05-19 15:30:58]     spatial_update=delta_l2=0.12008623 max_abs=0.02318611 relative=0.10276327 changed=True

[2026-05-19 15:30:59] Fold 3/5 | subject=8
[2026-05-19 15:30:59]     Train: 32 | counts=[16, 16]
[2026-05-19 15:30:59]     Test:  8 | counts=[4, 4]
[2026-05-19 15:30:59]     Model: SignalJEPA_PreLocal | Pretrained: from_pretrained | Strategy: full
[2026-05-19 15:30:59]     Phase 1 (warmup): 2,170/16,010 params
[2026-05-19 15:30:59]     Phase 2 (full): 16,010/16,010 params
[2026-05-19 15:31:00]     Result | best_epoch=50 | stop=50 | acc=1.0000 | bal_acc=1.0000 | pred_hist=[4, 4] | collapse=False
[2026-05-19 15:31:00]     spatial_conv=[4, 29] top_abs_channels=[('FC4', 0.17891741), ('Pz', 0.13856196), ('C3', 0.12294302), ('Fp1', 0.12148173), ('FT7', 0.12138936), ('FCz', 0.11911738), ('P7', 0.11460917), ('CP4', 0.11159584)]
[2026-05-19 15:31:00]     spatial_update=delta_l2=0.11877569 max_abs=0.02676727 relative=0.10164178 changed=True

[2026-05-19 15:31:00] Fold 4/5 | subject=8
[2026-05-19 15:31:00]     Train: 32 | counts=[16, 16]
[2026-05-19 15:31:00]     Test:  8 | counts=[4, 4]
[2026-05-19 15:31:00]     Model: SignalJEPA_PreLocal | Pretrained: from_pretrained | Strategy: full
[2026-05-19 15:31:00]     Phase 1 (warmup): 2,170/16,010 params
[2026-05-19 15:31:01]     Phase 2 (full): 16,010/16,010 params
[2026-05-19 15:31:01]     Result | best_epoch=50 | stop=50 | acc=0.6250 | bal_acc=0.6250 | pred_hist=[5, 3] | collapse=False
[2026-05-19 15:31:01]     spatial_conv=[4, 29] top_abs_channels=[('FC4', 0.18324228), ('Pz', 0.13365065), ('FCz', 0.12817721), ('C3', 0.12436537), ('CP4', 0.12030054), ('O2', 0.11910874), ('FT7', 0.11764937), ('Fp1', 0.11427452)]
[2026-05-19 15:31:01]     spatial_update=delta_l2=0.15861884 max_abs=0.02772813 relative=0.13573738 changed=True

[2026-05-19 15:31:02] Fold 5/5 | subject=8
[2026-05-19 15:31:02]     Train: 32 | counts=[16, 16]
[2026-05-19 15:31:02]     Test:  8 | counts=[4, 4]
[2026-05-19 15:31:02]     Model: SignalJEPA_PreLocal | Pretrained: from_pretrained | Strategy: full
[2026-05-19 15:31:02]     Phase 1 (warmup): 2,170/16,010 params
[2026-05-19 15:31:02]     Phase 2 (full): 16,010/16,010 params
[2026-05-19 15:31:03]     Result | best_epoch=44 | stop=50 | acc=0.6250 | bal_acc=0.6250 | pred_hist=[5, 3] | collapse=False
[2026-05-19 15:31:03]     spatial_conv=[4, 29] top_abs_channels=[('FC4', 0.17963883), ('Pz', 0.13144544), ('C3', 0.12416891), ('FT7', 0.12031788), ('Fp1', 0.11743625), ('P7', 0.11489494), ('O2', 0.11423112), ('T7', 0.11325552)]
[2026-05-19 15:31:03]     spatial_update=delta_l2=0.13857898 max_abs=0.02749714 relative=0.11858836 changed=True
[2026-05-19 15:31:03]   Subject 8: acc=0.7750±0.1458  bal_acc=0.7750±0.1458

[2026-05-19 15:31:03] Subject 9: 40 windows | class_counts=[20, 20]

[2026-05-19 15:31:03] Fold 1/5 | subject=9
[2026-05-19 15:31:03]     Train: 32 | counts=[16, 16]
[2026-05-19 15:31:03]     Test:  8 | counts=[4, 4]
[2026-05-19 15:31:03]     Model: SignalJEPA_PreLocal | Pretrained: from_pretrained | Strategy: full
[2026-05-19 15:31:03]     Phase 1 (warmup): 2,170/16,010 params
[2026-05-19 15:31:04]     Phase 2 (full): 16,010/16,010 params
[2026-05-19 15:31:04]     Result | best_epoch=50 | stop=50 | acc=0.7500 | bal_acc=0.7500 | pred_hist=[6, 2] | collapse=False
[2026-05-19 15:31:04]     spatial_conv=[4, 29] top_abs_channels=[('FC4', 0.15293899), ('Pz', 0.13266471), ('C3', 0.12408793), ('FC3', 0.12277104), ('CP4', 0.12134594), ('FT7', 0.11717959), ('T7', 0.11422192), ('TP8', 0.11087871)]
[2026-05-19 15:31:04]     spatial_update=delta_l2=0.15732439 max_abs=0.02555764 relative=0.13462967 changed=True

[2026-05-19 15:31:05] Fold 2/5 | subject=9
[2026-05-19 15:31:05]     Train: 32 | counts=[16, 16]
[2026-05-19 15:31:05]     Test:  8 | counts=[4, 4]
[2026-05-19 15:31:05]     Model: SignalJEPA_PreLocal | Pretrained: from_pretrained | Strategy: full
[2026-05-19 15:31:05]     Phase 1 (warmup): 2,170/16,010 params
[2026-05-19 15:31:05]     Phase 2 (full): 16,010/16,010 params
[2026-05-19 15:31:06]     Result | best_epoch=50 | stop=50 | acc=0.6250 | bal_acc=0.6250 | pred_hist=[3, 5] | collapse=False
[2026-05-19 15:31:06]     spatial_conv=[4, 29] top_abs_channels=[('FC4', 0.14955112), ('Pz', 0.13831452), ('CP4', 0.11950076), ('Fp1', 0.11940806), ('FT7', 0.11910076), ('FC3', 0.11777711), ('C4', 0.11736036), ('TP8', 0.11632816)]
[2026-05-19 15:31:06]     spatial_update=delta_l2=0.15838610 max_abs=0.02694587 relative=0.13553821 changed=True

[2026-05-19 15:31:07] Fold 3/5 | subject=9
[2026-05-19 15:31:07]     Train: 32 | counts=[16, 16]
[2026-05-19 15:31:07]     Test:  8 | counts=[4, 4]
[2026-05-19 15:31:07]     Model: SignalJEPA_PreLocal | Pretrained: from_pretrained | Strategy: full
[2026-05-19 15:31:07]     Phase 1 (warmup): 2,170/16,010 params
[2026-05-19 15:31:07]     Phase 2 (full): 16,010/16,010 params
[2026-05-19 15:31:08]     Result | best_epoch=1 | stop=50 | acc=0.5000 | bal_acc=0.5000 | pred_hist=[6, 2] | collapse=False
[2026-05-19 15:31:08]     spatial_conv=[4, 29] top_abs_channels=[('FC4', 0.14860745), ('Pz', 0.14273059), ('FT7', 0.13342549), ('C3', 0.12142879), ('Fp1', 0.11434291), ('F8', 0.11349262), ('FC3', 0.11296988), ('TP8', 0.11232355)]
[2026-05-19 15:31:08]     spatial_update=delta_l2=0.15723239 max_abs=0.02749430 relative=0.13455094 changed=True

[2026-05-19 15:31:08] Fold 4/5 | subject=9
[2026-05-19 15:31:08]     Train: 32 | counts=[16, 16]
[2026-05-19 15:31:08]     Test:  8 | counts=[4, 4]
[2026-05-19 15:31:08]     Model: SignalJEPA_PreLocal | Pretrained: from_pretrained | Strategy: full
[2026-05-19 15:31:08]     Phase 1 (warmup): 2,170/16,010 params
[2026-05-19 15:31:09]     Phase 2 (full): 16,010/16,010 params
[2026-05-19 15:31:09]     Result | best_epoch=32 | stop=50 | acc=0.8750 | bal_acc=0.8750 | pred_hist=[5, 3] | collapse=False
[2026-05-19 15:31:09]     spatial_conv=[4, 29] top_abs_channels=[('FC4', 0.15588698), ('Pz', 0.13470839), ('FT7', 0.12786423), ('FCz', 0.12258628), ('TP8', 0.11839078), ('FC3', 0.11704196), ('Fp1', 0.11631822), ('C3', 0.11616994)]
[2026-05-19 15:31:09]     spatial_update=delta_l2=0.14258368 max_abs=0.02550394 relative=0.12201537 changed=True

[2026-05-19 15:31:10] Fold 5/5 | subject=9
[2026-05-19 15:31:10]     Train: 32 | counts=[16, 16]
[2026-05-19 15:31:10]     Test:  8 | counts=[4, 4]
[2026-05-19 15:31:10]     Model: SignalJEPA_PreLocal | Pretrained: from_pretrained | Strategy: full
[2026-05-19 15:31:10]     Phase 1 (warmup): 2,170/16,010 params
[2026-05-19 15:31:10]     Phase 2 (full): 16,010/16,010 params
[2026-05-19 15:31:11]     Result | best_epoch=1 | stop=50 | acc=0.3750 | bal_acc=0.3750 | pred_hist=[3, 5] | collapse=False
[2026-05-19 15:31:11]     spatial_conv=[4, 29] top_abs_channels=[('FC4', 0.1564979), ('Pz', 0.13056208), ('FT7', 0.12461694), ('CP4', 0.1219207), ('C3', 0.12085056), ('Fp1', 0.11954084), ('C4', 0.11899018), ('O2', 0.11295156)]
[2026-05-19 15:31:11]     spatial_update=delta_l2=0.14407781 max_abs=0.02784783 relative=0.12329396 changed=True
[2026-05-19 15:31:11]   Subject 9: acc=0.6250±0.1768  bal_acc=0.6250±0.1768

[2026-05-19 15:31:11] Subject 10: 40 windows | class_counts=[20, 20]

[2026-05-19 15:31:11] Fold 1/5 | subject=10
[2026-05-19 15:31:11]     Train: 32 | counts=[16, 16]
[2026-05-19 15:31:11]     Test:  8 | counts=[4, 4]
[2026-05-19 15:31:11]     Model: SignalJEPA_PreLocal | Pretrained: from_pretrained | Strategy: full
[2026-05-19 15:31:11]     Phase 1 (warmup): 2,170/16,010 params
[2026-05-19 15:31:12]     Phase 2 (full): 16,010/16,010 params
[2026-05-19 15:31:12]     Result | best_epoch=39 | stop=50 | acc=0.2500 | bal_acc=0.2500 | pred_hist=[4, 4] | collapse=False
[2026-05-19 15:31:12]     spatial_conv=[4, 29] top_abs_channels=[('FC4', 0.16993546), ('Pz', 0.14614551), ('Fp1', 0.12986304), ('FC3', 0.11634345), ('FT7', 0.11328082), ('O2', 0.11175185), ('P7', 0.11145247), ('C3', 0.10921205)]
[2026-05-19 15:31:12]     spatial_update=delta_l2=0.17919276 max_abs=0.02693049 relative=0.15334343 changed=True

[2026-05-19 15:31:13] Fold 2/5 | subject=10
[2026-05-19 15:31:13]     Train: 32 | counts=[16, 16]
[2026-05-19 15:31:13]     Test:  8 | counts=[4, 4]
[2026-05-19 15:31:13]     Model: SignalJEPA_PreLocal | Pretrained: from_pretrained | Strategy: full
[2026-05-19 15:31:13]     Phase 1 (warmup): 2,170/16,010 params
[2026-05-19 15:31:13]     Phase 2 (full): 16,010/16,010 params
[2026-05-19 15:31:14]     Result | best_epoch=10 | stop=50 | acc=0.6250 | bal_acc=0.6250 | pred_hist=[3, 5] | collapse=False
[2026-05-19 15:31:14]     spatial_conv=[4, 29] top_abs_channels=[('FC4', 0.17157672), ('Pz', 0.13022289), ('O2', 0.12620141), ('C3', 0.12441684), ('Fp1', 0.12113231), ('FCz', 0.11807798), ('FT7', 0.1133645), ('F8', 0.112441)]
[2026-05-19 15:31:14]     spatial_update=delta_l2=0.17209357 max_abs=0.02692831 relative=0.14726832 changed=True

[2026-05-19 15:31:15] Fold 3/5 | subject=10
[2026-05-19 15:31:15]     Train: 32 | counts=[16, 16]
[2026-05-19 15:31:15]     Test:  8 | counts=[4, 4]
[2026-05-19 15:31:15]     Model: SignalJEPA_PreLocal | Pretrained: from_pretrained | Strategy: full
[2026-05-19 15:31:15]     Phase 1 (warmup): 2,170/16,010 params
[2026-05-19 15:31:15]     Phase 2 (full): 16,010/16,010 params
[2026-05-19 15:31:15]     Result | best_epoch=1 | stop=50 | acc=0.2500 | bal_acc=0.2500 | pred_hist=[4, 4] | collapse=False
[2026-05-19 15:31:15]     spatial_conv=[4, 29] top_abs_channels=[('FC4', 0.15937074), ('Pz', 0.13611121), ('C3', 0.127169), ('Fp1', 0.12565798), ('FT7', 0.1234836), ('O2', 0.11890577), ('FCz', 0.11782144), ('FC3', 0.11285756)]
[2026-05-19 15:31:15]     spatial_update=delta_l2=0.15764471 max_abs=0.02635408 relative=0.13490377 changed=True

[2026-05-19 15:31:16] Fold 4/5 | subject=10
[2026-05-19 15:31:16]     Train: 32 | counts=[16, 16]
[2026-05-19 15:31:16]     Test:  8 | counts=[4, 4]
[2026-05-19 15:31:16]     Model: SignalJEPA_PreLocal | Pretrained: from_pretrained | Strategy: full
[2026-05-19 15:31:16]     Phase 1 (warmup): 2,170/16,010 params
[2026-05-19 15:31:16]     Phase 2 (full): 16,010/16,010 params
[2026-05-19 15:31:17]     Result | best_epoch=1 | stop=50 | acc=0.5000 | bal_acc=0.5000 | pred_hist=[6, 2] | collapse=False
[2026-05-19 15:31:17]     spatial_conv=[4, 29] top_abs_channels=[('FC4', 0.16886686), ('Pz', 0.13785811), ('Fp1', 0.12363216), ('C3', 0.12097345), ('FC3', 0.11886457), ('O2', 0.11603585), ('FCz', 0.11310659), ('FT7', 0.11295985)]
[2026-05-19 15:31:17]     spatial_update=delta_l2=0.16421675 max_abs=0.02648652 relative=0.14052777 changed=True

[2026-05-19 15:31:18] Fold 5/5 | subject=10
[2026-05-19 15:31:18]     Train: 32 | counts=[16, 16]
[2026-05-19 15:31:18]     Test:  8 | counts=[4, 4]
[2026-05-19 15:31:18]     Model: SignalJEPA_PreLocal | Pretrained: from_pretrained | Strategy: full
[2026-05-19 15:31:18]     Phase 1 (warmup): 2,170/16,010 params
[2026-05-19 15:31:18]     Phase 2 (full): 16,010/16,010 params
[2026-05-19 15:31:19]     Result | best_epoch=1 | stop=50 | acc=0.6250 | bal_acc=0.6250 | pred_hist=[5, 3] | collapse=False
[2026-05-19 15:31:19]     spatial_conv=[4, 29] top_abs_channels=[('FC4', 0.16524304), ('Pz', 0.13044021), ('Fp1', 0.12177312), ('FC3', 0.12081637), ('C3', 0.11873586), ('P7', 0.11815906), ('FCz', 0.11513346), ('O2', 0.11289884)]
[2026-05-19 15:31:19]     spatial_update=delta_l2=0.17388390 max_abs=0.02688354 relative=0.14880039 changed=True
[2026-05-19 15:31:19]   Subject 10: acc=0.4500±0.1696  bal_acc=0.4500±0.1696

[2026-05-19 15:31:19] Subject 11: 40 windows | class_counts=[20, 20]

[2026-05-19 15:31:19] Fold 1/5 | subject=11
[2026-05-19 15:31:19]     Train: 32 | counts=[16, 16]
[2026-05-19 15:31:19]     Test:  8 | counts=[4, 4]
[2026-05-19 15:31:19]     Model: SignalJEPA_PreLocal | Pretrained: from_pretrained | Strategy: full
[2026-05-19 15:31:19]     Phase 1 (warmup): 2,170/16,010 params
[2026-05-19 15:31:19]     Phase 2 (full): 16,010/16,010 params
[2026-05-19 15:31:20]     Result | best_epoch=50 | stop=50 | acc=0.3750 | bal_acc=0.3750 | pred_hist=[5, 3] | collapse=False
[2026-05-19 15:31:20]     spatial_conv=[4, 29] top_abs_channels=[('FC4', 0.15877354), ('Pz', 0.1295249), ('FT7', 0.12863435), ('C3', 0.12349553), ('Fp1', 0.11619206), ('FC3', 0.1149077), ('CP4', 0.11330589), ('F8', 0.112524)]
[2026-05-19 15:31:20]     spatial_update=delta_l2=0.16278697 max_abs=0.02725652 relative=0.13930424 changed=True

[2026-05-19 15:31:21] Fold 2/5 | subject=11
[2026-05-19 15:31:21]     Train: 32 | counts=[16, 16]
[2026-05-19 15:31:21]     Test:  8 | counts=[4, 4]
[2026-05-19 15:31:21]     Model: SignalJEPA_PreLocal | Pretrained: from_pretrained | Strategy: full
[2026-05-19 15:31:21]     Phase 1 (warmup): 2,170/16,010 params
[2026-05-19 15:31:21]     Phase 2 (full): 16,010/16,010 params
[2026-05-19 15:31:22]     Result | best_epoch=1 | stop=50 | acc=0.3750 | bal_acc=0.3750 | pred_hist=[3, 5] | collapse=False
[2026-05-19 15:31:22]     spatial_conv=[4, 29] top_abs_channels=[('FC4', 0.16269797), ('FT7', 0.13054571), ('Pz', 0.12887077), ('Fp1', 0.12438743), ('C3', 0.12111795), ('O2', 0.11463574), ('CP4', 0.11356245), ('TP8', 0.11153714)]
[2026-05-19 15:31:22]     spatial_update=delta_l2=0.15188317 max_abs=0.02689506 relative=0.12997336 changed=True

[2026-05-19 15:31:22] Fold 3/5 | subject=11
[2026-05-19 15:31:22]     Train: 32 | counts=[16, 16]
[2026-05-19 15:31:22]     Test:  8 | counts=[4, 4]
[2026-05-19 15:31:22]     Model: SignalJEPA_PreLocal | Pretrained: from_pretrained | Strategy: full
[2026-05-19 15:31:22]     Phase 1 (warmup): 2,170/16,010 params
[2026-05-19 15:31:23]     Phase 2 (full): 16,010/16,010 params
[2026-05-19 15:31:23]     Result | best_epoch=12 | stop=50 | acc=0.3750 | bal_acc=0.3750 | pred_hist=[7, 1] | collapse=False
[2026-05-19 15:31:23]     spatial_conv=[4, 29] top_abs_channels=[('FC4', 0.15296049), ('Pz', 0.13256343), ('FT7', 0.12967017), ('C3', 0.12674651), ('Fp1', 0.1233853), ('T7', 0.11377674), ('CP4', 0.11273809), ('O2', 0.11124788)]
[2026-05-19 15:31:23]     spatial_update=delta_l2=0.16941141 max_abs=0.02737021 relative=0.14497308 changed=True

[2026-05-19 15:31:24] Fold 4/5 | subject=11
[2026-05-19 15:31:24]     Train: 32 | counts=[16, 16]
[2026-05-19 15:31:24]     Test:  8 | counts=[4, 4]
[2026-05-19 15:31:24]     Model: SignalJEPA_PreLocal | Pretrained: from_pretrained | Strategy: full
[2026-05-19 15:31:24]     Phase 1 (warmup): 2,170/16,010 params
[2026-05-19 15:31:24]     Phase 2 (full): 16,010/16,010 params
[2026-05-19 15:31:25]     Result | best_epoch=32 | stop=50 | acc=0.5000 | bal_acc=0.5000 | pred_hist=[4, 4] | collapse=False
[2026-05-19 15:31:25]     spatial_conv=[4, 29] top_abs_channels=[('FC4', 0.15805453), ('Pz', 0.12132187), ('CP4', 0.12037782), ('FC3', 0.11966581), ('FT7', 0.11770962), ('C3', 0.11760113), ('FCz', 0.11470298), ('O2', 0.11453821)]
[2026-05-19 15:31:25]     spatial_update=delta_l2=0.15372619 max_abs=0.02491961 relative=0.13155052 changed=True

[2026-05-19 15:31:25] Fold 5/5 | subject=11
[2026-05-19 15:31:25]     Train: 32 | counts=[16, 16]
[2026-05-19 15:31:25]     Test:  8 | counts=[4, 4]
[2026-05-19 15:31:25]     Model: SignalJEPA_PreLocal | Pretrained: from_pretrained | Strategy: full
[2026-05-19 15:31:26]     Phase 1 (warmup): 2,170/16,010 params
[2026-05-19 15:31:26]     Phase 2 (full): 16,010/16,010 params
[2026-05-19 15:31:26]     Result | best_epoch=50 | stop=50 | acc=0.2500 | bal_acc=0.2500 | pred_hist=[4, 4] | collapse=False
[2026-05-19 15:31:26]     spatial_conv=[4, 29] top_abs_channels=[('FC4', 0.1616722), ('Pz', 0.13593751), ('FT7', 0.12578122), ('Fp1', 0.1193748), ('C3', 0.11710864), ('F8', 0.11575699), ('O2', 0.11210041), ('FC3', 0.11160603)]
[2026-05-19 15:31:26]     spatial_update=delta_l2=0.16283756 max_abs=0.02783108 relative=0.13934753 changed=True
[2026-05-19 15:31:26]   Subject 11: acc=0.3750±0.0791  bal_acc=0.3750±0.0791

[2026-05-19 15:31:26] Subject 12: 40 windows | class_counts=[20, 20]

[2026-05-19 15:31:27] Fold 1/5 | subject=12
[2026-05-19 15:31:27]     Train: 32 | counts=[16, 16]
[2026-05-19 15:31:27]     Test:  8 | counts=[4, 4]
[2026-05-19 15:31:27]     Model: SignalJEPA_PreLocal | Pretrained: from_pretrained | Strategy: full
[2026-05-19 15:31:27]     Phase 1 (warmup): 2,170/16,010 params
[2026-05-19 15:31:27]     Phase 2 (full): 16,010/16,010 params
[2026-05-19 15:31:28]     Result | best_epoch=32 | stop=50 | acc=0.7500 | bal_acc=0.7500 | pred_hist=[4, 4] | collapse=False
[2026-05-19 15:31:28]     spatial_conv=[4, 29] top_abs_channels=[('FC4', 0.17053497), ('Pz', 0.13689826), ('C3', 0.1285065), ('FT7', 0.1256015), ('F8', 0.11357473), ('CP4', 0.11178114), ('Fp1', 0.10807259), ('O2', 0.10760842)]
[2026-05-19 15:31:28]     spatial_update=delta_l2=0.15288264 max_abs=0.02608944 relative=0.13082865 changed=True

[2026-05-19 15:31:29] Fold 2/5 | subject=12
[2026-05-19 15:31:29]     Train: 32 | counts=[16, 16]
[2026-05-19 15:31:29]     Test:  8 | counts=[4, 4]
[2026-05-19 15:31:29]     Model: SignalJEPA_PreLocal | Pretrained: from_pretrained | Strategy: full
[2026-05-19 15:31:29]     Phase 1 (warmup): 2,170/16,010 params
[2026-05-19 15:31:29]     Phase 2 (full): 16,010/16,010 params
[2026-05-19 15:31:30]     Result | best_epoch=50 | stop=50 | acc=0.8750 | bal_acc=0.8750 | pred_hist=[3, 5] | collapse=False
[2026-05-19 15:31:30]     spatial_conv=[4, 29] top_abs_channels=[('FC4', 0.1802665), ('Pz', 0.13473779), ('C3', 0.12535493), ('O2', 0.11754718), ('P7', 0.11732534), ('FCz', 0.1172079), ('FT7', 0.1145101), ('FC3', 0.11159826)]
[2026-05-19 15:31:30]     spatial_update=delta_l2=0.15126730 max_abs=0.02753691 relative=0.12944633 changed=True

[2026-05-19 15:31:30] Fold 3/5 | subject=12
[2026-05-19 15:31:30]     Train: 32 | counts=[16, 16]
[2026-05-19 15:31:30]     Test:  8 | counts=[4, 4]
[2026-05-19 15:31:30]     Model: SignalJEPA_PreLocal | Pretrained: from_pretrained | Strategy: full
[2026-05-19 15:31:30]     Phase 1 (warmup): 2,170/16,010 params
[2026-05-19 15:31:30]     Phase 2 (full): 16,010/16,010 params
[2026-05-19 15:31:31]     Result | best_epoch=50 | stop=50 | acc=0.7500 | bal_acc=0.7500 | pred_hist=[4, 4] | collapse=False
[2026-05-19 15:31:31]     spatial_conv=[4, 29] top_abs_channels=[('FC4', 0.17573631), ('Pz', 0.13785884), ('FT7', 0.12082131), ('FC3', 0.11814658), ('CP4', 0.11779127), ('C3', 0.11581692), ('P7', 0.11499451), ('FCz', 0.11259019)]
[2026-05-19 15:31:31]     spatial_update=delta_l2=0.14602107 max_abs=0.02638230 relative=0.12495689 changed=True

[2026-05-19 15:31:32] Fold 4/5 | subject=12
[2026-05-19 15:31:32]     Train: 32 | counts=[16, 16]
[2026-05-19 15:31:32]     Test:  8 | counts=[4, 4]
[2026-05-19 15:31:32]     Model: SignalJEPA_PreLocal | Pretrained: from_pretrained | Strategy: full
[2026-05-19 15:31:32]     Phase 1 (warmup): 2,170/16,010 params
[2026-05-19 15:31:32]     Phase 2 (full): 16,010/16,010 params
[2026-05-19 15:31:33]     Result | best_epoch=25 | stop=50 | acc=0.2500 | bal_acc=0.2500 | pred_hist=[4, 4] | collapse=False
[2026-05-19 15:31:33]     spatial_conv=[4, 29] top_abs_channels=[('FC4', 0.1799316), ('Pz', 0.1355409), ('O2', 0.12069748), ('FC3', 0.11569268), ('FCz', 0.11548504), ('FT7', 0.11279953), ('CP4', 0.11210231), ('Fp1', 0.11013321)]
[2026-05-19 15:31:33]     spatial_update=delta_l2=0.15266216 max_abs=0.02676505 relative=0.13063998 changed=True

[2026-05-19 15:31:33] Fold 5/5 | subject=12
[2026-05-19 15:31:33]     Train: 32 | counts=[16, 16]
[2026-05-19 15:31:33]     Test:  8 | counts=[4, 4]
[2026-05-19 15:31:33]     Model: SignalJEPA_PreLocal | Pretrained: from_pretrained | Strategy: full
[2026-05-19 15:31:33]     Phase 1 (warmup): 2,170/16,010 params
[2026-05-19 15:31:33]     Phase 2 (full): 16,010/16,010 params
[2026-05-19 15:31:34]     Result | best_epoch=46 | stop=50 | acc=0.3750 | bal_acc=0.3750 | pred_hist=[3, 5] | collapse=False
[2026-05-19 15:31:34]     spatial_conv=[4, 29] top_abs_channels=[('FC4', 0.17731124), ('Pz', 0.14208156), ('FT7', 0.11732704), ('P7', 0.11699854), ('FC3', 0.11664559), ('CP4', 0.11633942), ('Fp1', 0.11374433), ('C3', 0.11137495)]
[2026-05-19 15:31:34]     spatial_update=delta_l2=0.18702269 max_abs=0.02735350 relative=0.16004386 changed=True
[2026-05-19 15:31:34]   Subject 12: acc=0.6000±0.2424  bal_acc=0.6000±0.2424

[2026-05-19 15:31:34] Subject 13: 40 windows | class_counts=[20, 20]

[2026-05-19 15:31:35] Fold 1/5 | subject=13
[2026-05-19 15:31:35]     Train: 32 | counts=[16, 16]
[2026-05-19 15:31:35]     Test:  8 | counts=[4, 4]
[2026-05-19 15:31:35]     Model: SignalJEPA_PreLocal | Pretrained: from_pretrained | Strategy: full
[2026-05-19 15:31:35]     Phase 1 (warmup): 2,170/16,010 params
[2026-05-19 15:31:35]     Phase 2 (full): 16,010/16,010 params
[2026-05-19 15:31:36]     Result | best_epoch=47 | stop=50 | acc=0.7500 | bal_acc=0.7500 | pred_hist=[2, 6] | collapse=False
[2026-05-19 15:31:36]     spatial_conv=[4, 29] top_abs_channels=[('FC4', 0.18578777), ('Pz', 0.1326139), ('O2', 0.13119631), ('FCz', 0.12319734), ('CP4', 0.12194823), ('FT7', 0.12125877), ('Fp1', 0.11596028), ('FC3', 0.11584552)]
[2026-05-19 15:31:36]     spatial_update=delta_l2=0.20752376 max_abs=0.02741101 relative=0.17758755 changed=True

[2026-05-19 15:31:36] Fold 2/5 | subject=13
[2026-05-19 15:31:36]     Train: 32 | counts=[16, 16]
[2026-05-19 15:31:36]     Test:  8 | counts=[4, 4]
[2026-05-19 15:31:36]     Model: SignalJEPA_PreLocal | Pretrained: from_pretrained | Strategy: full
[2026-05-19 15:31:37]     Phase 1 (warmup): 2,170/16,010 params
[2026-05-19 15:31:37]     Phase 2 (full): 16,010/16,010 params
[2026-05-19 15:31:38]     Result | best_epoch=49 | stop=50 | acc=0.7500 | bal_acc=0.7500 | pred_hist=[2, 6] | collapse=False
[2026-05-19 15:31:38]     spatial_conv=[4, 29] top_abs_channels=[('FC4', 0.17192477), ('Pz', 0.13061303), ('Fp1', 0.127904), ('FC3', 0.12539266), ('FCz', 0.11818922), ('FT7', 0.11750985), ('CP4', 0.11316791), ('C3', 0.11034475)]
[2026-05-19 15:31:38]     spatial_update=delta_l2=0.15534324 max_abs=0.02603708 relative=0.13293430 changed=True

[2026-05-19 15:31:38] Fold 3/5 | subject=13
[2026-05-19 15:31:38]     Train: 32 | counts=[16, 16]
[2026-05-19 15:31:38]     Test:  8 | counts=[4, 4]
[2026-05-19 15:31:38]     Model: SignalJEPA_PreLocal | Pretrained: from_pretrained | Strategy: full
[2026-05-19 15:31:38]     Phase 1 (warmup): 2,170/16,010 params
[2026-05-19 15:31:39]     Phase 2 (full): 16,010/16,010 params
[2026-05-19 15:31:39]     Result | best_epoch=30 | stop=50 | acc=0.6250 | bal_acc=0.6250 | pred_hist=[5, 3] | collapse=False
[2026-05-19 15:31:39]     spatial_conv=[4, 29] top_abs_channels=[('FC4', 0.17385703), ('Pz', 0.13081007), ('Fp1', 0.12729611), ('FC3', 0.12241857), ('FCz', 0.11994329), ('FT7', 0.11880302), ('CP4', 0.1161579), ('C3', 0.10870373)]
[2026-05-19 15:31:39]     spatial_update=delta_l2=0.18050215 max_abs=0.02738602 relative=0.15446393 changed=True

[2026-05-19 15:31:40] Fold 4/5 | subject=13
[2026-05-19 15:31:40]     Train: 32 | counts=[16, 16]
[2026-05-19 15:31:40]     Test:  8 | counts=[4, 4]
[2026-05-19 15:31:40]     Model: SignalJEPA_PreLocal | Pretrained: from_pretrained | Strategy: full
[2026-05-19 15:31:40]     Phase 1 (warmup): 2,170/16,010 params
[2026-05-19 15:31:40]     Phase 2 (full): 16,010/16,010 params
[2026-05-19 15:31:41]     Result | best_epoch=50 | stop=50 | acc=0.3750 | bal_acc=0.3750 | pred_hist=[7, 1] | collapse=False
[2026-05-19 15:31:41]     spatial_conv=[4, 29] top_abs_channels=[('FC4', 0.18747941), ('O2', 0.13304918), ('Pz', 0.13293707), ('CP4', 0.12359829), ('FCz', 0.1202124), ('Fp1', 0.11709176), ('FC3', 0.11667195), ('FT7', 0.11359807)]
[2026-05-19 15:31:41]     spatial_update=delta_l2=0.22956630 max_abs=0.02797786 relative=0.19645037 changed=True

[2026-05-19 15:31:42] Fold 5/5 | subject=13
[2026-05-19 15:31:42]     Train: 32 | counts=[16, 16]
[2026-05-19 15:31:42]     Test:  8 | counts=[4, 4]
[2026-05-19 15:31:42]     Model: SignalJEPA_PreLocal | Pretrained: from_pretrained | Strategy: full
[2026-05-19 15:31:42]     Phase 1 (warmup): 2,170/16,010 params
[2026-05-19 15:31:42]     Phase 2 (full): 16,010/16,010 params
[2026-05-19 15:31:42]     Result | best_epoch=47 | stop=50 | acc=1.0000 | bal_acc=1.0000 | pred_hist=[4, 4] | collapse=False
[2026-05-19 15:31:42]     spatial_conv=[4, 29] top_abs_channels=[('FC4', 0.18034393), ('Pz', 0.13175653), ('FC3', 0.12298205), ('FCz', 0.12107859), ('FT7', 0.12088491), ('Fp1', 0.11977427), ('O2', 0.11894414), ('CP4', 0.11763716)]
[2026-05-19 15:31:42]     spatial_update=delta_l2=0.17802298 max_abs=0.02684380 relative=0.15234239 changed=True
[2026-05-19 15:31:42]   Subject 13: acc=0.7000±0.2031  bal_acc=0.7000±0.2031

[2026-05-19 15:31:42] Subject 14: 40 windows | class_counts=[20, 20]

[2026-05-19 15:31:43] Fold 1/5 | subject=14
[2026-05-19 15:31:43]     Train: 32 | counts=[16, 16]
[2026-05-19 15:31:43]     Test:  8 | counts=[4, 4]
[2026-05-19 15:31:43]     Model: SignalJEPA_PreLocal | Pretrained: from_pretrained | Strategy: full
[2026-05-19 15:31:43]     Phase 1 (warmup): 2,170/16,010 params
[2026-05-19 15:31:43]     Phase 2 (full): 16,010/16,010 params
[2026-05-19 15:31:44]     Result | best_epoch=50 | stop=50 | acc=0.6250 | bal_acc=0.6250 | pred_hist=[3, 5] | collapse=False
[2026-05-19 15:31:44]     spatial_conv=[4, 29] top_abs_channels=[('FC4', 0.15675861), ('FT7', 0.13399757), ('FCz', 0.12586388), ('FC3', 0.12018441), ('Pz', 0.12017729), ('T7', 0.11647718), ('Fp1', 0.11635076), ('CP4', 0.11220068)]
[2026-05-19 15:31:44]     spatial_update=delta_l2=0.16367158 max_abs=0.02609484 relative=0.14006125 changed=True

[2026-05-19 15:31:45] Fold 2/5 | subject=14
[2026-05-19 15:31:45]     Train: 32 | counts=[16, 16]
[2026-05-19 15:31:45]     Test:  8 | counts=[4, 4]
[2026-05-19 15:31:45]     Model: SignalJEPA_PreLocal | Pretrained: from_pretrained | Strategy: full
[2026-05-19 15:31:45]     Phase 1 (warmup): 2,170/16,010 params
[2026-05-19 15:31:45]     Phase 2 (full): 16,010/16,010 params
[2026-05-19 15:31:46]     Result | best_epoch=1 | stop=50 | acc=0.8750 | bal_acc=0.8750 | pred_hist=[5, 3] | collapse=False
[2026-05-19 15:31:46]     spatial_conv=[4, 29] top_abs_channels=[('FC4', 0.17258808), ('FCz', 0.12608287), ('Pz', 0.1220345), ('FT7', 0.11982898), ('Fp1', 0.11557046), ('C3', 0.11469414), ('CP4', 0.11236186), ('FC3', 0.11130007)]
[2026-05-19 15:31:46]     spatial_update=delta_l2=0.16920497 max_abs=0.02778103 relative=0.14479642 changed=True

[2026-05-19 15:31:46] Fold 3/5 | subject=14
[2026-05-19 15:31:46]     Train: 32 | counts=[16, 16]
[2026-05-19 15:31:46]     Test:  8 | counts=[4, 4]
[2026-05-19 15:31:46]     Model: SignalJEPA_PreLocal | Pretrained: from_pretrained | Strategy: full
[2026-05-19 15:31:46]     Phase 1 (warmup): 2,170/16,010 params
[2026-05-19 15:31:46]     Phase 2 (full): 16,010/16,010 params
[2026-05-19 15:31:47]     Result | best_epoch=49 | stop=50 | acc=0.5000 | bal_acc=0.5000 | pred_hist=[4, 4] | collapse=False
[2026-05-19 15:31:47]     spatial_conv=[4, 29] top_abs_channels=[('FC4', 0.16740598), ('Pz', 0.13090044), ('FT7', 0.1287045), ('FCz', 0.12533367), ('Fp1', 0.12249643), ('C3', 0.11994982), ('O2', 0.11819308), ('CP4', 0.11189155)]
[2026-05-19 15:31:47]     spatial_update=delta_l2=0.16926402 max_abs=0.02699745 relative=0.14484695 changed=True

[2026-05-19 15:31:48] Fold 4/5 | subject=14
[2026-05-19 15:31:48]     Train: 32 | counts=[16, 16]
[2026-05-19 15:31:48]     Test:  8 | counts=[4, 4]
[2026-05-19 15:31:48]     Model: SignalJEPA_PreLocal | Pretrained: from_pretrained | Strategy: full
[2026-05-19 15:31:48]     Phase 1 (warmup): 2,170/16,010 params
[2026-05-19 15:31:48]     Phase 2 (full): 16,010/16,010 params
[2026-05-19 15:31:49]     Result | best_epoch=50 | stop=50 | acc=0.7500 | bal_acc=0.7500 | pred_hist=[4, 4] | collapse=False
[2026-05-19 15:31:49]     spatial_conv=[4, 29] top_abs_channels=[('FC4', 0.15918788), ('FCz', 0.13586234), ('FT7', 0.12274026), ('T7', 0.12210973), ('Pz', 0.12184013), ('FC3', 0.12033208), ('CP4', 0.11885801), ('P7', 0.11589428)]
[2026-05-19 15:31:49]     spatial_update=delta_l2=0.16399787 max_abs=0.02594763 relative=0.14034046 changed=True

[2026-05-19 15:31:49] Fold 5/5 | subject=14
[2026-05-19 15:31:49]     Train: 32 | counts=[16, 16]
[2026-05-19 15:31:49]     Test:  8 | counts=[4, 4]
[2026-05-19 15:31:49]     Model: SignalJEPA_PreLocal | Pretrained: from_pretrained | Strategy: full
[2026-05-19 15:31:49]     Phase 1 (warmup): 2,170/16,010 params
[2026-05-19 15:31:50]     Phase 2 (full): 16,010/16,010 params
[2026-05-19 15:31:50]     Result | best_epoch=50 | stop=50 | acc=0.6250 | bal_acc=0.6250 | pred_hist=[3, 5] | collapse=False
[2026-05-19 15:31:50]     spatial_conv=[4, 29] top_abs_channels=[('FC4', 0.16601238), ('T7', 0.12221115), ('FCz', 0.12180924), ('FT7', 0.12167943), ('Fp1', 0.12051), ('CP4', 0.11637659), ('C3', 0.11413738), ('Pz', 0.11397839)]
[2026-05-19 15:31:50]     spatial_update=delta_l2=0.18075250 max_abs=0.02726389 relative=0.15467817 changed=True
[2026-05-19 15:31:50]   Subject 14: acc=0.6750±0.1275  bal_acc=0.6750±0.1275

[2026-05-19 15:31:50] Subject 15: 40 windows | class_counts=[20, 20]

[2026-05-19 15:31:51] Fold 1/5 | subject=15
[2026-05-19 15:31:51]     Train: 32 | counts=[16, 16]
[2026-05-19 15:31:51]     Test:  8 | counts=[4, 4]
[2026-05-19 15:31:51]     Model: SignalJEPA_PreLocal | Pretrained: from_pretrained | Strategy: full
[2026-05-19 15:31:51]     Phase 1 (warmup): 2,170/16,010 params
[2026-05-19 15:31:51]     Phase 2 (full): 16,010/16,010 params
[2026-05-19 15:31:52]     Result | best_epoch=1 | stop=50 | acc=0.6250 | bal_acc=0.6250 | pred_hist=[5, 3] | collapse=False
[2026-05-19 15:31:52]     spatial_conv=[4, 29] top_abs_channels=[('FC4', 0.15166706), ('Pz', 0.1277661), ('FT7', 0.12773183), ('FCz', 0.1246032), ('TP8', 0.12332581), ('P7', 0.11634208), ('Fp1', 0.11545955), ('C3', 0.11319787)]
[2026-05-19 15:31:52]     spatial_update=delta_l2=0.18284633 max_abs=0.02743673 relative=0.15646995 changed=True

[2026-05-19 15:31:52] Fold 2/5 | subject=15
[2026-05-19 15:31:52]     Train: 32 | counts=[16, 16]
[2026-05-19 15:31:52]     Test:  8 | counts=[4, 4]
[2026-05-19 15:31:52]     Model: SignalJEPA_PreLocal | Pretrained: from_pretrained | Strategy: full
[2026-05-19 15:31:52]     Phase 1 (warmup): 2,170/16,010 params
[2026-05-19 15:31:53]     Phase 2 (full): 16,010/16,010 params
[2026-05-19 15:31:53]     Result | best_epoch=50 | stop=50 | acc=0.2500 | bal_acc=0.2500 | pred_hist=[6, 2] | collapse=False
[2026-05-19 15:31:53]     spatial_conv=[4, 29] top_abs_channels=[('FC4', 0.16103959), ('Pz', 0.12550205), ('C3', 0.12324047), ('FT7', 0.12057209), ('Fp1', 0.1153134), ('CP4', 0.11166467), ('FCz', 0.11152586), ('FC3', 0.11101168)]
[2026-05-19 15:31:53]     spatial_update=delta_l2=0.17811865 max_abs=0.02736766 relative=0.15242426 changed=True

[2026-05-19 15:31:54] Fold 3/5 | subject=15
[2026-05-19 15:31:54]     Train: 32 | counts=[16, 16]
[2026-05-19 15:31:54]     Test:  8 | counts=[4, 4]
[2026-05-19 15:31:54]     Model: SignalJEPA_PreLocal | Pretrained: from_pretrained | Strategy: full
[2026-05-19 15:31:54]     Phase 1 (warmup): 2,170/16,010 params
[2026-05-19 15:31:54]     Phase 2 (full): 16,010/16,010 params
[2026-05-19 15:31:55]     Result | best_epoch=1 | stop=50 | acc=0.3750 | bal_acc=0.3750 | pred_hist=[7, 1] | collapse=False
[2026-05-19 15:31:55]     spatial_conv=[4, 29] top_abs_channels=[('FC4', 0.16088334), ('CP4', 0.12469374), ('P7', 0.12259494), ('Pz', 0.1220732), ('FT7', 0.12132072), ('FC3', 0.11769775), ('FCz', 0.11730054), ('C3', 0.11643007)]
[2026-05-19 15:31:55]     spatial_update=delta_l2=0.15951625 max_abs=0.02543598 relative=0.13650534 changed=True

[2026-05-19 15:31:55] Fold 4/5 | subject=15
[2026-05-19 15:31:55]     Train: 32 | counts=[16, 16]
[2026-05-19 15:31:55]     Test:  8 | counts=[4, 4]
[2026-05-19 15:31:55]     Model: SignalJEPA_PreLocal | Pretrained: from_pretrained | Strategy: full
[2026-05-19 15:31:56]     Phase 1 (warmup): 2,170/16,010 params
[2026-05-19 15:31:56]     Phase 2 (full): 16,010/16,010 params
[2026-05-19 15:31:56]     Result | best_epoch=32 | stop=50 | acc=0.5000 | bal_acc=0.5000 | pred_hist=[6, 2] | collapse=False
[2026-05-19 15:31:56]     spatial_conv=[4, 29] top_abs_channels=[('FC4', 0.1650753), ('Pz', 0.13188142), ('FT7', 0.12851782), ('CP4', 0.12846555), ('C3', 0.12837529), ('FC3', 0.12574913), ('FCz', 0.12569097), ('O2', 0.11957417)]
[2026-05-19 15:31:56]     spatial_update=delta_l2=0.18020890 max_abs=0.02725076 relative=0.15421298 changed=True

[2026-05-19 15:31:57] Fold 5/5 | subject=15
[2026-05-19 15:31:57]     Train: 32 | counts=[16, 16]
[2026-05-19 15:31:57]     Test:  8 | counts=[4, 4]
[2026-05-19 15:31:57]     Model: SignalJEPA_PreLocal | Pretrained: from_pretrained | Strategy: full
[2026-05-19 15:31:57]     Phase 1 (warmup): 2,170/16,010 params
[2026-05-19 15:31:57]     Phase 2 (full): 16,010/16,010 params
[2026-05-19 15:31:58]     Result | best_epoch=8 | stop=50 | acc=0.3750 | bal_acc=0.3750 | pred_hist=[7, 1] | collapse=False
[2026-05-19 15:31:58]     spatial_conv=[4, 29] top_abs_channels=[('FC4', 0.15033938), ('FT7', 0.13143887), ('Pz', 0.12796934), ('FCz', 0.12529489), ('CP4', 0.12052369), ('C3', 0.11701084), ('FC3', 0.1142622), ('P7', 0.11400955)]
[2026-05-19 15:31:58]     spatial_update=delta_l2=0.17487822 max_abs=0.02653657 relative=0.14965128 changed=True
[2026-05-19 15:31:58]   Subject 15: acc=0.4250±0.1275  bal_acc=0.4250±0.1275

[2026-05-19 15:31:58] Subject 16: 40 windows | class_counts=[20, 20]

[2026-05-19 15:31:59] Fold 1/5 | subject=16
[2026-05-19 15:31:59]     Train: 32 | counts=[16, 16]
[2026-05-19 15:31:59]     Test:  8 | counts=[4, 4]
[2026-05-19 15:31:59]     Model: SignalJEPA_PreLocal | Pretrained: from_pretrained | Strategy: full
[2026-05-19 15:31:59]     Phase 1 (warmup): 2,170/16,010 params
[2026-05-19 15:31:59]     Phase 2 (full): 16,010/16,010 params
[2026-05-19 15:31:59]     Result | best_epoch=34 | stop=50 | acc=0.6250 | bal_acc=0.6250 | pred_hist=[5, 3] | collapse=False
[2026-05-19 15:31:59]     spatial_conv=[4, 29] top_abs_channels=[('FC4', 0.1611332), ('FT7', 0.14063416), ('Pz', 0.13254836), ('Fp1', 0.13049676), ('C3', 0.12218058), ('CP4', 0.12115929), ('P7', 0.11121566), ('FC3', 0.11098516)]
[2026-05-19 15:31:59]     spatial_update=delta_l2=0.13369887 max_abs=0.02539667 relative=0.11441223 changed=True

[2026-05-19 15:32:00] Fold 2/5 | subject=16
[2026-05-19 15:32:00]     Train: 32 | counts=[16, 16]
[2026-05-19 15:32:00]     Test:  8 | counts=[4, 4]
[2026-05-19 15:32:00]     Model: SignalJEPA_PreLocal | Pretrained: from_pretrained | Strategy: full
[2026-05-19 15:32:00]     Phase 1 (warmup): 2,170/16,010 params
[2026-05-19 15:32:00]     Phase 2 (full): 16,010/16,010 params
[2026-05-19 15:32:01]     Result | best_epoch=1 | stop=50 | acc=0.6250 | bal_acc=0.6250 | pred_hist=[3, 5] | collapse=False
[2026-05-19 15:32:01]     spatial_conv=[4, 29] top_abs_channels=[('FC4', 0.16673574), ('Pz', 0.13911882), ('Fp1', 0.13338792), ('C3', 0.12239701), ('CP4', 0.12187402), ('FT7', 0.11607007), ('FCz', 0.11309835), ('FC3', 0.10768494)]
[2026-05-19 15:32:01]     spatial_update=delta_l2=0.15892020 max_abs=0.02683708 relative=0.13599527 changed=True

[2026-05-19 15:32:02] Fold 3/5 | subject=16
[2026-05-19 15:32:02]     Train: 32 | counts=[16, 16]
[2026-05-19 15:32:02]     Test:  8 | counts=[4, 4]
[2026-05-19 15:32:02]     Model: SignalJEPA_PreLocal | Pretrained: from_pretrained | Strategy: full
[2026-05-19 15:32:02]     Phase 1 (warmup): 2,170/16,010 params
[2026-05-19 15:32:02]     Phase 2 (full): 16,010/16,010 params
[2026-05-19 15:32:03]     Result | best_epoch=1 | stop=50 | acc=0.2500 | bal_acc=0.2500 | pred_hist=[6, 2] | collapse=False
[2026-05-19 15:32:03]     spatial_conv=[4, 29] top_abs_channels=[('FC4', 0.16762024), ('Pz', 0.13854423), ('Fp1', 0.13532038), ('C3', 0.13494445), ('FT7', 0.12623793), ('FC3', 0.11089761), ('CP4', 0.11037709), ('FCz', 0.10660017)]
[2026-05-19 15:32:03]     spatial_update=delta_l2=0.15807559 max_abs=0.02583784 relative=0.13527250 changed=True

[2026-05-19 15:32:03] Fold 4/5 | subject=16
[2026-05-19 15:32:03]     Train: 32 | counts=[16, 16]
[2026-05-19 15:32:03]     Test:  8 | counts=[4, 4]
[2026-05-19 15:32:03]     Model: SignalJEPA_PreLocal | Pretrained: from_pretrained | Strategy: full
[2026-05-19 15:32:03]     Phase 1 (warmup): 2,170/16,010 params
[2026-05-19 15:32:03]     Phase 2 (full): 16,010/16,010 params
[2026-05-19 15:32:04]     Result | best_epoch=1 | stop=50 | acc=0.2500 | bal_acc=0.2500 | pred_hist=[2, 6] | collapse=False
[2026-05-19 15:32:04]     spatial_conv=[4, 29] top_abs_channels=[('FC4', 0.15322131), ('Pz', 0.12816709), ('FCz', 0.12336353), ('O2', 0.12211652), ('FT7', 0.11849501), ('C3', 0.11543266), ('T7', 0.11507571), ('P7', 0.11403645)]
[2026-05-19 15:32:04]     spatial_update=delta_l2=0.14384033 max_abs=0.02639050 relative=0.12309073 changed=True

[2026-05-19 15:32:05] Fold 5/5 | subject=16
[2026-05-19 15:32:05]     Train: 32 | counts=[16, 16]
[2026-05-19 15:32:05]     Test:  8 | counts=[4, 4]
[2026-05-19 15:32:05]     Model: SignalJEPA_PreLocal | Pretrained: from_pretrained | Strategy: full
[2026-05-19 15:32:05]     Phase 1 (warmup): 2,170/16,010 params
[2026-05-19 15:32:05]     Phase 2 (full): 16,010/16,010 params
[2026-05-19 15:32:06]     Result | best_epoch=1 | stop=50 | acc=0.6250 | bal_acc=0.6250 | pred_hist=[5, 3] | collapse=False
[2026-05-19 15:32:06]     spatial_conv=[4, 29] top_abs_channels=[('FC4', 0.16205075), ('CP4', 0.1280701), ('C3', 0.12716426), ('Pz', 0.12669326), ('FT7', 0.12363252), ('P7', 0.12037059), ('Fp1', 0.11699274), ('T7', 0.11488287)]
[2026-05-19 15:32:06]     spatial_update=delta_l2=0.14425297 max_abs=0.02684615 relative=0.12344385 changed=True
[2026-05-19 15:32:06]   Subject 16: acc=0.4750±0.1837  bal_acc=0.4750±0.1837

[2026-05-19 15:32:06] Subject 17: 40 windows | class_counts=[20, 20]

[2026-05-19 15:32:06] Fold 1/5 | subject=17
[2026-05-19 15:32:06]     Train: 32 | counts=[16, 16]
[2026-05-19 15:32:06]     Test:  8 | counts=[4, 4]
[2026-05-19 15:32:06]     Model: SignalJEPA_PreLocal | Pretrained: from_pretrained | Strategy: full
[2026-05-19 15:32:06]     Phase 1 (warmup): 2,170/16,010 params
[2026-05-19 15:32:07]     Phase 2 (full): 16,010/16,010 params
[2026-05-19 15:32:07]     Result | best_epoch=32 | stop=50 | acc=0.3750 | bal_acc=0.3750 | pred_hist=[3, 5] | collapse=False
[2026-05-19 15:32:07]     spatial_conv=[4, 29] top_abs_channels=[('FC4', 0.15790671), ('Pz', 0.13903832), ('FT7', 0.13011442), ('Fp1', 0.11895891), ('P7', 0.11634152), ('C3', 0.11607949), ('O2', 0.11497484), ('FCz', 0.11297314)]
[2026-05-19 15:32:07]     spatial_update=delta_l2=0.17702719 max_abs=0.02741414 relative=0.15149025 changed=True

[2026-05-19 15:32:08] Fold 2/5 | subject=17
[2026-05-19 15:32:08]     Train: 32 | counts=[16, 16]
[2026-05-19 15:32:08]     Test:  8 | counts=[4, 4]
[2026-05-19 15:32:08]     Model: SignalJEPA_PreLocal | Pretrained: from_pretrained | Strategy: full
[2026-05-19 15:32:08]     Phase 1 (warmup): 2,170/16,010 params
[2026-05-19 15:32:08]     Phase 2 (full): 16,010/16,010 params
[2026-05-19 15:32:09]     Result | best_epoch=1 | stop=50 | acc=0.5000 | bal_acc=0.5000 | pred_hist=[4, 4] | collapse=False
[2026-05-19 15:32:09]     spatial_conv=[4, 29] top_abs_channels=[('FC4', 0.15815258), ('FT7', 0.13610329), ('Pz', 0.13306452), ('O2', 0.11982366), ('Fp1', 0.11886498), ('C3', 0.11679938), ('P7', 0.11063765), ('C4', 0.10865695)]
[2026-05-19 15:32:09]     spatial_update=delta_l2=0.17181209 max_abs=0.02761997 relative=0.14702745 changed=True

[2026-05-19 15:32:10] Fold 3/5 | subject=17
[2026-05-19 15:32:10]     Train: 32 | counts=[16, 16]
[2026-05-19 15:32:10]     Test:  8 | counts=[4, 4]
[2026-05-19 15:32:10]     Model: SignalJEPA_PreLocal | Pretrained: from_pretrained | Strategy: full
[2026-05-19 15:32:10]     Phase 1 (warmup): 2,170/16,010 params
[2026-05-19 15:32:10]     Phase 2 (full): 16,010/16,010 params
[2026-05-19 15:32:11]     Result | best_epoch=50 | stop=50 | acc=0.7500 | bal_acc=0.7500 | pred_hist=[6, 2] | collapse=False
[2026-05-19 15:32:11]     spatial_conv=[4, 29] top_abs_channels=[('FC4', 0.15930872), ('Pz', 0.13844316), ('FT7', 0.13248332), ('O2', 0.12401313), ('C3', 0.11774676), ('Fp1', 0.11607633), ('P7', 0.11323986), ('C4', 0.11184768)]
[2026-05-19 15:32:11]     spatial_update=delta_l2=0.16274558 max_abs=0.02681488 relative=0.13926882 changed=True

[2026-05-19 15:32:11] Fold 4/5 | subject=17
[2026-05-19 15:32:11]     Train: 32 | counts=[16, 16]
[2026-05-19 15:32:11]     Test:  8 | counts=[4, 4]
[2026-05-19 15:32:11]     Model: SignalJEPA_PreLocal | Pretrained: from_pretrained | Strategy: full
[2026-05-19 15:32:11]     Phase 1 (warmup): 2,170/16,010 params
[2026-05-19 15:32:11]     Phase 2 (full): 16,010/16,010 params
[2026-05-19 15:32:12]     Result | best_epoch=2 | stop=50 | acc=0.5000 | bal_acc=0.5000 | pred_hist=[6, 2] | collapse=False
[2026-05-19 15:32:12]     spatial_conv=[4, 29] top_abs_channels=[('FC4', 0.147953), ('Pz', 0.13237943), ('FT7', 0.12109529), ('O2', 0.11709093), ('C4', 0.11593598), ('P7', 0.11592665), ('CP4', 0.11467469), ('FCz', 0.11152869)]
[2026-05-19 15:32:12]     spatial_update=delta_l2=0.16577886 max_abs=0.02634214 relative=0.14186454 changed=True

[2026-05-19 15:32:13] Fold 5/5 | subject=17
[2026-05-19 15:32:13]     Train: 32 | counts=[16, 16]
[2026-05-19 15:32:13]     Test:  8 | counts=[4, 4]
[2026-05-19 15:32:13]     Model: SignalJEPA_PreLocal | Pretrained: from_pretrained | Strategy: full
[2026-05-19 15:32:13]     Phase 1 (warmup): 2,170/16,010 params
[2026-05-19 15:32:13]     Phase 2 (full): 16,010/16,010 params
[2026-05-19 15:32:14]     Result | best_epoch=48 | stop=50 | acc=0.5000 | bal_acc=0.5000 | pred_hist=[6, 2] | collapse=False
[2026-05-19 15:32:14]     spatial_conv=[4, 29] top_abs_channels=[('FC4', 0.15562446), ('FT7', 0.13538267), ('Pz', 0.13007261), ('Fp1', 0.119701), ('FCz', 0.11538573), ('C4', 0.11536357), ('O2', 0.11500892), ('P7', 0.11170246)]
[2026-05-19 15:32:14]     spatial_update=delta_l2=0.17261007 max_abs=0.02740178 relative=0.14771032 changed=True
[2026-05-19 15:32:14]   Subject 17: acc=0.5250±0.1225  bal_acc=0.5250±0.1225

[2026-05-19 15:32:14] Subject 18: 40 windows | class_counts=[20, 20]

[2026-05-19 15:32:14] Fold 1/5 | subject=18
[2026-05-19 15:32:14]     Train: 32 | counts=[16, 16]
[2026-05-19 15:32:14]     Test:  8 | counts=[4, 4]
[2026-05-19 15:32:14]     Model: SignalJEPA_PreLocal | Pretrained: from_pretrained | Strategy: full
[2026-05-19 15:32:14]     Phase 1 (warmup): 2,170/16,010 params
[2026-05-19 15:32:14]     Phase 2 (full): 16,010/16,010 params
[2026-05-19 15:32:15]     Result | best_epoch=49 | stop=50 | acc=0.8750 | bal_acc=0.8750 | pred_hist=[5, 3] | collapse=False
[2026-05-19 15:32:15]     spatial_conv=[4, 29] top_abs_channels=[('FC4', 0.15403895), ('Pz', 0.1382058), ('FT7', 0.13688241), ('FCz', 0.12364103), ('T7', 0.1200902), ('P7', 0.11789545), ('FC3', 0.11400816), ('C3', 0.11359194)]
[2026-05-19 15:32:15]     spatial_update=delta_l2=0.17629679 max_abs=0.02724780 relative=0.15086521 changed=True

[2026-05-19 15:32:16] Fold 2/5 | subject=18
[2026-05-19 15:32:16]     Train: 32 | counts=[16, 16]
[2026-05-19 15:32:16]     Test:  8 | counts=[4, 4]
[2026-05-19 15:32:16]     Model: SignalJEPA_PreLocal | Pretrained: from_pretrained | Strategy: full
[2026-05-19 15:32:16]     Phase 1 (warmup): 2,170/16,010 params
[2026-05-19 15:32:16]     Phase 2 (full): 16,010/16,010 params
[2026-05-19 15:32:17]     Result | best_epoch=49 | stop=50 | acc=0.5000 | bal_acc=0.5000 | pred_hist=[0, 8] | collapse=True
[2026-05-19 15:32:17]     spatial_conv=[4, 29] top_abs_channels=[('FC4', 0.15865335), ('Pz', 0.14107913), ('FT7', 0.1363661), ('T7', 0.12460159), ('P7', 0.11903895), ('C3', 0.11524267), ('FC3', 0.11060211), ('TP8', 0.11001278)]
[2026-05-19 15:32:17]     spatial_update=delta_l2=0.18022083 max_abs=0.02755468 relative=0.15422319 changed=True

[2026-05-19 15:32:17] Fold 3/5 | subject=18
[2026-05-19 15:32:17]     Train: 32 | counts=[16, 16]
[2026-05-19 15:32:17]     Test:  8 | counts=[4, 4]
[2026-05-19 15:32:17]     Model: SignalJEPA_PreLocal | Pretrained: from_pretrained | Strategy: full
[2026-05-19 15:32:17]     Phase 1 (warmup): 2,170/16,010 params
[2026-05-19 15:32:18]     Phase 2 (full): 16,010/16,010 params
[2026-05-19 15:32:18]     Result | best_epoch=49 | stop=50 | acc=0.6250 | bal_acc=0.6250 | pred_hist=[7, 1] | collapse=False
[2026-05-19 15:32:18]     spatial_conv=[4, 29] top_abs_channels=[('FC4', 0.15164417), ('Pz', 0.14081562), ('FT7', 0.13748935), ('P7', 0.12612891), ('T7', 0.12271796), ('FC3', 0.11786693), ('FCz', 0.11322249), ('CP4', 0.11313975)]
[2026-05-19 15:32:18]     spatial_update=delta_l2=0.18874097 max_abs=0.02783412 relative=0.16151427 changed=True

[2026-05-19 15:32:19] Fold 4/5 | subject=18
[2026-05-19 15:32:19]     Train: 32 | counts=[16, 16]
[2026-05-19 15:32:19]     Test:  8 | counts=[4, 4]
[2026-05-19 15:32:19]     Model: SignalJEPA_PreLocal | Pretrained: from_pretrained | Strategy: full
[2026-05-19 15:32:19]     Phase 1 (warmup): 2,170/16,010 params
[2026-05-19 15:32:19]     Phase 2 (full): 16,010/16,010 params
[2026-05-19 15:32:20]     Result | best_epoch=49 | stop=50 | acc=0.8750 | bal_acc=0.8750 | pred_hist=[3, 5] | collapse=False
[2026-05-19 15:32:20]     spatial_conv=[4, 29] top_abs_channels=[('FC4', 0.14917395), ('Pz', 0.1450519), ('FT7', 0.14170086), ('P7', 0.12628926), ('C3', 0.1211573), ('T7', 0.12043715), ('FCz', 0.11616252), ('FC3', 0.11441199)]
[2026-05-19 15:32:20]     spatial_update=delta_l2=0.17842128 max_abs=0.02826679 relative=0.15268323 changed=True

[2026-05-19 15:32:21] Fold 5/5 | subject=18
[2026-05-19 15:32:21]     Train: 32 | counts=[16, 16]
[2026-05-19 15:32:21]     Test:  8 | counts=[4, 4]
[2026-05-19 15:32:21]     Model: SignalJEPA_PreLocal | Pretrained: from_pretrained | Strategy: full
[2026-05-19 15:32:21]     Phase 1 (warmup): 2,170/16,010 params
[2026-05-19 15:32:21]     Phase 2 (full): 16,010/16,010 params
[2026-05-19 15:32:21]     Result | best_epoch=50 | stop=50 | acc=0.6250 | bal_acc=0.6250 | pred_hist=[3, 5] | collapse=False
[2026-05-19 15:32:21]     spatial_conv=[4, 29] top_abs_channels=[('FC4', 0.1528433), ('FT7', 0.13779216), ('Pz', 0.12959969), ('T7', 0.12320367), ('Fp1', 0.12202393), ('P7', 0.11570663), ('FC3', 0.11566632), ('C3', 0.11417516)]
[2026-05-19 15:32:21]     spatial_update=delta_l2=0.19210074 max_abs=0.02787817 relative=0.16438937 changed=True
[2026-05-19 15:32:21]   Subject 18: acc=0.7000±0.1500  bal_acc=0.7000±0.1500

[2026-05-19 15:32:21] Subject 19: 40 windows | class_counts=[20, 20]

[2026-05-19 15:32:22] Fold 1/5 | subject=19
[2026-05-19 15:32:22]     Train: 32 | counts=[16, 16]
[2026-05-19 15:32:22]     Test:  8 | counts=[4, 4]
[2026-05-19 15:32:22]     Model: SignalJEPA_PreLocal | Pretrained: from_pretrained | Strategy: full
[2026-05-19 15:32:22]     Phase 1 (warmup): 2,170/16,010 params
[2026-05-19 15:32:22]     Phase 2 (full): 16,010/16,010 params
[2026-05-19 15:32:23]     Result | best_epoch=47 | stop=50 | acc=0.3750 | bal_acc=0.3750 | pred_hist=[5, 3] | collapse=False
[2026-05-19 15:32:23]     spatial_conv=[4, 29] top_abs_channels=[('FC4', 0.16498956), ('Pz', 0.12989427), ('T7', 0.12419017), ('O2', 0.12346372), ('FC3', 0.12146208), ('P7', 0.11657627), ('Fp1', 0.11633068), ('FT7', 0.11582911)]
[2026-05-19 15:32:23]     spatial_update=delta_l2=0.17320258 max_abs=0.02576983 relative=0.14821736 changed=True

[2026-05-19 15:32:24] Fold 2/5 | subject=19
[2026-05-19 15:32:24]     Train: 32 | counts=[16, 16]
[2026-05-19 15:32:24]     Test:  8 | counts=[4, 4]
[2026-05-19 15:32:24]     Model: SignalJEPA_PreLocal | Pretrained: from_pretrained | Strategy: full
[2026-05-19 15:32:24]     Phase 1 (warmup): 2,170/16,010 params
[2026-05-19 15:32:24]     Phase 2 (full): 16,010/16,010 params
[2026-05-19 15:32:25]     Result | best_epoch=5 | stop=50 | acc=0.3750 | bal_acc=0.3750 | pred_hist=[3, 5] | collapse=False
[2026-05-19 15:32:25]     spatial_conv=[4, 29] top_abs_channels=[('FC4', 0.16193904), ('Fp1', 0.13394356), ('Pz', 0.13112183), ('FT7', 0.12802713), ('T7', 0.12755291), ('O2', 0.116179), ('C3', 0.11377302), ('FC3', 0.11219776)]
[2026-05-19 15:32:25]     spatial_update=delta_l2=0.16837649 max_abs=0.02675588 relative=0.14408745 changed=True

[2026-05-19 15:32:25] Fold 3/5 | subject=19
[2026-05-19 15:32:25]     Train: 32 | counts=[16, 16]
[2026-05-19 15:32:25]     Test:  8 | counts=[4, 4]
[2026-05-19 15:32:25]     Model: SignalJEPA_PreLocal | Pretrained: from_pretrained | Strategy: full
[2026-05-19 15:32:25]     Phase 1 (warmup): 2,170/16,010 params
[2026-05-19 15:32:25]     Phase 2 (full): 16,010/16,010 params
[2026-05-19 15:32:26]     Result | best_epoch=31 | stop=50 | acc=0.2500 | bal_acc=0.2500 | pred_hist=[4, 4] | collapse=False
[2026-05-19 15:32:26]     spatial_conv=[4, 29] top_abs_channels=[('FC4', 0.15714401), ('Pz', 0.13193384), ('Fp1', 0.13179263), ('FT7', 0.12587225), ('T7', 0.11950291), ('CP4', 0.11778516), ('C3', 0.11270661), ('FC3', 0.11196022)]
[2026-05-19 15:32:26]     spatial_update=delta_l2=0.14002201 max_abs=0.02697791 relative=0.11982322 changed=True

[2026-05-19 15:32:27] Fold 4/5 | subject=19
[2026-05-19 15:32:27]     Train: 32 | counts=[16, 16]
[2026-05-19 15:32:27]     Test:  8 | counts=[4, 4]
[2026-05-19 15:32:27]     Model: SignalJEPA_PreLocal | Pretrained: from_pretrained | Strategy: full
[2026-05-19 15:32:27]     Phase 1 (warmup): 2,170/16,010 params
[2026-05-19 15:32:27]     Phase 2 (full): 16,010/16,010 params
[2026-05-19 15:32:28]     Result | best_epoch=1 | stop=50 | acc=0.6250 | bal_acc=0.6250 | pred_hist=[5, 3] | collapse=False
[2026-05-19 15:32:28]     spatial_conv=[4, 29] top_abs_channels=[('FC4', 0.15846586), ('Pz', 0.13638121), ('FT7', 0.12698145), ('T7', 0.12329531), ('CP4', 0.12306), ('Fp1', 0.12212241), ('FC3', 0.11699942), ('O2', 0.11519149)]
[2026-05-19 15:32:28]     spatial_update=delta_l2=0.14255624 max_abs=0.02609381 relative=0.12199189 changed=True

[2026-05-19 15:32:29] Fold 5/5 | subject=19
[2026-05-19 15:32:29]     Train: 32 | counts=[16, 16]
[2026-05-19 15:32:29]     Test:  8 | counts=[4, 4]
[2026-05-19 15:32:29]     Model: SignalJEPA_PreLocal | Pretrained: from_pretrained | Strategy: full
[2026-05-19 15:32:29]     Phase 1 (warmup): 2,170/16,010 params
[2026-05-19 15:32:29]     Phase 2 (full): 16,010/16,010 params
[2026-05-19 15:32:30]     Result | best_epoch=31 | stop=50 | acc=0.6250 | bal_acc=0.6250 | pred_hist=[3, 5] | collapse=False
[2026-05-19 15:32:30]     spatial_conv=[4, 29] top_abs_channels=[('FC4', 0.16667484), ('Pz', 0.13451499), ('Fp1', 0.13006678), ('T7', 0.12639269), ('FT7', 0.12084474), ('FC3', 0.11888731), ('O2', 0.11690468), ('P7', 0.1134357)]
[2026-05-19 15:32:30]     spatial_update=delta_l2=0.16950786 max_abs=0.02743056 relative=0.14505562 changed=True
[2026-05-19 15:32:30]   Subject 19: acc=0.4500±0.1500  bal_acc=0.4500±0.1500

[2026-05-19 15:32:30] Subject 20: 40 windows | class_counts=[20, 20]

[2026-05-19 15:32:30] Fold 1/5 | subject=20
[2026-05-19 15:32:30]     Train: 32 | counts=[16, 16]
[2026-05-19 15:32:30]     Test:  8 | counts=[4, 4]
[2026-05-19 15:32:30]     Model: SignalJEPA_PreLocal | Pretrained: from_pretrained | Strategy: full
[2026-05-19 15:32:30]     Phase 1 (warmup): 2,170/16,010 params
[2026-05-19 15:32:30]     Phase 2 (full): 16,010/16,010 params
[2026-05-19 15:32:31]     Result | best_epoch=49 | stop=50 | acc=0.8750 | bal_acc=0.8750 | pred_hist=[3, 5] | collapse=False
[2026-05-19 15:32:31]     spatial_conv=[4, 29] top_abs_channels=[('FC4', 0.15676826), ('Pz', 0.13950132), ('FT7', 0.12741786), ('Fp1', 0.12655351), ('FC3', 0.12425415), ('C3', 0.12258649), ('CP4', 0.11458111), ('FCz', 0.11132389)]
[2026-05-19 15:32:31]     spatial_update=delta_l2=0.16698422 max_abs=0.02659501 relative=0.14289602 changed=True

[2026-05-19 15:32:32] Fold 2/5 | subject=20
[2026-05-19 15:32:32]     Train: 32 | counts=[16, 16]
[2026-05-19 15:32:32]     Test:  8 | counts=[4, 4]
[2026-05-19 15:32:32]     Model: SignalJEPA_PreLocal | Pretrained: from_pretrained | Strategy: full
[2026-05-19 15:32:32]     Phase 1 (warmup): 2,170/16,010 params
[2026-05-19 15:32:32]     Phase 2 (full): 16,010/16,010 params
[2026-05-19 15:32:33]     Result | best_epoch=50 | stop=50 | acc=0.6250 | bal_acc=0.6250 | pred_hist=[3, 5] | collapse=False
[2026-05-19 15:32:33]     spatial_conv=[4, 29] top_abs_channels=[('FC4', 0.16168004), ('Pz', 0.15043226), ('C3', 0.13371137), ('FCz', 0.1239906), ('Fp1', 0.12179986), ('FT7', 0.11934638), ('TP8', 0.11818896), ('FC3', 0.11335273)]
[2026-05-19 15:32:33]     spatial_update=delta_l2=0.20202261 max_abs=0.02779702 relative=0.17287997 changed=True

[2026-05-19 15:32:33] Fold 3/5 | subject=20
[2026-05-19 15:32:33]     Train: 32 | counts=[16, 16]
[2026-05-19 15:32:33]     Test:  8 | counts=[4, 4]
[2026-05-19 15:32:33]     Model: SignalJEPA_PreLocal | Pretrained: from_pretrained | Strategy: full
[2026-05-19 15:32:33]     Phase 1 (warmup): 2,170/16,010 params
[2026-05-19 15:32:34]     Phase 2 (full): 16,010/16,010 params
[2026-05-19 15:32:34]     Result | best_epoch=43 | stop=50 | acc=0.7500 | bal_acc=0.7500 | pred_hist=[2, 6] | collapse=False
[2026-05-19 15:32:34]     spatial_conv=[4, 29] top_abs_channels=[('FC4', 0.15871324), ('Pz', 0.13729483), ('Fp1', 0.12626551), ('FCz', 0.12327559), ('C3', 0.1212239), ('FC3', 0.11296633), ('O2', 0.11288592), ('FT7', 0.11257896)]
[2026-05-19 15:32:34]     spatial_update=delta_l2=0.17953286 max_abs=0.02654963 relative=0.15363446 changed=True

[2026-05-19 15:32:35] Fold 4/5 | subject=20
[2026-05-19 15:32:35]     Train: 32 | counts=[16, 16]
[2026-05-19 15:32:35]     Test:  8 | counts=[4, 4]
[2026-05-19 15:32:35]     Model: SignalJEPA_PreLocal | Pretrained: from_pretrained | Strategy: full
[2026-05-19 15:32:35]     Phase 1 (warmup): 2,170/16,010 params
[2026-05-19 15:32:35]     Phase 2 (full): 16,010/16,010 params
[2026-05-19 15:32:36]     Result | best_epoch=50 | stop=50 | acc=0.5000 | bal_acc=0.5000 | pred_hist=[6, 2] | collapse=False
[2026-05-19 15:32:36]     spatial_conv=[4, 29] top_abs_channels=[('FC4', 0.16212571), ('Pz', 0.13976705), ('C3', 0.13012947), ('Fp1', 0.125121), ('FCz', 0.12361746), ('FT7', 0.12059469), ('F8', 0.11672021), ('FC3', 0.11437443)]
[2026-05-19 15:32:36]     spatial_update=delta_l2=0.18400575 max_abs=0.02757494 relative=0.15746212 changed=True

[2026-05-19 15:32:36] Fold 5/5 | subject=20
[2026-05-19 15:32:36]     Train: 32 | counts=[16, 16]
[2026-05-19 15:32:36]     Test:  8 | counts=[4, 4]
[2026-05-19 15:32:36]     Model: SignalJEPA_PreLocal | Pretrained: from_pretrained | Strategy: full
[2026-05-19 15:32:36]     Phase 1 (warmup): 2,170/16,010 params
[2026-05-19 15:32:37]     Phase 2 (full): 16,010/16,010 params
[2026-05-19 15:32:37]     Result | best_epoch=2 | stop=50 | acc=0.7500 | bal_acc=0.7500 | pred_hist=[2, 6] | collapse=False
[2026-05-19 15:32:37]     spatial_conv=[4, 29] top_abs_channels=[('FC4', 0.1628596), ('C3', 0.1329062), ('Pz', 0.12978102), ('Fp1', 0.11908521), ('F8', 0.11466944), ('FCz', 0.11284392), ('CP4', 0.11092201), ('T7', 0.10857438)]
[2026-05-19 15:32:37]     spatial_update=delta_l2=0.19287633 max_abs=0.02772151 relative=0.16505308 changed=True
[2026-05-19 15:32:37]   Subject 20: acc=0.7000±0.1275  bal_acc=0.7000±0.1275

[2026-05-19 15:32:37] Subject 21: 40 windows | class_counts=[20, 20]

[2026-05-19 15:32:38] Fold 1/5 | subject=21
[2026-05-19 15:32:38]     Train: 32 | counts=[16, 16]
[2026-05-19 15:32:38]     Test:  8 | counts=[4, 4]
[2026-05-19 15:32:38]     Model: SignalJEPA_PreLocal | Pretrained: from_pretrained | Strategy: full
[2026-05-19 15:32:38]     Phase 1 (warmup): 2,170/16,010 params
[2026-05-19 15:32:38]     Phase 2 (full): 16,010/16,010 params
[2026-05-19 15:32:39]     Result | best_epoch=40 | stop=50 | acc=0.3750 | bal_acc=0.3750 | pred_hist=[5, 3] | collapse=False
[2026-05-19 15:32:39]     spatial_conv=[4, 29] top_abs_channels=[('FC4', 0.16111231), ('Pz', 0.14125445), ('FT7', 0.12884748), ('C3', 0.12543441), ('FC3', 0.12172092), ('P7', 0.11892576), ('Fp1', 0.11247895), ('FCz', 0.11128674)]
[2026-05-19 15:32:39]     spatial_update=delta_l2=0.14320892 max_abs=0.02522115 relative=0.12255041 changed=True

[2026-05-19 15:32:39] Fold 2/5 | subject=21
[2026-05-19 15:32:39]     Train: 32 | counts=[16, 16]
[2026-05-19 15:32:39]     Test:  8 | counts=[4, 4]
[2026-05-19 15:32:39]     Model: SignalJEPA_PreLocal | Pretrained: from_pretrained | Strategy: full
[2026-05-19 15:32:39]     Phase 1 (warmup): 2,170/16,010 params
[2026-05-19 15:32:40]     Phase 2 (full): 16,010/16,010 params
[2026-05-19 15:32:40]     Result | best_epoch=36 | stop=50 | acc=0.3750 | bal_acc=0.3750 | pred_hist=[5, 3] | collapse=False
[2026-05-19 15:32:40]     spatial_conv=[4, 29] top_abs_channels=[('FC4', 0.15563923), ('Pz', 0.1433779), ('C3', 0.13392258), ('FT7', 0.13176085), ('CP4', 0.11835583), ('FCz', 0.11642814), ('T7', 0.10990722), ('FC3', 0.10800168)]
[2026-05-19 15:32:40]     spatial_update=delta_l2=0.14388030 max_abs=0.02641006 relative=0.12312494 changed=True

[2026-05-19 15:32:41] Fold 3/5 | subject=21
[2026-05-19 15:32:41]     Train: 32 | counts=[16, 16]
[2026-05-19 15:32:41]     Test:  8 | counts=[4, 4]
[2026-05-19 15:32:41]     Model: SignalJEPA_PreLocal | Pretrained: from_pretrained | Strategy: full
[2026-05-19 15:32:41]     Phase 1 (warmup): 2,170/16,010 params
[2026-05-19 15:32:41]     Phase 2 (full): 16,010/16,010 params
[2026-05-19 15:32:42]     Result | best_epoch=32 | stop=50 | acc=0.2500 | bal_acc=0.2500 | pred_hist=[2, 6] | collapse=False
[2026-05-19 15:32:42]     spatial_conv=[4, 29] top_abs_channels=[('FC4', 0.17576888), ('Pz', 0.14232562), ('C3', 0.12981431), ('FT7', 0.12349223), ('FCz', 0.12101723), ('O2', 0.11984444), ('T7', 0.111963), ('Fp1', 0.10923157)]
[2026-05-19 15:32:42]     spatial_update=delta_l2=0.14219720 max_abs=0.02687947 relative=0.12168464 changed=True

[2026-05-19 15:32:43] Fold 4/5 | subject=21
[2026-05-19 15:32:43]     Train: 32 | counts=[16, 16]
[2026-05-19 15:32:43]     Test:  8 | counts=[4, 4]
[2026-05-19 15:32:43]     Model: SignalJEPA_PreLocal | Pretrained: from_pretrained | Strategy: full
[2026-05-19 15:32:43]     Phase 1 (warmup): 2,170/16,010 params
[2026-05-19 15:32:43]     Phase 2 (full): 16,010/16,010 params
[2026-05-19 15:32:44]     Result | best_epoch=1 | stop=50 | acc=0.3750 | bal_acc=0.3750 | pred_hist=[5, 3] | collapse=False
[2026-05-19 15:32:44]     spatial_conv=[4, 29] top_abs_channels=[('FC4', 0.16415074), ('Pz', 0.13564676), ('FT7', 0.13086024), ('C3', 0.1255793), ('O2', 0.12366188), ('T7', 0.11624634), ('P7', 0.11501754), ('FC3', 0.10812913)]
[2026-05-19 15:32:44]     spatial_update=delta_l2=0.15231815 max_abs=0.02737119 relative=0.13034560 changed=True

[2026-05-19 15:32:44] Fold 5/5 | subject=21
[2026-05-19 15:32:44]     Train: 32 | counts=[16, 16]
[2026-05-19 15:32:44]     Test:  8 | counts=[4, 4]
[2026-05-19 15:32:44]     Model: SignalJEPA_PreLocal | Pretrained: from_pretrained | Strategy: full
[2026-05-19 15:32:44]     Phase 1 (warmup): 2,170/16,010 params
[2026-05-19 15:32:44]     Phase 2 (full): 16,010/16,010 params
[2026-05-19 15:32:45]     Result | best_epoch=39 | stop=50 | acc=0.2500 | bal_acc=0.2500 | pred_hist=[6, 2] | collapse=False
[2026-05-19 15:32:45]     spatial_conv=[4, 29] top_abs_channels=[('FC4', 0.16006756), ('Pz', 0.13785182), ('FT7', 0.12477621), ('C3', 0.12308671), ('O2', 0.12107637), ('FCz', 0.11684972), ('FC3', 0.11434431), ('T7', 0.11263701)]
[2026-05-19 15:32:45]     spatial_update=delta_l2=0.11878761 max_abs=0.02581215 relative=0.10165198 changed=True
[2026-05-19 15:32:45]   Subject 21: acc=0.3250±0.0612  bal_acc=0.3250±0.0612

[2026-05-19 15:32:45] Subject 22: 40 windows | class_counts=[20, 20]

[2026-05-19 15:32:46] Fold 1/5 | subject=22
[2026-05-19 15:32:46]     Train: 32 | counts=[16, 16]
[2026-05-19 15:32:46]     Test:  8 | counts=[4, 4]
[2026-05-19 15:32:46]     Model: SignalJEPA_PreLocal | Pretrained: from_pretrained | Strategy: full
[2026-05-19 15:32:46]     Phase 1 (warmup): 2,170/16,010 params
[2026-05-19 15:32:46]     Phase 2 (full): 16,010/16,010 params
[2026-05-19 15:32:47]     Result | best_epoch=46 | stop=50 | acc=0.7500 | bal_acc=0.7500 | pred_hist=[4, 4] | collapse=False
[2026-05-19 15:32:47]     spatial_conv=[4, 29] top_abs_channels=[('FC4', 0.15534145), ('Pz', 0.14463298), ('FT7', 0.12922838), ('C3', 0.11756776), ('FC3', 0.11737606), ('Fp1', 0.11515618), ('FCz', 0.11511526), ('O2', 0.11488801)]
[2026-05-19 15:32:47]     spatial_update=delta_l2=0.13623761 max_abs=0.02706438 relative=0.11658474 changed=True

[2026-05-19 15:32:47] Fold 2/5 | subject=22
[2026-05-19 15:32:47]     Train: 32 | counts=[16, 16]
[2026-05-19 15:32:47]     Test:  8 | counts=[4, 4]
[2026-05-19 15:32:47]     Model: SignalJEPA_PreLocal | Pretrained: from_pretrained | Strategy: full
[2026-05-19 15:32:47]     Phase 1 (warmup): 2,170/16,010 params
[2026-05-19 15:32:47]     Phase 2 (full): 16,010/16,010 params
[2026-05-19 15:32:48]     Result | best_epoch=50 | stop=50 | acc=0.2500 | bal_acc=0.2500 | pred_hist=[4, 4] | collapse=False
[2026-05-19 15:32:48]     spatial_conv=[4, 29] top_abs_channels=[('FC4', 0.15205118), ('Pz', 0.14429975), ('FT7', 0.13141993), ('C3', 0.11838189), ('FCz', 0.11774677), ('FC3', 0.11490996), ('O2', 0.11443372), ('Fp1', 0.1129067)]
[2026-05-19 15:32:48]     spatial_update=delta_l2=0.13463162 max_abs=0.02756538 relative=0.11521042 changed=True

[2026-05-19 15:32:49] Fold 3/5 | subject=22
[2026-05-19 15:32:49]     Train: 32 | counts=[16, 16]
[2026-05-19 15:32:49]     Test:  8 | counts=[4, 4]
[2026-05-19 15:32:49]     Model: SignalJEPA_PreLocal | Pretrained: from_pretrained | Strategy: full
[2026-05-19 15:32:49]     Phase 1 (warmup): 2,170/16,010 params
[2026-05-19 15:32:49]     Phase 2 (full): 16,010/16,010 params
[2026-05-19 15:32:50]     Result | best_epoch=38 | stop=50 | acc=0.3750 | bal_acc=0.3750 | pred_hist=[5, 3] | collapse=False
[2026-05-19 15:32:50]     spatial_conv=[4, 29] top_abs_channels=[('FC4', 0.14457469), ('Pz', 0.13615544), ('FT7', 0.1271396), ('FCz', 0.12103295), ('FC3', 0.11956878), ('C3', 0.1136616), ('P7', 0.11078866), ('CP4', 0.10988557)]
[2026-05-19 15:32:50]     spatial_update=delta_l2=0.15671986 max_abs=0.02720539 relative=0.13411234 changed=True

[2026-05-19 15:32:50] Fold 4/5 | subject=22
[2026-05-19 15:32:50]     Train: 32 | counts=[16, 16]
[2026-05-19 15:32:50]     Test:  8 | counts=[4, 4]
[2026-05-19 15:32:50]     Model: SignalJEPA_PreLocal | Pretrained: from_pretrained | Strategy: full
[2026-05-19 15:32:50]     Phase 1 (warmup): 2,170/16,010 params
[2026-05-19 15:32:50]     Phase 2 (full): 16,010/16,010 params
[2026-05-19 15:32:51]     Result | best_epoch=1 | stop=50 | acc=0.6250 | bal_acc=0.6250 | pred_hist=[3, 5] | collapse=False
[2026-05-19 15:32:51]     spatial_conv=[4, 29] top_abs_channels=[('FC4', 0.1513539), ('Pz', 0.13927957), ('FT7', 0.12747116), ('FCz', 0.11863333), ('O2', 0.1182417), ('C3', 0.11716236), ('TP8', 0.11683383), ('FC3', 0.11658106)]
[2026-05-19 15:32:51]     spatial_update=delta_l2=0.12145411 max_abs=0.02662737 relative=0.10393382 changed=True

[2026-05-19 15:32:52] Fold 5/5 | subject=22
[2026-05-19 15:32:52]     Train: 32 | counts=[16, 16]
[2026-05-19 15:32:52]     Test:  8 | counts=[4, 4]
[2026-05-19 15:32:52]     Model: SignalJEPA_PreLocal | Pretrained: from_pretrained | Strategy: full
[2026-05-19 15:32:52]     Phase 1 (warmup): 2,170/16,010 params
[2026-05-19 15:32:52]     Phase 2 (full): 16,010/16,010 params
[2026-05-19 15:32:53]     Result | best_epoch=50 | stop=50 | acc=0.5000 | bal_acc=0.5000 | pred_hist=[6, 2] | collapse=False
[2026-05-19 15:32:53]     spatial_conv=[4, 29] top_abs_channels=[('FC4', 0.15025501), ('Pz', 0.14221492), ('FT7', 0.12702484), ('C3', 0.12154607), ('FCz', 0.12001616), ('TP8', 0.11503923), ('P7', 0.11283653), ('Fp1', 0.11254541)]
[2026-05-19 15:32:53]     spatial_update=delta_l2=0.12865245 max_abs=0.02563044 relative=0.11009378 changed=True
[2026-05-19 15:32:53]   Subject 22: acc=0.5000±0.1768  bal_acc=0.5000±0.1768

[2026-05-19 15:32:53] Subject 23: 40 windows | class_counts=[20, 20]

[2026-05-19 15:32:53] Fold 1/5 | subject=23
[2026-05-19 15:32:53]     Train: 32 | counts=[16, 16]
[2026-05-19 15:32:53]     Test:  8 | counts=[4, 4]
[2026-05-19 15:32:53]     Model: SignalJEPA_PreLocal | Pretrained: from_pretrained | Strategy: full
[2026-05-19 15:32:53]     Phase 1 (warmup): 2,170/16,010 params
[2026-05-19 15:32:54]     Phase 2 (full): 16,010/16,010 params
[2026-05-19 15:32:54]     Result | best_epoch=13 | stop=50 | acc=0.6250 | bal_acc=0.6250 | pred_hist=[5, 3] | collapse=False
[2026-05-19 15:32:54]     spatial_conv=[4, 29] top_abs_channels=[('FC4', 0.15341797), ('Pz', 0.13247672), ('FT7', 0.122502), ('Fp1', 0.11578929), ('O2', 0.11383498), ('TP8', 0.1132887), ('TP7', 0.11190033), ('CP4', 0.11034309)]
[2026-05-19 15:32:54]     spatial_update=delta_l2=0.17159348 max_abs=0.02728974 relative=0.14684037 changed=True

[2026-05-19 15:32:55] Fold 2/5 | subject=23
[2026-05-19 15:32:55]     Train: 32 | counts=[16, 16]
[2026-05-19 15:32:55]     Test:  8 | counts=[4, 4]
[2026-05-19 15:32:55]     Model: SignalJEPA_PreLocal | Pretrained: from_pretrained | Strategy: full
[2026-05-19 15:32:55]     Phase 1 (warmup): 2,170/16,010 params
[2026-05-19 15:32:55]     Phase 2 (full): 16,010/16,010 params
[2026-05-19 15:32:56]     Result | best_epoch=50 | stop=50 | acc=0.6250 | bal_acc=0.6250 | pred_hist=[5, 3] | collapse=False
[2026-05-19 15:32:56]     spatial_conv=[4, 29] top_abs_channels=[('FC4', 0.14940996), ('Pz', 0.14129327), ('FT7', 0.12796222), ('TP8', 0.1264132), ('C3', 0.1244878), ('O2', 0.11666454), ('FC3', 0.11662902), ('T7', 0.11031109)]
[2026-05-19 15:32:56]     spatial_update=delta_l2=0.15774650 max_abs=0.02439940 relative=0.13499088 changed=True

[2026-05-19 15:32:57] Fold 3/5 | subject=23
[2026-05-19 15:32:57]     Train: 32 | counts=[16, 16]
[2026-05-19 15:32:57]     Test:  8 | counts=[4, 4]
[2026-05-19 15:32:57]     Model: SignalJEPA_PreLocal | Pretrained: from_pretrained | Strategy: full
[2026-05-19 15:32:57]     Phase 1 (warmup): 2,170/16,010 params
[2026-05-19 15:32:57]     Phase 2 (full): 16,010/16,010 params
[2026-05-19 15:32:58]     Result | best_epoch=33 | stop=50 | acc=0.6250 | bal_acc=0.6250 | pred_hist=[5, 3] | collapse=False
[2026-05-19 15:32:58]     spatial_conv=[4, 29] top_abs_channels=[('FC4', 0.1598655), ('Pz', 0.12767236), ('FT7', 0.12493493), ('C3', 0.1235548), ('TP8', 0.11953081), ('FC3', 0.11360286), ('CP4', 0.11203578), ('FCz', 0.11144778)]
[2026-05-19 15:32:58]     spatial_update=delta_l2=0.16424108 max_abs=0.02736460 relative=0.14054859 changed=True

[2026-05-19 15:32:58] Fold 4/5 | subject=23
[2026-05-19 15:32:58]     Train: 32 | counts=[16, 16]
[2026-05-19 15:32:58]     Test:  8 | counts=[4, 4]
[2026-05-19 15:32:58]     Model: SignalJEPA_PreLocal | Pretrained: from_pretrained | Strategy: full
[2026-05-19 15:32:58]     Phase 1 (warmup): 2,170/16,010 params
[2026-05-19 15:32:58]     Phase 2 (full): 16,010/16,010 params
[2026-05-19 15:32:59]     Result | best_epoch=1 | stop=50 | acc=0.6250 | bal_acc=0.6250 | pred_hist=[5, 3] | collapse=False
[2026-05-19 15:32:59]     spatial_conv=[4, 29] top_abs_channels=[('FC4', 0.15214382), ('TP8', 0.12322053), ('O2', 0.12089217), ('Fp1', 0.12079976), ('FT7', 0.12057259), ('C3', 0.11846452), ('Pz', 0.11784072), ('CP4', 0.11658558)]
[2026-05-19 15:32:59]     spatial_update=delta_l2=0.16389284 max_abs=0.02737207 relative=0.14025059 changed=True

[2026-05-19 15:33:00] Fold 5/5 | subject=23
[2026-05-19 15:33:00]     Train: 32 | counts=[16, 16]
[2026-05-19 15:33:00]     Test:  8 | counts=[4, 4]
[2026-05-19 15:33:00]     Model: SignalJEPA_PreLocal | Pretrained: from_pretrained | Strategy: full
[2026-05-19 15:33:00]     Phase 1 (warmup): 2,170/16,010 params
[2026-05-19 15:33:00]     Phase 2 (full): 16,010/16,010 params
[2026-05-19 15:33:01]     Result | best_epoch=50 | stop=50 | acc=0.3750 | bal_acc=0.3750 | pred_hist=[3, 5] | collapse=False
[2026-05-19 15:33:01]     spatial_conv=[4, 29] top_abs_channels=[('FC4', 0.1539191), ('Pz', 0.13638487), ('T7', 0.12650999), ('P7', 0.12463263), ('FT7', 0.12289655), ('C3', 0.11535093), ('O2', 0.11357678), ('CP4', 0.11330028)]
[2026-05-19 15:33:01]     spatial_update=delta_l2=0.14537091 max_abs=0.02654614 relative=0.12440053 changed=True
[2026-05-19 15:33:01]   Subject 23: acc=0.5750±0.1000  bal_acc=0.5750±0.1000

[2026-05-19 15:33:01] Subject 24: 40 windows | class_counts=[20, 20]

[2026-05-19 15:33:01] Fold 1/5 | subject=24
[2026-05-19 15:33:01]     Train: 32 | counts=[16, 16]
[2026-05-19 15:33:01]     Test:  8 | counts=[4, 4]
[2026-05-19 15:33:01]     Model: SignalJEPA_PreLocal | Pretrained: from_pretrained | Strategy: full
[2026-05-19 15:33:01]     Phase 1 (warmup): 2,170/16,010 params
[2026-05-19 15:33:01]     Phase 2 (full): 16,010/16,010 params
[2026-05-19 15:33:02]     Result | best_epoch=1 | stop=50 | acc=0.6250 | bal_acc=0.6250 | pred_hist=[3, 5] | collapse=False
[2026-05-19 15:33:02]     spatial_conv=[4, 29] top_abs_channels=[('FC4', 0.15325217), ('Pz', 0.12423232), ('FT7', 0.12318161), ('C3', 0.12118544), ('C4', 0.11974258), ('O2', 0.11744751), ('T7', 0.11612944), ('CP4', 0.11261888)]
[2026-05-19 15:33:02]     spatial_update=delta_l2=0.16472466 max_abs=0.02717560 relative=0.14096241 changed=True

[2026-05-19 15:33:03] Fold 2/5 | subject=24
[2026-05-19 15:33:03]     Train: 32 | counts=[16, 16]
[2026-05-19 15:33:03]     Test:  8 | counts=[4, 4]
[2026-05-19 15:33:03]     Model: SignalJEPA_PreLocal | Pretrained: from_pretrained | Strategy: full
[2026-05-19 15:33:03]     Phase 1 (warmup): 2,170/16,010 params
[2026-05-19 15:33:03]     Phase 2 (full): 16,010/16,010 params
[2026-05-19 15:33:04]     Result | best_epoch=1 | stop=50 | acc=0.6250 | bal_acc=0.6250 | pred_hist=[3, 5] | collapse=False
[2026-05-19 15:33:04]     spatial_conv=[4, 29] top_abs_channels=[('FC4', 0.14475377), ('Pz', 0.1391699), ('C3', 0.13316384), ('FT7', 0.12432685), ('T7', 0.12047105), ('P7', 0.11915983), ('O2', 0.11574957), ('Fp1', 0.11376278)]
[2026-05-19 15:33:04]     spatial_update=delta_l2=0.18088127 max_abs=0.02744099 relative=0.15478836 changed=True

[2026-05-19 15:33:04] Fold 3/5 | subject=24
[2026-05-19 15:33:04]     Train: 32 | counts=[16, 16]
[2026-05-19 15:33:04]     Test:  8 | counts=[4, 4]
[2026-05-19 15:33:04]     Model: SignalJEPA_PreLocal | Pretrained: from_pretrained | Strategy: full
[2026-05-19 15:33:04]     Phase 1 (warmup): 2,170/16,010 params
[2026-05-19 15:33:04]     Phase 2 (full): 16,010/16,010 params
[2026-05-19 15:33:05]     Result | best_epoch=1 | stop=50 | acc=0.8750 | bal_acc=0.8750 | pred_hist=[5, 3] | collapse=False
[2026-05-19 15:33:05]     spatial_conv=[4, 29] top_abs_channels=[('FC4', 0.14923652), ('Pz', 0.13129809), ('C3', 0.12544096), ('FT7', 0.12316131), ('O2', 0.12062311), ('T7', 0.11497843), ('C4', 0.11421362), ('CP4', 0.11364044)]
[2026-05-19 15:33:05]     spatial_update=delta_l2=0.15736717 max_abs=0.02669109 relative=0.13466627 changed=True

[2026-05-19 15:33:06] Fold 4/5 | subject=24
[2026-05-19 15:33:06]     Train: 32 | counts=[16, 16]
[2026-05-19 15:33:06]     Test:  8 | counts=[4, 4]
[2026-05-19 15:33:06]     Model: SignalJEPA_PreLocal | Pretrained: from_pretrained | Strategy: full
[2026-05-19 15:33:06]     Phase 1 (warmup): 2,170/16,010 params
[2026-05-19 15:33:06]     Phase 2 (full): 16,010/16,010 params
[2026-05-19 15:33:07]     Result | best_epoch=44 | stop=50 | acc=0.2500 | bal_acc=0.2500 | pred_hist=[2, 6] | collapse=False
[2026-05-19 15:33:07]     spatial_conv=[4, 29] top_abs_channels=[('FC4', 0.14259756), ('Pz', 0.13137779), ('FCz', 0.12782867), ('FT7', 0.11906935), ('T7', 0.11903271), ('C3', 0.11892425), ('Fp1', 0.11818019), ('C4', 0.11427256)]
[2026-05-19 15:33:07]     spatial_update=delta_l2=0.17563118 max_abs=0.02771738 relative=0.15029562 changed=True

[2026-05-19 15:33:07] Fold 5/5 | subject=24
[2026-05-19 15:33:07]     Train: 32 | counts=[16, 16]
[2026-05-19 15:33:07]     Test:  8 | counts=[4, 4]
[2026-05-19 15:33:07]     Model: SignalJEPA_PreLocal | Pretrained: from_pretrained | Strategy: full
[2026-05-19 15:33:07]     Phase 1 (warmup): 2,170/16,010 params
[2026-05-19 15:33:08]     Phase 2 (full): 16,010/16,010 params
[2026-05-19 15:33:08]     Result | best_epoch=40 | stop=50 | acc=0.5000 | bal_acc=0.5000 | pred_hist=[4, 4] | collapse=False
[2026-05-19 15:33:08]     spatial_conv=[4, 29] top_abs_channels=[('FC4', 0.15549695), ('Pz', 0.1278972), ('C3', 0.12460428), ('O2', 0.12086485), ('FCz', 0.12045857), ('Fp1', 0.11689799), ('FT7', 0.11673994), ('TP8', 0.11371609)]
[2026-05-19 15:33:08]     spatial_update=delta_l2=0.16075464 max_abs=0.02646416 relative=0.13756509 changed=True
[2026-05-19 15:33:08]   Subject 24: acc=0.5750±0.2031  bal_acc=0.5750±0.2031

[2026-05-19 15:33:08] Subject 25: 40 windows | class_counts=[20, 20]

[2026-05-19 15:33:09] Fold 1/5 | subject=25
[2026-05-19 15:33:09]     Train: 32 | counts=[16, 16]
[2026-05-19 15:33:09]     Test:  8 | counts=[4, 4]
[2026-05-19 15:33:09]     Model: SignalJEPA_PreLocal | Pretrained: from_pretrained | Strategy: full
[2026-05-19 15:33:09]     Phase 1 (warmup): 2,170/16,010 params
[2026-05-19 15:33:09]     Phase 2 (full): 16,010/16,010 params
[2026-05-19 15:33:10]     Result | best_epoch=13 | stop=50 | acc=0.6250 | bal_acc=0.6250 | pred_hist=[5, 3] | collapse=False
[2026-05-19 15:33:10]     spatial_conv=[4, 29] top_abs_channels=[('FC4', 0.17104721), ('C3', 0.12525395), ('Pz', 0.12503237), ('CP4', 0.12151064), ('FT7', 0.11909007), ('TP8', 0.11351215), ('T7', 0.11088044), ('FC3', 0.10952236)]
[2026-05-19 15:33:10]     spatial_update=delta_l2=0.14249564 max_abs=0.02542327 relative=0.12194002 changed=True

[2026-05-19 15:33:10] Fold 2/5 | subject=25
[2026-05-19 15:33:10]     Train: 32 | counts=[16, 16]
[2026-05-19 15:33:10]     Test:  8 | counts=[4, 4]
[2026-05-19 15:33:10]     Model: SignalJEPA_PreLocal | Pretrained: from_pretrained | Strategy: full
[2026-05-19 15:33:10]     Phase 1 (warmup): 2,170/16,010 params
[2026-05-19 15:33:11]     Phase 2 (full): 16,010/16,010 params
[2026-05-19 15:33:11]     Result | best_epoch=30 | stop=50 | acc=0.5000 | bal_acc=0.5000 | pred_hist=[6, 2] | collapse=False
[2026-05-19 15:33:11]     spatial_conv=[4, 29] top_abs_channels=[('FC4', 0.17497411), ('FT7', 0.13305117), ('Pz', 0.12869723), ('CP4', 0.12302823), ('C3', 0.12060077), ('FCz', 0.11376649), ('P7', 0.11353961), ('TP8', 0.11140283)]
[2026-05-19 15:33:11]     spatial_update=delta_l2=0.14375886 max_abs=0.02648550 relative=0.12302102 changed=True

[2026-05-19 15:33:12] Fold 3/5 | subject=25
[2026-05-19 15:33:12]     Train: 32 | counts=[16, 16]
[2026-05-19 15:33:12]     Test:  8 | counts=[4, 4]
[2026-05-19 15:33:12]     Model: SignalJEPA_PreLocal | Pretrained: from_pretrained | Strategy: full
[2026-05-19 15:33:12]     Phase 1 (warmup): 2,170/16,010 params
[2026-05-19 15:33:12]     Phase 2 (full): 16,010/16,010 params
[2026-05-19 15:33:13]     Result | best_epoch=48 | stop=50 | acc=0.7500 | bal_acc=0.7500 | pred_hist=[4, 4] | collapse=False
[2026-05-19 15:33:13]     spatial_conv=[4, 29] top_abs_channels=[('FC4', 0.16583326), ('Pz', 0.12888181), ('CP4', 0.12810428), ('C3', 0.12720215), ('FT7', 0.12192754), ('T7', 0.11707065), ('FCz', 0.11051889), ('O2', 0.11033101)]
[2026-05-19 15:33:13]     spatial_update=delta_l2=0.13539684 max_abs=0.02659975 relative=0.11586526 changed=True

[2026-05-19 15:33:13] Fold 4/5 | subject=25
[2026-05-19 15:33:13]     Train: 32 | counts=[16, 16]
[2026-05-19 15:33:13]     Test:  8 | counts=[4, 4]
[2026-05-19 15:33:13]     Model: SignalJEPA_PreLocal | Pretrained: from_pretrained | Strategy: full
[2026-05-19 15:33:14]     Phase 1 (warmup): 2,170/16,010 params
[2026-05-19 15:33:14]     Phase 2 (full): 16,010/16,010 params
[2026-05-19 15:33:14]     Result | best_epoch=40 | stop=50 | acc=0.6250 | bal_acc=0.6250 | pred_hist=[5, 3] | collapse=False
[2026-05-19 15:33:14]     spatial_conv=[4, 29] top_abs_channels=[('FC4', 0.16891108), ('Pz', 0.12658766), ('CP4', 0.12510315), ('C3', 0.12252868), ('TP8', 0.11578776), ('FCz', 0.11367492), ('FC3', 0.11333169), ('FT7', 0.11260197)]
[2026-05-19 15:33:14]     spatial_update=delta_l2=0.14907780 max_abs=0.02634307 relative=0.12757268 changed=True

[2026-05-19 15:33:15] Fold 5/5 | subject=25
[2026-05-19 15:33:15]     Train: 32 | counts=[16, 16]
[2026-05-19 15:33:15]     Test:  8 | counts=[4, 4]
[2026-05-19 15:33:15]     Model: SignalJEPA_PreLocal | Pretrained: from_pretrained | Strategy: full
[2026-05-19 15:33:15]     Phase 1 (warmup): 2,170/16,010 params
[2026-05-19 15:33:15]     Phase 2 (full): 16,010/16,010 params
[2026-05-19 15:33:16]     Result | best_epoch=1 | stop=50 | acc=0.5000 | bal_acc=0.5000 | pred_hist=[6, 2] | collapse=False
[2026-05-19 15:33:16]     spatial_conv=[4, 29] top_abs_channels=[('FC4', 0.16250591), ('FT7', 0.13263734), ('Pz', 0.13060015), ('C3', 0.11997592), ('CP4', 0.11963935), ('O2', 0.11595683), ('TP8', 0.11353433), ('T7', 0.1126218)]
[2026-05-19 15:33:16]     spatial_update=delta_l2=0.15102044 max_abs=0.02731211 relative=0.12923508 changed=True
[2026-05-19 15:33:16]   Subject 25: acc=0.6000±0.0935  bal_acc=0.6000±0.0935

[2026-05-19 15:33:16] Subject 26: 40 windows | class_counts=[20, 20]

[2026-05-19 15:33:17] Fold 1/5 | subject=26
[2026-05-19 15:33:17]     Train: 32 | counts=[16, 16]
[2026-05-19 15:33:17]     Test:  8 | counts=[4, 4]
[2026-05-19 15:33:17]     Model: SignalJEPA_PreLocal | Pretrained: from_pretrained | Strategy: full
[2026-05-19 15:33:17]     Phase 1 (warmup): 2,170/16,010 params
[2026-05-19 15:33:17]     Phase 2 (full): 16,010/16,010 params
[2026-05-19 15:33:18]     Result | best_epoch=1 | stop=50 | acc=0.6250 | bal_acc=0.6250 | pred_hist=[5, 3] | collapse=False
[2026-05-19 15:33:18]     spatial_conv=[4, 29] top_abs_channels=[('FC4', 0.15081388), ('FT7', 0.14046517), ('Pz', 0.13562064), ('C3', 0.1240674), ('T7', 0.12243245), ('FC3', 0.11656988), ('Fp1', 0.11437123), ('TP8', 0.11430186)]
[2026-05-19 15:33:18]     spatial_update=delta_l2=0.16068244 max_abs=0.02750406 relative=0.13750330 changed=True

[2026-05-19 15:33:18] Fold 2/5 | subject=26
[2026-05-19 15:33:18]     Train: 32 | counts=[16, 16]
[2026-05-19 15:33:18]     Test:  8 | counts=[4, 4]
[2026-05-19 15:33:18]     Model: SignalJEPA_PreLocal | Pretrained: from_pretrained | Strategy: full
[2026-05-19 15:33:18]     Phase 1 (warmup): 2,170/16,010 params
[2026-05-19 15:33:18]     Phase 2 (full): 16,010/16,010 params
[2026-05-19 15:33:19]     Result | best_epoch=1 | stop=50 | acc=0.5000 | bal_acc=0.5000 | pred_hist=[2, 6] | collapse=False
[2026-05-19 15:33:19]     spatial_conv=[4, 29] top_abs_channels=[('FC4', 0.16182694), ('FT7', 0.12821557), ('Fp1', 0.12663326), ('FC3', 0.12387773), ('Pz', 0.12275437), ('FCz', 0.11959657), ('CP4', 0.11798766), ('TP8', 0.11775514)]
[2026-05-19 15:33:19]     spatial_update=delta_l2=0.19059614 max_abs=0.02606876 relative=0.16310182 changed=True

[2026-05-19 15:33:20] Fold 3/5 | subject=26
[2026-05-19 15:33:20]     Train: 32 | counts=[16, 16]
[2026-05-19 15:33:20]     Test:  8 | counts=[4, 4]
[2026-05-19 15:33:20]     Model: SignalJEPA_PreLocal | Pretrained: from_pretrained | Strategy: full
[2026-05-19 15:33:20]     Phase 1 (warmup): 2,170/16,010 params
[2026-05-19 15:33:20]     Phase 2 (full): 16,010/16,010 params
[2026-05-19 15:33:21]     Result | best_epoch=1 | stop=50 | acc=0.7500 | bal_acc=0.7500 | pred_hist=[6, 2] | collapse=False
[2026-05-19 15:33:21]     spatial_conv=[4, 29] top_abs_channels=[('FC4', 0.16152033), ('Pz', 0.14181343), ('FT7', 0.12942454), ('TP8', 0.12628332), ('FC3', 0.12339467), ('Fp1', 0.11581825), ('C3', 0.11468042), ('P7', 0.11363793)]
[2026-05-19 15:33:21]     spatial_update=delta_l2=0.15317551 max_abs=0.02731742 relative=0.13107928 changed=True

[2026-05-19 15:33:21] Fold 4/5 | subject=26
[2026-05-19 15:33:21]     Train: 32 | counts=[16, 16]
[2026-05-19 15:33:21]     Test:  8 | counts=[4, 4]
[2026-05-19 15:33:21]     Model: SignalJEPA_PreLocal | Pretrained: from_pretrained | Strategy: full
[2026-05-19 15:33:21]     Phase 1 (warmup): 2,170/16,010 params
[2026-05-19 15:33:22]     Phase 2 (full): 16,010/16,010 params
[2026-05-19 15:33:22]     Result | best_epoch=1 | stop=50 | acc=0.7500 | bal_acc=0.7500 | pred_hist=[4, 4] | collapse=False
[2026-05-19 15:33:22]     spatial_conv=[4, 29] top_abs_channels=[('FC4', 0.15907055), ('Pz', 0.13527107), ('FT7', 0.13303918), ('FC3', 0.12367976), ('T7', 0.12205651), ('O2', 0.11834936), ('FCz', 0.1160547), ('Fp1', 0.11567967)]
[2026-05-19 15:33:22]     spatial_update=delta_l2=0.12959896 max_abs=0.02572076 relative=0.11090375 changed=True

[2026-05-19 15:33:23] Fold 5/5 | subject=26
[2026-05-19 15:33:23]     Train: 32 | counts=[16, 16]
[2026-05-19 15:33:23]     Test:  8 | counts=[4, 4]
[2026-05-19 15:33:23]     Model: SignalJEPA_PreLocal | Pretrained: from_pretrained | Strategy: full
[2026-05-19 15:33:23]     Phase 1 (warmup): 2,170/16,010 params
[2026-05-19 15:33:23]     Phase 2 (full): 16,010/16,010 params
[2026-05-19 15:33:24]     Result | best_epoch=1 | stop=50 | acc=0.6250 | bal_acc=0.6250 | pred_hist=[7, 1] | collapse=False
[2026-05-19 15:33:24]     spatial_conv=[4, 29] top_abs_channels=[('FC4', 0.151279), ('FT7', 0.13594657), ('Pz', 0.13163328), ('T7', 0.12374704), ('Fp1', 0.12293138), ('FCz', 0.12084095), ('FC3', 0.11719327), ('CP4', 0.11566073)]
[2026-05-19 15:33:24]     spatial_update=delta_l2=0.15712653 max_abs=0.02593691 relative=0.13446034 changed=True
[2026-05-19 15:33:24]   Subject 26: acc=0.6500±0.0935  bal_acc=0.6500±0.0935

[2026-05-19 15:33:24] Subject 27: 40 windows | class_counts=[20, 20]

[2026-05-19 15:33:25] Fold 1/5 | subject=27
[2026-05-19 15:33:25]     Train: 32 | counts=[16, 16]
[2026-05-19 15:33:25]     Test:  8 | counts=[4, 4]
[2026-05-19 15:33:25]     Model: SignalJEPA_PreLocal | Pretrained: from_pretrained | Strategy: full
[2026-05-19 15:33:25]     Phase 1 (warmup): 2,170/16,010 params
[2026-05-19 15:33:25]     Phase 2 (full): 16,010/16,010 params
[2026-05-19 15:33:26]     Result | best_epoch=23 | stop=50 | acc=0.2500 | bal_acc=0.2500 | pred_hist=[6, 2] | collapse=False
[2026-05-19 15:33:26]     spatial_conv=[4, 29] top_abs_channels=[('FC4', 0.15880808), ('FT7', 0.13482672), ('Pz', 0.13114923), ('C3', 0.12475946), ('O2', 0.1222738), ('P7', 0.12166773), ('FC3', 0.11664429), ('T7', 0.11654618)]
[2026-05-19 15:33:26]     spatial_update=delta_l2=0.13878018 max_abs=0.02639239 relative=0.11876053 changed=True

[2026-05-19 15:33:26] Fold 2/5 | subject=27
[2026-05-19 15:33:26]     Train: 32 | counts=[16, 16]
[2026-05-19 15:33:26]     Test:  8 | counts=[4, 4]
[2026-05-19 15:33:26]     Model: SignalJEPA_PreLocal | Pretrained: from_pretrained | Strategy: full
[2026-05-19 15:33:26]     Phase 1 (warmup): 2,170/16,010 params
[2026-05-19 15:33:26]     Phase 2 (full): 16,010/16,010 params
[2026-05-19 15:33:27]     Result | best_epoch=37 | stop=50 | acc=0.6250 | bal_acc=0.6250 | pred_hist=[5, 3] | collapse=False
[2026-05-19 15:33:27]     spatial_conv=[4, 29] top_abs_channels=[('FC4', 0.16356954), ('Pz', 0.13109769), ('FT7', 0.12810074), ('Fp1', 0.12241226), ('C3', 0.11837959), ('FCz', 0.11407065), ('F8', 0.11326136), ('O2', 0.11312416)]
[2026-05-19 15:33:27]     spatial_update=delta_l2=0.10469162 max_abs=0.02459159 relative=0.08958940 changed=True

[2026-05-19 15:33:28] Fold 3/5 | subject=27
[2026-05-19 15:33:28]     Train: 32 | counts=[16, 16]
[2026-05-19 15:33:28]     Test:  8 | counts=[4, 4]
[2026-05-19 15:33:28]     Model: SignalJEPA_PreLocal | Pretrained: from_pretrained | Strategy: full
[2026-05-19 15:33:28]     Phase 1 (warmup): 2,170/16,010 params
[2026-05-19 15:33:28]     Phase 2 (full): 16,010/16,010 params
[2026-05-19 15:33:29]     Result | best_epoch=1 | stop=50 | acc=0.3750 | bal_acc=0.3750 | pred_hist=[3, 5] | collapse=False
[2026-05-19 15:33:29]     spatial_conv=[4, 29] top_abs_channels=[('FC4', 0.16314745), ('Pz', 0.13651353), ('FT7', 0.12971425), ('O2', 0.12373299), ('C3', 0.11503996), ('FCz', 0.11487658), ('Fp1', 0.11447736), ('P7', 0.11243248)]
[2026-05-19 15:33:29]     spatial_update=delta_l2=0.11260238 max_abs=0.02331720 relative=0.09635899 changed=True

[2026-05-19 15:33:29] Fold 4/5 | subject=27
[2026-05-19 15:33:29]     Train: 32 | counts=[16, 16]
[2026-05-19 15:33:29]     Test:  8 | counts=[4, 4]
[2026-05-19 15:33:29]     Model: SignalJEPA_PreLocal | Pretrained: from_pretrained | Strategy: full
[2026-05-19 15:33:29]     Phase 1 (warmup): 2,170/16,010 params
[2026-05-19 15:33:30]     Phase 2 (full): 16,010/16,010 params
[2026-05-19 15:33:30]     Result | best_epoch=13 | stop=50 | acc=0.7500 | bal_acc=0.7500 | pred_hist=[6, 2] | collapse=False
[2026-05-19 15:33:30]     spatial_conv=[4, 29] top_abs_channels=[('FC4', 0.15845919), ('FT7', 0.1381409), ('Pz', 0.13733226), ('C3', 0.12423269), ('O2', 0.1203896), ('FCz', 0.11789152), ('TP8', 0.11253441), ('Fp1', 0.11178976)]
[2026-05-19 15:33:30]     spatial_update=delta_l2=0.10476971 max_abs=0.02502699 relative=0.08965623 changed=True

[2026-05-19 15:33:31] Fold 5/5 | subject=27
[2026-05-19 15:33:31]     Train: 32 | counts=[16, 16]
[2026-05-19 15:33:31]     Test:  8 | counts=[4, 4]
[2026-05-19 15:33:31]     Model: SignalJEPA_PreLocal | Pretrained: from_pretrained | Strategy: full
[2026-05-19 15:33:31]     Phase 1 (warmup): 2,170/16,010 params
[2026-05-19 15:33:31]     Phase 2 (full): 16,010/16,010 params
[2026-05-19 15:33:32]     Result | best_epoch=49 | stop=50 | acc=0.5000 | bal_acc=0.5000 | pred_hist=[2, 6] | collapse=False
[2026-05-19 15:33:32]     spatial_conv=[4, 29] top_abs_channels=[('FC4', 0.1548954), ('Pz', 0.13197622), ('FT7', 0.12586099), ('O2', 0.12469734), ('FC3', 0.12080877), ('T7', 0.11842267), ('FCz', 0.11790743), ('C3', 0.11752171)]
[2026-05-19 15:33:32]     spatial_update=delta_l2=0.12387057 max_abs=0.02696605 relative=0.10600170 changed=True
[2026-05-19 15:33:32]   Subject 27: acc=0.5000±0.1768  bal_acc=0.5000±0.1768

[2026-05-19 15:33:32] Subject 28: 40 windows | class_counts=[20, 20]

[2026-05-19 15:33:33] Fold 1/5 | subject=28
[2026-05-19 15:33:33]     Train: 32 | counts=[16, 16]
[2026-05-19 15:33:33]     Test:  8 | counts=[4, 4]
[2026-05-19 15:33:33]     Model: SignalJEPA_PreLocal | Pretrained: from_pretrained | Strategy: full
[2026-05-19 15:33:33]     Phase 1 (warmup): 2,170/16,010 params
[2026-05-19 15:33:33]     Phase 2 (full): 16,010/16,010 params
[2026-05-19 15:33:33]     Result | best_epoch=50 | stop=50 | acc=0.6250 | bal_acc=0.6250 | pred_hist=[3, 5] | collapse=False
[2026-05-19 15:33:33]     spatial_conv=[4, 29] top_abs_channels=[('FC4', 0.15721583), ('C3', 0.13134146), ('FT7', 0.13101149), ('Pz', 0.12935436), ('O2', 0.12108511), ('TP8', 0.11774002), ('CP4', 0.11482221), ('FCz', 0.11465833)]
[2026-05-19 15:33:33]     spatial_update=delta_l2=0.15757460 max_abs=0.02658041 relative=0.13484378 changed=True

[2026-05-19 15:33:34] Fold 2/5 | subject=28
[2026-05-19 15:33:34]     Train: 32 | counts=[16, 16]
[2026-05-19 15:33:34]     Test:  8 | counts=[4, 4]
[2026-05-19 15:33:34]     Model: SignalJEPA_PreLocal | Pretrained: from_pretrained | Strategy: full
[2026-05-19 15:33:34]     Phase 1 (warmup): 2,170/16,010 params
[2026-05-19 15:33:34]     Phase 2 (full): 16,010/16,010 params
[2026-05-19 15:33:35]     Result | best_epoch=49 | stop=50 | acc=0.6250 | bal_acc=0.6250 | pred_hist=[7, 1] | collapse=False
[2026-05-19 15:33:35]     spatial_conv=[4, 29] top_abs_channels=[('FC4', 0.16039085), ('Pz', 0.13718797), ('FC3', 0.12609069), ('O2', 0.12606323), ('CP4', 0.12365534), ('FT7', 0.12286427), ('C3', 0.11707066), ('TP8', 0.11041589)]
[2026-05-19 15:33:35]     spatial_update=delta_l2=0.15854849 max_abs=0.02652712 relative=0.13567719 changed=True

[2026-05-19 15:33:36] Fold 3/5 | subject=28
[2026-05-19 15:33:36]     Train: 32 | counts=[16, 16]
[2026-05-19 15:33:36]     Test:  8 | counts=[4, 4]
[2026-05-19 15:33:36]     Model: SignalJEPA_PreLocal | Pretrained: from_pretrained | Strategy: full
[2026-05-19 15:33:36]     Phase 1 (warmup): 2,170/16,010 params
[2026-05-19 15:33:36]     Phase 2 (full): 16,010/16,010 params
[2026-05-19 15:33:37]     Result | best_epoch=44 | stop=50 | acc=0.7500 | bal_acc=0.7500 | pred_hist=[4, 4] | collapse=False
[2026-05-19 15:33:37]     spatial_conv=[4, 29] top_abs_channels=[('FC4', 0.1492455), ('Pz', 0.12820517), ('FT7', 0.12613942), ('CP4', 0.12463324), ('C3', 0.12287428), ('O2', 0.1194407), ('Fp1', 0.11625134), ('FCz', 0.11518939)]
[2026-05-19 15:33:37]     spatial_update=delta_l2=0.17176372 max_abs=0.02773398 relative=0.14698606 changed=True

[2026-05-19 15:33:37] Fold 4/5 | subject=28
[2026-05-19 15:33:37]     Train: 32 | counts=[16, 16]
[2026-05-19 15:33:37]     Test:  8 | counts=[4, 4]
[2026-05-19 15:33:37]     Model: SignalJEPA_PreLocal | Pretrained: from_pretrained | Strategy: full
[2026-05-19 15:33:37]     Phase 1 (warmup): 2,170/16,010 params
[2026-05-19 15:33:37]     Phase 2 (full): 16,010/16,010 params
[2026-05-19 15:33:38]     Result | best_epoch=47 | stop=50 | acc=0.6250 | bal_acc=0.6250 | pred_hist=[5, 3] | collapse=False
[2026-05-19 15:33:38]     spatial_conv=[4, 29] top_abs_channels=[('FC4', 0.14353652), ('Pz', 0.13852656), ('FT7', 0.12800761), ('O2', 0.12611157), ('C3', 0.12501703), ('TP8', 0.12365247), ('FCz', 0.1199472), ('CP4', 0.11953153)]
[2026-05-19 15:33:38]     spatial_update=delta_l2=0.16579162 max_abs=0.02725117 relative=0.14187546 changed=True

[2026-05-19 15:33:39] Fold 5/5 | subject=28
[2026-05-19 15:33:39]     Train: 32 | counts=[16, 16]
[2026-05-19 15:33:39]     Test:  8 | counts=[4, 4]
[2026-05-19 15:33:39]     Model: SignalJEPA_PreLocal | Pretrained: from_pretrained | Strategy: full
[2026-05-19 15:33:39]     Phase 1 (warmup): 2,170/16,010 params
[2026-05-19 15:33:39]     Phase 2 (full): 16,010/16,010 params
[2026-05-19 15:33:40]     Result | best_epoch=35 | stop=50 | acc=0.6250 | bal_acc=0.6250 | pred_hist=[1, 7] | collapse=False
[2026-05-19 15:33:40]     spatial_conv=[4, 29] top_abs_channels=[('FC4', 0.16137826), ('Pz', 0.13489431), ('FT7', 0.12699884), ('O2', 0.12589872), ('C3', 0.12399947), ('CP4', 0.12390514), ('Fp1', 0.1163818), ('FC3', 0.11414788)]
[2026-05-19 15:33:40]     spatial_update=delta_l2=0.16203258 max_abs=0.02661575 relative=0.13865868 changed=True
[2026-05-19 15:33:40]   Subject 28: acc=0.6500±0.0500  bal_acc=0.6500±0.0500

[2026-05-19 15:33:40] Subject 29: 40 windows | class_counts=[20, 20]

[2026-05-19 15:33:40] Fold 1/5 | subject=29
[2026-05-19 15:33:40]     Train: 32 | counts=[16, 16]
[2026-05-19 15:33:40]     Test:  8 | counts=[4, 4]
[2026-05-19 15:33:40]     Model: SignalJEPA_PreLocal | Pretrained: from_pretrained | Strategy: full
[2026-05-19 15:33:40]     Phase 1 (warmup): 2,170/16,010 params
[2026-05-19 15:33:41]     Phase 2 (full): 16,010/16,010 params
[2026-05-19 15:33:41]     Result | best_epoch=1 | stop=50 | acc=0.6250 | bal_acc=0.6250 | pred_hist=[5, 3] | collapse=False
[2026-05-19 15:33:41]     spatial_conv=[4, 29] top_abs_channels=[('FC4', 0.17070836), ('Pz', 0.13711394), ('FCz', 0.12792565), ('CP4', 0.12372288), ('FT7', 0.12229909), ('O2', 0.12066024), ('Fp1', 0.11611145), ('T7', 0.11609194)]
[2026-05-19 15:33:41]     spatial_update=delta_l2=0.15366846 max_abs=0.02733258 relative=0.13150112 changed=True

[2026-05-19 15:33:42] Fold 2/5 | subject=29
[2026-05-19 15:33:42]     Train: 32 | counts=[16, 16]
[2026-05-19 15:33:42]     Test:  8 | counts=[4, 4]
[2026-05-19 15:33:42]     Model: SignalJEPA_PreLocal | Pretrained: from_pretrained | Strategy: full
[2026-05-19 15:33:42]     Phase 1 (warmup): 2,170/16,010 params
[2026-05-19 15:33:42]     Phase 2 (full): 16,010/16,010 params
[2026-05-19 15:33:43]     Result | best_epoch=1 | stop=50 | acc=0.5000 | bal_acc=0.5000 | pred_hist=[6, 2] | collapse=False
[2026-05-19 15:33:43]     spatial_conv=[4, 29] top_abs_channels=[('FC4', 0.16716675), ('Pz', 0.13630286), ('FCz', 0.12800953), ('CP4', 0.12440611), ('FC3', 0.12077397), ('C3', 0.12065639), ('FT7', 0.11728737), ('O2', 0.11210911)]
[2026-05-19 15:33:43]     spatial_update=delta_l2=0.17244700 max_abs=0.02771891 relative=0.14757078 changed=True

[2026-05-19 15:33:43] Fold 3/5 | subject=29
[2026-05-19 15:33:43]     Train: 32 | counts=[16, 16]
[2026-05-19 15:33:43]     Test:  8 | counts=[4, 4]
[2026-05-19 15:33:43]     Model: SignalJEPA_PreLocal | Pretrained: from_pretrained | Strategy: full
[2026-05-19 15:33:43]     Phase 1 (warmup): 2,170/16,010 params
[2026-05-19 15:33:44]     Phase 2 (full): 16,010/16,010 params
[2026-05-19 15:33:44]     Result | best_epoch=1 | stop=50 | acc=0.3750 | bal_acc=0.3750 | pred_hist=[5, 3] | collapse=False
[2026-05-19 15:33:44]     spatial_conv=[4, 29] top_abs_channels=[('FC4', 0.16237023), ('FT7', 0.13525577), ('Pz', 0.12919489), ('FCz', 0.12246542), ('C3', 0.12040941), ('FC3', 0.11928518), ('P7', 0.11671939), ('O2', 0.11516419)]
[2026-05-19 15:33:44]     spatial_update=delta_l2=0.16290533 max_abs=0.02663116 relative=0.13940553 changed=True

[2026-05-19 15:33:45] Fold 4/5 | subject=29
[2026-05-19 15:33:45]     Train: 32 | counts=[16, 16]
[2026-05-19 15:33:45]     Test:  8 | counts=[4, 4]
[2026-05-19 15:33:45]     Model: SignalJEPA_PreLocal | Pretrained: from_pretrained | Strategy: full
[2026-05-19 15:33:45]     Phase 1 (warmup): 2,170/16,010 params
[2026-05-19 15:33:45]     Phase 2 (full): 16,010/16,010 params
[2026-05-19 15:33:46]     Result | best_epoch=10 | stop=50 | acc=0.5000 | bal_acc=0.5000 | pred_hist=[6, 2] | collapse=False
[2026-05-19 15:33:46]     spatial_conv=[4, 29] top_abs_channels=[('FC4', 0.16941206), ('C3', 0.13396999), ('Fp1', 0.129796), ('FT7', 0.12730816), ('Pz', 0.12544881), ('CP4', 0.12254579), ('T7', 0.12118325), ('FCz', 0.1189497)]
[2026-05-19 15:33:46]     spatial_update=delta_l2=0.18717015 max_abs=0.02751699 relative=0.16017004 changed=True

[2026-05-19 15:33:47] Fold 5/5 | subject=29
[2026-05-19 15:33:47]     Train: 32 | counts=[16, 16]
[2026-05-19 15:33:47]     Test:  8 | counts=[4, 4]
[2026-05-19 15:33:47]     Model: SignalJEPA_PreLocal | Pretrained: from_pretrained | Strategy: full
[2026-05-19 15:33:47]     Phase 1 (warmup): 2,170/16,010 params
[2026-05-19 15:33:47]     Phase 2 (full): 16,010/16,010 params
[2026-05-19 15:33:47]     Result | best_epoch=1 | stop=50 | acc=0.6250 | bal_acc=0.6250 | pred_hist=[1, 7] | collapse=False
[2026-05-19 15:33:47]     spatial_conv=[4, 29] top_abs_channels=[('FC4', 0.18186569), ('Pz', 0.13733885), ('FCz', 0.13367397), ('C3', 0.12479667), ('CP4', 0.1222624), ('O2', 0.12155799), ('FC3', 0.11903501), ('FT7', 0.11644088)]
[2026-05-19 15:33:47]     spatial_update=delta_l2=0.16413672 max_abs=0.02661953 relative=0.14045929 changed=True
[2026-05-19 15:33:47]   Subject 29: acc=0.5250±0.0935  bal_acc=0.5250±0.0935

[2026-05-19 15:33:47] Subject 30: 40 windows | class_counts=[20, 20]

[2026-05-19 15:33:48] Fold 1/5 | subject=30
[2026-05-19 15:33:48]     Train: 32 | counts=[16, 16]
[2026-05-19 15:33:48]     Test:  8 | counts=[4, 4]
[2026-05-19 15:33:48]     Model: SignalJEPA_PreLocal | Pretrained: from_pretrained | Strategy: full
[2026-05-19 15:33:48]     Phase 1 (warmup): 2,170/16,010 params
[2026-05-19 15:33:48]     Phase 2 (full): 16,010/16,010 params
[2026-05-19 15:33:49]     Result | best_epoch=19 | stop=50 | acc=0.7500 | bal_acc=0.7500 | pred_hist=[6, 2] | collapse=False
[2026-05-19 15:33:49]     spatial_conv=[4, 29] top_abs_channels=[('FC4', 0.15771714), ('Pz', 0.14256664), ('FT7', 0.12183999), ('Fp1', 0.12111931), ('C3', 0.1162489), ('C4', 0.11464413), ('T7', 0.11444546), ('FCz', 0.11436848)]
[2026-05-19 15:33:49]     spatial_update=delta_l2=0.17102832 max_abs=0.02737401 relative=0.14635674 changed=True

[2026-05-19 15:33:50] Fold 2/5 | subject=30
[2026-05-19 15:33:50]     Train: 32 | counts=[16, 16]
[2026-05-19 15:33:50]     Test:  8 | counts=[4, 4]
[2026-05-19 15:33:50]     Model: SignalJEPA_PreLocal | Pretrained: from_pretrained | Strategy: full
[2026-05-19 15:33:50]     Phase 1 (warmup): 2,170/16,010 params
[2026-05-19 15:33:50]     Phase 2 (full): 16,010/16,010 params
[2026-05-19 15:33:51]     Result | best_epoch=50 | stop=50 | acc=0.7500 | bal_acc=0.7500 | pred_hist=[4, 4] | collapse=False
[2026-05-19 15:33:51]     spatial_conv=[4, 29] top_abs_channels=[('FC4', 0.16529767), ('Pz', 0.13568285), ('FT7', 0.12612706), ('C3', 0.12363511), ('FCz', 0.11810739), ('FC3', 0.11595955), ('O2', 0.11322069), ('TP8', 0.11294609)]
[2026-05-19 15:33:51]     spatial_update=delta_l2=0.17410923 max_abs=0.02757809 relative=0.14899322 changed=True

[2026-05-19 15:33:51] Fold 3/5 | subject=30
[2026-05-19 15:33:51]     Train: 32 | counts=[16, 16]
[2026-05-19 15:33:51]     Test:  8 | counts=[4, 4]
[2026-05-19 15:33:51]     Model: SignalJEPA_PreLocal | Pretrained: from_pretrained | Strategy: full
[2026-05-19 15:33:51]     Phase 1 (warmup): 2,170/16,010 params
[2026-05-19 15:33:51]     Phase 2 (full): 16,010/16,010 params
[2026-05-19 15:33:52]     Result | best_epoch=35 | stop=50 | acc=0.7500 | bal_acc=0.7500 | pred_hist=[4, 4] | collapse=False
[2026-05-19 15:33:52]     spatial_conv=[4, 29] top_abs_channels=[('FC4', 0.17340374), ('Pz', 0.14696039), ('FT7', 0.12737483), ('O2', 0.11598481), ('C3', 0.11532321), ('FCz', 0.11363022), ('FC3', 0.11078938), ('TP8', 0.10691565)]
[2026-05-19 15:33:52]     spatial_update=delta_l2=0.17417602 max_abs=0.02774136 relative=0.14905037 changed=True

[2026-05-19 15:33:53] Fold 4/5 | subject=30
[2026-05-19 15:33:53]     Train: 32 | counts=[16, 16]
[2026-05-19 15:33:53]     Test:  8 | counts=[4, 4]
[2026-05-19 15:33:53]     Model: SignalJEPA_PreLocal | Pretrained: from_pretrained | Strategy: full
[2026-05-19 15:33:53]     Phase 1 (warmup): 2,170/16,010 params
[2026-05-19 15:33:53]     Phase 2 (full): 16,010/16,010 params
[2026-05-19 15:33:54]     Result | best_epoch=50 | stop=50 | acc=0.6250 | bal_acc=0.6250 | pred_hist=[5, 3] | collapse=False
[2026-05-19 15:33:54]     spatial_conv=[4, 29] top_abs_channels=[('FC4', 0.16424081), ('Pz', 0.1369064), ('FT7', 0.13569811), ('Fp1', 0.11604073), ('C3', 0.11569004), ('P7', 0.11428047), ('O2', 0.11222496), ('FCz', 0.11206736)]
[2026-05-19 15:33:54]     spatial_update=delta_l2=0.18264530 max_abs=0.02810186 relative=0.15629792 changed=True

[2026-05-19 15:33:54] Fold 5/5 | subject=30
[2026-05-19 15:33:54]     Train: 32 | counts=[16, 16]
[2026-05-19 15:33:54]     Test:  8 | counts=[4, 4]
[2026-05-19 15:33:54]     Model: SignalJEPA_PreLocal | Pretrained: from_pretrained | Strategy: full
[2026-05-19 15:33:54]     Phase 1 (warmup): 2,170/16,010 params
[2026-05-19 15:33:54]     Phase 2 (full): 16,010/16,010 params
[2026-05-19 15:33:55]     Result | best_epoch=50 | stop=50 | acc=0.7500 | bal_acc=0.7500 | pred_hist=[4, 4] | collapse=False
[2026-05-19 15:33:55]     spatial_conv=[4, 29] top_abs_channels=[('FC4', 0.15584093), ('Pz', 0.1428578), ('FT7', 0.13105808), ('Fp1', 0.12338921), ('O2', 0.11960835), ('TP8', 0.11542364), ('FCz', 0.11377428), ('T7', 0.11375795)]
[2026-05-19 15:33:55]     spatial_update=delta_l2=0.17710127 max_abs=0.02738773 relative=0.15155365 changed=True
[2026-05-19 15:33:55]   Subject 30: acc=0.7250±0.0500  bal_acc=0.7250±0.0500

[2026-05-19 15:33:55] Subject 31: 40 windows | class_counts=[20, 20]

[2026-05-19 15:33:56] Fold 1/5 | subject=31
[2026-05-19 15:33:56]     Train: 32 | counts=[16, 16]
[2026-05-19 15:33:56]     Test:  8 | counts=[4, 4]
[2026-05-19 15:33:56]     Model: SignalJEPA_PreLocal | Pretrained: from_pretrained | Strategy: full
[2026-05-19 15:33:56]     Phase 1 (warmup): 2,170/16,010 params
[2026-05-19 15:33:56]     Phase 2 (full): 16,010/16,010 params
[2026-05-19 15:33:57]     Result | best_epoch=12 | stop=50 | acc=0.2500 | bal_acc=0.2500 | pred_hist=[6, 2] | collapse=False
[2026-05-19 15:33:57]     spatial_conv=[4, 29] top_abs_channels=[('FC4', 0.15181188), ('Pz', 0.1346266), ('FT7', 0.12995881), ('FC3', 0.12621656), ('O2', 0.11837003), ('Fp1', 0.11663581), ('C3', 0.11533243), ('FCz', 0.11470844)]
[2026-05-19 15:33:57]     spatial_update=delta_l2=0.15216486 max_abs=0.02671373 relative=0.13021442 changed=True

[2026-05-19 15:33:58] Fold 2/5 | subject=31
[2026-05-19 15:33:58]     Train: 32 | counts=[16, 16]
[2026-05-19 15:33:58]     Test:  8 | counts=[4, 4]
[2026-05-19 15:33:58]     Model: SignalJEPA_PreLocal | Pretrained: from_pretrained | Strategy: full
[2026-05-19 15:33:58]     Phase 1 (warmup): 2,170/16,010 params
[2026-05-19 15:33:58]     Phase 2 (full): 16,010/16,010 params
[2026-05-19 15:33:59]     Result | best_epoch=1 | stop=50 | acc=0.5000 | bal_acc=0.5000 | pred_hist=[6, 2] | collapse=False
[2026-05-19 15:33:59]     spatial_conv=[4, 29] top_abs_channels=[('FC4', 0.1529865), ('Pz', 0.14208446), ('C3', 0.13762936), ('FT7', 0.12359238), ('Fp1', 0.11924765), ('FC3', 0.11745249), ('CP4', 0.11435993), ('T7', 0.11114709)]
[2026-05-19 15:33:59]     spatial_update=delta_l2=0.14280029 max_abs=0.02614778 relative=0.12220073 changed=True

[2026-05-19 15:33:59] Fold 3/5 | subject=31
[2026-05-19 15:33:59]     Train: 32 | counts=[16, 16]
[2026-05-19 15:33:59]     Test:  8 | counts=[4, 4]
[2026-05-19 15:33:59]     Model: SignalJEPA_PreLocal | Pretrained: from_pretrained | Strategy: full
[2026-05-19 15:33:59]     Phase 1 (warmup): 2,170/16,010 params
[2026-05-19 15:33:59]     Phase 2 (full): 16,010/16,010 params
[2026-05-19 15:34:00]     Result | best_epoch=9 | stop=50 | acc=0.5000 | bal_acc=0.5000 | pred_hist=[4, 4] | collapse=False
[2026-05-19 15:34:00]     spatial_conv=[4, 29] top_abs_channels=[('FC4', 0.15284416), ('C3', 0.13289303), ('Pz', 0.12865177), ('FT7', 0.12761572), ('FCz', 0.12041561), ('Fp1', 0.11696447), ('FC3', 0.11626495), ('CP4', 0.11309887)]
[2026-05-19 15:34:00]     spatial_update=delta_l2=0.13831460 max_abs=0.02519646 relative=0.11836212 changed=True

[2026-05-19 15:34:01] Fold 4/5 | subject=31
[2026-05-19 15:34:01]     Train: 32 | counts=[16, 16]
[2026-05-19 15:34:01]     Test:  8 | counts=[4, 4]
[2026-05-19 15:34:01]     Model: SignalJEPA_PreLocal | Pretrained: from_pretrained | Strategy: full
[2026-05-19 15:34:01]     Phase 1 (warmup): 2,170/16,010 params
[2026-05-19 15:34:01]     Phase 2 (full): 16,010/16,010 params
[2026-05-19 15:34:02]     Result | best_epoch=12 | stop=50 | acc=0.3750 | bal_acc=0.3750 | pred_hist=[5, 3] | collapse=False
[2026-05-19 15:34:02]     spatial_conv=[4, 29] top_abs_channels=[('FC4', 0.14943731), ('Pz', 0.14398947), ('FT7', 0.13879119), ('C3', 0.11848631), ('Fp1', 0.11800636), ('FCz', 0.11798714), ('O2', 0.11640868), ('CP4', 0.11534666)]
[2026-05-19 15:34:02]     spatial_update=delta_l2=0.13381246 max_abs=0.02430019 relative=0.11450943 changed=True

[2026-05-19 15:34:02] Fold 5/5 | subject=31
[2026-05-19 15:34:02]     Train: 32 | counts=[16, 16]
[2026-05-19 15:34:02]     Test:  8 | counts=[4, 4]
[2026-05-19 15:34:02]     Model: SignalJEPA_PreLocal | Pretrained: from_pretrained | Strategy: full
[2026-05-19 15:34:02]     Phase 1 (warmup): 2,170/16,010 params
[2026-05-19 15:34:03]     Phase 2 (full): 16,010/16,010 params
[2026-05-19 15:34:03]     Result | best_epoch=12 | stop=50 | acc=0.3750 | bal_acc=0.3750 | pred_hist=[1, 7] | collapse=False
[2026-05-19 15:34:03]     spatial_conv=[4, 29] top_abs_channels=[('FC4', 0.15744364), ('Pz', 0.14157614), ('FT7', 0.14005168), ('Fp1', 0.1239481), ('C3', 0.12249127), ('FC3', 0.11478361), ('O2', 0.11184804), ('T7', 0.10894708)]
[2026-05-19 15:34:03]     spatial_update=delta_l2=0.14921224 max_abs=0.02668256 relative=0.12768773 changed=True
[2026-05-19 15:34:03]   Subject 31: acc=0.4000±0.0935  bal_acc=0.4000±0.0935

[2026-05-19 15:34:03] Subject 32: 40 windows | class_counts=[20, 20]

[2026-05-19 15:34:04] Fold 1/5 | subject=32
[2026-05-19 15:34:04]     Train: 32 | counts=[16, 16]
[2026-05-19 15:34:04]     Test:  8 | counts=[4, 4]
[2026-05-19 15:34:04]     Model: SignalJEPA_PreLocal | Pretrained: from_pretrained | Strategy: full
[2026-05-19 15:34:04]     Phase 1 (warmup): 2,170/16,010 params
[2026-05-19 15:34:04]     Phase 2 (full): 16,010/16,010 params
[2026-05-19 15:34:05]     Result | best_epoch=12 | stop=50 | acc=0.5000 | bal_acc=0.5000 | pred_hist=[4, 4] | collapse=False
[2026-05-19 15:34:05]     spatial_conv=[4, 29] top_abs_channels=[('FC4', 0.16081174), ('Pz', 0.12657817), ('T7', 0.123443), ('FT7', 0.12290846), ('P7', 0.12267208), ('FCz', 0.1217913), ('O2', 0.11892907), ('C3', 0.11875559)]
[2026-05-19 15:34:05]     spatial_update=delta_l2=0.14547686 max_abs=0.02653550 relative=0.12449119 changed=True

[2026-05-19 15:34:05] Fold 2/5 | subject=32
[2026-05-19 15:34:05]     Train: 32 | counts=[16, 16]
[2026-05-19 15:34:05]     Test:  8 | counts=[4, 4]
[2026-05-19 15:34:05]     Model: SignalJEPA_PreLocal | Pretrained: from_pretrained | Strategy: full
[2026-05-19 15:34:05]     Phase 1 (warmup): 2,170/16,010 params
[2026-05-19 15:34:06]     Phase 2 (full): 16,010/16,010 params
[2026-05-19 15:34:06]     Result | best_epoch=13 | stop=50 | acc=0.3750 | bal_acc=0.3750 | pred_hist=[3, 5] | collapse=False
[2026-05-19 15:34:06]     spatial_conv=[4, 29] top_abs_channels=[('FC4', 0.16046324), ('Pz', 0.13072394), ('FCz', 0.12548804), ('FC3', 0.1236982), ('C3', 0.12113331), ('O2', 0.12034315), ('CP4', 0.11538197), ('T7', 0.11472433)]
[2026-05-19 15:34:06]     spatial_update=delta_l2=0.14022566 max_abs=0.02614102 relative=0.11999750 changed=True

[2026-05-19 15:34:07] Fold 3/5 | subject=32
[2026-05-19 15:34:07]     Train: 32 | counts=[16, 16]
[2026-05-19 15:34:07]     Test:  8 | counts=[4, 4]
[2026-05-19 15:34:07]     Model: SignalJEPA_PreLocal | Pretrained: from_pretrained | Strategy: full
[2026-05-19 15:34:07]     Phase 1 (warmup): 2,170/16,010 params
[2026-05-19 15:34:07]     Phase 2 (full): 16,010/16,010 params
[2026-05-19 15:34:08]     Result | best_epoch=13 | stop=50 | acc=0.6250 | bal_acc=0.6250 | pred_hist=[3, 5] | collapse=False
[2026-05-19 15:34:08]     spatial_conv=[4, 29] top_abs_channels=[('FC4', 0.16471899), ('FCz', 0.12513866), ('FC3', 0.12157595), ('FT7', 0.12073585), ('Pz', 0.1202143), ('CP4', 0.11634196), ('C3', 0.11539647), ('O2', 0.1138441)]
[2026-05-19 15:34:08]     spatial_update=delta_l2=0.14969248 max_abs=0.02642792 relative=0.12809869 changed=True

[2026-05-19 15:34:09] Fold 4/5 | subject=32
[2026-05-19 15:34:09]     Train: 32 | counts=[16, 16]
[2026-05-19 15:34:09]     Test:  8 | counts=[4, 4]
[2026-05-19 15:34:09]     Model: SignalJEPA_PreLocal | Pretrained: from_pretrained | Strategy: full
[2026-05-19 15:34:09]     Phase 1 (warmup): 2,170/16,010 params
[2026-05-19 15:34:09]     Phase 2 (full): 16,010/16,010 params
[2026-05-19 15:34:09]     Result | best_epoch=50 | stop=50 | acc=0.3750 | bal_acc=0.3750 | pred_hist=[3, 5] | collapse=False
[2026-05-19 15:34:09]     spatial_conv=[4, 29] top_abs_channels=[('FC4', 0.16155514), ('Pz', 0.13744797), ('C3', 0.12733532), ('P7', 0.11913271), ('FT7', 0.11790402), ('O2', 0.11459941), ('TP8', 0.1140234), ('CP4', 0.11373553)]
[2026-05-19 15:34:09]     spatial_update=delta_l2=0.15102519 max_abs=0.02640959 relative=0.12923915 changed=True

[2026-05-19 15:34:10] Fold 5/5 | subject=32
[2026-05-19 15:34:10]     Train: 32 | counts=[16, 16]
[2026-05-19 15:34:10]     Test:  8 | counts=[4, 4]
[2026-05-19 15:34:10]     Model: SignalJEPA_PreLocal | Pretrained: from_pretrained | Strategy: full
[2026-05-19 15:34:10]     Phase 1 (warmup): 2,170/16,010 params
[2026-05-19 15:34:10]     Phase 2 (full): 16,010/16,010 params
[2026-05-19 15:34:11]     Result | best_epoch=12 | stop=50 | acc=0.7500 | bal_acc=0.7500 | pred_hist=[4, 4] | collapse=False
[2026-05-19 15:34:11]     spatial_conv=[4, 29] top_abs_channels=[('FC4', 0.16220482), ('C3', 0.13460043), ('Pz', 0.13077107), ('CP4', 0.12457351), ('T7', 0.12304041), ('O2', 0.11532281), ('FC3', 0.11409689), ('FT7', 0.11394749)]
[2026-05-19 15:34:11]     spatial_update=delta_l2=0.14442229 max_abs=0.02689520 relative=0.12358875 changed=True
[2026-05-19 15:34:11]   Subject 32: acc=0.5250±0.1458  bal_acc=0.5250±0.1458

[2026-05-19 15:34:11] Subject 33: 40 windows | class_counts=[20, 20]

[2026-05-19 15:34:12] Fold 1/5 | subject=33
[2026-05-19 15:34:12]     Train: 32 | counts=[16, 16]
[2026-05-19 15:34:12]     Test:  8 | counts=[4, 4]
[2026-05-19 15:34:12]     Model: SignalJEPA_PreLocal | Pretrained: from_pretrained | Strategy: full
[2026-05-19 15:34:12]     Phase 1 (warmup): 2,170/16,010 params
[2026-05-19 15:34:12]     Phase 2 (full): 16,010/16,010 params
[2026-05-19 15:34:13]     Result | best_epoch=37 | stop=50 | acc=0.7500 | bal_acc=0.7500 | pred_hist=[6, 2] | collapse=False
[2026-05-19 15:34:13]     spatial_conv=[4, 29] top_abs_channels=[('FC4', 0.16019692), ('FC3', 0.13784623), ('FT7', 0.13450342), ('FCz', 0.12338802), ('CP4', 0.11656173), ('Fp1', 0.11641249), ('Pz', 0.11468567), ('O2', 0.11210833)]
[2026-05-19 15:34:13]     spatial_update=delta_l2=0.17920793 max_abs=0.02744773 relative=0.15335641 changed=True

[2026-05-19 15:34:13] Fold 2/5 | subject=33
[2026-05-19 15:34:13]     Train: 32 | counts=[16, 16]
[2026-05-19 15:34:13]     Test:  8 | counts=[4, 4]
[2026-05-19 15:34:13]     Model: SignalJEPA_PreLocal | Pretrained: from_pretrained | Strategy: full
[2026-05-19 15:34:13]     Phase 1 (warmup): 2,170/16,010 params
[2026-05-19 15:34:13]     Phase 2 (full): 16,010/16,010 params
[2026-05-19 15:34:14]     Result | best_epoch=1 | stop=50 | acc=0.5000 | bal_acc=0.5000 | pred_hist=[4, 4] | collapse=False
[2026-05-19 15:34:14]     spatial_conv=[4, 29] top_abs_channels=[('FC4', 0.158262), ('FT7', 0.13142711), ('FC3', 0.12474598), ('Pz', 0.12240559), ('CP4', 0.12185239), ('FCz', 0.11870432), ('C3', 0.11687325), ('T7', 0.11636547)]
[2026-05-19 15:34:14]     spatial_update=delta_l2=0.14632661 max_abs=0.02678324 relative=0.12521836 changed=True

[2026-05-19 15:34:15] Fold 3/5 | subject=33
[2026-05-19 15:34:15]     Train: 32 | counts=[16, 16]
[2026-05-19 15:34:15]     Test:  8 | counts=[4, 4]
[2026-05-19 15:34:15]     Model: SignalJEPA_PreLocal | Pretrained: from_pretrained | Strategy: full
[2026-05-19 15:34:15]     Phase 1 (warmup): 2,170/16,010 params
[2026-05-19 15:34:15]     Phase 2 (full): 16,010/16,010 params
[2026-05-19 15:34:16]     Result | best_epoch=12 | stop=50 | acc=0.3750 | bal_acc=0.3750 | pred_hist=[3, 5] | collapse=False
[2026-05-19 15:34:16]     spatial_conv=[4, 29] top_abs_channels=[('FC4', 0.1611616), ('Pz', 0.12643141), ('FT7', 0.12550789), ('FC3', 0.12376587), ('O2', 0.12223336), ('FCz', 0.12208097), ('C3', 0.12138338), ('T7', 0.1204924)]
[2026-05-19 15:34:16]     spatial_update=delta_l2=0.16262076 max_abs=0.02763122 relative=0.13916201 changed=True

[2026-05-19 15:34:16] Fold 4/5 | subject=33
[2026-05-19 15:34:16]     Train: 32 | counts=[16, 16]
[2026-05-19 15:34:16]     Test:  8 | counts=[4, 4]
[2026-05-19 15:34:16]     Model: SignalJEPA_PreLocal | Pretrained: from_pretrained | Strategy: full
[2026-05-19 15:34:16]     Phase 1 (warmup): 2,170/16,010 params
[2026-05-19 15:34:17]     Phase 2 (full): 16,010/16,010 params
[2026-05-19 15:34:17]     Result | best_epoch=41 | stop=50 | acc=0.3750 | bal_acc=0.3750 | pred_hist=[5, 3] | collapse=False
[2026-05-19 15:34:17]     spatial_conv=[4, 29] top_abs_channels=[('FC4', 0.15503433), ('Pz', 0.1304765), ('FT7', 0.12898426), ('FC3', 0.12674247), ('T7', 0.11960368), ('FCz', 0.11859982), ('O2', 0.1171475), ('Fp1', 0.11045816)]
[2026-05-19 15:34:17]     spatial_update=delta_l2=0.16154071 max_abs=0.02650692 relative=0.13823776 changed=True

[2026-05-19 15:34:18] Fold 5/5 | subject=33
[2026-05-19 15:34:18]     Train: 32 | counts=[16, 16]
[2026-05-19 15:34:18]     Test:  8 | counts=[4, 4]
[2026-05-19 15:34:18]     Model: SignalJEPA_PreLocal | Pretrained: from_pretrained | Strategy: full
[2026-05-19 15:34:18]     Phase 1 (warmup): 2,170/16,010 params
[2026-05-19 15:34:18]     Phase 2 (full): 16,010/16,010 params
[2026-05-19 15:34:19]     Result | best_epoch=45 | stop=50 | acc=0.7500 | bal_acc=0.7500 | pred_hist=[2, 6] | collapse=False
[2026-05-19 15:34:19]     spatial_conv=[4, 29] top_abs_channels=[('FC4', 0.15868907), ('Pz', 0.13261393), ('FC3', 0.12883422), ('FT7', 0.12853952), ('O2', 0.11688201), ('FCz', 0.11585654), ('Fp1', 0.11450307), ('C3', 0.11118293)]
[2026-05-19 15:34:19]     spatial_update=delta_l2=0.15379325 max_abs=0.02651248 relative=0.13160791 changed=True
[2026-05-19 15:34:19]   Subject 33: acc=0.5500±0.1696  bal_acc=0.5500±0.1696

[2026-05-19 15:34:19] Subject 34: 40 windows | class_counts=[20, 20]

[2026-05-19 15:34:20] Fold 1/5 | subject=34
[2026-05-19 15:34:20]     Train: 32 | counts=[16, 16]
[2026-05-19 15:34:20]     Test:  8 | counts=[4, 4]
[2026-05-19 15:34:20]     Model: SignalJEPA_PreLocal | Pretrained: from_pretrained | Strategy: full
[2026-05-19 15:34:20]     Phase 1 (warmup): 2,170/16,010 params
[2026-05-19 15:34:20]     Phase 2 (full): 16,010/16,010 params
[2026-05-19 15:34:20]     Result | best_epoch=50 | stop=50 | acc=0.8750 | bal_acc=0.8750 | pred_hist=[3, 5] | collapse=False
[2026-05-19 15:34:20]     spatial_conv=[4, 29] top_abs_channels=[('FC4', 0.14706858), ('Pz', 0.13823003), ('O2', 0.1323522), ('FCz', 0.12612316), ('C3', 0.11730763), ('FT7', 0.11728738), ('CP4', 0.11727384), ('P7', 0.11388183)]
[2026-05-19 15:34:20]     spatial_update=delta_l2=0.15166579 max_abs=0.02749236 relative=0.12978734 changed=True

[2026-05-19 15:34:21] Fold 2/5 | subject=34
[2026-05-19 15:34:21]     Train: 32 | counts=[16, 16]
[2026-05-19 15:34:21]     Test:  8 | counts=[4, 4]
[2026-05-19 15:34:21]     Model: SignalJEPA_PreLocal | Pretrained: from_pretrained | Strategy: full
[2026-05-19 15:34:21]     Phase 1 (warmup): 2,170/16,010 params
[2026-05-19 15:34:21]     Phase 2 (full): 16,010/16,010 params
[2026-05-19 15:34:22]     Result | best_epoch=50 | stop=50 | acc=0.8750 | bal_acc=0.8750 | pred_hist=[3, 5] | collapse=False
[2026-05-19 15:34:22]     spatial_conv=[4, 29] top_abs_channels=[('FC4', 0.15659691), ('Pz', 0.13183492), ('O2', 0.12368461), ('Fp1', 0.12124717), ('C3', 0.12044019), ('FT7', 0.12012447), ('FCz', 0.11554649), ('P7', 0.11509079)]
[2026-05-19 15:34:22]     spatial_update=delta_l2=0.16284003 max_abs=0.02704578 relative=0.13934965 changed=True

[2026-05-19 15:34:23] Fold 3/5 | subject=34
[2026-05-19 15:34:23]     Train: 32 | counts=[16, 16]
[2026-05-19 15:34:23]     Test:  8 | counts=[4, 4]
[2026-05-19 15:34:23]     Model: SignalJEPA_PreLocal | Pretrained: from_pretrained | Strategy: full
[2026-05-19 15:34:23]     Phase 1 (warmup): 2,170/16,010 params
[2026-05-19 15:34:23]     Phase 2 (full): 16,010/16,010 params
[2026-05-19 15:34:24]     Result | best_epoch=50 | stop=50 | acc=0.6250 | bal_acc=0.6250 | pred_hist=[5, 3] | collapse=False
[2026-05-19 15:34:24]     spatial_conv=[4, 29] top_abs_channels=[('FC4', 0.14899614), ('Pz', 0.13868767), ('O2', 0.12959701), ('Fp1', 0.12245427), ('CP4', 0.11946906), ('C3', 0.11791982), ('FT7', 0.11764371), ('FC3', 0.10764806)]
[2026-05-19 15:34:24]     spatial_update=delta_l2=0.15992064 max_abs=0.02741376 relative=0.13685140 changed=True

[2026-05-19 15:34:24] Fold 4/5 | subject=34
[2026-05-19 15:34:24]     Train: 32 | counts=[16, 16]
[2026-05-19 15:34:24]     Test:  8 | counts=[4, 4]
[2026-05-19 15:34:24]     Model: SignalJEPA_PreLocal | Pretrained: from_pretrained | Strategy: full
[2026-05-19 15:34:24]     Phase 1 (warmup): 2,170/16,010 params
[2026-05-19 15:34:24]     Phase 2 (full): 16,010/16,010 params
[2026-05-19 15:34:25]     Result | best_epoch=45 | stop=50 | acc=0.8750 | bal_acc=0.8750 | pred_hist=[3, 5] | collapse=False
[2026-05-19 15:34:25]     spatial_conv=[4, 29] top_abs_channels=[('FC4', 0.16581711), ('Pz', 0.12743807), ('O2', 0.12257975), ('C3', 0.12167447), ('Fp1', 0.11626869), ('CP4', 0.11506966), ('P7', 0.11214936), ('FCz', 0.11135033)]
[2026-05-19 15:34:25]     spatial_update=delta_l2=0.17608778 max_abs=0.02682341 relative=0.15068635 changed=True

[2026-05-19 15:34:26] Fold 5/5 | subject=34
[2026-05-19 15:34:26]     Train: 32 | counts=[16, 16]
[2026-05-19 15:34:26]     Test:  8 | counts=[4, 4]
[2026-05-19 15:34:26]     Model: SignalJEPA_PreLocal | Pretrained: from_pretrained | Strategy: full
[2026-05-19 15:34:26]     Phase 1 (warmup): 2,170/16,010 params
[2026-05-19 15:34:26]     Phase 2 (full): 16,010/16,010 params
[2026-05-19 15:34:27]     Result | best_epoch=50 | stop=50 | acc=0.8750 | bal_acc=0.8750 | pred_hist=[5, 3] | collapse=False
[2026-05-19 15:34:27]     spatial_conv=[4, 29] top_abs_channels=[('FC4', 0.15959421), ('Pz', 0.14119588), ('O2', 0.12029615), ('P7', 0.11976449), ('C3', 0.11862389), ('CP4', 0.11772111), ('FT7', 0.11661211), ('Fp1', 0.11472224)]
[2026-05-19 15:34:27]     spatial_update=delta_l2=0.14663031 max_abs=0.02727949 relative=0.12547825 changed=True
[2026-05-19 15:34:27]   Subject 34: acc=0.8250±0.1000  bal_acc=0.8250±0.1000

[2026-05-19 15:34:27] Subject 35: 40 windows | class_counts=[20, 20]

[2026-05-19 15:34:27] Fold 1/5 | subject=35
[2026-05-19 15:34:27]     Train: 32 | counts=[16, 16]
[2026-05-19 15:34:27]     Test:  8 | counts=[4, 4]
[2026-05-19 15:34:27]     Model: SignalJEPA_PreLocal | Pretrained: from_pretrained | Strategy: full
[2026-05-19 15:34:27]     Phase 1 (warmup): 2,170/16,010 params
[2026-05-19 15:34:28]     Phase 2 (full): 16,010/16,010 params
[2026-05-19 15:34:28]     Result | best_epoch=1 | stop=50 | acc=0.3750 | bal_acc=0.3750 | pred_hist=[5, 3] | collapse=False
[2026-05-19 15:34:28]     spatial_conv=[4, 29] top_abs_channels=[('FC4', 0.1703124), ('Pz', 0.13513574), ('FT7', 0.13444044), ('FCz', 0.1311768), ('C3', 0.12306279), ('FC3', 0.11803436), ('CP4', 0.11439133), ('Fp1', 0.10782955)]
[2026-05-19 15:34:28]     spatial_update=delta_l2=0.17220327 max_abs=0.02720337 relative=0.14736220 changed=True

[2026-05-19 15:34:29] Fold 2/5 | subject=35
[2026-05-19 15:34:29]     Train: 32 | counts=[16, 16]
[2026-05-19 15:34:29]     Test:  8 | counts=[4, 4]
[2026-05-19 15:34:29]     Model: SignalJEPA_PreLocal | Pretrained: from_pretrained | Strategy: full
[2026-05-19 15:34:29]     Phase 1 (warmup): 2,170/16,010 params
[2026-05-19 15:34:29]     Phase 2 (full): 16,010/16,010 params
[2026-05-19 15:34:30]     Result | best_epoch=12 | stop=50 | acc=0.7500 | bal_acc=0.7500 | pred_hist=[2, 6] | collapse=False
[2026-05-19 15:34:30]     spatial_conv=[4, 29] top_abs_channels=[('FC4', 0.16618235), ('FT7', 0.13587846), ('Pz', 0.13545524), ('TP8', 0.1219104), ('O2', 0.12136723), ('CP4', 0.12125729), ('FCz', 0.11925361), ('FC3', 0.11610036)]
[2026-05-19 15:34:30]     spatial_update=delta_l2=0.17329889 max_abs=0.02626158 relative=0.14829977 changed=True

[2026-05-19 15:34:31] Fold 3/5 | subject=35
[2026-05-19 15:34:31]     Train: 32 | counts=[16, 16]
[2026-05-19 15:34:31]     Test:  8 | counts=[4, 4]
[2026-05-19 15:34:31]     Model: SignalJEPA_PreLocal | Pretrained: from_pretrained | Strategy: full
[2026-05-19 15:34:31]     Phase 1 (warmup): 2,170/16,010 params
[2026-05-19 15:34:31]     Phase 2 (full): 16,010/16,010 params
[2026-05-19 15:34:32]     Result | best_epoch=47 | stop=50 | acc=0.8750 | bal_acc=0.8750 | pred_hist=[5, 3] | collapse=False
[2026-05-19 15:34:32]     spatial_conv=[4, 29] top_abs_channels=[('FC4', 0.16772032), ('Pz', 0.13459541), ('FT7', 0.13219139), ('CP4', 0.12597334), ('FCz', 0.12336594), ('C3', 0.11586801), ('O2', 0.11241792), ('TP8', 0.10672853)]
[2026-05-19 15:34:32]     spatial_update=delta_l2=0.17637147 max_abs=0.02709681 relative=0.15092912 changed=True

[2026-05-19 15:34:32] Fold 4/5 | subject=35
[2026-05-19 15:34:32]     Train: 32 | counts=[16, 16]
[2026-05-19 15:34:32]     Test:  8 | counts=[4, 4]
[2026-05-19 15:34:32]     Model: SignalJEPA_PreLocal | Pretrained: from_pretrained | Strategy: full
[2026-05-19 15:34:32]     Phase 1 (warmup): 2,170/16,010 params
[2026-05-19 15:34:32]     Phase 2 (full): 16,010/16,010 params
[2026-05-19 15:34:33]     Result | best_epoch=12 | stop=50 | acc=0.7500 | bal_acc=0.7500 | pred_hist=[4, 4] | collapse=False
[2026-05-19 15:34:33]     spatial_conv=[4, 29] top_abs_channels=[('FC4', 0.17102398), ('Pz', 0.14083126), ('FT7', 0.13186747), ('FCz', 0.13051988), ('FC3', 0.12223333), ('C3', 0.12008649), ('Fp1', 0.11591575), ('O2', 0.11337547)]
[2026-05-19 15:34:33]     spatial_update=delta_l2=0.15953485 max_abs=0.02716363 relative=0.13652125 changed=True

[2026-05-19 15:34:34] Fold 5/5 | subject=35
[2026-05-19 15:34:34]     Train: 32 | counts=[16, 16]
[2026-05-19 15:34:34]     Test:  8 | counts=[4, 4]
[2026-05-19 15:34:34]     Model: SignalJEPA_PreLocal | Pretrained: from_pretrained | Strategy: full
[2026-05-19 15:34:34]     Phase 1 (warmup): 2,170/16,010 params
[2026-05-19 15:34:34]     Phase 2 (full): 16,010/16,010 params
[2026-05-19 15:34:35]     Result | best_epoch=23 | stop=50 | acc=0.5000 | bal_acc=0.5000 | pred_hist=[4, 4] | collapse=False
[2026-05-19 15:34:35]     spatial_conv=[4, 29] top_abs_channels=[('FC4', 0.16474277), ('Pz', 0.14174321), ('FT7', 0.13681902), ('TP8', 0.12635353), ('FCz', 0.12396383), ('O2', 0.11975388), ('C3', 0.1188676), ('FC3', 0.11868631)]
[2026-05-19 15:34:35]     spatial_update=delta_l2=0.17336701 max_abs=0.02692277 relative=0.14835807 changed=True
[2026-05-19 15:34:35]   Subject 35: acc=0.6500±0.1837  bal_acc=0.6500±0.1837

[2026-05-19 15:34:35] Subject 36: 40 windows | class_counts=[20, 20]

[2026-05-19 15:34:35] Fold 1/5 | subject=36
[2026-05-19 15:34:35]     Train: 32 | counts=[16, 16]
[2026-05-19 15:34:35]     Test:  8 | counts=[4, 4]
[2026-05-19 15:34:35]     Model: SignalJEPA_PreLocal | Pretrained: from_pretrained | Strategy: full
[2026-05-19 15:34:35]     Phase 1 (warmup): 2,170/16,010 params
[2026-05-19 15:34:35]     Phase 2 (full): 16,010/16,010 params
[2026-05-19 15:34:36]     Result | best_epoch=4 | stop=50 | acc=0.5000 | bal_acc=0.5000 | pred_hist=[6, 2] | collapse=False
[2026-05-19 15:34:36]     spatial_conv=[4, 29] top_abs_channels=[('FC4', 0.1496712), ('FT7', 0.14168544), ('Pz', 0.13445151), ('CP4', 0.12818271), ('C3', 0.12143657), ('FC3', 0.11899821), ('Fp1', 0.11758541), ('P7', 0.11354306)]
[2026-05-19 15:34:36]     spatial_update=delta_l2=0.15619241 max_abs=0.02714469 relative=0.13366097 changed=True

[2026-05-19 15:34:37] Fold 2/5 | subject=36
[2026-05-19 15:34:37]     Train: 32 | counts=[16, 16]
[2026-05-19 15:34:37]     Test:  8 | counts=[4, 4]
[2026-05-19 15:34:37]     Model: SignalJEPA_PreLocal | Pretrained: from_pretrained | Strategy: full
[2026-05-19 15:34:37]     Phase 1 (warmup): 2,170/16,010 params
[2026-05-19 15:34:37]     Phase 2 (full): 16,010/16,010 params
[2026-05-19 15:34:38]     Result | best_epoch=12 | stop=50 | acc=0.5000 | bal_acc=0.5000 | pred_hist=[2, 6] | collapse=False
[2026-05-19 15:34:38]     spatial_conv=[4, 29] top_abs_channels=[('FC4', 0.14025213), ('FT7', 0.13369581), ('Pz', 0.13089341), ('Fp1', 0.12789485), ('T7', 0.12247908), ('C3', 0.11796425), ('CP4', 0.11685474), ('FC3', 0.11429545)]
[2026-05-19 15:34:38]     spatial_update=delta_l2=0.18578167 max_abs=0.02675154 relative=0.15898185 changed=True

[2026-05-19 15:34:38] Fold 3/5 | subject=36
[2026-05-19 15:34:38]     Train: 32 | counts=[16, 16]
[2026-05-19 15:34:38]     Test:  8 | counts=[4, 4]
[2026-05-19 15:34:38]     Model: SignalJEPA_PreLocal | Pretrained: from_pretrained | Strategy: full
[2026-05-19 15:34:38]     Phase 1 (warmup): 2,170/16,010 params
[2026-05-19 15:34:38]     Phase 2 (full): 16,010/16,010 params
[2026-05-19 15:34:39]     Result | best_epoch=1 | stop=50 | acc=0.5000 | bal_acc=0.5000 | pred_hist=[8, 0] | collapse=True
[2026-05-19 15:34:39]     spatial_conv=[4, 29] top_abs_channels=[('Pz', 0.14641666), ('FC4', 0.14198041), ('FT7', 0.13216059), ('C3', 0.12385587), ('CP4', 0.1210696), ('Fp1', 0.11998031), ('P7', 0.11860028), ('T7', 0.11799087)]
[2026-05-19 15:34:39]     spatial_update=delta_l2=0.17274351 max_abs=0.02691676 relative=0.14782451 changed=True

[2026-05-19 15:34:40] Fold 4/5 | subject=36
[2026-05-19 15:34:40]     Train: 32 | counts=[16, 16]
[2026-05-19 15:34:40]     Test:  8 | counts=[4, 4]
[2026-05-19 15:34:40]     Model: SignalJEPA_PreLocal | Pretrained: from_pretrained | Strategy: full
[2026-05-19 15:34:40]     Phase 1 (warmup): 2,170/16,010 params
[2026-05-19 15:34:40]     Phase 2 (full): 16,010/16,010 params
[2026-05-19 15:34:41]     Result | best_epoch=26 | stop=50 | acc=0.5000 | bal_acc=0.5000 | pred_hist=[4, 4] | collapse=False
[2026-05-19 15:34:41]     spatial_conv=[4, 29] top_abs_channels=[('FC4', 0.14653279), ('Pz', 0.13669978), ('CP4', 0.13437825), ('FT7', 0.13017204), ('FCz', 0.1206864), ('Fp1', 0.11866339), ('P7', 0.11452422), ('C3', 0.11292008)]
[2026-05-19 15:34:41]     spatial_update=delta_l2=0.17421451 max_abs=0.02711650 relative=0.14908331 changed=True

[2026-05-19 15:34:41] Fold 5/5 | subject=36
[2026-05-19 15:34:41]     Train: 32 | counts=[16, 16]
[2026-05-19 15:34:41]     Test:  8 | counts=[4, 4]
[2026-05-19 15:34:41]     Model: SignalJEPA_PreLocal | Pretrained: from_pretrained | Strategy: full
[2026-05-19 15:34:41]     Phase 1 (warmup): 2,170/16,010 params
[2026-05-19 15:34:41]     Phase 2 (full): 16,010/16,010 params
[2026-05-19 15:34:42]     Result | best_epoch=1 | stop=50 | acc=0.5000 | bal_acc=0.5000 | pred_hist=[4, 4] | collapse=False
[2026-05-19 15:34:42]     spatial_conv=[4, 29] top_abs_channels=[('FC4', 0.14232321), ('Pz', 0.14082223), ('FT7', 0.13919023), ('CP4', 0.13181505), ('T7', 0.12448242), ('C3', 0.12177978), ('Fp1', 0.11633682), ('FC3', 0.11000998)]
[2026-05-19 15:34:42]     spatial_update=delta_l2=0.17666516 max_abs=0.02760492 relative=0.15118045 changed=True
[2026-05-19 15:34:42]   Subject 36: acc=0.5000±0.0000  bal_acc=0.5000±0.0000

[2026-05-19 15:34:42] Subject 37: 40 windows | class_counts=[20, 20]

[2026-05-19 15:34:43] Fold 1/5 | subject=37
[2026-05-19 15:34:43]     Train: 32 | counts=[16, 16]
[2026-05-19 15:34:43]     Test:  8 | counts=[4, 4]
[2026-05-19 15:34:43]     Model: SignalJEPA_PreLocal | Pretrained: from_pretrained | Strategy: full
[2026-05-19 15:34:43]     Phase 1 (warmup): 2,170/16,010 params
[2026-05-19 15:34:43]     Phase 2 (full): 16,010/16,010 params
[2026-05-19 15:34:44]     Result | best_epoch=40 | stop=50 | acc=0.2500 | bal_acc=0.2500 | pred_hist=[2, 6] | collapse=False
[2026-05-19 15:34:44]     spatial_conv=[4, 29] top_abs_channels=[('FC4', 0.15036), ('FT7', 0.13320701), ('Pz', 0.12917866), ('O2', 0.12421823), ('C3', 0.12325156), ('Fp1', 0.11811669), ('F8', 0.1158378), ('CP4', 0.11381822)]
[2026-05-19 15:34:44]     spatial_update=delta_l2=0.16738485 max_abs=0.02721297 relative=0.14323886 changed=True

[2026-05-19 15:34:44] Fold 2/5 | subject=37
[2026-05-19 15:34:44]     Train: 32 | counts=[16, 16]
[2026-05-19 15:34:44]     Test:  8 | counts=[4, 4]
[2026-05-19 15:34:44]     Model: SignalJEPA_PreLocal | Pretrained: from_pretrained | Strategy: full
[2026-05-19 15:34:44]     Phase 1 (warmup): 2,170/16,010 params
[2026-05-19 15:34:45]     Phase 2 (full): 16,010/16,010 params
[2026-05-19 15:34:46]     Result | best_epoch=1 | stop=50 | acc=0.6250 | bal_acc=0.6250 | pred_hist=[3, 5] | collapse=False
[2026-05-19 15:34:46]     spatial_conv=[4, 29] top_abs_channels=[('FC4', 0.15304843), ('FT7', 0.14147021), ('Pz', 0.13867451), ('C3', 0.12646109), ('O2', 0.1160906), ('FC3', 0.1129442), ('CP4', 0.11099586), ('TP8', 0.10976575)]
[2026-05-19 15:34:46]     spatial_update=delta_l2=0.16786337 max_abs=0.02712147 relative=0.14364835 changed=True

[2026-05-19 15:34:46] Fold 3/5 | subject=37
[2026-05-19 15:34:46]     Train: 32 | counts=[16, 16]
[2026-05-19 15:34:46]     Test:  8 | counts=[4, 4]
[2026-05-19 15:34:46]     Model: SignalJEPA_PreLocal | Pretrained: from_pretrained | Strategy: full
[2026-05-19 15:34:46]     Phase 1 (warmup): 2,170/16,010 params
[2026-05-19 15:34:46]     Phase 2 (full): 16,010/16,010 params
[2026-05-19 15:34:47]     Result | best_epoch=18 | stop=50 | acc=0.6250 | bal_acc=0.6250 | pred_hist=[5, 3] | collapse=False
[2026-05-19 15:34:47]     spatial_conv=[4, 29] top_abs_channels=[('FC4', 0.16085488), ('FT7', 0.13066937), ('Pz', 0.13057218), ('Fp1', 0.12422606), ('FCz', 0.11701176), ('C3', 0.11694159), ('FC3', 0.11611542), ('CP4', 0.11253463)]
[2026-05-19 15:34:47]     spatial_update=delta_l2=0.15309432 max_abs=0.02586457 relative=0.13100980 changed=True

[2026-05-19 15:34:48] Fold 4/5 | subject=37
[2026-05-19 15:34:48]     Train: 32 | counts=[16, 16]
[2026-05-19 15:34:48]     Test:  8 | counts=[4, 4]
[2026-05-19 15:34:48]     Model: SignalJEPA_PreLocal | Pretrained: from_pretrained | Strategy: full
[2026-05-19 15:34:48]     Phase 1 (warmup): 2,170/16,010 params
[2026-05-19 15:34:48]     Phase 2 (full): 16,010/16,010 params
[2026-05-19 15:34:49]     Result | best_epoch=1 | stop=50 | acc=0.7500 | bal_acc=0.7500 | pred_hist=[4, 4] | collapse=False
[2026-05-19 15:34:49]     spatial_conv=[4, 29] top_abs_channels=[('FC4', 0.15713258), ('Pz', 0.13482663), ('FT7', 0.13450016), ('C3', 0.12749742), ('Fp1', 0.12475555), ('TP8', 0.11319487), ('O2', 0.11128545), ('FC3', 0.10935509)]
[2026-05-19 15:34:49]     spatial_update=delta_l2=0.15600609 max_abs=0.02732238 relative=0.13350154 changed=True

[2026-05-19 15:34:50] Fold 5/5 | subject=37
[2026-05-19 15:34:50]     Train: 32 | counts=[16, 16]
[2026-05-19 15:34:50]     Test:  8 | counts=[4, 4]
[2026-05-19 15:34:50]     Model: SignalJEPA_PreLocal | Pretrained: from_pretrained | Strategy: full
[2026-05-19 15:34:50]     Phase 1 (warmup): 2,170/16,010 params
[2026-05-19 15:34:50]     Phase 2 (full): 16,010/16,010 params
[2026-05-19 15:34:51]     Result | best_epoch=24 | stop=50 | acc=0.6250 | bal_acc=0.6250 | pred_hist=[3, 5] | collapse=False
[2026-05-19 15:34:51]     spatial_conv=[4, 29] top_abs_channels=[('FC4', 0.16436751), ('Pz', 0.14468274), ('C3', 0.13011642), ('FT7', 0.12163859), ('Fp1', 0.11405862), ('O2', 0.11078379), ('F8', 0.10868911), ('FCz', 0.10791844)]
[2026-05-19 15:34:51]     spatial_update=delta_l2=0.17422976 max_abs=0.02643532 relative=0.14909636 changed=True
[2026-05-19 15:34:51]   Subject 37: acc=0.5750±0.1696  bal_acc=0.5750±0.1696

[2026-05-19 15:34:51] Subject 38: 40 windows | class_counts=[20, 20]

[2026-05-19 15:34:51] Fold 1/5 | subject=38
[2026-05-19 15:34:51]     Train: 32 | counts=[16, 16]
[2026-05-19 15:34:51]     Test:  8 | counts=[4, 4]
[2026-05-19 15:34:51]     Model: SignalJEPA_PreLocal | Pretrained: from_pretrained | Strategy: full
[2026-05-19 15:34:51]     Phase 1 (warmup): 2,170/16,010 params
[2026-05-19 15:34:51]     Phase 2 (full): 16,010/16,010 params
[2026-05-19 15:34:52]     Result | best_epoch=1 | stop=50 | acc=0.8750 | bal_acc=0.8750 | pred_hist=[5, 3] | collapse=False
[2026-05-19 15:34:52]     spatial_conv=[4, 29] top_abs_channels=[('FC4', 0.17332615), ('Pz', 0.12848656), ('O2', 0.12595583), ('FCz', 0.12141164), ('Fp1', 0.11766241), ('T7', 0.11604131), ('FT7', 0.11559834), ('C3', 0.11288456)]
[2026-05-19 15:34:52]     spatial_update=delta_l2=0.15366936 max_abs=0.02738863 relative=0.13150189 changed=True

[2026-05-19 15:34:53] Fold 2/5 | subject=38
[2026-05-19 15:34:53]     Train: 32 | counts=[16, 16]
[2026-05-19 15:34:53]     Test:  8 | counts=[4, 4]
[2026-05-19 15:34:53]     Model: SignalJEPA_PreLocal | Pretrained: from_pretrained | Strategy: full
[2026-05-19 15:34:53]     Phase 1 (warmup): 2,170/16,010 params
[2026-05-19 15:34:53]     Phase 2 (full): 16,010/16,010 params
[2026-05-19 15:34:54]     Result | best_epoch=44 | stop=50 | acc=0.6250 | bal_acc=0.6250 | pred_hist=[3, 5] | collapse=False
[2026-05-19 15:34:54]     spatial_conv=[4, 29] top_abs_channels=[('FC4', 0.15765041), ('Pz', 0.12770551), ('O2', 0.12010166), ('FC3', 0.1170222), ('P7', 0.11296291), ('F8', 0.11287504), ('C3', 0.11273043), ('FT8', 0.11159423)]
[2026-05-19 15:34:54]     spatial_update=delta_l2=0.15142539 max_abs=0.02652423 relative=0.12958162 changed=True

[2026-05-19 15:34:54] Fold 3/5 | subject=38
[2026-05-19 15:34:54]     Train: 32 | counts=[16, 16]
[2026-05-19 15:34:54]     Test:  8 | counts=[4, 4]
[2026-05-19 15:34:54]     Model: SignalJEPA_PreLocal | Pretrained: from_pretrained | Strategy: full
[2026-05-19 15:34:54]     Phase 1 (warmup): 2,170/16,010 params
[2026-05-19 15:34:54]     Phase 2 (full): 16,010/16,010 params
[2026-05-19 15:34:55]     Result | best_epoch=50 | stop=50 | acc=0.6250 | bal_acc=0.6250 | pred_hist=[5, 3] | collapse=False
[2026-05-19 15:34:55]     spatial_conv=[4, 29] top_abs_channels=[('FC4', 0.17754349), ('Pz', 0.1327446), ('FT7', 0.12752686), ('P7', 0.11731628), ('F8', 0.11374931), ('C3', 0.1117778), ('FC3', 0.11163775), ('FT8', 0.10709208)]
[2026-05-19 15:34:55]     spatial_update=delta_l2=0.17673076 max_abs=0.02758570 relative=0.15123658 changed=True

[2026-05-19 15:34:56] Fold 4/5 | subject=38
[2026-05-19 15:34:56]     Train: 32 | counts=[16, 16]
[2026-05-19 15:34:56]     Test:  8 | counts=[4, 4]
[2026-05-19 15:34:56]     Model: SignalJEPA_PreLocal | Pretrained: from_pretrained | Strategy: full
[2026-05-19 15:34:56]     Phase 1 (warmup): 2,170/16,010 params
[2026-05-19 15:34:56]     Phase 2 (full): 16,010/16,010 params
[2026-05-19 15:34:57]     Result | best_epoch=12 | stop=50 | acc=0.7500 | bal_acc=0.7500 | pred_hist=[4, 4] | collapse=False
[2026-05-19 15:34:57]     spatial_conv=[4, 29] top_abs_channels=[('FC4', 0.16734363), ('Pz', 0.12815493), ('FC3', 0.11932563), ('P7', 0.11508694), ('C3', 0.11384599), ('T7', 0.11272631), ('O2', 0.11059527), ('FT7', 0.11058253)]
[2026-05-19 15:34:57]     spatial_update=delta_l2=0.14907117 max_abs=0.02660217 relative=0.12756701 changed=True

[2026-05-19 15:34:57] Fold 5/5 | subject=38
[2026-05-19 15:34:57]     Train: 32 | counts=[16, 16]
[2026-05-19 15:34:57]     Test:  8 | counts=[4, 4]
[2026-05-19 15:34:57]     Model: SignalJEPA_PreLocal | Pretrained: from_pretrained | Strategy: full
[2026-05-19 15:34:57]     Phase 1 (warmup): 2,170/16,010 params
[2026-05-19 15:34:58]     Phase 2 (full): 16,010/16,010 params
[2026-05-19 15:34:58]     Result | best_epoch=47 | stop=50 | acc=0.6250 | bal_acc=0.6250 | pred_hist=[3, 5] | collapse=False
[2026-05-19 15:34:58]     spatial_conv=[4, 29] top_abs_channels=[('FC4', 0.16557652), ('O2', 0.13341665), ('Pz', 0.12898368), ('FCz', 0.12163675), ('FC3', 0.11885685), ('Fp1', 0.11533751), ('FT8', 0.11055262), ('P7', 0.10808337)]
[2026-05-19 15:34:58]     spatial_update=delta_l2=0.16730215 max_abs=0.02686447 relative=0.14316809 changed=True
[2026-05-19 15:34:58]   Subject 38: acc=0.7000±0.1000  bal_acc=0.7000±0.1000

[2026-05-19 15:34:58] Subject 39: 40 windows | class_counts=[20, 20]

[2026-05-19 15:34:59] Fold 1/5 | subject=39
[2026-05-19 15:34:59]     Train: 32 | counts=[16, 16]
[2026-05-19 15:34:59]     Test:  8 | counts=[4, 4]
[2026-05-19 15:34:59]     Model: SignalJEPA_PreLocal | Pretrained: from_pretrained | Strategy: full
[2026-05-19 15:34:59]     Phase 1 (warmup): 2,170/16,010 params
[2026-05-19 15:34:59]     Phase 2 (full): 16,010/16,010 params
[2026-05-19 15:35:00]     Result | best_epoch=1 | stop=50 | acc=0.5000 | bal_acc=0.5000 | pred_hist=[0, 8] | collapse=True
[2026-05-19 15:35:00]     spatial_conv=[4, 29] top_abs_channels=[('FC4', 0.1680412), ('Pz', 0.12730266), ('Fp1', 0.12477244), ('CP4', 0.1228189), ('C3', 0.12117778), ('O2', 0.1155757), ('FT7', 0.11307642), ('F8', 0.11259443)]
[2026-05-19 15:35:00]     spatial_update=delta_l2=0.11803048 max_abs=0.02593398 relative=0.10100407 changed=True

[2026-05-19 15:35:00] Fold 2/5 | subject=39
[2026-05-19 15:35:00]     Train: 32 | counts=[16, 16]
[2026-05-19 15:35:00]     Test:  8 | counts=[4, 4]
[2026-05-19 15:35:00]     Model: SignalJEPA_PreLocal | Pretrained: from_pretrained | Strategy: full
[2026-05-19 15:35:00]     Phase 1 (warmup): 2,170/16,010 params
[2026-05-19 15:35:01]     Phase 2 (full): 16,010/16,010 params
[2026-05-19 15:35:01]     Result | best_epoch=46 | stop=50 | acc=0.2500 | bal_acc=0.2500 | pred_hist=[4, 4] | collapse=False
[2026-05-19 15:35:01]     spatial_conv=[4, 29] top_abs_channels=[('FC4', 0.15969102), ('Pz', 0.13719647), ('C3', 0.13125516), ('FT7', 0.12346032), ('Fp1', 0.12040829), ('CP4', 0.11772281), ('P7', 0.11346262), ('O2', 0.11332013)]
[2026-05-19 15:35:01]     spatial_update=delta_l2=0.13648894 max_abs=0.02388959 relative=0.11679982 changed=True

[2026-05-19 15:35:02] Fold 3/5 | subject=39
[2026-05-19 15:35:02]     Train: 32 | counts=[16, 16]
[2026-05-19 15:35:02]     Test:  8 | counts=[4, 4]
[2026-05-19 15:35:02]     Model: SignalJEPA_PreLocal | Pretrained: from_pretrained | Strategy: full
[2026-05-19 15:35:02]     Phase 1 (warmup): 2,170/16,010 params
[2026-05-19 15:35:02]     Phase 2 (full): 16,010/16,010 params
[2026-05-19 15:35:03]     Result | best_epoch=2 | stop=50 | acc=0.7500 | bal_acc=0.7500 | pred_hist=[6, 2] | collapse=False
[2026-05-19 15:35:03]     spatial_conv=[4, 29] top_abs_channels=[('FC4', 0.15622787), ('Pz', 0.12577698), ('FT7', 0.12056421), ('Fp1', 0.1199535), ('CP4', 0.11951458), ('FC3', 0.11946935), ('P7', 0.11871999), ('T7', 0.11825462)]
[2026-05-19 15:35:03]     spatial_update=delta_l2=0.13401131 max_abs=0.02653935 relative=0.11467959 changed=True

[2026-05-19 15:35:04] Fold 4/5 | subject=39
[2026-05-19 15:35:04]     Train: 32 | counts=[16, 16]
[2026-05-19 15:35:04]     Test:  8 | counts=[4, 4]
[2026-05-19 15:35:04]     Model: SignalJEPA_PreLocal | Pretrained: from_pretrained | Strategy: full
[2026-05-19 15:35:04]     Phase 1 (warmup): 2,170/16,010 params
[2026-05-19 15:35:04]     Phase 2 (full): 16,010/16,010 params
[2026-05-19 15:35:05]     Result | best_epoch=1 | stop=50 | acc=0.6250 | bal_acc=0.6250 | pred_hist=[5, 3] | collapse=False
[2026-05-19 15:35:05]     spatial_conv=[4, 29] top_abs_channels=[('FC4', 0.1562798), ('Pz', 0.13175769), ('Fp1', 0.12826513), ('CP4', 0.12291863), ('FT7', 0.11647338), ('C3', 0.11504591), ('FC3', 0.11324288), ('FCz', 0.1118166)]
[2026-05-19 15:35:05]     spatial_update=delta_l2=0.12885565 max_abs=0.02523886 relative=0.11026766 changed=True

[2026-05-19 15:35:05] Fold 5/5 | subject=39
[2026-05-19 15:35:05]     Train: 32 | counts=[16, 16]
[2026-05-19 15:35:05]     Test:  8 | counts=[4, 4]
[2026-05-19 15:35:05]     Model: SignalJEPA_PreLocal | Pretrained: from_pretrained | Strategy: full
[2026-05-19 15:35:05]     Phase 1 (warmup): 2,170/16,010 params
[2026-05-19 15:35:05]     Phase 2 (full): 16,010/16,010 params
[2026-05-19 15:35:06]     Result | best_epoch=38 | stop=50 | acc=0.3750 | bal_acc=0.3750 | pred_hist=[3, 5] | collapse=False
[2026-05-19 15:35:06]     spatial_conv=[4, 29] top_abs_channels=[('FC4', 0.15859658), ('FT7', 0.1362354), ('Pz', 0.13380744), ('Fp1', 0.12394584), ('C3', 0.12112755), ('CP4', 0.12112028), ('FCz', 0.1128709), ('P7', 0.11164943)]
[2026-05-19 15:35:06]     spatial_update=delta_l2=0.12869927 max_abs=0.02602746 relative=0.11013384 changed=True
[2026-05-19 15:35:06]   Subject 39: acc=0.5000±0.1768  bal_acc=0.5000±0.1768

[2026-05-19 15:35:06] Subject 40: 40 windows | class_counts=[20, 20]

[2026-05-19 15:35:07] Fold 1/5 | subject=40
[2026-05-19 15:35:07]     Train: 32 | counts=[16, 16]
[2026-05-19 15:35:07]     Test:  8 | counts=[4, 4]
[2026-05-19 15:35:07]     Model: SignalJEPA_PreLocal | Pretrained: from_pretrained | Strategy: full
[2026-05-19 15:35:07]     Phase 1 (warmup): 2,170/16,010 params
[2026-05-19 15:35:07]     Phase 2 (full): 16,010/16,010 params
[2026-05-19 15:35:08]     Result | best_epoch=1 | stop=50 | acc=0.7500 | bal_acc=0.7500 | pred_hist=[2, 6] | collapse=False
[2026-05-19 15:35:08]     spatial_conv=[4, 29] top_abs_channels=[('FC4', 0.15831265), ('Pz', 0.13134505), ('FT7', 0.12654313), ('C3', 0.12552963), ('Fp1', 0.12499144), ('FCz', 0.11875989), ('P7', 0.11824146), ('CP4', 0.1146864)]
[2026-05-19 15:35:08]     spatial_update=delta_l2=0.15672908 max_abs=0.02810147 relative=0.13412023 changed=True

[2026-05-19 15:35:08] Fold 2/5 | subject=40
[2026-05-19 15:35:08]     Train: 32 | counts=[16, 16]
[2026-05-19 15:35:08]     Test:  8 | counts=[4, 4]
[2026-05-19 15:35:08]     Model: SignalJEPA_PreLocal | Pretrained: from_pretrained | Strategy: full
[2026-05-19 15:35:08]     Phase 1 (warmup): 2,170/16,010 params
[2026-05-19 15:35:09]     Phase 2 (full): 16,010/16,010 params
[2026-05-19 15:35:09]     Result | best_epoch=50 | stop=50 | acc=0.7500 | bal_acc=0.7500 | pred_hist=[4, 4] | collapse=False
[2026-05-19 15:35:09]     spatial_conv=[4, 29] top_abs_channels=[('FC4', 0.17024732), ('Pz', 0.13004343), ('FT7', 0.12847593), ('C3', 0.12807383), ('FCz', 0.11902872), ('P7', 0.11752218), ('FC3', 0.11469282), ('Fp1', 0.11227774)]
[2026-05-19 15:35:09]     spatial_update=delta_l2=0.13334137 max_abs=0.02687363 relative=0.11410630 changed=True

[2026-05-19 15:35:10] Fold 3/5 | subject=40
[2026-05-19 15:35:10]     Train: 32 | counts=[16, 16]
[2026-05-19 15:35:10]     Test:  8 | counts=[4, 4]
[2026-05-19 15:35:10]     Model: SignalJEPA_PreLocal | Pretrained: from_pretrained | Strategy: full
[2026-05-19 15:35:10]     Phase 1 (warmup): 2,170/16,010 params
[2026-05-19 15:35:10]     Phase 2 (full): 16,010/16,010 params
[2026-05-19 15:35:11]     Result | best_epoch=1 | stop=50 | acc=0.6250 | bal_acc=0.6250 | pred_hist=[5, 3] | collapse=False
[2026-05-19 15:35:11]     spatial_conv=[4, 29] top_abs_channels=[('FC4', 0.15552023), ('Pz', 0.13026032), ('FT7', 0.12426943), ('Fp1', 0.12263514), ('CP4', 0.12231075), ('C3', 0.12215756), ('FC3', 0.1201567), ('FCz', 0.11568713)]
[2026-05-19 15:35:11]     spatial_update=delta_l2=0.14579516 max_abs=0.02685363 relative=0.12476357 changed=True

[2026-05-19 15:35:11] Fold 4/5 | subject=40
[2026-05-19 15:35:11]     Train: 32 | counts=[16, 16]
[2026-05-19 15:35:11]     Test:  8 | counts=[4, 4]
[2026-05-19 15:35:11]     Model: SignalJEPA_PreLocal | Pretrained: from_pretrained | Strategy: full
[2026-05-19 15:35:11]     Phase 1 (warmup): 2,170/16,010 params
[2026-05-19 15:35:12]     Phase 2 (full): 16,010/16,010 params
[2026-05-19 15:35:12]     Result | best_epoch=50 | stop=50 | acc=0.2500 | bal_acc=0.2500 | pred_hist=[6, 2] | collapse=False
[2026-05-19 15:35:12]     spatial_conv=[4, 29] top_abs_channels=[('FC4', 0.16018212), ('Pz', 0.13837133), ('C3', 0.13299589), ('FT7', 0.12582685), ('T7', 0.11609703), ('P7', 0.11443877), ('FCz', 0.11138785), ('CP4', 0.11082311)]
[2026-05-19 15:35:12]     spatial_update=delta_l2=0.13240441 max_abs=0.02564585 relative=0.11330450 changed=True

[2026-05-19 15:35:13] Fold 5/5 | subject=40
[2026-05-19 15:35:13]     Train: 32 | counts=[16, 16]
[2026-05-19 15:35:13]     Test:  8 | counts=[4, 4]
[2026-05-19 15:35:13]     Model: SignalJEPA_PreLocal | Pretrained: from_pretrained | Strategy: full
[2026-05-19 15:35:13]     Phase 1 (warmup): 2,170/16,010 params
[2026-05-19 15:35:13]     Phase 2 (full): 16,010/16,010 params
[2026-05-19 15:35:14]     Result | best_epoch=38 | stop=50 | acc=0.5000 | bal_acc=0.5000 | pred_hist=[4, 4] | collapse=False
[2026-05-19 15:35:14]     spatial_conv=[4, 29] top_abs_channels=[('FC4', 0.16295794), ('FT7', 0.1308199), ('C3', 0.12735632), ('Pz', 0.12507002), ('Fp1', 0.12252773), ('FCz', 0.1154513), ('FC3', 0.11334285), ('T7', 0.11304525)]
[2026-05-19 15:35:14]     spatial_update=delta_l2=0.14737249 max_abs=0.02590808 relative=0.12611337 changed=True
[2026-05-19 15:35:14]   Subject 40: acc=0.5750±0.1871  bal_acc=0.5750±0.1871

[2026-05-19 15:35:14] Subject 41: 40 windows | class_counts=[20, 20]

[2026-05-19 15:35:15] Fold 1/5 | subject=41
[2026-05-19 15:35:15]     Train: 32 | counts=[16, 16]
[2026-05-19 15:35:15]     Test:  8 | counts=[4, 4]
[2026-05-19 15:35:15]     Model: SignalJEPA_PreLocal | Pretrained: from_pretrained | Strategy: full
[2026-05-19 15:35:15]     Phase 1 (warmup): 2,170/16,010 params
[2026-05-19 15:35:15]     Phase 2 (full): 16,010/16,010 params
[2026-05-19 15:35:16]     Result | best_epoch=39 | stop=50 | acc=0.6250 | bal_acc=0.6250 | pred_hist=[5, 3] | collapse=False
[2026-05-19 15:35:16]     spatial_conv=[4, 29] top_abs_channels=[('FC4', 0.17160997), ('Pz', 0.13987958), ('FT7', 0.12519208), ('Fp1', 0.1236043), ('O2', 0.12319708), ('FCz', 0.11599677), ('FC3', 0.11449331), ('C3', 0.11354841)]
[2026-05-19 15:35:16]     spatial_update=delta_l2=0.15557323 max_abs=0.02608855 relative=0.13313111 changed=True

[2026-05-19 15:35:16] Fold 2/5 | subject=41
[2026-05-19 15:35:16]     Train: 32 | counts=[16, 16]
[2026-05-19 15:35:16]     Test:  8 | counts=[4, 4]
[2026-05-19 15:35:16]     Model: SignalJEPA_PreLocal | Pretrained: from_pretrained | Strategy: full
[2026-05-19 15:35:16]     Phase 1 (warmup): 2,170/16,010 params
[2026-05-19 15:35:16]     Phase 2 (full): 16,010/16,010 params
[2026-05-19 15:35:17]     Result | best_epoch=1 | stop=50 | acc=0.7500 | bal_acc=0.7500 | pred_hist=[6, 2] | collapse=False
[2026-05-19 15:35:17]     spatial_conv=[4, 29] top_abs_channels=[('FC4', 0.15914339), ('Pz', 0.1448528), ('FT7', 0.12335345), ('O2', 0.12044066), ('TP8', 0.12008654), ('Fp1', 0.118201), ('FC3', 0.11289688), ('C3', 0.11087266)]
[2026-05-19 15:35:17]     spatial_update=delta_l2=0.18056994 max_abs=0.02727281 relative=0.15452194 changed=True

[2026-05-19 15:35:18] Fold 3/5 | subject=41
[2026-05-19 15:35:18]     Train: 32 | counts=[16, 16]
[2026-05-19 15:35:18]     Test:  8 | counts=[4, 4]
[2026-05-19 15:35:18]     Model: SignalJEPA_PreLocal | Pretrained: from_pretrained | Strategy: full
[2026-05-19 15:35:18]     Phase 1 (warmup): 2,170/16,010 params
[2026-05-19 15:35:18]     Phase 2 (full): 16,010/16,010 params
[2026-05-19 15:35:19]     Result | best_epoch=1 | stop=50 | acc=0.6250 | bal_acc=0.6250 | pred_hist=[5, 3] | collapse=False
[2026-05-19 15:35:19]     spatial_conv=[4, 29] top_abs_channels=[('FC4', 0.15869977), ('Pz', 0.13984714), ('FC3', 0.11856984), ('CP4', 0.11536556), ('TP8', 0.11506616), ('O2', 0.11313388), ('Fp1', 0.1128445), ('FT7', 0.11236771)]
[2026-05-19 15:35:19]     spatial_update=delta_l2=0.19259772 max_abs=0.02767636 relative=0.16481466 changed=True

[2026-05-19 15:35:19] Fold 4/5 | subject=41
[2026-05-19 15:35:19]     Train: 32 | counts=[16, 16]
[2026-05-19 15:35:19]     Test:  8 | counts=[4, 4]
[2026-05-19 15:35:19]     Model: SignalJEPA_PreLocal | Pretrained: from_pretrained | Strategy: full
[2026-05-19 15:35:19]     Phase 1 (warmup): 2,170/16,010 params
[2026-05-19 15:35:20]     Phase 2 (full): 16,010/16,010 params
[2026-05-19 15:35:20]     Result | best_epoch=50 | stop=50 | acc=0.6250 | bal_acc=0.6250 | pred_hist=[5, 3] | collapse=False
[2026-05-19 15:35:20]     spatial_conv=[4, 29] top_abs_channels=[('FC4', 0.16811271), ('Pz', 0.13324915), ('FCz', 0.12470046), ('FT7', 0.12380548), ('O2', 0.12217703), ('FC3', 0.12011954), ('TP8', 0.11479904), ('C3', 0.11068211)]
[2026-05-19 15:35:20]     spatial_update=delta_l2=0.16367770 max_abs=0.02763945 relative=0.14006648 changed=True

[2026-05-19 15:35:21] Fold 5/5 | subject=41
[2026-05-19 15:35:21]     Train: 32 | counts=[16, 16]
[2026-05-19 15:35:21]     Test:  8 | counts=[4, 4]
[2026-05-19 15:35:21]     Model: SignalJEPA_PreLocal | Pretrained: from_pretrained | Strategy: full
[2026-05-19 15:35:21]     Phase 1 (warmup): 2,170/16,010 params
[2026-05-19 15:35:21]     Phase 2 (full): 16,010/16,010 params
[2026-05-19 15:35:22]     Result | best_epoch=34 | stop=50 | acc=0.5000 | bal_acc=0.5000 | pred_hist=[6, 2] | collapse=False
[2026-05-19 15:35:22]     spatial_conv=[4, 29] top_abs_channels=[('FC4', 0.16410828), ('Pz', 0.12729275), ('TP8', 0.1226657), ('FC3', 0.12203708), ('FCz', 0.12134612), ('O2', 0.11897822), ('FT7', 0.1178414), ('C3', 0.11585752)]
[2026-05-19 15:35:22]     spatial_update=delta_l2=0.14958639 max_abs=0.02665317 relative=0.12800791 changed=True
[2026-05-19 15:35:22]   Subject 41: acc=0.6250±0.0791  bal_acc=0.6250±0.0791

[2026-05-19 15:35:22] Subject 42: 40 windows | class_counts=[20, 20]

[2026-05-19 15:35:22] Fold 1/5 | subject=42
[2026-05-19 15:35:22]     Train: 32 | counts=[16, 16]
[2026-05-19 15:35:22]     Test:  8 | counts=[4, 4]
[2026-05-19 15:35:22]     Model: SignalJEPA_PreLocal | Pretrained: from_pretrained | Strategy: full
[2026-05-19 15:35:22]     Phase 1 (warmup): 2,170/16,010 params
[2026-05-19 15:35:23]     Phase 2 (full): 16,010/16,010 params
[2026-05-19 15:35:23]     Result | best_epoch=47 | stop=50 | acc=0.3750 | bal_acc=0.3750 | pred_hist=[7, 1] | collapse=False
[2026-05-19 15:35:23]     spatial_conv=[4, 29] top_abs_channels=[('FC4', 0.16124521), ('FT7', 0.13556723), ('Pz', 0.1353012), ('C3', 0.12860541), ('O2', 0.122977), ('TP8', 0.12066005), ('FCz', 0.11692444), ('FC3', 0.11388035)]
[2026-05-19 15:35:23]     spatial_update=delta_l2=0.16794693 max_abs=0.02763026 relative=0.14371986 changed=True

[2026-05-19 15:35:24] Fold 2/5 | subject=42
[2026-05-19 15:35:24]     Train: 32 | counts=[16, 16]
[2026-05-19 15:35:24]     Test:  8 | counts=[4, 4]
[2026-05-19 15:35:24]     Model: SignalJEPA_PreLocal | Pretrained: from_pretrained | Strategy: full
[2026-05-19 15:35:24]     Phase 1 (warmup): 2,170/16,010 params
[2026-05-19 15:35:24]     Phase 2 (full): 16,010/16,010 params
[2026-05-19 15:35:25]     Result | best_epoch=22 | stop=50 | acc=0.5000 | bal_acc=0.5000 | pred_hist=[4, 4] | collapse=False
[2026-05-19 15:35:25]     spatial_conv=[4, 29] top_abs_channels=[('FC4', 0.16378707), ('FT7', 0.13045797), ('Pz', 0.12426083), ('FCz', 0.12187456), ('T7', 0.1217557), ('TP8', 0.12084673), ('CP4', 0.11933983), ('C3', 0.11780226)]
[2026-05-19 15:35:25]     spatial_update=delta_l2=0.18163205 max_abs=0.02769431 relative=0.15543084 changed=True

[2026-05-19 15:35:26] Fold 3/5 | subject=42
[2026-05-19 15:35:26]     Train: 32 | counts=[16, 16]
[2026-05-19 15:35:26]     Test:  8 | counts=[4, 4]
[2026-05-19 15:35:26]     Model: SignalJEPA_PreLocal | Pretrained: from_pretrained | Strategy: full
[2026-05-19 15:35:26]     Phase 1 (warmup): 2,170/16,010 params
[2026-05-19 15:35:26]     Phase 2 (full): 16,010/16,010 params
[2026-05-19 15:35:27]     Result | best_epoch=50 | stop=50 | acc=0.7500 | bal_acc=0.7500 | pred_hist=[4, 4] | collapse=False
[2026-05-19 15:35:27]     spatial_conv=[4, 29] top_abs_channels=[('FC4', 0.15130574), ('Pz', 0.13363294), ('FT7', 0.12978685), ('C3', 0.12592117), ('T7', 0.12444321), ('Fp1', 0.11922012), ('TP8', 0.11790092), ('P7', 0.1162316)]
[2026-05-19 15:35:27]     spatial_update=delta_l2=0.15486797 max_abs=0.02720784 relative=0.13252759 changed=True

[2026-05-19 15:35:27] Fold 4/5 | subject=42
[2026-05-19 15:35:27]     Train: 32 | counts=[16, 16]
[2026-05-19 15:35:27]     Test:  8 | counts=[4, 4]
[2026-05-19 15:35:27]     Model: SignalJEPA_PreLocal | Pretrained: from_pretrained | Strategy: full
[2026-05-19 15:35:27]     Phase 1 (warmup): 2,170/16,010 params
[2026-05-19 15:35:27]     Phase 2 (full): 16,010/16,010 params
[2026-05-19 15:35:28]     Result | best_epoch=39 | stop=50 | acc=1.0000 | bal_acc=1.0000 | pred_hist=[4, 4] | collapse=False
[2026-05-19 15:35:28]     spatial_conv=[4, 29] top_abs_channels=[('FC4', 0.15704215), ('FT7', 0.14377032), ('Pz', 0.13689238), ('C3', 0.1299022), ('FCz', 0.12264368), ('TP8', 0.11751059), ('Fp1', 0.11687373), ('O2', 0.11408186)]
[2026-05-19 15:35:28]     spatial_update=delta_l2=0.16920362 max_abs=0.02678120 relative=0.14479526 changed=True

[2026-05-19 15:35:29] Fold 5/5 | subject=42
[2026-05-19 15:35:29]     Train: 32 | counts=[16, 16]
[2026-05-19 15:35:29]     Test:  8 | counts=[4, 4]
[2026-05-19 15:35:29]     Model: SignalJEPA_PreLocal | Pretrained: from_pretrained | Strategy: full
[2026-05-19 15:35:29]     Phase 1 (warmup): 2,170/16,010 params
[2026-05-19 15:35:29]     Phase 2 (full): 16,010/16,010 params
[2026-05-19 15:35:30]     Result | best_epoch=1 | stop=50 | acc=0.7500 | bal_acc=0.7500 | pred_hist=[2, 6] | collapse=False
[2026-05-19 15:35:30]     spatial_conv=[4, 29] top_abs_channels=[('FC4', 0.15247215), ('FT7', 0.14038581), ('Pz', 0.13065398), ('TP8', 0.1265298), ('O2', 0.12605578), ('C3', 0.11717458), ('FC3', 0.11260251), ('FCz', 0.11181936)]
[2026-05-19 15:35:30]     spatial_update=delta_l2=0.17179552 max_abs=0.02695257 relative=0.14701327 changed=True
[2026-05-19 15:35:30]   Subject 42: acc=0.6750±0.2179  bal_acc=0.6750±0.2179

[2026-05-19 15:35:30] Subject 43: 40 windows | class_counts=[20, 20]

[2026-05-19 15:35:30] Fold 1/5 | subject=43
[2026-05-19 15:35:30]     Train: 32 | counts=[16, 16]
[2026-05-19 15:35:30]     Test:  8 | counts=[4, 4]
[2026-05-19 15:35:30]     Model: SignalJEPA_PreLocal | Pretrained: from_pretrained | Strategy: full
[2026-05-19 15:35:30]     Phase 1 (warmup): 2,170/16,010 params
[2026-05-19 15:35:30]     Phase 2 (full): 16,010/16,010 params
[2026-05-19 15:35:31]     Result | best_epoch=26 | stop=50 | acc=0.7500 | bal_acc=0.7500 | pred_hist=[2, 6] | collapse=False
[2026-05-19 15:35:31]     spatial_conv=[4, 29] top_abs_channels=[('FC4', 0.16951403), ('Pz', 0.13586633), ('O2', 0.12460413), ('FT7', 0.12430356), ('CP4', 0.11935811), ('FC3', 0.11895724), ('P7', 0.11807578), ('C3', 0.11148159)]
[2026-05-19 15:35:31]     spatial_update=delta_l2=0.14677679 max_abs=0.02639934 relative=0.12560360 changed=True

[2026-05-19 15:35:32] Fold 2/5 | subject=43
[2026-05-19 15:35:32]     Train: 32 | counts=[16, 16]
[2026-05-19 15:35:32]     Test:  8 | counts=[4, 4]
[2026-05-19 15:35:32]     Model: SignalJEPA_PreLocal | Pretrained: from_pretrained | Strategy: full
[2026-05-19 15:35:32]     Phase 1 (warmup): 2,170/16,010 params
[2026-05-19 15:35:32]     Phase 2 (full): 16,010/16,010 params
[2026-05-19 15:35:33]     Result | best_epoch=50 | stop=50 | acc=0.3750 | bal_acc=0.3750 | pred_hist=[7, 1] | collapse=False
[2026-05-19 15:35:33]     spatial_conv=[4, 29] top_abs_channels=[('FC4', 0.16884919), ('Pz', 0.13932903), ('P7', 0.12987761), ('FT7', 0.12364796), ('CP4', 0.12285741), ('C3', 0.11686519), ('O2', 0.11642461), ('T7', 0.11095688)]
[2026-05-19 15:35:33]     spatial_update=delta_l2=0.17163745 max_abs=0.02518855 relative=0.14687800 changed=True

[2026-05-19 15:35:33] Fold 3/5 | subject=43
[2026-05-19 15:35:33]     Train: 32 | counts=[16, 16]
[2026-05-19 15:35:33]     Test:  8 | counts=[4, 4]
[2026-05-19 15:35:33]     Model: SignalJEPA_PreLocal | Pretrained: from_pretrained | Strategy: full
[2026-05-19 15:35:33]     Phase 1 (warmup): 2,170/16,010 params
[2026-05-19 15:35:33]     Phase 2 (full): 16,010/16,010 params
[2026-05-19 15:35:34]     Result | best_epoch=1 | stop=50 | acc=0.2500 | bal_acc=0.2500 | pred_hist=[4, 4] | collapse=False
[2026-05-19 15:35:34]     spatial_conv=[4, 29] top_abs_channels=[('FC4', 0.16411328), ('Pz', 0.14529216), ('CP4', 0.12157466), ('FT7', 0.12015978), ('P7', 0.11991622), ('C3', 0.11874028), ('T7', 0.11755574), ('FC3', 0.11516014)]
[2026-05-19 15:35:34]     spatial_update=delta_l2=0.14655843 max_abs=0.02702915 relative=0.12541674 changed=True

[2026-05-19 15:35:35] Fold 4/5 | subject=43
[2026-05-19 15:35:35]     Train: 32 | counts=[16, 16]
[2026-05-19 15:35:35]     Test:  8 | counts=[4, 4]
[2026-05-19 15:35:35]     Model: SignalJEPA_PreLocal | Pretrained: from_pretrained | Strategy: full
[2026-05-19 15:35:35]     Phase 1 (warmup): 2,170/16,010 params
[2026-05-19 15:35:35]     Phase 2 (full): 16,010/16,010 params
[2026-05-19 15:35:36]     Result | best_epoch=50 | stop=50 | acc=0.5000 | bal_acc=0.5000 | pred_hist=[6, 2] | collapse=False
[2026-05-19 15:35:36]     spatial_conv=[4, 29] top_abs_channels=[('FC4', 0.17360596), ('FT7', 0.13200296), ('Pz', 0.13059729), ('P7', 0.12163971), ('CP4', 0.11872868), ('C3', 0.11772525), ('FC3', 0.11478012), ('O2', 0.11368461)]
[2026-05-19 15:35:36]     spatial_update=delta_l2=0.17630657 max_abs=0.02735230 relative=0.15087358 changed=True

[2026-05-19 15:35:36] Fold 5/5 | subject=43
[2026-05-19 15:35:36]     Train: 32 | counts=[16, 16]
[2026-05-19 15:35:36]     Test:  8 | counts=[4, 4]
[2026-05-19 15:35:36]     Model: SignalJEPA_PreLocal | Pretrained: from_pretrained | Strategy: full
[2026-05-19 15:35:36]     Phase 1 (warmup): 2,170/16,010 params
[2026-05-19 15:35:36]     Phase 2 (full): 16,010/16,010 params
[2026-05-19 15:35:37]     Result | best_epoch=2 | stop=50 | acc=0.6250 | bal_acc=0.6250 | pred_hist=[5, 3] | collapse=False
[2026-05-19 15:35:37]     spatial_conv=[4, 29] top_abs_channels=[('FC4', 0.15428978), ('FT7', 0.128878), ('Pz', 0.12839752), ('CP4', 0.1272071), ('FCz', 0.12463852), ('C3', 0.11854569), ('FC3', 0.11744396), ('O2', 0.11179134)]
[2026-05-19 15:35:37]     spatial_update=delta_l2=0.17178152 max_abs=0.02815410 relative=0.14700129 changed=True
[2026-05-19 15:35:37]   Subject 43: acc=0.5000±0.1768  bal_acc=0.5000±0.1768

[2026-05-19 15:35:37] Subject 44: 40 windows | class_counts=[20, 20]

[2026-05-19 15:35:38] Fold 1/5 | subject=44
[2026-05-19 15:35:38]     Train: 32 | counts=[16, 16]
[2026-05-19 15:35:38]     Test:  8 | counts=[4, 4]
[2026-05-19 15:35:38]     Model: SignalJEPA_PreLocal | Pretrained: from_pretrained | Strategy: full
[2026-05-19 15:35:38]     Phase 1 (warmup): 2,170/16,010 params
[2026-05-19 15:35:38]     Phase 2 (full): 16,010/16,010 params
[2026-05-19 15:35:39]     Result | best_epoch=1 | stop=50 | acc=0.7500 | bal_acc=0.7500 | pred_hist=[6, 2] | collapse=False
[2026-05-19 15:35:39]     spatial_conv=[4, 29] top_abs_channels=[('FC4', 0.15933922), ('FT7', 0.14103527), ('Pz', 0.13326316), ('Fp1', 0.12454338), ('C3', 0.11757131), ('O2', 0.11546223), ('CP4', 0.11378089), ('FCz', 0.11326773)]
[2026-05-19 15:35:39]     spatial_update=delta_l2=0.19320819 max_abs=0.02720670 relative=0.16533707 changed=True

[2026-05-19 15:35:39] Fold 2/5 | subject=44
[2026-05-19 15:35:39]     Train: 32 | counts=[16, 16]
[2026-05-19 15:35:39]     Test:  8 | counts=[4, 4]
[2026-05-19 15:35:39]     Model: SignalJEPA_PreLocal | Pretrained: from_pretrained | Strategy: full
[2026-05-19 15:35:39]     Phase 1 (warmup): 2,170/16,010 params
[2026-05-19 15:35:39]     Phase 2 (full): 16,010/16,010 params
[2026-05-19 15:35:40]     Result | best_epoch=50 | stop=50 | acc=0.3750 | bal_acc=0.3750 | pred_hist=[5, 3] | collapse=False
[2026-05-19 15:35:40]     spatial_conv=[4, 29] top_abs_channels=[('FC4', 0.15947846), ('C3', 0.12956959), ('FT7', 0.12804577), ('Pz', 0.12787029), ('CP4', 0.11868646), ('T7', 0.11312184), ('O2', 0.1117117), ('F8', 0.11083421)]
[2026-05-19 15:35:40]     spatial_update=delta_l2=0.16420003 max_abs=0.02677137 relative=0.14051346 changed=True

[2026-05-19 15:35:41] Fold 3/5 | subject=44
[2026-05-19 15:35:41]     Train: 32 | counts=[16, 16]
[2026-05-19 15:35:41]     Test:  8 | counts=[4, 4]
[2026-05-19 15:35:41]     Model: SignalJEPA_PreLocal | Pretrained: from_pretrained | Strategy: full
[2026-05-19 15:35:41]     Phase 1 (warmup): 2,170/16,010 params
[2026-05-19 15:35:41]     Phase 2 (full): 16,010/16,010 params
[2026-05-19 15:35:42]     Result | best_epoch=50 | stop=50 | acc=0.5000 | bal_acc=0.5000 | pred_hist=[4, 4] | collapse=False
[2026-05-19 15:35:42]     spatial_conv=[4, 29] top_abs_channels=[('FC4', 0.16285874), ('FT7', 0.13439533), ('Pz', 0.12890455), ('C3', 0.12622228), ('FCz', 0.12407987), ('Fp1', 0.11864035), ('F8', 0.11080214), ('P7', 0.11047383)]
[2026-05-19 15:35:42]     spatial_update=delta_l2=0.17101301 max_abs=0.02690361 relative=0.14634364 changed=True

[2026-05-19 15:35:42] Fold 4/5 | subject=44
[2026-05-19 15:35:42]     Train: 32 | counts=[16, 16]
[2026-05-19 15:35:42]     Test:  8 | counts=[4, 4]
[2026-05-19 15:35:42]     Model: SignalJEPA_PreLocal | Pretrained: from_pretrained | Strategy: full
[2026-05-19 15:35:42]     Phase 1 (warmup): 2,170/16,010 params
[2026-05-19 15:35:42]     Phase 2 (full): 16,010/16,010 params
[2026-05-19 15:35:43]     Result | best_epoch=1 | stop=50 | acc=0.2500 | bal_acc=0.2500 | pred_hist=[6, 2] | collapse=False
[2026-05-19 15:35:43]     spatial_conv=[4, 29] top_abs_channels=[('FC4', 0.15333799), ('Pz', 0.13429028), ('FT7', 0.12813716), ('O2', 0.12273291), ('Fp1', 0.1212131), ('C3', 0.11768821), ('FC3', 0.11727834), ('FCz', 0.11500345)]
[2026-05-19 15:35:43]     spatial_update=delta_l2=0.17440443 max_abs=0.02772008 relative=0.14924583 changed=True

[2026-05-19 15:35:44] Fold 5/5 | subject=44
[2026-05-19 15:35:44]     Train: 32 | counts=[16, 16]
[2026-05-19 15:35:44]     Test:  8 | counts=[4, 4]
[2026-05-19 15:35:44]     Model: SignalJEPA_PreLocal | Pretrained: from_pretrained | Strategy: full
[2026-05-19 15:35:44]     Phase 1 (warmup): 2,170/16,010 params
[2026-05-19 15:35:44]     Phase 2 (full): 16,010/16,010 params
[2026-05-19 15:35:45]     Result | best_epoch=50 | stop=50 | acc=0.3750 | bal_acc=0.3750 | pred_hist=[7, 1] | collapse=False
[2026-05-19 15:35:45]     spatial_conv=[4, 29] top_abs_channels=[('FC4', 0.15908037), ('Pz', 0.13988891), ('FT7', 0.13623352), ('C3', 0.12009592), ('Fp1', 0.11624755), ('P7', 0.11575443), ('T7', 0.11387189), ('FC3', 0.11366531)]
[2026-05-19 15:35:45]     spatial_update=delta_l2=0.15294738 max_abs=0.02696064 relative=0.13088406 changed=True
[2026-05-19 15:35:45]   Subject 44: acc=0.4500±0.1696  bal_acc=0.4500±0.1696

[2026-05-19 15:35:45] Subject 45: 40 windows | class_counts=[20, 20]

[2026-05-19 15:35:45] Fold 1/5 | subject=45
[2026-05-19 15:35:45]     Train: 32 | counts=[16, 16]
[2026-05-19 15:35:45]     Test:  8 | counts=[4, 4]
[2026-05-19 15:35:45]     Model: SignalJEPA_PreLocal | Pretrained: from_pretrained | Strategy: full
[2026-05-19 15:35:45]     Phase 1 (warmup): 2,170/16,010 params
[2026-05-19 15:35:45]     Phase 2 (full): 16,010/16,010 params
[2026-05-19 15:35:46]     Result | best_epoch=1 | stop=50 | acc=0.6250 | bal_acc=0.6250 | pred_hist=[3, 5] | collapse=False
[2026-05-19 15:35:46]     spatial_conv=[4, 29] top_abs_channels=[('FC4', 0.16877207), ('Pz', 0.14811692), ('FT7', 0.13706243), ('CP4', 0.12684168), ('O2', 0.12417284), ('C3', 0.12205289), ('FCz', 0.11378918), ('T7', 0.11067298)]
[2026-05-19 15:35:46]     spatial_update=delta_l2=0.17119286 max_abs=0.02758759 relative=0.14649755 changed=True

[2026-05-19 15:35:47] Fold 2/5 | subject=45
[2026-05-19 15:35:47]     Train: 32 | counts=[16, 16]
[2026-05-19 15:35:47]     Test:  8 | counts=[4, 4]
[2026-05-19 15:35:47]     Model: SignalJEPA_PreLocal | Pretrained: from_pretrained | Strategy: full
[2026-05-19 15:35:47]     Phase 1 (warmup): 2,170/16,010 params
[2026-05-19 15:35:47]     Phase 2 (full): 16,010/16,010 params
[2026-05-19 15:35:48]     Result | best_epoch=13 | stop=50 | acc=0.3750 | bal_acc=0.3750 | pred_hist=[3, 5] | collapse=False
[2026-05-19 15:35:48]     spatial_conv=[4, 29] top_abs_channels=[('FC4', 0.16916145), ('FT7', 0.13840337), ('Pz', 0.13023356), ('O2', 0.12118552), ('FCz', 0.12026019), ('C3', 0.11775023), ('FC3', 0.11763275), ('CP4', 0.11386542)]
[2026-05-19 15:35:48]     spatial_update=delta_l2=0.16964527 max_abs=0.02781183 relative=0.14517321 changed=True

[2026-05-19 15:35:48] Fold 3/5 | subject=45
[2026-05-19 15:35:48]     Train: 32 | counts=[16, 16]
[2026-05-19 15:35:48]     Test:  8 | counts=[4, 4]
[2026-05-19 15:35:48]     Model: SignalJEPA_PreLocal | Pretrained: from_pretrained | Strategy: full
[2026-05-19 15:35:48]     Phase 1 (warmup): 2,170/16,010 params
[2026-05-19 15:35:48]     Phase 2 (full): 16,010/16,010 params
[2026-05-19 15:35:49]     Result | best_epoch=1 | stop=50 | acc=0.3750 | bal_acc=0.3750 | pred_hist=[3, 5] | collapse=False
[2026-05-19 15:35:49]     spatial_conv=[4, 29] top_abs_channels=[('FC4', 0.16817191), ('Pz', 0.14687502), ('FT7', 0.13062431), ('O2', 0.13035038), ('FCz', 0.1230961), ('TP8', 0.11712527), ('CP4', 0.11514533), ('C3', 0.11273854)]
[2026-05-19 15:35:49]     spatial_update=delta_l2=0.16449267 max_abs=0.02795212 relative=0.14076389 changed=True

[2026-05-19 15:35:50] Fold 4/5 | subject=45
[2026-05-19 15:35:50]     Train: 32 | counts=[16, 16]
[2026-05-19 15:35:50]     Test:  8 | counts=[4, 4]
[2026-05-19 15:35:50]     Model: SignalJEPA_PreLocal | Pretrained: from_pretrained | Strategy: full
[2026-05-19 15:35:50]     Phase 1 (warmup): 2,170/16,010 params
[2026-05-19 15:35:50]     Phase 2 (full): 16,010/16,010 params
[2026-05-19 15:35:51]     Result | best_epoch=50 | stop=50 | acc=0.2500 | bal_acc=0.2500 | pred_hist=[4, 4] | collapse=False
[2026-05-19 15:35:51]     spatial_conv=[4, 29] top_abs_channels=[('FC4', 0.15848348), ('Pz', 0.14600307), ('FT7', 0.13629954), ('O2', 0.13134843), ('C3', 0.11833513), ('P7', 0.11772091), ('C4', 0.11618433), ('CP4', 0.11543028)]
[2026-05-19 15:35:51]     spatial_update=delta_l2=0.18295245 max_abs=0.02701502 relative=0.15656077 changed=True

[2026-05-19 15:35:51] Fold 5/5 | subject=45
[2026-05-19 15:35:51]     Train: 32 | counts=[16, 16]
[2026-05-19 15:35:51]     Test:  8 | counts=[4, 4]
[2026-05-19 15:35:51]     Model: SignalJEPA_PreLocal | Pretrained: from_pretrained | Strategy: full
[2026-05-19 15:35:52]     Phase 1 (warmup): 2,170/16,010 params
[2026-05-19 15:35:52]     Phase 2 (full): 16,010/16,010 params
[2026-05-19 15:35:53]     Result | best_epoch=1 | stop=50 | acc=0.7500 | bal_acc=0.7500 | pred_hist=[6, 2] | collapse=False
[2026-05-19 15:35:53]     spatial_conv=[4, 29] top_abs_channels=[('FC4', 0.17121737), ('Pz', 0.14863183), ('FT7', 0.13644163), ('O2', 0.1256326), ('FC3', 0.12056492), ('FCz', 0.11636849), ('CP4', 0.10795622), ('TP8', 0.1073422)]
[2026-05-19 15:35:53]     spatial_update=delta_l2=0.16317927 max_abs=0.02790785 relative=0.13963995 changed=True
[2026-05-19 15:35:53]   Subject 45: acc=0.4750±0.1837  bal_acc=0.4750±0.1837

[2026-05-19 15:35:53] Subject 46: 40 windows | class_counts=[20, 20]

[2026-05-19 15:35:53] Fold 1/5 | subject=46
[2026-05-19 15:35:53]     Train: 32 | counts=[16, 16]
[2026-05-19 15:35:53]     Test:  8 | counts=[4, 4]
[2026-05-19 15:35:53]     Model: SignalJEPA_PreLocal | Pretrained: from_pretrained | Strategy: full
[2026-05-19 15:35:53]     Phase 1 (warmup): 2,170/16,010 params
[2026-05-19 15:35:53]     Phase 2 (full): 16,010/16,010 params
[2026-05-19 15:35:54]     Result | best_epoch=50 | stop=50 | acc=0.7500 | bal_acc=0.7500 | pred_hist=[4, 4] | collapse=False
[2026-05-19 15:35:54]     spatial_conv=[4, 29] top_abs_channels=[('FC4', 0.16661167), ('Pz', 0.1453715), ('FT7', 0.12840097), ('FCz', 0.12386443), ('O2', 0.12154494), ('P7', 0.11478821), ('TP8', 0.11058072), ('FC3', 0.11034653)]
[2026-05-19 15:35:54]     spatial_update=delta_l2=0.16998670 max_abs=0.02729214 relative=0.14546538 changed=True

[2026-05-19 15:35:55] Fold 2/5 | subject=46
[2026-05-19 15:35:55]     Train: 32 | counts=[16, 16]
[2026-05-19 15:35:55]     Test:  8 | counts=[4, 4]
[2026-05-19 15:35:55]     Model: SignalJEPA_PreLocal | Pretrained: from_pretrained | Strategy: full
[2026-05-19 15:35:55]     Phase 1 (warmup): 2,170/16,010 params
[2026-05-19 15:35:55]     Phase 2 (full): 16,010/16,010 params
[2026-05-19 15:35:56]     Result | best_epoch=50 | stop=50 | acc=0.6250 | bal_acc=0.6250 | pred_hist=[5, 3] | collapse=False
[2026-05-19 15:35:56]     spatial_conv=[4, 29] top_abs_channels=[('FC4', 0.15867846), ('Pz', 0.14513089), ('FCz', 0.12672758), ('FT7', 0.12417776), ('O2', 0.11729931), ('CP4', 0.11671557), ('FC3', 0.11637888), ('TP8', 0.10915448)]
[2026-05-19 15:35:56]     spatial_update=delta_l2=0.17081900 max_abs=0.02676946 relative=0.14617762 changed=True

[2026-05-19 15:35:56] Fold 3/5 | subject=46
[2026-05-19 15:35:56]     Train: 32 | counts=[16, 16]
[2026-05-19 15:35:56]     Test:  8 | counts=[4, 4]
[2026-05-19 15:35:56]     Model: SignalJEPA_PreLocal | Pretrained: from_pretrained | Strategy: full
[2026-05-19 15:35:56]     Phase 1 (warmup): 2,170/16,010 params
[2026-05-19 15:35:56]     Phase 2 (full): 16,010/16,010 params
[2026-05-19 15:35:57]     Result | best_epoch=27 | stop=50 | acc=0.6250 | bal_acc=0.6250 | pred_hist=[5, 3] | collapse=False
[2026-05-19 15:35:57]     spatial_conv=[4, 29] top_abs_channels=[('FC4', 0.16175191), ('Pz', 0.13735606), ('FT7', 0.13303332), ('O2', 0.12756735), ('FCz', 0.12286143), ('T7', 0.12121285), ('FC3', 0.12054661), ('CP4', 0.1177949)]
[2026-05-19 15:35:57]     spatial_update=delta_l2=0.15831778 max_abs=0.02745008 relative=0.13547975 changed=True

[2026-05-19 15:35:58] Fold 4/5 | subject=46
[2026-05-19 15:35:58]     Train: 32 | counts=[16, 16]
[2026-05-19 15:35:58]     Test:  8 | counts=[4, 4]
[2026-05-19 15:35:58]     Model: SignalJEPA_PreLocal | Pretrained: from_pretrained | Strategy: full
[2026-05-19 15:35:58]     Phase 1 (warmup): 2,170/16,010 params
[2026-05-19 15:35:58]     Phase 2 (full): 16,010/16,010 params
[2026-05-19 15:35:59]     Result | best_epoch=50 | stop=50 | acc=0.7500 | bal_acc=0.7500 | pred_hist=[6, 2] | collapse=False
[2026-05-19 15:35:59]     spatial_conv=[4, 29] top_abs_channels=[('FC4', 0.16077413), ('Pz', 0.14650185), ('FT7', 0.13153851), ('P7', 0.1208243), ('O2', 0.1195977), ('CP4', 0.11728563), ('FCz', 0.11212835), ('FC3', 0.11148366)]
[2026-05-19 15:35:59]     spatial_update=delta_l2=0.17240013 max_abs=0.02775674 relative=0.14753066 changed=True

[2026-05-19 15:35:59] Fold 5/5 | subject=46
[2026-05-19 15:35:59]     Train: 32 | counts=[16, 16]
[2026-05-19 15:35:59]     Test:  8 | counts=[4, 4]
[2026-05-19 15:35:59]     Model: SignalJEPA_PreLocal | Pretrained: from_pretrained | Strategy: full
[2026-05-19 15:35:59]     Phase 1 (warmup): 2,170/16,010 params
[2026-05-19 15:36:00]     Phase 2 (full): 16,010/16,010 params
[2026-05-19 15:36:00]     Result | best_epoch=1 | stop=50 | acc=0.5000 | bal_acc=0.5000 | pred_hist=[6, 2] | collapse=False
[2026-05-19 15:36:00]     spatial_conv=[4, 29] top_abs_channels=[('FC4', 0.16348679), ('O2', 0.13117963), ('FT7', 0.12819783), ('FCz', 0.12701501), ('Pz', 0.1255828), ('CP4', 0.12164902), ('T7', 0.12137014), ('FC3', 0.11532809)]
[2026-05-19 15:36:00]     spatial_update=delta_l2=0.16565792 max_abs=0.02751493 relative=0.14176105 changed=True
[2026-05-19 15:36:00]   Subject 46: acc=0.6500±0.0935  bal_acc=0.6500±0.0935

[2026-05-19 15:36:00] Subject 47: 40 windows | class_counts=[20, 20]

[2026-05-19 15:36:01] Fold 1/5 | subject=47
[2026-05-19 15:36:01]     Train: 32 | counts=[16, 16]
[2026-05-19 15:36:01]     Test:  8 | counts=[4, 4]
[2026-05-19 15:36:01]     Model: SignalJEPA_PreLocal | Pretrained: from_pretrained | Strategy: full
[2026-05-19 15:36:01]     Phase 1 (warmup): 2,170/16,010 params
[2026-05-19 15:36:01]     Phase 2 (full): 16,010/16,010 params
[2026-05-19 15:36:02]     Result | best_epoch=48 | stop=50 | acc=0.2500 | bal_acc=0.2500 | pred_hist=[4, 4] | collapse=False
[2026-05-19 15:36:02]     spatial_conv=[4, 29] top_abs_channels=[('FC4', 0.15684399), ('Pz', 0.13320057), ('Fp1', 0.12834588), ('TP8', 0.12349351), ('FT7', 0.12114651), ('F8', 0.12004801), ('O2', 0.12000526), ('C3', 0.11788815)]
[2026-05-19 15:36:02]     spatial_update=delta_l2=0.19641517 max_abs=0.02794901 relative=0.16808143 changed=True

[2026-05-19 15:36:02] Fold 2/5 | subject=47
[2026-05-19 15:36:02]     Train: 32 | counts=[16, 16]
[2026-05-19 15:36:02]     Test:  8 | counts=[4, 4]
[2026-05-19 15:36:02]     Model: SignalJEPA_PreLocal | Pretrained: from_pretrained | Strategy: full
[2026-05-19 15:36:02]     Phase 1 (warmup): 2,170/16,010 params
[2026-05-19 15:36:03]     Phase 2 (full): 16,010/16,010 params
[2026-05-19 15:36:03]     Result | best_epoch=1 | stop=50 | acc=0.5000 | bal_acc=0.5000 | pred_hist=[6, 2] | collapse=False
[2026-05-19 15:36:03]     spatial_conv=[4, 29] top_abs_channels=[('FC4', 0.15885881), ('Pz', 0.13593003), ('O2', 0.13100967), ('TP8', 0.12377119), ('C3', 0.12343284), ('FT7', 0.11734227), ('T7', 0.11693986), ('Fp1', 0.11603912)]
[2026-05-19 15:36:03]     spatial_update=delta_l2=0.17935454 max_abs=0.02751195 relative=0.15348187 changed=True

[2026-05-19 15:36:04] Fold 3/5 | subject=47
[2026-05-19 15:36:04]     Train: 32 | counts=[16, 16]
[2026-05-19 15:36:04]     Test:  8 | counts=[4, 4]
[2026-05-19 15:36:04]     Model: SignalJEPA_PreLocal | Pretrained: from_pretrained | Strategy: full
[2026-05-19 15:36:04]     Phase 1 (warmup): 2,170/16,010 params
[2026-05-19 15:36:04]     Phase 2 (full): 16,010/16,010 params
[2026-05-19 15:36:05]     Result | best_epoch=50 | stop=50 | acc=0.2500 | bal_acc=0.2500 | pred_hist=[4, 4] | collapse=False
[2026-05-19 15:36:05]     spatial_conv=[4, 29] top_abs_channels=[('FC4', 0.1509579), ('FT7', 0.13128515), ('C3', 0.13127317), ('Pz', 0.12764435), ('Fp1', 0.12310915), ('FC3', 0.11556534), ('FCz', 0.11455137), ('CP4', 0.11315306)]
[2026-05-19 15:36:05]     spatial_update=delta_l2=0.17323256 max_abs=0.02630974 relative=0.14824301 changed=True

[2026-05-19 15:36:05] Fold 4/5 | subject=47
[2026-05-19 15:36:05]     Train: 32 | counts=[16, 16]
[2026-05-19 15:36:05]     Test:  8 | counts=[4, 4]
[2026-05-19 15:36:05]     Model: SignalJEPA_PreLocal | Pretrained: from_pretrained | Strategy: full
[2026-05-19 15:36:05]     Phase 1 (warmup): 2,170/16,010 params
[2026-05-19 15:36:06]     Phase 2 (full): 16,010/16,010 params
[2026-05-19 15:36:06]     Result | best_epoch=2 | stop=50 | acc=0.6250 | bal_acc=0.6250 | pred_hist=[5, 3] | collapse=False
[2026-05-19 15:36:06]     spatial_conv=[4, 29] top_abs_channels=[('FC4', 0.15973148), ('Pz', 0.13418993), ('C3', 0.12325241), ('O2', 0.1227057), ('FT7', 0.12222934), ('FCz', 0.1210767), ('F8', 0.11874299), ('Fp1', 0.11524075)]
[2026-05-19 15:36:06]     spatial_update=delta_l2=0.16505116 max_abs=0.02710249 relative=0.14124181 changed=True

[2026-05-19 15:36:07] Fold 5/5 | subject=47
[2026-05-19 15:36:07]     Train: 32 | counts=[16, 16]
[2026-05-19 15:36:07]     Test:  8 | counts=[4, 4]
[2026-05-19 15:36:07]     Model: SignalJEPA_PreLocal | Pretrained: from_pretrained | Strategy: full
[2026-05-19 15:36:07]     Phase 1 (warmup): 2,170/16,010 params
[2026-05-19 15:36:07]     Phase 2 (full): 16,010/16,010 params
[2026-05-19 15:36:08]     Result | best_epoch=32 | stop=50 | acc=0.3750 | bal_acc=0.3750 | pred_hist=[3, 5] | collapse=False
[2026-05-19 15:36:08]     spatial_conv=[4, 29] top_abs_channels=[('FC4', 0.17056568), ('Pz', 0.13661927), ('O2', 0.13066208), ('FT7', 0.12599161), ('TP8', 0.12595531), ('FCz', 0.12329127), ('C3', 0.12037089), ('Fp1', 0.1149037)]
[2026-05-19 15:36:08]     spatial_update=delta_l2=0.17739571 max_abs=0.02629498 relative=0.15180561 changed=True
[2026-05-19 15:36:08]   Subject 47: acc=0.4000±0.1458  bal_acc=0.4000±0.1458

[2026-05-19 15:36:08] Subject 48: 40 windows | class_counts=[20, 20]

[2026-05-19 15:36:08] Fold 1/5 | subject=48
[2026-05-19 15:36:08]     Train: 32 | counts=[16, 16]
[2026-05-19 15:36:08]     Test:  8 | counts=[4, 4]
[2026-05-19 15:36:08]     Model: SignalJEPA_PreLocal | Pretrained: from_pretrained | Strategy: full
[2026-05-19 15:36:09]     Phase 1 (warmup): 2,170/16,010 params
[2026-05-19 15:36:09]     Phase 2 (full): 16,010/16,010 params
[2026-05-19 15:36:09]     Result | best_epoch=50 | stop=50 | acc=0.6250 | bal_acc=0.6250 | pred_hist=[5, 3] | collapse=False
[2026-05-19 15:36:09]     spatial_conv=[4, 29] top_abs_channels=[('FC4', 0.15898815), ('Pz', 0.14931871), ('C3', 0.13135292), ('Fp1', 0.12794694), ('FT7', 0.12665811), ('FCz', 0.12282331), ('O2', 0.11047393), ('CP4', 0.10906396)]
[2026-05-19 15:36:09]     spatial_update=delta_l2=0.17829377 max_abs=0.02737245 relative=0.15257412 changed=True

[2026-05-19 15:36:10] Fold 2/5 | subject=48
[2026-05-19 15:36:10]     Train: 32 | counts=[16, 16]
[2026-05-19 15:36:10]     Test:  8 | counts=[4, 4]
[2026-05-19 15:36:10]     Model: SignalJEPA_PreLocal | Pretrained: from_pretrained | Strategy: full
[2026-05-19 15:36:10]     Phase 1 (warmup): 2,170/16,010 params
[2026-05-19 15:36:11]     Phase 2 (full): 16,010/16,010 params
[2026-05-19 15:36:11]     Result | best_epoch=41 | stop=50 | acc=0.6250 | bal_acc=0.6250 | pred_hist=[5, 3] | collapse=False
[2026-05-19 15:36:11]     spatial_conv=[4, 29] top_abs_channels=[('FC4', 0.1578892), ('Pz', 0.13017781), ('FT7', 0.12307773), ('Fp1', 0.11996261), ('O2', 0.11740526), ('CP4', 0.11487551), ('FC3', 0.11359583), ('FCz', 0.11314264)]
[2026-05-19 15:36:11]     spatial_update=delta_l2=0.18139683 max_abs=0.02766296 relative=0.15522955 changed=True

[2026-05-19 15:36:12] Fold 3/5 | subject=48
[2026-05-19 15:36:12]     Train: 32 | counts=[16, 16]
[2026-05-19 15:36:12]     Test:  8 | counts=[4, 4]
[2026-05-19 15:36:12]     Model: SignalJEPA_PreLocal | Pretrained: from_pretrained | Strategy: full
[2026-05-19 15:36:12]     Phase 1 (warmup): 2,170/16,010 params
[2026-05-19 15:36:12]     Phase 2 (full): 16,010/16,010 params
[2026-05-19 15:36:13]     Result | best_epoch=50 | stop=50 | acc=0.5000 | bal_acc=0.5000 | pred_hist=[2, 6] | collapse=False
[2026-05-19 15:36:13]     spatial_conv=[4, 29] top_abs_channels=[('FC4', 0.15402369), ('Pz', 0.12708932), ('Fp1', 0.12464397), ('FT7', 0.12068878), ('C3', 0.12000431), ('F8', 0.1181676), ('O2', 0.11670243), ('FC3', 0.11208696)]
[2026-05-19 15:36:13]     spatial_update=delta_l2=0.18082098 max_abs=0.02803693 relative=0.15473677 changed=True

[2026-05-19 15:36:14] Fold 4/5 | subject=48
[2026-05-19 15:36:14]     Train: 32 | counts=[16, 16]
[2026-05-19 15:36:14]     Test:  8 | counts=[4, 4]
[2026-05-19 15:36:14]     Model: SignalJEPA_PreLocal | Pretrained: from_pretrained | Strategy: full
[2026-05-19 15:36:14]     Phase 1 (warmup): 2,170/16,010 params
[2026-05-19 15:36:14]     Phase 2 (full): 16,010/16,010 params
[2026-05-19 15:36:15]     Result | best_epoch=32 | stop=50 | acc=0.8750 | bal_acc=0.8750 | pred_hist=[5, 3] | collapse=False
[2026-05-19 15:36:15]     spatial_conv=[4, 29] top_abs_channels=[('FC4', 0.15374795), ('Pz', 0.12929577), ('Fp1', 0.12543598), ('O2', 0.11776888), ('C3', 0.11725827), ('FCz', 0.11689854), ('FT7', 0.1157788), ('P7', 0.11253331)]
[2026-05-19 15:36:15]     spatial_update=delta_l2=0.17510757 max_abs=0.02770668 relative=0.14984754 changed=True

[2026-05-19 15:36:15] Fold 5/5 | subject=48
[2026-05-19 15:36:15]     Train: 32 | counts=[16, 16]
[2026-05-19 15:36:15]     Test:  8 | counts=[4, 4]
[2026-05-19 15:36:15]     Model: SignalJEPA_PreLocal | Pretrained: from_pretrained | Strategy: full
[2026-05-19 15:36:15]     Phase 1 (warmup): 2,170/16,010 params
[2026-05-19 15:36:15]     Phase 2 (full): 16,010/16,010 params
[2026-05-19 15:36:16]     Result | best_epoch=50 | stop=50 | acc=0.6250 | bal_acc=0.6250 | pred_hist=[5, 3] | collapse=False
[2026-05-19 15:36:16]     spatial_conv=[4, 29] top_abs_channels=[('FC4', 0.15387757), ('Pz', 0.14348567), ('C3', 0.12520584), ('Fp1', 0.119443), ('FT7', 0.1189355), ('P7', 0.11766832), ('O2', 0.11318503), ('CP4', 0.10970695)]
[2026-05-19 15:36:16]     spatial_update=delta_l2=0.16186234 max_abs=0.02709483 relative=0.13851300 changed=True
[2026-05-19 15:36:16]   Subject 48: acc=0.6500±0.1225  bal_acc=0.6500±0.1225

[2026-05-19 15:36:16] Subject 49: 40 windows | class_counts=[20, 20]

[2026-05-19 15:36:17] Fold 1/5 | subject=49
[2026-05-19 15:36:17]     Train: 32 | counts=[16, 16]
[2026-05-19 15:36:17]     Test:  8 | counts=[4, 4]
[2026-05-19 15:36:17]     Model: SignalJEPA_PreLocal | Pretrained: from_pretrained | Strategy: full
[2026-05-19 15:36:17]     Phase 1 (warmup): 2,170/16,010 params
[2026-05-19 15:36:17]     Phase 2 (full): 16,010/16,010 params
[2026-05-19 15:36:18]     Result | best_epoch=1 | stop=50 | acc=0.5000 | bal_acc=0.5000 | pred_hist=[8, 0] | collapse=True
[2026-05-19 15:36:18]     spatial_conv=[4, 29] top_abs_channels=[('FC4', 0.15678249), ('P7', 0.12995782), ('O2', 0.12507984), ('Pz', 0.12485015), ('C3', 0.11963295), ('FCz', 0.11812992), ('CP4', 0.11734322), ('FC3', 0.11259025)]
[2026-05-19 15:36:18]     spatial_update=delta_l2=0.16565708 max_abs=0.02691443 relative=0.14176032 changed=True

[2026-05-19 15:36:19] Fold 2/5 | subject=49
[2026-05-19 15:36:19]     Train: 32 | counts=[16, 16]
[2026-05-19 15:36:19]     Test:  8 | counts=[4, 4]
[2026-05-19 15:36:19]     Model: SignalJEPA_PreLocal | Pretrained: from_pretrained | Strategy: full
[2026-05-19 15:36:19]     Phase 1 (warmup): 2,170/16,010 params
[2026-05-19 15:36:19]     Phase 2 (full): 16,010/16,010 params
[2026-05-19 15:36:20]     Result | best_epoch=49 | stop=50 | acc=0.5000 | bal_acc=0.5000 | pred_hist=[6, 2] | collapse=False
[2026-05-19 15:36:20]     spatial_conv=[4, 29] top_abs_channels=[('FC4', 0.1700587), ('Pz', 0.13425438), ('O2', 0.13240866), ('P7', 0.13004144), ('FCz', 0.12958728), ('CP4', 0.12054195), ('C3', 0.12019785), ('FT7', 0.11923771)]
[2026-05-19 15:36:20]     spatial_update=delta_l2=0.16889773 max_abs=0.02669404 relative=0.14453350 changed=True

[2026-05-19 15:36:20] Fold 3/5 | subject=49
[2026-05-19 15:36:20]     Train: 32 | counts=[16, 16]
[2026-05-19 15:36:20]     Test:  8 | counts=[4, 4]
[2026-05-19 15:36:20]     Model: SignalJEPA_PreLocal | Pretrained: from_pretrained | Strategy: full
[2026-05-19 15:36:20]     Phase 1 (warmup): 2,170/16,010 params
[2026-05-19 15:36:20]     Phase 2 (full): 16,010/16,010 params
[2026-05-19 15:36:21]     Result | best_epoch=50 | stop=50 | acc=0.5000 | bal_acc=0.5000 | pred_hist=[8, 0] | collapse=True
[2026-05-19 15:36:21]     spatial_conv=[4, 29] top_abs_channels=[('FC4', 0.15450087), ('O2', 0.13691875), ('Pz', 0.12931685), ('P7', 0.1266212), ('FT7', 0.12572029), ('FCz', 0.12505504), ('CP4', 0.11544999), ('C3', 0.11140758)]
[2026-05-19 15:36:21]     spatial_update=delta_l2=0.16843981 max_abs=0.02714442 relative=0.14414164 changed=True

[2026-05-19 15:36:22] Fold 4/5 | subject=49
[2026-05-19 15:36:22]     Train: 32 | counts=[16, 16]
[2026-05-19 15:36:22]     Test:  8 | counts=[4, 4]
[2026-05-19 15:36:22]     Model: SignalJEPA_PreLocal | Pretrained: from_pretrained | Strategy: full
[2026-05-19 15:36:22]     Phase 1 (warmup): 2,170/16,010 params
[2026-05-19 15:36:22]     Phase 2 (full): 16,010/16,010 params
[2026-05-19 15:36:23]     Result | best_epoch=50 | stop=50 | acc=0.5000 | bal_acc=0.5000 | pred_hist=[8, 0] | collapse=True
[2026-05-19 15:36:23]     spatial_conv=[4, 29] top_abs_channels=[('FC4', 0.16115466), ('P7', 0.13162833), ('Pz', 0.12839979), ('FC3', 0.12193865), ('CP4', 0.12098193), ('O2', 0.11946017), ('C3', 0.11736538), ('TP8', 0.11266189)]
[2026-05-19 15:36:23]     spatial_update=delta_l2=0.17003254 max_abs=0.02688182 relative=0.14550461 changed=True

[2026-05-19 15:36:23] Fold 5/5 | subject=49
[2026-05-19 15:36:23]     Train: 32 | counts=[16, 16]
[2026-05-19 15:36:23]     Test:  8 | counts=[4, 4]
[2026-05-19 15:36:23]     Model: SignalJEPA_PreLocal | Pretrained: from_pretrained | Strategy: full
[2026-05-19 15:36:23]     Phase 1 (warmup): 2,170/16,010 params
[2026-05-19 15:36:23]     Phase 2 (full): 16,010/16,010 params
[2026-05-19 15:36:24]     Result | best_epoch=1 | stop=50 | acc=0.3750 | bal_acc=0.3750 | pred_hist=[7, 1] | collapse=False
[2026-05-19 15:36:24]     spatial_conv=[4, 29] top_abs_channels=[('FC4', 0.1681709), ('Pz', 0.13302003), ('T7', 0.12537937), ('P7', 0.12519768), ('O2', 0.12394556), ('CP4', 0.12341587), ('TP8', 0.12038936), ('FCz', 0.11747746)]
[2026-05-19 15:36:24]     spatial_update=delta_l2=0.16507727 max_abs=0.02771644 relative=0.14126416 changed=True
[2026-05-19 15:36:24]   Subject 49: acc=0.4750±0.0500  bal_acc=0.4750±0.0500

[2026-05-19 15:36:24] Subject 50: 40 windows | class_counts=[20, 20]

[2026-05-19 15:36:25] Fold 1/5 | subject=50
[2026-05-19 15:36:25]     Train: 32 | counts=[16, 16]
[2026-05-19 15:36:25]     Test:  8 | counts=[4, 4]
[2026-05-19 15:36:25]     Model: SignalJEPA_PreLocal | Pretrained: from_pretrained | Strategy: full
[2026-05-19 15:36:25]     Phase 1 (warmup): 2,170/16,010 params
[2026-05-19 15:36:25]     Phase 2 (full): 16,010/16,010 params
[2026-05-19 15:36:26]     Result | best_epoch=1 | stop=50 | acc=0.6250 | bal_acc=0.6250 | pred_hist=[3, 5] | collapse=False
[2026-05-19 15:36:26]     spatial_conv=[4, 29] top_abs_channels=[('FC4', 0.15184419), ('Pz', 0.1426646), ('FT7', 0.13218695), ('FC3', 0.12039559), ('FCz', 0.11551227), ('P7', 0.11393704), ('O2', 0.11098479), ('CP4', 0.10973564)]
[2026-05-19 15:36:26]     spatial_update=delta_l2=0.16335024 max_abs=0.02661073 relative=0.13978626 changed=True

[2026-05-19 15:36:26] Fold 2/5 | subject=50
[2026-05-19 15:36:26]     Train: 32 | counts=[16, 16]
[2026-05-19 15:36:26]     Test:  8 | counts=[4, 4]
[2026-05-19 15:36:26]     Model: SignalJEPA_PreLocal | Pretrained: from_pretrained | Strategy: full
[2026-05-19 15:36:26]     Phase 1 (warmup): 2,170/16,010 params
[2026-05-19 15:36:27]     Phase 2 (full): 16,010/16,010 params
[2026-05-19 15:36:27]     Result | best_epoch=49 | stop=50 | acc=0.5000 | bal_acc=0.5000 | pred_hist=[4, 4] | collapse=False
[2026-05-19 15:36:27]     spatial_conv=[4, 29] top_abs_channels=[('FC4', 0.15474468), ('Pz', 0.13367718), ('FT7', 0.13036618), ('FCz', 0.12290429), ('TP8', 0.12242374), ('C3', 0.11521816), ('FC3', 0.10940885), ('P7', 0.10935439)]
[2026-05-19 15:36:27]     spatial_update=delta_l2=0.15732634 max_abs=0.02781569 relative=0.13463133 changed=True

[2026-05-19 15:36:28] Fold 3/5 | subject=50
[2026-05-19 15:36:28]     Train: 32 | counts=[16, 16]
[2026-05-19 15:36:28]     Test:  8 | counts=[4, 4]
[2026-05-19 15:36:28]     Model: SignalJEPA_PreLocal | Pretrained: from_pretrained | Strategy: full
[2026-05-19 15:36:28]     Phase 1 (warmup): 2,170/16,010 params
[2026-05-19 15:36:28]     Phase 2 (full): 16,010/16,010 params
[2026-05-19 15:36:29]     Result | best_epoch=9 | stop=50 | acc=0.5000 | bal_acc=0.5000 | pred_hist=[6, 2] | collapse=False
[2026-05-19 15:36:29]     spatial_conv=[4, 29] top_abs_channels=[('FC4', 0.16128345), ('Pz', 0.13773224), ('FT7', 0.12849483), ('FC3', 0.12411539), ('FCz', 0.121841), ('TP8', 0.11591946), ('T7', 0.11067395), ('C3', 0.10917841)]
[2026-05-19 15:36:29]     spatial_update=delta_l2=0.16822162 max_abs=0.02780980 relative=0.14395492 changed=True

[2026-05-19 15:36:29] Fold 4/5 | subject=50
[2026-05-19 15:36:29]     Train: 32 | counts=[16, 16]
[2026-05-19 15:36:29]     Test:  8 | counts=[4, 4]
[2026-05-19 15:36:29]     Model: SignalJEPA_PreLocal | Pretrained: from_pretrained | Strategy: full
[2026-05-19 15:36:29]     Phase 1 (warmup): 2,170/16,010 params
[2026-05-19 15:36:30]     Phase 2 (full): 16,010/16,010 params
[2026-05-19 15:36:30]     Result | best_epoch=1 | stop=50 | acc=0.8750 | bal_acc=0.8750 | pred_hist=[5, 3] | collapse=False
[2026-05-19 15:36:30]     spatial_conv=[4, 29] top_abs_channels=[('FC4', 0.15157926), ('FT7', 0.12778574), ('Pz', 0.12375775), ('Fp1', 0.11608826), ('FCz', 0.11606581), ('FC3', 0.11534633), ('TP8', 0.11412793), ('O2', 0.11405504)]
[2026-05-19 15:36:30]     spatial_update=delta_l2=0.16942709 max_abs=0.02726108 relative=0.14498650 changed=True

[2026-05-19 15:36:31] Fold 5/5 | subject=50
[2026-05-19 15:36:31]     Train: 32 | counts=[16, 16]
[2026-05-19 15:36:31]     Test:  8 | counts=[4, 4]
[2026-05-19 15:36:31]     Model: SignalJEPA_PreLocal | Pretrained: from_pretrained | Strategy: full
[2026-05-19 15:36:31]     Phase 1 (warmup): 2,170/16,010 params
[2026-05-19 15:36:31]     Phase 2 (full): 16,010/16,010 params
[2026-05-19 15:36:32]     Result | best_epoch=5 | stop=50 | acc=0.3750 | bal_acc=0.3750 | pred_hist=[3, 5] | collapse=False
[2026-05-19 15:36:32]     spatial_conv=[4, 29] top_abs_channels=[('FC4', 0.1563233), ('Pz', 0.13954246), ('FT7', 0.13308561), ('FCz', 0.12358821), ('O2', 0.11811758), ('CP4', 0.11687167), ('P7', 0.11392937), ('TP8', 0.11338379)]
[2026-05-19 15:36:32]     spatial_update=delta_l2=0.15514380 max_abs=0.02609371 relative=0.13276363 changed=True
[2026-05-19 15:36:32]   Subject 50: acc=0.5750±0.1696  bal_acc=0.5750±0.1696

[2026-05-19 15:36:32] Total folds completed: 250
[2026-05-19 15:36:32] ======================================================================
[2026-05-19 15:36:32] AGGREGATED RESULTS
[2026-05-19 15:36:32] ======================================================================
[2026-05-19 15:36:32]   1: acc=0.5750±0.1275  bal_acc=0.5750±0.1275
[2026-05-19 15:36:32]   2: acc=0.6250±0.0791  bal_acc=0.6250±0.0791
[2026-05-19 15:36:32]   3: acc=0.6250±0.0791  bal_acc=0.6250±0.0791
[2026-05-19 15:36:32]   4: acc=0.7250±0.1458  bal_acc=0.7250±0.1458
[2026-05-19 15:36:32]   5: acc=0.6000±0.1458  bal_acc=0.6000±0.1458
[2026-05-19 15:36:32]   6: acc=0.5000±0.1768  bal_acc=0.5000±0.1768
[2026-05-19 15:36:32]   7: acc=0.4750±0.0935  bal_acc=0.4750±0.0935
[2026-05-19 15:36:32]   8: acc=0.7750±0.1458  bal_acc=0.7750±0.1458
[2026-05-19 15:36:32]   9: acc=0.6250±0.1768  bal_acc=0.6250±0.1768
[2026-05-19 15:36:32]   10: acc=0.4500±0.1696  bal_acc=0.4500±0.1696
[2026-05-19 15:36:32]   11: acc=0.3750±0.0791  bal_acc=0.3750±0.0791
[2026-05-19 15:36:32]   12: acc=0.6000±0.2424  bal_acc=0.6000±0.2424
[2026-05-19 15:36:32]   13: acc=0.7000±0.2031  bal_acc=0.7000±0.2031
[2026-05-19 15:36:32]   14: acc=0.6750±0.1275  bal_acc=0.6750±0.1275
[2026-05-19 15:36:32]   15: acc=0.4250±0.1275  bal_acc=0.4250±0.1275
[2026-05-19 15:36:32]   16: acc=0.4750±0.1837  bal_acc=0.4750±0.1837
[2026-05-19 15:36:32]   17: acc=0.5250±0.1225  bal_acc=0.5250±0.1225
[2026-05-19 15:36:32]   18: acc=0.7000±0.1500  bal_acc=0.7000±0.1500
[2026-05-19 15:36:32]   19: acc=0.4500±0.1500  bal_acc=0.4500±0.1500
[2026-05-19 15:36:32]   20: acc=0.7000±0.1275  bal_acc=0.7000±0.1275
[2026-05-19 15:36:32]   21: acc=0.3250±0.0612  bal_acc=0.3250±0.0612
[2026-05-19 15:36:32]   22: acc=0.5000±0.1768  bal_acc=0.5000±0.1768
[2026-05-19 15:36:32]   23: acc=0.5750±0.1000  bal_acc=0.5750±0.1000
[2026-05-19 15:36:32]   24: acc=0.5750±0.2031  bal_acc=0.5750±0.2031
[2026-05-19 15:36:32]   25: acc=0.6000±0.0935  bal_acc=0.6000±0.0935
[2026-05-19 15:36:32]   26: acc=0.6500±0.0935  bal_acc=0.6500±0.0935
[2026-05-19 15:36:32]   27: acc=0.5000±0.1768  bal_acc=0.5000±0.1768
[2026-05-19 15:36:32]   28: acc=0.6500±0.0500  bal_acc=0.6500±0.0500
[2026-05-19 15:36:32]   29: acc=0.5250±0.0935  bal_acc=0.5250±0.0935
[2026-05-19 15:36:32]   30: acc=0.7250±0.0500  bal_acc=0.7250±0.0500
[2026-05-19 15:36:32]   31: acc=0.4000±0.0935  bal_acc=0.4000±0.0935
[2026-05-19 15:36:32]   32: acc=0.5250±0.1458  bal_acc=0.5250±0.1458
[2026-05-19 15:36:32]   33: acc=0.5500±0.1696  bal_acc=0.5500±0.1696
[2026-05-19 15:36:32]   34: acc=0.8250±0.1000  bal_acc=0.8250±0.1000
[2026-05-19 15:36:32]   35: acc=0.6500±0.1837  bal_acc=0.6500±0.1837
[2026-05-19 15:36:32]   36: acc=0.5000±0.0000  bal_acc=0.5000±0.0000
[2026-05-19 15:36:32]   37: acc=0.5750±0.1696  bal_acc=0.5750±0.1696
[2026-05-19 15:36:32]   38: acc=0.7000±0.1000  bal_acc=0.7000±0.1000
[2026-05-19 15:36:32]   39: acc=0.5000±0.1768  bal_acc=0.5000±0.1768
[2026-05-19 15:36:32]   40: acc=0.5750±0.1871  bal_acc=0.5750±0.1871
[2026-05-19 15:36:32]   41: acc=0.6250±0.0791  bal_acc=0.6250±0.0791
[2026-05-19 15:36:32]   42: acc=0.6750±0.2179  bal_acc=0.6750±0.2179
[2026-05-19 15:36:32]   43: acc=0.5000±0.1768  bal_acc=0.5000±0.1768
[2026-05-19 15:36:32]   44: acc=0.4500±0.1696  bal_acc=0.4500±0.1696
[2026-05-19 15:36:32]   45: acc=0.4750±0.1837  bal_acc=0.4750±0.1837
[2026-05-19 15:36:32]   46: acc=0.6500±0.0935  bal_acc=0.6500±0.0935
[2026-05-19 15:36:32]   47: acc=0.4000±0.1458  bal_acc=0.4000±0.1458
[2026-05-19 15:36:32]   48: acc=0.6500±0.1225  bal_acc=0.6500±0.1225
[2026-05-19 15:36:32]   49: acc=0.4750±0.0500  bal_acc=0.4750±0.0500
[2026-05-19 15:36:32]   50: acc=0.5750±0.1696  bal_acc=0.5750±0.1696
[2026-05-19 15:36:32] ----------------------------------------------------------------------
[2026-05-19 15:36:32]   OVERALL: acc=0.5700±0.1792  bal_acc=0.5700±0.1792
[2026-05-19 15:36:32] ======================================================================

[2026-05-19 15:36:32] ======================================================================
[2026-05-19 15:36:32] EXPERIMENT SUMMARY
[2026-05-19 15:36:32] ======================================================================
[2026-05-19 15:36:32] Run ID:                 20260519_1529_9944c155
[2026-05-19 15:36:32] Dataset:                Liu2024_SourceMAT
[2026-05-19 15:36:32] Dataset source:         source_mat
[2026-05-19 15:36:32] Labels kept:            ['left_hand', 'right_hand']
[2026-05-19 15:36:32] Subjects:               50
[2026-05-19 15:36:32] Model:                  SignalJEPA_PreLocal
[2026-05-19 15:36:32] Pretrained mode:        from_pretrained
[2026-05-19 15:36:32] Strategy:               full
[2026-05-19 15:36:32] Window:                 4.195s / 537 samples
[2026-05-19 15:36:32] Artifacts:              /Users/vadim/Documents/School/Spring 2026/CSCE A698 Individual Research/EEG_JEPA/artifacts/liu2024-source-mat-sjepa-prelocal/20260519_1529_9944c155
[2026-05-19 15:36:32] Mean Accuracy:          0.5700 ± 0.1792
[2026-05-19 15:36:32] Mean Balanced Accuracy: 0.5700 ± 0.1792
[2026-05-19 15:36:32] ======================================================================

[2026-05-19 15:36:32] Spatial convolution analysis saved:
[2026-05-19 15:36:32]   Long channel CSV:        /Users/vadim/Documents/School/Spring 2026/CSCE A698 Individual Research/EEG_JEPA/artifacts/liu2024-source-mat-sjepa-prelocal/20260519_1529_9944c155/spatial_conv_analysis/spatial_channel_importance_long.csv
[2026-05-19 15:36:32]   Fold diagnostics CSV:    /Users/vadim/Documents/School/Spring 2026/CSCE A698 Individual Research/EEG_JEPA/artifacts/liu2024-source-mat-sjepa-prelocal/20260519_1529_9944c155/spatial_conv_analysis/fold_diagnostics.csv
[2026-05-19 15:36:32]   Fold weight JSON:        /Users/vadim/Documents/School/Spring 2026/CSCE A698 Individual Research/EEG_JEPA/artifacts/liu2024-source-mat-sjepa-prelocal/20260519_1529_9944c155/spatial_conv_analysis/spatial_conv_weights_by_fold.json
[2026-05-19 15:36:32]   Global importance CSV:   /Users/vadim/Documents/School/Spring 2026/CSCE A698 Individual Research/EEG_JEPA/artifacts/liu2024-source-mat-sjepa-prelocal/20260519_1529_9944c155/spatial_conv_analysis/spatial_channel_importance_global.csv
[2026-05-19 15:36:32]   Subject importance CSV:  /Users/vadim/Documents/School/Spring 2026/CSCE A698 Individual Research/EEG_JEPA/artifacts/liu2024-source-mat-sjepa-prelocal/20260519_1529_9944c155/spatial_conv_analysis/spatial_channel_importance_by_subject.csv
[2026-05-19 15:36:32]   Diagnostic summary JSON: /Users/vadim/Documents/School/Spring 2026/CSCE A698 Individual Research/EEG_JEPA/artifacts/liu2024-source-mat-sjepa-prelocal/20260519_1529_9944c155/spatial_conv_analysis/diagnostic_summary.json

[2026-05-19 15:36:32] Diagnostic summary:
[2026-05-19 15:36:32] {
  "n_folds": 250,
  "collapse_rate": 0.024,
  "mean_collapse_ratio": 0.657,
  "mean_spatial_delta_l2": 0.16153138032,
  "mean_spatial_relative_delta": 0.13822977696000002,
  "spatial_changed_rate": 1.0,
  "mean_confidence": 0.66473238496,
  "mean_normalized_prediction_entropy": 0.8648675901599999
}

[2026-05-19 15:36:32] Top global channels by mean absolute spatial weight:
[2026-05-19 15:36:32]   Global topomap:          /Users/vadim/Documents/School/Spring 2026/CSCE A698 Individual Research/EEG_JEPA/artifacts/liu2024-source-mat-sjepa-prelocal/20260519_1529_9944c155/spatial_conv_analysis/global_mean_abs_spatial_weight_topomap.png
[2026-05-19 15:36:32]   Global filter grid:      /Users/vadim/Documents/School/Spring 2026/CSCE A698 Individual Research/EEG_JEPA/artifacts/liu2024-source-mat-sjepa-prelocal/20260519_1529_9944c155/spatial_conv_analysis/global_mean_spatial_filters_topomap_grid.png
[2026-05-19 15:36:38]   Subject topomaps saved in: /Users/vadim/Documents/School/Spring 2026/CSCE A698 Individual Research/EEG_JEPA/artifacts/liu2024-source-mat-sjepa-prelocal/20260519_1529_9944c155/spatial_conv_analysis
[2026-05-19 15:36:38] CV results saved to:      /Users/vadim/Documents/School/Spring 2026/CSCE A698 Individual Research/EEG_JEPA/artifacts/liu2024-source-mat-sjepa-prelocal/20260519_1529_9944c155/cv_results.json
[2026-05-19 15:36:38] Subject metrics saved to: /Users/vadim/Documents/School/Spring 2026/CSCE A698 Individual Research/EEG_JEPA/artifacts/liu2024-source-mat-sjepa-prelocal/20260519_1529_9944c155/subject_metrics.json
[2026-05-19 15:36:38] Global metrics saved to:  /Users/vadim/Documents/School/Spring 2026/CSCE A698 Individual Research/EEG_JEPA/artifacts/liu2024-source-mat-sjepa-prelocal/20260519_1529_9944c155/global_metrics.json
[2026-05-19 15:36:38] Run metadata saved to:    /Users/vadim/Documents/School/Spring 2026/CSCE A698 Individual Research/EEG_JEPA/artifacts/liu2024-source-mat-sjepa-prelocal/20260519_1529_9944c155/run_metadata.json

[2026-05-19 15:36:38] All artifacts in: /Users/vadim/Documents/School/Spring 2026/CSCE A698 Individual Research/EEG_JEPA/artifacts/liu2024-source-mat-sjepa-prelocal/20260519_1529_9944c155
