{
  "mean_accuracy": 0.8428571428571429,
  "std_accuracy": 0.2221302247212069,
  "mean_balanced_accuracy": 0.8428571428571429,
  "std_balanced_accuracy": 0.2221302247212069,
  "mean_roc_auc": null,
  "std_roc_auc": null,
  "n_subjects": 7,
  "n_folds_total": 35
}