{
  "48": {
    "accuracies": [
      0.975,
      1.0,
      0.975,
      1.0,
      0.975
    ],
    "balanced_accuracies": [
      0.975,
      1.0,
      0.975,
      1.0,
      0.975
    ],
    "roc_aucs": [
      null,
      null,
      null,
      null,
      null
    ],
    "mean_accuracy": 0.985,
    "std_accuracy": 0.012247448713915901,
    "mean_balanced_accuracy": 0.985,
    "std_balanced_accuracy": 0.012247448713915901,
    "mean_roc_auc": null,
    "std_roc_auc": null
  },
  "49": {
    "accuracies": [
      0.925,
      0.95,
      1.0,
      0.975,
      0.925
    ],
    "balanced_accuracies": [
      0.925,
      0.95,
      1.0,
      0.975,
      0.925
    ],
    "roc_aucs": [
      null,
      null,
      null,
      null,
      null
    ],
    "mean_accuracy": 0.9550000000000001,
    "std_accuracy": 0.029154759474226483,
    "mean_balanced_accuracy": 0.9550000000000001,
    "std_balanced_accuracy": 0.029154759474226483,
    "mean_roc_auc": null,
    "std_roc_auc": null
  },
  "50": {
    "accuracies": [
      0.975,
      1.0,
      0.975,
      1.0,
      1.0
    ],
    "balanced_accuracies": [
      0.975,
      1.0,
      0.975,
      1.0,
      1.0
    ],
    "roc_aucs": [
      null,
      null,
      null,
      null,
      null
    ],
    "mean_accuracy": 0.99,
    "std_accuracy": 0.012247448713915901,
    "mean_balanced_accuracy": 0.99,
    "std_balanced_accuracy": 0.012247448713915901,
    "mean_roc_auc": null,
    "std_roc_auc": null
  },
  "51": {
    "accuracies": [
      0.325,
      0.2,
      0.65,
      0.45,
      0.375
    ],
    "balanced_accuracies": [
      0.32499999999999996,
      0.2,
      0.65,
      0.45,
      0.375
    ],
    "roc_aucs": [
      null,
      null,
      null,
      null,
      null
    ],
    "mean_accuracy": 0.4,
    "std_accuracy": 0.14916433890176298,
    "mean_balanced_accuracy": 0.39999999999999997,
    "std_balanced_accuracy": 0.14916433890176298,
    "mean_roc_auc": null,
    "std_roc_auc": null
  },
  "52": {
    "accuracies": [
      0.925,
      0.9,
      0.95,
      0.975,
      0.95
    ],
    "balanced_accuracies": [
      0.925,
      0.9,
      0.95,
      0.975,
      0.95
    ],
    "roc_aucs": [
      null,
      null,
      null,
      null,
      null
    ],
    "mean_accuracy": 0.9400000000000001,
    "std_accuracy": 0.0254950975679639,
    "mean_balanced_accuracy": 0.9400000000000001,
    "std_balanced_accuracy": 0.0254950975679639,
    "mean_roc_auc": null,
    "std_roc_auc": null
  },
  "53": {
    "accuracies": [
      0.975,
      0.975,
      0.975,
      1.0,
      1.0
    ],
    "balanced_accuracies": [
      0.975,
      0.975,
      0.975,
      1.0,
      1.0
    ],
    "roc_aucs": [
      null,
      null,
      null,
      null,
      null
    ],
    "mean_accuracy": 0.985,
    "std_accuracy": 0.012247448713915901,
    "mean_balanced_accuracy": 0.985,
    "std_balanced_accuracy": 0.012247448713915901,
    "mean_roc_auc": null,
    "std_roc_auc": null
  },
  "54": {
    "accuracies": [
      0.65,
      0.625,
      0.675,
      0.575,
      0.7
    ],
    "balanced_accuracies": [
      0.65,
      0.625,
      0.675,
      0.575,
      0.7
    ],
    "roc_aucs": [
      null,
      null,
      null,
      null,
      null
    ],
    "mean_accuracy": 0.6449999999999999,
    "std_accuracy": 0.043011626335213146,
    "mean_balanced_accuracy": 0.6449999999999999,
    "std_balanced_accuracy": 0.043011626335213146,
    "mean_roc_auc": null,
    "std_roc_auc": null
  }
}