{
  "mean_accuracy": 0.8642857142857142,
  "std_accuracy": 0.21632364264533577,
  "mean_balanced_accuracy": 0.8642857142857142,
  "std_balanced_accuracy": 0.21632364264533577,
  "n_subjects": 7,
  "n_folds_total": 35
}