{
  "48": {
    "accuracies": [
      0.95,
      0.95,
      1.0,
      1.0,
      1.0
    ],
    "balanced_accuracies": [
      0.95,
      0.95,
      1.0,
      1.0,
      1.0
    ],
    "mean_accuracy": 0.9800000000000001,
    "std_accuracy": 0.024494897427831803,
    "mean_balanced_accuracy": 0.9800000000000001,
    "std_balanced_accuracy": 0.024494897427831803
  },
  "49": {
    "accuracies": [
      1.0,
      0.8,
      0.9,
      0.95,
      0.9
    ],
    "balanced_accuracies": [
      1.0,
      0.8,
      0.8999999999999999,
      0.95,
      0.8999999999999999
    ],
    "mean_accuracy": 0.9100000000000001,
    "std_accuracy": 0.06633249580710797,
    "mean_balanced_accuracy": 0.9100000000000001,
    "std_balanced_accuracy": 0.066332495807108
  },
  "50": {
    "accuracies": [
      1.0,
      1.0,
      1.0,
      0.95,
      1.0
    ],
    "balanced_accuracies": [
      1.0,
      1.0,
      1.0,
      0.95,
      1.0
    ],
    "mean_accuracy": 0.99,
    "std_accuracy": 0.020000000000000018,
    "mean_balanced_accuracy": 0.99,
    "std_balanced_accuracy": 0.020000000000000018
  },
  "51": {
    "accuracies": [
      0.35,
      0.4,
      0.4,
      0.5,
      0.2
    ],
    "balanced_accuracies": [
      0.35000000000000003,
      0.4,
      0.4,
      0.5,
      0.2
    ],
    "mean_accuracy": 0.37,
    "std_accuracy": 0.09797958971132713,
    "mean_balanced_accuracy": 0.37,
    "std_balanced_accuracy": 0.09797958971132713
  },
  "52": {
    "accuracies": [
      1.0,
      0.95,
      0.95,
      0.95,
      1.0
    ],
    "balanced_accuracies": [
      1.0,
      0.95,
      0.95,
      0.95,
      1.0
    ],
    "mean_accuracy": 0.97,
    "std_accuracy": 0.024494897427831803,
    "mean_balanced_accuracy": 0.97,
    "std_balanced_accuracy": 0.024494897427831803
  },
  "53": {
    "accuracies": [
      1.0,
      1.0,
      1.0,
      1.0,
      1.0
    ],
    "balanced_accuracies": [
      1.0,
      1.0,
      1.0,
      1.0,
      1.0
    ],
    "mean_accuracy": 1.0,
    "std_accuracy": 0.0,
    "mean_balanced_accuracy": 1.0,
    "std_balanced_accuracy": 0.0
  },
  "54": {
    "accuracies": [
      0.85,
      0.8,
      0.9,
      0.7,
      0.9
    ],
    "balanced_accuracies": [
      0.8500000000000001,
      0.8,
      0.9,
      0.7000000000000001,
      0.9
    ],
    "mean_accuracy": 0.8300000000000001,
    "std_accuracy": 0.07483314773547885,
    "mean_balanced_accuracy": 0.8300000000000001,
    "std_balanced_accuracy": 0.07483314773547882
  }
}