{
  "mean_accuracy": 0.796744073753832,
  "std_accuracy": 0.12181310901134267,
  "mean_balanced_accuracy": 0.7973432917296994,
  "std_balanced_accuracy": 0.12134332447070549,
  "mean_roc_auc": null,
  "std_roc_auc": null,
  "n_subjects": 109,
  "n_folds_total": 109
}