{
  "48": {
    "accuracies": [
      1.0,
      0.95,
      1.0,
      1.0,
      0.85
    ],
    "balanced_accuracies": [
      1.0,
      0.95,
      1.0,
      1.0,
      0.8500000000000001
    ],
    "mean_accuracy": 0.96,
    "std_accuracy": 0.058309518948453015,
    "mean_balanced_accuracy": 0.9600000000000002,
    "std_balanced_accuracy": 0.05830951894845297
  },
  "49": {
    "accuracies": [
      0.85,
      0.95,
      0.9,
      0.8,
      0.8
    ],
    "balanced_accuracies": [
      0.85,
      0.95,
      0.9,
      0.8,
      0.8
    ],
    "mean_accuracy": 0.86,
    "std_accuracy": 0.05830951894845297,
    "mean_balanced_accuracy": 0.86,
    "std_balanced_accuracy": 0.05830951894845297
  },
  "50": {
    "accuracies": [
      0.9,
      1.0,
      0.85,
      0.85,
      0.95
    ],
    "balanced_accuracies": [
      0.9,
      1.0,
      0.8500000000000001,
      0.8500000000000001,
      0.95
    ],
    "mean_accuracy": 0.9099999999999999,
    "std_accuracy": 0.05830951894845301,
    "mean_balanced_accuracy": 0.9099999999999999,
    "std_balanced_accuracy": 0.05830951894845297
  },
  "51": {
    "accuracies": [
      0.15,
      0.4,
      0.3,
      0.3,
      0.3
    ],
    "balanced_accuracies": [
      0.15000000000000002,
      0.4,
      0.3,
      0.30000000000000004,
      0.30000000000000004
    ],
    "mean_accuracy": 0.29000000000000004,
    "std_accuracy": 0.07999999999999999,
    "mean_balanced_accuracy": 0.29000000000000004,
    "std_balanced_accuracy": 0.08
  },
  "52": {
    "accuracies": [
      0.95,
      1.0,
      1.0,
      1.0,
      0.95
    ],
    "balanced_accuracies": [
      0.95,
      1.0,
      1.0,
      1.0,
      0.95
    ],
    "mean_accuracy": 0.9800000000000001,
    "std_accuracy": 0.024494897427831803,
    "mean_balanced_accuracy": 0.9800000000000001,
    "std_balanced_accuracy": 0.024494897427831803
  },
  "53": {
    "accuracies": [
      0.95,
      1.0,
      0.95,
      1.0,
      0.9
    ],
    "balanced_accuracies": [
      0.95,
      1.0,
      0.95,
      1.0,
      0.9
    ],
    "mean_accuracy": 0.96,
    "std_accuracy": 0.03741657386773941,
    "mean_balanced_accuracy": 0.96,
    "std_balanced_accuracy": 0.03741657386773941
  },
  "54": {
    "accuracies": [
      0.5,
      0.75,
      0.85,
      0.55,
      0.25
    ],
    "balanced_accuracies": [
      0.5,
      0.7500000000000001,
      0.8500000000000001,
      0.5499999999999999,
      0.25
    ],
    "mean_accuracy": 0.5800000000000001,
    "std_accuracy": 0.20880613017821098,
    "mean_balanced_accuracy": 0.58,
    "std_balanced_accuracy": 0.20880613017821104
  }
}