{
  "mean_accuracy": 0.36500000000000005,
  "std_accuracy": 0.07176350047203661,
  "mean_balanced_accuracy": 0.36500000000000005,
  "std_balanced_accuracy": 0.07176350047203661,
  "n_subjects": 1,
  "n_folds_total": 5
}