{
  "51": {
    "accuracies": [
      0.475,
      0.275,
      0.3,
      0.375,
      0.4
    ],
    "balanced_accuracies": [
      0.475,
      0.275,
      0.3,
      0.375,
      0.4
    ],
    "mean_accuracy": 0.36500000000000005,
    "std_accuracy": 0.07176350047203661,
    "mean_balanced_accuracy": 0.36500000000000005,
    "std_balanced_accuracy": 0.07176350047203661
  }
}