[2026-05-28 16:11:11] Run ID:     20260528_1611_9c2514d6
[2026-05-28 16:11:11] Artifacts:  /Users/vadim/Documents/School/Spring 2026/CSCE A698 Individual Research/EEG_JEPA/artifacts/liu2024-source-mat-sjepa-prelocal/20260528_1611_9c2514d6
[2026-05-28 16:11:11] Config:     /Users/vadim/Documents/School/Spring 2026/CSCE A698 Individual Research/EEG_JEPA/artifacts/liu2024-source-mat-sjepa-prelocal/20260528_1611_9c2514d6/config.json
[2026-05-28 16:11:11] Using device: mps
[2026-05-28 16:11:12] Seed initialized: 2026
[2026-05-28 16:11:12] Configured preprocessing pipeline:
[2026-05-28 16:11:12]   - [ON] source::select_eeg_channels | - select Liu EEG channels, drop CPz reference, EOG, and marker before model input
[2026-05-28 16:11:12]   - [ON] source::demean | mode=baseline_window_mean | baseline_window_s=[0.0, 2.0]
[2026-05-28 16:11:12]   - [off] source::detrend | mode=none
[2026-05-28 16:11:12]   - [off] source::eog_correction | mode=none
[2026-05-28 16:11:12]   - [off] source::artifact_clipping | mode=none | percentile=99.5
[2026-05-28 16:11:12]   - [ON] mne_raw::reference | timing=before_resample_filter | mode=average
[2026-05-28 16:11:12]   - [ON] mne_raw::resample | sfreq=128
[2026-05-28 16:11:12]   - [ON] mne_raw::bandpass_filter | l_freq=0.5 | h_freq=40.0 | method=fir | phase=zero | fir_design=firwin
[2026-05-28 16:11:12]   - [off] mne_raw::notch_filter | timing=after_bandpass
[2026-05-28 16:11:12]   - [ON] window::crop_fixed_mi_window | start_s=2.0 | target_window_samples=537
[2026-05-28 16:11:12]   - [off] window::bad_trial_rejection
[2026-05-28 16:11:12]   - [off] split::fold_safe_normalization | mode=none
[2026-05-28 16:11:12] Source extract dir: /Users/vadim/Documents/School/Spring 2026/CSCE A698 Individual Research/EEG_JEPA/liu2024_data/liu2024_figshare/sourcedata
[2026-05-28 16:11:12] Found 50 .mat files
[2026-05-28 16:11:12] MAT structure preview saved to: /Users/vadim/Documents/School/Spring 2026/CSCE A698 Individual Research/EEG_JEPA/artifacts/liu2024-source-mat-sjepa-prelocal/20260528_1611_9c2514d6/mat_structure_preview_first_subject.csv
[2026-05-28 16:11:18] Subjects loaded: [1, 2, 3, 4, 5, 6, 7, 8, 9, 10, 11, 12, 13, 14, 15, 16, 17, 18, 19, 20, 21, 22, 23, 24, 25, 26, 27, 28, 29, 30, 31, 32, 33, 34, 35, 36, 37, 38, 39, 40, 41, 42, 43, 44, 45, 46, 47, 48, 49, 50]
[2026-05-28 16:11:18] Subject inventory saved to: /Users/vadim/Documents/School/Spring 2026/CSCE A698 Individual Research/EEG_JEPA/artifacts/liu2024-source-mat-sjepa-prelocal/20260528_1611_9c2514d6/subject_inventory.csv
[2026-05-28 16:11:32] X_ALL shape: (2000, 29, 537) | Y_ALL counts: [1000, 1000]
[2026-05-28 16:11:32] Preprocessing steps used:
[2026-05-28 16:11:32]   - select 29 EEG channels; drop CPz source reference, EOG, and marker
[2026-05-28 16:11:32]   - source demean: subtract baseline mean [0.0, 2.0]s
[2026-05-28 16:11:32]   - source detrend skipped
[2026-05-28 16:11:32]   - EOG correction skipped
[2026-05-28 16:11:32]   - source artifact clipping skipped
[2026-05-28 16:11:32]   - convert source microvolts to MNE volts
[2026-05-28 16:11:32]   - average reference at before resample/filter
[2026-05-28 16:11:32]   - resample to 128 Hz
[2026-05-28 16:11:32]   - FIR bandpass 0.5–40.0 Hz | phase=zero | fir_design=firwin
[2026-05-28 16:11:32]   - convert MNE volts to model microvolts
[2026-05-28 16:11:32]   - crop fixed window samples [256:793]
[2026-05-28 16:11:32]   - bad-trial rejection skipped
[2026-05-28 16:11:32] Window summary saved to: /Users/vadim/Documents/School/Spring 2026/CSCE A698 Individual Research/EEG_JEPA/artifacts/liu2024-source-mat-sjepa-prelocal/20260528_1611_9c2514d6/window_counts_by_subject.csv
[2026-05-28 16:11:32] ======================================================================
[2026-05-28 16:11:32] STARTING WITHIN-SUBJECT EVALUATION
[2026-05-28 16:11:32] ======================================================================
[2026-05-28 16:11:32] Experiment:    s055
[2026-05-28 16:11:32] Subjects:      ['1', '2', '3', '4', '5', '6', '7', '8', '9', '10', '11', '12', '13', '14', '15', '16', '17', '18', '19', '20', '21', '22', '23', '24', '25', '26', '27', '28', '29', '30', '31', '32', '33', '34', '35', '36', '37', '38', '39', '40', '41', '42', '43', '44', '45', '46', '47', '48', '49', '50']
[2026-05-28 16:11:32] Model:         SignalJEPA_PreLocal
[2026-05-28 16:11:32] Pretrained:    from_pretrained
[2026-05-28 16:11:32] Strategy:      new
[2026-05-28 16:11:32] Preprocessing: demean=baseline_window_mean | detrend=none | eog=none | clip=none | ref=average@before_resample_filter | resample=True->128 | filter=True 0.5–40.0 fir
[2026-05-28 16:11:32] Normalization: none | reject_bad_trials=False
[2026-05-28 16:11:32] Evaluation:    stratified_kfold | cv_folds=5 | n_repeats=10 | test_size=0.4
[2026-05-28 16:11:32] Seed:          base=2026 | cv=2026 | split=2026 | val=2026
[2026-05-28 16:11:32] Window:        start=2.0s | samples=537 | duration=4.1953s | effective sfreq=128.0
[2026-05-28 16:11:32] Optimizer:     adam | lr=0.0009 | wd=0.0
[2026-05-28 16:11:32] Augmentation:  noise=0.0 | shift=0 | ch_drop=0.0
[2026-05-28 16:11:32] Val split:     0.2
[2026-05-28 16:11:32] Max epochs:    50 | patience=10
[2026-05-28 16:11:32] Device:        mps
[2026-05-28 16:11:32] ======================================================================
[2026-05-28 16:11:32] \nSubject 1: 40 windows | class_counts=[20, 20]

[2026-05-28 16:11:33] Fold 1/5 | subject=1
[2026-05-28 16:11:33]     Train: 32 | counts=[16, 16]
[2026-05-28 16:11:33]     Test:  8 | counts=[4, 4]
[2026-05-28 16:11:33]     Model: SignalJEPA_PreLocal | Pretrained: from_pretrained | Strategy: new
[2026-05-28 16:11:33]     Normalization: none | fit_scope=none
[2026-05-28 16:11:33]     Phase 1 (new): 2,170/16,010 params
[2026-05-28 16:11:33]     Result | best_epoch=26 | stop=34 | final_phase_epochs=34 | acc=0.3750 | bal_acc=0.3750 | pred_hist=[3, 5] | collapse=False
[2026-05-28 16:11:33]     spatial_conv=[4, 29] top_abs_channels=[('Pz', 0.15695663), ('O2', 0.14236328), ('O1', 0.13827431), ('T3', 0.12966526), ('CP3', 0.12273511), ('C3', 0.1225688), ('Fp1', 0.12106245), ('T4', 0.11472151)]
[2026-05-28 16:11:33]     spatial_update=delta_l2=0.14143821 max_abs=0.02164237 relative=0.11850915 changed=True

[2026-05-28 16:11:34] Fold 2/5 | subject=1
[2026-05-28 16:11:34]     Train: 32 | counts=[16, 16]
[2026-05-28 16:11:34]     Test:  8 | counts=[4, 4]
[2026-05-28 16:11:34]     Model: SignalJEPA_PreLocal | Pretrained: from_pretrained | Strategy: new
[2026-05-28 16:11:34]     Normalization: none | fit_scope=none
[2026-05-28 16:11:34]     Phase 1 (new): 2,170/16,010 params
[2026-05-28 16:11:35]     Result | best_epoch=50 | stop=50 | final_phase_epochs=50 | acc=0.3750 | bal_acc=0.3750 | pred_hist=[3, 5] | collapse=False
[2026-05-28 16:11:35]     spatial_conv=[4, 29] top_abs_channels=[('O1', 0.15214819), ('O2', 0.14303899), ('Fp1', 0.13264216), ('C3', 0.12921956), ('Pz', 0.12921822), ('Fz', 0.12466221), ('CP3', 0.11647416), ('T3', 0.11570299)]
[2026-05-28 16:11:35]     spatial_update=delta_l2=0.26192501 max_abs=0.04515894 relative=0.21946341 changed=True

[2026-05-28 16:11:35] Fold 3/5 | subject=1
[2026-05-28 16:11:35]     Train: 32 | counts=[16, 16]
[2026-05-28 16:11:35]     Test:  8 | counts=[4, 4]
[2026-05-28 16:11:35]     Model: SignalJEPA_PreLocal | Pretrained: from_pretrained | Strategy: new
[2026-05-28 16:11:35]     Normalization: none | fit_scope=none
[2026-05-28 16:11:35]     Phase 1 (new): 2,170/16,010 params
[2026-05-28 16:11:35]     Result | best_epoch=3 | stop=12 | final_phase_epochs=12 | acc=0.3750 | bal_acc=0.3750 | pred_hist=[1, 7] | collapse=False
[2026-05-28 16:11:35]     spatial_conv=[4, 29] top_abs_channels=[('Pz', 0.15227011), ('O2', 0.14372483), ('T3', 0.12658937), ('T4', 0.12199051), ('O1', 0.12172183), ('CP3', 0.12110236), ('C3', 0.11435952), ('CP4', 0.11145598)]
[2026-05-28 16:11:35]     spatial_update=delta_l2=0.01553459 max_abs=0.00180119 relative=0.01301622 changed=True

[2026-05-28 16:11:36] Fold 4/5 | subject=1
[2026-05-28 16:11:36]     Train: 32 | counts=[16, 16]
[2026-05-28 16:11:36]     Test:  8 | counts=[4, 4]
[2026-05-28 16:11:36]     Model: SignalJEPA_PreLocal | Pretrained: from_pretrained | Strategy: new
[2026-05-28 16:11:36]     Normalization: none | fit_scope=none
[2026-05-28 16:11:36]     Phase 1 (new): 2,170/16,010 params
[2026-05-28 16:11:37]     Result | best_epoch=50 | stop=50 | final_phase_epochs=50 | acc=0.6250 | bal_acc=0.6250 | pred_hist=[5, 3] | collapse=False
[2026-05-28 16:11:37]     spatial_conv=[4, 29] top_abs_channels=[('Pz', 0.15459907), ('C3', 0.15201771), ('O1', 0.12881547), ('O2', 0.12413692), ('T3', 0.12238281), ('CP4', 0.12142497), ('Fp1', 0.11482239), ('CP3', 0.1120898)]
[2026-05-28 16:11:37]     spatial_update=delta_l2=0.23274972 max_abs=0.04964920 relative=0.19501783 changed=True

[2026-05-28 16:11:37] Fold 5/5 | subject=1
[2026-05-28 16:11:37]     Train: 32 | counts=[16, 16]
[2026-05-28 16:11:37]     Test:  8 | counts=[4, 4]
[2026-05-28 16:11:37]     Model: SignalJEPA_PreLocal | Pretrained: from_pretrained | Strategy: new
[2026-05-28 16:11:37]     Normalization: none | fit_scope=none
[2026-05-28 16:11:37]     Phase 1 (new): 2,170/16,010 params
[2026-05-28 16:11:38]     Result | best_epoch=1 | stop=11 | final_phase_epochs=11 | acc=0.5000 | bal_acc=0.5000 | pred_hist=[0, 8] | collapse=True
[2026-05-28 16:11:38]     spatial_conv=[4, 29] top_abs_channels=[('Pz', 0.15258902), ('O2', 0.14459138), ('T3', 0.12628479), ('O1', 0.12276211), ('T4', 0.12208759), ('CP3', 0.12112437), ('C3', 0.1161309), ('CP4', 0.11093314)]
[2026-05-28 16:11:38]     spatial_update=delta_l2=0.00969312 max_abs=0.00090000 relative=0.00812173 changed=True
[2026-05-28 16:11:38]   Subject 1: acc=0.4500±0.1000  bal_acc=0.4500±0.1000
[2026-05-28 16:11:38] \nSubject 2: 40 windows | class_counts=[20, 20]

[2026-05-28 16:11:38] Fold 1/5 | subject=2
[2026-05-28 16:11:38]     Train: 32 | counts=[16, 16]
[2026-05-28 16:11:38]     Test:  8 | counts=[4, 4]
[2026-05-28 16:11:38]     Model: SignalJEPA_PreLocal | Pretrained: from_pretrained | Strategy: new
[2026-05-28 16:11:38]     Normalization: none | fit_scope=none
[2026-05-28 16:11:38]     Phase 1 (new): 2,170/16,010 params
[2026-05-28 16:11:39]     Result | best_epoch=50 | stop=50 | final_phase_epochs=50 | acc=0.5000 | bal_acc=0.5000 | pred_hist=[6, 2] | collapse=False
[2026-05-28 16:11:39]     spatial_conv=[4, 29] top_abs_channels=[('Pz', 0.1469036), ('T3', 0.14523883), ('O2', 0.14219354), ('O1', 0.1260379), ('CP3', 0.12452053), ('T4', 0.11859751), ('T5', 0.11569425), ('CP4', 0.11380737)]
[2026-05-28 16:11:39]     spatial_update=delta_l2=0.31464335 max_abs=0.04963132 relative=0.26363539 changed=True

[2026-05-28 16:11:39] Fold 2/5 | subject=2
[2026-05-28 16:11:39]     Train: 32 | counts=[16, 16]
[2026-05-28 16:11:39]     Test:  8 | counts=[4, 4]
[2026-05-28 16:11:39]     Model: SignalJEPA_PreLocal | Pretrained: from_pretrained | Strategy: new
[2026-05-28 16:11:39]     Normalization: none | fit_scope=none
[2026-05-28 16:11:39]     Phase 1 (new): 2,170/16,010 params
[2026-05-28 16:11:40]     Result | best_epoch=29 | stop=35 | final_phase_epochs=35 | acc=0.8750 | bal_acc=0.8750 | pred_hist=[5, 3] | collapse=False
[2026-05-28 16:11:40]     spatial_conv=[4, 29] top_abs_channels=[('Pz', 0.15275519), ('O2', 0.13997243), ('T3', 0.13976318), ('O1', 0.13222423), ('CP3', 0.1296096), ('T4', 0.12906832), ('C3', 0.11466642), ('T5', 0.11210583)]
[2026-05-28 16:11:40]     spatial_update=delta_l2=0.13470736 max_abs=0.02281931 relative=0.11286947 changed=True

[2026-05-28 16:11:40] Fold 3/5 | subject=2
[2026-05-28 16:11:40]     Train: 32 | counts=[16, 16]
[2026-05-28 16:11:40]     Test:  8 | counts=[4, 4]
[2026-05-28 16:11:40]     Model: SignalJEPA_PreLocal | Pretrained: from_pretrained | Strategy: new
[2026-05-28 16:11:40]     Normalization: none | fit_scope=none
[2026-05-28 16:11:40]     Phase 1 (new): 2,170/16,010 params
[2026-05-28 16:11:41]     Result | best_epoch=50 | stop=50 | final_phase_epochs=50 | acc=0.6250 | bal_acc=0.6250 | pred_hist=[1, 7] | collapse=False
[2026-05-28 16:11:41]     spatial_conv=[4, 29] top_abs_channels=[('O2', 0.15389694), ('T3', 0.15088657), ('Pz', 0.14448202), ('CP3', 0.12813221), ('T4', 0.12505467), ('T5', 0.12406683), ('O1', 0.11899402), ('F7', 0.11515494)]
[2026-05-28 16:11:41]     spatial_update=delta_l2=0.29006472 max_abs=0.05003566 relative=0.24304129 changed=True

[2026-05-28 16:11:42] Fold 4/5 | subject=2
[2026-05-28 16:11:42]     Train: 32 | counts=[16, 16]
[2026-05-28 16:11:42]     Test:  8 | counts=[4, 4]
[2026-05-28 16:11:42]     Model: SignalJEPA_PreLocal | Pretrained: from_pretrained | Strategy: new
[2026-05-28 16:11:42]     Normalization: none | fit_scope=none
[2026-05-28 16:11:42]     Phase 1 (new): 2,170/16,010 params
[2026-05-28 16:11:42]     Result | best_epoch=23 | stop=32 | final_phase_epochs=32 | acc=0.8750 | bal_acc=0.8750 | pred_hist=[5, 3] | collapse=False
[2026-05-28 16:11:42]     spatial_conv=[4, 29] top_abs_channels=[('Pz', 0.16041514), ('T3', 0.13278793), ('O1', 0.13091359), ('O2', 0.13067439), ('T4', 0.12896703), ('CP3', 0.12419002), ('Fp1', 0.12355283), ('CP4', 0.11592562)]
[2026-05-28 16:11:42]     spatial_update=delta_l2=0.13850465 max_abs=0.02038129 relative=0.11605116 changed=True

[2026-05-28 16:11:43] Fold 5/5 | subject=2
[2026-05-28 16:11:43]     Train: 32 | counts=[16, 16]
[2026-05-28 16:11:43]     Test:  8 | counts=[4, 4]
[2026-05-28 16:11:43]     Model: SignalJEPA_PreLocal | Pretrained: from_pretrained | Strategy: new
[2026-05-28 16:11:43]     Normalization: none | fit_scope=none
[2026-05-28 16:11:43]     Phase 1 (new): 2,170/16,010 params
[2026-05-28 16:11:43]     Result | best_epoch=12 | stop=22 | final_phase_epochs=22 | acc=0.6250 | bal_acc=0.6250 | pred_hist=[3, 5] | collapse=False
[2026-05-28 16:11:43]     spatial_conv=[4, 29] top_abs_channels=[('Pz', 0.15652254), ('O2', 0.14075986), ('T3', 0.13092354), ('O1', 0.12726115), ('T4', 0.12385011), ('CP3', 0.119537), ('C3', 0.11521767), ('Fp1', 0.11288278)]
[2026-05-28 16:11:43]     spatial_update=delta_l2=0.07879514 max_abs=0.01085895 relative=0.06602137 changed=True
[2026-05-28 16:11:43]   Subject 2: acc=0.7000±0.1500  bal_acc=0.7000±0.1500
[2026-05-28 16:11:43] \nSubject 3: 40 windows | class_counts=[20, 20]

[2026-05-28 16:11:43] Fold 1/5 | subject=3
[2026-05-28 16:11:43]     Train: 32 | counts=[16, 16]
[2026-05-28 16:11:43]     Test:  8 | counts=[4, 4]
[2026-05-28 16:11:43]     Model: SignalJEPA_PreLocal | Pretrained: from_pretrained | Strategy: new
[2026-05-28 16:11:43]     Normalization: none | fit_scope=none
[2026-05-28 16:11:43]     Phase 1 (new): 2,170/16,010 params
[2026-05-28 16:11:44]     Result | best_epoch=50 | stop=50 | final_phase_epochs=50 | acc=0.5000 | bal_acc=0.5000 | pred_hist=[6, 2] | collapse=False
[2026-05-28 16:11:44]     spatial_conv=[4, 29] top_abs_channels=[('Pz', 0.17678019), ('O2', 0.13745534), ('C3', 0.12903628), ('T3', 0.12604471), ('CP3', 0.12574308), ('Fz', 0.12023157), ('P4', 0.11825328), ('O1', 0.11719626)]
[2026-05-28 16:11:44]     spatial_update=delta_l2=0.34910903 max_abs=0.04936231 relative=0.29251371 changed=True

[2026-05-28 16:11:45] Fold 2/5 | subject=3
[2026-05-28 16:11:45]     Train: 32 | counts=[16, 16]
[2026-05-28 16:11:45]     Test:  8 | counts=[4, 4]
[2026-05-28 16:11:45]     Model: SignalJEPA_PreLocal | Pretrained: from_pretrained | Strategy: new
[2026-05-28 16:11:45]     Normalization: none | fit_scope=none
[2026-05-28 16:11:45]     Phase 1 (new): 2,170/16,010 params
[2026-05-28 16:11:45]     Result | best_epoch=50 | stop=50 | final_phase_epochs=50 | acc=0.5000 | bal_acc=0.5000 | pred_hist=[4, 4] | collapse=False
[2026-05-28 16:11:45]     spatial_conv=[4, 29] top_abs_channels=[('Pz', 0.1579399), ('O2', 0.15099645), ('T5', 0.12708773), ('T4', 0.12634316), ('P4', 0.12420075), ('C3', 0.11895429), ('T3', 0.11842674), ('CP4', 0.11278124)]
[2026-05-28 16:11:45]     spatial_update=delta_l2=0.30888184 max_abs=0.04982230 relative=0.25880789 changed=True

[2026-05-28 16:11:46] Fold 3/5 | subject=3
[2026-05-28 16:11:46]     Train: 32 | counts=[16, 16]
[2026-05-28 16:11:46]     Test:  8 | counts=[4, 4]
[2026-05-28 16:11:46]     Model: SignalJEPA_PreLocal | Pretrained: from_pretrained | Strategy: new
[2026-05-28 16:11:46]     Normalization: none | fit_scope=none
[2026-05-28 16:11:46]     Phase 1 (new): 2,170/16,010 params
[2026-05-28 16:11:46]     Result | best_epoch=50 | stop=50 | final_phase_epochs=50 | acc=0.5000 | bal_acc=0.5000 | pred_hist=[2, 6] | collapse=False
[2026-05-28 16:11:46]     spatial_conv=[4, 29] top_abs_channels=[('O2', 0.1669932), ('Pz', 0.16090505), ('T3', 0.13338029), ('CP3', 0.12827864), ('C3', 0.12137298), ('Fz', 0.12035636), ('CP4', 0.11781206), ('P4', 0.11706974)]
[2026-05-28 16:11:46]     spatial_update=delta_l2=0.34469646 max_abs=0.05018918 relative=0.28881648 changed=True

[2026-05-28 16:11:47] Fold 4/5 | subject=3
[2026-05-28 16:11:47]     Train: 32 | counts=[16, 16]
[2026-05-28 16:11:47]     Test:  8 | counts=[4, 4]
[2026-05-28 16:11:47]     Model: SignalJEPA_PreLocal | Pretrained: from_pretrained | Strategy: new
[2026-05-28 16:11:47]     Normalization: none | fit_scope=none
[2026-05-28 16:11:47]     Phase 1 (new): 2,170/16,010 params
[2026-05-28 16:11:48]     Result | best_epoch=50 | stop=50 | final_phase_epochs=50 | acc=0.6250 | bal_acc=0.6250 | pred_hist=[5, 3] | collapse=False
[2026-05-28 16:11:48]     spatial_conv=[4, 29] top_abs_channels=[('Pz', 0.18421043), ('O2', 0.13526468), ('P4', 0.13448966), ('T3', 0.12421274), ('T4', 0.11893225), ('CP4', 0.11326246), ('C3', 0.11196926), ('CP3', 0.11147279)]
[2026-05-28 16:11:48]     spatial_update=delta_l2=0.31833555 max_abs=0.05188460 relative=0.26672903 changed=True

[2026-05-28 16:11:48] Fold 5/5 | subject=3
[2026-05-28 16:11:48]     Train: 32 | counts=[16, 16]
[2026-05-28 16:11:48]     Test:  8 | counts=[4, 4]
[2026-05-28 16:11:48]     Model: SignalJEPA_PreLocal | Pretrained: from_pretrained | Strategy: new
[2026-05-28 16:11:48]     Normalization: none | fit_scope=none
[2026-05-28 16:11:48]     Phase 1 (new): 2,170/16,010 params
[2026-05-28 16:11:49]     Result | best_epoch=50 | stop=50 | final_phase_epochs=50 | acc=0.7500 | bal_acc=0.7500 | pred_hist=[4, 4] | collapse=False
[2026-05-28 16:11:49]     spatial_conv=[4, 29] top_abs_channels=[('Pz', 0.15658161), ('O2', 0.15041573), ('CP3', 0.13732323), ('T3', 0.13093446), ('T4', 0.12313693), ('O1', 0.12244922), ('C3', 0.12193413), ('Fz', 0.12025291)]
[2026-05-28 16:11:49]     spatial_update=delta_l2=0.32689495 max_abs=0.04859701 relative=0.27390083 changed=True
[2026-05-28 16:11:49]   Subject 3: acc=0.5750±0.1000  bal_acc=0.5750±0.1000
[2026-05-28 16:11:49] \nSubject 4: 40 windows | class_counts=[20, 20]

[2026-05-28 16:11:49] Fold 1/5 | subject=4
[2026-05-28 16:11:49]     Train: 32 | counts=[16, 16]
[2026-05-28 16:11:49]     Test:  8 | counts=[4, 4]
[2026-05-28 16:11:49]     Model: SignalJEPA_PreLocal | Pretrained: from_pretrained | Strategy: new
[2026-05-28 16:11:49]     Normalization: none | fit_scope=none
[2026-05-28 16:11:49]     Phase 1 (new): 2,170/16,010 params
[2026-05-28 16:11:49]     Result | best_epoch=2 | stop=11 | final_phase_epochs=11 | acc=0.5000 | bal_acc=0.5000 | pred_hist=[0, 8] | collapse=True
[2026-05-28 16:11:49]     spatial_conv=[4, 29] top_abs_channels=[('Pz', 0.15303931), ('O2', 0.14459136), ('T3', 0.12673476), ('O1', 0.12186211), ('T4', 0.12163759), ('CP3', 0.12067439), ('C3', 0.11478101), ('CP4', 0.11138312)]
[2026-05-28 16:11:49]     spatial_update=delta_l2=0.00969287 max_abs=0.00090000 relative=0.00812152 changed=True

[2026-05-28 16:11:50] Fold 2/5 | subject=4
[2026-05-28 16:11:50]     Train: 32 | counts=[16, 16]
[2026-05-28 16:11:50]     Test:  8 | counts=[4, 4]
[2026-05-28 16:11:50]     Model: SignalJEPA_PreLocal | Pretrained: from_pretrained | Strategy: new
[2026-05-28 16:11:50]     Normalization: none | fit_scope=none
[2026-05-28 16:11:50]     Phase 1 (new): 2,170/16,010 params
[2026-05-28 16:11:51]     Result | best_epoch=50 | stop=50 | final_phase_epochs=50 | acc=0.6250 | bal_acc=0.6250 | pred_hist=[3, 5] | collapse=False
[2026-05-28 16:11:51]     spatial_conv=[4, 29] top_abs_channels=[('O2', 0.15838607), ('Pz', 0.1461854), ('T3', 0.13501862), ('T4', 0.13204473), ('CP3', 0.11744994), ('P3', 0.1158711), ('T5', 0.11546586), ('C3', 0.11331388)]
[2026-05-28 16:11:51]     spatial_update=delta_l2=0.22961216 max_abs=0.04731267 relative=0.19238891 changed=True

[2026-05-28 16:11:51] Fold 3/5 | subject=4
[2026-05-28 16:11:51]     Train: 32 | counts=[16, 16]
[2026-05-28 16:11:51]     Test:  8 | counts=[4, 4]
[2026-05-28 16:11:51]     Model: SignalJEPA_PreLocal | Pretrained: from_pretrained | Strategy: new
[2026-05-28 16:11:51]     Normalization: none | fit_scope=none
[2026-05-28 16:11:51]     Phase 1 (new): 2,170/16,010 params
[2026-05-28 16:11:52]     Result | best_epoch=50 | stop=50 | final_phase_epochs=50 | acc=0.5000 | bal_acc=0.5000 | pred_hist=[2, 6] | collapse=False
[2026-05-28 16:11:52]     spatial_conv=[4, 29] top_abs_channels=[('O2', 0.15502368), ('Pz', 0.14685705), ('P3', 0.12688009), ('T4', 0.12382054), ('Fp1', 0.12235112), ('CP3', 0.11970323), ('C3', 0.11887567), ('Fz', 0.1157544)]
[2026-05-28 16:11:52]     spatial_update=delta_l2=0.21583651 max_abs=0.04289125 relative=0.18084648 changed=True

[2026-05-28 16:11:52] Fold 4/5 | subject=4
[2026-05-28 16:11:52]     Train: 32 | counts=[16, 16]
[2026-05-28 16:11:52]     Test:  8 | counts=[4, 4]
[2026-05-28 16:11:52]     Model: SignalJEPA_PreLocal | Pretrained: from_pretrained | Strategy: new
[2026-05-28 16:11:52]     Normalization: none | fit_scope=none
[2026-05-28 16:11:52]     Phase 1 (new): 2,170/16,010 params
[2026-05-28 16:11:53]     Result | best_epoch=50 | stop=50 | final_phase_epochs=50 | acc=0.6250 | bal_acc=0.6250 | pred_hist=[5, 3] | collapse=False
[2026-05-28 16:11:53]     spatial_conv=[4, 29] top_abs_channels=[('Pz', 0.15765989), ('O2', 0.15740336), ('T3', 0.13988999), ('C3', 0.12112175), ('T4', 0.11874881), ('F4', 0.11703654), ('O1', 0.11282819), ('Fp1', 0.11217831)]
[2026-05-28 16:11:53]     spatial_update=delta_l2=0.21073741 max_abs=0.04701524 relative=0.17657401 changed=True

[2026-05-28 16:11:54] Fold 5/5 | subject=4
[2026-05-28 16:11:54]     Train: 32 | counts=[16, 16]
[2026-05-28 16:11:54]     Test:  8 | counts=[4, 4]
[2026-05-28 16:11:54]     Model: SignalJEPA_PreLocal | Pretrained: from_pretrained | Strategy: new
[2026-05-28 16:11:54]     Normalization: none | fit_scope=none
[2026-05-28 16:11:54]     Phase 1 (new): 2,170/16,010 params
[2026-05-28 16:11:54]     Result | best_epoch=1 | stop=11 | final_phase_epochs=11 | acc=0.5000 | bal_acc=0.5000 | pred_hist=[0, 8] | collapse=True
[2026-05-28 16:11:54]     spatial_conv=[4, 29] top_abs_channels=[('Pz', 0.1534891), ('O2', 0.14414138), ('T3', 0.12673491), ('O1', 0.12231211), ('T4', 0.12118763), ('CP3', 0.12112439), ('C3', 0.11478087), ('Fp1', 0.11070673)]
[2026-05-28 16:11:54]     spatial_update=delta_l2=0.00969288 max_abs=0.00090000 relative=0.00812153 changed=True
[2026-05-28 16:11:54]   Subject 4: acc=0.5500±0.0612  bal_acc=0.5500±0.0612
[2026-05-28 16:11:54] \nSubject 5: 40 windows | class_counts=[20, 20]

[2026-05-28 16:11:54] Fold 1/5 | subject=5
[2026-05-28 16:11:54]     Train: 32 | counts=[16, 16]
[2026-05-28 16:11:54]     Test:  8 | counts=[4, 4]
[2026-05-28 16:11:54]     Model: SignalJEPA_PreLocal | Pretrained: from_pretrained | Strategy: new
[2026-05-28 16:11:54]     Normalization: none | fit_scope=none
[2026-05-28 16:11:54]     Phase 1 (new): 2,170/16,010 params
[2026-05-28 16:11:55]     Result | best_epoch=3 | stop=11 | final_phase_epochs=11 | acc=0.5000 | bal_acc=0.5000 | pred_hist=[0, 8] | collapse=True
[2026-05-28 16:11:55]     spatial_conv=[4, 29] top_abs_channels=[('Pz', 0.15348901), ('O2', 0.14504135), ('T3', 0.12673479), ('O1', 0.12231211), ('T4', 0.12163761), ('CP3', 0.1211244), ('C3', 0.11478102), ('CP4', 0.11048313)]
[2026-05-28 16:11:55]     spatial_update=delta_l2=0.00969298 max_abs=0.00090000 relative=0.00812161 changed=True

[2026-05-28 16:11:55] Fold 2/5 | subject=5
[2026-05-28 16:11:55]     Train: 32 | counts=[16, 16]
[2026-05-28 16:11:55]     Test:  8 | counts=[4, 4]
[2026-05-28 16:11:55]     Model: SignalJEPA_PreLocal | Pretrained: from_pretrained | Strategy: new
[2026-05-28 16:11:55]     Normalization: none | fit_scope=none
[2026-05-28 16:11:55]     Phase 1 (new): 2,170/16,010 params
[2026-05-28 16:11:55]     Result | best_epoch=1 | stop=11 | final_phase_epochs=11 | acc=0.5000 | bal_acc=0.5000 | pred_hist=[0, 8] | collapse=True
[2026-05-28 16:11:55]     spatial_conv=[4, 29] top_abs_channels=[('Pz', 0.15348899), ('O2', 0.14459144), ('T3', 0.12673478), ('O1', 0.12231213), ('T4', 0.12163761), ('CP3', 0.12112437), ('C3', 0.1147809), ('CP4', 0.11093309)]
[2026-05-28 16:11:55]     spatial_update=delta_l2=0.00969291 max_abs=0.00090000 relative=0.00812156 changed=True

[2026-05-28 16:11:56] Fold 3/5 | subject=5
[2026-05-28 16:11:56]     Train: 32 | counts=[16, 16]
[2026-05-28 16:11:56]     Test:  8 | counts=[4, 4]
[2026-05-28 16:11:56]     Model: SignalJEPA_PreLocal | Pretrained: from_pretrained | Strategy: new
[2026-05-28 16:11:56]     Normalization: none | fit_scope=none
[2026-05-28 16:11:56]     Phase 1 (new): 2,170/16,010 params
[2026-05-28 16:11:56]     Result | best_epoch=28 | stop=38 | final_phase_epochs=38 | acc=0.3750 | bal_acc=0.3750 | pred_hist=[1, 7] | collapse=False
[2026-05-28 16:11:56]     spatial_conv=[4, 29] top_abs_channels=[('O2', 0.15312703), ('Pz', 0.15015867), ('T4', 0.12817961), ('T3', 0.12264892), ('CP3', 0.12138057), ('O1', 0.11615095), ('Fz', 0.10926093), ('FCz', 0.10806569)]
[2026-05-28 16:11:56]     spatial_update=delta_l2=0.16846984 max_abs=0.02606174 relative=0.14115859 changed=True

[2026-05-28 16:11:57] Fold 4/5 | subject=5
[2026-05-28 16:11:57]     Train: 32 | counts=[16, 16]
[2026-05-28 16:11:57]     Test:  8 | counts=[4, 4]
[2026-05-28 16:11:57]     Model: SignalJEPA_PreLocal | Pretrained: from_pretrained | Strategy: new
[2026-05-28 16:11:57]     Normalization: none | fit_scope=none
[2026-05-28 16:11:57]     Phase 1 (new): 2,170/16,010 params
[2026-05-28 16:11:58]     Result | best_epoch=28 | stop=37 | final_phase_epochs=37 | acc=0.5000 | bal_acc=0.5000 | pred_hist=[2, 6] | collapse=False
[2026-05-28 16:11:58]     spatial_conv=[4, 29] top_abs_channels=[('O2', 0.15520009), ('Pz', 0.14432725), ('T4', 0.13166538), ('O1', 0.1296348), ('T3', 0.12174684), ('C3', 0.11663483), ('CP3', 0.11150467), ('CP4', 0.10964084)]
[2026-05-28 16:11:58]     spatial_update=delta_l2=0.17120252 max_abs=0.02511808 relative=0.14344826 changed=True

[2026-05-28 16:11:58] Fold 5/5 | subject=5
[2026-05-28 16:11:58]     Train: 32 | counts=[16, 16]
[2026-05-28 16:11:58]     Test:  8 | counts=[4, 4]
[2026-05-28 16:11:58]     Model: SignalJEPA_PreLocal | Pretrained: from_pretrained | Strategy: new
[2026-05-28 16:11:58]     Normalization: none | fit_scope=none
[2026-05-28 16:11:58]     Phase 1 (new): 2,170/16,010 params
[2026-05-28 16:11:58]     Result | best_epoch=4 | stop=11 | final_phase_epochs=11 | acc=0.5000 | bal_acc=0.5000 | pred_hist=[0, 8] | collapse=True
[2026-05-28 16:11:58]     spatial_conv=[4, 29] top_abs_channels=[('Pz', 0.15303901), ('O2', 0.14459138), ('T3', 0.12673478), ('O1', 0.12231211), ('T4', 0.12208759), ('CP3', 0.12157439), ('C3', 0.11568151), ('CP4', 0.11003315)]
[2026-05-28 16:11:58]     spatial_update=delta_l2=0.00967945 max_abs=0.00090000 relative=0.00811028 changed=True
[2026-05-28 16:11:58]   Subject 5: acc=0.4750±0.0500  bal_acc=0.4750±0.0500
[2026-05-28 16:11:58] \nSubject 6: 40 windows | class_counts=[20, 20]

[2026-05-28 16:11:59] Fold 1/5 | subject=6
[2026-05-28 16:11:59]     Train: 32 | counts=[16, 16]
[2026-05-28 16:11:59]     Test:  8 | counts=[4, 4]
[2026-05-28 16:11:59]     Model: SignalJEPA_PreLocal | Pretrained: from_pretrained | Strategy: new
[2026-05-28 16:11:59]     Normalization: none | fit_scope=none
[2026-05-28 16:11:59]     Phase 1 (new): 2,170/16,010 params
[2026-05-28 16:11:59]     Result | best_epoch=28 | stop=38 | final_phase_epochs=38 | acc=0.6250 | bal_acc=0.6250 | pred_hist=[5, 3] | collapse=False
[2026-05-28 16:11:59]     spatial_conv=[4, 29] top_abs_channels=[('Pz', 0.15413322), ('O2', 0.14627245), ('T3', 0.13649973), ('T4', 0.12417093), ('P4', 0.12108675), ('CP3', 0.12089049), ('O1', 0.11936101), ('C3', 0.11374007)]
[2026-05-28 16:11:59]     spatial_update=delta_l2=0.17610662 max_abs=0.02589163 relative=0.14755735 changed=True

[2026-05-28 16:12:00] Fold 2/5 | subject=6
[2026-05-28 16:12:00]     Train: 32 | counts=[16, 16]
[2026-05-28 16:12:00]     Test:  8 | counts=[4, 4]
[2026-05-28 16:12:00]     Model: SignalJEPA_PreLocal | Pretrained: from_pretrained | Strategy: new
[2026-05-28 16:12:00]     Normalization: none | fit_scope=none
[2026-05-28 16:12:00]     Phase 1 (new): 2,170/16,010 params
[2026-05-28 16:12:00]     Result | best_epoch=50 | stop=50 | final_phase_epochs=50 | acc=0.3750 | bal_acc=0.3750 | pred_hist=[5, 3] | collapse=False
[2026-05-28 16:12:00]     spatial_conv=[4, 29] top_abs_channels=[('O2', 0.15096685), ('Pz', 0.14251222), ('T3', 0.13412663), ('O1', 0.12280464), ('Fp1', 0.12133005), ('CP3', 0.12091987), ('C3', 0.11917253), ('Fz', 0.11377528)]
[2026-05-28 16:12:00]     spatial_update=delta_l2=0.25021956 max_abs=0.04798666 relative=0.20965556 changed=True

[2026-05-28 16:12:01] Fold 3/5 | subject=6
[2026-05-28 16:12:01]     Train: 32 | counts=[16, 16]
[2026-05-28 16:12:01]     Test:  8 | counts=[4, 4]
[2026-05-28 16:12:01]     Model: SignalJEPA_PreLocal | Pretrained: from_pretrained | Strategy: new
[2026-05-28 16:12:01]     Normalization: none | fit_scope=none
[2026-05-28 16:12:01]     Phase 1 (new): 2,170/16,010 params
[2026-05-28 16:12:01]     Result | best_epoch=1 | stop=11 | final_phase_epochs=11 | acc=0.3750 | bal_acc=0.3750 | pred_hist=[1, 7] | collapse=False
[2026-05-28 16:12:01]     spatial_conv=[4, 29] top_abs_channels=[('Pz', 0.15303898), ('O2', 0.14414138), ('T3', 0.12673481), ('O1', 0.12231212), ('T4', 0.12163761), ('CP3', 0.12157438), ('C3', 0.1152309), ('CP4', 0.11048333)]
[2026-05-28 16:12:01]     spatial_update=delta_l2=0.00969245 max_abs=0.00090000 relative=0.00812117 changed=True

[2026-05-28 16:12:02] Fold 4/5 | subject=6
[2026-05-28 16:12:02]     Train: 32 | counts=[16, 16]
[2026-05-28 16:12:02]     Test:  8 | counts=[4, 4]
[2026-05-28 16:12:02]     Model: SignalJEPA_PreLocal | Pretrained: from_pretrained | Strategy: new
[2026-05-28 16:12:02]     Normalization: none | fit_scope=none
[2026-05-28 16:12:02]     Phase 1 (new): 2,170/16,010 params
[2026-05-28 16:12:02]     Result | best_epoch=16 | stop=24 | final_phase_epochs=24 | acc=0.2500 | bal_acc=0.2500 | pred_hist=[2, 6] | collapse=False
[2026-05-28 16:12:02]     spatial_conv=[4, 29] top_abs_channels=[('Pz', 0.15358964), ('O2', 0.14551385), ('T3', 0.12687208), ('CP3', 0.12284231), ('O1', 0.12176019), ('T4', 0.11937643), ('C3', 0.11432406), ('P4', 0.11197079)]
[2026-05-28 16:12:02]     spatial_update=delta_l2=0.09017663 max_abs=0.01261503 relative=0.07555777 changed=True

[2026-05-28 16:12:03] Fold 5/5 | subject=6
[2026-05-28 16:12:03]     Train: 32 | counts=[16, 16]
[2026-05-28 16:12:03]     Test:  8 | counts=[4, 4]
[2026-05-28 16:12:03]     Model: SignalJEPA_PreLocal | Pretrained: from_pretrained | Strategy: new
[2026-05-28 16:12:03]     Normalization: none | fit_scope=none
[2026-05-28 16:12:03]     Phase 1 (new): 2,170/16,010 params
[2026-05-28 16:12:03]     Result | best_epoch=50 | stop=50 | final_phase_epochs=50 | acc=0.2500 | bal_acc=0.2500 | pred_hist=[6, 2] | collapse=False
[2026-05-28 16:12:03]     spatial_conv=[4, 29] top_abs_channels=[('O2', 0.15727332), ('Pz', 0.13852671), ('CP3', 0.12820175), ('T3', 0.12764221), ('O1', 0.12652138), ('Fp1', 0.1243013), ('Fz', 0.11977539), ('T4', 0.1193334)]
[2026-05-28 16:12:03]     spatial_update=delta_l2=0.28138513 max_abs=0.05057225 relative=0.23576877 changed=True
[2026-05-28 16:12:03]   Subject 6: acc=0.3750±0.1369  bal_acc=0.3750±0.1369
[2026-05-28 16:12:03] \nSubject 7: 40 windows | class_counts=[20, 20]

[2026-05-28 16:12:04] Fold 1/5 | subject=7
[2026-05-28 16:12:04]     Train: 32 | counts=[16, 16]
[2026-05-28 16:12:04]     Test:  8 | counts=[4, 4]
[2026-05-28 16:12:04]     Model: SignalJEPA_PreLocal | Pretrained: from_pretrained | Strategy: new
[2026-05-28 16:12:04]     Normalization: none | fit_scope=none
[2026-05-28 16:12:04]     Phase 1 (new): 2,170/16,010 params
[2026-05-28 16:12:04]     Result | best_epoch=50 | stop=50 | final_phase_epochs=50 | acc=0.8750 | bal_acc=0.8750 | pred_hist=[3, 5] | collapse=False
[2026-05-28 16:12:04]     spatial_conv=[4, 29] top_abs_channels=[('Pz', 0.16463879), ('CP4', 0.13183954), ('O2', 0.12920272), ('Fp1', 0.12717256), ('CP3', 0.12077399), ('Fz', 0.11896479), ('T4', 0.11765961), ('O1', 0.11130349)]
[2026-05-28 16:12:04]     spatial_update=delta_l2=0.27825032 max_abs=0.04793084 relative=0.23314216 changed=True

[2026-05-28 16:12:05] Fold 2/5 | subject=7
[2026-05-28 16:12:05]     Train: 32 | counts=[16, 16]
[2026-05-28 16:12:05]     Test:  8 | counts=[4, 4]
[2026-05-28 16:12:05]     Model: SignalJEPA_PreLocal | Pretrained: from_pretrained | Strategy: new
[2026-05-28 16:12:05]     Normalization: none | fit_scope=none
[2026-05-28 16:12:05]     Phase 1 (new): 2,170/16,010 params
[2026-05-28 16:12:06]     Result | best_epoch=50 | stop=50 | final_phase_epochs=50 | acc=0.2500 | bal_acc=0.2500 | pred_hist=[6, 2] | collapse=False
[2026-05-28 16:12:06]     spatial_conv=[4, 29] top_abs_channels=[('Pz', 0.15332775), ('O2', 0.13663143), ('CP4', 0.12456994), ('O1', 0.11948841), ('C3', 0.11723638), ('CP3', 0.11347114), ('Fp1', 0.11083283), ('Fz', 0.11074483)]
[2026-05-28 16:12:06]     spatial_update=delta_l2=0.29416161 max_abs=0.04779592 relative=0.24647401 changed=True

[2026-05-28 16:12:06] Fold 3/5 | subject=7
[2026-05-28 16:12:06]     Train: 32 | counts=[16, 16]
[2026-05-28 16:12:06]     Test:  8 | counts=[4, 4]
[2026-05-28 16:12:06]     Model: SignalJEPA_PreLocal | Pretrained: from_pretrained | Strategy: new
[2026-05-28 16:12:06]     Normalization: none | fit_scope=none
[2026-05-28 16:12:06]     Phase 1 (new): 2,170/16,010 params
[2026-05-28 16:12:07]     Result | best_epoch=50 | stop=50 | final_phase_epochs=50 | acc=0.6250 | bal_acc=0.6250 | pred_hist=[3, 5] | collapse=False
[2026-05-28 16:12:07]     spatial_conv=[4, 29] top_abs_channels=[('Pz', 0.15788904), ('CP4', 0.14158769), ('O2', 0.13861902), ('O1', 0.12887545), ('C3', 0.1220709), ('Fz', 0.11550429), ('Fp1', 0.11385261), ('CP3', 0.11289281)]
[2026-05-28 16:12:07]     spatial_update=delta_l2=0.27521518 max_abs=0.04948804 relative=0.23059906 changed=True

[2026-05-28 16:12:07] Fold 4/5 | subject=7
[2026-05-28 16:12:07]     Train: 32 | counts=[16, 16]
[2026-05-28 16:12:07]     Test:  8 | counts=[4, 4]
[2026-05-28 16:12:07]     Model: SignalJEPA_PreLocal | Pretrained: from_pretrained | Strategy: new
[2026-05-28 16:12:07]     Normalization: none | fit_scope=none
[2026-05-28 16:12:07]     Phase 1 (new): 2,170/16,010 params
[2026-05-28 16:12:08]     Result | best_epoch=50 | stop=50 | final_phase_epochs=50 | acc=0.6250 | bal_acc=0.6250 | pred_hist=[3, 5] | collapse=False
[2026-05-28 16:12:08]     spatial_conv=[4, 29] top_abs_channels=[('Pz', 0.1593498), ('O2', 0.13102756), ('Fp1', 0.13077599), ('CP3', 0.12937073), ('T4', 0.12556565), ('CP4', 0.12424883), ('C3', 0.12282729), ('P4', 0.11872661)]
[2026-05-28 16:12:08]     spatial_update=delta_l2=0.27178437 max_abs=0.04709339 relative=0.22772443 changed=True

[2026-05-28 16:12:09] Fold 5/5 | subject=7
[2026-05-28 16:12:09]     Train: 32 | counts=[16, 16]
[2026-05-28 16:12:09]     Test:  8 | counts=[4, 4]
[2026-05-28 16:12:09]     Model: SignalJEPA_PreLocal | Pretrained: from_pretrained | Strategy: new
[2026-05-28 16:12:09]     Normalization: none | fit_scope=none
[2026-05-28 16:12:09]     Phase 1 (new): 2,170/16,010 params
[2026-05-28 16:12:09]     Result | best_epoch=50 | stop=50 | final_phase_epochs=50 | acc=0.5000 | bal_acc=0.5000 | pred_hist=[2, 6] | collapse=False
[2026-05-28 16:12:09]     spatial_conv=[4, 29] top_abs_channels=[('Pz', 0.17259215), ('CP4', 0.13212003), ('O2', 0.12582982), ('Fp1', 0.12106785), ('CP3', 0.11938187), ('FT8', 0.11600422), ('O1', 0.11034245), ('F3', 0.10918924)]
[2026-05-28 16:12:09]     spatial_update=delta_l2=0.29501373 max_abs=0.05149186 relative=0.24718800 changed=True
[2026-05-28 16:12:09]   Subject 7: acc=0.5750±0.2031  bal_acc=0.5750±0.2031
[2026-05-28 16:12:09] \nSubject 8: 40 windows | class_counts=[20, 20]

[2026-05-28 16:12:10] Fold 1/5 | subject=8
[2026-05-28 16:12:10]     Train: 32 | counts=[16, 16]
[2026-05-28 16:12:10]     Test:  8 | counts=[4, 4]
[2026-05-28 16:12:10]     Model: SignalJEPA_PreLocal | Pretrained: from_pretrained | Strategy: new
[2026-05-28 16:12:10]     Normalization: none | fit_scope=none
[2026-05-28 16:12:10]     Phase 1 (new): 2,170/16,010 params
[2026-05-28 16:12:10]     Result | best_epoch=50 | stop=50 | final_phase_epochs=50 | acc=0.6250 | bal_acc=0.6250 | pred_hist=[5, 3] | collapse=False
[2026-05-28 16:12:10]     spatial_conv=[4, 29] top_abs_channels=[('Pz', 0.14583066), ('O2', 0.14288494), ('C3', 0.13389929), ('CP3', 0.12870848), ('O1', 0.12279801), ('P4', 0.12085419), ('TP8', 0.12027719), ('CP4', 0.11331994)]
[2026-05-28 16:12:10]     spatial_update=delta_l2=0.27318041 max_abs=0.05049106 relative=0.22889415 changed=True

[2026-05-28 16:12:11] Fold 2/5 | subject=8
[2026-05-28 16:12:11]     Train: 32 | counts=[16, 16]
[2026-05-28 16:12:11]     Test:  8 | counts=[4, 4]
[2026-05-28 16:12:11]     Model: SignalJEPA_PreLocal | Pretrained: from_pretrained | Strategy: new
[2026-05-28 16:12:11]     Normalization: none | fit_scope=none
[2026-05-28 16:12:11]     Phase 1 (new): 2,170/16,010 params
[2026-05-28 16:12:12]     Result | best_epoch=36 | stop=46 | final_phase_epochs=46 | acc=0.7500 | bal_acc=0.7500 | pred_hist=[4, 4] | collapse=False
[2026-05-28 16:12:12]     spatial_conv=[4, 29] top_abs_channels=[('Pz', 0.14720283), ('O2', 0.1366978), ('T4', 0.12862179), ('O1', 0.12653303), ('CP4', 0.12564357), ('T3', 0.12535697), ('C3', 0.12476142), ('CP3', 0.11804763)]
[2026-05-28 16:12:12]     spatial_update=delta_l2=0.21241658 max_abs=0.03416314 relative=0.17798096 changed=True

[2026-05-28 16:12:12] Fold 3/5 | subject=8
[2026-05-28 16:12:12]     Train: 32 | counts=[16, 16]
[2026-05-28 16:12:12]     Test:  8 | counts=[4, 4]
[2026-05-28 16:12:12]     Model: SignalJEPA_PreLocal | Pretrained: from_pretrained | Strategy: new
[2026-05-28 16:12:12]     Normalization: none | fit_scope=none
[2026-05-28 16:12:12]     Phase 1 (new): 2,170/16,010 params
[2026-05-28 16:12:12]     Result | best_epoch=2 | stop=11 | final_phase_epochs=11 | acc=0.5000 | bal_acc=0.5000 | pred_hist=[0, 8] | collapse=True
[2026-05-28 16:12:12]     spatial_conv=[4, 29] top_abs_channels=[('Pz', 0.15258902), ('O2', 0.14369138), ('T3', 0.12718478), ('O1', 0.12276212), ('T4', 0.1216376), ('CP3', 0.12112439), ('C3', 0.1152309), ('CP4', 0.11093316)]
[2026-05-28 16:12:12]     spatial_update=delta_l2=0.00969222 max_abs=0.00090000 relative=0.00812098 changed=True

[2026-05-28 16:12:13] Fold 4/5 | subject=8
[2026-05-28 16:12:13]     Train: 32 | counts=[16, 16]
[2026-05-28 16:12:13]     Test:  8 | counts=[4, 4]
[2026-05-28 16:12:13]     Model: SignalJEPA_PreLocal | Pretrained: from_pretrained | Strategy: new
[2026-05-28 16:12:13]     Normalization: none | fit_scope=none
[2026-05-28 16:12:13]     Phase 1 (new): 2,170/16,010 params
[2026-05-28 16:12:13]     Result | best_epoch=2 | stop=12 | final_phase_epochs=12 | acc=0.5000 | bal_acc=0.5000 | pred_hist=[0, 8] | collapse=True
[2026-05-28 16:12:13]     spatial_conv=[4, 29] top_abs_channels=[('Pz', 0.15249638), ('O2', 0.14314045), ('T3', 0.12664539), ('O1', 0.12301804), ('T4', 0.12177064), ('CP3', 0.12123462), ('C3', 0.11502242), ('CP4', 0.11126675)]
[2026-05-28 16:12:13]     spatial_update=delta_l2=0.01663483 max_abs=0.00180120 relative=0.01393810 changed=True

[2026-05-28 16:12:14] Fold 5/5 | subject=8
[2026-05-28 16:12:14]     Train: 32 | counts=[16, 16]
[2026-05-28 16:12:14]     Test:  8 | counts=[4, 4]
[2026-05-28 16:12:14]     Model: SignalJEPA_PreLocal | Pretrained: from_pretrained | Strategy: new
[2026-05-28 16:12:14]     Normalization: none | fit_scope=none
[2026-05-28 16:12:14]     Phase 1 (new): 2,170/16,010 params
[2026-05-28 16:12:14]     Result | best_epoch=50 | stop=50 | final_phase_epochs=50 | acc=0.5000 | bal_acc=0.5000 | pred_hist=[6, 2] | collapse=False
[2026-05-28 16:12:14]     spatial_conv=[4, 29] top_abs_channels=[('Pz', 0.15105583), ('O2', 0.13360095), ('C3', 0.13335963), ('CP3', 0.13212225), ('CP4', 0.12822028), ('T4', 0.12654242), ('O1', 0.12099176), ('T3', 0.11278459)]
[2026-05-28 16:12:14]     spatial_update=delta_l2=0.28021006 max_abs=0.04912186 relative=0.23478420 changed=True
[2026-05-28 16:12:14]   Subject 8: acc=0.5750±0.1000  bal_acc=0.5750±0.1000
[2026-05-28 16:12:14] \nSubject 9: 40 windows | class_counts=[20, 20]

[2026-05-28 16:12:15] Fold 1/5 | subject=9
[2026-05-28 16:12:15]     Train: 32 | counts=[16, 16]
[2026-05-28 16:12:15]     Test:  8 | counts=[4, 4]
[2026-05-28 16:12:15]     Model: SignalJEPA_PreLocal | Pretrained: from_pretrained | Strategy: new
[2026-05-28 16:12:15]     Normalization: none | fit_scope=none
[2026-05-28 16:12:15]     Phase 1 (new): 2,170/16,010 params
[2026-05-28 16:12:15]     Result | best_epoch=23 | stop=33 | final_phase_epochs=33 | acc=0.6250 | bal_acc=0.6250 | pred_hist=[1, 7] | collapse=False
[2026-05-28 16:12:15]     spatial_conv=[4, 29] top_abs_channels=[('Pz', 0.15136027), ('O2', 0.15107127), ('CP3', 0.12412946), ('T4', 0.12074846), ('CP4', 0.1184653), ('O1', 0.11833583), ('T3', 0.11819889), ('C3', 0.11127124)]
[2026-05-28 16:12:15]     spatial_update=delta_l2=0.13749206 max_abs=0.02086747 relative=0.11520273 changed=True

[2026-05-28 16:12:16] Fold 2/5 | subject=9
[2026-05-28 16:12:16]     Train: 32 | counts=[16, 16]
[2026-05-28 16:12:16]     Test:  8 | counts=[4, 4]
[2026-05-28 16:12:16]     Model: SignalJEPA_PreLocal | Pretrained: from_pretrained | Strategy: new
[2026-05-28 16:12:16]     Normalization: none | fit_scope=none
[2026-05-28 16:12:16]     Phase 1 (new): 2,170/16,010 params
[2026-05-28 16:12:17]     Result | best_epoch=49 | stop=50 | final_phase_epochs=50 | acc=0.5000 | bal_acc=0.5000 | pred_hist=[4, 4] | collapse=False
[2026-05-28 16:12:17]     spatial_conv=[4, 29] top_abs_channels=[('O2', 0.15082367), ('T3', 0.14689183), ('Pz', 0.14053206), ('CP3', 0.12859997), ('T4', 0.11858991), ('C3', 0.11221948), ('O1', 0.10972212), ('P4', 0.10906941)]
[2026-05-28 16:12:17]     spatial_update=delta_l2=0.24564700 max_abs=0.04497103 relative=0.20582428 changed=True

[2026-05-28 16:12:17] Fold 3/5 | subject=9
[2026-05-28 16:12:17]     Train: 32 | counts=[16, 16]
[2026-05-28 16:12:17]     Test:  8 | counts=[4, 4]
[2026-05-28 16:12:17]     Model: SignalJEPA_PreLocal | Pretrained: from_pretrained | Strategy: new
[2026-05-28 16:12:17]     Normalization: none | fit_scope=none
[2026-05-28 16:12:17]     Phase 1 (new): 2,170/16,010 params
[2026-05-28 16:12:18]     Result | best_epoch=50 | stop=50 | final_phase_epochs=50 | acc=0.6250 | bal_acc=0.6250 | pred_hist=[3, 5] | collapse=False
[2026-05-28 16:12:18]     spatial_conv=[4, 29] top_abs_channels=[('O2', 0.15881203), ('T3', 0.15526204), ('CP3', 0.12719218), ('T4', 0.12671028), ('Pz', 0.12661807), ('FCz', 0.11099285), ('CP4', 0.11059511), ('P4', 0.10857189)]
[2026-05-28 16:12:18]     spatial_update=delta_l2=0.24406652 max_abs=0.04515708 relative=0.20450002 changed=True

[2026-05-28 16:12:18] Fold 4/5 | subject=9
[2026-05-28 16:12:18]     Train: 32 | counts=[16, 16]
[2026-05-28 16:12:18]     Test:  8 | counts=[4, 4]
[2026-05-28 16:12:18]     Model: SignalJEPA_PreLocal | Pretrained: from_pretrained | Strategy: new
[2026-05-28 16:12:18]     Normalization: none | fit_scope=none
[2026-05-28 16:12:18]     Phase 1 (new): 2,170/16,010 params
[2026-05-28 16:12:18]     Result | best_epoch=9 | stop=18 | final_phase_epochs=18 | acc=0.5000 | bal_acc=0.5000 | pred_hist=[0, 8] | collapse=True
[2026-05-28 16:12:18]     spatial_conv=[4, 29] top_abs_channels=[('Pz', 0.15404901), ('O2', 0.1459575), ('T3', 0.1245808), ('CP3', 0.12335558), ('O1', 0.12255163), ('T4', 0.12241433), ('C3', 0.115843), ('CP4', 0.11281347)]
[2026-05-28 16:12:18]     spatial_update=delta_l2=0.05218052 max_abs=0.00709622 relative=0.04372135 changed=True

[2026-05-28 16:12:19] Fold 5/5 | subject=9
[2026-05-28 16:12:19]     Train: 32 | counts=[16, 16]
[2026-05-28 16:12:19]     Test:  8 | counts=[4, 4]
[2026-05-28 16:12:19]     Model: SignalJEPA_PreLocal | Pretrained: from_pretrained | Strategy: new
[2026-05-28 16:12:19]     Normalization: none | fit_scope=none
[2026-05-28 16:12:19]     Phase 1 (new): 2,170/16,010 params
[2026-05-28 16:12:20]     Result | best_epoch=50 | stop=50 | final_phase_epochs=50 | acc=0.2500 | bal_acc=0.2500 | pred_hist=[4, 4] | collapse=False
[2026-05-28 16:12:20]     spatial_conv=[4, 29] top_abs_channels=[('O2', 0.15369934), ('Pz', 0.15332523), ('T3', 0.13338782), ('CP3', 0.12991804), ('T4', 0.12728444), ('C3', 0.11707997), ('P4', 0.11584779), ('O1', 0.11314938)]
[2026-05-28 16:12:20]     spatial_update=delta_l2=0.26808137 max_abs=0.04703278 relative=0.22462174 changed=True
[2026-05-28 16:12:20]   Subject 9: acc=0.5000±0.1369  bal_acc=0.5000±0.1369
[2026-05-28 16:12:20] \nSubject 10: 40 windows | class_counts=[20, 20]

[2026-05-28 16:12:20] Fold 1/5 | subject=10
[2026-05-28 16:12:20]     Train: 32 | counts=[16, 16]
[2026-05-28 16:12:20]     Test:  8 | counts=[4, 4]
[2026-05-28 16:12:20]     Model: SignalJEPA_PreLocal | Pretrained: from_pretrained | Strategy: new
[2026-05-28 16:12:20]     Normalization: none | fit_scope=none
[2026-05-28 16:12:20]     Phase 1 (new): 2,170/16,010 params
[2026-05-28 16:12:20]     Result | best_epoch=1 | stop=11 | final_phase_epochs=11 | acc=0.5000 | bal_acc=0.5000 | pred_hist=[0, 8] | collapse=True
[2026-05-28 16:12:20]     spatial_conv=[4, 29] top_abs_channels=[('Pz', 0.15348899), ('O2', 0.1436913), ('T3', 0.12673481), ('O1', 0.12186214), ('T4', 0.12163739), ('CP3', 0.1211244), ('C3', 0.1152309), ('CP4', 0.11138312)]
[2026-05-28 16:12:20]     spatial_update=delta_l2=0.00969299 max_abs=0.00090000 relative=0.00812163 changed=True

[2026-05-28 16:12:21] Fold 2/5 | subject=10
[2026-05-28 16:12:21]     Train: 32 | counts=[16, 16]
[2026-05-28 16:12:21]     Test:  8 | counts=[4, 4]
[2026-05-28 16:12:21]     Model: SignalJEPA_PreLocal | Pretrained: from_pretrained | Strategy: new
[2026-05-28 16:12:21]     Normalization: none | fit_scope=none
[2026-05-28 16:12:21]     Phase 1 (new): 2,170/16,010 params
[2026-05-28 16:12:21]     Result | best_epoch=3 | stop=13 | final_phase_epochs=13 | acc=0.5000 | bal_acc=0.5000 | pred_hist=[0, 8] | collapse=True
[2026-05-28 16:12:21]     spatial_conv=[4, 29] top_abs_channels=[('Pz', 0.15241596), ('O2', 0.1424614), ('T3', 0.12689988), ('O1', 0.12241413), ('CP3', 0.12225138), ('T4', 0.12102515), ('C3', 0.1153269), ('CP4', 0.11209208)]
[2026-05-28 16:12:21]     spatial_update=delta_l2=0.02128849 max_abs=0.00269892 relative=0.01783734 changed=True

[2026-05-28 16:12:22] Fold 3/5 | subject=10
[2026-05-28 16:12:22]     Train: 32 | counts=[16, 16]
[2026-05-28 16:12:22]     Test:  8 | counts=[4, 4]
[2026-05-28 16:12:22]     Model: SignalJEPA_PreLocal | Pretrained: from_pretrained | Strategy: new
[2026-05-28 16:12:22]     Normalization: none | fit_scope=none
[2026-05-28 16:12:22]     Phase 1 (new): 2,170/16,010 params
[2026-05-28 16:12:22]     Result | best_epoch=50 | stop=50 | final_phase_epochs=50 | acc=0.3750 | bal_acc=0.3750 | pred_hist=[5, 3] | collapse=False
[2026-05-28 16:12:22]     spatial_conv=[4, 29] top_abs_channels=[('CP3', 0.1525553), ('Pz', 0.14542286), ('O2', 0.14190112), ('O1', 0.13492994), ('P3', 0.12681019), ('T3', 0.12626295), ('T4', 0.12419245), ('Fz', 0.11509193)]
[2026-05-28 16:12:22]     spatial_update=delta_l2=0.25487307 max_abs=0.04745920 relative=0.21355468 changed=True

[2026-05-28 16:12:23] Fold 4/5 | subject=10
[2026-05-28 16:12:23]     Train: 32 | counts=[16, 16]
[2026-05-28 16:12:23]     Test:  8 | counts=[4, 4]
[2026-05-28 16:12:23]     Model: SignalJEPA_PreLocal | Pretrained: from_pretrained | Strategy: new
[2026-05-28 16:12:23]     Normalization: none | fit_scope=none
[2026-05-28 16:12:23]     Phase 1 (new): 2,170/16,010 params
[2026-05-28 16:12:24]     Result | best_epoch=50 | stop=50 | final_phase_epochs=50 | acc=0.5000 | bal_acc=0.5000 | pred_hist=[2, 6] | collapse=False
[2026-05-28 16:12:24]     spatial_conv=[4, 29] top_abs_channels=[('Pz', 0.14466071), ('CP3', 0.13587677), ('O2', 0.1277353), ('T4', 0.12424605), ('T3', 0.1227576), ('T5', 0.1227266), ('O1', 0.11801034), ('CP4', 0.11528691)]
[2026-05-28 16:12:24]     spatial_update=delta_l2=0.25144550 max_abs=0.04715532 relative=0.21068276 changed=True

[2026-05-28 16:12:24] Fold 5/5 | subject=10
[2026-05-28 16:12:24]     Train: 32 | counts=[16, 16]
[2026-05-28 16:12:24]     Test:  8 | counts=[4, 4]
[2026-05-28 16:12:24]     Model: SignalJEPA_PreLocal | Pretrained: from_pretrained | Strategy: new
[2026-05-28 16:12:24]     Normalization: none | fit_scope=none
[2026-05-28 16:12:24]     Phase 1 (new): 2,170/16,010 params
[2026-05-28 16:12:25]     Result | best_epoch=23 | stop=33 | final_phase_epochs=33 | acc=0.3750 | bal_acc=0.3750 | pred_hist=[1, 7] | collapse=False
[2026-05-28 16:12:25]     spatial_conv=[4, 29] top_abs_channels=[('Pz', 0.14831963), ('O2', 0.14127883), ('CP3', 0.1303643), ('T3', 0.12979876), ('T4', 0.1235317), ('CP4', 0.11954802), ('O1', 0.11670737), ('C3', 0.11200234)]
[2026-05-28 16:12:25]     spatial_update=delta_l2=0.12605659 max_abs=0.02068510 relative=0.10562110 changed=True
[2026-05-28 16:12:25]   Subject 10: acc=0.4500±0.0612  bal_acc=0.4500±0.0612
[2026-05-28 16:12:25] \nSubject 11: 40 windows | class_counts=[20, 20]

[2026-05-28 16:12:25] Fold 1/5 | subject=11
[2026-05-28 16:12:25]     Train: 32 | counts=[16, 16]
[2026-05-28 16:12:25]     Test:  8 | counts=[4, 4]
[2026-05-28 16:12:25]     Model: SignalJEPA_PreLocal | Pretrained: from_pretrained | Strategy: new
[2026-05-28 16:12:25]     Normalization: none | fit_scope=none
[2026-05-28 16:12:25]     Phase 1 (new): 2,170/16,010 params
[2026-05-28 16:12:25]     Result | best_epoch=1 | stop=11 | final_phase_epochs=11 | acc=0.5000 | bal_acc=0.5000 | pred_hist=[0, 8] | collapse=True
[2026-05-28 16:12:25]     spatial_conv=[4, 29] top_abs_channels=[('Pz', 0.15303901), ('O2', 0.1445913), ('T3', 0.1271847), ('T4', 0.12253757), ('O1', 0.12186211), ('CP3', 0.12157439), ('C3', 0.1152309), ('CP4', 0.11093312)]
[2026-05-28 16:12:25]     spatial_update=delta_l2=0.00969289 max_abs=0.00090000 relative=0.00812154 changed=True

[2026-05-28 16:12:26] Fold 2/5 | subject=11
[2026-05-28 16:12:26]     Train: 32 | counts=[16, 16]
[2026-05-28 16:12:26]     Test:  8 | counts=[4, 4]
[2026-05-28 16:12:26]     Model: SignalJEPA_PreLocal | Pretrained: from_pretrained | Strategy: new
[2026-05-28 16:12:26]     Normalization: none | fit_scope=none
[2026-05-28 16:12:26]     Phase 1 (new): 2,170/16,010 params
[2026-05-28 16:12:26]     Result | best_epoch=4 | stop=13 | final_phase_epochs=13 | acc=0.5000 | bal_acc=0.5000 | pred_hist=[0, 8] | collapse=True
[2026-05-28 16:12:26]     spatial_conv=[4, 29] top_abs_channels=[('Pz', 0.15310258), ('O2', 0.14346986), ('T3', 0.12856767), ('T4', 0.12209898), ('CP3', 0.12099485), ('O1', 0.12083453), ('C3', 0.11528578), ('CP4', 0.10972891)]
[2026-05-28 16:12:26]     spatial_update=delta_l2=0.02464543 max_abs=0.00270383 relative=0.02065007 changed=True

[2026-05-28 16:12:27] Fold 3/5 | subject=11
[2026-05-28 16:12:27]     Train: 32 | counts=[16, 16]
[2026-05-28 16:12:27]     Test:  8 | counts=[4, 4]
[2026-05-28 16:12:27]     Model: SignalJEPA_PreLocal | Pretrained: from_pretrained | Strategy: new
[2026-05-28 16:12:27]     Normalization: none | fit_scope=none
[2026-05-28 16:12:27]     Phase 1 (new): 2,170/16,010 params
[2026-05-28 16:12:27]     Result | best_epoch=12 | stop=21 | final_phase_epochs=21 | acc=0.5000 | bal_acc=0.5000 | pred_hist=[0, 8] | collapse=True
[2026-05-28 16:12:27]     spatial_conv=[4, 29] top_abs_channels=[('Pz', 0.15552233), ('O2', 0.14197129), ('T3', 0.13335325), ('CP3', 0.12710944), ('T4', 0.12187599), ('O1', 0.12124561), ('C3', 0.11667612), ('CP4', 0.11085773)]
[2026-05-28 16:12:27]     spatial_update=delta_l2=0.07408228 max_abs=0.00990896 relative=0.06207253 changed=True

[2026-05-28 16:12:27] Fold 4/5 | subject=11
[2026-05-28 16:12:27]     Train: 32 | counts=[16, 16]
[2026-05-28 16:12:27]     Test:  8 | counts=[4, 4]
[2026-05-28 16:12:27]     Model: SignalJEPA_PreLocal | Pretrained: from_pretrained | Strategy: new
[2026-05-28 16:12:27]     Normalization: none | fit_scope=none
[2026-05-28 16:12:27]     Phase 1 (new): 2,170/16,010 params
[2026-05-28 16:12:28]     Result | best_epoch=2 | stop=11 | final_phase_epochs=11 | acc=0.5000 | bal_acc=0.5000 | pred_hist=[0, 8] | collapse=True
[2026-05-28 16:12:28]     spatial_conv=[4, 29] top_abs_channels=[('Pz', 0.15303901), ('O2', 0.14414136), ('T3', 0.12673478), ('O1', 0.12231212), ('T4', 0.1220876), ('CP3', 0.12202437), ('C3', 0.1152309), ('CP4', 0.11048313)]
[2026-05-28 16:12:28]     spatial_update=delta_l2=0.00969232 max_abs=0.00090000 relative=0.00812106 changed=True

[2026-05-28 16:12:28] Fold 5/5 | subject=11
[2026-05-28 16:12:28]     Train: 32 | counts=[16, 16]
[2026-05-28 16:12:28]     Test:  8 | counts=[4, 4]
[2026-05-28 16:12:28]     Model: SignalJEPA_PreLocal | Pretrained: from_pretrained | Strategy: new
[2026-05-28 16:12:28]     Normalization: none | fit_scope=none
[2026-05-28 16:12:28]     Phase 1 (new): 2,170/16,010 params
[2026-05-28 16:12:28]     Result | best_epoch=1 | stop=11 | final_phase_epochs=11 | acc=0.5000 | bal_acc=0.5000 | pred_hist=[0, 8] | collapse=True
[2026-05-28 16:12:28]     spatial_conv=[4, 29] top_abs_channels=[('Pz', 0.15258902), ('O2', 0.14414136), ('T3', 0.12718478), ('O1', 0.12231213), ('T4', 0.1216376), ('CP3', 0.12157439), ('C3', 0.11478069), ('CP4', 0.11048314)]
[2026-05-28 16:12:28]     spatial_update=delta_l2=0.00969298 max_abs=0.00090000 relative=0.00812161 changed=True
[2026-05-28 16:12:28]   Subject 11: acc=0.5000±0.0000  bal_acc=0.5000±0.0000
[2026-05-28 16:12:28] \nSubject 12: 40 windows | class_counts=[20, 20]

[2026-05-28 16:12:29] Fold 1/5 | subject=12
[2026-05-28 16:12:29]     Train: 32 | counts=[16, 16]
[2026-05-28 16:12:29]     Test:  8 | counts=[4, 4]
[2026-05-28 16:12:29]     Model: SignalJEPA_PreLocal | Pretrained: from_pretrained | Strategy: new
[2026-05-28 16:12:29]     Normalization: none | fit_scope=none
[2026-05-28 16:12:29]     Phase 1 (new): 2,170/16,010 params
[2026-05-28 16:12:29]     Result | best_epoch=1 | stop=11 | final_phase_epochs=11 | acc=0.5000 | bal_acc=0.5000 | pred_hist=[0, 8] | collapse=True
[2026-05-28 16:12:29]     spatial_conv=[4, 29] top_abs_channels=[('Pz', 0.15348902), ('O2', 0.14414138), ('T3', 0.12628478), ('T4', 0.12253763), ('CP3', 0.1215744), ('O1', 0.1214122), ('C3', 0.11478089), ('CP4', 0.11093313)]
[2026-05-28 16:12:29]     spatial_update=delta_l2=0.00969290 max_abs=0.00090000 relative=0.00812155 changed=True

[2026-05-28 16:12:30] Fold 2/5 | subject=12
[2026-05-28 16:12:30]     Train: 32 | counts=[16, 16]
[2026-05-28 16:12:30]     Test:  8 | counts=[4, 4]
[2026-05-28 16:12:30]     Model: SignalJEPA_PreLocal | Pretrained: from_pretrained | Strategy: new
[2026-05-28 16:12:30]     Normalization: none | fit_scope=none
[2026-05-28 16:12:30]     Phase 1 (new): 2,170/16,010 params
[2026-05-28 16:12:30]     Result | best_epoch=2 | stop=12 | final_phase_epochs=12 | acc=0.5000 | bal_acc=0.5000 | pred_hist=[0, 8] | collapse=True
[2026-05-28 16:12:30]     spatial_conv=[4, 29] top_abs_channels=[('Pz', 0.15335177), ('O2', 0.14382231), ('T3', 0.1257267), ('CP3', 0.12272394), ('T4', 0.12133487), ('O1', 0.12044498), ('C3', 0.11425309), ('CP4', 0.11084539)]
[2026-05-28 16:12:30]     spatial_update=delta_l2=0.01612702 max_abs=0.00180118 relative=0.01351261 changed=True

[2026-05-28 16:12:30] Fold 3/5 | subject=12
[2026-05-28 16:12:30]     Train: 32 | counts=[16, 16]
[2026-05-28 16:12:30]     Test:  8 | counts=[4, 4]
[2026-05-28 16:12:30]     Model: SignalJEPA_PreLocal | Pretrained: from_pretrained | Strategy: new
[2026-05-28 16:12:30]     Normalization: none | fit_scope=none
[2026-05-28 16:12:30]     Phase 1 (new): 2,170/16,010 params
[2026-05-28 16:12:31]     Result | best_epoch=50 | stop=50 | final_phase_epochs=50 | acc=0.3750 | bal_acc=0.3750 | pred_hist=[5, 3] | collapse=False
[2026-05-28 16:12:31]     spatial_conv=[4, 29] top_abs_channels=[('O2', 0.17204842), ('Pz', 0.15055709), ('CP3', 0.14431763), ('CP4', 0.11621977), ('T3', 0.11619995), ('TP7', 0.1148534), ('P4', 0.11297196), ('T4', 0.10838436)]
[2026-05-28 16:12:31]     spatial_update=delta_l2=0.28508828 max_abs=0.04579027 relative=0.23887160 changed=True

[2026-05-28 16:12:31] Fold 4/5 | subject=12
[2026-05-28 16:12:31]     Train: 32 | counts=[16, 16]
[2026-05-28 16:12:31]     Test:  8 | counts=[4, 4]
[2026-05-28 16:12:31]     Model: SignalJEPA_PreLocal | Pretrained: from_pretrained | Strategy: new
[2026-05-28 16:12:31]     Normalization: none | fit_scope=none
[2026-05-28 16:12:31]     Phase 1 (new): 2,170/16,010 params
[2026-05-28 16:12:32]     Result | best_epoch=1 | stop=11 | final_phase_epochs=11 | acc=0.5000 | bal_acc=0.5000 | pred_hist=[0, 8] | collapse=True
[2026-05-28 16:12:32]     spatial_conv=[4, 29] top_abs_channels=[('Pz', 0.15303901), ('O2', 0.14369138), ('T3', 0.12583479), ('T4', 0.12253758), ('O1', 0.12186213), ('CP3', 0.12112447), ('C3', 0.11478092), ('CP4', 0.11048318)]
[2026-05-28 16:12:32]     spatial_update=delta_l2=0.00969309 max_abs=0.00090000 relative=0.00812171 changed=True

[2026-05-28 16:12:32] Fold 5/5 | subject=12
[2026-05-28 16:12:32]     Train: 32 | counts=[16, 16]
[2026-05-28 16:12:32]     Test:  8 | counts=[4, 4]
[2026-05-28 16:12:32]     Model: SignalJEPA_PreLocal | Pretrained: from_pretrained | Strategy: new
[2026-05-28 16:12:32]     Normalization: none | fit_scope=none
[2026-05-28 16:12:32]     Phase 1 (new): 2,170/16,010 params
[2026-05-28 16:12:33]     Result | best_epoch=50 | stop=50 | final_phase_epochs=50 | acc=0.5000 | bal_acc=0.5000 | pred_hist=[8, 0] | collapse=True
[2026-05-28 16:12:33]     spatial_conv=[4, 29] top_abs_channels=[('Pz', 0.16666231), ('CP3', 0.14048682), ('O2', 0.13966915), ('C4', 0.12870829), ('FCz', 0.12221175), ('CP4', 0.12097081), ('T4', 0.11674558), ('FT7', 0.11260855)]
[2026-05-28 16:12:33]     spatial_update=delta_l2=0.26215697 max_abs=0.04894456 relative=0.21965776 changed=True
[2026-05-28 16:12:33]   Subject 12: acc=0.4750±0.0500  bal_acc=0.4750±0.0500
[2026-05-28 16:12:33] \nSubject 13: 40 windows | class_counts=[20, 20]

[2026-05-28 16:12:33] Fold 1/5 | subject=13
[2026-05-28 16:12:33]     Train: 32 | counts=[16, 16]
[2026-05-28 16:12:33]     Test:  8 | counts=[4, 4]
[2026-05-28 16:12:33]     Model: SignalJEPA_PreLocal | Pretrained: from_pretrained | Strategy: new
[2026-05-28 16:12:33]     Normalization: none | fit_scope=none
[2026-05-28 16:12:33]     Phase 1 (new): 2,170/16,010 params
[2026-05-28 16:12:34]     Result | best_epoch=1 | stop=11 | final_phase_epochs=11 | acc=0.5000 | bal_acc=0.5000 | pred_hist=[0, 8] | collapse=True
[2026-05-28 16:12:34]     spatial_conv=[4, 29] top_abs_channels=[('Pz', 0.15303899), ('O2', 0.14369138), ('T3', 0.12628481), ('T4', 0.12298754), ('O1', 0.12276212), ('CP3', 0.12112439), ('C3', 0.11523093), ('CP4', 0.11093313)]
[2026-05-28 16:12:34]     spatial_update=delta_l2=0.00969276 max_abs=0.00090000 relative=0.00812143 changed=True

[2026-05-28 16:12:34] Fold 2/5 | subject=13
[2026-05-28 16:12:34]     Train: 32 | counts=[16, 16]
[2026-05-28 16:12:34]     Test:  8 | counts=[4, 4]
[2026-05-28 16:12:34]     Model: SignalJEPA_PreLocal | Pretrained: from_pretrained | Strategy: new
[2026-05-28 16:12:34]     Normalization: none | fit_scope=none
[2026-05-28 16:12:34]     Phase 1 (new): 2,170/16,010 params
[2026-05-28 16:12:34]     Result | best_epoch=2 | stop=11 | final_phase_epochs=11 | acc=0.5000 | bal_acc=0.5000 | pred_hist=[0, 8] | collapse=True
[2026-05-28 16:12:34]     spatial_conv=[4, 29] top_abs_channels=[('Pz', 0.15303901), ('O2', 0.14369138), ('T3', 0.12673479), ('T4', 0.12298756), ('O1', 0.12276212), ('CP3', 0.12112439), ('C3', 0.1152309), ('CP4', 0.11093314)]
[2026-05-28 16:12:34]     spatial_update=delta_l2=0.00969300 max_abs=0.00090000 relative=0.00812163 changed=True

[2026-05-28 16:12:35] Fold 3/5 | subject=13
[2026-05-28 16:12:35]     Train: 32 | counts=[16, 16]
[2026-05-28 16:12:35]     Test:  8 | counts=[4, 4]
[2026-05-28 16:12:35]     Model: SignalJEPA_PreLocal | Pretrained: from_pretrained | Strategy: new
[2026-05-28 16:12:35]     Normalization: none | fit_scope=none
[2026-05-28 16:12:35]     Phase 1 (new): 2,170/16,010 params
[2026-05-28 16:12:35]     Result | best_epoch=50 | stop=50 | final_phase_epochs=50 | acc=0.8750 | bal_acc=0.8750 | pred_hist=[5, 3] | collapse=False
[2026-05-28 16:12:35]     spatial_conv=[4, 29] top_abs_channels=[('Pz', 0.17045464), ('O2', 0.15261094), ('O1', 0.143978), ('P3', 0.11896348), ('P4', 0.11895619), ('T5', 0.1172429), ('Fp1', 0.11714859), ('Fz', 0.1152453)]
[2026-05-28 16:12:35]     spatial_update=delta_l2=0.28138937 max_abs=0.05176684 relative=0.23577232 changed=True

[2026-05-28 16:12:36] Fold 4/5 | subject=13
[2026-05-28 16:12:36]     Train: 32 | counts=[16, 16]
[2026-05-28 16:12:36]     Test:  8 | counts=[4, 4]
[2026-05-28 16:12:36]     Model: SignalJEPA_PreLocal | Pretrained: from_pretrained | Strategy: new
[2026-05-28 16:12:36]     Normalization: none | fit_scope=none
[2026-05-28 16:12:36]     Phase 1 (new): 2,170/16,010 params
[2026-05-28 16:12:36]     Result | best_epoch=1 | stop=11 | final_phase_epochs=11 | acc=0.5000 | bal_acc=0.5000 | pred_hist=[0, 8] | collapse=True
[2026-05-28 16:12:36]     spatial_conv=[4, 29] top_abs_channels=[('Pz', 0.15393856), ('O2', 0.14413868), ('T3', 0.12628482), ('O1', 0.12231212), ('T4', 0.12208761), ('CP3', 0.12112439), ('C3', 0.11523087), ('CP4', 0.11093313)]
[2026-05-28 16:12:36]     spatial_update=delta_l2=0.00969176 max_abs=0.00090000 relative=0.00812059 changed=True

[2026-05-28 16:12:37] Fold 5/5 | subject=13
[2026-05-28 16:12:37]     Train: 32 | counts=[16, 16]
[2026-05-28 16:12:37]     Test:  8 | counts=[4, 4]
[2026-05-28 16:12:37]     Model: SignalJEPA_PreLocal | Pretrained: from_pretrained | Strategy: new
[2026-05-28 16:12:37]     Normalization: none | fit_scope=none
[2026-05-28 16:12:37]     Phase 1 (new): 2,170/16,010 params
[2026-05-28 16:12:37]     Result | best_epoch=1 | stop=11 | final_phase_epochs=11 | acc=0.5000 | bal_acc=0.5000 | pred_hist=[0, 8] | collapse=True
[2026-05-28 16:12:37]     spatial_conv=[4, 29] top_abs_channels=[('Pz', 0.1530391), ('O2', 0.14369138), ('T3', 0.12673473), ('T4', 0.12253764), ('O1', 0.12231212), ('CP3', 0.12112439), ('C3', 0.11568086), ('CP4', 0.11138313)]
[2026-05-28 16:12:37]     spatial_update=delta_l2=0.00969283 max_abs=0.00090000 relative=0.00812149 changed=True
[2026-05-28 16:12:37]   Subject 13: acc=0.5750±0.1500  bal_acc=0.5750±0.1500
[2026-05-28 16:12:37] \nSubject 14: 40 windows | class_counts=[20, 20]

[2026-05-28 16:12:37] Fold 1/5 | subject=14
[2026-05-28 16:12:37]     Train: 32 | counts=[16, 16]
[2026-05-28 16:12:37]     Test:  8 | counts=[4, 4]
[2026-05-28 16:12:37]     Model: SignalJEPA_PreLocal | Pretrained: from_pretrained | Strategy: new
[2026-05-28 16:12:37]     Normalization: none | fit_scope=none
[2026-05-28 16:12:37]     Phase 1 (new): 2,170/16,010 params
[2026-05-28 16:12:38]     Result | best_epoch=1 | stop=11 | final_phase_epochs=11 | acc=0.6250 | bal_acc=0.6250 | pred_hist=[1, 7] | collapse=False
[2026-05-28 16:12:38]     spatial_conv=[4, 29] top_abs_channels=[('Pz', 0.15258902), ('O2', 0.14459138), ('T3', 0.12583479), ('T4', 0.1220876), ('O1', 0.12186213), ('CP3', 0.12112496), ('C3', 0.11523091), ('CP4', 0.11048314)]
[2026-05-28 16:12:38]     spatial_update=delta_l2=0.00969285 max_abs=0.00090000 relative=0.00812151 changed=True

[2026-05-28 16:12:38] Fold 2/5 | subject=14
[2026-05-28 16:12:38]     Train: 32 | counts=[16, 16]
[2026-05-28 16:12:38]     Test:  8 | counts=[4, 4]
[2026-05-28 16:12:38]     Model: SignalJEPA_PreLocal | Pretrained: from_pretrained | Strategy: new
[2026-05-28 16:12:38]     Normalization: none | fit_scope=none
[2026-05-28 16:12:38]     Phase 1 (new): 2,170/16,010 params
[2026-05-28 16:12:39]     Result | best_epoch=18 | stop=28 | final_phase_epochs=28 | acc=0.3750 | bal_acc=0.3750 | pred_hist=[3, 5] | collapse=False
[2026-05-28 16:12:39]     spatial_conv=[4, 29] top_abs_channels=[('O2', 0.14677571), ('Pz', 0.14498499), ('O1', 0.12650216), ('CP3', 0.12199655), ('T3', 0.11842407), ('T4', 0.11713924), ('C3', 0.1139423), ('CP4', 0.11373489)]
[2026-05-28 16:12:39]     spatial_update=delta_l2=0.10549683 max_abs=0.01614395 relative=0.08839436 changed=True

[2026-05-28 16:12:39] Fold 3/5 | subject=14
[2026-05-28 16:12:39]     Train: 32 | counts=[16, 16]
[2026-05-28 16:12:39]     Test:  8 | counts=[4, 4]
[2026-05-28 16:12:39]     Model: SignalJEPA_PreLocal | Pretrained: from_pretrained | Strategy: new
[2026-05-28 16:12:39]     Normalization: none | fit_scope=none
[2026-05-28 16:12:39]     Phase 1 (new): 2,170/16,010 params
[2026-05-28 16:12:39]     Result | best_epoch=6 | stop=15 | final_phase_epochs=15 | acc=0.5000 | bal_acc=0.5000 | pred_hist=[0, 8] | collapse=True
[2026-05-28 16:12:39]     spatial_conv=[4, 29] top_abs_channels=[('Pz', 0.14986372), ('O2', 0.14446619), ('T3', 0.12371872), ('CP3', 0.12287845), ('O1', 0.12241746), ('T4', 0.12109094), ('C3', 0.11549798), ('Fp1', 0.11076482)]
[2026-05-28 16:12:39]     spatial_update=delta_l2=0.03745243 max_abs=0.00451285 relative=0.03138088 changed=True

[2026-05-28 16:12:40] Fold 4/5 | subject=14
[2026-05-28 16:12:40]     Train: 32 | counts=[16, 16]
[2026-05-28 16:12:40]     Test:  8 | counts=[4, 4]
[2026-05-28 16:12:40]     Model: SignalJEPA_PreLocal | Pretrained: from_pretrained | Strategy: new
[2026-05-28 16:12:40]     Normalization: none | fit_scope=none
[2026-05-28 16:12:40]     Phase 1 (new): 2,170/16,010 params
[2026-05-28 16:12:40]     Result | best_epoch=1 | stop=11 | final_phase_epochs=11 | acc=0.5000 | bal_acc=0.5000 | pred_hist=[0, 8] | collapse=True
[2026-05-28 16:12:40]     spatial_conv=[4, 29] top_abs_channels=[('Pz', 0.15213904), ('O2', 0.14414123), ('T3', 0.12583482), ('O1', 0.12231212), ('T4', 0.12208758), ('CP3', 0.12112439), ('C3', 0.1152309), ('CP4', 0.11048312)]
[2026-05-28 16:12:40]     spatial_update=delta_l2=0.00969282 max_abs=0.00090000 relative=0.00812148 changed=True

[2026-05-28 16:12:41] Fold 5/5 | subject=14
[2026-05-28 16:12:41]     Train: 32 | counts=[16, 16]
[2026-05-28 16:12:41]     Test:  8 | counts=[4, 4]
[2026-05-28 16:12:41]     Model: SignalJEPA_PreLocal | Pretrained: from_pretrained | Strategy: new
[2026-05-28 16:12:41]     Normalization: none | fit_scope=none
[2026-05-28 16:12:41]     Phase 1 (new): 2,170/16,010 params
[2026-05-28 16:12:41]     Result | best_epoch=3 | stop=13 | final_phase_epochs=13 | acc=0.5000 | bal_acc=0.5000 | pred_hist=[0, 8] | collapse=True
[2026-05-28 16:12:41]     spatial_conv=[4, 29] top_abs_channels=[('Pz', 0.15298595), ('O2', 0.1439811), ('T3', 0.12538216), ('O1', 0.1238682), ('T4', 0.12084495), ('CP3', 0.12016445), ('C3', 0.11525878), ('CP4', 0.11126222)]
[2026-05-28 16:12:41]     spatial_update=delta_l2=0.02287279 max_abs=0.00270322 relative=0.01916480 changed=True
[2026-05-28 16:12:41]   Subject 14: acc=0.5000±0.0791  bal_acc=0.5000±0.0791
[2026-05-28 16:12:41] \nSubject 15: 40 windows | class_counts=[20, 20]

[2026-05-28 16:12:41] Fold 1/5 | subject=15
[2026-05-28 16:12:41]     Train: 32 | counts=[16, 16]
[2026-05-28 16:12:41]     Test:  8 | counts=[4, 4]
[2026-05-28 16:12:41]     Model: SignalJEPA_PreLocal | Pretrained: from_pretrained | Strategy: new
[2026-05-28 16:12:41]     Normalization: none | fit_scope=none
[2026-05-28 16:12:41]     Phase 1 (new): 2,170/16,010 params
[2026-05-28 16:12:42]     Result | best_epoch=50 | stop=50 | final_phase_epochs=50 | acc=0.3750 | bal_acc=0.3750 | pred_hist=[1, 7] | collapse=False
[2026-05-28 16:12:42]     spatial_conv=[4, 29] top_abs_channels=[('Pz', 0.15670165), ('T3', 0.13962291), ('O2', 0.1288216), ('T4', 0.12108779), ('F4', 0.11995349), ('CP3', 0.11417831), ('C3', 0.1123613), ('Fz', 0.11036755)]
[2026-05-28 16:12:42]     spatial_update=delta_l2=0.30463346 max_abs=0.05080381 relative=0.25524824 changed=True

[2026-05-28 16:12:42] Fold 2/5 | subject=15
[2026-05-28 16:12:42]     Train: 32 | counts=[16, 16]
[2026-05-28 16:12:42]     Test:  8 | counts=[4, 4]
[2026-05-28 16:12:42]     Model: SignalJEPA_PreLocal | Pretrained: from_pretrained | Strategy: new
[2026-05-28 16:12:42]     Normalization: none | fit_scope=none
[2026-05-28 16:12:42]     Phase 1 (new): 2,170/16,010 params
[2026-05-28 16:12:43]     Result | best_epoch=10 | stop=20 | final_phase_epochs=20 | acc=0.5000 | bal_acc=0.5000 | pred_hist=[0, 8] | collapse=True
[2026-05-28 16:12:43]     spatial_conv=[4, 29] top_abs_channels=[('Pz', 0.15406361), ('O2', 0.14410524), ('T3', 0.1279836), ('CP3', 0.12110826), ('C3', 0.11918581), ('T4', 0.11813787), ('O1', 0.11808028), ('Fz', 0.10853661)]
[2026-05-28 16:12:43]     spatial_update=delta_l2=0.06469421 max_abs=0.00898323 relative=0.05420640 changed=True

[2026-05-28 16:12:43] Fold 3/5 | subject=15
[2026-05-28 16:12:43]     Train: 32 | counts=[16, 16]
[2026-05-28 16:12:43]     Test:  8 | counts=[4, 4]
[2026-05-28 16:12:43]     Model: SignalJEPA_PreLocal | Pretrained: from_pretrained | Strategy: new
[2026-05-28 16:12:43]     Normalization: none | fit_scope=none
[2026-05-28 16:12:43]     Phase 1 (new): 2,170/16,010 params
[2026-05-28 16:12:44]     Result | best_epoch=50 | stop=50 | final_phase_epochs=50 | acc=0.2500 | bal_acc=0.2500 | pred_hist=[4, 4] | collapse=False
[2026-05-28 16:12:44]     spatial_conv=[4, 29] top_abs_channels=[('O2', 0.16123427), ('Pz', 0.1379915), ('C3', 0.1199702), ('F7', 0.1181583), ('CP3', 0.1155066), ('F4', 0.11522435), ('T4', 0.1146154), ('Fp1', 0.11058945)]
[2026-05-28 16:12:44]     spatial_update=delta_l2=0.29521259 max_abs=0.04672493 relative=0.24735461 changed=True

[2026-05-28 16:12:45] Fold 4/5 | subject=15
[2026-05-28 16:12:45]     Train: 32 | counts=[16, 16]
[2026-05-28 16:12:45]     Test:  8 | counts=[4, 4]
[2026-05-28 16:12:45]     Model: SignalJEPA_PreLocal | Pretrained: from_pretrained | Strategy: new
[2026-05-28 16:12:45]     Normalization: none | fit_scope=none
[2026-05-28 16:12:45]     Phase 1 (new): 2,170/16,010 params
[2026-05-28 16:12:45]     Result | best_epoch=50 | stop=50 | final_phase_epochs=50 | acc=0.6250 | bal_acc=0.6250 | pred_hist=[3, 5] | collapse=False
[2026-05-28 16:12:45]     spatial_conv=[4, 29] top_abs_channels=[('Pz', 0.1543297), ('CP3', 0.1411754), ('TP8', 0.11664365), ('O2', 0.11586566), ('C3', 0.11523077), ('T3', 0.11404767), ('T4', 0.11385061), ('Fz', 0.11273041)]
[2026-05-28 16:12:45]     spatial_update=delta_l2=0.28559469 max_abs=0.04983132 relative=0.23929591 changed=True

[2026-05-28 16:12:46] Fold 5/5 | subject=15
[2026-05-28 16:12:46]     Train: 32 | counts=[16, 16]
[2026-05-28 16:12:46]     Test:  8 | counts=[4, 4]
[2026-05-28 16:12:46]     Model: SignalJEPA_PreLocal | Pretrained: from_pretrained | Strategy: new
[2026-05-28 16:12:46]     Normalization: none | fit_scope=none
[2026-05-28 16:12:46]     Phase 1 (new): 2,170/16,010 params
[2026-05-28 16:12:46]     Result | best_epoch=6 | stop=14 | final_phase_epochs=14 | acc=0.5000 | bal_acc=0.5000 | pred_hist=[0, 8] | collapse=True
[2026-05-28 16:12:46]     spatial_conv=[4, 29] top_abs_channels=[('Pz', 0.15280305), ('O2', 0.14418849), ('T3', 0.12698674), ('CP3', 0.12185226), ('T4', 0.12113552), ('O1', 0.12026397), ('C3', 0.11528221), ('CP4', 0.11019704)]
[2026-05-28 16:12:46]     spatial_update=delta_l2=0.02903051 max_abs=0.00360128 relative=0.02432427 changed=True
[2026-05-28 16:12:46]   Subject 15: acc=0.4500±0.1275  bal_acc=0.4500±0.1275
[2026-05-28 16:12:46] \nSubject 16: 40 windows | class_counts=[20, 20]

[2026-05-28 16:12:47] Fold 1/5 | subject=16
[2026-05-28 16:12:47]     Train: 32 | counts=[16, 16]
[2026-05-28 16:12:47]     Test:  8 | counts=[4, 4]
[2026-05-28 16:12:47]     Model: SignalJEPA_PreLocal | Pretrained: from_pretrained | Strategy: new
[2026-05-28 16:12:47]     Normalization: none | fit_scope=none
[2026-05-28 16:12:47]     Phase 1 (new): 2,170/16,010 params
[2026-05-28 16:12:47]     Result | best_epoch=1 | stop=11 | final_phase_epochs=11 | acc=0.5000 | bal_acc=0.5000 | pred_hist=[0, 8] | collapse=True
[2026-05-28 16:12:47]     spatial_conv=[4, 29] top_abs_channels=[('Pz', 0.15258905), ('O2', 0.14459136), ('T3', 0.12628479), ('T4', 0.12298757), ('O1', 0.12096213), ('CP3', 0.12067441), ('C3', 0.11568093), ('CP4', 0.11138311)]
[2026-05-28 16:12:47]     spatial_update=delta_l2=0.00969289 max_abs=0.00090000 relative=0.00812154 changed=True

[2026-05-28 16:12:47] Fold 2/5 | subject=16
[2026-05-28 16:12:47]     Train: 32 | counts=[16, 16]
[2026-05-28 16:12:47]     Test:  8 | counts=[4, 4]
[2026-05-28 16:12:47]     Model: SignalJEPA_PreLocal | Pretrained: from_pretrained | Strategy: new
[2026-05-28 16:12:47]     Normalization: none | fit_scope=none
[2026-05-28 16:12:47]     Phase 1 (new): 2,170/16,010 params
[2026-05-28 16:12:48]     Result | best_epoch=1 | stop=11 | final_phase_epochs=11 | acc=0.5000 | bal_acc=0.5000 | pred_hist=[0, 8] | collapse=True
[2026-05-28 16:12:48]     spatial_conv=[4, 29] top_abs_channels=[('Pz', 0.15258901), ('O2', 0.14414138), ('T3', 0.12673476), ('T4', 0.12253758), ('O1', 0.12096213), ('CP3', 0.1206744), ('C3', 0.1152309), ('CP4', 0.1118331)]
[2026-05-28 16:12:48]     spatial_update=delta_l2=0.00969298 max_abs=0.00090000 relative=0.00812162 changed=True

[2026-05-28 16:12:48] Fold 3/5 | subject=16
[2026-05-28 16:12:48]     Train: 32 | counts=[16, 16]
[2026-05-28 16:12:48]     Test:  8 | counts=[4, 4]
[2026-05-28 16:12:48]     Model: SignalJEPA_PreLocal | Pretrained: from_pretrained | Strategy: new
[2026-05-28 16:12:48]     Normalization: none | fit_scope=none
[2026-05-28 16:12:48]     Phase 1 (new): 2,170/16,010 params
[2026-05-28 16:12:48]     Result | best_epoch=1 | stop=11 | final_phase_epochs=11 | acc=0.5000 | bal_acc=0.5000 | pred_hist=[0, 8] | collapse=True
[2026-05-28 16:12:48]     spatial_conv=[4, 29] top_abs_channels=[('Pz', 0.15303899), ('O2', 0.14414138), ('T3', 0.12628472), ('T4', 0.12208727), ('O1', 0.12186211), ('CP3', 0.12112439), ('C3', 0.11478093), ('CP4', 0.11093314)]
[2026-05-28 16:12:48]     spatial_update=delta_l2=0.00969265 max_abs=0.00090000 relative=0.00812134 changed=True

[2026-05-28 16:12:49] Fold 4/5 | subject=16
[2026-05-28 16:12:49]     Train: 32 | counts=[16, 16]
[2026-05-28 16:12:49]     Test:  8 | counts=[4, 4]
[2026-05-28 16:12:49]     Model: SignalJEPA_PreLocal | Pretrained: from_pretrained | Strategy: new
[2026-05-28 16:12:49]     Normalization: none | fit_scope=none
[2026-05-28 16:12:49]     Phase 1 (new): 2,170/16,010 params
[2026-05-28 16:12:49]     Result | best_epoch=26 | stop=35 | final_phase_epochs=35 | acc=0.5000 | bal_acc=0.5000 | pred_hist=[0, 8] | collapse=True
[2026-05-28 16:12:49]     spatial_conv=[4, 29] top_abs_channels=[('O2', 0.15342192), ('Pz', 0.14797424), ('T4', 0.12586121), ('T3', 0.12329452), ('CP4', 0.12165008), ('CP3', 0.1181104), ('C3', 0.11239371), ('P4', 0.11170968)]
[2026-05-28 16:12:49]     spatial_update=delta_l2=0.13055772 max_abs=0.02342241 relative=0.10939254 changed=True

[2026-05-28 16:12:50] Fold 5/5 | subject=16
[2026-05-28 16:12:50]     Train: 32 | counts=[16, 16]
[2026-05-28 16:12:50]     Test:  8 | counts=[4, 4]
[2026-05-28 16:12:50]     Model: SignalJEPA_PreLocal | Pretrained: from_pretrained | Strategy: new
[2026-05-28 16:12:50]     Normalization: none | fit_scope=none
[2026-05-28 16:12:50]     Phase 1 (new): 2,170/16,010 params
[2026-05-28 16:12:50]     Result | best_epoch=1 | stop=11 | final_phase_epochs=11 | acc=0.5000 | bal_acc=0.5000 | pred_hist=[0, 8] | collapse=True
[2026-05-28 16:12:50]     spatial_conv=[4, 29] top_abs_channels=[('Pz', 0.15258899), ('O2', 0.14459138), ('T3', 0.12628479), ('O1', 0.12186209), ('T4', 0.12163762), ('CP3', 0.12112439), ('C3', 0.1156809), ('CP4', 0.11138315)]
[2026-05-28 16:12:50]     spatial_update=delta_l2=0.00969298 max_abs=0.00090000 relative=0.00812162 changed=True
[2026-05-28 16:12:50]   Subject 16: acc=0.5000±0.0000  bal_acc=0.5000±0.0000
[2026-05-28 16:12:50] \nSubject 17: 40 windows | class_counts=[20, 20]

[2026-05-28 16:12:51] Fold 1/5 | subject=17
[2026-05-28 16:12:51]     Train: 32 | counts=[16, 16]
[2026-05-28 16:12:51]     Test:  8 | counts=[4, 4]
[2026-05-28 16:12:51]     Model: SignalJEPA_PreLocal | Pretrained: from_pretrained | Strategy: new
[2026-05-28 16:12:51]     Normalization: none | fit_scope=none
[2026-05-28 16:12:51]     Phase 1 (new): 2,170/16,010 params
[2026-05-28 16:12:51]     Result | best_epoch=50 | stop=50 | final_phase_epochs=50 | acc=0.3750 | bal_acc=0.3750 | pred_hist=[7, 1] | collapse=False
[2026-05-28 16:12:51]     spatial_conv=[4, 29] top_abs_channels=[('Pz', 0.14660935), ('O2', 0.14441049), ('CP4', 0.13447258), ('T3', 0.13348), ('C3', 0.11899915), ('P4', 0.11671196), ('Fz', 0.11597178), ('FCz', 0.11062909)]
[2026-05-28 16:12:51]     spatial_update=delta_l2=0.24185348 max_abs=0.04346937 relative=0.20264574 changed=True

[2026-05-28 16:12:52] Fold 2/5 | subject=17
[2026-05-28 16:12:52]     Train: 32 | counts=[16, 16]
[2026-05-28 16:12:52]     Test:  8 | counts=[4, 4]
[2026-05-28 16:12:52]     Model: SignalJEPA_PreLocal | Pretrained: from_pretrained | Strategy: new
[2026-05-28 16:12:52]     Normalization: none | fit_scope=none
[2026-05-28 16:12:52]     Phase 1 (new): 2,170/16,010 params
[2026-05-28 16:12:52]     Result | best_epoch=1 | stop=11 | final_phase_epochs=11 | acc=0.5000 | bal_acc=0.5000 | pred_hist=[0, 8] | collapse=True
[2026-05-28 16:12:52]     spatial_conv=[4, 29] top_abs_channels=[('Pz', 0.15303902), ('O2', 0.14369139), ('T3', 0.12628479), ('O1', 0.12231211), ('T4', 0.1216376), ('CP3', 0.12067442), ('C3', 0.11433092), ('CP4', 0.11048329)]
[2026-05-28 16:12:52]     spatial_update=delta_l2=0.00969281 max_abs=0.00090000 relative=0.00812147 changed=True

[2026-05-28 16:12:52] Fold 3/5 | subject=17
[2026-05-28 16:12:52]     Train: 32 | counts=[16, 16]
[2026-05-28 16:12:52]     Test:  8 | counts=[4, 4]
[2026-05-28 16:12:52]     Model: SignalJEPA_PreLocal | Pretrained: from_pretrained | Strategy: new
[2026-05-28 16:12:52]     Normalization: none | fit_scope=none
[2026-05-28 16:12:52]     Phase 1 (new): 2,170/16,010 params
[2026-05-28 16:12:53]     Result | best_epoch=1 | stop=11 | final_phase_epochs=11 | acc=0.5000 | bal_acc=0.5000 | pred_hist=[0, 8] | collapse=True
[2026-05-28 16:12:53]     spatial_conv=[4, 29] top_abs_channels=[('Pz', 0.15258902), ('O2', 0.14459136), ('T3', 0.12628479), ('T4', 0.12208758), ('CP3', 0.12157435), ('O1', 0.12096213), ('C3', 0.11523079), ('CP4', 0.11093313)]
[2026-05-28 16:12:53]     spatial_update=delta_l2=0.00969308 max_abs=0.00090000 relative=0.00812170 changed=True

[2026-05-28 16:12:53] Fold 4/5 | subject=17
[2026-05-28 16:12:53]     Train: 32 | counts=[16, 16]
[2026-05-28 16:12:53]     Test:  8 | counts=[4, 4]
[2026-05-28 16:12:53]     Model: SignalJEPA_PreLocal | Pretrained: from_pretrained | Strategy: new
[2026-05-28 16:12:53]     Normalization: none | fit_scope=none
[2026-05-28 16:12:53]     Phase 1 (new): 2,170/16,010 params
[2026-05-28 16:12:53]     Result | best_epoch=2 | stop=11 | final_phase_epochs=11 | acc=0.5000 | bal_acc=0.5000 | pred_hist=[0, 8] | collapse=True
[2026-05-28 16:12:53]     spatial_conv=[4, 29] top_abs_channels=[('Pz', 0.15303904), ('O2', 0.14369139), ('T3', 0.12673478), ('T4', 0.12208758), ('O1', 0.12186211), ('CP3', 0.12112438), ('C3', 0.11568087), ('CP4', 0.11093267)]
[2026-05-28 16:12:53]     spatial_update=delta_l2=0.00969262 max_abs=0.00090000 relative=0.00812132 changed=True

[2026-05-28 16:12:54] Fold 5/5 | subject=17
[2026-05-28 16:12:54]     Train: 32 | counts=[16, 16]
[2026-05-28 16:12:54]     Test:  8 | counts=[4, 4]
[2026-05-28 16:12:54]     Model: SignalJEPA_PreLocal | Pretrained: from_pretrained | Strategy: new
[2026-05-28 16:12:54]     Normalization: none | fit_scope=none
[2026-05-28 16:12:54]     Phase 1 (new): 2,170/16,010 params
[2026-05-28 16:12:54]     Result | best_epoch=28 | stop=33 | final_phase_epochs=33 | acc=0.5000 | bal_acc=0.5000 | pred_hist=[2, 6] | collapse=False
[2026-05-28 16:12:54]     spatial_conv=[4, 29] top_abs_channels=[('O2', 0.14981487), ('Pz', 0.14701377), ('T4', 0.1231851), ('O1', 0.12154134), ('CP3', 0.1183457), ('C3', 0.11832035), ('T3', 0.11799309), ('Fz', 0.10913549)]
[2026-05-28 16:12:54]     spatial_update=delta_l2=0.13638266 max_abs=0.02065670 relative=0.11427318 changed=True
[2026-05-28 16:12:54]   Subject 17: acc=0.4750±0.0500  bal_acc=0.4750±0.0500
[2026-05-28 16:12:54] \nSubject 18: 40 windows | class_counts=[20, 20]

[2026-05-28 16:12:55] Fold 1/5 | subject=18
[2026-05-28 16:12:55]     Train: 32 | counts=[16, 16]
[2026-05-28 16:12:55]     Test:  8 | counts=[4, 4]
[2026-05-28 16:12:55]     Model: SignalJEPA_PreLocal | Pretrained: from_pretrained | Strategy: new
[2026-05-28 16:12:55]     Normalization: none | fit_scope=none
[2026-05-28 16:12:55]     Phase 1 (new): 2,170/16,010 params
[2026-05-28 16:12:55]     Result | best_epoch=50 | stop=50 | final_phase_epochs=50 | acc=0.8750 | bal_acc=0.8750 | pred_hist=[3, 5] | collapse=False
[2026-05-28 16:12:55]     spatial_conv=[4, 29] top_abs_channels=[('O1', 0.15449287), ('O2', 0.15340625), ('Pz', 0.15289551), ('T3', 0.13014802), ('Fz', 0.1237895), ('T4', 0.12358117), ('CP3', 0.11834516), ('Fp1', 0.11640102)]
[2026-05-28 16:12:55]     spatial_update=delta_l2=0.33163935 max_abs=0.05014966 relative=0.27787610 changed=True

[2026-05-28 16:12:56] Fold 2/5 | subject=18
[2026-05-28 16:12:56]     Train: 32 | counts=[16, 16]
[2026-05-28 16:12:56]     Test:  8 | counts=[4, 4]
[2026-05-28 16:12:56]     Model: SignalJEPA_PreLocal | Pretrained: from_pretrained | Strategy: new
[2026-05-28 16:12:56]     Normalization: none | fit_scope=none
[2026-05-28 16:12:56]     Phase 1 (new): 2,170/16,010 params
[2026-05-28 16:12:57]     Result | best_epoch=50 | stop=50 | final_phase_epochs=50 | acc=0.8750 | bal_acc=0.8750 | pred_hist=[3, 5] | collapse=False
[2026-05-28 16:12:57]     spatial_conv=[4, 29] top_abs_channels=[('O2', 0.1688112), ('O1', 0.14833504), ('Pz', 0.13671413), ('T3', 0.12740311), ('CP3', 0.12400085), ('Fz', 0.11407682), ('T4', 0.11256204), ('FT8', 0.11086845)]
[2026-05-28 16:12:57]     spatial_update=delta_l2=0.34646569 max_abs=0.05075613 relative=0.29029889 changed=True

[2026-05-28 16:12:57] Fold 3/5 | subject=18
[2026-05-28 16:12:57]     Train: 32 | counts=[16, 16]
[2026-05-28 16:12:57]     Test:  8 | counts=[4, 4]
[2026-05-28 16:12:57]     Model: SignalJEPA_PreLocal | Pretrained: from_pretrained | Strategy: new
[2026-05-28 16:12:57]     Normalization: none | fit_scope=none
[2026-05-28 16:12:57]     Phase 1 (new): 2,170/16,010 params
[2026-05-28 16:12:58]     Result | best_epoch=50 | stop=50 | final_phase_epochs=50 | acc=0.6250 | bal_acc=0.6250 | pred_hist=[3, 5] | collapse=False
[2026-05-28 16:12:58]     spatial_conv=[4, 29] top_abs_channels=[('O2', 0.16312669), ('O1', 0.15966122), ('Pz', 0.14742564), ('T4', 0.13363284), ('T3', 0.1314459), ('FT8', 0.11765091), ('Fz', 0.11469807), ('CP3', 0.11374834)]
[2026-05-28 16:12:58]     spatial_update=delta_l2=0.34609451 max_abs=0.05244619 relative=0.28998789 changed=True

[2026-05-28 16:12:59] Fold 4/5 | subject=18
[2026-05-28 16:12:59]     Train: 32 | counts=[16, 16]
[2026-05-28 16:12:59]     Test:  8 | counts=[4, 4]
[2026-05-28 16:12:59]     Model: SignalJEPA_PreLocal | Pretrained: from_pretrained | Strategy: new
[2026-05-28 16:12:59]     Normalization: none | fit_scope=none
[2026-05-28 16:12:59]     Phase 1 (new): 2,170/16,010 params
[2026-05-28 16:12:59]     Result | best_epoch=50 | stop=50 | final_phase_epochs=50 | acc=0.8750 | bal_acc=0.8750 | pred_hist=[3, 5] | collapse=False
[2026-05-28 16:12:59]     spatial_conv=[4, 29] top_abs_channels=[('O1', 0.16150063), ('O2', 0.15068212), ('Pz', 0.13740036), ('T3', 0.12856817), ('T4', 0.12631986), ('Fz', 0.12498736), ('Fp1', 0.12134995), ('CP3', 0.12100759)]
[2026-05-28 16:12:59]     spatial_update=delta_l2=0.33469445 max_abs=0.05103615 relative=0.28043593 changed=True

[2026-05-28 16:13:00] Fold 5/5 | subject=18
[2026-05-28 16:13:00]     Train: 32 | counts=[16, 16]
[2026-05-28 16:13:00]     Test:  8 | counts=[4, 4]
[2026-05-28 16:13:00]     Model: SignalJEPA_PreLocal | Pretrained: from_pretrained | Strategy: new
[2026-05-28 16:13:00]     Normalization: none | fit_scope=none
[2026-05-28 16:13:00]     Phase 1 (new): 2,170/16,010 params
[2026-05-28 16:13:00]     Result | best_epoch=50 | stop=50 | final_phase_epochs=50 | acc=0.7500 | bal_acc=0.7500 | pred_hist=[6, 2] | collapse=False
[2026-05-28 16:13:00]     spatial_conv=[4, 29] top_abs_channels=[('O1', 0.16289392), ('O2', 0.15964836), ('T3', 0.14594202), ('Pz', 0.1431419), ('Fz', 0.12518622), ('CP3', 0.12328181), ('T4', 0.11299512), ('P4', 0.10677809)]
[2026-05-28 16:13:00]     spatial_update=delta_l2=0.32367755 max_abs=0.05033030 relative=0.27120502 changed=True
[2026-05-28 16:13:00]   Subject 18: acc=0.8000±0.1000  bal_acc=0.8000±0.1000
[2026-05-28 16:13:00] \nSubject 19: 40 windows | class_counts=[20, 20]

[2026-05-28 16:13:01] Fold 1/5 | subject=19
[2026-05-28 16:13:01]     Train: 32 | counts=[16, 16]
[2026-05-28 16:13:01]     Test:  8 | counts=[4, 4]
[2026-05-28 16:13:01]     Model: SignalJEPA_PreLocal | Pretrained: from_pretrained | Strategy: new
[2026-05-28 16:13:01]     Normalization: none | fit_scope=none
[2026-05-28 16:13:01]     Phase 1 (new): 2,170/16,010 params
[2026-05-28 16:13:01]     Result | best_epoch=1 | stop=11 | final_phase_epochs=11 | acc=0.5000 | bal_acc=0.5000 | pred_hist=[0, 8] | collapse=True
[2026-05-28 16:13:01]     spatial_conv=[4, 29] top_abs_channels=[('Pz', 0.15393895), ('O2', 0.14369139), ('T3', 0.12763475), ('O1', 0.12276212), ('T4', 0.1216376), ('CP3', 0.1206744), ('C3', 0.11613081), ('CP4', 0.11048339)]
[2026-05-28 16:13:01]     spatial_update=delta_l2=0.00969227 max_abs=0.00090000 relative=0.00812102 changed=True

[2026-05-28 16:13:02] Fold 2/5 | subject=19
[2026-05-28 16:13:02]     Train: 32 | counts=[16, 16]
[2026-05-28 16:13:02]     Test:  8 | counts=[4, 4]
[2026-05-28 16:13:02]     Model: SignalJEPA_PreLocal | Pretrained: from_pretrained | Strategy: new
[2026-05-28 16:13:02]     Normalization: none | fit_scope=none
[2026-05-28 16:13:02]     Phase 1 (new): 2,170/16,010 params
[2026-05-28 16:13:02]     Result | best_epoch=50 | stop=50 | final_phase_epochs=50 | acc=0.1250 | bal_acc=0.1250 | pred_hist=[3, 5] | collapse=False
[2026-05-28 16:13:02]     spatial_conv=[4, 29] top_abs_channels=[('T3', 0.15964085), ('O2', 0.15039487), ('Pz', 0.14308739), ('O1', 0.13165106), ('CP3', 0.12104087), ('F7', 0.11593781), ('T5', 0.11499906), ('TP8', 0.11374334)]
[2026-05-28 16:13:02]     spatial_update=delta_l2=0.27317651 max_abs=0.04776661 relative=0.22889088 changed=True

[2026-05-28 16:13:03] Fold 3/5 | subject=19
[2026-05-28 16:13:03]     Train: 32 | counts=[16, 16]
[2026-05-28 16:13:03]     Test:  8 | counts=[4, 4]
[2026-05-28 16:13:03]     Model: SignalJEPA_PreLocal | Pretrained: from_pretrained | Strategy: new
[2026-05-28 16:13:03]     Normalization: none | fit_scope=none
[2026-05-28 16:13:03]     Phase 1 (new): 2,170/16,010 params
[2026-05-28 16:13:03]     Result | best_epoch=1 | stop=11 | final_phase_epochs=11 | acc=0.5000 | bal_acc=0.5000 | pred_hist=[0, 8] | collapse=True
[2026-05-28 16:13:03]     spatial_conv=[4, 29] top_abs_channels=[('Pz', 0.15393889), ('O2', 0.14369139), ('T3', 0.12718458), ('O1', 0.12231211), ('T4', 0.12208758), ('CP3', 0.12112437), ('C3', 0.11613087), ('CP4', 0.11093337)]
[2026-05-28 16:13:03]     spatial_update=delta_l2=0.00969290 max_abs=0.00090000 relative=0.00812155 changed=True

[2026-05-28 16:13:04] Fold 4/5 | subject=19
[2026-05-28 16:13:04]     Train: 32 | counts=[16, 16]
[2026-05-28 16:13:04]     Test:  8 | counts=[4, 4]
[2026-05-28 16:13:04]     Model: SignalJEPA_PreLocal | Pretrained: from_pretrained | Strategy: new
[2026-05-28 16:13:04]     Normalization: none | fit_scope=none
[2026-05-28 16:13:04]     Phase 1 (new): 2,170/16,010 params
[2026-05-28 16:13:04]     Result | best_epoch=1 | stop=11 | final_phase_epochs=11 | acc=0.5000 | bal_acc=0.5000 | pred_hist=[0, 8] | collapse=True
[2026-05-28 16:13:04]     spatial_conv=[4, 29] top_abs_channels=[('Pz', 0.15348896), ('O2', 0.14459139), ('T3', 0.12628478), ('T4', 0.12253758), ('O1', 0.12186211), ('CP3', 0.12112379), ('C3', 0.11568089), ('CP4', 0.11093308)]
[2026-05-28 16:13:04]     spatial_update=delta_l2=0.00969278 max_abs=0.00090000 relative=0.00812144 changed=True

[2026-05-28 16:13:05] Fold 5/5 | subject=19
[2026-05-28 16:13:05]     Train: 32 | counts=[16, 16]
[2026-05-28 16:13:05]     Test:  8 | counts=[4, 4]
[2026-05-28 16:13:05]     Model: SignalJEPA_PreLocal | Pretrained: from_pretrained | Strategy: new
[2026-05-28 16:13:05]     Normalization: none | fit_scope=none
[2026-05-28 16:13:05]     Phase 1 (new): 2,170/16,010 params
[2026-05-28 16:13:05]     Result | best_epoch=50 | stop=50 | final_phase_epochs=50 | acc=0.5000 | bal_acc=0.5000 | pred_hist=[4, 4] | collapse=False
[2026-05-28 16:13:05]     spatial_conv=[4, 29] top_abs_channels=[('Pz', 0.17056528), ('T3', 0.14281563), ('O2', 0.14207345), ('CP3', 0.13651372), ('O1', 0.12980682), ('C3', 0.11839125), ('T4', 0.11805505), ('P4', 0.11765756)]
[2026-05-28 16:13:05]     spatial_update=delta_l2=0.25901899 max_abs=0.04798824 relative=0.21702849 changed=True
[2026-05-28 16:13:05]   Subject 19: acc=0.4250±0.1500  bal_acc=0.4250±0.1500
[2026-05-28 16:13:05] \nSubject 20: 40 windows | class_counts=[20, 20]

[2026-05-28 16:13:06] Fold 1/5 | subject=20
[2026-05-28 16:13:06]     Train: 32 | counts=[16, 16]
[2026-05-28 16:13:06]     Test:  8 | counts=[4, 4]
[2026-05-28 16:13:06]     Model: SignalJEPA_PreLocal | Pretrained: from_pretrained | Strategy: new
[2026-05-28 16:13:06]     Normalization: none | fit_scope=none
[2026-05-28 16:13:06]     Phase 1 (new): 2,170/16,010 params
[2026-05-28 16:13:06]     Result | best_epoch=50 | stop=50 | final_phase_epochs=50 | acc=0.6250 | bal_acc=0.6250 | pred_hist=[5, 3] | collapse=False
[2026-05-28 16:13:06]     spatial_conv=[4, 29] top_abs_channels=[('Pz', 0.14968209), ('O2', 0.14888443), ('O1', 0.13644639), ('T4', 0.12850027), ('Fz', 0.1186251), ('Fp1', 0.11759238), ('T3', 0.11672573), ('C3', 0.11301688)]
[2026-05-28 16:13:06]     spatial_update=delta_l2=0.26219926 max_abs=0.04743792 relative=0.21969319 changed=True

[2026-05-28 16:13:07] Fold 2/5 | subject=20
[2026-05-28 16:13:07]     Train: 32 | counts=[16, 16]
[2026-05-28 16:13:07]     Test:  8 | counts=[4, 4]
[2026-05-28 16:13:07]     Model: SignalJEPA_PreLocal | Pretrained: from_pretrained | Strategy: new
[2026-05-28 16:13:07]     Normalization: none | fit_scope=none
[2026-05-28 16:13:07]     Phase 1 (new): 2,170/16,010 params
[2026-05-28 16:13:07]     Result | best_epoch=1 | stop=11 | final_phase_epochs=11 | acc=0.3750 | bal_acc=0.3750 | pred_hist=[1, 7] | collapse=False
[2026-05-28 16:13:07]     spatial_conv=[4, 29] top_abs_channels=[('Pz', 0.15258899), ('O2', 0.14414139), ('T3', 0.12718475), ('T4', 0.1220876), ('O1', 0.12186212), ('CP3', 0.12112442), ('C3', 0.11478091), ('CP4', 0.11093313)]
[2026-05-28 16:13:07]     spatial_update=delta_l2=0.00969303 max_abs=0.00090000 relative=0.00812166 changed=True

[2026-05-28 16:13:08] Fold 3/5 | subject=20
[2026-05-28 16:13:08]     Train: 32 | counts=[16, 16]
[2026-05-28 16:13:08]     Test:  8 | counts=[4, 4]
[2026-05-28 16:13:08]     Model: SignalJEPA_PreLocal | Pretrained: from_pretrained | Strategy: new
[2026-05-28 16:13:08]     Normalization: none | fit_scope=none
[2026-05-28 16:13:08]     Phase 1 (new): 2,170/16,010 params
[2026-05-28 16:13:08]     Result | best_epoch=1 | stop=11 | final_phase_epochs=11 | acc=0.5000 | bal_acc=0.5000 | pred_hist=[0, 8] | collapse=True
[2026-05-28 16:13:08]     spatial_conv=[4, 29] top_abs_channels=[('Pz', 0.15348895), ('O2', 0.14369139), ('T3', 0.12718478), ('T4', 0.12253765), ('O1', 0.12186211), ('CP3', 0.12112439), ('C3', 0.1147809), ('CP4', 0.11003316)]
[2026-05-28 16:13:08]     spatial_update=delta_l2=0.00969299 max_abs=0.00090000 relative=0.00812163 changed=True

[2026-05-28 16:13:08] Fold 4/5 | subject=20
[2026-05-28 16:13:08]     Train: 32 | counts=[16, 16]
[2026-05-28 16:13:08]     Test:  8 | counts=[4, 4]
[2026-05-28 16:13:08]     Model: SignalJEPA_PreLocal | Pretrained: from_pretrained | Strategy: new
[2026-05-28 16:13:08]     Normalization: none | fit_scope=none
[2026-05-28 16:13:08]     Phase 1 (new): 2,170/16,010 params
[2026-05-28 16:13:09]     Result | best_epoch=50 | stop=50 | final_phase_epochs=50 | acc=0.8750 | bal_acc=0.8750 | pred_hist=[5, 3] | collapse=False
[2026-05-28 16:13:09]     spatial_conv=[4, 29] top_abs_channels=[('Pz', 0.15447961), ('O2', 0.13757363), ('T4', 0.13559273), ('O1', 0.13470621), ('T3', 0.1291316), ('Fp1', 0.12198807), ('C3', 0.11947478), ('CP3', 0.11215737)]
[2026-05-28 16:13:09]     spatial_update=delta_l2=0.26118410 max_abs=0.05006407 relative=0.21884261 changed=True

[2026-05-28 16:13:10] Fold 5/5 | subject=20
[2026-05-28 16:13:10]     Train: 32 | counts=[16, 16]
[2026-05-28 16:13:10]     Test:  8 | counts=[4, 4]
[2026-05-28 16:13:10]     Model: SignalJEPA_PreLocal | Pretrained: from_pretrained | Strategy: new
[2026-05-28 16:13:10]     Normalization: none | fit_scope=none
[2026-05-28 16:13:10]     Phase 1 (new): 2,170/16,010 params
[2026-05-28 16:13:10]     Result | best_epoch=50 | stop=50 | final_phase_epochs=50 | acc=0.7500 | bal_acc=0.7500 | pred_hist=[2, 6] | collapse=False
[2026-05-28 16:13:10]     spatial_conv=[4, 29] top_abs_channels=[('Pz', 0.15547356), ('O2', 0.13792506), ('O1', 0.13768411), ('T4', 0.12594445), ('T3', 0.12405769), ('Fp1', 0.11653471), ('CP3', 0.11024474), ('Fz', 0.10764752)]
[2026-05-28 16:13:10]     spatial_update=delta_l2=0.27449298 max_abs=0.05065772 relative=0.22999393 changed=True
[2026-05-28 16:13:10]   Subject 20: acc=0.6250±0.1768  bal_acc=0.6250±0.1768
[2026-05-28 16:13:10] \nSubject 21: 40 windows | class_counts=[20, 20]

[2026-05-28 16:13:11] Fold 1/5 | subject=21
[2026-05-28 16:13:11]     Train: 32 | counts=[16, 16]
[2026-05-28 16:13:11]     Test:  8 | counts=[4, 4]
[2026-05-28 16:13:11]     Model: SignalJEPA_PreLocal | Pretrained: from_pretrained | Strategy: new
[2026-05-28 16:13:11]     Normalization: none | fit_scope=none
[2026-05-28 16:13:11]     Phase 1 (new): 2,170/16,010 params
[2026-05-28 16:13:12]     Result | best_epoch=50 | stop=50 | final_phase_epochs=50 | acc=0.6250 | bal_acc=0.6250 | pred_hist=[3, 5] | collapse=False
[2026-05-28 16:13:12]     spatial_conv=[4, 29] top_abs_channels=[('Pz', 0.15571812), ('O2', 0.14915736), ('CP3', 0.13872612), ('CP4', 0.13317454), ('Fp1', 0.12772129), ('O1', 0.12338034), ('T3', 0.11827643), ('P3', 0.10797778)]
[2026-05-28 16:13:12]     spatial_update=delta_l2=0.24051452 max_abs=0.04704133 relative=0.20152385 changed=True

[2026-05-28 16:13:12] Fold 2/5 | subject=21
[2026-05-28 16:13:12]     Train: 32 | counts=[16, 16]
[2026-05-28 16:13:12]     Test:  8 | counts=[4, 4]
[2026-05-28 16:13:12]     Model: SignalJEPA_PreLocal | Pretrained: from_pretrained | Strategy: new
[2026-05-28 16:13:12]     Normalization: none | fit_scope=none
[2026-05-28 16:13:12]     Phase 1 (new): 2,170/16,010 params
[2026-05-28 16:13:13]     Result | best_epoch=30 | stop=40 | final_phase_epochs=40 | acc=0.5000 | bal_acc=0.5000 | pred_hist=[0, 8] | collapse=True
[2026-05-28 16:13:13]     spatial_conv=[4, 29] top_abs_channels=[('Pz', 0.15699998), ('T3', 0.13836563), ('O2', 0.13442373), ('Fp1', 0.12423079), ('O1', 0.12224671), ('T4', 0.1205719), ('CP3', 0.11964545), ('Fz', 0.11800754)]
[2026-05-28 16:13:13]     spatial_update=delta_l2=0.13661963 max_abs=0.02919246 relative=0.11447173 changed=True

[2026-05-28 16:13:13] Fold 3/5 | subject=21
[2026-05-28 16:13:13]     Train: 32 | counts=[16, 16]
[2026-05-28 16:13:13]     Test:  8 | counts=[4, 4]
[2026-05-28 16:13:13]     Model: SignalJEPA_PreLocal | Pretrained: from_pretrained | Strategy: new
[2026-05-28 16:13:13]     Normalization: none | fit_scope=none
[2026-05-28 16:13:13]     Phase 1 (new): 2,170/16,010 params
[2026-05-28 16:13:14]     Result | best_epoch=50 | stop=50 | final_phase_epochs=50 | acc=0.5000 | bal_acc=0.5000 | pred_hist=[4, 4] | collapse=False
[2026-05-28 16:13:14]     spatial_conv=[4, 29] top_abs_channels=[('Pz', 0.15007457), ('T3', 0.13929619), ('O2', 0.13853206), ('CP4', 0.1339964), ('CP3', 0.13222086), ('O1', 0.13037358), ('Fp1', 0.12722367), ('P3', 0.12229032)]
[2026-05-28 16:13:14]     spatial_update=delta_l2=0.25128714 max_abs=0.04719324 relative=0.21055008 changed=True

[2026-05-28 16:13:14] Fold 4/5 | subject=21
[2026-05-28 16:13:14]     Train: 32 | counts=[16, 16]
[2026-05-28 16:13:14]     Test:  8 | counts=[4, 4]
[2026-05-28 16:13:14]     Model: SignalJEPA_PreLocal | Pretrained: from_pretrained | Strategy: new
[2026-05-28 16:13:14]     Normalization: none | fit_scope=none
[2026-05-28 16:13:14]     Phase 1 (new): 2,170/16,010 params
[2026-05-28 16:13:15]     Result | best_epoch=30 | stop=39 | final_phase_epochs=39 | acc=0.7500 | bal_acc=0.7500 | pred_hist=[2, 6] | collapse=False
[2026-05-28 16:13:15]     spatial_conv=[4, 29] top_abs_channels=[('Pz', 0.15519638), ('O2', 0.15201229), ('CP3', 0.12871386), ('T3', 0.12409963), ('CP4', 0.12361711), ('O1', 0.11676208), ('T4', 0.11573266), ('Fp1', 0.11475847)]
[2026-05-28 16:13:15]     spatial_update=delta_l2=0.15079381 max_abs=0.02668035 relative=0.12634809 changed=True

[2026-05-28 16:13:16] Fold 5/5 | subject=21
[2026-05-28 16:13:16]     Train: 32 | counts=[16, 16]
[2026-05-28 16:13:16]     Test:  8 | counts=[4, 4]
[2026-05-28 16:13:16]     Model: SignalJEPA_PreLocal | Pretrained: from_pretrained | Strategy: new
[2026-05-28 16:13:16]     Normalization: none | fit_scope=none
[2026-05-28 16:13:16]     Phase 1 (new): 2,170/16,010 params
[2026-05-28 16:13:16]     Result | best_epoch=50 | stop=50 | final_phase_epochs=50 | acc=0.6250 | bal_acc=0.6250 | pred_hist=[3, 5] | collapse=False
[2026-05-28 16:13:16]     spatial_conv=[4, 29] top_abs_channels=[('Pz', 0.14910838), ('O2', 0.14777806), ('P3', 0.13573921), ('O1', 0.1328423), ('Fp1', 0.13194531), ('C3', 0.1312535), ('CP4', 0.12682326), ('CP3', 0.1266706)]
[2026-05-28 16:13:16]     spatial_update=delta_l2=0.25072657 max_abs=0.04613980 relative=0.21008039 changed=True
[2026-05-28 16:13:16]   Subject 21: acc=0.6000±0.0935  bal_acc=0.6000±0.0935
[2026-05-28 16:13:16] \nSubject 22: 40 windows | class_counts=[20, 20]

[2026-05-28 16:13:17] Fold 1/5 | subject=22
[2026-05-28 16:13:17]     Train: 32 | counts=[16, 16]
[2026-05-28 16:13:17]     Test:  8 | counts=[4, 4]
[2026-05-28 16:13:17]     Model: SignalJEPA_PreLocal | Pretrained: from_pretrained | Strategy: new
[2026-05-28 16:13:17]     Normalization: none | fit_scope=none
[2026-05-28 16:13:17]     Phase 1 (new): 2,170/16,010 params
[2026-05-28 16:13:17]     Result | best_epoch=50 | stop=50 | final_phase_epochs=50 | acc=1.0000 | bal_acc=1.0000 | pred_hist=[4, 4] | collapse=False
[2026-05-28 16:13:17]     spatial_conv=[4, 29] top_abs_channels=[('Pz', 0.15149911), ('O2', 0.14654779), ('CP3', 0.12947735), ('Fp1', 0.11895747), ('T3', 0.11875252), ('T4', 0.1164441), ('O1', 0.11549988), ('Fz', 0.11294334)]
[2026-05-28 16:13:17]     spatial_update=delta_l2=0.21120945 max_abs=0.04191971 relative=0.17696952 changed=True

[2026-05-28 16:13:18] Fold 2/5 | subject=22
[2026-05-28 16:13:18]     Train: 32 | counts=[16, 16]
[2026-05-28 16:13:18]     Test:  8 | counts=[4, 4]
[2026-05-28 16:13:18]     Model: SignalJEPA_PreLocal | Pretrained: from_pretrained | Strategy: new
[2026-05-28 16:13:18]     Normalization: none | fit_scope=none
[2026-05-28 16:13:18]     Phase 1 (new): 2,170/16,010 params
[2026-05-28 16:13:19]     Result | best_epoch=50 | stop=50 | final_phase_epochs=50 | acc=0.6250 | bal_acc=0.6250 | pred_hist=[3, 5] | collapse=False
[2026-05-28 16:13:19]     spatial_conv=[4, 29] top_abs_channels=[('O2', 0.15447295), ('Pz', 0.14615168), ('CP3', 0.13755736), ('Fp1', 0.12704237), ('O1', 0.12416067), ('T3', 0.12241903), ('C3', 0.10934275), ('Fz', 0.10697529)]
[2026-05-28 16:13:19]     spatial_update=delta_l2=0.23393719 max_abs=0.04449281 relative=0.19601279 changed=True

[2026-05-28 16:13:19] Fold 3/5 | subject=22
[2026-05-28 16:13:19]     Train: 32 | counts=[16, 16]
[2026-05-28 16:13:19]     Test:  8 | counts=[4, 4]
[2026-05-28 16:13:19]     Model: SignalJEPA_PreLocal | Pretrained: from_pretrained | Strategy: new
[2026-05-28 16:13:19]     Normalization: none | fit_scope=none
[2026-05-28 16:13:19]     Phase 1 (new): 2,170/16,010 params
[2026-05-28 16:13:20]     Result | best_epoch=50 | stop=50 | final_phase_epochs=50 | acc=1.0000 | bal_acc=1.0000 | pred_hist=[4, 4] | collapse=False
[2026-05-28 16:13:20]     spatial_conv=[4, 29] top_abs_channels=[('Pz', 0.14817634), ('O2', 0.14218459), ('CP3', 0.13153873), ('Fp1', 0.12628408), ('T4', 0.12509631), ('O1', 0.11708995), ('T3', 0.11603346), ('C3', 0.11194444)]
[2026-05-28 16:13:20]     spatial_update=delta_l2=0.21675828 max_abs=0.04663970 relative=0.18161882 changed=True

[2026-05-28 16:13:20] Fold 4/5 | subject=22
[2026-05-28 16:13:20]     Train: 32 | counts=[16, 16]
[2026-05-28 16:13:20]     Test:  8 | counts=[4, 4]
[2026-05-28 16:13:20]     Model: SignalJEPA_PreLocal | Pretrained: from_pretrained | Strategy: new
[2026-05-28 16:13:20]     Normalization: none | fit_scope=none
[2026-05-28 16:13:20]     Phase 1 (new): 2,170/16,010 params
[2026-05-28 16:13:21]     Result | best_epoch=50 | stop=50 | final_phase_epochs=50 | acc=1.0000 | bal_acc=1.0000 | pred_hist=[4, 4] | collapse=False
[2026-05-28 16:13:21]     spatial_conv=[4, 29] top_abs_channels=[('Pz', 0.14658226), ('O2', 0.13122815), ('CP3', 0.13090059), ('Fp1', 0.1246709), ('C3', 0.11776288), ('T4', 0.11705048), ('T3', 0.11688814), ('Fz', 0.11653706)]
[2026-05-28 16:13:21]     spatial_update=delta_l2=0.20901582 max_abs=0.03850003 relative=0.17513151 changed=True

[2026-05-28 16:13:22] Fold 5/5 | subject=22
[2026-05-28 16:13:22]     Train: 32 | counts=[16, 16]
[2026-05-28 16:13:22]     Test:  8 | counts=[4, 4]
[2026-05-28 16:13:22]     Model: SignalJEPA_PreLocal | Pretrained: from_pretrained | Strategy: new
[2026-05-28 16:13:22]     Normalization: none | fit_scope=none
[2026-05-28 16:13:22]     Phase 1 (new): 2,170/16,010 params
[2026-05-28 16:13:22]     Result | best_epoch=50 | stop=50 | final_phase_epochs=50 | acc=0.8750 | bal_acc=0.8750 | pred_hist=[3, 5] | collapse=False
[2026-05-28 16:13:22]     spatial_conv=[4, 29] top_abs_channels=[('Pz', 0.14259759), ('CP3', 0.13735966), ('O2', 0.133985), ('T3', 0.12839463), ('O1', 0.12503484), ('Fp1', 0.12252769), ('C3', 0.118567), ('F7', 0.11728181)]
[2026-05-28 16:13:22]     spatial_update=delta_l2=0.23013156 max_abs=0.04649792 relative=0.19282410 changed=True
[2026-05-28 16:13:22]   Subject 22: acc=0.9000±0.1458  bal_acc=0.9000±0.1458
[2026-05-28 16:13:22] \nSubject 23: 40 windows | class_counts=[20, 20]

[2026-05-28 16:13:23] Fold 1/5 | subject=23
[2026-05-28 16:13:23]     Train: 32 | counts=[16, 16]
[2026-05-28 16:13:23]     Test:  8 | counts=[4, 4]
[2026-05-28 16:13:23]     Model: SignalJEPA_PreLocal | Pretrained: from_pretrained | Strategy: new
[2026-05-28 16:13:23]     Normalization: none | fit_scope=none
[2026-05-28 16:13:23]     Phase 1 (new): 2,170/16,010 params
[2026-05-28 16:13:23]     Result | best_epoch=1 | stop=11 | final_phase_epochs=11 | acc=0.5000 | bal_acc=0.5000 | pred_hist=[0, 8] | collapse=True
[2026-05-28 16:13:23]     spatial_conv=[4, 29] top_abs_channels=[('Pz', 0.15348899), ('O2', 0.14369139), ('T3', 0.12673482), ('T4', 0.1220876), ('O1', 0.12141213), ('CP3', 0.12067441), ('C3', 0.1156809), ('Fp1', 0.11025673)]
[2026-05-28 16:13:23]     spatial_update=delta_l2=0.00969283 max_abs=0.00090000 relative=0.00812149 changed=True

[2026-05-28 16:13:24] Fold 2/5 | subject=23
[2026-05-28 16:13:24]     Train: 32 | counts=[16, 16]
[2026-05-28 16:13:24]     Test:  8 | counts=[4, 4]
[2026-05-28 16:13:24]     Model: SignalJEPA_PreLocal | Pretrained: from_pretrained | Strategy: new
[2026-05-28 16:13:24]     Normalization: none | fit_scope=none
[2026-05-28 16:13:24]     Phase 1 (new): 2,170/16,010 params
[2026-05-28 16:13:24]     Result | best_epoch=1 | stop=11 | final_phase_epochs=11 | acc=0.5000 | bal_acc=0.5000 | pred_hist=[0, 8] | collapse=True
[2026-05-28 16:13:24]     spatial_conv=[4, 29] top_abs_channels=[('Pz', 0.15303901), ('O2', 0.14414138), ('T3', 0.12718476), ('O1', 0.12276208), ('T4', 0.1220876), ('CP3', 0.12067444), ('C3', 0.11568084), ('CP4', 0.11048324)]
[2026-05-28 16:13:24]     spatial_update=delta_l2=0.00969292 max_abs=0.00090000 relative=0.00812157 changed=True

[2026-05-28 16:13:24] Fold 3/5 | subject=23
[2026-05-28 16:13:24]     Train: 32 | counts=[16, 16]
[2026-05-28 16:13:24]     Test:  8 | counts=[4, 4]
[2026-05-28 16:13:24]     Model: SignalJEPA_PreLocal | Pretrained: from_pretrained | Strategy: new
[2026-05-28 16:13:24]     Normalization: none | fit_scope=none
[2026-05-28 16:13:24]     Phase 1 (new): 2,170/16,010 params
[2026-05-28 16:13:25]     Result | best_epoch=1 | stop=11 | final_phase_epochs=11 | acc=0.5000 | bal_acc=0.5000 | pred_hist=[0, 8] | collapse=True
[2026-05-28 16:13:25]     spatial_conv=[4, 29] top_abs_channels=[('Pz', 0.15258902), ('O2', 0.14459132), ('T3', 0.12628479), ('T4', 0.12298758), ('O1', 0.12231211), ('CP3', 0.12157436), ('C3', 0.1147809), ('CP4', 0.11003315)]
[2026-05-28 16:13:25]     spatial_update=delta_l2=0.00969243 max_abs=0.00090000 relative=0.00812115 changed=True

[2026-05-28 16:13:25] Fold 4/5 | subject=23
[2026-05-28 16:13:25]     Train: 32 | counts=[16, 16]
[2026-05-28 16:13:25]     Test:  8 | counts=[4, 4]
[2026-05-28 16:13:25]     Model: SignalJEPA_PreLocal | Pretrained: from_pretrained | Strategy: new
[2026-05-28 16:13:25]     Normalization: none | fit_scope=none
[2026-05-28 16:13:25]     Phase 1 (new): 2,170/16,010 params
[2026-05-28 16:13:25]     Result | best_epoch=1 | stop=11 | final_phase_epochs=11 | acc=0.5000 | bal_acc=0.5000 | pred_hist=[0, 8] | collapse=True
[2026-05-28 16:13:25]     spatial_conv=[4, 29] top_abs_channels=[('Pz', 0.15303904), ('O2', 0.14459135), ('T3', 0.12628479), ('T4', 0.12298758), ('O1', 0.12141217), ('CP3', 0.12112439), ('C3', 0.11478089), ('CP4', 0.11093311)]
[2026-05-28 16:13:25]     spatial_update=delta_l2=0.00969295 max_abs=0.00090000 relative=0.00812159 changed=True

[2026-05-28 16:13:26] Fold 5/5 | subject=23
[2026-05-28 16:13:26]     Train: 32 | counts=[16, 16]
[2026-05-28 16:13:26]     Test:  8 | counts=[4, 4]
[2026-05-28 16:13:26]     Model: SignalJEPA_PreLocal | Pretrained: from_pretrained | Strategy: new
[2026-05-28 16:13:26]     Normalization: none | fit_scope=none
[2026-05-28 16:13:26]     Phase 1 (new): 2,170/16,010 params
[2026-05-28 16:13:26]     Result | best_epoch=2 | stop=11 | final_phase_epochs=11 | acc=0.5000 | bal_acc=0.5000 | pred_hist=[0, 8] | collapse=True
[2026-05-28 16:13:26]     spatial_conv=[4, 29] top_abs_channels=[('Pz', 0.15393899), ('O2', 0.14324138), ('T3', 0.12718478), ('T4', 0.12253759), ('O1', 0.12186213), ('CP3', 0.12112439), ('C3', 0.11523086), ('Fp1', 0.11070673)]
[2026-05-28 16:13:26]     spatial_update=delta_l2=0.00969307 max_abs=0.00090000 relative=0.00812170 changed=True
[2026-05-28 16:13:26]   Subject 23: acc=0.5000±0.0000  bal_acc=0.5000±0.0000
[2026-05-28 16:13:26] \nSubject 24: 40 windows | class_counts=[20, 20]

[2026-05-28 16:13:27] Fold 1/5 | subject=24
[2026-05-28 16:13:27]     Train: 32 | counts=[16, 16]
[2026-05-28 16:13:27]     Test:  8 | counts=[4, 4]
[2026-05-28 16:13:27]     Model: SignalJEPA_PreLocal | Pretrained: from_pretrained | Strategy: new
[2026-05-28 16:13:27]     Normalization: none | fit_scope=none
[2026-05-28 16:13:27]     Phase 1 (new): 2,170/16,010 params
[2026-05-28 16:13:27]     Result | best_epoch=4 | stop=12 | final_phase_epochs=12 | acc=0.5000 | bal_acc=0.5000 | pred_hist=[0, 8] | collapse=True
[2026-05-28 16:13:27]     spatial_conv=[4, 29] top_abs_channels=[('Pz', 0.15217379), ('O2', 0.14491472), ('T3', 0.12509024), ('O1', 0.12213131), ('T4', 0.12204271), ('CP3', 0.12113883), ('C3', 0.11395656), ('CP4', 0.11175027)]
[2026-05-28 16:13:27]     spatial_update=delta_l2=0.01659590 max_abs=0.00180119 relative=0.01390548 changed=True

[2026-05-28 16:13:27] Fold 2/5 | subject=24
[2026-05-28 16:13:27]     Train: 32 | counts=[16, 16]
[2026-05-28 16:13:27]     Test:  8 | counts=[4, 4]
[2026-05-28 16:13:27]     Model: SignalJEPA_PreLocal | Pretrained: from_pretrained | Strategy: new
[2026-05-28 16:13:27]     Normalization: none | fit_scope=none
[2026-05-28 16:13:27]     Phase 1 (new): 2,170/16,010 params
[2026-05-28 16:13:27]     Result | best_epoch=6 | stop=14 | final_phase_epochs=14 | acc=0.5000 | bal_acc=0.5000 | pred_hist=[0, 8] | collapse=True
[2026-05-28 16:13:27]     spatial_conv=[4, 29] top_abs_channels=[('Pz', 0.15077831), ('O2', 0.14506963), ('T3', 0.12351187), ('O1', 0.12273702), ('CP3', 0.12223944), ('T4', 0.12166692), ('C3', 0.11178411), ('CP4', 0.11087221)]
[2026-05-28 16:13:27]     spatial_update=delta_l2=0.03229960 max_abs=0.00358418 relative=0.02706339 changed=True

[2026-05-28 16:13:28] Fold 3/5 | subject=24
[2026-05-28 16:13:28]     Train: 32 | counts=[16, 16]
[2026-05-28 16:13:28]     Test:  8 | counts=[4, 4]
[2026-05-28 16:13:28]     Model: SignalJEPA_PreLocal | Pretrained: from_pretrained | Strategy: new
[2026-05-28 16:13:28]     Normalization: none | fit_scope=none
[2026-05-28 16:13:28]     Phase 1 (new): 2,170/16,010 params
[2026-05-28 16:13:28]     Result | best_epoch=1 | stop=11 | final_phase_epochs=11 | acc=0.5000 | bal_acc=0.5000 | pred_hist=[0, 8] | collapse=True
[2026-05-28 16:13:28]     spatial_conv=[4, 29] top_abs_channels=[('Pz', 0.15303901), ('O2', 0.14459135), ('T3', 0.12583479), ('O1', 0.12231213), ('T4', 0.1216376), ('CP3', 0.12112439), ('C3', 0.1147809), ('CP4', 0.1113834)]
[2026-05-28 16:13:28]     spatial_update=delta_l2=0.00969285 max_abs=0.00090000 relative=0.00812151 changed=True

[2026-05-28 16:13:29] Fold 4/5 | subject=24
[2026-05-28 16:13:29]     Train: 32 | counts=[16, 16]
[2026-05-28 16:13:29]     Test:  8 | counts=[4, 4]
[2026-05-28 16:13:29]     Model: SignalJEPA_PreLocal | Pretrained: from_pretrained | Strategy: new
[2026-05-28 16:13:29]     Normalization: none | fit_scope=none
[2026-05-28 16:13:29]     Phase 1 (new): 2,170/16,010 params
[2026-05-28 16:13:29]     Result | best_epoch=2 | stop=12 | final_phase_epochs=12 | acc=0.5000 | bal_acc=0.5000 | pred_hist=[0, 8] | collapse=True
[2026-05-28 16:13:29]     spatial_conv=[4, 29] top_abs_channels=[('Pz', 0.15184055), ('O2', 0.14500351), ('T3', 0.12503444), ('CP3', 0.12193464), ('T4', 0.12158516), ('O1', 0.12100635), ('C3', 0.11544125), ('CP4', 0.1116605)]
[2026-05-28 16:13:29]     spatial_update=delta_l2=0.01727473 max_abs=0.00180119 relative=0.01447426 changed=True

[2026-05-28 16:13:29] Fold 5/5 | subject=24
[2026-05-28 16:13:29]     Train: 32 | counts=[16, 16]
[2026-05-28 16:13:29]     Test:  8 | counts=[4, 4]
[2026-05-28 16:13:29]     Model: SignalJEPA_PreLocal | Pretrained: from_pretrained | Strategy: new
[2026-05-28 16:13:29]     Normalization: none | fit_scope=none
[2026-05-28 16:13:29]     Phase 1 (new): 2,170/16,010 params
[2026-05-28 16:13:30]     Result | best_epoch=6 | stop=14 | final_phase_epochs=14 | acc=0.5000 | bal_acc=0.5000 | pred_hist=[0, 8] | collapse=True
[2026-05-28 16:13:30]     spatial_conv=[4, 29] top_abs_channels=[('Pz', 0.15180622), ('O2', 0.14465591), ('T3', 0.12511358), ('CP3', 0.12128855), ('T4', 0.1209379), ('O1', 0.12093391), ('C3', 0.11336171), ('CP4', 0.11257521)]
[2026-05-28 16:13:30]     spatial_update=delta_l2=0.03028642 max_abs=0.00361009 relative=0.02537658 changed=True
[2026-05-28 16:13:30]   Subject 24: acc=0.5000±0.0000  bal_acc=0.5000±0.0000
[2026-05-28 16:13:30] \nSubject 25: 40 windows | class_counts=[20, 20]

[2026-05-28 16:13:30] Fold 1/5 | subject=25
[2026-05-28 16:13:30]     Train: 32 | counts=[16, 16]
[2026-05-28 16:13:30]     Test:  8 | counts=[4, 4]
[2026-05-28 16:13:30]     Model: SignalJEPA_PreLocal | Pretrained: from_pretrained | Strategy: new
[2026-05-28 16:13:30]     Normalization: none | fit_scope=none
[2026-05-28 16:13:30]     Phase 1 (new): 2,170/16,010 params
[2026-05-28 16:13:30]     Result | best_epoch=4 | stop=14 | final_phase_epochs=14 | acc=0.5000 | bal_acc=0.5000 | pred_hist=[0, 8] | collapse=True
[2026-05-28 16:13:30]     spatial_conv=[4, 29] top_abs_channels=[('Pz', 0.15385312), ('O2', 0.14418584), ('T3', 0.12698175), ('O1', 0.12326884), ('T4', 0.12325527), ('CP3', 0.12025008), ('C3', 0.11323261), ('CP4', 0.11224786)]
[2026-05-28 16:13:30]     spatial_update=delta_l2=0.03093182 max_abs=0.00360942 relative=0.02591735 changed=True

[2026-05-28 16:13:31] Fold 2/5 | subject=25
[2026-05-28 16:13:31]     Train: 32 | counts=[16, 16]
[2026-05-28 16:13:31]     Test:  8 | counts=[4, 4]
[2026-05-28 16:13:31]     Model: SignalJEPA_PreLocal | Pretrained: from_pretrained | Strategy: new
[2026-05-28 16:13:31]     Normalization: none | fit_scope=none
[2026-05-28 16:13:31]     Phase 1 (new): 2,170/16,010 params
[2026-05-28 16:13:31]     Result | best_epoch=1 | stop=11 | final_phase_epochs=11 | acc=0.5000 | bal_acc=0.5000 | pred_hist=[0, 8] | collapse=True
[2026-05-28 16:13:31]     spatial_conv=[4, 29] top_abs_channels=[('Pz', 0.15348899), ('O2', 0.14414138), ('T3', 0.12673476), ('T4', 0.12208758), ('O1', 0.12186215), ('CP3', 0.1206744), ('C3', 0.1147809), ('CP4', 0.11183312)]
[2026-05-28 16:13:31]     spatial_update=delta_l2=0.00969289 max_abs=0.00090000 relative=0.00812154 changed=True

[2026-05-28 16:13:32] Fold 3/5 | subject=25
[2026-05-28 16:13:32]     Train: 32 | counts=[16, 16]
[2026-05-28 16:13:32]     Test:  8 | counts=[4, 4]
[2026-05-28 16:13:32]     Model: SignalJEPA_PreLocal | Pretrained: from_pretrained | Strategy: new
[2026-05-28 16:13:32]     Normalization: none | fit_scope=none
[2026-05-28 16:13:32]     Phase 1 (new): 2,170/16,010 params
[2026-05-28 16:13:32]     Result | best_epoch=1 | stop=11 | final_phase_epochs=11 | acc=0.5000 | bal_acc=0.5000 | pred_hist=[0, 8] | collapse=True
[2026-05-28 16:13:32]     spatial_conv=[4, 29] top_abs_channels=[('Pz', 0.15258908), ('O2', 0.14459135), ('T3', 0.12583479), ('T4', 0.12253758), ('O1', 0.12141213), ('CP3', 0.12067439), ('C3', 0.11478092), ('CP4', 0.1118331)]
[2026-05-28 16:13:32]     spatial_update=delta_l2=0.00969314 max_abs=0.00090000 relative=0.00812175 changed=True

[2026-05-28 16:13:33] Fold 4/5 | subject=25
[2026-05-28 16:13:33]     Train: 32 | counts=[16, 16]
[2026-05-28 16:13:33]     Test:  8 | counts=[4, 4]
[2026-05-28 16:13:33]     Model: SignalJEPA_PreLocal | Pretrained: from_pretrained | Strategy: new
[2026-05-28 16:13:33]     Normalization: none | fit_scope=none
[2026-05-28 16:13:33]     Phase 1 (new): 2,170/16,010 params
[2026-05-28 16:13:33]     Result | best_epoch=1 | stop=11 | final_phase_epochs=11 | acc=0.5000 | bal_acc=0.5000 | pred_hist=[0, 8] | collapse=True
[2026-05-28 16:13:33]     spatial_conv=[4, 29] top_abs_channels=[('Pz', 0.15348901), ('O2', 0.14369138), ('T3', 0.12718473), ('O1', 0.12276211), ('T4', 0.1220876), ('CP3', 0.12112439), ('C3', 0.11523089), ('CP4', 0.11138315)]
[2026-05-28 16:13:33]     spatial_update=delta_l2=0.00969305 max_abs=0.00090000 relative=0.00812167 changed=True

[2026-05-28 16:13:33] Fold 5/5 | subject=25
[2026-05-28 16:13:33]     Train: 32 | counts=[16, 16]
[2026-05-28 16:13:33]     Test:  8 | counts=[4, 4]
[2026-05-28 16:13:33]     Model: SignalJEPA_PreLocal | Pretrained: from_pretrained | Strategy: new
[2026-05-28 16:13:33]     Normalization: none | fit_scope=none
[2026-05-28 16:13:33]     Phase 1 (new): 2,170/16,010 params
[2026-05-28 16:13:33]     Result | best_epoch=1 | stop=11 | final_phase_epochs=11 | acc=0.5000 | bal_acc=0.5000 | pred_hist=[0, 8] | collapse=True
[2026-05-28 16:13:33]     spatial_conv=[4, 29] top_abs_channels=[('Pz', 0.15303901), ('O2', 0.14369138), ('T3', 0.12628478), ('T4', 0.1220876), ('O1', 0.12186218), ('CP3', 0.12157436), ('C3', 0.1147809), ('CP4', 0.11093313)]
[2026-05-28 16:13:33]     spatial_update=delta_l2=0.00969301 max_abs=0.00090000 relative=0.00812164 changed=True
[2026-05-28 16:13:33]   Subject 25: acc=0.5000±0.0000  bal_acc=0.5000±0.0000
[2026-05-28 16:13:33] \nSubject 26: 40 windows | class_counts=[20, 20]

[2026-05-28 16:13:34] Fold 1/5 | subject=26
[2026-05-28 16:13:34]     Train: 32 | counts=[16, 16]
[2026-05-28 16:13:34]     Test:  8 | counts=[4, 4]
[2026-05-28 16:13:34]     Model: SignalJEPA_PreLocal | Pretrained: from_pretrained | Strategy: new
[2026-05-28 16:13:34]     Normalization: none | fit_scope=none
[2026-05-28 16:13:34]     Phase 1 (new): 2,170/16,010 params
[2026-05-28 16:13:34]     Result | best_epoch=25 | stop=35 | final_phase_epochs=35 | acc=0.5000 | bal_acc=0.5000 | pred_hist=[2, 6] | collapse=False
[2026-05-28 16:13:34]     spatial_conv=[4, 29] top_abs_channels=[('O2', 0.14999548), ('Pz', 0.1485716), ('CP3', 0.13556698), ('T4', 0.12641844), ('O1', 0.11935908), ('C3', 0.11891337), ('T3', 0.11880259), ('P4', 0.11202383)]
[2026-05-28 16:13:34]     spatial_update=delta_l2=0.13013937 max_abs=0.02094216 relative=0.10904201 changed=True

[2026-05-28 16:13:35] Fold 2/5 | subject=26
[2026-05-28 16:13:35]     Train: 32 | counts=[16, 16]
[2026-05-28 16:13:35]     Test:  8 | counts=[4, 4]
[2026-05-28 16:13:35]     Model: SignalJEPA_PreLocal | Pretrained: from_pretrained | Strategy: new
[2026-05-28 16:13:35]     Normalization: none | fit_scope=none
[2026-05-28 16:13:35]     Phase 1 (new): 2,170/16,010 params
[2026-05-28 16:13:35]     Result | best_epoch=4 | stop=14 | final_phase_epochs=14 | acc=0.5000 | bal_acc=0.5000 | pred_hist=[0, 8] | collapse=True
[2026-05-28 16:13:35]     spatial_conv=[4, 29] top_abs_channels=[('Pz', 0.15438741), ('O2', 0.14166826), ('T3', 0.12918922), ('O1', 0.12337486), ('T4', 0.12283163), ('CP3', 0.12070119), ('C3', 0.11629181), ('CP4', 0.11182597)]
[2026-05-28 16:13:35]     spatial_update=delta_l2=0.03093352 max_abs=0.00360055 relative=0.02591878 changed=True

[2026-05-28 16:13:36] Fold 3/5 | subject=26
[2026-05-28 16:13:36]     Train: 32 | counts=[16, 16]
[2026-05-28 16:13:36]     Test:  8 | counts=[4, 4]
[2026-05-28 16:13:36]     Model: SignalJEPA_PreLocal | Pretrained: from_pretrained | Strategy: new
[2026-05-28 16:13:36]     Normalization: none | fit_scope=none
[2026-05-28 16:13:36]     Phase 1 (new): 2,170/16,010 params
[2026-05-28 16:13:36]     Result | best_epoch=2 | stop=12 | final_phase_epochs=12 | acc=0.5000 | bal_acc=0.5000 | pred_hist=[0, 8] | collapse=True
[2026-05-28 16:13:36]     spatial_conv=[4, 29] top_abs_channels=[('Pz', 0.15388352), ('O2', 0.14342861), ('T3', 0.12799114), ('O1', 0.12316164), ('T4', 0.12288781), ('CP3', 0.12156388), ('C3', 0.11668469), ('CP4', 0.11147732)]
[2026-05-28 16:13:36]     spatial_update=delta_l2=0.01603879 max_abs=0.00180122 relative=0.01343869 changed=True

[2026-05-28 16:13:36] Fold 4/5 | subject=26
[2026-05-28 16:13:36]     Train: 32 | counts=[16, 16]
[2026-05-28 16:13:36]     Test:  8 | counts=[4, 4]
[2026-05-28 16:13:36]     Model: SignalJEPA_PreLocal | Pretrained: from_pretrained | Strategy: new
[2026-05-28 16:13:36]     Normalization: none | fit_scope=none
[2026-05-28 16:13:36]     Phase 1 (new): 2,170/16,010 params
[2026-05-28 16:13:37]     Result | best_epoch=3 | stop=12 | final_phase_epochs=12 | acc=0.5000 | bal_acc=0.5000 | pred_hist=[0, 8] | collapse=True
[2026-05-28 16:13:37]     spatial_conv=[4, 29] top_abs_channels=[('Pz', 0.15304777), ('O2', 0.14460179), ('T3', 0.12798902), ('O1', 0.12202732), ('T4', 0.12193148), ('CP3', 0.12182218), ('C3', 0.11510272), ('CP4', 0.11139994)]
[2026-05-28 16:13:37]     spatial_update=delta_l2=0.01533764 max_abs=0.00180115 relative=0.01285120 changed=True

[2026-05-28 16:13:37] Fold 5/5 | subject=26
[2026-05-28 16:13:37]     Train: 32 | counts=[16, 16]
[2026-05-28 16:13:37]     Test:  8 | counts=[4, 4]
[2026-05-28 16:13:37]     Model: SignalJEPA_PreLocal | Pretrained: from_pretrained | Strategy: new
[2026-05-28 16:13:37]     Normalization: none | fit_scope=none
[2026-05-28 16:13:37]     Phase 1 (new): 2,170/16,010 params
[2026-05-28 16:13:37]     Result | best_epoch=1 | stop=11 | final_phase_epochs=11 | acc=0.5000 | bal_acc=0.5000 | pred_hist=[0, 8] | collapse=True
[2026-05-28 16:13:37]     spatial_conv=[4, 29] top_abs_channels=[('Pz', 0.15258901), ('O2', 0.14414141), ('T3', 0.12628479), ('T4', 0.1220876), ('O1', 0.12186212), ('CP3', 0.12112442), ('C3', 0.11568082), ('CP4', 0.11048312)]
[2026-05-28 16:13:37]     spatial_update=delta_l2=0.00969310 max_abs=0.00090000 relative=0.00812172 changed=True
[2026-05-28 16:13:37]   Subject 26: acc=0.5000±0.0000  bal_acc=0.5000±0.0000
[2026-05-28 16:13:37] \nSubject 27: 40 windows | class_counts=[20, 20]

[2026-05-28 16:13:38] Fold 1/5 | subject=27
[2026-05-28 16:13:38]     Train: 32 | counts=[16, 16]
[2026-05-28 16:13:38]     Test:  8 | counts=[4, 4]
[2026-05-28 16:13:38]     Model: SignalJEPA_PreLocal | Pretrained: from_pretrained | Strategy: new
[2026-05-28 16:13:38]     Normalization: none | fit_scope=none
[2026-05-28 16:13:38]     Phase 1 (new): 2,170/16,010 params
[2026-05-28 16:13:38]     Result | best_epoch=1 | stop=11 | final_phase_epochs=11 | acc=0.5000 | bal_acc=0.5000 | pred_hist=[0, 8] | collapse=True
[2026-05-28 16:13:38]     spatial_conv=[4, 29] top_abs_channels=[('Pz', 0.15303901), ('O2', 0.14459136), ('T3', 0.12718478), ('O1', 0.12231212), ('T4', 0.1220876), ('CP3', 0.12157439), ('C3', 0.11523105), ('CP4', 0.11138314)]
[2026-05-28 16:13:38]     spatial_update=delta_l2=0.00969311 max_abs=0.00090000 relative=0.00812172 changed=True

[2026-05-28 16:13:39] Fold 2/5 | subject=27
[2026-05-28 16:13:39]     Train: 32 | counts=[16, 16]
[2026-05-28 16:13:39]     Test:  8 | counts=[4, 4]
[2026-05-28 16:13:39]     Model: SignalJEPA_PreLocal | Pretrained: from_pretrained | Strategy: new
[2026-05-28 16:13:39]     Normalization: none | fit_scope=none
[2026-05-28 16:13:39]     Phase 1 (new): 2,170/16,010 params
[2026-05-28 16:13:39]     Result | best_epoch=1 | stop=11 | final_phase_epochs=11 | acc=0.5000 | bal_acc=0.5000 | pred_hist=[0, 8] | collapse=True
[2026-05-28 16:13:39]     spatial_conv=[4, 29] top_abs_channels=[('Pz', 0.15303901), ('O2', 0.14414138), ('T3', 0.12673479), ('T4', 0.12208758), ('O1', 0.12186211), ('CP3', 0.12112439), ('C3', 0.1156809), ('CP4', 0.11183311)]
[2026-05-28 16:13:39]     spatial_update=delta_l2=0.00969311 max_abs=0.00090000 relative=0.00812173 changed=True

[2026-05-28 16:13:39] Fold 3/5 | subject=27
[2026-05-28 16:13:39]     Train: 32 | counts=[16, 16]
[2026-05-28 16:13:39]     Test:  8 | counts=[4, 4]
[2026-05-28 16:13:39]     Model: SignalJEPA_PreLocal | Pretrained: from_pretrained | Strategy: new
[2026-05-28 16:13:39]     Normalization: none | fit_scope=none
[2026-05-28 16:13:39]     Phase 1 (new): 2,170/16,010 params
[2026-05-28 16:13:40]     Result | best_epoch=2 | stop=12 | final_phase_epochs=12 | acc=0.5000 | bal_acc=0.5000 | pred_hist=[0, 8] | collapse=True
[2026-05-28 16:13:40]     spatial_conv=[4, 29] top_abs_channels=[('Pz', 0.15305319), ('O2', 0.14515455), ('T3', 0.12673557), ('T4', 0.12203413), ('O1', 0.12192467), ('CP3', 0.12112442), ('C3', 0.11613055), ('CP4', 0.11181788)]
[2026-05-28 16:13:40]     spatial_update=delta_l2=0.01751384 max_abs=0.00180117 relative=0.01467461 changed=True

[2026-05-28 16:13:40] Fold 4/5 | subject=27
[2026-05-28 16:13:40]     Train: 32 | counts=[16, 16]
[2026-05-28 16:13:40]     Test:  8 | counts=[4, 4]
[2026-05-28 16:13:40]     Model: SignalJEPA_PreLocal | Pretrained: from_pretrained | Strategy: new
[2026-05-28 16:13:40]     Normalization: none | fit_scope=none
[2026-05-28 16:13:40]     Phase 1 (new): 2,170/16,010 params
[2026-05-28 16:13:40]     Result | best_epoch=1 | stop=11 | final_phase_epochs=11 | acc=0.7500 | bal_acc=0.7500 | pred_hist=[2, 6] | collapse=False
[2026-05-28 16:13:40]     spatial_conv=[4, 29] top_abs_channels=[('Pz', 0.15303901), ('O2', 0.14414138), ('T3', 0.12673479), ('O1', 0.12276212), ('T4', 0.12208759), ('CP3', 0.12112439), ('C3', 0.1156809), ('CP4', 0.1118331)]
[2026-05-28 16:13:40]     spatial_update=delta_l2=0.00969312 max_abs=0.00090000 relative=0.00812174 changed=True

[2026-05-28 16:13:41] Fold 5/5 | subject=27
[2026-05-28 16:13:41]     Train: 32 | counts=[16, 16]
[2026-05-28 16:13:41]     Test:  8 | counts=[4, 4]
[2026-05-28 16:13:41]     Model: SignalJEPA_PreLocal | Pretrained: from_pretrained | Strategy: new
[2026-05-28 16:13:41]     Normalization: none | fit_scope=none
[2026-05-28 16:13:41]     Phase 1 (new): 2,170/16,010 params
[2026-05-28 16:13:41]     Result | best_epoch=1 | stop=11 | final_phase_epochs=11 | acc=0.5000 | bal_acc=0.5000 | pred_hist=[0, 8] | collapse=True
[2026-05-28 16:13:41]     spatial_conv=[4, 29] top_abs_channels=[('Pz', 0.15303902), ('O2', 0.14369148), ('T3', 0.12673479), ('T4', 0.12208758), ('O1', 0.12186213), ('CP3', 0.12112439), ('C3', 0.1156809), ('CP4', 0.11138313)]
[2026-05-28 16:13:41]     spatial_update=delta_l2=0.00969298 max_abs=0.00090000 relative=0.00812161 changed=True
[2026-05-28 16:13:41]   Subject 27: acc=0.5500±0.1000  bal_acc=0.5500±0.1000
[2026-05-28 16:13:41] \nSubject 28: 40 windows | class_counts=[20, 20]

[2026-05-28 16:13:42] Fold 1/5 | subject=28
[2026-05-28 16:13:42]     Train: 32 | counts=[16, 16]
[2026-05-28 16:13:42]     Test:  8 | counts=[4, 4]
[2026-05-28 16:13:42]     Model: SignalJEPA_PreLocal | Pretrained: from_pretrained | Strategy: new
[2026-05-28 16:13:42]     Normalization: none | fit_scope=none
[2026-05-28 16:13:42]     Phase 1 (new): 2,170/16,010 params
[2026-05-28 16:13:42]     Result | best_epoch=1 | stop=11 | final_phase_epochs=11 | acc=0.5000 | bal_acc=0.5000 | pred_hist=[0, 8] | collapse=True
[2026-05-28 16:13:42]     spatial_conv=[4, 29] top_abs_channels=[('Pz', 0.15258902), ('O2', 0.14414138), ('T3', 0.12673482), ('T4', 0.12253789), ('CP3', 0.12157439), ('O1', 0.12141219), ('C3', 0.1147809), ('CP4', 0.11048314)]
[2026-05-28 16:13:42]     spatial_update=delta_l2=0.00969238 max_abs=0.00090000 relative=0.00812111 changed=True

[2026-05-28 16:13:42] Fold 2/5 | subject=28
[2026-05-28 16:13:42]     Train: 32 | counts=[16, 16]
[2026-05-28 16:13:42]     Test:  8 | counts=[4, 4]
[2026-05-28 16:13:42]     Model: SignalJEPA_PreLocal | Pretrained: from_pretrained | Strategy: new
[2026-05-28 16:13:42]     Normalization: none | fit_scope=none
[2026-05-28 16:13:42]     Phase 1 (new): 2,170/16,010 params
[2026-05-28 16:13:43]     Result | best_epoch=6 | stop=16 | final_phase_epochs=16 | acc=0.5000 | bal_acc=0.5000 | pred_hist=[0, 8] | collapse=True
[2026-05-28 16:13:43]     spatial_conv=[4, 29] top_abs_channels=[('Pz', 0.15279311), ('O2', 0.14412123), ('T3', 0.1278315), ('T4', 0.12584379), ('CP3', 0.12569241), ('O1', 0.11982763), ('C3', 0.11399764), ('Fp1', 0.1128942)]
[2026-05-28 16:13:43]     spatial_update=delta_l2=0.04665413 max_abs=0.00540978 relative=0.03909087 changed=True

[2026-05-28 16:13:43] Fold 3/5 | subject=28
[2026-05-28 16:13:43]     Train: 32 | counts=[16, 16]
[2026-05-28 16:13:43]     Test:  8 | counts=[4, 4]
[2026-05-28 16:13:43]     Model: SignalJEPA_PreLocal | Pretrained: from_pretrained | Strategy: new
[2026-05-28 16:13:43]     Normalization: none | fit_scope=none
[2026-05-28 16:13:43]     Phase 1 (new): 2,170/16,010 params
[2026-05-28 16:13:43]     Result | best_epoch=1 | stop=11 | final_phase_epochs=11 | acc=0.5000 | bal_acc=0.5000 | pred_hist=[0, 8] | collapse=True
[2026-05-28 16:13:43]     spatial_conv=[4, 29] top_abs_channels=[('Pz', 0.15258902), ('O2', 0.14414123), ('T3', 0.12673476), ('T4', 0.12208758), ('O1', 0.12186212), ('CP3', 0.12157439), ('C3', 0.11433093), ('CP4', 0.11093313)]
[2026-05-28 16:13:43]     spatial_update=delta_l2=0.00969271 max_abs=0.00090000 relative=0.00812139 changed=True

[2026-05-28 16:13:44] Fold 4/5 | subject=28
[2026-05-28 16:13:44]     Train: 32 | counts=[16, 16]
[2026-05-28 16:13:44]     Test:  8 | counts=[4, 4]
[2026-05-28 16:13:44]     Model: SignalJEPA_PreLocal | Pretrained: from_pretrained | Strategy: new
[2026-05-28 16:13:44]     Normalization: none | fit_scope=none
[2026-05-28 16:13:44]     Phase 1 (new): 2,170/16,010 params
[2026-05-28 16:13:44]     Result | best_epoch=1 | stop=11 | final_phase_epochs=11 | acc=0.5000 | bal_acc=0.5000 | pred_hist=[0, 8] | collapse=True
[2026-05-28 16:13:44]     spatial_conv=[4, 29] top_abs_channels=[('Pz', 0.15303899), ('O2', 0.14504136), ('T3', 0.12718476), ('T4', 0.1220876), ('O1', 0.12186213), ('CP3', 0.12157425), ('C3', 0.11478093), ('CP4', 0.11048314)]
[2026-05-28 16:13:44]     spatial_update=delta_l2=0.00969098 max_abs=0.00090000 relative=0.00811994 changed=True

[2026-05-28 16:13:45] Fold 5/5 | subject=28
[2026-05-28 16:13:45]     Train: 32 | counts=[16, 16]
[2026-05-28 16:13:45]     Test:  8 | counts=[4, 4]
[2026-05-28 16:13:45]     Model: SignalJEPA_PreLocal | Pretrained: from_pretrained | Strategy: new
[2026-05-28 16:13:45]     Normalization: none | fit_scope=none
[2026-05-28 16:13:45]     Phase 1 (new): 2,170/16,010 params
[2026-05-28 16:13:45]     Result | best_epoch=1 | stop=11 | final_phase_epochs=11 | acc=0.5000 | bal_acc=0.5000 | pred_hist=[0, 8] | collapse=True
[2026-05-28 16:13:45]     spatial_conv=[4, 29] top_abs_channels=[('Pz', 0.15258902), ('O2', 0.14459136), ('T3', 0.12718478), ('T4', 0.12253758), ('O1', 0.12186211), ('CP3', 0.12112422), ('C3', 0.11523088), ('Fp1', 0.11070673)]
[2026-05-28 16:13:45]     spatial_update=delta_l2=0.00969295 max_abs=0.00090000 relative=0.00812159 changed=True
[2026-05-28 16:13:45]   Subject 28: acc=0.5000±0.0000  bal_acc=0.5000±0.0000
[2026-05-28 16:13:45] \nSubject 29: 40 windows | class_counts=[20, 20]

[2026-05-28 16:13:45] Fold 1/5 | subject=29
[2026-05-28 16:13:45]     Train: 32 | counts=[16, 16]
[2026-05-28 16:13:45]     Test:  8 | counts=[4, 4]
[2026-05-28 16:13:45]     Model: SignalJEPA_PreLocal | Pretrained: from_pretrained | Strategy: new
[2026-05-28 16:13:45]     Normalization: none | fit_scope=none
[2026-05-28 16:13:45]     Phase 1 (new): 2,170/16,010 params
[2026-05-28 16:13:45]     Result | best_epoch=1 | stop=11 | final_phase_epochs=11 | acc=0.5000 | bal_acc=0.5000 | pred_hist=[0, 8] | collapse=True
[2026-05-28 16:13:45]     spatial_conv=[4, 29] top_abs_channels=[('Pz', 0.15348899), ('O2', 0.14459139), ('T3', 0.12628478), ('CP3', 0.12202437), ('T4', 0.1216376), ('O1', 0.12096213), ('C3', 0.11523089), ('CP4', 0.11138315)]
[2026-05-28 16:13:45]     spatial_update=delta_l2=0.00969287 max_abs=0.00090000 relative=0.00812152 changed=True

[2026-05-28 16:13:46] Fold 2/5 | subject=29
[2026-05-28 16:13:46]     Train: 32 | counts=[16, 16]
[2026-05-28 16:13:46]     Test:  8 | counts=[4, 4]
[2026-05-28 16:13:46]     Model: SignalJEPA_PreLocal | Pretrained: from_pretrained | Strategy: new
[2026-05-28 16:13:46]     Normalization: none | fit_scope=none
[2026-05-28 16:13:46]     Phase 1 (new): 2,170/16,010 params
[2026-05-28 16:13:46]     Result | best_epoch=8 | stop=17 | final_phase_epochs=17 | acc=0.5000 | bal_acc=0.5000 | pred_hist=[0, 8] | collapse=True
[2026-05-28 16:13:46]     spatial_conv=[4, 29] top_abs_channels=[('Pz', 0.1528371), ('O2', 0.1490977), ('T3', 0.12441887), ('CP3', 0.12406313), ('T4', 0.11866584), ('O1', 0.11830702), ('C3', 0.11643538), ('Fp1', 0.11437017)]
[2026-05-28 16:13:46]     spatial_update=delta_l2=0.05020616 max_abs=0.00631805 relative=0.04206706 changed=True

[2026-05-28 16:13:47] Fold 3/5 | subject=29
[2026-05-28 16:13:47]     Train: 32 | counts=[16, 16]
[2026-05-28 16:13:47]     Test:  8 | counts=[4, 4]
[2026-05-28 16:13:47]     Model: SignalJEPA_PreLocal | Pretrained: from_pretrained | Strategy: new
[2026-05-28 16:13:47]     Normalization: none | fit_scope=none
[2026-05-28 16:13:47]     Phase 1 (new): 2,170/16,010 params
[2026-05-28 16:13:47]     Result | best_epoch=1 | stop=11 | final_phase_epochs=11 | acc=0.5000 | bal_acc=0.5000 | pred_hist=[0, 8] | collapse=True
[2026-05-28 16:13:47]     spatial_conv=[4, 29] top_abs_channels=[('Pz', 0.15258901), ('O2', 0.14504136), ('T3', 0.12673476), ('CP3', 0.12157439), ('O1', 0.12141212), ('T4', 0.12118773), ('C3', 0.11523092), ('CP4', 0.11093313)]
[2026-05-28 16:13:47]     spatial_update=delta_l2=0.00969296 max_abs=0.00090000 relative=0.00812160 changed=True

[2026-05-28 16:13:47] Fold 4/5 | subject=29
[2026-05-28 16:13:47]     Train: 32 | counts=[16, 16]
[2026-05-28 16:13:47]     Test:  8 | counts=[4, 4]
[2026-05-28 16:13:47]     Model: SignalJEPA_PreLocal | Pretrained: from_pretrained | Strategy: new
[2026-05-28 16:13:47]     Normalization: none | fit_scope=none
[2026-05-28 16:13:47]     Phase 1 (new): 2,170/16,010 params
[2026-05-28 16:13:47]     Result | best_epoch=1 | stop=11 | final_phase_epochs=11 | acc=0.5000 | bal_acc=0.5000 | pred_hist=[0, 8] | collapse=True
[2026-05-28 16:13:47]     spatial_conv=[4, 29] top_abs_channels=[('Pz', 0.15258902), ('O2', 0.14459138), ('T3', 0.12673478), ('O1', 0.12186203), ('CP3', 0.12157438), ('T4', 0.1211876), ('C3', 0.11523089), ('CP4', 0.11183303)]
[2026-05-28 16:13:47]     spatial_update=delta_l2=0.00969261 max_abs=0.00090000 relative=0.00812131 changed=True

[2026-05-28 16:13:48] Fold 5/5 | subject=29
[2026-05-28 16:13:48]     Train: 32 | counts=[16, 16]
[2026-05-28 16:13:48]     Test:  8 | counts=[4, 4]
[2026-05-28 16:13:48]     Model: SignalJEPA_PreLocal | Pretrained: from_pretrained | Strategy: new
[2026-05-28 16:13:48]     Normalization: none | fit_scope=none
[2026-05-28 16:13:48]     Phase 1 (new): 2,170/16,010 params
[2026-05-28 16:13:49]     Result | best_epoch=50 | stop=50 | final_phase_epochs=50 | acc=0.2500 | bal_acc=0.2500 | pred_hist=[2, 6] | collapse=False
[2026-05-28 16:13:49]     spatial_conv=[4, 29] top_abs_channels=[('O2', 0.15553245), ('Pz', 0.14276883), ('CP3', 0.12596726), ('CP4', 0.12455657), ('P3', 0.12446375), ('T4', 0.1219717), ('T5', 0.11750806), ('T3', 0.1159764)]
[2026-05-28 16:13:49]     spatial_update=delta_l2=0.28438448 max_abs=0.05041965 relative=0.23828189 changed=True
[2026-05-28 16:13:49]   Subject 29: acc=0.4500±0.1000  bal_acc=0.4500±0.1000
[2026-05-28 16:13:49] \nSubject 30: 40 windows | class_counts=[20, 20]

[2026-05-28 16:13:49] Fold 1/5 | subject=30
[2026-05-28 16:13:49]     Train: 32 | counts=[16, 16]
[2026-05-28 16:13:49]     Test:  8 | counts=[4, 4]
[2026-05-28 16:13:49]     Model: SignalJEPA_PreLocal | Pretrained: from_pretrained | Strategy: new
[2026-05-28 16:13:49]     Normalization: none | fit_scope=none
[2026-05-28 16:13:49]     Phase 1 (new): 2,170/16,010 params
[2026-05-28 16:13:49]     Result | best_epoch=11 | stop=20 | final_phase_epochs=20 | acc=0.5000 | bal_acc=0.5000 | pred_hist=[0, 8] | collapse=True
[2026-05-28 16:13:49]     spatial_conv=[4, 29] top_abs_channels=[('Pz', 0.15609005), ('O2', 0.14704147), ('T3', 0.12503923), ('O1', 0.12146438), ('CP3', 0.11986107), ('T4', 0.11663799), ('CP4', 0.11588531), ('C3', 0.11550066)]
[2026-05-28 16:13:49]     spatial_update=delta_l2=0.06917929 max_abs=0.00894703 relative=0.05796439 changed=True

[2026-05-28 16:13:50] Fold 2/5 | subject=30
[2026-05-28 16:13:50]     Train: 32 | counts=[16, 16]
[2026-05-28 16:13:50]     Test:  8 | counts=[4, 4]
[2026-05-28 16:13:50]     Model: SignalJEPA_PreLocal | Pretrained: from_pretrained | Strategy: new
[2026-05-28 16:13:50]     Normalization: none | fit_scope=none
[2026-05-28 16:13:50]     Phase 1 (new): 2,170/16,010 params
[2026-05-28 16:13:51]     Result | best_epoch=50 | stop=50 | final_phase_epochs=50 | acc=0.6250 | bal_acc=0.6250 | pred_hist=[3, 5] | collapse=False
[2026-05-28 16:13:51]     spatial_conv=[4, 29] top_abs_channels=[('O2', 0.16260736), ('C3', 0.12623253), ('Pz', 0.12534642), ('CP3', 0.12281823), ('O1', 0.12108542), ('P4', 0.11886042), ('T3', 0.11864974), ('T4', 0.11572427)]
[2026-05-28 16:13:51]     spatial_update=delta_l2=0.27004996 max_abs=0.04960808 relative=0.22627119 changed=True

[2026-05-28 16:13:51] Fold 3/5 | subject=30
[2026-05-28 16:13:51]     Train: 32 | counts=[16, 16]
[2026-05-28 16:13:51]     Test:  8 | counts=[4, 4]
[2026-05-28 16:13:51]     Model: SignalJEPA_PreLocal | Pretrained: from_pretrained | Strategy: new
[2026-05-28 16:13:51]     Normalization: none | fit_scope=none
[2026-05-28 16:13:51]     Phase 1 (new): 2,170/16,010 params
[2026-05-28 16:13:52]     Result | best_epoch=50 | stop=50 | final_phase_epochs=50 | acc=0.6250 | bal_acc=0.6250 | pred_hist=[3, 5] | collapse=False
[2026-05-28 16:13:52]     spatial_conv=[4, 29] top_abs_channels=[('O2', 0.1511108), ('CP3', 0.13122997), ('C3', 0.13110743), ('T3', 0.12931259), ('Pz', 0.121822), ('O1', 0.12122083), ('Fz', 0.12041481), ('CP4', 0.11398156)]
[2026-05-28 16:13:52]     spatial_update=delta_l2=0.30512286 max_abs=0.05251339 relative=0.25565829 changed=True

[2026-05-28 16:13:52] Fold 4/5 | subject=30
[2026-05-28 16:13:52]     Train: 32 | counts=[16, 16]
[2026-05-28 16:13:52]     Test:  8 | counts=[4, 4]
[2026-05-28 16:13:52]     Model: SignalJEPA_PreLocal | Pretrained: from_pretrained | Strategy: new
[2026-05-28 16:13:52]     Normalization: none | fit_scope=none
[2026-05-28 16:13:52]     Phase 1 (new): 2,170/16,010 params
[2026-05-28 16:13:53]     Result | best_epoch=50 | stop=50 | final_phase_epochs=50 | acc=0.5000 | bal_acc=0.5000 | pred_hist=[4, 4] | collapse=False
[2026-05-28 16:13:53]     spatial_conv=[4, 29] top_abs_channels=[('O2', 0.15827107), ('CP3', 0.13732585), ('T3', 0.12386016), ('C3', 0.12178978), ('P4', 0.1186998), ('Fz', 0.11456336), ('Pz', 0.11438648), ('TP7', 0.1124251)]
[2026-05-28 16:13:53]     spatial_update=delta_l2=0.28578411 max_abs=0.05107113 relative=0.23945462 changed=True

[2026-05-28 16:13:54] Fold 5/5 | subject=30
[2026-05-28 16:13:54]     Train: 32 | counts=[16, 16]
[2026-05-28 16:13:54]     Test:  8 | counts=[4, 4]
[2026-05-28 16:13:54]     Model: SignalJEPA_PreLocal | Pretrained: from_pretrained | Strategy: new
[2026-05-28 16:13:54]     Normalization: none | fit_scope=none
[2026-05-28 16:13:54]     Phase 1 (new): 2,170/16,010 params
[2026-05-28 16:13:54]     Result | best_epoch=1 | stop=11 | final_phase_epochs=11 | acc=0.5000 | bal_acc=0.5000 | pred_hist=[0, 8] | collapse=True
[2026-05-28 16:13:54]     spatial_conv=[4, 29] top_abs_channels=[('Pz', 0.15303901), ('O2', 0.14414138), ('T3', 0.12718464), ('T4', 0.12208759), ('O1', 0.12186213), ('CP3', 0.12112439), ('C3', 0.11478092), ('CP4', 0.11093314)]
[2026-05-28 16:13:54]     spatial_update=delta_l2=0.00969297 max_abs=0.00090000 relative=0.00812161 changed=True
[2026-05-28 16:13:54]   Subject 30: acc=0.5500±0.0612  bal_acc=0.5500±0.0612
[2026-05-28 16:13:54] \nSubject 31: 40 windows | class_counts=[20, 20]

[2026-05-28 16:13:54] Fold 1/5 | subject=31
[2026-05-28 16:13:54]     Train: 32 | counts=[16, 16]
[2026-05-28 16:13:54]     Test:  8 | counts=[4, 4]
[2026-05-28 16:13:54]     Model: SignalJEPA_PreLocal | Pretrained: from_pretrained | Strategy: new
[2026-05-28 16:13:54]     Normalization: none | fit_scope=none
[2026-05-28 16:13:54]     Phase 1 (new): 2,170/16,010 params
[2026-05-28 16:13:55]     Result | best_epoch=8 | stop=16 | final_phase_epochs=16 | acc=0.5000 | bal_acc=0.5000 | pred_hist=[0, 8] | collapse=True
[2026-05-28 16:13:55]     spatial_conv=[4, 29] top_abs_channels=[('Pz', 0.15659788), ('O2', 0.14236499), ('T3', 0.12981048), ('CP3', 0.12256803), ('O1', 0.12235734), ('T4', 0.12066353), ('C3', 0.11611526), ('CP4', 0.11280406)]
[2026-05-28 16:13:55]     spatial_update=delta_l2=0.03867092 max_abs=0.00540613 relative=0.03240184 changed=True

[2026-05-28 16:13:55] Fold 2/5 | subject=31
[2026-05-28 16:13:55]     Train: 32 | counts=[16, 16]
[2026-05-28 16:13:55]     Test:  8 | counts=[4, 4]
[2026-05-28 16:13:55]     Model: SignalJEPA_PreLocal | Pretrained: from_pretrained | Strategy: new
[2026-05-28 16:13:55]     Normalization: none | fit_scope=none
[2026-05-28 16:13:55]     Phase 1 (new): 2,170/16,010 params
[2026-05-28 16:13:55]     Result | best_epoch=5 | stop=14 | final_phase_epochs=14 | acc=0.5000 | bal_acc=0.5000 | pred_hist=[0, 8] | collapse=True
[2026-05-28 16:13:55]     spatial_conv=[4, 29] top_abs_channels=[('Pz', 0.15328029), ('O2', 0.14548306), ('T3', 0.12824206), ('O1', 0.12270114), ('T4', 0.12124479), ('CP3', 0.12007854), ('C3', 0.11429514), ('CP4', 0.11113383)]
[2026-05-28 16:13:55]     spatial_update=delta_l2=0.03034612 max_abs=0.00359626 relative=0.02542660 changed=True

[2026-05-28 16:13:56] Fold 3/5 | subject=31
[2026-05-28 16:13:56]     Train: 32 | counts=[16, 16]
[2026-05-28 16:13:56]     Test:  8 | counts=[4, 4]
[2026-05-28 16:13:56]     Model: SignalJEPA_PreLocal | Pretrained: from_pretrained | Strategy: new
[2026-05-28 16:13:56]     Normalization: none | fit_scope=none
[2026-05-28 16:13:56]     Phase 1 (new): 2,170/16,010 params
[2026-05-28 16:13:56]     Result | best_epoch=1 | stop=11 | final_phase_epochs=11 | acc=0.5000 | bal_acc=0.5000 | pred_hist=[0, 8] | collapse=True
[2026-05-28 16:13:56]     spatial_conv=[4, 29] top_abs_channels=[('Pz', 0.15348901), ('O2', 0.14369138), ('T3', 0.12673479), ('T4', 0.12253757), ('O1', 0.12141216), ('CP3', 0.12112439), ('C3', 0.11478092), ('CP4', 0.11138311)]
[2026-05-28 16:13:56]     spatial_update=delta_l2=0.00969290 max_abs=0.00090000 relative=0.00812155 changed=True

[2026-05-28 16:13:56] Fold 4/5 | subject=31
[2026-05-28 16:13:56]     Train: 32 | counts=[16, 16]
[2026-05-28 16:13:56]     Test:  8 | counts=[4, 4]
[2026-05-28 16:13:56]     Model: SignalJEPA_PreLocal | Pretrained: from_pretrained | Strategy: new
[2026-05-28 16:13:56]     Normalization: none | fit_scope=none
[2026-05-28 16:13:56]     Phase 1 (new): 2,170/16,010 params
[2026-05-28 16:13:57]     Result | best_epoch=1 | stop=11 | final_phase_epochs=11 | acc=0.5000 | bal_acc=0.5000 | pred_hist=[0, 8] | collapse=True
[2026-05-28 16:13:57]     spatial_conv=[4, 29] top_abs_channels=[('Pz', 0.15348898), ('O2', 0.14414138), ('T3', 0.12718478), ('T4', 0.12208754), ('O1', 0.12141213), ('CP3', 0.12112439), ('C3', 0.11478092), ('CP4', 0.11093318)]
[2026-05-28 16:13:57]     spatial_update=delta_l2=0.00969297 max_abs=0.00090000 relative=0.00812161 changed=True

[2026-05-28 16:13:57] Fold 5/5 | subject=31
[2026-05-28 16:13:57]     Train: 32 | counts=[16, 16]
[2026-05-28 16:13:57]     Test:  8 | counts=[4, 4]
[2026-05-28 16:13:57]     Model: SignalJEPA_PreLocal | Pretrained: from_pretrained | Strategy: new
[2026-05-28 16:13:57]     Normalization: none | fit_scope=none
[2026-05-28 16:13:57]     Phase 1 (new): 2,170/16,010 params
[2026-05-28 16:13:57]     Result | best_epoch=19 | stop=27 | final_phase_epochs=27 | acc=0.3750 | bal_acc=0.3750 | pred_hist=[1, 7] | collapse=False
[2026-05-28 16:13:57]     spatial_conv=[4, 29] top_abs_channels=[('Pz', 0.1530119), ('O2', 0.14722042), ('T3', 0.12982948), ('O1', 0.12156203), ('CP3', 0.11822712), ('C3', 0.1176738), ('T4', 0.11735275), ('Fp1', 0.11237945)]
[2026-05-28 16:13:57]     spatial_update=delta_l2=0.08381100 max_abs=0.01507716 relative=0.07022410 changed=True
[2026-05-28 16:13:57]   Subject 31: acc=0.4750±0.0500  bal_acc=0.4750±0.0500
[2026-05-28 16:13:57] \nSubject 32: 40 windows | class_counts=[20, 20]

[2026-05-28 16:13:58] Fold 1/5 | subject=32
[2026-05-28 16:13:58]     Train: 32 | counts=[16, 16]
[2026-05-28 16:13:58]     Test:  8 | counts=[4, 4]
[2026-05-28 16:13:58]     Model: SignalJEPA_PreLocal | Pretrained: from_pretrained | Strategy: new
[2026-05-28 16:13:58]     Normalization: none | fit_scope=none
[2026-05-28 16:13:58]     Phase 1 (new): 2,170/16,010 params
[2026-05-28 16:13:58]     Result | best_epoch=1 | stop=11 | final_phase_epochs=11 | acc=0.5000 | bal_acc=0.5000 | pred_hist=[0, 8] | collapse=True
[2026-05-28 16:13:58]     spatial_conv=[4, 29] top_abs_channels=[('Pz', 0.15303899), ('O2', 0.14369282), ('T3', 0.12673476), ('O1', 0.12231212), ('T4', 0.12208763), ('CP3', 0.12202439), ('C3', 0.11523089), ('CP4', 0.11048314)]
[2026-05-28 16:13:58]     spatial_update=delta_l2=0.00969250 max_abs=0.00090000 relative=0.00812121 changed=True

[2026-05-28 16:13:59] Fold 2/5 | subject=32
[2026-05-28 16:13:59]     Train: 32 | counts=[16, 16]
[2026-05-28 16:13:59]     Test:  8 | counts=[4, 4]
[2026-05-28 16:13:59]     Model: SignalJEPA_PreLocal | Pretrained: from_pretrained | Strategy: new
[2026-05-28 16:13:59]     Normalization: none | fit_scope=none
[2026-05-28 16:13:59]     Phase 1 (new): 2,170/16,010 params
[2026-05-28 16:13:59]     Result | best_epoch=1 | stop=11 | final_phase_epochs=11 | acc=0.6250 | bal_acc=0.6250 | pred_hist=[1, 7] | collapse=False
[2026-05-28 16:13:59]     spatial_conv=[4, 29] top_abs_channels=[('Pz', 0.15303892), ('O2', 0.14414091), ('T3', 0.12628479), ('T4', 0.12298757), ('CP3', 0.12157436), ('O1', 0.12141214), ('C3', 0.11523087), ('CP4', 0.11093312)]
[2026-05-28 16:13:59]     spatial_update=delta_l2=0.00969261 max_abs=0.00090000 relative=0.00812130 changed=True

[2026-05-28 16:13:59] Fold 3/5 | subject=32
[2026-05-28 16:13:59]     Train: 32 | counts=[16, 16]
[2026-05-28 16:13:59]     Test:  8 | counts=[4, 4]
[2026-05-28 16:13:59]     Model: SignalJEPA_PreLocal | Pretrained: from_pretrained | Strategy: new
[2026-05-28 16:13:59]     Normalization: none | fit_scope=none
[2026-05-28 16:13:59]     Phase 1 (new): 2,170/16,010 params
[2026-05-28 16:14:00]     Result | best_epoch=1 | stop=11 | final_phase_epochs=11 | acc=0.5000 | bal_acc=0.5000 | pred_hist=[0, 8] | collapse=True
[2026-05-28 16:14:00]     spatial_conv=[4, 29] top_abs_channels=[('Pz', 0.15348899), ('O2', 0.14414135), ('T3', 0.12583481), ('T4', 0.12298757), ('O1', 0.12276211), ('CP3', 0.12022457), ('C3', 0.11523096), ('CP4', 0.1113831)]
[2026-05-28 16:14:00]     spatial_update=delta_l2=0.00969291 max_abs=0.00090000 relative=0.00812156 changed=True

[2026-05-28 16:14:00] Fold 4/5 | subject=32
[2026-05-28 16:14:00]     Train: 32 | counts=[16, 16]
[2026-05-28 16:14:00]     Test:  8 | counts=[4, 4]
[2026-05-28 16:14:00]     Model: SignalJEPA_PreLocal | Pretrained: from_pretrained | Strategy: new
[2026-05-28 16:14:00]     Normalization: none | fit_scope=none
[2026-05-28 16:14:00]     Phase 1 (new): 2,170/16,010 params
[2026-05-28 16:14:00]     Result | best_epoch=1 | stop=11 | final_phase_epochs=11 | acc=0.3750 | bal_acc=0.3750 | pred_hist=[1, 7] | collapse=False
[2026-05-28 16:14:00]     spatial_conv=[4, 29] top_abs_channels=[('Pz', 0.15348901), ('O2', 0.14459135), ('T3', 0.12583481), ('O1', 0.12276203), ('T4', 0.12253753), ('CP3', 0.12067455), ('C3', 0.11478091), ('CP4', 0.11093313)]
[2026-05-28 16:14:00]     spatial_update=delta_l2=0.00969289 max_abs=0.00090000 relative=0.00812154 changed=True

[2026-05-28 16:14:01] Fold 5/5 | subject=32
[2026-05-28 16:14:01]     Train: 32 | counts=[16, 16]
[2026-05-28 16:14:01]     Test:  8 | counts=[4, 4]
[2026-05-28 16:14:01]     Model: SignalJEPA_PreLocal | Pretrained: from_pretrained | Strategy: new
[2026-05-28 16:14:01]     Normalization: none | fit_scope=none
[2026-05-28 16:14:01]     Phase 1 (new): 2,170/16,010 params
[2026-05-28 16:14:02]     Result | best_epoch=50 | stop=50 | final_phase_epochs=50 | acc=0.3750 | bal_acc=0.3750 | pred_hist=[5, 3] | collapse=False
[2026-05-28 16:14:02]     spatial_conv=[4, 29] top_abs_channels=[('Pz', 0.16405857), ('O2', 0.14724326), ('T4', 0.12536326), ('Fp1', 0.12525766), ('O1', 0.12358837), ('CP4', 0.12312911), ('CP3', 0.11888368), ('T5', 0.1112446)]
[2026-05-28 16:14:02]     spatial_update=delta_l2=0.25085645 max_abs=0.04698878 relative=0.21018921 changed=True
[2026-05-28 16:14:02]   Subject 32: acc=0.4750±0.0935  bal_acc=0.4750±0.0935
[2026-05-28 16:14:02] \nSubject 33: 40 windows | class_counts=[20, 20]

[2026-05-28 16:14:02] Fold 1/5 | subject=33
[2026-05-28 16:14:02]     Train: 32 | counts=[16, 16]
[2026-05-28 16:14:02]     Test:  8 | counts=[4, 4]
[2026-05-28 16:14:02]     Model: SignalJEPA_PreLocal | Pretrained: from_pretrained | Strategy: new
[2026-05-28 16:14:02]     Normalization: none | fit_scope=none
[2026-05-28 16:14:02]     Phase 1 (new): 2,170/16,010 params
[2026-05-28 16:14:02]     Result | best_epoch=1 | stop=11 | final_phase_epochs=11 | acc=0.5000 | bal_acc=0.5000 | pred_hist=[0, 8] | collapse=True
[2026-05-28 16:14:02]     spatial_conv=[4, 29] top_abs_channels=[('Pz', 0.15348899), ('O2', 0.14369136), ('T3', 0.12673478), ('O1', 0.12231208), ('T4', 0.1220876), ('CP3', 0.12157438), ('C3', 0.11478092), ('CP4', 0.11093311)]
[2026-05-28 16:14:02]     spatial_update=delta_l2=0.00969281 max_abs=0.00090000 relative=0.00812148 changed=True

[2026-05-28 16:14:03] Fold 2/5 | subject=33
[2026-05-28 16:14:03]     Train: 32 | counts=[16, 16]
[2026-05-28 16:14:03]     Test:  8 | counts=[4, 4]
[2026-05-28 16:14:03]     Model: SignalJEPA_PreLocal | Pretrained: from_pretrained | Strategy: new
[2026-05-28 16:14:03]     Normalization: none | fit_scope=none
[2026-05-28 16:14:03]     Phase 1 (new): 2,170/16,010 params
[2026-05-28 16:14:03]     Result | best_epoch=1 | stop=11 | final_phase_epochs=11 | acc=0.5000 | bal_acc=0.5000 | pred_hist=[0, 8] | collapse=True
[2026-05-28 16:14:03]     spatial_conv=[4, 29] top_abs_channels=[('Pz', 0.15303902), ('O2', 0.14414118), ('T3', 0.12718476), ('T4', 0.12253759), ('O1', 0.1223121), ('CP3', 0.12112454), ('C3', 0.1147809), ('CP4', 0.11093312)]
[2026-05-28 16:14:03]     spatial_update=delta_l2=0.00969277 max_abs=0.00090000 relative=0.00812144 changed=True

[2026-05-28 16:14:03] Fold 3/5 | subject=33
[2026-05-28 16:14:03]     Train: 32 | counts=[16, 16]
[2026-05-28 16:14:03]     Test:  8 | counts=[4, 4]
[2026-05-28 16:14:03]     Model: SignalJEPA_PreLocal | Pretrained: from_pretrained | Strategy: new
[2026-05-28 16:14:03]     Normalization: none | fit_scope=none
[2026-05-28 16:14:03]     Phase 1 (new): 2,170/16,010 params
[2026-05-28 16:14:04]     Result | best_epoch=1 | stop=11 | final_phase_epochs=11 | acc=0.5000 | bal_acc=0.5000 | pred_hist=[0, 8] | collapse=True
[2026-05-28 16:14:04]     spatial_conv=[4, 29] top_abs_channels=[('Pz', 0.15303902), ('O2', 0.14414138), ('T3', 0.12763475), ('O1', 0.12231212), ('T4', 0.1220876), ('CP3', 0.1206744), ('C3', 0.11568088), ('CP4', 0.11138313)]
[2026-05-28 16:14:04]     spatial_update=delta_l2=0.00969293 max_abs=0.00090000 relative=0.00812158 changed=True

[2026-05-28 16:14:04] Fold 4/5 | subject=33
[2026-05-28 16:14:04]     Train: 32 | counts=[16, 16]
[2026-05-28 16:14:04]     Test:  8 | counts=[4, 4]
[2026-05-28 16:14:04]     Model: SignalJEPA_PreLocal | Pretrained: from_pretrained | Strategy: new
[2026-05-28 16:14:04]     Normalization: none | fit_scope=none
[2026-05-28 16:14:04]     Phase 1 (new): 2,170/16,010 params
[2026-05-28 16:14:04]     Result | best_epoch=1 | stop=11 | final_phase_epochs=11 | acc=0.5000 | bal_acc=0.5000 | pred_hist=[0, 8] | collapse=True
[2026-05-28 16:14:04]     spatial_conv=[4, 29] top_abs_channels=[('Pz', 0.15303902), ('O2', 0.14369139), ('T3', 0.12673482), ('O1', 0.12231229), ('T4', 0.12208758), ('CP3', 0.12112439), ('C3', 0.11568084), ('CP4', 0.11093313)]
[2026-05-28 16:14:04]     spatial_update=delta_l2=0.00969270 max_abs=0.00090000 relative=0.00812138 changed=True

[2026-05-28 16:14:05] Fold 5/5 | subject=33
[2026-05-28 16:14:05]     Train: 32 | counts=[16, 16]
[2026-05-28 16:14:05]     Test:  8 | counts=[4, 4]
[2026-05-28 16:14:05]     Model: SignalJEPA_PreLocal | Pretrained: from_pretrained | Strategy: new
[2026-05-28 16:14:05]     Normalization: none | fit_scope=none
[2026-05-28 16:14:05]     Phase 1 (new): 2,170/16,010 params
[2026-05-28 16:14:05]     Result | best_epoch=6 | stop=16 | final_phase_epochs=16 | acc=0.5000 | bal_acc=0.5000 | pred_hist=[0, 8] | collapse=True
[2026-05-28 16:14:05]     spatial_conv=[4, 29] top_abs_channels=[('Pz', 0.15795662), ('O2', 0.14335489), ('T3', 0.12961452), ('O1', 0.12222674), ('T4', 0.12172148), ('CP3', 0.11929309), ('C3', 0.11545798), ('CP4', 0.11095816)]
[2026-05-28 16:14:05]     spatial_update=delta_l2=0.04196557 max_abs=0.00535718 relative=0.03516238 changed=True
[2026-05-28 16:14:05]   Subject 33: acc=0.5000±0.0000  bal_acc=0.5000±0.0000
[2026-05-28 16:14:05] \nSubject 34: 40 windows | class_counts=[20, 20]

[2026-05-28 16:14:06] Fold 1/5 | subject=34
[2026-05-28 16:14:06]     Train: 32 | counts=[16, 16]
[2026-05-28 16:14:06]     Test:  8 | counts=[4, 4]
[2026-05-28 16:14:06]     Model: SignalJEPA_PreLocal | Pretrained: from_pretrained | Strategy: new
[2026-05-28 16:14:06]     Normalization: none | fit_scope=none
[2026-05-28 16:14:06]     Phase 1 (new): 2,170/16,010 params
[2026-05-28 16:14:06]     Result | best_epoch=50 | stop=50 | final_phase_epochs=50 | acc=0.8750 | bal_acc=0.8750 | pred_hist=[3, 5] | collapse=False
[2026-05-28 16:14:06]     spatial_conv=[4, 29] top_abs_channels=[('Pz', 0.15719645), ('O1', 0.14434251), ('O2', 0.14276072), ('T3', 0.14175522), ('T4', 0.13623434), ('CP4', 0.12203757), ('C3', 0.11440807), ('Fz', 0.11391998)]
[2026-05-28 16:14:06]     spatial_update=delta_l2=0.29274203 max_abs=0.04962349 relative=0.24528457 changed=True

[2026-05-28 16:14:07] Fold 2/5 | subject=34
[2026-05-28 16:14:07]     Train: 32 | counts=[16, 16]
[2026-05-28 16:14:07]     Test:  8 | counts=[4, 4]
[2026-05-28 16:14:07]     Model: SignalJEPA_PreLocal | Pretrained: from_pretrained | Strategy: new
[2026-05-28 16:14:07]     Normalization: none | fit_scope=none
[2026-05-28 16:14:07]     Phase 1 (new): 2,170/16,010 params
[2026-05-28 16:14:07]     Result | best_epoch=50 | stop=50 | final_phase_epochs=50 | acc=0.6250 | bal_acc=0.6250 | pred_hist=[5, 3] | collapse=False
[2026-05-28 16:14:07]     spatial_conv=[4, 29] top_abs_channels=[('O2', 0.16234663), ('Pz', 0.15864983), ('T4', 0.13413382), ('O1', 0.12843357), ('T3', 0.12278272), ('CP3', 0.11216129), ('Fz', 0.11101381), ('CP4', 0.11089104)]
[2026-05-28 16:14:07]     spatial_update=delta_l2=0.26744189 max_abs=0.04523938 relative=0.22408592 changed=True

[2026-05-28 16:14:08] Fold 3/5 | subject=34
[2026-05-28 16:14:08]     Train: 32 | counts=[16, 16]
[2026-05-28 16:14:08]     Test:  8 | counts=[4, 4]
[2026-05-28 16:14:08]     Model: SignalJEPA_PreLocal | Pretrained: from_pretrained | Strategy: new
[2026-05-28 16:14:08]     Normalization: none | fit_scope=none
[2026-05-28 16:14:08]     Phase 1 (new): 2,170/16,010 params
[2026-05-28 16:14:09]     Result | best_epoch=50 | stop=50 | final_phase_epochs=50 | acc=0.6250 | bal_acc=0.6250 | pred_hist=[1, 7] | collapse=False
[2026-05-28 16:14:09]     spatial_conv=[4, 29] top_abs_channels=[('Pz', 0.1554191), ('O1', 0.15125568), ('O2', 0.14930333), ('T3', 0.13945453), ('C3', 0.13154562), ('CP4', 0.12503915), ('T4', 0.1196828), ('Fp1', 0.11240461)]
[2026-05-28 16:14:09]     spatial_update=delta_l2=0.26661623 max_abs=0.04975278 relative=0.22339412 changed=True

[2026-05-28 16:14:09] Fold 4/5 | subject=34
[2026-05-28 16:14:09]     Train: 32 | counts=[16, 16]
[2026-05-28 16:14:09]     Test:  8 | counts=[4, 4]
[2026-05-28 16:14:09]     Model: SignalJEPA_PreLocal | Pretrained: from_pretrained | Strategy: new
[2026-05-28 16:14:09]     Normalization: none | fit_scope=none
[2026-05-28 16:14:09]     Phase 1 (new): 2,170/16,010 params
[2026-05-28 16:14:10]     Result | best_epoch=50 | stop=50 | final_phase_epochs=50 | acc=0.8750 | bal_acc=0.8750 | pred_hist=[5, 3] | collapse=False
[2026-05-28 16:14:10]     spatial_conv=[4, 29] top_abs_channels=[('Pz', 0.16410477), ('O1', 0.15522753), ('T4', 0.14294697), ('O2', 0.13762489), ('P4', 0.12071492), ('CP4', 0.11644836), ('C3', 0.11453999), ('CP3', 0.11263847)]
[2026-05-28 16:14:10]     spatial_update=delta_l2=0.29997201 max_abs=0.04946274 relative=0.25134247 changed=True

[2026-05-28 16:14:10] Fold 5/5 | subject=34
[2026-05-28 16:14:10]     Train: 32 | counts=[16, 16]
[2026-05-28 16:14:10]     Test:  8 | counts=[4, 4]
[2026-05-28 16:14:10]     Model: SignalJEPA_PreLocal | Pretrained: from_pretrained | Strategy: new
[2026-05-28 16:14:10]     Normalization: none | fit_scope=none
[2026-05-28 16:14:10]     Phase 1 (new): 2,170/16,010 params
[2026-05-28 16:14:11]     Result | best_epoch=50 | stop=50 | final_phase_epochs=50 | acc=0.7500 | bal_acc=0.7500 | pred_hist=[2, 6] | collapse=False
[2026-05-28 16:14:11]     spatial_conv=[4, 29] top_abs_channels=[('Pz', 0.14700404), ('O1', 0.14472485), ('O2', 0.14300536), ('T4', 0.14071302), ('C3', 0.12944815), ('FCz', 0.12669517), ('T3', 0.11947986), ('FT7', 0.11316302)]
[2026-05-28 16:14:11]     spatial_update=delta_l2=0.26685471 max_abs=0.04824046 relative=0.22359393 changed=True
[2026-05-28 16:14:11]   Subject 34: acc=0.7500±0.1118  bal_acc=0.7500±0.1118
[2026-05-28 16:14:11] \nSubject 35: 40 windows | class_counts=[20, 20]

[2026-05-28 16:14:12] Fold 1/5 | subject=35
[2026-05-28 16:14:12]     Train: 32 | counts=[16, 16]
[2026-05-28 16:14:12]     Test:  8 | counts=[4, 4]
[2026-05-28 16:14:12]     Model: SignalJEPA_PreLocal | Pretrained: from_pretrained | Strategy: new
[2026-05-28 16:14:12]     Normalization: none | fit_scope=none
[2026-05-28 16:14:12]     Phase 1 (new): 2,170/16,010 params
[2026-05-28 16:14:12]     Result | best_epoch=1 | stop=11 | final_phase_epochs=11 | acc=0.5000 | bal_acc=0.5000 | pred_hist=[0, 8] | collapse=True
[2026-05-28 16:14:12]     spatial_conv=[4, 29] top_abs_channels=[('Pz', 0.15348901), ('O2', 0.14324138), ('T3', 0.12718476), ('T4', 0.12208758), ('O1', 0.12186211), ('CP3', 0.1202244), ('C3', 0.1152309), ('CP4', 0.11093313)]
[2026-05-28 16:14:12]     spatial_update=delta_l2=0.00969308 max_abs=0.00090000 relative=0.00812170 changed=True

[2026-05-28 16:14:12] Fold 2/5 | subject=35
[2026-05-28 16:14:12]     Train: 32 | counts=[16, 16]
[2026-05-28 16:14:12]     Test:  8 | counts=[4, 4]
[2026-05-28 16:14:12]     Model: SignalJEPA_PreLocal | Pretrained: from_pretrained | Strategy: new
[2026-05-28 16:14:12]     Normalization: none | fit_scope=none
[2026-05-28 16:14:12]     Phase 1 (new): 2,170/16,010 params
[2026-05-28 16:14:13]     Result | best_epoch=50 | stop=50 | final_phase_epochs=50 | acc=0.7500 | bal_acc=0.7500 | pred_hist=[4, 4] | collapse=False
[2026-05-28 16:14:13]     spatial_conv=[4, 29] top_abs_channels=[('Pz', 0.15992729), ('T3', 0.1359762), ('O2', 0.12723413), ('P3', 0.12200034), ('Fz', 0.11965063), ('O1', 0.11894761), ('F4', 0.11704241), ('CP4', 0.11539827)]
[2026-05-28 16:14:13]     spatial_update=delta_l2=0.23976798 max_abs=0.04270901 relative=0.20089833 changed=True

[2026-05-28 16:14:14] Fold 3/5 | subject=35
[2026-05-28 16:14:14]     Train: 32 | counts=[16, 16]
[2026-05-28 16:14:14]     Test:  8 | counts=[4, 4]
[2026-05-28 16:14:14]     Model: SignalJEPA_PreLocal | Pretrained: from_pretrained | Strategy: new
[2026-05-28 16:14:14]     Normalization: none | fit_scope=none
[2026-05-28 16:14:14]     Phase 1 (new): 2,170/16,010 params
[2026-05-28 16:14:14]     Result | best_epoch=50 | stop=50 | final_phase_epochs=50 | acc=0.6250 | bal_acc=0.6250 | pred_hist=[3, 5] | collapse=False
[2026-05-28 16:14:14]     spatial_conv=[4, 29] top_abs_channels=[('Pz', 0.156829), ('P3', 0.14356548), ('O2', 0.13002911), ('T4', 0.11576131), ('T3', 0.11055864), ('CP4', 0.11000663), ('Oz', 0.10802266), ('CP3', 0.1068368)]
[2026-05-28 16:14:14]     spatial_update=delta_l2=0.25757050 max_abs=0.04792476 relative=0.21581482 changed=True

[2026-05-28 16:14:15] Fold 4/5 | subject=35
[2026-05-28 16:14:15]     Train: 32 | counts=[16, 16]
[2026-05-28 16:14:15]     Test:  8 | counts=[4, 4]
[2026-05-28 16:14:15]     Model: SignalJEPA_PreLocal | Pretrained: from_pretrained | Strategy: new
[2026-05-28 16:14:15]     Normalization: none | fit_scope=none
[2026-05-28 16:14:15]     Phase 1 (new): 2,170/16,010 params
[2026-05-28 16:14:15]     Result | best_epoch=2 | stop=12 | final_phase_epochs=12 | acc=0.5000 | bal_acc=0.5000 | pred_hist=[0, 8] | collapse=True
[2026-05-28 16:14:15]     spatial_conv=[4, 29] top_abs_channels=[('Pz', 0.15389144), ('O2', 0.14321546), ('T3', 0.12761283), ('O1', 0.1223073), ('T4', 0.12195473), ('CP3', 0.12010375), ('C3', 0.11604926), ('CP4', 0.11096225)]
[2026-05-28 16:14:15]     spatial_update=delta_l2=0.01568766 max_abs=0.00180121 relative=0.01314447 changed=True

[2026-05-28 16:14:15] Fold 5/5 | subject=35
[2026-05-28 16:14:15]     Train: 32 | counts=[16, 16]
[2026-05-28 16:14:15]     Test:  8 | counts=[4, 4]
[2026-05-28 16:14:15]     Model: SignalJEPA_PreLocal | Pretrained: from_pretrained | Strategy: new
[2026-05-28 16:14:15]     Normalization: none | fit_scope=none
[2026-05-28 16:14:15]     Phase 1 (new): 2,170/16,010 params
[2026-05-28 16:14:16]     Result | best_epoch=1 | stop=11 | final_phase_epochs=11 | acc=0.5000 | bal_acc=0.5000 | pred_hist=[0, 8] | collapse=True
[2026-05-28 16:14:16]     spatial_conv=[4, 29] top_abs_channels=[('Pz', 0.15348901), ('O2', 0.14324141), ('T3', 0.12673478), ('O1', 0.12231213), ('T4', 0.12208758), ('CP3', 0.12067442), ('C3', 0.11523092), ('CP4', 0.11048314)]
[2026-05-28 16:14:16]     spatial_update=delta_l2=0.00969290 max_abs=0.00090000 relative=0.00812155 changed=True
[2026-05-28 16:14:16]   Subject 35: acc=0.5750±0.1000  bal_acc=0.5750±0.1000
[2026-05-28 16:14:16] \nSubject 36: 40 windows | class_counts=[20, 20]

[2026-05-28 16:14:16] Fold 1/5 | subject=36
[2026-05-28 16:14:16]     Train: 32 | counts=[16, 16]
[2026-05-28 16:14:16]     Test:  8 | counts=[4, 4]
[2026-05-28 16:14:16]     Model: SignalJEPA_PreLocal | Pretrained: from_pretrained | Strategy: new
[2026-05-28 16:14:16]     Normalization: none | fit_scope=none
[2026-05-28 16:14:16]     Phase 1 (new): 2,170/16,010 params
[2026-05-28 16:14:16]     Result | best_epoch=3 | stop=13 | final_phase_epochs=13 | acc=0.5000 | bal_acc=0.5000 | pred_hist=[0, 8] | collapse=True
[2026-05-28 16:14:16]     spatial_conv=[4, 29] top_abs_channels=[('Pz', 0.15323031), ('O2', 0.14337045), ('T3', 0.12707338), ('T4', 0.12309623), ('O1', 0.12255656), ('CP3', 0.11965163), ('C3', 0.11774714), ('Fp1', 0.11128923)]
[2026-05-28 16:14:16]     spatial_update=delta_l2=0.02332615 max_abs=0.00270135 relative=0.01954467 changed=True

[2026-05-28 16:14:17] Fold 2/5 | subject=36
[2026-05-28 16:14:17]     Train: 32 | counts=[16, 16]
[2026-05-28 16:14:17]     Test:  8 | counts=[4, 4]
[2026-05-28 16:14:17]     Model: SignalJEPA_PreLocal | Pretrained: from_pretrained | Strategy: new
[2026-05-28 16:14:17]     Normalization: none | fit_scope=none
[2026-05-28 16:14:17]     Phase 1 (new): 2,170/16,010 params
[2026-05-28 16:14:17]     Result | best_epoch=4 | stop=14 | final_phase_epochs=14 | acc=0.5000 | bal_acc=0.5000 | pred_hist=[0, 8] | collapse=True
[2026-05-28 16:14:17]     spatial_conv=[4, 29] top_abs_channels=[('Pz', 0.1527651), ('O2', 0.14241201), ('T3', 0.12887408), ('O1', 0.12367126), ('CP3', 0.12190825), ('T4', 0.12056626), ('C3', 0.11785363), ('Fp1', 0.1113118)]
[2026-05-28 16:14:17]     spatial_update=delta_l2=0.03247580 max_abs=0.00360899 relative=0.02721103 changed=True

[2026-05-28 16:14:18] Fold 3/5 | subject=36
[2026-05-28 16:14:18]     Train: 32 | counts=[16, 16]
[2026-05-28 16:14:18]     Test:  8 | counts=[4, 4]
[2026-05-28 16:14:18]     Model: SignalJEPA_PreLocal | Pretrained: from_pretrained | Strategy: new
[2026-05-28 16:14:18]     Normalization: none | fit_scope=none
[2026-05-28 16:14:18]     Phase 1 (new): 2,170/16,010 params
[2026-05-28 16:14:18]     Result | best_epoch=1 | stop=11 | final_phase_epochs=11 | acc=0.5000 | bal_acc=0.5000 | pred_hist=[0, 8] | collapse=True
[2026-05-28 16:14:18]     spatial_conv=[4, 29] top_abs_channels=[('Pz', 0.15303896), ('O2', 0.14414138), ('T3', 0.12718476), ('T4', 0.12208755), ('O1', 0.12186214), ('CP3', 0.12157439), ('C3', 0.11613089), ('CP4', 0.11003315)]
[2026-05-28 16:14:18]     spatial_update=delta_l2=0.00969246 max_abs=0.00090000 relative=0.00812118 changed=True

[2026-05-28 16:14:18] Fold 4/5 | subject=36
[2026-05-28 16:14:18]     Train: 32 | counts=[16, 16]
[2026-05-28 16:14:18]     Test:  8 | counts=[4, 4]
[2026-05-28 16:14:18]     Model: SignalJEPA_PreLocal | Pretrained: from_pretrained | Strategy: new
[2026-05-28 16:14:18]     Normalization: none | fit_scope=none
[2026-05-28 16:14:18]     Phase 1 (new): 2,170/16,010 params
[2026-05-28 16:14:18]     Result | best_epoch=1 | stop=11 | final_phase_epochs=11 | acc=0.5000 | bal_acc=0.5000 | pred_hist=[0, 8] | collapse=True
[2026-05-28 16:14:18]     spatial_conv=[4, 29] top_abs_channels=[('Pz', 0.15348901), ('O2', 0.14369138), ('T3', 0.12673478), ('O1', 0.12276211), ('T4', 0.1225376), ('CP3', 0.1206744), ('C3', 0.11613087), ('CP4', 0.1104831)]
[2026-05-28 16:14:18]     spatial_update=delta_l2=0.00969304 max_abs=0.00090000 relative=0.00812167 changed=True

[2026-05-28 16:14:19] Fold 5/5 | subject=36
[2026-05-28 16:14:19]     Train: 32 | counts=[16, 16]
[2026-05-28 16:14:19]     Test:  8 | counts=[4, 4]
[2026-05-28 16:14:19]     Model: SignalJEPA_PreLocal | Pretrained: from_pretrained | Strategy: new
[2026-05-28 16:14:19]     Normalization: none | fit_scope=none
[2026-05-28 16:14:19]     Phase 1 (new): 2,170/16,010 params
[2026-05-28 16:14:19]     Result | best_epoch=1 | stop=11 | final_phase_epochs=11 | acc=0.5000 | bal_acc=0.5000 | pred_hist=[0, 8] | collapse=True
[2026-05-28 16:14:19]     spatial_conv=[4, 29] top_abs_channels=[('Pz', 0.15348898), ('O2', 0.14369138), ('T3', 0.12673512), ('O1', 0.12276211), ('T4', 0.12253756), ('CP3', 0.12067433), ('C3', 0.11613084), ('Fp1', 0.11070673)]
[2026-05-28 16:14:19]     spatial_update=delta_l2=0.00969169 max_abs=0.00090000 relative=0.00812054 changed=True
[2026-05-28 16:14:19]   Subject 36: acc=0.5000±0.0000  bal_acc=0.5000±0.0000
[2026-05-28 16:14:19] \nSubject 37: 40 windows | class_counts=[20, 20]

[2026-05-28 16:14:20] Fold 1/5 | subject=37
[2026-05-28 16:14:20]     Train: 32 | counts=[16, 16]
[2026-05-28 16:14:20]     Test:  8 | counts=[4, 4]
[2026-05-28 16:14:20]     Model: SignalJEPA_PreLocal | Pretrained: from_pretrained | Strategy: new
[2026-05-28 16:14:20]     Normalization: none | fit_scope=none
[2026-05-28 16:14:20]     Phase 1 (new): 2,170/16,010 params
[2026-05-28 16:14:20]     Result | best_epoch=50 | stop=50 | final_phase_epochs=50 | acc=0.3750 | bal_acc=0.3750 | pred_hist=[1, 7] | collapse=False
[2026-05-28 16:14:20]     spatial_conv=[4, 29] top_abs_channels=[('T3', 0.15683186), ('O2', 0.15375668), ('Pz', 0.14510569), ('CP4', 0.11540753), ('Fz', 0.1150396), ('O1', 0.11503358), ('Fp1', 0.11470391), ('T4', 0.11233253)]
[2026-05-28 16:14:20]     spatial_update=delta_l2=0.24787967 max_abs=0.04588919 relative=0.20769501 changed=True

[2026-05-28 16:14:21] Fold 2/5 | subject=37
[2026-05-28 16:14:21]     Train: 32 | counts=[16, 16]
[2026-05-28 16:14:21]     Test:  8 | counts=[4, 4]
[2026-05-28 16:14:21]     Model: SignalJEPA_PreLocal | Pretrained: from_pretrained | Strategy: new
[2026-05-28 16:14:21]     Normalization: none | fit_scope=none
[2026-05-28 16:14:21]     Phase 1 (new): 2,170/16,010 params
[2026-05-28 16:14:21]     Result | best_epoch=50 | stop=50 | final_phase_epochs=50 | acc=0.5000 | bal_acc=0.5000 | pred_hist=[4, 4] | collapse=False
[2026-05-28 16:14:21]     spatial_conv=[4, 29] top_abs_channels=[('O2', 0.15522482), ('Pz', 0.14543311), ('T3', 0.13829298), ('T4', 0.13154119), ('CP3', 0.13048406), ('T5', 0.12511373), ('FCz', 0.12308113), ('O1', 0.12146187)]
[2026-05-28 16:14:21]     spatial_update=delta_l2=0.25496432 max_abs=0.04497968 relative=0.21363114 changed=True

[2026-05-28 16:14:22] Fold 3/5 | subject=37
[2026-05-28 16:14:22]     Train: 32 | counts=[16, 16]
[2026-05-28 16:14:22]     Test:  8 | counts=[4, 4]
[2026-05-28 16:14:22]     Model: SignalJEPA_PreLocal | Pretrained: from_pretrained | Strategy: new
[2026-05-28 16:14:22]     Normalization: none | fit_scope=none
[2026-05-28 16:14:22]     Phase 1 (new): 2,170/16,010 params
[2026-05-28 16:14:23]     Result | best_epoch=50 | stop=50 | final_phase_epochs=50 | acc=0.7500 | bal_acc=0.7500 | pred_hist=[4, 4] | collapse=False
[2026-05-28 16:14:23]     spatial_conv=[4, 29] top_abs_channels=[('O2', 0.15189952), ('T3', 0.15108407), ('Pz', 0.14439003), ('FCz', 0.12683657), ('T4', 0.12332652), ('CP3', 0.12137355), ('Fp1', 0.12005185), ('C3', 0.11811907)]
[2026-05-28 16:14:23]     spatial_update=delta_l2=0.23875671 max_abs=0.04438606 relative=0.20005100 changed=True

[2026-05-28 16:14:23] Fold 4/5 | subject=37
[2026-05-28 16:14:23]     Train: 32 | counts=[16, 16]
[2026-05-28 16:14:23]     Test:  8 | counts=[4, 4]
[2026-05-28 16:14:23]     Model: SignalJEPA_PreLocal | Pretrained: from_pretrained | Strategy: new
[2026-05-28 16:14:23]     Normalization: none | fit_scope=none
[2026-05-28 16:14:23]     Phase 1 (new): 2,170/16,010 params
[2026-05-28 16:14:24]     Result | best_epoch=23 | stop=32 | final_phase_epochs=32 | acc=0.5000 | bal_acc=0.5000 | pred_hist=[4, 4] | collapse=False
[2026-05-28 16:14:24]     spatial_conv=[4, 29] top_abs_channels=[('Pz', 0.15119736), ('O2', 0.14307714), ('T3', 0.1311406), ('O1', 0.12459226), ('P3', 0.1231477), ('CP3', 0.12137704), ('C3', 0.11962031), ('CP4', 0.11938307)]
[2026-05-28 16:14:24]     spatial_update=delta_l2=0.13319874 max_abs=0.02001782 relative=0.11160541 changed=True

[2026-05-28 16:14:24] Fold 5/5 | subject=37
[2026-05-28 16:14:24]     Train: 32 | counts=[16, 16]
[2026-05-28 16:14:24]     Test:  8 | counts=[4, 4]
[2026-05-28 16:14:24]     Model: SignalJEPA_PreLocal | Pretrained: from_pretrained | Strategy: new
[2026-05-28 16:14:24]     Normalization: none | fit_scope=none
[2026-05-28 16:14:24]     Phase 1 (new): 2,170/16,010 params
[2026-05-28 16:14:24]     Result | best_epoch=1 | stop=11 | final_phase_epochs=11 | acc=0.5000 | bal_acc=0.5000 | pred_hist=[0, 8] | collapse=True
[2026-05-28 16:14:24]     spatial_conv=[4, 29] top_abs_channels=[('Pz', 0.15303901), ('O2', 0.14459138), ('T3', 0.12673473), ('O1', 0.12186212), ('T4', 0.12163803), ('CP3', 0.12157439), ('C3', 0.1156809), ('CP4', 0.11138312)]
[2026-05-28 16:14:24]     spatial_update=delta_l2=0.00969288 max_abs=0.00090000 relative=0.00812153 changed=True
[2026-05-28 16:14:24]   Subject 37: acc=0.5250±0.1225  bal_acc=0.5250±0.1225
[2026-05-28 16:14:24] \nSubject 38: 40 windows | class_counts=[20, 20]

[2026-05-28 16:14:25] Fold 1/5 | subject=38
[2026-05-28 16:14:25]     Train: 32 | counts=[16, 16]
[2026-05-28 16:14:25]     Test:  8 | counts=[4, 4]
[2026-05-28 16:14:25]     Model: SignalJEPA_PreLocal | Pretrained: from_pretrained | Strategy: new
[2026-05-28 16:14:25]     Normalization: none | fit_scope=none
[2026-05-28 16:14:25]     Phase 1 (new): 2,170/16,010 params
[2026-05-28 16:14:25]     Result | best_epoch=23 | stop=33 | final_phase_epochs=33 | acc=0.3750 | bal_acc=0.3750 | pred_hist=[5, 3] | collapse=False
[2026-05-28 16:14:25]     spatial_conv=[4, 29] top_abs_channels=[('Pz', 0.15679801), ('O2', 0.13796875), ('T3', 0.12999193), ('T4', 0.12291118), ('O1', 0.12266891), ('CP3', 0.11878974), ('Fp1', 0.11717819), ('Fz', 0.1159509)]
[2026-05-28 16:14:25]     spatial_update=delta_l2=0.14043768 max_abs=0.02152701 relative=0.11767082 changed=True

[2026-05-28 16:14:26] Fold 2/5 | subject=38
[2026-05-28 16:14:26]     Train: 32 | counts=[16, 16]
[2026-05-28 16:14:26]     Test:  8 | counts=[4, 4]
[2026-05-28 16:14:26]     Model: SignalJEPA_PreLocal | Pretrained: from_pretrained | Strategy: new
[2026-05-28 16:14:26]     Normalization: none | fit_scope=none
[2026-05-28 16:14:26]     Phase 1 (new): 2,170/16,010 params
[2026-05-28 16:14:27]     Result | best_epoch=50 | stop=50 | final_phase_epochs=50 | acc=0.7500 | bal_acc=0.7500 | pred_hist=[4, 4] | collapse=False
[2026-05-28 16:14:27]     spatial_conv=[4, 29] top_abs_channels=[('Pz', 0.1525123), ('T3', 0.12884562), ('Fp1', 0.12708563), ('O2', 0.12561697), ('Fz', 0.12547871), ('T4', 0.12362505), ('CP3', 0.11809014), ('P3', 0.11208425)]
[2026-05-28 16:14:27]     spatial_update=delta_l2=0.27034689 max_abs=0.04955223 relative=0.22651998 changed=True

[2026-05-28 16:14:27] Fold 3/5 | subject=38
[2026-05-28 16:14:27]     Train: 32 | counts=[16, 16]
[2026-05-28 16:14:27]     Test:  8 | counts=[4, 4]
[2026-05-28 16:14:27]     Model: SignalJEPA_PreLocal | Pretrained: from_pretrained | Strategy: new
[2026-05-28 16:14:27]     Normalization: none | fit_scope=none
[2026-05-28 16:14:27]     Phase 1 (new): 2,170/16,010 params
[2026-05-28 16:14:28]     Result | best_epoch=50 | stop=50 | final_phase_epochs=50 | acc=0.7500 | bal_acc=0.7500 | pred_hist=[4, 4] | collapse=False
[2026-05-28 16:14:28]     spatial_conv=[4, 29] top_abs_channels=[('Pz', 0.16190457), ('O2', 0.14664695), ('T3', 0.1250855), ('Fp1', 0.12265798), ('CP3', 0.12243626), ('T4', 0.12040085), ('O1', 0.1201966), ('P4', 0.11867803)]
[2026-05-28 16:14:28]     spatial_update=delta_l2=0.26281772 max_abs=0.04842282 relative=0.22021140 changed=True

[2026-05-28 16:14:28] Fold 4/5 | subject=38
[2026-05-28 16:14:28]     Train: 32 | counts=[16, 16]
[2026-05-28 16:14:28]     Test:  8 | counts=[4, 4]
[2026-05-28 16:14:28]     Model: SignalJEPA_PreLocal | Pretrained: from_pretrained | Strategy: new
[2026-05-28 16:14:28]     Normalization: none | fit_scope=none
[2026-05-28 16:14:28]     Phase 1 (new): 2,170/16,010 params
[2026-05-28 16:14:29]     Result | best_epoch=22 | stop=31 | final_phase_epochs=31 | acc=0.7500 | bal_acc=0.7500 | pred_hist=[2, 6] | collapse=False
[2026-05-28 16:14:29]     spatial_conv=[4, 29] top_abs_channels=[('Pz', 0.15450348), ('O2', 0.13482185), ('T3', 0.12820956), ('O1', 0.12527518), ('T4', 0.12372202), ('CP3', 0.11800649), ('Fz', 0.11452599), ('CP4', 0.11442572)]
[2026-05-28 16:14:29]     spatial_update=delta_l2=0.13200748 max_abs=0.01928495 relative=0.11060727 changed=True

[2026-05-28 16:14:29] Fold 5/5 | subject=38
[2026-05-28 16:14:29]     Train: 32 | counts=[16, 16]
[2026-05-28 16:14:29]     Test:  8 | counts=[4, 4]
[2026-05-28 16:14:29]     Model: SignalJEPA_PreLocal | Pretrained: from_pretrained | Strategy: new
[2026-05-28 16:14:29]     Normalization: none | fit_scope=none
[2026-05-28 16:14:29]     Phase 1 (new): 2,170/16,010 params
[2026-05-28 16:14:30]     Result | best_epoch=50 | stop=50 | final_phase_epochs=50 | acc=0.8750 | bal_acc=0.8750 | pred_hist=[3, 5] | collapse=False
[2026-05-28 16:14:30]     spatial_conv=[4, 29] top_abs_channels=[('Pz', 0.15362743), ('T4', 0.13836792), ('O2', 0.13208646), ('T3', 0.12089254), ('O1', 0.1205051), ('CP3', 0.11870629), ('CP4', 0.11300758), ('P4', 0.10964505)]
[2026-05-28 16:14:30]     spatial_update=delta_l2=0.26514043 max_abs=0.04831050 relative=0.22215756 changed=True
[2026-05-28 16:14:30]   Subject 38: acc=0.7000±0.1696  bal_acc=0.7000±0.1696
[2026-05-28 16:14:30] \nSubject 39: 40 windows | class_counts=[20, 20]

[2026-05-28 16:14:30] Fold 1/5 | subject=39
[2026-05-28 16:14:30]     Train: 32 | counts=[16, 16]
[2026-05-28 16:14:30]     Test:  8 | counts=[4, 4]
[2026-05-28 16:14:30]     Model: SignalJEPA_PreLocal | Pretrained: from_pretrained | Strategy: new
[2026-05-28 16:14:30]     Normalization: none | fit_scope=none
[2026-05-28 16:14:30]     Phase 1 (new): 2,170/16,010 params
[2026-05-28 16:14:31]     Result | best_epoch=50 | stop=50 | final_phase_epochs=50 | acc=0.6250 | bal_acc=0.6250 | pred_hist=[3, 5] | collapse=False
[2026-05-28 16:14:31]     spatial_conv=[4, 29] top_abs_channels=[('Pz', 0.14329936), ('O2', 0.13240546), ('CP3', 0.13068871), ('T3', 0.12941554), ('Fp1', 0.12048092), ('O1', 0.11664422), ('CP4', 0.1162089), ('Fz', 0.11563169)]
[2026-05-28 16:14:31]     spatial_update=delta_l2=0.22638078 max_abs=0.04715924 relative=0.18968138 changed=True

[2026-05-28 16:14:32] Fold 2/5 | subject=39
[2026-05-28 16:14:32]     Train: 32 | counts=[16, 16]
[2026-05-28 16:14:32]     Test:  8 | counts=[4, 4]
[2026-05-28 16:14:32]     Model: SignalJEPA_PreLocal | Pretrained: from_pretrained | Strategy: new
[2026-05-28 16:14:32]     Normalization: none | fit_scope=none
[2026-05-28 16:14:32]     Phase 1 (new): 2,170/16,010 params
[2026-05-28 16:14:32]     Result | best_epoch=1 | stop=11 | final_phase_epochs=11 | acc=0.5000 | bal_acc=0.5000 | pred_hist=[0, 8] | collapse=True
[2026-05-28 16:14:32]     spatial_conv=[4, 29] top_abs_channels=[('Pz', 0.15393899), ('O2', 0.14414141), ('T3', 0.12718478), ('T4', 0.12253758), ('O1', 0.12186211), ('CP3', 0.12022441), ('C3', 0.11478101), ('CP4', 0.11138313)]
[2026-05-28 16:14:32]     spatial_update=delta_l2=0.00969295 max_abs=0.00090000 relative=0.00812159 changed=True

[2026-05-28 16:14:32] Fold 3/5 | subject=39
[2026-05-28 16:14:32]     Train: 32 | counts=[16, 16]
[2026-05-28 16:14:32]     Test:  8 | counts=[4, 4]
[2026-05-28 16:14:32]     Model: SignalJEPA_PreLocal | Pretrained: from_pretrained | Strategy: new
[2026-05-28 16:14:32]     Normalization: none | fit_scope=none
[2026-05-28 16:14:32]     Phase 1 (new): 2,170/16,010 params
[2026-05-28 16:14:33]     Result | best_epoch=1 | stop=11 | final_phase_epochs=11 | acc=0.6250 | bal_acc=0.6250 | pred_hist=[1, 7] | collapse=False
[2026-05-28 16:14:33]     spatial_conv=[4, 29] top_abs_channels=[('Pz', 0.15303902), ('O2', 0.14414136), ('T3', 0.12628479), ('O1', 0.12231205), ('T4', 0.12208758), ('CP3', 0.12157438), ('C3', 0.11478091), ('CP4', 0.11093309)]
[2026-05-28 16:14:33]     spatial_update=delta_l2=0.00969257 max_abs=0.00090000 relative=0.00812127 changed=True

[2026-05-28 16:14:33] Fold 4/5 | subject=39
[2026-05-28 16:14:33]     Train: 32 | counts=[16, 16]
[2026-05-28 16:14:33]     Test:  8 | counts=[4, 4]
[2026-05-28 16:14:33]     Model: SignalJEPA_PreLocal | Pretrained: from_pretrained | Strategy: new
[2026-05-28 16:14:33]     Normalization: none | fit_scope=none
[2026-05-28 16:14:33]     Phase 1 (new): 2,170/16,010 params
[2026-05-28 16:14:33]     Result | best_epoch=1 | stop=11 | final_phase_epochs=11 | acc=0.5000 | bal_acc=0.5000 | pred_hist=[0, 8] | collapse=True
[2026-05-28 16:14:33]     spatial_conv=[4, 29] top_abs_channels=[('Pz', 0.15348901), ('O2', 0.14369139), ('T3', 0.12628479), ('T4', 0.12253759), ('O1', 0.12186217), ('CP3', 0.1206744), ('C3', 0.1152311), ('CP4', 0.11093313)]
[2026-05-28 16:14:33]     spatial_update=delta_l2=0.00969299 max_abs=0.00090000 relative=0.00812163 changed=True

[2026-05-28 16:14:34] Fold 5/5 | subject=39
[2026-05-28 16:14:34]     Train: 32 | counts=[16, 16]
[2026-05-28 16:14:34]     Test:  8 | counts=[4, 4]
[2026-05-28 16:14:34]     Model: SignalJEPA_PreLocal | Pretrained: from_pretrained | Strategy: new
[2026-05-28 16:14:34]     Normalization: none | fit_scope=none
[2026-05-28 16:14:34]     Phase 1 (new): 2,170/16,010 params
[2026-05-28 16:14:34]     Result | best_epoch=1 | stop=11 | final_phase_epochs=11 | acc=0.5000 | bal_acc=0.5000 | pred_hist=[0, 8] | collapse=True
[2026-05-28 16:14:34]     spatial_conv=[4, 29] top_abs_channels=[('Pz', 0.15303902), ('O2', 0.14414138), ('T3', 0.12673476), ('O1', 0.12276211), ('T4', 0.12253758), ('CP3', 0.12022465), ('C3', 0.1156808), ('CP4', 0.11093313)]
[2026-05-28 16:14:34]     spatial_update=delta_l2=0.00969294 max_abs=0.00090000 relative=0.00812158 changed=True
[2026-05-28 16:14:34]   Subject 39: acc=0.5500±0.0612  bal_acc=0.5500±0.0612
[2026-05-28 16:14:34] \nSubject 40: 40 windows | class_counts=[20, 20]

[2026-05-28 16:14:35] Fold 1/5 | subject=40
[2026-05-28 16:14:35]     Train: 32 | counts=[16, 16]
[2026-05-28 16:14:35]     Test:  8 | counts=[4, 4]
[2026-05-28 16:14:35]     Model: SignalJEPA_PreLocal | Pretrained: from_pretrained | Strategy: new
[2026-05-28 16:14:35]     Normalization: none | fit_scope=none
[2026-05-28 16:14:35]     Phase 1 (new): 2,170/16,010 params
[2026-05-28 16:14:35]     Result | best_epoch=50 | stop=50 | final_phase_epochs=50 | acc=0.5000 | bal_acc=0.5000 | pred_hist=[4, 4] | collapse=False
[2026-05-28 16:14:35]     spatial_conv=[4, 29] top_abs_channels=[('O2', 0.14500928), ('Pz', 0.14273058), ('T4', 0.13246891), ('CP3', 0.1288859), ('O1', 0.12765707), ('P3', 0.12570308), ('C3', 0.11988866), ('T3', 0.11841729)]
[2026-05-28 16:14:35]     spatial_update=delta_l2=0.23104070 max_abs=0.04837357 relative=0.19358586 changed=True

[2026-05-28 16:14:36] Fold 2/5 | subject=40
[2026-05-28 16:14:36]     Train: 32 | counts=[16, 16]
[2026-05-28 16:14:36]     Test:  8 | counts=[4, 4]
[2026-05-28 16:14:36]     Model: SignalJEPA_PreLocal | Pretrained: from_pretrained | Strategy: new
[2026-05-28 16:14:36]     Normalization: none | fit_scope=none
[2026-05-28 16:14:36]     Phase 1 (new): 2,170/16,010 params
[2026-05-28 16:14:36]     Result | best_epoch=12 | stop=22 | final_phase_epochs=22 | acc=0.5000 | bal_acc=0.5000 | pred_hist=[0, 8] | collapse=True
[2026-05-28 16:14:36]     spatial_conv=[4, 29] top_abs_channels=[('Pz', 0.14948198), ('O2', 0.1450012), ('T3', 0.12989512), ('O1', 0.12723607), ('T4', 0.12072235), ('CP3', 0.11938727), ('C3', 0.1139573), ('CP4', 0.11195695)]
[2026-05-28 16:14:36]     spatial_update=delta_l2=0.07021973 max_abs=0.01067363 relative=0.05883616 changed=True

[2026-05-28 16:14:37] Fold 3/5 | subject=40
[2026-05-28 16:14:37]     Train: 32 | counts=[16, 16]
[2026-05-28 16:14:37]     Test:  8 | counts=[4, 4]
[2026-05-28 16:14:37]     Model: SignalJEPA_PreLocal | Pretrained: from_pretrained | Strategy: new
[2026-05-28 16:14:37]     Normalization: none | fit_scope=none
[2026-05-28 16:14:37]     Phase 1 (new): 2,170/16,010 params
[2026-05-28 16:14:37]     Result | best_epoch=5 | stop=15 | final_phase_epochs=15 | acc=0.5000 | bal_acc=0.5000 | pred_hist=[0, 8] | collapse=True
[2026-05-28 16:14:37]     spatial_conv=[4, 29] top_abs_channels=[('Pz', 0.15231609), ('O2', 0.14617491), ('T3', 0.12653896), ('O1', 0.12125009), ('T4', 0.12053195), ('CP3', 0.11968489), ('C3', 0.11384465), ('CP4', 0.11134374)]
[2026-05-28 16:14:37]     spatial_update=delta_l2=0.03151614 max_abs=0.00444961 relative=0.02640695 changed=True

[2026-05-28 16:14:37] Fold 4/5 | subject=40
[2026-05-28 16:14:37]     Train: 32 | counts=[16, 16]
[2026-05-28 16:14:37]     Test:  8 | counts=[4, 4]
[2026-05-28 16:14:37]     Model: SignalJEPA_PreLocal | Pretrained: from_pretrained | Strategy: new
[2026-05-28 16:14:37]     Normalization: none | fit_scope=none
[2026-05-28 16:14:37]     Phase 1 (new): 2,170/16,010 params
[2026-05-28 16:14:38]     Result | best_epoch=22 | stop=31 | final_phase_epochs=31 | acc=0.7500 | bal_acc=0.7500 | pred_hist=[2, 6] | collapse=False
[2026-05-28 16:14:38]     spatial_conv=[4, 29] top_abs_channels=[('Pz', 0.1532656), ('O2', 0.14466494), ('O1', 0.12737572), ('T3', 0.12166273), ('CP3', 0.11967902), ('T4', 0.11750466), ('CP4', 0.11444592), ('P3', 0.11424401)]
[2026-05-28 16:14:38]     spatial_update=delta_l2=0.10862576 max_abs=0.01876127 relative=0.09101604 changed=True

[2026-05-28 16:14:38] Fold 5/5 | subject=40
[2026-05-28 16:14:38]     Train: 32 | counts=[16, 16]
[2026-05-28 16:14:38]     Test:  8 | counts=[4, 4]
[2026-05-28 16:14:38]     Model: SignalJEPA_PreLocal | Pretrained: from_pretrained | Strategy: new
[2026-05-28 16:14:38]     Normalization: none | fit_scope=none
[2026-05-28 16:14:38]     Phase 1 (new): 2,170/16,010 params
[2026-05-28 16:14:39]     Result | best_epoch=2 | stop=11 | final_phase_epochs=11 | acc=0.5000 | bal_acc=0.5000 | pred_hist=[0, 8] | collapse=True
[2026-05-28 16:14:39]     spatial_conv=[4, 29] top_abs_channels=[('Pz', 0.15303901), ('O2', 0.14414138), ('T3', 0.12673481), ('O1', 0.12276212), ('T4', 0.12208782), ('CP3', 0.12067442), ('C3', 0.11478091), ('CP4', 0.11093314)]
[2026-05-28 16:14:39]     spatial_update=delta_l2=0.00969295 max_abs=0.00090000 relative=0.00812159 changed=True
[2026-05-28 16:14:39]   Subject 40: acc=0.5500±0.1000  bal_acc=0.5500±0.1000
[2026-05-28 16:14:39] \nSubject 41: 40 windows | class_counts=[20, 20]

[2026-05-28 16:14:39] Fold 1/5 | subject=41
[2026-05-28 16:14:39]     Train: 32 | counts=[16, 16]
[2026-05-28 16:14:39]     Test:  8 | counts=[4, 4]
[2026-05-28 16:14:39]     Model: SignalJEPA_PreLocal | Pretrained: from_pretrained | Strategy: new
[2026-05-28 16:14:39]     Normalization: none | fit_scope=none
[2026-05-28 16:14:39]     Phase 1 (new): 2,170/16,010 params
[2026-05-28 16:14:40]     Result | best_epoch=50 | stop=50 | final_phase_epochs=50 | acc=0.5000 | bal_acc=0.5000 | pred_hist=[2, 6] | collapse=False
[2026-05-28 16:14:40]     spatial_conv=[4, 29] top_abs_channels=[('O2', 0.14688601), ('Pz', 0.14331321), ('T3', 0.13114733), ('CP3', 0.12577985), ('P3', 0.12464753), ('O1', 0.12452362), ('C3', 0.11948618), ('FCz', 0.11266833)]
[2026-05-28 16:14:40]     spatial_update=delta_l2=0.25110764 max_abs=0.04962274 relative=0.21039968 changed=True

[2026-05-28 16:14:40] Fold 2/5 | subject=41
[2026-05-28 16:14:40]     Train: 32 | counts=[16, 16]
[2026-05-28 16:14:40]     Test:  8 | counts=[4, 4]
[2026-05-28 16:14:40]     Model: SignalJEPA_PreLocal | Pretrained: from_pretrained | Strategy: new
[2026-05-28 16:14:40]     Normalization: none | fit_scope=none
[2026-05-28 16:14:40]     Phase 1 (new): 2,170/16,010 params
[2026-05-28 16:14:41]     Result | best_epoch=50 | stop=50 | final_phase_epochs=50 | acc=0.6250 | bal_acc=0.6250 | pred_hist=[3, 5] | collapse=False
[2026-05-28 16:14:41]     spatial_conv=[4, 29] top_abs_channels=[('O2', 0.15488641), ('Pz', 0.14421135), ('T3', 0.1417187), ('O1', 0.12859726), ('CP3', 0.12382008), ('C3', 0.12167662), ('T4', 0.11841349), ('CP4', 0.11486702)]
[2026-05-28 16:14:41]     spatial_update=delta_l2=0.22924179 max_abs=0.04404895 relative=0.19207858 changed=True

[2026-05-28 16:14:41] Fold 3/5 | subject=41
[2026-05-28 16:14:41]     Train: 32 | counts=[16, 16]
[2026-05-28 16:14:41]     Test:  8 | counts=[4, 4]
[2026-05-28 16:14:41]     Model: SignalJEPA_PreLocal | Pretrained: from_pretrained | Strategy: new
[2026-05-28 16:14:41]     Normalization: none | fit_scope=none
[2026-05-28 16:14:41]     Phase 1 (new): 2,170/16,010 params
[2026-05-28 16:14:42]     Result | best_epoch=4 | stop=12 | final_phase_epochs=12 | acc=0.3750 | bal_acc=0.3750 | pred_hist=[1, 7] | collapse=False
[2026-05-28 16:14:42]     spatial_conv=[4, 29] top_abs_channels=[('Pz', 0.15130594), ('O2', 0.14586519), ('T3', 0.12519445), ('CP3', 0.12200321), ('T4', 0.12169561), ('O1', 0.12040375), ('C3', 0.11547828), ('CP4', 0.11058795)]
[2026-05-28 16:14:42]     spatial_update=delta_l2=0.01740690 max_abs=0.00180117 relative=0.01458500 changed=True

[2026-05-28 16:14:42] Fold 4/5 | subject=41
[2026-05-28 16:14:42]     Train: 32 | counts=[16, 16]
[2026-05-28 16:14:42]     Test:  8 | counts=[4, 4]
[2026-05-28 16:14:42]     Model: SignalJEPA_PreLocal | Pretrained: from_pretrained | Strategy: new
[2026-05-28 16:14:42]     Normalization: none | fit_scope=none
[2026-05-28 16:14:42]     Phase 1 (new): 2,170/16,010 params
[2026-05-28 16:14:42]     Result | best_epoch=6 | stop=16 | final_phase_epochs=16 | acc=0.6250 | bal_acc=0.6250 | pred_hist=[1, 7] | collapse=False
[2026-05-28 16:14:42]     spatial_conv=[4, 29] top_abs_channels=[('Pz', 0.15219916), ('O2', 0.14603704), ('T3', 0.12411118), ('CP3', 0.12155855), ('T4', 0.12071326), ('O1', 0.1189644), ('C3', 0.11710645), ('CP4', 0.10962424)]
[2026-05-28 16:14:42]     spatial_update=delta_l2=0.04369799 max_abs=0.00534356 relative=0.03661395 changed=True

[2026-05-28 16:14:43] Fold 5/5 | subject=41
[2026-05-28 16:14:43]     Train: 32 | counts=[16, 16]
[2026-05-28 16:14:43]     Test:  8 | counts=[4, 4]
[2026-05-28 16:14:43]     Model: SignalJEPA_PreLocal | Pretrained: from_pretrained | Strategy: new
[2026-05-28 16:14:43]     Normalization: none | fit_scope=none
[2026-05-28 16:14:43]     Phase 1 (new): 2,170/16,010 params
[2026-05-28 16:14:43]     Result | best_epoch=5 | stop=15 | final_phase_epochs=15 | acc=0.5000 | bal_acc=0.5000 | pred_hist=[0, 8] | collapse=True
[2026-05-28 16:14:43]     spatial_conv=[4, 29] top_abs_channels=[('Pz', 0.15270388), ('O2', 0.14767431), ('T3', 0.12439196), ('CP3', 0.12120774), ('O1', 0.12035988), ('T4', 0.12003533), ('C3', 0.11739698), ('CP4', 0.11208852)]
[2026-05-28 16:14:43]     spatial_update=delta_l2=0.03676832 max_abs=0.00449204 relative=0.03080768 changed=True
[2026-05-28 16:14:43]   Subject 41: acc=0.5250±0.0935  bal_acc=0.5250±0.0935
[2026-05-28 16:14:43] \nSubject 42: 40 windows | class_counts=[20, 20]

[2026-05-28 16:14:44] Fold 1/5 | subject=42
[2026-05-28 16:14:44]     Train: 32 | counts=[16, 16]
[2026-05-28 16:14:44]     Test:  8 | counts=[4, 4]
[2026-05-28 16:14:44]     Model: SignalJEPA_PreLocal | Pretrained: from_pretrained | Strategy: new
[2026-05-28 16:14:44]     Normalization: none | fit_scope=none
[2026-05-28 16:14:44]     Phase 1 (new): 2,170/16,010 params
[2026-05-28 16:14:44]     Result | best_epoch=2 | stop=12 | final_phase_epochs=12 | acc=0.3750 | bal_acc=0.3750 | pred_hist=[1, 7] | collapse=False
[2026-05-28 16:14:44]     spatial_conv=[4, 29] top_abs_channels=[('Pz', 0.15267092), ('O2', 0.14325465), ('T3', 0.12671854), ('O1', 0.12339632), ('T4', 0.12208883), ('CP3', 0.12176053), ('C3', 0.11492911), ('CP4', 0.11141314)]
[2026-05-28 16:14:44]     spatial_update=delta_l2=0.01760132 max_abs=0.00180115 relative=0.01474791 changed=True

[2026-05-28 16:14:45] Fold 2/5 | subject=42
[2026-05-28 16:14:45]     Train: 32 | counts=[16, 16]
[2026-05-28 16:14:45]     Test:  8 | counts=[4, 4]
[2026-05-28 16:14:45]     Model: SignalJEPA_PreLocal | Pretrained: from_pretrained | Strategy: new
[2026-05-28 16:14:45]     Normalization: none | fit_scope=none
[2026-05-28 16:14:45]     Phase 1 (new): 2,170/16,010 params
[2026-05-28 16:14:45]     Result | best_epoch=50 | stop=50 | final_phase_epochs=50 | acc=0.6250 | bal_acc=0.6250 | pred_hist=[3, 5] | collapse=False
[2026-05-28 16:14:45]     spatial_conv=[4, 29] top_abs_channels=[('O2', 0.14404599), ('Pz', 0.14333408), ('T4', 0.14008215), ('CP3', 0.13169703), ('O1', 0.12420946), ('Fp1', 0.12375458), ('T3', 0.11909351), ('FCz', 0.11466828)]
[2026-05-28 16:14:45]     spatial_update=delta_l2=0.27041167 max_abs=0.04809628 relative=0.22657427 changed=True

[2026-05-28 16:14:46] Fold 3/5 | subject=42
[2026-05-28 16:14:46]     Train: 32 | counts=[16, 16]
[2026-05-28 16:14:46]     Test:  8 | counts=[4, 4]
[2026-05-28 16:14:46]     Model: SignalJEPA_PreLocal | Pretrained: from_pretrained | Strategy: new
[2026-05-28 16:14:46]     Normalization: none | fit_scope=none
[2026-05-28 16:14:46]     Phase 1 (new): 2,170/16,010 params
[2026-05-28 16:14:46]     Result | best_epoch=10 | stop=20 | final_phase_epochs=20 | acc=0.3750 | bal_acc=0.3750 | pred_hist=[3, 5] | collapse=False
[2026-05-28 16:14:46]     spatial_conv=[4, 29] top_abs_channels=[('Pz', 0.1577373), ('O2', 0.14325392), ('T3', 0.12699516), ('O1', 0.12660189), ('CP3', 0.12138498), ('T4', 0.11978388), ('Fp1', 0.11243029), ('CP4', 0.1116855)]
[2026-05-28 16:14:46]     spatial_update=delta_l2=0.06488179 max_abs=0.00900638 relative=0.05436357 changed=True

[2026-05-28 16:14:47] Fold 4/5 | subject=42
[2026-05-28 16:14:47]     Train: 32 | counts=[16, 16]
[2026-05-28 16:14:47]     Test:  8 | counts=[4, 4]
[2026-05-28 16:14:47]     Model: SignalJEPA_PreLocal | Pretrained: from_pretrained | Strategy: new
[2026-05-28 16:14:47]     Normalization: none | fit_scope=none
[2026-05-28 16:14:47]     Phase 1 (new): 2,170/16,010 params
[2026-05-28 16:14:47]     Result | best_epoch=11 | stop=21 | final_phase_epochs=21 | acc=0.5000 | bal_acc=0.5000 | pred_hist=[0, 8] | collapse=True
[2026-05-28 16:14:47]     spatial_conv=[4, 29] top_abs_channels=[('Pz', 0.15410301), ('O2', 0.14331387), ('T3', 0.12738089), ('CP3', 0.12157276), ('O1', 0.12075654), ('T4', 0.11746144), ('C3', 0.11345561), ('P4', 0.10928917)]
[2026-05-28 16:14:47]     spatial_update=delta_l2=0.07205228 max_abs=0.00988831 relative=0.06037162 changed=True

[2026-05-28 16:14:47] Fold 5/5 | subject=42
[2026-05-28 16:14:47]     Train: 32 | counts=[16, 16]
[2026-05-28 16:14:47]     Test:  8 | counts=[4, 4]
[2026-05-28 16:14:47]     Model: SignalJEPA_PreLocal | Pretrained: from_pretrained | Strategy: new
[2026-05-28 16:14:47]     Normalization: none | fit_scope=none
[2026-05-28 16:14:47]     Phase 1 (new): 2,170/16,010 params
[2026-05-28 16:14:48]     Result | best_epoch=1 | stop=11 | final_phase_epochs=11 | acc=0.5000 | bal_acc=0.5000 | pred_hist=[0, 8] | collapse=True
[2026-05-28 16:14:48]     spatial_conv=[4, 29] top_abs_channels=[('Pz', 0.15303919), ('O2', 0.14459138), ('T3', 0.12718478), ('O1', 0.12276211), ('T4', 0.12208753), ('CP3', 0.1206744), ('C3', 0.1152309), ('CP4', 0.11093312)]
[2026-05-28 16:14:48]     spatial_update=delta_l2=0.00969274 max_abs=0.00090000 relative=0.00812142 changed=True
[2026-05-28 16:14:48]   Subject 42: acc=0.4750±0.0935  bal_acc=0.4750±0.0935
[2026-05-28 16:14:48] \nSubject 43: 40 windows | class_counts=[20, 20]

[2026-05-28 16:14:48] Fold 1/5 | subject=43
[2026-05-28 16:14:48]     Train: 32 | counts=[16, 16]
[2026-05-28 16:14:48]     Test:  8 | counts=[4, 4]
[2026-05-28 16:14:48]     Model: SignalJEPA_PreLocal | Pretrained: from_pretrained | Strategy: new
[2026-05-28 16:14:48]     Normalization: none | fit_scope=none
[2026-05-28 16:14:48]     Phase 1 (new): 2,170/16,010 params
[2026-05-28 16:14:48]     Result | best_epoch=1 | stop=11 | final_phase_epochs=11 | acc=0.6250 | bal_acc=0.6250 | pred_hist=[1, 7] | collapse=False
[2026-05-28 16:14:48]     spatial_conv=[4, 29] top_abs_channels=[('Pz', 0.15258895), ('O2', 0.14459136), ('T3', 0.12718478), ('O1', 0.12141214), ('T4', 0.1211876), ('CP3', 0.12022442), ('C3', 0.11568089), ('CP4', 0.11093312)]
[2026-05-28 16:14:48]     spatial_update=delta_l2=0.00969299 max_abs=0.00090000 relative=0.00812162 changed=True

[2026-05-28 16:14:49] Fold 2/5 | subject=43
[2026-05-28 16:14:49]     Train: 32 | counts=[16, 16]
[2026-05-28 16:14:49]     Test:  8 | counts=[4, 4]
[2026-05-28 16:14:49]     Model: SignalJEPA_PreLocal | Pretrained: from_pretrained | Strategy: new
[2026-05-28 16:14:49]     Normalization: none | fit_scope=none
[2026-05-28 16:14:49]     Phase 1 (new): 2,170/16,010 params
[2026-05-28 16:14:49]     Result | best_epoch=4 | stop=14 | final_phase_epochs=14 | acc=0.5000 | bal_acc=0.5000 | pred_hist=[0, 8] | collapse=True
[2026-05-28 16:14:49]     spatial_conv=[4, 29] top_abs_channels=[('Pz', 0.15178257), ('O2', 0.14557973), ('T3', 0.12807262), ('O1', 0.12180674), ('T4', 0.12151198), ('CP3', 0.12142344), ('C3', 0.11613302), ('CP4', 0.10902926)]
[2026-05-28 16:14:49]     spatial_update=delta_l2=0.02942000 max_abs=0.00358761 relative=0.02465062 changed=True

[2026-05-28 16:14:50] Fold 3/5 | subject=43
[2026-05-28 16:14:50]     Train: 32 | counts=[16, 16]
[2026-05-28 16:14:50]     Test:  8 | counts=[4, 4]
[2026-05-28 16:14:50]     Model: SignalJEPA_PreLocal | Pretrained: from_pretrained | Strategy: new
[2026-05-28 16:14:50]     Normalization: none | fit_scope=none
[2026-05-28 16:14:50]     Phase 1 (new): 2,170/16,010 params
[2026-05-28 16:14:50]     Result | best_epoch=2 | stop=12 | final_phase_epochs=12 | acc=0.5000 | bal_acc=0.5000 | pred_hist=[0, 8] | collapse=True
[2026-05-28 16:14:50]     spatial_conv=[4, 29] top_abs_channels=[('Pz', 0.15211602), ('O2', 0.14579679), ('T3', 0.12705286), ('T4', 0.12200554), ('O1', 0.12109377), ('CP3', 0.11998134), ('C3', 0.11609121), ('CP4', 0.11015991)]
[2026-05-28 16:14:50]     spatial_update=delta_l2=0.01617767 max_abs=0.00180119 relative=0.01355505 changed=True

[2026-05-28 16:14:50] Fold 4/5 | subject=43
[2026-05-28 16:14:50]     Train: 32 | counts=[16, 16]
[2026-05-28 16:14:50]     Test:  8 | counts=[4, 4]
[2026-05-28 16:14:50]     Model: SignalJEPA_PreLocal | Pretrained: from_pretrained | Strategy: new
[2026-05-28 16:14:50]     Normalization: none | fit_scope=none
[2026-05-28 16:14:50]     Phase 1 (new): 2,170/16,010 params
[2026-05-28 16:14:50]     Result | best_epoch=2 | stop=12 | final_phase_epochs=12 | acc=0.5000 | bal_acc=0.5000 | pred_hist=[0, 8] | collapse=True
[2026-05-28 16:14:50]     spatial_conv=[4, 29] top_abs_channels=[('Pz', 0.15253618), ('O2', 0.14517596), ('T3', 0.12751622), ('T4', 0.12171793), ('O1', 0.12167037), ('CP3', 0.1194202), ('C3', 0.11625241), ('CP4', 0.11012393)]
[2026-05-28 16:14:50]     spatial_update=delta_l2=0.01619144 max_abs=0.00180113 relative=0.01356659 changed=True

[2026-05-28 16:14:51] Fold 5/5 | subject=43
[2026-05-28 16:14:51]     Train: 32 | counts=[16, 16]
[2026-05-28 16:14:51]     Test:  8 | counts=[4, 4]
[2026-05-28 16:14:51]     Model: SignalJEPA_PreLocal | Pretrained: from_pretrained | Strategy: new
[2026-05-28 16:14:51]     Normalization: none | fit_scope=none
[2026-05-28 16:14:51]     Phase 1 (new): 2,170/16,010 params
[2026-05-28 16:14:51]     Result | best_epoch=1 | stop=11 | final_phase_epochs=11 | acc=0.5000 | bal_acc=0.5000 | pred_hist=[0, 8] | collapse=True
[2026-05-28 16:14:51]     spatial_conv=[4, 29] top_abs_channels=[('Pz', 0.15258905), ('O2', 0.14414139), ('T3', 0.1271846), ('O1', 0.12186211), ('T4', 0.12163761), ('CP3', 0.1215744), ('C3', 0.11523083), ('CP4', 0.11138313)]
[2026-05-28 16:14:51]     spatial_update=delta_l2=0.00969263 max_abs=0.00090000 relative=0.00812132 changed=True
[2026-05-28 16:14:51]   Subject 43: acc=0.5250±0.0500  bal_acc=0.5250±0.0500
[2026-05-28 16:14:51] \nSubject 44: 40 windows | class_counts=[20, 20]

[2026-05-28 16:14:52] Fold 1/5 | subject=44
[2026-05-28 16:14:52]     Train: 32 | counts=[16, 16]
[2026-05-28 16:14:52]     Test:  8 | counts=[4, 4]
[2026-05-28 16:14:52]     Model: SignalJEPA_PreLocal | Pretrained: from_pretrained | Strategy: new
[2026-05-28 16:14:52]     Normalization: none | fit_scope=none
[2026-05-28 16:14:52]     Phase 1 (new): 2,170/16,010 params
[2026-05-28 16:14:52]     Result | best_epoch=50 | stop=50 | final_phase_epochs=50 | acc=0.5000 | bal_acc=0.5000 | pred_hist=[4, 4] | collapse=False
[2026-05-28 16:14:52]     spatial_conv=[4, 29] top_abs_channels=[('Pz', 0.13876534), ('C3', 0.13605586), ('T3', 0.13492653), ('O2', 0.13457529), ('CP3', 0.12627798), ('T4', 0.12622173), ('Fp1', 0.11529936), ('P3', 0.11510372)]
[2026-05-28 16:14:52]     spatial_update=delta_l2=0.23363336 max_abs=0.04540719 relative=0.19575821 changed=True

[2026-05-28 16:14:53] Fold 2/5 | subject=44
[2026-05-28 16:14:53]     Train: 32 | counts=[16, 16]
[2026-05-28 16:14:53]     Test:  8 | counts=[4, 4]
[2026-05-28 16:14:53]     Model: SignalJEPA_PreLocal | Pretrained: from_pretrained | Strategy: new
[2026-05-28 16:14:53]     Normalization: none | fit_scope=none
[2026-05-28 16:14:53]     Phase 1 (new): 2,170/16,010 params
[2026-05-28 16:14:53]     Result | best_epoch=1 | stop=11 | final_phase_epochs=11 | acc=0.5000 | bal_acc=0.5000 | pred_hist=[0, 8] | collapse=True
[2026-05-28 16:14:53]     spatial_conv=[4, 29] top_abs_channels=[('Pz', 0.15258902), ('O2', 0.14414138), ('T3', 0.12718476), ('T4', 0.12208766), ('CP3', 0.12112439), ('O1', 0.12096212), ('C3', 0.11613084), ('CP4', 0.11048314)]
[2026-05-28 16:14:53]     spatial_update=delta_l2=0.00969296 max_abs=0.00090000 relative=0.00812160 changed=True

[2026-05-28 16:14:54] Fold 3/5 | subject=44
[2026-05-28 16:14:54]     Train: 32 | counts=[16, 16]
[2026-05-28 16:14:54]     Test:  8 | counts=[4, 4]
[2026-05-28 16:14:54]     Model: SignalJEPA_PreLocal | Pretrained: from_pretrained | Strategy: new
[2026-05-28 16:14:54]     Normalization: none | fit_scope=none
[2026-05-28 16:14:54]     Phase 1 (new): 2,170/16,010 params
[2026-05-28 16:14:54]     Result | best_epoch=1 | stop=11 | final_phase_epochs=11 | acc=0.5000 | bal_acc=0.5000 | pred_hist=[0, 8] | collapse=True
[2026-05-28 16:14:54]     spatial_conv=[4, 29] top_abs_channels=[('Pz', 0.15258901), ('O2', 0.14414139), ('T3', 0.12718476), ('T4', 0.12208758), ('CP3', 0.12157439), ('O1', 0.12096213), ('C3', 0.11613089), ('Fp1', 0.11025673)]
[2026-05-28 16:14:54]     spatial_update=delta_l2=0.00969306 max_abs=0.00090000 relative=0.00812168 changed=True

[2026-05-28 16:14:54] Fold 4/5 | subject=44
[2026-05-28 16:14:54]     Train: 32 | counts=[16, 16]
[2026-05-28 16:14:54]     Test:  8 | counts=[4, 4]
[2026-05-28 16:14:54]     Model: SignalJEPA_PreLocal | Pretrained: from_pretrained | Strategy: new
[2026-05-28 16:14:54]     Normalization: none | fit_scope=none
[2026-05-28 16:14:54]     Phase 1 (new): 2,170/16,010 params
[2026-05-28 16:14:55]     Result | best_epoch=1 | stop=11 | final_phase_epochs=11 | acc=0.5000 | bal_acc=0.5000 | pred_hist=[0, 8] | collapse=True
[2026-05-28 16:14:55]     spatial_conv=[4, 29] top_abs_channels=[('Pz', 0.15213902), ('O2', 0.14459138), ('T3', 0.12673481), ('T4', 0.12163761), ('CP3', 0.12157418), ('O1', 0.12141211), ('C3', 0.11523093), ('CP4', 0.11048312)]
[2026-05-28 16:14:55]     spatial_update=delta_l2=0.00969302 max_abs=0.00090000 relative=0.00812165 changed=True

[2026-05-28 16:14:55] Fold 5/5 | subject=44
[2026-05-28 16:14:55]     Train: 32 | counts=[16, 16]
[2026-05-28 16:14:55]     Test:  8 | counts=[4, 4]
[2026-05-28 16:14:55]     Model: SignalJEPA_PreLocal | Pretrained: from_pretrained | Strategy: new
[2026-05-28 16:14:55]     Normalization: none | fit_scope=none
[2026-05-28 16:14:55]     Phase 1 (new): 2,170/16,010 params
[2026-05-28 16:14:55]     Result | best_epoch=1 | stop=11 | final_phase_epochs=11 | acc=0.5000 | bal_acc=0.5000 | pred_hist=[0, 8] | collapse=True
[2026-05-28 16:14:55]     spatial_conv=[4, 29] top_abs_channels=[('Pz', 0.15258902), ('O2', 0.14414139), ('T3', 0.12718475), ('T4', 0.12253755), ('CP3', 0.12157436), ('O1', 0.12096214), ('C3', 0.11568087), ('CP4', 0.11138296)]
[2026-05-28 16:14:55]     spatial_update=delta_l2=0.00969255 max_abs=0.00090000 relative=0.00812126 changed=True
[2026-05-28 16:14:55]   Subject 44: acc=0.5000±0.0000  bal_acc=0.5000±0.0000
[2026-05-28 16:14:55] \nSubject 45: 40 windows | class_counts=[20, 20]

[2026-05-28 16:14:56] Fold 1/5 | subject=45
[2026-05-28 16:14:56]     Train: 32 | counts=[16, 16]
[2026-05-28 16:14:56]     Test:  8 | counts=[4, 4]
[2026-05-28 16:14:56]     Model: SignalJEPA_PreLocal | Pretrained: from_pretrained | Strategy: new
[2026-05-28 16:14:56]     Normalization: none | fit_scope=none
[2026-05-28 16:14:56]     Phase 1 (new): 2,170/16,010 params
[2026-05-28 16:14:57]     Result | best_epoch=50 | stop=50 | final_phase_epochs=50 | acc=0.7500 | bal_acc=0.7500 | pred_hist=[4, 4] | collapse=False
[2026-05-28 16:14:57]     spatial_conv=[4, 29] top_abs_channels=[('Pz', 0.15438452), ('O2', 0.1441097), ('T3', 0.14367041), ('T5', 0.14045307), ('C3', 0.12776093), ('P3', 0.1209204), ('Fz', 0.11927402), ('CP4', 0.11625095)]
[2026-05-28 16:14:57]     spatial_update=delta_l2=0.32673502 max_abs=0.04999623 relative=0.27376684 changed=True

[2026-05-28 16:14:57] Fold 2/5 | subject=45
[2026-05-28 16:14:57]     Train: 32 | counts=[16, 16]
[2026-05-28 16:14:57]     Test:  8 | counts=[4, 4]
[2026-05-28 16:14:57]     Model: SignalJEPA_PreLocal | Pretrained: from_pretrained | Strategy: new
[2026-05-28 16:14:57]     Normalization: none | fit_scope=none
[2026-05-28 16:14:57]     Phase 1 (new): 2,170/16,010 params
[2026-05-28 16:14:58]     Result | best_epoch=50 | stop=50 | final_phase_epochs=50 | acc=0.5000 | bal_acc=0.5000 | pred_hist=[4, 4] | collapse=False
[2026-05-28 16:14:58]     spatial_conv=[4, 29] top_abs_channels=[('Pz', 0.15146396), ('O2', 0.14890528), ('T5', 0.13788229), ('C3', 0.13475724), ('T3', 0.1270358), ('Fz', 0.11942598), ('O1', 0.1153484), ('T4', 0.11339916)]
[2026-05-28 16:14:58]     spatial_update=delta_l2=0.29566140 max_abs=0.04992251 relative=0.24773067 changed=True

[2026-05-28 16:14:58] Fold 3/5 | subject=45
[2026-05-28 16:14:58]     Train: 32 | counts=[16, 16]
[2026-05-28 16:14:58]     Test:  8 | counts=[4, 4]
[2026-05-28 16:14:58]     Model: SignalJEPA_PreLocal | Pretrained: from_pretrained | Strategy: new
[2026-05-28 16:14:58]     Normalization: none | fit_scope=none
[2026-05-28 16:14:58]     Phase 1 (new): 2,170/16,010 params
[2026-05-28 16:14:59]     Result | best_epoch=50 | stop=50 | final_phase_epochs=50 | acc=0.6250 | bal_acc=0.6250 | pred_hist=[5, 3] | collapse=False
[2026-05-28 16:14:59]     spatial_conv=[4, 29] top_abs_channels=[('Pz', 0.15441152), ('O2', 0.14444965), ('C3', 0.13401586), ('T3', 0.13272569), ('T5', 0.1258015), ('P3', 0.12464206), ('CP3', 0.11564386), ('Fz', 0.11446975)]
[2026-05-28 16:14:59]     spatial_update=delta_l2=0.28556768 max_abs=0.04950612 relative=0.23927328 changed=True

[2026-05-28 16:15:00] Fold 4/5 | subject=45
[2026-05-28 16:15:00]     Train: 32 | counts=[16, 16]
[2026-05-28 16:15:00]     Test:  8 | counts=[4, 4]
[2026-05-28 16:15:00]     Model: SignalJEPA_PreLocal | Pretrained: from_pretrained | Strategy: new
[2026-05-28 16:15:00]     Normalization: none | fit_scope=none
[2026-05-28 16:15:00]     Phase 1 (new): 2,170/16,010 params
[2026-05-28 16:15:00]     Result | best_epoch=50 | stop=50 | final_phase_epochs=50 | acc=0.5000 | bal_acc=0.5000 | pred_hist=[4, 4] | collapse=False
[2026-05-28 16:15:00]     spatial_conv=[4, 29] top_abs_channels=[('O2', 0.15659663), ('Pz', 0.15226573), ('T3', 0.14715843), ('C3', 0.13708712), ('T5', 0.12996849), ('CP4', 0.11165587), ('T4', 0.1099601), ('Fz', 0.10546248)]
[2026-05-28 16:15:00]     spatial_update=delta_l2=0.29980496 max_abs=0.04745715 relative=0.25120250 changed=True

[2026-05-28 16:15:01] Fold 5/5 | subject=45
[2026-05-28 16:15:01]     Train: 32 | counts=[16, 16]
[2026-05-28 16:15:01]     Test:  8 | counts=[4, 4]
[2026-05-28 16:15:01]     Model: SignalJEPA_PreLocal | Pretrained: from_pretrained | Strategy: new
[2026-05-28 16:15:01]     Normalization: none | fit_scope=none
[2026-05-28 16:15:01]     Phase 1 (new): 2,170/16,010 params
[2026-05-28 16:15:02]     Result | best_epoch=50 | stop=50 | final_phase_epochs=50 | acc=0.3750 | bal_acc=0.3750 | pred_hist=[7, 1] | collapse=False
[2026-05-28 16:15:02]     spatial_conv=[4, 29] top_abs_channels=[('Pz', 0.14746565), ('T5', 0.14411277), ('T3', 0.14190526), ('C3', 0.13978083), ('O2', 0.13337079), ('Fz', 0.1313926), ('T4', 0.12279093), ('O1', 0.11548139)]
[2026-05-28 16:15:02]     spatial_update=delta_l2=0.30168152 max_abs=0.04918363 relative=0.25277484 changed=True
[2026-05-28 16:15:02]   Subject 45: acc=0.5500±0.1275  bal_acc=0.5500±0.1275
[2026-05-28 16:15:02] \nSubject 46: 40 windows | class_counts=[20, 20]

[2026-05-28 16:15:02] Fold 1/5 | subject=46
[2026-05-28 16:15:02]     Train: 32 | counts=[16, 16]
[2026-05-28 16:15:02]     Test:  8 | counts=[4, 4]
[2026-05-28 16:15:02]     Model: SignalJEPA_PreLocal | Pretrained: from_pretrained | Strategy: new
[2026-05-28 16:15:02]     Normalization: none | fit_scope=none
[2026-05-28 16:15:02]     Phase 1 (new): 2,170/16,010 params
[2026-05-28 16:15:03]     Result | best_epoch=50 | stop=50 | final_phase_epochs=50 | acc=0.6250 | bal_acc=0.6250 | pred_hist=[5, 3] | collapse=False
[2026-05-28 16:15:03]     spatial_conv=[4, 29] top_abs_channels=[('O2', 0.14880696), ('Pz', 0.14312732), ('T3', 0.14282551), ('T4', 0.14170173), ('Fp1', 0.12134309), ('CP3', 0.1206741), ('P3', 0.11886848), ('O1', 0.11105295)]
[2026-05-28 16:15:03]     spatial_update=delta_l2=0.28749790 max_abs=0.04910638 relative=0.24089058 changed=True

[2026-05-28 16:15:03] Fold 2/5 | subject=46
[2026-05-28 16:15:03]     Train: 32 | counts=[16, 16]
[2026-05-28 16:15:03]     Test:  8 | counts=[4, 4]
[2026-05-28 16:15:03]     Model: SignalJEPA_PreLocal | Pretrained: from_pretrained | Strategy: new
[2026-05-28 16:15:03]     Normalization: none | fit_scope=none
[2026-05-28 16:15:03]     Phase 1 (new): 2,170/16,010 params
[2026-05-28 16:15:04]     Result | best_epoch=5 | stop=14 | final_phase_epochs=14 | acc=0.5000 | bal_acc=0.5000 | pred_hist=[0, 8] | collapse=True
[2026-05-28 16:15:04]     spatial_conv=[4, 29] top_abs_channels=[('Pz', 0.15386847), ('O2', 0.1440157), ('T3', 0.12662251), ('T4', 0.12193376), ('O1', 0.12125987), ('CP3', 0.12055188), ('C3', 0.11387426), ('Fp1', 0.11128487)]
[2026-05-28 16:15:04]     spatial_update=delta_l2=0.02874241 max_abs=0.00359024 relative=0.02408288 changed=True

[2026-05-28 16:15:04] Fold 3/5 | subject=46
[2026-05-28 16:15:04]     Train: 32 | counts=[16, 16]
[2026-05-28 16:15:04]     Test:  8 | counts=[4, 4]
[2026-05-28 16:15:04]     Model: SignalJEPA_PreLocal | Pretrained: from_pretrained | Strategy: new
[2026-05-28 16:15:04]     Normalization: none | fit_scope=none
[2026-05-28 16:15:04]     Phase 1 (new): 2,170/16,010 params
[2026-05-28 16:15:05]     Result | best_epoch=50 | stop=50 | final_phase_epochs=50 | acc=0.5000 | bal_acc=0.5000 | pred_hist=[6, 2] | collapse=False
[2026-05-28 16:15:05]     spatial_conv=[4, 29] top_abs_channels=[('T4', 0.15103495), ('O2', 0.14444798), ('Pz', 0.1441551), ('T3', 0.13010857), ('CP3', 0.12080763), ('Fp1', 0.11916897), ('O1', 0.10875109), ('FCz', 0.10799042)]
[2026-05-28 16:15:05]     spatial_update=delta_l2=0.28208508 max_abs=0.04827048 relative=0.23635526 changed=True

[2026-05-28 16:15:06] Fold 4/5 | subject=46
[2026-05-28 16:15:06]     Train: 32 | counts=[16, 16]
[2026-05-28 16:15:06]     Test:  8 | counts=[4, 4]
[2026-05-28 16:15:06]     Model: SignalJEPA_PreLocal | Pretrained: from_pretrained | Strategy: new
[2026-05-28 16:15:06]     Normalization: none | fit_scope=none
[2026-05-28 16:15:06]     Phase 1 (new): 2,170/16,010 params
[2026-05-28 16:15:06]     Result | best_epoch=50 | stop=50 | final_phase_epochs=50 | acc=0.7500 | bal_acc=0.7500 | pred_hist=[4, 4] | collapse=False
[2026-05-28 16:15:06]     spatial_conv=[4, 29] top_abs_channels=[('Pz', 0.15333578), ('O2', 0.14676747), ('O1', 0.13530324), ('T4', 0.12552425), ('T3', 0.12465687), ('CP4', 0.12322284), ('Fp1', 0.12161418), ('P3', 0.11271453)]
[2026-05-28 16:15:06]     spatial_update=delta_l2=0.26633495 max_abs=0.04840198 relative=0.22315844 changed=True

[2026-05-28 16:15:07] Fold 5/5 | subject=46
[2026-05-28 16:15:07]     Train: 32 | counts=[16, 16]
[2026-05-28 16:15:07]     Test:  8 | counts=[4, 4]
[2026-05-28 16:15:07]     Model: SignalJEPA_PreLocal | Pretrained: from_pretrained | Strategy: new
[2026-05-28 16:15:07]     Normalization: none | fit_scope=none
[2026-05-28 16:15:07]     Phase 1 (new): 2,170/16,010 params
[2026-05-28 16:15:07]     Result | best_epoch=50 | stop=50 | final_phase_epochs=50 | acc=0.6250 | bal_acc=0.6250 | pred_hist=[1, 7] | collapse=False
[2026-05-28 16:15:07]     spatial_conv=[4, 29] top_abs_channels=[('T4', 0.14880452), ('Pz', 0.14635718), ('O2', 0.1439548), ('T3', 0.14152789), ('P3', 0.12164186), ('CP4', 0.11914425), ('CP3', 0.11858658), ('O1', 0.10972758)]
[2026-05-28 16:15:07]     spatial_update=delta_l2=0.24793694 max_abs=0.04844297 relative=0.20774299 changed=True
[2026-05-28 16:15:07]   Subject 46: acc=0.6000±0.0935  bal_acc=0.6000±0.0935
[2026-05-28 16:15:07] \nSubject 47: 40 windows | class_counts=[20, 20]

[2026-05-28 16:15:08] Fold 1/5 | subject=47
[2026-05-28 16:15:08]     Train: 32 | counts=[16, 16]
[2026-05-28 16:15:08]     Test:  8 | counts=[4, 4]
[2026-05-28 16:15:08]     Model: SignalJEPA_PreLocal | Pretrained: from_pretrained | Strategy: new
[2026-05-28 16:15:08]     Normalization: none | fit_scope=none
[2026-05-28 16:15:08]     Phase 1 (new): 2,170/16,010 params
[2026-05-28 16:15:08]     Result | best_epoch=1 | stop=11 | final_phase_epochs=11 | acc=0.5000 | bal_acc=0.5000 | pred_hist=[0, 8] | collapse=True
[2026-05-28 16:15:08]     spatial_conv=[4, 29] top_abs_channels=[('Pz', 0.15348901), ('O2', 0.14369139), ('T3', 0.12673478), ('O1', 0.12186214), ('T4', 0.12163759), ('CP3', 0.12112439), ('C3', 0.11567978), ('CP4', 0.11138311)]
[2026-05-28 16:15:08]     spatial_update=delta_l2=0.00969256 max_abs=0.00090000 relative=0.00812126 changed=True

[2026-05-28 16:15:09] Fold 2/5 | subject=47
[2026-05-28 16:15:09]     Train: 32 | counts=[16, 16]
[2026-05-28 16:15:09]     Test:  8 | counts=[4, 4]
[2026-05-28 16:15:09]     Model: SignalJEPA_PreLocal | Pretrained: from_pretrained | Strategy: new
[2026-05-28 16:15:09]     Normalization: none | fit_scope=none
[2026-05-28 16:15:09]     Phase 1 (new): 2,170/16,010 params
[2026-05-28 16:15:09]     Result | best_epoch=1 | stop=11 | final_phase_epochs=11 | acc=0.5000 | bal_acc=0.5000 | pred_hist=[0, 8] | collapse=True
[2026-05-28 16:15:09]     spatial_conv=[4, 29] top_abs_channels=[('Pz', 0.15348901), ('O2', 0.14324139), ('T3', 0.12673478), ('O1', 0.12276211), ('T4', 0.12163758), ('CP3', 0.12112436), ('C3', 0.11568083), ('CP4', 0.11138311)]
[2026-05-28 16:15:09]     spatial_update=delta_l2=0.00969293 max_abs=0.00090000 relative=0.00812157 changed=True

[2026-05-28 16:15:09] Fold 3/5 | subject=47
[2026-05-28 16:15:09]     Train: 32 | counts=[16, 16]
[2026-05-28 16:15:09]     Test:  8 | counts=[4, 4]
[2026-05-28 16:15:09]     Model: SignalJEPA_PreLocal | Pretrained: from_pretrained | Strategy: new
[2026-05-28 16:15:09]     Normalization: none | fit_scope=none
[2026-05-28 16:15:09]     Phase 1 (new): 2,170/16,010 params
[2026-05-28 16:15:10]     Result | best_epoch=18 | stop=27 | final_phase_epochs=27 | acc=0.2500 | bal_acc=0.2500 | pred_hist=[2, 6] | collapse=False
[2026-05-28 16:15:10]     spatial_conv=[4, 29] top_abs_channels=[('Pz', 0.15026601), ('O2', 0.14433342), ('T3', 0.12608209), ('CP3', 0.12267596), ('T4', 0.12145475), ('C3', 0.11870921), ('P3', 0.1154941), ('O1', 0.11506929)]
[2026-05-28 16:15:10]     spatial_update=delta_l2=0.10383961 max_abs=0.01536619 relative=0.08700579 changed=True

[2026-05-28 16:15:10] Fold 4/5 | subject=47
[2026-05-28 16:15:10]     Train: 32 | counts=[16, 16]
[2026-05-28 16:15:10]     Test:  8 | counts=[4, 4]
[2026-05-28 16:15:10]     Model: SignalJEPA_PreLocal | Pretrained: from_pretrained | Strategy: new
[2026-05-28 16:15:10]     Normalization: none | fit_scope=none
[2026-05-28 16:15:10]     Phase 1 (new): 2,170/16,010 params
[2026-05-28 16:15:11]     Result | best_epoch=6 | stop=14 | final_phase_epochs=14 | acc=0.5000 | bal_acc=0.5000 | pred_hist=[0, 8] | collapse=True
[2026-05-28 16:15:11]     spatial_conv=[4, 29] top_abs_channels=[('Pz', 0.15379488), ('O2', 0.14160173), ('T3', 0.12831685), ('O1', 0.12223063), ('T4', 0.12182599), ('CP3', 0.1205094), ('C3', 0.11760058), ('CP4', 0.11173718)]
[2026-05-28 16:15:11]     spatial_update=delta_l2=0.02998701 max_abs=0.00358402 relative=0.02512571 changed=True

[2026-05-28 16:15:11] Fold 5/5 | subject=47
[2026-05-28 16:15:11]     Train: 32 | counts=[16, 16]
[2026-05-28 16:15:11]     Test:  8 | counts=[4, 4]
[2026-05-28 16:15:11]     Model: SignalJEPA_PreLocal | Pretrained: from_pretrained | Strategy: new
[2026-05-28 16:15:11]     Normalization: none | fit_scope=none
[2026-05-28 16:15:11]     Phase 1 (new): 2,170/16,010 params
[2026-05-28 16:15:11]     Result | best_epoch=11 | stop=14 | final_phase_epochs=14 | acc=0.5000 | bal_acc=0.5000 | pred_hist=[0, 8] | collapse=True
[2026-05-28 16:15:11]     spatial_conv=[4, 29] top_abs_channels=[('Pz', 0.15472297), ('O2', 0.14169866), ('T3', 0.12676992), ('T4', 0.12422876), ('O1', 0.12382416), ('CP3', 0.11780376), ('C3', 0.11705515), ('Fp1', 0.11173049)]
[2026-05-28 16:15:11]     spatial_update=delta_l2=0.03249801 max_abs=0.00360578 relative=0.02722964 changed=True
[2026-05-28 16:15:11]   Subject 47: acc=0.4500±0.1000  bal_acc=0.4500±0.1000
[2026-05-28 16:15:11] \nSubject 48: 40 windows | class_counts=[20, 20]

[2026-05-28 16:15:12] Fold 1/5 | subject=48
[2026-05-28 16:15:12]     Train: 32 | counts=[16, 16]
[2026-05-28 16:15:12]     Test:  8 | counts=[4, 4]
[2026-05-28 16:15:12]     Model: SignalJEPA_PreLocal | Pretrained: from_pretrained | Strategy: new
[2026-05-28 16:15:12]     Normalization: none | fit_scope=none
[2026-05-28 16:15:12]     Phase 1 (new): 2,170/16,010 params
[2026-05-28 16:15:12]     Result | best_epoch=1 | stop=11 | final_phase_epochs=11 | acc=0.5000 | bal_acc=0.5000 | pred_hist=[0, 8] | collapse=True
[2026-05-28 16:15:12]     spatial_conv=[4, 29] top_abs_channels=[('Pz', 0.15303822), ('O2', 0.14414138), ('T3', 0.12673484), ('O1', 0.12186207), ('T4', 0.1216376), ('CP3', 0.12112435), ('C3', 0.11478092), ('CP4', 0.11138313)]
[2026-05-28 16:15:12]     spatial_update=delta_l2=0.00969265 max_abs=0.00090000 relative=0.00812134 changed=True

[2026-05-28 16:15:13] Fold 2/5 | subject=48
[2026-05-28 16:15:13]     Train: 32 | counts=[16, 16]
[2026-05-28 16:15:13]     Test:  8 | counts=[4, 4]
[2026-05-28 16:15:13]     Model: SignalJEPA_PreLocal | Pretrained: from_pretrained | Strategy: new
[2026-05-28 16:15:13]     Normalization: none | fit_scope=none
[2026-05-28 16:15:13]     Phase 1 (new): 2,170/16,010 params
[2026-05-28 16:15:13]     Result | best_epoch=50 | stop=50 | final_phase_epochs=50 | acc=0.3750 | bal_acc=0.3750 | pred_hist=[3, 5] | collapse=False
[2026-05-28 16:15:13]     spatial_conv=[4, 29] top_abs_channels=[('Pz', 0.15891229), ('O2', 0.13724402), ('CP3', 0.13558623), ('O1', 0.12542173), ('T4', 0.12202565), ('P3', 0.11643184), ('CP4', 0.11412505), ('T5', 0.11379407)]
[2026-05-28 16:15:13]     spatial_update=delta_l2=0.24339727 max_abs=0.04777613 relative=0.20393926 changed=True

[2026-05-28 16:15:14] Fold 3/5 | subject=48
[2026-05-28 16:15:14]     Train: 32 | counts=[16, 16]
[2026-05-28 16:15:14]     Test:  8 | counts=[4, 4]
[2026-05-28 16:15:14]     Model: SignalJEPA_PreLocal | Pretrained: from_pretrained | Strategy: new
[2026-05-28 16:15:14]     Normalization: none | fit_scope=none
[2026-05-28 16:15:14]     Phase 1 (new): 2,170/16,010 params
[2026-05-28 16:15:14]     Result | best_epoch=18 | stop=27 | final_phase_epochs=27 | acc=0.6250 | bal_acc=0.6250 | pred_hist=[1, 7] | collapse=False
[2026-05-28 16:15:14]     spatial_conv=[4, 29] top_abs_channels=[('Pz', 0.1554151), ('O2', 0.1473235), ('T3', 0.12209445), ('O1', 0.11968482), ('T4', 0.11967811), ('CP4', 0.11889265), ('CP3', 0.1184334), ('C3', 0.10822342)]
[2026-05-28 16:15:14]     spatial_update=delta_l2=0.10142562 max_abs=0.01502384 relative=0.08498315 changed=True

[2026-05-28 16:15:15] Fold 4/5 | subject=48
[2026-05-28 16:15:15]     Train: 32 | counts=[16, 16]
[2026-05-28 16:15:15]     Test:  8 | counts=[4, 4]
[2026-05-28 16:15:15]     Model: SignalJEPA_PreLocal | Pretrained: from_pretrained | Strategy: new
[2026-05-28 16:15:15]     Normalization: none | fit_scope=none
[2026-05-28 16:15:15]     Phase 1 (new): 2,170/16,010 params
[2026-05-28 16:15:15]     Result | best_epoch=25 | stop=35 | final_phase_epochs=35 | acc=0.5000 | bal_acc=0.5000 | pred_hist=[4, 4] | collapse=False
[2026-05-28 16:15:15]     spatial_conv=[4, 29] top_abs_channels=[('Pz', 0.16287485), ('O2', 0.14795482), ('T3', 0.1253604), ('O1', 0.12291059), ('CP3', 0.12156401), ('CP4', 0.12025544), ('Fz', 0.11219691), ('T4', 0.11212978)]
[2026-05-28 16:15:15]     spatial_update=delta_l2=0.14201880 max_abs=0.02212123 relative=0.11899562 changed=True

[2026-05-28 16:15:16] Fold 5/5 | subject=48
[2026-05-28 16:15:16]     Train: 32 | counts=[16, 16]
[2026-05-28 16:15:16]     Test:  8 | counts=[4, 4]
[2026-05-28 16:15:16]     Model: SignalJEPA_PreLocal | Pretrained: from_pretrained | Strategy: new
[2026-05-28 16:15:16]     Normalization: none | fit_scope=none
[2026-05-28 16:15:16]     Phase 1 (new): 2,170/16,010 params
[2026-05-28 16:15:16]     Result | best_epoch=4 | stop=13 | final_phase_epochs=13 | acc=0.5000 | bal_acc=0.5000 | pred_hist=[0, 8] | collapse=True
[2026-05-28 16:15:16]     spatial_conv=[4, 29] top_abs_channels=[('Pz', 0.15358716), ('O2', 0.14364234), ('T3', 0.12603773), ('O1', 0.12297069), ('T4', 0.12122162), ('CP3', 0.11999877), ('C3', 0.11480483), ('CP4', 0.11266515)]
[2026-05-28 16:15:16]     spatial_update=delta_l2=0.02283159 max_abs=0.00270254 relative=0.01913028 changed=True
[2026-05-28 16:15:16]   Subject 48: acc=0.5000±0.0791  bal_acc=0.5000±0.0791
[2026-05-28 16:15:16] \nSubject 49: 40 windows | class_counts=[20, 20]

[2026-05-28 16:15:17] Fold 1/5 | subject=49
[2026-05-28 16:15:17]     Train: 32 | counts=[16, 16]
[2026-05-28 16:15:17]     Test:  8 | counts=[4, 4]
[2026-05-28 16:15:17]     Model: SignalJEPA_PreLocal | Pretrained: from_pretrained | Strategy: new
[2026-05-28 16:15:17]     Normalization: none | fit_scope=none
[2026-05-28 16:15:17]     Phase 1 (new): 2,170/16,010 params
[2026-05-28 16:15:17]     Result | best_epoch=6 | stop=15 | final_phase_epochs=15 | acc=0.5000 | bal_acc=0.5000 | pred_hist=[0, 8] | collapse=True
[2026-05-28 16:15:17]     spatial_conv=[4, 29] top_abs_channels=[('Pz', 0.15552756), ('O2', 0.14346948), ('T3', 0.12511092), ('O1', 0.12263758), ('T4', 0.12187067), ('CP3', 0.12101796), ('C3', 0.11441968), ('P3', 0.11045187)]
[2026-05-28 16:15:17]     spatial_update=delta_l2=0.03577431 max_abs=0.00449556 relative=0.02997480 changed=True

[2026-05-28 16:15:17] Fold 2/5 | subject=49
[2026-05-28 16:15:17]     Train: 32 | counts=[16, 16]
[2026-05-28 16:15:17]     Test:  8 | counts=[4, 4]
[2026-05-28 16:15:17]     Model: SignalJEPA_PreLocal | Pretrained: from_pretrained | Strategy: new
[2026-05-28 16:15:17]     Normalization: none | fit_scope=none
[2026-05-28 16:15:17]     Phase 1 (new): 2,170/16,010 params
[2026-05-28 16:15:18]     Result | best_epoch=6 | stop=14 | final_phase_epochs=14 | acc=0.5000 | bal_acc=0.5000 | pred_hist=[0, 8] | collapse=True
[2026-05-28 16:15:18]     spatial_conv=[4, 29] top_abs_channels=[('Pz', 0.15028684), ('O2', 0.14146732), ('T3', 0.12669361), ('O1', 0.1242443), ('CP3', 0.12194006), ('T4', 0.12063052), ('C3', 0.11541867), ('Fp1', 0.1123917)]
[2026-05-28 16:15:18]     spatial_update=delta_l2=0.02823655 max_abs=0.00359534 relative=0.02365902 changed=True

[2026-05-28 16:15:18] Fold 3/5 | subject=49
[2026-05-28 16:15:18]     Train: 32 | counts=[16, 16]
[2026-05-28 16:15:18]     Test:  8 | counts=[4, 4]
[2026-05-28 16:15:18]     Model: SignalJEPA_PreLocal | Pretrained: from_pretrained | Strategy: new
[2026-05-28 16:15:18]     Normalization: none | fit_scope=none
[2026-05-28 16:15:18]     Phase 1 (new): 2,170/16,010 params
[2026-05-28 16:15:18]     Result | best_epoch=2 | stop=11 | final_phase_epochs=11 | acc=0.5000 | bal_acc=0.5000 | pred_hist=[0, 8] | collapse=True
[2026-05-28 16:15:18]     spatial_conv=[4, 29] top_abs_channels=[('Pz', 0.15303901), ('O2', 0.14414138), ('T3', 0.12628478), ('T4', 0.12208758), ('O1', 0.12141213), ('CP3', 0.12022442), ('C3', 0.1156809), ('CP4', 0.11093313)]
[2026-05-28 16:15:18]     spatial_update=delta_l2=0.00969286 max_abs=0.00090000 relative=0.00812152 changed=True

[2026-05-28 16:15:19] Fold 4/5 | subject=49
[2026-05-28 16:15:19]     Train: 32 | counts=[16, 16]
[2026-05-28 16:15:19]     Test:  8 | counts=[4, 4]
[2026-05-28 16:15:19]     Model: SignalJEPA_PreLocal | Pretrained: from_pretrained | Strategy: new
[2026-05-28 16:15:19]     Normalization: none | fit_scope=none
[2026-05-28 16:15:19]     Phase 1 (new): 2,170/16,010 params
[2026-05-28 16:15:19]     Result | best_epoch=4 | stop=11 | final_phase_epochs=11 | acc=0.5000 | bal_acc=0.5000 | pred_hist=[0, 8] | collapse=True
[2026-05-28 16:15:19]     spatial_conv=[4, 29] top_abs_channels=[('Pz', 0.15303901), ('O2', 0.14414138), ('T3', 0.12673476), ('T4', 0.12253688), ('O1', 0.12186216), ('CP3', 0.1215743), ('C3', 0.11523089), ('CP4', 0.11093319)]
[2026-05-28 16:15:19]     spatial_update=delta_l2=0.00969268 max_abs=0.00090000 relative=0.00812136 changed=True

[2026-05-28 16:15:20] Fold 5/5 | subject=49
[2026-05-28 16:15:20]     Train: 32 | counts=[16, 16]
[2026-05-28 16:15:20]     Test:  8 | counts=[4, 4]
[2026-05-28 16:15:20]     Model: SignalJEPA_PreLocal | Pretrained: from_pretrained | Strategy: new
[2026-05-28 16:15:20]     Normalization: none | fit_scope=none
[2026-05-28 16:15:20]     Phase 1 (new): 2,170/16,010 params
[2026-05-28 16:15:20]     Result | best_epoch=6 | stop=14 | final_phase_epochs=14 | acc=0.5000 | bal_acc=0.5000 | pred_hist=[0, 8] | collapse=True
[2026-05-28 16:15:20]     spatial_conv=[4, 29] top_abs_channels=[('Pz', 0.15429944), ('O2', 0.14421944), ('T3', 0.12377027), ('O1', 0.12282803), ('CP3', 0.12228591), ('T4', 0.121889), ('C3', 0.11479647), ('CP4', 0.11225729)]
[2026-05-28 16:15:20]     spatial_update=delta_l2=0.02965615 max_abs=0.00358387 relative=0.02484849 changed=True
[2026-05-28 16:15:20]   Subject 49: acc=0.5000±0.0000  bal_acc=0.5000±0.0000
[2026-05-28 16:15:20] \nSubject 50: 40 windows | class_counts=[20, 20]

[2026-05-28 16:15:20] Fold 1/5 | subject=50
[2026-05-28 16:15:20]     Train: 32 | counts=[16, 16]
[2026-05-28 16:15:20]     Test:  8 | counts=[4, 4]
[2026-05-28 16:15:20]     Model: SignalJEPA_PreLocal | Pretrained: from_pretrained | Strategy: new
[2026-05-28 16:15:20]     Normalization: none | fit_scope=none
[2026-05-28 16:15:20]     Phase 1 (new): 2,170/16,010 params
[2026-05-28 16:15:21]     Result | best_epoch=33 | stop=43 | final_phase_epochs=43 | acc=0.5000 | bal_acc=0.5000 | pred_hist=[4, 4] | collapse=False
[2026-05-28 16:15:21]     spatial_conv=[4, 29] top_abs_channels=[('O2', 0.15554664), ('Pz', 0.14753845), ('O1', 0.12382537), ('CP3', 0.12313055), ('T4', 0.12294497), ('Fp1', 0.12026846), ('T3', 0.11857674), ('CP4', 0.11699809)]
[2026-05-28 16:15:21]     spatial_update=delta_l2=0.19183033 max_abs=0.03162070 relative=0.16073203 changed=True

[2026-05-28 16:15:22] Fold 2/5 | subject=50
[2026-05-28 16:15:22]     Train: 32 | counts=[16, 16]
[2026-05-28 16:15:22]     Test:  8 | counts=[4, 4]
[2026-05-28 16:15:22]     Model: SignalJEPA_PreLocal | Pretrained: from_pretrained | Strategy: new
[2026-05-28 16:15:22]     Normalization: none | fit_scope=none
[2026-05-28 16:15:22]     Phase 1 (new): 2,170/16,010 params
[2026-05-28 16:15:22]     Result | best_epoch=3 | stop=13 | final_phase_epochs=13 | acc=0.5000 | bal_acc=0.5000 | pred_hist=[0, 8] | collapse=True
[2026-05-28 16:15:22]     spatial_conv=[4, 29] top_abs_channels=[('Pz', 0.15313047), ('O2', 0.14562199), ('T3', 0.12513626), ('T4', 0.12221736), ('O1', 0.12211825), ('CP3', 0.11953181), ('C3', 0.11604222), ('CP4', 0.11155946)]
[2026-05-28 16:15:22]     spatial_update=delta_l2=0.02284981 max_abs=0.00270440 relative=0.01914555 changed=True

[2026-05-28 16:15:22] Fold 3/5 | subject=50
[2026-05-28 16:15:22]     Train: 32 | counts=[16, 16]
[2026-05-28 16:15:22]     Test:  8 | counts=[4, 4]
[2026-05-28 16:15:22]     Model: SignalJEPA_PreLocal | Pretrained: from_pretrained | Strategy: new
[2026-05-28 16:15:22]     Normalization: none | fit_scope=none
[2026-05-28 16:15:22]     Phase 1 (new): 2,170/16,010 params
[2026-05-28 16:15:22]     Result | best_epoch=1 | stop=11 | final_phase_epochs=11 | acc=0.5000 | bal_acc=0.5000 | pred_hist=[0, 8] | collapse=True
[2026-05-28 16:15:22]     spatial_conv=[4, 29] top_abs_channels=[('Pz', 0.15258905), ('O2', 0.14459139), ('T3', 0.12628479), ('T4', 0.12253755), ('CP3', 0.12112442), ('O1', 0.12096214), ('C3', 0.11613089), ('CP4', 0.11183286)]
[2026-05-28 16:15:22]     spatial_update=delta_l2=0.00969288 max_abs=0.00090000 relative=0.00812153 changed=True

[2026-05-28 16:15:23] Fold 4/5 | subject=50
[2026-05-28 16:15:23]     Train: 32 | counts=[16, 16]
[2026-05-28 16:15:23]     Test:  8 | counts=[4, 4]
[2026-05-28 16:15:23]     Model: SignalJEPA_PreLocal | Pretrained: from_pretrained | Strategy: new
[2026-05-28 16:15:23]     Normalization: none | fit_scope=none
[2026-05-28 16:15:23]     Phase 1 (new): 2,170/16,010 params
[2026-05-28 16:15:23]     Result | best_epoch=1 | stop=11 | final_phase_epochs=11 | acc=0.5000 | bal_acc=0.5000 | pred_hist=[0, 8] | collapse=True
[2026-05-28 16:15:23]     spatial_conv=[4, 29] top_abs_channels=[('Pz', 0.15303901), ('O2', 0.14504135), ('T3', 0.12673476), ('T4', 0.12163759), ('O1', 0.12141213), ('CP3', 0.12067445), ('C3', 0.1156809), ('CP4', 0.1109331)]
[2026-05-28 16:15:23]     spatial_update=delta_l2=0.00969296 max_abs=0.00090000 relative=0.00812160 changed=True

[2026-05-28 16:15:24] Fold 5/5 | subject=50
[2026-05-28 16:15:24]     Train: 32 | counts=[16, 16]
[2026-05-28 16:15:24]     Test:  8 | counts=[4, 4]
[2026-05-28 16:15:24]     Model: SignalJEPA_PreLocal | Pretrained: from_pretrained | Strategy: new
[2026-05-28 16:15:24]     Normalization: none | fit_scope=none
[2026-05-28 16:15:24]     Phase 1 (new): 2,170/16,010 params
[2026-05-28 16:15:24]     Result | best_epoch=1 | stop=11 | final_phase_epochs=11 | acc=0.5000 | bal_acc=0.5000 | pred_hist=[0, 8] | collapse=True
[2026-05-28 16:15:24]     spatial_conv=[4, 29] top_abs_channels=[('Pz', 0.15258902), ('O2', 0.14504136), ('T3', 0.12673479), ('O1', 0.12141216), ('T4', 0.12118762), ('CP3', 0.12112434), ('C3', 0.11568086), ('CP4', 0.11093313)]
[2026-05-28 16:15:24]     spatial_update=delta_l2=0.00969298 max_abs=0.00090000 relative=0.00812162 changed=True
[2026-05-28 16:15:24]   Subject 50: acc=0.5000±0.0000  bal_acc=0.5000±0.0000

[2026-05-28 16:15:24] Total evaluation splits completed: 250
[2026-05-28 16:15:24] ======================================================================
[2026-05-28 16:15:24] AGGREGATED RESULTS
[2026-05-28 16:15:24] ======================================================================
[2026-05-28 16:15:24]   1: acc=0.4500±0.1000  bal_acc=0.4500±0.1000
[2026-05-28 16:15:24]   2: acc=0.7000±0.1500  bal_acc=0.7000±0.1500
[2026-05-28 16:15:24]   3: acc=0.5750±0.1000  bal_acc=0.5750±0.1000
[2026-05-28 16:15:24]   4: acc=0.5500±0.0612  bal_acc=0.5500±0.0612
[2026-05-28 16:15:24]   5: acc=0.4750±0.0500  bal_acc=0.4750±0.0500
[2026-05-28 16:15:24]   6: acc=0.3750±0.1369  bal_acc=0.3750±0.1369
[2026-05-28 16:15:24]   7: acc=0.5750±0.2031  bal_acc=0.5750±0.2031
[2026-05-28 16:15:24]   8: acc=0.5750±0.1000  bal_acc=0.5750±0.1000
[2026-05-28 16:15:24]   9: acc=0.5000±0.1369  bal_acc=0.5000±0.1369
[2026-05-28 16:15:24]   10: acc=0.4500±0.0612  bal_acc=0.4500±0.0612
[2026-05-28 16:15:24]   11: acc=0.5000±0.0000  bal_acc=0.5000±0.0000
[2026-05-28 16:15:24]   12: acc=0.4750±0.0500  bal_acc=0.4750±0.0500
[2026-05-28 16:15:24]   13: acc=0.5750±0.1500  bal_acc=0.5750±0.1500
[2026-05-28 16:15:24]   14: acc=0.5000±0.0791  bal_acc=0.5000±0.0791
[2026-05-28 16:15:24]   15: acc=0.4500±0.1275  bal_acc=0.4500±0.1275
[2026-05-28 16:15:24]   16: acc=0.5000±0.0000  bal_acc=0.5000±0.0000
[2026-05-28 16:15:24]   17: acc=0.4750±0.0500  bal_acc=0.4750±0.0500
[2026-05-28 16:15:24]   18: acc=0.8000±0.1000  bal_acc=0.8000±0.1000
[2026-05-28 16:15:24]   19: acc=0.4250±0.1500  bal_acc=0.4250±0.1500
[2026-05-28 16:15:24]   20: acc=0.6250±0.1768  bal_acc=0.6250±0.1768
[2026-05-28 16:15:24]   21: acc=0.6000±0.0935  bal_acc=0.6000±0.0935
[2026-05-28 16:15:24]   22: acc=0.9000±0.1458  bal_acc=0.9000±0.1458
[2026-05-28 16:15:24]   23: acc=0.5000±0.0000  bal_acc=0.5000±0.0000
[2026-05-28 16:15:24]   24: acc=0.5000±0.0000  bal_acc=0.5000±0.0000
[2026-05-28 16:15:24]   25: acc=0.5000±0.0000  bal_acc=0.5000±0.0000
[2026-05-28 16:15:24]   26: acc=0.5000±0.0000  bal_acc=0.5000±0.0000
[2026-05-28 16:15:24]   27: acc=0.5500±0.1000  bal_acc=0.5500±0.1000
[2026-05-28 16:15:24]   28: acc=0.5000±0.0000  bal_acc=0.5000±0.0000
[2026-05-28 16:15:24]   29: acc=0.4500±0.1000  bal_acc=0.4500±0.1000
[2026-05-28 16:15:24]   30: acc=0.5500±0.0612  bal_acc=0.5500±0.0612
[2026-05-28 16:15:24]   31: acc=0.4750±0.0500  bal_acc=0.4750±0.0500
[2026-05-28 16:15:24]   32: acc=0.4750±0.0935  bal_acc=0.4750±0.0935
[2026-05-28 16:15:24]   33: acc=0.5000±0.0000  bal_acc=0.5000±0.0000
[2026-05-28 16:15:24]   34: acc=0.7500±0.1118  bal_acc=0.7500±0.1118
[2026-05-28 16:15:24]   35: acc=0.5750±0.1000  bal_acc=0.5750±0.1000
[2026-05-28 16:15:24]   36: acc=0.5000±0.0000  bal_acc=0.5000±0.0000
[2026-05-28 16:15:24]   37: acc=0.5250±0.1225  bal_acc=0.5250±0.1225
[2026-05-28 16:15:24]   38: acc=0.7000±0.1696  bal_acc=0.7000±0.1696
[2026-05-28 16:15:24]   39: acc=0.5500±0.0612  bal_acc=0.5500±0.0612
[2026-05-28 16:15:24]   40: acc=0.5500±0.1000  bal_acc=0.5500±0.1000
[2026-05-28 16:15:24]   41: acc=0.5250±0.0935  bal_acc=0.5250±0.0935
[2026-05-28 16:15:24]   42: acc=0.4750±0.0935  bal_acc=0.4750±0.0935
[2026-05-28 16:15:24]   43: acc=0.5250±0.0500  bal_acc=0.5250±0.0500
[2026-05-28 16:15:24]   44: acc=0.5000±0.0000  bal_acc=0.5000±0.0000
[2026-05-28 16:15:24]   45: acc=0.5500±0.1275  bal_acc=0.5500±0.1275
[2026-05-28 16:15:24]   46: acc=0.6000±0.0935  bal_acc=0.6000±0.0935
[2026-05-28 16:15:24]   47: acc=0.4500±0.1000  bal_acc=0.4500±0.1000
[2026-05-28 16:15:24]   48: acc=0.5000±0.0791  bal_acc=0.5000±0.0791
[2026-05-28 16:15:24]   49: acc=0.5000±0.0000  bal_acc=0.5000±0.0000
[2026-05-28 16:15:24]   50: acc=0.5000±0.0000  bal_acc=0.5000±0.0000
[2026-05-28 16:15:24] ----------------------------------------------------------------------
[2026-05-28 16:15:24]   OVERALL: acc=0.5365±0.1346  bal_acc=0.5365±0.1346
[2026-05-28 16:15:24] ======================================================================
[2026-05-28 16:15:24] Performance tables saved:
[2026-05-28 16:15:24]   Fold-level results:       /Users/vadim/Documents/School/Spring 2026/CSCE A698 Individual Research/EEG_JEPA/artifacts/liu2024-source-mat-sjepa-prelocal/20260528_1611_9c2514d6/fold_level_results.csv
[2026-05-28 16:15:24]   Subject-level summary:    /Users/vadim/Documents/School/Spring 2026/CSCE A698 Individual Research/EEG_JEPA/artifacts/liu2024-source-mat-sjepa-prelocal/20260528_1611_9c2514d6/subject_level_summary.csv
[2026-05-28 16:15:24]   Global method comparison: /Users/vadim/Documents/School/Spring 2026/CSCE A698 Individual Research/EEG_JEPA/artifacts/liu2024-source-mat-sjepa-prelocal/20260528_1611_9c2514d6/global_method_comparison.csv
[2026-05-28 16:15:24] Subject performance plot saved to: /Users/vadim/Documents/School/Spring 2026/CSCE A698 Individual Research/EEG_JEPA/artifacts/liu2024-source-mat-sjepa-prelocal/20260528_1611_9c2514d6/sjepa_prelocal_subject_performance.png
[2026-05-28 16:15:24] Global performance plot saved to: /Users/vadim/Documents/School/Spring 2026/CSCE A698 Individual Research/EEG_JEPA/artifacts/liu2024-source-mat-sjepa-prelocal/20260528_1611_9c2514d6/sjepa_prelocal_global_performance_summary.png
[2026-05-28 16:15:25] Aggregated confusion matrix plot saved to: /Users/vadim/Documents/School/Spring 2026/CSCE A698 Individual Research/EEG_JEPA/artifacts/liu2024-source-mat-sjepa-prelocal/20260528_1611_9c2514d6/sjepa_prelocal_aggregated_confusion_matrix.png
[2026-05-28 16:15:25] Confusion metrics saved to: /Users/vadim/Documents/School/Spring 2026/CSCE A698 Individual Research/EEG_JEPA/artifacts/liu2024-source-mat-sjepa-prelocal/20260528_1611_9c2514d6/sjepa_prelocal_confusion_metrics.csv

[2026-05-28 16:15:25] ======================================================================
[2026-05-28 16:15:25] EXPERIMENT SUMMARY
[2026-05-28 16:15:25] ======================================================================
[2026-05-28 16:15:25] Run ID:                 20260528_1611_9c2514d6
[2026-05-28 16:15:25] Experiment:             s055
[2026-05-28 16:15:25] Subjects:               50
[2026-05-28 16:15:25] Model:                  SignalJEPA_PreLocal
[2026-05-28 16:15:25] Pretrained mode:        from_pretrained
[2026-05-28 16:15:25] Strategy:               new
[2026-05-28 16:15:25] Preprocessing:          baseline_window_mean | ref=average | resample=True->128 | filter=True 0.5–40.0 fir
[2026-05-28 16:15:25] Window:                 start=2.0s | 4.195s / 537 samples
[2026-05-28 16:15:25] Artifacts:              /Users/vadim/Documents/School/Spring 2026/CSCE A698 Individual Research/EEG_JEPA/artifacts/liu2024-source-mat-sjepa-prelocal/20260528_1611_9c2514d6
[2026-05-28 16:15:25] Mean Accuracy:          0.5365 ± 0.1346
[2026-05-28 16:15:25] Mean Balanced Accuracy: 0.5365 ± 0.1346
[2026-05-28 16:15:25] ======================================================================

[2026-05-28 16:15:25] Spatial convolution analysis saved:
[2026-05-28 16:15:25]   Long channel CSV:        /Users/vadim/Documents/School/Spring 2026/CSCE A698 Individual Research/EEG_JEPA/artifacts/liu2024-source-mat-sjepa-prelocal/20260528_1611_9c2514d6/spatial_conv_analysis/spatial_channel_importance_long.csv
[2026-05-28 16:15:25]   Fold diagnostics CSV:    /Users/vadim/Documents/School/Spring 2026/CSCE A698 Individual Research/EEG_JEPA/artifacts/liu2024-source-mat-sjepa-prelocal/20260528_1611_9c2514d6/spatial_conv_analysis/fold_diagnostics.csv
[2026-05-28 16:15:25]   Fold weight JSON:        /Users/vadim/Documents/School/Spring 2026/CSCE A698 Individual Research/EEG_JEPA/artifacts/liu2024-source-mat-sjepa-prelocal/20260528_1611_9c2514d6/spatial_conv_analysis/spatial_conv_weights_by_fold.json
[2026-05-28 16:15:25]   Global importance CSV:   /Users/vadim/Documents/School/Spring 2026/CSCE A698 Individual Research/EEG_JEPA/artifacts/liu2024-source-mat-sjepa-prelocal/20260528_1611_9c2514d6/spatial_conv_analysis/spatial_channel_importance_global.csv
[2026-05-28 16:15:25]   Subject importance CSV:  /Users/vadim/Documents/School/Spring 2026/CSCE A698 Individual Research/EEG_JEPA/artifacts/liu2024-source-mat-sjepa-prelocal/20260528_1611_9c2514d6/spatial_conv_analysis/spatial_channel_importance_by_subject.csv
[2026-05-28 16:15:25]   Diagnostic summary JSON: /Users/vadim/Documents/School/Spring 2026/CSCE A698 Individual Research/EEG_JEPA/artifacts/liu2024-source-mat-sjepa-prelocal/20260528_1611_9c2514d6/spatial_conv_analysis/diagnostic_summary.json

[2026-05-28 16:15:25] Diagnostic summary:
[2026-05-28 16:15:25] {
  "n_folds": 250,
  "collapse_rate": 0.516,
  "mean_collapse_ratio": 0.8405,
  "mean_spatial_delta_l2": 0.11618448264,
  "mean_spatial_relative_delta": 0.09734939851999999,
  "spatial_changed_rate": 1.0,
  "mean_confidence": 0.51475426908,
  "mean_normalized_prediction_entropy": 0.9985899452399999
}

[2026-05-28 16:15:25] Top global channels by mean absolute spatial weight:
[2026-05-28 16:15:25] CV results saved to:      /Users/vadim/Documents/School/Spring 2026/CSCE A698 Individual Research/EEG_JEPA/artifacts/liu2024-source-mat-sjepa-prelocal/20260528_1611_9c2514d6/cv_results.json
[2026-05-28 16:15:25] Subject metrics saved to: /Users/vadim/Documents/School/Spring 2026/CSCE A698 Individual Research/EEG_JEPA/artifacts/liu2024-source-mat-sjepa-prelocal/20260528_1611_9c2514d6/subject_metrics.json
[2026-05-28 16:15:25] Global metrics saved to:  /Users/vadim/Documents/School/Spring 2026/CSCE A698 Individual Research/EEG_JEPA/artifacts/liu2024-source-mat-sjepa-prelocal/20260528_1611_9c2514d6/global_metrics.json
[2026-05-28 16:15:25] Subject performance plot: /Users/vadim/Documents/School/Spring 2026/CSCE A698 Individual Research/EEG_JEPA/artifacts/liu2024-source-mat-sjepa-prelocal/20260528_1611_9c2514d6/sjepa_prelocal_subject_performance.png
[2026-05-28 16:15:25] Global performance plot:  /Users/vadim/Documents/School/Spring 2026/CSCE A698 Individual Research/EEG_JEPA/artifacts/liu2024-source-mat-sjepa-prelocal/20260528_1611_9c2514d6/sjepa_prelocal_global_performance_summary.png
[2026-05-28 16:15:25] Confusion matrix plot:    /Users/vadim/Documents/School/Spring 2026/CSCE A698 Individual Research/EEG_JEPA/artifacts/liu2024-source-mat-sjepa-prelocal/20260528_1611_9c2514d6/sjepa_prelocal_aggregated_confusion_matrix.png
[2026-05-28 16:15:25] Run metadata saved to:    /Users/vadim/Documents/School/Spring 2026/CSCE A698 Individual Research/EEG_JEPA/artifacts/liu2024-source-mat-sjepa-prelocal/20260528_1611_9c2514d6/run_metadata.json

[2026-05-28 16:15:25] All artifacts in: /Users/vadim/Documents/School/Spring 2026/CSCE A698 Individual Research/EEG_JEPA/artifacts/liu2024-source-mat-sjepa-prelocal/20260528_1611_9c2514d6
