{
  "mean_accuracy": 0.8699999999999999,
  "std_accuracy": 0.21186248909543728,
  "mean_balanced_accuracy": 0.8699999999999999,
  "std_balanced_accuracy": 0.21186248909543726,
  "n_subjects": 7,
  "n_folds_total": 35
}