{
  "48": {
    "accuracies": [
      0.95,
      0.95,
      1.0,
      1.0,
      0.95
    ],
    "balanced_accuracies": [
      0.95,
      0.95,
      1.0,
      1.0,
      0.95
    ],
    "mean_accuracy": 0.97,
    "std_accuracy": 0.024494897427831803,
    "mean_balanced_accuracy": 0.97,
    "std_balanced_accuracy": 0.024494897427831803
  },
  "49": {
    "accuracies": [
      1.0,
      0.9,
      0.9,
      1.0,
      0.9
    ],
    "balanced_accuracies": [
      1.0,
      0.9,
      0.8999999999999999,
      1.0,
      0.8999999999999999
    ],
    "mean_accuracy": 0.9400000000000001,
    "std_accuracy": 0.04898979485566355,
    "mean_balanced_accuracy": 0.9399999999999998,
    "std_balanced_accuracy": 0.048989794855663585
  },
  "50": {
    "accuracies": [
      1.0,
      1.0,
      1.0,
      0.95,
      1.0
    ],
    "balanced_accuracies": [
      1.0,
      1.0,
      1.0,
      0.95,
      1.0
    ],
    "mean_accuracy": 0.99,
    "std_accuracy": 0.020000000000000018,
    "mean_balanced_accuracy": 0.99,
    "std_balanced_accuracy": 0.020000000000000018
  },
  "51": {
    "accuracies": [
      0.35,
      0.55,
      0.4,
      0.35,
      0.25
    ],
    "balanced_accuracies": [
      0.35000000000000003,
      0.55,
      0.4,
      0.35000000000000003,
      0.25
    ],
    "mean_accuracy": 0.38,
    "std_accuracy": 0.09797958971132714,
    "mean_balanced_accuracy": 0.38000000000000006,
    "std_balanced_accuracy": 0.09797958971132714
  },
  "52": {
    "accuracies": [
      1.0,
      0.95,
      0.95,
      0.95,
      1.0
    ],
    "balanced_accuracies": [
      1.0,
      0.95,
      0.95,
      0.95,
      1.0
    ],
    "mean_accuracy": 0.97,
    "std_accuracy": 0.024494897427831803,
    "mean_balanced_accuracy": 0.97,
    "std_balanced_accuracy": 0.024494897427831803
  },
  "53": {
    "accuracies": [
      1.0,
      1.0,
      1.0,
      1.0,
      1.0
    ],
    "balanced_accuracies": [
      1.0,
      1.0,
      1.0,
      1.0,
      1.0
    ],
    "mean_accuracy": 1.0,
    "std_accuracy": 0.0,
    "mean_balanced_accuracy": 1.0,
    "std_balanced_accuracy": 0.0
  },
  "54": {
    "accuracies": [
      0.85,
      0.8,
      0.9,
      0.75,
      0.9
    ],
    "balanced_accuracies": [
      0.8500000000000001,
      0.8,
      0.9,
      0.75,
      0.8999999999999999
    ],
    "mean_accuracy": 0.8400000000000001,
    "std_accuracy": 0.05830951894845301,
    "mean_balanced_accuracy": 0.8400000000000001,
    "std_balanced_accuracy": 0.05830951894845299
  }
}