{
  "n_folds": 45,
  "collapse_rate": 0.0,
  "mean_collapse_ratio": 0.5639107360000001,
  "mean_spatial_delta_l2": 0.2530302564444445,
  "mean_spatial_relative_delta": 0.216612642,
  "spatial_changed_rate": 1.0,
  "mean_confidence": 0.662322819111111,
  "mean_normalized_prediction_entropy": 0.8394841920000001
}