[2026-05-30 10:42:23] Run ID:     20260530_1042_8ccdef05
[2026-05-30 10:42:23] Artifacts:  /home/vegorov/Repos/eeg_jepa_research/artifacts/liu2024-source-mat-sjepa-prelocal/20260530_1042_8ccdef05
[2026-05-30 10:42:23] Config:     /home/vegorov/Repos/eeg_jepa_research/artifacts/liu2024-source-mat-sjepa-prelocal/20260530_1042_8ccdef05/config.json
[2026-05-30 10:42:23] Using device: cpu
[2026-05-30 10:42:24] Seed initialized: 2026
[2026-05-30 10:42:24] Configured preprocessing pipeline:
[2026-05-30 10:42:24]   - [ON] source::select_eeg_channels | - select Liu EEG channels, drop CPz reference, EOG, and marker before model input
[2026-05-30 10:42:24]   - [ON] source::demean | mode=baseline_window_mean | baseline_window_s=[0.0, 2.0]
[2026-05-30 10:42:24]   - [off] source::detrend | mode=none
[2026-05-30 10:42:24]   - [off] source::eog_correction | mode=none
[2026-05-30 10:42:24]   - [off] source::artifact_clipping | mode=none | percentile=99.5
[2026-05-30 10:42:24]   - [ON] mne_raw::reference | timing=before_resample_filter | mode=average
[2026-05-30 10:42:24]   - [ON] mne_raw::resample | sfreq=128
[2026-05-30 10:42:24]   - [ON] mne_raw::bandpass_filter | l_freq=0.5 | h_freq=40.0 | method=fir | phase=zero | fir_design=firwin
[2026-05-30 10:42:24]   - [off] mne_raw::notch_filter | timing=after_bandpass
[2026-05-30 10:42:24]   - [ON] window::crop_fixed_mi_window | start_s=1 | target_window_samples=537
[2026-05-30 10:42:24]   - [off] window::bad_trial_rejection
[2026-05-30 10:42:24]   - [off] split::fold_safe_normalization | mode=none
[2026-05-30 10:42:24] Source extract dir: /home/vegorov/Repos/eeg_jepa_research/liu2024_data/liu2024_figshare/sourcedata
[2026-05-30 10:42:24] Found 50 .mat files
[2026-05-30 10:42:24] MAT structure preview saved to: /home/vegorov/Repos/eeg_jepa_research/artifacts/liu2024-source-mat-sjepa-prelocal/20260530_1042_8ccdef05/mat_structure_preview_first_subject.csv
[2026-05-30 10:42:30] Subjects loaded: [1, 2, 3, 4, 5, 6, 7, 8, 9, 10, 11, 12, 13, 14, 15, 16, 17, 18, 19, 20, 21, 22, 23, 24, 25, 26, 27, 28, 29, 30, 31, 32, 33, 34, 35, 36, 37, 38, 39, 40, 41, 42, 43, 44, 45, 46, 47, 48, 49, 50]
[2026-05-30 10:42:30] Subject inventory saved to: /home/vegorov/Repos/eeg_jepa_research/artifacts/liu2024-source-mat-sjepa-prelocal/20260530_1042_8ccdef05/subject_inventory.csv
[2026-05-30 10:42:43] X_ALL shape: (2000, 29, 537) | Y_ALL counts: [1000, 1000]
[2026-05-30 10:42:43] Preprocessing steps used:
[2026-05-30 10:42:43]   - select 29 EEG channels; drop CPz source reference, EOG, and marker
[2026-05-30 10:42:43]   - source demean: subtract baseline mean [0.0, 2.0]s
[2026-05-30 10:42:43]   - source detrend skipped
[2026-05-30 10:42:43]   - EOG correction skipped
[2026-05-30 10:42:43]   - source artifact clipping skipped
[2026-05-30 10:42:43]   - convert source microvolts to MNE volts
[2026-05-30 10:42:43]   - average reference at before resample/filter
[2026-05-30 10:42:43]   - resample to 128 Hz
[2026-05-30 10:42:43]   - FIR bandpass 0.5–40.0 Hz | phase=zero | fir_design=firwin
[2026-05-30 10:42:43]   - convert MNE volts to model microvolts
[2026-05-30 10:42:43]   - crop fixed window samples [128:665]
[2026-05-30 10:42:43]   - bad-trial rejection skipped
[2026-05-30 10:42:43] Window summary saved to: /home/vegorov/Repos/eeg_jepa_research/artifacts/liu2024-source-mat-sjepa-prelocal/20260530_1042_8ccdef05/window_counts_by_subject.csv
[2026-05-30 10:42:44] ======================================================================
[2026-05-30 10:42:44] STARTING WITHIN-SUBJECT EVALUATION
[2026-05-30 10:42:44] ======================================================================
[2026-05-30 10:42:44] Experiment:    hpgrid537_bs4_lr0p0004_clip2_start1_test0p2_fir_baseline_window_mean
[2026-05-30 10:42:44] Subjects:      ['1', '2', '3', '4', '5', '6', '7', '8', '9', '10', '11', '12', '13', '14', '15', '16', '17', '18', '19', '20', '21', '22', '23', '24', '25', '26', '27', '28', '29', '30', '31', '32', '33', '34', '35', '36', '37', '38', '39', '40', '41', '42', '43', '44', '45', '46', '47', '48', '49', '50']
[2026-05-30 10:42:44] Model:         SignalJEPA_PreLocal
[2026-05-30 10:42:44] Pretrained:    from_pretrained
[2026-05-30 10:42:44] Strategy:      new
[2026-05-30 10:42:44] Preprocessing: demean=baseline_window_mean | detrend=none | eog=none | clip=none | ref=average@before_resample_filter | resample=True->128 | filter=True 0.5–40.0 fir
[2026-05-30 10:42:44] Normalization: none | reject_bad_trials=False
[2026-05-30 10:42:44] Evaluation:    stratified_kfold | cv_folds=5 | n_repeats=10 | test_size=0.2
[2026-05-30 10:42:44] Seed:          base=2026 | cv=2026 | split=2026 | val=2026
[2026-05-30 10:42:44] Window:        start=1s | samples=537 | duration=4.1953s | effective sfreq=128.0
[2026-05-30 10:42:44] Optimizer:     adam | lr=0.0004 | wd=0.0
[2026-05-30 10:42:44] Augmentation:  noise=0.0 | shift=0 | ch_drop=0.0
[2026-05-30 10:42:44] Val split:     0.2
[2026-05-30 10:42:44] Max epochs:    5000 | patience=50
[2026-05-30 10:42:44] Device:        cpu
[2026-05-30 10:42:44] ======================================================================
[2026-05-30 10:42:44] \nSubject 1: 40 windows | class_counts=[20, 20]

[2026-05-30 10:42:44] Fold 1/5 | subject=1
[2026-05-30 10:42:44]     Train: 32 | counts=[16, 16]
[2026-05-30 10:42:44]     Test:  8 | counts=[4, 4]
[2026-05-30 10:42:44]     Model: SignalJEPA_PreLocal | Pretrained: from_pretrained | Strategy: new
[2026-05-30 10:42:44]     Normalization: none | fit_scope=none
[2026-05-30 10:42:44]     Phase 1 (new): 2,170/16,010 params
[2026-05-30 10:42:49]     Result | best_epoch=255 | stop=305 | final_phase_epochs=305 | acc=0.6250 | bal_acc=0.6250 | pred_hist=[5, 3] | collapse=False
[2026-05-30 10:42:49]     spatial_conv=[4, 29] top_abs_channels=[('F4', 0.16762987), ('TP7', 0.16454044), ('FCz', 0.153891), ('P3', 0.15249532), ('FC4', 0.14794572), ('Cz', 0.14670542), ('P4', 0.12761563), ('Pz', 0.12507761)]
[2026-05-30 10:42:49]     spatial_update=delta_l2=1.16653179 max_abs=0.26676364 relative=0.97742113 changed=True

[2026-05-30 10:42:49] Fold 2/5 | subject=1
[2026-05-30 10:42:49]     Train: 32 | counts=[16, 16]
[2026-05-30 10:42:49]     Test:  8 | counts=[4, 4]
[2026-05-30 10:42:49]     Model: SignalJEPA_PreLocal | Pretrained: from_pretrained | Strategy: new
[2026-05-30 10:42:49]     Normalization: none | fit_scope=none
[2026-05-30 10:42:49]     Phase 1 (new): 2,170/16,010 params
[2026-05-30 10:42:50]     Result | best_epoch=33 | stop=83 | final_phase_epochs=83 | acc=0.1250 | bal_acc=0.1250 | pred_hist=[5, 3] | collapse=False
[2026-05-30 10:42:50]     spatial_conv=[4, 29] top_abs_channels=[('Pz', 0.14982294), ('O1', 0.13547808), ('CP3', 0.12936059), ('T4', 0.12638855), ('Fp1', 0.12506419), ('T3', 0.12244153), ('O2', 0.12076192), ('CP4', 0.11624187)]
[2026-05-30 10:42:50]     spatial_update=delta_l2=0.30024246 max_abs=0.06376626 relative=0.25156908 changed=True

[2026-05-30 10:42:51] Fold 3/5 | subject=1
[2026-05-30 10:42:51]     Train: 32 | counts=[16, 16]
[2026-05-30 10:42:51]     Test:  8 | counts=[4, 4]
[2026-05-30 10:42:51]     Model: SignalJEPA_PreLocal | Pretrained: from_pretrained | Strategy: new
[2026-05-30 10:42:51]     Normalization: none | fit_scope=none
[2026-05-30 10:42:51]     Phase 1 (new): 2,170/16,010 params
[2026-05-30 10:43:00]     Result | best_epoch=594 | stop=644 | final_phase_epochs=644 | acc=0.3750 | bal_acc=0.3750 | pred_hist=[5, 3] | collapse=False
[2026-05-30 10:43:00]     spatial_conv=[4, 29] top_abs_channels=[('TP7', 0.24339741), ('F4', 0.2044929), ('P3', 0.17634858), ('F3', 0.12675354), ('C4', 0.12560566), ('FC4', 0.11953503), ('Pz', 0.11154847), ('P4', 0.11150736)]
[2026-05-30 10:43:00]     spatial_update=delta_l2=1.40825557 max_abs=0.36949798 relative=1.17995820 changed=True

[2026-05-30 10:43:00] Fold 4/5 | subject=1
[2026-05-30 10:43:00]     Train: 32 | counts=[16, 16]
[2026-05-30 10:43:00]     Test:  8 | counts=[4, 4]
[2026-05-30 10:43:00]     Model: SignalJEPA_PreLocal | Pretrained: from_pretrained | Strategy: new
[2026-05-30 10:43:00]     Normalization: none | fit_scope=none
[2026-05-30 10:43:00]     Phase 1 (new): 2,170/16,010 params
[2026-05-30 10:43:03]     Result | best_epoch=163 | stop=213 | final_phase_epochs=213 | acc=0.7500 | bal_acc=0.7500 | pred_hist=[6, 2] | collapse=False
[2026-05-30 10:43:03]     spatial_conv=[4, 29] top_abs_channels=[('C4', 0.17676038), ('CP4', 0.16402273), ('T3', 0.15945892), ('F4', 0.1408748), ('TP7', 0.13915794), ('T4', 0.13706145), ('Pz', 0.13593605), ('O2', 0.12011899)]
[2026-05-30 10:43:03]     spatial_update=delta_l2=0.85558542 max_abs=0.21351990 relative=0.71688340 changed=True

[2026-05-30 10:43:04] Fold 5/5 | subject=1
[2026-05-30 10:43:04]     Train: 32 | counts=[16, 16]
[2026-05-30 10:43:04]     Test:  8 | counts=[4, 4]
[2026-05-30 10:43:04]     Model: SignalJEPA_PreLocal | Pretrained: from_pretrained | Strategy: new
[2026-05-30 10:43:04]     Normalization: none | fit_scope=none
[2026-05-30 10:43:04]     Phase 1 (new): 2,170/16,010 params
[2026-05-30 10:43:04]     Result | best_epoch=1 | stop=51 | final_phase_epochs=51 | acc=0.5000 | bal_acc=0.5000 | pred_hist=[0, 8] | collapse=True
[2026-05-30 10:43:04]     spatial_conv=[4, 29] top_abs_channels=[('Pz', 0.15224163), ('O2', 0.14374787), ('T3', 0.12656271), ('CP3', 0.12219729), ('O1', 0.12204015), ('T4', 0.1220388), ('C3', 0.11411766), ('CP4', 0.11018039)]
[2026-05-30 10:43:04]     spatial_update=delta_l2=0.01200651 max_abs=0.00224277 relative=0.01006009 changed=True
[2026-05-30 10:43:04]   Subject 1: acc=0.4750±0.2151  bal_acc=0.4750±0.2151
[2026-05-30 10:43:04] \nSubject 2: 40 windows | class_counts=[20, 20]

[2026-05-30 10:43:05] Fold 1/5 | subject=2
[2026-05-30 10:43:05]     Train: 32 | counts=[16, 16]
[2026-05-30 10:43:05]     Test:  8 | counts=[4, 4]
[2026-05-30 10:43:05]     Model: SignalJEPA_PreLocal | Pretrained: from_pretrained | Strategy: new
[2026-05-30 10:43:05]     Normalization: none | fit_scope=none
[2026-05-30 10:43:05]     Phase 1 (new): 2,170/16,010 params
[2026-05-30 10:43:09]     Result | best_epoch=234 | stop=284 | final_phase_epochs=284 | acc=0.5000 | bal_acc=0.5000 | pred_hist=[6, 2] | collapse=False
[2026-05-30 10:43:09]     spatial_conv=[4, 29] top_abs_channels=[('CP3', 0.24062353), ('T3', 0.18534748), ('Fz', 0.14999679), ('FCz', 0.1359809), ('FT7', 0.1323559), ('C3', 0.12813242), ('T5', 0.12550265), ('O2', 0.12510148)]
[2026-05-30 10:43:09]     spatial_update=delta_l2=0.99663731 max_abs=0.24237677 relative=0.83506885 changed=True

[2026-05-30 10:43:09] Fold 2/5 | subject=2
[2026-05-30 10:43:09]     Train: 32 | counts=[16, 16]
[2026-05-30 10:43:09]     Test:  8 | counts=[4, 4]
[2026-05-30 10:43:09]     Model: SignalJEPA_PreLocal | Pretrained: from_pretrained | Strategy: new
[2026-05-30 10:43:09]     Normalization: none | fit_scope=none
[2026-05-30 10:43:09]     Phase 1 (new): 2,170/16,010 params
[2026-05-30 10:43:10]     Result | best_epoch=1 | stop=51 | final_phase_epochs=51 | acc=0.5000 | bal_acc=0.5000 | pred_hist=[0, 8] | collapse=True
[2026-05-30 10:43:10]     spatial_conv=[4, 29] top_abs_channels=[('Pz', 0.15276586), ('O2', 0.14433627), ('T3', 0.12703106), ('T4', 0.12223151), ('O1', 0.1213634), ('CP3', 0.1210891), ('C3', 0.11519598), ('CP4', 0.11144824)]
[2026-05-30 10:43:10]     spatial_update=delta_l2=0.01145927 max_abs=0.00203735 relative=0.00960157 changed=True

[2026-05-30 10:43:11] Fold 3/5 | subject=2
[2026-05-30 10:43:11]     Train: 32 | counts=[16, 16]
[2026-05-30 10:43:11]     Test:  8 | counts=[4, 4]
[2026-05-30 10:43:11]     Model: SignalJEPA_PreLocal | Pretrained: from_pretrained | Strategy: new
[2026-05-30 10:43:11]     Normalization: none | fit_scope=none
[2026-05-30 10:43:11]     Phase 1 (new): 2,170/16,010 params
[2026-05-30 10:43:12]     Result | best_epoch=61 | stop=111 | final_phase_epochs=111 | acc=0.6250 | bal_acc=0.6250 | pred_hist=[1, 7] | collapse=False
[2026-05-30 10:43:12]     spatial_conv=[4, 29] top_abs_channels=[('T3', 0.18183155), ('FCz', 0.14303714), ('Pz', 0.14103237), ('CP3', 0.139796), ('O2', 0.13867284), ('Fz', 0.12716463), ('T5', 0.12124303), ('T4', 0.10860217)]
[2026-05-30 10:43:12]     spatial_update=delta_l2=0.40859048 max_abs=0.10387802 relative=0.34235241 changed=True

[2026-05-30 10:43:13] Fold 4/5 | subject=2
[2026-05-30 10:43:13]     Train: 32 | counts=[16, 16]
[2026-05-30 10:43:13]     Test:  8 | counts=[4, 4]
[2026-05-30 10:43:13]     Model: SignalJEPA_PreLocal | Pretrained: from_pretrained | Strategy: new
[2026-05-30 10:43:13]     Normalization: none | fit_scope=none
[2026-05-30 10:43:13]     Phase 1 (new): 2,170/16,010 params
[2026-05-30 10:43:13]     Result | best_epoch=1 | stop=51 | final_phase_epochs=51 | acc=0.5000 | bal_acc=0.5000 | pred_hist=[0, 8] | collapse=True
[2026-05-30 10:43:13]     spatial_conv=[4, 29] top_abs_channels=[('Pz', 0.15355462), ('O2', 0.14384821), ('T3', 0.12706009), ('T4', 0.1214757), ('O1', 0.12127371), ('CP3', 0.12102489), ('C3', 0.11579559), ('CP4', 0.11238131)]
[2026-05-30 10:43:13]     spatial_update=delta_l2=0.01312985 max_abs=0.00224504 relative=0.01100132 changed=True

[2026-05-30 10:43:14] Fold 5/5 | subject=2
[2026-05-30 10:43:14]     Train: 32 | counts=[16, 16]
[2026-05-30 10:43:14]     Test:  8 | counts=[4, 4]
[2026-05-30 10:43:14]     Model: SignalJEPA_PreLocal | Pretrained: from_pretrained | Strategy: new
[2026-05-30 10:43:14]     Normalization: none | fit_scope=none
[2026-05-30 10:43:14]     Phase 1 (new): 2,170/16,010 params
[2026-05-30 10:43:15]     Result | best_epoch=1 | stop=51 | final_phase_epochs=51 | acc=0.5000 | bal_acc=0.5000 | pred_hist=[0, 8] | collapse=True
[2026-05-30 10:43:15]     spatial_conv=[4, 29] top_abs_channels=[('Pz', 0.15269773), ('O2', 0.14370134), ('T3', 0.12669416), ('T4', 0.1224224), ('O1', 0.12200638), ('CP3', 0.12088909), ('C3', 0.11543301), ('CP4', 0.11205278)]
[2026-05-30 10:43:15]     spatial_update=delta_l2=0.01154376 max_abs=0.00235550 relative=0.00967236 changed=True
[2026-05-30 10:43:15]   Subject 2: acc=0.5250±0.0500  bal_acc=0.5250±0.0500
[2026-05-30 10:43:15] \nSubject 3: 40 windows | class_counts=[20, 20]

[2026-05-30 10:43:15] Fold 1/5 | subject=3
[2026-05-30 10:43:15]     Train: 32 | counts=[16, 16]
[2026-05-30 10:43:15]     Test:  8 | counts=[4, 4]
[2026-05-30 10:43:15]     Model: SignalJEPA_PreLocal | Pretrained: from_pretrained | Strategy: new
[2026-05-30 10:43:15]     Normalization: none | fit_scope=none
[2026-05-30 10:43:15]     Phase 1 (new): 2,170/16,010 params
[2026-05-30 10:43:18]     Result | best_epoch=156 | stop=206 | final_phase_epochs=206 | acc=0.6250 | bal_acc=0.6250 | pred_hist=[5, 3] | collapse=False
[2026-05-30 10:43:18]     spatial_conv=[4, 29] top_abs_channels=[('Pz', 0.19896153), ('C4', 0.1366578), ('Fz', 0.13505819), ('P4', 0.13343301), ('Cz', 0.13100262), ('CP4', 0.11758589), ('Oz', 0.11435273), ('T3', 0.11220303)]
[2026-05-30 10:43:18]     spatial_update=delta_l2=0.98941331 max_abs=0.26092850 relative=0.82901597 changed=True

[2026-05-30 10:43:18] Fold 2/5 | subject=3
[2026-05-30 10:43:18]     Train: 32 | counts=[16, 16]
[2026-05-30 10:43:18]     Test:  8 | counts=[4, 4]
[2026-05-30 10:43:18]     Model: SignalJEPA_PreLocal | Pretrained: from_pretrained | Strategy: new
[2026-05-30 10:43:18]     Normalization: none | fit_scope=none
[2026-05-30 10:43:18]     Phase 1 (new): 2,170/16,010 params
[2026-05-30 10:43:20]     Result | best_epoch=93 | stop=143 | final_phase_epochs=143 | acc=0.3750 | bal_acc=0.3750 | pred_hist=[5, 3] | collapse=False
[2026-05-30 10:43:20]     spatial_conv=[4, 29] top_abs_channels=[('Pz', 0.15805325), ('C3', 0.1526354), ('P4', 0.15122202), ('T5', 0.13339494), ('CP4', 0.13226737), ('O2', 0.12901345), ('T4', 0.12859333), ('CP3', 0.11447721)]
[2026-05-30 10:43:20]     spatial_update=delta_l2=0.71338368 max_abs=0.21223671 relative=0.59773449 changed=True

[2026-05-30 10:43:21] Fold 3/5 | subject=3
[2026-05-30 10:43:21]     Train: 32 | counts=[16, 16]
[2026-05-30 10:43:21]     Test:  8 | counts=[4, 4]
[2026-05-30 10:43:21]     Model: SignalJEPA_PreLocal | Pretrained: from_pretrained | Strategy: new
[2026-05-30 10:43:21]     Normalization: none | fit_scope=none
[2026-05-30 10:43:21]     Phase 1 (new): 2,170/16,010 params
[2026-05-30 10:43:22]     Result | best_epoch=22 | stop=70 | final_phase_epochs=70 | acc=0.6250 | bal_acc=0.6250 | pred_hist=[5, 3] | collapse=False
[2026-05-30 10:43:22]     spatial_conv=[4, 29] top_abs_channels=[('Pz', 0.16307616), ('O2', 0.15889367), ('T3', 0.12368123), ('CP3', 0.11787555), ('P4', 0.11737762), ('O1', 0.11233971), ('CP4', 0.11137308), ('C3', 0.11117889)]
[2026-05-30 10:43:22]     spatial_update=delta_l2=0.19970937 max_abs=0.04618413 relative=0.16733376 changed=True

[2026-05-30 10:43:22] Fold 4/5 | subject=3
[2026-05-30 10:43:22]     Train: 32 | counts=[16, 16]
[2026-05-30 10:43:22]     Test:  8 | counts=[4, 4]
[2026-05-30 10:43:22]     Model: SignalJEPA_PreLocal | Pretrained: from_pretrained | Strategy: new
[2026-05-30 10:43:22]     Normalization: none | fit_scope=none
[2026-05-30 10:43:22]     Phase 1 (new): 2,170/16,010 params
[2026-05-30 10:43:25]     Result | best_epoch=101 | stop=151 | final_phase_epochs=151 | acc=0.8750 | bal_acc=0.8750 | pred_hist=[5, 3] | collapse=False
[2026-05-30 10:43:25]     spatial_conv=[4, 29] top_abs_channels=[('Pz', 0.17625786), ('P4', 0.16981488), ('Oz', 0.14835532), ('TP7', 0.13975807), ('CP4', 0.1280873), ('O2', 0.12146065), ('P3', 0.11922708), ('T6', 0.10546637)]
[2026-05-30 10:43:25]     spatial_update=delta_l2=0.71938002 max_abs=0.16126656 relative=0.60275874 changed=True

[2026-05-30 10:43:25] Fold 5/5 | subject=3
[2026-05-30 10:43:25]     Train: 32 | counts=[16, 16]
[2026-05-30 10:43:25]     Test:  8 | counts=[4, 4]
[2026-05-30 10:43:25]     Model: SignalJEPA_PreLocal | Pretrained: from_pretrained | Strategy: new
[2026-05-30 10:43:25]     Normalization: none | fit_scope=none
[2026-05-30 10:43:25]     Phase 1 (new): 2,170/16,010 params
[2026-05-30 10:43:28]     Result | best_epoch=160 | stop=210 | final_phase_epochs=210 | acc=0.6250 | bal_acc=0.6250 | pred_hist=[7, 1] | collapse=False
[2026-05-30 10:43:28]     spatial_conv=[4, 29] top_abs_channels=[('T3', 0.1823066), ('CP3', 0.17908117), ('Pz', 0.1471412), ('Fz', 0.14190602), ('C3', 0.13590266), ('C4', 0.13313258), ('T6', 0.12913749), ('TP7', 0.1237915)]
[2026-05-30 10:43:28]     spatial_update=delta_l2=0.94986565 max_abs=0.21329527 relative=0.79587952 changed=True
[2026-05-30 10:43:28]   Subject 3: acc=0.6250±0.1581  bal_acc=0.6250±0.1581
[2026-05-30 10:43:28] \nSubject 4: 40 windows | class_counts=[20, 20]

[2026-05-30 10:43:29] Fold 1/5 | subject=4
[2026-05-30 10:43:29]     Train: 32 | counts=[16, 16]
[2026-05-30 10:43:29]     Test:  8 | counts=[4, 4]
[2026-05-30 10:43:29]     Model: SignalJEPA_PreLocal | Pretrained: from_pretrained | Strategy: new
[2026-05-30 10:43:29]     Normalization: none | fit_scope=none
[2026-05-30 10:43:29]     Phase 1 (new): 2,170/16,010 params
[2026-05-30 10:43:29]     Result | best_epoch=1 | stop=51 | final_phase_epochs=51 | acc=0.5000 | bal_acc=0.5000 | pred_hist=[0, 8] | collapse=True
[2026-05-30 10:43:29]     spatial_conv=[4, 29] top_abs_channels=[('Pz', 0.15336946), ('O2', 0.14342055), ('T3', 0.12652943), ('O1', 0.12310756), ('T4', 0.1213209), ('CP3', 0.12120615), ('C3', 0.11493893), ('CP4', 0.11091164)]
[2026-05-30 10:43:29]     spatial_update=delta_l2=0.01264196 max_abs=0.00211396 relative=0.01059253 changed=True

[2026-05-30 10:43:30] Fold 2/5 | subject=4
[2026-05-30 10:43:30]     Train: 32 | counts=[16, 16]
[2026-05-30 10:43:30]     Test:  8 | counts=[4, 4]
[2026-05-30 10:43:30]     Model: SignalJEPA_PreLocal | Pretrained: from_pretrained | Strategy: new
[2026-05-30 10:43:30]     Normalization: none | fit_scope=none
[2026-05-30 10:43:30]     Phase 1 (new): 2,170/16,010 params
[2026-05-30 10:43:33]     Result | best_epoch=214 | stop=264 | final_phase_epochs=264 | acc=0.6250 | bal_acc=0.6250 | pred_hist=[3, 5] | collapse=False
[2026-05-30 10:43:33]     spatial_conv=[4, 29] top_abs_channels=[('Fz', 0.17889568), ('O2', 0.16688094), ('FC4', 0.14985317), ('CP3', 0.1491961), ('C3', 0.1230615), ('T4', 0.12267415), ('P4', 0.12236273), ('FC3', 0.12144113)]
[2026-05-30 10:43:33]     spatial_update=delta_l2=0.88404184 max_abs=0.25076918 relative=0.74072664 changed=True

[2026-05-30 10:43:34] Fold 3/5 | subject=4
[2026-05-30 10:43:34]     Train: 32 | counts=[16, 16]
[2026-05-30 10:43:34]     Test:  8 | counts=[4, 4]
[2026-05-30 10:43:34]     Model: SignalJEPA_PreLocal | Pretrained: from_pretrained | Strategy: new
[2026-05-30 10:43:34]     Normalization: none | fit_scope=none
[2026-05-30 10:43:34]     Phase 1 (new): 2,170/16,010 params
[2026-05-30 10:44:00]     Result | best_epoch=1789 | stop=1839 | final_phase_epochs=1839 | acc=0.6250 | bal_acc=0.6250 | pred_hist=[3, 5] | collapse=False
[2026-05-30 10:44:00]     spatial_conv=[4, 29] top_abs_channels=[('T6', 0.19024864), ('C4', 0.18992078), ('C3', 0.1775008), ('CP4', 0.15620354), ('P3', 0.15490785), ('FCz', 0.12934697), ('FT7', 0.12303717), ('Cz', 0.11900798)]
[2026-05-30 10:44:00]     spatial_update=delta_l2=1.39937960 max_abs=0.32887915 relative=1.17252114 changed=True

[2026-05-30 10:44:00] Fold 4/5 | subject=4
[2026-05-30 10:44:00]     Train: 32 | counts=[16, 16]
[2026-05-30 10:44:00]     Test:  8 | counts=[4, 4]
[2026-05-30 10:44:00]     Model: SignalJEPA_PreLocal | Pretrained: from_pretrained | Strategy: new
[2026-05-30 10:44:00]     Normalization: none | fit_scope=none
[2026-05-30 10:44:00]     Phase 1 (new): 2,170/16,010 params
[2026-05-30 10:44:05]     Result | best_epoch=316 | stop=366 | final_phase_epochs=366 | acc=0.6250 | bal_acc=0.6250 | pred_hist=[5, 3] | collapse=False
[2026-05-30 10:44:05]     spatial_conv=[4, 29] top_abs_channels=[('FC4', 0.23361094), ('Pz', 0.16583382), ('Fz', 0.14017579), ('P4', 0.13404381), ('CP4', 0.12984422), ('C3', 0.12271876), ('C4', 0.12187745), ('Oz', 0.11075206)]
[2026-05-30 10:44:05]     spatial_update=delta_l2=0.98792619 max_abs=0.42089664 relative=0.82776992 changed=True

[2026-05-30 10:44:06] Fold 5/5 | subject=4
[2026-05-30 10:44:06]     Train: 32 | counts=[16, 16]
[2026-05-30 10:44:06]     Test:  8 | counts=[4, 4]
[2026-05-30 10:44:06]     Model: SignalJEPA_PreLocal | Pretrained: from_pretrained | Strategy: new
[2026-05-30 10:44:06]     Normalization: none | fit_scope=none
[2026-05-30 10:44:06]     Phase 1 (new): 2,170/16,010 params
[2026-05-30 10:44:07]     Result | best_epoch=1 | stop=51 | final_phase_epochs=51 | acc=0.5000 | bal_acc=0.5000 | pred_hist=[2, 6] | collapse=False
[2026-05-30 10:44:07]     spatial_conv=[4, 29] top_abs_channels=[('Pz', 0.15281923), ('O2', 0.14288287), ('T3', 0.12610517), ('O1', 0.12322625), ('CP3', 0.12185397), ('T4', 0.12174489), ('C3', 0.11518838), ('CP4', 0.11208702)]
[2026-05-30 10:44:07]     spatial_update=delta_l2=0.01432057 max_abs=0.00238377 relative=0.01199901 changed=True
[2026-05-30 10:44:07]   Subject 4: acc=0.5750±0.0612  bal_acc=0.5750±0.0612
[2026-05-30 10:44:07] \nSubject 5: 40 windows | class_counts=[20, 20]

[2026-05-30 10:44:07] Fold 1/5 | subject=5
[2026-05-30 10:44:07]     Train: 32 | counts=[16, 16]
[2026-05-30 10:44:07]     Test:  8 | counts=[4, 4]
[2026-05-30 10:44:07]     Model: SignalJEPA_PreLocal | Pretrained: from_pretrained | Strategy: new
[2026-05-30 10:44:07]     Normalization: none | fit_scope=none
[2026-05-30 10:44:07]     Phase 1 (new): 2,170/16,010 params
[2026-05-30 10:44:08]     Result | best_epoch=1 | stop=51 | final_phase_epochs=51 | acc=0.5000 | bal_acc=0.5000 | pred_hist=[0, 8] | collapse=True
[2026-05-30 10:44:08]     spatial_conv=[4, 29] top_abs_channels=[('Pz', 0.15328698), ('O2', 0.14438413), ('T3', 0.12631966), ('O1', 0.12267084), ('T4', 0.12203693), ('CP3', 0.12130292), ('C3', 0.11561164), ('CP4', 0.11095539)]
[2026-05-30 10:44:08]     spatial_update=delta_l2=0.01200734 max_abs=0.00231093 relative=0.01006079 changed=True

[2026-05-30 10:44:09] Fold 2/5 | subject=5
[2026-05-30 10:44:09]     Train: 32 | counts=[16, 16]
[2026-05-30 10:44:09]     Test:  8 | counts=[4, 4]
[2026-05-30 10:44:09]     Model: SignalJEPA_PreLocal | Pretrained: from_pretrained | Strategy: new
[2026-05-30 10:44:09]     Normalization: none | fit_scope=none
[2026-05-30 10:44:09]     Phase 1 (new): 2,170/16,010 params
[2026-05-30 10:44:09]     Result | best_epoch=1 | stop=51 | final_phase_epochs=51 | acc=0.5000 | bal_acc=0.5000 | pred_hist=[0, 8] | collapse=True
[2026-05-30 10:44:09]     spatial_conv=[4, 29] top_abs_channels=[('Pz', 0.15226394), ('O2', 0.143742), ('T3', 0.12718943), ('T4', 0.12290549), ('O1', 0.1218352), ('CP3', 0.12013693), ('C3', 0.11543509), ('CP4', 0.11069333)]
[2026-05-30 10:44:09]     spatial_update=delta_l2=0.01180066 max_abs=0.00229714 relative=0.00988761 changed=True

[2026-05-30 10:44:10] Fold 3/5 | subject=5
[2026-05-30 10:44:10]     Train: 32 | counts=[16, 16]
[2026-05-30 10:44:10]     Test:  8 | counts=[4, 4]
[2026-05-30 10:44:10]     Model: SignalJEPA_PreLocal | Pretrained: from_pretrained | Strategy: new
[2026-05-30 10:44:10]     Normalization: none | fit_scope=none
[2026-05-30 10:44:10]     Phase 1 (new): 2,170/16,010 params
[2026-05-30 10:44:52]     Result | best_epoch=2991 | stop=3041 | final_phase_epochs=3041 | acc=0.5000 | bal_acc=0.5000 | pred_hist=[2, 6] | collapse=False
[2026-05-30 10:44:52]     spatial_conv=[4, 29] top_abs_channels=[('T4', 0.17039973), ('CP4', 0.14140417), ('TP8', 0.12870634), ('FCz', 0.11767761), ('T3', 0.11734006), ('F4', 0.11460081), ('Pz', 0.11238143), ('P3', 0.11217487)]
[2026-05-30 10:44:52]     spatial_update=delta_l2=1.18150945 max_abs=0.36838321 relative=0.98997071 changed=True

[2026-05-30 10:44:53] Fold 4/5 | subject=5
[2026-05-30 10:44:53]     Train: 32 | counts=[16, 16]
[2026-05-30 10:44:53]     Test:  8 | counts=[4, 4]
[2026-05-30 10:44:53]     Model: SignalJEPA_PreLocal | Pretrained: from_pretrained | Strategy: new
[2026-05-30 10:44:53]     Normalization: none | fit_scope=none
[2026-05-30 10:44:53]     Phase 1 (new): 2,170/16,010 params
[2026-05-30 10:44:54]     Result | best_epoch=58 | stop=99 | final_phase_epochs=99 | acc=0.8750 | bal_acc=0.8750 | pred_hist=[5, 3] | collapse=False
[2026-05-30 10:44:54]     spatial_conv=[4, 29] top_abs_channels=[('O2', 0.16082782), ('Pz', 0.13939437), ('T4', 0.13024855), ('CP4', 0.1266128), ('Fp1', 0.12337001), ('C4', 0.11755315), ('T3', 0.11439858), ('T5', 0.11401275)]
[2026-05-30 10:44:54]     spatial_update=delta_l2=0.48834469 max_abs=0.11055210 relative=0.40917738 changed=True

[2026-05-30 10:44:55] Fold 5/5 | subject=5
[2026-05-30 10:44:55]     Train: 32 | counts=[16, 16]
[2026-05-30 10:44:55]     Test:  8 | counts=[4, 4]
[2026-05-30 10:44:55]     Model: SignalJEPA_PreLocal | Pretrained: from_pretrained | Strategy: new
[2026-05-30 10:44:55]     Normalization: none | fit_scope=none
[2026-05-30 10:44:55]     Phase 1 (new): 2,170/16,010 params
[2026-05-30 10:44:58]     Result | best_epoch=178 | stop=213 | final_phase_epochs=213 | acc=0.3750 | bal_acc=0.3750 | pred_hist=[5, 3] | collapse=False
[2026-05-30 10:44:58]     spatial_conv=[4, 29] top_abs_channels=[('T3', 0.18665247), ('TP8', 0.1823141), ('Fp1', 0.14938478), ('T5', 0.1351977), ('F8', 0.12766615), ('F7', 0.12513337), ('C4', 0.12049177), ('FCz', 0.11434272)]
[2026-05-30 10:44:58]     spatial_update=delta_l2=0.89969824 max_abs=0.23565389 relative=0.75384492 changed=True
[2026-05-30 10:44:58]   Subject 5: acc=0.5500±0.1696  bal_acc=0.5500±0.1696
[2026-05-30 10:44:58] \nSubject 6: 40 windows | class_counts=[20, 20]

[2026-05-30 10:44:58] Fold 1/5 | subject=6
[2026-05-30 10:44:58]     Train: 32 | counts=[16, 16]
[2026-05-30 10:44:58]     Test:  8 | counts=[4, 4]
[2026-05-30 10:44:58]     Model: SignalJEPA_PreLocal | Pretrained: from_pretrained | Strategy: new
[2026-05-30 10:44:58]     Normalization: none | fit_scope=none
[2026-05-30 10:44:58]     Phase 1 (new): 2,170/16,010 params
[2026-05-30 10:44:59]     Result | best_epoch=1 | stop=51 | final_phase_epochs=51 | acc=0.5000 | bal_acc=0.5000 | pred_hist=[0, 8] | collapse=True
[2026-05-30 10:44:59]     spatial_conv=[4, 29] top_abs_channels=[('Pz', 0.15256475), ('O2', 0.14418831), ('T3', 0.12699766), ('O1', 0.12157103), ('T4', 0.12150904), ('CP3', 0.12139649), ('C3', 0.11576418), ('CP4', 0.11096971)]
[2026-05-30 10:44:59]     spatial_update=delta_l2=0.01105964 max_abs=0.00210965 relative=0.00926672 changed=True

[2026-05-30 10:44:59] Fold 2/5 | subject=6
[2026-05-30 10:44:59]     Train: 32 | counts=[16, 16]
[2026-05-30 10:44:59]     Test:  8 | counts=[4, 4]
[2026-05-30 10:44:59]     Model: SignalJEPA_PreLocal | Pretrained: from_pretrained | Strategy: new
[2026-05-30 10:44:59]     Normalization: none | fit_scope=none
[2026-05-30 10:44:59]     Phase 1 (new): 2,170/16,010 params
[2026-05-30 10:45:00]     Result | best_epoch=3 | stop=51 | final_phase_epochs=51 | acc=0.6250 | bal_acc=0.6250 | pred_hist=[1, 7] | collapse=False
[2026-05-30 10:45:00]     spatial_conv=[4, 29] top_abs_channels=[('Pz', 0.15338282), ('O2', 0.14417562), ('T3', 0.1279242), ('O1', 0.12157472), ('T4', 0.12148343), ('CP3', 0.12068536), ('C3', 0.11575118), ('CP4', 0.11083604)]
[2026-05-30 10:45:00]     spatial_update=delta_l2=0.01197815 max_abs=0.00223382 relative=0.01003633 changed=True

[2026-05-30 10:45:01] Fold 3/5 | subject=6
[2026-05-30 10:45:01]     Train: 32 | counts=[16, 16]
[2026-05-30 10:45:01]     Test:  8 | counts=[4, 4]
[2026-05-30 10:45:01]     Model: SignalJEPA_PreLocal | Pretrained: from_pretrained | Strategy: new
[2026-05-30 10:45:01]     Normalization: none | fit_scope=none
[2026-05-30 10:45:01]     Phase 1 (new): 2,170/16,010 params
[2026-05-30 10:45:01]     Result | best_epoch=1 | stop=51 | final_phase_epochs=51 | acc=0.6250 | bal_acc=0.6250 | pred_hist=[1, 7] | collapse=False
[2026-05-30 10:45:01]     spatial_conv=[4, 29] top_abs_channels=[('Pz', 0.15411517), ('O2', 0.14413644), ('T3', 0.12695235), ('T4', 0.1219973), ('O1', 0.12162763), ('CP3', 0.12051046), ('C3', 0.11468841), ('CP4', 0.11132066)]
[2026-05-30 10:45:01]     spatial_update=delta_l2=0.01271650 max_abs=0.00222628 relative=0.01065499 changed=True

[2026-05-30 10:45:02] Fold 4/5 | subject=6
[2026-05-30 10:45:02]     Train: 32 | counts=[16, 16]
[2026-05-30 10:45:02]     Test:  8 | counts=[4, 4]
[2026-05-30 10:45:02]     Model: SignalJEPA_PreLocal | Pretrained: from_pretrained | Strategy: new
[2026-05-30 10:45:02]     Normalization: none | fit_scope=none
[2026-05-30 10:45:02]     Phase 1 (new): 2,170/16,010 params
[2026-05-30 10:45:03]     Result | best_epoch=13 | stop=63 | final_phase_epochs=63 | acc=0.2500 | bal_acc=0.2500 | pred_hist=[4, 4] | collapse=False
[2026-05-30 10:45:03]     spatial_conv=[4, 29] top_abs_channels=[('Pz', 0.14777318), ('O2', 0.14551361), ('T3', 0.13056567), ('T4', 0.11983301), ('C3', 0.11872795), ('CP3', 0.11776984), ('P3', 0.11772732), ('O1', 0.1137267)]
[2026-05-30 10:45:03]     spatial_update=delta_l2=0.13031578 max_abs=0.02662988 relative=0.10918982 changed=True

[2026-05-30 10:45:03] Fold 5/5 | subject=6
[2026-05-30 10:45:03]     Train: 32 | counts=[16, 16]
[2026-05-30 10:45:03]     Test:  8 | counts=[4, 4]
[2026-05-30 10:45:03]     Model: SignalJEPA_PreLocal | Pretrained: from_pretrained | Strategy: new
[2026-05-30 10:45:03]     Normalization: none | fit_scope=none
[2026-05-30 10:45:03]     Phase 1 (new): 2,170/16,010 params
[2026-05-30 10:45:04]     Result | best_epoch=22 | stop=67 | final_phase_epochs=67 | acc=0.3750 | bal_acc=0.3750 | pred_hist=[7, 1] | collapse=False
[2026-05-30 10:45:04]     spatial_conv=[4, 29] top_abs_channels=[('Pz', 0.15651245), ('O2', 0.14215218), ('T3', 0.1275637), ('O1', 0.12216667), ('P3', 0.11858476), ('Fp1', 0.11730032), ('T4', 0.11725715), ('CP3', 0.11681272)]
[2026-05-30 10:45:04]     spatial_update=delta_l2=0.14863519 max_abs=0.03765071 relative=0.12453940 changed=True
[2026-05-30 10:45:04]   Subject 6: acc=0.4750±0.1458  bal_acc=0.4750±0.1458
[2026-05-30 10:45:04] \nSubject 7: 40 windows | class_counts=[20, 20]

[2026-05-30 10:45:05] Fold 1/5 | subject=7
[2026-05-30 10:45:05]     Train: 32 | counts=[16, 16]
[2026-05-30 10:45:05]     Test:  8 | counts=[4, 4]
[2026-05-30 10:45:05]     Model: SignalJEPA_PreLocal | Pretrained: from_pretrained | Strategy: new
[2026-05-30 10:45:05]     Normalization: none | fit_scope=none
[2026-05-30 10:45:05]     Phase 1 (new): 2,170/16,010 params
[2026-05-30 10:45:15]     Result | best_epoch=693 | stop=743 | final_phase_epochs=743 | acc=0.3750 | bal_acc=0.3750 | pred_hist=[3, 5] | collapse=False
[2026-05-30 10:45:15]     spatial_conv=[4, 29] top_abs_channels=[('P3', 0.23816246), ('CP3', 0.18335742), ('T5', 0.17712513), ('Cz', 0.16905896), ('T3', 0.12802851), ('TP7', 0.1142752), ('FC4', 0.11134505), ('F4', 0.110617)]
[2026-05-30 10:45:15]     spatial_update=delta_l2=1.40394119 max_abs=0.41844594 relative=1.17634324 changed=True

[2026-05-30 10:45:16] Fold 2/5 | subject=7
[2026-05-30 10:45:16]     Train: 32 | counts=[16, 16]
[2026-05-30 10:45:16]     Test:  8 | counts=[4, 4]
[2026-05-30 10:45:16]     Model: SignalJEPA_PreLocal | Pretrained: from_pretrained | Strategy: new
[2026-05-30 10:45:16]     Normalization: none | fit_scope=none
[2026-05-30 10:45:16]     Phase 1 (new): 2,170/16,010 params
[2026-05-30 10:45:18]     Result | best_epoch=141 | stop=191 | final_phase_epochs=191 | acc=0.5000 | bal_acc=0.5000 | pred_hist=[2, 6] | collapse=False
[2026-05-30 10:45:18]     spatial_conv=[4, 29] top_abs_channels=[('F8', 0.14881231), ('FT8', 0.13601343), ('O1', 0.11632034), ('CP4', 0.11629905), ('O2', 0.11574242), ('TP8', 0.11412706), ('F7', 0.10890333), ('T3', 0.10845184)]
[2026-05-30 10:45:18]     spatial_update=delta_l2=0.78011401 max_abs=0.18178154 relative=0.65364692 changed=True

[2026-05-30 10:45:19] Fold 3/5 | subject=7
[2026-05-30 10:45:19]     Train: 32 | counts=[16, 16]
[2026-05-30 10:45:19]     Test:  8 | counts=[4, 4]
[2026-05-30 10:45:19]     Model: SignalJEPA_PreLocal | Pretrained: from_pretrained | Strategy: new
[2026-05-30 10:45:19]     Normalization: none | fit_scope=none
[2026-05-30 10:45:19]     Phase 1 (new): 2,170/16,010 params
[2026-05-30 10:45:23]     Result | best_epoch=267 | stop=317 | final_phase_epochs=317 | acc=0.3750 | bal_acc=0.3750 | pred_hist=[3, 5] | collapse=False
[2026-05-30 10:45:23]     spatial_conv=[4, 29] top_abs_channels=[('O2', 0.15798089), ('CP3', 0.15011874), ('F4', 0.13675618), ('FT8', 0.12765673), ('Fz', 0.11736654), ('TP8', 0.11409552), ('CP4', 0.11249696), ('Pz', 0.11155762)]
[2026-05-30 10:45:23]     spatial_update=delta_l2=0.90889468 max_abs=0.19908316 relative=0.76155050 changed=True

[2026-05-30 10:45:24] Fold 4/5 | subject=7
[2026-05-30 10:45:24]     Train: 32 | counts=[16, 16]
[2026-05-30 10:45:24]     Test:  8 | counts=[4, 4]
[2026-05-30 10:45:24]     Model: SignalJEPA_PreLocal | Pretrained: from_pretrained | Strategy: new
[2026-05-30 10:45:24]     Normalization: none | fit_scope=none
[2026-05-30 10:45:24]     Phase 1 (new): 2,170/16,010 params
[2026-05-30 10:45:27]     Result | best_epoch=181 | stop=231 | final_phase_epochs=231 | acc=0.1250 | bal_acc=0.1250 | pred_hist=[3, 5] | collapse=False
[2026-05-30 10:45:27]     spatial_conv=[4, 29] top_abs_channels=[('T3', 0.17869209), ('O2', 0.13145164), ('Fp1', 0.12652341), ('C4', 0.12430508), ('FT8', 0.11569074), ('TP7', 0.11234449), ('Fz', 0.11160708), ('C3', 0.10948794)]
[2026-05-30 10:45:27]     spatial_update=delta_l2=0.89257611 max_abs=0.22561797 relative=0.74787739 changed=True

[2026-05-30 10:45:27] Fold 5/5 | subject=7
[2026-05-30 10:45:27]     Train: 32 | counts=[16, 16]
[2026-05-30 10:45:27]     Test:  8 | counts=[4, 4]
[2026-05-30 10:45:27]     Model: SignalJEPA_PreLocal | Pretrained: from_pretrained | Strategy: new
[2026-05-30 10:45:27]     Normalization: none | fit_scope=none
[2026-05-30 10:45:27]     Phase 1 (new): 2,170/16,010 params
[2026-05-30 10:45:29]     Result | best_epoch=88 | stop=136 | final_phase_epochs=136 | acc=0.5000 | bal_acc=0.5000 | pred_hist=[4, 4] | collapse=False
[2026-05-30 10:45:29]     spatial_conv=[4, 29] top_abs_channels=[('O2', 0.15522847), ('Pz', 0.14736223), ('T3', 0.14411291), ('CP3', 0.14295501), ('F8', 0.12312463), ('FT8', 0.11317906), ('F3', 0.11239802), ('CP4', 0.11158625)]
[2026-05-30 10:45:29]     spatial_update=delta_l2=0.59433174 max_abs=0.15240872 relative=0.49798248 changed=True
[2026-05-30 10:45:29]   Subject 7: acc=0.3750±0.1369  bal_acc=0.3750±0.1369
[2026-05-30 10:45:29] \nSubject 8: 40 windows | class_counts=[20, 20]

[2026-05-30 10:45:30] Fold 1/5 | subject=8
[2026-05-30 10:45:30]     Train: 32 | counts=[16, 16]
[2026-05-30 10:45:30]     Test:  8 | counts=[4, 4]
[2026-05-30 10:45:30]     Model: SignalJEPA_PreLocal | Pretrained: from_pretrained | Strategy: new
[2026-05-30 10:45:30]     Normalization: none | fit_scope=none
[2026-05-30 10:45:30]     Phase 1 (new): 2,170/16,010 params
[2026-05-30 10:45:32]     Result | best_epoch=75 | stop=125 | final_phase_epochs=125 | acc=0.6250 | bal_acc=0.6250 | pred_hist=[5, 3] | collapse=False
[2026-05-30 10:45:32]     spatial_conv=[4, 29] top_abs_channels=[('CP3', 0.17400749), ('TP7', 0.15810683), ('Pz', 0.12567325), ('Fp2', 0.11727709), ('O1', 0.11667729), ('O2', 0.11486185), ('C3', 0.11308596), ('Fz', 0.11216419)]
[2026-05-30 10:45:32]     spatial_update=delta_l2=0.52436096 max_abs=0.14079328 relative=0.43935492 changed=True

[2026-05-30 10:45:32] Fold 2/5 | subject=8
[2026-05-30 10:45:32]     Train: 32 | counts=[16, 16]
[2026-05-30 10:45:32]     Test:  8 | counts=[4, 4]
[2026-05-30 10:45:32]     Model: SignalJEPA_PreLocal | Pretrained: from_pretrained | Strategy: new
[2026-05-30 10:45:32]     Normalization: none | fit_scope=none
[2026-05-30 10:45:32]     Phase 1 (new): 2,170/16,010 params
[2026-05-30 10:45:36]     Result | best_epoch=267 | stop=317 | final_phase_epochs=317 | acc=0.7500 | bal_acc=0.7500 | pred_hist=[2, 6] | collapse=False
[2026-05-30 10:45:36]     spatial_conv=[4, 29] top_abs_channels=[('O1', 0.17536658), ('Fp2', 0.14116743), ('Fz', 0.13379243), ('Cz', 0.13296835), ('TP8', 0.12828727), ('P4', 0.11903606), ('C4', 0.11786583), ('Oz', 0.11721248)]
[2026-05-30 10:45:36]     spatial_update=delta_l2=1.08773914 max_abs=0.32618143 relative=0.91140184 changed=True

[2026-05-30 10:45:37] Fold 3/5 | subject=8
[2026-05-30 10:45:37]     Train: 32 | counts=[16, 16]
[2026-05-30 10:45:37]     Test:  8 | counts=[4, 4]
[2026-05-30 10:45:37]     Model: SignalJEPA_PreLocal | Pretrained: from_pretrained | Strategy: new
[2026-05-30 10:45:37]     Normalization: none | fit_scope=none
[2026-05-30 10:45:37]     Phase 1 (new): 2,170/16,010 params
[2026-05-30 10:45:38]     Result | best_epoch=16 | stop=66 | final_phase_epochs=66 | acc=0.8750 | bal_acc=0.8750 | pred_hist=[5, 3] | collapse=False
[2026-05-30 10:45:38]     spatial_conv=[4, 29] top_abs_channels=[('Pz', 0.15444468), ('O2', 0.15072112), ('O1', 0.12812641), ('CP3', 0.12655416), ('T3', 0.12279231), ('Fz', 0.11787215), ('T4', 0.11555234), ('Fp1', 0.11336144)]
[2026-05-30 10:45:38]     spatial_update=delta_l2=0.17319107 max_abs=0.03681633 relative=0.14511444 changed=True

[2026-05-30 10:45:38] Fold 4/5 | subject=8
[2026-05-30 10:45:38]     Train: 32 | counts=[16, 16]
[2026-05-30 10:45:38]     Test:  8 | counts=[4, 4]
[2026-05-30 10:45:38]     Model: SignalJEPA_PreLocal | Pretrained: from_pretrained | Strategy: new
[2026-05-30 10:45:38]     Normalization: none | fit_scope=none
[2026-05-30 10:45:38]     Phase 1 (new): 2,170/16,010 params
[2026-05-30 10:45:40]     Result | best_epoch=39 | stop=89 | final_phase_epochs=89 | acc=1.0000 | bal_acc=1.0000 | pred_hist=[4, 4] | collapse=False
[2026-05-30 10:45:40]     spatial_conv=[4, 29] top_abs_channels=[('Pz', 0.15623899), ('CP3', 0.15157326), ('O2', 0.12926778), ('TP7', 0.12764777), ('O1', 0.12089472), ('Fz', 0.1143439), ('P4', 0.11275767), ('T4', 0.11238529)]
[2026-05-30 10:45:40]     spatial_update=delta_l2=0.28918942 max_abs=0.08700850 relative=0.24230789 changed=True

[2026-05-30 10:45:40] Fold 5/5 | subject=8
[2026-05-30 10:45:40]     Train: 32 | counts=[16, 16]
[2026-05-30 10:45:40]     Test:  8 | counts=[4, 4]
[2026-05-30 10:45:40]     Model: SignalJEPA_PreLocal | Pretrained: from_pretrained | Strategy: new
[2026-05-30 10:45:40]     Normalization: none | fit_scope=none
[2026-05-30 10:45:40]     Phase 1 (new): 2,170/16,010 params
[2026-05-30 10:45:43]     Result | best_epoch=163 | stop=213 | final_phase_epochs=213 | acc=0.7500 | bal_acc=0.7500 | pred_hist=[4, 4] | collapse=False
[2026-05-30 10:45:43]     spatial_conv=[4, 29] top_abs_channels=[('F7', 0.1969943), ('Fp2', 0.1503661), ('O1', 0.13988309), ('O2', 0.13234811), ('TP7', 0.13214663), ('FCz', 0.12988895), ('Fz', 0.12373264), ('Oz', 0.12217778)]
[2026-05-30 10:45:43]     spatial_update=delta_l2=0.89379069 max_abs=0.19338519 relative=0.74889507 changed=True
[2026-05-30 10:45:43]   Subject 8: acc=0.8000±0.1275  bal_acc=0.8000±0.1275
[2026-05-30 10:45:43] \nSubject 9: 40 windows | class_counts=[20, 20]

[2026-05-30 10:45:44] Fold 1/5 | subject=9
[2026-05-30 10:45:44]     Train: 32 | counts=[16, 16]
[2026-05-30 10:45:44]     Test:  8 | counts=[4, 4]
[2026-05-30 10:45:44]     Model: SignalJEPA_PreLocal | Pretrained: from_pretrained | Strategy: new
[2026-05-30 10:45:44]     Normalization: none | fit_scope=none
[2026-05-30 10:45:44]     Phase 1 (new): 2,170/16,010 params
[2026-05-30 10:45:48]     Result | best_epoch=302 | stop=352 | final_phase_epochs=352 | acc=0.5000 | bal_acc=0.5000 | pred_hist=[4, 4] | collapse=False
[2026-05-30 10:45:48]     spatial_conv=[4, 29] top_abs_channels=[('C4', 0.1909187), ('TP7', 0.14747114), ('F3', 0.14131361), ('CP4', 0.13988584), ('FCz', 0.13224882), ('Cz', 0.11753667), ('Oz', 0.11088271), ('O1', 0.10990331)]
[2026-05-30 10:45:48]     spatial_update=delta_l2=1.01997750 max_abs=0.24473865 relative=0.85462528 changed=True

[2026-05-30 10:45:49] Fold 2/5 | subject=9
[2026-05-30 10:45:49]     Train: 32 | counts=[16, 16]
[2026-05-30 10:45:49]     Test:  8 | counts=[4, 4]
[2026-05-30 10:45:49]     Model: SignalJEPA_PreLocal | Pretrained: from_pretrained | Strategy: new
[2026-05-30 10:45:49]     Normalization: none | fit_scope=none
[2026-05-30 10:45:49]     Phase 1 (new): 2,170/16,010 params
[2026-05-30 10:45:50]     Result | best_epoch=47 | stop=87 | final_phase_epochs=87 | acc=0.3750 | bal_acc=0.3750 | pred_hist=[3, 5] | collapse=False
[2026-05-30 10:45:50]     spatial_conv=[4, 29] top_abs_channels=[('T3', 0.15089749), ('O2', 0.15084247), ('Pz', 0.14148526), ('CP3', 0.13848937), ('T4', 0.12036525), ('CP4', 0.11977462), ('P4', 0.11788581), ('O1', 0.11663979)]
[2026-05-30 10:45:50]     spatial_update=delta_l2=0.26621180 max_abs=0.05946489 relative=0.22305525 changed=True

[2026-05-30 10:45:51] Fold 3/5 | subject=9
[2026-05-30 10:45:51]     Train: 32 | counts=[16, 16]
[2026-05-30 10:45:51]     Test:  8 | counts=[4, 4]
[2026-05-30 10:45:51]     Model: SignalJEPA_PreLocal | Pretrained: from_pretrained | Strategy: new
[2026-05-30 10:45:51]     Normalization: none | fit_scope=none
[2026-05-30 10:45:51]     Phase 1 (new): 2,170/16,010 params
[2026-05-30 10:45:54]     Result | best_epoch=189 | stop=237 | final_phase_epochs=237 | acc=0.3750 | bal_acc=0.3750 | pred_hist=[5, 3] | collapse=False
[2026-05-30 10:45:54]     spatial_conv=[4, 29] top_abs_channels=[('T3', 0.20398235), ('O2', 0.15547109), ('TP8', 0.1184352), ('FCz', 0.11830291), ('CP3', 0.11690301), ('C4', 0.1160806), ('C3', 0.10644828), ('O1', 0.1027956)]
[2026-05-30 10:45:54]     spatial_update=delta_l2=0.76434644 max_abs=0.17375902 relative=0.64043549 changed=True

[2026-05-30 10:45:54] Fold 4/5 | subject=9
[2026-05-30 10:45:54]     Train: 32 | counts=[16, 16]
[2026-05-30 10:45:54]     Test:  8 | counts=[4, 4]
[2026-05-30 10:45:54]     Model: SignalJEPA_PreLocal | Pretrained: from_pretrained | Strategy: new
[2026-05-30 10:45:54]     Normalization: none | fit_scope=none
[2026-05-30 10:45:54]     Phase 1 (new): 2,170/16,010 params
[2026-05-30 10:46:02]     Result | best_epoch=507 | stop=556 | final_phase_epochs=556 | acc=0.3750 | bal_acc=0.3750 | pred_hist=[5, 3] | collapse=False
[2026-05-30 10:46:02]     spatial_conv=[4, 29] top_abs_channels=[('P4', 0.18885237), ('Fz', 0.14993049), ('T5', 0.14075631), ('F4', 0.12890731), ('CP3', 0.12825796), ('TP7', 0.12676443), ('CP4', 0.12202743), ('F3', 0.11344694)]
[2026-05-30 10:46:02]     spatial_update=delta_l2=1.21769402 max_abs=0.32929429 relative=1.02028926 changed=True

[2026-05-30 10:46:03] Fold 5/5 | subject=9
[2026-05-30 10:46:03]     Train: 32 | counts=[16, 16]
[2026-05-30 10:46:03]     Test:  8 | counts=[4, 4]
[2026-05-30 10:46:03]     Model: SignalJEPA_PreLocal | Pretrained: from_pretrained | Strategy: new
[2026-05-30 10:46:03]     Normalization: none | fit_scope=none
[2026-05-30 10:46:03]     Phase 1 (new): 2,170/16,010 params
[2026-05-30 10:46:09]     Result | best_epoch=365 | stop=415 | final_phase_epochs=415 | acc=0.3750 | bal_acc=0.3750 | pred_hist=[3, 5] | collapse=False
[2026-05-30 10:46:09]     spatial_conv=[4, 29] top_abs_channels=[('C4', 0.2207032), ('O2', 0.15568945), ('CP3', 0.14260925), ('P3', 0.14217296), ('T3', 0.13966081), ('Oz', 0.13104318), ('O1', 0.12093484), ('C3', 0.10558045)]
[2026-05-30 10:46:09]     spatial_update=delta_l2=1.13259088 max_abs=0.32315662 relative=0.94898250 changed=True
[2026-05-30 10:46:09]   Subject 9: acc=0.4000±0.0500  bal_acc=0.4000±0.0500
[2026-05-30 10:46:09] \nSubject 10: 40 windows | class_counts=[20, 20]

[2026-05-30 10:46:09] Fold 1/5 | subject=10
[2026-05-30 10:46:09]     Train: 32 | counts=[16, 16]
[2026-05-30 10:46:09]     Test:  8 | counts=[4, 4]
[2026-05-30 10:46:09]     Model: SignalJEPA_PreLocal | Pretrained: from_pretrained | Strategy: new
[2026-05-30 10:46:09]     Normalization: none | fit_scope=none
[2026-05-30 10:46:09]     Phase 1 (new): 2,170/16,010 params
[2026-05-30 10:46:10]     Result | best_epoch=1 | stop=51 | final_phase_epochs=51 | acc=0.5000 | bal_acc=0.5000 | pred_hist=[0, 8] | collapse=True
[2026-05-30 10:46:10]     spatial_conv=[4, 29] top_abs_channels=[('Pz', 0.15323594), ('O2', 0.14374341), ('T3', 0.12579697), ('T4', 0.12280296), ('O1', 0.12228998), ('CP3', 0.12084152), ('C3', 0.11557911), ('CP4', 0.11076261)]
[2026-05-30 10:46:10]     spatial_update=delta_l2=0.01148051 max_abs=0.00230441 relative=0.00961936 changed=True

[2026-05-30 10:46:10] Fold 2/5 | subject=10
[2026-05-30 10:46:10]     Train: 32 | counts=[16, 16]
[2026-05-30 10:46:10]     Test:  8 | counts=[4, 4]
[2026-05-30 10:46:10]     Model: SignalJEPA_PreLocal | Pretrained: from_pretrained | Strategy: new
[2026-05-30 10:46:10]     Normalization: none | fit_scope=none
[2026-05-30 10:46:10]     Phase 1 (new): 2,170/16,010 params
[2026-05-30 10:46:11]     Result | best_epoch=1 | stop=51 | final_phase_epochs=51 | acc=0.5000 | bal_acc=0.5000 | pred_hist=[0, 8] | collapse=True
[2026-05-30 10:46:11]     spatial_conv=[4, 29] top_abs_channels=[('Pz', 0.1530318), ('O2', 0.14458147), ('T3', 0.12597731), ('T4', 0.12292325), ('O1', 0.12160634), ('CP3', 0.12093905), ('C3', 0.11581808), ('CP4', 0.11053402)]
[2026-05-30 10:46:11]     spatial_update=delta_l2=0.01325272 max_abs=0.00230902 relative=0.01110428 changed=True

[2026-05-30 10:46:12] Fold 3/5 | subject=10
[2026-05-30 10:46:12]     Train: 32 | counts=[16, 16]
[2026-05-30 10:46:12]     Test:  8 | counts=[4, 4]
[2026-05-30 10:46:12]     Model: SignalJEPA_PreLocal | Pretrained: from_pretrained | Strategy: new
[2026-05-30 10:46:12]     Normalization: none | fit_scope=none
[2026-05-30 10:46:12]     Phase 1 (new): 2,170/16,010 params
[2026-05-30 10:46:14]     Result | best_epoch=113 | stop=163 | final_phase_epochs=163 | acc=0.3750 | bal_acc=0.3750 | pred_hist=[3, 5] | collapse=False
[2026-05-30 10:46:14]     spatial_conv=[4, 29] top_abs_channels=[('P3', 0.18787163), ('CP3', 0.13920462), ('Fz', 0.13255456), ('Fp1', 0.13159819), ('C4', 0.12966272), ('T6', 0.11708625), ('O2', 0.11655415), ('T3', 0.11294676)]
[2026-05-30 10:46:14]     spatial_update=delta_l2=0.72473313 max_abs=0.19516350 relative=0.60724404 changed=True

[2026-05-30 10:46:14] Fold 4/5 | subject=10
[2026-05-30 10:46:14]     Train: 32 | counts=[16, 16]
[2026-05-30 10:46:14]     Test:  8 | counts=[4, 4]
[2026-05-30 10:46:14]     Model: SignalJEPA_PreLocal | Pretrained: from_pretrained | Strategy: new
[2026-05-30 10:46:14]     Normalization: none | fit_scope=none
[2026-05-30 10:46:14]     Phase 1 (new): 2,170/16,010 params
[2026-05-30 10:46:18]     Result | best_epoch=204 | stop=254 | final_phase_epochs=254 | acc=0.5000 | bal_acc=0.5000 | pred_hist=[4, 4] | collapse=False
[2026-05-30 10:46:18]     spatial_conv=[4, 29] top_abs_channels=[('P3', 0.19852358), ('P4', 0.16026863), ('C3', 0.15022628), ('O2', 0.13839893), ('C4', 0.11365362), ('CP3', 0.1062828), ('Fp1', 0.10620389), ('Pz', 0.10506687)]
[2026-05-30 10:46:18]     spatial_update=delta_l2=0.89860889 max_abs=0.20828826 relative=0.75293218 changed=True

[2026-05-30 10:46:18] Fold 5/5 | subject=10
[2026-05-30 10:46:18]     Train: 32 | counts=[16, 16]
[2026-05-30 10:46:18]     Test:  8 | counts=[4, 4]
[2026-05-30 10:46:18]     Model: SignalJEPA_PreLocal | Pretrained: from_pretrained | Strategy: new
[2026-05-30 10:46:18]     Normalization: none | fit_scope=none
[2026-05-30 10:46:18]     Phase 1 (new): 2,170/16,010 params
[2026-05-30 10:46:19]     Result | best_epoch=1 | stop=51 | final_phase_epochs=51 | acc=0.5000 | bal_acc=0.5000 | pred_hist=[0, 8] | collapse=True
[2026-05-30 10:46:19]     spatial_conv=[4, 29] top_abs_channels=[('Pz', 0.15348378), ('O2', 0.14334875), ('T3', 0.12640077), ('T4', 0.12367864), ('O1', 0.12204816), ('CP3', 0.1214923), ('C3', 0.1152112), ('CP4', 0.11059579)]
[2026-05-30 10:46:19]     spatial_update=delta_l2=0.01280181 max_abs=0.00232217 relative=0.01072646 changed=True
[2026-05-30 10:46:19]   Subject 10: acc=0.4750±0.0500  bal_acc=0.4750±0.0500
[2026-05-30 10:46:19] \nSubject 11: 40 windows | class_counts=[20, 20]

[2026-05-30 10:46:20] Fold 1/5 | subject=11
[2026-05-30 10:46:20]     Train: 32 | counts=[16, 16]
[2026-05-30 10:46:20]     Test:  8 | counts=[4, 4]
[2026-05-30 10:46:20]     Model: SignalJEPA_PreLocal | Pretrained: from_pretrained | Strategy: new
[2026-05-30 10:46:20]     Normalization: none | fit_scope=none
[2026-05-30 10:46:20]     Phase 1 (new): 2,170/16,010 params
[2026-05-30 10:46:22]     Result | best_epoch=99 | stop=149 | final_phase_epochs=149 | acc=0.6250 | bal_acc=0.6250 | pred_hist=[5, 3] | collapse=False
[2026-05-30 10:46:22]     spatial_conv=[4, 29] top_abs_channels=[('O2', 0.18203375), ('CP4', 0.14927478), ('T4', 0.14763881), ('CP3', 0.14590868), ('Fz', 0.1291488), ('P4', 0.12113594), ('FT7', 0.11373545), ('Cz', 0.11029103)]
[2026-05-30 10:46:22]     spatial_update=delta_l2=0.57861644 max_abs=0.14391223 relative=0.48481485 changed=True

[2026-05-30 10:46:22] Fold 2/5 | subject=11
[2026-05-30 10:46:22]     Train: 32 | counts=[16, 16]
[2026-05-30 10:46:22]     Test:  8 | counts=[4, 4]
[2026-05-30 10:46:22]     Model: SignalJEPA_PreLocal | Pretrained: from_pretrained | Strategy: new
[2026-05-30 10:46:22]     Normalization: none | fit_scope=none
[2026-05-30 10:46:22]     Phase 1 (new): 2,170/16,010 params
[2026-05-30 10:46:23]     Result | best_epoch=1 | stop=51 | final_phase_epochs=51 | acc=0.5000 | bal_acc=0.5000 | pred_hist=[0, 8] | collapse=True
[2026-05-30 10:46:23]     spatial_conv=[4, 29] top_abs_channels=[('Pz', 0.15297115), ('O2', 0.14387932), ('T3', 0.12632702), ('O1', 0.12244523), ('T4', 0.12173307), ('CP3', 0.12027936), ('C3', 0.11620921), ('Fp1', 0.11110124)]
[2026-05-30 10:46:23]     spatial_update=delta_l2=0.01282910 max_abs=0.00225582 relative=0.01074933 changed=True

[2026-05-30 10:46:23] Fold 3/5 | subject=11
[2026-05-30 10:46:23]     Train: 32 | counts=[16, 16]
[2026-05-30 10:46:23]     Test:  8 | counts=[4, 4]
[2026-05-30 10:46:23]     Model: SignalJEPA_PreLocal | Pretrained: from_pretrained | Strategy: new
[2026-05-30 10:46:23]     Normalization: none | fit_scope=none
[2026-05-30 10:46:23]     Phase 1 (new): 2,170/16,010 params
[2026-05-30 10:46:25]     Result | best_epoch=102 | stop=152 | final_phase_epochs=152 | acc=0.5000 | bal_acc=0.5000 | pred_hist=[6, 2] | collapse=False
[2026-05-30 10:46:25]     spatial_conv=[4, 29] top_abs_channels=[('O2', 0.16960758), ('CP4', 0.16364397), ('FT8', 0.15219459), ('FCz', 0.14212662), ('T4', 0.13598476), ('P3', 0.13508983), ('Pz', 0.12490678), ('C3', 0.12417065)]
[2026-05-30 10:46:25]     spatial_update=delta_l2=0.62921255 max_abs=0.14102206 relative=0.52720864 changed=True

[2026-05-30 10:46:26] Fold 4/5 | subject=11
[2026-05-30 10:46:26]     Train: 32 | counts=[16, 16]
[2026-05-30 10:46:26]     Test:  8 | counts=[4, 4]
[2026-05-30 10:46:26]     Model: SignalJEPA_PreLocal | Pretrained: from_pretrained | Strategy: new
[2026-05-30 10:46:26]     Normalization: none | fit_scope=none
[2026-05-30 10:46:26]     Phase 1 (new): 2,170/16,010 params
[2026-05-30 10:46:27]     Result | best_epoch=2 | stop=51 | final_phase_epochs=51 | acc=0.5000 | bal_acc=0.5000 | pred_hist=[0, 8] | collapse=True
[2026-05-30 10:46:27]     spatial_conv=[4, 29] top_abs_channels=[('Pz', 0.15260893), ('O2', 0.14562324), ('T3', 0.12652844), ('T4', 0.12246932), ('O1', 0.12169184), ('CP3', 0.12086618), ('C3', 0.11583845), ('CP4', 0.11083173)]
[2026-05-30 10:46:27]     spatial_update=delta_l2=0.01236788 max_abs=0.00209036 relative=0.01036288 changed=True

[2026-05-30 10:46:27] Fold 5/5 | subject=11
[2026-05-30 10:46:27]     Train: 32 | counts=[16, 16]
[2026-05-30 10:46:27]     Test:  8 | counts=[4, 4]
[2026-05-30 10:46:27]     Model: SignalJEPA_PreLocal | Pretrained: from_pretrained | Strategy: new
[2026-05-30 10:46:27]     Normalization: none | fit_scope=none
[2026-05-30 10:46:27]     Phase 1 (new): 2,170/16,010 params
[2026-05-30 10:46:28]     Result | best_epoch=1 | stop=51 | final_phase_epochs=51 | acc=0.5000 | bal_acc=0.5000 | pred_hist=[0, 8] | collapse=True
[2026-05-30 10:46:28]     spatial_conv=[4, 29] top_abs_channels=[('Pz', 0.15279773), ('O2', 0.14484899), ('T3', 0.12653062), ('T4', 0.12170921), ('O1', 0.12136915), ('CP3', 0.12075448), ('C3', 0.11612418), ('CP4', 0.1115007)]
[2026-05-30 10:46:28]     spatial_update=delta_l2=0.01305554 max_abs=0.00211976 relative=0.01093906 changed=True
[2026-05-30 10:46:28]   Subject 11: acc=0.5250±0.0500  bal_acc=0.5250±0.0500
[2026-05-30 10:46:28] \nSubject 12: 40 windows | class_counts=[20, 20]

[2026-05-30 10:46:29] Fold 1/5 | subject=12
[2026-05-30 10:46:29]     Train: 32 | counts=[16, 16]
[2026-05-30 10:46:29]     Test:  8 | counts=[4, 4]
[2026-05-30 10:46:29]     Model: SignalJEPA_PreLocal | Pretrained: from_pretrained | Strategy: new
[2026-05-30 10:46:29]     Normalization: none | fit_scope=none
[2026-05-30 10:46:29]     Phase 1 (new): 2,170/16,010 params
[2026-05-30 10:46:29]     Result | best_epoch=1 | stop=51 | final_phase_epochs=51 | acc=0.5000 | bal_acc=0.5000 | pred_hist=[0, 8] | collapse=True
[2026-05-30 10:46:29]     spatial_conv=[4, 29] top_abs_channels=[('Pz', 0.15302092), ('O2', 0.14467543), ('T3', 0.12597014), ('T4', 0.12212601), ('CP3', 0.12144619), ('O1', 0.12065925), ('C3', 0.11447285), ('CP4', 0.1107422)]
[2026-05-30 10:46:29]     spatial_update=delta_l2=0.01125619 max_abs=0.00227049 relative=0.00943141 changed=True

[2026-05-30 10:46:30] Fold 2/5 | subject=12
[2026-05-30 10:46:30]     Train: 32 | counts=[16, 16]
[2026-05-30 10:46:30]     Test:  8 | counts=[4, 4]
[2026-05-30 10:46:30]     Model: SignalJEPA_PreLocal | Pretrained: from_pretrained | Strategy: new
[2026-05-30 10:46:30]     Normalization: none | fit_scope=none
[2026-05-30 10:46:30]     Phase 1 (new): 2,170/16,010 params
[2026-05-30 10:46:30]     Result | best_epoch=1 | stop=51 | final_phase_epochs=51 | acc=0.5000 | bal_acc=0.5000 | pred_hist=[0, 8] | collapse=True
[2026-05-30 10:46:30]     spatial_conv=[4, 29] top_abs_channels=[('Pz', 0.15289445), ('O2', 0.14454971), ('T3', 0.1263396), ('T4', 0.12232738), ('CP3', 0.12193985), ('O1', 0.12140155), ('C3', 0.11539705), ('CP4', 0.11074092)]
[2026-05-30 10:46:30]     spatial_update=delta_l2=0.01156030 max_abs=0.00209323 relative=0.00968622 changed=True

[2026-05-30 10:46:31] Fold 3/5 | subject=12
[2026-05-30 10:46:31]     Train: 32 | counts=[16, 16]
[2026-05-30 10:46:31]     Test:  8 | counts=[4, 4]
[2026-05-30 10:46:31]     Model: SignalJEPA_PreLocal | Pretrained: from_pretrained | Strategy: new
[2026-05-30 10:46:31]     Normalization: none | fit_scope=none
[2026-05-30 10:46:31]     Phase 1 (new): 2,170/16,010 params
[2026-05-30 10:46:32]     Result | best_epoch=1 | stop=51 | final_phase_epochs=51 | acc=0.5000 | bal_acc=0.5000 | pred_hist=[0, 8] | collapse=True
[2026-05-30 10:46:32]     spatial_conv=[4, 29] top_abs_channels=[('Pz', 0.15335119), ('O2', 0.14452663), ('T3', 0.12643136), ('O1', 0.12179535), ('CP3', 0.1215514), ('T4', 0.12132321), ('C3', 0.11485294), ('CP4', 0.11079376)]
[2026-05-30 10:46:32]     spatial_update=delta_l2=0.01065861 max_abs=0.00231591 relative=0.00893071 changed=True

[2026-05-30 10:46:32] Fold 4/5 | subject=12
[2026-05-30 10:46:32]     Train: 32 | counts=[16, 16]
[2026-05-30 10:46:32]     Test:  8 | counts=[4, 4]
[2026-05-30 10:46:32]     Model: SignalJEPA_PreLocal | Pretrained: from_pretrained | Strategy: new
[2026-05-30 10:46:32]     Normalization: none | fit_scope=none
[2026-05-30 10:46:32]     Phase 1 (new): 2,170/16,010 params
[2026-05-30 10:46:33]     Result | best_epoch=1 | stop=51 | final_phase_epochs=51 | acc=0.5000 | bal_acc=0.5000 | pred_hist=[0, 8] | collapse=True
[2026-05-30 10:46:33]     spatial_conv=[4, 29] top_abs_channels=[('Pz', 0.15378161), ('O2', 0.14422679), ('T3', 0.12572694), ('T4', 0.12244837), ('O1', 0.12218129), ('CP3', 0.12160486), ('C3', 0.11476824), ('CP4', 0.11130952)]
[2026-05-30 10:46:33]     spatial_update=delta_l2=0.01100104 max_abs=0.00226228 relative=0.00921763 changed=True

[2026-05-30 10:46:33] Fold 5/5 | subject=12
[2026-05-30 10:46:33]     Train: 32 | counts=[16, 16]
[2026-05-30 10:46:33]     Test:  8 | counts=[4, 4]
[2026-05-30 10:46:33]     Model: SignalJEPA_PreLocal | Pretrained: from_pretrained | Strategy: new
[2026-05-30 10:46:33]     Normalization: none | fit_scope=none
[2026-05-30 10:46:33]     Phase 1 (new): 2,170/16,010 params
[2026-05-30 10:46:34]     Result | best_epoch=1 | stop=51 | final_phase_epochs=51 | acc=0.5000 | bal_acc=0.5000 | pred_hist=[0, 8] | collapse=True
[2026-05-30 10:46:34]     spatial_conv=[4, 29] top_abs_channels=[('Pz', 0.15396671), ('O2', 0.14488359), ('T3', 0.12592168), ('T4', 0.12236812), ('O1', 0.12172411), ('CP3', 0.12127439), ('C3', 0.115347), ('CP4', 0.11132478)]
[2026-05-30 10:46:34]     spatial_update=delta_l2=0.01089145 max_abs=0.00222885 relative=0.00912580 changed=True
[2026-05-30 10:46:34]   Subject 12: acc=0.5000±0.0000  bal_acc=0.5000±0.0000
[2026-05-30 10:46:34] \nSubject 13: 40 windows | class_counts=[20, 20]

[2026-05-30 10:46:35] Fold 1/5 | subject=13
[2026-05-30 10:46:35]     Train: 32 | counts=[16, 16]
[2026-05-30 10:46:35]     Test:  8 | counts=[4, 4]
[2026-05-30 10:46:35]     Model: SignalJEPA_PreLocal | Pretrained: from_pretrained | Strategy: new
[2026-05-30 10:46:35]     Normalization: none | fit_scope=none
[2026-05-30 10:46:35]     Phase 1 (new): 2,170/16,010 params
[2026-05-30 10:46:35]     Result | best_epoch=1 | stop=51 | final_phase_epochs=51 | acc=0.5000 | bal_acc=0.5000 | pred_hist=[0, 8] | collapse=True
[2026-05-30 10:46:35]     spatial_conv=[4, 29] top_abs_channels=[('Pz', 0.15325998), ('O2', 0.14340743), ('T3', 0.12734969), ('T4', 0.12297414), ('CP3', 0.12172884), ('O1', 0.12158338), ('C3', 0.1158908), ('CP4', 0.11105563)]
[2026-05-30 10:46:35]     spatial_update=delta_l2=0.01441840 max_abs=0.00227843 relative=0.01208098 changed=True

[2026-05-30 10:46:36] Fold 2/5 | subject=13
[2026-05-30 10:46:36]     Train: 32 | counts=[16, 16]
[2026-05-30 10:46:36]     Test:  8 | counts=[4, 4]
[2026-05-30 10:46:36]     Model: SignalJEPA_PreLocal | Pretrained: from_pretrained | Strategy: new
[2026-05-30 10:46:36]     Normalization: none | fit_scope=none
[2026-05-30 10:46:36]     Phase 1 (new): 2,170/16,010 params
[2026-05-30 10:46:37]     Result | best_epoch=5 | stop=55 | final_phase_epochs=55 | acc=0.7500 | bal_acc=0.7500 | pred_hist=[4, 4] | collapse=False
[2026-05-30 10:46:37]     spatial_conv=[4, 29] top_abs_channels=[('Pz', 0.1574147), ('O2', 0.14330685), ('T3', 0.12854205), ('T4', 0.12213011), ('CP3', 0.12112305), ('O1', 0.11824147), ('C3', 0.11663842), ('P3', 0.11201705)]
[2026-05-30 10:46:37]     spatial_update=delta_l2=0.06368505 max_abs=0.01101090 relative=0.05336084 changed=True

[2026-05-30 10:46:37] Fold 3/5 | subject=13
[2026-05-30 10:46:37]     Train: 32 | counts=[16, 16]
[2026-05-30 10:46:37]     Test:  8 | counts=[4, 4]
[2026-05-30 10:46:37]     Model: SignalJEPA_PreLocal | Pretrained: from_pretrained | Strategy: new
[2026-05-30 10:46:37]     Normalization: none | fit_scope=none
[2026-05-30 10:46:37]     Phase 1 (new): 2,170/16,010 params
[2026-05-30 10:46:39]     Result | best_epoch=83 | stop=133 | final_phase_epochs=133 | acc=0.7500 | bal_acc=0.7500 | pred_hist=[4, 4] | collapse=False
[2026-05-30 10:46:39]     spatial_conv=[4, 29] top_abs_channels=[('O2', 0.19688927), ('FCz', 0.17173447), ('Pz', 0.14988449), ('P3', 0.1471571), ('O1', 0.12660149), ('Fz', 0.12323891), ('Fp1', 0.11550967), ('CP4', 0.11333878)]
[2026-05-30 10:46:39]     spatial_update=delta_l2=0.74211389 max_abs=0.18582913 relative=0.62180714 changed=True

[2026-05-30 10:46:39] Fold 4/5 | subject=13
[2026-05-30 10:46:39]     Train: 32 | counts=[16, 16]
[2026-05-30 10:46:39]     Test:  8 | counts=[4, 4]
[2026-05-30 10:46:39]     Model: SignalJEPA_PreLocal | Pretrained: from_pretrained | Strategy: new
[2026-05-30 10:46:39]     Normalization: none | fit_scope=none
[2026-05-30 10:46:39]     Phase 1 (new): 2,170/16,010 params
[2026-05-30 10:46:41]     Result | best_epoch=35 | stop=85 | final_phase_epochs=85 | acc=0.7500 | bal_acc=0.7500 | pred_hist=[2, 6] | collapse=False
[2026-05-30 10:46:41]     spatial_conv=[4, 29] top_abs_channels=[('O2', 0.16889815), ('Pz', 0.16100781), ('T3', 0.14127746), ('T4', 0.13137276), ('FCz', 0.12874056), ('T5', 0.12866728), ('P3', 0.1278819), ('P4', 0.12206613)]
[2026-05-30 10:46:41]     spatial_update=delta_l2=0.37164909 max_abs=0.07652152 relative=0.31139972 changed=True

[2026-05-30 10:46:41] Fold 5/5 | subject=13
[2026-05-30 10:46:41]     Train: 32 | counts=[16, 16]
[2026-05-30 10:46:41]     Test:  8 | counts=[4, 4]
[2026-05-30 10:46:41]     Model: SignalJEPA_PreLocal | Pretrained: from_pretrained | Strategy: new
[2026-05-30 10:46:41]     Normalization: none | fit_scope=none
[2026-05-30 10:46:41]     Phase 1 (new): 2,170/16,010 params
[2026-05-30 10:46:42]     Result | best_epoch=1 | stop=51 | final_phase_epochs=51 | acc=0.5000 | bal_acc=0.5000 | pred_hist=[0, 8] | collapse=True
[2026-05-30 10:46:42]     spatial_conv=[4, 29] top_abs_channels=[('Pz', 0.15316513), ('O2', 0.1441154), ('T3', 0.12701724), ('T4', 0.12262665), ('O1', 0.12160453), ('CP3', 0.12143093), ('C3', 0.11524197), ('CP4', 0.11027375)]
[2026-05-30 10:46:42]     spatial_update=delta_l2=0.01212443 max_abs=0.00236656 relative=0.01015890 changed=True
[2026-05-30 10:46:42]   Subject 13: acc=0.6500±0.1225  bal_acc=0.6500±0.1225
[2026-05-30 10:46:42] \nSubject 14: 40 windows | class_counts=[20, 20]

[2026-05-30 10:46:42] Fold 1/5 | subject=14
[2026-05-30 10:46:42]     Train: 32 | counts=[16, 16]
[2026-05-30 10:46:42]     Test:  8 | counts=[4, 4]
[2026-05-30 10:46:42]     Model: SignalJEPA_PreLocal | Pretrained: from_pretrained | Strategy: new
[2026-05-30 10:46:42]     Normalization: none | fit_scope=none
[2026-05-30 10:46:42]     Phase 1 (new): 2,170/16,010 params
[2026-05-30 10:46:43]     Result | best_epoch=19 | stop=69 | final_phase_epochs=69 | acc=0.6250 | bal_acc=0.6250 | pred_hist=[5, 3] | collapse=False
[2026-05-30 10:46:43]     spatial_conv=[4, 29] top_abs_channels=[('Pz', 0.16298251), ('O2', 0.14943047), ('O1', 0.12550464), ('CP3', 0.12285886), ('C3', 0.12064752), ('T3', 0.12005673), ('T4', 0.11579506), ('CP4', 0.11364542)]
[2026-05-30 10:46:43]     spatial_update=delta_l2=0.16784027 max_abs=0.04097418 relative=0.14063108 changed=True

[2026-05-30 10:46:44] Fold 2/5 | subject=14
[2026-05-30 10:46:44]     Train: 32 | counts=[16, 16]
[2026-05-30 10:46:44]     Test:  8 | counts=[4, 4]
[2026-05-30 10:46:44]     Model: SignalJEPA_PreLocal | Pretrained: from_pretrained | Strategy: new
[2026-05-30 10:46:44]     Normalization: none | fit_scope=none
[2026-05-30 10:46:44]     Phase 1 (new): 2,170/16,010 params
[2026-05-30 10:46:47]     Result | best_epoch=186 | stop=236 | final_phase_epochs=236 | acc=0.3750 | bal_acc=0.3750 | pred_hist=[5, 3] | collapse=False
[2026-05-30 10:46:47]     spatial_conv=[4, 29] top_abs_channels=[('C3', 0.15974373), ('T4', 0.15137175), ('O2', 0.13167779), ('FT8', 0.12993041), ('Cz', 0.1251224), ('O1', 0.12049761), ('P3', 0.11550972), ('CP3', 0.10826792)]
[2026-05-30 10:46:47]     spatial_update=delta_l2=0.84056723 max_abs=0.19584861 relative=0.70429986 changed=True

[2026-05-30 10:46:48] Fold 3/5 | subject=14
[2026-05-30 10:46:48]     Train: 32 | counts=[16, 16]
[2026-05-30 10:46:48]     Test:  8 | counts=[4, 4]
[2026-05-30 10:46:48]     Model: SignalJEPA_PreLocal | Pretrained: from_pretrained | Strategy: new
[2026-05-30 10:46:48]     Normalization: none | fit_scope=none
[2026-05-30 10:46:48]     Phase 1 (new): 2,170/16,010 params
[2026-05-30 10:47:09]     Result | best_epoch=1516 | stop=1566 | final_phase_epochs=1566 | acc=0.3750 | bal_acc=0.3750 | pred_hist=[3, 5] | collapse=False
[2026-05-30 10:47:09]     spatial_conv=[4, 29] top_abs_channels=[('CP4', 0.1816362), ('C3', 0.17566314), ('TP8', 0.17302364), ('C4', 0.16086066), ('P3', 0.14045012), ('Pz', 0.13756877), ('FC3', 0.13172609), ('TP7', 0.12924002)]
[2026-05-30 10:47:09]     spatial_update=delta_l2=1.20523140 max_abs=0.36157075 relative=1.00984701 changed=True

[2026-05-30 10:47:10] Fold 4/5 | subject=14
[2026-05-30 10:47:10]     Train: 32 | counts=[16, 16]
[2026-05-30 10:47:10]     Test:  8 | counts=[4, 4]
[2026-05-30 10:47:10]     Model: SignalJEPA_PreLocal | Pretrained: from_pretrained | Strategy: new
[2026-05-30 10:47:10]     Normalization: none | fit_scope=none
[2026-05-30 10:47:10]     Phase 1 (new): 2,170/16,010 params
[2026-05-30 10:47:13]     Result | best_epoch=191 | stop=241 | final_phase_epochs=241 | acc=0.2500 | bal_acc=0.2500 | pred_hist=[6, 2] | collapse=False
[2026-05-30 10:47:13]     spatial_conv=[4, 29] top_abs_channels=[('O2', 0.19752821), ('Pz', 0.17568527), ('TP8', 0.16465893), ('O1', 0.13841529), ('C3', 0.13434674), ('TP7', 0.12851903), ('T3', 0.12538794), ('P3', 0.12124956)]
[2026-05-30 10:47:13]     spatial_update=delta_l2=0.84835960 max_abs=0.27759459 relative=0.71082897 changed=True

[2026-05-30 10:47:14] Fold 5/5 | subject=14
[2026-05-30 10:47:14]     Train: 32 | counts=[16, 16]
[2026-05-30 10:47:14]     Test:  8 | counts=[4, 4]
[2026-05-30 10:47:14]     Model: SignalJEPA_PreLocal | Pretrained: from_pretrained | Strategy: new
[2026-05-30 10:47:14]     Normalization: none | fit_scope=none
[2026-05-30 10:47:14]     Phase 1 (new): 2,170/16,010 params
[2026-05-30 10:47:14]     Result | best_epoch=1 | stop=51 | final_phase_epochs=51 | acc=0.5000 | bal_acc=0.5000 | pred_hist=[0, 8] | collapse=True
[2026-05-30 10:47:14]     spatial_conv=[4, 29] top_abs_channels=[('Pz', 0.15307602), ('O2', 0.144444), ('T3', 0.12703972), ('O1', 0.12205773), ('T4', 0.12194517), ('CP3', 0.12107078), ('C3', 0.1157172), ('CP4', 0.11118939)]
[2026-05-30 10:47:14]     spatial_update=delta_l2=0.01294193 max_abs=0.00237377 relative=0.01084386 changed=True
[2026-05-30 10:47:14]   Subject 14: acc=0.4250±0.1275  bal_acc=0.4250±0.1275
[2026-05-30 10:47:14] \nSubject 15: 40 windows | class_counts=[20, 20]

[2026-05-30 10:47:15] Fold 1/5 | subject=15
[2026-05-30 10:47:15]     Train: 32 | counts=[16, 16]
[2026-05-30 10:47:15]     Test:  8 | counts=[4, 4]
[2026-05-30 10:47:15]     Model: SignalJEPA_PreLocal | Pretrained: from_pretrained | Strategy: new
[2026-05-30 10:47:15]     Normalization: none | fit_scope=none
[2026-05-30 10:47:15]     Phase 1 (new): 2,170/16,010 params
[2026-05-30 10:47:40]     Result | best_epoch=1780 | stop=1830 | final_phase_epochs=1830 | acc=0.2500 | bal_acc=0.2500 | pred_hist=[4, 4] | collapse=False
[2026-05-30 10:47:40]     spatial_conv=[4, 29] top_abs_channels=[('T3', 0.19866562), ('C3', 0.18964662), ('Fp1', 0.13450456), ('F8', 0.12562884), ('Pz', 0.12057962), ('FT7', 0.11637373), ('Cz', 0.11476755), ('F3', 0.10423844)]
[2026-05-30 10:47:40]     spatial_update=delta_l2=1.25944304 max_abs=0.39497358 relative=1.05527020 changed=True

[2026-05-30 10:47:41] Fold 2/5 | subject=15
[2026-05-30 10:47:41]     Train: 32 | counts=[16, 16]
[2026-05-30 10:47:41]     Test:  8 | counts=[4, 4]
[2026-05-30 10:47:41]     Model: SignalJEPA_PreLocal | Pretrained: from_pretrained | Strategy: new
[2026-05-30 10:47:41]     Normalization: none | fit_scope=none
[2026-05-30 10:47:41]     Phase 1 (new): 2,170/16,010 params
[2026-05-30 10:47:42]     Result | best_epoch=1 | stop=51 | final_phase_epochs=51 | acc=0.5000 | bal_acc=0.5000 | pred_hist=[0, 8] | collapse=True
[2026-05-30 10:47:42]     spatial_conv=[4, 29] top_abs_channels=[('Pz', 0.15224941), ('O2', 0.14469607), ('T3', 0.1265882), ('T4', 0.12317486), ('CP3', 0.12055497), ('O1', 0.12050807), ('C3', 0.11536659), ('CP4', 0.11111028)]
[2026-05-30 10:47:42]     spatial_update=delta_l2=0.01280830 max_abs=0.00228824 relative=0.01073190 changed=True

[2026-05-30 10:47:42] Fold 3/5 | subject=15
[2026-05-30 10:47:42]     Train: 32 | counts=[16, 16]
[2026-05-30 10:47:42]     Test:  8 | counts=[4, 4]
[2026-05-30 10:47:42]     Model: SignalJEPA_PreLocal | Pretrained: from_pretrained | Strategy: new
[2026-05-30 10:47:42]     Normalization: none | fit_scope=none
[2026-05-30 10:47:42]     Phase 1 (new): 2,170/16,010 params
[2026-05-30 10:47:51]     Result | best_epoch=573 | stop=623 | final_phase_epochs=623 | acc=0.5000 | bal_acc=0.5000 | pred_hist=[4, 4] | collapse=False
[2026-05-30 10:47:51]     spatial_conv=[4, 29] top_abs_channels=[('FC3', 0.1955369), ('CP3', 0.18319105), ('T5', 0.15725331), ('TP8', 0.14708264), ('C4', 0.13757679), ('O2', 0.12926763), ('T3', 0.12245744), ('C3', 0.10074105)]
[2026-05-30 10:47:51]     spatial_update=delta_l2=1.16379650 max_abs=0.36852412 relative=0.97512927 changed=True

[2026-05-30 10:47:51] Fold 4/5 | subject=15
[2026-05-30 10:47:51]     Train: 32 | counts=[16, 16]
[2026-05-30 10:47:51]     Test:  8 | counts=[4, 4]
[2026-05-30 10:47:51]     Model: SignalJEPA_PreLocal | Pretrained: from_pretrained | Strategy: new
[2026-05-30 10:47:51]     Normalization: none | fit_scope=none
[2026-05-30 10:47:51]     Phase 1 (new): 2,170/16,010 params
[2026-05-30 10:47:52]     Result | best_epoch=37 | stop=86 | final_phase_epochs=86 | acc=0.7500 | bal_acc=0.7500 | pred_hist=[4, 4] | collapse=False
[2026-05-30 10:47:52]     spatial_conv=[4, 29] top_abs_channels=[('Fp1', 0.13952832), ('T5', 0.13914976), ('T3', 0.13785614), ('Pz', 0.1329207), ('CP3', 0.12235395), ('T4', 0.12164983), ('O2', 0.11336473), ('C3', 0.11316188)]
[2026-05-30 10:47:52]     spatial_update=delta_l2=0.40273292 max_abs=0.08404862 relative=0.33744444 changed=True

[2026-05-30 10:47:53] Fold 5/5 | subject=15
[2026-05-30 10:47:53]     Train: 32 | counts=[16, 16]
[2026-05-30 10:47:53]     Test:  8 | counts=[4, 4]
[2026-05-30 10:47:53]     Model: SignalJEPA_PreLocal | Pretrained: from_pretrained | Strategy: new
[2026-05-30 10:47:53]     Normalization: none | fit_scope=none
[2026-05-30 10:47:53]     Phase 1 (new): 2,170/16,010 params
[2026-05-30 10:47:54]     Result | best_epoch=1 | stop=51 | final_phase_epochs=51 | acc=0.5000 | bal_acc=0.5000 | pred_hist=[0, 8] | collapse=True
[2026-05-30 10:47:54]     spatial_conv=[4, 29] top_abs_channels=[('Pz', 0.1518088), ('O2', 0.14391464), ('T3', 0.12724796), ('T4', 0.12311099), ('O1', 0.12133399), ('CP3', 0.12065707), ('C3', 0.11509014), ('CP4', 0.1099097)]
[2026-05-30 10:47:54]     spatial_update=delta_l2=0.01269384 max_abs=0.00217386 relative=0.01063600 changed=True
[2026-05-30 10:47:54]   Subject 15: acc=0.5000±0.1581  bal_acc=0.5000±0.1581
[2026-05-30 10:47:54] \nSubject 16: 40 windows | class_counts=[20, 20]

[2026-05-30 10:47:54] Fold 1/5 | subject=16
[2026-05-30 10:47:54]     Train: 32 | counts=[16, 16]
[2026-05-30 10:47:54]     Test:  8 | counts=[4, 4]
[2026-05-30 10:47:54]     Model: SignalJEPA_PreLocal | Pretrained: from_pretrained | Strategy: new
[2026-05-30 10:47:54]     Normalization: none | fit_scope=none
[2026-05-30 10:47:54]     Phase 1 (new): 2,170/16,010 params
[2026-05-30 10:47:55]     Result | best_epoch=1 | stop=51 | final_phase_epochs=51 | acc=0.5000 | bal_acc=0.5000 | pred_hist=[0, 8] | collapse=True
[2026-05-30 10:47:55]     spatial_conv=[4, 29] top_abs_channels=[('Pz', 0.15292184), ('O2', 0.14386314), ('T3', 0.12581459), ('T4', 0.12223867), ('O1', 0.12138886), ('CP3', 0.12100366), ('C3', 0.11466783), ('CP4', 0.11149877)]
[2026-05-30 10:47:55]     spatial_update=delta_l2=0.01139877 max_abs=0.00214355 relative=0.00955088 changed=True

[2026-05-30 10:47:55] Fold 2/5 | subject=16
[2026-05-30 10:47:55]     Train: 32 | counts=[16, 16]
[2026-05-30 10:47:55]     Test:  8 | counts=[4, 4]
[2026-05-30 10:47:55]     Model: SignalJEPA_PreLocal | Pretrained: from_pretrained | Strategy: new
[2026-05-30 10:47:55]     Normalization: none | fit_scope=none
[2026-05-30 10:47:55]     Phase 1 (new): 2,170/16,010 params
[2026-05-30 10:47:56]     Result | best_epoch=1 | stop=51 | final_phase_epochs=51 | acc=0.5000 | bal_acc=0.5000 | pred_hist=[0, 8] | collapse=True
[2026-05-30 10:47:56]     spatial_conv=[4, 29] top_abs_channels=[('Pz', 0.15249352), ('O2', 0.14454806), ('T3', 0.1265915), ('T4', 0.12208501), ('CP3', 0.12133996), ('O1', 0.12113906), ('C3', 0.1149905), ('CP4', 0.11038892)]
[2026-05-30 10:47:56]     spatial_update=delta_l2=0.01099753 max_abs=0.00212777 relative=0.00921468 changed=True

[2026-05-30 10:47:57] Fold 3/5 | subject=16
[2026-05-30 10:47:57]     Train: 32 | counts=[16, 16]
[2026-05-30 10:47:57]     Test:  8 | counts=[4, 4]
[2026-05-30 10:47:57]     Model: SignalJEPA_PreLocal | Pretrained: from_pretrained | Strategy: new
[2026-05-30 10:47:57]     Normalization: none | fit_scope=none
[2026-05-30 10:47:57]     Phase 1 (new): 2,170/16,010 params
[2026-05-30 10:47:57]     Result | best_epoch=1 | stop=51 | final_phase_epochs=51 | acc=0.3750 | bal_acc=0.3750 | pred_hist=[1, 7] | collapse=False
[2026-05-30 10:47:57]     spatial_conv=[4, 29] top_abs_channels=[('Pz', 0.15341067), ('O2', 0.14316703), ('T3', 0.12596132), ('CP3', 0.12225115), ('O1', 0.12224358), ('T4', 0.12194273), ('C3', 0.11386165), ('CP4', 0.11180169)]
[2026-05-30 10:47:57]     spatial_update=delta_l2=0.01316313 max_abs=0.00218563 relative=0.01102921 changed=True

[2026-05-30 10:47:58] Fold 4/5 | subject=16
[2026-05-30 10:47:58]     Train: 32 | counts=[16, 16]
[2026-05-30 10:47:58]     Test:  8 | counts=[4, 4]
[2026-05-30 10:47:58]     Model: SignalJEPA_PreLocal | Pretrained: from_pretrained | Strategy: new
[2026-05-30 10:47:58]     Normalization: none | fit_scope=none
[2026-05-30 10:47:58]     Phase 1 (new): 2,170/16,010 params
[2026-05-30 10:47:59]     Result | best_epoch=3 | stop=53 | final_phase_epochs=53 | acc=0.5000 | bal_acc=0.5000 | pred_hist=[0, 8] | collapse=True
[2026-05-30 10:47:59]     spatial_conv=[4, 29] top_abs_channels=[('Pz', 0.15365449), ('O2', 0.14252745), ('T3', 0.1251608), ('T4', 0.12186967), ('CP3', 0.12044195), ('O1', 0.12042712), ('C3', 0.11312249), ('CP4', 0.1127713)]
[2026-05-30 10:47:59]     spatial_update=delta_l2=0.03541996 max_abs=0.00627307 relative=0.02967790 changed=True

[2026-05-30 10:47:59] Fold 5/5 | subject=16
[2026-05-30 10:47:59]     Train: 32 | counts=[16, 16]
[2026-05-30 10:47:59]     Test:  8 | counts=[4, 4]
[2026-05-30 10:47:59]     Model: SignalJEPA_PreLocal | Pretrained: from_pretrained | Strategy: new
[2026-05-30 10:47:59]     Normalization: none | fit_scope=none
[2026-05-30 10:47:59]     Phase 1 (new): 2,170/16,010 params
[2026-05-30 10:48:01]     Result | best_epoch=46 | stop=96 | final_phase_epochs=96 | acc=0.5000 | bal_acc=0.5000 | pred_hist=[4, 4] | collapse=False
[2026-05-30 10:48:01]     spatial_conv=[4, 29] top_abs_channels=[('Pz', 0.18456307), ('O2', 0.13344407), ('T3', 0.12209393), ('P4', 0.12190549), ('CP3', 0.11589169), ('C3', 0.11055031), ('Fz', 0.11010544), ('O1', 0.10974858)]
[2026-05-30 10:48:01]     spatial_update=delta_l2=0.32514343 max_abs=0.09399553 relative=0.27243326 changed=True
[2026-05-30 10:48:01]   Subject 16: acc=0.4750±0.0500  bal_acc=0.4750±0.0500
[2026-05-30 10:48:01] \nSubject 17: 40 windows | class_counts=[20, 20]

[2026-05-30 10:48:01] Fold 1/5 | subject=17
[2026-05-30 10:48:01]     Train: 32 | counts=[16, 16]
[2026-05-30 10:48:01]     Test:  8 | counts=[4, 4]
[2026-05-30 10:48:01]     Model: SignalJEPA_PreLocal | Pretrained: from_pretrained | Strategy: new
[2026-05-30 10:48:01]     Normalization: none | fit_scope=none
[2026-05-30 10:48:01]     Phase 1 (new): 2,170/16,010 params
[2026-05-30 10:48:02]     Result | best_epoch=1 | stop=51 | final_phase_epochs=51 | acc=0.5000 | bal_acc=0.5000 | pred_hist=[0, 8] | collapse=True
[2026-05-30 10:48:02]     spatial_conv=[4, 29] top_abs_channels=[('Pz', 0.15299109), ('O2', 0.14447215), ('T3', 0.12711045), ('T4', 0.12222691), ('O1', 0.12104872), ('CP3', 0.12053858), ('C3', 0.11603751), ('CP4', 0.11106936)]
[2026-05-30 10:48:02]     spatial_update=delta_l2=0.01145188 max_abs=0.00234256 relative=0.00959537 changed=True

[2026-05-30 10:48:02] Fold 2/5 | subject=17
[2026-05-30 10:48:02]     Train: 32 | counts=[16, 16]
[2026-05-30 10:48:02]     Test:  8 | counts=[4, 4]
[2026-05-30 10:48:02]     Model: SignalJEPA_PreLocal | Pretrained: from_pretrained | Strategy: new
[2026-05-30 10:48:02]     Normalization: none | fit_scope=none
[2026-05-30 10:48:02]     Phase 1 (new): 2,170/16,010 params
[2026-05-30 10:48:03]     Result | best_epoch=5 | stop=54 | final_phase_epochs=54 | acc=0.5000 | bal_acc=0.5000 | pred_hist=[0, 8] | collapse=True
[2026-05-30 10:48:03]     spatial_conv=[4, 29] top_abs_channels=[('Pz', 0.15260977), ('O2', 0.14685783), ('T3', 0.12666084), ('T4', 0.12113202), ('O1', 0.12010682), ('CP3', 0.11984831), ('C3', 0.11633203), ('CP4', 0.11315653)]
[2026-05-30 10:48:03]     spatial_update=delta_l2=0.04290079 max_abs=0.00778067 relative=0.03594599 changed=True

[2026-05-30 10:48:03] Fold 3/5 | subject=17
[2026-05-30 10:48:03]     Train: 32 | counts=[16, 16]
[2026-05-30 10:48:03]     Test:  8 | counts=[4, 4]
[2026-05-30 10:48:03]     Model: SignalJEPA_PreLocal | Pretrained: from_pretrained | Strategy: new
[2026-05-30 10:48:03]     Normalization: none | fit_scope=none
[2026-05-30 10:48:03]     Phase 1 (new): 2,170/16,010 params
[2026-05-30 10:48:10]     Result | best_epoch=417 | stop=467 | final_phase_epochs=467 | acc=0.7500 | bal_acc=0.7500 | pred_hist=[6, 2] | collapse=False
[2026-05-30 10:48:10]     spatial_conv=[4, 29] top_abs_channels=[('C4', 0.23527902), ('CP4', 0.1837268), ('CP3', 0.15650678), ('FCz', 0.14276591), ('C3', 0.13867034), ('T5', 0.12559165), ('Fz', 0.12454965), ('FC3', 0.11393467)]
[2026-05-30 10:48:10]     spatial_update=delta_l2=1.23399603 max_abs=0.34385020 relative=1.03394850 changed=True

[2026-05-30 10:48:11] Fold 4/5 | subject=17
[2026-05-30 10:48:11]     Train: 32 | counts=[16, 16]
[2026-05-30 10:48:11]     Test:  8 | counts=[4, 4]
[2026-05-30 10:48:11]     Model: SignalJEPA_PreLocal | Pretrained: from_pretrained | Strategy: new
[2026-05-30 10:48:11]     Normalization: none | fit_scope=none
[2026-05-30 10:48:11]     Phase 1 (new): 2,170/16,010 params
[2026-05-30 10:48:11]     Result | best_epoch=18 | stop=67 | final_phase_epochs=67 | acc=0.7500 | bal_acc=0.7500 | pred_hist=[2, 6] | collapse=False
[2026-05-30 10:48:11]     spatial_conv=[4, 29] top_abs_channels=[('O2', 0.15462269), ('Pz', 0.14908467), ('T3', 0.12560102), ('T4', 0.12451343), ('C3', 0.1168927), ('CP3', 0.11389719), ('CP4', 0.11160259), ('T5', 0.10901847)]
[2026-05-30 10:48:11]     spatial_update=delta_l2=0.15104120 max_abs=0.03387519 relative=0.12655537 changed=True

[2026-05-30 10:48:12] Fold 5/5 | subject=17
[2026-05-30 10:48:12]     Train: 32 | counts=[16, 16]
[2026-05-30 10:48:12]     Test:  8 | counts=[4, 4]
[2026-05-30 10:48:12]     Model: SignalJEPA_PreLocal | Pretrained: from_pretrained | Strategy: new
[2026-05-30 10:48:12]     Normalization: none | fit_scope=none
[2026-05-30 10:48:12]     Phase 1 (new): 2,170/16,010 params
[2026-05-30 10:48:18]     Result | best_epoch=374 | stop=398 | final_phase_epochs=398 | acc=0.5000 | bal_acc=0.5000 | pred_hist=[4, 4] | collapse=False
[2026-05-30 10:48:18]     spatial_conv=[4, 29] top_abs_channels=[('T3', 0.19540286), ('CP4', 0.15232818), ('Cz', 0.13900955), ('Fz', 0.13204002), ('T5', 0.12801734), ('P3', 0.12649243), ('C3', 0.11836736), ('CP3', 0.11186048)]
[2026-05-30 10:48:18]     spatial_update=delta_l2=1.13431588 max_abs=0.31812165 relative=0.95042786 changed=True
[2026-05-30 10:48:18]   Subject 17: acc=0.6000±0.1225  bal_acc=0.6000±0.1225
[2026-05-30 10:48:18] \nSubject 18: 40 windows | class_counts=[20, 20]

[2026-05-30 10:48:18] Fold 1/5 | subject=18
[2026-05-30 10:48:18]     Train: 32 | counts=[16, 16]
[2026-05-30 10:48:18]     Test:  8 | counts=[4, 4]
[2026-05-30 10:48:18]     Model: SignalJEPA_PreLocal | Pretrained: from_pretrained | Strategy: new
[2026-05-30 10:48:18]     Normalization: none | fit_scope=none
[2026-05-30 10:48:18]     Phase 1 (new): 2,170/16,010 params
[2026-05-30 10:48:34]     Result | best_epoch=1082 | stop=1132 | final_phase_epochs=1132 | acc=1.0000 | bal_acc=1.0000 | pred_hist=[4, 4] | collapse=False
[2026-05-30 10:48:34]     spatial_conv=[4, 29] top_abs_channels=[('P4', 0.21960306), ('TP8', 0.21220271), ('FC3', 0.18131095), ('P3', 0.16835387), ('FCz', 0.15393947), ('T3', 0.15169016), ('Oz', 0.14479096), ('Cz', 0.14175972)]
[2026-05-30 10:48:34]     spatial_update=delta_l2=1.57842661 max_abs=0.41806692 relative=1.32254220 changed=True

[2026-05-30 10:48:35] Fold 2/5 | subject=18
[2026-05-30 10:48:35]     Train: 32 | counts=[16, 16]
[2026-05-30 10:48:35]     Test:  8 | counts=[4, 4]
[2026-05-30 10:48:35]     Model: SignalJEPA_PreLocal | Pretrained: from_pretrained | Strategy: new
[2026-05-30 10:48:35]     Normalization: none | fit_scope=none
[2026-05-30 10:48:35]     Phase 1 (new): 2,170/16,010 params
[2026-05-30 10:48:42]     Result | best_epoch=520 | stop=570 | final_phase_epochs=570 | acc=0.8750 | bal_acc=0.8750 | pred_hist=[5, 3] | collapse=False
[2026-05-30 10:48:42]     spatial_conv=[4, 29] top_abs_channels=[('TP8', 0.24148396), ('FCz', 0.16102326), ('FT8', 0.15662414), ('P4', 0.15317351), ('Oz', 0.14197785), ('O1', 0.13597129), ('TP7', 0.13131344), ('P3', 0.11841705)]
[2026-05-30 10:48:42]     spatial_update=delta_l2=1.39867278 max_abs=0.40829746 relative=1.17192891 changed=True

[2026-05-30 10:48:43] Fold 3/5 | subject=18
[2026-05-30 10:48:43]     Train: 32 | counts=[16, 16]
[2026-05-30 10:48:43]     Test:  8 | counts=[4, 4]
[2026-05-30 10:48:43]     Model: SignalJEPA_PreLocal | Pretrained: from_pretrained | Strategy: new
[2026-05-30 10:48:43]     Normalization: none | fit_scope=none
[2026-05-30 10:48:43]     Phase 1 (new): 2,170/16,010 params
[2026-05-30 10:48:53]     Result | best_epoch=676 | stop=726 | final_phase_epochs=726 | acc=1.0000 | bal_acc=1.0000 | pred_hist=[4, 4] | collapse=False
[2026-05-30 10:48:53]     spatial_conv=[4, 29] top_abs_channels=[('P4', 0.22023514), ('TP8', 0.20386553), ('C3', 0.17110419), ('FT8', 0.16836342), ('P3', 0.16748698), ('Cz', 0.16430047), ('Oz', 0.14057873), ('TP7', 0.13764432)]
[2026-05-30 10:48:53]     spatial_update=delta_l2=1.57823482 max_abs=0.47173920 relative=1.32238150 changed=True

[2026-05-30 10:48:54] Fold 4/5 | subject=18
[2026-05-30 10:48:54]     Train: 32 | counts=[16, 16]
[2026-05-30 10:48:54]     Test:  8 | counts=[4, 4]
[2026-05-30 10:48:54]     Model: SignalJEPA_PreLocal | Pretrained: from_pretrained | Strategy: new
[2026-05-30 10:48:54]     Normalization: none | fit_scope=none
[2026-05-30 10:48:54]     Phase 1 (new): 2,170/16,010 params
[2026-05-30 10:50:04]     Result | best_epoch=4986 | stop=5000 | final_phase_epochs=5000 | acc=1.0000 | bal_acc=1.0000 | pred_hist=[4, 4] | collapse=False
[2026-05-30 10:50:04]     spatial_conv=[4, 29] top_abs_channels=[('FCz', 0.36214957), ('TP8', 0.21787803), ('P4', 0.19611377), ('Oz', 0.17715269), ('C3', 0.1316859), ('O1', 0.13152593), ('T3', 0.11870597), ('Fz', 0.11278275)]
[2026-05-30 10:50:04]     spatial_update=delta_l2=1.55154227 max_abs=0.45629632 relative=1.30001617 changed=True

[2026-05-30 10:50:05] Fold 5/5 | subject=18
[2026-05-30 10:50:05]     Train: 32 | counts=[16, 16]
[2026-05-30 10:50:05]     Test:  8 | counts=[4, 4]
[2026-05-30 10:50:05]     Model: SignalJEPA_PreLocal | Pretrained: from_pretrained | Strategy: new
[2026-05-30 10:50:05]     Normalization: none | fit_scope=none
[2026-05-30 10:50:05]     Phase 1 (new): 2,170/16,010 params
[2026-05-30 10:50:15]     Result | best_epoch=705 | stop=755 | final_phase_epochs=755 | acc=0.8750 | bal_acc=0.8750 | pred_hist=[5, 3] | collapse=False
[2026-05-30 10:50:15]     spatial_conv=[4, 29] top_abs_channels=[('P4', 0.22806239), ('TP8', 0.22213572), ('FC3', 0.16815209), ('FT8', 0.16266927), ('FCz', 0.15888903), ('T5', 0.14892477), ('P3', 0.14723867), ('C3', 0.13552126)]
[2026-05-30 10:50:15]     spatial_update=delta_l2=1.51897520 max_abs=0.44838977 relative=1.27272867 changed=True
[2026-05-30 10:50:15]   Subject 18: acc=0.9500±0.0612  bal_acc=0.9500±0.0612
[2026-05-30 10:50:15] \nSubject 19: 40 windows | class_counts=[20, 20]

[2026-05-30 10:50:16] Fold 1/5 | subject=19
[2026-05-30 10:50:16]     Train: 32 | counts=[16, 16]
[2026-05-30 10:50:16]     Test:  8 | counts=[4, 4]
[2026-05-30 10:50:16]     Model: SignalJEPA_PreLocal | Pretrained: from_pretrained | Strategy: new
[2026-05-30 10:50:16]     Normalization: none | fit_scope=none
[2026-05-30 10:50:16]     Phase 1 (new): 2,170/16,010 params
[2026-05-30 10:50:17]     Result | best_epoch=2 | stop=51 | final_phase_epochs=51 | acc=0.5000 | bal_acc=0.5000 | pred_hist=[0, 8] | collapse=True
[2026-05-30 10:50:17]     spatial_conv=[4, 29] top_abs_channels=[('Pz', 0.15264952), ('O2', 0.14462364), ('T3', 0.12746707), ('O1', 0.12241258), ('T4', 0.12231117), ('CP3', 0.1210656), ('C3', 0.11609511), ('Fp1', 0.11027794)]
[2026-05-30 10:50:17]     spatial_update=delta_l2=0.01429656 max_abs=0.00217916 relative=0.01197889 changed=True

[2026-05-30 10:50:17] Fold 2/5 | subject=19
[2026-05-30 10:50:17]     Train: 32 | counts=[16, 16]
[2026-05-30 10:50:17]     Test:  8 | counts=[4, 4]
[2026-05-30 10:50:17]     Model: SignalJEPA_PreLocal | Pretrained: from_pretrained | Strategy: new
[2026-05-30 10:50:17]     Normalization: none | fit_scope=none
[2026-05-30 10:50:17]     Phase 1 (new): 2,170/16,010 params
[2026-05-30 10:50:18]     Result | best_epoch=20 | stop=70 | final_phase_epochs=70 | acc=0.1250 | bal_acc=0.1250 | pred_hist=[3, 5] | collapse=False
[2026-05-30 10:50:18]     spatial_conv=[4, 29] top_abs_channels=[('Pz', 0.15535995), ('O2', 0.13972825), ('O1', 0.13358237), ('T4', 0.12460983), ('Fp1', 0.12170197), ('CP3', 0.11952567), ('T3', 0.11735646), ('C3', 0.11570102)]
[2026-05-30 10:50:18]     spatial_update=delta_l2=0.17311687 max_abs=0.03650142 relative=0.14505227 changed=True

[2026-05-30 10:50:19] Fold 3/5 | subject=19
[2026-05-30 10:50:19]     Train: 32 | counts=[16, 16]
[2026-05-30 10:50:19]     Test:  8 | counts=[4, 4]
[2026-05-30 10:50:19]     Model: SignalJEPA_PreLocal | Pretrained: from_pretrained | Strategy: new
[2026-05-30 10:50:19]     Normalization: none | fit_scope=none
[2026-05-30 10:50:19]     Phase 1 (new): 2,170/16,010 params
[2026-05-30 10:50:19]     Result | best_epoch=1 | stop=51 | final_phase_epochs=51 | acc=0.5000 | bal_acc=0.5000 | pred_hist=[0, 8] | collapse=True
[2026-05-30 10:50:19]     spatial_conv=[4, 29] top_abs_channels=[('Pz', 0.15246633), ('O2', 0.14433528), ('T3', 0.126938), ('T4', 0.12241841), ('O1', 0.12122582), ('CP3', 0.12088333), ('C3', 0.11561897), ('CP4', 0.10999476)]
[2026-05-30 10:50:19]     spatial_update=delta_l2=0.01032621 max_abs=0.00221041 relative=0.00865219 changed=True

[2026-05-30 10:50:20] Fold 4/5 | subject=19
[2026-05-30 10:50:20]     Train: 32 | counts=[16, 16]
[2026-05-30 10:50:20]     Test:  8 | counts=[4, 4]
[2026-05-30 10:50:20]     Model: SignalJEPA_PreLocal | Pretrained: from_pretrained | Strategy: new
[2026-05-30 10:50:20]     Normalization: none | fit_scope=none
[2026-05-30 10:50:20]     Phase 1 (new): 2,170/16,010 params
[2026-05-30 10:50:20]     Result | best_epoch=1 | stop=51 | final_phase_epochs=51 | acc=0.5000 | bal_acc=0.5000 | pred_hist=[0, 8] | collapse=True
[2026-05-30 10:50:20]     spatial_conv=[4, 29] top_abs_channels=[('Pz', 0.15238823), ('O2', 0.14488761), ('T3', 0.1267854), ('T4', 0.12258524), ('O1', 0.12104315), ('CP3', 0.12061848), ('C3', 0.1152498), ('CP4', 0.11028908)]
[2026-05-30 10:50:20]     spatial_update=delta_l2=0.01006150 max_abs=0.00197788 relative=0.00843040 changed=True

[2026-05-30 10:50:21] Fold 5/5 | subject=19
[2026-05-30 10:50:21]     Train: 32 | counts=[16, 16]
[2026-05-30 10:50:21]     Test:  8 | counts=[4, 4]
[2026-05-30 10:50:21]     Model: SignalJEPA_PreLocal | Pretrained: from_pretrained | Strategy: new
[2026-05-30 10:50:21]     Normalization: none | fit_scope=none
[2026-05-30 10:50:21]     Phase 1 (new): 2,170/16,010 params
[2026-05-30 10:50:24]     Result | best_epoch=196 | stop=246 | final_phase_epochs=246 | acc=0.3750 | bal_acc=0.3750 | pred_hist=[5, 3] | collapse=False
[2026-05-30 10:50:24]     spatial_conv=[4, 29] top_abs_channels=[('Pz', 0.2195597), ('T3', 0.16392037), ('F4', 0.16358322), ('CP3', 0.16249172), ('Fz', 0.13148758), ('T4', 0.12706469), ('O2', 0.11944602), ('CP4', 0.1159742)]
[2026-05-30 10:50:24]     spatial_update=delta_l2=0.71978684 max_abs=0.18259592 relative=0.60309961 changed=True
[2026-05-30 10:50:24]   Subject 19: acc=0.4000±0.1458  bal_acc=0.4000±0.1458
[2026-05-30 10:50:24] \nSubject 20: 40 windows | class_counts=[20, 20]

[2026-05-30 10:50:25] Fold 1/5 | subject=20
[2026-05-30 10:50:25]     Train: 32 | counts=[16, 16]
[2026-05-30 10:50:25]     Test:  8 | counts=[4, 4]
[2026-05-30 10:50:25]     Model: SignalJEPA_PreLocal | Pretrained: from_pretrained | Strategy: new
[2026-05-30 10:50:25]     Normalization: none | fit_scope=none
[2026-05-30 10:50:25]     Phase 1 (new): 2,170/16,010 params
[2026-05-30 10:50:27]     Result | best_epoch=66 | stop=116 | final_phase_epochs=116 | acc=0.3750 | bal_acc=0.3750 | pred_hist=[5, 3] | collapse=False
[2026-05-30 10:50:27]     spatial_conv=[4, 29] top_abs_channels=[('Pz', 0.15510619), ('Fp1', 0.13624536), ('O2', 0.1330398), ('C3', 0.13080087), ('T4', 0.12943406), ('CP4', 0.12682562), ('O1', 0.12438755), ('FCz', 0.12248812)]
[2026-05-30 10:50:27]     spatial_update=delta_l2=0.56107047 max_abs=0.12067486 relative=0.47011332 changed=True

[2026-05-30 10:50:27] Fold 2/5 | subject=20
[2026-05-30 10:50:27]     Train: 32 | counts=[16, 16]
[2026-05-30 10:50:27]     Test:  8 | counts=[4, 4]
[2026-05-30 10:50:27]     Model: SignalJEPA_PreLocal | Pretrained: from_pretrained | Strategy: new
[2026-05-30 10:50:27]     Normalization: none | fit_scope=none
[2026-05-30 10:50:27]     Phase 1 (new): 2,170/16,010 params
[2026-05-30 10:50:28]     Result | best_epoch=1 | stop=51 | final_phase_epochs=51 | acc=0.2500 | bal_acc=0.2500 | pred_hist=[2, 6] | collapse=False
[2026-05-30 10:50:28]     spatial_conv=[4, 29] top_abs_channels=[('Pz', 0.15389724), ('O2', 0.14396046), ('T3', 0.12697151), ('T4', 0.12220652), ('O1', 0.1221912), ('CP3', 0.12048126), ('C3', 0.11537012), ('CP4', 0.11086468)]
[2026-05-30 10:50:28]     spatial_update=delta_l2=0.01506564 max_abs=0.00223142 relative=0.01262330 changed=True

[2026-05-30 10:50:28] Fold 3/5 | subject=20
[2026-05-30 10:50:28]     Train: 32 | counts=[16, 16]
[2026-05-30 10:50:28]     Test:  8 | counts=[4, 4]
[2026-05-30 10:50:28]     Model: SignalJEPA_PreLocal | Pretrained: from_pretrained | Strategy: new
[2026-05-30 10:50:28]     Normalization: none | fit_scope=none
[2026-05-30 10:50:28]     Phase 1 (new): 2,170/16,010 params
[2026-05-30 10:50:29]     Result | best_epoch=1 | stop=51 | final_phase_epochs=51 | acc=0.5000 | bal_acc=0.5000 | pred_hist=[0, 8] | collapse=True
[2026-05-30 10:50:29]     spatial_conv=[4, 29] top_abs_channels=[('Pz', 0.15336835), ('O2', 0.14387107), ('T3', 0.12692478), ('T4', 0.12242338), ('O1', 0.12195979), ('CP3', 0.12126747), ('C3', 0.11571728), ('CP4', 0.1110528)]
[2026-05-30 10:50:29]     spatial_update=delta_l2=0.01186306 max_abs=0.00218945 relative=0.00993989 changed=True

[2026-05-30 10:50:29] Fold 4/5 | subject=20
[2026-05-30 10:50:29]     Train: 32 | counts=[16, 16]
[2026-05-30 10:50:29]     Test:  8 | counts=[4, 4]
[2026-05-30 10:50:29]     Model: SignalJEPA_PreLocal | Pretrained: from_pretrained | Strategy: new
[2026-05-30 10:50:29]     Normalization: none | fit_scope=none
[2026-05-30 10:50:29]     Phase 1 (new): 2,170/16,010 params
[2026-05-30 10:50:30]     Result | best_epoch=3 | stop=53 | final_phase_epochs=53 | acc=0.5000 | bal_acc=0.5000 | pred_hist=[0, 8] | collapse=True
[2026-05-30 10:50:30]     spatial_conv=[4, 29] top_abs_channels=[('Pz', 0.15512705), ('O2', 0.14311962), ('T3', 0.12528446), ('T4', 0.12282142), ('O1', 0.12173822), ('CP3', 0.12002262), ('C3', 0.11678378), ('Fp1', 0.1115113)]
[2026-05-30 10:50:30]     spatial_update=delta_l2=0.03196207 max_abs=0.00624034 relative=0.02678059 changed=True

[2026-05-30 10:50:31] Fold 5/5 | subject=20
[2026-05-30 10:50:31]     Train: 32 | counts=[16, 16]
[2026-05-30 10:50:31]     Test:  8 | counts=[4, 4]
[2026-05-30 10:50:31]     Model: SignalJEPA_PreLocal | Pretrained: from_pretrained | Strategy: new
[2026-05-30 10:50:31]     Normalization: none | fit_scope=none
[2026-05-30 10:50:31]     Phase 1 (new): 2,170/16,010 params
[2026-05-30 10:50:33]     Result | best_epoch=136 | stop=186 | final_phase_epochs=186 | acc=0.6250 | bal_acc=0.6250 | pred_hist=[3, 5] | collapse=False
[2026-05-30 10:50:33]     spatial_conv=[4, 29] top_abs_channels=[('TP7', 0.17542809), ('Pz', 0.16380784), ('F4', 0.15658893), ('CP3', 0.13533786), ('Cz', 0.12606895), ('T4', 0.12332518), ('O1', 0.11604716), ('Fz', 0.11300735)]
[2026-05-30 10:50:33]     spatial_update=delta_l2=0.87625667 max_abs=0.21864789 relative=0.73420355 changed=True
[2026-05-30 10:50:33]   Subject 20: acc=0.4500±0.1275  bal_acc=0.4500±0.1275
[2026-05-30 10:50:33] \nSubject 21: 40 windows | class_counts=[20, 20]

[2026-05-30 10:50:34] Fold 1/5 | subject=21
[2026-05-30 10:50:34]     Train: 32 | counts=[16, 16]
[2026-05-30 10:50:34]     Test:  8 | counts=[4, 4]
[2026-05-30 10:50:34]     Model: SignalJEPA_PreLocal | Pretrained: from_pretrained | Strategy: new
[2026-05-30 10:50:34]     Normalization: none | fit_scope=none
[2026-05-30 10:50:34]     Phase 1 (new): 2,170/16,010 params
[2026-05-30 10:50:41]     Result | best_epoch=449 | stop=499 | final_phase_epochs=499 | acc=0.3750 | bal_acc=0.3750 | pred_hist=[3, 5] | collapse=False
[2026-05-30 10:50:41]     spatial_conv=[4, 29] top_abs_channels=[('Oz', 0.18090674), ('F7', 0.17095774), ('T6', 0.13976318), ('Pz', 0.13822336), ('P4', 0.12869366), ('F4', 0.12820384), ('CP3', 0.09809429), ('Fp1', 0.09751953)]
[2026-05-30 10:50:41]     spatial_update=delta_l2=1.11628760 max_abs=0.28202540 relative=0.93532220 changed=True

[2026-05-30 10:50:41] Fold 2/5 | subject=21
[2026-05-30 10:50:41]     Train: 32 | counts=[16, 16]
[2026-05-30 10:50:41]     Test:  8 | counts=[4, 4]
[2026-05-30 10:50:41]     Model: SignalJEPA_PreLocal | Pretrained: from_pretrained | Strategy: new
[2026-05-30 10:50:41]     Normalization: none | fit_scope=none
[2026-05-30 10:50:41]     Phase 1 (new): 2,170/16,010 params
[2026-05-30 10:50:44]     Result | best_epoch=138 | stop=188 | final_phase_epochs=188 | acc=0.7500 | bal_acc=0.7500 | pred_hist=[2, 6] | collapse=False
[2026-05-30 10:50:44]     spatial_conv=[4, 29] top_abs_channels=[('Fz', 0.16151199), ('Pz', 0.14470376), ('F7', 0.14258525), ('Fp1', 0.1424631), ('O2', 0.1201329), ('P3', 0.11195214), ('CP3', 0.11183466), ('C3', 0.11170717)]
[2026-05-30 10:50:44]     spatial_update=delta_l2=0.62644243 max_abs=0.15273678 relative=0.52488760 changed=True

[2026-05-30 10:50:45] Fold 3/5 | subject=21
[2026-05-30 10:50:45]     Train: 32 | counts=[16, 16]
[2026-05-30 10:50:45]     Test:  8 | counts=[4, 4]
[2026-05-30 10:50:45]     Model: SignalJEPA_PreLocal | Pretrained: from_pretrained | Strategy: new
[2026-05-30 10:50:45]     Normalization: none | fit_scope=none
[2026-05-30 10:50:45]     Phase 1 (new): 2,170/16,010 params
[2026-05-30 10:50:45]     Result | best_epoch=5 | stop=51 | final_phase_epochs=51 | acc=0.5000 | bal_acc=0.5000 | pred_hist=[0, 8] | collapse=True
[2026-05-30 10:50:45]     spatial_conv=[4, 29] top_abs_channels=[('Pz', 0.1545319), ('O2', 0.14516488), ('T3', 0.1259847), ('T4', 0.12279699), ('O1', 0.12079187), ('CP3', 0.11971191), ('C3', 0.1167261), ('CP4', 0.11168963)]
[2026-05-30 10:50:45]     spatial_update=delta_l2=0.01483741 max_abs=0.00228927 relative=0.01243207 changed=True

[2026-05-30 10:50:46] Fold 4/5 | subject=21
[2026-05-30 10:50:46]     Train: 32 | counts=[16, 16]
[2026-05-30 10:50:46]     Test:  8 | counts=[4, 4]
[2026-05-30 10:50:46]     Model: SignalJEPA_PreLocal | Pretrained: from_pretrained | Strategy: new
[2026-05-30 10:50:46]     Normalization: none | fit_scope=none
[2026-05-30 10:50:46]     Phase 1 (new): 2,170/16,010 params
[2026-05-30 10:50:47]     Result | best_epoch=19 | stop=69 | final_phase_epochs=69 | acc=0.8750 | bal_acc=0.8750 | pred_hist=[3, 5] | collapse=False
[2026-05-30 10:50:47]     spatial_conv=[4, 29] top_abs_channels=[('Pz', 0.15420522), ('O2', 0.13982753), ('T3', 0.12060852), ('O1', 0.12035523), ('Fp1', 0.11900489), ('CP3', 0.11895508), ('T4', 0.11542276), ('CP4', 0.11501556)]
[2026-05-30 10:50:47]     spatial_update=delta_l2=0.14745862 max_abs=0.03555515 relative=0.12355358 changed=True

[2026-05-30 10:50:47] Fold 5/5 | subject=21
[2026-05-30 10:50:47]     Train: 32 | counts=[16, 16]
[2026-05-30 10:50:47]     Test:  8 | counts=[4, 4]
[2026-05-30 10:50:47]     Model: SignalJEPA_PreLocal | Pretrained: from_pretrained | Strategy: new
[2026-05-30 10:50:47]     Normalization: none | fit_scope=none
[2026-05-30 10:50:47]     Phase 1 (new): 2,170/16,010 params
[2026-05-30 10:50:48]     Result | best_epoch=1 | stop=51 | final_phase_epochs=51 | acc=0.3750 | bal_acc=0.3750 | pred_hist=[1, 7] | collapse=False
[2026-05-30 10:50:48]     spatial_conv=[4, 29] top_abs_channels=[('Pz', 0.15351334), ('O2', 0.14470695), ('T3', 0.12706733), ('O1', 0.12154593), ('T4', 0.12090003), ('CP3', 0.12014328), ('C3', 0.11569349), ('Fp1', 0.11084488)]
[2026-05-30 10:50:48]     spatial_update=delta_l2=0.01166984 max_abs=0.00238889 relative=0.00977800 changed=True
[2026-05-30 10:50:48]   Subject 21: acc=0.5750±0.2031  bal_acc=0.5750±0.2031
[2026-05-30 10:50:48] \nSubject 22: 40 windows | class_counts=[20, 20]

[2026-05-30 10:50:48] Fold 1/5 | subject=22
[2026-05-30 10:50:48]     Train: 32 | counts=[16, 16]
[2026-05-30 10:50:48]     Test:  8 | counts=[4, 4]
[2026-05-30 10:50:48]     Model: SignalJEPA_PreLocal | Pretrained: from_pretrained | Strategy: new
[2026-05-30 10:50:48]     Normalization: none | fit_scope=none
[2026-05-30 10:50:48]     Phase 1 (new): 2,170/16,010 params
[2026-05-30 10:50:50]     Result | best_epoch=95 | stop=145 | final_phase_epochs=145 | acc=0.8750 | bal_acc=0.8750 | pred_hist=[5, 3] | collapse=False
[2026-05-30 10:50:50]     spatial_conv=[4, 29] top_abs_channels=[('CP3', 0.1424714), ('Cz', 0.13899602), ('Pz', 0.13873649), ('F7', 0.13441518), ('FC4', 0.13254279), ('Fz', 0.1204249), ('FCz', 0.1154409), ('C3', 0.1142391)]
[2026-05-30 10:50:50]     spatial_update=delta_l2=0.54038746 max_abs=0.13030291 relative=0.45278331 changed=True

[2026-05-30 10:50:51] Fold 2/5 | subject=22
[2026-05-30 10:50:51]     Train: 32 | counts=[16, 16]
[2026-05-30 10:50:51]     Test:  8 | counts=[4, 4]
[2026-05-30 10:50:51]     Model: SignalJEPA_PreLocal | Pretrained: from_pretrained | Strategy: new
[2026-05-30 10:50:51]     Normalization: none | fit_scope=none
[2026-05-30 10:50:51]     Phase 1 (new): 2,170/16,010 params
[2026-05-30 10:50:55]     Result | best_epoch=253 | stop=303 | final_phase_epochs=303 | acc=0.7500 | bal_acc=0.7500 | pred_hist=[4, 4] | collapse=False
[2026-05-30 10:50:55]     spatial_conv=[4, 29] top_abs_channels=[('FC4', 0.17660132), ('F7', 0.17133722), ('CP3', 0.15720907), ('Pz', 0.13100272), ('Cz', 0.11875049), ('O2', 0.11742109), ('F8', 0.11548819), ('Fz', 0.11288795)]
[2026-05-30 10:50:55]     spatial_update=delta_l2=0.80851132 max_abs=0.23648277 relative=0.67744065 changed=True

[2026-05-30 10:50:56] Fold 3/5 | subject=22
[2026-05-30 10:50:56]     Train: 32 | counts=[16, 16]
[2026-05-30 10:50:56]     Test:  8 | counts=[4, 4]
[2026-05-30 10:50:56]     Model: SignalJEPA_PreLocal | Pretrained: from_pretrained | Strategy: new
[2026-05-30 10:50:56]     Normalization: none | fit_scope=none
[2026-05-30 10:50:56]     Phase 1 (new): 2,170/16,010 params
[2026-05-30 10:50:59]     Result | best_epoch=163 | stop=213 | final_phase_epochs=213 | acc=0.8750 | bal_acc=0.8750 | pred_hist=[5, 3] | collapse=False
[2026-05-30 10:50:59]     spatial_conv=[4, 29] top_abs_channels=[('F7', 0.16039608), ('CP3', 0.14732747), ('Cz', 0.13673171), ('Oz', 0.13530967), ('Pz', 0.13435943), ('FC4', 0.12614462), ('C3', 0.11822978), ('Fz', 0.10553947)]
[2026-05-30 10:50:59]     spatial_update=delta_l2=0.72832295 max_abs=0.16823019 relative=0.61025190 changed=True

[2026-05-30 10:50:59] Fold 4/5 | subject=22
[2026-05-30 10:50:59]     Train: 32 | counts=[16, 16]
[2026-05-30 10:50:59]     Test:  8 | counts=[4, 4]
[2026-05-30 10:50:59]     Model: SignalJEPA_PreLocal | Pretrained: from_pretrained | Strategy: new
[2026-05-30 10:50:59]     Normalization: none | fit_scope=none
[2026-05-30 10:50:59]     Phase 1 (new): 2,170/16,010 params
[2026-05-30 10:51:03]     Result | best_epoch=230 | stop=280 | final_phase_epochs=280 | acc=1.0000 | bal_acc=1.0000 | pred_hist=[4, 4] | collapse=False
[2026-05-30 10:51:03]     spatial_conv=[4, 29] top_abs_channels=[('C4', 0.16478252), ('F7', 0.15795682), ('CP3', 0.13587683), ('C3', 0.13518602), ('Pz', 0.13389482), ('T4', 0.11449508), ('Cz', 0.1144459), ('Fz', 0.11414678)]
[2026-05-30 10:51:03]     spatial_update=delta_l2=0.72190553 max_abs=0.16622051 relative=0.60487483 changed=True

[2026-05-30 10:51:03] Fold 5/5 | subject=22
[2026-05-30 10:51:03]     Train: 32 | counts=[16, 16]
[2026-05-30 10:51:03]     Test:  8 | counts=[4, 4]
[2026-05-30 10:51:03]     Model: SignalJEPA_PreLocal | Pretrained: from_pretrained | Strategy: new
[2026-05-30 10:51:03]     Normalization: none | fit_scope=none
[2026-05-30 10:51:03]     Phase 1 (new): 2,170/16,010 params
[2026-05-30 10:51:06]     Result | best_epoch=157 | stop=207 | final_phase_epochs=207 | acc=1.0000 | bal_acc=1.0000 | pred_hist=[4, 4] | collapse=False
[2026-05-30 10:51:06]     spatial_conv=[4, 29] top_abs_channels=[('F7', 0.20351371), ('C3', 0.15851033), ('Pz', 0.13730043), ('CP3', 0.13419601), ('FC4', 0.12204495), ('C4', 0.1146252), ('O1', 0.11221644), ('Fz', 0.10898314)]
[2026-05-30 10:51:06]     spatial_update=delta_l2=0.60307991 max_abs=0.18029120 relative=0.50531246 changed=True
[2026-05-30 10:51:06]   Subject 22: acc=0.9000±0.0935  bal_acc=0.9000±0.0935
[2026-05-30 10:51:06] \nSubject 23: 40 windows | class_counts=[20, 20]

[2026-05-30 10:51:07] Fold 1/5 | subject=23
[2026-05-30 10:51:07]     Train: 32 | counts=[16, 16]
[2026-05-30 10:51:07]     Test:  8 | counts=[4, 4]
[2026-05-30 10:51:07]     Model: SignalJEPA_PreLocal | Pretrained: from_pretrained | Strategy: new
[2026-05-30 10:51:07]     Normalization: none | fit_scope=none
[2026-05-30 10:51:07]     Phase 1 (new): 2,170/16,010 params
[2026-05-30 10:51:08]     Result | best_epoch=1 | stop=51 | final_phase_epochs=51 | acc=0.5000 | bal_acc=0.5000 | pred_hist=[0, 8] | collapse=True
[2026-05-30 10:51:08]     spatial_conv=[4, 29] top_abs_channels=[('Pz', 0.15269344), ('O2', 0.1441552), ('T3', 0.12633002), ('T4', 0.12197906), ('CP3', 0.12126092), ('O1', 0.12118548), ('C3', 0.11501899), ('CP4', 0.11133922)]
[2026-05-30 10:51:08]     spatial_update=delta_l2=0.01102679 max_abs=0.00218644 relative=0.00923920 changed=True

[2026-05-30 10:51:08] Fold 2/5 | subject=23
[2026-05-30 10:51:08]     Train: 32 | counts=[16, 16]
[2026-05-30 10:51:08]     Test:  8 | counts=[4, 4]
[2026-05-30 10:51:08]     Model: SignalJEPA_PreLocal | Pretrained: from_pretrained | Strategy: new
[2026-05-30 10:51:08]     Normalization: none | fit_scope=none
[2026-05-30 10:51:08]     Phase 1 (new): 2,170/16,010 params
[2026-05-30 10:51:09]     Result | best_epoch=1 | stop=51 | final_phase_epochs=51 | acc=0.5000 | bal_acc=0.5000 | pred_hist=[0, 8] | collapse=True
[2026-05-30 10:51:09]     spatial_conv=[4, 29] top_abs_channels=[('Pz', 0.15263677), ('O2', 0.144059), ('T3', 0.1270892), ('O1', 0.12308025), ('T4', 0.12266648), ('CP3', 0.12109187), ('C3', 0.11458082), ('Fp1', 0.11088081)]
[2026-05-30 10:51:09]     spatial_update=delta_l2=0.01290820 max_abs=0.00225247 relative=0.01081560 changed=True

[2026-05-30 10:51:09] Fold 3/5 | subject=23
[2026-05-30 10:51:09]     Train: 32 | counts=[16, 16]
[2026-05-30 10:51:09]     Test:  8 | counts=[4, 4]
[2026-05-30 10:51:09]     Model: SignalJEPA_PreLocal | Pretrained: from_pretrained | Strategy: new
[2026-05-30 10:51:09]     Normalization: none | fit_scope=none
[2026-05-30 10:51:09]     Phase 1 (new): 2,170/16,010 params
[2026-05-30 10:51:10]     Result | best_epoch=1 | stop=51 | final_phase_epochs=51 | acc=0.5000 | bal_acc=0.5000 | pred_hist=[0, 8] | collapse=True
[2026-05-30 10:51:10]     spatial_conv=[4, 29] top_abs_channels=[('Pz', 0.15343425), ('O2', 0.1445026), ('T3', 0.1272504), ('T4', 0.12271453), ('CP3', 0.12095331), ('O1', 0.12090006), ('C3', 0.11520375), ('CP4', 0.11135335)]
[2026-05-30 10:51:10]     spatial_update=delta_l2=0.01022359 max_abs=0.00204311 relative=0.00856621 changed=True

[2026-05-30 10:51:10] Fold 4/5 | subject=23
[2026-05-30 10:51:10]     Train: 32 | counts=[16, 16]
[2026-05-30 10:51:10]     Test:  8 | counts=[4, 4]
[2026-05-30 10:51:10]     Model: SignalJEPA_PreLocal | Pretrained: from_pretrained | Strategy: new
[2026-05-30 10:51:10]     Normalization: none | fit_scope=none
[2026-05-30 10:51:10]     Phase 1 (new): 2,170/16,010 params
[2026-05-30 10:51:11]     Result | best_epoch=1 | stop=51 | final_phase_epochs=51 | acc=0.5000 | bal_acc=0.5000 | pred_hist=[0, 8] | collapse=True
[2026-05-30 10:51:11]     spatial_conv=[4, 29] top_abs_channels=[('Pz', 0.15282989), ('O2', 0.14423253), ('T3', 0.12709105), ('T4', 0.12231341), ('CP3', 0.12168375), ('O1', 0.12091373), ('C3', 0.11525853), ('CP4', 0.11081764)]
[2026-05-30 10:51:11]     spatial_update=delta_l2=0.01283902 max_abs=0.00228404 relative=0.01075764 changed=True

[2026-05-30 10:51:12] Fold 5/5 | subject=23
[2026-05-30 10:51:12]     Train: 32 | counts=[16, 16]
[2026-05-30 10:51:12]     Test:  8 | counts=[4, 4]
[2026-05-30 10:51:12]     Model: SignalJEPA_PreLocal | Pretrained: from_pretrained | Strategy: new
[2026-05-30 10:51:12]     Normalization: none | fit_scope=none
[2026-05-30 10:51:12]     Phase 1 (new): 2,170/16,010 params
[2026-05-30 10:51:12]     Result | best_epoch=1 | stop=51 | final_phase_epochs=51 | acc=0.5000 | bal_acc=0.5000 | pred_hist=[0, 8] | collapse=True
[2026-05-30 10:51:12]     spatial_conv=[4, 29] top_abs_channels=[('Pz', 0.15308513), ('O2', 0.14360248), ('T3', 0.12653069), ('O1', 0.1220074), ('T4', 0.12119018), ('CP3', 0.12027358), ('C3', 0.11481592), ('CP4', 0.11096472)]
[2026-05-30 10:51:12]     spatial_update=delta_l2=0.01116311 max_abs=0.00212203 relative=0.00935342 changed=True
[2026-05-30 10:51:12]   Subject 23: acc=0.5000±0.0000  bal_acc=0.5000±0.0000
[2026-05-30 10:51:12] \nSubject 24: 40 windows | class_counts=[20, 20]

[2026-05-30 10:51:13] Fold 1/5 | subject=24
[2026-05-30 10:51:13]     Train: 32 | counts=[16, 16]
[2026-05-30 10:51:13]     Test:  8 | counts=[4, 4]
[2026-05-30 10:51:13]     Model: SignalJEPA_PreLocal | Pretrained: from_pretrained | Strategy: new
[2026-05-30 10:51:13]     Normalization: none | fit_scope=none
[2026-05-30 10:51:13]     Phase 1 (new): 2,170/16,010 params
[2026-05-30 10:51:14]     Result | best_epoch=1 | stop=51 | final_phase_epochs=51 | acc=0.5000 | bal_acc=0.5000 | pred_hist=[0, 8] | collapse=True
[2026-05-30 10:51:14]     spatial_conv=[4, 29] top_abs_channels=[('Pz', 0.1521567), ('O2', 0.14393832), ('T3', 0.12681049), ('T4', 0.12279452), ('O1', 0.12146045), ('CP3', 0.12054487), ('C3', 0.11640175), ('CP4', 0.11110878)]
[2026-05-30 10:51:14]     spatial_update=delta_l2=0.01108445 max_abs=0.00214287 relative=0.00928751 changed=True

[2026-05-30 10:51:14] Fold 2/5 | subject=24
[2026-05-30 10:51:14]     Train: 32 | counts=[16, 16]
[2026-05-30 10:51:14]     Test:  8 | counts=[4, 4]
[2026-05-30 10:51:14]     Model: SignalJEPA_PreLocal | Pretrained: from_pretrained | Strategy: new
[2026-05-30 10:51:14]     Normalization: none | fit_scope=none
[2026-05-30 10:51:14]     Phase 1 (new): 2,170/16,010 params
[2026-05-30 10:51:15]     Result | best_epoch=1 | stop=51 | final_phase_epochs=51 | acc=0.5000 | bal_acc=0.5000 | pred_hist=[0, 8] | collapse=True
[2026-05-30 10:51:15]     spatial_conv=[4, 29] top_abs_channels=[('Pz', 0.15288395), ('O2', 0.14421126), ('T3', 0.12689067), ('T4', 0.12221509), ('O1', 0.12145425), ('CP3', 0.1205875), ('C3', 0.11559902), ('CP4', 0.11107398)]
[2026-05-30 10:51:15]     spatial_update=delta_l2=0.01184288 max_abs=0.00206336 relative=0.00992299 changed=True

[2026-05-30 10:51:15] Fold 3/5 | subject=24
[2026-05-30 10:51:15]     Train: 32 | counts=[16, 16]
[2026-05-30 10:51:15]     Test:  8 | counts=[4, 4]
[2026-05-30 10:51:15]     Model: SignalJEPA_PreLocal | Pretrained: from_pretrained | Strategy: new
[2026-05-30 10:51:15]     Normalization: none | fit_scope=none
[2026-05-30 10:51:15]     Phase 1 (new): 2,170/16,010 params
[2026-05-30 10:51:16]     Result | best_epoch=1 | stop=51 | final_phase_epochs=51 | acc=0.5000 | bal_acc=0.5000 | pred_hist=[0, 8] | collapse=True
[2026-05-30 10:51:16]     spatial_conv=[4, 29] top_abs_channels=[('Pz', 0.15235308), ('O2', 0.14516041), ('T3', 0.12661488), ('T4', 0.12192702), ('O1', 0.12117117), ('CP3', 0.12075025), ('C3', 0.11574791), ('CP4', 0.11095756)]
[2026-05-30 10:51:16]     spatial_update=delta_l2=0.01039397 max_abs=0.00208382 relative=0.00870897 changed=True

[2026-05-30 10:51:16] Fold 4/5 | subject=24
[2026-05-30 10:51:16]     Train: 32 | counts=[16, 16]
[2026-05-30 10:51:16]     Test:  8 | counts=[4, 4]
[2026-05-30 10:51:16]     Model: SignalJEPA_PreLocal | Pretrained: from_pretrained | Strategy: new
[2026-05-30 10:51:16]     Normalization: none | fit_scope=none
[2026-05-30 10:51:16]     Phase 1 (new): 2,170/16,010 params
[2026-05-30 10:51:17]     Result | best_epoch=1 | stop=51 | final_phase_epochs=51 | acc=0.3750 | bal_acc=0.3750 | pred_hist=[1, 7] | collapse=False
[2026-05-30 10:51:17]     spatial_conv=[4, 29] top_abs_channels=[('Pz', 0.15171379), ('O2', 0.14525864), ('T3', 0.12638025), ('T4', 0.12214676), ('O1', 0.12100876), ('CP3', 0.12025206), ('C3', 0.11594017), ('CP4', 0.11084364)]
[2026-05-30 10:51:17]     spatial_update=delta_l2=0.01137077 max_abs=0.00232708 relative=0.00952741 changed=True

[2026-05-30 10:51:18] Fold 5/5 | subject=24
[2026-05-30 10:51:18]     Train: 32 | counts=[16, 16]
[2026-05-30 10:51:18]     Test:  8 | counts=[4, 4]
[2026-05-30 10:51:18]     Model: SignalJEPA_PreLocal | Pretrained: from_pretrained | Strategy: new
[2026-05-30 10:51:18]     Normalization: none | fit_scope=none
[2026-05-30 10:51:18]     Phase 1 (new): 2,170/16,010 params
[2026-05-30 10:51:18]     Result | best_epoch=1 | stop=51 | final_phase_epochs=51 | acc=0.5000 | bal_acc=0.5000 | pred_hist=[0, 8] | collapse=True
[2026-05-30 10:51:18]     spatial_conv=[4, 29] top_abs_channels=[('Pz', 0.15160185), ('O2', 0.14491791), ('T3', 0.12719214), ('T4', 0.12229139), ('O1', 0.12126481), ('CP3', 0.12048084), ('C3', 0.11528714), ('CP4', 0.11066821)]
[2026-05-30 10:51:18]     spatial_update=delta_l2=0.01184963 max_abs=0.00206871 relative=0.00992865 changed=True
[2026-05-30 10:51:18]   Subject 24: acc=0.4750±0.0500  bal_acc=0.4750±0.0500
[2026-05-30 10:51:18] \nSubject 25: 40 windows | class_counts=[20, 20]

[2026-05-30 10:51:19] Fold 1/5 | subject=25
[2026-05-30 10:51:19]     Train: 32 | counts=[16, 16]
[2026-05-30 10:51:19]     Test:  8 | counts=[4, 4]
[2026-05-30 10:51:19]     Model: SignalJEPA_PreLocal | Pretrained: from_pretrained | Strategy: new
[2026-05-30 10:51:19]     Normalization: none | fit_scope=none
[2026-05-30 10:51:19]     Phase 1 (new): 2,170/16,010 params
[2026-05-30 10:51:20]     Result | best_epoch=1 | stop=51 | final_phase_epochs=51 | acc=0.5000 | bal_acc=0.5000 | pred_hist=[0, 8] | collapse=True
[2026-05-30 10:51:20]     spatial_conv=[4, 29] top_abs_channels=[('Pz', 0.15446034), ('O2', 0.14440745), ('T3', 0.12715435), ('T4', 0.12234578), ('O1', 0.12157966), ('CP3', 0.12027091), ('C3', 0.11486551), ('CP4', 0.11077023)]
[2026-05-30 10:51:20]     spatial_update=delta_l2=0.01439130 max_abs=0.00223724 relative=0.01205828 changed=True

[2026-05-30 10:51:20] Fold 2/5 | subject=25
[2026-05-30 10:51:20]     Train: 32 | counts=[16, 16]
[2026-05-30 10:51:20]     Test:  8 | counts=[4, 4]
[2026-05-30 10:51:20]     Model: SignalJEPA_PreLocal | Pretrained: from_pretrained | Strategy: new
[2026-05-30 10:51:20]     Normalization: none | fit_scope=none
[2026-05-30 10:51:20]     Phase 1 (new): 2,170/16,010 params
[2026-05-30 10:51:21]     Result | best_epoch=1 | stop=51 | final_phase_epochs=51 | acc=0.5000 | bal_acc=0.5000 | pred_hist=[0, 8] | collapse=True
[2026-05-30 10:51:21]     spatial_conv=[4, 29] top_abs_channels=[('Pz', 0.15362266), ('O2', 0.14449137), ('T3', 0.12641668), ('T4', 0.12319648), ('O1', 0.1211477), ('CP3', 0.12044956), ('C3', 0.11516587), ('CP4', 0.11112742)]
[2026-05-30 10:51:21]     spatial_update=delta_l2=0.01347186 max_abs=0.00233448 relative=0.01128789 changed=True

[2026-05-30 10:51:21] Fold 3/5 | subject=25
[2026-05-30 10:51:21]     Train: 32 | counts=[16, 16]
[2026-05-30 10:51:21]     Test:  8 | counts=[4, 4]
[2026-05-30 10:51:21]     Model: SignalJEPA_PreLocal | Pretrained: from_pretrained | Strategy: new
[2026-05-30 10:51:21]     Normalization: none | fit_scope=none
[2026-05-30 10:51:21]     Phase 1 (new): 2,170/16,010 params
[2026-05-30 10:51:22]     Result | best_epoch=1 | stop=51 | final_phase_epochs=51 | acc=0.5000 | bal_acc=0.5000 | pred_hist=[0, 8] | collapse=True
[2026-05-30 10:51:22]     spatial_conv=[4, 29] top_abs_channels=[('Pz', 0.15359084), ('O2', 0.14443201), ('T3', 0.12593716), ('T4', 0.12322658), ('O1', 0.1213624), ('CP3', 0.12121953), ('C3', 0.1160219), ('CP4', 0.11099289)]
[2026-05-30 10:51:22]     spatial_update=delta_l2=0.01388679 max_abs=0.00224002 relative=0.01163555 changed=True

[2026-05-30 10:51:22] Fold 4/5 | subject=25
[2026-05-30 10:51:22]     Train: 32 | counts=[16, 16]
[2026-05-30 10:51:22]     Test:  8 | counts=[4, 4]
[2026-05-30 10:51:22]     Model: SignalJEPA_PreLocal | Pretrained: from_pretrained | Strategy: new
[2026-05-30 10:51:22]     Normalization: none | fit_scope=none
[2026-05-30 10:51:22]     Phase 1 (new): 2,170/16,010 params
[2026-05-30 10:51:23]     Result | best_epoch=1 | stop=51 | final_phase_epochs=51 | acc=0.5000 | bal_acc=0.5000 | pred_hist=[0, 8] | collapse=True
[2026-05-30 10:51:23]     spatial_conv=[4, 29] top_abs_channels=[('Pz', 0.15402478), ('O2', 0.14442004), ('T3', 0.12665933), ('T4', 0.12257501), ('CP3', 0.12122047), ('O1', 0.12054688), ('C3', 0.11464767), ('CP4', 0.11078601)]
[2026-05-30 10:51:23]     spatial_update=delta_l2=0.01357936 max_abs=0.00236589 relative=0.01137796 changed=True

[2026-05-30 10:51:24] Fold 5/5 | subject=25
[2026-05-30 10:51:24]     Train: 32 | counts=[16, 16]
[2026-05-30 10:51:24]     Test:  8 | counts=[4, 4]
[2026-05-30 10:51:24]     Model: SignalJEPA_PreLocal | Pretrained: from_pretrained | Strategy: new
[2026-05-30 10:51:24]     Normalization: none | fit_scope=none
[2026-05-30 10:51:24]     Phase 1 (new): 2,170/16,010 params
[2026-05-30 10:51:24]     Result | best_epoch=1 | stop=51 | final_phase_epochs=51 | acc=0.5000 | bal_acc=0.5000 | pred_hist=[0, 8] | collapse=True
[2026-05-30 10:51:24]     spatial_conv=[4, 29] top_abs_channels=[('Pz', 0.15402272), ('O2', 0.14486179), ('T3', 0.12768298), ('T4', 0.12247102), ('CP3', 0.12084528), ('O1', 0.12066275), ('C3', 0.11433164), ('CP4', 0.11064299)]
[2026-05-30 10:51:24]     spatial_update=delta_l2=0.01402795 max_abs=0.00223801 relative=0.01175382 changed=True
[2026-05-30 10:51:24]   Subject 25: acc=0.5000±0.0000  bal_acc=0.5000±0.0000
[2026-05-30 10:51:24] \nSubject 26: 40 windows | class_counts=[20, 20]

[2026-05-30 10:51:25] Fold 1/5 | subject=26
[2026-05-30 10:51:25]     Train: 32 | counts=[16, 16]
[2026-05-30 10:51:25]     Test:  8 | counts=[4, 4]
[2026-05-30 10:51:25]     Model: SignalJEPA_PreLocal | Pretrained: from_pretrained | Strategy: new
[2026-05-30 10:51:25]     Normalization: none | fit_scope=none
[2026-05-30 10:51:25]     Phase 1 (new): 2,170/16,010 params
[2026-05-30 10:51:27]     Result | best_epoch=72 | stop=122 | final_phase_epochs=122 | acc=0.5000 | bal_acc=0.5000 | pred_hist=[4, 4] | collapse=False
[2026-05-30 10:51:27]     spatial_conv=[4, 29] top_abs_channels=[('Pz', 0.15406772), ('C3', 0.15131968), ('O2', 0.1420763), ('T4', 0.12608723), ('CP3', 0.12079443), ('CP4', 0.11314835), ('FCz', 0.10985761), ('FT7', 0.10718021)]
[2026-05-30 10:51:27]     spatial_update=delta_l2=0.38117251 max_abs=0.10986641 relative=0.31937926 changed=True

[2026-05-30 10:51:27] Fold 2/5 | subject=26
[2026-05-30 10:51:27]     Train: 32 | counts=[16, 16]
[2026-05-30 10:51:27]     Test:  8 | counts=[4, 4]
[2026-05-30 10:51:27]     Model: SignalJEPA_PreLocal | Pretrained: from_pretrained | Strategy: new
[2026-05-30 10:51:27]     Normalization: none | fit_scope=none
[2026-05-30 10:51:27]     Phase 1 (new): 2,170/16,010 params
[2026-05-30 10:51:28]     Result | best_epoch=1 | stop=51 | final_phase_epochs=51 | acc=0.5000 | bal_acc=0.5000 | pred_hist=[0, 8] | collapse=True
[2026-05-30 10:51:28]     spatial_conv=[4, 29] top_abs_channels=[('Pz', 0.15219049), ('O2', 0.14466822), ('T3', 0.12684596), ('CP3', 0.12161583), ('T4', 0.12113977), ('O1', 0.12113148), ('C3', 0.11521595), ('CP4', 0.11091517)]
[2026-05-30 10:51:28]     spatial_update=delta_l2=0.01307794 max_abs=0.00217067 relative=0.01095783 changed=True

[2026-05-30 10:51:28] Fold 3/5 | subject=26
[2026-05-30 10:51:28]     Train: 32 | counts=[16, 16]
[2026-05-30 10:51:28]     Test:  8 | counts=[4, 4]
[2026-05-30 10:51:28]     Model: SignalJEPA_PreLocal | Pretrained: from_pretrained | Strategy: new
[2026-05-30 10:51:28]     Normalization: none | fit_scope=none
[2026-05-30 10:51:28]     Phase 1 (new): 2,170/16,010 params
[2026-05-30 10:51:29]     Result | best_epoch=1 | stop=51 | final_phase_epochs=51 | acc=0.5000 | bal_acc=0.5000 | pred_hist=[0, 8] | collapse=True
[2026-05-30 10:51:29]     spatial_conv=[4, 29] top_abs_channels=[('Pz', 0.15220881), ('O2', 0.14488155), ('T3', 0.12729971), ('O1', 0.12181186), ('T4', 0.12136891), ('CP3', 0.12106015), ('C3', 0.11493753), ('CP4', 0.11166545)]
[2026-05-30 10:51:29]     spatial_update=delta_l2=0.01303886 max_abs=0.00217219 relative=0.01092508 changed=True

[2026-05-30 10:51:29] Fold 4/5 | subject=26
[2026-05-30 10:51:29]     Train: 32 | counts=[16, 16]
[2026-05-30 10:51:29]     Test:  8 | counts=[4, 4]
[2026-05-30 10:51:29]     Model: SignalJEPA_PreLocal | Pretrained: from_pretrained | Strategy: new
[2026-05-30 10:51:29]     Normalization: none | fit_scope=none
[2026-05-30 10:51:29]     Phase 1 (new): 2,170/16,010 params
[2026-05-30 10:51:30]     Result | best_epoch=1 | stop=51 | final_phase_epochs=51 | acc=0.5000 | bal_acc=0.5000 | pred_hist=[0, 8] | collapse=True
[2026-05-30 10:51:30]     spatial_conv=[4, 29] top_abs_channels=[('Pz', 0.15322755), ('O2', 0.14462821), ('T3', 0.12791117), ('O1', 0.12205426), ('T4', 0.12102182), ('CP3', 0.12022241), ('C3', 0.11579455), ('CP4', 0.11168009)]
[2026-05-30 10:51:30]     spatial_update=delta_l2=0.01351442 max_abs=0.00208051 relative=0.01132355 changed=True

[2026-05-30 10:51:31] Fold 5/5 | subject=26
[2026-05-30 10:51:31]     Train: 32 | counts=[16, 16]
[2026-05-30 10:51:31]     Test:  8 | counts=[4, 4]
[2026-05-30 10:51:31]     Model: SignalJEPA_PreLocal | Pretrained: from_pretrained | Strategy: new
[2026-05-30 10:51:31]     Normalization: none | fit_scope=none
[2026-05-30 10:51:31]     Phase 1 (new): 2,170/16,010 params
[2026-05-30 10:51:31]     Result | best_epoch=1 | stop=51 | final_phase_epochs=51 | acc=0.5000 | bal_acc=0.5000 | pred_hist=[0, 8] | collapse=True
[2026-05-30 10:51:31]     spatial_conv=[4, 29] top_abs_channels=[('Pz', 0.153173), ('O2', 0.14409001), ('T3', 0.12769911), ('O1', 0.12186753), ('T4', 0.12177435), ('CP3', 0.12020346), ('C3', 0.11685532), ('CP4', 0.11031635)]
[2026-05-30 10:51:31]     spatial_update=delta_l2=0.01480700 max_abs=0.00213341 relative=0.01240658 changed=True
[2026-05-30 10:51:31]   Subject 26: acc=0.5000±0.0000  bal_acc=0.5000±0.0000
[2026-05-30 10:51:31] \nSubject 27: 40 windows | class_counts=[20, 20]

[2026-05-30 10:51:32] Fold 1/5 | subject=27
[2026-05-30 10:51:32]     Train: 32 | counts=[16, 16]
[2026-05-30 10:51:32]     Test:  8 | counts=[4, 4]
[2026-05-30 10:51:32]     Model: SignalJEPA_PreLocal | Pretrained: from_pretrained | Strategy: new
[2026-05-30 10:51:32]     Normalization: none | fit_scope=none
[2026-05-30 10:51:32]     Phase 1 (new): 2,170/16,010 params
[2026-05-30 10:51:33]     Result | best_epoch=1 | stop=51 | final_phase_epochs=51 | acc=0.5000 | bal_acc=0.5000 | pred_hist=[0, 8] | collapse=True
[2026-05-30 10:51:33]     spatial_conv=[4, 29] top_abs_channels=[('Pz', 0.15277988), ('O2', 0.14430176), ('T3', 0.12713857), ('O1', 0.1218279), ('T4', 0.1217584), ('CP3', 0.12120698), ('C3', 0.11493963), ('CP4', 0.11043039)]
[2026-05-30 10:51:33]     spatial_update=delta_l2=0.00967290 max_abs=0.00206378 relative=0.00810479 changed=True

[2026-05-30 10:51:33] Fold 2/5 | subject=27
[2026-05-30 10:51:33]     Train: 32 | counts=[16, 16]
[2026-05-30 10:51:33]     Test:  8 | counts=[4, 4]
[2026-05-30 10:51:33]     Model: SignalJEPA_PreLocal | Pretrained: from_pretrained | Strategy: new
[2026-05-30 10:51:33]     Normalization: none | fit_scope=none
[2026-05-30 10:51:33]     Phase 1 (new): 2,170/16,010 params
[2026-05-30 10:51:35]     Result | best_epoch=91 | stop=141 | final_phase_epochs=141 | acc=0.8750 | bal_acc=0.8750 | pred_hist=[3, 5] | collapse=False
[2026-05-30 10:51:35]     spatial_conv=[4, 29] top_abs_channels=[('O2', 0.24488921), ('CP3', 0.14649573), ('Pz', 0.1296456), ('O1', 0.12753594), ('T3', 0.12594703), ('P3', 0.12370439), ('CP4', 0.11889041), ('C3', 0.11127882)]
[2026-05-30 10:51:35]     spatial_update=delta_l2=0.45772637 max_abs=0.16029744 relative=0.38352270 changed=True

[2026-05-30 10:51:36] Fold 3/5 | subject=27
[2026-05-30 10:51:36]     Train: 32 | counts=[16, 16]
[2026-05-30 10:51:36]     Test:  8 | counts=[4, 4]
[2026-05-30 10:51:36]     Model: SignalJEPA_PreLocal | Pretrained: from_pretrained | Strategy: new
[2026-05-30 10:51:36]     Normalization: none | fit_scope=none
[2026-05-30 10:51:36]     Phase 1 (new): 2,170/16,010 params
[2026-05-30 10:51:36]     Result | best_epoch=1 | stop=51 | final_phase_epochs=51 | acc=0.5000 | bal_acc=0.5000 | pred_hist=[0, 8] | collapse=True
[2026-05-30 10:51:36]     spatial_conv=[4, 29] top_abs_channels=[('Pz', 0.15341155), ('O2', 0.14404942), ('T3', 0.12632823), ('T4', 0.12291762), ('O1', 0.12128677), ('CP3', 0.12050337), ('C3', 0.11540414), ('CP4', 0.11177189)]
[2026-05-30 10:51:36]     spatial_update=delta_l2=0.01184422 max_abs=0.00223064 relative=0.00992411 changed=True

[2026-05-30 10:51:37] Fold 4/5 | subject=27
[2026-05-30 10:51:37]     Train: 32 | counts=[16, 16]
[2026-05-30 10:51:37]     Test:  8 | counts=[4, 4]
[2026-05-30 10:51:37]     Model: SignalJEPA_PreLocal | Pretrained: from_pretrained | Strategy: new
[2026-05-30 10:51:37]     Normalization: none | fit_scope=none
[2026-05-30 10:51:37]     Phase 1 (new): 2,170/16,010 params
[2026-05-30 10:51:38]     Result | best_epoch=24 | stop=74 | final_phase_epochs=74 | acc=0.5000 | bal_acc=0.5000 | pred_hist=[4, 4] | collapse=False
[2026-05-30 10:51:38]     spatial_conv=[4, 29] top_abs_channels=[('O2', 0.15433696), ('Pz', 0.1480341), ('T3', 0.12864473), ('CP3', 0.12671526), ('O1', 0.12337029), ('T4', 0.12266663), ('C3', 0.11124729), ('P3', 0.1093685)]
[2026-05-30 10:51:38]     spatial_update=delta_l2=0.16004921 max_abs=0.04209910 relative=0.13410306 changed=True

[2026-05-30 10:51:38] Fold 5/5 | subject=27
[2026-05-30 10:51:38]     Train: 32 | counts=[16, 16]
[2026-05-30 10:51:38]     Test:  8 | counts=[4, 4]
[2026-05-30 10:51:38]     Model: SignalJEPA_PreLocal | Pretrained: from_pretrained | Strategy: new
[2026-05-30 10:51:38]     Normalization: none | fit_scope=none
[2026-05-30 10:51:38]     Phase 1 (new): 2,170/16,010 params
[2026-05-30 10:51:39]     Result | best_epoch=1 | stop=51 | final_phase_epochs=51 | acc=0.5000 | bal_acc=0.5000 | pred_hist=[0, 8] | collapse=True
[2026-05-30 10:51:39]     spatial_conv=[4, 29] top_abs_channels=[('Pz', 0.1527679), ('O2', 0.14536922), ('T3', 0.12693699), ('T4', 0.12259538), ('O1', 0.12176172), ('CP3', 0.12144314), ('C3', 0.11573268), ('CP4', 0.11127822)]
[2026-05-30 10:51:39]     spatial_update=delta_l2=0.01286743 max_abs=0.00238159 relative=0.01078144 changed=True
[2026-05-30 10:51:39]   Subject 27: acc=0.5750±0.1500  bal_acc=0.5750±0.1500
[2026-05-30 10:51:39] \nSubject 28: 40 windows | class_counts=[20, 20]

[2026-05-30 10:51:39] Fold 1/5 | subject=28
[2026-05-30 10:51:39]     Train: 32 | counts=[16, 16]
[2026-05-30 10:51:39]     Test:  8 | counts=[4, 4]
[2026-05-30 10:51:39]     Model: SignalJEPA_PreLocal | Pretrained: from_pretrained | Strategy: new
[2026-05-30 10:51:39]     Normalization: none | fit_scope=none
[2026-05-30 10:51:39]     Phase 1 (new): 2,170/16,010 params
[2026-05-30 10:51:40]     Result | best_epoch=1 | stop=51 | final_phase_epochs=51 | acc=0.5000 | bal_acc=0.5000 | pred_hist=[0, 8] | collapse=True
[2026-05-30 10:51:40]     spatial_conv=[4, 29] top_abs_channels=[('Pz', 0.15414104), ('O2', 0.14296761), ('T3', 0.12672593), ('O1', 0.12274102), ('T4', 0.12234797), ('CP3', 0.1210456), ('C3', 0.11541441), ('CP4', 0.11135527)]
[2026-05-30 10:51:40]     spatial_update=delta_l2=0.01349369 max_abs=0.00224927 relative=0.01130618 changed=True

[2026-05-30 10:51:41] Fold 2/5 | subject=28
[2026-05-30 10:51:41]     Train: 32 | counts=[16, 16]
[2026-05-30 10:51:41]     Test:  8 | counts=[4, 4]
[2026-05-30 10:51:41]     Model: SignalJEPA_PreLocal | Pretrained: from_pretrained | Strategy: new
[2026-05-30 10:51:41]     Normalization: none | fit_scope=none
[2026-05-30 10:51:41]     Phase 1 (new): 2,170/16,010 params
[2026-05-30 10:51:42]     Result | best_epoch=50 | stop=100 | final_phase_epochs=100 | acc=0.5000 | bal_acc=0.5000 | pred_hist=[4, 4] | collapse=False
[2026-05-30 10:51:42]     spatial_conv=[4, 29] top_abs_channels=[('T3', 0.14246726), ('Pz', 0.13718408), ('C3', 0.1312229), ('O2', 0.1284072), ('P4', 0.12707798), ('T4', 0.12089175), ('O1', 0.12065844), ('CP3', 0.11806983)]
[2026-05-30 10:51:42]     spatial_update=delta_l2=0.33975431 max_abs=0.10014010 relative=0.28467552 changed=True

[2026-05-30 10:51:43] Fold 3/5 | subject=28
[2026-05-30 10:51:43]     Train: 32 | counts=[16, 16]
[2026-05-30 10:51:43]     Test:  8 | counts=[4, 4]
[2026-05-30 10:51:43]     Model: SignalJEPA_PreLocal | Pretrained: from_pretrained | Strategy: new
[2026-05-30 10:51:43]     Normalization: none | fit_scope=none
[2026-05-30 10:51:43]     Phase 1 (new): 2,170/16,010 params
[2026-05-30 10:51:43]     Result | best_epoch=1 | stop=51 | final_phase_epochs=51 | acc=0.5000 | bal_acc=0.5000 | pred_hist=[0, 8] | collapse=True
[2026-05-30 10:51:43]     spatial_conv=[4, 29] top_abs_channels=[('Pz', 0.15376252), ('O2', 0.14325243), ('T3', 0.12664743), ('O1', 0.12204061), ('T4', 0.12182299), ('CP3', 0.1212628), ('C3', 0.11556165), ('CP4', 0.11119687)]
[2026-05-30 10:51:43]     spatial_update=delta_l2=0.01351588 max_abs=0.00232227 relative=0.01132477 changed=True

[2026-05-30 10:51:44] Fold 4/5 | subject=28
[2026-05-30 10:51:44]     Train: 32 | counts=[16, 16]
[2026-05-30 10:51:44]     Test:  8 | counts=[4, 4]
[2026-05-30 10:51:44]     Model: SignalJEPA_PreLocal | Pretrained: from_pretrained | Strategy: new
[2026-05-30 10:51:44]     Normalization: none | fit_scope=none
[2026-05-30 10:51:44]     Phase 1 (new): 2,170/16,010 params
[2026-05-30 10:51:45]     Result | best_epoch=1 | stop=51 | final_phase_epochs=51 | acc=0.5000 | bal_acc=0.5000 | pred_hist=[0, 8] | collapse=True
[2026-05-30 10:51:45]     spatial_conv=[4, 29] top_abs_channels=[('Pz', 0.15329298), ('O2', 0.14333223), ('T3', 0.12722404), ('CP3', 0.12242414), ('T4', 0.12216903), ('O1', 0.12096041), ('C3', 0.11495005), ('CP4', 0.11123421)]
[2026-05-30 10:51:45]     spatial_update=delta_l2=0.01138444 max_abs=0.00214749 relative=0.00953887 changed=True

[2026-05-30 10:51:45] Fold 5/5 | subject=28
[2026-05-30 10:51:45]     Train: 32 | counts=[16, 16]
[2026-05-30 10:51:45]     Test:  8 | counts=[4, 4]
[2026-05-30 10:51:45]     Model: SignalJEPA_PreLocal | Pretrained: from_pretrained | Strategy: new
[2026-05-30 10:51:45]     Normalization: none | fit_scope=none
[2026-05-30 10:51:45]     Phase 1 (new): 2,170/16,010 params
[2026-05-30 10:51:46]     Result | best_epoch=1 | stop=51 | final_phase_epochs=51 | acc=0.5000 | bal_acc=0.5000 | pred_hist=[0, 8] | collapse=True
[2026-05-30 10:51:46]     spatial_conv=[4, 29] top_abs_channels=[('Pz', 0.15439829), ('O2', 0.14246373), ('T3', 0.12758985), ('T4', 0.12211671), ('O1', 0.12179241), ('CP3', 0.12111685), ('C3', 0.1148629), ('CP4', 0.1113394)]
[2026-05-30 10:51:46]     spatial_update=delta_l2=0.01485926 max_abs=0.00232466 relative=0.01245037 changed=True
[2026-05-30 10:51:46]   Subject 28: acc=0.5000±0.0000  bal_acc=0.5000±0.0000
[2026-05-30 10:51:46] \nSubject 29: 40 windows | class_counts=[20, 20]

[2026-05-30 10:51:46] Fold 1/5 | subject=29
[2026-05-30 10:51:46]     Train: 32 | counts=[16, 16]
[2026-05-30 10:51:46]     Test:  8 | counts=[4, 4]
[2026-05-30 10:51:46]     Model: SignalJEPA_PreLocal | Pretrained: from_pretrained | Strategy: new
[2026-05-30 10:51:46]     Normalization: none | fit_scope=none
[2026-05-30 10:51:46]     Phase 1 (new): 2,170/16,010 params
[2026-05-30 10:51:47]     Result | best_epoch=1 | stop=51 | final_phase_epochs=51 | acc=0.5000 | bal_acc=0.5000 | pred_hist=[0, 8] | collapse=True
[2026-05-30 10:51:47]     spatial_conv=[4, 29] top_abs_channels=[('Pz', 0.15295151), ('O2', 0.14498191), ('T3', 0.12657386), ('CP3', 0.12172358), ('T4', 0.12159172), ('O1', 0.1208402), ('C3', 0.11476572), ('CP4', 0.11069452)]
[2026-05-30 10:51:47]     spatial_update=delta_l2=0.01294413 max_abs=0.00214456 relative=0.01084571 changed=True

[2026-05-30 10:51:48] Fold 2/5 | subject=29
[2026-05-30 10:51:48]     Train: 32 | counts=[16, 16]
[2026-05-30 10:51:48]     Test:  8 | counts=[4, 4]
[2026-05-30 10:51:48]     Model: SignalJEPA_PreLocal | Pretrained: from_pretrained | Strategy: new
[2026-05-30 10:51:48]     Normalization: none | fit_scope=none
[2026-05-30 10:51:48]     Phase 1 (new): 2,170/16,010 params
[2026-05-30 10:52:01]     Result | best_epoch=908 | stop=958 | final_phase_epochs=958 | acc=0.5000 | bal_acc=0.5000 | pred_hist=[4, 4] | collapse=False
[2026-05-30 10:52:01]     spatial_conv=[4, 29] top_abs_channels=[('C4', 0.22796471), ('FCz', 0.1502288), ('F4', 0.14745905), ('O2', 0.14019254), ('F3', 0.13353357), ('T4', 0.12159161), ('FC3', 0.12068172), ('F8', 0.11174205)]
[2026-05-30 10:52:01]     spatial_update=delta_l2=1.36519580 max_abs=0.42495643 relative=1.14387900 changed=True

[2026-05-30 10:52:02] Fold 3/5 | subject=29
[2026-05-30 10:52:02]     Train: 32 | counts=[16, 16]
[2026-05-30 10:52:02]     Test:  8 | counts=[4, 4]
[2026-05-30 10:52:02]     Model: SignalJEPA_PreLocal | Pretrained: from_pretrained | Strategy: new
[2026-05-30 10:52:02]     Normalization: none | fit_scope=none
[2026-05-30 10:52:02]     Phase 1 (new): 2,170/16,010 params
[2026-05-30 10:52:02]     Result | best_epoch=1 | stop=51 | final_phase_epochs=51 | acc=0.5000 | bal_acc=0.5000 | pred_hist=[0, 8] | collapse=True
[2026-05-30 10:52:02]     spatial_conv=[4, 29] top_abs_channels=[('Pz', 0.15325113), ('O2', 0.14439847), ('T3', 0.1257432), ('T4', 0.12238962), ('CP3', 0.1211073), ('O1', 0.12091886), ('C3', 0.11499994), ('CP4', 0.11142156)]
[2026-05-30 10:52:02]     spatial_update=delta_l2=0.01161563 max_abs=0.00214520 relative=0.00973258 changed=True

[2026-05-30 10:52:03] Fold 4/5 | subject=29
[2026-05-30 10:52:03]     Train: 32 | counts=[16, 16]
[2026-05-30 10:52:03]     Test:  8 | counts=[4, 4]
[2026-05-30 10:52:03]     Model: SignalJEPA_PreLocal | Pretrained: from_pretrained | Strategy: new
[2026-05-30 10:52:03]     Normalization: none | fit_scope=none
[2026-05-30 10:52:03]     Phase 1 (new): 2,170/16,010 params
[2026-05-30 10:52:06]     Result | best_epoch=215 | stop=265 | final_phase_epochs=265 | acc=0.5000 | bal_acc=0.5000 | pred_hist=[4, 4] | collapse=False
[2026-05-30 10:52:06]     spatial_conv=[4, 29] top_abs_channels=[('C4', 0.18018757), ('FCz', 0.14357877), ('C3', 0.14036587), ('Cz', 0.13067819), ('Fp1', 0.12974344), ('O2', 0.12622303), ('P3', 0.12162275), ('F4', 0.1199363)]
[2026-05-30 10:52:06]     spatial_update=delta_l2=0.92330679 max_abs=0.28407513 relative=0.77362621 changed=True

[2026-05-30 10:52:07] Fold 5/5 | subject=29
[2026-05-30 10:52:07]     Train: 32 | counts=[16, 16]
[2026-05-30 10:52:07]     Test:  8 | counts=[4, 4]
[2026-05-30 10:52:07]     Model: SignalJEPA_PreLocal | Pretrained: from_pretrained | Strategy: new
[2026-05-30 10:52:07]     Normalization: none | fit_scope=none
[2026-05-30 10:52:07]     Phase 1 (new): 2,170/16,010 params
[2026-05-30 10:52:09]     Result | best_epoch=128 | stop=178 | final_phase_epochs=178 | acc=0.3750 | bal_acc=0.3750 | pred_hist=[3, 5] | collapse=False
[2026-05-30 10:52:09]     spatial_conv=[4, 29] top_abs_channels=[('O2', 0.20510775), ('FCz', 0.18648945), ('Cz', 0.14576378), ('Fz', 0.143603), ('CP3', 0.13769639), ('Pz', 0.1329425), ('F3', 0.12914699), ('P3', 0.12770486)]
[2026-05-30 10:52:09]     spatial_update=delta_l2=0.72542437 max_abs=0.18199952 relative=0.60782322 changed=True
[2026-05-30 10:52:09]   Subject 29: acc=0.4750±0.0500  bal_acc=0.4750±0.0500
[2026-05-30 10:52:09] \nSubject 30: 40 windows | class_counts=[20, 20]

[2026-05-30 10:52:10] Fold 1/5 | subject=30
[2026-05-30 10:52:10]     Train: 32 | counts=[16, 16]
[2026-05-30 10:52:10]     Test:  8 | counts=[4, 4]
[2026-05-30 10:52:10]     Model: SignalJEPA_PreLocal | Pretrained: from_pretrained | Strategy: new
[2026-05-30 10:52:10]     Normalization: none | fit_scope=none
[2026-05-30 10:52:10]     Phase 1 (new): 2,170/16,010 params
[2026-05-30 10:52:11]     Result | best_epoch=1 | stop=51 | final_phase_epochs=51 | acc=0.5000 | bal_acc=0.5000 | pred_hist=[0, 8] | collapse=True
[2026-05-30 10:52:11]     spatial_conv=[4, 29] top_abs_channels=[('Pz', 0.1525393), ('O2', 0.14467111), ('T3', 0.12564453), ('CP3', 0.12218522), ('T4', 0.12206724), ('O1', 0.12140116), ('C3', 0.11562929), ('Fp1', 0.11057025)]
[2026-05-30 10:52:11]     spatial_update=delta_l2=0.01114309 max_abs=0.00219193 relative=0.00933664 changed=True

[2026-05-30 10:52:11] Fold 2/5 | subject=30
[2026-05-30 10:52:11]     Train: 32 | counts=[16, 16]
[2026-05-30 10:52:11]     Test:  8 | counts=[4, 4]
[2026-05-30 10:52:11]     Model: SignalJEPA_PreLocal | Pretrained: from_pretrained | Strategy: new
[2026-05-30 10:52:11]     Normalization: none | fit_scope=none
[2026-05-30 10:52:11]     Phase 1 (new): 2,170/16,010 params
[2026-05-30 10:52:27]     Result | best_epoch=1096 | stop=1146 | final_phase_epochs=1146 | acc=0.6250 | bal_acc=0.6250 | pred_hist=[5, 3] | collapse=False
[2026-05-30 10:52:27]     spatial_conv=[4, 29] top_abs_channels=[('FCz', 0.20182535), ('FC3', 0.20004629), ('Fz', 0.17438263), ('T5', 0.17312396), ('P4', 0.16942731), ('CP3', 0.16617472), ('C3', 0.15495376), ('TP7', 0.15322019)]
[2026-05-30 10:52:27]     spatial_update=delta_l2=1.60633193 max_abs=0.32623142 relative=1.34592369 changed=True

[2026-05-30 10:52:28] Fold 3/5 | subject=30
[2026-05-30 10:52:28]     Train: 32 | counts=[16, 16]
[2026-05-30 10:52:28]     Test:  8 | counts=[4, 4]
[2026-05-30 10:52:28]     Model: SignalJEPA_PreLocal | Pretrained: from_pretrained | Strategy: new
[2026-05-30 10:52:28]     Normalization: none | fit_scope=none
[2026-05-30 10:52:28]     Phase 1 (new): 2,170/16,010 params
[2026-05-30 10:52:47]     Result | best_epoch=1364 | stop=1414 | final_phase_epochs=1414 | acc=1.0000 | bal_acc=1.0000 | pred_hist=[4, 4] | collapse=False
[2026-05-30 10:52:47]     spatial_conv=[4, 29] top_abs_channels=[('FCz', 0.22695002), ('T5', 0.17722407), ('TP7', 0.17399816), ('F4', 0.16679926), ('C3', 0.12941679), ('T4', 0.1260138), ('P4', 0.12353308), ('CP4', 0.11957913)]
[2026-05-30 10:52:47]     spatial_update=delta_l2=1.46035120 max_abs=0.37831652 relative=1.22360842 changed=True

[2026-05-30 10:52:48] Fold 4/5 | subject=30
[2026-05-30 10:52:48]     Train: 32 | counts=[16, 16]
[2026-05-30 10:52:48]     Test:  8 | counts=[4, 4]
[2026-05-30 10:52:48]     Model: SignalJEPA_PreLocal | Pretrained: from_pretrained | Strategy: new
[2026-05-30 10:52:48]     Normalization: none | fit_scope=none
[2026-05-30 10:52:48]     Phase 1 (new): 2,170/16,010 params
[2026-05-30 10:53:44]     Result | best_epoch=3935 | stop=3984 | final_phase_epochs=3984 | acc=0.8750 | bal_acc=0.8750 | pred_hist=[3, 5] | collapse=False
[2026-05-30 10:53:44]     spatial_conv=[4, 29] top_abs_channels=[('P4', 0.24855322), ('CP4', 0.21396768), ('Cz', 0.15928712), ('Pz', 0.14079875), ('CP3', 0.1362671), ('FC4', 0.1337537), ('FC3', 0.13123855), ('Fz', 0.12188055)]
[2026-05-30 10:53:44]     spatial_update=delta_l2=1.49290948 max_abs=0.40575066 relative=1.25088856 changed=True

[2026-05-30 10:53:45] Fold 5/5 | subject=30
[2026-05-30 10:53:45]     Train: 32 | counts=[16, 16]
[2026-05-30 10:53:45]     Test:  8 | counts=[4, 4]
[2026-05-30 10:53:45]     Model: SignalJEPA_PreLocal | Pretrained: from_pretrained | Strategy: new
[2026-05-30 10:53:45]     Normalization: none | fit_scope=none
[2026-05-30 10:53:45]     Phase 1 (new): 2,170/16,010 params
[2026-05-30 10:53:57]     Result | best_epoch=865 | stop=915 | final_phase_epochs=915 | acc=0.7500 | bal_acc=0.7500 | pred_hist=[6, 2] | collapse=False
[2026-05-30 10:53:57]     spatial_conv=[4, 29] top_abs_channels=[('P4', 0.23151161), ('CP3', 0.20231324), ('CP4', 0.1995002), ('FCz', 0.15651889), ('T6', 0.14662397), ('FC3', 0.14177103), ('F3', 0.12269945), ('F4', 0.11671491)]
[2026-05-30 10:53:57]     spatial_update=delta_l2=1.47709573 max_abs=0.56825988 relative=1.23763844 changed=True
[2026-05-30 10:53:57]   Subject 30: acc=0.7500±0.1768  bal_acc=0.7500±0.1768
[2026-05-30 10:53:57] \nSubject 31: 40 windows | class_counts=[20, 20]

[2026-05-30 10:53:58] Fold 1/5 | subject=31
[2026-05-30 10:53:58]     Train: 32 | counts=[16, 16]
[2026-05-30 10:53:58]     Test:  8 | counts=[4, 4]
[2026-05-30 10:53:58]     Model: SignalJEPA_PreLocal | Pretrained: from_pretrained | Strategy: new
[2026-05-30 10:53:58]     Normalization: none | fit_scope=none
[2026-05-30 10:53:58]     Phase 1 (new): 2,170/16,010 params
[2026-05-30 10:53:59]     Result | best_epoch=15 | stop=65 | final_phase_epochs=65 | acc=0.3750 | bal_acc=0.3750 | pred_hist=[1, 7] | collapse=False
[2026-05-30 10:53:59]     spatial_conv=[4, 29] top_abs_channels=[('Pz', 0.14751698), ('O2', 0.1425503), ('T3', 0.12912104), ('T4', 0.12064471), ('O1', 0.11779699), ('CP3', 0.11472944), ('CP4', 0.11445849), ('C3', 0.11223733)]
[2026-05-30 10:53:59]     spatial_update=delta_l2=0.11583118 max_abs=0.02329326 relative=0.09705337 changed=True

[2026-05-30 10:54:00] Fold 2/5 | subject=31
[2026-05-30 10:54:00]     Train: 32 | counts=[16, 16]
[2026-05-30 10:54:00]     Test:  8 | counts=[4, 4]
[2026-05-30 10:54:00]     Model: SignalJEPA_PreLocal | Pretrained: from_pretrained | Strategy: new
[2026-05-30 10:54:00]     Normalization: none | fit_scope=none
[2026-05-30 10:54:00]     Phase 1 (new): 2,170/16,010 params
[2026-05-30 10:54:01]     Result | best_epoch=21 | stop=71 | final_phase_epochs=71 | acc=0.7500 | bal_acc=0.7500 | pred_hist=[4, 4] | collapse=False
[2026-05-30 10:54:01]     spatial_conv=[4, 29] top_abs_channels=[('Pz', 0.14480031), ('O2', 0.14067842), ('CP3', 0.12823415), ('T3', 0.12148344), ('O1', 0.11708307), ('T4', 0.11603013), ('P3', 0.1157234), ('Fp1', 0.11324996)]
[2026-05-30 10:54:01]     spatial_update=delta_l2=0.17093594 max_abs=0.04758065 relative=0.14322490 changed=True

[2026-05-30 10:54:01] Fold 3/5 | subject=31
[2026-05-30 10:54:01]     Train: 32 | counts=[16, 16]
[2026-05-30 10:54:01]     Test:  8 | counts=[4, 4]
[2026-05-30 10:54:01]     Model: SignalJEPA_PreLocal | Pretrained: from_pretrained | Strategy: new
[2026-05-30 10:54:01]     Normalization: none | fit_scope=none
[2026-05-30 10:54:01]     Phase 1 (new): 2,170/16,010 params
[2026-05-30 10:54:02]     Result | best_epoch=1 | stop=51 | final_phase_epochs=51 | acc=0.5000 | bal_acc=0.5000 | pred_hist=[0, 8] | collapse=True
[2026-05-30 10:54:02]     spatial_conv=[4, 29] top_abs_channels=[('Pz', 0.15199295), ('O2', 0.14535715), ('T3', 0.12583484), ('T4', 0.12240323), ('O1', 0.12127789), ('CP3', 0.12082043), ('C3', 0.11624576), ('CP4', 0.11180292)]
[2026-05-30 10:54:02]     spatial_update=delta_l2=0.01176971 max_abs=0.00209136 relative=0.00986168 changed=True

[2026-05-30 10:54:02] Fold 4/5 | subject=31
[2026-05-30 10:54:02]     Train: 32 | counts=[16, 16]
[2026-05-30 10:54:02]     Test:  8 | counts=[4, 4]
[2026-05-30 10:54:02]     Model: SignalJEPA_PreLocal | Pretrained: from_pretrained | Strategy: new
[2026-05-30 10:54:02]     Normalization: none | fit_scope=none
[2026-05-30 10:54:02]     Phase 1 (new): 2,170/16,010 params
[2026-05-30 10:54:05]     Result | best_epoch=142 | stop=192 | final_phase_epochs=192 | acc=0.6250 | bal_acc=0.6250 | pred_hist=[5, 3] | collapse=False
[2026-05-30 10:54:05]     spatial_conv=[4, 29] top_abs_channels=[('F7', 0.16725308), ('O2', 0.15393025), ('Fp1', 0.12824397), ('CP3', 0.12605456), ('T3', 0.11830441), ('Fz', 0.11670227), ('TP7', 0.11641729), ('T5', 0.11397283)]
[2026-05-30 10:54:05]     spatial_update=delta_l2=0.68139005 max_abs=0.20408825 relative=0.57092746 changed=True

[2026-05-30 10:54:05] Fold 5/5 | subject=31
[2026-05-30 10:54:05]     Train: 32 | counts=[16, 16]
[2026-05-30 10:54:05]     Test:  8 | counts=[4, 4]
[2026-05-30 10:54:05]     Model: SignalJEPA_PreLocal | Pretrained: from_pretrained | Strategy: new
[2026-05-30 10:54:05]     Normalization: none | fit_scope=none
[2026-05-30 10:54:05]     Phase 1 (new): 2,170/16,010 params
[2026-05-30 10:54:07]     Result | best_epoch=52 | stop=102 | final_phase_epochs=102 | acc=0.3750 | bal_acc=0.3750 | pred_hist=[3, 5] | collapse=False
[2026-05-30 10:54:07]     spatial_conv=[4, 29] top_abs_channels=[('O2', 0.15143071), ('Pz', 0.13389686), ('T3', 0.12791219), ('CP4', 0.12699381), ('Fp1', 0.12511861), ('C3', 0.12508316), ('Fz', 0.12448282), ('F4', 0.1195991)]
[2026-05-30 10:54:07]     spatial_update=delta_l2=0.35244652 max_abs=0.08981011 relative=0.29531015 changed=True
[2026-05-30 10:54:07]   Subject 31: acc=0.5250±0.1458  bal_acc=0.5250±0.1458
[2026-05-30 10:54:07] \nSubject 32: 40 windows | class_counts=[20, 20]

[2026-05-30 10:54:07] Fold 1/5 | subject=32
[2026-05-30 10:54:07]     Train: 32 | counts=[16, 16]
[2026-05-30 10:54:07]     Test:  8 | counts=[4, 4]
[2026-05-30 10:54:07]     Model: SignalJEPA_PreLocal | Pretrained: from_pretrained | Strategy: new
[2026-05-30 10:54:07]     Normalization: none | fit_scope=none
[2026-05-30 10:54:07]     Phase 1 (new): 2,170/16,010 params
[2026-05-30 10:54:08]     Result | best_epoch=1 | stop=51 | final_phase_epochs=51 | acc=0.5000 | bal_acc=0.5000 | pred_hist=[0, 8] | collapse=True
[2026-05-30 10:54:08]     spatial_conv=[4, 29] top_abs_channels=[('Pz', 0.15293026), ('O2', 0.1450775), ('T3', 0.1266402), ('T4', 0.12214752), ('O1', 0.12074298), ('CP3', 0.12019937), ('C3', 0.115541), ('CP4', 0.11156761)]
[2026-05-30 10:54:08]     spatial_update=delta_l2=0.01379732 max_abs=0.00220687 relative=0.01156059 changed=True

[2026-05-30 10:54:09] Fold 2/5 | subject=32
[2026-05-30 10:54:09]     Train: 32 | counts=[16, 16]
[2026-05-30 10:54:09]     Test:  8 | counts=[4, 4]
[2026-05-30 10:54:09]     Model: SignalJEPA_PreLocal | Pretrained: from_pretrained | Strategy: new
[2026-05-30 10:54:09]     Normalization: none | fit_scope=none
[2026-05-30 10:54:09]     Phase 1 (new): 2,170/16,010 params
[2026-05-30 10:54:11]     Result | best_epoch=94 | stop=144 | final_phase_epochs=144 | acc=0.3750 | bal_acc=0.3750 | pred_hist=[5, 3] | collapse=False
[2026-05-30 10:54:11]     spatial_conv=[4, 29] top_abs_channels=[('Pz', 0.19220017), ('P4', 0.15120794), ('O2', 0.15065244), ('T4', 0.12833534), ('F4', 0.12156826), ('FC3', 0.11268934), ('O1', 0.11185774), ('C4', 0.10775293)]
[2026-05-30 10:54:11]     spatial_update=delta_l2=0.59714208 max_abs=0.20358748 relative=0.50033724 changed=True

[2026-05-30 10:54:11] Fold 3/5 | subject=32
[2026-05-30 10:54:11]     Train: 32 | counts=[16, 16]
[2026-05-30 10:54:11]     Test:  8 | counts=[4, 4]
[2026-05-30 10:54:11]     Model: SignalJEPA_PreLocal | Pretrained: from_pretrained | Strategy: new
[2026-05-30 10:54:11]     Normalization: none | fit_scope=none
[2026-05-30 10:54:11]     Phase 1 (new): 2,170/16,010 params
[2026-05-30 10:54:12]     Result | best_epoch=1 | stop=51 | final_phase_epochs=51 | acc=0.5000 | bal_acc=0.5000 | pred_hist=[0, 8] | collapse=True
[2026-05-30 10:54:12]     spatial_conv=[4, 29] top_abs_channels=[('Pz', 0.15309235), ('O2', 0.14545558), ('T3', 0.12685314), ('T4', 0.12251936), ('O1', 0.1202993), ('CP3', 0.1202293), ('C3', 0.1153191), ('Fp1', 0.11095069)]
[2026-05-30 10:54:12]     spatial_update=delta_l2=0.01457941 max_abs=0.00237145 relative=0.01221589 changed=True

[2026-05-30 10:54:12] Fold 4/5 | subject=32
[2026-05-30 10:54:12]     Train: 32 | counts=[16, 16]
[2026-05-30 10:54:12]     Test:  8 | counts=[4, 4]
[2026-05-30 10:54:12]     Model: SignalJEPA_PreLocal | Pretrained: from_pretrained | Strategy: new
[2026-05-30 10:54:12]     Normalization: none | fit_scope=none
[2026-05-30 10:54:12]     Phase 1 (new): 2,170/16,010 params
[2026-05-30 10:54:13]     Result | best_epoch=1 | stop=51 | final_phase_epochs=51 | acc=0.5000 | bal_acc=0.5000 | pred_hist=[0, 8] | collapse=True
[2026-05-30 10:54:13]     spatial_conv=[4, 29] top_abs_channels=[('Pz', 0.15266368), ('O2', 0.14508046), ('T3', 0.12764576), ('T4', 0.12250952), ('O1', 0.1209007), ('CP3', 0.1202305), ('C3', 0.11463848), ('CP4', 0.1109945)]
[2026-05-30 10:54:13]     spatial_update=delta_l2=0.01323045 max_abs=0.00240046 relative=0.01108561 changed=True

[2026-05-30 10:54:14] Fold 5/5 | subject=32
[2026-05-30 10:54:14]     Train: 32 | counts=[16, 16]
[2026-05-30 10:54:14]     Test:  8 | counts=[4, 4]
[2026-05-30 10:54:14]     Model: SignalJEPA_PreLocal | Pretrained: from_pretrained | Strategy: new
[2026-05-30 10:54:14]     Normalization: none | fit_scope=none
[2026-05-30 10:54:14]     Phase 1 (new): 2,170/16,010 params
[2026-05-30 10:54:17]     Result | best_epoch=204 | stop=238 | final_phase_epochs=238 | acc=0.6250 | bal_acc=0.6250 | pred_hist=[5, 3] | collapse=False
[2026-05-30 10:54:17]     spatial_conv=[4, 29] top_abs_channels=[('Pz', 0.18165246), ('F3', 0.16105691), ('P4', 0.15219055), ('CP4', 0.14519139), ('O2', 0.13701749), ('C4', 0.12263645), ('P3', 0.11859707), ('FC3', 0.11356845)]
[2026-05-30 10:54:17]     spatial_update=delta_l2=0.95190496 max_abs=0.28172471 relative=0.79758823 changed=True
[2026-05-30 10:54:17]   Subject 32: acc=0.5000±0.0791  bal_acc=0.5000±0.0791
[2026-05-30 10:54:17] \nSubject 33: 40 windows | class_counts=[20, 20]

[2026-05-30 10:54:17] Fold 1/5 | subject=33
[2026-05-30 10:54:17]     Train: 32 | counts=[16, 16]
[2026-05-30 10:54:17]     Test:  8 | counts=[4, 4]
[2026-05-30 10:54:17]     Model: SignalJEPA_PreLocal | Pretrained: from_pretrained | Strategy: new
[2026-05-30 10:54:17]     Normalization: none | fit_scope=none
[2026-05-30 10:54:17]     Phase 1 (new): 2,170/16,010 params
[2026-05-30 10:54:18]     Result | best_epoch=1 | stop=51 | final_phase_epochs=51 | acc=0.5000 | bal_acc=0.5000 | pred_hist=[0, 8] | collapse=True
[2026-05-30 10:54:18]     spatial_conv=[4, 29] top_abs_channels=[('Pz', 0.15332791), ('O2', 0.14349955), ('T3', 0.12638222), ('T4', 0.12256759), ('O1', 0.12131275), ('CP3', 0.12008731), ('C3', 0.11644629), ('CP4', 0.11178521)]
[2026-05-30 10:54:18]     spatial_update=delta_l2=0.01324666 max_abs=0.00219695 relative=0.01109919 changed=True

[2026-05-30 10:54:19] Fold 2/5 | subject=33
[2026-05-30 10:54:19]     Train: 32 | counts=[16, 16]
[2026-05-30 10:54:19]     Test:  8 | counts=[4, 4]
[2026-05-30 10:54:19]     Model: SignalJEPA_PreLocal | Pretrained: from_pretrained | Strategy: new
[2026-05-30 10:54:19]     Normalization: none | fit_scope=none
[2026-05-30 10:54:19]     Phase 1 (new): 2,170/16,010 params
[2026-05-30 10:54:19]     Result | best_epoch=1 | stop=51 | final_phase_epochs=51 | acc=0.5000 | bal_acc=0.5000 | pred_hist=[0, 8] | collapse=True
[2026-05-30 10:54:19]     spatial_conv=[4, 29] top_abs_channels=[('Pz', 0.15285783), ('O2', 0.1433358), ('T3', 0.12639074), ('T4', 0.12217167), ('O1', 0.1216257), ('CP3', 0.12126105), ('C3', 0.11545454), ('CP4', 0.11068755)]
[2026-05-30 10:54:19]     spatial_update=delta_l2=0.01274968 max_abs=0.00232207 relative=0.01068279 changed=True

[2026-05-30 10:54:20] Fold 3/5 | subject=33
[2026-05-30 10:54:20]     Train: 32 | counts=[16, 16]
[2026-05-30 10:54:20]     Test:  8 | counts=[4, 4]
[2026-05-30 10:54:20]     Model: SignalJEPA_PreLocal | Pretrained: from_pretrained | Strategy: new
[2026-05-30 10:54:20]     Normalization: none | fit_scope=none
[2026-05-30 10:54:20]     Phase 1 (new): 2,170/16,010 params
[2026-05-30 10:54:20]     Result | best_epoch=1 | stop=51 | final_phase_epochs=51 | acc=0.5000 | bal_acc=0.5000 | pred_hist=[0, 8] | collapse=True
[2026-05-30 10:54:20]     spatial_conv=[4, 29] top_abs_channels=[('Pz', 0.1535344), ('O2', 0.14356291), ('T3', 0.12793641), ('O1', 0.12202775), ('T4', 0.12191693), ('CP3', 0.1204748), ('C3', 0.11555536), ('CP4', 0.11092979)]
[2026-05-30 10:54:20]     spatial_update=delta_l2=0.01367905 max_abs=0.00221929 relative=0.01146149 changed=True

[2026-05-30 10:54:21] Fold 4/5 | subject=33
[2026-05-30 10:54:21]     Train: 32 | counts=[16, 16]
[2026-05-30 10:54:21]     Test:  8 | counts=[4, 4]
[2026-05-30 10:54:21]     Model: SignalJEPA_PreLocal | Pretrained: from_pretrained | Strategy: new
[2026-05-30 10:54:21]     Normalization: none | fit_scope=none
[2026-05-30 10:54:21]     Phase 1 (new): 2,170/16,010 params
[2026-05-30 10:54:22]     Result | best_epoch=1 | stop=51 | final_phase_epochs=51 | acc=0.5000 | bal_acc=0.5000 | pred_hist=[0, 8] | collapse=True
[2026-05-30 10:54:22]     spatial_conv=[4, 29] top_abs_channels=[('Pz', 0.15378064), ('O2', 0.14314553), ('T3', 0.12672228), ('T4', 0.12267224), ('O1', 0.12259752), ('CP3', 0.12037018), ('C3', 0.11524596), ('CP4', 0.11145536)]
[2026-05-30 10:54:22]     spatial_update=delta_l2=0.01355823 max_abs=0.00235303 relative=0.01136026 changed=True

[2026-05-30 10:54:22] Fold 5/5 | subject=33
[2026-05-30 10:54:22]     Train: 32 | counts=[16, 16]
[2026-05-30 10:54:22]     Test:  8 | counts=[4, 4]
[2026-05-30 10:54:22]     Model: SignalJEPA_PreLocal | Pretrained: from_pretrained | Strategy: new
[2026-05-30 10:54:22]     Normalization: none | fit_scope=none
[2026-05-30 10:54:22]     Phase 1 (new): 2,170/16,010 params
[2026-05-30 10:54:23]     Result | best_epoch=1 | stop=51 | final_phase_epochs=51 | acc=0.5000 | bal_acc=0.5000 | pred_hist=[0, 8] | collapse=True
[2026-05-30 10:54:23]     spatial_conv=[4, 29] top_abs_channels=[('Pz', 0.15304324), ('O2', 0.14275375), ('T3', 0.12554646), ('T4', 0.12316475), ('O1', 0.12186664), ('CP3', 0.12065908), ('C3', 0.11613837), ('CP4', 0.11147597)]
[2026-05-30 10:54:23]     spatial_update=delta_l2=0.01311096 max_abs=0.00226033 relative=0.01098550 changed=True
[2026-05-30 10:54:23]   Subject 33: acc=0.5000±0.0000  bal_acc=0.5000±0.0000
[2026-05-30 10:54:23] \nSubject 34: 40 windows | class_counts=[20, 20]

[2026-05-30 10:54:23] Fold 1/5 | subject=34
[2026-05-30 10:54:23]     Train: 32 | counts=[16, 16]
[2026-05-30 10:54:23]     Test:  8 | counts=[4, 4]
[2026-05-30 10:54:23]     Model: SignalJEPA_PreLocal | Pretrained: from_pretrained | Strategy: new
[2026-05-30 10:54:23]     Normalization: none | fit_scope=none
[2026-05-30 10:54:23]     Phase 1 (new): 2,170/16,010 params
[2026-05-30 10:54:26]     Result | best_epoch=114 | stop=164 | final_phase_epochs=164 | acc=0.7500 | bal_acc=0.7500 | pred_hist=[4, 4] | collapse=False
[2026-05-30 10:54:26]     spatial_conv=[4, 29] top_abs_channels=[('FT8', 0.20040673), ('Fz', 0.14067425), ('O1', 0.13470574), ('F3', 0.12866867), ('F4', 0.12165347), ('FT7', 0.11881324), ('O2', 0.11692059), ('C3', 0.11194927)]
[2026-05-30 10:54:26]     spatial_update=delta_l2=0.81328985 max_abs=0.21496138 relative=0.68144451 changed=True

[2026-05-30 10:54:26] Fold 2/5 | subject=34
[2026-05-30 10:54:26]     Train: 32 | counts=[16, 16]
[2026-05-30 10:54:26]     Test:  8 | counts=[4, 4]
[2026-05-30 10:54:26]     Model: SignalJEPA_PreLocal | Pretrained: from_pretrained | Strategy: new
[2026-05-30 10:54:26]     Normalization: none | fit_scope=none
[2026-05-30 10:54:26]     Phase 1 (new): 2,170/16,010 params
[2026-05-30 10:54:36]     Result | best_epoch=631 | stop=681 | final_phase_epochs=681 | acc=0.7500 | bal_acc=0.7500 | pred_hist=[6, 2] | collapse=False
[2026-05-30 10:54:36]     spatial_conv=[4, 29] top_abs_channels=[('C3', 0.20413372), ('Fz', 0.1972774), ('C4', 0.17848459), ('FCz', 0.15818629), ('O1', 0.14751896), ('FC3', 0.14157161), ('FC4', 0.13911238), ('CP3', 0.13238899)]
[2026-05-30 10:54:36]     spatial_update=delta_l2=1.19635729 max_abs=0.34540908 relative=1.00241151 changed=True

[2026-05-30 10:54:36] Fold 3/5 | subject=34
[2026-05-30 10:54:36]     Train: 32 | counts=[16, 16]
[2026-05-30 10:54:36]     Test:  8 | counts=[4, 4]
[2026-05-30 10:54:36]     Model: SignalJEPA_PreLocal | Pretrained: from_pretrained | Strategy: new
[2026-05-30 10:54:36]     Normalization: none | fit_scope=none
[2026-05-30 10:54:36]     Phase 1 (new): 2,170/16,010 params
[2026-05-30 10:54:47]     Result | best_epoch=706 | stop=756 | final_phase_epochs=756 | acc=0.8750 | bal_acc=0.8750 | pred_hist=[3, 5] | collapse=False
[2026-05-30 10:54:47]     spatial_conv=[4, 29] top_abs_channels=[('CP4', 0.2200785), ('FCz', 0.20218191), ('FC3', 0.19654384), ('FC4', 0.1697544), ('C4', 0.16198592), ('Oz', 0.16140422), ('C3', 0.148316), ('Fz', 0.13006881)]
[2026-05-30 10:54:47]     spatial_update=delta_l2=1.38505605 max_abs=0.31302467 relative=1.16051964 changed=True

[2026-05-30 10:54:48] Fold 4/5 | subject=34
[2026-05-30 10:54:48]     Train: 32 | counts=[16, 16]
[2026-05-30 10:54:48]     Test:  8 | counts=[4, 4]
[2026-05-30 10:54:48]     Model: SignalJEPA_PreLocal | Pretrained: from_pretrained | Strategy: new
[2026-05-30 10:54:48]     Normalization: none | fit_scope=none
[2026-05-30 10:54:48]     Phase 1 (new): 2,170/16,010 params
[2026-05-30 10:54:51]     Result | best_epoch=180 | stop=230 | final_phase_epochs=230 | acc=0.8750 | bal_acc=0.8750 | pred_hist=[5, 3] | collapse=False
[2026-05-30 10:54:51]     spatial_conv=[4, 29] top_abs_channels=[('CP3', 0.17106664), ('Fz', 0.15673901), ('O2', 0.15261613), ('F4', 0.15022682), ('Oz', 0.14974535), ('TP8', 0.13509253), ('FT8', 0.12778378), ('O1', 0.12345734)]
[2026-05-30 10:54:51]     spatial_update=delta_l2=0.95199903 max_abs=0.25814977 relative=0.79766705 changed=True

[2026-05-30 10:54:51] Fold 5/5 | subject=34
[2026-05-30 10:54:51]     Train: 32 | counts=[16, 16]
[2026-05-30 10:54:51]     Test:  8 | counts=[4, 4]
[2026-05-30 10:54:51]     Model: SignalJEPA_PreLocal | Pretrained: from_pretrained | Strategy: new
[2026-05-30 10:54:51]     Normalization: none | fit_scope=none
[2026-05-30 10:54:51]     Phase 1 (new): 2,170/16,010 params
[2026-05-30 10:54:53]     Result | best_epoch=102 | stop=152 | final_phase_epochs=152 | acc=0.7500 | bal_acc=0.7500 | pred_hist=[2, 6] | collapse=False
[2026-05-30 10:54:53]     spatial_conv=[4, 29] top_abs_channels=[('O2', 0.20736256), ('FCz', 0.15137571), ('Fz', 0.12331177), ('FT7', 0.11649767), ('O1', 0.11343034), ('CP3', 0.11172419), ('P4', 0.10335699), ('C3', 0.10239054)]
[2026-05-30 10:54:53]     spatial_update=delta_l2=0.63093909 max_abs=0.15132019 relative=0.52865529 changed=True
[2026-05-30 10:54:53]   Subject 34: acc=0.8000±0.0612  bal_acc=0.8000±0.0612
[2026-05-30 10:54:53] \nSubject 35: 40 windows | class_counts=[20, 20]

[2026-05-30 10:54:54] Fold 1/5 | subject=35
[2026-05-30 10:54:54]     Train: 32 | counts=[16, 16]
[2026-05-30 10:54:54]     Test:  8 | counts=[4, 4]
[2026-05-30 10:54:54]     Model: SignalJEPA_PreLocal | Pretrained: from_pretrained | Strategy: new
[2026-05-30 10:54:54]     Normalization: none | fit_scope=none
[2026-05-30 10:54:54]     Phase 1 (new): 2,170/16,010 params
[2026-05-30 10:54:55]     Result | best_epoch=34 | stop=84 | final_phase_epochs=84 | acc=0.7500 | bal_acc=0.7500 | pred_hist=[6, 2] | collapse=False
[2026-05-30 10:54:55]     spatial_conv=[4, 29] top_abs_channels=[('O2', 0.14358115), ('Pz', 0.13768178), ('T4', 0.13423806), ('O1', 0.12956829), ('CP4', 0.12338151), ('T3', 0.12088163), ('CP3', 0.11006965), ('P3', 0.10959297)]
[2026-05-30 10:54:55]     spatial_update=delta_l2=0.30999693 max_abs=0.06957608 relative=0.25974221 changed=True

[2026-05-30 10:54:56] Fold 2/5 | subject=35
[2026-05-30 10:54:56]     Train: 32 | counts=[16, 16]
[2026-05-30 10:54:56]     Test:  8 | counts=[4, 4]
[2026-05-30 10:54:56]     Model: SignalJEPA_PreLocal | Pretrained: from_pretrained | Strategy: new
[2026-05-30 10:54:56]     Normalization: none | fit_scope=none
[2026-05-30 10:54:56]     Phase 1 (new): 2,170/16,010 params
[2026-05-30 10:55:01]     Result | best_epoch=308 | stop=358 | final_phase_epochs=358 | acc=0.7500 | bal_acc=0.7500 | pred_hist=[2, 6] | collapse=False
[2026-05-30 10:55:01]     spatial_conv=[4, 29] top_abs_channels=[('CP4', 0.20399481), ('FC3', 0.18864177), ('Oz', 0.13524368), ('T4', 0.13304368), ('FCz', 0.12522353), ('T3', 0.11970247), ('T6', 0.11718941), ('Fz', 0.11551645)]
[2026-05-30 10:55:01]     spatial_update=delta_l2=1.02585322 max_abs=0.29709603 relative=0.85954846 changed=True

[2026-05-30 10:55:01] Fold 3/5 | subject=35
[2026-05-30 10:55:01]     Train: 32 | counts=[16, 16]
[2026-05-30 10:55:01]     Test:  8 | counts=[4, 4]
[2026-05-30 10:55:01]     Model: SignalJEPA_PreLocal | Pretrained: from_pretrained | Strategy: new
[2026-05-30 10:55:01]     Normalization: none | fit_scope=none
[2026-05-30 10:55:01]     Phase 1 (new): 2,170/16,010 params
[2026-05-30 10:55:03]     Result | best_epoch=61 | stop=111 | final_phase_epochs=111 | acc=0.7500 | bal_acc=0.7500 | pred_hist=[4, 4] | collapse=False
[2026-05-30 10:55:03]     spatial_conv=[4, 29] top_abs_channels=[('T4', 0.14426193), ('Pz', 0.12860796), ('P3', 0.12780952), ('Fp1', 0.12247), ('O2', 0.12228476), ('CP4', 0.11961559), ('T3', 0.11804177), ('Oz', 0.11328439)]
[2026-05-30 10:55:03]     spatial_update=delta_l2=0.42478022 max_abs=0.09672453 relative=0.35591757 changed=True

[2026-05-30 10:55:03] Fold 4/5 | subject=35
[2026-05-30 10:55:03]     Train: 32 | counts=[16, 16]
[2026-05-30 10:55:03]     Test:  8 | counts=[4, 4]
[2026-05-30 10:55:03]     Model: SignalJEPA_PreLocal | Pretrained: from_pretrained | Strategy: new
[2026-05-30 10:55:03]     Normalization: none | fit_scope=none
[2026-05-30 10:55:03]     Phase 1 (new): 2,170/16,010 params
[2026-05-30 10:55:09]     Result | best_epoch=379 | stop=429 | final_phase_epochs=429 | acc=0.7500 | bal_acc=0.7500 | pred_hist=[4, 4] | collapse=False
[2026-05-30 10:55:09]     spatial_conv=[4, 29] top_abs_channels=[('T3', 0.14864941), ('CP4', 0.14841481), ('C4', 0.13485183), ('P4', 0.12929578), ('T6', 0.125871), ('P3', 0.12366954), ('TP7', 0.11334006), ('FT8', 0.10249221)]
[2026-05-30 10:55:09]     spatial_update=delta_l2=1.10669986 max_abs=0.30875763 relative=0.92728877 changed=True

[2026-05-30 10:55:10] Fold 5/5 | subject=35
[2026-05-30 10:55:10]     Train: 32 | counts=[16, 16]
[2026-05-30 10:55:10]     Test:  8 | counts=[4, 4]
[2026-05-30 10:55:10]     Model: SignalJEPA_PreLocal | Pretrained: from_pretrained | Strategy: new
[2026-05-30 10:55:10]     Normalization: none | fit_scope=none
[2026-05-30 10:55:10]     Phase 1 (new): 2,170/16,010 params
[2026-05-30 10:55:11]     Result | best_epoch=28 | stop=78 | final_phase_epochs=78 | acc=0.7500 | bal_acc=0.7500 | pred_hist=[4, 4] | collapse=False
[2026-05-30 10:55:11]     spatial_conv=[4, 29] top_abs_channels=[('Pz', 0.15702412), ('T3', 0.13729434), ('CP4', 0.12599093), ('F4', 0.11962968), ('O2', 0.11831594), ('T4', 0.117295), ('TP7', 0.11472825), ('T5', 0.11147888)]
[2026-05-30 10:55:11]     spatial_update=delta_l2=0.27382894 max_abs=0.05699943 relative=0.22943755 changed=True
[2026-05-30 10:55:11]   Subject 35: acc=0.7500±0.0000  bal_acc=0.7500±0.0000
[2026-05-30 10:55:11] \nSubject 36: 40 windows | class_counts=[20, 20]

[2026-05-30 10:55:11] Fold 1/5 | subject=36
[2026-05-30 10:55:11]     Train: 32 | counts=[16, 16]
[2026-05-30 10:55:11]     Test:  8 | counts=[4, 4]
[2026-05-30 10:55:11]     Model: SignalJEPA_PreLocal | Pretrained: from_pretrained | Strategy: new
[2026-05-30 10:55:11]     Normalization: none | fit_scope=none
[2026-05-30 10:55:11]     Phase 1 (new): 2,170/16,010 params
[2026-05-30 10:55:12]     Result | best_epoch=1 | stop=51 | final_phase_epochs=51 | acc=0.5000 | bal_acc=0.5000 | pred_hist=[0, 8] | collapse=True
[2026-05-30 10:55:12]     spatial_conv=[4, 29] top_abs_channels=[('Pz', 0.15269311), ('O2', 0.1443904), ('T3', 0.12738198), ('O1', 0.12181722), ('T4', 0.12172507), ('CP3', 0.12089172), ('C3', 0.1147512), ('CP4', 0.1112504)]
[2026-05-30 10:55:12]     spatial_update=delta_l2=0.01025637 max_abs=0.00226985 relative=0.00859367 changed=True

[2026-05-30 10:55:12] Fold 2/5 | subject=36
[2026-05-30 10:55:12]     Train: 32 | counts=[16, 16]
[2026-05-30 10:55:12]     Test:  8 | counts=[4, 4]
[2026-05-30 10:55:12]     Model: SignalJEPA_PreLocal | Pretrained: from_pretrained | Strategy: new
[2026-05-30 10:55:12]     Normalization: none | fit_scope=none
[2026-05-30 10:55:12]     Phase 1 (new): 2,170/16,010 params
[2026-05-30 10:55:13]     Result | best_epoch=1 | stop=51 | final_phase_epochs=51 | acc=0.5000 | bal_acc=0.5000 | pred_hist=[0, 8] | collapse=True
[2026-05-30 10:55:13]     spatial_conv=[4, 29] top_abs_channels=[('Pz', 0.1525607), ('O2', 0.14422245), ('T3', 0.12715194), ('T4', 0.12161361), ('CP3', 0.12124163), ('O1', 0.12109407), ('C3', 0.11536573), ('CP4', 0.11089064)]
[2026-05-30 10:55:13]     spatial_update=delta_l2=0.01134263 max_abs=0.00214192 relative=0.00950384 changed=True

[2026-05-30 10:55:14] Fold 3/5 | subject=36
[2026-05-30 10:55:14]     Train: 32 | counts=[16, 16]
[2026-05-30 10:55:14]     Test:  8 | counts=[4, 4]
[2026-05-30 10:55:14]     Model: SignalJEPA_PreLocal | Pretrained: from_pretrained | Strategy: new
[2026-05-30 10:55:14]     Normalization: none | fit_scope=none
[2026-05-30 10:55:14]     Phase 1 (new): 2,170/16,010 params
[2026-05-30 10:55:15]     Result | best_epoch=1 | stop=51 | final_phase_epochs=51 | acc=0.5000 | bal_acc=0.5000 | pred_hist=[0, 8] | collapse=True
[2026-05-30 10:55:15]     spatial_conv=[4, 29] top_abs_channels=[('Pz', 0.15209769), ('O2', 0.1442605), ('T3', 0.12733656), ('T4', 0.12136021), ('CP3', 0.12120997), ('O1', 0.12118994), ('C3', 0.11543021), ('CP4', 0.11068403)]
[2026-05-30 10:55:15]     spatial_update=delta_l2=0.01156210 max_abs=0.00217279 relative=0.00968773 changed=True

[2026-05-30 10:55:15] Fold 4/5 | subject=36
[2026-05-30 10:55:15]     Train: 32 | counts=[16, 16]
[2026-05-30 10:55:15]     Test:  8 | counts=[4, 4]
[2026-05-30 10:55:15]     Model: SignalJEPA_PreLocal | Pretrained: from_pretrained | Strategy: new
[2026-05-30 10:55:15]     Normalization: none | fit_scope=none
[2026-05-30 10:55:15]     Phase 1 (new): 2,170/16,010 params
[2026-05-30 10:55:16]     Result | best_epoch=1 | stop=51 | final_phase_epochs=51 | acc=0.5000 | bal_acc=0.5000 | pred_hist=[0, 8] | collapse=True
[2026-05-30 10:55:16]     spatial_conv=[4, 29] top_abs_channels=[('Pz', 0.1523869), ('O2', 0.14458482), ('T3', 0.1281448), ('O1', 0.12171067), ('CP3', 0.1215097), ('T4', 0.12103311), ('C3', 0.11456965), ('CP4', 0.11073095)]
[2026-05-30 10:55:16]     spatial_update=delta_l2=0.01194776 max_abs=0.00227381 relative=0.01001086 changed=True

[2026-05-30 10:55:16] Fold 5/5 | subject=36
[2026-05-30 10:55:16]     Train: 32 | counts=[16, 16]
[2026-05-30 10:55:16]     Test:  8 | counts=[4, 4]
[2026-05-30 10:55:16]     Model: SignalJEPA_PreLocal | Pretrained: from_pretrained | Strategy: new
[2026-05-30 10:55:16]     Normalization: none | fit_scope=none
[2026-05-30 10:55:16]     Phase 1 (new): 2,170/16,010 params
[2026-05-30 10:55:17]     Result | best_epoch=1 | stop=51 | final_phase_epochs=51 | acc=0.5000 | bal_acc=0.5000 | pred_hist=[0, 8] | collapse=True
[2026-05-30 10:55:17]     spatial_conv=[4, 29] top_abs_channels=[('Pz', 0.1522153), ('O2', 0.14440827), ('T3', 0.12831567), ('O1', 0.1215787), ('CP3', 0.12151325), ('T4', 0.1211988), ('C3', 0.11546887), ('CP4', 0.11098816)]
[2026-05-30 10:55:17]     spatial_update=delta_l2=0.01142322 max_abs=0.00214939 relative=0.00957136 changed=True
[2026-05-30 10:55:17]   Subject 36: acc=0.5000±0.0000  bal_acc=0.5000±0.0000
[2026-05-30 10:55:17] \nSubject 37: 40 windows | class_counts=[20, 20]

[2026-05-30 10:55:19] Fold 1/5 | subject=37
[2026-05-30 10:55:19]     Train: 32 | counts=[16, 16]
[2026-05-30 10:55:19]     Test:  8 | counts=[4, 4]
[2026-05-30 10:55:19]     Model: SignalJEPA_PreLocal | Pretrained: from_pretrained | Strategy: new
[2026-05-30 10:55:19]     Normalization: none | fit_scope=none
[2026-05-30 10:55:19]     Phase 1 (new): 2,170/16,010 params
[2026-05-30 10:55:19]     Result | best_epoch=1 | stop=51 | final_phase_epochs=51 | acc=0.5000 | bal_acc=0.5000 | pred_hist=[0, 8] | collapse=True
[2026-05-30 10:55:19]     spatial_conv=[4, 29] top_abs_channels=[('Pz', 0.15295574), ('O2', 0.14417905), ('T3', 0.1266689), ('O1', 0.12192546), ('T4', 0.12136903), ('CP3', 0.12089276), ('C3', 0.11550182), ('CP4', 0.11064163)]
[2026-05-30 10:55:19]     spatial_update=delta_l2=0.00971355 max_abs=0.00203298 relative=0.00813885 changed=True

[2026-05-30 10:55:20] Fold 2/5 | subject=37
[2026-05-30 10:55:20]     Train: 32 | counts=[16, 16]
[2026-05-30 10:55:20]     Test:  8 | counts=[4, 4]
[2026-05-30 10:55:20]     Model: SignalJEPA_PreLocal | Pretrained: from_pretrained | Strategy: new
[2026-05-30 10:55:20]     Normalization: none | fit_scope=none
[2026-05-30 10:55:20]     Phase 1 (new): 2,170/16,010 params
[2026-05-30 10:55:22]     Result | best_epoch=77 | stop=127 | final_phase_epochs=127 | acc=0.5000 | bal_acc=0.5000 | pred_hist=[4, 4] | collapse=False
[2026-05-30 10:55:22]     spatial_conv=[4, 29] top_abs_channels=[('O2', 0.16255702), ('Pz', 0.13614939), ('F3', 0.13012713), ('P3', 0.12735157), ('T3', 0.11916284), ('O1', 0.11797637), ('F8', 0.11762659), ('T5', 0.11730871)]
[2026-05-30 10:55:22]     spatial_update=delta_l2=0.43060734 max_abs=0.11334404 relative=0.36080004 changed=True

[2026-05-30 10:55:22] Fold 3/5 | subject=37
[2026-05-30 10:55:22]     Train: 32 | counts=[16, 16]
[2026-05-30 10:55:22]     Test:  8 | counts=[4, 4]
[2026-05-30 10:55:22]     Model: SignalJEPA_PreLocal | Pretrained: from_pretrained | Strategy: new
[2026-05-30 10:55:22]     Normalization: none | fit_scope=none
[2026-05-30 10:55:22]     Phase 1 (new): 2,170/16,010 params
[2026-05-30 10:55:23]     Result | best_epoch=3 | stop=52 | final_phase_epochs=52 | acc=0.5000 | bal_acc=0.5000 | pred_hist=[2, 6] | collapse=False
[2026-05-30 10:55:23]     spatial_conv=[4, 29] top_abs_channels=[('Pz', 0.15371476), ('O2', 0.14430033), ('T3', 0.12688479), ('O1', 0.12186889), ('T4', 0.12040643), ('CP3', 0.12038932), ('C3', 0.11609499), ('CP4', 0.11190683)]
[2026-05-30 10:55:23]     spatial_update=delta_l2=0.01813353 max_abs=0.00360579 relative=0.01519384 changed=True

[2026-05-30 10:55:23] Fold 4/5 | subject=37
[2026-05-30 10:55:23]     Train: 32 | counts=[16, 16]
[2026-05-30 10:55:23]     Test:  8 | counts=[4, 4]
[2026-05-30 10:55:23]     Model: SignalJEPA_PreLocal | Pretrained: from_pretrained | Strategy: new
[2026-05-30 10:55:23]     Normalization: none | fit_scope=none
[2026-05-30 10:55:23]     Phase 1 (new): 2,170/16,010 params
[2026-05-30 10:55:26]     Result | best_epoch=112 | stop=162 | final_phase_epochs=162 | acc=0.5000 | bal_acc=0.5000 | pred_hist=[4, 4] | collapse=False
[2026-05-30 10:55:26]     spatial_conv=[4, 29] top_abs_channels=[('Fz', 0.18402965), ('C3', 0.16743538), ('O2', 0.1564524), ('P3', 0.14753531), ('Pz', 0.1332697), ('CP4', 0.13110712), ('F4', 0.12617762), ('FT7', 0.12188437)]
[2026-05-30 10:55:26]     spatial_update=delta_l2=0.69282564 max_abs=0.15209181 relative=0.58050919 changed=True

[2026-05-30 10:55:26] Fold 5/5 | subject=37
[2026-05-30 10:55:26]     Train: 32 | counts=[16, 16]
[2026-05-30 10:55:26]     Test:  8 | counts=[4, 4]
[2026-05-30 10:55:26]     Model: SignalJEPA_PreLocal | Pretrained: from_pretrained | Strategy: new
[2026-05-30 10:55:26]     Normalization: none | fit_scope=none
[2026-05-30 10:55:26]     Phase 1 (new): 2,170/16,010 params
[2026-05-30 10:55:27]     Result | best_epoch=1 | stop=51 | final_phase_epochs=51 | acc=0.5000 | bal_acc=0.5000 | pred_hist=[0, 8] | collapse=True
[2026-05-30 10:55:27]     spatial_conv=[4, 29] top_abs_channels=[('Pz', 0.15298039), ('O2', 0.14439029), ('T3', 0.12618285), ('T4', 0.12177989), ('CP3', 0.12163217), ('O1', 0.12143796), ('C3', 0.1149832), ('CP4', 0.11082429)]
[2026-05-30 10:55:27]     spatial_update=delta_l2=0.01106071 max_abs=0.00234022 relative=0.00926762 changed=True
[2026-05-30 10:55:27]   Subject 37: acc=0.5000±0.0000  bal_acc=0.5000±0.0000
[2026-05-30 10:55:27] \nSubject 38: 40 windows | class_counts=[20, 20]

[2026-05-30 10:55:27] Fold 1/5 | subject=38
[2026-05-30 10:55:27]     Train: 32 | counts=[16, 16]
[2026-05-30 10:55:27]     Test:  8 | counts=[4, 4]
[2026-05-30 10:55:27]     Model: SignalJEPA_PreLocal | Pretrained: from_pretrained | Strategy: new
[2026-05-30 10:55:27]     Normalization: none | fit_scope=none
[2026-05-30 10:55:27]     Phase 1 (new): 2,170/16,010 params
[2026-05-30 10:55:28]     Result | best_epoch=4 | stop=54 | final_phase_epochs=54 | acc=0.5000 | bal_acc=0.5000 | pred_hist=[0, 8] | collapse=True
[2026-05-30 10:55:28]     spatial_conv=[4, 29] top_abs_channels=[('Pz', 0.15364289), ('O2', 0.14238681), ('T3', 0.1261746), ('T4', 0.12386821), ('O1', 0.12342384), ('CP3', 0.1213689), ('C3', 0.11306383), ('Fp1', 0.10925791)]
[2026-05-30 10:55:28]     spatial_update=delta_l2=0.03278763 max_abs=0.00693201 relative=0.02747231 changed=True

[2026-05-30 10:55:29] Fold 2/5 | subject=38
[2026-05-30 10:55:29]     Train: 32 | counts=[16, 16]
[2026-05-30 10:55:29]     Test:  8 | counts=[4, 4]
[2026-05-30 10:55:29]     Model: SignalJEPA_PreLocal | Pretrained: from_pretrained | Strategy: new
[2026-05-30 10:55:29]     Normalization: none | fit_scope=none
[2026-05-30 10:55:29]     Phase 1 (new): 2,170/16,010 params
[2026-05-30 10:55:31]     Result | best_epoch=121 | stop=171 | final_phase_epochs=171 | acc=0.6250 | bal_acc=0.6250 | pred_hist=[5, 3] | collapse=False
[2026-05-30 10:55:31]     spatial_conv=[4, 29] top_abs_channels=[('T4', 0.14025573), ('Pz', 0.13566236), ('TP8', 0.12791562), ('F3', 0.12459501), ('O2', 0.11989199), ('P3', 0.11600584), ('Fz', 0.11476921), ('CP3', 0.10859907)]
[2026-05-30 10:55:31]     spatial_update=delta_l2=0.64649988 max_abs=0.16292135 relative=0.54169346 changed=True

[2026-05-30 10:55:32] Fold 3/5 | subject=38
[2026-05-30 10:55:32]     Train: 32 | counts=[16, 16]
[2026-05-30 10:55:32]     Test:  8 | counts=[4, 4]
[2026-05-30 10:55:32]     Model: SignalJEPA_PreLocal | Pretrained: from_pretrained | Strategy: new
[2026-05-30 10:55:32]     Normalization: none | fit_scope=none
[2026-05-30 10:55:32]     Phase 1 (new): 2,170/16,010 params
[2026-05-30 10:55:35]     Result | best_epoch=216 | stop=266 | final_phase_epochs=266 | acc=0.6250 | bal_acc=0.6250 | pred_hist=[5, 3] | collapse=False
[2026-05-30 10:55:35]     spatial_conv=[4, 29] top_abs_channels=[('Pz', 0.18840815), ('P4', 0.16191575), ('CP4', 0.15626971), ('O2', 0.14655328), ('T4', 0.12319354), ('C4', 0.12103582), ('CP3', 0.11336029), ('F7', 0.11185527)]
[2026-05-30 10:55:35]     spatial_update=delta_l2=0.84422480 max_abs=0.27862635 relative=0.70736449 changed=True

[2026-05-30 10:55:36] Fold 4/5 | subject=38
[2026-05-30 10:55:36]     Train: 32 | counts=[16, 16]
[2026-05-30 10:55:36]     Test:  8 | counts=[4, 4]
[2026-05-30 10:55:36]     Model: SignalJEPA_PreLocal | Pretrained: from_pretrained | Strategy: new
[2026-05-30 10:55:36]     Normalization: none | fit_scope=none
[2026-05-30 10:55:36]     Phase 1 (new): 2,170/16,010 params
[2026-05-30 10:55:39]     Result | best_epoch=140 | stop=190 | final_phase_epochs=190 | acc=1.0000 | bal_acc=1.0000 | pred_hist=[4, 4] | collapse=False
[2026-05-30 10:55:39]     spatial_conv=[4, 29] top_abs_channels=[('CP4', 0.16498725), ('P3', 0.12428372), ('Fz', 0.12160191), ('F7', 0.11746144), ('F4', 0.11415111), ('O2', 0.11398612), ('P4', 0.11352059), ('CP3', 0.10984139)]
[2026-05-30 10:55:39]     spatial_update=delta_l2=0.76647532 max_abs=0.20677354 relative=0.64221925 changed=True

[2026-05-30 10:55:39] Fold 5/5 | subject=38
[2026-05-30 10:55:39]     Train: 32 | counts=[16, 16]
[2026-05-30 10:55:39]     Test:  8 | counts=[4, 4]
[2026-05-30 10:55:39]     Model: SignalJEPA_PreLocal | Pretrained: from_pretrained | Strategy: new
[2026-05-30 10:55:39]     Normalization: none | fit_scope=none
[2026-05-30 10:55:39]     Phase 1 (new): 2,170/16,010 params
[2026-05-30 10:55:53]     Result | best_epoch=970 | stop=1020 | final_phase_epochs=1020 | acc=0.7500 | bal_acc=0.7500 | pred_hist=[4, 4] | collapse=False
[2026-05-30 10:55:53]     spatial_conv=[4, 29] top_abs_channels=[('Pz', 0.17171408), ('P4', 0.16953829), ('TP7', 0.15786083), ('TP8', 0.15193205), ('Fz', 0.1433526), ('CP4', 0.12585428), ('T5', 0.12462923), ('FCz', 0.12271837)]
[2026-05-30 10:55:53]     spatial_update=delta_l2=1.33115505 max_abs=0.38618271 relative=1.11535672 changed=True
[2026-05-30 10:55:53]   Subject 38: acc=0.7000±0.1696  bal_acc=0.7000±0.1696
[2026-05-30 10:55:53] \nSubject 39: 40 windows | class_counts=[20, 20]

[2026-05-30 10:55:54] Fold 1/5 | subject=39
[2026-05-30 10:55:54]     Train: 32 | counts=[16, 16]
[2026-05-30 10:55:54]     Test:  8 | counts=[4, 4]
[2026-05-30 10:55:54]     Model: SignalJEPA_PreLocal | Pretrained: from_pretrained | Strategy: new
[2026-05-30 10:55:54]     Normalization: none | fit_scope=none
[2026-05-30 10:55:54]     Phase 1 (new): 2,170/16,010 params
[2026-05-30 10:55:56]     Result | best_epoch=94 | stop=144 | final_phase_epochs=144 | acc=0.6250 | bal_acc=0.6250 | pred_hist=[3, 5] | collapse=False
[2026-05-30 10:55:56]     spatial_conv=[4, 29] top_abs_channels=[('CP4', 0.16136244), ('CP3', 0.15732931), ('Fz', 0.13853981), ('Pz', 0.13680385), ('O2', 0.1330044), ('T3', 0.12583473), ('T4', 0.1218465), ('Oz', 0.11179604)]
[2026-05-30 10:55:56]     spatial_update=delta_l2=0.45608562 max_abs=0.15375436 relative=0.38214794 changed=True

[2026-05-30 10:55:56] Fold 2/5 | subject=39
[2026-05-30 10:55:56]     Train: 32 | counts=[16, 16]
[2026-05-30 10:55:56]     Test:  8 | counts=[4, 4]
[2026-05-30 10:55:56]     Model: SignalJEPA_PreLocal | Pretrained: from_pretrained | Strategy: new
[2026-05-30 10:55:56]     Normalization: none | fit_scope=none
[2026-05-30 10:55:56]     Phase 1 (new): 2,170/16,010 params
[2026-05-30 10:56:00]     Result | best_epoch=225 | stop=275 | final_phase_epochs=275 | acc=0.5000 | bal_acc=0.5000 | pred_hist=[6, 2] | collapse=False
[2026-05-30 10:56:00]     spatial_conv=[4, 29] top_abs_channels=[('CP4', 0.20397072), ('O2', 0.16768083), ('T3', 0.15578586), ('CP3', 0.13929784), ('FC3', 0.13281766), ('Fz', 0.1318149), ('Pz', 0.1236899), ('FT7', 0.10765264)]
[2026-05-30 10:56:00]     spatial_update=delta_l2=0.77887314 max_abs=0.25856650 relative=0.65260721 changed=True

[2026-05-30 10:56:01] Fold 3/5 | subject=39
[2026-05-30 10:56:01]     Train: 32 | counts=[16, 16]
[2026-05-30 10:56:01]     Test:  8 | counts=[4, 4]
[2026-05-30 10:56:01]     Model: SignalJEPA_PreLocal | Pretrained: from_pretrained | Strategy: new
[2026-05-30 10:56:01]     Normalization: none | fit_scope=none
[2026-05-30 10:56:01]     Phase 1 (new): 2,170/16,010 params
[2026-05-30 10:56:02]     Result | best_epoch=1 | stop=51 | final_phase_epochs=51 | acc=0.6250 | bal_acc=0.6250 | pred_hist=[1, 7] | collapse=False
[2026-05-30 10:56:02]     spatial_conv=[4, 29] top_abs_channels=[('Pz', 0.15337546), ('O2', 0.14322485), ('T3', 0.12583232), ('O1', 0.12177305), ('T4', 0.12175622), ('CP3', 0.12084967), ('C3', 0.11571211), ('CP4', 0.11139881)]
[2026-05-30 10:56:02]     spatial_update=delta_l2=0.01252381 max_abs=0.00229976 relative=0.01049353 changed=True

[2026-05-30 10:56:02] Fold 4/5 | subject=39
[2026-05-30 10:56:02]     Train: 32 | counts=[16, 16]
[2026-05-30 10:56:02]     Test:  8 | counts=[4, 4]
[2026-05-30 10:56:02]     Model: SignalJEPA_PreLocal | Pretrained: from_pretrained | Strategy: new
[2026-05-30 10:56:02]     Normalization: none | fit_scope=none
[2026-05-30 10:56:02]     Phase 1 (new): 2,170/16,010 params
[2026-05-30 10:56:03]     Result | best_epoch=1 | stop=51 | final_phase_epochs=51 | acc=0.5000 | bal_acc=0.5000 | pred_hist=[0, 8] | collapse=True
[2026-05-30 10:56:03]     spatial_conv=[4, 29] top_abs_channels=[('Pz', 0.15412796), ('O2', 0.14359269), ('T3', 0.12576331), ('T4', 0.12286939), ('O1', 0.12208439), ('CP3', 0.12038685), ('C3', 0.11622237), ('CP4', 0.11156105)]
[2026-05-30 10:56:03]     spatial_update=delta_l2=0.01338049 max_abs=0.00223555 relative=0.01121133 changed=True

[2026-05-30 10:56:03] Fold 5/5 | subject=39
[2026-05-30 10:56:03]     Train: 32 | counts=[16, 16]
[2026-05-30 10:56:03]     Test:  8 | counts=[4, 4]
[2026-05-30 10:56:03]     Model: SignalJEPA_PreLocal | Pretrained: from_pretrained | Strategy: new
[2026-05-30 10:56:03]     Normalization: none | fit_scope=none
[2026-05-30 10:56:03]     Phase 1 (new): 2,170/16,010 params
[2026-05-30 10:56:04]     Result | best_epoch=1 | stop=51 | final_phase_epochs=51 | acc=0.5000 | bal_acc=0.5000 | pred_hist=[0, 8] | collapse=True
[2026-05-30 10:56:04]     spatial_conv=[4, 29] top_abs_channels=[('Pz', 0.15332106), ('O2', 0.14351603), ('T3', 0.12634744), ('O1', 0.12273064), ('T4', 0.12227529), ('CP3', 0.12056124), ('C3', 0.11695321), ('CP4', 0.11197871)]
[2026-05-30 10:56:04]     spatial_update=delta_l2=0.01511667 max_abs=0.00231703 relative=0.01266605 changed=True
[2026-05-30 10:56:04]   Subject 39: acc=0.5500±0.0612  bal_acc=0.5500±0.0612
[2026-05-30 10:56:04] \nSubject 40: 40 windows | class_counts=[20, 20]

[2026-05-30 10:56:04] Fold 1/5 | subject=40
[2026-05-30 10:56:04]     Train: 32 | counts=[16, 16]
[2026-05-30 10:56:04]     Test:  8 | counts=[4, 4]
[2026-05-30 10:56:04]     Model: SignalJEPA_PreLocal | Pretrained: from_pretrained | Strategy: new
[2026-05-30 10:56:04]     Normalization: none | fit_scope=none
[2026-05-30 10:56:04]     Phase 1 (new): 2,170/16,010 params
[2026-05-30 10:56:07]     Result | best_epoch=124 | stop=174 | final_phase_epochs=174 | acc=0.6250 | bal_acc=0.6250 | pred_hist=[5, 3] | collapse=False
[2026-05-30 10:56:07]     spatial_conv=[4, 29] top_abs_channels=[('T3', 0.1631013), ('CP4', 0.15209936), ('P3', 0.12673116), ('Pz', 0.12482944), ('TP7', 0.12469679), ('CP3', 0.11936568), ('O1', 0.11289691), ('T4', 0.11200356)]
[2026-05-30 10:56:07]     spatial_update=delta_l2=0.53375767 max_abs=0.16773933 relative=0.44722830 changed=True

[2026-05-30 10:56:07] Fold 2/5 | subject=40
[2026-05-30 10:56:07]     Train: 32 | counts=[16, 16]
[2026-05-30 10:56:07]     Test:  8 | counts=[4, 4]
[2026-05-30 10:56:07]     Model: SignalJEPA_PreLocal | Pretrained: from_pretrained | Strategy: new
[2026-05-30 10:56:07]     Normalization: none | fit_scope=none
[2026-05-30 10:56:07]     Phase 1 (new): 2,170/16,010 params
[2026-05-30 10:56:08]     Result | best_epoch=1 | stop=51 | final_phase_epochs=51 | acc=0.5000 | bal_acc=0.5000 | pred_hist=[0, 8] | collapse=True
[2026-05-30 10:56:08]     spatial_conv=[4, 29] top_abs_channels=[('Pz', 0.1534953), ('O2', 0.14338711), ('T3', 0.12660381), ('T4', 0.12217689), ('O1', 0.12136175), ('CP3', 0.12116516), ('C3', 0.11546729), ('CP4', 0.11060537)]
[2026-05-30 10:56:08]     spatial_update=delta_l2=0.01388642 max_abs=0.00227332 relative=0.01163524 changed=True

[2026-05-30 10:56:09] Fold 3/5 | subject=40
[2026-05-30 10:56:09]     Train: 32 | counts=[16, 16]
[2026-05-30 10:56:09]     Test:  8 | counts=[4, 4]
[2026-05-30 10:56:09]     Model: SignalJEPA_PreLocal | Pretrained: from_pretrained | Strategy: new
[2026-05-30 10:56:09]     Normalization: none | fit_scope=none
[2026-05-30 10:56:09]     Phase 1 (new): 2,170/16,010 params
[2026-05-30 10:56:10]     Result | best_epoch=57 | stop=107 | final_phase_epochs=107 | acc=0.7500 | bal_acc=0.7500 | pred_hist=[2, 6] | collapse=False
[2026-05-30 10:56:10]     spatial_conv=[4, 29] top_abs_channels=[('P3', 0.16815594), ('T3', 0.14824213), ('O2', 0.13728261), ('CP3', 0.13720432), ('CP4', 0.13457024), ('Pz', 0.13064417), ('Fp1', 0.12126994), ('T4', 0.11521092)]
[2026-05-30 10:56:10]     spatial_update=delta_l2=0.36291312 max_abs=0.08675476 relative=0.30407997 changed=True

[2026-05-30 10:56:11] Fold 4/5 | subject=40
[2026-05-30 10:56:11]     Train: 32 | counts=[16, 16]
[2026-05-30 10:56:11]     Test:  8 | counts=[4, 4]
[2026-05-30 10:56:11]     Model: SignalJEPA_PreLocal | Pretrained: from_pretrained | Strategy: new
[2026-05-30 10:56:11]     Normalization: none | fit_scope=none
[2026-05-30 10:56:11]     Phase 1 (new): 2,170/16,010 params
[2026-05-30 10:56:12]     Result | best_epoch=48 | stop=98 | final_phase_epochs=98 | acc=1.0000 | bal_acc=1.0000 | pred_hist=[4, 4] | collapse=False
[2026-05-30 10:56:12]     spatial_conv=[4, 29] top_abs_channels=[('T3', 0.15095407), ('Pz', 0.14035854), ('P3', 0.13928798), ('O2', 0.1328907), ('CP4', 0.12651078), ('CP3', 0.12022227), ('F7', 0.11569442), ('Fp1', 0.11482517)]
[2026-05-30 10:56:12]     spatial_update=delta_l2=0.32400960 max_abs=0.09868690 relative=0.27148324 changed=True

[2026-05-30 10:56:12] Fold 5/5 | subject=40
[2026-05-30 10:56:12]     Train: 32 | counts=[16, 16]
[2026-05-30 10:56:12]     Test:  8 | counts=[4, 4]
[2026-05-30 10:56:12]     Model: SignalJEPA_PreLocal | Pretrained: from_pretrained | Strategy: new
[2026-05-30 10:56:12]     Normalization: none | fit_scope=none
[2026-05-30 10:56:12]     Phase 1 (new): 2,170/16,010 params
[2026-05-30 10:56:14]     Result | best_epoch=83 | stop=133 | final_phase_epochs=133 | acc=0.5000 | bal_acc=0.5000 | pred_hist=[6, 2] | collapse=False
[2026-05-30 10:56:14]     spatial_conv=[4, 29] top_abs_channels=[('T3', 0.15326999), ('Pz', 0.15284592), ('P3', 0.1410526), ('CP4', 0.13392706), ('O2', 0.1284799), ('CP3', 0.12728472), ('T4', 0.12224483), ('O1', 0.11093315)]
[2026-05-30 10:56:14]     spatial_update=delta_l2=0.50094410 max_abs=0.15781241 relative=0.41973425 changed=True
[2026-05-30 10:56:14]   Subject 40: acc=0.6750±0.1871  bal_acc=0.6750±0.1871
[2026-05-30 10:56:14] \nSubject 41: 40 windows | class_counts=[20, 20]

[2026-05-30 10:56:15] Fold 1/5 | subject=41
[2026-05-30 10:56:15]     Train: 32 | counts=[16, 16]
[2026-05-30 10:56:15]     Test:  8 | counts=[4, 4]
[2026-05-30 10:56:15]     Model: SignalJEPA_PreLocal | Pretrained: from_pretrained | Strategy: new
[2026-05-30 10:56:15]     Normalization: none | fit_scope=none
[2026-05-30 10:56:15]     Phase 1 (new): 2,170/16,010 params
[2026-05-30 10:56:20]     Result | best_epoch=348 | stop=398 | final_phase_epochs=398 | acc=0.5000 | bal_acc=0.5000 | pred_hist=[6, 2] | collapse=False
[2026-05-30 10:56:20]     spatial_conv=[4, 29] top_abs_channels=[('T3', 0.19890925), ('CP3', 0.1657683), ('Fz', 0.14831547), ('Pz', 0.14794043), ('O1', 0.14626819), ('TP7', 0.13717423), ('FT8', 0.13681594), ('C4', 0.12985019)]
[2026-05-30 10:56:20]     spatial_update=delta_l2=1.25581294 max_abs=0.29142074 relative=1.05222860 changed=True

[2026-05-30 10:56:21] Fold 2/5 | subject=41
[2026-05-30 10:56:21]     Train: 32 | counts=[16, 16]
[2026-05-30 10:56:21]     Test:  8 | counts=[4, 4]
[2026-05-30 10:56:21]     Model: SignalJEPA_PreLocal | Pretrained: from_pretrained | Strategy: new
[2026-05-30 10:56:21]     Normalization: none | fit_scope=none
[2026-05-30 10:56:21]     Phase 1 (new): 2,170/16,010 params
[2026-05-30 10:56:26]     Result | best_epoch=325 | stop=375 | final_phase_epochs=375 | acc=0.5000 | bal_acc=0.5000 | pred_hist=[4, 4] | collapse=False
[2026-05-30 10:56:26]     spatial_conv=[4, 29] top_abs_channels=[('FT8', 0.15363668), ('C3', 0.14677957), ('Fz', 0.1397299), ('O1', 0.13391022), ('T3', 0.13368194), ('TP8', 0.13266215), ('F7', 0.11923601), ('CP3', 0.1111493)]
[2026-05-30 10:56:26]     spatial_update=delta_l2=1.05827963 max_abs=0.24924289 relative=0.88671811 changed=True

[2026-05-30 10:56:27] Fold 3/5 | subject=41
[2026-05-30 10:56:27]     Train: 32 | counts=[16, 16]
[2026-05-30 10:56:27]     Test:  8 | counts=[4, 4]
[2026-05-30 10:56:27]     Model: SignalJEPA_PreLocal | Pretrained: from_pretrained | Strategy: new
[2026-05-30 10:56:27]     Normalization: none | fit_scope=none
[2026-05-30 10:56:27]     Phase 1 (new): 2,170/16,010 params
[2026-05-30 10:56:27]     Result | best_epoch=1 | stop=51 | final_phase_epochs=51 | acc=0.5000 | bal_acc=0.5000 | pred_hist=[0, 8] | collapse=True
[2026-05-30 10:56:27]     spatial_conv=[4, 29] top_abs_channels=[('Pz', 0.15318339), ('O2', 0.14421463), ('T3', 0.12655988), ('O1', 0.12261163), ('CP3', 0.1213954), ('T4', 0.12107653), ('C3', 0.11485267), ('CP4', 0.11175198)]
[2026-05-30 10:56:27]     spatial_update=delta_l2=0.01136485 max_abs=0.00224455 relative=0.00952245 changed=True

[2026-05-30 10:56:28] Fold 4/5 | subject=41
[2026-05-30 10:56:28]     Train: 32 | counts=[16, 16]
[2026-05-30 10:56:28]     Test:  8 | counts=[4, 4]
[2026-05-30 10:56:28]     Model: SignalJEPA_PreLocal | Pretrained: from_pretrained | Strategy: new
[2026-05-30 10:56:28]     Normalization: none | fit_scope=none
[2026-05-30 10:56:28]     Phase 1 (new): 2,170/16,010 params
[2026-05-30 10:56:29]     Result | best_epoch=4 | stop=54 | final_phase_epochs=54 | acc=0.5000 | bal_acc=0.5000 | pred_hist=[0, 8] | collapse=True
[2026-05-30 10:56:29]     spatial_conv=[4, 29] top_abs_channels=[('Pz', 0.15470317), ('O2', 0.14208557), ('T3', 0.12533876), ('T4', 0.12383278), ('O1', 0.12337142), ('CP3', 0.12270695), ('C3', 0.11481418), ('Fp1', 0.11384593)]
[2026-05-30 10:56:29]     spatial_update=delta_l2=0.04292519 max_abs=0.00721215 relative=0.03596644 changed=True

[2026-05-30 10:56:29] Fold 5/5 | subject=41
[2026-05-30 10:56:29]     Train: 32 | counts=[16, 16]
[2026-05-30 10:56:29]     Test:  8 | counts=[4, 4]
[2026-05-30 10:56:29]     Model: SignalJEPA_PreLocal | Pretrained: from_pretrained | Strategy: new
[2026-05-30 10:56:29]     Normalization: none | fit_scope=none
[2026-05-30 10:56:29]     Phase 1 (new): 2,170/16,010 params
[2026-05-30 10:56:30]     Result | best_epoch=1 | stop=51 | final_phase_epochs=51 | acc=0.5000 | bal_acc=0.5000 | pred_hist=[0, 8] | collapse=True
[2026-05-30 10:56:30]     spatial_conv=[4, 29] top_abs_channels=[('Pz', 0.15295468), ('O2', 0.14360319), ('T3', 0.12631293), ('T4', 0.12297358), ('CP3', 0.12174527), ('O1', 0.12162638), ('C3', 0.11463951), ('CP4', 0.11132005)]
[2026-05-30 10:56:30]     spatial_update=delta_l2=0.01474171 max_abs=0.00237001 relative=0.01235188 changed=True
[2026-05-30 10:56:30]   Subject 41: acc=0.5000±0.0000  bal_acc=0.5000±0.0000
[2026-05-30 10:56:30] \nSubject 42: 40 windows | class_counts=[20, 20]

[2026-05-30 10:56:30] Fold 1/5 | subject=42
[2026-05-30 10:56:30]     Train: 32 | counts=[16, 16]
[2026-05-30 10:56:30]     Test:  8 | counts=[4, 4]
[2026-05-30 10:56:30]     Model: SignalJEPA_PreLocal | Pretrained: from_pretrained | Strategy: new
[2026-05-30 10:56:30]     Normalization: none | fit_scope=none
[2026-05-30 10:56:30]     Phase 1 (new): 2,170/16,010 params
[2026-05-30 10:56:38]     Result | best_epoch=501 | stop=551 | final_phase_epochs=551 | acc=0.6250 | bal_acc=0.6250 | pred_hist=[3, 5] | collapse=False
[2026-05-30 10:56:38]     spatial_conv=[4, 29] top_abs_channels=[('C4', 0.19752993), ('FC3', 0.16517906), ('O1', 0.15671015), ('CP3', 0.14483874), ('Fz', 0.14470944), ('F7', 0.12105505), ('P4', 0.1155405), ('FCz', 0.11477524)]
[2026-05-30 10:56:38]     spatial_update=delta_l2=1.24545114 max_abs=0.33708972 relative=1.04354658 changed=True

[2026-05-30 10:56:39] Fold 2/5 | subject=42
[2026-05-30 10:56:39]     Train: 32 | counts=[16, 16]
[2026-05-30 10:56:39]     Test:  8 | counts=[4, 4]
[2026-05-30 10:56:39]     Model: SignalJEPA_PreLocal | Pretrained: from_pretrained | Strategy: new
[2026-05-30 10:56:39]     Normalization: none | fit_scope=none
[2026-05-30 10:56:39]     Phase 1 (new): 2,170/16,010 params
[2026-05-30 10:56:43]     Result | best_epoch=273 | stop=323 | final_phase_epochs=323 | acc=0.6250 | bal_acc=0.6250 | pred_hist=[1, 7] | collapse=False
[2026-05-30 10:56:43]     spatial_conv=[4, 29] top_abs_channels=[('P4', 0.16431573), ('FCz', 0.14906533), ('CP3', 0.14556374), ('FC3', 0.13871214), ('F4', 0.13697886), ('Fz', 0.13355719), ('C3', 0.13130084), ('Cz', 0.13088161)]
[2026-05-30 10:56:43]     spatial_update=delta_l2=1.01457772 max_abs=0.25662950 relative=0.85010088 changed=True

[2026-05-30 10:56:44] Fold 3/5 | subject=42
[2026-05-30 10:56:44]     Train: 32 | counts=[16, 16]
[2026-05-30 10:56:44]     Test:  8 | counts=[4, 4]
[2026-05-30 10:56:44]     Model: SignalJEPA_PreLocal | Pretrained: from_pretrained | Strategy: new
[2026-05-30 10:56:44]     Normalization: none | fit_scope=none
[2026-05-30 10:56:44]     Phase 1 (new): 2,170/16,010 params
[2026-05-30 10:56:44]     Result | best_epoch=1 | stop=51 | final_phase_epochs=51 | acc=0.3750 | bal_acc=0.3750 | pred_hist=[1, 7] | collapse=False
[2026-05-30 10:56:44]     spatial_conv=[4, 29] top_abs_channels=[('Pz', 0.15244058), ('O2', 0.14274386), ('T3', 0.12651567), ('O1', 0.12196118), ('T4', 0.12188502), ('CP3', 0.12183374), ('C3', 0.11526178), ('CP4', 0.11244956)]
[2026-05-30 10:56:44]     spatial_update=delta_l2=0.01285116 max_abs=0.00227939 relative=0.01076781 changed=True

[2026-05-30 10:56:45] Fold 4/5 | subject=42
[2026-05-30 10:56:45]     Train: 32 | counts=[16, 16]
[2026-05-30 10:56:45]     Test:  8 | counts=[4, 4]
[2026-05-30 10:56:45]     Model: SignalJEPA_PreLocal | Pretrained: from_pretrained | Strategy: new
[2026-05-30 10:56:45]     Normalization: none | fit_scope=none
[2026-05-30 10:56:45]     Phase 1 (new): 2,170/16,010 params
[2026-05-30 10:56:46]     Result | best_epoch=1 | stop=51 | final_phase_epochs=51 | acc=0.5000 | bal_acc=0.5000 | pred_hist=[0, 8] | collapse=True
[2026-05-30 10:56:46]     spatial_conv=[4, 29] top_abs_channels=[('Pz', 0.15282592), ('O2', 0.14276564), ('T3', 0.12708126), ('O1', 0.12256164), ('T4', 0.12196214), ('CP3', 0.12175176), ('C3', 0.11504951), ('CP4', 0.11142956)]
[2026-05-30 10:56:46]     spatial_update=delta_l2=0.01241350 max_abs=0.00221440 relative=0.01040110 changed=True

[2026-05-30 10:56:46] Fold 5/5 | subject=42
[2026-05-30 10:56:46]     Train: 32 | counts=[16, 16]
[2026-05-30 10:56:46]     Test:  8 | counts=[4, 4]
[2026-05-30 10:56:46]     Model: SignalJEPA_PreLocal | Pretrained: from_pretrained | Strategy: new
[2026-05-30 10:56:46]     Normalization: none | fit_scope=none
[2026-05-30 10:56:46]     Phase 1 (new): 2,170/16,010 params
[2026-05-30 10:56:47]     Result | best_epoch=1 | stop=51 | final_phase_epochs=51 | acc=0.6250 | bal_acc=0.6250 | pred_hist=[1, 7] | collapse=False
[2026-05-30 10:56:47]     spatial_conv=[4, 29] top_abs_channels=[('Pz', 0.15319927), ('O2', 0.14466035), ('T3', 0.12666187), ('T4', 0.1230309), ('CP3', 0.12099922), ('O1', 0.12080034), ('C3', 0.11440861), ('CP4', 0.11095426)]
[2026-05-30 10:56:47]     spatial_update=delta_l2=0.01196026 max_abs=0.00218124 relative=0.01002134 changed=True
[2026-05-30 10:56:47]   Subject 42: acc=0.5500±0.1000  bal_acc=0.5500±0.1000
[2026-05-30 10:56:47] \nSubject 43: 40 windows | class_counts=[20, 20]

[2026-05-30 10:56:47] Fold 1/5 | subject=43
[2026-05-30 10:56:47]     Train: 32 | counts=[16, 16]
[2026-05-30 10:56:47]     Test:  8 | counts=[4, 4]
[2026-05-30 10:56:47]     Model: SignalJEPA_PreLocal | Pretrained: from_pretrained | Strategy: new
[2026-05-30 10:56:47]     Normalization: none | fit_scope=none
[2026-05-30 10:56:47]     Phase 1 (new): 2,170/16,010 params
[2026-05-30 10:56:48]     Result | best_epoch=1 | stop=51 | final_phase_epochs=51 | acc=0.3750 | bal_acc=0.3750 | pred_hist=[1, 7] | collapse=False
[2026-05-30 10:56:48]     spatial_conv=[4, 29] top_abs_channels=[('Pz', 0.15264285), ('O2', 0.14409329), ('T3', 0.12768751), ('T4', 0.12214444), ('O1', 0.12179846), ('CP3', 0.12067166), ('C3', 0.1163069), ('CP4', 0.1103296)]
[2026-05-30 10:56:48]     spatial_update=delta_l2=0.01095287 max_abs=0.00216164 relative=0.00917726 changed=True

[2026-05-30 10:56:49] Fold 2/5 | subject=43
[2026-05-30 10:56:49]     Train: 32 | counts=[16, 16]
[2026-05-30 10:56:49]     Test:  8 | counts=[4, 4]
[2026-05-30 10:56:49]     Model: SignalJEPA_PreLocal | Pretrained: from_pretrained | Strategy: new
[2026-05-30 10:56:49]     Normalization: none | fit_scope=none
[2026-05-30 10:56:49]     Phase 1 (new): 2,170/16,010 params
[2026-05-30 10:56:49]     Result | best_epoch=3 | stop=53 | final_phase_epochs=53 | acc=0.3750 | bal_acc=0.3750 | pred_hist=[1, 7] | collapse=False
[2026-05-30 10:56:49]     spatial_conv=[4, 29] top_abs_channels=[('Pz', 0.15185721), ('O2', 0.1446165), ('T3', 0.12863269), ('CP3', 0.12175328), ('T4', 0.12087984), ('O1', 0.12017015), ('C3', 0.11686208), ('CP4', 0.11133481)]
[2026-05-30 10:56:49]     spatial_update=delta_l2=0.02554553 max_abs=0.00646092 relative=0.02140425 changed=True

[2026-05-30 10:56:50] Fold 3/5 | subject=43
[2026-05-30 10:56:50]     Train: 32 | counts=[16, 16]
[2026-05-30 10:56:50]     Test:  8 | counts=[4, 4]
[2026-05-30 10:56:50]     Model: SignalJEPA_PreLocal | Pretrained: from_pretrained | Strategy: new
[2026-05-30 10:56:50]     Normalization: none | fit_scope=none
[2026-05-30 10:56:50]     Phase 1 (new): 2,170/16,010 params
[2026-05-30 10:56:51]     Result | best_epoch=1 | stop=51 | final_phase_epochs=51 | acc=0.6250 | bal_acc=0.6250 | pred_hist=[3, 5] | collapse=False
[2026-05-30 10:56:51]     spatial_conv=[4, 29] top_abs_channels=[('Pz', 0.1533778), ('O2', 0.14338702), ('T3', 0.12781894), ('O1', 0.12200383), ('T4', 0.12175097), ('CP3', 0.1213394), ('C3', 0.11593171), ('CP4', 0.11085168)]
[2026-05-30 10:56:51]     spatial_update=delta_l2=0.01271729 max_abs=0.00220283 relative=0.01065564 changed=True

[2026-05-30 10:56:51] Fold 4/5 | subject=43
[2026-05-30 10:56:51]     Train: 32 | counts=[16, 16]
[2026-05-30 10:56:51]     Test:  8 | counts=[4, 4]
[2026-05-30 10:56:51]     Model: SignalJEPA_PreLocal | Pretrained: from_pretrained | Strategy: new
[2026-05-30 10:56:51]     Normalization: none | fit_scope=none
[2026-05-30 10:56:51]     Phase 1 (new): 2,170/16,010 params
[2026-05-30 10:56:52]     Result | best_epoch=1 | stop=51 | final_phase_epochs=51 | acc=0.5000 | bal_acc=0.5000 | pred_hist=[0, 8] | collapse=True
[2026-05-30 10:56:52]     spatial_conv=[4, 29] top_abs_channels=[('Pz', 0.15327094), ('O2', 0.14379705), ('T3', 0.12702216), ('T4', 0.12213898), ('O1', 0.12203998), ('CP3', 0.12013148), ('C3', 0.1157591), ('CP4', 0.11085685)]
[2026-05-30 10:56:52]     spatial_update=delta_l2=0.01131303 max_abs=0.00220390 relative=0.00947903 changed=True

[2026-05-30 10:56:52] Fold 5/5 | subject=43
[2026-05-30 10:56:52]     Train: 32 | counts=[16, 16]
[2026-05-30 10:56:52]     Test:  8 | counts=[4, 4]
[2026-05-30 10:56:52]     Model: SignalJEPA_PreLocal | Pretrained: from_pretrained | Strategy: new
[2026-05-30 10:56:52]     Normalization: none | fit_scope=none
[2026-05-30 10:56:52]     Phase 1 (new): 2,170/16,010 params
[2026-05-30 10:56:53]     Result | best_epoch=1 | stop=51 | final_phase_epochs=51 | acc=0.6250 | bal_acc=0.6250 | pred_hist=[1, 7] | collapse=False
[2026-05-30 10:56:53]     spatial_conv=[4, 29] top_abs_channels=[('Pz', 0.15216404), ('O2', 0.14432469), ('T3', 0.12755112), ('O1', 0.12216655), ('T4', 0.12199217), ('CP3', 0.12160775), ('C3', 0.11648612), ('CP4', 0.11131181)]
[2026-05-30 10:56:53]     spatial_update=delta_l2=0.01108067 max_abs=0.00212120 relative=0.00928434 changed=True
[2026-05-30 10:56:53]   Subject 43: acc=0.5000±0.1118  bal_acc=0.5000±0.1118
[2026-05-30 10:56:53] \nSubject 44: 40 windows | class_counts=[20, 20]

[2026-05-30 10:56:54] Fold 1/5 | subject=44
[2026-05-30 10:56:54]     Train: 32 | counts=[16, 16]
[2026-05-30 10:56:54]     Test:  8 | counts=[4, 4]
[2026-05-30 10:56:54]     Model: SignalJEPA_PreLocal | Pretrained: from_pretrained | Strategy: new
[2026-05-30 10:56:54]     Normalization: none | fit_scope=none
[2026-05-30 10:56:54]     Phase 1 (new): 2,170/16,010 params
[2026-05-30 10:57:01]     Result | best_epoch=455 | stop=505 | final_phase_epochs=505 | acc=0.7500 | bal_acc=0.7500 | pred_hist=[6, 2] | collapse=False
[2026-05-30 10:57:01]     spatial_conv=[4, 29] top_abs_channels=[('F3', 0.24231178), ('FT8', 0.16237719), ('P4', 0.15103316), ('FC3', 0.14548108), ('T5', 0.14450373), ('C3', 0.12173527), ('FC4', 0.12033831), ('O2', 0.11125683)]
[2026-05-30 10:57:01]     spatial_update=delta_l2=1.15808624 max_abs=0.38278407 relative=0.97034472 changed=True

[2026-05-30 10:57:01] Fold 2/5 | subject=44
[2026-05-30 10:57:01]     Train: 32 | counts=[16, 16]
[2026-05-30 10:57:01]     Test:  8 | counts=[4, 4]
[2026-05-30 10:57:01]     Model: SignalJEPA_PreLocal | Pretrained: from_pretrained | Strategy: new
[2026-05-30 10:57:01]     Normalization: none | fit_scope=none
[2026-05-30 10:57:01]     Phase 1 (new): 2,170/16,010 params
[2026-05-30 10:57:09]     Result | best_epoch=524 | stop=574 | final_phase_epochs=574 | acc=0.6250 | bal_acc=0.6250 | pred_hist=[1, 7] | collapse=False
[2026-05-30 10:57:09]     spatial_conv=[4, 29] top_abs_channels=[('F3', 0.2109717), ('FT8', 0.16183141), ('FCz', 0.16050574), ('P4', 0.15971927), ('T5', 0.14112814), ('FC4', 0.13790941), ('C4', 0.12726174), ('CP3', 0.12305897)]
[2026-05-30 10:57:09]     spatial_update=delta_l2=1.42178207 max_abs=0.38563672 relative=1.19129187 changed=True

[2026-05-30 10:57:10] Fold 3/5 | subject=44
[2026-05-30 10:57:10]     Train: 32 | counts=[16, 16]
[2026-05-30 10:57:10]     Test:  8 | counts=[4, 4]
[2026-05-30 10:57:10]     Model: SignalJEPA_PreLocal | Pretrained: from_pretrained | Strategy: new
[2026-05-30 10:57:10]     Normalization: none | fit_scope=none
[2026-05-30 10:57:10]     Phase 1 (new): 2,170/16,010 params
[2026-05-30 10:57:13]     Result | best_epoch=188 | stop=238 | final_phase_epochs=238 | acc=0.6250 | bal_acc=0.6250 | pred_hist=[3, 5] | collapse=False
[2026-05-30 10:57:13]     spatial_conv=[4, 29] top_abs_channels=[('F3', 0.16621187), ('Fp1', 0.15163861), ('P4', 0.13164087), ('Cz', 0.12745498), ('FT7', 0.1247559), ('FT8', 0.12208671), ('CP3', 0.12101262), ('F7', 0.10657777)]
[2026-05-30 10:57:13]     spatial_update=delta_l2=0.94644674 max_abs=0.25673546 relative=0.79301485 changed=True

[2026-05-30 10:57:14] Fold 4/5 | subject=44
[2026-05-30 10:57:14]     Train: 32 | counts=[16, 16]
[2026-05-30 10:57:14]     Test:  8 | counts=[4, 4]
[2026-05-30 10:57:14]     Model: SignalJEPA_PreLocal | Pretrained: from_pretrained | Strategy: new
[2026-05-30 10:57:14]     Normalization: none | fit_scope=none
[2026-05-30 10:57:14]     Phase 1 (new): 2,170/16,010 params
[2026-05-30 10:57:14]     Result | best_epoch=1 | stop=51 | final_phase_epochs=51 | acc=0.5000 | bal_acc=0.5000 | pred_hist=[0, 8] | collapse=True
[2026-05-30 10:57:14]     spatial_conv=[4, 29] top_abs_channels=[('Pz', 0.15422437), ('O2', 0.14297432), ('T3', 0.1259606), ('O1', 0.12267959), ('T4', 0.12216575), ('CP3', 0.11958443), ('C3', 0.11511931), ('Fp1', 0.11130035)]
[2026-05-30 10:57:14]     spatial_update=delta_l2=0.01486949 max_abs=0.00229657 relative=0.01245894 changed=True

[2026-05-30 10:57:15] Fold 5/5 | subject=44
[2026-05-30 10:57:15]     Train: 32 | counts=[16, 16]
[2026-05-30 10:57:15]     Test:  8 | counts=[4, 4]
[2026-05-30 10:57:15]     Model: SignalJEPA_PreLocal | Pretrained: from_pretrained | Strategy: new
[2026-05-30 10:57:15]     Normalization: none | fit_scope=none
[2026-05-30 10:57:15]     Phase 1 (new): 2,170/16,010 params
[2026-05-30 10:57:16]     Result | best_epoch=19 | stop=66 | final_phase_epochs=66 | acc=0.8750 | bal_acc=0.8750 | pred_hist=[3, 5] | collapse=False
[2026-05-30 10:57:16]     spatial_conv=[4, 29] top_abs_channels=[('Pz', 0.1468924), ('O2', 0.13642411), ('C3', 0.12665457), ('Fp1', 0.11839464), ('T3', 0.11691348), ('O1', 0.1161827), ('CP3', 0.11610791), ('T4', 0.11591703)]
[2026-05-30 10:57:16]     spatial_update=delta_l2=0.12603402 max_abs=0.03169812 relative=0.10560220 changed=True
[2026-05-30 10:57:16]   Subject 44: acc=0.6750±0.1275  bal_acc=0.6750±0.1275
[2026-05-30 10:57:16] \nSubject 45: 40 windows | class_counts=[20, 20]

[2026-05-30 10:57:16] Fold 1/5 | subject=45
[2026-05-30 10:57:16]     Train: 32 | counts=[16, 16]
[2026-05-30 10:57:16]     Test:  8 | counts=[4, 4]
[2026-05-30 10:57:16]     Model: SignalJEPA_PreLocal | Pretrained: from_pretrained | Strategy: new
[2026-05-30 10:57:16]     Normalization: none | fit_scope=none
[2026-05-30 10:57:16]     Phase 1 (new): 2,170/16,010 params
[2026-05-30 10:57:25]     Result | best_epoch=544 | stop=594 | final_phase_epochs=594 | acc=0.7500 | bal_acc=0.7500 | pred_hist=[4, 4] | collapse=False
[2026-05-30 10:57:25]     spatial_conv=[4, 29] top_abs_channels=[('C3', 0.19902126), ('T5', 0.19665977), ('FC3', 0.1562714), ('P3', 0.15147647), ('F3', 0.13017499), ('P4', 0.12988135), ('F4', 0.12888472), ('O2', 0.12651409)]
[2026-05-30 10:57:25]     spatial_update=delta_l2=1.28337297 max_abs=0.36681521 relative=1.07532077 changed=True

[2026-05-30 10:57:25] Fold 2/5 | subject=45
[2026-05-30 10:57:25]     Train: 32 | counts=[16, 16]
[2026-05-30 10:57:25]     Test:  8 | counts=[4, 4]
[2026-05-30 10:57:25]     Model: SignalJEPA_PreLocal | Pretrained: from_pretrained | Strategy: new
[2026-05-30 10:57:25]     Normalization: none | fit_scope=none
[2026-05-30 10:57:25]     Phase 1 (new): 2,170/16,010 params
[2026-05-30 10:57:27]     Result | best_epoch=102 | stop=152 | final_phase_epochs=152 | acc=0.8750 | bal_acc=0.8750 | pred_hist=[3, 5] | collapse=False
[2026-05-30 10:57:27]     spatial_conv=[4, 29] top_abs_channels=[('C3', 0.2016506), ('O2', 0.16196823), ('T5', 0.14884344), ('P4', 0.13314381), ('F4', 0.12479936), ('C4', 0.12407798), ('Oz', 0.12207786), ('Fz', 0.12082799)]
[2026-05-30 10:57:27]     spatial_update=delta_l2=0.80142326 max_abs=0.16010266 relative=0.67150166 changed=True

[2026-05-30 10:57:28] Fold 3/5 | subject=45
[2026-05-30 10:57:28]     Train: 32 | counts=[16, 16]
[2026-05-30 10:57:28]     Test:  8 | counts=[4, 4]
[2026-05-30 10:57:28]     Model: SignalJEPA_PreLocal | Pretrained: from_pretrained | Strategy: new
[2026-05-30 10:57:28]     Normalization: none | fit_scope=none
[2026-05-30 10:57:28]     Phase 1 (new): 2,170/16,010 params
[2026-05-30 10:57:30]     Result | best_epoch=113 | stop=163 | final_phase_epochs=163 | acc=0.8750 | bal_acc=0.8750 | pred_hist=[5, 3] | collapse=False
[2026-05-30 10:57:30]     spatial_conv=[4, 29] top_abs_channels=[('P4', 0.1871219), ('O2', 0.16114083), ('F4', 0.15227644), ('CP3', 0.13376153), ('T5', 0.12808037), ('C3', 0.12545802), ('C4', 0.12262481), ('P3', 0.11434988)]
[2026-05-30 10:57:30]     spatial_update=delta_l2=0.84975538 max_abs=0.20284554 relative=0.71199848 changed=True

[2026-05-30 10:57:31] Fold 4/5 | subject=45
[2026-05-30 10:57:31]     Train: 32 | counts=[16, 16]
[2026-05-30 10:57:31]     Test:  8 | counts=[4, 4]
[2026-05-30 10:57:31]     Model: SignalJEPA_PreLocal | Pretrained: from_pretrained | Strategy: new
[2026-05-30 10:57:31]     Normalization: none | fit_scope=none
[2026-05-30 10:57:31]     Phase 1 (new): 2,170/16,010 params
[2026-05-30 10:57:35]     Result | best_epoch=265 | stop=315 | final_phase_epochs=315 | acc=0.7500 | bal_acc=0.7500 | pred_hist=[4, 4] | collapse=False
[2026-05-30 10:57:35]     spatial_conv=[4, 29] top_abs_channels=[('CP3', 0.18278234), ('FCz', 0.17978655), ('FT7', 0.13712379), ('T5', 0.13284245), ('FC3', 0.13179463), ('O2', 0.12936716), ('CP4', 0.12311605), ('P4', 0.12184177)]
[2026-05-30 10:57:35]     spatial_update=delta_l2=1.10415318 max_abs=0.25477535 relative=0.92515494 changed=True

[2026-05-30 10:57:36] Fold 5/5 | subject=45
[2026-05-30 10:57:36]     Train: 32 | counts=[16, 16]
[2026-05-30 10:57:36]     Test:  8 | counts=[4, 4]
[2026-05-30 10:57:36]     Model: SignalJEPA_PreLocal | Pretrained: from_pretrained | Strategy: new
[2026-05-30 10:57:36]     Normalization: none | fit_scope=none
[2026-05-30 10:57:36]     Phase 1 (new): 2,170/16,010 params
[2026-05-30 10:57:38]     Result | best_epoch=109 | stop=159 | final_phase_epochs=159 | acc=0.5000 | bal_acc=0.5000 | pred_hist=[4, 4] | collapse=False
[2026-05-30 10:57:38]     spatial_conv=[4, 29] top_abs_channels=[('C3', 0.20890525), ('Fz', 0.16010383), ('O2', 0.15971276), ('T5', 0.1476129), ('CP4', 0.14337602), ('F4', 0.11821201), ('P4', 0.11778837), ('FT7', 0.10909723)]
[2026-05-30 10:57:38]     spatial_update=delta_l2=0.89546799 max_abs=0.22274497 relative=0.75030046 changed=True
[2026-05-30 10:57:38]   Subject 45: acc=0.7500±0.1369  bal_acc=0.7500±0.1369
[2026-05-30 10:57:38] \nSubject 46: 40 windows | class_counts=[20, 20]

[2026-05-30 10:57:39] Fold 1/5 | subject=46
[2026-05-30 10:57:39]     Train: 32 | counts=[16, 16]
[2026-05-30 10:57:39]     Test:  8 | counts=[4, 4]
[2026-05-30 10:57:39]     Model: SignalJEPA_PreLocal | Pretrained: from_pretrained | Strategy: new
[2026-05-30 10:57:39]     Normalization: none | fit_scope=none
[2026-05-30 10:57:39]     Phase 1 (new): 2,170/16,010 params
[2026-05-30 10:57:55]     Result | best_epoch=1126 | stop=1176 | final_phase_epochs=1176 | acc=0.7500 | bal_acc=0.7500 | pred_hist=[2, 6] | collapse=False
[2026-05-30 10:57:55]     spatial_conv=[4, 29] top_abs_channels=[('TP8', 0.27760452), ('T6', 0.17843014), ('T3', 0.16998309), ('O1', 0.16866645), ('P4', 0.1371662), ('P3', 0.13205622), ('C4', 0.11528818), ('Oz', 0.098796)]
[2026-05-30 10:57:55]     spatial_update=delta_l2=1.34448691 max_abs=0.37904021 relative=1.12652730 changed=True

[2026-05-30 10:57:56] Fold 2/5 | subject=46
[2026-05-30 10:57:56]     Train: 32 | counts=[16, 16]
[2026-05-30 10:57:56]     Test:  8 | counts=[4, 4]
[2026-05-30 10:57:56]     Model: SignalJEPA_PreLocal | Pretrained: from_pretrained | Strategy: new
[2026-05-30 10:57:56]     Normalization: none | fit_scope=none
[2026-05-30 10:57:56]     Phase 1 (new): 2,170/16,010 params
[2026-05-30 10:57:56]     Result | best_epoch=1 | stop=51 | final_phase_epochs=51 | acc=0.5000 | bal_acc=0.5000 | pred_hist=[0, 8] | collapse=True
[2026-05-30 10:57:56]     spatial_conv=[4, 29] top_abs_channels=[('Pz', 0.15293224), ('O2', 0.14445984), ('T3', 0.12693739), ('T4', 0.12220308), ('O1', 0.12170342), ('CP3', 0.12116663), ('C3', 0.11627728), ('CP4', 0.11145227)]
[2026-05-30 10:57:56]     spatial_update=delta_l2=0.01163104 max_abs=0.00216032 relative=0.00974549 changed=True

[2026-05-30 10:57:57] Fold 3/5 | subject=46
[2026-05-30 10:57:57]     Train: 32 | counts=[16, 16]
[2026-05-30 10:57:57]     Test:  8 | counts=[4, 4]
[2026-05-30 10:57:57]     Model: SignalJEPA_PreLocal | Pretrained: from_pretrained | Strategy: new
[2026-05-30 10:57:57]     Normalization: none | fit_scope=none
[2026-05-30 10:57:57]     Phase 1 (new): 2,170/16,010 params
[2026-05-30 10:58:01]     Result | best_epoch=262 | stop=312 | final_phase_epochs=312 | acc=0.5000 | bal_acc=0.5000 | pred_hist=[6, 2] | collapse=False
[2026-05-30 10:58:01]     spatial_conv=[4, 29] top_abs_channels=[('TP8', 0.20481649), ('FT7', 0.15157938), ('T3', 0.14911549), ('C4', 0.14144808), ('P4', 0.13810962), ('O1', 0.1181593), ('F8', 0.11742629), ('O2', 0.10594332)]
[2026-05-30 10:58:01]     spatial_update=delta_l2=1.08286381 max_abs=0.26802437 relative=0.90731686 changed=True

[2026-05-30 10:58:02] Fold 4/5 | subject=46
[2026-05-30 10:58:02]     Train: 32 | counts=[16, 16]
[2026-05-30 10:58:02]     Test:  8 | counts=[4, 4]
[2026-05-30 10:58:02]     Model: SignalJEPA_PreLocal | Pretrained: from_pretrained | Strategy: new
[2026-05-30 10:58:02]     Normalization: none | fit_scope=none
[2026-05-30 10:58:02]     Phase 1 (new): 2,170/16,010 params
[2026-05-30 10:58:05]     Result | best_epoch=174 | stop=224 | final_phase_epochs=224 | acc=0.5000 | bal_acc=0.5000 | pred_hist=[6, 2] | collapse=False
[2026-05-30 10:58:05]     spatial_conv=[4, 29] top_abs_channels=[('Oz', 0.16591719), ('TP8', 0.16389351), ('CP3', 0.15322247), ('O2', 0.14693645), ('O1', 0.14451686), ('TP7', 0.13267106), ('C4', 0.1230921), ('Cz', 0.11895545)]
[2026-05-30 10:58:05]     spatial_update=delta_l2=0.93208423 max_abs=0.18765360 relative=0.78098070 changed=True

[2026-05-30 10:58:05] Fold 5/5 | subject=46
[2026-05-30 10:58:05]     Train: 32 | counts=[16, 16]
[2026-05-30 10:58:05]     Test:  8 | counts=[4, 4]
[2026-05-30 10:58:05]     Model: SignalJEPA_PreLocal | Pretrained: from_pretrained | Strategy: new
[2026-05-30 10:58:05]     Normalization: none | fit_scope=none
[2026-05-30 10:58:05]     Phase 1 (new): 2,170/16,010 params
[2026-05-30 10:58:10]     Result | best_epoch=298 | stop=348 | final_phase_epochs=348 | acc=1.0000 | bal_acc=1.0000 | pred_hist=[4, 4] | collapse=False
[2026-05-30 10:58:10]     spatial_conv=[4, 29] top_abs_channels=[('TP8', 0.17333202), ('FC4', 0.15917669), ('O1', 0.14523911), ('F8', 0.13592133), ('T3', 0.12753329), ('P4', 0.12536275), ('CP4', 0.1239076), ('FT7', 0.11466161)]
[2026-05-30 10:58:10]     spatial_update=delta_l2=1.17383115 max_abs=0.31646883 relative=0.98353716 changed=True
[2026-05-30 10:58:10]   Subject 46: acc=0.6500±0.2000  bal_acc=0.6500±0.2000
[2026-05-30 10:58:10] \nSubject 47: 40 windows | class_counts=[20, 20]

[2026-05-30 10:58:11] Fold 1/5 | subject=47
[2026-05-30 10:58:11]     Train: 32 | counts=[16, 16]
[2026-05-30 10:58:11]     Test:  8 | counts=[4, 4]
[2026-05-30 10:58:11]     Model: SignalJEPA_PreLocal | Pretrained: from_pretrained | Strategy: new
[2026-05-30 10:58:11]     Normalization: none | fit_scope=none
[2026-05-30 10:58:11]     Phase 1 (new): 2,170/16,010 params
[2026-05-30 10:58:11]     Result | best_epoch=1 | stop=51 | final_phase_epochs=51 | acc=0.5000 | bal_acc=0.5000 | pred_hist=[0, 8] | collapse=True
[2026-05-30 10:58:11]     spatial_conv=[4, 29] top_abs_channels=[('Pz', 0.15335433), ('O2', 0.14451036), ('T3', 0.12675411), ('O1', 0.12257367), ('T4', 0.1213092), ('CP3', 0.12063596), ('C3', 0.11560559), ('CP4', 0.11108771)]
[2026-05-30 10:58:11]     spatial_update=delta_l2=0.01153494 max_abs=0.00226901 relative=0.00966497 changed=True

[2026-05-30 10:58:12] Fold 2/5 | subject=47
[2026-05-30 10:58:12]     Train: 32 | counts=[16, 16]
[2026-05-30 10:58:12]     Test:  8 | counts=[4, 4]
[2026-05-30 10:58:12]     Model: SignalJEPA_PreLocal | Pretrained: from_pretrained | Strategy: new
[2026-05-30 10:58:12]     Normalization: none | fit_scope=none
[2026-05-30 10:58:12]     Phase 1 (new): 2,170/16,010 params
[2026-05-30 10:58:13]     Result | best_epoch=1 | stop=51 | final_phase_epochs=51 | acc=0.5000 | bal_acc=0.5000 | pred_hist=[0, 8] | collapse=True
[2026-05-30 10:58:13]     spatial_conv=[4, 29] top_abs_channels=[('Pz', 0.15224767), ('O2', 0.14386295), ('T3', 0.12682037), ('O1', 0.12233884), ('CP3', 0.12184162), ('T4', 0.12164083), ('C3', 0.11589205), ('CP4', 0.1118006)]
[2026-05-30 10:58:13]     spatial_update=delta_l2=0.01134345 max_abs=0.00220410 relative=0.00950452 changed=True

[2026-05-30 10:58:13] Fold 3/5 | subject=47
[2026-05-30 10:58:13]     Train: 32 | counts=[16, 16]
[2026-05-30 10:58:13]     Test:  8 | counts=[4, 4]
[2026-05-30 10:58:13]     Model: SignalJEPA_PreLocal | Pretrained: from_pretrained | Strategy: new
[2026-05-30 10:58:13]     Normalization: none | fit_scope=none
[2026-05-30 10:58:13]     Phase 1 (new): 2,170/16,010 params
[2026-05-30 10:58:14]     Result | best_epoch=1 | stop=51 | final_phase_epochs=51 | acc=0.5000 | bal_acc=0.5000 | pred_hist=[0, 8] | collapse=True
[2026-05-30 10:58:14]     spatial_conv=[4, 29] top_abs_channels=[('Pz', 0.15345509), ('O2', 0.14337425), ('T3', 0.12634146), ('O1', 0.12269419), ('T4', 0.12123504), ('CP3', 0.12088755), ('C3', 0.11604585), ('CP4', 0.11125056)]
[2026-05-30 10:58:14]     spatial_update=delta_l2=0.01178291 max_abs=0.00222360 relative=0.00987274 changed=True

[2026-05-30 10:58:14] Fold 4/5 | subject=47
[2026-05-30 10:58:14]     Train: 32 | counts=[16, 16]
[2026-05-30 10:58:14]     Test:  8 | counts=[4, 4]
[2026-05-30 10:58:14]     Model: SignalJEPA_PreLocal | Pretrained: from_pretrained | Strategy: new
[2026-05-30 10:58:14]     Normalization: none | fit_scope=none
[2026-05-30 10:58:14]     Phase 1 (new): 2,170/16,010 params
[2026-05-30 10:58:15]     Result | best_epoch=1 | stop=51 | final_phase_epochs=51 | acc=0.5000 | bal_acc=0.5000 | pred_hist=[0, 8] | collapse=True
[2026-05-30 10:58:15]     spatial_conv=[4, 29] top_abs_channels=[('Pz', 0.15345825), ('O2', 0.14403607), ('T3', 0.12655167), ('O1', 0.12289447), ('T4', 0.12137423), ('CP3', 0.12089816), ('C3', 0.11513545), ('CP4', 0.1115559)]
[2026-05-30 10:58:15]     spatial_update=delta_l2=0.01145853 max_abs=0.00235717 relative=0.00960095 changed=True

[2026-05-30 10:58:16] Fold 5/5 | subject=47
[2026-05-30 10:58:16]     Train: 32 | counts=[16, 16]
[2026-05-30 10:58:16]     Test:  8 | counts=[4, 4]
[2026-05-30 10:58:16]     Model: SignalJEPA_PreLocal | Pretrained: from_pretrained | Strategy: new
[2026-05-30 10:58:16]     Normalization: none | fit_scope=none
[2026-05-30 10:58:16]     Phase 1 (new): 2,170/16,010 params
[2026-05-30 10:58:16]     Result | best_epoch=1 | stop=51 | final_phase_epochs=51 | acc=0.5000 | bal_acc=0.5000 | pred_hist=[0, 8] | collapse=True
[2026-05-30 10:58:16]     spatial_conv=[4, 29] top_abs_channels=[('Pz', 0.15307692), ('O2', 0.14474255), ('T3', 0.12734075), ('O1', 0.12245914), ('T4', 0.12192445), ('CP3', 0.12037559), ('C3', 0.11546849), ('CP4', 0.11085834)]
[2026-05-30 10:58:16]     spatial_update=delta_l2=0.01242452 max_abs=0.00226184 relative=0.01041033 changed=True
[2026-05-30 10:58:16]   Subject 47: acc=0.5000±0.0000  bal_acc=0.5000±0.0000
[2026-05-30 10:58:16] \nSubject 48: 40 windows | class_counts=[20, 20]

[2026-05-30 10:58:17] Fold 1/5 | subject=48
[2026-05-30 10:58:17]     Train: 32 | counts=[16, 16]
[2026-05-30 10:58:17]     Test:  8 | counts=[4, 4]
[2026-05-30 10:58:17]     Model: SignalJEPA_PreLocal | Pretrained: from_pretrained | Strategy: new
[2026-05-30 10:58:17]     Normalization: none | fit_scope=none
[2026-05-30 10:58:17]     Phase 1 (new): 2,170/16,010 params
[2026-05-30 10:58:17]     Result | best_epoch=1 | stop=51 | final_phase_epochs=51 | acc=0.5000 | bal_acc=0.5000 | pred_hist=[0, 8] | collapse=True
[2026-05-30 10:58:17]     spatial_conv=[4, 29] top_abs_channels=[('Pz', 0.15219915), ('O2', 0.14508602), ('T3', 0.12635677), ('T4', 0.12257476), ('O1', 0.12178443), ('CP3', 0.12156089), ('C3', 0.11566386), ('CP4', 0.11144293)]
[2026-05-30 10:58:17]     spatial_update=delta_l2=0.01481550 max_abs=0.00223787 relative=0.01241371 changed=True

[2026-05-30 10:58:18] Fold 2/5 | subject=48
[2026-05-30 10:58:18]     Train: 32 | counts=[16, 16]
[2026-05-30 10:58:18]     Test:  8 | counts=[4, 4]
[2026-05-30 10:58:18]     Model: SignalJEPA_PreLocal | Pretrained: from_pretrained | Strategy: new
[2026-05-30 10:58:18]     Normalization: none | fit_scope=none
[2026-05-30 10:58:18]     Phase 1 (new): 2,170/16,010 params
[2026-05-30 10:58:27]     Result | best_epoch=623 | stop=673 | final_phase_epochs=673 | acc=0.6250 | bal_acc=0.6250 | pred_hist=[5, 3] | collapse=False
[2026-05-30 10:58:27]     spatial_conv=[4, 29] top_abs_channels=[('CP3', 0.24191767), ('O2', 0.19846928), ('Cz', 0.18700425), ('C3', 0.16632973), ('Pz', 0.12510371), ('O1', 0.11998567), ('FC4', 0.11942012), ('C4', 0.11917512)]
[2026-05-30 10:58:27]     spatial_update=delta_l2=1.25971066 max_abs=0.34141460 relative=1.05549444 changed=True

[2026-05-30 10:58:28] Fold 3/5 | subject=48
[2026-05-30 10:58:28]     Train: 32 | counts=[16, 16]
[2026-05-30 10:58:28]     Test:  8 | counts=[4, 4]
[2026-05-30 10:58:28]     Model: SignalJEPA_PreLocal | Pretrained: from_pretrained | Strategy: new
[2026-05-30 10:58:28]     Normalization: none | fit_scope=none
[2026-05-30 10:58:28]     Phase 1 (new): 2,170/16,010 params
[2026-05-30 10:58:29]     Result | best_epoch=1 | stop=51 | final_phase_epochs=51 | acc=0.5000 | bal_acc=0.5000 | pred_hist=[0, 8] | collapse=True
[2026-05-30 10:58:29]     spatial_conv=[4, 29] top_abs_channels=[('Pz', 0.15211301), ('O2', 0.14471954), ('T3', 0.12613605), ('T4', 0.12263806), ('CP3', 0.12177799), ('O1', 0.12176149), ('C3', 0.11456054), ('CP4', 0.11148392)]
[2026-05-30 10:58:29]     spatial_update=delta_l2=0.01338513 max_abs=0.00223571 relative=0.01121521 changed=True

[2026-05-30 10:58:29] Fold 4/5 | subject=48
[2026-05-30 10:58:29]     Train: 32 | counts=[16, 16]
[2026-05-30 10:58:29]     Test:  8 | counts=[4, 4]
[2026-05-30 10:58:29]     Model: SignalJEPA_PreLocal | Pretrained: from_pretrained | Strategy: new
[2026-05-30 10:58:29]     Normalization: none | fit_scope=none
[2026-05-30 10:58:29]     Phase 1 (new): 2,170/16,010 params
[2026-05-30 10:58:30]     Result | best_epoch=1 | stop=51 | final_phase_epochs=51 | acc=0.6250 | bal_acc=0.6250 | pred_hist=[1, 7] | collapse=False
[2026-05-30 10:58:30]     spatial_conv=[4, 29] top_abs_channels=[('Pz', 0.15222174), ('O2', 0.14512596), ('T3', 0.12581395), ('T4', 0.12253766), ('O1', 0.12147038), ('CP3', 0.12144275), ('C3', 0.1155909), ('CP4', 0.1112947)]
[2026-05-30 10:58:30]     spatial_update=delta_l2=0.01518965 max_abs=0.00238272 relative=0.01272720 changed=True

[2026-05-30 10:58:30] Fold 5/5 | subject=48
[2026-05-30 10:58:30]     Train: 32 | counts=[16, 16]
[2026-05-30 10:58:30]     Test:  8 | counts=[4, 4]
[2026-05-30 10:58:30]     Model: SignalJEPA_PreLocal | Pretrained: from_pretrained | Strategy: new
[2026-05-30 10:58:30]     Normalization: none | fit_scope=none
[2026-05-30 10:58:30]     Phase 1 (new): 2,170/16,010 params
[2026-05-30 10:58:31]     Result | best_epoch=1 | stop=51 | final_phase_epochs=51 | acc=0.5000 | bal_acc=0.5000 | pred_hist=[0, 8] | collapse=True
[2026-05-30 10:58:31]     spatial_conv=[4, 29] top_abs_channels=[('Pz', 0.15226214), ('O2', 0.14510225), ('T3', 0.12719256), ('T4', 0.12237441), ('CP3', 0.12149215), ('O1', 0.12053812), ('C3', 0.1156167), ('CP4', 0.11105934)]
[2026-05-30 10:58:31]     spatial_update=delta_l2=0.01346032 max_abs=0.00235139 relative=0.01127822 changed=True
[2026-05-30 10:58:31]   Subject 48: acc=0.5500±0.0612  bal_acc=0.5500±0.0612
[2026-05-30 10:58:31] \nSubject 49: 40 windows | class_counts=[20, 20]

[2026-05-30 10:58:32] Fold 1/5 | subject=49
[2026-05-30 10:58:32]     Train: 32 | counts=[16, 16]
[2026-05-30 10:58:32]     Test:  8 | counts=[4, 4]
[2026-05-30 10:58:32]     Model: SignalJEPA_PreLocal | Pretrained: from_pretrained | Strategy: new
[2026-05-30 10:58:32]     Normalization: none | fit_scope=none
[2026-05-30 10:58:32]     Phase 1 (new): 2,170/16,010 params
[2026-05-30 10:58:32]     Result | best_epoch=4 | stop=51 | final_phase_epochs=51 | acc=0.5000 | bal_acc=0.5000 | pred_hist=[0, 8] | collapse=True
[2026-05-30 10:58:32]     spatial_conv=[4, 29] top_abs_channels=[('Pz', 0.15276997), ('O2', 0.14395073), ('T3', 0.12568793), ('T4', 0.12274864), ('CP3', 0.12175103), ('O1', 0.12173589), ('C3', 0.11554506), ('CP4', 0.11127947)]
[2026-05-30 10:58:32]     spatial_update=delta_l2=0.01199861 max_abs=0.00229442 relative=0.01005348 changed=True

[2026-05-30 10:58:33] Fold 2/5 | subject=49
[2026-05-30 10:58:33]     Train: 32 | counts=[16, 16]
[2026-05-30 10:58:33]     Test:  8 | counts=[4, 4]
[2026-05-30 10:58:33]     Model: SignalJEPA_PreLocal | Pretrained: from_pretrained | Strategy: new
[2026-05-30 10:58:33]     Normalization: none | fit_scope=none
[2026-05-30 10:58:33]     Phase 1 (new): 2,170/16,010 params
[2026-05-30 10:58:43]     Result | best_epoch=720 | stop=769 | final_phase_epochs=769 | acc=0.2500 | bal_acc=0.2500 | pred_hist=[6, 2] | collapse=False
[2026-05-30 10:58:43]     spatial_conv=[4, 29] top_abs_channels=[('T3', 0.19241861), ('FT8', 0.1694954), ('O2', 0.16908443), ('C4', 0.15820873), ('Fp1', 0.13573067), ('F4', 0.12249283), ('Oz', 0.10069128), ('P3', 0.09588665)]
[2026-05-30 10:58:43]     spatial_update=delta_l2=1.00529659 max_abs=0.25086007 relative=0.84232435 changed=True

[2026-05-30 10:58:44] Fold 3/5 | subject=49
[2026-05-30 10:58:44]     Train: 32 | counts=[16, 16]
[2026-05-30 10:58:44]     Test:  8 | counts=[4, 4]
[2026-05-30 10:58:44]     Model: SignalJEPA_PreLocal | Pretrained: from_pretrained | Strategy: new
[2026-05-30 10:58:44]     Normalization: none | fit_scope=none
[2026-05-30 10:58:44]     Phase 1 (new): 2,170/16,010 params
[2026-05-30 10:58:45]     Result | best_epoch=24 | stop=72 | final_phase_epochs=72 | acc=0.3750 | bal_acc=0.3750 | pred_hist=[5, 3] | collapse=False
[2026-05-30 10:58:45]     spatial_conv=[4, 29] top_abs_channels=[('O2', 0.15414625), ('Pz', 0.15209146), ('P3', 0.12270835), ('CP4', 0.11893565), ('O1', 0.11566161), ('Fp1', 0.11248439), ('CP3', 0.11141955), ('T4', 0.10804252)]
[2026-05-30 10:58:45]     spatial_update=delta_l2=0.20906595 max_abs=0.04571536 relative=0.17517351 changed=True

[2026-05-30 10:58:46] Fold 4/5 | subject=49
[2026-05-30 10:58:46]     Train: 32 | counts=[16, 16]
[2026-05-30 10:58:46]     Test:  8 | counts=[4, 4]
[2026-05-30 10:58:46]     Model: SignalJEPA_PreLocal | Pretrained: from_pretrained | Strategy: new
[2026-05-30 10:58:46]     Normalization: none | fit_scope=none
[2026-05-30 10:58:46]     Phase 1 (new): 2,170/16,010 params
[2026-05-30 10:58:46]     Result | best_epoch=1 | stop=51 | final_phase_epochs=51 | acc=0.5000 | bal_acc=0.5000 | pred_hist=[0, 8] | collapse=True
[2026-05-30 10:58:46]     spatial_conv=[4, 29] top_abs_channels=[('Pz', 0.15355016), ('O2', 0.14428478), ('T3', 0.12522089), ('T4', 0.12265128), ('O1', 0.12129268), ('CP3', 0.1208518), ('C3', 0.11515737), ('CP4', 0.11141314)]
[2026-05-30 10:58:46]     spatial_update=delta_l2=0.01199865 max_abs=0.00213961 relative=0.01005350 changed=True

[2026-05-30 10:58:47] Fold 5/5 | subject=49
[2026-05-30 10:58:47]     Train: 32 | counts=[16, 16]
[2026-05-30 10:58:47]     Test:  8 | counts=[4, 4]
[2026-05-30 10:58:47]     Model: SignalJEPA_PreLocal | Pretrained: from_pretrained | Strategy: new
[2026-05-30 10:58:47]     Normalization: none | fit_scope=none
[2026-05-30 10:58:47]     Phase 1 (new): 2,170/16,010 params
[2026-05-30 10:58:48]     Result | best_epoch=4 | stop=53 | final_phase_epochs=53 | acc=0.5000 | bal_acc=0.5000 | pred_hist=[0, 8] | collapse=True
[2026-05-30 10:58:48]     spatial_conv=[4, 29] top_abs_channels=[('Pz', 0.15267488), ('O2', 0.14272323), ('T3', 0.12430367), ('T4', 0.12245674), ('O1', 0.12053084), ('CP3', 0.12005184), ('C3', 0.11611642), ('CP4', 0.11128031)]
[2026-05-30 10:58:48]     spatial_update=delta_l2=0.02920230 max_abs=0.00609254 relative=0.02446821 changed=True
[2026-05-30 10:58:48]   Subject 49: acc=0.4250±0.1000  bal_acc=0.4250±0.1000
[2026-05-30 10:58:48] \nSubject 50: 40 windows | class_counts=[20, 20]

[2026-05-30 10:58:48] Fold 1/5 | subject=50
[2026-05-30 10:58:48]     Train: 32 | counts=[16, 16]
[2026-05-30 10:58:48]     Test:  8 | counts=[4, 4]
[2026-05-30 10:58:48]     Model: SignalJEPA_PreLocal | Pretrained: from_pretrained | Strategy: new
[2026-05-30 10:58:48]     Normalization: none | fit_scope=none
[2026-05-30 10:58:48]     Phase 1 (new): 2,170/16,010 params
[2026-05-30 10:58:50]     Result | best_epoch=78 | stop=128 | final_phase_epochs=128 | acc=0.5000 | bal_acc=0.5000 | pred_hist=[4, 4] | collapse=False
[2026-05-30 10:58:50]     spatial_conv=[4, 29] top_abs_channels=[('T3', 0.18020427), ('O2', 0.17719781), ('CP3', 0.14201376), ('Pz', 0.13409942), ('Fp1', 0.12791903), ('F8', 0.12312508), ('F4', 0.1153592), ('O1', 0.11528111)]
[2026-05-30 10:58:50]     spatial_update=delta_l2=0.54953135 max_abs=0.14189524 relative=0.46044485 changed=True

[2026-05-30 10:58:50] Fold 2/5 | subject=50
[2026-05-30 10:58:50]     Train: 32 | counts=[16, 16]
[2026-05-30 10:58:50]     Test:  8 | counts=[4, 4]
[2026-05-30 10:58:50]     Model: SignalJEPA_PreLocal | Pretrained: from_pretrained | Strategy: new
[2026-05-30 10:58:50]     Normalization: none | fit_scope=none
[2026-05-30 10:58:50]     Phase 1 (new): 2,170/16,010 params
[2026-05-30 10:58:53]     Result | best_epoch=160 | stop=210 | final_phase_epochs=210 | acc=0.6250 | bal_acc=0.6250 | pred_hist=[3, 5] | collapse=False
[2026-05-30 10:58:53]     spatial_conv=[4, 29] top_abs_channels=[('Pz', 0.18254307), ('T3', 0.1435146), ('CP3', 0.14102924), ('F4', 0.13544627), ('P3', 0.13237938), ('F8', 0.11746419), ('C4', 0.11416378), ('FT7', 0.113971)]
[2026-05-30 10:58:53]     spatial_update=delta_l2=0.77072798 max_abs=0.25443706 relative=0.64578250 changed=True

[2026-05-30 10:58:54] Fold 3/5 | subject=50
[2026-05-30 10:58:54]     Train: 32 | counts=[16, 16]
[2026-05-30 10:58:54]     Test:  8 | counts=[4, 4]
[2026-05-30 10:58:54]     Model: SignalJEPA_PreLocal | Pretrained: from_pretrained | Strategy: new
[2026-05-30 10:58:54]     Normalization: none | fit_scope=none
[2026-05-30 10:58:54]     Phase 1 (new): 2,170/16,010 params
[2026-05-30 10:58:54]     Result | best_epoch=1 | stop=51 | final_phase_epochs=51 | acc=0.5000 | bal_acc=0.5000 | pred_hist=[0, 8] | collapse=True
[2026-05-30 10:58:54]     spatial_conv=[4, 29] top_abs_channels=[('Pz', 0.15308841), ('O2', 0.14523213), ('T3', 0.12732492), ('T4', 0.12249057), ('CP3', 0.12218232), ('O1', 0.12072672), ('C3', 0.11490208), ('CP4', 0.11043957)]
[2026-05-30 10:58:54]     spatial_update=delta_l2=0.01251923 max_abs=0.00232512 relative=0.01048970 changed=True

[2026-05-30 10:58:55] Fold 4/5 | subject=50
[2026-05-30 10:58:55]     Train: 32 | counts=[16, 16]
[2026-05-30 10:58:55]     Test:  8 | counts=[4, 4]
[2026-05-30 10:58:55]     Model: SignalJEPA_PreLocal | Pretrained: from_pretrained | Strategy: new
[2026-05-30 10:58:55]     Normalization: none | fit_scope=none
[2026-05-30 10:58:55]     Phase 1 (new): 2,170/16,010 params
[2026-05-30 10:58:56]     Result | best_epoch=1 | stop=51 | final_phase_epochs=51 | acc=0.5000 | bal_acc=0.5000 | pred_hist=[0, 8] | collapse=True
[2026-05-30 10:58:56]     spatial_conv=[4, 29] top_abs_channels=[('Pz', 0.15306343), ('O2', 0.14469804), ('T3', 0.12659696), ('T4', 0.12208937), ('CP3', 0.12137721), ('O1', 0.12131671), ('C3', 0.11470715), ('CP4', 0.11012941)]
[2026-05-30 10:58:56]     spatial_update=delta_l2=0.01045982 max_abs=0.00209454 relative=0.00876414 changed=True

[2026-05-30 10:58:56] Fold 5/5 | subject=50
[2026-05-30 10:58:56]     Train: 32 | counts=[16, 16]
[2026-05-30 10:58:56]     Test:  8 | counts=[4, 4]
[2026-05-30 10:58:56]     Model: SignalJEPA_PreLocal | Pretrained: from_pretrained | Strategy: new
[2026-05-30 10:58:56]     Normalization: none | fit_scope=none
[2026-05-30 10:58:56]     Phase 1 (new): 2,170/16,010 params
[2026-05-30 10:58:59]     Result | best_epoch=176 | stop=226 | final_phase_epochs=226 | acc=0.3750 | bal_acc=0.3750 | pred_hist=[5, 3] | collapse=False
[2026-05-30 10:58:59]     spatial_conv=[4, 29] top_abs_channels=[('CP4', 0.17489181), ('O2', 0.15587096), ('CP3', 0.14620864), ('T3', 0.13725403), ('O1', 0.13535151), ('Pz', 0.12493414), ('T4', 0.12071), ('F4', 0.11187974)]
[2026-05-30 10:58:59]     spatial_update=delta_l2=0.75053261 max_abs=0.22621692 relative=0.62886107 changed=True
[2026-05-30 10:58:59]   Subject 50: acc=0.5000±0.0791  bal_acc=0.5000±0.0791

[2026-05-30 10:58:59] Total evaluation splits completed: 250
[2026-05-30 10:58:59] ======================================================================
[2026-05-30 10:58:59] AGGREGATED RESULTS
[2026-05-30 10:58:59] ======================================================================
[2026-05-30 10:58:59]   1: acc=0.4750±0.2151  bal_acc=0.4750±0.2151
[2026-05-30 10:58:59]   2: acc=0.5250±0.0500  bal_acc=0.5250±0.0500
[2026-05-30 10:58:59]   3: acc=0.6250±0.1581  bal_acc=0.6250±0.1581
[2026-05-30 10:58:59]   4: acc=0.5750±0.0612  bal_acc=0.5750±0.0612
[2026-05-30 10:58:59]   5: acc=0.5500±0.1696  bal_acc=0.5500±0.1696
[2026-05-30 10:58:59]   6: acc=0.4750±0.1458  bal_acc=0.4750±0.1458
[2026-05-30 10:58:59]   7: acc=0.3750±0.1369  bal_acc=0.3750±0.1369
[2026-05-30 10:58:59]   8: acc=0.8000±0.1275  bal_acc=0.8000±0.1275
[2026-05-30 10:58:59]   9: acc=0.4000±0.0500  bal_acc=0.4000±0.0500
[2026-05-30 10:58:59]   10: acc=0.4750±0.0500  bal_acc=0.4750±0.0500
[2026-05-30 10:58:59]   11: acc=0.5250±0.0500  bal_acc=0.5250±0.0500
[2026-05-30 10:58:59]   12: acc=0.5000±0.0000  bal_acc=0.5000±0.0000
[2026-05-30 10:58:59]   13: acc=0.6500±0.1225  bal_acc=0.6500±0.1225
[2026-05-30 10:58:59]   14: acc=0.4250±0.1275  bal_acc=0.4250±0.1275
[2026-05-30 10:58:59]   15: acc=0.5000±0.1581  bal_acc=0.5000±0.1581
[2026-05-30 10:58:59]   16: acc=0.4750±0.0500  bal_acc=0.4750±0.0500
[2026-05-30 10:58:59]   17: acc=0.6000±0.1225  bal_acc=0.6000±0.1225
[2026-05-30 10:58:59]   18: acc=0.9500±0.0612  bal_acc=0.9500±0.0612
[2026-05-30 10:58:59]   19: acc=0.4000±0.1458  bal_acc=0.4000±0.1458
[2026-05-30 10:58:59]   20: acc=0.4500±0.1275  bal_acc=0.4500±0.1275
[2026-05-30 10:58:59]   21: acc=0.5750±0.2031  bal_acc=0.5750±0.2031
[2026-05-30 10:58:59]   22: acc=0.9000±0.0935  bal_acc=0.9000±0.0935
[2026-05-30 10:58:59]   23: acc=0.5000±0.0000  bal_acc=0.5000±0.0000
[2026-05-30 10:58:59]   24: acc=0.4750±0.0500  bal_acc=0.4750±0.0500
[2026-05-30 10:58:59]   25: acc=0.5000±0.0000  bal_acc=0.5000±0.0000
[2026-05-30 10:58:59]   26: acc=0.5000±0.0000  bal_acc=0.5000±0.0000
[2026-05-30 10:58:59]   27: acc=0.5750±0.1500  bal_acc=0.5750±0.1500
[2026-05-30 10:58:59]   28: acc=0.5000±0.0000  bal_acc=0.5000±0.0000
[2026-05-30 10:58:59]   29: acc=0.4750±0.0500  bal_acc=0.4750±0.0500
[2026-05-30 10:58:59]   30: acc=0.7500±0.1768  bal_acc=0.7500±0.1768
[2026-05-30 10:58:59]   31: acc=0.5250±0.1458  bal_acc=0.5250±0.1458
[2026-05-30 10:58:59]   32: acc=0.5000±0.0791  bal_acc=0.5000±0.0791
[2026-05-30 10:58:59]   33: acc=0.5000±0.0000  bal_acc=0.5000±0.0000
[2026-05-30 10:58:59]   34: acc=0.8000±0.0612  bal_acc=0.8000±0.0612
[2026-05-30 10:58:59]   35: acc=0.7500±0.0000  bal_acc=0.7500±0.0000
[2026-05-30 10:58:59]   36: acc=0.5000±0.0000  bal_acc=0.5000±0.0000
[2026-05-30 10:58:59]   37: acc=0.5000±0.0000  bal_acc=0.5000±0.0000
[2026-05-30 10:58:59]   38: acc=0.7000±0.1696  bal_acc=0.7000±0.1696
[2026-05-30 10:58:59]   39: acc=0.5500±0.0612  bal_acc=0.5500±0.0612
[2026-05-30 10:58:59]   40: acc=0.6750±0.1871  bal_acc=0.6750±0.1871
[2026-05-30 10:58:59]   41: acc=0.5000±0.0000  bal_acc=0.5000±0.0000
[2026-05-30 10:58:59]   42: acc=0.5500±0.1000  bal_acc=0.5500±0.1000
[2026-05-30 10:58:59]   43: acc=0.5000±0.1118  bal_acc=0.5000±0.1118
[2026-05-30 10:58:59]   44: acc=0.6750±0.1275  bal_acc=0.6750±0.1275
[2026-05-30 10:58:59]   45: acc=0.7500±0.1369  bal_acc=0.7500±0.1369
[2026-05-30 10:58:59]   46: acc=0.6500±0.2000  bal_acc=0.6500±0.2000
[2026-05-30 10:58:59]   47: acc=0.5000±0.0000  bal_acc=0.5000±0.0000
[2026-05-30 10:58:59]   48: acc=0.5500±0.0612  bal_acc=0.5500±0.0612
[2026-05-30 10:58:59]   49: acc=0.4250±0.1000  bal_acc=0.4250±0.1000
[2026-05-30 10:58:59]   50: acc=0.5000±0.0791  bal_acc=0.5000±0.0791
[2026-05-30 10:58:59] ----------------------------------------------------------------------
[2026-05-30 10:58:59]   OVERALL: acc=0.5620±0.1674  bal_acc=0.5620±0.1674
[2026-05-30 10:58:59] ======================================================================
[2026-05-30 10:58:59] Performance tables saved:
[2026-05-30 10:58:59]   Fold-level results:       /home/vegorov/Repos/eeg_jepa_research/artifacts/liu2024-source-mat-sjepa-prelocal/20260530_1042_8ccdef05/fold_level_results.csv
[2026-05-30 10:58:59]   Subject-level summary:    /home/vegorov/Repos/eeg_jepa_research/artifacts/liu2024-source-mat-sjepa-prelocal/20260530_1042_8ccdef05/subject_level_summary.csv
[2026-05-30 10:58:59]   Global method comparison: /home/vegorov/Repos/eeg_jepa_research/artifacts/liu2024-source-mat-sjepa-prelocal/20260530_1042_8ccdef05/global_method_comparison.csv
[2026-05-30 10:59:00] Subject performance plot saved to: /home/vegorov/Repos/eeg_jepa_research/artifacts/liu2024-source-mat-sjepa-prelocal/20260530_1042_8ccdef05/sjepa_prelocal_subject_performance.png
[2026-05-30 10:59:00] Global performance plot saved to: /home/vegorov/Repos/eeg_jepa_research/artifacts/liu2024-source-mat-sjepa-prelocal/20260530_1042_8ccdef05/sjepa_prelocal_global_performance_summary.png
[2026-05-30 10:59:00] Aggregated confusion matrix plot saved to: /home/vegorov/Repos/eeg_jepa_research/artifacts/liu2024-source-mat-sjepa-prelocal/20260530_1042_8ccdef05/sjepa_prelocal_aggregated_confusion_matrix.png
[2026-05-30 10:59:00] Confusion metrics saved to: /home/vegorov/Repos/eeg_jepa_research/artifacts/liu2024-source-mat-sjepa-prelocal/20260530_1042_8ccdef05/sjepa_prelocal_confusion_metrics.csv

[2026-05-30 10:59:00] ======================================================================
[2026-05-30 10:59:00] EXPERIMENT SUMMARY
[2026-05-30 10:59:00] ======================================================================
[2026-05-30 10:59:00] Run ID:                 20260530_1042_8ccdef05
[2026-05-30 10:59:00] Experiment:             hpgrid537_bs4_lr0p0004_clip2_start1_test0p2_fir_baseline_window_mean
[2026-05-30 10:59:00] Subjects:               50
[2026-05-30 10:59:00] Model:                  SignalJEPA_PreLocal
[2026-05-30 10:59:00] Pretrained mode:        from_pretrained
[2026-05-30 10:59:00] Strategy:               new
[2026-05-30 10:59:00] Preprocessing:          baseline_window_mean | ref=average | resample=True->128 | filter=True 0.5–40.0 fir
[2026-05-30 10:59:00] Window:                 start=1s | 4.195s / 537 samples
[2026-05-30 10:59:00] Artifacts:              /home/vegorov/Repos/eeg_jepa_research/artifacts/liu2024-source-mat-sjepa-prelocal/20260530_1042_8ccdef05
[2026-05-30 10:59:00] Mean Accuracy:          0.5620 ± 0.1674
[2026-05-30 10:59:00] Mean Balanced Accuracy: 0.5620 ± 0.1674
[2026-05-30 10:59:00] ======================================================================

[2026-05-30 10:59:00] Spatial convolution analysis saved:
[2026-05-30 10:59:00]   Long channel CSV:        /home/vegorov/Repos/eeg_jepa_research/artifacts/liu2024-source-mat-sjepa-prelocal/20260530_1042_8ccdef05/spatial_conv_analysis/spatial_channel_importance_long.csv
[2026-05-30 10:59:00]   Fold diagnostics CSV:    /home/vegorov/Repos/eeg_jepa_research/artifacts/liu2024-source-mat-sjepa-prelocal/20260530_1042_8ccdef05/spatial_conv_analysis/fold_diagnostics.csv
[2026-05-30 10:59:00]   Fold weight JSON:        /home/vegorov/Repos/eeg_jepa_research/artifacts/liu2024-source-mat-sjepa-prelocal/20260530_1042_8ccdef05/spatial_conv_analysis/spatial_conv_weights_by_fold.json
[2026-05-30 10:59:00]   Global importance CSV:   /home/vegorov/Repos/eeg_jepa_research/artifacts/liu2024-source-mat-sjepa-prelocal/20260530_1042_8ccdef05/spatial_conv_analysis/spatial_channel_importance_global.csv
[2026-05-30 10:59:00]   Subject importance CSV:  /home/vegorov/Repos/eeg_jepa_research/artifacts/liu2024-source-mat-sjepa-prelocal/20260530_1042_8ccdef05/spatial_conv_analysis/spatial_channel_importance_by_subject.csv
[2026-05-30 10:59:00]   Diagnostic summary JSON: /home/vegorov/Repos/eeg_jepa_research/artifacts/liu2024-source-mat-sjepa-prelocal/20260530_1042_8ccdef05/spatial_conv_analysis/diagnostic_summary.json

[2026-05-30 10:59:00] Diagnostic summary:
[2026-05-30 10:59:00] {
  "n_folds": 250,
  "collapse_rate": 0.412,
  "mean_collapse_ratio": 0.791,
  "mean_spatial_delta_l2": 0.43075092388,
  "mean_spatial_relative_delta": 0.36092034384,
  "spatial_changed_rate": 1.0,
  "mean_confidence": 0.578434365,
  "mean_normalized_prediction_entropy": 0.92818714452
}

[2026-05-30 10:59:00] Top global channels by mean absolute spatial weight:
[2026-05-30 10:59:00] CV results saved to:      /home/vegorov/Repos/eeg_jepa_research/artifacts/liu2024-source-mat-sjepa-prelocal/20260530_1042_8ccdef05/cv_results.json
[2026-05-30 10:59:00] Subject metrics saved to: /home/vegorov/Repos/eeg_jepa_research/artifacts/liu2024-source-mat-sjepa-prelocal/20260530_1042_8ccdef05/subject_metrics.json
[2026-05-30 10:59:00] Global metrics saved to:  /home/vegorov/Repos/eeg_jepa_research/artifacts/liu2024-source-mat-sjepa-prelocal/20260530_1042_8ccdef05/global_metrics.json
[2026-05-30 10:59:00] Subject performance plot: /home/vegorov/Repos/eeg_jepa_research/artifacts/liu2024-source-mat-sjepa-prelocal/20260530_1042_8ccdef05/sjepa_prelocal_subject_performance.png
[2026-05-30 10:59:00] Global performance plot:  /home/vegorov/Repos/eeg_jepa_research/artifacts/liu2024-source-mat-sjepa-prelocal/20260530_1042_8ccdef05/sjepa_prelocal_global_performance_summary.png
[2026-05-30 10:59:00] Confusion matrix plot:    /home/vegorov/Repos/eeg_jepa_research/artifacts/liu2024-source-mat-sjepa-prelocal/20260530_1042_8ccdef05/sjepa_prelocal_aggregated_confusion_matrix.png
[2026-05-30 10:59:00] Run metadata saved to:    /home/vegorov/Repos/eeg_jepa_research/artifacts/liu2024-source-mat-sjepa-prelocal/20260530_1042_8ccdef05/run_metadata.json

[2026-05-30 10:59:00] All artifacts in: /home/vegorov/Repos/eeg_jepa_research/artifacts/liu2024-source-mat-sjepa-prelocal/20260530_1042_8ccdef05
