{
  "48": {
    "accuracies": [
      1.0,
      0.9,
      1.0,
      1.0,
      0.85
    ],
    "balanced_accuracies": [
      1.0,
      0.9,
      1.0,
      1.0,
      0.8500000000000001
    ],
    "mean_accuracy": 0.95,
    "std_accuracy": 0.06324555320336758,
    "mean_balanced_accuracy": 0.95,
    "std_balanced_accuracy": 0.06324555320336755
  },
  "49": {
    "accuracies": [
      0.75,
      0.95,
      0.95,
      0.75,
      0.75
    ],
    "balanced_accuracies": [
      0.75,
      0.95,
      0.95,
      0.75,
      0.75
    ],
    "mean_accuracy": 0.8300000000000001,
    "std_accuracy": 0.09797958971132709,
    "mean_balanced_accuracy": 0.8300000000000001,
    "std_balanced_accuracy": 0.09797958971132709
  },
  "50": {
    "accuracies": [
      0.9,
      1.0,
      0.9,
      0.9,
      0.95
    ],
    "balanced_accuracies": [
      0.9,
      1.0,
      0.9,
      0.8999999999999999,
      0.95
    ],
    "mean_accuracy": 0.9299999999999999,
    "std_accuracy": 0.03999999999999998,
    "mean_balanced_accuracy": 0.9299999999999999,
    "std_balanced_accuracy": 0.04
  },
  "51": {
    "accuracies": [
      0.2,
      0.4,
      0.3,
      0.15,
      0.35
    ],
    "balanced_accuracies": [
      0.2,
      0.39999999999999997,
      0.3,
      0.15000000000000002,
      0.35
    ],
    "mean_accuracy": 0.27999999999999997,
    "std_accuracy": 0.09273618495495704,
    "mean_balanced_accuracy": 0.27999999999999997,
    "std_balanced_accuracy": 0.09273618495495702
  },
  "52": {
    "accuracies": [
      0.95,
      1.0,
      1.0,
      0.85,
      0.95
    ],
    "balanced_accuracies": [
      0.95,
      1.0,
      1.0,
      0.85,
      0.95
    ],
    "mean_accuracy": 0.95,
    "std_accuracy": 0.05477225575051661,
    "mean_balanced_accuracy": 0.95,
    "std_balanced_accuracy": 0.05477225575051661
  },
  "53": {
    "accuracies": [
      1.0,
      1.0,
      0.95,
      1.0,
      0.95
    ],
    "balanced_accuracies": [
      1.0,
      1.0,
      0.95,
      1.0,
      0.95
    ],
    "mean_accuracy": 0.9800000000000001,
    "std_accuracy": 0.024494897427831803,
    "mean_balanced_accuracy": 0.9800000000000001,
    "std_balanced_accuracy": 0.024494897427831803
  },
  "54": {
    "accuracies": [
      0.7,
      0.8,
      0.85,
      0.6,
      0.6
    ],
    "balanced_accuracies": [
      0.7,
      0.8,
      0.8500000000000001,
      0.6,
      0.6
    ],
    "mean_accuracy": 0.7100000000000001,
    "std_accuracy": 0.10198039027185571,
    "mean_balanced_accuracy": 0.7100000000000001,
    "std_balanced_accuracy": 0.10198039027185574
  }
}