{
  "51": {
    "accuracies": [
      0.55,
      0.4,
      0.325,
      0.175,
      0.45
    ],
    "balanced_accuracies": [
      0.55,
      0.4,
      0.325,
      0.175,
      0.45000000000000007
    ],
    "mean_accuracy": 0.38,
    "std_accuracy": 0.12589678312014174,
    "mean_balanced_accuracy": 0.38000000000000006,
    "std_balanced_accuracy": 0.12589678312014174
  }
}