{
  "48": {
    "accuracies": [
      0.95,
      1.0,
      0.85,
      1.0,
      0.9
    ],
    "balanced_accuracies": [
      0.95,
      1.0,
      0.8500000000000001,
      1.0,
      0.9
    ],
    "mean_accuracy": 0.9400000000000001,
    "std_accuracy": 0.058309518948453015,
    "mean_balanced_accuracy": 0.9400000000000001,
    "std_balanced_accuracy": 0.05830951894845298
  },
  "49": {
    "accuracies": [
      0.45,
      0.85,
      0.65,
      0.8,
      0.7
    ],
    "balanced_accuracies": [
      0.45000000000000007,
      0.85,
      0.65,
      0.8,
      0.7000000000000001
    ],
    "mean_accuracy": 0.6900000000000001,
    "std_accuracy": 0.1392838827718412,
    "mean_balanced_accuracy": 0.6900000000000001,
    "std_balanced_accuracy": 0.13928388277184117
  },
  "50": {
    "accuracies": [
      0.9,
      0.9,
      0.95,
      0.85,
      0.9
    ],
    "balanced_accuracies": [
      0.9,
      0.9,
      0.95,
      0.8500000000000001,
      0.9
    ],
    "mean_accuracy": 0.9,
    "std_accuracy": 0.031622776601683784,
    "mean_balanced_accuracy": 0.9,
    "std_balanced_accuracy": 0.03162277660168375
  },
  "51": {
    "accuracies": [
      0.3,
      0.4,
      0.45,
      0.3,
      0.5
    ],
    "balanced_accuracies": [
      0.30000000000000004,
      0.4,
      0.45000000000000007,
      0.30000000000000004,
      0.5
    ],
    "mean_accuracy": 0.39,
    "std_accuracy": 0.08,
    "mean_balanced_accuracy": 0.39,
    "std_balanced_accuracy": 0.07999999999999999
  },
  "52": {
    "accuracies": [
      0.9,
      1.0,
      1.0,
      0.9,
      0.9
    ],
    "balanced_accuracies": [
      0.8999999999999999,
      1.0,
      1.0,
      0.8999999999999999,
      0.8999999999999999
    ],
    "mean_accuracy": 0.9400000000000001,
    "std_accuracy": 0.04898979485566354,
    "mean_balanced_accuracy": 0.9399999999999998,
    "std_balanced_accuracy": 0.048989794855663606
  },
  "53": {
    "accuracies": [
      0.95,
      1.0,
      1.0,
      0.95,
      0.95
    ],
    "balanced_accuracies": [
      0.95,
      1.0,
      1.0,
      0.95,
      0.95
    ],
    "mean_accuracy": 0.9700000000000001,
    "std_accuracy": 0.024494897427831806,
    "mean_balanced_accuracy": 0.9700000000000001,
    "std_balanced_accuracy": 0.024494897427831806
  },
  "54": {
    "accuracies": [
      0.7,
      0.35,
      0.4,
      0.8,
      0.55
    ],
    "balanced_accuracies": [
      0.7,
      0.35,
      0.4,
      0.8,
      0.55
    ],
    "mean_accuracy": 0.5599999999999999,
    "std_accuracy": 0.17146428199482247,
    "mean_balanced_accuracy": 0.5599999999999999,
    "std_balanced_accuracy": 0.17146428199482247
  }
}