{
  "n_folds": 45,
  "collapse_rate": 0.08888888888888889,
  "mean_collapse_ratio": 0.617777778,
  "mean_spatial_delta_l2": 1.0001585491111111,
  "mean_spatial_relative_delta": 0.8836097371111111,
  "spatial_changed_rate": 1.0,
  "mean_confidence": 0.6648961435555557,
  "mean_normalized_prediction_entropy": 0.7948898906666667
}