{
  "mean_accuracy": 0.8749999999999999,
  "std_accuracy": 0.1682012683265696,
  "mean_balanced_accuracy": 0.875,
  "std_balanced_accuracy": 0.1682012683265696,
  "n_subjects": 6,
  "n_folds_total": 30
}