{
  "mean_accuracy": 0.31,
  "std_accuracy": 0.10319883720275146,
  "mean_balanced_accuracy": 0.31,
  "std_balanced_accuracy": 0.10319883720275147,
  "n_subjects": 1,
  "n_folds_total": 5
}