{
  "51": {
    "accuracies": [
      0.25,
      0.275,
      0.2,
      0.325,
      0.5
    ],
    "balanced_accuracies": [
      0.25,
      0.275,
      0.19999999999999998,
      0.325,
      0.5
    ],
    "mean_accuracy": 0.31,
    "std_accuracy": 0.10319883720275146,
    "mean_balanced_accuracy": 0.31,
    "std_balanced_accuracy": 0.10319883720275147
  }
}