{
  "mean_accuracy": 0.6168447939772802,
  "std_accuracy": 0.09718152676064715,
  "mean_balanced_accuracy": 0.616871921182266,
  "std_balanced_accuracy": 0.09742959460315648,
  "n_groups": 9,
  "n_folds_total": 45
}