{
  "1": {
    "accuracies": [
      0.5862068965517241,
      0.4827586206896552,
      0.5517241379310345,
      0.5789473684210527,
      0.5789473684210527
    ],
    "balanced_accuracies": [
      0.5862068965517242,
      0.4827586206896552,
      0.5517241379310345,
      0.5782019704433498,
      0.5782019704433498
    ],
    "mean_accuracy": 0.5557168784029038,
    "std_accuracy": 0.03833484546652176,
    "mean_balanced_accuracy": 0.5554187192118227,
    "std_balanced_accuracy": 0.038155483971147375
  },
  "2": {
    "accuracies": [
      0.5344827586206896,
      0.5689655172413793,
      0.5862068965517241,
      0.5964912280701754,
      0.6491228070175439
    ],
    "balanced_accuracies": [
      0.5344827586206897,
      0.5689655172413793,
      0.5862068965517242,
      0.5985221674876847,
      0.6477832512315271
    ],
    "mean_accuracy": 0.5870538415003026,
    "std_accuracy": 0.03750531773236088,
    "mean_balanced_accuracy": 0.587192118226601,
    "std_balanced_accuracy": 0.03717825076672552
  },
  "3": {
    "accuracies": [
      0.5,
      0.5862068965517241,
      0.6206896551724138,
      0.47368421052631576,
      0.49122807017543857
    ],
    "balanced_accuracies": [
      0.5,
      0.5862068965517242,
      0.6206896551724138,
      0.47229064039408863,
      0.4907635467980296
    ],
    "mean_accuracy": 0.5343617664851784,
    "std_accuracy": 0.0580748386606049,
    "mean_balanced_accuracy": 0.5339901477832513,
    "std_balanced_accuracy": 0.058436447230476696
  },
  "4": {
    "accuracies": [
      0.5,
      0.603448275862069,
      0.5862068965517241,
      0.5614035087719298,
      0.49122807017543857
    ],
    "balanced_accuracies": [
      0.5,
      0.603448275862069,
      0.5862068965517242,
      0.5615763546798029,
      0.4907635467980296
    ],
    "mean_accuracy": 0.5484573502722323,
    "std_accuracy": 0.045254698004156026,
    "mean_balanced_accuracy": 0.5483990147783251,
    "std_balanced_accuracy": 0.045382400019736285
  },
  "5": {
    "accuracies": [
      0.5517241379310345,
      0.6379310344827587,
      0.6551724137931034,
      0.7192982456140351,
      0.631578947368421
    ],
    "balanced_accuracies": [
      0.5517241379310345,
      0.6379310344827587,
      0.6551724137931034,
      0.7210591133004927,
      0.6317733990147784
    ],
    "mean_accuracy": 0.6391409558378707,
    "std_accuracy": 0.0536330992637288,
    "mean_balanced_accuracy": 0.6395320197044335,
    "std_balanced_accuracy": 0.054155835083002236
  },
  "6": {
    "accuracies": [
      0.7241379310344828,
      0.5517241379310345,
      0.5344827586206896,
      0.543859649122807,
      0.5263157894736842
    ],
    "balanced_accuracies": [
      0.7241379310344828,
      0.5517241379310345,
      0.5344827586206896,
      0.5437192118226601,
      0.5264778325123153
    ],
    "mean_accuracy": 0.5761040532365396,
    "std_accuracy": 0.07451082366591945,
    "mean_balanced_accuracy": 0.5761083743842365,
    "std_balanced_accuracy": 0.07450138395373514
  },
  "7": {
    "accuracies": [
      0.4827586206896552,
      0.6206896551724138,
      0.6896551724137931,
      0.631578947368421,
      0.5789473684210527
    ],
    "balanced_accuracies": [
      0.48275862068965514,
      0.6206896551724138,
      0.6896551724137931,
      0.6311576354679802,
      0.5788177339901477
    ],
    "mean_accuracy": 0.6007259528130672,
    "std_accuracy": 0.06877421169327193,
    "mean_balanced_accuracy": 0.600615763546798,
    "std_balanced_accuracy": 0.06874480869394049
  },
  "8": {
    "accuracies": [
      0.7758620689655172,
      0.7586206896551724,
      0.7241379310344828,
      0.6140350877192983,
      0.7017543859649122
    ],
    "balanced_accuracies": [
      0.7758620689655172,
      0.7586206896551724,
      0.7241379310344828,
      0.6133004926108374,
      0.7019704433497538
    ],
    "mean_accuracy": 0.7148820326678765,
    "std_accuracy": 0.05667406463260999,
    "mean_balanced_accuracy": 0.7147783251231526,
    "std_balanced_accuracy": 0.05692586624600875
  },
  "9": {
    "accuracies": [
      0.8103448275862069,
      0.7931034482758621,
      0.7758620689655172,
      0.7719298245614035,
      0.8245614035087719
    ],
    "balanced_accuracies": [
      0.8103448275862069,
      0.7931034482758621,
      0.7758620689655172,
      0.7733990147783252,
      0.8263546798029557
    ],
    "mean_accuracy": 0.7951603145795523,
    "std_accuracy": 0.020056430962299025,
    "mean_balanced_accuracy": 0.7958128078817734,
    "std_balanced_accuracy": 0.020257029748721272
  }
}