{
  "mean_accuracy": 0.565,
  "std_accuracy": 0.058309518948453015,
  "mean_balanced_accuracy": 0.565,
  "std_balanced_accuracy": 0.05830951894845299,
  "n_groups": 1,
  "n_folds_total": 5
}