{
  "48": {
    "accuracies": [
      0.6,
      0.475,
      0.55,
      0.55,
      0.65
    ],
    "balanced_accuracies": [
      0.6,
      0.475,
      0.55,
      0.55,
      0.6499999999999999
    ],
    "mean_accuracy": 0.565,
    "std_accuracy": 0.058309518948453015,
    "mean_balanced_accuracy": 0.565,
    "std_balanced_accuracy": 0.05830951894845299
  }
}