run_id,subject_id,accuracies,balanced_accuracies,mean_accuracy,std_accuracy,mean_balanced_accuracy,std_balanced_accuracy
20260402_1104_05151661,51,"[0.25, 0.35, 0.45, 0.4, 0.55]","[0.25, 0.35, 0.45000000000000007, 0.4, 0.55]",0.4,0.10000000000000002,0.4,0.10000000000000003
20260402_1127_908549c4,51,"[0.3, 0.5, 0.3, 0.45, 0.5]","[0.30000000000000004, 0.5, 0.30000000000000004, 0.44999999999999996, 0.5]",0.41,0.09165151389911681,0.41,0.09165151389911677
20260402_1152_a9933d00,51,"[0.35, 0.3, 0.4, 0.2, 0.5]","[0.35000000000000003, 0.30000000000000004, 0.4, 0.2, 0.5]",0.35,0.09999999999999999,0.35000000000000003,0.09999999999999999
20260402_1217_1cd1e826,51,"[0.15, 0.4, 0.3, 0.3, 0.3]","[0.15000000000000002, 0.4, 0.3, 0.30000000000000004, 0.30000000000000004]",0.29000000000000004,0.07999999999999999,0.29000000000000004,0.08
