{
  "n_folds": 45,
  "collapse_rate": 0.0,
  "mean_collapse_ratio": 0.5504873304444444,
  "mean_spatial_delta_l2": 1.2909322782222221,
  "mean_spatial_relative_delta": 1.105133655333333,
  "spatial_changed_rate": 1.0,
  "mean_confidence": 0.7351575739999999,
  "mean_normalized_prediction_entropy": 0.7386337275555557
}