{
  "mean_accuracy": 0.5281746031746033,
  "std_accuracy": 0.0859177387721935,
  "mean_balanced_accuracy": 0.5281746031746033,
  "std_balanced_accuracy": 0.08591773877219351,
  "n_groups": 9,
  "n_folds_total": 45
}