{
  "1": {
    "accuracies": [
      0.5,
      0.5,
      0.59375,
      0.5,
      0.5625
    ],
    "balanced_accuracies": [
      0.5,
      0.5,
      0.59375,
      0.5,
      0.5625
    ],
    "mean_accuracy": 0.53125,
    "std_accuracy": 0.03952847075210474,
    "mean_balanced_accuracy": 0.53125,
    "std_balanced_accuracy": 0.03952847075210474
  },
  "2": {
    "accuracies": [
      0.3125,
      0.40625,
      0.59375,
      0.40625,
      0.53125
    ],
    "balanced_accuracies": [
      0.3125,
      0.40625,
      0.59375,
      0.40625,
      0.53125
    ],
    "mean_accuracy": 0.45,
    "std_accuracy": 0.1,
    "mean_balanced_accuracy": 0.45,
    "std_balanced_accuracy": 0.1
  },
  "3": {
    "accuracies": [
      0.625,
      0.53125,
      0.40625,
      0.5,
      0.59375
    ],
    "balanced_accuracies": [
      0.625,
      0.53125,
      0.40625,
      0.5,
      0.59375
    ],
    "mean_accuracy": 0.53125,
    "std_accuracy": 0.07654655446197431,
    "mean_balanced_accuracy": 0.53125,
    "std_balanced_accuracy": 0.07654655446197431
  },
  "4": {
    "accuracies": [
      0.46875,
      0.5625,
      0.46875,
      0.625,
      0.71875
    ],
    "balanced_accuracies": [
      0.46875,
      0.5625,
      0.46875,
      0.625,
      0.71875
    ],
    "mean_accuracy": 0.56875,
    "std_accuracy": 0.09560661587986471,
    "mean_balanced_accuracy": 0.56875,
    "std_balanced_accuracy": 0.09560661587986471
  },
  "5": {
    "accuracies": [
      0.5,
      0.5,
      0.5,
      0.5,
      0.6875
    ],
    "balanced_accuracies": [
      0.5,
      0.5,
      0.5,
      0.5,
      0.6875
    ],
    "mean_accuracy": 0.5375,
    "std_accuracy": 0.075,
    "mean_balanced_accuracy": 0.5375,
    "std_balanced_accuracy": 0.075
  },
  "6": {
    "accuracies": [
      0.5,
      0.6071428571428571,
      0.6071428571428571,
      0.5,
      0.42857142857142855
    ],
    "balanced_accuracies": [
      0.5,
      0.6071428571428572,
      0.6071428571428572,
      0.5,
      0.4285714285714286
    ],
    "mean_accuracy": 0.5285714285714286,
    "std_accuracy": 0.06925256939166183,
    "mean_balanced_accuracy": 0.5285714285714287,
    "std_balanced_accuracy": 0.06925256939166186
  },
  "7": {
    "accuracies": [
      0.5,
      0.59375,
      0.59375,
      0.34375,
      0.5
    ],
    "balanced_accuracies": [
      0.5,
      0.59375,
      0.59375,
      0.34375,
      0.5
    ],
    "mean_accuracy": 0.50625,
    "std_accuracy": 0.09142961773954872,
    "mean_balanced_accuracy": 0.50625,
    "std_balanced_accuracy": 0.09142961773954872
  },
  "8": {
    "accuracies": [
      0.5625,
      0.5625,
      0.4375,
      0.4375,
      0.5
    ],
    "balanced_accuracies": [
      0.5625,
      0.5625,
      0.4375,
      0.4375,
      0.5
    ],
    "mean_accuracy": 0.5,
    "std_accuracy": 0.05590169943749474,
    "mean_balanced_accuracy": 0.5,
    "std_balanced_accuracy": 0.05590169943749474
  },
  "9": {
    "accuracies": [
      0.59375,
      0.625,
      0.5,
      0.6875,
      0.59375
    ],
    "balanced_accuracies": [
      0.59375,
      0.625,
      0.5,
      0.6875,
      0.59375
    ],
    "mean_accuracy": 0.6,
    "std_accuracy": 0.06059599821770412,
    "mean_balanced_accuracy": 0.6,
    "std_balanced_accuracy": 0.06059599821770412
  }
}