subject_id,channel_index,channel_name,mean_abs_weight,std_abs_weight,mean_signed_weight,mean_l2_weight,n_fold_values,mean_collapse_ratio,collapse_rate,mean_spatial_relative_delta
1,21,Pz,0.15170724200000002,0.00913765401118198,0.025745496,0.159747304,5,0.75,0.2,0.30542580799999997
1,27,O1,0.14584784,0.03820669759186209,0.058311254,0.158069438,5,0.75,0.2,0.30542580799999997
1,28,O2,0.122297462,0.03628560033314414,-0.004198062000000001,0.126998536,5,0.75,0.2,0.30542580799999997
1,13,C3,0.118247586,0.017079375192179305,0.053550422,0.12309616400000001,5,0.75,0.2,0.30542580799999997
1,17,CP3,0.114520176,0.014690978184900758,0.030769704,0.130608936,5,0.75,0.2,0.30542580799999997
1,16,T4,0.112995114,0.008936740536259848,-0.0004917440000000002,0.13184473800000002,5,0.75,0.2,0.30542580799999997
1,18,CP4,0.111069308,0.02156654537211442,0.03380764,0.124228164,5,0.75,0.2,0.30542580799999997
1,0,Fp1,0.109939618,0.005848065401794854,-0.07764058,0.12240017399999999,5,0.75,0.2,0.30542580799999997
1,15,T3,0.10820950200000001,0.013286468428051909,0.094678784,0.117892994,5,0.75,0.2,0.30542580799999997
1,22,P3,0.108177844,0.019135942390966273,0.094227802,0.119395468,5,0.75,0.2,0.30542580799999997
1,7,FCz,0.103024258,0.005653555072197492,0.095404824,0.122305606,5,0.75,0.2,0.30542580799999997
1,24,T5,0.10290554,0.0113370615389196,0.044919882,0.11045817200000001,5,0.75,0.2,0.30542580799999997
1,19,TP7,0.100085322,0.02806004941709511,-0.03978868,0.11954241800000001,5,0.75,0.2,0.30542580799999997
1,4,F4,0.09902009599999999,0.013351043517073112,0.007823872,0.112499536,5,0.75,0.2,0.30542580799999997
1,2,Fz,0.097836422,0.022077280237988325,-0.09667561799999999,0.11525979400000001,5,0.75,0.2,0.30542580799999997
1,23,P4,0.096349468,0.010722791148300426,-0.080455552,0.11850639599999999,5,0.75,0.2,0.30542580799999997
1,25,T6,0.08879081,0.024466035103572665,-0.06020006,0.098399426,5,0.75,0.2,0.30542580799999997
1,20,TP8,0.08447658,0.014461573330670142,-0.03537903,0.094723162,5,0.75,0.2,0.30542580799999997
1,10,FT7,0.082419194,0.013753972509314536,-0.02914075,0.102375894,5,0.75,0.2,0.30542580799999997
1,5,F7,0.08031735799999999,0.013350621193625033,0.068426448,0.08994811,5,0.75,0.2,0.30542580799999997
1,14,C4,0.078635068,0.01884770523913243,-0.056631381999999994,0.092463766,5,0.75,0.2,0.30542580799999997
1,11,FT8,0.076683318,0.011070856951982986,-0.00311251,0.089824872,5,0.75,0.2,0.30542580799999997
1,26,Oz,0.076073442,0.012630249752911464,0.048264678,0.08172354200000001,5,0.75,0.2,0.30542580799999997
1,3,F3,0.075751844,0.02655801493438713,0.008959133999999999,0.086273178,5,0.75,0.2,0.30542580799999997
1,1,Fp2,0.074861122,0.018423803405045604,0.057651313999999995,0.09151284,5,0.75,0.2,0.30542580799999997
1,6,F8,0.067078628,0.018276350694831557,-0.0226854,0.071281492,5,0.75,0.2,0.30542580799999997
1,12,Cz,0.06286520799999999,0.025087300379284933,0.053436752,0.07332540800000001,5,0.75,0.2,0.30542580799999997
1,9,FC4,0.053049202,0.0100247903779715,-0.041064242,0.0674894,5,0.75,0.2,0.30542580799999997
1,8,FC3,0.042142111999999995,0.02196037936338009,-0.008806928,0.046453264,5,0.75,0.2,0.30542580799999997
10,17,CP3,0.16144243600000002,0.03892993761357614,0.061483209999999996,0.179117052,5,0.65,0.2,0.35303111400000003
10,21,Pz,0.135749816,0.018408581106354457,-0.010183502,0.14232803,5,0.65,0.2,0.35303111400000003
10,22,P3,0.133364562,0.024486812759362344,0.133364562,0.140005752,5,0.65,0.2,0.35303111400000003
10,28,O2,0.132742464,0.01482776192486681,-0.004950996000000001,0.13867283800000002,5,0.65,0.2,0.35303111400000003
10,24,T5,0.121202082,0.020526927812905178,0.062930006,0.142868502,5,0.65,0.2,0.35303111400000003
10,16,T4,0.11860695799999998,0.014719545994998287,0.015365858,0.136511832,5,0.65,0.2,0.35303111400000003
10,15,T3,0.114879282,0.021653599311475216,0.11201865200000001,0.125995988,5,0.65,0.2,0.35303111400000003
10,18,CP4,0.10852512399999999,0.020797097168807722,0.026615109999999997,0.127546652,5,0.65,0.2,0.35303111400000003
10,0,Fp1,0.108024308,0.00855342435265666,-0.09369358,0.12801156,5,0.65,0.2,0.35303111400000003
10,10,FT7,0.107842536,0.017818305628230478,-0.064494804,0.12229810999999999,5,0.65,0.2,0.35303111400000003
10,27,O1,0.10587458999999999,0.015750979409343085,0.014821181999999999,0.123121474,5,0.65,0.2,0.35303111400000003
10,2,Fz,0.10383323600000001,0.00803374159155185,-0.1010791,0.11567623600000002,5,0.65,0.2,0.35303111400000003
10,5,F7,0.098346602,0.017386944923729986,0.097402476,0.110803214,5,0.65,0.2,0.35303111400000003
10,3,F3,0.098341218,0.007428070706884117,0.042142458,0.106558004,5,0.65,0.2,0.35303111400000003
10,13,C3,0.086848618,0.028934751873208972,0.056125534,0.097198554,5,0.65,0.2,0.35303111400000003
10,14,C4,0.08500422199999999,0.008663399237338653,-0.05851335,0.096451834,5,0.65,0.2,0.35303111400000003
10,4,F4,0.08430418,0.015691655953384908,0.007696365999999999,0.095101574,5,0.65,0.2,0.35303111400000003
10,1,Fp2,0.081807764,0.015607562700502923,0.070266242,0.098756272,5,0.65,0.2,0.35303111400000003
10,23,P4,0.080328848,0.023046766188598345,-0.06891249,0.092422034,5,0.65,0.2,0.35303111400000003
10,6,F8,0.077795008,0.015201664026938632,0.024654468000000002,0.097362382,5,0.65,0.2,0.35303111400000003
10,19,TP7,0.07765522799999999,0.01688050434086967,-0.049833416,0.089443352,5,0.65,0.2,0.35303111400000003
10,7,FCz,0.07727088600000001,0.028554058476652315,0.07727088600000001,0.08698457600000001,5,0.65,0.2,0.35303111400000003
10,20,TP8,0.07642235,0.017487669293519366,-0.037474236,0.089533078,5,0.65,0.2,0.35303111400000003
10,26,Oz,0.07240105399999999,0.009783718014261242,0.026653939999999997,0.079605994,5,0.65,0.2,0.35303111400000003
10,11,FT8,0.071754444,0.017650640713007565,-0.013836235999999998,0.08710808,5,0.65,0.2,0.35303111400000003
10,25,T6,0.06328336400000001,0.017295567036241685,-0.035243658,0.069501866,5,0.65,0.2,0.35303111400000003
10,8,FC3,0.052987320000000004,0.022947759673372255,-0.02046512,0.060712140000000005,5,0.65,0.2,0.35303111400000003
10,9,FC4,0.052001410000000005,0.010156983868272608,-0.046319652,0.06375257599999999,5,0.65,0.2,0.35303111400000003
10,12,Cz,0.050374198,0.025714155835654416,0.027363798,0.05769774400000001,5,0.65,0.2,0.35303111400000003
11,21,Pz,0.157897814,0.011017810148883032,0.0021593940000000002,0.158698896,5,0.9,0.8,0.08892112999999999
11,28,O2,0.140733054,0.006952332529847812,-0.02465926,0.14428483600000003,5,0.9,0.8,0.08892112999999999
11,17,CP3,0.133312138,0.026193682709348447,0.032480708000000004,0.15031745999999999,5,0.9,0.8,0.08892112999999999
11,13,C3,0.11902579399999999,0.00870130779142021,0.070452744,0.122766858,5,0.9,0.8,0.08892112999999999
11,15,T3,0.117612896,0.02129904836427393,0.116127008,0.123591656,5,0.9,0.8,0.08892112999999999
11,27,O1,0.11694755400000001,0.010657212352378088,0.053183641999999996,0.128074776,5,0.9,0.8,0.08892112999999999
11,16,T4,0.11647321799999999,0.012116039506372123,0.011062188,0.13219779599999998,5,0.9,0.8,0.08892112999999999
11,18,CP4,0.11068371400000002,0.0003854095072517067,0.038446466,0.126255142,5,0.9,0.8,0.08892112999999999
11,0,Fp1,0.10616095,0.007979996552113917,-0.086627916,0.118321834,5,0.9,0.8,0.08892112999999999
11,22,P3,0.10486665399999999,0.006320953564928315,0.10486665399999999,0.11555807600000001,5,0.9,0.8,0.08892112999999999
11,23,P4,0.102514098,0.006632159068076548,-0.09026746999999999,0.113592534,5,0.9,0.8,0.08892112999999999
11,2,Fz,0.102377634,0.002732662464251668,-0.09685624000000001,0.11629006,5,0.9,0.8,0.08892112999999999
11,24,T5,0.099697764,0.011662350541202229,0.07272250599999999,0.109619578,5,0.9,0.8,0.08892112999999999
11,4,F4,0.096705406,0.0017189516452274021,0.014094857999999998,0.10666487799999999,5,0.9,0.8,0.08892112999999999
11,11,FT8,0.09276377799999999,0.0280541713316446,-0.003125866,0.107684792,5,0.9,0.8,0.08892112999999999
11,20,TP8,0.09185201000000001,0.004463739706344891,-0.06016988399999999,0.11185961,5,0.9,0.8,0.08892112999999999
11,5,F7,0.091371706,0.01540441721442359,0.081142458,0.106111844,5,0.9,0.8,0.08892112999999999
11,14,C4,0.091074692,0.013065902131413275,-0.07309144000000001,0.102924486,5,0.9,0.8,0.08892112999999999
11,7,FCz,0.09099337599999999,0.018575339652416315,0.09099337599999999,0.10352910200000001,5,0.9,0.8,0.08892112999999999
11,19,TP7,0.08712360599999999,0.004838603133894117,-0.013197486,0.095490232,5,0.9,0.8,0.08892112999999999
11,10,FT7,0.08472707399999999,0.012823745649100736,-0.05260116,0.09813802,5,0.9,0.8,0.08892112999999999
11,3,F3,0.08104728800000001,0.015081375960688067,0.028758106,0.08939429800000001,5,0.9,0.8,0.08892112999999999
11,25,T6,0.080305682,0.003124959094639475,-0.059923224,0.09060533,5,0.9,0.8,0.08892112999999999
11,1,Fp2,0.079961464,0.004596888809034868,0.059565402,0.09637291,5,0.9,0.8,0.08892112999999999
11,26,Oz,0.07758293200000001,0.0014512989889647128,0.03800199,0.08122691200000001,5,0.9,0.8,0.08892112999999999
11,6,F8,0.07446573599999999,0.005439269675864582,-0.033371042000000004,0.076677582,5,0.9,0.8,0.08892112999999999
11,12,Cz,0.074450878,0.0049698845028350504,0.073729486,0.09200718799999999,5,0.9,0.8,0.08892112999999999
11,9,FC4,0.058654074,0.0023201138936332424,-0.05491713,0.079173994,5,0.9,0.8,0.08892112999999999
11,8,FC3,0.034030411999999996,0.006171179040075729,0.0032699480000000004,0.040394306000000005,5,0.9,0.8,0.08892112999999999
12,21,Pz,0.154741142,0.001927263019276311,0.019000776,0.1565417,5,0.75,0.4,0.11215908
12,28,O2,0.14592221,0.0033802270136042644,-0.014584091999999998,0.147830374,5,0.75,0.4,0.11215908
12,17,CP3,0.13401734199999998,0.012703431559837284,0.029036546000000003,0.15180229,5,0.75,0.4,0.11215908
12,27,O1,0.121565692,0.009768541803361439,0.059873896,0.13265812000000002,5,0.75,0.4,0.11215908
12,15,T3,0.120174356,0.0078818664864282,0.120174356,0.12596672199999998,5,0.75,0.4,0.11215908
12,16,T4,0.115893302,0.011288438441988773,0.010359024,0.128954662,5,0.75,0.4,0.11215908
12,13,C3,0.114459864,0.0027415296158677547,0.066736648,0.11568275400000001,5,0.75,0.4,0.11215908
12,18,CP4,0.113499412,0.0051258647462179485,0.031076771999999996,0.12914723,5,0.75,0.4,0.11215908
12,0,Fp1,0.105852788,0.006857339195812036,-0.092985916,0.11989163,5,0.75,0.4,0.11215908
12,2,Fz,0.10485395,0.005675553545395371,-0.10248584599999999,0.11986749599999999,5,0.75,0.4,0.11215908
12,14,C4,0.100390002,0.013403467966551421,-0.082721428,0.10971099200000001,5,0.75,0.4,0.11215908
12,23,P4,0.09849650400000001,0.008473950491962411,-0.08978046399999999,0.11251622800000001,5,0.75,0.4,0.11215908
12,24,T5,0.0979534,0.0066767807179059,0.067891372,0.10726468200000001,5,0.75,0.4,0.11215908
12,7,FCz,0.096310958,0.005621467957479608,0.094436862,0.11357891,5,0.75,0.4,0.11215908
12,22,P3,0.095827664,0.01284407443417703,0.095827664,0.10684556999999999,5,0.75,0.4,0.11215908
12,10,FT7,0.09437059,0.006325479854833153,-0.06318784,0.109826792,5,0.75,0.4,0.11215908
12,4,F4,0.094206652,0.0034831986280027204,0.017400896,0.101976394,5,0.75,0.4,0.11215908
12,20,TP8,0.088471894,0.004588707648617414,-0.048518394,0.10241626799999999,5,0.75,0.4,0.11215908
12,5,F7,0.085770152,0.0027418903996093663,0.080739568,0.099360942,5,0.75,0.4,0.11215908
12,3,F3,0.08505988,0.004747758361474389,0.021130406,0.094497948,5,0.75,0.4,0.11215908
12,19,TP7,0.08504822199999999,0.005094242031766845,-0.026492176,0.09527646399999999,5,0.75,0.4,0.11215908
12,25,T6,0.077831644,0.005888452066806697,-0.052493953999999995,0.08966234,5,0.75,0.4,0.11215908
12,1,Fp2,0.077658386,0.0040330016320143,0.059330228000000006,0.092278488,5,0.75,0.4,0.11215908
12,12,Cz,0.077375664,0.0006438997675725626,0.074645158,0.09130005199999999,5,0.75,0.4,0.11215908
12,11,FT8,0.076520184,0.005509434879534377,-0.005030572,0.09982379599999999,5,0.75,0.4,0.11215908
12,26,Oz,0.075485004,0.004173235017624816,0.046494938,0.079065014,5,0.75,0.4,0.11215908
12,6,F8,0.07523260600000001,0.008404181388298924,-0.026458736,0.077345022,5,0.75,0.4,0.11215908
12,9,FC4,0.064734782,0.011021097660100372,-0.063732072,0.08090866399999999,5,0.75,0.4,0.11215908
12,8,FC3,0.033202749999999996,0.002333215270758359,-0.000510472,0.039011765999999996,5,0.75,0.4,0.11215908
13,21,Pz,0.150387952,0.012604494645245401,0.008326666,0.15082393,5,0.8,0.4,0.124784552
13,28,O2,0.14875649,0.009911274062823602,-0.01885321,0.15219355399999998,5,0.8,0.4,0.124784552
13,27,O1,0.135678044,0.02146285548127113,0.059810368,0.14383579,5,0.8,0.4,0.124784552
13,17,CP3,0.12278419600000001,0.006078314805945803,0.035588834,0.13825526,5,0.8,0.4,0.124784552
13,16,T4,0.11762403800000001,0.010038026445717307,0.011270442,0.1285196,5,0.8,0.4,0.124784552
13,15,T3,0.11252567,0.02019964664757034,0.11252567,0.11885952,5,0.8,0.4,0.124784552
13,22,P3,0.112255042,0.010357766324129448,0.112255042,0.12271597000000001,5,0.8,0.4,0.124784552
13,18,CP4,0.11035512,0.00801758258297661,0.028848277999999998,0.131149892,5,0.8,0.4,0.124784552
13,7,FCz,0.109377898,0.017811677096590883,0.107917024,0.124357254,5,0.8,0.4,0.124784552
13,0,Fp1,0.108554854,0.006871928266118614,-0.093380816,0.12222199599999999,5,0.8,0.4,0.124784552
13,13,C3,0.105109608,0.015217016096560128,0.062668892,0.106826974,5,0.8,0.4,0.124784552
13,2,Fz,0.105017888,0.0019282934797301959,-0.101765722,0.12089994800000001,5,0.8,0.4,0.124784552
13,24,T5,0.101333206,0.01872714643805297,0.06846253,0.11275508999999999,5,0.8,0.4,0.124784552
13,23,P4,0.09844408,0.009572139137133876,-0.086373794,0.109951592,5,0.8,0.4,0.124784552
13,10,FT7,0.0982166,0.011101802008538978,-0.066268566,0.10922855000000001,5,0.8,0.4,0.124784552
13,4,F4,0.09700318399999999,0.0064381158974563335,0.010346438000000001,0.10882162799999999,5,0.8,0.4,0.124784552
13,14,C4,0.09063183999999999,0.012001919419659507,-0.082463678,0.10462708400000001,5,0.8,0.4,0.124784552
13,20,TP8,0.083131916,0.009619713671634412,-0.05801504,0.10201811000000001,5,0.8,0.4,0.124784552
13,26,Oz,0.081912448,0.006377422898269334,0.041558744,0.083839428,5,0.8,0.4,0.124784552
13,5,F7,0.08168937400000001,0.006470655701957881,0.072172392,0.091120956,5,0.8,0.4,0.124784552
13,25,T6,0.081036326,0.0019678981743931796,-0.056398068,0.095689862,5,0.8,0.4,0.124784552
13,19,TP7,0.0792012,0.007632716092316031,-0.029051453999999997,0.092256532,5,0.8,0.4,0.124784552
13,11,FT8,0.078255476,0.0033704461671832083,-0.010521794000000001,0.097202608,5,0.8,0.4,0.124784552
13,3,F3,0.078215066,0.014075463518759513,0.014985679999999998,0.08901636,5,0.8,0.4,0.124784552
13,12,Cz,0.074476648,0.011408850816012102,0.06864269199999999,0.08838652799999999,5,0.8,0.4,0.124784552
13,1,Fp2,0.07138713599999999,0.008914973402415736,0.059454242000000004,0.08864483199999999,5,0.8,0.4,0.124784552
13,6,F8,0.071253024,0.008344382242492851,-0.027894419999999996,0.074617856,5,0.8,0.4,0.124784552
13,9,FC4,0.067783028,0.01501461252411197,-0.062542036,0.084128196,5,0.8,0.4,0.124784552
13,8,FC3,0.031219145999999996,0.00431257755012359,-0.001515998,0.037663078,5,0.8,0.4,0.124784552
14,17,CP3,0.131840234,0.01658984502829758,0.067805476,0.15264255399999999,5,0.875,0.6,0.30439481399999996
14,28,O2,0.12764435000000002,0.03560806229080431,-0.027721012,0.132725802,5,0.875,0.6,0.30439481399999996
14,21,Pz,0.126404964,0.037129702297647504,-0.009367868,0.12958003,5,0.875,0.6,0.30439481399999996
14,18,CP4,0.11609331199999999,0.007898884213157572,0.056461814,0.12935337200000002,5,0.875,0.6,0.30439481399999996
14,15,T3,0.11522375,0.02249782243835056,0.11458961999999999,0.12262072799999998,5,0.875,0.6,0.30439481399999996
14,27,O1,0.114067838,0.020493541151090016,0.027893884,0.127925452,5,0.875,0.6,0.30439481399999996
14,16,T4,0.111915648,0.024867900395808853,0.021197255999999998,0.12669921199999998,5,0.875,0.6,0.30439481399999996
14,19,TP7,0.109917942,0.05594078455818412,-0.069096204,0.12580092,5,0.875,0.6,0.30439481399999996
14,14,C4,0.10938819,0.04935101080594095,-0.10312003,0.12043600799999998,5,0.875,0.6,0.30439481399999996
14,2,Fz,0.10486969400000001,0.01811646644273877,-0.093830596,0.114695378,5,0.875,0.6,0.30439481399999996
14,22,P3,0.10307782800000001,0.0067306911037775296,0.10307782800000001,0.113513304,5,0.875,0.6,0.30439481399999996
14,0,Fp1,0.10211085,0.011625790016534361,-0.063706374,0.117292048,5,0.875,0.6,0.30439481399999996
14,26,Oz,0.09970638000000001,0.037762527273088466,0.078344478,0.108574868,5,0.875,0.6,0.30439481399999996
14,13,C3,0.094200854,0.03844460077705034,0.061538872,0.100288632,5,0.875,0.6,0.30439481399999996
14,4,F4,0.093148804,0.019327818725661465,0.035019128,0.103385858,5,0.875,0.6,0.30439481399999996
14,3,F3,0.091686208,0.023459223326776402,0.049914314,0.09651312199999999,5,0.875,0.6,0.30439481399999996
14,23,P4,0.090789314,0.02859852486975911,-0.077757664,0.10400514599999999,5,0.875,0.6,0.30439481399999996
14,11,FT8,0.089335934,0.016263515179258756,-0.018184492,0.105951316,5,0.875,0.6,0.30439481399999996
14,7,FCz,0.088628984,0.014339712535287449,0.088628984,0.10096954,5,0.875,0.6,0.30439481399999996
14,24,T5,0.084057462,0.029186073362809015,0.049386932,0.090678956,5,0.875,0.6,0.30439481399999996
14,10,FT7,0.083879576,0.028265002485398438,-0.058671037999999995,0.100387688,5,0.875,0.6,0.30439481399999996
14,20,TP8,0.08377314799999999,0.008748150070367448,-0.05745584,0.099964226,5,0.875,0.6,0.30439481399999996
14,12,Cz,0.08370108000000001,0.02652076487096478,0.075019312,0.096461416,5,0.875,0.6,0.30439481399999996
14,5,F7,0.07876989400000001,0.011442960470401881,0.077262496,0.092883662,5,0.875,0.6,0.30439481399999996
14,1,Fp2,0.075185152,0.018868008647371082,0.046983752000000004,0.0920367,5,0.875,0.6,0.30439481399999996
14,6,F8,0.06997336800000001,0.011072695873023423,-0.02193783,0.072465356,5,0.875,0.6,0.30439481399999996
14,25,T6,0.068808808,0.019970748033884957,-0.04714662,0.08071236400000001,5,0.875,0.6,0.30439481399999996
14,9,FC4,0.064810956,0.016574438557342756,-0.048488824,0.081301582,5,0.875,0.6,0.30439481399999996
14,8,FC3,0.050579148000000004,0.02761107368370922,-0.020772716,0.055916075999999995,5,0.875,0.6,0.30439481399999996
15,21,Pz,0.13810820000000001,0.021901906746559764,-0.028578976,0.146219818,5,0.75,0.4,0.489204042
15,28,O2,0.13366444400000002,0.028929964298150798,-0.014987786000000003,0.14506077,5,0.75,0.4,0.489204042
15,15,T3,0.123880162,0.027751061132080503,0.11413708599999998,0.139651316,5,0.75,0.4,0.489204042
15,17,CP3,0.11003297999999999,0.019463597339280582,0.046190390000000005,0.126581798,5,0.75,0.4,0.489204042
15,13,C3,0.10988203199999999,0.015250670389880245,0.092411072,0.122581194,5,0.75,0.4,0.489204042
15,0,Fp1,0.105911424,0.015061214309835048,-0.100212334,0.126410712,5,0.75,0.4,0.489204042
15,20,TP8,0.10528604400000001,0.02383088047939753,-0.07801235,0.13051296,5,0.75,0.4,0.489204042
15,16,T4,0.105120158,0.018859662780090207,0.02135445,0.122767614,5,0.75,0.4,0.489204042
15,26,Oz,0.104196256,0.02485676497497069,0.03717343199999999,0.11034261199999999,5,0.75,0.4,0.489204042
15,22,P3,0.10201152799999999,0.007985643259329206,0.10201152799999999,0.11273113399999998,5,0.75,0.4,0.489204042
15,10,FT7,0.099850124,0.012878475568635054,-0.071916414,0.11043143,5,0.75,0.4,0.489204042
15,3,F3,0.09686186,0.010529413642133643,0.00534897,0.108435978,5,0.75,0.4,0.489204042
15,5,F7,0.096548424,0.010409336591893355,0.09389571799999999,0.10825765400000001,5,0.75,0.4,0.489204042
15,2,Fz,0.096310498,0.010752933739090458,-0.080785944,0.121583924,5,0.75,0.4,0.489204042
15,27,O1,0.095502374,0.024935218045975253,0.009172122000000001,0.11102652799999999,5,0.75,0.4,0.489204042
15,18,CP4,0.094004668,0.018006895170780274,0.021845354,0.11111671000000001,5,0.75,0.4,0.489204042
15,25,T6,0.093769112,0.013495264020404341,-0.075773578,0.10676499399999999,5,0.75,0.4,0.489204042
15,24,T5,0.09305867,0.01838513267789901,0.048681238,0.10851871399999999,5,0.75,0.4,0.489204042
15,7,FCz,0.09061541399999999,0.017882720105278443,0.069126632,0.103629758,5,0.75,0.4,0.489204042
15,23,P4,0.089272076,0.028896798162826455,-0.043574225999999994,0.10326670200000002,5,0.75,0.4,0.489204042
15,4,F4,0.086847364,0.01091987203530014,0.023946250000000002,0.09651422600000001,5,0.75,0.4,0.489204042
15,12,Cz,0.079681504,0.02572489512665659,0.07745812199999999,0.10015736,5,0.75,0.4,0.489204042
15,11,FT8,0.07576062800000001,0.010482877923271839,0.033177338,0.08939244199999999,5,0.75,0.4,0.489204042
15,19,TP7,0.0747599,0.028334591631605524,-0.030659266,0.085989942,5,0.75,0.4,0.489204042
15,1,Fp2,0.074592534,0.007013988869062309,0.008792754,0.09046527600000001,5,0.75,0.4,0.489204042
15,14,C4,0.067674096,0.025871821567414424,-0.05579696199999999,0.079699406,5,0.75,0.4,0.489204042
15,8,FC3,0.063225454,0.03052462019507581,0.052875576,0.07506207000000001,5,0.75,0.4,0.489204042
15,9,FC4,0.061349038,0.012598253883408605,-0.026217804,0.073818812,5,0.75,0.4,0.489204042
15,6,F8,0.054520474,0.027419457955515456,-0.00351985,0.057734482,5,0.75,0.4,0.489204042
16,28,O2,0.145631654,0.004769069717542398,-0.018164008000000002,0.148175344,5,0.925,0.8,0.12241292199999998
16,21,Pz,0.144623214,0.0194553922181443,0.014585882,0.148574478,5,0.925,0.8,0.12241292199999998
16,17,CP3,0.12390796,0.005373877277320357,0.03393185,0.141843904,5,0.925,0.8,0.12241292199999998
16,15,T3,0.118925206,0.01574606009246853,0.111631862,0.123598308,5,0.925,0.8,0.12241292199999998
16,18,CP4,0.115732994,0.007187626613610366,0.029208314000000003,0.135423364,5,0.925,0.8,0.12241292199999998
16,27,O1,0.11468507800000001,0.013698666583776317,0.049893,0.125332796,5,0.925,0.8,0.12241292199999998
16,16,T4,0.114599296,0.01865063657838466,0.018567203999999997,0.128803106,5,0.925,0.8,0.12241292199999998
16,2,Fz,0.107727134,0.008949960948905307,-0.09537035,0.12130297599999999,5,0.925,0.8,0.12241292199999998
16,23,P4,0.106851848,0.0033027334824535883,-0.096863356,0.121079138,5,0.925,0.8,0.12241292199999998
16,22,P3,0.10609150999999999,0.004122697093924077,0.10609150999999999,0.113567146,5,0.925,0.8,0.12241292199999998
16,13,C3,0.105507854,0.023548337653397745,0.061486434,0.108798722,5,0.925,0.8,0.12241292199999998
16,24,T5,0.103750762,0.0014968444438785262,0.07615009399999999,0.115520186,5,0.925,0.8,0.12241292199999998
16,7,FCz,0.09779001400000001,0.005108119597702268,0.095307888,0.112614854,5,0.925,0.8,0.12241292199999998
16,0,Fp1,0.0967448,0.027935964910110942,-0.079723874,0.10801471,5,0.925,0.8,0.12241292199999998
16,20,TP8,0.09668618600000001,0.015660461248161884,-0.049263596,0.113313076,5,0.925,0.8,0.12241292199999998
16,10,FT7,0.09309880200000001,0.0062642693197267636,-0.058066346000000005,0.108073384,5,0.925,0.8,0.12241292199999998
16,4,F4,0.092844806,0.011849572963300406,0.009523196000000001,0.10403807000000001,5,0.925,0.8,0.12241292199999998
16,14,C4,0.092305216,0.01664028121946501,-0.083177016,0.10343282000000001,5,0.925,0.8,0.12241292199999998
16,3,F3,0.09047849399999999,0.007356511283592925,0.032629861999999996,0.09638925000000001,5,0.925,0.8,0.12241292199999998
16,19,TP7,0.089763474,0.014120622221831447,-0.029889205999999995,0.10295945,5,0.925,0.8,0.12241292199999998
16,11,FT8,0.085761554,0.013041440528133006,0.002073098,0.102630052,5,0.925,0.8,0.12241292199999998
16,26,Oz,0.084863472,0.018716474166179643,0.046577207999999995,0.088449552,5,0.925,0.8,0.12241292199999998
16,25,T6,0.082412162,0.0016303396657659976,-0.05696339,0.093088686,5,0.925,0.8,0.12241292199999998
16,1,Fp2,0.082202158,0.007765626931679115,0.05316697,0.100828732,5,0.925,0.8,0.12241292199999998
16,5,F7,0.077911012,0.01273482226937306,0.069045312,0.094067956,5,0.925,0.8,0.12241292199999998
16,12,Cz,0.074735916,0.0063374331885456565,0.071953034,0.08849752200000001,5,0.925,0.8,0.12241292199999998
16,6,F8,0.07292452,0.010222891031034223,-0.019075338,0.076529428,5,0.925,0.8,0.12241292199999998
16,9,FC4,0.056704111999999994,0.002386989968196348,-0.048437944,0.075397516,5,0.925,0.8,0.12241292199999998
16,8,FC3,0.040406798,0.019799772317637142,-0.010744568000000001,0.048804009999999995,5,0.925,0.8,0.12241292199999998
17,28,O2,0.144708688,0.004771148379139978,-0.019506554,0.149432484,5,0.825,0.2,0.194955314
17,18,CP4,0.135942468,0.05049014185091353,0.05406502,0.151273122,5,0.825,0.2,0.194955314
17,21,Pz,0.13547149,0.03273009314394248,-0.014004174,0.141913202,5,0.825,0.2,0.194955314
17,15,T3,0.12218559199999998,0.004911816929458992,0.12218559199999998,0.129858058,5,0.825,0.2,0.194955314
17,2,Fz,0.120084628,0.026386477825297554,-0.10026370199999998,0.130861066,5,0.825,0.2,0.194955314
17,14,C4,0.110956656,0.05111548871246739,-0.091974858,0.125108752,5,0.825,0.2,0.194955314
17,23,P4,0.110450566,0.00833331358057706,-0.103381546,0.12187435399999999,5,0.825,0.2,0.194955314
17,16,T4,0.109594016,0.022998625995396555,0.016189210000000002,0.1200357,5,0.825,0.2,0.194955314
17,17,CP3,0.10888420000000001,0.024108615654148412,0.017653246,0.1236016,5,0.825,0.2,0.194955314
17,7,FCz,0.10649426399999999,0.011975384568642458,0.10649426399999999,0.118449278,5,0.825,0.2,0.194955314
17,22,P3,0.101551474,0.010021611008028099,0.098094006,0.11208652999999999,5,0.825,0.2,0.194955314
17,27,O1,0.10075257600000001,0.034462006928104603,0.047152828,0.11525849400000002,5,0.825,0.2,0.194955314
17,13,C3,0.098847112,0.03310071443899769,0.059297789999999996,0.10157977,5,0.825,0.2,0.194955314
17,0,Fp1,0.098400822,0.01999995478962315,-0.08501323400000001,0.111870832,5,0.825,0.2,0.194955314
17,4,F4,0.09133138199999999,0.016785214358996728,0.009825268000000002,0.09997669000000001,5,0.825,0.2,0.194955314
17,1,Fp2,0.088967774,0.0171382444989643,0.062449934000000006,0.104807176,5,0.825,0.2,0.194955314
17,12,Cz,0.088651022,0.022216163669466424,0.085963298,0.102533842,5,0.825,0.2,0.194955314
17,24,T5,0.08863307200000001,0.03655346939223854,0.055704224000000004,0.09657698,5,0.825,0.2,0.194955314
17,26,Oz,0.08844086599999999,0.025059582834112176,0.032600476,0.09174791,5,0.825,0.2,0.194955314
17,19,TP7,0.08603940400000001,0.00549258839706108,-0.014588682,0.096107978,5,0.825,0.2,0.194955314
17,3,F3,0.085389954,0.00945574825432022,0.033366146,0.09207681,5,0.825,0.2,0.194955314
17,20,TP8,0.082188614,0.016474289552309375,-0.055998309999999996,0.100337322,5,0.825,0.2,0.194955314
17,5,F7,0.080512068,0.016433794876785757,0.07760639999999999,0.09393586400000001,5,0.825,0.2,0.194955314
17,10,FT7,0.077245924,0.019529237950395812,-0.052435512000000004,0.093867156,5,0.825,0.2,0.194955314
17,6,F8,0.074705372,0.003525714637930869,-0.018013898,0.078446096,5,0.825,0.2,0.194955314
17,11,FT8,0.071607864,0.012058219314922918,-0.005314907999999999,0.08777167799999999,5,0.825,0.2,0.194955314
17,25,T6,0.070665758,0.024940704600910336,-0.053509968,0.081285962,5,0.825,0.2,0.194955314
17,9,FC4,0.05422210400000001,0.008005227809608544,-0.045514716,0.068688164,5,0.825,0.2,0.194955314
17,8,FC3,0.039928508,0.017029561294713967,0.007353308,0.049163599999999995,5,0.825,0.2,0.194955314
18,11,FT8,0.20861039199999998,0.041686753530732874,-0.118068586,0.213870812,5,0.525,0.0,1.1614076279999999
18,20,TP8,0.186984134,0.03127974265096071,0.167045534,0.20800149,5,0.525,0.0,1.1614076279999999
18,7,FCz,0.161994876,0.05092067924438783,0.16133303999999998,0.17991653000000002,5,0.525,0.0,1.1614076279999999
18,23,P4,0.16156742600000001,0.03019372238433231,-0.159064654,0.172728306,5,0.525,0.0,1.1614076279999999
18,12,Cz,0.12599922400000002,0.03421374341455097,0.062595132,0.136629306,5,0.525,0.0,1.1614076279999999
18,27,O1,0.11784064400000001,0.01889461593446742,0.032470854,0.126809876,5,0.525,0.0,1.1614076279999999
18,15,T3,0.11596373600000001,0.041937732384465305,0.112202358,0.12190303,5,0.525,0.0,1.1614076279999999
18,13,C3,0.113293214,0.015497614386037941,-0.10873167400000001,0.12595759,5,0.525,0.0,1.1614076279999999
18,22,P3,0.109348064,0.01957542726930577,0.09641512999999999,0.14499152799999998,5,0.525,0.0,1.1614076279999999
18,2,Fz,0.10195093800000002,0.02288295934705824,-0.079716972,0.11320774,5,0.525,0.0,1.1614076279999999
18,24,T5,0.090635582,0.025174148935949554,-0.0088418,0.096747418,5,0.525,0.0,1.1614076279999999
18,26,Oz,0.088687296,0.02306949972836928,-0.033941349999999995,0.097307344,5,0.525,0.0,1.1614076279999999
18,17,CP3,0.083399254,0.029261733543873136,0.054799218000000004,0.095239544,5,0.525,0.0,1.1614076279999999
18,28,O2,0.080111562,0.008943483402923608,-0.025620354,0.089809798,5,0.525,0.0,1.1614076279999999
18,6,F8,0.07556756,0.030880276346105608,-0.039299504,0.09483611,5,0.525,0.0,1.1614076279999999
18,19,TP7,0.06894411,0.019127777899034692,-0.037214202,0.07783078,5,0.525,0.0,1.1614076279999999
18,16,T4,0.068029624,0.029640130398374265,-0.06677359000000001,0.077391546,5,0.525,0.0,1.1614076279999999
18,8,FC3,0.06629134,0.04749640858811222,-0.03656514600000001,0.074569042,5,0.525,0.0,1.1614076279999999
18,3,F3,0.063809906,0.03712001371824342,-0.018096018,0.075756168,5,0.525,0.0,1.1614076279999999
18,18,CP4,0.055954378000000006,0.02106578425721245,0.009043442,0.062172936,5,0.525,0.0,1.1614076279999999
18,14,C4,0.053782555999999995,0.03169379737605183,0.016050342,0.060292924000000005,5,0.525,0.0,1.1614076279999999
18,1,Fp2,0.05013124,0.009962381348462826,0.043113928,0.056568622,5,0.525,0.0,1.1614076279999999
18,9,FC4,0.048693653999999996,0.020460574415396553,0.016505600000000002,0.063304604,5,0.525,0.0,1.1614076279999999
18,5,F7,0.042316544,0.01056183964545145,-0.009704694,0.05147449,5,0.525,0.0,1.1614076279999999
18,4,F4,0.039451916000000004,0.02418862174330795,0.030003514,0.045175492,5,0.525,0.0,1.1614076279999999
18,21,Pz,0.038478552,0.020296290001723716,-0.00850946,0.047931424,5,0.525,0.0,1.1614076279999999
18,10,FT7,0.037180726,0.009677516896036917,-0.012669552,0.043046752,5,0.525,0.0,1.1614076279999999
18,25,T6,0.036353846,0.009952086466873667,0.02569865,0.044293822,5,0.525,0.0,1.1614076279999999
18,0,Fp1,0.031547324,0.004434240509797592,0.004473134000000001,0.03571891,5,0.525,0.0,1.1614076279999999
19,21,Pz,0.155871884,0.008280133634062313,0.005887252,0.156243714,5,0.825,0.4,0.124955632
19,28,O2,0.138813296,0.006895989245842839,-0.023977632000000002,0.14217672399999998,5,0.825,0.4,0.124955632
19,15,T3,0.138068056,0.014985476183839795,0.138068056,0.14308577,5,0.825,0.4,0.124955632
19,17,CP3,0.12956052599999998,0.012206829588233785,0.025861816,0.146744966,5,0.825,0.4,0.124955632
19,27,O1,0.120851402,0.005219568419435661,0.049380274,0.133374092,5,0.825,0.4,0.124955632
19,16,T4,0.11529825199999999,0.010471410948208942,0.009751612,0.130845904,5,0.825,0.4,0.124955632
19,0,Fp1,0.11197229,0.0039409204988492255,-0.09693389,0.126486606,5,0.825,0.4,0.124955632
19,23,P4,0.11149904799999999,0.009073757410117922,-0.10117308600000001,0.12476851600000001,5,0.825,0.4,0.124955632
19,2,Fz,0.110819062,0.013306281633503777,-0.107740894,0.123442952,5,0.825,0.4,0.124955632
19,18,CP4,0.10772050799999999,0.004720473196557732,0.029761494,0.126113364,5,0.825,0.4,0.124955632
19,13,C3,0.10647191,0.012549112179823718,0.06296178599999999,0.10844164599999999,5,0.825,0.4,0.124955632
19,22,P3,0.104789398,0.004710318094074964,0.104789398,0.11253238400000001,5,0.825,0.4,0.124955632
19,24,T5,0.103946264,0.007840245100634934,0.0731536,0.11349867200000001,5,0.825,0.4,0.124955632
19,4,F4,0.10351412600000001,0.009670947398400534,0.027959558000000002,0.110002766,5,0.825,0.4,0.124955632
19,5,F7,0.094708252,0.014173807300325839,0.082408166,0.108600264,5,0.825,0.4,0.124955632
19,14,C4,0.09291452,0.01051286803702729,-0.07943903,0.103965566,5,0.825,0.4,0.124955632
19,20,TP8,0.09072166,0.0025744596066650588,-0.051770156,0.106317844,5,0.825,0.4,0.124955632
19,11,FT8,0.090113248,0.013658286142169157,0.015694172,0.10835176399999999,5,0.825,0.4,0.124955632
19,7,FCz,0.089485798,0.016593941217988878,0.089485798,0.102316502,5,0.825,0.4,0.124955632
19,19,TP7,0.08266499,0.006951909229222573,-0.014554834,0.094008438,5,0.825,0.4,0.124955632
19,10,FT7,0.081792376,0.011820136779893034,-0.040089118,0.09813164599999999,5,0.825,0.4,0.124955632
19,3,F3,0.079550444,0.01215437962814557,0.020958272,0.086803366,5,0.825,0.4,0.124955632
19,1,Fp2,0.076471508,0.0026208654387091324,0.052932974,0.09245715800000001,5,0.825,0.4,0.124955632
19,26,Oz,0.07168468,0.007549613885593753,0.036894038000000004,0.07409781800000001,5,0.825,0.4,0.124955632
19,25,T6,0.071321418,0.013255410590619968,-0.05615507799999999,0.084843846,5,0.825,0.4,0.124955632
19,6,F8,0.06944991,0.010548208169658485,-0.018444606,0.07402257999999999,5,0.825,0.4,0.124955632
19,12,Cz,0.069124266,0.01212359471383302,0.05925878799999999,0.08061980199999999,5,0.825,0.4,0.124955632
19,9,FC4,0.064612748,0.012293059519945389,-0.059553676,0.08400537599999999,5,0.825,0.4,0.124955632
19,8,FC3,0.036853172000000003,0.009238775929129897,-0.004768486000000001,0.045204138,5,0.825,0.4,0.124955632
2,21,Pz,0.158062712,0.010082429053584762,-0.0023792279999999997,0.159796878,5,0.675,0.0,0.222454866
2,27,O1,0.13652451000000002,0.008791229405123049,0.06266115800000001,0.142888536,5,0.675,0.0,0.222454866
2,15,T3,0.13512807,0.004731721110304365,0.13512807,0.13721920199999998,5,0.675,0.0,0.222454866
2,28,O2,0.133914048,0.0055835106556287655,-0.009477302000000002,0.13608294999999998,5,0.675,0.0,0.222454866
2,16,T4,0.127595634,0.007272171522497934,0.025069862,0.13496402600000001,5,0.675,0.0,0.222454866
2,17,CP3,0.127526524,0.0051444289027286535,0.021477298,0.146134784,5,0.675,0.0,0.222454866
2,0,Fp1,0.116916438,0.013286703149307584,-0.091544738,0.127391188,5,0.675,0.0,0.222454866
2,24,T5,0.11440763000000001,0.003301909444639569,0.080275342,0.129236518,5,0.675,0.0,0.222454866
2,18,CP4,0.11421305,0.0041485743198597744,0.037139094,0.131029228,5,0.675,0.0,0.222454866
2,13,C3,0.11231690999999999,0.006771478177281534,0.050270694000000005,0.11580001200000001,5,0.675,0.0,0.222454866
2,2,Fz,0.11100694600000001,0.004227780456117608,-0.11100694600000001,0.125079954,5,0.675,0.0,0.222454866
2,23,P4,0.103502968,0.00613532615908641,-0.079995518,0.11106096400000001,5,0.675,0.0,0.222454866
2,10,FT7,0.099128198,0.013505702769851332,-0.063260762,0.10600954199999998,5,0.675,0.0,0.222454866
2,7,FCz,0.09809101,0.012040661177290054,0.089732758,0.11733620199999999,5,0.675,0.0,0.222454866
2,4,F4,0.095296556,0.010317410277605034,0.00397281,0.11243925800000001,5,0.675,0.0,0.222454866
2,5,F7,0.095005858,0.008972328899191676,0.080883542,0.10388384399999999,5,0.675,0.0,0.222454866
2,22,P3,0.086737678,0.025422903746774677,0.086737678,0.097052502,5,0.675,0.0,0.222454866
2,25,T6,0.084275214,0.0027072356665850117,-0.046539738,0.093827576,5,0.675,0.0,0.222454866
2,12,Cz,0.082670052,0.004582981091311639,0.06589365,0.098982632,5,0.675,0.0,0.222454866
2,14,C4,0.081532256,0.00186772099144385,-0.061122974,0.08813185,5,0.675,0.0,0.222454866
2,3,F3,0.080983114,0.0046216739880999835,0.019247887999999998,0.089640272,5,0.675,0.0,0.222454866
2,19,TP7,0.080650614,0.005726653086173462,-0.019770016,0.099394502,5,0.675,0.0,0.222454866
2,11,FT8,0.08056624800000001,0.005177803202364881,0.013745072,0.098024798,5,0.675,0.0,0.222454866
2,26,Oz,0.075481808,0.004800036747168713,0.05387839,0.079545994,5,0.675,0.0,0.222454866
2,20,TP8,0.07341791,0.009334052614585479,-0.046854338,0.089482898,5,0.675,0.0,0.222454866
2,1,Fp2,0.070645044,0.01984828660003251,0.069149602,0.091118948,5,0.675,0.0,0.222454866
2,9,FC4,0.064369148,0.004475655716576063,-0.06214775,0.08234864,5,0.675,0.0,0.222454866
2,6,F8,0.063645768,0.006137154491135935,-0.028804471999999998,0.067485796,5,0.675,0.0,0.222454866
2,8,FC3,0.032572328,0.005493862902564098,-0.0048776819999999995,0.037044526,5,0.675,0.0,0.222454866
20,21,Pz,0.165152808,0.020998649359649773,-0.001652402,0.174809224,5,0.675,0.2,0.434995752
20,27,O1,0.134137874,0.016688351668826675,0.019966526000000002,0.149997014,5,0.675,0.2,0.434995752
20,4,F4,0.118064996,0.02083118992030292,0.077493386,0.13079708,5,0.675,0.2,0.434995752
20,2,Fz,0.113798124,0.01366601544756664,-0.11070448799999999,0.12696443799999999,5,0.675,0.2,0.434995752
20,22,P3,0.109755126,0.016361085845541537,0.09768503199999999,0.126157252,5,0.675,0.2,0.434995752
20,16,T4,0.107790962,0.0247170131740168,0.01245161,0.12251242400000002,5,0.675,0.2,0.434995752
20,18,CP4,0.10735547999999999,0.014952897722610494,0.024403321999999998,0.122607014,5,0.675,0.2,0.434995752
20,23,P4,0.105616432,0.021537977242558546,-0.10174628000000001,0.117180408,5,0.675,0.2,0.434995752
20,17,CP3,0.10345875600000001,0.028973350168982535,0.038816594,0.12614097,5,0.675,0.2,0.434995752
20,0,Fp1,0.102893506,0.017877708510643357,-0.085012548,0.12378936999999998,5,0.675,0.2,0.434995752
20,28,O2,0.101375156,0.04020667110514473,0.006310434000000001,0.109276632,5,0.675,0.2,0.434995752
20,10,FT7,0.100272732,0.03454274938148627,-0.024567958,0.113520242,5,0.675,0.2,0.434995752
20,14,C4,0.09700826,0.011099382412580447,-0.075697826,0.112831562,5,0.675,0.2,0.434995752
20,13,C3,0.095366628,0.025233158490433175,0.072764072,0.113175604,5,0.675,0.2,0.434995752
20,15,T3,0.094903636,0.031219121995553146,0.094903636,0.107675818,5,0.675,0.2,0.434995752
20,19,TP7,0.09103934799999999,0.010725489186781642,-0.05950251399999999,0.11318115,5,0.675,0.2,0.434995752
20,3,F3,0.09102499,0.003336491159998775,0.01076275,0.100280228,5,0.675,0.2,0.434995752
20,6,F8,0.08901776,0.016510221873716605,-0.024807046000000003,0.09905843,5,0.675,0.2,0.434995752
20,12,Cz,0.088553936,0.021123912274617358,0.088330218,0.09895498999999999,5,0.675,0.2,0.434995752
20,1,Fp2,0.088530236,0.01514967590415155,0.074490258,0.106710356,5,0.675,0.2,0.434995752
20,7,FCz,0.07819636599999999,0.02021186380191916,0.07793446,0.095253094,5,0.675,0.2,0.434995752
20,11,FT8,0.077326754,0.008962455694904715,0.014438954,0.094155348,5,0.675,0.2,0.434995752
20,26,Oz,0.07506284599999999,0.010791775801045443,0.04885999,0.080356602,5,0.675,0.2,0.434995752
20,9,FC4,0.071539774,0.021135495828662976,-0.06473662999999999,0.08474377200000001,5,0.675,0.2,0.434995752
20,25,T6,0.065792646,0.021388899180595528,-0.029540722,0.0794769,5,0.675,0.2,0.434995752
20,5,F7,0.064249714,0.019391590572500235,0.050612312000000007,0.074230006,5,0.675,0.2,0.434995752
20,24,T5,0.063240988,0.043814255006867,0.044325816000000004,0.072982196,5,0.675,0.2,0.434995752
20,20,TP8,0.058429858,0.03123510180763255,-0.031391136,0.070766596,5,0.675,0.2,0.434995752
20,8,FC3,0.032199785999999994,0.00605078351000761,0.011102742,0.039047562,5,0.675,0.2,0.434995752
21,21,Pz,0.16077555999999998,0.006267466422415045,-0.019241046,0.166601016,5,0.675,0.0,0.36581945400000004
21,0,Fp1,0.15143181,0.02624663808836762,-0.14191973,0.169038974,5,0.675,0.0,0.36581945400000004
21,28,O2,0.131865336,0.013826539318930466,-0.050241098000000005,0.143837814,5,0.675,0.0,0.36581945400000004
21,17,CP3,0.13055910799999998,0.007094438043056686,0.005571967999999999,0.14721335,5,0.675,0.0,0.36581945400000004
21,27,O1,0.12492933000000002,0.007313482349797527,0.045638816000000006,0.136406154,5,0.675,0.0,0.36581945400000004
21,15,T3,0.12311709,0.009275718674089349,0.12311709,0.135731862,5,0.675,0.0,0.36581945400000004
21,22,P3,0.116963424,0.012746451250425745,0.116963424,0.126501918,5,0.675,0.0,0.36581945400000004
21,18,CP4,0.11397539999999999,0.02488509089098933,0.040737584,0.12403419600000001,5,0.675,0.0,0.36581945400000004
21,16,T4,0.10703107199999999,0.008235455924292838,0.01973326,0.12635284,5,0.675,0.0,0.36581945400000004
21,13,C3,0.106624304,0.013538857328642259,0.044992552000000005,0.114661816,5,0.675,0.0,0.36581945400000004
21,26,Oz,0.10614794599999999,0.030221819173423856,0.08259720000000001,0.11345561600000001,5,0.675,0.0,0.36581945400000004
21,24,T5,0.10468873199999999,0.007462118967094397,0.07866771,0.116060982,5,0.675,0.0,0.36581945400000004
21,5,F7,0.093370646,0.019670180483922356,0.08428988,0.10699284199999999,5,0.675,0.0,0.36581945400000004
21,2,Fz,0.092565496,0.03812301162474877,-0.087683238,0.108007016,5,0.675,0.0,0.36581945400000004
21,7,FCz,0.090761142,0.010259470333151707,0.090334314,0.10559001800000001,5,0.675,0.0,0.36581945400000004
21,4,F4,0.089785212,0.008965039644249771,-0.004507255999999999,0.106204246,5,0.675,0.0,0.36581945400000004
21,14,C4,0.084894176,0.0065426737641410835,-0.039904,0.090694232,5,0.675,0.0,0.36581945400000004
21,10,FT7,0.0827708,0.009498854750552826,-0.046778132,0.09750684400000001,5,0.675,0.0,0.36581945400000004
21,23,P4,0.08261652,0.0178707077573875,-0.045264198,0.09500688,5,0.675,0.0,0.36581945400000004
21,3,F3,0.081015328,0.02153534029182196,0.027006412,0.096888458,5,0.675,0.0,0.36581945400000004
21,20,TP8,0.080327652,0.009445065882616706,-0.03395514,0.091658434,5,0.675,0.0,0.36581945400000004
21,12,Cz,0.07220686600000001,0.017540191048805023,0.06805768400000001,0.08418965,5,0.675,0.0,0.36581945400000004
21,11,FT8,0.067859618,0.018406829759494713,0.0036795760000000004,0.078415756,5,0.675,0.0,0.36581945400000004
21,8,FC3,0.064962022,0.0391272117131846,-0.0033745,0.071165326,5,0.675,0.0,0.36581945400000004
21,19,TP7,0.063992314,0.01396652119203025,-0.004186164,0.07492981800000001,5,0.675,0.0,0.36581945400000004
21,25,T6,0.060019175999999994,0.013783580914244671,-0.03642293,0.075610454,5,0.675,0.0,0.36581945400000004
21,9,FC4,0.05848317200000001,0.013634512767690675,-0.03832117,0.072913462,5,0.675,0.0,0.36581945400000004
21,6,F8,0.05775279800000001,0.008426715970588423,0.0012869759999999996,0.070274512,5,0.675,0.0,0.36581945400000004
21,1,Fp2,0.057187022,0.019070264115514237,0.02754944,0.07565701,5,0.675,0.0,0.36581945400000004
22,17,CP3,0.19844881,0.026780716278620137,-0.009207836,0.211571284,5,0.575,0.0,0.8036226299999999
22,13,C3,0.18459007,0.02016176156809717,0.061609318,0.202755618,5,0.575,0.0,0.8036226299999999
22,9,FC4,0.14301296,0.035239726331175586,-0.074385396,0.16322627,5,0.575,0.0,0.8036226299999999
22,20,TP8,0.12008619400000001,0.022628742721714123,0.021027466,0.13524249800000002,5,0.575,0.0,0.8036226299999999
22,2,Fz,0.11490967199999999,0.022063017092341885,-0.108245704,0.13371544,5,0.575,0.0,0.8036226299999999
22,7,FCz,0.113570324,0.02008715505037809,0.097971676,0.12312079199999999,5,0.575,0.0,0.8036226299999999
22,18,CP4,0.10612592200000001,0.019080341286194808,0.072574538,0.12274042,5,0.575,0.0,0.8036226299999999
22,23,P4,0.102832408,0.03458087517970691,-0.032705068000000004,0.11946857799999999,5,0.575,0.0,0.8036226299999999
22,15,T3,0.091199228,0.025820193064001674,0.036223587999999994,0.10778262400000001,5,0.575,0.0,0.8036226299999999
22,5,F7,0.09093473999999999,0.02917503796355799,0.08139894,0.112216952,5,0.575,0.0,0.8036226299999999
22,26,Oz,0.089444172,0.04021245918062859,0.048771633999999994,0.10981897,5,0.575,0.0,0.8036226299999999
22,21,Pz,0.08804819,0.02389927968176761,0.0015383220000000004,0.097128302,5,0.575,0.0,0.8036226299999999
22,24,T5,0.08699608,0.020563265123298154,0.055733548,0.10339136600000001,5,0.575,0.0,0.8036226299999999
22,27,O1,0.084974046,0.026220521373344775,-0.028319944000000003,0.09658924399999999,5,0.575,0.0,0.8036226299999999
22,14,C4,0.084204002,0.014044231905436121,-0.07718159599999999,0.095989242,5,0.575,0.0,0.8036226299999999
22,25,T6,0.081699948,0.009847560895362362,-0.062893854,0.092232256,5,0.575,0.0,0.8036226299999999
22,12,Cz,0.07978329199999999,0.028501193348339292,0.0595394,0.097372702,5,0.575,0.0,0.8036226299999999
22,22,P3,0.079628282,0.019360059519538408,0.069869296,0.093504566,5,0.575,0.0,0.8036226299999999
22,19,TP7,0.07512215,0.02235485567991102,-0.058792500000000004,0.08786717,5,0.575,0.0,0.8036226299999999
22,28,O2,0.074161734,0.017634165501193413,0.003035505999999999,0.083375594,5,0.575,0.0,0.8036226299999999
22,0,Fp1,0.0723287,0.01852105861095553,-0.035159156000000004,0.08664915,5,0.575,0.0,0.8036226299999999
22,4,F4,0.06678838200000001,0.01662093034825879,0.043343709999999994,0.07928867399999999,5,0.575,0.0,0.8036226299999999
22,1,Fp2,0.065442962,0.015413273228638688,0.05405956199999999,0.079747552,5,0.575,0.0,0.8036226299999999
22,16,T4,0.059983591999999995,0.026178787117184594,0.0347948,0.06964005399999999,5,0.575,0.0,0.8036226299999999
22,3,F3,0.057209544,0.011700807807714816,0.005267112,0.06501433599999999,5,0.575,0.0,0.8036226299999999
22,11,FT8,0.05564782,0.013970828184894764,-0.011131322,0.06275649800000001,5,0.575,0.0,0.8036226299999999
22,6,F8,0.053396942,0.02036151621068456,0.03367629,0.062427086,5,0.575,0.0,0.8036226299999999
22,10,FT7,0.04808773200000001,0.019324145216398837,-0.035363988,0.057254448,5,0.575,0.0,0.8036226299999999
22,8,FC3,0.041536626,0.013957435253691131,-0.025051661999999995,0.049033868,5,0.575,0.0,0.8036226299999999
23,21,Pz,0.15323096,0.000719625924734503,0.006556688000000001,0.153421958,5,1.0,1.0,0.006808575999999999
23,28,O2,0.144140174,0.000501421556407375,-0.024045146,0.146909616,5,1.0,1.0,0.006808575999999999
23,15,T3,0.12668427200000001,0.00020823737493544256,0.12668427200000001,0.131982158,5,1.0,1.0,0.006808575999999999
23,16,T4,0.122456046,0.00036421478330786575,0.013551996,0.13469949799999997,5,1.0,1.0,0.006808575999999999
23,27,O1,0.12180624799999999,0.0004916165766834904,0.05610716,0.13223547,5,1.0,1.0,0.006808575999999999
23,17,CP3,0.121329398,0.0003801470465753968,0.033247224,0.13963421199999998,5,1.0,1.0,0.006808575999999999
23,13,C3,0.11514685399999999,0.0002128183667590767,0.072452654,0.11738614,5,1.0,1.0,0.006808575999999999
23,18,CP4,0.11065079600000001,0.00037334302374625875,0.034508026000000004,0.12725217,5,1.0,1.0,0.006808575999999999
23,0,Fp1,0.109886738,0.00038012879412114615,-0.095945586,0.12277770800000001,5,1.0,1.0,0.006808575999999999
23,22,P3,0.108365976,0.00019960969397802447,0.108365976,0.11760393799999999,5,1.0,1.0,0.006808575999999999
23,23,P4,0.104639686,0.0001658128189555912,-0.09326358,0.116844578,5,1.0,1.0,0.006808575999999999
23,24,T5,0.10458649,0.0005582060909287847,0.073051122,0.11399973199999999,5,1.0,1.0,0.006808575999999999
23,2,Fz,0.103891014,0.0001290050715282139,-0.09862122,0.11752982199999999,5,1.0,1.0,0.006808575999999999
23,7,FCz,0.098756832,0.00032771838195316225,0.098756832,0.114273692,5,1.0,1.0,0.006808575999999999
23,4,F4,0.097933212,0.00022433780615402788,0.012466250000000002,0.10829075399999999,5,1.0,1.0,0.006808575999999999
23,10,FT7,0.090534096,0.00019626654600313475,-0.058413919999999994,0.10404932200000001,5,1.0,1.0,0.006808575999999999
23,20,TP8,0.088634496,0.00032764676380211575,-0.059367128000000005,0.107912608,5,1.0,1.0,0.006808575999999999
23,3,F3,0.087919628,0.0005456842102535168,0.027366812,0.094757056,5,1.0,1.0,0.006808575999999999
23,14,C4,0.084993446,0.0006760829431216248,-0.074775576,0.09550598,5,1.0,1.0,0.006808575999999999
23,19,TP7,0.0844733,0.00011466141700676738,-0.018670356,0.094595992,5,1.0,1.0,0.006808575999999999
23,5,F7,0.083902322,0.0005192649490096557,0.081476094,0.097435914,5,1.0,1.0,0.006808575999999999
23,25,T6,0.08137707400000001,0.0001795720956329236,-0.062319514,0.09237999,5,1.0,1.0,0.006808575999999999
23,11,FT8,0.080171858,0.00015951002686351412,-0.0032646339999999998,0.09722744800000001,5,1.0,1.0,0.006808575999999999
23,1,Fp2,0.077682786,0.00033146195306550837,0.061276332,0.095159722,5,1.0,1.0,0.006808575999999999
23,26,Oz,0.077485736,0.0002631798871114591,0.042214615999999996,0.079921832,5,1.0,1.0,0.006808575999999999
23,6,F8,0.077066542,0.00039250372032631573,-0.028403748,0.07815976399999999,5,1.0,1.0,0.006808575999999999
23,12,Cz,0.076756624,0.00026490311328862114,0.075602784,0.09235867,5,1.0,1.0,0.006808575999999999
23,9,FC4,0.057922110000000006,0.0002934172691748052,-0.057922110000000006,0.076530452,5,1.0,1.0,0.006808575999999999
23,8,FC3,0.030677926,0.00034687725801787664,0.005677008,0.03750619,5,1.0,1.0,0.006808575999999999
24,21,Pz,0.15417017,0.00309341125138576,0.0067930180000000005,0.15446232799999998,5,0.9,0.6,0.04290936199999999
24,28,O2,0.14308636,0.002641547013749715,-0.02163385,0.145400526,5,0.9,0.6,0.04290936199999999
24,15,T3,0.126265678,0.00040694175605361367,0.126265678,0.13173495600000001,5,0.9,0.6,0.04290936199999999
24,17,CP3,0.122371698,0.0023788987751205337,0.033083044,0.14005089399999998,5,0.9,0.6,0.04290936199999999
24,27,O1,0.120064634,0.004031060451206359,0.0573458,0.130086278,5,0.9,0.6,0.04290936199999999
24,16,T4,0.11936909600000001,0.006221944482356782,0.015200143999999999,0.132315612,5,0.9,0.6,0.04290936199999999
24,13,C3,0.113218346,0.004222560673623298,0.068542216,0.115551724,5,0.9,0.6,0.04290936199999999
24,18,CP4,0.111635434,0.001156215612279989,0.039223916000000005,0.127439158,5,0.9,0.6,0.04290936199999999
24,0,Fp1,0.10819302,0.0029118654947902383,-0.094017358,0.12054004,5,0.9,0.6,0.04290936199999999
24,22,P3,0.104909816,0.00782289459054192,0.104909816,0.11509371000000002,5,0.9,0.6,0.04290936199999999
24,23,P4,0.10488042800000001,0.0005793109794574937,-0.08913686400000001,0.115439314,5,0.9,0.6,0.04290936199999999
24,2,Fz,0.10389802399999999,0.00013373601807291626,-0.09775296,0.11703330199999999,5,0.9,0.6,0.04290936199999999
24,24,T5,0.10310751599999998,0.004803133271472903,0.06979847,0.11159373000000002,5,0.9,0.6,0.04290936199999999
24,7,FCz,0.100703642,0.0035462307370460254,0.100703642,0.11485401799999999,5,0.9,0.6,0.04290936199999999
24,4,F4,0.097704784,0.0006755348653696584,0.014369812000000001,0.10824513399999999,5,0.9,0.6,0.04290936199999999
24,10,FT7,0.091737402,0.0025293532503823943,-0.059142532000000005,0.105891468,5,0.9,0.6,0.04290936199999999
24,20,TP8,0.089916228,0.0012355193863796674,-0.06382922199999999,0.11154955200000001,5,0.9,0.6,0.04290936199999999
24,3,F3,0.088978844,0.0029832210019423676,0.02751377,0.09549623,5,0.9,0.6,0.04290936199999999
24,25,T6,0.08629669,0.011845949883407406,-0.066546768,0.09755625999999999,5,0.9,0.6,0.04290936199999999
24,19,TP7,0.08480531799999999,0.00047297751000444,-0.019772056,0.09654486799999999,5,0.9,0.6,0.04290936199999999
24,5,F7,0.083176544,0.0016716620039738896,0.08096851000000001,0.09681798,5,0.9,0.6,0.04290936199999999
24,14,C4,0.08268276599999999,0.006509379020826796,-0.067753552,0.091442874,5,0.9,0.6,0.04290936199999999
24,11,FT8,0.081010636,0.0017808442361363329,0.002485087999999999,0.09766752000000001,5,0.9,0.6,0.04290936199999999
24,1,Fp2,0.08023896,0.00529674105392174,0.06118958,0.098736812,5,0.9,0.6,0.04290936199999999
24,6,F8,0.079830192,0.005089602355584371,-0.027627017999999996,0.081661838,5,0.9,0.6,0.04290936199999999
24,12,Cz,0.07929573999999999,0.004878027125790711,0.078300872,0.093485806,5,0.9,0.6,0.04290936199999999
24,26,Oz,0.075635184,0.004580791221642827,0.03920251,0.079507392,5,0.9,0.6,0.04290936199999999
24,9,FC4,0.058017375999999996,0.0005314356515891633,-0.054480782000000005,0.07552486,5,0.9,0.6,0.04290936199999999
24,8,FC3,0.029910569999999997,0.0022771422659552914,0.004981612,0.036401266,5,0.9,0.6,0.04290936199999999
25,21,Pz,0.15293901000000001,0.00022360679774998158,0.006732394,0.153130068,5,1.0,1.0,0.004512032
25,28,O2,0.143991376,0.00013693429110344063,-0.023539544,0.14672586599999998,5,1.0,1.0,0.004512032
25,15,T3,0.126884788,0.000136928813695283,0.126884788,0.132069266,5,1.0,1.0,0.004512032
25,27,O1,0.12231210399999999,0.00011178886652971908,0.056283021999999995,0.132657468,5,1.0,1.0,0.004512032
25,16,T4,0.121987604,0.00013692516233330086,0.013315954,0.13426535,5,1.0,1.0,0.004512032
25,17,CP3,0.121224382,0.0002236056800933286,0.03294355,0.13968086200000002,5,1.0,1.0,0.004512032
25,13,C3,0.11508088000000001,0.0001368895679005487,0.072116468,0.11720377,5,1.0,1.0,0.004512032
25,18,CP4,0.110983126,0.00020915424961018508,0.034409484000000004,0.127780232,5,1.0,1.0,0.004512032
25,0,Fp1,0.10945674400000001,0.0002235978534780769,-0.09575120200000001,0.122303008,5,1.0,1.0,0.004512032
25,22,P3,0.10800744199999998,0.0001369333780347267,0.10800744199999998,0.11734625800000001,5,1.0,1.0,0.004512032
25,24,T5,0.10525554200000001,0.00017677315978394416,0.07338882,0.114611296,5,1.0,1.0,0.004512032
25,23,P4,0.104663412,0.00022360008982556058,-0.093115304,0.116669722,5,1.0,1.0,0.004512032
25,2,Fz,0.10405174800000001,0.0001117989267390315,-0.098531488,0.1176002,5,1.0,1.0,0.004512032
25,7,FCz,0.098832874,0.0001369251645242746,0.098832874,0.11424411999999999,5,1.0,1.0,0.004512032
25,4,F4,0.09763291599999999,0.00013703477252143044,0.012350106,0.107969222,5,1.0,1.0,0.004512032
25,10,FT7,0.090419802,0.00017677316105676363,-0.057976234,0.10394491399999999,5,1.0,1.0,0.004512032
25,20,TP8,0.088819472,0.00011179892673903596,-0.059213402000000005,0.10794847599999999,5,1.0,1.0,0.004512032
25,3,F3,0.087820674,0.00011180116291882045,0.027363208,0.094757444,5,1.0,1.0,0.004512032
25,14,C4,0.08555484999999999,0.00022359562160292743,-0.075174578,0.09612019,5,1.0,1.0,0.004512032
25,19,TP7,0.084477706,0.00011180563527837425,-0.018681494,0.09451949800000001,5,1.0,1.0,0.004512032
25,5,F7,0.083705856,0.00013692059826775948,0.08152674600000001,0.097369176,5,1.0,1.0,0.004512032
25,25,T6,0.08117548399999999,0.0002738421085771892,-0.062256516000000005,0.092398432,5,1.0,1.0,0.004512032
25,11,FT8,0.08009118400000001,0.00017677669538148863,-0.0035377939999999995,0.097228546,5,1.0,1.0,0.004512032
25,1,Fp2,0.07795818400000001,0.00028503903246748726,0.061210184,0.095289858,5,1.0,1.0,0.004512032
25,26,Oz,0.07752076,0.0001369306393762904,0.042417586,0.079841408,5,1.0,1.0,0.004512032
25,6,F8,0.077392074,0.00013692516215071013,-0.028956456000000002,0.078396584,5,1.0,1.0,0.004512032
25,12,Cz,0.07715223,0.00028503070045172513,0.07563365,0.09263455000000001,5,1.0,1.0,0.004512032
25,9,FC4,0.057841741999999995,0.0001117989269626488,-0.057841741999999995,0.07607807600000001,5,1.0,1.0,0.004512032
25,8,FC3,0.030940288,0.0002091434936114445,0.0059221099999999995,0.037617246,5,1.0,1.0,0.004512032
26,21,Pz,0.152554804,0.00038907549958844983,0.00609074,0.152719254,5,1.0,1.0,0.011410726
26,28,O2,0.144479702,0.0004204099843248214,-0.024643406,0.147369808,5,1.0,1.0,0.011410726
26,15,T3,0.126772596,0.0006523917862220543,0.126772596,0.13220217,5,1.0,1.0,0.011410726
26,16,T4,0.12217761600000002,0.0005337285200642745,0.012595935999999999,0.134728468,5,1.0,1.0,0.011410726
26,17,CP3,0.12164461200000001,0.0007586513818414864,0.032724184,0.139892162,5,1.0,1.0,0.011410726
26,27,O1,0.12159447599999999,0.0005855109956952163,0.055211362,0.131969014,5,1.0,1.0,0.011410726
26,13,C3,0.11559419200000001,0.0003654458606551724,0.073255404,0.11779455999999999,5,1.0,1.0,0.011410726
26,18,CP4,0.11070864,0.0003848087059176265,0.034178636,0.12738660799999998,5,1.0,1.0,0.011410726
26,0,Fp1,0.109260226,0.0005281202754392213,-0.094921018,0.12177021400000002,5,1.0,1.0,0.011410726
26,22,P3,0.107731836,0.000630055490754582,0.107731836,0.116737848,5,1.0,1.0,0.011410726
26,23,P4,0.105178978,0.000402262325752735,-0.093446802,0.117228246,5,1.0,1.0,0.011410726
26,24,T5,0.104760834,0.000534944718106463,0.07283183600000001,0.114169916,5,1.0,1.0,0.011410726
26,2,Fz,0.103033134,0.0011898792844990656,-0.09757300799999999,0.11641064599999999,5,1.0,1.0,0.011410726
26,7,FCz,0.099173606,0.0003644774118241119,0.099173606,0.114110186,5,1.0,1.0,0.011410726
26,4,F4,0.096758338,0.0007829726177012858,0.012447788,0.10688509000000002,5,1.0,1.0,0.011410726
26,10,FT7,0.09022667799999999,0.000286215812054472,-0.057670068,0.103778924,5,1.0,1.0,0.011410726
26,20,TP8,0.08952352999999999,0.0006643613826450162,-0.059944906,0.108949382,5,1.0,1.0,0.011410726
26,3,F3,0.087979998,0.00036121496213473435,0.028451419999999998,0.09472724,5,1.0,1.0,0.011410726
26,14,C4,0.085390888,0.00045401089377899106,-0.075553484,0.09602975999999999,5,1.0,1.0,0.011410726
26,5,F7,0.08457633,0.0007435871800602846,0.082539284,0.098383444,5,1.0,1.0,0.011410726
26,19,TP7,0.08442258,0.0005063509646974086,-0.019073516000000002,0.094329366,5,1.0,1.0,0.011410726
26,25,T6,0.08142194,0.0006587151831026813,-0.06267102,0.092883522,5,1.0,1.0,0.011410726
26,11,FT8,0.07982900200000001,0.0011552962070265828,-0.004094436,0.096812624,5,1.0,1.0,0.011410726
26,1,Fp2,0.078040542,0.00029039654762066057,0.062044133999999994,0.095814906,5,1.0,1.0,0.011410726
26,26,Oz,0.077676,0.0002567106351517194,0.041564832,0.079943438,5,1.0,1.0,0.011410726
26,6,F8,0.077489908,0.00031938037333248485,-0.029115064000000003,0.07851783999999999,5,1.0,1.0,0.011410726
26,12,Cz,0.076808966,0.0002861792880870329,0.075405694,0.09240273800000001,5,1.0,1.0,0.011410726
26,9,FC4,0.058615695999999995,0.0005195756829663993,-0.058615695999999995,0.076424618,5,1.0,1.0,0.011410726
26,8,FC3,0.032097806,0.0010714211826028084,0.007063982000000001,0.038432378,5,1.0,1.0,0.011410726
27,21,Pz,0.153089016,0.00011180004552772534,0.0065824,0.153269736,5,0.975,0.8,0.00451202
27,28,O2,0.14414138,0.0001767660888009886,-0.023789544000000003,0.146898316,5,0.975,0.8,0.00451202
27,15,T3,0.126784788,0.0001117989267390266,0.126784788,0.131930836,5,0.975,0.8,0.00451202
27,16,T4,0.122087604,0.00017676962544510019,0.01341596,0.134491776,5,0.975,0.8,0.00451202
27,27,O1,0.12191211799999999,0.00020915962820295986,0.055983038,0.13223136200000002,5,0.975,0.8,0.00451202
27,17,CP3,0.121124388,0.0002499925000275007,0.032743546,0.139528598,5,0.975,0.8,0.00451202
27,13,C3,0.11538089999999998,0.00013693063937628995,0.072416488,0.11755542199999999,5,0.975,0.8,0.00451202
27,18,CP4,0.11128313199999999,0.00013692881369529187,0.034709482,0.127868174,5,0.975,0.8,0.00451202
27,0,Fp1,0.10955674200000001,0.00017677315978394885,-0.095751204,0.122298964,5,0.975,0.8,0.00451202
27,22,P3,0.10785742599999999,0.000325936345211764,0.10785742599999999,0.11706726599999999,5,0.975,0.8,0.00451202
27,23,P4,0.10511341,0.00020916799480321388,-0.093065308,0.11695590999999998,5,0.975,0.8,0.00451202
27,24,T5,0.10510554800000001,0.00028503596276610306,0.073338828,0.11456580999999999,5,0.975,0.8,0.00451202
27,2,Fz,0.103751756,0.00017677315981223367,-0.098331498,0.117278748,5,0.975,0.8,0.00451202
27,7,FCz,0.09878289,0.0002235900272820792,0.09878289,0.114174752,5,0.975,0.8,0.00451202
27,4,F4,0.09743283999999999,0.00013693063937629196,0.012550024000000002,0.10766522599999999,5,0.975,0.8,0.00451202
27,10,FT7,0.0905198,0.0002235984126732551,-0.05807623399999999,0.103884494,5,0.975,0.8,0.00451202
27,20,TP8,0.088919472,0.00011179669190096636,-0.059013418,0.10792455599999999,5,0.975,0.8,0.00451202
27,3,F3,0.08792067,0.00013692151091044326,0.027463208,0.09479618000000001,5,0.975,0.8,0.00451202
27,14,C4,0.085304878,0.00013692881387786194,-0.07492460199999999,0.09576329,5,0.975,0.8,0.00451202
27,19,TP7,0.08452770800000001,0.00013692790080914406,-0.018631492,0.0945618,5,0.975,0.8,0.00451202
27,5,F7,0.08415585,0.00037078632775494174,0.08167675199999999,0.09771386800000001,5,0.975,0.8,0.00451202
27,25,T6,0.081175504,0.0002091697880431061,-0.062156536,0.092351606,5,0.975,0.8,0.00451202
27,11,FT8,0.08024118999999999,0.000335408333453418,-0.0034877899999999997,0.097265142,5,0.975,0.8,0.00451202
27,26,Oz,0.077670756,0.0002738416521093883,0.042267582000000005,0.079996046,5,0.975,0.8,0.00451202
27,1,Fp2,0.077658204,0.00013689504238649665,0.06121017199999999,0.095406198,5,0.975,0.8,0.00451202
27,6,F8,0.077342066,0.0004183222443045505,-0.029006458000000002,0.07836068599999998,5,0.975,0.8,0.00451202
27,12,Cz,0.077202234,0.0001369251621507178,0.075583654,0.092727564,5,0.975,0.8,0.00451202
27,9,FC4,0.057941742,0.0002091554448729446,-0.057941742,0.07604406,5,0.975,0.8,0.00451202
27,8,FC3,0.030890205999999996,0.00013686315731415897,0.005772167999999999,0.037591784,5,0.975,0.8,0.00451202
28,21,Pz,0.152938994,0.00013690690807991512,0.006632412,0.15312638,5,1.0,1.0,0.004511986
28,28,O2,0.144291372,0.00022359394036958159,-0.023739536,0.14702242199999999,5,1.0,1.0,0.004511986
28,15,T3,0.126934786,0.00011180116291880648,0.126934786,0.13208607,5,1.0,1.0,0.004511986
28,16,T4,0.122337544,0.00017676965415477626,0.013166,0.13463457,5,1.0,1.0,0.004511986
28,27,O1,0.121762124,0.00013692972752474131,0.056033038,0.1321937,5,1.0,1.0,0.004511986
28,17,CP3,0.121324448,0.0002737102028971513,0.032943618,0.139755084,5,1.0,1.0,0.004511986
28,13,C3,0.11513089800000001,0.00013691512158998324,0.072666482,0.11739059199999999,5,1.0,1.0,0.004511986
28,18,CP4,0.110583142,0.00013692790080914834,0.034209489999999995,0.127266092,5,1.0,1.0,0.004511986
28,0,Fp1,0.109856738,0.00020915066643451108,-0.095651204,0.12249681800000001,5,1.0,1.0,0.004511986
28,22,P3,0.108157444,0.00025000000005999905,0.108157444,0.11743383599999999,5,1.0,1.0,0.004511986
28,23,P4,0.104913412,0.000223602884641496,-0.093165308,0.116918088,5,1.0,1.0,0.004511986
28,24,T5,0.104855552,0.0003791348706199385,0.07308883,0.11420000400000001,5,1.0,1.0,0.004511986
28,2,Fz,0.103951752,0.00020915962820295715,-0.098131496,0.117265302,5,1.0,1.0,0.004511986
28,7,FCz,0.098982886,0.00020915723769451093,0.098982886,0.114105388,5,1.0,1.0,0.004511986
28,4,F4,0.097532842,0.00017678023085176167,0.012450026,0.107804046,5,1.0,1.0,0.004511986
28,10,FT7,0.090519802,0.000223602884641496,-0.058176227999999996,0.103881482,5,1.0,1.0,0.004511986
28,20,TP8,0.08901946000000001,0.0002236012076219591,-0.059613402,0.10835028,5,1.0,1.0,0.004511986
28,3,F3,0.08772068200000001,0.00020915962820295756,0.027763204000000003,0.09437704,5,1.0,1.0,0.004511986
28,14,C4,0.085904866,0.00017674487582388222,-0.075224582,0.09626701,5,1.0,1.0,0.004511986
28,5,F7,0.08445585800000001,0.00013693246517900947,0.081876756,0.097985158,5,1.0,1.0,0.004511986
28,19,TP7,0.08437771000000001,0.00032595053328688073,-0.018781486,0.094346546,5,1.0,1.0,0.004511986
28,25,T6,0.081325492,0.00011179892673903035,-0.062606526,0.092598994,5,1.0,1.0,0.004511986
28,11,FT8,0.080041192,0.0003259547517217647,-0.0035877939999999996,0.097160348,5,1.0,1.0,0.004511986
28,26,Oz,0.077570742,0.00011178775724559104,0.042267566,0.080008298,5,1.0,1.0,0.004511986
28,1,Fp2,0.077558194,0.0003535445518318732,0.061210188,0.095175548,5,1.0,1.0,0.004511986
28,6,F8,0.07749207,0.0001767696242288244,-0.029256458000000003,0.078480558,5,1.0,1.0,0.004511986
28,12,Cz,0.07685224399999999,0.0002091608233632687,0.07573365200000001,0.09246618399999999,5,1.0,1.0,0.004511986
28,9,FC4,0.057991722,0.0002849969355449263,-0.057991722,0.076246448,5,1.0,1.0,0.004511986
28,8,FC3,0.031140272000000004,0.00013692333646972096,0.006322124,0.037740332,5,1.0,1.0,0.004511986
29,28,O2,0.14746506799999998,0.005638199055152284,-0.022125536,0.14994147600000002,5,0.925,0.8,0.139839574
29,21,Pz,0.144467682,0.018935168446200055,0.013812398,0.14979234,5,0.925,0.8,0.139839574
29,17,CP3,0.126467236,0.010318982988942273,0.031324162,0.142289244,5,0.925,0.8,0.139839574
29,15,T3,0.124437154,0.0044437438972875,0.124437154,0.128844454,5,0.925,0.8,0.139839574
29,16,T4,0.117113752,0.009415952500083041,0.00950773,0.12765041,5,0.925,0.8,0.139839574
29,27,O1,0.11675707799999999,0.01098628732415187,0.037058808,0.128122994,5,0.925,0.8,0.139839574
29,24,T5,0.11511056,0.021973808651505996,0.089825104,0.12302091200000001,5,0.925,0.8,0.139839574
29,18,CP4,0.113035466,0.0028613004842606067,0.03150304,0.128053634,5,0.925,0.8,0.139839574
29,2,Fz,0.111757474,0.016348829356771392,-0.09556022,0.127888808,5,0.925,0.8,0.139839574
29,0,Fp1,0.11034945599999998,0.0015798849772309374,-0.098675322,0.12231633,5,0.925,0.8,0.139839574
29,22,P3,0.107068982,0.0015879274735075197,0.107068982,0.11556533,5,0.925,0.8,0.139839574
29,20,TP8,0.105469368,0.037454283624576507,-0.065111246,0.121914612,5,0.925,0.8,0.139839574
29,13,C3,0.10473122400000001,0.022688115061619378,0.054031546,0.10857998799999999,5,0.925,0.8,0.139839574
29,4,F4,0.10076737799999999,0.00655838392654929,0.017948656,0.110986154,5,0.925,0.8,0.139839574
29,23,P4,0.100439346,0.008577391613388658,-0.08448652,0.11235508000000001,5,0.925,0.8,0.139839574
29,7,FCz,0.096853412,0.003101766401571855,0.096853412,0.10943933800000001,5,0.925,0.8,0.139839574
29,11,FT8,0.0908454,0.024023552086640938,-0.004060070000000001,0.108928154,5,0.925,0.8,0.139839574
29,3,F3,0.088057212,0.0013610130103786705,0.031121398,0.094029798,5,0.925,0.8,0.139839574
29,10,FT7,0.08513551,0.009403334932488044,-0.049723996,0.097684966,5,0.925,0.8,0.139839574
29,1,Fp2,0.085005446,0.014638935314889882,0.071372726,0.103384082,5,0.925,0.8,0.139839574
29,25,T6,0.07969805999999999,0.0038388757589299495,-0.060237532,0.093319972,5,0.925,0.8,0.139839574
29,14,C4,0.078195466,0.01777747064622186,-0.068181508,0.090087524,5,0.925,0.8,0.139839574
29,5,F7,0.078192398,0.014631970768704405,0.065271886,0.091087252,5,0.925,0.8,0.139839574
29,19,TP7,0.077124172,0.01665797428065069,-0.022463614,0.087038022,5,0.925,0.8,0.139839574
29,12,Cz,0.076130392,0.0009264596426018754,0.07379323600000001,0.090345034,5,0.925,0.8,0.139839574
29,26,Oz,0.07533494199999999,0.005444425593914385,0.03071625,0.080045396,5,0.925,0.8,0.139839574
29,6,F8,0.071083124,0.014842967214542382,-0.023439578,0.072891554,5,0.925,0.8,0.139839574
29,9,FC4,0.06557192199999999,0.01508580741010802,-0.06557192199999999,0.080443884,5,0.925,0.8,0.139839574
29,8,FC3,0.034494694,0.008608357596094044,0.000569778,0.044153342,5,0.925,0.8,0.139839574
3,21,Pz,0.13515939999999999,0.028324690493966572,0.008084222,0.145495644,5,0.75,0.2,0.517910928
3,17,CP3,0.134528866,0.009235191119415445,0.05000935199999999,0.15172137400000002,5,0.75,0.2,0.517910928
3,5,F7,0.131415596,0.05073339807209822,0.131063284,0.154030646,5,0.75,0.2,0.517910928
3,28,O2,0.12040117800000001,0.035655243784917114,-0.010424698,0.12309155199999999,5,0.75,0.2,0.517910928
3,18,CP4,0.11481047600000001,0.03150164827691133,0.046187634,0.13455344600000002,5,0.75,0.2,0.517910928
3,16,T4,0.11375298200000002,0.03428293282571038,0.024780428,0.12727222600000002,5,0.75,0.2,0.517910928
3,4,F4,0.112666194,0.01215807057783347,0.02572625,0.12522992,5,0.75,0.2,0.517910928
3,0,Fp1,0.10857198800000001,0.007055356401073584,-0.105640906,0.12658248,5,0.75,0.2,0.517910928
3,2,Fz,0.106677804,0.028371345431548182,-0.10467163399999999,0.11982305600000001,5,0.75,0.2,0.517910928
3,15,T3,0.106586764,0.033036164847536104,0.106586764,0.12119866800000001,5,0.75,0.2,0.517910928
3,13,C3,0.104722332,0.009943134567354505,0.029053138,0.11887344200000001,5,0.75,0.2,0.517910928
3,3,F3,0.10401357600000001,0.019104483690383523,0.012055241999999999,0.113025848,5,0.75,0.2,0.517910928
3,14,C4,0.101849546,0.03774805390128318,-0.01925207,0.11625258999999999,5,0.75,0.2,0.517910928
3,1,Fp2,0.091122912,0.014805138118106836,0.018721592000000002,0.10490399400000001,5,0.75,0.2,0.517910928
3,7,FCz,0.08968807599999999,0.014889217724530727,0.05303162,0.101681412,5,0.75,0.2,0.517910928
3,24,T5,0.089552008,0.034458042919081604,0.051377828,0.10126550599999999,5,0.75,0.2,0.517910928
3,22,P3,0.08749705199999999,0.023170921913227147,0.0516844,0.097974174,5,0.75,0.2,0.517910928
3,10,FT7,0.086136314,0.03315939374888857,-0.022505386,0.103107952,5,0.75,0.2,0.517910928
3,12,Cz,0.08488129,0.012204817146370934,0.07221709200000001,0.099821044,5,0.75,0.2,0.517910928
3,27,O1,0.08250776600000001,0.03172076654437641,0.023295306,0.096924544,5,0.75,0.2,0.517910928
3,19,TP7,0.081642692,0.03135046219498957,-0.052523034,0.09499806200000001,5,0.75,0.2,0.517910928
3,6,F8,0.081550312,0.0025445949196227697,-0.06410053200000002,0.08650424999999999,5,0.75,0.2,0.517910928
3,23,P4,0.07955852799999999,0.036962177967808124,-0.026031974000000003,0.08555206400000001,5,0.75,0.2,0.517910928
3,20,TP8,0.07506062200000001,0.013040128380810524,-0.030831926,0.088440898,5,0.75,0.2,0.517910928
3,26,Oz,0.070419908,0.03457924296387748,0.043957016,0.07965212800000002,5,0.75,0.2,0.517910928
3,11,FT8,0.06919421,0.010944439774275795,0.0015408399999999988,0.091025774,5,0.75,0.2,0.517910928
3,25,T6,0.06352628,0.021945624891239704,-0.044768513999999995,0.07344128800000001,5,0.75,0.2,0.517910928
3,8,FC3,0.055576044000000005,0.01706410253377335,-0.006397234,0.06053282200000001,5,0.75,0.2,0.517910928
3,9,FC4,0.043086332,0.015147879302449237,-0.03052257,0.052903764,5,0.75,0.2,0.517910928
30,19,TP7,0.13507903599999999,0.04399916501860155,-0.060761158,0.151995924,5,0.625,0.2,0.790552816
30,28,O2,0.130544738,0.0445380497291223,-0.020717406,0.150713512,5,0.625,0.2,0.790552816
30,2,Fz,0.12680445599999998,0.031749476222941546,-0.109552018,0.139185128,5,0.625,0.2,0.790552816
30,18,CP4,0.12485381799999999,0.03820544136582341,0.055081979999999996,0.15138790200000002,5,0.625,0.2,0.790552816
30,23,P4,0.123089628,0.028024941010378064,-0.072289386,0.135738584,5,0.625,0.2,0.790552816
30,7,FCz,0.12042764799999998,0.01517313150195667,0.074173952,0.128852024,5,0.625,0.2,0.790552816
30,3,F3,0.11276006400000001,0.03454129594403385,0.046103255999999995,0.12786250999999998,5,0.625,0.2,0.790552816
30,16,T4,0.11191472,0.009727478964210098,0.022825934,0.121854164,5,0.625,0.2,0.790552816
30,24,T5,0.11053963200000001,0.025417046461663675,0.066702478,0.12050054800000001,5,0.625,0.2,0.790552816
30,0,Fp1,0.110229304,0.01040024918787671,-0.10738819799999999,0.122974384,5,0.625,0.2,0.790552816
30,15,T3,0.103114164,0.016520586149043857,0.102953184,0.11052478400000001,5,0.625,0.2,0.790552816
30,5,F7,0.099973106,0.022589559709739367,0.059623914,0.11513106,5,0.625,0.2,0.790552816
30,10,FT7,0.09629273199999999,0.025427239645548827,-0.0024906020000000015,0.110861658,5,0.625,0.2,0.790552816
30,8,FC3,0.087274416,0.037968044362917605,0.0027569099999999987,0.10012481399999999,5,0.625,0.2,0.790552816
30,22,P3,0.086336384,0.025893716869564706,0.01306292,0.097102696,5,0.625,0.2,0.790552816
30,25,T6,0.08514917799999999,0.03069499524493806,0.050165424,0.09657584999999999,5,0.625,0.2,0.790552816
30,17,CP3,0.08113485000000001,0.05607238205711124,0.014524502,0.09464994,5,0.625,0.2,0.790552816
30,21,Pz,0.080718002,0.042344398838888596,0.046885510000000005,0.095487486,5,0.625,0.2,0.790552816
30,4,F4,0.080064724,0.0359099667344037,0.040303878,0.092241824,5,0.625,0.2,0.790552816
30,27,O1,0.07630477199999999,0.04466880990827236,0.018508049999999998,0.086051464,5,0.625,0.2,0.790552816
30,14,C4,0.07592412,0.015472729971032906,-0.024188904,0.08874868999999999,5,0.625,0.2,0.790552816
30,11,FT8,0.07169006,0.01477995601324476,0.025309199999999997,0.090095622,5,0.625,0.2,0.790552816
30,20,TP8,0.069966268,0.015874385714659007,-0.057492314,0.08338764600000001,5,0.625,0.2,0.790552816
30,12,Cz,0.06901778,0.013415432871135764,0.031826002,0.0814604,5,0.625,0.2,0.790552816
30,6,F8,0.068095298,0.018641950856643736,0.034455148000000005,0.07468870999999999,5,0.625,0.2,0.790552816
30,9,FC4,0.061725445999999996,0.015901596473399452,-0.030722201999999997,0.074078912,5,0.625,0.2,0.790552816
30,13,C3,0.06113993799999999,0.03190038528563284,0.023899135999999998,0.071588828,5,0.625,0.2,0.790552816
30,26,Oz,0.059933366,0.02280575559774506,0.027796339999999996,0.066579894,5,0.625,0.2,0.790552816
30,1,Fp2,0.05351224,0.020609883880525624,0.026045066,0.063361106,5,0.625,0.2,0.790552816
31,21,Pz,0.15057744,0.008992973198678509,0.004764198,0.15122979,5,0.9,0.6,0.12011139600000001
31,28,O2,0.14577125600000002,0.0054835417630469474,-0.014947285999999999,0.148255288,5,0.9,0.6,0.12011139600000001
31,27,O1,0.12109603799999999,0.0030524753291500963,0.042049939999999994,0.134033636,5,0.9,0.6,0.12011139600000001
31,16,T4,0.11800867799999999,0.00923707921455261,0.017678608000000002,0.131852488,5,0.9,0.6,0.12011139600000001
31,17,CP3,0.116071288,0.013232611019827874,0.024036366,0.134520938,5,0.9,0.6,0.12011139600000001
31,0,Fp1,0.11533823800000001,0.01289809805827665,-0.103493024,0.12875627,5,0.9,0.6,0.12011139600000001
31,15,T3,0.115240698,0.024086085417977743,0.115240698,0.12200113400000001,5,0.9,0.6,0.12011139600000001
31,18,CP4,0.113655174,0.0033812573985619594,0.03180949600000001,0.129783682,5,0.9,0.6,0.12011139600000001
31,13,C3,0.111028358,0.007153752323418809,0.073198968,0.11502963,5,0.9,0.6,0.12011139600000001
31,2,Fz,0.10475492,0.0018132953714439333,-0.095524444,0.118036934,5,0.9,0.6,0.12011139600000001
31,22,P3,0.10442648399999999,0.006728979105862197,0.09825942,0.11489981599999999,5,0.9,0.6,0.12011139600000001
31,24,T5,0.098359534,0.011691567017839393,0.069093258,0.10988587000000001,5,0.9,0.6,0.12011139600000001
31,23,P4,0.09825664,0.01254357880263045,-0.08987971,0.10980947599999999,5,0.9,0.6,0.12011139600000001
31,7,FCz,0.09808064000000001,0.0024920995354921157,0.087962346,0.111989712,5,0.9,0.6,0.12011139600000001
31,4,F4,0.093870816,0.008887356177240227,0.018515986,0.101758986,5,0.9,0.6,0.12011139600000001
31,26,Oz,0.09268751,0.02837539817705384,0.063671008,0.09800853,5,0.9,0.6,0.12011139600000001
31,3,F3,0.09051624,0.011252385970359803,0.023324948,0.099080842,5,0.9,0.6,0.12011139600000001
31,5,F7,0.088350788,0.010994044913550698,0.086852586,0.10374093399999999,5,0.9,0.6,0.12011139600000001
31,20,TP8,0.086981378,0.006289326996409868,-0.05644266,0.10457979399999999,5,0.9,0.6,0.12011139600000001
31,10,FT7,0.08434119799999999,0.014381063097011294,-0.052441236,0.09619773400000001,5,0.9,0.6,0.12011139600000001
31,14,C4,0.08120722,0.014226333605029791,-0.067431568,0.090017194,5,0.9,0.6,0.12011139600000001
31,25,T6,0.08090679599999999,0.0038097061532065663,-0.062705776,0.090850652,5,0.9,0.6,0.12011139600000001
31,19,TP7,0.08004246400000001,0.007167204866001108,-0.022895778,0.09350213599999999,5,0.9,0.6,0.12011139600000001
31,12,Cz,0.079221508,0.0018891087465971893,0.064247058,0.092153732,5,0.9,0.6,0.12011139600000001
31,6,F8,0.07866261999999999,0.002981826486123898,-0.027466093999999996,0.082297578,5,0.9,0.6,0.12011139600000001
31,1,Fp2,0.07682734199999999,0.0021325338684227277,0.061289830000000003,0.093685142,5,0.9,0.6,0.12011139600000001
31,11,FT8,0.074997546,0.006841191310380818,-0.010541291999999999,0.09364642199999999,5,0.9,0.6,0.12011139600000001
31,9,FC4,0.068532408,0.01982278109541948,-0.068532408,0.0830072,5,0.9,0.6,0.12011139600000001
31,8,FC3,0.041740326,0.023102276089044346,0.012186830000000001,0.049473682000000005,5,0.9,0.6,0.12011139600000001
32,21,Pz,0.16535767,0.02031312471153564,-0.016243623999999998,0.178083148,5,0.8,0.2,0.491787478
32,28,O2,0.146935908,0.017623712496263946,0.019997328,0.157163694,5,0.8,0.2,0.491787478
32,18,CP4,0.122900426,0.014925064203243152,0.05791927400000001,0.13632424599999998,5,0.8,0.2,0.491787478
32,14,C4,0.11325318,0.03482920597671874,-0.08517826399999999,0.124170968,5,0.8,0.2,0.491787478
32,27,O1,0.11291709999999999,0.02393319515063649,0.041039714,0.126497562,5,0.8,0.2,0.491787478
32,15,T3,0.11103002399999999,0.02769792658906674,0.09729908000000001,0.11949061999999999,5,0.8,0.2,0.491787478
32,17,CP3,0.10691633199999999,0.02078956462375944,-0.023560026,0.134519174,5,0.8,0.2,0.491787478
32,16,T4,0.10555305,0.01724287990915236,0.022021258,0.12441361,5,0.8,0.2,0.491787478
32,2,Fz,0.103882904,0.007967594703797378,-0.09555912600000001,0.116616494,5,0.8,0.2,0.491787478
32,13,C3,0.099749432,0.022889717852078693,0.031430322,0.108494336,5,0.8,0.2,0.491787478
32,0,Fp1,0.097116782,0.020751613294589168,-0.071643326,0.112630924,5,0.8,0.2,0.491787478
32,12,Cz,0.09501708,0.016936525012237604,0.08848618,0.10954754,5,0.8,0.2,0.491787478
32,24,T5,0.09360945600000001,0.01761714415796386,0.052635436,0.115175362,5,0.8,0.2,0.491787478
32,1,Fp2,0.09315902200000001,0.014512122572996342,0.05515756000000001,0.107629614,5,0.8,0.2,0.491787478
32,23,P4,0.089902326,0.018185919791890652,-0.057962990000000006,0.107478404,5,0.8,0.2,0.491787478
32,26,Oz,0.0888779,0.032433815677271924,0.023200594,0.09953063,5,0.8,0.2,0.491787478
32,6,F8,0.087753808,0.014793915042263827,-0.056825877999999996,0.09625726,5,0.8,0.2,0.491787478
32,19,TP7,0.087272218,0.021874472138374443,-0.020722246,0.10290961000000001,5,0.8,0.2,0.491787478
32,20,TP8,0.085289694,0.010737106458011863,-0.073467272,0.10570234599999999,5,0.8,0.2,0.491787478
32,22,P3,0.083227882,0.026390848752834185,0.039762547999999995,0.092958514,5,0.8,0.2,0.491787478
32,7,FCz,0.082672026,0.018455379845723305,0.079975794,0.096600002,5,0.8,0.2,0.491787478
32,4,F4,0.082086294,0.02809679450967103,-0.026231822,0.101143794,5,0.8,0.2,0.491787478
32,9,FC4,0.077341142,0.034980073941403705,-0.007508669999999998,0.088530816,5,0.8,0.2,0.491787478
32,25,T6,0.076109758,0.018126718694158907,-0.053785834,0.088405536,5,0.8,0.2,0.491787478
32,11,FT8,0.07579195000000001,0.008169267400761836,0.026476284,0.0911158,5,0.8,0.2,0.491787478
32,3,F3,0.075102318,0.020239611659933595,0.049154476,0.08257561399999999,5,0.8,0.2,0.491787478
32,5,F7,0.068114352,0.019494981539144116,0.057026822,0.078529026,5,0.8,0.2,0.491787478
32,10,FT7,0.065390054,0.027983661482230658,-0.033706906,0.07979812,5,0.8,0.2,0.491787478
32,8,FC3,0.05700763799999999,0.025237772941499214,0.027485966,0.067614712,5,0.8,0.2,0.491787478
33,21,Pz,0.153676422,0.0011525805193000596,0.006670268,0.153857168,5,1.0,1.0,0.007286028
33,28,O2,0.144083668,0.0002725970444997481,-0.02377138,0.14683490400000002,5,1.0,1.0,0.007286028
33,15,T3,0.12666053,0.0003694298060525129,0.12666053,0.131992742,5,1.0,1.0,0.007286028
33,27,O1,0.122346124,0.00039848489335230484,0.056113968,0.132906304,5,1.0,1.0,0.007286028
33,16,T4,0.12211213800000001,0.0002570515933037572,0.013714014,0.13464949,5,1.0,1.0,0.007286028
33,17,CP3,0.12146873600000001,0.00036705982459267174,0.032607318,0.139752686,5,1.0,1.0,0.007286028
33,13,C3,0.114703582,0.0006448170140977952,0.072322498,0.11693097400000001,5,1.0,1.0,0.007286028
33,18,CP4,0.110804002,0.00012533618180717116,0.034814371999999996,0.127150982,5,1.0,1.0,0.007286028
33,0,Fp1,0.109687592,0.00016663489166438158,-0.095397694,0.12230093,5,1.0,1.0,0.007286028
33,22,P3,0.10771909399999999,0.000301530881801513,0.10771909399999999,0.11691963400000001,5,1.0,1.0,0.007286028
33,23,P4,0.10543676799999999,0.000569220282157975,-0.093152342,0.11728523399999999,5,1.0,1.0,0.007286028
33,24,T5,0.104809754,0.00020169479239682568,0.073010236,0.11425200399999999,5,1.0,1.0,0.007286028
33,2,Fz,0.103744802,0.0004817024425098994,-0.098074308,0.117167014,5,1.0,1.0,0.007286028
33,7,FCz,0.098962628,0.00029244008851386815,0.098962628,0.11443050000000002,5,1.0,1.0,0.007286028
33,4,F4,0.097564124,0.00036567041858755705,0.012412508,0.107918186,5,1.0,1.0,0.007286028
33,10,FT7,0.09051182599999999,0.0002802939917836306,-0.057983525999999994,0.10412712799999999,5,1.0,1.0,0.007286028
33,20,TP8,0.08926475,0.00022120387937375857,-0.059127830000000006,0.10828555,5,1.0,1.0,0.007286028
33,3,F3,0.08733003,0.0008883511773786327,0.027316152,0.094213246,5,1.0,1.0,0.007286028
33,14,C4,0.085934776,0.00023324526078786627,-0.075295878,0.09631424,5,1.0,1.0,0.007286028
33,19,TP7,0.084405432,0.0002614559192674787,-0.018815991999999997,0.094261134,5,1.0,1.0,0.007286028
33,5,F7,0.083945468,0.000437246951298689,0.081757898,0.097707984,5,1.0,1.0,0.007286028
33,25,T6,0.080829848,0.00021067898404918936,-0.062548672,0.092171352,5,1.0,1.0,0.007286028
33,11,FT8,0.08046353,0.0008511292908835884,-0.003570454,0.097484424,5,1.0,1.0,0.007286028
33,1,Fp2,0.077710044,0.00028178185344340833,0.061389998,0.09532136799999999,5,1.0,1.0,0.007286028
33,6,F8,0.07760594600000001,0.00030999064974608544,-0.028991087999999998,0.0786029,5,1.0,1.0,0.007286028
33,12,Cz,0.07727248,0.0003689858834020632,0.075488708,0.092529558,5,1.0,1.0,0.007286028
33,26,Oz,0.07694868,0.0005356439164687664,0.041820934,0.07939813600000001,5,1.0,1.0,0.007286028
33,9,FC4,0.058241362000000005,0.0002232883689760881,-0.058241362000000005,0.076725266,5,1.0,1.0,0.007286028
33,8,FC3,0.03108117,0.00026937630890633274,0.005999728,0.037723538,5,1.0,1.0,0.007286028
34,28,O2,0.197297006,0.03982922333749529,0.114120588,0.21736743399999997,5,0.675,0.0,0.8616279219999999
34,17,CP3,0.12416268800000001,0.051435147904442445,0.009507619999999998,0.138390994,5,0.675,0.0,0.8616279219999999
34,2,Fz,0.11479401600000001,0.040110772112336976,-0.085900794,0.12742504,5,0.675,0.0,0.8616279219999999
34,24,T5,0.107084994,0.062153089111292616,0.016619992,0.119131338,5,0.675,0.0,0.8616279219999999
34,12,Cz,0.10692394000000001,0.018203201257343447,0.013779471999999997,0.124504146,5,0.675,0.0,0.8616279219999999
34,7,FCz,0.105196552,0.08036989548658702,0.064889314,0.11259247400000001,5,0.675,0.0,0.8616279219999999
34,27,O1,0.10334999,0.03440782994485048,0.037550226,0.126678194,5,0.675,0.0,0.8616279219999999
34,23,P4,0.09830850999999999,0.021600435974795742,-0.083312552,0.10891179,5,0.675,0.0,0.8616279219999999
34,3,F3,0.098192698,0.03782554804093683,0.047802755999999995,0.113060322,5,0.675,0.0,0.8616279219999999
34,4,F4,0.097891508,0.04698076694225064,-0.062020684000000006,0.1134662,5,0.675,0.0,0.8616279219999999
34,0,Fp1,0.09708352,0.01878728866402095,-0.067005336,0.121081306,5,0.675,0.0,0.8616279219999999
34,11,FT8,0.091460896,0.02233689985723242,0.025392335999999998,0.100171792,5,0.675,0.0,0.8616279219999999
34,15,T3,0.088932178,0.028718096012017753,0.060774366,0.10216264,5,0.675,0.0,0.8616279219999999
34,20,TP8,0.086208692,0.027734834901049436,-0.060635883999999994,0.106249226,5,0.675,0.0,0.8616279219999999
34,10,FT7,0.08619619399999999,0.03372729558591498,-0.025108744,0.102019514,5,0.675,0.0,0.8616279219999999
34,16,T4,0.08543678800000001,0.04186872834179909,0.033985023999999996,0.099433786,5,0.675,0.0,0.8616279219999999
34,19,TP7,0.079702414,0.03204301145722231,-0.004272272,0.092642402,5,0.675,0.0,0.8616279219999999
34,6,F8,0.079506698,0.01292923309102748,-0.024296296000000002,0.091105036,5,0.675,0.0,0.8616279219999999
34,21,Pz,0.07839663399999999,0.04336637291836879,0.036614044,0.090203684,5,0.675,0.0,0.8616279219999999
34,18,CP4,0.076083108,0.029602856066420685,-0.01324772,0.091836474,5,0.675,0.0,0.8616279219999999
34,13,C3,0.07484526799999999,0.03430015236849933,-0.020218034,0.080974092,5,0.675,0.0,0.8616279219999999
34,1,Fp2,0.07404137999999999,0.03693089289456931,0.012153284,0.085820094,5,0.675,0.0,0.8616279219999999
34,5,F7,0.073476526,0.012649775833244238,0.045842306,0.087319904,5,0.675,0.0,0.8616279219999999
34,25,T6,0.072992872,0.045986856045733,-0.01747558,0.083585684,5,0.675,0.0,0.8616279219999999
34,14,C4,0.072254654,0.01840229393603227,0.0003549240000000023,0.084189746,5,0.675,0.0,0.8616279219999999
34,26,Oz,0.069911364,0.013406112635278728,0.037071948,0.081677568,5,0.675,0.0,0.8616279219999999
34,8,FC3,0.063221848,0.028859887592696375,-0.0013505879999999985,0.07345061,5,0.675,0.0,0.8616279219999999
34,9,FC4,0.062576094,0.023569749473741335,0.022159156000000003,0.077840058,5,0.675,0.0,0.8616279219999999
34,22,P3,0.059520166000000006,0.02152976952278473,0.015816808,0.07275779,5,0.675,0.0,0.8616279219999999
35,18,CP4,0.133856696,0.03509500611308011,0.04531444,0.151591054,5,0.65,0.0,0.5401543639999999
35,26,Oz,0.12899078,0.013340938901355485,0.06735447800000001,0.13770005800000001,5,0.65,0.0,0.5401543639999999
35,22,P3,0.12633338,0.008647686123515935,0.11382750999999999,0.15175160999999998,5,0.65,0.0,0.5401543639999999
35,19,TP7,0.12458423999999998,0.02843235772200839,-0.031379222,0.13734736,5,0.65,0.0,0.5401543639999999
35,15,T3,0.12339849,0.012585715226084692,0.11792578000000001,0.13444629800000002,5,0.65,0.0,0.5401543639999999
35,4,F4,0.123035444,0.013213718604307796,0.039439788,0.132247048,5,0.65,0.0,0.5401543639999999
35,16,T4,0.12142911,0.02637973587006984,0.025397868,0.134074768,5,0.65,0.0,0.5401543639999999
35,2,Fz,0.11958677799999999,0.02098464943387833,-0.100332208,0.132146078,5,0.65,0.0,0.5401543639999999
35,21,Pz,0.11282636400000001,0.016424573085813517,-0.047574828,0.12971138399999999,5,0.65,0.0,0.5401543639999999
35,27,O1,0.10745419,0.015337112024602292,0.060597298,0.12491653600000001,5,0.65,0.0,0.5401543639999999
35,11,FT8,0.106477644,0.016870422303397734,0.023786472,0.118397858,5,0.65,0.0,0.5401543639999999
35,17,CP3,0.105115976,0.019329022054134816,0.0077880760000000005,0.11950547999999998,5,0.65,0.0,0.5401543639999999
35,7,FCz,0.098887302,0.019696277618206692,0.089763804,0.10859817199999999,5,0.65,0.0,0.5401543639999999
35,28,O2,0.095978128,0.01690235154902181,-0.014366198,0.10854354399999999,5,0.65,0.0,0.5401543639999999
35,14,C4,0.094255338,0.006723748340402845,-0.085397486,0.10323426200000001,5,0.65,0.0,0.5401543639999999
35,24,T5,0.093843354,0.029674231177550837,0.049504311999999995,0.107564608,5,0.65,0.0,0.5401543639999999
35,6,F8,0.092508326,0.011421908212782574,-0.0011726560000000004,0.112158328,5,0.65,0.0,0.5401543639999999
35,3,F3,0.08557646399999999,0.027531765605828474,-0.0038639760000000003,0.10596068,5,0.65,0.0,0.5401543639999999
35,0,Fp1,0.08469771,0.02920192003379743,-0.05556760200000001,0.10904159399999999,5,0.65,0.0,0.5401543639999999
35,13,C3,0.08227118,0.021978419789288765,0.04614356,0.08959154999999999,5,0.65,0.0,0.5401543639999999
35,1,Fp2,0.078061322,0.016710155800382893,0.035098872,0.088959936,5,0.65,0.0,0.5401543639999999
35,10,FT7,0.075461062,0.020781715871174354,-0.038326908,0.08149437600000001,5,0.65,0.0,0.5401543639999999
35,25,T6,0.072271784,0.020226785043852863,-0.03379167,0.083996022,5,0.65,0.0,0.5401543639999999
35,12,Cz,0.072118742,0.00942380277502506,0.040630384000000005,0.082951838,5,0.65,0.0,0.5401543639999999
35,23,P4,0.06429209,0.017493872317746004,-0.033527775999999995,0.07164029400000001,5,0.65,0.0,0.5401543639999999
35,5,F7,0.063382254,0.026610458589616227,0.06019075199999999,0.082070292,5,0.65,0.0,0.5401543639999999
35,20,TP8,0.063113054,0.010051468415904713,-0.035776336,0.07275861,5,0.65,0.0,0.5401543639999999
35,9,FC4,0.062510182,0.022090096975187094,-0.047205014000000003,0.072401206,5,0.65,0.0,0.5401543639999999
35,8,FC3,0.054136013999999996,0.01626607118915413,0.004263996,0.065126218,5,0.65,0.0,0.5401543639999999
36,21,Pz,0.15332800200000002,0.0003213088804717314,0.006784278,0.153513372,5,1.0,1.0,0.00928795
36,28,O2,0.14368384,0.0005513437105835274,-0.023122134,0.146386614,5,1.0,1.0,0.00928795
36,15,T3,0.12678826,7.909187474071937e-05,0.12678826,0.132076484,5,1.0,1.0,0.00928795
36,27,O1,0.12245218399999999,0.0006693644375674621,0.056233934,0.13262468,5,1.0,1.0,0.00928795
36,16,T4,0.12226719800000001,0.0004008192530555367,0.013943516,0.13465923600000002,5,1.0,1.0,0.00928795
36,17,CP3,0.12105775,0.000243895587598467,0.032648186,0.139389428,5,1.0,1.0,0.00928795
36,13,C3,0.11596432999999999,0.0008833242647238857,0.07280083400000001,0.118107498,5,1.0,1.0,0.00928795
36,18,CP4,0.11025257,0.0006154986506890203,0.034023864,0.126903466,5,1.0,1.0,0.00928795
36,0,Fp1,0.110231512,0.0006238795082946761,-0.09583966,0.12288700999999999,5,1.0,1.0,0.00928795
36,22,P3,0.10819736199999999,0.00018494696447901053,0.10819736199999999,0.117303142,5,1.0,1.0,0.00928795
36,24,T5,0.104892332,0.00017312889308258105,0.07370760800000001,0.114648098,5,1.0,1.0,0.00928795
36,23,P4,0.10443613599999998,0.0007911992771925423,-0.092948322,0.11658407600000001,5,1.0,1.0,0.00928795
36,2,Fz,0.103423164,0.0006196953394854625,-0.098334298,0.11710499199999999,5,1.0,1.0,0.00928795
36,7,FCz,0.098657738,0.0002822470330579213,0.098657738,0.11422692599999999,5,1.0,1.0,0.00928795
36,4,F4,0.09767488399999999,0.00016097842038608842,0.012051096,0.108218204,5,1.0,1.0,0.00928795
36,10,FT7,0.090505012,0.0003271719536726812,-0.05890751600000001,0.10432886400000001,5,1.0,1.0,0.00928795
36,20,TP8,0.088326936,0.0011732858742352643,-0.059420273999999995,0.10768319200000001,5,1.0,1.0,0.00928795
36,3,F3,0.08816797400000001,0.0002699005460905941,0.027515002,0.094947156,5,1.0,1.0,0.00928795
36,14,C4,0.085767182,0.00038255379395583396,-0.07492541999999999,0.09613226799999999,5,1.0,1.0,0.00928795
36,19,TP7,0.084273172,0.0003243744960997999,-0.018634986,0.093942038,5,1.0,1.0,0.00928795
36,5,F7,0.08414921,0.0003470747093206334,0.081731998,0.09786288000000001,5,1.0,1.0,0.00928795
36,25,T6,0.081147542,3.5598781861189155e-05,-0.06179485999999999,0.09235248,5,1.0,1.0,0.00928795
36,11,FT8,0.080179086,0.0002888953069539185,-0.0036201739999999994,0.097298642,5,1.0,1.0,0.00928795
36,26,Oz,0.078072208,0.0005440916591623109,0.042593468,0.080375374,5,1.0,1.0,0.00928795
36,1,Fp2,0.077351672,0.0007784873388308873,0.061332637999999995,0.09507415599999999,5,1.0,1.0,0.00928795
36,6,F8,0.077280722,0.00034325221633661035,-0.029572216000000002,0.078204442,5,1.0,1.0,0.00928795
36,12,Cz,0.077132202,0.00010431685132326424,0.075202242,0.09233492800000001,5,1.0,1.0,0.00928795
36,9,FC4,0.057931845999999995,0.0006807170137656317,-0.057931845999999995,0.076406626,5,1.0,1.0,0.00928795
36,8,FC3,0.030983984,9.037360234050214e-06,0.00562169,0.037629772,5,1.0,1.0,0.00928795
37,28,O2,0.164329202,0.037898820777980284,0.019545716,0.170005116,5,0.725,0.2,0.378483754
37,15,T3,0.13218538600000002,0.03477728993832512,0.123219938,0.138659672,5,0.725,0.2,0.378483754
37,21,Pz,0.12964592599999997,0.04176343861633677,0.007626156,0.132124568,5,0.725,0.2,0.378483754
37,7,FCz,0.127448226,0.03596174261105307,0.119359634,0.14585677000000002,5,0.725,0.2,0.378483754
37,0,Fp1,0.118253294,0.013117341276912019,-0.097800602,0.135387646,5,0.725,0.2,0.378483754
37,18,CP4,0.11625929400000001,0.016252248653785727,0.06483652200000001,0.130496944,5,0.725,0.2,0.378483754
37,16,T4,0.11518272999999998,0.008803790586960254,0.037321736,0.125455644,5,0.725,0.2,0.378483754
37,13,C3,0.115119194,0.006925656458855004,0.08715376999999999,0.125505862,5,0.725,0.2,0.378483754
37,2,Fz,0.114236008,0.013412512792563145,-0.10807537,0.128283252,5,0.725,0.2,0.378483754
37,27,O1,0.10917006,0.02490728433094122,0.046045504,0.11864618199999999,5,0.725,0.2,0.378483754
37,24,T5,0.10834700800000001,0.009794246008548592,0.05292165,0.121465038,5,0.725,0.2,0.378483754
37,22,P3,0.10812823199999999,0.023037633177812992,0.101896878,0.118284232,5,0.725,0.2,0.378483754
37,17,CP3,0.10173636999999999,0.03229259347458562,0.020793606,0.11769595799999999,5,0.725,0.2,0.378483754
37,4,F4,0.100914906,0.018207713570144658,-0.006752292,0.12273731400000001,5,0.725,0.2,0.378483754
37,19,TP7,0.09528023999999999,0.04302007658677864,0.015208359999999999,0.10889504400000001,5,0.725,0.2,0.378483754
37,20,TP8,0.09259413400000001,0.02457430240833562,-0.048612260000000004,0.109120368,5,0.725,0.2,0.378483754
37,6,F8,0.088955902,0.008800885950969378,-0.06548833600000001,0.094680698,5,0.725,0.2,0.378483754
37,23,P4,0.086464658,0.012572579929183989,-0.04950232,0.094699876,5,0.725,0.2,0.378483754
37,11,FT8,0.080467696,0.013087178109987267,0.013775498,0.09648928,5,0.725,0.2,0.378483754
37,26,Oz,0.078975086,0.016410060371669265,0.03740607,0.084305514,5,0.725,0.2,0.378483754
37,5,F7,0.07380030400000001,0.010207571784363316,0.058811278,0.083312648,5,0.725,0.2,0.378483754
37,3,F3,0.073543168,0.029194660518206402,0.01778199,0.08299509000000001,5,0.725,0.2,0.378483754
37,14,C4,0.072206156,0.01439876362481445,-0.051311763999999996,0.077852466,5,0.725,0.2,0.378483754
37,10,FT7,0.07199338200000001,0.01585554296968634,-0.033139486,0.087880816,5,0.725,0.2,0.378483754
37,12,Cz,0.071703512,0.017894522427535475,0.024728129999999997,0.086276398,5,0.725,0.2,0.378483754
37,1,Fp2,0.06940186200000001,0.01776159709355186,0.032979714,0.086785856,5,0.725,0.2,0.378483754
37,25,T6,0.066256164,0.013808380191692655,-0.022351120000000002,0.074986648,5,0.725,0.2,0.378483754
37,9,FC4,0.05602596,0.019306878585588348,-0.05332285800000001,0.071108302,5,0.725,0.2,0.378483754
37,8,FC3,0.031947362,0.007821488672865928,-0.009864468,0.035322424,5,0.725,0.2,0.378483754
38,21,Pz,0.149454156,0.02443383795761996,0.008720106,0.157887082,5,0.775,0.2,0.340133324
38,28,O2,0.136674412,0.017382402307752808,-0.055589624000000004,0.14741010599999999,5,0.775,0.2,0.340133324
38,16,T4,0.126601106,0.007072467232888391,0.06348318,0.146085624,5,0.775,0.2,0.340133324
38,0,Fp1,0.12388144599999999,0.011817265888788744,-0.089668552,0.13839924200000003,5,0.775,0.2,0.340133324
38,2,Fz,0.12194355400000001,0.019995710801562667,-0.120516398,0.13845614,5,0.775,0.2,0.340133324
38,17,CP3,0.117126372,0.015231049900225859,0.00633624,0.133056992,5,0.775,0.2,0.340133324
38,15,T3,0.11612599000000001,0.023209105856725715,0.10452830399999999,0.12653757999999998,5,0.775,0.2,0.340133324
38,22,P3,0.11330427400000001,0.016299226930081064,0.11330427400000001,0.12984516799999998,5,0.775,0.2,0.340133324
38,27,O1,0.10391778199999999,0.024462809392443455,0.03255368,0.111488018,5,0.775,0.2,0.340133324
38,23,P4,0.101529428,0.004456596239353529,-0.097677532,0.115563262,5,0.775,0.2,0.340133324
38,18,CP4,0.10151524599999999,0.025160633760766642,0.044688102,0.11485271,5,0.775,0.2,0.340133324
38,24,T5,0.099614376,0.023388035532738313,0.07909056,0.11470552,5,0.775,0.2,0.340133324
38,13,C3,0.098225076,0.016996162667785628,0.040747948,0.103354064,5,0.775,0.2,0.340133324
38,11,FT8,0.095055004,0.02505853579398705,-0.012069148,0.113447284,5,0.775,0.2,0.340133324
38,4,F4,0.09177341,0.029465809807593106,0.038230432,0.09835514,5,0.775,0.2,0.340133324
38,5,F7,0.091477696,0.012549716472294505,0.09074932,0.103683404,5,0.775,0.2,0.340133324
38,20,TP8,0.0907943,0.016936940347880135,-0.055406544,0.10882862,5,0.775,0.2,0.340133324
38,7,FCz,0.08831182600000001,0.011944043087984491,0.08831182600000001,0.104623234,5,0.775,0.2,0.340133324
38,10,FT7,0.08601639800000001,0.02316077653252088,-0.06314304200000001,0.100117602,5,0.775,0.2,0.340133324
38,3,F3,0.080794898,0.015501206697930646,0.002914588,0.09816027000000001,5,0.775,0.2,0.340133324
38,26,Oz,0.08066110600000001,0.009427800557586593,0.05400581,0.087966556,5,0.775,0.2,0.340133324
38,14,C4,0.07339821999999999,0.020172023224577645,-0.049321687999999995,0.08657785999999999,5,0.775,0.2,0.340133324
38,9,FC4,0.071412636,0.0247019734973196,-0.05931327399999999,0.087676788,5,0.775,0.2,0.340133324
38,6,F8,0.066874366,0.008787267168663989,-0.012590582,0.071950302,5,0.775,0.2,0.340133324
38,25,T6,0.066519224,0.020057557847071764,-0.042484566,0.07648301199999999,5,0.775,0.2,0.340133324
38,12,Cz,0.065431374,0.022855313109201324,0.062088582,0.077649846,5,0.775,0.2,0.340133324
38,1,Fp2,0.064626038,0.012393919671192404,0.048254298,0.079851946,5,0.775,0.2,0.340133324
38,19,TP7,0.063167392,0.022212617455682034,-0.022855335999999997,0.071118398,5,0.775,0.2,0.340133324
38,8,FC3,0.05032839,0.03853242927663918,-0.015161547999999997,0.06042850799999999,5,0.775,0.2,0.340133324
39,21,Pz,0.152694944,0.0009323944992491041,0.0042021179999999995,0.153044504,5,0.9,0.6,0.10379325000000002
39,28,O2,0.13066649800000002,0.029292521318261763,-0.022849882,0.135303798,5,0.9,0.6,0.10379325000000002
39,15,T3,0.127128246,0.0010404005398787584,0.127128246,0.133675558,5,0.9,0.6,0.10379325000000002
39,17,CP3,0.125540382,0.010016363218262905,0.030916828,0.14201526800000003,5,0.9,0.6,0.10379325000000002
39,0,Fp1,0.122185042,0.02698018181798021,-0.11102060799999999,0.134079122,5,0.9,0.6,0.10379325000000002
39,27,O1,0.120579506,0.0035684031938851843,0.054494708,0.129199156,5,0.9,0.6,0.10379325000000002
39,16,T4,0.118222672,0.008504985691403014,0.021311492,0.132406676,5,0.9,0.6,0.10379325000000002
39,18,CP4,0.108498724,0.005031686998813617,0.03851466,0.125104372,5,0.9,0.6,0.10379325000000002
39,23,P4,0.10751488199999999,0.006321396972771923,-0.09503415600000001,0.11947543199999999,5,0.9,0.6,0.10379325000000002
39,13,C3,0.10578779,0.020696478575401415,0.071816246,0.11593751999999999,5,0.9,0.6,0.10379325000000002
39,2,Fz,0.10513486400000001,0.0022577031083005584,-0.09339616399999999,0.11834856199999999,5,0.9,0.6,0.10379325000000002
39,22,P3,0.104245996,0.008748052148840335,0.104245996,0.114330262,5,0.9,0.6,0.10379325000000002
39,24,T5,0.103360334,0.004237803857209529,0.067767316,0.111664956,5,0.9,0.6,0.10379325000000002
39,7,FCz,0.1032764,0.009714003244093035,0.1032764,0.11809546600000001,5,0.9,0.6,0.10379325000000002
39,4,F4,0.099471282,0.003775471088065702,0.014676291999999999,0.109989378,5,0.9,0.6,0.10379325000000002
39,20,TP8,0.09432414,0.01261675118753635,-0.057718654,0.113205756,5,0.9,0.6,0.10379325000000002
39,5,F7,0.088906038,0.010174507317724034,0.08231142,0.103130652,5,0.9,0.6,0.10379325000000002
39,10,FT7,0.086629156,0.008758448525374224,-0.056001944000000005,0.09991161200000001,5,0.9,0.6,0.10379325000000002
39,19,TP7,0.08345564400000001,0.0021736056546163085,-0.02157963,0.094644936,5,0.9,0.6,0.10379325000000002
39,3,F3,0.082871154,0.010957093655950921,0.022870348000000002,0.09073383,5,0.9,0.6,0.10379325000000002
39,26,Oz,0.08255607200000001,0.010897904755227951,0.051585554,0.087118318,5,0.9,0.6,0.10379325000000002
39,11,FT8,0.081730462,0.003678328128935746,-0.00304847,0.098365354,5,0.9,0.6,0.10379325000000002
39,12,Cz,0.08112430600000001,0.00840736999904429,0.076668256,0.09673322399999999,5,0.9,0.6,0.10379325000000002
39,14,C4,0.081028754,0.00992562053571614,-0.062500848,0.090922374,5,0.9,0.6,0.10379325000000002
39,25,T6,0.077507506,0.007813555229278154,-0.050068564,0.08685259199999999,5,0.9,0.6,0.10379325000000002
39,1,Fp2,0.075971594,0.0034096504375126196,0.049608734,0.091492936,5,0.9,0.6,0.10379325000000002
39,6,F8,0.074731144,0.006454348238515646,-0.02924827,0.075765446,5,0.9,0.6,0.10379325000000002
39,9,FC4,0.053645668,0.009494516809699689,-0.051445538,0.07110045000000001,5,0.9,0.6,0.10379325000000002
39,8,FC3,0.038783526,0.017568072155456617,-0.005592336000000001,0.045242067999999996,5,0.9,0.6,0.10379325000000002
4,28,O2,0.15850645400000002,0.030043712973316556,-0.02322517,0.161686542,5,0.825,0.2,0.351784242
4,17,CP3,0.136831018,0.023170370114125705,0.04172559,0.156119552,5,0.825,0.2,0.351784242
4,21,Pz,0.13609258,0.018700627596408368,0.01077321,0.143304494,5,0.825,0.2,0.351784242
4,2,Fz,0.12440786,0.020120743248210286,-0.095838864,0.13493595600000002,5,0.825,0.2,0.351784242
4,13,C3,0.121763212,0.014378793367390745,0.088903946,0.13421964,5,0.825,0.2,0.351784242
4,16,T4,0.11399259800000001,0.01137816445627632,0.034093492,0.12875213,5,0.825,0.2,0.351784242
4,4,F4,0.11227054,0.03155097545547443,0.02953083,0.123087898,5,0.825,0.2,0.351784242
4,27,O1,0.10958592600000001,0.013047896723274215,0.037511426,0.12383456,5,0.825,0.2,0.351784242
4,7,FCz,0.10341493800000001,0.015479010402479548,0.09983695000000001,0.11721522799999999,5,0.825,0.2,0.351784242
4,15,T3,0.10082801,0.028795947533548014,0.080182248,0.114251564,5,0.825,0.2,0.351784242
4,22,P3,0.09835390799999999,0.032125599506958154,0.09835390799999999,0.10961931999999999,5,0.825,0.2,0.351784242
4,20,TP8,0.097142544,0.011299678603833387,-0.06756796400000001,0.11664741,5,0.825,0.2,0.351784242
4,0,Fp1,0.095475328,0.020049205479002654,-0.07565963,0.10591499200000001,5,0.825,0.2,0.351784242
4,18,CP4,0.09542752400000001,0.026796301341610197,0.025413946,0.113431698,5,0.825,0.2,0.351784242
4,3,F3,0.09325135,0.016472752025853177,0.044468412,0.103813686,5,0.825,0.2,0.351784242
4,26,Oz,0.090256904,0.0317857625777679,0.073044024,0.096995816,5,0.825,0.2,0.351784242
4,23,P4,0.09016269,0.015951919049647288,-0.083807266,0.102697,5,0.825,0.2,0.351784242
4,12,Cz,0.08567288799999999,0.010399299571287003,0.08522544800000001,0.09845486,5,0.825,0.2,0.351784242
4,14,C4,0.084390386,0.004990980625691709,-0.06452642,0.09525049399999999,5,0.825,0.2,0.351784242
4,19,TP7,0.083152966,0.011115420499053556,-0.028155980000000004,0.092375964,5,0.825,0.2,0.351784242
4,25,T6,0.07877092,0.008027416337156684,-0.011217774000000002,0.094676708,5,0.825,0.2,0.351784242
4,1,Fp2,0.078694592,0.029151456473474356,0.032257966,0.09594665,5,0.825,0.2,0.351784242
4,11,FT8,0.07737477400000001,0.009307278562454762,0.011407008,0.0925701,5,0.825,0.2,0.351784242
4,24,T5,0.073725206,0.037114604564384486,0.052964186,0.081901976,5,0.825,0.2,0.351784242
4,10,FT7,0.07358378800000001,0.023140830312514075,-0.054713588,0.08846398,5,0.825,0.2,0.351784242
4,9,FC4,0.070606758,0.024699164947167142,-0.054474233999999996,0.091197284,5,0.825,0.2,0.351784242
4,5,F7,0.067960676,0.015196989305424279,0.06152930599999999,0.08445994799999999,5,0.825,0.2,0.351784242
4,6,F8,0.054048688,0.025835758161049195,-0.009952777999999999,0.05883594999999999,5,0.825,0.2,0.351784242
4,8,FC3,0.046144392,0.015388608356231242,-0.025063074,0.054290519999999995,5,0.825,0.2,0.351784242
40,21,Pz,0.146884118,0.014727403857634573,0.011882168,0.151766224,5,0.725,0.0,0.39697839999999995
40,27,O1,0.142217298,0.028026527483605065,0.054948712,0.149258604,5,0.725,0.0,0.39697839999999995
40,15,T3,0.13009394,0.012500014030082131,0.11986355,0.144567,5,0.725,0.0,0.39697839999999995
40,18,CP4,0.12876134,0.01181601189168537,0.069643824,0.148883296,5,0.725,0.0,0.39697839999999995
40,28,O2,0.12586635799999998,0.015238516554014371,-0.03541909,0.14322484200000002,5,0.725,0.0,0.39697839999999995
40,17,CP3,0.122240016,0.003381405903752161,0.00992289,0.147585754,5,0.725,0.0,0.39697839999999995
40,3,F3,0.11802315199999999,0.01730739621638304,0.040248844,0.12886797,5,0.725,0.0,0.39697839999999995
40,13,C3,0.10512957199999999,0.017353382157218517,0.062188270000000004,0.11800600399999998,5,0.725,0.0,0.39697839999999995
40,7,FCz,0.100383878,0.012214012967371535,0.100383878,0.113578102,5,0.725,0.0,0.39697839999999995
40,22,P3,0.100040834,0.016980760460843028,0.100040834,0.10645745,5,0.725,0.0,0.39697839999999995
40,16,T4,0.09815077,0.015120413289783124,0.005202246,0.113555026,5,0.725,0.0,0.39697839999999995
40,2,Fz,0.097883548,0.006509622352607716,-0.08801646,0.113316924,5,0.725,0.0,0.39697839999999995
40,6,F8,0.09450286999999999,0.013344070996485671,-0.028826422,0.104628444,5,0.725,0.0,0.39697839999999995
40,0,Fp1,0.09358036,0.02569203376073312,-0.085186574,0.104774958,5,0.725,0.0,0.39697839999999995
40,19,TP7,0.09214979,0.006911765057194151,-0.046615699999999996,0.102347814,5,0.725,0.0,0.39697839999999995
40,4,F4,0.09054603800000001,0.011071556896765691,0.018509694,0.100086156,5,0.725,0.0,0.39697839999999995
40,1,Fp2,0.08907848199999999,0.009292765974297963,0.07741587,0.118560076,5,0.725,0.0,0.39697839999999995
40,25,T6,0.08549262399999999,0.012140995491984172,-0.029186965999999998,0.108018174,5,0.725,0.0,0.39697839999999995
40,26,Oz,0.085125318,0.014507673400606661,0.046300116,0.08744061,5,0.725,0.0,0.39697839999999995
40,14,C4,0.08489850400000001,0.0026190719386893543,-0.080546394,0.098985956,5,0.725,0.0,0.39697839999999995
40,11,FT8,0.081836368,0.019506855773002468,-0.004980209999999999,0.09471453,5,0.725,0.0,0.39697839999999995
40,24,T5,0.081601646,0.01711936899008197,0.030043737999999997,0.08958553999999999,5,0.725,0.0,0.39697839999999995
40,20,TP8,0.0782551,0.019328837460679052,-0.040575084,0.091497846,5,0.725,0.0,0.39697839999999995
40,5,F7,0.073362172,0.007796505549903106,0.07081886400000001,0.08842428,5,0.725,0.0,0.39697839999999995
40,12,Cz,0.07300339,0.007679896619027499,0.062818138,0.086550212,5,0.725,0.0,0.39697839999999995
40,23,P4,0.07143981,0.020951461721578045,-0.064637498,0.08771230599999999,5,0.725,0.0,0.39697839999999995
40,10,FT7,0.071321272,0.01463031725566367,-0.051740483999999996,0.096246228,5,0.725,0.0,0.39697839999999995
40,9,FC4,0.057886008,0.014117639851638442,-0.037921962000000004,0.07192596,5,0.725,0.0,0.39697839999999995
40,8,FC3,0.029596286,0.0038128630359652313,0.0005019480000000003,0.034899626,5,0.725,0.0,0.39697839999999995
41,21,Pz,0.13880635400000002,0.031484817026310154,0.004956226000000001,0.14135035199999998,5,0.85,0.6,0.22841658599999998
41,28,O2,0.13742274599999998,0.014219293835309826,-0.0024563999999999983,0.14478049399999998,5,0.85,0.6,0.22841658599999998
41,15,T3,0.131038224,0.008365270477508789,0.131038224,0.14049251000000001,5,0.85,0.6,0.22841658599999998
41,27,O1,0.130806784,0.015282051753080471,0.074377058,0.146915104,5,0.85,0.6,0.22841658599999998
41,13,C3,0.124437066,0.01258446303162077,0.074136124,0.133574094,5,0.85,0.6,0.22841658599999998
41,17,CP3,0.12168103599999999,0.001533565096280558,0.019645197999999996,0.141758532,5,0.85,0.6,0.22841658599999998
41,18,CP4,0.112452854,0.004801023727136745,0.028390890000000002,0.13153538199999998,5,0.85,0.6,0.22841658599999998
41,16,T4,0.11101536199999999,0.01701819008288984,0.01040684,0.12269638599999999,5,0.85,0.6,0.22841658599999998
41,22,P3,0.10593759600000001,0.01954013836111019,0.10593759600000001,0.114576914,5,0.85,0.6,0.22841658599999998
41,7,FCz,0.10539372,0.008254254316893203,0.090537846,0.11676651599999999,5,0.85,0.6,0.22841658599999998
41,19,TP7,0.10129301000000002,0.03920927315907616,-0.043582296000000006,0.113558842,5,0.85,0.6,0.22841658599999998
41,4,F4,0.10008140800000001,0.01040102943102124,-0.005183136,0.11439237799999999,5,0.85,0.6,0.22841658599999998
41,2,Fz,0.099842778,0.011172867542310705,-0.072229018,0.1114261,5,0.85,0.6,0.22841658599999998
41,24,T5,0.0978275,0.01705787669429434,0.06964083,0.10854561199999999,5,0.85,0.6,0.22841658599999998
41,23,P4,0.094155088,0.02003732595012668,-0.07545842999999999,0.103682812,5,0.85,0.6,0.22841658599999998
41,0,Fp1,0.09305643599999999,0.03481102426884664,-0.074598248,0.10415548399999999,5,0.85,0.6,0.22841658599999998
41,20,TP8,0.092823822,0.015190842239527734,-0.038666658,0.10866973199999999,5,0.85,0.6,0.22841658599999998
41,11,FT8,0.089171162,0.01736720042772352,-0.011610156,0.10422399200000002,5,0.85,0.6,0.22841658599999998
41,10,FT7,0.08666117,0.005129254468999368,-0.06471838399999999,0.101989022,5,0.85,0.6,0.22841658599999998
41,6,F8,0.08115420799999999,0.006290202511141433,-0.014562145999999998,0.084264716,5,0.85,0.6,0.22841658599999998
41,12,Cz,0.08098464,0.008856246430322498,0.075953836,0.09487195200000001,5,0.85,0.6,0.22841658599999998
41,26,Oz,0.079900736,0.004498442853686149,0.033072462,0.085989326,5,0.85,0.6,0.22841658599999998
41,1,Fp2,0.079308002,0.0015940706975444982,0.032853796000000005,0.094610688,5,0.85,0.6,0.22841658599999998
41,3,F3,0.078890726,0.014680833854748512,0.029173117999999998,0.086789186,5,0.85,0.6,0.22841658599999998
41,25,T6,0.078058334,0.005005041721327601,-0.046807098000000005,0.090236764,5,0.85,0.6,0.22841658599999998
41,14,C4,0.07738683799999999,0.014161609105390183,-0.047329762,0.089305572,5,0.85,0.6,0.22841658599999998
41,5,F7,0.076120206,0.010000557114432679,0.056655776000000005,0.08683436,5,0.85,0.6,0.22841658599999998
41,9,FC4,0.052750401999999995,0.012855518792898634,-0.042906994,0.06805045400000001,5,0.85,0.6,0.22841658599999998
41,8,FC3,0.03068212,0.0032751937759161677,0.0052484839999999994,0.036313626,5,0.85,0.6,0.22841658599999998
42,28,O2,0.142159778,0.004922092924510879,-0.02319256,0.147243986,5,0.8,0.2,0.19034710999999999
42,21,Pz,0.13135844800000002,0.03586073300781678,0.0016511200000000003,0.13235384,5,0.8,0.2,0.19034710999999999
42,27,O1,0.127903576,0.008599475592271888,0.058103260000000004,0.14047761,5,0.8,0.2,0.19034710999999999
42,15,T3,0.127726638,0.015809278772941228,0.127726638,0.135872872,5,0.8,0.2,0.19034710999999999
42,16,T4,0.121074188,0.007650217871790975,0.02835293,0.13850337,5,0.8,0.2,0.19034710999999999
42,0,Fp1,0.11666386799999999,0.009548234136400303,-0.093596536,0.13239739,5,0.8,0.2,0.19034710999999999
42,17,CP3,0.112479832,0.017843522292499317,0.024383608,0.132381034,5,0.8,0.2,0.19034710999999999
42,13,C3,0.10869392600000001,0.013829526334619348,0.06693633,0.114835584,5,0.8,0.2,0.19034710999999999
42,23,P4,0.10829846800000001,0.004266255684897469,-0.100760436,0.120021958,5,0.8,0.2,0.19034710999999999
42,22,P3,0.10659771199999998,0.013249111426296482,0.10659771199999998,0.114883378,5,0.8,0.2,0.19034710999999999
42,2,Fz,0.10311484200000001,0.002905871289840627,-0.09855871199999999,0.11813367599999999,5,0.8,0.2,0.19034710999999999
42,7,FCz,0.10171772400000001,0.008119402265088857,0.10171772400000001,0.114231936,5,0.8,0.2,0.19034710999999999
42,18,CP4,0.10168027399999999,0.013239500134921261,0.037413532,0.118447024,5,0.8,0.2,0.19034710999999999
42,24,T5,0.098369982,0.0149214726510948,0.075836454,0.113738542,5,0.8,0.2,0.19034710999999999
42,4,F4,0.097947772,0.0029430645767498918,0.021797386,0.106657428,5,0.8,0.2,0.19034710999999999
42,14,C4,0.096694668,0.015464839451469264,-0.076453092,0.105733068,5,0.8,0.2,0.19034710999999999
42,20,TP8,0.096396974,0.01444133397715149,-0.046287014,0.112765242,5,0.8,0.2,0.19034710999999999
42,10,FT7,0.092852672,0.011153686239289683,-0.060928218,0.105426184,5,0.8,0.2,0.19034710999999999
42,19,TP7,0.090034316,0.022651785811330195,-0.027514246,0.10472779400000001,5,0.8,0.2,0.19034710999999999
42,11,FT8,0.086632166,0.009505064649097873,0.0034128259999999994,0.10611786599999999,5,0.8,0.2,0.19034710999999999
42,5,F7,0.08359482199999999,0.009156385074947425,0.073379102,0.09763447,5,0.8,0.2,0.19034710999999999
42,26,Oz,0.081937546,0.013534861073613942,0.035629324000000004,0.088384024,5,0.8,0.2,0.19034710999999999
42,25,T6,0.078630282,0.006774602040671465,-0.046395686,0.08888479,5,0.8,0.2,0.19034710999999999
42,3,F3,0.07444648000000001,0.02034336895929236,0.021475532,0.085350198,5,0.8,0.2,0.19034710999999999
42,12,Cz,0.07343152,0.015907196658398046,0.06020595799999999,0.086738814,5,0.8,0.2,0.19034710999999999
42,6,F8,0.06805544399999999,0.020994976852248014,-0.017400872,0.072490286,5,0.8,0.2,0.19034710999999999
42,1,Fp2,0.067181318,0.01283917640161432,0.052079476,0.08207751199999999,5,0.8,0.2,0.19034710999999999
42,9,FC4,0.051543646,0.02074632217007101,-0.047900596,0.066101504,5,0.8,0.2,0.19034710999999999
42,8,FC3,0.043143641999999996,0.021144926396913045,-0.0004739680000000001,0.052220482,5,0.8,0.2,0.19034710999999999
43,21,Pz,0.152889008,0.0002850315777593756,0.0068823800000000004,0.15308479,5,0.975,0.8,0.004511238
43,28,O2,0.14439132999999998,0.00017676610860116945,-0.023639502,0.147093776,5,0.975,0.8,0.004511238
43,15,T3,0.126584794,0.000136922423583571,0.126584794,0.131903892,5,0.975,0.8,0.004511238
43,16,T4,0.121885822,0.00020704925916312906,0.013117744,0.134355814,5,0.975,0.8,0.004511238
43,27,O1,0.12186212199999999,0.0002500000000399975,0.05633302799999999,0.132239978,5,0.975,0.8,0.004511238
43,17,CP3,0.121024782,0.00022327399808307275,0.03284394,0.139566092,5,0.975,0.8,0.004511238
43,13,C3,0.115180908,0.00020914050485259475,0.072416494,0.11739796,5,0.975,0.8,0.004511238
43,18,CP4,0.11098312800000001,0.00027385945322373236,0.03460948,0.127664634,5,0.975,0.8,0.004511238
43,0,Fp1,0.109656742,0.00013693337821728963,-0.095851196,0.12242308399999999,5,0.975,0.8,0.004511238
43,22,P3,0.108357434,0.00020916022585568678,0.108357434,0.11750511000000001,5,0.975,0.8,0.004511238
43,24,T5,0.10495558,0.00037077115866797973,0.073288854,0.11440671,5,0.975,0.8,0.004511238
43,23,P4,0.104763418,0.0003708062163313846,-0.09291531,0.11666790600000002,5,0.975,0.8,0.004511238
43,2,Fz,0.10400177,0.00017681205275659107,-0.098381474,0.117449798,5,0.975,0.8,0.004511238
43,7,FCz,0.098832926,0.00033533976461195636,0.098832926,0.11412609,5,0.975,0.8,0.004511238
43,4,F4,0.097782834,0.0001767731599536556,0.012600018000000001,0.10800855999999999,5,0.975,0.8,0.004511238
43,10,FT7,0.090569802,0.00013692333646971722,-0.05842622200000001,0.10407793000000001,5,0.975,0.8,0.004511238
43,20,TP8,0.08926946,0.00013693063937628863,-0.059463402,0.108447114,5,0.975,0.8,0.004511238
43,3,F3,0.08757066799999999,0.00020915365253803363,0.027313209999999997,0.09438189999999999,5,0.975,0.8,0.004511238
43,14,C4,0.08565487199999999,0.0001767766953532056,-0.07507459600000001,0.09611296,5,0.975,0.8,0.004511238
43,19,TP7,0.08462768600000001,0.0004107700109306901,-0.018731498000000003,0.09453724,5,0.975,0.8,0.004511238
43,5,F7,0.08415587199999999,0.00020911958951758163,0.081776746,0.097765978,5,0.975,0.8,0.004511238
43,25,T6,0.081275484,0.00022359226335005245,-0.062356520000000006,0.092484284,5,0.975,0.8,0.004511238
43,11,FT8,0.079991082,0.0001368185766626759,-0.0038376680000000002,0.097043726,5,0.975,0.8,0.004511238
43,26,Oz,0.07782078,0.0002091351265330645,0.04251758,0.08022115999999999,5,0.975,0.8,0.004511238
43,1,Fp2,0.077808186,0.00017676962431367957,0.06116019,0.095394794,5,0.975,0.8,0.004511238
43,6,F8,0.07764211800000001,0.00013684669641609594,-0.029506506,0.078585704,5,0.975,0.8,0.004511238
43,12,Cz,0.07745222,0.00013693520420257355,0.075833644,0.092917984,5,0.975,0.8,0.004511238
43,9,FC4,0.05784174599999999,0.00020916381159273234,-0.05784174599999999,0.07618625799999999,5,0.975,0.8,0.004511238
43,8,FC3,0.030840299999999998,0.0002235816466081235,0.00582219,0.03761287,5,0.975,0.8,0.004511238
44,21,Pz,0.137795488,0.03352700045966564,0.005981992,0.139704336,5,0.925,0.8,0.176169072
44,28,O2,0.134976688,0.020353413507116443,-0.007837798,0.137565504,5,0.925,0.8,0.176169072
44,0,Fp1,0.121811568,0.026424570460991784,-0.093451244,0.132684472,5,0.925,0.8,0.176169072
44,17,CP3,0.119095048,0.004958168823383288,0.005537164,0.14203963000000003,5,0.925,0.8,0.176169072
44,16,T4,0.117783098,0.009905355386182264,0.030365853999999998,0.12822161999999998,5,0.925,0.8,0.176169072
44,22,P3,0.116488356,0.018349411795630665,0.116488356,0.124734788,5,0.925,0.8,0.176169072
44,15,T3,0.11640622399999997,0.023516205378496545,0.11640622399999997,0.122115126,5,0.925,0.8,0.176169072
44,13,C3,0.11328414,0.004634315429899008,0.066258118,0.11727935999999999,5,0.925,0.8,0.176169072
44,27,O1,0.11125771200000001,0.023013666081538812,0.053425146,0.122793318,5,0.925,0.8,0.176169072
44,23,P4,0.105595142,0.0016118965203976339,-0.093651838,0.120256802,5,0.925,0.8,0.176169072
44,24,T5,0.105468072,0.0012179867623541682,0.078739186,0.11823395,5,0.925,0.8,0.176169072
44,3,F3,0.103416408,0.034984905775302874,0.05545042600000001,0.10981870599999999,5,0.925,0.8,0.176169072
44,18,CP4,0.10260964400000001,0.01847414614767026,0.035548322,0.120386674,5,0.925,0.8,0.176169072
44,2,Fz,0.102550832,0.0033858367081003775,-0.09781462199999999,0.118756898,5,0.925,0.8,0.176169072
44,20,TP8,0.09511438800000001,0.013126141907655889,-0.05674859,0.11317340599999999,5,0.925,0.8,0.176169072
44,14,C4,0.09174152799999999,0.014029839071763086,-0.05821171000000001,0.10529473199999999,5,0.925,0.8,0.176169072
44,19,TP7,0.09114659,0.015583891836537498,-0.029816788,0.1015751,5,0.925,0.8,0.176169072
44,10,FT7,0.090007994,0.0009376294940060289,-0.054075116,0.102699286,5,0.925,0.8,0.176169072
44,7,FCz,0.089572022,0.020932283614483398,0.0732921,0.104146026,5,0.925,0.8,0.176169072
44,4,F4,0.08863639999999999,0.02003387127761382,0.015129310000000002,0.098922488,5,0.925,0.8,0.176169072
44,12,Cz,0.08671129600000001,0.021459547003130797,0.08551642400000001,0.100956876,5,0.925,0.8,0.176169072
44,1,Fp2,0.082025076,0.008872059763266925,0.057767444,0.098457606,5,0.925,0.8,0.176169072
44,5,F7,0.081794566,0.00544915289491678,0.07211172,0.09299701,5,0.925,0.8,0.176169072
44,25,T6,0.080573794,0.0013776597038746476,-0.065758618,0.089907496,5,0.925,0.8,0.176169072
44,6,F8,0.079922896,0.005861244864410627,-0.027295108000000002,0.082712202,5,0.925,0.8,0.176169072
44,11,FT8,0.076332086,0.008268484250655015,-0.010532271999999999,0.09323459,5,0.925,0.8,0.176169072
44,26,Oz,0.068358112,0.02071417361638089,0.027552566,0.07186579600000001,5,0.925,0.8,0.176169072
44,9,FC4,0.057080594,0.0009832576268099863,-0.05498194199999999,0.076745248,5,0.925,0.8,0.176169072
44,8,FC3,0.040464226000000006,0.021464293230801477,-0.0072935080000000015,0.046888976000000006,5,0.925,0.8,0.176169072
45,24,T5,0.14836227,0.030335622876060255,0.08667585600000001,0.163797538,5,0.675,0.0,0.906709502
45,7,FCz,0.14684181400000001,0.06165647050412536,0.0020639080000000006,0.158867204,5,0.675,0.0,0.906709502
45,16,T4,0.12219397400000001,0.023295543717587495,0.086486204,0.137532616,5,0.675,0.0,0.906709502
45,10,FT7,0.117851858,0.02963153022994713,-0.026615966,0.129916428,5,0.675,0.0,0.906709502
45,2,Fz,0.11559090400000001,0.03367248516267147,-0.11360699200000002,0.134544156,5,0.675,0.0,0.906709502
45,13,C3,0.11478916400000001,0.04698261197001429,0.0929665,0.136761312,5,0.675,0.0,0.906709502
45,26,Oz,0.113536558,0.04277278424261648,0.057315012,0.12474405799999999,5,0.675,0.0,0.906709502
45,28,O2,0.111242204,0.031933700652572825,0.064076782,0.125290688,5,0.675,0.0,0.906709502
45,15,T3,0.105720514,0.03694858124742316,0.047909896,0.11847011,5,0.675,0.0,0.906709502
45,6,F8,0.10356218399999999,0.01694104478716204,-0.088165278,0.116346104,5,0.675,0.0,0.906709502
45,4,F4,0.10291862199999999,0.0193950976416431,0.019322587999999998,0.11460520599999999,5,0.675,0.0,0.906709502
45,21,Pz,0.10263341399999999,0.04054367801836472,0.022468761999999996,0.12058806600000001,5,0.675,0.0,0.906709502
45,27,O1,0.10249396799999999,0.018535250825941638,-0.04670546,0.116721086,5,0.675,0.0,0.906709502
45,18,CP4,0.091543696,0.03140477990110073,-0.026798478000000004,0.114493722,5,0.675,0.0,0.906709502
45,25,T6,0.090128224,0.01570611956006257,-0.076197134,0.10303791,5,0.675,0.0,0.906709502
45,17,CP3,0.085373572,0.016578735305151297,-0.0004671920000000003,0.094809334,5,0.675,0.0,0.906709502
45,3,F3,0.084363576,0.04829798762467935,0.043463702,0.098188434,5,0.675,0.0,0.906709502
45,5,F7,0.08138766,0.02539368814191137,0.01003199,0.092194552,5,0.675,0.0,0.906709502
45,20,TP8,0.078981178,0.034612134862336504,-0.04427932,0.093056322,5,0.675,0.0,0.906709502
45,0,Fp1,0.074960778,0.014136315329870084,-0.028852588000000002,0.088410168,5,0.675,0.0,0.906709502
45,1,Fp2,0.07019309199999998,0.0268469817022523,0.044937828,0.07800834599999999,5,0.675,0.0,0.906709502
45,19,TP7,0.068783058,0.019345564393897122,-0.010571178,0.085082532,5,0.675,0.0,0.906709502
45,11,FT8,0.066482662,0.011044915010690217,0.034988227999999996,0.079168674,5,0.675,0.0,0.906709502
45,22,P3,0.06635280400000002,0.02736443778241991,0.014528194,0.081258788,5,0.675,0.0,0.906709502
45,23,P4,0.063789344,0.022265231457633223,-0.029362718,0.07476470799999999,5,0.675,0.0,0.906709502
45,9,FC4,0.063566564,0.023771065491425283,-0.017780817999999997,0.077730782,5,0.675,0.0,0.906709502
45,14,C4,0.05988955199999999,0.021828082432126736,-0.012513031999999999,0.073062296,5,0.675,0.0,0.906709502
45,12,Cz,0.055350312,0.012930810383267554,0.013798040000000001,0.064679162,5,0.675,0.0,0.906709502
45,8,FC3,0.053093325999999996,0.016893131828537,0.02032504,0.071113602,5,0.675,0.0,0.906709502
46,15,T3,0.164128966,0.033502243761306935,0.159051726,0.185651122,5,0.675,0.2,0.722469234
46,22,P3,0.14467948,0.0437019145242923,0.11684116200000001,0.158183346,5,0.675,0.2,0.722469234
46,20,TP8,0.14282531199999998,0.04981571459610781,-0.12980885,0.16809181199999998,5,0.675,0.2,0.722469234
46,10,FT7,0.141526006,0.04110685560867652,-0.13503729199999998,0.14880729799999998,5,0.675,0.2,0.722469234
46,17,CP3,0.139931426,0.022345699068830452,-0.057508828,0.16910702,5,0.675,0.2,0.722469234
46,27,O1,0.106926422,0.03309555434619535,0.065181128,0.116007814,5,0.675,0.2,0.722469234
46,28,O2,0.106532356,0.023810646593547816,0.0030739579999999995,0.118438644,5,0.675,0.2,0.722469234
46,0,Fp1,0.104968558,0.012590450559333445,-0.011480252,0.12071144600000001,5,0.675,0.2,0.722469234
46,18,CP4,0.101086732,0.026812024971480053,0.037519938,0.11466047800000001,5,0.675,0.2,0.722469234
46,1,Fp2,0.097572324,0.02632918020086801,0.0443345,0.11127748200000001,5,0.675,0.2,0.722469234
46,3,F3,0.08850511,0.03169640870157848,0.063123328,0.095625576,5,0.675,0.2,0.722469234
46,21,Pz,0.086656564,0.04001895925428946,0.00305671,0.096750186,5,0.675,0.2,0.722469234
46,5,F7,0.08510595,0.02279951216570653,0.080624582,0.09547889,5,0.675,0.2,0.722469234
46,11,FT8,0.08065188599999999,0.03269908842776783,-0.009075478000000001,0.09443413199999999,5,0.675,0.2,0.722469234
46,14,C4,0.08051989200000001,0.035057688782832934,-0.016415028,0.092415282,5,0.675,0.2,0.722469234
46,25,T6,0.079967354,0.014410442868278889,0.008599803999999999,0.091528536,5,0.675,0.2,0.722469234
46,12,Cz,0.079588666,0.03523252036780693,0.076041194,0.089888718,5,0.675,0.2,0.722469234
46,24,T5,0.079348242,0.03643780432864706,-0.014257346,0.090267406,5,0.675,0.2,0.722469234
46,6,F8,0.074773564,0.015036764047710864,-0.03459193000000001,0.09271951,5,0.675,0.2,0.722469234
46,9,FC4,0.074517688,0.018090210425328667,-0.001040745999999998,0.09148158399999999,5,0.675,0.2,0.722469234
46,4,F4,0.073677646,0.02551482569435621,-0.012603558,0.082004738,5,0.675,0.2,0.722469234
46,26,Oz,0.07357612599999999,0.022069990121478984,0.043728958,0.08067924000000001,5,0.675,0.2,0.722469234
46,16,T4,0.07323196800000001,0.036758676104639836,0.020486452000000002,0.087483828,5,0.675,0.2,0.722469234
46,2,Fz,0.073176714,0.026687904913148954,-0.04727235,0.086911458,5,0.675,0.2,0.722469234
46,7,FCz,0.072411482,0.01727758728991609,0.02993073,0.079793264,5,0.675,0.2,0.722469234
46,19,TP7,0.070635272,0.012819078951994559,-0.031052333999999997,0.082962866,5,0.675,0.2,0.722469234
46,23,P4,0.067489188,0.025956933846624102,-0.053657144000000004,0.077330462,5,0.675,0.2,0.722469234
46,13,C3,0.065845618,0.0295188379607035,0.010299014000000002,0.077402836,5,0.675,0.2,0.722469234
46,8,FC3,0.060368069999999996,0.032917068155990895,-0.006481503999999999,0.071093224,5,0.675,0.2,0.722469234
47,21,Pz,0.14894625,0.0076031202982887285,0.00854303,0.14963115999999999,5,0.9,0.6,0.093922332
47,28,O2,0.1469579,0.00838921134896778,-0.026727783999999997,0.15087556,5,0.9,0.6,0.093922332
47,15,T3,0.131149944,0.004391397594357628,0.131149944,0.136459398,5,0.9,0.6,0.093922332
47,13,C3,0.121134746,0.010533037412633164,0.079130606,0.12414541999999999,5,0.9,0.6,0.093922332
47,17,CP3,0.118508256,0.006122459238952108,0.032570494,0.136132468,5,0.9,0.6,0.093922332
47,16,T4,0.118457852,0.00977759555313166,0.017727392,0.133296958,5,0.9,0.6,0.093922332
47,27,O1,0.113385296,0.010844713878785831,0.046271863999999996,0.125552848,5,0.9,0.6,0.093922332
47,0,Fp1,0.11087605199999999,0.005700897519235023,-0.10093100399999999,0.126614268,5,0.9,0.6,0.093922332
47,18,CP4,0.10962445000000001,0.0029244076979962966,0.040209624,0.12498787,5,0.9,0.6,0.093922332
47,22,P3,0.108943678,0.009221771499854032,0.108943678,0.116708294,5,0.9,0.6,0.093922332
47,23,P4,0.10427205399999999,0.004598940591384069,-0.090769234,0.116055266,5,0.9,0.6,0.093922332
47,2,Fz,0.10413109000000001,0.0026680494023818223,-0.097319168,0.11775806200000001,5,0.9,0.6,0.093922332
47,7,FCz,0.103397818,0.008228116700562163,0.10116180599999999,0.11889295199999998,5,0.9,0.6,0.093922332
47,4,F4,0.10159148600000001,0.0060741852474245454,0.024069086,0.108908488,5,0.9,0.6,0.093922332
47,24,T5,0.101523362,0.007503115139015261,0.068759168,0.11151931600000001,5,0.9,0.6,0.093922332
47,10,FT7,0.095695272,0.01562440197424753,-0.060917318,0.10890027,5,0.9,0.6,0.093922332
47,3,F3,0.090298984,0.004132238841122325,0.027790126,0.098386236,5,0.9,0.6,0.093922332
47,25,T6,0.086571566,0.007562126908861688,-0.06332344999999999,0.09922966600000001,5,0.9,0.6,0.093922332
47,5,F7,0.08401056,0.0021068598093608444,0.083237404,0.09610685199999999,5,0.9,0.6,0.093922332
47,20,TP8,0.08384654,0.006599966873878988,-0.059835918,0.10457703,5,0.9,0.6,0.093922332
47,14,C4,0.08319266,0.006087598551255659,-0.06899224200000001,0.0926558,5,0.9,0.6,0.093922332
47,19,TP7,0.0795883,0.005800672083293449,-0.025599296,0.093742028,5,0.9,0.6,0.093922332
47,12,Cz,0.079520146,0.005616546488050285,0.076278684,0.094676804,5,0.9,0.6,0.093922332
47,11,FT8,0.0782137,0.0020134657733246923,0.00533983,0.094610538,5,0.9,0.6,0.093922332
47,1,Fp2,0.076982006,0.006061140993256142,0.062985166,0.096958006,5,0.9,0.6,0.093922332
47,26,Oz,0.073915078,0.0061235168557594415,0.033546218,0.078115908,5,0.9,0.6,0.093922332
47,6,F8,0.072108456,0.008286013896309249,-0.023237448,0.074734248,5,0.9,0.6,0.093922332
47,9,FC4,0.054876342,0.006432327305223204,-0.050701788000000005,0.07092963399999999,5,0.9,0.6,0.093922332
47,8,FC3,0.029745083999999998,0.004031722200261323,0.0016583899999999998,0.034781448,5,0.9,0.6,0.093922332
48,21,Pz,0.153162474,0.0008094454728269151,0.007926504000000001,0.153571546,5,0.925,0.8,0.049477634000000006
48,28,O2,0.144967058,0.001487567883684647,-0.019859472,0.147134916,5,0.925,0.8,0.049477634000000006
48,15,T3,0.126137616,0.0015528218590134563,0.126137616,0.13285127400000002,5,0.925,0.8,0.049477634000000006
48,17,CP3,0.12477856200000001,0.007140698665125145,0.032486496,0.142069592,5,0.925,0.8,0.049477634000000006
48,27,O1,0.12015447800000001,0.002649989894588283,0.05834045,0.13207762,5,0.925,0.8,0.049477634000000006
48,16,T4,0.11898778400000001,0.006290246069243238,0.012115634,0.132676832,5,0.925,0.8,0.049477634000000006
48,13,C3,0.114757454,0.0003569456631337609,0.07571533,0.11764714800000001,5,0.925,0.8,0.049477634000000006
48,18,CP4,0.11460384400000001,0.0068887699478847415,0.036829020000000004,0.13076348,5,0.925,0.8,0.049477634000000006
48,22,P3,0.11107422,0.006552803370012714,0.11107422,0.121715066,5,0.925,0.8,0.049477634000000006
48,0,Fp1,0.104723502,0.010074128329789633,-0.094092024,0.118841814,5,0.925,0.8,0.049477634000000006
48,2,Fz,0.10388776799999999,0.0016710717398932913,-0.099126738,0.117705782,5,0.925,0.8,0.049477634000000006
48,24,T5,0.10299367,0.004147556300962053,0.06730193599999999,0.112010618,5,0.925,0.8,0.049477634000000006
48,23,P4,0.10069681,0.008472519334176818,-0.08832557599999999,0.11166281200000001,5,0.925,0.8,0.049477634000000006
48,4,F4,0.09928611,0.0027367392167870204,0.013680168000000001,0.11026765599999999,5,0.925,0.8,0.049477634000000006
48,7,FCz,0.095881116,0.005769050148233244,0.094466678,0.110701148,5,0.925,0.8,0.049477634000000006
48,10,FT7,0.09012402,0.0016324776136749876,-0.054779758,0.10401829199999998,5,0.925,0.8,0.049477634000000006
48,20,TP8,0.089130926,0.0011638210960581519,-0.05909455,0.10832528799999999,5,0.925,0.8,0.049477634000000006
48,5,F7,0.0891151,0.009679516948910723,0.08284461800000001,0.10172474000000001,5,0.925,0.8,0.049477634000000006
48,3,F3,0.088370376,0.0008823961920985351,0.028189598,0.094093112,5,0.925,0.8,0.049477634000000006
48,19,TP7,0.087231656,0.005672294284655023,-0.018367408,0.097458106,5,0.925,0.8,0.049477634000000006
48,14,C4,0.082474694,0.006978917532793322,-0.07338425800000001,0.093624846,5,0.925,0.8,0.049477634000000006
48,25,T6,0.081669968,0.0013648248263128874,-0.059597528,0.09267452000000001,5,0.925,0.8,0.049477634000000006
48,1,Fp2,0.08071297200000001,0.005114778420192806,0.060297848,0.097096998,5,0.925,0.8,0.049477634000000006
48,11,FT8,0.08000942800000001,0.0007358055052593728,-0.002350436,0.098552992,5,0.925,0.8,0.049477634000000006
48,6,F8,0.077370314,0.0014099638406285526,-0.03096453,0.07854835,5,0.925,0.8,0.049477634000000006
48,26,Oz,0.07543656,0.005032448796907922,0.035910929999999994,0.0789312,5,0.925,0.8,0.049477634000000006
48,12,Cz,0.074868346,0.005542116007566964,0.07334360399999999,0.08847733799999999,5,0.925,0.8,0.049477634000000006
48,9,FC4,0.058208590000000004,0.0017977320235090667,-0.055685608,0.077270374,5,0.925,0.8,0.049477634000000006
48,8,FC3,0.03467655,0.008545841298637601,0.005325606,0.041466906,5,0.925,0.8,0.049477634000000006
49,21,Pz,0.152766634,0.0007657593793287963,0.007322368,0.153314226,5,0.925,0.8,0.04602337199999999
49,28,O2,0.14215860200000002,0.003761595799779669,-0.024166916,0.14489896,5,0.925,0.8,0.04602337199999999
49,15,T3,0.12521518,0.0025105122606452245,0.12521518,0.131195556,5,0.925,0.8,0.04602337199999999
49,16,T4,0.120831994,0.002634832470201855,0.013088164,0.135925038,5,0.925,0.8,0.04602337199999999
49,17,CP3,0.120359162,0.002268058463371263,0.036653432,0.13840566,5,0.925,0.8,0.04602337199999999
49,27,O1,0.11898131,0.007369043713729068,0.056932008,0.12975045000000002,5,0.925,0.8,0.04602337199999999
49,13,C3,0.11328502999999998,0.0044006976261043015,0.07447456,0.11612955600000001,5,0.925,0.8,0.04602337199999999
49,22,P3,0.111466404,0.006882463785929425,0.111466404,0.120841172,5,0.925,0.8,0.04602337199999999
49,18,CP4,0.11024967000000001,0.0016967536950453328,0.033103688,0.12636078199999998,5,0.925,0.8,0.04602337199999999
49,0,Fp1,0.110001726,0.0007526327829891567,-0.096619072,0.122968418,5,0.925,0.8,0.04602337199999999
49,2,Fz,0.107232314,0.006150028471591007,-0.09995004599999999,0.120272708,5,0.925,0.8,0.04602337199999999
49,23,P4,0.106842608,0.00493921717729845,-0.09633250800000001,0.11987772999999999,5,0.925,0.8,0.04602337199999999
49,24,T5,0.10321374999999999,0.0033941554704152816,0.07229657,0.11391905799999999,5,0.925,0.8,0.04602337199999999
49,7,FCz,0.100466506,0.0039408134015682566,0.100466506,0.114054038,5,0.925,0.8,0.04602337199999999
49,4,F4,0.092885666,0.009066238761787053,0.006573836,0.10607667000000001,5,0.925,0.8,0.04602337199999999
49,10,FT7,0.091478036,0.0007934539957867758,-0.05535675999999999,0.10419899799999999,5,0.925,0.8,0.04602337199999999
49,3,F3,0.088472574,0.0011358786393052783,0.024439118000000003,0.096268606,5,0.925,0.8,0.04602337199999999
49,14,C4,0.088280896,0.0047429436071631725,-0.078065062,0.10000315,5,0.925,0.8,0.04602337199999999
49,20,TP8,0.087557352,0.0021977177328128448,-0.056692094000000005,0.105577064,5,0.925,0.8,0.04602337199999999
49,5,F7,0.085260578,0.0025338941218941997,0.082645424,0.09849855599999999,5,0.925,0.8,0.04602337199999999
49,19,TP7,0.083778332,0.0018635361201141233,-0.016626592000000003,0.092737268,5,0.925,0.8,0.04602337199999999
49,11,FT8,0.083009812,0.007112899021223346,-0.005414772,0.099529846,5,0.925,0.8,0.04602337199999999
49,25,T6,0.078782116,0.004908093329902145,-0.05617489600000001,0.090201524,5,0.925,0.8,0.04602337199999999
49,12,Cz,0.07823256599999999,0.0023825089132005453,0.077098656,0.093205642,5,0.925,0.8,0.04602337199999999
49,6,F8,0.07817647600000001,0.0006923858762135452,-0.027696454,0.079698656,5,0.925,0.8,0.04602337199999999
49,1,Fp2,0.075845744,0.004448850625187368,0.05887792199999999,0.092857834,5,0.925,0.8,0.04602337199999999
49,26,Oz,0.07270079,0.010661143493375836,0.040445980000000006,0.07473147,5,0.925,0.8,0.04602337199999999
49,9,FC4,0.059190688000000005,0.002054658377558176,-0.059190688000000005,0.076594312,5,0.925,0.8,0.04602337199999999
49,8,FC3,0.031287294,0.0006952212311415706,0.007801098000000001,0.03844404,5,0.925,0.8,0.04602337199999999
5,28,O2,0.139554898,0.021977367632341007,-0.031500168,0.14313823,5,0.85,0.6,0.224226394
5,21,Pz,0.137338876,0.029424825802766955,0.0186014,0.144676326,5,0.85,0.6,0.224226394
5,18,CP4,0.12744787,0.03811141493046539,0.067885032,0.14425802999999998,5,0.85,0.6,0.224226394
5,15,T3,0.117394474,0.018209351761851112,0.110037622,0.125985586,5,0.85,0.6,0.224226394
5,16,T4,0.115481612,0.021426438987622747,0.019750006,0.12692041399999998,5,0.85,0.6,0.224226394
5,27,O1,0.11386794999999998,0.02318502314123602,0.054301933999999996,0.12458412199999999,5,0.85,0.6,0.224226394
5,17,CP3,0.112907004,0.012339308494122753,0.035752834,0.129197006,5,0.85,0.6,0.224226394
5,24,T5,0.109273328,0.015220933166432995,0.056210304,0.122638212,5,0.85,0.6,0.224226394
5,2,Fz,0.10648610600000001,0.005074503831630241,-0.103233952,0.12406239599999999,5,0.85,0.6,0.224226394
5,0,Fp1,0.10284986999999998,0.00944267302304544,-0.08892631799999999,0.117936334,5,0.85,0.6,0.224226394
5,7,FCz,0.10057236,0.00998836200637272,0.099274788,0.12277248199999999,5,0.85,0.6,0.224226394
5,23,P4,0.09757573,0.01707940782682907,-0.074515836,0.108313072,5,0.85,0.6,0.224226394
5,20,TP8,0.09704059000000001,0.017382832736895906,-0.064341362,0.112765356,5,0.85,0.6,0.224226394
5,13,C3,0.096204868,0.040853855793666766,0.05638314,0.099500042,5,0.85,0.6,0.224226394
5,22,P3,0.095320534,0.020490818761681535,0.076817512,0.10285274,5,0.85,0.6,0.224226394
5,10,FT7,0.094594664,0.009910933972922533,-0.053126052,0.109393928,5,0.85,0.6,0.224226394
5,14,C4,0.092391416,0.012153480539900084,-0.07568685,0.10467464,5,0.85,0.6,0.224226394
5,4,F4,0.08858195199999999,0.02185828307010342,0.012839736000000001,0.09867984999999999,5,0.85,0.6,0.224226394
5,5,F7,0.087647536,0.008669655506583294,0.061237686,0.10201705800000001,5,0.85,0.6,0.224226394
5,26,Oz,0.086554252,0.015426007516962055,0.039315148,0.093312454,5,0.85,0.6,0.224226394
5,19,TP7,0.085110882,0.004520770061833491,-0.019654128,0.09617619,5,0.85,0.6,0.224226394
5,3,F3,0.08470188000000001,0.013144476785488647,0.028154198000000002,0.092345332,5,0.85,0.6,0.224226394
5,6,F8,0.08244127799999999,0.006691481857000734,-0.024068793999999998,0.085415062,5,0.85,0.6,0.224226394
5,25,T6,0.081838036,0.005194869253025529,-0.045067174,0.095264652,5,0.85,0.6,0.224226394
5,1,Fp2,0.076736456,0.010325637232100011,0.061722494,0.098967836,5,0.85,0.6,0.224226394
5,12,Cz,0.076658378,0.001164714798403453,0.060505465999999994,0.090308854,5,0.85,0.6,0.224226394
5,11,FT8,0.07085359,0.012479285179099802,-0.0039217,0.087365936,5,0.85,0.6,0.224226394
5,9,FC4,0.063898462,0.008331038828838816,-0.044167858,0.083620534,5,0.85,0.6,0.224226394
5,8,FC3,0.034551996,0.011030855488004091,0.008167988,0.041644968,5,0.85,0.6,0.224226394
50,21,Pz,0.151540926,0.0027768207394302607,0.009336078000000001,0.152122846,5,0.9,0.8,0.030528146
50,28,O2,0.145561942,0.002478885103926777,-0.024667762,0.148370152,5,0.9,0.8,0.030528146
50,15,T3,0.126401792,0.0006445168362579785,0.126401792,0.130992558,5,0.9,0.8,0.030528146
50,27,O1,0.122739322,0.001999884935970059,0.055976210000000005,0.133538192,5,0.9,0.8,0.030528146
50,16,T4,0.121451194,0.0015340636014455236,0.010544144,0.134284838,5,0.9,0.8,0.030528146
50,17,CP3,0.12089171400000001,0.0006328378578909501,0.032653544,0.13990441,5,0.9,0.8,0.030528146
50,13,C3,0.113364706,0.004169224379213718,0.070945604,0.11574163600000001,5,0.9,0.8,0.030528146
50,18,CP4,0.11219405200000002,0.002399342655493371,0.037510056,0.12850672000000002,5,0.9,0.8,0.030528146
50,0,Fp1,0.10971494799999999,0.0006227673724353277,-0.095199336,0.122028552,5,0.9,0.8,0.030528146
50,22,P3,0.10803965600000001,0.0008303956277461957,0.10803965600000001,0.11745994200000001,5,0.9,0.8,0.030528146
50,23,P4,0.105360266,0.0009375478596210426,-0.091602428,0.11657124,5,0.9,0.8,0.030528146
50,2,Fz,0.10414785200000001,0.00019905500275049133,-0.096216452,0.116497404,5,0.9,0.8,0.030528146
50,24,T5,0.10268174599999999,0.004279407336469617,0.070279908,0.11194585400000001,5,0.9,0.8,0.030528146
50,7,FCz,0.10133763600000001,0.005073991227902351,0.10133763600000001,0.115953426,5,0.9,0.8,0.030528146
50,4,F4,0.098705372,0.0033344142500700176,0.015827242,0.10792444000000001,5,0.9,0.8,0.030528146
50,10,FT7,0.091338684,0.0015374463016573935,-0.05892602,0.10489388,5,0.9,0.8,0.030528146
50,20,TP8,0.090304464,0.0017064393134916883,-0.061375124,0.110415416,5,0.9,0.8,0.030528146
50,3,F3,0.088692402,0.002803062911730658,0.031001014,0.09514932000000001,5,0.9,0.8,0.030528146
50,14,C4,0.084592394,0.002559610955502804,-0.072251238,0.094299622,5,0.9,0.8,0.030528146
50,19,TP7,0.084124462,0.0005636106931828038,-0.021563842,0.09427619400000001,5,0.9,0.8,0.030528146
50,5,F7,0.083745232,0.001137315447433123,0.081008202,0.097661422,5,0.9,0.8,0.030528146
50,6,F8,0.08061386000000001,0.006064104982357251,-0.031948638,0.081554538,5,0.9,0.8,0.030528146
50,25,T6,0.080122154,0.0017882134941835123,-0.06371222200000001,0.09169602800000001,5,0.9,0.8,0.030528146
50,11,FT8,0.079388084,0.00062476677794998,-0.005541622,0.096615944,5,0.9,0.8,0.030528146
50,12,Cz,0.078401102,0.0034370913833167123,0.077576994,0.092588848,5,0.9,0.8,0.030528146
50,26,Oz,0.07714507000000001,0.0009041310208979703,0.041645534,0.080043558,5,0.9,0.8,0.030528146
50,1,Fp2,0.075876934,0.003728459940495543,0.060731006,0.093178782,5,0.9,0.8,0.030528146
50,9,FC4,0.056426618,0.0032618537882192103,-0.054300446,0.074424032,5,0.9,0.8,0.030528146
50,8,FC3,0.032787782,0.0030696219369443513,0.009167334,0.03929087,5,0.9,0.8,0.030528146
6,21,Pz,0.145954348,0.009234033837739615,-0.002976944,0.14749092199999997,5,0.7,0.2,0.224522808
6,28,O2,0.13797006,0.008537178274075694,-0.010550531999999998,0.14440575,5,0.7,0.2,0.224522808
6,15,T3,0.13013851,0.003492931708386235,0.13013851,0.134143546,5,0.7,0.2,0.224522808
6,0,Fp1,0.11767328400000002,0.02037140059056765,-0.098421688,0.129540338,5,0.7,0.2,0.224522808
6,27,O1,0.116832358,0.013933794144527549,0.064743434,0.13305013,5,0.7,0.2,0.224522808
6,17,CP3,0.11526873,0.014921935584497743,0.025514216,0.13162216999999998,5,0.7,0.2,0.224522808
6,16,T4,0.11453142999999999,0.006109218405004849,0.029179080000000003,0.138891682,5,0.7,0.2,0.224522808
6,18,CP4,0.11206343599999999,0.005576801693289803,0.037516674,0.129452922,5,0.7,0.2,0.224522808
6,13,C3,0.11023677400000001,0.00789258610658002,0.065368596,0.113537684,5,0.7,0.2,0.224522808
6,23,P4,0.10769414399999999,0.025391241004123453,-0.088422104,0.11792810999999999,5,0.7,0.2,0.224522808
6,2,Fz,0.105541314,0.004235134791860825,-0.099086736,0.118038448,5,0.7,0.2,0.224522808
6,25,T6,0.098355642,0.0198000244299564,-0.07584038600000001,0.11143527400000001,5,0.7,0.2,0.224522808
6,5,F7,0.09432007,0.009879762087692196,0.085909822,0.10440757,5,0.7,0.2,0.224522808
6,22,P3,0.094001718,0.018864576862892262,0.094001718,0.104233362,5,0.7,0.2,0.224522808
6,7,FCz,0.092195026,0.013834407770480454,0.08782901,0.108099452,5,0.7,0.2,0.224522808
6,3,F3,0.091570094,0.008808448349231548,0.026643104,0.10258454800000001,5,0.7,0.2,0.224522808
6,4,F4,0.09105847,0.008471383474341716,0.023730044,0.10274316800000001,5,0.7,0.2,0.224522808
6,20,TP8,0.08945542399999999,0.008278077715235586,-0.065284912,0.10942179,5,0.7,0.2,0.224522808
6,24,T5,0.088437668,0.026311185965582587,0.059804767999999994,0.094435038,5,0.7,0.2,0.224522808
6,10,FT7,0.08729540599999999,0.00481172153036,-0.037531098,0.098008712,5,0.7,0.2,0.224522808
6,14,C4,0.087011866,0.008322849013413614,-0.07092172599999999,0.10036222800000001,5,0.7,0.2,0.224522808
6,6,F8,0.08350254,0.012142733451859188,-0.011108586,0.093147628,5,0.7,0.2,0.224522808
6,19,TP7,0.08197285800000001,0.001499573513726488,-0.013077337999999999,0.09532342,5,0.7,0.2,0.224522808
6,11,FT8,0.081064944,0.010944328768020905,-0.014093876,0.098585824,5,0.7,0.2,0.224522808
6,1,Fp2,0.079402394,0.003353275471972139,0.06533424,0.097658482,5,0.7,0.2,0.224522808
6,12,Cz,0.069399052,0.013410228046355888,0.067559256,0.080875286,5,0.7,0.2,0.224522808
6,26,Oz,0.06549645600000001,0.011187012301594646,0.034103704,0.07344788799999999,5,0.7,0.2,0.224522808
6,9,FC4,0.050501397999999996,0.008471076413795946,-0.050174526,0.06484141,5,0.7,0.2,0.224522808
6,8,FC3,0.04118959,0.011619084702417397,0.0022952180000000003,0.048201254,5,0.7,0.2,0.224522808
7,28,O2,0.131764416,0.020410612155852412,-0.031594346,0.14202015799999998,5,0.8,0.2,0.54572525
7,18,CP4,0.13163229199999998,0.0174548658395967,0.060465771999999994,0.146234774,5,0.8,0.2,0.54572525
7,4,F4,0.126516682,0.029719803550942597,0.050064132,0.142208312,5,0.8,0.2,0.54572525
7,11,FT8,0.126062328,0.04419779830961685,0.015358496,0.14860381,5,0.8,0.2,0.54572525
7,6,F8,0.12527055,0.04949119951167985,-0.052887834,0.12954190000000002,5,0.8,0.2,0.54572525
7,21,Pz,0.12305665000000002,0.040830293519535224,0.0009154819999999999,0.129802952,5,0.8,0.2,0.54572525
7,17,CP3,0.115560888,0.013766874370051103,0.01261678,0.136523536,5,0.8,0.2,0.54572525
7,5,F7,0.11046952400000001,0.03517740141857454,0.089223778,0.128932322,5,0.8,0.2,0.54572525
7,15,T3,0.10919414600000002,0.018736192143632868,0.046526066,0.125506308,5,0.8,0.2,0.54572525
7,0,Fp1,0.10821877399999999,0.019172874397830386,-0.084020834,0.11910102199999999,5,0.8,0.2,0.54572525
7,16,T4,0.107227636,0.015173168808713952,0.014492132,0.121455928,5,0.8,0.2,0.54572525
7,13,C3,0.105004468,0.012988702980158178,0.045932518,0.114403954,5,0.8,0.2,0.54572525
7,10,FT7,0.10290125800000001,0.03433491101554028,-0.015488598000000001,0.11610613,5,0.8,0.2,0.54572525
7,14,C4,0.098458628,0.02554395596862534,-0.060215613999999994,0.106844402,5,0.8,0.2,0.54572525
7,23,P4,0.09653477399999999,0.021298950843126756,-0.057631748,0.10626855399999999,5,0.8,0.2,0.54572525
7,2,Fz,0.09594528399999999,0.014811587649810873,-0.08595446,0.11801706000000001,5,0.8,0.2,0.54572525
7,24,T5,0.094733,0.031552951795899384,-0.011224020000000001,0.102064796,5,0.8,0.2,0.54572525
7,27,O1,0.09434197600000001,0.03388655074482028,0.041375126,0.10304901,5,0.8,0.2,0.54572525
7,22,P3,0.09065721,0.028168459066214468,0.075553064,0.10694714000000001,5,0.8,0.2,0.54572525
7,7,FCz,0.088742712,0.02159417759925045,0.076519646,0.09841078,5,0.8,0.2,0.54572525
7,19,TP7,0.081863088,0.028387400386538034,0.026254322000000004,0.094848262,5,0.8,0.2,0.54572525
7,25,T6,0.075811848,0.01655089219710285,-0.055097801999999994,0.08483885799999999,5,0.8,0.2,0.54572525
7,20,TP8,0.074147428,0.024074855861615663,-0.008262090000000001,0.086851636,5,0.8,0.2,0.54572525
7,3,F3,0.07087578,0.03198857625492498,0.017185376,0.07884266,5,0.8,0.2,0.54572525
7,12,Cz,0.07033096400000001,0.011295213277458731,0.028284986,0.07748071599999999,5,0.8,0.2,0.54572525
7,9,FC4,0.0642278,0.013578913103602954,-0.04827583,0.083676602,5,0.8,0.2,0.54572525
7,26,Oz,0.061168469999999996,0.015440228534119884,0.025289304000000002,0.07340606000000001,5,0.8,0.2,0.54572525
7,1,Fp2,0.057306079999999995,0.013260791425942494,0.03605818,0.072801162,5,0.8,0.2,0.54572525
7,8,FC3,0.04722638,0.012101861771609771,0.003752814,0.054084316,5,0.8,0.2,0.54572525
8,21,Pz,0.15271637600000001,0.010486885881033981,-0.0003111139999999998,0.15354848599999998,5,0.65,0.0,0.22407631
8,28,O2,0.129317986,0.02039641304501553,-0.031841078,0.140541388,5,0.65,0.0,0.22407631
8,27,O1,0.128126442,0.0035280430665129356,0.068256946,0.138753214,5,0.65,0.0,0.22407631
8,13,C3,0.12215988,0.018637013824426108,0.074229162,0.12506826599999998,5,0.65,0.0,0.22407631
8,15,T3,0.121317812,0.01832192474076265,0.121317812,0.129516184,5,0.65,0.0,0.22407631
8,16,T4,0.11570612799999999,0.004963918981945608,0.010414618,0.1277481,5,0.65,0.0,0.22407631
8,17,CP3,0.11405596,0.023484511870591435,0.02442111,0.129512514,5,0.65,0.0,0.22407631
8,20,TP8,0.112276656,0.03806632415086634,-0.05723747,0.13096736199999998,5,0.65,0.0,0.22407631
8,2,Fz,0.10946752800000001,0.012097198138979127,-0.10811873400000001,0.127217998,5,0.65,0.0,0.22407631
8,18,CP4,0.10630135599999999,0.010873803653472874,0.029637638,0.128675814,5,0.65,0.0,0.22407631
8,0,Fp1,0.104147876,0.0044765714031700645,-0.086617268,0.113221138,5,0.65,0.0,0.22407631
8,24,T5,0.10361991,0.004929566771973979,0.08040586,0.116855428,5,0.65,0.0,0.22407631
8,23,P4,0.103557038,0.02334523411343137,-0.09133651200000001,0.115285882,5,0.65,0.0,0.22407631
8,22,P3,0.09637625000000001,0.014428209728089973,0.074893462,0.103746118,5,0.65,0.0,0.22407631
8,4,F4,0.096159434,0.007533053326827708,0.004433904,0.11244719,5,0.65,0.0,0.22407631
8,7,FCz,0.091269474,0.00511695455170651,0.088922592,0.11109902,5,0.65,0.0,0.22407631
8,3,F3,0.090076778,0.002660809372572566,0.023090224,0.099894424,5,0.65,0.0,0.22407631
8,19,TP7,0.08833152,0.005484098253026651,-0.017501372,0.097800944,5,0.65,0.0,0.22407631
8,1,Fp2,0.080525552,0.006762086243647001,0.06353555,0.09789882999999999,5,0.65,0.0,0.22407631
8,10,FT7,0.079974676,0.02497870874902124,-0.042856712000000005,0.088970672,5,0.65,0.0,0.22407631
8,14,C4,0.079916706,0.010049020491584246,-0.06846498,0.092499704,5,0.65,0.0,0.22407631
8,11,FT8,0.078897276,0.0092755887356453,-0.0058839,0.10004564600000002,5,0.65,0.0,0.22407631
8,25,T6,0.078587446,0.0031464131021736517,-0.065771064,0.096312354,5,0.65,0.0,0.22407631
8,12,Cz,0.076250584,0.0034020152626244964,0.07337218400000001,0.09049784,5,0.65,0.0,0.22407631
8,6,F8,0.074153918,0.005567528060187034,-0.000678782,0.08531422,5,0.65,0.0,0.22407631
8,5,F7,0.07334484399999999,0.03240849682790965,0.065353942,0.084590976,5,0.65,0.0,0.22407631
8,26,Oz,0.070540398,0.008722406031782167,0.03847283,0.074805006,5,0.65,0.0,0.22407631
8,9,FC4,0.06380134,0.007639748967561039,-0.047714627999999995,0.079014386,5,0.65,0.0,0.22407631
8,8,FC3,0.040838,0.012142792102171148,0.005258134,0.04787322,5,0.65,0.0,0.22407631
9,28,O2,0.15028281999999998,0.008806308644877818,-0.018463242,0.153638742,5,0.8,0.4,0.158636124
9,21,Pz,0.14147384400000002,0.01366949101739454,0.0012541960000000002,0.142526078,5,0.8,0.4,0.158636124
9,15,T3,0.134197856,0.016028130744911585,0.134197856,0.140211852,5,0.8,0.4,0.158636124
9,16,T4,0.127571778,0.010124403948621866,0.01809501,0.144182308,5,0.8,0.4,0.158636124
9,13,C3,0.12010499000000001,0.009822149444665864,0.0682035,0.12328921600000001,5,0.8,0.4,0.158636124
9,17,CP3,0.119859286,0.0024664310324495225,0.028280352,0.13648350599999998,5,0.8,0.4,0.158636124
9,27,O1,0.113075874,0.008333125388942014,0.035211502,0.127358376,5,0.8,0.4,0.158636124
9,18,CP4,0.107931026,0.010960956250625672,0.026225102,0.126478014,5,0.8,0.4,0.158636124
9,7,FCz,0.105557596,0.006752692504914614,0.096761384,0.12359599800000001,5,0.8,0.4,0.158636124
9,23,P4,0.103780138,0.004236690237682005,-0.090922852,0.114811574,5,0.8,0.4,0.158636124
9,2,Fz,0.10100115400000001,0.00919775937725759,-0.091278148,0.113965706,5,0.8,0.4,0.158636124
9,4,F4,0.09753157,0.00652352079117941,0.020071403999999998,0.10593817800000001,5,0.8,0.4,0.158636124
9,20,TP8,0.096595014,0.009142432725121902,-0.057978180000000004,0.115262324,5,0.8,0.4,0.158636124
9,14,C4,0.096138608,0.01937669754120707,-0.091986208,0.108263924,5,0.8,0.4,0.158636124
9,22,P3,0.09441058799999999,0.011253013163103023,0.08994886399999999,0.10451223000000001,5,0.8,0.4,0.158636124
9,0,Fp1,0.094145652,0.016009457224505457,-0.081289394,0.105559044,5,0.8,0.4,0.158636124
9,10,FT7,0.093706526,0.003965421661548741,-0.06254341599999999,0.10951645000000002,5,0.8,0.4,0.158636124
9,24,T5,0.091539734,0.013710331690252068,0.05155624600000001,0.10035203799999999,5,0.8,0.4,0.158636124
9,3,F3,0.08674166800000001,0.011805251002794063,0.027992298,0.093688988,5,0.8,0.4,0.158636124
9,1,Fp2,0.08636209,0.0061402593692327,0.066119586,0.10802032399999999,5,0.8,0.4,0.158636124
9,5,F7,0.083584148,0.006147997570926652,0.08074498599999999,0.09465273199999999,5,0.8,0.4,0.158636124
9,12,Cz,0.082487226,0.008472486267718585,0.069347192,0.093611216,5,0.8,0.4,0.158636124
9,11,FT8,0.081892348,0.004768459198831421,0.0044146160000000005,0.096506858,5,0.8,0.4,0.158636124
9,19,TP7,0.07744061199999999,0.01222458143981911,-0.021474554,0.08790118599999999,5,0.8,0.4,0.158636124
9,25,T6,0.07393316800000001,0.014265128987838493,-0.05522428,0.085013194,5,0.8,0.4,0.158636124
9,26,Oz,0.07252805999999999,0.004869423276066684,0.037039595999999994,0.074582046,5,0.8,0.4,0.158636124
9,6,F8,0.07227979999999999,0.011308459150806086,-0.017506456,0.07726925,5,0.8,0.4,0.158636124
9,9,FC4,0.06224300000000001,0.004068458620491303,-0.060445998,0.082759208,5,0.8,0.4,0.158636124
9,8,FC3,0.04274757,0.018137740313207428,0.004142046,0.052374838,5,0.8,0.4,0.158636124
