[2026-05-29 23:00:39] Run ID:     20260529_2300_de9432dd
[2026-05-29 23:00:39] Artifacts:  /home/vegorov/Repos/eeg_jepa_research/artifacts/liu2024-source-mat-sjepa-prelocal/20260529_2300_de9432dd
[2026-05-29 23:00:39] Config:     /home/vegorov/Repos/eeg_jepa_research/artifacts/liu2024-source-mat-sjepa-prelocal/20260529_2300_de9432dd/config.json
[2026-05-29 23:00:39] Using device: cpu
[2026-05-29 23:00:40] Seed initialized: 2026
[2026-05-29 23:00:40] Configured preprocessing pipeline:
[2026-05-29 23:00:40]   - [ON] source::select_eeg_channels | - select Liu EEG channels, drop CPz reference, EOG, and marker before model input
[2026-05-29 23:00:40]   - [ON] source::demean | mode=trial_mean | baseline_window_s=[0.0, 2.0]
[2026-05-29 23:00:40]   - [off] source::detrend | mode=none
[2026-05-29 23:00:40]   - [off] source::eog_correction | mode=none
[2026-05-29 23:00:40]   - [off] source::artifact_clipping | mode=none | percentile=99.5
[2026-05-29 23:00:40]   - [ON] mne_raw::reference | timing=before_resample_filter | mode=average
[2026-05-29 23:00:40]   - [ON] mne_raw::resample | sfreq=128
[2026-05-29 23:00:40]   - [ON] mne_raw::bandpass_filter | l_freq=0.5 | h_freq=40.0 | method=fir | phase=zero | fir_design=firwin
[2026-05-29 23:00:40]   - [off] mne_raw::notch_filter | timing=after_bandpass
[2026-05-29 23:00:40]   - [ON] window::crop_fixed_mi_window | start_s=1 | target_window_samples=537
[2026-05-29 23:00:40]   - [off] window::bad_trial_rejection
[2026-05-29 23:00:40]   - [off] split::fold_safe_normalization | mode=none
[2026-05-29 23:00:40] Source extract dir: /home/vegorov/Repos/eeg_jepa_research/liu2024_data/liu2024_figshare/sourcedata
[2026-05-29 23:00:40] Found 50 .mat files
[2026-05-29 23:00:40] MAT structure preview saved to: /home/vegorov/Repos/eeg_jepa_research/artifacts/liu2024-source-mat-sjepa-prelocal/20260529_2300_de9432dd/mat_structure_preview_first_subject.csv
[2026-05-29 23:00:46] Subjects loaded: [1, 2, 3, 4, 5, 6, 7, 8, 9, 10, 11, 12, 13, 14, 15, 16, 17, 18, 19, 20, 21, 22, 23, 24, 25, 26, 27, 28, 29, 30, 31, 32, 33, 34, 35, 36, 37, 38, 39, 40, 41, 42, 43, 44, 45, 46, 47, 48, 49, 50]
[2026-05-29 23:00:46] Subject inventory saved to: /home/vegorov/Repos/eeg_jepa_research/artifacts/liu2024-source-mat-sjepa-prelocal/20260529_2300_de9432dd/subject_inventory.csv
[2026-05-29 23:00:59] X_ALL shape: (2000, 29, 537) | Y_ALL counts: [1000, 1000]
[2026-05-29 23:00:59] Preprocessing steps used:
[2026-05-29 23:00:59]   - select 29 EEG channels; drop CPz source reference, EOG, and marker
[2026-05-29 23:00:59]   - source demean: subtract trial/channel mean over time
[2026-05-29 23:00:59]   - source detrend skipped
[2026-05-29 23:00:59]   - EOG correction skipped
[2026-05-29 23:00:59]   - source artifact clipping skipped
[2026-05-29 23:00:59]   - convert source microvolts to MNE volts
[2026-05-29 23:00:59]   - average reference at before resample/filter
[2026-05-29 23:00:59]   - resample to 128 Hz
[2026-05-29 23:00:59]   - FIR bandpass 0.5–40.0 Hz | phase=zero | fir_design=firwin
[2026-05-29 23:00:59]   - convert MNE volts to model microvolts
[2026-05-29 23:00:59]   - crop fixed window samples [128:665]
[2026-05-29 23:00:59]   - bad-trial rejection skipped
[2026-05-29 23:00:59] Window summary saved to: /home/vegorov/Repos/eeg_jepa_research/artifacts/liu2024-source-mat-sjepa-prelocal/20260529_2300_de9432dd/window_counts_by_subject.csv
[2026-05-29 23:00:59] ======================================================================
[2026-05-29 23:00:59] STARTING WITHIN-SUBJECT EVALUATION
[2026-05-29 23:00:59] ======================================================================
[2026-05-29 23:00:59] Experiment:    hpgrid537_bs4_lr0p0004_clip0_start1_test0p4_fir_trial_mean
[2026-05-29 23:00:59] Subjects:      ['1', '2', '3', '4', '5', '6', '7', '8', '9', '10', '11', '12', '13', '14', '15', '16', '17', '18', '19', '20', '21', '22', '23', '24', '25', '26', '27', '28', '29', '30', '31', '32', '33', '34', '35', '36', '37', '38', '39', '40', '41', '42', '43', '44', '45', '46', '47', '48', '49', '50']
[2026-05-29 23:00:59] Model:         SignalJEPA_PreLocal
[2026-05-29 23:00:59] Pretrained:    from_pretrained
[2026-05-29 23:00:59] Strategy:      new
[2026-05-29 23:00:59] Preprocessing: demean=trial_mean | detrend=none | eog=none | clip=none | ref=average@before_resample_filter | resample=True->128 | filter=True 0.5–40.0 fir
[2026-05-29 23:00:59] Normalization: none | reject_bad_trials=False
[2026-05-29 23:00:59] Evaluation:    stratified_kfold | cv_folds=5 | n_repeats=10 | test_size=0.4
[2026-05-29 23:00:59] Seed:          base=2026 | cv=2026 | split=2026 | val=2026
[2026-05-29 23:00:59] Window:        start=1s | samples=537 | duration=4.1953s | effective sfreq=128.0
[2026-05-29 23:00:59] Optimizer:     adam | lr=0.0004 | wd=0.0
[2026-05-29 23:00:59] Augmentation:  noise=0.0 | shift=0 | ch_drop=0.0
[2026-05-29 23:00:59] Val split:     0.2
[2026-05-29 23:00:59] Max epochs:    5000 | patience=50
[2026-05-29 23:00:59] Device:        cpu
[2026-05-29 23:00:59] ======================================================================
[2026-05-29 23:00:59] \nSubject 1: 40 windows | class_counts=[20, 20]

[2026-05-29 23:01:00] Fold 1/5 | subject=1
[2026-05-29 23:01:00]     Train: 32 | counts=[16, 16]
[2026-05-29 23:01:00]     Test:  8 | counts=[4, 4]
[2026-05-29 23:01:00]     Model: SignalJEPA_PreLocal | Pretrained: from_pretrained | Strategy: new
[2026-05-29 23:01:00]     Normalization: none | fit_scope=none
[2026-05-29 23:01:00]     Phase 1 (new): 2,170/16,010 params
[2026-05-29 23:01:03]     Result | best_epoch=246 | stop=249 | final_phase_epochs=249 | acc=0.6250 | bal_acc=0.6250 | pred_hist=[3, 5] | collapse=False
[2026-05-29 23:01:03]     spatial_conv=[4, 29] top_abs_channels=[('F4', 0.16680968), ('Cz', 0.16073535), ('FC4', 0.15564585), ('TP7', 0.15463653), ('FCz', 0.15029126), ('Pz', 0.1424316), ('P3', 0.13270693), ('O2', 0.12151231)]
[2026-05-29 23:01:03]     spatial_update=delta_l2=1.08783991 max_abs=0.26205312 relative=0.91148627 changed=True

[2026-05-29 23:01:04] Fold 2/5 | subject=1
[2026-05-29 23:01:04]     Train: 32 | counts=[16, 16]
[2026-05-29 23:01:04]     Test:  8 | counts=[4, 4]
[2026-05-29 23:01:04]     Model: SignalJEPA_PreLocal | Pretrained: from_pretrained | Strategy: new
[2026-05-29 23:01:04]     Normalization: none | fit_scope=none
[2026-05-29 23:01:04]     Phase 1 (new): 2,170/16,010 params
[2026-05-29 23:01:05]     Result | best_epoch=41 | stop=91 | final_phase_epochs=91 | acc=0.2500 | bal_acc=0.2500 | pred_hist=[6, 2] | collapse=False
[2026-05-29 23:01:05]     spatial_conv=[4, 29] top_abs_channels=[('Pz', 0.14965624), ('O1', 0.13747802), ('CP3', 0.12832668), ('Fp1', 0.12816423), ('T4', 0.12667619), ('T3', 0.11973467), ('CP4', 0.11699934), ('O2', 0.11460348)]
[2026-05-29 23:01:05]     spatial_update=delta_l2=0.38307636 max_abs=0.08090864 relative=0.32097448 changed=True

[2026-05-29 23:01:06] Fold 3/5 | subject=1
[2026-05-29 23:01:06]     Train: 32 | counts=[16, 16]
[2026-05-29 23:01:06]     Test:  8 | counts=[4, 4]
[2026-05-29 23:01:06]     Model: SignalJEPA_PreLocal | Pretrained: from_pretrained | Strategy: new
[2026-05-29 23:01:06]     Normalization: none | fit_scope=none
[2026-05-29 23:01:06]     Phase 1 (new): 2,170/16,010 params
[2026-05-29 23:01:08]     Result | best_epoch=108 | stop=158 | final_phase_epochs=158 | acc=0.5000 | bal_acc=0.5000 | pred_hist=[6, 2] | collapse=False
[2026-05-29 23:01:08]     spatial_conv=[4, 29] top_abs_channels=[('F4', 0.16526709), ('TP7', 0.15782544), ('O1', 0.14150321), ('Pz', 0.13475972), ('O2', 0.13078162), ('TP8', 0.11947896), ('Fp1', 0.11796879), ('CP4', 0.11495021)]
[2026-05-29 23:01:08]     spatial_update=delta_l2=0.82379650 max_abs=0.20139161 relative=0.69024789 changed=True

[2026-05-29 23:01:08] Fold 4/5 | subject=1
[2026-05-29 23:01:08]     Train: 32 | counts=[16, 16]
[2026-05-29 23:01:08]     Test:  8 | counts=[4, 4]
[2026-05-29 23:01:08]     Model: SignalJEPA_PreLocal | Pretrained: from_pretrained | Strategy: new
[2026-05-29 23:01:08]     Normalization: none | fit_scope=none
[2026-05-29 23:01:08]     Phase 1 (new): 2,170/16,010 params
[2026-05-29 23:01:11]     Result | best_epoch=156 | stop=206 | final_phase_epochs=206 | acc=0.5000 | bal_acc=0.5000 | pred_hist=[6, 2] | collapse=False
[2026-05-29 23:01:11]     spatial_conv=[4, 29] top_abs_channels=[('CP4', 0.17036562), ('C4', 0.16590355), ('T3', 0.16196369), ('F4', 0.14163728), ('Pz', 0.13937224), ('TP7', 0.13661699), ('O2', 0.13266745), ('T4', 0.13212974)]
[2026-05-29 23:01:11]     spatial_update=delta_l2=0.80925310 max_abs=0.20745219 relative=0.67806217 changed=True

[2026-05-29 23:01:11] Fold 5/5 | subject=1
[2026-05-29 23:01:11]     Train: 32 | counts=[16, 16]
[2026-05-29 23:01:11]     Test:  8 | counts=[4, 4]
[2026-05-29 23:01:11]     Model: SignalJEPA_PreLocal | Pretrained: from_pretrained | Strategy: new
[2026-05-29 23:01:11]     Normalization: none | fit_scope=none
[2026-05-29 23:01:11]     Phase 1 (new): 2,170/16,010 params
[2026-05-29 23:01:12]     Result | best_epoch=1 | stop=51 | final_phase_epochs=51 | acc=0.5000 | bal_acc=0.5000 | pred_hist=[0, 8] | collapse=True
[2026-05-29 23:01:12]     spatial_conv=[4, 29] top_abs_channels=[('Pz', 0.15222117), ('O2', 0.14376459), ('T3', 0.12657447), ('CP3', 0.12221752), ('O1', 0.12202921), ('T4', 0.12202073), ('C3', 0.1140511), ('CP4', 0.11009524)]
[2026-05-29 23:01:12]     spatial_update=delta_l2=0.01190228 max_abs=0.00223690 relative=0.00997276 changed=True
[2026-05-29 23:01:12]   Subject 1: acc=0.4750±0.1225  bal_acc=0.4750±0.1225
[2026-05-29 23:01:12] \nSubject 2: 40 windows | class_counts=[20, 20]

[2026-05-29 23:01:12] Fold 1/5 | subject=2
[2026-05-29 23:01:12]     Train: 32 | counts=[16, 16]
[2026-05-29 23:01:12]     Test:  8 | counts=[4, 4]
[2026-05-29 23:01:12]     Model: SignalJEPA_PreLocal | Pretrained: from_pretrained | Strategy: new
[2026-05-29 23:01:12]     Normalization: none | fit_scope=none
[2026-05-29 23:01:12]     Phase 1 (new): 2,170/16,010 params
[2026-05-29 23:01:22]     Result | best_epoch=652 | stop=702 | final_phase_epochs=702 | acc=0.5000 | bal_acc=0.5000 | pred_hist=[4, 4] | collapse=False
[2026-05-29 23:01:22]     spatial_conv=[4, 29] top_abs_channels=[('CP3', 0.2637639), ('T3', 0.22512618), ('C3', 0.19498773), ('FT7', 0.13243401), ('FCz', 0.12932947), ('Fz', 0.12847248), ('Cz', 0.11084449), ('P4', 0.10684243)]
[2026-05-29 23:01:22]     spatial_update=delta_l2=1.28337642 max_abs=0.35984847 relative=1.07532366 changed=True

[2026-05-29 23:01:22] Fold 2/5 | subject=2
[2026-05-29 23:01:22]     Train: 32 | counts=[16, 16]
[2026-05-29 23:01:22]     Test:  8 | counts=[4, 4]
[2026-05-29 23:01:22]     Model: SignalJEPA_PreLocal | Pretrained: from_pretrained | Strategy: new
[2026-05-29 23:01:22]     Normalization: none | fit_scope=none
[2026-05-29 23:01:22]     Phase 1 (new): 2,170/16,010 params
[2026-05-29 23:01:23]     Result | best_epoch=1 | stop=51 | final_phase_epochs=51 | acc=0.5000 | bal_acc=0.5000 | pred_hist=[0, 8] | collapse=True
[2026-05-29 23:01:23]     spatial_conv=[4, 29] top_abs_channels=[('Pz', 0.15279084), ('O2', 0.144346), ('T3', 0.12695041), ('T4', 0.12223856), ('O1', 0.12138728), ('CP3', 0.12110572), ('C3', 0.1152863), ('CP4', 0.11136833)]
[2026-05-29 23:01:23]     spatial_update=delta_l2=0.01064096 max_abs=0.00205657 relative=0.00891591 changed=True

[2026-05-29 23:01:23] Fold 3/5 | subject=2
[2026-05-29 23:01:23]     Train: 32 | counts=[16, 16]
[2026-05-29 23:01:23]     Test:  8 | counts=[4, 4]
[2026-05-29 23:01:23]     Model: SignalJEPA_PreLocal | Pretrained: from_pretrained | Strategy: new
[2026-05-29 23:01:23]     Normalization: none | fit_scope=none
[2026-05-29 23:01:23]     Phase 1 (new): 2,170/16,010 params
[2026-05-29 23:01:24]     Result | best_epoch=1 | stop=51 | final_phase_epochs=51 | acc=0.5000 | bal_acc=0.5000 | pred_hist=[0, 8] | collapse=True
[2026-05-29 23:01:24]     spatial_conv=[4, 29] top_abs_channels=[('Pz', 0.15372573), ('O2', 0.14363538), ('T3', 0.12714727), ('T4', 0.12192118), ('O1', 0.12127411), ('CP3', 0.12097588), ('C3', 0.11606713), ('CP4', 0.1115565)]
[2026-05-29 23:01:24]     spatial_update=delta_l2=0.01317517 max_abs=0.00207467 relative=0.01103929 changed=True

[2026-05-29 23:01:25] Fold 4/5 | subject=2
[2026-05-29 23:01:25]     Train: 32 | counts=[16, 16]
[2026-05-29 23:01:25]     Test:  8 | counts=[4, 4]
[2026-05-29 23:01:25]     Model: SignalJEPA_PreLocal | Pretrained: from_pretrained | Strategy: new
[2026-05-29 23:01:25]     Normalization: none | fit_scope=none
[2026-05-29 23:01:25]     Phase 1 (new): 2,170/16,010 params
[2026-05-29 23:01:25]     Result | best_epoch=1 | stop=51 | final_phase_epochs=51 | acc=0.5000 | bal_acc=0.5000 | pred_hist=[0, 8] | collapse=True
[2026-05-29 23:01:25]     spatial_conv=[4, 29] top_abs_channels=[('Pz', 0.15349939), ('O2', 0.14392206), ('T3', 0.12690574), ('T4', 0.12169856), ('O1', 0.12125164), ('CP3', 0.12099478), ('C3', 0.11588718), ('CP4', 0.11222641)]
[2026-05-29 23:01:25]     spatial_update=delta_l2=0.01293038 max_abs=0.00226675 relative=0.01083419 changed=True

[2026-05-29 23:01:26] Fold 5/5 | subject=2
[2026-05-29 23:01:26]     Train: 32 | counts=[16, 16]
[2026-05-29 23:01:26]     Test:  8 | counts=[4, 4]
[2026-05-29 23:01:26]     Model: SignalJEPA_PreLocal | Pretrained: from_pretrained | Strategy: new
[2026-05-29 23:01:26]     Normalization: none | fit_scope=none
[2026-05-29 23:01:26]     Phase 1 (new): 2,170/16,010 params
[2026-05-29 23:01:27]     Result | best_epoch=1 | stop=51 | final_phase_epochs=51 | acc=0.5000 | bal_acc=0.5000 | pred_hist=[0, 8] | collapse=True
[2026-05-29 23:01:27]     spatial_conv=[4, 29] top_abs_channels=[('Pz', 0.15262359), ('O2', 0.14372134), ('T3', 0.12656689), ('T4', 0.12246219), ('O1', 0.12194135), ('CP3', 0.12113447), ('C3', 0.11552447), ('CP4', 0.11195603)]
[2026-05-29 23:01:27]     spatial_update=delta_l2=0.01182179 max_abs=0.00236116 relative=0.00990532 changed=True
[2026-05-29 23:01:27]   Subject 2: acc=0.5000±0.0000  bal_acc=0.5000±0.0000
[2026-05-29 23:01:27] \nSubject 3: 40 windows | class_counts=[20, 20]

[2026-05-29 23:01:27] Fold 1/5 | subject=3
[2026-05-29 23:01:27]     Train: 32 | counts=[16, 16]
[2026-05-29 23:01:27]     Test:  8 | counts=[4, 4]
[2026-05-29 23:01:27]     Model: SignalJEPA_PreLocal | Pretrained: from_pretrained | Strategy: new
[2026-05-29 23:01:27]     Normalization: none | fit_scope=none
[2026-05-29 23:01:27]     Phase 1 (new): 2,170/16,010 params
[2026-05-29 23:01:31]     Result | best_epoch=226 | stop=276 | final_phase_epochs=276 | acc=0.6250 | bal_acc=0.6250 | pred_hist=[5, 3] | collapse=False
[2026-05-29 23:01:31]     spatial_conv=[4, 29] top_abs_channels=[('Pz', 0.17749605), ('CP3', 0.15289456), ('Cz', 0.15193504), ('C4', 0.15180874), ('Fz', 0.15175872), ('P4', 0.13673355), ('F4', 0.1268589), ('T3', 0.12378592)]
[2026-05-29 23:01:31]     spatial_update=delta_l2=1.14353378 max_abs=0.29041176 relative=0.95815141 changed=True

[2026-05-29 23:01:31] Fold 2/5 | subject=3
[2026-05-29 23:01:31]     Train: 32 | counts=[16, 16]
[2026-05-29 23:01:31]     Test:  8 | counts=[4, 4]
[2026-05-29 23:01:31]     Model: SignalJEPA_PreLocal | Pretrained: from_pretrained | Strategy: new
[2026-05-29 23:01:31]     Normalization: none | fit_scope=none
[2026-05-29 23:01:31]     Phase 1 (new): 2,170/16,010 params
[2026-05-29 23:01:33]     Result | best_epoch=82 | stop=132 | final_phase_epochs=132 | acc=0.3750 | bal_acc=0.3750 | pred_hist=[5, 3] | collapse=False
[2026-05-29 23:01:33]     spatial_conv=[4, 29] top_abs_channels=[('Pz', 0.1612684), ('P4', 0.15830263), ('O2', 0.14566097), ('T4', 0.14172399), ('C3', 0.13524349), ('CP4', 0.13292208), ('T5', 0.12650912), ('CP3', 0.1112447)]
[2026-05-29 23:01:33]     spatial_update=delta_l2=0.64445117 max_abs=0.18217427 relative=0.53997687 changed=True

[2026-05-29 23:01:33] Fold 3/5 | subject=3
[2026-05-29 23:01:33]     Train: 32 | counts=[16, 16]
[2026-05-29 23:01:33]     Test:  8 | counts=[4, 4]
[2026-05-29 23:01:33]     Model: SignalJEPA_PreLocal | Pretrained: from_pretrained | Strategy: new
[2026-05-29 23:01:33]     Normalization: none | fit_scope=none
[2026-05-29 23:01:33]     Phase 1 (new): 2,170/16,010 params
[2026-05-29 23:01:34]     Result | best_epoch=22 | stop=72 | final_phase_epochs=72 | acc=0.5000 | bal_acc=0.5000 | pred_hist=[4, 4] | collapse=False
[2026-05-29 23:01:34]     spatial_conv=[4, 29] top_abs_channels=[('O2', 0.16178779), ('Pz', 0.16149813), ('T3', 0.12593846), ('P4', 0.12003636), ('CP3', 0.11926286), ('O1', 0.11133365), ('C3', 0.10793081), ('CP4', 0.1075944)]
[2026-05-29 23:01:34]     spatial_update=delta_l2=0.21925649 max_abs=0.04924374 relative=0.18371203 changed=True

[2026-05-29 23:01:35] Fold 4/5 | subject=3
[2026-05-29 23:01:35]     Train: 32 | counts=[16, 16]
[2026-05-29 23:01:35]     Test:  8 | counts=[4, 4]
[2026-05-29 23:01:35]     Model: SignalJEPA_PreLocal | Pretrained: from_pretrained | Strategy: new
[2026-05-29 23:01:35]     Normalization: none | fit_scope=none
[2026-05-29 23:01:35]     Phase 1 (new): 2,170/16,010 params
[2026-05-29 23:01:37]     Result | best_epoch=101 | stop=151 | final_phase_epochs=151 | acc=0.8750 | bal_acc=0.8750 | pred_hist=[5, 3] | collapse=False
[2026-05-29 23:01:37]     spatial_conv=[4, 29] top_abs_channels=[('P4', 0.17448568), ('Pz', 0.16356494), ('TP7', 0.15544395), ('Oz', 0.14901787), ('P3', 0.14252965), ('O2', 0.1319838), ('CP4', 0.13135242), ('C3', 0.09780457)]
[2026-05-29 23:01:37]     spatial_update=delta_l2=0.72791499 max_abs=0.17974965 relative=0.60991008 changed=True

[2026-05-29 23:01:37] Fold 5/5 | subject=3
[2026-05-29 23:01:37]     Train: 32 | counts=[16, 16]
[2026-05-29 23:01:37]     Test:  8 | counts=[4, 4]
[2026-05-29 23:01:37]     Model: SignalJEPA_PreLocal | Pretrained: from_pretrained | Strategy: new
[2026-05-29 23:01:37]     Normalization: none | fit_scope=none
[2026-05-29 23:01:37]     Phase 1 (new): 2,170/16,010 params
[2026-05-29 23:01:40]     Result | best_epoch=160 | stop=210 | final_phase_epochs=210 | acc=0.6250 | bal_acc=0.6250 | pred_hist=[7, 1] | collapse=False
[2026-05-29 23:01:40]     spatial_conv=[4, 29] top_abs_channels=[('T3', 0.18198314), ('CP3', 0.18198276), ('Fz', 0.14633524), ('Pz', 0.14557227), ('TP7', 0.13877484), ('C3', 0.1364632), ('T6', 0.13297266), ('F4', 0.12432466)]
[2026-05-29 23:01:40]     spatial_update=delta_l2=0.95262324 max_abs=0.22938959 relative=0.79819006 changed=True
[2026-05-29 23:01:40]   Subject 3: acc=0.6000±0.1658  bal_acc=0.6000±0.1658
[2026-05-29 23:01:40] \nSubject 4: 40 windows | class_counts=[20, 20]

[2026-05-29 23:01:41] Fold 1/5 | subject=4
[2026-05-29 23:01:41]     Train: 32 | counts=[16, 16]
[2026-05-29 23:01:41]     Test:  8 | counts=[4, 4]
[2026-05-29 23:01:41]     Model: SignalJEPA_PreLocal | Pretrained: from_pretrained | Strategy: new
[2026-05-29 23:01:41]     Normalization: none | fit_scope=none
[2026-05-29 23:01:41]     Phase 1 (new): 2,170/16,010 params
[2026-05-29 23:01:41]     Result | best_epoch=1 | stop=51 | final_phase_epochs=51 | acc=0.5000 | bal_acc=0.5000 | pred_hist=[0, 8] | collapse=True
[2026-05-29 23:01:41]     spatial_conv=[4, 29] top_abs_channels=[('Pz', 0.15307257), ('O2', 0.14339224), ('T3', 0.12678804), ('O1', 0.12311652), ('T4', 0.12132521), ('CP3', 0.12123188), ('C3', 0.11485575), ('CP4', 0.11089981)]
[2026-05-29 23:01:41]     spatial_update=delta_l2=0.01221780 max_abs=0.00210518 relative=0.01023713 changed=True

[2026-05-29 23:01:42] Fold 2/5 | subject=4
[2026-05-29 23:01:42]     Train: 32 | counts=[16, 16]
[2026-05-29 23:01:42]     Test:  8 | counts=[4, 4]
[2026-05-29 23:01:42]     Model: SignalJEPA_PreLocal | Pretrained: from_pretrained | Strategy: new
[2026-05-29 23:01:42]     Normalization: none | fit_scope=none
[2026-05-29 23:01:42]     Phase 1 (new): 2,170/16,010 params
[2026-05-29 23:01:45]     Result | best_epoch=214 | stop=264 | final_phase_epochs=264 | acc=0.6250 | bal_acc=0.6250 | pred_hist=[3, 5] | collapse=False
[2026-05-29 23:01:45]     spatial_conv=[4, 29] top_abs_channels=[('Fz', 0.17504147), ('O2', 0.16598527), ('FC4', 0.15495819), ('CP3', 0.14940473), ('T4', 0.13396093), ('C3', 0.12502606), ('P4', 0.12397998), ('Pz', 0.11343257)]
[2026-05-29 23:01:45]     spatial_update=delta_l2=0.87683028 max_abs=0.25549380 relative=0.73468417 changed=True

[2026-05-29 23:01:46] Fold 3/5 | subject=4
[2026-05-29 23:01:46]     Train: 32 | counts=[16, 16]
[2026-05-29 23:01:46]     Test:  8 | counts=[4, 4]
[2026-05-29 23:01:46]     Model: SignalJEPA_PreLocal | Pretrained: from_pretrained | Strategy: new
[2026-05-29 23:01:46]     Normalization: none | fit_scope=none
[2026-05-29 23:01:46]     Phase 1 (new): 2,170/16,010 params
[2026-05-29 23:02:10]     Result | best_epoch=1789 | stop=1839 | final_phase_epochs=1839 | acc=0.6250 | bal_acc=0.6250 | pred_hist=[3, 5] | collapse=False
[2026-05-29 23:02:10]     spatial_conv=[4, 29] top_abs_channels=[('T6', 0.19556072), ('C4', 0.18626744), ('C3', 0.17584515), ('P3', 0.17202047), ('CP4', 0.1596337), ('FCz', 0.13485214), ('Pz', 0.12637292), ('Cz', 0.12618318)]
[2026-05-29 23:02:10]     spatial_update=delta_l2=1.38937833 max_abs=0.33144209 relative=1.16414122 changed=True

[2026-05-29 23:02:10] Fold 4/5 | subject=4
[2026-05-29 23:02:10]     Train: 32 | counts=[16, 16]
[2026-05-29 23:02:10]     Test:  8 | counts=[4, 4]
[2026-05-29 23:02:10]     Model: SignalJEPA_PreLocal | Pretrained: from_pretrained | Strategy: new
[2026-05-29 23:02:10]     Normalization: none | fit_scope=none
[2026-05-29 23:02:10]     Phase 1 (new): 2,170/16,010 params
[2026-05-29 23:02:16]     Result | best_epoch=401 | stop=451 | final_phase_epochs=451 | acc=0.6250 | bal_acc=0.6250 | pred_hist=[5, 3] | collapse=False
[2026-05-29 23:02:16]     spatial_conv=[4, 29] top_abs_channels=[('FC4', 0.24821214), ('Pz', 0.16675179), ('CP4', 0.13848718), ('Fz', 0.13278118), ('C3', 0.13045509), ('P4', 0.13005014), ('C4', 0.11690763), ('Oz', 0.11589885)]
[2026-05-29 23:02:16]     spatial_update=delta_l2=1.09222021 max_abs=0.47308605 relative=0.91515647 changed=True

[2026-05-29 23:02:17] Fold 5/5 | subject=4
[2026-05-29 23:02:17]     Train: 32 | counts=[16, 16]
[2026-05-29 23:02:17]     Test:  8 | counts=[4, 4]
[2026-05-29 23:02:17]     Model: SignalJEPA_PreLocal | Pretrained: from_pretrained | Strategy: new
[2026-05-29 23:02:17]     Normalization: none | fit_scope=none
[2026-05-29 23:02:17]     Phase 1 (new): 2,170/16,010 params
[2026-05-29 23:02:18]     Result | best_epoch=1 | stop=51 | final_phase_epochs=51 | acc=0.5000 | bal_acc=0.5000 | pred_hist=[2, 6] | collapse=False
[2026-05-29 23:02:18]     spatial_conv=[4, 29] top_abs_channels=[('Pz', 0.15285723), ('O2', 0.14314125), ('T3', 0.12608832), ('O1', 0.1232052), ('CP3', 0.12198734), ('T4', 0.12175928), ('C3', 0.11495675), ('CP4', 0.11205731)]
[2026-05-29 23:02:18]     spatial_update=delta_l2=0.01391254 max_abs=0.00238287 relative=0.01165713 changed=True
[2026-05-29 23:02:18]   Subject 4: acc=0.5750±0.0612  bal_acc=0.5750±0.0612
[2026-05-29 23:02:18] \nSubject 5: 40 windows | class_counts=[20, 20]

[2026-05-29 23:02:18] Fold 1/5 | subject=5
[2026-05-29 23:02:18]     Train: 32 | counts=[16, 16]
[2026-05-29 23:02:18]     Test:  8 | counts=[4, 4]
[2026-05-29 23:02:18]     Model: SignalJEPA_PreLocal | Pretrained: from_pretrained | Strategy: new
[2026-05-29 23:02:18]     Normalization: none | fit_scope=none
[2026-05-29 23:02:18]     Phase 1 (new): 2,170/16,010 params
[2026-05-29 23:02:19]     Result | best_epoch=1 | stop=51 | final_phase_epochs=51 | acc=0.5000 | bal_acc=0.5000 | pred_hist=[0, 8] | collapse=True
[2026-05-29 23:02:19]     spatial_conv=[4, 29] top_abs_channels=[('Pz', 0.15327668), ('O2', 0.14437883), ('T3', 0.12631701), ('O1', 0.12266544), ('T4', 0.1220248), ('CP3', 0.12130382), ('C3', 0.11561194), ('CP4', 0.11095565)]
[2026-05-29 23:02:19]     spatial_update=delta_l2=0.01203788 max_abs=0.00230888 relative=0.01008637 changed=True

[2026-05-29 23:02:19] Fold 2/5 | subject=5
[2026-05-29 23:02:19]     Train: 32 | counts=[16, 16]
[2026-05-29 23:02:19]     Test:  8 | counts=[4, 4]
[2026-05-29 23:02:19]     Model: SignalJEPA_PreLocal | Pretrained: from_pretrained | Strategy: new
[2026-05-29 23:02:19]     Normalization: none | fit_scope=none
[2026-05-29 23:02:19]     Phase 1 (new): 2,170/16,010 params
[2026-05-29 23:02:20]     Result | best_epoch=1 | stop=51 | final_phase_epochs=51 | acc=0.5000 | bal_acc=0.5000 | pred_hist=[0, 8] | collapse=True
[2026-05-29 23:02:20]     spatial_conv=[4, 29] top_abs_channels=[('Pz', 0.15226664), ('O2', 0.14373712), ('T3', 0.12719114), ('T4', 0.12290214), ('O1', 0.12185224), ('CP3', 0.12014051), ('C3', 0.11543519), ('CP4', 0.11068843)]
[2026-05-29 23:02:20]     spatial_update=delta_l2=0.01178640 max_abs=0.00229848 relative=0.00987566 changed=True

[2026-05-29 23:02:20] Fold 3/5 | subject=5
[2026-05-29 23:02:20]     Train: 32 | counts=[16, 16]
[2026-05-29 23:02:20]     Test:  8 | counts=[4, 4]
[2026-05-29 23:02:20]     Model: SignalJEPA_PreLocal | Pretrained: from_pretrained | Strategy: new
[2026-05-29 23:02:20]     Normalization: none | fit_scope=none
[2026-05-29 23:02:20]     Phase 1 (new): 2,170/16,010 params
[2026-05-29 23:03:01]     Result | best_epoch=2991 | stop=3041 | final_phase_epochs=3041 | acc=0.5000 | bal_acc=0.5000 | pred_hist=[2, 6] | collapse=False
[2026-05-29 23:03:01]     spatial_conv=[4, 29] top_abs_channels=[('T4', 0.16861595), ('CP4', 0.14163099), ('TP8', 0.12827493), ('FCz', 0.11808105), ('T3', 0.11678466), ('F4', 0.11541172), ('P3', 0.11377512), ('Pz', 0.11314279)]
[2026-05-29 23:03:01]     spatial_update=delta_l2=1.18109599 max_abs=0.36914554 relative=0.98962427 changed=True

[2026-05-29 23:03:01] Fold 4/5 | subject=5
[2026-05-29 23:03:01]     Train: 32 | counts=[16, 16]
[2026-05-29 23:03:01]     Test:  8 | counts=[4, 4]
[2026-05-29 23:03:01]     Model: SignalJEPA_PreLocal | Pretrained: from_pretrained | Strategy: new
[2026-05-29 23:03:01]     Normalization: none | fit_scope=none
[2026-05-29 23:03:01]     Phase 1 (new): 2,170/16,010 params
[2026-05-29 23:03:03]     Result | best_epoch=58 | stop=108 | final_phase_epochs=108 | acc=0.8750 | bal_acc=0.8750 | pred_hist=[5, 3] | collapse=False
[2026-05-29 23:03:03]     spatial_conv=[4, 29] top_abs_channels=[('O2', 0.16372266), ('Pz', 0.13676831), ('T4', 0.12800232), ('CP4', 0.12743956), ('Fp1', 0.12377862), ('C4', 0.12062795), ('F3', 0.11437907), ('T5', 0.11253153)]
[2026-05-29 23:03:03]     spatial_update=delta_l2=0.55542862 max_abs=0.12906351 relative=0.46538609 changed=True

[2026-05-29 23:03:03] Fold 5/5 | subject=5
[2026-05-29 23:03:03]     Train: 32 | counts=[16, 16]
[2026-05-29 23:03:03]     Test:  8 | counts=[4, 4]
[2026-05-29 23:03:03]     Model: SignalJEPA_PreLocal | Pretrained: from_pretrained | Strategy: new
[2026-05-29 23:03:03]     Normalization: none | fit_scope=none
[2026-05-29 23:03:03]     Phase 1 (new): 2,170/16,010 params
[2026-05-29 23:03:06]     Result | best_epoch=178 | stop=213 | final_phase_epochs=213 | acc=0.3750 | bal_acc=0.3750 | pred_hist=[5, 3] | collapse=False
[2026-05-29 23:03:06]     spatial_conv=[4, 29] top_abs_channels=[('T3', 0.18600646), ('TP8', 0.18274814), ('Fp1', 0.14900362), ('T5', 0.13514076), ('F8', 0.12722343), ('F7', 0.12531796), ('C4', 0.1209354), ('FCz', 0.11468549)]
[2026-05-29 23:03:06]     spatial_update=delta_l2=0.89943723 max_abs=0.23614964 relative=0.75362623 changed=True
[2026-05-29 23:03:06]   Subject 5: acc=0.5500±0.1696  bal_acc=0.5500±0.1696
[2026-05-29 23:03:06] \nSubject 6: 40 windows | class_counts=[20, 20]

[2026-05-29 23:03:07] Fold 1/5 | subject=6
[2026-05-29 23:03:07]     Train: 32 | counts=[16, 16]
[2026-05-29 23:03:07]     Test:  8 | counts=[4, 4]
[2026-05-29 23:03:07]     Model: SignalJEPA_PreLocal | Pretrained: from_pretrained | Strategy: new
[2026-05-29 23:03:07]     Normalization: none | fit_scope=none
[2026-05-29 23:03:07]     Phase 1 (new): 2,170/16,010 params
[2026-05-29 23:03:10]     Result | best_epoch=232 | stop=282 | final_phase_epochs=282 | acc=0.5000 | bal_acc=0.5000 | pred_hist=[6, 2] | collapse=False
[2026-05-29 23:03:10]     spatial_conv=[4, 29] top_abs_channels=[('CP4', 0.16828945), ('F7', 0.16201524), ('CP3', 0.16023794), ('Pz', 0.15882502), ('C4', 0.15757585), ('T3', 0.14158899), ('Fz', 0.13894892), ('Fp2', 0.11327739)]
[2026-05-29 23:03:10]     spatial_update=delta_l2=0.87722596 max_abs=0.22572199 relative=0.73501570 changed=True

[2026-05-29 23:03:11] Fold 2/5 | subject=6
[2026-05-29 23:03:11]     Train: 32 | counts=[16, 16]
[2026-05-29 23:03:11]     Test:  8 | counts=[4, 4]
[2026-05-29 23:03:11]     Model: SignalJEPA_PreLocal | Pretrained: from_pretrained | Strategy: new
[2026-05-29 23:03:11]     Normalization: none | fit_scope=none
[2026-05-29 23:03:11]     Phase 1 (new): 2,170/16,010 params
[2026-05-29 23:03:11]     Result | best_epoch=1 | stop=51 | final_phase_epochs=51 | acc=0.6250 | bal_acc=0.6250 | pred_hist=[1, 7] | collapse=False
[2026-05-29 23:03:11]     spatial_conv=[4, 29] top_abs_channels=[('Pz', 0.15335786), ('O2', 0.14417128), ('T3', 0.12793572), ('O1', 0.12157236), ('T4', 0.1214758), ('CP3', 0.12072232), ('C3', 0.11565401), ('CP4', 0.11085673)]
[2026-05-29 23:03:11]     spatial_update=delta_l2=0.01245361 max_abs=0.00225072 relative=0.01043471 changed=True

[2026-05-29 23:03:12] Fold 3/5 | subject=6
[2026-05-29 23:03:12]     Train: 32 | counts=[16, 16]
[2026-05-29 23:03:12]     Test:  8 | counts=[4, 4]
[2026-05-29 23:03:12]     Model: SignalJEPA_PreLocal | Pretrained: from_pretrained | Strategy: new
[2026-05-29 23:03:12]     Normalization: none | fit_scope=none
[2026-05-29 23:03:12]     Phase 1 (new): 2,170/16,010 params
[2026-05-29 23:03:13]     Result | best_epoch=1 | stop=51 | final_phase_epochs=51 | acc=0.6250 | bal_acc=0.6250 | pred_hist=[1, 7] | collapse=False
[2026-05-29 23:03:13]     spatial_conv=[4, 29] top_abs_channels=[('Pz', 0.15403399), ('O2', 0.14419466), ('T3', 0.12689462), ('T4', 0.12201993), ('O1', 0.12158631), ('CP3', 0.12051091), ('C3', 0.11462396), ('CP4', 0.11133029)]
[2026-05-29 23:03:13]     spatial_update=delta_l2=0.01261752 max_abs=0.00224473 relative=0.01057205 changed=True

[2026-05-29 23:03:13] Fold 4/5 | subject=6
[2026-05-29 23:03:13]     Train: 32 | counts=[16, 16]
[2026-05-29 23:03:13]     Test:  8 | counts=[4, 4]
[2026-05-29 23:03:13]     Model: SignalJEPA_PreLocal | Pretrained: from_pretrained | Strategy: new
[2026-05-29 23:03:13]     Normalization: none | fit_scope=none
[2026-05-29 23:03:13]     Phase 1 (new): 2,170/16,010 params
[2026-05-29 23:03:14]     Result | best_epoch=12 | stop=62 | final_phase_epochs=62 | acc=0.2500 | bal_acc=0.2500 | pred_hist=[4, 4] | collapse=False
[2026-05-29 23:03:14]     spatial_conv=[4, 29] top_abs_channels=[('Pz', 0.14898986), ('O2', 0.14589585), ('T3', 0.13021886), ('T4', 0.11996789), ('C3', 0.11831906), ('P3', 0.1176469), ('CP3', 0.11692804), ('O1', 0.11258288)]
[2026-05-29 23:03:14]     spatial_update=delta_l2=0.12372923 max_abs=0.02546037 relative=0.10367104 changed=True

[2026-05-29 23:03:14] Fold 5/5 | subject=6
[2026-05-29 23:03:14]     Train: 32 | counts=[16, 16]
[2026-05-29 23:03:14]     Test:  8 | counts=[4, 4]
[2026-05-29 23:03:14]     Model: SignalJEPA_PreLocal | Pretrained: from_pretrained | Strategy: new
[2026-05-29 23:03:14]     Normalization: none | fit_scope=none
[2026-05-29 23:03:14]     Phase 1 (new): 2,170/16,010 params
[2026-05-29 23:03:15]     Result | best_epoch=17 | stop=67 | final_phase_epochs=67 | acc=0.3750 | bal_acc=0.3750 | pred_hist=[7, 1] | collapse=False
[2026-05-29 23:03:15]     spatial_conv=[4, 29] top_abs_channels=[('Pz', 0.15652072), ('O2', 0.14050922), ('T3', 0.12861051), ('P3', 0.1202723), ('T4', 0.11972613), ('O1', 0.11903206), ('Fp1', 0.11674121), ('C3', 0.11554387)]
[2026-05-29 23:03:15]     spatial_update=delta_l2=0.14896051 max_abs=0.03654367 relative=0.12481198 changed=True
[2026-05-29 23:03:15]   Subject 6: acc=0.4750±0.1458  bal_acc=0.4750±0.1458
[2026-05-29 23:03:15] \nSubject 7: 40 windows | class_counts=[20, 20]

[2026-05-29 23:03:16] Fold 1/5 | subject=7
[2026-05-29 23:03:16]     Train: 32 | counts=[16, 16]
[2026-05-29 23:03:16]     Test:  8 | counts=[4, 4]
[2026-05-29 23:03:16]     Model: SignalJEPA_PreLocal | Pretrained: from_pretrained | Strategy: new
[2026-05-29 23:03:16]     Normalization: none | fit_scope=none
[2026-05-29 23:03:16]     Phase 1 (new): 2,170/16,010 params
[2026-05-29 23:03:25]     Result | best_epoch=668 | stop=718 | final_phase_epochs=718 | acc=0.3750 | bal_acc=0.3750 | pred_hist=[5, 3] | collapse=False
[2026-05-29 23:03:25]     spatial_conv=[4, 29] top_abs_channels=[('P3', 0.22411698), ('T5', 0.1895242), ('CP3', 0.18689275), ('Cz', 0.14325899), ('F3', 0.13428837), ('F8', 0.12150794), ('F4', 0.11730184), ('FC4', 0.10588807)]
[2026-05-29 23:03:25]     spatial_update=delta_l2=1.39208521 max_abs=0.32727186 relative=1.16640927 changed=True

[2026-05-29 23:03:26] Fold 2/5 | subject=7
[2026-05-29 23:03:26]     Train: 32 | counts=[16, 16]
[2026-05-29 23:03:26]     Test:  8 | counts=[4, 4]
[2026-05-29 23:03:26]     Model: SignalJEPA_PreLocal | Pretrained: from_pretrained | Strategy: new
[2026-05-29 23:03:26]     Normalization: none | fit_scope=none
[2026-05-29 23:03:26]     Phase 1 (new): 2,170/16,010 params
[2026-05-29 23:03:29]     Result | best_epoch=201 | stop=251 | final_phase_epochs=251 | acc=0.5000 | bal_acc=0.5000 | pred_hist=[2, 6] | collapse=False
[2026-05-29 23:03:29]     spatial_conv=[4, 29] top_abs_channels=[('Fz', 0.12839204), ('F8', 0.12504235), ('F7', 0.1237699), ('CP4', 0.12173863), ('F3', 0.11982915), ('TP8', 0.11826065), ('CP3', 0.11721846), ('O1', 0.11707144)]
[2026-05-29 23:03:29]     spatial_update=delta_l2=0.87741607 max_abs=0.21201972 relative=0.73517500 changed=True

[2026-05-29 23:03:30] Fold 3/5 | subject=7
[2026-05-29 23:03:30]     Train: 32 | counts=[16, 16]
[2026-05-29 23:03:30]     Test:  8 | counts=[4, 4]
[2026-05-29 23:03:30]     Model: SignalJEPA_PreLocal | Pretrained: from_pretrained | Strategy: new
[2026-05-29 23:03:30]     Normalization: none | fit_scope=none
[2026-05-29 23:03:30]     Phase 1 (new): 2,170/16,010 params
[2026-05-29 23:03:35]     Result | best_epoch=324 | stop=374 | final_phase_epochs=374 | acc=0.2500 | bal_acc=0.2500 | pred_hist=[4, 4] | collapse=False
[2026-05-29 23:03:35]     spatial_conv=[4, 29] top_abs_channels=[('F4', 0.160348), ('O2', 0.1523807), ('CP3', 0.1334365), ('FT8', 0.12713011), ('CP4', 0.12421952), ('Fz', 0.11916472), ('TP7', 0.11737641), ('T4', 0.11175641)]
[2026-05-29 23:03:35]     spatial_update=delta_l2=0.95898113 max_abs=0.20554563 relative=0.80351726 changed=True

[2026-05-29 23:03:35] Fold 4/5 | subject=7
[2026-05-29 23:03:35]     Train: 32 | counts=[16, 16]
[2026-05-29 23:03:35]     Test:  8 | counts=[4, 4]
[2026-05-29 23:03:35]     Model: SignalJEPA_PreLocal | Pretrained: from_pretrained | Strategy: new
[2026-05-29 23:03:35]     Normalization: none | fit_scope=none
[2026-05-29 23:03:35]     Phase 1 (new): 2,170/16,010 params
[2026-05-29 23:03:38]     Result | best_epoch=172 | stop=222 | final_phase_epochs=222 | acc=0.1250 | bal_acc=0.1250 | pred_hist=[3, 5] | collapse=False
[2026-05-29 23:03:38]     spatial_conv=[4, 29] top_abs_channels=[('T3', 0.16049019), ('C4', 0.1325552), ('O2', 0.13028735), ('Fp1', 0.1291545), ('F4', 0.12398291), ('TP7', 0.12016374), ('CP3', 0.11811548), ('FT8', 0.11789139)]
[2026-05-29 23:03:38]     spatial_update=delta_l2=0.85583488 max_abs=0.23028091 relative=0.71709241 changed=True

[2026-05-29 23:03:38] Fold 5/5 | subject=7
[2026-05-29 23:03:38]     Train: 32 | counts=[16, 16]
[2026-05-29 23:03:38]     Test:  8 | counts=[4, 4]
[2026-05-29 23:03:38]     Model: SignalJEPA_PreLocal | Pretrained: from_pretrained | Strategy: new
[2026-05-29 23:03:38]     Normalization: none | fit_scope=none
[2026-05-29 23:03:38]     Phase 1 (new): 2,170/16,010 params
[2026-05-29 23:03:40]     Result | best_epoch=72 | stop=122 | final_phase_epochs=122 | acc=0.3750 | bal_acc=0.3750 | pred_hist=[3, 5] | collapse=False
[2026-05-29 23:03:40]     spatial_conv=[4, 29] top_abs_channels=[('O2', 0.16014169), ('Pz', 0.14978352), ('CP3', 0.14146996), ('T3', 0.12996505), ('F3', 0.11568598), ('FT8', 0.11259255), ('CP4', 0.11067147), ('TP8', 0.10989523)]
[2026-05-29 23:03:40]     spatial_update=delta_l2=0.51977536 max_abs=0.13365172 relative=0.43551271 changed=True
[2026-05-29 23:03:40]   Subject 7: acc=0.3250±0.1275  bal_acc=0.3250±0.1275
[2026-05-29 23:03:40] \nSubject 8: 40 windows | class_counts=[20, 20]

[2026-05-29 23:03:40] Fold 1/5 | subject=8
[2026-05-29 23:03:40]     Train: 32 | counts=[16, 16]
[2026-05-29 23:03:40]     Test:  8 | counts=[4, 4]
[2026-05-29 23:03:40]     Model: SignalJEPA_PreLocal | Pretrained: from_pretrained | Strategy: new
[2026-05-29 23:03:40]     Normalization: none | fit_scope=none
[2026-05-29 23:03:40]     Phase 1 (new): 2,170/16,010 params
[2026-05-29 23:03:42]     Result | best_epoch=82 | stop=132 | final_phase_epochs=132 | acc=0.6250 | bal_acc=0.6250 | pred_hist=[5, 3] | collapse=False
[2026-05-29 23:03:42]     spatial_conv=[4, 29] top_abs_channels=[('CP3', 0.16191602), ('TP7', 0.13360715), ('Pz', 0.13329497), ('C3', 0.130265), ('F7', 0.12633678), ('Fp2', 0.11977349), ('T6', 0.11470377), ('Fz', 0.109107)]
[2026-05-29 23:03:42]     spatial_update=delta_l2=0.54545313 max_abs=0.14665747 relative=0.45702776 changed=True

[2026-05-29 23:03:43] Fold 2/5 | subject=8
[2026-05-29 23:03:43]     Train: 32 | counts=[16, 16]
[2026-05-29 23:03:43]     Test:  8 | counts=[4, 4]
[2026-05-29 23:03:43]     Model: SignalJEPA_PreLocal | Pretrained: from_pretrained | Strategy: new
[2026-05-29 23:03:43]     Normalization: none | fit_scope=none
[2026-05-29 23:03:43]     Phase 1 (new): 2,170/16,010 params
[2026-05-29 23:03:44]     Result | best_epoch=36 | stop=86 | final_phase_epochs=86 | acc=0.6250 | bal_acc=0.6250 | pred_hist=[1, 7] | collapse=False
[2026-05-29 23:03:44]     spatial_conv=[4, 29] top_abs_channels=[('Pz', 0.15705487), ('O2', 0.13496637), ('O1', 0.13041121), ('C3', 0.1260184), ('CP3', 0.11935964), ('T3', 0.11791902), ('CP4', 0.11471055), ('F7', 0.10931831)]
[2026-05-29 23:03:44]     spatial_update=delta_l2=0.25304397 max_abs=0.06762582 relative=0.21202210 changed=True

[2026-05-29 23:03:44] Fold 3/5 | subject=8
[2026-05-29 23:03:44]     Train: 32 | counts=[16, 16]
[2026-05-29 23:03:44]     Test:  8 | counts=[4, 4]
[2026-05-29 23:03:44]     Model: SignalJEPA_PreLocal | Pretrained: from_pretrained | Strategy: new
[2026-05-29 23:03:44]     Normalization: none | fit_scope=none
[2026-05-29 23:03:44]     Phase 1 (new): 2,170/16,010 params
[2026-05-29 23:03:45]     Result | best_epoch=17 | stop=67 | final_phase_epochs=67 | acc=0.5000 | bal_acc=0.5000 | pred_hist=[4, 4] | collapse=False
[2026-05-29 23:03:45]     spatial_conv=[4, 29] top_abs_channels=[('Pz', 0.15181856), ('O2', 0.15071461), ('O1', 0.13134161), ('T3', 0.12666671), ('CP3', 0.12570654), ('Fz', 0.11949448), ('T4', 0.11492436), ('Fp1', 0.11116608)]
[2026-05-29 23:03:45]     spatial_update=delta_l2=0.18198412 max_abs=0.03964498 relative=0.15248202 changed=True

[2026-05-29 23:03:46] Fold 4/5 | subject=8
[2026-05-29 23:03:46]     Train: 32 | counts=[16, 16]
[2026-05-29 23:03:46]     Test:  8 | counts=[4, 4]
[2026-05-29 23:03:46]     Model: SignalJEPA_PreLocal | Pretrained: from_pretrained | Strategy: new
[2026-05-29 23:03:46]     Normalization: none | fit_scope=none
[2026-05-29 23:03:46]     Phase 1 (new): 2,170/16,010 params
[2026-05-29 23:03:47]     Result | best_epoch=39 | stop=89 | final_phase_epochs=89 | acc=1.0000 | bal_acc=1.0000 | pred_hist=[4, 4] | collapse=False
[2026-05-29 23:03:47]     spatial_conv=[4, 29] top_abs_channels=[('Pz', 0.1583387), ('CP3', 0.14590321), ('O2', 0.1297262), ('TP7', 0.12094128), ('O1', 0.11587878), ('T3', 0.11523876), ('C3', 0.11249401), ('T4', 0.11236186)]
[2026-05-29 23:03:47]     spatial_update=delta_l2=0.28507113 max_abs=0.08018654 relative=0.23885722 changed=True

[2026-05-29 23:03:47] Fold 5/5 | subject=8
[2026-05-29 23:03:47]     Train: 32 | counts=[16, 16]
[2026-05-29 23:03:47]     Test:  8 | counts=[4, 4]
[2026-05-29 23:03:47]     Model: SignalJEPA_PreLocal | Pretrained: from_pretrained | Strategy: new
[2026-05-29 23:03:47]     Normalization: none | fit_scope=none
[2026-05-29 23:03:47]     Phase 1 (new): 2,170/16,010 params
[2026-05-29 23:03:50]     Result | best_epoch=185 | stop=235 | final_phase_epochs=235 | acc=0.7500 | bal_acc=0.7500 | pred_hist=[4, 4] | collapse=False
[2026-05-29 23:03:50]     spatial_conv=[4, 29] top_abs_channels=[('F7', 0.2238273), ('Fp2', 0.15100953), ('O1', 0.13378559), ('TP8', 0.12848857), ('Fz', 0.1221329), ('O2', 0.12074364), ('FCz', 0.11888657), ('C4', 0.11498171)]
[2026-05-29 23:03:50]     spatial_update=delta_l2=0.89401479 max_abs=0.19296563 relative=0.74908284 changed=True
[2026-05-29 23:03:50]   Subject 8: acc=0.7000±0.1696  bal_acc=0.7000±0.1696
[2026-05-29 23:03:50] \nSubject 9: 40 windows | class_counts=[20, 20]

[2026-05-29 23:03:51] Fold 1/5 | subject=9
[2026-05-29 23:03:51]     Train: 32 | counts=[16, 16]
[2026-05-29 23:03:51]     Test:  8 | counts=[4, 4]
[2026-05-29 23:03:51]     Model: SignalJEPA_PreLocal | Pretrained: from_pretrained | Strategy: new
[2026-05-29 23:03:51]     Normalization: none | fit_scope=none
[2026-05-29 23:03:51]     Phase 1 (new): 2,170/16,010 params
[2026-05-29 23:03:54]     Result | best_epoch=225 | stop=275 | final_phase_epochs=275 | acc=0.6250 | bal_acc=0.6250 | pred_hist=[3, 5] | collapse=False
[2026-05-29 23:03:54]     spatial_conv=[4, 29] top_abs_channels=[('C4', 0.16907759), ('CP4', 0.14907651), ('FCz', 0.13869426), ('F3', 0.13751012), ('TP7', 0.13069098), ('O2', 0.12218378), ('Cz', 0.12021045), ('O1', 0.1133308)]
[2026-05-29 23:03:54]     spatial_update=delta_l2=0.94399045 max_abs=0.23254732 relative=0.79095676 changed=True

[2026-05-29 23:03:55] Fold 2/5 | subject=9
[2026-05-29 23:03:55]     Train: 32 | counts=[16, 16]
[2026-05-29 23:03:55]     Test:  8 | counts=[4, 4]
[2026-05-29 23:03:55]     Model: SignalJEPA_PreLocal | Pretrained: from_pretrained | Strategy: new
[2026-05-29 23:03:55]     Normalization: none | fit_scope=none
[2026-05-29 23:03:55]     Phase 1 (new): 2,170/16,010 params
[2026-05-29 23:03:56]     Result | best_epoch=37 | stop=83 | final_phase_epochs=83 | acc=0.3750 | bal_acc=0.3750 | pred_hist=[3, 5] | collapse=False
[2026-05-29 23:03:56]     spatial_conv=[4, 29] top_abs_channels=[('O2', 0.15022439), ('T3', 0.14831552), ('Pz', 0.14073116), ('CP3', 0.13755059), ('T4', 0.12072119), ('CP4', 0.11862137), ('P4', 0.11694252), ('O1', 0.11651613)]
[2026-05-29 23:03:56]     spatial_update=delta_l2=0.24494423 max_abs=0.05455561 relative=0.20523544 changed=True

[2026-05-29 23:03:57] Fold 3/5 | subject=9
[2026-05-29 23:03:57]     Train: 32 | counts=[16, 16]
[2026-05-29 23:03:57]     Test:  8 | counts=[4, 4]
[2026-05-29 23:03:57]     Model: SignalJEPA_PreLocal | Pretrained: from_pretrained | Strategy: new
[2026-05-29 23:03:57]     Normalization: none | fit_scope=none
[2026-05-29 23:03:57]     Phase 1 (new): 2,170/16,010 params
[2026-05-29 23:03:58]     Result | best_epoch=70 | stop=120 | final_phase_epochs=120 | acc=0.3750 | bal_acc=0.3750 | pred_hist=[5, 3] | collapse=False
[2026-05-29 23:03:58]     spatial_conv=[4, 29] top_abs_channels=[('T3', 0.19463775), ('O2', 0.15394768), ('CP3', 0.12187918), ('FCz', 0.11693481), ('O1', 0.1157598), ('TP8', 0.11526915), ('P4', 0.1148121), ('CP4', 0.11111134)]
[2026-05-29 23:03:58]     spatial_update=delta_l2=0.47787359 max_abs=0.10322288 relative=0.40040378 changed=True

[2026-05-29 23:03:59] Fold 4/5 | subject=9
[2026-05-29 23:03:59]     Train: 32 | counts=[16, 16]
[2026-05-29 23:03:59]     Test:  8 | counts=[4, 4]
[2026-05-29 23:03:59]     Model: SignalJEPA_PreLocal | Pretrained: from_pretrained | Strategy: new
[2026-05-29 23:03:59]     Normalization: none | fit_scope=none
[2026-05-29 23:03:59]     Phase 1 (new): 2,170/16,010 params
[2026-05-29 23:04:06]     Result | best_epoch=501 | stop=551 | final_phase_epochs=551 | acc=0.5000 | bal_acc=0.5000 | pred_hist=[4, 4] | collapse=False
[2026-05-29 23:04:06]     spatial_conv=[4, 29] top_abs_channels=[('Fz', 0.17564963), ('P4', 0.17307532), ('T5', 0.16009563), ('CP3', 0.136494), ('CP4', 0.13274446), ('F3', 0.12344217), ('P3', 0.1231796), ('TP7', 0.12091687)]
[2026-05-29 23:04:06]     spatial_update=delta_l2=1.23691620 max_abs=0.33029631 relative=1.03639527 changed=True

[2026-05-29 23:04:07] Fold 5/5 | subject=9
[2026-05-29 23:04:07]     Train: 32 | counts=[16, 16]
[2026-05-29 23:04:07]     Test:  8 | counts=[4, 4]
[2026-05-29 23:04:07]     Model: SignalJEPA_PreLocal | Pretrained: from_pretrained | Strategy: new
[2026-05-29 23:04:07]     Normalization: none | fit_scope=none
[2026-05-29 23:04:07]     Phase 1 (new): 2,170/16,010 params
[2026-05-29 23:04:12]     Result | best_epoch=365 | stop=415 | final_phase_epochs=415 | acc=0.3750 | bal_acc=0.3750 | pred_hist=[3, 5] | collapse=False
[2026-05-29 23:04:12]     spatial_conv=[4, 29] top_abs_channels=[('C4', 0.21882203), ('O2', 0.15783389), ('P3', 0.14113408), ('T3', 0.13921168), ('CP3', 0.13859133), ('Oz', 0.12980258), ('O1', 0.12149671), ('C3', 0.1093592)]
[2026-05-29 23:04:12]     spatial_update=delta_l2=1.12792252 max_abs=0.30945881 relative=0.94507095 changed=True
[2026-05-29 23:04:12]   Subject 9: acc=0.4500±0.1000  bal_acc=0.4500±0.1000
[2026-05-29 23:04:12] \nSubject 10: 40 windows | class_counts=[20, 20]

[2026-05-29 23:04:13] Fold 1/5 | subject=10
[2026-05-29 23:04:13]     Train: 32 | counts=[16, 16]
[2026-05-29 23:04:13]     Test:  8 | counts=[4, 4]
[2026-05-29 23:04:13]     Model: SignalJEPA_PreLocal | Pretrained: from_pretrained | Strategy: new
[2026-05-29 23:04:13]     Normalization: none | fit_scope=none
[2026-05-29 23:04:13]     Phase 1 (new): 2,170/16,010 params
[2026-05-29 23:04:13]     Result | best_epoch=1 | stop=51 | final_phase_epochs=51 | acc=0.5000 | bal_acc=0.5000 | pred_hist=[0, 8] | collapse=True
[2026-05-29 23:04:13]     spatial_conv=[4, 29] top_abs_channels=[('Pz', 0.15319027), ('O2', 0.14372067), ('T3', 0.12581761), ('T4', 0.12283964), ('O1', 0.12234601), ('CP3', 0.12091285), ('C3', 0.11548179), ('CP4', 0.11073577)]
[2026-05-29 23:04:13]     spatial_update=delta_l2=0.01147183 max_abs=0.00225940 relative=0.00961209 changed=True

[2026-05-29 23:04:14] Fold 2/5 | subject=10
[2026-05-29 23:04:14]     Train: 32 | counts=[16, 16]
[2026-05-29 23:04:14]     Test:  8 | counts=[4, 4]
[2026-05-29 23:04:14]     Model: SignalJEPA_PreLocal | Pretrained: from_pretrained | Strategy: new
[2026-05-29 23:04:14]     Normalization: none | fit_scope=none
[2026-05-29 23:04:14]     Phase 1 (new): 2,170/16,010 params
[2026-05-29 23:04:14]     Result | best_epoch=1 | stop=51 | final_phase_epochs=51 | acc=0.5000 | bal_acc=0.5000 | pred_hist=[0, 8] | collapse=True
[2026-05-29 23:04:14]     spatial_conv=[4, 29] top_abs_channels=[('Pz', 0.15303987), ('O2', 0.14452811), ('T3', 0.12599799), ('T4', 0.1229208), ('O1', 0.12159942), ('CP3', 0.12092194), ('C3', 0.11580144), ('CP4', 0.11053693)]
[2026-05-29 23:04:14]     spatial_update=delta_l2=0.01344927 max_abs=0.00228425 relative=0.01126896 changed=True

[2026-05-29 23:04:15] Fold 3/5 | subject=10
[2026-05-29 23:04:15]     Train: 32 | counts=[16, 16]
[2026-05-29 23:04:15]     Test:  8 | counts=[4, 4]
[2026-05-29 23:04:15]     Model: SignalJEPA_PreLocal | Pretrained: from_pretrained | Strategy: new
[2026-05-29 23:04:15]     Normalization: none | fit_scope=none
[2026-05-29 23:04:15]     Phase 1 (new): 2,170/16,010 params
[2026-05-29 23:04:17]     Result | best_epoch=130 | stop=180 | final_phase_epochs=180 | acc=0.3750 | bal_acc=0.3750 | pred_hist=[3, 5] | collapse=False
[2026-05-29 23:04:17]     spatial_conv=[4, 29] top_abs_channels=[('P3', 0.19698849), ('Fz', 0.14376897), ('CP3', 0.1368753), ('C4', 0.12900868), ('Fp1', 0.12836793), ('T6', 0.12315851), ('T3', 0.11769931), ('F7', 0.11319625)]
[2026-05-29 23:04:17]     spatial_update=delta_l2=0.77616864 max_abs=0.21759734 relative=0.65034115 changed=True

[2026-05-29 23:04:18] Fold 4/5 | subject=10
[2026-05-29 23:04:18]     Train: 32 | counts=[16, 16]
[2026-05-29 23:04:18]     Test:  8 | counts=[4, 4]
[2026-05-29 23:04:18]     Model: SignalJEPA_PreLocal | Pretrained: from_pretrained | Strategy: new
[2026-05-29 23:04:18]     Normalization: none | fit_scope=none
[2026-05-29 23:04:18]     Phase 1 (new): 2,170/16,010 params
[2026-05-29 23:04:20]     Result | best_epoch=135 | stop=185 | final_phase_epochs=185 | acc=0.5000 | bal_acc=0.5000 | pred_hist=[4, 4] | collapse=False
[2026-05-29 23:04:20]     spatial_conv=[4, 29] top_abs_channels=[('P3', 0.17201), ('C3', 0.14413579), ('O2', 0.13427478), ('Pz', 0.13043076), ('P4', 0.13031876), ('CP3', 0.12230201), ('Fp1', 0.11744031), ('Fz', 0.1149556)]
[2026-05-29 23:04:20]     spatial_update=delta_l2=0.72570059 max_abs=0.16945449 relative=0.60805466 changed=True

[2026-05-29 23:04:21] Fold 5/5 | subject=10
[2026-05-29 23:04:21]     Train: 32 | counts=[16, 16]
[2026-05-29 23:04:21]     Test:  8 | counts=[4, 4]
[2026-05-29 23:04:21]     Model: SignalJEPA_PreLocal | Pretrained: from_pretrained | Strategy: new
[2026-05-29 23:04:21]     Normalization: none | fit_scope=none
[2026-05-29 23:04:21]     Phase 1 (new): 2,170/16,010 params
[2026-05-29 23:04:21]     Result | best_epoch=1 | stop=51 | final_phase_epochs=51 | acc=0.5000 | bal_acc=0.5000 | pred_hist=[0, 8] | collapse=True
[2026-05-29 23:04:21]     spatial_conv=[4, 29] top_abs_channels=[('Pz', 0.1533376), ('O2', 0.14331307), ('T3', 0.12648523), ('T4', 0.12371312), ('O1', 0.12207625), ('CP3', 0.12155537), ('C3', 0.11516459), ('CP4', 0.11057731)]
[2026-05-29 23:04:21]     spatial_update=delta_l2=0.01265307 max_abs=0.00229278 relative=0.01060183 changed=True
[2026-05-29 23:04:21]   Subject 10: acc=0.4750±0.0500  bal_acc=0.4750±0.0500
[2026-05-29 23:04:21] \nSubject 11: 40 windows | class_counts=[20, 20]

[2026-05-29 23:04:22] Fold 1/5 | subject=11
[2026-05-29 23:04:22]     Train: 32 | counts=[16, 16]
[2026-05-29 23:04:22]     Test:  8 | counts=[4, 4]
[2026-05-29 23:04:22]     Model: SignalJEPA_PreLocal | Pretrained: from_pretrained | Strategy: new
[2026-05-29 23:04:22]     Normalization: none | fit_scope=none
[2026-05-29 23:04:22]     Phase 1 (new): 2,170/16,010 params
[2026-05-29 23:04:24]     Result | best_epoch=97 | stop=146 | final_phase_epochs=146 | acc=0.6250 | bal_acc=0.6250 | pred_hist=[5, 3] | collapse=False
[2026-05-29 23:04:24]     spatial_conv=[4, 29] top_abs_channels=[('O2', 0.18033436), ('T4', 0.15252608), ('CP4', 0.15109561), ('CP3', 0.14479375), ('Fz', 0.12704694), ('P4', 0.1203709), ('FT7', 0.11622936), ('Cz', 0.10833737)]
[2026-05-29 23:04:24]     spatial_update=delta_l2=0.57130636 max_abs=0.14588900 relative=0.47868983 changed=True

[2026-05-29 23:04:24] Fold 2/5 | subject=11
[2026-05-29 23:04:24]     Train: 32 | counts=[16, 16]
[2026-05-29 23:04:24]     Test:  8 | counts=[4, 4]
[2026-05-29 23:04:24]     Model: SignalJEPA_PreLocal | Pretrained: from_pretrained | Strategy: new
[2026-05-29 23:04:24]     Normalization: none | fit_scope=none
[2026-05-29 23:04:24]     Phase 1 (new): 2,170/16,010 params
[2026-05-29 23:04:25]     Result | best_epoch=1 | stop=51 | final_phase_epochs=51 | acc=0.5000 | bal_acc=0.5000 | pred_hist=[0, 8] | collapse=True
[2026-05-29 23:04:25]     spatial_conv=[4, 29] top_abs_channels=[('Pz', 0.15299354), ('O2', 0.14386131), ('T3', 0.12632868), ('O1', 0.12244639), ('T4', 0.12172538), ('CP3', 0.12026252), ('C3', 0.11619292), ('Fp1', 0.11112428)]
[2026-05-29 23:04:25]     spatial_update=delta_l2=0.01291729 max_abs=0.00225228 relative=0.01082322 changed=True

[2026-05-29 23:04:26] Fold 3/5 | subject=11
[2026-05-29 23:04:26]     Train: 32 | counts=[16, 16]
[2026-05-29 23:04:26]     Test:  8 | counts=[4, 4]
[2026-05-29 23:04:26]     Model: SignalJEPA_PreLocal | Pretrained: from_pretrained | Strategy: new
[2026-05-29 23:04:26]     Normalization: none | fit_scope=none
[2026-05-29 23:04:26]     Phase 1 (new): 2,170/16,010 params
[2026-05-29 23:04:27]     Result | best_epoch=63 | stop=113 | final_phase_epochs=113 | acc=0.6250 | bal_acc=0.6250 | pred_hist=[5, 3] | collapse=False
[2026-05-29 23:04:27]     spatial_conv=[4, 29] top_abs_channels=[('O2', 0.16617852), ('CP4', 0.15259348), ('Pz', 0.1416337), ('FT8', 0.13918847), ('T4', 0.13900095), ('FCz', 0.12637439), ('C3', 0.12228598), ('P3', 0.11170204)]
[2026-05-29 23:04:27]     spatial_update=delta_l2=0.47998404 max_abs=0.10719921 relative=0.40217211 changed=True

[2026-05-29 23:04:28] Fold 4/5 | subject=11
[2026-05-29 23:04:28]     Train: 32 | counts=[16, 16]
[2026-05-29 23:04:28]     Test:  8 | counts=[4, 4]
[2026-05-29 23:04:28]     Model: SignalJEPA_PreLocal | Pretrained: from_pretrained | Strategy: new
[2026-05-29 23:04:28]     Normalization: none | fit_scope=none
[2026-05-29 23:04:28]     Phase 1 (new): 2,170/16,010 params
[2026-05-29 23:04:28]     Result | best_epoch=1 | stop=51 | final_phase_epochs=51 | acc=0.5000 | bal_acc=0.5000 | pred_hist=[0, 8] | collapse=True
[2026-05-29 23:04:28]     spatial_conv=[4, 29] top_abs_channels=[('Pz', 0.15262656), ('O2', 0.14559743), ('T3', 0.12656851), ('T4', 0.12245942), ('O1', 0.12169164), ('CP3', 0.12085573), ('C3', 0.1158382), ('CP4', 0.11082654)]
[2026-05-29 23:04:28]     spatial_update=delta_l2=0.01234094 max_abs=0.00208744 relative=0.01034031 changed=True

[2026-05-29 23:04:29] Fold 5/5 | subject=11
[2026-05-29 23:04:29]     Train: 32 | counts=[16, 16]
[2026-05-29 23:04:29]     Test:  8 | counts=[4, 4]
[2026-05-29 23:04:29]     Model: SignalJEPA_PreLocal | Pretrained: from_pretrained | Strategy: new
[2026-05-29 23:04:29]     Normalization: none | fit_scope=none
[2026-05-29 23:04:29]     Phase 1 (new): 2,170/16,010 params
[2026-05-29 23:04:29]     Result | best_epoch=1 | stop=51 | final_phase_epochs=51 | acc=0.5000 | bal_acc=0.5000 | pred_hist=[0, 8] | collapse=True
[2026-05-29 23:04:29]     spatial_conv=[4, 29] top_abs_channels=[('Pz', 0.15281272), ('O2', 0.14484382), ('T3', 0.12653998), ('T4', 0.12170447), ('O1', 0.12136525), ('CP3', 0.12073874), ('C3', 0.11612236), ('CP4', 0.11152586)]
[2026-05-29 23:04:29]     spatial_update=delta_l2=0.01310996 max_abs=0.00209619 relative=0.01098466 changed=True
[2026-05-29 23:04:29]   Subject 11: acc=0.5500±0.0612  bal_acc=0.5500±0.0612
[2026-05-29 23:04:29] \nSubject 12: 40 windows | class_counts=[20, 20]

[2026-05-29 23:04:30] Fold 1/5 | subject=12
[2026-05-29 23:04:30]     Train: 32 | counts=[16, 16]
[2026-05-29 23:04:30]     Test:  8 | counts=[4, 4]
[2026-05-29 23:04:30]     Model: SignalJEPA_PreLocal | Pretrained: from_pretrained | Strategy: new
[2026-05-29 23:04:30]     Normalization: none | fit_scope=none
[2026-05-29 23:04:30]     Phase 1 (new): 2,170/16,010 params
[2026-05-29 23:04:31]     Result | best_epoch=1 | stop=51 | final_phase_epochs=51 | acc=0.5000 | bal_acc=0.5000 | pred_hist=[0, 8] | collapse=True
[2026-05-29 23:04:31]     spatial_conv=[4, 29] top_abs_channels=[('Pz', 0.15319458), ('O2', 0.14469072), ('T3', 0.12603079), ('T4', 0.1221301), ('CP3', 0.1214643), ('O1', 0.12066434), ('C3', 0.1145052), ('CP4', 0.11080118)]
[2026-05-29 23:04:31]     spatial_update=delta_l2=0.01091806 max_abs=0.00218289 relative=0.00914810 changed=True

[2026-05-29 23:04:31] Fold 2/5 | subject=12
[2026-05-29 23:04:31]     Train: 32 | counts=[16, 16]
[2026-05-29 23:04:31]     Test:  8 | counts=[4, 4]
[2026-05-29 23:04:31]     Model: SignalJEPA_PreLocal | Pretrained: from_pretrained | Strategy: new
[2026-05-29 23:04:31]     Normalization: none | fit_scope=none
[2026-05-29 23:04:31]     Phase 1 (new): 2,170/16,010 params
[2026-05-29 23:04:32]     Result | best_epoch=1 | stop=51 | final_phase_epochs=51 | acc=0.5000 | bal_acc=0.5000 | pred_hist=[0, 8] | collapse=True
[2026-05-29 23:04:32]     spatial_conv=[4, 29] top_abs_channels=[('Pz', 0.15283422), ('O2', 0.14457788), ('T3', 0.12631358), ('T4', 0.12241617), ('CP3', 0.1219587), ('O1', 0.12140641), ('C3', 0.11543734), ('CP4', 0.11093995)]
[2026-05-29 23:04:32]     spatial_update=delta_l2=0.01167154 max_abs=0.00212474 relative=0.00977943 changed=True

[2026-05-29 23:04:32] Fold 3/5 | subject=12
[2026-05-29 23:04:32]     Train: 32 | counts=[16, 16]
[2026-05-29 23:04:32]     Test:  8 | counts=[4, 4]
[2026-05-29 23:04:32]     Model: SignalJEPA_PreLocal | Pretrained: from_pretrained | Strategy: new
[2026-05-29 23:04:32]     Normalization: none | fit_scope=none
[2026-05-29 23:04:32]     Phase 1 (new): 2,170/16,010 params
[2026-05-29 23:04:33]     Result | best_epoch=1 | stop=51 | final_phase_epochs=51 | acc=0.5000 | bal_acc=0.5000 | pred_hist=[0, 8] | collapse=True
[2026-05-29 23:04:33]     spatial_conv=[4, 29] top_abs_channels=[('Pz', 0.15332231), ('O2', 0.14455043), ('T3', 0.12643461), ('O1', 0.12178813), ('CP3', 0.12161015), ('T4', 0.12125494), ('C3', 0.11488346), ('CP4', 0.11084768)]
[2026-05-29 23:04:33]     spatial_update=delta_l2=0.01056891 max_abs=0.00232182 relative=0.00885554 changed=True

[2026-05-29 23:04:33] Fold 4/5 | subject=12
[2026-05-29 23:04:33]     Train: 32 | counts=[16, 16]
[2026-05-29 23:04:33]     Test:  8 | counts=[4, 4]
[2026-05-29 23:04:33]     Model: SignalJEPA_PreLocal | Pretrained: from_pretrained | Strategy: new
[2026-05-29 23:04:33]     Normalization: none | fit_scope=none
[2026-05-29 23:04:33]     Phase 1 (new): 2,170/16,010 params
[2026-05-29 23:04:34]     Result | best_epoch=1 | stop=51 | final_phase_epochs=51 | acc=0.5000 | bal_acc=0.5000 | pred_hist=[0, 8] | collapse=True
[2026-05-29 23:04:34]     spatial_conv=[4, 29] top_abs_channels=[('Pz', 0.15389474), ('O2', 0.14421004), ('T3', 0.12575956), ('T4', 0.12248589), ('O1', 0.12218765), ('CP3', 0.12166996), ('C3', 0.1146816), ('CP4', 0.11129968)]
[2026-05-29 23:04:34]     spatial_update=delta_l2=0.01143303 max_abs=0.00220206 relative=0.00957958 changed=True

[2026-05-29 23:04:34] Fold 5/5 | subject=12
[2026-05-29 23:04:34]     Train: 32 | counts=[16, 16]
[2026-05-29 23:04:34]     Test:  8 | counts=[4, 4]
[2026-05-29 23:04:34]     Model: SignalJEPA_PreLocal | Pretrained: from_pretrained | Strategy: new
[2026-05-29 23:04:34]     Normalization: none | fit_scope=none
[2026-05-29 23:04:34]     Phase 1 (new): 2,170/16,010 params
[2026-05-29 23:04:35]     Result | best_epoch=22 | stop=51 | final_phase_epochs=51 | acc=0.5000 | bal_acc=0.5000 | pred_hist=[0, 8] | collapse=True
[2026-05-29 23:04:35]     spatial_conv=[4, 29] top_abs_channels=[('Pz', 0.1534988), ('O2', 0.14492005), ('T3', 0.12594946), ('T4', 0.12233281), ('O1', 0.12170719), ('CP3', 0.12125103), ('C3', 0.11536929), ('CP4', 0.11129367)]
[2026-05-29 23:04:35]     spatial_update=delta_l2=0.01071903 max_abs=0.00217422 relative=0.00898133 changed=True
[2026-05-29 23:04:35]   Subject 12: acc=0.5000±0.0000  bal_acc=0.5000±0.0000
[2026-05-29 23:04:35] \nSubject 13: 40 windows | class_counts=[20, 20]

[2026-05-29 23:04:36] Fold 1/5 | subject=13
[2026-05-29 23:04:36]     Train: 32 | counts=[16, 16]
[2026-05-29 23:04:36]     Test:  8 | counts=[4, 4]
[2026-05-29 23:04:36]     Model: SignalJEPA_PreLocal | Pretrained: from_pretrained | Strategy: new
[2026-05-29 23:04:36]     Normalization: none | fit_scope=none
[2026-05-29 23:04:36]     Phase 1 (new): 2,170/16,010 params
[2026-05-29 23:04:36]     Result | best_epoch=1 | stop=51 | final_phase_epochs=51 | acc=0.5000 | bal_acc=0.5000 | pred_hist=[0, 8] | collapse=True
[2026-05-29 23:04:36]     spatial_conv=[4, 29] top_abs_channels=[('Pz', 0.15327944), ('O2', 0.14342377), ('T3', 0.12712261), ('T4', 0.12297955), ('CP3', 0.12174742), ('O1', 0.12158306), ('C3', 0.11591521), ('CP4', 0.11109455)]
[2026-05-29 23:04:36]     spatial_update=delta_l2=0.01438507 max_abs=0.00229217 relative=0.01205305 changed=True

[2026-05-29 23:04:37] Fold 2/5 | subject=13
[2026-05-29 23:04:37]     Train: 32 | counts=[16, 16]
[2026-05-29 23:04:37]     Test:  8 | counts=[4, 4]
[2026-05-29 23:04:37]     Model: SignalJEPA_PreLocal | Pretrained: from_pretrained | Strategy: new
[2026-05-29 23:04:37]     Normalization: none | fit_scope=none
[2026-05-29 23:04:37]     Phase 1 (new): 2,170/16,010 params
[2026-05-29 23:04:37]     Result | best_epoch=5 | stop=54 | final_phase_epochs=54 | acc=0.5000 | bal_acc=0.5000 | pred_hist=[2, 6] | collapse=False
[2026-05-29 23:04:37]     spatial_conv=[4, 29] top_abs_channels=[('Pz', 0.15587485), ('O2', 0.14308722), ('T3', 0.12808181), ('T4', 0.12216496), ('CP3', 0.12193479), ('O1', 0.11925939), ('C3', 0.11634643), ('P3', 0.11148922)]
[2026-05-29 23:04:37]     spatial_update=delta_l2=0.05169472 max_abs=0.00854973 relative=0.04331430 changed=True

[2026-05-29 23:04:38] Fold 3/5 | subject=13
[2026-05-29 23:04:38]     Train: 32 | counts=[16, 16]
[2026-05-29 23:04:38]     Test:  8 | counts=[4, 4]
[2026-05-29 23:04:38]     Model: SignalJEPA_PreLocal | Pretrained: from_pretrained | Strategy: new
[2026-05-29 23:04:38]     Normalization: none | fit_scope=none
[2026-05-29 23:04:38]     Phase 1 (new): 2,170/16,010 params
[2026-05-29 23:04:40]     Result | best_epoch=81 | stop=131 | final_phase_epochs=131 | acc=0.7500 | bal_acc=0.7500 | pred_hist=[4, 4] | collapse=False
[2026-05-29 23:04:40]     spatial_conv=[4, 29] top_abs_channels=[('O2', 0.19543761), ('FCz', 0.16948684), ('Pz', 0.15151298), ('P3', 0.14557113), ('O1', 0.12578121), ('Fz', 0.12141535), ('Fp1', 0.11491475), ('CP4', 0.1117594)]
[2026-05-29 23:04:40]     spatial_update=delta_l2=0.73604336 max_abs=0.18772809 relative=0.61672072 changed=True

[2026-05-29 23:04:40] Fold 4/5 | subject=13
[2026-05-29 23:04:40]     Train: 32 | counts=[16, 16]
[2026-05-29 23:04:40]     Test:  8 | counts=[4, 4]
[2026-05-29 23:04:40]     Model: SignalJEPA_PreLocal | Pretrained: from_pretrained | Strategy: new
[2026-05-29 23:04:40]     Normalization: none | fit_scope=none
[2026-05-29 23:04:40]     Phase 1 (new): 2,170/16,010 params
[2026-05-29 23:04:41]     Result | best_epoch=35 | stop=85 | final_phase_epochs=85 | acc=0.7500 | bal_acc=0.7500 | pred_hist=[2, 6] | collapse=False
[2026-05-29 23:04:41]     spatial_conv=[4, 29] top_abs_channels=[('O2', 0.16834892), ('Pz', 0.16070285), ('T3', 0.13885389), ('T4', 0.1311242), ('T5', 0.12918724), ('FCz', 0.12828442), ('P3', 0.12659588), ('P4', 0.12251868)]
[2026-05-29 23:04:41]     spatial_update=delta_l2=0.37197647 max_abs=0.07693137 relative=0.31167403 changed=True

[2026-05-29 23:04:42] Fold 5/5 | subject=13
[2026-05-29 23:04:42]     Train: 32 | counts=[16, 16]
[2026-05-29 23:04:42]     Test:  8 | counts=[4, 4]
[2026-05-29 23:04:42]     Model: SignalJEPA_PreLocal | Pretrained: from_pretrained | Strategy: new
[2026-05-29 23:04:42]     Normalization: none | fit_scope=none
[2026-05-29 23:04:42]     Phase 1 (new): 2,170/16,010 params
[2026-05-29 23:04:43]     Result | best_epoch=1 | stop=51 | final_phase_epochs=51 | acc=0.5000 | bal_acc=0.5000 | pred_hist=[0, 8] | collapse=True
[2026-05-29 23:04:43]     spatial_conv=[4, 29] top_abs_channels=[('Pz', 0.15316842), ('O2', 0.14412266), ('T3', 0.1269853), ('T4', 0.12261496), ('O1', 0.12160419), ('CP3', 0.1215556), ('C3', 0.11525908), ('CP4', 0.11050522)]
[2026-05-29 23:04:43]     spatial_update=delta_l2=0.01210905 max_abs=0.00236535 relative=0.01014601 changed=True
[2026-05-29 23:04:43]   Subject 13: acc=0.6000±0.1225  bal_acc=0.6000±0.1225
[2026-05-29 23:04:43] \nSubject 14: 40 windows | class_counts=[20, 20]

[2026-05-29 23:04:43] Fold 1/5 | subject=14
[2026-05-29 23:04:43]     Train: 32 | counts=[16, 16]
[2026-05-29 23:04:43]     Test:  8 | counts=[4, 4]
[2026-05-29 23:04:43]     Model: SignalJEPA_PreLocal | Pretrained: from_pretrained | Strategy: new
[2026-05-29 23:04:43]     Normalization: none | fit_scope=none
[2026-05-29 23:04:43]     Phase 1 (new): 2,170/16,010 params
[2026-05-29 23:04:44]     Result | best_epoch=37 | stop=84 | final_phase_epochs=84 | acc=0.6250 | bal_acc=0.6250 | pred_hist=[7, 1] | collapse=False
[2026-05-29 23:04:44]     spatial_conv=[4, 29] top_abs_channels=[('Pz', 0.1713244), ('O2', 0.15220229), ('O1', 0.12642378), ('C3', 0.11998042), ('CP4', 0.1193615), ('CP3', 0.11729391), ('T4', 0.11452907), ('T3', 0.11068729)]
[2026-05-29 23:04:44]     spatial_update=delta_l2=0.28369137 max_abs=0.07862536 relative=0.23770114 changed=True

[2026-05-29 23:04:45] Fold 2/5 | subject=14
[2026-05-29 23:04:45]     Train: 32 | counts=[16, 16]
[2026-05-29 23:04:45]     Test:  8 | counts=[4, 4]
[2026-05-29 23:04:45]     Model: SignalJEPA_PreLocal | Pretrained: from_pretrained | Strategy: new
[2026-05-29 23:04:45]     Normalization: none | fit_scope=none
[2026-05-29 23:04:45]     Phase 1 (new): 2,170/16,010 params
[2026-05-29 23:04:50]     Result | best_epoch=404 | stop=454 | final_phase_epochs=454 | acc=0.3750 | bal_acc=0.3750 | pred_hist=[5, 3] | collapse=False
[2026-05-29 23:04:50]     spatial_conv=[4, 29] top_abs_channels=[('C3', 0.18814859), ('O1', 0.16379163), ('Oz', 0.15409079), ('P3', 0.1387707), ('Cz', 0.13826258), ('CP3', 0.13555349), ('F4', 0.12338859), ('FT8', 0.11150929)]
[2026-05-29 23:04:50]     spatial_update=delta_l2=1.19027402 max_abs=0.30633482 relative=0.99731442 changed=True

[2026-05-29 23:04:51] Fold 3/5 | subject=14
[2026-05-29 23:04:51]     Train: 32 | counts=[16, 16]
[2026-05-29 23:04:51]     Test:  8 | counts=[4, 4]
[2026-05-29 23:04:51]     Model: SignalJEPA_PreLocal | Pretrained: from_pretrained | Strategy: new
[2026-05-29 23:04:51]     Normalization: none | fit_scope=none
[2026-05-29 23:04:51]     Phase 1 (new): 2,170/16,010 params
[2026-05-29 23:05:05]     Result | best_epoch=1015 | stop=1065 | final_phase_epochs=1065 | acc=0.5000 | bal_acc=0.5000 | pred_hist=[4, 4] | collapse=False
[2026-05-29 23:05:05]     spatial_conv=[4, 29] top_abs_channels=[('TP8', 0.16873553), ('C4', 0.16323344), ('C3', 0.15558684), ('CP4', 0.15333945), ('P3', 0.14197227), ('TP7', 0.13753074), ('Pz', 0.13719568), ('Oz', 0.12731987)]
[2026-05-29 23:05:05]     spatial_update=delta_l2=1.15799672 max_abs=0.35960829 relative=0.97026971 changed=True

[2026-05-29 23:05:06] Fold 4/5 | subject=14
[2026-05-29 23:05:06]     Train: 32 | counts=[16, 16]
[2026-05-29 23:05:06]     Test:  8 | counts=[4, 4]
[2026-05-29 23:05:06]     Model: SignalJEPA_PreLocal | Pretrained: from_pretrained | Strategy: new
[2026-05-29 23:05:06]     Normalization: none | fit_scope=none
[2026-05-29 23:05:06]     Phase 1 (new): 2,170/16,010 params
[2026-05-29 23:05:10]     Result | best_epoch=251 | stop=301 | final_phase_epochs=301 | acc=0.2500 | bal_acc=0.2500 | pred_hist=[6, 2] | collapse=False
[2026-05-29 23:05:10]     spatial_conv=[4, 29] top_abs_channels=[('O2', 0.19845605), ('Pz', 0.1799143), ('TP8', 0.16771452), ('O1', 0.13964956), ('C3', 0.13229698), ('T3', 0.12430207), ('T4', 0.12113112), ('TP7', 0.11912863)]
[2026-05-29 23:05:10]     spatial_update=delta_l2=0.91690718 max_abs=0.27124959 relative=0.76826407 changed=True

[2026-05-29 23:05:10] Fold 5/5 | subject=14
[2026-05-29 23:05:10]     Train: 32 | counts=[16, 16]
[2026-05-29 23:05:10]     Test:  8 | counts=[4, 4]
[2026-05-29 23:05:10]     Model: SignalJEPA_PreLocal | Pretrained: from_pretrained | Strategy: new
[2026-05-29 23:05:10]     Normalization: none | fit_scope=none
[2026-05-29 23:05:10]     Phase 1 (new): 2,170/16,010 params
[2026-05-29 23:05:11]     Result | best_epoch=1 | stop=51 | final_phase_epochs=51 | acc=0.5000 | bal_acc=0.5000 | pred_hist=[0, 8] | collapse=True
[2026-05-29 23:05:11]     spatial_conv=[4, 29] top_abs_channels=[('Pz', 0.15311125), ('O2', 0.14423099), ('T3', 0.12700492), ('O1', 0.12228714), ('T4', 0.12194863), ('CP3', 0.12102445), ('C3', 0.11568312), ('CP4', 0.11093672)]
[2026-05-29 23:05:11]     spatial_update=delta_l2=0.01284383 max_abs=0.00218700 relative=0.01076167 changed=True
[2026-05-29 23:05:11]   Subject 14: acc=0.4500±0.1275  bal_acc=0.4500±0.1275
[2026-05-29 23:05:11] \nSubject 15: 40 windows | class_counts=[20, 20]

[2026-05-29 23:05:11] Fold 1/5 | subject=15
[2026-05-29 23:05:11]     Train: 32 | counts=[16, 16]
[2026-05-29 23:05:11]     Test:  8 | counts=[4, 4]
[2026-05-29 23:05:11]     Model: SignalJEPA_PreLocal | Pretrained: from_pretrained | Strategy: new
[2026-05-29 23:05:11]     Normalization: none | fit_scope=none
[2026-05-29 23:05:11]     Phase 1 (new): 2,170/16,010 params
[2026-05-29 23:05:39]     Result | best_epoch=2124 | stop=2164 | final_phase_epochs=2164 | acc=0.3750 | bal_acc=0.3750 | pred_hist=[5, 3] | collapse=False
[2026-05-29 23:05:39]     spatial_conv=[4, 29] top_abs_channels=[('T3', 0.19876498), ('C3', 0.18861213), ('Fp1', 0.13331701), ('F8', 0.12699711), ('Pz', 0.12131093), ('FT7', 0.11836856), ('Cz', 0.11435321), ('F3', 0.10516391)]
[2026-05-29 23:05:39]     spatial_update=delta_l2=1.27305708 max_abs=0.39164412 relative=1.06667722 changed=True

[2026-05-29 23:05:40] Fold 2/5 | subject=15
[2026-05-29 23:05:40]     Train: 32 | counts=[16, 16]
[2026-05-29 23:05:40]     Test:  8 | counts=[4, 4]
[2026-05-29 23:05:40]     Model: SignalJEPA_PreLocal | Pretrained: from_pretrained | Strategy: new
[2026-05-29 23:05:40]     Normalization: none | fit_scope=none
[2026-05-29 23:05:40]     Phase 1 (new): 2,170/16,010 params
[2026-05-29 23:05:41]     Result | best_epoch=1 | stop=51 | final_phase_epochs=51 | acc=0.5000 | bal_acc=0.5000 | pred_hist=[0, 8] | collapse=True
[2026-05-29 23:05:41]     spatial_conv=[4, 29] top_abs_channels=[('Pz', 0.15224898), ('O2', 0.14469862), ('T3', 0.12659207), ('T4', 0.12317643), ('CP3', 0.12055384), ('O1', 0.12050745), ('C3', 0.11536976), ('CP4', 0.11111578)]
[2026-05-29 23:05:41]     spatial_update=delta_l2=0.01281010 max_abs=0.00228916 relative=0.01073341 changed=True

[2026-05-29 23:05:41] Fold 3/5 | subject=15
[2026-05-29 23:05:41]     Train: 32 | counts=[16, 16]
[2026-05-29 23:05:41]     Test:  8 | counts=[4, 4]
[2026-05-29 23:05:41]     Model: SignalJEPA_PreLocal | Pretrained: from_pretrained | Strategy: new
[2026-05-29 23:05:41]     Normalization: none | fit_scope=none
[2026-05-29 23:05:41]     Phase 1 (new): 2,170/16,010 params
[2026-05-29 23:05:49]     Result | best_epoch=573 | stop=623 | final_phase_epochs=623 | acc=0.5000 | bal_acc=0.5000 | pred_hist=[4, 4] | collapse=False
[2026-05-29 23:05:49]     spatial_conv=[4, 29] top_abs_channels=[('FC3', 0.19554278), ('CP3', 0.18435258), ('T5', 0.15654051), ('TP8', 0.1467329), ('C4', 0.13733639), ('O2', 0.1285575), ('T3', 0.12194894), ('C3', 0.1013037)]
[2026-05-29 23:05:49]     spatial_update=delta_l2=1.16284869 max_abs=0.36536001 relative=0.97433511 changed=True

[2026-05-29 23:05:50] Fold 4/5 | subject=15
[2026-05-29 23:05:50]     Train: 32 | counts=[16, 16]
[2026-05-29 23:05:50]     Test:  8 | counts=[4, 4]
[2026-05-29 23:05:50]     Model: SignalJEPA_PreLocal | Pretrained: from_pretrained | Strategy: new
[2026-05-29 23:05:50]     Normalization: none | fit_scope=none
[2026-05-29 23:05:50]     Phase 1 (new): 2,170/16,010 params
[2026-05-29 23:05:51]     Result | best_epoch=37 | stop=87 | final_phase_epochs=87 | acc=0.7500 | bal_acc=0.7500 | pred_hist=[4, 4] | collapse=False
[2026-05-29 23:05:51]     spatial_conv=[4, 29] top_abs_channels=[('Fp1', 0.140214), ('T5', 0.14009862), ('T3', 0.1380437), ('Pz', 0.13239893), ('CP3', 0.12182102), ('T4', 0.12093098), ('C3', 0.11338589), ('O2', 0.11219136)]
[2026-05-29 23:05:51]     spatial_update=delta_l2=0.41392784 max_abs=0.08616376 relative=0.34682451 changed=True

[2026-05-29 23:05:52] Fold 5/5 | subject=15
[2026-05-29 23:05:52]     Train: 32 | counts=[16, 16]
[2026-05-29 23:05:52]     Test:  8 | counts=[4, 4]
[2026-05-29 23:05:52]     Model: SignalJEPA_PreLocal | Pretrained: from_pretrained | Strategy: new
[2026-05-29 23:05:52]     Normalization: none | fit_scope=none
[2026-05-29 23:05:52]     Phase 1 (new): 2,170/16,010 params
[2026-05-29 23:05:52]     Result | best_epoch=1 | stop=51 | final_phase_epochs=51 | acc=0.5000 | bal_acc=0.5000 | pred_hist=[0, 8] | collapse=True
[2026-05-29 23:05:52]     spatial_conv=[4, 29] top_abs_channels=[('Pz', 0.1518133), ('O2', 0.1439172), ('T3', 0.12725227), ('T4', 0.12311192), ('O1', 0.12133806), ('CP3', 0.12065531), ('C3', 0.11509441), ('CP4', 0.10991117)]
[2026-05-29 23:05:52]     spatial_update=delta_l2=0.01269417 max_abs=0.00217510 relative=0.01063627 changed=True
[2026-05-29 23:05:52]   Subject 15: acc=0.5250±0.1225  bal_acc=0.5250±0.1225
[2026-05-29 23:05:52] \nSubject 16: 40 windows | class_counts=[20, 20]

[2026-05-29 23:05:53] Fold 1/5 | subject=16
[2026-05-29 23:05:53]     Train: 32 | counts=[16, 16]
[2026-05-29 23:05:53]     Test:  8 | counts=[4, 4]
[2026-05-29 23:05:53]     Model: SignalJEPA_PreLocal | Pretrained: from_pretrained | Strategy: new
[2026-05-29 23:05:53]     Normalization: none | fit_scope=none
[2026-05-29 23:05:53]     Phase 1 (new): 2,170/16,010 params
[2026-05-29 23:05:54]     Result | best_epoch=1 | stop=51 | final_phase_epochs=51 | acc=0.5000 | bal_acc=0.5000 | pred_hist=[0, 8] | collapse=True
[2026-05-29 23:05:54]     spatial_conv=[4, 29] top_abs_channels=[('Pz', 0.15289176), ('O2', 0.1438694), ('T3', 0.12570077), ('T4', 0.12226217), ('O1', 0.12138908), ('CP3', 0.12097409), ('C3', 0.11443387), ('CP4', 0.11142343)]
[2026-05-29 23:05:54]     spatial_update=delta_l2=0.01114929 max_abs=0.00206500 relative=0.00934184 changed=True

[2026-05-29 23:05:54] Fold 2/5 | subject=16
[2026-05-29 23:05:54]     Train: 32 | counts=[16, 16]
[2026-05-29 23:05:54]     Test:  8 | counts=[4, 4]
[2026-05-29 23:05:54]     Model: SignalJEPA_PreLocal | Pretrained: from_pretrained | Strategy: new
[2026-05-29 23:05:54]     Normalization: none | fit_scope=none
[2026-05-29 23:05:54]     Phase 1 (new): 2,170/16,010 params
[2026-05-29 23:05:55]     Result | best_epoch=1 | stop=51 | final_phase_epochs=51 | acc=0.5000 | bal_acc=0.5000 | pred_hist=[0, 8] | collapse=True
[2026-05-29 23:05:55]     spatial_conv=[4, 29] top_abs_channels=[('Pz', 0.15249825), ('O2', 0.14453727), ('T3', 0.1265928), ('T4', 0.12209017), ('CP3', 0.12135753), ('O1', 0.12116971), ('C3', 0.11502118), ('CP4', 0.11038511)]
[2026-05-29 23:05:55]     spatial_update=delta_l2=0.01075829 max_abs=0.00211944 relative=0.00901422 changed=True

[2026-05-29 23:05:55] Fold 3/5 | subject=16
[2026-05-29 23:05:55]     Train: 32 | counts=[16, 16]
[2026-05-29 23:05:55]     Test:  8 | counts=[4, 4]
[2026-05-29 23:05:55]     Model: SignalJEPA_PreLocal | Pretrained: from_pretrained | Strategy: new
[2026-05-29 23:05:55]     Normalization: none | fit_scope=none
[2026-05-29 23:05:55]     Phase 1 (new): 2,170/16,010 params
[2026-05-29 23:05:56]     Result | best_epoch=1 | stop=51 | final_phase_epochs=51 | acc=0.3750 | bal_acc=0.3750 | pred_hist=[1, 7] | collapse=False
[2026-05-29 23:05:56]     spatial_conv=[4, 29] top_abs_channels=[('Pz', 0.15341637), ('O2', 0.14316721), ('T3', 0.12591492), ('O1', 0.12221669), ('T4', 0.12206527), ('CP3', 0.12203264), ('C3', 0.11389086), ('CP4', 0.11175524)]
[2026-05-29 23:05:56]     spatial_update=delta_l2=0.01313345 max_abs=0.00226094 relative=0.01100434 changed=True

[2026-05-29 23:05:56] Fold 4/5 | subject=16
[2026-05-29 23:05:56]     Train: 32 | counts=[16, 16]
[2026-05-29 23:05:56]     Test:  8 | counts=[4, 4]
[2026-05-29 23:05:56]     Model: SignalJEPA_PreLocal | Pretrained: from_pretrained | Strategy: new
[2026-05-29 23:05:56]     Normalization: none | fit_scope=none
[2026-05-29 23:05:56]     Phase 1 (new): 2,170/16,010 params
[2026-05-29 23:05:57]     Result | best_epoch=3 | stop=51 | final_phase_epochs=51 | acc=0.5000 | bal_acc=0.5000 | pred_hist=[0, 8] | collapse=True
[2026-05-29 23:05:57]     spatial_conv=[4, 29] top_abs_channels=[('Pz', 0.15285365), ('O2', 0.14326298), ('T3', 0.12655479), ('T4', 0.1216827), ('O1', 0.12167796), ('CP3', 0.12074991), ('C3', 0.11462805), ('CP4', 0.11179207)]
[2026-05-29 23:05:57]     spatial_update=delta_l2=0.01468409 max_abs=0.00228163 relative=0.01230360 changed=True

[2026-05-29 23:05:57] Fold 5/5 | subject=16
[2026-05-29 23:05:58]     Train: 32 | counts=[16, 16]
[2026-05-29 23:05:58]     Test:  8 | counts=[4, 4]
[2026-05-29 23:05:58]     Model: SignalJEPA_PreLocal | Pretrained: from_pretrained | Strategy: new
[2026-05-29 23:05:58]     Normalization: none | fit_scope=none
[2026-05-29 23:05:58]     Phase 1 (new): 2,170/16,010 params
[2026-05-29 23:05:59]     Result | best_epoch=46 | stop=96 | final_phase_epochs=96 | acc=0.5000 | bal_acc=0.5000 | pred_hist=[4, 4] | collapse=False
[2026-05-29 23:05:59]     spatial_conv=[4, 29] top_abs_channels=[('Pz', 0.18572964), ('O2', 0.13382664), ('P4', 0.1246248), ('T3', 0.12337299), ('CP3', 0.11380536), ('C3', 0.10905184), ('O1', 0.10904779), ('Fp1', 0.10897855)]
[2026-05-29 23:05:59]     spatial_update=delta_l2=0.31951071 max_abs=0.08890470 relative=0.26771368 changed=True
[2026-05-29 23:05:59]   Subject 16: acc=0.4750±0.0500  bal_acc=0.4750±0.0500
[2026-05-29 23:05:59] \nSubject 17: 40 windows | class_counts=[20, 20]

[2026-05-29 23:05:59] Fold 1/5 | subject=17
[2026-05-29 23:05:59]     Train: 32 | counts=[16, 16]
[2026-05-29 23:05:59]     Test:  8 | counts=[4, 4]
[2026-05-29 23:05:59]     Model: SignalJEPA_PreLocal | Pretrained: from_pretrained | Strategy: new
[2026-05-29 23:05:59]     Normalization: none | fit_scope=none
[2026-05-29 23:05:59]     Phase 1 (new): 2,170/16,010 params
[2026-05-29 23:06:00]     Result | best_epoch=37 | stop=87 | final_phase_epochs=87 | acc=0.5000 | bal_acc=0.5000 | pred_hist=[4, 4] | collapse=False
[2026-05-29 23:06:00]     spatial_conv=[4, 29] top_abs_channels=[('T3', 0.1501976), ('O2', 0.1486448), ('Pz', 0.13474494), ('CP4', 0.12033044), ('C3', 0.11748001), ('CP3', 0.1135039), ('Fz', 0.11211224), ('T5', 0.11181529)]
[2026-05-29 23:06:00]     spatial_update=delta_l2=0.30803204 max_abs=0.07411936 relative=0.25809586 changed=True

[2026-05-29 23:06:01] Fold 2/5 | subject=17
[2026-05-29 23:06:01]     Train: 32 | counts=[16, 16]
[2026-05-29 23:06:01]     Test:  8 | counts=[4, 4]
[2026-05-29 23:06:01]     Model: SignalJEPA_PreLocal | Pretrained: from_pretrained | Strategy: new
[2026-05-29 23:06:01]     Normalization: none | fit_scope=none
[2026-05-29 23:06:01]     Phase 1 (new): 2,170/16,010 params
[2026-05-29 23:06:02]     Result | best_epoch=5 | stop=54 | final_phase_epochs=54 | acc=0.5000 | bal_acc=0.5000 | pred_hist=[0, 8] | collapse=True
[2026-05-29 23:06:02]     spatial_conv=[4, 29] top_abs_channels=[('Pz', 0.15241684), ('O2', 0.1466963), ('T3', 0.12651113), ('T4', 0.12114394), ('O1', 0.12003775), ('CP3', 0.11997644), ('C3', 0.11638531), ('CP4', 0.11297904)]
[2026-05-29 23:06:02]     spatial_update=delta_l2=0.04248641 max_abs=0.00778475 relative=0.03559878 changed=True

[2026-05-29 23:06:02] Fold 3/5 | subject=17
[2026-05-29 23:06:02]     Train: 32 | counts=[16, 16]
[2026-05-29 23:06:02]     Test:  8 | counts=[4, 4]
[2026-05-29 23:06:02]     Model: SignalJEPA_PreLocal | Pretrained: from_pretrained | Strategy: new
[2026-05-29 23:06:02]     Normalization: none | fit_scope=none
[2026-05-29 23:06:02]     Phase 1 (new): 2,170/16,010 params
[2026-05-29 23:06:06]     Result | best_epoch=276 | stop=326 | final_phase_epochs=326 | acc=0.7500 | bal_acc=0.7500 | pred_hist=[6, 2] | collapse=False
[2026-05-29 23:06:06]     spatial_conv=[4, 29] top_abs_channels=[('C4', 0.23454733), ('CP4', 0.18622437), ('CP3', 0.17760283), ('C3', 0.15343402), ('P3', 0.14304136), ('T5', 0.12343443), ('Fz', 0.11456891), ('P4', 0.09725101)]
[2026-05-29 23:06:06]     spatial_update=delta_l2=1.01777775 max_abs=0.32641389 relative=0.85278214 changed=True

[2026-05-29 23:06:07] Fold 4/5 | subject=17
[2026-05-29 23:06:07]     Train: 32 | counts=[16, 16]
[2026-05-29 23:06:07]     Test:  8 | counts=[4, 4]
[2026-05-29 23:06:07]     Model: SignalJEPA_PreLocal | Pretrained: from_pretrained | Strategy: new
[2026-05-29 23:06:07]     Normalization: none | fit_scope=none
[2026-05-29 23:06:07]     Phase 1 (new): 2,170/16,010 params
[2026-05-29 23:06:08]     Result | best_epoch=18 | stop=67 | final_phase_epochs=67 | acc=0.7500 | bal_acc=0.7500 | pred_hist=[2, 6] | collapse=False
[2026-05-29 23:06:08]     spatial_conv=[4, 29] top_abs_channels=[('O2', 0.15383235), ('Pz', 0.14930663), ('T3', 0.12456492), ('T4', 0.12344573), ('C3', 0.11734948), ('CP3', 0.11381096), ('CP4', 0.11189936), ('T5', 0.10756432)]
[2026-05-29 23:06:08]     spatial_update=delta_l2=0.15263787 max_abs=0.03437801 relative=0.12789319 changed=True

[2026-05-29 23:06:08] Fold 5/5 | subject=17
[2026-05-29 23:06:08]     Train: 32 | counts=[16, 16]
[2026-05-29 23:06:08]     Test:  8 | counts=[4, 4]
[2026-05-29 23:06:08]     Model: SignalJEPA_PreLocal | Pretrained: from_pretrained | Strategy: new
[2026-05-29 23:06:08]     Normalization: none | fit_scope=none
[2026-05-29 23:06:08]     Phase 1 (new): 2,170/16,010 params
[2026-05-29 23:06:09]     Result | best_epoch=25 | stop=68 | final_phase_epochs=68 | acc=0.6250 | bal_acc=0.6250 | pred_hist=[5, 3] | collapse=False
[2026-05-29 23:06:09]     spatial_conv=[4, 29] top_abs_channels=[('Pz', 0.14454915), ('O2', 0.13994651), ('T3', 0.1330258), ('C3', 0.12312412), ('T4', 0.1206677), ('O1', 0.11732656), ('P3', 0.11496194), ('Fz', 0.11298829)]
[2026-05-29 23:06:09]     spatial_update=delta_l2=0.16244981 max_abs=0.03204684 relative=0.13611449 changed=True
[2026-05-29 23:06:09]   Subject 17: acc=0.6250±0.1118  bal_acc=0.6250±0.1118
[2026-05-29 23:06:09] \nSubject 18: 40 windows | class_counts=[20, 20]

[2026-05-29 23:06:10] Fold 1/5 | subject=18
[2026-05-29 23:06:10]     Train: 32 | counts=[16, 16]
[2026-05-29 23:06:10]     Test:  8 | counts=[4, 4]
[2026-05-29 23:06:10]     Model: SignalJEPA_PreLocal | Pretrained: from_pretrained | Strategy: new
[2026-05-29 23:06:10]     Normalization: none | fit_scope=none
[2026-05-29 23:06:10]     Phase 1 (new): 2,170/16,010 params
[2026-05-29 23:06:21]     Result | best_epoch=855 | stop=905 | final_phase_epochs=905 | acc=1.0000 | bal_acc=1.0000 | pred_hist=[4, 4] | collapse=False
[2026-05-29 23:06:21]     spatial_conv=[4, 29] top_abs_channels=[('P4', 0.231576), ('TP8', 0.19522913), ('FC3', 0.18287763), ('P3', 0.1798611), ('T3', 0.15109459), ('Oz', 0.15052719), ('FCz', 0.14692846), ('FT8', 0.13031013)]
[2026-05-29 23:06:21]     spatial_update=delta_l2=1.55450474 max_abs=0.39064284 relative=1.30249839 changed=True

[2026-05-29 23:06:22] Fold 2/5 | subject=18
[2026-05-29 23:06:22]     Train: 32 | counts=[16, 16]
[2026-05-29 23:06:22]     Test:  8 | counts=[4, 4]
[2026-05-29 23:06:22]     Model: SignalJEPA_PreLocal | Pretrained: from_pretrained | Strategy: new
[2026-05-29 23:06:22]     Normalization: none | fit_scope=none
[2026-05-29 23:06:22]     Phase 1 (new): 2,170/16,010 params
[2026-05-29 23:06:29]     Result | best_epoch=494 | stop=544 | final_phase_epochs=544 | acc=0.8750 | bal_acc=0.8750 | pred_hist=[5, 3] | collapse=False
[2026-05-29 23:06:29]     spatial_conv=[4, 29] top_abs_channels=[('TP8', 0.24920419), ('FCz', 0.16738138), ('FT8', 0.16242911), ('P4', 0.15996245), ('P3', 0.13364708), ('O1', 0.13239929), ('Oz', 0.1226148), ('TP7', 0.12138154)]
[2026-05-29 23:06:29]     spatial_update=delta_l2=1.39148564 max_abs=0.39612852 relative=1.16590691 changed=True

[2026-05-29 23:06:30] Fold 3/5 | subject=18
[2026-05-29 23:06:30]     Train: 32 | counts=[16, 16]
[2026-05-29 23:06:30]     Test:  8 | counts=[4, 4]
[2026-05-29 23:06:30]     Model: SignalJEPA_PreLocal | Pretrained: from_pretrained | Strategy: new
[2026-05-29 23:06:30]     Normalization: none | fit_scope=none
[2026-05-29 23:06:30]     Phase 1 (new): 2,170/16,010 params
[2026-05-29 23:06:52]     Result | best_epoch=1632 | stop=1682 | final_phase_epochs=1682 | acc=1.0000 | bal_acc=1.0000 | pred_hist=[4, 4] | collapse=False
[2026-05-29 23:06:52]     spatial_conv=[4, 29] top_abs_channels=[('P4', 0.22282676), ('TP8', 0.20392194), ('C3', 0.1905265), ('FT8', 0.17216271), ('P3', 0.16657031), ('Cz', 0.16417697), ('Oz', 0.12812999), ('TP7', 0.12660736)]
[2026-05-29 23:06:52]     spatial_update=delta_l2=1.66640786 max_abs=0.50992027 relative=1.39626049 changed=True

[2026-05-29 23:06:52] Fold 4/5 | subject=18
[2026-05-29 23:06:52]     Train: 32 | counts=[16, 16]
[2026-05-29 23:06:52]     Test:  8 | counts=[4, 4]
[2026-05-29 23:06:52]     Model: SignalJEPA_PreLocal | Pretrained: from_pretrained | Strategy: new
[2026-05-29 23:06:52]     Normalization: none | fit_scope=none
[2026-05-29 23:06:52]     Phase 1 (new): 2,170/16,010 params
[2026-05-29 23:07:58]     Result | best_epoch=4888 | stop=4938 | final_phase_epochs=4938 | acc=1.0000 | bal_acc=1.0000 | pred_hist=[4, 4] | collapse=False
[2026-05-29 23:07:58]     spatial_conv=[4, 29] top_abs_channels=[('FCz', 0.3923057), ('TP8', 0.20160393), ('P4', 0.19834688), ('Oz', 0.18053149), ('Fz', 0.14810047), ('C3', 0.13973942), ('O1', 0.12516531), ('T3', 0.12184392)]
[2026-05-29 23:07:58]     spatial_update=delta_l2=1.57323938 max_abs=0.42963666 relative=1.31819589 changed=True

[2026-05-29 23:07:59] Fold 5/5 | subject=18
[2026-05-29 23:07:59]     Train: 32 | counts=[16, 16]
[2026-05-29 23:07:59]     Test:  8 | counts=[4, 4]
[2026-05-29 23:07:59]     Model: SignalJEPA_PreLocal | Pretrained: from_pretrained | Strategy: new
[2026-05-29 23:07:59]     Normalization: none | fit_scope=none
[2026-05-29 23:07:59]     Phase 1 (new): 2,170/16,010 params
[2026-05-29 23:08:09]     Result | best_epoch=705 | stop=755 | final_phase_epochs=755 | acc=1.0000 | bal_acc=1.0000 | pred_hist=[4, 4] | collapse=False
[2026-05-29 23:08:09]     spatial_conv=[4, 29] top_abs_channels=[('P4', 0.2245556), ('TP8', 0.22277895), ('FC3', 0.18789648), ('FT8', 0.16983789), ('FCz', 0.15409927), ('P3', 0.15236314), ('CP3', 0.14043571), ('T5', 0.14011683)]
[2026-05-29 23:08:09]     spatial_update=delta_l2=1.52263482 max_abs=0.43575552 relative=1.27579501 changed=True
[2026-05-29 23:08:09]   Subject 18: acc=0.9750±0.0500  bal_acc=0.9750±0.0500
[2026-05-29 23:08:09] \nSubject 19: 40 windows | class_counts=[20, 20]

[2026-05-29 23:08:09] Fold 1/5 | subject=19
[2026-05-29 23:08:09]     Train: 32 | counts=[16, 16]
[2026-05-29 23:08:09]     Test:  8 | counts=[4, 4]
[2026-05-29 23:08:09]     Model: SignalJEPA_PreLocal | Pretrained: from_pretrained | Strategy: new
[2026-05-29 23:08:09]     Normalization: none | fit_scope=none
[2026-05-29 23:08:09]     Phase 1 (new): 2,170/16,010 params
[2026-05-29 23:08:10]     Result | best_epoch=1 | stop=51 | final_phase_epochs=51 | acc=0.5000 | bal_acc=0.5000 | pred_hist=[0, 8] | collapse=True
[2026-05-29 23:08:10]     spatial_conv=[4, 29] top_abs_channels=[('Pz', 0.1528725), ('O2', 0.1441689), ('T3', 0.12699899), ('O1', 0.1224393), ('T4', 0.12226659), ('CP3', 0.12101822), ('C3', 0.11599462), ('Fp1', 0.11057387)]
[2026-05-29 23:08:10]     spatial_update=delta_l2=0.01305883 max_abs=0.00211693 relative=0.01094181 changed=True

[2026-05-29 23:08:11] Fold 2/5 | subject=19
[2026-05-29 23:08:11]     Train: 32 | counts=[16, 16]
[2026-05-29 23:08:11]     Test:  8 | counts=[4, 4]
[2026-05-29 23:08:11]     Model: SignalJEPA_PreLocal | Pretrained: from_pretrained | Strategy: new
[2026-05-29 23:08:11]     Normalization: none | fit_scope=none
[2026-05-29 23:08:11]     Phase 1 (new): 2,170/16,010 params
[2026-05-29 23:08:11]     Result | best_epoch=21 | stop=70 | final_phase_epochs=70 | acc=0.1250 | bal_acc=0.1250 | pred_hist=[3, 5] | collapse=False
[2026-05-29 23:08:11]     spatial_conv=[4, 29] top_abs_channels=[('Pz', 0.15597357), ('O2', 0.13837284), ('O1', 0.13335778), ('T4', 0.12469871), ('Fp1', 0.11966443), ('T3', 0.11942743), ('CP3', 0.11896175), ('C3', 0.11427538)]
[2026-05-29 23:08:11]     spatial_update=delta_l2=0.16882727 max_abs=0.03518630 relative=0.14145807 changed=True

[2026-05-29 23:08:12] Fold 3/5 | subject=19
[2026-05-29 23:08:12]     Train: 32 | counts=[16, 16]
[2026-05-29 23:08:12]     Test:  8 | counts=[4, 4]
[2026-05-29 23:08:12]     Model: SignalJEPA_PreLocal | Pretrained: from_pretrained | Strategy: new
[2026-05-29 23:08:12]     Normalization: none | fit_scope=none
[2026-05-29 23:08:12]     Phase 1 (new): 2,170/16,010 params
[2026-05-29 23:08:13]     Result | best_epoch=1 | stop=51 | final_phase_epochs=51 | acc=0.5000 | bal_acc=0.5000 | pred_hist=[0, 8] | collapse=True
[2026-05-29 23:08:13]     spatial_conv=[4, 29] top_abs_channels=[('Pz', 0.15247333), ('O2', 0.14401719), ('T3', 0.12703674), ('T4', 0.12237266), ('O1', 0.12118134), ('CP3', 0.12085199), ('C3', 0.11577488), ('CP4', 0.11004557)]
[2026-05-29 23:08:13]     spatial_update=delta_l2=0.01003721 max_abs=0.00219356 relative=0.00841004 changed=True

[2026-05-29 23:08:13] Fold 4/5 | subject=19
[2026-05-29 23:08:13]     Train: 32 | counts=[16, 16]
[2026-05-29 23:08:13]     Test:  8 | counts=[4, 4]
[2026-05-29 23:08:13]     Model: SignalJEPA_PreLocal | Pretrained: from_pretrained | Strategy: new
[2026-05-29 23:08:13]     Normalization: none | fit_scope=none
[2026-05-29 23:08:13]     Phase 1 (new): 2,170/16,010 params
[2026-05-29 23:08:14]     Result | best_epoch=1 | stop=51 | final_phase_epochs=51 | acc=0.5000 | bal_acc=0.5000 | pred_hist=[0, 8] | collapse=True
[2026-05-29 23:08:14]     spatial_conv=[4, 29] top_abs_channels=[('Pz', 0.15247381), ('O2', 0.14453191), ('T3', 0.12668337), ('T4', 0.12261537), ('O1', 0.12113037), ('CP3', 0.12060957), ('C3', 0.1153089), ('CP4', 0.11031482)]
[2026-05-29 23:08:14]     spatial_update=delta_l2=0.00995313 max_abs=0.00191507 relative=0.00833959 changed=True

[2026-05-29 23:08:14] Fold 5/5 | subject=19
[2026-05-29 23:08:14]     Train: 32 | counts=[16, 16]
[2026-05-29 23:08:14]     Test:  8 | counts=[4, 4]
[2026-05-29 23:08:14]     Model: SignalJEPA_PreLocal | Pretrained: from_pretrained | Strategy: new
[2026-05-29 23:08:14]     Normalization: none | fit_scope=none
[2026-05-29 23:08:14]     Phase 1 (new): 2,170/16,010 params
[2026-05-29 23:08:17]     Result | best_epoch=187 | stop=237 | final_phase_epochs=237 | acc=0.5000 | bal_acc=0.5000 | pred_hist=[6, 2] | collapse=False
[2026-05-29 23:08:17]     spatial_conv=[4, 29] top_abs_channels=[('Pz', 0.21465194), ('F4', 0.16803928), ('CP3', 0.16144007), ('T3', 0.1558297), ('Fz', 0.13769743), ('T4', 0.1330487), ('CP4', 0.12272154), ('O2', 0.11310168)]
[2026-05-29 23:08:17]     spatial_update=delta_l2=0.70159991 max_abs=0.19710584 relative=0.58786103 changed=True
[2026-05-29 23:08:17]   Subject 19: acc=0.4250±0.1500  bal_acc=0.4250±0.1500
[2026-05-29 23:08:17] \nSubject 20: 40 windows | class_counts=[20, 20]

[2026-05-29 23:08:18] Fold 1/5 | subject=20
[2026-05-29 23:08:18]     Train: 32 | counts=[16, 16]
[2026-05-29 23:08:18]     Test:  8 | counts=[4, 4]
[2026-05-29 23:08:18]     Model: SignalJEPA_PreLocal | Pretrained: from_pretrained | Strategy: new
[2026-05-29 23:08:18]     Normalization: none | fit_scope=none
[2026-05-29 23:08:18]     Phase 1 (new): 2,170/16,010 params
[2026-05-29 23:08:19]     Result | best_epoch=67 | stop=117 | final_phase_epochs=117 | acc=0.3750 | bal_acc=0.3750 | pred_hist=[5, 3] | collapse=False
[2026-05-29 23:08:19]     spatial_conv=[4, 29] top_abs_channels=[('Pz', 0.15745951), ('Fp1', 0.13653666), ('O2', 0.13546613), ('C3', 0.1333095), ('CP4', 0.12704265), ('T4', 0.12622179), ('O1', 0.12331002), ('Fz', 0.12130976)]
[2026-05-29 23:08:19]     spatial_update=delta_l2=0.54031452 max_abs=0.11505800 relative=0.45272219 changed=True

[2026-05-29 23:08:20] Fold 2/5 | subject=20
[2026-05-29 23:08:20]     Train: 32 | counts=[16, 16]
[2026-05-29 23:08:20]     Test:  8 | counts=[4, 4]
[2026-05-29 23:08:20]     Model: SignalJEPA_PreLocal | Pretrained: from_pretrained | Strategy: new
[2026-05-29 23:08:20]     Normalization: none | fit_scope=none
[2026-05-29 23:08:20]     Phase 1 (new): 2,170/16,010 params
[2026-05-29 23:08:21]     Result | best_epoch=1 | stop=51 | final_phase_epochs=51 | acc=0.2500 | bal_acc=0.2500 | pred_hist=[2, 6] | collapse=False
[2026-05-29 23:08:21]     spatial_conv=[4, 29] top_abs_channels=[('Pz', 0.15396005), ('O2', 0.14401294), ('T3', 0.12693289), ('O1', 0.12224032), ('T4', 0.12216634), ('CP3', 0.12056077), ('C3', 0.1153765), ('CP4', 0.11113604)]
[2026-05-29 23:08:21]     spatial_update=delta_l2=0.01537262 max_abs=0.00221907 relative=0.01288051 changed=True

[2026-05-29 23:08:21] Fold 3/5 | subject=20
[2026-05-29 23:08:21]     Train: 32 | counts=[16, 16]
[2026-05-29 23:08:21]     Test:  8 | counts=[4, 4]
[2026-05-29 23:08:21]     Model: SignalJEPA_PreLocal | Pretrained: from_pretrained | Strategy: new
[2026-05-29 23:08:21]     Normalization: none | fit_scope=none
[2026-05-29 23:08:21]     Phase 1 (new): 2,170/16,010 params
[2026-05-29 23:08:22]     Result | best_epoch=1 | stop=51 | final_phase_epochs=51 | acc=0.5000 | bal_acc=0.5000 | pred_hist=[0, 8] | collapse=True
[2026-05-29 23:08:22]     spatial_conv=[4, 29] top_abs_channels=[('Pz', 0.15339898), ('O2', 0.14392562), ('T3', 0.12689395), ('T4', 0.12239674), ('O1', 0.12197847), ('CP3', 0.12124036), ('C3', 0.11576392), ('CP4', 0.11107265)]
[2026-05-29 23:08:22]     spatial_update=delta_l2=0.01206144 max_abs=0.00219408 relative=0.01010612 changed=True

[2026-05-29 23:08:22] Fold 4/5 | subject=20
[2026-05-29 23:08:22]     Train: 32 | counts=[16, 16]
[2026-05-29 23:08:22]     Test:  8 | counts=[4, 4]
[2026-05-29 23:08:22]     Model: SignalJEPA_PreLocal | Pretrained: from_pretrained | Strategy: new
[2026-05-29 23:08:22]     Normalization: none | fit_scope=none
[2026-05-29 23:08:22]     Phase 1 (new): 2,170/16,010 params
[2026-05-29 23:08:23]     Result | best_epoch=1 | stop=51 | final_phase_epochs=51 | acc=0.5000 | bal_acc=0.5000 | pred_hist=[0, 8] | collapse=True
[2026-05-29 23:08:23]     spatial_conv=[4, 29] top_abs_channels=[('Pz', 0.15389585), ('O2', 0.14404339), ('T3', 0.12626489), ('T4', 0.12218446), ('O1', 0.12180614), ('CP3', 0.12097582), ('C3', 0.11549947), ('CP4', 0.1109537)]
[2026-05-29 23:08:23]     spatial_update=delta_l2=0.01347463 max_abs=0.00226822 relative=0.01129021 changed=True

[2026-05-29 23:08:23] Fold 5/5 | subject=20
[2026-05-29 23:08:23]     Train: 32 | counts=[16, 16]
[2026-05-29 23:08:23]     Test:  8 | counts=[4, 4]
[2026-05-29 23:08:23]     Model: SignalJEPA_PreLocal | Pretrained: from_pretrained | Strategy: new
[2026-05-29 23:08:23]     Normalization: none | fit_scope=none
[2026-05-29 23:08:23]     Phase 1 (new): 2,170/16,010 params
[2026-05-29 23:08:30]     Result | best_epoch=462 | stop=512 | final_phase_epochs=512 | acc=0.3750 | bal_acc=0.3750 | pred_hist=[5, 3] | collapse=False
[2026-05-29 23:08:30]     spatial_conv=[4, 29] top_abs_channels=[('TP7', 0.16660748), ('Pz', 0.15886649), ('CP4', 0.15395018), ('Fz', 0.15360606), ('Cz', 0.15128307), ('CP3', 0.14975286), ('F3', 0.14660238), ('F4', 0.1356333)]
[2026-05-29 23:08:30]     spatial_update=delta_l2=1.16312264 max_abs=0.30548835 relative=0.97456465 changed=True
[2026-05-29 23:08:30]   Subject 20: acc=0.4000±0.0935  bal_acc=0.4000±0.0935
[2026-05-29 23:08:30] \nSubject 21: 40 windows | class_counts=[20, 20]

[2026-05-29 23:08:31] Fold 1/5 | subject=21
[2026-05-29 23:08:31]     Train: 32 | counts=[16, 16]
[2026-05-29 23:08:31]     Test:  8 | counts=[4, 4]
[2026-05-29 23:08:31]     Model: SignalJEPA_PreLocal | Pretrained: from_pretrained | Strategy: new
[2026-05-29 23:08:31]     Normalization: none | fit_scope=none
[2026-05-29 23:08:31]     Phase 1 (new): 2,170/16,010 params
[2026-05-29 23:08:35]     Result | best_epoch=288 | stop=338 | final_phase_epochs=338 | acc=0.3750 | bal_acc=0.3750 | pred_hist=[5, 3] | collapse=False
[2026-05-29 23:08:35]     spatial_conv=[4, 29] top_abs_channels=[('Oz', 0.17819229), ('F7', 0.1595006), ('Pz', 0.13610873), ('P4', 0.13222685), ('T6', 0.12542813), ('O2', 0.1227843), ('F4', 0.12040854), ('CP3', 0.11892459)]
[2026-05-29 23:08:35]     spatial_update=delta_l2=1.08209679 max_abs=0.26544337 relative=0.90667419 changed=True

[2026-05-29 23:08:36] Fold 2/5 | subject=21
[2026-05-29 23:08:36]     Train: 32 | counts=[16, 16]
[2026-05-29 23:08:36]     Test:  8 | counts=[4, 4]
[2026-05-29 23:08:36]     Model: SignalJEPA_PreLocal | Pretrained: from_pretrained | Strategy: new
[2026-05-29 23:08:36]     Normalization: none | fit_scope=none
[2026-05-29 23:08:36]     Phase 1 (new): 2,170/16,010 params
[2026-05-29 23:08:38]     Result | best_epoch=138 | stop=188 | final_phase_epochs=188 | acc=0.6250 | bal_acc=0.6250 | pred_hist=[3, 5] | collapse=False
[2026-05-29 23:08:38]     spatial_conv=[4, 29] top_abs_channels=[('Fz', 0.16858594), ('Pz', 0.15581653), ('Fp1', 0.14172739), ('F7', 0.1247744), ('O2', 0.12058659), ('T3', 0.1199754), ('O1', 0.11858159), ('T6', 0.11396272)]
[2026-05-29 23:08:38]     spatial_update=delta_l2=0.64122880 max_abs=0.15674028 relative=0.53727689 changed=True

[2026-05-29 23:08:39] Fold 3/5 | subject=21
[2026-05-29 23:08:39]     Train: 32 | counts=[16, 16]
[2026-05-29 23:08:39]     Test:  8 | counts=[4, 4]
[2026-05-29 23:08:39]     Model: SignalJEPA_PreLocal | Pretrained: from_pretrained | Strategy: new
[2026-05-29 23:08:39]     Normalization: none | fit_scope=none
[2026-05-29 23:08:39]     Phase 1 (new): 2,170/16,010 params
[2026-05-29 23:08:39]     Result | best_epoch=5 | stop=55 | final_phase_epochs=55 | acc=0.6250 | bal_acc=0.6250 | pred_hist=[3, 5] | collapse=False
[2026-05-29 23:08:39]     spatial_conv=[4, 29] top_abs_channels=[('Pz', 0.15995602), ('O2', 0.1466929), ('T3', 0.12707993), ('T4', 0.12123924), ('O1', 0.11894032), ('C3', 0.11783272), ('CP3', 0.11539164), ('CP4', 0.11332273)]
[2026-05-29 23:08:39]     spatial_update=delta_l2=0.05412449 max_abs=0.00986798 relative=0.04535017 changed=True

[2026-05-29 23:08:40] Fold 4/5 | subject=21
[2026-05-29 23:08:40]     Train: 32 | counts=[16, 16]
[2026-05-29 23:08:40]     Test:  8 | counts=[4, 4]
[2026-05-29 23:08:40]     Model: SignalJEPA_PreLocal | Pretrained: from_pretrained | Strategy: new
[2026-05-29 23:08:40]     Normalization: none | fit_scope=none
[2026-05-29 23:08:40]     Phase 1 (new): 2,170/16,010 params
[2026-05-29 23:08:41]     Result | best_epoch=20 | stop=70 | final_phase_epochs=70 | acc=0.8750 | bal_acc=0.8750 | pred_hist=[3, 5] | collapse=False
[2026-05-29 23:08:41]     spatial_conv=[4, 29] top_abs_channels=[('Pz', 0.15748188), ('O2', 0.14086379), ('O1', 0.12080538), ('Fp1', 0.1207568), ('T3', 0.12059817), ('CP3', 0.1166929), ('T4', 0.11611718), ('Fz', 0.11537391)]
[2026-05-29 23:08:41]     spatial_update=delta_l2=0.15381650 max_abs=0.03788763 relative=0.12888075 changed=True

[2026-05-29 23:08:41] Fold 5/5 | subject=21
[2026-05-29 23:08:41]     Train: 32 | counts=[16, 16]
[2026-05-29 23:08:41]     Test:  8 | counts=[4, 4]
[2026-05-29 23:08:41]     Model: SignalJEPA_PreLocal | Pretrained: from_pretrained | Strategy: new
[2026-05-29 23:08:41]     Normalization: none | fit_scope=none
[2026-05-29 23:08:41]     Phase 1 (new): 2,170/16,010 params
[2026-05-29 23:08:42]     Result | best_epoch=1 | stop=51 | final_phase_epochs=51 | acc=0.5000 | bal_acc=0.5000 | pred_hist=[2, 6] | collapse=False
[2026-05-29 23:08:42]     spatial_conv=[4, 29] top_abs_channels=[('Pz', 0.15359885), ('O2', 0.14476012), ('T3', 0.12713915), ('O1', 0.1215926), ('T4', 0.12092869), ('CP3', 0.12005839), ('C3', 0.1154775), ('Fp1', 0.11114463)]
[2026-05-29 23:08:42]     spatial_update=delta_l2=0.01226082 max_abs=0.00239304 relative=0.01027317 changed=True
[2026-05-29 23:08:42]   Subject 21: acc=0.6000±0.1658  bal_acc=0.6000±0.1658
[2026-05-29 23:08:42] \nSubject 22: 40 windows | class_counts=[20, 20]

[2026-05-29 23:08:42] Fold 1/5 | subject=22
[2026-05-29 23:08:42]     Train: 32 | counts=[16, 16]
[2026-05-29 23:08:42]     Test:  8 | counts=[4, 4]
[2026-05-29 23:08:42]     Model: SignalJEPA_PreLocal | Pretrained: from_pretrained | Strategy: new
[2026-05-29 23:08:42]     Normalization: none | fit_scope=none
[2026-05-29 23:08:42]     Phase 1 (new): 2,170/16,010 params
[2026-05-29 23:08:44]     Result | best_epoch=84 | stop=134 | final_phase_epochs=134 | acc=0.8750 | bal_acc=0.8750 | pred_hist=[5, 3] | collapse=False
[2026-05-29 23:08:44]     spatial_conv=[4, 29] top_abs_channels=[('CP3', 0.1426743), ('Pz', 0.13895631), ('Cz', 0.13244921), ('F7', 0.13092694), ('FC4', 0.12559825), ('Fz', 0.11999013), ('C3', 0.11542942), ('FCz', 0.11402231)]
[2026-05-29 23:08:44]     spatial_update=delta_l2=0.49285810 max_abs=0.11538532 relative=0.41295911 changed=True

[2026-05-29 23:08:45] Fold 2/5 | subject=22
[2026-05-29 23:08:45]     Train: 32 | counts=[16, 16]
[2026-05-29 23:08:45]     Test:  8 | counts=[4, 4]
[2026-05-29 23:08:45]     Model: SignalJEPA_PreLocal | Pretrained: from_pretrained | Strategy: new
[2026-05-29 23:08:45]     Normalization: none | fit_scope=none
[2026-05-29 23:08:45]     Phase 1 (new): 2,170/16,010 params
[2026-05-29 23:08:53]     Result | best_epoch=661 | stop=682 | final_phase_epochs=682 | acc=0.7500 | bal_acc=0.7500 | pred_hist=[4, 4] | collapse=False
[2026-05-29 23:08:53]     spatial_conv=[4, 29] top_abs_channels=[('FC4', 0.23312539), ('CP3', 0.16973317), ('F8', 0.15999964), ('F7', 0.14404181), ('Cz', 0.14168365), ('Oz', 0.11542949), ('Pz', 0.11308892), ('C3', 0.10812581)]
[2026-05-29 23:08:53]     spatial_update=delta_l2=1.03989297 max_abs=0.30773392 relative=0.87131218 changed=True

[2026-05-29 23:08:54] Fold 3/5 | subject=22
[2026-05-29 23:08:54]     Train: 32 | counts=[16, 16]
[2026-05-29 23:08:54]     Test:  8 | counts=[4, 4]
[2026-05-29 23:08:54]     Model: SignalJEPA_PreLocal | Pretrained: from_pretrained | Strategy: new
[2026-05-29 23:08:54]     Normalization: none | fit_scope=none
[2026-05-29 23:08:54]     Phase 1 (new): 2,170/16,010 params
[2026-05-29 23:08:57]     Result | best_epoch=216 | stop=266 | final_phase_epochs=266 | acc=0.8750 | bal_acc=0.8750 | pred_hist=[5, 3] | collapse=False
[2026-05-29 23:08:57]     spatial_conv=[4, 29] top_abs_channels=[('F7', 0.162945), ('CP3', 0.16163892), ('Oz', 0.14715664), ('FC4', 0.14058039), ('Cz', 0.13464549), ('C3', 0.13023216), ('Pz', 0.12384772), ('CP4', 0.10891332)]
[2026-05-29 23:08:57]     spatial_update=delta_l2=0.82356871 max_abs=0.17744845 relative=0.69005702 changed=True

[2026-05-29 23:08:58] Fold 4/5 | subject=22
[2026-05-29 23:08:58]     Train: 32 | counts=[16, 16]
[2026-05-29 23:08:58]     Test:  8 | counts=[4, 4]
[2026-05-29 23:08:58]     Model: SignalJEPA_PreLocal | Pretrained: from_pretrained | Strategy: new
[2026-05-29 23:08:58]     Normalization: none | fit_scope=none
[2026-05-29 23:08:58]     Phase 1 (new): 2,170/16,010 params
[2026-05-29 23:09:02]     Result | best_epoch=230 | stop=280 | final_phase_epochs=280 | acc=1.0000 | bal_acc=1.0000 | pred_hist=[4, 4] | collapse=False
[2026-05-29 23:09:02]     spatial_conv=[4, 29] top_abs_channels=[('C4', 0.16138068), ('F7', 0.1521533), ('CP3', 0.13861866), ('C3', 0.13508348), ('Pz', 0.13391575), ('Fz', 0.11700858), ('Cz', 0.11143564), ('O1', 0.10971036)]
[2026-05-29 23:09:02]     spatial_update=delta_l2=0.72144585 max_abs=0.16668417 relative=0.60448967 changed=True

[2026-05-29 23:09:02] Fold 5/5 | subject=22
[2026-05-29 23:09:02]     Train: 32 | counts=[16, 16]
[2026-05-29 23:09:02]     Test:  8 | counts=[4, 4]
[2026-05-29 23:09:02]     Model: SignalJEPA_PreLocal | Pretrained: from_pretrained | Strategy: new
[2026-05-29 23:09:02]     Normalization: none | fit_scope=none
[2026-05-29 23:09:02]     Phase 1 (new): 2,170/16,010 params
[2026-05-29 23:09:05]     Result | best_epoch=157 | stop=207 | final_phase_epochs=207 | acc=1.0000 | bal_acc=1.0000 | pred_hist=[4, 4] | collapse=False
[2026-05-29 23:09:05]     spatial_conv=[4, 29] top_abs_channels=[('F7', 0.19714552), ('C3', 0.15114096), ('CP3', 0.13898842), ('Pz', 0.13496864), ('FC4', 0.12058707), ('O1', 0.1147034), ('C4', 0.11230659), ('Fz', 0.11116878)]
[2026-05-29 23:09:05]     spatial_update=delta_l2=0.59857764 max_abs=0.17857473 relative=0.50154007 changed=True
[2026-05-29 23:09:05]   Subject 22: acc=0.9000±0.0935  bal_acc=0.9000±0.0935
[2026-05-29 23:09:05] \nSubject 23: 40 windows | class_counts=[20, 20]

[2026-05-29 23:09:05] Fold 1/5 | subject=23
[2026-05-29 23:09:05]     Train: 32 | counts=[16, 16]
[2026-05-29 23:09:05]     Test:  8 | counts=[4, 4]
[2026-05-29 23:09:05]     Model: SignalJEPA_PreLocal | Pretrained: from_pretrained | Strategy: new
[2026-05-29 23:09:05]     Normalization: none | fit_scope=none
[2026-05-29 23:09:05]     Phase 1 (new): 2,170/16,010 params
[2026-05-29 23:09:06]     Result | best_epoch=1 | stop=51 | final_phase_epochs=51 | acc=0.5000 | bal_acc=0.5000 | pred_hist=[0, 8] | collapse=True
[2026-05-29 23:09:06]     spatial_conv=[4, 29] top_abs_channels=[('Pz', 0.15265281), ('O2', 0.14457177), ('T3', 0.12626815), ('T4', 0.12231129), ('CP3', 0.12124384), ('O1', 0.12117748), ('C3', 0.11506726), ('CP4', 0.11106651)]
[2026-05-29 23:09:06]     spatial_update=delta_l2=0.01123509 max_abs=0.00214566 relative=0.00941373 changed=True

[2026-05-29 23:09:07] Fold 2/5 | subject=23
[2026-05-29 23:09:07]     Train: 32 | counts=[16, 16]
[2026-05-29 23:09:07]     Test:  8 | counts=[4, 4]
[2026-05-29 23:09:07]     Model: SignalJEPA_PreLocal | Pretrained: from_pretrained | Strategy: new
[2026-05-29 23:09:07]     Normalization: none | fit_scope=none
[2026-05-29 23:09:07]     Phase 1 (new): 2,170/16,010 params
[2026-05-29 23:09:07]     Result | best_epoch=1 | stop=51 | final_phase_epochs=51 | acc=0.5000 | bal_acc=0.5000 | pred_hist=[0, 8] | collapse=True
[2026-05-29 23:09:07]     spatial_conv=[4, 29] top_abs_channels=[('Pz', 0.15263616), ('O2', 0.14402688), ('T3', 0.12710123), ('O1', 0.12291397), ('T4', 0.12264664), ('CP3', 0.12105913), ('C3', 0.11456496), ('Fp1', 0.11089875)]
[2026-05-29 23:09:07]     spatial_update=delta_l2=0.01294876 max_abs=0.00225793 relative=0.01084959 changed=True

[2026-05-29 23:09:08] Fold 3/5 | subject=23
[2026-05-29 23:09:08]     Train: 32 | counts=[16, 16]
[2026-05-29 23:09:08]     Test:  8 | counts=[4, 4]
[2026-05-29 23:09:08]     Model: SignalJEPA_PreLocal | Pretrained: from_pretrained | Strategy: new
[2026-05-29 23:09:08]     Normalization: none | fit_scope=none
[2026-05-29 23:09:08]     Phase 1 (new): 2,170/16,010 params
[2026-05-29 23:09:09]     Result | best_epoch=1 | stop=51 | final_phase_epochs=51 | acc=0.5000 | bal_acc=0.5000 | pred_hist=[0, 8] | collapse=True
[2026-05-29 23:09:09]     spatial_conv=[4, 29] top_abs_channels=[('Pz', 0.15341535), ('O2', 0.14451551), ('T3', 0.12726912), ('T4', 0.12275862), ('CP3', 0.12098654), ('O1', 0.1208801), ('C3', 0.115409), ('CP4', 0.11129619)]
[2026-05-29 23:09:09]     spatial_update=delta_l2=0.01038409 max_abs=0.00204211 relative=0.00870069 changed=True

[2026-05-29 23:09:09] Fold 4/5 | subject=23
[2026-05-29 23:09:09]     Train: 32 | counts=[16, 16]
[2026-05-29 23:09:09]     Test:  8 | counts=[4, 4]
[2026-05-29 23:09:09]     Model: SignalJEPA_PreLocal | Pretrained: from_pretrained | Strategy: new
[2026-05-29 23:09:09]     Normalization: none | fit_scope=none
[2026-05-29 23:09:09]     Phase 1 (new): 2,170/16,010 params
[2026-05-29 23:09:10]     Result | best_epoch=1 | stop=51 | final_phase_epochs=51 | acc=0.5000 | bal_acc=0.5000 | pred_hist=[0, 8] | collapse=True
[2026-05-29 23:09:10]     spatial_conv=[4, 29] top_abs_channels=[('Pz', 0.15279357), ('O2', 0.14427984), ('T3', 0.12713444), ('T4', 0.12233246), ('CP3', 0.12169182), ('O1', 0.12085484), ('C3', 0.11520815), ('CP4', 0.11080787)]
[2026-05-29 23:09:10]     spatial_update=delta_l2=0.01294714 max_abs=0.00228294 relative=0.01084823 changed=True

[2026-05-29 23:09:10] Fold 5/5 | subject=23
[2026-05-29 23:09:10]     Train: 32 | counts=[16, 16]
[2026-05-29 23:09:10]     Test:  8 | counts=[4, 4]
[2026-05-29 23:09:10]     Model: SignalJEPA_PreLocal | Pretrained: from_pretrained | Strategy: new
[2026-05-29 23:09:10]     Normalization: none | fit_scope=none
[2026-05-29 23:09:10]     Phase 1 (new): 2,170/16,010 params
[2026-05-29 23:09:11]     Result | best_epoch=1 | stop=51 | final_phase_epochs=51 | acc=0.5000 | bal_acc=0.5000 | pred_hist=[0, 8] | collapse=True
[2026-05-29 23:09:11]     spatial_conv=[4, 29] top_abs_channels=[('Pz', 0.15302637), ('O2', 0.14362095), ('T3', 0.12673551), ('O1', 0.12200556), ('T4', 0.1212066), ('CP3', 0.12031462), ('C3', 0.11483885), ('CP4', 0.11091446)]
[2026-05-29 23:09:11]     spatial_update=delta_l2=0.01133562 max_abs=0.00210537 relative=0.00949797 changed=True
[2026-05-29 23:09:11]   Subject 23: acc=0.5000±0.0000  bal_acc=0.5000±0.0000
[2026-05-29 23:09:11] \nSubject 24: 40 windows | class_counts=[20, 20]

[2026-05-29 23:09:11] Fold 1/5 | subject=24
[2026-05-29 23:09:11]     Train: 32 | counts=[16, 16]
[2026-05-29 23:09:11]     Test:  8 | counts=[4, 4]
[2026-05-29 23:09:11]     Model: SignalJEPA_PreLocal | Pretrained: from_pretrained | Strategy: new
[2026-05-29 23:09:11]     Normalization: none | fit_scope=none
[2026-05-29 23:09:11]     Phase 1 (new): 2,170/16,010 params
[2026-05-29 23:09:14]     Result | best_epoch=118 | stop=168 | final_phase_epochs=168 | acc=0.2500 | bal_acc=0.2500 | pred_hist=[4, 4] | collapse=False
[2026-05-29 23:09:14]     spatial_conv=[4, 29] top_abs_channels=[('O2', 0.14746359), ('P4', 0.14630768), ('CP3', 0.14244503), ('Pz', 0.13782299), ('TP8', 0.13033092), ('TP7', 0.12302701), ('Oz', 0.11189145), ('O1', 0.10538448)]
[2026-05-29 23:09:14]     spatial_update=delta_l2=0.63452328 max_abs=0.17024324 relative=0.53165843 changed=True

[2026-05-29 23:09:14] Fold 2/5 | subject=24
[2026-05-29 23:09:14]     Train: 32 | counts=[16, 16]
[2026-05-29 23:09:14]     Test:  8 | counts=[4, 4]
[2026-05-29 23:09:14]     Model: SignalJEPA_PreLocal | Pretrained: from_pretrained | Strategy: new
[2026-05-29 23:09:14]     Normalization: none | fit_scope=none
[2026-05-29 23:09:14]     Phase 1 (new): 2,170/16,010 params
[2026-05-29 23:09:15]     Result | best_epoch=1 | stop=51 | final_phase_epochs=51 | acc=0.5000 | bal_acc=0.5000 | pred_hist=[0, 8] | collapse=True
[2026-05-29 23:09:15]     spatial_conv=[4, 29] top_abs_channels=[('Pz', 0.15308271), ('O2', 0.14420311), ('T3', 0.12716781), ('T4', 0.12222636), ('O1', 0.12121136), ('CP3', 0.1203017), ('C3', 0.11560072), ('CP4', 0.11163373)]
[2026-05-29 23:09:15]     spatial_update=delta_l2=0.01204269 max_abs=0.00207177 relative=0.01009040 changed=True

[2026-05-29 23:09:15] Fold 3/5 | subject=24
[2026-05-29 23:09:15]     Train: 32 | counts=[16, 16]
[2026-05-29 23:09:15]     Test:  8 | counts=[4, 4]
[2026-05-29 23:09:15]     Model: SignalJEPA_PreLocal | Pretrained: from_pretrained | Strategy: new
[2026-05-29 23:09:15]     Normalization: none | fit_scope=none
[2026-05-29 23:09:15]     Phase 1 (new): 2,170/16,010 params
[2026-05-29 23:09:16]     Result | best_epoch=1 | stop=51 | final_phase_epochs=51 | acc=0.5000 | bal_acc=0.5000 | pred_hist=[0, 8] | collapse=True
[2026-05-29 23:09:16]     spatial_conv=[4, 29] top_abs_channels=[('Pz', 0.15246192), ('O2', 0.14483322), ('T3', 0.12688409), ('T4', 0.12212296), ('O1', 0.12127034), ('CP3', 0.12068518), ('C3', 0.1157631), ('CP4', 0.11113824)]
[2026-05-29 23:09:16]     spatial_update=delta_l2=0.01006807 max_abs=0.00216179 relative=0.00843590 changed=True

[2026-05-29 23:09:17] Fold 4/5 | subject=24
[2026-05-29 23:09:17]     Train: 32 | counts=[16, 16]
[2026-05-29 23:09:17]     Test:  8 | counts=[4, 4]
[2026-05-29 23:09:17]     Model: SignalJEPA_PreLocal | Pretrained: from_pretrained | Strategy: new
[2026-05-29 23:09:17]     Normalization: none | fit_scope=none
[2026-05-29 23:09:17]     Phase 1 (new): 2,170/16,010 params
[2026-05-29 23:09:17]     Result | best_epoch=1 | stop=51 | final_phase_epochs=51 | acc=0.3750 | bal_acc=0.3750 | pred_hist=[1, 7] | collapse=False
[2026-05-29 23:09:17]     spatial_conv=[4, 29] top_abs_channels=[('Pz', 0.15174259), ('O2', 0.1452719), ('T3', 0.12645298), ('T4', 0.12236214), ('O1', 0.12096821), ('CP3', 0.11986181), ('C3', 0.11602648), ('CP4', 0.11092293)]
[2026-05-29 23:09:17]     spatial_update=delta_l2=0.01127818 max_abs=0.00236504 relative=0.00944984 changed=True

[2026-05-29 23:09:18] Fold 5/5 | subject=24
[2026-05-29 23:09:18]     Train: 32 | counts=[16, 16]
[2026-05-29 23:09:18]     Test:  8 | counts=[4, 4]
[2026-05-29 23:09:18]     Model: SignalJEPA_PreLocal | Pretrained: from_pretrained | Strategy: new
[2026-05-29 23:09:18]     Normalization: none | fit_scope=none
[2026-05-29 23:09:18]     Phase 1 (new): 2,170/16,010 params
[2026-05-29 23:09:18]     Result | best_epoch=1 | stop=51 | final_phase_epochs=51 | acc=0.5000 | bal_acc=0.5000 | pred_hist=[0, 8] | collapse=True
[2026-05-29 23:09:18]     spatial_conv=[4, 29] top_abs_channels=[('Pz', 0.15161604), ('O2', 0.14489819), ('T3', 0.12721194), ('T4', 0.12248172), ('O1', 0.12117048), ('CP3', 0.12043594), ('C3', 0.11513361), ('CP4', 0.11074583)]
[2026-05-29 23:09:18]     spatial_update=delta_l2=0.01175181 max_abs=0.00208667 relative=0.00984668 changed=True
[2026-05-29 23:09:18]   Subject 24: acc=0.4250±0.1000  bal_acc=0.4250±0.1000
[2026-05-29 23:09:18] \nSubject 25: 40 windows | class_counts=[20, 20]

[2026-05-29 23:09:19] Fold 1/5 | subject=25
[2026-05-29 23:09:19]     Train: 32 | counts=[16, 16]
[2026-05-29 23:09:19]     Test:  8 | counts=[4, 4]
[2026-05-29 23:09:19]     Model: SignalJEPA_PreLocal | Pretrained: from_pretrained | Strategy: new
[2026-05-29 23:09:19]     Normalization: none | fit_scope=none
[2026-05-29 23:09:19]     Phase 1 (new): 2,170/16,010 params
[2026-05-29 23:09:19]     Result | best_epoch=1 | stop=51 | final_phase_epochs=51 | acc=0.5000 | bal_acc=0.5000 | pred_hist=[0, 8] | collapse=True
[2026-05-29 23:09:19]     spatial_conv=[4, 29] top_abs_channels=[('Pz', 0.15446526), ('O2', 0.14411053), ('T3', 0.12703706), ('T4', 0.12228998), ('O1', 0.12144935), ('CP3', 0.12024726), ('C3', 0.11486642), ('CP4', 0.11071089)]
[2026-05-29 23:09:19]     spatial_update=delta_l2=0.01441419 max_abs=0.00224254 relative=0.01207745 changed=True

[2026-05-29 23:09:20] Fold 2/5 | subject=25
[2026-05-29 23:09:20]     Train: 32 | counts=[16, 16]
[2026-05-29 23:09:20]     Test:  8 | counts=[4, 4]
[2026-05-29 23:09:20]     Model: SignalJEPA_PreLocal | Pretrained: from_pretrained | Strategy: new
[2026-05-29 23:09:20]     Normalization: none | fit_scope=none
[2026-05-29 23:09:20]     Phase 1 (new): 2,170/16,010 params
[2026-05-29 23:09:21]     Result | best_epoch=1 | stop=51 | final_phase_epochs=51 | acc=0.5000 | bal_acc=0.5000 | pred_hist=[0, 8] | collapse=True
[2026-05-29 23:09:21]     spatial_conv=[4, 29] top_abs_channels=[('Pz', 0.15360408), ('O2', 0.14448485), ('T3', 0.12644324), ('T4', 0.12318154), ('O1', 0.12111739), ('CP3', 0.12047686), ('C3', 0.11510539), ('CP4', 0.11113282)]
[2026-05-29 23:09:21]     spatial_update=delta_l2=0.01325862 max_abs=0.00231607 relative=0.01110922 changed=True

[2026-05-29 23:09:21] Fold 3/5 | subject=25
[2026-05-29 23:09:21]     Train: 32 | counts=[16, 16]
[2026-05-29 23:09:21]     Test:  8 | counts=[4, 4]
[2026-05-29 23:09:21]     Model: SignalJEPA_PreLocal | Pretrained: from_pretrained | Strategy: new
[2026-05-29 23:09:21]     Normalization: none | fit_scope=none
[2026-05-29 23:09:21]     Phase 1 (new): 2,170/16,010 params
[2026-05-29 23:09:22]     Result | best_epoch=1 | stop=51 | final_phase_epochs=51 | acc=0.5000 | bal_acc=0.5000 | pred_hist=[0, 8] | collapse=True
[2026-05-29 23:09:22]     spatial_conv=[4, 29] top_abs_channels=[('Pz', 0.15361589), ('O2', 0.14439178), ('T3', 0.12593925), ('T4', 0.12322641), ('O1', 0.12125342), ('CP3', 0.12124565), ('C3', 0.11606713), ('CP4', 0.11102228)]
[2026-05-29 23:09:22]     spatial_update=delta_l2=0.01376088 max_abs=0.00223276 relative=0.01153006 changed=True

[2026-05-29 23:09:22] Fold 4/5 | subject=25
[2026-05-29 23:09:22]     Train: 32 | counts=[16, 16]
[2026-05-29 23:09:22]     Test:  8 | counts=[4, 4]
[2026-05-29 23:09:22]     Model: SignalJEPA_PreLocal | Pretrained: from_pretrained | Strategy: new
[2026-05-29 23:09:22]     Normalization: none | fit_scope=none
[2026-05-29 23:09:22]     Phase 1 (new): 2,170/16,010 params
[2026-05-29 23:09:23]     Result | best_epoch=1 | stop=51 | final_phase_epochs=51 | acc=0.5000 | bal_acc=0.5000 | pred_hist=[0, 8] | collapse=True
[2026-05-29 23:09:23]     spatial_conv=[4, 29] top_abs_channels=[('Pz', 0.15405598), ('O2', 0.14430529), ('T3', 0.12653451), ('T4', 0.12258303), ('CP3', 0.12124351), ('O1', 0.12044872), ('C3', 0.11488459), ('CP4', 0.11083464)]
[2026-05-29 23:09:23]     spatial_update=delta_l2=0.01385061 max_abs=0.00232942 relative=0.01160524 changed=True

[2026-05-29 23:09:23] Fold 5/5 | subject=25
[2026-05-29 23:09:23]     Train: 32 | counts=[16, 16]
[2026-05-29 23:09:23]     Test:  8 | counts=[4, 4]
[2026-05-29 23:09:23]     Model: SignalJEPA_PreLocal | Pretrained: from_pretrained | Strategy: new
[2026-05-29 23:09:23]     Normalization: none | fit_scope=none
[2026-05-29 23:09:23]     Phase 1 (new): 2,170/16,010 params
[2026-05-29 23:09:24]     Result | best_epoch=1 | stop=51 | final_phase_epochs=51 | acc=0.5000 | bal_acc=0.5000 | pred_hist=[0, 8] | collapse=True
[2026-05-29 23:09:24]     spatial_conv=[4, 29] top_abs_channels=[('Pz', 0.15400088), ('O2', 0.14487317), ('T3', 0.12767944), ('T4', 0.12246407), ('CP3', 0.12085927), ('O1', 0.12063264), ('C3', 0.11432713), ('CP4', 0.11063112)]
[2026-05-29 23:09:24]     spatial_update=delta_l2=0.01411188 max_abs=0.00226979 relative=0.01182416 changed=True
[2026-05-29 23:09:24]   Subject 25: acc=0.5000±0.0000  bal_acc=0.5000±0.0000
[2026-05-29 23:09:24] \nSubject 26: 40 windows | class_counts=[20, 20]

[2026-05-29 23:09:25] Fold 1/5 | subject=26
[2026-05-29 23:09:25]     Train: 32 | counts=[16, 16]
[2026-05-29 23:09:25]     Test:  8 | counts=[4, 4]
[2026-05-29 23:09:25]     Model: SignalJEPA_PreLocal | Pretrained: from_pretrained | Strategy: new
[2026-05-29 23:09:25]     Normalization: none | fit_scope=none
[2026-05-29 23:09:25]     Phase 1 (new): 2,170/16,010 params
[2026-05-29 23:09:26]     Result | best_epoch=72 | stop=122 | final_phase_epochs=122 | acc=0.5000 | bal_acc=0.5000 | pred_hist=[4, 4] | collapse=False
[2026-05-29 23:09:26]     spatial_conv=[4, 29] top_abs_channels=[('Pz', 0.15238862), ('C3', 0.15235426), ('O2', 0.14112452), ('T4', 0.12614414), ('CP3', 0.11633621), ('CP4', 0.11244817), ('O1', 0.10766651), ('FT7', 0.10754019)]
[2026-05-29 23:09:26]     spatial_update=delta_l2=0.37925626 max_abs=0.10789431 relative=0.31777366 changed=True

[2026-05-29 23:09:27] Fold 2/5 | subject=26
[2026-05-29 23:09:27]     Train: 32 | counts=[16, 16]
[2026-05-29 23:09:27]     Test:  8 | counts=[4, 4]
[2026-05-29 23:09:27]     Model: SignalJEPA_PreLocal | Pretrained: from_pretrained | Strategy: new
[2026-05-29 23:09:27]     Normalization: none | fit_scope=none
[2026-05-29 23:09:27]     Phase 1 (new): 2,170/16,010 params
[2026-05-29 23:09:27]     Result | best_epoch=1 | stop=51 | final_phase_epochs=51 | acc=0.5000 | bal_acc=0.5000 | pred_hist=[0, 8] | collapse=True
[2026-05-29 23:09:27]     spatial_conv=[4, 29] top_abs_channels=[('Pz', 0.15216252), ('O2', 0.14470267), ('T3', 0.126821), ('CP3', 0.12163764), ('T4', 0.12113555), ('O1', 0.12110016), ('C3', 0.11518896), ('CP4', 0.11096423)]
[2026-05-29 23:09:27]     spatial_update=delta_l2=0.01312694 max_abs=0.00220161 relative=0.01099889 changed=True

[2026-05-29 23:09:28] Fold 3/5 | subject=26
[2026-05-29 23:09:28]     Train: 32 | counts=[16, 16]
[2026-05-29 23:09:28]     Test:  8 | counts=[4, 4]
[2026-05-29 23:09:28]     Model: SignalJEPA_PreLocal | Pretrained: from_pretrained | Strategy: new
[2026-05-29 23:09:28]     Normalization: none | fit_scope=none
[2026-05-29 23:09:28]     Phase 1 (new): 2,170/16,010 params
[2026-05-29 23:09:28]     Result | best_epoch=1 | stop=51 | final_phase_epochs=51 | acc=0.5000 | bal_acc=0.5000 | pred_hist=[0, 8] | collapse=True
[2026-05-29 23:09:28]     spatial_conv=[4, 29] top_abs_channels=[('Pz', 0.15220031), ('O2', 0.14489153), ('T3', 0.12730564), ('O1', 0.12182101), ('T4', 0.1213557), ('CP3', 0.12106834), ('C3', 0.11491735), ('CP4', 0.11168193)]
[2026-05-29 23:09:28]     spatial_update=delta_l2=0.01303180 max_abs=0.00217238 relative=0.01091917 changed=True

[2026-05-29 23:09:29] Fold 4/5 | subject=26
[2026-05-29 23:09:29]     Train: 32 | counts=[16, 16]
[2026-05-29 23:09:29]     Test:  8 | counts=[4, 4]
[2026-05-29 23:09:29]     Model: SignalJEPA_PreLocal | Pretrained: from_pretrained | Strategy: new
[2026-05-29 23:09:29]     Normalization: none | fit_scope=none
[2026-05-29 23:09:29]     Phase 1 (new): 2,170/16,010 params
[2026-05-29 23:09:30]     Result | best_epoch=1 | stop=51 | final_phase_epochs=51 | acc=0.5000 | bal_acc=0.5000 | pred_hist=[0, 8] | collapse=True
[2026-05-29 23:09:30]     spatial_conv=[4, 29] top_abs_channels=[('Pz', 0.15316901), ('O2', 0.14467856), ('T3', 0.12788494), ('O1', 0.12196339), ('T4', 0.1210201), ('CP3', 0.12025822), ('C3', 0.11578014), ('CP4', 0.11165215)]
[2026-05-29 23:09:30]     spatial_update=delta_l2=0.01340379 max_abs=0.00208333 relative=0.01123086 changed=True

[2026-05-29 23:09:30] Fold 5/5 | subject=26
[2026-05-29 23:09:30]     Train: 32 | counts=[16, 16]
[2026-05-29 23:09:30]     Test:  8 | counts=[4, 4]
[2026-05-29 23:09:30]     Model: SignalJEPA_PreLocal | Pretrained: from_pretrained | Strategy: new
[2026-05-29 23:09:30]     Normalization: none | fit_scope=none
[2026-05-29 23:09:30]     Phase 1 (new): 2,170/16,010 params
[2026-05-29 23:09:31]     Result | best_epoch=1 | stop=51 | final_phase_epochs=51 | acc=0.5000 | bal_acc=0.5000 | pred_hist=[0, 8] | collapse=True
[2026-05-29 23:09:31]     spatial_conv=[4, 29] top_abs_channels=[('Pz', 0.15313974), ('O2', 0.14414524), ('T3', 0.1276727), ('O1', 0.12182497), ('T4', 0.12179165), ('CP3', 0.12022337), ('C3', 0.11684225), ('CP4', 0.11029202)]
[2026-05-29 23:09:31]     spatial_update=delta_l2=0.01485525 max_abs=0.00214569 relative=0.01244701 changed=True
[2026-05-29 23:09:31]   Subject 26: acc=0.5000±0.0000  bal_acc=0.5000±0.0000
[2026-05-29 23:09:31] \nSubject 27: 40 windows | class_counts=[20, 20]

[2026-05-29 23:09:31] Fold 1/5 | subject=27
[2026-05-29 23:09:31]     Train: 32 | counts=[16, 16]
[2026-05-29 23:09:31]     Test:  8 | counts=[4, 4]
[2026-05-29 23:09:31]     Model: SignalJEPA_PreLocal | Pretrained: from_pretrained | Strategy: new
[2026-05-29 23:09:31]     Normalization: none | fit_scope=none
[2026-05-29 23:09:31]     Phase 1 (new): 2,170/16,010 params
[2026-05-29 23:09:32]     Result | best_epoch=1 | stop=51 | final_phase_epochs=51 | acc=0.5000 | bal_acc=0.5000 | pred_hist=[0, 8] | collapse=True
[2026-05-29 23:09:32]     spatial_conv=[4, 29] top_abs_channels=[('Pz', 0.15282139), ('O2', 0.14439917), ('T3', 0.12731774), ('T4', 0.12177812), ('O1', 0.12156813), ('CP3', 0.12117204), ('C3', 0.11494669), ('CP4', 0.11042421)]
[2026-05-29 23:09:32]     spatial_update=delta_l2=0.00963316 max_abs=0.00194071 relative=0.00807149 changed=True

[2026-05-29 23:09:33] Fold 2/5 | subject=27
[2026-05-29 23:09:33]     Train: 32 | counts=[16, 16]
[2026-05-29 23:09:33]     Test:  8 | counts=[4, 4]
[2026-05-29 23:09:33]     Model: SignalJEPA_PreLocal | Pretrained: from_pretrained | Strategy: new
[2026-05-29 23:09:33]     Normalization: none | fit_scope=none
[2026-05-29 23:09:33]     Phase 1 (new): 2,170/16,010 params
[2026-05-29 23:09:34]     Result | best_epoch=91 | stop=141 | final_phase_epochs=141 | acc=0.8750 | bal_acc=0.8750 | pred_hist=[3, 5] | collapse=False
[2026-05-29 23:09:34]     spatial_conv=[4, 29] top_abs_channels=[('O2', 0.2513997), ('CP3', 0.14501202), ('Pz', 0.12880848), ('T3', 0.12599236), ('P3', 0.1245923), ('O1', 0.1233583), ('CP4', 0.11791541), ('P4', 0.10958344)]
[2026-05-29 23:09:34]     spatial_update=delta_l2=0.46662858 max_abs=0.15571426 relative=0.39098175 changed=True

[2026-05-29 23:09:35] Fold 3/5 | subject=27
[2026-05-29 23:09:35]     Train: 32 | counts=[16, 16]
[2026-05-29 23:09:35]     Test:  8 | counts=[4, 4]
[2026-05-29 23:09:35]     Model: SignalJEPA_PreLocal | Pretrained: from_pretrained | Strategy: new
[2026-05-29 23:09:35]     Normalization: none | fit_scope=none
[2026-05-29 23:09:35]     Phase 1 (new): 2,170/16,010 params
[2026-05-29 23:09:36]     Result | best_epoch=1 | stop=51 | final_phase_epochs=51 | acc=0.5000 | bal_acc=0.5000 | pred_hist=[0, 8] | collapse=True
[2026-05-29 23:09:36]     spatial_conv=[4, 29] top_abs_channels=[('Pz', 0.15339604), ('O2', 0.14404005), ('T3', 0.12655656), ('T4', 0.12290981), ('O1', 0.12129488), ('CP3', 0.12053177), ('C3', 0.11537777), ('CP4', 0.1117245)]
[2026-05-29 23:09:36]     spatial_update=delta_l2=0.01167703 max_abs=0.00219016 relative=0.00978403 changed=True

[2026-05-29 23:09:36] Fold 4/5 | subject=27
[2026-05-29 23:09:36]     Train: 32 | counts=[16, 16]
[2026-05-29 23:09:36]     Test:  8 | counts=[4, 4]
[2026-05-29 23:09:36]     Model: SignalJEPA_PreLocal | Pretrained: from_pretrained | Strategy: new
[2026-05-29 23:09:36]     Normalization: none | fit_scope=none
[2026-05-29 23:09:36]     Phase 1 (new): 2,170/16,010 params
[2026-05-29 23:09:37]     Result | best_epoch=19 | stop=69 | final_phase_epochs=69 | acc=0.5000 | bal_acc=0.5000 | pred_hist=[4, 4] | collapse=False
[2026-05-29 23:09:37]     spatial_conv=[4, 29] top_abs_channels=[('O2', 0.15241072), ('Pz', 0.14935824), ('T3', 0.12739401), ('CP3', 0.12523191), ('O1', 0.12374697), ('T4', 0.12253939), ('C3', 0.11179101), ('P3', 0.11105886)]
[2026-05-29 23:09:37]     spatial_update=delta_l2=0.12862824 max_abs=0.03407982 relative=0.10777586 changed=True

[2026-05-29 23:09:37] Fold 5/5 | subject=27
[2026-05-29 23:09:37]     Train: 32 | counts=[16, 16]
[2026-05-29 23:09:37]     Test:  8 | counts=[4, 4]
[2026-05-29 23:09:37]     Model: SignalJEPA_PreLocal | Pretrained: from_pretrained | Strategy: new
[2026-05-29 23:09:37]     Normalization: none | fit_scope=none
[2026-05-29 23:09:37]     Phase 1 (new): 2,170/16,010 params
[2026-05-29 23:09:38]     Result | best_epoch=1 | stop=51 | final_phase_epochs=51 | acc=0.5000 | bal_acc=0.5000 | pred_hist=[0, 8] | collapse=True
[2026-05-29 23:09:38]     spatial_conv=[4, 29] top_abs_channels=[('Pz', 0.15277998), ('O2', 0.14536789), ('T3', 0.12698647), ('T4', 0.12262861), ('O1', 0.1217593), ('CP3', 0.12144797), ('C3', 0.11574473), ('CP4', 0.11130579)]
[2026-05-29 23:09:38]     spatial_update=delta_l2=0.01289739 max_abs=0.00226200 relative=0.01080655 changed=True
[2026-05-29 23:09:38]   Subject 27: acc=0.5750±0.1500  bal_acc=0.5750±0.1500
[2026-05-29 23:09:38] \nSubject 28: 40 windows | class_counts=[20, 20]

[2026-05-29 23:09:39] Fold 1/5 | subject=28
[2026-05-29 23:09:39]     Train: 32 | counts=[16, 16]
[2026-05-29 23:09:39]     Test:  8 | counts=[4, 4]
[2026-05-29 23:09:39]     Model: SignalJEPA_PreLocal | Pretrained: from_pretrained | Strategy: new
[2026-05-29 23:09:39]     Normalization: none | fit_scope=none
[2026-05-29 23:09:39]     Phase 1 (new): 2,170/16,010 params
[2026-05-29 23:09:39]     Result | best_epoch=1 | stop=51 | final_phase_epochs=51 | acc=0.5000 | bal_acc=0.5000 | pred_hist=[0, 8] | collapse=True
[2026-05-29 23:09:39]     spatial_conv=[4, 29] top_abs_channels=[('Pz', 0.15414111), ('O2', 0.14298561), ('T3', 0.12672347), ('O1', 0.12273782), ('T4', 0.12224063), ('CP3', 0.1210693), ('C3', 0.11533148), ('CP4', 0.11161567)]
[2026-05-29 23:09:39]     spatial_update=delta_l2=0.01359984 max_abs=0.00222494 relative=0.01139512 changed=True

[2026-05-29 23:09:40] Fold 2/5 | subject=28
[2026-05-29 23:09:40]     Train: 32 | counts=[16, 16]
[2026-05-29 23:09:40]     Test:  8 | counts=[4, 4]
[2026-05-29 23:09:40]     Model: SignalJEPA_PreLocal | Pretrained: from_pretrained | Strategy: new
[2026-05-29 23:09:40]     Normalization: none | fit_scope=none
[2026-05-29 23:09:40]     Phase 1 (new): 2,170/16,010 params
[2026-05-29 23:09:41]     Result | best_epoch=58 | stop=108 | final_phase_epochs=108 | acc=0.5000 | bal_acc=0.5000 | pred_hist=[4, 4] | collapse=False
[2026-05-29 23:09:41]     spatial_conv=[4, 29] top_abs_channels=[('T3', 0.14060655), ('C3', 0.13289444), ('Pz', 0.13270243), ('O2', 0.13083886), ('P4', 0.1295096), ('O1', 0.12664586), ('T4', 0.12525298), ('CP3', 0.12437108)]
[2026-05-29 23:09:41]     spatial_update=delta_l2=0.38588910 max_abs=0.11171942 relative=0.32333123 changed=True

[2026-05-29 23:09:42] Fold 3/5 | subject=28
[2026-05-29 23:09:42]     Train: 32 | counts=[16, 16]
[2026-05-29 23:09:42]     Test:  8 | counts=[4, 4]
[2026-05-29 23:09:42]     Model: SignalJEPA_PreLocal | Pretrained: from_pretrained | Strategy: new
[2026-05-29 23:09:42]     Normalization: none | fit_scope=none
[2026-05-29 23:09:42]     Phase 1 (new): 2,170/16,010 params
[2026-05-29 23:09:42]     Result | best_epoch=1 | stop=51 | final_phase_epochs=51 | acc=0.5000 | bal_acc=0.5000 | pred_hist=[0, 8] | collapse=True
[2026-05-29 23:09:42]     spatial_conv=[4, 29] top_abs_channels=[('Pz', 0.15382142), ('O2', 0.14323816), ('T3', 0.12662929), ('O1', 0.12201983), ('T4', 0.121804), ('CP3', 0.1212621), ('C3', 0.11552359), ('CP4', 0.11123636)]
[2026-05-29 23:09:42]     spatial_update=delta_l2=0.01359623 max_abs=0.00236082 relative=0.01139210 changed=True

[2026-05-29 23:09:43] Fold 4/5 | subject=28
[2026-05-29 23:09:43]     Train: 32 | counts=[16, 16]
[2026-05-29 23:09:43]     Test:  8 | counts=[4, 4]
[2026-05-29 23:09:43]     Model: SignalJEPA_PreLocal | Pretrained: from_pretrained | Strategy: new
[2026-05-29 23:09:43]     Normalization: none | fit_scope=none
[2026-05-29 23:09:43]     Phase 1 (new): 2,170/16,010 params
[2026-05-29 23:09:43]     Result | best_epoch=1 | stop=51 | final_phase_epochs=51 | acc=0.5000 | bal_acc=0.5000 | pred_hist=[0, 8] | collapse=True
[2026-05-29 23:09:43]     spatial_conv=[4, 29] top_abs_channels=[('Pz', 0.15310547), ('O2', 0.14331938), ('T3', 0.12720041), ('CP3', 0.12242459), ('T4', 0.12217957), ('O1', 0.12094388), ('C3', 0.11492877), ('CP4', 0.11123309)]
[2026-05-29 23:09:43]     spatial_update=delta_l2=0.01157573 max_abs=0.00221042 relative=0.00969915 changed=True

[2026-05-29 23:09:44] Fold 5/5 | subject=28
[2026-05-29 23:09:44]     Train: 32 | counts=[16, 16]
[2026-05-29 23:09:44]     Test:  8 | counts=[4, 4]
[2026-05-29 23:09:44]     Model: SignalJEPA_PreLocal | Pretrained: from_pretrained | Strategy: new
[2026-05-29 23:09:44]     Normalization: none | fit_scope=none
[2026-05-29 23:09:44]     Phase 1 (new): 2,170/16,010 params
[2026-05-29 23:09:45]     Result | best_epoch=1 | stop=51 | final_phase_epochs=51 | acc=0.5000 | bal_acc=0.5000 | pred_hist=[0, 8] | collapse=True
[2026-05-29 23:09:45]     spatial_conv=[4, 29] top_abs_channels=[('Pz', 0.1543636), ('O2', 0.14243942), ('T3', 0.1275059), ('T4', 0.12216286), ('O1', 0.12172015), ('CP3', 0.12115513), ('C3', 0.114847), ('CP4', 0.11134008)]
[2026-05-29 23:09:45]     spatial_update=delta_l2=0.01464895 max_abs=0.00233406 relative=0.01227416 changed=True
[2026-05-29 23:09:45]   Subject 28: acc=0.5000±0.0000  bal_acc=0.5000±0.0000
[2026-05-29 23:09:45] \nSubject 29: 40 windows | class_counts=[20, 20]

[2026-05-29 23:09:45] Fold 1/5 | subject=29
[2026-05-29 23:09:45]     Train: 32 | counts=[16, 16]
[2026-05-29 23:09:45]     Test:  8 | counts=[4, 4]
[2026-05-29 23:09:45]     Model: SignalJEPA_PreLocal | Pretrained: from_pretrained | Strategy: new
[2026-05-29 23:09:45]     Normalization: none | fit_scope=none
[2026-05-29 23:09:45]     Phase 1 (new): 2,170/16,010 params
[2026-05-29 23:09:46]     Result | best_epoch=1 | stop=51 | final_phase_epochs=51 | acc=0.5000 | bal_acc=0.5000 | pred_hist=[0, 8] | collapse=True
[2026-05-29 23:09:46]     spatial_conv=[4, 29] top_abs_channels=[('Pz', 0.15273559), ('O2', 0.14505857), ('T3', 0.12661614), ('CP3', 0.12173791), ('T4', 0.12154508), ('O1', 0.12076788), ('C3', 0.11474871), ('CP4', 0.11072829)]
[2026-05-29 23:09:46]     spatial_update=delta_l2=0.01341595 max_abs=0.00226949 relative=0.01124104 changed=True

[2026-05-29 23:09:46] Fold 2/5 | subject=29
[2026-05-29 23:09:46]     Train: 32 | counts=[16, 16]
[2026-05-29 23:09:46]     Test:  8 | counts=[4, 4]
[2026-05-29 23:09:46]     Model: SignalJEPA_PreLocal | Pretrained: from_pretrained | Strategy: new
[2026-05-29 23:09:46]     Normalization: none | fit_scope=none
[2026-05-29 23:09:46]     Phase 1 (new): 2,170/16,010 params
[2026-05-29 23:09:59]     Result | best_epoch=908 | stop=958 | final_phase_epochs=958 | acc=0.6250 | bal_acc=0.6250 | pred_hist=[5, 3] | collapse=False
[2026-05-29 23:09:59]     spatial_conv=[4, 29] top_abs_channels=[('C4', 0.23821422), ('FC3', 0.13673843), ('O2', 0.13230447), ('F4', 0.12900664), ('FCz', 0.11960736), ('T4', 0.11728492), ('F3', 0.11499031), ('Oz', 0.11290417)]
[2026-05-29 23:09:59]     spatial_update=delta_l2=1.39282083 max_abs=0.41042192 relative=1.16702564 changed=True

[2026-05-29 23:09:59] Fold 3/5 | subject=29
[2026-05-29 23:09:59]     Train: 32 | counts=[16, 16]
[2026-05-29 23:09:59]     Test:  8 | counts=[4, 4]
[2026-05-29 23:09:59]     Model: SignalJEPA_PreLocal | Pretrained: from_pretrained | Strategy: new
[2026-05-29 23:09:59]     Normalization: none | fit_scope=none
[2026-05-29 23:09:59]     Phase 1 (new): 2,170/16,010 params
[2026-05-29 23:10:00]     Result | best_epoch=1 | stop=51 | final_phase_epochs=51 | acc=0.5000 | bal_acc=0.5000 | pred_hist=[0, 8] | collapse=True
[2026-05-29 23:10:00]     spatial_conv=[4, 29] top_abs_channels=[('Pz', 0.15324761), ('O2', 0.1445127), ('T3', 0.12577847), ('T4', 0.12199983), ('CP3', 0.12111313), ('O1', 0.12086941), ('C3', 0.11497535), ('CP4', 0.11144836)]
[2026-05-29 23:10:00]     spatial_update=delta_l2=0.01189957 max_abs=0.00214588 relative=0.00997049 changed=True

[2026-05-29 23:10:00] Fold 4/5 | subject=29
[2026-05-29 23:10:00]     Train: 32 | counts=[16, 16]
[2026-05-29 23:10:00]     Test:  8 | counts=[4, 4]
[2026-05-29 23:10:00]     Model: SignalJEPA_PreLocal | Pretrained: from_pretrained | Strategy: new
[2026-05-29 23:10:00]     Normalization: none | fit_scope=none
[2026-05-29 23:10:00]     Phase 1 (new): 2,170/16,010 params
[2026-05-29 23:10:03]     Result | best_epoch=108 | stop=158 | final_phase_epochs=158 | acc=0.5000 | bal_acc=0.5000 | pred_hist=[4, 4] | collapse=False
[2026-05-29 23:10:03]     spatial_conv=[4, 29] top_abs_channels=[('C4', 0.15047912), ('CP3', 0.14150153), ('FCz', 0.13529894), ('Fp1', 0.13362077), ('O2', 0.12813073), ('Pz', 0.12560119), ('TP7', 0.11673342), ('F4', 0.11292449)]
[2026-05-29 23:10:03]     spatial_update=delta_l2=0.60894735 max_abs=0.15588426 relative=0.51022871 changed=True

[2026-05-29 23:10:03] Fold 5/5 | subject=29
[2026-05-29 23:10:03]     Train: 32 | counts=[16, 16]
[2026-05-29 23:10:03]     Test:  8 | counts=[4, 4]
[2026-05-29 23:10:03]     Model: SignalJEPA_PreLocal | Pretrained: from_pretrained | Strategy: new
[2026-05-29 23:10:03]     Normalization: none | fit_scope=none
[2026-05-29 23:10:03]     Phase 1 (new): 2,170/16,010 params
[2026-05-29 23:10:05]     Result | best_epoch=72 | stop=122 | final_phase_epochs=122 | acc=0.2500 | bal_acc=0.2500 | pred_hist=[2, 6] | collapse=False
[2026-05-29 23:10:05]     spatial_conv=[4, 29] top_abs_channels=[('O2', 0.19324212), ('FCz', 0.16163474), ('Pz', 0.14520723), ('Fz', 0.14278427), ('CP3', 0.13017155), ('Cz', 0.1265814), ('P3', 0.12271363), ('T4', 0.11683792)]
[2026-05-29 23:10:05]     spatial_update=delta_l2=0.52584712 max_abs=0.12662497 relative=0.44060016 changed=True
[2026-05-29 23:10:05]   Subject 29: acc=0.4750±0.1225  bal_acc=0.4750±0.1225
[2026-05-29 23:10:05] \nSubject 30: 40 windows | class_counts=[20, 20]

[2026-05-29 23:10:05] Fold 1/5 | subject=30
[2026-05-29 23:10:05]     Train: 32 | counts=[16, 16]
[2026-05-29 23:10:05]     Test:  8 | counts=[4, 4]
[2026-05-29 23:10:05]     Model: SignalJEPA_PreLocal | Pretrained: from_pretrained | Strategy: new
[2026-05-29 23:10:05]     Normalization: none | fit_scope=none
[2026-05-29 23:10:05]     Phase 1 (new): 2,170/16,010 params
[2026-05-29 23:10:06]     Result | best_epoch=1 | stop=51 | final_phase_epochs=51 | acc=0.5000 | bal_acc=0.5000 | pred_hist=[0, 8] | collapse=True
[2026-05-29 23:10:06]     spatial_conv=[4, 29] top_abs_channels=[('Pz', 0.15254399), ('O2', 0.1446929), ('T3', 0.12561207), ('CP3', 0.12216746), ('T4', 0.12205261), ('O1', 0.12137222), ('C3', 0.11563747), ('Fp1', 0.11058539)]
[2026-05-29 23:10:06]     spatial_update=delta_l2=0.01121543 max_abs=0.00221428 relative=0.00939725 changed=True

[2026-05-29 23:10:06] Fold 2/5 | subject=30
[2026-05-29 23:10:06]     Train: 32 | counts=[16, 16]
[2026-05-29 23:10:06]     Test:  8 | counts=[4, 4]
[2026-05-29 23:10:06]     Model: SignalJEPA_PreLocal | Pretrained: from_pretrained | Strategy: new
[2026-05-29 23:10:06]     Normalization: none | fit_scope=none
[2026-05-29 23:10:06]     Phase 1 (new): 2,170/16,010 params
[2026-05-29 23:10:19]     Result | best_epoch=964 | stop=1003 | final_phase_epochs=1003 | acc=0.7500 | bal_acc=0.7500 | pred_hist=[4, 4] | collapse=False
[2026-05-29 23:10:19]     spatial_conv=[4, 29] top_abs_channels=[('T5', 0.19315074), ('FCz', 0.18762949), ('CP3', 0.17680058), ('TP7', 0.16999535), ('CP4', 0.16469574), ('Fz', 0.16256993), ('FC3', 0.15355539), ('P4', 0.14514282)]
[2026-05-29 23:10:19]     spatial_update=delta_l2=1.59920322 max_abs=0.44626762 relative=1.33995064 changed=True

[2026-05-29 23:10:20] Fold 3/5 | subject=30
[2026-05-29 23:10:20]     Train: 32 | counts=[16, 16]
[2026-05-29 23:10:20]     Test:  8 | counts=[4, 4]
[2026-05-29 23:10:20]     Model: SignalJEPA_PreLocal | Pretrained: from_pretrained | Strategy: new
[2026-05-29 23:10:20]     Normalization: none | fit_scope=none
[2026-05-29 23:10:20]     Phase 1 (new): 2,170/16,010 params
[2026-05-29 23:10:37]     Result | best_epoch=1204 | stop=1254 | final_phase_epochs=1254 | acc=0.8750 | bal_acc=0.8750 | pred_hist=[3, 5] | collapse=False
[2026-05-29 23:10:37]     spatial_conv=[4, 29] top_abs_channels=[('FCz', 0.21998513), ('T5', 0.19409415), ('TP7', 0.17868222), ('F4', 0.17688185), ('FC3', 0.1306897), ('P4', 0.12602422), ('P3', 0.12266107), ('C3', 0.12220862)]
[2026-05-29 23:10:37]     spatial_update=delta_l2=1.45617365 max_abs=0.38074763 relative=1.22010811 changed=True

[2026-05-29 23:10:37] Fold 4/5 | subject=30
[2026-05-29 23:10:37]     Train: 32 | counts=[16, 16]
[2026-05-29 23:10:37]     Test:  8 | counts=[4, 4]
[2026-05-29 23:10:37]     Model: SignalJEPA_PreLocal | Pretrained: from_pretrained | Strategy: new
[2026-05-29 23:10:37]     Normalization: none | fit_scope=none
[2026-05-29 23:10:37]     Phase 1 (new): 2,170/16,010 params
[2026-05-29 23:10:59]     Result | best_epoch=1633 | stop=1683 | final_phase_epochs=1683 | acc=0.7500 | bal_acc=0.7500 | pred_hist=[4, 4] | collapse=False
[2026-05-29 23:10:59]     spatial_conv=[4, 29] top_abs_channels=[('P4', 0.20457263), ('CP4', 0.16650264), ('Cz', 0.16024047), ('FC3', 0.15466684), ('FC4', 0.14410709), ('CP3', 0.12430972), ('Pz', 0.12247747), ('Fp1', 0.11098201)]
[2026-05-29 23:10:59]     spatial_update=delta_l2=1.38506727 max_abs=0.42007371 relative=1.16052903 changed=True

[2026-05-29 23:11:00] Fold 5/5 | subject=30
[2026-05-29 23:11:00]     Train: 32 | counts=[16, 16]
[2026-05-29 23:11:00]     Test:  8 | counts=[4, 4]
[2026-05-29 23:11:00]     Model: SignalJEPA_PreLocal | Pretrained: from_pretrained | Strategy: new
[2026-05-29 23:11:00]     Normalization: none | fit_scope=none
[2026-05-29 23:11:00]     Phase 1 (new): 2,170/16,010 params
[2026-05-29 23:11:13]     Result | best_epoch=955 | stop=1005 | final_phase_epochs=1005 | acc=0.7500 | bal_acc=0.7500 | pred_hist=[6, 2] | collapse=False
[2026-05-29 23:11:13]     spatial_conv=[4, 29] top_abs_channels=[('P4', 0.21732181), ('T6', 0.18973233), ('CP3', 0.18081024), ('CP4', 0.15704678), ('FCz', 0.13521102), ('FC3', 0.12802657), ('F4', 0.10777526), ('P3', 0.10629515)]
[2026-05-29 23:11:13]     spatial_update=delta_l2=1.47590117 max_abs=0.59165294 relative=1.23663752 changed=True
[2026-05-29 23:11:13]   Subject 30: acc=0.7250±0.1225  bal_acc=0.7250±0.1225
[2026-05-29 23:11:13] \nSubject 31: 40 windows | class_counts=[20, 20]

[2026-05-29 23:11:13] Fold 1/5 | subject=31
[2026-05-29 23:11:13]     Train: 32 | counts=[16, 16]
[2026-05-29 23:11:13]     Test:  8 | counts=[4, 4]
[2026-05-29 23:11:13]     Model: SignalJEPA_PreLocal | Pretrained: from_pretrained | Strategy: new
[2026-05-29 23:11:13]     Normalization: none | fit_scope=none
[2026-05-29 23:11:13]     Phase 1 (new): 2,170/16,010 params
[2026-05-29 23:11:14]     Result | best_epoch=17 | stop=67 | final_phase_epochs=67 | acc=0.3750 | bal_acc=0.3750 | pred_hist=[1, 7] | collapse=False
[2026-05-29 23:11:14]     spatial_conv=[4, 29] top_abs_channels=[('Pz', 0.14621562), ('O2', 0.14431988), ('T3', 0.12931708), ('O1', 0.11968769), ('T4', 0.1192635), ('CP3', 0.11443259), ('CP4', 0.11358684), ('C3', 0.11160283)]
[2026-05-29 23:11:14]     spatial_update=delta_l2=0.12704606 max_abs=0.02463828 relative=0.10645017 changed=True

[2026-05-29 23:11:15] Fold 2/5 | subject=31
[2026-05-29 23:11:15]     Train: 32 | counts=[16, 16]
[2026-05-29 23:11:15]     Test:  8 | counts=[4, 4]
[2026-05-29 23:11:15]     Model: SignalJEPA_PreLocal | Pretrained: from_pretrained | Strategy: new
[2026-05-29 23:11:15]     Normalization: none | fit_scope=none
[2026-05-29 23:11:15]     Phase 1 (new): 2,170/16,010 params
[2026-05-29 23:11:16]     Result | best_epoch=21 | stop=70 | final_phase_epochs=70 | acc=0.6250 | bal_acc=0.6250 | pred_hist=[3, 5] | collapse=False
[2026-05-29 23:11:16]     spatial_conv=[4, 29] top_abs_channels=[('Pz', 0.14401472), ('O2', 0.13977879), ('CP3', 0.12789616), ('T3', 0.12130113), ('O1', 0.11824442), ('P3', 0.11683552), ('T4', 0.11610192), ('Fp1', 0.11401574)]
[2026-05-29 23:11:16]     spatial_update=delta_l2=0.16437420 max_abs=0.04609869 relative=0.13772690 changed=True

[2026-05-29 23:11:16] Fold 3/5 | subject=31
[2026-05-29 23:11:16]     Train: 32 | counts=[16, 16]
[2026-05-29 23:11:16]     Test:  8 | counts=[4, 4]
[2026-05-29 23:11:16]     Model: SignalJEPA_PreLocal | Pretrained: from_pretrained | Strategy: new
[2026-05-29 23:11:16]     Normalization: none | fit_scope=none
[2026-05-29 23:11:16]     Phase 1 (new): 2,170/16,010 params
[2026-05-29 23:11:17]     Result | best_epoch=1 | stop=51 | final_phase_epochs=51 | acc=0.5000 | bal_acc=0.5000 | pred_hist=[0, 8] | collapse=True
[2026-05-29 23:11:17]     spatial_conv=[4, 29] top_abs_channels=[('Pz', 0.15196905), ('O2', 0.14537905), ('T3', 0.12583818), ('T4', 0.12252338), ('O1', 0.12155665), ('CP3', 0.12085626), ('C3', 0.11620067), ('CP4', 0.11173502)]
[2026-05-29 23:11:17]     spatial_update=delta_l2=0.01175615 max_abs=0.00213604 relative=0.00985032 changed=True

[2026-05-29 23:11:17] Fold 4/5 | subject=31
[2026-05-29 23:11:17]     Train: 32 | counts=[16, 16]
[2026-05-29 23:11:17]     Test:  8 | counts=[4, 4]
[2026-05-29 23:11:17]     Model: SignalJEPA_PreLocal | Pretrained: from_pretrained | Strategy: new
[2026-05-29 23:11:17]     Normalization: none | fit_scope=none
[2026-05-29 23:11:17]     Phase 1 (new): 2,170/16,010 params
[2026-05-29 23:11:20]     Result | best_epoch=142 | stop=192 | final_phase_epochs=192 | acc=0.5000 | bal_acc=0.5000 | pred_hist=[4, 4] | collapse=False
[2026-05-29 23:11:20]     spatial_conv=[4, 29] top_abs_channels=[('F7', 0.16690332), ('O2', 0.15349057), ('CP3', 0.13217455), ('Fp1', 0.12362254), ('O1', 0.11851034), ('T3', 0.11729399), ('P4', 0.11709572), ('F3', 0.11591893)]
[2026-05-29 23:11:20]     spatial_update=delta_l2=0.67274590 max_abs=0.18902545 relative=0.56368464 changed=True

[2026-05-29 23:11:20] Fold 5/5 | subject=31
[2026-05-29 23:11:20]     Train: 32 | counts=[16, 16]
[2026-05-29 23:11:20]     Test:  8 | counts=[4, 4]
[2026-05-29 23:11:20]     Model: SignalJEPA_PreLocal | Pretrained: from_pretrained | Strategy: new
[2026-05-29 23:11:20]     Normalization: none | fit_scope=none
[2026-05-29 23:11:20]     Phase 1 (new): 2,170/16,010 params
[2026-05-29 23:11:22]     Result | best_epoch=40 | stop=90 | final_phase_epochs=90 | acc=0.6250 | bal_acc=0.6250 | pred_hist=[3, 5] | collapse=False
[2026-05-29 23:11:22]     spatial_conv=[4, 29] top_abs_channels=[('O2', 0.14883034), ('Pz', 0.13593261), ('CP4', 0.12524022), ('O1', 0.12513879), ('C3', 0.12469581), ('T3', 0.12098497), ('Fp1', 0.12041856), ('Fz', 0.11658671)]
[2026-05-29 23:11:22]     spatial_update=delta_l2=0.28832370 max_abs=0.06803756 relative=0.24158251 changed=True
[2026-05-29 23:11:22]   Subject 31: acc=0.5250±0.0935  bal_acc=0.5250±0.0935
[2026-05-29 23:11:22] \nSubject 32: 40 windows | class_counts=[20, 20]

[2026-05-29 23:11:22] Fold 1/5 | subject=32
[2026-05-29 23:11:22]     Train: 32 | counts=[16, 16]
[2026-05-29 23:11:22]     Test:  8 | counts=[4, 4]
[2026-05-29 23:11:22]     Model: SignalJEPA_PreLocal | Pretrained: from_pretrained | Strategy: new
[2026-05-29 23:11:22]     Normalization: none | fit_scope=none
[2026-05-29 23:11:22]     Phase 1 (new): 2,170/16,010 params
[2026-05-29 23:11:23]     Result | best_epoch=1 | stop=51 | final_phase_epochs=51 | acc=0.5000 | bal_acc=0.5000 | pred_hist=[0, 8] | collapse=True
[2026-05-29 23:11:23]     spatial_conv=[4, 29] top_abs_channels=[('Pz', 0.15287146), ('O2', 0.14517608), ('T3', 0.1268522), ('T4', 0.12199841), ('O1', 0.12087397), ('CP3', 0.1199331), ('C3', 0.115386), ('CP4', 0.11155689)]
[2026-05-29 23:11:23]     spatial_update=delta_l2=0.01412314 max_abs=0.00222100 relative=0.01183359 changed=True

[2026-05-29 23:11:23] Fold 2/5 | subject=32
[2026-05-29 23:11:23]     Train: 32 | counts=[16, 16]
[2026-05-29 23:11:23]     Test:  8 | counts=[4, 4]
[2026-05-29 23:11:23]     Model: SignalJEPA_PreLocal | Pretrained: from_pretrained | Strategy: new
[2026-05-29 23:11:23]     Normalization: none | fit_scope=none
[2026-05-29 23:11:23]     Phase 1 (new): 2,170/16,010 params
[2026-05-29 23:11:25]     Result | best_epoch=94 | stop=143 | final_phase_epochs=143 | acc=0.3750 | bal_acc=0.3750 | pred_hist=[5, 3] | collapse=False
[2026-05-29 23:11:25]     spatial_conv=[4, 29] top_abs_channels=[('Pz', 0.19357428), ('O2', 0.15439679), ('P4', 0.14687891), ('T4', 0.12431545), ('FC3', 0.12075712), ('F4', 0.11781465), ('CP4', 0.10782481), ('CP3', 0.10486363)]
[2026-05-29 23:11:25]     spatial_update=delta_l2=0.59030835 max_abs=0.18082135 relative=0.49461135 changed=True

[2026-05-29 23:11:26] Fold 3/5 | subject=32
[2026-05-29 23:11:26]     Train: 32 | counts=[16, 16]
[2026-05-29 23:11:26]     Test:  8 | counts=[4, 4]
[2026-05-29 23:11:26]     Model: SignalJEPA_PreLocal | Pretrained: from_pretrained | Strategy: new
[2026-05-29 23:11:26]     Normalization: none | fit_scope=none
[2026-05-29 23:11:26]     Phase 1 (new): 2,170/16,010 params
[2026-05-29 23:11:26]     Result | best_epoch=1 | stop=51 | final_phase_epochs=51 | acc=0.5000 | bal_acc=0.5000 | pred_hist=[0, 8] | collapse=True
[2026-05-29 23:11:26]     spatial_conv=[4, 29] top_abs_channels=[('Pz', 0.15310878), ('O2', 0.14547372), ('T3', 0.12685093), ('T4', 0.12251122), ('O1', 0.12033195), ('CP3', 0.12021863), ('C3', 0.11526522), ('CP4', 0.11074979)]
[2026-05-29 23:11:26]     spatial_update=delta_l2=0.01457281 max_abs=0.00232469 relative=0.01221036 changed=True

[2026-05-29 23:11:27] Fold 4/5 | subject=32
[2026-05-29 23:11:27]     Train: 32 | counts=[16, 16]
[2026-05-29 23:11:27]     Test:  8 | counts=[4, 4]
[2026-05-29 23:11:27]     Model: SignalJEPA_PreLocal | Pretrained: from_pretrained | Strategy: new
[2026-05-29 23:11:27]     Normalization: none | fit_scope=none
[2026-05-29 23:11:27]     Phase 1 (new): 2,170/16,010 params
[2026-05-29 23:11:28]     Result | best_epoch=1 | stop=51 | final_phase_epochs=51 | acc=0.5000 | bal_acc=0.5000 | pred_hist=[0, 8] | collapse=True
[2026-05-29 23:11:28]     spatial_conv=[4, 29] top_abs_channels=[('Pz', 0.15272287), ('O2', 0.14509162), ('T3', 0.12763916), ('T4', 0.12252399), ('O1', 0.12092002), ('CP3', 0.12019765), ('C3', 0.11463548), ('CP4', 0.11096443)]
[2026-05-29 23:11:28]     spatial_update=delta_l2=0.01316155 max_abs=0.00239621 relative=0.01102789 changed=True

[2026-05-29 23:11:28] Fold 5/5 | subject=32
[2026-05-29 23:11:28]     Train: 32 | counts=[16, 16]
[2026-05-29 23:11:28]     Test:  8 | counts=[4, 4]
[2026-05-29 23:11:28]     Model: SignalJEPA_PreLocal | Pretrained: from_pretrained | Strategy: new
[2026-05-29 23:11:28]     Normalization: none | fit_scope=none
[2026-05-29 23:11:28]     Phase 1 (new): 2,170/16,010 params
[2026-05-29 23:11:31]     Result | best_epoch=151 | stop=201 | final_phase_epochs=201 | acc=0.3750 | bal_acc=0.3750 | pred_hist=[5, 3] | collapse=False
[2026-05-29 23:11:31]     spatial_conv=[4, 29] top_abs_channels=[('Pz', 0.18337664), ('P4', 0.14399302), ('F3', 0.13836356), ('CP4', 0.13747978), ('O2', 0.13398322), ('T3', 0.12688358), ('CP3', 0.12244197), ('P3', 0.1063784)]
[2026-05-29 23:11:31]     spatial_update=delta_l2=0.92916407 max_abs=0.30426399 relative=0.77853395 changed=True
[2026-05-29 23:11:31]   Subject 32: acc=0.4500±0.0612  bal_acc=0.4500±0.0612
[2026-05-29 23:11:31] \nSubject 33: 40 windows | class_counts=[20, 20]

[2026-05-29 23:11:31] Fold 1/5 | subject=33
[2026-05-29 23:11:31]     Train: 32 | counts=[16, 16]
[2026-05-29 23:11:31]     Test:  8 | counts=[4, 4]
[2026-05-29 23:11:31]     Model: SignalJEPA_PreLocal | Pretrained: from_pretrained | Strategy: new
[2026-05-29 23:11:31]     Normalization: none | fit_scope=none
[2026-05-29 23:11:31]     Phase 1 (new): 2,170/16,010 params
[2026-05-29 23:11:32]     Result | best_epoch=1 | stop=51 | final_phase_epochs=51 | acc=0.5000 | bal_acc=0.5000 | pred_hist=[0, 8] | collapse=True
[2026-05-29 23:11:32]     spatial_conv=[4, 29] top_abs_channels=[('Pz', 0.15353772), ('O2', 0.14342016), ('T3', 0.12624596), ('T4', 0.12256561), ('O1', 0.12173934), ('CP3', 0.12002441), ('C3', 0.11652087), ('CP4', 0.1119017)]
[2026-05-29 23:11:32]     spatial_update=delta_l2=0.01345993 max_abs=0.00233515 relative=0.01127789 changed=True

[2026-05-29 23:11:32] Fold 2/5 | subject=33
[2026-05-29 23:11:32]     Train: 32 | counts=[16, 16]
[2026-05-29 23:11:32]     Test:  8 | counts=[4, 4]
[2026-05-29 23:11:32]     Model: SignalJEPA_PreLocal | Pretrained: from_pretrained | Strategy: new
[2026-05-29 23:11:32]     Normalization: none | fit_scope=none
[2026-05-29 23:11:32]     Phase 1 (new): 2,170/16,010 params
[2026-05-29 23:11:33]     Result | best_epoch=1 | stop=51 | final_phase_epochs=51 | acc=0.5000 | bal_acc=0.5000 | pred_hist=[0, 8] | collapse=True
[2026-05-29 23:11:33]     spatial_conv=[4, 29] top_abs_channels=[('Pz', 0.15291247), ('O2', 0.14331543), ('T3', 0.12630633), ('T4', 0.12220013), ('O1', 0.12158369), ('CP3', 0.12120132), ('C3', 0.11539972), ('CP4', 0.11069501)]
[2026-05-29 23:11:33]     spatial_update=delta_l2=0.01270773 max_abs=0.00222921 relative=0.01064764 changed=True

[2026-05-29 23:11:34] Fold 3/5 | subject=33
[2026-05-29 23:11:34]     Train: 32 | counts=[16, 16]
[2026-05-29 23:11:34]     Test:  8 | counts=[4, 4]
[2026-05-29 23:11:34]     Model: SignalJEPA_PreLocal | Pretrained: from_pretrained | Strategy: new
[2026-05-29 23:11:34]     Normalization: none | fit_scope=none
[2026-05-29 23:11:34]     Phase 1 (new): 2,170/16,010 params
[2026-05-29 23:11:34]     Result | best_epoch=1 | stop=51 | final_phase_epochs=51 | acc=0.5000 | bal_acc=0.5000 | pred_hist=[0, 8] | collapse=True
[2026-05-29 23:11:34]     spatial_conv=[4, 29] top_abs_channels=[('Pz', 0.15355687), ('O2', 0.14382896), ('T3', 0.12791824), ('O1', 0.12195458), ('T4', 0.12170475), ('CP3', 0.12040272), ('C3', 0.11563353), ('CP4', 0.11070379)]
[2026-05-29 23:11:34]     spatial_update=delta_l2=0.01340916 max_abs=0.00228283 relative=0.01123535 changed=True

[2026-05-29 23:11:35] Fold 4/5 | subject=33
[2026-05-29 23:11:35]     Train: 32 | counts=[16, 16]
[2026-05-29 23:11:35]     Test:  8 | counts=[4, 4]
[2026-05-29 23:11:35]     Model: SignalJEPA_PreLocal | Pretrained: from_pretrained | Strategy: new
[2026-05-29 23:11:35]     Normalization: none | fit_scope=none
[2026-05-29 23:11:35]     Phase 1 (new): 2,170/16,010 params
[2026-05-29 23:11:35]     Result | best_epoch=1 | stop=51 | final_phase_epochs=51 | acc=0.5000 | bal_acc=0.5000 | pred_hist=[0, 8] | collapse=True
[2026-05-29 23:11:35]     spatial_conv=[4, 29] top_abs_channels=[('Pz', 0.15390883), ('O2', 0.14308894), ('T3', 0.12651403), ('O1', 0.12272649), ('T4', 0.12243044), ('CP3', 0.12028861), ('C3', 0.1155609), ('CP4', 0.11154114)]
[2026-05-29 23:11:35]     spatial_update=delta_l2=0.01339474 max_abs=0.00228598 relative=0.01122327 changed=True

[2026-05-29 23:11:36] Fold 5/5 | subject=33
[2026-05-29 23:11:36]     Train: 32 | counts=[16, 16]
[2026-05-29 23:11:36]     Test:  8 | counts=[4, 4]
[2026-05-29 23:11:36]     Model: SignalJEPA_PreLocal | Pretrained: from_pretrained | Strategy: new
[2026-05-29 23:11:36]     Normalization: none | fit_scope=none
[2026-05-29 23:11:36]     Phase 1 (new): 2,170/16,010 params
[2026-05-29 23:11:37]     Result | best_epoch=1 | stop=51 | final_phase_epochs=51 | acc=0.5000 | bal_acc=0.5000 | pred_hist=[0, 8] | collapse=True
[2026-05-29 23:11:37]     spatial_conv=[4, 29] top_abs_channels=[('Pz', 0.15309799), ('O2', 0.14276606), ('T3', 0.12548001), ('T4', 0.12321121), ('O1', 0.1218079), ('CP3', 0.1207208), ('C3', 0.11621262), ('CP4', 0.1115685)]
[2026-05-29 23:11:37]     spatial_update=delta_l2=0.01353888 max_abs=0.00220049 relative=0.01134404 changed=True
[2026-05-29 23:11:37]   Subject 33: acc=0.5000±0.0000  bal_acc=0.5000±0.0000
[2026-05-29 23:11:37] \nSubject 34: 40 windows | class_counts=[20, 20]

[2026-05-29 23:11:37] Fold 1/5 | subject=34
[2026-05-29 23:11:37]     Train: 32 | counts=[16, 16]
[2026-05-29 23:11:37]     Test:  8 | counts=[4, 4]
[2026-05-29 23:11:37]     Model: SignalJEPA_PreLocal | Pretrained: from_pretrained | Strategy: new
[2026-05-29 23:11:37]     Normalization: none | fit_scope=none
[2026-05-29 23:11:37]     Phase 1 (new): 2,170/16,010 params
[2026-05-29 23:11:39]     Result | best_epoch=114 | stop=164 | final_phase_epochs=164 | acc=0.7500 | bal_acc=0.7500 | pred_hist=[4, 4] | collapse=False
[2026-05-29 23:11:39]     spatial_conv=[4, 29] top_abs_channels=[('FT8', 0.19824129), ('Fz', 0.14177845), ('O1', 0.13657686), ('F3', 0.12826794), ('F4', 0.1280061), ('O2', 0.11785515), ('C3', 0.11657466), ('FT7', 0.11623091)]
[2026-05-29 23:11:39]     spatial_update=delta_l2=0.81420733 max_abs=0.21834492 relative=0.68221325 changed=True

[2026-05-29 23:11:40] Fold 2/5 | subject=34
[2026-05-29 23:11:40]     Train: 32 | counts=[16, 16]
[2026-05-29 23:11:40]     Test:  8 | counts=[4, 4]
[2026-05-29 23:11:40]     Model: SignalJEPA_PreLocal | Pretrained: from_pretrained | Strategy: new
[2026-05-29 23:11:40]     Normalization: none | fit_scope=none
[2026-05-29 23:11:40]     Phase 1 (new): 2,170/16,010 params
[2026-05-29 23:11:47]     Result | best_epoch=501 | stop=551 | final_phase_epochs=551 | acc=0.7500 | bal_acc=0.7500 | pred_hist=[6, 2] | collapse=False
[2026-05-29 23:11:47]     spatial_conv=[4, 29] top_abs_channels=[('C3', 0.20897482), ('Fz', 0.1961793), ('C4', 0.17413318), ('O1', 0.1593318), ('FCz', 0.14233539), ('CP3', 0.1347052), ('FC3', 0.13376769), ('FC4', 0.1323761)]
[2026-05-29 23:11:47]     spatial_update=delta_l2=1.16001591 max_abs=0.33872119 relative=0.97196156 changed=True

[2026-05-29 23:11:48] Fold 3/5 | subject=34
[2026-05-29 23:11:48]     Train: 32 | counts=[16, 16]
[2026-05-29 23:11:48]     Test:  8 | counts=[4, 4]
[2026-05-29 23:11:48]     Model: SignalJEPA_PreLocal | Pretrained: from_pretrained | Strategy: new
[2026-05-29 23:11:48]     Normalization: none | fit_scope=none
[2026-05-29 23:11:48]     Phase 1 (new): 2,170/16,010 params
[2026-05-29 23:11:57]     Result | best_epoch=706 | stop=756 | final_phase_epochs=756 | acc=0.8750 | bal_acc=0.8750 | pred_hist=[3, 5] | collapse=False
[2026-05-29 23:11:57]     spatial_conv=[4, 29] top_abs_channels=[('FC3', 0.21635984), ('FCz', 0.21065605), ('CP4', 0.20514284), ('FC4', 0.18303964), ('C4', 0.1809051), ('Oz', 0.16492178), ('C3', 0.13286057), ('T5', 0.12362543)]
[2026-05-29 23:11:57]     spatial_update=delta_l2=1.39733934 max_abs=0.32382052 relative=1.17081164 changed=True

[2026-05-29 23:11:58] Fold 4/5 | subject=34
[2026-05-29 23:11:58]     Train: 32 | counts=[16, 16]
[2026-05-29 23:11:58]     Test:  8 | counts=[4, 4]
[2026-05-29 23:11:58]     Model: SignalJEPA_PreLocal | Pretrained: from_pretrained | Strategy: new
[2026-05-29 23:11:58]     Normalization: none | fit_scope=none
[2026-05-29 23:11:58]     Phase 1 (new): 2,170/16,010 params
[2026-05-29 23:12:01]     Result | best_epoch=180 | stop=230 | final_phase_epochs=230 | acc=0.8750 | bal_acc=0.8750 | pred_hist=[5, 3] | collapse=False
[2026-05-29 23:12:01]     spatial_conv=[4, 29] top_abs_channels=[('CP3', 0.16282956), ('O2', 0.15281749), ('Fz', 0.15207636), ('Oz', 0.14634942), ('F4', 0.14285089), ('TP8', 0.13275653), ('FT8', 0.12975337), ('C4', 0.12236608)]
[2026-05-29 23:12:01]     spatial_update=delta_l2=0.96318828 max_abs=0.26719639 relative=0.80704237 changed=True

[2026-05-29 23:12:01] Fold 5/5 | subject=34
[2026-05-29 23:12:01]     Train: 32 | counts=[16, 16]
[2026-05-29 23:12:01]     Test:  8 | counts=[4, 4]
[2026-05-29 23:12:01]     Model: SignalJEPA_PreLocal | Pretrained: from_pretrained | Strategy: new
[2026-05-29 23:12:01]     Normalization: none | fit_scope=none
[2026-05-29 23:12:01]     Phase 1 (new): 2,170/16,010 params
[2026-05-29 23:12:04]     Result | best_epoch=112 | stop=162 | final_phase_epochs=162 | acc=0.7500 | bal_acc=0.7500 | pred_hist=[2, 6] | collapse=False
[2026-05-29 23:12:04]     spatial_conv=[4, 29] top_abs_channels=[('O2', 0.20818263), ('FCz', 0.14950274), ('Fz', 0.12320954), ('O1', 0.11749431), ('FT7', 0.11351947), ('C4', 0.11113204), ('CP3', 0.10985674), ('C3', 0.1086807)]
[2026-05-29 23:12:04]     spatial_update=delta_l2=0.67666814 max_abs=0.15746380 relative=0.56697103 changed=True
[2026-05-29 23:12:04]   Subject 34: acc=0.8000±0.0612  bal_acc=0.8000±0.0612
[2026-05-29 23:12:04] \nSubject 35: 40 windows | class_counts=[20, 20]

[2026-05-29 23:12:04] Fold 1/5 | subject=35
[2026-05-29 23:12:04]     Train: 32 | counts=[16, 16]
[2026-05-29 23:12:04]     Test:  8 | counts=[4, 4]
[2026-05-29 23:12:04]     Model: SignalJEPA_PreLocal | Pretrained: from_pretrained | Strategy: new
[2026-05-29 23:12:04]     Normalization: none | fit_scope=none
[2026-05-29 23:12:04]     Phase 1 (new): 2,170/16,010 params
[2026-05-29 23:12:05]     Result | best_epoch=24 | stop=72 | final_phase_epochs=72 | acc=0.6250 | bal_acc=0.6250 | pred_hist=[5, 3] | collapse=False
[2026-05-29 23:12:05]     spatial_conv=[4, 29] top_abs_channels=[('O2', 0.14873143), ('Pz', 0.14545882), ('T4', 0.12961559), ('O1', 0.12555125), ('T3', 0.12052588), ('CP4', 0.12049226), ('CP3', 0.11472479), ('C3', 0.11252838)]
[2026-05-29 23:12:05]     spatial_update=delta_l2=0.21847841 max_abs=0.04850273 relative=0.18306009 changed=True

[2026-05-29 23:12:06] Fold 2/5 | subject=35
[2026-05-29 23:12:06]     Train: 32 | counts=[16, 16]
[2026-05-29 23:12:06]     Test:  8 | counts=[4, 4]
[2026-05-29 23:12:06]     Model: SignalJEPA_PreLocal | Pretrained: from_pretrained | Strategy: new
[2026-05-29 23:12:06]     Normalization: none | fit_scope=none
[2026-05-29 23:12:06]     Phase 1 (new): 2,170/16,010 params
[2026-05-29 23:12:09]     Result | best_epoch=231 | stop=281 | final_phase_epochs=281 | acc=0.7500 | bal_acc=0.7500 | pred_hist=[2, 6] | collapse=False
[2026-05-29 23:12:09]     spatial_conv=[4, 29] top_abs_channels=[('CP4', 0.19170512), ('FC3', 0.1731196), ('T4', 0.14397365), ('Oz', 0.12998173), ('T3', 0.12680919), ('Fz', 0.12343828), ('TP7', 0.12053456), ('Fp1', 0.11936158)]
[2026-05-29 23:12:09]     spatial_update=delta_l2=0.93678895 max_abs=0.27113415 relative=0.78492273 changed=True

[2026-05-29 23:12:10] Fold 3/5 | subject=35
[2026-05-29 23:12:10]     Train: 32 | counts=[16, 16]
[2026-05-29 23:12:10]     Test:  8 | counts=[4, 4]
[2026-05-29 23:12:10]     Model: SignalJEPA_PreLocal | Pretrained: from_pretrained | Strategy: new
[2026-05-29 23:12:10]     Normalization: none | fit_scope=none
[2026-05-29 23:12:10]     Phase 1 (new): 2,170/16,010 params
[2026-05-29 23:12:11]     Result | best_epoch=57 | stop=107 | final_phase_epochs=107 | acc=0.7500 | bal_acc=0.7500 | pred_hist=[4, 4] | collapse=False
[2026-05-29 23:12:11]     spatial_conv=[4, 29] top_abs_channels=[('T4', 0.14349899), ('Pz', 0.13298739), ('O2', 0.1269484), ('T3', 0.1243546), ('CP4', 0.1212555), ('Fp1', 0.11791053), ('P3', 0.11767369), ('FT8', 0.11091077)]
[2026-05-29 23:12:11]     spatial_update=delta_l2=0.39497166 max_abs=0.09447354 relative=0.33094139 changed=True

[2026-05-29 23:12:12] Fold 4/5 | subject=35
[2026-05-29 23:12:12]     Train: 32 | counts=[16, 16]
[2026-05-29 23:12:12]     Test:  8 | counts=[4, 4]
[2026-05-29 23:12:12]     Model: SignalJEPA_PreLocal | Pretrained: from_pretrained | Strategy: new
[2026-05-29 23:12:12]     Normalization: none | fit_scope=none
[2026-05-29 23:12:12]     Phase 1 (new): 2,170/16,010 params
[2026-05-29 23:12:19]     Result | best_epoch=486 | stop=536 | final_phase_epochs=536 | acc=0.7500 | bal_acc=0.7500 | pred_hist=[4, 4] | collapse=False
[2026-05-29 23:12:19]     spatial_conv=[4, 29] top_abs_channels=[('T3', 0.15426002), ('C4', 0.13978544), ('P3', 0.13066241), ('CP4', 0.12751767), ('FC3', 0.11834806), ('P4', 0.11302614), ('FT8', 0.11275125), ('O1', 0.10875192)]
[2026-05-29 23:12:19]     spatial_update=delta_l2=1.13658376 max_abs=0.27110927 relative=0.95232808 changed=True

[2026-05-29 23:12:19] Fold 5/5 | subject=35
[2026-05-29 23:12:19]     Train: 32 | counts=[16, 16]
[2026-05-29 23:12:19]     Test:  8 | counts=[4, 4]
[2026-05-29 23:12:19]     Model: SignalJEPA_PreLocal | Pretrained: from_pretrained | Strategy: new
[2026-05-29 23:12:19]     Normalization: none | fit_scope=none
[2026-05-29 23:12:19]     Phase 1 (new): 2,170/16,010 params
[2026-05-29 23:12:20]     Result | best_epoch=28 | stop=78 | final_phase_epochs=78 | acc=0.7500 | bal_acc=0.7500 | pred_hist=[4, 4] | collapse=False
[2026-05-29 23:12:20]     spatial_conv=[4, 29] top_abs_channels=[('Pz', 0.15435848), ('T3', 0.13984413), ('CP4', 0.12685943), ('F4', 0.121404), ('T4', 0.11732662), ('O2', 0.11699372), ('TP7', 0.11504613), ('T5', 0.11167689)]
[2026-05-29 23:12:20]     spatial_update=delta_l2=0.28019598 max_abs=0.05483878 relative=0.23477240 changed=True
[2026-05-29 23:12:20]   Subject 35: acc=0.7250±0.0500  bal_acc=0.7250±0.0500
[2026-05-29 23:12:20] \nSubject 36: 40 windows | class_counts=[20, 20]

[2026-05-29 23:12:21] Fold 1/5 | subject=36
[2026-05-29 23:12:21]     Train: 32 | counts=[16, 16]
[2026-05-29 23:12:21]     Test:  8 | counts=[4, 4]
[2026-05-29 23:12:21]     Model: SignalJEPA_PreLocal | Pretrained: from_pretrained | Strategy: new
[2026-05-29 23:12:21]     Normalization: none | fit_scope=none
[2026-05-29 23:12:21]     Phase 1 (new): 2,170/16,010 params
[2026-05-29 23:12:21]     Result | best_epoch=1 | stop=51 | final_phase_epochs=51 | acc=0.5000 | bal_acc=0.5000 | pred_hist=[0, 8] | collapse=True
[2026-05-29 23:12:21]     spatial_conv=[4, 29] top_abs_channels=[('Pz', 0.15279138), ('O2', 0.14435482), ('T3', 0.12733257), ('O1', 0.12183812), ('T4', 0.12171896), ('CP3', 0.12088152), ('C3', 0.11492096), ('CP4', 0.11145762)]
[2026-05-29 23:12:21]     spatial_update=delta_l2=0.00992511 max_abs=0.00227731 relative=0.00831612 changed=True

[2026-05-29 23:12:22] Fold 2/5 | subject=36
[2026-05-29 23:12:22]     Train: 32 | counts=[16, 16]
[2026-05-29 23:12:22]     Test:  8 | counts=[4, 4]
[2026-05-29 23:12:22]     Model: SignalJEPA_PreLocal | Pretrained: from_pretrained | Strategy: new
[2026-05-29 23:12:22]     Normalization: none | fit_scope=none
[2026-05-29 23:12:22]     Phase 1 (new): 2,170/16,010 params
[2026-05-29 23:12:23]     Result | best_epoch=1 | stop=51 | final_phase_epochs=51 | acc=0.5000 | bal_acc=0.5000 | pred_hist=[0, 8] | collapse=True
[2026-05-29 23:12:23]     spatial_conv=[4, 29] top_abs_channels=[('Pz', 0.15257388), ('O2', 0.1442019), ('T3', 0.12713686), ('T4', 0.1216056), ('CP3', 0.12128043), ('O1', 0.12109339), ('C3', 0.11545078), ('CP4', 0.11090775)]
[2026-05-29 23:12:23]     spatial_update=delta_l2=0.01137478 max_abs=0.00215527 relative=0.00953077 changed=True

[2026-05-29 23:12:23] Fold 3/5 | subject=36
[2026-05-29 23:12:23]     Train: 32 | counts=[16, 16]
[2026-05-29 23:12:23]     Test:  8 | counts=[4, 4]
[2026-05-29 23:12:23]     Model: SignalJEPA_PreLocal | Pretrained: from_pretrained | Strategy: new
[2026-05-29 23:12:23]     Normalization: none | fit_scope=none
[2026-05-29 23:12:23]     Phase 1 (new): 2,170/16,010 params
[2026-05-29 23:12:24]     Result | best_epoch=1 | stop=51 | final_phase_epochs=51 | acc=0.5000 | bal_acc=0.5000 | pred_hist=[0, 8] | collapse=True
[2026-05-29 23:12:24]     spatial_conv=[4, 29] top_abs_channels=[('Pz', 0.15215735), ('O2', 0.14424147), ('T3', 0.1273464), ('T4', 0.12135401), ('CP3', 0.12128882), ('O1', 0.12116914), ('C3', 0.11554851), ('CP4', 0.11070697)]
[2026-05-29 23:12:24]     spatial_update=delta_l2=0.01121744 max_abs=0.00217355 relative=0.00939894 changed=True

[2026-05-29 23:12:24] Fold 4/5 | subject=36
[2026-05-29 23:12:24]     Train: 32 | counts=[16, 16]
[2026-05-29 23:12:24]     Test:  8 | counts=[4, 4]
[2026-05-29 23:12:24]     Model: SignalJEPA_PreLocal | Pretrained: from_pretrained | Strategy: new
[2026-05-29 23:12:24]     Normalization: none | fit_scope=none
[2026-05-29 23:12:24]     Phase 1 (new): 2,170/16,010 params
[2026-05-29 23:12:25]     Result | best_epoch=1 | stop=51 | final_phase_epochs=51 | acc=0.5000 | bal_acc=0.5000 | pred_hist=[0, 8] | collapse=True
[2026-05-29 23:12:25]     spatial_conv=[4, 29] top_abs_channels=[('Pz', 0.15241896), ('O2', 0.14456943), ('T3', 0.12812728), ('O1', 0.12164836), ('CP3', 0.12152171), ('T4', 0.12104531), ('C3', 0.11455286), ('CP4', 0.11073505)]
[2026-05-29 23:12:25]     spatial_update=delta_l2=0.01181884 max_abs=0.00224502 relative=0.00990285 changed=True

[2026-05-29 23:12:25] Fold 5/5 | subject=36
[2026-05-29 23:12:25]     Train: 32 | counts=[16, 16]
[2026-05-29 23:12:25]     Test:  8 | counts=[4, 4]
[2026-05-29 23:12:25]     Model: SignalJEPA_PreLocal | Pretrained: from_pretrained | Strategy: new
[2026-05-29 23:12:25]     Normalization: none | fit_scope=none
[2026-05-29 23:12:25]     Phase 1 (new): 2,170/16,010 params
[2026-05-29 23:12:26]     Result | best_epoch=1 | stop=51 | final_phase_epochs=51 | acc=0.5000 | bal_acc=0.5000 | pred_hist=[0, 8] | collapse=True
[2026-05-29 23:12:26]     spatial_conv=[4, 29] top_abs_channels=[('Pz', 0.15224628), ('O2', 0.14434537), ('T3', 0.12831323), ('O1', 0.12174968), ('CP3', 0.12149352), ('T4', 0.12125172), ('C3', 0.11546938), ('CP4', 0.1109712)]
[2026-05-29 23:12:26]     spatial_update=delta_l2=0.01125127 max_abs=0.00213452 relative=0.00942728 changed=True
[2026-05-29 23:12:26]   Subject 36: acc=0.5000±0.0000  bal_acc=0.5000±0.0000
[2026-05-29 23:12:26] \nSubject 37: 40 windows | class_counts=[20, 20]

[2026-05-29 23:12:27] Fold 1/5 | subject=37
[2026-05-29 23:12:27]     Train: 32 | counts=[16, 16]
[2026-05-29 23:12:27]     Test:  8 | counts=[4, 4]
[2026-05-29 23:12:27]     Model: SignalJEPA_PreLocal | Pretrained: from_pretrained | Strategy: new
[2026-05-29 23:12:27]     Normalization: none | fit_scope=none
[2026-05-29 23:12:27]     Phase 1 (new): 2,170/16,010 params
[2026-05-29 23:12:27]     Result | best_epoch=1 | stop=51 | final_phase_epochs=51 | acc=0.5000 | bal_acc=0.5000 | pred_hist=[0, 8] | collapse=True
[2026-05-29 23:12:27]     spatial_conv=[4, 29] top_abs_channels=[('Pz', 0.15297516), ('O2', 0.14395931), ('T3', 0.12666605), ('O1', 0.12196589), ('T4', 0.12134734), ('CP3', 0.12085792), ('C3', 0.11550397), ('CP4', 0.11088651)]
[2026-05-29 23:12:27]     spatial_update=delta_l2=0.00979884 max_abs=0.00203020 relative=0.00821032 changed=True

[2026-05-29 23:12:28] Fold 2/5 | subject=37
[2026-05-29 23:12:28]     Train: 32 | counts=[16, 16]
[2026-05-29 23:12:28]     Test:  8 | counts=[4, 4]
[2026-05-29 23:12:28]     Model: SignalJEPA_PreLocal | Pretrained: from_pretrained | Strategy: new
[2026-05-29 23:12:28]     Normalization: none | fit_scope=none
[2026-05-29 23:12:28]     Phase 1 (new): 2,170/16,010 params
[2026-05-29 23:12:29]     Result | best_epoch=62 | stop=112 | final_phase_epochs=112 | acc=0.5000 | bal_acc=0.5000 | pred_hist=[4, 4] | collapse=False
[2026-05-29 23:12:29]     spatial_conv=[4, 29] top_abs_channels=[('O2', 0.16053779), ('Pz', 0.13936442), ('T3', 0.12283196), ('F3', 0.12244137), ('P3', 0.12102717), ('O1', 0.11888622), ('T5', 0.11666407), ('CP3', 0.11107559)]
[2026-05-29 23:12:29]     spatial_update=delta_l2=0.36981112 max_abs=0.10106608 relative=0.30985971 changed=True

[2026-05-29 23:12:30] Fold 3/5 | subject=37
[2026-05-29 23:12:30]     Train: 32 | counts=[16, 16]
[2026-05-29 23:12:30]     Test:  8 | counts=[4, 4]
[2026-05-29 23:12:30]     Model: SignalJEPA_PreLocal | Pretrained: from_pretrained | Strategy: new
[2026-05-29 23:12:30]     Normalization: none | fit_scope=none
[2026-05-29 23:12:30]     Phase 1 (new): 2,170/16,010 params
[2026-05-29 23:12:30]     Result | best_epoch=3 | stop=52 | final_phase_epochs=52 | acc=0.5000 | bal_acc=0.5000 | pred_hist=[2, 6] | collapse=False
[2026-05-29 23:12:30]     spatial_conv=[4, 29] top_abs_channels=[('Pz', 0.15368059), ('O2', 0.14425981), ('T3', 0.12678374), ('O1', 0.12189819), ('CP3', 0.12038295), ('T4', 0.12035882), ('C3', 0.11611712), ('CP4', 0.11203167)]
[2026-05-29 23:12:30]     spatial_update=delta_l2=0.01865685 max_abs=0.00353550 relative=0.01563232 changed=True

[2026-05-29 23:12:31] Fold 4/5 | subject=37
[2026-05-29 23:12:31]     Train: 32 | counts=[16, 16]
[2026-05-29 23:12:31]     Test:  8 | counts=[4, 4]
[2026-05-29 23:12:31]     Model: SignalJEPA_PreLocal | Pretrained: from_pretrained | Strategy: new
[2026-05-29 23:12:31]     Normalization: none | fit_scope=none
[2026-05-29 23:12:31]     Phase 1 (new): 2,170/16,010 params
[2026-05-29 23:12:33]     Result | best_epoch=100 | stop=150 | final_phase_epochs=150 | acc=0.5000 | bal_acc=0.5000 | pred_hist=[4, 4] | collapse=False
[2026-05-29 23:12:33]     spatial_conv=[4, 29] top_abs_channels=[('O2', 0.17089178), ('Fz', 0.16244273), ('Pz', 0.14540282), ('P3', 0.1425467), ('C3', 0.14020269), ('T5', 0.12767579), ('CP4', 0.12343875), ('F4', 0.12063351)]
[2026-05-29 23:12:33]     spatial_update=delta_l2=0.63916691 max_abs=0.12749143 relative=0.53554927 changed=True

[2026-05-29 23:12:33] Fold 5/5 | subject=37
[2026-05-29 23:12:33]     Train: 32 | counts=[16, 16]
[2026-05-29 23:12:33]     Test:  8 | counts=[4, 4]
[2026-05-29 23:12:33]     Model: SignalJEPA_PreLocal | Pretrained: from_pretrained | Strategy: new
[2026-05-29 23:12:33]     Normalization: none | fit_scope=none
[2026-05-29 23:12:33]     Phase 1 (new): 2,170/16,010 params
[2026-05-29 23:12:34]     Result | best_epoch=1 | stop=51 | final_phase_epochs=51 | acc=0.5000 | bal_acc=0.5000 | pred_hist=[0, 8] | collapse=True
[2026-05-29 23:12:34]     spatial_conv=[4, 29] top_abs_channels=[('Pz', 0.15297976), ('O2', 0.1443852), ('T3', 0.12618764), ('T4', 0.12199864), ('CP3', 0.12162021), ('O1', 0.12141871), ('C3', 0.11497405), ('CP4', 0.11082483)]
[2026-05-29 23:12:34]     spatial_update=delta_l2=0.01105737 max_abs=0.00231919 relative=0.00926482 changed=True
[2026-05-29 23:12:34]   Subject 37: acc=0.5000±0.0000  bal_acc=0.5000±0.0000
[2026-05-29 23:12:34] \nSubject 38: 40 windows | class_counts=[20, 20]

[2026-05-29 23:12:34] Fold 1/5 | subject=38
[2026-05-29 23:12:34]     Train: 32 | counts=[16, 16]
[2026-05-29 23:12:34]     Test:  8 | counts=[4, 4]
[2026-05-29 23:12:34]     Model: SignalJEPA_PreLocal | Pretrained: from_pretrained | Strategy: new
[2026-05-29 23:12:34]     Normalization: none | fit_scope=none
[2026-05-29 23:12:34]     Phase 1 (new): 2,170/16,010 params
[2026-05-29 23:12:35]     Result | best_epoch=4 | stop=54 | final_phase_epochs=54 | acc=0.5000 | bal_acc=0.5000 | pred_hist=[0, 8] | collapse=True
[2026-05-29 23:12:35]     spatial_conv=[4, 29] top_abs_channels=[('Pz', 0.153649), ('O2', 0.14253509), ('T3', 0.12627555), ('T4', 0.12405246), ('O1', 0.12315422), ('CP3', 0.12121905), ('C3', 0.11330972), ('Fp1', 0.10878806)]
[2026-05-29 23:12:35]     spatial_update=delta_l2=0.03330303 max_abs=0.00675818 relative=0.02790416 changed=True

[2026-05-29 23:12:36] Fold 2/5 | subject=38
[2026-05-29 23:12:36]     Train: 32 | counts=[16, 16]
[2026-05-29 23:12:36]     Test:  8 | counts=[4, 4]
[2026-05-29 23:12:36]     Model: SignalJEPA_PreLocal | Pretrained: from_pretrained | Strategy: new
[2026-05-29 23:12:36]     Normalization: none | fit_scope=none
[2026-05-29 23:12:36]     Phase 1 (new): 2,170/16,010 params
[2026-05-29 23:12:38]     Result | best_epoch=121 | stop=171 | final_phase_epochs=171 | acc=0.6250 | bal_acc=0.6250 | pred_hist=[5, 3] | collapse=False
[2026-05-29 23:12:38]     spatial_conv=[4, 29] top_abs_channels=[('T4', 0.14380859), ('TP8', 0.13803136), ('Pz', 0.12865375), ('F3', 0.1249325), ('Fz', 0.12354216), ('O2', 0.1114364), ('P3', 0.11017238), ('CP3', 0.10993519)]
[2026-05-29 23:12:38]     spatial_update=delta_l2=0.66859469 max_abs=0.17622555 relative=0.56020640 changed=True

[2026-05-29 23:12:38] Fold 3/5 | subject=38
[2026-05-29 23:12:38]     Train: 32 | counts=[16, 16]
[2026-05-29 23:12:38]     Test:  8 | counts=[4, 4]
[2026-05-29 23:12:38]     Model: SignalJEPA_PreLocal | Pretrained: from_pretrained | Strategy: new
[2026-05-29 23:12:38]     Normalization: none | fit_scope=none
[2026-05-29 23:12:38]     Phase 1 (new): 2,170/16,010 params
[2026-05-29 23:12:42]     Result | best_epoch=257 | stop=266 | final_phase_epochs=266 | acc=0.6250 | bal_acc=0.6250 | pred_hist=[5, 3] | collapse=False
[2026-05-29 23:12:42]     spatial_conv=[4, 29] top_abs_channels=[('Pz', 0.17504461), ('P4', 0.15635349), ('O2', 0.15632659), ('CP4', 0.15406691), ('T4', 0.12307506), ('CP3', 0.1204029), ('C4', 0.11629409), ('F8', 0.1141731)]
[2026-05-29 23:12:42]     spatial_update=delta_l2=0.85390547 max_abs=0.29285675 relative=0.71547579 changed=True

[2026-05-29 23:12:43] Fold 4/5 | subject=38
[2026-05-29 23:12:43]     Train: 32 | counts=[16, 16]
[2026-05-29 23:12:43]     Test:  8 | counts=[4, 4]
[2026-05-29 23:12:43]     Model: SignalJEPA_PreLocal | Pretrained: from_pretrained | Strategy: new
[2026-05-29 23:12:43]     Normalization: none | fit_scope=none
[2026-05-29 23:12:43]     Phase 1 (new): 2,170/16,010 params
[2026-05-29 23:12:45]     Result | best_epoch=140 | stop=190 | final_phase_epochs=190 | acc=0.8750 | bal_acc=0.8750 | pred_hist=[3, 5] | collapse=False
[2026-05-29 23:12:45]     spatial_conv=[4, 29] top_abs_channels=[('CP4', 0.17103401), ('Fz', 0.12931007), ('CP3', 0.12453529), ('F4', 0.11858232), ('P3', 0.11659239), ('T3', 0.11453691), ('P4', 0.1133743), ('F7', 0.10704596)]
[2026-05-29 23:12:45]     spatial_update=delta_l2=0.77516680 max_abs=0.19957331 relative=0.64950172 changed=True

[2026-05-29 23:12:46] Fold 5/5 | subject=38
[2026-05-29 23:12:46]     Train: 32 | counts=[16, 16]
[2026-05-29 23:12:46]     Test:  8 | counts=[4, 4]
[2026-05-29 23:12:46]     Model: SignalJEPA_PreLocal | Pretrained: from_pretrained | Strategy: new
[2026-05-29 23:12:46]     Normalization: none | fit_scope=none
[2026-05-29 23:12:46]     Phase 1 (new): 2,170/16,010 params
[2026-05-29 23:12:50]     Result | best_epoch=295 | stop=345 | final_phase_epochs=345 | acc=0.8750 | bal_acc=0.8750 | pred_hist=[3, 5] | collapse=False
[2026-05-29 23:12:50]     spatial_conv=[4, 29] top_abs_channels=[('T3', 0.13453573), ('TP7', 0.13366824), ('O2', 0.13257125), ('TP8', 0.13110889), ('T5', 0.12633885), ('Fz', 0.1239552), ('CP4', 0.12239975), ('F7', 0.11659779)]
[2026-05-29 23:12:50]     spatial_update=delta_l2=1.07642037 max_abs=0.30903225 relative=0.90191799 changed=True
[2026-05-29 23:12:50]   Subject 38: acc=0.7000±0.1500  bal_acc=0.7000±0.1500
[2026-05-29 23:12:50] \nSubject 39: 40 windows | class_counts=[20, 20]

[2026-05-29 23:12:51] Fold 1/5 | subject=39
[2026-05-29 23:12:51]     Train: 32 | counts=[16, 16]
[2026-05-29 23:12:51]     Test:  8 | counts=[4, 4]
[2026-05-29 23:12:51]     Model: SignalJEPA_PreLocal | Pretrained: from_pretrained | Strategy: new
[2026-05-29 23:12:51]     Normalization: none | fit_scope=none
[2026-05-29 23:12:51]     Phase 1 (new): 2,170/16,010 params
[2026-05-29 23:12:54]     Result | best_epoch=184 | stop=234 | final_phase_epochs=234 | acc=0.6250 | bal_acc=0.6250 | pred_hist=[5, 3] | collapse=False
[2026-05-29 23:12:54]     spatial_conv=[4, 29] top_abs_channels=[('CP3', 0.16680118), ('CP4', 0.14949906), ('Fz', 0.13714632), ('Pz', 0.13131754), ('T3', 0.12105348), ('T4', 0.11846964), ('F7', 0.11648699), ('O2', 0.11549653)]
[2026-05-29 23:12:54]     spatial_update=delta_l2=0.63443243 max_abs=0.16491175 relative=0.53158231 changed=True

[2026-05-29 23:12:54] Fold 2/5 | subject=39
[2026-05-29 23:12:54]     Train: 32 | counts=[16, 16]
[2026-05-29 23:12:54]     Test:  8 | counts=[4, 4]
[2026-05-29 23:12:54]     Model: SignalJEPA_PreLocal | Pretrained: from_pretrained | Strategy: new
[2026-05-29 23:12:54]     Normalization: none | fit_scope=none
[2026-05-29 23:12:54]     Phase 1 (new): 2,170/16,010 params
[2026-05-29 23:12:58]     Result | best_epoch=230 | stop=280 | final_phase_epochs=280 | acc=0.5000 | bal_acc=0.5000 | pred_hist=[6, 2] | collapse=False
[2026-05-29 23:12:58]     spatial_conv=[4, 29] top_abs_channels=[('CP4', 0.20217782), ('O2', 0.18113142), ('T3', 0.14411406), ('Fz', 0.13971806), ('CP3', 0.13829198), ('Pz', 0.12726226), ('P4', 0.10861641), ('Fp1', 0.10369714)]
[2026-05-29 23:12:58]     spatial_update=delta_l2=0.72497127 max_abs=0.18676971 relative=0.60744357 changed=True

[2026-05-29 23:12:58] Fold 3/5 | subject=39
[2026-05-29 23:12:58]     Train: 32 | counts=[16, 16]
[2026-05-29 23:12:58]     Test:  8 | counts=[4, 4]
[2026-05-29 23:12:58]     Model: SignalJEPA_PreLocal | Pretrained: from_pretrained | Strategy: new
[2026-05-29 23:12:58]     Normalization: none | fit_scope=none
[2026-05-29 23:12:58]     Phase 1 (new): 2,170/16,010 params
[2026-05-29 23:12:59]     Result | best_epoch=1 | stop=51 | final_phase_epochs=51 | acc=0.6250 | bal_acc=0.6250 | pred_hist=[1, 7] | collapse=False
[2026-05-29 23:12:59]     spatial_conv=[4, 29] top_abs_channels=[('Pz', 0.15332581), ('O2', 0.14318433), ('T3', 0.12582958), ('O1', 0.12180974), ('T4', 0.12177667), ('CP3', 0.12090728), ('C3', 0.11573566), ('CP4', 0.1114251)]
[2026-05-29 23:12:59]     spatial_update=delta_l2=0.01243228 max_abs=0.00229920 relative=0.01041684 changed=True

[2026-05-29 23:12:59] Fold 4/5 | subject=39
[2026-05-29 23:12:59]     Train: 32 | counts=[16, 16]
[2026-05-29 23:12:59]     Test:  8 | counts=[4, 4]
[2026-05-29 23:12:59]     Model: SignalJEPA_PreLocal | Pretrained: from_pretrained | Strategy: new
[2026-05-29 23:12:59]     Normalization: none | fit_scope=none
[2026-05-29 23:12:59]     Phase 1 (new): 2,170/16,010 params
[2026-05-29 23:13:00]     Result | best_epoch=1 | stop=51 | final_phase_epochs=51 | acc=0.5000 | bal_acc=0.5000 | pred_hist=[0, 8] | collapse=True
[2026-05-29 23:13:00]     spatial_conv=[4, 29] top_abs_channels=[('Pz', 0.15421018), ('O2', 0.14360178), ('T3', 0.12576793), ('T4', 0.12290154), ('O1', 0.12190274), ('CP3', 0.12039003), ('C3', 0.11629521), ('CP4', 0.11158422)]
[2026-05-29 23:13:00]     spatial_update=delta_l2=0.01386800 max_abs=0.00225312 relative=0.01161981 changed=True

[2026-05-29 23:13:01] Fold 5/5 | subject=39
[2026-05-29 23:13:01]     Train: 32 | counts=[16, 16]
[2026-05-29 23:13:01]     Test:  8 | counts=[4, 4]
[2026-05-29 23:13:01]     Model: SignalJEPA_PreLocal | Pretrained: from_pretrained | Strategy: new
[2026-05-29 23:13:01]     Normalization: none | fit_scope=none
[2026-05-29 23:13:01]     Phase 1 (new): 2,170/16,010 params
[2026-05-29 23:13:01]     Result | best_epoch=1 | stop=51 | final_phase_epochs=51 | acc=0.5000 | bal_acc=0.5000 | pred_hist=[0, 8] | collapse=True
[2026-05-29 23:13:01]     spatial_conv=[4, 29] top_abs_channels=[('Pz', 0.15337226), ('O2', 0.14349736), ('T3', 0.12634705), ('O1', 0.12276932), ('T4', 0.12235457), ('CP3', 0.12053705), ('C3', 0.11699809), ('CP4', 0.11200224)]
[2026-05-29 23:13:01]     spatial_update=delta_l2=0.01524464 max_abs=0.00232394 relative=0.01277327 changed=True
[2026-05-29 23:13:01]   Subject 39: acc=0.5500±0.0612  bal_acc=0.5500±0.0612
[2026-05-29 23:13:01] \nSubject 40: 40 windows | class_counts=[20, 20]

[2026-05-29 23:13:02] Fold 1/5 | subject=40
[2026-05-29 23:13:02]     Train: 32 | counts=[16, 16]
[2026-05-29 23:13:02]     Test:  8 | counts=[4, 4]
[2026-05-29 23:13:02]     Model: SignalJEPA_PreLocal | Pretrained: from_pretrained | Strategy: new
[2026-05-29 23:13:02]     Normalization: none | fit_scope=none
[2026-05-29 23:13:02]     Phase 1 (new): 2,170/16,010 params
[2026-05-29 23:13:04]     Result | best_epoch=108 | stop=158 | final_phase_epochs=158 | acc=0.6250 | bal_acc=0.6250 | pred_hist=[5, 3] | collapse=False
[2026-05-29 23:13:04]     spatial_conv=[4, 29] top_abs_channels=[('T3', 0.16170567), ('CP4', 0.1493399), ('Pz', 0.12937009), ('CP3', 0.1262323), ('P3', 0.12592871), ('TP7', 0.12027837), ('O1', 0.11425892), ('T4', 0.10872553)]
[2026-05-29 23:13:04]     spatial_update=delta_l2=0.50365598 max_abs=0.14511720 relative=0.42200650 changed=True

[2026-05-29 23:13:04] Fold 2/5 | subject=40
[2026-05-29 23:13:04]     Train: 32 | counts=[16, 16]
[2026-05-29 23:13:04]     Test:  8 | counts=[4, 4]
[2026-05-29 23:13:04]     Model: SignalJEPA_PreLocal | Pretrained: from_pretrained | Strategy: new
[2026-05-29 23:13:04]     Normalization: none | fit_scope=none
[2026-05-29 23:13:04]     Phase 1 (new): 2,170/16,010 params
[2026-05-29 23:13:05]     Result | best_epoch=1 | stop=51 | final_phase_epochs=51 | acc=0.5000 | bal_acc=0.5000 | pred_hist=[0, 8] | collapse=True
[2026-05-29 23:13:05]     spatial_conv=[4, 29] top_abs_channels=[('Pz', 0.15373971), ('O2', 0.14338875), ('T3', 0.12653869), ('T4', 0.12224387), ('O1', 0.12126324), ('CP3', 0.12115587), ('C3', 0.1155224), ('Fp1', 0.11061127)]
[2026-05-29 23:13:05]     spatial_update=delta_l2=0.01437684 max_abs=0.00227490 relative=0.01204616 changed=True

[2026-05-29 23:13:05] Fold 3/5 | subject=40
[2026-05-29 23:13:05]     Train: 32 | counts=[16, 16]
[2026-05-29 23:13:05]     Test:  8 | counts=[4, 4]
[2026-05-29 23:13:05]     Model: SignalJEPA_PreLocal | Pretrained: from_pretrained | Strategy: new
[2026-05-29 23:13:05]     Normalization: none | fit_scope=none
[2026-05-29 23:13:05]     Phase 1 (new): 2,170/16,010 params
[2026-05-29 23:13:07]     Result | best_epoch=57 | stop=107 | final_phase_epochs=107 | acc=0.7500 | bal_acc=0.7500 | pred_hist=[2, 6] | collapse=False
[2026-05-29 23:13:07]     spatial_conv=[4, 29] top_abs_channels=[('P3', 0.17027697), ('T3', 0.14801295), ('CP3', 0.13851131), ('CP4', 0.13591191), ('O2', 0.13576201), ('Pz', 0.13217741), ('Fp1', 0.12281683), ('T4', 0.11424845)]
[2026-05-29 23:13:07]     spatial_update=delta_l2=0.37124193 max_abs=0.08636922 relative=0.31105857 changed=True

[2026-05-29 23:13:07] Fold 4/5 | subject=40
[2026-05-29 23:13:07]     Train: 32 | counts=[16, 16]
[2026-05-29 23:13:07]     Test:  8 | counts=[4, 4]
[2026-05-29 23:13:07]     Model: SignalJEPA_PreLocal | Pretrained: from_pretrained | Strategy: new
[2026-05-29 23:13:07]     Normalization: none | fit_scope=none
[2026-05-29 23:13:07]     Phase 1 (new): 2,170/16,010 params
[2026-05-29 23:13:09]     Result | best_epoch=48 | stop=98 | final_phase_epochs=98 | acc=0.8750 | bal_acc=0.8750 | pred_hist=[3, 5] | collapse=False
[2026-05-29 23:13:09]     spatial_conv=[4, 29] top_abs_channels=[('T3', 0.14900677), ('P3', 0.1408149), ('Pz', 0.13992819), ('O2', 0.1318948), ('CP4', 0.12700175), ('CP3', 0.11914477), ('F7', 0.11689697), ('Fp1', 0.11607789)]
[2026-05-29 23:13:09]     spatial_update=delta_l2=0.32750730 max_abs=0.10092990 relative=0.27441391 changed=True

[2026-05-29 23:13:09] Fold 5/5 | subject=40
[2026-05-29 23:13:09]     Train: 32 | counts=[16, 16]
[2026-05-29 23:13:09]     Test:  8 | counts=[4, 4]
[2026-05-29 23:13:09]     Model: SignalJEPA_PreLocal | Pretrained: from_pretrained | Strategy: new
[2026-05-29 23:13:09]     Normalization: none | fit_scope=none
[2026-05-29 23:13:09]     Phase 1 (new): 2,170/16,010 params
[2026-05-29 23:13:11]     Result | best_epoch=92 | stop=142 | final_phase_epochs=142 | acc=0.5000 | bal_acc=0.5000 | pred_hist=[6, 2] | collapse=False
[2026-05-29 23:13:11]     spatial_conv=[4, 29] top_abs_channels=[('T3', 0.15512431), ('Pz', 0.15441872), ('CP4', 0.13964574), ('P3', 0.13699286), ('CP3', 0.13158026), ('O2', 0.12776455), ('T4', 0.12140948), ('O1', 0.11683276)]
[2026-05-29 23:13:11]     spatial_update=delta_l2=0.53234705 max_abs=0.17000707 relative=0.44604636 changed=True
[2026-05-29 23:13:11]   Subject 40: acc=0.6500±0.1458  bal_acc=0.6500±0.1458
[2026-05-29 23:13:11] \nSubject 41: 40 windows | class_counts=[20, 20]

[2026-05-29 23:13:11] Fold 1/5 | subject=41
[2026-05-29 23:13:11]     Train: 32 | counts=[16, 16]
[2026-05-29 23:13:11]     Test:  8 | counts=[4, 4]
[2026-05-29 23:13:11]     Model: SignalJEPA_PreLocal | Pretrained: from_pretrained | Strategy: new
[2026-05-29 23:13:11]     Normalization: none | fit_scope=none
[2026-05-29 23:13:11]     Phase 1 (new): 2,170/16,010 params
[2026-05-29 23:13:16]     Result | best_epoch=313 | stop=363 | final_phase_epochs=363 | acc=0.6250 | bal_acc=0.6250 | pred_hist=[7, 1] | collapse=False
[2026-05-29 23:13:16]     spatial_conv=[4, 29] top_abs_channels=[('T3', 0.20562814), ('CP3', 0.18586327), ('Pz', 0.17249428), ('TP7', 0.14371258), ('O1', 0.13522814), ('TP8', 0.13381651), ('C4', 0.13284101), ('Fz', 0.13279989)]
[2026-05-29 23:13:16]     spatial_update=delta_l2=1.20565445 max_abs=0.29920618 relative=1.01020147 changed=True

[2026-05-29 23:13:17] Fold 2/5 | subject=41
[2026-05-29 23:13:17]     Train: 32 | counts=[16, 16]
[2026-05-29 23:13:17]     Test:  8 | counts=[4, 4]
[2026-05-29 23:13:17]     Model: SignalJEPA_PreLocal | Pretrained: from_pretrained | Strategy: new
[2026-05-29 23:13:17]     Normalization: none | fit_scope=none
[2026-05-29 23:13:17]     Phase 1 (new): 2,170/16,010 params
[2026-05-29 23:13:18]     Result | best_epoch=66 | stop=109 | final_phase_epochs=109 | acc=0.7500 | bal_acc=0.7500 | pred_hist=[6, 2] | collapse=False
[2026-05-29 23:13:18]     spatial_conv=[4, 29] top_abs_channels=[('Pz', 0.15779614), ('Fz', 0.14503609), ('O2', 0.14458151), ('T4', 0.12535912), ('T3', 0.12373309), ('Cz', 0.12216466), ('FCz', 0.11918817), ('CP3', 0.11667322)]
[2026-05-29 23:13:18]     spatial_update=delta_l2=0.44490220 max_abs=0.13926636 relative=0.37277751 changed=True

[2026-05-29 23:13:19] Fold 3/5 | subject=41
[2026-05-29 23:13:19]     Train: 32 | counts=[16, 16]
[2026-05-29 23:13:19]     Test:  8 | counts=[4, 4]
[2026-05-29 23:13:19]     Model: SignalJEPA_PreLocal | Pretrained: from_pretrained | Strategy: new
[2026-05-29 23:13:19]     Normalization: none | fit_scope=none
[2026-05-29 23:13:19]     Phase 1 (new): 2,170/16,010 params
[2026-05-29 23:13:19]     Result | best_epoch=1 | stop=51 | final_phase_epochs=51 | acc=0.5000 | bal_acc=0.5000 | pred_hist=[0, 8] | collapse=True
[2026-05-29 23:13:19]     spatial_conv=[4, 29] top_abs_channels=[('Pz', 0.15321878), ('O2', 0.14451079), ('T3', 0.12626365), ('O1', 0.12208551), ('T4', 0.12143391), ('CP3', 0.12135322), ('C3', 0.11482137), ('CP4', 0.11178867)]
[2026-05-29 23:13:19]     spatial_update=delta_l2=0.01104878 max_abs=0.00224527 relative=0.00925762 changed=True

[2026-05-29 23:13:20] Fold 4/5 | subject=41
[2026-05-29 23:13:20]     Train: 32 | counts=[16, 16]
[2026-05-29 23:13:20]     Test:  8 | counts=[4, 4]
[2026-05-29 23:13:20]     Model: SignalJEPA_PreLocal | Pretrained: from_pretrained | Strategy: new
[2026-05-29 23:13:20]     Normalization: none | fit_scope=none
[2026-05-29 23:13:20]     Phase 1 (new): 2,170/16,010 params
[2026-05-29 23:13:21]     Result | best_epoch=11 | stop=55 | final_phase_epochs=55 | acc=0.5000 | bal_acc=0.5000 | pred_hist=[0, 8] | collapse=True
[2026-05-29 23:13:21]     spatial_conv=[4, 29] top_abs_channels=[('Pz', 0.15549812), ('O2', 0.14192095), ('T4', 0.12459292), ('T3', 0.12396653), ('O1', 0.12340422), ('CP3', 0.12292159), ('Fp1', 0.11470778), ('C3', 0.11447902)]
[2026-05-29 23:13:21]     spatial_update=delta_l2=0.05340263 max_abs=0.00980337 relative=0.04474534 changed=True

[2026-05-29 23:13:21] Fold 5/5 | subject=41
[2026-05-29 23:13:21]     Train: 32 | counts=[16, 16]
[2026-05-29 23:13:21]     Test:  8 | counts=[4, 4]
[2026-05-29 23:13:21]     Model: SignalJEPA_PreLocal | Pretrained: from_pretrained | Strategy: new
[2026-05-29 23:13:21]     Normalization: none | fit_scope=none
[2026-05-29 23:13:21]     Phase 1 (new): 2,170/16,010 params
[2026-05-29 23:13:22]     Result | best_epoch=1 | stop=51 | final_phase_epochs=51 | acc=0.5000 | bal_acc=0.5000 | pred_hist=[0, 8] | collapse=True
[2026-05-29 23:13:22]     spatial_conv=[4, 29] top_abs_channels=[('Pz', 0.15301687), ('O2', 0.14374563), ('T3', 0.12622811), ('T4', 0.12299687), ('CP3', 0.12172487), ('O1', 0.12145368), ('C3', 0.11478023), ('CP4', 0.11151282)]
[2026-05-29 23:13:22]     spatial_update=delta_l2=0.01465795 max_abs=0.00237356 relative=0.01228170 changed=True
[2026-05-29 23:13:22]   Subject 41: acc=0.5750±0.1000  bal_acc=0.5750±0.1000
[2026-05-29 23:13:22] \nSubject 42: 40 windows | class_counts=[20, 20]

[2026-05-29 23:13:22] Fold 1/5 | subject=42
[2026-05-29 23:13:22]     Train: 32 | counts=[16, 16]
[2026-05-29 23:13:22]     Test:  8 | counts=[4, 4]
[2026-05-29 23:13:22]     Model: SignalJEPA_PreLocal | Pretrained: from_pretrained | Strategy: new
[2026-05-29 23:13:22]     Normalization: none | fit_scope=none
[2026-05-29 23:13:22]     Phase 1 (new): 2,170/16,010 params
[2026-05-29 23:13:29]     Result | best_epoch=500 | stop=550 | final_phase_epochs=550 | acc=0.5000 | bal_acc=0.5000 | pred_hist=[2, 6] | collapse=False
[2026-05-29 23:13:29]     spatial_conv=[4, 29] top_abs_channels=[('C4', 0.152227), ('CP3', 0.1460426), ('Fp1', 0.14464223), ('T4', 0.13479343), ('P4', 0.12999462), ('FT8', 0.12562039), ('FC3', 0.11636275), ('Pz', 0.11152309)]
[2026-05-29 23:13:29]     spatial_update=delta_l2=1.12568832 max_abs=0.35938886 relative=0.94319894 changed=True

[2026-05-29 23:13:30] Fold 2/5 | subject=42
[2026-05-29 23:13:30]     Train: 32 | counts=[16, 16]
[2026-05-29 23:13:30]     Test:  8 | counts=[4, 4]
[2026-05-29 23:13:30]     Model: SignalJEPA_PreLocal | Pretrained: from_pretrained | Strategy: new
[2026-05-29 23:13:30]     Normalization: none | fit_scope=none
[2026-05-29 23:13:30]     Phase 1 (new): 2,170/16,010 params
[2026-05-29 23:13:42]     Result | best_epoch=873 | stop=923 | final_phase_epochs=923 | acc=0.6250 | bal_acc=0.6250 | pred_hist=[1, 7] | collapse=False
[2026-05-29 23:13:42]     spatial_conv=[4, 29] top_abs_channels=[('FC3', 0.19129616), ('P4', 0.18130964), ('FT7', 0.17613485), ('C4', 0.15997721), ('FCz', 0.15801519), ('F7', 0.15462655), ('CP3', 0.1428479), ('FT8', 0.13806528)]
[2026-05-29 23:13:42]     spatial_update=delta_l2=1.35893149 max_abs=0.29235622 relative=1.13863022 changed=True

[2026-05-29 23:13:43] Fold 3/5 | subject=42
[2026-05-29 23:13:43]     Train: 32 | counts=[16, 16]
[2026-05-29 23:13:43]     Test:  8 | counts=[4, 4]
[2026-05-29 23:13:43]     Model: SignalJEPA_PreLocal | Pretrained: from_pretrained | Strategy: new
[2026-05-29 23:13:43]     Normalization: none | fit_scope=none
[2026-05-29 23:13:43]     Phase 1 (new): 2,170/16,010 params
[2026-05-29 23:13:43]     Result | best_epoch=1 | stop=51 | final_phase_epochs=51 | acc=0.3750 | bal_acc=0.3750 | pred_hist=[1, 7] | collapse=False
[2026-05-29 23:13:43]     spatial_conv=[4, 29] top_abs_channels=[('Pz', 0.15241611), ('O2', 0.1430295), ('T3', 0.12659506), ('O1', 0.12197798), ('T4', 0.1218736), ('CP3', 0.12173595), ('C3', 0.11539139), ('CP4', 0.11241442)]
[2026-05-29 23:13:43]     spatial_update=delta_l2=0.01306149 max_abs=0.00226828 relative=0.01094405 changed=True

[2026-05-29 23:13:44] Fold 4/5 | subject=42
[2026-05-29 23:13:44]     Train: 32 | counts=[16, 16]
[2026-05-29 23:13:44]     Test:  8 | counts=[4, 4]
[2026-05-29 23:13:44]     Model: SignalJEPA_PreLocal | Pretrained: from_pretrained | Strategy: new
[2026-05-29 23:13:44]     Normalization: none | fit_scope=none
[2026-05-29 23:13:44]     Phase 1 (new): 2,170/16,010 params
[2026-05-29 23:13:44]     Result | best_epoch=1 | stop=51 | final_phase_epochs=51 | acc=0.5000 | bal_acc=0.5000 | pred_hist=[0, 8] | collapse=True
[2026-05-29 23:13:44]     spatial_conv=[4, 29] top_abs_channels=[('Pz', 0.15277629), ('O2', 0.1429507), ('T3', 0.12713738), ('O1', 0.12248153), ('T4', 0.12199868), ('CP3', 0.12165435), ('C3', 0.11511093), ('CP4', 0.11141367)]
[2026-05-29 23:13:44]     spatial_update=delta_l2=0.01180206 max_abs=0.00216809 relative=0.00988879 changed=True

[2026-05-29 23:13:45] Fold 5/5 | subject=42
[2026-05-29 23:13:45]     Train: 32 | counts=[16, 16]
[2026-05-29 23:13:45]     Test:  8 | counts=[4, 4]
[2026-05-29 23:13:45]     Model: SignalJEPA_PreLocal | Pretrained: from_pretrained | Strategy: new
[2026-05-29 23:13:45]     Normalization: none | fit_scope=none
[2026-05-29 23:13:45]     Phase 1 (new): 2,170/16,010 params
[2026-05-29 23:13:50]     Result | best_epoch=321 | stop=371 | final_phase_epochs=371 | acc=0.8750 | bal_acc=0.8750 | pred_hist=[5, 3] | collapse=False
[2026-05-29 23:13:50]     spatial_conv=[4, 29] top_abs_channels=[('TP7', 0.17158943), ('Fz', 0.16147991), ('CP3', 0.15863642), ('Pz', 0.14883411), ('F4', 0.13810568), ('C3', 0.13030453), ('CP4', 0.12141808), ('O2', 0.12087447)]
[2026-05-29 23:13:50]     spatial_update=delta_l2=1.17456399 max_abs=0.32665874 relative=0.98415120 changed=True
[2026-05-29 23:13:50]   Subject 42: acc=0.5750±0.1696  bal_acc=0.5750±0.1696
[2026-05-29 23:13:50] \nSubject 43: 40 windows | class_counts=[20, 20]

[2026-05-29 23:13:50] Fold 1/5 | subject=43
[2026-05-29 23:13:50]     Train: 32 | counts=[16, 16]
[2026-05-29 23:13:50]     Test:  8 | counts=[4, 4]
[2026-05-29 23:13:50]     Model: SignalJEPA_PreLocal | Pretrained: from_pretrained | Strategy: new
[2026-05-29 23:13:50]     Normalization: none | fit_scope=none
[2026-05-29 23:13:50]     Phase 1 (new): 2,170/16,010 params
[2026-05-29 23:13:52]     Result | best_epoch=89 | stop=139 | final_phase_epochs=139 | acc=0.6250 | bal_acc=0.6250 | pred_hist=[5, 3] | collapse=False
[2026-05-29 23:13:52]     spatial_conv=[4, 29] top_abs_channels=[('O2', 0.1770398), ('CP4', 0.17700864), ('Pz', 0.15510133), ('T3', 0.14912598), ('CP3', 0.13742802), ('F7', 0.12614252), ('Fz', 0.11667544), ('T4', 0.11404797)]
[2026-05-29 23:13:52]     spatial_update=delta_l2=0.57045671 max_abs=0.18364246 relative=0.47797792 changed=True

[2026-05-29 23:13:53] Fold 2/5 | subject=43
[2026-05-29 23:13:53]     Train: 32 | counts=[16, 16]
[2026-05-29 23:13:53]     Test:  8 | counts=[4, 4]
[2026-05-29 23:13:53]     Model: SignalJEPA_PreLocal | Pretrained: from_pretrained | Strategy: new
[2026-05-29 23:13:53]     Normalization: none | fit_scope=none
[2026-05-29 23:13:53]     Phase 1 (new): 2,170/16,010 params
[2026-05-29 23:13:53]     Result | best_epoch=1 | stop=51 | final_phase_epochs=51 | acc=0.5000 | bal_acc=0.5000 | pred_hist=[0, 8] | collapse=True
[2026-05-29 23:13:53]     spatial_conv=[4, 29] top_abs_channels=[('Pz', 0.15294319), ('O2', 0.14381526), ('T3', 0.12727723), ('O1', 0.12193402), ('T4', 0.12166487), ('CP3', 0.12129626), ('C3', 0.11595543), ('CP4', 0.11138415)]
[2026-05-29 23:13:53]     spatial_update=delta_l2=0.01066132 max_abs=0.00236157 relative=0.00893298 changed=True

[2026-05-29 23:13:54] Fold 3/5 | subject=43
[2026-05-29 23:13:54]     Train: 32 | counts=[16, 16]
[2026-05-29 23:13:54]     Test:  8 | counts=[4, 4]
[2026-05-29 23:13:54]     Model: SignalJEPA_PreLocal | Pretrained: from_pretrained | Strategy: new
[2026-05-29 23:13:54]     Normalization: none | fit_scope=none
[2026-05-29 23:13:54]     Phase 1 (new): 2,170/16,010 params
[2026-05-29 23:13:54]     Result | best_epoch=1 | stop=51 | final_phase_epochs=51 | acc=0.6250 | bal_acc=0.6250 | pred_hist=[3, 5] | collapse=False
[2026-05-29 23:13:54]     spatial_conv=[4, 29] top_abs_channels=[('Pz', 0.15336862), ('O2', 0.14343236), ('T3', 0.12784971), ('O1', 0.12201118), ('T4', 0.12183668), ('CP3', 0.12143485), ('C3', 0.11599678), ('CP4', 0.11077582)]
[2026-05-29 23:13:54]     spatial_update=delta_l2=0.01305868 max_abs=0.00221630 relative=0.01094169 changed=True

[2026-05-29 23:13:55] Fold 4/5 | subject=43
[2026-05-29 23:13:55]     Train: 32 | counts=[16, 16]
[2026-05-29 23:13:55]     Test:  8 | counts=[4, 4]
[2026-05-29 23:13:55]     Model: SignalJEPA_PreLocal | Pretrained: from_pretrained | Strategy: new
[2026-05-29 23:13:55]     Normalization: none | fit_scope=none
[2026-05-29 23:13:55]     Phase 1 (new): 2,170/16,010 params
[2026-05-29 23:13:55]     Result | best_epoch=1 | stop=51 | final_phase_epochs=51 | acc=0.5000 | bal_acc=0.5000 | pred_hist=[0, 8] | collapse=True
[2026-05-29 23:13:55]     spatial_conv=[4, 29] top_abs_channels=[('Pz', 0.15318595), ('O2', 0.14383826), ('T3', 0.12704401), ('T4', 0.12219222), ('O1', 0.12198027), ('CP3', 0.1202049), ('C3', 0.11587963), ('CP4', 0.11084502)]
[2026-05-29 23:13:55]     spatial_update=delta_l2=0.01181123 max_abs=0.00224406 relative=0.00989647 changed=True

[2026-05-29 23:13:56] Fold 5/5 | subject=43
[2026-05-29 23:13:56]     Train: 32 | counts=[16, 16]
[2026-05-29 23:13:56]     Test:  8 | counts=[4, 4]
[2026-05-29 23:13:56]     Model: SignalJEPA_PreLocal | Pretrained: from_pretrained | Strategy: new
[2026-05-29 23:13:56]     Normalization: none | fit_scope=none
[2026-05-29 23:13:56]     Phase 1 (new): 2,170/16,010 params
[2026-05-29 23:13:57]     Result | best_epoch=1 | stop=51 | final_phase_epochs=51 | acc=0.6250 | bal_acc=0.6250 | pred_hist=[1, 7] | collapse=False
[2026-05-29 23:13:57]     spatial_conv=[4, 29] top_abs_channels=[('Pz', 0.15245429), ('O2', 0.14422719), ('T3', 0.12759519), ('O1', 0.12234212), ('T4', 0.12202665), ('CP3', 0.12167652), ('C3', 0.11628637), ('CP4', 0.11134839)]
[2026-05-29 23:13:57]     spatial_update=delta_l2=0.01099385 max_abs=0.00212257 relative=0.00921160 changed=True
[2026-05-29 23:13:57]   Subject 43: acc=0.5750±0.0612  bal_acc=0.5750±0.0612
[2026-05-29 23:13:57] \nSubject 44: 40 windows | class_counts=[20, 20]

[2026-05-29 23:13:57] Fold 1/5 | subject=44
[2026-05-29 23:13:57]     Train: 32 | counts=[16, 16]
[2026-05-29 23:13:57]     Test:  8 | counts=[4, 4]
[2026-05-29 23:13:57]     Model: SignalJEPA_PreLocal | Pretrained: from_pretrained | Strategy: new
[2026-05-29 23:13:57]     Normalization: none | fit_scope=none
[2026-05-29 23:13:57]     Phase 1 (new): 2,170/16,010 params
[2026-05-29 23:14:04]     Result | best_epoch=496 | stop=546 | final_phase_epochs=546 | acc=0.7500 | bal_acc=0.7500 | pred_hist=[6, 2] | collapse=False
[2026-05-29 23:14:04]     spatial_conv=[4, 29] top_abs_channels=[('F3', 0.22259869), ('P4', 0.1661175), ('FT8', 0.15960132), ('O2', 0.14428751), ('FC3', 0.14307331), ('T5', 0.13607949), ('CP3', 0.12552086), ('C3', 0.12448674)]
[2026-05-29 23:14:04]     spatial_update=delta_l2=1.15910332 max_abs=0.38439694 relative=0.97119691 changed=True

[2026-05-29 23:14:05] Fold 2/5 | subject=44
[2026-05-29 23:14:05]     Train: 32 | counts=[16, 16]
[2026-05-29 23:14:05]     Test:  8 | counts=[4, 4]
[2026-05-29 23:14:05]     Model: SignalJEPA_PreLocal | Pretrained: from_pretrained | Strategy: new
[2026-05-29 23:14:05]     Normalization: none | fit_scope=none
[2026-05-29 23:14:05]     Phase 1 (new): 2,170/16,010 params
[2026-05-29 23:14:11]     Result | best_epoch=388 | stop=438 | final_phase_epochs=438 | acc=0.7500 | bal_acc=0.7500 | pred_hist=[2, 6] | collapse=False
[2026-05-29 23:14:11]     spatial_conv=[4, 29] top_abs_channels=[('F3', 0.2146619), ('P4', 0.1682027), ('FT8', 0.15830728), ('FCz', 0.15261474), ('T5', 0.14852656), ('FC4', 0.14687172), ('CP3', 0.13173585), ('C4', 0.12828976)]
[2026-05-29 23:14:11]     spatial_update=delta_l2=1.36851186 max_abs=0.39668638 relative=1.14665749 changed=True

[2026-05-29 23:14:11] Fold 3/5 | subject=44
[2026-05-29 23:14:11]     Train: 32 | counts=[16, 16]
[2026-05-29 23:14:11]     Test:  8 | counts=[4, 4]
[2026-05-29 23:14:11]     Model: SignalJEPA_PreLocal | Pretrained: from_pretrained | Strategy: new
[2026-05-29 23:14:11]     Normalization: none | fit_scope=none
[2026-05-29 23:14:11]     Phase 1 (new): 2,170/16,010 params
[2026-05-29 23:14:15]     Result | best_epoch=203 | stop=253 | final_phase_epochs=253 | acc=0.5000 | bal_acc=0.5000 | pred_hist=[4, 4] | collapse=False
[2026-05-29 23:14:15]     spatial_conv=[4, 29] top_abs_channels=[('F3', 0.18691404), ('Fp1', 0.14022523), ('P4', 0.13368817), ('FT7', 0.12752575), ('FT8', 0.12404411), ('Cz', 0.1238317), ('CP3', 0.11290771), ('F7', 0.10444574)]
[2026-05-29 23:14:15]     spatial_update=delta_l2=0.97741578 max_abs=0.28813811 relative=0.81896339 changed=True

[2026-05-29 23:14:15] Fold 4/5 | subject=44
[2026-05-29 23:14:15]     Train: 32 | counts=[16, 16]
[2026-05-29 23:14:15]     Test:  8 | counts=[4, 4]
[2026-05-29 23:14:15]     Model: SignalJEPA_PreLocal | Pretrained: from_pretrained | Strategy: new
[2026-05-29 23:14:15]     Normalization: none | fit_scope=none
[2026-05-29 23:14:15]     Phase 1 (new): 2,170/16,010 params
[2026-05-29 23:14:16]     Result | best_epoch=1 | stop=51 | final_phase_epochs=51 | acc=0.5000 | bal_acc=0.5000 | pred_hist=[0, 8] | collapse=True
[2026-05-29 23:14:16]     spatial_conv=[4, 29] top_abs_channels=[('Pz', 0.15415753), ('O2', 0.1429124), ('T3', 0.1261937), ('O1', 0.12265028), ('T4', 0.12215502), ('CP3', 0.11954977), ('C3', 0.11493272), ('Fp1', 0.11128683)]
[2026-05-29 23:14:16]     spatial_update=delta_l2=0.01476562 max_abs=0.00230135 relative=0.01237191 changed=True

[2026-05-29 23:14:16] Fold 5/5 | subject=44
[2026-05-29 23:14:16]     Train: 32 | counts=[16, 16]
[2026-05-29 23:14:16]     Test:  8 | counts=[4, 4]
[2026-05-29 23:14:16]     Model: SignalJEPA_PreLocal | Pretrained: from_pretrained | Strategy: new
[2026-05-29 23:14:16]     Normalization: none | fit_scope=none
[2026-05-29 23:14:16]     Phase 1 (new): 2,170/16,010 params
[2026-05-29 23:14:17]     Result | best_epoch=16 | stop=63 | final_phase_epochs=63 | acc=0.8750 | bal_acc=0.8750 | pred_hist=[3, 5] | collapse=False
[2026-05-29 23:14:17]     spatial_conv=[4, 29] top_abs_channels=[('Pz', 0.15040007), ('O2', 0.13759786), ('C3', 0.12381473), ('T3', 0.1201622), ('O1', 0.11845666), ('T4', 0.11671072), ('CP3', 0.11591576), ('Fp1', 0.11507439)]
[2026-05-29 23:14:17]     spatial_update=delta_l2=0.10342108 max_abs=0.02396180 relative=0.08665512 changed=True
[2026-05-29 23:14:17]   Subject 44: acc=0.6750±0.1500  bal_acc=0.6750±0.1500
[2026-05-29 23:14:17] \nSubject 45: 40 windows | class_counts=[20, 20]

[2026-05-29 23:14:18] Fold 1/5 | subject=45
[2026-05-29 23:14:18]     Train: 32 | counts=[16, 16]
[2026-05-29 23:14:18]     Test:  8 | counts=[4, 4]
[2026-05-29 23:14:18]     Model: SignalJEPA_PreLocal | Pretrained: from_pretrained | Strategy: new
[2026-05-29 23:14:18]     Normalization: none | fit_scope=none
[2026-05-29 23:14:18]     Phase 1 (new): 2,170/16,010 params
[2026-05-29 23:14:33]     Result | best_epoch=1160 | stop=1210 | final_phase_epochs=1210 | acc=0.8750 | bal_acc=0.8750 | pred_hist=[5, 3] | collapse=False
[2026-05-29 23:14:33]     spatial_conv=[4, 29] top_abs_channels=[('C3', 0.17789748), ('T5', 0.16815537), ('P3', 0.15452468), ('O2', 0.15394537), ('FC3', 0.13817449), ('C4', 0.12596917), ('F3', 0.12586761), ('F4', 0.12514448)]
[2026-05-29 23:14:33]     spatial_update=delta_l2=1.43263909 max_abs=0.39851998 relative=1.20038882 changed=True

[2026-05-29 23:14:34] Fold 2/5 | subject=45
[2026-05-29 23:14:34]     Train: 32 | counts=[16, 16]
[2026-05-29 23:14:34]     Test:  8 | counts=[4, 4]
[2026-05-29 23:14:34]     Model: SignalJEPA_PreLocal | Pretrained: from_pretrained | Strategy: new
[2026-05-29 23:14:34]     Normalization: none | fit_scope=none
[2026-05-29 23:14:34]     Phase 1 (new): 2,170/16,010 params
[2026-05-29 23:14:37]     Result | best_epoch=142 | stop=192 | final_phase_epochs=192 | acc=0.8750 | bal_acc=0.8750 | pred_hist=[3, 5] | collapse=False
[2026-05-29 23:14:37]     spatial_conv=[4, 29] top_abs_channels=[('C3', 0.20551908), ('T5', 0.16354507), ('O2', 0.15751025), ('F3', 0.13561273), ('C4', 0.1306722), ('P4', 0.12649834), ('Oz', 0.12464316), ('F4', 0.12076749)]
[2026-05-29 23:14:37]     spatial_update=delta_l2=0.93619658 max_abs=0.24642838 relative=0.78442639 changed=True

[2026-05-29 23:14:37] Fold 3/5 | subject=45
[2026-05-29 23:14:37]     Train: 32 | counts=[16, 16]
[2026-05-29 23:14:37]     Test:  8 | counts=[4, 4]
[2026-05-29 23:14:37]     Model: SignalJEPA_PreLocal | Pretrained: from_pretrained | Strategy: new
[2026-05-29 23:14:37]     Normalization: none | fit_scope=none
[2026-05-29 23:14:37]     Phase 1 (new): 2,170/16,010 params
[2026-05-29 23:14:39]     Result | best_epoch=113 | stop=163 | final_phase_epochs=163 | acc=1.0000 | bal_acc=1.0000 | pred_hist=[4, 4] | collapse=False
[2026-05-29 23:14:39]     spatial_conv=[4, 29] top_abs_channels=[('P4', 0.18055233), ('O2', 0.16365148), ('F4', 0.15212537), ('C4', 0.14142264), ('T5', 0.14019708), ('C3', 0.13853768), ('CP3', 0.12441131), ('T6', 0.10780895)]
[2026-05-29 23:14:39]     spatial_update=delta_l2=0.86449075 max_abs=0.20051346 relative=0.72434504 changed=True

[2026-05-29 23:14:40] Fold 4/5 | subject=45
[2026-05-29 23:14:40]     Train: 32 | counts=[16, 16]
[2026-05-29 23:14:40]     Test:  8 | counts=[4, 4]
[2026-05-29 23:14:40]     Model: SignalJEPA_PreLocal | Pretrained: from_pretrained | Strategy: new
[2026-05-29 23:14:40]     Normalization: none | fit_scope=none
[2026-05-29 23:14:40]     Phase 1 (new): 2,170/16,010 params
[2026-05-29 23:14:43]     Result | best_epoch=172 | stop=222 | final_phase_epochs=222 | acc=0.8750 | bal_acc=0.8750 | pred_hist=[3, 5] | collapse=False
[2026-05-29 23:14:43]     spatial_conv=[4, 29] top_abs_channels=[('FCz', 0.18838707), ('CP3', 0.15488356), ('C4', 0.15158346), ('CP4', 0.14311963), ('P3', 0.13284084), ('T5', 0.129803), ('C3', 0.12821653), ('O2', 0.12442446)]
[2026-05-29 23:14:43]     spatial_update=delta_l2=0.98464425 max_abs=0.28290015 relative=0.82502004 changed=True

[2026-05-29 23:14:43] Fold 5/5 | subject=45
[2026-05-29 23:14:43]     Train: 32 | counts=[16, 16]
[2026-05-29 23:14:43]     Test:  8 | counts=[4, 4]
[2026-05-29 23:14:43]     Model: SignalJEPA_PreLocal | Pretrained: from_pretrained | Strategy: new
[2026-05-29 23:14:43]     Normalization: none | fit_scope=none
[2026-05-29 23:14:43]     Phase 1 (new): 2,170/16,010 params
[2026-05-29 23:14:45]     Result | best_epoch=109 | stop=159 | final_phase_epochs=159 | acc=0.5000 | bal_acc=0.5000 | pred_hist=[4, 4] | collapse=False
[2026-05-29 23:14:45]     spatial_conv=[4, 29] top_abs_channels=[('C3', 0.21431455), ('O2', 0.16772538), ('Fz', 0.14280118), ('CP4', 0.13829595), ('T5', 0.13195688), ('FT7', 0.11832826), ('F4', 0.11814349), ('Oz', 0.11245042)]
[2026-05-29 23:14:45]     spatial_update=delta_l2=0.91213714 max_abs=0.24300327 relative=0.76426731 changed=True
[2026-05-29 23:14:45]   Subject 45: acc=0.8250±0.1696  bal_acc=0.8250±0.1696
[2026-05-29 23:14:45] \nSubject 46: 40 windows | class_counts=[20, 20]

[2026-05-29 23:14:46] Fold 1/5 | subject=46
[2026-05-29 23:14:46]     Train: 32 | counts=[16, 16]
[2026-05-29 23:14:46]     Test:  8 | counts=[4, 4]
[2026-05-29 23:14:46]     Model: SignalJEPA_PreLocal | Pretrained: from_pretrained | Strategy: new
[2026-05-29 23:14:46]     Normalization: none | fit_scope=none
[2026-05-29 23:14:46]     Phase 1 (new): 2,170/16,010 params
[2026-05-29 23:15:09]     Result | best_epoch=1762 | stop=1812 | final_phase_epochs=1812 | acc=0.7500 | bal_acc=0.7500 | pred_hist=[2, 6] | collapse=False
[2026-05-29 23:15:09]     spatial_conv=[4, 29] top_abs_channels=[('TP8', 0.27130917), ('T6', 0.16415596), ('O1', 0.15986921), ('P4', 0.14357625), ('P3', 0.13249584), ('T3', 0.13217282), ('Oz', 0.10377849), ('C4', 0.10186534)]
[2026-05-29 23:15:09]     spatial_update=delta_l2=1.36566671 max_abs=0.37838405 relative=1.14427357 changed=True

[2026-05-29 23:15:10] Fold 2/5 | subject=46
[2026-05-29 23:15:10]     Train: 32 | counts=[16, 16]
[2026-05-29 23:15:10]     Test:  8 | counts=[4, 4]
[2026-05-29 23:15:10]     Model: SignalJEPA_PreLocal | Pretrained: from_pretrained | Strategy: new
[2026-05-29 23:15:10]     Normalization: none | fit_scope=none
[2026-05-29 23:15:10]     Phase 1 (new): 2,170/16,010 params
[2026-05-29 23:15:11]     Result | best_epoch=1 | stop=51 | final_phase_epochs=51 | acc=0.5000 | bal_acc=0.5000 | pred_hist=[0, 8] | collapse=True
[2026-05-29 23:15:11]     spatial_conv=[4, 29] top_abs_channels=[('Pz', 0.15292695), ('O2', 0.1444868), ('T3', 0.12690336), ('T4', 0.12213793), ('O1', 0.12164136), ('CP3', 0.12117202), ('C3', 0.11628994), ('CP4', 0.11141896)]
[2026-05-29 23:15:11]     spatial_update=delta_l2=0.01178051 max_abs=0.00215753 relative=0.00987073 changed=True

[2026-05-29 23:15:11] Fold 3/5 | subject=46
[2026-05-29 23:15:11]     Train: 32 | counts=[16, 16]
[2026-05-29 23:15:11]     Test:  8 | counts=[4, 4]
[2026-05-29 23:15:11]     Model: SignalJEPA_PreLocal | Pretrained: from_pretrained | Strategy: new
[2026-05-29 23:15:11]     Normalization: none | fit_scope=none
[2026-05-29 23:15:11]     Phase 1 (new): 2,170/16,010 params
[2026-05-29 23:15:15]     Result | best_epoch=262 | stop=312 | final_phase_epochs=312 | acc=0.5000 | bal_acc=0.5000 | pred_hist=[6, 2] | collapse=False
[2026-05-29 23:15:15]     spatial_conv=[4, 29] top_abs_channels=[('TP8', 0.21101172), ('FT7', 0.15330207), ('C4', 0.14125472), ('P4', 0.135809), ('T3', 0.13543031), ('F8', 0.11807346), ('O1', 0.11783484), ('O2', 0.10592511)]
[2026-05-29 23:15:15]     spatial_update=delta_l2=1.08297518 max_abs=0.27346219 relative=0.90741019 changed=True

[2026-05-29 23:15:16] Fold 4/5 | subject=46
[2026-05-29 23:15:16]     Train: 32 | counts=[16, 16]
[2026-05-29 23:15:16]     Test:  8 | counts=[4, 4]
[2026-05-29 23:15:16]     Model: SignalJEPA_PreLocal | Pretrained: from_pretrained | Strategy: new
[2026-05-29 23:15:16]     Normalization: none | fit_scope=none
[2026-05-29 23:15:16]     Phase 1 (new): 2,170/16,010 params
[2026-05-29 23:15:19]     Result | best_epoch=166 | stop=216 | final_phase_epochs=216 | acc=0.6250 | bal_acc=0.6250 | pred_hist=[5, 3] | collapse=False
[2026-05-29 23:15:19]     spatial_conv=[4, 29] top_abs_channels=[('Oz', 0.16836907), ('TP8', 0.1617837), ('CP3', 0.15074959), ('O2', 0.14645226), ('O1', 0.13937195), ('TP7', 0.1293011), ('FT8', 0.117938), ('C4', 0.11649776)]
[2026-05-29 23:15:19]     spatial_update=delta_l2=0.90746286 max_abs=0.18725372 relative=0.76035079 changed=True

[2026-05-29 23:15:19] Fold 5/5 | subject=46
[2026-05-29 23:15:19]     Train: 32 | counts=[16, 16]
[2026-05-29 23:15:19]     Test:  8 | counts=[4, 4]
[2026-05-29 23:15:19]     Model: SignalJEPA_PreLocal | Pretrained: from_pretrained | Strategy: new
[2026-05-29 23:15:19]     Normalization: none | fit_scope=none
[2026-05-29 23:15:19]     Phase 1 (new): 2,170/16,010 params
[2026-05-29 23:15:24]     Result | best_epoch=345 | stop=395 | final_phase_epochs=395 | acc=0.8750 | bal_acc=0.8750 | pred_hist=[5, 3] | collapse=False
[2026-05-29 23:15:24]     spatial_conv=[4, 29] top_abs_channels=[('TP8', 0.17396577), ('FC4', 0.15634425), ('O1', 0.14010979), ('F8', 0.13729241), ('CP4', 0.13586022), ('P4', 0.13135138), ('TP7', 0.11760515), ('T3', 0.11746535)]
[2026-05-29 23:15:24]     spatial_update=delta_l2=1.20662265 max_abs=0.31384794 relative=1.01101272 changed=True
[2026-05-29 23:15:24]   Subject 46: acc=0.6500±0.1458  bal_acc=0.6500±0.1458
[2026-05-29 23:15:24] \nSubject 47: 40 windows | class_counts=[20, 20]

[2026-05-29 23:15:25] Fold 1/5 | subject=47
[2026-05-29 23:15:25]     Train: 32 | counts=[16, 16]
[2026-05-29 23:15:25]     Test:  8 | counts=[4, 4]
[2026-05-29 23:15:25]     Model: SignalJEPA_PreLocal | Pretrained: from_pretrained | Strategy: new
[2026-05-29 23:15:25]     Normalization: none | fit_scope=none
[2026-05-29 23:15:25]     Phase 1 (new): 2,170/16,010 params
[2026-05-29 23:15:26]     Result | best_epoch=1 | stop=51 | final_phase_epochs=51 | acc=0.5000 | bal_acc=0.5000 | pred_hist=[0, 8] | collapse=True
[2026-05-29 23:15:26]     spatial_conv=[4, 29] top_abs_channels=[('Pz', 0.15318204), ('O2', 0.14449695), ('T3', 0.12680751), ('O1', 0.12257216), ('T4', 0.12127364), ('CP3', 0.12070196), ('C3', 0.11554825), ('CP4', 0.11105525)]
[2026-05-29 23:15:26]     spatial_update=delta_l2=0.01160695 max_abs=0.00230089 relative=0.00972531 changed=True

[2026-05-29 23:15:26] Fold 2/5 | subject=47
[2026-05-29 23:15:26]     Train: 32 | counts=[16, 16]
[2026-05-29 23:15:26]     Test:  8 | counts=[4, 4]
[2026-05-29 23:15:26]     Model: SignalJEPA_PreLocal | Pretrained: from_pretrained | Strategy: new
[2026-05-29 23:15:26]     Normalization: none | fit_scope=none
[2026-05-29 23:15:26]     Phase 1 (new): 2,170/16,010 params
[2026-05-29 23:15:27]     Result | best_epoch=1 | stop=51 | final_phase_epochs=51 | acc=0.5000 | bal_acc=0.5000 | pred_hist=[0, 8] | collapse=True
[2026-05-29 23:15:27]     spatial_conv=[4, 29] top_abs_channels=[('Pz', 0.15220851), ('O2', 0.14377391), ('T3', 0.12684792), ('O1', 0.12247668), ('CP3', 0.12210533), ('T4', 0.12130363), ('C3', 0.11591648), ('CP4', 0.11149656)]
[2026-05-29 23:15:27]     spatial_update=delta_l2=0.01154590 max_abs=0.00218434 relative=0.00967415 changed=True

[2026-05-29 23:15:27] Fold 3/5 | subject=47
[2026-05-29 23:15:27]     Train: 32 | counts=[16, 16]
[2026-05-29 23:15:27]     Test:  8 | counts=[4, 4]
[2026-05-29 23:15:27]     Model: SignalJEPA_PreLocal | Pretrained: from_pretrained | Strategy: new
[2026-05-29 23:15:27]     Normalization: none | fit_scope=none
[2026-05-29 23:15:27]     Phase 1 (new): 2,170/16,010 params
[2026-05-29 23:15:28]     Result | best_epoch=1 | stop=51 | final_phase_epochs=51 | acc=0.5000 | bal_acc=0.5000 | pred_hist=[0, 8] | collapse=True
[2026-05-29 23:15:28]     spatial_conv=[4, 29] top_abs_channels=[('Pz', 0.1534726), ('O2', 0.14336514), ('T3', 0.12639681), ('O1', 0.12270242), ('T4', 0.12119244), ('CP3', 0.12110473), ('C3', 0.11600639), ('CP4', 0.11126876)]
[2026-05-29 23:15:28]     spatial_update=delta_l2=0.01185824 max_abs=0.00212783 relative=0.00993586 changed=True

[2026-05-29 23:15:28] Fold 4/5 | subject=47
[2026-05-29 23:15:28]     Train: 32 | counts=[16, 16]
[2026-05-29 23:15:28]     Test:  8 | counts=[4, 4]
[2026-05-29 23:15:28]     Model: SignalJEPA_PreLocal | Pretrained: from_pretrained | Strategy: new
[2026-05-29 23:15:28]     Normalization: none | fit_scope=none
[2026-05-29 23:15:28]     Phase 1 (new): 2,170/16,010 params
[2026-05-29 23:15:29]     Result | best_epoch=2 | stop=51 | final_phase_epochs=51 | acc=0.5000 | bal_acc=0.5000 | pred_hist=[0, 8] | collapse=True
[2026-05-29 23:15:29]     spatial_conv=[4, 29] top_abs_channels=[('Pz', 0.15343936), ('O2', 0.14401557), ('T3', 0.12686101), ('O1', 0.12286825), ('T4', 0.12111095), ('CP3', 0.12092069), ('C3', 0.11495925), ('CP4', 0.11153092)]
[2026-05-29 23:15:29]     spatial_update=delta_l2=0.01162018 max_abs=0.00234635 relative=0.00973639 changed=True

[2026-05-29 23:15:30] Fold 5/5 | subject=47
[2026-05-29 23:15:30]     Train: 32 | counts=[16, 16]
[2026-05-29 23:15:30]     Test:  8 | counts=[4, 4]
[2026-05-29 23:15:30]     Model: SignalJEPA_PreLocal | Pretrained: from_pretrained | Strategy: new
[2026-05-29 23:15:30]     Normalization: none | fit_scope=none
[2026-05-29 23:15:30]     Phase 1 (new): 2,170/16,010 params
[2026-05-29 23:15:30]     Result | best_epoch=1 | stop=51 | final_phase_epochs=51 | acc=0.5000 | bal_acc=0.5000 | pred_hist=[0, 8] | collapse=True
[2026-05-29 23:15:30]     spatial_conv=[4, 29] top_abs_channels=[('Pz', 0.1530531), ('O2', 0.14476536), ('T3', 0.1273264), ('O1', 0.12245952), ('T4', 0.12194231), ('CP3', 0.12039065), ('C3', 0.11540878), ('Fp1', 0.11059944)]
[2026-05-29 23:15:30]     spatial_update=delta_l2=0.01264954 max_abs=0.00223753 relative=0.01059888 changed=True
[2026-05-29 23:15:30]   Subject 47: acc=0.5000±0.0000  bal_acc=0.5000±0.0000
[2026-05-29 23:15:30] \nSubject 48: 40 windows | class_counts=[20, 20]

[2026-05-29 23:15:31] Fold 1/5 | subject=48
[2026-05-29 23:15:31]     Train: 32 | counts=[16, 16]
[2026-05-29 23:15:31]     Test:  8 | counts=[4, 4]
[2026-05-29 23:15:31]     Model: SignalJEPA_PreLocal | Pretrained: from_pretrained | Strategy: new
[2026-05-29 23:15:31]     Normalization: none | fit_scope=none
[2026-05-29 23:15:31]     Phase 1 (new): 2,170/16,010 params
[2026-05-29 23:15:31]     Result | best_epoch=1 | stop=51 | final_phase_epochs=51 | acc=0.5000 | bal_acc=0.5000 | pred_hist=[0, 8] | collapse=True
[2026-05-29 23:15:31]     spatial_conv=[4, 29] top_abs_channels=[('Pz', 0.15219301), ('O2', 0.14509563), ('T3', 0.12632352), ('T4', 0.12258059), ('O1', 0.12172957), ('CP3', 0.12159826), ('C3', 0.11567739), ('CP4', 0.11144457)]
[2026-05-29 23:15:31]     spatial_update=delta_l2=0.01452678 max_abs=0.00223425 relative=0.01217179 changed=True

[2026-05-29 23:15:32] Fold 2/5 | subject=48
[2026-05-29 23:15:32]     Train: 32 | counts=[16, 16]
[2026-05-29 23:15:32]     Test:  8 | counts=[4, 4]
[2026-05-29 23:15:32]     Model: SignalJEPA_PreLocal | Pretrained: from_pretrained | Strategy: new
[2026-05-29 23:15:32]     Normalization: none | fit_scope=none
[2026-05-29 23:15:32]     Phase 1 (new): 2,170/16,010 params
[2026-05-29 23:15:41]     Result | best_epoch=623 | stop=673 | final_phase_epochs=673 | acc=0.6250 | bal_acc=0.6250 | pred_hist=[5, 3] | collapse=False
[2026-05-29 23:15:41]     spatial_conv=[4, 29] top_abs_channels=[('CP3', 0.2526716), ('O2', 0.19441035), ('C3', 0.18633361), ('Cz', 0.18378073), ('C4', 0.1517446), ('Pz', 0.12942034), ('CP4', 0.12676059), ('O1', 0.12016585)]
[2026-05-29 23:15:41]     spatial_update=delta_l2=1.28124722 max_abs=0.35038215 relative=1.07353963 changed=True

[2026-05-29 23:15:41] Fold 3/5 | subject=48
[2026-05-29 23:15:41]     Train: 32 | counts=[16, 16]
[2026-05-29 23:15:41]     Test:  8 | counts=[4, 4]
[2026-05-29 23:15:41]     Model: SignalJEPA_PreLocal | Pretrained: from_pretrained | Strategy: new
[2026-05-29 23:15:41]     Normalization: none | fit_scope=none
[2026-05-29 23:15:41]     Phase 1 (new): 2,170/16,010 params
[2026-05-29 23:15:42]     Result | best_epoch=1 | stop=51 | final_phase_epochs=51 | acc=0.5000 | bal_acc=0.5000 | pred_hist=[0, 8] | collapse=True
[2026-05-29 23:15:42]     spatial_conv=[4, 29] top_abs_channels=[('Pz', 0.15212458), ('O2', 0.14471127), ('T3', 0.12611543), ('T4', 0.12266743), ('CP3', 0.12175189), ('O1', 0.12174418), ('C3', 0.11458233), ('CP4', 0.11148822)]
[2026-05-29 23:15:42]     spatial_update=delta_l2=0.01329942 max_abs=0.00223768 relative=0.01114340 changed=True

[2026-05-29 23:15:42] Fold 4/5 | subject=48
[2026-05-29 23:15:42]     Train: 32 | counts=[16, 16]
[2026-05-29 23:15:42]     Test:  8 | counts=[4, 4]
[2026-05-29 23:15:42]     Model: SignalJEPA_PreLocal | Pretrained: from_pretrained | Strategy: new
[2026-05-29 23:15:42]     Normalization: none | fit_scope=none
[2026-05-29 23:15:42]     Phase 1 (new): 2,170/16,010 params
[2026-05-29 23:15:43]     Result | best_epoch=1 | stop=51 | final_phase_epochs=51 | acc=0.6250 | bal_acc=0.6250 | pred_hist=[1, 7] | collapse=False
[2026-05-29 23:15:43]     spatial_conv=[4, 29] top_abs_channels=[('Pz', 0.15221131), ('O2', 0.14513598), ('T3', 0.12581594), ('T4', 0.12254661), ('CP3', 0.12146249), ('O1', 0.12142188), ('C3', 0.11560565), ('CP4', 0.11113501)]
[2026-05-29 23:15:43]     spatial_update=delta_l2=0.01495822 max_abs=0.00237414 relative=0.01253329 changed=True

[2026-05-29 23:15:44] Fold 5/5 | subject=48
[2026-05-29 23:15:44]     Train: 32 | counts=[16, 16]
[2026-05-29 23:15:44]     Test:  8 | counts=[4, 4]
[2026-05-29 23:15:44]     Model: SignalJEPA_PreLocal | Pretrained: from_pretrained | Strategy: new
[2026-05-29 23:15:44]     Normalization: none | fit_scope=none
[2026-05-29 23:15:44]     Phase 1 (new): 2,170/16,010 params
[2026-05-29 23:15:44]     Result | best_epoch=1 | stop=51 | final_phase_epochs=51 | acc=0.5000 | bal_acc=0.5000 | pred_hist=[0, 8] | collapse=True
[2026-05-29 23:15:44]     spatial_conv=[4, 29] top_abs_channels=[('Pz', 0.15225795), ('O2', 0.14509483), ('T3', 0.12717634), ('T4', 0.12239691), ('CP3', 0.12152062), ('O1', 0.1205018), ('C3', 0.11584955), ('CP4', 0.11108186)]
[2026-05-29 23:15:44]     spatial_update=delta_l2=0.01354936 max_abs=0.00235409 relative=0.01135283 changed=True
[2026-05-29 23:15:44]   Subject 48: acc=0.5500±0.0612  bal_acc=0.5500±0.0612
[2026-05-29 23:15:44] \nSubject 49: 40 windows | class_counts=[20, 20]

[2026-05-29 23:15:45] Fold 1/5 | subject=49
[2026-05-29 23:15:45]     Train: 32 | counts=[16, 16]
[2026-05-29 23:15:45]     Test:  8 | counts=[4, 4]
[2026-05-29 23:15:45]     Model: SignalJEPA_PreLocal | Pretrained: from_pretrained | Strategy: new
[2026-05-29 23:15:45]     Normalization: none | fit_scope=none
[2026-05-29 23:15:45]     Phase 1 (new): 2,170/16,010 params
[2026-05-29 23:15:45]     Result | best_epoch=4 | stop=51 | final_phase_epochs=51 | acc=0.5000 | bal_acc=0.5000 | pred_hist=[0, 8] | collapse=True
[2026-05-29 23:15:45]     spatial_conv=[4, 29] top_abs_channels=[('Pz', 0.15276682), ('O2', 0.14395951), ('T3', 0.125682), ('T4', 0.12274866), ('CP3', 0.12175202), ('O1', 0.12173427), ('C3', 0.1155475), ('CP4', 0.11128242)]
[2026-05-29 23:15:45]     spatial_update=delta_l2=0.01201128 max_abs=0.00228878 relative=0.01006409 changed=True

[2026-05-29 23:15:46] Fold 2/5 | subject=49
[2026-05-29 23:15:46]     Train: 32 | counts=[16, 16]
[2026-05-29 23:15:46]     Test:  8 | counts=[4, 4]
[2026-05-29 23:15:46]     Model: SignalJEPA_PreLocal | Pretrained: from_pretrained | Strategy: new
[2026-05-29 23:15:46]     Normalization: none | fit_scope=none
[2026-05-29 23:15:46]     Phase 1 (new): 2,170/16,010 params
[2026-05-29 23:15:55]     Result | best_epoch=633 | stop=671 | final_phase_epochs=671 | acc=0.2500 | bal_acc=0.2500 | pred_hist=[6, 2] | collapse=False
[2026-05-29 23:15:55]     spatial_conv=[4, 29] top_abs_channels=[('T3', 0.19148456), ('O2', 0.1705603), ('FT8', 0.16920008), ('C4', 0.15843724), ('Fp1', 0.13573417), ('F4', 0.11954653), ('Oz', 0.10090271), ('P3', 0.09840047)]
[2026-05-29 23:15:55]     spatial_update=delta_l2=0.98954818 max_abs=0.24506413 relative=0.82912897 changed=True

[2026-05-29 23:15:55] Fold 3/5 | subject=49
[2026-05-29 23:15:55]     Train: 32 | counts=[16, 16]
[2026-05-29 23:15:55]     Test:  8 | counts=[4, 4]
[2026-05-29 23:15:55]     Model: SignalJEPA_PreLocal | Pretrained: from_pretrained | Strategy: new
[2026-05-29 23:15:55]     Normalization: none | fit_scope=none
[2026-05-29 23:15:55]     Phase 1 (new): 2,170/16,010 params
[2026-05-29 23:15:56]     Result | best_epoch=24 | stop=72 | final_phase_epochs=72 | acc=0.3750 | bal_acc=0.3750 | pred_hist=[5, 3] | collapse=False
[2026-05-29 23:15:56]     spatial_conv=[4, 29] top_abs_channels=[('O2', 0.15403861), ('Pz', 0.15200986), ('P3', 0.12250148), ('CP4', 0.11886726), ('O1', 0.11568198), ('Fp1', 0.11236802), ('CP3', 0.11135498), ('T4', 0.10794983)]
[2026-05-29 23:15:56]     spatial_update=delta_l2=0.20904996 max_abs=0.04558138 relative=0.17516012 changed=True

[2026-05-29 23:15:57] Fold 4/5 | subject=49
[2026-05-29 23:15:57]     Train: 32 | counts=[16, 16]
[2026-05-29 23:15:57]     Test:  8 | counts=[4, 4]
[2026-05-29 23:15:57]     Model: SignalJEPA_PreLocal | Pretrained: from_pretrained | Strategy: new
[2026-05-29 23:15:57]     Normalization: none | fit_scope=none
[2026-05-29 23:15:57]     Phase 1 (new): 2,170/16,010 params
[2026-05-29 23:15:57]     Result | best_epoch=1 | stop=51 | final_phase_epochs=51 | acc=0.5000 | bal_acc=0.5000 | pred_hist=[0, 8] | collapse=True
[2026-05-29 23:15:57]     spatial_conv=[4, 29] top_abs_channels=[('Pz', 0.15374815), ('O2', 0.14428326), ('T3', 0.12522046), ('T4', 0.12264916), ('O1', 0.1212863), ('CP3', 0.12085305), ('C3', 0.11515661), ('CP4', 0.11141293)]
[2026-05-29 23:15:57]     spatial_update=delta_l2=0.01208331 max_abs=0.00216207 relative=0.01012444 changed=True

[2026-05-29 23:15:58] Fold 5/5 | subject=49
[2026-05-29 23:15:58]     Train: 32 | counts=[16, 16]
[2026-05-29 23:15:58]     Test:  8 | counts=[4, 4]
[2026-05-29 23:15:58]     Model: SignalJEPA_PreLocal | Pretrained: from_pretrained | Strategy: new
[2026-05-29 23:15:58]     Normalization: none | fit_scope=none
[2026-05-29 23:15:58]     Phase 1 (new): 2,170/16,010 params
[2026-05-29 23:15:59]     Result | best_epoch=4 | stop=53 | final_phase_epochs=53 | acc=0.5000 | bal_acc=0.5000 | pred_hist=[0, 8] | collapse=True
[2026-05-29 23:15:59]     spatial_conv=[4, 29] top_abs_channels=[('Pz', 0.15267369), ('O2', 0.14272976), ('T3', 0.12429328), ('T4', 0.12245117), ('O1', 0.12054367), ('CP3', 0.12005301), ('C3', 0.11612894), ('CP4', 0.1112854)]
[2026-05-29 23:15:59]     spatial_update=delta_l2=0.02919258 max_abs=0.00609109 relative=0.02446007 changed=True
[2026-05-29 23:15:59]   Subject 49: acc=0.4250±0.1000  bal_acc=0.4250±0.1000
[2026-05-29 23:15:59] \nSubject 50: 40 windows | class_counts=[20, 20]

[2026-05-29 23:15:59] Fold 1/5 | subject=50
[2026-05-29 23:15:59]     Train: 32 | counts=[16, 16]
[2026-05-29 23:15:59]     Test:  8 | counts=[4, 4]
[2026-05-29 23:15:59]     Model: SignalJEPA_PreLocal | Pretrained: from_pretrained | Strategy: new
[2026-05-29 23:15:59]     Normalization: none | fit_scope=none
[2026-05-29 23:15:59]     Phase 1 (new): 2,170/16,010 params
[2026-05-29 23:16:00]     Result | best_epoch=25 | stop=75 | final_phase_epochs=75 | acc=0.6250 | bal_acc=0.6250 | pred_hist=[5, 3] | collapse=False
[2026-05-29 23:16:00]     spatial_conv=[4, 29] top_abs_channels=[('O2', 0.16353582), ('T3', 0.14660451), ('Pz', 0.14037327), ('CP3', 0.12443575), ('O1', 0.12010326), ('T4', 0.11355488), ('Fp1', 0.11041979), ('CP4', 0.10730498)]
[2026-05-29 23:16:00]     spatial_update=delta_l2=0.24833252 max_abs=0.05082137 relative=0.20807444 changed=True

[2026-05-29 23:16:00] Fold 2/5 | subject=50
[2026-05-29 23:16:00]     Train: 32 | counts=[16, 16]
[2026-05-29 23:16:00]     Test:  8 | counts=[4, 4]
[2026-05-29 23:16:00]     Model: SignalJEPA_PreLocal | Pretrained: from_pretrained | Strategy: new
[2026-05-29 23:16:00]     Normalization: none | fit_scope=none
[2026-05-29 23:16:00]     Phase 1 (new): 2,170/16,010 params
[2026-05-29 23:16:02]     Result | best_epoch=84 | stop=134 | final_phase_epochs=134 | acc=0.6250 | bal_acc=0.6250 | pred_hist=[3, 5] | collapse=False
[2026-05-29 23:16:02]     spatial_conv=[4, 29] top_abs_channels=[('O2', 0.17840305), ('T3', 0.16084708), ('CP3', 0.1362689), ('Pz', 0.13334478), ('P3', 0.13017803), ('F8', 0.12569457), ('T4', 0.12433729), ('C4', 0.11740762)]
[2026-05-29 23:16:02]     spatial_update=delta_l2=0.59258598 max_abs=0.16463012 relative=0.49651974 changed=True

[2026-05-29 23:16:03] Fold 3/5 | subject=50
[2026-05-29 23:16:03]     Train: 32 | counts=[16, 16]
[2026-05-29 23:16:03]     Test:  8 | counts=[4, 4]
[2026-05-29 23:16:03]     Model: SignalJEPA_PreLocal | Pretrained: from_pretrained | Strategy: new
[2026-05-29 23:16:03]     Normalization: none | fit_scope=none
[2026-05-29 23:16:03]     Phase 1 (new): 2,170/16,010 params
[2026-05-29 23:16:03]     Result | best_epoch=1 | stop=51 | final_phase_epochs=51 | acc=0.5000 | bal_acc=0.5000 | pred_hist=[0, 8] | collapse=True
[2026-05-29 23:16:03]     spatial_conv=[4, 29] top_abs_channels=[('Pz', 0.15306234), ('O2', 0.14565679), ('T3', 0.1272565), ('T4', 0.1220111), ('CP3', 0.12196819), ('O1', 0.12102683), ('C3', 0.115029), ('CP4', 0.1104781)]
[2026-05-29 23:16:03]     spatial_update=delta_l2=0.01311094 max_abs=0.00234446 relative=0.01098548 changed=True

[2026-05-29 23:16:04] Fold 4/5 | subject=50
[2026-05-29 23:16:04]     Train: 32 | counts=[16, 16]
[2026-05-29 23:16:04]     Test:  8 | counts=[4, 4]
[2026-05-29 23:16:04]     Model: SignalJEPA_PreLocal | Pretrained: from_pretrained | Strategy: new
[2026-05-29 23:16:04]     Normalization: none | fit_scope=none
[2026-05-29 23:16:04]     Phase 1 (new): 2,170/16,010 params
[2026-05-29 23:16:05]     Result | best_epoch=1 | stop=51 | final_phase_epochs=51 | acc=0.5000 | bal_acc=0.5000 | pred_hist=[0, 8] | collapse=True
[2026-05-29 23:16:05]     spatial_conv=[4, 29] top_abs_channels=[('Pz', 0.15305378), ('O2', 0.14481117), ('T3', 0.12666762), ('T4', 0.12199321), ('O1', 0.12126485), ('CP3', 0.12109737), ('C3', 0.11476742), ('CP4', 0.11012678)]
[2026-05-29 23:16:05]     spatial_update=delta_l2=0.01110425 max_abs=0.00221843 relative=0.00930410 changed=True

[2026-05-29 23:16:05] Fold 5/5 | subject=50
[2026-05-29 23:16:05]     Train: 32 | counts=[16, 16]
[2026-05-29 23:16:05]     Test:  8 | counts=[4, 4]
[2026-05-29 23:16:05]     Model: SignalJEPA_PreLocal | Pretrained: from_pretrained | Strategy: new
[2026-05-29 23:16:05]     Normalization: none | fit_scope=none
[2026-05-29 23:16:05]     Phase 1 (new): 2,170/16,010 params
[2026-05-29 23:16:08]     Result | best_epoch=205 | stop=255 | final_phase_epochs=255 | acc=0.3750 | bal_acc=0.3750 | pred_hist=[5, 3] | collapse=False
[2026-05-29 23:16:08]     spatial_conv=[4, 29] top_abs_channels=[('CP4', 0.17285609), ('T3', 0.16507156), ('CP3', 0.14248922), ('O1', 0.1405663), ('Pz', 0.13639823), ('O2', 0.13199136), ('T4', 0.1133392), ('F4', 0.10841174)]
[2026-05-29 23:16:08]     spatial_update=delta_l2=0.79687073 max_abs=0.23196160 relative=0.66768715 changed=True
[2026-05-29 23:16:08]   Subject 50: acc=0.5250±0.0935  bal_acc=0.5250±0.0935

[2026-05-29 23:16:08] Total evaluation splits completed: 250
[2026-05-29 23:16:08] ======================================================================
[2026-05-29 23:16:08] AGGREGATED RESULTS
[2026-05-29 23:16:08] ======================================================================
[2026-05-29 23:16:08]   1: acc=0.4750±0.1225  bal_acc=0.4750±0.1225
[2026-05-29 23:16:08]   2: acc=0.5000±0.0000  bal_acc=0.5000±0.0000
[2026-05-29 23:16:08]   3: acc=0.6000±0.1658  bal_acc=0.6000±0.1658
[2026-05-29 23:16:08]   4: acc=0.5750±0.0612  bal_acc=0.5750±0.0612
[2026-05-29 23:16:08]   5: acc=0.5500±0.1696  bal_acc=0.5500±0.1696
[2026-05-29 23:16:08]   6: acc=0.4750±0.1458  bal_acc=0.4750±0.1458
[2026-05-29 23:16:08]   7: acc=0.3250±0.1275  bal_acc=0.3250±0.1275
[2026-05-29 23:16:08]   8: acc=0.7000±0.1696  bal_acc=0.7000±0.1696
[2026-05-29 23:16:08]   9: acc=0.4500±0.1000  bal_acc=0.4500±0.1000
[2026-05-29 23:16:08]   10: acc=0.4750±0.0500  bal_acc=0.4750±0.0500
[2026-05-29 23:16:08]   11: acc=0.5500±0.0612  bal_acc=0.5500±0.0612
[2026-05-29 23:16:08]   12: acc=0.5000±0.0000  bal_acc=0.5000±0.0000
[2026-05-29 23:16:08]   13: acc=0.6000±0.1225  bal_acc=0.6000±0.1225
[2026-05-29 23:16:08]   14: acc=0.4500±0.1275  bal_acc=0.4500±0.1275
[2026-05-29 23:16:08]   15: acc=0.5250±0.1225  bal_acc=0.5250±0.1225
[2026-05-29 23:16:08]   16: acc=0.4750±0.0500  bal_acc=0.4750±0.0500
[2026-05-29 23:16:08]   17: acc=0.6250±0.1118  bal_acc=0.6250±0.1118
[2026-05-29 23:16:08]   18: acc=0.9750±0.0500  bal_acc=0.9750±0.0500
[2026-05-29 23:16:08]   19: acc=0.4250±0.1500  bal_acc=0.4250±0.1500
[2026-05-29 23:16:08]   20: acc=0.4000±0.0935  bal_acc=0.4000±0.0935
[2026-05-29 23:16:08]   21: acc=0.6000±0.1658  bal_acc=0.6000±0.1658
[2026-05-29 23:16:08]   22: acc=0.9000±0.0935  bal_acc=0.9000±0.0935
[2026-05-29 23:16:08]   23: acc=0.5000±0.0000  bal_acc=0.5000±0.0000
[2026-05-29 23:16:08]   24: acc=0.4250±0.1000  bal_acc=0.4250±0.1000
[2026-05-29 23:16:08]   25: acc=0.5000±0.0000  bal_acc=0.5000±0.0000
[2026-05-29 23:16:08]   26: acc=0.5000±0.0000  bal_acc=0.5000±0.0000
[2026-05-29 23:16:08]   27: acc=0.5750±0.1500  bal_acc=0.5750±0.1500
[2026-05-29 23:16:08]   28: acc=0.5000±0.0000  bal_acc=0.5000±0.0000
[2026-05-29 23:16:08]   29: acc=0.4750±0.1225  bal_acc=0.4750±0.1225
[2026-05-29 23:16:08]   30: acc=0.7250±0.1225  bal_acc=0.7250±0.1225
[2026-05-29 23:16:08]   31: acc=0.5250±0.0935  bal_acc=0.5250±0.0935
[2026-05-29 23:16:08]   32: acc=0.4500±0.0612  bal_acc=0.4500±0.0612
[2026-05-29 23:16:08]   33: acc=0.5000±0.0000  bal_acc=0.5000±0.0000
[2026-05-29 23:16:08]   34: acc=0.8000±0.0612  bal_acc=0.8000±0.0612
[2026-05-29 23:16:08]   35: acc=0.7250±0.0500  bal_acc=0.7250±0.0500
[2026-05-29 23:16:08]   36: acc=0.5000±0.0000  bal_acc=0.5000±0.0000
[2026-05-29 23:16:08]   37: acc=0.5000±0.0000  bal_acc=0.5000±0.0000
[2026-05-29 23:16:08]   38: acc=0.7000±0.1500  bal_acc=0.7000±0.1500
[2026-05-29 23:16:08]   39: acc=0.5500±0.0612  bal_acc=0.5500±0.0612
[2026-05-29 23:16:08]   40: acc=0.6500±0.1458  bal_acc=0.6500±0.1458
[2026-05-29 23:16:08]   41: acc=0.5750±0.1000  bal_acc=0.5750±0.1000
[2026-05-29 23:16:08]   42: acc=0.5750±0.1696  bal_acc=0.5750±0.1696
[2026-05-29 23:16:08]   43: acc=0.5750±0.0612  bal_acc=0.5750±0.0612
[2026-05-29 23:16:08]   44: acc=0.6750±0.1500  bal_acc=0.6750±0.1500
[2026-05-29 23:16:08]   45: acc=0.8250±0.1696  bal_acc=0.8250±0.1696
[2026-05-29 23:16:08]   46: acc=0.6500±0.1458  bal_acc=0.6500±0.1458
[2026-05-29 23:16:08]   47: acc=0.5000±0.0000  bal_acc=0.5000±0.0000
[2026-05-29 23:16:08]   48: acc=0.5500±0.0612  bal_acc=0.5500±0.0612
[2026-05-29 23:16:08]   49: acc=0.4250±0.1000  bal_acc=0.4250±0.1000
[2026-05-29 23:16:08]   50: acc=0.5250±0.0935  bal_acc=0.5250±0.0935
[2026-05-29 23:16:08] ----------------------------------------------------------------------
[2026-05-29 23:16:08]   OVERALL: acc=0.5625±0.1644  bal_acc=0.5625±0.1644
[2026-05-29 23:16:08] ======================================================================
[2026-05-29 23:16:09] Performance tables saved:
[2026-05-29 23:16:09]   Fold-level results:       /home/vegorov/Repos/eeg_jepa_research/artifacts/liu2024-source-mat-sjepa-prelocal/20260529_2300_de9432dd/fold_level_results.csv
[2026-05-29 23:16:09]   Subject-level summary:    /home/vegorov/Repos/eeg_jepa_research/artifacts/liu2024-source-mat-sjepa-prelocal/20260529_2300_de9432dd/subject_level_summary.csv
[2026-05-29 23:16:09]   Global method comparison: /home/vegorov/Repos/eeg_jepa_research/artifacts/liu2024-source-mat-sjepa-prelocal/20260529_2300_de9432dd/global_method_comparison.csv
[2026-05-29 23:16:09] Subject performance plot saved to: /home/vegorov/Repos/eeg_jepa_research/artifacts/liu2024-source-mat-sjepa-prelocal/20260529_2300_de9432dd/sjepa_prelocal_subject_performance.png
[2026-05-29 23:16:09] Global performance plot saved to: /home/vegorov/Repos/eeg_jepa_research/artifacts/liu2024-source-mat-sjepa-prelocal/20260529_2300_de9432dd/sjepa_prelocal_global_performance_summary.png
[2026-05-29 23:16:09] Aggregated confusion matrix plot saved to: /home/vegorov/Repos/eeg_jepa_research/artifacts/liu2024-source-mat-sjepa-prelocal/20260529_2300_de9432dd/sjepa_prelocal_aggregated_confusion_matrix.png
[2026-05-29 23:16:09] Confusion metrics saved to: /home/vegorov/Repos/eeg_jepa_research/artifacts/liu2024-source-mat-sjepa-prelocal/20260529_2300_de9432dd/sjepa_prelocal_confusion_metrics.csv

[2026-05-29 23:16:09] ======================================================================
[2026-05-29 23:16:09] EXPERIMENT SUMMARY
[2026-05-29 23:16:09] ======================================================================
[2026-05-29 23:16:09] Run ID:                 20260529_2300_de9432dd
[2026-05-29 23:16:09] Experiment:             hpgrid537_bs4_lr0p0004_clip0_start1_test0p4_fir_trial_mean
[2026-05-29 23:16:09] Subjects:               50
[2026-05-29 23:16:09] Model:                  SignalJEPA_PreLocal
[2026-05-29 23:16:09] Pretrained mode:        from_pretrained
[2026-05-29 23:16:09] Strategy:               new
[2026-05-29 23:16:09] Preprocessing:          trial_mean | ref=average | resample=True->128 | filter=True 0.5–40.0 fir
[2026-05-29 23:16:09] Window:                 start=1s | 4.195s / 537 samples
[2026-05-29 23:16:09] Artifacts:              /home/vegorov/Repos/eeg_jepa_research/artifacts/liu2024-source-mat-sjepa-prelocal/20260529_2300_de9432dd
[2026-05-29 23:16:09] Mean Accuracy:          0.5625 ± 0.1644
[2026-05-29 23:16:09] Mean Balanced Accuracy: 0.5625 ± 0.1644
[2026-05-29 23:16:09] ======================================================================

[2026-05-29 23:16:09] Spatial convolution analysis saved:
[2026-05-29 23:16:09]   Long channel CSV:        /home/vegorov/Repos/eeg_jepa_research/artifacts/liu2024-source-mat-sjepa-prelocal/20260529_2300_de9432dd/spatial_conv_analysis/spatial_channel_importance_long.csv
[2026-05-29 23:16:09]   Fold diagnostics CSV:    /home/vegorov/Repos/eeg_jepa_research/artifacts/liu2024-source-mat-sjepa-prelocal/20260529_2300_de9432dd/spatial_conv_analysis/fold_diagnostics.csv
[2026-05-29 23:16:09]   Fold weight JSON:        /home/vegorov/Repos/eeg_jepa_research/artifacts/liu2024-source-mat-sjepa-prelocal/20260529_2300_de9432dd/spatial_conv_analysis/spatial_conv_weights_by_fold.json
[2026-05-29 23:16:09]   Global importance CSV:   /home/vegorov/Repos/eeg_jepa_research/artifacts/liu2024-source-mat-sjepa-prelocal/20260529_2300_de9432dd/spatial_conv_analysis/spatial_channel_importance_global.csv
[2026-05-29 23:16:09]   Subject importance CSV:  /home/vegorov/Repos/eeg_jepa_research/artifacts/liu2024-source-mat-sjepa-prelocal/20260529_2300_de9432dd/spatial_conv_analysis/spatial_channel_importance_by_subject.csv
[2026-05-29 23:16:09]   Diagnostic summary JSON: /home/vegorov/Repos/eeg_jepa_research/artifacts/liu2024-source-mat-sjepa-prelocal/20260529_2300_de9432dd/spatial_conv_analysis/diagnostic_summary.json

[2026-05-29 23:16:09] Diagnostic summary:
[2026-05-29 23:16:09] {
  "n_folds": 250,
  "collapse_rate": 0.404,
  "mean_collapse_ratio": 0.7875,
  "mean_spatial_delta_l2": 0.429914761,
  "mean_spatial_relative_delta": 0.36021973416,
  "spatial_changed_rate": 1.0,
  "mean_confidence": 0.57721281368,
  "mean_normalized_prediction_entropy": 0.9291040074399999
}

[2026-05-29 23:16:09] Top global channels by mean absolute spatial weight:
[2026-05-29 23:16:09] CV results saved to:      /home/vegorov/Repos/eeg_jepa_research/artifacts/liu2024-source-mat-sjepa-prelocal/20260529_2300_de9432dd/cv_results.json
[2026-05-29 23:16:09] Subject metrics saved to: /home/vegorov/Repos/eeg_jepa_research/artifacts/liu2024-source-mat-sjepa-prelocal/20260529_2300_de9432dd/subject_metrics.json
[2026-05-29 23:16:09] Global metrics saved to:  /home/vegorov/Repos/eeg_jepa_research/artifacts/liu2024-source-mat-sjepa-prelocal/20260529_2300_de9432dd/global_metrics.json
[2026-05-29 23:16:09] Subject performance plot: /home/vegorov/Repos/eeg_jepa_research/artifacts/liu2024-source-mat-sjepa-prelocal/20260529_2300_de9432dd/sjepa_prelocal_subject_performance.png
[2026-05-29 23:16:09] Global performance plot:  /home/vegorov/Repos/eeg_jepa_research/artifacts/liu2024-source-mat-sjepa-prelocal/20260529_2300_de9432dd/sjepa_prelocal_global_performance_summary.png
[2026-05-29 23:16:09] Confusion matrix plot:    /home/vegorov/Repos/eeg_jepa_research/artifacts/liu2024-source-mat-sjepa-prelocal/20260529_2300_de9432dd/sjepa_prelocal_aggregated_confusion_matrix.png
[2026-05-29 23:16:09] Run metadata saved to:    /home/vegorov/Repos/eeg_jepa_research/artifacts/liu2024-source-mat-sjepa-prelocal/20260529_2300_de9432dd/run_metadata.json

[2026-05-29 23:16:09] All artifacts in: /home/vegorov/Repos/eeg_jepa_research/artifacts/liu2024-source-mat-sjepa-prelocal/20260529_2300_de9432dd
