[2026-05-30 06:26:44] Run ID:     20260530_0626_5a4fc0ff
[2026-05-30 06:26:44] Artifacts:  /home/vegorov/Repos/eeg_jepa_research/artifacts/liu2024-source-mat-sjepa-prelocal/20260530_0626_5a4fc0ff
[2026-05-30 06:26:44] Config:     /home/vegorov/Repos/eeg_jepa_research/artifacts/liu2024-source-mat-sjepa-prelocal/20260530_0626_5a4fc0ff/config.json
[2026-05-30 06:26:44] Using device: cpu
[2026-05-30 06:26:45] Seed initialized: 2026
[2026-05-30 06:26:45] Configured preprocessing pipeline:
[2026-05-30 06:26:45]   - [ON] source::select_eeg_channels | - select Liu EEG channels, drop CPz reference, EOG, and marker before model input
[2026-05-30 06:26:45]   - [ON] source::demean | mode=trial_mean | baseline_window_s=[0.0, 2.0]
[2026-05-30 06:26:45]   - [off] source::detrend | mode=none
[2026-05-30 06:26:45]   - [off] source::eog_correction | mode=none
[2026-05-30 06:26:45]   - [off] source::artifact_clipping | mode=none | percentile=99.5
[2026-05-30 06:26:45]   - [ON] mne_raw::reference | timing=before_resample_filter | mode=average
[2026-05-30 06:26:45]   - [ON] mne_raw::resample | sfreq=128
[2026-05-30 06:26:45]   - [ON] mne_raw::bandpass_filter | l_freq=0.5 | h_freq=40.0 | method=fir | phase=zero | fir_design=firwin
[2026-05-30 06:26:45]   - [off] mne_raw::notch_filter | timing=after_bandpass
[2026-05-30 06:26:45]   - [ON] window::crop_fixed_mi_window | start_s=2 | target_window_samples=537
[2026-05-30 06:26:45]   - [off] window::bad_trial_rejection
[2026-05-30 06:26:45]   - [off] split::fold_safe_normalization | mode=none
[2026-05-30 06:26:45] Source extract dir: /home/vegorov/Repos/eeg_jepa_research/liu2024_data/liu2024_figshare/sourcedata
[2026-05-30 06:26:45] Found 50 .mat files
[2026-05-30 06:26:45] MAT structure preview saved to: /home/vegorov/Repos/eeg_jepa_research/artifacts/liu2024-source-mat-sjepa-prelocal/20260530_0626_5a4fc0ff/mat_structure_preview_first_subject.csv
[2026-05-30 06:26:51] Subjects loaded: [1, 2, 3, 4, 5, 6, 7, 8, 9, 10, 11, 12, 13, 14, 15, 16, 17, 18, 19, 20, 21, 22, 23, 24, 25, 26, 27, 28, 29, 30, 31, 32, 33, 34, 35, 36, 37, 38, 39, 40, 41, 42, 43, 44, 45, 46, 47, 48, 49, 50]
[2026-05-30 06:26:51] Subject inventory saved to: /home/vegorov/Repos/eeg_jepa_research/artifacts/liu2024-source-mat-sjepa-prelocal/20260530_0626_5a4fc0ff/subject_inventory.csv
[2026-05-30 06:27:05] X_ALL shape: (2000, 29, 537) | Y_ALL counts: [1000, 1000]
[2026-05-30 06:27:05] Preprocessing steps used:
[2026-05-30 06:27:05]   - select 29 EEG channels; drop CPz source reference, EOG, and marker
[2026-05-30 06:27:05]   - source demean: subtract trial/channel mean over time
[2026-05-30 06:27:05]   - source detrend skipped
[2026-05-30 06:27:05]   - EOG correction skipped
[2026-05-30 06:27:05]   - source artifact clipping skipped
[2026-05-30 06:27:05]   - convert source microvolts to MNE volts
[2026-05-30 06:27:05]   - average reference at before resample/filter
[2026-05-30 06:27:05]   - resample to 128 Hz
[2026-05-30 06:27:05]   - FIR bandpass 0.5–40.0 Hz | phase=zero | fir_design=firwin
[2026-05-30 06:27:05]   - convert MNE volts to model microvolts
[2026-05-30 06:27:05]   - crop fixed window samples [256:793]
[2026-05-30 06:27:05]   - bad-trial rejection skipped
[2026-05-30 06:27:05] Window summary saved to: /home/vegorov/Repos/eeg_jepa_research/artifacts/liu2024-source-mat-sjepa-prelocal/20260530_0626_5a4fc0ff/window_counts_by_subject.csv
[2026-05-30 06:27:05] ======================================================================
[2026-05-30 06:27:05] STARTING WITHIN-SUBJECT EVALUATION
[2026-05-30 06:27:05] ======================================================================
[2026-05-30 06:27:05] Experiment:    hpgrid537_bs4_lr0p0004_clip1_start2_test0p2_fir_trial_mean
[2026-05-30 06:27:05] Subjects:      ['1', '2', '3', '4', '5', '6', '7', '8', '9', '10', '11', '12', '13', '14', '15', '16', '17', '18', '19', '20', '21', '22', '23', '24', '25', '26', '27', '28', '29', '30', '31', '32', '33', '34', '35', '36', '37', '38', '39', '40', '41', '42', '43', '44', '45', '46', '47', '48', '49', '50']
[2026-05-30 06:27:05] Model:         SignalJEPA_PreLocal
[2026-05-30 06:27:05] Pretrained:    from_pretrained
[2026-05-30 06:27:05] Strategy:      new
[2026-05-30 06:27:05] Preprocessing: demean=trial_mean | detrend=none | eog=none | clip=none | ref=average@before_resample_filter | resample=True->128 | filter=True 0.5–40.0 fir
[2026-05-30 06:27:05] Normalization: none | reject_bad_trials=False
[2026-05-30 06:27:05] Evaluation:    stratified_kfold | cv_folds=5 | n_repeats=10 | test_size=0.2
[2026-05-30 06:27:05] Seed:          base=2026 | cv=2026 | split=2026 | val=2026
[2026-05-30 06:27:05] Window:        start=2s | samples=537 | duration=4.1953s | effective sfreq=128.0
[2026-05-30 06:27:05] Optimizer:     adam | lr=0.0004 | wd=0.0
[2026-05-30 06:27:05] Augmentation:  noise=0.0 | shift=0 | ch_drop=0.0
[2026-05-30 06:27:05] Val split:     0.2
[2026-05-30 06:27:05] Max epochs:    5000 | patience=50
[2026-05-30 06:27:05] Device:        cpu
[2026-05-30 06:27:05] ======================================================================
[2026-05-30 06:27:05] \nSubject 1: 40 windows | class_counts=[20, 20]

[2026-05-30 06:27:05] Fold 1/5 | subject=1
[2026-05-30 06:27:05]     Train: 32 | counts=[16, 16]
[2026-05-30 06:27:05]     Test:  8 | counts=[4, 4]
[2026-05-30 06:27:05]     Model: SignalJEPA_PreLocal | Pretrained: from_pretrained | Strategy: new
[2026-05-30 06:27:05]     Normalization: none | fit_scope=none
[2026-05-30 06:27:05]     Phase 1 (new): 2,170/16,010 params
[2026-05-30 06:27:09]     Result | best_epoch=254 | stop=304 | final_phase_epochs=304 | acc=0.5000 | bal_acc=0.5000 | pred_hist=[4, 4] | collapse=False
[2026-05-30 06:27:09]     spatial_conv=[4, 29] top_abs_channels=[('TP7', 0.20138276), ('O1', 0.19507524), ('F4', 0.14694378), ('Pz', 0.13840365), ('T4', 0.13075714), ('P4', 0.1281659), ('FC4', 0.12554613), ('P3', 0.11835517)]
[2026-05-30 06:27:09]     spatial_update=delta_l2=1.11023193 max_abs=0.29340123 relative=0.93024824 changed=True

[2026-05-30 06:27:10] Fold 2/5 | subject=1
[2026-05-30 06:27:10]     Train: 32 | counts=[16, 16]
[2026-05-30 06:27:10]     Test:  8 | counts=[4, 4]
[2026-05-30 06:27:10]     Model: SignalJEPA_PreLocal | Pretrained: from_pretrained | Strategy: new
[2026-05-30 06:27:10]     Normalization: none | fit_scope=none
[2026-05-30 06:27:10]     Phase 1 (new): 2,170/16,010 params
[2026-05-30 06:27:11]     Result | best_epoch=31 | stop=72 | final_phase_epochs=72 | acc=0.2500 | bal_acc=0.2500 | pred_hist=[2, 6] | collapse=False
[2026-05-30 06:27:11]     spatial_conv=[4, 29] top_abs_channels=[('O1', 0.14130639), ('O2', 0.14124709), ('Pz', 0.13859093), ('C3', 0.12623547), ('Fp1', 0.12374396), ('CP3', 0.12271574), ('T3', 0.11811999), ('T4', 0.11536749)]
[2026-05-30 06:27:11]     spatial_update=delta_l2=0.17324951 max_abs=0.03780611 relative=0.14516341 changed=True

[2026-05-30 06:27:12] Fold 3/5 | subject=1
[2026-05-30 06:27:12]     Train: 32 | counts=[16, 16]
[2026-05-30 06:27:12]     Test:  8 | counts=[4, 4]
[2026-05-30 06:27:12]     Model: SignalJEPA_PreLocal | Pretrained: from_pretrained | Strategy: new
[2026-05-30 06:27:12]     Normalization: none | fit_scope=none
[2026-05-30 06:27:12]     Phase 1 (new): 2,170/16,010 params
[2026-05-30 06:27:12]     Result | best_epoch=1 | stop=51 | final_phase_epochs=51 | acc=0.3750 | bal_acc=0.3750 | pred_hist=[1, 7] | collapse=False
[2026-05-30 06:27:12]     spatial_conv=[4, 29] top_abs_channels=[('Pz', 0.15261751), ('O2', 0.14415473), ('T3', 0.12694442), ('O1', 0.12221567), ('T4', 0.12202795), ('CP3', 0.12129003), ('C3', 0.11527894), ('CP4', 0.11164221)]
[2026-05-30 06:27:12]     spatial_update=delta_l2=0.01204321 max_abs=0.00211632 relative=0.01009084 changed=True

[2026-05-30 06:27:13] Fold 4/5 | subject=1
[2026-05-30 06:27:13]     Train: 32 | counts=[16, 16]
[2026-05-30 06:27:13]     Test:  8 | counts=[4, 4]
[2026-05-30 06:27:13]     Model: SignalJEPA_PreLocal | Pretrained: from_pretrained | Strategy: new
[2026-05-30 06:27:13]     Normalization: none | fit_scope=none
[2026-05-30 06:27:13]     Phase 1 (new): 2,170/16,010 params
[2026-05-30 06:27:15]     Result | best_epoch=148 | stop=198 | final_phase_epochs=198 | acc=0.6250 | bal_acc=0.6250 | pred_hist=[5, 3] | collapse=False
[2026-05-30 06:27:15]     spatial_conv=[4, 29] top_abs_channels=[('C3', 0.17683467), ('C4', 0.13882312), ('Pz', 0.13243845), ('F4', 0.13136037), ('T3', 0.12388412), ('T4', 0.11880359), ('Fp1', 0.11862169), ('CP4', 0.11563434)]
[2026-05-30 06:27:15]     spatial_update=delta_l2=0.75149373 max_abs=0.19430175 relative=0.62966638 changed=True

[2026-05-30 06:27:16] Fold 5/5 | subject=1
[2026-05-30 06:27:16]     Train: 32 | counts=[16, 16]
[2026-05-30 06:27:16]     Test:  8 | counts=[4, 4]
[2026-05-30 06:27:16]     Model: SignalJEPA_PreLocal | Pretrained: from_pretrained | Strategy: new
[2026-05-30 06:27:16]     Normalization: none | fit_scope=none
[2026-05-30 06:27:16]     Phase 1 (new): 2,170/16,010 params
[2026-05-30 06:27:17]     Result | best_epoch=1 | stop=51 | final_phase_epochs=51 | acc=0.5000 | bal_acc=0.5000 | pred_hist=[0, 8] | collapse=True
[2026-05-30 06:27:17]     spatial_conv=[4, 29] top_abs_channels=[('Pz', 0.15303543), ('O2', 0.14383149), ('T3', 0.12629589), ('O1', 0.12270929), ('T4', 0.12209259), ('CP3', 0.12021898), ('C3', 0.11664519), ('CP4', 0.11092873)]
[2026-05-30 06:27:17]     spatial_update=delta_l2=0.01272286 max_abs=0.00231607 relative=0.01066031 changed=True
[2026-05-30 06:27:17]   Subject 1: acc=0.4500±0.1275  bal_acc=0.4500±0.1275
[2026-05-30 06:27:17] \nSubject 2: 40 windows | class_counts=[20, 20]

[2026-05-30 06:27:17] Fold 1/5 | subject=2
[2026-05-30 06:27:17]     Train: 32 | counts=[16, 16]
[2026-05-30 06:27:17]     Test:  8 | counts=[4, 4]
[2026-05-30 06:27:17]     Model: SignalJEPA_PreLocal | Pretrained: from_pretrained | Strategy: new
[2026-05-30 06:27:17]     Normalization: none | fit_scope=none
[2026-05-30 06:27:17]     Phase 1 (new): 2,170/16,010 params
[2026-05-30 06:27:19]     Result | best_epoch=106 | stop=156 | final_phase_epochs=156 | acc=0.6250 | bal_acc=0.6250 | pred_hist=[5, 3] | collapse=False
[2026-05-30 06:27:19]     spatial_conv=[4, 29] top_abs_channels=[('T3', 0.1594888), ('Fz', 0.14767863), ('CP3', 0.14488581), ('O2', 0.14114112), ('Pz', 0.13165492), ('F7', 0.12826279), ('CP4', 0.11823548), ('Cz', 0.11788174)]
[2026-05-30 06:27:19]     spatial_update=delta_l2=0.75972309 max_abs=0.19896816 relative=0.63656165 changed=True

[2026-05-30 06:27:20] Fold 2/5 | subject=2
[2026-05-30 06:27:20]     Train: 32 | counts=[16, 16]
[2026-05-30 06:27:20]     Test:  8 | counts=[4, 4]
[2026-05-30 06:27:20]     Model: SignalJEPA_PreLocal | Pretrained: from_pretrained | Strategy: new
[2026-05-30 06:27:20]     Normalization: none | fit_scope=none
[2026-05-30 06:27:20]     Phase 1 (new): 2,170/16,010 params
[2026-05-30 06:27:21]     Result | best_epoch=29 | stop=77 | final_phase_epochs=77 | acc=0.8750 | bal_acc=0.8750 | pred_hist=[5, 3] | collapse=False
[2026-05-30 06:27:21]     spatial_conv=[4, 29] top_abs_channels=[('Pz', 0.15619144), ('T3', 0.15005414), ('CP3', 0.13887021), ('O1', 0.1365646), ('O2', 0.13422945), ('T4', 0.12565909), ('Fp1', 0.11268991), ('Fz', 0.11174108)]
[2026-05-30 06:27:21]     spatial_update=delta_l2=0.20674210 max_abs=0.04883363 relative=0.17322640 changed=True

[2026-05-30 06:27:21] Fold 3/5 | subject=2
[2026-05-30 06:27:21]     Train: 32 | counts=[16, 16]
[2026-05-30 06:27:21]     Test:  8 | counts=[4, 4]
[2026-05-30 06:27:21]     Model: SignalJEPA_PreLocal | Pretrained: from_pretrained | Strategy: new
[2026-05-30 06:27:21]     Normalization: none | fit_scope=none
[2026-05-30 06:27:21]     Phase 1 (new): 2,170/16,010 params
[2026-05-30 06:27:23]     Result | best_epoch=73 | stop=123 | final_phase_epochs=123 | acc=0.7500 | bal_acc=0.7500 | pred_hist=[2, 6] | collapse=False
[2026-05-30 06:27:23]     spatial_conv=[4, 29] top_abs_channels=[('T3', 0.17831667), ('CP3', 0.15511015), ('Pz', 0.15341277), ('F7', 0.1465084), ('O2', 0.13870598), ('T5', 0.13519737), ('Fz', 0.12377372), ('FT7', 0.11784273)]
[2026-05-30 06:27:23]     spatial_update=delta_l2=0.54916308 max_abs=0.13834111 relative=0.46013628 changed=True

[2026-05-30 06:27:24] Fold 4/5 | subject=2
[2026-05-30 06:27:24]     Train: 32 | counts=[16, 16]
[2026-05-30 06:27:24]     Test:  8 | counts=[4, 4]
[2026-05-30 06:27:24]     Model: SignalJEPA_PreLocal | Pretrained: from_pretrained | Strategy: new
[2026-05-30 06:27:24]     Normalization: none | fit_scope=none
[2026-05-30 06:27:24]     Phase 1 (new): 2,170/16,010 params
[2026-05-30 06:27:25]     Result | best_epoch=23 | stop=72 | final_phase_epochs=72 | acc=0.7500 | bal_acc=0.7500 | pred_hist=[6, 2] | collapse=False
[2026-05-30 06:27:25]     spatial_conv=[4, 29] top_abs_channels=[('Pz', 0.16289079), ('T3', 0.13940935), ('O1', 0.13460287), ('T4', 0.13245231), ('CP3', 0.12812725), ('O2', 0.12776387), ('Fp1', 0.12188017), ('T5', 0.1163067)]
[2026-05-30 06:27:25]     spatial_update=delta_l2=0.21009498 max_abs=0.04861674 relative=0.17603572 changed=True

[2026-05-30 06:27:25] Fold 5/5 | subject=2
[2026-05-30 06:27:25]     Train: 32 | counts=[16, 16]
[2026-05-30 06:27:25]     Test:  8 | counts=[4, 4]
[2026-05-30 06:27:25]     Model: SignalJEPA_PreLocal | Pretrained: from_pretrained | Strategy: new
[2026-05-30 06:27:25]     Normalization: none | fit_scope=none
[2026-05-30 06:27:25]     Phase 1 (new): 2,170/16,010 params
[2026-05-30 06:27:26]     Result | best_epoch=11 | stop=61 | final_phase_epochs=61 | acc=0.6250 | bal_acc=0.6250 | pred_hist=[3, 5] | collapse=False
[2026-05-30 06:27:26]     spatial_conv=[4, 29] top_abs_channels=[('Pz', 0.15544605), ('O2', 0.13999435), ('T3', 0.13619125), ('O1', 0.13147423), ('T4', 0.12284145), ('CP3', 0.12228759), ('T5', 0.1155064), ('C3', 0.11461864)]
[2026-05-30 06:27:26]     spatial_update=delta_l2=0.11910637 max_abs=0.02451646 relative=0.09979761 changed=True
[2026-05-30 06:27:26]   Subject 2: acc=0.7250±0.0935  bal_acc=0.7250±0.0935
[2026-05-30 06:27:26] \nSubject 3: 40 windows | class_counts=[20, 20]

[2026-05-30 06:27:27] Fold 1/5 | subject=3
[2026-05-30 06:27:27]     Train: 32 | counts=[16, 16]
[2026-05-30 06:27:27]     Test:  8 | counts=[4, 4]
[2026-05-30 06:27:27]     Model: SignalJEPA_PreLocal | Pretrained: from_pretrained | Strategy: new
[2026-05-30 06:27:27]     Normalization: none | fit_scope=none
[2026-05-30 06:27:27]     Phase 1 (new): 2,170/16,010 params
[2026-05-30 06:27:29]     Result | best_epoch=107 | stop=157 | final_phase_epochs=157 | acc=0.6250 | bal_acc=0.6250 | pred_hist=[7, 1] | collapse=False
[2026-05-30 06:27:29]     spatial_conv=[4, 29] top_abs_channels=[('Pz', 0.180814), ('Fz', 0.14392988), ('CP3', 0.13516405), ('T3', 0.13093564), ('Oz', 0.12474588), ('CP4', 0.12298248), ('P4', 0.117213), ('F7', 0.11490753)]
[2026-05-30 06:27:29]     spatial_update=delta_l2=0.86163651 max_abs=0.19297404 relative=0.72195352 changed=True

[2026-05-30 06:27:29] Fold 2/5 | subject=3
[2026-05-30 06:27:29]     Train: 32 | counts=[16, 16]
[2026-05-30 06:27:29]     Test:  8 | counts=[4, 4]
[2026-05-30 06:27:29]     Model: SignalJEPA_PreLocal | Pretrained: from_pretrained | Strategy: new
[2026-05-30 06:27:29]     Normalization: none | fit_scope=none
[2026-05-30 06:27:29]     Phase 1 (new): 2,170/16,010 params
[2026-05-30 06:27:33]     Result | best_epoch=194 | stop=244 | final_phase_epochs=244 | acc=0.3750 | bal_acc=0.3750 | pred_hist=[3, 5] | collapse=False
[2026-05-30 06:27:33]     spatial_conv=[4, 29] top_abs_channels=[('T5', 0.23648539), ('C3', 0.15925314), ('F3', 0.14343904), ('CP4', 0.14105165), ('O2', 0.13336475), ('P4', 0.13205633), ('O1', 0.11639597), ('C4', 0.10493941)]
[2026-05-30 06:27:33]     spatial_update=delta_l2=1.05367558 max_abs=0.24700406 relative=0.88286044 changed=True

[2026-05-30 06:27:33] Fold 3/5 | subject=3
[2026-05-30 06:27:33]     Train: 32 | counts=[16, 16]
[2026-05-30 06:27:33]     Test:  8 | counts=[4, 4]
[2026-05-30 06:27:33]     Model: SignalJEPA_PreLocal | Pretrained: from_pretrained | Strategy: new
[2026-05-30 06:27:33]     Normalization: none | fit_scope=none
[2026-05-30 06:27:33]     Phase 1 (new): 2,170/16,010 params
[2026-05-30 06:27:35]     Result | best_epoch=88 | stop=138 | final_phase_epochs=138 | acc=0.5000 | bal_acc=0.5000 | pred_hist=[2, 6] | collapse=False
[2026-05-30 06:27:35]     spatial_conv=[4, 29] top_abs_channels=[('CP3', 0.14860393), ('Pz', 0.14694829), ('O2', 0.14043173), ('F7', 0.13359818), ('Fz', 0.13214563), ('P4', 0.13040824), ('CP4', 0.12687404), ('FCz', 0.11016908)]
[2026-05-30 06:27:35]     spatial_update=delta_l2=0.78379805 max_abs=0.16037854 relative=0.65673373 changed=True

[2026-05-30 06:27:36] Fold 4/5 | subject=3
[2026-05-30 06:27:36]     Train: 32 | counts=[16, 16]
[2026-05-30 06:27:36]     Test:  8 | counts=[4, 4]
[2026-05-30 06:27:36]     Model: SignalJEPA_PreLocal | Pretrained: from_pretrained | Strategy: new
[2026-05-30 06:27:36]     Normalization: none | fit_scope=none
[2026-05-30 06:27:36]     Phase 1 (new): 2,170/16,010 params
[2026-05-30 06:27:42]     Result | best_epoch=409 | stop=459 | final_phase_epochs=459 | acc=0.7500 | bal_acc=0.7500 | pred_hist=[4, 4] | collapse=False
[2026-05-30 06:27:42]     spatial_conv=[4, 29] top_abs_channels=[('CP4', 0.19682503), ('P4', 0.19152768), ('T5', 0.17474464), ('TP7', 0.15411606), ('FC3', 0.14760593), ('C3', 0.14712277), ('P3', 0.13045998), ('Fz', 0.11497706)]
[2026-05-30 06:27:42]     spatial_update=delta_l2=1.37406682 max_abs=0.31971724 relative=1.15131191 changed=True

[2026-05-30 06:27:42] Fold 5/5 | subject=3
[2026-05-30 06:27:42]     Train: 32 | counts=[16, 16]
[2026-05-30 06:27:42]     Test:  8 | counts=[4, 4]
[2026-05-30 06:27:42]     Model: SignalJEPA_PreLocal | Pretrained: from_pretrained | Strategy: new
[2026-05-30 06:27:42]     Normalization: none | fit_scope=none
[2026-05-30 06:27:42]     Phase 1 (new): 2,170/16,010 params
[2026-05-30 06:27:46]     Result | best_epoch=182 | stop=232 | final_phase_epochs=232 | acc=0.6250 | bal_acc=0.6250 | pred_hist=[7, 1] | collapse=False
[2026-05-30 06:27:46]     spatial_conv=[4, 29] top_abs_channels=[('CP3', 0.27496207), ('Fz', 0.19483396), ('F7', 0.13615213), ('T4', 0.12637262), ('F4', 0.12157831), ('C4', 0.11916733), ('P4', 0.11290838), ('Pz', 0.11115396)]
[2026-05-30 06:27:46]     spatial_update=delta_l2=1.11913895 max_abs=0.27223428 relative=0.93771131 changed=True
[2026-05-30 06:27:46]   Subject 3: acc=0.5750±0.1275  bal_acc=0.5750±0.1275
[2026-05-30 06:27:46] \nSubject 4: 40 windows | class_counts=[20, 20]

[2026-05-30 06:27:46] Fold 1/5 | subject=4
[2026-05-30 06:27:46]     Train: 32 | counts=[16, 16]
[2026-05-30 06:27:46]     Test:  8 | counts=[4, 4]
[2026-05-30 06:27:46]     Model: SignalJEPA_PreLocal | Pretrained: from_pretrained | Strategy: new
[2026-05-30 06:27:46]     Normalization: none | fit_scope=none
[2026-05-30 06:27:46]     Phase 1 (new): 2,170/16,010 params
[2026-05-30 06:27:47]     Result | best_epoch=1 | stop=51 | final_phase_epochs=51 | acc=0.2500 | bal_acc=0.2500 | pred_hist=[2, 6] | collapse=False
[2026-05-30 06:27:47]     spatial_conv=[4, 29] top_abs_channels=[('Pz', 0.15302731), ('O2', 0.14399295), ('T3', 0.12654284), ('O1', 0.12215856), ('CP3', 0.12129752), ('T4', 0.12104607), ('C3', 0.11549474), ('CP4', 0.11103377)]
[2026-05-30 06:27:47]     spatial_update=delta_l2=0.01297753 max_abs=0.00226127 relative=0.01087370 changed=True

[2026-05-30 06:27:47] Fold 2/5 | subject=4
[2026-05-30 06:27:47]     Train: 32 | counts=[16, 16]
[2026-05-30 06:27:47]     Test:  8 | counts=[4, 4]
[2026-05-30 06:27:47]     Model: SignalJEPA_PreLocal | Pretrained: from_pretrained | Strategy: new
[2026-05-30 06:27:47]     Normalization: none | fit_scope=none
[2026-05-30 06:27:47]     Phase 1 (new): 2,170/16,010 params
[2026-05-30 06:27:50]     Result | best_epoch=127 | stop=177 | final_phase_epochs=177 | acc=0.5000 | bal_acc=0.5000 | pred_hist=[4, 4] | collapse=False
[2026-05-30 06:27:50]     spatial_conv=[4, 29] top_abs_channels=[('O2', 0.17692155), ('T4', 0.15204959), ('CP3', 0.14063582), ('C4', 0.13056782), ('Pz', 0.12244359), ('P4', 0.12143838), ('FCz', 0.11867146), ('F4', 0.11475419)]
[2026-05-30 06:27:50]     spatial_update=delta_l2=0.68421904 max_abs=0.19121008 relative=0.57329783 changed=True

[2026-05-30 06:27:50] Fold 3/5 | subject=4
[2026-05-30 06:27:50]     Train: 32 | counts=[16, 16]
[2026-05-30 06:27:50]     Test:  8 | counts=[4, 4]
[2026-05-30 06:27:50]     Model: SignalJEPA_PreLocal | Pretrained: from_pretrained | Strategy: new
[2026-05-30 06:27:50]     Normalization: none | fit_scope=none
[2026-05-30 06:27:50]     Phase 1 (new): 2,170/16,010 params
[2026-05-30 06:28:07]     Result | best_epoch=1144 | stop=1194 | final_phase_epochs=1194 | acc=0.6250 | bal_acc=0.6250 | pred_hist=[3, 5] | collapse=False
[2026-05-30 06:28:07]     spatial_conv=[4, 29] top_abs_channels=[('Fz', 0.19013882), ('P3', 0.16940083), ('C3', 0.1631254), ('CP3', 0.13532139), ('Oz', 0.13371913), ('FC4', 0.12398668), ('Pz', 0.12368116), ('T6', 0.12166011)]
[2026-05-30 06:28:07]     spatial_update=delta_l2=1.23654992 max_abs=0.27788288 relative=1.03608837 changed=True

[2026-05-30 06:28:07] Fold 4/5 | subject=4
[2026-05-30 06:28:07]     Train: 32 | counts=[16, 16]
[2026-05-30 06:28:07]     Test:  8 | counts=[4, 4]
[2026-05-30 06:28:07]     Model: SignalJEPA_PreLocal | Pretrained: from_pretrained | Strategy: new
[2026-05-30 06:28:07]     Normalization: none | fit_scope=none
[2026-05-30 06:28:07]     Phase 1 (new): 2,170/16,010 params
[2026-05-30 06:28:13]     Result | best_epoch=403 | stop=453 | final_phase_epochs=453 | acc=0.6250 | bal_acc=0.6250 | pred_hist=[5, 3] | collapse=False
[2026-05-30 06:28:13]     spatial_conv=[4, 29] top_abs_channels=[('FC4', 0.22967616), ('C3', 0.16756529), ('F4', 0.16059345), ('CP4', 0.15979661), ('C4', 0.1495447), ('O2', 0.13715327), ('Fz', 0.12566708), ('T3', 0.11436193)]
[2026-05-30 06:28:13]     spatial_update=delta_l2=1.08848677 max_abs=0.34043410 relative=0.91202827 changed=True

[2026-05-30 06:28:14] Fold 5/5 | subject=4
[2026-05-30 06:28:14]     Train: 32 | counts=[16, 16]
[2026-05-30 06:28:14]     Test:  8 | counts=[4, 4]
[2026-05-30 06:28:14]     Model: SignalJEPA_PreLocal | Pretrained: from_pretrained | Strategy: new
[2026-05-30 06:28:14]     Normalization: none | fit_scope=none
[2026-05-30 06:28:14]     Phase 1 (new): 2,170/16,010 params
[2026-05-30 06:28:15]     Result | best_epoch=1 | stop=51 | final_phase_epochs=51 | acc=0.5000 | bal_acc=0.5000 | pred_hist=[0, 8] | collapse=True
[2026-05-30 06:28:15]     spatial_conv=[4, 29] top_abs_channels=[('Pz', 0.15344992), ('O2', 0.14478156), ('T3', 0.12721482), ('O1', 0.12145801), ('CP3', 0.12072688), ('T4', 0.12072179), ('C3', 0.11471629), ('CP4', 0.11076047)]
[2026-05-30 06:28:15]     spatial_update=delta_l2=0.01449159 max_abs=0.00223919 relative=0.01214230 changed=True
[2026-05-30 06:28:15]   Subject 4: acc=0.5000±0.1369  bal_acc=0.5000±0.1369
[2026-05-30 06:28:15] \nSubject 5: 40 windows | class_counts=[20, 20]

[2026-05-30 06:28:15] Fold 1/5 | subject=5
[2026-05-30 06:28:15]     Train: 32 | counts=[16, 16]
[2026-05-30 06:28:15]     Test:  8 | counts=[4, 4]
[2026-05-30 06:28:15]     Model: SignalJEPA_PreLocal | Pretrained: from_pretrained | Strategy: new
[2026-05-30 06:28:15]     Normalization: none | fit_scope=none
[2026-05-30 06:28:15]     Phase 1 (new): 2,170/16,010 params
[2026-05-30 06:28:16]     Result | best_epoch=1 | stop=51 | final_phase_epochs=51 | acc=0.5000 | bal_acc=0.5000 | pred_hist=[0, 8] | collapse=True
[2026-05-30 06:28:16]     spatial_conv=[4, 29] top_abs_channels=[('Pz', 0.15332407), ('O2', 0.14463373), ('T3', 0.12688713), ('O1', 0.12191262), ('T4', 0.121811), ('CP3', 0.12097685), ('C3', 0.11559261), ('CP4', 0.11018893)]
[2026-05-30 06:28:16]     spatial_update=delta_l2=0.01276366 max_abs=0.00230322 relative=0.01069450 changed=True

[2026-05-30 06:28:16] Fold 2/5 | subject=5
[2026-05-30 06:28:16]     Train: 32 | counts=[16, 16]
[2026-05-30 06:28:16]     Test:  8 | counts=[4, 4]
[2026-05-30 06:28:16]     Model: SignalJEPA_PreLocal | Pretrained: from_pretrained | Strategy: new
[2026-05-30 06:28:16]     Normalization: none | fit_scope=none
[2026-05-30 06:28:16]     Phase 1 (new): 2,170/16,010 params
[2026-05-30 06:28:17]     Result | best_epoch=1 | stop=51 | final_phase_epochs=51 | acc=0.5000 | bal_acc=0.5000 | pred_hist=[0, 8] | collapse=True
[2026-05-30 06:28:17]     spatial_conv=[4, 29] top_abs_channels=[('Pz', 0.15402097), ('O2', 0.1448202), ('T3', 0.12703808), ('O1', 0.12275021), ('T4', 0.12265931), ('CP3', 0.12089497), ('C3', 0.1149963), ('CP4', 0.11056411)]
[2026-05-30 06:28:17]     spatial_update=delta_l2=0.01232165 max_abs=0.00217615 relative=0.01032415 changed=True

[2026-05-30 06:28:18] Fold 3/5 | subject=5
[2026-05-30 06:28:18]     Train: 32 | counts=[16, 16]
[2026-05-30 06:28:18]     Test:  8 | counts=[4, 4]
[2026-05-30 06:28:18]     Model: SignalJEPA_PreLocal | Pretrained: from_pretrained | Strategy: new
[2026-05-30 06:28:18]     Normalization: none | fit_scope=none
[2026-05-30 06:28:18]     Phase 1 (new): 2,170/16,010 params
[2026-05-30 06:28:47]     Result | best_epoch=2118 | stop=2168 | final_phase_epochs=2168 | acc=0.3750 | bal_acc=0.3750 | pred_hist=[5, 3] | collapse=False
[2026-05-30 06:28:47]     spatial_conv=[4, 29] top_abs_channels=[('CP4', 0.19577417), ('TP8', 0.14008699), ('FCz', 0.12181677), ('T6', 0.11974497), ('C4', 0.11670461), ('T5', 0.11534063), ('Fz', 0.11174928), ('TP7', 0.11017215)]
[2026-05-30 06:28:47]     spatial_update=delta_l2=1.13876438 max_abs=0.25775037 relative=0.95415520 changed=True

[2026-05-30 06:28:48] Fold 4/5 | subject=5
[2026-05-30 06:28:48]     Train: 32 | counts=[16, 16]
[2026-05-30 06:28:48]     Test:  8 | counts=[4, 4]
[2026-05-30 06:28:48]     Model: SignalJEPA_PreLocal | Pretrained: from_pretrained | Strategy: new
[2026-05-30 06:28:48]     Normalization: none | fit_scope=none
[2026-05-30 06:28:48]     Phase 1 (new): 2,170/16,010 params
[2026-05-30 06:28:49]     Result | best_epoch=18 | stop=63 | final_phase_epochs=63 | acc=0.5000 | bal_acc=0.5000 | pred_hist=[2, 6] | collapse=False
[2026-05-30 06:28:49]     spatial_conv=[4, 29] top_abs_channels=[('O2', 0.1537376), ('Pz', 0.1480764), ('T4', 0.12933248), ('T3', 0.12800214), ('O1', 0.12536347), ('C3', 0.11540207), ('CP3', 0.11469717), ('CP4', 0.11111263)]
[2026-05-30 06:28:49]     spatial_update=delta_l2=0.12540763 max_abs=0.02703511 relative=0.10507735 changed=True

[2026-05-30 06:28:49] Fold 5/5 | subject=5
[2026-05-30 06:28:49]     Train: 32 | counts=[16, 16]
[2026-05-30 06:28:49]     Test:  8 | counts=[4, 4]
[2026-05-30 06:28:49]     Model: SignalJEPA_PreLocal | Pretrained: from_pretrained | Strategy: new
[2026-05-30 06:28:49]     Normalization: none | fit_scope=none
[2026-05-30 06:28:49]     Phase 1 (new): 2,170/16,010 params
[2026-05-30 06:28:50]     Result | best_epoch=1 | stop=51 | final_phase_epochs=51 | acc=0.5000 | bal_acc=0.5000 | pred_hist=[0, 8] | collapse=True
[2026-05-30 06:28:50]     spatial_conv=[4, 29] top_abs_channels=[('Pz', 0.15306436), ('O2', 0.14459126), ('T3', 0.12644909), ('O1', 0.1223309), ('T4', 0.12215199), ('CP3', 0.12191495), ('C3', 0.11542674), ('CP4', 0.10964415)]
[2026-05-30 06:28:50]     spatial_update=delta_l2=0.01313529 max_abs=0.00227074 relative=0.01100588 changed=True
[2026-05-30 06:28:50]   Subject 5: acc=0.4750±0.0500  bal_acc=0.4750±0.0500
[2026-05-30 06:28:50] \nSubject 6: 40 windows | class_counts=[20, 20]

[2026-05-30 06:28:51] Fold 1/5 | subject=6
[2026-05-30 06:28:51]     Train: 32 | counts=[16, 16]
[2026-05-30 06:28:51]     Test:  8 | counts=[4, 4]
[2026-05-30 06:28:51]     Model: SignalJEPA_PreLocal | Pretrained: from_pretrained | Strategy: new
[2026-05-30 06:28:51]     Normalization: none | fit_scope=none
[2026-05-30 06:28:51]     Phase 1 (new): 2,170/16,010 params
[2026-05-30 06:28:53]     Result | best_epoch=141 | stop=191 | final_phase_epochs=191 | acc=0.3750 | bal_acc=0.3750 | pred_hist=[3, 5] | collapse=False
[2026-05-30 06:28:53]     spatial_conv=[4, 29] top_abs_channels=[('CP4', 0.15651065), ('CP3', 0.15299085), ('C4', 0.1490145), ('O2', 0.14384486), ('T3', 0.14288983), ('Pz', 0.13105631), ('Fp2', 0.12697959), ('F4', 0.12500727)]
[2026-05-30 06:28:53]     spatial_update=delta_l2=0.76552945 max_abs=0.19381702 relative=0.64142672 changed=True

[2026-05-30 06:28:54] Fold 2/5 | subject=6
[2026-05-30 06:28:54]     Train: 32 | counts=[16, 16]
[2026-05-30 06:28:54]     Test:  8 | counts=[4, 4]
[2026-05-30 06:28:54]     Model: SignalJEPA_PreLocal | Pretrained: from_pretrained | Strategy: new
[2026-05-30 06:28:54]     Normalization: none | fit_scope=none
[2026-05-30 06:28:54]     Phase 1 (new): 2,170/16,010 params
[2026-05-30 06:28:55]     Result | best_epoch=65 | stop=115 | final_phase_epochs=115 | acc=0.7500 | bal_acc=0.7500 | pred_hist=[6, 2] | collapse=False
[2026-05-30 06:28:55]     spatial_conv=[4, 29] top_abs_channels=[('O2', 0.14641283), ('Pz', 0.14508951), ('T3', 0.13227305), ('Fp1', 0.13142473), ('C3', 0.13133365), ('CP3', 0.12438179), ('O1', 0.12023146), ('F7', 0.11720717)]
[2026-05-30 06:28:55]     spatial_update=delta_l2=0.43690277 max_abs=0.10065776 relative=0.36607489 changed=True

[2026-05-30 06:28:56] Fold 3/5 | subject=6
[2026-05-30 06:28:56]     Train: 32 | counts=[16, 16]
[2026-05-30 06:28:56]     Test:  8 | counts=[4, 4]
[2026-05-30 06:28:56]     Model: SignalJEPA_PreLocal | Pretrained: from_pretrained | Strategy: new
[2026-05-30 06:28:56]     Normalization: none | fit_scope=none
[2026-05-30 06:28:56]     Phase 1 (new): 2,170/16,010 params
[2026-05-30 06:29:03]     Result | best_epoch=518 | stop=568 | final_phase_epochs=568 | acc=0.3750 | bal_acc=0.3750 | pred_hist=[7, 1] | collapse=False
[2026-05-30 06:29:03]     spatial_conv=[4, 29] top_abs_channels=[('C3', 0.18898809), ('CP3', 0.1560363), ('P3', 0.14074776), ('Fp1', 0.13566667), ('F8', 0.12933818), ('CP4', 0.11925737), ('C4', 0.11793466), ('FC3', 0.11780878)]
[2026-05-30 06:29:03]     spatial_update=delta_l2=1.08812809 max_abs=0.30305203 relative=0.91172773 changed=True

[2026-05-30 06:29:04] Fold 4/5 | subject=6
[2026-05-30 06:29:04]     Train: 32 | counts=[16, 16]
[2026-05-30 06:29:04]     Test:  8 | counts=[4, 4]
[2026-05-30 06:29:04]     Model: SignalJEPA_PreLocal | Pretrained: from_pretrained | Strategy: new
[2026-05-30 06:29:04]     Normalization: none | fit_scope=none
[2026-05-30 06:29:04]     Phase 1 (new): 2,170/16,010 params
[2026-05-30 06:29:05]     Result | best_epoch=3 | stop=53 | final_phase_epochs=53 | acc=0.5000 | bal_acc=0.5000 | pred_hist=[0, 8] | collapse=True
[2026-05-30 06:29:05]     spatial_conv=[4, 29] top_abs_channels=[('Pz', 0.15319794), ('O2', 0.1448452), ('T3', 0.12729229), ('CP3', 0.12187411), ('O1', 0.12164148), ('T4', 0.12102436), ('C3', 0.11495477), ('Fp1', 0.1106283)]
[2026-05-30 06:29:05]     spatial_update=delta_l2=0.02971303 max_abs=0.00611586 relative=0.02489614 changed=True

[2026-05-30 06:29:05] Fold 5/5 | subject=6
[2026-05-30 06:29:05]     Train: 32 | counts=[16, 16]
[2026-05-30 06:29:05]     Test:  8 | counts=[4, 4]
[2026-05-30 06:29:05]     Model: SignalJEPA_PreLocal | Pretrained: from_pretrained | Strategy: new
[2026-05-30 06:29:05]     Normalization: none | fit_scope=none
[2026-05-30 06:29:05]     Phase 1 (new): 2,170/16,010 params
[2026-05-30 06:29:08]     Result | best_epoch=115 | stop=165 | final_phase_epochs=165 | acc=0.2500 | bal_acc=0.2500 | pred_hist=[6, 2] | collapse=False
[2026-05-30 06:29:08]     spatial_conv=[4, 29] top_abs_channels=[('T6', 0.14420487), ('O2', 0.14368962), ('T3', 0.13374588), ('Fp1', 0.13323301), ('CP3', 0.12869564), ('Fz', 0.12556207), ('Pz', 0.12437101), ('CP4', 0.12296806)]
[2026-05-30 06:29:08]     spatial_update=delta_l2=0.69961724 max_abs=0.20184928 relative=0.58619978 changed=True
[2026-05-30 06:29:08]   Subject 6: acc=0.4500±0.1696  bal_acc=0.4500±0.1696
[2026-05-30 06:29:08] \nSubject 7: 40 windows | class_counts=[20, 20]

[2026-05-30 06:29:08] Fold 1/5 | subject=7
[2026-05-30 06:29:08]     Train: 32 | counts=[16, 16]
[2026-05-30 06:29:08]     Test:  8 | counts=[4, 4]
[2026-05-30 06:29:08]     Model: SignalJEPA_PreLocal | Pretrained: from_pretrained | Strategy: new
[2026-05-30 06:29:08]     Normalization: none | fit_scope=none
[2026-05-30 06:29:08]     Phase 1 (new): 2,170/16,010 params
[2026-05-30 06:29:18]     Result | best_epoch=671 | stop=721 | final_phase_epochs=721 | acc=0.6250 | bal_acc=0.6250 | pred_hist=[3, 5] | collapse=False
[2026-05-30 06:29:18]     spatial_conv=[4, 29] top_abs_channels=[('CP3', 0.19204105), ('Fz', 0.18690848), ('CP4', 0.13306294), ('C3', 0.11984149), ('F4', 0.1187026), ('TP7', 0.11687651), ('P3', 0.11283161), ('P4', 0.1101928)]
[2026-05-30 06:29:18]     spatial_update=delta_l2=1.16442722 max_abs=0.30726089 relative=0.97565774 changed=True

[2026-05-30 06:29:19] Fold 2/5 | subject=7
[2026-05-30 06:29:19]     Train: 32 | counts=[16, 16]
[2026-05-30 06:29:19]     Test:  8 | counts=[4, 4]
[2026-05-30 06:29:19]     Model: SignalJEPA_PreLocal | Pretrained: from_pretrained | Strategy: new
[2026-05-30 06:29:19]     Normalization: none | fit_scope=none
[2026-05-30 06:29:19]     Phase 1 (new): 2,170/16,010 params
[2026-05-30 06:29:21]     Result | best_epoch=95 | stop=145 | final_phase_epochs=145 | acc=0.5000 | bal_acc=0.5000 | pred_hist=[6, 2] | collapse=False
[2026-05-30 06:29:21]     spatial_conv=[4, 29] top_abs_channels=[('CP3', 0.15341634), ('F8', 0.13469127), ('FT8', 0.13103546), ('CP4', 0.12831847), ('O2', 0.1252273), ('F4', 0.12089822), ('Fp1', 0.11792415), ('P4', 0.11664759)]
[2026-05-30 06:29:21]     spatial_update=delta_l2=0.62537489 max_abs=0.16459306 relative=0.52399312 changed=True

[2026-05-30 06:29:21] Fold 3/5 | subject=7
[2026-05-30 06:29:21]     Train: 32 | counts=[16, 16]
[2026-05-30 06:29:21]     Test:  8 | counts=[4, 4]
[2026-05-30 06:29:21]     Model: SignalJEPA_PreLocal | Pretrained: from_pretrained | Strategy: new
[2026-05-30 06:29:21]     Normalization: none | fit_scope=none
[2026-05-30 06:29:21]     Phase 1 (new): 2,170/16,010 params
[2026-05-30 06:29:24]     Result | best_epoch=171 | stop=221 | final_phase_epochs=221 | acc=0.8750 | bal_acc=0.8750 | pred_hist=[3, 5] | collapse=False
[2026-05-30 06:29:24]     spatial_conv=[4, 29] top_abs_channels=[('CP4', 0.17468996), ('O2', 0.16206922), ('Pz', 0.15219429), ('FT7', 0.13480072), ('CP3', 0.12835494), ('C3', 0.11331986), ('O1', 0.11060502), ('T5', 0.10981739)]
[2026-05-30 06:29:24]     spatial_update=delta_l2=0.74534751 max_abs=0.17381492 relative=0.62451654 changed=True

[2026-05-30 06:29:25] Fold 4/5 | subject=7
[2026-05-30 06:29:25]     Train: 32 | counts=[16, 16]
[2026-05-30 06:29:25]     Test:  8 | counts=[4, 4]
[2026-05-30 06:29:25]     Model: SignalJEPA_PreLocal | Pretrained: from_pretrained | Strategy: new
[2026-05-30 06:29:25]     Normalization: none | fit_scope=none
[2026-05-30 06:29:25]     Phase 1 (new): 2,170/16,010 params
[2026-05-30 06:29:36]     Result | best_epoch=745 | stop=795 | final_phase_epochs=795 | acc=0.2500 | bal_acc=0.2500 | pred_hist=[4, 4] | collapse=False
[2026-05-30 06:29:36]     spatial_conv=[4, 29] top_abs_channels=[('CP3', 0.24281789), ('P3', 0.20376244), ('TP7', 0.1629048), ('F4', 0.15655038), ('T5', 0.12812948), ('C4', 0.12391855), ('CP4', 0.12287239), ('Pz', 0.11033434)]
[2026-05-30 06:29:36]     spatial_update=delta_l2=1.36350500 max_abs=0.48442441 relative=1.14246231 changed=True

[2026-05-30 06:29:36] Fold 5/5 | subject=7
[2026-05-30 06:29:36]     Train: 32 | counts=[16, 16]
[2026-05-30 06:29:36]     Test:  8 | counts=[4, 4]
[2026-05-30 06:29:36]     Model: SignalJEPA_PreLocal | Pretrained: from_pretrained | Strategy: new
[2026-05-30 06:29:36]     Normalization: none | fit_scope=none
[2026-05-30 06:29:36]     Phase 1 (new): 2,170/16,010 params
[2026-05-30 06:29:38]     Result | best_epoch=123 | stop=173 | final_phase_epochs=173 | acc=0.6250 | bal_acc=0.6250 | pred_hist=[3, 5] | collapse=False
[2026-05-30 06:29:38]     spatial_conv=[4, 29] top_abs_channels=[('Pz', 0.17927714), ('CP3', 0.15756094), ('CP4', 0.15140076), ('FT7', 0.14615023), ('O2', 0.13007352), ('F3', 0.1259034), ('Fp1', 0.12281498), ('FT8', 0.11664858)]
[2026-05-30 06:29:38]     spatial_update=delta_l2=0.70806816 max_abs=0.19413708 relative=0.59328069 changed=True
[2026-05-30 06:29:38]   Subject 7: acc=0.5750±0.2031  bal_acc=0.5750±0.2031
[2026-05-30 06:29:38] \nSubject 8: 40 windows | class_counts=[20, 20]

[2026-05-30 06:29:39] Fold 1/5 | subject=8
[2026-05-30 06:29:39]     Train: 32 | counts=[16, 16]
[2026-05-30 06:29:39]     Test:  8 | counts=[4, 4]
[2026-05-30 06:29:39]     Model: SignalJEPA_PreLocal | Pretrained: from_pretrained | Strategy: new
[2026-05-30 06:29:39]     Normalization: none | fit_scope=none
[2026-05-30 06:29:39]     Phase 1 (new): 2,170/16,010 params
[2026-05-30 06:29:42]     Result | best_epoch=151 | stop=201 | final_phase_epochs=201 | acc=0.5000 | bal_acc=0.5000 | pred_hist=[6, 2] | collapse=False
[2026-05-30 06:29:42]     spatial_conv=[4, 29] top_abs_channels=[('TP7', 0.17091358), ('CP3', 0.16482899), ('TP8', 0.16037607), ('C3', 0.12624252), ('T5', 0.12384973), ('P4', 0.12297103), ('Pz', 0.1221507), ('Fz', 0.12151277)]
[2026-05-30 06:29:42]     spatial_update=delta_l2=0.86069410 max_abs=0.29154670 relative=0.72116388 changed=True

[2026-05-30 06:29:42] Fold 2/5 | subject=8
[2026-05-30 06:29:42]     Train: 32 | counts=[16, 16]
[2026-05-30 06:29:42]     Test:  8 | counts=[4, 4]
[2026-05-30 06:29:42]     Model: SignalJEPA_PreLocal | Pretrained: from_pretrained | Strategy: new
[2026-05-30 06:29:42]     Normalization: none | fit_scope=none
[2026-05-30 06:29:42]     Phase 1 (new): 2,170/16,010 params
[2026-05-30 06:29:44]     Result | best_epoch=91 | stop=141 | final_phase_epochs=141 | acc=0.7500 | bal_acc=0.7500 | pred_hist=[4, 4] | collapse=False
[2026-05-30 06:29:44]     spatial_conv=[4, 29] top_abs_channels=[('CP3', 0.1450936), ('CP4', 0.14164391), ('Pz', 0.13728234), ('TP7', 0.13575503), ('P4', 0.13387759), ('C3', 0.13332283), ('TP8', 0.12759222), ('O1', 0.11763175)]
[2026-05-30 06:29:44]     spatial_update=delta_l2=0.60951654 max_abs=0.20283177 relative=0.51070562 changed=True

[2026-05-30 06:29:45] Fold 3/5 | subject=8
[2026-05-30 06:29:45]     Train: 32 | counts=[16, 16]
[2026-05-30 06:29:45]     Test:  8 | counts=[4, 4]
[2026-05-30 06:29:45]     Model: SignalJEPA_PreLocal | Pretrained: from_pretrained | Strategy: new
[2026-05-30 06:29:45]     Normalization: none | fit_scope=none
[2026-05-30 06:29:45]     Phase 1 (new): 2,170/16,010 params
[2026-05-30 06:29:45]     Result | best_epoch=1 | stop=51 | final_phase_epochs=51 | acc=0.5000 | bal_acc=0.5000 | pred_hist=[0, 8] | collapse=True
[2026-05-30 06:29:45]     spatial_conv=[4, 29] top_abs_channels=[('Pz', 0.15246086), ('O2', 0.14331903), ('T3', 0.12735026), ('O1', 0.123576), ('T4', 0.12232861), ('CP3', 0.1217206), ('C3', 0.11515253), ('CP4', 0.11106524)]
[2026-05-30 06:29:45]     spatial_update=delta_l2=0.01456340 max_abs=0.00233781 relative=0.01220248 changed=True

[2026-05-30 06:29:46] Fold 4/5 | subject=8
[2026-05-30 06:29:46]     Train: 32 | counts=[16, 16]
[2026-05-30 06:29:46]     Test:  8 | counts=[4, 4]
[2026-05-30 06:29:46]     Model: SignalJEPA_PreLocal | Pretrained: from_pretrained | Strategy: new
[2026-05-30 06:29:46]     Normalization: none | fit_scope=none
[2026-05-30 06:29:46]     Phase 1 (new): 2,170/16,010 params
[2026-05-30 06:29:47]     Result | best_epoch=34 | stop=84 | final_phase_epochs=84 | acc=0.6250 | bal_acc=0.6250 | pred_hist=[1, 7] | collapse=False
[2026-05-30 06:29:47]     spatial_conv=[4, 29] top_abs_channels=[('Pz', 0.14322054), ('CP3', 0.14213997), ('P4', 0.13978213), ('O2', 0.13568866), ('O1', 0.1248637), ('T3', 0.12446095), ('F7', 0.12405122), ('TP8', 0.11855286)]
[2026-05-30 06:29:47]     spatial_update=delta_l2=0.29479359 max_abs=0.07875466 relative=0.24700354 changed=True

[2026-05-30 06:29:47] Fold 5/5 | subject=8
[2026-05-30 06:29:47]     Train: 32 | counts=[16, 16]
[2026-05-30 06:29:47]     Test:  8 | counts=[4, 4]
[2026-05-30 06:29:47]     Model: SignalJEPA_PreLocal | Pretrained: from_pretrained | Strategy: new
[2026-05-30 06:29:47]     Normalization: none | fit_scope=none
[2026-05-30 06:29:47]     Phase 1 (new): 2,170/16,010 params
[2026-05-30 06:29:50]     Result | best_epoch=107 | stop=155 | final_phase_epochs=155 | acc=0.6250 | bal_acc=0.6250 | pred_hist=[5, 3] | collapse=False
[2026-05-30 06:29:50]     spatial_conv=[4, 29] top_abs_channels=[('Pz', 0.15746504), ('C3', 0.1422973), ('TP7', 0.13939373), ('CP4', 0.12141147), ('CP3', 0.12069371), ('T4', 0.11958529), ('TP8', 0.1155174), ('P4', 0.11480328)]
[2026-05-30 06:29:50]     spatial_update=delta_l2=0.66933386 max_abs=0.23393448 relative=0.56082574 changed=True
[2026-05-30 06:29:50]   Subject 8: acc=0.6000±0.0935  bal_acc=0.6000±0.0935
[2026-05-30 06:29:50] \nSubject 9: 40 windows | class_counts=[20, 20]

[2026-05-30 06:29:50] Fold 1/5 | subject=9
[2026-05-30 06:29:50]     Train: 32 | counts=[16, 16]
[2026-05-30 06:29:50]     Test:  8 | counts=[4, 4]
[2026-05-30 06:29:50]     Model: SignalJEPA_PreLocal | Pretrained: from_pretrained | Strategy: new
[2026-05-30 06:29:50]     Normalization: none | fit_scope=none
[2026-05-30 06:29:50]     Phase 1 (new): 2,170/16,010 params
[2026-05-30 06:29:51]     Result | best_epoch=22 | stop=72 | final_phase_epochs=72 | acc=0.7500 | bal_acc=0.7500 | pred_hist=[2, 6] | collapse=False
[2026-05-30 06:29:51]     spatial_conv=[4, 29] top_abs_channels=[('Pz', 0.15069103), ('O2', 0.14709614), ('T4', 0.12393077), ('CP3', 0.12299245), ('CP4', 0.12094293), ('T3', 0.11934231), ('C3', 0.11627249), ('O1', 0.11396291)]
[2026-05-30 06:29:51]     spatial_update=delta_l2=0.18944342 max_abs=0.04655743 relative=0.15873207 changed=True

[2026-05-30 06:29:52] Fold 2/5 | subject=9
[2026-05-30 06:29:52]     Train: 32 | counts=[16, 16]
[2026-05-30 06:29:52]     Test:  8 | counts=[4, 4]
[2026-05-30 06:29:52]     Model: SignalJEPA_PreLocal | Pretrained: from_pretrained | Strategy: new
[2026-05-30 06:29:52]     Normalization: none | fit_scope=none
[2026-05-30 06:29:52]     Phase 1 (new): 2,170/16,010 params
[2026-05-30 06:29:53]     Result | best_epoch=60 | stop=109 | final_phase_epochs=109 | acc=0.5000 | bal_acc=0.5000 | pred_hist=[4, 4] | collapse=False
[2026-05-30 06:29:53]     spatial_conv=[4, 29] top_abs_channels=[('T3', 0.18374971), ('O2', 0.15764666), ('C4', 0.13007739), ('Pz', 0.12827781), ('CP3', 0.12740806), ('T4', 0.12367903), ('C3', 0.11160697), ('O1', 0.11095917)]
[2026-05-30 06:29:53]     spatial_update=delta_l2=0.39701010 max_abs=0.10230242 relative=0.33264936 changed=True

[2026-05-30 06:29:54] Fold 3/5 | subject=9
[2026-05-30 06:29:54]     Train: 32 | counts=[16, 16]
[2026-05-30 06:29:54]     Test:  8 | counts=[4, 4]
[2026-05-30 06:29:54]     Model: SignalJEPA_PreLocal | Pretrained: from_pretrained | Strategy: new
[2026-05-30 06:29:54]     Normalization: none | fit_scope=none
[2026-05-30 06:29:54]     Phase 1 (new): 2,170/16,010 params
[2026-05-30 06:29:55]     Result | best_epoch=33 | stop=83 | final_phase_epochs=83 | acc=0.3750 | bal_acc=0.3750 | pred_hist=[3, 5] | collapse=False
[2026-05-30 06:29:55]     spatial_conv=[4, 29] top_abs_channels=[('T3', 0.1647283), ('O2', 0.15632632), ('T4', 0.12939361), ('CP3', 0.12808163), ('Pz', 0.12558623), ('C4', 0.10863934), ('P4', 0.10747153), ('C3', 0.10730076)]
[2026-05-30 06:29:55]     spatial_update=delta_l2=0.24879017 max_abs=0.05139960 relative=0.20845790 changed=True

[2026-05-30 06:29:55] Fold 4/5 | subject=9
[2026-05-30 06:29:55]     Train: 32 | counts=[16, 16]
[2026-05-30 06:29:55]     Test:  8 | counts=[4, 4]
[2026-05-30 06:29:55]     Model: SignalJEPA_PreLocal | Pretrained: from_pretrained | Strategy: new
[2026-05-30 06:29:55]     Normalization: none | fit_scope=none
[2026-05-30 06:29:55]     Phase 1 (new): 2,170/16,010 params
[2026-05-30 06:29:56]     Result | best_epoch=10 | stop=60 | final_phase_epochs=60 | acc=0.5000 | bal_acc=0.5000 | pred_hist=[2, 6] | collapse=False
[2026-05-30 06:29:56]     spatial_conv=[4, 29] top_abs_channels=[('Pz', 0.15442593), ('O2', 0.14474376), ('T3', 0.12525438), ('T4', 0.12425321), ('CP3', 0.12419809), ('O1', 0.12229487), ('C3', 0.12021887), ('CP4', 0.11130875)]
[2026-05-30 06:29:56]     spatial_update=delta_l2=0.08735810 max_abs=0.01839813 relative=0.07319616 changed=True

[2026-05-30 06:29:56] Fold 5/5 | subject=9
[2026-05-30 06:29:56]     Train: 32 | counts=[16, 16]
[2026-05-30 06:29:56]     Test:  8 | counts=[4, 4]
[2026-05-30 06:29:56]     Model: SignalJEPA_PreLocal | Pretrained: from_pretrained | Strategy: new
[2026-05-30 06:29:56]     Normalization: none | fit_scope=none
[2026-05-30 06:29:56]     Phase 1 (new): 2,170/16,010 params
[2026-05-30 06:30:00]     Result | best_epoch=191 | stop=241 | final_phase_epochs=241 | acc=0.2500 | bal_acc=0.2500 | pred_hist=[4, 4] | collapse=False
[2026-05-30 06:30:00]     spatial_conv=[4, 29] top_abs_channels=[('C4', 0.1646802), ('T3', 0.16158089), ('O2', 0.15297599), ('CP3', 0.14437091), ('F4', 0.13970877), ('P3', 0.13191663), ('Pz', 0.12646946), ('T4', 0.12214041)]
[2026-05-30 06:30:00]     spatial_update=delta_l2=0.87241581 max_abs=0.21979558 relative=0.73098534 changed=True
[2026-05-30 06:30:00]   Subject 9: acc=0.4750±0.1658  bal_acc=0.4750±0.1658
[2026-05-30 06:30:00] \nSubject 10: 40 windows | class_counts=[20, 20]

[2026-05-30 06:30:00] Fold 1/5 | subject=10
[2026-05-30 06:30:00]     Train: 32 | counts=[16, 16]
[2026-05-30 06:30:00]     Test:  8 | counts=[4, 4]
[2026-05-30 06:30:00]     Model: SignalJEPA_PreLocal | Pretrained: from_pretrained | Strategy: new
[2026-05-30 06:30:00]     Normalization: none | fit_scope=none
[2026-05-30 06:30:00]     Phase 1 (new): 2,170/16,010 params
[2026-05-30 06:30:01]     Result | best_epoch=1 | stop=51 | final_phase_epochs=51 | acc=0.5000 | bal_acc=0.5000 | pred_hist=[0, 8] | collapse=True
[2026-05-30 06:30:01]     spatial_conv=[4, 29] top_abs_channels=[('Pz', 0.15338063), ('O2', 0.14344354), ('T3', 0.12727848), ('O1', 0.1223343), ('T4', 0.12134843), ('CP3', 0.12089549), ('C3', 0.11552672), ('CP4', 0.1116812)]
[2026-05-30 06:30:01]     spatial_update=delta_l2=0.01354392 max_abs=0.00223263 relative=0.01134827 changed=True

[2026-05-30 06:30:01] Fold 2/5 | subject=10
[2026-05-30 06:30:01]     Train: 32 | counts=[16, 16]
[2026-05-30 06:30:01]     Test:  8 | counts=[4, 4]
[2026-05-30 06:30:01]     Model: SignalJEPA_PreLocal | Pretrained: from_pretrained | Strategy: new
[2026-05-30 06:30:01]     Normalization: none | fit_scope=none
[2026-05-30 06:30:01]     Phase 1 (new): 2,170/16,010 params
[2026-05-30 06:30:02]     Result | best_epoch=1 | stop=51 | final_phase_epochs=51 | acc=0.5000 | bal_acc=0.5000 | pred_hist=[0, 8] | collapse=True
[2026-05-30 06:30:02]     spatial_conv=[4, 29] top_abs_channels=[('Pz', 0.15297738), ('O2', 0.14347193), ('T3', 0.12688689), ('T4', 0.12210368), ('O1', 0.12209844), ('CP3', 0.12170097), ('C3', 0.11505763), ('CP4', 0.11131431)]
[2026-05-30 06:30:02]     spatial_update=delta_l2=0.01011219 max_abs=0.00205603 relative=0.00847286 changed=True

[2026-05-30 06:30:03] Fold 3/5 | subject=10
[2026-05-30 06:30:03]     Train: 32 | counts=[16, 16]
[2026-05-30 06:30:03]     Test:  8 | counts=[4, 4]
[2026-05-30 06:30:03]     Model: SignalJEPA_PreLocal | Pretrained: from_pretrained | Strategy: new
[2026-05-30 06:30:03]     Normalization: none | fit_scope=none
[2026-05-30 06:30:03]     Phase 1 (new): 2,170/16,010 params
[2026-05-30 06:30:16]     Result | best_epoch=894 | stop=944 | final_phase_epochs=944 | acc=0.3750 | bal_acc=0.3750 | pred_hist=[3, 5] | collapse=False
[2026-05-30 06:30:16]     spatial_conv=[4, 29] top_abs_channels=[('FC4', 0.18054256), ('CP3', 0.17087905), ('TP7', 0.17003706), ('T3', 0.15885411), ('CP4', 0.14324342), ('C4', 0.1418364), ('P3', 0.13567504), ('FC3', 0.11827517)]
[2026-05-30 06:30:16]     spatial_update=delta_l2=1.44907388 max_abs=0.47726929 relative=1.21415931 changed=True

[2026-05-30 06:30:16] Fold 4/5 | subject=10
[2026-05-30 06:30:16]     Train: 32 | counts=[16, 16]
[2026-05-30 06:30:16]     Test:  8 | counts=[4, 4]
[2026-05-30 06:30:16]     Model: SignalJEPA_PreLocal | Pretrained: from_pretrained | Strategy: new
[2026-05-30 06:30:16]     Normalization: none | fit_scope=none
[2026-05-30 06:30:16]     Phase 1 (new): 2,170/16,010 params
[2026-05-30 06:30:25]     Result | best_epoch=590 | stop=640 | final_phase_epochs=640 | acc=0.5000 | bal_acc=0.5000 | pred_hist=[4, 4] | collapse=False
[2026-05-30 06:30:25]     spatial_conv=[4, 29] top_abs_channels=[('FC3', 0.24087319), ('P3', 0.19398233), ('FCz', 0.15194805), ('F4', 0.14918381), ('T3', 0.13870029), ('C4', 0.13200106), ('CP3', 0.12989503), ('F3', 0.11894748)]
[2026-05-30 06:30:25]     spatial_update=delta_l2=1.31372530 max_abs=0.54876166 relative=1.10075257 changed=True

[2026-05-30 06:30:25] Fold 5/5 | subject=10
[2026-05-30 06:30:25]     Train: 32 | counts=[16, 16]
[2026-05-30 06:30:25]     Test:  8 | counts=[4, 4]
[2026-05-30 06:30:25]     Model: SignalJEPA_PreLocal | Pretrained: from_pretrained | Strategy: new
[2026-05-30 06:30:25]     Normalization: none | fit_scope=none
[2026-05-30 06:30:25]     Phase 1 (new): 2,170/16,010 params
[2026-05-30 06:30:28]     Result | best_epoch=113 | stop=163 | final_phase_epochs=163 | acc=0.5000 | bal_acc=0.5000 | pred_hist=[4, 4] | collapse=False
[2026-05-30 06:30:28]     spatial_conv=[4, 29] top_abs_channels=[('CP3', 0.17707129), ('T3', 0.17219833), ('T4', 0.14945278), ('Pz', 0.14848328), ('C4', 0.13233282), ('FT7', 0.11859401), ('Fz', 0.11827719), ('O2', 0.11509617)]
[2026-05-30 06:30:28]     spatial_update=delta_l2=0.76046132 max_abs=0.20321198 relative=0.63718020 changed=True
[2026-05-30 06:30:28]   Subject 10: acc=0.4750±0.0500  bal_acc=0.4750±0.0500
[2026-05-30 06:30:28] \nSubject 11: 40 windows | class_counts=[20, 20]

[2026-05-30 06:30:28] Fold 1/5 | subject=11
[2026-05-30 06:30:28]     Train: 32 | counts=[16, 16]
[2026-05-30 06:30:28]     Test:  8 | counts=[4, 4]
[2026-05-30 06:30:28]     Model: SignalJEPA_PreLocal | Pretrained: from_pretrained | Strategy: new
[2026-05-30 06:30:28]     Normalization: none | fit_scope=none
[2026-05-30 06:30:28]     Phase 1 (new): 2,170/16,010 params
[2026-05-30 06:30:31]     Result | best_epoch=122 | stop=172 | final_phase_epochs=172 | acc=0.3750 | bal_acc=0.3750 | pred_hist=[3, 5] | collapse=False
[2026-05-30 06:30:31]     spatial_conv=[4, 29] top_abs_channels=[('CP3', 0.20566387), ('Pz', 0.16876814), ('P4', 0.1505626), ('O2', 0.13460049), ('FT8', 0.12837403), ('C3', 0.11555215), ('T4', 0.11522773), ('FT7', 0.11466871)]
[2026-05-30 06:30:31]     spatial_update=delta_l2=0.66856301 max_abs=0.17426093 relative=0.56017986 changed=True

[2026-05-30 06:30:31] Fold 2/5 | subject=11
[2026-05-30 06:30:31]     Train: 32 | counts=[16, 16]
[2026-05-30 06:30:31]     Test:  8 | counts=[4, 4]
[2026-05-30 06:30:31]     Model: SignalJEPA_PreLocal | Pretrained: from_pretrained | Strategy: new
[2026-05-30 06:30:31]     Normalization: none | fit_scope=none
[2026-05-30 06:30:31]     Phase 1 (new): 2,170/16,010 params
[2026-05-30 06:30:32]     Result | best_epoch=1 | stop=51 | final_phase_epochs=51 | acc=0.5000 | bal_acc=0.5000 | pred_hist=[0, 8] | collapse=True
[2026-05-30 06:30:32]     spatial_conv=[4, 29] top_abs_channels=[('Pz', 0.15353671), ('O2', 0.14327222), ('T3', 0.12721808), ('O1', 0.12216806), ('T4', 0.12173291), ('CP3', 0.12120183), ('C3', 0.11490466), ('CP4', 0.11033792)]
[2026-05-30 06:30:32]     spatial_update=delta_l2=0.01089478 max_abs=0.00218549 relative=0.00912859 changed=True

[2026-05-30 06:30:32] Fold 3/5 | subject=11
[2026-05-30 06:30:32]     Train: 32 | counts=[16, 16]
[2026-05-30 06:30:32]     Test:  8 | counts=[4, 4]
[2026-05-30 06:30:32]     Model: SignalJEPA_PreLocal | Pretrained: from_pretrained | Strategy: new
[2026-05-30 06:30:32]     Normalization: none | fit_scope=none
[2026-05-30 06:30:32]     Phase 1 (new): 2,170/16,010 params
[2026-05-30 06:30:35]     Result | best_epoch=109 | stop=154 | final_phase_epochs=154 | acc=0.6250 | bal_acc=0.6250 | pred_hist=[5, 3] | collapse=False
[2026-05-30 06:30:35]     spatial_conv=[4, 29] top_abs_channels=[('CP3', 0.1905174), ('Pz', 0.16848372), ('FT8', 0.15254793), ('T4', 0.13489303), ('C3', 0.13257983), ('O2', 0.12228185), ('TP7', 0.11858273), ('P4', 0.11745247)]
[2026-05-30 06:30:35]     spatial_update=delta_l2=0.65250972 max_abs=0.15816265 relative=0.54672903 changed=True

[2026-05-30 06:30:35] Fold 4/5 | subject=11
[2026-05-30 06:30:35]     Train: 32 | counts=[16, 16]
[2026-05-30 06:30:35]     Test:  8 | counts=[4, 4]
[2026-05-30 06:30:35]     Model: SignalJEPA_PreLocal | Pretrained: from_pretrained | Strategy: new
[2026-05-30 06:30:35]     Normalization: none | fit_scope=none
[2026-05-30 06:30:35]     Phase 1 (new): 2,170/16,010 params
[2026-05-30 06:30:36]     Result | best_epoch=42 | stop=90 | final_phase_epochs=90 | acc=0.5000 | bal_acc=0.5000 | pred_hist=[2, 6] | collapse=False
[2026-05-30 06:30:36]     spatial_conv=[4, 29] top_abs_channels=[('Pz', 0.14439061), ('O2', 0.14088002), ('CP3', 0.13555798), ('T4', 0.13335148), ('Fz', 0.11202751), ('P4', 0.11163434), ('T3', 0.11117568), ('O1', 0.10994425)]
[2026-05-30 06:30:36]     spatial_update=delta_l2=0.33088068 max_abs=0.08696506 relative=0.27724043 changed=True

[2026-05-30 06:30:37] Fold 5/5 | subject=11
[2026-05-30 06:30:37]     Train: 32 | counts=[16, 16]
[2026-05-30 06:30:37]     Test:  8 | counts=[4, 4]
[2026-05-30 06:30:37]     Model: SignalJEPA_PreLocal | Pretrained: from_pretrained | Strategy: new
[2026-05-30 06:30:37]     Normalization: none | fit_scope=none
[2026-05-30 06:30:37]     Phase 1 (new): 2,170/16,010 params
[2026-05-30 06:30:37]     Result | best_epoch=1 | stop=51 | final_phase_epochs=51 | acc=0.5000 | bal_acc=0.5000 | pred_hist=[0, 8] | collapse=True
[2026-05-30 06:30:37]     spatial_conv=[4, 29] top_abs_channels=[('Pz', 0.1531872), ('O2', 0.14343886), ('T3', 0.12675671), ('O1', 0.12294218), ('T4', 0.12182434), ('CP3', 0.12172459), ('C3', 0.11489243), ('CP4', 0.1102282)]
[2026-05-30 06:30:37]     spatial_update=delta_l2=0.01074950 max_abs=0.00216204 relative=0.00900686 changed=True
[2026-05-30 06:30:37]   Subject 11: acc=0.5000±0.0791  bal_acc=0.5000±0.0791
[2026-05-30 06:30:37] \nSubject 12: 40 windows | class_counts=[20, 20]

[2026-05-30 06:30:38] Fold 1/5 | subject=12
[2026-05-30 06:30:38]     Train: 32 | counts=[16, 16]
[2026-05-30 06:30:38]     Test:  8 | counts=[4, 4]
[2026-05-30 06:30:38]     Model: SignalJEPA_PreLocal | Pretrained: from_pretrained | Strategy: new
[2026-05-30 06:30:38]     Normalization: none | fit_scope=none
[2026-05-30 06:30:38]     Phase 1 (new): 2,170/16,010 params
[2026-05-30 06:30:39]     Result | best_epoch=1 | stop=51 | final_phase_epochs=51 | acc=0.5000 | bal_acc=0.5000 | pred_hist=[0, 8] | collapse=True
[2026-05-30 06:30:39]     spatial_conv=[4, 29] top_abs_channels=[('Pz', 0.15383242), ('O2', 0.14372696), ('T3', 0.12583089), ('T4', 0.12271231), ('CP3', 0.12141395), ('O1', 0.12127732), ('C3', 0.11425456), ('CP4', 0.11062546)]
[2026-05-30 06:30:39]     spatial_update=delta_l2=0.01230612 max_abs=0.00235280 relative=0.01031113 changed=True

[2026-05-30 06:30:39] Fold 2/5 | subject=12
[2026-05-30 06:30:39]     Train: 32 | counts=[16, 16]
[2026-05-30 06:30:39]     Test:  8 | counts=[4, 4]
[2026-05-30 06:30:39]     Model: SignalJEPA_PreLocal | Pretrained: from_pretrained | Strategy: new
[2026-05-30 06:30:39]     Normalization: none | fit_scope=none
[2026-05-30 06:30:39]     Phase 1 (new): 2,170/16,010 params
[2026-05-30 06:30:40]     Result | best_epoch=1 | stop=51 | final_phase_epochs=51 | acc=0.5000 | bal_acc=0.5000 | pred_hist=[0, 8] | collapse=True
[2026-05-30 06:30:40]     spatial_conv=[4, 29] top_abs_channels=[('Pz', 0.1533816), ('O2', 0.1436), ('T3', 0.12632315), ('T4', 0.12250454), ('CP3', 0.12227609), ('O1', 0.12095794), ('C3', 0.11485682), ('CP4', 0.11079613)]
[2026-05-30 06:30:40]     spatial_update=delta_l2=0.01160521 max_abs=0.00231439 relative=0.00972384 changed=True

[2026-05-30 06:30:40] Fold 3/5 | subject=12
[2026-05-30 06:30:40]     Train: 32 | counts=[16, 16]
[2026-05-30 06:30:40]     Test:  8 | counts=[4, 4]
[2026-05-30 06:30:40]     Model: SignalJEPA_PreLocal | Pretrained: from_pretrained | Strategy: new
[2026-05-30 06:30:40]     Normalization: none | fit_scope=none
[2026-05-30 06:30:40]     Phase 1 (new): 2,170/16,010 params
[2026-05-30 06:30:42]     Result | best_epoch=51 | stop=99 | final_phase_epochs=99 | acc=0.5000 | bal_acc=0.5000 | pred_hist=[4, 4] | collapse=False
[2026-05-30 06:30:42]     spatial_conv=[4, 29] top_abs_channels=[('O2', 0.18879625), ('Pz', 0.1447641), ('CP3', 0.14243032), ('TP7', 0.12737693), ('P4', 0.12361301), ('CP4', 0.11357076), ('T3', 0.10701323), ('FCz', 0.10626081)]
[2026-05-30 06:30:42]     spatial_update=delta_l2=0.43933993 max_abs=0.09851400 relative=0.36811695 changed=True

[2026-05-30 06:30:42] Fold 4/5 | subject=12
[2026-05-30 06:30:42]     Train: 32 | counts=[16, 16]
[2026-05-30 06:30:42]     Test:  8 | counts=[4, 4]
[2026-05-30 06:30:42]     Model: SignalJEPA_PreLocal | Pretrained: from_pretrained | Strategy: new
[2026-05-30 06:30:42]     Normalization: none | fit_scope=none
[2026-05-30 06:30:42]     Phase 1 (new): 2,170/16,010 params
[2026-05-30 06:30:43]     Result | best_epoch=1 | stop=51 | final_phase_epochs=51 | acc=0.5000 | bal_acc=0.5000 | pred_hist=[0, 8] | collapse=True
[2026-05-30 06:30:43]     spatial_conv=[4, 29] top_abs_channels=[('Pz', 0.1533851), ('O2', 0.14326602), ('T3', 0.12615187), ('T4', 0.12237494), ('O1', 0.12214215), ('CP3', 0.12123765), ('C3', 0.11459595), ('CP4', 0.11072362)]
[2026-05-30 06:30:43]     spatial_update=delta_l2=0.01382999 max_abs=0.00225151 relative=0.01158796 changed=True

[2026-05-30 06:30:43] Fold 5/5 | subject=12
[2026-05-30 06:30:43]     Train: 32 | counts=[16, 16]
[2026-05-30 06:30:43]     Test:  8 | counts=[4, 4]
[2026-05-30 06:30:43]     Model: SignalJEPA_PreLocal | Pretrained: from_pretrained | Strategy: new
[2026-05-30 06:30:43]     Normalization: none | fit_scope=none
[2026-05-30 06:30:43]     Phase 1 (new): 2,170/16,010 params
[2026-05-30 06:30:45]     Result | best_epoch=41 | stop=91 | final_phase_epochs=91 | acc=0.5000 | bal_acc=0.5000 | pred_hist=[8, 0] | collapse=True
[2026-05-30 06:30:45]     spatial_conv=[4, 29] top_abs_channels=[('Pz', 0.17505029), ('CP3', 0.14539006), ('C4', 0.13964802), ('O2', 0.13666326), ('CP4', 0.13107465), ('FCz', 0.11779629), ('FT7', 0.11430313), ('T3', 0.10995556)]
[2026-05-30 06:30:45]     spatial_update=delta_l2=0.33932667 max_abs=0.08632051 relative=0.28431720 changed=True
[2026-05-30 06:30:45]   Subject 12: acc=0.5000±0.0000  bal_acc=0.5000±0.0000
[2026-05-30 06:30:45] \nSubject 13: 40 windows | class_counts=[20, 20]

[2026-05-30 06:30:45] Fold 1/5 | subject=13
[2026-05-30 06:30:45]     Train: 32 | counts=[16, 16]
[2026-05-30 06:30:45]     Test:  8 | counts=[4, 4]
[2026-05-30 06:30:45]     Model: SignalJEPA_PreLocal | Pretrained: from_pretrained | Strategy: new
[2026-05-30 06:30:45]     Normalization: none | fit_scope=none
[2026-05-30 06:30:45]     Phase 1 (new): 2,170/16,010 params
[2026-05-30 06:30:46]     Result | best_epoch=1 | stop=51 | final_phase_epochs=51 | acc=0.5000 | bal_acc=0.5000 | pred_hist=[0, 8] | collapse=True
[2026-05-30 06:30:46]     spatial_conv=[4, 29] top_abs_channels=[('Pz', 0.15266253), ('O2', 0.14362034), ('T3', 0.12665038), ('O1', 0.1231361), ('T4', 0.12240085), ('CP3', 0.12081535), ('C3', 0.11499098), ('Fp1', 0.1104347)]
[2026-05-30 06:30:46]     spatial_update=delta_l2=0.01071496 max_abs=0.00227137 relative=0.00897792 changed=True

[2026-05-30 06:30:46] Fold 2/5 | subject=13
[2026-05-30 06:30:46]     Train: 32 | counts=[16, 16]
[2026-05-30 06:30:46]     Test:  8 | counts=[4, 4]
[2026-05-30 06:30:46]     Model: SignalJEPA_PreLocal | Pretrained: from_pretrained | Strategy: new
[2026-05-30 06:30:46]     Normalization: none | fit_scope=none
[2026-05-30 06:30:46]     Phase 1 (new): 2,170/16,010 params
[2026-05-30 06:30:47]     Result | best_epoch=1 | stop=51 | final_phase_epochs=51 | acc=0.5000 | bal_acc=0.5000 | pred_hist=[0, 8] | collapse=True
[2026-05-30 06:30:47]     spatial_conv=[4, 29] top_abs_channels=[('Pz', 0.15300189), ('O2', 0.14367792), ('T3', 0.12720183), ('O1', 0.12329759), ('T4', 0.12322377), ('CP3', 0.12070875), ('C3', 0.11538033), ('CP4', 0.11175297)]
[2026-05-30 06:30:47]     spatial_update=delta_l2=0.01481345 max_abs=0.00238112 relative=0.01241198 changed=True

[2026-05-30 06:30:48] Fold 3/5 | subject=13
[2026-05-30 06:30:48]     Train: 32 | counts=[16, 16]
[2026-05-30 06:30:48]     Test:  8 | counts=[4, 4]
[2026-05-30 06:30:48]     Model: SignalJEPA_PreLocal | Pretrained: from_pretrained | Strategy: new
[2026-05-30 06:30:48]     Normalization: none | fit_scope=none
[2026-05-30 06:30:48]     Phase 1 (new): 2,170/16,010 params
[2026-05-30 06:30:49]     Result | best_epoch=82 | stop=132 | final_phase_epochs=132 | acc=0.8750 | bal_acc=0.8750 | pred_hist=[5, 3] | collapse=False
[2026-05-30 06:30:49]     spatial_conv=[4, 29] top_abs_channels=[('O2', 0.16551803), ('FCz', 0.15636261), ('O1', 0.15352193), ('P3', 0.13777377), ('Pz', 0.12348238), ('C4', 0.11742048), ('Fz', 0.11448492), ('T4', 0.11409542)]
[2026-05-30 06:30:49]     spatial_update=delta_l2=0.59291585 max_abs=0.14175186 relative=0.49679613 changed=True

[2026-05-30 06:30:50] Fold 4/5 | subject=13
[2026-05-30 06:30:50]     Train: 32 | counts=[16, 16]
[2026-05-30 06:30:50]     Test:  8 | counts=[4, 4]
[2026-05-30 06:30:50]     Model: SignalJEPA_PreLocal | Pretrained: from_pretrained | Strategy: new
[2026-05-30 06:30:50]     Normalization: none | fit_scope=none
[2026-05-30 06:30:50]     Phase 1 (new): 2,170/16,010 params
[2026-05-30 06:30:51]     Result | best_epoch=1 | stop=51 | final_phase_epochs=51 | acc=0.5000 | bal_acc=0.5000 | pred_hist=[0, 8] | collapse=True
[2026-05-30 06:30:51]     spatial_conv=[4, 29] top_abs_channels=[('Pz', 0.153714), ('O2', 0.14337504), ('T3', 0.12643963), ('O1', 0.12260761), ('T4', 0.12175679), ('CP3', 0.12010731), ('C3', 0.1146483), ('CP4', 0.11027376)]
[2026-05-30 06:30:51]     spatial_update=delta_l2=0.01301753 max_abs=0.00234893 relative=0.01090722 changed=True

[2026-05-30 06:30:51] Fold 5/5 | subject=13
[2026-05-30 06:30:51]     Train: 32 | counts=[16, 16]
[2026-05-30 06:30:51]     Test:  8 | counts=[4, 4]
[2026-05-30 06:30:51]     Model: SignalJEPA_PreLocal | Pretrained: from_pretrained | Strategy: new
[2026-05-30 06:30:51]     Normalization: none | fit_scope=none
[2026-05-30 06:30:51]     Phase 1 (new): 2,170/16,010 params
[2026-05-30 06:30:52]     Result | best_epoch=49 | stop=99 | final_phase_epochs=99 | acc=0.7500 | bal_acc=0.7500 | pred_hist=[4, 4] | collapse=False
[2026-05-30 06:30:52]     spatial_conv=[4, 29] top_abs_channels=[('O1', 0.18298113), ('O2', 0.14084047), ('Pz', 0.13822159), ('CP4', 0.13524409), ('T5', 0.13457929), ('P4', 0.12637331), ('F4', 0.12612242), ('Fz', 0.12191929)]
[2026-05-30 06:30:52]     spatial_update=delta_l2=0.58531304 max_abs=0.12430996 relative=0.49042584 changed=True
[2026-05-30 06:30:52]   Subject 13: acc=0.6250±0.1581  bal_acc=0.6250±0.1581
[2026-05-30 06:30:52] \nSubject 14: 40 windows | class_counts=[20, 20]

[2026-05-30 06:30:53] Fold 1/5 | subject=14
[2026-05-30 06:30:53]     Train: 32 | counts=[16, 16]
[2026-05-30 06:30:53]     Test:  8 | counts=[4, 4]
[2026-05-30 06:30:53]     Model: SignalJEPA_PreLocal | Pretrained: from_pretrained | Strategy: new
[2026-05-30 06:30:53]     Normalization: none | fit_scope=none
[2026-05-30 06:30:53]     Phase 1 (new): 2,170/16,010 params
[2026-05-30 06:30:54]     Result | best_epoch=1 | stop=51 | final_phase_epochs=51 | acc=0.6250 | bal_acc=0.6250 | pred_hist=[1, 7] | collapse=False
[2026-05-30 06:30:54]     spatial_conv=[4, 29] top_abs_channels=[('Pz', 0.15227963), ('O2', 0.14442629), ('T3', 0.12540619), ('T4', 0.12264392), ('O1', 0.12249941), ('CP3', 0.12153566), ('C3', 0.11508656), ('CP4', 0.11019114)]
[2026-05-30 06:30:54]     spatial_update=delta_l2=0.01338390 max_abs=0.00209282 relative=0.01121419 changed=True

[2026-05-30 06:30:54] Fold 2/5 | subject=14
[2026-05-30 06:30:54]     Train: 32 | counts=[16, 16]
[2026-05-30 06:30:54]     Test:  8 | counts=[4, 4]
[2026-05-30 06:30:54]     Model: SignalJEPA_PreLocal | Pretrained: from_pretrained | Strategy: new
[2026-05-30 06:30:54]     Normalization: none | fit_scope=none
[2026-05-30 06:30:54]     Phase 1 (new): 2,170/16,010 params
[2026-05-30 06:30:56]     Result | best_epoch=77 | stop=127 | final_phase_epochs=127 | acc=0.2500 | bal_acc=0.2500 | pred_hist=[6, 2] | collapse=False
[2026-05-30 06:30:56]     spatial_conv=[4, 29] top_abs_channels=[('Cz', 0.13233972), ('CP3', 0.12874511), ('CP4', 0.12803222), ('O1', 0.12724093), ('O2', 0.12503083), ('FT8', 0.12166238), ('T4', 0.11871243), ('P3', 0.11749184)]
[2026-05-30 06:30:56]     spatial_update=delta_l2=0.53437589 max_abs=0.14596277 relative=0.44774629 changed=True

[2026-05-30 06:30:56] Fold 3/5 | subject=14
[2026-05-30 06:30:56]     Train: 32 | counts=[16, 16]
[2026-05-30 06:30:56]     Test:  8 | counts=[4, 4]
[2026-05-30 06:30:56]     Model: SignalJEPA_PreLocal | Pretrained: from_pretrained | Strategy: new
[2026-05-30 06:30:56]     Normalization: none | fit_scope=none
[2026-05-30 06:30:56]     Phase 1 (new): 2,170/16,010 params
[2026-05-30 06:31:07]     Result | best_epoch=697 | stop=747 | final_phase_epochs=747 | acc=0.5000 | bal_acc=0.5000 | pred_hist=[4, 4] | collapse=False
[2026-05-30 06:31:07]     spatial_conv=[4, 29] top_abs_channels=[('TP7', 0.22667064), ('C4', 0.21080363), ('CP4', 0.17392732), ('CP3', 0.1704724), ('P3', 0.13424297), ('F4', 0.12862438), ('Oz', 0.12591329), ('F3', 0.12078146)]
[2026-05-30 06:31:07]     spatial_update=delta_l2=1.22819751 max_abs=0.33942816 relative=1.02909000 changed=True

[2026-05-30 06:31:07] Fold 4/5 | subject=14
[2026-05-30 06:31:07]     Train: 32 | counts=[16, 16]
[2026-05-30 06:31:07]     Test:  8 | counts=[4, 4]
[2026-05-30 06:31:07]     Model: SignalJEPA_PreLocal | Pretrained: from_pretrained | Strategy: new
[2026-05-30 06:31:07]     Normalization: none | fit_scope=none
[2026-05-30 06:31:07]     Phase 1 (new): 2,170/16,010 params
[2026-05-30 06:31:08]     Result | best_epoch=1 | stop=51 | final_phase_epochs=51 | acc=0.5000 | bal_acc=0.5000 | pred_hist=[0, 8] | collapse=True
[2026-05-30 06:31:08]     spatial_conv=[4, 29] top_abs_channels=[('Pz', 0.15236476), ('O2', 0.14422384), ('T3', 0.12621477), ('O1', 0.12242118), ('T4', 0.12230255), ('CP3', 0.12140478), ('C3', 0.11506123), ('CP4', 0.11058592)]
[2026-05-30 06:31:08]     spatial_update=delta_l2=0.01260702 max_abs=0.00224978 relative=0.01056325 changed=True

[2026-05-30 06:31:08] Fold 5/5 | subject=14
[2026-05-30 06:31:08]     Train: 32 | counts=[16, 16]
[2026-05-30 06:31:08]     Test:  8 | counts=[4, 4]
[2026-05-30 06:31:08]     Model: SignalJEPA_PreLocal | Pretrained: from_pretrained | Strategy: new
[2026-05-30 06:31:08]     Normalization: none | fit_scope=none
[2026-05-30 06:31:08]     Phase 1 (new): 2,170/16,010 params
[2026-05-30 06:31:09]     Result | best_epoch=1 | stop=51 | final_phase_epochs=51 | acc=0.5000 | bal_acc=0.5000 | pred_hist=[0, 8] | collapse=True
[2026-05-30 06:31:09]     spatial_conv=[4, 29] top_abs_channels=[('Pz', 0.15227386), ('O2', 0.14397061), ('T3', 0.12656304), ('O1', 0.12263327), ('T4', 0.12243941), ('CP3', 0.12120486), ('C3', 0.11470178), ('CP4', 0.11039209)]
[2026-05-30 06:31:09]     spatial_update=delta_l2=0.01233044 max_abs=0.00223538 relative=0.01033151 changed=True
[2026-05-30 06:31:09]   Subject 14: acc=0.4750±0.1225  bal_acc=0.4750±0.1225
[2026-05-30 06:31:09] \nSubject 15: 40 windows | class_counts=[20, 20]

[2026-05-30 06:31:10] Fold 1/5 | subject=15
[2026-05-30 06:31:10]     Train: 32 | counts=[16, 16]
[2026-05-30 06:31:10]     Test:  8 | counts=[4, 4]
[2026-05-30 06:31:10]     Model: SignalJEPA_PreLocal | Pretrained: from_pretrained | Strategy: new
[2026-05-30 06:31:10]     Normalization: none | fit_scope=none
[2026-05-30 06:31:10]     Phase 1 (new): 2,170/16,010 params
[2026-05-30 06:31:15]     Result | best_epoch=362 | stop=411 | final_phase_epochs=411 | acc=0.6250 | bal_acc=0.6250 | pred_hist=[3, 5] | collapse=False
[2026-05-30 06:31:15]     spatial_conv=[4, 29] top_abs_channels=[('T3', 0.20243083), ('C3', 0.14110263), ('Fp1', 0.13072547), ('F7', 0.12916939), ('FT7', 0.12545261), ('TP8', 0.12374146), ('Pz', 0.12009005), ('Oz', 0.11600889)]
[2026-05-30 06:31:15]     spatial_update=delta_l2=1.00880534 max_abs=0.20264495 relative=0.84526428 changed=True

[2026-05-30 06:31:16] Fold 2/5 | subject=15
[2026-05-30 06:31:16]     Train: 32 | counts=[16, 16]
[2026-05-30 06:31:16]     Test:  8 | counts=[4, 4]
[2026-05-30 06:31:16]     Model: SignalJEPA_PreLocal | Pretrained: from_pretrained | Strategy: new
[2026-05-30 06:31:16]     Normalization: none | fit_scope=none
[2026-05-30 06:31:16]     Phase 1 (new): 2,170/16,010 params
[2026-05-30 06:31:17]     Result | best_epoch=1 | stop=51 | final_phase_epochs=51 | acc=0.5000 | bal_acc=0.5000 | pred_hist=[0, 8] | collapse=True
[2026-05-30 06:31:17]     spatial_conv=[4, 29] top_abs_channels=[('Pz', 0.15325662), ('O2', 0.1440309), ('T3', 0.12723553), ('O1', 0.12134994), ('T4', 0.12102668), ('CP3', 0.12064268), ('C3', 0.11632946), ('CP4', 0.11099143)]
[2026-05-30 06:31:17]     spatial_update=delta_l2=0.01052742 max_abs=0.00219059 relative=0.00882078 changed=True

[2026-05-30 06:31:17] Fold 3/5 | subject=15
[2026-05-30 06:31:17]     Train: 32 | counts=[16, 16]
[2026-05-30 06:31:17]     Test:  8 | counts=[4, 4]
[2026-05-30 06:31:17]     Model: SignalJEPA_PreLocal | Pretrained: from_pretrained | Strategy: new
[2026-05-30 06:31:17]     Normalization: none | fit_scope=none
[2026-05-30 06:31:17]     Phase 1 (new): 2,170/16,010 params
[2026-05-30 06:31:22]     Result | best_epoch=253 | stop=303 | final_phase_epochs=303 | acc=0.6250 | bal_acc=0.6250 | pred_hist=[3, 5] | collapse=False
[2026-05-30 06:31:22]     spatial_conv=[4, 29] top_abs_channels=[('O2', 0.14506689), ('C3', 0.13432768), ('Pz', 0.12487564), ('Oz', 0.12001381), ('Cz', 0.11870236), ('CP3', 0.1103489), ('T3', 0.10506511), ('P3', 0.10486946)]
[2026-05-30 06:31:22]     spatial_update=delta_l2=0.89222733 max_abs=0.20703141 relative=0.74758515 changed=True

[2026-05-30 06:31:22] Fold 4/5 | subject=15
[2026-05-30 06:31:22]     Train: 32 | counts=[16, 16]
[2026-05-30 06:31:22]     Test:  8 | counts=[4, 4]
[2026-05-30 06:31:22]     Model: SignalJEPA_PreLocal | Pretrained: from_pretrained | Strategy: new
[2026-05-30 06:31:22]     Normalization: none | fit_scope=none
[2026-05-30 06:31:22]     Phase 1 (new): 2,170/16,010 params
[2026-05-30 06:31:28]     Result | best_epoch=348 | stop=398 | final_phase_epochs=398 | acc=0.7500 | bal_acc=0.7500 | pred_hist=[6, 2] | collapse=False
[2026-05-30 06:31:28]     spatial_conv=[4, 29] top_abs_channels=[('T4', 0.12748943), ('TP8', 0.12743048), ('CP4', 0.12512307), ('CP3', 0.12265329), ('Fp1', 0.1144358), ('C3', 0.11420383), ('P4', 0.10984445), ('P3', 0.10815129)]
[2026-05-30 06:31:28]     spatial_update=delta_l2=1.02642720 max_abs=0.25982231 relative=0.86002940 changed=True

[2026-05-30 06:31:28] Fold 5/5 | subject=15
[2026-05-30 06:31:28]     Train: 32 | counts=[16, 16]
[2026-05-30 06:31:28]     Test:  8 | counts=[4, 4]
[2026-05-30 06:31:28]     Model: SignalJEPA_PreLocal | Pretrained: from_pretrained | Strategy: new
[2026-05-30 06:31:28]     Normalization: none | fit_scope=none
[2026-05-30 06:31:28]     Phase 1 (new): 2,170/16,010 params
[2026-05-30 06:31:29]     Result | best_epoch=4 | stop=54 | final_phase_epochs=54 | acc=0.5000 | bal_acc=0.5000 | pred_hist=[0, 8] | collapse=True
[2026-05-30 06:31:29]     spatial_conv=[4, 29] top_abs_channels=[('Pz', 0.1540814), ('O2', 0.14486885), ('T3', 0.1252732), ('CP3', 0.12127188), ('T4', 0.12094527), ('O1', 0.12008952), ('C3', 0.11552623), ('Fp1', 0.11008753)]
[2026-05-30 06:31:29]     spatial_update=delta_l2=0.03420985 max_abs=0.00753240 relative=0.02866396 changed=True
[2026-05-30 06:31:29]   Subject 15: acc=0.6000±0.0935  bal_acc=0.6000±0.0935
[2026-05-30 06:31:29] \nSubject 16: 40 windows | class_counts=[20, 20]

[2026-05-30 06:31:29] Fold 1/5 | subject=16
[2026-05-30 06:31:29]     Train: 32 | counts=[16, 16]
[2026-05-30 06:31:29]     Test:  8 | counts=[4, 4]
[2026-05-30 06:31:29]     Model: SignalJEPA_PreLocal | Pretrained: from_pretrained | Strategy: new
[2026-05-30 06:31:29]     Normalization: none | fit_scope=none
[2026-05-30 06:31:29]     Phase 1 (new): 2,170/16,010 params
[2026-05-30 06:31:30]     Result | best_epoch=1 | stop=51 | final_phase_epochs=51 | acc=0.5000 | bal_acc=0.5000 | pred_hist=[0, 8] | collapse=True
[2026-05-30 06:31:30]     spatial_conv=[4, 29] top_abs_channels=[('Pz', 0.15272962), ('O2', 0.14443314), ('T3', 0.12633966), ('T4', 0.1230374), ('CP3', 0.12141453), ('O1', 0.12056769), ('C3', 0.11552823), ('CP4', 0.1118293)]
[2026-05-30 06:31:30]     spatial_update=delta_l2=0.01080483 max_abs=0.00225797 relative=0.00905322 changed=True

[2026-05-30 06:31:31] Fold 2/5 | subject=16
[2026-05-30 06:31:31]     Train: 32 | counts=[16, 16]
[2026-05-30 06:31:31]     Test:  8 | counts=[4, 4]
[2026-05-30 06:31:31]     Model: SignalJEPA_PreLocal | Pretrained: from_pretrained | Strategy: new
[2026-05-30 06:31:31]     Normalization: none | fit_scope=none
[2026-05-30 06:31:31]     Phase 1 (new): 2,170/16,010 params
[2026-05-30 06:31:31]     Result | best_epoch=1 | stop=51 | final_phase_epochs=51 | acc=0.5000 | bal_acc=0.5000 | pred_hist=[0, 8] | collapse=True
[2026-05-30 06:31:31]     spatial_conv=[4, 29] top_abs_channels=[('Pz', 0.15216133), ('O2', 0.14421315), ('T3', 0.12689692), ('T4', 0.12202389), ('CP3', 0.12089814), ('O1', 0.12075221), ('C3', 0.11504623), ('CP4', 0.11101385)]
[2026-05-30 06:31:31]     spatial_update=delta_l2=0.01148910 max_abs=0.00203311 relative=0.00962656 changed=True

[2026-05-30 06:31:32] Fold 3/5 | subject=16
[2026-05-30 06:31:32]     Train: 32 | counts=[16, 16]
[2026-05-30 06:31:32]     Test:  8 | counts=[4, 4]
[2026-05-30 06:31:32]     Model: SignalJEPA_PreLocal | Pretrained: from_pretrained | Strategy: new
[2026-05-30 06:31:32]     Normalization: none | fit_scope=none
[2026-05-30 06:31:32]     Phase 1 (new): 2,170/16,010 params
[2026-05-30 06:31:33]     Result | best_epoch=1 | stop=51 | final_phase_epochs=51 | acc=0.5000 | bal_acc=0.5000 | pred_hist=[0, 8] | collapse=True
[2026-05-30 06:31:33]     spatial_conv=[4, 29] top_abs_channels=[('Pz', 0.15280472), ('O2', 0.14373502), ('T3', 0.12591311), ('T4', 0.12212877), ('O1', 0.12184985), ('CP3', 0.12182501), ('C3', 0.11420255), ('CP4', 0.11091153)]
[2026-05-30 06:31:33]     spatial_update=delta_l2=0.01157298 max_abs=0.00225568 relative=0.00969685 changed=True

[2026-05-30 06:31:33] Fold 4/5 | subject=16
[2026-05-30 06:31:33]     Train: 32 | counts=[16, 16]
[2026-05-30 06:31:33]     Test:  8 | counts=[4, 4]
[2026-05-30 06:31:33]     Model: SignalJEPA_PreLocal | Pretrained: from_pretrained | Strategy: new
[2026-05-30 06:31:33]     Normalization: none | fit_scope=none
[2026-05-30 06:31:33]     Phase 1 (new): 2,170/16,010 params
[2026-05-30 06:31:46]     Result | best_epoch=916 | stop=966 | final_phase_epochs=966 | acc=0.7500 | bal_acc=0.7500 | pred_hist=[2, 6] | collapse=False
[2026-05-30 06:31:46]     spatial_conv=[4, 29] top_abs_channels=[('Fz', 0.18616715), ('CP3', 0.15973087), ('T5', 0.15595901), ('T6', 0.15588875), ('C4', 0.144113), ('FT8', 0.13774979), ('O2', 0.12921339), ('C3', 0.12068284)]
[2026-05-30 06:31:46]     spatial_update=delta_l2=1.35237213 max_abs=0.38718480 relative=1.13313423 changed=True

[2026-05-30 06:31:47] Fold 5/5 | subject=16
[2026-05-30 06:31:47]     Train: 32 | counts=[16, 16]
[2026-05-30 06:31:47]     Test:  8 | counts=[4, 4]
[2026-05-30 06:31:47]     Model: SignalJEPA_PreLocal | Pretrained: from_pretrained | Strategy: new
[2026-05-30 06:31:47]     Normalization: none | fit_scope=none
[2026-05-30 06:31:47]     Phase 1 (new): 2,170/16,010 params
[2026-05-30 06:31:48]     Result | best_epoch=1 | stop=51 | final_phase_epochs=51 | acc=0.5000 | bal_acc=0.5000 | pred_hist=[0, 8] | collapse=True
[2026-05-30 06:31:48]     spatial_conv=[4, 29] top_abs_channels=[('Pz', 0.1520275), ('O2', 0.1447259), ('T3', 0.12706023), ('T4', 0.12178031), ('O1', 0.12152207), ('CP3', 0.1208988), ('C3', 0.11599539), ('CP4', 0.11165574)]
[2026-05-30 06:31:48]     spatial_update=delta_l2=0.01207279 max_abs=0.00225320 relative=0.01011562 changed=True
[2026-05-30 06:31:48]   Subject 16: acc=0.5500±0.1000  bal_acc=0.5500±0.1000
[2026-05-30 06:31:48] \nSubject 17: 40 windows | class_counts=[20, 20]

[2026-05-30 06:31:48] Fold 1/5 | subject=17
[2026-05-30 06:31:48]     Train: 32 | counts=[16, 16]
[2026-05-30 06:31:48]     Test:  8 | counts=[4, 4]
[2026-05-30 06:31:48]     Model: SignalJEPA_PreLocal | Pretrained: from_pretrained | Strategy: new
[2026-05-30 06:31:48]     Normalization: none | fit_scope=none
[2026-05-30 06:31:48]     Phase 1 (new): 2,170/16,010 params
[2026-05-30 06:31:52]     Result | best_epoch=219 | stop=269 | final_phase_epochs=269 | acc=0.3750 | bal_acc=0.3750 | pred_hist=[7, 1] | collapse=False
[2026-05-30 06:31:52]     spatial_conv=[4, 29] top_abs_channels=[('C4', 0.2218217), ('CP4', 0.20833531), ('Cz', 0.15997528), ('Oz', 0.15347952), ('Fz', 0.14370842), ('T3', 0.11810128), ('O2', 0.11461884), ('FC4', 0.11077523)]
[2026-05-30 06:31:52]     spatial_update=delta_l2=0.96739207 max_abs=0.23953758 relative=0.81056466 changed=True

[2026-05-30 06:31:52] Fold 2/5 | subject=17
[2026-05-30 06:31:52]     Train: 32 | counts=[16, 16]
[2026-05-30 06:31:52]     Test:  8 | counts=[4, 4]
[2026-05-30 06:31:52]     Model: SignalJEPA_PreLocal | Pretrained: from_pretrained | Strategy: new
[2026-05-30 06:31:52]     Normalization: none | fit_scope=none
[2026-05-30 06:31:52]     Phase 1 (new): 2,170/16,010 params
[2026-05-30 06:31:53]     Result | best_epoch=1 | stop=51 | final_phase_epochs=51 | acc=0.5000 | bal_acc=0.5000 | pred_hist=[0, 8] | collapse=True
[2026-05-30 06:31:53]     spatial_conv=[4, 29] top_abs_channels=[('Pz', 0.15332018), ('O2', 0.14401177), ('T3', 0.12547666), ('O1', 0.12208733), ('T4', 0.12171903), ('CP3', 0.12121336), ('C3', 0.11437389), ('CP4', 0.11007509)]
[2026-05-30 06:31:53]     spatial_update=delta_l2=0.01440527 max_abs=0.00237554 relative=0.01206998 changed=True

[2026-05-30 06:31:53] Fold 3/5 | subject=17
[2026-05-30 06:31:53]     Train: 32 | counts=[16, 16]
[2026-05-30 06:31:53]     Test:  8 | counts=[4, 4]
[2026-05-30 06:31:53]     Model: SignalJEPA_PreLocal | Pretrained: from_pretrained | Strategy: new
[2026-05-30 06:31:53]     Normalization: none | fit_scope=none
[2026-05-30 06:31:53]     Phase 1 (new): 2,170/16,010 params
[2026-05-30 06:31:54]     Result | best_epoch=1 | stop=51 | final_phase_epochs=51 | acc=0.5000 | bal_acc=0.5000 | pred_hist=[0, 8] | collapse=True
[2026-05-30 06:31:54]     spatial_conv=[4, 29] top_abs_channels=[('Pz', 0.15251802), ('O2', 0.14385112), ('T3', 0.12584993), ('T4', 0.12190837), ('CP3', 0.12177619), ('O1', 0.12119972), ('C3', 0.11495266), ('CP4', 0.11062956)]
[2026-05-30 06:31:54]     spatial_update=delta_l2=0.01162559 max_abs=0.00209177 relative=0.00974092 changed=True

[2026-05-30 06:31:55] Fold 4/5 | subject=17
[2026-05-30 06:31:55]     Train: 32 | counts=[16, 16]
[2026-05-30 06:31:55]     Test:  8 | counts=[4, 4]
[2026-05-30 06:31:55]     Model: SignalJEPA_PreLocal | Pretrained: from_pretrained | Strategy: new
[2026-05-30 06:31:55]     Normalization: none | fit_scope=none
[2026-05-30 06:31:55]     Phase 1 (new): 2,170/16,010 params
[2026-05-30 06:31:55]     Result | best_epoch=10 | stop=54 | final_phase_epochs=54 | acc=0.5000 | bal_acc=0.5000 | pred_hist=[0, 8] | collapse=True
[2026-05-30 06:31:55]     spatial_conv=[4, 29] top_abs_channels=[('Pz', 0.15168765), ('O2', 0.14511582), ('T3', 0.12545691), ('T4', 0.12166314), ('O1', 0.12135798), ('CP3', 0.12002511), ('C3', 0.11496615), ('Fp1', 0.11114916)]
[2026-05-30 06:31:55]     spatial_update=delta_l2=0.03101209 max_abs=0.00672161 relative=0.02598460 changed=True

[2026-05-30 06:31:56] Fold 5/5 | subject=17
[2026-05-30 06:31:56]     Train: 32 | counts=[16, 16]
[2026-05-30 06:31:56]     Test:  8 | counts=[4, 4]
[2026-05-30 06:31:56]     Model: SignalJEPA_PreLocal | Pretrained: from_pretrained | Strategy: new
[2026-05-30 06:31:56]     Normalization: none | fit_scope=none
[2026-05-30 06:31:56]     Phase 1 (new): 2,170/16,010 params
[2026-05-30 06:31:57]     Result | best_epoch=16 | stop=65 | final_phase_epochs=65 | acc=0.5000 | bal_acc=0.5000 | pred_hist=[2, 6] | collapse=False
[2026-05-30 06:31:57]     spatial_conv=[4, 29] top_abs_channels=[('Pz', 0.15024495), ('O2', 0.15009061), ('T4', 0.1222268), ('O1', 0.12138696), ('T3', 0.12093315), ('C3', 0.11877127), ('CP3', 0.11713519), ('Fz', 0.11270276)]
[2026-05-30 06:31:57]     spatial_update=delta_l2=0.13419193 max_abs=0.03013676 relative=0.11243759 changed=True
[2026-05-30 06:31:57]   Subject 17: acc=0.4750±0.0500  bal_acc=0.4750±0.0500
[2026-05-30 06:31:57] \nSubject 18: 40 windows | class_counts=[20, 20]

[2026-05-30 06:31:57] Fold 1/5 | subject=18
[2026-05-30 06:31:57]     Train: 32 | counts=[16, 16]
[2026-05-30 06:31:57]     Test:  8 | counts=[4, 4]
[2026-05-30 06:31:57]     Model: SignalJEPA_PreLocal | Pretrained: from_pretrained | Strategy: new
[2026-05-30 06:31:57]     Normalization: none | fit_scope=none
[2026-05-30 06:31:57]     Phase 1 (new): 2,170/16,010 params
[2026-05-30 06:32:17]     Result | best_epoch=1376 | stop=1426 | final_phase_epochs=1426 | acc=1.0000 | bal_acc=1.0000 | pred_hist=[4, 4] | collapse=False
[2026-05-30 06:32:17]     spatial_conv=[4, 29] top_abs_channels=[('P4', 0.22662888), ('TP8', 0.2012783), ('FT8', 0.20044523), ('FCz', 0.18306407), ('Oz', 0.16005045), ('P3', 0.14381963), ('FC3', 0.13210313), ('FC4', 0.11352289)]
[2026-05-30 06:32:17]     spatial_update=delta_l2=1.56832593 max_abs=0.45270014 relative=1.31407898 changed=True

[2026-05-30 06:32:17] Fold 2/5 | subject=18
[2026-05-30 06:32:17]     Train: 32 | counts=[16, 16]
[2026-05-30 06:32:17]     Test:  8 | counts=[4, 4]
[2026-05-30 06:32:17]     Model: SignalJEPA_PreLocal | Pretrained: from_pretrained | Strategy: new
[2026-05-30 06:32:17]     Normalization: none | fit_scope=none
[2026-05-30 06:32:17]     Phase 1 (new): 2,170/16,010 params
[2026-05-30 06:32:30]     Result | best_epoch=844 | stop=894 | final_phase_epochs=894 | acc=0.8750 | bal_acc=0.8750 | pred_hist=[5, 3] | collapse=False
[2026-05-30 06:32:30]     spatial_conv=[4, 29] top_abs_channels=[('TP8', 0.24897723), ('FT8', 0.24831155), ('Oz', 0.17992963), ('FCz', 0.14553583), ('P4', 0.143911), ('TP7', 0.13734779), ('O1', 0.10873434), ('Cz', 0.1046227)]
[2026-05-30 06:32:30]     spatial_update=delta_l2=1.44691427 max_abs=0.41153820 relative=1.21234980 changed=True

[2026-05-30 06:32:30] Fold 3/5 | subject=18
[2026-05-30 06:32:30]     Train: 32 | counts=[16, 16]
[2026-05-30 06:32:30]     Test:  8 | counts=[4, 4]
[2026-05-30 06:32:30]     Model: SignalJEPA_PreLocal | Pretrained: from_pretrained | Strategy: new
[2026-05-30 06:32:30]     Normalization: none | fit_scope=none
[2026-05-30 06:32:30]     Phase 1 (new): 2,170/16,010 params
[2026-05-30 06:32:55]     Result | best_epoch=1755 | stop=1805 | final_phase_epochs=1805 | acc=1.0000 | bal_acc=1.0000 | pred_hist=[4, 4] | collapse=False
[2026-05-30 06:32:55]     spatial_conv=[4, 29] top_abs_channels=[('P4', 0.22740613), ('C3', 0.22161087), ('FT8', 0.2063888), ('TP8', 0.2044006), ('Cz', 0.16490786), ('Oz', 0.14785933), ('P3', 0.13484082), ('FCz', 0.12292743)]
[2026-05-30 06:32:55]     spatial_update=delta_l2=1.67700456 max_abs=0.44890049 relative=1.40513933 changed=True

[2026-05-30 06:32:55] Fold 4/5 | subject=18
[2026-05-30 06:32:55]     Train: 32 | counts=[16, 16]
[2026-05-30 06:32:55]     Test:  8 | counts=[4, 4]
[2026-05-30 06:32:55]     Model: SignalJEPA_PreLocal | Pretrained: from_pretrained | Strategy: new
[2026-05-30 06:32:55]     Normalization: none | fit_scope=none
[2026-05-30 06:32:55]     Phase 1 (new): 2,170/16,010 params
[2026-05-30 06:33:11]     Result | best_epoch=1078 | stop=1128 | final_phase_epochs=1128 | acc=0.8750 | bal_acc=0.8750 | pred_hist=[3, 5] | collapse=False
[2026-05-30 06:33:11]     spatial_conv=[4, 29] top_abs_channels=[('P4', 0.2602917), ('FCz', 0.21470217), ('FT8', 0.1953959), ('TP8', 0.18824254), ('Oz', 0.13981998), ('Pz', 0.12778549), ('C4', 0.12278531), ('C3', 0.1130545)]
[2026-05-30 06:33:11]     spatial_update=delta_l2=1.50973689 max_abs=0.51541085 relative=1.26498802 changed=True

[2026-05-30 06:33:12] Fold 5/5 | subject=18
[2026-05-30 06:33:12]     Train: 32 | counts=[16, 16]
[2026-05-30 06:33:12]     Test:  8 | counts=[4, 4]
[2026-05-30 06:33:12]     Model: SignalJEPA_PreLocal | Pretrained: from_pretrained | Strategy: new
[2026-05-30 06:33:12]     Normalization: none | fit_scope=none
[2026-05-30 06:33:12]     Phase 1 (new): 2,170/16,010 params
[2026-05-30 06:33:24]     Result | best_epoch=856 | stop=906 | final_phase_epochs=906 | acc=0.8750 | bal_acc=0.8750 | pred_hist=[5, 3] | collapse=False
[2026-05-30 06:33:24]     spatial_conv=[4, 29] top_abs_channels=[('FT8', 0.21420608), ('TP8', 0.19422427), ('P4', 0.18804598), ('C3', 0.18078488), ('FCz', 0.15594302), ('Oz', 0.13609223), ('P3', 0.12029349), ('Fz', 0.11599343)]
[2026-05-30 06:33:24]     spatial_update=delta_l2=1.41349935 max_abs=0.39658017 relative=1.18435189 changed=True
[2026-05-30 06:33:24]   Subject 18: acc=0.9250±0.0612  bal_acc=0.9250±0.0612
[2026-05-30 06:33:24] \nSubject 19: 40 windows | class_counts=[20, 20]

[2026-05-30 06:33:25] Fold 1/5 | subject=19
[2026-05-30 06:33:25]     Train: 32 | counts=[16, 16]
[2026-05-30 06:33:25]     Test:  8 | counts=[4, 4]
[2026-05-30 06:33:25]     Model: SignalJEPA_PreLocal | Pretrained: from_pretrained | Strategy: new
[2026-05-30 06:33:25]     Normalization: none | fit_scope=none
[2026-05-30 06:33:25]     Phase 1 (new): 2,170/16,010 params
[2026-05-30 06:33:25]     Result | best_epoch=1 | stop=51 | final_phase_epochs=51 | acc=0.5000 | bal_acc=0.5000 | pred_hist=[0, 8] | collapse=True
[2026-05-30 06:33:25]     spatial_conv=[4, 29] top_abs_channels=[('Pz', 0.15432543), ('O2', 0.14336643), ('T3', 0.12709329), ('O1', 0.12354688), ('T4', 0.1216751), ('CP3', 0.12020463), ('C3', 0.11608483), ('Fp1', 0.11069086)]
[2026-05-30 06:33:25]     spatial_update=delta_l2=0.01249155 max_abs=0.00224209 relative=0.01046650 changed=True

[2026-05-30 06:33:26] Fold 2/5 | subject=19
[2026-05-30 06:33:26]     Train: 32 | counts=[16, 16]
[2026-05-30 06:33:26]     Test:  8 | counts=[4, 4]
[2026-05-30 06:33:26]     Model: SignalJEPA_PreLocal | Pretrained: from_pretrained | Strategy: new
[2026-05-30 06:33:26]     Normalization: none | fit_scope=none
[2026-05-30 06:33:26]     Phase 1 (new): 2,170/16,010 params
[2026-05-30 06:33:30]     Result | best_epoch=293 | stop=343 | final_phase_epochs=343 | acc=0.1250 | bal_acc=0.1250 | pred_hist=[5, 3] | collapse=False
[2026-05-30 06:33:30]     spatial_conv=[4, 29] top_abs_channels=[('TP7', 0.1582026), ('C4', 0.15327071), ('T3', 0.1524494), ('F7', 0.15123937), ('CP3', 0.14857343), ('FC4', 0.13737649), ('Pz', 0.13621318), ('C3', 0.12831299)]
[2026-05-30 06:33:30]     spatial_update=delta_l2=0.99066888 max_abs=0.29279196 relative=0.83006799 changed=True

[2026-05-30 06:33:31] Fold 3/5 | subject=19
[2026-05-30 06:33:31]     Train: 32 | counts=[16, 16]
[2026-05-30 06:33:31]     Test:  8 | counts=[4, 4]
[2026-05-30 06:33:31]     Model: SignalJEPA_PreLocal | Pretrained: from_pretrained | Strategy: new
[2026-05-30 06:33:31]     Normalization: none | fit_scope=none
[2026-05-30 06:33:31]     Phase 1 (new): 2,170/16,010 params
[2026-05-30 06:33:32]     Result | best_epoch=1 | stop=51 | final_phase_epochs=51 | acc=0.5000 | bal_acc=0.5000 | pred_hist=[0, 8] | collapse=True
[2026-05-30 06:33:32]     spatial_conv=[4, 29] top_abs_channels=[('Pz', 0.15361324), ('O2', 0.14372186), ('T3', 0.1270279), ('O1', 0.12291337), ('T4', 0.1220689), ('CP3', 0.12110814), ('C3', 0.11607261), ('CP4', 0.11198755)]
[2026-05-30 06:33:32]     spatial_update=delta_l2=0.01331826 max_abs=0.00223337 relative=0.01115919 changed=True

[2026-05-30 06:33:32] Fold 4/5 | subject=19
[2026-05-30 06:33:32]     Train: 32 | counts=[16, 16]
[2026-05-30 06:33:32]     Test:  8 | counts=[4, 4]
[2026-05-30 06:33:32]     Model: SignalJEPA_PreLocal | Pretrained: from_pretrained | Strategy: new
[2026-05-30 06:33:32]     Normalization: none | fit_scope=none
[2026-05-30 06:33:32]     Phase 1 (new): 2,170/16,010 params
[2026-05-30 06:33:33]     Result | best_epoch=1 | stop=51 | final_phase_epochs=51 | acc=0.5000 | bal_acc=0.5000 | pred_hist=[0, 8] | collapse=True
[2026-05-30 06:33:33]     spatial_conv=[4, 29] top_abs_channels=[('Pz', 0.15283471), ('O2', 0.14501207), ('T3', 0.12682189), ('T4', 0.12256637), ('O1', 0.1221533), ('CP3', 0.1215518), ('C3', 0.11556742), ('CP4', 0.11043995)]
[2026-05-30 06:33:33]     spatial_update=delta_l2=0.01091255 max_abs=0.00226841 relative=0.00914348 changed=True

[2026-05-30 06:33:33] Fold 5/5 | subject=19
[2026-05-30 06:33:33]     Train: 32 | counts=[16, 16]
[2026-05-30 06:33:33]     Test:  8 | counts=[4, 4]
[2026-05-30 06:33:33]     Model: SignalJEPA_PreLocal | Pretrained: from_pretrained | Strategy: new
[2026-05-30 06:33:33]     Normalization: none | fit_scope=none
[2026-05-30 06:33:33]     Phase 1 (new): 2,170/16,010 params
[2026-05-30 06:33:36]     Result | best_epoch=123 | stop=173 | final_phase_epochs=173 | acc=0.5000 | bal_acc=0.5000 | pred_hist=[6, 2] | collapse=False
[2026-05-30 06:33:36]     spatial_conv=[4, 29] top_abs_channels=[('Pz', 0.18408649), ('CP3', 0.17073455), ('T3', 0.15545911), ('P4', 0.13697769), ('Fz', 0.13079816), ('O2', 0.12188056), ('F4', 0.12053089), ('O1', 0.11914051)]
[2026-05-30 06:33:36]     spatial_update=delta_l2=0.55893755 max_abs=0.13464422 relative=0.46832618 changed=True
[2026-05-30 06:33:36]   Subject 19: acc=0.4250±0.1500  bal_acc=0.4250±0.1500
[2026-05-30 06:33:36] \nSubject 20: 40 windows | class_counts=[20, 20]

[2026-05-30 06:33:36] Fold 1/5 | subject=20
[2026-05-30 06:33:36]     Train: 32 | counts=[16, 16]
[2026-05-30 06:33:36]     Test:  8 | counts=[4, 4]
[2026-05-30 06:33:36]     Model: SignalJEPA_PreLocal | Pretrained: from_pretrained | Strategy: new
[2026-05-30 06:33:36]     Normalization: none | fit_scope=none
[2026-05-30 06:33:36]     Phase 1 (new): 2,170/16,010 params
[2026-05-30 06:33:45]     Result | best_epoch=625 | stop=675 | final_phase_epochs=675 | acc=0.7500 | bal_acc=0.7500 | pred_hist=[4, 4] | collapse=False
[2026-05-30 06:33:45]     spatial_conv=[4, 29] top_abs_channels=[('Fz', 0.19713482), ('TP7', 0.17331746), ('Cz', 0.16562945), ('F8', 0.15833631), ('F4', 0.15677692), ('Pz', 0.11589561), ('O1', 0.11342331), ('P3', 0.11338256)]
[2026-05-30 06:33:45]     spatial_update=delta_l2=1.20451363 max_abs=0.30279464 relative=1.00924560 changed=True

[2026-05-30 06:33:46] Fold 2/5 | subject=20
[2026-05-30 06:33:46]     Train: 32 | counts=[16, 16]
[2026-05-30 06:33:46]     Test:  8 | counts=[4, 4]
[2026-05-30 06:33:46]     Model: SignalJEPA_PreLocal | Pretrained: from_pretrained | Strategy: new
[2026-05-30 06:33:46]     Normalization: none | fit_scope=none
[2026-05-30 06:33:46]     Phase 1 (new): 2,170/16,010 params
[2026-05-30 06:33:48]     Result | best_epoch=88 | stop=138 | final_phase_epochs=138 | acc=0.5000 | bal_acc=0.5000 | pred_hist=[4, 4] | collapse=False
[2026-05-30 06:33:48]     spatial_conv=[4, 29] top_abs_channels=[('Pz', 0.16376588), ('O1', 0.16109288), ('Fz', 0.13716985), ('TP7', 0.13429998), ('CP4', 0.11707827), ('F8', 0.11599596), ('O2', 0.11315562), ('Fp1', 0.1124385)]
[2026-05-30 06:33:48]     spatial_update=delta_l2=0.61248474 max_abs=0.16431530 relative=0.51319264 changed=True

[2026-05-30 06:33:48] Fold 3/5 | subject=20
[2026-05-30 06:33:48]     Train: 32 | counts=[16, 16]
[2026-05-30 06:33:48]     Test:  8 | counts=[4, 4]
[2026-05-30 06:33:48]     Model: SignalJEPA_PreLocal | Pretrained: from_pretrained | Strategy: new
[2026-05-30 06:33:48]     Normalization: none | fit_scope=none
[2026-05-30 06:33:48]     Phase 1 (new): 2,170/16,010 params
[2026-05-30 06:33:49]     Result | best_epoch=1 | stop=51 | final_phase_epochs=51 | acc=0.5000 | bal_acc=0.5000 | pred_hist=[0, 8] | collapse=True
[2026-05-30 06:33:49]     spatial_conv=[4, 29] top_abs_channels=[('Pz', 0.15287149), ('O2', 0.14380237), ('T3', 0.12733288), ('T4', 0.12226672), ('O1', 0.12206211), ('CP3', 0.12100729), ('C3', 0.11443017), ('CP4', 0.11050824)]
[2026-05-30 06:33:49]     spatial_update=delta_l2=0.01339063 max_abs=0.00232993 relative=0.01121983 changed=True

[2026-05-30 06:33:50] Fold 4/5 | subject=20
[2026-05-30 06:33:50]     Train: 32 | counts=[16, 16]
[2026-05-30 06:33:50]     Test:  8 | counts=[4, 4]
[2026-05-30 06:33:50]     Model: SignalJEPA_PreLocal | Pretrained: from_pretrained | Strategy: new
[2026-05-30 06:33:50]     Normalization: none | fit_scope=none
[2026-05-30 06:33:50]     Phase 1 (new): 2,170/16,010 params
[2026-05-30 06:33:52]     Result | best_epoch=97 | stop=147 | final_phase_epochs=147 | acc=0.8750 | bal_acc=0.8750 | pred_hist=[5, 3] | collapse=False
[2026-05-30 06:33:52]     spatial_conv=[4, 29] top_abs_channels=[('T4', 0.16677296), ('Pz', 0.15377006), ('O1', 0.13127929), ('TP7', 0.12696806), ('Fz', 0.12343298), ('O2', 0.12116595), ('Fp1', 0.11273959), ('C3', 0.11111668)]
[2026-05-30 06:33:52]     spatial_update=delta_l2=0.62461237 max_abs=0.16781911 relative=0.52335421 changed=True

[2026-05-30 06:33:52] Fold 5/5 | subject=20
[2026-05-30 06:33:52]     Train: 32 | counts=[16, 16]
[2026-05-30 06:33:52]     Test:  8 | counts=[4, 4]
[2026-05-30 06:33:52]     Model: SignalJEPA_PreLocal | Pretrained: from_pretrained | Strategy: new
[2026-05-30 06:33:52]     Normalization: none | fit_scope=none
[2026-05-30 06:33:52]     Phase 1 (new): 2,170/16,010 params
[2026-05-30 06:33:59]     Result | best_epoch=423 | stop=472 | final_phase_epochs=472 | acc=0.6250 | bal_acc=0.6250 | pred_hist=[5, 3] | collapse=False
[2026-05-30 06:33:59]     spatial_conv=[4, 29] top_abs_channels=[('F8', 0.21440175), ('Pz', 0.17527023), ('TP7', 0.15996879), ('O1', 0.15186858), ('Fz', 0.14671452), ('P3', 0.13905832), ('T6', 0.12673782), ('F4', 0.11624876)]
[2026-05-30 06:33:59]     spatial_update=delta_l2=1.12981299 max_abs=0.34812614 relative=0.94665495 changed=True
[2026-05-30 06:33:59]   Subject 20: acc=0.6500±0.1458  bal_acc=0.6500±0.1458
[2026-05-30 06:33:59] \nSubject 21: 40 windows | class_counts=[20, 20]

[2026-05-30 06:33:59] Fold 1/5 | subject=21
[2026-05-30 06:33:59]     Train: 32 | counts=[16, 16]
[2026-05-30 06:33:59]     Test:  8 | counts=[4, 4]
[2026-05-30 06:33:59]     Model: SignalJEPA_PreLocal | Pretrained: from_pretrained | Strategy: new
[2026-05-30 06:33:59]     Normalization: none | fit_scope=none
[2026-05-30 06:33:59]     Phase 1 (new): 2,170/16,010 params
[2026-05-30 06:34:00]     Result | best_epoch=38 | stop=88 | final_phase_epochs=88 | acc=0.5000 | bal_acc=0.5000 | pred_hist=[6, 2] | collapse=False
[2026-05-30 06:34:00]     spatial_conv=[4, 29] top_abs_channels=[('Pz', 0.1585573), ('O2', 0.14944902), ('CP3', 0.13648853), ('Fp1', 0.12968127), ('CP4', 0.12458973), ('O1', 0.11926019), ('T3', 0.11385467), ('T5', 0.11093621)]
[2026-05-30 06:34:00]     spatial_update=delta_l2=0.29848081 max_abs=0.08059448 relative=0.25009302 changed=True

[2026-05-30 06:34:01] Fold 2/5 | subject=21
[2026-05-30 06:34:01]     Train: 32 | counts=[16, 16]
[2026-05-30 06:34:01]     Test:  8 | counts=[4, 4]
[2026-05-30 06:34:01]     Model: SignalJEPA_PreLocal | Pretrained: from_pretrained | Strategy: new
[2026-05-30 06:34:01]     Normalization: none | fit_scope=none
[2026-05-30 06:34:01]     Phase 1 (new): 2,170/16,010 params
[2026-05-30 06:34:03]     Result | best_epoch=108 | stop=158 | final_phase_epochs=158 | acc=0.6250 | bal_acc=0.6250 | pred_hist=[1, 7] | collapse=False
[2026-05-30 06:34:03]     spatial_conv=[4, 29] top_abs_channels=[('Fp1', 0.16668247), ('F7', 0.16333821), ('T3', 0.1550149), ('Pz', 0.15152282), ('Fz', 0.14044364), ('CP3', 0.11790557), ('O2', 0.11655089), ('F4', 0.10703683)]
[2026-05-30 06:34:03]     spatial_update=delta_l2=0.59864830 max_abs=0.21371720 relative=0.50159927 changed=True

[2026-05-30 06:34:04] Fold 3/5 | subject=21
[2026-05-30 06:34:04]     Train: 32 | counts=[16, 16]
[2026-05-30 06:34:04]     Test:  8 | counts=[4, 4]
[2026-05-30 06:34:04]     Model: SignalJEPA_PreLocal | Pretrained: from_pretrained | Strategy: new
[2026-05-30 06:34:04]     Normalization: none | fit_scope=none
[2026-05-30 06:34:04]     Phase 1 (new): 2,170/16,010 params
[2026-05-30 06:34:05]     Result | best_epoch=40 | stop=90 | final_phase_epochs=90 | acc=0.5000 | bal_acc=0.5000 | pred_hist=[6, 2] | collapse=False
[2026-05-30 06:34:05]     spatial_conv=[4, 29] top_abs_channels=[('Pz', 0.15320519), ('Fp1', 0.14502038), ('CP4', 0.13398024), ('T3', 0.1339321), ('O2', 0.13221699), ('CP3', 0.12865666), ('O1', 0.12754913), ('F7', 0.11451069)]
[2026-05-30 06:34:05]     spatial_update=delta_l2=0.31259931 max_abs=0.07760686 relative=0.26192271 changed=True

[2026-05-30 06:34:05] Fold 4/5 | subject=21
[2026-05-30 06:34:05]     Train: 32 | counts=[16, 16]
[2026-05-30 06:34:05]     Test:  8 | counts=[4, 4]
[2026-05-30 06:34:05]     Model: SignalJEPA_PreLocal | Pretrained: from_pretrained | Strategy: new
[2026-05-30 06:34:05]     Normalization: none | fit_scope=none
[2026-05-30 06:34:05]     Phase 1 (new): 2,170/16,010 params
[2026-05-30 06:34:07]     Result | best_epoch=40 | stop=90 | final_phase_epochs=90 | acc=0.7500 | bal_acc=0.7500 | pred_hist=[4, 4] | collapse=False
[2026-05-30 06:34:07]     spatial_conv=[4, 29] top_abs_channels=[('Pz', 0.15276042), ('O2', 0.14554757), ('Fp1', 0.13796394), ('CP4', 0.13485892), ('CP3', 0.13131858), ('O1', 0.12198409), ('T3', 0.12049172), ('Fz', 0.1171618)]
[2026-05-30 06:34:07]     spatial_update=delta_l2=0.29599117 max_abs=0.07624914 relative=0.24800698 changed=True

[2026-05-30 06:34:07] Fold 5/5 | subject=21
[2026-05-30 06:34:07]     Train: 32 | counts=[16, 16]
[2026-05-30 06:34:07]     Test:  8 | counts=[4, 4]
[2026-05-30 06:34:07]     Model: SignalJEPA_PreLocal | Pretrained: from_pretrained | Strategy: new
[2026-05-30 06:34:07]     Normalization: none | fit_scope=none
[2026-05-30 06:34:07]     Phase 1 (new): 2,170/16,010 params
[2026-05-30 06:34:11]     Result | best_epoch=191 | stop=241 | final_phase_epochs=241 | acc=0.3750 | bal_acc=0.3750 | pred_hist=[5, 3] | collapse=False
[2026-05-30 06:34:11]     spatial_conv=[4, 29] top_abs_channels=[('Oz', 0.20270315), ('Pz', 0.14679411), ('Fp1', 0.14393917), ('P3', 0.1415976), ('C3', 0.12946226), ('CP3', 0.12040696), ('O1', 0.11375894), ('O2', 0.10826466)]
[2026-05-30 06:34:11]     spatial_update=delta_l2=0.92552589 max_abs=0.25557976 relative=0.77548556 changed=True
[2026-05-30 06:34:11]   Subject 21: acc=0.5500±0.1275  bal_acc=0.5500±0.1275
[2026-05-30 06:34:11] \nSubject 22: 40 windows | class_counts=[20, 20]

[2026-05-30 06:34:11] Fold 1/5 | subject=22
[2026-05-30 06:34:11]     Train: 32 | counts=[16, 16]
[2026-05-30 06:34:11]     Test:  8 | counts=[4, 4]
[2026-05-30 06:34:11]     Model: SignalJEPA_PreLocal | Pretrained: from_pretrained | Strategy: new
[2026-05-30 06:34:11]     Normalization: none | fit_scope=none
[2026-05-30 06:34:11]     Phase 1 (new): 2,170/16,010 params
[2026-05-30 06:34:14]     Result | best_epoch=147 | stop=197 | final_phase_epochs=197 | acc=0.8750 | bal_acc=0.8750 | pred_hist=[5, 3] | collapse=False
[2026-05-30 06:34:14]     spatial_conv=[4, 29] top_abs_channels=[('Pz', 0.14564776), ('F7', 0.14451715), ('CP3', 0.13465871), ('FC4', 0.13256194), ('Fz', 0.12598254), ('FCz', 0.12473154), ('Cz', 0.12364925), ('TP8', 0.11611949)]
[2026-05-30 06:34:14]     spatial_update=delta_l2=0.62218693 max_abs=0.17292579 relative=0.52132197 changed=True

[2026-05-30 06:34:14] Fold 2/5 | subject=22
[2026-05-30 06:34:14]     Train: 32 | counts=[16, 16]
[2026-05-30 06:34:14]     Test:  8 | counts=[4, 4]
[2026-05-30 06:34:14]     Model: SignalJEPA_PreLocal | Pretrained: from_pretrained | Strategy: new
[2026-05-30 06:34:14]     Normalization: none | fit_scope=none
[2026-05-30 06:34:14]     Phase 1 (new): 2,170/16,010 params
[2026-05-30 06:34:30]     Result | best_epoch=1082 | stop=1132 | final_phase_epochs=1132 | acc=0.8750 | bal_acc=0.8750 | pred_hist=[5, 3] | collapse=False
[2026-05-30 06:34:30]     spatial_conv=[4, 29] top_abs_channels=[('FC4', 0.28568664), ('CP3', 0.17887351), ('C3', 0.13829748), ('FCz', 0.13200329), ('P4', 0.13157426), ('TP8', 0.1161757), ('Pz', 0.11573601), ('F8', 0.10630296)]
[2026-05-30 06:34:30]     spatial_update=delta_l2=1.21080076 max_abs=0.38185725 relative=1.01451350 changed=True

[2026-05-30 06:34:30] Fold 3/5 | subject=22
[2026-05-30 06:34:30]     Train: 32 | counts=[16, 16]
[2026-05-30 06:34:30]     Test:  8 | counts=[4, 4]
[2026-05-30 06:34:30]     Model: SignalJEPA_PreLocal | Pretrained: from_pretrained | Strategy: new
[2026-05-30 06:34:30]     Normalization: none | fit_scope=none
[2026-05-30 06:34:30]     Phase 1 (new): 2,170/16,010 params
[2026-05-30 06:34:33]     Result | best_epoch=131 | stop=181 | final_phase_epochs=181 | acc=0.8750 | bal_acc=0.8750 | pred_hist=[3, 5] | collapse=False
[2026-05-30 06:34:33]     spatial_conv=[4, 29] top_abs_channels=[('CP3', 0.14550242), ('F7', 0.1414472), ('Pz', 0.13697952), ('FCz', 0.12474665), ('Fp1', 0.11984496), ('FC4', 0.117479), ('Cz', 0.1171583), ('C4', 0.1097637)]
[2026-05-30 06:34:33]     spatial_update=delta_l2=0.60055565 max_abs=0.14056590 relative=0.50319742 changed=True

[2026-05-30 06:34:33] Fold 4/5 | subject=22
[2026-05-30 06:34:33]     Train: 32 | counts=[16, 16]
[2026-05-30 06:34:33]     Test:  8 | counts=[4, 4]
[2026-05-30 06:34:33]     Model: SignalJEPA_PreLocal | Pretrained: from_pretrained | Strategy: new
[2026-05-30 06:34:33]     Normalization: none | fit_scope=none
[2026-05-30 06:34:33]     Phase 1 (new): 2,170/16,010 params
[2026-05-30 06:34:36]     Result | best_epoch=173 | stop=223 | final_phase_epochs=223 | acc=1.0000 | bal_acc=1.0000 | pred_hist=[4, 4] | collapse=False
[2026-05-30 06:34:36]     spatial_conv=[4, 29] top_abs_channels=[('F7', 0.16634211), ('CP3', 0.1339449), ('Pz', 0.13343498), ('Fz', 0.11917488), ('Oz', 0.11869802), ('C4', 0.11505193), ('Cz', 0.11039114), ('T4', 0.10929658)]
[2026-05-30 06:34:36]     spatial_update=delta_l2=0.60341694 max_abs=0.17035806 relative=0.50559485 changed=True

[2026-05-30 06:34:37] Fold 5/5 | subject=22
[2026-05-30 06:34:37]     Train: 32 | counts=[16, 16]
[2026-05-30 06:34:37]     Test:  8 | counts=[4, 4]
[2026-05-30 06:34:37]     Model: SignalJEPA_PreLocal | Pretrained: from_pretrained | Strategy: new
[2026-05-30 06:34:37]     Normalization: none | fit_scope=none
[2026-05-30 06:34:37]     Phase 1 (new): 2,170/16,010 params
[2026-05-30 06:34:41]     Result | best_epoch=232 | stop=282 | final_phase_epochs=282 | acc=0.8750 | bal_acc=0.8750 | pred_hist=[3, 5] | collapse=False
[2026-05-30 06:34:41]     spatial_conv=[4, 29] top_abs_channels=[('F7', 0.1947716), ('CP3', 0.15962407), ('O1', 0.13738248), ('TP8', 0.12816812), ('Pz', 0.12582561), ('C4', 0.1151185), ('P3', 0.11492042), ('Fp1', 0.11172064)]
[2026-05-30 06:34:41]     spatial_update=delta_l2=0.68396773 max_abs=0.22942949 relative=0.57308727 changed=True
[2026-05-30 06:34:41]   Subject 22: acc=0.9000±0.0500  bal_acc=0.9000±0.0500
[2026-05-30 06:34:41] \nSubject 23: 40 windows | class_counts=[20, 20]

[2026-05-30 06:34:41] Fold 1/5 | subject=23
[2026-05-30 06:34:41]     Train: 32 | counts=[16, 16]
[2026-05-30 06:34:41]     Test:  8 | counts=[4, 4]
[2026-05-30 06:34:41]     Model: SignalJEPA_PreLocal | Pretrained: from_pretrained | Strategy: new
[2026-05-30 06:34:41]     Normalization: none | fit_scope=none
[2026-05-30 06:34:41]     Phase 1 (new): 2,170/16,010 params
[2026-05-30 06:34:42]     Result | best_epoch=1 | stop=51 | final_phase_epochs=51 | acc=0.5000 | bal_acc=0.5000 | pred_hist=[0, 8] | collapse=True
[2026-05-30 06:34:42]     spatial_conv=[4, 29] top_abs_channels=[('Pz', 0.15385874), ('O2', 0.14382127), ('T3', 0.12665486), ('T4', 0.1229203), ('O1', 0.12129687), ('CP3', 0.12126702), ('C3', 0.115762), ('CP4', 0.11040133)]
[2026-05-30 06:34:42]     spatial_update=delta_l2=0.01137207 max_abs=0.00218789 relative=0.00952850 changed=True

[2026-05-30 06:34:42] Fold 2/5 | subject=23
[2026-05-30 06:34:42]     Train: 32 | counts=[16, 16]
[2026-05-30 06:34:42]     Test:  8 | counts=[4, 4]
[2026-05-30 06:34:42]     Model: SignalJEPA_PreLocal | Pretrained: from_pretrained | Strategy: new
[2026-05-30 06:34:42]     Normalization: none | fit_scope=none
[2026-05-30 06:34:42]     Phase 1 (new): 2,170/16,010 params
[2026-05-30 06:34:43]     Result | best_epoch=1 | stop=51 | final_phase_epochs=51 | acc=0.5000 | bal_acc=0.5000 | pred_hist=[0, 8] | collapse=True
[2026-05-30 06:34:43]     spatial_conv=[4, 29] top_abs_channels=[('Pz', 0.15361814), ('O2', 0.14360142), ('T3', 0.12661865), ('O1', 0.12251644), ('T4', 0.12224832), ('CP3', 0.12098925), ('C3', 0.11615406), ('CP4', 0.1105591)]
[2026-05-30 06:34:43]     spatial_update=delta_l2=0.01246870 max_abs=0.00222969 relative=0.01044735 changed=True

[2026-05-30 06:34:44] Fold 3/5 | subject=23
[2026-05-30 06:34:44]     Train: 32 | counts=[16, 16]
[2026-05-30 06:34:44]     Test:  8 | counts=[4, 4]
[2026-05-30 06:34:44]     Model: SignalJEPA_PreLocal | Pretrained: from_pretrained | Strategy: new
[2026-05-30 06:34:44]     Normalization: none | fit_scope=none
[2026-05-30 06:34:44]     Phase 1 (new): 2,170/16,010 params
[2026-05-30 06:34:44]     Result | best_epoch=1 | stop=51 | final_phase_epochs=51 | acc=0.5000 | bal_acc=0.5000 | pred_hist=[0, 8] | collapse=True
[2026-05-30 06:34:44]     spatial_conv=[4, 29] top_abs_channels=[('Pz', 0.15271619), ('O2', 0.14468388), ('T3', 0.12602033), ('T4', 0.12338483), ('O1', 0.12234703), ('CP3', 0.1216144), ('C3', 0.11479138), ('CP4', 0.11040031)]
[2026-05-30 06:34:44]     spatial_update=delta_l2=0.01218362 max_abs=0.00223641 relative=0.01020849 changed=True

[2026-05-30 06:34:45] Fold 4/5 | subject=23
[2026-05-30 06:34:45]     Train: 32 | counts=[16, 16]
[2026-05-30 06:34:45]     Test:  8 | counts=[4, 4]
[2026-05-30 06:34:45]     Model: SignalJEPA_PreLocal | Pretrained: from_pretrained | Strategy: new
[2026-05-30 06:34:45]     Normalization: none | fit_scope=none
[2026-05-30 06:34:45]     Phase 1 (new): 2,170/16,010 params
[2026-05-30 06:34:46]     Result | best_epoch=1 | stop=51 | final_phase_epochs=51 | acc=0.5000 | bal_acc=0.5000 | pred_hist=[0, 8] | collapse=True
[2026-05-30 06:34:46]     spatial_conv=[4, 29] top_abs_channels=[('Pz', 0.1531381), ('O2', 0.14398432), ('T3', 0.12644947), ('T4', 0.12264869), ('O1', 0.12163002), ('CP3', 0.12132256), ('C3', 0.11404379), ('CP4', 0.11045993)]
[2026-05-30 06:34:46]     spatial_update=delta_l2=0.01236405 max_abs=0.00216310 relative=0.01035967 changed=True

[2026-05-30 06:34:46] Fold 5/5 | subject=23
[2026-05-30 06:34:46]     Train: 32 | counts=[16, 16]
[2026-05-30 06:34:46]     Test:  8 | counts=[4, 4]
[2026-05-30 06:34:46]     Model: SignalJEPA_PreLocal | Pretrained: from_pretrained | Strategy: new
[2026-05-30 06:34:46]     Normalization: none | fit_scope=none
[2026-05-30 06:34:46]     Phase 1 (new): 2,170/16,010 params
[2026-05-30 06:34:50]     Result | best_epoch=260 | stop=310 | final_phase_epochs=310 | acc=0.2500 | bal_acc=0.2500 | pred_hist=[4, 4] | collapse=False
[2026-05-30 06:34:50]     spatial_conv=[4, 29] top_abs_channels=[('P3', 0.15518367), ('TP8', 0.14457811), ('CP3', 0.13985288), ('O2', 0.13869777), ('F4', 0.12966046), ('FC4', 0.11789268), ('C4', 0.11710759), ('CP4', 0.11440771)]
[2026-05-30 06:34:50]     spatial_update=delta_l2=1.18761205 max_abs=0.38514356 relative=0.99508399 changed=True
[2026-05-30 06:34:50]   Subject 23: acc=0.4500±0.1000  bal_acc=0.4500±0.1000
[2026-05-30 06:34:50] \nSubject 24: 40 windows | class_counts=[20, 20]

[2026-05-30 06:34:51] Fold 1/5 | subject=24
[2026-05-30 06:34:51]     Train: 32 | counts=[16, 16]
[2026-05-30 06:34:51]     Test:  8 | counts=[4, 4]
[2026-05-30 06:34:51]     Model: SignalJEPA_PreLocal | Pretrained: from_pretrained | Strategy: new
[2026-05-30 06:34:51]     Normalization: none | fit_scope=none
[2026-05-30 06:34:51]     Phase 1 (new): 2,170/16,010 params
[2026-05-30 06:34:52]     Result | best_epoch=11 | stop=61 | final_phase_epochs=61 | acc=0.3750 | bal_acc=0.3750 | pred_hist=[3, 5] | collapse=False
[2026-05-30 06:34:52]     spatial_conv=[4, 29] top_abs_channels=[('O2', 0.14673054), ('Pz', 0.14500128), ('CP3', 0.12940459), ('O1', 0.11965957), ('CP4', 0.11605085), ('T3', 0.11458971), ('T4', 0.11390683), ('T5', 0.11103298)]
[2026-05-30 06:34:52]     spatial_update=delta_l2=0.10330942 max_abs=0.02030914 relative=0.08656156 changed=True

[2026-05-30 06:34:52] Fold 2/5 | subject=24
[2026-05-30 06:34:52]     Train: 32 | counts=[16, 16]
[2026-05-30 06:34:52]     Test:  8 | counts=[4, 4]
[2026-05-30 06:34:52]     Model: SignalJEPA_PreLocal | Pretrained: from_pretrained | Strategy: new
[2026-05-30 06:34:52]     Normalization: none | fit_scope=none
[2026-05-30 06:34:52]     Phase 1 (new): 2,170/16,010 params
[2026-05-30 06:34:53]     Result | best_epoch=2 | stop=52 | final_phase_epochs=52 | acc=0.5000 | bal_acc=0.5000 | pred_hist=[0, 8] | collapse=True
[2026-05-30 06:34:53]     spatial_conv=[4, 29] top_abs_channels=[('Pz', 0.15295352), ('O2', 0.14448611), ('T3', 0.1249336), ('O1', 0.122047), ('CP3', 0.12197867), ('T4', 0.12131229), ('C3', 0.11344764), ('CP4', 0.11151273)]
[2026-05-30 06:34:53]     spatial_update=delta_l2=0.02351708 max_abs=0.00438066 relative=0.01970464 changed=True

[2026-05-30 06:34:53] Fold 3/5 | subject=24
[2026-05-30 06:34:53]     Train: 32 | counts=[16, 16]
[2026-05-30 06:34:53]     Test:  8 | counts=[4, 4]
[2026-05-30 06:34:53]     Model: SignalJEPA_PreLocal | Pretrained: from_pretrained | Strategy: new
[2026-05-30 06:34:53]     Normalization: none | fit_scope=none
[2026-05-30 06:34:53]     Phase 1 (new): 2,170/16,010 params
[2026-05-30 06:34:59]     Result | best_epoch=369 | stop=419 | final_phase_epochs=419 | acc=0.5000 | bal_acc=0.5000 | pred_hist=[4, 4] | collapse=False
[2026-05-30 06:34:59]     spatial_conv=[4, 29] top_abs_channels=[('CP3', 0.17494139), ('F8', 0.16108352), ('O2', 0.15924343), ('Pz', 0.13006063), ('F4', 0.1297859), ('FT8', 0.11961922), ('C4', 0.11957148), ('T3', 0.1181608)]
[2026-05-30 06:34:59]     spatial_update=delta_l2=1.07799135 max_abs=0.27604157 relative=0.90323430 changed=True

[2026-05-30 06:35:00] Fold 4/5 | subject=24
[2026-05-30 06:35:00]     Train: 32 | counts=[16, 16]
[2026-05-30 06:35:00]     Test:  8 | counts=[4, 4]
[2026-05-30 06:35:00]     Model: SignalJEPA_PreLocal | Pretrained: from_pretrained | Strategy: new
[2026-05-30 06:35:00]     Normalization: none | fit_scope=none
[2026-05-30 06:35:00]     Phase 1 (new): 2,170/16,010 params
[2026-05-30 06:35:04]     Result | best_epoch=262 | stop=312 | final_phase_epochs=312 | acc=0.5000 | bal_acc=0.5000 | pred_hist=[4, 4] | collapse=False
[2026-05-30 06:35:04]     spatial_conv=[4, 29] top_abs_channels=[('CP3', 0.2203622), ('Cz', 0.20119575), ('Oz', 0.14431757), ('F4', 0.13517076), ('P4', 0.12861848), ('O2', 0.1254192), ('Pz', 0.1180672), ('C4', 0.11708414)]
[2026-05-30 06:35:04]     spatial_update=delta_l2=0.99998907 max_abs=0.25655508 relative=0.83787725 changed=True

[2026-05-30 06:35:05] Fold 5/5 | subject=24
[2026-05-30 06:35:05]     Train: 32 | counts=[16, 16]
[2026-05-30 06:35:05]     Test:  8 | counts=[4, 4]
[2026-05-30 06:35:05]     Model: SignalJEPA_PreLocal | Pretrained: from_pretrained | Strategy: new
[2026-05-30 06:35:05]     Normalization: none | fit_scope=none
[2026-05-30 06:35:05]     Phase 1 (new): 2,170/16,010 params
[2026-05-30 06:35:05]     Result | best_epoch=4 | stop=54 | final_phase_epochs=54 | acc=0.5000 | bal_acc=0.5000 | pred_hist=[0, 8] | collapse=True
[2026-05-30 06:35:05]     spatial_conv=[4, 29] top_abs_channels=[('Pz', 0.15126391), ('O2', 0.14670883), ('CP3', 0.12343606), ('T3', 0.12262017), ('T4', 0.12014709), ('O1', 0.11976557), ('C3', 0.11349595), ('CP4', 0.11205214)]
[2026-05-30 06:35:05]     spatial_update=delta_l2=0.03625278 max_abs=0.00819892 relative=0.03037571 changed=True
[2026-05-30 06:35:05]   Subject 24: acc=0.4750±0.0500  bal_acc=0.4750±0.0500
[2026-05-30 06:35:05] \nSubject 25: 40 windows | class_counts=[20, 20]

[2026-05-30 06:35:06] Fold 1/5 | subject=25
[2026-05-30 06:35:06]     Train: 32 | counts=[16, 16]
[2026-05-30 06:35:06]     Test:  8 | counts=[4, 4]
[2026-05-30 06:35:06]     Model: SignalJEPA_PreLocal | Pretrained: from_pretrained | Strategy: new
[2026-05-30 06:35:06]     Normalization: none | fit_scope=none
[2026-05-30 06:35:06]     Phase 1 (new): 2,170/16,010 params
[2026-05-30 06:35:07]     Result | best_epoch=23 | stop=73 | final_phase_epochs=73 | acc=0.2500 | bal_acc=0.2500 | pred_hist=[6, 2] | collapse=False
[2026-05-30 06:35:07]     spatial_conv=[4, 29] top_abs_channels=[('Pz', 0.15107635), ('T3', 0.14227939), ('O1', 0.13754383), ('O2', 0.13007815), ('T4', 0.12659261), ('CP3', 0.12646793), ('CP4', 0.11346406), ('Fp1', 0.11342177)]
[2026-05-30 06:35:07]     spatial_update=delta_l2=0.19878686 max_abs=0.04317735 relative=0.16656081 changed=True

[2026-05-30 06:35:07] Fold 2/5 | subject=25
[2026-05-30 06:35:07]     Train: 32 | counts=[16, 16]
[2026-05-30 06:35:07]     Test:  8 | counts=[4, 4]
[2026-05-30 06:35:07]     Model: SignalJEPA_PreLocal | Pretrained: from_pretrained | Strategy: new
[2026-05-30 06:35:07]     Normalization: none | fit_scope=none
[2026-05-30 06:35:07]     Phase 1 (new): 2,170/16,010 params
[2026-05-30 06:35:08]     Result | best_epoch=1 | stop=51 | final_phase_epochs=51 | acc=0.5000 | bal_acc=0.5000 | pred_hist=[0, 8] | collapse=True
[2026-05-30 06:35:08]     spatial_conv=[4, 29] top_abs_channels=[('Pz', 0.15391828), ('O2', 0.14413023), ('T3', 0.12590359), ('T4', 0.12215991), ('O1', 0.12173897), ('CP3', 0.12050214), ('C3', 0.11487676), ('CP4', 0.11152838)]
[2026-05-30 06:35:08]     spatial_update=delta_l2=0.01147801 max_abs=0.00234111 relative=0.00961727 changed=True

[2026-05-30 06:35:08] Fold 3/5 | subject=25
[2026-05-30 06:35:08]     Train: 32 | counts=[16, 16]
[2026-05-30 06:35:08]     Test:  8 | counts=[4, 4]
[2026-05-30 06:35:08]     Model: SignalJEPA_PreLocal | Pretrained: from_pretrained | Strategy: new
[2026-05-30 06:35:08]     Normalization: none | fit_scope=none
[2026-05-30 06:35:08]     Phase 1 (new): 2,170/16,010 params
[2026-05-30 06:35:09]     Result | best_epoch=1 | stop=51 | final_phase_epochs=51 | acc=0.5000 | bal_acc=0.5000 | pred_hist=[0, 8] | collapse=True
[2026-05-30 06:35:09]     spatial_conv=[4, 29] top_abs_channels=[('Pz', 0.15398668), ('O2', 0.14458543), ('T3', 0.12559423), ('T4', 0.12265263), ('O1', 0.12116877), ('CP3', 0.12004494), ('C3', 0.11525263), ('CP4', 0.11201883)]
[2026-05-30 06:35:09]     spatial_update=delta_l2=0.01353217 max_abs=0.00234778 relative=0.01133842 changed=True

[2026-05-30 06:35:10] Fold 4/5 | subject=25
[2026-05-30 06:35:10]     Train: 32 | counts=[16, 16]
[2026-05-30 06:35:10]     Test:  8 | counts=[4, 4]
[2026-05-30 06:35:10]     Model: SignalJEPA_PreLocal | Pretrained: from_pretrained | Strategy: new
[2026-05-30 06:35:10]     Normalization: none | fit_scope=none
[2026-05-30 06:35:10]     Phase 1 (new): 2,170/16,010 params
[2026-05-30 06:35:10]     Result | best_epoch=1 | stop=51 | final_phase_epochs=51 | acc=0.5000 | bal_acc=0.5000 | pred_hist=[0, 8] | collapse=True
[2026-05-30 06:35:10]     spatial_conv=[4, 29] top_abs_channels=[('Pz', 0.15382782), ('O2', 0.1434467), ('T3', 0.126701), ('O1', 0.12298579), ('T4', 0.12233201), ('CP3', 0.12084536), ('C3', 0.11498163), ('CP4', 0.11131991)]
[2026-05-30 06:35:10]     spatial_update=delta_l2=0.01387948 max_abs=0.00227935 relative=0.01162943 changed=True

[2026-05-30 06:35:11] Fold 5/5 | subject=25
[2026-05-30 06:35:11]     Train: 32 | counts=[16, 16]
[2026-05-30 06:35:11]     Test:  8 | counts=[4, 4]
[2026-05-30 06:35:11]     Model: SignalJEPA_PreLocal | Pretrained: from_pretrained | Strategy: new
[2026-05-30 06:35:11]     Normalization: none | fit_scope=none
[2026-05-30 06:35:11]     Phase 1 (new): 2,170/16,010 params
[2026-05-30 06:35:12]     Result | best_epoch=1 | stop=51 | final_phase_epochs=51 | acc=0.5000 | bal_acc=0.5000 | pred_hist=[0, 8] | collapse=True
[2026-05-30 06:35:12]     spatial_conv=[4, 29] top_abs_channels=[('Pz', 0.15347674), ('O2', 0.14328542), ('T3', 0.12625983), ('T4', 0.12222055), ('O1', 0.12201284), ('CP3', 0.12127773), ('C3', 0.11510901), ('CP4', 0.11123329)]
[2026-05-30 06:35:12]     spatial_update=delta_l2=0.01400107 max_abs=0.00221690 relative=0.01173131 changed=True
[2026-05-30 06:35:12]   Subject 25: acc=0.4500±0.1000  bal_acc=0.4500±0.1000
[2026-05-30 06:35:12] \nSubject 26: 40 windows | class_counts=[20, 20]

[2026-05-30 06:35:12] Fold 1/5 | subject=26
[2026-05-30 06:35:12]     Train: 32 | counts=[16, 16]
[2026-05-30 06:35:12]     Test:  8 | counts=[4, 4]
[2026-05-30 06:35:12]     Model: SignalJEPA_PreLocal | Pretrained: from_pretrained | Strategy: new
[2026-05-30 06:35:12]     Normalization: none | fit_scope=none
[2026-05-30 06:35:12]     Phase 1 (new): 2,170/16,010 params
[2026-05-30 06:35:15]     Result | best_epoch=195 | stop=245 | final_phase_epochs=245 | acc=0.6250 | bal_acc=0.6250 | pred_hist=[3, 5] | collapse=False
[2026-05-30 06:35:15]     spatial_conv=[4, 29] top_abs_channels=[('Pz', 0.18884766), ('CP3', 0.1844151), ('CP4', 0.16159347), ('O2', 0.14861536), ('T4', 0.13957769), ('F3', 0.12854446), ('O1', 0.12371085), ('Fz', 0.11158603)]
[2026-05-30 06:35:15]     spatial_update=delta_l2=0.77847404 max_abs=0.17965527 relative=0.65227282 changed=True

[2026-05-30 06:35:16] Fold 2/5 | subject=26
[2026-05-30 06:35:16]     Train: 32 | counts=[16, 16]
[2026-05-30 06:35:16]     Test:  8 | counts=[4, 4]
[2026-05-30 06:35:16]     Model: SignalJEPA_PreLocal | Pretrained: from_pretrained | Strategy: new
[2026-05-30 06:35:16]     Normalization: none | fit_scope=none
[2026-05-30 06:35:16]     Phase 1 (new): 2,170/16,010 params
[2026-05-30 06:35:17]     Result | best_epoch=1 | stop=51 | final_phase_epochs=51 | acc=0.5000 | bal_acc=0.5000 | pred_hist=[0, 8] | collapse=True
[2026-05-30 06:35:17]     spatial_conv=[4, 29] top_abs_channels=[('Pz', 0.15380076), ('O2', 0.14329273), ('T3', 0.12769234), ('O1', 0.12246211), ('T4', 0.12176562), ('CP3', 0.12070423), ('C3', 0.11590264), ('CP4', 0.11111849)]
[2026-05-30 06:35:17]     spatial_update=delta_l2=0.01292630 max_abs=0.00214285 relative=0.01083077 changed=True

[2026-05-30 06:35:17] Fold 3/5 | subject=26
[2026-05-30 06:35:17]     Train: 32 | counts=[16, 16]
[2026-05-30 06:35:17]     Test:  8 | counts=[4, 4]
[2026-05-30 06:35:17]     Model: SignalJEPA_PreLocal | Pretrained: from_pretrained | Strategy: new
[2026-05-30 06:35:17]     Normalization: none | fit_scope=none
[2026-05-30 06:35:17]     Phase 1 (new): 2,170/16,010 params
[2026-05-30 06:35:18]     Result | best_epoch=1 | stop=51 | final_phase_epochs=51 | acc=0.5000 | bal_acc=0.5000 | pred_hist=[0, 8] | collapse=True
[2026-05-30 06:35:18]     spatial_conv=[4, 29] top_abs_channels=[('Pz', 0.15345213), ('O2', 0.14352176), ('T3', 0.1276994), ('O1', 0.12226698), ('T4', 0.12198098), ('CP3', 0.12106729), ('C3', 0.11611703), ('CP4', 0.11104349)]
[2026-05-30 06:35:18]     spatial_update=delta_l2=0.01103340 max_abs=0.00215069 relative=0.00924474 changed=True

[2026-05-30 06:35:18] Fold 4/5 | subject=26
[2026-05-30 06:35:18]     Train: 32 | counts=[16, 16]
[2026-05-30 06:35:18]     Test:  8 | counts=[4, 4]
[2026-05-30 06:35:18]     Model: SignalJEPA_PreLocal | Pretrained: from_pretrained | Strategy: new
[2026-05-30 06:35:18]     Normalization: none | fit_scope=none
[2026-05-30 06:35:18]     Phase 1 (new): 2,170/16,010 params
[2026-05-30 06:35:19]     Result | best_epoch=1 | stop=51 | final_phase_epochs=51 | acc=0.5000 | bal_acc=0.5000 | pred_hist=[0, 8] | collapse=True
[2026-05-30 06:35:19]     spatial_conv=[4, 29] top_abs_channels=[('Pz', 0.1529749), ('O2', 0.14435963), ('T3', 0.12672214), ('T4', 0.12199362), ('CP3', 0.12132428), ('O1', 0.12128227), ('C3', 0.11571039), ('CP4', 0.11037352)]
[2026-05-30 06:35:19]     spatial_update=delta_l2=0.01041979 max_abs=0.00195719 relative=0.00873060 changed=True

[2026-05-30 06:35:19] Fold 5/5 | subject=26
[2026-05-30 06:35:19]     Train: 32 | counts=[16, 16]
[2026-05-30 06:35:19]     Test:  8 | counts=[4, 4]
[2026-05-30 06:35:19]     Model: SignalJEPA_PreLocal | Pretrained: from_pretrained | Strategy: new
[2026-05-30 06:35:19]     Normalization: none | fit_scope=none
[2026-05-30 06:35:19]     Phase 1 (new): 2,170/16,010 params
[2026-05-30 06:35:20]     Result | best_epoch=1 | stop=51 | final_phase_epochs=51 | acc=0.5000 | bal_acc=0.5000 | pred_hist=[0, 8] | collapse=True
[2026-05-30 06:35:20]     spatial_conv=[4, 29] top_abs_channels=[('Pz', 0.15235087), ('O2', 0.14417513), ('T3', 0.12609266), ('T4', 0.12283215), ('CP3', 0.12186123), ('O1', 0.12183891), ('C3', 0.11574662), ('CP4', 0.11025023)]
[2026-05-30 06:35:20]     spatial_update=delta_l2=0.01284222 max_abs=0.00201137 relative=0.01076032 changed=True
[2026-05-30 06:35:20]   Subject 26: acc=0.5250±0.0500  bal_acc=0.5250±0.0500
[2026-05-30 06:35:20] \nSubject 27: 40 windows | class_counts=[20, 20]

[2026-05-30 06:35:21] Fold 1/5 | subject=27
[2026-05-30 06:35:21]     Train: 32 | counts=[16, 16]
[2026-05-30 06:35:21]     Test:  8 | counts=[4, 4]
[2026-05-30 06:35:21]     Model: SignalJEPA_PreLocal | Pretrained: from_pretrained | Strategy: new
[2026-05-30 06:35:21]     Normalization: none | fit_scope=none
[2026-05-30 06:35:21]     Phase 1 (new): 2,170/16,010 params
[2026-05-30 06:35:21]     Result | best_epoch=1 | stop=51 | final_phase_epochs=51 | acc=0.5000 | bal_acc=0.5000 | pred_hist=[0, 8] | collapse=True
[2026-05-30 06:35:21]     spatial_conv=[4, 29] top_abs_channels=[('Pz', 0.15368152), ('O2', 0.14466472), ('T3', 0.1272333), ('T4', 0.1224878), ('O1', 0.12219056), ('CP3', 0.12100361), ('C3', 0.11552745), ('CP4', 0.11189165)]
[2026-05-30 06:35:21]     spatial_update=delta_l2=0.01184517 max_abs=0.00229815 relative=0.00992491 changed=True

[2026-05-30 06:35:22] Fold 2/5 | subject=27
[2026-05-30 06:35:22]     Train: 32 | counts=[16, 16]
[2026-05-30 06:35:22]     Test:  8 | counts=[4, 4]
[2026-05-30 06:35:22]     Model: SignalJEPA_PreLocal | Pretrained: from_pretrained | Strategy: new
[2026-05-30 06:35:22]     Normalization: none | fit_scope=none
[2026-05-30 06:35:22]     Phase 1 (new): 2,170/16,010 params
[2026-05-30 06:35:23]     Result | best_epoch=1 | stop=51 | final_phase_epochs=51 | acc=0.6250 | bal_acc=0.6250 | pred_hist=[1, 7] | collapse=False
[2026-05-30 06:35:23]     spatial_conv=[4, 29] top_abs_channels=[('Pz', 0.15348722), ('O2', 0.14456259), ('T3', 0.12657675), ('O1', 0.12198298), ('T4', 0.12177016), ('CP3', 0.12111558), ('C3', 0.11578256), ('CP4', 0.11122535)]
[2026-05-30 06:35:23]     spatial_update=delta_l2=0.01151513 max_abs=0.00215972 relative=0.00964837 changed=True

[2026-05-30 06:35:23] Fold 3/5 | subject=27
[2026-05-30 06:35:23]     Train: 32 | counts=[16, 16]
[2026-05-30 06:35:23]     Test:  8 | counts=[4, 4]
[2026-05-30 06:35:23]     Model: SignalJEPA_PreLocal | Pretrained: from_pretrained | Strategy: new
[2026-05-30 06:35:23]     Normalization: none | fit_scope=none
[2026-05-30 06:35:23]     Phase 1 (new): 2,170/16,010 params
[2026-05-30 06:35:24]     Result | best_epoch=2 | stop=52 | final_phase_epochs=52 | acc=0.5000 | bal_acc=0.5000 | pred_hist=[0, 8] | collapse=True
[2026-05-30 06:35:24]     spatial_conv=[4, 29] top_abs_channels=[('Pz', 0.15250452), ('O2', 0.14514735), ('T3', 0.12710637), ('O1', 0.12279123), ('CP3', 0.12161849), ('T4', 0.12152433), ('C3', 0.11559811), ('CP4', 0.11121306)]
[2026-05-30 06:35:24]     spatial_update=delta_l2=0.01991909 max_abs=0.00372344 relative=0.01668993 changed=True

[2026-05-30 06:35:24] Fold 4/5 | subject=27
[2026-05-30 06:35:24]     Train: 32 | counts=[16, 16]
[2026-05-30 06:35:24]     Test:  8 | counts=[4, 4]
[2026-05-30 06:35:24]     Model: SignalJEPA_PreLocal | Pretrained: from_pretrained | Strategy: new
[2026-05-30 06:35:24]     Normalization: none | fit_scope=none
[2026-05-30 06:35:24]     Phase 1 (new): 2,170/16,010 params
[2026-05-30 06:35:25]     Result | best_epoch=1 | stop=51 | final_phase_epochs=51 | acc=0.7500 | bal_acc=0.7500 | pred_hist=[2, 6] | collapse=False
[2026-05-30 06:35:25]     spatial_conv=[4, 29] top_abs_channels=[('Pz', 0.15275159), ('O2', 0.14472689), ('T3', 0.12649216), ('O1', 0.12269536), ('T4', 0.1217818), ('CP3', 0.12150306), ('C3', 0.11524277), ('CP4', 0.11086904)]
[2026-05-30 06:35:25]     spatial_update=delta_l2=0.01058023 max_abs=0.00222203 relative=0.00886503 changed=True

[2026-05-30 06:35:25] Fold 5/5 | subject=27
[2026-05-30 06:35:25]     Train: 32 | counts=[16, 16]
[2026-05-30 06:35:25]     Test:  8 | counts=[4, 4]
[2026-05-30 06:35:25]     Model: SignalJEPA_PreLocal | Pretrained: from_pretrained | Strategy: new
[2026-05-30 06:35:25]     Normalization: none | fit_scope=none
[2026-05-30 06:35:25]     Phase 1 (new): 2,170/16,010 params
[2026-05-30 06:35:26]     Result | best_epoch=1 | stop=51 | final_phase_epochs=51 | acc=0.5000 | bal_acc=0.5000 | pred_hist=[0, 8] | collapse=True
[2026-05-30 06:35:26]     spatial_conv=[4, 29] top_abs_channels=[('Pz', 0.15309839), ('O2', 0.14384326), ('T3', 0.12683995), ('O1', 0.12221856), ('T4', 0.1215122), ('CP3', 0.12083946), ('C3', 0.1153464), ('CP4', 0.11064769)]
[2026-05-30 06:35:26]     spatial_update=delta_l2=0.01108095 max_abs=0.00215396 relative=0.00928458 changed=True
[2026-05-30 06:35:26]   Subject 27: acc=0.5750±0.1000  bal_acc=0.5750±0.1000
[2026-05-30 06:35:26] \nSubject 28: 40 windows | class_counts=[20, 20]

[2026-05-30 06:35:27] Fold 1/5 | subject=28
[2026-05-30 06:35:27]     Train: 32 | counts=[16, 16]
[2026-05-30 06:35:27]     Test:  8 | counts=[4, 4]
[2026-05-30 06:35:27]     Model: SignalJEPA_PreLocal | Pretrained: from_pretrained | Strategy: new
[2026-05-30 06:35:27]     Normalization: none | fit_scope=none
[2026-05-30 06:35:27]     Phase 1 (new): 2,170/16,010 params
[2026-05-30 06:35:27]     Result | best_epoch=1 | stop=51 | final_phase_epochs=51 | acc=0.5000 | bal_acc=0.5000 | pred_hist=[0, 8] | collapse=True
[2026-05-30 06:35:27]     spatial_conv=[4, 29] top_abs_channels=[('Pz', 0.15310694), ('O2', 0.14384463), ('T3', 0.12724847), ('T4', 0.12298087), ('O1', 0.12224981), ('CP3', 0.12083389), ('C3', 0.11475801), ('CP4', 0.11108208)]
[2026-05-30 06:35:27]     spatial_update=delta_l2=0.01237027 max_abs=0.00213555 relative=0.01036488 changed=True

[2026-05-30 06:35:28] Fold 2/5 | subject=28
[2026-05-30 06:35:28]     Train: 32 | counts=[16, 16]
[2026-05-30 06:35:28]     Test:  8 | counts=[4, 4]
[2026-05-30 06:35:28]     Model: SignalJEPA_PreLocal | Pretrained: from_pretrained | Strategy: new
[2026-05-30 06:35:28]     Normalization: none | fit_scope=none
[2026-05-30 06:35:28]     Phase 1 (new): 2,170/16,010 params
[2026-05-30 06:35:29]     Result | best_epoch=1 | stop=51 | final_phase_epochs=51 | acc=0.5000 | bal_acc=0.5000 | pred_hist=[0, 8] | collapse=True
[2026-05-30 06:35:29]     spatial_conv=[4, 29] top_abs_channels=[('Pz', 0.15224378), ('O2', 0.14439642), ('T3', 0.12697154), ('T4', 0.1224253), ('CP3', 0.12215859), ('O1', 0.12146601), ('C3', 0.11471519), ('Fp1', 0.11047049)]
[2026-05-30 06:35:29]     spatial_update=delta_l2=0.01324066 max_abs=0.00233220 relative=0.01109417 changed=True

[2026-05-30 06:35:29] Fold 3/5 | subject=28
[2026-05-30 06:35:29]     Train: 32 | counts=[16, 16]
[2026-05-30 06:35:29]     Test:  8 | counts=[4, 4]
[2026-05-30 06:35:29]     Model: SignalJEPA_PreLocal | Pretrained: from_pretrained | Strategy: new
[2026-05-30 06:35:29]     Normalization: none | fit_scope=none
[2026-05-30 06:35:29]     Phase 1 (new): 2,170/16,010 params
[2026-05-30 06:35:30]     Result | best_epoch=1 | stop=51 | final_phase_epochs=51 | acc=0.5000 | bal_acc=0.5000 | pred_hist=[0, 8] | collapse=True
[2026-05-30 06:35:30]     spatial_conv=[4, 29] top_abs_channels=[('Pz', 0.1522229), ('O2', 0.14419116), ('T3', 0.12689798), ('T4', 0.12239001), ('O1', 0.12210733), ('CP3', 0.12157689), ('C3', 0.1144475), ('Fp1', 0.11000843)]
[2026-05-30 06:35:30]     spatial_update=delta_l2=0.01314175 max_abs=0.00203910 relative=0.01101129 changed=True

[2026-05-30 06:35:30] Fold 4/5 | subject=28
[2026-05-30 06:35:30]     Train: 32 | counts=[16, 16]
[2026-05-30 06:35:30]     Test:  8 | counts=[4, 4]
[2026-05-30 06:35:30]     Model: SignalJEPA_PreLocal | Pretrained: from_pretrained | Strategy: new
[2026-05-30 06:35:30]     Normalization: none | fit_scope=none
[2026-05-30 06:35:30]     Phase 1 (new): 2,170/16,010 params
[2026-05-30 06:35:31]     Result | best_epoch=1 | stop=51 | final_phase_epochs=51 | acc=0.5000 | bal_acc=0.5000 | pred_hist=[0, 8] | collapse=True
[2026-05-30 06:35:31]     spatial_conv=[4, 29] top_abs_channels=[('Pz', 0.15233289), ('O2', 0.14464009), ('T3', 0.12733781), ('T4', 0.12263192), ('O1', 0.1219263), ('CP3', 0.12037824), ('C3', 0.11543556), ('Fp1', 0.11062522)]
[2026-05-30 06:35:31]     spatial_update=delta_l2=0.01188633 max_abs=0.00223044 relative=0.00995939 changed=True

[2026-05-30 06:35:32] Fold 5/5 | subject=28
[2026-05-30 06:35:32]     Train: 32 | counts=[16, 16]
[2026-05-30 06:35:32]     Test:  8 | counts=[4, 4]
[2026-05-30 06:35:32]     Model: SignalJEPA_PreLocal | Pretrained: from_pretrained | Strategy: new
[2026-05-30 06:35:32]     Normalization: none | fit_scope=none
[2026-05-30 06:35:32]     Phase 1 (new): 2,170/16,010 params
[2026-05-30 06:35:32]     Result | best_epoch=1 | stop=51 | final_phase_epochs=51 | acc=0.5000 | bal_acc=0.5000 | pred_hist=[0, 8] | collapse=True
[2026-05-30 06:35:32]     spatial_conv=[4, 29] top_abs_channels=[('Pz', 0.15313444), ('O2', 0.14403412), ('T3', 0.12714423), ('T4', 0.12326912), ('O1', 0.1219833), ('CP3', 0.120818), ('C3', 0.11487148), ('Fp1', 0.11102648)]
[2026-05-30 06:35:32]     spatial_update=delta_l2=0.01192801 max_abs=0.00220304 relative=0.00999432 changed=True
[2026-05-30 06:35:32]   Subject 28: acc=0.5000±0.0000  bal_acc=0.5000±0.0000
[2026-05-30 06:35:32] \nSubject 29: 40 windows | class_counts=[20, 20]

[2026-05-30 06:35:33] Fold 1/5 | subject=29
[2026-05-30 06:35:33]     Train: 32 | counts=[16, 16]
[2026-05-30 06:35:33]     Test:  8 | counts=[4, 4]
[2026-05-30 06:35:33]     Model: SignalJEPA_PreLocal | Pretrained: from_pretrained | Strategy: new
[2026-05-30 06:35:33]     Normalization: none | fit_scope=none
[2026-05-30 06:35:33]     Phase 1 (new): 2,170/16,010 params
[2026-05-30 06:35:34]     Result | best_epoch=1 | stop=51 | final_phase_epochs=51 | acc=0.5000 | bal_acc=0.5000 | pred_hist=[0, 8] | collapse=True
[2026-05-30 06:35:34]     spatial_conv=[4, 29] top_abs_channels=[('Pz', 0.15299103), ('O2', 0.14516415), ('T3', 0.12577286), ('CP3', 0.1217874), ('T4', 0.12119034), ('O1', 0.12072403), ('C3', 0.11524688), ('CP4', 0.11187016)]
[2026-05-30 06:35:34]     spatial_update=delta_l2=0.01345715 max_abs=0.00227806 relative=0.01127556 changed=True

[2026-05-30 06:35:34] Fold 2/5 | subject=29
[2026-05-30 06:35:34]     Train: 32 | counts=[16, 16]
[2026-05-30 06:35:34]     Test:  8 | counts=[4, 4]
[2026-05-30 06:35:34]     Model: SignalJEPA_PreLocal | Pretrained: from_pretrained | Strategy: new
[2026-05-30 06:35:34]     Normalization: none | fit_scope=none
[2026-05-30 06:35:34]     Phase 1 (new): 2,170/16,010 params
[2026-05-30 06:35:35]     Result | best_epoch=1 | stop=51 | final_phase_epochs=51 | acc=0.5000 | bal_acc=0.5000 | pred_hist=[0, 8] | collapse=True
[2026-05-30 06:35:35]     spatial_conv=[4, 29] top_abs_channels=[('Pz', 0.1527753), ('O2', 0.14552642), ('T3', 0.126072), ('CP3', 0.12191855), ('O1', 0.12121562), ('T4', 0.1210372), ('C3', 0.11515886), ('CP4', 0.11129659)]
[2026-05-30 06:35:35]     spatial_update=delta_l2=0.01356524 max_abs=0.00217908 relative=0.01136613 changed=True

[2026-05-30 06:35:35] Fold 3/5 | subject=29
[2026-05-30 06:35:35]     Train: 32 | counts=[16, 16]
[2026-05-30 06:35:35]     Test:  8 | counts=[4, 4]
[2026-05-30 06:35:35]     Model: SignalJEPA_PreLocal | Pretrained: from_pretrained | Strategy: new
[2026-05-30 06:35:35]     Normalization: none | fit_scope=none
[2026-05-30 06:35:35]     Phase 1 (new): 2,170/16,010 params
[2026-05-30 06:35:36]     Result | best_epoch=1 | stop=51 | final_phase_epochs=51 | acc=0.5000 | bal_acc=0.5000 | pred_hist=[0, 8] | collapse=True
[2026-05-30 06:35:36]     spatial_conv=[4, 29] top_abs_channels=[('Pz', 0.15226243), ('O2', 0.14566222), ('T3', 0.12647699), ('CP3', 0.12248465), ('T4', 0.12126429), ('O1', 0.12083259), ('C3', 0.1150693), ('CP4', 0.11118571)]
[2026-05-30 06:35:36]     spatial_update=delta_l2=0.01539014 max_abs=0.00237942 relative=0.01289519 changed=True

[2026-05-30 06:35:36] Fold 4/5 | subject=29
[2026-05-30 06:35:36]     Train: 32 | counts=[16, 16]
[2026-05-30 06:35:37]     Test:  8 | counts=[4, 4]
[2026-05-30 06:35:37]     Model: SignalJEPA_PreLocal | Pretrained: from_pretrained | Strategy: new
[2026-05-30 06:35:37]     Normalization: none | fit_scope=none
[2026-05-30 06:35:37]     Phase 1 (new): 2,170/16,010 params
[2026-05-30 06:35:37]     Result | best_epoch=1 | stop=51 | final_phase_epochs=51 | acc=0.5000 | bal_acc=0.5000 | pred_hist=[0, 8] | collapse=True
[2026-05-30 06:35:37]     spatial_conv=[4, 29] top_abs_channels=[('Pz', 0.15242949), ('O2', 0.14501745), ('T3', 0.12668979), ('CP3', 0.12232186), ('O1', 0.12073725), ('T4', 0.12040281), ('C3', 0.11510471), ('CP4', 0.11188464)]
[2026-05-30 06:35:37]     spatial_update=delta_l2=0.01363816 max_abs=0.00229300 relative=0.01142723 changed=True

[2026-05-30 06:35:38] Fold 5/5 | subject=29
[2026-05-30 06:35:38]     Train: 32 | counts=[16, 16]
[2026-05-30 06:35:38]     Test:  8 | counts=[4, 4]
[2026-05-30 06:35:38]     Model: SignalJEPA_PreLocal | Pretrained: from_pretrained | Strategy: new
[2026-05-30 06:35:38]     Normalization: none | fit_scope=none
[2026-05-30 06:35:38]     Phase 1 (new): 2,170/16,010 params
[2026-05-30 06:35:39]     Result | best_epoch=64 | stop=113 | final_phase_epochs=113 | acc=0.5000 | bal_acc=0.5000 | pred_hist=[4, 4] | collapse=False
[2026-05-30 06:35:39]     spatial_conv=[4, 29] top_abs_channels=[('O2', 0.14961289), ('P3', 0.13547108), ('T5', 0.12551038), ('Pz', 0.12269609), ('T4', 0.11818375), ('Fz', 0.11729925), ('O1', 0.11638163), ('CP3', 0.11526299)]
[2026-05-30 06:35:39]     spatial_update=delta_l2=0.46780883 max_abs=0.11236368 relative=0.39197066 changed=True
[2026-05-30 06:35:39]   Subject 29: acc=0.5000±0.0000  bal_acc=0.5000±0.0000
[2026-05-30 06:35:39] \nSubject 30: 40 windows | class_counts=[20, 20]

[2026-05-30 06:35:40] Fold 1/5 | subject=30
[2026-05-30 06:35:40]     Train: 32 | counts=[16, 16]
[2026-05-30 06:35:40]     Test:  8 | counts=[4, 4]
[2026-05-30 06:35:40]     Model: SignalJEPA_PreLocal | Pretrained: from_pretrained | Strategy: new
[2026-05-30 06:35:40]     Normalization: none | fit_scope=none
[2026-05-30 06:35:40]     Phase 1 (new): 2,170/16,010 params
[2026-05-30 06:35:40]     Result | best_epoch=3 | stop=51 | final_phase_epochs=51 | acc=0.5000 | bal_acc=0.5000 | pred_hist=[0, 8] | collapse=True
[2026-05-30 06:35:40]     spatial_conv=[4, 29] top_abs_channels=[('Pz', 0.15359573), ('O2', 0.14489779), ('T3', 0.12660339), ('T4', 0.12192367), ('O1', 0.12191256), ('CP3', 0.12109202), ('C3', 0.11572589), ('CP4', 0.11189846)]
[2026-05-30 06:35:40]     spatial_update=delta_l2=0.01075137 max_abs=0.00215816 relative=0.00900843 changed=True

[2026-05-30 06:35:41] Fold 2/5 | subject=30
[2026-05-30 06:35:41]     Train: 32 | counts=[16, 16]
[2026-05-30 06:35:41]     Test:  8 | counts=[4, 4]
[2026-05-30 06:35:41]     Model: SignalJEPA_PreLocal | Pretrained: from_pretrained | Strategy: new
[2026-05-30 06:35:41]     Normalization: none | fit_scope=none
[2026-05-30 06:35:41]     Phase 1 (new): 2,170/16,010 params
[2026-05-30 06:36:44]     Result | best_epoch=4493 | stop=4543 | final_phase_epochs=4543 | acc=0.7500 | bal_acc=0.7500 | pred_hist=[4, 4] | collapse=False
[2026-05-30 06:36:44]     spatial_conv=[4, 29] top_abs_channels=[('FC3', 0.2781834), ('FCz', 0.22938831), ('P4', 0.22616272), ('Fz', 0.21370503), ('CP4', 0.1659807), ('C3', 0.13246512), ('T5', 0.12503979), ('TP7', 0.12226978)]
[2026-05-30 06:36:44]     spatial_update=delta_l2=1.64815286 max_abs=0.43084329 relative=1.38096488 changed=True

[2026-05-30 06:36:45] Fold 3/5 | subject=30
[2026-05-30 06:36:45]     Train: 32 | counts=[16, 16]
[2026-05-30 06:36:45]     Test:  8 | counts=[4, 4]
[2026-05-30 06:36:45]     Model: SignalJEPA_PreLocal | Pretrained: from_pretrained | Strategy: new
[2026-05-30 06:36:45]     Normalization: none | fit_scope=none
[2026-05-30 06:36:45]     Phase 1 (new): 2,170/16,010 params
[2026-05-30 06:37:36]     Result | best_epoch=3619 | stop=3669 | final_phase_epochs=3669 | acc=0.8750 | bal_acc=0.8750 | pred_hist=[3, 5] | collapse=False
[2026-05-30 06:37:36]     spatial_conv=[4, 29] top_abs_channels=[('C3', 0.22295997), ('T5', 0.1699266), ('F4', 0.16925582), ('P4', 0.16304927), ('P3', 0.1602101), ('Pz', 0.14463235), ('Fz', 0.13597435), ('TP7', 0.13577567)]
[2026-05-30 06:37:36]     spatial_update=delta_l2=1.54272370 max_abs=0.37817308 relative=1.29262721 changed=True

[2026-05-30 06:37:36] Fold 4/5 | subject=30
[2026-05-30 06:37:36]     Train: 32 | counts=[16, 16]
[2026-05-30 06:37:36]     Test:  8 | counts=[4, 4]
[2026-05-30 06:37:36]     Model: SignalJEPA_PreLocal | Pretrained: from_pretrained | Strategy: new
[2026-05-30 06:37:36]     Normalization: none | fit_scope=none
[2026-05-30 06:37:36]     Phase 1 (new): 2,170/16,010 params
[2026-05-30 06:37:42]     Result | best_epoch=388 | stop=438 | final_phase_epochs=438 | acc=0.7500 | bal_acc=0.7500 | pred_hist=[2, 6] | collapse=False
[2026-05-30 06:37:42]     spatial_conv=[4, 29] top_abs_channels=[('P4', 0.20235355), ('FC3', 0.16869247), ('CP4', 0.15812278), ('T5', 0.15435156), ('FCz', 0.14574809), ('TP7', 0.13998342), ('O2', 0.1397724), ('F7', 0.13010298)]
[2026-05-30 06:37:42]     spatial_update=delta_l2=1.31742837 max_abs=0.34566677 relative=1.10385532 changed=True

[2026-05-30 06:37:43] Fold 5/5 | subject=30
[2026-05-30 06:37:43]     Train: 32 | counts=[16, 16]
[2026-05-30 06:37:43]     Test:  8 | counts=[4, 4]
[2026-05-30 06:37:43]     Model: SignalJEPA_PreLocal | Pretrained: from_pretrained | Strategy: new
[2026-05-30 06:37:43]     Normalization: none | fit_scope=none
[2026-05-30 06:37:43]     Phase 1 (new): 2,170/16,010 params
[2026-05-30 06:37:50]     Result | best_epoch=423 | stop=473 | final_phase_epochs=473 | acc=0.7500 | bal_acc=0.7500 | pred_hist=[6, 2] | collapse=False
[2026-05-30 06:37:50]     spatial_conv=[4, 29] top_abs_channels=[('C3', 0.17699188), ('CP3', 0.17369041), ('T5', 0.16442674), ('FCz', 0.15880275), ('TP7', 0.15420529), ('C4', 0.13009602), ('FC3', 0.11483522), ('T4', 0.11429865)]
[2026-05-30 06:37:50]     spatial_update=delta_l2=1.30299544 max_abs=0.33897514 relative=1.09176216 changed=True
[2026-05-30 06:37:50]   Subject 30: acc=0.7250±0.1225  bal_acc=0.7250±0.1225
[2026-05-30 06:37:50] \nSubject 31: 40 windows | class_counts=[20, 20]

[2026-05-30 06:37:50] Fold 1/5 | subject=31
[2026-05-30 06:37:50]     Train: 32 | counts=[16, 16]
[2026-05-30 06:37:50]     Test:  8 | counts=[4, 4]
[2026-05-30 06:37:50]     Model: SignalJEPA_PreLocal | Pretrained: from_pretrained | Strategy: new
[2026-05-30 06:37:50]     Normalization: none | fit_scope=none
[2026-05-30 06:37:50]     Phase 1 (new): 2,170/16,010 params
[2026-05-30 06:37:51]     Result | best_epoch=1 | stop=51 | final_phase_epochs=51 | acc=0.5000 | bal_acc=0.5000 | pred_hist=[0, 8] | collapse=True
[2026-05-30 06:37:51]     spatial_conv=[4, 29] top_abs_channels=[('Pz', 0.15404144), ('O2', 0.14351045), ('T3', 0.12695317), ('T4', 0.12202609), ('O1', 0.12168793), ('CP3', 0.12143341), ('C3', 0.1150993), ('CP4', 0.11187329)]
[2026-05-30 06:37:51]     spatial_update=delta_l2=0.00956467 max_abs=0.00201003 relative=0.00801411 changed=True

[2026-05-30 06:37:51] Fold 2/5 | subject=31
[2026-05-30 06:37:51]     Train: 32 | counts=[16, 16]
[2026-05-30 06:37:51]     Test:  8 | counts=[4, 4]
[2026-05-30 06:37:51]     Model: SignalJEPA_PreLocal | Pretrained: from_pretrained | Strategy: new
[2026-05-30 06:37:51]     Normalization: none | fit_scope=none
[2026-05-30 06:37:51]     Phase 1 (new): 2,170/16,010 params
[2026-05-30 06:37:52]     Result | best_epoch=1 | stop=51 | final_phase_epochs=51 | acc=0.6250 | bal_acc=0.6250 | pred_hist=[1, 7] | collapse=False
[2026-05-30 06:37:52]     spatial_conv=[4, 29] top_abs_channels=[('Pz', 0.15292925), ('O2', 0.14491871), ('T3', 0.12682819), ('T4', 0.12201343), ('O1', 0.12188981), ('CP3', 0.1204152), ('C3', 0.11457837), ('CP4', 0.11078147)]
[2026-05-30 06:37:52]     spatial_update=delta_l2=0.01266044 max_abs=0.00228339 relative=0.01060801 changed=True

[2026-05-30 06:37:53] Fold 3/5 | subject=31
[2026-05-30 06:37:53]     Train: 32 | counts=[16, 16]
[2026-05-30 06:37:53]     Test:  8 | counts=[4, 4]
[2026-05-30 06:37:53]     Model: SignalJEPA_PreLocal | Pretrained: from_pretrained | Strategy: new
[2026-05-30 06:37:53]     Normalization: none | fit_scope=none
[2026-05-30 06:37:53]     Phase 1 (new): 2,170/16,010 params
[2026-05-30 06:37:53]     Result | best_epoch=1 | stop=51 | final_phase_epochs=51 | acc=0.5000 | bal_acc=0.5000 | pred_hist=[0, 8] | collapse=True
[2026-05-30 06:37:53]     spatial_conv=[4, 29] top_abs_channels=[('Pz', 0.15397647), ('O2', 0.14338028), ('T3', 0.12712897), ('T4', 0.12252703), ('O1', 0.12202569), ('CP3', 0.12115731), ('C3', 0.11459607), ('CP4', 0.11133668)]
[2026-05-30 06:37:53]     spatial_update=delta_l2=0.01379131 max_abs=0.00218973 relative=0.01155555 changed=True

[2026-05-30 06:37:54] Fold 4/5 | subject=31
[2026-05-30 06:37:54]     Train: 32 | counts=[16, 16]
[2026-05-30 06:37:54]     Test:  8 | counts=[4, 4]
[2026-05-30 06:37:54]     Model: SignalJEPA_PreLocal | Pretrained: from_pretrained | Strategy: new
[2026-05-30 06:37:54]     Normalization: none | fit_scope=none
[2026-05-30 06:37:54]     Phase 1 (new): 2,170/16,010 params
[2026-05-30 06:37:55]     Result | best_epoch=1 | stop=51 | final_phase_epochs=51 | acc=0.5000 | bal_acc=0.5000 | pred_hist=[0, 8] | collapse=True
[2026-05-30 06:37:55]     spatial_conv=[4, 29] top_abs_channels=[('Pz', 0.15368557), ('O2', 0.14363818), ('T3', 0.12713927), ('T4', 0.1214204), ('O1', 0.12124244), ('CP3', 0.12105133), ('C3', 0.11476756), ('CP4', 0.11157285)]
[2026-05-30 06:37:55]     spatial_update=delta_l2=0.01099229 max_abs=0.00211238 relative=0.00921029 changed=True

[2026-05-30 06:37:55] Fold 5/5 | subject=31
[2026-05-30 06:37:55]     Train: 32 | counts=[16, 16]
[2026-05-30 06:37:55]     Test:  8 | counts=[4, 4]
[2026-05-30 06:37:55]     Model: SignalJEPA_PreLocal | Pretrained: from_pretrained | Strategy: new
[2026-05-30 06:37:55]     Normalization: none | fit_scope=none
[2026-05-30 06:37:55]     Phase 1 (new): 2,170/16,010 params
[2026-05-30 06:37:56]     Result | best_epoch=1 | stop=51 | final_phase_epochs=51 | acc=0.5000 | bal_acc=0.5000 | pred_hist=[0, 8] | collapse=True
[2026-05-30 06:37:56]     spatial_conv=[4, 29] top_abs_channels=[('Pz', 0.15336561), ('O2', 0.14432734), ('T3', 0.12677771), ('O1', 0.1220694), ('T4', 0.1215326), ('CP3', 0.12117942), ('C3', 0.114951), ('CP4', 0.11091403)]
[2026-05-30 06:37:56]     spatial_update=delta_l2=0.00984912 max_abs=0.00211989 relative=0.00825244 changed=True
[2026-05-30 06:37:56]   Subject 31: acc=0.5250±0.0500  bal_acc=0.5250±0.0500
[2026-05-30 06:37:56] \nSubject 32: 40 windows | class_counts=[20, 20]

[2026-05-30 06:37:56] Fold 1/5 | subject=32
[2026-05-30 06:37:56]     Train: 32 | counts=[16, 16]
[2026-05-30 06:37:56]     Test:  8 | counts=[4, 4]
[2026-05-30 06:37:56]     Model: SignalJEPA_PreLocal | Pretrained: from_pretrained | Strategy: new
[2026-05-30 06:37:56]     Normalization: none | fit_scope=none
[2026-05-30 06:37:56]     Phase 1 (new): 2,170/16,010 params
[2026-05-30 06:38:04]     Result | best_epoch=503 | stop=553 | final_phase_epochs=553 | acc=0.3750 | bal_acc=0.3750 | pred_hist=[3, 5] | collapse=False
[2026-05-30 06:38:04]     spatial_conv=[4, 29] top_abs_channels=[('C4', 0.15075567), ('CP4', 0.14541233), ('TP7', 0.1416118), ('CP3', 0.13470189), ('Cz', 0.13081658), ('O1', 0.11803636), ('Pz', 0.11622864), ('T3', 0.11060724)]
[2026-05-30 06:38:04]     spatial_update=delta_l2=1.15398293 max_abs=0.24389500 relative=0.96690661 changed=True

[2026-05-30 06:38:04] Fold 2/5 | subject=32
[2026-05-30 06:38:04]     Train: 32 | counts=[16, 16]
[2026-05-30 06:38:04]     Test:  8 | counts=[4, 4]
[2026-05-30 06:38:04]     Model: SignalJEPA_PreLocal | Pretrained: from_pretrained | Strategy: new
[2026-05-30 06:38:04]     Normalization: none | fit_scope=none
[2026-05-30 06:38:04]     Phase 1 (new): 2,170/16,010 params
[2026-05-30 06:38:05]     Result | best_epoch=1 | stop=51 | final_phase_epochs=51 | acc=0.6250 | bal_acc=0.6250 | pred_hist=[1, 7] | collapse=False
[2026-05-30 06:38:05]     spatial_conv=[4, 29] top_abs_channels=[('Pz', 0.1528888), ('O2', 0.14430746), ('T3', 0.12554623), ('T4', 0.12326168), ('O1', 0.12148608), ('CP3', 0.12138896), ('C3', 0.11452436), ('CP4', 0.11038458)]
[2026-05-30 06:38:05]     spatial_update=delta_l2=0.01262362 max_abs=0.00220199 relative=0.01057716 changed=True

[2026-05-30 06:38:06] Fold 3/5 | subject=32
[2026-05-30 06:38:06]     Train: 32 | counts=[16, 16]
[2026-05-30 06:38:06]     Test:  8 | counts=[4, 4]
[2026-05-30 06:38:06]     Model: SignalJEPA_PreLocal | Pretrained: from_pretrained | Strategy: new
[2026-05-30 06:38:06]     Normalization: none | fit_scope=none
[2026-05-30 06:38:06]     Phase 1 (new): 2,170/16,010 params
[2026-05-30 06:38:06]     Result | best_epoch=1 | stop=51 | final_phase_epochs=51 | acc=0.5000 | bal_acc=0.5000 | pred_hist=[0, 8] | collapse=True
[2026-05-30 06:38:06]     spatial_conv=[4, 29] top_abs_channels=[('Pz', 0.15376556), ('O2', 0.1442187), ('T3', 0.1257109), ('O1', 0.12317103), ('T4', 0.12303134), ('CP3', 0.1202427), ('C3', 0.1151716), ('CP4', 0.11100794)]
[2026-05-30 06:38:06]     spatial_update=delta_l2=0.01319873 max_abs=0.00232195 relative=0.01105904 changed=True

[2026-05-30 06:38:07] Fold 4/5 | subject=32
[2026-05-30 06:38:07]     Train: 32 | counts=[16, 16]
[2026-05-30 06:38:07]     Test:  8 | counts=[4, 4]
[2026-05-30 06:38:07]     Model: SignalJEPA_PreLocal | Pretrained: from_pretrained | Strategy: new
[2026-05-30 06:38:07]     Normalization: none | fit_scope=none
[2026-05-30 06:38:07]     Phase 1 (new): 2,170/16,010 params
[2026-05-30 06:38:08]     Result | best_epoch=1 | stop=51 | final_phase_epochs=51 | acc=0.3750 | bal_acc=0.3750 | pred_hist=[1, 7] | collapse=False
[2026-05-30 06:38:08]     spatial_conv=[4, 29] top_abs_channels=[('Pz', 0.15272179), ('O2', 0.14452049), ('T3', 0.12575044), ('T4', 0.12252212), ('O1', 0.1221528), ('CP3', 0.12084147), ('C3', 0.11457588), ('CP4', 0.11073958)]
[2026-05-30 06:38:08]     spatial_update=delta_l2=0.01116290 max_abs=0.00217472 relative=0.00935324 changed=True

[2026-05-30 06:38:08] Fold 5/5 | subject=32
[2026-05-30 06:38:08]     Train: 32 | counts=[16, 16]
[2026-05-30 06:38:08]     Test:  8 | counts=[4, 4]
[2026-05-30 06:38:08]     Model: SignalJEPA_PreLocal | Pretrained: from_pretrained | Strategy: new
[2026-05-30 06:38:08]     Normalization: none | fit_scope=none
[2026-05-30 06:38:08]     Phase 1 (new): 2,170/16,010 params
[2026-05-30 06:38:14]     Result | best_epoch=376 | stop=426 | final_phase_epochs=426 | acc=0.3750 | bal_acc=0.3750 | pred_hist=[7, 1] | collapse=False
[2026-05-30 06:38:14]     spatial_conv=[4, 29] top_abs_channels=[('T3', 0.21657601), ('C4', 0.17442442), ('CP4', 0.15617058), ('O1', 0.13757268), ('FC3', 0.13126761), ('T5', 0.13072546), ('Cz', 0.13032734), ('Pz', 0.12770003)]
[2026-05-30 06:38:14]     spatial_update=delta_l2=1.16399817 max_abs=0.34694261 relative=0.97529824 changed=True
[2026-05-30 06:38:14]   Subject 32: acc=0.4500±0.1000  bal_acc=0.4500±0.1000
[2026-05-30 06:38:14] \nSubject 33: 40 windows | class_counts=[20, 20]

[2026-05-30 06:38:15] Fold 1/5 | subject=33
[2026-05-30 06:38:15]     Train: 32 | counts=[16, 16]
[2026-05-30 06:38:15]     Test:  8 | counts=[4, 4]
[2026-05-30 06:38:15]     Model: SignalJEPA_PreLocal | Pretrained: from_pretrained | Strategy: new
[2026-05-30 06:38:15]     Normalization: none | fit_scope=none
[2026-05-30 06:38:15]     Phase 1 (new): 2,170/16,010 params
[2026-05-30 06:38:15]     Result | best_epoch=1 | stop=51 | final_phase_epochs=51 | acc=0.5000 | bal_acc=0.5000 | pred_hist=[0, 8] | collapse=True
[2026-05-30 06:38:15]     spatial_conv=[4, 29] top_abs_channels=[('Pz', 0.15327707), ('O2', 0.14375797), ('T3', 0.12741777), ('O1', 0.12286007), ('T4', 0.12215723), ('CP3', 0.12120645), ('C3', 0.11543842), ('CP4', 0.11024324)]
[2026-05-30 06:38:15]     spatial_update=delta_l2=0.01138665 max_abs=0.00227551 relative=0.00954072 changed=True

[2026-05-30 06:38:16] Fold 2/5 | subject=33
[2026-05-30 06:38:16]     Train: 32 | counts=[16, 16]
[2026-05-30 06:38:16]     Test:  8 | counts=[4, 4]
[2026-05-30 06:38:16]     Model: SignalJEPA_PreLocal | Pretrained: from_pretrained | Strategy: new
[2026-05-30 06:38:16]     Normalization: none | fit_scope=none
[2026-05-30 06:38:16]     Phase 1 (new): 2,170/16,010 params
[2026-05-30 06:38:16]     Result | best_epoch=1 | stop=51 | final_phase_epochs=51 | acc=0.5000 | bal_acc=0.5000 | pred_hist=[0, 8] | collapse=True
[2026-05-30 06:38:16]     spatial_conv=[4, 29] top_abs_channels=[('Pz', 0.15335484), ('O2', 0.14395612), ('T3', 0.12728179), ('O1', 0.12261313), ('T4', 0.12217608), ('CP3', 0.12155694), ('C3', 0.11451516), ('CP4', 0.11055893)]
[2026-05-30 06:38:16]     spatial_update=delta_l2=0.01213637 max_abs=0.00218144 relative=0.01016890 changed=True

[2026-05-30 06:38:17] Fold 3/5 | subject=33
[2026-05-30 06:38:17]     Train: 32 | counts=[16, 16]
[2026-05-30 06:38:17]     Test:  8 | counts=[4, 4]
[2026-05-30 06:38:17]     Model: SignalJEPA_PreLocal | Pretrained: from_pretrained | Strategy: new
[2026-05-30 06:38:17]     Normalization: none | fit_scope=none
[2026-05-30 06:38:17]     Phase 1 (new): 2,170/16,010 params
[2026-05-30 06:38:18]     Result | best_epoch=1 | stop=51 | final_phase_epochs=51 | acc=0.5000 | bal_acc=0.5000 | pred_hist=[0, 8] | collapse=True
[2026-05-30 06:38:18]     spatial_conv=[4, 29] top_abs_channels=[('Pz', 0.15354051), ('O2', 0.1439289), ('T3', 0.12755165), ('O1', 0.12239455), ('T4', 0.12229674), ('CP3', 0.12125748), ('C3', 0.11589263), ('CP4', 0.11167467)]
[2026-05-30 06:38:18]     spatial_update=delta_l2=0.01088050 max_abs=0.00209536 relative=0.00911662 changed=True

[2026-05-30 06:38:18] Fold 4/5 | subject=33
[2026-05-30 06:38:18]     Train: 32 | counts=[16, 16]
[2026-05-30 06:38:18]     Test:  8 | counts=[4, 4]
[2026-05-30 06:38:18]     Model: SignalJEPA_PreLocal | Pretrained: from_pretrained | Strategy: new
[2026-05-30 06:38:18]     Normalization: none | fit_scope=none
[2026-05-30 06:38:18]     Phase 1 (new): 2,170/16,010 params
[2026-05-30 06:38:19]     Result | best_epoch=1 | stop=51 | final_phase_epochs=51 | acc=0.5000 | bal_acc=0.5000 | pred_hist=[0, 8] | collapse=True
[2026-05-30 06:38:19]     spatial_conv=[4, 29] top_abs_channels=[('Pz', 0.15319183), ('O2', 0.14406067), ('T3', 0.12730749), ('O1', 0.1224877), ('T4', 0.1218463), ('CP3', 0.12034223), ('C3', 0.11559683), ('CP4', 0.11147235)]
[2026-05-30 06:38:19]     spatial_update=delta_l2=0.01153002 max_abs=0.00208615 relative=0.00966085 changed=True

[2026-05-30 06:38:19] Fold 5/5 | subject=33
[2026-05-30 06:38:19]     Train: 32 | counts=[16, 16]
[2026-05-30 06:38:19]     Test:  8 | counts=[4, 4]
[2026-05-30 06:38:19]     Model: SignalJEPA_PreLocal | Pretrained: from_pretrained | Strategy: new
[2026-05-30 06:38:19]     Normalization: none | fit_scope=none
[2026-05-30 06:38:19]     Phase 1 (new): 2,170/16,010 params
[2026-05-30 06:38:20]     Result | best_epoch=1 | stop=51 | final_phase_epochs=51 | acc=0.5000 | bal_acc=0.5000 | pred_hist=[0, 8] | collapse=True
[2026-05-30 06:38:20]     spatial_conv=[4, 29] top_abs_channels=[('Pz', 0.15389688), ('O2', 0.14408444), ('T3', 0.12740386), ('T4', 0.12210111), ('O1', 0.1218239), ('CP3', 0.1208044), ('C3', 0.11538173), ('CP4', 0.11079607)]
[2026-05-30 06:38:20]     spatial_update=delta_l2=0.01193271 max_abs=0.00217548 relative=0.00999826 changed=True
[2026-05-30 06:38:20]   Subject 33: acc=0.5000±0.0000  bal_acc=0.5000±0.0000
[2026-05-30 06:38:20] \nSubject 34: 40 windows | class_counts=[20, 20]

[2026-05-30 06:38:21] Fold 1/5 | subject=34
[2026-05-30 06:38:21]     Train: 32 | counts=[16, 16]
[2026-05-30 06:38:21]     Test:  8 | counts=[4, 4]
[2026-05-30 06:38:21]     Model: SignalJEPA_PreLocal | Pretrained: from_pretrained | Strategy: new
[2026-05-30 06:38:21]     Normalization: none | fit_scope=none
[2026-05-30 06:38:21]     Phase 1 (new): 2,170/16,010 params
[2026-05-30 06:38:23]     Result | best_epoch=146 | stop=196 | final_phase_epochs=196 | acc=0.7500 | bal_acc=0.7500 | pred_hist=[4, 4] | collapse=False
[2026-05-30 06:38:23]     spatial_conv=[4, 29] top_abs_channels=[('O2', 0.16545495), ('CP3', 0.15807685), ('CP4', 0.14304177), ('T4', 0.12946811), ('O1', 0.12722072), ('P4', 0.12583655), ('FT7', 0.11383753), ('F4', 0.11304347)]
[2026-05-30 06:38:23]     spatial_update=delta_l2=0.97142297 max_abs=0.25595661 relative=0.81394210 changed=True

[2026-05-30 06:38:24] Fold 2/5 | subject=34
[2026-05-30 06:38:24]     Train: 32 | counts=[16, 16]
[2026-05-30 06:38:24]     Test:  8 | counts=[4, 4]
[2026-05-30 06:38:24]     Model: SignalJEPA_PreLocal | Pretrained: from_pretrained | Strategy: new
[2026-05-30 06:38:24]     Normalization: none | fit_scope=none
[2026-05-30 06:38:24]     Phase 1 (new): 2,170/16,010 params
[2026-05-30 06:38:28]     Result | best_epoch=271 | stop=321 | final_phase_epochs=321 | acc=0.6250 | bal_acc=0.6250 | pred_hist=[7, 1] | collapse=False
[2026-05-30 06:38:28]     spatial_conv=[4, 29] top_abs_channels=[('FCz', 0.27252668), ('O2', 0.18574393), ('CP3', 0.18279278), ('T4', 0.14919546), ('F3', 0.14496697), ('C3', 0.13188593), ('Fz', 0.12225391), ('O1', 0.11746532)]
[2026-05-30 06:38:28]     spatial_update=delta_l2=1.15715564 max_abs=0.28636020 relative=0.96956498 changed=True

[2026-05-30 06:38:29] Fold 3/5 | subject=34
[2026-05-30 06:38:29]     Train: 32 | counts=[16, 16]
[2026-05-30 06:38:29]     Test:  8 | counts=[4, 4]
[2026-05-30 06:38:29]     Model: SignalJEPA_PreLocal | Pretrained: from_pretrained | Strategy: new
[2026-05-30 06:38:29]     Normalization: none | fit_scope=none
[2026-05-30 06:38:29]     Phase 1 (new): 2,170/16,010 params
[2026-05-30 06:38:33]     Result | best_epoch=208 | stop=258 | final_phase_epochs=258 | acc=0.7500 | bal_acc=0.7500 | pred_hist=[2, 6] | collapse=False
[2026-05-30 06:38:33]     spatial_conv=[4, 29] top_abs_channels=[('O2', 0.19926348), ('T6', 0.17747754), ('O1', 0.14937092), ('TP8', 0.14336762), ('F4', 0.1408896), ('T3', 0.13750085), ('CP4', 0.12159041), ('FT7', 0.11983621)]
[2026-05-30 06:38:33]     spatial_update=delta_l2=1.02846531 max_abs=0.23654460 relative=0.86173710 changed=True

[2026-05-30 06:38:33] Fold 4/5 | subject=34
[2026-05-30 06:38:33]     Train: 32 | counts=[16, 16]
[2026-05-30 06:38:33]     Test:  8 | counts=[4, 4]
[2026-05-30 06:38:33]     Model: SignalJEPA_PreLocal | Pretrained: from_pretrained | Strategy: new
[2026-05-30 06:38:33]     Normalization: none | fit_scope=none
[2026-05-30 06:38:33]     Phase 1 (new): 2,170/16,010 params
[2026-05-30 06:38:37]     Result | best_epoch=250 | stop=300 | final_phase_epochs=300 | acc=0.8750 | bal_acc=0.8750 | pred_hist=[5, 3] | collapse=False
[2026-05-30 06:38:37]     spatial_conv=[4, 29] top_abs_channels=[('CP3', 0.18074173), ('O2', 0.17798609), ('T5', 0.1556052), ('T4', 0.14950339), ('O1', 0.14420049), ('FT7', 0.14354381), ('T3', 0.12842216), ('Fz', 0.12682633)]
[2026-05-30 06:38:37]     spatial_update=delta_l2=1.17403033 max_abs=0.28400894 relative=0.98370406 changed=True

[2026-05-30 06:38:38] Fold 5/5 | subject=34
[2026-05-30 06:38:38]     Train: 32 | counts=[16, 16]
[2026-05-30 06:38:38]     Test:  8 | counts=[4, 4]
[2026-05-30 06:38:38]     Model: SignalJEPA_PreLocal | Pretrained: from_pretrained | Strategy: new
[2026-05-30 06:38:38]     Normalization: none | fit_scope=none
[2026-05-30 06:38:38]     Phase 1 (new): 2,170/16,010 params
[2026-05-30 06:38:39]     Result | best_epoch=49 | stop=97 | final_phase_epochs=97 | acc=0.7500 | bal_acc=0.7500 | pred_hist=[2, 6] | collapse=False
[2026-05-30 06:38:39]     spatial_conv=[4, 29] top_abs_channels=[('O2', 0.16130449), ('FCz', 0.15513693), ('T4', 0.14112225), ('Pz', 0.13350269), ('O1', 0.13218956), ('T3', 0.12806849), ('FT7', 0.12541793), ('C3', 0.12284131)]
[2026-05-30 06:38:39]     spatial_update=delta_l2=0.43864176 max_abs=0.09730777 relative=0.36753197 changed=True
[2026-05-30 06:38:39]   Subject 34: acc=0.7500±0.0791  bal_acc=0.7500±0.0791
[2026-05-30 06:38:39] \nSubject 35: 40 windows | class_counts=[20, 20]

[2026-05-30 06:38:40] Fold 1/5 | subject=35
[2026-05-30 06:38:40]     Train: 32 | counts=[16, 16]
[2026-05-30 06:38:40]     Test:  8 | counts=[4, 4]
[2026-05-30 06:38:40]     Model: SignalJEPA_PreLocal | Pretrained: from_pretrained | Strategy: new
[2026-05-30 06:38:40]     Normalization: none | fit_scope=none
[2026-05-30 06:38:40]     Phase 1 (new): 2,170/16,010 params
[2026-05-30 06:38:42]     Result | best_epoch=110 | stop=159 | final_phase_epochs=159 | acc=0.5000 | bal_acc=0.5000 | pred_hist=[4, 4] | collapse=False
[2026-05-30 06:38:42]     spatial_conv=[4, 29] top_abs_channels=[('P3', 0.15811919), ('Oz', 0.15485489), ('Pz', 0.14656933), ('T4', 0.13813959), ('T3', 0.13417499), ('F4', 0.12519494), ('Fz', 0.12107685), ('CP4', 0.11998802)]
[2026-05-30 06:38:42]     spatial_update=delta_l2=0.75718646 max_abs=0.19229960 relative=0.63443624 changed=True

[2026-05-30 06:38:42] Fold 2/5 | subject=35
[2026-05-30 06:38:42]     Train: 32 | counts=[16, 16]
[2026-05-30 06:38:42]     Test:  8 | counts=[4, 4]
[2026-05-30 06:38:42]     Model: SignalJEPA_PreLocal | Pretrained: from_pretrained | Strategy: new
[2026-05-30 06:38:42]     Normalization: none | fit_scope=none
[2026-05-30 06:38:42]     Phase 1 (new): 2,170/16,010 params
[2026-05-30 06:38:45]     Result | best_epoch=186 | stop=236 | final_phase_epochs=236 | acc=0.3750 | bal_acc=0.3750 | pred_hist=[5, 3] | collapse=False
[2026-05-30 06:38:45]     spatial_conv=[4, 29] top_abs_channels=[('CP4', 0.18467659), ('Pz', 0.15710628), ('Oz', 0.14882258), ('TP7', 0.13538235), ('P3', 0.12651727), ('T3', 0.12240975), ('T4', 0.12148472), ('Fz', 0.1139929)]
[2026-05-30 06:38:45]     spatial_update=delta_l2=0.76434843 max_abs=0.22141421 relative=0.64043716 changed=True

[2026-05-30 06:38:46] Fold 3/5 | subject=35
[2026-05-30 06:38:46]     Train: 32 | counts=[16, 16]
[2026-05-30 06:38:46]     Test:  8 | counts=[4, 4]
[2026-05-30 06:38:46]     Model: SignalJEPA_PreLocal | Pretrained: from_pretrained | Strategy: new
[2026-05-30 06:38:46]     Normalization: none | fit_scope=none
[2026-05-30 06:38:46]     Phase 1 (new): 2,170/16,010 params
[2026-05-30 06:39:01]     Result | best_epoch=1055 | stop=1105 | final_phase_epochs=1105 | acc=0.6250 | bal_acc=0.6250 | pred_hist=[3, 5] | collapse=False
[2026-05-30 06:39:01]     spatial_conv=[4, 29] top_abs_channels=[('Oz', 0.2468695), ('P3', 0.17556563), ('T4', 0.15545206), ('FT7', 0.15223591), ('CP4', 0.12732539), ('CP3', 0.11989146), ('P4', 0.11234516), ('C3', 0.10465943)]
[2026-05-30 06:39:01]     spatial_update=delta_l2=1.30753808 max_abs=0.35016313 relative=1.09556838 changed=True

[2026-05-30 06:39:02] Fold 4/5 | subject=35
[2026-05-30 06:39:02]     Train: 32 | counts=[16, 16]
[2026-05-30 06:39:02]     Test:  8 | counts=[4, 4]
[2026-05-30 06:39:02]     Model: SignalJEPA_PreLocal | Pretrained: from_pretrained | Strategy: new
[2026-05-30 06:39:02]     Normalization: none | fit_scope=none
[2026-05-30 06:39:02]     Phase 1 (new): 2,170/16,010 params
[2026-05-30 06:39:05]     Result | best_epoch=224 | stop=274 | final_phase_epochs=274 | acc=0.7500 | bal_acc=0.7500 | pred_hist=[6, 2] | collapse=False
[2026-05-30 06:39:05]     spatial_conv=[4, 29] top_abs_channels=[('T3', 0.14316221), ('CP4', 0.14024287), ('O1', 0.13950971), ('P3', 0.13292167), ('F7', 0.1312961), ('F4', 0.11857673), ('P4', 0.11119136), ('T6', 0.10737292)]
[2026-05-30 06:39:05]     spatial_update=delta_l2=1.02600936 max_abs=0.24075256 relative=0.85967930 changed=True

[2026-05-30 06:39:06] Fold 5/5 | subject=35
[2026-05-30 06:39:06]     Train: 32 | counts=[16, 16]
[2026-05-30 06:39:06]     Test:  8 | counts=[4, 4]
[2026-05-30 06:39:06]     Model: SignalJEPA_PreLocal | Pretrained: from_pretrained | Strategy: new
[2026-05-30 06:39:06]     Normalization: none | fit_scope=none
[2026-05-30 06:39:06]     Phase 1 (new): 2,170/16,010 params
[2026-05-30 06:39:09]     Result | best_epoch=142 | stop=192 | final_phase_epochs=192 | acc=0.2500 | bal_acc=0.2500 | pred_hist=[2, 6] | collapse=False
[2026-05-30 06:39:09]     spatial_conv=[4, 29] top_abs_channels=[('Oz', 0.16047278), ('F4', 0.15670767), ('TP7', 0.13972385), ('P3', 0.13641468), ('T3', 0.12845264), ('Pz', 0.12254526), ('CP4', 0.12209114), ('Fz', 0.11510582)]
[2026-05-30 06:39:09]     spatial_update=delta_l2=0.88143037 max_abs=0.22306029 relative=0.73853852 changed=True
[2026-05-30 06:39:09]   Subject 35: acc=0.5000±0.1768  bal_acc=0.5000±0.1768
[2026-05-30 06:39:09] \nSubject 36: 40 windows | class_counts=[20, 20]

[2026-05-30 06:39:09] Fold 1/5 | subject=36
[2026-05-30 06:39:09]     Train: 32 | counts=[16, 16]
[2026-05-30 06:39:09]     Test:  8 | counts=[4, 4]
[2026-05-30 06:39:09]     Model: SignalJEPA_PreLocal | Pretrained: from_pretrained | Strategy: new
[2026-05-30 06:39:09]     Normalization: none | fit_scope=none
[2026-05-30 06:39:09]     Phase 1 (new): 2,170/16,010 params
[2026-05-30 06:39:10]     Result | best_epoch=1 | stop=51 | final_phase_epochs=51 | acc=0.5000 | bal_acc=0.5000 | pred_hist=[0, 8] | collapse=True
[2026-05-30 06:39:10]     spatial_conv=[4, 29] top_abs_channels=[('Pz', 0.15325221), ('O2', 0.14375575), ('T3', 0.12661031), ('O1', 0.12287194), ('T4', 0.12212621), ('CP3', 0.12040208), ('C3', 0.11620276), ('Fp1', 0.1106149)]
[2026-05-30 06:39:10]     spatial_update=delta_l2=0.01355215 max_abs=0.00225130 relative=0.01135517 changed=True

[2026-05-30 06:39:10] Fold 2/5 | subject=36
[2026-05-30 06:39:10]     Train: 32 | counts=[16, 16]
[2026-05-30 06:39:10]     Test:  8 | counts=[4, 4]
[2026-05-30 06:39:10]     Model: SignalJEPA_PreLocal | Pretrained: from_pretrained | Strategy: new
[2026-05-30 06:39:10]     Normalization: none | fit_scope=none
[2026-05-30 06:39:10]     Phase 1 (new): 2,170/16,010 params
[2026-05-30 06:39:11]     Result | best_epoch=1 | stop=51 | final_phase_epochs=51 | acc=0.5000 | bal_acc=0.5000 | pred_hist=[0, 8] | collapse=True
[2026-05-30 06:39:11]     spatial_conv=[4, 29] top_abs_channels=[('Pz', 0.15282413), ('O2', 0.14329234), ('T3', 0.12683153), ('O1', 0.12287749), ('T4', 0.12184741), ('CP3', 0.1212225), ('C3', 0.11623247), ('Fp1', 0.1100949)]
[2026-05-30 06:39:11]     spatial_update=delta_l2=0.01268513 max_abs=0.00226025 relative=0.01062870 changed=True

[2026-05-30 06:39:12] Fold 3/5 | subject=36
[2026-05-30 06:39:12]     Train: 32 | counts=[16, 16]
[2026-05-30 06:39:12]     Test:  8 | counts=[4, 4]
[2026-05-30 06:39:12]     Model: SignalJEPA_PreLocal | Pretrained: from_pretrained | Strategy: new
[2026-05-30 06:39:12]     Normalization: none | fit_scope=none
[2026-05-30 06:39:12]     Phase 1 (new): 2,170/16,010 params
[2026-05-30 06:39:12]     Result | best_epoch=1 | stop=51 | final_phase_epochs=51 | acc=0.5000 | bal_acc=0.5000 | pred_hist=[0, 8] | collapse=True
[2026-05-30 06:39:12]     spatial_conv=[4, 29] top_abs_channels=[('Pz', 0.15294601), ('O2', 0.14367187), ('T3', 0.12695643), ('O1', 0.12251627), ('T4', 0.12158548), ('CP3', 0.12129528), ('C3', 0.11646737), ('CP4', 0.10982221)]
[2026-05-30 06:39:12]     spatial_update=delta_l2=0.01198937 max_abs=0.00231326 relative=0.01004573 changed=True

[2026-05-30 06:39:13] Fold 4/5 | subject=36
[2026-05-30 06:39:13]     Train: 32 | counts=[16, 16]
[2026-05-30 06:39:13]     Test:  8 | counts=[4, 4]
[2026-05-30 06:39:13]     Model: SignalJEPA_PreLocal | Pretrained: from_pretrained | Strategy: new
[2026-05-30 06:39:13]     Normalization: none | fit_scope=none
[2026-05-30 06:39:13]     Phase 1 (new): 2,170/16,010 params
[2026-05-30 06:39:13]     Result | best_epoch=1 | stop=51 | final_phase_epochs=51 | acc=0.5000 | bal_acc=0.5000 | pred_hist=[0, 8] | collapse=True
[2026-05-30 06:39:13]     spatial_conv=[4, 29] top_abs_channels=[('Pz', 0.15385579), ('O2', 0.1435172), ('T3', 0.12645657), ('T4', 0.12280738), ('O1', 0.12272999), ('CP3', 0.12081863), ('C3', 0.11593537), ('Fp1', 0.11024818)]
[2026-05-30 06:39:13]     spatial_update=delta_l2=0.01332585 max_abs=0.00212443 relative=0.01116555 changed=True

[2026-05-30 06:39:14] Fold 5/5 | subject=36
[2026-05-30 06:39:14]     Train: 32 | counts=[16, 16]
[2026-05-30 06:39:14]     Test:  8 | counts=[4, 4]
[2026-05-30 06:39:14]     Model: SignalJEPA_PreLocal | Pretrained: from_pretrained | Strategy: new
[2026-05-30 06:39:14]     Normalization: none | fit_scope=none
[2026-05-30 06:39:14]     Phase 1 (new): 2,170/16,010 params
[2026-05-30 06:39:15]     Result | best_epoch=1 | stop=51 | final_phase_epochs=51 | acc=0.5000 | bal_acc=0.5000 | pred_hist=[0, 8] | collapse=True
[2026-05-30 06:39:15]     spatial_conv=[4, 29] top_abs_channels=[('Pz', 0.15342937), ('O2', 0.1433101), ('T3', 0.12716819), ('O1', 0.12357569), ('T4', 0.12218142), ('CP3', 0.12124974), ('C3', 0.11641645), ('Fp1', 0.1110447)]
[2026-05-30 06:39:15]     spatial_update=delta_l2=0.01421721 max_abs=0.00219332 relative=0.01191241 changed=True
[2026-05-30 06:39:15]   Subject 36: acc=0.5000±0.0000  bal_acc=0.5000±0.0000
[2026-05-30 06:39:15] \nSubject 37: 40 windows | class_counts=[20, 20]

[2026-05-30 06:39:15] Fold 1/5 | subject=37
[2026-05-30 06:39:15]     Train: 32 | counts=[16, 16]
[2026-05-30 06:39:15]     Test:  8 | counts=[4, 4]
[2026-05-30 06:39:15]     Model: SignalJEPA_PreLocal | Pretrained: from_pretrained | Strategy: new
[2026-05-30 06:39:15]     Normalization: none | fit_scope=none
[2026-05-30 06:39:15]     Phase 1 (new): 2,170/16,010 params
[2026-05-30 06:39:17]     Result | best_epoch=72 | stop=122 | final_phase_epochs=122 | acc=0.3750 | bal_acc=0.3750 | pred_hist=[1, 7] | collapse=False
[2026-05-30 06:39:17]     spatial_conv=[4, 29] top_abs_channels=[('T3', 0.18241988), ('O2', 0.14726128), ('Pz', 0.14273278), ('Fz', 0.11903211), ('CP4', 0.11872865), ('Fp1', 0.11794242), ('F8', 0.1133098), ('FCz', 0.11155661)]
[2026-05-30 06:39:17]     spatial_update=delta_l2=0.46272342 max_abs=0.11378731 relative=0.38770967 changed=True

[2026-05-30 06:39:17] Fold 2/5 | subject=37
[2026-05-30 06:39:17]     Train: 32 | counts=[16, 16]
[2026-05-30 06:39:17]     Test:  8 | counts=[4, 4]
[2026-05-30 06:39:17]     Model: SignalJEPA_PreLocal | Pretrained: from_pretrained | Strategy: new
[2026-05-30 06:39:17]     Normalization: none | fit_scope=none
[2026-05-30 06:39:17]     Phase 1 (new): 2,170/16,010 params
[2026-05-30 06:39:19]     Result | best_epoch=77 | stop=127 | final_phase_epochs=127 | acc=0.5000 | bal_acc=0.5000 | pred_hist=[4, 4] | collapse=False
[2026-05-30 06:39:19]     spatial_conv=[4, 29] top_abs_channels=[('O2', 0.16602387), ('Pz', 0.15053517), ('T4', 0.13814783), ('T3', 0.13794275), ('FCz', 0.1355454), ('T5', 0.131099), ('F8', 0.12609719), ('CP3', 0.12052815)]
[2026-05-30 06:39:19]     spatial_update=delta_l2=0.46060572 max_abs=0.10364085 relative=0.38593527 changed=True

[2026-05-30 06:39:20] Fold 3/5 | subject=37
[2026-05-30 06:39:20]     Train: 32 | counts=[16, 16]
[2026-05-30 06:39:20]     Test:  8 | counts=[4, 4]
[2026-05-30 06:39:20]     Model: SignalJEPA_PreLocal | Pretrained: from_pretrained | Strategy: new
[2026-05-30 06:39:20]     Normalization: none | fit_scope=none
[2026-05-30 06:39:20]     Phase 1 (new): 2,170/16,010 params
[2026-05-30 06:39:21]     Result | best_epoch=55 | stop=105 | final_phase_epochs=105 | acc=0.8750 | bal_acc=0.8750 | pred_hist=[5, 3] | collapse=False
[2026-05-30 06:39:21]     spatial_conv=[4, 29] top_abs_channels=[('T3', 0.16029412), ('O2', 0.1575866), ('FCz', 0.14967816), ('Pz', 0.14817177), ('CP3', 0.11687402), ('Fp1', 0.11664858), ('Fz', 0.11438404), ('F4', 0.11328603)]
[2026-05-30 06:39:21]     spatial_update=delta_l2=0.34532929 max_abs=0.08875621 relative=0.28934672 changed=True

[2026-05-30 06:39:21] Fold 4/5 | subject=37
[2026-05-30 06:39:21]     Train: 32 | counts=[16, 16]
[2026-05-30 06:39:21]     Test:  8 | counts=[4, 4]
[2026-05-30 06:39:21]     Model: SignalJEPA_PreLocal | Pretrained: from_pretrained | Strategy: new
[2026-05-30 06:39:21]     Normalization: none | fit_scope=none
[2026-05-30 06:39:21]     Phase 1 (new): 2,170/16,010 params
[2026-05-30 06:39:22]     Result | best_epoch=24 | stop=74 | final_phase_epochs=74 | acc=0.5000 | bal_acc=0.5000 | pred_hist=[4, 4] | collapse=False
[2026-05-30 06:39:22]     spatial_conv=[4, 29] top_abs_channels=[('Pz', 0.15022442), ('O2', 0.14292924), ('T3', 0.13534416), ('P3', 0.1328793), ('CP4', 0.12707511), ('O1', 0.1246485), ('Fz', 0.12435123), ('Fp1', 0.12278195)]
[2026-05-30 06:39:22]     spatial_update=delta_l2=0.22398551 max_abs=0.04075291 relative=0.18767441 changed=True

[2026-05-30 06:39:23] Fold 5/5 | subject=37
[2026-05-30 06:39:23]     Train: 32 | counts=[16, 16]
[2026-05-30 06:39:23]     Test:  8 | counts=[4, 4]
[2026-05-30 06:39:23]     Model: SignalJEPA_PreLocal | Pretrained: from_pretrained | Strategy: new
[2026-05-30 06:39:23]     Normalization: none | fit_scope=none
[2026-05-30 06:39:23]     Phase 1 (new): 2,170/16,010 params
[2026-05-30 06:39:24]     Result | best_epoch=1 | stop=51 | final_phase_epochs=51 | acc=0.5000 | bal_acc=0.5000 | pred_hist=[0, 8] | collapse=True
[2026-05-30 06:39:24]     spatial_conv=[4, 29] top_abs_channels=[('Pz', 0.15306397), ('O2', 0.14396761), ('T3', 0.1272269), ('O1', 0.12227207), ('T4', 0.12164347), ('CP3', 0.12150411), ('C3', 0.11627253), ('CP4', 0.11121807)]
[2026-05-30 06:39:24]     spatial_update=delta_l2=0.01252734 max_abs=0.00206035 relative=0.01049649 changed=True
[2026-05-30 06:39:24]   Subject 37: acc=0.5500±0.1696  bal_acc=0.5500±0.1696
[2026-05-30 06:39:24] \nSubject 38: 40 windows | class_counts=[20, 20]

[2026-05-30 06:39:24] Fold 1/5 | subject=38
[2026-05-30 06:39:24]     Train: 32 | counts=[16, 16]
[2026-05-30 06:39:24]     Test:  8 | counts=[4, 4]
[2026-05-30 06:39:24]     Model: SignalJEPA_PreLocal | Pretrained: from_pretrained | Strategy: new
[2026-05-30 06:39:24]     Normalization: none | fit_scope=none
[2026-05-30 06:39:24]     Phase 1 (new): 2,170/16,010 params
[2026-05-30 06:39:25]     Result | best_epoch=36 | stop=86 | final_phase_epochs=86 | acc=0.5000 | bal_acc=0.5000 | pred_hist=[6, 2] | collapse=False
[2026-05-30 06:39:25]     spatial_conv=[4, 29] top_abs_channels=[('Pz', 0.15084904), ('Fp1', 0.13448188), ('Fz', 0.13015704), ('T3', 0.11965694), ('O2', 0.11936149), ('CP3', 0.11398493), ('F4', 0.11081665), ('P3', 0.11015467)]
[2026-05-30 06:39:25]     spatial_update=delta_l2=0.37648564 max_abs=0.08549454 relative=0.31545220 changed=True

[2026-05-30 06:39:26] Fold 2/5 | subject=38
[2026-05-30 06:39:26]     Train: 32 | counts=[16, 16]
[2026-05-30 06:39:26]     Test:  8 | counts=[4, 4]
[2026-05-30 06:39:26]     Model: SignalJEPA_PreLocal | Pretrained: from_pretrained | Strategy: new
[2026-05-30 06:39:26]     Normalization: none | fit_scope=none
[2026-05-30 06:39:26]     Phase 1 (new): 2,170/16,010 params
[2026-05-30 06:39:28]     Result | best_epoch=112 | stop=150 | final_phase_epochs=150 | acc=0.7500 | bal_acc=0.7500 | pred_hist=[4, 4] | collapse=False
[2026-05-30 06:39:28]     spatial_conv=[4, 29] top_abs_channels=[('Pz', 0.14493679), ('C4', 0.13246112), ('P3', 0.13142057), ('Fz', 0.12593676), ('Fp1', 0.12534446), ('T4', 0.12289475), ('CP3', 0.11918379), ('TP8', 0.11846711)]
[2026-05-30 06:39:28]     spatial_update=delta_l2=0.66239697 max_abs=0.17101847 relative=0.55501341 changed=True

[2026-05-30 06:39:28] Fold 3/5 | subject=38
[2026-05-30 06:39:28]     Train: 32 | counts=[16, 16]
[2026-05-30 06:39:28]     Test:  8 | counts=[4, 4]
[2026-05-30 06:39:28]     Model: SignalJEPA_PreLocal | Pretrained: from_pretrained | Strategy: new
[2026-05-30 06:39:28]     Normalization: none | fit_scope=none
[2026-05-30 06:39:28]     Phase 1 (new): 2,170/16,010 params
[2026-05-30 06:39:32]     Result | best_epoch=191 | stop=240 | final_phase_epochs=240 | acc=0.6250 | bal_acc=0.6250 | pred_hist=[5, 3] | collapse=False
[2026-05-30 06:39:32]     spatial_conv=[4, 29] top_abs_channels=[('P4', 0.17015573), ('Pz', 0.16082494), ('O2', 0.15089294), ('CP3', 0.14642142), ('P3', 0.13129945), ('T4', 0.11927368), ('C4', 0.11342424), ('FCz', 0.10968739)]
[2026-05-30 06:39:32]     spatial_update=delta_l2=0.79526722 max_abs=0.19342520 relative=0.66634359 changed=True

[2026-05-30 06:39:32] Fold 4/5 | subject=38
[2026-05-30 06:39:32]     Train: 32 | counts=[16, 16]
[2026-05-30 06:39:32]     Test:  8 | counts=[4, 4]
[2026-05-30 06:39:32]     Model: SignalJEPA_PreLocal | Pretrained: from_pretrained | Strategy: new
[2026-05-30 06:39:32]     Normalization: none | fit_scope=none
[2026-05-30 06:39:32]     Phase 1 (new): 2,170/16,010 params
[2026-05-30 06:39:34]     Result | best_epoch=50 | stop=99 | final_phase_epochs=99 | acc=1.0000 | bal_acc=1.0000 | pred_hist=[4, 4] | collapse=False
[2026-05-30 06:39:34]     spatial_conv=[4, 29] top_abs_channels=[('Pz', 0.15982777), ('Fp1', 0.14707406), ('Fz', 0.14110807), ('T3', 0.12261224), ('P3', 0.1213941), ('CP3', 0.11448701), ('Oz', 0.11317582), ('T4', 0.11247642)]
[2026-05-30 06:39:34]     spatial_update=delta_l2=0.44021483 max_abs=0.10498592 relative=0.36885003 changed=True

[2026-05-30 06:39:34] Fold 5/5 | subject=38
[2026-05-30 06:39:34]     Train: 32 | counts=[16, 16]
[2026-05-30 06:39:34]     Test:  8 | counts=[4, 4]
[2026-05-30 06:39:34]     Model: SignalJEPA_PreLocal | Pretrained: from_pretrained | Strategy: new
[2026-05-30 06:39:34]     Normalization: none | fit_scope=none
[2026-05-30 06:39:34]     Phase 1 (new): 2,170/16,010 params
[2026-05-30 06:39:38]     Result | best_epoch=240 | stop=290 | final_phase_epochs=290 | acc=0.8750 | bal_acc=0.8750 | pred_hist=[3, 5] | collapse=False
[2026-05-30 06:39:38]     spatial_conv=[4, 29] top_abs_channels=[('P4', 0.21237296), ('CP3', 0.15276353), ('P3', 0.15024772), ('CP4', 0.13681564), ('TP8', 0.13357222), ('Oz', 0.12696467), ('O2', 0.11789216), ('T4', 0.10617299)]
[2026-05-30 06:39:38]     spatial_update=delta_l2=1.00045117 max_abs=0.32714047 relative=0.83826444 changed=True
[2026-05-30 06:39:38]   Subject 38: acc=0.7500±0.1768  bal_acc=0.7500±0.1768
[2026-05-30 06:39:38] \nSubject 39: 40 windows | class_counts=[20, 20]

[2026-05-30 06:39:39] Fold 1/5 | subject=39
[2026-05-30 06:39:39]     Train: 32 | counts=[16, 16]
[2026-05-30 06:39:39]     Test:  8 | counts=[4, 4]
[2026-05-30 06:39:39]     Model: SignalJEPA_PreLocal | Pretrained: from_pretrained | Strategy: new
[2026-05-30 06:39:39]     Normalization: none | fit_scope=none
[2026-05-30 06:39:39]     Phase 1 (new): 2,170/16,010 params
[2026-05-30 06:39:41]     Result | best_epoch=109 | stop=159 | final_phase_epochs=159 | acc=0.5000 | bal_acc=0.5000 | pred_hist=[4, 4] | collapse=False
[2026-05-30 06:39:41]     spatial_conv=[4, 29] top_abs_channels=[('CP3', 0.15686409), ('Fp1', 0.14215238), ('T3', 0.13544968), ('Pz', 0.13359016), ('P4', 0.12397523), ('Fz', 0.12271053), ('CP4', 0.1186244), ('O1', 0.11540292)]
[2026-05-30 06:39:41]     spatial_update=delta_l2=0.47366526 max_abs=0.21935248 relative=0.39687768 changed=True

[2026-05-30 06:39:41] Fold 2/5 | subject=39
[2026-05-30 06:39:41]     Train: 32 | counts=[16, 16]
[2026-05-30 06:39:41]     Test:  8 | counts=[4, 4]
[2026-05-30 06:39:41]     Model: SignalJEPA_PreLocal | Pretrained: from_pretrained | Strategy: new
[2026-05-30 06:39:41]     Normalization: none | fit_scope=none
[2026-05-30 06:39:41]     Phase 1 (new): 2,170/16,010 params
[2026-05-30 06:39:42]     Result | best_epoch=1 | stop=51 | final_phase_epochs=51 | acc=0.5000 | bal_acc=0.5000 | pred_hist=[0, 8] | collapse=True
[2026-05-30 06:39:42]     spatial_conv=[4, 29] top_abs_channels=[('Pz', 0.15336835), ('O2', 0.14359204), ('T3', 0.12632659), ('T4', 0.12199073), ('O1', 0.12187546), ('CP3', 0.12113962), ('C3', 0.11489078), ('CP4', 0.11121653)]
[2026-05-30 06:39:42]     spatial_update=delta_l2=0.00911047 max_abs=0.00230365 relative=0.00763354 changed=True

[2026-05-30 06:39:43] Fold 3/5 | subject=39
[2026-05-30 06:39:43]     Train: 32 | counts=[16, 16]
[2026-05-30 06:39:43]     Test:  8 | counts=[4, 4]
[2026-05-30 06:39:43]     Model: SignalJEPA_PreLocal | Pretrained: from_pretrained | Strategy: new
[2026-05-30 06:39:43]     Normalization: none | fit_scope=none
[2026-05-30 06:39:43]     Phase 1 (new): 2,170/16,010 params
[2026-05-30 06:39:43]     Result | best_epoch=1 | stop=51 | final_phase_epochs=51 | acc=0.6250 | bal_acc=0.6250 | pred_hist=[1, 7] | collapse=False
[2026-05-30 06:39:43]     spatial_conv=[4, 29] top_abs_channels=[('Pz', 0.15286884), ('O2', 0.14308432), ('T3', 0.1270082), ('O1', 0.12274675), ('T4', 0.12210371), ('CP3', 0.12155344), ('C3', 0.11464532), ('Fp1', 0.11107151)]
[2026-05-30 06:39:43]     spatial_update=delta_l2=0.01200738 max_abs=0.00213069 relative=0.01006082 changed=True

[2026-05-30 06:39:44] Fold 4/5 | subject=39
[2026-05-30 06:39:44]     Train: 32 | counts=[16, 16]
[2026-05-30 06:39:44]     Test:  8 | counts=[4, 4]
[2026-05-30 06:39:44]     Model: SignalJEPA_PreLocal | Pretrained: from_pretrained | Strategy: new
[2026-05-30 06:39:44]     Normalization: none | fit_scope=none
[2026-05-30 06:39:44]     Phase 1 (new): 2,170/16,010 params
[2026-05-30 06:39:45]     Result | best_epoch=18 | stop=68 | final_phase_epochs=68 | acc=0.6250 | bal_acc=0.6250 | pred_hist=[3, 5] | collapse=False
[2026-05-30 06:39:45]     spatial_conv=[4, 29] top_abs_channels=[('Pz', 0.15119071), ('O2', 0.13583322), ('T4', 0.12467882), ('T3', 0.12318417), ('CP3', 0.12284186), ('Fp1', 0.12090534), ('CP4', 0.11759252), ('O1', 0.11692052)]
[2026-05-30 06:39:45]     spatial_update=delta_l2=0.14661378 max_abs=0.03455621 relative=0.12284570 changed=True

[2026-05-30 06:39:45] Fold 5/5 | subject=39
[2026-05-30 06:39:45]     Train: 32 | counts=[16, 16]
[2026-05-30 06:39:45]     Test:  8 | counts=[4, 4]
[2026-05-30 06:39:45]     Model: SignalJEPA_PreLocal | Pretrained: from_pretrained | Strategy: new
[2026-05-30 06:39:45]     Normalization: none | fit_scope=none
[2026-05-30 06:39:45]     Phase 1 (new): 2,170/16,010 params
[2026-05-30 06:39:46]     Result | best_epoch=1 | stop=51 | final_phase_epochs=51 | acc=0.5000 | bal_acc=0.5000 | pred_hist=[0, 8] | collapse=True
[2026-05-30 06:39:46]     spatial_conv=[4, 29] top_abs_channels=[('Pz', 0.15348479), ('O2', 0.14424488), ('T3', 0.12688947), ('T4', 0.12260616), ('O1', 0.12256755), ('CP3', 0.12042989), ('C3', 0.11528408), ('CP4', 0.11112096)]
[2026-05-30 06:39:46]     spatial_update=delta_l2=0.01088531 max_abs=0.00232719 relative=0.00912065 changed=True
[2026-05-30 06:39:46]   Subject 39: acc=0.5500±0.0612  bal_acc=0.5500±0.0612
[2026-05-30 06:39:46] \nSubject 40: 40 windows | class_counts=[20, 20]

[2026-05-30 06:39:46] Fold 1/5 | subject=40
[2026-05-30 06:39:46]     Train: 32 | counts=[16, 16]
[2026-05-30 06:39:46]     Test:  8 | counts=[4, 4]
[2026-05-30 06:39:46]     Model: SignalJEPA_PreLocal | Pretrained: from_pretrained | Strategy: new
[2026-05-30 06:39:46]     Normalization: none | fit_scope=none
[2026-05-30 06:39:46]     Phase 1 (new): 2,170/16,010 params
[2026-05-30 06:39:48]     Result | best_epoch=111 | stop=161 | final_phase_epochs=161 | acc=0.5000 | bal_acc=0.5000 | pred_hist=[4, 4] | collapse=False
[2026-05-30 06:39:48]     spatial_conv=[4, 29] top_abs_channels=[('T3', 0.14055377), ('CP3', 0.139671), ('P3', 0.13411672), ('F3', 0.12846848), ('CP4', 0.12797599), ('T4', 0.11995646), ('O2', 0.11961731), ('F7', 0.11934862)]
[2026-05-30 06:39:48]     spatial_update=delta_l2=0.55010700 max_abs=0.15142542 relative=0.46092718 changed=True

[2026-05-30 06:39:49] Fold 2/5 | subject=40
[2026-05-30 06:39:49]     Train: 32 | counts=[16, 16]
[2026-05-30 06:39:49]     Test:  8 | counts=[4, 4]
[2026-05-30 06:39:49]     Model: SignalJEPA_PreLocal | Pretrained: from_pretrained | Strategy: new
[2026-05-30 06:39:49]     Normalization: none | fit_scope=none
[2026-05-30 06:39:49]     Phase 1 (new): 2,170/16,010 params
[2026-05-30 06:39:50]     Result | best_epoch=2 | stop=52 | final_phase_epochs=52 | acc=0.5000 | bal_acc=0.5000 | pred_hist=[0, 8] | collapse=True
[2026-05-30 06:39:50]     spatial_conv=[4, 29] top_abs_channels=[('Pz', 0.15316463), ('O2', 0.14455469), ('T3', 0.12724984), ('O1', 0.12224346), ('T4', 0.12100179), ('CP3', 0.12021574), ('C3', 0.11509999), ('CP4', 0.11185508)]
[2026-05-30 06:39:50]     spatial_update=delta_l2=0.02057029 max_abs=0.00393108 relative=0.01723557 changed=True

[2026-05-30 06:39:50] Fold 3/5 | subject=40
[2026-05-30 06:39:50]     Train: 32 | counts=[16, 16]
[2026-05-30 06:39:50]     Test:  8 | counts=[4, 4]
[2026-05-30 06:39:50]     Model: SignalJEPA_PreLocal | Pretrained: from_pretrained | Strategy: new
[2026-05-30 06:39:50]     Normalization: none | fit_scope=none
[2026-05-30 06:39:50]     Phase 1 (new): 2,170/16,010 params
[2026-05-30 06:39:54]     Result | best_epoch=233 | stop=283 | final_phase_epochs=283 | acc=0.6250 | bal_acc=0.6250 | pred_hist=[1, 7] | collapse=False
[2026-05-30 06:39:54]     spatial_conv=[4, 29] top_abs_channels=[('F3', 0.20129304), ('P3', 0.14931233), ('CP4', 0.14071029), ('T3', 0.13113874), ('CP3', 0.1300033), ('Fp1', 0.12846676), ('Oz', 0.12721951), ('T4', 0.1211147)]
[2026-05-30 06:39:54]     spatial_update=delta_l2=0.82632868 max_abs=0.21268375 relative=0.69236957 changed=True

[2026-05-30 06:39:55] Fold 4/5 | subject=40
[2026-05-30 06:39:55]     Train: 32 | counts=[16, 16]
[2026-05-30 06:39:55]     Test:  8 | counts=[4, 4]
[2026-05-30 06:39:55]     Model: SignalJEPA_PreLocal | Pretrained: from_pretrained | Strategy: new
[2026-05-30 06:39:55]     Normalization: none | fit_scope=none
[2026-05-30 06:39:55]     Phase 1 (new): 2,170/16,010 params
[2026-05-30 06:40:03]     Result | best_epoch=570 | stop=620 | final_phase_epochs=620 | acc=0.7500 | bal_acc=0.7500 | pred_hist=[2, 6] | collapse=False
[2026-05-30 06:40:03]     spatial_conv=[4, 29] top_abs_channels=[('CP3', 0.18294545), ('F3', 0.16952007), ('T6', 0.15659647), ('CP4', 0.14232849), ('T3', 0.13361686), ('Pz', 0.12156349), ('P3', 0.11482696), ('O2', 0.1062419)]
[2026-05-30 06:40:03]     spatial_update=delta_l2=1.09958968 max_abs=0.26902695 relative=0.92133125 changed=True

[2026-05-30 06:40:04] Fold 5/5 | subject=40
[2026-05-30 06:40:04]     Train: 32 | counts=[16, 16]
[2026-05-30 06:40:04]     Test:  8 | counts=[4, 4]
[2026-05-30 06:40:04]     Model: SignalJEPA_PreLocal | Pretrained: from_pretrained | Strategy: new
[2026-05-30 06:40:04]     Normalization: none | fit_scope=none
[2026-05-30 06:40:04]     Phase 1 (new): 2,170/16,010 params
[2026-05-30 06:40:06]     Result | best_epoch=83 | stop=133 | final_phase_epochs=133 | acc=0.6250 | bal_acc=0.6250 | pred_hist=[7, 1] | collapse=False
[2026-05-30 06:40:06]     spatial_conv=[4, 29] top_abs_channels=[('T3', 0.15759052), ('Pz', 0.14237997), ('F3', 0.13447164), ('CP4', 0.11955484), ('O2', 0.1164453), ('CP3', 0.1146936), ('T6', 0.11267051), ('FCz', 0.11048562)]
[2026-05-30 06:40:06]     spatial_update=delta_l2=0.61433942 max_abs=0.19137975 relative=0.51474665 changed=True
[2026-05-30 06:40:06]   Subject 40: acc=0.6000±0.0935  bal_acc=0.6000±0.0935
[2026-05-30 06:40:06] \nSubject 41: 40 windows | class_counts=[20, 20]

[2026-05-30 06:40:06] Fold 1/5 | subject=41
[2026-05-30 06:40:06]     Train: 32 | counts=[16, 16]
[2026-05-30 06:40:06]     Test:  8 | counts=[4, 4]
[2026-05-30 06:40:06]     Model: SignalJEPA_PreLocal | Pretrained: from_pretrained | Strategy: new
[2026-05-30 06:40:06]     Normalization: none | fit_scope=none
[2026-05-30 06:40:06]     Phase 1 (new): 2,170/16,010 params
[2026-05-30 06:40:07]     Result | best_epoch=49 | stop=99 | final_phase_epochs=99 | acc=0.6250 | bal_acc=0.6250 | pred_hist=[5, 3] | collapse=False
[2026-05-30 06:40:07]     spatial_conv=[4, 29] top_abs_channels=[('Pz', 0.14559148), ('O2', 0.13942571), ('P3', 0.13589278), ('T3', 0.13240549), ('O1', 0.12880158), ('CP3', 0.12487741), ('FCz', 0.11456502), ('C3', 0.11449422)]
[2026-05-30 06:40:07]     spatial_update=delta_l2=0.35900812 max_abs=0.09368033 relative=0.30080802 changed=True

[2026-05-30 06:40:08] Fold 2/5 | subject=41
[2026-05-30 06:40:08]     Train: 32 | counts=[16, 16]
[2026-05-30 06:40:08]     Test:  8 | counts=[4, 4]
[2026-05-30 06:40:08]     Model: SignalJEPA_PreLocal | Pretrained: from_pretrained | Strategy: new
[2026-05-30 06:40:08]     Normalization: none | fit_scope=none
[2026-05-30 06:40:08]     Phase 1 (new): 2,170/16,010 params
[2026-05-30 06:40:10]     Result | best_epoch=63 | stop=113 | final_phase_epochs=113 | acc=0.6250 | bal_acc=0.6250 | pred_hist=[5, 3] | collapse=False
[2026-05-30 06:40:10]     spatial_conv=[4, 29] top_abs_channels=[('O2', 0.15160817), ('O1', 0.14735186), ('Pz', 0.1454612), ('T3', 0.14333256), ('CP4', 0.13687491), ('CP3', 0.13049644), ('T4', 0.12266362), ('FT8', 0.11841987)]
[2026-05-30 06:40:10]     spatial_update=delta_l2=0.41926634 max_abs=0.11796162 relative=0.35129756 changed=True

[2026-05-30 06:40:10] Fold 3/5 | subject=41
[2026-05-30 06:40:10]     Train: 32 | counts=[16, 16]
[2026-05-30 06:40:10]     Test:  8 | counts=[4, 4]
[2026-05-30 06:40:10]     Model: SignalJEPA_PreLocal | Pretrained: from_pretrained | Strategy: new
[2026-05-30 06:40:10]     Normalization: none | fit_scope=none
[2026-05-30 06:40:10]     Phase 1 (new): 2,170/16,010 params
[2026-05-30 06:40:11]     Result | best_epoch=1 | stop=51 | final_phase_epochs=51 | acc=0.5000 | bal_acc=0.5000 | pred_hist=[0, 8] | collapse=True
[2026-05-30 06:40:11]     spatial_conv=[4, 29] top_abs_channels=[('Pz', 0.15234745), ('O2', 0.14493677), ('T3', 0.12687358), ('T4', 0.12215767), ('CP3', 0.12145771), ('O1', 0.12136606), ('C3', 0.11590996), ('CP4', 0.11067836)]
[2026-05-30 06:40:11]     spatial_update=delta_l2=0.01337220 max_abs=0.00232309 relative=0.01120438 changed=True

[2026-05-30 06:40:11] Fold 4/5 | subject=41
[2026-05-30 06:40:11]     Train: 32 | counts=[16, 16]
[2026-05-30 06:40:11]     Test:  8 | counts=[4, 4]
[2026-05-30 06:40:11]     Model: SignalJEPA_PreLocal | Pretrained: from_pretrained | Strategy: new
[2026-05-30 06:40:11]     Normalization: none | fit_scope=none
[2026-05-30 06:40:11]     Phase 1 (new): 2,170/16,010 params
[2026-05-30 06:40:12]     Result | best_epoch=1 | stop=51 | final_phase_epochs=51 | acc=0.5000 | bal_acc=0.5000 | pred_hist=[0, 8] | collapse=True
[2026-05-30 06:40:12]     spatial_conv=[4, 29] top_abs_channels=[('Pz', 0.15322936), ('O2', 0.14448456), ('T3', 0.12571788), ('T4', 0.12225381), ('CP3', 0.12161285), ('O1', 0.12154555), ('C3', 0.11605999), ('CP4', 0.11131524)]
[2026-05-30 06:40:12]     spatial_update=delta_l2=0.01231609 max_abs=0.00216174 relative=0.01031949 changed=True

[2026-05-30 06:40:12] Fold 5/5 | subject=41
[2026-05-30 06:40:12]     Train: 32 | counts=[16, 16]
[2026-05-30 06:40:12]     Test:  8 | counts=[4, 4]
[2026-05-30 06:40:12]     Model: SignalJEPA_PreLocal | Pretrained: from_pretrained | Strategy: new
[2026-05-30 06:40:12]     Normalization: none | fit_scope=none
[2026-05-30 06:40:12]     Phase 1 (new): 2,170/16,010 params
[2026-05-30 06:40:13]     Result | best_epoch=1 | stop=51 | final_phase_epochs=51 | acc=0.5000 | bal_acc=0.5000 | pred_hist=[0, 8] | collapse=True
[2026-05-30 06:40:13]     spatial_conv=[4, 29] top_abs_channels=[('Pz', 0.15332712), ('O2', 0.1442841), ('T3', 0.12618154), ('O1', 0.12205564), ('T4', 0.12201881), ('CP3', 0.12070592), ('C3', 0.11619121), ('CP4', 0.11090661)]
[2026-05-30 06:40:13]     spatial_update=delta_l2=0.01404843 max_abs=0.00230901 relative=0.01177099 changed=True
[2026-05-30 06:40:13]   Subject 41: acc=0.5500±0.0612  bal_acc=0.5500±0.0612
[2026-05-30 06:40:13] \nSubject 42: 40 windows | class_counts=[20, 20]

[2026-05-30 06:40:14] Fold 1/5 | subject=42
[2026-05-30 06:40:14]     Train: 32 | counts=[16, 16]
[2026-05-30 06:40:14]     Test:  8 | counts=[4, 4]
[2026-05-30 06:40:14]     Model: SignalJEPA_PreLocal | Pretrained: from_pretrained | Strategy: new
[2026-05-30 06:40:14]     Normalization: none | fit_scope=none
[2026-05-30 06:40:14]     Phase 1 (new): 2,170/16,010 params
[2026-05-30 06:40:15]     Result | best_epoch=53 | stop=103 | final_phase_epochs=103 | acc=0.5000 | bal_acc=0.5000 | pred_hist=[4, 4] | collapse=False
[2026-05-30 06:40:15]     spatial_conv=[4, 29] top_abs_channels=[('Pz', 0.17138676), ('O2', 0.14334065), ('P4', 0.13186571), ('P3', 0.12223819), ('Fz', 0.11912285), ('FCz', 0.1134664), ('TP7', 0.11191025), ('CP3', 0.1103088)]
[2026-05-30 06:40:15]     spatial_update=delta_l2=0.38061900 max_abs=0.07659458 relative=0.31891549 changed=True

[2026-05-30 06:40:15] Fold 2/5 | subject=42
[2026-05-30 06:40:15]     Train: 32 | counts=[16, 16]
[2026-05-30 06:40:15]     Test:  8 | counts=[4, 4]
[2026-05-30 06:40:15]     Model: SignalJEPA_PreLocal | Pretrained: from_pretrained | Strategy: new
[2026-05-30 06:40:15]     Normalization: none | fit_scope=none
[2026-05-30 06:40:15]     Phase 1 (new): 2,170/16,010 params
[2026-05-30 06:40:17]     Result | best_epoch=63 | stop=103 | final_phase_epochs=103 | acc=0.6250 | bal_acc=0.6250 | pred_hist=[3, 5] | collapse=False
[2026-05-30 06:40:17]     spatial_conv=[4, 29] top_abs_channels=[('O2', 0.13711187), ('CP3', 0.13208044), ('FT8', 0.12574077), ('T4', 0.12572578), ('C4', 0.12468555), ('Fp1', 0.12321101), ('Pz', 0.12208389), ('FT7', 0.11988469)]
[2026-05-30 06:40:17]     spatial_update=delta_l2=0.43562028 max_abs=0.10348396 relative=0.36500031 changed=True

[2026-05-30 06:40:17] Fold 3/5 | subject=42
[2026-05-30 06:40:17]     Train: 32 | counts=[16, 16]
[2026-05-30 06:40:17]     Test:  8 | counts=[4, 4]
[2026-05-30 06:40:17]     Model: SignalJEPA_PreLocal | Pretrained: from_pretrained | Strategy: new
[2026-05-30 06:40:17]     Normalization: none | fit_scope=none
[2026-05-30 06:40:17]     Phase 1 (new): 2,170/16,010 params
[2026-05-30 06:40:18]     Result | best_epoch=1 | stop=51 | final_phase_epochs=51 | acc=0.3750 | bal_acc=0.3750 | pred_hist=[1, 7] | collapse=False
[2026-05-30 06:40:18]     spatial_conv=[4, 29] top_abs_channels=[('Pz', 0.15358612), ('O2', 0.14418568), ('T3', 0.1263337), ('O1', 0.12208668), ('T4', 0.12204754), ('CP3', 0.1205932), ('C3', 0.11466305), ('CP4', 0.11077961)]
[2026-05-30 06:40:18]     spatial_update=delta_l2=0.01277340 max_abs=0.00230382 relative=0.01070265 changed=True

[2026-05-30 06:40:19] Fold 4/5 | subject=42
[2026-05-30 06:40:19]     Train: 32 | counts=[16, 16]
[2026-05-30 06:40:19]     Test:  8 | counts=[4, 4]
[2026-05-30 06:40:19]     Model: SignalJEPA_PreLocal | Pretrained: from_pretrained | Strategy: new
[2026-05-30 06:40:19]     Normalization: none | fit_scope=none
[2026-05-30 06:40:19]     Phase 1 (new): 2,170/16,010 params
[2026-05-30 06:40:20]     Result | best_epoch=1 | stop=51 | final_phase_epochs=51 | acc=0.5000 | bal_acc=0.5000 | pred_hist=[0, 8] | collapse=True
[2026-05-30 06:40:20]     spatial_conv=[4, 29] top_abs_channels=[('Pz', 0.1526219), ('O2', 0.14424936), ('T3', 0.12602758), ('T4', 0.12237494), ('O1', 0.12174533), ('CP3', 0.12110789), ('C3', 0.11490797), ('CP4', 0.110463)]
[2026-05-30 06:40:20]     spatial_update=delta_l2=0.01171198 max_abs=0.00210658 relative=0.00981331 changed=True

[2026-05-30 06:40:20] Fold 5/5 | subject=42
[2026-05-30 06:40:20]     Train: 32 | counts=[16, 16]
[2026-05-30 06:40:20]     Test:  8 | counts=[4, 4]
[2026-05-30 06:40:20]     Model: SignalJEPA_PreLocal | Pretrained: from_pretrained | Strategy: new
[2026-05-30 06:40:20]     Normalization: none | fit_scope=none
[2026-05-30 06:40:20]     Phase 1 (new): 2,170/16,010 params
[2026-05-30 06:40:21]     Result | best_epoch=1 | stop=51 | final_phase_epochs=51 | acc=0.5000 | bal_acc=0.5000 | pred_hist=[0, 8] | collapse=True
[2026-05-30 06:40:21]     spatial_conv=[4, 29] top_abs_channels=[('Pz', 0.15289475), ('O2', 0.14444521), ('T3', 0.1277322), ('O1', 0.12337139), ('T4', 0.12149365), ('CP3', 0.12106797), ('C3', 0.11571882), ('CP4', 0.11066261)]
[2026-05-30 06:40:21]     spatial_update=delta_l2=0.01162589 max_abs=0.00227018 relative=0.00974117 changed=True
[2026-05-30 06:40:21]   Subject 42: acc=0.5000±0.0791  bal_acc=0.5000±0.0791
[2026-05-30 06:40:21] \nSubject 43: 40 windows | class_counts=[20, 20]

[2026-05-30 06:40:21] Fold 1/5 | subject=43
[2026-05-30 06:40:21]     Train: 32 | counts=[16, 16]
[2026-05-30 06:40:21]     Test:  8 | counts=[4, 4]
[2026-05-30 06:40:21]     Model: SignalJEPA_PreLocal | Pretrained: from_pretrained | Strategy: new
[2026-05-30 06:40:21]     Normalization: none | fit_scope=none
[2026-05-30 06:40:21]     Phase 1 (new): 2,170/16,010 params
[2026-05-30 06:40:22]     Result | best_epoch=1 | stop=51 | final_phase_epochs=51 | acc=0.6250 | bal_acc=0.6250 | pred_hist=[1, 7] | collapse=False
[2026-05-30 06:40:22]     spatial_conv=[4, 29] top_abs_channels=[('Pz', 0.15289199), ('O2', 0.14469469), ('T3', 0.12701105), ('T4', 0.12142698), ('O1', 0.12112468), ('CP3', 0.12052096), ('C3', 0.1156714), ('CP4', 0.11056229)]
[2026-05-30 06:40:22]     spatial_update=delta_l2=0.01095511 max_abs=0.00221054 relative=0.00917913 changed=True

[2026-05-30 06:40:22] Fold 2/5 | subject=43
[2026-05-30 06:40:22]     Train: 32 | counts=[16, 16]
[2026-05-30 06:40:22]     Test:  8 | counts=[4, 4]
[2026-05-30 06:40:22]     Model: SignalJEPA_PreLocal | Pretrained: from_pretrained | Strategy: new
[2026-05-30 06:40:22]     Normalization: none | fit_scope=none
[2026-05-30 06:40:22]     Phase 1 (new): 2,170/16,010 params
[2026-05-30 06:40:23]     Result | best_epoch=1 | stop=51 | final_phase_epochs=51 | acc=0.5000 | bal_acc=0.5000 | pred_hist=[0, 8] | collapse=True
[2026-05-30 06:40:23]     spatial_conv=[4, 29] top_abs_channels=[('Pz', 0.1523293), ('O2', 0.14476711), ('T3', 0.12770541), ('O1', 0.12247286), ('T4', 0.12168653), ('CP3', 0.12071992), ('C3', 0.11616446), ('CP4', 0.1095777)]
[2026-05-30 06:40:23]     spatial_update=delta_l2=0.01379847 max_abs=0.00223918 relative=0.01156155 changed=True

[2026-05-30 06:40:23] Fold 3/5 | subject=43
[2026-05-30 06:40:23]     Train: 32 | counts=[16, 16]
[2026-05-30 06:40:23]     Test:  8 | counts=[4, 4]
[2026-05-30 06:40:23]     Model: SignalJEPA_PreLocal | Pretrained: from_pretrained | Strategy: new
[2026-05-30 06:40:23]     Normalization: none | fit_scope=none
[2026-05-30 06:40:23]     Phase 1 (new): 2,170/16,010 params
[2026-05-30 06:40:27]     Result | best_epoch=219 | stop=266 | final_phase_epochs=266 | acc=0.6250 | bal_acc=0.6250 | pred_hist=[5, 3] | collapse=False
[2026-05-30 06:40:27]     spatial_conv=[4, 29] top_abs_channels=[('O2', 0.19558191), ('CP4', 0.15992835), ('T3', 0.14460252), ('CP3', 0.13992111), ('FC3', 0.12996092), ('P3', 0.12167982), ('C4', 0.12007889), ('Fz', 0.11420536)]
[2026-05-30 06:40:27]     spatial_update=delta_l2=0.86550131 max_abs=0.25098018 relative=0.72519178 changed=True

[2026-05-30 06:40:28] Fold 4/5 | subject=43
[2026-05-30 06:40:28]     Train: 32 | counts=[16, 16]
[2026-05-30 06:40:28]     Test:  8 | counts=[4, 4]
[2026-05-30 06:40:28]     Model: SignalJEPA_PreLocal | Pretrained: from_pretrained | Strategy: new
[2026-05-30 06:40:28]     Normalization: none | fit_scope=none
[2026-05-30 06:40:28]     Phase 1 (new): 2,170/16,010 params
[2026-05-30 06:40:28]     Result | best_epoch=1 | stop=51 | final_phase_epochs=51 | acc=0.5000 | bal_acc=0.5000 | pred_hist=[0, 8] | collapse=True
[2026-05-30 06:40:28]     spatial_conv=[4, 29] top_abs_channels=[('Pz', 0.15297523), ('O2', 0.14419371), ('T3', 0.12698019), ('O1', 0.12232795), ('T4', 0.12179834), ('CP3', 0.11989004), ('C3', 0.11577988), ('CP4', 0.11040395)]
[2026-05-30 06:40:28]     spatial_update=delta_l2=0.01196772 max_abs=0.00214290 relative=0.01002759 changed=True

[2026-05-30 06:40:29] Fold 5/5 | subject=43
[2026-05-30 06:40:29]     Train: 32 | counts=[16, 16]
[2026-05-30 06:40:29]     Test:  8 | counts=[4, 4]
[2026-05-30 06:40:29]     Model: SignalJEPA_PreLocal | Pretrained: from_pretrained | Strategy: new
[2026-05-30 06:40:29]     Normalization: none | fit_scope=none
[2026-05-30 06:40:29]     Phase 1 (new): 2,170/16,010 params
[2026-05-30 06:40:29]     Result | best_epoch=1 | stop=51 | final_phase_epochs=51 | acc=0.5000 | bal_acc=0.5000 | pred_hist=[0, 8] | collapse=True
[2026-05-30 06:40:29]     spatial_conv=[4, 29] top_abs_channels=[('Pz', 0.15303953), ('O2', 0.14425617), ('T3', 0.12737638), ('T4', 0.12161091), ('O1', 0.12138885), ('CP3', 0.1210679), ('C3', 0.11556675), ('CP4', 0.11126656)]
[2026-05-30 06:40:29]     spatial_update=delta_l2=0.01075868 max_abs=0.00221452 relative=0.00901455 changed=True
[2026-05-30 06:40:29]   Subject 43: acc=0.5500±0.0612  bal_acc=0.5500±0.0612
[2026-05-30 06:40:29] \nSubject 44: 40 windows | class_counts=[20, 20]

[2026-05-30 06:40:30] Fold 1/5 | subject=44
[2026-05-30 06:40:30]     Train: 32 | counts=[16, 16]
[2026-05-30 06:40:30]     Test:  8 | counts=[4, 4]
[2026-05-30 06:40:30]     Model: SignalJEPA_PreLocal | Pretrained: from_pretrained | Strategy: new
[2026-05-30 06:40:30]     Normalization: none | fit_scope=none
[2026-05-30 06:40:30]     Phase 1 (new): 2,170/16,010 params
[2026-05-30 06:40:55]     Result | best_epoch=1775 | stop=1825 | final_phase_epochs=1825 | acc=0.5000 | bal_acc=0.5000 | pred_hist=[2, 6] | collapse=False
[2026-05-30 06:40:55]     spatial_conv=[4, 29] top_abs_channels=[('F3', 0.22913222), ('CP3', 0.18233493), ('TP7', 0.16303051), ('C4', 0.15733767), ('P3', 0.15359038), ('T5', 0.14547029), ('FT7', 0.14132994), ('FC3', 0.12962025)]
[2026-05-30 06:40:55]     spatial_update=delta_l2=1.33729496 max_abs=0.34210195 relative=1.12050127 changed=True

[2026-05-30 06:40:55] Fold 2/5 | subject=44
[2026-05-30 06:40:55]     Train: 32 | counts=[16, 16]
[2026-05-30 06:40:55]     Test:  8 | counts=[4, 4]
[2026-05-30 06:40:55]     Model: SignalJEPA_PreLocal | Pretrained: from_pretrained | Strategy: new
[2026-05-30 06:40:55]     Normalization: none | fit_scope=none
[2026-05-30 06:40:55]     Phase 1 (new): 2,170/16,010 params
[2026-05-30 06:40:56]     Result | best_epoch=1 | stop=51 | final_phase_epochs=51 | acc=0.5000 | bal_acc=0.5000 | pred_hist=[0, 8] | collapse=True
[2026-05-30 06:40:56]     spatial_conv=[4, 29] top_abs_channels=[('Pz', 0.15301453), ('O2', 0.1438017), ('T3', 0.12760258), ('T4', 0.12265772), ('CP3', 0.12080023), ('O1', 0.12066904), ('C3', 0.11636326), ('CP4', 0.11070763)]
[2026-05-30 06:40:56]     spatial_update=delta_l2=0.01164450 max_abs=0.00230053 relative=0.00975676 changed=True

[2026-05-30 06:40:57] Fold 3/5 | subject=44
[2026-05-30 06:40:57]     Train: 32 | counts=[16, 16]
[2026-05-30 06:40:57]     Test:  8 | counts=[4, 4]
[2026-05-30 06:40:57]     Model: SignalJEPA_PreLocal | Pretrained: from_pretrained | Strategy: new
[2026-05-30 06:40:57]     Normalization: none | fit_scope=none
[2026-05-30 06:40:57]     Phase 1 (new): 2,170/16,010 params
[2026-05-30 06:40:57]     Result | best_epoch=1 | stop=51 | final_phase_epochs=51 | acc=0.5000 | bal_acc=0.5000 | pred_hist=[0, 8] | collapse=True
[2026-05-30 06:40:57]     spatial_conv=[4, 29] top_abs_channels=[('Pz', 0.15237093), ('O2', 0.14438573), ('T3', 0.12669893), ('T4', 0.12221448), ('CP3', 0.12131812), ('O1', 0.12083641), ('C3', 0.11629669), ('Fp1', 0.11006819)]
[2026-05-30 06:40:57]     spatial_update=delta_l2=0.01232956 max_abs=0.00217505 relative=0.01033077 changed=True

[2026-05-30 06:40:58] Fold 4/5 | subject=44
[2026-05-30 06:40:58]     Train: 32 | counts=[16, 16]
[2026-05-30 06:40:58]     Test:  8 | counts=[4, 4]
[2026-05-30 06:40:58]     Model: SignalJEPA_PreLocal | Pretrained: from_pretrained | Strategy: new
[2026-05-30 06:40:58]     Normalization: none | fit_scope=none
[2026-05-30 06:40:58]     Phase 1 (new): 2,170/16,010 params
[2026-05-30 06:40:59]     Result | best_epoch=1 | stop=51 | final_phase_epochs=51 | acc=0.5000 | bal_acc=0.5000 | pred_hist=[0, 8] | collapse=True
[2026-05-30 06:40:59]     spatial_conv=[4, 29] top_abs_channels=[('Pz', 0.15154356), ('O2', 0.1450481), ('T3', 0.12731078), ('T4', 0.12223659), ('CP3', 0.12157986), ('O1', 0.12061031), ('C3', 0.11589745), ('Fp1', 0.10996957)]
[2026-05-30 06:40:59]     spatial_update=delta_l2=0.01349657 max_abs=0.00228947 relative=0.01130859 changed=True

[2026-05-30 06:40:59] Fold 5/5 | subject=44
[2026-05-30 06:40:59]     Train: 32 | counts=[16, 16]
[2026-05-30 06:40:59]     Test:  8 | counts=[4, 4]
[2026-05-30 06:40:59]     Model: SignalJEPA_PreLocal | Pretrained: from_pretrained | Strategy: new
[2026-05-30 06:40:59]     Normalization: none | fit_scope=none
[2026-05-30 06:40:59]     Phase 1 (new): 2,170/16,010 params
[2026-05-30 06:41:00]     Result | best_epoch=1 | stop=51 | final_phase_epochs=51 | acc=0.5000 | bal_acc=0.5000 | pred_hist=[0, 8] | collapse=True
[2026-05-30 06:41:00]     spatial_conv=[4, 29] top_abs_channels=[('Pz', 0.15211478), ('O2', 0.14454916), ('T3', 0.12670459), ('T4', 0.12212954), ('CP3', 0.12142141), ('O1', 0.12068301), ('C3', 0.11530115), ('CP4', 0.11033278)]
[2026-05-30 06:41:00]     spatial_update=delta_l2=0.01161384 max_abs=0.00227517 relative=0.00973108 changed=True
[2026-05-30 06:41:00]   Subject 44: acc=0.5000±0.0000  bal_acc=0.5000±0.0000
[2026-05-30 06:41:00] \nSubject 45: 40 windows | class_counts=[20, 20]

[2026-05-30 06:41:00] Fold 1/5 | subject=45
[2026-05-30 06:41:00]     Train: 32 | counts=[16, 16]
[2026-05-30 06:41:00]     Test:  8 | counts=[4, 4]
[2026-05-30 06:41:00]     Model: SignalJEPA_PreLocal | Pretrained: from_pretrained | Strategy: new
[2026-05-30 06:41:00]     Normalization: none | fit_scope=none
[2026-05-30 06:41:00]     Phase 1 (new): 2,170/16,010 params
[2026-05-30 06:41:14]     Result | best_epoch=943 | stop=993 | final_phase_epochs=993 | acc=0.3750 | bal_acc=0.3750 | pred_hist=[5, 3] | collapse=False
[2026-05-30 06:41:14]     spatial_conv=[4, 29] top_abs_channels=[('FCz', 0.22390381), ('F3', 0.18032154), ('F4', 0.16006321), ('FC3', 0.15003584), ('T5', 0.14147708), ('O2', 0.13932352), ('Cz', 0.13918258), ('CP4', 0.12412056)]
[2026-05-30 06:41:14]     spatial_update=delta_l2=1.63364319 max_abs=0.49927619 relative=1.36880742 changed=True

[2026-05-30 06:41:14] Fold 2/5 | subject=45
[2026-05-30 06:41:14]     Train: 32 | counts=[16, 16]
[2026-05-30 06:41:14]     Test:  8 | counts=[4, 4]
[2026-05-30 06:41:14]     Model: SignalJEPA_PreLocal | Pretrained: from_pretrained | Strategy: new
[2026-05-30 06:41:14]     Normalization: none | fit_scope=none
[2026-05-30 06:41:14]     Phase 1 (new): 2,170/16,010 params
[2026-05-30 06:41:16]     Result | best_epoch=78 | stop=128 | final_phase_epochs=128 | acc=0.5000 | bal_acc=0.5000 | pred_hist=[4, 4] | collapse=False
[2026-05-30 06:41:16]     spatial_conv=[4, 29] top_abs_channels=[('T5', 0.19767135), ('Pz', 0.14799523), ('C3', 0.14136975), ('O2', 0.1383844), ('Fz', 0.13397421), ('Oz', 0.13384438), ('F4', 0.12138481), ('TP7', 0.10638302)]
[2026-05-30 06:41:16]     spatial_update=delta_l2=0.71239093 max_abs=0.18535323 relative=0.59690268 changed=True

[2026-05-30 06:41:17] Fold 3/5 | subject=45
[2026-05-30 06:41:17]     Train: 32 | counts=[16, 16]
[2026-05-30 06:41:17]     Test:  8 | counts=[4, 4]
[2026-05-30 06:41:17]     Model: SignalJEPA_PreLocal | Pretrained: from_pretrained | Strategy: new
[2026-05-30 06:41:17]     Normalization: none | fit_scope=none
[2026-05-30 06:41:17]     Phase 1 (new): 2,170/16,010 params
[2026-05-30 06:41:23]     Result | best_epoch=406 | stop=456 | final_phase_epochs=456 | acc=0.8750 | bal_acc=0.8750 | pred_hist=[5, 3] | collapse=False
[2026-05-30 06:41:23]     spatial_conv=[4, 29] top_abs_channels=[('FCz', 0.21620509), ('Pz', 0.12681147), ('F4', 0.12653355), ('C3', 0.1252545), ('FT7', 0.1212576), ('Cz', 0.12033461), ('Oz', 0.11458767), ('T3', 0.11262792)]
[2026-05-30 06:41:23]     spatial_update=delta_l2=1.38403005 max_abs=0.36731248 relative=1.15965997 changed=True

[2026-05-30 06:41:24] Fold 4/5 | subject=45
[2026-05-30 06:41:24]     Train: 32 | counts=[16, 16]
[2026-05-30 06:41:24]     Test:  8 | counts=[4, 4]
[2026-05-30 06:41:24]     Model: SignalJEPA_PreLocal | Pretrained: from_pretrained | Strategy: new
[2026-05-30 06:41:24]     Normalization: none | fit_scope=none
[2026-05-30 06:41:24]     Phase 1 (new): 2,170/16,010 params
[2026-05-30 06:41:27]     Result | best_epoch=166 | stop=216 | final_phase_epochs=216 | acc=0.8750 | bal_acc=0.8750 | pred_hist=[3, 5] | collapse=False
[2026-05-30 06:41:27]     spatial_conv=[4, 29] top_abs_channels=[('CP4', 0.19534087), ('F8', 0.15945955), ('P3', 0.15045911), ('FT7', 0.14089845), ('T3', 0.13579309), ('F4', 0.13291337), ('C3', 0.1272759), ('T5', 0.12692267)]
[2026-05-30 06:41:27]     spatial_update=delta_l2=1.11426456 max_abs=0.29119195 relative=0.93362712 changed=True

[2026-05-30 06:41:27] Fold 5/5 | subject=45
[2026-05-30 06:41:27]     Train: 32 | counts=[16, 16]
[2026-05-30 06:41:27]     Test:  8 | counts=[4, 4]
[2026-05-30 06:41:27]     Model: SignalJEPA_PreLocal | Pretrained: from_pretrained | Strategy: new
[2026-05-30 06:41:27]     Normalization: none | fit_scope=none
[2026-05-30 06:41:27]     Phase 1 (new): 2,170/16,010 params
[2026-05-30 06:41:30]     Result | best_epoch=154 | stop=204 | final_phase_epochs=204 | acc=0.3750 | bal_acc=0.3750 | pred_hist=[7, 1] | collapse=False
[2026-05-30 06:41:30]     spatial_conv=[4, 29] top_abs_channels=[('T5', 0.21707293), ('Fz', 0.1972326), ('C3', 0.19606796), ('Oz', 0.13283412), ('CP4', 0.12450673), ('T4', 0.1221322), ('P3', 0.1192141), ('O2', 0.11640602)]
[2026-05-30 06:41:30]     spatial_update=delta_l2=1.04879408 max_abs=0.25925832 relative=0.87877031 changed=True
[2026-05-30 06:41:30]   Subject 45: acc=0.6000±0.2291  bal_acc=0.6000±0.2291
[2026-05-30 06:41:30] \nSubject 46: 40 windows | class_counts=[20, 20]

[2026-05-30 06:41:30] Fold 1/5 | subject=46
[2026-05-30 06:41:30]     Train: 32 | counts=[16, 16]
[2026-05-30 06:41:30]     Test:  8 | counts=[4, 4]
[2026-05-30 06:41:30]     Model: SignalJEPA_PreLocal | Pretrained: from_pretrained | Strategy: new
[2026-05-30 06:41:30]     Normalization: none | fit_scope=none
[2026-05-30 06:41:30]     Phase 1 (new): 2,170/16,010 params
[2026-05-30 06:41:37]     Result | best_epoch=497 | stop=497 | final_phase_epochs=497 | acc=0.8750 | bal_acc=0.8750 | pred_hist=[3, 5] | collapse=False
[2026-05-30 06:41:37]     spatial_conv=[4, 29] top_abs_channels=[('P3', 0.20107776), ('T3', 0.1695067), ('TP8', 0.15531579), ('CP3', 0.14508119), ('FC3', 0.13883807), ('Oz', 0.1329865), ('F3', 0.1284346), ('FT7', 0.1176381)]
[2026-05-30 06:41:37]     spatial_update=delta_l2=1.13272799 max_abs=0.28336567 relative=0.94909738 changed=True

[2026-05-30 06:41:38] Fold 2/5 | subject=46
[2026-05-30 06:41:38]     Train: 32 | counts=[16, 16]
[2026-05-30 06:41:38]     Test:  8 | counts=[4, 4]
[2026-05-30 06:41:38]     Model: SignalJEPA_PreLocal | Pretrained: from_pretrained | Strategy: new
[2026-05-30 06:41:38]     Normalization: none | fit_scope=none
[2026-05-30 06:41:38]     Phase 1 (new): 2,170/16,010 params
[2026-05-30 06:41:43]     Result | best_epoch=297 | stop=347 | final_phase_epochs=347 | acc=0.8750 | bal_acc=0.8750 | pred_hist=[3, 5] | collapse=False
[2026-05-30 06:41:43]     spatial_conv=[4, 29] top_abs_channels=[('T3', 0.24256641), ('TP8', 0.17124419), ('Cz', 0.13847718), ('P3', 0.13385379), ('O1', 0.13276625), ('TP7', 0.11541612), ('FT8', 0.1124379), ('Fp1', 0.1038014)]
[2026-05-30 06:41:43]     spatial_update=delta_l2=1.09897815 max_abs=0.25360963 relative=0.92081885 changed=True

[2026-05-30 06:41:43] Fold 3/5 | subject=46
[2026-05-30 06:41:43]     Train: 32 | counts=[16, 16]
[2026-05-30 06:41:43]     Test:  8 | counts=[4, 4]
[2026-05-30 06:41:43]     Model: SignalJEPA_PreLocal | Pretrained: from_pretrained | Strategy: new
[2026-05-30 06:41:43]     Normalization: none | fit_scope=none
[2026-05-30 06:41:43]     Phase 1 (new): 2,170/16,010 params
[2026-05-30 06:41:48]     Result | best_epoch=280 | stop=330 | final_phase_epochs=330 | acc=0.5000 | bal_acc=0.5000 | pred_hist=[6, 2] | collapse=False
[2026-05-30 06:41:48]     spatial_conv=[4, 29] top_abs_channels=[('TP8', 0.2039108), ('FT7', 0.16627234), ('T3', 0.14878328), ('FT8', 0.13862087), ('P3', 0.13246784), ('CP3', 0.13212851), ('O2', 0.1178849), ('C4', 0.10966853)]
[2026-05-30 06:41:48]     spatial_update=delta_l2=1.08009973 max_abs=0.25456508 relative=0.90500088 changed=True

[2026-05-30 06:41:48] Fold 4/5 | subject=46
[2026-05-30 06:41:48]     Train: 32 | counts=[16, 16]
[2026-05-30 06:41:48]     Test:  8 | counts=[4, 4]
[2026-05-30 06:41:48]     Model: SignalJEPA_PreLocal | Pretrained: from_pretrained | Strategy: new
[2026-05-30 06:41:48]     Normalization: none | fit_scope=none
[2026-05-30 06:41:48]     Phase 1 (new): 2,170/16,010 params
[2026-05-30 06:41:54]     Result | best_epoch=375 | stop=425 | final_phase_epochs=425 | acc=0.8750 | bal_acc=0.8750 | pred_hist=[5, 3] | collapse=False
[2026-05-30 06:41:54]     spatial_conv=[4, 29] top_abs_channels=[('T3', 0.18598099), ('CP3', 0.16880029), ('FT7', 0.16008693), ('Oz', 0.13751879), ('O1', 0.13649473), ('Cz', 0.13220111), ('C4', 0.12997791), ('CP4', 0.12378081)]
[2026-05-30 06:41:54]     spatial_update=delta_l2=1.02526841 max_abs=0.31822612 relative=0.85905846 changed=True

[2026-05-30 06:41:55] Fold 5/5 | subject=46
[2026-05-30 06:41:55]     Train: 32 | counts=[16, 16]
[2026-05-30 06:41:55]     Test:  8 | counts=[4, 4]
[2026-05-30 06:41:55]     Model: SignalJEPA_PreLocal | Pretrained: from_pretrained | Strategy: new
[2026-05-30 06:41:55]     Normalization: none | fit_scope=none
[2026-05-30 06:41:55]     Phase 1 (new): 2,170/16,010 params
[2026-05-30 06:42:17]     Result | best_epoch=1597 | stop=1647 | final_phase_epochs=1647 | acc=0.8750 | bal_acc=0.8750 | pred_hist=[5, 3] | collapse=False
[2026-05-30 06:42:17]     spatial_conv=[4, 29] top_abs_channels=[('T3', 0.22056907), ('TP8', 0.17571212), ('P3', 0.17475863), ('T5', 0.15812075), ('CP3', 0.15705094), ('Cz', 0.15413681), ('O1', 0.12850349), ('FCz', 0.12371255)]
[2026-05-30 06:42:17]     spatial_update=delta_l2=1.39851919 max_abs=0.43192559 relative=1.17180022 changed=True
[2026-05-30 06:42:17]   Subject 46: acc=0.8000±0.1500  bal_acc=0.8000±0.1500
[2026-05-30 06:42:17] \nSubject 47: 40 windows | class_counts=[20, 20]

[2026-05-30 06:42:18] Fold 1/5 | subject=47
[2026-05-30 06:42:18]     Train: 32 | counts=[16, 16]
[2026-05-30 06:42:18]     Test:  8 | counts=[4, 4]
[2026-05-30 06:42:18]     Model: SignalJEPA_PreLocal | Pretrained: from_pretrained | Strategy: new
[2026-05-30 06:42:18]     Normalization: none | fit_scope=none
[2026-05-30 06:42:18]     Phase 1 (new): 2,170/16,010 params
[2026-05-30 06:42:19]     Result | best_epoch=1 | stop=51 | final_phase_epochs=51 | acc=0.5000 | bal_acc=0.5000 | pred_hist=[0, 8] | collapse=True
[2026-05-30 06:42:19]     spatial_conv=[4, 29] top_abs_channels=[('Pz', 0.15264119), ('O2', 0.1440113), ('T3', 0.12744164), ('T4', 0.12192957), ('CP3', 0.12152565), ('O1', 0.12144925), ('C3', 0.11552779), ('CP4', 0.11075924)]
[2026-05-30 06:42:19]     spatial_update=delta_l2=0.01138438 max_abs=0.00199897 relative=0.00953881 changed=True

[2026-05-30 06:42:19] Fold 2/5 | subject=47
[2026-05-30 06:42:19]     Train: 32 | counts=[16, 16]
[2026-05-30 06:42:19]     Test:  8 | counts=[4, 4]
[2026-05-30 06:42:19]     Model: SignalJEPA_PreLocal | Pretrained: from_pretrained | Strategy: new
[2026-05-30 06:42:19]     Normalization: none | fit_scope=none
[2026-05-30 06:42:19]     Phase 1 (new): 2,170/16,010 params
[2026-05-30 06:42:20]     Result | best_epoch=1 | stop=51 | final_phase_epochs=51 | acc=0.5000 | bal_acc=0.5000 | pred_hist=[0, 8] | collapse=True
[2026-05-30 06:42:20]     spatial_conv=[4, 29] top_abs_channels=[('Pz', 0.15368615), ('O2', 0.14289714), ('T3', 0.12665392), ('O1', 0.12294556), ('T4', 0.12245822), ('CP3', 0.12053503), ('C3', 0.11591896), ('CP4', 0.11123159)]
[2026-05-30 06:42:20]     spatial_update=delta_l2=0.01328348 max_abs=0.00227228 relative=0.01113004 changed=True

[2026-05-30 06:42:20] Fold 3/5 | subject=47
[2026-05-30 06:42:20]     Train: 32 | counts=[16, 16]
[2026-05-30 06:42:20]     Test:  8 | counts=[4, 4]
[2026-05-30 06:42:20]     Model: SignalJEPA_PreLocal | Pretrained: from_pretrained | Strategy: new
[2026-05-30 06:42:20]     Normalization: none | fit_scope=none
[2026-05-30 06:42:20]     Phase 1 (new): 2,170/16,010 params
[2026-05-30 06:42:21]     Result | best_epoch=23 | stop=72 | final_phase_epochs=72 | acc=0.5000 | bal_acc=0.5000 | pred_hist=[6, 2] | collapse=False
[2026-05-30 06:42:21]     spatial_conv=[4, 29] top_abs_channels=[('Pz', 0.14401916), ('O2', 0.14259942), ('T4', 0.12574494), ('C3', 0.12497745), ('T3', 0.12477092), ('Fp1', 0.12009661), ('CP3', 0.11981256), ('P3', 0.11763039)]
[2026-05-30 06:42:21]     spatial_update=delta_l2=0.18118378 max_abs=0.03901841 relative=0.15181143 changed=True

[2026-05-30 06:42:22] Fold 4/5 | subject=47
[2026-05-30 06:42:22]     Train: 32 | counts=[16, 16]
[2026-05-30 06:42:22]     Test:  8 | counts=[4, 4]
[2026-05-30 06:42:22]     Model: SignalJEPA_PreLocal | Pretrained: from_pretrained | Strategy: new
[2026-05-30 06:42:22]     Normalization: none | fit_scope=none
[2026-05-30 06:42:22]     Phase 1 (new): 2,170/16,010 params
[2026-05-30 06:42:22]     Result | best_epoch=1 | stop=51 | final_phase_epochs=51 | acc=0.5000 | bal_acc=0.5000 | pred_hist=[0, 8] | collapse=True
[2026-05-30 06:42:22]     spatial_conv=[4, 29] top_abs_channels=[('Pz', 0.15364683), ('O2', 0.14314377), ('T3', 0.12790574), ('T4', 0.1223315), ('O1', 0.12189756), ('CP3', 0.12126791), ('C3', 0.11569369), ('CP4', 0.11130369)]
[2026-05-30 06:42:22]     spatial_update=delta_l2=0.01175793 max_abs=0.00217587 relative=0.00985181 changed=True

[2026-05-30 06:42:23] Fold 5/5 | subject=47
[2026-05-30 06:42:23]     Train: 32 | counts=[16, 16]
[2026-05-30 06:42:23]     Test:  8 | counts=[4, 4]
[2026-05-30 06:42:23]     Model: SignalJEPA_PreLocal | Pretrained: from_pretrained | Strategy: new
[2026-05-30 06:42:23]     Normalization: none | fit_scope=none
[2026-05-30 06:42:23]     Phase 1 (new): 2,170/16,010 params
[2026-05-30 06:42:24]     Result | best_epoch=1 | stop=51 | final_phase_epochs=51 | acc=0.5000 | bal_acc=0.5000 | pred_hist=[0, 8] | collapse=True
[2026-05-30 06:42:24]     spatial_conv=[4, 29] top_abs_channels=[('Pz', 0.15352544), ('O2', 0.14301622), ('T3', 0.12670359), ('T4', 0.12276881), ('O1', 0.12241061), ('CP3', 0.12009962), ('C3', 0.11600468), ('CP4', 0.11091205)]
[2026-05-30 06:42:24]     spatial_update=delta_l2=0.01405950 max_abs=0.00226672 relative=0.01178027 changed=True
[2026-05-30 06:42:24]   Subject 47: acc=0.5000±0.0000  bal_acc=0.5000±0.0000
[2026-05-30 06:42:24] \nSubject 48: 40 windows | class_counts=[20, 20]

[2026-05-30 06:42:24] Fold 1/5 | subject=48
[2026-05-30 06:42:24]     Train: 32 | counts=[16, 16]
[2026-05-30 06:42:24]     Test:  8 | counts=[4, 4]
[2026-05-30 06:42:24]     Model: SignalJEPA_PreLocal | Pretrained: from_pretrained | Strategy: new
[2026-05-30 06:42:24]     Normalization: none | fit_scope=none
[2026-05-30 06:42:24]     Phase 1 (new): 2,170/16,010 params
[2026-05-30 06:42:25]     Result | best_epoch=1 | stop=51 | final_phase_epochs=51 | acc=0.5000 | bal_acc=0.5000 | pred_hist=[0, 8] | collapse=True
[2026-05-30 06:42:25]     spatial_conv=[4, 29] top_abs_channels=[('Pz', 0.15313441), ('O2', 0.14344504), ('T3', 0.12679988), ('O1', 0.12215305), ('T4', 0.12165809), ('CP3', 0.12099928), ('C3', 0.11493361), ('CP4', 0.11168543)]
[2026-05-30 06:42:25]     spatial_update=delta_l2=0.01063139 max_abs=0.00216778 relative=0.00890790 changed=True

[2026-05-30 06:42:25] Fold 2/5 | subject=48
[2026-05-30 06:42:25]     Train: 32 | counts=[16, 16]
[2026-05-30 06:42:25]     Test:  8 | counts=[4, 4]
[2026-05-30 06:42:25]     Model: SignalJEPA_PreLocal | Pretrained: from_pretrained | Strategy: new
[2026-05-30 06:42:25]     Normalization: none | fit_scope=none
[2026-05-30 06:42:25]     Phase 1 (new): 2,170/16,010 params
[2026-05-30 06:42:33]     Result | best_epoch=509 | stop=559 | final_phase_epochs=559 | acc=0.5000 | bal_acc=0.5000 | pred_hist=[4, 4] | collapse=False
[2026-05-30 06:42:33]     spatial_conv=[4, 29] top_abs_channels=[('FCz', 0.25407964), ('P3', 0.21678182), ('CP3', 0.18176779), ('Cz', 0.13143176), ('FC4', 0.12942278), ('Pz', 0.12113219), ('O1', 0.11125571), ('F4', 0.10965744)]
[2026-05-30 06:42:33]     spatial_update=delta_l2=1.27466822 max_abs=0.42469890 relative=1.06802717 changed=True

[2026-05-30 06:42:34] Fold 3/5 | subject=48
[2026-05-30 06:42:34]     Train: 32 | counts=[16, 16]
[2026-05-30 06:42:34]     Test:  8 | counts=[4, 4]
[2026-05-30 06:42:34]     Model: SignalJEPA_PreLocal | Pretrained: from_pretrained | Strategy: new
[2026-05-30 06:42:34]     Normalization: none | fit_scope=none
[2026-05-30 06:42:34]     Phase 1 (new): 2,170/16,010 params
[2026-05-30 06:42:35]     Result | best_epoch=13 | stop=63 | final_phase_epochs=63 | acc=0.5000 | bal_acc=0.5000 | pred_hist=[2, 6] | collapse=False
[2026-05-30 06:42:35]     spatial_conv=[4, 29] top_abs_channels=[('Pz', 0.15557784), ('O2', 0.14772271), ('T3', 0.12334803), ('CP3', 0.11958005), ('O1', 0.11836484), ('T4', 0.11820762), ('CP4', 0.11533183), ('C3', 0.11033738)]
[2026-05-30 06:42:35]     spatial_update=delta_l2=0.10029998 max_abs=0.01899431 relative=0.08403999 changed=True

[2026-05-30 06:42:35] Fold 4/5 | subject=48
[2026-05-30 06:42:35]     Train: 32 | counts=[16, 16]
[2026-05-30 06:42:35]     Test:  8 | counts=[4, 4]
[2026-05-30 06:42:35]     Model: SignalJEPA_PreLocal | Pretrained: from_pretrained | Strategy: new
[2026-05-30 06:42:35]     Normalization: none | fit_scope=none
[2026-05-30 06:42:35]     Phase 1 (new): 2,170/16,010 params
[2026-05-30 06:42:36]     Result | best_epoch=23 | stop=73 | final_phase_epochs=73 | acc=0.5000 | bal_acc=0.5000 | pred_hist=[4, 4] | collapse=False
[2026-05-30 06:42:36]     spatial_conv=[4, 29] top_abs_channels=[('Pz', 0.16500281), ('O2', 0.14826307), ('CP3', 0.12551747), ('T3', 0.12410809), ('CP4', 0.1188094), ('T4', 0.11755964), ('O1', 0.11642869), ('P3', 0.10983758)]
[2026-05-30 06:42:36]     spatial_update=delta_l2=0.18908427 max_abs=0.03551025 relative=0.15843114 changed=True

[2026-05-30 06:42:37] Fold 5/5 | subject=48
[2026-05-30 06:42:37]     Train: 32 | counts=[16, 16]
[2026-05-30 06:42:37]     Test:  8 | counts=[4, 4]
[2026-05-30 06:42:37]     Model: SignalJEPA_PreLocal | Pretrained: from_pretrained | Strategy: new
[2026-05-30 06:42:37]     Normalization: none | fit_scope=none
[2026-05-30 06:42:37]     Phase 1 (new): 2,170/16,010 params
[2026-05-30 06:42:37]     Result | best_epoch=1 | stop=51 | final_phase_epochs=51 | acc=0.5000 | bal_acc=0.5000 | pred_hist=[0, 8] | collapse=True
[2026-05-30 06:42:37]     spatial_conv=[4, 29] top_abs_channels=[('Pz', 0.15382463), ('O2', 0.14330047), ('T3', 0.12686491), ('O1', 0.12205877), ('T4', 0.12181869), ('CP3', 0.12054232), ('C3', 0.11437313), ('CP4', 0.11192422)]
[2026-05-30 06:42:37]     spatial_update=delta_l2=0.01262227 max_abs=0.00226473 relative=0.01057603 changed=True
[2026-05-30 06:42:37]   Subject 48: acc=0.5000±0.0000  bal_acc=0.5000±0.0000
[2026-05-30 06:42:37] \nSubject 49: 40 windows | class_counts=[20, 20]

[2026-05-30 06:42:38] Fold 1/5 | subject=49
[2026-05-30 06:42:38]     Train: 32 | counts=[16, 16]
[2026-05-30 06:42:38]     Test:  8 | counts=[4, 4]
[2026-05-30 06:42:38]     Model: SignalJEPA_PreLocal | Pretrained: from_pretrained | Strategy: new
[2026-05-30 06:42:38]     Normalization: none | fit_scope=none
[2026-05-30 06:42:38]     Phase 1 (new): 2,170/16,010 params
[2026-05-30 06:42:39]     Result | best_epoch=18 | stop=67 | final_phase_epochs=67 | acc=0.5000 | bal_acc=0.5000 | pred_hist=[2, 6] | collapse=False
[2026-05-30 06:42:39]     spatial_conv=[4, 29] top_abs_channels=[('Pz', 0.15354662), ('O2', 0.1340082), ('P3', 0.12267555), ('T3', 0.11778577), ('O1', 0.11679994), ('CP3', 0.11664979), ('Fz', 0.1159372), ('T4', 0.11582133)]
[2026-05-30 06:42:39]     spatial_update=delta_l2=0.15632148 max_abs=0.03877860 relative=0.13097965 changed=True

[2026-05-30 06:42:39] Fold 2/5 | subject=49
[2026-05-30 06:42:39]     Train: 32 | counts=[16, 16]
[2026-05-30 06:42:39]     Test:  8 | counts=[4, 4]
[2026-05-30 06:42:39]     Model: SignalJEPA_PreLocal | Pretrained: from_pretrained | Strategy: new
[2026-05-30 06:42:39]     Normalization: none | fit_scope=none
[2026-05-30 06:42:39]     Phase 1 (new): 2,170/16,010 params
[2026-05-30 06:42:40]     Result | best_epoch=1 | stop=51 | final_phase_epochs=51 | acc=0.5000 | bal_acc=0.5000 | pred_hist=[0, 8] | collapse=True
[2026-05-30 06:42:40]     spatial_conv=[4, 29] top_abs_channels=[('Pz', 0.15168238), ('O2', 0.14318947), ('T3', 0.1263196), ('O1', 0.12255482), ('T4', 0.12188123), ('CP3', 0.1210302), ('C3', 0.11492124), ('CP4', 0.11164018)]
[2026-05-30 06:42:40]     spatial_update=delta_l2=0.01255277 max_abs=0.00223896 relative=0.01051780 changed=True

[2026-05-30 06:42:41] Fold 3/5 | subject=49
[2026-05-30 06:42:41]     Train: 32 | counts=[16, 16]
[2026-05-30 06:42:41]     Test:  8 | counts=[4, 4]
[2026-05-30 06:42:41]     Model: SignalJEPA_PreLocal | Pretrained: from_pretrained | Strategy: new
[2026-05-30 06:42:41]     Normalization: none | fit_scope=none
[2026-05-30 06:42:41]     Phase 1 (new): 2,170/16,010 params
[2026-05-30 06:42:41]     Result | best_epoch=1 | stop=51 | final_phase_epochs=51 | acc=0.5000 | bal_acc=0.5000 | pred_hist=[0, 8] | collapse=True
[2026-05-30 06:42:41]     spatial_conv=[4, 29] top_abs_channels=[('Pz', 0.15259413), ('O2', 0.14345641), ('T3', 0.12566967), ('T4', 0.12153536), ('O1', 0.12129353), ('CP3', 0.12061709), ('C3', 0.1155556), ('CP4', 0.11079209)]
[2026-05-30 06:42:41]     spatial_update=delta_l2=0.01203284 max_abs=0.00236448 relative=0.01008215 changed=True

[2026-05-30 06:42:42] Fold 4/5 | subject=49
[2026-05-30 06:42:42]     Train: 32 | counts=[16, 16]
[2026-05-30 06:42:42]     Test:  8 | counts=[4, 4]
[2026-05-30 06:42:42]     Model: SignalJEPA_PreLocal | Pretrained: from_pretrained | Strategy: new
[2026-05-30 06:42:42]     Normalization: none | fit_scope=none
[2026-05-30 06:42:42]     Phase 1 (new): 2,170/16,010 params
[2026-05-30 06:42:42]     Result | best_epoch=1 | stop=51 | final_phase_epochs=51 | acc=0.5000 | bal_acc=0.5000 | pred_hist=[0, 8] | collapse=True
[2026-05-30 06:42:42]     spatial_conv=[4, 29] top_abs_channels=[('Pz', 0.15306941), ('O2', 0.1446515), ('T3', 0.12559079), ('T4', 0.12224032), ('O1', 0.12189911), ('CP3', 0.12107578), ('C3', 0.11579996), ('CP4', 0.11125758)]
[2026-05-30 06:42:42]     spatial_update=delta_l2=0.01125974 max_abs=0.00217923 relative=0.00943438 changed=True

[2026-05-30 06:42:43] Fold 5/5 | subject=49
[2026-05-30 06:42:43]     Train: 32 | counts=[16, 16]
[2026-05-30 06:42:43]     Test:  8 | counts=[4, 4]
[2026-05-30 06:42:43]     Model: SignalJEPA_PreLocal | Pretrained: from_pretrained | Strategy: new
[2026-05-30 06:42:43]     Normalization: none | fit_scope=none
[2026-05-30 06:42:43]     Phase 1 (new): 2,170/16,010 params
[2026-05-30 06:42:44]     Result | best_epoch=1 | stop=51 | final_phase_epochs=51 | acc=0.5000 | bal_acc=0.5000 | pred_hist=[0, 8] | collapse=True
[2026-05-30 06:42:44]     spatial_conv=[4, 29] top_abs_channels=[('Pz', 0.15308797), ('O2', 0.14393783), ('T3', 0.12553762), ('T4', 0.12269306), ('O1', 0.12243126), ('CP3', 0.12163611), ('C3', 0.11520635), ('CP4', 0.1115512)]
[2026-05-30 06:42:44]     spatial_update=delta_l2=0.01172847 max_abs=0.00223742 relative=0.00982713 changed=True
[2026-05-30 06:42:44]   Subject 49: acc=0.5000±0.0000  bal_acc=0.5000±0.0000
[2026-05-30 06:42:44] \nSubject 50: 40 windows | class_counts=[20, 20]

[2026-05-30 06:42:44] Fold 1/5 | subject=50
[2026-05-30 06:42:44]     Train: 32 | counts=[16, 16]
[2026-05-30 06:42:44]     Test:  8 | counts=[4, 4]
[2026-05-30 06:42:44]     Model: SignalJEPA_PreLocal | Pretrained: from_pretrained | Strategy: new
[2026-05-30 06:42:44]     Normalization: none | fit_scope=none
[2026-05-30 06:42:44]     Phase 1 (new): 2,170/16,010 params
[2026-05-30 06:42:45]     Result | best_epoch=25 | stop=75 | final_phase_epochs=75 | acc=0.5000 | bal_acc=0.5000 | pred_hist=[4, 4] | collapse=False
[2026-05-30 06:42:45]     spatial_conv=[4, 29] top_abs_channels=[('O2', 0.15771052), ('Pz', 0.14272489), ('O1', 0.12390428), ('T4', 0.12374483), ('CP3', 0.12260842), ('T3', 0.11758633), ('Fp1', 0.11387576), ('CP4', 0.11294816)]
[2026-05-30 06:42:45]     spatial_update=delta_l2=0.21637426 max_abs=0.04685634 relative=0.18129705 changed=True

[2026-05-30 06:42:46] Fold 2/5 | subject=50
[2026-05-30 06:42:46]     Train: 32 | counts=[16, 16]
[2026-05-30 06:42:46]     Test:  8 | counts=[4, 4]
[2026-05-30 06:42:46]     Model: SignalJEPA_PreLocal | Pretrained: from_pretrained | Strategy: new
[2026-05-30 06:42:46]     Normalization: none | fit_scope=none
[2026-05-30 06:42:46]     Phase 1 (new): 2,170/16,010 params
[2026-05-30 06:42:49]     Result | best_epoch=176 | stop=226 | final_phase_epochs=226 | acc=0.7500 | bal_acc=0.7500 | pred_hist=[4, 4] | collapse=False
[2026-05-30 06:42:49]     spatial_conv=[4, 29] top_abs_channels=[('O2', 0.17485927), ('P3', 0.15426883), ('CP4', 0.12647536), ('T3', 0.12287222), ('F4', 0.12015153), ('Pz', 0.12012081), ('Fp2', 0.1142299), ('CP3', 0.1127546)]
[2026-05-30 06:42:49]     spatial_update=delta_l2=0.87126011 max_abs=0.27809358 relative=0.73001700 changed=True

[2026-05-30 06:42:49] Fold 3/5 | subject=50
[2026-05-30 06:42:49]     Train: 32 | counts=[16, 16]
[2026-05-30 06:42:49]     Test:  8 | counts=[4, 4]
[2026-05-30 06:42:49]     Model: SignalJEPA_PreLocal | Pretrained: from_pretrained | Strategy: new
[2026-05-30 06:42:49]     Normalization: none | fit_scope=none
[2026-05-30 06:42:49]     Phase 1 (new): 2,170/16,010 params
[2026-05-30 06:42:50]     Result | best_epoch=1 | stop=51 | final_phase_epochs=51 | acc=0.5000 | bal_acc=0.5000 | pred_hist=[0, 8] | collapse=True
[2026-05-30 06:42:50]     spatial_conv=[4, 29] top_abs_channels=[('Pz', 0.15296826), ('O2', 0.14483321), ('T3', 0.12564519), ('T4', 0.12238513), ('O1', 0.12091843), ('CP3', 0.12083943), ('C3', 0.11658163), ('CP4', 0.11165968)]
[2026-05-30 06:42:50]     spatial_update=delta_l2=0.01228933 max_abs=0.00222813 relative=0.01029706 changed=True

[2026-05-30 06:42:51] Fold 4/5 | subject=50
[2026-05-30 06:42:51]     Train: 32 | counts=[16, 16]
[2026-05-30 06:42:51]     Test:  8 | counts=[4, 4]
[2026-05-30 06:42:51]     Model: SignalJEPA_PreLocal | Pretrained: from_pretrained | Strategy: new
[2026-05-30 06:42:51]     Normalization: none | fit_scope=none
[2026-05-30 06:42:51]     Phase 1 (new): 2,170/16,010 params
[2026-05-30 06:42:51]     Result | best_epoch=1 | stop=51 | final_phase_epochs=51 | acc=0.5000 | bal_acc=0.5000 | pred_hist=[0, 8] | collapse=True
[2026-05-30 06:42:51]     spatial_conv=[4, 29] top_abs_channels=[('Pz', 0.15315728), ('O2', 0.14541556), ('T3', 0.12564152), ('T4', 0.12195417), ('O1', 0.12095226), ('CP3', 0.12094562), ('C3', 0.11635682), ('CP4', 0.11065523)]
[2026-05-30 06:42:51]     spatial_update=delta_l2=0.01340889 max_abs=0.00218245 relative=0.01123513 changed=True

[2026-05-30 06:42:52] Fold 5/5 | subject=50
[2026-05-30 06:42:52]     Train: 32 | counts=[16, 16]
[2026-05-30 06:42:52]     Test:  8 | counts=[4, 4]
[2026-05-30 06:42:52]     Model: SignalJEPA_PreLocal | Pretrained: from_pretrained | Strategy: new
[2026-05-30 06:42:52]     Normalization: none | fit_scope=none
[2026-05-30 06:42:52]     Phase 1 (new): 2,170/16,010 params
[2026-05-30 06:42:57]     Result | best_epoch=328 | stop=378 | final_phase_epochs=378 | acc=0.5000 | bal_acc=0.5000 | pred_hist=[4, 4] | collapse=False
[2026-05-30 06:42:57]     spatial_conv=[4, 29] top_abs_channels=[('O2', 0.15104477), ('CP4', 0.15027288), ('O1', 0.14243811), ('FC3', 0.13911401), ('C3', 0.13675837), ('CP3', 0.13445285), ('T3', 0.1258226), ('P3', 0.10149869)]
[2026-05-30 06:42:57]     spatial_update=delta_l2=1.00466880 max_abs=0.36324270 relative=0.84179833 changed=True
[2026-05-30 06:42:57]   Subject 50: acc=0.5500±0.1000  bal_acc=0.5500±0.1000

[2026-05-30 06:42:57] Total evaluation splits completed: 250
[2026-05-30 06:42:57] ======================================================================
[2026-05-30 06:42:57] AGGREGATED RESULTS
[2026-05-30 06:42:57] ======================================================================
[2026-05-30 06:42:57]   1: acc=0.4500±0.1275  bal_acc=0.4500±0.1275
[2026-05-30 06:42:57]   2: acc=0.7250±0.0935  bal_acc=0.7250±0.0935
[2026-05-30 06:42:57]   3: acc=0.5750±0.1275  bal_acc=0.5750±0.1275
[2026-05-30 06:42:57]   4: acc=0.5000±0.1369  bal_acc=0.5000±0.1369
[2026-05-30 06:42:57]   5: acc=0.4750±0.0500  bal_acc=0.4750±0.0500
[2026-05-30 06:42:57]   6: acc=0.4500±0.1696  bal_acc=0.4500±0.1696
[2026-05-30 06:42:57]   7: acc=0.5750±0.2031  bal_acc=0.5750±0.2031
[2026-05-30 06:42:57]   8: acc=0.6000±0.0935  bal_acc=0.6000±0.0935
[2026-05-30 06:42:57]   9: acc=0.4750±0.1658  bal_acc=0.4750±0.1658
[2026-05-30 06:42:57]   10: acc=0.4750±0.0500  bal_acc=0.4750±0.0500
[2026-05-30 06:42:57]   11: acc=0.5000±0.0791  bal_acc=0.5000±0.0791
[2026-05-30 06:42:57]   12: acc=0.5000±0.0000  bal_acc=0.5000±0.0000
[2026-05-30 06:42:57]   13: acc=0.6250±0.1581  bal_acc=0.6250±0.1581
[2026-05-30 06:42:57]   14: acc=0.4750±0.1225  bal_acc=0.4750±0.1225
[2026-05-30 06:42:57]   15: acc=0.6000±0.0935  bal_acc=0.6000±0.0935
[2026-05-30 06:42:57]   16: acc=0.5500±0.1000  bal_acc=0.5500±0.1000
[2026-05-30 06:42:57]   17: acc=0.4750±0.0500  bal_acc=0.4750±0.0500
[2026-05-30 06:42:57]   18: acc=0.9250±0.0612  bal_acc=0.9250±0.0612
[2026-05-30 06:42:57]   19: acc=0.4250±0.1500  bal_acc=0.4250±0.1500
[2026-05-30 06:42:57]   20: acc=0.6500±0.1458  bal_acc=0.6500±0.1458
[2026-05-30 06:42:57]   21: acc=0.5500±0.1275  bal_acc=0.5500±0.1275
[2026-05-30 06:42:57]   22: acc=0.9000±0.0500  bal_acc=0.9000±0.0500
[2026-05-30 06:42:57]   23: acc=0.4500±0.1000  bal_acc=0.4500±0.1000
[2026-05-30 06:42:57]   24: acc=0.4750±0.0500  bal_acc=0.4750±0.0500
[2026-05-30 06:42:57]   25: acc=0.4500±0.1000  bal_acc=0.4500±0.1000
[2026-05-30 06:42:57]   26: acc=0.5250±0.0500  bal_acc=0.5250±0.0500
[2026-05-30 06:42:57]   27: acc=0.5750±0.1000  bal_acc=0.5750±0.1000
[2026-05-30 06:42:57]   28: acc=0.5000±0.0000  bal_acc=0.5000±0.0000
[2026-05-30 06:42:57]   29: acc=0.5000±0.0000  bal_acc=0.5000±0.0000
[2026-05-30 06:42:57]   30: acc=0.7250±0.1225  bal_acc=0.7250±0.1225
[2026-05-30 06:42:57]   31: acc=0.5250±0.0500  bal_acc=0.5250±0.0500
[2026-05-30 06:42:57]   32: acc=0.4500±0.1000  bal_acc=0.4500±0.1000
[2026-05-30 06:42:57]   33: acc=0.5000±0.0000  bal_acc=0.5000±0.0000
[2026-05-30 06:42:57]   34: acc=0.7500±0.0791  bal_acc=0.7500±0.0791
[2026-05-30 06:42:57]   35: acc=0.5000±0.1768  bal_acc=0.5000±0.1768
[2026-05-30 06:42:57]   36: acc=0.5000±0.0000  bal_acc=0.5000±0.0000
[2026-05-30 06:42:57]   37: acc=0.5500±0.1696  bal_acc=0.5500±0.1696
[2026-05-30 06:42:57]   38: acc=0.7500±0.1768  bal_acc=0.7500±0.1768
[2026-05-30 06:42:57]   39: acc=0.5500±0.0612  bal_acc=0.5500±0.0612
[2026-05-30 06:42:57]   40: acc=0.6000±0.0935  bal_acc=0.6000±0.0935
[2026-05-30 06:42:57]   41: acc=0.5500±0.0612  bal_acc=0.5500±0.0612
[2026-05-30 06:42:57]   42: acc=0.5000±0.0791  bal_acc=0.5000±0.0791
[2026-05-30 06:42:57]   43: acc=0.5500±0.0612  bal_acc=0.5500±0.0612
[2026-05-30 06:42:57]   44: acc=0.5000±0.0000  bal_acc=0.5000±0.0000
[2026-05-30 06:42:57]   45: acc=0.6000±0.2291  bal_acc=0.6000±0.2291
[2026-05-30 06:42:57]   46: acc=0.8000±0.1500  bal_acc=0.8000±0.1500
[2026-05-30 06:42:57]   47: acc=0.5000±0.0000  bal_acc=0.5000±0.0000
[2026-05-30 06:42:57]   48: acc=0.5000±0.0000  bal_acc=0.5000±0.0000
[2026-05-30 06:42:57]   49: acc=0.5000±0.0000  bal_acc=0.5000±0.0000
[2026-05-30 06:42:57]   50: acc=0.5500±0.1000  bal_acc=0.5500±0.1000
[2026-05-30 06:42:57] ----------------------------------------------------------------------
[2026-05-30 06:42:57]   OVERALL: acc=0.5580±0.1550  bal_acc=0.5580±0.1550
[2026-05-30 06:42:57] ======================================================================
[2026-05-30 06:42:57] Performance tables saved:
[2026-05-30 06:42:57]   Fold-level results:       /home/vegorov/Repos/eeg_jepa_research/artifacts/liu2024-source-mat-sjepa-prelocal/20260530_0626_5a4fc0ff/fold_level_results.csv
[2026-05-30 06:42:57]   Subject-level summary:    /home/vegorov/Repos/eeg_jepa_research/artifacts/liu2024-source-mat-sjepa-prelocal/20260530_0626_5a4fc0ff/subject_level_summary.csv
[2026-05-30 06:42:57]   Global method comparison: /home/vegorov/Repos/eeg_jepa_research/artifacts/liu2024-source-mat-sjepa-prelocal/20260530_0626_5a4fc0ff/global_method_comparison.csv
[2026-05-30 06:42:57] Subject performance plot saved to: /home/vegorov/Repos/eeg_jepa_research/artifacts/liu2024-source-mat-sjepa-prelocal/20260530_0626_5a4fc0ff/sjepa_prelocal_subject_performance.png
[2026-05-30 06:42:57] Global performance plot saved to: /home/vegorov/Repos/eeg_jepa_research/artifacts/liu2024-source-mat-sjepa-prelocal/20260530_0626_5a4fc0ff/sjepa_prelocal_global_performance_summary.png
[2026-05-30 06:42:58] Aggregated confusion matrix plot saved to: /home/vegorov/Repos/eeg_jepa_research/artifacts/liu2024-source-mat-sjepa-prelocal/20260530_0626_5a4fc0ff/sjepa_prelocal_aggregated_confusion_matrix.png
[2026-05-30 06:42:58] Confusion metrics saved to: /home/vegorov/Repos/eeg_jepa_research/artifacts/liu2024-source-mat-sjepa-prelocal/20260530_0626_5a4fc0ff/sjepa_prelocal_confusion_metrics.csv

[2026-05-30 06:42:58] ======================================================================
[2026-05-30 06:42:58] EXPERIMENT SUMMARY
[2026-05-30 06:42:58] ======================================================================
[2026-05-30 06:42:58] Run ID:                 20260530_0626_5a4fc0ff
[2026-05-30 06:42:58] Experiment:             hpgrid537_bs4_lr0p0004_clip1_start2_test0p2_fir_trial_mean
[2026-05-30 06:42:58] Subjects:               50
[2026-05-30 06:42:58] Model:                  SignalJEPA_PreLocal
[2026-05-30 06:42:58] Pretrained mode:        from_pretrained
[2026-05-30 06:42:58] Strategy:               new
[2026-05-30 06:42:58] Preprocessing:          trial_mean | ref=average | resample=True->128 | filter=True 0.5–40.0 fir
[2026-05-30 06:42:58] Window:                 start=2s | 4.195s / 537 samples
[2026-05-30 06:42:58] Artifacts:              /home/vegorov/Repos/eeg_jepa_research/artifacts/liu2024-source-mat-sjepa-prelocal/20260530_0626_5a4fc0ff
[2026-05-30 06:42:58] Mean Accuracy:          0.5580 ± 0.1550
[2026-05-30 06:42:58] Mean Balanced Accuracy: 0.5580 ± 0.1550
[2026-05-30 06:42:58] ======================================================================

[2026-05-30 06:42:58] Spatial convolution analysis saved:
[2026-05-30 06:42:58]   Long channel CSV:        /home/vegorov/Repos/eeg_jepa_research/artifacts/liu2024-source-mat-sjepa-prelocal/20260530_0626_5a4fc0ff/spatial_conv_analysis/spatial_channel_importance_long.csv
[2026-05-30 06:42:58]   Fold diagnostics CSV:    /home/vegorov/Repos/eeg_jepa_research/artifacts/liu2024-source-mat-sjepa-prelocal/20260530_0626_5a4fc0ff/spatial_conv_analysis/fold_diagnostics.csv
[2026-05-30 06:42:58]   Fold weight JSON:        /home/vegorov/Repos/eeg_jepa_research/artifacts/liu2024-source-mat-sjepa-prelocal/20260530_0626_5a4fc0ff/spatial_conv_analysis/spatial_conv_weights_by_fold.json
[2026-05-30 06:42:58]   Global importance CSV:   /home/vegorov/Repos/eeg_jepa_research/artifacts/liu2024-source-mat-sjepa-prelocal/20260530_0626_5a4fc0ff/spatial_conv_analysis/spatial_channel_importance_global.csv
[2026-05-30 06:42:58]   Subject importance CSV:  /home/vegorov/Repos/eeg_jepa_research/artifacts/liu2024-source-mat-sjepa-prelocal/20260530_0626_5a4fc0ff/spatial_conv_analysis/spatial_channel_importance_by_subject.csv
[2026-05-30 06:42:58]   Diagnostic summary JSON: /home/vegorov/Repos/eeg_jepa_research/artifacts/liu2024-source-mat-sjepa-prelocal/20260530_0626_5a4fc0ff/spatial_conv_analysis/diagnostic_summary.json

[2026-05-30 06:42:58] Diagnostic summary:
[2026-05-30 06:42:58] {
  "n_folds": 250,
  "collapse_rate": 0.412,
  "mean_collapse_ratio": 0.799,
  "mean_spatial_delta_l2": 0.44072447311999996,
  "mean_spatial_relative_delta": 0.36927704487999996,
  "spatial_changed_rate": 1.0,
  "mean_confidence": 0.58317548644,
  "mean_normalized_prediction_entropy": 0.9224966618399999
}

[2026-05-30 06:42:58] Top global channels by mean absolute spatial weight:
[2026-05-30 06:42:58] CV results saved to:      /home/vegorov/Repos/eeg_jepa_research/artifacts/liu2024-source-mat-sjepa-prelocal/20260530_0626_5a4fc0ff/cv_results.json
[2026-05-30 06:42:58] Subject metrics saved to: /home/vegorov/Repos/eeg_jepa_research/artifacts/liu2024-source-mat-sjepa-prelocal/20260530_0626_5a4fc0ff/subject_metrics.json
[2026-05-30 06:42:58] Global metrics saved to:  /home/vegorov/Repos/eeg_jepa_research/artifacts/liu2024-source-mat-sjepa-prelocal/20260530_0626_5a4fc0ff/global_metrics.json
[2026-05-30 06:42:58] Subject performance plot: /home/vegorov/Repos/eeg_jepa_research/artifacts/liu2024-source-mat-sjepa-prelocal/20260530_0626_5a4fc0ff/sjepa_prelocal_subject_performance.png
[2026-05-30 06:42:58] Global performance plot:  /home/vegorov/Repos/eeg_jepa_research/artifacts/liu2024-source-mat-sjepa-prelocal/20260530_0626_5a4fc0ff/sjepa_prelocal_global_performance_summary.png
[2026-05-30 06:42:58] Confusion matrix plot:    /home/vegorov/Repos/eeg_jepa_research/artifacts/liu2024-source-mat-sjepa-prelocal/20260530_0626_5a4fc0ff/sjepa_prelocal_aggregated_confusion_matrix.png
[2026-05-30 06:42:58] Run metadata saved to:    /home/vegorov/Repos/eeg_jepa_research/artifacts/liu2024-source-mat-sjepa-prelocal/20260530_0626_5a4fc0ff/run_metadata.json

[2026-05-30 06:42:58] All artifacts in: /home/vegorov/Repos/eeg_jepa_research/artifacts/liu2024-source-mat-sjepa-prelocal/20260530_0626_5a4fc0ff
