{
  "mean_accuracy": 0.5274801587301587,
  "std_accuracy": 0.0683938385505265,
  "mean_balanced_accuracy": 0.5274801587301587,
  "std_balanced_accuracy": 0.06839383855052648,
  "n_groups": 9,
  "n_folds_total": 45
}