{
  "1": {
    "accuracies": [
      0.53125,
      0.40625,
      0.5625,
      0.5625,
      0.625
    ],
    "balanced_accuracies": [
      0.53125,
      0.40625,
      0.5625,
      0.5625,
      0.625
    ],
    "mean_accuracy": 0.5375,
    "std_accuracy": 0.0723489806424389,
    "mean_balanced_accuracy": 0.5375,
    "std_balanced_accuracy": 0.0723489806424389
  },
  "2": {
    "accuracies": [
      0.46875,
      0.5,
      0.71875,
      0.5,
      0.53125
    ],
    "balanced_accuracies": [
      0.46875,
      0.5,
      0.71875,
      0.5,
      0.53125
    ],
    "mean_accuracy": 0.54375,
    "std_accuracy": 0.08970437559004577,
    "mean_balanced_accuracy": 0.54375,
    "std_balanced_accuracy": 0.08970437559004577
  },
  "3": {
    "accuracies": [
      0.65625,
      0.5,
      0.59375,
      0.375,
      0.40625
    ],
    "balanced_accuracies": [
      0.65625,
      0.5,
      0.59375,
      0.375,
      0.40625
    ],
    "mean_accuracy": 0.50625,
    "std_accuracy": 0.10716517624676404,
    "mean_balanced_accuracy": 0.50625,
    "std_balanced_accuracy": 0.10716517624676404
  },
  "4": {
    "accuracies": [
      0.5625,
      0.53125,
      0.53125,
      0.53125,
      0.53125
    ],
    "balanced_accuracies": [
      0.5625,
      0.53125,
      0.53125,
      0.53125,
      0.53125
    ],
    "mean_accuracy": 0.5375,
    "std_accuracy": 0.012499999999999999,
    "mean_balanced_accuracy": 0.5375,
    "std_balanced_accuracy": 0.012499999999999999
  },
  "5": {
    "accuracies": [
      0.5,
      0.5,
      0.5,
      0.59375,
      0.59375
    ],
    "balanced_accuracies": [
      0.5,
      0.5,
      0.5,
      0.59375,
      0.59375
    ],
    "mean_accuracy": 0.5375,
    "std_accuracy": 0.045927932677184584,
    "mean_balanced_accuracy": 0.5375,
    "std_balanced_accuracy": 0.045927932677184584
  },
  "6": {
    "accuracies": [
      0.6428571428571429,
      0.5714285714285714,
      0.42857142857142855,
      0.5,
      0.5
    ],
    "balanced_accuracies": [
      0.6428571428571428,
      0.5714285714285714,
      0.4285714285714286,
      0.5,
      0.5
    ],
    "mean_accuracy": 0.5285714285714287,
    "std_accuracy": 0.07284313590846837,
    "mean_balanced_accuracy": 0.5285714285714286,
    "std_balanced_accuracy": 0.07284313590846832
  },
  "7": {
    "accuracies": [
      0.53125,
      0.4375,
      0.59375,
      0.5,
      0.59375
    ],
    "balanced_accuracies": [
      0.53125,
      0.4375,
      0.59375,
      0.5,
      0.59375
    ],
    "mean_accuracy": 0.53125,
    "std_accuracy": 0.05929270612815711,
    "mean_balanced_accuracy": 0.53125,
    "std_balanced_accuracy": 0.05929270612815711
  },
  "8": {
    "accuracies": [
      0.46875,
      0.53125,
      0.625,
      0.5625,
      0.46875
    ],
    "balanced_accuracies": [
      0.46875,
      0.53125,
      0.625,
      0.5625,
      0.46875
    ],
    "mean_accuracy": 0.53125,
    "std_accuracy": 0.05929270612815711,
    "mean_balanced_accuracy": 0.53125,
    "std_balanced_accuracy": 0.05929270612815711
  },
  "9": {
    "accuracies": [
      0.5,
      0.46875,
      0.46875,
      0.53125,
      0.5
    ],
    "balanced_accuracies": [
      0.5,
      0.46875,
      0.46875,
      0.53125,
      0.5
    ],
    "mean_accuracy": 0.49375,
    "std_accuracy": 0.023385358667337135,
    "mean_balanced_accuracy": 0.49375,
    "std_balanced_accuracy": 0.023385358667337135
  }
}