{
  "mean_accuracy": 0.7596899224806203,
  "std_accuracy": 0.10142750143174749,
  "mean_balanced_accuracy": 0.758893280632411,
  "std_balanced_accuracy": 0.1025338809882353,
  "mean_roc_auc": null,
  "std_roc_auc": null,
  "n_subjects": 7,
  "n_folds_total": 7
}