{
  "51": {
    "accuracies": [
      0.625,
      0.675,
      0.7,
      0.625,
      0.725
    ],
    "balanced_accuracies": [
      0.625,
      0.6749999999999999,
      0.7,
      0.625,
      0.725
    ],
    "roc_aucs": [
      null,
      null,
      null,
      null,
      null
    ],
    "mean_accuracy": 0.67,
    "std_accuracy": 0.03999999999999999,
    "mean_balanced_accuracy": 0.67,
    "std_balanced_accuracy": 0.03999999999999999,
    "mean_roc_auc": null,
    "std_roc_auc": null
  }
}