{
  "n_folds": 45,
  "collapse_rate": 0.022222222222222223,
  "mean_collapse_ratio": 0.7037037066666667,
  "mean_spatial_delta_l2": 0.0,
  "mean_spatial_relative_delta": 0.0,
  "spatial_changed_rate": 0.0,
  "mean_confidence": 0.536511652,
  "mean_normalized_prediction_entropy": 0.9941227615555553
}