subject_id,channel_index,channel_name,mean_abs_weight,std_abs_weight,mean_signed_weight,mean_l2_weight,n_fold_values,mean_collapse_ratio,collapse_rate,mean_spatial_relative_delta
1,4,F4,0.140376342,0.036079532364067156,0.004053252,0.15774215,5,0.75,0.2,0.557840016
1,21,Pz,0.14005095,0.011570438756652663,0.015944172,0.147049192,5,0.75,0.2,0.557840016
1,19,TP7,0.13003989,0.03929348802119188,-0.10069278200000001,0.14701662399999998,5,0.75,0.2,0.557840016
1,28,O2,0.12756523400000003,0.011745881457054639,-0.035465826,0.138849742,5,0.75,0.2,0.557840016
1,15,T3,0.115862626,0.036511705599325,0.11529004999999999,0.125321562,5,0.75,0.2,0.557840016
1,27,O1,0.115163346,0.02612170102018396,0.060239261999999995,0.125425558,5,0.75,0.2,0.557840016
1,22,P3,0.11491715200000001,0.015734510618564533,0.098110352,0.146814098,5,0.75,0.2,0.557840016
1,16,T4,0.114524512,0.017803968542659813,-0.031778314,0.140236338,5,0.75,0.2,0.557840016
1,18,CP4,0.112899424,0.04051481499628845,0.05352053400000001,0.124673276,5,0.75,0.2,0.557840016
1,7,FCz,0.10857422000000001,0.028045295938603502,0.10478502599999999,0.126590614,5,0.75,0.2,0.557840016
1,14,C4,0.10661769400000001,0.03553350445769851,-0.086991546,0.122012024,5,0.75,0.2,0.557840016
1,0,Fp1,0.10559444600000001,0.017086710345289705,-0.085403032,0.11496774800000001,5,0.75,0.2,0.557840016
1,12,Cz,0.10130899200000001,0.03240426676889202,0.086229416,0.11564746399999999,5,0.75,0.2,0.557840016
1,9,FC4,0.098190416,0.04356412693729418,-0.02009591,0.11086248000000001,5,0.75,0.2,0.557840016
1,17,CP3,0.095086144,0.02895636605731251,0.023851514,0.11911330599999999,5,0.75,0.2,0.557840016
1,5,F7,0.09379784799999999,0.011583726527871763,0.09230906,0.11886828999999999,5,0.75,0.2,0.557840016
1,20,TP8,0.09073241400000001,0.019257169972452595,-0.052888774000000006,0.110464378,5,0.75,0.2,0.557840016
1,3,F3,0.089161044,0.014753758025702468,0.026695166,0.10525577800000001,5,0.75,0.2,0.557840016
1,23,P4,0.084867278,0.018779937930306634,-0.048508944,0.102357328,5,0.75,0.2,0.557840016
1,24,T5,0.083435416,0.021814024300143016,0.011275990000000001,0.09196551,5,0.75,0.2,0.557840016
1,13,C3,0.07595297,0.029391520395073988,0.029033781999999998,0.081992244,5,0.75,0.2,0.557840016
1,1,Fp2,0.074552804,0.008593914077996126,0.053130069999999995,0.08609386599999999,5,0.75,0.2,0.557840016
1,26,Oz,0.070342132,0.014979979361431708,0.03347639,0.079035188,5,0.75,0.2,0.557840016
1,10,FT7,0.06589809799999999,0.021010552768703398,-0.01747315,0.07446019200000001,5,0.75,0.2,0.557840016
1,6,F8,0.06329832399999999,0.025479191083553458,-0.045603632,0.071166272,5,0.75,0.2,0.557840016
1,2,Fz,0.062788378,0.03549546975820041,-0.043606756,0.072478032,5,0.75,0.2,0.557840016
1,11,FT8,0.05748207400000001,0.01795106609665788,-0.011237156,0.070183048,5,0.75,0.2,0.557840016
1,8,FC3,0.054126888,0.025957201325913778,-0.017920852,0.06207235,5,0.75,0.2,0.557840016
1,25,T6,0.050760778000000006,0.01896963862634763,-0.034751540000000004,0.060737926,5,0.75,0.2,0.557840016
10,21,Pz,0.140072138,0.018942949996088775,-0.005475081999999999,0.143695664,5,0.825,0.6,0.25846941
10,22,P3,0.139112954,0.04322520108456154,0.129336442,0.148356734,5,0.825,0.6,0.25846941
10,28,O2,0.134840862,0.015214392399074635,-0.017901364,0.138589928,5,0.825,0.6,0.25846941
10,17,CP3,0.12473426000000001,0.007945574895735988,0.033894212,0.14115530999999998,5,0.825,0.6,0.25846941
10,15,T3,0.116392432,0.016893835563692162,0.116392432,0.122999978,5,0.825,0.6,0.25846941
10,0,Fp1,0.11449150599999999,0.0069714537145225295,-0.09974118000000001,0.12881968800000002,5,0.825,0.6,0.25846941
10,2,Fz,0.11437860600000001,0.017232557706059776,-0.110774882,0.126446634,5,0.825,0.6,0.25846941
10,16,T4,0.11436028999999999,0.011759095603361682,0.013060051999999999,0.129423642,5,0.825,0.6,0.25846941
10,27,O1,0.114044638,0.010864322602869445,0.036913457999999996,0.128192098,5,0.825,0.6,0.25846941
10,13,C3,0.11068466799999999,0.030071021662773107,0.07974076599999999,0.122648142,5,0.825,0.6,0.25846941
10,23,P4,0.110027052,0.012588904562862888,-0.085505404,0.11855820800000001,5,0.825,0.6,0.25846941
10,18,CP4,0.10028234,0.01433252367129565,0.031587498000000006,0.11388543800000002,5,0.825,0.6,0.25846941
10,14,C4,0.09663909799999999,0.018543188903929655,-0.07158060799999999,0.10997167599999999,5,0.825,0.6,0.25846941
10,3,F3,0.09102321199999999,0.007187560709779779,0.03314029,0.10107561400000001,5,0.825,0.6,0.25846941
10,4,F4,0.09038169199999999,0.009648144779187861,0.013230628,0.101014924,5,0.825,0.6,0.25846941
10,5,F7,0.09009787799999999,0.011690765585515347,0.08850157,0.103342886,5,0.825,0.6,0.25846941
10,10,FT7,0.088958744,0.0029192819205123006,-0.04413658,0.10295548000000002,5,0.825,0.6,0.25846941
10,19,TP7,0.08811053399999999,0.005481988271296285,-0.02882886,0.102341032,5,0.825,0.6,0.25846941
10,20,TP8,0.087847836,0.006074803151714465,-0.044197176,0.10758919200000001,5,0.825,0.6,0.25846941
10,25,T6,0.087512118,0.021514923847712548,-0.050387669999999996,0.098177712,5,0.825,0.6,0.25846941
10,24,T5,0.082315788,0.034346332105969775,0.056481866000000006,0.094176566,5,0.825,0.6,0.25846941
10,11,FT8,0.080408292,0.003859225987652191,-0.004990278000000001,0.095197778,5,0.825,0.6,0.25846941
10,7,FCz,0.078406818,0.02950824941913566,0.074344864,0.08915702,5,0.825,0.6,0.25846941
10,26,Oz,0.077344572,0.0028016505195634224,0.045114126,0.085437436,5,0.825,0.6,0.25846941
10,1,Fp2,0.07678750599999999,0.005138081687164969,0.06277756,0.091543556,5,0.825,0.6,0.25846941
10,12,Cz,0.071153568,0.00875806065944796,0.047024676,0.08605281000000001,5,0.825,0.6,0.25846941
10,6,F8,0.066979418,0.014263160229853343,-0.0009013299999999994,0.076590386,5,0.825,0.6,0.25846941
10,9,FC4,0.06333312199999999,0.008904012548495762,-0.04413186,0.08331581,5,0.825,0.6,0.25846941
10,8,FC3,0.042318813999999996,0.018348466781361598,0.016609409999999998,0.047196764,5,0.825,0.6,0.25846941
11,28,O2,0.155726046,0.015972123257395363,-0.033952909999999996,0.160849498,5,0.85,0.6,0.183657458
11,21,Pz,0.1397736,0.023145660236540026,-0.0015930940000000002,0.14270738600000002,5,0.85,0.6,0.183657458
11,16,T4,0.131378872,0.01360220052812302,0.0016225739999999999,0.14546288000000002,5,0.85,0.6,0.183657458
11,18,CP4,0.12793057800000002,0.023160003890765436,0.053492147999999996,0.14192120400000002,5,0.85,0.6,0.183657458
11,17,CP3,0.121793764,0.014230623528880595,0.031646681999999995,0.138699738,5,0.85,0.6,0.183657458
11,13,C3,0.115192228,0.0047081601271643245,0.065673964,0.124248128,5,0.85,0.6,0.183657458
11,15,T3,0.11050939200000001,0.022905680815105023,0.10263691,0.11668206399999999,5,0.85,0.6,0.183657458
11,23,P4,0.10807264800000001,0.006410037318383566,-0.085331026,0.116935276,5,0.85,0.6,0.183657458
11,27,O1,0.10717125400000001,0.02017339918608488,0.0477243,0.117728896,5,0.85,0.6,0.183657458
11,22,P3,0.106056482,0.008210140461031709,0.10102182200000001,0.11831635200000001,5,0.85,0.6,0.183657458
11,2,Fz,0.10494852400000002,0.014860395743826277,-0.10157020800000001,0.115479148,5,0.85,0.6,0.183657458
11,7,FCz,0.10147534600000001,0.015906534764235425,0.098985812,0.11310121399999999,5,0.85,0.6,0.183657458
11,4,F4,0.099741214,0.005980279119500191,0.020797684,0.10732750399999999,5,0.85,0.6,0.183657458
11,24,T5,0.09826613,0.009855659779301943,0.06714215800000001,0.10732334400000001,5,0.85,0.6,0.183657458
11,11,FT8,0.09790985399999999,0.026812649806255258,0.013339177999999998,0.11306668,5,0.85,0.6,0.183657458
11,0,Fp1,0.09522836,0.021749542926216864,-0.082729334,0.10630172600000001,5,0.85,0.6,0.183657458
11,10,FT7,0.093402422,0.01352171824890868,-0.056361824000000005,0.110037474,5,0.85,0.6,0.183657458
11,12,Cz,0.087497032,0.015081414878868956,0.08700457,0.099438178,5,0.85,0.6,0.183657458
11,19,TP7,0.086405634,0.0035772458678052866,-0.016377152,0.09690260399999999,5,0.85,0.6,0.183657458
11,20,TP8,0.08597518800000001,0.005455578600310877,-0.054491968,0.10164996600000001,5,0.85,0.6,0.183657458
11,3,F3,0.08473644,0.005309229224934632,0.02444998,0.092056712,5,0.85,0.6,0.183657458
11,14,C4,0.08186051000000001,0.005416971169629762,-0.063969378,0.089930482,5,0.85,0.6,0.183657458
11,25,T6,0.07959659999999999,0.01591425963493904,-0.048353496,0.09033226400000001,5,0.85,0.6,0.183657458
11,5,F7,0.074309388,0.013837042713306555,0.071958756,0.09377766600000001,5,0.85,0.6,0.183657458
11,1,Fp2,0.07348573,0.005668532845221062,0.057289436000000006,0.096502404,5,0.85,0.6,0.183657458
11,26,Oz,0.07255305399999999,0.009251248186730267,0.031368648,0.077631936,5,0.85,0.6,0.183657458
11,6,F8,0.06544311,0.01687525438302635,-0.026471559999999998,0.066282406,5,0.85,0.6,0.183657458
11,9,FC4,0.053438547999999995,0.0128258710811847,-0.040436252,0.071877386,5,0.85,0.6,0.183657458
11,8,FC3,0.041520124000000005,0.014999165436921149,-0.011451768,0.050369764000000004,5,0.85,0.6,0.183657458
12,21,Pz,0.154152,0.0020587226059744024,0.012079496,0.155277828,5,1.0,1.0,0.054650196
12,28,O2,0.14482959,0.0009133619481618487,-0.019501506,0.14698941799999998,5,1.0,1.0,0.054650196
12,15,T3,0.12446080600000001,0.004079224260288953,0.12446080600000001,0.12982914,5,1.0,1.0,0.054650196
12,17,CP3,0.123533512,0.004476107030598129,0.030290002,0.14165555,5,1.0,1.0,0.054650196
12,16,T4,0.120580102,0.0033796519857627353,0.012927134000000002,0.13364707199999998,5,1.0,1.0,0.054650196
12,27,O1,0.1204629,0.002575945238616303,0.053082514000000004,0.13023221000000001,5,1.0,1.0,0.054650196
12,18,CP4,0.115061916,0.009163895666324454,0.03332226,0.133083916,5,1.0,1.0,0.054650196
12,13,C3,0.113812634,0.002587678481647208,0.0688929,0.11577400600000001,5,1.0,1.0,0.054650196
12,0,Fp1,0.107190034,0.005248878567044582,-0.093110658,0.11939939800000002,5,1.0,1.0,0.054650196
12,23,P4,0.101810048,0.006935472871669964,-0.090691626,0.114139886,5,1.0,1.0,0.054650196
12,7,FCz,0.10119585,0.005823103662223437,0.10119585,0.115973886,5,1.0,1.0,0.054650196
12,24,T5,0.10104807,0.009282250952691917,0.06896232599999999,0.11056240799999999,5,1.0,1.0,0.054650196
12,22,P3,0.099544688,0.018210219584559383,0.099544688,0.109051804,5,1.0,1.0,0.054650196
12,4,F4,0.0994125,0.003447942511310185,0.012128799999999999,0.110093474,5,1.0,1.0,0.054650196
12,2,Fz,0.098609066,0.011337256675815801,-0.094453922,0.112099206,5,1.0,1.0,0.054650196
12,20,TP8,0.094837698,0.011713243841236724,-0.059459732,0.114101754,5,1.0,1.0,0.054650196
12,10,FT7,0.08981779,0.0027975643158379753,-0.063335114,0.10490708600000001,5,1.0,1.0,0.054650196
12,14,C4,0.088377122,0.005226712936571133,-0.07246036,0.098128706,5,1.0,1.0,0.054650196
12,3,F3,0.088239252,0.0014985114410207194,0.026060772,0.095149204,5,1.0,1.0,0.054650196
12,5,F7,0.08592014,0.0032174501400565676,0.08061512800000001,0.098458632,5,1.0,1.0,0.054650196
12,11,FT8,0.084564322,0.009176903486164059,-0.007700386000000001,0.100282752,5,1.0,1.0,0.054650196
12,19,TP7,0.083634556,0.0016018667413926818,-0.024879612000000002,0.09487277000000001,5,1.0,1.0,0.054650196
12,12,Cz,0.07920164599999999,0.004564237947196659,0.07456151600000001,0.09438806,5,1.0,1.0,0.054650196
12,1,Fp2,0.078264884,0.0007510678173307643,0.061612244000000004,0.09587110600000001,5,1.0,1.0,0.054650196
12,26,Oz,0.078146094,0.00030432111252754244,0.042256392,0.08257099,5,1.0,1.0,0.054650196
12,25,T6,0.076742622,0.00953162498119655,-0.05635108800000001,0.08694838,5,1.0,1.0,0.054650196
12,6,F8,0.074832526,0.004909920272548225,-0.026213137999999997,0.076288266,5,1.0,1.0,0.054650196
12,9,FC4,0.060573086,0.006073106885682977,-0.05990498200000001,0.078379638,5,1.0,1.0,0.054650196
12,8,FC3,0.030479225999999998,0.0009323436520296588,0.002979312,0.037279629999999994,5,1.0,1.0,0.054650196
13,28,O2,0.160442908,0.02482162853126825,-0.016370362,0.164080434,5,0.825,0.4,0.206766016
13,21,Pz,0.15354525800000002,0.002742892142514902,0.007629606,0.15757901400000002,5,0.825,0.4,0.206766016
13,15,T3,0.122666554,0.016925849644943383,0.122666554,0.12885344,5,0.825,0.4,0.206766016
13,7,FCz,0.12112908600000001,0.03272434804244509,0.12112908600000001,0.134082344,5,0.825,0.4,0.206766016
13,16,T4,0.12071769400000001,0.010162471516251844,0.0031552079999999996,0.135231708,5,0.825,0.4,0.206766016
13,27,O1,0.120584238,0.004003581010547935,0.055256544,0.133544616,5,0.825,0.4,0.206766016
13,22,P3,0.1205576,0.016328371162017363,0.1205576,0.136175074,5,0.825,0.4,0.206766016
13,18,CP4,0.111689026,0.002091364450790438,0.032887536,0.127516724,5,0.825,0.4,0.206766016
13,2,Fz,0.11133293200000001,0.009151962308626494,-0.094542756,0.122482428,5,0.825,0.4,0.206766016
13,13,C3,0.11033381,0.014837262225934742,0.071844982,0.113070096,5,0.825,0.4,0.206766016
13,0,Fp1,0.107251264,0.005809151583129848,-0.093702616,0.1251832,5,0.825,0.4,0.206766016
13,23,P4,0.10374619599999998,0.01263030357291265,-0.08271933000000001,0.11573964,5,0.825,0.4,0.206766016
13,17,CP3,0.099022922,0.03327963584005646,0.021484127999999998,0.11535587399999998,5,0.825,0.4,0.206766016
13,24,T5,0.098338976,0.028769932069960296,0.06696162800000001,0.110571214,5,0.825,0.4,0.206766016
13,4,F4,0.095141684,0.007914980820749349,0.019747208,0.10372314,5,0.825,0.4,0.206766016
13,20,TP8,0.094786536,0.012574219392410806,-0.055845936,0.11584851999999998,5,0.825,0.4,0.206766016
13,14,C4,0.09188579799999999,0.010461177103236042,-0.07877635599999999,0.10593306799999999,5,0.825,0.4,0.206766016
13,10,FT7,0.090113534,0.0015964952675407455,-0.057432948,0.102230428,5,0.825,0.4,0.206766016
13,25,T6,0.084143732,0.013926074298874394,-0.052073263999999994,0.09531748599999999,5,0.825,0.4,0.206766016
13,5,F7,0.08385941999999999,0.005180349187385923,0.076154994,0.096114608,5,0.825,0.4,0.206766016
13,1,Fp2,0.08304634200000001,0.007330504440072321,0.070481896,0.097984136,5,0.825,0.4,0.206766016
13,19,TP7,0.082318578,0.0037790237212632044,-0.027051954,0.092175664,5,0.825,0.4,0.206766016
13,12,Cz,0.076024902,0.003783018353454023,0.075604662,0.08795281,5,0.825,0.4,0.206766016
13,11,FT8,0.075815054,0.0055375831198484025,-0.005402938,0.09101418,5,0.825,0.4,0.206766016
13,3,F3,0.074732382,0.017840389880342297,0.006708146000000001,0.08830752,5,0.825,0.4,0.206766016
13,6,F8,0.070624822,0.01617808564457396,-0.026542824,0.07639926999999999,5,0.825,0.4,0.206766016
13,26,Oz,0.070461886,0.008708704052672248,0.034895914,0.075634702,5,0.825,0.4,0.206766016
13,9,FC4,0.057843196,0.0006064744544743844,-0.057701358,0.080280062,5,0.825,0.4,0.206766016
13,8,FC3,0.033949412,0.00406317780999921,0.007078862,0.040615892,5,0.825,0.4,0.206766016
14,13,C3,0.142430466,0.0297368006054372,0.09155385,0.156536658,5,0.75,0.2,0.60709064
14,21,Pz,0.141795008,0.041535643729887835,0.026835912,0.14982162400000001,5,0.75,0.2,0.60709064
14,28,O2,0.13211251200000002,0.05024986787258221,-0.031384862,0.147733608,5,0.75,0.2,0.60709064
14,27,O1,0.130885256,0.020989817384920957,0.026580836000000004,0.139839246,5,0.75,0.2,0.60709064
14,20,TP8,0.12003298600000001,0.04877611207437899,-0.106083772,0.133873666,5,0.75,0.2,0.60709064
14,22,P3,0.11969928599999999,0.02014671373690335,0.076128434,0.13249379,5,0.75,0.2,0.60709064
14,16,T4,0.118019226,0.005650772059756973,0.057912066,0.134555602,5,0.75,0.2,0.60709064
14,18,CP4,0.117952308,0.025386914596635606,0.060483962,0.132676354,5,0.75,0.2,0.60709064
14,17,CP3,0.11379355800000002,0.015652144464704185,0.004522467999999997,0.137816312,5,0.75,0.2,0.60709064
14,19,TP7,0.10364003799999999,0.018870546280109916,-0.07769024799999999,0.12563693599999998,5,0.75,0.2,0.60709064
14,15,T3,0.10294113600000002,0.024519533968654052,0.089803938,0.11357502,5,0.75,0.2,0.60709064
14,4,F4,0.10236891000000001,0.016760704750791357,0.033771195999999996,0.11881813999999999,5,0.75,0.2,0.60709064
14,26,Oz,0.097532916,0.040557714787183584,0.078098168,0.120724494,5,0.75,0.2,0.60709064
14,14,C4,0.095954004,0.04213702714144093,-0.077869946,0.107149164,5,0.75,0.2,0.60709064
14,23,P4,0.09451996,0.020430035636928044,-0.08015192,0.10604251,5,0.75,0.2,0.60709064
14,11,FT8,0.08989657399999999,0.023413843124895792,-0.045496207999999996,0.10468971199999999,5,0.75,0.2,0.60709064
14,25,T6,0.089443698,0.01033956029363773,0.034072932,0.101246486,5,0.75,0.2,0.60709064
14,12,Cz,0.08722809200000001,0.03101271036418891,0.037563336,0.10444575600000001,5,0.75,0.2,0.60709064
14,5,F7,0.082646462,0.013960609198450834,0.081418632,0.094039966,5,0.75,0.2,0.60709064
14,7,FCz,0.081175578,0.021263746676716454,0.077875198,0.095561878,5,0.75,0.2,0.60709064
14,2,Fz,0.076286216,0.02221999832228459,-0.047675367999999996,0.08763359200000001,5,0.75,0.2,0.60709064
14,0,Fp1,0.074327228,0.03026859828309646,-0.05986579400000001,0.086727378,5,0.75,0.2,0.60709064
14,3,F3,0.073060982,0.014804194505798684,0.039242978,0.08097066,5,0.75,0.2,0.60709064
14,9,FC4,0.070823946,0.017145050217126225,-0.055141697999999996,0.083473656,5,0.75,0.2,0.60709064
14,8,FC3,0.070399552,0.03682744521230966,-0.019915378,0.08590530399999999,5,0.75,0.2,0.60709064
14,24,T5,0.067067602,0.03285374805894861,0.030198012000000003,0.079488742,5,0.75,0.2,0.60709064
14,10,FT7,0.0561369,0.02941518545566303,-0.031256034,0.067682766,5,0.75,0.2,0.60709064
14,6,F8,0.050595068,0.01937580811193226,-0.015180532,0.055158427999999995,5,0.75,0.2,0.60709064
14,1,Fp2,0.047526780000000005,0.028910756645687263,0.030389075999999998,0.056189716,5,0.75,0.2,0.60709064
15,15,T3,0.14217146,0.0325111245398379,0.13973560000000002,0.153419494,5,0.7,0.4,0.47742531
15,21,Pz,0.127405368,0.030024290153235433,-0.023463196,0.13271709,5,0.7,0.4,0.47742531
15,13,C3,0.127343882,0.03556759157714745,0.110095634,0.14191833,5,0.7,0.4,0.47742531
15,17,CP3,0.12527866999999998,0.037958496430491685,0.05629970200000001,0.142447662,5,0.7,0.4,0.47742531
15,28,O2,0.12480767,0.021124208386470958,0.034245894,0.132906298,5,0.7,0.4,0.47742531
15,0,Fp1,0.118362682,0.018015216242611966,-0.09429644000000001,0.129825696,5,0.7,0.4,0.47742531
15,24,T5,0.112401572,0.03846372756646605,0.077299784,0.12275915600000001,5,0.7,0.4,0.47742531
15,16,T4,0.105112958,0.02406796633704581,0.0006066600000000005,0.121826776,5,0.7,0.4,0.47742531
15,20,TP8,0.100695716,0.026228776984469366,-0.088538692,0.122931524,5,0.7,0.4,0.47742531
15,14,C4,0.097361714,0.02134756366039765,-0.086544226,0.10673644,5,0.7,0.4,0.47742531
15,10,FT7,0.096648384,0.013828336654846816,-0.076407384,0.11201304999999999,5,0.7,0.4,0.47742531
15,27,O1,0.092307106,0.02752635085188791,0.002766300000000002,0.102827148,5,0.7,0.4,0.47742531
15,22,P3,0.091908484,0.019636986702430446,0.08071250599999999,0.09889312,5,0.7,0.4,0.47742531
15,3,F3,0.091714958,0.016725211439179776,0.011429366000000002,0.101318664,5,0.7,0.4,0.47742531
15,18,CP4,0.086671024,0.026412152089082593,-0.002213161999999999,0.10384248599999998,5,0.7,0.4,0.47742531
15,23,P4,0.085104818,0.02293481795234856,-0.04721019,0.09549673,5,0.7,0.4,0.47742531
15,4,F4,0.08466435400000001,0.01222956262764658,0.026898288000000003,0.095889054,5,0.7,0.4,0.47742531
15,2,Fz,0.08456060800000001,0.03046985784662065,-0.080684828,0.09660317199999999,5,0.7,0.4,0.47742531
15,12,Cz,0.083425708,0.01952607975284388,0.082797046,0.09664777,5,0.7,0.4,0.47742531
15,5,F7,0.083402758,0.014937121021633318,0.07196918199999999,0.09547034800000001,5,0.7,0.4,0.47742531
15,19,TP7,0.08182881,0.014535645176740527,-0.036273858,0.093098342,5,0.7,0.4,0.47742531
15,26,Oz,0.08068796,0.014049373462943111,0.049223476,0.08386128000000001,5,0.7,0.4,0.47742531
15,25,T6,0.07581974799999999,0.015753539169087373,-0.062681732,0.090323172,5,0.7,0.4,0.47742531
15,11,FT8,0.074618122,0.012782887249826227,0.025465578,0.089092346,5,0.7,0.4,0.47742531
15,7,FCz,0.07351813,0.03248186401531245,0.058387022,0.087209838,5,0.7,0.4,0.47742531
15,8,FC3,0.073231746,0.06934844183336515,0.058197151999999995,0.079985796,5,0.7,0.4,0.47742531
15,1,Fp2,0.072744146,0.018965680766870194,0.014860115999999998,0.086530954,5,0.7,0.4,0.47742531
15,6,F8,0.07043807799999999,0.03532497904954822,0.0037146500000000008,0.07849324799999999,5,0.7,0.4,0.47742531
15,9,FC4,0.066373242,0.019713502631086892,-0.037600574,0.0840623,5,0.7,0.4,0.47742531
16,21,Pz,0.15922509,0.014057015279324054,0.008152042,0.15954982,5,0.875,0.6,0.06009234
16,28,O2,0.1418148,0.004488839747969396,-0.018809278000000002,0.144181012,5,0.875,0.6,0.06009234
16,15,T3,0.12589329600000002,0.0010359247697250887,0.12589329600000002,0.13141039999999998,5,0.875,0.6,0.06009234
16,17,CP3,0.119807402,0.003247055469886527,0.034157958,0.139314764,5,0.875,0.6,0.06009234
16,27,O1,0.11919466000000001,0.005570482068313296,0.049996404,0.130386412,5,0.875,0.6,0.06009234
16,16,T4,0.11756196599999999,0.009996635475672795,0.019835684,0.13010896,5,0.875,0.6,0.06009234
16,13,C3,0.113482522,0.0027018921577979392,0.07008416199999999,0.11722798999999999,5,0.875,0.6,0.06009234
16,0,Fp1,0.109453402,0.00043853445539660327,-0.093135398,0.12147110800000001,5,0.875,0.6,0.06009234
16,18,CP4,0.109194474,0.004584346768758877,0.031939395999999995,0.125084016,5,0.875,0.6,0.06009234
16,23,P4,0.10865391799999999,0.008295814207609158,-0.09217673,0.11977363199999999,5,0.875,0.6,0.06009234
16,22,P3,0.10706725800000001,0.0036147140190642994,0.10706725800000001,0.116942794,5,0.875,0.6,0.06009234
16,2,Fz,0.10551227199999999,0.0016991898399296116,-0.100984498,0.119062476,5,0.875,0.6,0.06009234
16,24,T5,0.103549276,0.004101907821645925,0.071389426,0.11177256799999999,5,0.875,0.6,0.06009234
16,4,F4,0.09685001,0.0021188524623130334,0.013023331999999999,0.10660325600000001,5,0.875,0.6,0.06009234
16,7,FCz,0.09609154,0.0050694298124789134,0.09609154,0.11042824799999999,5,0.875,0.6,0.06009234
16,20,TP8,0.093028124,0.007166398487310761,-0.055733856000000005,0.110035462,5,0.875,0.6,0.06009234
16,10,FT7,0.092040156,0.002304991416378814,-0.060134604,0.10521290400000001,5,0.875,0.6,0.06009234
16,14,C4,0.089068912,0.008173020826779408,-0.06952218,0.098035338,5,0.875,0.6,0.06009234
16,3,F3,0.08673508399999999,0.002012680445669404,0.02623994,0.093737074,5,0.875,0.6,0.06009234
16,19,TP7,0.0864843,0.0033371470320694573,-0.022705738,0.09701462400000001,5,0.875,0.6,0.06009234
16,5,F7,0.085605692,0.003894534572560627,0.08337122599999999,0.098536688,5,0.875,0.6,0.06009234
16,11,FT8,0.082415956,0.0066862269360028455,-0.005163182,0.100085444,5,0.875,0.6,0.06009234
16,6,F8,0.081104338,0.007911673528231564,-0.030311654,0.082358736,5,0.875,0.6,0.06009234
16,1,Fp2,0.07699511,0.0021866344471927622,0.057624964,0.09328900999999999,5,0.875,0.6,0.06009234
16,25,T6,0.076823634,0.008078114789685153,-0.05791613599999999,0.08890526600000001,5,0.875,0.6,0.06009234
16,12,Cz,0.07636319,0.0009561008260638609,0.075291516,0.091620038,5,0.875,0.6,0.06009234
16,26,Oz,0.075748698,0.00440366637147616,0.044811246,0.0799841,5,0.875,0.6,0.06009234
16,9,FC4,0.055896612,0.005013224121408296,-0.04924102,0.073795232,5,0.875,0.6,0.06009234
16,8,FC3,0.034753736,0.008618446787622466,0.0023454739999999997,0.041873236,5,0.875,0.6,0.06009234
17,28,O2,0.132762822,0.031932716604742076,-0.013502282,0.136567748,5,0.725,0.2,0.281808722
17,21,Pz,0.132755632,0.030082515282944176,-0.009979432,0.13744528,5,0.725,0.2,0.281808722
17,18,CP4,0.131189812,0.04118189989929702,0.07038883,0.15192742799999998,5,0.725,0.2,0.281808722
17,17,CP3,0.12720147799999998,0.025130163286627684,0.0386114,0.14445355599999998,5,0.725,0.2,0.281808722
17,13,C3,0.12290428,0.009850592476985833,0.074433536,0.127138706,5,0.725,0.2,0.281808722
17,15,T3,0.120642212,0.026378493230242887,0.120642212,0.129202058,5,0.725,0.2,0.281808722
17,22,P3,0.11758116,0.02329624332756571,0.11362495800000001,0.13328140400000002,5,0.725,0.2,0.281808722
17,24,T5,0.11204802,0.010162591057877418,0.057682836,0.118070198,5,0.725,0.2,0.281808722
17,14,C4,0.11137684,0.07491267770021473,-0.103787296,0.124541656,5,0.725,0.2,0.281808722
17,2,Fz,0.108371324,0.005669557606994575,-0.096826022,0.12365619000000001,5,0.725,0.2,0.281808722
17,16,T4,0.105397382,0.02849880750717686,0.01362256,0.119042538,5,0.725,0.2,0.281808722
17,27,O1,0.10452118800000001,0.01682105398837332,0.056260236000000005,0.114609052,5,0.725,0.2,0.281808722
17,7,FCz,0.099340086,0.008301808013934672,0.098492424,0.117444472,5,0.725,0.2,0.281808722
17,0,Fp1,0.098898296,0.01587145250078518,-0.093451644,0.11744275600000001,5,0.725,0.2,0.281808722
17,23,P4,0.096285242,0.00527554785197424,-0.091919466,0.10965480999999999,5,0.725,0.2,0.281808722
17,4,F4,0.09144703,0.01679511100372516,0.014547504,0.09959191,5,0.725,0.2,0.281808722
17,3,F3,0.089713638,0.004091501103796752,0.017163974000000002,0.095017804,5,0.725,0.2,0.281808722
17,10,FT7,0.085315322,0.014765989926055415,-0.063023536,0.10421153400000001,5,0.725,0.2,0.281808722
17,20,TP8,0.08478746,0.014690124264939012,-0.059908607999999995,0.10167640600000001,5,0.725,0.2,0.281808722
17,1,Fp2,0.084781912,0.007144483432206273,0.05593284,0.09672096,5,0.725,0.2,0.281808722
17,12,Cz,0.083334262,0.005272402778399047,0.075637022,0.096386368,5,0.725,0.2,0.281808722
17,25,T6,0.076605496,0.013146923364857272,-0.05659087,0.085737192,5,0.725,0.2,0.281808722
17,26,Oz,0.07349235400000001,0.008957960457561196,0.023967653999999998,0.079258492,5,0.725,0.2,0.281808722
17,6,F8,0.07301981399999999,0.009424174384402594,-0.006047496000000001,0.079046266,5,0.725,0.2,0.281808722
17,11,FT8,0.071252914,0.020727033893206476,-0.006459670000000001,0.08549204,5,0.725,0.2,0.281808722
17,5,F7,0.071213276,0.016712783374074166,0.065624964,0.085879936,5,0.725,0.2,0.281808722
17,19,TP7,0.069008842,0.025335925486107073,-0.019891828,0.082071466,5,0.725,0.2,0.281808722
17,9,FC4,0.057240342,0.02291016316272693,-0.021479038,0.07604403400000001,5,0.725,0.2,0.281808722
17,8,FC3,0.046052658,0.03321335294031709,0.024834926,0.057209794,5,0.725,0.2,0.281808722
18,20,TP8,0.214561944,0.022589945728427045,0.151733616,0.233171564,5,0.525,0.0,1.2887684480000001
18,23,P4,0.208632058,0.02867967490519846,-0.154147334,0.21707572800000002,5,0.525,0.0,1.2887684480000001
18,7,FCz,0.196335864,0.10693739552584133,0.1716304,0.21051989799999998,5,0.525,0.0,1.2887684480000001
18,22,P3,0.14666742400000002,0.031024471533917866,0.09105248,0.184622502,5,0.525,0.0,1.2887684480000001
18,11,FT8,0.142550244,0.03606377041545407,-0.057783298,0.163366344,5,0.525,0.0,1.2887684480000001
18,26,Oz,0.13580398200000002,0.027386247791851115,-0.064410136,0.14450353,5,0.525,0.0,1.2887684480000001
18,15,T3,0.119241376,0.02017486025015366,0.097659398,0.128788646,5,0.525,0.0,1.2887684480000001
18,13,C3,0.11872084000000001,0.051007452093395626,-0.10729492600000001,0.13216193,5,0.525,0.0,1.2887684480000001
18,27,O1,0.111611062,0.020421787054823826,0.043526012,0.11682853600000001,5,0.525,0.0,1.2887684480000001
18,12,Cz,0.111458226,0.03621120052769971,-0.010484778,0.13175546200000002,5,0.525,0.0,1.2887684480000001
18,8,FC3,0.107576912,0.07249376296631263,0.012815196000000001,0.120011074,5,0.525,0.0,1.2887684480000001
18,17,CP3,0.09770088,0.027383755154258883,0.012438786000000002,0.116467352,5,0.525,0.0,1.2887684480000001
18,19,TP7,0.093321648,0.04260320313883124,-0.025108345999999997,0.10657857600000001,5,0.525,0.0,1.2887684480000001
18,24,T5,0.07976152,0.04262432626670597,-0.0035787600000000003,0.087219488,5,0.525,0.0,1.2887684480000001
18,3,F3,0.075713456,0.030197660908062567,-0.037489592,0.093134626,5,0.525,0.0,1.2887684480000001
18,2,Fz,0.074459752,0.03540201704404454,-0.055891166000000006,0.084392172,5,0.525,0.0,1.2887684480000001
18,28,O2,0.071123338,0.02288617199129575,0.014201663999999998,0.08143714399999999,5,0.525,0.0,1.2887684480000001
18,16,T4,0.067808582,0.02203031673767243,-0.050455884000000006,0.07920838999999999,5,0.525,0.0,1.2887684480000001
18,18,CP4,0.062181376,0.008576186213231965,0.041178924,0.07260456600000001,5,0.525,0.0,1.2887684480000001
18,4,F4,0.05843029200000001,0.026049821734916347,0.022304928,0.068339712,5,0.525,0.0,1.2887684480000001
18,9,FC4,0.051719218,0.017070969066647033,0.0047024239999999985,0.06030787,5,0.525,0.0,1.2887684480000001
18,14,C4,0.049001252,0.01673280127679971,0.014388134,0.060932182,5,0.525,0.0,1.2887684480000001
18,21,Pz,0.048544654,0.016193232772372227,0.00037945999999999954,0.06213634999999999,5,0.525,0.0,1.2887684480000001
18,6,F8,0.040518444,0.01221013181082948,-0.023449473999999998,0.052242252,5,0.525,0.0,1.2887684480000001
18,25,T6,0.032416486,0.014088420002744451,-0.011604510000000002,0.03952803,5,0.525,0.0,1.2887684480000001
18,10,FT7,0.032133256,0.008908030658272904,-0.004448062,0.037582517999999995,5,0.525,0.0,1.2887684480000001
18,5,F7,0.029411432000000005,0.012867696030714668,-0.0074120160000000004,0.037199128,5,0.525,0.0,1.2887684480000001
18,0,Fp1,0.021062988,0.004960855859841122,0.017775946,0.02560229,5,0.525,0.0,1.2887684480000001
18,1,Fp2,0.015597713999999999,0.001938365706576032,0.0043873539999999996,0.018175548,5,0.525,0.0,1.2887684480000001
19,21,Pz,0.165556804,0.026973775092914404,0.006372748,0.16703748000000002,5,0.875,0.6,0.14319022399999998
19,28,O2,0.136216,0.015305989895228926,-0.028203953999999996,0.142289302,5,0.875,0.6,0.14319022399999998
19,15,T3,0.130471176,0.011778991478693332,0.125603248,0.137415474,5,0.875,0.6,0.14319022399999998
19,17,CP3,0.128194706,0.017229397591514345,0.020920972,0.145498784,5,0.875,0.6,0.14319022399999998
19,16,T4,0.12555855600000002,0.005451043107629031,0.010272634,0.13721798600000001,5,0.875,0.6,0.14319022399999998
19,4,F4,0.113829574,0.03207715443086606,0.02632937,0.12489172,5,0.875,0.6,0.14319022399999998
19,27,O1,0.11356912599999999,0.02460441971469415,0.05064723,0.12421390799999998,5,0.875,0.6,0.14319022399999998
19,13,C3,0.11351520600000001,0.004266197620320703,0.069091826,0.11565592,5,0.875,0.6,0.14319022399999998
19,18,CP4,0.10966932,0.009316011567543265,0.04612248,0.12492541799999998,5,0.875,0.6,0.14319022399999998
19,2,Fz,0.109653348,0.0146369003971015,-0.104419336,0.12056903000000001,5,0.875,0.6,0.14319022399999998
19,0,Fp1,0.108874396,0.0073438692934705745,-0.095918304,0.121729584,5,0.875,0.6,0.14319022399999998
19,23,P4,0.099877672,0.009232458899779625,-0.08403491199999999,0.11381608800000001,5,0.875,0.6,0.14319022399999998
19,22,P3,0.09604441999999999,0.024503597369275185,0.09604441999999999,0.10705213799999999,5,0.875,0.6,0.14319022399999998
19,7,FCz,0.095991814,0.0106996608328269,0.095991814,0.108518496,5,0.875,0.6,0.14319022399999998
19,24,T5,0.09558442,0.01791431517655085,0.066489898,0.10597721,5,0.875,0.6,0.14319022399999998
19,10,FT7,0.090740558,0.003489999166865228,-0.058466818,0.103354056,5,0.875,0.6,0.14319022399999998
19,20,TP8,0.09068351999999999,0.005093994723510222,-0.05050475,0.106913984,5,0.875,0.6,0.14319022399999998
19,11,FT8,0.08559578999999999,0.01064240664570754,0.009207998,0.100490398,5,0.875,0.6,0.14319022399999998
19,5,F7,0.083068826,0.0024179030677696687,0.081647256,0.100518442,5,0.875,0.6,0.14319022399999998
19,3,F3,0.082795648,0.009266195310774536,0.028225692000000004,0.091147862,5,0.875,0.6,0.14319022399999998
19,19,TP7,0.08134598,0.005935032648827634,-0.025677912000000004,0.092552224,5,0.875,0.6,0.14319022399999998
19,14,C4,0.080474408,0.014744138828811605,-0.06399515800000001,0.093015422,5,0.875,0.6,0.14319022399999998
19,25,T6,0.08006963,0.007778410373771752,-0.052786714,0.091011338,5,0.875,0.6,0.14319022399999998
19,26,Oz,0.07489697399999999,0.00521043898733399,0.039776728,0.078591518,5,0.875,0.6,0.14319022399999998
19,6,F8,0.073040364,0.009743168222191895,-0.02729125,0.07512685399999999,5,0.875,0.6,0.14319022399999998
19,12,Cz,0.072322866,0.011406059659544129,0.07009595399999999,0.086804076,5,0.875,0.6,0.14319022399999998
19,1,Fp2,0.072124782,0.00885229424638438,0.060508335999999996,0.09086156,5,0.875,0.6,0.14319022399999998
19,9,FC4,0.062204148,0.011611751243622554,-0.060131536000000006,0.080367762,5,0.875,0.6,0.14319022399999998
19,8,FC3,0.028227654,0.006747808522100341,0.005965382,0.034240684,5,0.875,0.6,0.14319022399999998
2,17,CP3,0.147308476,0.05864816891474175,0.038144374,0.170480542,5,0.9,0.8,0.21196349999999997
2,15,T3,0.146240938,0.043385378077643505,0.126649756,0.151887122,5,0.9,0.8,0.21196349999999997
2,21,Pz,0.14442566399999998,0.019443047470303627,-0.0015581579999999994,0.14850974,5,0.9,0.8,0.21196349999999997
2,28,O2,0.13731045800000002,0.014864224591857126,-0.022194628,0.142251884,5,0.9,0.8,0.21196349999999997
2,13,C3,0.13059616599999999,0.03357685121824454,0.059059028,0.13244935200000002,5,0.9,0.8,0.21196349999999997
2,27,O1,0.116288064,0.011779372165819361,0.035122032000000004,0.13198442400000002,5,0.9,0.8,0.21196349999999997
2,16,T4,0.112503406,0.02141773381756763,0.008673306,0.125882302,5,0.9,0.8,0.21196349999999997
2,2,Fz,0.10947103600000001,0.011563596336284392,-0.102332728,0.125279438,5,0.9,0.8,0.21196349999999997
2,7,FCz,0.10532873400000001,0.013801581475516855,0.098459226,0.12481034399999999,5,0.9,0.8,0.21196349999999997
2,23,P4,0.102611656,0.004534786941293929,-0.069974706,0.113572312,5,0.9,0.8,0.21196349999999997
2,18,CP4,0.10018653200000001,0.025438433334992745,0.031146138,0.11718811200000001,5,0.9,0.8,0.21196349999999997
2,10,FT7,0.09988433,0.02146130884098172,-0.054731194000000004,0.111606872,5,0.9,0.8,0.21196349999999997
2,0,Fp1,0.099763228,0.02238505191457393,-0.08460374600000001,0.110214956,5,0.9,0.8,0.21196349999999997
2,24,T5,0.095450426,0.020298522781934895,0.05976513,0.10578805,5,0.9,0.8,0.21196349999999997
2,22,P3,0.094840666,0.030152005562154235,0.084212282,0.10558014600000001,5,0.9,0.8,0.21196349999999997
2,4,F4,0.088369854,0.020356060902712244,0.019879920000000002,0.103835058,5,0.9,0.8,0.21196349999999997
2,5,F7,0.084479132,0.0005298136679248657,0.07462833399999999,0.097916238,5,0.9,0.8,0.21196349999999997
2,14,C4,0.083579236,0.003957499915682878,-0.054662345999999994,0.092823988,5,0.9,0.8,0.21196349999999997
2,20,TP8,0.08346047,0.013921858398980004,-0.050725808,0.09990750200000001,5,0.9,0.8,0.21196349999999997
2,25,T6,0.081912446,0.002746616013794065,-0.036643904,0.095558806,5,0.9,0.8,0.21196349999999997
2,12,Cz,0.08160757199999999,0.010255140446233291,0.06299511799999999,0.099003238,5,0.9,0.8,0.21196349999999997
2,3,F3,0.07848177,0.020075402080384344,0.026916422000000002,0.08856999,5,0.9,0.8,0.21196349999999997
2,6,F8,0.077833974,0.0002463837012263638,-0.018424304,0.080508696,5,0.9,0.8,0.21196349999999997
2,19,TP7,0.07361477000000001,0.023921137642379183,-0.018229264000000002,0.083590304,5,0.9,0.8,0.21196349999999997
2,26,Oz,0.07212981,0.011439566458963817,0.033408472,0.074909508,5,0.9,0.8,0.21196349999999997
2,11,FT8,0.071734748,0.020260105598458013,-0.003610514,0.086602404,5,0.9,0.8,0.21196349999999997
2,1,Fp2,0.06958704800000001,0.017144239495635843,0.052053572000000006,0.083748874,5,0.9,0.8,0.21196349999999997
2,9,FC4,0.058067188000000006,0.0011730470813100355,-0.05119001199999999,0.074438012,5,0.9,0.8,0.21196349999999997
2,8,FC3,0.028138752,0.005915443392491387,0.004348604000000001,0.033846747999999996,5,0.9,0.8,0.21196349999999997
20,21,Pz,0.155830092,0.0032778254703034484,-0.009282066,0.15973468600000001,5,0.8,0.4,0.289922402
20,17,CP3,0.12553159,0.013404863904130098,0.007879156,0.148294928,5,0.8,0.4,0.289922402
20,28,O2,0.12407509800000001,0.040366583560504224,-0.009967309999999998,0.127112782,5,0.8,0.4,0.289922402
20,18,CP4,0.12318867199999999,0.019487416058754942,0.067525086,0.1363591,5,0.8,0.4,0.289922402
20,2,Fz,0.11872644800000001,0.025102494017828582,-0.115674936,0.132078888,5,0.8,0.4,0.289922402
20,16,T4,0.11652572400000001,0.015301750200000973,0.027481911999999997,0.12660637000000002,5,0.8,0.4,0.289922402
20,27,O1,0.11432888999999999,0.017368093860057013,0.05147429,0.124491066,5,0.8,0.4,0.289922402
20,13,C3,0.11335193800000001,0.016595816669551695,0.08317577000000001,0.117703538,5,0.8,0.4,0.289922402
20,15,T3,0.11248987399999999,0.019856823041683427,0.10006937599999999,0.117671784,5,0.8,0.4,0.289922402
20,0,Fp1,0.10419739000000001,0.030010092363249235,-0.093611998,0.11624929800000001,5,0.8,0.4,0.289922402
20,22,P3,0.10339493,0.006381293131470299,0.096608422,0.11835796400000001,5,0.8,0.4,0.289922402
20,19,TP7,0.102341228,0.034973059768797325,-0.052514174000000004,0.113128572,5,0.8,0.4,0.289922402
20,4,F4,0.10216089400000002,0.014175932705555222,0.038136378000000005,0.121146738,5,0.8,0.4,0.289922402
20,23,P4,0.101143764,0.0068599610496620144,-0.07602055199999999,0.114507286,5,0.8,0.4,0.289922402
20,12,Cz,0.098754864,0.03486032668039099,0.097672896,0.11170273,5,0.8,0.4,0.289922402
20,3,F3,0.098671318,0.024354263868170394,0.017544122000000002,0.10677761399999999,5,0.8,0.4,0.289922402
20,7,FCz,0.093673222,0.024919183358998145,0.093673222,0.10564870800000001,5,0.8,0.4,0.289922402
20,10,FT7,0.090763466,0.009013531586161437,-0.017853322,0.10786393400000001,5,0.8,0.4,0.289922402
20,20,TP8,0.084202422,0.016424111672333146,-0.036722584,0.097682724,5,0.8,0.4,0.289922402
20,11,FT8,0.083777216,0.00588723913669897,-0.003958654,0.097528256,5,0.8,0.4,0.289922402
20,24,T5,0.08341570200000001,0.03032816599666175,0.046136914,0.09089649799999999,5,0.8,0.4,0.289922402
20,5,F7,0.0802003,0.010513218693480604,0.072452074,0.092827708,5,0.8,0.4,0.289922402
20,26,Oz,0.079046846,0.009822680099546661,0.040065204,0.081591244,5,0.8,0.4,0.289922402
20,14,C4,0.078587856,0.009596433782532443,-0.06494209599999999,0.089049502,5,0.8,0.4,0.289922402
20,25,T6,0.07438438,0.010323612064115445,-0.057119974,0.0875398,5,0.8,0.4,0.289922402
20,6,F8,0.07023575200000001,0.01354603939813664,-0.010306817999999999,0.07623751,5,0.8,0.4,0.289922402
20,1,Fp2,0.066361158,0.01717591594860868,0.056758968,0.082422546,5,0.8,0.4,0.289922402
20,9,FC4,0.056926635999999996,0.0016277974525658882,-0.046075218,0.074223466,5,0.8,0.4,0.289922402
20,8,FC3,0.044995190000000004,0.020769503969360944,0.022011956,0.05048161799999999,5,0.8,0.4,0.289922402
21,21,Pz,0.150882502,0.010987817071949273,-0.0021092159999999997,0.16206970999999998,5,0.725,0.0,0.21012779799999998
21,28,O2,0.141372612,0.00632602959128946,-0.033854508,0.146962384,5,0.725,0.0,0.21012779799999998
21,17,CP3,0.119208954,0.0021796586989434826,0.028853838,0.139306324,5,0.725,0.0,0.21012779799999998
21,15,T3,0.11580746400000001,0.020783089547320204,0.111114932,0.12638866799999998,5,0.725,0.0,0.21012779799999998
21,16,T4,0.11230296399999999,0.018012341891859317,0.012542816000000002,0.12350967800000001,5,0.725,0.0,0.21012779799999998
21,0,Fp1,0.11136237600000001,0.006147188554947702,-0.10205819000000001,0.12899428,5,0.725,0.0,0.21012779799999998
21,13,C3,0.111115658,0.008161128473172082,0.061927756,0.114608936,5,0.725,0.0,0.21012779799999998
21,27,O1,0.10993130200000001,0.024883934176556967,0.059610808,0.120128006,5,0.725,0.0,0.21012779799999998
21,23,P4,0.10805771,0.01592139242399044,-0.058353301999999996,0.118785388,5,0.725,0.0,0.21012779799999998
21,24,T5,0.10768379800000001,0.002414244279970443,0.07538642799999999,0.11733085000000001,5,0.725,0.0,0.21012779799999998
21,18,CP4,0.10691188,0.012842977544313858,0.034312475999999995,0.125130546,5,0.725,0.0,0.21012779799999998
21,2,Fz,0.103577922,0.008480327819596366,-0.100745974,0.119892778,5,0.725,0.0,0.21012779799999998
21,22,P3,0.10154234799999999,0.0141359220499874,0.10154234799999999,0.11135622599999999,5,0.725,0.0,0.21012779799999998
21,5,F7,0.10116763399999999,0.035100082352036294,0.09119752,0.114409702,5,0.725,0.0,0.21012779799999998
21,4,F4,0.09931113999999999,0.013067482999231337,-0.000560116,0.11246922399999999,5,0.725,0.0,0.21012779799999998
21,26,Oz,0.09627721,0.03951865008724552,0.032122614,0.103355814,5,0.725,0.0,0.21012779799999998
21,7,FCz,0.09094453799999999,0.011404287702021116,0.090749276,0.10648457600000001,5,0.725,0.0,0.21012779799999998
21,10,FT7,0.08781275399999999,0.0035898845291151096,-0.06184637,0.10134587799999999,5,0.725,0.0,0.21012779799999998
21,3,F3,0.08681883,0.0036467452021357364,0.010037542,0.092558764,5,0.725,0.0,0.21012779799999998
21,25,T6,0.086643846,0.016923646116610923,-0.073017792,0.103841118,5,0.725,0.0,0.21012779799999998
21,11,FT8,0.085603448,0.012299098032263185,-0.004735306,0.10185801400000001,5,0.725,0.0,0.21012779799999998
21,20,TP8,0.08393468400000001,0.01242833400631718,-0.048712218,0.09939077199999999,5,0.725,0.0,0.21012779799999998
21,14,C4,0.078570382,0.011241620110503203,-0.065370578,0.08721704,5,0.725,0.0,0.21012779799999998
21,12,Cz,0.077298692,0.007086324341445999,0.076702554,0.093675694,5,0.725,0.0,0.21012779799999998
21,6,F8,0.07702416,0.009902221897751024,-0.00600531,0.079738374,5,0.725,0.0,0.21012779799999998
21,19,TP7,0.072592272,0.03013257213049311,-0.010989744,0.079991756,5,0.725,0.0,0.21012779799999998
21,1,Fp2,0.06799128,0.015465817018562259,0.055631954000000004,0.083504778,5,0.725,0.0,0.21012779799999998
21,9,FC4,0.05799675,0.005228291391865035,-0.05799675,0.074017268,5,0.725,0.0,0.21012779799999998
21,8,FC3,0.030031852000000005,0.006018833933484958,0.007358355999999999,0.038100106,5,0.725,0.0,0.21012779799999998
22,5,F7,0.165659398,0.026703135938058283,0.165609706,0.188207726,5,0.55,0.0,0.558642446
22,17,CP3,0.147536328,0.008457751377982799,-0.007584414,0.157111908,5,0.55,0.0,0.558642446
22,21,Pz,0.13336853799999998,0.004851625554370407,0.014092926,0.135406428,5,0.55,0.0,0.558642446
22,9,FC4,0.128019602,0.02058264551179634,-0.122964348,0.143791366,5,0.55,0.0,0.558642446
22,13,C3,0.125894988,0.015299025960088761,0.11385310600000001,0.14598249800000002,5,0.55,0.0,0.558642446
22,2,Fz,0.11424241799999998,0.004602410865999474,-0.09401318,0.124032484,5,0.55,0.0,0.558642446
22,12,Cz,0.114183542,0.02139049118896806,0.114183542,0.12366423,5,0.55,0.0,0.558642446
22,14,C4,0.10718549799999999,0.02637121770400203,-0.10458052200000001,0.126118386,5,0.55,0.0,0.558642446
22,26,Oz,0.10093224,0.022076185680734123,0.027979320000000002,0.13220305999999998,5,0.55,0.0,0.558642446
22,27,O1,0.100472644,0.006755067732838075,0.007399594000000001,0.11555725000000001,5,0.55,0.0,0.558642446
22,18,CP4,0.10022072200000001,0.008090214014151295,0.02821089,0.12096457600000002,5,0.55,0.0,0.558642446
22,0,Fp1,0.09173890999999999,0.011982469750289373,-0.074661168,0.105234028,5,0.55,0.0,0.558642446
22,7,FCz,0.090881174,0.01770397174831202,0.085899142,0.09910443,5,0.55,0.0,0.558642446
22,28,O2,0.08562735,0.020638190159546453,-0.027157774000000003,0.093729102,5,0.55,0.0,0.558642446
22,11,FT8,0.08321227,0.0114019780633954,0.021037174,0.09869958399999999,5,0.55,0.0,0.558642446
22,22,P3,0.082960648,0.021163546653080623,0.082960648,0.095277656,5,0.55,0.0,0.558642446
22,25,T6,0.082241182,0.013956241370407366,-0.071525792,0.096813568,5,0.55,0.0,0.558642446
22,10,FT7,0.08142611200000001,0.013037470372812743,-0.080864902,0.097728584,5,0.55,0.0,0.558642446
22,16,T4,0.078885766,0.02878242253029147,0.020376667999999997,0.092082718,5,0.55,0.0,0.558642446
22,6,F8,0.077639626,0.02849307197805337,0.072118466,0.103865574,5,0.55,0.0,0.558642446
22,23,P4,0.077225082,0.007101692400795737,-0.066477222,0.10305022800000001,5,0.55,0.0,0.558642446
22,19,TP7,0.07124327,0.009110590179799,-0.037121726,0.079704656,5,0.55,0.0,0.558642446
22,3,F3,0.07002217200000001,0.011931146852460165,0.038407034,0.085861886,5,0.55,0.0,0.558642446
22,15,T3,0.069471788,0.01603722964578265,0.047464396,0.08445401999999999,5,0.55,0.0,0.558642446
22,4,F4,0.06842928,0.017433564218138235,-0.02199877,0.088536236,5,0.55,0.0,0.558642446
22,20,TP8,0.067063224,0.014364105972528535,-0.014375744000000001,0.07401008,5,0.55,0.0,0.558642446
22,24,T5,0.054133719999999996,0.018420010238684722,0.051086524,0.06613495,5,0.55,0.0,0.558642446
22,1,Fp2,0.051258943999999994,0.009625153118861536,0.04370039,0.06839278600000001,5,0.55,0.0,0.558642446
22,8,FC3,0.045312782,0.006086990209041739,-0.016663881999999998,0.050149827999999994,5,0.55,0.0,0.558642446
23,21,Pz,0.152935308,0.00024204799734763645,0.0064683959999999995,0.153116784,5,1.0,1.0,0.007395204
23,28,O2,0.144188708,0.00029655612558164205,-0.0236998,0.14691204,5,1.0,1.0,0.007395204
23,15,T3,0.126859432,0.00029760866077787793,0.126859432,0.13200521199999998,5,1.0,1.0,0.007395204
23,16,T4,0.12220604399999999,0.000457280346756778,0.013761018,0.13453529,5,1.0,1.0,0.007395204
23,27,O1,0.12164091799999999,0.0006665109013887183,0.05612020399999999,0.131937024,5,1.0,1.0,0.007395204
23,17,CP3,0.121078936,0.0003741785995751231,0.032930712,0.13968055,5,1.0,1.0,0.007395204
23,13,C3,0.115067998,0.0002491923227549332,0.07262209,0.11729952800000001,5,1.0,1.0,0.007395204
23,18,CP4,0.110887746,0.00027954758061911436,0.03425307,0.127718224,5,1.0,1.0,0.007395204
23,0,Fp1,0.10983714600000001,0.0005383686583373829,-0.09575382,0.12253051200000001,5,1.0,1.0,0.007395204
23,22,P3,0.10777015999999999,0.0002967752386065907,0.10777015999999999,0.11705627599999999,5,1.0,1.0,0.007395204
23,23,P4,0.10498247000000001,0.0004391533496968896,-0.093438632,0.117046578,5,1.0,1.0,0.007395204
23,24,T5,0.10497754200000001,0.00012739631772543193,0.073200332,0.11437241199999999,5,1.0,1.0,0.007395204
23,2,Fz,0.10387472,0.00038548607705078143,-0.09849224599999999,0.11745238,5,1.0,1.0,0.007395204
23,7,FCz,0.098581328,0.0004021398035136531,0.098581328,0.114074062,5,1.0,1.0,0.007395204
23,4,F4,0.09769917,0.00045492733634065286,0.012908538,0.107776516,5,1.0,1.0,0.007395204
23,10,FT7,0.09068939,0.00032107764520439844,-0.058418740000000004,0.10407704799999999,5,1.0,1.0,0.007395204
23,20,TP8,0.088514852,0.000245111158803512,-0.059413222,0.107815146,5,1.0,1.0,0.007395204
23,3,F3,0.087834886,0.0004054763211705494,0.027146212000000003,0.094718362,5,1.0,1.0,0.007395204
23,14,C4,0.08575179200000001,0.00032076497216809697,-0.075020692,0.09621563,5,1.0,1.0,0.007395204
23,19,TP7,0.084132574,0.0004934232098614744,-0.018507498,0.09418795399999999,5,1.0,1.0,0.007395204
23,5,F7,0.084100806,0.00039287667808104933,0.081371704,0.097594662,5,1.0,1.0,0.007395204
23,25,T6,0.081014416,0.000299675949785768,-0.062543492,0.09230522199999999,5,1.0,1.0,0.007395204
23,11,FT8,0.079477454,0.00013266555366786537,-0.002932136,0.096625552,5,1.0,1.0,0.007395204
23,1,Fp2,0.077942396,0.0003118496518035551,0.061550234,0.095590674,5,1.0,1.0,0.007395204
23,26,Oz,0.077388506,0.00031584104377043614,0.042036597999999994,0.07985813,5,1.0,1.0,0.007395204
23,6,F8,0.077328586,0.0003989475553001909,-0.028863754000000002,0.07835472,5,1.0,1.0,0.007395204
23,12,Cz,0.077170776,0.0002729298588099163,0.075341938,0.092620748,5,1.0,1.0,0.007395204
23,9,FC4,0.057895794,0.0002814498009947767,-0.057895794,0.076178238,5,1.0,1.0,0.007395204
23,8,FC3,0.030545148,0.0002732381892598467,0.005753206,0.037389304,5,1.0,1.0,0.007395204
24,21,Pz,0.152349894,0.00047476916341522866,0.006802168,0.15254030400000002,5,0.975,0.8,0.008145028
24,28,O2,0.144526934,0.000377735497643519,-0.023607828,0.147259622,5,0.975,0.8,0.008145028
24,15,T3,0.12670969599999998,0.00043331390305411966,0.12670969599999998,0.131867994,5,0.975,0.8,0.008145028
24,16,T4,0.12242741399999998,0.00040763569505135897,0.013028861999999999,0.135064744,5,0.975,0.8,0.008145028
24,27,O1,0.121270056,0.0001406404368593902,0.055495586,0.13179904,5,0.975,0.8,0.008145028
24,17,CP3,0.120593832,0.00027510659819422934,0.032992811999999996,0.13891453199999998,5,0.975,0.8,0.008145028
24,13,C3,0.1156639,0.00038367611353848515,0.07271314599999999,0.117781202,5,0.975,0.8,0.008145028
24,18,CP4,0.11108521200000002,0.0002525641605018435,0.03472983,0.128011898,5,0.975,0.8,0.008145028
24,0,Fp1,0.10980796,0.0005657413128365246,-0.09577775,0.12256056200000001,5,0.975,0.8,0.008145028
24,22,P3,0.10791483399999999,0.00039072061044945634,0.10791483399999999,0.117264844,5,0.975,0.8,0.008145028
24,24,T5,0.10578864800000001,0.00021659142289111815,0.073396368,0.115155762,5,0.975,0.8,0.008145028
24,23,P4,0.10506858999999999,0.0004348974867713181,-0.0928513,0.11675914800000001,5,0.975,0.8,0.008145028
24,2,Fz,0.104114766,0.000453465386804768,-0.09853851,0.117612562,5,0.975,0.8,0.008145028
24,7,FCz,0.098722634,0.00024897618657212487,0.098722634,0.11409776599999999,5,0.975,0.8,0.008145028
24,4,F4,0.097791202,0.00028339749314346287,0.01296587,0.10774608999999999,5,0.975,0.8,0.008145028
24,10,FT7,0.090908518,0.0002679319736798804,-0.058296520000000004,0.10412645000000001,5,0.975,0.8,0.008145028
24,20,TP8,0.089419622,0.0003225011839047991,-0.059405838,0.10851434,5,0.975,0.8,0.008145028
24,3,F3,0.087138778,0.00035938487283134716,0.027551734,0.094010324,5,0.975,0.8,0.008145028
24,14,C4,0.085967342,6.800736371893804e-05,-0.07504287600000001,0.096253148,5,0.975,0.8,0.008145028
24,19,TP7,0.084656038,0.00025875233316822484,-0.018897454,0.094796384,5,0.975,0.8,0.008145028
24,5,F7,0.08434366600000001,0.0002902425568037941,0.08151642,0.09762067199999999,5,0.975,0.8,0.008145028
24,25,T6,0.080730784,0.00015667783930728416,-0.062180654,0.092096556,5,0.975,0.8,0.008145028
24,11,FT8,0.079841762,0.0005397683922480087,-0.0034885100000000002,0.096869168,5,0.975,0.8,0.008145028
24,26,Oz,0.077811904,0.0003524897980509458,0.042020563999999996,0.08011475,5,0.975,0.8,0.008145028
24,1,Fp2,0.07765327,0.0004335852336623064,0.061110109999999995,0.09530453800000001,5,0.975,0.8,0.008145028
24,12,Cz,0.07750400799999999,0.00026467275335780325,0.07586148200000001,0.092976652,5,0.975,0.8,0.008145028
24,6,F8,0.077351452,0.00048663074971686524,-0.028790818000000003,0.07840203999999999,5,0.975,0.8,0.008145028
24,9,FC4,0.05769521,0.00036633920244767725,-0.05769521,0.075906716,5,0.975,0.8,0.008145028
24,8,FC3,0.031470586,0.0004424435690910216,0.006068604,0.037767758,5,0.975,0.8,0.008145028
25,21,Pz,0.153719816,0.00025797017488462376,0.006687278,0.153916396,5,1.0,1.0,0.008723749999999999
25,28,O2,0.14434689,0.00021659818235617714,-0.02372705,0.147026244,5,1.0,1.0,0.008723749999999999
25,15,T3,0.126729678,0.0004911228754293551,0.126729678,0.132221482,5,1.0,1.0,0.008723749999999999
25,16,T4,0.12257947799999999,0.00030962960189555847,0.013771984000000001,0.13513987,5,1.0,1.0,0.008723749999999999
25,27,O1,0.12119888000000001,0.00031189078801722054,0.055932934000000004,0.131573822,5,1.0,1.0,0.008723749999999999
25,17,CP3,0.120897954,0.00033619947654629307,0.032641354,0.13893962399999998,5,1.0,1.0,0.008723749999999999
25,13,C3,0.11509416800000001,0.00047196760288181067,0.071973234,0.11715060800000002,5,1.0,1.0,0.008723749999999999
25,18,CP4,0.110882222,0.00015294123436797378,0.033999018000000006,0.127744448,5,1.0,1.0,0.008723749999999999
25,0,Fp1,0.110036724,0.00013628802214427421,-0.095780256,0.122634202,5,1.0,1.0,0.008723749999999999
25,22,P3,0.10804935200000002,0.00032815812251108304,0.10804935200000002,0.117229578,5,1.0,1.0,0.008723749999999999
25,24,T5,0.10503287400000001,0.0002433662471050543,0.07376796199999999,0.11474875,5,1.0,1.0,0.008723749999999999
25,23,P4,0.10499191599999999,0.00028396544795097857,-0.092689692,0.116863554,5,1.0,1.0,0.008723749999999999
25,2,Fz,0.10403711600000001,0.00024384199993027783,-0.098677354,0.117582904,5,1.0,1.0,0.008723749999999999
25,7,FCz,0.09874102,0.0002800837998706842,0.09874102,0.11360781,5,1.0,1.0,0.008723749999999999
25,4,F4,0.09790906,0.000578107848761802,0.012584454,0.10817485200000002,5,1.0,1.0,0.008723749999999999
25,10,FT7,0.090496578,0.0004909744326540889,-0.057931866,0.10383297600000001,5,1.0,1.0,0.008723749999999999
25,20,TP8,0.08942713399999999,0.00038309865482666437,-0.058759776,0.10826586200000002,5,1.0,1.0,0.008723749999999999
25,3,F3,0.087243472,0.0001311668156204121,0.02711902,0.094043518,5,1.0,1.0,0.008723749999999999
25,14,C4,0.08579176,0.00017495813813595508,-0.075518982,0.09648778,5,1.0,1.0,0.008723749999999999
25,5,F7,0.08467408400000001,0.00043007124233084704,0.081622554,0.097909168,5,1.0,1.0,0.008723749999999999
25,19,TP7,0.084520444,0.00031844484597807495,-0.018375469999999998,0.094144144,5,1.0,1.0,0.008723749999999999
25,25,T6,0.08109567799999999,0.00030656431416588314,-0.062043024,0.09229696400000001,5,1.0,1.0,0.008723749999999999
25,11,FT8,0.07998139600000001,0.00028881485441369033,-0.0031068800000000002,0.09675243,5,1.0,1.0,0.008723749999999999
25,6,F8,0.07800786600000001,0.00029875637127933796,-0.029152142,0.07902651200000001,5,1.0,1.0,0.008723749999999999
25,26,Oz,0.077744506,0.0001909552982506606,0.042031271999999995,0.08024374399999999,5,1.0,1.0,0.008723749999999999
25,1,Fp2,0.07699830599999999,0.00036499528035304315,0.061033844000000004,0.094583316,5,1.0,1.0,0.008723749999999999
25,12,Cz,0.076357618,0.00024991264867949415,0.07560609,0.09216105399999999,5,1.0,1.0,0.008723749999999999
25,9,FC4,0.058087712,0.0005567676194966802,-0.058087712,0.07647812,5,1.0,1.0,0.008723749999999999
25,8,FC3,0.031138054,0.00024029082084008014,0.005655459999999999,0.037716996,5,1.0,1.0,0.008723749999999999
26,21,Pz,0.152612174,0.0004952625566101244,0.004432164000000001,0.152828148,5,0.9,0.8,0.06804007599999999
26,28,O2,0.14395070999999998,0.001219214842449842,-0.030068111999999998,0.148393854,5,0.9,0.8,0.06804007599999999
26,13,C3,0.122792072,0.016163226337106092,0.070342278,0.12514646000000001,5,0.9,0.8,0.06804007599999999
26,16,T4,0.122541718,0.0022959320874146095,0.0001936199999999999,0.136467072,5,0.9,0.8,0.06804007599999999
26,15,T3,0.12235330599999998,0.010968377215961802,0.12235330599999998,0.128687828,5,0.9,0.8,0.06804007599999999
26,17,CP3,0.120000052,0.0019870223050257934,0.03980275,0.13764633,5,0.9,0.8,0.06804007599999999
26,27,O1,0.11894956999999999,0.006203716643190599,0.053427456,0.129791638,5,0.9,0.8,0.06804007599999999
26,18,CP4,0.111228884,0.0005223068648122514,0.036677032,0.127588714,5,0.9,0.8,0.06804007599999999
26,22,P3,0.107170196,0.0021646606765102906,0.10665773999999999,0.118905514,5,0.9,0.8,0.06804007599999999
26,0,Fp1,0.10396234200000001,0.012757242093404035,-0.09009372,0.11719323200000001,5,0.9,0.8,0.06804007599999999
26,2,Fz,0.103744354,0.000444369623151713,-0.09565349199999999,0.11640861799999999,5,0.9,0.8,0.06804007599999999
26,23,P4,0.10374065400000002,0.0017589225238565794,-0.090077618,0.11494125799999999,5,0.9,0.8,0.06804007599999999
26,24,T5,0.10347625200000002,0.005046017067680212,0.070147658,0.11346445999999999,5,0.9,0.8,0.06804007599999999
26,7,FCz,0.100474938,0.003972106591932042,0.100474938,0.116218694,5,0.9,0.8,0.06804007599999999
26,4,F4,0.093996526,0.0071960745406318615,0.013800454,0.105467092,5,0.9,0.8,0.06804007599999999
26,10,FT7,0.09361764,0.007614194203840618,-0.067008982,0.111088462,5,0.9,0.8,0.06804007599999999
26,20,TP8,0.09013644800000001,0.0032928113214045493,-0.06379101200000001,0.11112846800000001,5,0.9,0.8,0.06804007599999999
26,3,F3,0.08840375,0.0013721831573263146,0.02889198,0.095930544,5,0.9,0.8,0.06804007599999999
26,5,F7,0.085932194,0.003504769457472203,0.083863902,0.10012457999999999,5,0.9,0.8,0.06804007599999999
26,19,TP7,0.084505314,0.000483162982367238,-0.018539314,0.095045772,5,0.9,0.8,0.06804007599999999
26,14,C4,0.082327748,0.007576137826961703,-0.07253137600000001,0.09284350799999999,5,0.9,0.8,0.06804007599999999
26,25,T6,0.08215007399999999,0.0021312139164405817,-0.059240855999999995,0.092118866,5,0.9,0.8,0.06804007599999999
26,11,FT8,0.08002288199999999,0.00034422350786952123,-0.002371494,0.09869967399999999,5,0.9,0.8,0.06804007599999999
26,1,Fp2,0.07745259,0.0018237383992365749,0.063545874,0.096379332,5,0.9,0.8,0.06804007599999999
26,12,Cz,0.077441578,0.0006785180726922491,0.074018632,0.09440812400000001,5,0.9,0.8,0.06804007599999999
26,26,Oz,0.076687854,0.003565344644263722,0.036678306,0.079825752,5,0.9,0.8,0.06804007599999999
26,6,F8,0.075237656,0.003823608392125157,-0.030580952,0.07701767,5,0.9,0.8,0.06804007599999999
26,9,FC4,0.06613359199999999,0.016852769686067037,-0.060887647999999996,0.081469482,5,0.9,0.8,0.06804007599999999
26,8,FC3,0.030122296,0.0005241396193095859,0.010492166,0.037278745999999995,5,0.9,0.8,0.06804007599999999
27,28,O2,0.165056454,0.04206269790525068,-0.032588795999999996,0.16938309000000001,5,0.825,0.6,0.09565138399999999
27,21,Pz,0.1478603,0.009654879118911842,0.0045747259999999994,0.148025614,5,0.825,0.6,0.09565138399999999
27,15,T3,0.127053534,0.00060679141682295,0.127053534,0.13268738,5,0.825,0.6,0.09565138399999999
27,17,CP3,0.126212354,0.009338073287371972,0.030188986,0.144421796,5,0.825,0.6,0.09565138399999999
27,27,O1,0.12260132000000001,0.0014009850413191417,0.05661632,0.134284384,5,0.825,0.6,0.09565138399999999
27,16,T4,0.11831867,0.00914815733516592,0.00826735,0.13109587,5,0.825,0.6,0.09565138399999999
27,13,C3,0.113138508,0.003230166587448709,0.07177368799999999,0.11542106,5,0.825,0.6,0.09565138399999999
27,18,CP4,0.11226964399999999,0.003534278536028254,0.03676434,0.12910512600000001,5,0.825,0.6,0.09565138399999999
27,22,P3,0.11151408599999998,0.006281632928039491,0.11151408599999998,0.121930116,5,0.825,0.6,0.09565138399999999
27,23,P4,0.105010508,0.002098894650314778,-0.093869706,0.117119952,5,0.825,0.6,0.09565138399999999
27,0,Fp1,0.104164502,0.011323260028285582,-0.09160151400000001,0.1179668,5,0.825,0.6,0.09565138399999999
27,2,Fz,0.10266800599999999,0.005547551277701723,-0.098253214,0.11666755799999999,5,0.825,0.6,0.09565138399999999
27,7,FCz,0.0991316,0.0030802617794840116,0.0991316,0.114135206,5,0.825,0.6,0.09565138399999999
27,24,T5,0.098895204,0.011822122834991611,0.07082378,0.107420878,5,0.825,0.6,0.09565138399999999
27,4,F4,0.09382315,0.005993642645207505,0.018346814,0.1026794,5,0.825,0.6,0.09565138399999999
27,10,FT7,0.093507484,0.0064959706333949825,-0.053918322,0.10773835400000001,5,0.825,0.6,0.09565138399999999
27,14,C4,0.08655652999999999,0.006237985440849471,-0.07722679,0.09821586,5,0.825,0.6,0.09565138399999999
27,3,F3,0.085946572,0.0071768362088158325,0.028092040000000002,0.09210904,5,0.825,0.6,0.09565138399999999
27,11,FT8,0.08450257800000001,0.006711748520979461,-0.008739092,0.099489034,5,0.825,0.6,0.09565138399999999
27,1,Fp2,0.083083894,0.00911881973320177,0.071357872,0.10275674399999998,5,0.825,0.6,0.09565138399999999
27,20,TP8,0.082495582,0.010938549376117936,-0.05277883800000001,0.09934506400000001,5,0.825,0.6,0.09565138399999999
27,5,F7,0.080637528,0.004596992860095609,0.073837262,0.095890218,5,0.825,0.6,0.09565138399999999
27,12,Cz,0.078950236,0.004392031389861641,0.076890342,0.09332212399999999,5,0.825,0.6,0.09565138399999999
27,19,TP7,0.077347258,0.010487504857432488,-0.010583228,0.087123872,5,0.825,0.6,0.09565138399999999
27,25,T6,0.076946378,0.01031277385479629,-0.058053761999999995,0.087219286,5,0.825,0.6,0.09565138399999999
27,6,F8,0.07578114799999999,0.00228966123255603,-0.031756378,0.07696294000000001,5,0.825,0.6,0.09565138399999999
27,26,Oz,0.072648316,0.008959671144282026,0.028909123999999998,0.07888735599999999,5,0.825,0.6,0.09565138399999999
27,9,FC4,0.060610034,0.003485667658423563,-0.057641706,0.077124264,5,0.825,0.6,0.09565138399999999
27,8,FC3,0.029574382,0.0020481829483032033,0.0076182920000000005,0.03569637,5,0.825,0.6,0.09565138399999999
28,21,Pz,0.14994349,0.008298520850748033,0.00645384,0.150517188,5,0.9,0.8,0.065608604
28,28,O2,0.140886266,0.005369232321256916,-0.02330431,0.144492686,5,0.9,0.8,0.065608604
28,15,T3,0.129802386,0.006419465670788338,0.129802386,0.134850196,5,0.9,0.8,0.065608604
28,27,O1,0.122758408,0.0020674884861638294,0.056054336,0.134874866,5,0.9,0.8,0.065608604
28,16,T4,0.122071916,0.00013746561399127847,0.020811336,0.135873136,5,0.9,0.8,0.065608604
28,17,CP3,0.12171691200000001,0.0008366592453741268,0.028945705999999998,0.14253322,5,0.9,0.8,0.065608604
28,13,C3,0.118607924,0.007672551924860467,0.075126146,0.12165641599999999,5,0.9,0.8,0.065608604
28,18,CP4,0.110878314,0.0008538978193730185,0.03533271,0.126440648,5,0.9,0.8,0.065608604
28,0,Fp1,0.10999728,0.0004719545804947733,-0.09462917400000001,0.12241571200000001,5,0.9,0.8,0.065608604
28,23,P4,0.109786648,0.009800291859841222,-0.095201572,0.12173246,5,0.9,0.8,0.065608604
28,22,P3,0.10508496199999999,0.005991606649261111,0.10508496199999999,0.112797204,5,0.9,0.8,0.065608604
28,2,Fz,0.101514026,0.004671417373504532,-0.094021442,0.114564208,5,0.9,0.8,0.065608604
28,24,T5,0.100826042,0.009352499876518044,0.068923568,0.11013277399999999,5,0.9,0.8,0.065608604
28,7,FCz,0.09922033599999999,0.0010020029868618122,0.09922033599999999,0.11448346000000001,5,0.9,0.8,0.065608604
28,10,FT7,0.093306236,0.006881567159595988,-0.050569694,0.10988480599999999,5,0.9,0.8,0.065608604
28,4,F4,0.09198943600000001,0.01201163194568623,0.008894876,0.103369716,5,0.9,0.8,0.065608604
28,14,C4,0.089750424,0.009395002710379066,-0.074898098,0.099106096,5,0.9,0.8,0.065608604
28,5,F7,0.088127628,0.010815262802582283,0.086808178,0.100444702,5,0.9,0.8,0.065608604
28,3,F3,0.086434566,0.004008031204285968,0.029701065999999998,0.09628013799999999,5,0.9,0.8,0.065608604
28,19,TP7,0.085501014,0.002609460982249015,-0.021008653999999998,0.096045304,5,0.9,0.8,0.065608604
28,20,TP8,0.083547548,0.01232561873896885,-0.054869287999999995,0.10186862199999999,5,0.9,0.8,0.065608604
28,25,T6,0.081275804,0.0012713976038910893,-0.06209840800000001,0.092717938,5,0.9,0.8,0.065608604
28,11,FT8,0.078823966,0.0026093553352370385,-0.00734311,0.09791832,5,0.9,0.8,0.065608604
28,26,Oz,0.077388042,0.00048343801828155784,0.038525738,0.080846928,5,0.9,0.8,0.065608604
28,6,F8,0.07657290400000001,0.00283242058725924,-0.02896352,0.078873676,5,0.9,0.8,0.065608604
28,12,Cz,0.076390556,0.0015210651105327455,0.075335666,0.091958018,5,0.9,0.8,0.065608604
28,1,Fp2,0.074314328,0.008426803550259732,0.056843868,0.09291909400000001,5,0.9,0.8,0.065608604
28,9,FC4,0.055042789999999994,0.006075216481768366,-0.050391158000000005,0.072171722,5,0.9,0.8,0.065608604
28,8,FC3,0.035386372,0.009308040458301093,0.011252874,0.042419651999999995,5,0.9,0.8,0.065608604
29,28,O2,0.148702938,0.02463943457797013,-0.009987372,0.150860608,5,0.775,0.4,0.419993234
29,21,Pz,0.133841504,0.025687014701739473,-0.0145289,0.144066526,5,0.775,0.4,0.419993234
29,14,C4,0.12447466999999998,0.07160417929432017,-0.09296222000000001,0.140099854,5,0.775,0.4,0.419993234
29,7,FCz,0.122018574,0.02467633710281127,0.12151166399999999,0.14012227400000002,5,0.775,0.4,0.419993234
29,17,CP3,0.116839226,0.027539009944323168,0.029707630000000002,0.132055912,5,0.775,0.4,0.419993234
29,16,T4,0.11642529399999998,0.006731479496762206,0.010072852,0.127842898,5,0.775,0.4,0.419993234
29,0,Fp1,0.10672525799999999,0.019394230867249413,-0.089427546,0.118894448,5,0.775,0.4,0.419993234
29,15,T3,0.10562093799999998,0.02380106420851534,0.10562093799999998,0.11380694799999999,5,0.775,0.4,0.419993234
29,4,F4,0.105268216,0.012204073488136243,0.0060248820000000005,0.12479209399999999,5,0.775,0.4,0.419993234
29,18,CP4,0.10111207200000001,0.018476941349755922,0.026566148,0.12525251,5,0.775,0.4,0.419993234
29,3,F3,0.100404248,0.014419111591281201,0.048586260000000006,0.112013312,5,0.775,0.4,0.419993234
29,27,O1,0.10022895400000001,0.022671345149002077,0.040355394,0.114240356,5,0.775,0.4,0.419993234
29,22,P3,0.09845413,0.02595671655812518,0.07891446799999999,0.10763781400000001,5,0.775,0.4,0.419993234
29,2,Fz,0.096224684,0.03504133117338767,-0.091924222,0.112949996,5,0.775,0.4,0.419993234
29,23,P4,0.093481968,0.011627341338312041,-0.078382496,0.10596717200000001,5,0.775,0.4,0.419993234
29,13,C3,0.09311289,0.02072664473791525,0.025106848000000005,0.098704766,5,0.775,0.4,0.419993234
29,24,T5,0.090075452,0.025733821368316444,0.046772918,0.103387908,5,0.775,0.4,0.419993234
29,20,TP8,0.08713653,0.014648890228855222,-0.046432324,0.104125914,5,0.775,0.4,0.419993234
29,1,Fp2,0.085332464,0.01179937507848742,0.07866507199999999,0.104036514,5,0.775,0.4,0.419993234
29,12,Cz,0.084486768,0.03207279054767717,0.07986909,0.09576575600000001,5,0.775,0.4,0.419993234
29,11,FT8,0.07956908,0.014572820324954256,0.0023496459999999995,0.09270114199999999,5,0.775,0.4,0.419993234
29,26,Oz,0.07910718400000001,0.023148146347367213,0.060611108000000004,0.08722914600000001,5,0.775,0.4,0.419993234
29,19,TP7,0.077599412,0.027582568351788236,-0.012774370000000002,0.08945128399999999,5,0.775,0.4,0.419993234
29,6,F8,0.07654364599999999,0.02137785556783187,-0.032044341999999996,0.083721982,5,0.775,0.4,0.419993234
29,9,FC4,0.070939144,0.027826792713273298,-0.048788862,0.084862886,5,0.775,0.4,0.419993234
29,10,FT7,0.07083153,0.01958878296837887,-0.02779288,0.082069684,5,0.775,0.4,0.419993234
29,25,T6,0.07057619,0.03138386775029171,-0.052847832,0.08228764,5,0.775,0.4,0.419993234
29,5,F7,0.06883094199999999,0.016205889066895404,0.056370264,0.08367052,5,0.775,0.4,0.419993234
29,8,FC3,0.06784040799999999,0.041226665516814726,-0.0030545860000000006,0.073851754,5,0.775,0.4,0.419993234
3,21,Pz,0.161371574,0.01155036159552721,0.026058028,0.167773834,5,0.65,0.0,0.6023414899999999
3,17,CP3,0.132726282,0.03502802240600902,-0.0016524100000000006,0.161781594,5,0.65,0.0,0.6023414899999999
3,23,P4,0.1297896,0.040791225903722236,-0.077576178,0.139979668,5,0.65,0.0,0.6023414899999999
3,28,O2,0.12402844399999999,0.032583518913353725,-0.008922132000000001,0.128630048,5,0.65,0.0,0.6023414899999999
3,15,T3,0.123264734,0.036162352913688155,0.118248218,0.143410274,5,0.65,0.0,0.6023414899999999
3,13,C3,0.119390946,0.014374008194760075,-0.0005589539999999983,0.13387392199999998,5,0.65,0.0,0.6023414899999999
3,18,CP4,0.11280927,0.017695216387603175,0.042481458,0.124190684,5,0.65,0.0,0.6023414899999999
3,19,TP7,0.11123928599999999,0.03136071806496753,-0.076596794,0.127748374,5,0.65,0.0,0.6023414899999999
3,2,Fz,0.11120851000000001,0.03726989492976939,-0.08661481,0.12205618199999999,5,0.65,0.0,0.6023414899999999
3,12,Cz,0.101908792,0.031795334129373756,0.074660794,0.11723066,5,0.65,0.0,0.6023414899999999
3,26,Oz,0.10152039799999998,0.029322536414399247,0.04893489,0.10851150400000001,5,0.65,0.0,0.6023414899999999
3,14,C4,0.101418134,0.03290003221371416,-0.022647846,0.110749248,5,0.65,0.0,0.6023414899999999
3,16,T4,0.099639162,0.034150371996176265,0.012326806000000001,0.113188336,5,0.65,0.0,0.6023414899999999
3,27,O1,0.098193732,0.011192006525624435,0.02164487,0.111971566,5,0.65,0.0,0.6023414899999999
3,5,F7,0.097940998,0.013041595556452049,0.097940998,0.105760258,5,0.65,0.0,0.6023414899999999
3,4,F4,0.095839782,0.027590442697452682,0.03754845999999999,0.11152363400000001,5,0.65,0.0,0.6023414899999999
3,3,F3,0.095481624,0.008144440687694888,0.030039664,0.108005914,5,0.65,0.0,0.6023414899999999
3,25,T6,0.089574298,0.030666265577178938,-0.039028496,0.10105898399999999,5,0.65,0.0,0.6023414899999999
3,22,P3,0.088776692,0.03375277305555679,0.073950804,0.102412146,5,0.65,0.0,0.6023414899999999
3,7,FCz,0.08034433999999999,0.022670923948037495,0.059114988,0.088997328,5,0.65,0.0,0.6023414899999999
3,11,FT8,0.075657538,0.02017280220625335,0.0012073100000000003,0.087730984,5,0.65,0.0,0.6023414899999999
3,20,TP8,0.072809702,0.01914073280207605,-0.029099629999999998,0.0849856,5,0.65,0.0,0.6023414899999999
3,0,Fp1,0.06665397199999999,0.021429343307929897,-0.053840448,0.077123542,5,0.65,0.0,0.6023414899999999
3,24,T5,0.065460294,0.03869458498808367,0.04770636,0.073006582,5,0.65,0.0,0.6023414899999999
3,10,FT7,0.064868216,0.020813907931376798,-0.036570498,0.075793226,5,0.65,0.0,0.6023414899999999
3,6,F8,0.064121844,0.010631701190267245,-0.050130428000000005,0.071065382,5,0.65,0.0,0.6023414899999999
3,1,Fp2,0.053754322,0.02640356492606197,0.029242126,0.06578755,5,0.65,0.0,0.6023414899999999
3,8,FC3,0.04428983,0.020160211340917288,0.016407998,0.051335374,5,0.65,0.0,0.6023414899999999
3,9,FC4,0.042827934,0.021064721261773917,-0.020787596,0.052380024000000004,5,0.65,0.0,0.6023414899999999
30,23,P4,0.157586438,0.047719871888368695,-0.089786718,0.187858576,5,0.675,0.2,0.978738626
30,7,FCz,0.145182306,0.05888211290701727,0.04197769,0.156308528,5,0.675,0.2,0.978738626
30,18,CP4,0.13868347,0.026215828682403873,-0.014828552,0.164964192,5,0.675,0.2,0.978738626
30,24,T5,0.13227309,0.05750844212315659,0.1010845,0.14511411999999999,5,0.675,0.2,0.978738626
30,17,CP3,0.128326932,0.05419808352575135,0.09722942999999999,0.159880292,5,0.675,0.2,0.978738626
30,8,FC3,0.11648629399999999,0.048833826827554994,0.019900126,0.128828086,5,0.675,0.2,0.978738626
30,22,P3,0.11282688599999999,0.01694862323591595,-0.050937765999999995,0.122804442,5,0.675,0.2,0.978738626
30,2,Fz,0.111370232,0.027953841117937084,-0.07241806199999999,0.13397015,5,0.675,0.2,0.978738626
30,21,Pz,0.11044874600000001,0.029878867468554265,0.051817678,0.123602418,5,0.675,0.2,0.978738626
30,19,TP7,0.10890953,0.062123460260914316,-0.062074698,0.12049924999999999,5,0.675,0.2,0.978738626
30,25,T6,0.107547704,0.04811928507490972,0.05670481000000001,0.12337542799999998,5,0.675,0.2,0.978738626
30,16,T4,0.10695075400000001,0.01965366982028624,0.048812492,0.12315063,5,0.675,0.2,0.978738626
30,28,O2,0.104626716,0.02882639390998951,-0.04366352,0.12082538000000001,5,0.675,0.2,0.978738626
30,4,F4,0.104129162,0.04187112443188229,0.084119406,0.12032202,5,0.675,0.2,0.978738626
30,0,Fp1,0.10392401599999998,0.005750423501597947,-0.09561552599999999,0.115930924,5,0.675,0.2,0.978738626
30,13,C3,0.10380707600000001,0.032936423708119555,0.073201198,0.12219543,5,0.675,0.2,0.978738626
30,9,FC4,0.096545434,0.03198105596487286,-0.044793346,0.112875846,5,0.675,0.2,0.978738626
30,15,T3,0.089281818,0.03327809799582332,0.089281818,0.09492260599999999,5,0.675,0.2,0.978738626
30,26,Oz,0.08778419400000001,0.01101524234798672,0.071698912,0.096339918,5,0.675,0.2,0.978738626
30,5,F7,0.0803661,0.01914015680873984,0.052628858,0.09397316600000001,5,0.675,0.2,0.978738626
30,12,Cz,0.078551664,0.05063790774298816,-0.013938856,0.104828196,5,0.675,0.2,0.978738626
30,14,C4,0.07806038800000001,0.022493507157259184,0.0021801719999999998,0.090327682,5,0.675,0.2,0.978738626
30,3,F3,0.073469278,0.01975095178678537,0.0028759620000000006,0.09084912199999999,5,0.675,0.2,0.978738626
30,20,TP8,0.068722516,0.023141440087266176,-0.052085139999999995,0.083640804,5,0.675,0.2,0.978738626
30,27,O1,0.058084512,0.03719698453191831,0.027573432,0.06516869,5,0.675,0.2,0.978738626
30,10,FT7,0.056202357999999994,0.0199202898468062,0.005931342000000001,0.070238408,5,0.675,0.2,0.978738626
30,6,F8,0.049540363999999996,0.021159459799745123,0.013432868,0.057538149999999996,5,0.675,0.2,0.978738626
30,1,Fp2,0.046316798000000006,0.02272384562226913,0.027006066000000002,0.05735478000000001,5,0.675,0.2,0.978738626
30,11,FT8,0.044100733999999996,0.02125237202003885,0.005056068,0.052127900000000005,5,0.675,0.2,0.978738626
31,28,O2,0.146063948,0.004196684213027006,-0.022182054,0.148196616,5,0.775,0.2,0.19310674
31,21,Pz,0.134824084,0.023100642398243606,0.00280539,0.13599289799999997,5,0.775,0.2,0.19310674
31,15,T3,0.122849238,0.005689232265206787,0.122849238,0.130525374,5,0.775,0.2,0.19310674
31,27,O1,0.12139622000000001,0.0022950267188096055,0.050969568,0.130244054,5,0.775,0.2,0.19310674
31,17,CP3,0.121091192,0.009144747954474742,0.015950466,0.135907286,5,0.775,0.2,0.19310674
31,0,Fp1,0.11464265199999998,0.005724048847408618,-0.096692698,0.127441988,5,0.775,0.2,0.19310674
31,16,T4,0.114609074,0.006855354958944864,0.026199222,0.132866406,5,0.775,0.2,0.19310674
31,18,CP4,0.112267308,0.00903838104177236,0.04208501,0.12689133,5,0.775,0.2,0.19310674
31,13,C3,0.11171751,0.010346204641910967,0.071560932,0.11697920399999999,5,0.775,0.2,0.19310674
31,2,Fz,0.10941629,0.005326526687255965,-0.087655622,0.117430182,5,0.775,0.2,0.19310674
31,4,F4,0.10587676399999998,0.006253483088374028,0.026411553999999997,0.11792414600000001,5,0.775,0.2,0.19310674
31,5,F7,0.10562529600000001,0.02805337833748068,0.087038598,0.11678596999999999,5,0.775,0.2,0.19310674
31,7,FCz,0.1033023,0.0034236133952083403,0.1033023,0.113989842,5,0.775,0.2,0.19310674
31,23,P4,0.103216346,0.009190572856905057,-0.08859389,0.115050692,5,0.775,0.2,0.19310674
31,24,T5,0.10282470799999999,0.017530506078144752,0.072000202,0.1113135,5,0.775,0.2,0.19310674
31,14,C4,0.094043154,0.007656937765202225,-0.05842531200000001,0.10190450799999999,5,0.775,0.2,0.19310674
31,3,F3,0.093179074,0.007191703463045455,0.012686890000000001,0.104928702,5,0.775,0.2,0.19310674
31,22,P3,0.09196384399999999,0.02190030209323675,0.089246482,0.103168518,5,0.775,0.2,0.19310674
31,19,TP7,0.08370797199999999,0.008511150179292453,-0.027399962,0.09516492400000001,5,0.775,0.2,0.19310674
31,12,Cz,0.081102162,0.00584035234686401,0.080818936,0.095019138,5,0.775,0.2,0.19310674
31,11,FT8,0.079107888,0.004594636351504869,-0.011913042,0.09658928600000001,5,0.775,0.2,0.19310674
31,10,FT7,0.079099828,0.009946901256050552,-0.046612582,0.100107788,5,0.775,0.2,0.19310674
31,20,TP8,0.07888446,0.020239489117677846,-0.042280386,0.094170334,5,0.775,0.2,0.19310674
31,1,Fp2,0.07683485999999999,0.0038370627183823766,0.06219629200000001,0.094945892,5,0.775,0.2,0.19310674
31,25,T6,0.075429972,0.00403451097241289,-0.06843036999999999,0.093151966,5,0.775,0.2,0.19310674
31,26,Oz,0.06892583999999999,0.010366104083560038,0.044227605999999996,0.07702983,5,0.775,0.2,0.19310674
31,9,FC4,0.068245108,0.0076256878897887,-0.061171292,0.08458993000000001,5,0.775,0.2,0.19310674
31,6,F8,0.06629579999999999,0.009178375706735917,-0.016172086,0.071537162,5,0.775,0.2,0.19310674
31,8,FC3,0.030764526000000004,0.004247047149117844,0.006694426000000001,0.036665062,5,0.775,0.2,0.19310674
32,21,Pz,0.16707775,0.01995644238718415,-0.00460628,0.170243762,5,0.875,0.6,0.285303676
32,28,O2,0.144535638,0.008457042893043052,-0.012440376,0.147150238,5,0.875,0.6,0.285303676
32,23,P4,0.122247858,0.02378391864041479,-0.082285054,0.133638606,5,0.875,0.6,0.285303676
32,17,CP3,0.1170601,0.007931337493736475,0.017772856,0.132771756,5,0.875,0.6,0.285303676
32,18,CP4,0.113889236,0.012901965965610822,0.03224205,0.129629796,5,0.875,0.6,0.285303676
32,15,T3,0.11375774400000001,0.0290768900688086,0.10296321800000001,0.126997016,5,0.875,0.6,0.285303676
32,27,O1,0.11151053200000001,0.01306574270259713,0.045620245999999996,0.12049005799999998,5,0.875,0.6,0.285303676
32,16,T4,0.110920566,0.02295161353915733,0.015074293999999999,0.127338518,5,0.875,0.6,0.285303676
32,4,F4,0.10482173400000001,0.012012567453734862,0.003342742,0.12040893999999999,5,0.875,0.6,0.285303676
32,2,Fz,0.099441086,0.007463043079188943,-0.095994,0.11524124399999999,5,0.875,0.6,0.285303676
32,22,P3,0.098420952,0.02343016225136779,0.091434074,0.109330398,5,0.875,0.6,0.285303676
32,0,Fp1,0.098274458,0.017481809715000053,-0.080218976,0.110346214,5,0.875,0.6,0.285303676
32,3,F3,0.097938106,0.024769448618349985,0.046732598,0.10857414800000001,5,0.875,0.6,0.285303676
32,24,T5,0.097878128,0.01405754956916639,0.052692260000000005,0.11040867800000001,5,0.875,0.6,0.285303676
32,13,C3,0.094154388,0.028828234998379103,0.04358758,0.10258370000000001,5,0.875,0.6,0.285303676
32,7,FCz,0.091351294,0.01292699797227995,0.08958493599999999,0.10784754199999999,5,0.875,0.6,0.285303676
32,14,C4,0.09067322600000001,0.00907400577604125,-0.075419892,0.101470558,5,0.875,0.6,0.285303676
32,20,TP8,0.085608256,0.006715183267989043,-0.06233632,0.101851048,5,0.875,0.6,0.285303676
32,19,TP7,0.08541974399999999,0.0014048351132891022,-0.018968776,0.097345324,5,0.875,0.6,0.285303676
32,1,Fp2,0.081655748,0.006598220153550505,0.048585244,0.09988671,5,0.875,0.6,0.285303676
32,12,Cz,0.08136869199999999,0.008631180385191823,0.06451062999999999,0.093728986,5,0.875,0.6,0.285303676
32,5,F7,0.080084826,0.006565465248809866,0.072112272,0.09829075200000001,5,0.875,0.6,0.285303676
32,10,FT7,0.079440328,0.015177320422487955,-0.035077295999999994,0.09214702999999999,5,0.875,0.6,0.285303676
32,11,FT8,0.076918394,0.0040939927472309935,0.0054730199999999994,0.089642932,5,0.875,0.6,0.285303676
32,25,T6,0.076803018,0.008030704379443936,-0.045994596000000006,0.08544010399999999,5,0.875,0.6,0.285303676
32,6,F8,0.07244503199999999,0.007524536599164762,-0.0351822,0.075100184,5,0.875,0.6,0.285303676
32,26,Oz,0.069431416,0.013180075192597724,0.038478166,0.075410102,5,0.875,0.6,0.285303676
32,9,FC4,0.069254024,0.016203164435718412,-0.039723268,0.088774116,5,0.875,0.6,0.285303676
32,8,FC3,0.068186108,0.05108611901407387,0.034850932,0.079824698,5,0.875,0.6,0.285303676
33,21,Pz,0.153308562,0.00029542500676144507,0.006411848,0.153484644,5,1.0,1.0,0.008360916
33,28,O2,0.14349092400000002,0.00030508390465576034,-0.023754308000000002,0.146267414,5,1.0,1.0,0.008360916
33,15,T3,0.126553954,0.0006678689683463283,0.126553954,0.13171853,5,1.0,1.0,0.008360916
33,16,T4,0.122340866,0.00041036702746444383,0.013347776,0.13466756200000002,5,1.0,1.0,0.008360916
33,27,O1,0.121938736,0.0003389818300882807,0.055646207999999996,0.13233706,5,1.0,1.0,0.008360916
33,17,CP3,0.12067819399999999,0.00033245791738203094,0.032500266,0.139002422,5,1.0,1.0,0.008360916
33,13,C3,0.11570134400000001,0.00034995023271888845,0.07257680600000001,0.11783232799999999,5,1.0,1.0,0.008360916
33,18,CP4,0.11119272,0.0004181667778530469,0.034553596,0.127597866,5,1.0,1.0,0.008360916
33,0,Fp1,0.110085438,0.00032293915815521273,-0.09556121,0.122779312,5,1.0,1.0,0.008360916
33,22,P3,0.10785543,0.00024030174780887816,0.10785543,0.116898036,5,1.0,1.0,0.008360916
33,23,P4,0.10499644999999999,0.0003126960736881718,-0.09286449999999999,0.116828348,5,1.0,1.0,0.008360916
33,24,T5,0.10488353399999999,0.0003484586975238221,0.073167746,0.114506848,5,1.0,1.0,0.008360916
33,2,Fz,0.10369696799999999,0.00025791721039899443,-0.09862838199999999,0.117472888,5,1.0,1.0,0.008360916
33,7,FCz,0.09885912999999999,0.00019822313285789572,0.09885912999999999,0.11407613400000001,5,1.0,1.0,0.008360916
33,4,F4,0.097290816,0.00029146696438876426,0.012819691999999999,0.10734755,5,1.0,1.0,0.008360916
33,10,FT7,0.090249892,0.00038805477547634626,-0.057833767999999994,0.10355784999999999,5,1.0,1.0,0.008360916
33,20,TP8,0.088845466,0.0003999291641403484,-0.05951115,0.10821522400000001,5,1.0,1.0,0.008360916
33,3,F3,0.087977694,0.00040956351501323653,0.028073493999999997,0.094781726,5,1.0,1.0,0.008360916
33,14,C4,0.086020036,0.0006024511651827073,-0.075700668,0.096624146,5,1.0,1.0,0.008360916
33,5,F7,0.084536898,0.00032438295318959346,0.081956796,0.09807682,5,1.0,1.0,0.008360916
33,19,TP7,0.083911176,0.00024328516247400117,-0.018635798000000002,0.093815046,5,1.0,1.0,0.008360916
33,25,T6,0.082132938,0.0001649467243384969,-0.06263492200000001,0.09325216,5,1.0,1.0,0.008360916
33,11,FT8,0.08048686,0.0005139293348798017,-0.0033489459999999998,0.097553592,5,1.0,1.0,0.008360916
33,26,Oz,0.077481086,0.0003961749810121772,0.042054616,0.079812598,5,1.0,1.0,0.008360916
33,6,F8,0.077436534,0.0001412989194226199,-0.028813238,0.07852996799999999,5,1.0,1.0,0.008360916
33,1,Fp2,0.07728257,0.0003524919355815073,0.061381242,0.09482934600000001,5,1.0,1.0,0.008360916
33,12,Cz,0.07679343000000001,0.00030074887256646075,0.07514679399999999,0.092251638,5,1.0,1.0,0.008360916
33,9,FC4,0.058390128,0.0001930299935761261,-0.058390128,0.07685826600000001,5,1.0,1.0,0.008360916
33,8,FC3,0.031320376,0.00025619810641376735,0.00587056,0.038047792000000004,5,1.0,1.0,0.008360916
34,2,Fz,0.149869796,0.02846347966825524,-0.149869796,0.156584206,5,0.675,0.0,0.8248754439999999
34,28,O2,0.139755418,0.043023474834148624,-0.012296640000000001,0.153355438,5,0.675,0.0,0.8248754439999999
34,14,C4,0.13720654599999998,0.033334199428674306,-0.088181306,0.151750426,5,0.675,0.0,0.8248754439999999
34,7,FCz,0.1328605,0.04259871959627425,0.122519216,0.15489118799999999,5,0.675,0.0,0.8248754439999999
34,27,O1,0.129306806,0.019026481669944393,0.013063128000000002,0.135743532,5,0.675,0.0,0.8248754439999999
34,13,C3,0.127623336,0.04806204044505997,0.004582574000000001,0.13945622200000002,5,0.675,0.0,0.8248754439999999
34,8,FC3,0.120985338,0.05449586576434693,-0.019535116,0.136622358,5,0.675,0.0,0.8248754439999999
34,18,CP4,0.11793164599999999,0.041560383019481784,0.055777556000000006,0.12690706000000002,5,0.675,0.0,0.8248754439999999
34,17,CP3,0.11218745999999999,0.03470550022271038,-0.002437378,0.12460620600000001,5,0.675,0.0,0.8248754439999999
34,11,FT8,0.1110587,0.05532499471063147,0.05654122,0.12929141,5,0.675,0.0,0.8248754439999999
34,26,Oz,0.10922383399999999,0.04909615394331699,0.078381198,0.127858162,5,0.675,0.0,0.8248754439999999
34,9,FC4,0.107683172,0.03891272955709957,-0.03329109,0.12038443400000001,5,0.675,0.0,0.8248754439999999
34,4,F4,0.10764014400000002,0.025638289092081202,-0.017746322,0.12099905799999999,5,0.675,0.0,0.8248754439999999
34,20,TP8,0.092797788,0.022956732992134795,-0.050665324,0.10659429000000001,5,0.675,0.0,0.8248754439999999
34,16,T4,0.091949646,0.016465458364354146,0.030651882,0.10611417000000001,5,0.675,0.0,0.8248754439999999
34,3,F3,0.086962476,0.027367146271577703,0.009722798000000001,0.099708686,5,0.675,0.0,0.8248754439999999
34,19,TP7,0.085509268,0.020449296007182496,-0.042185148,0.100431058,5,0.675,0.0,0.8248754439999999
34,23,P4,0.083111276,0.02516548242679008,-0.055689398,0.103298712,5,0.675,0.0,0.8248754439999999
34,15,T3,0.082825832,0.011840892771802298,0.06091972799999999,0.09210863799999999,5,0.675,0.0,0.8248754439999999
34,10,FT7,0.082635462,0.0364220887989393,-0.024973913999999996,0.09667541,5,0.675,0.0,0.8248754439999999
34,1,Fp2,0.079194438,0.010758130188298059,0.053896444,0.09714735199999999,5,0.675,0.0,0.8248754439999999
34,22,P3,0.07919158800000001,0.011511355660955836,0.022637126,0.087098584,5,0.675,0.0,0.8248754439999999
34,24,T5,0.077205526,0.029911299713804317,0.013891361999999999,0.088886706,5,0.675,0.0,0.8248754439999999
34,0,Fp1,0.067082746,0.01627050183052846,-0.056449536,0.082180214,5,0.675,0.0,0.8248754439999999
34,25,T6,0.06595952199999999,0.02209433134295469,-0.0037986540000000007,0.079860292,5,0.675,0.0,0.8248754439999999
34,21,Pz,0.063073276,0.03401699214582956,0.022324643999999998,0.078217838,5,0.675,0.0,0.8248754439999999
34,12,Cz,0.05944955999999999,0.026840581324104173,0.042813366,0.07840847,5,0.675,0.0,0.8248754439999999
34,6,F8,0.058129874000000005,0.022122945550967662,0.0029239980000000006,0.068012812,5,0.675,0.0,0.8248754439999999
34,5,F7,0.048641518,0.024529458402028977,0.038772552,0.060011286,5,0.675,0.0,0.8248754439999999
35,18,CP4,0.139135526,0.029629879836913443,0.093216066,0.159560266,5,0.6,0.0,0.49512582600000005
35,15,T3,0.13237538399999998,0.01266315559672943,0.12963711,0.14473271,5,0.6,0.0,0.49512582600000005
35,21,Pz,0.12457669600000001,0.027967900182318477,-0.037961906000000004,0.136611156,5,0.6,0.0,0.49512582600000005
35,16,T4,0.11752329800000001,0.0376793923607762,0.025786552,0.13879619999999998,5,0.6,0.0,0.49512582600000005
35,28,O2,0.11150943799999999,0.030748940968158885,0.0073247719999999985,0.12051638,5,0.6,0.0,0.49512582600000005
35,27,O1,0.10544230400000001,0.016932864449561682,0.046870524000000004,0.11337350399999999,5,0.6,0.0,0.49512582600000005
35,0,Fp1,0.104204966,0.019489884226790058,-0.06334457,0.11822687000000001,5,0.6,0.0,0.49512582600000005
35,17,CP3,0.10242473,0.014492277035931934,0.0062527780000000005,0.11736087399999999,5,0.6,0.0,0.49512582600000005
35,22,P3,0.101342368,0.027586909019441993,0.101212236,0.12265791,5,0.6,0.0,0.49512582600000005
35,19,TP7,0.10073140600000001,0.016592946834953097,-0.032117878,0.11196029199999999,5,0.6,0.0,0.49512582600000005
35,23,P4,0.099329368,0.01589731404658253,-0.049503896000000006,0.114959046,5,0.6,0.0,0.49512582600000005
35,20,TP8,0.097944254,0.007929395123616303,0.0018806439999999995,0.11582582400000001,5,0.6,0.0,0.49512582600000005
35,2,Fz,0.09554924000000001,0.023294176109577257,-0.081300206,0.10591424199999999,5,0.6,0.0,0.49512582600000005
35,11,FT8,0.095134958,0.01324799085621174,0.01512442,0.107716938,5,0.6,0.0,0.49512582600000005
35,26,Oz,0.094916768,0.025756662741283465,0.0587804,0.105498896,5,0.6,0.0,0.49512582600000005
35,7,FCz,0.09408988,0.024108654701683378,0.09323835999999999,0.10870608,5,0.6,0.0,0.49512582600000005
35,25,T6,0.089924036,0.017506224347505088,-0.075135756,0.10990199999999999,5,0.6,0.0,0.49512582600000005
35,14,C4,0.08966520200000001,0.026539926953404937,-0.07179292,0.10348874599999999,5,0.6,0.0,0.49512582600000005
35,5,F7,0.08838079600000001,0.015062137770354181,0.077589418,0.10874763800000001,5,0.6,0.0,0.49512582600000005
35,13,C3,0.088090418,0.021968221711346367,0.055260648,0.09997028799999999,5,0.6,0.0,0.49512582600000005
35,4,F4,0.087957758,0.026126144536780006,0.039830626,0.096437726,5,0.6,0.0,0.49512582600000005
35,8,FC3,0.086789598,0.05937961829795069,-0.04526902,0.10205733400000001,5,0.6,0.0,0.49512582600000005
35,24,T5,0.08030904800000001,0.030415809847291916,0.024634655999999998,0.087328582,5,0.6,0.0,0.49512582600000005
35,6,F8,0.074975842,0.015090532023567624,-0.0253203,0.081524522,5,0.6,0.0,0.49512582600000005
35,10,FT7,0.072687926,0.02045826706254784,-0.048681728,0.079195026,5,0.6,0.0,0.49512582600000005
35,12,Cz,0.06981988,0.00761028938661008,0.05989359600000001,0.08440746,5,0.6,0.0,0.49512582600000005
35,9,FC4,0.06823904,0.0174428247338913,-0.02133844,0.083943964,5,0.6,0.0,0.49512582600000005
35,3,F3,0.066341516,0.01354870198471721,0.024244266,0.07266683199999999,5,0.6,0.0,0.49512582600000005
35,1,Fp2,0.05843559,0.016851853949009586,0.04082903,0.07321345800000001,5,0.6,0.0,0.49512582600000005
36,21,Pz,0.15258530399999998,0.00019226132302156153,0.00726826,0.152806862,5,1.0,1.0,0.006986452
36,28,O2,0.14429543,0.00010951428103220121,-0.023426284,0.14696881,5,1.0,1.0,0.006986452
36,15,T3,0.127411776,0.00039561336823974936,0.127411776,0.132691578,5,1.0,1.0,0.006986452
36,27,O1,0.12158431,0.00025633576515968583,0.05606628,0.132072382,5,1.0,1.0,0.006986452
36,16,T4,0.12156963800000001,0.00020545509562919605,0.013097412,0.13406164599999998,5,1.0,1.0,0.006986452
36,17,CP3,0.121256994,0.00019100607851583657,0.033561956000000004,0.139902912,5,1.0,1.0,0.006986452
36,13,C3,0.11519356,0.0003210273246158293,0.072699242,0.11745228999999999,5,1.0,1.0,0.006986452
36,18,CP4,0.110946362,0.00022720587727873728,0.034018686,0.127851882,5,1.0,1.0,0.006986452
36,0,Fp1,0.10944764600000001,9.213768192221981e-05,-0.0958474,0.122307266,5,1.0,1.0,0.006986452
36,22,P3,0.10847687399999999,0.0002534072312109563,0.10847687399999999,0.117773096,5,1.0,1.0,0.006986452
36,24,T5,0.10504804999999999,0.00042627027769949016,0.073671804,0.11448996200000001,5,1.0,1.0,0.006986452
36,23,P4,0.104871456,0.0004470907941682534,-0.092897012,0.11668245,5,1.0,1.0,0.006986452
36,2,Fz,0.104083118,0.00010949257678034766,-0.098331924,0.11743921799999998,5,1.0,1.0,0.006986452
36,7,FCz,0.098598466,0.0002991240308467395,0.098598466,0.11377934599999999,5,1.0,1.0,0.006986452
36,4,F4,0.097231522,0.0002560748085423436,0.012188766,0.107532636,5,1.0,1.0,0.006986452
36,10,FT7,0.09022532,0.000278947073743394,-0.05846751,0.10378700599999999,5,1.0,1.0,0.006986452
36,20,TP8,0.08924204399999999,0.0003724234451266467,-0.059516018000000004,0.108493654,5,1.0,1.0,0.006986452
36,3,F3,0.087323706,0.00023954819281305154,0.027529226,0.094033562,5,1.0,1.0,0.006986452
36,14,C4,0.08531440400000001,0.000447199563315977,-0.074866206,0.095743842,5,1.0,1.0,0.006986452
36,19,TP7,0.08497623800000001,0.0002433860327134688,-0.018291528,0.09486548,5,1.0,1.0,0.006986452
36,5,F7,0.08413705,0.000333576302365734,0.081767262,0.09779516,5,1.0,1.0,0.006986452
36,25,T6,0.080605966,4.100524027487224e-05,-0.062227774,0.091948636,5,1.0,1.0,0.006986452
36,11,FT8,0.08047358,0.00026485685492356277,-0.003971674,0.097635454,5,1.0,1.0,0.006986452
36,1,Fp2,0.07810048,0.00029360520133335223,0.061574187999999995,0.095531036,5,1.0,1.0,0.006986452
36,6,F8,0.07767890200000001,0.00034383396242954934,-0.029553775999999997,0.078605206,5,1.0,1.0,0.006986452
36,26,Oz,0.07759258399999999,0.00036046312020787745,0.04236236,0.08009048399999999,5,1.0,1.0,0.006986452
36,12,Cz,0.07676518800000001,0.00019873654487788904,0.07506115799999999,0.092057074,5,1.0,1.0,0.006986452
36,9,FC4,0.058624529999999994,0.000235738793583067,-0.058624529999999994,0.07688818,5,1.0,1.0,0.006986452
36,8,FC3,0.03069231,0.0003966400606343233,0.0059013799999999995,0.037471612,5,1.0,1.0,0.006986452
37,28,O2,0.15219792399999998,0.011627398593783993,-0.010214392000000001,0.15527479400000002,5,0.75,0.4,0.16730647
37,21,Pz,0.149314374,0.005654599563641092,0.01819987,0.15140337399999998,5,0.75,0.4,0.16730647
37,15,T3,0.120108518,0.012828529062560915,0.120108518,0.131842024,5,0.75,0.4,0.16730647
37,22,P3,0.116497892,0.013935574595536782,0.116497892,0.125470872,5,0.75,0.4,0.16730647
37,17,CP3,0.115768414,0.008373019281461735,0.024977102,0.133635642,5,0.75,0.4,0.16730647
37,27,O1,0.115146118,0.012965333040287474,0.051827592,0.12533654,5,0.75,0.4,0.16730647
37,2,Fz,0.114365498,0.025880720713748875,-0.11077002799999999,0.126964674,5,0.75,0.4,0.16730647
37,18,CP4,0.112708114,0.006490291042605874,0.048569502,0.13034483400000002,5,0.75,0.4,0.16730647
37,13,C3,0.11261169200000001,0.019362446381440804,0.08104404600000001,0.119332956,5,0.75,0.4,0.16730647
37,24,T5,0.11229898600000002,0.010347449082463748,0.076365406,0.12203507799999999,5,0.75,0.4,0.16730647
37,16,T4,0.11093665999999999,0.015204044899805444,0.006464386000000001,0.126311338,5,0.75,0.4,0.16730647
37,4,F4,0.10286268400000001,0.009714449529856537,0.014056917999999998,0.113255866,5,0.75,0.4,0.16730647
37,0,Fp1,0.10261260800000001,0.009583948708145823,-0.080948926,0.113074496,5,0.75,0.4,0.16730647
37,3,F3,0.098541846,0.0147761212163267,0.037891248,0.103979566,5,0.75,0.4,0.16730647
37,20,TP8,0.094217532,0.008455699920265031,-0.065000232,0.11549239,5,0.75,0.4,0.16730647
37,10,FT7,0.092708184,0.007552812120222506,-0.069492644,0.114123204,5,0.75,0.4,0.16730647
37,6,F8,0.091804322,0.01917449238358267,-0.041627434000000005,0.09297593200000001,5,0.75,0.4,0.16730647
37,7,FCz,0.09157056599999999,0.013310964998291071,0.07954482199999999,0.102161264,5,0.75,0.4,0.16730647
37,23,P4,0.087922902,0.032027790134752036,-0.07452890999999999,0.097554676,5,0.75,0.4,0.16730647
37,11,FT8,0.084512946,0.005759680708236349,0.0011505719999999997,0.100813488,5,0.75,0.4,0.16730647
37,14,C4,0.082097528,0.00626062703720402,-0.074707414,0.092718682,5,0.75,0.4,0.16730647
37,1,Fp2,0.079303086,0.003982109506207734,0.062474976,0.094574294,5,0.75,0.4,0.16730647
37,19,TP7,0.078187834,0.010004350280427007,-0.018181124,0.09167078,5,0.75,0.4,0.16730647
37,26,Oz,0.077993912,0.0013284699791941098,0.03846336,0.083211724,5,0.75,0.4,0.16730647
37,5,F7,0.077434098,0.020993293927249003,0.073264838,0.092275294,5,0.75,0.4,0.16730647
37,25,T6,0.07331843600000001,0.011302027207347807,-0.05222272800000001,0.08364286800000001,5,0.75,0.4,0.16730647
37,12,Cz,0.072186072,0.006187529676007218,0.059714774000000005,0.085983488,5,0.75,0.4,0.16730647
37,9,FC4,0.07085430000000001,0.02091890012968655,-0.07085430000000001,0.087897208,5,0.75,0.4,0.16730647
37,8,FC3,0.03252548,0.003728387119740922,-0.010215188,0.0399796,5,0.75,0.4,0.16730647
38,18,CP4,0.13081247599999998,0.03475553103735404,0.062494896,0.150119894,5,0.725,0.2,0.570929298
38,28,O2,0.12659669,0.026993493400333538,-0.032215136,0.13962279,5,0.725,0.2,0.570929298
38,21,Pz,0.126113394,0.038638799563195284,0.0019394739999999994,0.13441711,5,0.725,0.2,0.570929298
38,17,CP3,0.118551196,0.011694006509949026,-0.024261182,0.146608012,5,0.725,0.2,0.570929298
38,16,T4,0.11697904,0.02187387008676334,0.032248611999999996,0.129825842,5,0.725,0.2,0.570929298
38,2,Fz,0.11315904800000001,0.022359704640756553,-0.10724049,0.132296608,5,0.725,0.2,0.570929298
38,15,T3,0.111602446,0.019338845997464018,0.09144428,0.12281480199999999,5,0.725,0.2,0.570929298
38,23,P4,0.111510892,0.027954596503519242,-0.108987794,0.136422024,5,0.725,0.2,0.570929298
38,20,TP8,0.10893364400000001,0.02344774671623971,-0.057352946,0.123621524,5,0.725,0.2,0.570929298
38,22,P3,0.10885204200000001,0.007862209392541643,0.10885204200000001,0.12100114,5,0.725,0.2,0.570929298
38,3,F3,0.099205122,0.02003509270479101,0.013470792,0.11643487799999999,5,0.725,0.2,0.570929298
38,4,F4,0.09746268,0.01801399373983321,0.044867268,0.107701818,5,0.725,0.2,0.570929298
38,5,F7,0.09718471399999999,0.015215509917364917,0.093869766,0.113253632,5,0.725,0.2,0.570929298
38,24,T5,0.095372112,0.016836530851085982,0.069619154,0.107661224,5,0.725,0.2,0.570929298
38,7,FCz,0.08901239600000001,0.006094597897517933,0.06081118,0.10587837,5,0.725,0.2,0.570929298
38,19,TP7,0.08850857,0.02415954723496696,-0.060920518,0.104088508,5,0.725,0.2,0.570929298
38,14,C4,0.0871484,0.023521503208420804,-0.050667166,0.10113046,5,0.725,0.2,0.570929298
38,11,FT8,0.086882424,0.014375066296557732,-0.00271123,0.097696728,5,0.725,0.2,0.570929298
38,0,Fp1,0.08423209000000001,0.02129896172348549,-0.079207562,0.097708272,5,0.725,0.2,0.570929298
38,9,FC4,0.07778098,0.013913923115038408,-0.039629488000000004,0.096649718,5,0.725,0.2,0.570929298
38,13,C3,0.07727748599999999,0.022476142750219173,0.025215912,0.083646844,5,0.725,0.2,0.570929298
38,6,F8,0.076038388,0.023233180481535883,-0.008370604,0.089360502,5,0.725,0.2,0.570929298
38,26,Oz,0.070866418,0.023953670803732147,0.051605385999999996,0.085404224,5,0.725,0.2,0.570929298
38,27,O1,0.06864497,0.03679799012411752,0.044091913999999996,0.079926728,5,0.725,0.2,0.570929298
38,12,Cz,0.067832802,0.015302226885730392,0.010363818,0.081204234,5,0.725,0.2,0.570929298
38,1,Fp2,0.062849452,0.023456858653806773,0.03231214,0.07943818799999999,5,0.725,0.2,0.570929298
38,10,FT7,0.062596108,0.02007696507304005,-0.034626182,0.07359382,5,0.725,0.2,0.570929298
38,8,FC3,0.05364097599999999,0.02187370658011417,-0.009299746,0.062665218,5,0.725,0.2,0.570929298
38,25,T6,0.052383924000000005,0.020056352864892456,-0.016004136,0.060258978,5,0.725,0.2,0.570929298
39,28,O2,0.14889001799999999,0.02374705139388615,-0.03177324,0.156532534,5,0.825,0.4,0.20726848000000003
39,21,Pz,0.144235164,0.012888002011348768,-0.0015809700000000003,0.145124738,5,0.825,0.4,0.20726848000000003
39,18,CP4,0.137192046,0.03780017348692503,0.06492401,0.14867055,5,0.825,0.4,0.20726848000000003
39,17,CP3,0.13269198799999998,0.018158547429460596,0.026127474,0.148523554,5,0.825,0.4,0.20726848000000003
39,15,T3,0.129158606,0.008088547941814399,0.128100152,0.14240314599999998,5,0.825,0.4,0.20726848000000003
39,2,Fz,0.11605364,0.01736843158068541,-0.09650179,0.125797434,5,0.825,0.4,0.20726848000000003
39,16,T4,0.114422662,0.016914195132163988,0.019278629999999998,0.13270641,5,0.825,0.4,0.20726848000000003
39,27,O1,0.11005897,0.017252535964587933,0.052772688,0.12230417600000001,5,0.825,0.4,0.20726848000000003
39,0,Fp1,0.105264376,0.008208459944236189,-0.095504226,0.121258508,5,0.825,0.4,0.20726848000000003
39,23,P4,0.10151897800000001,0.006278271522845282,-0.077701994,0.11508733,5,0.825,0.4,0.20726848000000003
39,24,T5,0.09853767199999999,0.015893810559035867,0.06812214,0.109163766,5,0.825,0.4,0.20726848000000003
39,7,FCz,0.097326066,0.0034757788714516883,0.092623878,0.113801844,5,0.825,0.4,0.20726848000000003
39,4,F4,0.09449344800000001,0.004039986503401957,0.023138988,0.10423094399999999,5,0.825,0.4,0.20726848000000003
39,22,P3,0.091345358,0.024181313916665486,0.08645350199999999,0.099946412,5,0.825,0.4,0.20726848000000003
39,5,F7,0.091160596,0.013151197116809565,0.089683084,0.107930806,5,0.825,0.4,0.20726848000000003
39,10,FT7,0.088496128,0.0058295661660255635,-0.06798441200000001,0.107372832,5,0.825,0.4,0.20726848000000003
39,25,T6,0.088088424,0.012803720589283021,-0.049188606,0.10117084800000001,5,0.825,0.4,0.20726848000000003
39,19,TP7,0.08741162,0.003822960485559581,-0.022616972000000003,0.095976644,5,0.825,0.4,0.20726848000000003
39,20,TP8,0.08667090400000001,0.008870302840536503,-0.05666645,0.10363168199999999,5,0.825,0.4,0.20726848000000003
39,13,C3,0.085756086,0.04328486693347202,0.050934502000000006,0.090587874,5,0.825,0.4,0.20726848000000003
39,3,F3,0.084358962,0.011335731956506822,0.009372905999999999,0.095563106,5,0.825,0.4,0.20726848000000003
39,26,Oz,0.08063712399999999,0.012075445634589642,0.031828376000000005,0.084780418,5,0.825,0.4,0.20726848000000003
39,14,C4,0.080075558,0.007429622143929666,-0.062677916,0.08961358,5,0.825,0.4,0.20726848000000003
39,1,Fp2,0.076565256,0.01451259571239859,0.060964164,0.101422824,5,0.825,0.4,0.20726848000000003
39,11,FT8,0.076179212,0.008727260031938435,0.004199675999999999,0.093358338,5,0.825,0.4,0.20726848000000003
39,12,Cz,0.07353691799999999,0.005088348733830067,0.07047160599999999,0.088707478,5,0.825,0.4,0.20726848000000003
39,6,F8,0.056301142000000005,0.02823437600945645,-0.012109106,0.061137198000000004,5,0.825,0.4,0.20726848000000003
39,8,FC3,0.048530118,0.025049636399802688,0.00190748,0.059267444,5,0.825,0.4,0.20726848000000003
39,9,FC4,0.04712875800000001,0.01789593647757697,-0.039356182,0.059237106,5,0.825,0.4,0.20726848000000003
4,21,Pz,0.14118184,0.02314354099250264,-0.027835702,0.149882188,5,0.75,0.2,0.5601737
4,13,C3,0.132718126,0.027064446568857266,0.052478064000000005,0.144894794,5,0.75,0.2,0.5601737
4,28,O2,0.12908488199999998,0.033660279834347336,-0.015739285999999998,0.13593829799999999,5,0.75,0.2,0.5601737
4,18,CP4,0.120370668,0.029460502014760706,0.08341536599999999,0.145008774,5,0.75,0.2,0.5601737
4,2,Fz,0.118044862,0.03957940333048895,-0.05779418199999999,0.130240718,5,0.75,0.2,0.5601737
4,17,CP3,0.11772727600000002,0.020217836987793232,0.0003306959999999998,0.14566243,5,0.75,0.2,0.5601737
4,9,FC4,0.11666626599999999,0.07945279965120883,-0.052718693999999997,0.139857202,5,0.75,0.2,0.5601737
4,23,P4,0.11532756200000001,0.011676396548394972,-0.054846436,0.130127826,5,0.75,0.2,0.5601737
4,22,P3,0.11238969000000001,0.036816080408516465,0.09265022199999999,0.127104254,5,0.75,0.2,0.5601737
4,16,T4,0.107738496,0.025460140070291837,-0.010558774000000002,0.1230445,5,0.75,0.2,0.5601737
4,7,FCz,0.10542406600000001,0.01614792253058826,0.069373324,0.121641628,5,0.75,0.2,0.5601737
4,25,T6,0.10527584000000001,0.05355659056541501,0.00824752,0.1263034,5,0.75,0.2,0.5601737
4,14,C4,0.104053612,0.04875081416018117,-0.089528016,0.11883672999999999,5,0.75,0.2,0.5601737
4,15,T3,0.097969946,0.029338510664520447,0.091114484,0.10731411799999999,5,0.75,0.2,0.5601737
4,27,O1,0.092851034,0.031065404136934708,0.04381392,0.110309886,5,0.75,0.2,0.5601737
4,26,Oz,0.090498734,0.01484826293941921,0.031392806,0.098208606,5,0.75,0.2,0.5601737
4,12,Cz,0.09023888399999999,0.02155022960084486,0.083729134,0.102107778,5,0.75,0.2,0.5601737
4,3,F3,0.084805574,0.02528622547121812,0.024371496,0.09654866,5,0.75,0.2,0.5601737
4,20,TP8,0.084180808,0.016943976295629957,-0.051079706,0.103061666,5,0.75,0.2,0.5601737
4,4,F4,0.08229550399999999,0.02335903387188627,-0.005713668,0.088440558,5,0.75,0.2,0.5601737
4,6,F8,0.07895882600000001,0.004103720187376328,0.013266723999999999,0.085740052,5,0.75,0.2,0.5601737
4,10,FT7,0.07856576600000001,0.031664060357140394,-0.02237045,0.090919304,5,0.75,0.2,0.5601737
4,5,F7,0.077262586,0.0252932440188735,0.055369322,0.093421878,5,0.75,0.2,0.5601737
4,19,TP7,0.076973552,0.02000001616267647,-0.023292227999999998,0.085727822,5,0.75,0.2,0.5601737
4,11,FT8,0.07252861,0.010451708054148376,-0.008501459999999999,0.09176635,5,0.75,0.2,0.5601737
4,1,Fp2,0.072495596,0.012975008422248904,0.051058052,0.08743503999999999,5,0.75,0.2,0.5601737
4,8,FC3,0.072074272,0.03888490702566961,0.025733602,0.089054862,5,0.75,0.2,0.5601737
4,0,Fp1,0.067575236,0.04018682630240574,-0.045309708000000004,0.078655208,5,0.75,0.2,0.5601737
4,24,T5,0.065636136,0.03694515403365548,0.0355093,0.075657864,5,0.75,0.2,0.5601737
40,15,T3,0.14780681,0.012879934728056663,0.14780681,0.153100372,5,0.75,0.2,0.30208371
40,21,Pz,0.142046622,0.010049857982009996,0.015606723999999999,0.144723434,5,0.75,0.2,0.30208371
40,22,P3,0.135414198,0.02139026709136237,0.135414198,0.141878746,5,0.75,0.2,0.30208371
40,18,CP4,0.13323469599999999,0.015104760298216592,0.072941568,0.15119143799999998,5,0.75,0.2,0.30208371
40,28,O2,0.12931991999999998,0.012894001492389793,-0.04742222,0.139480138,5,0.75,0.2,0.30208371
40,17,CP3,0.128600804,0.009505918351210478,0.021976678,0.14439849200000002,5,0.75,0.2,0.30208371
40,16,T4,0.11545017399999999,0.005837087683501081,-0.019899146,0.131980554,5,0.75,0.2,0.30208371
40,27,O1,0.111683292,0.013104775362917136,0.02859504,0.137253546,5,0.75,0.2,0.30208371
40,2,Fz,0.102824392,0.010843423424690194,-0.10141204,0.11386136399999999,5,0.75,0.2,0.30208371
40,3,F3,0.102439778,0.010322753926514472,0.061873172,0.10670205400000002,5,0.75,0.2,0.30208371
40,13,C3,0.102083854,0.01061426690718346,0.043785802,0.108466404,5,0.75,0.2,0.30208371
40,0,Fp1,0.10165655199999998,0.019167328348571957,-0.082210052,0.12141769,5,0.75,0.2,0.30208371
40,7,FCz,0.09917843800000001,0.01080471866632214,0.09917843800000001,0.10888172199999999,5,0.75,0.2,0.30208371
40,19,TP7,0.097719312,0.013728433450811858,-0.014278997999999998,0.102146458,5,0.75,0.2,0.30208371
40,5,F7,0.094426732,0.018909730071716254,0.09216056,0.10490535599999999,5,0.75,0.2,0.30208371
40,4,F4,0.093399326,0.004969403283788703,0.022759592000000002,0.10098642,5,0.75,0.2,0.30208371
40,23,P4,0.089921542,0.009708321507602124,-0.07145592999999999,0.098225324,5,0.75,0.2,0.30208371
40,24,T5,0.08807814,0.01249114022412886,0.048370296,0.10087578800000001,5,0.75,0.2,0.30208371
40,25,T6,0.086582676,0.01844694392263472,-0.01891849,0.097694594,5,0.75,0.2,0.30208371
40,10,FT7,0.084318984,0.005383416519551498,-0.05520457199999999,0.10540944,5,0.75,0.2,0.30208371
40,20,TP8,0.083532732,0.008830418513375795,-0.046603292000000004,0.09651892,5,0.75,0.2,0.30208371
40,14,C4,0.080424578,0.0036712259996723126,-0.06824275199999999,0.089267772,5,0.75,0.2,0.30208371
40,11,FT8,0.07730379400000001,0.004464101447892958,-0.024070626,0.09202872799999999,5,0.75,0.2,0.30208371
40,1,Fp2,0.076174036,0.01214558426994272,0.06768281000000001,0.09266189799999999,5,0.75,0.2,0.30208371
40,26,Oz,0.075583546,0.019374757803063757,0.043933154,0.08213556,5,0.75,0.2,0.30208371
40,12,Cz,0.07420204999999999,0.00918700531970837,0.07364499599999999,0.086055176,5,0.75,0.2,0.30208371
40,6,F8,0.06923818400000001,0.01726499259000218,-0.036114086000000004,0.078532078,5,0.75,0.2,0.30208371
40,9,FC4,0.05296101600000001,0.011522990163674095,-0.052215046,0.07001581,5,0.75,0.2,0.30208371
40,8,FC3,0.035978734,0.002984489715592935,0.0014621880000000001,0.041464632,5,0.75,0.2,0.30208371
41,21,Pz,0.157521954,0.006473084830772719,-0.017806306,0.159870872,5,0.875,0.4,0.288564922
41,28,O2,0.140537596,0.007193912235044989,-0.030427570000000004,0.148163362,5,0.875,0.4,0.288564922
41,15,T3,0.140198874,0.03524146153686776,0.140198874,0.14589891000000002,5,0.875,0.4,0.288564922
41,17,CP3,0.1338924,0.028977270828797,0.034268016,0.14990617,5,0.875,0.4,0.288564922
41,16,T4,0.12111844000000001,0.006285466827070206,0.026857021999999998,0.134920752,5,0.875,0.4,0.288564922
41,27,O1,0.12061868,0.012912656227815797,0.06747511,0.13595383,5,0.875,0.4,0.288564922
41,2,Fz,0.11730393399999998,0.01901206022065152,-0.104921938,0.130893958,5,0.875,0.4,0.288564922
41,24,T5,0.10825512200000001,0.0036789137283741733,0.070942882,0.12342964599999999,5,0.875,0.4,0.288564922
41,23,P4,0.106311668,0.003939509663621855,-0.068734398,0.117522832,5,0.875,0.4,0.288564922
41,13,C3,0.10617505599999999,0.014983431907519721,0.05535679,0.11293832,5,0.875,0.4,0.288564922
41,18,CP4,0.103316696,0.022561916145433656,0.034152782000000007,0.11771368,5,0.875,0.4,0.288564922
41,22,P3,0.10120351000000001,0.014190550569782348,0.09272658,0.109759702,5,0.875,0.4,0.288564922
41,7,FCz,0.099927488,0.012287728327732917,0.093636048,0.11536928799999999,5,0.875,0.4,0.288564922
41,20,TP8,0.095475292,0.020789840325000575,-0.03828987,0.11094767999999999,5,0.875,0.4,0.288564922
41,19,TP7,0.0929029,0.02898381325536807,-0.05438795,0.10641014200000001,5,0.875,0.4,0.288564922
41,11,FT8,0.091758772,0.016705185684564243,-0.00172077,0.10926686,5,0.875,0.4,0.288564922
41,0,Fp1,0.090325764,0.03505017034921984,-0.07590179999999999,0.0995182,5,0.875,0.4,0.288564922
41,4,F4,0.088533206,0.01457850135059945,-0.01117126,0.101649112,5,0.875,0.4,0.288564922
41,10,FT7,0.088049408,0.010277575718133636,-0.046568472,0.103453964,5,0.875,0.4,0.288564922
41,14,C4,0.08754503999999999,0.025091040121764573,-0.018104628000000005,0.100734948,5,0.875,0.4,0.288564922
41,3,F3,0.08742968,0.005347816294442061,0.0012667220000000007,0.094441476,5,0.875,0.4,0.288564922
41,25,T6,0.085463358,0.009262189869610749,-0.055017274000000005,0.097503948,5,0.875,0.4,0.288564922
41,12,Cz,0.082314508,0.025172930817767725,0.076327784,0.096361378,5,0.875,0.4,0.288564922
41,5,F7,0.075502134,0.012177296518089714,0.046283348,0.08609531200000001,5,0.875,0.4,0.288564922
41,26,Oz,0.073811238,0.007820308463604238,0.030131428,0.077910442,5,0.875,0.4,0.288564922
41,6,F8,0.07377096400000001,0.0076411800393087195,-0.018674432,0.077555584,5,0.875,0.4,0.288564922
41,1,Fp2,0.065114724,0.018614140630769934,0.048194354,0.08550542800000001,5,0.875,0.4,0.288564922
41,9,FC4,0.052006675999999995,0.006891947017848441,-0.03478981,0.06576180000000001,5,0.875,0.4,0.288564922
41,8,FC3,0.036989964,0.017566204778439762,0.005013582000000001,0.044018352,5,0.875,0.4,0.288564922
42,17,CP3,0.13646677599999998,0.015201269120229068,-0.010316162,0.161038042,5,0.825,0.2,0.602590648
42,21,Pz,0.125625868,0.03761492844648611,0.032405106,0.133588282,5,0.825,0.2,0.602590648
42,23,P4,0.124380148,0.03183025805386315,-0.119830298,0.14126325,5,0.825,0.2,0.602590648
42,14,C4,0.117212536,0.03471201912151871,0.012789290000000004,0.13376522200000002,5,0.825,0.2,0.602590648
42,13,C3,0.11611529000000001,0.011912896406073957,0.042199618,0.124380356,5,0.825,0.2,0.602590648
42,16,T4,0.114650574,0.027502946423816666,0.027111204,0.13298474,5,0.825,0.2,0.602590648
42,2,Fz,0.114418218,0.026902447692531067,-0.060505732,0.13248346,5,0.825,0.2,0.602590648
42,28,O2,0.11183043399999999,0.034781259007234486,-0.010048622,0.122453018,5,0.825,0.2,0.602590648
42,19,TP7,0.109456464,0.036721086971848074,0.008271938000000001,0.121708844,5,0.825,0.2,0.602590648
42,4,F4,0.10380397000000001,0.019476006180499383,0.009275622,0.11773120399999999,5,0.825,0.2,0.602590648
42,5,F7,0.101792806,0.030993652546554267,0.070897096,0.11561274399999999,5,0.825,0.2,0.602590648
42,18,CP4,0.09996955599999999,0.02884000474336438,0.052782014,0.116769914,5,0.825,0.2,0.602590648
42,7,FCz,0.09991783400000001,0.03554527626194626,0.066771936,0.117578936,5,0.825,0.2,0.602590648
42,11,FT8,0.09880082800000001,0.02607398946029108,0.00148952,0.12270227199999999,5,0.825,0.2,0.602590648
42,0,Fp1,0.097716968,0.03356062919129303,-0.084105522,0.12253149,5,0.825,0.2,0.602590648
42,22,P3,0.097231508,0.014123856715113965,0.09588595200000001,0.11071123599999999,5,0.825,0.2,0.602590648
42,20,TP8,0.09472285,0.011704561111158765,0.0069988859999999984,0.11281049800000001,5,0.825,0.2,0.602590648
42,15,T3,0.09333011799999999,0.03154127415199757,0.09333011799999999,0.100335956,5,0.825,0.2,0.602590648
42,12,Cz,0.092733832,0.016370126365684235,0.047093636,0.107551744,5,0.825,0.2,0.602590648
42,27,O1,0.09270717399999999,0.027158798258633057,0.025485387999999998,0.108589954,5,0.825,0.2,0.602590648
42,10,FT7,0.09239175200000001,0.049506031163472596,-0.034407246,0.104575032,5,0.825,0.2,0.602590648
42,8,FC3,0.091798236,0.06650112016955226,-0.056327346,0.101066748,5,0.825,0.2,0.602590648
42,6,F8,0.080976618,0.019954608754685466,-0.0065860139999999985,0.08706106999999999,5,0.825,0.2,0.602590648
42,24,T5,0.080424516,0.02832998325629103,0.007253984,0.09151305800000001,5,0.825,0.2,0.602590648
42,25,T6,0.07543766199999999,0.02446978604686645,-0.027525916,0.090839324,5,0.825,0.2,0.602590648
42,3,F3,0.074764194,0.016139781519233155,0.031018828,0.085125246,5,0.825,0.2,0.602590648
42,1,Fp2,0.06581125,0.011236066564761442,0.054650276,0.077500712,5,0.825,0.2,0.602590648
42,26,Oz,0.065015982,0.01943630957205276,0.028850762000000002,0.070373204,5,0.825,0.2,0.602590648
42,9,FC4,0.056823838,0.004770366693679846,-0.019468312,0.0722684,5,0.825,0.2,0.602590648
43,21,Pz,0.152944828,0.00027192094847584006,0.0071211339999999995,0.15314725,5,0.9,0.4,0.007249682
43,28,O2,0.14394251200000002,0.00022178007658490092,-0.023596850000000003,0.146678514,5,0.9,0.4,0.007249682
43,15,T3,0.12729666,0.00024511374318875087,0.12729666,0.132483882,5,0.9,0.4,0.007249682
43,16,T4,0.122005548,0.00017827698665279356,0.012883849999999999,0.13435539400000002,5,0.9,0.4,0.007249682
43,27,O1,0.12198336400000001,0.0001401607601292206,0.05617145999999999,0.13247318,5,0.9,0.4,0.007249682
43,17,CP3,0.12107762200000001,0.0004476649162822572,0.033394814,0.13950390399999998,5,0.9,0.4,0.007249682
43,13,C3,0.115875412,0.0001512023211462065,0.07336747,0.118106504,5,0.9,0.4,0.007249682
43,18,CP4,0.110929896,0.0003385744519009065,0.034496948,0.127699066,5,0.9,0.4,0.007249682
43,0,Fp1,0.10965256400000001,0.000213044445668029,-0.09578923,0.12235909600000001,5,0.9,0.4,0.007249682
43,22,P3,0.108360284,0.0001617126353443017,0.108360284,0.117613992,5,0.9,0.4,0.007249682
43,23,P4,0.105025722,0.0003050380816717788,-0.09292948599999999,0.116828032,5,0.9,0.4,0.007249682
43,24,T5,0.104577934,0.00033931793524657864,0.073408094,0.11395849,5,0.9,0.4,0.007249682
43,2,Fz,0.1038187,0.00028378954922618434,-0.098164314,0.11725089600000001,5,0.9,0.4,0.007249682
43,7,FCz,0.099002162,0.0003580203860396786,0.099002162,0.11431928799999999,5,0.9,0.4,0.007249682
43,4,F4,0.097176726,0.00027083948517526437,0.012329112,0.10739480800000001,5,0.9,0.4,0.007249682
43,10,FT7,0.090301894,0.00026147784510355444,-0.057556960000000004,0.10381473,5,0.9,0.4,0.007249682
43,20,TP8,0.08924563999999999,0.00019103855134501224,-0.059564176,0.108490046,5,0.9,0.4,0.007249682
43,3,F3,0.08772540599999999,0.00040269316505250663,0.028108854,0.09447283399999999,5,0.9,0.4,0.007249682
43,14,C4,0.085882026,0.0004992575248606635,-0.075264702,0.096379766,5,0.9,0.4,0.007249682
43,19,TP7,0.084101422,0.00029518969285867593,-0.018392232,0.094139474,5,0.9,0.4,0.007249682
43,5,F7,0.084094408,0.0003516671573661722,0.08198090599999999,0.09781055599999999,5,0.9,0.4,0.007249682
43,25,T6,0.081023168,0.000145013077065481,-0.062459653999999996,0.09250926,5,0.9,0.4,0.007249682
43,11,FT8,0.080376006,0.00021071985639705996,-0.004137486,0.097374158,5,0.9,0.4,0.007249682
43,6,F8,0.077694074,0.0002336734636838283,-0.029552608,0.07867066,5,0.9,0.4,0.007249682
43,1,Fp2,0.07767568799999999,0.00034678758595140034,0.060982278,0.095119642,5,0.9,0.4,0.007249682
43,26,Oz,0.077662576,0.0004492166019082544,0.042487532,0.07998739,5,0.9,0.4,0.007249682
43,12,Cz,0.07712717799999999,0.00033515402230914324,0.075806928,0.092678762,5,0.9,0.4,0.007249682
43,9,FC4,0.057986392,0.0004576935765553208,-0.057986392,0.076452008,5,0.9,0.4,0.007249682
43,8,FC3,0.031810918,0.0002639957952695463,0.006901134000000001,0.037989582,5,0.9,0.4,0.007249682
44,3,F3,0.16078843,0.06400519918340619,0.136579432,0.1715199,5,0.725,0.2,0.6121498080000001
44,23,P4,0.136507576,0.030334505708336984,-0.097104134,0.148433756,5,0.725,0.2,0.6121498080000001
44,11,FT8,0.12109762800000001,0.03753142760245432,-0.027664452,0.134698376,5,0.725,0.2,0.6121498080000001
44,28,O2,0.120526138,0.029817861773152345,-0.030825725999999998,0.131726086,5,0.725,0.2,0.6121498080000001
44,17,CP3,0.12033226799999999,0.006717994666886838,0.032329404,0.13554723600000002,5,0.725,0.2,0.6121498080000001
44,24,T5,0.11584688000000001,0.02341289184197779,0.103122636,0.13384369599999998,5,0.725,0.2,0.6121498080000001
44,13,C3,0.112849852,0.01271380828164284,0.0002996599999999988,0.131698272,5,0.725,0.2,0.6121498080000001
44,7,FCz,0.10786105399999998,0.031117093620174105,0.0031389880000000036,0.12316622399999999,5,0.725,0.2,0.6121498080000001
44,0,Fp1,0.105912262,0.025164632205807624,-0.08999635,0.11847929800000001,5,0.725,0.2,0.6121498080000001
44,12,Cz,0.099775586,0.018582934792845025,0.07541555,0.11174592800000001,5,0.725,0.2,0.6121498080000001
44,21,Pz,0.09937054199999999,0.05411358821323227,0.011717224,0.10541614800000002,5,0.725,0.2,0.6121498080000001
44,4,F4,0.0986194,0.004371289614250012,0.024118706,0.111090404,5,0.725,0.2,0.6121498080000001
44,9,FC4,0.094799336,0.03878726129638286,-0.09037204,0.11128602000000001,5,0.725,0.2,0.6121498080000001
44,15,T3,0.09342473,0.02935226040455147,0.074309422,0.10285734799999999,5,0.725,0.2,0.6121498080000001
44,19,TP7,0.09146889,0.011606214082173827,-0.048826548000000004,0.10217504399999999,5,0.725,0.2,0.6121498080000001
44,18,CP4,0.09097232200000001,0.023896823508748395,0.038786518000000006,0.11172994200000001,5,0.725,0.2,0.6121498080000001
44,10,FT7,0.090781682,0.027575674598493867,-0.066673128,0.101370852,5,0.725,0.2,0.6121498080000001
44,14,C4,0.090400224,0.02410576760055319,-0.006787382000000003,0.10180934800000001,5,0.725,0.2,0.6121498080000001
44,16,T4,0.087129328,0.030425500377069727,0.023764016,0.095101842,5,0.725,0.2,0.6121498080000001
44,26,Oz,0.083523,0.019652201657126105,0.06615197,0.090999476,5,0.725,0.2,0.6121498080000001
44,22,P3,0.082284868,0.03540119799569812,0.04863514,0.100980176,5,0.725,0.2,0.6121498080000001
44,27,O1,0.08151406,0.04252369656016807,0.036391908,0.090840882,5,0.725,0.2,0.6121498080000001
44,2,Fz,0.075514,0.030181929526693612,-0.061827787999999995,0.092022956,5,0.725,0.2,0.6121498080000001
44,5,F7,0.075122212,0.024802059377068267,0.069356328,0.08772019,5,0.725,0.2,0.6121498080000001
44,8,FC3,0.07322112,0.04676750717117227,0.0026373919999999993,0.080197562,5,0.725,0.2,0.6121498080000001
44,1,Fp2,0.072917638,0.01507642684853975,0.045657082,0.079262346,5,0.725,0.2,0.6121498080000001
44,25,T6,0.07084299200000001,0.012423365478189475,-0.058840819999999995,0.079786628,5,0.725,0.2,0.6121498080000001
44,20,TP8,0.06777124,0.02027328146318696,-0.025993574000000002,0.080567254,5,0.725,0.2,0.6121498080000001
44,6,F8,0.045421557999999994,0.024787585176280685,0.0003659759999999998,0.049719062,5,0.725,0.2,0.6121498080000001
45,13,C3,0.169639644,0.04151347062297405,0.05165692200000001,0.177670816,5,0.6,0.0,0.872579554
45,28,O2,0.151584608,0.018193410018714745,0.042068654,0.170306876,5,0.6,0.0,0.872579554
45,24,T5,0.148673516,0.01643822263228235,0.111439208,0.16513566600000001,5,0.6,0.0,0.872579554
45,14,C4,0.13288924600000002,0.020825729561328218,-0.037805908000000006,0.15070851000000002,5,0.6,0.0,0.872579554
45,23,P4,0.129836812,0.03149378013843956,-0.084919472,0.148876534,5,0.6,0.0,0.872579554
45,4,F4,0.118982144,0.026133891163639983,0.040623778,0.12646164399999998,5,0.6,0.0,0.872579554
45,7,FCz,0.113646328,0.03994187597062099,-0.014436184,0.136625092,5,0.6,0.0,0.872579554
45,18,CP4,0.10973599,0.03132396436735139,0.063708136,0.127595152,5,0.6,0.0,0.872579554
45,22,P3,0.10538254999999999,0.03780101980515936,0.030972368,0.13769921400000001,5,0.6,0.0,0.872579554
45,17,CP3,0.101101106,0.03989808861146897,0.029692809999999997,0.116278128,5,0.6,0.0,0.872579554
45,10,FT7,0.09937167599999999,0.022192722914951873,-0.046626586000000005,0.11168622799999998,5,0.6,0.0,0.872579554
45,2,Fz,0.097537002,0.027253985869328732,-0.066349378,0.115048964,5,0.6,0.0,0.872579554
45,3,F3,0.09750389200000001,0.030387208688205797,0.042258034,0.11295590199999998,5,0.6,0.0,0.872579554
45,21,Pz,0.09713034400000001,0.013503786338480407,0.028879684,0.119592184,5,0.6,0.0,0.872579554
45,11,FT8,0.097079052,0.02299549908406469,0.0009501160000000008,0.10301816,5,0.6,0.0,0.872579554
45,26,Oz,0.094494832,0.02151296530008172,0.035097776000000004,0.108127426,5,0.6,0.0,0.872579554
45,12,Cz,0.089980962,0.026197793636089282,0.026761192,0.10387085599999998,5,0.6,0.0,0.872579554
45,20,TP8,0.087934918,0.019383351507131583,-0.017083084000000002,0.10483209599999999,5,0.6,0.0,0.872579554
45,8,FC3,0.08574552399999999,0.03415600963159822,0.047582574,0.095276604,5,0.6,0.0,0.872579554
45,16,T4,0.084416076,0.013978690561502177,0.059933314,0.099357744,5,0.6,0.0,0.872579554
45,9,FC4,0.082358698,0.018379924484252377,-0.062405398,0.090491184,5,0.6,0.0,0.872579554
45,27,O1,0.081408428,0.013000618505112364,-0.008555706,0.09826557799999999,5,0.6,0.0,0.872579554
45,25,T6,0.074959992,0.03829978308399109,-0.06773620799999999,0.08842676199999999,5,0.6,0.0,0.872579554
45,19,TP7,0.07000616800000001,0.012400941440191954,-0.020886112000000002,0.089178652,5,0.6,0.0,0.872579554
45,5,F7,0.06985377,0.018596678223764856,0.030531977999999998,0.080614266,5,0.6,0.0,0.872579554
45,15,T3,0.067493922,0.014450275086953193,0.0337932,0.07746242,5,0.6,0.0,0.872579554
45,6,F8,0.06211658600000001,0.012465905956136123,-0.043212174000000006,0.081126952,5,0.6,0.0,0.872579554
45,1,Fp2,0.043398088,0.01758583596027411,0.040101819999999996,0.056909794,5,0.6,0.0,0.872579554
45,0,Fp1,0.04036434,0.0151257713759646,-0.014147957999999999,0.047552838,5,0.6,0.0,0.872579554
46,20,TP8,0.180244816,0.06721216478546745,-0.150580326,0.210982722,5,0.725,0.2,0.757585786
46,27,O1,0.13539126,0.016165043730465133,0.082103314,0.155196098,5,0.725,0.2,0.757585786
46,15,T3,0.124402118,0.012372050483908084,0.119654872,0.152437544,5,0.725,0.2,0.757585786
46,23,P4,0.12181236,0.02022442853917386,-0.062039378,0.14180273999999998,5,0.725,0.2,0.757585786
46,17,CP3,0.10944932600000001,0.025550914239215194,-0.039889568,0.135262772,5,0.725,0.2,0.757585786
46,18,CP4,0.106418398,0.01726157705519168,-0.009454934000000002,0.126891004,5,0.725,0.2,0.757585786
46,10,FT7,0.10636192600000001,0.029518979961171258,-0.096735468,0.118427588,5,0.725,0.2,0.757585786
46,28,O2,0.105954268,0.04287733074104625,0.013460760000000006,0.11774971999999999,5,0.725,0.2,0.757585786
46,14,C4,0.104951006,0.024025137005010605,0.0036598120000000006,0.12142534199999999,5,0.725,0.2,0.757585786
46,22,P3,0.103783012,0.020121262792109237,0.07837495800000001,0.113225138,5,0.725,0.2,0.757585786
46,26,Oz,0.10273760400000001,0.03726888438283845,0.070216944,0.117620506,5,0.725,0.2,0.757585786
46,6,F8,0.10266588799999998,0.026702925616302234,-0.050535352,0.119450202,5,0.725,0.2,0.757585786
46,19,TP7,0.096491862,0.025300137402739925,-0.02928476,0.11278339200000001,5,0.725,0.2,0.757585786
46,12,Cz,0.08880049400000001,0.01613911902363726,0.086601224,0.104107094,5,0.725,0.2,0.757585786
46,21,Pz,0.08277741,0.046672817589416535,0.010035157999999999,0.092847618,5,0.725,0.2,0.757585786
46,11,FT8,0.081409828,0.023438753141441206,-0.03088881,0.094064812,5,0.725,0.2,0.757585786
46,16,T4,0.080120832,0.02705856131273926,0.053238702000000006,0.090296502,5,0.725,0.2,0.757585786
46,3,F3,0.079088738,0.017466202552116762,0.063149426,0.084923216,5,0.725,0.2,0.757585786
46,1,Fp2,0.078461422,0.009240278368889658,0.029888326,0.094991366,5,0.725,0.2,0.757585786
46,7,FCz,0.076529114,0.016086565483703477,0.028785173999999997,0.090917956,5,0.725,0.2,0.757585786
46,4,F4,0.076317092,0.019347294917524516,-0.004504569999999999,0.091733378,5,0.725,0.2,0.757585786
46,25,T6,0.07619303,0.050757701236642895,0.034038406,0.086871504,5,0.725,0.2,0.757585786
46,9,FC4,0.0707181,0.05258495849870522,0.02442423,0.08500411599999999,5,0.725,0.2,0.757585786
46,0,Fp1,0.069189846,0.025193636755310455,-0.025025323999999998,0.079862286,5,0.725,0.2,0.757585786
46,13,C3,0.067477082,0.037416453274682786,0.027855216,0.073072574,5,0.725,0.2,0.757585786
46,24,T5,0.06372127400000001,0.027965765779847333,-0.015133912,0.07232860599999999,5,0.725,0.2,0.757585786
46,2,Fz,0.058203296,0.03745177718363683,-0.048273228,0.069092584,5,0.725,0.2,0.757585786
46,5,F7,0.053893022,0.027576643906869272,0.04919715,0.062101978,5,0.725,0.2,0.757585786
46,8,FC3,0.05304131199999999,0.027257415081338325,-0.0023405960000000003,0.064181138,5,0.725,0.2,0.757585786
47,21,Pz,0.153070386,0.0003933511139300411,0.007106899999999999,0.153266928,5,1.0,1.0,0.008767066
47,28,O2,0.144074584,0.00042169822531046134,-0.023188354,0.146717768,5,1.0,1.0,0.008767066
47,15,T3,0.126924298,0.0003437204520682449,0.126924298,0.13224281,5,1.0,1.0,0.008767066
47,27,O1,0.12256072,0.00039545241281347955,0.056587024,0.132754426,5,1.0,1.0,0.008767066
47,16,T4,0.121423032,0.00044568147837889733,0.013311342,0.13384294800000002,5,1.0,1.0,0.008767066
47,17,CP3,0.12107517999999999,0.0004873119361353614,0.033756708,0.139881002,5,1.0,1.0,0.008767066
47,13,C3,0.11552522800000001,0.0002432777104874195,0.072971954,0.117801156,5,1.0,1.0,0.008767066
47,18,CP4,0.111238146,0.0004691544696898845,0.034873786000000004,0.12787193000000002,5,1.0,1.0,0.008767066
47,0,Fp1,0.11038010000000001,0.00019632171886982194,-0.096513928,0.123253116,5,1.0,1.0,0.008767066
47,22,P3,0.10872826399999999,0.00047349714257849444,0.10872826399999999,0.11777175,5,1.0,1.0,0.008767066
47,24,T5,0.10513697200000001,0.00028550897660144036,0.074155632,0.11491443399999998,5,1.0,1.0,0.008767066
47,2,Fz,0.10414108600000001,0.0004022961300833018,-0.098922754,0.11784797799999999,5,1.0,1.0,0.008767066
47,23,P4,0.10406248599999998,0.00020508487311355044,-0.092515194,0.11609063,5,1.0,1.0,0.008767066
47,7,FCz,0.098655534,0.0002629255804025186,0.098655534,0.11393582,5,1.0,1.0,0.008767066
47,4,F4,0.096993102,0.0003629368847609692,0.011377062,0.10773591600000001,5,1.0,1.0,0.008767066
47,10,FT7,0.090185526,0.00030686349779665377,-0.058239556000000005,0.103909802,5,1.0,1.0,0.008767066
47,20,TP8,0.08842240800000001,0.00016825560308649805,-0.058967201999999996,0.10750329,5,1.0,1.0,0.008767066
47,3,F3,0.087987228,0.0002720272462824259,0.027533210000000002,0.09481661799999999,5,1.0,1.0,0.008767066
47,14,C4,0.0855542,0.00024288708106854725,-0.074639526,0.09580034800000001,5,1.0,1.0,0.008767066
47,5,F7,0.084203326,0.00036760334959029013,0.081682638,0.097677182,5,1.0,1.0,0.008767066
47,19,TP7,0.083752712,0.000177222405383745,-0.018264132,0.0935546,5,1.0,1.0,0.008767066
47,25,T6,0.08075424,0.00026132928012375663,-0.061639544000000004,0.091847488,5,1.0,1.0,0.008767066
47,11,FT8,0.08011183,0.0002975879382636323,-0.003492028,0.09729647799999999,5,1.0,1.0,0.008767066
47,26,Oz,0.078309254,0.0005999290730411423,0.042864068,0.0805747,5,1.0,1.0,0.008767066
47,6,F8,0.077714852,0.0002888996204912688,-0.030093102,0.07858653800000001,5,1.0,1.0,0.008767066
47,12,Cz,0.077390586,0.0002285988064929533,0.07569866,0.092830426,5,1.0,1.0,0.008767066
47,1,Fp2,0.07723972999999999,0.00048490874734324923,0.06084259400000001,0.09466097799999999,5,1.0,1.0,0.008767066
47,9,FC4,0.058381352,0.00025706997290621025,-0.058381352,0.07643827,5,1.0,1.0,0.008767066
47,8,FC3,0.030530348000000002,0.00041738989927884063,0.0062476,0.03723696,5,1.0,1.0,0.008767066
48,28,O2,0.15682692999999998,0.0269101023228926,-0.012871253999999999,0.16079439199999998,5,0.925,0.6,0.206722736
48,21,Pz,0.14523303599999998,0.016039187189651475,-0.015598968,0.150374628,5,0.925,0.6,0.206722736
48,17,CP3,0.142978212,0.04809335716586252,0.016850006,0.159368012,5,0.925,0.6,0.206722736
48,13,C3,0.12908530599999998,0.030638072793963887,0.030806196,0.13770237800000001,5,0.925,0.6,0.206722736
48,27,O1,0.121202286,0.0007249435364426667,0.040958266,0.1341337,5,0.925,0.6,0.206722736
48,18,CP4,0.115260038,0.009070109666347479,0.036928855999999996,0.134072292,5,0.925,0.6,0.206722736
48,16,T4,0.112423816,0.022397592525521128,0.007665236000000001,0.12783479,5,0.925,0.6,0.206722736
48,22,P3,0.108084216,0.0005910824474893516,0.10550512599999999,0.12647521,5,0.925,0.6,0.206722736
48,15,T3,0.10763695799999999,0.04206978715955513,0.10763695799999999,0.11216423,5,0.925,0.6,0.206722736
48,2,Fz,0.100950688,0.0068184540974893975,-0.0907724,0.113853548,5,0.925,0.6,0.206722736
48,14,C4,0.09978986599999999,0.03204734975650217,-0.091498002,0.11175743599999999,5,0.925,0.6,0.206722736
48,0,Fp1,0.099191012,0.02320185255503685,-0.084831564,0.11207138400000001,5,0.925,0.6,0.206722736
48,12,Cz,0.098594176,0.04711072287700572,0.09559869800000001,0.11624563399999999,5,0.925,0.6,0.206722736
48,24,T5,0.096129908,0.0195364029144203,0.065487562,0.10365394800000001,5,0.925,0.6,0.206722736
48,23,P4,0.094990454,0.021697209581857065,-0.071294006,0.10487283600000001,5,0.925,0.6,0.206722736
48,3,F3,0.091456422,0.010273247503799371,0.043898110000000004,0.09699316799999999,5,0.925,0.6,0.206722736
48,4,F4,0.09133327399999999,0.011644640533961532,0.005369074,0.10369849,5,0.925,0.6,0.206722736
48,7,FCz,0.089884168,0.020055632177259336,0.0850485,0.10532250000000001,5,0.925,0.6,0.206722736
48,10,FT7,0.086423606,0.0096533625313271,-0.045484336,0.098847796,5,0.925,0.6,0.206722736
48,20,TP8,0.08107212999999999,0.019237812321962443,-0.042385304,0.098135912,5,0.925,0.6,0.206722736
48,11,FT8,0.078277544,0.003878898380607564,-0.003537382,0.096778712,5,0.925,0.6,0.206722736
48,25,T6,0.078111872,0.007189386717875872,-0.05247181599999999,0.09159510200000001,5,0.925,0.6,0.206722736
48,6,F8,0.077111752,0.0003522311458687346,-0.022377764,0.08215158,5,0.925,0.6,0.206722736
48,5,F7,0.075831874,0.018913091384330328,0.067183888,0.08787721600000001,5,0.925,0.6,0.206722736
48,19,TP7,0.07411435,0.02356658735857824,-0.008435465999999999,0.082784302,5,0.925,0.6,0.206722736
48,1,Fp2,0.072323236,0.013158619891239738,0.057821102,0.09076159,5,0.925,0.6,0.206722736
48,26,Oz,0.070501368,0.0158907796698595,0.039748716,0.073260882,5,0.925,0.6,0.206722736
48,9,FC4,0.067063338,0.02100779671506438,-0.046945266,0.08218170999999999,5,0.925,0.6,0.206722736
48,8,FC3,0.037695229999999996,0.014893483436849148,0.017540172,0.047459716,5,0.925,0.6,0.206722736
49,28,O2,0.150237012,0.010715204398520356,-0.036297812,0.158377832,5,0.85,0.6,0.20231119199999997
49,21,Pz,0.13926546599999998,0.031181063986828288,-0.0032627759999999994,0.14151217200000002,5,0.85,0.6,0.20231119199999997
49,15,T3,0.135315606,0.03214017240834404,0.135315606,0.14100274000000002,5,0.85,0.6,0.20231119199999997
49,0,Fp1,0.11519496,0.011032546318792413,-0.082524194,0.1308957,5,0.85,0.6,0.20231119199999997
49,17,CP3,0.11035760800000001,0.019953364701585298,0.040760642,0.127082754,5,0.85,0.6,0.20231119199999997
49,22,P3,0.108510986,0.007819539164815271,0.108510986,0.12045710400000001,5,0.85,0.6,0.20231119199999997
49,18,CP4,0.108208668,0.010772455103850286,0.046277822,0.12281507,5,0.85,0.6,0.20231119199999997
49,13,C3,0.10625436399999999,0.013603675143648866,0.073206682,0.11356878200000001,5,0.85,0.6,0.20231119199999997
49,27,O1,0.105391656,0.03363730611915705,0.047949106,0.11454416599999999,5,0.85,0.6,0.20231119199999997
49,16,T4,0.104999142,0.032842198166465955,0.016125203999999997,0.12096789999999999,5,0.85,0.6,0.20231119199999997
49,11,FT8,0.10230738800000001,0.03825489335837011,-0.026000925999999997,0.11750051799999998,5,0.85,0.6,0.20231119199999997
49,4,F4,0.10082659199999999,0.01090748303573606,0.012797602,0.11498913800000002,5,0.85,0.6,0.20231119199999997
49,24,T5,0.100139392,0.00673391866436772,0.07528694999999999,0.11263967999999999,5,0.85,0.6,0.20231119199999997
49,23,P4,0.098216982,0.012365558963757762,-0.088726578,0.110042266,5,0.85,0.6,0.20231119199999997
49,14,C4,0.096826728,0.034520927911561416,-0.09034712199999999,0.10762423000000002,5,0.85,0.6,0.20231119199999997
49,7,FCz,0.09386715999999999,0.007878814277783176,0.07998888800000001,0.106147662,5,0.85,0.6,0.20231119199999997
49,2,Fz,0.09199547999999999,0.027792550920307763,-0.08621614,0.10517056600000001,5,0.85,0.6,0.20231119199999997
49,10,FT7,0.088424078,0.0060981606078488945,-0.054081406,0.10001721000000001,5,0.85,0.6,0.20231119199999997
49,3,F3,0.08749309400000001,0.0066123163523480934,0.022787334,0.094674382,5,0.85,0.6,0.20231119199999997
49,20,TP8,0.086355464,0.004054599762871792,-0.052523127999999995,0.10445600800000002,5,0.85,0.6,0.20231119199999997
49,26,Oz,0.084487426,0.009889899892571214,0.056933828,0.08942408,5,0.85,0.6,0.20231119199999997
49,6,F8,0.082812622,0.00674201904474246,-0.040922924,0.09043596000000001,5,0.85,0.6,0.20231119199999997
49,25,T6,0.08230822,0.008064939608574266,-0.041592498,0.094057406,5,0.85,0.6,0.20231119199999997
49,5,F7,0.081547174,0.00666000061541138,0.07745339,0.096064754,5,0.85,0.6,0.20231119199999997
49,19,TP7,0.080334538,0.013760856645120969,-0.022217334,0.091470992,5,0.85,0.6,0.20231119199999997
49,12,Cz,0.077454674,0.007934326350953178,0.074157314,0.092476516,5,0.85,0.6,0.20231119199999997
49,1,Fp2,0.07317068600000001,0.01205564272091414,0.061021586,0.08904855,5,0.85,0.6,0.20231119199999997
49,9,FC4,0.064166774,0.011203317599241753,-0.053527029999999996,0.080221984,5,0.85,0.6,0.20231119199999997
49,8,FC3,0.03368488,0.01050158836897543,0.014836638,0.04091995,5,0.85,0.6,0.20231119199999997
5,15,T3,0.133578282,0.02974766746706236,0.124479056,0.140411248,5,0.8,0.4,0.443213904
5,16,T4,0.129081888,0.023408367228261985,-0.007562487999999999,0.138888028,5,0.8,0.4,0.443213904
5,28,O2,0.127206334,0.0353716396656669,-0.038408401999999994,0.135293188,5,0.8,0.4,0.443213904
5,21,Pz,0.124406894,0.03655373334169752,-0.010220196,0.13239837000000002,5,0.8,0.4,0.443213904
5,18,CP4,0.11828148600000002,0.01528256281587712,0.059090392000000005,0.139682634,5,0.8,0.4,0.443213904
5,20,TP8,0.117225866,0.04223199485175404,-0.09681158399999999,0.137296346,5,0.8,0.4,0.443213904
5,0,Fp1,0.11693585399999999,0.018229729433204153,-0.109432964,0.13922071200000002,5,0.8,0.4,0.443213904
5,24,T5,0.106682568,0.01786121679814733,0.079590988,0.121905796,5,0.8,0.4,0.443213904
5,7,FCz,0.10532919599999999,0.009015309591590852,0.091470462,0.11716064600000001,5,0.8,0.4,0.443213904
5,2,Fz,0.101806898,0.005569950267800424,-0.061801484,0.113329016,5,0.8,0.4,0.443213904
5,22,P3,0.10104392,0.012024139911532141,0.09295192199999999,0.114436812,5,0.8,0.4,0.443213904
5,14,C4,0.100554454,0.017530233525692974,-0.084060828,0.119083772,5,0.8,0.4,0.443213904
5,27,O1,0.098897914,0.024991836147386804,0.055896494,0.11158944000000001,5,0.8,0.4,0.443213904
5,6,F8,0.095894506,0.02010841893029211,-0.044270466,0.10243112000000001,5,0.8,0.4,0.443213904
5,4,F4,0.095748276,0.01252291471635617,0.031416438000000005,0.105544224,5,0.8,0.4,0.443213904
5,3,F3,0.089617174,0.014047370542771694,0.039350402,0.095109658,5,0.8,0.4,0.443213904
5,13,C3,0.089053626,0.02485238939163557,0.049335628,0.094851564,5,0.8,0.4,0.443213904
5,5,F7,0.087724312,0.02452094666272736,0.06466208,0.099308704,5,0.8,0.4,0.443213904
5,17,CP3,0.08729467199999999,0.036074117502196364,0.02631861,0.10061853800000001,5,0.8,0.4,0.443213904
5,23,P4,0.08536537200000001,0.03134535911493232,-0.074347144,0.096601666,5,0.8,0.4,0.443213904
5,26,Oz,0.078888988,0.01797922870967968,0.054108342,0.091550906,5,0.8,0.4,0.443213904
5,1,Fp2,0.078637156,0.012002976687508809,0.06502902399999999,0.092449016,5,0.8,0.4,0.443213904
5,10,FT7,0.076883862,0.022896253859626688,-0.045541022,0.08662423,5,0.8,0.4,0.443213904
5,9,FC4,0.075269268,0.01828073207492851,0.010701890000000002,0.09179685200000001,5,0.8,0.4,0.443213904
5,19,TP7,0.074306362,0.014363641046295325,-0.01563522,0.089134906,5,0.8,0.4,0.443213904
5,12,Cz,0.072228806,0.019869165497396465,0.055676718,0.08547566399999999,5,0.8,0.4,0.443213904
5,25,T6,0.065436992,0.015097765375778963,-0.034487225999999996,0.085283884,5,0.8,0.4,0.443213904
5,11,FT8,0.059983726,0.019783165546584804,-0.005276026,0.072669842,5,0.8,0.4,0.443213904
5,8,FC3,0.051967388,0.023734378328504207,-0.004257286000000001,0.061154424,5,0.8,0.4,0.443213904
50,28,O2,0.14756746599999998,0.006964913912499561,-0.008593420000000001,0.152711638,5,0.825,0.6,0.16042364199999998
50,21,Pz,0.142423858,0.01800615905552653,0.015067184,0.152568018,5,0.825,0.6,0.16042364199999998
50,15,T3,0.137333258,0.015666880786293108,0.137333258,0.141263274,5,0.825,0.6,0.16042364199999998
50,17,CP3,0.12633766600000002,0.008940031232908534,0.018393576000000002,0.15174432599999998,5,0.825,0.6,0.16042364199999998
50,27,O1,0.12449325199999998,0.008132180744647775,0.059536047999999994,0.13430146599999998,5,0.825,0.6,0.16042364199999998
50,18,CP4,0.119773718,0.022360151045768228,0.035060206,0.137021704,5,0.825,0.6,0.16042364199999998
50,16,T4,0.11857875600000001,0.0051121602057281,0.00607761,0.132739096,5,0.825,0.6,0.16042364199999998
50,13,C3,0.105923256,0.012676113233315248,0.048581236,0.110964178,5,0.825,0.6,0.16042364199999998
50,22,P3,0.10511584599999999,0.005280834182250945,0.09858836,0.11668143,5,0.825,0.6,0.16042364199999998
50,0,Fp1,0.10053353400000001,0.020530558888126493,-0.091195858,0.115100104,5,0.825,0.6,0.16042364199999998
50,4,F4,0.10049654599999999,0.004236073600391053,0.026772607999999996,0.11088547200000001,5,0.825,0.6,0.16042364199999998
50,7,FCz,0.0990551,0.00416751820403943,0.0990551,0.11271014799999998,5,0.825,0.6,0.16042364199999998
50,24,T5,0.09607742799999999,0.013542509022275743,0.06189947999999999,0.10435357599999999,5,0.825,0.6,0.16042364199999998
50,2,Fz,0.094769396,0.017321118471963066,-0.089210148,0.10677778199999999,5,0.825,0.6,0.16042364199999998
50,23,P4,0.094393484,0.022190647212528076,-0.086065926,0.105248338,5,0.825,0.6,0.16042364199999998
50,6,F8,0.09107365199999999,0.02028971828675968,-0.032535988,0.094642478,5,0.825,0.6,0.16042364199999998
50,10,FT7,0.090535772,0.004357147492198301,-0.054278212000000006,0.101371972,5,0.825,0.6,0.16042364199999998
50,14,C4,0.0886101,0.005173937158615284,-0.075578442,0.100330528,5,0.825,0.6,0.16042364199999998
50,3,F3,0.08804904,0.0045682570599682734,0.041236468000000005,0.09652603,5,0.825,0.6,0.16042364199999998
50,20,TP8,0.086479002,0.0042455707506082125,-0.054469326,0.104357874,5,0.825,0.6,0.16042364199999998
50,12,Cz,0.083582182,0.010490705981425652,0.082897068,0.096010562,5,0.825,0.6,0.16042364199999998
50,11,FT8,0.08048941800000001,0.0014042825072861954,-0.013305468,0.096662518,5,0.825,0.6,0.16042364199999998
50,5,F7,0.08042543599999999,0.006439067519468946,0.077440002,0.0962186,5,0.825,0.6,0.16042364199999998
50,26,Oz,0.08040689399999999,0.00319143608979249,0.045195622000000005,0.08658248,5,0.825,0.6,0.16042364199999998
50,19,TP7,0.079843216,0.007211526670388876,-0.023658902,0.091273892,5,0.825,0.6,0.16042364199999998
50,25,T6,0.076820938,0.010627271787856465,-0.060642012,0.08736745,5,0.825,0.6,0.16042364199999998
50,1,Fp2,0.072143148,0.00862749211053073,0.057421022,0.091043224,5,0.825,0.6,0.16042364199999998
50,9,FC4,0.050983842,0.010637083165114863,-0.045180802,0.06519275599999999,5,0.825,0.6,0.16042364199999998
50,8,FC3,0.046267738,0.02555691699180028,0.008507058,0.05353089600000001,5,0.825,0.6,0.16042364199999998
6,21,Pz,0.15379541400000002,0.003804401388284357,0.005222216,0.157098432,5,0.775,0.0,0.198216732
6,28,O2,0.13424801,0.020851607122606877,-0.029588998,0.140402248,5,0.775,0.0,0.198216732
6,15,T3,0.130930148,0.005548944529252389,0.130930148,0.137256616,5,0.775,0.0,0.198216732
6,17,CP3,0.127033728,0.01919443730144413,0.027165894000000003,0.147582426,5,0.775,0.0,0.198216732
6,18,CP4,0.11886491399999999,0.02671001518390582,0.051232214,0.133090618,5,0.775,0.0,0.198216732
6,27,O1,0.11732021200000001,0.004850166581177396,0.05053171199999999,0.127067614,5,0.775,0.0,0.198216732
6,2,Fz,0.113589464,0.014212102347382662,-0.105504084,0.127388506,5,0.775,0.0,0.198216732
6,13,C3,0.110833742,0.011970761584258947,0.056136314,0.116323178,5,0.775,0.0,0.198216732
6,16,T4,0.11043821999999999,0.023450087110466134,0.025247540000000002,0.12380064800000001,5,0.775,0.0,0.198216732
6,22,P3,0.108362502,0.013748562309029629,0.105420772,0.11856199199999999,5,0.775,0.0,0.198216732
6,14,C4,0.104985332,0.030759997543823372,-0.07700131,0.11268668,5,0.775,0.0,0.198216732
6,0,Fp1,0.103362802,0.01644455189230676,-0.0930988,0.12065918,5,0.775,0.0,0.198216732
6,5,F7,0.10185639799999999,0.031154715855790115,0.07649618799999999,0.11447037199999999,5,0.775,0.0,0.198216732
6,4,F4,0.093360322,0.007957368203267335,0.023963282,0.107823976,5,0.775,0.0,0.198216732
6,7,FCz,0.09275520200000001,0.014204317495243137,0.09275520200000001,0.106322146,5,0.775,0.0,0.198216732
6,23,P4,0.09188001800000001,0.019281303752917492,-0.08518078,0.104473178,5,0.775,0.0,0.198216732
6,24,T5,0.091646438,0.025591977774407547,0.06635538399999999,0.100886956,5,0.775,0.0,0.198216732
6,20,TP8,0.09042952800000001,0.002714387048998348,-0.060309791999999994,0.11382561,5,0.775,0.0,0.198216732
6,3,F3,0.087747084,0.006176016097123616,0.030833416000000002,0.094545294,5,0.775,0.0,0.198216732
6,1,Fp2,0.083892022,0.018233381447259583,0.06825271200000001,0.10317150800000001,5,0.775,0.0,0.198216732
6,10,FT7,0.082618478,0.016674699260871843,-0.053164868,0.100286184,5,0.775,0.0,0.198216732
6,11,FT8,0.079659678,0.00358106895133562,-0.01738962,0.097039334,5,0.775,0.0,0.198216732
6,6,F8,0.079301836,0.004835032412790011,-0.014276536000000001,0.082833616,5,0.775,0.0,0.198216732
6,19,TP7,0.07688914399999999,0.012248268823273754,-0.016107212,0.08588018,5,0.775,0.0,0.198216732
6,26,Oz,0.074100556,0.00784970413730862,0.039974332,0.079037972,5,0.775,0.0,0.198216732
6,12,Cz,0.07379517799999999,0.006677176902102414,0.06915233000000001,0.086282288,5,0.775,0.0,0.198216732
6,25,T6,0.066438678,0.0232374019056277,-0.049431011999999996,0.07968447000000001,5,0.775,0.0,0.198216732
6,9,FC4,0.055406504,0.014403987582937927,-0.05342093400000001,0.071510502,5,0.775,0.0,0.198216732
6,8,FC3,0.029943037999999998,0.005406705773964405,0.005149044,0.035347142,5,0.775,0.0,0.198216732
7,17,CP3,0.136364102,0.028931272557203045,-0.030848448,0.172714288,5,0.65,0.0,0.755287954
7,28,O2,0.121748334,0.0447761531925793,-0.012008017999999999,0.128162526,5,0.65,0.0,0.755287954
7,4,F4,0.116407514,0.030620278630897203,0.048707301999999994,0.131927116,5,0.65,0.0,0.755287954
7,11,FT8,0.11069295000000001,0.016784867440577247,0.017248069999999997,0.13314217,5,0.65,0.0,0.755287954
7,2,Fz,0.109812084,0.012995950954950541,-0.07628535,0.132238798,5,0.65,0.0,0.755287954
7,18,CP4,0.108508256,0.015046880781741106,0.061928897999999996,0.121510916,5,0.65,0.0,0.755287954
7,15,T3,0.10650932399999999,0.03814189598018733,0.0785566,0.11808700399999998,5,0.65,0.0,0.755287954
7,3,F3,0.104865078,0.020053225357145668,0.022385866,0.11996551800000002,5,0.65,0.0,0.755287954
7,6,F8,0.103095138,0.01757743245682003,-0.016775758,0.124693038,5,0.65,0.0,0.755287954
7,21,Pz,0.101000426,0.03261956110687466,-0.00547447,0.11122093799999999,5,0.65,0.0,0.755287954
7,20,TP8,0.1009189,0.01737652592284775,-0.043899684,0.118770398,5,0.65,0.0,0.755287954
7,12,Cz,0.09986674200000001,0.030785466181937535,0.09654804,0.11454374199999999,5,0.65,0.0,0.755287954
7,19,TP7,0.095917368,0.02382268870209595,-0.038141932,0.10777235599999999,5,0.65,0.0,0.755287954
7,22,P3,0.09585859199999999,0.0783766685318834,-0.010454180000000002,0.103724632,5,0.65,0.0,0.755287954
7,0,Fp1,0.090741776,0.03829387150192483,-0.05653516599999999,0.099230852,5,0.65,0.0,0.755287954
7,24,T5,0.09036379800000001,0.06143157165883493,0.040829354,0.100911436,5,0.65,0.0,0.755287954
7,27,O1,0.0895879,0.02763417071317231,0.03874012,0.10792717199999999,5,0.65,0.0,0.755287954
7,23,P4,0.0863356,0.012891896055028135,-0.068123486,0.10099721399999999,5,0.65,0.0,0.755287954
7,26,Oz,0.085812514,0.014386449831097319,0.047158236,0.106762092,5,0.65,0.0,0.755287954
7,13,C3,0.0808775,0.017244000869326988,0.057986510000000005,0.087764116,5,0.65,0.0,0.755287954
7,7,FCz,0.080083714,0.01099867158236757,0.01788432,0.093476696,5,0.65,0.0,0.755287954
7,14,C4,0.07809239,0.031175358260748177,-0.03532958,0.098841364,5,0.65,0.0,0.755287954
7,25,T6,0.076015314,0.01930527767048508,0.007317922,0.08511508400000001,5,0.65,0.0,0.755287954
7,16,T4,0.075997888,0.028298296757660525,0.012320418,0.089247576,5,0.65,0.0,0.755287954
7,10,FT7,0.074645276,0.022938240642864923,-0.027295274,0.088667546,5,0.65,0.0,0.755287954
7,1,Fp2,0.07294465400000001,0.021104535885035,0.044971991999999995,0.09507668,5,0.65,0.0,0.755287954
7,5,F7,0.07207852399999999,0.03700353264247793,0.034703182,0.075636486,5,0.65,0.0,0.755287954
7,9,FC4,0.060858878000000005,0.031449215713233135,-0.045302566,0.072996982,5,0.65,0.0,0.755287954
7,8,FC3,0.054723328,0.022126466787306325,-0.007197382,0.06535286600000001,5,0.65,0.0,0.755287954
8,21,Pz,0.139629578,0.0222730048038106,0.015417728,0.14092235199999997,5,0.6,0.0,0.383744154
8,17,CP3,0.13386085,0.026357847237399715,0.009047678,0.153974638,5,0.6,0.0,0.383744154
8,5,F7,0.125219382,0.05311131776027563,0.094164132,0.133662276,5,0.6,0.0,0.383744154
8,27,O1,0.124888288,0.013178202285748989,0.057822386,0.14106359200000002,5,0.6,0.0,0.383744154
8,28,O2,0.121358822,0.023922073125326536,0.014942578000000001,0.12868332799999999,5,0.6,0.0,0.383744154
8,13,C3,0.115722098,0.01147979667290628,0.067347852,0.12215322399999999,5,0.6,0.0,0.383744154
8,2,Fz,0.115222758,0.006717273159974963,-0.10649785199999999,0.127864176,5,0.6,0.0,0.383744154
8,15,T3,0.10812286600000001,0.0168345248020795,0.093717138,0.12372466,5,0.6,0.0,0.383744154
8,1,Fp2,0.107068354,0.03337626096750099,0.08127249,0.13491057199999998,5,0.6,0.0,0.383744154
8,20,TP8,0.10501187999999999,0.013173412037012276,-0.053202116,0.13550674599999998,5,0.6,0.0,0.383744154
8,19,TP7,0.10465211999999999,0.02715752164193007,-0.033345614,0.113958494,5,0.6,0.0,0.383744154
8,14,C4,0.10101909,0.011089737824633185,-0.068366652,0.10928122,5,0.6,0.0,0.383744154
8,18,CP4,0.098217682,0.013384472915706089,0.019292220000000002,0.118644314,5,0.6,0.0,0.383744154
8,0,Fp1,0.098183984,0.01791453147744534,-0.08783998200000001,0.11595235200000001,5,0.6,0.0,0.383744154
8,25,T6,0.096876696,0.016666459089639585,-0.071531524,0.110384102,5,0.6,0.0,0.383744154
8,16,T4,0.095717268,0.02418214667231427,0.013897466,0.10508908399999999,5,0.6,0.0,0.383744154
8,3,F3,0.094893956,0.007531109305960845,0.027817604000000003,0.10286259,5,0.6,0.0,0.383744154
8,23,P4,0.093681828,0.023602079726773445,-0.071775938,0.10253420399999999,5,0.6,0.0,0.383744154
8,24,T5,0.091558574,0.017937242003185163,0.046661273999999996,0.098357776,5,0.6,0.0,0.383744154
8,7,FCz,0.090951024,0.01733263856603575,0.09068885600000001,0.10715109599999999,5,0.6,0.0,0.383744154
8,4,F4,0.090448668,0.011190186612960042,0.009512932,0.106944344,5,0.6,0.0,0.383744154
8,10,FT7,0.088177724,0.005100584676400337,-0.058003559999999996,0.10148610799999999,5,0.6,0.0,0.383744154
8,22,P3,0.080399368,0.025403421226931622,0.072671866,0.089677378,5,0.6,0.0,0.383744154
8,11,FT8,0.079774052,0.01830983420605359,-0.016147518,0.10019023200000002,5,0.6,0.0,0.383744154
8,12,Cz,0.073861316,0.012014243446885455,0.071542452,0.09041205599999999,5,0.6,0.0,0.383744154
8,26,Oz,0.07197904200000001,0.02256360398728381,0.063295828,0.079928792,5,0.6,0.0,0.383744154
8,9,FC4,0.06622329,0.0053723076191149015,-0.044658302,0.078760552,5,0.6,0.0,0.383744154
8,6,F8,0.064900528,0.00811346253832295,0.026423816,0.084203322,5,0.6,0.0,0.383744154
8,8,FC3,0.036002176,0.0068402136542201645,0.00313647,0.043063844,5,0.6,0.0,0.383744154
9,28,O2,0.13844097,0.024106776077352197,-0.019364996000000002,0.14412276,5,0.6,0.0,0.673609024
9,14,C4,0.13659357,0.054594469544040354,-0.132959834,0.15849339599999998,5,0.6,0.0,0.673609024
9,15,T3,0.12470954199999999,0.05646900445973366,0.12470954199999999,0.136053786,5,0.6,0.0,0.673609024
9,17,CP3,0.12378467,0.021939429287690004,0.037618794,0.13819272200000002,5,0.6,0.0,0.673609024
9,18,CP4,0.12097160199999998,0.01882067208803315,0.055579514,0.134673654,5,0.6,0.0,0.673609024
9,23,P4,0.115870458,0.035999176092550635,-0.070485494,0.137265622,5,0.6,0.0,0.673609024
9,2,Fz,0.112659706,0.03334216644315393,-0.061291104,0.13061553399999998,5,0.6,0.0,0.673609024
9,7,FCz,0.10999984,0.021210239648366783,0.09228552599999999,0.121402492,5,0.6,0.0,0.673609024
9,22,P3,0.10613073399999999,0.023382994764202678,0.034383576,0.11652420599999999,5,0.6,0.0,0.673609024
9,27,O1,0.104873076,0.02596311406043447,0.012503608,0.120935934,5,0.6,0.0,0.673609024
9,13,C3,0.101304064,0.006246480098301766,0.011091294000000002,0.11306997199999999,5,0.6,0.0,0.673609024
9,24,T5,0.09734765,0.03228752233101279,-0.004255261999999998,0.107594102,5,0.6,0.0,0.673609024
9,3,F3,0.094856758,0.032900557131567996,0.024818978,0.109586604,5,0.6,0.0,0.673609024
9,21,Pz,0.09389302399999999,0.03587167496582407,0.04438806,0.101878918,5,0.6,0.0,0.673609024
9,19,TP7,0.092788574,0.03093524836972753,0.0027253200000000007,0.104196132,5,0.6,0.0,0.673609024
9,26,Oz,0.092159692,0.027761260127903413,0.058523476,0.105545584,5,0.6,0.0,0.673609024
9,16,T4,0.087899868,0.019853715810562264,-0.002815038,0.114988584,5,0.6,0.0,0.673609024
9,5,F7,0.087215836,0.018093475550103134,0.068160932,0.09928629600000001,5,0.6,0.0,0.673609024
9,11,FT8,0.085584982,0.0058938356507345895,0.024043296,0.099536416,5,0.6,0.0,0.673609024
9,4,F4,0.084837192,0.02605854044607871,0.02647266,0.097437792,5,0.6,0.0,0.673609024
9,12,Cz,0.08145811,0.02836027434347824,0.07406800799999999,0.09719556,5,0.6,0.0,0.673609024
9,20,TP8,0.07876318200000001,0.03444038386806933,-0.050763272000000005,0.09367347000000001,5,0.6,0.0,0.673609024
9,10,FT7,0.07668556400000001,0.015292031337982211,-0.04955135200000001,0.088368242,5,0.6,0.0,0.673609024
9,1,Fp2,0.076117978,0.013791015703256594,0.07175393799999999,0.09016727599999999,5,0.6,0.0,0.673609024
9,9,FC4,0.075730174,0.014963611285828696,-0.051209682,0.09357944,5,0.6,0.0,0.673609024
9,0,Fp1,0.071552054,0.01871831172751378,-0.061720932000000006,0.082344316,5,0.6,0.0,0.673609024
9,25,T6,0.060628794,0.021501695454329412,-0.035308690000000004,0.07430973,5,0.6,0.0,0.673609024
9,8,FC3,0.050173216,0.027582561677233313,-0.037159934,0.064069202,5,0.6,0.0,0.673609024
9,6,F8,0.037565922,0.015419774935329634,-0.008552122,0.042527956,5,0.6,0.0,0.673609024
