[2026-05-31 09:50:49] Run ID:     20260531_0950_abb6b630
[2026-05-31 09:50:49] Artifacts:  /home/vegorov/Repos/eeg_jepa_research/artifacts/liu2024-source-mat-sjepa-prelocal/20260531_0950_abb6b630
[2026-05-31 09:50:49] Config:     /home/vegorov/Repos/eeg_jepa_research/artifacts/liu2024-source-mat-sjepa-prelocal/20260531_0950_abb6b630/config.json
[2026-05-31 09:50:49] Using device: cpu
[2026-05-31 09:50:50] Seed initialized: 2026
[2026-05-31 09:50:50] Configured preprocessing pipeline:
[2026-05-31 09:50:50]   - [ON] source::select_eeg_channels | - select Liu EEG channels, drop CPz reference, EOG, and marker before model input
[2026-05-31 09:50:50]   - [off] source::demean | mode=none | baseline_window_s=[0.0, 2.0]
[2026-05-31 09:50:50]   - [off] source::detrend | mode=none
[2026-05-31 09:50:50]   - [off] source::eog_correction | mode=none
[2026-05-31 09:50:50]   - [off] source::artifact_clipping | mode=none | percentile=99.5
[2026-05-31 09:50:50]   - [ON] mne_raw::reference | timing=before_resample_filter | mode=average
[2026-05-31 09:50:50]   - [ON] mne_raw::resample | sfreq=128
[2026-05-31 09:50:50]   - [ON] mne_raw::bandpass_filter | l_freq=0.5 | h_freq=40.0 | method=iir | phase=zero | fir_design=firwin | iir_params={'ftype': 'butter', 'order': 2}
[2026-05-31 09:50:50]   - [off] mne_raw::notch_filter | timing=after_bandpass
[2026-05-31 09:50:50]   - [ON] window::crop_fixed_mi_window | start_s=2 | target_window_samples=537
[2026-05-31 09:50:50]   - [off] window::bad_trial_rejection
[2026-05-31 09:50:50]   - [off] split::fold_safe_normalization | mode=none
[2026-05-31 09:50:50] Source extract dir: /home/vegorov/Repos/eeg_jepa_research/liu2024_data/liu2024_figshare/sourcedata
[2026-05-31 09:50:50] Found 50 .mat files
[2026-05-31 09:50:50] MAT structure preview saved to: /home/vegorov/Repos/eeg_jepa_research/artifacts/liu2024-source-mat-sjepa-prelocal/20260531_0950_abb6b630/mat_structure_preview_first_subject.csv
[2026-05-31 09:50:57] Subjects loaded: [1, 2, 3, 4, 5, 6, 7, 8, 9, 10, 11, 12, 13, 14, 15, 16, 17, 18, 19, 20, 21, 22, 23, 24, 25, 26, 27, 28, 29, 30, 31, 32, 33, 34, 35, 36, 37, 38, 39, 40, 41, 42, 43, 44, 45, 46, 47, 48, 49, 50]
[2026-05-31 09:50:57] Subject inventory saved to: /home/vegorov/Repos/eeg_jepa_research/artifacts/liu2024-source-mat-sjepa-prelocal/20260531_0950_abb6b630/subject_inventory.csv
[2026-05-31 09:51:10] X_ALL shape: (2000, 29, 537) | Y_ALL counts: [1000, 1000]
[2026-05-31 09:51:10] Preprocessing steps used:
[2026-05-31 09:51:10]   - select 29 EEG channels; drop CPz source reference, EOG, and marker
[2026-05-31 09:51:10]   - source demean skipped
[2026-05-31 09:51:10]   - source detrend skipped
[2026-05-31 09:51:10]   - EOG correction skipped
[2026-05-31 09:51:10]   - source artifact clipping skipped
[2026-05-31 09:51:10]   - convert source microvolts to MNE volts
[2026-05-31 09:51:10]   - average reference at before resample/filter
[2026-05-31 09:51:10]   - resample to 128 Hz
[2026-05-31 09:51:10]   - IIR bandpass 0.5–40.0 Hz | params={'ftype': 'butter', 'order': 2}
[2026-05-31 09:51:10]   - convert MNE volts to model microvolts
[2026-05-31 09:51:10]   - crop fixed window samples [256:793]
[2026-05-31 09:51:10]   - bad-trial rejection skipped
[2026-05-31 09:51:10] Window summary saved to: /home/vegorov/Repos/eeg_jepa_research/artifacts/liu2024-source-mat-sjepa-prelocal/20260531_0950_abb6b630/window_counts_by_subject.csv
[2026-05-31 09:51:10] ======================================================================
[2026-05-31 09:51:10] STARTING WITHIN-SUBJECT EVALUATION
[2026-05-31 09:51:10] ======================================================================
[2026-05-31 09:51:10] Experiment:    hpgrid537_bs4_lr0p0003_clip1_start2_test0p4_iir_none
[2026-05-31 09:51:10] Subjects:      ['1', '2', '3', '4', '5', '6', '7', '8', '9', '10', '11', '12', '13', '14', '15', '16', '17', '18', '19', '20', '21', '22', '23', '24', '25', '26', '27', '28', '29', '30', '31', '32', '33', '34', '35', '36', '37', '38', '39', '40', '41', '42', '43', '44', '45', '46', '47', '48', '49', '50']
[2026-05-31 09:51:10] Model:         SignalJEPA_PreLocal
[2026-05-31 09:51:10] Pretrained:    from_pretrained
[2026-05-31 09:51:10] Strategy:      new
[2026-05-31 09:51:10] Preprocessing: demean=none | detrend=none | eog=none | clip=none | ref=average@before_resample_filter | resample=True->128 | filter=True 0.5–40.0 iir
[2026-05-31 09:51:10] Normalization: none | reject_bad_trials=False
[2026-05-31 09:51:10] Evaluation:    stratified_kfold | cv_folds=5 | n_repeats=10 | test_size=0.4
[2026-05-31 09:51:10] Seed:          base=2026 | cv=2026 | split=2026 | val=2026
[2026-05-31 09:51:10] Window:        start=2s | samples=537 | duration=4.1953s | effective sfreq=128.0
[2026-05-31 09:51:10] Optimizer:     adam | lr=0.0003 | wd=0.0
[2026-05-31 09:51:10] Augmentation:  noise=0.0 | shift=0 | ch_drop=0.0
[2026-05-31 09:51:10] Val split:     0.2
[2026-05-31 09:51:10] Max epochs:    5000 | patience=50
[2026-05-31 09:51:10] Device:        cpu
[2026-05-31 09:51:10] ======================================================================
[2026-05-31 09:51:10] \nSubject 1: 40 windows | class_counts=[20, 20]

[2026-05-31 09:51:11] Fold 1/5 | subject=1
[2026-05-31 09:51:11]     Train: 32 | counts=[16, 16]
[2026-05-31 09:51:11]     Test:  8 | counts=[4, 4]
[2026-05-31 09:51:11]     Model: SignalJEPA_PreLocal | Pretrained: from_pretrained | Strategy: new
[2026-05-31 09:51:11]     Normalization: none | fit_scope=none
[2026-05-31 09:51:11]     Phase 1 (new): 2,170/16,010 params
[2026-05-31 09:51:20]     Result | best_epoch=549 | stop=599 | final_phase_epochs=599 | acc=0.7500 | bal_acc=0.7500 | pred_hist=[4, 4] | collapse=False
[2026-05-31 09:51:20]     spatial_conv=[4, 29] top_abs_channels=[('T4', 0.16526257), ('F4', 0.15732016), ('TP7', 0.15523738), ('O1', 0.1429553), ('FC4', 0.13995926), ('T3', 0.13173315), ('FCz', 0.12792894), ('FT7', 0.12644428)]
[2026-05-31 09:51:20]     spatial_update=delta_l2=1.21842819 max_abs=0.32452472 relative=1.02090442 changed=True

[2026-05-31 09:51:21] Fold 2/5 | subject=1
[2026-05-31 09:51:21]     Train: 32 | counts=[16, 16]
[2026-05-31 09:51:21]     Test:  8 | counts=[4, 4]
[2026-05-31 09:51:21]     Model: SignalJEPA_PreLocal | Pretrained: from_pretrained | Strategy: new
[2026-05-31 09:51:21]     Normalization: none | fit_scope=none
[2026-05-31 09:51:21]     Phase 1 (new): 2,170/16,010 params
[2026-05-31 09:51:22]     Result | best_epoch=1 | stop=51 | final_phase_epochs=51 | acc=0.5000 | bal_acc=0.5000 | pred_hist=[0, 8] | collapse=True
[2026-05-31 09:51:22]     spatial_conv=[4, 29] top_abs_channels=[('Pz', 0.15256922), ('O2', 0.14441928), ('T3', 0.12640852), ('O1', 0.12228023), ('T4', 0.12201248), ('CP3', 0.12134545), ('C3', 0.11546551), ('CP4', 0.11057734)]
[2026-05-31 09:51:22]     spatial_update=delta_l2=0.00945335 max_abs=0.00170063 relative=0.00792083 changed=True

[2026-05-31 09:51:22] Fold 3/5 | subject=1
[2026-05-31 09:51:22]     Train: 32 | counts=[16, 16]
[2026-05-31 09:51:22]     Test:  8 | counts=[4, 4]
[2026-05-31 09:51:22]     Model: SignalJEPA_PreLocal | Pretrained: from_pretrained | Strategy: new
[2026-05-31 09:51:22]     Normalization: none | fit_scope=none
[2026-05-31 09:51:22]     Phase 1 (new): 2,170/16,010 params
[2026-05-31 09:51:23]     Result | best_epoch=2 | stop=51 | final_phase_epochs=51 | acc=0.5000 | bal_acc=0.5000 | pred_hist=[2, 6] | collapse=False
[2026-05-31 09:51:23]     spatial_conv=[4, 29] top_abs_channels=[('Pz', 0.15289475), ('O2', 0.14426519), ('T3', 0.12693152), ('O1', 0.12207511), ('T4', 0.12189446), ('CP3', 0.12110445), ('C3', 0.11551671), ('CP4', 0.11121105)]
[2026-05-31 09:51:23]     spatial_update=delta_l2=0.00918688 max_abs=0.00148752 relative=0.00769756 changed=True

[2026-05-31 09:51:24] Fold 4/5 | subject=1
[2026-05-31 09:51:24]     Train: 32 | counts=[16, 16]
[2026-05-31 09:51:24]     Test:  8 | counts=[4, 4]
[2026-05-31 09:51:24]     Model: SignalJEPA_PreLocal | Pretrained: from_pretrained | Strategy: new
[2026-05-31 09:51:24]     Normalization: none | fit_scope=none
[2026-05-31 09:51:24]     Phase 1 (new): 2,170/16,010 params
[2026-05-31 09:51:38]     Result | best_epoch=788 | stop=838 | final_phase_epochs=838 | acc=0.5000 | bal_acc=0.5000 | pred_hist=[4, 4] | collapse=False
[2026-05-31 09:51:38]     spatial_conv=[4, 29] top_abs_channels=[('C3', 0.18684967), ('CP4', 0.15733574), ('FCz', 0.15614432), ('T4', 0.14277005), ('T5', 0.13603935), ('O1', 0.13582166), ('T3', 0.11955717), ('O2', 0.11635526)]
[2026-05-31 09:51:38]     spatial_update=delta_l2=1.13288781 max_abs=0.26236758 relative=0.94923129 changed=True

[2026-05-31 09:51:39] Fold 5/5 | subject=1
[2026-05-31 09:51:39]     Train: 32 | counts=[16, 16]
[2026-05-31 09:51:39]     Test:  8 | counts=[4, 4]
[2026-05-31 09:51:39]     Model: SignalJEPA_PreLocal | Pretrained: from_pretrained | Strategy: new
[2026-05-31 09:51:39]     Normalization: none | fit_scope=none
[2026-05-31 09:51:39]     Phase 1 (new): 2,170/16,010 params
[2026-05-31 09:51:40]     Result | best_epoch=1 | stop=51 | final_phase_epochs=51 | acc=0.5000 | bal_acc=0.5000 | pred_hist=[0, 8] | collapse=True
[2026-05-31 09:51:40]     spatial_conv=[4, 29] top_abs_channels=[('Pz', 0.15318693), ('O2', 0.14415559), ('T3', 0.12668484), ('O1', 0.12254886), ('T4', 0.12204663), ('CP3', 0.12036265), ('C3', 0.11595327), ('CP4', 0.11133165)]
[2026-05-31 09:51:40]     spatial_update=delta_l2=0.00979490 max_abs=0.00168409 relative=0.00820702 changed=True
[2026-05-31 09:51:40]   Subject 1: acc=0.5500±0.1000  bal_acc=0.5500±0.1000
[2026-05-31 09:51:40] \nSubject 2: 40 windows | class_counts=[20, 20]

[2026-05-31 09:51:40] Fold 1/5 | subject=2
[2026-05-31 09:51:40]     Train: 32 | counts=[16, 16]
[2026-05-31 09:51:40]     Test:  8 | counts=[4, 4]
[2026-05-31 09:51:40]     Model: SignalJEPA_PreLocal | Pretrained: from_pretrained | Strategy: new
[2026-05-31 09:51:40]     Normalization: none | fit_scope=none
[2026-05-31 09:51:40]     Phase 1 (new): 2,170/16,010 params
[2026-05-31 09:51:46]     Result | best_epoch=280 | stop=330 | final_phase_epochs=330 | acc=0.3750 | bal_acc=0.3750 | pred_hist=[5, 3] | collapse=False
[2026-05-31 09:51:46]     spatial_conv=[4, 29] top_abs_channels=[('Pz', 0.18869227), ('Fz', 0.16231532), ('T6', 0.14941539), ('T3', 0.14789303), ('CP4', 0.13831498), ('O2', 0.12693965), ('T5', 0.1119627), ('FCz', 0.11151864)]
[2026-05-31 09:51:46]     spatial_update=delta_l2=0.90450503 max_abs=0.26631400 relative=0.75787247 changed=True

[2026-05-31 09:51:47] Fold 2/5 | subject=2
[2026-05-31 09:51:47]     Train: 32 | counts=[16, 16]
[2026-05-31 09:51:47]     Test:  8 | counts=[4, 4]
[2026-05-31 09:51:47]     Model: SignalJEPA_PreLocal | Pretrained: from_pretrained | Strategy: new
[2026-05-31 09:51:47]     Normalization: none | fit_scope=none
[2026-05-31 09:51:47]     Phase 1 (new): 2,170/16,010 params
[2026-05-31 09:51:47]     Result | best_epoch=1 | stop=51 | final_phase_epochs=51 | acc=0.5000 | bal_acc=0.5000 | pred_hist=[0, 8] | collapse=True
[2026-05-31 09:51:47]     spatial_conv=[4, 29] top_abs_channels=[('Pz', 0.15384462), ('O2', 0.14392236), ('T3', 0.12759189), ('T4', 0.12241809), ('O1', 0.12240195), ('CP3', 0.12071089), ('C3', 0.11558357), ('CP4', 0.11107607)]
[2026-05-31 09:51:47]     spatial_update=delta_l2=0.00796945 max_abs=0.00167564 relative=0.00667749 changed=True

[2026-05-31 09:51:48] Fold 3/5 | subject=2
[2026-05-31 09:51:48]     Train: 32 | counts=[16, 16]
[2026-05-31 09:51:48]     Test:  8 | counts=[4, 4]
[2026-05-31 09:51:48]     Model: SignalJEPA_PreLocal | Pretrained: from_pretrained | Strategy: new
[2026-05-31 09:51:48]     Normalization: none | fit_scope=none
[2026-05-31 09:51:48]     Phase 1 (new): 2,170/16,010 params
[2026-05-31 09:51:51]     Result | best_epoch=140 | stop=190 | final_phase_epochs=190 | acc=0.5000 | bal_acc=0.5000 | pred_hist=[4, 4] | collapse=False
[2026-05-31 09:51:51]     spatial_conv=[4, 29] top_abs_channels=[('Pz', 0.17833173), ('T3', 0.1576758), ('Fz', 0.14464039), ('C3', 0.12620676), ('P4', 0.1234775), ('T4', 0.1141558), ('T6', 0.11338133), ('O2', 0.10940157)]
[2026-05-31 09:51:51]     spatial_update=delta_l2=0.61134340 max_abs=0.17438304 relative=0.51223632 changed=True

[2026-05-31 09:51:52] Fold 4/5 | subject=2
[2026-05-31 09:51:52]     Train: 32 | counts=[16, 16]
[2026-05-31 09:51:52]     Test:  8 | counts=[4, 4]
[2026-05-31 09:51:52]     Model: SignalJEPA_PreLocal | Pretrained: from_pretrained | Strategy: new
[2026-05-31 09:51:52]     Normalization: none | fit_scope=none
[2026-05-31 09:51:52]     Phase 1 (new): 2,170/16,010 params
[2026-05-31 09:51:52]     Result | best_epoch=1 | stop=51 | final_phase_epochs=51 | acc=0.5000 | bal_acc=0.5000 | pred_hist=[0, 8] | collapse=True
[2026-05-31 09:51:52]     spatial_conv=[4, 29] top_abs_channels=[('Pz', 0.15377992), ('O2', 0.14343308), ('T3', 0.12730674), ('O1', 0.12224352), ('T4', 0.12209085), ('CP3', 0.12088909), ('C3', 0.11512849), ('CP4', 0.11143699)]
[2026-05-31 09:51:52]     spatial_update=delta_l2=0.01084898 max_abs=0.00175896 relative=0.00909021 changed=True

[2026-05-31 09:51:53] Fold 5/5 | subject=2
[2026-05-31 09:51:53]     Train: 32 | counts=[16, 16]
[2026-05-31 09:51:53]     Test:  8 | counts=[4, 4]
[2026-05-31 09:51:53]     Model: SignalJEPA_PreLocal | Pretrained: from_pretrained | Strategy: new
[2026-05-31 09:51:53]     Normalization: none | fit_scope=none
[2026-05-31 09:51:53]     Phase 1 (new): 2,170/16,010 params
[2026-05-31 09:51:54]     Result | best_epoch=1 | stop=51 | final_phase_epochs=51 | acc=0.5000 | bal_acc=0.5000 | pred_hist=[0, 8] | collapse=True
[2026-05-31 09:51:54]     spatial_conv=[4, 29] top_abs_channels=[('Pz', 0.15369198), ('O2', 0.14436936), ('T3', 0.12788148), ('O1', 0.1224656), ('T4', 0.12213261), ('CP3', 0.12035646), ('C3', 0.11498411), ('CP4', 0.1105089)]
[2026-05-31 09:51:54]     spatial_update=delta_l2=0.01106611 max_abs=0.00174508 relative=0.00927214 changed=True
[2026-05-31 09:51:54]   Subject 2: acc=0.4750±0.0500  bal_acc=0.4750±0.0500
[2026-05-31 09:51:54] \nSubject 3: 40 windows | class_counts=[20, 20]

[2026-05-31 09:51:54] Fold 1/5 | subject=3
[2026-05-31 09:51:54]     Train: 32 | counts=[16, 16]
[2026-05-31 09:51:54]     Test:  8 | counts=[4, 4]
[2026-05-31 09:51:54]     Model: SignalJEPA_PreLocal | Pretrained: from_pretrained | Strategy: new
[2026-05-31 09:51:54]     Normalization: none | fit_scope=none
[2026-05-31 09:51:54]     Phase 1 (new): 2,170/16,010 params
[2026-05-31 09:51:56]     Result | best_epoch=67 | stop=115 | final_phase_epochs=115 | acc=0.6250 | bal_acc=0.6250 | pred_hist=[5, 3] | collapse=False
[2026-05-31 09:51:56]     spatial_conv=[4, 29] top_abs_channels=[('Pz', 0.16447954), ('P4', 0.15745111), ('O2', 0.14862853), ('T4', 0.1404255), ('C3', 0.12805353), ('CP3', 0.11926772), ('Fz', 0.10906892), ('CP4', 0.10513596)]
[2026-05-31 09:51:56]     spatial_update=delta_l2=0.54081906 max_abs=0.11872128 relative=0.45314494 changed=True

[2026-05-31 09:51:57] Fold 2/5 | subject=3
[2026-05-31 09:51:57]     Train: 32 | counts=[16, 16]
[2026-05-31 09:51:57]     Test:  8 | counts=[4, 4]
[2026-05-31 09:51:57]     Model: SignalJEPA_PreLocal | Pretrained: from_pretrained | Strategy: new
[2026-05-31 09:51:57]     Normalization: none | fit_scope=none
[2026-05-31 09:51:57]     Phase 1 (new): 2,170/16,010 params
[2026-05-31 09:51:57]     Result | best_epoch=1 | stop=51 | final_phase_epochs=51 | acc=0.6250 | bal_acc=0.6250 | pred_hist=[1, 7] | collapse=False
[2026-05-31 09:51:57]     spatial_conv=[4, 29] top_abs_channels=[('Pz', 0.15362996), ('O2', 0.14487337), ('T3', 0.12747081), ('T4', 0.12255581), ('O1', 0.12137054), ('CP3', 0.12039594), ('C3', 0.11550996), ('CP4', 0.11115649)]
[2026-05-31 09:51:57]     spatial_update=delta_l2=0.00972861 max_abs=0.00168860 relative=0.00815147 changed=True

[2026-05-31 09:51:58] Fold 3/5 | subject=3
[2026-05-31 09:51:58]     Train: 32 | counts=[16, 16]
[2026-05-31 09:51:58]     Test:  8 | counts=[4, 4]
[2026-05-31 09:51:58]     Model: SignalJEPA_PreLocal | Pretrained: from_pretrained | Strategy: new
[2026-05-31 09:51:58]     Normalization: none | fit_scope=none
[2026-05-31 09:51:58]     Phase 1 (new): 2,170/16,010 params
[2026-05-31 09:51:59]     Result | best_epoch=1 | stop=51 | final_phase_epochs=51 | acc=0.5000 | bal_acc=0.5000 | pred_hist=[0, 8] | collapse=True
[2026-05-31 09:51:59]     spatial_conv=[4, 29] top_abs_channels=[('Pz', 0.15326868), ('O2', 0.14461762), ('T3', 0.12709953), ('T4', 0.12237331), ('O1', 0.12207536), ('CP3', 0.12050861), ('C3', 0.1156273), ('CP4', 0.11081842)]
[2026-05-31 09:51:59]     spatial_update=delta_l2=0.00888200 max_abs=0.00166813 relative=0.00744210 changed=True

[2026-05-31 09:51:59] Fold 4/5 | subject=3
[2026-05-31 09:51:59]     Train: 32 | counts=[16, 16]
[2026-05-31 09:51:59]     Test:  8 | counts=[4, 4]
[2026-05-31 09:51:59]     Model: SignalJEPA_PreLocal | Pretrained: from_pretrained | Strategy: new
[2026-05-31 09:51:59]     Normalization: none | fit_scope=none
[2026-05-31 09:51:59]     Phase 1 (new): 2,170/16,010 params
[2026-05-31 09:52:00]     Result | best_epoch=1 | stop=51 | final_phase_epochs=51 | acc=0.5000 | bal_acc=0.5000 | pred_hist=[0, 8] | collapse=True
[2026-05-31 09:52:00]     spatial_conv=[4, 29] top_abs_channels=[('Pz', 0.15329298), ('O2', 0.14404891), ('T3', 0.12697716), ('T4', 0.12295412), ('O1', 0.12224203), ('CP3', 0.12070575), ('C3', 0.11600284), ('CP4', 0.11059077)]
[2026-05-31 09:52:00]     spatial_update=delta_l2=0.00794416 max_abs=0.00163695 relative=0.00665630 changed=True

[2026-05-31 09:52:01] Fold 5/5 | subject=3
[2026-05-31 09:52:01]     Train: 32 | counts=[16, 16]
[2026-05-31 09:52:01]     Test:  8 | counts=[4, 4]
[2026-05-31 09:52:01]     Model: SignalJEPA_PreLocal | Pretrained: from_pretrained | Strategy: new
[2026-05-31 09:52:01]     Normalization: none | fit_scope=none
[2026-05-31 09:52:01]     Phase 1 (new): 2,170/16,010 params
[2026-05-31 09:52:02]     Result | best_epoch=2 | stop=51 | final_phase_epochs=51 | acc=0.5000 | bal_acc=0.5000 | pred_hist=[0, 8] | collapse=True
[2026-05-31 09:52:02]     spatial_conv=[4, 29] top_abs_channels=[('Pz', 0.15263438), ('O2', 0.14439465), ('T3', 0.12780297), ('T4', 0.12207723), ('O1', 0.12157999), ('CP3', 0.12108023), ('C3', 0.11589037), ('CP4', 0.11113739)]
[2026-05-31 09:52:02]     spatial_update=delta_l2=0.00957898 max_abs=0.00164932 relative=0.00802610 changed=True
[2026-05-31 09:52:02]   Subject 3: acc=0.5500±0.0612  bal_acc=0.5500±0.0612
[2026-05-31 09:52:02] \nSubject 4: 40 windows | class_counts=[20, 20]

[2026-05-31 09:52:02] Fold 1/5 | subject=4
[2026-05-31 09:52:02]     Train: 32 | counts=[16, 16]
[2026-05-31 09:52:02]     Test:  8 | counts=[4, 4]
[2026-05-31 09:52:02]     Model: SignalJEPA_PreLocal | Pretrained: from_pretrained | Strategy: new
[2026-05-31 09:52:02]     Normalization: none | fit_scope=none
[2026-05-31 09:52:02]     Phase 1 (new): 2,170/16,010 params
[2026-05-31 09:52:03]     Result | best_epoch=1 | stop=51 | final_phase_epochs=51 | acc=0.5000 | bal_acc=0.5000 | pred_hist=[0, 8] | collapse=True
[2026-05-31 09:52:03]     spatial_conv=[4, 29] top_abs_channels=[('Pz', 0.15352219), ('O2', 0.14474173), ('T3', 0.12642848), ('T4', 0.12210895), ('O1', 0.12194096), ('CP3', 0.12079509), ('C3', 0.11483231), ('CP4', 0.1111994)]
[2026-05-31 09:52:03]     spatial_update=delta_l2=0.00895192 max_abs=0.00162526 relative=0.00750069 changed=True

[2026-05-31 09:52:03] Fold 2/5 | subject=4
[2026-05-31 09:52:03]     Train: 32 | counts=[16, 16]
[2026-05-31 09:52:03]     Test:  8 | counts=[4, 4]
[2026-05-31 09:52:03]     Model: SignalJEPA_PreLocal | Pretrained: from_pretrained | Strategy: new
[2026-05-31 09:52:03]     Normalization: none | fit_scope=none
[2026-05-31 09:52:03]     Phase 1 (new): 2,170/16,010 params
[2026-05-31 09:52:04]     Result | best_epoch=1 | stop=51 | final_phase_epochs=51 | acc=0.5000 | bal_acc=0.5000 | pred_hist=[0, 8] | collapse=True
[2026-05-31 09:52:04]     spatial_conv=[4, 29] top_abs_channels=[('Pz', 0.15353054), ('O2', 0.14441349), ('T3', 0.12763578), ('O1', 0.12204877), ('T4', 0.12199719), ('CP3', 0.12090674), ('C3', 0.11489768), ('CP4', 0.11074501)]
[2026-05-31 09:52:04]     spatial_update=delta_l2=0.00785542 max_abs=0.00166176 relative=0.00658195 changed=True

[2026-05-31 09:52:05] Fold 3/5 | subject=4
[2026-05-31 09:52:05]     Train: 32 | counts=[16, 16]
[2026-05-31 09:52:05]     Test:  8 | counts=[4, 4]
[2026-05-31 09:52:05]     Model: SignalJEPA_PreLocal | Pretrained: from_pretrained | Strategy: new
[2026-05-31 09:52:05]     Normalization: none | fit_scope=none
[2026-05-31 09:52:05]     Phase 1 (new): 2,170/16,010 params
[2026-05-31 09:52:46]     Result | best_epoch=2323 | stop=2373 | final_phase_epochs=2373 | acc=0.6250 | bal_acc=0.6250 | pred_hist=[5, 3] | collapse=False
[2026-05-31 09:52:46]     spatial_conv=[4, 29] top_abs_channels=[('C3', 0.22259545), ('CP3', 0.19293313), ('Pz', 0.16639391), ('Oz', 0.15993854), ('P3', 0.13574702), ('C4', 0.12900637), ('T6', 0.12651588), ('TP7', 0.0981563)]
[2026-05-31 09:52:46]     spatial_update=delta_l2=1.28367907 max_abs=0.36717115 relative=1.07557725 changed=True

[2026-05-31 09:52:47] Fold 4/5 | subject=4
[2026-05-31 09:52:47]     Train: 32 | counts=[16, 16]
[2026-05-31 09:52:47]     Test:  8 | counts=[4, 4]
[2026-05-31 09:52:47]     Model: SignalJEPA_PreLocal | Pretrained: from_pretrained | Strategy: new
[2026-05-31 09:52:47]     Normalization: none | fit_scope=none
[2026-05-31 09:52:47]     Phase 1 (new): 2,170/16,010 params
[2026-05-31 09:52:51]     Result | best_epoch=243 | stop=261 | final_phase_epochs=261 | acc=0.8750 | bal_acc=0.8750 | pred_hist=[3, 5] | collapse=False
[2026-05-31 09:52:51]     spatial_conv=[4, 29] top_abs_channels=[('TP8', 0.19466344), ('O2', 0.16621825), ('C3', 0.13091874), ('Oz', 0.13037014), ('P3', 0.12768352), ('T6', 0.12687552), ('T4', 0.12139474), ('CP4', 0.11793509)]
[2026-05-31 09:52:51]     spatial_update=delta_l2=0.84425187 max_abs=0.27222706 relative=0.70738717 changed=True

[2026-05-31 09:52:52] Fold 5/5 | subject=4
[2026-05-31 09:52:52]     Train: 32 | counts=[16, 16]
[2026-05-31 09:52:52]     Test:  8 | counts=[4, 4]
[2026-05-31 09:52:52]     Model: SignalJEPA_PreLocal | Pretrained: from_pretrained | Strategy: new
[2026-05-31 09:52:52]     Normalization: none | fit_scope=none
[2026-05-31 09:52:52]     Phase 1 (new): 2,170/16,010 params
[2026-05-31 09:52:53]     Result | best_epoch=1 | stop=51 | final_phase_epochs=51 | acc=0.5000 | bal_acc=0.5000 | pred_hist=[0, 8] | collapse=True
[2026-05-31 09:52:53]     spatial_conv=[4, 29] top_abs_channels=[('Pz', 0.15376458), ('O2', 0.14423721), ('T3', 0.12644255), ('O1', 0.12149724), ('T4', 0.12131746), ('CP3', 0.12111727), ('C3', 0.11484859), ('CP4', 0.11111014)]
[2026-05-31 09:52:53]     spatial_update=delta_l2=0.00820209 max_abs=0.00165948 relative=0.00687242 changed=True
[2026-05-31 09:52:53]   Subject 4: acc=0.6000±0.1458  bal_acc=0.6000±0.1458
[2026-05-31 09:52:53] \nSubject 5: 40 windows | class_counts=[20, 20]

[2026-05-31 09:52:53] Fold 1/5 | subject=5
[2026-05-31 09:52:53]     Train: 32 | counts=[16, 16]
[2026-05-31 09:52:53]     Test:  8 | counts=[4, 4]
[2026-05-31 09:52:53]     Model: SignalJEPA_PreLocal | Pretrained: from_pretrained | Strategy: new
[2026-05-31 09:52:53]     Normalization: none | fit_scope=none
[2026-05-31 09:52:53]     Phase 1 (new): 2,170/16,010 params
[2026-05-31 09:52:54]     Result | best_epoch=1 | stop=51 | final_phase_epochs=51 | acc=0.5000 | bal_acc=0.5000 | pred_hist=[0, 8] | collapse=True
[2026-05-31 09:52:54]     spatial_conv=[4, 29] top_abs_channels=[('Pz', 0.15311709), ('O2', 0.14459868), ('T3', 0.12684132), ('T4', 0.12213174), ('O1', 0.12151201), ('CP3', 0.12141585), ('C3', 0.1154594), ('CP4', 0.10987932)]
[2026-05-31 09:52:54]     spatial_update=delta_l2=0.00963730 max_abs=0.00172113 relative=0.00807496 changed=True

[2026-05-31 09:52:55] Fold 2/5 | subject=5
[2026-05-31 09:52:55]     Train: 32 | counts=[16, 16]
[2026-05-31 09:52:55]     Test:  8 | counts=[4, 4]
[2026-05-31 09:52:55]     Model: SignalJEPA_PreLocal | Pretrained: from_pretrained | Strategy: new
[2026-05-31 09:52:55]     Normalization: none | fit_scope=none
[2026-05-31 09:52:55]     Phase 1 (new): 2,170/16,010 params
[2026-05-31 09:52:56]     Result | best_epoch=1 | stop=51 | final_phase_epochs=51 | acc=0.5000 | bal_acc=0.5000 | pred_hist=[0, 8] | collapse=True
[2026-05-31 09:52:56]     spatial_conv=[4, 29] top_abs_channels=[('Pz', 0.15332282), ('O2', 0.14454876), ('T3', 0.12688798), ('T4', 0.12239183), ('O1', 0.12237744), ('CP3', 0.12108436), ('C3', 0.11539805), ('CP4', 0.11060268)]
[2026-05-31 09:52:56]     spatial_update=delta_l2=0.00930643 max_abs=0.00163043 relative=0.00779773 changed=True

[2026-05-31 09:52:56] Fold 3/5 | subject=5
[2026-05-31 09:52:56]     Train: 32 | counts=[16, 16]
[2026-05-31 09:52:56]     Test:  8 | counts=[4, 4]
[2026-05-31 09:52:56]     Model: SignalJEPA_PreLocal | Pretrained: from_pretrained | Strategy: new
[2026-05-31 09:52:56]     Normalization: none | fit_scope=none
[2026-05-31 09:52:56]     Phase 1 (new): 2,170/16,010 params
[2026-05-31 09:53:41]     Result | best_epoch=2533 | stop=2583 | final_phase_epochs=2583 | acc=0.5000 | bal_acc=0.5000 | pred_hist=[4, 4] | collapse=False
[2026-05-31 09:53:41]     spatial_conv=[4, 29] top_abs_channels=[('CP4', 0.1877156), ('TP8', 0.15472537), ('Fz', 0.12299529), ('FC4', 0.11972648), ('FCz', 0.11854839), ('T6', 0.11378762), ('CP3', 0.11338636), ('TP7', 0.10850977)]
[2026-05-31 09:53:41]     spatial_update=delta_l2=1.17974007 max_abs=0.25839068 relative=0.98848816 changed=True

[2026-05-31 09:53:41] Fold 4/5 | subject=5
[2026-05-31 09:53:41]     Train: 32 | counts=[16, 16]
[2026-05-31 09:53:41]     Test:  8 | counts=[4, 4]
[2026-05-31 09:53:41]     Model: SignalJEPA_PreLocal | Pretrained: from_pretrained | Strategy: new
[2026-05-31 09:53:41]     Normalization: none | fit_scope=none
[2026-05-31 09:53:41]     Phase 1 (new): 2,170/16,010 params
[2026-05-31 09:53:42]     Result | best_epoch=10 | stop=60 | final_phase_epochs=60 | acc=0.6250 | bal_acc=0.6250 | pred_hist=[1, 7] | collapse=False
[2026-05-31 09:53:42]     spatial_conv=[4, 29] top_abs_channels=[('O2', 0.15117264), ('Pz', 0.14949042), ('T3', 0.12735263), ('T4', 0.12669797), ('O1', 0.12446104), ('CP3', 0.1187352), ('C3', 0.11453587), ('CP4', 0.1109392)]
[2026-05-31 09:53:42]     spatial_update=delta_l2=0.07340667 max_abs=0.01423971 relative=0.06150645 changed=True

[2026-05-31 09:53:43] Fold 5/5 | subject=5
[2026-05-31 09:53:43]     Train: 32 | counts=[16, 16]
[2026-05-31 09:53:43]     Test:  8 | counts=[4, 4]
[2026-05-31 09:53:43]     Model: SignalJEPA_PreLocal | Pretrained: from_pretrained | Strategy: new
[2026-05-31 09:53:43]     Normalization: none | fit_scope=none
[2026-05-31 09:53:43]     Phase 1 (new): 2,170/16,010 params
[2026-05-31 09:53:44]     Result | best_epoch=1 | stop=51 | final_phase_epochs=51 | acc=0.5000 | bal_acc=0.5000 | pred_hist=[0, 8] | collapse=True
[2026-05-31 09:53:44]     spatial_conv=[4, 29] top_abs_channels=[('Pz', 0.15294202), ('O2', 0.14424261), ('T3', 0.12683141), ('T4', 0.12221927), ('O1', 0.1221699), ('CP3', 0.1219072), ('C3', 0.11538513), ('CP4', 0.11009303)]
[2026-05-31 09:53:44]     spatial_update=delta_l2=0.00974547 max_abs=0.00160215 relative=0.00816560 changed=True
[2026-05-31 09:53:44]   Subject 5: acc=0.5250±0.0500  bal_acc=0.5250±0.0500
[2026-05-31 09:53:44] \nSubject 6: 40 windows | class_counts=[20, 20]

[2026-05-31 09:53:44] Fold 1/5 | subject=6
[2026-05-31 09:53:44]     Train: 32 | counts=[16, 16]
[2026-05-31 09:53:44]     Test:  8 | counts=[4, 4]
[2026-05-31 09:53:44]     Model: SignalJEPA_PreLocal | Pretrained: from_pretrained | Strategy: new
[2026-05-31 09:53:44]     Normalization: none | fit_scope=none
[2026-05-31 09:53:44]     Phase 1 (new): 2,170/16,010 params
[2026-05-31 09:53:45]     Result | best_epoch=1 | stop=51 | final_phase_epochs=51 | acc=0.5000 | bal_acc=0.5000 | pred_hist=[0, 8] | collapse=True
[2026-05-31 09:53:45]     spatial_conv=[4, 29] top_abs_channels=[('Pz', 0.15345821), ('O2', 0.14390217), ('T3', 0.12702441), ('T4', 0.12234415), ('O1', 0.12181468), ('CP3', 0.1209804), ('C3', 0.1150071), ('CP4', 0.11105955)]
[2026-05-31 09:53:45]     spatial_update=delta_l2=0.01070311 max_abs=0.00174417 relative=0.00896799 changed=True

[2026-05-31 09:53:46] Fold 2/5 | subject=6
[2026-05-31 09:53:46]     Train: 32 | counts=[16, 16]
[2026-05-31 09:53:46]     Test:  8 | counts=[4, 4]
[2026-05-31 09:53:46]     Model: SignalJEPA_PreLocal | Pretrained: from_pretrained | Strategy: new
[2026-05-31 09:53:46]     Normalization: none | fit_scope=none
[2026-05-31 09:53:46]     Phase 1 (new): 2,170/16,010 params
[2026-05-31 09:53:47]     Result | best_epoch=37 | stop=87 | final_phase_epochs=87 | acc=0.6250 | bal_acc=0.6250 | pred_hist=[1, 7] | collapse=False
[2026-05-31 09:53:47]     spatial_conv=[4, 29] top_abs_channels=[('O2', 0.14530611), ('Pz', 0.13970314), ('O1', 0.13678639), ('C3', 0.12962671), ('T3', 0.12601404), ('Fz', 0.1218809), ('T4', 0.11859763), ('CP3', 0.11602285)]
[2026-05-31 09:53:47]     spatial_update=delta_l2=0.20252672 max_abs=0.05870760 relative=0.16969438 changed=True

[2026-05-31 09:53:48] Fold 3/5 | subject=6
[2026-05-31 09:53:48]     Train: 32 | counts=[16, 16]
[2026-05-31 09:53:48]     Test:  8 | counts=[4, 4]
[2026-05-31 09:53:48]     Model: SignalJEPA_PreLocal | Pretrained: from_pretrained | Strategy: new
[2026-05-31 09:53:48]     Normalization: none | fit_scope=none
[2026-05-31 09:53:48]     Phase 1 (new): 2,170/16,010 params
[2026-05-31 09:53:48]     Result | best_epoch=1 | stop=51 | final_phase_epochs=51 | acc=0.3750 | bal_acc=0.3750 | pred_hist=[1, 7] | collapse=False
[2026-05-31 09:53:48]     spatial_conv=[4, 29] top_abs_channels=[('Pz', 0.15301594), ('O2', 0.14387858), ('T3', 0.12726346), ('T4', 0.1228603), ('O1', 0.12155578), ('CP3', 0.12134199), ('C3', 0.11479484), ('CP4', 0.11149568)]
[2026-05-31 09:53:48]     spatial_update=delta_l2=0.00987621 max_abs=0.00170067 relative=0.00827515 changed=True

[2026-05-31 09:53:49] Fold 4/5 | subject=6
[2026-05-31 09:53:49]     Train: 32 | counts=[16, 16]
[2026-05-31 09:53:49]     Test:  8 | counts=[4, 4]
[2026-05-31 09:53:49]     Model: SignalJEPA_PreLocal | Pretrained: from_pretrained | Strategy: new
[2026-05-31 09:53:49]     Normalization: none | fit_scope=none
[2026-05-31 09:53:49]     Phase 1 (new): 2,170/16,010 params
[2026-05-31 09:53:51]     Result | best_epoch=80 | stop=130 | final_phase_epochs=130 | acc=0.3750 | bal_acc=0.3750 | pred_hist=[3, 5] | collapse=False
[2026-05-31 09:53:51]     spatial_conv=[4, 29] top_abs_channels=[('T3', 0.16982028), ('Pz', 0.1590201), ('Fp1', 0.13687111), ('CP3', 0.1328229), ('Fz', 0.12312713), ('O2', 0.12259431), ('T6', 0.11682385), ('C3', 0.11422046)]
[2026-05-31 09:53:51]     spatial_update=delta_l2=0.49888109 max_abs=0.13842248 relative=0.41800568 changed=True

[2026-05-31 09:53:52] Fold 5/5 | subject=6
[2026-05-31 09:53:52]     Train: 32 | counts=[16, 16]
[2026-05-31 09:53:52]     Test:  8 | counts=[4, 4]
[2026-05-31 09:53:52]     Model: SignalJEPA_PreLocal | Pretrained: from_pretrained | Strategy: new
[2026-05-31 09:53:52]     Normalization: none | fit_scope=none
[2026-05-31 09:53:52]     Phase 1 (new): 2,170/16,010 params
[2026-05-31 09:53:53]     Result | best_epoch=55 | stop=101 | final_phase_epochs=101 | acc=0.2500 | bal_acc=0.2500 | pred_hist=[6, 2] | collapse=False
[2026-05-31 09:53:53]     spatial_conv=[4, 29] top_abs_channels=[('Pz', 0.14218533), ('O1', 0.13876309), ('T4', 0.1387265), ('T3', 0.13496971), ('O2', 0.13264073), ('CP3', 0.13160406), ('Fp1', 0.11988178), ('Fz', 0.10705838)]
[2026-05-31 09:53:53]     spatial_update=delta_l2=0.29783863 max_abs=0.07436452 relative=0.24955494 changed=True
[2026-05-31 09:53:53]   Subject 6: acc=0.4250±0.1275  bal_acc=0.4250±0.1275
[2026-05-31 09:53:53] \nSubject 7: 40 windows | class_counts=[20, 20]

[2026-05-31 09:53:54] Fold 1/5 | subject=7
[2026-05-31 09:53:54]     Train: 32 | counts=[16, 16]
[2026-05-31 09:53:54]     Test:  8 | counts=[4, 4]
[2026-05-31 09:53:54]     Model: SignalJEPA_PreLocal | Pretrained: from_pretrained | Strategy: new
[2026-05-31 09:53:54]     Normalization: none | fit_scope=none
[2026-05-31 09:53:54]     Phase 1 (new): 2,170/16,010 params
[2026-05-31 09:53:56]     Result | best_epoch=79 | stop=129 | final_phase_epochs=129 | acc=1.0000 | bal_acc=1.0000 | pred_hist=[4, 4] | collapse=False
[2026-05-31 09:53:56]     spatial_conv=[4, 29] top_abs_channels=[('Pz', 0.16458893), ('CP4', 0.13714926), ('Fz', 0.1305256), ('CP3', 0.12749225), ('FT7', 0.12371849), ('O1', 0.12101543), ('O2', 0.1197224), ('P4', 0.11313078)]
[2026-05-31 09:53:56]     spatial_update=delta_l2=0.42959244 max_abs=0.11994499 relative=0.35994966 changed=True

[2026-05-31 09:53:56] Fold 2/5 | subject=7
[2026-05-31 09:53:56]     Train: 32 | counts=[16, 16]
[2026-05-31 09:53:56]     Test:  8 | counts=[4, 4]
[2026-05-31 09:53:56]     Model: SignalJEPA_PreLocal | Pretrained: from_pretrained | Strategy: new
[2026-05-31 09:53:56]     Normalization: none | fit_scope=none
[2026-05-31 09:53:56]     Phase 1 (new): 2,170/16,010 params
[2026-05-31 09:54:13]     Result | best_epoch=908 | stop=958 | final_phase_epochs=958 | acc=0.6250 | bal_acc=0.6250 | pred_hist=[3, 5] | collapse=False
[2026-05-31 09:54:13]     spatial_conv=[4, 29] top_abs_channels=[('CP4', 0.2063902), ('C4', 0.15993419), ('CP3', 0.15702222), ('F4', 0.14238617), ('C3', 0.12843801), ('T5', 0.11253218), ('FCz', 0.10676682), ('Cz', 0.10415897)]
[2026-05-31 09:54:13]     spatial_update=delta_l2=1.08902226 max_abs=0.32735364 relative=0.91247695 changed=True

[2026-05-31 09:54:13] Fold 3/5 | subject=7
[2026-05-31 09:54:13]     Train: 32 | counts=[16, 16]
[2026-05-31 09:54:13]     Test:  8 | counts=[4, 4]
[2026-05-31 09:54:13]     Model: SignalJEPA_PreLocal | Pretrained: from_pretrained | Strategy: new
[2026-05-31 09:54:13]     Normalization: none | fit_scope=none
[2026-05-31 09:54:13]     Phase 1 (new): 2,170/16,010 params
[2026-05-31 09:54:20]     Result | best_epoch=337 | stop=387 | final_phase_epochs=387 | acc=0.7500 | bal_acc=0.7500 | pred_hist=[4, 4] | collapse=False
[2026-05-31 09:54:20]     spatial_conv=[4, 29] top_abs_channels=[('Pz', 0.16654551), ('FT7', 0.15983433), ('CP4', 0.15117897), ('O2', 0.14808449), ('F8', 0.13763884), ('P3', 0.13064596), ('F7', 0.1184672), ('F3', 0.11515079)]
[2026-05-31 09:54:20]     spatial_update=delta_l2=0.87231803 max_abs=0.23081670 relative=0.73090342 changed=True

[2026-05-31 09:54:20] Fold 4/5 | subject=7
[2026-05-31 09:54:20]     Train: 32 | counts=[16, 16]
[2026-05-31 09:54:20]     Test:  8 | counts=[4, 4]
[2026-05-31 09:54:20]     Model: SignalJEPA_PreLocal | Pretrained: from_pretrained | Strategy: new
[2026-05-31 09:54:20]     Normalization: none | fit_scope=none
[2026-05-31 09:54:20]     Phase 1 (new): 2,170/16,010 params
[2026-05-31 09:54:36]     Result | best_epoch=808 | stop=858 | final_phase_epochs=858 | acc=0.6250 | bal_acc=0.6250 | pred_hist=[1, 7] | collapse=False
[2026-05-31 09:54:36]     spatial_conv=[4, 29] top_abs_channels=[('CP3', 0.28819689), ('Fz', 0.14276409), ('O2', 0.13462621), ('C3', 0.13105199), ('CP4', 0.12779431), ('Pz', 0.12398036), ('FCz', 0.11565111), ('FC4', 0.10595618)]
[2026-05-31 09:54:36]     spatial_update=delta_l2=1.15412309 max_abs=0.32995071 relative=0.96702405 changed=True

[2026-05-31 09:54:36] Fold 5/5 | subject=7
[2026-05-31 09:54:36]     Train: 32 | counts=[16, 16]
[2026-05-31 09:54:36]     Test:  8 | counts=[4, 4]
[2026-05-31 09:54:36]     Model: SignalJEPA_PreLocal | Pretrained: from_pretrained | Strategy: new
[2026-05-31 09:54:36]     Normalization: none | fit_scope=none
[2026-05-31 09:54:36]     Phase 1 (new): 2,170/16,010 params
[2026-05-31 09:54:42]     Result | best_epoch=301 | stop=351 | final_phase_epochs=351 | acc=0.6250 | bal_acc=0.6250 | pred_hist=[3, 5] | collapse=False
[2026-05-31 09:54:42]     spatial_conv=[4, 29] top_abs_channels=[('CP3', 0.16174793), ('FT7', 0.15559012), ('CP4', 0.15305699), ('O2', 0.12942287), ('T6', 0.12939769), ('T3', 0.12214144), ('Fz', 0.11232977), ('FC4', 0.10911615)]
[2026-05-31 09:54:42]     spatial_update=delta_l2=0.90220009 max_abs=0.22796997 relative=0.75594119 changed=True
[2026-05-31 09:54:42]   Subject 7: acc=0.7250±0.1458  bal_acc=0.7250±0.1458
[2026-05-31 09:54:42] \nSubject 8: 40 windows | class_counts=[20, 20]

[2026-05-31 09:54:43] Fold 1/5 | subject=8
[2026-05-31 09:54:43]     Train: 32 | counts=[16, 16]
[2026-05-31 09:54:43]     Test:  8 | counts=[4, 4]
[2026-05-31 09:54:43]     Model: SignalJEPA_PreLocal | Pretrained: from_pretrained | Strategy: new
[2026-05-31 09:54:43]     Normalization: none | fit_scope=none
[2026-05-31 09:54:43]     Phase 1 (new): 2,170/16,010 params
[2026-05-31 09:54:46]     Result | best_epoch=124 | stop=174 | final_phase_epochs=174 | acc=0.6250 | bal_acc=0.6250 | pred_hist=[5, 3] | collapse=False
[2026-05-31 09:54:46]     spatial_conv=[4, 29] top_abs_channels=[('C3', 0.1976808), ('Fz', 0.1502226), ('O2', 0.14423309), ('CP3', 0.13614199), ('T5', 0.11846595), ('CP4', 0.11683681), ('F7', 0.10768759), ('T6', 0.10512426)]
[2026-05-31 09:54:46]     spatial_update=delta_l2=0.71534286 max_abs=0.16187677 relative=0.59937606 changed=True

[2026-05-31 09:54:46] Fold 2/5 | subject=8
[2026-05-31 09:54:46]     Train: 32 | counts=[16, 16]
[2026-05-31 09:54:46]     Test:  8 | counts=[4, 4]
[2026-05-31 09:54:46]     Model: SignalJEPA_PreLocal | Pretrained: from_pretrained | Strategy: new
[2026-05-31 09:54:46]     Normalization: none | fit_scope=none
[2026-05-31 09:54:46]     Phase 1 (new): 2,170/16,010 params
[2026-05-31 09:54:49]     Result | best_epoch=91 | stop=141 | final_phase_epochs=141 | acc=0.7500 | bal_acc=0.7500 | pred_hist=[2, 6] | collapse=False
[2026-05-31 09:54:49]     spatial_conv=[4, 29] top_abs_channels=[('O2', 0.17661251), ('Pz', 0.13447994), ('CP4', 0.13172816), ('F8', 0.12287195), ('Fp1', 0.11536556), ('C3', 0.11461411), ('T5', 0.1134693), ('TP7', 0.11260993)]
[2026-05-31 09:54:49]     spatial_update=delta_l2=0.55173749 max_abs=0.15410560 relative=0.46229334 changed=True

[2026-05-31 09:54:49] Fold 3/5 | subject=8
[2026-05-31 09:54:49]     Train: 32 | counts=[16, 16]
[2026-05-31 09:54:49]     Test:  8 | counts=[4, 4]
[2026-05-31 09:54:49]     Model: SignalJEPA_PreLocal | Pretrained: from_pretrained | Strategy: new
[2026-05-31 09:54:49]     Normalization: none | fit_scope=none
[2026-05-31 09:54:49]     Phase 1 (new): 2,170/16,010 params
[2026-05-31 09:54:51]     Result | best_epoch=47 | stop=97 | final_phase_epochs=97 | acc=0.6250 | bal_acc=0.6250 | pred_hist=[5, 3] | collapse=False
[2026-05-31 09:54:51]     spatial_conv=[4, 29] top_abs_channels=[('O2', 0.14989743), ('P3', 0.13200033), ('Pz', 0.12971154), ('CP3', 0.12434752), ('C3', 0.12036403), ('T3', 0.11747104), ('T4', 0.11691109), ('O1', 0.11453124)]
[2026-05-31 09:54:51]     spatial_update=delta_l2=0.32462307 max_abs=0.08222287 relative=0.27199726 changed=True

[2026-05-31 09:54:51] Fold 4/5 | subject=8
[2026-05-31 09:54:51]     Train: 32 | counts=[16, 16]
[2026-05-31 09:54:51]     Test:  8 | counts=[4, 4]
[2026-05-31 09:54:51]     Model: SignalJEPA_PreLocal | Pretrained: from_pretrained | Strategy: new
[2026-05-31 09:54:51]     Normalization: none | fit_scope=none
[2026-05-31 09:54:51]     Phase 1 (new): 2,170/16,010 params
[2026-05-31 09:55:03]     Result | best_epoch=628 | stop=678 | final_phase_epochs=678 | acc=0.7500 | bal_acc=0.7500 | pred_hist=[4, 4] | collapse=False
[2026-05-31 09:55:03]     spatial_conv=[4, 29] top_abs_channels=[('C3', 0.18135875), ('P3', 0.1798645), ('C4', 0.1719421), ('CP3', 0.15360695), ('P4', 0.13993198), ('FCz', 0.12761153), ('CP4', 0.12406734), ('Fp2', 0.10971109)]
[2026-05-31 09:55:03]     spatial_update=delta_l2=1.15154036 max_abs=0.33342566 relative=0.96486002 changed=True

[2026-05-31 09:55:04] Fold 5/5 | subject=8
[2026-05-31 09:55:04]     Train: 32 | counts=[16, 16]
[2026-05-31 09:55:04]     Test:  8 | counts=[4, 4]
[2026-05-31 09:55:04]     Model: SignalJEPA_PreLocal | Pretrained: from_pretrained | Strategy: new
[2026-05-31 09:55:04]     Normalization: none | fit_scope=none
[2026-05-31 09:55:04]     Phase 1 (new): 2,170/16,010 params
[2026-05-31 09:55:08]     Result | best_epoch=185 | stop=235 | final_phase_epochs=235 | acc=1.0000 | bal_acc=1.0000 | pred_hist=[4, 4] | collapse=False
[2026-05-31 09:55:08]     spatial_conv=[4, 29] top_abs_channels=[('C3', 0.22691061), ('CP3', 0.17097925), ('Pz', 0.1420137), ('F7', 0.13211904), ('CP4', 0.12828679), ('O2', 0.11964875), ('Oz', 0.1158449), ('TP8', 0.115226)]
[2026-05-31 09:55:08]     spatial_update=delta_l2=0.82093480 max_abs=0.16835350 relative=0.68785011 changed=True
[2026-05-31 09:55:08]   Subject 8: acc=0.7500±0.1369  bal_acc=0.7500±0.1369
[2026-05-31 09:55:08] \nSubject 9: 40 windows | class_counts=[20, 20]

[2026-05-31 09:55:08] Fold 1/5 | subject=9
[2026-05-31 09:55:08]     Train: 32 | counts=[16, 16]
[2026-05-31 09:55:08]     Test:  8 | counts=[4, 4]
[2026-05-31 09:55:08]     Model: SignalJEPA_PreLocal | Pretrained: from_pretrained | Strategy: new
[2026-05-31 09:55:08]     Normalization: none | fit_scope=none
[2026-05-31 09:55:08]     Phase 1 (new): 2,170/16,010 params
[2026-05-31 09:55:17]     Result | best_epoch=433 | stop=483 | final_phase_epochs=483 | acc=0.3750 | bal_acc=0.3750 | pred_hist=[1, 7] | collapse=False
[2026-05-31 09:55:17]     spatial_conv=[4, 29] top_abs_channels=[('C3', 0.1628833), ('T3', 0.14502065), ('O2', 0.14349544), ('Fz', 0.14043112), ('Cz', 0.13554075), ('O1', 0.13336992), ('T4', 0.11678994), ('TP8', 0.10635245)]
[2026-05-31 09:55:17]     spatial_update=delta_l2=0.98553349 max_abs=0.27019612 relative=0.82576511 changed=True

[2026-05-31 09:55:17] Fold 2/5 | subject=9
[2026-05-31 09:55:17]     Train: 32 | counts=[16, 16]
[2026-05-31 09:55:17]     Test:  8 | counts=[4, 4]
[2026-05-31 09:55:17]     Model: SignalJEPA_PreLocal | Pretrained: from_pretrained | Strategy: new
[2026-05-31 09:55:17]     Normalization: none | fit_scope=none
[2026-05-31 09:55:17]     Phase 1 (new): 2,170/16,010 params
[2026-05-31 09:55:19]     Result | best_epoch=51 | stop=101 | final_phase_epochs=101 | acc=0.2500 | bal_acc=0.2500 | pred_hist=[4, 4] | collapse=False
[2026-05-31 09:55:19]     spatial_conv=[4, 29] top_abs_channels=[('O2', 0.16350649), ('T3', 0.16219401), ('Pz', 0.14235574), ('CP3', 0.13388945), ('T4', 0.11352344), ('TP8', 0.11223428), ('O1', 0.10727719), ('CP4', 0.10540149)]
[2026-05-31 09:55:19]     spatial_update=delta_l2=0.31283683 max_abs=0.06856912 relative=0.26212173 changed=True

[2026-05-31 09:55:19] Fold 3/5 | subject=9
[2026-05-31 09:55:19]     Train: 32 | counts=[16, 16]
[2026-05-31 09:55:19]     Test:  8 | counts=[4, 4]
[2026-05-31 09:55:19]     Model: SignalJEPA_PreLocal | Pretrained: from_pretrained | Strategy: new
[2026-05-31 09:55:19]     Normalization: none | fit_scope=none
[2026-05-31 09:55:19]     Phase 1 (new): 2,170/16,010 params
[2026-05-31 09:55:21]     Result | best_epoch=23 | stop=72 | final_phase_epochs=72 | acc=0.5000 | bal_acc=0.5000 | pred_hist=[2, 6] | collapse=False
[2026-05-31 09:55:21]     spatial_conv=[4, 29] top_abs_channels=[('O2', 0.1522315), ('Pz', 0.14755046), ('T3', 0.13100851), ('T4', 0.12074226), ('C3', 0.12055001), ('CP3', 0.12053466), ('CP4', 0.11177085), ('O1', 0.11157983)]
[2026-05-31 09:55:21]     spatial_update=delta_l2=0.14961938 max_abs=0.03285810 relative=0.12536404 changed=True

[2026-05-31 09:55:21] Fold 4/5 | subject=9
[2026-05-31 09:55:21]     Train: 32 | counts=[16, 16]
[2026-05-31 09:55:21]     Test:  8 | counts=[4, 4]
[2026-05-31 09:55:21]     Model: SignalJEPA_PreLocal | Pretrained: from_pretrained | Strategy: new
[2026-05-31 09:55:21]     Normalization: none | fit_scope=none
[2026-05-31 09:55:21]     Phase 1 (new): 2,170/16,010 params
[2026-05-31 09:55:22]     Result | best_epoch=4 | stop=51 | final_phase_epochs=51 | acc=0.5000 | bal_acc=0.5000 | pred_hist=[0, 8] | collapse=True
[2026-05-31 09:55:22]     spatial_conv=[4, 29] top_abs_channels=[('Pz', 0.15333979), ('O2', 0.144256), ('T3', 0.12631355), ('O1', 0.12189299), ('T4', 0.12183426), ('CP3', 0.1210079), ('C3', 0.11591081), ('CP4', 0.11156854)]
[2026-05-31 09:55:22]     spatial_update=delta_l2=0.00976894 max_abs=0.00171059 relative=0.00818526 changed=True

[2026-05-31 09:55:22] Fold 5/5 | subject=9
[2026-05-31 09:55:22]     Train: 32 | counts=[16, 16]
[2026-05-31 09:55:22]     Test:  8 | counts=[4, 4]
[2026-05-31 09:55:22]     Model: SignalJEPA_PreLocal | Pretrained: from_pretrained | Strategy: new
[2026-05-31 09:55:22]     Normalization: none | fit_scope=none
[2026-05-31 09:55:22]     Phase 1 (new): 2,170/16,010 params
[2026-05-31 09:55:23]     Result | best_epoch=1 | stop=51 | final_phase_epochs=51 | acc=0.5000 | bal_acc=0.5000 | pred_hist=[0, 8] | collapse=True
[2026-05-31 09:55:23]     spatial_conv=[4, 29] top_abs_channels=[('Pz', 0.15344715), ('O2', 0.14460865), ('T3', 0.12665917), ('O1', 0.12200321), ('T4', 0.12177037), ('CP3', 0.12079331), ('C3', 0.11581008), ('CP4', 0.11110949)]
[2026-05-31 09:55:23]     spatial_update=delta_l2=0.00940466 max_abs=0.00161374 relative=0.00788004 changed=True
[2026-05-31 09:55:23]   Subject 9: acc=0.4250±0.1000  bal_acc=0.4250±0.1000
[2026-05-31 09:55:23] \nSubject 10: 40 windows | class_counts=[20, 20]

[2026-05-31 09:55:24] Fold 1/5 | subject=10
[2026-05-31 09:55:24]     Train: 32 | counts=[16, 16]
[2026-05-31 09:55:24]     Test:  8 | counts=[4, 4]
[2026-05-31 09:55:24]     Model: SignalJEPA_PreLocal | Pretrained: from_pretrained | Strategy: new
[2026-05-31 09:55:24]     Normalization: none | fit_scope=none
[2026-05-31 09:55:24]     Phase 1 (new): 2,170/16,010 params
[2026-05-31 09:55:25]     Result | best_epoch=1 | stop=51 | final_phase_epochs=51 | acc=0.5000 | bal_acc=0.5000 | pred_hist=[0, 8] | collapse=True
[2026-05-31 09:55:25]     spatial_conv=[4, 29] top_abs_channels=[('Pz', 0.15319552), ('O2', 0.14392699), ('T3', 0.12752083), ('O1', 0.12182165), ('T4', 0.12135229), ('CP3', 0.1209949), ('C3', 0.11526347), ('CP4', 0.11118909)]
[2026-05-31 09:55:25]     spatial_update=delta_l2=0.00995168 max_abs=0.00157185 relative=0.00833838 changed=True

[2026-05-31 09:55:25] Fold 2/5 | subject=10
[2026-05-31 09:55:25]     Train: 32 | counts=[16, 16]
[2026-05-31 09:55:25]     Test:  8 | counts=[4, 4]
[2026-05-31 09:55:25]     Model: SignalJEPA_PreLocal | Pretrained: from_pretrained | Strategy: new
[2026-05-31 09:55:25]     Normalization: none | fit_scope=none
[2026-05-31 09:55:25]     Phase 1 (new): 2,170/16,010 params
[2026-05-31 09:55:26]     Result | best_epoch=1 | stop=51 | final_phase_epochs=51 | acc=0.5000 | bal_acc=0.5000 | pred_hist=[0, 8] | collapse=True
[2026-05-31 09:55:26]     spatial_conv=[4, 29] top_abs_channels=[('Pz', 0.15297525), ('O2', 0.14396384), ('T3', 0.127204), ('O1', 0.12200844), ('T4', 0.12194125), ('CP3', 0.12073433), ('C3', 0.11551298), ('CP4', 0.11107004)]
[2026-05-31 09:55:26]     spatial_update=delta_l2=0.00879705 max_abs=0.00151270 relative=0.00737093 changed=True

[2026-05-31 09:55:27] Fold 3/5 | subject=10
[2026-05-31 09:55:27]     Train: 32 | counts=[16, 16]
[2026-05-31 09:55:27]     Test:  8 | counts=[4, 4]
[2026-05-31 09:55:27]     Model: SignalJEPA_PreLocal | Pretrained: from_pretrained | Strategy: new
[2026-05-31 09:55:27]     Normalization: none | fit_scope=none
[2026-05-31 09:55:27]     Phase 1 (new): 2,170/16,010 params
[2026-05-31 09:55:34]     Result | best_epoch=376 | stop=426 | final_phase_epochs=426 | acc=0.3750 | bal_acc=0.3750 | pred_hist=[7, 1] | collapse=False
[2026-05-31 09:55:34]     spatial_conv=[4, 29] top_abs_channels=[('CP3', 0.17974748), ('C4', 0.1665239), ('C3', 0.15879488), ('FT7', 0.14902446), ('FC4', 0.13892964), ('T3', 0.13750565), ('O1', 0.119818), ('T4', 0.11860141)]
[2026-05-31 09:55:34]     spatial_update=delta_l2=1.05053174 max_abs=0.34726709 relative=0.88022627 changed=True

[2026-05-31 09:55:35] Fold 4/5 | subject=10
[2026-05-31 09:55:35]     Train: 32 | counts=[16, 16]
[2026-05-31 09:55:35]     Test:  8 | counts=[4, 4]
[2026-05-31 09:55:35]     Model: SignalJEPA_PreLocal | Pretrained: from_pretrained | Strategy: new
[2026-05-31 09:55:35]     Normalization: none | fit_scope=none
[2026-05-31 09:55:35]     Phase 1 (new): 2,170/16,010 params
[2026-05-31 09:55:43]     Result | best_epoch=391 | stop=428 | final_phase_epochs=428 | acc=0.5000 | bal_acc=0.5000 | pred_hist=[4, 4] | collapse=False
[2026-05-31 09:55:43]     spatial_conv=[4, 29] top_abs_channels=[('FCz', 0.14705707), ('F4', 0.13410109), ('P3', 0.1209688), ('Fp1', 0.11821871), ('F8', 0.10835113), ('F3', 0.10785434), ('O1', 0.1069153), ('C3', 0.10255083)]
[2026-05-31 09:55:43]     spatial_update=delta_l2=0.91261269 max_abs=0.25625600 relative=0.76466577 changed=True

[2026-05-31 09:55:43] Fold 5/5 | subject=10
[2026-05-31 09:55:43]     Train: 32 | counts=[16, 16]
[2026-05-31 09:55:43]     Test:  8 | counts=[4, 4]
[2026-05-31 09:55:43]     Model: SignalJEPA_PreLocal | Pretrained: from_pretrained | Strategy: new
[2026-05-31 09:55:43]     Normalization: none | fit_scope=none
[2026-05-31 09:55:43]     Phase 1 (new): 2,170/16,010 params
[2026-05-31 09:55:44]     Result | best_epoch=24 | stop=69 | final_phase_epochs=69 | acc=0.2500 | bal_acc=0.2500 | pred_hist=[2, 6] | collapse=False
[2026-05-31 09:55:44]     spatial_conv=[4, 29] top_abs_channels=[('O2', 0.14613573), ('Pz', 0.1452641), ('T3', 0.13013795), ('CP3', 0.12997565), ('T4', 0.12021573), ('O1', 0.11414225), ('P3', 0.113621), ('CP4', 0.1135776)]
[2026-05-31 09:55:44]     spatial_update=delta_l2=0.13221274 max_abs=0.02507534 relative=0.11077926 changed=True
[2026-05-31 09:55:44]   Subject 10: acc=0.4250±0.1000  bal_acc=0.4250±0.1000
[2026-05-31 09:55:44] \nSubject 11: 40 windows | class_counts=[20, 20]

[2026-05-31 09:55:45] Fold 1/5 | subject=11
[2026-05-31 09:55:45]     Train: 32 | counts=[16, 16]
[2026-05-31 09:55:45]     Test:  8 | counts=[4, 4]
[2026-05-31 09:55:45]     Model: SignalJEPA_PreLocal | Pretrained: from_pretrained | Strategy: new
[2026-05-31 09:55:45]     Normalization: none | fit_scope=none
[2026-05-31 09:55:45]     Phase 1 (new): 2,170/16,010 params
[2026-05-31 09:55:46]     Result | best_epoch=1 | stop=51 | final_phase_epochs=51 | acc=0.5000 | bal_acc=0.5000 | pred_hist=[0, 8] | collapse=True
[2026-05-31 09:55:46]     spatial_conv=[4, 29] top_abs_channels=[('Pz', 0.15297957), ('O2', 0.14417909), ('T3', 0.12706047), ('T4', 0.12233754), ('O1', 0.12191457), ('CP3', 0.12166678), ('C3', 0.11500477), ('CP4', 0.11072648)]
[2026-05-31 09:55:46]     spatial_update=delta_l2=0.00793126 max_abs=0.00161153 relative=0.00664549 changed=True

[2026-05-31 09:55:46] Fold 2/5 | subject=11
[2026-05-31 09:55:46]     Train: 32 | counts=[16, 16]
[2026-05-31 09:55:46]     Test:  8 | counts=[4, 4]
[2026-05-31 09:55:46]     Model: SignalJEPA_PreLocal | Pretrained: from_pretrained | Strategy: new
[2026-05-31 09:55:46]     Normalization: none | fit_scope=none
[2026-05-31 09:55:46]     Phase 1 (new): 2,170/16,010 params
[2026-05-31 09:55:47]     Result | best_epoch=1 | stop=51 | final_phase_epochs=51 | acc=0.5000 | bal_acc=0.5000 | pred_hist=[0, 8] | collapse=True
[2026-05-31 09:55:47]     spatial_conv=[4, 29] top_abs_channels=[('Pz', 0.15337022), ('O2', 0.14396167), ('T3', 0.12672465), ('T4', 0.12219837), ('O1', 0.12171625), ('CP3', 0.12105804), ('C3', 0.11483017), ('CP4', 0.11052272)]
[2026-05-31 09:55:47]     spatial_update=delta_l2=0.00823941 max_abs=0.00160010 relative=0.00690369 changed=True

[2026-05-31 09:55:48] Fold 3/5 | subject=11
[2026-05-31 09:55:48]     Train: 32 | counts=[16, 16]
[2026-05-31 09:55:48]     Test:  8 | counts=[4, 4]
[2026-05-31 09:55:48]     Model: SignalJEPA_PreLocal | Pretrained: from_pretrained | Strategy: new
[2026-05-31 09:55:48]     Normalization: none | fit_scope=none
[2026-05-31 09:55:48]     Phase 1 (new): 2,170/16,010 params
[2026-05-31 09:55:51]     Result | best_epoch=145 | stop=195 | final_phase_epochs=195 | acc=0.5000 | bal_acc=0.5000 | pred_hist=[6, 2] | collapse=False
[2026-05-31 09:55:51]     spatial_conv=[4, 29] top_abs_channels=[('Pz', 0.17701592), ('CP3', 0.16844693), ('C3', 0.15538783), ('O2', 0.14227419), ('TP7', 0.12777646), ('FT8', 0.12490071), ('T4', 0.12187929), ('Fz', 0.11352842)]
[2026-05-31 09:55:51]     spatial_update=delta_l2=0.65552088 max_abs=0.19198152 relative=0.54925203 changed=True

[2026-05-31 09:55:51] Fold 4/5 | subject=11
[2026-05-31 09:55:51]     Train: 32 | counts=[16, 16]
[2026-05-31 09:55:51]     Test:  8 | counts=[4, 4]
[2026-05-31 09:55:51]     Model: SignalJEPA_PreLocal | Pretrained: from_pretrained | Strategy: new
[2026-05-31 09:55:51]     Normalization: none | fit_scope=none
[2026-05-31 09:55:51]     Phase 1 (new): 2,170/16,010 params
[2026-05-31 09:55:52]     Result | best_epoch=1 | stop=51 | final_phase_epochs=51 | acc=0.5000 | bal_acc=0.5000 | pred_hist=[0, 8] | collapse=True
[2026-05-31 09:55:52]     spatial_conv=[4, 29] top_abs_channels=[('Pz', 0.15288422), ('O2', 0.14377244), ('T3', 0.12685381), ('O1', 0.12231886), ('T4', 0.12219217), ('CP3', 0.1216957), ('C3', 0.1151081), ('CP4', 0.11027646)]
[2026-05-31 09:55:52]     spatial_update=delta_l2=0.00920285 max_abs=0.00173792 relative=0.00771094 changed=True

[2026-05-31 09:55:53] Fold 5/5 | subject=11
[2026-05-31 09:55:53]     Train: 32 | counts=[16, 16]
[2026-05-31 09:55:53]     Test:  8 | counts=[4, 4]
[2026-05-31 09:55:53]     Model: SignalJEPA_PreLocal | Pretrained: from_pretrained | Strategy: new
[2026-05-31 09:55:53]     Normalization: none | fit_scope=none
[2026-05-31 09:55:53]     Phase 1 (new): 2,170/16,010 params
[2026-05-31 09:55:54]     Result | best_epoch=1 | stop=51 | final_phase_epochs=51 | acc=0.5000 | bal_acc=0.5000 | pred_hist=[0, 8] | collapse=True
[2026-05-31 09:55:54]     spatial_conv=[4, 29] top_abs_channels=[('Pz', 0.1533844), ('O2', 0.14368986), ('T3', 0.12666628), ('O1', 0.12215135), ('T4', 0.12186737), ('CP3', 0.1215183), ('C3', 0.11484967), ('CP4', 0.1107)]
[2026-05-31 09:55:54]     spatial_update=delta_l2=0.00816287 max_abs=0.00155669 relative=0.00683956 changed=True
[2026-05-31 09:55:54]   Subject 11: acc=0.5000±0.0000  bal_acc=0.5000±0.0000
[2026-05-31 09:55:54] \nSubject 12: 40 windows | class_counts=[20, 20]

[2026-05-31 09:55:54] Fold 1/5 | subject=12
[2026-05-31 09:55:54]     Train: 32 | counts=[16, 16]
[2026-05-31 09:55:54]     Test:  8 | counts=[4, 4]
[2026-05-31 09:55:54]     Model: SignalJEPA_PreLocal | Pretrained: from_pretrained | Strategy: new
[2026-05-31 09:55:54]     Normalization: none | fit_scope=none
[2026-05-31 09:55:54]     Phase 1 (new): 2,170/16,010 params
[2026-05-31 09:55:55]     Result | best_epoch=1 | stop=51 | final_phase_epochs=51 | acc=0.5000 | bal_acc=0.5000 | pred_hist=[0, 8] | collapse=True
[2026-05-31 09:55:55]     spatial_conv=[4, 29] top_abs_channels=[('Pz', 0.15380824), ('O2', 0.14375705), ('T3', 0.12627184), ('T4', 0.12208793), ('O1', 0.12166691), ('CP3', 0.12132718), ('C3', 0.1146217), ('CP4', 0.11112942)]
[2026-05-31 09:55:55]     spatial_update=delta_l2=0.00876058 max_abs=0.00167979 relative=0.00734037 changed=True

[2026-05-31 09:55:56] Fold 2/5 | subject=12
[2026-05-31 09:55:56]     Train: 32 | counts=[16, 16]
[2026-05-31 09:55:56]     Test:  8 | counts=[4, 4]
[2026-05-31 09:55:56]     Model: SignalJEPA_PreLocal | Pretrained: from_pretrained | Strategy: new
[2026-05-31 09:55:56]     Normalization: none | fit_scope=none
[2026-05-31 09:55:56]     Phase 1 (new): 2,170/16,010 params
[2026-05-31 09:55:57]     Result | best_epoch=1 | stop=51 | final_phase_epochs=51 | acc=0.3750 | bal_acc=0.3750 | pred_hist=[1, 7] | collapse=False
[2026-05-31 09:55:57]     spatial_conv=[4, 29] top_abs_channels=[('Pz', 0.15338625), ('O2', 0.14395112), ('T3', 0.12664951), ('T4', 0.122535), ('CP3', 0.12140502), ('O1', 0.1213902), ('C3', 0.11486916), ('CP4', 0.11095221)]
[2026-05-31 09:55:57]     spatial_update=delta_l2=0.00881797 max_abs=0.00166583 relative=0.00738846 changed=True

[2026-05-31 09:55:57] Fold 3/5 | subject=12
[2026-05-31 09:55:57]     Train: 32 | counts=[16, 16]
[2026-05-31 09:55:57]     Test:  8 | counts=[4, 4]
[2026-05-31 09:55:57]     Model: SignalJEPA_PreLocal | Pretrained: from_pretrained | Strategy: new
[2026-05-31 09:55:57]     Normalization: none | fit_scope=none
[2026-05-31 09:55:57]     Phase 1 (new): 2,170/16,010 params
[2026-05-31 09:55:58]     Result | best_epoch=1 | stop=51 | final_phase_epochs=51 | acc=0.6250 | bal_acc=0.6250 | pred_hist=[1, 7] | collapse=False
[2026-05-31 09:55:58]     spatial_conv=[4, 29] top_abs_channels=[('Pz', 0.1533442), ('O2', 0.1439947), ('T3', 0.1259764), ('T4', 0.12259077), ('O1', 0.12144678), ('CP3', 0.12123607), ('C3', 0.11492898), ('CP4', 0.11134042)]
[2026-05-31 09:55:58]     spatial_update=delta_l2=0.00920865 max_abs=0.00164749 relative=0.00771580 changed=True

[2026-05-31 09:55:59] Fold 4/5 | subject=12
[2026-05-31 09:55:59]     Train: 32 | counts=[16, 16]
[2026-05-31 09:55:59]     Test:  8 | counts=[4, 4]
[2026-05-31 09:55:59]     Model: SignalJEPA_PreLocal | Pretrained: from_pretrained | Strategy: new
[2026-05-31 09:55:59]     Normalization: none | fit_scope=none
[2026-05-31 09:55:59]     Phase 1 (new): 2,170/16,010 params
[2026-05-31 09:56:00]     Result | best_epoch=1 | stop=51 | final_phase_epochs=51 | acc=0.5000 | bal_acc=0.5000 | pred_hist=[0, 8] | collapse=True
[2026-05-31 09:56:00]     spatial_conv=[4, 29] top_abs_channels=[('Pz', 0.15360874), ('O2', 0.14345288), ('T3', 0.12648752), ('O1', 0.12213483), ('T4', 0.12209025), ('CP3', 0.12164728), ('C3', 0.11492051), ('CP4', 0.11097881)]
[2026-05-31 09:56:00]     spatial_update=delta_l2=0.01077167 max_abs=0.00167556 relative=0.00902544 changed=True

[2026-05-31 09:56:00] Fold 5/5 | subject=12
[2026-05-31 09:56:00]     Train: 32 | counts=[16, 16]
[2026-05-31 09:56:00]     Test:  8 | counts=[4, 4]
[2026-05-31 09:56:00]     Model: SignalJEPA_PreLocal | Pretrained: from_pretrained | Strategy: new
[2026-05-31 09:56:00]     Normalization: none | fit_scope=none
[2026-05-31 09:56:00]     Phase 1 (new): 2,170/16,010 params
[2026-05-31 09:56:01]     Result | best_epoch=1 | stop=51 | final_phase_epochs=51 | acc=0.5000 | bal_acc=0.5000 | pred_hist=[0, 8] | collapse=True
[2026-05-31 09:56:01]     spatial_conv=[4, 29] top_abs_channels=[('Pz', 0.15340616), ('O2', 0.14382841), ('T3', 0.12612373), ('CP3', 0.12195234), ('O1', 0.12180531), ('T4', 0.121622), ('C3', 0.11590011), ('CP4', 0.1110753)]
[2026-05-31 09:56:01]     spatial_update=delta_l2=0.00827249 max_abs=0.00162010 relative=0.00693141 changed=True
[2026-05-31 09:56:01]   Subject 12: acc=0.5000±0.0791  bal_acc=0.5000±0.0791
[2026-05-31 09:56:01] \nSubject 13: 40 windows | class_counts=[20, 20]

[2026-05-31 09:56:01] Fold 1/5 | subject=13
[2026-05-31 09:56:01]     Train: 32 | counts=[16, 16]
[2026-05-31 09:56:01]     Test:  8 | counts=[4, 4]
[2026-05-31 09:56:01]     Model: SignalJEPA_PreLocal | Pretrained: from_pretrained | Strategy: new
[2026-05-31 09:56:01]     Normalization: none | fit_scope=none
[2026-05-31 09:56:01]     Phase 1 (new): 2,170/16,010 params
[2026-05-31 09:56:02]     Result | best_epoch=1 | stop=51 | final_phase_epochs=51 | acc=0.5000 | bal_acc=0.5000 | pred_hist=[0, 8] | collapse=True
[2026-05-31 09:56:02]     spatial_conv=[4, 29] top_abs_channels=[('Pz', 0.15253711), ('O2', 0.14424081), ('T3', 0.12644207), ('O1', 0.12324674), ('T4', 0.12209379), ('CP3', 0.12067537), ('C3', 0.1145546), ('CP4', 0.11053807)]
[2026-05-31 09:56:02]     spatial_update=delta_l2=0.00927814 max_abs=0.00170991 relative=0.00777403 changed=True

[2026-05-31 09:56:03] Fold 2/5 | subject=13
[2026-05-31 09:56:03]     Train: 32 | counts=[16, 16]
[2026-05-31 09:56:03]     Test:  8 | counts=[4, 4]
[2026-05-31 09:56:03]     Model: SignalJEPA_PreLocal | Pretrained: from_pretrained | Strategy: new
[2026-05-31 09:56:03]     Normalization: none | fit_scope=none
[2026-05-31 09:56:03]     Phase 1 (new): 2,170/16,010 params
[2026-05-31 09:56:04]     Result | best_epoch=22 | stop=63 | final_phase_epochs=63 | acc=0.5000 | bal_acc=0.5000 | pred_hist=[4, 4] | collapse=False
[2026-05-31 09:56:04]     spatial_conv=[4, 29] top_abs_channels=[('Pz', 0.15922196), ('O2', 0.14289322), ('O1', 0.13400032), ('T4', 0.12661007), ('P4', 0.11608423), ('T3', 0.1149655), ('T5', 0.11415967), ('CP3', 0.11288826)]
[2026-05-31 09:56:04]     spatial_update=delta_l2=0.13295499 max_abs=0.02144839 relative=0.11140118 changed=True

[2026-05-31 09:56:04] Fold 3/5 | subject=13
[2026-05-31 09:56:04]     Train: 32 | counts=[16, 16]
[2026-05-31 09:56:04]     Test:  8 | counts=[4, 4]
[2026-05-31 09:56:04]     Model: SignalJEPA_PreLocal | Pretrained: from_pretrained | Strategy: new
[2026-05-31 09:56:04]     Normalization: none | fit_scope=none
[2026-05-31 09:56:04]     Phase 1 (new): 2,170/16,010 params
[2026-05-31 09:56:06]     Result | best_epoch=11 | stop=60 | final_phase_epochs=60 | acc=0.6250 | bal_acc=0.6250 | pred_hist=[3, 5] | collapse=False
[2026-05-31 09:56:06]     spatial_conv=[4, 29] top_abs_channels=[('Pz', 0.15205929), ('O2', 0.14244738), ('O1', 0.13069458), ('T3', 0.12043797), ('T4', 0.12025249), ('CP3', 0.11743347), ('Fp1', 0.1128445), ('T5', 0.11075851)]
[2026-05-31 09:56:06]     spatial_update=delta_l2=0.09314700 max_abs=0.01615497 relative=0.07804661 changed=True

[2026-05-31 09:56:06] Fold 4/5 | subject=13
[2026-05-31 09:56:06]     Train: 32 | counts=[16, 16]
[2026-05-31 09:56:06]     Test:  8 | counts=[4, 4]
[2026-05-31 09:56:06]     Model: SignalJEPA_PreLocal | Pretrained: from_pretrained | Strategy: new
[2026-05-31 09:56:06]     Normalization: none | fit_scope=none
[2026-05-31 09:56:06]     Phase 1 (new): 2,170/16,010 params
[2026-05-31 09:56:08]     Result | best_epoch=86 | stop=136 | final_phase_epochs=136 | acc=0.7500 | bal_acc=0.7500 | pred_hist=[2, 6] | collapse=False
[2026-05-31 09:56:08]     spatial_conv=[4, 29] top_abs_channels=[('Pz', 0.19314624), ('P4', 0.1708301), ('T3', 0.15317932), ('TP8', 0.14064048), ('T5', 0.13390955), ('O1', 0.1333306), ('T6', 0.13095687), ('FCz', 0.12442897)]
[2026-05-31 09:56:08]     spatial_update=delta_l2=0.73169874 max_abs=0.17625666 relative=0.61308043 changed=True

[2026-05-31 09:56:09] Fold 5/5 | subject=13
[2026-05-31 09:56:09]     Train: 32 | counts=[16, 16]
[2026-05-31 09:56:09]     Test:  8 | counts=[4, 4]
[2026-05-31 09:56:09]     Model: SignalJEPA_PreLocal | Pretrained: from_pretrained | Strategy: new
[2026-05-31 09:56:09]     Normalization: none | fit_scope=none
[2026-05-31 09:56:09]     Phase 1 (new): 2,170/16,010 params
[2026-05-31 09:56:13]     Result | best_epoch=163 | stop=213 | final_phase_epochs=213 | acc=0.7500 | bal_acc=0.7500 | pred_hist=[6, 2] | collapse=False
[2026-05-31 09:56:13]     spatial_conv=[4, 29] top_abs_channels=[('C4', 0.15025941), ('Pz', 0.14758095), ('P4', 0.14714235), ('O1', 0.14550048), ('F4', 0.14370385), ('CP4', 0.13283618), ('T5', 0.13281681), ('Fz', 0.12857381)]
[2026-05-31 09:56:13]     spatial_update=delta_l2=0.96513168 max_abs=0.26688956 relative=0.80867072 changed=True
[2026-05-31 09:56:13]   Subject 13: acc=0.6250±0.1118  bal_acc=0.6250±0.1118
[2026-05-31 09:56:13] \nSubject 14: 40 windows | class_counts=[20, 20]

[2026-05-31 09:56:13] Fold 1/5 | subject=14
[2026-05-31 09:56:13]     Train: 32 | counts=[16, 16]
[2026-05-31 09:56:13]     Test:  8 | counts=[4, 4]
[2026-05-31 09:56:13]     Model: SignalJEPA_PreLocal | Pretrained: from_pretrained | Strategy: new
[2026-05-31 09:56:13]     Normalization: none | fit_scope=none
[2026-05-31 09:56:13]     Phase 1 (new): 2,170/16,010 params
[2026-05-31 09:56:14]     Result | best_epoch=1 | stop=51 | final_phase_epochs=51 | acc=0.6250 | bal_acc=0.6250 | pred_hist=[1, 7] | collapse=False
[2026-05-31 09:56:14]     spatial_conv=[4, 29] top_abs_channels=[('Pz', 0.15238714), ('O2', 0.14414154), ('T3', 0.1257048), ('T4', 0.12264188), ('O1', 0.12229136), ('CP3', 0.12144685), ('C3', 0.11514831), ('CP4', 0.11125907)]
[2026-05-31 09:56:14]     spatial_update=delta_l2=0.00894159 max_abs=0.00157754 relative=0.00749204 changed=True

[2026-05-31 09:56:15] Fold 2/5 | subject=14
[2026-05-31 09:56:15]     Train: 32 | counts=[16, 16]
[2026-05-31 09:56:15]     Test:  8 | counts=[4, 4]
[2026-05-31 09:56:15]     Model: SignalJEPA_PreLocal | Pretrained: from_pretrained | Strategy: new
[2026-05-31 09:56:15]     Normalization: none | fit_scope=none
[2026-05-31 09:56:15]     Phase 1 (new): 2,170/16,010 params
[2026-05-31 09:56:19]     Result | best_epoch=195 | stop=245 | final_phase_epochs=245 | acc=0.5000 | bal_acc=0.5000 | pred_hist=[6, 2] | collapse=False
[2026-05-31 09:56:19]     spatial_conv=[4, 29] top_abs_channels=[('CP3', 0.13452467), ('P3', 0.12885314), ('FT8', 0.12600607), ('O1', 0.12597148), ('T3', 0.12063039), ('F3', 0.11765163), ('FT7', 0.11587474), ('T4', 0.10758868)]
[2026-05-31 09:56:19]     spatial_update=delta_l2=0.71225504 max_abs=0.22816437 relative=0.59678882 changed=True

[2026-05-31 09:56:19] Fold 3/5 | subject=14
[2026-05-31 09:56:19]     Train: 32 | counts=[16, 16]
[2026-05-31 09:56:19]     Test:  8 | counts=[4, 4]
[2026-05-31 09:56:19]     Model: SignalJEPA_PreLocal | Pretrained: from_pretrained | Strategy: new
[2026-05-31 09:56:19]     Normalization: none | fit_scope=none
[2026-05-31 09:56:19]     Phase 1 (new): 2,170/16,010 params
[2026-05-31 09:56:25]     Result | best_epoch=253 | stop=303 | final_phase_epochs=303 | acc=0.5000 | bal_acc=0.5000 | pred_hist=[4, 4] | collapse=False
[2026-05-31 09:56:25]     spatial_conv=[4, 29] top_abs_channels=[('P3', 0.16065967), ('CP3', 0.14768618), ('TP7', 0.13689542), ('C4', 0.1335333), ('T3', 0.133067), ('FCz', 0.12810469), ('CP4', 0.1157841), ('FT8', 0.11304519)]
[2026-05-31 09:56:25]     spatial_update=delta_l2=0.73886130 max_abs=0.22273827 relative=0.61908184 changed=True

[2026-05-31 09:56:25] Fold 4/5 | subject=14
[2026-05-31 09:56:25]     Train: 32 | counts=[16, 16]
[2026-05-31 09:56:25]     Test:  8 | counts=[4, 4]
[2026-05-31 09:56:25]     Model: SignalJEPA_PreLocal | Pretrained: from_pretrained | Strategy: new
[2026-05-31 09:56:25]     Normalization: none | fit_scope=none
[2026-05-31 09:56:25]     Phase 1 (new): 2,170/16,010 params
[2026-05-31 09:56:27]     Result | best_epoch=37 | stop=87 | final_phase_epochs=87 | acc=0.5000 | bal_acc=0.5000 | pred_hist=[8, 0] | collapse=True
[2026-05-31 09:56:27]     spatial_conv=[4, 29] top_abs_channels=[('Pz', 0.14171785), ('O2', 0.13691011), ('CP3', 0.12571248), ('T3', 0.12406851), ('O1', 0.11865257), ('CP4', 0.11452524), ('C3', 0.11405388), ('F7', 0.11258861)]
[2026-05-31 09:56:27]     spatial_update=delta_l2=0.22465986 max_abs=0.06787745 relative=0.18823945 changed=True

[2026-05-31 09:56:27] Fold 5/5 | subject=14
[2026-05-31 09:56:27]     Train: 32 | counts=[16, 16]
[2026-05-31 09:56:27]     Test:  8 | counts=[4, 4]
[2026-05-31 09:56:27]     Model: SignalJEPA_PreLocal | Pretrained: from_pretrained | Strategy: new
[2026-05-31 09:56:27]     Normalization: none | fit_scope=none
[2026-05-31 09:56:27]     Phase 1 (new): 2,170/16,010 params
[2026-05-31 09:56:28]     Result | best_epoch=10 | stop=53 | final_phase_epochs=53 | acc=0.5000 | bal_acc=0.5000 | pred_hist=[0, 8] | collapse=True
[2026-05-31 09:56:28]     spatial_conv=[4, 29] top_abs_channels=[('Pz', 0.15313068), ('O2', 0.14355761), ('T3', 0.12686649), ('O1', 0.12281263), ('T4', 0.12174536), ('CP3', 0.12060325), ('C3', 0.11502666), ('CP4', 0.11119969)]
[2026-05-31 09:56:28]     spatial_update=delta_l2=0.02107937 max_abs=0.00419575 relative=0.01766211 changed=True
[2026-05-31 09:56:28]   Subject 14: acc=0.5250±0.0500  bal_acc=0.5250±0.0500
[2026-05-31 09:56:28] \nSubject 15: 40 windows | class_counts=[20, 20]

[2026-05-31 09:56:29] Fold 1/5 | subject=15
[2026-05-31 09:56:29]     Train: 32 | counts=[16, 16]
[2026-05-31 09:56:29]     Test:  8 | counts=[4, 4]
[2026-05-31 09:56:29]     Model: SignalJEPA_PreLocal | Pretrained: from_pretrained | Strategy: new
[2026-05-31 09:56:29]     Normalization: none | fit_scope=none
[2026-05-31 09:56:29]     Phase 1 (new): 2,170/16,010 params
[2026-05-31 09:56:32]     Result | best_epoch=157 | stop=198 | final_phase_epochs=198 | acc=0.5000 | bal_acc=0.5000 | pred_hist=[4, 4] | collapse=False
[2026-05-31 09:56:32]     spatial_conv=[4, 29] top_abs_channels=[('T3', 0.15676031), ('Pz', 0.15568127), ('O2', 0.14145103), ('CP3', 0.12767148), ('C3', 0.12514454), ('TP8', 0.11640897), ('T4', 0.11131141), ('F4', 0.11124928)]
[2026-05-31 09:56:32]     spatial_update=delta_l2=0.73766783 max_abs=0.15452535 relative=0.61808185 changed=True

[2026-05-31 09:56:33] Fold 2/5 | subject=15
[2026-05-31 09:56:33]     Train: 32 | counts=[16, 16]
[2026-05-31 09:56:33]     Test:  8 | counts=[4, 4]
[2026-05-31 09:56:33]     Model: SignalJEPA_PreLocal | Pretrained: from_pretrained | Strategy: new
[2026-05-31 09:56:33]     Normalization: none | fit_scope=none
[2026-05-31 09:56:33]     Phase 1 (new): 2,170/16,010 params
[2026-05-31 09:56:35]     Result | best_epoch=70 | stop=118 | final_phase_epochs=118 | acc=0.5000 | bal_acc=0.5000 | pred_hist=[8, 0] | collapse=True
[2026-05-31 09:56:35]     spatial_conv=[4, 29] top_abs_channels=[('Pz', 0.1717789), ('O2', 0.1515169), ('Fz', 0.14182168), ('T4', 0.13248371), ('CP3', 0.1270054), ('P4', 0.11929476), ('T3', 0.11557002), ('C3', 0.11383609)]
[2026-05-31 09:56:35]     spatial_update=delta_l2=0.42550166 max_abs=0.09386226 relative=0.35652206 changed=True

[2026-05-31 09:56:35] Fold 3/5 | subject=15
[2026-05-31 09:56:35]     Train: 32 | counts=[16, 16]
[2026-05-31 09:56:35]     Test:  8 | counts=[4, 4]
[2026-05-31 09:56:35]     Model: SignalJEPA_PreLocal | Pretrained: from_pretrained | Strategy: new
[2026-05-31 09:56:35]     Normalization: none | fit_scope=none
[2026-05-31 09:56:35]     Phase 1 (new): 2,170/16,010 params
[2026-05-31 09:56:41]     Result | best_epoch=271 | stop=321 | final_phase_epochs=321 | acc=0.5000 | bal_acc=0.5000 | pred_hist=[4, 4] | collapse=False
[2026-05-31 09:56:41]     spatial_conv=[4, 29] top_abs_channels=[('O2', 0.16837849), ('Pz', 0.16437003), ('C3', 0.13958505), ('CP3', 0.13896504), ('F3', 0.13782567), ('P3', 0.13377936), ('Oz', 0.11581539), ('FC4', 0.10590235)]
[2026-05-31 09:56:41]     spatial_update=delta_l2=0.90751397 max_abs=0.20414523 relative=0.76039362 changed=True

[2026-05-31 09:56:42] Fold 4/5 | subject=15
[2026-05-31 09:56:42]     Train: 32 | counts=[16, 16]
[2026-05-31 09:56:42]     Test:  8 | counts=[4, 4]
[2026-05-31 09:56:42]     Model: SignalJEPA_PreLocal | Pretrained: from_pretrained | Strategy: new
[2026-05-31 09:56:42]     Normalization: none | fit_scope=none
[2026-05-31 09:56:42]     Phase 1 (new): 2,170/16,010 params
[2026-05-31 09:56:46]     Result | best_epoch=230 | stop=280 | final_phase_epochs=280 | acc=0.5000 | bal_acc=0.5000 | pred_hist=[6, 2] | collapse=False
[2026-05-31 09:56:46]     spatial_conv=[4, 29] top_abs_channels=[('TP8', 0.14048102), ('CP3', 0.13773182), ('T5', 0.13551664), ('Fp1', 0.13023207), ('Oz', 0.11041167), ('P3', 0.10701428), ('P4', 0.1069763), ('C3', 0.1062824)]
[2026-05-31 09:56:46]     spatial_update=delta_l2=0.93178793 max_abs=0.23062890 relative=0.78073244 changed=True

[2026-05-31 09:56:47] Fold 5/5 | subject=15
[2026-05-31 09:56:47]     Train: 32 | counts=[16, 16]
[2026-05-31 09:56:47]     Test:  8 | counts=[4, 4]
[2026-05-31 09:56:47]     Model: SignalJEPA_PreLocal | Pretrained: from_pretrained | Strategy: new
[2026-05-31 09:56:47]     Normalization: none | fit_scope=none
[2026-05-31 09:56:47]     Phase 1 (new): 2,170/16,010 params
[2026-05-31 09:56:48]     Result | best_epoch=17 | stop=60 | final_phase_epochs=60 | acc=0.2500 | bal_acc=0.2500 | pred_hist=[2, 6] | collapse=False
[2026-05-31 09:56:48]     spatial_conv=[4, 29] top_abs_channels=[('Pz', 0.15473381), ('O2', 0.14723979), ('T3', 0.12421378), ('CP3', 0.12107168), ('T4', 0.12022543), ('C3', 0.11745089), ('O1', 0.11613989), ('Fp1', 0.10886164)]
[2026-05-31 09:56:48]     spatial_update=delta_l2=0.06255923 max_abs=0.01408562 relative=0.05241753 changed=True
[2026-05-31 09:56:48]   Subject 15: acc=0.4500±0.1000  bal_acc=0.4500±0.1000
[2026-05-31 09:56:48] \nSubject 16: 40 windows | class_counts=[20, 20]

[2026-05-31 09:56:48] Fold 1/5 | subject=16
[2026-05-31 09:56:48]     Train: 32 | counts=[16, 16]
[2026-05-31 09:56:48]     Test:  8 | counts=[4, 4]
[2026-05-31 09:56:48]     Model: SignalJEPA_PreLocal | Pretrained: from_pretrained | Strategy: new
[2026-05-31 09:56:48]     Normalization: none | fit_scope=none
[2026-05-31 09:56:48]     Phase 1 (new): 2,170/16,010 params
[2026-05-31 09:56:49]     Result | best_epoch=1 | stop=51 | final_phase_epochs=51 | acc=0.5000 | bal_acc=0.5000 | pred_hist=[0, 8] | collapse=True
[2026-05-31 09:56:49]     spatial_conv=[4, 29] top_abs_channels=[('Pz', 0.15290774), ('O2', 0.14435124), ('T3', 0.12637991), ('T4', 0.12202027), ('CP3', 0.12128073), ('O1', 0.12119765), ('C3', 0.11523563), ('CP4', 0.11129504)]
[2026-05-31 09:56:49]     spatial_update=delta_l2=0.00744371 max_abs=0.00161898 relative=0.00623698 changed=True

[2026-05-31 09:56:50] Fold 2/5 | subject=16
[2026-05-31 09:56:50]     Train: 32 | counts=[16, 16]
[2026-05-31 09:56:50]     Test:  8 | counts=[4, 4]
[2026-05-31 09:56:50]     Model: SignalJEPA_PreLocal | Pretrained: from_pretrained | Strategy: new
[2026-05-31 09:56:50]     Normalization: none | fit_scope=none
[2026-05-31 09:56:50]     Phase 1 (new): 2,170/16,010 params
[2026-05-31 09:56:51]     Result | best_epoch=1 | stop=51 | final_phase_epochs=51 | acc=0.5000 | bal_acc=0.5000 | pred_hist=[0, 8] | collapse=True
[2026-05-31 09:56:51]     spatial_conv=[4, 29] top_abs_channels=[('Pz', 0.1528661), ('O2', 0.14449501), ('T3', 0.12722802), ('O1', 0.12214641), ('T4', 0.12158917), ('CP3', 0.12103637), ('C3', 0.11557531), ('CP4', 0.11069299)]
[2026-05-31 09:56:51]     spatial_update=delta_l2=0.00717433 max_abs=0.00161307 relative=0.00601128 changed=True

[2026-05-31 09:56:51] Fold 3/5 | subject=16
[2026-05-31 09:56:51]     Train: 32 | counts=[16, 16]
[2026-05-31 09:56:51]     Test:  8 | counts=[4, 4]
[2026-05-31 09:56:51]     Model: SignalJEPA_PreLocal | Pretrained: from_pretrained | Strategy: new
[2026-05-31 09:56:51]     Normalization: none | fit_scope=none
[2026-05-31 09:56:51]     Phase 1 (new): 2,170/16,010 params
[2026-05-31 09:56:52]     Result | best_epoch=1 | stop=51 | final_phase_epochs=51 | acc=0.5000 | bal_acc=0.5000 | pred_hist=[0, 8] | collapse=True
[2026-05-31 09:56:52]     spatial_conv=[4, 29] top_abs_channels=[('Pz', 0.1531581), ('O2', 0.14370929), ('T3', 0.1266192), ('O1', 0.12241843), ('T4', 0.12142036), ('CP3', 0.12139469), ('C3', 0.11488241), ('CP4', 0.11092963)]
[2026-05-31 09:56:52]     spatial_update=delta_l2=0.00816964 max_abs=0.00171410 relative=0.00684523 changed=True

[2026-05-31 09:56:53] Fold 4/5 | subject=16
[2026-05-31 09:56:53]     Train: 32 | counts=[16, 16]
[2026-05-31 09:56:53]     Test:  8 | counts=[4, 4]
[2026-05-31 09:56:53]     Model: SignalJEPA_PreLocal | Pretrained: from_pretrained | Strategy: new
[2026-05-31 09:56:53]     Normalization: none | fit_scope=none
[2026-05-31 09:56:53]     Phase 1 (new): 2,170/16,010 params
[2026-05-31 09:57:11]     Result | best_epoch=1032 | stop=1082 | final_phase_epochs=1082 | acc=0.6250 | bal_acc=0.6250 | pred_hist=[3, 5] | collapse=False
[2026-05-31 09:57:11]     spatial_conv=[4, 29] top_abs_channels=[('CP4', 0.18604147), ('F3', 0.15409243), ('O2', 0.13441145), ('C3', 0.13111751), ('TP7', 0.12842193), ('Pz', 0.12058011), ('FT8', 0.11852647), ('O1', 0.1120668)]
[2026-05-31 09:57:11]     spatial_update=delta_l2=1.14686782 max_abs=0.28765723 relative=0.96094496 changed=True

[2026-05-31 09:57:12] Fold 5/5 | subject=16
[2026-05-31 09:57:12]     Train: 32 | counts=[16, 16]
[2026-05-31 09:57:12]     Test:  8 | counts=[4, 4]
[2026-05-31 09:57:12]     Model: SignalJEPA_PreLocal | Pretrained: from_pretrained | Strategy: new
[2026-05-31 09:57:12]     Normalization: none | fit_scope=none
[2026-05-31 09:57:12]     Phase 1 (new): 2,170/16,010 params
[2026-05-31 09:57:13]     Result | best_epoch=1 | stop=51 | final_phase_epochs=51 | acc=0.5000 | bal_acc=0.5000 | pred_hist=[0, 8] | collapse=True
[2026-05-31 09:57:13]     spatial_conv=[4, 29] top_abs_channels=[('Pz', 0.15215467), ('O2', 0.14482644), ('T3', 0.12691554), ('O1', 0.12170505), ('T4', 0.12152141), ('CP3', 0.12093997), ('C3', 0.11546646), ('CP4', 0.11109726)]
[2026-05-31 09:57:13]     spatial_update=delta_l2=0.00823280 max_abs=0.00159058 relative=0.00689815 changed=True
[2026-05-31 09:57:13]   Subject 16: acc=0.5250±0.0500  bal_acc=0.5250±0.0500
[2026-05-31 09:57:13] \nSubject 17: 40 windows | class_counts=[20, 20]

[2026-05-31 09:57:13] Fold 1/5 | subject=17
[2026-05-31 09:57:13]     Train: 32 | counts=[16, 16]
[2026-05-31 09:57:13]     Test:  8 | counts=[4, 4]
[2026-05-31 09:57:13]     Model: SignalJEPA_PreLocal | Pretrained: from_pretrained | Strategy: new
[2026-05-31 09:57:13]     Normalization: none | fit_scope=none
[2026-05-31 09:57:13]     Phase 1 (new): 2,170/16,010 params
[2026-05-31 09:57:14]     Result | best_epoch=1 | stop=51 | final_phase_epochs=51 | acc=0.5000 | bal_acc=0.5000 | pred_hist=[0, 8] | collapse=True
[2026-05-31 09:57:14]     spatial_conv=[4, 29] top_abs_channels=[('Pz', 0.15312576), ('O2', 0.14399287), ('T3', 0.12607473), ('T4', 0.12204754), ('O1', 0.12132739), ('CP3', 0.12107687), ('C3', 0.1153237), ('CP4', 0.11034289)]
[2026-05-31 09:57:14]     spatial_update=delta_l2=0.00796783 max_abs=0.00155069 relative=0.00667614 changed=True

[2026-05-31 09:57:14] Fold 2/5 | subject=17
[2026-05-31 09:57:14]     Train: 32 | counts=[16, 16]
[2026-05-31 09:57:14]     Test:  8 | counts=[4, 4]
[2026-05-31 09:57:14]     Model: SignalJEPA_PreLocal | Pretrained: from_pretrained | Strategy: new
[2026-05-31 09:57:14]     Normalization: none | fit_scope=none
[2026-05-31 09:57:14]     Phase 1 (new): 2,170/16,010 params
[2026-05-31 09:57:15]     Result | best_epoch=1 | stop=51 | final_phase_epochs=51 | acc=0.5000 | bal_acc=0.5000 | pred_hist=[0, 8] | collapse=True
[2026-05-31 09:57:15]     spatial_conv=[4, 29] top_abs_channels=[('Pz', 0.15333146), ('O2', 0.1438171), ('T3', 0.12581511), ('O1', 0.12193266), ('T4', 0.12172365), ('CP3', 0.12107011), ('C3', 0.11459292), ('CP4', 0.11052875)]
[2026-05-31 09:57:15]     spatial_update=delta_l2=0.01044168 max_abs=0.00177187 relative=0.00874894 changed=True

[2026-05-31 09:57:16] Fold 3/5 | subject=17
[2026-05-31 09:57:16]     Train: 32 | counts=[16, 16]
[2026-05-31 09:57:16]     Test:  8 | counts=[4, 4]
[2026-05-31 09:57:16]     Model: SignalJEPA_PreLocal | Pretrained: from_pretrained | Strategy: new
[2026-05-31 09:57:16]     Normalization: none | fit_scope=none
[2026-05-31 09:57:16]     Phase 1 (new): 2,170/16,010 params
[2026-05-31 09:57:17]     Result | best_epoch=1 | stop=51 | final_phase_epochs=51 | acc=0.3750 | bal_acc=0.3750 | pred_hist=[1, 7] | collapse=False
[2026-05-31 09:57:17]     spatial_conv=[4, 29] top_abs_channels=[('Pz', 0.15270007), ('O2', 0.14400953), ('T3', 0.12599921), ('T4', 0.12184072), ('CP3', 0.12169008), ('O1', 0.12130354), ('C3', 0.11492231), ('CP4', 0.11068875)]
[2026-05-31 09:57:17]     spatial_update=delta_l2=0.00808143 max_abs=0.00156389 relative=0.00677132 changed=True

[2026-05-31 09:57:17] Fold 4/5 | subject=17
[2026-05-31 09:57:17]     Train: 32 | counts=[16, 16]
[2026-05-31 09:57:17]     Test:  8 | counts=[4, 4]
[2026-05-31 09:57:17]     Model: SignalJEPA_PreLocal | Pretrained: from_pretrained | Strategy: new
[2026-05-31 09:57:17]     Normalization: none | fit_scope=none
[2026-05-31 09:57:17]     Phase 1 (new): 2,170/16,010 params
[2026-05-31 09:57:19]     Result | best_epoch=48 | stop=98 | final_phase_epochs=98 | acc=0.6250 | bal_acc=0.6250 | pred_hist=[3, 5] | collapse=False
[2026-05-31 09:57:19]     spatial_conv=[4, 29] top_abs_channels=[('O2', 0.15320709), ('Pz', 0.14787754), ('P4', 0.12179337), ('T3', 0.12168765), ('FCz', 0.1142491), ('Fp1', 0.11254355), ('T5', 0.11155935), ('CP4', 0.11018904)]
[2026-05-31 09:57:19]     spatial_update=delta_l2=0.25692143 max_abs=0.05109383 relative=0.21527098 changed=True

[2026-05-31 09:57:19] Fold 5/5 | subject=17
[2026-05-31 09:57:19]     Train: 32 | counts=[16, 16]
[2026-05-31 09:57:19]     Test:  8 | counts=[4, 4]
[2026-05-31 09:57:19]     Model: SignalJEPA_PreLocal | Pretrained: from_pretrained | Strategy: new
[2026-05-31 09:57:19]     Normalization: none | fit_scope=none
[2026-05-31 09:57:19]     Phase 1 (new): 2,170/16,010 params
[2026-05-31 09:57:20]     Result | best_epoch=3 | stop=51 | final_phase_epochs=51 | acc=0.5000 | bal_acc=0.5000 | pred_hist=[0, 8] | collapse=True
[2026-05-31 09:57:20]     spatial_conv=[4, 29] top_abs_channels=[('Pz', 0.15310758), ('O2', 0.14433368), ('T3', 0.12599671), ('T4', 0.1226498), ('O1', 0.12209894), ('CP3', 0.12129873), ('C3', 0.11536464), ('CP4', 0.11026341)]
[2026-05-31 09:57:20]     spatial_update=delta_l2=0.00945037 max_abs=0.00168394 relative=0.00791833 changed=True
[2026-05-31 09:57:20]   Subject 17: acc=0.5000±0.0791  bal_acc=0.5000±0.0791
[2026-05-31 09:57:20] \nSubject 18: 40 windows | class_counts=[20, 20]

[2026-05-31 09:57:21] Fold 1/5 | subject=18
[2026-05-31 09:57:21]     Train: 32 | counts=[16, 16]
[2026-05-31 09:57:21]     Test:  8 | counts=[4, 4]
[2026-05-31 09:57:21]     Model: SignalJEPA_PreLocal | Pretrained: from_pretrained | Strategy: new
[2026-05-31 09:57:21]     Normalization: none | fit_scope=none
[2026-05-31 09:57:21]     Phase 1 (new): 2,170/16,010 params
[2026-05-31 09:57:53]     Result | best_epoch=1782 | stop=1832 | final_phase_epochs=1832 | acc=0.8750 | bal_acc=0.8750 | pred_hist=[5, 3] | collapse=False
[2026-05-31 09:57:53]     spatial_conv=[4, 29] top_abs_channels=[('TP8', 0.23950554), ('Cz', 0.15692884), ('O1', 0.15094315), ('T5', 0.14569648), ('FT8', 0.14520538), ('Oz', 0.1427923), ('P4', 0.14197858), ('P3', 0.12587531)]
[2026-05-31 09:57:53]     spatial_update=delta_l2=1.60515259 max_abs=0.47112569 relative=1.34493554 changed=True

[2026-05-31 09:57:54] Fold 2/5 | subject=18
[2026-05-31 09:57:54]     Train: 32 | counts=[16, 16]
[2026-05-31 09:57:54]     Test:  8 | counts=[4, 4]
[2026-05-31 09:57:54]     Model: SignalJEPA_PreLocal | Pretrained: from_pretrained | Strategy: new
[2026-05-31 09:57:54]     Normalization: none | fit_scope=none
[2026-05-31 09:57:54]     Phase 1 (new): 2,170/16,010 params
[2026-05-31 09:57:58]     Result | best_epoch=216 | stop=265 | final_phase_epochs=265 | acc=0.8750 | bal_acc=0.8750 | pred_hist=[3, 5] | collapse=False
[2026-05-31 09:57:58]     spatial_conv=[4, 29] top_abs_channels=[('FT8', 0.25429487), ('O1', 0.20080879), ('O2', 0.16531023), ('TP7', 0.15068507), ('T6', 0.12663752), ('CP4', 0.12502319), ('T3', 0.12163249), ('Oz', 0.10992672)]
[2026-05-31 09:57:58]     spatial_update=delta_l2=1.10986886 max_abs=0.28451545 relative=0.92994403 changed=True

[2026-05-31 09:57:59] Fold 3/5 | subject=18
[2026-05-31 09:57:59]     Train: 32 | counts=[16, 16]
[2026-05-31 09:57:59]     Test:  8 | counts=[4, 4]
[2026-05-31 09:57:59]     Model: SignalJEPA_PreLocal | Pretrained: from_pretrained | Strategy: new
[2026-05-31 09:57:59]     Normalization: none | fit_scope=none
[2026-05-31 09:57:59]     Phase 1 (new): 2,170/16,010 params
[2026-05-31 09:58:13]     Result | best_epoch=748 | stop=798 | final_phase_epochs=798 | acc=0.8750 | bal_acc=0.8750 | pred_hist=[5, 3] | collapse=False
[2026-05-31 09:58:13]     spatial_conv=[4, 29] top_abs_channels=[('FT8', 0.25094789), ('TP8', 0.20276599), ('Oz', 0.16566327), ('O1', 0.16488877), ('T5', 0.13596103), ('Fz', 0.13112599), ('FC4', 0.12396185), ('C3', 0.12392249)]
[2026-05-31 09:58:13]     spatial_update=delta_l2=1.50194405 max_abs=0.40969746 relative=1.25845850 changed=True

[2026-05-31 09:58:13] Fold 4/5 | subject=18
[2026-05-31 09:58:13]     Train: 32 | counts=[16, 16]
[2026-05-31 09:58:13]     Test:  8 | counts=[4, 4]
[2026-05-31 09:58:13]     Model: SignalJEPA_PreLocal | Pretrained: from_pretrained | Strategy: new
[2026-05-31 09:58:13]     Normalization: none | fit_scope=none
[2026-05-31 09:58:13]     Phase 1 (new): 2,170/16,010 params
[2026-05-31 09:58:29]     Result | best_epoch=867 | stop=916 | final_phase_epochs=916 | acc=0.8750 | bal_acc=0.8750 | pred_hist=[3, 5] | collapse=False
[2026-05-31 09:58:29]     spatial_conv=[4, 29] top_abs_channels=[('TP8', 0.18664604), ('FCz', 0.18423012), ('C4', 0.16827005), ('Cz', 0.16476664), ('FC3', 0.15994513), ('FT8', 0.1541975), ('P3', 0.14611669), ('Pz', 0.14419502)]
[2026-05-31 09:58:29]     spatial_update=delta_l2=1.53036537 max_abs=0.40239880 relative=1.28227234 changed=True

[2026-05-31 09:58:29] Fold 5/5 | subject=18
[2026-05-31 09:58:29]     Train: 32 | counts=[16, 16]
[2026-05-31 09:58:29]     Test:  8 | counts=[4, 4]
[2026-05-31 09:58:29]     Model: SignalJEPA_PreLocal | Pretrained: from_pretrained | Strategy: new
[2026-05-31 09:58:29]     Normalization: none | fit_scope=none
[2026-05-31 09:58:29]     Phase 1 (new): 2,170/16,010 params
[2026-05-31 09:58:41]     Result | best_epoch=594 | stop=644 | final_phase_epochs=644 | acc=1.0000 | bal_acc=1.0000 | pred_hist=[4, 4] | collapse=False
[2026-05-31 09:58:41]     spatial_conv=[4, 29] top_abs_channels=[('TP8', 0.18003602), ('FT8', 0.17426229), ('T5', 0.15782855), ('FC3', 0.15620343), ('Pz', 0.15155667), ('Fz', 0.14239478), ('CP4', 0.13497221), ('T4', 0.13236183)]
[2026-05-31 09:58:41]     spatial_update=delta_l2=1.47445529 max_abs=0.48666477 relative=1.23542604 changed=True
[2026-05-31 09:58:41]   Subject 18: acc=0.9000±0.0500  bal_acc=0.9000±0.0500
[2026-05-31 09:58:41] \nSubject 19: 40 windows | class_counts=[20, 20]

[2026-05-31 09:58:41] Fold 1/5 | subject=19
[2026-05-31 09:58:41]     Train: 32 | counts=[16, 16]
[2026-05-31 09:58:41]     Test:  8 | counts=[4, 4]
[2026-05-31 09:58:41]     Model: SignalJEPA_PreLocal | Pretrained: from_pretrained | Strategy: new
[2026-05-31 09:58:41]     Normalization: none | fit_scope=none
[2026-05-31 09:58:41]     Phase 1 (new): 2,170/16,010 params
[2026-05-31 09:58:48]     Result | best_epoch=348 | stop=398 | final_phase_epochs=398 | acc=0.2500 | bal_acc=0.2500 | pred_hist=[2, 6] | collapse=False
[2026-05-31 09:58:48]     spatial_conv=[4, 29] top_abs_channels=[('Pz', 0.21816906), ('CP3', 0.1935232), ('C4', 0.1788394), ('CP4', 0.17479596), ('T3', 0.13200918), ('F7', 0.13034999), ('P4', 0.12901579), ('O2', 0.12618738)]
[2026-05-31 09:58:48]     spatial_update=delta_l2=1.05267926 max_abs=0.29120913 relative=0.88202564 changed=True

[2026-05-31 09:58:48] Fold 2/5 | subject=19
[2026-05-31 09:58:48]     Train: 32 | counts=[16, 16]
[2026-05-31 09:58:48]     Test:  8 | counts=[4, 4]
[2026-05-31 09:58:48]     Model: SignalJEPA_PreLocal | Pretrained: from_pretrained | Strategy: new
[2026-05-31 09:58:48]     Normalization: none | fit_scope=none
[2026-05-31 09:58:48]     Phase 1 (new): 2,170/16,010 params
[2026-05-31 09:58:57]     Result | best_epoch=470 | stop=520 | final_phase_epochs=520 | acc=0.3750 | bal_acc=0.3750 | pred_hist=[3, 5] | collapse=False
[2026-05-31 09:58:57]     spatial_conv=[4, 29] top_abs_channels=[('C4', 0.18949381), ('CP3', 0.16733906), ('TP8', 0.16106339), ('TP7', 0.15760466), ('CP4', 0.15540731), ('F7', 0.12548712), ('T3', 0.12533194), ('T4', 0.12394586)]
[2026-05-31 09:58:57]     spatial_update=delta_l2=1.00394907 max_abs=0.27260917 relative=0.84119528 changed=True

[2026-05-31 09:58:58] Fold 3/5 | subject=19
[2026-05-31 09:58:58]     Train: 32 | counts=[16, 16]
[2026-05-31 09:58:58]     Test:  8 | counts=[4, 4]
[2026-05-31 09:58:58]     Model: SignalJEPA_PreLocal | Pretrained: from_pretrained | Strategy: new
[2026-05-31 09:58:58]     Normalization: none | fit_scope=none
[2026-05-31 09:58:58]     Phase 1 (new): 2,170/16,010 params
[2026-05-31 09:58:59]     Result | best_epoch=42 | stop=92 | final_phase_epochs=92 | acc=0.6250 | bal_acc=0.6250 | pred_hist=[5, 3] | collapse=False
[2026-05-31 09:58:59]     spatial_conv=[4, 29] top_abs_channels=[('Pz', 0.173315), ('O2', 0.14266562), ('T3', 0.13461109), ('CP4', 0.13275173), ('T4', 0.12721543), ('F7', 0.12038422), ('CP3', 0.11826164), ('T5', 0.11407302)]
[2026-05-31 09:58:59]     spatial_update=delta_l2=0.29319687 max_abs=0.05853678 relative=0.24566567 changed=True

[2026-05-31 09:59:00] Fold 4/5 | subject=19
[2026-05-31 09:59:00]     Train: 32 | counts=[16, 16]
[2026-05-31 09:59:00]     Test:  8 | counts=[4, 4]
[2026-05-31 09:59:00]     Model: SignalJEPA_PreLocal | Pretrained: from_pretrained | Strategy: new
[2026-05-31 09:59:00]     Normalization: none | fit_scope=none
[2026-05-31 09:59:00]     Phase 1 (new): 2,170/16,010 params
[2026-05-31 09:59:03]     Result | best_epoch=139 | stop=189 | final_phase_epochs=189 | acc=0.8750 | bal_acc=0.8750 | pred_hist=[3, 5] | collapse=False
[2026-05-31 09:59:03]     spatial_conv=[4, 29] top_abs_channels=[('Pz', 0.21521573), ('CP3', 0.17313796), ('CP4', 0.15834185), ('C4', 0.15447247), ('P4', 0.15167877), ('FT8', 0.13186814), ('O2', 0.12546569), ('T4', 0.11942992)]
[2026-05-31 09:59:03]     spatial_update=delta_l2=0.64446175 max_abs=0.14767554 relative=0.53998574 changed=True

[2026-05-31 09:59:04] Fold 5/5 | subject=19
[2026-05-31 09:59:04]     Train: 32 | counts=[16, 16]
[2026-05-31 09:59:04]     Test:  8 | counts=[4, 4]
[2026-05-31 09:59:04]     Model: SignalJEPA_PreLocal | Pretrained: from_pretrained | Strategy: new
[2026-05-31 09:59:04]     Normalization: none | fit_scope=none
[2026-05-31 09:59:04]     Phase 1 (new): 2,170/16,010 params
[2026-05-31 09:59:15]     Result | best_epoch=606 | stop=656 | final_phase_epochs=656 | acc=0.6250 | bal_acc=0.6250 | pred_hist=[7, 1] | collapse=False
[2026-05-31 09:59:15]     spatial_conv=[4, 29] top_abs_channels=[('C4', 0.18966791), ('CP3', 0.17675918), ('FT8', 0.16414535), ('Pz', 0.15176409), ('P4', 0.14120094), ('FC3', 0.13146313), ('FCz', 0.13012262), ('T3', 0.12835494)]
[2026-05-31 09:59:15]     spatial_update=delta_l2=1.11852148 max_abs=0.26869769 relative=0.93719394 changed=True
[2026-05-31 09:59:15]   Subject 19: acc=0.5500±0.2179  bal_acc=0.5500±0.2179
[2026-05-31 09:59:15] \nSubject 20: 40 windows | class_counts=[20, 20]

[2026-05-31 09:59:16] Fold 1/5 | subject=20
[2026-05-31 09:59:16]     Train: 32 | counts=[16, 16]
[2026-05-31 09:59:16]     Test:  8 | counts=[4, 4]
[2026-05-31 09:59:16]     Model: SignalJEPA_PreLocal | Pretrained: from_pretrained | Strategy: new
[2026-05-31 09:59:16]     Normalization: none | fit_scope=none
[2026-05-31 09:59:16]     Phase 1 (new): 2,170/16,010 params
[2026-05-31 09:59:33]     Result | best_epoch=934 | stop=984 | final_phase_epochs=984 | acc=0.7500 | bal_acc=0.7500 | pred_hist=[6, 2] | collapse=False
[2026-05-31 09:59:33]     spatial_conv=[4, 29] top_abs_channels=[('Fz', 0.20921195), ('F4', 0.19270051), ('Pz', 0.16957277), ('CP4', 0.16136762), ('TP7', 0.1567044), ('Cz', 0.1549302), ('T5', 0.14926261), ('F3', 0.13541968)]
[2026-05-31 09:59:33]     spatial_update=delta_l2=1.28124217 max_abs=0.41255429 relative=1.07353540 changed=True

[2026-05-31 09:59:34] Fold 2/5 | subject=20
[2026-05-31 09:59:34]     Train: 32 | counts=[16, 16]
[2026-05-31 09:59:34]     Test:  8 | counts=[4, 4]
[2026-05-31 09:59:34]     Model: SignalJEPA_PreLocal | Pretrained: from_pretrained | Strategy: new
[2026-05-31 09:59:34]     Normalization: none | fit_scope=none
[2026-05-31 09:59:34]     Phase 1 (new): 2,170/16,010 params
[2026-05-31 09:59:34]     Result | best_epoch=1 | stop=51 | final_phase_epochs=51 | acc=0.3750 | bal_acc=0.3750 | pred_hist=[1, 7] | collapse=False
[2026-05-31 09:59:34]     spatial_conv=[4, 29] top_abs_channels=[('Pz', 0.15279575), ('O2', 0.14410123), ('T3', 0.12676561), ('T4', 0.12244415), ('O1', 0.12187263), ('CP3', 0.12134543), ('C3', 0.1147282), ('CP4', 0.1104223)]
[2026-05-31 09:59:34]     spatial_update=delta_l2=0.01066481 max_abs=0.00167740 relative=0.00893590 changed=True

[2026-05-31 09:59:35] Fold 3/5 | subject=20
[2026-05-31 09:59:35]     Train: 32 | counts=[16, 16]
[2026-05-31 09:59:35]     Test:  8 | counts=[4, 4]
[2026-05-31 09:59:35]     Model: SignalJEPA_PreLocal | Pretrained: from_pretrained | Strategy: new
[2026-05-31 09:59:35]     Normalization: none | fit_scope=none
[2026-05-31 09:59:35]     Phase 1 (new): 2,170/16,010 params
[2026-05-31 09:59:36]     Result | best_epoch=1 | stop=51 | final_phase_epochs=51 | acc=0.5000 | bal_acc=0.5000 | pred_hist=[0, 8] | collapse=True
[2026-05-31 09:59:36]     spatial_conv=[4, 29] top_abs_channels=[('Pz', 0.15284123), ('O2', 0.14406365), ('T3', 0.12727639), ('T4', 0.12281584), ('O1', 0.12162097), ('CP3', 0.12124643), ('C3', 0.11455412), ('CP4', 0.1100165)]
[2026-05-31 09:59:36]     spatial_update=delta_l2=0.01086886 max_abs=0.00175031 relative=0.00910687 changed=True

[2026-05-31 09:59:36] Fold 4/5 | subject=20
[2026-05-31 09:59:36]     Train: 32 | counts=[16, 16]
[2026-05-31 09:59:36]     Test:  8 | counts=[4, 4]
[2026-05-31 09:59:36]     Model: SignalJEPA_PreLocal | Pretrained: from_pretrained | Strategy: new
[2026-05-31 09:59:36]     Normalization: none | fit_scope=none
[2026-05-31 09:59:36]     Phase 1 (new): 2,170/16,010 params
[2026-05-31 09:59:50]     Result | best_epoch=731 | stop=781 | final_phase_epochs=781 | acc=0.8750 | bal_acc=0.8750 | pred_hist=[5, 3] | collapse=False
[2026-05-31 09:59:50]     spatial_conv=[4, 29] top_abs_channels=[('TP7', 0.20782021), ('Pz', 0.17802146), ('T4', 0.1429573), ('O1', 0.1282783), ('Fz', 0.12055834), ('O2', 0.11316681), ('C4', 0.11227566), ('CP3', 0.11224374)]
[2026-05-31 09:59:50]     spatial_update=delta_l2=1.14140626 max_abs=0.31853560 relative=0.95636879 changed=True

[2026-05-31 09:59:51] Fold 5/5 | subject=20
[2026-05-31 09:59:51]     Train: 32 | counts=[16, 16]
[2026-05-31 09:59:51]     Test:  8 | counts=[4, 4]
[2026-05-31 09:59:51]     Model: SignalJEPA_PreLocal | Pretrained: from_pretrained | Strategy: new
[2026-05-31 09:59:51]     Normalization: none | fit_scope=none
[2026-05-31 09:59:51]     Phase 1 (new): 2,170/16,010 params
[2026-05-31 10:00:30]     Result | best_epoch=2136 | stop=2186 | final_phase_epochs=2186 | acc=0.8750 | bal_acc=0.8750 | pred_hist=[5, 3] | collapse=False
[2026-05-31 10:00:30]     spatial_conv=[4, 29] top_abs_channels=[('F4', 0.22408611), ('C4', 0.20364182), ('Pz', 0.20153007), ('CP4', 0.18011995), ('T5', 0.16026521), ('Cz', 0.1573339), ('TP7', 0.15330221), ('F3', 0.13795081)]
[2026-05-31 10:00:30]     spatial_update=delta_l2=1.39165737 max_abs=0.45298682 relative=1.16605080 changed=True
[2026-05-31 10:00:30]   Subject 20: acc=0.6750±0.2031  bal_acc=0.6750±0.2031
[2026-05-31 10:00:30] \nSubject 21: 40 windows | class_counts=[20, 20]

[2026-05-31 10:00:30] Fold 1/5 | subject=21
[2026-05-31 10:00:30]     Train: 32 | counts=[16, 16]
[2026-05-31 10:00:30]     Test:  8 | counts=[4, 4]
[2026-05-31 10:00:30]     Model: SignalJEPA_PreLocal | Pretrained: from_pretrained | Strategy: new
[2026-05-31 10:00:30]     Normalization: none | fit_scope=none
[2026-05-31 10:00:30]     Phase 1 (new): 2,170/16,010 params
[2026-05-31 10:00:41]     Result | best_epoch=509 | stop=559 | final_phase_epochs=559 | acc=0.6250 | bal_acc=0.6250 | pred_hist=[7, 1] | collapse=False
[2026-05-31 10:00:41]     spatial_conv=[4, 29] top_abs_channels=[('Oz', 0.18231018), ('C3', 0.16590902), ('FCz', 0.15311566), ('CP3', 0.1425544), ('CP4', 0.14175867), ('Pz', 0.13723743), ('O2', 0.13193066), ('TP8', 0.11981328)]
[2026-05-31 10:00:41]     spatial_update=delta_l2=1.11321802 max_abs=0.28197062 relative=0.93275025 changed=True

[2026-05-31 10:00:41] Fold 2/5 | subject=21
[2026-05-31 10:00:41]     Train: 32 | counts=[16, 16]
[2026-05-31 10:00:41]     Test:  8 | counts=[4, 4]
[2026-05-31 10:00:41]     Model: SignalJEPA_PreLocal | Pretrained: from_pretrained | Strategy: new
[2026-05-31 10:00:41]     Normalization: none | fit_scope=none
[2026-05-31 10:00:41]     Phase 1 (new): 2,170/16,010 params
[2026-05-31 10:00:46]     Result | best_epoch=243 | stop=293 | final_phase_epochs=293 | acc=0.5000 | bal_acc=0.5000 | pred_hist=[4, 4] | collapse=False
[2026-05-31 10:00:46]     spatial_conv=[4, 29] top_abs_channels=[('Oz', 0.18564102), ('T6', 0.16270059), ('CP4', 0.15214902), ('Pz', 0.1387655), ('T4', 0.13268773), ('O2', 0.12798929), ('Fp1', 0.12687816), ('Fz', 0.12541315)]
[2026-05-31 10:00:46]     spatial_update=delta_l2=0.84948252 max_abs=0.23526689 relative=0.71176986 changed=True

[2026-05-31 10:00:47] Fold 3/5 | subject=21
[2026-05-31 10:00:47]     Train: 32 | counts=[16, 16]
[2026-05-31 10:00:47]     Test:  8 | counts=[4, 4]
[2026-05-31 10:00:47]     Model: SignalJEPA_PreLocal | Pretrained: from_pretrained | Strategy: new
[2026-05-31 10:00:47]     Normalization: none | fit_scope=none
[2026-05-31 10:00:47]     Phase 1 (new): 2,170/16,010 params
[2026-05-31 10:00:50]     Result | best_epoch=92 | stop=142 | final_phase_epochs=142 | acc=0.6250 | bal_acc=0.6250 | pred_hist=[5, 3] | collapse=False
[2026-05-31 10:00:50]     spatial_conv=[4, 29] top_abs_channels=[('CP4', 0.15672117), ('Pz', 0.15067729), ('O2', 0.13547958), ('CP3', 0.13516419), ('Fp1', 0.1346001), ('O1', 0.13328826), ('T3', 0.12138931), ('Oz', 0.1100598)]
[2026-05-31 10:00:50]     spatial_update=delta_l2=0.50905008 max_abs=0.12499290 relative=0.42652614 changed=True

[2026-05-31 10:00:50] Fold 4/5 | subject=21
[2026-05-31 10:00:50]     Train: 32 | counts=[16, 16]
[2026-05-31 10:00:50]     Test:  8 | counts=[4, 4]
[2026-05-31 10:00:50]     Model: SignalJEPA_PreLocal | Pretrained: from_pretrained | Strategy: new
[2026-05-31 10:00:50]     Normalization: none | fit_scope=none
[2026-05-31 10:00:50]     Phase 1 (new): 2,170/16,010 params
[2026-05-31 10:01:01]     Result | best_epoch=565 | stop=581 | final_phase_epochs=581 | acc=0.5000 | bal_acc=0.5000 | pred_hist=[2, 6] | collapse=False
[2026-05-31 10:01:01]     spatial_conv=[4, 29] top_abs_channels=[('Oz', 0.19180673), ('CP3', 0.16003299), ('O2', 0.15889278), ('CP4', 0.15855382), ('Pz', 0.13791142), ('Fp1', 0.12671864), ('Cz', 0.12612662), ('Fz', 0.12359442)]
[2026-05-31 10:01:01]     spatial_update=delta_l2=1.13615253 max_abs=0.28581980 relative=0.95196676 changed=True

[2026-05-31 10:01:01] Fold 5/5 | subject=21
[2026-05-31 10:01:01]     Train: 32 | counts=[16, 16]
[2026-05-31 10:01:01]     Test:  8 | counts=[4, 4]
[2026-05-31 10:01:01]     Model: SignalJEPA_PreLocal | Pretrained: from_pretrained | Strategy: new
[2026-05-31 10:01:01]     Normalization: none | fit_scope=none
[2026-05-31 10:01:01]     Phase 1 (new): 2,170/16,010 params
[2026-05-31 10:01:07]     Result | best_epoch=310 | stop=360 | final_phase_epochs=360 | acc=0.5000 | bal_acc=0.5000 | pred_hist=[6, 2] | collapse=False
[2026-05-31 10:01:07]     spatial_conv=[4, 29] top_abs_channels=[('Oz', 0.20829481), ('Pz', 0.17580202), ('CP4', 0.17042907), ('C4', 0.14733806), ('C3', 0.13036713), ('T6', 0.12990259), ('Cz', 0.11457931), ('CP3', 0.10880771)]
[2026-05-31 10:01:07]     spatial_update=delta_l2=1.16550663 max_abs=0.35723033 relative=0.97656216 changed=True
[2026-05-31 10:01:07]   Subject 21: acc=0.5500±0.0612  bal_acc=0.5500±0.0612
[2026-05-31 10:01:07] \nSubject 22: 40 windows | class_counts=[20, 20]

[2026-05-31 10:01:08] Fold 1/5 | subject=22
[2026-05-31 10:01:08]     Train: 32 | counts=[16, 16]
[2026-05-31 10:01:08]     Test:  8 | counts=[4, 4]
[2026-05-31 10:01:08]     Model: SignalJEPA_PreLocal | Pretrained: from_pretrained | Strategy: new
[2026-05-31 10:01:08]     Normalization: none | fit_scope=none
[2026-05-31 10:01:08]     Phase 1 (new): 2,170/16,010 params
[2026-05-31 10:01:13]     Result | best_epoch=237 | stop=287 | final_phase_epochs=287 | acc=0.7500 | bal_acc=0.7500 | pred_hist=[6, 2] | collapse=False
[2026-05-31 10:01:13]     spatial_conv=[4, 29] top_abs_channels=[('FC4', 0.17825773), ('Cz', 0.168043), ('FCz', 0.15667284), ('CP3', 0.13807616), ('Oz', 0.1282898), ('F7', 0.12176731), ('CP4', 0.10659044), ('O1', 0.10500629)]
[2026-05-31 10:01:13]     spatial_update=delta_l2=0.88637868 max_abs=0.20258688 relative=0.74268465 changed=True

[2026-05-31 10:01:14] Fold 2/5 | subject=22
[2026-05-31 10:01:14]     Train: 32 | counts=[16, 16]
[2026-05-31 10:01:14]     Test:  8 | counts=[4, 4]
[2026-05-31 10:01:14]     Model: SignalJEPA_PreLocal | Pretrained: from_pretrained | Strategy: new
[2026-05-31 10:01:14]     Normalization: none | fit_scope=none
[2026-05-31 10:01:14]     Phase 1 (new): 2,170/16,010 params
[2026-05-31 10:01:17]     Result | best_epoch=108 | stop=158 | final_phase_epochs=158 | acc=0.5000 | bal_acc=0.5000 | pred_hist=[4, 4] | collapse=False
[2026-05-31 10:01:17]     spatial_conv=[4, 29] top_abs_channels=[('O2', 0.17787039), ('F7', 0.16347541), ('FC4', 0.1372084), ('Pz', 0.1326741), ('CP3', 0.126194), ('Fp1', 0.11833355), ('Cz', 0.11823069), ('Fz', 0.11351649)]
[2026-05-31 10:01:17]     spatial_update=delta_l2=0.56976494 max_abs=0.13378404 relative=0.47739830 changed=True

[2026-05-31 10:01:17] Fold 3/5 | subject=22
[2026-05-31 10:01:17]     Train: 32 | counts=[16, 16]
[2026-05-31 10:01:17]     Test:  8 | counts=[4, 4]
[2026-05-31 10:01:17]     Model: SignalJEPA_PreLocal | Pretrained: from_pretrained | Strategy: new
[2026-05-31 10:01:17]     Normalization: none | fit_scope=none
[2026-05-31 10:01:17]     Phase 1 (new): 2,170/16,010 params
[2026-05-31 10:01:22]     Result | best_epoch=243 | stop=293 | final_phase_epochs=293 | acc=0.8750 | bal_acc=0.8750 | pred_hist=[5, 3] | collapse=False
[2026-05-31 10:01:22]     spatial_conv=[4, 29] top_abs_channels=[('Cz', 0.17847788), ('FC4', 0.15288842), ('F7', 0.14697129), ('CP3', 0.14650349), ('Oz', 0.12737347), ('FCz', 0.12055598), ('Pz', 0.11189975), ('C3', 0.10725064)]
[2026-05-31 10:01:22]     spatial_update=delta_l2=0.81249509 max_abs=0.19018311 relative=0.68077859 changed=True

[2026-05-31 10:01:23] Fold 4/5 | subject=22
[2026-05-31 10:01:23]     Train: 32 | counts=[16, 16]
[2026-05-31 10:01:23]     Test:  8 | counts=[4, 4]
[2026-05-31 10:01:23]     Model: SignalJEPA_PreLocal | Pretrained: from_pretrained | Strategy: new
[2026-05-31 10:01:23]     Normalization: none | fit_scope=none
[2026-05-31 10:01:23]     Phase 1 (new): 2,170/16,010 params
[2026-05-31 10:01:28]     Result | best_epoch=230 | stop=280 | final_phase_epochs=280 | acc=0.8750 | bal_acc=0.8750 | pred_hist=[5, 3] | collapse=False
[2026-05-31 10:01:28]     spatial_conv=[4, 29] top_abs_channels=[('F7', 0.15326898), ('Cz', 0.14368156), ('CP3', 0.14138968), ('C3', 0.13941045), ('FCz', 0.12305725), ('FC4', 0.12065929), ('Pz', 0.11896949), ('T4', 0.11646581)]
[2026-05-31 10:01:28]     spatial_update=delta_l2=0.76768409 max_abs=0.18186615 relative=0.64323206 changed=True

[2026-05-31 10:01:28] Fold 5/5 | subject=22
[2026-05-31 10:01:28]     Train: 32 | counts=[16, 16]
[2026-05-31 10:01:28]     Test:  8 | counts=[4, 4]
[2026-05-31 10:01:28]     Model: SignalJEPA_PreLocal | Pretrained: from_pretrained | Strategy: new
[2026-05-31 10:01:28]     Normalization: none | fit_scope=none
[2026-05-31 10:01:28]     Phase 1 (new): 2,170/16,010 params
[2026-05-31 10:01:33]     Result | best_epoch=243 | stop=293 | final_phase_epochs=293 | acc=0.8750 | bal_acc=0.8750 | pred_hist=[3, 5] | collapse=False
[2026-05-31 10:01:33]     spatial_conv=[4, 29] top_abs_channels=[('F7', 0.19175151), ('CP3', 0.14795348), ('C3', 0.13421854), ('Fz', 0.11497774), ('Cz', 0.11132602), ('FC4', 0.10434642), ('Pz', 0.10319658), ('CP4', 0.10129061)]
[2026-05-31 10:01:33]     spatial_update=delta_l2=0.82837436 max_abs=0.18469747 relative=0.69408362 changed=True
[2026-05-31 10:01:33]   Subject 22: acc=0.7750±0.1458  bal_acc=0.7750±0.1458
[2026-05-31 10:01:33] \nSubject 23: 40 windows | class_counts=[20, 20]

[2026-05-31 10:01:34] Fold 1/5 | subject=23
[2026-05-31 10:01:34]     Train: 32 | counts=[16, 16]
[2026-05-31 10:01:34]     Test:  8 | counts=[4, 4]
[2026-05-31 10:01:34]     Model: SignalJEPA_PreLocal | Pretrained: from_pretrained | Strategy: new
[2026-05-31 10:01:34]     Normalization: none | fit_scope=none
[2026-05-31 10:01:34]     Phase 1 (new): 2,170/16,010 params
[2026-05-31 10:01:35]     Result | best_epoch=1 | stop=51 | final_phase_epochs=51 | acc=0.3750 | bal_acc=0.3750 | pred_hist=[1, 7] | collapse=False
[2026-05-31 10:01:35]     spatial_conv=[4, 29] top_abs_channels=[('Pz', 0.15332626), ('O2', 0.14383771), ('T3', 0.1264503), ('T4', 0.12258598), ('O1', 0.12197818), ('CP3', 0.1213922), ('C3', 0.11515336), ('CP4', 0.11099567)]
[2026-05-31 10:01:35]     spatial_update=delta_l2=0.00849192 max_abs=0.00166999 relative=0.00711526 changed=True

[2026-05-31 10:01:35] Fold 2/5 | subject=23
[2026-05-31 10:01:35]     Train: 32 | counts=[16, 16]
[2026-05-31 10:01:35]     Test:  8 | counts=[4, 4]
[2026-05-31 10:01:35]     Model: SignalJEPA_PreLocal | Pretrained: from_pretrained | Strategy: new
[2026-05-31 10:01:35]     Normalization: none | fit_scope=none
[2026-05-31 10:01:35]     Phase 1 (new): 2,170/16,010 params
[2026-05-31 10:01:36]     Result | best_epoch=1 | stop=51 | final_phase_epochs=51 | acc=0.5000 | bal_acc=0.5000 | pred_hist=[0, 8] | collapse=True
[2026-05-31 10:01:36]     spatial_conv=[4, 29] top_abs_channels=[('Pz', 0.1525926), ('O2', 0.14409865), ('T3', 0.12641661), ('T4', 0.12241024), ('O1', 0.1221149), ('CP3', 0.12124094), ('C3', 0.11586472), ('CP4', 0.11072429)]
[2026-05-31 10:01:36]     spatial_update=delta_l2=0.00831128 max_abs=0.00158817 relative=0.00696391 changed=True

[2026-05-31 10:01:37] Fold 3/5 | subject=23
[2026-05-31 10:01:37]     Train: 32 | counts=[16, 16]
[2026-05-31 10:01:37]     Test:  8 | counts=[4, 4]
[2026-05-31 10:01:37]     Model: SignalJEPA_PreLocal | Pretrained: from_pretrained | Strategy: new
[2026-05-31 10:01:37]     Normalization: none | fit_scope=none
[2026-05-31 10:01:37]     Phase 1 (new): 2,170/16,010 params
[2026-05-31 10:01:37]     Result | best_epoch=1 | stop=51 | final_phase_epochs=51 | acc=0.5000 | bal_acc=0.5000 | pred_hist=[0, 8] | collapse=True
[2026-05-31 10:01:37]     spatial_conv=[4, 29] top_abs_channels=[('Pz', 0.15287186), ('O2', 0.14462507), ('T3', 0.12625781), ('T4', 0.12291139), ('O1', 0.12230804), ('CP3', 0.12130667), ('C3', 0.114953), ('CP4', 0.1107903)]
[2026-05-31 10:01:37]     spatial_update=delta_l2=0.00979973 max_abs=0.00168104 relative=0.00821106 changed=True

[2026-05-31 10:01:38] Fold 4/5 | subject=23
[2026-05-31 10:01:38]     Train: 32 | counts=[16, 16]
[2026-05-31 10:01:38]     Test:  8 | counts=[4, 4]
[2026-05-31 10:01:38]     Model: SignalJEPA_PreLocal | Pretrained: from_pretrained | Strategy: new
[2026-05-31 10:01:38]     Normalization: none | fit_scope=none
[2026-05-31 10:01:38]     Phase 1 (new): 2,170/16,010 params
[2026-05-31 10:01:39]     Result | best_epoch=1 | stop=51 | final_phase_epochs=51 | acc=0.5000 | bal_acc=0.5000 | pred_hist=[0, 8] | collapse=True
[2026-05-31 10:01:39]     spatial_conv=[4, 29] top_abs_channels=[('Pz', 0.15266642), ('O2', 0.14418936), ('T3', 0.12645294), ('T4', 0.12232982), ('CP3', 0.12147721), ('O1', 0.1214505), ('C3', 0.11445252), ('CP4', 0.11086155)]
[2026-05-31 10:01:39]     spatial_update=delta_l2=0.00995123 max_abs=0.00155188 relative=0.00833800 changed=True

[2026-05-31 10:01:39] Fold 5/5 | subject=23
[2026-05-31 10:01:39]     Train: 32 | counts=[16, 16]
[2026-05-31 10:01:39]     Test:  8 | counts=[4, 4]
[2026-05-31 10:01:39]     Model: SignalJEPA_PreLocal | Pretrained: from_pretrained | Strategy: new
[2026-05-31 10:01:39]     Normalization: none | fit_scope=none
[2026-05-31 10:01:39]     Phase 1 (new): 2,170/16,010 params
[2026-05-31 10:01:40]     Result | best_epoch=5 | stop=55 | final_phase_epochs=55 | acc=0.5000 | bal_acc=0.5000 | pred_hist=[0, 8] | collapse=True
[2026-05-31 10:01:40]     spatial_conv=[4, 29] top_abs_channels=[('Pz', 0.15546699), ('O2', 0.1433579), ('T3', 0.12695646), ('O1', 0.12310539), ('T4', 0.12218831), ('CP3', 0.1207831), ('C3', 0.1159875), ('Fp1', 0.11219817)]
[2026-05-31 10:01:40]     spatial_update=delta_l2=0.03330798 max_abs=0.00777260 relative=0.02790831 changed=True
[2026-05-31 10:01:40]   Subject 23: acc=0.4750±0.0500  bal_acc=0.4750±0.0500
[2026-05-31 10:01:40] \nSubject 24: 40 windows | class_counts=[20, 20]

[2026-05-31 10:01:41] Fold 1/5 | subject=24
[2026-05-31 10:01:41]     Train: 32 | counts=[16, 16]
[2026-05-31 10:01:41]     Test:  8 | counts=[4, 4]
[2026-05-31 10:01:41]     Model: SignalJEPA_PreLocal | Pretrained: from_pretrained | Strategy: new
[2026-05-31 10:01:41]     Normalization: none | fit_scope=none
[2026-05-31 10:01:41]     Phase 1 (new): 2,170/16,010 params
[2026-05-31 10:01:43]     Result | best_epoch=113 | stop=163 | final_phase_epochs=163 | acc=0.2500 | bal_acc=0.2500 | pred_hist=[2, 6] | collapse=False
[2026-05-31 10:01:43]     spatial_conv=[4, 29] top_abs_channels=[('CP3', 0.14365923), ('Pz', 0.14102867), ('T6', 0.12931769), ('P4', 0.12390581), ('F8', 0.12181881), ('CP4', 0.12046172), ('O2', 0.1145847), ('Cz', 0.11010823)]
[2026-05-31 10:01:43]     spatial_update=delta_l2=0.56247093 max_abs=0.15180249 relative=0.47128675 changed=True

[2026-05-31 10:01:44] Fold 2/5 | subject=24
[2026-05-31 10:01:44]     Train: 32 | counts=[16, 16]
[2026-05-31 10:01:44]     Test:  8 | counts=[4, 4]
[2026-05-31 10:01:44]     Model: SignalJEPA_PreLocal | Pretrained: from_pretrained | Strategy: new
[2026-05-31 10:01:44]     Normalization: none | fit_scope=none
[2026-05-31 10:01:44]     Phase 1 (new): 2,170/16,010 params
[2026-05-31 10:01:45]     Result | best_epoch=1 | stop=51 | final_phase_epochs=51 | acc=0.5000 | bal_acc=0.5000 | pred_hist=[0, 8] | collapse=True
[2026-05-31 10:01:45]     spatial_conv=[4, 29] top_abs_channels=[('Pz', 0.15315112), ('O2', 0.14389065), ('T3', 0.12669815), ('CP3', 0.12153439), ('T4', 0.12137973), ('O1', 0.12134915), ('C3', 0.11461191), ('CP4', 0.11129636)]
[2026-05-31 10:01:45]     spatial_update=delta_l2=0.00850581 max_abs=0.00165156 relative=0.00712690 changed=True

[2026-05-31 10:01:45] Fold 3/5 | subject=24
[2026-05-31 10:01:45]     Train: 32 | counts=[16, 16]
[2026-05-31 10:01:45]     Test:  8 | counts=[4, 4]
[2026-05-31 10:01:45]     Model: SignalJEPA_PreLocal | Pretrained: from_pretrained | Strategy: new
[2026-05-31 10:01:45]     Normalization: none | fit_scope=none
[2026-05-31 10:01:45]     Phase 1 (new): 2,170/16,010 params
[2026-05-31 10:01:47]     Result | best_epoch=73 | stop=123 | final_phase_epochs=123 | acc=0.5000 | bal_acc=0.5000 | pred_hist=[2, 6] | collapse=False
[2026-05-31 10:01:47]     spatial_conv=[4, 29] top_abs_channels=[('CP3', 0.14871946), ('Pz', 0.14215335), ('O2', 0.14038622), ('O1', 0.12465999), ('T6', 0.11019092), ('T4', 0.10778034), ('FT8', 0.10719206), ('F4', 0.10615756)]
[2026-05-31 10:01:47]     spatial_update=delta_l2=0.39400359 max_abs=0.09480824 relative=0.33013025 changed=True

[2026-05-31 10:01:48] Fold 4/5 | subject=24
[2026-05-31 10:01:48]     Train: 32 | counts=[16, 16]
[2026-05-31 10:01:48]     Test:  8 | counts=[4, 4]
[2026-05-31 10:01:48]     Model: SignalJEPA_PreLocal | Pretrained: from_pretrained | Strategy: new
[2026-05-31 10:01:48]     Normalization: none | fit_scope=none
[2026-05-31 10:01:48]     Phase 1 (new): 2,170/16,010 params
[2026-05-31 10:01:49]     Result | best_epoch=1 | stop=51 | final_phase_epochs=51 | acc=0.5000 | bal_acc=0.5000 | pred_hist=[0, 8] | collapse=True
[2026-05-31 10:01:49]     spatial_conv=[4, 29] top_abs_channels=[('Pz', 0.15238956), ('O2', 0.14473346), ('T3', 0.12642887), ('CP3', 0.12144421), ('T4', 0.12133421), ('O1', 0.12113399), ('C3', 0.11498653), ('CP4', 0.1105608)]
[2026-05-31 10:01:49]     spatial_update=delta_l2=0.00903835 max_abs=0.00178603 relative=0.00757311 changed=True

[2026-05-31 10:01:49] Fold 5/5 | subject=24
[2026-05-31 10:01:49]     Train: 32 | counts=[16, 16]
[2026-05-31 10:01:49]     Test:  8 | counts=[4, 4]
[2026-05-31 10:01:49]     Model: SignalJEPA_PreLocal | Pretrained: from_pretrained | Strategy: new
[2026-05-31 10:01:49]     Normalization: none | fit_scope=none
[2026-05-31 10:01:49]     Phase 1 (new): 2,170/16,010 params
[2026-05-31 10:01:50]     Result | best_epoch=1 | stop=51 | final_phase_epochs=51 | acc=0.5000 | bal_acc=0.5000 | pred_hist=[0, 8] | collapse=True
[2026-05-31 10:01:50]     spatial_conv=[4, 29] top_abs_channels=[('Pz', 0.15237477), ('O2', 0.14450471), ('T3', 0.1259069), ('CP3', 0.12177092), ('T4', 0.12166281), ('O1', 0.12117174), ('C3', 0.11470364), ('CP4', 0.1113406)]
[2026-05-31 10:01:50]     spatial_update=delta_l2=0.00955873 max_abs=0.00170558 relative=0.00800913 changed=True
[2026-05-31 10:01:50]   Subject 24: acc=0.4500±0.1000  bal_acc=0.4500±0.1000
[2026-05-31 10:01:50] \nSubject 25: 40 windows | class_counts=[20, 20]

[2026-05-31 10:01:50] Fold 1/5 | subject=25
[2026-05-31 10:01:50]     Train: 32 | counts=[16, 16]
[2026-05-31 10:01:50]     Test:  8 | counts=[4, 4]
[2026-05-31 10:01:50]     Model: SignalJEPA_PreLocal | Pretrained: from_pretrained | Strategy: new
[2026-05-31 10:01:50]     Normalization: none | fit_scope=none
[2026-05-31 10:01:50]     Phase 1 (new): 2,170/16,010 params
[2026-05-31 10:01:54]     Result | best_epoch=167 | stop=217 | final_phase_epochs=217 | acc=0.3750 | bal_acc=0.3750 | pred_hist=[7, 1] | collapse=False
[2026-05-31 10:01:54]     spatial_conv=[4, 29] top_abs_channels=[('T3', 0.18448785), ('O1', 0.14043145), ('O2', 0.1359234), ('Fz', 0.13241196), ('CP3', 0.12751533), ('FT7', 0.12677334), ('T6', 0.12207842), ('C3', 0.11955648)]
[2026-05-31 10:01:54]     spatial_update=delta_l2=0.82037230 max_abs=0.21083170 relative=0.68737880 changed=True

[2026-05-31 10:01:55] Fold 2/5 | subject=25
[2026-05-31 10:01:55]     Train: 32 | counts=[16, 16]
[2026-05-31 10:01:55]     Test:  8 | counts=[4, 4]
[2026-05-31 10:01:55]     Model: SignalJEPA_PreLocal | Pretrained: from_pretrained | Strategy: new
[2026-05-31 10:01:55]     Normalization: none | fit_scope=none
[2026-05-31 10:01:55]     Phase 1 (new): 2,170/16,010 params
[2026-05-31 10:02:02]     Result | best_epoch=353 | stop=403 | final_phase_epochs=403 | acc=0.3750 | bal_acc=0.3750 | pred_hist=[5, 3] | collapse=False
[2026-05-31 10:02:02]     spatial_conv=[4, 29] top_abs_channels=[('T3', 0.17113627), ('CP3', 0.16020209), ('TP7', 0.14816487), ('CP4', 0.13211131), ('C3', 0.1302347), ('P3', 0.1276031), ('O2', 0.12511179), ('TP8', 0.12206481)]
[2026-05-31 10:02:02]     spatial_update=delta_l2=0.95189121 max_abs=0.24320159 relative=0.79757671 changed=True

[2026-05-31 10:02:02] Fold 3/5 | subject=25
[2026-05-31 10:02:02]     Train: 32 | counts=[16, 16]
[2026-05-31 10:02:02]     Test:  8 | counts=[4, 4]
[2026-05-31 10:02:02]     Model: SignalJEPA_PreLocal | Pretrained: from_pretrained | Strategy: new
[2026-05-31 10:02:02]     Normalization: none | fit_scope=none
[2026-05-31 10:02:02]     Phase 1 (new): 2,170/16,010 params
[2026-05-31 10:02:03]     Result | best_epoch=4 | stop=54 | final_phase_epochs=54 | acc=0.5000 | bal_acc=0.5000 | pred_hist=[0, 8] | collapse=True
[2026-05-31 10:02:03]     spatial_conv=[4, 29] top_abs_channels=[('Pz', 0.15427181), ('O2', 0.14191505), ('T3', 0.1284031), ('T4', 0.12292027), ('O1', 0.12260631), ('CP3', 0.11938667), ('Fp1', 0.11255641), ('C3', 0.11134253)]
[2026-05-31 10:02:03]     spatial_update=delta_l2=0.03070797 max_abs=0.00635289 relative=0.02572979 changed=True

[2026-05-31 10:02:04] Fold 4/5 | subject=25
[2026-05-31 10:02:04]     Train: 32 | counts=[16, 16]
[2026-05-31 10:02:04]     Test:  8 | counts=[4, 4]
[2026-05-31 10:02:04]     Model: SignalJEPA_PreLocal | Pretrained: from_pretrained | Strategy: new
[2026-05-31 10:02:04]     Normalization: none | fit_scope=none
[2026-05-31 10:02:04]     Phase 1 (new): 2,170/16,010 params
[2026-05-31 10:02:05]     Result | best_epoch=19 | stop=68 | final_phase_epochs=68 | acc=0.7500 | bal_acc=0.7500 | pred_hist=[4, 4] | collapse=False
[2026-05-31 10:02:05]     spatial_conv=[4, 29] top_abs_channels=[('Pz', 0.15096273), ('O2', 0.13758451), ('T3', 0.1348937), ('T4', 0.12492229), ('O1', 0.12280015), ('CP3', 0.12097277), ('Fp1', 0.11732538), ('CP4', 0.11298247)]
[2026-05-31 10:02:05]     spatial_update=delta_l2=0.15565230 max_abs=0.03062226 relative=0.13041895 changed=True

[2026-05-31 10:02:05] Fold 5/5 | subject=25
[2026-05-31 10:02:05]     Train: 32 | counts=[16, 16]
[2026-05-31 10:02:05]     Test:  8 | counts=[4, 4]
[2026-05-31 10:02:05]     Model: SignalJEPA_PreLocal | Pretrained: from_pretrained | Strategy: new
[2026-05-31 10:02:05]     Normalization: none | fit_scope=none
[2026-05-31 10:02:05]     Phase 1 (new): 2,170/16,010 params
[2026-05-31 10:02:06]     Result | best_epoch=1 | stop=51 | final_phase_epochs=51 | acc=0.5000 | bal_acc=0.5000 | pred_hist=[0, 8] | collapse=True
[2026-05-31 10:02:06]     spatial_conv=[4, 29] top_abs_channels=[('Pz', 0.1531025), ('O2', 0.1430462), ('T3', 0.12663408), ('O1', 0.12208103), ('T4', 0.12201826), ('CP3', 0.12141766), ('C3', 0.11528604), ('CP4', 0.11109618)]
[2026-05-31 10:02:06]     spatial_update=delta_l2=0.01088852 max_abs=0.00166873 relative=0.00912334 changed=True
[2026-05-31 10:02:06]   Subject 25: acc=0.5000±0.1369  bal_acc=0.5000±0.1369
[2026-05-31 10:02:06] \nSubject 26: 40 windows | class_counts=[20, 20]

[2026-05-31 10:02:07] Fold 1/5 | subject=26
[2026-05-31 10:02:07]     Train: 32 | counts=[16, 16]
[2026-05-31 10:02:07]     Test:  8 | counts=[4, 4]
[2026-05-31 10:02:07]     Model: SignalJEPA_PreLocal | Pretrained: from_pretrained | Strategy: new
[2026-05-31 10:02:07]     Normalization: none | fit_scope=none
[2026-05-31 10:02:07]     Phase 1 (new): 2,170/16,010 params
[2026-05-31 10:02:17]     Result | best_epoch=521 | stop=571 | final_phase_epochs=571 | acc=0.5000 | bal_acc=0.5000 | pred_hist=[4, 4] | collapse=False
[2026-05-31 10:02:17]     spatial_conv=[4, 29] top_abs_channels=[('O1', 0.18549068), ('O2', 0.15632035), ('T4', 0.14421256), ('FT7', 0.13184661), ('Cz', 0.12736519), ('Pz', 0.1255639), ('CP4', 0.1230359), ('CP3', 0.12082508)]
[2026-05-31 10:02:17]     spatial_update=delta_l2=0.96110303 max_abs=0.20969728 relative=0.80529516 changed=True

[2026-05-31 10:02:18] Fold 2/5 | subject=26
[2026-05-31 10:02:18]     Train: 32 | counts=[16, 16]
[2026-05-31 10:02:18]     Test:  8 | counts=[4, 4]
[2026-05-31 10:02:18]     Model: SignalJEPA_PreLocal | Pretrained: from_pretrained | Strategy: new
[2026-05-31 10:02:18]     Normalization: none | fit_scope=none
[2026-05-31 10:02:18]     Phase 1 (new): 2,170/16,010 params
[2026-05-31 10:02:18]     Result | best_epoch=1 | stop=51 | final_phase_epochs=51 | acc=0.5000 | bal_acc=0.5000 | pred_hist=[0, 8] | collapse=True
[2026-05-31 10:02:18]     spatial_conv=[4, 29] top_abs_channels=[('Pz', 0.15362149), ('O2', 0.14356948), ('T3', 0.12736383), ('O1', 0.12284872), ('T4', 0.12184143), ('CP3', 0.12099655), ('C3', 0.11584153), ('CP4', 0.11098862)]
[2026-05-31 10:02:18]     spatial_update=delta_l2=0.00985031 max_abs=0.00151612 relative=0.00825344 changed=True

[2026-05-31 10:02:19] Fold 3/5 | subject=26
[2026-05-31 10:02:19]     Train: 32 | counts=[16, 16]
[2026-05-31 10:02:19]     Test:  8 | counts=[4, 4]
[2026-05-31 10:02:19]     Model: SignalJEPA_PreLocal | Pretrained: from_pretrained | Strategy: new
[2026-05-31 10:02:19]     Normalization: none | fit_scope=none
[2026-05-31 10:02:19]     Phase 1 (new): 2,170/16,010 params
[2026-05-31 10:02:20]     Result | best_epoch=1 | stop=51 | final_phase_epochs=51 | acc=0.5000 | bal_acc=0.5000 | pred_hist=[0, 8] | collapse=True
[2026-05-31 10:02:20]     spatial_conv=[4, 29] top_abs_channels=[('Pz', 0.15328284), ('O2', 0.14378075), ('T3', 0.12756442), ('O1', 0.12253036), ('T4', 0.12229367), ('CP3', 0.12106164), ('C3', 0.11603595), ('CP4', 0.11086769)]
[2026-05-31 10:02:20]     spatial_update=delta_l2=0.00848933 max_abs=0.00166221 relative=0.00711310 changed=True

[2026-05-31 10:02:20] Fold 4/5 | subject=26
[2026-05-31 10:02:20]     Train: 32 | counts=[16, 16]
[2026-05-31 10:02:20]     Test:  8 | counts=[4, 4]
[2026-05-31 10:02:20]     Model: SignalJEPA_PreLocal | Pretrained: from_pretrained | Strategy: new
[2026-05-31 10:02:20]     Normalization: none | fit_scope=none
[2026-05-31 10:02:20]     Phase 1 (new): 2,170/16,010 params
[2026-05-31 10:02:21]     Result | best_epoch=1 | stop=51 | final_phase_epochs=51 | acc=0.5000 | bal_acc=0.5000 | pred_hist=[0, 8] | collapse=True
[2026-05-31 10:02:21]     spatial_conv=[4, 29] top_abs_channels=[('Pz', 0.15278998), ('O2', 0.1445159), ('T3', 0.12675497), ('T4', 0.12231584), ('CP3', 0.12159726), ('O1', 0.12151437), ('C3', 0.11561377), ('CP4', 0.11045253)]
[2026-05-31 10:02:21]     spatial_update=delta_l2=0.00858577 max_abs=0.00158662 relative=0.00719390 changed=True

[2026-05-31 10:02:22] Fold 5/5 | subject=26
[2026-05-31 10:02:22]     Train: 32 | counts=[16, 16]
[2026-05-31 10:02:22]     Test:  8 | counts=[4, 4]
[2026-05-31 10:02:22]     Model: SignalJEPA_PreLocal | Pretrained: from_pretrained | Strategy: new
[2026-05-31 10:02:22]     Normalization: none | fit_scope=none
[2026-05-31 10:02:22]     Phase 1 (new): 2,170/16,010 params
[2026-05-31 10:02:23]     Result | best_epoch=1 | stop=51 | final_phase_epochs=51 | acc=0.5000 | bal_acc=0.5000 | pred_hist=[0, 8] | collapse=True
[2026-05-31 10:02:23]     spatial_conv=[4, 29] top_abs_channels=[('Pz', 0.15241794), ('O2', 0.14420116), ('T3', 0.12624526), ('T4', 0.12268448), ('O1', 0.12200613), ('CP3', 0.12161133), ('C3', 0.11573914), ('CP4', 0.11030155)]
[2026-05-31 10:02:23]     spatial_update=delta_l2=0.01009148 max_abs=0.00157135 relative=0.00845552 changed=True
[2026-05-31 10:02:23]   Subject 26: acc=0.5000±0.0000  bal_acc=0.5000±0.0000
[2026-05-31 10:02:23] \nSubject 27: 40 windows | class_counts=[20, 20]

[2026-05-31 10:02:23] Fold 1/5 | subject=27
[2026-05-31 10:02:23]     Train: 32 | counts=[16, 16]
[2026-05-31 10:02:23]     Test:  8 | counts=[4, 4]
[2026-05-31 10:02:23]     Model: SignalJEPA_PreLocal | Pretrained: from_pretrained | Strategy: new
[2026-05-31 10:02:23]     Normalization: none | fit_scope=none
[2026-05-31 10:02:23]     Phase 1 (new): 2,170/16,010 params
[2026-05-31 10:02:24]     Result | best_epoch=1 | stop=51 | final_phase_epochs=51 | acc=0.5000 | bal_acc=0.5000 | pred_hist=[0, 8] | collapse=True
[2026-05-31 10:02:24]     spatial_conv=[4, 29] top_abs_channels=[('Pz', 0.15336967), ('O2', 0.14471412), ('T3', 0.12649034), ('T4', 0.12265252), ('O1', 0.12167591), ('CP3', 0.12100879), ('C3', 0.11511447), ('CP4', 0.11101895)]
[2026-05-31 10:02:24]     spatial_update=delta_l2=0.00914018 max_abs=0.00166108 relative=0.00765843 changed=True

[2026-05-31 10:02:25] Fold 2/5 | subject=27
[2026-05-31 10:02:25]     Train: 32 | counts=[16, 16]
[2026-05-31 10:02:25]     Test:  8 | counts=[4, 4]
[2026-05-31 10:02:25]     Model: SignalJEPA_PreLocal | Pretrained: from_pretrained | Strategy: new
[2026-05-31 10:02:25]     Normalization: none | fit_scope=none
[2026-05-31 10:02:25]     Phase 1 (new): 2,170/16,010 params
[2026-05-31 10:02:26]     Result | best_epoch=1 | stop=51 | final_phase_epochs=51 | acc=0.5000 | bal_acc=0.5000 | pred_hist=[0, 8] | collapse=True
[2026-05-31 10:02:26]     spatial_conv=[4, 29] top_abs_channels=[('Pz', 0.15330543), ('O2', 0.14425457), ('T3', 0.12687127), ('O1', 0.12224112), ('T4', 0.12188537), ('CP3', 0.12089846), ('C3', 0.11510383), ('CP4', 0.1110675)]
[2026-05-31 10:02:26]     spatial_update=delta_l2=0.00727491 max_abs=0.00171267 relative=0.00609555 changed=True

[2026-05-31 10:02:26] Fold 3/5 | subject=27
[2026-05-31 10:02:26]     Train: 32 | counts=[16, 16]
[2026-05-31 10:02:26]     Test:  8 | counts=[4, 4]
[2026-05-31 10:02:26]     Model: SignalJEPA_PreLocal | Pretrained: from_pretrained | Strategy: new
[2026-05-31 10:02:26]     Normalization: none | fit_scope=none
[2026-05-31 10:02:26]     Phase 1 (new): 2,170/16,010 params
[2026-05-31 10:02:43]     Result | best_epoch=908 | stop=958 | final_phase_epochs=958 | acc=0.3750 | bal_acc=0.3750 | pred_hist=[3, 5] | collapse=False
[2026-05-31 10:02:43]     spatial_conv=[4, 29] top_abs_channels=[('O2', 0.22941715), ('TP7', 0.16541201), ('F3', 0.14625281), ('CP4', 0.14317395), ('Cz', 0.12867691), ('F4', 0.12366802), ('FC4', 0.12236109), ('C3', 0.1206501)]
[2026-05-31 10:02:43]     spatial_update=delta_l2=1.24557371 max_abs=0.37988699 relative=1.04364928 changed=True

[2026-05-31 10:02:44] Fold 4/5 | subject=27
[2026-05-31 10:02:44]     Train: 32 | counts=[16, 16]
[2026-05-31 10:02:44]     Test:  8 | counts=[4, 4]
[2026-05-31 10:02:44]     Model: SignalJEPA_PreLocal | Pretrained: from_pretrained | Strategy: new
[2026-05-31 10:02:44]     Normalization: none | fit_scope=none
[2026-05-31 10:02:44]     Phase 1 (new): 2,170/16,010 params
[2026-05-31 10:02:44]     Result | best_epoch=1 | stop=51 | final_phase_epochs=51 | acc=0.6250 | bal_acc=0.6250 | pred_hist=[1, 7] | collapse=False
[2026-05-31 10:02:44]     spatial_conv=[4, 29] top_abs_channels=[('Pz', 0.15312539), ('O2', 0.14486323), ('T3', 0.12660711), ('O1', 0.12259493), ('T4', 0.12169694), ('CP3', 0.12130778), ('C3', 0.11451708), ('CP4', 0.11065869)]
[2026-05-31 10:02:44]     spatial_update=delta_l2=0.00942146 max_abs=0.00173702 relative=0.00789411 changed=True

[2026-05-31 10:02:45] Fold 5/5 | subject=27
[2026-05-31 10:02:45]     Train: 32 | counts=[16, 16]
[2026-05-31 10:02:45]     Test:  8 | counts=[4, 4]
[2026-05-31 10:02:45]     Model: SignalJEPA_PreLocal | Pretrained: from_pretrained | Strategy: new
[2026-05-31 10:02:45]     Normalization: none | fit_scope=none
[2026-05-31 10:02:45]     Phase 1 (new): 2,170/16,010 params
[2026-05-31 10:02:50]     Result | best_epoch=237 | stop=287 | final_phase_epochs=287 | acc=0.7500 | bal_acc=0.7500 | pred_hist=[4, 4] | collapse=False
[2026-05-31 10:02:50]     spatial_conv=[4, 29] top_abs_channels=[('O2', 0.25503385), ('F7', 0.15987496), ('Pz', 0.14855596), ('CP4', 0.13791049), ('P3', 0.13623238), ('Oz', 0.12862942), ('FCz', 0.12721269), ('TP7', 0.12238418)]
[2026-05-31 10:02:50]     spatial_update=delta_l2=0.79500067 max_abs=0.22970141 relative=0.66612025 changed=True
[2026-05-31 10:02:50]   Subject 27: acc=0.5500±0.1275  bal_acc=0.5500±0.1275
[2026-05-31 10:02:50] \nSubject 28: 40 windows | class_counts=[20, 20]

[2026-05-31 10:02:50] Fold 1/5 | subject=28
[2026-05-31 10:02:50]     Train: 32 | counts=[16, 16]
[2026-05-31 10:02:50]     Test:  8 | counts=[4, 4]
[2026-05-31 10:02:50]     Model: SignalJEPA_PreLocal | Pretrained: from_pretrained | Strategy: new
[2026-05-31 10:02:50]     Normalization: none | fit_scope=none
[2026-05-31 10:02:50]     Phase 1 (new): 2,170/16,010 params
[2026-05-31 10:02:53]     Result | best_epoch=86 | stop=136 | final_phase_epochs=136 | acc=0.6250 | bal_acc=0.6250 | pred_hist=[3, 5] | collapse=False
[2026-05-31 10:02:53]     spatial_conv=[4, 29] top_abs_channels=[('CP3', 0.16661236), ('O2', 0.16455501), ('FCz', 0.13926965), ('Pz', 0.13703509), ('T4', 0.13089114), ('T3', 0.11835413), ('P3', 0.11629107), ('FC4', 0.10707463)]
[2026-05-31 10:02:53]     spatial_update=delta_l2=0.42258508 max_abs=0.09594463 relative=0.35407830 changed=True

[2026-05-31 10:02:53] Fold 2/5 | subject=28
[2026-05-31 10:02:53]     Train: 32 | counts=[16, 16]
[2026-05-31 10:02:53]     Test:  8 | counts=[4, 4]
[2026-05-31 10:02:53]     Model: SignalJEPA_PreLocal | Pretrained: from_pretrained | Strategy: new
[2026-05-31 10:02:53]     Normalization: none | fit_scope=none
[2026-05-31 10:02:53]     Phase 1 (new): 2,170/16,010 params
[2026-05-31 10:03:06]     Result | best_epoch=716 | stop=766 | final_phase_epochs=766 | acc=0.7500 | bal_acc=0.7500 | pred_hist=[4, 4] | collapse=False
[2026-05-31 10:03:06]     spatial_conv=[4, 29] top_abs_channels=[('Pz', 0.16947722), ('CP4', 0.15728211), ('TP8', 0.14693189), ('TP7', 0.13194098), ('O1', 0.12979762), ('P4', 0.12723015), ('C4', 0.12598363), ('FCz', 0.12032085)]
[2026-05-31 10:03:06]     spatial_update=delta_l2=1.14268329 max_abs=0.27114703 relative=0.95743880 changed=True

[2026-05-31 10:03:07] Fold 3/5 | subject=28
[2026-05-31 10:03:07]     Train: 32 | counts=[16, 16]
[2026-05-31 10:03:07]     Test:  8 | counts=[4, 4]
[2026-05-31 10:03:07]     Model: SignalJEPA_PreLocal | Pretrained: from_pretrained | Strategy: new
[2026-05-31 10:03:07]     Normalization: none | fit_scope=none
[2026-05-31 10:03:07]     Phase 1 (new): 2,170/16,010 params
[2026-05-31 10:03:15]     Result | best_epoch=404 | stop=454 | final_phase_epochs=454 | acc=0.7500 | bal_acc=0.7500 | pred_hist=[4, 4] | collapse=False
[2026-05-31 10:03:15]     spatial_conv=[4, 29] top_abs_channels=[('CP3', 0.19626893), ('O2', 0.14264348), ('Cz', 0.13202816), ('Pz', 0.12822337), ('FCz', 0.1233754), ('T4', 0.12221323), ('P3', 0.11373203), ('Oz', 0.10711449)]
[2026-05-31 10:03:15]     spatial_update=delta_l2=1.06323121 max_abs=0.24072296 relative=0.89086698 changed=True

[2026-05-31 10:03:15] Fold 4/5 | subject=28
[2026-05-31 10:03:15]     Train: 32 | counts=[16, 16]
[2026-05-31 10:03:15]     Test:  8 | counts=[4, 4]
[2026-05-31 10:03:15]     Model: SignalJEPA_PreLocal | Pretrained: from_pretrained | Strategy: new
[2026-05-31 10:03:15]     Normalization: none | fit_scope=none
[2026-05-31 10:03:15]     Phase 1 (new): 2,170/16,010 params
[2026-05-31 10:03:16]     Result | best_epoch=1 | stop=51 | final_phase_epochs=51 | acc=0.3750 | bal_acc=0.3750 | pred_hist=[1, 7] | collapse=False
[2026-05-31 10:03:16]     spatial_conv=[4, 29] top_abs_channels=[('Pz', 0.15287435), ('O2', 0.14443588), ('T3', 0.12671959), ('O1', 0.12225664), ('T4', 0.12175805), ('CP3', 0.12069727), ('C3', 0.11507504), ('CP4', 0.11073455)]
[2026-05-31 10:03:16]     spatial_update=delta_l2=0.00778962 max_abs=0.00167292 relative=0.00652682 changed=True

[2026-05-31 10:03:17] Fold 5/5 | subject=28
[2026-05-31 10:03:17]     Train: 32 | counts=[16, 16]
[2026-05-31 10:03:17]     Test:  8 | counts=[4, 4]
[2026-05-31 10:03:17]     Model: SignalJEPA_PreLocal | Pretrained: from_pretrained | Strategy: new
[2026-05-31 10:03:17]     Normalization: none | fit_scope=none
[2026-05-31 10:03:17]     Phase 1 (new): 2,170/16,010 params
[2026-05-31 10:03:18]     Result | best_epoch=1 | stop=51 | final_phase_epochs=51 | acc=0.5000 | bal_acc=0.5000 | pred_hist=[0, 8] | collapse=True
[2026-05-31 10:03:18]     spatial_conv=[4, 29] top_abs_channels=[('Pz', 0.15333259), ('O2', 0.14360712), ('T3', 0.12698147), ('T4', 0.12244241), ('O1', 0.12205306), ('CP3', 0.12142858), ('C3', 0.11508008), ('CP4', 0.11108685)]
[2026-05-31 10:03:18]     spatial_update=delta_l2=0.00911421 max_abs=0.00175133 relative=0.00763667 changed=True
[2026-05-31 10:03:18]   Subject 28: acc=0.6000±0.1458  bal_acc=0.6000±0.1458
[2026-05-31 10:03:18] \nSubject 29: 40 windows | class_counts=[20, 20]

[2026-05-31 10:03:18] Fold 1/5 | subject=29
[2026-05-31 10:03:18]     Train: 32 | counts=[16, 16]
[2026-05-31 10:03:18]     Test:  8 | counts=[4, 4]
[2026-05-31 10:03:18]     Model: SignalJEPA_PreLocal | Pretrained: from_pretrained | Strategy: new
[2026-05-31 10:03:18]     Normalization: none | fit_scope=none
[2026-05-31 10:03:18]     Phase 1 (new): 2,170/16,010 params
[2026-05-31 10:03:19]     Result | best_epoch=1 | stop=51 | final_phase_epochs=51 | acc=0.5000 | bal_acc=0.5000 | pred_hist=[0, 8] | collapse=True
[2026-05-31 10:03:19]     spatial_conv=[4, 29] top_abs_channels=[('Pz', 0.15311366), ('O2', 0.14476356), ('T3', 0.12577416), ('CP3', 0.12196349), ('T4', 0.12161027), ('O1', 0.12105636), ('C3', 0.11500594), ('CP4', 0.11147261)]
[2026-05-31 10:03:19]     spatial_update=delta_l2=0.01031270 max_abs=0.00174824 relative=0.00864087 changed=True

[2026-05-31 10:03:19] Fold 2/5 | subject=29
[2026-05-31 10:03:19]     Train: 32 | counts=[16, 16]
[2026-05-31 10:03:19]     Test:  8 | counts=[4, 4]
[2026-05-31 10:03:19]     Model: SignalJEPA_PreLocal | Pretrained: from_pretrained | Strategy: new
[2026-05-31 10:03:19]     Normalization: none | fit_scope=none
[2026-05-31 10:03:19]     Phase 1 (new): 2,170/16,010 params
[2026-05-31 10:03:21]     Result | best_epoch=34 | stop=84 | final_phase_epochs=84 | acc=0.3750 | bal_acc=0.3750 | pred_hist=[5, 3] | collapse=False
[2026-05-31 10:03:21]     spatial_conv=[4, 29] top_abs_channels=[('O2', 0.16024184), ('Pz', 0.14473571), ('CP3', 0.12820107), ('T4', 0.11923333), ('Fp1', 0.11821257), ('T3', 0.11736351), ('P4', 0.11291741), ('C3', 0.10834039)]
[2026-05-31 10:03:21]     spatial_update=delta_l2=0.24191576 max_abs=0.04752330 relative=0.20269793 changed=True

[2026-05-31 10:03:22] Fold 3/5 | subject=29
[2026-05-31 10:03:22]     Train: 32 | counts=[16, 16]
[2026-05-31 10:03:22]     Test:  8 | counts=[4, 4]
[2026-05-31 10:03:22]     Model: SignalJEPA_PreLocal | Pretrained: from_pretrained | Strategy: new
[2026-05-31 10:03:22]     Normalization: none | fit_scope=none
[2026-05-31 10:03:22]     Phase 1 (new): 2,170/16,010 params
[2026-05-31 10:03:22]     Result | best_epoch=1 | stop=51 | final_phase_epochs=51 | acc=0.5000 | bal_acc=0.5000 | pred_hist=[0, 8] | collapse=True
[2026-05-31 10:03:22]     spatial_conv=[4, 29] top_abs_channels=[('Pz', 0.15294413), ('O2', 0.14487484), ('T3', 0.12622799), ('CP3', 0.12215082), ('T4', 0.12154657), ('O1', 0.12116285), ('C3', 0.11497444), ('CP4', 0.11120339)]
[2026-05-31 10:03:22]     spatial_update=delta_l2=0.01118566 max_abs=0.00175278 relative=0.00937232 changed=True

[2026-05-31 10:03:23] Fold 4/5 | subject=29
[2026-05-31 10:03:23]     Train: 32 | counts=[16, 16]
[2026-05-31 10:03:23]     Test:  8 | counts=[4, 4]
[2026-05-31 10:03:23]     Model: SignalJEPA_PreLocal | Pretrained: from_pretrained | Strategy: new
[2026-05-31 10:03:23]     Normalization: none | fit_scope=none
[2026-05-31 10:03:23]     Phase 1 (new): 2,170/16,010 params
[2026-05-31 10:03:24]     Result | best_epoch=1 | stop=51 | final_phase_epochs=51 | acc=0.5000 | bal_acc=0.5000 | pred_hist=[0, 8] | collapse=True
[2026-05-31 10:03:24]     spatial_conv=[4, 29] top_abs_channels=[('Pz', 0.15277009), ('O2', 0.14469105), ('T3', 0.12671809), ('CP3', 0.12184826), ('O1', 0.12108451), ('T4', 0.12076136), ('C3', 0.11508366), ('CP4', 0.11165064)]
[2026-05-31 10:03:24]     spatial_update=delta_l2=0.01057233 max_abs=0.00166819 relative=0.00885841 changed=True

[2026-05-31 10:03:24] Fold 5/5 | subject=29
[2026-05-31 10:03:24]     Train: 32 | counts=[16, 16]
[2026-05-31 10:03:24]     Test:  8 | counts=[4, 4]
[2026-05-31 10:03:24]     Model: SignalJEPA_PreLocal | Pretrained: from_pretrained | Strategy: new
[2026-05-31 10:03:24]     Normalization: none | fit_scope=none
[2026-05-31 10:03:24]     Phase 1 (new): 2,170/16,010 params
[2026-05-31 10:03:45]     Result | best_epoch=1091 | stop=1141 | final_phase_epochs=1141 | acc=0.3750 | bal_acc=0.3750 | pred_hist=[3, 5] | collapse=False
[2026-05-31 10:03:45]     spatial_conv=[4, 29] top_abs_channels=[('Pz', 0.19428265), ('C4', 0.16975388), ('T6', 0.1601564), ('O2', 0.15596233), ('Cz', 0.15390393), ('T3', 0.12939537), ('TP8', 0.12243399), ('P3', 0.12001516)]
[2026-05-31 10:03:45]     spatial_update=delta_l2=1.23340929 max_abs=0.35945570 relative=1.03345688 changed=True
[2026-05-31 10:03:45]   Subject 29: acc=0.4500±0.0612  bal_acc=0.4500±0.0612
[2026-05-31 10:03:45] \nSubject 30: 40 windows | class_counts=[20, 20]

[2026-05-31 10:03:46] Fold 1/5 | subject=30
[2026-05-31 10:03:46]     Train: 32 | counts=[16, 16]
[2026-05-31 10:03:46]     Test:  8 | counts=[4, 4]
[2026-05-31 10:03:46]     Model: SignalJEPA_PreLocal | Pretrained: from_pretrained | Strategy: new
[2026-05-31 10:03:46]     Normalization: none | fit_scope=none
[2026-05-31 10:03:46]     Phase 1 (new): 2,170/16,010 params
[2026-05-31 10:04:30]     Result | best_epoch=2454 | stop=2504 | final_phase_epochs=2504 | acc=0.5000 | bal_acc=0.5000 | pred_hist=[4, 4] | collapse=False
[2026-05-31 10:04:30]     spatial_conv=[4, 29] top_abs_channels=[('P4', 0.20549852), ('FCz', 0.17742303), ('Oz', 0.14990307), ('C4', 0.14349845), ('CP4', 0.12318324), ('FC3', 0.12061011), ('CP3', 0.11984144), ('O2', 0.1166237)]
[2026-05-31 10:04:30]     spatial_update=delta_l2=1.48830322 max_abs=0.41092657 relative=1.24702904 changed=True

[2026-05-31 10:04:30] Fold 2/5 | subject=30
[2026-05-31 10:04:30]     Train: 32 | counts=[16, 16]
[2026-05-31 10:04:30]     Test:  8 | counts=[4, 4]
[2026-05-31 10:04:30]     Model: SignalJEPA_PreLocal | Pretrained: from_pretrained | Strategy: new
[2026-05-31 10:04:30]     Normalization: none | fit_scope=none
[2026-05-31 10:04:30]     Phase 1 (new): 2,170/16,010 params
[2026-05-31 10:04:37]     Result | best_epoch=343 | stop=393 | final_phase_epochs=393 | acc=0.5000 | bal_acc=0.5000 | pred_hist=[4, 4] | collapse=False
[2026-05-31 10:04:37]     spatial_conv=[4, 29] top_abs_channels=[('CP4', 0.18881576), ('Cz', 0.17717382), ('FCz', 0.14667359), ('T3', 0.13422969), ('P4', 0.11981908), ('Pz', 0.11417092), ('T6', 0.11406182), ('T5', 0.11232555)]
[2026-05-31 10:04:37]     spatial_update=delta_l2=1.07597939 max_abs=0.29812248 relative=0.90154850 changed=True

[2026-05-31 10:04:38] Fold 3/5 | subject=30
[2026-05-31 10:04:38]     Train: 32 | counts=[16, 16]
[2026-05-31 10:04:38]     Test:  8 | counts=[4, 4]
[2026-05-31 10:04:38]     Model: SignalJEPA_PreLocal | Pretrained: from_pretrained | Strategy: new
[2026-05-31 10:04:38]     Normalization: none | fit_scope=none
[2026-05-31 10:04:38]     Phase 1 (new): 2,170/16,010 params
[2026-05-31 10:04:49]     Result | best_epoch=573 | stop=623 | final_phase_epochs=623 | acc=0.6250 | bal_acc=0.6250 | pred_hist=[5, 3] | collapse=False
[2026-05-31 10:04:49]     spatial_conv=[4, 29] top_abs_channels=[('FCz', 0.17392804), ('P4', 0.14544924), ('Cz', 0.13384214), ('Pz', 0.1325625), ('C3', 0.12983951), ('CP4', 0.11954593), ('C4', 0.11786121), ('T6', 0.10979196)]
[2026-05-31 10:04:49]     spatial_update=delta_l2=1.21896046 max_abs=0.35299897 relative=1.02135040 changed=True

[2026-05-31 10:04:49] Fold 4/5 | subject=30
[2026-05-31 10:04:49]     Train: 32 | counts=[16, 16]
[2026-05-31 10:04:49]     Test:  8 | counts=[4, 4]
[2026-05-31 10:04:49]     Model: SignalJEPA_PreLocal | Pretrained: from_pretrained | Strategy: new
[2026-05-31 10:04:49]     Normalization: none | fit_scope=none
[2026-05-31 10:04:49]     Phase 1 (new): 2,170/16,010 params
[2026-05-31 10:04:51]     Result | best_epoch=53 | stop=102 | final_phase_epochs=102 | acc=0.3750 | bal_acc=0.3750 | pred_hist=[5, 3] | collapse=False
[2026-05-31 10:04:51]     spatial_conv=[4, 29] top_abs_channels=[('O2', 0.15862542), ('CP3', 0.13008861), ('T4', 0.12690775), ('T3', 0.1234836), ('P4', 0.1169181), ('O1', 0.11598592), ('C4', 0.11330237), ('FCz', 0.10812026)]
[2026-05-31 10:04:51]     spatial_update=delta_l2=0.36795565 max_abs=0.09710452 relative=0.30830504 changed=True

[2026-05-31 10:04:51] Fold 5/5 | subject=30
[2026-05-31 10:04:51]     Train: 32 | counts=[16, 16]
[2026-05-31 10:04:51]     Test:  8 | counts=[4, 4]
[2026-05-31 10:04:51]     Model: SignalJEPA_PreLocal | Pretrained: from_pretrained | Strategy: new
[2026-05-31 10:04:51]     Normalization: none | fit_scope=none
[2026-05-31 10:04:51]     Phase 1 (new): 2,170/16,010 params
[2026-05-31 10:04:56]     Result | best_epoch=191 | stop=241 | final_phase_epochs=241 | acc=0.5000 | bal_acc=0.5000 | pred_hist=[4, 4] | collapse=False
[2026-05-31 10:04:56]     spatial_conv=[4, 29] top_abs_channels=[('C4', 0.16677481), ('CP4', 0.1640652), ('FCz', 0.12569995), ('O2', 0.12241883), ('T6', 0.12128854), ('CP3', 0.1178925), ('T4', 0.11265793), ('T3', 0.1119794)]
[2026-05-31 10:04:56]     spatial_update=delta_l2=0.80684312 max_abs=0.16833141 relative=0.67604288 changed=True
[2026-05-31 10:04:56]   Subject 30: acc=0.5000±0.0791  bal_acc=0.5000±0.0791
[2026-05-31 10:04:56] \nSubject 31: 40 windows | class_counts=[20, 20]

[2026-05-31 10:04:56] Fold 1/5 | subject=31
[2026-05-31 10:04:56]     Train: 32 | counts=[16, 16]
[2026-05-31 10:04:56]     Test:  8 | counts=[4, 4]
[2026-05-31 10:04:56]     Model: SignalJEPA_PreLocal | Pretrained: from_pretrained | Strategy: new
[2026-05-31 10:04:56]     Normalization: none | fit_scope=none
[2026-05-31 10:04:56]     Phase 1 (new): 2,170/16,010 params
[2026-05-31 10:04:57]     Result | best_epoch=4 | stop=52 | final_phase_epochs=52 | acc=0.5000 | bal_acc=0.5000 | pred_hist=[0, 8] | collapse=True
[2026-05-31 10:04:57]     spatial_conv=[4, 29] top_abs_channels=[('Pz', 0.15455373), ('O2', 0.14307305), ('T3', 0.12752528), ('T4', 0.12168387), ('O1', 0.12113744), ('CP3', 0.12091251), ('C3', 0.11579183), ('CP4', 0.11168604)]
[2026-05-31 10:04:57]     spatial_update=delta_l2=0.01489402 max_abs=0.00298197 relative=0.01247950 changed=True

[2026-05-31 10:04:58] Fold 2/5 | subject=31
[2026-05-31 10:04:58]     Train: 32 | counts=[16, 16]
[2026-05-31 10:04:58]     Test:  8 | counts=[4, 4]
[2026-05-31 10:04:58]     Model: SignalJEPA_PreLocal | Pretrained: from_pretrained | Strategy: new
[2026-05-31 10:04:58]     Normalization: none | fit_scope=none
[2026-05-31 10:04:58]     Phase 1 (new): 2,170/16,010 params
[2026-05-31 10:04:59]     Result | best_epoch=46 | stop=83 | final_phase_epochs=83 | acc=0.7500 | bal_acc=0.7500 | pred_hist=[2, 6] | collapse=False
[2026-05-31 10:04:59]     spatial_conv=[4, 29] top_abs_channels=[('Pz', 0.16490015), ('O2', 0.15229249), ('T4', 0.12995934), ('T3', 0.12139078), ('C3', 0.11682212), ('CP4', 0.11475153), ('F4', 0.11324051), ('CP3', 0.10983784)]
[2026-05-31 10:04:59]     spatial_update=delta_l2=0.21546619 max_abs=0.04607462 relative=0.18053619 changed=True

[2026-05-31 10:05:00] Fold 3/5 | subject=31
[2026-05-31 10:05:00]     Train: 32 | counts=[16, 16]
[2026-05-31 10:05:00]     Test:  8 | counts=[4, 4]
[2026-05-31 10:05:00]     Model: SignalJEPA_PreLocal | Pretrained: from_pretrained | Strategy: new
[2026-05-31 10:05:00]     Normalization: none | fit_scope=none
[2026-05-31 10:05:00]     Phase 1 (new): 2,170/16,010 params
[2026-05-31 10:05:06]     Result | best_epoch=322 | stop=372 | final_phase_epochs=372 | acc=0.5000 | bal_acc=0.5000 | pred_hist=[4, 4] | collapse=False
[2026-05-31 10:05:06]     spatial_conv=[4, 29] top_abs_channels=[('F8', 0.17626402), ('T4', 0.1596792), ('T6', 0.15045509), ('CP4', 0.15022026), ('Pz', 0.1483009), ('FT7', 0.14276187), ('T3', 0.12609315), ('CP3', 0.12297621)]
[2026-05-31 10:05:06]     spatial_update=delta_l2=0.85103705 max_abs=0.26897720 relative=0.71307237 changed=True

[2026-05-31 10:05:06] Fold 4/5 | subject=31
[2026-05-31 10:05:06]     Train: 32 | counts=[16, 16]
[2026-05-31 10:05:06]     Test:  8 | counts=[4, 4]
[2026-05-31 10:05:06]     Model: SignalJEPA_PreLocal | Pretrained: from_pretrained | Strategy: new
[2026-05-31 10:05:06]     Normalization: none | fit_scope=none
[2026-05-31 10:05:06]     Phase 1 (new): 2,170/16,010 params
[2026-05-31 10:05:10]     Result | best_epoch=166 | stop=215 | final_phase_epochs=215 | acc=0.7500 | bal_acc=0.7500 | pred_hist=[4, 4] | collapse=False
[2026-05-31 10:05:10]     spatial_conv=[4, 29] top_abs_channels=[('O2', 0.17853208), ('T6', 0.13350549), ('C3', 0.13168031), ('CP4', 0.12579975), ('FT7', 0.12130636), ('TP7', 0.12124128), ('Fp1', 0.1203205), ('P3', 0.10373609)]
[2026-05-31 10:05:10]     spatial_update=delta_l2=0.62601077 max_abs=0.17971901 relative=0.52452592 changed=True

[2026-05-31 10:05:11] Fold 5/5 | subject=31
[2026-05-31 10:05:11]     Train: 32 | counts=[16, 16]
[2026-05-31 10:05:11]     Test:  8 | counts=[4, 4]
[2026-05-31 10:05:11]     Model: SignalJEPA_PreLocal | Pretrained: from_pretrained | Strategy: new
[2026-05-31 10:05:11]     Normalization: none | fit_scope=none
[2026-05-31 10:05:11]     Phase 1 (new): 2,170/16,010 params
[2026-05-31 10:05:12]     Result | best_epoch=10 | stop=60 | final_phase_epochs=60 | acc=0.6250 | bal_acc=0.6250 | pred_hist=[1, 7] | collapse=False
[2026-05-31 10:05:12]     spatial_conv=[4, 29] top_abs_channels=[('Pz', 0.1564416), ('O2', 0.14209512), ('T3', 0.12474693), ('O1', 0.12044059), ('CP3', 0.11842586), ('C3', 0.11567188), ('T4', 0.11553993), ('CP4', 0.10929965)]
[2026-05-31 10:05:12]     spatial_update=delta_l2=0.06179618 max_abs=0.01395839 relative=0.05177818 changed=True
[2026-05-31 10:05:12]   Subject 31: acc=0.6250±0.1118  bal_acc=0.6250±0.1118
[2026-05-31 10:05:12] \nSubject 32: 40 windows | class_counts=[20, 20]

[2026-05-31 10:05:12] Fold 1/5 | subject=32
[2026-05-31 10:05:12]     Train: 32 | counts=[16, 16]
[2026-05-31 10:05:12]     Test:  8 | counts=[4, 4]
[2026-05-31 10:05:12]     Model: SignalJEPA_PreLocal | Pretrained: from_pretrained | Strategy: new
[2026-05-31 10:05:12]     Normalization: none | fit_scope=none
[2026-05-31 10:05:12]     Phase 1 (new): 2,170/16,010 params
[2026-05-31 10:05:46]     Result | best_epoch=1891 | stop=1941 | final_phase_epochs=1941 | acc=0.5000 | bal_acc=0.5000 | pred_hist=[4, 4] | collapse=False
[2026-05-31 10:05:46]     spatial_conv=[4, 29] top_abs_channels=[('CP4', 0.22442691), ('Pz', 0.17298868), ('P3', 0.16017556), ('CP3', 0.15346323), ('C4', 0.15071552), ('Cz', 0.12903744), ('Oz', 0.11516635), ('T5', 0.11258768)]
[2026-05-31 10:05:46]     spatial_update=delta_l2=1.25212204 max_abs=0.40268378 relative=1.04913604 changed=True

[2026-05-31 10:05:46] Fold 2/5 | subject=32
[2026-05-31 10:05:46]     Train: 32 | counts=[16, 16]
[2026-05-31 10:05:46]     Test:  8 | counts=[4, 4]
[2026-05-31 10:05:46]     Model: SignalJEPA_PreLocal | Pretrained: from_pretrained | Strategy: new
[2026-05-31 10:05:46]     Normalization: none | fit_scope=none
[2026-05-31 10:05:46]     Phase 1 (new): 2,170/16,010 params
[2026-05-31 10:05:48]     Result | best_epoch=69 | stop=119 | final_phase_epochs=119 | acc=0.3750 | bal_acc=0.3750 | pred_hist=[5, 3] | collapse=False
[2026-05-31 10:05:48]     spatial_conv=[4, 29] top_abs_channels=[('Pz', 0.20265649), ('O2', 0.14707156), ('CP3', 0.12124744), ('C4', 0.12069906), ('FCz', 0.11701027), ('O1', 0.11252059), ('FT7', 0.1067558), ('T4', 0.10657196)]
[2026-05-31 10:05:48]     spatial_update=delta_l2=0.43137126 max_abs=0.09769318 relative=0.36144011 changed=True

[2026-05-31 10:05:49] Fold 3/5 | subject=32
[2026-05-31 10:05:49]     Train: 32 | counts=[16, 16]
[2026-05-31 10:05:49]     Test:  8 | counts=[4, 4]
[2026-05-31 10:05:49]     Model: SignalJEPA_PreLocal | Pretrained: from_pretrained | Strategy: new
[2026-05-31 10:05:49]     Normalization: none | fit_scope=none
[2026-05-31 10:05:49]     Phase 1 (new): 2,170/16,010 params
[2026-05-31 10:05:50]     Result | best_epoch=1 | stop=51 | final_phase_epochs=51 | acc=0.5000 | bal_acc=0.5000 | pred_hist=[0, 8] | collapse=True
[2026-05-31 10:05:50]     spatial_conv=[4, 29] top_abs_channels=[('Pz', 0.15305379), ('O2', 0.14444795), ('T3', 0.12617633), ('O1', 0.12302846), ('T4', 0.12249838), ('CP3', 0.12073952), ('C3', 0.11537606), ('CP4', 0.11138438)]
[2026-05-31 10:05:50]     spatial_update=delta_l2=0.01036016 max_abs=0.00178407 relative=0.00868064 changed=True

[2026-05-31 10:05:50] Fold 4/5 | subject=32
[2026-05-31 10:05:50]     Train: 32 | counts=[16, 16]
[2026-05-31 10:05:50]     Test:  8 | counts=[4, 4]
[2026-05-31 10:05:50]     Model: SignalJEPA_PreLocal | Pretrained: from_pretrained | Strategy: new
[2026-05-31 10:05:50]     Normalization: none | fit_scope=none
[2026-05-31 10:05:50]     Phase 1 (new): 2,170/16,010 params
[2026-05-31 10:05:51]     Result | best_epoch=1 | stop=51 | final_phase_epochs=51 | acc=0.5000 | bal_acc=0.5000 | pred_hist=[0, 8] | collapse=True
[2026-05-31 10:05:51]     spatial_conv=[4, 29] top_abs_channels=[('Pz', 0.15311769), ('O2', 0.1443484), ('T3', 0.12616241), ('O1', 0.12269545), ('T4', 0.12257481), ('CP3', 0.12074605), ('C3', 0.11461467), ('CP4', 0.11107982)]
[2026-05-31 10:05:51]     spatial_update=delta_l2=0.01008934 max_abs=0.00170050 relative=0.00845372 changed=True

[2026-05-31 10:05:52] Fold 5/5 | subject=32
[2026-05-31 10:05:52]     Train: 32 | counts=[16, 16]
[2026-05-31 10:05:52]     Test:  8 | counts=[4, 4]
[2026-05-31 10:05:52]     Model: SignalJEPA_PreLocal | Pretrained: from_pretrained | Strategy: new
[2026-05-31 10:05:52]     Normalization: none | fit_scope=none
[2026-05-31 10:05:52]     Phase 1 (new): 2,170/16,010 params
[2026-05-31 10:06:02]     Result | best_epoch=567 | stop=617 | final_phase_epochs=617 | acc=0.3750 | bal_acc=0.3750 | pred_hist=[5, 3] | collapse=False
[2026-05-31 10:06:02]     spatial_conv=[4, 29] top_abs_channels=[('C4', 0.21029165), ('Cz', 0.20969509), ('Pz', 0.19204216), ('CP4', 0.18773422), ('TP7', 0.16164461), ('CP3', 0.14985776), ('T3', 0.12679751), ('P3', 0.12640762)]
[2026-05-31 10:06:02]     spatial_update=delta_l2=1.22917401 max_abs=0.46357957 relative=1.02990819 changed=True
[2026-05-31 10:06:02]   Subject 32: acc=0.4500±0.0612  bal_acc=0.4500±0.0612
[2026-05-31 10:06:02] \nSubject 33: 40 windows | class_counts=[20, 20]

[2026-05-31 10:06:03] Fold 1/5 | subject=33
[2026-05-31 10:06:03]     Train: 32 | counts=[16, 16]
[2026-05-31 10:06:03]     Test:  8 | counts=[4, 4]
[2026-05-31 10:06:03]     Model: SignalJEPA_PreLocal | Pretrained: from_pretrained | Strategy: new
[2026-05-31 10:06:03]     Normalization: none | fit_scope=none
[2026-05-31 10:06:03]     Phase 1 (new): 2,170/16,010 params
[2026-05-31 10:06:04]     Result | best_epoch=1 | stop=51 | final_phase_epochs=51 | acc=0.5000 | bal_acc=0.5000 | pred_hist=[0, 8] | collapse=True
[2026-05-31 10:06:04]     spatial_conv=[4, 29] top_abs_channels=[('Pz', 0.15284373), ('O2', 0.1437186), ('T3', 0.12652016), ('T4', 0.12222621), ('O1', 0.12213585), ('CP3', 0.12142172), ('C3', 0.11471391), ('CP4', 0.11006754)]
[2026-05-31 10:06:04]     spatial_update=delta_l2=0.00977875 max_abs=0.00160000 relative=0.00819348 changed=True

[2026-05-31 10:06:04] Fold 2/5 | subject=33
[2026-05-31 10:06:04]     Train: 32 | counts=[16, 16]
[2026-05-31 10:06:04]     Test:  8 | counts=[4, 4]
[2026-05-31 10:06:04]     Model: SignalJEPA_PreLocal | Pretrained: from_pretrained | Strategy: new
[2026-05-31 10:06:04]     Normalization: none | fit_scope=none
[2026-05-31 10:06:04]     Phase 1 (new): 2,170/16,010 params
[2026-05-31 10:06:05]     Result | best_epoch=1 | stop=51 | final_phase_epochs=51 | acc=0.5000 | bal_acc=0.5000 | pred_hist=[0, 8] | collapse=True
[2026-05-31 10:06:05]     spatial_conv=[4, 29] top_abs_channels=[('Pz', 0.15241456), ('O2', 0.14461353), ('T3', 0.12692611), ('T4', 0.12258734), ('O1', 0.12198807), ('CP3', 0.12139335), ('C3', 0.11471517), ('CP4', 0.11071425)]
[2026-05-31 10:06:05]     spatial_update=delta_l2=0.01020630 max_abs=0.00162743 relative=0.00855172 changed=True

[2026-05-31 10:06:06] Fold 3/5 | subject=33
[2026-05-31 10:06:06]     Train: 32 | counts=[16, 16]
[2026-05-31 10:06:06]     Test:  8 | counts=[4, 4]
[2026-05-31 10:06:06]     Model: SignalJEPA_PreLocal | Pretrained: from_pretrained | Strategy: new
[2026-05-31 10:06:06]     Normalization: none | fit_scope=none
[2026-05-31 10:06:06]     Phase 1 (new): 2,170/16,010 params
[2026-05-31 10:06:07]     Result | best_epoch=18 | stop=68 | final_phase_epochs=68 | acc=0.2500 | bal_acc=0.2500 | pred_hist=[4, 4] | collapse=False
[2026-05-31 10:06:07]     spatial_conv=[4, 29] top_abs_channels=[('Pz', 0.15137133), ('O2', 0.13750666), ('CP3', 0.12913941), ('T4', 0.12899381), ('T3', 0.11789571), ('P4', 0.11743101), ('O1', 0.11570987), ('C3', 0.11228609)]
[2026-05-31 10:06:07]     spatial_update=delta_l2=0.11976061 max_abs=0.02300041 relative=0.10034578 changed=True

[2026-05-31 10:06:08] Fold 4/5 | subject=33
[2026-05-31 10:06:08]     Train: 32 | counts=[16, 16]
[2026-05-31 10:06:08]     Test:  8 | counts=[4, 4]
[2026-05-31 10:06:08]     Model: SignalJEPA_PreLocal | Pretrained: from_pretrained | Strategy: new
[2026-05-31 10:06:08]     Normalization: none | fit_scope=none
[2026-05-31 10:06:08]     Phase 1 (new): 2,170/16,010 params
[2026-05-31 10:06:09]     Result | best_epoch=1 | stop=51 | final_phase_epochs=51 | acc=0.5000 | bal_acc=0.5000 | pred_hist=[0, 8] | collapse=True
[2026-05-31 10:06:09]     spatial_conv=[4, 29] top_abs_channels=[('Pz', 0.1525071), ('O2', 0.14427516), ('T3', 0.12716036), ('O1', 0.12197129), ('T4', 0.12197087), ('CP3', 0.12151274), ('C3', 0.11482494), ('CP4', 0.11067605)]
[2026-05-31 10:06:09]     spatial_update=delta_l2=0.00805781 max_abs=0.00148813 relative=0.00675153 changed=True

[2026-05-31 10:06:09] Fold 5/5 | subject=33
[2026-05-31 10:06:09]     Train: 32 | counts=[16, 16]
[2026-05-31 10:06:09]     Test:  8 | counts=[4, 4]
[2026-05-31 10:06:09]     Model: SignalJEPA_PreLocal | Pretrained: from_pretrained | Strategy: new
[2026-05-31 10:06:09]     Normalization: none | fit_scope=none
[2026-05-31 10:06:09]     Phase 1 (new): 2,170/16,010 params
[2026-05-31 10:06:10]     Result | best_epoch=1 | stop=51 | final_phase_epochs=51 | acc=0.5000 | bal_acc=0.5000 | pred_hist=[0, 8] | collapse=True
[2026-05-31 10:06:10]     spatial_conv=[4, 29] top_abs_channels=[('Pz', 0.1535231), ('O2', 0.14471483), ('T3', 0.12650308), ('T4', 0.12195049), ('O1', 0.121416), ('CP3', 0.12099493), ('C3', 0.11521454), ('CP4', 0.11050448)]
[2026-05-31 10:06:10]     spatial_update=delta_l2=0.00971051 max_abs=0.00163304 relative=0.00813630 changed=True
[2026-05-31 10:06:10]   Subject 33: acc=0.4500±0.1000  bal_acc=0.4500±0.1000
[2026-05-31 10:06:10] \nSubject 34: 40 windows | class_counts=[20, 20]

[2026-05-31 10:06:11] Fold 1/5 | subject=34
[2026-05-31 10:06:11]     Train: 32 | counts=[16, 16]
[2026-05-31 10:06:11]     Test:  8 | counts=[4, 4]
[2026-05-31 10:06:11]     Model: SignalJEPA_PreLocal | Pretrained: from_pretrained | Strategy: new
[2026-05-31 10:06:11]     Normalization: none | fit_scope=none
[2026-05-31 10:06:11]     Phase 1 (new): 2,170/16,010 params
[2026-05-31 10:06:14]     Result | best_epoch=118 | stop=168 | final_phase_epochs=168 | acc=1.0000 | bal_acc=1.0000 | pred_hist=[4, 4] | collapse=False
[2026-05-31 10:06:14]     spatial_conv=[4, 29] top_abs_channels=[('O2', 0.14402042), ('T4', 0.13829671), ('CP3', 0.12774661), ('Fp1', 0.12645558), ('O1', 0.12300233), ('T5', 0.11555249), ('TP8', 0.11443388), ('T3', 0.11286279)]
[2026-05-31 10:06:14]     spatial_update=delta_l2=0.61501167 max_abs=0.14407296 relative=0.51530992 changed=True

[2026-05-31 10:06:14] Fold 2/5 | subject=34
[2026-05-31 10:06:14]     Train: 32 | counts=[16, 16]
[2026-05-31 10:06:14]     Test:  8 | counts=[4, 4]
[2026-05-31 10:06:14]     Model: SignalJEPA_PreLocal | Pretrained: from_pretrained | Strategy: new
[2026-05-31 10:06:14]     Normalization: none | fit_scope=none
[2026-05-31 10:06:14]     Phase 1 (new): 2,170/16,010 params
[2026-05-31 10:06:19]     Result | best_epoch=234 | stop=284 | final_phase_epochs=284 | acc=0.8750 | bal_acc=0.8750 | pred_hist=[5, 3] | collapse=False
[2026-05-31 10:06:19]     spatial_conv=[4, 29] top_abs_channels=[('CP3', 0.1806255), ('T4', 0.16253921), ('O2', 0.1520775), ('Cz', 0.15161136), ('FCz', 0.14899391), ('TP8', 0.13135447), ('T5', 0.12991436), ('C3', 0.12361332)]
[2026-05-31 10:06:19]     spatial_update=delta_l2=0.92929118 max_abs=0.28197900 relative=0.77864044 changed=True

[2026-05-31 10:06:20] Fold 3/5 | subject=34
[2026-05-31 10:06:20]     Train: 32 | counts=[16, 16]
[2026-05-31 10:06:20]     Test:  8 | counts=[4, 4]
[2026-05-31 10:06:20]     Model: SignalJEPA_PreLocal | Pretrained: from_pretrained | Strategy: new
[2026-05-31 10:06:20]     Normalization: none | fit_scope=none
[2026-05-31 10:06:20]     Phase 1 (new): 2,170/16,010 params
[2026-05-31 10:06:27]     Result | best_epoch=381 | stop=431 | final_phase_epochs=431 | acc=0.7500 | bal_acc=0.7500 | pred_hist=[2, 6] | collapse=False
[2026-05-31 10:06:27]     spatial_conv=[4, 29] top_abs_channels=[('T6', 0.19977449), ('CP3', 0.1810092), ('T3', 0.16680445), ('P4', 0.16400829), ('O2', 0.15364045), ('FCz', 0.13418654), ('CP4', 0.13088411), ('FT7', 0.12623148)]
[2026-05-31 10:06:27]     spatial_update=delta_l2=1.15863541 max_abs=0.31181256 relative=0.97080486 changed=True

[2026-05-31 10:06:27] Fold 4/5 | subject=34
[2026-05-31 10:06:27]     Train: 32 | counts=[16, 16]
[2026-05-31 10:06:27]     Test:  8 | counts=[4, 4]
[2026-05-31 10:06:27]     Model: SignalJEPA_PreLocal | Pretrained: from_pretrained | Strategy: new
[2026-05-31 10:06:27]     Normalization: none | fit_scope=none
[2026-05-31 10:06:27]     Phase 1 (new): 2,170/16,010 params
[2026-05-31 10:06:44]     Result | best_epoch=881 | stop=931 | final_phase_epochs=931 | acc=0.7500 | bal_acc=0.7500 | pred_hist=[4, 4] | collapse=False
[2026-05-31 10:06:44]     spatial_conv=[4, 29] top_abs_channels=[('P4', 0.2073559), ('CP3', 0.20055489), ('T6', 0.17486376), ('TP8', 0.14823052), ('Fz', 0.1383805), ('CP4', 0.12434793), ('C3', 0.1200217), ('FT8', 0.11708314)]
[2026-05-31 10:06:44]     spatial_update=delta_l2=1.32248597 max_abs=0.40180084 relative=1.10809302 changed=True

[2026-05-31 10:06:45] Fold 5/5 | subject=34
[2026-05-31 10:06:45]     Train: 32 | counts=[16, 16]
[2026-05-31 10:06:45]     Test:  8 | counts=[4, 4]
[2026-05-31 10:06:45]     Model: SignalJEPA_PreLocal | Pretrained: from_pretrained | Strategy: new
[2026-05-31 10:06:45]     Normalization: none | fit_scope=none
[2026-05-31 10:06:45]     Phase 1 (new): 2,170/16,010 params
[2026-05-31 10:06:46]     Result | best_epoch=49 | stop=99 | final_phase_epochs=99 | acc=0.7500 | bal_acc=0.7500 | pred_hist=[2, 6] | collapse=False
[2026-05-31 10:06:46]     spatial_conv=[4, 29] top_abs_channels=[('O2', 0.15276171), ('FCz', 0.14996286), ('C3', 0.13819687), ('T3', 0.13386291), ('T4', 0.1295637), ('Cz', 0.12441786), ('O1', 0.11922218), ('CP3', 0.11655796)]
[2026-05-31 10:06:46]     spatial_update=delta_l2=0.37676274 max_abs=0.08989357 relative=0.31568438 changed=True
[2026-05-31 10:06:46]   Subject 34: acc=0.8250±0.1000  bal_acc=0.8250±0.1000
[2026-05-31 10:06:46] \nSubject 35: 40 windows | class_counts=[20, 20]

[2026-05-31 10:06:47] Fold 1/5 | subject=35
[2026-05-31 10:06:47]     Train: 32 | counts=[16, 16]
[2026-05-31 10:06:47]     Test:  8 | counts=[4, 4]
[2026-05-31 10:06:47]     Model: SignalJEPA_PreLocal | Pretrained: from_pretrained | Strategy: new
[2026-05-31 10:06:47]     Normalization: none | fit_scope=none
[2026-05-31 10:06:47]     Phase 1 (new): 2,170/16,010 params
[2026-05-31 10:06:48]     Result | best_epoch=1 | stop=51 | final_phase_epochs=51 | acc=0.5000 | bal_acc=0.5000 | pred_hist=[0, 8] | collapse=True
[2026-05-31 10:06:48]     spatial_conv=[4, 29] top_abs_channels=[('Pz', 0.15287855), ('O2', 0.14368927), ('T3', 0.12738037), ('O1', 0.12224597), ('T4', 0.12209487), ('CP3', 0.1203468), ('C3', 0.11500295), ('CP4', 0.11029922)]
[2026-05-31 10:06:48]     spatial_update=delta_l2=0.00967647 max_abs=0.00166541 relative=0.00810778 changed=True

[2026-05-31 10:06:48] Fold 2/5 | subject=35
[2026-05-31 10:06:48]     Train: 32 | counts=[16, 16]
[2026-05-31 10:06:48]     Test:  8 | counts=[4, 4]
[2026-05-31 10:06:48]     Model: SignalJEPA_PreLocal | Pretrained: from_pretrained | Strategy: new
[2026-05-31 10:06:48]     Normalization: none | fit_scope=none
[2026-05-31 10:06:48]     Phase 1 (new): 2,170/16,010 params
[2026-05-31 10:07:05]     Result | best_epoch=901 | stop=928 | final_phase_epochs=928 | acc=0.5000 | bal_acc=0.5000 | pred_hist=[2, 6] | collapse=False
[2026-05-31 10:07:05]     spatial_conv=[4, 29] top_abs_channels=[('Fz', 0.20681581), ('Oz', 0.18252546), ('CP4', 0.18140584), ('T4', 0.14716744), ('Pz', 0.12552518), ('C4', 0.12421998), ('CP3', 0.10300888), ('F3', 0.09893344)]
[2026-05-31 10:07:05]     spatial_update=delta_l2=1.24996779 max_abs=0.41569072 relative=1.04733102 changed=True

[2026-05-31 10:07:06] Fold 3/5 | subject=35
[2026-05-31 10:07:06]     Train: 32 | counts=[16, 16]
[2026-05-31 10:07:06]     Test:  8 | counts=[4, 4]
[2026-05-31 10:07:06]     Model: SignalJEPA_PreLocal | Pretrained: from_pretrained | Strategy: new
[2026-05-31 10:07:06]     Normalization: none | fit_scope=none
[2026-05-31 10:07:06]     Phase 1 (new): 2,170/16,010 params
[2026-05-31 10:07:11]     Result | best_epoch=260 | stop=310 | final_phase_epochs=310 | acc=0.5000 | bal_acc=0.5000 | pred_hist=[4, 4] | collapse=False
[2026-05-31 10:07:11]     spatial_conv=[4, 29] top_abs_channels=[('Oz', 0.18449664), ('T4', 0.15065826), ('CP4', 0.14951076), ('P3', 0.13140869), ('F3', 0.12651843), ('Fz', 0.12079345), ('FT7', 0.11332548), ('T3', 0.1085002)]
[2026-05-31 10:07:11]     spatial_update=delta_l2=0.90586344 max_abs=0.28249672 relative=0.75901067 changed=True

[2026-05-31 10:07:12] Fold 4/5 | subject=35
[2026-05-31 10:07:12]     Train: 32 | counts=[16, 16]
[2026-05-31 10:07:12]     Test:  8 | counts=[4, 4]
[2026-05-31 10:07:12]     Model: SignalJEPA_PreLocal | Pretrained: from_pretrained | Strategy: new
[2026-05-31 10:07:12]     Normalization: none | fit_scope=none
[2026-05-31 10:07:12]     Phase 1 (new): 2,170/16,010 params
[2026-05-31 10:07:13]     Result | best_epoch=1 | stop=51 | final_phase_epochs=51 | acc=0.5000 | bal_acc=0.5000 | pred_hist=[0, 8] | collapse=True
[2026-05-31 10:07:13]     spatial_conv=[4, 29] top_abs_channels=[('Pz', 0.1531996), ('O2', 0.14351571), ('T3', 0.12656221), ('O1', 0.1227968), ('T4', 0.12232927), ('CP3', 0.12085343), ('C3', 0.11533144), ('CP4', 0.11066232)]
[2026-05-31 10:07:13]     spatial_update=delta_l2=0.00817751 max_abs=0.00162700 relative=0.00685182 changed=True

[2026-05-31 10:07:13] Fold 5/5 | subject=35
[2026-05-31 10:07:13]     Train: 32 | counts=[16, 16]
[2026-05-31 10:07:13]     Test:  8 | counts=[4, 4]
[2026-05-31 10:07:13]     Model: SignalJEPA_PreLocal | Pretrained: from_pretrained | Strategy: new
[2026-05-31 10:07:13]     Normalization: none | fit_scope=none
[2026-05-31 10:07:13]     Phase 1 (new): 2,170/16,010 params
[2026-05-31 10:07:30]     Result | best_epoch=865 | stop=915 | final_phase_epochs=915 | acc=0.2500 | bal_acc=0.2500 | pred_hist=[4, 4] | collapse=False
[2026-05-31 10:07:30]     spatial_conv=[4, 29] top_abs_channels=[('Oz', 0.25175881), ('T4', 0.14166036), ('TP7', 0.13953687), ('CP4', 0.135537), ('C4', 0.12426403), ('CP3', 0.11993182), ('TP8', 0.10911055), ('T6', 0.1089037)]
[2026-05-31 10:07:30]     spatial_update=delta_l2=1.38974275 max_abs=0.34601946 relative=1.16444656 changed=True
[2026-05-31 10:07:30]   Subject 35: acc=0.4500±0.1000  bal_acc=0.4500±0.1000
[2026-05-31 10:07:30] \nSubject 36: 40 windows | class_counts=[20, 20]

[2026-05-31 10:07:31] Fold 1/5 | subject=36
[2026-05-31 10:07:31]     Train: 32 | counts=[16, 16]
[2026-05-31 10:07:31]     Test:  8 | counts=[4, 4]
[2026-05-31 10:07:31]     Model: SignalJEPA_PreLocal | Pretrained: from_pretrained | Strategy: new
[2026-05-31 10:07:31]     Normalization: none | fit_scope=none
[2026-05-31 10:07:31]     Phase 1 (new): 2,170/16,010 params
[2026-05-31 10:07:32]     Result | best_epoch=1 | stop=51 | final_phase_epochs=51 | acc=0.5000 | bal_acc=0.5000 | pred_hist=[0, 8] | collapse=True
[2026-05-31 10:07:32]     spatial_conv=[4, 29] top_abs_channels=[('Pz', 0.15315206), ('O2', 0.14382039), ('T3', 0.12685606), ('O1', 0.12240535), ('T4', 0.1223048), ('CP3', 0.12100266), ('C3', 0.11611329), ('Fp1', 0.11005177)]
[2026-05-31 10:07:32]     spatial_update=delta_l2=0.01035212 max_abs=0.00173692 relative=0.00867390 changed=True

[2026-05-31 10:07:32] Fold 2/5 | subject=36
[2026-05-31 10:07:32]     Train: 32 | counts=[16, 16]
[2026-05-31 10:07:32]     Test:  8 | counts=[4, 4]
[2026-05-31 10:07:32]     Model: SignalJEPA_PreLocal | Pretrained: from_pretrained | Strategy: new
[2026-05-31 10:07:32]     Normalization: none | fit_scope=none
[2026-05-31 10:07:32]     Phase 1 (new): 2,170/16,010 params
[2026-05-31 10:07:33]     Result | best_epoch=1 | stop=51 | final_phase_epochs=51 | acc=0.5000 | bal_acc=0.5000 | pred_hist=[0, 8] | collapse=True
[2026-05-31 10:07:33]     spatial_conv=[4, 29] top_abs_channels=[('Pz', 0.15280536), ('O2', 0.14362851), ('T3', 0.12660143), ('O1', 0.12262937), ('T4', 0.12211716), ('CP3', 0.12099414), ('C3', 0.11563084), ('CP4', 0.11010439)]
[2026-05-31 10:07:33]     spatial_update=delta_l2=0.00910612 max_abs=0.00167876 relative=0.00762990 changed=True

[2026-05-31 10:07:34] Fold 3/5 | subject=36
[2026-05-31 10:07:34]     Train: 32 | counts=[16, 16]
[2026-05-31 10:07:34]     Test:  8 | counts=[4, 4]
[2026-05-31 10:07:34]     Model: SignalJEPA_PreLocal | Pretrained: from_pretrained | Strategy: new
[2026-05-31 10:07:34]     Normalization: none | fit_scope=none
[2026-05-31 10:07:34]     Phase 1 (new): 2,170/16,010 params
[2026-05-31 10:07:35]     Result | best_epoch=1 | stop=51 | final_phase_epochs=51 | acc=0.5000 | bal_acc=0.5000 | pred_hist=[0, 8] | collapse=True
[2026-05-31 10:07:35]     spatial_conv=[4, 29] top_abs_channels=[('Pz', 0.1529095), ('O2', 0.14382562), ('T3', 0.12690794), ('O1', 0.12210392), ('T4', 0.12207689), ('CP3', 0.12119119), ('C3', 0.1158223), ('CP4', 0.11009289)]
[2026-05-31 10:07:35]     spatial_update=delta_l2=0.00809112 max_abs=0.00158127 relative=0.00677944 changed=True

[2026-05-31 10:07:35] Fold 4/5 | subject=36
[2026-05-31 10:07:35]     Train: 32 | counts=[16, 16]
[2026-05-31 10:07:35]     Test:  8 | counts=[4, 4]
[2026-05-31 10:07:35]     Model: SignalJEPA_PreLocal | Pretrained: from_pretrained | Strategy: new
[2026-05-31 10:07:35]     Normalization: none | fit_scope=none
[2026-05-31 10:07:35]     Phase 1 (new): 2,170/16,010 params
[2026-05-31 10:07:36]     Result | best_epoch=1 | stop=51 | final_phase_epochs=51 | acc=0.5000 | bal_acc=0.5000 | pred_hist=[0, 8] | collapse=True
[2026-05-31 10:07:36]     spatial_conv=[4, 29] top_abs_channels=[('Pz', 0.15343502), ('O2', 0.14334182), ('T3', 0.12711), ('O1', 0.12250531), ('T4', 0.12247917), ('CP3', 0.12103822), ('C3', 0.11559281), ('CP4', 0.11034597)]
[2026-05-31 10:07:36]     spatial_update=delta_l2=0.01021155 max_abs=0.00167964 relative=0.00855612 changed=True

[2026-05-31 10:07:36] Fold 5/5 | subject=36
[2026-05-31 10:07:36]     Train: 32 | counts=[16, 16]
[2026-05-31 10:07:36]     Test:  8 | counts=[4, 4]
[2026-05-31 10:07:36]     Model: SignalJEPA_PreLocal | Pretrained: from_pretrained | Strategy: new
[2026-05-31 10:07:36]     Normalization: none | fit_scope=none
[2026-05-31 10:07:36]     Phase 1 (new): 2,170/16,010 params
[2026-05-31 10:07:37]     Result | best_epoch=1 | stop=51 | final_phase_epochs=51 | acc=0.5000 | bal_acc=0.5000 | pred_hist=[0, 8] | collapse=True
[2026-05-31 10:07:37]     spatial_conv=[4, 29] top_abs_channels=[('Pz', 0.15350802), ('O2', 0.14353555), ('T3', 0.12712592), ('O1', 0.12313685), ('T4', 0.12244552), ('CP3', 0.12117425), ('C3', 0.11579457), ('Fp1', 0.11059646)]
[2026-05-31 10:07:37]     spatial_update=delta_l2=0.01043456 max_abs=0.00166741 relative=0.00874298 changed=True
[2026-05-31 10:07:37]   Subject 36: acc=0.5000±0.0000  bal_acc=0.5000±0.0000
[2026-05-31 10:07:37] \nSubject 37: 40 windows | class_counts=[20, 20]

[2026-05-31 10:07:38] Fold 1/5 | subject=37
[2026-05-31 10:07:38]     Train: 32 | counts=[16, 16]
[2026-05-31 10:07:38]     Test:  8 | counts=[4, 4]
[2026-05-31 10:07:38]     Model: SignalJEPA_PreLocal | Pretrained: from_pretrained | Strategy: new
[2026-05-31 10:07:38]     Normalization: none | fit_scope=none
[2026-05-31 10:07:38]     Phase 1 (new): 2,170/16,010 params
[2026-05-31 10:07:40]     Result | best_epoch=70 | stop=120 | final_phase_epochs=120 | acc=0.3750 | bal_acc=0.3750 | pred_hist=[1, 7] | collapse=False
[2026-05-31 10:07:40]     spatial_conv=[4, 29] top_abs_channels=[('T3', 0.19906875), ('Pz', 0.14815198), ('O2', 0.1353116), ('CP4', 0.13505591), ('Fp1', 0.13229063), ('Fz', 0.12264068), ('CP3', 0.1124735), ('C3', 0.10851796)]
[2026-05-31 10:07:40]     spatial_update=delta_l2=0.49372083 max_abs=0.10340150 relative=0.41368198 changed=True

[2026-05-31 10:07:40] Fold 2/5 | subject=37
[2026-05-31 10:07:40]     Train: 32 | counts=[16, 16]
[2026-05-31 10:07:40]     Test:  8 | counts=[4, 4]
[2026-05-31 10:07:40]     Model: SignalJEPA_PreLocal | Pretrained: from_pretrained | Strategy: new
[2026-05-31 10:07:40]     Normalization: none | fit_scope=none
[2026-05-31 10:07:40]     Phase 1 (new): 2,170/16,010 params
[2026-05-31 10:07:47]     Result | best_epoch=336 | stop=386 | final_phase_epochs=386 | acc=0.5000 | bal_acc=0.5000 | pred_hist=[4, 4] | collapse=False
[2026-05-31 10:07:47]     spatial_conv=[4, 29] top_abs_channels=[('FCz', 0.18356915), ('F8', 0.16004618), ('O2', 0.15977278), ('F4', 0.15482859), ('CP4', 0.13264403), ('FC4', 0.13145724), ('Pz', 0.123952), ('O1', 0.12063465)]
[2026-05-31 10:07:47]     spatial_update=delta_l2=1.02185207 max_abs=0.28662626 relative=0.85619596 changed=True

[2026-05-31 10:07:48] Fold 3/5 | subject=37
[2026-05-31 10:07:48]     Train: 32 | counts=[16, 16]
[2026-05-31 10:07:48]     Test:  8 | counts=[4, 4]
[2026-05-31 10:07:48]     Model: SignalJEPA_PreLocal | Pretrained: from_pretrained | Strategy: new
[2026-05-31 10:07:48]     Normalization: none | fit_scope=none
[2026-05-31 10:07:48]     Phase 1 (new): 2,170/16,010 params
[2026-05-31 10:08:05]     Result | best_epoch=919 | stop=969 | final_phase_epochs=969 | acc=0.7500 | bal_acc=0.7500 | pred_hist=[4, 4] | collapse=False
[2026-05-31 10:08:05]     spatial_conv=[4, 29] top_abs_channels=[('O2', 0.19760796), ('T5', 0.19285128), ('Fz', 0.16531372), ('FCz', 0.15896255), ('TP7', 0.15821689), ('P3', 0.13440762), ('TP8', 0.13293616), ('CP4', 0.12628065)]
[2026-05-31 10:08:05]     spatial_update=delta_l2=1.30176060 max_abs=0.32547307 relative=1.09072751 changed=True

[2026-05-31 10:08:05] Fold 4/5 | subject=37
[2026-05-31 10:08:05]     Train: 32 | counts=[16, 16]
[2026-05-31 10:08:05]     Test:  8 | counts=[4, 4]
[2026-05-31 10:08:05]     Model: SignalJEPA_PreLocal | Pretrained: from_pretrained | Strategy: new
[2026-05-31 10:08:05]     Normalization: none | fit_scope=none
[2026-05-31 10:08:05]     Phase 1 (new): 2,170/16,010 params
[2026-05-31 10:08:15]     Result | best_epoch=537 | stop=587 | final_phase_epochs=587 | acc=0.6250 | bal_acc=0.6250 | pred_hist=[3, 5] | collapse=False
[2026-05-31 10:08:15]     spatial_conv=[4, 29] top_abs_channels=[('CP4', 0.25344139), ('F3', 0.16295651), ('O2', 0.15060638), ('Fp1', 0.13941959), ('C3', 0.13093323), ('Fz', 0.12492034), ('O1', 0.11871745), ('FCz', 0.11237824)]
[2026-05-31 10:08:15]     spatial_update=delta_l2=1.19969967 max_abs=0.33183995 relative=1.00521204 changed=True

[2026-05-31 10:08:16] Fold 5/5 | subject=37
[2026-05-31 10:08:16]     Train: 32 | counts=[16, 16]
[2026-05-31 10:08:16]     Test:  8 | counts=[4, 4]
[2026-05-31 10:08:16]     Model: SignalJEPA_PreLocal | Pretrained: from_pretrained | Strategy: new
[2026-05-31 10:08:16]     Normalization: none | fit_scope=none
[2026-05-31 10:08:16]     Phase 1 (new): 2,170/16,010 params
[2026-05-31 10:08:20]     Result | best_epoch=204 | stop=254 | final_phase_epochs=254 | acc=0.7500 | bal_acc=0.7500 | pred_hist=[2, 6] | collapse=False
[2026-05-31 10:08:20]     spatial_conv=[4, 29] top_abs_channels=[('O2', 0.16380629), ('Pz', 0.14676902), ('Fz', 0.14605618), ('F8', 0.14334595), ('FCz', 0.14086288), ('Cz', 0.12632197), ('T3', 0.12610388), ('CP4', 0.1255777)]
[2026-05-31 10:08:20]     spatial_update=delta_l2=0.78444494 max_abs=0.20983022 relative=0.65727576 changed=True
[2026-05-31 10:08:20]   Subject 37: acc=0.6000±0.1458  bal_acc=0.6000±0.1458
[2026-05-31 10:08:20] \nSubject 38: 40 windows | class_counts=[20, 20]

[2026-05-31 10:08:20] Fold 1/5 | subject=38
[2026-05-31 10:08:20]     Train: 32 | counts=[16, 16]
[2026-05-31 10:08:20]     Test:  8 | counts=[4, 4]
[2026-05-31 10:08:20]     Model: SignalJEPA_PreLocal | Pretrained: from_pretrained | Strategy: new
[2026-05-31 10:08:20]     Normalization: none | fit_scope=none
[2026-05-31 10:08:20]     Phase 1 (new): 2,170/16,010 params
[2026-05-31 10:08:23]     Result | best_epoch=92 | stop=142 | final_phase_epochs=142 | acc=0.5000 | bal_acc=0.5000 | pred_hist=[6, 2] | collapse=False
[2026-05-31 10:08:23]     spatial_conv=[4, 29] top_abs_channels=[('CP4', 0.13755646), ('FT8', 0.13122492), ('FCz', 0.1223198), ('P3', 0.12052391), ('FC4', 0.11745316), ('Pz', 0.11503887), ('Fz', 0.10998878), ('O1', 0.10998847)]
[2026-05-31 10:08:23]     spatial_update=delta_l2=0.65496149 max_abs=0.14314777 relative=0.54878333 changed=True

[2026-05-31 10:08:23] Fold 2/5 | subject=38
[2026-05-31 10:08:23]     Train: 32 | counts=[16, 16]
[2026-05-31 10:08:23]     Test:  8 | counts=[4, 4]
[2026-05-31 10:08:23]     Model: SignalJEPA_PreLocal | Pretrained: from_pretrained | Strategy: new
[2026-05-31 10:08:23]     Normalization: none | fit_scope=none
[2026-05-31 10:08:23]     Phase 1 (new): 2,170/16,010 params
[2026-05-31 10:08:29]     Result | best_epoch=275 | stop=325 | final_phase_epochs=325 | acc=0.6250 | bal_acc=0.6250 | pred_hist=[5, 3] | collapse=False
[2026-05-31 10:08:29]     spatial_conv=[4, 29] top_abs_channels=[('Pz', 0.14566812), ('P3', 0.13996938), ('FC4', 0.12946437), ('F3', 0.11472146), ('FT8', 0.11078562), ('T4', 0.11078484), ('Oz', 0.10818778), ('C4', 0.10739037)]
[2026-05-31 10:08:29]     spatial_update=delta_l2=0.89832974 max_abs=0.18249241 relative=0.75269828 changed=True

[2026-05-31 10:08:29] Fold 3/5 | subject=38
[2026-05-31 10:08:29]     Train: 32 | counts=[16, 16]
[2026-05-31 10:08:29]     Test:  8 | counts=[4, 4]
[2026-05-31 10:08:29]     Model: SignalJEPA_PreLocal | Pretrained: from_pretrained | Strategy: new
[2026-05-31 10:08:29]     Normalization: none | fit_scope=none
[2026-05-31 10:08:29]     Phase 1 (new): 2,170/16,010 params
[2026-05-31 10:08:35]     Result | best_epoch=288 | stop=338 | final_phase_epochs=338 | acc=0.8750 | bal_acc=0.8750 | pred_hist=[5, 3] | collapse=False
[2026-05-31 10:08:35]     spatial_conv=[4, 29] top_abs_channels=[('P4', 0.2050328), ('O1', 0.15923284), ('C4', 0.13873902), ('CP3', 0.13531613), ('Pz', 0.13492155), ('FCz', 0.12035577), ('FT8', 0.11994556), ('P3', 0.11489756)]
[2026-05-31 10:08:35]     spatial_update=delta_l2=0.97618680 max_abs=0.38565733 relative=0.81793365 changed=True

[2026-05-31 10:08:35] Fold 4/5 | subject=38
[2026-05-31 10:08:35]     Train: 32 | counts=[16, 16]
[2026-05-31 10:08:35]     Test:  8 | counts=[4, 4]
[2026-05-31 10:08:35]     Model: SignalJEPA_PreLocal | Pretrained: from_pretrained | Strategy: new
[2026-05-31 10:08:35]     Normalization: none | fit_scope=none
[2026-05-31 10:08:35]     Phase 1 (new): 2,170/16,010 params
[2026-05-31 10:08:37]     Result | best_epoch=50 | stop=100 | final_phase_epochs=100 | acc=1.0000 | bal_acc=1.0000 | pred_hist=[4, 4] | collapse=False
[2026-05-31 10:08:37]     spatial_conv=[4, 29] top_abs_channels=[('Pz', 0.15323144), ('P3', 0.13464347), ('Fp1', 0.12954605), ('O1', 0.12751189), ('CP4', 0.12568745), ('Fz', 0.12546763), ('T4', 0.11325193), ('O2', 0.11060017)]
[2026-05-31 10:08:37]     spatial_update=delta_l2=0.40282944 max_abs=0.08291632 relative=0.33752531 changed=True

[2026-05-31 10:08:38] Fold 5/5 | subject=38
[2026-05-31 10:08:38]     Train: 32 | counts=[16, 16]
[2026-05-31 10:08:38]     Test:  8 | counts=[4, 4]
[2026-05-31 10:08:38]     Model: SignalJEPA_PreLocal | Pretrained: from_pretrained | Strategy: new
[2026-05-31 10:08:38]     Normalization: none | fit_scope=none
[2026-05-31 10:08:38]     Phase 1 (new): 2,170/16,010 params
[2026-05-31 10:08:41]     Result | best_epoch=164 | stop=214 | final_phase_epochs=214 | acc=0.8750 | bal_acc=0.8750 | pred_hist=[3, 5] | collapse=False
[2026-05-31 10:08:41]     spatial_conv=[4, 29] top_abs_channels=[('P4', 0.18659812), ('O1', 0.1474454), ('FC4', 0.1292998), ('Pz', 0.1287957), ('P3', 0.12728935), ('Fz', 0.12569231), ('CP4', 0.12265505), ('TP8', 0.12235019)]
[2026-05-31 10:08:41]     spatial_update=delta_l2=0.83577669 max_abs=0.20963993 relative=0.70028593 changed=True
[2026-05-31 10:08:41]   Subject 38: acc=0.7750±0.1837  bal_acc=0.7750±0.1837
[2026-05-31 10:08:41] \nSubject 39: 40 windows | class_counts=[20, 20]

[2026-05-31 10:08:42] Fold 1/5 | subject=39
[2026-05-31 10:08:42]     Train: 32 | counts=[16, 16]
[2026-05-31 10:08:42]     Test:  8 | counts=[4, 4]
[2026-05-31 10:08:42]     Model: SignalJEPA_PreLocal | Pretrained: from_pretrained | Strategy: new
[2026-05-31 10:08:42]     Normalization: none | fit_scope=none
[2026-05-31 10:08:42]     Phase 1 (new): 2,170/16,010 params
[2026-05-31 10:08:47]     Result | best_epoch=252 | stop=302 | final_phase_epochs=302 | acc=0.3750 | bal_acc=0.3750 | pred_hist=[3, 5] | collapse=False
[2026-05-31 10:08:47]     spatial_conv=[4, 29] top_abs_channels=[('CP3', 0.14986435), ('P4', 0.13520434), ('T3', 0.12945449), ('T4', 0.12711278), ('FT8', 0.12447987), ('F8', 0.12326903), ('Fp1', 0.12298553), ('FT7', 0.12092543)]
[2026-05-31 10:08:47]     spatial_update=delta_l2=0.71908114 max_abs=0.19636758 relative=0.60250831 changed=True

[2026-05-31 10:08:47] Fold 2/5 | subject=39
[2026-05-31 10:08:47]     Train: 32 | counts=[16, 16]
[2026-05-31 10:08:47]     Test:  8 | counts=[4, 4]
[2026-05-31 10:08:47]     Model: SignalJEPA_PreLocal | Pretrained: from_pretrained | Strategy: new
[2026-05-31 10:08:47]     Normalization: none | fit_scope=none
[2026-05-31 10:08:47]     Phase 1 (new): 2,170/16,010 params
[2026-05-31 10:08:48]     Result | best_epoch=1 | stop=51 | final_phase_epochs=51 | acc=0.5000 | bal_acc=0.5000 | pred_hist=[0, 8] | collapse=True
[2026-05-31 10:08:48]     spatial_conv=[4, 29] top_abs_channels=[('Pz', 0.15322125), ('O2', 0.14378121), ('T3', 0.1268072), ('T4', 0.12267867), ('O1', 0.12152272), ('CP3', 0.12104936), ('C3', 0.11502852), ('CP4', 0.11102957)]
[2026-05-31 10:08:48]     spatial_update=delta_l2=0.00797321 max_abs=0.00156336 relative=0.00668065 changed=True

[2026-05-31 10:08:49] Fold 3/5 | subject=39
[2026-05-31 10:08:49]     Train: 32 | counts=[16, 16]
[2026-05-31 10:08:49]     Test:  8 | counts=[4, 4]
[2026-05-31 10:08:49]     Model: SignalJEPA_PreLocal | Pretrained: from_pretrained | Strategy: new
[2026-05-31 10:08:49]     Normalization: none | fit_scope=none
[2026-05-31 10:08:49]     Phase 1 (new): 2,170/16,010 params
[2026-05-31 10:08:50]     Result | best_epoch=1 | stop=51 | final_phase_epochs=51 | acc=0.5000 | bal_acc=0.5000 | pred_hist=[0, 8] | collapse=True
[2026-05-31 10:08:50]     spatial_conv=[4, 29] top_abs_channels=[('Pz', 0.15277387), ('O2', 0.14363846), ('T3', 0.1267413), ('T4', 0.1227674), ('O1', 0.12247206), ('CP3', 0.1216622), ('C3', 0.11498477), ('CP4', 0.11102566)]
[2026-05-31 10:08:50]     spatial_update=delta_l2=0.00936916 max_abs=0.00170177 relative=0.00785029 changed=True

[2026-05-31 10:08:50] Fold 4/5 | subject=39
[2026-05-31 10:08:50]     Train: 32 | counts=[16, 16]
[2026-05-31 10:08:50]     Test:  8 | counts=[4, 4]
[2026-05-31 10:08:50]     Model: SignalJEPA_PreLocal | Pretrained: from_pretrained | Strategy: new
[2026-05-31 10:08:50]     Normalization: none | fit_scope=none
[2026-05-31 10:08:50]     Phase 1 (new): 2,170/16,010 params
[2026-05-31 10:08:51]     Result | best_epoch=1 | stop=51 | final_phase_epochs=51 | acc=0.5000 | bal_acc=0.5000 | pred_hist=[0, 8] | collapse=True
[2026-05-31 10:08:51]     spatial_conv=[4, 29] top_abs_channels=[('Pz', 0.15253189), ('O2', 0.14348291), ('T3', 0.12651107), ('O1', 0.1226446), ('T4', 0.12223168), ('CP3', 0.12147088), ('C3', 0.11499232), ('CP4', 0.11051239)]
[2026-05-31 10:08:51]     spatial_update=delta_l2=0.00947914 max_abs=0.00172979 relative=0.00794244 changed=True

[2026-05-31 10:08:51] Fold 5/5 | subject=39
[2026-05-31 10:08:51]     Train: 32 | counts=[16, 16]
[2026-05-31 10:08:51]     Test:  8 | counts=[4, 4]
[2026-05-31 10:08:51]     Model: SignalJEPA_PreLocal | Pretrained: from_pretrained | Strategy: new
[2026-05-31 10:08:51]     Normalization: none | fit_scope=none
[2026-05-31 10:08:51]     Phase 1 (new): 2,170/16,010 params
[2026-05-31 10:08:52]     Result | best_epoch=1 | stop=51 | final_phase_epochs=51 | acc=0.5000 | bal_acc=0.5000 | pred_hist=[0, 8] | collapse=True
[2026-05-31 10:08:52]     spatial_conv=[4, 29] top_abs_channels=[('Pz', 0.15281522), ('O2', 0.14447346), ('T3', 0.12695161), ('O1', 0.12191337), ('T4', 0.12162557), ('CP3', 0.12123042), ('C3', 0.11453081), ('CP4', 0.11051523)]
[2026-05-31 10:08:52]     spatial_update=delta_l2=0.00799898 max_abs=0.00158415 relative=0.00670224 changed=True
[2026-05-31 10:08:52]   Subject 39: acc=0.4750±0.0500  bal_acc=0.4750±0.0500
[2026-05-31 10:08:52] \nSubject 40: 40 windows | class_counts=[20, 20]

[2026-05-31 10:08:53] Fold 1/5 | subject=40
[2026-05-31 10:08:53]     Train: 32 | counts=[16, 16]
[2026-05-31 10:08:53]     Test:  8 | counts=[4, 4]
[2026-05-31 10:08:53]     Model: SignalJEPA_PreLocal | Pretrained: from_pretrained | Strategy: new
[2026-05-31 10:08:53]     Normalization: none | fit_scope=none
[2026-05-31 10:08:53]     Phase 1 (new): 2,170/16,010 params
[2026-05-31 10:09:05]     Result | best_epoch=655 | stop=705 | final_phase_epochs=705 | acc=0.5000 | bal_acc=0.5000 | pred_hist=[4, 4] | collapse=False
[2026-05-31 10:09:05]     spatial_conv=[4, 29] top_abs_channels=[('CP3', 0.15704378), ('F3', 0.14980474), ('T3', 0.14364021), ('O2', 0.13836461), ('T6', 0.13108405), ('P3', 0.13069715), ('Oz', 0.12566802), ('CP4', 0.1255165)]
[2026-05-31 10:09:05]     spatial_update=delta_l2=1.04963178 max_abs=0.24722736 relative=0.87947220 changed=True

[2026-05-31 10:09:06] Fold 2/5 | subject=40
[2026-05-31 10:09:06]     Train: 32 | counts=[16, 16]
[2026-05-31 10:09:06]     Test:  8 | counts=[4, 4]
[2026-05-31 10:09:06]     Model: SignalJEPA_PreLocal | Pretrained: from_pretrained | Strategy: new
[2026-05-31 10:09:06]     Normalization: none | fit_scope=none
[2026-05-31 10:09:06]     Phase 1 (new): 2,170/16,010 params
[2026-05-31 10:09:30]     Result | best_epoch=1383 | stop=1433 | final_phase_epochs=1433 | acc=0.8750 | bal_acc=0.8750 | pred_hist=[5, 3] | collapse=False
[2026-05-31 10:09:30]     spatial_conv=[4, 29] top_abs_channels=[('CP3', 0.23107639), ('O1', 0.19075514), ('F3', 0.18353771), ('CP4', 0.16193047), ('T4', 0.15032627), ('TP8', 0.10047486), ('O2', 0.09771302), ('P3', 0.09725669)]
[2026-05-31 10:09:30]     spatial_update=delta_l2=1.19262325 max_abs=0.33225992 relative=0.99928281 changed=True

[2026-05-31 10:09:31] Fold 3/5 | subject=40
[2026-05-31 10:09:31]     Train: 32 | counts=[16, 16]
[2026-05-31 10:09:31]     Test:  8 | counts=[4, 4]
[2026-05-31 10:09:31]     Model: SignalJEPA_PreLocal | Pretrained: from_pretrained | Strategy: new
[2026-05-31 10:09:31]     Normalization: none | fit_scope=none
[2026-05-31 10:09:31]     Phase 1 (new): 2,170/16,010 params
[2026-05-31 10:09:35]     Result | best_epoch=168 | stop=218 | final_phase_epochs=218 | acc=0.7500 | bal_acc=0.7500 | pred_hist=[2, 6] | collapse=False
[2026-05-31 10:09:35]     spatial_conv=[4, 29] top_abs_channels=[('CP3', 0.16621689), ('P3', 0.16152675), ('F3', 0.15451126), ('Oz', 0.14093959), ('O1', 0.14000989), ('T4', 0.12272936), ('CP4', 0.12173986), ('T3', 0.11988166)]
[2026-05-31 10:09:35]     spatial_update=delta_l2=0.67692305 max_abs=0.15351795 relative=0.56718462 changed=True

[2026-05-31 10:09:35] Fold 4/5 | subject=40
[2026-05-31 10:09:35]     Train: 32 | counts=[16, 16]
[2026-05-31 10:09:35]     Test:  8 | counts=[4, 4]
[2026-05-31 10:09:35]     Model: SignalJEPA_PreLocal | Pretrained: from_pretrained | Strategy: new
[2026-05-31 10:09:35]     Normalization: none | fit_scope=none
[2026-05-31 10:09:35]     Phase 1 (new): 2,170/16,010 params
[2026-05-31 10:09:39]     Result | best_epoch=182 | stop=232 | final_phase_epochs=232 | acc=0.7500 | bal_acc=0.7500 | pred_hist=[4, 4] | collapse=False
[2026-05-31 10:09:39]     spatial_conv=[4, 29] top_abs_channels=[('P3', 0.17255814), ('O1', 0.16799419), ('O2', 0.15716238), ('CP3', 0.13655218), ('F3', 0.1355139), ('Fz', 0.11424391), ('Pz', 0.1094035), ('CP4', 0.1048316)]
[2026-05-31 10:09:39]     spatial_update=delta_l2=0.62932581 max_abs=0.14951654 relative=0.52730354 changed=True

[2026-05-31 10:09:40] Fold 5/5 | subject=40
[2026-05-31 10:09:40]     Train: 32 | counts=[16, 16]
[2026-05-31 10:09:40]     Test:  8 | counts=[4, 4]
[2026-05-31 10:09:40]     Model: SignalJEPA_PreLocal | Pretrained: from_pretrained | Strategy: new
[2026-05-31 10:09:40]     Normalization: none | fit_scope=none
[2026-05-31 10:09:40]     Phase 1 (new): 2,170/16,010 params
[2026-05-31 10:09:44]     Result | best_epoch=215 | stop=265 | final_phase_epochs=265 | acc=0.1250 | bal_acc=0.1250 | pred_hist=[3, 5] | collapse=False
[2026-05-31 10:09:44]     spatial_conv=[4, 29] top_abs_channels=[('CP3', 0.18638387), ('T3', 0.16739064), ('CP4', 0.15076749), ('O2', 0.14215425), ('T4', 0.1405443), ('O1', 0.13945112), ('F3', 0.13003132), ('P3', 0.12340848)]
[2026-05-31 10:09:44]     spatial_update=delta_l2=0.68000564 max_abs=0.20876384 relative=0.56976748 changed=True
[2026-05-31 10:09:44]   Subject 40: acc=0.6000±0.2669  bal_acc=0.6000±0.2669
[2026-05-31 10:09:44] \nSubject 41: 40 windows | class_counts=[20, 20]

[2026-05-31 10:09:45] Fold 1/5 | subject=41
[2026-05-31 10:09:45]     Train: 32 | counts=[16, 16]
[2026-05-31 10:09:45]     Test:  8 | counts=[4, 4]
[2026-05-31 10:09:45]     Model: SignalJEPA_PreLocal | Pretrained: from_pretrained | Strategy: new
[2026-05-31 10:09:45]     Normalization: none | fit_scope=none
[2026-05-31 10:09:45]     Phase 1 (new): 2,170/16,010 params
[2026-05-31 10:09:46]     Result | best_epoch=5 | stop=54 | final_phase_epochs=54 | acc=0.3750 | bal_acc=0.3750 | pred_hist=[1, 7] | collapse=False
[2026-05-31 10:09:46]     spatial_conv=[4, 29] top_abs_channels=[('Pz', 0.15001112), ('O2', 0.14771862), ('T3', 0.12437573), ('T4', 0.12243183), ('CP3', 0.12128831), ('O1', 0.11990207), ('C3', 0.11431239), ('CP4', 0.10967388)]
[2026-05-31 10:09:46]     spatial_update=delta_l2=0.03801353 max_abs=0.00637051 relative=0.03185102 changed=True

[2026-05-31 10:09:46] Fold 2/5 | subject=41
[2026-05-31 10:09:46]     Train: 32 | counts=[16, 16]
[2026-05-31 10:09:46]     Test:  8 | counts=[4, 4]
[2026-05-31 10:09:46]     Model: SignalJEPA_PreLocal | Pretrained: from_pretrained | Strategy: new
[2026-05-31 10:09:46]     Normalization: none | fit_scope=none
[2026-05-31 10:09:46]     Phase 1 (new): 2,170/16,010 params
[2026-05-31 10:09:48]     Result | best_epoch=80 | stop=129 | final_phase_epochs=129 | acc=0.7500 | bal_acc=0.7500 | pred_hist=[4, 4] | collapse=False
[2026-05-31 10:09:48]     spatial_conv=[4, 29] top_abs_channels=[('O2', 0.16424067), ('T3', 0.13970326), ('O1', 0.12964737), ('P3', 0.12930448), ('T4', 0.1286213), ('Pz', 0.1280684), ('CP3', 0.12383874), ('T5', 0.1219447)]
[2026-05-31 10:09:48]     spatial_update=delta_l2=0.35523550 max_abs=0.08117291 relative=0.29764700 changed=True

[2026-05-31 10:09:49] Fold 3/5 | subject=41
[2026-05-31 10:09:49]     Train: 32 | counts=[16, 16]
[2026-05-31 10:09:49]     Test:  8 | counts=[4, 4]
[2026-05-31 10:09:49]     Model: SignalJEPA_PreLocal | Pretrained: from_pretrained | Strategy: new
[2026-05-31 10:09:49]     Normalization: none | fit_scope=none
[2026-05-31 10:09:49]     Phase 1 (new): 2,170/16,010 params
[2026-05-31 10:09:50]     Result | best_epoch=1 | stop=51 | final_phase_epochs=51 | acc=0.5000 | bal_acc=0.5000 | pred_hist=[0, 8] | collapse=True
[2026-05-31 10:09:50]     spatial_conv=[4, 29] top_abs_channels=[('Pz', 0.15263173), ('O2', 0.14421967), ('T3', 0.12669756), ('T4', 0.12199137), ('O1', 0.12164016), ('CP3', 0.12115917), ('C3', 0.11514775), ('CP4', 0.1109283)]
[2026-05-31 10:09:50]     spatial_update=delta_l2=0.00952747 max_abs=0.00172390 relative=0.00798293 changed=True

[2026-05-31 10:09:50] Fold 4/5 | subject=41
[2026-05-31 10:09:50]     Train: 32 | counts=[16, 16]
[2026-05-31 10:09:50]     Test:  8 | counts=[4, 4]
[2026-05-31 10:09:50]     Model: SignalJEPA_PreLocal | Pretrained: from_pretrained | Strategy: new
[2026-05-31 10:09:50]     Normalization: none | fit_scope=none
[2026-05-31 10:09:50]     Phase 1 (new): 2,170/16,010 params
[2026-05-31 10:09:53]     Result | best_epoch=100 | stop=150 | final_phase_epochs=150 | acc=0.8750 | bal_acc=0.8750 | pred_hist=[5, 3] | collapse=False
[2026-05-31 10:09:53]     spatial_conv=[4, 29] top_abs_channels=[('Pz', 0.13985403), ('CP4', 0.13713665), ('CP3', 0.13261272), ('O1', 0.13238937), ('O2', 0.12944631), ('TP8', 0.12901779), ('F3', 0.11624254), ('T3', 0.11187077)]
[2026-05-31 10:09:53]     spatial_update=delta_l2=0.42920372 max_abs=0.11500160 relative=0.35962396 changed=True

[2026-05-31 10:09:53] Fold 5/5 | subject=41
[2026-05-31 10:09:53]     Train: 32 | counts=[16, 16]
[2026-05-31 10:09:53]     Test:  8 | counts=[4, 4]
[2026-05-31 10:09:53]     Model: SignalJEPA_PreLocal | Pretrained: from_pretrained | Strategy: new
[2026-05-31 10:09:53]     Normalization: none | fit_scope=none
[2026-05-31 10:09:53]     Phase 1 (new): 2,170/16,010 params
[2026-05-31 10:09:55]     Result | best_epoch=10 | stop=60 | final_phase_epochs=60 | acc=0.5000 | bal_acc=0.5000 | pred_hist=[2, 6] | collapse=False
[2026-05-31 10:09:55]     spatial_conv=[4, 29] top_abs_channels=[('Pz', 0.1531076), ('O2', 0.14591655), ('T3', 0.12197706), ('CP3', 0.12189262), ('O1', 0.12026561), ('T4', 0.11959651), ('C3', 0.11397983), ('CP4', 0.1131102)]
[2026-05-31 10:09:55]     spatial_update=delta_l2=0.06279665 max_abs=0.01266073 relative=0.05261646 changed=True
[2026-05-31 10:09:55]   Subject 41: acc=0.6000±0.1837  bal_acc=0.6000±0.1837
[2026-05-31 10:09:55] \nSubject 42: 40 windows | class_counts=[20, 20]

[2026-05-31 10:09:55] Fold 1/5 | subject=42
[2026-05-31 10:09:55]     Train: 32 | counts=[16, 16]
[2026-05-31 10:09:55]     Test:  8 | counts=[4, 4]
[2026-05-31 10:09:55]     Model: SignalJEPA_PreLocal | Pretrained: from_pretrained | Strategy: new
[2026-05-31 10:09:55]     Normalization: none | fit_scope=none
[2026-05-31 10:09:55]     Phase 1 (new): 2,170/16,010 params
[2026-05-31 10:09:56]     Result | best_epoch=2 | stop=51 | final_phase_epochs=51 | acc=0.5000 | bal_acc=0.5000 | pred_hist=[0, 8] | collapse=True
[2026-05-31 10:09:56]     spatial_conv=[4, 29] top_abs_channels=[('Pz', 0.15251464), ('O2', 0.14467892), ('T3', 0.125734), ('O1', 0.12184031), ('T4', 0.12158972), ('CP3', 0.12121127), ('C3', 0.11523767), ('CP4', 0.11159657)]
[2026-05-31 10:09:56]     spatial_update=delta_l2=0.00940563 max_abs=0.00177976 relative=0.00788085 changed=True

[2026-05-31 10:09:56] Fold 2/5 | subject=42
[2026-05-31 10:09:56]     Train: 32 | counts=[16, 16]
[2026-05-31 10:09:56]     Test:  8 | counts=[4, 4]
[2026-05-31 10:09:56]     Model: SignalJEPA_PreLocal | Pretrained: from_pretrained | Strategy: new
[2026-05-31 10:09:56]     Normalization: none | fit_scope=none
[2026-05-31 10:09:56]     Phase 1 (new): 2,170/16,010 params
[2026-05-31 10:10:10]     Result | best_epoch=741 | stop=791 | final_phase_epochs=791 | acc=0.7500 | bal_acc=0.7500 | pred_hist=[4, 4] | collapse=False
[2026-05-31 10:10:10]     spatial_conv=[4, 29] top_abs_channels=[('CP3', 0.19703104), ('FCz', 0.14404319), ('C3', 0.13617805), ('CP4', 0.12942588), ('T6', 0.1270256), ('FT8', 0.12303472), ('C4', 0.11936451), ('FC3', 0.11772564)]
[2026-05-31 10:10:10]     spatial_update=delta_l2=1.25941912 max_abs=0.31230520 relative=1.05525016 changed=True

[2026-05-31 10:10:11] Fold 3/5 | subject=42
[2026-05-31 10:10:11]     Train: 32 | counts=[16, 16]
[2026-05-31 10:10:11]     Test:  8 | counts=[4, 4]
[2026-05-31 10:10:11]     Model: SignalJEPA_PreLocal | Pretrained: from_pretrained | Strategy: new
[2026-05-31 10:10:11]     Normalization: none | fit_scope=none
[2026-05-31 10:10:11]     Phase 1 (new): 2,170/16,010 params
[2026-05-31 10:10:30]     Result | best_epoch=1065 | stop=1115 | final_phase_epochs=1115 | acc=0.8750 | bal_acc=0.8750 | pred_hist=[5, 3] | collapse=False
[2026-05-31 10:10:30]     spatial_conv=[4, 29] top_abs_channels=[('FC3', 0.22906467), ('CP3', 0.16811326), ('CP4', 0.15645856), ('Oz', 0.15614134), ('FT8', 0.14489429), ('C4', 0.12830825), ('P3', 0.12596905), ('Pz', 0.12084866)]
[2026-05-31 10:10:30]     spatial_update=delta_l2=1.37702650 max_abs=0.42201676 relative=1.15379178 changed=True

[2026-05-31 10:10:31] Fold 4/5 | subject=42
[2026-05-31 10:10:31]     Train: 32 | counts=[16, 16]
[2026-05-31 10:10:31]     Test:  8 | counts=[4, 4]
[2026-05-31 10:10:31]     Model: SignalJEPA_PreLocal | Pretrained: from_pretrained | Strategy: new
[2026-05-31 10:10:31]     Normalization: none | fit_scope=none
[2026-05-31 10:10:31]     Phase 1 (new): 2,170/16,010 params
[2026-05-31 10:10:32]     Result | best_epoch=1 | stop=51 | final_phase_epochs=51 | acc=0.3750 | bal_acc=0.3750 | pred_hist=[1, 7] | collapse=False
[2026-05-31 10:10:32]     spatial_conv=[4, 29] top_abs_channels=[('Pz', 0.15259832), ('O2', 0.1445588), ('T3', 0.12551993), ('O1', 0.12219451), ('T4', 0.12175721), ('CP3', 0.12114888), ('C3', 0.11550829), ('CP4', 0.1113857)]
[2026-05-31 10:10:32]     spatial_update=delta_l2=0.01038766 max_abs=0.00164964 relative=0.00870368 changed=True

[2026-05-31 10:10:32] Fold 5/5 | subject=42
[2026-05-31 10:10:32]     Train: 32 | counts=[16, 16]
[2026-05-31 10:10:32]     Test:  8 | counts=[4, 4]
[2026-05-31 10:10:32]     Model: SignalJEPA_PreLocal | Pretrained: from_pretrained | Strategy: new
[2026-05-31 10:10:32]     Normalization: none | fit_scope=none
[2026-05-31 10:10:32]     Phase 1 (new): 2,170/16,010 params
[2026-05-31 10:10:33]     Result | best_epoch=2 | stop=52 | final_phase_epochs=52 | acc=0.5000 | bal_acc=0.5000 | pred_hist=[0, 8] | collapse=True
[2026-05-31 10:10:33]     spatial_conv=[4, 29] top_abs_channels=[('Pz', 0.15262972), ('O2', 0.14453098), ('T3', 0.12613475), ('O1', 0.1230462), ('CP3', 0.12104012), ('T4', 0.12094717), ('C3', 0.11423533), ('CP4', 0.11163222)]
[2026-05-31 10:10:33]     spatial_update=delta_l2=0.01589313 max_abs=0.00320849 relative=0.01331664 changed=True
[2026-05-31 10:10:33]   Subject 42: acc=0.6000±0.1837  bal_acc=0.6000±0.1837
[2026-05-31 10:10:33] \nSubject 43: 40 windows | class_counts=[20, 20]

[2026-05-31 10:10:33] Fold 1/5 | subject=43
[2026-05-31 10:10:33]     Train: 32 | counts=[16, 16]
[2026-05-31 10:10:33]     Test:  8 | counts=[4, 4]
[2026-05-31 10:10:33]     Model: SignalJEPA_PreLocal | Pretrained: from_pretrained | Strategy: new
[2026-05-31 10:10:33]     Normalization: none | fit_scope=none
[2026-05-31 10:10:33]     Phase 1 (new): 2,170/16,010 params
[2026-05-31 10:10:34]     Result | best_epoch=1 | stop=51 | final_phase_epochs=51 | acc=0.5000 | bal_acc=0.5000 | pred_hist=[0, 8] | collapse=True
[2026-05-31 10:10:34]     spatial_conv=[4, 29] top_abs_channels=[('Pz', 0.15268208), ('O2', 0.1446169), ('T3', 0.12704785), ('T4', 0.12153845), ('O1', 0.12137479), ('CP3', 0.12067032), ('C3', 0.11602956), ('CP4', 0.1107569)]
[2026-05-31 10:10:34]     spatial_update=delta_l2=0.00817441 max_abs=0.00171483 relative=0.00684923 changed=True

[2026-05-31 10:10:35] Fold 2/5 | subject=43
[2026-05-31 10:10:35]     Train: 32 | counts=[16, 16]
[2026-05-31 10:10:35]     Test:  8 | counts=[4, 4]
[2026-05-31 10:10:35]     Model: SignalJEPA_PreLocal | Pretrained: from_pretrained | Strategy: new
[2026-05-31 10:10:35]     Normalization: none | fit_scope=none
[2026-05-31 10:10:35]     Phase 1 (new): 2,170/16,010 params
[2026-05-31 10:10:36]     Result | best_epoch=1 | stop=51 | final_phase_epochs=51 | acc=0.5000 | bal_acc=0.5000 | pred_hist=[0, 8] | collapse=True
[2026-05-31 10:10:36]     spatial_conv=[4, 29] top_abs_channels=[('Pz', 0.15259242), ('O2', 0.14466868), ('T3', 0.12738259), ('T4', 0.1225104), ('O1', 0.1222272), ('CP3', 0.12112977), ('C3', 0.11560448), ('Fp1', 0.10994209)]
[2026-05-31 10:10:36]     spatial_update=delta_l2=0.01117956 max_abs=0.00171057 relative=0.00936720 changed=True

[2026-05-31 10:10:36] Fold 3/5 | subject=43
[2026-05-31 10:10:36]     Train: 32 | counts=[16, 16]
[2026-05-31 10:10:36]     Test:  8 | counts=[4, 4]
[2026-05-31 10:10:36]     Model: SignalJEPA_PreLocal | Pretrained: from_pretrained | Strategy: new
[2026-05-31 10:10:36]     Normalization: none | fit_scope=none
[2026-05-31 10:10:36]     Phase 1 (new): 2,170/16,010 params
[2026-05-31 10:10:37]     Result | best_epoch=1 | stop=51 | final_phase_epochs=51 | acc=0.5000 | bal_acc=0.5000 | pred_hist=[0, 8] | collapse=True
[2026-05-31 10:10:37]     spatial_conv=[4, 29] top_abs_channels=[('Pz', 0.15242703), ('O2', 0.14490038), ('T3', 0.12678997), ('T4', 0.12227345), ('O1', 0.12176862), ('CP3', 0.12071977), ('C3', 0.11551186), ('CP4', 0.11056202)]
[2026-05-31 10:10:37]     spatial_update=delta_l2=0.00772861 max_abs=0.00157072 relative=0.00647570 changed=True

[2026-05-31 10:10:38] Fold 4/5 | subject=43
[2026-05-31 10:10:38]     Train: 32 | counts=[16, 16]
[2026-05-31 10:10:38]     Test:  8 | counts=[4, 4]
[2026-05-31 10:10:38]     Model: SignalJEPA_PreLocal | Pretrained: from_pretrained | Strategy: new
[2026-05-31 10:10:38]     Normalization: none | fit_scope=none
[2026-05-31 10:10:38]     Phase 1 (new): 2,170/16,010 params
[2026-05-31 10:10:39]     Result | best_epoch=1 | stop=51 | final_phase_epochs=51 | acc=0.5000 | bal_acc=0.5000 | pred_hist=[0, 8] | collapse=True
[2026-05-31 10:10:39]     spatial_conv=[4, 29] top_abs_channels=[('Pz', 0.15261221), ('O2', 0.14410262), ('T3', 0.12676798), ('O1', 0.12244105), ('T4', 0.12227742), ('CP3', 0.1200909), ('C3', 0.11595958), ('CP4', 0.11053161)]
[2026-05-31 10:10:39]     spatial_update=delta_l2=0.00893875 max_abs=0.00158443 relative=0.00748965 changed=True

[2026-05-31 10:10:39] Fold 5/5 | subject=43
[2026-05-31 10:10:39]     Train: 32 | counts=[16, 16]
[2026-05-31 10:10:39]     Test:  8 | counts=[4, 4]
[2026-05-31 10:10:39]     Model: SignalJEPA_PreLocal | Pretrained: from_pretrained | Strategy: new
[2026-05-31 10:10:39]     Normalization: none | fit_scope=none
[2026-05-31 10:10:39]     Phase 1 (new): 2,170/16,010 params
[2026-05-31 10:10:40]     Result | best_epoch=1 | stop=51 | final_phase_epochs=51 | acc=0.5000 | bal_acc=0.5000 | pred_hist=[0, 8] | collapse=True
[2026-05-31 10:10:40]     spatial_conv=[4, 29] top_abs_channels=[('Pz', 0.15316552), ('O2', 0.14395654), ('T3', 0.12737395), ('T4', 0.12226346), ('O1', 0.12191375), ('CP3', 0.12114134), ('C3', 0.11579189), ('CP4', 0.11092812)]
[2026-05-31 10:10:40]     spatial_update=delta_l2=0.00936051 max_abs=0.00173343 relative=0.00784304 changed=True
[2026-05-31 10:10:40]   Subject 43: acc=0.5000±0.0000  bal_acc=0.5000±0.0000
[2026-05-31 10:10:40] \nSubject 44: 40 windows | class_counts=[20, 20]

[2026-05-31 10:10:40] Fold 1/5 | subject=44
[2026-05-31 10:10:40]     Train: 32 | counts=[16, 16]
[2026-05-31 10:10:40]     Test:  8 | counts=[4, 4]
[2026-05-31 10:10:40]     Model: SignalJEPA_PreLocal | Pretrained: from_pretrained | Strategy: new
[2026-05-31 10:10:40]     Normalization: none | fit_scope=none
[2026-05-31 10:10:40]     Phase 1 (new): 2,170/16,010 params
[2026-05-31 10:10:54]     Result | best_epoch=705 | stop=755 | final_phase_epochs=755 | acc=0.3750 | bal_acc=0.3750 | pred_hist=[5, 3] | collapse=False
[2026-05-31 10:10:54]     spatial_conv=[4, 29] top_abs_channels=[('C4', 0.17192607), ('C3', 0.17070839), ('CP3', 0.16672298), ('FT7', 0.16111049), ('F7', 0.14170191), ('P3', 0.13795665), ('T3', 0.13762426), ('Fz', 0.13427547)]
[2026-05-31 10:10:54]     spatial_update=delta_l2=1.10114126 max_abs=0.38911472 relative=0.92263130 changed=True

[2026-05-31 10:10:54] Fold 2/5 | subject=44
[2026-05-31 10:10:54]     Train: 32 | counts=[16, 16]
[2026-05-31 10:10:54]     Test:  8 | counts=[4, 4]
[2026-05-31 10:10:54]     Model: SignalJEPA_PreLocal | Pretrained: from_pretrained | Strategy: new
[2026-05-31 10:10:54]     Normalization: none | fit_scope=none
[2026-05-31 10:10:54]     Phase 1 (new): 2,170/16,010 params
[2026-05-31 10:10:55]     Result | best_epoch=10 | stop=60 | final_phase_epochs=60 | acc=0.6250 | bal_acc=0.6250 | pred_hist=[1, 7] | collapse=False
[2026-05-31 10:10:55]     spatial_conv=[4, 29] top_abs_channels=[('Pz', 0.15068999), ('O2', 0.14500937), ('T3', 0.13216406), ('CP3', 0.12646791), ('C3', 0.12080224), ('T4', 0.12043384), ('O1', 0.11416095), ('CP4', 0.10833102)]
[2026-05-31 10:10:55]     spatial_update=delta_l2=0.07521094 max_abs=0.01406346 relative=0.06301823 changed=True

[2026-05-31 10:10:56] Fold 3/5 | subject=44
[2026-05-31 10:10:56]     Train: 32 | counts=[16, 16]
[2026-05-31 10:10:56]     Test:  8 | counts=[4, 4]
[2026-05-31 10:10:56]     Model: SignalJEPA_PreLocal | Pretrained: from_pretrained | Strategy: new
[2026-05-31 10:10:56]     Normalization: none | fit_scope=none
[2026-05-31 10:10:56]     Phase 1 (new): 2,170/16,010 params
[2026-05-31 10:10:58]     Result | best_epoch=70 | stop=120 | final_phase_epochs=120 | acc=0.7500 | bal_acc=0.7500 | pred_hist=[6, 2] | collapse=False
[2026-05-31 10:10:58]     spatial_conv=[4, 29] top_abs_channels=[('C3', 0.15308495), ('Pz', 0.14632884), ('T4', 0.13750367), ('O2', 0.135811), ('P3', 0.13518265), ('FT7', 0.12832333), ('F4', 0.12019157), ('CP3', 0.11371693)]
[2026-05-31 10:10:58]     spatial_update=delta_l2=0.36301638 max_abs=0.10168928 relative=0.30416649 changed=True

[2026-05-31 10:10:58] Fold 4/5 | subject=44
[2026-05-31 10:10:58]     Train: 32 | counts=[16, 16]
[2026-05-31 10:10:58]     Test:  8 | counts=[4, 4]
[2026-05-31 10:10:58]     Model: SignalJEPA_PreLocal | Pretrained: from_pretrained | Strategy: new
[2026-05-31 10:10:58]     Normalization: none | fit_scope=none
[2026-05-31 10:10:58]     Phase 1 (new): 2,170/16,010 params
[2026-05-31 10:10:59]     Result | best_epoch=1 | stop=51 | final_phase_epochs=51 | acc=0.5000 | bal_acc=0.5000 | pred_hist=[0, 8] | collapse=True
[2026-05-31 10:10:59]     spatial_conv=[4, 29] top_abs_channels=[('Pz', 0.15224844), ('O2', 0.14469162), ('T3', 0.12700389), ('T4', 0.12233594), ('CP3', 0.1215044), ('O1', 0.12099737), ('C3', 0.11564718), ('Fp1', 0.11028162)]
[2026-05-31 10:10:59]     spatial_update=delta_l2=0.00977106 max_abs=0.00164743 relative=0.00818704 changed=True

[2026-05-31 10:11:00] Fold 5/5 | subject=44
[2026-05-31 10:11:00]     Train: 32 | counts=[16, 16]
[2026-05-31 10:11:00]     Test:  8 | counts=[4, 4]
[2026-05-31 10:11:00]     Model: SignalJEPA_PreLocal | Pretrained: from_pretrained | Strategy: new
[2026-05-31 10:11:00]     Normalization: none | fit_scope=none
[2026-05-31 10:11:00]     Phase 1 (new): 2,170/16,010 params
[2026-05-31 10:11:01]     Result | best_epoch=17 | stop=66 | final_phase_epochs=66 | acc=0.8750 | bal_acc=0.8750 | pred_hist=[3, 5] | collapse=False
[2026-05-31 10:11:01]     spatial_conv=[4, 29] top_abs_channels=[('Pz', 0.15039751), ('O2', 0.14591648), ('T3', 0.12411302), ('CP3', 0.12242661), ('T4', 0.12240189), ('C3', 0.11754591), ('O1', 0.11469646), ('P3', 0.11153148)]
[2026-05-31 10:11:01]     spatial_update=delta_l2=0.09441814 max_abs=0.02137798 relative=0.07911167 changed=True
[2026-05-31 10:11:01]   Subject 44: acc=0.6250±0.1768  bal_acc=0.6250±0.1768
[2026-05-31 10:11:01] \nSubject 45: 40 windows | class_counts=[20, 20]

[2026-05-31 10:11:01] Fold 1/5 | subject=45
[2026-05-31 10:11:01]     Train: 32 | counts=[16, 16]
[2026-05-31 10:11:01]     Test:  8 | counts=[4, 4]
[2026-05-31 10:11:01]     Model: SignalJEPA_PreLocal | Pretrained: from_pretrained | Strategy: new
[2026-05-31 10:11:01]     Normalization: none | fit_scope=none
[2026-05-31 10:11:01]     Phase 1 (new): 2,170/16,010 params
[2026-05-31 10:11:14]     Result | best_epoch=662 | stop=712 | final_phase_epochs=712 | acc=0.5000 | bal_acc=0.5000 | pred_hist=[4, 4] | collapse=False
[2026-05-31 10:11:14]     spatial_conv=[4, 29] top_abs_channels=[('FC3', 0.22992484), ('CP4', 0.18402213), ('Cz', 0.17491129), ('C3', 0.17163165), ('T5', 0.14258198), ('FCz', 0.12261362), ('TP7', 0.11323022), ('O2', 0.10552855)]
[2026-05-31 10:11:14]     spatial_update=delta_l2=1.39254887 max_abs=0.39340099 relative=1.16679777 changed=True

[2026-05-31 10:11:14] Fold 2/5 | subject=45
[2026-05-31 10:11:14]     Train: 32 | counts=[16, 16]
[2026-05-31 10:11:14]     Test:  8 | counts=[4, 4]
[2026-05-31 10:11:14]     Model: SignalJEPA_PreLocal | Pretrained: from_pretrained | Strategy: new
[2026-05-31 10:11:14]     Normalization: none | fit_scope=none
[2026-05-31 10:11:14]     Phase 1 (new): 2,170/16,010 params
[2026-05-31 10:11:17]     Result | best_epoch=102 | stop=150 | final_phase_epochs=150 | acc=0.5000 | bal_acc=0.5000 | pred_hist=[2, 6] | collapse=False
[2026-05-31 10:11:17]     spatial_conv=[4, 29] top_abs_channels=[('T5', 0.1760817), ('Pz', 0.1461374), ('C3', 0.13607264), ('T3', 0.13562165), ('CP4', 0.12020748), ('O2', 0.11963238), ('CP3', 0.11184023), ('T4', 0.11130332)]
[2026-05-31 10:11:17]     spatial_update=delta_l2=0.60525548 max_abs=0.14899041 relative=0.50713534 changed=True

[2026-05-31 10:11:17] Fold 3/5 | subject=45
[2026-05-31 10:11:17]     Train: 32 | counts=[16, 16]
[2026-05-31 10:11:17]     Test:  8 | counts=[4, 4]
[2026-05-31 10:11:17]     Model: SignalJEPA_PreLocal | Pretrained: from_pretrained | Strategy: new
[2026-05-31 10:11:17]     Normalization: none | fit_scope=none
[2026-05-31 10:11:17]     Phase 1 (new): 2,170/16,010 params
[2026-05-31 10:11:22]     Result | best_epoch=215 | stop=265 | final_phase_epochs=265 | acc=0.7500 | bal_acc=0.7500 | pred_hist=[6, 2] | collapse=False
[2026-05-31 10:11:22]     spatial_conv=[4, 29] top_abs_channels=[('P4', 0.14902429), ('TP8', 0.14085445), ('T6', 0.13976212), ('C3', 0.13716182), ('F7', 0.1354427), ('Pz', 0.12395073), ('T5', 0.12256228), ('FCz', 0.12205236)]
[2026-05-31 10:11:22]     spatial_update=delta_l2=1.05809084 max_abs=0.32526603 relative=0.88655993 changed=True

[2026-05-31 10:11:22] Fold 4/5 | subject=45
[2026-05-31 10:11:22]     Train: 32 | counts=[16, 16]
[2026-05-31 10:11:22]     Test:  8 | counts=[4, 4]
[2026-05-31 10:11:22]     Model: SignalJEPA_PreLocal | Pretrained: from_pretrained | Strategy: new
[2026-05-31 10:11:22]     Normalization: none | fit_scope=none
[2026-05-31 10:11:22]     Phase 1 (new): 2,170/16,010 params
[2026-05-31 10:11:29]     Result | best_epoch=301 | stop=351 | final_phase_epochs=351 | acc=0.7500 | bal_acc=0.7500 | pred_hist=[2, 6] | collapse=False
[2026-05-31 10:11:29]     spatial_conv=[4, 29] top_abs_channels=[('C3', 0.20443973), ('FCz', 0.16443467), ('CP4', 0.1527729), ('T3', 0.14479239), ('Cz', 0.14365299), ('O2', 0.13623278), ('FT7', 0.12479877), ('CP3', 0.12172519)]
[2026-05-31 10:11:29]     spatial_update=delta_l2=1.10499151 max_abs=0.29410016 relative=0.92585737 changed=True

[2026-05-31 10:11:29] Fold 5/5 | subject=45
[2026-05-31 10:11:29]     Train: 32 | counts=[16, 16]
[2026-05-31 10:11:29]     Test:  8 | counts=[4, 4]
[2026-05-31 10:11:29]     Model: SignalJEPA_PreLocal | Pretrained: from_pretrained | Strategy: new
[2026-05-31 10:11:29]     Normalization: none | fit_scope=none
[2026-05-31 10:11:29]     Phase 1 (new): 2,170/16,010 params
[2026-05-31 10:11:37]     Result | best_epoch=403 | stop=453 | final_phase_epochs=453 | acc=0.5000 | bal_acc=0.5000 | pred_hist=[6, 2] | collapse=False
[2026-05-31 10:11:37]     spatial_conv=[4, 29] top_abs_channels=[('C3', 0.24088475), ('Fz', 0.19175215), ('T5', 0.16976522), ('CP4', 0.14925064), ('FCz', 0.13372172), ('T6', 0.13185485), ('Pz', 0.12868318), ('O2', 0.11682434)]
[2026-05-31 10:11:37]     spatial_update=delta_l2=1.23364908 max_abs=0.35045971 relative=1.03365779 changed=True
[2026-05-31 10:11:37]   Subject 45: acc=0.6000±0.1225  bal_acc=0.6000±0.1225
[2026-05-31 10:11:37] \nSubject 46: 40 windows | class_counts=[20, 20]

[2026-05-31 10:11:37] Fold 1/5 | subject=46
[2026-05-31 10:11:37]     Train: 32 | counts=[16, 16]
[2026-05-31 10:11:37]     Test:  8 | counts=[4, 4]
[2026-05-31 10:11:37]     Model: SignalJEPA_PreLocal | Pretrained: from_pretrained | Strategy: new
[2026-05-31 10:11:37]     Normalization: none | fit_scope=none
[2026-05-31 10:11:37]     Phase 1 (new): 2,170/16,010 params
[2026-05-31 10:11:53]     Result | best_epoch=878 | stop=928 | final_phase_epochs=928 | acc=0.3750 | bal_acc=0.3750 | pred_hist=[3, 5] | collapse=False
[2026-05-31 10:11:53]     spatial_conv=[4, 29] top_abs_channels=[('T3', 0.20161663), ('FC3', 0.18501222), ('P3', 0.13663098), ('C4', 0.13652378), ('FT7', 0.13481729), ('TP7', 0.11895304), ('CP4', 0.11865985), ('C3', 0.11766186)]
[2026-05-31 10:11:53]     spatial_update=delta_l2=1.19227098 max_abs=0.30129014 relative=0.99898765 changed=True

[2026-05-31 10:11:54] Fold 2/5 | subject=46
[2026-05-31 10:11:54]     Train: 32 | counts=[16, 16]
[2026-05-31 10:11:54]     Test:  8 | counts=[4, 4]
[2026-05-31 10:11:54]     Model: SignalJEPA_PreLocal | Pretrained: from_pretrained | Strategy: new
[2026-05-31 10:11:54]     Normalization: none | fit_scope=none
[2026-05-31 10:11:54]     Phase 1 (new): 2,170/16,010 params
[2026-05-31 10:11:55]     Result | best_epoch=1 | stop=51 | final_phase_epochs=51 | acc=0.5000 | bal_acc=0.5000 | pred_hist=[0, 8] | collapse=True
[2026-05-31 10:11:55]     spatial_conv=[4, 29] top_abs_channels=[('Pz', 0.15289843), ('O2', 0.14458627), ('T3', 0.12669148), ('T4', 0.12226352), ('O1', 0.12179711), ('CP3', 0.12110917), ('C3', 0.1162068), ('CP4', 0.11056933)]
[2026-05-31 10:11:55]     spatial_update=delta_l2=0.00872866 max_abs=0.00172030 relative=0.00731362 changed=True

[2026-05-31 10:11:55] Fold 3/5 | subject=46
[2026-05-31 10:11:55]     Train: 32 | counts=[16, 16]
[2026-05-31 10:11:55]     Test:  8 | counts=[4, 4]
[2026-05-31 10:11:55]     Model: SignalJEPA_PreLocal | Pretrained: from_pretrained | Strategy: new
[2026-05-31 10:11:55]     Normalization: none | fit_scope=none
[2026-05-31 10:11:55]     Phase 1 (new): 2,170/16,010 params
[2026-05-31 10:12:01]     Result | best_epoch=302 | stop=352 | final_phase_epochs=352 | acc=0.6250 | bal_acc=0.6250 | pred_hist=[7, 1] | collapse=False
[2026-05-31 10:12:01]     spatial_conv=[4, 29] top_abs_channels=[('T3', 0.17487165), ('CP3', 0.15236351), ('Cz', 0.12601663), ('P3', 0.12286114), ('FT7', 0.12284009), ('FC3', 0.1211659), ('O2', 0.12008663), ('FC4', 0.11919464)]
[2026-05-31 10:12:01]     spatial_update=delta_l2=0.88820902 max_abs=0.21734549 relative=0.74421826 changed=True

[2026-05-31 10:12:02] Fold 4/5 | subject=46
[2026-05-31 10:12:02]     Train: 32 | counts=[16, 16]
[2026-05-31 10:12:02]     Test:  8 | counts=[4, 4]
[2026-05-31 10:12:02]     Model: SignalJEPA_PreLocal | Pretrained: from_pretrained | Strategy: new
[2026-05-31 10:12:02]     Normalization: none | fit_scope=none
[2026-05-31 10:12:02]     Phase 1 (new): 2,170/16,010 params
[2026-05-31 10:12:03]     Result | best_epoch=3 | stop=53 | final_phase_epochs=53 | acc=0.5000 | bal_acc=0.5000 | pred_hist=[0, 8] | collapse=True
[2026-05-31 10:12:03]     spatial_conv=[4, 29] top_abs_channels=[('Pz', 0.15389749), ('O2', 0.14436932), ('T3', 0.12881979), ('T4', 0.12380198), ('CP3', 0.1205221), ('O1', 0.12032384), ('C3', 0.1155932), ('CP4', 0.11117209)]
[2026-05-31 10:12:03]     spatial_update=delta_l2=0.02528635 max_abs=0.00464237 relative=0.02118709 changed=True

[2026-05-31 10:12:03] Fold 5/5 | subject=46
[2026-05-31 10:12:03]     Train: 32 | counts=[16, 16]
[2026-05-31 10:12:03]     Test:  8 | counts=[4, 4]
[2026-05-31 10:12:03]     Model: SignalJEPA_PreLocal | Pretrained: from_pretrained | Strategy: new
[2026-05-31 10:12:03]     Normalization: none | fit_scope=none
[2026-05-31 10:12:03]     Phase 1 (new): 2,170/16,010 params
[2026-05-31 10:12:04]     Result | best_epoch=2 | stop=51 | final_phase_epochs=51 | acc=0.5000 | bal_acc=0.5000 | pred_hist=[0, 8] | collapse=True
[2026-05-31 10:12:04]     spatial_conv=[4, 29] top_abs_channels=[('Pz', 0.15229538), ('O2', 0.14453468), ('T3', 0.12682192), ('T4', 0.12275212), ('CP3', 0.12149116), ('O1', 0.1209113), ('C3', 0.1152048), ('CP4', 0.11089073)]
[2026-05-31 10:12:04]     spatial_update=delta_l2=0.01056092 max_abs=0.00173360 relative=0.00884885 changed=True
[2026-05-31 10:12:04]   Subject 46: acc=0.5000±0.0791  bal_acc=0.5000±0.0791
[2026-05-31 10:12:04] \nSubject 47: 40 windows | class_counts=[20, 20]

[2026-05-31 10:12:05] Fold 1/5 | subject=47
[2026-05-31 10:12:05]     Train: 32 | counts=[16, 16]
[2026-05-31 10:12:05]     Test:  8 | counts=[4, 4]
[2026-05-31 10:12:05]     Model: SignalJEPA_PreLocal | Pretrained: from_pretrained | Strategy: new
[2026-05-31 10:12:05]     Normalization: none | fit_scope=none
[2026-05-31 10:12:05]     Phase 1 (new): 2,170/16,010 params
[2026-05-31 10:12:06]     Result | best_epoch=1 | stop=51 | final_phase_epochs=51 | acc=0.5000 | bal_acc=0.5000 | pred_hist=[0, 8] | collapse=True
[2026-05-31 10:12:06]     spatial_conv=[4, 29] top_abs_channels=[('Pz', 0.15280876), ('O2', 0.14403911), ('T3', 0.12690683), ('T4', 0.12193249), ('O1', 0.1217467), ('CP3', 0.12145023), ('C3', 0.11532073), ('CP4', 0.11081924)]
[2026-05-31 10:12:06]     spatial_update=delta_l2=0.00816891 max_abs=0.00145198 relative=0.00684462 changed=True

[2026-05-31 10:12:06] Fold 2/5 | subject=47
[2026-05-31 10:12:06]     Train: 32 | counts=[16, 16]
[2026-05-31 10:12:06]     Test:  8 | counts=[4, 4]
[2026-05-31 10:12:06]     Model: SignalJEPA_PreLocal | Pretrained: from_pretrained | Strategy: new
[2026-05-31 10:12:06]     Normalization: none | fit_scope=none
[2026-05-31 10:12:06]     Phase 1 (new): 2,170/16,010 params
[2026-05-31 10:12:07]     Result | best_epoch=1 | stop=51 | final_phase_epochs=51 | acc=0.3750 | bal_acc=0.3750 | pred_hist=[1, 7] | collapse=False
[2026-05-31 10:12:07]     spatial_conv=[4, 29] top_abs_channels=[('Pz', 0.15344945), ('O2', 0.14333156), ('T3', 0.12700342), ('O1', 0.12269148), ('T4', 0.12240185), ('CP3', 0.12040211), ('C3', 0.11582074), ('CP4', 0.110761)]
[2026-05-31 10:12:07]     spatial_update=delta_l2=0.01014650 max_abs=0.00160259 relative=0.00850162 changed=True

[2026-05-31 10:12:07] Fold 3/5 | subject=47
[2026-05-31 10:12:07]     Train: 32 | counts=[16, 16]
[2026-05-31 10:12:07]     Test:  8 | counts=[4, 4]
[2026-05-31 10:12:07]     Model: SignalJEPA_PreLocal | Pretrained: from_pretrained | Strategy: new
[2026-05-31 10:12:07]     Normalization: none | fit_scope=none
[2026-05-31 10:12:07]     Phase 1 (new): 2,170/16,010 params
[2026-05-31 10:12:13]     Result | best_epoch=278 | stop=328 | final_phase_epochs=328 | acc=0.3750 | bal_acc=0.3750 | pred_hist=[7, 1] | collapse=False
[2026-05-31 10:12:13]     spatial_conv=[4, 29] top_abs_channels=[('C4', 0.1929777), ('Pz', 0.15916151), ('CP3', 0.1504316), ('Fz', 0.14485416), ('F7', 0.13807796), ('O2', 0.13274705), ('C3', 0.13009843), ('T6', 0.12072191)]
[2026-05-31 10:12:13]     spatial_update=delta_l2=0.90311200 max_abs=0.31450010 relative=0.75670527 changed=True

[2026-05-31 10:12:14] Fold 4/5 | subject=47
[2026-05-31 10:12:14]     Train: 32 | counts=[16, 16]
[2026-05-31 10:12:14]     Test:  8 | counts=[4, 4]
[2026-05-31 10:12:14]     Model: SignalJEPA_PreLocal | Pretrained: from_pretrained | Strategy: new
[2026-05-31 10:12:14]     Normalization: none | fit_scope=none
[2026-05-31 10:12:14]     Phase 1 (new): 2,170/16,010 params
[2026-05-31 10:12:14]     Result | best_epoch=1 | stop=51 | final_phase_epochs=51 | acc=0.5000 | bal_acc=0.5000 | pred_hist=[0, 8] | collapse=True
[2026-05-31 10:12:14]     spatial_conv=[4, 29] top_abs_channels=[('Pz', 0.15270503), ('O2', 0.14369828), ('T3', 0.12699038), ('T4', 0.12213732), ('O1', 0.121705), ('CP3', 0.12101825), ('C3', 0.11550787), ('CP4', 0.11116087)]
[2026-05-31 10:12:14]     spatial_update=delta_l2=0.00784446 max_abs=0.00171752 relative=0.00657277 changed=True

[2026-05-31 10:12:15] Fold 5/5 | subject=47
[2026-05-31 10:12:15]     Train: 32 | counts=[16, 16]
[2026-05-31 10:12:15]     Test:  8 | counts=[4, 4]
[2026-05-31 10:12:15]     Model: SignalJEPA_PreLocal | Pretrained: from_pretrained | Strategy: new
[2026-05-31 10:12:15]     Normalization: none | fit_scope=none
[2026-05-31 10:12:15]     Phase 1 (new): 2,170/16,010 params
[2026-05-31 10:12:22]     Result | best_epoch=368 | stop=418 | final_phase_epochs=418 | acc=0.3750 | bal_acc=0.3750 | pred_hist=[1, 7] | collapse=False
[2026-05-31 10:12:22]     spatial_conv=[4, 29] top_abs_channels=[('C3', 0.17327353), ('FCz', 0.17023855), ('Fz', 0.16389436), ('Pz', 0.15544674), ('TP7', 0.15368463), ('C4', 0.15203699), ('P4', 0.12479213), ('CP3', 0.11153196)]
[2026-05-31 10:12:22]     spatial_update=delta_l2=0.97683947 max_abs=0.25364052 relative=0.81848051 changed=True
[2026-05-31 10:12:22]   Subject 47: acc=0.4250±0.0612  bal_acc=0.4250±0.0612
[2026-05-31 10:12:22] \nSubject 48: 40 windows | class_counts=[20, 20]

[2026-05-31 10:12:23] Fold 1/5 | subject=48
[2026-05-31 10:12:23]     Train: 32 | counts=[16, 16]
[2026-05-31 10:12:23]     Test:  8 | counts=[4, 4]
[2026-05-31 10:12:23]     Model: SignalJEPA_PreLocal | Pretrained: from_pretrained | Strategy: new
[2026-05-31 10:12:23]     Normalization: none | fit_scope=none
[2026-05-31 10:12:23]     Phase 1 (new): 2,170/16,010 params
[2026-05-31 10:12:23]     Result | best_epoch=1 | stop=51 | final_phase_epochs=51 | acc=0.5000 | bal_acc=0.5000 | pred_hist=[0, 8] | collapse=True
[2026-05-31 10:12:23]     spatial_conv=[4, 29] top_abs_channels=[('Pz', 0.15300907), ('O2', 0.14392126), ('T3', 0.1267204), ('O1', 0.12217584), ('T4', 0.12211335), ('CP3', 0.12086235), ('C3', 0.11513366), ('CP4', 0.11153302)]
[2026-05-31 10:12:23]     spatial_update=delta_l2=0.00821448 max_abs=0.00169168 relative=0.00688280 changed=True

[2026-05-31 10:12:24] Fold 2/5 | subject=48
[2026-05-31 10:12:24]     Train: 32 | counts=[16, 16]
[2026-05-31 10:12:24]     Test:  8 | counts=[4, 4]
[2026-05-31 10:12:24]     Model: SignalJEPA_PreLocal | Pretrained: from_pretrained | Strategy: new
[2026-05-31 10:12:24]     Normalization: none | fit_scope=none
[2026-05-31 10:12:24]     Phase 1 (new): 2,170/16,010 params
[2026-05-31 10:12:33]     Result | best_epoch=459 | stop=509 | final_phase_epochs=509 | acc=0.5000 | bal_acc=0.5000 | pred_hist=[2, 6] | collapse=False
[2026-05-31 10:12:33]     spatial_conv=[4, 29] top_abs_channels=[('C4', 0.17941804), ('FC3', 0.15921849), ('O2', 0.15815035), ('FCz', 0.1525411), ('T4', 0.14394216), ('Fz', 0.14246622), ('Pz', 0.13857046), ('O1', 0.12121098)]
[2026-05-31 10:12:33]     spatial_update=delta_l2=1.15200716 max_abs=0.26670650 relative=0.96525114 changed=True

[2026-05-31 10:12:33] Fold 3/5 | subject=48
[2026-05-31 10:12:33]     Train: 32 | counts=[16, 16]
[2026-05-31 10:12:33]     Test:  8 | counts=[4, 4]
[2026-05-31 10:12:33]     Model: SignalJEPA_PreLocal | Pretrained: from_pretrained | Strategy: new
[2026-05-31 10:12:33]     Normalization: none | fit_scope=none
[2026-05-31 10:12:33]     Phase 1 (new): 2,170/16,010 params
[2026-05-31 10:12:35]     Result | best_epoch=23 | stop=73 | final_phase_epochs=73 | acc=0.5000 | bal_acc=0.5000 | pred_hist=[4, 4] | collapse=False
[2026-05-31 10:12:35]     spatial_conv=[4, 29] top_abs_channels=[('Pz', 0.1560517), ('O2', 0.15304679), ('T3', 0.12555288), ('T4', 0.12272906), ('O1', 0.12060808), ('CP4', 0.11456304), ('C3', 0.11376657), ('CP3', 0.10949749)]
[2026-05-31 10:12:35]     spatial_update=delta_l2=0.14745384 max_abs=0.03165586 relative=0.12354957 changed=True

[2026-05-31 10:12:35] Fold 4/5 | subject=48
[2026-05-31 10:12:35]     Train: 32 | counts=[16, 16]
[2026-05-31 10:12:35]     Test:  8 | counts=[4, 4]
[2026-05-31 10:12:35]     Model: SignalJEPA_PreLocal | Pretrained: from_pretrained | Strategy: new
[2026-05-31 10:12:35]     Normalization: none | fit_scope=none
[2026-05-31 10:12:35]     Phase 1 (new): 2,170/16,010 params
[2026-05-31 10:12:40]     Result | best_epoch=288 | stop=338 | final_phase_epochs=338 | acc=0.3750 | bal_acc=0.3750 | pred_hist=[5, 3] | collapse=False
[2026-05-31 10:12:40]     spatial_conv=[4, 29] top_abs_channels=[('Pz', 0.25405344), ('FC3', 0.14786682), ('T4', 0.13973609), ('P3', 0.12933187), ('FCz', 0.11863141), ('C3', 0.11192882), ('TP7', 0.10740181), ('Oz', 0.10355369)]
[2026-05-31 10:12:40]     spatial_update=delta_l2=1.02812954 max_abs=0.26621079 relative=0.86145577 changed=True

[2026-05-31 10:12:41] Fold 5/5 | subject=48
[2026-05-31 10:12:41]     Train: 32 | counts=[16, 16]
[2026-05-31 10:12:41]     Test:  8 | counts=[4, 4]
[2026-05-31 10:12:41]     Model: SignalJEPA_PreLocal | Pretrained: from_pretrained | Strategy: new
[2026-05-31 10:12:41]     Normalization: none | fit_scope=none
[2026-05-31 10:12:41]     Phase 1 (new): 2,170/16,010 params
[2026-05-31 10:12:42]     Result | best_epoch=1 | stop=51 | final_phase_epochs=51 | acc=0.3750 | bal_acc=0.3750 | pred_hist=[1, 7] | collapse=False
[2026-05-31 10:12:42]     spatial_conv=[4, 29] top_abs_channels=[('Pz', 0.15350612), ('O2', 0.14370593), ('T3', 0.12697861), ('T4', 0.12193502), ('O1', 0.12188964), ('CP3', 0.12061657), ('C3', 0.11508384), ('CP4', 0.11164352)]
[2026-05-31 10:12:42]     spatial_update=delta_l2=0.00971191 max_abs=0.00169573 relative=0.00813748 changed=True
[2026-05-31 10:12:42]   Subject 48: acc=0.4500±0.0612  bal_acc=0.4500±0.0612
[2026-05-31 10:12:42] \nSubject 49: 40 windows | class_counts=[20, 20]

[2026-05-31 10:12:42] Fold 1/5 | subject=49
[2026-05-31 10:12:42]     Train: 32 | counts=[16, 16]
[2026-05-31 10:12:42]     Test:  8 | counts=[4, 4]
[2026-05-31 10:12:42]     Model: SignalJEPA_PreLocal | Pretrained: from_pretrained | Strategy: new
[2026-05-31 10:12:42]     Normalization: none | fit_scope=none
[2026-05-31 10:12:42]     Phase 1 (new): 2,170/16,010 params
[2026-05-31 10:12:44]     Result | best_epoch=33 | stop=83 | final_phase_epochs=83 | acc=0.6250 | bal_acc=0.6250 | pred_hist=[5, 3] | collapse=False
[2026-05-31 10:12:44]     spatial_conv=[4, 29] top_abs_channels=[('Pz', 0.14982995), ('P3', 0.12979165), ('O2', 0.12391622), ('Fz', 0.11827068), ('Fp1', 0.11674634), ('T4', 0.11577949), ('T3', 0.11356264), ('C3', 0.11343352)]
[2026-05-31 10:12:44]     spatial_update=delta_l2=0.23396658 max_abs=0.05795252 relative=0.19603742 changed=True

[2026-05-31 10:12:44] Fold 2/5 | subject=49
[2026-05-31 10:12:44]     Train: 32 | counts=[16, 16]
[2026-05-31 10:12:44]     Test:  8 | counts=[4, 4]
[2026-05-31 10:12:44]     Model: SignalJEPA_PreLocal | Pretrained: from_pretrained | Strategy: new
[2026-05-31 10:12:44]     Normalization: none | fit_scope=none
[2026-05-31 10:12:44]     Phase 1 (new): 2,170/16,010 params
[2026-05-31 10:12:45]     Result | best_epoch=27 | stop=77 | final_phase_epochs=77 | acc=0.2500 | bal_acc=0.2500 | pred_hist=[4, 4] | collapse=False
[2026-05-31 10:12:45]     spatial_conv=[4, 29] top_abs_channels=[('T3', 0.14366561), ('Pz', 0.14021185), ('O2', 0.13168941), ('O1', 0.12920296), ('Fp1', 0.12630022), ('P3', 0.11937563), ('T4', 0.11538132), ('C3', 0.11172932)]
[2026-05-31 10:12:45]     spatial_update=delta_l2=0.20054066 max_abs=0.03799318 relative=0.16803030 changed=True

[2026-05-31 10:12:46] Fold 3/5 | subject=49
[2026-05-31 10:12:46]     Train: 32 | counts=[16, 16]
[2026-05-31 10:12:46]     Test:  8 | counts=[4, 4]
[2026-05-31 10:12:46]     Model: SignalJEPA_PreLocal | Pretrained: from_pretrained | Strategy: new
[2026-05-31 10:12:46]     Normalization: none | fit_scope=none
[2026-05-31 10:12:46]     Phase 1 (new): 2,170/16,010 params
[2026-05-31 10:12:47]     Result | best_epoch=1 | stop=51 | final_phase_epochs=51 | acc=0.5000 | bal_acc=0.5000 | pred_hist=[0, 8] | collapse=True
[2026-05-31 10:12:47]     spatial_conv=[4, 29] top_abs_channels=[('Pz', 0.15290454), ('O2', 0.14380305), ('T3', 0.12585187), ('T4', 0.12175522), ('O1', 0.12144245), ('CP3', 0.12081321), ('C3', 0.11581905), ('CP4', 0.11060422)]
[2026-05-31 10:12:47]     spatial_update=delta_l2=0.00931074 max_abs=0.00173861 relative=0.00780134 changed=True

[2026-05-31 10:12:47] Fold 4/5 | subject=49
[2026-05-31 10:12:47]     Train: 32 | counts=[16, 16]
[2026-05-31 10:12:47]     Test:  8 | counts=[4, 4]
[2026-05-31 10:12:47]     Model: SignalJEPA_PreLocal | Pretrained: from_pretrained | Strategy: new
[2026-05-31 10:12:47]     Normalization: none | fit_scope=none
[2026-05-31 10:12:47]     Phase 1 (new): 2,170/16,010 params
[2026-05-31 10:12:48]     Result | best_epoch=1 | stop=51 | final_phase_epochs=51 | acc=0.5000 | bal_acc=0.5000 | pred_hist=[0, 8] | collapse=True
[2026-05-31 10:12:48]     spatial_conv=[4, 29] top_abs_channels=[('Pz', 0.15326524), ('O2', 0.14453222), ('T3', 0.12595154), ('T4', 0.12211312), ('O1', 0.12182146), ('CP3', 0.12128139), ('C3', 0.11560455), ('CP4', 0.11089073)]
[2026-05-31 10:12:48]     spatial_update=delta_l2=0.00856862 max_abs=0.00157426 relative=0.00717953 changed=True

[2026-05-31 10:12:49] Fold 5/5 | subject=49
[2026-05-31 10:12:49]     Train: 32 | counts=[16, 16]
[2026-05-31 10:12:49]     Test:  8 | counts=[4, 4]
[2026-05-31 10:12:49]     Model: SignalJEPA_PreLocal | Pretrained: from_pretrained | Strategy: new
[2026-05-31 10:12:49]     Normalization: none | fit_scope=none
[2026-05-31 10:12:49]     Phase 1 (new): 2,170/16,010 params
[2026-05-31 10:12:50]     Result | best_epoch=1 | stop=51 | final_phase_epochs=51 | acc=0.5000 | bal_acc=0.5000 | pred_hist=[0, 8] | collapse=True
[2026-05-31 10:12:50]     spatial_conv=[4, 29] top_abs_channels=[('Pz', 0.15318447), ('O2', 0.14397672), ('T3', 0.12602986), ('T4', 0.12252131), ('O1', 0.12232), ('CP3', 0.12152541), ('C3', 0.11538568), ('CP4', 0.11105937)]
[2026-05-31 10:12:50]     spatial_update=delta_l2=0.00939010 max_abs=0.00175302 relative=0.00786784 changed=True
[2026-05-31 10:12:50]   Subject 49: acc=0.4750±0.1225  bal_acc=0.4750±0.1225
[2026-05-31 10:12:50] \nSubject 50: 40 windows | class_counts=[20, 20]

[2026-05-31 10:12:50] Fold 1/5 | subject=50
[2026-05-31 10:12:50]     Train: 32 | counts=[16, 16]
[2026-05-31 10:12:50]     Test:  8 | counts=[4, 4]
[2026-05-31 10:12:50]     Model: SignalJEPA_PreLocal | Pretrained: from_pretrained | Strategy: new
[2026-05-31 10:12:50]     Normalization: none | fit_scope=none
[2026-05-31 10:12:50]     Phase 1 (new): 2,170/16,010 params
[2026-05-31 10:12:58]     Result | best_epoch=414 | stop=464 | final_phase_epochs=464 | acc=0.7500 | bal_acc=0.7500 | pred_hist=[4, 4] | collapse=False
[2026-05-31 10:12:58]     spatial_conv=[4, 29] top_abs_channels=[('CP3', 0.19036897), ('O2', 0.17887625), ('Pz', 0.1652689), ('P3', 0.15466835), ('F4', 0.13107446), ('TP8', 0.12092505), ('T5', 0.11837271), ('F8', 0.10618277)]
[2026-05-31 10:12:58]     spatial_update=delta_l2=0.95111766 max_abs=0.21822064 relative=0.79692856 changed=True

[2026-05-31 10:12:59] Fold 2/5 | subject=50
[2026-05-31 10:12:59]     Train: 32 | counts=[16, 16]
[2026-05-31 10:12:59]     Test:  8 | counts=[4, 4]
[2026-05-31 10:12:59]     Model: SignalJEPA_PreLocal | Pretrained: from_pretrained | Strategy: new
[2026-05-31 10:12:59]     Normalization: none | fit_scope=none
[2026-05-31 10:12:59]     Phase 1 (new): 2,170/16,010 params
[2026-05-31 10:13:09]     Result | best_epoch=521 | stop=571 | final_phase_epochs=571 | acc=0.6250 | bal_acc=0.6250 | pred_hist=[5, 3] | collapse=False
[2026-05-31 10:13:09]     spatial_conv=[4, 29] top_abs_channels=[('O2', 0.21256238), ('CP4', 0.14947036), ('CP3', 0.14057212), ('P3', 0.13829783), ('Fz', 0.12661058), ('F3', 0.12438383), ('Oz', 0.12390256), ('Pz', 0.12143862)]
[2026-05-31 10:13:09]     spatial_update=delta_l2=0.99605672 max_abs=0.26172617 relative=0.83458239 changed=True

[2026-05-31 10:13:10] Fold 3/5 | subject=50
[2026-05-31 10:13:10]     Train: 32 | counts=[16, 16]
[2026-05-31 10:13:10]     Test:  8 | counts=[4, 4]
[2026-05-31 10:13:10]     Model: SignalJEPA_PreLocal | Pretrained: from_pretrained | Strategy: new
[2026-05-31 10:13:10]     Normalization: none | fit_scope=none
[2026-05-31 10:13:10]     Phase 1 (new): 2,170/16,010 params
[2026-05-31 10:13:27]     Result | best_epoch=889 | stop=939 | final_phase_epochs=939 | acc=0.7500 | bal_acc=0.7500 | pred_hist=[4, 4] | collapse=False
[2026-05-31 10:13:27]     spatial_conv=[4, 29] top_abs_channels=[('T4', 0.17824697), ('CP3', 0.15172338), ('Oz', 0.14810547), ('O2', 0.13904619), ('FT8', 0.13643235), ('F4', 0.1335673), ('P3', 0.13046038), ('Pz', 0.12571603)]
[2026-05-31 10:13:27]     spatial_update=delta_l2=1.17897074 max_abs=0.30466749 relative=0.98784355 changed=True

[2026-05-31 10:13:27] Fold 4/5 | subject=50
[2026-05-31 10:13:27]     Train: 32 | counts=[16, 16]
[2026-05-31 10:13:27]     Test:  8 | counts=[4, 4]
[2026-05-31 10:13:27]     Model: SignalJEPA_PreLocal | Pretrained: from_pretrained | Strategy: new
[2026-05-31 10:13:27]     Normalization: none | fit_scope=none
[2026-05-31 10:13:27]     Phase 1 (new): 2,170/16,010 params
[2026-05-31 10:13:28]     Result | best_epoch=1 | stop=51 | final_phase_epochs=51 | acc=0.5000 | bal_acc=0.5000 | pred_hist=[0, 8] | collapse=True
[2026-05-31 10:13:28]     spatial_conv=[4, 29] top_abs_channels=[('Pz', 0.15289426), ('O2', 0.14472102), ('T3', 0.1262615), ('O1', 0.12169375), ('T4', 0.12147717), ('CP3', 0.12144868), ('C3', 0.11533925), ('CP4', 0.11128391)]
[2026-05-31 10:13:28]     spatial_update=delta_l2=0.00804131 max_abs=0.00160848 relative=0.00673770 changed=True

[2026-05-31 10:13:29] Fold 5/5 | subject=50
[2026-05-31 10:13:29]     Train: 32 | counts=[16, 16]
[2026-05-31 10:13:29]     Test:  8 | counts=[4, 4]
[2026-05-31 10:13:29]     Model: SignalJEPA_PreLocal | Pretrained: from_pretrained | Strategy: new
[2026-05-31 10:13:29]     Normalization: none | fit_scope=none
[2026-05-31 10:13:29]     Phase 1 (new): 2,170/16,010 params
[2026-05-31 10:13:57]     Result | best_epoch=1555 | stop=1605 | final_phase_epochs=1605 | acc=0.6250 | bal_acc=0.6250 | pred_hist=[7, 1] | collapse=False
[2026-05-31 10:13:57]     spatial_conv=[4, 29] top_abs_channels=[('O2', 0.19018582), ('FCz', 0.14173259), ('T3', 0.13778257), ('CP4', 0.12919727), ('P4', 0.12865244), ('CP3', 0.12579638), ('F8', 0.12444603), ('P3', 0.12347027)]
[2026-05-31 10:13:57]     spatial_update=delta_l2=1.27860424 max_abs=0.38256134 relative=1.07132511 changed=True
[2026-05-31 10:13:57]   Subject 50: acc=0.6500±0.0935  bal_acc=0.6500±0.0935

[2026-05-31 10:13:57] Total evaluation splits completed: 250
[2026-05-31 10:13:57] ======================================================================
[2026-05-31 10:13:57] AGGREGATED RESULTS
[2026-05-31 10:13:57] ======================================================================
[2026-05-31 10:13:57]   1: acc=0.5500±0.1000  bal_acc=0.5500±0.1000
[2026-05-31 10:13:57]   2: acc=0.4750±0.0500  bal_acc=0.4750±0.0500
[2026-05-31 10:13:57]   3: acc=0.5500±0.0612  bal_acc=0.5500±0.0612
[2026-05-31 10:13:57]   4: acc=0.6000±0.1458  bal_acc=0.6000±0.1458
[2026-05-31 10:13:57]   5: acc=0.5250±0.0500  bal_acc=0.5250±0.0500
[2026-05-31 10:13:57]   6: acc=0.4250±0.1275  bal_acc=0.4250±0.1275
[2026-05-31 10:13:57]   7: acc=0.7250±0.1458  bal_acc=0.7250±0.1458
[2026-05-31 10:13:57]   8: acc=0.7500±0.1369  bal_acc=0.7500±0.1369
[2026-05-31 10:13:57]   9: acc=0.4250±0.1000  bal_acc=0.4250±0.1000
[2026-05-31 10:13:57]   10: acc=0.4250±0.1000  bal_acc=0.4250±0.1000
[2026-05-31 10:13:57]   11: acc=0.5000±0.0000  bal_acc=0.5000±0.0000
[2026-05-31 10:13:57]   12: acc=0.5000±0.0791  bal_acc=0.5000±0.0791
[2026-05-31 10:13:57]   13: acc=0.6250±0.1118  bal_acc=0.6250±0.1118
[2026-05-31 10:13:57]   14: acc=0.5250±0.0500  bal_acc=0.5250±0.0500
[2026-05-31 10:13:57]   15: acc=0.4500±0.1000  bal_acc=0.4500±0.1000
[2026-05-31 10:13:57]   16: acc=0.5250±0.0500  bal_acc=0.5250±0.0500
[2026-05-31 10:13:57]   17: acc=0.5000±0.0791  bal_acc=0.5000±0.0791
[2026-05-31 10:13:57]   18: acc=0.9000±0.0500  bal_acc=0.9000±0.0500
[2026-05-31 10:13:57]   19: acc=0.5500±0.2179  bal_acc=0.5500±0.2179
[2026-05-31 10:13:57]   20: acc=0.6750±0.2031  bal_acc=0.6750±0.2031
[2026-05-31 10:13:57]   21: acc=0.5500±0.0612  bal_acc=0.5500±0.0612
[2026-05-31 10:13:57]   22: acc=0.7750±0.1458  bal_acc=0.7750±0.1458
[2026-05-31 10:13:57]   23: acc=0.4750±0.0500  bal_acc=0.4750±0.0500
[2026-05-31 10:13:57]   24: acc=0.4500±0.1000  bal_acc=0.4500±0.1000
[2026-05-31 10:13:57]   25: acc=0.5000±0.1369  bal_acc=0.5000±0.1369
[2026-05-31 10:13:57]   26: acc=0.5000±0.0000  bal_acc=0.5000±0.0000
[2026-05-31 10:13:57]   27: acc=0.5500±0.1275  bal_acc=0.5500±0.1275
[2026-05-31 10:13:57]   28: acc=0.6000±0.1458  bal_acc=0.6000±0.1458
[2026-05-31 10:13:57]   29: acc=0.4500±0.0612  bal_acc=0.4500±0.0612
[2026-05-31 10:13:57]   30: acc=0.5000±0.0791  bal_acc=0.5000±0.0791
[2026-05-31 10:13:57]   31: acc=0.6250±0.1118  bal_acc=0.6250±0.1118
[2026-05-31 10:13:57]   32: acc=0.4500±0.0612  bal_acc=0.4500±0.0612
[2026-05-31 10:13:57]   33: acc=0.4500±0.1000  bal_acc=0.4500±0.1000
[2026-05-31 10:13:57]   34: acc=0.8250±0.1000  bal_acc=0.8250±0.1000
[2026-05-31 10:13:57]   35: acc=0.4500±0.1000  bal_acc=0.4500±0.1000
[2026-05-31 10:13:57]   36: acc=0.5000±0.0000  bal_acc=0.5000±0.0000
[2026-05-31 10:13:57]   37: acc=0.6000±0.1458  bal_acc=0.6000±0.1458
[2026-05-31 10:13:57]   38: acc=0.7750±0.1837  bal_acc=0.7750±0.1837
[2026-05-31 10:13:57]   39: acc=0.4750±0.0500  bal_acc=0.4750±0.0500
[2026-05-31 10:13:57]   40: acc=0.6000±0.2669  bal_acc=0.6000±0.2669
[2026-05-31 10:13:57]   41: acc=0.6000±0.1837  bal_acc=0.6000±0.1837
[2026-05-31 10:13:57]   42: acc=0.6000±0.1837  bal_acc=0.6000±0.1837
[2026-05-31 10:13:57]   43: acc=0.5000±0.0000  bal_acc=0.5000±0.0000
[2026-05-31 10:13:57]   44: acc=0.6250±0.1768  bal_acc=0.6250±0.1768
[2026-05-31 10:13:57]   45: acc=0.6000±0.1225  bal_acc=0.6000±0.1225
[2026-05-31 10:13:57]   46: acc=0.5000±0.0791  bal_acc=0.5000±0.0791
[2026-05-31 10:13:57]   47: acc=0.4250±0.0612  bal_acc=0.4250±0.0612
[2026-05-31 10:13:57]   48: acc=0.4500±0.0612  bal_acc=0.4500±0.0612
[2026-05-31 10:13:57]   49: acc=0.4750±0.1225  bal_acc=0.4750±0.1225
[2026-05-31 10:13:57]   50: acc=0.6500±0.0935  bal_acc=0.6500±0.0935
[2026-05-31 10:13:57] ----------------------------------------------------------------------
[2026-05-31 10:13:57]   OVERALL: acc=0.5545±0.1604  bal_acc=0.5545±0.1604
[2026-05-31 10:13:57] ======================================================================
[2026-05-31 10:13:57] Performance tables saved:
[2026-05-31 10:13:57]   Fold-level results:       /home/vegorov/Repos/eeg_jepa_research/artifacts/liu2024-source-mat-sjepa-prelocal/20260531_0950_abb6b630/fold_level_results.csv
[2026-05-31 10:13:57]   Subject-level summary:    /home/vegorov/Repos/eeg_jepa_research/artifacts/liu2024-source-mat-sjepa-prelocal/20260531_0950_abb6b630/subject_level_summary.csv
[2026-05-31 10:13:57]   Global method comparison: /home/vegorov/Repos/eeg_jepa_research/artifacts/liu2024-source-mat-sjepa-prelocal/20260531_0950_abb6b630/global_method_comparison.csv
[2026-05-31 10:13:57] Subject performance plot saved to: /home/vegorov/Repos/eeg_jepa_research/artifacts/liu2024-source-mat-sjepa-prelocal/20260531_0950_abb6b630/sjepa_prelocal_subject_performance.png
[2026-05-31 10:13:57] Global performance plot saved to: /home/vegorov/Repos/eeg_jepa_research/artifacts/liu2024-source-mat-sjepa-prelocal/20260531_0950_abb6b630/sjepa_prelocal_global_performance_summary.png
[2026-05-31 10:13:58] Aggregated confusion matrix plot saved to: /home/vegorov/Repos/eeg_jepa_research/artifacts/liu2024-source-mat-sjepa-prelocal/20260531_0950_abb6b630/sjepa_prelocal_aggregated_confusion_matrix.png
[2026-05-31 10:13:58] Confusion metrics saved to: /home/vegorov/Repos/eeg_jepa_research/artifacts/liu2024-source-mat-sjepa-prelocal/20260531_0950_abb6b630/sjepa_prelocal_confusion_metrics.csv

[2026-05-31 10:13:58] ======================================================================
[2026-05-31 10:13:58] EXPERIMENT SUMMARY
[2026-05-31 10:13:58] ======================================================================
[2026-05-31 10:13:58] Run ID:                 20260531_0950_abb6b630
[2026-05-31 10:13:58] Experiment:             hpgrid537_bs4_lr0p0003_clip1_start2_test0p4_iir_none
[2026-05-31 10:13:58] Subjects:               50
[2026-05-31 10:13:58] Model:                  SignalJEPA_PreLocal
[2026-05-31 10:13:58] Pretrained mode:        from_pretrained
[2026-05-31 10:13:58] Strategy:               new
[2026-05-31 10:13:58] Preprocessing:          none | ref=average | resample=True->128 | filter=True 0.5–40.0 iir
[2026-05-31 10:13:58] Window:                 start=2s | 4.195s / 537 samples
[2026-05-31 10:13:58] Artifacts:              /home/vegorov/Repos/eeg_jepa_research/artifacts/liu2024-source-mat-sjepa-prelocal/20260531_0950_abb6b630
[2026-05-31 10:13:58] Mean Accuracy:          0.5545 ± 0.1604
[2026-05-31 10:13:58] Mean Balanced Accuracy: 0.5545 ± 0.1604
[2026-05-31 10:13:58] ======================================================================

[2026-05-31 10:13:58] Spatial convolution analysis saved:
[2026-05-31 10:13:58]   Long channel CSV:        /home/vegorov/Repos/eeg_jepa_research/artifacts/liu2024-source-mat-sjepa-prelocal/20260531_0950_abb6b630/spatial_conv_analysis/spatial_channel_importance_long.csv
[2026-05-31 10:13:58]   Fold diagnostics CSV:    /home/vegorov/Repos/eeg_jepa_research/artifacts/liu2024-source-mat-sjepa-prelocal/20260531_0950_abb6b630/spatial_conv_analysis/fold_diagnostics.csv
[2026-05-31 10:13:58]   Fold weight JSON:        /home/vegorov/Repos/eeg_jepa_research/artifacts/liu2024-source-mat-sjepa-prelocal/20260531_0950_abb6b630/spatial_conv_analysis/spatial_conv_weights_by_fold.json
[2026-05-31 10:13:58]   Global importance CSV:   /home/vegorov/Repos/eeg_jepa_research/artifacts/liu2024-source-mat-sjepa-prelocal/20260531_0950_abb6b630/spatial_conv_analysis/spatial_channel_importance_global.csv
[2026-05-31 10:13:58]   Subject importance CSV:  /home/vegorov/Repos/eeg_jepa_research/artifacts/liu2024-source-mat-sjepa-prelocal/20260531_0950_abb6b630/spatial_conv_analysis/spatial_channel_importance_by_subject.csv
[2026-05-31 10:13:58]   Diagnostic summary JSON: /home/vegorov/Repos/eeg_jepa_research/artifacts/liu2024-source-mat-sjepa-prelocal/20260531_0950_abb6b630/spatial_conv_analysis/diagnostic_summary.json

[2026-05-31 10:13:58] Diagnostic summary:
[2026-05-31 10:13:58] {
  "n_folds": 250,
  "collapse_rate": 0.376,
  "mean_collapse_ratio": 0.7885,
  "mean_spatial_delta_l2": 0.46717016028,
  "mean_spatial_relative_delta": 0.39143552712,
  "spatial_changed_rate": 1.0,
  "mean_confidence": 0.57757712072,
  "mean_normalized_prediction_entropy": 0.9352069939999998
}

[2026-05-31 10:13:58] Top global channels by mean absolute spatial weight:
[2026-05-31 10:13:58] CV results saved to:      /home/vegorov/Repos/eeg_jepa_research/artifacts/liu2024-source-mat-sjepa-prelocal/20260531_0950_abb6b630/cv_results.json
[2026-05-31 10:13:58] Subject metrics saved to: /home/vegorov/Repos/eeg_jepa_research/artifacts/liu2024-source-mat-sjepa-prelocal/20260531_0950_abb6b630/subject_metrics.json
[2026-05-31 10:13:58] Global metrics saved to:  /home/vegorov/Repos/eeg_jepa_research/artifacts/liu2024-source-mat-sjepa-prelocal/20260531_0950_abb6b630/global_metrics.json
[2026-05-31 10:13:58] Subject performance plot: /home/vegorov/Repos/eeg_jepa_research/artifacts/liu2024-source-mat-sjepa-prelocal/20260531_0950_abb6b630/sjepa_prelocal_subject_performance.png
[2026-05-31 10:13:58] Global performance plot:  /home/vegorov/Repos/eeg_jepa_research/artifacts/liu2024-source-mat-sjepa-prelocal/20260531_0950_abb6b630/sjepa_prelocal_global_performance_summary.png
[2026-05-31 10:13:58] Confusion matrix plot:    /home/vegorov/Repos/eeg_jepa_research/artifacts/liu2024-source-mat-sjepa-prelocal/20260531_0950_abb6b630/sjepa_prelocal_aggregated_confusion_matrix.png
[2026-05-31 10:13:58] Run metadata saved to:    /home/vegorov/Repos/eeg_jepa_research/artifacts/liu2024-source-mat-sjepa-prelocal/20260531_0950_abb6b630/run_metadata.json

[2026-05-31 10:13:58] All artifacts in: /home/vegorov/Repos/eeg_jepa_research/artifacts/liu2024-source-mat-sjepa-prelocal/20260531_0950_abb6b630
