{
  "mean_accuracy": 0.5348214285714286,
  "std_accuracy": 0.08922914874857071,
  "mean_balanced_accuracy": 0.5348214285714286,
  "std_balanced_accuracy": 0.08922914874857071,
  "n_groups": 9,
  "n_folds_total": 45
}