{
  "1": {
    "accuracies": [
      0.59375,
      0.4375,
      0.5625,
      0.53125,
      0.65625
    ],
    "balanced_accuracies": [
      0.59375,
      0.4375,
      0.5625,
      0.53125,
      0.65625
    ],
    "mean_accuracy": 0.55625,
    "std_accuracy": 0.0723489806424389,
    "mean_balanced_accuracy": 0.55625,
    "std_balanced_accuracy": 0.0723489806424389
  },
  "2": {
    "accuracies": [
      0.53125,
      0.53125,
      0.5,
      0.4375,
      0.5
    ],
    "balanced_accuracies": [
      0.53125,
      0.53125,
      0.5,
      0.4375,
      0.5
    ],
    "mean_accuracy": 0.5,
    "std_accuracy": 0.03423265984407288,
    "mean_balanced_accuracy": 0.5,
    "std_balanced_accuracy": 0.03423265984407288
  },
  "3": {
    "accuracies": [
      0.53125,
      0.40625,
      0.5,
      0.59375,
      0.40625
    ],
    "balanced_accuracies": [
      0.53125,
      0.40625,
      0.5,
      0.59375,
      0.40625
    ],
    "mean_accuracy": 0.4875,
    "std_accuracy": 0.07288689868556625,
    "mean_balanced_accuracy": 0.4875,
    "std_balanced_accuracy": 0.07288689868556625
  },
  "4": {
    "accuracies": [
      0.71875,
      0.75,
      0.53125,
      0.5,
      0.5625
    ],
    "balanced_accuracies": [
      0.71875,
      0.75,
      0.53125,
      0.5,
      0.5625
    ],
    "mean_accuracy": 0.6125,
    "std_accuracy": 0.10193441518937556,
    "mean_balanced_accuracy": 0.6125,
    "std_balanced_accuracy": 0.10193441518937556
  },
  "5": {
    "accuracies": [
      0.53125,
      0.625,
      0.46875,
      0.46875,
      0.59375
    ],
    "balanced_accuracies": [
      0.53125,
      0.625,
      0.46875,
      0.46875,
      0.59375
    ],
    "mean_accuracy": 0.5375,
    "std_accuracy": 0.06373774391990981,
    "mean_balanced_accuracy": 0.5375,
    "std_balanced_accuracy": 0.06373774391990981
  },
  "6": {
    "accuracies": [
      0.6428571428571429,
      0.6071428571428571,
      0.6428571428571429,
      0.5357142857142857,
      0.35714285714285715
    ],
    "balanced_accuracies": [
      0.6428571428571428,
      0.6071428571428572,
      0.6428571428571428,
      0.5357142857142857,
      0.3571428571428571
    ],
    "mean_accuracy": 0.5571428571428572,
    "std_accuracy": 0.10738068841694935,
    "mean_balanced_accuracy": 0.5571428571428572,
    "std_balanced_accuracy": 0.10738068841694935
  },
  "7": {
    "accuracies": [
      0.4375,
      0.625,
      0.5625,
      0.4375,
      0.4375
    ],
    "balanced_accuracies": [
      0.4375,
      0.625,
      0.5625,
      0.4375,
      0.4375
    ],
    "mean_accuracy": 0.5,
    "std_accuracy": 0.07905694150420949,
    "mean_balanced_accuracy": 0.5,
    "std_balanced_accuracy": 0.07905694150420949
  },
  "8": {
    "accuracies": [
      0.59375,
      0.40625,
      0.46875,
      0.625,
      0.375
    ],
    "balanced_accuracies": [
      0.59375,
      0.40625,
      0.46875,
      0.625,
      0.375
    ],
    "mean_accuracy": 0.49375,
    "std_accuracy": 0.09960860906568267,
    "mean_balanced_accuracy": 0.49375,
    "std_balanced_accuracy": 0.09960860906568267
  },
  "9": {
    "accuracies": [
      0.5,
      0.5,
      0.625,
      0.625,
      0.59375
    ],
    "balanced_accuracies": [
      0.5,
      0.5,
      0.625,
      0.625,
      0.59375
    ],
    "mean_accuracy": 0.56875,
    "std_accuracy": 0.057282196186948006,
    "mean_balanced_accuracy": 0.56875,
    "std_balanced_accuracy": 0.057282196186948006
  }
}