[2026-05-27 04:33:47] Run ID:     20260527_0433_60f6e7fd
[2026-05-27 04:33:47] Artifacts:  /home/vegorov/Repos/eeg_jepa_research/artifacts/liu2024-source-mat-sjepa-prelocal/20260527_0433_60f6e7fd
[2026-05-27 04:33:47] Config:     /home/vegorov/Repos/eeg_jepa_research/artifacts/liu2024-source-mat-sjepa-prelocal/20260527_0433_60f6e7fd/config.json
[2026-05-27 04:33:47] Using device: cpu
[2026-05-27 04:33:47] Seed initialized: 2026
[2026-05-27 04:33:47] Configured preprocessing pipeline:
[2026-05-27 04:33:47]   - [ON] source::select_eeg_channels | - select Liu EEG channels, drop CPz reference, EOG, and marker before model input
[2026-05-27 04:33:47]   - [off] source::demean | mode=none | baseline_window_s=[0.0, 2.0]
[2026-05-27 04:33:47]   - [off] source::detrend | mode=none
[2026-05-27 04:33:47]   - [off] source::eog_correction | mode=none
[2026-05-27 04:33:47]   - [off] source::artifact_clipping | mode=none | percentile=99.5
[2026-05-27 04:33:47]   - [ON] mne_raw::reference | timing=before_resample_filter | mode=average
[2026-05-27 04:33:47]   - [ON] mne_raw::resample | sfreq=128
[2026-05-27 04:33:47]   - [ON] mne_raw::bandpass_filter | l_freq=0.5 | h_freq=40.0 | method=fir | phase=zero | fir_design=firwin
[2026-05-27 04:33:47]   - [off] mne_raw::notch_filter | timing=after_bandpass
[2026-05-27 04:33:47]   - [ON] window::crop_fixed_mi_window | start_s=2.0 | target_window_samples=537
[2026-05-27 04:33:47]   - [off] window::bad_trial_rejection
[2026-05-27 04:33:47]   - [off] split::fold_safe_normalization | mode=none
[2026-05-27 04:33:47] Source extract dir: /home/vegorov/Repos/eeg_jepa_research/liu2024_data/liu2024_figshare/sourcedata
[2026-05-27 04:33:47] Found 50 .mat files
[2026-05-27 04:33:48] MAT structure preview saved to: /home/vegorov/Repos/eeg_jepa_research/artifacts/liu2024-source-mat-sjepa-prelocal/20260527_0433_60f6e7fd/mat_structure_preview_first_subject.csv
[2026-05-27 04:33:54] Subjects loaded: [1, 2, 3, 4, 5, 6, 7, 8, 9, 10, 11, 12, 13, 14, 15, 16, 17, 18, 19, 20, 21, 22, 23, 24, 25, 26, 27, 28, 29, 30, 31, 32, 33, 34, 35, 36, 37, 38, 39, 40, 41, 42, 43, 44, 45, 46, 47, 48, 49, 50]
[2026-05-27 04:33:54] Subject inventory saved to: /home/vegorov/Repos/eeg_jepa_research/artifacts/liu2024-source-mat-sjepa-prelocal/20260527_0433_60f6e7fd/subject_inventory.csv
[2026-05-27 04:34:07] X_ALL shape: (2000, 29, 537) | Y_ALL counts: [1000, 1000]
[2026-05-27 04:34:07] Preprocessing steps used:
[2026-05-27 04:34:07]   - select 29 EEG channels; drop CPz source reference, EOG, and marker
[2026-05-27 04:34:07]   - source demean skipped
[2026-05-27 04:34:07]   - source detrend skipped
[2026-05-27 04:34:07]   - EOG correction skipped
[2026-05-27 04:34:07]   - source artifact clipping skipped
[2026-05-27 04:34:07]   - convert source microvolts to MNE volts
[2026-05-27 04:34:07]   - average reference at before resample/filter
[2026-05-27 04:34:07]   - resample to 128 Hz
[2026-05-27 04:34:07]   - FIR bandpass 0.5–40.0 Hz | phase=zero | fir_design=firwin
[2026-05-27 04:34:07]   - convert MNE volts to model microvolts
[2026-05-27 04:34:07]   - crop fixed window samples [256:793]
[2026-05-27 04:34:07]   - bad-trial rejection skipped
[2026-05-27 04:34:07] Window summary saved to: /home/vegorov/Repos/eeg_jepa_research/artifacts/liu2024-source-mat-sjepa-prelocal/20260527_0433_60f6e7fd/window_counts_by_subject.csv
[2026-05-27 04:34:07] ======================================================================
[2026-05-27 04:34:07] STARTING WITHIN-SUBJECT EVALUATION
[2026-05-27 04:34:07] ======================================================================
[2026-05-27 04:34:07] Experiment:    s193_E_finaleval_p00_current_moabb_liu2024_repeated_60_40
[2026-05-27 04:34:07] Subjects:      ['1', '2', '3', '4', '5', '6', '7', '8', '9', '10', '11', '12', '13', '14', '15', '16', '17', '18', '19', '20', '21', '22', '23', '24', '25', '26', '27', '28', '29', '30', '31', '32', '33', '34', '35', '36', '37', '38', '39', '40', '41', '42', '43', '44', '45', '46', '47', '48', '49', '50']
[2026-05-27 04:34:07] Model:         SignalJEPA_PreLocal
[2026-05-27 04:34:07] Pretrained:    from_pretrained
[2026-05-27 04:34:07] Strategy:      new
[2026-05-27 04:34:07] Preprocessing: demean=none | detrend=none | eog=none | clip=none | ref=average@before_resample_filter | resample=True->128 | filter=True 0.5–40.0 fir
[2026-05-27 04:34:07] Normalization: none | reject_bad_trials=False
[2026-05-27 04:34:07] Evaluation:    liu2024_repeated_60_40 | cv_folds=5 | n_repeats=10 | test_size=0.4
[2026-05-27 04:34:07] Seed:          base=2026 | cv=2026 | split=2026 | val=2026
[2026-05-27 04:34:07] Window:        start=2.0s | samples=537 | duration=4.1953s | effective sfreq=128.0
[2026-05-27 04:34:07] Optimizer:     adam | lr=0.0005 | wd=0.0
[2026-05-27 04:34:07] Augmentation:  noise=0.0 | shift=0 | ch_drop=0.0
[2026-05-27 04:34:07] Val split:     0.2
[2026-05-27 04:34:07] Max epochs:    5000 | patience=50
[2026-05-27 04:34:07] Device:        cpu
[2026-05-27 04:34:07] ======================================================================
[2026-05-27 04:34:07] \nSubject 1: 40 windows | class_counts=[20, 20]

[2026-05-27 04:34:08] Fold 1/10 | subject=1
[2026-05-27 04:34:08]     Train: 24 | counts=[12, 12]
[2026-05-27 04:34:08]     Test:  16 | counts=[8, 8]
[2026-05-27 04:34:08]     Model: SignalJEPA_PreLocal | Pretrained: from_pretrained | Strategy: new
[2026-05-27 04:34:08]     Normalization: none | fit_scope=none
[2026-05-27 04:34:08]     Phase 1 (new): 2,170/16,010 params
[2026-05-27 04:34:08]     Result | best_epoch=1 | stop=51 | final_phase_epochs=51 | acc=0.5625 | bal_acc=0.5625 | pred_hist=[1, 15] | collapse=True
[2026-05-27 04:34:08]     spatial_conv=[4, 29] top_abs_channels=[('Pz', 0.15328901), ('O2', 0.14414139), ('T3', 0.12698479), ('T4', 0.12208758), ('O1', 0.12161212), ('CP3', 0.12112439), ('C3', 0.11573088), ('CP4', 0.1104332)]
[2026-05-27 04:34:08]     spatial_update=delta_l2=0.00538482 max_abs=0.00050000 relative=0.00451187 changed=True

[2026-05-27 04:34:08] Fold 2/10 | subject=1
[2026-05-27 04:34:08]     Train: 24 | counts=[12, 12]
[2026-05-27 04:34:08]     Test:  16 | counts=[8, 8]
[2026-05-27 04:34:08]     Model: SignalJEPA_PreLocal | Pretrained: from_pretrained | Strategy: new
[2026-05-27 04:34:08]     Normalization: none | fit_scope=none
[2026-05-27 04:34:08]     Phase 1 (new): 2,170/16,010 params
[2026-05-27 04:34:09]     Result | best_epoch=1 | stop=51 | final_phase_epochs=51 | acc=0.5625 | bal_acc=0.5625 | pred_hist=[1, 15] | collapse=True
[2026-05-27 04:34:09]     spatial_conv=[4, 29] top_abs_channels=[('Pz', 0.15303901), ('O2', 0.14464137), ('T3', 0.12648477), ('T4', 0.12208758), ('O1', 0.12186213), ('CP3', 0.1208744), ('C3', 0.1154809), ('CP4', 0.11118311)]
[2026-05-27 04:34:09]     spatial_update=delta_l2=0.00538501 max_abs=0.00050000 relative=0.00451203 changed=True

[2026-05-27 04:34:09] Fold 3/10 | subject=1
[2026-05-27 04:34:09]     Train: 24 | counts=[12, 12]
[2026-05-27 04:34:09]     Test:  16 | counts=[8, 8]
[2026-05-27 04:34:09]     Model: SignalJEPA_PreLocal | Pretrained: from_pretrained | Strategy: new
[2026-05-27 04:34:09]     Normalization: none | fit_scope=none
[2026-05-27 04:34:09]     Phase 1 (new): 2,170/16,010 params
[2026-05-27 04:34:09]     Result | best_epoch=5 | stop=52 | final_phase_epochs=52 | acc=0.4375 | bal_acc=0.4375 | pred_hist=[1, 15] | collapse=True
[2026-05-27 04:34:09]     spatial_conv=[4, 29] top_abs_channels=[('Pz', 0.15207788), ('O2', 0.14422071), ('T3', 0.12682119), ('T4', 0.12184875), ('O1', 0.12145095), ('CP3', 0.12046733), ('C3', 0.11621138), ('CP4', 0.11170499)]
[2026-05-27 04:34:09]     spatial_update=delta_l2=0.00945169 max_abs=0.00100068 relative=0.00791945 changed=True

[2026-05-27 04:34:10] Fold 4/10 | subject=1
[2026-05-27 04:34:10]     Train: 24 | counts=[12, 12]
[2026-05-27 04:34:10]     Test:  16 | counts=[8, 8]
[2026-05-27 04:34:10]     Model: SignalJEPA_PreLocal | Pretrained: from_pretrained | Strategy: new
[2026-05-27 04:34:10]     Normalization: none | fit_scope=none
[2026-05-27 04:34:10]     Phase 1 (new): 2,170/16,010 params
[2026-05-27 04:34:12]     Result | best_epoch=667 | stop=717 | final_phase_epochs=717 | acc=0.2500 | bal_acc=0.2500 | pred_hist=[12, 4] | collapse=False
[2026-05-27 04:34:12]     spatial_conv=[4, 29] top_abs_channels=[('TP7', 0.21702215), ('F4', 0.16089936), ('FCz', 0.1472107), ('O2', 0.12956481), ('CP4', 0.12097052), ('Fz', 0.11268459), ('C4', 0.10975355), ('T5', 0.10554536)]
[2026-05-27 04:34:12]     spatial_update=delta_l2=1.27962399 max_abs=0.32335318 relative=1.07217955 changed=True

[2026-05-27 04:34:13] Fold 5/10 | subject=1
[2026-05-27 04:34:13]     Train: 24 | counts=[12, 12]
[2026-05-27 04:34:13]     Test:  16 | counts=[8, 8]
[2026-05-27 04:34:13]     Model: SignalJEPA_PreLocal | Pretrained: from_pretrained | Strategy: new
[2026-05-27 04:34:13]     Normalization: none | fit_scope=none
[2026-05-27 04:34:13]     Phase 1 (new): 2,170/16,010 params
[2026-05-27 04:34:13]     Result | best_epoch=1 | stop=51 | final_phase_epochs=51 | acc=0.6250 | bal_acc=0.6250 | pred_hist=[2, 14] | collapse=False
[2026-05-27 04:34:13]     spatial_conv=[4, 29] top_abs_channels=[('Pz', 0.15278903), ('O2', 0.14414138), ('T3', 0.12673478), ('T4', 0.12233759), ('O1', 0.12186212), ('CP3', 0.12087439), ('C3', 0.11573088), ('CP4', 0.11093313)]
[2026-05-27 04:34:13]     spatial_update=delta_l2=0.00538502 max_abs=0.00050000 relative=0.00451204 changed=True

[2026-05-27 04:34:14] Fold 6/10 | subject=1
[2026-05-27 04:34:14]     Train: 24 | counts=[12, 12]
[2026-05-27 04:34:14]     Test:  16 | counts=[8, 8]
[2026-05-27 04:34:14]     Model: SignalJEPA_PreLocal | Pretrained: from_pretrained | Strategy: new
[2026-05-27 04:34:14]     Normalization: none | fit_scope=none
[2026-05-27 04:34:14]     Phase 1 (new): 2,170/16,010 params
[2026-05-27 04:34:14]     Result | best_epoch=1 | stop=51 | final_phase_epochs=51 | acc=0.6250 | bal_acc=0.6250 | pred_hist=[2, 14] | collapse=False
[2026-05-27 04:34:14]     spatial_conv=[4, 29] top_abs_channels=[('Pz', 0.15278903), ('O2', 0.14439137), ('T3', 0.12673479), ('T4', 0.12158759), ('O1', 0.12136213), ('CP3', 0.12112439), ('C3', 0.1154809), ('CP4', 0.11118313)]
[2026-05-27 04:34:14]     spatial_update=delta_l2=0.00538478 max_abs=0.00050000 relative=0.00451184 changed=True

[2026-05-27 04:34:14] Fold 7/10 | subject=1
[2026-05-27 04:34:14]     Train: 24 | counts=[12, 12]
[2026-05-27 04:34:14]     Test:  16 | counts=[8, 8]
[2026-05-27 04:34:14]     Model: SignalJEPA_PreLocal | Pretrained: from_pretrained | Strategy: new
[2026-05-27 04:34:14]     Normalization: none | fit_scope=none
[2026-05-27 04:34:14]     Phase 1 (new): 2,170/16,010 params
[2026-05-27 04:34:15]     Result | best_epoch=1 | stop=51 | final_phase_epochs=51 | acc=0.5625 | bal_acc=0.5625 | pred_hist=[3, 13] | collapse=False
[2026-05-27 04:34:15]     spatial_conv=[4, 29] top_abs_channels=[('Pz', 0.15278901), ('O2', 0.14389139), ('T3', 0.12673497), ('O1', 0.1221121), ('T4', 0.12208802), ('CP3', 0.12137438), ('C3', 0.1152309), ('CP4', 0.1109332)]
[2026-05-27 04:34:15]     spatial_update=delta_l2=0.00538479 max_abs=0.00050000 relative=0.00451185 changed=True

[2026-05-27 04:34:15] Fold 8/10 | subject=1
[2026-05-27 04:34:15]     Train: 24 | counts=[12, 12]
[2026-05-27 04:34:15]     Test:  16 | counts=[8, 8]
[2026-05-27 04:34:15]     Model: SignalJEPA_PreLocal | Pretrained: from_pretrained | Strategy: new
[2026-05-27 04:34:15]     Normalization: none | fit_scope=none
[2026-05-27 04:34:15]     Phase 1 (new): 2,170/16,010 params
[2026-05-27 04:34:15]     Result | best_epoch=1 | stop=51 | final_phase_epochs=51 | acc=0.5625 | bal_acc=0.5625 | pred_hist=[1, 15] | collapse=True
[2026-05-27 04:34:15]     spatial_conv=[4, 29] top_abs_channels=[('Pz', 0.15303901), ('O2', 0.14414138), ('T3', 0.12673479), ('O1', 0.12186212), ('T4', 0.12183763), ('CP3', 0.12112434), ('C3', 0.11548091), ('CP4', 0.11118313)]
[2026-05-27 04:34:15]     spatial_update=delta_l2=0.00538486 max_abs=0.00050000 relative=0.00451190 changed=True

[2026-05-27 04:34:16] Fold 9/10 | subject=1
[2026-05-27 04:34:16]     Train: 24 | counts=[12, 12]
[2026-05-27 04:34:16]     Test:  16 | counts=[8, 8]
[2026-05-27 04:34:16]     Model: SignalJEPA_PreLocal | Pretrained: from_pretrained | Strategy: new
[2026-05-27 04:34:16]     Normalization: none | fit_scope=none
[2026-05-27 04:34:16]     Phase 1 (new): 2,170/16,010 params
[2026-05-27 04:34:16]     Result | best_epoch=1 | stop=51 | final_phase_epochs=51 | acc=0.5000 | bal_acc=0.5000 | pred_hist=[0, 16] | collapse=True
[2026-05-27 04:34:16]     spatial_conv=[4, 29] top_abs_channels=[('Pz', 0.1527891), ('O2', 0.14414138), ('T3', 0.12673478), ('T4', 0.12208758), ('O1', 0.12161212), ('CP3', 0.1211244), ('C3', 0.11548089), ('CP4', 0.11093313)]
[2026-05-27 04:34:16]     spatial_update=delta_l2=0.00538484 max_abs=0.00050000 relative=0.00451188 changed=True

[2026-05-27 04:34:17] Fold 10/10 | subject=1
[2026-05-27 04:34:17]     Train: 24 | counts=[12, 12]
[2026-05-27 04:34:17]     Test:  16 | counts=[8, 8]
[2026-05-27 04:34:17]     Model: SignalJEPA_PreLocal | Pretrained: from_pretrained | Strategy: new
[2026-05-27 04:34:17]     Normalization: none | fit_scope=none
[2026-05-27 04:34:17]     Phase 1 (new): 2,170/16,010 params
[2026-05-27 04:34:17]     Result | best_epoch=1 | stop=51 | final_phase_epochs=51 | acc=0.6250 | bal_acc=0.6250 | pred_hist=[2, 14] | collapse=False
[2026-05-27 04:34:17]     spatial_conv=[4, 29] top_abs_channels=[('Pz', 0.15328901), ('O2', 0.14414138), ('T3', 0.12673479), ('O1', 0.12211212), ('T4', 0.12208758), ('CP3', 0.12062441), ('C3', 0.11573089), ('CP4', 0.11093313)]
[2026-05-27 04:34:17]     spatial_update=delta_l2=0.00538493 max_abs=0.00050000 relative=0.00451196 changed=True
[2026-05-27 04:34:17]   Subject 1: acc=0.5312±0.1092  bal_acc=0.5312±0.1092
[2026-05-27 04:34:17] \nSubject 2: 40 windows | class_counts=[20, 20]

[2026-05-27 04:34:17] Fold 1/10 | subject=2
[2026-05-27 04:34:17]     Train: 24 | counts=[12, 12]
[2026-05-27 04:34:17]     Test:  16 | counts=[8, 8]
[2026-05-27 04:34:17]     Model: SignalJEPA_PreLocal | Pretrained: from_pretrained | Strategy: new
[2026-05-27 04:34:17]     Normalization: none | fit_scope=none
[2026-05-27 04:34:17]     Phase 1 (new): 2,170/16,010 params
[2026-05-27 04:34:18]     Result | best_epoch=38 | stop=86 | final_phase_epochs=86 | acc=0.5625 | bal_acc=0.5625 | pred_hist=[7, 9] | collapse=False
[2026-05-27 04:34:18]     spatial_conv=[4, 29] top_abs_channels=[('Pz', 0.1477336), ('O2', 0.13712819), ('T3', 0.1338276), ('O1', 0.13315982), ('CP3', 0.12782881), ('T4', 0.12070701), ('CP4', 0.12049185), ('C3', 0.11366916)]
[2026-05-27 04:34:18]     spatial_update=delta_l2=0.15199881 max_abs=0.01935135 relative=0.12735774 changed=True

[2026-05-27 04:34:18] Fold 2/10 | subject=2
[2026-05-27 04:34:18]     Train: 24 | counts=[12, 12]
[2026-05-27 04:34:18]     Test:  16 | counts=[8, 8]
[2026-05-27 04:34:18]     Model: SignalJEPA_PreLocal | Pretrained: from_pretrained | Strategy: new
[2026-05-27 04:34:18]     Normalization: none | fit_scope=none
[2026-05-27 04:34:18]     Phase 1 (new): 2,170/16,010 params
[2026-05-27 04:34:19]     Result | best_epoch=81 | stop=131 | final_phase_epochs=131 | acc=0.7500 | bal_acc=0.7500 | pred_hist=[10, 6] | collapse=False
[2026-05-27 04:34:19]     spatial_conv=[4, 29] top_abs_channels=[('Pz', 0.16033559), ('T3', 0.15072373), ('O2', 0.13817352), ('O1', 0.13339981), ('CP4', 0.12790003), ('CP3', 0.12756692), ('T4', 0.12605932), ('Fz', 0.12071261)]
[2026-05-27 04:34:19]     spatial_update=delta_l2=0.31406499 max_abs=0.04785605 relative=0.26315078 changed=True

[2026-05-27 04:34:19] Fold 3/10 | subject=2
[2026-05-27 04:34:19]     Train: 24 | counts=[12, 12]
[2026-05-27 04:34:19]     Test:  16 | counts=[8, 8]
[2026-05-27 04:34:19]     Model: SignalJEPA_PreLocal | Pretrained: from_pretrained | Strategy: new
[2026-05-27 04:34:19]     Normalization: none | fit_scope=none
[2026-05-27 04:34:19]     Phase 1 (new): 2,170/16,010 params
[2026-05-27 04:34:23]     Result | best_epoch=1014 | stop=1064 | final_phase_epochs=1064 | acc=0.6875 | bal_acc=0.6875 | pred_hist=[9, 7] | collapse=False
[2026-05-27 04:34:23]     spatial_conv=[4, 29] top_abs_channels=[('T6', 0.19951445), ('FCz', 0.17973083), ('Pz', 0.17889868), ('C4', 0.17366372), ('FC3', 0.15141505), ('CP3', 0.14818263), ('C3', 0.14325348), ('TP8', 0.12402511)]
[2026-05-27 04:34:23]     spatial_update=delta_l2=1.38573187 max_abs=0.40118212 relative=1.16108590 changed=True

[2026-05-27 04:34:23] Fold 4/10 | subject=2
[2026-05-27 04:34:23]     Train: 24 | counts=[12, 12]
[2026-05-27 04:34:23]     Test:  16 | counts=[8, 8]
[2026-05-27 04:34:23]     Model: SignalJEPA_PreLocal | Pretrained: from_pretrained | Strategy: new
[2026-05-27 04:34:23]     Normalization: none | fit_scope=none
[2026-05-27 04:34:23]     Phase 1 (new): 2,170/16,010 params
[2026-05-27 04:34:24]     Result | best_epoch=2 | stop=52 | final_phase_epochs=52 | acc=0.5625 | bal_acc=0.5625 | pred_hist=[1, 15] | collapse=True
[2026-05-27 04:34:24]     spatial_conv=[4, 29] top_abs_channels=[('Pz', 0.15305887), ('O2', 0.14401084), ('T3', 0.12675966), ('O1', 0.12235574), ('T4', 0.12191592), ('CP3', 0.12162288), ('C3', 0.11521481), ('CP4', 0.11094154)]
[2026-05-27 04:34:24]     spatial_update=delta_l2=0.01036021 max_abs=0.00100067 relative=0.00868068 changed=True

[2026-05-27 04:34:24] Fold 5/10 | subject=2
[2026-05-27 04:34:24]     Train: 24 | counts=[12, 12]
[2026-05-27 04:34:24]     Test:  16 | counts=[8, 8]
[2026-05-27 04:34:24]     Model: SignalJEPA_PreLocal | Pretrained: from_pretrained | Strategy: new
[2026-05-27 04:34:24]     Normalization: none | fit_scope=none
[2026-05-27 04:34:24]     Phase 1 (new): 2,170/16,010 params
[2026-05-27 04:34:24]     Result | best_epoch=1 | stop=51 | final_phase_epochs=51 | acc=0.5000 | bal_acc=0.5000 | pred_hist=[0, 16] | collapse=True
[2026-05-27 04:34:24]     spatial_conv=[4, 29] top_abs_channels=[('Pz', 0.15303901), ('O2', 0.14414138), ('T3', 0.12673479), ('O1', 0.12211212), ('T4', 0.1220876), ('CP3', 0.12137438), ('C3', 0.1152309), ('CP4', 0.11093313)]
[2026-05-27 04:34:24]     spatial_update=delta_l2=0.00538506 max_abs=0.00050000 relative=0.00451206 changed=True

[2026-05-27 04:34:25] Fold 6/10 | subject=2
[2026-05-27 04:34:25]     Train: 24 | counts=[12, 12]
[2026-05-27 04:34:25]     Test:  16 | counts=[8, 8]
[2026-05-27 04:34:25]     Model: SignalJEPA_PreLocal | Pretrained: from_pretrained | Strategy: new
[2026-05-27 04:34:25]     Normalization: none | fit_scope=none
[2026-05-27 04:34:25]     Phase 1 (new): 2,170/16,010 params
[2026-05-27 04:34:26]     Result | best_epoch=122 | stop=172 | final_phase_epochs=172 | acc=0.6875 | bal_acc=0.6875 | pred_hist=[11, 5] | collapse=False
[2026-05-27 04:34:26]     spatial_conv=[4, 29] top_abs_channels=[('T3', 0.15105177), ('Pz', 0.14624868), ('O2', 0.13726504), ('T5', 0.12723996), ('T4', 0.1228199), ('FT7', 0.12269742), ('Fz', 0.12266459), ('O1', 0.11883265)]
[2026-05-27 04:34:26]     spatial_update=delta_l2=0.44871358 max_abs=0.07452645 relative=0.37597101 changed=True

[2026-05-27 04:34:26] Fold 7/10 | subject=2
[2026-05-27 04:34:26]     Train: 24 | counts=[12, 12]
[2026-05-27 04:34:26]     Test:  16 | counts=[8, 8]
[2026-05-27 04:34:26]     Model: SignalJEPA_PreLocal | Pretrained: from_pretrained | Strategy: new
[2026-05-27 04:34:26]     Normalization: none | fit_scope=none
[2026-05-27 04:34:26]     Phase 1 (new): 2,170/16,010 params
[2026-05-27 04:34:28]     Result | best_epoch=362 | stop=412 | final_phase_epochs=412 | acc=0.6875 | bal_acc=0.6875 | pred_hist=[9, 7] | collapse=False
[2026-05-27 04:34:28]     spatial_conv=[4, 29] top_abs_channels=[('Pz', 0.19046202), ('CP3', 0.18359321), ('T6', 0.15618236), ('Fz', 0.13855304), ('FC3', 0.13307482), ('F7', 0.12035247), ('TP8', 0.10732973), ('CP4', 0.10541115)]
[2026-05-27 04:34:28]     spatial_update=delta_l2=1.02751788 max_abs=0.23147466 relative=0.86094327 changed=True

[2026-05-27 04:34:29] Fold 8/10 | subject=2
[2026-05-27 04:34:29]     Train: 24 | counts=[12, 12]
[2026-05-27 04:34:29]     Test:  16 | counts=[8, 8]
[2026-05-27 04:34:29]     Model: SignalJEPA_PreLocal | Pretrained: from_pretrained | Strategy: new
[2026-05-27 04:34:29]     Normalization: none | fit_scope=none
[2026-05-27 04:34:29]     Phase 1 (new): 2,170/16,010 params
[2026-05-27 04:34:30]     Result | best_epoch=299 | stop=349 | final_phase_epochs=349 | acc=0.5000 | bal_acc=0.5000 | pred_hist=[8, 8] | collapse=False
[2026-05-27 04:34:30]     spatial_conv=[4, 29] top_abs_channels=[('CP3', 0.15070358), ('T3', 0.1463611), ('Cz', 0.13892835), ('F7', 0.13869163), ('Pz', 0.12395866), ('CP4', 0.11452367), ('Fz', 0.11438508), ('T6', 0.10256854)]
[2026-05-27 04:34:30]     spatial_update=delta_l2=0.91845514 max_abs=0.16981233 relative=0.76956108 changed=True

[2026-05-27 04:34:30] Fold 9/10 | subject=2
[2026-05-27 04:34:30]     Train: 24 | counts=[12, 12]
[2026-05-27 04:34:30]     Test:  16 | counts=[8, 8]
[2026-05-27 04:34:30]     Model: SignalJEPA_PreLocal | Pretrained: from_pretrained | Strategy: new
[2026-05-27 04:34:30]     Normalization: none | fit_scope=none
[2026-05-27 04:34:30]     Phase 1 (new): 2,170/16,010 params
[2026-05-27 04:34:31]     Result | best_epoch=197 | stop=247 | final_phase_epochs=247 | acc=0.8125 | bal_acc=0.8125 | pred_hist=[9, 7] | collapse=False
[2026-05-27 04:34:31]     spatial_conv=[4, 29] top_abs_channels=[('T3', 0.15782823), ('CP3', 0.14291281), ('Pz', 0.1421001), ('Fz', 0.14164777), ('O2', 0.13619024), ('O1', 0.13573714), ('CP4', 0.12245513), ('T4', 0.12123431)]
[2026-05-27 04:34:31]     spatial_update=delta_l2=0.68340896 max_abs=0.12096250 relative=0.57261907 changed=True

[2026-05-27 04:34:32] Fold 10/10 | subject=2
[2026-05-27 04:34:32]     Train: 24 | counts=[12, 12]
[2026-05-27 04:34:32]     Test:  16 | counts=[8, 8]
[2026-05-27 04:34:32]     Model: SignalJEPA_PreLocal | Pretrained: from_pretrained | Strategy: new
[2026-05-27 04:34:32]     Normalization: none | fit_scope=none
[2026-05-27 04:34:32]     Phase 1 (new): 2,170/16,010 params
[2026-05-27 04:34:33]     Result | best_epoch=455 | stop=504 | final_phase_epochs=504 | acc=0.4375 | bal_acc=0.4375 | pred_hist=[7, 9] | collapse=False
[2026-05-27 04:34:33]     spatial_conv=[4, 29] top_abs_channels=[('T3', 0.1535801), ('Fz', 0.15144759), ('CP3', 0.14787775), ('Cz', 0.14591102), ('P4', 0.12786753), ('O2', 0.12257419), ('Pz', 0.1214058), ('CP4', 0.11925657)]
[2026-05-27 04:34:33]     spatial_update=delta_l2=1.05330987 max_abs=0.22235158 relative=0.88255402 changed=True
[2026-05-27 04:34:33]   Subject 2: acc=0.6188±0.1168  bal_acc=0.6188±0.1168
[2026-05-27 04:34:33] \nSubject 3: 40 windows | class_counts=[20, 20]

[2026-05-27 04:34:34] Fold 1/10 | subject=3
[2026-05-27 04:34:34]     Train: 24 | counts=[12, 12]
[2026-05-27 04:34:34]     Test:  16 | counts=[8, 8]
[2026-05-27 04:34:34]     Model: SignalJEPA_PreLocal | Pretrained: from_pretrained | Strategy: new
[2026-05-27 04:34:34]     Normalization: none | fit_scope=none
[2026-05-27 04:34:34]     Phase 1 (new): 2,170/16,010 params
[2026-05-27 04:34:34]     Result | best_epoch=9 | stop=58 | final_phase_epochs=58 | acc=0.5625 | bal_acc=0.5625 | pred_hist=[3, 13] | collapse=False
[2026-05-27 04:34:34]     spatial_conv=[4, 29] top_abs_channels=[('Pz', 0.15359837), ('O2', 0.1461232), ('T3', 0.12701313), ('O1', 0.12179067), ('T4', 0.1215311), ('CP3', 0.12108438), ('C3', 0.11698792), ('CP4', 0.11032902)]
[2026-05-27 04:34:34]     spatial_update=delta_l2=0.03366547 max_abs=0.00402978 relative=0.02820784 changed=True

[2026-05-27 04:34:35] Fold 2/10 | subject=3
[2026-05-27 04:34:35]     Train: 24 | counts=[12, 12]
[2026-05-27 04:34:35]     Test:  16 | counts=[8, 8]
[2026-05-27 04:34:35]     Model: SignalJEPA_PreLocal | Pretrained: from_pretrained | Strategy: new
[2026-05-27 04:34:35]     Normalization: none | fit_scope=none
[2026-05-27 04:34:35]     Phase 1 (new): 2,170/16,010 params
[2026-05-27 04:34:36]     Result | best_epoch=252 | stop=301 | final_phase_epochs=301 | acc=0.6250 | bal_acc=0.6250 | pred_hist=[8, 8] | collapse=False
[2026-05-27 04:34:36]     spatial_conv=[4, 29] top_abs_channels=[('CP3', 0.18564487), ('Pz', 0.1420916), ('CP4', 0.133526), ('F8', 0.1290434), ('FT7', 0.12858969), ('C4', 0.12673151), ('F7', 0.11071002), ('F4', 0.10938021)]
[2026-05-27 04:34:36]     spatial_update=delta_l2=0.98058955 max_abs=0.18090977 relative=0.82162265 changed=True

[2026-05-27 04:34:37] Fold 3/10 | subject=3
[2026-05-27 04:34:37]     Train: 24 | counts=[12, 12]
[2026-05-27 04:34:37]     Test:  16 | counts=[8, 8]
[2026-05-27 04:34:37]     Model: SignalJEPA_PreLocal | Pretrained: from_pretrained | Strategy: new
[2026-05-27 04:34:37]     Normalization: none | fit_scope=none
[2026-05-27 04:34:37]     Phase 1 (new): 2,170/16,010 params
[2026-05-27 04:34:37]     Result | best_epoch=145 | stop=195 | final_phase_epochs=195 | acc=0.6250 | bal_acc=0.6250 | pred_hist=[10, 6] | collapse=False
[2026-05-27 04:34:37]     spatial_conv=[4, 29] top_abs_channels=[('Pz', 0.16852321), ('O2', 0.16842866), ('P4', 0.1447798), ('CP4', 0.12679172), ('FT7', 0.12650561), ('T4', 0.12276979), ('TP8', 0.12013121), ('CP3', 0.11697355)]
[2026-05-27 04:34:37]     spatial_update=delta_l2=0.60893766 max_abs=0.10222417 relative=0.51022059 changed=True

[2026-05-27 04:34:38] Fold 4/10 | subject=3
[2026-05-27 04:34:38]     Train: 24 | counts=[12, 12]
[2026-05-27 04:34:38]     Test:  16 | counts=[8, 8]
[2026-05-27 04:34:38]     Model: SignalJEPA_PreLocal | Pretrained: from_pretrained | Strategy: new
[2026-05-27 04:34:38]     Normalization: none | fit_scope=none
[2026-05-27 04:34:38]     Phase 1 (new): 2,170/16,010 params
[2026-05-27 04:34:44]     Result | best_epoch=1654 | stop=1704 | final_phase_epochs=1704 | acc=0.6250 | bal_acc=0.6250 | pred_hist=[10, 6] | collapse=False
[2026-05-27 04:34:44]     spatial_conv=[4, 29] top_abs_channels=[('T5', 0.21131231), ('Pz', 0.15159366), ('FC3', 0.14492685), ('C4', 0.14353213), ('CP4', 0.14141709), ('FT7', 0.12202728), ('CP3', 0.11568813), ('P3', 0.11255745)]
[2026-05-27 04:34:44]     spatial_update=delta_l2=1.55680187 max_abs=0.39271629 relative=1.30442312 changed=True

[2026-05-27 04:34:44] Fold 5/10 | subject=3
[2026-05-27 04:34:44]     Train: 24 | counts=[12, 12]
[2026-05-27 04:34:44]     Test:  16 | counts=[8, 8]
[2026-05-27 04:34:44]     Model: SignalJEPA_PreLocal | Pretrained: from_pretrained | Strategy: new
[2026-05-27 04:34:44]     Normalization: none | fit_scope=none
[2026-05-27 04:34:44]     Phase 1 (new): 2,170/16,010 params
[2026-05-27 04:34:45]     Result | best_epoch=361 | stop=411 | final_phase_epochs=411 | acc=0.3750 | bal_acc=0.3750 | pred_hist=[8, 8] | collapse=False
[2026-05-27 04:34:45]     spatial_conv=[4, 29] top_abs_channels=[('F8', 0.19774926), ('FT7', 0.15026514), ('C4', 0.14870025), ('CP4', 0.14773488), ('T3', 0.14595558), ('T5', 0.14348306), ('C3', 0.14310218), ('CP3', 0.13340788)]
[2026-05-27 04:34:45]     spatial_update=delta_l2=1.13604546 max_abs=0.23215822 relative=0.95187705 changed=True

[2026-05-27 04:34:46] Fold 6/10 | subject=3
[2026-05-27 04:34:46]     Train: 24 | counts=[12, 12]
[2026-05-27 04:34:46]     Test:  16 | counts=[8, 8]
[2026-05-27 04:34:46]     Model: SignalJEPA_PreLocal | Pretrained: from_pretrained | Strategy: new
[2026-05-27 04:34:46]     Normalization: none | fit_scope=none
[2026-05-27 04:34:46]     Phase 1 (new): 2,170/16,010 params
[2026-05-27 04:34:47]     Result | best_epoch=312 | stop=362 | final_phase_epochs=362 | acc=0.6875 | bal_acc=0.6875 | pred_hist=[9, 7] | collapse=False
[2026-05-27 04:34:47]     spatial_conv=[4, 29] top_abs_channels=[('T4', 0.19448465), ('Pz', 0.16979004), ('CP4', 0.15845756), ('Fz', 0.13736852), ('F3', 0.12998873), ('CP3', 0.12281014), ('O2', 0.12191366), ('P4', 0.11147769)]
[2026-05-27 04:34:47]     spatial_update=delta_l2=1.00574713 max_abs=0.18394686 relative=0.84270184 changed=True

[2026-05-27 04:34:48] Fold 7/10 | subject=3
[2026-05-27 04:34:48]     Train: 24 | counts=[12, 12]
[2026-05-27 04:34:48]     Test:  16 | counts=[8, 8]
[2026-05-27 04:34:48]     Model: SignalJEPA_PreLocal | Pretrained: from_pretrained | Strategy: new
[2026-05-27 04:34:48]     Normalization: none | fit_scope=none
[2026-05-27 04:34:48]     Phase 1 (new): 2,170/16,010 params
[2026-05-27 04:34:49]     Result | best_epoch=293 | stop=341 | final_phase_epochs=341 | acc=0.6875 | bal_acc=0.6875 | pred_hist=[9, 7] | collapse=False
[2026-05-27 04:34:49]     spatial_conv=[4, 29] top_abs_channels=[('F8', 0.17195541), ('C3', 0.14968711), ('F4', 0.13758904), ('P4', 0.13611804), ('T6', 0.12995742), ('CP3', 0.11616553), ('Pz', 0.1160702), ('C4', 0.11286435)]
[2026-05-27 04:34:49]     spatial_update=delta_l2=1.06344843 max_abs=0.18350870 relative=0.89104898 changed=True

[2026-05-27 04:34:49] Fold 8/10 | subject=3
[2026-05-27 04:34:49]     Train: 24 | counts=[12, 12]
[2026-05-27 04:34:49]     Test:  16 | counts=[8, 8]
[2026-05-27 04:34:49]     Model: SignalJEPA_PreLocal | Pretrained: from_pretrained | Strategy: new
[2026-05-27 04:34:49]     Normalization: none | fit_scope=none
[2026-05-27 04:34:49]     Phase 1 (new): 2,170/16,010 params
[2026-05-27 04:34:51]     Result | best_epoch=262 | stop=312 | final_phase_epochs=312 | acc=0.5625 | bal_acc=0.5625 | pred_hist=[9, 7] | collapse=False
[2026-05-27 04:34:51]     spatial_conv=[4, 29] top_abs_channels=[('P4', 0.2334086), ('CP4', 0.14974709), ('Oz', 0.12408073), ('C3', 0.10810329), ('Fz', 0.10776865), ('T5', 0.10655142), ('CP3', 0.1032228), ('Cz', 0.10297406)]
[2026-05-27 04:34:51]     spatial_update=delta_l2=1.05317927 max_abs=0.16662014 relative=0.88244460 changed=True

[2026-05-27 04:34:51] Fold 9/10 | subject=3
[2026-05-27 04:34:51]     Train: 24 | counts=[12, 12]
[2026-05-27 04:34:51]     Test:  16 | counts=[8, 8]
[2026-05-27 04:34:51]     Model: SignalJEPA_PreLocal | Pretrained: from_pretrained | Strategy: new
[2026-05-27 04:34:51]     Normalization: none | fit_scope=none
[2026-05-27 04:34:51]     Phase 1 (new): 2,170/16,010 params
[2026-05-27 04:34:53]     Result | best_epoch=455 | stop=505 | final_phase_epochs=505 | acc=0.7500 | bal_acc=0.7500 | pred_hist=[6, 10] | collapse=False
[2026-05-27 04:34:53]     spatial_conv=[4, 29] top_abs_channels=[('T5', 0.25775981), ('FT7', 0.15180744), ('CP3', 0.13802826), ('CP4', 0.13012728), ('C4', 0.12994361), ('Pz', 0.12612562), ('F8', 0.11998846), ('FC3', 0.11765043)]
[2026-05-27 04:34:53]     spatial_update=delta_l2=1.29218383 max_abs=0.26048930 relative=1.08270326 changed=True

[2026-05-27 04:34:53] Fold 10/10 | subject=3
[2026-05-27 04:34:53]     Train: 24 | counts=[12, 12]
[2026-05-27 04:34:53]     Test:  16 | counts=[8, 8]
[2026-05-27 04:34:53]     Model: SignalJEPA_PreLocal | Pretrained: from_pretrained | Strategy: new
[2026-05-27 04:34:53]     Normalization: none | fit_scope=none
[2026-05-27 04:34:53]     Phase 1 (new): 2,170/16,010 params
[2026-05-27 04:34:58]     Result | best_epoch=1209 | stop=1259 | final_phase_epochs=1259 | acc=0.5000 | bal_acc=0.5000 | pred_hist=[8, 8] | collapse=False
[2026-05-27 04:34:58]     spatial_conv=[4, 29] top_abs_channels=[('T5', 0.2238777), ('F3', 0.15771136), ('Pz', 0.13939776), ('TP7', 0.13340729), ('C4', 0.13258421), ('C3', 0.12566546), ('Fz', 0.12349051), ('P3', 0.12146679)]
[2026-05-27 04:34:58]     spatial_update=delta_l2=1.35823832 max_abs=0.43498018 relative=1.13804943 changed=True
[2026-05-27 04:34:58]   Subject 3: acc=0.6000±0.1016  bal_acc=0.6000±0.1016
[2026-05-27 04:34:58] \nSubject 4: 40 windows | class_counts=[20, 20]

[2026-05-27 04:34:58] Fold 1/10 | subject=4
[2026-05-27 04:34:58]     Train: 24 | counts=[12, 12]
[2026-05-27 04:34:58]     Test:  16 | counts=[8, 8]
[2026-05-27 04:34:58]     Model: SignalJEPA_PreLocal | Pretrained: from_pretrained | Strategy: new
[2026-05-27 04:34:58]     Normalization: none | fit_scope=none
[2026-05-27 04:34:58]     Phase 1 (new): 2,170/16,010 params
[2026-05-27 04:35:01]     Result | best_epoch=784 | stop=834 | final_phase_epochs=834 | acc=0.5000 | bal_acc=0.5000 | pred_hist=[6, 10] | collapse=False
[2026-05-27 04:35:01]     spatial_conv=[4, 29] top_abs_channels=[('C3', 0.19699904), ('T6', 0.17581046), ('CP4', 0.16838858), ('C4', 0.14998849), ('Fz', 0.13990286), ('O2', 0.13141023), ('Cz', 0.12721211), ('T4', 0.12439534)]
[2026-05-27 04:35:01]     spatial_update=delta_l2=1.25325089 max_abs=0.30415484 relative=1.05008189 changed=True

[2026-05-27 04:35:01] Fold 2/10 | subject=4
[2026-05-27 04:35:01]     Train: 24 | counts=[12, 12]
[2026-05-27 04:35:01]     Test:  16 | counts=[8, 8]
[2026-05-27 04:35:01]     Model: SignalJEPA_PreLocal | Pretrained: from_pretrained | Strategy: new
[2026-05-27 04:35:01]     Normalization: none | fit_scope=none
[2026-05-27 04:35:01]     Phase 1 (new): 2,170/16,010 params
[2026-05-27 04:35:02]     Result | best_epoch=1 | stop=51 | final_phase_epochs=51 | acc=0.5000 | bal_acc=0.5000 | pred_hist=[0, 16] | collapse=True
[2026-05-27 04:35:02]     spatial_conv=[4, 29] top_abs_channels=[('Pz', 0.15303901), ('O2', 0.14439137), ('T3', 0.1264848), ('T4', 0.12183759), ('O1', 0.12161212), ('CP3', 0.12137438), ('C3', 0.1152309), ('CP4', 0.11068314)]
[2026-05-27 04:35:02]     spatial_update=delta_l2=0.00538504 max_abs=0.00050000 relative=0.00451205 changed=True

[2026-05-27 04:35:02] Fold 3/10 | subject=4
[2026-05-27 04:35:02]     Train: 24 | counts=[12, 12]
[2026-05-27 04:35:02]     Test:  16 | counts=[8, 8]
[2026-05-27 04:35:02]     Model: SignalJEPA_PreLocal | Pretrained: from_pretrained | Strategy: new
[2026-05-27 04:35:02]     Normalization: none | fit_scope=none
[2026-05-27 04:35:02]     Phase 1 (new): 2,170/16,010 params
[2026-05-27 04:35:02]     Result | best_epoch=1 | stop=51 | final_phase_epochs=51 | acc=0.5000 | bal_acc=0.5000 | pred_hist=[0, 16] | collapse=True
[2026-05-27 04:35:02]     spatial_conv=[4, 29] top_abs_channels=[('Pz', 0.15303901), ('O2', 0.14414138), ('T3', 0.12698479), ('T4', 0.12208758), ('O1', 0.12186211), ('CP3', 0.12137435), ('C3', 0.11473091), ('CP4', 0.11068314)]
[2026-05-27 04:35:02]     spatial_update=delta_l2=0.00538495 max_abs=0.00050000 relative=0.00451198 changed=True

[2026-05-27 04:35:03] Fold 4/10 | subject=4
[2026-05-27 04:35:03]     Train: 24 | counts=[12, 12]
[2026-05-27 04:35:03]     Test:  16 | counts=[8, 8]
[2026-05-27 04:35:03]     Model: SignalJEPA_PreLocal | Pretrained: from_pretrained | Strategy: new
[2026-05-27 04:35:03]     Normalization: none | fit_scope=none
[2026-05-27 04:35:03]     Phase 1 (new): 2,170/16,010 params
[2026-05-27 04:35:05]     Result | best_epoch=563 | stop=613 | final_phase_epochs=613 | acc=0.4375 | bal_acc=0.4375 | pred_hist=[7, 9] | collapse=False
[2026-05-27 04:35:05]     spatial_conv=[4, 29] top_abs_channels=[('O2', 0.2202573), ('FC4', 0.16906191), ('C4', 0.15738596), ('Fz', 0.15051392), ('CP3', 0.13892303), ('F3', 0.13213986), ('FC3', 0.12240844), ('F4', 0.11850257)]
[2026-05-27 04:35:05]     spatial_update=delta_l2=1.12218253 max_abs=0.30436668 relative=0.94026149 changed=True

[2026-05-27 04:35:06] Fold 5/10 | subject=4
[2026-05-27 04:35:06]     Train: 24 | counts=[12, 12]
[2026-05-27 04:35:06]     Test:  16 | counts=[8, 8]
[2026-05-27 04:35:06]     Model: SignalJEPA_PreLocal | Pretrained: from_pretrained | Strategy: new
[2026-05-27 04:35:06]     Normalization: none | fit_scope=none
[2026-05-27 04:35:06]     Phase 1 (new): 2,170/16,010 params
[2026-05-27 04:35:06]     Result | best_epoch=1 | stop=51 | final_phase_epochs=51 | acc=0.4375 | bal_acc=0.4375 | pred_hist=[1, 15] | collapse=True
[2026-05-27 04:35:06]     spatial_conv=[4, 29] top_abs_channels=[('Pz', 0.15278901), ('O2', 0.14414138), ('T3', 0.12723477), ('O1', 0.12211212), ('T4', 0.12208755), ('CP3', 0.12112439), ('C3', 0.1149809), ('CP4', 0.11093309)]
[2026-05-27 04:35:06]     spatial_update=delta_l2=0.00538497 max_abs=0.00050000 relative=0.00451200 changed=True

[2026-05-27 04:35:06] Fold 6/10 | subject=4
[2026-05-27 04:35:06]     Train: 24 | counts=[12, 12]
[2026-05-27 04:35:06]     Test:  16 | counts=[8, 8]
[2026-05-27 04:35:06]     Model: SignalJEPA_PreLocal | Pretrained: from_pretrained | Strategy: new
[2026-05-27 04:35:06]     Normalization: none | fit_scope=none
[2026-05-27 04:35:06]     Phase 1 (new): 2,170/16,010 params
[2026-05-27 04:35:08]     Result | best_epoch=333 | stop=383 | final_phase_epochs=383 | acc=0.4375 | bal_acc=0.4375 | pred_hist=[9, 7] | collapse=False
[2026-05-27 04:35:08]     spatial_conv=[4, 29] top_abs_channels=[('C4', 0.15973896), ('Oz', 0.15471074), ('CP4', 0.14480722), ('Pz', 0.12893851), ('FT8', 0.11488634), ('CP3', 0.11449752), ('P3', 0.11343289), ('FCz', 0.11180212)]
[2026-05-27 04:35:08]     spatial_update=delta_l2=0.88471135 max_abs=0.19149550 relative=0.74128761 changed=True

[2026-05-27 04:35:08] Fold 7/10 | subject=4
[2026-05-27 04:35:08]     Train: 24 | counts=[12, 12]
[2026-05-27 04:35:08]     Test:  16 | counts=[8, 8]
[2026-05-27 04:35:08]     Model: SignalJEPA_PreLocal | Pretrained: from_pretrained | Strategy: new
[2026-05-27 04:35:08]     Normalization: none | fit_scope=none
[2026-05-27 04:35:08]     Phase 1 (new): 2,170/16,010 params
[2026-05-27 04:35:09]     Result | best_epoch=18 | stop=67 | final_phase_epochs=67 | acc=0.5000 | bal_acc=0.5000 | pred_hist=[8, 8] | collapse=False
[2026-05-27 04:35:09]     spatial_conv=[4, 29] top_abs_channels=[('Pz', 0.15255176), ('O2', 0.14427572), ('T4', 0.12331226), ('O1', 0.12278038), ('T3', 0.12260987), ('CP3', 0.11883447), ('Fp1', 0.11500617), ('C3', 0.11297871)]
[2026-05-27 04:35:09]     spatial_update=delta_l2=0.06685676 max_abs=0.00862531 relative=0.05601837 changed=True

[2026-05-27 04:35:09] Fold 8/10 | subject=4
[2026-05-27 04:35:09]     Train: 24 | counts=[12, 12]
[2026-05-27 04:35:09]     Test:  16 | counts=[8, 8]
[2026-05-27 04:35:09]     Model: SignalJEPA_PreLocal | Pretrained: from_pretrained | Strategy: new
[2026-05-27 04:35:09]     Normalization: none | fit_scope=none
[2026-05-27 04:35:09]     Phase 1 (new): 2,170/16,010 params
[2026-05-27 04:35:09]     Result | best_epoch=1 | stop=51 | final_phase_epochs=51 | acc=0.5000 | bal_acc=0.5000 | pred_hist=[0, 16] | collapse=True
[2026-05-27 04:35:09]     spatial_conv=[4, 29] top_abs_channels=[('Pz', 0.15303901), ('O2', 0.14439137), ('T3', 0.1264848), ('T4', 0.12183759), ('O1', 0.12161212), ('CP3', 0.1208744), ('C3', 0.1152309), ('CP4', 0.11093313)]
[2026-05-27 04:35:09]     spatial_update=delta_l2=0.00538491 max_abs=0.00050000 relative=0.00451194 changed=True

[2026-05-27 04:35:10] Fold 9/10 | subject=4
[2026-05-27 04:35:10]     Train: 24 | counts=[12, 12]
[2026-05-27 04:35:10]     Test:  16 | counts=[8, 8]
[2026-05-27 04:35:10]     Model: SignalJEPA_PreLocal | Pretrained: from_pretrained | Strategy: new
[2026-05-27 04:35:10]     Normalization: none | fit_scope=none
[2026-05-27 04:35:10]     Phase 1 (new): 2,170/16,010 params
[2026-05-27 04:35:10]     Result | best_epoch=1 | stop=51 | final_phase_epochs=51 | acc=0.5000 | bal_acc=0.5000 | pred_hist=[0, 16] | collapse=True
[2026-05-27 04:35:10]     spatial_conv=[4, 29] top_abs_channels=[('Pz', 0.15303901), ('O2', 0.14439137), ('T3', 0.12673481), ('T4', 0.12208758), ('O1', 0.12186212), ('CP3', 0.12112439), ('C3', 0.11498091), ('CP4', 0.11068314)]
[2026-05-27 04:35:10]     spatial_update=delta_l2=0.00538507 max_abs=0.00050000 relative=0.00451207 changed=True

[2026-05-27 04:35:11] Fold 10/10 | subject=4
[2026-05-27 04:35:11]     Train: 24 | counts=[12, 12]
[2026-05-27 04:35:11]     Test:  16 | counts=[8, 8]
[2026-05-27 04:35:11]     Model: SignalJEPA_PreLocal | Pretrained: from_pretrained | Strategy: new
[2026-05-27 04:35:11]     Normalization: none | fit_scope=none
[2026-05-27 04:35:11]     Phase 1 (new): 2,170/16,010 params
[2026-05-27 04:35:14]     Result | best_epoch=796 | stop=846 | final_phase_epochs=846 | acc=0.7500 | bal_acc=0.7500 | pred_hist=[8, 8] | collapse=False
[2026-05-27 04:35:14]     spatial_conv=[4, 29] top_abs_channels=[('FC4', 0.1954219), ('O2', 0.16094172), ('C3', 0.15660073), ('O1', 0.14521652), ('Oz', 0.14233169), ('T6', 0.13416226), ('CP3', 0.13371298), ('CP4', 0.11536507)]
[2026-05-27 04:35:14]     spatial_update=delta_l2=1.17745890 max_abs=0.24444271 relative=0.98657681 changed=True
[2026-05-27 04:35:14]   Subject 4: acc=0.5062±0.0859  bal_acc=0.5062±0.0859
[2026-05-27 04:35:14] \nSubject 5: 40 windows | class_counts=[20, 20]

[2026-05-27 04:35:14] Fold 1/10 | subject=5
[2026-05-27 04:35:14]     Train: 24 | counts=[12, 12]
[2026-05-27 04:35:14]     Test:  16 | counts=[8, 8]
[2026-05-27 04:35:14]     Model: SignalJEPA_PreLocal | Pretrained: from_pretrained | Strategy: new
[2026-05-27 04:35:14]     Normalization: none | fit_scope=none
[2026-05-27 04:35:14]     Phase 1 (new): 2,170/16,010 params
[2026-05-27 04:35:14]     Result | best_epoch=1 | stop=51 | final_phase_epochs=51 | acc=0.5000 | bal_acc=0.5000 | pred_hist=[0, 16] | collapse=True
[2026-05-27 04:35:14]     spatial_conv=[4, 29] top_abs_channels=[('Pz', 0.15278903), ('O2', 0.14464137), ('T3', 0.12673475), ('T4', 0.12258758), ('O1', 0.12186212), ('CP3', 0.12112439), ('C3', 0.11498091), ('CP4', 0.11068314)]
[2026-05-27 04:35:14]     spatial_update=delta_l2=0.00538500 max_abs=0.00050000 relative=0.00451202 changed=True

[2026-05-27 04:35:15] Fold 2/10 | subject=5
[2026-05-27 04:35:15]     Train: 24 | counts=[12, 12]
[2026-05-27 04:35:15]     Test:  16 | counts=[8, 8]
[2026-05-27 04:35:15]     Model: SignalJEPA_PreLocal | Pretrained: from_pretrained | Strategy: new
[2026-05-27 04:35:15]     Normalization: none | fit_scope=none
[2026-05-27 04:35:15]     Phase 1 (new): 2,170/16,010 params
[2026-05-27 04:35:15]     Result | best_epoch=1 | stop=51 | final_phase_epochs=51 | acc=0.5000 | bal_acc=0.5000 | pred_hist=[0, 16] | collapse=True
[2026-05-27 04:35:15]     spatial_conv=[4, 29] top_abs_channels=[('Pz', 0.15328899), ('O2', 0.14414138), ('T3', 0.12698476), ('O1', 0.12236211), ('T4', 0.12233759), ('CP3', 0.12112439), ('C3', 0.11473091), ('CP4', 0.11118312)]
[2026-05-27 04:35:15]     spatial_update=delta_l2=0.00538464 max_abs=0.00050000 relative=0.00451171 changed=True

[2026-05-27 04:35:15] Fold 3/10 | subject=5
[2026-05-27 04:35:15]     Train: 24 | counts=[12, 12]
[2026-05-27 04:35:15]     Test:  16 | counts=[8, 8]
[2026-05-27 04:35:15]     Model: SignalJEPA_PreLocal | Pretrained: from_pretrained | Strategy: new
[2026-05-27 04:35:15]     Normalization: none | fit_scope=none
[2026-05-27 04:35:15]     Phase 1 (new): 2,170/16,010 params
[2026-05-27 04:35:16]     Result | best_epoch=1 | stop=51 | final_phase_epochs=51 | acc=0.5000 | bal_acc=0.5000 | pred_hist=[0, 16] | collapse=True
[2026-05-27 04:35:16]     spatial_conv=[4, 29] top_abs_channels=[('Pz', 0.15303901), ('O2', 0.14439137), ('T3', 0.12673479), ('T4', 0.1220876), ('O1', 0.12161214), ('CP3', 0.12112439), ('C3', 0.1157309), ('CP4', 0.11043315)]
[2026-05-27 04:35:16]     spatial_update=delta_l2=0.00538492 max_abs=0.00050000 relative=0.00451195 changed=True

[2026-05-27 04:35:17] Fold 4/10 | subject=5
[2026-05-27 04:35:17]     Train: 24 | counts=[12, 12]
[2026-05-27 04:35:17]     Test:  16 | counts=[8, 8]
[2026-05-27 04:35:17]     Model: SignalJEPA_PreLocal | Pretrained: from_pretrained | Strategy: new
[2026-05-27 04:35:17]     Normalization: none | fit_scope=none
[2026-05-27 04:35:17]     Phase 1 (new): 2,170/16,010 params
[2026-05-27 04:35:17]     Result | best_epoch=1 | stop=51 | final_phase_epochs=51 | acc=0.5000 | bal_acc=0.5000 | pred_hist=[0, 16] | collapse=True
[2026-05-27 04:35:17]     spatial_conv=[4, 29] top_abs_channels=[('Pz', 0.15278901), ('O2', 0.14414139), ('T3', 0.1264848), ('T4', 0.12258758), ('O1', 0.12186212), ('CP3', 0.12112439), ('C3', 0.11498091), ('CP4', 0.11118313)]
[2026-05-27 04:35:17]     spatial_update=delta_l2=0.00538491 max_abs=0.00050000 relative=0.00451194 changed=True

[2026-05-27 04:35:17] Fold 5/10 | subject=5
[2026-05-27 04:35:17]     Train: 24 | counts=[12, 12]
[2026-05-27 04:35:17]     Test:  16 | counts=[8, 8]
[2026-05-27 04:35:17]     Model: SignalJEPA_PreLocal | Pretrained: from_pretrained | Strategy: new
[2026-05-27 04:35:17]     Normalization: none | fit_scope=none
[2026-05-27 04:35:17]     Phase 1 (new): 2,170/16,010 params
[2026-05-27 04:35:17]     Result | best_epoch=1 | stop=51 | final_phase_epochs=51 | acc=0.5000 | bal_acc=0.5000 | pred_hist=[0, 16] | collapse=True
[2026-05-27 04:35:17]     spatial_conv=[4, 29] top_abs_channels=[('Pz', 0.15253901), ('O2', 0.14464137), ('T3', 0.12673479), ('O1', 0.1223621), ('T4', 0.1218376), ('CP3', 0.1211244), ('C3', 0.1152309), ('CP4', 0.11068314)]
[2026-05-27 04:35:17]     spatial_update=delta_l2=0.00538498 max_abs=0.00050000 relative=0.00451200 changed=True

[2026-05-27 04:35:18] Fold 6/10 | subject=5
[2026-05-27 04:35:18]     Train: 24 | counts=[12, 12]
[2026-05-27 04:35:18]     Test:  16 | counts=[8, 8]
[2026-05-27 04:35:18]     Model: SignalJEPA_PreLocal | Pretrained: from_pretrained | Strategy: new
[2026-05-27 04:35:18]     Normalization: none | fit_scope=none
[2026-05-27 04:35:18]     Phase 1 (new): 2,170/16,010 params
[2026-05-27 04:35:18]     Result | best_epoch=1 | stop=51 | final_phase_epochs=51 | acc=0.5000 | bal_acc=0.5000 | pred_hist=[0, 16] | collapse=True
[2026-05-27 04:35:18]     spatial_conv=[4, 29] top_abs_channels=[('Pz', 0.15303905), ('O2', 0.14464135), ('T3', 0.12673478), ('T4', 0.12233759), ('O1', 0.12136228), ('CP3', 0.12112439), ('C3', 0.11498094), ('CP4', 0.11093314)]
[2026-05-27 04:35:18]     spatial_update=delta_l2=0.00538488 max_abs=0.00050000 relative=0.00451192 changed=True

[2026-05-27 04:35:19] Fold 7/10 | subject=5
[2026-05-27 04:35:19]     Train: 24 | counts=[12, 12]
[2026-05-27 04:35:19]     Test:  16 | counts=[8, 8]
[2026-05-27 04:35:19]     Model: SignalJEPA_PreLocal | Pretrained: from_pretrained | Strategy: new
[2026-05-27 04:35:19]     Normalization: none | fit_scope=none
[2026-05-27 04:35:19]     Phase 1 (new): 2,170/16,010 params
[2026-05-27 04:35:19]     Result | best_epoch=1 | stop=51 | final_phase_epochs=51 | acc=0.5000 | bal_acc=0.5000 | pred_hist=[0, 16] | collapse=True
[2026-05-27 04:35:19]     spatial_conv=[4, 29] top_abs_channels=[('Pz', 0.15328901), ('O2', 0.14414138), ('T3', 0.1264848), ('T4', 0.12233759), ('O1', 0.1221121), ('CP3', 0.1208744), ('C3', 0.1152309), ('CP4', 0.11068319)]
[2026-05-27 04:35:19]     spatial_update=delta_l2=0.00538502 max_abs=0.00050000 relative=0.00451204 changed=True

[2026-05-27 04:35:19] Fold 8/10 | subject=5
[2026-05-27 04:35:19]     Train: 24 | counts=[12, 12]
[2026-05-27 04:35:19]     Test:  16 | counts=[8, 8]
[2026-05-27 04:35:19]     Model: SignalJEPA_PreLocal | Pretrained: from_pretrained | Strategy: new
[2026-05-27 04:35:19]     Normalization: none | fit_scope=none
[2026-05-27 04:35:19]     Phase 1 (new): 2,170/16,010 params
[2026-05-27 04:35:20]     Result | best_epoch=1 | stop=51 | final_phase_epochs=51 | acc=0.5000 | bal_acc=0.5000 | pred_hist=[0, 16] | collapse=True
[2026-05-27 04:35:20]     spatial_conv=[4, 29] top_abs_channels=[('Pz', 0.15328901), ('O2', 0.14439125), ('T3', 0.12648478), ('O1', 0.12211212), ('T4', 0.1220876), ('CP3', 0.12087439), ('C3', 0.1149809), ('CP4', 0.11143312)]
[2026-05-27 04:35:20]     spatial_update=delta_l2=0.00538501 max_abs=0.00050000 relative=0.00451202 changed=True

[2026-05-27 04:35:20] Fold 9/10 | subject=5
[2026-05-27 04:35:20]     Train: 24 | counts=[12, 12]
[2026-05-27 04:35:20]     Test:  16 | counts=[8, 8]
[2026-05-27 04:35:20]     Model: SignalJEPA_PreLocal | Pretrained: from_pretrained | Strategy: new
[2026-05-27 04:35:20]     Normalization: none | fit_scope=none
[2026-05-27 04:35:20]     Phase 1 (new): 2,170/16,010 params
[2026-05-27 04:35:20]     Result | best_epoch=1 | stop=51 | final_phase_epochs=51 | acc=0.5000 | bal_acc=0.5000 | pred_hist=[0, 16] | collapse=True
[2026-05-27 04:35:20]     spatial_conv=[4, 29] top_abs_channels=[('Pz', 0.153539), ('O2', 0.14439137), ('T3', 0.12648481), ('T4', 0.1218376), ('O1', 0.12136214), ('CP3', 0.12112439), ('C3', 0.11573087), ('CP4', 0.11043326)]
[2026-05-27 04:35:20]     spatial_update=delta_l2=0.00538489 max_abs=0.00050000 relative=0.00451192 changed=True

[2026-05-27 04:35:21] Fold 10/10 | subject=5
[2026-05-27 04:35:21]     Train: 24 | counts=[12, 12]
[2026-05-27 04:35:21]     Test:  16 | counts=[8, 8]
[2026-05-27 04:35:21]     Model: SignalJEPA_PreLocal | Pretrained: from_pretrained | Strategy: new
[2026-05-27 04:35:21]     Normalization: none | fit_scope=none
[2026-05-27 04:35:21]     Phase 1 (new): 2,170/16,010 params
[2026-05-27 04:35:24]     Result | best_epoch=695 | stop=744 | final_phase_epochs=744 | acc=0.6875 | bal_acc=0.6875 | pred_hist=[7, 9] | collapse=False
[2026-05-27 04:35:24]     spatial_conv=[4, 29] top_abs_channels=[('FT7', 0.14823754), ('T5', 0.1374086), ('T6', 0.13564305), ('CP3', 0.13551392), ('FC4', 0.12498672), ('TP8', 0.12495487), ('C4', 0.12322135), ('FCz', 0.12109323)]
[2026-05-27 04:35:24]     spatial_update=delta_l2=1.09402154 max_abs=0.23480742 relative=0.91666578 changed=True
[2026-05-27 04:35:24]   Subject 5: acc=0.5188±0.0563  bal_acc=0.5188±0.0563
[2026-05-27 04:35:24] \nSubject 6: 40 windows | class_counts=[20, 20]

[2026-05-27 04:35:24] Fold 1/10 | subject=6
[2026-05-27 04:35:24]     Train: 24 | counts=[12, 12]
[2026-05-27 04:35:24]     Test:  16 | counts=[8, 8]
[2026-05-27 04:35:24]     Model: SignalJEPA_PreLocal | Pretrained: from_pretrained | Strategy: new
[2026-05-27 04:35:24]     Normalization: none | fit_scope=none
[2026-05-27 04:35:24]     Phase 1 (new): 2,170/16,010 params
[2026-05-27 04:35:26]     Result | best_epoch=469 | stop=519 | final_phase_epochs=519 | acc=0.3125 | bal_acc=0.3125 | pred_hist=[11, 5] | collapse=False
[2026-05-27 04:35:26]     spatial_conv=[4, 29] top_abs_channels=[('F8', 0.19113588), ('F3', 0.18082045), ('Fz', 0.17285222), ('CP3', 0.16017419), ('Pz', 0.15406555), ('TP7', 0.14525929), ('P4', 0.12111507), ('Fp1', 0.12039396)]
[2026-05-27 04:35:26]     spatial_update=delta_l2=1.05828668 max_abs=0.24901278 relative=0.88672403 changed=True

[2026-05-27 04:35:27] Fold 2/10 | subject=6
[2026-05-27 04:35:27]     Train: 24 | counts=[12, 12]
[2026-05-27 04:35:27]     Test:  16 | counts=[8, 8]
[2026-05-27 04:35:27]     Model: SignalJEPA_PreLocal | Pretrained: from_pretrained | Strategy: new
[2026-05-27 04:35:27]     Normalization: none | fit_scope=none
[2026-05-27 04:35:27]     Phase 1 (new): 2,170/16,010 params
[2026-05-27 04:35:28]     Result | best_epoch=339 | stop=389 | final_phase_epochs=389 | acc=0.5625 | bal_acc=0.5625 | pred_hist=[13, 3] | collapse=False
[2026-05-27 04:35:28]     spatial_conv=[4, 29] top_abs_channels=[('CP4', 0.14452992), ('TP7', 0.13047151), ('Pz', 0.12799697), ('CP3', 0.12508765), ('T3', 0.12225612), ('FT7', 0.11784102), ('T6', 0.11561665), ('C3', 0.11442501)]
[2026-05-27 04:35:28]     spatial_update=delta_l2=0.94350835 max_abs=0.22456478 relative=0.79055282 changed=True

[2026-05-27 04:35:29] Fold 3/10 | subject=6
[2026-05-27 04:35:29]     Train: 24 | counts=[12, 12]
[2026-05-27 04:35:29]     Test:  16 | counts=[8, 8]
[2026-05-27 04:35:29]     Model: SignalJEPA_PreLocal | Pretrained: from_pretrained | Strategy: new
[2026-05-27 04:35:29]     Normalization: none | fit_scope=none
[2026-05-27 04:35:29]     Phase 1 (new): 2,170/16,010 params
[2026-05-27 04:35:29]     Result | best_epoch=1 | stop=51 | final_phase_epochs=51 | acc=0.4375 | bal_acc=0.4375 | pred_hist=[1, 15] | collapse=True
[2026-05-27 04:35:29]     spatial_conv=[4, 29] top_abs_channels=[('Pz', 0.15303901), ('O2', 0.14439137), ('T3', 0.12723477), ('O1', 0.12211212), ('T4', 0.1218376), ('CP3', 0.12137407), ('C3', 0.11498091), ('CP4', 0.11043315)]
[2026-05-27 04:35:29]     spatial_update=delta_l2=0.00538494 max_abs=0.00050000 relative=0.00451197 changed=True

[2026-05-27 04:35:30] Fold 4/10 | subject=6
[2026-05-27 04:35:30]     Train: 24 | counts=[12, 12]
[2026-05-27 04:35:30]     Test:  16 | counts=[8, 8]
[2026-05-27 04:35:30]     Model: SignalJEPA_PreLocal | Pretrained: from_pretrained | Strategy: new
[2026-05-27 04:35:30]     Normalization: none | fit_scope=none
[2026-05-27 04:35:30]     Phase 1 (new): 2,170/16,010 params
[2026-05-27 04:35:30]     Result | best_epoch=1 | stop=51 | final_phase_epochs=51 | acc=0.5000 | bal_acc=0.5000 | pred_hist=[0, 16] | collapse=True
[2026-05-27 04:35:30]     spatial_conv=[4, 29] top_abs_channels=[('Pz', 0.15303901), ('O2', 0.14414138), ('T3', 0.12673478), ('O1', 0.12211192), ('T4', 0.1220876), ('CP3', 0.12137438), ('C3', 0.11548088), ('CP4', 0.11093313)]
[2026-05-27 04:35:30]     spatial_update=delta_l2=0.00538474 max_abs=0.00050000 relative=0.00451180 changed=True

[2026-05-27 04:35:30] Fold 5/10 | subject=6
[2026-05-27 04:35:30]     Train: 24 | counts=[12, 12]
[2026-05-27 04:35:30]     Test:  16 | counts=[8, 8]
[2026-05-27 04:35:30]     Model: SignalJEPA_PreLocal | Pretrained: from_pretrained | Strategy: new
[2026-05-27 04:35:30]     Normalization: none | fit_scope=none
[2026-05-27 04:35:30]     Phase 1 (new): 2,170/16,010 params
[2026-05-27 04:35:30]     Result | best_epoch=1 | stop=51 | final_phase_epochs=51 | acc=0.5000 | bal_acc=0.5000 | pred_hist=[0, 16] | collapse=True
[2026-05-27 04:35:30]     spatial_conv=[4, 29] top_abs_channels=[('Pz', 0.15278903), ('O2', 0.14389138), ('T3', 0.12698478), ('O1', 0.12186212), ('T4', 0.12183762), ('CP3', 0.12137438), ('C3', 0.1152309), ('CP4', 0.11093336)]
[2026-05-27 04:35:30]     spatial_update=delta_l2=0.00538497 max_abs=0.00050000 relative=0.00451199 changed=True

[2026-05-27 04:35:31] Fold 6/10 | subject=6
[2026-05-27 04:35:31]     Train: 24 | counts=[12, 12]
[2026-05-27 04:35:31]     Test:  16 | counts=[8, 8]
[2026-05-27 04:35:31]     Model: SignalJEPA_PreLocal | Pretrained: from_pretrained | Strategy: new
[2026-05-27 04:35:31]     Normalization: none | fit_scope=none
[2026-05-27 04:35:31]     Phase 1 (new): 2,170/16,010 params
[2026-05-27 04:35:34]     Result | best_epoch=916 | stop=966 | final_phase_epochs=966 | acc=0.6250 | bal_acc=0.6250 | pred_hist=[10, 6] | collapse=False
[2026-05-27 04:35:34]     spatial_conv=[4, 29] top_abs_channels=[('C3', 0.17453554), ('CP4', 0.1733992), ('C4', 0.14497712), ('FT7', 0.14016846), ('Pz', 0.13159129), ('F8', 0.12968186), ('T3', 0.126306), ('F4', 0.11942178)]
[2026-05-27 04:35:34]     spatial_update=delta_l2=1.33921041 max_abs=0.34989630 relative=1.12210620 changed=True

[2026-05-27 04:35:35] Fold 7/10 | subject=6
[2026-05-27 04:35:35]     Train: 24 | counts=[12, 12]
[2026-05-27 04:35:35]     Test:  16 | counts=[8, 8]
[2026-05-27 04:35:35]     Model: SignalJEPA_PreLocal | Pretrained: from_pretrained | Strategy: new
[2026-05-27 04:35:35]     Normalization: none | fit_scope=none
[2026-05-27 04:35:35]     Phase 1 (new): 2,170/16,010 params
[2026-05-27 04:35:35]     Result | best_epoch=1 | stop=51 | final_phase_epochs=51 | acc=0.4375 | bal_acc=0.4375 | pred_hist=[1, 15] | collapse=True
[2026-05-27 04:35:35]     spatial_conv=[4, 29] top_abs_channels=[('Pz', 0.15278903), ('O2', 0.14414138), ('T3', 0.12723479), ('O1', 0.12211212), ('T4', 0.1220876), ('CP3', 0.12162437), ('C3', 0.11548086), ('CP4', 0.11093313)]
[2026-05-27 04:35:35]     spatial_update=delta_l2=0.00538505 max_abs=0.00050000 relative=0.00451206 changed=True

[2026-05-27 04:35:35] Fold 8/10 | subject=6
[2026-05-27 04:35:35]     Train: 24 | counts=[12, 12]
[2026-05-27 04:35:35]     Test:  16 | counts=[8, 8]
[2026-05-27 04:35:35]     Model: SignalJEPA_PreLocal | Pretrained: from_pretrained | Strategy: new
[2026-05-27 04:35:35]     Normalization: none | fit_scope=none
[2026-05-27 04:35:35]     Phase 1 (new): 2,170/16,010 params
[2026-05-27 04:35:36]     Result | best_epoch=100 | stop=150 | final_phase_epochs=150 | acc=0.6250 | bal_acc=0.6250 | pred_hist=[12, 4] | collapse=False
[2026-05-27 04:35:36]     spatial_conv=[4, 29] top_abs_channels=[('T3', 0.15478882), ('Pz', 0.14462353), ('CP3', 0.13841125), ('T4', 0.13357937), ('FCz', 0.1243169), ('O2', 0.12376897), ('Fp1', 0.1212884), ('O1', 0.11697359)]
[2026-05-27 04:35:36]     spatial_update=delta_l2=0.35827637 max_abs=0.06351309 relative=0.30019490 changed=True

[2026-05-27 04:35:37] Fold 9/10 | subject=6
[2026-05-27 04:35:37]     Train: 24 | counts=[12, 12]
[2026-05-27 04:35:37]     Test:  16 | counts=[8, 8]
[2026-05-27 04:35:37]     Model: SignalJEPA_PreLocal | Pretrained: from_pretrained | Strategy: new
[2026-05-27 04:35:37]     Normalization: none | fit_scope=none
[2026-05-27 04:35:37]     Phase 1 (new): 2,170/16,010 params
[2026-05-27 04:35:38]     Result | best_epoch=208 | stop=257 | final_phase_epochs=257 | acc=0.4375 | bal_acc=0.4375 | pred_hist=[13, 3] | collapse=False
[2026-05-27 04:35:38]     spatial_conv=[4, 29] top_abs_channels=[('T6', 0.13590373), ('T4', 0.13055438), ('Pz', 0.12967199), ('CP3', 0.12507379), ('P4', 0.12059284), ('Fz', 0.11991075), ('FT7', 0.11738829), ('O1', 0.11212261)]
[2026-05-27 04:35:38]     spatial_update=delta_l2=0.70216353 max_abs=0.12921990 relative=0.58833328 changed=True

[2026-05-27 04:35:38] Fold 10/10 | subject=6
[2026-05-27 04:35:38]     Train: 24 | counts=[12, 12]
[2026-05-27 04:35:38]     Test:  16 | counts=[8, 8]
[2026-05-27 04:35:38]     Model: SignalJEPA_PreLocal | Pretrained: from_pretrained | Strategy: new
[2026-05-27 04:35:38]     Normalization: none | fit_scope=none
[2026-05-27 04:35:38]     Phase 1 (new): 2,170/16,010 params
[2026-05-27 04:35:38]     Result | best_epoch=1 | stop=51 | final_phase_epochs=51 | acc=0.5000 | bal_acc=0.5000 | pred_hist=[0, 16] | collapse=True
[2026-05-27 04:35:38]     spatial_conv=[4, 29] top_abs_channels=[('Pz', 0.15278903), ('O2', 0.14414138), ('T3', 0.12673482), ('T4', 0.1218376), ('O1', 0.12161212), ('CP3', 0.12112439), ('C3', 0.11498091), ('CP4', 0.11093313)]
[2026-05-27 04:35:38]     spatial_update=delta_l2=0.00538502 max_abs=0.00050000 relative=0.00451204 changed=True
[2026-05-27 04:35:38]   Subject 6: acc=0.4938±0.0904  bal_acc=0.4938±0.0904
[2026-05-27 04:35:38] \nSubject 7: 40 windows | class_counts=[20, 20]

[2026-05-27 04:35:39] Fold 1/10 | subject=7
[2026-05-27 04:35:39]     Train: 24 | counts=[12, 12]
[2026-05-27 04:35:39]     Test:  16 | counts=[8, 8]
[2026-05-27 04:35:39]     Model: SignalJEPA_PreLocal | Pretrained: from_pretrained | Strategy: new
[2026-05-27 04:35:39]     Normalization: none | fit_scope=none
[2026-05-27 04:35:39]     Phase 1 (new): 2,170/16,010 params
[2026-05-27 04:35:39]     Result | best_epoch=1 | stop=51 | final_phase_epochs=51 | acc=0.5625 | bal_acc=0.5625 | pred_hist=[1, 15] | collapse=True
[2026-05-27 04:35:39]     spatial_conv=[4, 29] top_abs_channels=[('Pz', 0.15303901), ('O2', 0.14364138), ('T3', 0.12698478), ('O1', 0.12211213), ('T4', 0.12208758), ('CP3', 0.1208744), ('C3', 0.1152309), ('CP4', 0.11118312)]
[2026-05-27 04:35:39]     spatial_update=delta_l2=0.00538493 max_abs=0.00050000 relative=0.00451196 changed=True

[2026-05-27 04:35:39] Fold 2/10 | subject=7
[2026-05-27 04:35:39]     Train: 24 | counts=[12, 12]
[2026-05-27 04:35:39]     Test:  16 | counts=[8, 8]
[2026-05-27 04:35:39]     Model: SignalJEPA_PreLocal | Pretrained: from_pretrained | Strategy: new
[2026-05-27 04:35:39]     Normalization: none | fit_scope=none
[2026-05-27 04:35:39]     Phase 1 (new): 2,170/16,010 params
[2026-05-27 04:35:42]     Result | best_epoch=726 | stop=776 | final_phase_epochs=776 | acc=0.6250 | bal_acc=0.6250 | pred_hist=[6, 10] | collapse=False
[2026-05-27 04:35:42]     spatial_conv=[4, 29] top_abs_channels=[('CP3', 0.22317287), ('CP4', 0.21078441), ('C4', 0.17987929), ('F3', 0.16354695), ('Fz', 0.13643734), ('FC3', 0.12954833), ('C3', 0.12422162), ('Pz', 0.12205996)]
[2026-05-27 04:35:42]     spatial_update=delta_l2=1.28361945 max_abs=0.31329443 relative=1.07552729 changed=True

[2026-05-27 04:35:43] Fold 3/10 | subject=7
[2026-05-27 04:35:43]     Train: 24 | counts=[12, 12]
[2026-05-27 04:35:43]     Test:  16 | counts=[8, 8]
[2026-05-27 04:35:43]     Model: SignalJEPA_PreLocal | Pretrained: from_pretrained | Strategy: new
[2026-05-27 04:35:43]     Normalization: none | fit_scope=none
[2026-05-27 04:35:43]     Phase 1 (new): 2,170/16,010 params
[2026-05-27 04:35:46]     Result | best_epoch=776 | stop=825 | final_phase_epochs=825 | acc=0.5625 | bal_acc=0.5625 | pred_hist=[9, 7] | collapse=False
[2026-05-27 04:35:46]     spatial_conv=[4, 29] top_abs_channels=[('P3', 0.24240468), ('C3', 0.18446784), ('CP3', 0.15726483), ('FCz', 0.14979944), ('Fz', 0.14810424), ('C4', 0.13544714), ('T5', 0.11235702), ('Fp2', 0.10421127)]
[2026-05-27 04:35:46]     spatial_update=delta_l2=1.25895430 max_abs=0.29100361 relative=1.05486069 changed=True

[2026-05-27 04:35:46] Fold 4/10 | subject=7
[2026-05-27 04:35:46]     Train: 24 | counts=[12, 12]
[2026-05-27 04:35:46]     Test:  16 | counts=[8, 8]
[2026-05-27 04:35:46]     Model: SignalJEPA_PreLocal | Pretrained: from_pretrained | Strategy: new
[2026-05-27 04:35:46]     Normalization: none | fit_scope=none
[2026-05-27 04:35:46]     Phase 1 (new): 2,170/16,010 params
[2026-05-27 04:35:46]     Result | best_epoch=1 | stop=51 | final_phase_epochs=51 | acc=0.5000 | bal_acc=0.5000 | pred_hist=[0, 16] | collapse=True
[2026-05-27 04:35:46]     spatial_conv=[4, 29] top_abs_channels=[('Pz', 0.153539), ('O2', 0.14414138), ('T3', 0.12673479), ('O1', 0.12211212), ('T4', 0.12183759), ('CP3', 0.12062439), ('C3', 0.1152309), ('CP4', 0.11118314)]
[2026-05-27 04:35:46]     spatial_update=delta_l2=0.00538470 max_abs=0.00050000 relative=0.00451177 changed=True

[2026-05-27 04:35:47] Fold 5/10 | subject=7
[2026-05-27 04:35:47]     Train: 24 | counts=[12, 12]
[2026-05-27 04:35:47]     Test:  16 | counts=[8, 8]
[2026-05-27 04:35:47]     Model: SignalJEPA_PreLocal | Pretrained: from_pretrained | Strategy: new
[2026-05-27 04:35:47]     Normalization: none | fit_scope=none
[2026-05-27 04:35:47]     Phase 1 (new): 2,170/16,010 params
[2026-05-27 04:35:51]     Result | best_epoch=1209 | stop=1258 | final_phase_epochs=1258 | acc=0.6250 | bal_acc=0.6250 | pred_hist=[8, 8] | collapse=False
[2026-05-27 04:35:51]     spatial_conv=[4, 29] top_abs_channels=[('P3', 0.2313334), ('Cz', 0.16738006), ('FC4', 0.15922999), ('FCz', 0.13233766), ('T5', 0.12840386), ('C4', 0.12525359), ('F3', 0.12391031), ('Oz', 0.11870107)]
[2026-05-27 04:35:51]     spatial_update=delta_l2=1.49926871 max_abs=0.36990990 relative=1.25621687 changed=True

[2026-05-27 04:35:52] Fold 6/10 | subject=7
[2026-05-27 04:35:52]     Train: 24 | counts=[12, 12]
[2026-05-27 04:35:52]     Test:  16 | counts=[8, 8]
[2026-05-27 04:35:52]     Model: SignalJEPA_PreLocal | Pretrained: from_pretrained | Strategy: new
[2026-05-27 04:35:52]     Normalization: none | fit_scope=none
[2026-05-27 04:35:52]     Phase 1 (new): 2,170/16,010 params
[2026-05-27 04:35:54]     Result | best_epoch=773 | stop=823 | final_phase_epochs=823 | acc=0.6875 | bal_acc=0.6875 | pred_hist=[13, 3] | collapse=False
[2026-05-27 04:35:54]     spatial_conv=[4, 29] top_abs_channels=[('P3', 0.19114265), ('FCz', 0.18601124), ('F4', 0.18423519), ('CP3', 0.13965009), ('Cz', 0.13864741), ('F3', 0.13548478), ('TP8', 0.13129057), ('Fz', 0.12927039)]
[2026-05-27 04:35:54]     spatial_update=delta_l2=1.31720046 max_abs=0.30148682 relative=1.10366436 changed=True

[2026-05-27 04:35:55] Fold 7/10 | subject=7
[2026-05-27 04:35:55]     Train: 24 | counts=[12, 12]
[2026-05-27 04:35:55]     Test:  16 | counts=[8, 8]
[2026-05-27 04:35:55]     Model: SignalJEPA_PreLocal | Pretrained: from_pretrained | Strategy: new
[2026-05-27 04:35:55]     Normalization: none | fit_scope=none
[2026-05-27 04:35:55]     Phase 1 (new): 2,170/16,010 params
[2026-05-27 04:35:55]     Result | best_epoch=1 | stop=51 | final_phase_epochs=51 | acc=0.5625 | bal_acc=0.5625 | pred_hist=[1, 15] | collapse=True
[2026-05-27 04:35:55]     spatial_conv=[4, 29] top_abs_channels=[('Pz', 0.15328901), ('O2', 0.14389139), ('T3', 0.12673479), ('O1', 0.1221121), ('T4', 0.1220876), ('CP3', 0.12112437), ('C3', 0.1154809), ('CP4', 0.11143312)]
[2026-05-27 04:35:55]     spatial_update=delta_l2=0.00538499 max_abs=0.00050000 relative=0.00451201 changed=True

[2026-05-27 04:35:56] Fold 8/10 | subject=7
[2026-05-27 04:35:56]     Train: 24 | counts=[12, 12]
[2026-05-27 04:35:56]     Test:  16 | counts=[8, 8]
[2026-05-27 04:35:56]     Model: SignalJEPA_PreLocal | Pretrained: from_pretrained | Strategy: new
[2026-05-27 04:35:56]     Normalization: none | fit_scope=none
[2026-05-27 04:35:56]     Phase 1 (new): 2,170/16,010 params
[2026-05-27 04:35:57]     Result | best_epoch=248 | stop=297 | final_phase_epochs=297 | acc=0.6250 | bal_acc=0.6250 | pred_hist=[8, 8] | collapse=False
[2026-05-27 04:35:57]     spatial_conv=[4, 29] top_abs_channels=[('CP3', 0.1718947), ('CP4', 0.15969932), ('F4', 0.14291897), ('Fz', 0.13009959), ('FT7', 0.12236407), ('P3', 0.1187356), ('FT8', 0.11708521), ('TP7', 0.11348251)]
[2026-05-27 04:35:57]     spatial_update=delta_l2=0.91061944 max_abs=0.16302916 relative=0.76299565 changed=True

[2026-05-27 04:35:57] Fold 9/10 | subject=7
[2026-05-27 04:35:57]     Train: 24 | counts=[12, 12]
[2026-05-27 04:35:57]     Test:  16 | counts=[8, 8]
[2026-05-27 04:35:57]     Model: SignalJEPA_PreLocal | Pretrained: from_pretrained | Strategy: new
[2026-05-27 04:35:57]     Normalization: none | fit_scope=none
[2026-05-27 04:35:57]     Phase 1 (new): 2,170/16,010 params
[2026-05-27 04:35:58]     Result | best_epoch=219 | stop=269 | final_phase_epochs=269 | acc=0.6250 | bal_acc=0.6250 | pred_hist=[8, 8] | collapse=False
[2026-05-27 04:35:58]     spatial_conv=[4, 29] top_abs_channels=[('CP4', 0.16837001), ('CP3', 0.15894353), ('C3', 0.13837886), ('T6', 0.12623766), ('F4', 0.1194166), ('FT8', 0.11876573), ('T4', 0.11652959), ('F7', 0.11613408)]
[2026-05-27 04:35:58]     spatial_update=delta_l2=0.82287143 max_abs=0.13984439 relative=0.68947279 changed=True

[2026-05-27 04:35:59] Fold 10/10 | subject=7
[2026-05-27 04:35:59]     Train: 24 | counts=[12, 12]
[2026-05-27 04:35:59]     Test:  16 | counts=[8, 8]
[2026-05-27 04:35:59]     Model: SignalJEPA_PreLocal | Pretrained: from_pretrained | Strategy: new
[2026-05-27 04:35:59]     Normalization: none | fit_scope=none
[2026-05-27 04:35:59]     Phase 1 (new): 2,170/16,010 params
[2026-05-27 04:35:59]     Result | best_epoch=1 | stop=51 | final_phase_epochs=51 | acc=0.6250 | bal_acc=0.6250 | pred_hist=[2, 14] | collapse=False
[2026-05-27 04:35:59]     spatial_conv=[4, 29] top_abs_channels=[('Pz', 0.15328901), ('O2', 0.14414132), ('T3', 0.12623478), ('T4', 0.12233758), ('O1', 0.12211214), ('CP3', 0.12087437), ('C3', 0.1152309), ('CP4', 0.11118311)]
[2026-05-27 04:35:59]     spatial_update=delta_l2=0.00538502 max_abs=0.00050000 relative=0.00451203 changed=True
[2026-05-27 04:35:59]   Subject 7: acc=0.6000±0.0500  bal_acc=0.6000±0.0500
[2026-05-27 04:35:59] \nSubject 8: 40 windows | class_counts=[20, 20]

[2026-05-27 04:35:59] Fold 1/10 | subject=8
[2026-05-27 04:35:59]     Train: 24 | counts=[12, 12]
[2026-05-27 04:35:59]     Test:  16 | counts=[8, 8]
[2026-05-27 04:35:59]     Model: SignalJEPA_PreLocal | Pretrained: from_pretrained | Strategy: new
[2026-05-27 04:35:59]     Normalization: none | fit_scope=none
[2026-05-27 04:35:59]     Phase 1 (new): 2,170/16,010 params
[2026-05-27 04:36:00]     Result | best_epoch=105 | stop=153 | final_phase_epochs=153 | acc=0.5625 | bal_acc=0.5625 | pred_hist=[15, 1] | collapse=True
[2026-05-27 04:36:00]     spatial_conv=[4, 29] top_abs_channels=[('Pz', 0.16442123), ('O2', 0.14873067), ('Fp1', 0.13785973), ('CP3', 0.13684046), ('F7', 0.13518357), ('T4', 0.12998475), ('CP4', 0.12425074), ('O1', 0.12364366)]
[2026-05-27 04:36:00]     spatial_update=delta_l2=0.35706766 max_abs=0.06441920 relative=0.29918214 changed=True

[2026-05-27 04:36:01] Fold 2/10 | subject=8
[2026-05-27 04:36:01]     Train: 24 | counts=[12, 12]
[2026-05-27 04:36:01]     Test:  16 | counts=[8, 8]
[2026-05-27 04:36:01]     Model: SignalJEPA_PreLocal | Pretrained: from_pretrained | Strategy: new
[2026-05-27 04:36:01]     Normalization: none | fit_scope=none
[2026-05-27 04:36:01]     Phase 1 (new): 2,170/16,010 params
[2026-05-27 04:36:02]     Result | best_epoch=235 | stop=285 | final_phase_epochs=285 | acc=0.7500 | bal_acc=0.7500 | pred_hist=[10, 6] | collapse=False
[2026-05-27 04:36:02]     spatial_conv=[4, 29] top_abs_channels=[('CP3', 0.18995883), ('Pz', 0.1550221), ('Fz', 0.15157841), ('C3', 0.14151476), ('Fp2', 0.13901478), ('T4', 0.13624603), ('TP8', 0.13250723), ('F7', 0.12050197)]
[2026-05-27 04:36:02]     spatial_update=delta_l2=0.73434196 max_abs=0.16699637 relative=0.61529515 changed=True

[2026-05-27 04:36:02] Fold 3/10 | subject=8
[2026-05-27 04:36:02]     Train: 24 | counts=[12, 12]
[2026-05-27 04:36:02]     Test:  16 | counts=[8, 8]
[2026-05-27 04:36:02]     Model: SignalJEPA_PreLocal | Pretrained: from_pretrained | Strategy: new
[2026-05-27 04:36:02]     Normalization: none | fit_scope=none
[2026-05-27 04:36:02]     Phase 1 (new): 2,170/16,010 params
[2026-05-27 04:36:02]     Result | best_epoch=1 | stop=51 | final_phase_epochs=51 | acc=0.5000 | bal_acc=0.5000 | pred_hist=[0, 16] | collapse=True
[2026-05-27 04:36:02]     spatial_conv=[4, 29] top_abs_channels=[('Pz', 0.15278903), ('O2', 0.14389127), ('T3', 0.1264848), ('O1', 0.12236211), ('T4', 0.12233759), ('CP3', 0.12137438), ('C3', 0.1152309), ('CP4', 0.11093313)]
[2026-05-27 04:36:02]     spatial_update=delta_l2=0.00538501 max_abs=0.00050000 relative=0.00451203 changed=True

[2026-05-27 04:36:03] Fold 4/10 | subject=8
[2026-05-27 04:36:03]     Train: 24 | counts=[12, 12]
[2026-05-27 04:36:03]     Test:  16 | counts=[8, 8]
[2026-05-27 04:36:03]     Model: SignalJEPA_PreLocal | Pretrained: from_pretrained | Strategy: new
[2026-05-27 04:36:03]     Normalization: none | fit_scope=none
[2026-05-27 04:36:03]     Phase 1 (new): 2,170/16,010 params
[2026-05-27 04:36:05]     Result | best_epoch=659 | stop=709 | final_phase_epochs=709 | acc=0.6875 | bal_acc=0.6875 | pred_hist=[9, 7] | collapse=False
[2026-05-27 04:36:05]     spatial_conv=[4, 29] top_abs_channels=[('C3', 0.15866867), ('CP3', 0.15251534), ('Pz', 0.12810481), ('FCz', 0.12781283), ('F4', 0.12722392), ('P3', 0.12448879), ('T4', 0.12102073), ('TP8', 0.1194635)]
[2026-05-27 04:36:05]     spatial_update=delta_l2=1.22247038 max_abs=0.29315833 relative=1.02429132 changed=True

[2026-05-27 04:36:06] Fold 5/10 | subject=8
[2026-05-27 04:36:06]     Train: 24 | counts=[12, 12]
[2026-05-27 04:36:06]     Test:  16 | counts=[8, 8]
[2026-05-27 04:36:06]     Model: SignalJEPA_PreLocal | Pretrained: from_pretrained | Strategy: new
[2026-05-27 04:36:06]     Normalization: none | fit_scope=none
[2026-05-27 04:36:06]     Phase 1 (new): 2,170/16,010 params
[2026-05-27 04:36:06]     Result | best_epoch=1 | stop=51 | final_phase_epochs=51 | acc=0.5000 | bal_acc=0.5000 | pred_hist=[0, 16] | collapse=True
[2026-05-27 04:36:06]     spatial_conv=[4, 29] top_abs_channels=[('Pz', 0.15328901), ('O2', 0.14414138), ('T3', 0.12673479), ('O1', 0.12211212), ('T4', 0.1220876), ('CP3', 0.12112438), ('C3', 0.11548091), ('CP4', 0.11118313)]
[2026-05-27 04:36:06]     spatial_update=delta_l2=0.00538503 max_abs=0.00050000 relative=0.00451204 changed=True

[2026-05-27 04:36:07] Fold 6/10 | subject=8
[2026-05-27 04:36:07]     Train: 24 | counts=[12, 12]
[2026-05-27 04:36:07]     Test:  16 | counts=[8, 8]
[2026-05-27 04:36:07]     Model: SignalJEPA_PreLocal | Pretrained: from_pretrained | Strategy: new
[2026-05-27 04:36:07]     Normalization: none | fit_scope=none
[2026-05-27 04:36:07]     Phase 1 (new): 2,170/16,010 params
[2026-05-27 04:36:07]     Result | best_epoch=13 | stop=62 | final_phase_epochs=62 | acc=0.5000 | bal_acc=0.5000 | pred_hist=[6, 10] | collapse=False
[2026-05-27 04:36:07]     spatial_conv=[4, 29] top_abs_channels=[('Pz', 0.15161137), ('O2', 0.1414682), ('T3', 0.12725668), ('O1', 0.12680204), ('T4', 0.12208252), ('CP3', 0.12149972), ('C3', 0.11540998), ('CP4', 0.11200844)]
[2026-05-27 04:36:07]     spatial_update=delta_l2=0.05595739 max_abs=0.00602180 relative=0.04688593 changed=True

[2026-05-27 04:36:07] Fold 7/10 | subject=8
[2026-05-27 04:36:07]     Train: 24 | counts=[12, 12]
[2026-05-27 04:36:07]     Test:  16 | counts=[8, 8]
[2026-05-27 04:36:07]     Model: SignalJEPA_PreLocal | Pretrained: from_pretrained | Strategy: new
[2026-05-27 04:36:07]     Normalization: none | fit_scope=none
[2026-05-27 04:36:07]     Phase 1 (new): 2,170/16,010 params
[2026-05-27 04:36:08]     Result | best_epoch=79 | stop=129 | final_phase_epochs=129 | acc=0.6875 | bal_acc=0.6875 | pred_hist=[13, 3] | collapse=False
[2026-05-27 04:36:08]     spatial_conv=[4, 29] top_abs_channels=[('O2', 0.162258), ('Pz', 0.15517111), ('C3', 0.13916568), ('T4', 0.13470435), ('Fp1', 0.12104186), ('O1', 0.12064853), ('CP3', 0.11890829), ('T3', 0.11427777)]
[2026-05-27 04:36:08]     spatial_update=delta_l2=0.24483981 max_abs=0.04690745 relative=0.20514795 changed=True

[2026-05-27 04:36:08] Fold 8/10 | subject=8
[2026-05-27 04:36:08]     Train: 24 | counts=[12, 12]
[2026-05-27 04:36:08]     Test:  16 | counts=[8, 8]
[2026-05-27 04:36:08]     Model: SignalJEPA_PreLocal | Pretrained: from_pretrained | Strategy: new
[2026-05-27 04:36:08]     Normalization: none | fit_scope=none
[2026-05-27 04:36:08]     Phase 1 (new): 2,170/16,010 params
[2026-05-27 04:36:11]     Result | best_epoch=742 | stop=792 | final_phase_epochs=792 | acc=0.8750 | bal_acc=0.8750 | pred_hist=[10, 6] | collapse=False
[2026-05-27 04:36:11]     spatial_conv=[4, 29] top_abs_channels=[('T6', 0.19620636), ('Pz', 0.17386335), ('FC4', 0.16440324), ('T5', 0.14388034), ('Fz', 0.13509345), ('TP8', 0.12905188), ('O2', 0.12533504), ('T4', 0.12143417)]
[2026-05-27 04:36:11]     spatial_update=delta_l2=1.32964370 max_abs=0.31486366 relative=1.11409038 changed=True

[2026-05-27 04:36:12] Fold 9/10 | subject=8
[2026-05-27 04:36:12]     Train: 24 | counts=[12, 12]
[2026-05-27 04:36:12]     Test:  16 | counts=[8, 8]
[2026-05-27 04:36:12]     Model: SignalJEPA_PreLocal | Pretrained: from_pretrained | Strategy: new
[2026-05-27 04:36:12]     Normalization: none | fit_scope=none
[2026-05-27 04:36:12]     Phase 1 (new): 2,170/16,010 params
[2026-05-27 04:36:13]     Result | best_epoch=301 | stop=350 | final_phase_epochs=350 | acc=0.3750 | bal_acc=0.3750 | pred_hist=[6, 10] | collapse=False
[2026-05-27 04:36:13]     spatial_conv=[4, 29] top_abs_channels=[('CP3', 0.16910446), ('T4', 0.14115539), ('Fp2', 0.13891637), ('C3', 0.12891893), ('Fp1', 0.12284189), ('T3', 0.11699674), ('F3', 0.11362971), ('Cz', 0.1125069)]
[2026-05-27 04:36:13]     spatial_update=delta_l2=0.90637572 max_abs=0.18986126 relative=0.75943989 changed=True

[2026-05-27 04:36:13] Fold 10/10 | subject=8
[2026-05-27 04:36:13]     Train: 24 | counts=[12, 12]
[2026-05-27 04:36:13]     Test:  16 | counts=[8, 8]
[2026-05-27 04:36:13]     Model: SignalJEPA_PreLocal | Pretrained: from_pretrained | Strategy: new
[2026-05-27 04:36:13]     Normalization: none | fit_scope=none
[2026-05-27 04:36:13]     Phase 1 (new): 2,170/16,010 params
[2026-05-27 04:36:14]     Result | best_epoch=13 | stop=63 | final_phase_epochs=63 | acc=0.8125 | bal_acc=0.8125 | pred_hist=[9, 7] | collapse=False
[2026-05-27 04:36:14]     spatial_conv=[4, 29] top_abs_channels=[('Pz', 0.15350293), ('O2', 0.1453438), ('T3', 0.12522888), ('O1', 0.12246032), ('T4', 0.12178856), ('CP3', 0.1212458), ('C3', 0.11853009), ('CP4', 0.11403976)]
[2026-05-27 04:36:14]     spatial_update=delta_l2=0.05642882 max_abs=0.00662225 relative=0.04728094 changed=True
[2026-05-27 04:36:14]   Subject 8: acc=0.6250±0.1531  bal_acc=0.6250±0.1531
[2026-05-27 04:36:14] \nSubject 9: 40 windows | class_counts=[20, 20]

[2026-05-27 04:36:14] Fold 1/10 | subject=9
[2026-05-27 04:36:14]     Train: 24 | counts=[12, 12]
[2026-05-27 04:36:14]     Test:  16 | counts=[8, 8]
[2026-05-27 04:36:14]     Model: SignalJEPA_PreLocal | Pretrained: from_pretrained | Strategy: new
[2026-05-27 04:36:14]     Normalization: none | fit_scope=none
[2026-05-27 04:36:14]     Phase 1 (new): 2,170/16,010 params
[2026-05-27 04:36:14]     Result | best_epoch=1 | stop=51 | final_phase_epochs=51 | acc=0.5000 | bal_acc=0.5000 | pred_hist=[0, 16] | collapse=True
[2026-05-27 04:36:14]     spatial_conv=[4, 29] top_abs_channels=[('Pz', 0.15303901), ('O2', 0.14439137), ('T3', 0.1264848), ('T4', 0.12233758), ('O1', 0.12186212), ('CP3', 0.12112439), ('C3', 0.1154809), ('CP4', 0.11118311)]
[2026-05-27 04:36:14]     spatial_update=delta_l2=0.00538503 max_abs=0.00050000 relative=0.00451204 changed=True

[2026-05-27 04:36:15] Fold 2/10 | subject=9
[2026-05-27 04:36:15]     Train: 24 | counts=[12, 12]
[2026-05-27 04:36:15]     Test:  16 | counts=[8, 8]
[2026-05-27 04:36:15]     Model: SignalJEPA_PreLocal | Pretrained: from_pretrained | Strategy: new
[2026-05-27 04:36:15]     Normalization: none | fit_scope=none
[2026-05-27 04:36:15]     Phase 1 (new): 2,170/16,010 params
[2026-05-27 04:36:15]     Result | best_epoch=1 | stop=51 | final_phase_epochs=51 | acc=0.5000 | bal_acc=0.5000 | pred_hist=[0, 16] | collapse=True
[2026-05-27 04:36:15]     spatial_conv=[4, 29] top_abs_channels=[('Pz', 0.15303901), ('O2', 0.14414135), ('T3', 0.1264848), ('O1', 0.12211211), ('T4', 0.12208758), ('CP3', 0.1208744), ('C3', 0.11523091), ('CP4', 0.11068314)]
[2026-05-27 04:36:15]     spatial_update=delta_l2=0.00538494 max_abs=0.00050000 relative=0.00451196 changed=True

[2026-05-27 04:36:16] Fold 3/10 | subject=9
[2026-05-27 04:36:16]     Train: 24 | counts=[12, 12]
[2026-05-27 04:36:16]     Test:  16 | counts=[8, 8]
[2026-05-27 04:36:16]     Model: SignalJEPA_PreLocal | Pretrained: from_pretrained | Strategy: new
[2026-05-27 04:36:16]     Normalization: none | fit_scope=none
[2026-05-27 04:36:16]     Phase 1 (new): 2,170/16,010 params
[2026-05-27 04:36:17]     Result | best_epoch=239 | stop=288 | final_phase_epochs=288 | acc=0.5625 | bal_acc=0.5625 | pred_hist=[7, 9] | collapse=False
[2026-05-27 04:36:17]     spatial_conv=[4, 29] top_abs_channels=[('CP3', 0.17503446), ('T3', 0.17123549), ('C4', 0.16702639), ('O2', 0.14723498), ('Pz', 0.14177564), ('C3', 0.13379732), ('F4', 0.13223313), ('Cz', 0.12119181)]
[2026-05-27 04:36:17]     spatial_update=delta_l2=0.83211060 max_abs=0.16018685 relative=0.69721416 changed=True

[2026-05-27 04:36:17] Fold 4/10 | subject=9
[2026-05-27 04:36:17]     Train: 24 | counts=[12, 12]
[2026-05-27 04:36:17]     Test:  16 | counts=[8, 8]
[2026-05-27 04:36:17]     Model: SignalJEPA_PreLocal | Pretrained: from_pretrained | Strategy: new
[2026-05-27 04:36:17]     Normalization: none | fit_scope=none
[2026-05-27 04:36:17]     Phase 1 (new): 2,170/16,010 params
[2026-05-27 04:36:19]     Result | best_epoch=535 | stop=585 | final_phase_epochs=585 | acc=0.5000 | bal_acc=0.5000 | pred_hist=[10, 6] | collapse=False
[2026-05-27 04:36:19]     spatial_conv=[4, 29] top_abs_channels=[('CP4', 0.1816417), ('T3', 0.14834586), ('Oz', 0.14693719), ('F4', 0.11560652), ('O2', 0.11334814), ('C4', 0.11057103), ('Pz', 0.11047205), ('Cz', 0.10932376)]
[2026-05-27 04:36:19]     spatial_update=delta_l2=1.08699248 max_abs=0.24402915 relative=0.91077622 changed=True

[2026-05-27 04:36:20] Fold 5/10 | subject=9
[2026-05-27 04:36:20]     Train: 24 | counts=[12, 12]
[2026-05-27 04:36:20]     Test:  16 | counts=[8, 8]
[2026-05-27 04:36:20]     Model: SignalJEPA_PreLocal | Pretrained: from_pretrained | Strategy: new
[2026-05-27 04:36:20]     Normalization: none | fit_scope=none
[2026-05-27 04:36:20]     Phase 1 (new): 2,170/16,010 params
[2026-05-27 04:36:20]     Result | best_epoch=1 | stop=51 | final_phase_epochs=51 | acc=0.5000 | bal_acc=0.5000 | pred_hist=[0, 16] | collapse=True
[2026-05-27 04:36:20]     spatial_conv=[4, 29] top_abs_channels=[('Pz', 0.15278901), ('O2', 0.14414147), ('T3', 0.12673479), ('T4', 0.12183759), ('O1', 0.12161212), ('CP3', 0.12112439), ('C3', 0.11498091), ('CP4', 0.11093307)]
[2026-05-27 04:36:20]     spatial_update=delta_l2=0.00538501 max_abs=0.00050000 relative=0.00451203 changed=True

[2026-05-27 04:36:21] Fold 6/10 | subject=9
[2026-05-27 04:36:21]     Train: 24 | counts=[12, 12]
[2026-05-27 04:36:21]     Test:  16 | counts=[8, 8]
[2026-05-27 04:36:21]     Model: SignalJEPA_PreLocal | Pretrained: from_pretrained | Strategy: new
[2026-05-27 04:36:21]     Normalization: none | fit_scope=none
[2026-05-27 04:36:21]     Phase 1 (new): 2,170/16,010 params
[2026-05-27 04:36:21]     Result | best_epoch=1 | stop=51 | final_phase_epochs=51 | acc=0.5000 | bal_acc=0.5000 | pred_hist=[0, 16] | collapse=True
[2026-05-27 04:36:21]     spatial_conv=[4, 29] top_abs_channels=[('Pz', 0.15278901), ('O2', 0.14414139), ('T3', 0.1264848), ('T4', 0.12233758), ('O1', 0.12211212), ('CP3', 0.12162431), ('C3', 0.1152309), ('CP4', 0.11093313)]
[2026-05-27 04:36:21]     spatial_update=delta_l2=0.00538497 max_abs=0.00050000 relative=0.00451199 changed=True

[2026-05-27 04:36:21] Fold 7/10 | subject=9
[2026-05-27 04:36:21]     Train: 24 | counts=[12, 12]
[2026-05-27 04:36:21]     Test:  16 | counts=[8, 8]
[2026-05-27 04:36:21]     Model: SignalJEPA_PreLocal | Pretrained: from_pretrained | Strategy: new
[2026-05-27 04:36:21]     Normalization: none | fit_scope=none
[2026-05-27 04:36:21]     Phase 1 (new): 2,170/16,010 params
[2026-05-27 04:36:21]     Result | best_epoch=1 | stop=51 | final_phase_epochs=51 | acc=0.5000 | bal_acc=0.5000 | pred_hist=[0, 16] | collapse=True
[2026-05-27 04:36:21]     spatial_conv=[4, 29] top_abs_channels=[('Pz', 0.153539), ('O2', 0.14389138), ('T3', 0.1262348), ('O1', 0.12236211), ('T4', 0.1220876), ('CP3', 0.12087439), ('C3', 0.1152309), ('CP4', 0.11118313)]
[2026-05-27 04:36:21]     spatial_update=delta_l2=0.00538502 max_abs=0.00050000 relative=0.00451204 changed=True

[2026-05-27 04:36:22] Fold 8/10 | subject=9
[2026-05-27 04:36:22]     Train: 24 | counts=[12, 12]
[2026-05-27 04:36:22]     Test:  16 | counts=[8, 8]
[2026-05-27 04:36:22]     Model: SignalJEPA_PreLocal | Pretrained: from_pretrained | Strategy: new
[2026-05-27 04:36:22]     Normalization: none | fit_scope=none
[2026-05-27 04:36:22]     Phase 1 (new): 2,170/16,010 params
[2026-05-27 04:36:22]     Result | best_epoch=1 | stop=51 | final_phase_epochs=51 | acc=0.5000 | bal_acc=0.5000 | pred_hist=[0, 16] | collapse=True
[2026-05-27 04:36:22]     spatial_conv=[4, 29] top_abs_channels=[('Pz', 0.15303901), ('O2', 0.14389139), ('T3', 0.12648483), ('O1', 0.12186212), ('T4', 0.1218376), ('CP3', 0.12112439), ('C3', 0.11498091), ('CP4', 0.11093313)]
[2026-05-27 04:36:22]     spatial_update=delta_l2=0.00538506 max_abs=0.00050000 relative=0.00451207 changed=True

[2026-05-27 04:36:23] Fold 9/10 | subject=9
[2026-05-27 04:36:23]     Train: 24 | counts=[12, 12]
[2026-05-27 04:36:23]     Test:  16 | counts=[8, 8]
[2026-05-27 04:36:23]     Model: SignalJEPA_PreLocal | Pretrained: from_pretrained | Strategy: new
[2026-05-27 04:36:23]     Normalization: none | fit_scope=none
[2026-05-27 04:36:23]     Phase 1 (new): 2,170/16,010 params
[2026-05-27 04:36:23]     Result | best_epoch=1 | stop=51 | final_phase_epochs=51 | acc=0.5000 | bal_acc=0.5000 | pred_hist=[0, 16] | collapse=True
[2026-05-27 04:36:23]     spatial_conv=[4, 29] top_abs_channels=[('Pz', 0.15278903), ('O2', 0.14389138), ('T3', 0.12673479), ('O1', 0.12211211), ('T4', 0.12208758), ('CP3', 0.12112442), ('C3', 0.1152309), ('CP4', 0.11093313)]
[2026-05-27 04:36:23]     spatial_update=delta_l2=0.00538469 max_abs=0.00050000 relative=0.00451176 changed=True

[2026-05-27 04:36:23] Fold 10/10 | subject=9
[2026-05-27 04:36:23]     Train: 24 | counts=[12, 12]
[2026-05-27 04:36:23]     Test:  16 | counts=[8, 8]
[2026-05-27 04:36:23]     Model: SignalJEPA_PreLocal | Pretrained: from_pretrained | Strategy: new
[2026-05-27 04:36:23]     Normalization: none | fit_scope=none
[2026-05-27 04:36:23]     Phase 1 (new): 2,170/16,010 params
[2026-05-27 04:36:24]     Result | best_epoch=222 | stop=272 | final_phase_epochs=272 | acc=0.5000 | bal_acc=0.5000 | pred_hist=[10, 6] | collapse=False
[2026-05-27 04:36:24]     spatial_conv=[4, 29] top_abs_channels=[('O2', 0.17205307), ('C3', 0.1486581), ('CP3', 0.14375387), ('TP7', 0.13987964), ('T3', 0.13670877), ('Fz', 0.13430037), ('F7', 0.13150457), ('TP8', 0.12828939)]
[2026-05-27 04:36:24]     spatial_update=delta_l2=0.76443774 max_abs=0.13346175 relative=0.64051199 changed=True
[2026-05-27 04:36:24]   Subject 9: acc=0.5062±0.0187  bal_acc=0.5062±0.0187
[2026-05-27 04:36:24] \nSubject 10: 40 windows | class_counts=[20, 20]

[2026-05-27 04:36:25] Fold 1/10 | subject=10
[2026-05-27 04:36:25]     Train: 24 | counts=[12, 12]
[2026-05-27 04:36:25]     Test:  16 | counts=[8, 8]
[2026-05-27 04:36:25]     Model: SignalJEPA_PreLocal | Pretrained: from_pretrained | Strategy: new
[2026-05-27 04:36:25]     Normalization: none | fit_scope=none
[2026-05-27 04:36:25]     Phase 1 (new): 2,170/16,010 params
[2026-05-27 04:36:25]     Result | best_epoch=1 | stop=51 | final_phase_epochs=51 | acc=0.5000 | bal_acc=0.5000 | pred_hist=[0, 16] | collapse=True
[2026-05-27 04:36:25]     spatial_conv=[4, 29] top_abs_channels=[('Pz', 0.15278901), ('O2', 0.14414138), ('T3', 0.12673479), ('T4', 0.12208758), ('O1', 0.12186212), ('CP3', 0.1213744), ('C3', 0.11498091), ('CP4', 0.11093315)]
[2026-05-27 04:36:25]     spatial_update=delta_l2=0.00538498 max_abs=0.00050000 relative=0.00451201 changed=True

[2026-05-27 04:36:26] Fold 2/10 | subject=10
[2026-05-27 04:36:26]     Train: 24 | counts=[12, 12]
[2026-05-27 04:36:26]     Test:  16 | counts=[8, 8]
[2026-05-27 04:36:26]     Model: SignalJEPA_PreLocal | Pretrained: from_pretrained | Strategy: new
[2026-05-27 04:36:26]     Normalization: none | fit_scope=none
[2026-05-27 04:36:26]     Phase 1 (new): 2,170/16,010 params
[2026-05-27 04:36:26]     Result | best_epoch=88 | stop=137 | final_phase_epochs=137 | acc=0.6875 | bal_acc=0.6875 | pred_hist=[9, 7] | collapse=False
[2026-05-27 04:36:26]     spatial_conv=[4, 29] top_abs_channels=[('CP3', 0.15298371), ('Pz', 0.14506371), ('O2', 0.13567287), ('T4', 0.13123322), ('O1', 0.12241989), ('CP4', 0.11680458), ('F3', 0.11450262), ('T3', 0.11282308)]
[2026-05-27 04:36:26]     spatial_update=delta_l2=0.34981201 max_abs=0.05215654 relative=0.29310273 changed=True

[2026-05-27 04:36:27] Fold 3/10 | subject=10
[2026-05-27 04:36:27]     Train: 24 | counts=[12, 12]
[2026-05-27 04:36:27]     Test:  16 | counts=[8, 8]
[2026-05-27 04:36:27]     Model: SignalJEPA_PreLocal | Pretrained: from_pretrained | Strategy: new
[2026-05-27 04:36:27]     Normalization: none | fit_scope=none
[2026-05-27 04:36:27]     Phase 1 (new): 2,170/16,010 params
[2026-05-27 04:36:27]     Result | best_epoch=1 | stop=51 | final_phase_epochs=51 | acc=0.5000 | bal_acc=0.5000 | pred_hist=[0, 16] | collapse=True
[2026-05-27 04:36:27]     spatial_conv=[4, 29] top_abs_channels=[('Pz', 0.15303901), ('O2', 0.14389139), ('T3', 0.12673435), ('O1', 0.12211212), ('T4', 0.12183765), ('CP3', 0.12137438), ('C3', 0.1152309), ('CP4', 0.11093313)]
[2026-05-27 04:36:27]     spatial_update=delta_l2=0.00538472 max_abs=0.00050000 relative=0.00451179 changed=True

[2026-05-27 04:36:27] Fold 4/10 | subject=10
[2026-05-27 04:36:27]     Train: 24 | counts=[12, 12]
[2026-05-27 04:36:27]     Test:  16 | counts=[8, 8]
[2026-05-27 04:36:27]     Model: SignalJEPA_PreLocal | Pretrained: from_pretrained | Strategy: new
[2026-05-27 04:36:27]     Normalization: none | fit_scope=none
[2026-05-27 04:36:27]     Phase 1 (new): 2,170/16,010 params
[2026-05-27 04:36:28]     Result | best_epoch=1 | stop=51 | final_phase_epochs=51 | acc=0.5000 | bal_acc=0.5000 | pred_hist=[0, 16] | collapse=True
[2026-05-27 04:36:28]     spatial_conv=[4, 29] top_abs_channels=[('Pz', 0.15303901), ('O2', 0.14389138), ('T3', 0.12673478), ('O1', 0.12186212), ('T4', 0.12183762), ('CP3', 0.12112448), ('C3', 0.1154809), ('CP4', 0.11093315)]
[2026-05-27 04:36:28]     spatial_update=delta_l2=0.00538489 max_abs=0.00050000 relative=0.00451193 changed=True

[2026-05-27 04:36:28] Fold 5/10 | subject=10
[2026-05-27 04:36:28]     Train: 24 | counts=[12, 12]
[2026-05-27 04:36:28]     Test:  16 | counts=[8, 8]
[2026-05-27 04:36:28]     Model: SignalJEPA_PreLocal | Pretrained: from_pretrained | Strategy: new
[2026-05-27 04:36:28]     Normalization: none | fit_scope=none
[2026-05-27 04:36:28]     Phase 1 (new): 2,170/16,010 params
[2026-05-27 04:36:30]     Result | best_epoch=341 | stop=391 | final_phase_epochs=391 | acc=0.4375 | bal_acc=0.4375 | pred_hist=[5, 11] | collapse=False
[2026-05-27 04:36:30]     spatial_conv=[4, 29] top_abs_channels=[('O2', 0.16663809), ('CP3', 0.13886559), ('T5', 0.13638656), ('TP7', 0.12668568), ('T3', 0.12431173), ('P3', 0.12417287), ('T4', 0.12329649), ('FCz', 0.12274811)]
[2026-05-27 04:36:30]     spatial_update=delta_l2=0.86459500 max_abs=0.16272277 relative=0.72443240 changed=True

[2026-05-27 04:36:30] Fold 6/10 | subject=10
[2026-05-27 04:36:30]     Train: 24 | counts=[12, 12]
[2026-05-27 04:36:30]     Test:  16 | counts=[8, 8]
[2026-05-27 04:36:30]     Model: SignalJEPA_PreLocal | Pretrained: from_pretrained | Strategy: new
[2026-05-27 04:36:30]     Normalization: none | fit_scope=none
[2026-05-27 04:36:30]     Phase 1 (new): 2,170/16,010 params
[2026-05-27 04:36:30]     Result | best_epoch=1 | stop=51 | final_phase_epochs=51 | acc=0.5000 | bal_acc=0.5000 | pred_hist=[0, 16] | collapse=True
[2026-05-27 04:36:30]     spatial_conv=[4, 29] top_abs_channels=[('Pz', 0.15303901), ('O2', 0.14389138), ('T3', 0.1264848), ('O1', 0.12186212), ('T4', 0.12183759), ('CP3', 0.12162437), ('C3', 0.11498091), ('CP4', 0.11118314)]
[2026-05-27 04:36:30]     spatial_update=delta_l2=0.00538497 max_abs=0.00050000 relative=0.00451199 changed=True

[2026-05-27 04:36:31] Fold 7/10 | subject=10
[2026-05-27 04:36:31]     Train: 24 | counts=[12, 12]
[2026-05-27 04:36:31]     Test:  16 | counts=[8, 8]
[2026-05-27 04:36:31]     Model: SignalJEPA_PreLocal | Pretrained: from_pretrained | Strategy: new
[2026-05-27 04:36:31]     Normalization: none | fit_scope=none
[2026-05-27 04:36:31]     Phase 1 (new): 2,170/16,010 params
[2026-05-27 04:36:31]     Result | best_epoch=1 | stop=51 | final_phase_epochs=51 | acc=0.5000 | bal_acc=0.5000 | pred_hist=[0, 16] | collapse=True
[2026-05-27 04:36:31]     spatial_conv=[4, 29] top_abs_channels=[('Pz', 0.15278909), ('O2', 0.14414138), ('T3', 0.12673479), ('T4', 0.12233758), ('O1', 0.12186211), ('CP3', 0.12112437), ('C3', 0.1152309), ('CP4', 0.11093314)]
[2026-05-27 04:36:31]     spatial_update=delta_l2=0.00538496 max_abs=0.00050000 relative=0.00451199 changed=True

[2026-05-27 04:36:32] Fold 8/10 | subject=10
[2026-05-27 04:36:32]     Train: 24 | counts=[12, 12]
[2026-05-27 04:36:32]     Test:  16 | counts=[8, 8]
[2026-05-27 04:36:32]     Model: SignalJEPA_PreLocal | Pretrained: from_pretrained | Strategy: new
[2026-05-27 04:36:32]     Normalization: none | fit_scope=none
[2026-05-27 04:36:32]     Phase 1 (new): 2,170/16,010 params
[2026-05-27 04:36:32]     Result | best_epoch=2 | stop=51 | final_phase_epochs=51 | acc=0.5000 | bal_acc=0.5000 | pred_hist=[0, 16] | collapse=True
[2026-05-27 04:36:32]     spatial_conv=[4, 29] top_abs_channels=[('Pz', 0.15303901), ('O2', 0.14414138), ('T3', 0.12648489), ('T4', 0.1220876), ('O1', 0.12136213), ('CP3', 0.12087439), ('C3', 0.11523086), ('CP4', 0.11068314)]
[2026-05-27 04:36:32]     spatial_update=delta_l2=0.00538478 max_abs=0.00050000 relative=0.00451184 changed=True

[2026-05-27 04:36:32] Fold 9/10 | subject=10
[2026-05-27 04:36:32]     Train: 24 | counts=[12, 12]
[2026-05-27 04:36:32]     Test:  16 | counts=[8, 8]
[2026-05-27 04:36:32]     Model: SignalJEPA_PreLocal | Pretrained: from_pretrained | Strategy: new
[2026-05-27 04:36:32]     Normalization: none | fit_scope=none
[2026-05-27 04:36:32]     Phase 1 (new): 2,170/16,010 params
[2026-05-27 04:36:33]     Result | best_epoch=1 | stop=51 | final_phase_epochs=51 | acc=0.5000 | bal_acc=0.5000 | pred_hist=[0, 16] | collapse=True
[2026-05-27 04:36:33]     spatial_conv=[4, 29] top_abs_channels=[('Pz', 0.15253901), ('O2', 0.14439137), ('T3', 0.12648478), ('T4', 0.1220876), ('O1', 0.12186212), ('CP3', 0.12137438), ('C3', 0.11473095), ('CP4', 0.11068315)]
[2026-05-27 04:36:33]     spatial_update=delta_l2=0.00538500 max_abs=0.00050000 relative=0.00451202 changed=True

[2026-05-27 04:36:33] Fold 10/10 | subject=10
[2026-05-27 04:36:33]     Train: 24 | counts=[12, 12]
[2026-05-27 04:36:33]     Test:  16 | counts=[8, 8]
[2026-05-27 04:36:33]     Model: SignalJEPA_PreLocal | Pretrained: from_pretrained | Strategy: new
[2026-05-27 04:36:33]     Normalization: none | fit_scope=none
[2026-05-27 04:36:33]     Phase 1 (new): 2,170/16,010 params
[2026-05-27 04:36:34]     Result | best_epoch=193 | stop=243 | final_phase_epochs=243 | acc=0.6250 | bal_acc=0.6250 | pred_hist=[6, 10] | collapse=False
[2026-05-27 04:36:34]     spatial_conv=[4, 29] top_abs_channels=[('T5', 0.16811416), ('FCz', 0.15587059), ('CP3', 0.14906207), ('Fz', 0.12524033), ('O2', 0.12518179), ('Fp1', 0.12452453), ('T4', 0.1045716), ('O1', 0.09901817)]
[2026-05-27 04:36:34]     spatial_update=delta_l2=0.72372767 max_abs=0.13694960 relative=0.60640157 changed=True
[2026-05-27 04:36:34]   Subject 10: acc=0.5250±0.0696  bal_acc=0.5250±0.0696
[2026-05-27 04:36:34] \nSubject 11: 40 windows | class_counts=[20, 20]

[2026-05-27 04:36:35] Fold 1/10 | subject=11
[2026-05-27 04:36:35]     Train: 24 | counts=[12, 12]
[2026-05-27 04:36:35]     Test:  16 | counts=[8, 8]
[2026-05-27 04:36:35]     Model: SignalJEPA_PreLocal | Pretrained: from_pretrained | Strategy: new
[2026-05-27 04:36:35]     Normalization: none | fit_scope=none
[2026-05-27 04:36:35]     Phase 1 (new): 2,170/16,010 params
[2026-05-27 04:36:35]     Result | best_epoch=1 | stop=51 | final_phase_epochs=51 | acc=0.4375 | bal_acc=0.4375 | pred_hist=[1, 15] | collapse=True
[2026-05-27 04:36:35]     spatial_conv=[4, 29] top_abs_channels=[('Pz', 0.15303901), ('O2', 0.14414136), ('T3', 0.12673478), ('T4', 0.1220876), ('O1', 0.12186212), ('CP3', 0.12137438), ('C3', 0.11548088), ('CP4', 0.11093312)]
[2026-05-27 04:36:35]     spatial_update=delta_l2=0.00538501 max_abs=0.00050000 relative=0.00451203 changed=True

[2026-05-27 04:36:35] Fold 2/10 | subject=11
[2026-05-27 04:36:35]     Train: 24 | counts=[12, 12]
[2026-05-27 04:36:35]     Test:  16 | counts=[8, 8]
[2026-05-27 04:36:35]     Model: SignalJEPA_PreLocal | Pretrained: from_pretrained | Strategy: new
[2026-05-27 04:36:35]     Normalization: none | fit_scope=none
[2026-05-27 04:36:35]     Phase 1 (new): 2,170/16,010 params
[2026-05-27 04:36:35]     Result | best_epoch=1 | stop=51 | final_phase_epochs=51 | acc=0.5000 | bal_acc=0.5000 | pred_hist=[0, 16] | collapse=True
[2026-05-27 04:36:35]     spatial_conv=[4, 29] top_abs_channels=[('Pz', 0.15328902), ('O2', 0.14389138), ('T3', 0.12723479), ('O1', 0.12186212), ('T4', 0.12183759), ('CP3', 0.1208744), ('C3', 0.11498094), ('CP4', 0.11068314)]
[2026-05-27 04:36:35]     spatial_update=delta_l2=0.00538498 max_abs=0.00050000 relative=0.00451201 changed=True

[2026-05-27 04:36:36] Fold 3/10 | subject=11
[2026-05-27 04:36:36]     Train: 24 | counts=[12, 12]
[2026-05-27 04:36:36]     Test:  16 | counts=[8, 8]
[2026-05-27 04:36:36]     Model: SignalJEPA_PreLocal | Pretrained: from_pretrained | Strategy: new
[2026-05-27 04:36:36]     Normalization: none | fit_scope=none
[2026-05-27 04:36:36]     Phase 1 (new): 2,170/16,010 params
[2026-05-27 04:36:36]     Result | best_epoch=1 | stop=51 | final_phase_epochs=51 | acc=0.5000 | bal_acc=0.5000 | pred_hist=[0, 16] | collapse=True
[2026-05-27 04:36:36]     spatial_conv=[4, 29] top_abs_channels=[('Pz', 0.15303905), ('O2', 0.14389138), ('T3', 0.12673478), ('O1', 0.12236211), ('T4', 0.12183759), ('CP3', 0.12162438), ('C3', 0.11498082), ('CP4', 0.11068314)]
[2026-05-27 04:36:36]     spatial_update=delta_l2=0.00538486 max_abs=0.00050000 relative=0.00451190 changed=True

[2026-05-27 04:36:37] Fold 4/10 | subject=11
[2026-05-27 04:36:37]     Train: 24 | counts=[12, 12]
[2026-05-27 04:36:37]     Test:  16 | counts=[8, 8]
[2026-05-27 04:36:37]     Model: SignalJEPA_PreLocal | Pretrained: from_pretrained | Strategy: new
[2026-05-27 04:36:37]     Normalization: none | fit_scope=none
[2026-05-27 04:36:37]     Phase 1 (new): 2,170/16,010 params
[2026-05-27 04:36:37]     Result | best_epoch=47 | stop=96 | final_phase_epochs=96 | acc=0.5625 | bal_acc=0.5625 | pred_hist=[11, 5] | collapse=False
[2026-05-27 04:36:37]     spatial_conv=[4, 29] top_abs_channels=[('Pz', 0.14835057), ('O2', 0.14415354), ('CP3', 0.12864722), ('T4', 0.12582542), ('O1', 0.12216338), ('T3', 0.12153968), ('T5', 0.11632317), ('Fz', 0.10929633)]
[2026-05-27 04:36:37]     spatial_update=delta_l2=0.16637336 max_abs=0.02614012 relative=0.13940198 changed=True

[2026-05-27 04:36:38] Fold 5/10 | subject=11
[2026-05-27 04:36:38]     Train: 24 | counts=[12, 12]
[2026-05-27 04:36:38]     Test:  16 | counts=[8, 8]
[2026-05-27 04:36:38]     Model: SignalJEPA_PreLocal | Pretrained: from_pretrained | Strategy: new
[2026-05-27 04:36:38]     Normalization: none | fit_scope=none
[2026-05-27 04:36:38]     Phase 1 (new): 2,170/16,010 params
[2026-05-27 04:36:38]     Result | best_epoch=49 | stop=99 | final_phase_epochs=99 | acc=0.5000 | bal_acc=0.5000 | pred_hist=[8, 8] | collapse=False
[2026-05-27 04:36:38]     spatial_conv=[4, 29] top_abs_channels=[('Pz', 0.16318311), ('O2', 0.13400663), ('O1', 0.12132384), ('Fz', 0.12085029), ('T3', 0.12001194), ('CP3', 0.11881869), ('T4', 0.11518688), ('F4', 0.11424275)]
[2026-05-27 04:36:38]     spatial_update=delta_l2=0.18604499 max_abs=0.02733079 relative=0.15588457 changed=True

[2026-05-27 04:36:39] Fold 6/10 | subject=11
[2026-05-27 04:36:39]     Train: 24 | counts=[12, 12]
[2026-05-27 04:36:39]     Test:  16 | counts=[8, 8]
[2026-05-27 04:36:39]     Model: SignalJEPA_PreLocal | Pretrained: from_pretrained | Strategy: new
[2026-05-27 04:36:39]     Normalization: none | fit_scope=none
[2026-05-27 04:36:39]     Phase 1 (new): 2,170/16,010 params
[2026-05-27 04:36:40]     Result | best_epoch=237 | stop=285 | final_phase_epochs=285 | acc=0.5625 | bal_acc=0.5625 | pred_hist=[7, 9] | collapse=False
[2026-05-27 04:36:40]     spatial_conv=[4, 29] top_abs_channels=[('O2', 0.1755311), ('CP3', 0.16317949), ('P4', 0.14874747), ('CP4', 0.1394681), ('T4', 0.13231921), ('O1', 0.12140179), ('C4', 0.11921677), ('C3', 0.11049201)]
[2026-05-27 04:36:40]     spatial_update=delta_l2=0.72540458 max_abs=0.14761385 relative=0.60780664 changed=True

[2026-05-27 04:36:40] Fold 7/10 | subject=11
[2026-05-27 04:36:40]     Train: 24 | counts=[12, 12]
[2026-05-27 04:36:40]     Test:  16 | counts=[8, 8]
[2026-05-27 04:36:40]     Model: SignalJEPA_PreLocal | Pretrained: from_pretrained | Strategy: new
[2026-05-27 04:36:40]     Normalization: none | fit_scope=none
[2026-05-27 04:36:40]     Phase 1 (new): 2,170/16,010 params
[2026-05-27 04:36:41]     Result | best_epoch=217 | stop=267 | final_phase_epochs=267 | acc=0.6250 | bal_acc=0.6250 | pred_hist=[8, 8] | collapse=False
[2026-05-27 04:36:41]     spatial_conv=[4, 29] top_abs_channels=[('CP3', 0.2000844), ('Pz', 0.18232125), ('O2', 0.16194171), ('F3', 0.15137184), ('C3', 0.1365909), ('Fp2', 0.11819723), ('Fz', 0.1128442), ('P4', 0.10820042)]
[2026-05-27 04:36:41]     spatial_update=delta_l2=0.72219382 max_abs=0.13468670 relative=0.60511639 changed=True

[2026-05-27 04:36:42] Fold 8/10 | subject=11
[2026-05-27 04:36:42]     Train: 24 | counts=[12, 12]
[2026-05-27 04:36:42]     Test:  16 | counts=[8, 8]
[2026-05-27 04:36:42]     Model: SignalJEPA_PreLocal | Pretrained: from_pretrained | Strategy: new
[2026-05-27 04:36:42]     Normalization: none | fit_scope=none
[2026-05-27 04:36:42]     Phase 1 (new): 2,170/16,010 params
[2026-05-27 04:36:42]     Result | best_epoch=106 | stop=156 | final_phase_epochs=156 | acc=0.4375 | bal_acc=0.4375 | pred_hist=[15, 1] | collapse=True
[2026-05-27 04:36:42]     spatial_conv=[4, 29] top_abs_channels=[('Pz', 0.1544552), ('O2', 0.14109074), ('CP3', 0.13979019), ('C4', 0.12200625), ('F4', 0.12185284), ('T4', 0.11997324), ('Fz', 0.11607708), ('C3', 0.10286926)]
[2026-05-27 04:36:42]     spatial_update=delta_l2=0.40822080 max_abs=0.06879628 relative=0.34204266 changed=True

[2026-05-27 04:36:43] Fold 9/10 | subject=11
[2026-05-27 04:36:43]     Train: 24 | counts=[12, 12]
[2026-05-27 04:36:43]     Test:  16 | counts=[8, 8]
[2026-05-27 04:36:43]     Model: SignalJEPA_PreLocal | Pretrained: from_pretrained | Strategy: new
[2026-05-27 04:36:43]     Normalization: none | fit_scope=none
[2026-05-27 04:36:43]     Phase 1 (new): 2,170/16,010 params
[2026-05-27 04:36:48]     Result | best_epoch=1339 | stop=1339 | final_phase_epochs=1339 | acc=0.3125 | bal_acc=0.3125 | pred_hist=[7, 9] | collapse=False
[2026-05-27 04:36:48]     spatial_conv=[4, 29] top_abs_channels=[('CP3', 0.29315776), ('T6', 0.210206), ('Pz', 0.19607426), ('P4', 0.14327763), ('CP4', 0.12440752), ('FC3', 0.11742515), ('FCz', 0.11405419), ('F3', 0.10873127)]
[2026-05-27 04:36:48]     spatial_update=delta_l2=1.45372930 max_abs=0.40090133 relative=1.21806002 changed=True

[2026-05-27 04:36:48] Fold 10/10 | subject=11
[2026-05-27 04:36:48]     Train: 24 | counts=[12, 12]
[2026-05-27 04:36:48]     Test:  16 | counts=[8, 8]
[2026-05-27 04:36:48]     Model: SignalJEPA_PreLocal | Pretrained: from_pretrained | Strategy: new
[2026-05-27 04:36:48]     Normalization: none | fit_scope=none
[2026-05-27 04:36:48]     Phase 1 (new): 2,170/16,010 params
[2026-05-27 04:36:48]     Result | best_epoch=1 | stop=51 | final_phase_epochs=51 | acc=0.5000 | bal_acc=0.5000 | pred_hist=[0, 16] | collapse=True
[2026-05-27 04:36:48]     spatial_conv=[4, 29] top_abs_channels=[('Pz', 0.15303901), ('O2', 0.14389139), ('T3', 0.12698479), ('T4', 0.12208759), ('CP3', 0.12162438), ('O1', 0.12161214), ('C3', 0.11473093), ('CP4', 0.11093313)]
[2026-05-27 04:36:48]     spatial_update=delta_l2=0.00538493 max_abs=0.00050000 relative=0.00451196 changed=True
[2026-05-27 04:36:48]   Subject 11: acc=0.4938±0.0813  bal_acc=0.4938±0.0813
[2026-05-27 04:36:48] \nSubject 12: 40 windows | class_counts=[20, 20]

[2026-05-27 04:36:49] Fold 1/10 | subject=12
[2026-05-27 04:36:49]     Train: 24 | counts=[12, 12]
[2026-05-27 04:36:49]     Test:  16 | counts=[8, 8]
[2026-05-27 04:36:49]     Model: SignalJEPA_PreLocal | Pretrained: from_pretrained | Strategy: new
[2026-05-27 04:36:49]     Normalization: none | fit_scope=none
[2026-05-27 04:36:49]     Phase 1 (new): 2,170/16,010 params
[2026-05-27 04:36:49]     Result | best_epoch=1 | stop=51 | final_phase_epochs=51 | acc=0.5000 | bal_acc=0.5000 | pred_hist=[0, 16] | collapse=True
[2026-05-27 04:36:49]     spatial_conv=[4, 29] top_abs_channels=[('Pz', 0.15303901), ('O2', 0.14389138), ('T3', 0.1262348), ('O1', 0.12211211), ('T4', 0.12208758), ('CP3', 0.12137432), ('C3', 0.1152309), ('CP4', 0.11118313)]
[2026-05-27 04:36:49]     spatial_update=delta_l2=0.00538502 max_abs=0.00050000 relative=0.00451203 changed=True

[2026-05-27 04:36:50] Fold 2/10 | subject=12
[2026-05-27 04:36:50]     Train: 24 | counts=[12, 12]
[2026-05-27 04:36:50]     Test:  16 | counts=[8, 8]
[2026-05-27 04:36:50]     Model: SignalJEPA_PreLocal | Pretrained: from_pretrained | Strategy: new
[2026-05-27 04:36:50]     Normalization: none | fit_scope=none
[2026-05-27 04:36:50]     Phase 1 (new): 2,170/16,010 params
[2026-05-27 04:36:50]     Result | best_epoch=1 | stop=51 | final_phase_epochs=51 | acc=0.5000 | bal_acc=0.5000 | pred_hist=[0, 16] | collapse=True
[2026-05-27 04:36:50]     spatial_conv=[4, 29] top_abs_channels=[('Pz', 0.15303901), ('O2', 0.14439137), ('T3', 0.12623484), ('T4', 0.12208758), ('O1', 0.12186212), ('CP3', 0.12162438), ('C3', 0.1152309), ('CP4', 0.11093361)]
[2026-05-27 04:36:50]     spatial_update=delta_l2=0.00538458 max_abs=0.00050000 relative=0.00451166 changed=True

[2026-05-27 04:36:50] Fold 3/10 | subject=12
[2026-05-27 04:36:50]     Train: 24 | counts=[12, 12]
[2026-05-27 04:36:50]     Test:  16 | counts=[8, 8]
[2026-05-27 04:36:50]     Model: SignalJEPA_PreLocal | Pretrained: from_pretrained | Strategy: new
[2026-05-27 04:36:50]     Normalization: none | fit_scope=none
[2026-05-27 04:36:50]     Phase 1 (new): 2,170/16,010 params
[2026-05-27 04:36:53]     Result | best_epoch=669 | stop=719 | final_phase_epochs=719 | acc=0.3125 | bal_acc=0.3125 | pred_hist=[9, 7] | collapse=False
[2026-05-27 04:36:53]     spatial_conv=[4, 29] top_abs_channels=[('T3', 0.18018994), ('P4', 0.14354357), ('F8', 0.14001113), ('F3', 0.13711166), ('Pz', 0.13564411), ('Fz', 0.13561051), ('FC4', 0.11231464), ('CP4', 0.11221301)]
[2026-05-27 04:36:53]     spatial_update=delta_l2=1.20801452 max_abs=0.25203652 relative=1.01217895 changed=True

[2026-05-27 04:36:54] Fold 4/10 | subject=12
[2026-05-27 04:36:54]     Train: 24 | counts=[12, 12]
[2026-05-27 04:36:54]     Test:  16 | counts=[8, 8]
[2026-05-27 04:36:54]     Model: SignalJEPA_PreLocal | Pretrained: from_pretrained | Strategy: new
[2026-05-27 04:36:54]     Normalization: none | fit_scope=none
[2026-05-27 04:36:54]     Phase 1 (new): 2,170/16,010 params
[2026-05-27 04:36:54]     Result | best_epoch=4 | stop=53 | final_phase_epochs=53 | acc=0.5000 | bal_acc=0.5000 | pred_hist=[0, 16] | collapse=True
[2026-05-27 04:36:54]     spatial_conv=[4, 29] top_abs_channels=[('Pz', 0.15370601), ('O2', 0.14367835), ('T3', 0.12632582), ('CP3', 0.12259172), ('O1', 0.12171286), ('T4', 0.12132339), ('C3', 0.11452956), ('CP4', 0.10989829)]
[2026-05-27 04:36:54]     spatial_update=delta_l2=0.01404965 max_abs=0.00150186 relative=0.01177201 changed=True

[2026-05-27 04:36:54] Fold 5/10 | subject=12
[2026-05-27 04:36:54]     Train: 24 | counts=[12, 12]
[2026-05-27 04:36:54]     Test:  16 | counts=[8, 8]
[2026-05-27 04:36:54]     Model: SignalJEPA_PreLocal | Pretrained: from_pretrained | Strategy: new
[2026-05-27 04:36:54]     Normalization: none | fit_scope=none
[2026-05-27 04:36:54]     Phase 1 (new): 2,170/16,010 params
[2026-05-27 04:36:55]     Result | best_epoch=220 | stop=270 | final_phase_epochs=270 | acc=0.6875 | bal_acc=0.6875 | pred_hist=[9, 7] | collapse=False
[2026-05-27 04:36:55]     spatial_conv=[4, 29] top_abs_channels=[('CP3', 0.19581744), ('CP4', 0.15525509), ('O2', 0.1523561), ('FCz', 0.14738072), ('Pz', 0.14344303), ('C4', 0.13241869), ('P4', 0.1285809), ('T4', 0.10171703)]
[2026-05-27 04:36:55]     spatial_update=delta_l2=0.71900868 max_abs=0.14490358 relative=0.60244760 changed=True

[2026-05-27 04:36:56] Fold 6/10 | subject=12
[2026-05-27 04:36:56]     Train: 24 | counts=[12, 12]
[2026-05-27 04:36:56]     Test:  16 | counts=[8, 8]
[2026-05-27 04:36:56]     Model: SignalJEPA_PreLocal | Pretrained: from_pretrained | Strategy: new
[2026-05-27 04:36:56]     Normalization: none | fit_scope=none
[2026-05-27 04:36:56]     Phase 1 (new): 2,170/16,010 params
[2026-05-27 04:36:56]     Result | best_epoch=112 | stop=162 | final_phase_epochs=162 | acc=0.5000 | bal_acc=0.5000 | pred_hist=[12, 4] | collapse=False
[2026-05-27 04:36:56]     spatial_conv=[4, 29] top_abs_channels=[('O2', 0.17448342), ('T3', 0.15832144), ('Fz', 0.15685701), ('Pz', 0.15236592), ('C4', 0.12675244), ('CP3', 0.1228413), ('CP4', 0.11928471), ('TP7', 0.11118626)]
[2026-05-27 04:36:56]     spatial_update=delta_l2=0.41473836 max_abs=0.07058617 relative=0.34750363 changed=True

[2026-05-27 04:36:57] Fold 7/10 | subject=12
[2026-05-27 04:36:57]     Train: 24 | counts=[12, 12]
[2026-05-27 04:36:57]     Test:  16 | counts=[8, 8]
[2026-05-27 04:36:57]     Model: SignalJEPA_PreLocal | Pretrained: from_pretrained | Strategy: new
[2026-05-27 04:36:57]     Normalization: none | fit_scope=none
[2026-05-27 04:36:57]     Phase 1 (new): 2,170/16,010 params
[2026-05-27 04:36:57]     Result | best_epoch=1 | stop=51 | final_phase_epochs=51 | acc=0.5000 | bal_acc=0.5000 | pred_hist=[0, 16] | collapse=True
[2026-05-27 04:36:57]     spatial_conv=[4, 29] top_abs_channels=[('Pz', 0.153539), ('O2', 0.14389138), ('T3', 0.12648478), ('T4', 0.12208761), ('O1', 0.12161213), ('CP3', 0.12137438), ('C3', 0.11498091), ('CP4', 0.11118312)]
[2026-05-27 04:36:57]     spatial_update=delta_l2=0.00538505 max_abs=0.00050000 relative=0.00451206 changed=True

[2026-05-27 04:36:58] Fold 8/10 | subject=12
[2026-05-27 04:36:58]     Train: 24 | counts=[12, 12]
[2026-05-27 04:36:58]     Test:  16 | counts=[8, 8]
[2026-05-27 04:36:58]     Model: SignalJEPA_PreLocal | Pretrained: from_pretrained | Strategy: new
[2026-05-27 04:36:58]     Normalization: none | fit_scope=none
[2026-05-27 04:36:58]     Phase 1 (new): 2,170/16,010 params
[2026-05-27 04:36:58]     Result | best_epoch=1 | stop=51 | final_phase_epochs=51 | acc=0.5000 | bal_acc=0.5000 | pred_hist=[0, 16] | collapse=True
[2026-05-27 04:36:58]     spatial_conv=[4, 29] top_abs_channels=[('Pz', 0.15328901), ('O2', 0.14389138), ('T3', 0.1262348), ('O1', 0.12211212), ('T4', 0.12208761), ('CP3', 0.12137444), ('C3', 0.11498091), ('CP4', 0.11068314)]
[2026-05-27 04:36:58]     spatial_update=delta_l2=0.00538502 max_abs=0.00050000 relative=0.00451203 changed=True

[2026-05-27 04:36:58] Fold 9/10 | subject=12
[2026-05-27 04:36:58]     Train: 24 | counts=[12, 12]
[2026-05-27 04:36:58]     Test:  16 | counts=[8, 8]
[2026-05-27 04:36:58]     Model: SignalJEPA_PreLocal | Pretrained: from_pretrained | Strategy: new
[2026-05-27 04:36:58]     Normalization: none | fit_scope=none
[2026-05-27 04:36:58]     Phase 1 (new): 2,170/16,010 params
[2026-05-27 04:36:59]     Result | best_epoch=1 | stop=51 | final_phase_epochs=51 | acc=0.4375 | bal_acc=0.4375 | pred_hist=[1, 15] | collapse=True
[2026-05-27 04:36:59]     spatial_conv=[4, 29] top_abs_channels=[('Pz', 0.15278901), ('O2', 0.14464132), ('T3', 0.1262348), ('O1', 0.12211211), ('T4', 0.1215876), ('CP3', 0.12137438), ('C3', 0.11548087), ('CP4', 0.11118308)]
[2026-05-27 04:36:59]     spatial_update=delta_l2=0.00538484 max_abs=0.00050000 relative=0.00451188 changed=True

[2026-05-27 04:36:59] Fold 10/10 | subject=12
[2026-05-27 04:36:59]     Train: 24 | counts=[12, 12]
[2026-05-27 04:36:59]     Test:  16 | counts=[8, 8]
[2026-05-27 04:36:59]     Model: SignalJEPA_PreLocal | Pretrained: from_pretrained | Strategy: new
[2026-05-27 04:36:59]     Normalization: none | fit_scope=none
[2026-05-27 04:36:59]     Phase 1 (new): 2,170/16,010 params
[2026-05-27 04:36:59]     Result | best_epoch=1 | stop=51 | final_phase_epochs=51 | acc=0.5000 | bal_acc=0.5000 | pred_hist=[0, 16] | collapse=True
[2026-05-27 04:36:59]     spatial_conv=[4, 29] top_abs_channels=[('Pz', 0.15278901), ('O2', 0.14389138), ('T3', 0.12623478), ('O1', 0.12211213), ('T4', 0.12208759), ('CP3', 0.12137438), ('C3', 0.11523098), ('CP4', 0.11093313)]
[2026-05-27 04:36:59]     spatial_update=delta_l2=0.00538405 max_abs=0.00050000 relative=0.00451122 changed=True
[2026-05-27 04:36:59]   Subject 12: acc=0.4938±0.0859  bal_acc=0.4938±0.0859
[2026-05-27 04:36:59] \nSubject 13: 40 windows | class_counts=[20, 20]

[2026-05-27 04:37:00] Fold 1/10 | subject=13
[2026-05-27 04:37:00]     Train: 24 | counts=[12, 12]
[2026-05-27 04:37:00]     Test:  16 | counts=[8, 8]
[2026-05-27 04:37:00]     Model: SignalJEPA_PreLocal | Pretrained: from_pretrained | Strategy: new
[2026-05-27 04:37:00]     Normalization: none | fit_scope=none
[2026-05-27 04:37:00]     Phase 1 (new): 2,170/16,010 params
[2026-05-27 04:37:06]     Result | best_epoch=1717 | stop=1767 | final_phase_epochs=1767 | acc=0.7500 | bal_acc=0.7500 | pred_hist=[6, 10] | collapse=False
[2026-05-27 04:37:06]     spatial_conv=[4, 29] top_abs_channels=[('C4', 0.21447735), ('FCz', 0.20580989), ('F7', 0.17518121), ('FT8', 0.17391747), ('C3', 0.1657021), ('CP4', 0.15714459), ('T5', 0.14516243), ('P4', 0.14015675)]
[2026-05-27 04:37:06]     spatial_update=delta_l2=1.55703711 max_abs=0.32497659 relative=1.30462023 changed=True

[2026-05-27 04:37:07] Fold 2/10 | subject=13
[2026-05-27 04:37:07]     Train: 24 | counts=[12, 12]
[2026-05-27 04:37:07]     Test:  16 | counts=[8, 8]
[2026-05-27 04:37:07]     Model: SignalJEPA_PreLocal | Pretrained: from_pretrained | Strategy: new
[2026-05-27 04:37:07]     Normalization: none | fit_scope=none
[2026-05-27 04:37:07]     Phase 1 (new): 2,170/16,010 params
[2026-05-27 04:37:07]     Result | best_epoch=88 | stop=138 | final_phase_epochs=138 | acc=0.8750 | bal_acc=0.8750 | pred_hist=[8, 8] | collapse=False
[2026-05-27 04:37:07]     spatial_conv=[4, 29] top_abs_channels=[('O1', 0.1569363), ('Pz', 0.14478961), ('T4', 0.13131697), ('O2', 0.12577914), ('CP4', 0.12552536), ('P4', 0.12400877), ('T5', 0.12151671), ('FCz', 0.12109729)]
[2026-05-27 04:37:07]     spatial_update=delta_l2=0.44268718 max_abs=0.05810424 relative=0.37092157 changed=True

[2026-05-27 04:37:08] Fold 3/10 | subject=13
[2026-05-27 04:37:08]     Train: 24 | counts=[12, 12]
[2026-05-27 04:37:08]     Test:  16 | counts=[8, 8]
[2026-05-27 04:37:08]     Model: SignalJEPA_PreLocal | Pretrained: from_pretrained | Strategy: new
[2026-05-27 04:37:08]     Normalization: none | fit_scope=none
[2026-05-27 04:37:08]     Phase 1 (new): 2,170/16,010 params
[2026-05-27 04:37:09]     Result | best_epoch=205 | stop=255 | final_phase_epochs=255 | acc=0.8750 | bal_acc=0.8750 | pred_hist=[8, 8] | collapse=False
[2026-05-27 04:37:09]     spatial_conv=[4, 29] top_abs_channels=[('TP8', 0.16756003), ('FCz', 0.16389158), ('Pz', 0.1442681), ('P3', 0.14034399), ('O1', 0.13842596), ('T4', 0.13394579), ('O2', 0.12728459), ('T3', 0.12715223)]
[2026-05-27 04:37:09]     spatial_update=delta_l2=0.73974630 max_abs=0.15752181 relative=0.61982337 changed=True

[2026-05-27 04:37:09] Fold 4/10 | subject=13
[2026-05-27 04:37:09]     Train: 24 | counts=[12, 12]
[2026-05-27 04:37:09]     Test:  16 | counts=[8, 8]
[2026-05-27 04:37:09]     Model: SignalJEPA_PreLocal | Pretrained: from_pretrained | Strategy: new
[2026-05-27 04:37:09]     Normalization: none | fit_scope=none
[2026-05-27 04:37:09]     Phase 1 (new): 2,170/16,010 params
[2026-05-27 04:37:11]     Result | best_epoch=407 | stop=457 | final_phase_epochs=457 | acc=0.9375 | bal_acc=0.9375 | pred_hist=[9, 7] | collapse=False
[2026-05-27 04:37:11]     spatial_conv=[4, 29] top_abs_channels=[('O2', 0.20932275), ('C4', 0.1785153), ('CP4', 0.15497318), ('T3', 0.14841783), ('TP7', 0.13500139), ('O1', 0.12729156), ('T6', 0.12410314), ('FCz', 0.12103428)]
[2026-05-27 04:37:11]     spatial_update=delta_l2=1.15921580 max_abs=0.24555887 relative=0.97129116 changed=True

[2026-05-27 04:37:12] Fold 5/10 | subject=13
[2026-05-27 04:37:12]     Train: 24 | counts=[12, 12]
[2026-05-27 04:37:12]     Test:  16 | counts=[8, 8]
[2026-05-27 04:37:12]     Model: SignalJEPA_PreLocal | Pretrained: from_pretrained | Strategy: new
[2026-05-27 04:37:12]     Normalization: none | fit_scope=none
[2026-05-27 04:37:12]     Phase 1 (new): 2,170/16,010 params
[2026-05-27 04:37:14]     Result | best_epoch=729 | stop=779 | final_phase_epochs=779 | acc=0.7500 | bal_acc=0.7500 | pred_hist=[8, 8] | collapse=False
[2026-05-27 04:37:14]     spatial_conv=[4, 29] top_abs_channels=[('C4', 0.24505065), ('O2', 0.21105419), ('Fz', 0.18447095), ('T3', 0.17204484), ('FCz', 0.15295431), ('F4', 0.1414254), ('FT7', 0.13417831), ('T6', 0.13318837)]
[2026-05-27 04:37:14]     spatial_update=delta_l2=1.25775893 max_abs=0.28796455 relative=1.05385911 changed=True

[2026-05-27 04:37:15] Fold 6/10 | subject=13
[2026-05-27 04:37:15]     Train: 24 | counts=[12, 12]
[2026-05-27 04:37:15]     Test:  16 | counts=[8, 8]
[2026-05-27 04:37:15]     Model: SignalJEPA_PreLocal | Pretrained: from_pretrained | Strategy: new
[2026-05-27 04:37:15]     Normalization: none | fit_scope=none
[2026-05-27 04:37:15]     Phase 1 (new): 2,170/16,010 params
[2026-05-27 04:37:20]     Result | best_epoch=1539 | stop=1589 | final_phase_epochs=1589 | acc=0.8125 | bal_acc=0.8125 | pred_hist=[7, 9] | collapse=False
[2026-05-27 04:37:20]     spatial_conv=[4, 29] top_abs_channels=[('FC4', 0.2255621), ('TP8', 0.19558004), ('T3', 0.16972405), ('FCz', 0.16790059), ('TP7', 0.14494003), ('O2', 0.13997109), ('F4', 0.13820861), ('T4', 0.12032922)]
[2026-05-27 04:37:20]     spatial_update=delta_l2=1.44262551 max_abs=0.32770074 relative=1.20875630 changed=True

[2026-05-27 04:37:21] Fold 7/10 | subject=13
[2026-05-27 04:37:21]     Train: 24 | counts=[12, 12]
[2026-05-27 04:37:21]     Test:  16 | counts=[8, 8]
[2026-05-27 04:37:21]     Model: SignalJEPA_PreLocal | Pretrained: from_pretrained | Strategy: new
[2026-05-27 04:37:21]     Normalization: none | fit_scope=none
[2026-05-27 04:37:21]     Phase 1 (new): 2,170/16,010 params
[2026-05-27 04:37:22]     Result | best_epoch=238 | stop=288 | final_phase_epochs=288 | acc=0.8750 | bal_acc=0.8750 | pred_hist=[8, 8] | collapse=False
[2026-05-27 04:37:22]     spatial_conv=[4, 29] top_abs_channels=[('O2', 0.18111418), ('O1', 0.16599868), ('FCz', 0.14586191), ('Pz', 0.14335054), ('P3', 0.13453622), ('T4', 0.13445389), ('CP4', 0.12935884), ('TP8', 0.12659369)]
[2026-05-27 04:37:22]     spatial_update=delta_l2=0.81391274 max_abs=0.15732949 relative=0.68196642 changed=True

[2026-05-27 04:37:22] Fold 8/10 | subject=13
[2026-05-27 04:37:22]     Train: 24 | counts=[12, 12]
[2026-05-27 04:37:22]     Test:  16 | counts=[8, 8]
[2026-05-27 04:37:22]     Model: SignalJEPA_PreLocal | Pretrained: from_pretrained | Strategy: new
[2026-05-27 04:37:22]     Normalization: none | fit_scope=none
[2026-05-27 04:37:22]     Phase 1 (new): 2,170/16,010 params
[2026-05-27 04:37:25]     Result | best_epoch=593 | stop=643 | final_phase_epochs=643 | acc=0.8125 | bal_acc=0.8125 | pred_hist=[7, 9] | collapse=False
[2026-05-27 04:37:25]     spatial_conv=[4, 29] top_abs_channels=[('C4', 0.17782022), ('T3', 0.17169942), ('O2', 0.15649958), ('P3', 0.15406081), ('TP8', 0.14975511), ('F4', 0.14226261), ('FCz', 0.14179368), ('Pz', 0.14109692)]
[2026-05-27 04:37:25]     spatial_update=delta_l2=1.28999353 max_abs=0.33178173 relative=1.08086804 changed=True

[2026-05-27 04:37:25] Fold 9/10 | subject=13
[2026-05-27 04:37:25]     Train: 24 | counts=[12, 12]
[2026-05-27 04:37:25]     Test:  16 | counts=[8, 8]
[2026-05-27 04:37:25]     Model: SignalJEPA_PreLocal | Pretrained: from_pretrained | Strategy: new
[2026-05-27 04:37:25]     Normalization: none | fit_scope=none
[2026-05-27 04:37:25]     Phase 1 (new): 2,170/16,010 params
[2026-05-27 04:37:27]     Result | best_epoch=455 | stop=457 | final_phase_epochs=457 | acc=0.5625 | bal_acc=0.5625 | pred_hist=[9, 7] | collapse=False
[2026-05-27 04:37:27]     spatial_conv=[4, 29] top_abs_channels=[('TP8', 0.21632808), ('FCz', 0.19443226), ('Fz', 0.16645971), ('F8', 0.16304673), ('Oz', 0.15438099), ('P3', 0.13563818), ('T3', 0.12577431), ('Fp2', 0.12294455)]
[2026-05-27 04:37:27]     spatial_update=delta_l2=1.14945467 max_abs=0.23945118 relative=0.96311244 changed=True

[2026-05-27 04:37:27] Fold 10/10 | subject=13
[2026-05-27 04:37:27]     Train: 24 | counts=[12, 12]
[2026-05-27 04:37:27]     Test:  16 | counts=[8, 8]
[2026-05-27 04:37:27]     Model: SignalJEPA_PreLocal | Pretrained: from_pretrained | Strategy: new
[2026-05-27 04:37:27]     Normalization: none | fit_scope=none
[2026-05-27 04:37:27]     Phase 1 (new): 2,170/16,010 params
[2026-05-27 04:37:28]     Result | best_epoch=149 | stop=199 | final_phase_epochs=199 | acc=0.8125 | bal_acc=0.8125 | pred_hist=[11, 5] | collapse=False
[2026-05-27 04:37:28]     spatial_conv=[4, 29] top_abs_channels=[('O2', 0.18548651), ('T3', 0.15115336), ('FCz', 0.14487562), ('Fz', 0.14204335), ('Pz', 0.12984799), ('O1', 0.12981318), ('P3', 0.12162538), ('C3', 0.12097824)]
[2026-05-27 04:37:28]     spatial_update=delta_l2=0.60139646 max_abs=0.09654555 relative=0.50390192 changed=True
[2026-05-27 04:37:28]   Subject 13: acc=0.8063±0.0986  bal_acc=0.8063±0.0986
[2026-05-27 04:37:28] \nSubject 14: 40 windows | class_counts=[20, 20]

[2026-05-27 04:37:28] Fold 1/10 | subject=14
[2026-05-27 04:37:28]     Train: 24 | counts=[12, 12]
[2026-05-27 04:37:28]     Test:  16 | counts=[8, 8]
[2026-05-27 04:37:28]     Model: SignalJEPA_PreLocal | Pretrained: from_pretrained | Strategy: new
[2026-05-27 04:37:28]     Normalization: none | fit_scope=none
[2026-05-27 04:37:28]     Phase 1 (new): 2,170/16,010 params
[2026-05-27 04:37:28]     Result | best_epoch=1 | stop=51 | final_phase_epochs=51 | acc=0.5000 | bal_acc=0.5000 | pred_hist=[0, 16] | collapse=True
[2026-05-27 04:37:28]     spatial_conv=[4, 29] top_abs_channels=[('Pz', 0.15303901), ('O2', 0.14414139), ('T3', 0.12673484), ('T4', 0.12208758), ('O1', 0.12186213), ('CP3', 0.12112433), ('C3', 0.11498091), ('CP4', 0.11068314)]
[2026-05-27 04:37:28]     spatial_update=delta_l2=0.00538494 max_abs=0.00050000 relative=0.00451197 changed=True

[2026-05-27 04:37:29] Fold 2/10 | subject=14
[2026-05-27 04:37:29]     Train: 24 | counts=[12, 12]
[2026-05-27 04:37:29]     Test:  16 | counts=[8, 8]
[2026-05-27 04:37:29]     Model: SignalJEPA_PreLocal | Pretrained: from_pretrained | Strategy: new
[2026-05-27 04:37:29]     Normalization: none | fit_scope=none
[2026-05-27 04:37:29]     Phase 1 (new): 2,170/16,010 params
[2026-05-27 04:37:29]     Result | best_epoch=1 | stop=51 | final_phase_epochs=51 | acc=0.5625 | bal_acc=0.5625 | pred_hist=[1, 15] | collapse=True
[2026-05-27 04:37:29]     spatial_conv=[4, 29] top_abs_channels=[('Pz', 0.15303901), ('O2', 0.14389139), ('T3', 0.1264848), ('O1', 0.1223621), ('T4', 0.12183758), ('CP3', 0.12062441), ('C3', 0.11523092), ('CP4', 0.11093313)]
[2026-05-27 04:37:29]     spatial_update=delta_l2=0.00538502 max_abs=0.00050000 relative=0.00451203 changed=True

[2026-05-27 04:37:30] Fold 3/10 | subject=14
[2026-05-27 04:37:30]     Train: 24 | counts=[12, 12]
[2026-05-27 04:37:30]     Test:  16 | counts=[8, 8]
[2026-05-27 04:37:30]     Model: SignalJEPA_PreLocal | Pretrained: from_pretrained | Strategy: new
[2026-05-27 04:37:30]     Normalization: none | fit_scope=none
[2026-05-27 04:37:30]     Phase 1 (new): 2,170/16,010 params
[2026-05-27 04:37:31]     Result | best_epoch=211 | stop=261 | final_phase_epochs=261 | acc=0.5000 | bal_acc=0.5000 | pred_hist=[14, 2] | collapse=False
[2026-05-27 04:37:31]     spatial_conv=[4, 29] top_abs_channels=[('O1', 0.14608784), ('Cz', 0.14250901), ('CP3', 0.14213353), ('Pz', 0.13488577), ('F8', 0.12869315), ('F4', 0.1222741), ('FCz', 0.11724299), ('F7', 0.1171006)]
[2026-05-27 04:37:31]     spatial_update=delta_l2=0.76860707 max_abs=0.13779341 relative=0.64400542 changed=True

[2026-05-27 04:37:32] Fold 4/10 | subject=14
[2026-05-27 04:37:32]     Train: 24 | counts=[12, 12]
[2026-05-27 04:37:32]     Test:  16 | counts=[8, 8]
[2026-05-27 04:37:32]     Model: SignalJEPA_PreLocal | Pretrained: from_pretrained | Strategy: new
[2026-05-27 04:37:32]     Normalization: none | fit_scope=none
[2026-05-27 04:37:32]     Phase 1 (new): 2,170/16,010 params
[2026-05-27 04:37:32]     Result | best_epoch=1 | stop=51 | final_phase_epochs=51 | acc=0.5625 | bal_acc=0.5625 | pred_hist=[1, 15] | collapse=True
[2026-05-27 04:37:32]     spatial_conv=[4, 29] top_abs_channels=[('Pz', 0.15328902), ('O2', 0.14389138), ('T3', 0.12673479), ('O1', 0.12236211), ('T4', 0.1218376), ('CP3', 0.12112439), ('C3', 0.11498091), ('CP4', 0.11118313)]
[2026-05-27 04:37:32]     spatial_update=delta_l2=0.00538487 max_abs=0.00050000 relative=0.00451191 changed=True

[2026-05-27 04:37:32] Fold 5/10 | subject=14
[2026-05-27 04:37:32]     Train: 24 | counts=[12, 12]
[2026-05-27 04:37:32]     Test:  16 | counts=[8, 8]
[2026-05-27 04:37:32]     Model: SignalJEPA_PreLocal | Pretrained: from_pretrained | Strategy: new
[2026-05-27 04:37:32]     Normalization: none | fit_scope=none
[2026-05-27 04:37:32]     Phase 1 (new): 2,170/16,010 params
[2026-05-27 04:37:32]     Result | best_epoch=1 | stop=51 | final_phase_epochs=51 | acc=0.5000 | bal_acc=0.5000 | pred_hist=[0, 16] | collapse=True
[2026-05-27 04:37:32]     spatial_conv=[4, 29] top_abs_channels=[('Pz', 0.15328901), ('O2', 0.14414136), ('T3', 0.12698478), ('O1', 0.12236211), ('T4', 0.121838), ('CP3', 0.12087436), ('C3', 0.11498091), ('CP4', 0.1109331)]
[2026-05-27 04:37:32]     spatial_update=delta_l2=0.00538482 max_abs=0.00050000 relative=0.00451186 changed=True

[2026-05-27 04:37:33] Fold 6/10 | subject=14
[2026-05-27 04:37:33]     Train: 24 | counts=[12, 12]
[2026-05-27 04:37:33]     Test:  16 | counts=[8, 8]
[2026-05-27 04:37:33]     Model: SignalJEPA_PreLocal | Pretrained: from_pretrained | Strategy: new
[2026-05-27 04:37:33]     Normalization: none | fit_scope=none
[2026-05-27 04:37:33]     Phase 1 (new): 2,170/16,010 params
[2026-05-27 04:37:33]     Result | best_epoch=1 | stop=51 | final_phase_epochs=51 | acc=0.5000 | bal_acc=0.5000 | pred_hist=[0, 16] | collapse=True
[2026-05-27 04:37:33]     spatial_conv=[4, 29] top_abs_channels=[('Pz', 0.15328901), ('O2', 0.14439137), ('T3', 0.12673478), ('O1', 0.12236211), ('T4', 0.12208758), ('CP3', 0.1208744), ('C3', 0.11548088), ('CP4', 0.11068316)]
[2026-05-27 04:37:33]     spatial_update=delta_l2=0.00538413 max_abs=0.00050000 relative=0.00451129 changed=True

[2026-05-27 04:37:34] Fold 7/10 | subject=14
[2026-05-27 04:37:34]     Train: 24 | counts=[12, 12]
[2026-05-27 04:37:34]     Test:  16 | counts=[8, 8]
[2026-05-27 04:37:34]     Model: SignalJEPA_PreLocal | Pretrained: from_pretrained | Strategy: new
[2026-05-27 04:37:34]     Normalization: none | fit_scope=none
[2026-05-27 04:37:34]     Phase 1 (new): 2,170/16,010 params
[2026-05-27 04:37:34]     Result | best_epoch=1 | stop=51 | final_phase_epochs=51 | acc=0.5000 | bal_acc=0.5000 | pred_hist=[0, 16] | collapse=True
[2026-05-27 04:37:34]     spatial_conv=[4, 29] top_abs_channels=[('Pz', 0.15303901), ('O2', 0.14414138), ('T3', 0.12698478), ('T4', 0.12233759), ('O1', 0.12211215), ('CP3', 0.12112439), ('C3', 0.1152309), ('CP4', 0.11093314)]
[2026-05-27 04:37:34]     spatial_update=delta_l2=0.00538491 max_abs=0.00050000 relative=0.00451194 changed=True

[2026-05-27 04:37:34] Fold 8/10 | subject=14
[2026-05-27 04:37:34]     Train: 24 | counts=[12, 12]
[2026-05-27 04:37:34]     Test:  16 | counts=[8, 8]
[2026-05-27 04:37:34]     Model: SignalJEPA_PreLocal | Pretrained: from_pretrained | Strategy: new
[2026-05-27 04:37:34]     Normalization: none | fit_scope=none
[2026-05-27 04:37:34]     Phase 1 (new): 2,170/16,010 params
[2026-05-27 04:37:34]     Result | best_epoch=1 | stop=51 | final_phase_epochs=51 | acc=0.5625 | bal_acc=0.5625 | pred_hist=[1, 15] | collapse=True
[2026-05-27 04:37:34]     spatial_conv=[4, 29] top_abs_channels=[('Pz', 0.15303901), ('O2', 0.14414138), ('T3', 0.12648478), ('O1', 0.12236211), ('T4', 0.12208761), ('CP3', 0.12112439), ('C3', 0.1152309), ('CP4', 0.11093313)]
[2026-05-27 04:37:34]     spatial_update=delta_l2=0.00538501 max_abs=0.00050000 relative=0.00451202 changed=True

[2026-05-27 04:37:35] Fold 9/10 | subject=14
[2026-05-27 04:37:35]     Train: 24 | counts=[12, 12]
[2026-05-27 04:37:35]     Test:  16 | counts=[8, 8]
[2026-05-27 04:37:35]     Model: SignalJEPA_PreLocal | Pretrained: from_pretrained | Strategy: new
[2026-05-27 04:37:35]     Normalization: none | fit_scope=none
[2026-05-27 04:37:35]     Phase 1 (new): 2,170/16,010 params
[2026-05-27 04:37:38]     Result | best_epoch=700 | stop=750 | final_phase_epochs=750 | acc=0.5625 | bal_acc=0.5625 | pred_hist=[5, 11] | collapse=False
[2026-05-27 04:37:38]     spatial_conv=[4, 29] top_abs_channels=[('Cz', 0.2136426), ('TP7', 0.17678693), ('Oz', 0.16748318), ('F4', 0.15988903), ('C3', 0.15253177), ('C4', 0.14839174), ('CP3', 0.11904631), ('Pz', 0.11329621)]
[2026-05-27 04:37:38]     spatial_update=delta_l2=1.31458182 max_abs=0.38256560 relative=1.10147023 changed=True

[2026-05-27 04:37:38] Fold 10/10 | subject=14
[2026-05-27 04:37:38]     Train: 24 | counts=[12, 12]
[2026-05-27 04:37:38]     Test:  16 | counts=[8, 8]
[2026-05-27 04:37:38]     Model: SignalJEPA_PreLocal | Pretrained: from_pretrained | Strategy: new
[2026-05-27 04:37:38]     Normalization: none | fit_scope=none
[2026-05-27 04:37:38]     Phase 1 (new): 2,170/16,010 params
[2026-05-27 04:37:38]     Result | best_epoch=1 | stop=51 | final_phase_epochs=51 | acc=0.5625 | bal_acc=0.5625 | pred_hist=[1, 15] | collapse=True
[2026-05-27 04:37:38]     spatial_conv=[4, 29] top_abs_channels=[('Pz', 0.15253907), ('O2', 0.14414138), ('T3', 0.12673478), ('O1', 0.12211211), ('T4', 0.12183759), ('CP3', 0.12112415), ('C3', 0.11523092), ('CP4', 0.11068314)]
[2026-05-27 04:37:38]     spatial_update=delta_l2=0.00538491 max_abs=0.00050000 relative=0.00451194 changed=True
[2026-05-27 04:37:38]   Subject 14: acc=0.5312±0.0312  bal_acc=0.5312±0.0312
[2026-05-27 04:37:38] \nSubject 15: 40 windows | class_counts=[20, 20]

[2026-05-27 04:37:39] Fold 1/10 | subject=15
[2026-05-27 04:37:39]     Train: 24 | counts=[12, 12]
[2026-05-27 04:37:39]     Test:  16 | counts=[8, 8]
[2026-05-27 04:37:39]     Model: SignalJEPA_PreLocal | Pretrained: from_pretrained | Strategy: new
[2026-05-27 04:37:39]     Normalization: none | fit_scope=none
[2026-05-27 04:37:39]     Phase 1 (new): 2,170/16,010 params
[2026-05-27 04:37:40]     Result | best_epoch=109 | stop=157 | final_phase_epochs=157 | acc=0.5000 | bal_acc=0.5000 | pred_hist=[12, 4] | collapse=False
[2026-05-27 04:37:40]     spatial_conv=[4, 29] top_abs_channels=[('Pz', 0.14523308), ('C3', 0.14391451), ('O1', 0.13981368), ('Fp1', 0.13459983), ('CP3', 0.12483793), ('CP4', 0.12007427), ('O2', 0.11884714), ('T4', 0.11803523)]
[2026-05-27 04:37:40]     spatial_update=delta_l2=0.45069989 max_abs=0.07076257 relative=0.37763531 changed=True

[2026-05-27 04:37:40] Fold 2/10 | subject=15
[2026-05-27 04:37:40]     Train: 24 | counts=[12, 12]
[2026-05-27 04:37:40]     Test:  16 | counts=[8, 8]
[2026-05-27 04:37:40]     Model: SignalJEPA_PreLocal | Pretrained: from_pretrained | Strategy: new
[2026-05-27 04:37:40]     Normalization: none | fit_scope=none
[2026-05-27 04:37:40]     Phase 1 (new): 2,170/16,010 params
[2026-05-27 04:37:41]     Result | best_epoch=78 | stop=124 | final_phase_epochs=124 | acc=0.5000 | bal_acc=0.5000 | pred_hist=[14, 2] | collapse=False
[2026-05-27 04:37:41]     spatial_conv=[4, 29] top_abs_channels=[('Pz', 0.14485797), ('C3', 0.13703439), ('T4', 0.13550529), ('P3', 0.12628162), ('CP3', 0.12627505), ('TP8', 0.11513547), ('P4', 0.11181317), ('O2', 0.11146002)]
[2026-05-27 04:37:41]     spatial_update=delta_l2=0.32348842 max_abs=0.04462453 relative=0.27104655 changed=True

[2026-05-27 04:37:41] Fold 3/10 | subject=15
[2026-05-27 04:37:41]     Train: 24 | counts=[12, 12]
[2026-05-27 04:37:41]     Test:  16 | counts=[8, 8]
[2026-05-27 04:37:41]     Model: SignalJEPA_PreLocal | Pretrained: from_pretrained | Strategy: new
[2026-05-27 04:37:41]     Normalization: none | fit_scope=none
[2026-05-27 04:37:41]     Phase 1 (new): 2,170/16,010 params
[2026-05-27 04:37:41]     Result | best_epoch=1 | stop=51 | final_phase_epochs=51 | acc=0.5000 | bal_acc=0.5000 | pred_hist=[0, 16] | collapse=True
[2026-05-27 04:37:41]     spatial_conv=[4, 29] top_abs_channels=[('Pz', 0.15278901), ('O2', 0.1443911), ('T3', 0.1264848), ('T4', 0.12208758), ('O1', 0.12161212), ('CP3', 0.12112446), ('C3', 0.11498091), ('CP4', 0.11118312)]
[2026-05-27 04:37:41]     spatial_update=delta_l2=0.00538478 max_abs=0.00050000 relative=0.00451183 changed=True

[2026-05-27 04:37:42] Fold 4/10 | subject=15
[2026-05-27 04:37:42]     Train: 24 | counts=[12, 12]
[2026-05-27 04:37:42]     Test:  16 | counts=[8, 8]
[2026-05-27 04:37:42]     Model: SignalJEPA_PreLocal | Pretrained: from_pretrained | Strategy: new
[2026-05-27 04:37:42]     Normalization: none | fit_scope=none
[2026-05-27 04:37:42]     Phase 1 (new): 2,170/16,010 params
[2026-05-27 04:37:43]     Result | best_epoch=124 | stop=174 | final_phase_epochs=174 | acc=0.6250 | bal_acc=0.6250 | pred_hist=[14, 2] | collapse=False
[2026-05-27 04:37:43]     spatial_conv=[4, 29] top_abs_channels=[('Pz', 0.1518781), ('T4', 0.14536962), ('O2', 0.13231674), ('T3', 0.13058491), ('C3', 0.12927227), ('T5', 0.12710923), ('CP3', 0.12537533), ('Oz', 0.1223596)]
[2026-05-27 04:37:43]     spatial_update=delta_l2=0.48740923 max_abs=0.08102310 relative=0.40839357 changed=True

[2026-05-27 04:37:43] Fold 5/10 | subject=15
[2026-05-27 04:37:43]     Train: 24 | counts=[12, 12]
[2026-05-27 04:37:43]     Test:  16 | counts=[8, 8]
[2026-05-27 04:37:43]     Model: SignalJEPA_PreLocal | Pretrained: from_pretrained | Strategy: new
[2026-05-27 04:37:43]     Normalization: none | fit_scope=none
[2026-05-27 04:37:43]     Phase 1 (new): 2,170/16,010 params
[2026-05-27 04:37:44]     Result | best_epoch=107 | stop=156 | final_phase_epochs=156 | acc=0.5000 | bal_acc=0.5000 | pred_hist=[14, 2] | collapse=False
[2026-05-27 04:37:44]     spatial_conv=[4, 29] top_abs_channels=[('Pz', 0.16449222), ('T5', 0.14228687), ('Fp1', 0.13177535), ('O2', 0.12411491), ('FCz', 0.12393507), ('Cz', 0.12201013), ('CP3', 0.12156358), ('CP4', 0.11985915)]
[2026-05-27 04:37:44]     spatial_update=delta_l2=0.43309448 max_abs=0.06892501 relative=0.36288398 changed=True

[2026-05-27 04:37:44] Fold 6/10 | subject=15
[2026-05-27 04:37:44]     Train: 24 | counts=[12, 12]
[2026-05-27 04:37:44]     Test:  16 | counts=[8, 8]
[2026-05-27 04:37:44]     Model: SignalJEPA_PreLocal | Pretrained: from_pretrained | Strategy: new
[2026-05-27 04:37:44]     Normalization: none | fit_scope=none
[2026-05-27 04:37:44]     Phase 1 (new): 2,170/16,010 params
[2026-05-27 04:37:44]     Result | best_epoch=10 | stop=58 | final_phase_epochs=58 | acc=0.5000 | bal_acc=0.5000 | pred_hist=[2, 14] | collapse=False
[2026-05-27 04:37:44]     spatial_conv=[4, 29] top_abs_channels=[('Pz', 0.1494953), ('O2', 0.14359581), ('T3', 0.12664381), ('T4', 0.12198308), ('O1', 0.12183078), ('CP3', 0.11943466), ('C3', 0.11719313), ('CP4', 0.11011227)]
[2026-05-27 04:37:44]     spatial_update=delta_l2=0.03577899 max_abs=0.00400507 relative=0.02997873 changed=True

[2026-05-27 04:37:45] Fold 7/10 | subject=15
[2026-05-27 04:37:45]     Train: 24 | counts=[12, 12]
[2026-05-27 04:37:45]     Test:  16 | counts=[8, 8]
[2026-05-27 04:37:45]     Model: SignalJEPA_PreLocal | Pretrained: from_pretrained | Strategy: new
[2026-05-27 04:37:45]     Normalization: none | fit_scope=none
[2026-05-27 04:37:45]     Phase 1 (new): 2,170/16,010 params
[2026-05-27 04:37:48]     Result | best_epoch=577 | stop=627 | final_phase_epochs=627 | acc=0.6250 | bal_acc=0.6250 | pred_hist=[10, 6] | collapse=False
[2026-05-27 04:37:48]     spatial_conv=[4, 29] top_abs_channels=[('T4', 0.18425591), ('CP3', 0.15070665), ('Pz', 0.13995282), ('F4', 0.12297105), ('O2', 0.12116465), ('C3', 0.12073378), ('TP8', 0.1160828), ('Fp1', 0.10518244)]
[2026-05-27 04:37:48]     spatial_update=delta_l2=0.91363372 max_abs=0.25308218 relative=0.76552127 changed=True

[2026-05-27 04:37:48] Fold 8/10 | subject=15
[2026-05-27 04:37:48]     Train: 24 | counts=[12, 12]
[2026-05-27 04:37:48]     Test:  16 | counts=[8, 8]
[2026-05-27 04:37:48]     Model: SignalJEPA_PreLocal | Pretrained: from_pretrained | Strategy: new
[2026-05-27 04:37:48]     Normalization: none | fit_scope=none
[2026-05-27 04:37:48]     Phase 1 (new): 2,170/16,010 params
[2026-05-27 04:37:48]     Result | best_epoch=5 | stop=55 | final_phase_epochs=55 | acc=0.5000 | bal_acc=0.5000 | pred_hist=[0, 16] | collapse=True
[2026-05-27 04:37:48]     spatial_conv=[4, 29] top_abs_channels=[('Pz', 0.15484123), ('O2', 0.14345546), ('T3', 0.12625144), ('O1', 0.12135203), ('T4', 0.12116712), ('CP3', 0.11988109), ('C3', 0.11631723), ('CP4', 0.11165696)]
[2026-05-27 04:37:48]     spatial_update=delta_l2=0.02216149 max_abs=0.00250607 relative=0.01856881 changed=True

[2026-05-27 04:37:49] Fold 9/10 | subject=15
[2026-05-27 04:37:49]     Train: 24 | counts=[12, 12]
[2026-05-27 04:37:49]     Test:  16 | counts=[8, 8]
[2026-05-27 04:37:49]     Model: SignalJEPA_PreLocal | Pretrained: from_pretrained | Strategy: new
[2026-05-27 04:37:49]     Normalization: none | fit_scope=none
[2026-05-27 04:37:49]     Phase 1 (new): 2,170/16,010 params
[2026-05-27 04:37:49]     Result | best_epoch=1 | stop=51 | final_phase_epochs=51 | acc=0.5000 | bal_acc=0.5000 | pred_hist=[0, 16] | collapse=True
[2026-05-27 04:37:49]     spatial_conv=[4, 29] top_abs_channels=[('Pz', 0.15328899), ('O2', 0.14414138), ('T3', 0.12673479), ('T4', 0.1218376), ('O1', 0.12161212), ('CP3', 0.12137431), ('C3', 0.1152309), ('CP4', 0.11118313)]
[2026-05-27 04:37:49]     spatial_update=delta_l2=0.00538496 max_abs=0.00050000 relative=0.00451199 changed=True

[2026-05-27 04:37:50] Fold 10/10 | subject=15
[2026-05-27 04:37:50]     Train: 24 | counts=[12, 12]
[2026-05-27 04:37:50]     Test:  16 | counts=[8, 8]
[2026-05-27 04:37:50]     Model: SignalJEPA_PreLocal | Pretrained: from_pretrained | Strategy: new
[2026-05-27 04:37:50]     Normalization: none | fit_scope=none
[2026-05-27 04:37:50]     Phase 1 (new): 2,170/16,010 params
[2026-05-27 04:37:50]     Result | best_epoch=99 | stop=147 | final_phase_epochs=147 | acc=0.5000 | bal_acc=0.5000 | pred_hist=[16, 0] | collapse=True
[2026-05-27 04:37:50]     spatial_conv=[4, 29] top_abs_channels=[('T3', 0.15911624), ('Pz', 0.14827241), ('CP4', 0.14591272), ('C3', 0.11835595), ('C4', 0.11689025), ('Fp1', 0.11552022), ('FT8', 0.11240461), ('CP3', 0.11239436)]
[2026-05-27 04:37:50]     spatial_update=delta_l2=0.39301015 max_abs=0.06109845 relative=0.32929786 changed=True
[2026-05-27 04:37:50]   Subject 15: acc=0.5250±0.0500  bal_acc=0.5250±0.0500
[2026-05-27 04:37:50] \nSubject 16: 40 windows | class_counts=[20, 20]

[2026-05-27 04:37:51] Fold 1/10 | subject=16
[2026-05-27 04:37:51]     Train: 24 | counts=[12, 12]
[2026-05-27 04:37:51]     Test:  16 | counts=[8, 8]
[2026-05-27 04:37:51]     Model: SignalJEPA_PreLocal | Pretrained: from_pretrained | Strategy: new
[2026-05-27 04:37:51]     Normalization: none | fit_scope=none
[2026-05-27 04:37:51]     Phase 1 (new): 2,170/16,010 params
[2026-05-27 04:37:51]     Result | best_epoch=97 | stop=147 | final_phase_epochs=147 | acc=0.3750 | bal_acc=0.3750 | pred_hist=[10, 6] | collapse=False
[2026-05-27 04:37:51]     spatial_conv=[4, 29] top_abs_channels=[('Pz', 0.1547976), ('O2', 0.15044639), ('P4', 0.1372869), ('T3', 0.13439703), ('CP4', 0.12713018), ('Fz', 0.12303583), ('TP8', 0.11701692), ('C3', 0.1163681)]
[2026-05-27 04:37:51]     spatial_update=delta_l2=0.39805105 max_abs=0.05968641 relative=0.33352157 changed=True

[2026-05-27 04:37:52] Fold 2/10 | subject=16
[2026-05-27 04:37:52]     Train: 24 | counts=[12, 12]
[2026-05-27 04:37:52]     Test:  16 | counts=[8, 8]
[2026-05-27 04:37:52]     Model: SignalJEPA_PreLocal | Pretrained: from_pretrained | Strategy: new
[2026-05-27 04:37:52]     Normalization: none | fit_scope=none
[2026-05-27 04:37:52]     Phase 1 (new): 2,170/16,010 params
[2026-05-27 04:37:52]     Result | best_epoch=1 | stop=51 | final_phase_epochs=51 | acc=0.5000 | bal_acc=0.5000 | pred_hist=[0, 16] | collapse=True
[2026-05-27 04:37:52]     spatial_conv=[4, 29] top_abs_channels=[('Pz', 0.15278892), ('O2', 0.14414139), ('T3', 0.12673479), ('T4', 0.12233756), ('O1', 0.12186211), ('CP3', 0.12087439), ('C3', 0.1152309), ('CP4', 0.11143312)]
[2026-05-27 04:37:52]     spatial_update=delta_l2=0.00538496 max_abs=0.00050000 relative=0.00451198 changed=True

[2026-05-27 04:37:53] Fold 3/10 | subject=16
[2026-05-27 04:37:53]     Train: 24 | counts=[12, 12]
[2026-05-27 04:37:53]     Test:  16 | counts=[8, 8]
[2026-05-27 04:37:53]     Model: SignalJEPA_PreLocal | Pretrained: from_pretrained | Strategy: new
[2026-05-27 04:37:53]     Normalization: none | fit_scope=none
[2026-05-27 04:37:53]     Phase 1 (new): 2,170/16,010 params
[2026-05-27 04:37:53]     Result | best_epoch=47 | stop=95 | final_phase_epochs=95 | acc=0.3750 | bal_acc=0.3750 | pred_hist=[12, 4] | collapse=False
[2026-05-27 04:37:53]     spatial_conv=[4, 29] top_abs_channels=[('O2', 0.15208833), ('Pz', 0.14815323), ('T3', 0.12466952), ('O1', 0.11772406), ('P4', 0.11666574), ('C3', 0.11424588), ('T4', 0.11355203), ('CP3', 0.11041318)]
[2026-05-27 04:37:53]     spatial_update=delta_l2=0.17608322 max_abs=0.02569437 relative=0.14753773 changed=True

[2026-05-27 04:37:54] Fold 4/10 | subject=16
[2026-05-27 04:37:54]     Train: 24 | counts=[12, 12]
[2026-05-27 04:37:54]     Test:  16 | counts=[8, 8]
[2026-05-27 04:37:54]     Model: SignalJEPA_PreLocal | Pretrained: from_pretrained | Strategy: new
[2026-05-27 04:37:54]     Normalization: none | fit_scope=none
[2026-05-27 04:37:54]     Phase 1 (new): 2,170/16,010 params
[2026-05-27 04:37:54]     Result | best_epoch=1 | stop=51 | final_phase_epochs=51 | acc=0.4375 | bal_acc=0.4375 | pred_hist=[1, 15] | collapse=True
[2026-05-27 04:37:54]     spatial_conv=[4, 29] top_abs_channels=[('Pz', 0.15278897), ('O2', 0.14439136), ('T3', 0.1264848), ('T4', 0.12233756), ('O1', 0.12161213), ('CP3', 0.12112439), ('C3', 0.1152309), ('CP4', 0.11118279)]
[2026-05-27 04:37:54]     spatial_update=delta_l2=0.00538476 max_abs=0.00050000 relative=0.00451182 changed=True

[2026-05-27 04:37:54] Fold 5/10 | subject=16
[2026-05-27 04:37:54]     Train: 24 | counts=[12, 12]
[2026-05-27 04:37:54]     Test:  16 | counts=[8, 8]
[2026-05-27 04:37:54]     Model: SignalJEPA_PreLocal | Pretrained: from_pretrained | Strategy: new
[2026-05-27 04:37:54]     Normalization: none | fit_scope=none
[2026-05-27 04:37:54]     Phase 1 (new): 2,170/16,010 params
[2026-05-27 04:37:55]     Result | best_epoch=1 | stop=51 | final_phase_epochs=51 | acc=0.5000 | bal_acc=0.5000 | pred_hist=[0, 16] | collapse=True
[2026-05-27 04:37:55]     spatial_conv=[4, 29] top_abs_channels=[('Pz', 0.15253901), ('O2', 0.14439137), ('T3', 0.1264848), ('O1', 0.12186214), ('T4', 0.1218376), ('CP3', 0.12062451), ('C3', 0.11498091), ('CP4', 0.11118314)]
[2026-05-27 04:37:55]     spatial_update=delta_l2=0.00538492 max_abs=0.00050000 relative=0.00451195 changed=True

[2026-05-27 04:37:55] Fold 6/10 | subject=16
[2026-05-27 04:37:55]     Train: 24 | counts=[12, 12]
[2026-05-27 04:37:55]     Test:  16 | counts=[8, 8]
[2026-05-27 04:37:55]     Model: SignalJEPA_PreLocal | Pretrained: from_pretrained | Strategy: new
[2026-05-27 04:37:55]     Normalization: none | fit_scope=none
[2026-05-27 04:37:55]     Phase 1 (new): 2,170/16,010 params
[2026-05-27 04:37:55]     Result | best_epoch=1 | stop=51 | final_phase_epochs=51 | acc=0.4375 | bal_acc=0.4375 | pred_hist=[1, 15] | collapse=True
[2026-05-27 04:37:55]     spatial_conv=[4, 29] top_abs_channels=[('Pz', 0.15328901), ('O2', 0.14414138), ('T3', 0.12648478), ('T4', 0.12233759), ('O1', 0.12186212), ('CP3', 0.12112439), ('C3', 0.11523099), ('CP4', 0.11118313)]
[2026-05-27 04:37:55]     spatial_update=delta_l2=0.00538485 max_abs=0.00050000 relative=0.00451189 changed=True

[2026-05-27 04:37:56] Fold 7/10 | subject=16
[2026-05-27 04:37:56]     Train: 24 | counts=[12, 12]
[2026-05-27 04:37:56]     Test:  16 | counts=[8, 8]
[2026-05-27 04:37:56]     Model: SignalJEPA_PreLocal | Pretrained: from_pretrained | Strategy: new
[2026-05-27 04:37:56]     Normalization: none | fit_scope=none
[2026-05-27 04:37:56]     Phase 1 (new): 2,170/16,010 params
[2026-05-27 04:37:56]     Result | best_epoch=1 | stop=51 | final_phase_epochs=51 | acc=0.5000 | bal_acc=0.5000 | pred_hist=[0, 16] | collapse=True
[2026-05-27 04:37:56]     spatial_conv=[4, 29] top_abs_channels=[('Pz', 0.1530388), ('O2', 0.14389139), ('T3', 0.12673479), ('T4', 0.12208758), ('O1', 0.12161213), ('CP3', 0.12062445), ('C3', 0.1152309), ('CP4', 0.11118312)]
[2026-05-27 04:37:56]     spatial_update=delta_l2=0.00538476 max_abs=0.00050000 relative=0.00451182 changed=True

[2026-05-27 04:37:57] Fold 8/10 | subject=16
[2026-05-27 04:37:57]     Train: 24 | counts=[12, 12]
[2026-05-27 04:37:57]     Test:  16 | counts=[8, 8]
[2026-05-27 04:37:57]     Model: SignalJEPA_PreLocal | Pretrained: from_pretrained | Strategy: new
[2026-05-27 04:37:57]     Normalization: none | fit_scope=none
[2026-05-27 04:37:57]     Phase 1 (new): 2,170/16,010 params
[2026-05-27 04:37:57]     Result | best_epoch=1 | stop=51 | final_phase_epochs=51 | acc=0.5000 | bal_acc=0.5000 | pred_hist=[0, 16] | collapse=True
[2026-05-27 04:37:57]     spatial_conv=[4, 29] top_abs_channels=[('Pz', 0.15303922), ('O2', 0.14414139), ('T3', 0.1264848), ('T4', 0.12258758), ('O1', 0.12136213), ('CP3', 0.12112439), ('C3', 0.11573087), ('CP4', 0.11093315)]
[2026-05-27 04:37:57]     spatial_update=delta_l2=0.00538429 max_abs=0.00050000 relative=0.00451142 changed=True

[2026-05-27 04:37:57] Fold 9/10 | subject=16
[2026-05-27 04:37:57]     Train: 24 | counts=[12, 12]
[2026-05-27 04:37:57]     Test:  16 | counts=[8, 8]
[2026-05-27 04:37:57]     Model: SignalJEPA_PreLocal | Pretrained: from_pretrained | Strategy: new
[2026-05-27 04:37:57]     Normalization: none | fit_scope=none
[2026-05-27 04:37:57]     Phase 1 (new): 2,170/16,010 params
[2026-05-27 04:37:57]     Result | best_epoch=1 | stop=51 | final_phase_epochs=51 | acc=0.5000 | bal_acc=0.5000 | pred_hist=[0, 16] | collapse=True
[2026-05-27 04:37:57]     spatial_conv=[4, 29] top_abs_channels=[('Pz', 0.15278903), ('O2', 0.14414138), ('T3', 0.1264848), ('T4', 0.12233759), ('O1', 0.12136213), ('CP3', 0.12112439), ('C3', 0.1152309), ('CP4', 0.11118316)]
[2026-05-27 04:37:57]     spatial_update=delta_l2=0.00538497 max_abs=0.00050000 relative=0.00451200 changed=True

[2026-05-27 04:37:58] Fold 10/10 | subject=16
[2026-05-27 04:37:58]     Train: 24 | counts=[12, 12]
[2026-05-27 04:37:58]     Test:  16 | counts=[8, 8]
[2026-05-27 04:37:58]     Model: SignalJEPA_PreLocal | Pretrained: from_pretrained | Strategy: new
[2026-05-27 04:37:58]     Normalization: none | fit_scope=none
[2026-05-27 04:37:58]     Phase 1 (new): 2,170/16,010 params
[2026-05-27 04:37:58]     Result | best_epoch=1 | stop=51 | final_phase_epochs=51 | acc=0.5000 | bal_acc=0.5000 | pred_hist=[0, 16] | collapse=True
[2026-05-27 04:37:58]     spatial_conv=[4, 29] top_abs_channels=[('Pz', 0.15303899), ('O2', 0.14439142), ('T3', 0.1264848), ('T4', 0.12258759), ('O1', 0.12136213), ('CP3', 0.12087439), ('C3', 0.1154809), ('CP4', 0.11143313)]
[2026-05-27 04:37:58]     spatial_update=delta_l2=0.00538491 max_abs=0.00050000 relative=0.00451194 changed=True
[2026-05-27 04:37:58]   Subject 16: acc=0.4625±0.0500  bal_acc=0.4625±0.0500
[2026-05-27 04:37:58] \nSubject 17: 40 windows | class_counts=[20, 20]

[2026-05-27 04:37:59] Fold 1/10 | subject=17
[2026-05-27 04:37:59]     Train: 24 | counts=[12, 12]
[2026-05-27 04:37:59]     Test:  16 | counts=[8, 8]
[2026-05-27 04:37:59]     Model: SignalJEPA_PreLocal | Pretrained: from_pretrained | Strategy: new
[2026-05-27 04:37:59]     Normalization: none | fit_scope=none
[2026-05-27 04:37:59]     Phase 1 (new): 2,170/16,010 params
[2026-05-27 04:37:59]     Result | best_epoch=1 | stop=51 | final_phase_epochs=51 | acc=0.5000 | bal_acc=0.5000 | pred_hist=[0, 16] | collapse=True
[2026-05-27 04:37:59]     spatial_conv=[4, 29] top_abs_channels=[('Pz', 0.153539), ('O2', 0.14389168), ('T3', 0.1262348), ('T4', 0.12233758), ('O1', 0.12186214), ('CP3', 0.12087437), ('C3', 0.11548087), ('CP4', 0.11068315)]
[2026-05-27 04:37:59]     spatial_update=delta_l2=0.00538481 max_abs=0.00050000 relative=0.00451186 changed=True

[2026-05-27 04:37:59] Fold 2/10 | subject=17
[2026-05-27 04:37:59]     Train: 24 | counts=[12, 12]
[2026-05-27 04:37:59]     Test:  16 | counts=[8, 8]
[2026-05-27 04:37:59]     Model: SignalJEPA_PreLocal | Pretrained: from_pretrained | Strategy: new
[2026-05-27 04:37:59]     Normalization: none | fit_scope=none
[2026-05-27 04:37:59]     Phase 1 (new): 2,170/16,010 params
[2026-05-27 04:38:01]     Result | best_epoch=203 | stop=252 | final_phase_epochs=252 | acc=0.6875 | bal_acc=0.6875 | pred_hist=[9, 7] | collapse=False
[2026-05-27 04:38:01]     spatial_conv=[4, 29] top_abs_channels=[('CP3', 0.14052105), ('O2', 0.13905869), ('C4', 0.13334471), ('Pz', 0.12813585), ('T5', 0.12540299), ('Fz', 0.1207245), ('Oz', 0.10853048), ('FT7', 0.10788116)]
[2026-05-27 04:38:01]     spatial_update=delta_l2=0.72921082 max_abs=0.13720257 relative=0.61099584 changed=True

[2026-05-27 04:38:01] Fold 3/10 | subject=17
[2026-05-27 04:38:01]     Train: 24 | counts=[12, 12]
[2026-05-27 04:38:01]     Test:  16 | counts=[8, 8]
[2026-05-27 04:38:01]     Model: SignalJEPA_PreLocal | Pretrained: from_pretrained | Strategy: new
[2026-05-27 04:38:01]     Normalization: none | fit_scope=none
[2026-05-27 04:38:01]     Phase 1 (new): 2,170/16,010 params
[2026-05-27 04:38:01]     Result | best_epoch=1 | stop=51 | final_phase_epochs=51 | acc=0.5000 | bal_acc=0.5000 | pred_hist=[0, 16] | collapse=True
[2026-05-27 04:38:01]     spatial_conv=[4, 29] top_abs_channels=[('Pz', 0.15303901), ('O2', 0.14414138), ('T3', 0.12698478), ('T4', 0.12233759), ('O1', 0.12161213), ('CP3', 0.12087442), ('C3', 0.11548084), ('CP4', 0.11068313)]
[2026-05-27 04:38:01]     spatial_update=delta_l2=0.00538494 max_abs=0.00050000 relative=0.00451197 changed=True

[2026-05-27 04:38:02] Fold 4/10 | subject=17
[2026-05-27 04:38:02]     Train: 24 | counts=[12, 12]
[2026-05-27 04:38:02]     Test:  16 | counts=[8, 8]
[2026-05-27 04:38:02]     Model: SignalJEPA_PreLocal | Pretrained: from_pretrained | Strategy: new
[2026-05-27 04:38:02]     Normalization: none | fit_scope=none
[2026-05-27 04:38:02]     Phase 1 (new): 2,170/16,010 params
[2026-05-27 04:38:06]     Result | best_epoch=1093 | stop=1143 | final_phase_epochs=1143 | acc=0.6250 | bal_acc=0.6250 | pred_hist=[6, 10] | collapse=False
[2026-05-27 04:38:06]     spatial_conv=[4, 29] top_abs_channels=[('C4', 0.24503723), ('Oz', 0.19322729), ('FCz', 0.1530776), ('C3', 0.13792704), ('CP4', 0.13359807), ('T5', 0.13017204), ('O2', 0.12613596), ('Pz', 0.11236762)]
[2026-05-27 04:38:06]     spatial_update=delta_l2=1.28701909 max_abs=0.34871677 relative=1.07837580 changed=True

[2026-05-27 04:38:06] Fold 5/10 | subject=17
[2026-05-27 04:38:06]     Train: 24 | counts=[12, 12]
[2026-05-27 04:38:06]     Test:  16 | counts=[8, 8]
[2026-05-27 04:38:06]     Model: SignalJEPA_PreLocal | Pretrained: from_pretrained | Strategy: new
[2026-05-27 04:38:06]     Normalization: none | fit_scope=none
[2026-05-27 04:38:06]     Phase 1 (new): 2,170/16,010 params
[2026-05-27 04:38:07]     Result | best_epoch=1 | stop=51 | final_phase_epochs=51 | acc=0.5000 | bal_acc=0.5000 | pred_hist=[0, 16] | collapse=True
[2026-05-27 04:38:07]     spatial_conv=[4, 29] top_abs_channels=[('Pz', 0.15328899), ('O2', 0.14414136), ('T3', 0.12648478), ('O1', 0.12211201), ('T4', 0.1220876), ('CP3', 0.12112439), ('C3', 0.11523089), ('CP4', 0.11068302)]
[2026-05-27 04:38:07]     spatial_update=delta_l2=0.00538495 max_abs=0.00050000 relative=0.00451197 changed=True

[2026-05-27 04:38:07] Fold 6/10 | subject=17
[2026-05-27 04:38:07]     Train: 24 | counts=[12, 12]
[2026-05-27 04:38:07]     Test:  16 | counts=[8, 8]
[2026-05-27 04:38:07]     Model: SignalJEPA_PreLocal | Pretrained: from_pretrained | Strategy: new
[2026-05-27 04:38:07]     Normalization: none | fit_scope=none
[2026-05-27 04:38:07]     Phase 1 (new): 2,170/16,010 params
[2026-05-27 04:38:07]     Result | best_epoch=1 | stop=51 | final_phase_epochs=51 | acc=0.5000 | bal_acc=0.5000 | pred_hist=[0, 16] | collapse=True
[2026-05-27 04:38:07]     spatial_conv=[4, 29] top_abs_channels=[('Pz', 0.15303901), ('O2', 0.14414138), ('T3', 0.12648478), ('T4', 0.12233758), ('O1', 0.12136213), ('CP3', 0.12112439), ('C3', 0.1152309), ('CP4', 0.11068313)]
[2026-05-27 04:38:07]     spatial_update=delta_l2=0.00538499 max_abs=0.00050000 relative=0.00451201 changed=True

[2026-05-27 04:38:08] Fold 7/10 | subject=17
[2026-05-27 04:38:08]     Train: 24 | counts=[12, 12]
[2026-05-27 04:38:08]     Test:  16 | counts=[8, 8]
[2026-05-27 04:38:08]     Model: SignalJEPA_PreLocal | Pretrained: from_pretrained | Strategy: new
[2026-05-27 04:38:08]     Normalization: none | fit_scope=none
[2026-05-27 04:38:08]     Phase 1 (new): 2,170/16,010 params
[2026-05-27 04:38:08]     Result | best_epoch=5 | stop=55 | final_phase_epochs=55 | acc=0.5000 | bal_acc=0.5000 | pred_hist=[2, 14] | collapse=False
[2026-05-27 04:38:08]     spatial_conv=[4, 29] top_abs_channels=[('Pz', 0.15180779), ('O2', 0.1459388), ('T3', 0.12603816), ('T4', 0.12257077), ('O1', 0.12069452), ('CP3', 0.11924534), ('C3', 0.11563137), ('CP4', 0.11048526)]
[2026-05-27 04:38:08]     spatial_update=delta_l2=0.02169779 max_abs=0.00249993 relative=0.01818028 changed=True

[2026-05-27 04:38:08] Fold 8/10 | subject=17
[2026-05-27 04:38:08]     Train: 24 | counts=[12, 12]
[2026-05-27 04:38:08]     Test:  16 | counts=[8, 8]
[2026-05-27 04:38:08]     Model: SignalJEPA_PreLocal | Pretrained: from_pretrained | Strategy: new
[2026-05-27 04:38:08]     Normalization: none | fit_scope=none
[2026-05-27 04:38:08]     Phase 1 (new): 2,170/16,010 params
[2026-05-27 04:38:09]     Result | best_epoch=1 | stop=51 | final_phase_epochs=51 | acc=0.4375 | bal_acc=0.4375 | pred_hist=[1, 15] | collapse=True
[2026-05-27 04:38:09]     spatial_conv=[4, 29] top_abs_channels=[('Pz', 0.15303901), ('O2', 0.14439137), ('T3', 0.1264848), ('O1', 0.12186212), ('T4', 0.12183763), ('CP3', 0.1208744), ('C3', 0.1152309), ('CP4', 0.11118312)]
[2026-05-27 04:38:09]     spatial_update=delta_l2=0.00538506 max_abs=0.00050000 relative=0.00451207 changed=True

[2026-05-27 04:38:09] Fold 9/10 | subject=17
[2026-05-27 04:38:09]     Train: 24 | counts=[12, 12]
[2026-05-27 04:38:09]     Test:  16 | counts=[8, 8]
[2026-05-27 04:38:09]     Model: SignalJEPA_PreLocal | Pretrained: from_pretrained | Strategy: new
[2026-05-27 04:38:09]     Normalization: none | fit_scope=none
[2026-05-27 04:38:09]     Phase 1 (new): 2,170/16,010 params
[2026-05-27 04:38:09]     Result | best_epoch=1 | stop=51 | final_phase_epochs=51 | acc=0.5000 | bal_acc=0.5000 | pred_hist=[0, 16] | collapse=True
[2026-05-27 04:38:09]     spatial_conv=[4, 29] top_abs_channels=[('Pz', 0.15328901), ('O2', 0.14389138), ('T3', 0.12623481), ('O1', 0.12236211), ('T4', 0.1220876), ('CP3', 0.12112437), ('C3', 0.1154809), ('CP4', 0.11093313)]
[2026-05-27 04:38:09]     spatial_update=delta_l2=0.00538505 max_abs=0.00050000 relative=0.00451206 changed=True

[2026-05-27 04:38:10] Fold 10/10 | subject=17
[2026-05-27 04:38:10]     Train: 24 | counts=[12, 12]
[2026-05-27 04:38:10]     Test:  16 | counts=[8, 8]
[2026-05-27 04:38:10]     Model: SignalJEPA_PreLocal | Pretrained: from_pretrained | Strategy: new
[2026-05-27 04:38:10]     Normalization: none | fit_scope=none
[2026-05-27 04:38:10]     Phase 1 (new): 2,170/16,010 params
[2026-05-27 04:38:10]     Result | best_epoch=1 | stop=51 | final_phase_epochs=51 | acc=0.5000 | bal_acc=0.5000 | pred_hist=[0, 16] | collapse=True
[2026-05-27 04:38:10]     spatial_conv=[4, 29] top_abs_channels=[('Pz', 0.15328896), ('O2', 0.1436414), ('T3', 0.12673478), ('O1', 0.12211297), ('T4', 0.1220876), ('CP3', 0.12112439), ('C3', 0.11523092), ('CP4', 0.11093313)]
[2026-05-27 04:38:10]     spatial_update=delta_l2=0.00538405 max_abs=0.00050000 relative=0.00451122 changed=True
[2026-05-27 04:38:10]   Subject 17: acc=0.5250±0.0696  bal_acc=0.5250±0.0696
[2026-05-27 04:38:10] \nSubject 18: 40 windows | class_counts=[20, 20]

[2026-05-27 04:38:11] Fold 1/10 | subject=18
[2026-05-27 04:38:11]     Train: 24 | counts=[12, 12]
[2026-05-27 04:38:11]     Test:  16 | counts=[8, 8]
[2026-05-27 04:38:11]     Model: SignalJEPA_PreLocal | Pretrained: from_pretrained | Strategy: new
[2026-05-27 04:38:11]     Normalization: none | fit_scope=none
[2026-05-27 04:38:11]     Phase 1 (new): 2,170/16,010 params
[2026-05-27 04:38:16]     Result | best_epoch=1414 | stop=1464 | final_phase_epochs=1464 | acc=1.0000 | bal_acc=1.0000 | pred_hist=[8, 8] | collapse=False
[2026-05-27 04:38:16]     spatial_conv=[4, 29] top_abs_channels=[('C3', 0.21408427), ('P3', 0.1878701), ('P4', 0.1871835), ('Fz', 0.16179176), ('TP8', 0.14289856), ('C4', 0.13942809), ('CP3', 0.13769558), ('FCz', 0.13717777)]
[2026-05-27 04:38:16]     spatial_update=delta_l2=1.37861474 max_abs=0.38392882 relative=1.15512255 changed=True

[2026-05-27 04:38:16] Fold 2/10 | subject=18
[2026-05-27 04:38:16]     Train: 24 | counts=[12, 12]
[2026-05-27 04:38:16]     Test:  16 | counts=[8, 8]
[2026-05-27 04:38:16]     Model: SignalJEPA_PreLocal | Pretrained: from_pretrained | Strategy: new
[2026-05-27 04:38:16]     Normalization: none | fit_scope=none
[2026-05-27 04:38:16]     Phase 1 (new): 2,170/16,010 params
[2026-05-27 04:38:17]     Result | best_epoch=1 | stop=51 | final_phase_epochs=51 | acc=0.5000 | bal_acc=0.5000 | pred_hist=[0, 16] | collapse=True
[2026-05-27 04:38:17]     spatial_conv=[4, 29] top_abs_channels=[('Pz', 0.15303902), ('O2', 0.14389138), ('T3', 0.12623478), ('O1', 0.12236211), ('T4', 0.12208757), ('CP3', 0.12112439), ('C3', 0.11498091), ('CP4', 0.11093313)]
[2026-05-27 04:38:17]     spatial_update=delta_l2=0.00538499 max_abs=0.00050000 relative=0.00451201 changed=True

[2026-05-27 04:38:17] Fold 3/10 | subject=18
[2026-05-27 04:38:17]     Train: 24 | counts=[12, 12]
[2026-05-27 04:38:17]     Test:  16 | counts=[8, 8]
[2026-05-27 04:38:17]     Model: SignalJEPA_PreLocal | Pretrained: from_pretrained | Strategy: new
[2026-05-27 04:38:17]     Normalization: none | fit_scope=none
[2026-05-27 04:38:17]     Phase 1 (new): 2,170/16,010 params
[2026-05-27 04:38:23]     Result | best_epoch=1656 | stop=1706 | final_phase_epochs=1706 | acc=0.9375 | bal_acc=0.9375 | pred_hist=[7, 9] | collapse=False
[2026-05-27 04:38:23]     spatial_conv=[4, 29] top_abs_channels=[('FCz', 0.22234121), ('TP8', 0.20384955), ('CP3', 0.16656438), ('Fz', 0.15514037), ('P3', 0.15308842), ('Oz', 0.13287318), ('T4', 0.11534101), ('P4', 0.11344393)]
[2026-05-27 04:38:23]     spatial_update=delta_l2=1.43338564 max_abs=0.36081307 relative=1.20101434 changed=True

[2026-05-27 04:38:24] Fold 4/10 | subject=18
[2026-05-27 04:38:24]     Train: 24 | counts=[12, 12]
[2026-05-27 04:38:24]     Test:  16 | counts=[8, 8]
[2026-05-27 04:38:24]     Model: SignalJEPA_PreLocal | Pretrained: from_pretrained | Strategy: new
[2026-05-27 04:38:24]     Normalization: none | fit_scope=none
[2026-05-27 04:38:24]     Phase 1 (new): 2,170/16,010 params
[2026-05-27 04:38:31]     Result | best_epoch=2126 | stop=2176 | final_phase_epochs=2176 | acc=0.9375 | bal_acc=0.9375 | pred_hist=[7, 9] | collapse=False
[2026-05-27 04:38:31]     spatial_conv=[4, 29] top_abs_channels=[('TP8', 0.19321361), ('P4', 0.17517732), ('CP4', 0.14995384), ('T5', 0.14883953), ('Oz', 0.14838901), ('FC3', 0.1329992), ('Cz', 0.12569758), ('TP7', 0.12036821)]
[2026-05-27 04:38:31]     spatial_update=delta_l2=1.62926654 max_abs=0.42875072 relative=1.36514028 changed=True

[2026-05-27 04:38:32] Fold 5/10 | subject=18
[2026-05-27 04:38:32]     Train: 24 | counts=[12, 12]
[2026-05-27 04:38:32]     Test:  16 | counts=[8, 8]
[2026-05-27 04:38:32]     Model: SignalJEPA_PreLocal | Pretrained: from_pretrained | Strategy: new
[2026-05-27 04:38:32]     Normalization: none | fit_scope=none
[2026-05-27 04:38:32]     Phase 1 (new): 2,170/16,010 params
[2026-05-27 04:38:40]     Result | best_epoch=2546 | stop=2596 | final_phase_epochs=2596 | acc=1.0000 | bal_acc=1.0000 | pred_hist=[8, 8] | collapse=False
[2026-05-27 04:38:40]     spatial_conv=[4, 29] top_abs_channels=[('Oz', 0.21577197), ('FCz', 0.1958949), ('Fz', 0.1702022), ('FT8', 0.16470358), ('CP4', 0.16108879), ('P4', 0.13038719), ('CP3', 0.13025941), ('O1', 0.12193669)]
[2026-05-27 04:38:40]     spatial_update=delta_l2=1.50414475 max_abs=0.33715220 relative=1.26030244 changed=True

[2026-05-27 04:38:41] Fold 6/10 | subject=18
[2026-05-27 04:38:41]     Train: 24 | counts=[12, 12]
[2026-05-27 04:38:41]     Test:  16 | counts=[8, 8]
[2026-05-27 04:38:41]     Model: SignalJEPA_PreLocal | Pretrained: from_pretrained | Strategy: new
[2026-05-27 04:38:41]     Normalization: none | fit_scope=none
[2026-05-27 04:38:41]     Phase 1 (new): 2,170/16,010 params
[2026-05-27 04:38:47]     Result | best_epoch=1721 | stop=1771 | final_phase_epochs=1771 | acc=1.0000 | bal_acc=1.0000 | pred_hist=[8, 8] | collapse=False
[2026-05-27 04:38:47]     spatial_conv=[4, 29] top_abs_channels=[('Fz', 0.1978218), ('TP8', 0.19293314), ('FCz', 0.15797678), ('T3', 0.14870764), ('T4', 0.14014477), ('Cz', 0.13279368), ('F3', 0.1296463), ('C3', 0.11907764)]
[2026-05-27 04:38:47]     spatial_update=delta_l2=1.45924376 max_abs=0.37363061 relative=1.22268051 changed=True

[2026-05-27 04:38:48] Fold 7/10 | subject=18
[2026-05-27 04:38:48]     Train: 24 | counts=[12, 12]
[2026-05-27 04:38:48]     Test:  16 | counts=[8, 8]
[2026-05-27 04:38:48]     Model: SignalJEPA_PreLocal | Pretrained: from_pretrained | Strategy: new
[2026-05-27 04:38:48]     Normalization: none | fit_scope=none
[2026-05-27 04:38:48]     Phase 1 (new): 2,170/16,010 params
[2026-05-27 04:38:53]     Result | best_epoch=1575 | stop=1625 | final_phase_epochs=1625 | acc=0.9375 | bal_acc=0.9375 | pred_hist=[7, 9] | collapse=False
[2026-05-27 04:38:53]     spatial_conv=[4, 29] top_abs_channels=[('Cz', 0.19207197), ('Oz', 0.19121183), ('C4', 0.1822008), ('FT8', 0.17175241), ('P4', 0.16077515), ('TP7', 0.15775521), ('TP8', 0.15287434), ('FCz', 0.12321748)]
[2026-05-27 04:38:53]     spatial_update=delta_l2=1.57706917 max_abs=0.35264143 relative=1.32140482 changed=True

[2026-05-27 04:38:54] Fold 8/10 | subject=18
[2026-05-27 04:38:54]     Train: 24 | counts=[12, 12]
[2026-05-27 04:38:54]     Test:  16 | counts=[8, 8]
[2026-05-27 04:38:54]     Model: SignalJEPA_PreLocal | Pretrained: from_pretrained | Strategy: new
[2026-05-27 04:38:54]     Normalization: none | fit_scope=none
[2026-05-27 04:38:54]     Phase 1 (new): 2,170/16,010 params
[2026-05-27 04:38:58]     Result | best_epoch=1238 | stop=1288 | final_phase_epochs=1288 | acc=0.9375 | bal_acc=0.9375 | pred_hist=[7, 9] | collapse=False
[2026-05-27 04:38:58]     spatial_conv=[4, 29] top_abs_channels=[('P4', 0.20848885), ('Oz', 0.20808414), ('Fz', 0.16381387), ('Cz', 0.15058714), ('TP7', 0.13984512), ('TP8', 0.13578251), ('T5', 0.12432758), ('FCz', 0.1171405)]
[2026-05-27 04:38:58]     spatial_update=delta_l2=1.58971596 max_abs=0.34186411 relative=1.33200139 changed=True

[2026-05-27 04:38:59] Fold 9/10 | subject=18
[2026-05-27 04:38:59]     Train: 24 | counts=[12, 12]
[2026-05-27 04:38:59]     Test:  16 | counts=[8, 8]
[2026-05-27 04:38:59]     Model: SignalJEPA_PreLocal | Pretrained: from_pretrained | Strategy: new
[2026-05-27 04:38:59]     Normalization: none | fit_scope=none
[2026-05-27 04:38:59]     Phase 1 (new): 2,170/16,010 params
[2026-05-27 04:39:06]     Result | best_epoch=1988 | stop=2038 | final_phase_epochs=2038 | acc=1.0000 | bal_acc=1.0000 | pred_hist=[8, 8] | collapse=False
[2026-05-27 04:39:06]     spatial_conv=[4, 29] top_abs_channels=[('C4', 0.17009516), ('Fz', 0.16719493), ('P4', 0.16677475), ('TP8', 0.16093673), ('Cz', 0.14489456), ('C3', 0.13442059), ('Oz', 0.13328706), ('P3', 0.12556282)]
[2026-05-27 04:39:06]     spatial_update=delta_l2=1.47890208 max_abs=0.48706870 relative=1.23915195 changed=True

[2026-05-27 04:39:06] Fold 10/10 | subject=18
[2026-05-27 04:39:06]     Train: 24 | counts=[12, 12]
[2026-05-27 04:39:06]     Test:  16 | counts=[8, 8]
[2026-05-27 04:39:06]     Model: SignalJEPA_PreLocal | Pretrained: from_pretrained | Strategy: new
[2026-05-27 04:39:06]     Normalization: none | fit_scope=none
[2026-05-27 04:39:06]     Phase 1 (new): 2,170/16,010 params
[2026-05-27 04:39:22]     Result | best_epoch=4401 | stop=4451 | final_phase_epochs=4451 | acc=1.0000 | bal_acc=1.0000 | pred_hist=[8, 8] | collapse=False
[2026-05-27 04:39:22]     spatial_conv=[4, 29] top_abs_channels=[('FCz', 0.20066923), ('Fz', 0.18711676), ('P4', 0.18509221), ('TP8', 0.15133286), ('P3', 0.146624), ('FT8', 0.14023158), ('Oz', 0.13966167), ('CP4', 0.13211527)]
[2026-05-27 04:39:22]     spatial_update=delta_l2=1.64631645 max_abs=0.39825779 relative=1.37942618 changed=True
[2026-05-27 04:39:22]   Subject 18: acc=0.9250±0.1447  bal_acc=0.9250±0.1447
[2026-05-27 04:39:22] \nSubject 19: 40 windows | class_counts=[20, 20]

[2026-05-27 04:39:22] Fold 1/10 | subject=19
[2026-05-27 04:39:22]     Train: 24 | counts=[12, 12]
[2026-05-27 04:39:22]     Test:  16 | counts=[8, 8]
[2026-05-27 04:39:22]     Model: SignalJEPA_PreLocal | Pretrained: from_pretrained | Strategy: new
[2026-05-27 04:39:22]     Normalization: none | fit_scope=none
[2026-05-27 04:39:22]     Phase 1 (new): 2,170/16,010 params
[2026-05-27 04:39:23]     Result | best_epoch=1 | stop=51 | final_phase_epochs=51 | acc=0.5000 | bal_acc=0.5000 | pred_hist=[0, 16] | collapse=True
[2026-05-27 04:39:23]     spatial_conv=[4, 29] top_abs_channels=[('Pz', 0.15278791), ('O2', 0.14439149), ('T3', 0.12723479), ('T4', 0.1220876), ('O1', 0.12186211), ('CP3', 0.12137422), ('C3', 0.11498092), ('CP4', 0.11068314)]
[2026-05-27 04:39:23]     spatial_update=delta_l2=0.00538389 max_abs=0.00050000 relative=0.00451109 changed=True

[2026-05-27 04:39:23] Fold 2/10 | subject=19
[2026-05-27 04:39:23]     Train: 24 | counts=[12, 12]
[2026-05-27 04:39:23]     Test:  16 | counts=[8, 8]
[2026-05-27 04:39:23]     Model: SignalJEPA_PreLocal | Pretrained: from_pretrained | Strategy: new
[2026-05-27 04:39:23]     Normalization: none | fit_scope=none
[2026-05-27 04:39:23]     Phase 1 (new): 2,170/16,010 params
[2026-05-27 04:39:23]     Result | best_epoch=1 | stop=51 | final_phase_epochs=51 | acc=0.5000 | bal_acc=0.5000 | pred_hist=[0, 16] | collapse=True
[2026-05-27 04:39:23]     spatial_conv=[4, 29] top_abs_channels=[('Pz', 0.15303901), ('O2', 0.14464137), ('T3', 0.12723479), ('O1', 0.12211212), ('T4', 0.12208758), ('CP3', 0.12087439), ('C3', 0.11573088), ('CP4', 0.1109332)]
[2026-05-27 04:39:23]     spatial_update=delta_l2=0.00538494 max_abs=0.00050000 relative=0.00451197 changed=True

[2026-05-27 04:39:24] Fold 3/10 | subject=19
[2026-05-27 04:39:24]     Train: 24 | counts=[12, 12]
[2026-05-27 04:39:24]     Test:  16 | counts=[8, 8]
[2026-05-27 04:39:24]     Model: SignalJEPA_PreLocal | Pretrained: from_pretrained | Strategy: new
[2026-05-27 04:39:24]     Normalization: none | fit_scope=none
[2026-05-27 04:39:24]     Phase 1 (new): 2,170/16,010 params
[2026-05-27 04:39:24]     Result | best_epoch=1 | stop=51 | final_phase_epochs=51 | acc=0.4375 | bal_acc=0.4375 | pred_hist=[1, 15] | collapse=True
[2026-05-27 04:39:24]     spatial_conv=[4, 29] top_abs_channels=[('Pz', 0.15253901), ('O2', 0.14464137), ('T3', 0.12723477), ('O1', 0.12186208), ('T4', 0.1218376), ('CP3', 0.12137438), ('C3', 0.1152309), ('CP4', 0.11043327)]
[2026-05-27 04:39:24]     spatial_update=delta_l2=0.00538429 max_abs=0.00050000 relative=0.00451142 changed=True

[2026-05-27 04:39:25] Fold 4/10 | subject=19
[2026-05-27 04:39:25]     Train: 24 | counts=[12, 12]
[2026-05-27 04:39:25]     Test:  16 | counts=[8, 8]
[2026-05-27 04:39:25]     Model: SignalJEPA_PreLocal | Pretrained: from_pretrained | Strategy: new
[2026-05-27 04:39:25]     Normalization: none | fit_scope=none
[2026-05-27 04:39:25]     Phase 1 (new): 2,170/16,010 params
[2026-05-27 04:39:28]     Result | best_epoch=1027 | stop=1077 | final_phase_epochs=1077 | acc=0.3750 | bal_acc=0.3750 | pred_hist=[8, 8] | collapse=False
[2026-05-27 04:39:28]     spatial_conv=[4, 29] top_abs_channels=[('FC3', 0.18366189), ('C4', 0.1728085), ('Pz', 0.16728941), ('F7', 0.1592268), ('T6', 0.15753698), ('P4', 0.15122527), ('TP7', 0.14645526), ('T3', 0.144601)]
[2026-05-27 04:39:28]     spatial_update=delta_l2=1.39252195 max_abs=0.33117500 relative=1.16677522 changed=True

[2026-05-27 04:39:29] Fold 5/10 | subject=19
[2026-05-27 04:39:29]     Train: 24 | counts=[12, 12]
[2026-05-27 04:39:29]     Test:  16 | counts=[8, 8]
[2026-05-27 04:39:29]     Model: SignalJEPA_PreLocal | Pretrained: from_pretrained | Strategy: new
[2026-05-27 04:39:29]     Normalization: none | fit_scope=none
[2026-05-27 04:39:29]     Phase 1 (new): 2,170/16,010 params
[2026-05-27 04:39:29]     Result | best_epoch=1 | stop=51 | final_phase_epochs=51 | acc=0.5000 | bal_acc=0.5000 | pred_hist=[0, 16] | collapse=True
[2026-05-27 04:39:29]     spatial_conv=[4, 29] top_abs_channels=[('Pz', 0.15253909), ('O2', 0.14439137), ('T3', 0.12723477), ('O1', 0.12211212), ('T4', 0.12183759), ('CP3', 0.12112437), ('C3', 0.1152309), ('CP4', 0.11093313)]
[2026-05-27 04:39:29]     spatial_update=delta_l2=0.00538502 max_abs=0.00050000 relative=0.00451204 changed=True

[2026-05-27 04:39:30] Fold 6/10 | subject=19
[2026-05-27 04:39:30]     Train: 24 | counts=[12, 12]
[2026-05-27 04:39:30]     Test:  16 | counts=[8, 8]
[2026-05-27 04:39:30]     Model: SignalJEPA_PreLocal | Pretrained: from_pretrained | Strategy: new
[2026-05-27 04:39:30]     Normalization: none | fit_scope=none
[2026-05-27 04:39:30]     Phase 1 (new): 2,170/16,010 params
[2026-05-27 04:39:30]     Result | best_epoch=1 | stop=51 | final_phase_epochs=51 | acc=0.5000 | bal_acc=0.5000 | pred_hist=[0, 16] | collapse=True
[2026-05-27 04:39:30]     spatial_conv=[4, 29] top_abs_channels=[('Pz', 0.15303896), ('O2', 0.14414138), ('T3', 0.12723477), ('O1', 0.12186211), ('T4', 0.12158759), ('CP3', 0.12112439), ('C3', 0.1152309), ('CP4', 0.11143306)]
[2026-05-27 04:39:30]     spatial_update=delta_l2=0.00538498 max_abs=0.00050000 relative=0.00451200 changed=True

[2026-05-27 04:39:30] Fold 7/10 | subject=19
[2026-05-27 04:39:30]     Train: 24 | counts=[12, 12]
[2026-05-27 04:39:30]     Test:  16 | counts=[8, 8]
[2026-05-27 04:39:30]     Model: SignalJEPA_PreLocal | Pretrained: from_pretrained | Strategy: new
[2026-05-27 04:39:30]     Normalization: none | fit_scope=none
[2026-05-27 04:39:30]     Phase 1 (new): 2,170/16,010 params
[2026-05-27 04:39:31]     Result | best_epoch=1 | stop=51 | final_phase_epochs=51 | acc=0.4375 | bal_acc=0.4375 | pred_hist=[1, 15] | collapse=True
[2026-05-27 04:39:31]     spatial_conv=[4, 29] top_abs_channels=[('Pz', 0.152789), ('O2', 0.14464135), ('T3', 0.12698472), ('O1', 0.12186212), ('T4', 0.12183762), ('CP3', 0.12112439), ('C3', 0.11523092), ('CP4', 0.11068314)]
[2026-05-27 04:39:31]     spatial_update=delta_l2=0.00538463 max_abs=0.00050000 relative=0.00451171 changed=True

[2026-05-27 04:39:31] Fold 8/10 | subject=19
[2026-05-27 04:39:31]     Train: 24 | counts=[12, 12]
[2026-05-27 04:39:31]     Test:  16 | counts=[8, 8]
[2026-05-27 04:39:31]     Model: SignalJEPA_PreLocal | Pretrained: from_pretrained | Strategy: new
[2026-05-27 04:39:31]     Normalization: none | fit_scope=none
[2026-05-27 04:39:31]     Phase 1 (new): 2,170/16,010 params
[2026-05-27 04:39:32]     Result | best_epoch=48 | stop=97 | final_phase_epochs=97 | acc=0.5000 | bal_acc=0.5000 | pred_hist=[8, 8] | collapse=False
[2026-05-27 04:39:32]     spatial_conv=[4, 29] top_abs_channels=[('Pz', 0.16328436), ('O2', 0.15366107), ('T3', 0.13890415), ('C3', 0.13182448), ('P4', 0.11963454), ('O1', 0.11914624), ('T4', 0.11506921), ('CP3', 0.11240172)]
[2026-05-27 04:39:32]     spatial_update=delta_l2=0.19430872 max_abs=0.02721979 relative=0.16280863 changed=True

[2026-05-27 04:39:32] Fold 9/10 | subject=19
[2026-05-27 04:39:32]     Train: 24 | counts=[12, 12]
[2026-05-27 04:39:32]     Test:  16 | counts=[8, 8]
[2026-05-27 04:39:32]     Model: SignalJEPA_PreLocal | Pretrained: from_pretrained | Strategy: new
[2026-05-27 04:39:32]     Normalization: none | fit_scope=none
[2026-05-27 04:39:32]     Phase 1 (new): 2,170/16,010 params
[2026-05-27 04:39:34]     Result | best_epoch=502 | stop=552 | final_phase_epochs=552 | acc=0.6250 | bal_acc=0.6250 | pred_hist=[4, 12] | collapse=False
[2026-05-27 04:39:34]     spatial_conv=[4, 29] top_abs_channels=[('Pz', 0.18821663), ('FC4', 0.15380147), ('T3', 0.15200089), ('O2', 0.15052895), ('P3', 0.1365426), ('CP3', 0.13558373), ('P4', 0.12895632), ('FC3', 0.12783261)]
[2026-05-27 04:39:34]     spatial_update=delta_l2=1.21443883 max_abs=0.30463369 relative=1.01756179 changed=True

[2026-05-27 04:39:35] Fold 10/10 | subject=19
[2026-05-27 04:39:35]     Train: 24 | counts=[12, 12]
[2026-05-27 04:39:35]     Test:  16 | counts=[8, 8]
[2026-05-27 04:39:35]     Model: SignalJEPA_PreLocal | Pretrained: from_pretrained | Strategy: new
[2026-05-27 04:39:35]     Normalization: none | fit_scope=none
[2026-05-27 04:39:35]     Phase 1 (new): 2,170/16,010 params
[2026-05-27 04:39:35]     Result | best_epoch=1 | stop=51 | final_phase_epochs=51 | acc=0.5000 | bal_acc=0.5000 | pred_hist=[0, 16] | collapse=True
[2026-05-27 04:39:35]     spatial_conv=[4, 29] top_abs_channels=[('Pz', 0.15279093), ('O2', 0.14464137), ('T3', 0.1269848), ('O1', 0.12236211), ('T4', 0.1220876), ('CP3', 0.12087435), ('C3', 0.1157309), ('CP4', 0.11068314)]
[2026-05-27 04:39:35]     spatial_update=delta_l2=0.00538430 max_abs=0.00050000 relative=0.00451143 changed=True
[2026-05-27 04:39:35]   Subject 19: acc=0.4875±0.0612  bal_acc=0.4875±0.0612
[2026-05-27 04:39:35] \nSubject 20: 40 windows | class_counts=[20, 20]

[2026-05-27 04:39:35] Fold 1/10 | subject=20
[2026-05-27 04:39:35]     Train: 24 | counts=[12, 12]
[2026-05-27 04:39:35]     Test:  16 | counts=[8, 8]
[2026-05-27 04:39:35]     Model: SignalJEPA_PreLocal | Pretrained: from_pretrained | Strategy: new
[2026-05-27 04:39:35]     Normalization: none | fit_scope=none
[2026-05-27 04:39:35]     Phase 1 (new): 2,170/16,010 params
[2026-05-27 04:39:38]     Result | best_epoch=730 | stop=754 | final_phase_epochs=754 | acc=0.5625 | bal_acc=0.5625 | pred_hist=[15, 1] | collapse=True
[2026-05-27 04:39:38]     spatial_conv=[4, 29] top_abs_channels=[('P3', 0.18992451), ('P4', 0.171437), ('Cz', 0.15851678), ('Pz', 0.15775375), ('T5', 0.15395191), ('F4', 0.14507373), ('F8', 0.13702309), ('Fz', 0.12893283)]
[2026-05-27 04:39:38]     spatial_update=delta_l2=1.32825019 max_abs=0.40495332 relative=1.11292278 changed=True

[2026-05-27 04:39:39] Fold 2/10 | subject=20
[2026-05-27 04:39:39]     Train: 24 | counts=[12, 12]
[2026-05-27 04:39:39]     Test:  16 | counts=[8, 8]
[2026-05-27 04:39:39]     Model: SignalJEPA_PreLocal | Pretrained: from_pretrained | Strategy: new
[2026-05-27 04:39:39]     Normalization: none | fit_scope=none
[2026-05-27 04:39:39]     Phase 1 (new): 2,170/16,010 params
[2026-05-27 04:39:39]     Result | best_epoch=48 | stop=96 | final_phase_epochs=96 | acc=0.8125 | bal_acc=0.8125 | pred_hist=[9, 7] | collapse=False
[2026-05-27 04:39:39]     spatial_conv=[4, 29] top_abs_channels=[('Pz', 0.1464096), ('O2', 0.13297999), ('O1', 0.13204283), ('T3', 0.12933692), ('CP3', 0.12264509), ('T4', 0.11949623), ('Fp1', 0.11588207), ('CP4', 0.11250661)]
[2026-05-27 04:39:39]     spatial_update=delta_l2=0.16084315 max_abs=0.02598989 relative=0.13476829 changed=True

[2026-05-27 04:39:40] Fold 3/10 | subject=20
[2026-05-27 04:39:40]     Train: 24 | counts=[12, 12]
[2026-05-27 04:39:40]     Test:  16 | counts=[8, 8]
[2026-05-27 04:39:40]     Model: SignalJEPA_PreLocal | Pretrained: from_pretrained | Strategy: new
[2026-05-27 04:39:40]     Normalization: none | fit_scope=none
[2026-05-27 04:39:40]     Phase 1 (new): 2,170/16,010 params
[2026-05-27 04:39:41]     Result | best_epoch=409 | stop=459 | final_phase_epochs=459 | acc=0.6875 | bal_acc=0.6875 | pred_hist=[7, 9] | collapse=False
[2026-05-27 04:39:41]     spatial_conv=[4, 29] top_abs_channels=[('P4', 0.22608626), ('Pz', 0.1793334), ('T4', 0.16484238), ('Cz', 0.13883901), ('CP4', 0.1320888), ('FCz', 0.12924832), ('O2', 0.12272687), ('C3', 0.10986665)]
[2026-05-27 04:39:41]     spatial_update=delta_l2=1.04641131 max_abs=0.24133862 relative=0.87677381 changed=True

[2026-05-27 04:39:42] Fold 4/10 | subject=20
[2026-05-27 04:39:42]     Train: 24 | counts=[12, 12]
[2026-05-27 04:39:42]     Test:  16 | counts=[8, 8]
[2026-05-27 04:39:42]     Model: SignalJEPA_PreLocal | Pretrained: from_pretrained | Strategy: new
[2026-05-27 04:39:42]     Normalization: none | fit_scope=none
[2026-05-27 04:39:42]     Phase 1 (new): 2,170/16,010 params
[2026-05-27 04:39:48]     Result | best_epoch=1768 | stop=1818 | final_phase_epochs=1818 | acc=0.4375 | bal_acc=0.4375 | pred_hist=[9, 7] | collapse=False
[2026-05-27 04:39:48]     spatial_conv=[4, 29] top_abs_channels=[('C4', 0.24373913), ('Fz', 0.19972143), ('P4', 0.17668606), ('Cz', 0.15775491), ('F4', 0.15213731), ('CP4', 0.14843911), ('T5', 0.13995233), ('O1', 0.13774064)]
[2026-05-27 04:39:48]     spatial_update=delta_l2=1.51592650 max_abs=0.43611805 relative=1.27017421 changed=True

[2026-05-27 04:39:49] Fold 5/10 | subject=20
[2026-05-27 04:39:49]     Train: 24 | counts=[12, 12]
[2026-05-27 04:39:49]     Test:  16 | counts=[8, 8]
[2026-05-27 04:39:49]     Model: SignalJEPA_PreLocal | Pretrained: from_pretrained | Strategy: new
[2026-05-27 04:39:49]     Normalization: none | fit_scope=none
[2026-05-27 04:39:49]     Phase 1 (new): 2,170/16,010 params
[2026-05-27 04:39:49]     Result | best_epoch=1 | stop=51 | final_phase_epochs=51 | acc=0.5000 | bal_acc=0.5000 | pred_hist=[0, 16] | collapse=True
[2026-05-27 04:39:49]     spatial_conv=[4, 29] top_abs_channels=[('Pz', 0.15328901), ('O2', 0.14389139), ('T3', 0.12673533), ('T4', 0.1220876), ('O1', 0.12186212), ('CP3', 0.12112439), ('C3', 0.1149809), ('CP4', 0.11118313)]
[2026-05-27 04:39:49]     spatial_update=delta_l2=0.00538480 max_abs=0.00050000 relative=0.00451185 changed=True

[2026-05-27 04:39:50] Fold 6/10 | subject=20
[2026-05-27 04:39:50]     Train: 24 | counts=[12, 12]
[2026-05-27 04:39:50]     Test:  16 | counts=[8, 8]
[2026-05-27 04:39:50]     Model: SignalJEPA_PreLocal | Pretrained: from_pretrained | Strategy: new
[2026-05-27 04:39:50]     Normalization: none | fit_scope=none
[2026-05-27 04:39:50]     Phase 1 (new): 2,170/16,010 params
[2026-05-27 04:39:52]     Result | best_epoch=700 | stop=750 | final_phase_epochs=750 | acc=0.5625 | bal_acc=0.5625 | pred_hist=[11, 5] | collapse=False
[2026-05-27 04:39:52]     spatial_conv=[4, 29] top_abs_channels=[('P4', 0.21446934), ('Pz', 0.18342742), ('C4', 0.16899273), ('T5', 0.14876585), ('FC3', 0.14542177), ('F4', 0.14217655), ('CP3', 0.14129528), ('C3', 0.11409587)]
[2026-05-27 04:39:52]     spatial_update=delta_l2=1.34017028 max_abs=0.31939535 relative=1.12291046 changed=True

[2026-05-27 04:39:53] Fold 7/10 | subject=20
[2026-05-27 04:39:53]     Train: 24 | counts=[12, 12]
[2026-05-27 04:39:53]     Test:  16 | counts=[8, 8]
[2026-05-27 04:39:53]     Model: SignalJEPA_PreLocal | Pretrained: from_pretrained | Strategy: new
[2026-05-27 04:39:53]     Normalization: none | fit_scope=none
[2026-05-27 04:39:53]     Phase 1 (new): 2,170/16,010 params
[2026-05-27 04:39:53]     Result | best_epoch=1 | stop=51 | final_phase_epochs=51 | acc=0.4375 | bal_acc=0.4375 | pred_hist=[1, 15] | collapse=True
[2026-05-27 04:39:53]     spatial_conv=[4, 29] top_abs_channels=[('Pz', 0.15303904), ('O2', 0.14439137), ('T3', 0.1264848), ('T4', 0.12208758), ('O1', 0.12186212), ('CP3', 0.12112439), ('C3', 0.11498302), ('CP4', 0.11093313)]
[2026-05-27 04:39:53]     spatial_update=delta_l2=0.00538201 max_abs=0.00050000 relative=0.00450951 changed=True

[2026-05-27 04:39:54] Fold 8/10 | subject=20
[2026-05-27 04:39:54]     Train: 24 | counts=[12, 12]
[2026-05-27 04:39:54]     Test:  16 | counts=[8, 8]
[2026-05-27 04:39:54]     Model: SignalJEPA_PreLocal | Pretrained: from_pretrained | Strategy: new
[2026-05-27 04:39:54]     Normalization: none | fit_scope=none
[2026-05-27 04:39:54]     Phase 1 (new): 2,170/16,010 params
[2026-05-27 04:39:54]     Result | best_epoch=97 | stop=147 | final_phase_epochs=147 | acc=0.5625 | bal_acc=0.5625 | pred_hist=[11, 5] | collapse=False
[2026-05-27 04:39:54]     spatial_conv=[4, 29] top_abs_channels=[('O2', 0.14388663), ('T5', 0.13185811), ('Fz', 0.12447561), ('Pz', 0.11971943), ('Fp1', 0.11895885), ('F8', 0.11712849), ('P3', 0.11596704), ('CP3', 0.11539801)]
[2026-05-27 04:39:54]     spatial_update=delta_l2=0.36889182 max_abs=0.05964800 relative=0.30908945 changed=True

[2026-05-27 04:39:55] Fold 9/10 | subject=20
[2026-05-27 04:39:55]     Train: 24 | counts=[12, 12]
[2026-05-27 04:39:55]     Test:  16 | counts=[8, 8]
[2026-05-27 04:39:55]     Model: SignalJEPA_PreLocal | Pretrained: from_pretrained | Strategy: new
[2026-05-27 04:39:55]     Normalization: none | fit_scope=none
[2026-05-27 04:39:55]     Phase 1 (new): 2,170/16,010 params
[2026-05-27 04:39:59]     Result | best_epoch=1233 | stop=1283 | final_phase_epochs=1283 | acc=0.6250 | bal_acc=0.6250 | pred_hist=[8, 8] | collapse=False
[2026-05-27 04:39:59]     spatial_conv=[4, 29] top_abs_channels=[('F4', 0.25526056), ('CP4', 0.19710222), ('C4', 0.163002), ('P3', 0.15827927), ('P4', 0.14468151), ('T4', 0.14173202), ('T5', 0.13725404), ('Pz', 0.13520637)]
[2026-05-27 04:39:59]     spatial_update=delta_l2=1.34254050 max_abs=0.42600758 relative=1.12489643 changed=True

[2026-05-27 04:40:00] Fold 10/10 | subject=20
[2026-05-27 04:40:00]     Train: 24 | counts=[12, 12]
[2026-05-27 04:40:00]     Test:  16 | counts=[8, 8]
[2026-05-27 04:40:00]     Model: SignalJEPA_PreLocal | Pretrained: from_pretrained | Strategy: new
[2026-05-27 04:40:00]     Normalization: none | fit_scope=none
[2026-05-27 04:40:00]     Phase 1 (new): 2,170/16,010 params
[2026-05-27 04:40:00]     Result | best_epoch=5 | stop=52 | final_phase_epochs=52 | acc=0.5000 | bal_acc=0.5000 | pred_hist=[0, 16] | collapse=True
[2026-05-27 04:40:00]     spatial_conv=[4, 29] top_abs_channels=[('Pz', 0.15300995), ('O2', 0.14376917), ('T3', 0.12723465), ('T4', 0.12225034), ('O1', 0.12191285), ('CP3', 0.12161136), ('C3', 0.11475272), ('CP4', 0.11140031)]
[2026-05-27 04:40:00]     spatial_update=delta_l2=0.00995795 max_abs=0.00100067 relative=0.00834363 changed=True
[2026-05-27 04:40:00]   Subject 20: acc=0.5687±0.1099  bal_acc=0.5687±0.1099
[2026-05-27 04:40:00] \nSubject 21: 40 windows | class_counts=[20, 20]

[2026-05-27 04:40:00] Fold 1/10 | subject=21
[2026-05-27 04:40:00]     Train: 24 | counts=[12, 12]
[2026-05-27 04:40:00]     Test:  16 | counts=[8, 8]
[2026-05-27 04:40:00]     Model: SignalJEPA_PreLocal | Pretrained: from_pretrained | Strategy: new
[2026-05-27 04:40:00]     Normalization: none | fit_scope=none
[2026-05-27 04:40:00]     Phase 1 (new): 2,170/16,010 params
[2026-05-27 04:40:01]     Result | best_epoch=193 | stop=243 | final_phase_epochs=243 | acc=0.3750 | bal_acc=0.3750 | pred_hist=[12, 4] | collapse=False
[2026-05-27 04:40:01]     spatial_conv=[4, 29] top_abs_channels=[('Pz', 0.17646343), ('CP4', 0.17171462), ('O2', 0.14065289), ('Fp1', 0.13421644), ('Fz', 0.13254237), ('CP3', 0.13156833), ('T3', 0.13042098), ('Fp2', 0.11804257)]
[2026-05-27 04:40:01]     spatial_update=delta_l2=0.61306522 max_abs=0.11271450 relative=0.51367902 changed=True

[2026-05-27 04:40:02] Fold 2/10 | subject=21
[2026-05-27 04:40:02]     Train: 24 | counts=[12, 12]
[2026-05-27 04:40:02]     Test:  16 | counts=[8, 8]
[2026-05-27 04:40:02]     Model: SignalJEPA_PreLocal | Pretrained: from_pretrained | Strategy: new
[2026-05-27 04:40:02]     Normalization: none | fit_scope=none
[2026-05-27 04:40:02]     Phase 1 (new): 2,170/16,010 params
[2026-05-27 04:40:02]     Result | best_epoch=1 | stop=51 | final_phase_epochs=51 | acc=0.4375 | bal_acc=0.4375 | pred_hist=[3, 13] | collapse=False
[2026-05-27 04:40:02]     spatial_conv=[4, 29] top_abs_channels=[('Pz', 0.15303901), ('O2', 0.14439127), ('T3', 0.12698479), ('T4', 0.12233761), ('O1', 0.12186212), ('CP3', 0.12087448), ('C3', 0.11573088), ('CP4', 0.11143313)]
[2026-05-27 04:40:02]     spatial_update=delta_l2=0.00538496 max_abs=0.00050000 relative=0.00451198 changed=True

[2026-05-27 04:40:03] Fold 3/10 | subject=21
[2026-05-27 04:40:03]     Train: 24 | counts=[12, 12]
[2026-05-27 04:40:03]     Test:  16 | counts=[8, 8]
[2026-05-27 04:40:03]     Model: SignalJEPA_PreLocal | Pretrained: from_pretrained | Strategy: new
[2026-05-27 04:40:03]     Normalization: none | fit_scope=none
[2026-05-27 04:40:03]     Phase 1 (new): 2,170/16,010 params
[2026-05-27 04:40:03]     Result | best_epoch=17 | stop=67 | final_phase_epochs=67 | acc=0.5000 | bal_acc=0.5000 | pred_hist=[8, 8] | collapse=False
[2026-05-27 04:40:03]     spatial_conv=[4, 29] top_abs_channels=[('Pz', 0.14858304), ('O2', 0.14334109), ('T3', 0.1280129), ('O1', 0.12685192), ('C3', 0.12052958), ('T4', 0.12037459), ('CP3', 0.1200895), ('Fp1', 0.10998203)]
[2026-05-27 04:40:03]     spatial_update=delta_l2=0.06900361 max_abs=0.00877288 relative=0.05781719 changed=True

[2026-05-27 04:40:03] Fold 4/10 | subject=21
[2026-05-27 04:40:03]     Train: 24 | counts=[12, 12]
[2026-05-27 04:40:03]     Test:  16 | counts=[8, 8]
[2026-05-27 04:40:03]     Model: SignalJEPA_PreLocal | Pretrained: from_pretrained | Strategy: new
[2026-05-27 04:40:03]     Normalization: none | fit_scope=none
[2026-05-27 04:40:03]     Phase 1 (new): 2,170/16,010 params
[2026-05-27 04:40:05]     Result | best_epoch=322 | stop=372 | final_phase_epochs=372 | acc=0.5000 | bal_acc=0.5000 | pred_hist=[10, 6] | collapse=False
[2026-05-27 04:40:05]     spatial_conv=[4, 29] top_abs_channels=[('Cz', 0.18848307), ('CP3', 0.16610628), ('Oz', 0.15249595), ('Fp1', 0.13164389), ('C3', 0.1309144), ('Pz', 0.11248466), ('P4', 0.11245451), ('T4', 0.11242638)]
[2026-05-27 04:40:05]     spatial_update=delta_l2=1.00399898 max_abs=0.22444467 relative=0.84123710 changed=True

[2026-05-27 04:40:05] Fold 5/10 | subject=21
[2026-05-27 04:40:05]     Train: 24 | counts=[12, 12]
[2026-05-27 04:40:05]     Test:  16 | counts=[8, 8]
[2026-05-27 04:40:05]     Model: SignalJEPA_PreLocal | Pretrained: from_pretrained | Strategy: new
[2026-05-27 04:40:05]     Normalization: none | fit_scope=none
[2026-05-27 04:40:05]     Phase 1 (new): 2,170/16,010 params
[2026-05-27 04:40:05]     Result | best_epoch=1 | stop=51 | final_phase_epochs=51 | acc=0.3750 | bal_acc=0.3750 | pred_hist=[2, 14] | collapse=False
[2026-05-27 04:40:05]     spatial_conv=[4, 29] top_abs_channels=[('Pz', 0.15303898), ('O2', 0.14389138), ('T3', 0.12698479), ('O1', 0.12236211), ('T4', 0.12183774), ('CP3', 0.12137438), ('C3', 0.11498091), ('CP4', 0.11118309)]
[2026-05-27 04:40:05]     spatial_update=delta_l2=0.00538489 max_abs=0.00050000 relative=0.00451193 changed=True

[2026-05-27 04:40:06] Fold 6/10 | subject=21
[2026-05-27 04:40:06]     Train: 24 | counts=[12, 12]
[2026-05-27 04:40:06]     Test:  16 | counts=[8, 8]
[2026-05-27 04:40:06]     Model: SignalJEPA_PreLocal | Pretrained: from_pretrained | Strategy: new
[2026-05-27 04:40:06]     Normalization: none | fit_scope=none
[2026-05-27 04:40:06]     Phase 1 (new): 2,170/16,010 params
[2026-05-27 04:40:06]     Result | best_epoch=10 | stop=58 | final_phase_epochs=58 | acc=0.5625 | bal_acc=0.5625 | pred_hist=[3, 13] | collapse=False
[2026-05-27 04:40:06]     spatial_conv=[4, 29] top_abs_channels=[('Pz', 0.15463763), ('O2', 0.14575949), ('T3', 0.12677355), ('O1', 0.1239865), ('T4', 0.12190732), ('CP3', 0.12031505), ('C3', 0.11512684), ('CP4', 0.11173698)]
[2026-05-27 04:40:06]     spatial_update=delta_l2=0.03205302 max_abs=0.00399722 relative=0.02685679 changed=True

[2026-05-27 04:40:07] Fold 7/10 | subject=21
[2026-05-27 04:40:07]     Train: 24 | counts=[12, 12]
[2026-05-27 04:40:07]     Test:  16 | counts=[8, 8]
[2026-05-27 04:40:07]     Model: SignalJEPA_PreLocal | Pretrained: from_pretrained | Strategy: new
[2026-05-27 04:40:07]     Normalization: none | fit_scope=none
[2026-05-27 04:40:07]     Phase 1 (new): 2,170/16,010 params
[2026-05-27 04:40:07]     Result | best_epoch=2 | stop=52 | final_phase_epochs=52 | acc=0.4375 | bal_acc=0.4375 | pred_hist=[1, 15] | collapse=True
[2026-05-27 04:40:07]     spatial_conv=[4, 29] top_abs_channels=[('Pz', 0.15297845), ('O2', 0.14362746), ('T3', 0.12723002), ('T4', 0.12207387), ('O1', 0.12192284), ('CP3', 0.12133496), ('C3', 0.11565784), ('CP4', 0.11170324)]
[2026-05-27 04:40:07]     spatial_update=delta_l2=0.00947582 max_abs=0.00100066 relative=0.00793966 changed=True

[2026-05-27 04:40:07] Fold 8/10 | subject=21
[2026-05-27 04:40:07]     Train: 24 | counts=[12, 12]
[2026-05-27 04:40:07]     Test:  16 | counts=[8, 8]
[2026-05-27 04:40:07]     Model: SignalJEPA_PreLocal | Pretrained: from_pretrained | Strategy: new
[2026-05-27 04:40:07]     Normalization: none | fit_scope=none
[2026-05-27 04:40:07]     Phase 1 (new): 2,170/16,010 params
[2026-05-27 04:40:08]     Result | best_epoch=177 | stop=227 | final_phase_epochs=227 | acc=0.5000 | bal_acc=0.5000 | pred_hist=[10, 6] | collapse=False
[2026-05-27 04:40:08]     spatial_conv=[4, 29] top_abs_channels=[('CP3', 0.16812858), ('Pz', 0.1626461), ('Fz', 0.13874397), ('O2', 0.13322277), ('Fp1', 0.11929034), ('CP4', 0.11863084), ('Cz', 0.1165892), ('FC4', 0.11518894)]
[2026-05-27 04:40:08]     spatial_update=delta_l2=0.62270691 max_abs=0.12569753 relative=0.52175766 changed=True

[2026-05-27 04:40:09] Fold 9/10 | subject=21
[2026-05-27 04:40:09]     Train: 24 | counts=[12, 12]
[2026-05-27 04:40:09]     Test:  16 | counts=[8, 8]
[2026-05-27 04:40:09]     Model: SignalJEPA_PreLocal | Pretrained: from_pretrained | Strategy: new
[2026-05-27 04:40:09]     Normalization: none | fit_scope=none
[2026-05-27 04:40:09]     Phase 1 (new): 2,170/16,010 params
[2026-05-27 04:40:09]     Result | best_epoch=1 | stop=51 | final_phase_epochs=51 | acc=0.1875 | bal_acc=0.1875 | pred_hist=[5, 11] | collapse=False
[2026-05-27 04:40:09]     spatial_conv=[4, 29] top_abs_channels=[('Pz', 0.15303899), ('O2', 0.14439137), ('T3', 0.12698479), ('T4', 0.12208763), ('O1', 0.12186212), ('CP3', 0.1208744), ('C3', 0.1154809), ('CP4', 0.11093315)]
[2026-05-27 04:40:09]     spatial_update=delta_l2=0.00538490 max_abs=0.00050000 relative=0.00451193 changed=True

[2026-05-27 04:40:10] Fold 10/10 | subject=21
[2026-05-27 04:40:10]     Train: 24 | counts=[12, 12]
[2026-05-27 04:40:10]     Test:  16 | counts=[8, 8]
[2026-05-27 04:40:10]     Model: SignalJEPA_PreLocal | Pretrained: from_pretrained | Strategy: new
[2026-05-27 04:40:10]     Normalization: none | fit_scope=none
[2026-05-27 04:40:10]     Phase 1 (new): 2,170/16,010 params
[2026-05-27 04:40:10]     Result | best_epoch=1 | stop=51 | final_phase_epochs=51 | acc=0.5625 | bal_acc=0.5625 | pred_hist=[1, 15] | collapse=True
[2026-05-27 04:40:10]     spatial_conv=[4, 29] top_abs_channels=[('Pz', 0.15253903), ('O2', 0.14389142), ('T3', 0.12673479), ('O1', 0.12186212), ('T4', 0.1218376), ('CP3', 0.12137438), ('C3', 0.1152309), ('CP4', 0.11093313)]
[2026-05-27 04:40:10]     spatial_update=delta_l2=0.00538489 max_abs=0.00050000 relative=0.00451192 changed=True
[2026-05-27 04:40:10]   Subject 21: acc=0.4437±0.1062  bal_acc=0.4437±0.1062
[2026-05-27 04:40:10] \nSubject 22: 40 windows | class_counts=[20, 20]

[2026-05-27 04:40:11] Fold 1/10 | subject=22
[2026-05-27 04:40:11]     Train: 24 | counts=[12, 12]
[2026-05-27 04:40:11]     Test:  16 | counts=[8, 8]
[2026-05-27 04:40:11]     Model: SignalJEPA_PreLocal | Pretrained: from_pretrained | Strategy: new
[2026-05-27 04:40:11]     Normalization: none | fit_scope=none
[2026-05-27 04:40:11]     Phase 1 (new): 2,170/16,010 params
[2026-05-27 04:40:11]     Result | best_epoch=1 | stop=51 | final_phase_epochs=51 | acc=0.5625 | bal_acc=0.5625 | pred_hist=[1, 15] | collapse=True
[2026-05-27 04:40:11]     spatial_conv=[4, 29] top_abs_channels=[('Pz', 0.15303901), ('O2', 0.14464137), ('T3', 0.12698479), ('T4', 0.12233758), ('O1', 0.12161212), ('CP3', 0.12112439), ('C3', 0.1154809), ('CP4', 0.11118313)]
[2026-05-27 04:40:11]     spatial_update=delta_l2=0.00538506 max_abs=0.00050000 relative=0.00451207 changed=True

[2026-05-27 04:40:11] Fold 2/10 | subject=22
[2026-05-27 04:40:11]     Train: 24 | counts=[12, 12]
[2026-05-27 04:40:11]     Test:  16 | counts=[8, 8]
[2026-05-27 04:40:11]     Model: SignalJEPA_PreLocal | Pretrained: from_pretrained | Strategy: new
[2026-05-27 04:40:11]     Normalization: none | fit_scope=none
[2026-05-27 04:40:11]     Phase 1 (new): 2,170/16,010 params
[2026-05-27 04:40:13]     Result | best_epoch=508 | stop=558 | final_phase_epochs=558 | acc=0.8750 | bal_acc=0.8750 | pred_hist=[10, 6] | collapse=False
[2026-05-27 04:40:13]     spatial_conv=[4, 29] top_abs_channels=[('CP3', 0.15399437), ('FCz', 0.15275344), ('F7', 0.14856341), ('C4', 0.13953593), ('T3', 0.11998059), ('C3', 0.1194364), ('FC4', 0.11352164), ('P3', 0.10680369)]
[2026-05-27 04:40:13]     spatial_update=delta_l2=0.91254776 max_abs=0.22440578 relative=0.76461136 changed=True

[2026-05-27 04:40:14] Fold 3/10 | subject=22
[2026-05-27 04:40:14]     Train: 24 | counts=[12, 12]
[2026-05-27 04:40:14]     Test:  16 | counts=[8, 8]
[2026-05-27 04:40:14]     Model: SignalJEPA_PreLocal | Pretrained: from_pretrained | Strategy: new
[2026-05-27 04:40:14]     Normalization: none | fit_scope=none
[2026-05-27 04:40:14]     Phase 1 (new): 2,170/16,010 params
[2026-05-27 04:40:16]     Result | best_epoch=564 | stop=614 | final_phase_epochs=614 | acc=0.7500 | bal_acc=0.7500 | pred_hist=[6, 10] | collapse=False
[2026-05-27 04:40:16]     spatial_conv=[4, 29] top_abs_channels=[('C3', 0.15134558), ('CP3', 0.14147526), ('Oz', 0.13889749), ('Fz', 0.13841125), ('O2', 0.13834447), ('Pz', 0.12083679), ('F7', 0.11026978), ('T6', 0.10832232)]
[2026-05-27 04:40:16]     spatial_update=delta_l2=0.66991939 max_abs=0.14555472 relative=0.56131635 changed=True

[2026-05-27 04:40:17] Fold 4/10 | subject=22
[2026-05-27 04:40:17]     Train: 24 | counts=[12, 12]
[2026-05-27 04:40:17]     Test:  16 | counts=[8, 8]
[2026-05-27 04:40:17]     Model: SignalJEPA_PreLocal | Pretrained: from_pretrained | Strategy: new
[2026-05-27 04:40:17]     Normalization: none | fit_scope=none
[2026-05-27 04:40:17]     Phase 1 (new): 2,170/16,010 params
[2026-05-27 04:40:17]     Result | best_epoch=84 | stop=133 | final_phase_epochs=133 | acc=0.8750 | bal_acc=0.8750 | pred_hist=[6, 10] | collapse=False
[2026-05-27 04:40:17]     spatial_conv=[4, 29] top_abs_channels=[('O2', 0.14804088), ('Pz', 0.14653614), ('CP3', 0.13397565), ('T3', 0.13334502), ('O1', 0.12519169), ('T4', 0.12262443), ('C3', 0.11405934), ('Fp1', 0.11029185)]
[2026-05-27 04:40:17]     spatial_update=delta_l2=0.23967463 max_abs=0.04345492 relative=0.20082011 changed=True

[2026-05-27 04:40:18] Fold 5/10 | subject=22
[2026-05-27 04:40:18]     Train: 24 | counts=[12, 12]
[2026-05-27 04:40:18]     Test:  16 | counts=[8, 8]
[2026-05-27 04:40:18]     Model: SignalJEPA_PreLocal | Pretrained: from_pretrained | Strategy: new
[2026-05-27 04:40:18]     Normalization: none | fit_scope=none
[2026-05-27 04:40:18]     Phase 1 (new): 2,170/16,010 params
[2026-05-27 04:40:21]     Result | best_epoch=705 | stop=755 | final_phase_epochs=755 | acc=0.7500 | bal_acc=0.7500 | pred_hist=[6, 10] | collapse=False
[2026-05-27 04:40:21]     spatial_conv=[4, 29] top_abs_channels=[('FC4', 0.22931617), ('CP3', 0.15573344), ('T5', 0.14639449), ('T3', 0.1317865), ('F8', 0.12218781), ('TP8', 0.11767592), ('C3', 0.11377744), ('Pz', 0.11022854)]
[2026-05-27 04:40:21]     spatial_update=delta_l2=1.16799520 max_abs=0.31704744 relative=0.97864730 changed=True

[2026-05-27 04:40:21] Fold 6/10 | subject=22
[2026-05-27 04:40:21]     Train: 24 | counts=[12, 12]
[2026-05-27 04:40:21]     Test:  16 | counts=[8, 8]
[2026-05-27 04:40:21]     Model: SignalJEPA_PreLocal | Pretrained: from_pretrained | Strategy: new
[2026-05-27 04:40:21]     Normalization: none | fit_scope=none
[2026-05-27 04:40:21]     Phase 1 (new): 2,170/16,010 params
[2026-05-27 04:40:23]     Result | best_epoch=365 | stop=415 | final_phase_epochs=415 | acc=0.8750 | bal_acc=0.8750 | pred_hist=[10, 6] | collapse=False
[2026-05-27 04:40:23]     spatial_conv=[4, 29] top_abs_channels=[('O2', 0.20110412), ('FC4', 0.16349944), ('C3', 0.15749167), ('CP3', 0.14219183), ('T6', 0.1404666), ('Pz', 0.13196982), ('CP4', 0.12106866), ('TP8', 0.11564226)]
[2026-05-27 04:40:23]     spatial_update=delta_l2=0.83891869 max_abs=0.18425769 relative=0.70291857 changed=True

[2026-05-27 04:40:23] Fold 7/10 | subject=22
[2026-05-27 04:40:23]     Train: 24 | counts=[12, 12]
[2026-05-27 04:40:23]     Test:  16 | counts=[8, 8]
[2026-05-27 04:40:23]     Model: SignalJEPA_PreLocal | Pretrained: from_pretrained | Strategy: new
[2026-05-27 04:40:23]     Normalization: none | fit_scope=none
[2026-05-27 04:40:23]     Phase 1 (new): 2,170/16,010 params
[2026-05-27 04:40:25]     Result | best_epoch=453 | stop=503 | final_phase_epochs=503 | acc=1.0000 | bal_acc=1.0000 | pred_hist=[8, 8] | collapse=False
[2026-05-27 04:40:25]     spatial_conv=[4, 29] top_abs_channels=[('FC4', 0.2119655), ('C4', 0.14961934), ('F8', 0.13911125), ('CP3', 0.12478708), ('P3', 0.11922571), ('Pz', 0.11678898), ('C3', 0.11267223), ('CP4', 0.11019927)]
[2026-05-27 04:40:25]     spatial_update=delta_l2=1.05577489 max_abs=0.24683982 relative=0.88461943 changed=True

[2026-05-27 04:40:25] Fold 8/10 | subject=22
[2026-05-27 04:40:25]     Train: 24 | counts=[12, 12]
[2026-05-27 04:40:25]     Test:  16 | counts=[8, 8]
[2026-05-27 04:40:25]     Model: SignalJEPA_PreLocal | Pretrained: from_pretrained | Strategy: new
[2026-05-27 04:40:25]     Normalization: none | fit_scope=none
[2026-05-27 04:40:25]     Phase 1 (new): 2,170/16,010 params
[2026-05-27 04:40:27]     Result | best_epoch=569 | stop=619 | final_phase_epochs=619 | acc=0.7500 | bal_acc=0.7500 | pred_hist=[10, 6] | collapse=False
[2026-05-27 04:40:27]     spatial_conv=[4, 29] top_abs_channels=[('T6', 0.22234856), ('TP8', 0.17157711), ('FC4', 0.16563624), ('O2', 0.1613141), ('C4', 0.12535475), ('CP3', 0.12321277), ('P4', 0.12049748), ('C3', 0.11657896)]
[2026-05-27 04:40:27]     spatial_update=delta_l2=1.01681612 max_abs=0.25905319 relative=0.85197640 changed=True

[2026-05-27 04:40:28] Fold 9/10 | subject=22
[2026-05-27 04:40:28]     Train: 24 | counts=[12, 12]
[2026-05-27 04:40:28]     Test:  16 | counts=[8, 8]
[2026-05-27 04:40:28]     Model: SignalJEPA_PreLocal | Pretrained: from_pretrained | Strategy: new
[2026-05-27 04:40:28]     Normalization: none | fit_scope=none
[2026-05-27 04:40:28]     Phase 1 (new): 2,170/16,010 params
[2026-05-27 04:40:32]     Result | best_epoch=1236 | stop=1286 | final_phase_epochs=1286 | acc=0.7500 | bal_acc=0.7500 | pred_hist=[8, 8] | collapse=False
[2026-05-27 04:40:32]     spatial_conv=[4, 29] top_abs_channels=[('TP8', 0.23324616), ('FC4', 0.19534117), ('C4', 0.17536521), ('T6', 0.17390633), ('CP3', 0.14235851), ('C3', 0.134203), ('P4', 0.11299286), ('P3', 0.10649825)]
[2026-05-27 04:40:32]     spatial_update=delta_l2=1.19172520 max_abs=0.31883019 relative=0.99853035 changed=True

[2026-05-27 04:40:33] Fold 10/10 | subject=22
[2026-05-27 04:40:33]     Train: 24 | counts=[12, 12]
[2026-05-27 04:40:33]     Test:  16 | counts=[8, 8]
[2026-05-27 04:40:33]     Model: SignalJEPA_PreLocal | Pretrained: from_pretrained | Strategy: new
[2026-05-27 04:40:33]     Normalization: none | fit_scope=none
[2026-05-27 04:40:33]     Phase 1 (new): 2,170/16,010 params
[2026-05-27 04:40:34]     Result | best_epoch=391 | stop=441 | final_phase_epochs=441 | acc=0.8125 | bal_acc=0.8125 | pred_hist=[11, 5] | collapse=False
[2026-05-27 04:40:34]     spatial_conv=[4, 29] top_abs_channels=[('TP8', 0.18292341), ('F7', 0.16053306), ('C3', 0.1472376), ('T6', 0.14651264), ('Fz', 0.13781546), ('CP3', 0.13512748), ('Pz', 0.12568626), ('FC4', 0.12160806)]
[2026-05-27 04:40:34]     spatial_update=delta_l2=0.70846691 max_abs=0.15683158 relative=0.59361480 changed=True
[2026-05-27 04:40:34]   Subject 22: acc=0.8000±0.1111  bal_acc=0.8000±0.1111
[2026-05-27 04:40:34] \nSubject 23: 40 windows | class_counts=[20, 20]

[2026-05-27 04:40:35] Fold 1/10 | subject=23
[2026-05-27 04:40:35]     Train: 24 | counts=[12, 12]
[2026-05-27 04:40:35]     Test:  16 | counts=[8, 8]
[2026-05-27 04:40:35]     Model: SignalJEPA_PreLocal | Pretrained: from_pretrained | Strategy: new
[2026-05-27 04:40:35]     Normalization: none | fit_scope=none
[2026-05-27 04:40:35]     Phase 1 (new): 2,170/16,010 params
[2026-05-27 04:40:35]     Result | best_epoch=1 | stop=51 | final_phase_epochs=51 | acc=0.5000 | bal_acc=0.5000 | pred_hist=[0, 16] | collapse=True
[2026-05-27 04:40:35]     spatial_conv=[4, 29] top_abs_channels=[('Pz', 0.152789), ('O2', 0.14439137), ('T3', 0.12698476), ('T4', 0.12233765), ('O1', 0.12161216), ('CP3', 0.12137442), ('C3', 0.11498091), ('CP4', 0.11068314)]
[2026-05-27 04:40:35]     spatial_update=delta_l2=0.00538461 max_abs=0.00050000 relative=0.00451169 changed=True

[2026-05-27 04:40:35] Fold 2/10 | subject=23
[2026-05-27 04:40:35]     Train: 24 | counts=[12, 12]
[2026-05-27 04:40:35]     Test:  16 | counts=[8, 8]
[2026-05-27 04:40:35]     Model: SignalJEPA_PreLocal | Pretrained: from_pretrained | Strategy: new
[2026-05-27 04:40:35]     Normalization: none | fit_scope=none
[2026-05-27 04:40:35]     Phase 1 (new): 2,170/16,010 params
[2026-05-27 04:40:36]     Result | best_epoch=1 | stop=51 | final_phase_epochs=51 | acc=0.5000 | bal_acc=0.5000 | pred_hist=[0, 16] | collapse=True
[2026-05-27 04:40:36]     spatial_conv=[4, 29] top_abs_channels=[('Pz', 0.15303902), ('O2', 0.14414138), ('T3', 0.12698463), ('T4', 0.1220876), ('O1', 0.12161212), ('CP3', 0.12112446), ('C3', 0.11473095), ('CP4', 0.11068314)]
[2026-05-27 04:40:36]     spatial_update=delta_l2=0.00538487 max_abs=0.00050000 relative=0.00451191 changed=True

[2026-05-27 04:40:36] Fold 3/10 | subject=23
[2026-05-27 04:40:36]     Train: 24 | counts=[12, 12]
[2026-05-27 04:40:36]     Test:  16 | counts=[8, 8]
[2026-05-27 04:40:36]     Model: SignalJEPA_PreLocal | Pretrained: from_pretrained | Strategy: new
[2026-05-27 04:40:36]     Normalization: none | fit_scope=none
[2026-05-27 04:40:36]     Phase 1 (new): 2,170/16,010 params
[2026-05-27 04:40:40]     Result | best_epoch=1030 | stop=1080 | final_phase_epochs=1080 | acc=0.6875 | bal_acc=0.6875 | pred_hist=[7, 9] | collapse=False
[2026-05-27 04:40:40]     spatial_conv=[4, 29] top_abs_channels=[('FC4', 0.17474639), ('C4', 0.17154446), ('FCz', 0.16150272), ('Pz', 0.16131039), ('F4', 0.15667698), ('O2', 0.14656159), ('T6', 0.14392662), ('Fz', 0.1239866)]
[2026-05-27 04:40:40]     spatial_update=delta_l2=1.41337043 max_abs=0.36459409 relative=1.18424387 changed=True

[2026-05-27 04:40:41] Fold 4/10 | subject=23
[2026-05-27 04:40:41]     Train: 24 | counts=[12, 12]
[2026-05-27 04:40:41]     Test:  16 | counts=[8, 8]
[2026-05-27 04:40:41]     Model: SignalJEPA_PreLocal | Pretrained: from_pretrained | Strategy: new
[2026-05-27 04:40:41]     Normalization: none | fit_scope=none
[2026-05-27 04:40:41]     Phase 1 (new): 2,170/16,010 params
[2026-05-27 04:40:46]     Result | best_epoch=1452 | stop=1502 | final_phase_epochs=1502 | acc=0.6250 | bal_acc=0.6250 | pred_hist=[8, 8] | collapse=False
[2026-05-27 04:40:46]     spatial_conv=[4, 29] top_abs_channels=[('FC4', 0.19128701), ('TP8', 0.16594297), ('FCz', 0.15139741), ('CP4', 0.14810652), ('Cz', 0.14655656), ('O1', 0.13824797), ('Fz', 0.13241139), ('Pz', 0.13131648)]
[2026-05-27 04:40:46]     spatial_update=delta_l2=1.45256065 max_abs=0.38970688 relative=1.21708082 changed=True

[2026-05-27 04:40:46] Fold 5/10 | subject=23
[2026-05-27 04:40:46]     Train: 24 | counts=[12, 12]
[2026-05-27 04:40:46]     Test:  16 | counts=[8, 8]
[2026-05-27 04:40:46]     Model: SignalJEPA_PreLocal | Pretrained: from_pretrained | Strategy: new
[2026-05-27 04:40:46]     Normalization: none | fit_scope=none
[2026-05-27 04:40:46]     Phase 1 (new): 2,170/16,010 params
[2026-05-27 04:40:46]     Result | best_epoch=1 | stop=51 | final_phase_epochs=51 | acc=0.5000 | bal_acc=0.5000 | pred_hist=[0, 16] | collapse=True
[2026-05-27 04:40:46]     spatial_conv=[4, 29] top_abs_channels=[('Pz', 0.15303904), ('O2', 0.14414138), ('T3', 0.12673478), ('O1', 0.12236211), ('T4', 0.12233759), ('CP3', 0.12137438), ('C3', 0.1152309), ('CP4', 0.11068312)]
[2026-05-27 04:40:46]     spatial_update=delta_l2=0.00538495 max_abs=0.00050000 relative=0.00451197 changed=True

[2026-05-27 04:40:47] Fold 6/10 | subject=23
[2026-05-27 04:40:47]     Train: 24 | counts=[12, 12]
[2026-05-27 04:40:47]     Test:  16 | counts=[8, 8]
[2026-05-27 04:40:47]     Model: SignalJEPA_PreLocal | Pretrained: from_pretrained | Strategy: new
[2026-05-27 04:40:47]     Normalization: none | fit_scope=none
[2026-05-27 04:40:47]     Phase 1 (new): 2,170/16,010 params
[2026-05-27 04:40:47]     Result | best_epoch=1 | stop=51 | final_phase_epochs=51 | acc=0.4375 | bal_acc=0.4375 | pred_hist=[1, 15] | collapse=True
[2026-05-27 04:40:47]     spatial_conv=[4, 29] top_abs_channels=[('Pz', 0.15278901), ('O2', 0.14464137), ('T3', 0.12698478), ('T4', 0.12233758), ('CP3', 0.12162435), ('O1', 0.12136217), ('C3', 0.1152309), ('CP4', 0.11043314)]
[2026-05-27 04:40:47]     spatial_update=delta_l2=0.00538490 max_abs=0.00050000 relative=0.00451193 changed=True

[2026-05-27 04:40:48] Fold 7/10 | subject=23
[2026-05-27 04:40:48]     Train: 24 | counts=[12, 12]
[2026-05-27 04:40:48]     Test:  16 | counts=[8, 8]
[2026-05-27 04:40:48]     Model: SignalJEPA_PreLocal | Pretrained: from_pretrained | Strategy: new
[2026-05-27 04:40:48]     Normalization: none | fit_scope=none
[2026-05-27 04:40:48]     Phase 1 (new): 2,170/16,010 params
[2026-05-27 04:40:51]     Result | best_epoch=882 | stop=931 | final_phase_epochs=931 | acc=0.5625 | bal_acc=0.5625 | pred_hist=[9, 7] | collapse=False
[2026-05-27 04:40:51]     spatial_conv=[4, 29] top_abs_channels=[('F4', 0.17864239), ('C3', 0.16145563), ('CP3', 0.15364534), ('Fz', 0.14925499), ('O1', 0.13460228), ('FC4', 0.11617384), ('Pz', 0.11361668), ('FT8', 0.11122209)]
[2026-05-27 04:40:51]     spatial_update=delta_l2=1.37299025 max_abs=0.38364960 relative=1.15040986 changed=True

[2026-05-27 04:40:52] Fold 8/10 | subject=23
[2026-05-27 04:40:52]     Train: 24 | counts=[12, 12]
[2026-05-27 04:40:52]     Test:  16 | counts=[8, 8]
[2026-05-27 04:40:52]     Model: SignalJEPA_PreLocal | Pretrained: from_pretrained | Strategy: new
[2026-05-27 04:40:52]     Normalization: none | fit_scope=none
[2026-05-27 04:40:52]     Phase 1 (new): 2,170/16,010 params
[2026-05-27 04:40:52]     Result | best_epoch=1 | stop=51 | final_phase_epochs=51 | acc=0.4375 | bal_acc=0.4375 | pred_hist=[1, 15] | collapse=True
[2026-05-27 04:40:52]     spatial_conv=[4, 29] top_abs_channels=[('Pz', 0.15303901), ('O2', 0.14439137), ('T3', 0.12698472), ('T4', 0.12233759), ('CP3', 0.12162437), ('O1', 0.12136213), ('C3', 0.11498091), ('CP4', 0.11043314)]
[2026-05-27 04:40:52]     spatial_update=delta_l2=0.00538494 max_abs=0.00050000 relative=0.00451197 changed=True

[2026-05-27 04:40:52] Fold 9/10 | subject=23
[2026-05-27 04:40:52]     Train: 24 | counts=[12, 12]
[2026-05-27 04:40:52]     Test:  16 | counts=[8, 8]
[2026-05-27 04:40:52]     Model: SignalJEPA_PreLocal | Pretrained: from_pretrained | Strategy: new
[2026-05-27 04:40:52]     Normalization: none | fit_scope=none
[2026-05-27 04:40:52]     Phase 1 (new): 2,170/16,010 params
[2026-05-27 04:40:53]     Result | best_epoch=1 | stop=51 | final_phase_epochs=51 | acc=0.5000 | bal_acc=0.5000 | pred_hist=[0, 16] | collapse=True
[2026-05-27 04:40:53]     spatial_conv=[4, 29] top_abs_channels=[('Pz', 0.15328884), ('O2', 0.14439136), ('T3', 0.12673476), ('T4', 0.12258758), ('O1', 0.12186212), ('CP3', 0.12162437), ('C3', 0.11498091), ('CP4', 0.11068314)]
[2026-05-27 04:40:53]     spatial_update=delta_l2=0.00538494 max_abs=0.00050000 relative=0.00451197 changed=True

[2026-05-27 04:40:53] Fold 10/10 | subject=23
[2026-05-27 04:40:53]     Train: 24 | counts=[12, 12]
[2026-05-27 04:40:53]     Test:  16 | counts=[8, 8]
[2026-05-27 04:40:53]     Model: SignalJEPA_PreLocal | Pretrained: from_pretrained | Strategy: new
[2026-05-27 04:40:53]     Normalization: none | fit_scope=none
[2026-05-27 04:40:53]     Phase 1 (new): 2,170/16,010 params
[2026-05-27 04:40:53]     Result | best_epoch=1 | stop=51 | final_phase_epochs=51 | acc=0.4375 | bal_acc=0.4375 | pred_hist=[1, 15] | collapse=True
[2026-05-27 04:40:53]     spatial_conv=[4, 29] top_abs_channels=[('Pz', 0.15328901), ('O2', 0.14414138), ('T3', 0.12673469), ('T4', 0.12258758), ('O1', 0.12161212), ('CP3', 0.12112439), ('C3', 0.1149809), ('CP4', 0.11093313)]
[2026-05-27 04:40:53]     spatial_update=delta_l2=0.00538485 max_abs=0.00050000 relative=0.00451189 changed=True
[2026-05-27 04:40:53]   Subject 23: acc=0.5188±0.0793  bal_acc=0.5188±0.0793
[2026-05-27 04:40:53] \nSubject 24: 40 windows | class_counts=[20, 20]

[2026-05-27 04:40:54] Fold 1/10 | subject=24
[2026-05-27 04:40:54]     Train: 24 | counts=[12, 12]
[2026-05-27 04:40:54]     Test:  16 | counts=[8, 8]
[2026-05-27 04:40:54]     Model: SignalJEPA_PreLocal | Pretrained: from_pretrained | Strategy: new
[2026-05-27 04:40:54]     Normalization: none | fit_scope=none
[2026-05-27 04:40:54]     Phase 1 (new): 2,170/16,010 params
[2026-05-27 04:40:54]     Result | best_epoch=1 | stop=51 | final_phase_epochs=51 | acc=0.5000 | bal_acc=0.5000 | pred_hist=[0, 16] | collapse=True
[2026-05-27 04:40:54]     spatial_conv=[4, 29] top_abs_channels=[('Pz', 0.15253901), ('O2', 0.14464137), ('T3', 0.12648471), ('T4', 0.12208756), ('CP3', 0.12162438), ('O1', 0.12161212), ('C3', 0.11473091), ('CP4', 0.1111831)]
[2026-05-27 04:40:54]     spatial_update=delta_l2=0.00538498 max_abs=0.00050000 relative=0.00451200 changed=True

[2026-05-27 04:40:55] Fold 2/10 | subject=24
[2026-05-27 04:40:55]     Train: 24 | counts=[12, 12]
[2026-05-27 04:40:55]     Test:  16 | counts=[8, 8]
[2026-05-27 04:40:55]     Model: SignalJEPA_PreLocal | Pretrained: from_pretrained | Strategy: new
[2026-05-27 04:40:55]     Normalization: none | fit_scope=none
[2026-05-27 04:40:55]     Phase 1 (new): 2,170/16,010 params
[2026-05-27 04:40:57]     Result | best_epoch=455 | stop=504 | final_phase_epochs=504 | acc=0.6875 | bal_acc=0.6875 | pred_hist=[7, 9] | collapse=False
[2026-05-27 04:40:57]     spatial_conv=[4, 29] top_abs_channels=[('Cz', 0.22662765), ('CP3', 0.21758336), ('CP4', 0.17306632), ('T3', 0.16142726), ('Fz', 0.14776516), ('Fp1', 0.12185523), ('C4', 0.11692817), ('P4', 0.10647162)]
[2026-05-27 04:40:57]     spatial_update=delta_l2=1.14039021 max_abs=0.27700684 relative=0.95551745 changed=True

[2026-05-27 04:40:57] Fold 3/10 | subject=24
[2026-05-27 04:40:57]     Train: 24 | counts=[12, 12]
[2026-05-27 04:40:57]     Test:  16 | counts=[8, 8]
[2026-05-27 04:40:57]     Model: SignalJEPA_PreLocal | Pretrained: from_pretrained | Strategy: new
[2026-05-27 04:40:57]     Normalization: none | fit_scope=none
[2026-05-27 04:40:57]     Phase 1 (new): 2,170/16,010 params
[2026-05-27 04:40:57]     Result | best_epoch=1 | stop=51 | final_phase_epochs=51 | acc=0.5000 | bal_acc=0.5000 | pred_hist=[0, 16] | collapse=True
[2026-05-27 04:40:57]     spatial_conv=[4, 29] top_abs_channels=[('Pz', 0.15278906), ('O2', 0.14464137), ('T3', 0.1264848), ('O1', 0.12186214), ('T4', 0.12158762), ('CP3', 0.12137413), ('C3', 0.11523094), ('CP4', 0.11068314)]
[2026-05-27 04:40:57]     spatial_update=delta_l2=0.00538488 max_abs=0.00050000 relative=0.00451191 changed=True

[2026-05-27 04:40:58] Fold 4/10 | subject=24
[2026-05-27 04:40:58]     Train: 24 | counts=[12, 12]
[2026-05-27 04:40:58]     Test:  16 | counts=[8, 8]
[2026-05-27 04:40:58]     Model: SignalJEPA_PreLocal | Pretrained: from_pretrained | Strategy: new
[2026-05-27 04:40:58]     Normalization: none | fit_scope=none
[2026-05-27 04:40:58]     Phase 1 (new): 2,170/16,010 params
[2026-05-27 04:40:58]     Result | best_epoch=25 | stop=73 | final_phase_epochs=73 | acc=0.3750 | bal_acc=0.3750 | pred_hist=[6, 10] | collapse=False
[2026-05-27 04:40:58]     spatial_conv=[4, 29] top_abs_channels=[('O2', 0.14845632), ('Pz', 0.14598911), ('CP3', 0.12919801), ('O1', 0.1208211), ('T4', 0.11635011), ('T3', 0.11628667), ('CP4', 0.11186156), ('Fz', 0.10605659)]
[2026-05-27 04:40:58]     spatial_update=delta_l2=0.09642470 max_abs=0.01201760 relative=0.08079295 changed=True

[2026-05-27 04:40:59] Fold 5/10 | subject=24
[2026-05-27 04:40:59]     Train: 24 | counts=[12, 12]
[2026-05-27 04:40:59]     Test:  16 | counts=[8, 8]
[2026-05-27 04:40:59]     Model: SignalJEPA_PreLocal | Pretrained: from_pretrained | Strategy: new
[2026-05-27 04:40:59]     Normalization: none | fit_scope=none
[2026-05-27 04:40:59]     Phase 1 (new): 2,170/16,010 params
[2026-05-27 04:41:00]     Result | best_epoch=395 | stop=445 | final_phase_epochs=445 | acc=0.5625 | bal_acc=0.5625 | pred_hist=[7, 9] | collapse=False
[2026-05-27 04:41:00]     spatial_conv=[4, 29] top_abs_channels=[('T4', 0.18075541), ('CP3', 0.17890868), ('C4', 0.17428751), ('Cz', 0.15131889), ('Fp2', 0.13364471), ('TP8', 0.12978248), ('FT8', 0.12289362), ('TP7', 0.11395337)]
[2026-05-27 04:41:00]     spatial_update=delta_l2=1.08020193 max_abs=0.24829671 relative=0.90508651 changed=True

[2026-05-27 04:41:02] Fold 6/10 | subject=24
[2026-05-27 04:41:02]     Train: 24 | counts=[12, 12]
[2026-05-27 04:41:02]     Test:  16 | counts=[8, 8]
[2026-05-27 04:41:02]     Model: SignalJEPA_PreLocal | Pretrained: from_pretrained | Strategy: new
[2026-05-27 04:41:02]     Normalization: none | fit_scope=none
[2026-05-27 04:41:02]     Phase 1 (new): 2,170/16,010 params
[2026-05-27 04:41:03]     Result | best_epoch=186 | stop=236 | final_phase_epochs=236 | acc=0.7500 | bal_acc=0.7500 | pred_hist=[8, 8] | collapse=False
[2026-05-27 04:41:03]     spatial_conv=[4, 29] top_abs_channels=[('Pz', 0.19593102), ('Cz', 0.16002619), ('Fz', 0.15813282), ('P3', 0.14399184), ('P4', 0.13216284), ('O2', 0.13139434), ('CP3', 0.11962131), ('FT8', 0.11286896)]
[2026-05-27 04:41:03]     spatial_update=delta_l2=0.65352635 max_abs=0.12370991 relative=0.54758084 changed=True

[2026-05-27 04:41:03] Fold 7/10 | subject=24
[2026-05-27 04:41:03]     Train: 24 | counts=[12, 12]
[2026-05-27 04:41:03]     Test:  16 | counts=[8, 8]
[2026-05-27 04:41:03]     Model: SignalJEPA_PreLocal | Pretrained: from_pretrained | Strategy: new
[2026-05-27 04:41:03]     Normalization: none | fit_scope=none
[2026-05-27 04:41:03]     Phase 1 (new): 2,170/16,010 params
[2026-05-27 04:41:04]     Result | best_epoch=76 | stop=125 | final_phase_epochs=125 | acc=0.3750 | bal_acc=0.3750 | pred_hist=[10, 6] | collapse=False
[2026-05-27 04:41:04]     spatial_conv=[4, 29] top_abs_channels=[('O2', 0.14928114), ('CP3', 0.13803448), ('Pz', 0.13429706), ('CP4', 0.12623337), ('T4', 0.12084266), ('P4', 0.11869433), ('O1', 0.11580986), ('T3', 0.11370996)]
[2026-05-27 04:41:04]     spatial_update=delta_l2=0.28018267 max_abs=0.04583504 relative=0.23476125 changed=True

[2026-05-27 04:41:04] Fold 8/10 | subject=24
[2026-05-27 04:41:04]     Train: 24 | counts=[12, 12]
[2026-05-27 04:41:04]     Test:  16 | counts=[8, 8]
[2026-05-27 04:41:04]     Model: SignalJEPA_PreLocal | Pretrained: from_pretrained | Strategy: new
[2026-05-27 04:41:04]     Normalization: none | fit_scope=none
[2026-05-27 04:41:04]     Phase 1 (new): 2,170/16,010 params
[2026-05-27 04:41:07]     Result | best_epoch=721 | stop=771 | final_phase_epochs=771 | acc=0.2500 | bal_acc=0.2500 | pred_hist=[8, 8] | collapse=False
[2026-05-27 04:41:07]     spatial_conv=[4, 29] top_abs_channels=[('Cz', 0.1900053), ('TP7', 0.16545518), ('FC4', 0.14935111), ('C4', 0.14322025), ('FCz', 0.14251792), ('CP4', 0.13126685), ('C3', 0.13107887), ('Fz', 0.12862848)]
[2026-05-27 04:41:07]     spatial_update=delta_l2=1.33299909 max_abs=0.36885082 relative=1.11690182 changed=True

[2026-05-27 04:41:08] Fold 9/10 | subject=24
[2026-05-27 04:41:08]     Train: 24 | counts=[12, 12]
[2026-05-27 04:41:08]     Test:  16 | counts=[8, 8]
[2026-05-27 04:41:08]     Model: SignalJEPA_PreLocal | Pretrained: from_pretrained | Strategy: new
[2026-05-27 04:41:08]     Normalization: none | fit_scope=none
[2026-05-27 04:41:08]     Phase 1 (new): 2,170/16,010 params
[2026-05-27 04:41:08]     Result | best_epoch=1 | stop=51 | final_phase_epochs=51 | acc=0.5625 | bal_acc=0.5625 | pred_hist=[1, 15] | collapse=True
[2026-05-27 04:41:08]     spatial_conv=[4, 29] top_abs_channels=[('Pz', 0.15303901), ('O2', 0.14414138), ('T3', 0.12648478), ('T4', 0.12233758), ('O1', 0.12211212), ('CP3', 0.12137438), ('C3', 0.11498091), ('CP4', 0.11093313)]
[2026-05-27 04:41:08]     spatial_update=delta_l2=0.00538495 max_abs=0.00050000 relative=0.00451198 changed=True

[2026-05-27 04:41:08] Fold 10/10 | subject=24
[2026-05-27 04:41:08]     Train: 24 | counts=[12, 12]
[2026-05-27 04:41:08]     Test:  16 | counts=[8, 8]
[2026-05-27 04:41:08]     Model: SignalJEPA_PreLocal | Pretrained: from_pretrained | Strategy: new
[2026-05-27 04:41:08]     Normalization: none | fit_scope=none
[2026-05-27 04:41:08]     Phase 1 (new): 2,170/16,010 params
[2026-05-27 04:41:09]     Result | best_epoch=28 | stop=77 | final_phase_epochs=77 | acc=0.5000 | bal_acc=0.5000 | pred_hist=[10, 6] | collapse=False
[2026-05-27 04:41:09]     spatial_conv=[4, 29] top_abs_channels=[('Pz', 0.14794511), ('O2', 0.14720839), ('CP3', 0.13081014), ('T4', 0.11964121), ('O1', 0.11757055), ('T3', 0.11503914), ('P3', 0.11299455), ('T5', 0.11167033)]
[2026-05-27 04:41:09]     spatial_update=delta_l2=0.10311134 max_abs=0.01411581 relative=0.08639559 changed=True
[2026-05-27 04:41:09]   Subject 24: acc=0.5062±0.1410  bal_acc=0.5062±0.1410
[2026-05-27 04:41:09] \nSubject 25: 40 windows | class_counts=[20, 20]

[2026-05-27 04:41:09] Fold 1/10 | subject=25
[2026-05-27 04:41:09]     Train: 24 | counts=[12, 12]
[2026-05-27 04:41:09]     Test:  16 | counts=[8, 8]
[2026-05-27 04:41:09]     Model: SignalJEPA_PreLocal | Pretrained: from_pretrained | Strategy: new
[2026-05-27 04:41:09]     Normalization: none | fit_scope=none
[2026-05-27 04:41:09]     Phase 1 (new): 2,170/16,010 params
[2026-05-27 04:41:09]     Result | best_epoch=1 | stop=51 | final_phase_epochs=51 | acc=0.5000 | bal_acc=0.5000 | pred_hist=[0, 16] | collapse=True
[2026-05-27 04:41:09]     spatial_conv=[4, 29] top_abs_channels=[('Pz', 0.15303907), ('O2', 0.14389138), ('T3', 0.12673481), ('T4', 0.12233758), ('O1', 0.12211214), ('CP3', 0.12137438), ('C3', 0.11473092), ('CP4', 0.11068314)]
[2026-05-27 04:41:09]     spatial_update=delta_l2=0.00538502 max_abs=0.00050000 relative=0.00451203 changed=True

[2026-05-27 04:41:10] Fold 2/10 | subject=25
[2026-05-27 04:41:10]     Train: 24 | counts=[12, 12]
[2026-05-27 04:41:10]     Test:  16 | counts=[8, 8]
[2026-05-27 04:41:10]     Model: SignalJEPA_PreLocal | Pretrained: from_pretrained | Strategy: new
[2026-05-27 04:41:10]     Normalization: none | fit_scope=none
[2026-05-27 04:41:10]     Phase 1 (new): 2,170/16,010 params
[2026-05-27 04:41:11]     Result | best_epoch=277 | stop=327 | final_phase_epochs=327 | acc=0.3125 | bal_acc=0.3125 | pred_hist=[9, 7] | collapse=False
[2026-05-27 04:41:11]     spatial_conv=[4, 29] top_abs_channels=[('CP3', 0.17443848), ('F3', 0.17160562), ('F7', 0.15474188), ('O2', 0.14489621), ('Fz', 0.14453539), ('O1', 0.14367123), ('Pz', 0.14048593), ('FC3', 0.1232622)]
[2026-05-27 04:41:11]     spatial_update=delta_l2=0.77039290 max_abs=0.15799799 relative=0.64550174 changed=True

[2026-05-27 04:41:12] Fold 3/10 | subject=25
[2026-05-27 04:41:12]     Train: 24 | counts=[12, 12]
[2026-05-27 04:41:12]     Test:  16 | counts=[8, 8]
[2026-05-27 04:41:12]     Model: SignalJEPA_PreLocal | Pretrained: from_pretrained | Strategy: new
[2026-05-27 04:41:12]     Normalization: none | fit_scope=none
[2026-05-27 04:41:12]     Phase 1 (new): 2,170/16,010 params
[2026-05-27 04:41:12]     Result | best_epoch=1 | stop=51 | final_phase_epochs=51 | acc=0.5000 | bal_acc=0.5000 | pred_hist=[0, 16] | collapse=True
[2026-05-27 04:41:12]     spatial_conv=[4, 29] top_abs_channels=[('Pz', 0.15328901), ('O2', 0.14389138), ('T3', 0.12648478), ('T4', 0.12233759), ('O1', 0.12186212), ('CP3', 0.1208744), ('C3', 0.11523091), ('CP4', 0.11068314)]
[2026-05-27 04:41:12]     spatial_update=delta_l2=0.00538501 max_abs=0.00050000 relative=0.00451203 changed=True

[2026-05-27 04:41:12] Fold 4/10 | subject=25
[2026-05-27 04:41:12]     Train: 24 | counts=[12, 12]
[2026-05-27 04:41:12]     Test:  16 | counts=[8, 8]
[2026-05-27 04:41:12]     Model: SignalJEPA_PreLocal | Pretrained: from_pretrained | Strategy: new
[2026-05-27 04:41:12]     Normalization: none | fit_scope=none
[2026-05-27 04:41:12]     Phase 1 (new): 2,170/16,010 params
[2026-05-27 04:41:12]     Result | best_epoch=1 | stop=51 | final_phase_epochs=51 | acc=0.5000 | bal_acc=0.5000 | pred_hist=[0, 16] | collapse=True
[2026-05-27 04:41:12]     spatial_conv=[4, 29] top_abs_channels=[('Pz', 0.15303901), ('O2', 0.14414141), ('T3', 0.12698479), ('O1', 0.12211212), ('T4', 0.1220876), ('CP3', 0.12112439), ('C3', 0.11498076), ('CP4', 0.11093313)]
[2026-05-27 04:41:12]     spatial_update=delta_l2=0.00538486 max_abs=0.00050000 relative=0.00451190 changed=True

[2026-05-27 04:41:13] Fold 5/10 | subject=25
[2026-05-27 04:41:13]     Train: 24 | counts=[12, 12]
[2026-05-27 04:41:13]     Test:  16 | counts=[8, 8]
[2026-05-27 04:41:13]     Model: SignalJEPA_PreLocal | Pretrained: from_pretrained | Strategy: new
[2026-05-27 04:41:13]     Normalization: none | fit_scope=none
[2026-05-27 04:41:13]     Phase 1 (new): 2,170/16,010 params
[2026-05-27 04:41:14]     Result | best_epoch=140 | stop=188 | final_phase_epochs=188 | acc=0.3750 | bal_acc=0.3750 | pred_hist=[10, 6] | collapse=False
[2026-05-27 04:41:14]     spatial_conv=[4, 29] top_abs_channels=[('Pz', 0.1563506), ('O1', 0.15350898), ('CP4', 0.14869107), ('Fp1', 0.13229807), ('CP3', 0.12761152), ('T4', 0.12456336), ('O2', 0.1227126), ('FCz', 0.11342278)]
[2026-05-27 04:41:14]     spatial_update=delta_l2=0.48960608 max_abs=0.08799703 relative=0.41023428 changed=True

[2026-05-27 04:41:14] Fold 6/10 | subject=25
[2026-05-27 04:41:14]     Train: 24 | counts=[12, 12]
[2026-05-27 04:41:14]     Test:  16 | counts=[8, 8]
[2026-05-27 04:41:14]     Model: SignalJEPA_PreLocal | Pretrained: from_pretrained | Strategy: new
[2026-05-27 04:41:14]     Normalization: none | fit_scope=none
[2026-05-27 04:41:14]     Phase 1 (new): 2,170/16,010 params
[2026-05-27 04:41:15]     Result | best_epoch=53 | stop=102 | final_phase_epochs=102 | acc=0.3750 | bal_acc=0.3750 | pred_hist=[14, 2] | collapse=False
[2026-05-27 04:41:15]     spatial_conv=[4, 29] top_abs_channels=[('Pz', 0.1589999), ('O2', 0.14976442), ('T4', 0.13554128), ('C3', 0.12634581), ('T3', 0.12245969), ('CP3', 0.12006057), ('O1', 0.11725058), ('FCz', 0.11385793)]
[2026-05-27 04:41:15]     spatial_update=delta_l2=0.17758659 max_abs=0.03038596 relative=0.14879739 changed=True

[2026-05-27 04:41:15] Fold 7/10 | subject=25
[2026-05-27 04:41:15]     Train: 24 | counts=[12, 12]
[2026-05-27 04:41:15]     Test:  16 | counts=[8, 8]
[2026-05-27 04:41:15]     Model: SignalJEPA_PreLocal | Pretrained: from_pretrained | Strategy: new
[2026-05-27 04:41:15]     Normalization: none | fit_scope=none
[2026-05-27 04:41:15]     Phase 1 (new): 2,170/16,010 params
[2026-05-27 04:41:16]     Result | best_epoch=13 | stop=62 | final_phase_epochs=62 | acc=0.3750 | bal_acc=0.3750 | pred_hist=[6, 10] | collapse=False
[2026-05-27 04:41:16]     spatial_conv=[4, 29] top_abs_channels=[('Pz', 0.15390128), ('O2', 0.14197998), ('T3', 0.1286581), ('O1', 0.12483955), ('T4', 0.12154414), ('CP3', 0.11971436), ('C3', 0.11750156), ('CP4', 0.10991558)]
[2026-05-27 04:41:16]     spatial_update=delta_l2=0.05244938 max_abs=0.00608648 relative=0.04394662 changed=True

[2026-05-27 04:41:16] Fold 8/10 | subject=25
[2026-05-27 04:41:16]     Train: 24 | counts=[12, 12]
[2026-05-27 04:41:16]     Test:  16 | counts=[8, 8]
[2026-05-27 04:41:16]     Model: SignalJEPA_PreLocal | Pretrained: from_pretrained | Strategy: new
[2026-05-27 04:41:16]     Normalization: none | fit_scope=none
[2026-05-27 04:41:16]     Phase 1 (new): 2,170/16,010 params
[2026-05-27 04:41:16]     Result | best_epoch=1 | stop=51 | final_phase_epochs=51 | acc=0.5000 | bal_acc=0.5000 | pred_hist=[0, 16] | collapse=True
[2026-05-27 04:41:16]     spatial_conv=[4, 29] top_abs_channels=[('Pz', 0.15303901), ('O2', 0.14389138), ('T3', 0.12698479), ('O1', 0.12236211), ('T4', 0.12233759), ('CP3', 0.12112439), ('C3', 0.11523095), ('CP4', 0.11093309)]
[2026-05-27 04:41:16]     spatial_update=delta_l2=0.00538409 max_abs=0.00050000 relative=0.00451126 changed=True

[2026-05-27 04:41:17] Fold 9/10 | subject=25
[2026-05-27 04:41:17]     Train: 24 | counts=[12, 12]
[2026-05-27 04:41:17]     Test:  16 | counts=[8, 8]
[2026-05-27 04:41:17]     Model: SignalJEPA_PreLocal | Pretrained: from_pretrained | Strategy: new
[2026-05-27 04:41:17]     Normalization: none | fit_scope=none
[2026-05-27 04:41:17]     Phase 1 (new): 2,170/16,010 params
[2026-05-27 04:41:20]     Result | best_epoch=759 | stop=809 | final_phase_epochs=809 | acc=0.2500 | bal_acc=0.2500 | pred_hist=[6, 10] | collapse=False
[2026-05-27 04:41:20]     spatial_conv=[4, 29] top_abs_channels=[('CP3', 0.23078708), ('TP7', 0.20179017), ('FC3', 0.15068723), ('Fz', 0.14757757), ('F8', 0.12924831), ('O2', 0.12719828), ('O1', 0.11320835), ('T3', 0.10672738)]
[2026-05-27 04:41:20]     spatial_update=delta_l2=1.25983448 max_abs=0.34703420 relative=1.05559819 changed=True

[2026-05-27 04:41:20] Fold 10/10 | subject=25
[2026-05-27 04:41:20]     Train: 24 | counts=[12, 12]
[2026-05-27 04:41:20]     Test:  16 | counts=[8, 8]
[2026-05-27 04:41:20]     Model: SignalJEPA_PreLocal | Pretrained: from_pretrained | Strategy: new
[2026-05-27 04:41:20]     Normalization: none | fit_scope=none
[2026-05-27 04:41:20]     Phase 1 (new): 2,170/16,010 params
[2026-05-27 04:41:20]     Result | best_epoch=1 | stop=51 | final_phase_epochs=51 | acc=0.5000 | bal_acc=0.5000 | pred_hist=[0, 16] | collapse=True
[2026-05-27 04:41:20]     spatial_conv=[4, 29] top_abs_channels=[('Pz', 0.15328901), ('O2', 0.14389138), ('T3', 0.12698476), ('O1', 0.12236211), ('T4', 0.12233759), ('CP3', 0.12112439), ('C3', 0.11498092), ('CP4', 0.11093313)]
[2026-05-27 04:41:20]     spatial_update=delta_l2=0.00538507 max_abs=0.00050000 relative=0.00451208 changed=True
[2026-05-27 04:41:20]   Subject 25: acc=0.4188±0.0886  bal_acc=0.4188±0.0886
[2026-05-27 04:41:20] \nSubject 26: 40 windows | class_counts=[20, 20]

[2026-05-27 04:41:21] Fold 1/10 | subject=26
[2026-05-27 04:41:21]     Train: 24 | counts=[12, 12]
[2026-05-27 04:41:21]     Test:  16 | counts=[8, 8]
[2026-05-27 04:41:21]     Model: SignalJEPA_PreLocal | Pretrained: from_pretrained | Strategy: new
[2026-05-27 04:41:21]     Normalization: none | fit_scope=none
[2026-05-27 04:41:21]     Phase 1 (new): 2,170/16,010 params
[2026-05-27 04:41:23]     Result | best_epoch=451 | stop=500 | final_phase_epochs=500 | acc=0.6250 | bal_acc=0.6250 | pred_hist=[8, 8] | collapse=False
[2026-05-27 04:41:23]     spatial_conv=[4, 29] top_abs_channels=[('O2', 0.15776525), ('FT7', 0.14250612), ('T3', 0.13797131), ('FT8', 0.13676089), ('Fz', 0.13213573), ('O1', 0.12846419), ('F7', 0.12830818), ('T4', 0.12587416)]
[2026-05-27 04:41:23]     spatial_update=delta_l2=1.02232146 max_abs=0.30154128 relative=0.85658926 changed=True

[2026-05-27 04:41:23] Fold 2/10 | subject=26
[2026-05-27 04:41:23]     Train: 24 | counts=[12, 12]
[2026-05-27 04:41:23]     Test:  16 | counts=[8, 8]
[2026-05-27 04:41:23]     Model: SignalJEPA_PreLocal | Pretrained: from_pretrained | Strategy: new
[2026-05-27 04:41:23]     Normalization: none | fit_scope=none
[2026-05-27 04:41:23]     Phase 1 (new): 2,170/16,010 params
[2026-05-27 04:41:24]     Result | best_epoch=102 | stop=142 | final_phase_epochs=142 | acc=0.3125 | bal_acc=0.3125 | pred_hist=[11, 5] | collapse=False
[2026-05-27 04:41:24]     spatial_conv=[4, 29] top_abs_channels=[('C3', 0.15623522), ('Pz', 0.14755517), ('CP3', 0.14594701), ('O2', 0.1388374), ('T3', 0.13090813), ('P3', 0.12464935), ('CP4', 0.11846599), ('Fz', 0.1169884)]
[2026-05-27 04:41:24]     spatial_update=delta_l2=0.33247864 max_abs=0.05498272 relative=0.27857933 changed=True

[2026-05-27 04:41:24] Fold 3/10 | subject=26
[2026-05-27 04:41:24]     Train: 24 | counts=[12, 12]
[2026-05-27 04:41:24]     Test:  16 | counts=[8, 8]
[2026-05-27 04:41:24]     Model: SignalJEPA_PreLocal | Pretrained: from_pretrained | Strategy: new
[2026-05-27 04:41:24]     Normalization: none | fit_scope=none
[2026-05-27 04:41:24]     Phase 1 (new): 2,170/16,010 params
[2026-05-27 04:41:25]     Result | best_epoch=1 | stop=51 | final_phase_epochs=51 | acc=0.5000 | bal_acc=0.5000 | pred_hist=[0, 16] | collapse=True
[2026-05-27 04:41:25]     spatial_conv=[4, 29] top_abs_channels=[('Pz', 0.15278903), ('O2', 0.14439137), ('T3', 0.12648487), ('T4', 0.12258758), ('O1', 0.1221121), ('CP3', 0.12162438), ('C3', 0.1152309), ('CP4', 0.11068314)]
[2026-05-27 04:41:25]     spatial_update=delta_l2=0.00538439 max_abs=0.00050000 relative=0.00451151 changed=True

[2026-05-27 04:41:25] Fold 4/10 | subject=26
[2026-05-27 04:41:25]     Train: 24 | counts=[12, 12]
[2026-05-27 04:41:25]     Test:  16 | counts=[8, 8]
[2026-05-27 04:41:25]     Model: SignalJEPA_PreLocal | Pretrained: from_pretrained | Strategy: new
[2026-05-27 04:41:25]     Normalization: none | fit_scope=none
[2026-05-27 04:41:25]     Phase 1 (new): 2,170/16,010 params
[2026-05-27 04:41:27]     Result | best_epoch=469 | stop=519 | final_phase_epochs=519 | acc=0.5000 | bal_acc=0.5000 | pred_hist=[10, 6] | collapse=False
[2026-05-27 04:41:27]     spatial_conv=[4, 29] top_abs_channels=[('CP4', 0.2310518), ('O2', 0.15960026), ('TP8', 0.149863), ('P4', 0.12740095), ('T4', 0.1249693), ('O1', 0.12434591), ('TP7', 0.11635256), ('C4', 0.11479852)]
[2026-05-27 04:41:27]     spatial_update=delta_l2=0.99920921 max_abs=0.26029752 relative=0.83722381 changed=True

[2026-05-27 04:41:28] Fold 5/10 | subject=26
[2026-05-27 04:41:28]     Train: 24 | counts=[12, 12]
[2026-05-27 04:41:28]     Test:  16 | counts=[8, 8]
[2026-05-27 04:41:28]     Model: SignalJEPA_PreLocal | Pretrained: from_pretrained | Strategy: new
[2026-05-27 04:41:28]     Normalization: none | fit_scope=none
[2026-05-27 04:41:28]     Phase 1 (new): 2,170/16,010 params
[2026-05-27 04:41:28]     Result | best_epoch=1 | stop=51 | final_phase_epochs=51 | acc=0.5000 | bal_acc=0.5000 | pred_hist=[0, 16] | collapse=True
[2026-05-27 04:41:28]     spatial_conv=[4, 29] top_abs_channels=[('Pz', 0.15303901), ('O2', 0.14414138), ('T3', 0.12673478), ('T4', 0.12258759), ('O1', 0.12211212), ('CP3', 0.12112439), ('C3', 0.1152309), ('CP4', 0.11093309)]
[2026-05-27 04:41:28]     spatial_update=delta_l2=0.00538499 max_abs=0.00050000 relative=0.00451201 changed=True

[2026-05-27 04:41:28] Fold 6/10 | subject=26
[2026-05-27 04:41:28]     Train: 24 | counts=[12, 12]
[2026-05-27 04:41:28]     Test:  16 | counts=[8, 8]
[2026-05-27 04:41:28]     Model: SignalJEPA_PreLocal | Pretrained: from_pretrained | Strategy: new
[2026-05-27 04:41:28]     Normalization: none | fit_scope=none
[2026-05-27 04:41:28]     Phase 1 (new): 2,170/16,010 params
[2026-05-27 04:41:29]     Result | best_epoch=95 | stop=145 | final_phase_epochs=145 | acc=0.6250 | bal_acc=0.6250 | pred_hist=[12, 4] | collapse=False
[2026-05-27 04:41:29]     spatial_conv=[4, 29] top_abs_channels=[('O2', 0.15179472), ('T4', 0.14386748), ('C3', 0.13624626), ('CP3', 0.13409613), ('Pz', 0.1310252), ('T3', 0.11250158), ('FCz', 0.11227987), ('C4', 0.10564359)]
[2026-05-27 04:41:29]     spatial_update=delta_l2=0.33276102 max_abs=0.05731262 relative=0.27881594 changed=True

[2026-05-27 04:41:30] Fold 7/10 | subject=26
[2026-05-27 04:41:30]     Train: 24 | counts=[12, 12]
[2026-05-27 04:41:30]     Test:  16 | counts=[8, 8]
[2026-05-27 04:41:30]     Model: SignalJEPA_PreLocal | Pretrained: from_pretrained | Strategy: new
[2026-05-27 04:41:30]     Normalization: none | fit_scope=none
[2026-05-27 04:41:30]     Phase 1 (new): 2,170/16,010 params
[2026-05-27 04:41:30]     Result | best_epoch=1 | stop=51 | final_phase_epochs=51 | acc=0.5000 | bal_acc=0.5000 | pred_hist=[0, 16] | collapse=True
[2026-05-27 04:41:30]     spatial_conv=[4, 29] top_abs_channels=[('Pz', 0.15278903), ('O2', 0.14439137), ('T3', 0.12673479), ('T4', 0.1220876), ('O1', 0.12186211), ('CP3', 0.12112442), ('C3', 0.11548087), ('CP4', 0.11068317)]
[2026-05-27 04:41:30]     spatial_update=delta_l2=0.00538496 max_abs=0.00050000 relative=0.00451198 changed=True

[2026-05-27 04:41:30] Fold 8/10 | subject=26
[2026-05-27 04:41:30]     Train: 24 | counts=[12, 12]
[2026-05-27 04:41:30]     Test:  16 | counts=[8, 8]
[2026-05-27 04:41:30]     Model: SignalJEPA_PreLocal | Pretrained: from_pretrained | Strategy: new
[2026-05-27 04:41:30]     Normalization: none | fit_scope=none
[2026-05-27 04:41:30]     Phase 1 (new): 2,170/16,010 params
[2026-05-27 04:41:31]     Result | best_epoch=1 | stop=51 | final_phase_epochs=51 | acc=0.5000 | bal_acc=0.5000 | pred_hist=[0, 16] | collapse=True
[2026-05-27 04:41:31]     spatial_conv=[4, 29] top_abs_channels=[('Pz', 0.15303901), ('O2', 0.144141), ('T3', 0.12698478), ('T4', 0.1218376), ('O1', 0.12161214), ('CP3', 0.12137438), ('C3', 0.1152309), ('CP4', 0.11093324)]
[2026-05-27 04:41:31]     spatial_update=delta_l2=0.00538487 max_abs=0.00050000 relative=0.00451191 changed=True

[2026-05-27 04:41:31] Fold 9/10 | subject=26
[2026-05-27 04:41:31]     Train: 24 | counts=[12, 12]
[2026-05-27 04:41:31]     Test:  16 | counts=[8, 8]
[2026-05-27 04:41:31]     Model: SignalJEPA_PreLocal | Pretrained: from_pretrained | Strategy: new
[2026-05-27 04:41:31]     Normalization: none | fit_scope=none
[2026-05-27 04:41:31]     Phase 1 (new): 2,170/16,010 params
[2026-05-27 04:41:31]     Result | best_epoch=1 | stop=51 | final_phase_epochs=51 | acc=0.5000 | bal_acc=0.5000 | pred_hist=[0, 16] | collapse=True
[2026-05-27 04:41:31]     spatial_conv=[4, 29] top_abs_channels=[('Pz', 0.15303901), ('O2', 0.14389138), ('T3', 0.12698479), ('T4', 0.12233739), ('O1', 0.12186212), ('CP3', 0.12112439), ('C3', 0.1154809), ('CP4', 0.11093313)]
[2026-05-27 04:41:31]     spatial_update=delta_l2=0.00538491 max_abs=0.00050000 relative=0.00451195 changed=True

[2026-05-27 04:41:32] Fold 10/10 | subject=26
[2026-05-27 04:41:32]     Train: 24 | counts=[12, 12]
[2026-05-27 04:41:32]     Test:  16 | counts=[8, 8]
[2026-05-27 04:41:32]     Model: SignalJEPA_PreLocal | Pretrained: from_pretrained | Strategy: new
[2026-05-27 04:41:32]     Normalization: none | fit_scope=none
[2026-05-27 04:41:32]     Phase 1 (new): 2,170/16,010 params
[2026-05-27 04:41:32]     Result | best_epoch=1 | stop=51 | final_phase_epochs=51 | acc=0.5000 | bal_acc=0.5000 | pred_hist=[0, 16] | collapse=True
[2026-05-27 04:41:32]     spatial_conv=[4, 29] top_abs_channels=[('Pz', 0.15278903), ('O2', 0.14414138), ('T3', 0.12673479), ('T4', 0.1220876), ('O1', 0.12161212), ('CP3', 0.12112439), ('C3', 0.11548089), ('CP4', 0.11093309)]
[2026-05-27 04:41:32]     spatial_update=delta_l2=0.00538504 max_abs=0.00050000 relative=0.00451205 changed=True
[2026-05-27 04:41:32]   Subject 26: acc=0.5062±0.0813  bal_acc=0.5062±0.0813
[2026-05-27 04:41:32] \nSubject 27: 40 windows | class_counts=[20, 20]

[2026-05-27 04:41:32] Fold 1/10 | subject=27
[2026-05-27 04:41:32]     Train: 24 | counts=[12, 12]
[2026-05-27 04:41:32]     Test:  16 | counts=[8, 8]
[2026-05-27 04:41:32]     Model: SignalJEPA_PreLocal | Pretrained: from_pretrained | Strategy: new
[2026-05-27 04:41:32]     Normalization: none | fit_scope=none
[2026-05-27 04:41:32]     Phase 1 (new): 2,170/16,010 params
[2026-05-27 04:41:33]     Result | best_epoch=1 | stop=51 | final_phase_epochs=51 | acc=0.5625 | bal_acc=0.5625 | pred_hist=[1, 15] | collapse=True
[2026-05-27 04:41:33]     spatial_conv=[4, 29] top_abs_channels=[('Pz', 0.15303901), ('O2', 0.14414139), ('T3', 0.12698479), ('T4', 0.12233756), ('O1', 0.12136213), ('CP3', 0.1211244), ('C3', 0.1152309), ('CP4', 0.11118313)]
[2026-05-27 04:41:33]     spatial_update=delta_l2=0.00538477 max_abs=0.00050000 relative=0.00451182 changed=True

[2026-05-27 04:41:33] Fold 2/10 | subject=27
[2026-05-27 04:41:33]     Train: 24 | counts=[12, 12]
[2026-05-27 04:41:33]     Test:  16 | counts=[8, 8]
[2026-05-27 04:41:33]     Model: SignalJEPA_PreLocal | Pretrained: from_pretrained | Strategy: new
[2026-05-27 04:41:33]     Normalization: none | fit_scope=none
[2026-05-27 04:41:33]     Phase 1 (new): 2,170/16,010 params
[2026-05-27 04:41:33]     Result | best_epoch=1 | stop=51 | final_phase_epochs=51 | acc=0.5000 | bal_acc=0.5000 | pred_hist=[2, 14] | collapse=False
[2026-05-27 04:41:33]     spatial_conv=[4, 29] top_abs_channels=[('Pz', 0.15328901), ('O2', 0.14439139), ('T3', 0.12673479), ('O1', 0.12236211), ('T4', 0.12183759), ('CP3', 0.12112439), ('C3', 0.1154809), ('CP4', 0.11118313)]
[2026-05-27 04:41:33]     spatial_update=delta_l2=0.00538505 max_abs=0.00050000 relative=0.00451206 changed=True

[2026-05-27 04:41:34] Fold 3/10 | subject=27
[2026-05-27 04:41:34]     Train: 24 | counts=[12, 12]
[2026-05-27 04:41:34]     Test:  16 | counts=[8, 8]
[2026-05-27 04:41:34]     Model: SignalJEPA_PreLocal | Pretrained: from_pretrained | Strategy: new
[2026-05-27 04:41:34]     Normalization: none | fit_scope=none
[2026-05-27 04:41:34]     Phase 1 (new): 2,170/16,010 params
[2026-05-27 04:41:34]     Result | best_epoch=1 | stop=51 | final_phase_epochs=51 | acc=0.6250 | bal_acc=0.6250 | pred_hist=[2, 14] | collapse=False
[2026-05-27 04:41:34]     spatial_conv=[4, 29] top_abs_channels=[('Pz', 0.15328901), ('O2', 0.14389141), ('T3', 0.12698479), ('T4', 0.12233758), ('O1', 0.12136213), ('CP3', 0.12087439), ('C3', 0.1152309), ('CP4', 0.11093313)]
[2026-05-27 04:41:34]     spatial_update=delta_l2=0.00538506 max_abs=0.00050000 relative=0.00451207 changed=True

[2026-05-27 04:41:35] Fold 4/10 | subject=27
[2026-05-27 04:41:35]     Train: 24 | counts=[12, 12]
[2026-05-27 04:41:35]     Test:  16 | counts=[8, 8]
[2026-05-27 04:41:35]     Model: SignalJEPA_PreLocal | Pretrained: from_pretrained | Strategy: new
[2026-05-27 04:41:35]     Normalization: none | fit_scope=none
[2026-05-27 04:41:35]     Phase 1 (new): 2,170/16,010 params
[2026-05-27 04:41:35]     Result | best_epoch=1 | stop=51 | final_phase_epochs=51 | acc=0.5625 | bal_acc=0.5625 | pred_hist=[1, 15] | collapse=True
[2026-05-27 04:41:35]     spatial_conv=[4, 29] top_abs_channels=[('Pz', 0.15278904), ('O2', 0.14464132), ('T3', 0.12673479), ('T4', 0.12233759), ('O1', 0.12186212), ('CP3', 0.12137438), ('C3', 0.1152309), ('CP4', 0.11093314)]
[2026-05-27 04:41:35]     spatial_update=delta_l2=0.00538501 max_abs=0.00050000 relative=0.00451202 changed=True

[2026-05-27 04:41:35] Fold 5/10 | subject=27
[2026-05-27 04:41:35]     Train: 24 | counts=[12, 12]
[2026-05-27 04:41:35]     Test:  16 | counts=[8, 8]
[2026-05-27 04:41:35]     Model: SignalJEPA_PreLocal | Pretrained: from_pretrained | Strategy: new
[2026-05-27 04:41:35]     Normalization: none | fit_scope=none
[2026-05-27 04:41:35]     Phase 1 (new): 2,170/16,010 params
[2026-05-27 04:41:36]     Result | best_epoch=1 | stop=51 | final_phase_epochs=51 | acc=0.5000 | bal_acc=0.5000 | pred_hist=[2, 14] | collapse=False
[2026-05-27 04:41:36]     spatial_conv=[4, 29] top_abs_channels=[('Pz', 0.15328902), ('O2', 0.14414138), ('T3', 0.12673479), ('O1', 0.12186212), ('T4', 0.12183759), ('CP3', 0.12062441), ('C3', 0.1154809), ('CP4', 0.11118313)]
[2026-05-27 04:41:36]     spatial_update=delta_l2=0.00538505 max_abs=0.00050000 relative=0.00451206 changed=True

[2026-05-27 04:41:36] Fold 6/10 | subject=27
[2026-05-27 04:41:36]     Train: 24 | counts=[12, 12]
[2026-05-27 04:41:36]     Test:  16 | counts=[8, 8]
[2026-05-27 04:41:36]     Model: SignalJEPA_PreLocal | Pretrained: from_pretrained | Strategy: new
[2026-05-27 04:41:36]     Normalization: none | fit_scope=none
[2026-05-27 04:41:36]     Phase 1 (new): 2,170/16,010 params
[2026-05-27 04:41:36]     Result | best_epoch=1 | stop=51 | final_phase_epochs=51 | acc=0.5000 | bal_acc=0.5000 | pred_hist=[2, 14] | collapse=False
[2026-05-27 04:41:36]     spatial_conv=[4, 29] top_abs_channels=[('Pz', 0.15303904), ('O2', 0.14464137), ('T3', 0.12698479), ('T4', 0.12233758), ('O1', 0.12136213), ('CP3', 0.1208744), ('C3', 0.1152309), ('CP4', 0.11118317)]
[2026-05-27 04:41:36]     spatial_update=delta_l2=0.00538501 max_abs=0.00050000 relative=0.00451203 changed=True

[2026-05-27 04:41:37] Fold 7/10 | subject=27
[2026-05-27 04:41:37]     Train: 24 | counts=[12, 12]
[2026-05-27 04:41:37]     Test:  16 | counts=[8, 8]
[2026-05-27 04:41:37]     Model: SignalJEPA_PreLocal | Pretrained: from_pretrained | Strategy: new
[2026-05-27 04:41:37]     Normalization: none | fit_scope=none
[2026-05-27 04:41:37]     Phase 1 (new): 2,170/16,010 params
[2026-05-27 04:41:37]     Result | best_epoch=1 | stop=51 | final_phase_epochs=51 | acc=0.5625 | bal_acc=0.5625 | pred_hist=[1, 15] | collapse=True
[2026-05-27 04:41:37]     spatial_conv=[4, 29] top_abs_channels=[('Pz', 0.15328901), ('O2', 0.14414118), ('T3', 0.12673476), ('T4', 0.12233758), ('O1', 0.12161212), ('CP3', 0.1206244), ('C3', 0.1154809), ('CP4', 0.11093313)]
[2026-05-27 04:41:37]     spatial_update=delta_l2=0.00538496 max_abs=0.00050000 relative=0.00451199 changed=True

[2026-05-27 04:41:37] Fold 8/10 | subject=27
[2026-05-27 04:41:37]     Train: 24 | counts=[12, 12]
[2026-05-27 04:41:37]     Test:  16 | counts=[8, 8]
[2026-05-27 04:41:37]     Model: SignalJEPA_PreLocal | Pretrained: from_pretrained | Strategy: new
[2026-05-27 04:41:37]     Normalization: none | fit_scope=none
[2026-05-27 04:41:37]     Phase 1 (new): 2,170/16,010 params
[2026-05-27 04:41:38]     Result | best_epoch=1 | stop=51 | final_phase_epochs=51 | acc=0.5625 | bal_acc=0.5625 | pred_hist=[3, 13] | collapse=False
[2026-05-27 04:41:38]     spatial_conv=[4, 29] top_abs_channels=[('Pz', 0.15303902), ('O2', 0.14464137), ('T3', 0.1264848), ('T4', 0.12233753), ('O1', 0.12186212), ('CP3', 0.1208744), ('C3', 0.1157309), ('CP4', 0.11093313)]
[2026-05-27 04:41:38]     spatial_update=delta_l2=0.00538507 max_abs=0.00050000 relative=0.00451207 changed=True

[2026-05-27 04:41:38] Fold 9/10 | subject=27
[2026-05-27 04:41:38]     Train: 24 | counts=[12, 12]
[2026-05-27 04:41:38]     Test:  16 | counts=[8, 8]
[2026-05-27 04:41:38]     Model: SignalJEPA_PreLocal | Pretrained: from_pretrained | Strategy: new
[2026-05-27 04:41:38]     Normalization: none | fit_scope=none
[2026-05-27 04:41:38]     Phase 1 (new): 2,170/16,010 params
[2026-05-27 04:41:38]     Result | best_epoch=1 | stop=51 | final_phase_epochs=51 | acc=0.4375 | bal_acc=0.4375 | pred_hist=[1, 15] | collapse=True
[2026-05-27 04:41:38]     spatial_conv=[4, 29] top_abs_channels=[('Pz', 0.15278901), ('O2', 0.14414138), ('T3', 0.12698479), ('T4', 0.12258759), ('O1', 0.12211211), ('CP3', 0.1211248), ('C3', 0.1154809), ('CP4', 0.11093315)]
[2026-05-27 04:41:38]     spatial_update=delta_l2=0.00538488 max_abs=0.00050000 relative=0.00451192 changed=True

[2026-05-27 04:41:39] Fold 10/10 | subject=27
[2026-05-27 04:41:39]     Train: 24 | counts=[12, 12]
[2026-05-27 04:41:39]     Test:  16 | counts=[8, 8]
[2026-05-27 04:41:39]     Model: SignalJEPA_PreLocal | Pretrained: from_pretrained | Strategy: new
[2026-05-27 04:41:39]     Normalization: none | fit_scope=none
[2026-05-27 04:41:39]     Phase 1 (new): 2,170/16,010 params
[2026-05-27 04:41:39]     Result | best_epoch=100 | stop=146 | final_phase_epochs=146 | acc=0.3750 | bal_acc=0.3750 | pred_hist=[12, 4] | collapse=False
[2026-05-27 04:41:39]     spatial_conv=[4, 29] top_abs_channels=[('O2', 0.14822409), ('Pz', 0.14771272), ('O1', 0.14104886), ('CP3', 0.13799046), ('T4', 0.13284141), ('CP4', 0.1297859), ('P3', 0.12456702), ('Fp1', 0.12143961)]
[2026-05-27 04:41:39]     spatial_update=delta_l2=0.31606011 max_abs=0.05837105 relative=0.26482247 changed=True
[2026-05-27 04:41:39]   Subject 27: acc=0.5188±0.0688  bal_acc=0.5188±0.0688
[2026-05-27 04:41:39] \nSubject 28: 40 windows | class_counts=[20, 20]

[2026-05-27 04:41:40] Fold 1/10 | subject=28
[2026-05-27 04:41:40]     Train: 24 | counts=[12, 12]
[2026-05-27 04:41:40]     Test:  16 | counts=[8, 8]
[2026-05-27 04:41:40]     Model: SignalJEPA_PreLocal | Pretrained: from_pretrained | Strategy: new
[2026-05-27 04:41:40]     Normalization: none | fit_scope=none
[2026-05-27 04:41:40]     Phase 1 (new): 2,170/16,010 params
[2026-05-27 04:41:40]     Result | best_epoch=82 | stop=132 | final_phase_epochs=132 | acc=0.5625 | bal_acc=0.5625 | pred_hist=[7, 9] | collapse=False
[2026-05-27 04:41:40]     spatial_conv=[4, 29] top_abs_channels=[('O2', 0.16386093), ('Pz', 0.14371879), ('T3', 0.14162539), ('CP3', 0.14044937), ('O1', 0.13165773), ('T4', 0.11792152), ('Fz', 0.10893574), ('C4', 0.1076332)]
[2026-05-27 04:41:40]     spatial_update=delta_l2=0.28772642 max_abs=0.04742044 relative=0.24108205 changed=True

[2026-05-27 04:41:41] Fold 2/10 | subject=28
[2026-05-27 04:41:41]     Train: 24 | counts=[12, 12]
[2026-05-27 04:41:41]     Test:  16 | counts=[8, 8]
[2026-05-27 04:41:41]     Model: SignalJEPA_PreLocal | Pretrained: from_pretrained | Strategy: new
[2026-05-27 04:41:41]     Normalization: none | fit_scope=none
[2026-05-27 04:41:41]     Phase 1 (new): 2,170/16,010 params
[2026-05-27 04:41:41]     Result | best_epoch=1 | stop=51 | final_phase_epochs=51 | acc=0.5000 | bal_acc=0.5000 | pred_hist=[0, 16] | collapse=True
[2026-05-27 04:41:41]     spatial_conv=[4, 29] top_abs_channels=[('Pz', 0.15303901), ('O2', 0.14389138), ('T3', 0.12698478), ('T4', 0.12233756), ('O1', 0.12186212), ('CP3', 0.12112439), ('C3', 0.11498091), ('CP4', 0.11118308)]
[2026-05-27 04:41:41]     spatial_update=delta_l2=0.00538503 max_abs=0.00050000 relative=0.00451204 changed=True

[2026-05-27 04:41:42] Fold 3/10 | subject=28
[2026-05-27 04:41:42]     Train: 24 | counts=[12, 12]
[2026-05-27 04:41:42]     Test:  16 | counts=[8, 8]
[2026-05-27 04:41:42]     Model: SignalJEPA_PreLocal | Pretrained: from_pretrained | Strategy: new
[2026-05-27 04:41:42]     Normalization: none | fit_scope=none
[2026-05-27 04:41:42]     Phase 1 (new): 2,170/16,010 params
[2026-05-27 04:41:42]     Result | best_epoch=1 | stop=51 | final_phase_epochs=51 | acc=0.5000 | bal_acc=0.5000 | pred_hist=[0, 16] | collapse=True
[2026-05-27 04:41:42]     spatial_conv=[4, 29] top_abs_channels=[('Pz', 0.15328899), ('O2', 0.14464131), ('T3', 0.12698478), ('O1', 0.12211212), ('T4', 0.12183757), ('CP3', 0.12087439), ('C3', 0.1152309), ('CP4', 0.11118312)]
[2026-05-27 04:41:42]     spatial_update=delta_l2=0.00538476 max_abs=0.00050000 relative=0.00451182 changed=True

[2026-05-27 04:41:43] Fold 4/10 | subject=28
[2026-05-27 04:41:43]     Train: 24 | counts=[12, 12]
[2026-05-27 04:41:43]     Test:  16 | counts=[8, 8]
[2026-05-27 04:41:43]     Model: SignalJEPA_PreLocal | Pretrained: from_pretrained | Strategy: new
[2026-05-27 04:41:43]     Normalization: none | fit_scope=none
[2026-05-27 04:41:43]     Phase 1 (new): 2,170/16,010 params
[2026-05-27 04:41:45]     Result | best_epoch=736 | stop=785 | final_phase_epochs=785 | acc=0.5625 | bal_acc=0.5625 | pred_hist=[9, 7] | collapse=False
[2026-05-27 04:41:45]     spatial_conv=[4, 29] top_abs_channels=[('C3', 0.17110914), ('C4', 0.15938088), ('F7', 0.15242615), ('F3', 0.14715752), ('CP3', 0.12864548), ('FC4', 0.12846893), ('TP7', 0.12793295), ('T4', 0.12346344)]
[2026-05-27 04:41:45]     spatial_update=delta_l2=1.35691365 max_abs=0.30428521 relative=1.13693950 changed=True

[2026-05-27 04:41:46] Fold 5/10 | subject=28
[2026-05-27 04:41:46]     Train: 24 | counts=[12, 12]
[2026-05-27 04:41:46]     Test:  16 | counts=[8, 8]
[2026-05-27 04:41:46]     Model: SignalJEPA_PreLocal | Pretrained: from_pretrained | Strategy: new
[2026-05-27 04:41:46]     Normalization: none | fit_scope=none
[2026-05-27 04:41:46]     Phase 1 (new): 2,170/16,010 params
[2026-05-27 04:41:46]     Result | best_epoch=49 | stop=98 | final_phase_epochs=98 | acc=0.3750 | bal_acc=0.3750 | pred_hist=[12, 4] | collapse=False
[2026-05-27 04:41:46]     spatial_conv=[4, 29] top_abs_channels=[('O2', 0.16088046), ('Pz', 0.14623886), ('T4', 0.12930928), ('CP3', 0.12332751), ('Fp1', 0.12310359), ('T3', 0.11302461), ('O1', 0.10996807), ('P4', 0.10888667)]
[2026-05-27 04:41:46]     spatial_update=delta_l2=0.19965175 max_abs=0.02731664 relative=0.16728549 changed=True

[2026-05-27 04:41:47] Fold 6/10 | subject=28
[2026-05-27 04:41:47]     Train: 24 | counts=[12, 12]
[2026-05-27 04:41:47]     Test:  16 | counts=[8, 8]
[2026-05-27 04:41:47]     Model: SignalJEPA_PreLocal | Pretrained: from_pretrained | Strategy: new
[2026-05-27 04:41:47]     Normalization: none | fit_scope=none
[2026-05-27 04:41:47]     Phase 1 (new): 2,170/16,010 params
[2026-05-27 04:41:48]     Result | best_epoch=276 | stop=326 | final_phase_epochs=326 | acc=0.5000 | bal_acc=0.5000 | pred_hist=[8, 8] | collapse=False
[2026-05-27 04:41:48]     spatial_conv=[4, 29] top_abs_channels=[('T4', 0.1866183), ('P4', 0.17135268), ('Pz', 0.15418446), ('F7', 0.15055224), ('FC4', 0.138919), ('O1', 0.13862939), ('O2', 0.13822269), ('FCz', 0.13426115)]
[2026-05-27 04:41:48]     spatial_update=delta_l2=0.89536892 max_abs=0.18229512 relative=0.75021745 changed=True

[2026-05-27 04:41:49] Fold 7/10 | subject=28
[2026-05-27 04:41:49]     Train: 24 | counts=[12, 12]
[2026-05-27 04:41:49]     Test:  16 | counts=[8, 8]
[2026-05-27 04:41:49]     Model: SignalJEPA_PreLocal | Pretrained: from_pretrained | Strategy: new
[2026-05-27 04:41:49]     Normalization: none | fit_scope=none
[2026-05-27 04:41:49]     Phase 1 (new): 2,170/16,010 params
[2026-05-27 04:41:50]     Result | best_epoch=123 | stop=172 | final_phase_epochs=172 | acc=0.3125 | bal_acc=0.3125 | pred_hist=[9, 7] | collapse=False
[2026-05-27 04:41:50]     spatial_conv=[4, 29] top_abs_channels=[('O2', 0.16187108), ('T4', 0.15289183), ('Pz', 0.14862056), ('Fp1', 0.13675657), ('O1', 0.1360683), ('C3', 0.11756171), ('FCz', 0.1168674), ('T5', 0.11441375)]
[2026-05-27 04:41:50]     spatial_update=delta_l2=0.44575484 max_abs=0.08017550 relative=0.37349192 changed=True

[2026-05-27 04:41:50] Fold 8/10 | subject=28
[2026-05-27 04:41:50]     Train: 24 | counts=[12, 12]
[2026-05-27 04:41:50]     Test:  16 | counts=[8, 8]
[2026-05-27 04:41:50]     Model: SignalJEPA_PreLocal | Pretrained: from_pretrained | Strategy: new
[2026-05-27 04:41:50]     Normalization: none | fit_scope=none
[2026-05-27 04:41:50]     Phase 1 (new): 2,170/16,010 params
[2026-05-27 04:41:51]     Result | best_epoch=276 | stop=326 | final_phase_epochs=326 | acc=0.5625 | bal_acc=0.5625 | pred_hist=[9, 7] | collapse=False
[2026-05-27 04:41:51]     spatial_conv=[4, 29] top_abs_channels=[('T4', 0.18117666), ('O2', 0.15976086), ('T6', 0.13284603), ('Fp1', 0.12909715), ('CP4', 0.12852769), ('TP8', 0.11756974), ('Pz', 0.10629605), ('C3', 0.10200654)]
[2026-05-27 04:41:51]     spatial_update=delta_l2=0.85194106 max_abs=0.17679152 relative=0.71382984 changed=True

[2026-05-27 04:41:52] Fold 9/10 | subject=28
[2026-05-27 04:41:52]     Train: 24 | counts=[12, 12]
[2026-05-27 04:41:52]     Test:  16 | counts=[8, 8]
[2026-05-27 04:41:52]     Model: SignalJEPA_PreLocal | Pretrained: from_pretrained | Strategy: new
[2026-05-27 04:41:52]     Normalization: none | fit_scope=none
[2026-05-27 04:41:52]     Phase 1 (new): 2,170/16,010 params
[2026-05-27 04:41:52]     Result | best_epoch=1 | stop=51 | final_phase_epochs=51 | acc=0.5000 | bal_acc=0.5000 | pred_hist=[0, 16] | collapse=True
[2026-05-27 04:41:52]     spatial_conv=[4, 29] top_abs_channels=[('Pz', 0.15303904), ('O2', 0.14389138), ('T3', 0.12723474), ('T4', 0.12208764), ('O1', 0.12186213), ('CP3', 0.12112439), ('C3', 0.1154809), ('CP4', 0.11118314)]
[2026-05-27 04:41:52]     spatial_update=delta_l2=0.00538498 max_abs=0.00050000 relative=0.00451200 changed=True

[2026-05-27 04:41:53] Fold 10/10 | subject=28
[2026-05-27 04:41:53]     Train: 24 | counts=[12, 12]
[2026-05-27 04:41:53]     Test:  16 | counts=[8, 8]
[2026-05-27 04:41:53]     Model: SignalJEPA_PreLocal | Pretrained: from_pretrained | Strategy: new
[2026-05-27 04:41:53]     Normalization: none | fit_scope=none
[2026-05-27 04:41:53]     Phase 1 (new): 2,170/16,010 params
[2026-05-27 04:41:54]     Result | best_epoch=192 | stop=242 | final_phase_epochs=242 | acc=0.5625 | bal_acc=0.5625 | pred_hist=[9, 7] | collapse=False
[2026-05-27 04:41:54]     spatial_conv=[4, 29] top_abs_channels=[('O2', 0.19529501), ('T4', 0.14973831), ('T3', 0.14881919), ('CP3', 0.13704503), ('FT7', 0.13295531), ('P4', 0.12089172), ('F7', 0.1167244), ('Pz', 0.11606783)]
[2026-05-27 04:41:54]     spatial_update=delta_l2=0.64989062 max_abs=0.11973482 relative=0.54453452 changed=True
[2026-05-27 04:41:54]   Subject 28: acc=0.4938±0.0813  bal_acc=0.4938±0.0813
[2026-05-27 04:41:54] \nSubject 29: 40 windows | class_counts=[20, 20]

[2026-05-27 04:41:54] Fold 1/10 | subject=29
[2026-05-27 04:41:54]     Train: 24 | counts=[12, 12]
[2026-05-27 04:41:54]     Test:  16 | counts=[8, 8]
[2026-05-27 04:41:54]     Model: SignalJEPA_PreLocal | Pretrained: from_pretrained | Strategy: new
[2026-05-27 04:41:54]     Normalization: none | fit_scope=none
[2026-05-27 04:41:54]     Phase 1 (new): 2,170/16,010 params
[2026-05-27 04:41:55]     Result | best_epoch=1 | stop=51 | final_phase_epochs=51 | acc=0.5000 | bal_acc=0.5000 | pred_hist=[0, 16] | collapse=True
[2026-05-27 04:41:55]     spatial_conv=[4, 29] top_abs_channels=[('Pz', 0.15278901), ('O2', 0.14439137), ('T3', 0.12648478), ('T4', 0.12183761), ('CP3', 0.12137438), ('O1', 0.12136214), ('C3', 0.11498091), ('CP4', 0.11118312)]
[2026-05-27 04:41:55]     spatial_update=delta_l2=0.00538080 max_abs=0.00050000 relative=0.00450850 changed=True

[2026-05-27 04:41:55] Fold 2/10 | subject=29
[2026-05-27 04:41:55]     Train: 24 | counts=[12, 12]
[2026-05-27 04:41:55]     Test:  16 | counts=[8, 8]
[2026-05-27 04:41:55]     Model: SignalJEPA_PreLocal | Pretrained: from_pretrained | Strategy: new
[2026-05-27 04:41:55]     Normalization: none | fit_scope=none
[2026-05-27 04:41:55]     Phase 1 (new): 2,170/16,010 params
[2026-05-27 04:41:55]     Result | best_epoch=1 | stop=51 | final_phase_epochs=51 | acc=0.5000 | bal_acc=0.5000 | pred_hist=[0, 16] | collapse=True
[2026-05-27 04:41:55]     spatial_conv=[4, 29] top_abs_channels=[('Pz', 0.15303902), ('O2', 0.14439137), ('T3', 0.12673478), ('T4', 0.12208759), ('O1', 0.12136213), ('CP3', 0.12112439), ('C3', 0.11523093), ('CP4', 0.11093313)]
[2026-05-27 04:41:55]     spatial_update=delta_l2=0.00538499 max_abs=0.00050000 relative=0.00451201 changed=True

[2026-05-27 04:41:56] Fold 3/10 | subject=29
[2026-05-27 04:41:56]     Train: 24 | counts=[12, 12]
[2026-05-27 04:41:56]     Test:  16 | counts=[8, 8]
[2026-05-27 04:41:56]     Model: SignalJEPA_PreLocal | Pretrained: from_pretrained | Strategy: new
[2026-05-27 04:41:56]     Normalization: none | fit_scope=none
[2026-05-27 04:41:56]     Phase 1 (new): 2,170/16,010 params
[2026-05-27 04:41:56]     Result | best_epoch=1 | stop=51 | final_phase_epochs=51 | acc=0.5000 | bal_acc=0.5000 | pred_hist=[0, 16] | collapse=True
[2026-05-27 04:41:56]     spatial_conv=[4, 29] top_abs_channels=[('Pz', 0.15328899), ('O2', 0.14464135), ('T3', 0.12673482), ('O1', 0.12161212), ('T4', 0.1215876), ('CP3', 0.12112439), ('C3', 0.11523092), ('CP4', 0.11118313)]
[2026-05-27 04:41:56]     spatial_update=delta_l2=0.00538498 max_abs=0.00050000 relative=0.00451200 changed=True

[2026-05-27 04:41:56] Fold 4/10 | subject=29
[2026-05-27 04:41:56]     Train: 24 | counts=[12, 12]
[2026-05-27 04:41:56]     Test:  16 | counts=[8, 8]
[2026-05-27 04:41:56]     Model: SignalJEPA_PreLocal | Pretrained: from_pretrained | Strategy: new
[2026-05-27 04:41:56]     Normalization: none | fit_scope=none
[2026-05-27 04:41:56]     Phase 1 (new): 2,170/16,010 params
[2026-05-27 04:41:57]     Result | best_epoch=1 | stop=51 | final_phase_epochs=51 | acc=0.5000 | bal_acc=0.5000 | pred_hist=[0, 16] | collapse=True
[2026-05-27 04:41:57]     spatial_conv=[4, 29] top_abs_channels=[('Pz', 0.15303902), ('O2', 0.14439136), ('T3', 0.12698478), ('O1', 0.12211212), ('T4', 0.1218376), ('CP3', 0.12137435), ('C3', 0.1152309), ('CP4', 0.11093313)]
[2026-05-27 04:41:57]     spatial_update=delta_l2=0.00538505 max_abs=0.00050000 relative=0.00451206 changed=True

[2026-05-27 04:41:57] Fold 5/10 | subject=29
[2026-05-27 04:41:57]     Train: 24 | counts=[12, 12]
[2026-05-27 04:41:57]     Test:  16 | counts=[8, 8]
[2026-05-27 04:41:57]     Model: SignalJEPA_PreLocal | Pretrained: from_pretrained | Strategy: new
[2026-05-27 04:41:57]     Normalization: none | fit_scope=none
[2026-05-27 04:41:57]     Phase 1 (new): 2,170/16,010 params
[2026-05-27 04:42:04]     Result | best_epoch=1973 | stop=2023 | final_phase_epochs=2023 | acc=0.3125 | bal_acc=0.3125 | pred_hist=[7, 9] | collapse=False
[2026-05-27 04:42:04]     spatial_conv=[4, 29] top_abs_channels=[('T3', 0.22719251), ('O2', 0.19421151), ('P4', 0.17784218), ('T4', 0.15832025), ('Oz', 0.12404624), ('F4', 0.11582379), ('TP8', 0.08895569), ('FC4', 0.08718913)]
[2026-05-27 04:42:04]     spatial_update=delta_l2=1.36722266 max_abs=0.42343506 relative=1.14557728 changed=True

[2026-05-27 04:42:05] Fold 6/10 | subject=29
[2026-05-27 04:42:05]     Train: 24 | counts=[12, 12]
[2026-05-27 04:42:05]     Test:  16 | counts=[8, 8]
[2026-05-27 04:42:05]     Model: SignalJEPA_PreLocal | Pretrained: from_pretrained | Strategy: new
[2026-05-27 04:42:05]     Normalization: none | fit_scope=none
[2026-05-27 04:42:05]     Phase 1 (new): 2,170/16,010 params
[2026-05-27 04:42:05]     Result | best_epoch=1 | stop=51 | final_phase_epochs=51 | acc=0.5000 | bal_acc=0.5000 | pred_hist=[0, 16] | collapse=True
[2026-05-27 04:42:05]     spatial_conv=[4, 29] top_abs_channels=[('Pz', 0.15278901), ('O2', 0.14464137), ('T3', 0.1264848), ('O1', 0.12186212), ('T4', 0.12183759), ('CP3', 0.12137438), ('C3', 0.11548088), ('CP4', 0.11093313)]
[2026-05-27 04:42:05]     spatial_update=delta_l2=0.00538502 max_abs=0.00050000 relative=0.00451204 changed=True

[2026-05-27 04:42:06] Fold 7/10 | subject=29
[2026-05-27 04:42:06]     Train: 24 | counts=[12, 12]
[2026-05-27 04:42:06]     Test:  16 | counts=[8, 8]
[2026-05-27 04:42:06]     Model: SignalJEPA_PreLocal | Pretrained: from_pretrained | Strategy: new
[2026-05-27 04:42:06]     Normalization: none | fit_scope=none
[2026-05-27 04:42:06]     Phase 1 (new): 2,170/16,010 params
[2026-05-27 04:42:06]     Result | best_epoch=1 | stop=51 | final_phase_epochs=51 | acc=0.5000 | bal_acc=0.5000 | pred_hist=[0, 16] | collapse=True
[2026-05-27 04:42:06]     spatial_conv=[4, 29] top_abs_channels=[('Pz', 0.15253903), ('O2', 0.14439137), ('T3', 0.12673479), ('T4', 0.1220876), ('CP3', 0.12162437), ('O1', 0.12136213), ('C3', 0.11523087), ('CP4', 0.11118312)]
[2026-05-27 04:42:06]     spatial_update=delta_l2=0.00538504 max_abs=0.00050000 relative=0.00451205 changed=True

[2026-05-27 04:42:06] Fold 8/10 | subject=29
[2026-05-27 04:42:06]     Train: 24 | counts=[12, 12]
[2026-05-27 04:42:06]     Test:  16 | counts=[8, 8]
[2026-05-27 04:42:06]     Model: SignalJEPA_PreLocal | Pretrained: from_pretrained | Strategy: new
[2026-05-27 04:42:06]     Normalization: none | fit_scope=none
[2026-05-27 04:42:06]     Phase 1 (new): 2,170/16,010 params
[2026-05-27 04:42:07]     Result | best_epoch=1 | stop=51 | final_phase_epochs=51 | acc=0.5000 | bal_acc=0.5000 | pred_hist=[0, 16] | collapse=True
[2026-05-27 04:42:07]     spatial_conv=[4, 29] top_abs_channels=[('Pz', 0.15253901), ('O2', 0.14439137), ('T3', 0.12698478), ('T4', 0.1218376), ('CP3', 0.12137438), ('O1', 0.12136213), ('C3', 0.11523087), ('CP4', 0.11143313)]
[2026-05-27 04:42:07]     spatial_update=delta_l2=0.00538492 max_abs=0.00050000 relative=0.00451195 changed=True

[2026-05-27 04:42:07] Fold 9/10 | subject=29
[2026-05-27 04:42:07]     Train: 24 | counts=[12, 12]
[2026-05-27 04:42:07]     Test:  16 | counts=[8, 8]
[2026-05-27 04:42:07]     Model: SignalJEPA_PreLocal | Pretrained: from_pretrained | Strategy: new
[2026-05-27 04:42:07]     Normalization: none | fit_scope=none
[2026-05-27 04:42:07]     Phase 1 (new): 2,170/16,010 params
[2026-05-27 04:42:07]     Result | best_epoch=1 | stop=51 | final_phase_epochs=51 | acc=0.5000 | bal_acc=0.5000 | pred_hist=[0, 16] | collapse=True
[2026-05-27 04:42:07]     spatial_conv=[4, 29] top_abs_channels=[('Pz', 0.153539), ('O2', 0.14414138), ('T3', 0.12673479), ('T4', 0.12208759), ('O1', 0.12186212), ('CP3', 0.12087438), ('C3', 0.11548091), ('CP4', 0.11093313)]
[2026-05-27 04:42:07]     spatial_update=delta_l2=0.00538499 max_abs=0.00050000 relative=0.00451201 changed=True

[2026-05-27 04:42:08] Fold 10/10 | subject=29
[2026-05-27 04:42:08]     Train: 24 | counts=[12, 12]
[2026-05-27 04:42:08]     Test:  16 | counts=[8, 8]
[2026-05-27 04:42:08]     Model: SignalJEPA_PreLocal | Pretrained: from_pretrained | Strategy: new
[2026-05-27 04:42:08]     Normalization: none | fit_scope=none
[2026-05-27 04:42:08]     Phase 1 (new): 2,170/16,010 params
[2026-05-27 04:42:08]     Result | best_epoch=1 | stop=51 | final_phase_epochs=51 | acc=0.5000 | bal_acc=0.5000 | pred_hist=[0, 16] | collapse=True
[2026-05-27 04:42:08]     spatial_conv=[4, 29] top_abs_channels=[('Pz', 0.15303902), ('O2', 0.14439137), ('T3', 0.1264848), ('T4', 0.12183757), ('CP3', 0.12137438), ('O1', 0.12136213), ('C3', 0.11498091), ('CP4', 0.11118313)]
[2026-05-27 04:42:08]     spatial_update=delta_l2=0.00538499 max_abs=0.00050000 relative=0.00451201 changed=True
[2026-05-27 04:42:08]   Subject 29: acc=0.4813±0.0563  bal_acc=0.4813±0.0563
[2026-05-27 04:42:08] \nSubject 30: 40 windows | class_counts=[20, 20]

[2026-05-27 04:42:08] Fold 1/10 | subject=30
[2026-05-27 04:42:08]     Train: 24 | counts=[12, 12]
[2026-05-27 04:42:08]     Test:  16 | counts=[8, 8]
[2026-05-27 04:42:08]     Model: SignalJEPA_PreLocal | Pretrained: from_pretrained | Strategy: new
[2026-05-27 04:42:08]     Normalization: none | fit_scope=none
[2026-05-27 04:42:08]     Phase 1 (new): 2,170/16,010 params
[2026-05-27 04:42:13]     Result | best_epoch=1232 | stop=1281 | final_phase_epochs=1281 | acc=0.8750 | bal_acc=0.8750 | pred_hist=[8, 8] | collapse=False
[2026-05-27 04:42:13]     spatial_conv=[4, 29] top_abs_channels=[('P4', 0.17623985), ('Fz', 0.17042904), ('FCz', 0.16815424), ('T6', 0.16692054), ('FC3', 0.13605559), ('O2', 0.13331947), ('T3', 0.12789455), ('T5', 0.12756376)]
[2026-05-27 04:42:13]     spatial_update=delta_l2=1.32566464 max_abs=0.27214223 relative=1.11075638 changed=True

[2026-05-27 04:42:13] Fold 2/10 | subject=30
[2026-05-27 04:42:13]     Train: 24 | counts=[12, 12]
[2026-05-27 04:42:13]     Test:  16 | counts=[8, 8]
[2026-05-27 04:42:13]     Model: SignalJEPA_PreLocal | Pretrained: from_pretrained | Strategy: new
[2026-05-27 04:42:13]     Normalization: none | fit_scope=none
[2026-05-27 04:42:13]     Phase 1 (new): 2,170/16,010 params
[2026-05-27 04:42:14]     Result | best_epoch=1 | stop=51 | final_phase_epochs=51 | acc=0.5625 | bal_acc=0.5625 | pred_hist=[1, 15] | collapse=True
[2026-05-27 04:42:14]     spatial_conv=[4, 29] top_abs_channels=[('Pz', 0.15303901), ('O2', 0.14414136), ('T3', 0.12673478), ('O1', 0.12211213), ('T4', 0.1215876), ('CP3', 0.12112437), ('C3', 0.1152309), ('CP4', 0.11118312)]
[2026-05-27 04:42:14]     spatial_update=delta_l2=0.00538492 max_abs=0.00050000 relative=0.00451195 changed=True

[2026-05-27 04:42:14] Fold 3/10 | subject=30
[2026-05-27 04:42:14]     Train: 24 | counts=[12, 12]
[2026-05-27 04:42:14]     Test:  16 | counts=[8, 8]
[2026-05-27 04:42:14]     Model: SignalJEPA_PreLocal | Pretrained: from_pretrained | Strategy: new
[2026-05-27 04:42:14]     Normalization: none | fit_scope=none
[2026-05-27 04:42:14]     Phase 1 (new): 2,170/16,010 params
[2026-05-27 04:42:18]     Result | best_epoch=919 | stop=969 | final_phase_epochs=969 | acc=0.8125 | bal_acc=0.8125 | pred_hist=[9, 7] | collapse=False
[2026-05-27 04:42:18]     spatial_conv=[4, 29] top_abs_channels=[('Fz', 0.24453191), ('FCz', 0.18534425), ('P4', 0.15310253), ('FC3', 0.12947033), ('T5', 0.11317659), ('Fp1', 0.10881354), ('T4', 0.10682926), ('F3', 0.10591453)]
[2026-05-27 04:42:18]     spatial_update=delta_l2=1.35565270 max_abs=0.38632345 relative=1.13588297 changed=True

[2026-05-27 04:42:18] Fold 4/10 | subject=30
[2026-05-27 04:42:18]     Train: 24 | counts=[12, 12]
[2026-05-27 04:42:18]     Test:  16 | counts=[8, 8]
[2026-05-27 04:42:18]     Model: SignalJEPA_PreLocal | Pretrained: from_pretrained | Strategy: new
[2026-05-27 04:42:18]     Normalization: none | fit_scope=none
[2026-05-27 04:42:18]     Phase 1 (new): 2,170/16,010 params
[2026-05-27 04:42:22]     Result | best_epoch=964 | stop=1014 | final_phase_epochs=1014 | acc=0.9375 | bal_acc=0.9375 | pred_hist=[7, 9] | collapse=False
[2026-05-27 04:42:22]     spatial_conv=[4, 29] top_abs_channels=[('P4', 0.21593139), ('C3', 0.17034054), ('Fz', 0.14763314), ('F7', 0.14113227), ('FC4', 0.13766892), ('FC3', 0.13312119), ('FCz', 0.12229045), ('F4', 0.12040619)]
[2026-05-27 04:42:22]     spatial_update=delta_l2=1.50158335 max_abs=0.36431898 relative=1.25815628 changed=True

[2026-05-27 04:42:22] Fold 5/10 | subject=30
[2026-05-27 04:42:22]     Train: 24 | counts=[12, 12]
[2026-05-27 04:42:22]     Test:  16 | counts=[8, 8]
[2026-05-27 04:42:22]     Model: SignalJEPA_PreLocal | Pretrained: from_pretrained | Strategy: new
[2026-05-27 04:42:22]     Normalization: none | fit_scope=none
[2026-05-27 04:42:22]     Phase 1 (new): 2,170/16,010 params
[2026-05-27 04:42:23]     Result | best_epoch=1 | stop=51 | final_phase_epochs=51 | acc=0.5000 | bal_acc=0.5000 | pred_hist=[0, 16] | collapse=True
[2026-05-27 04:42:23]     spatial_conv=[4, 29] top_abs_channels=[('Pz', 0.15303901), ('O2', 0.14414138), ('T3', 0.12673479), ('O1', 0.12211212), ('T4', 0.12183759), ('CP3', 0.12112449), ('C3', 0.11573087), ('CP4', 0.11068308)]
[2026-05-27 04:42:23]     spatial_update=delta_l2=0.00538420 max_abs=0.00050000 relative=0.00451135 changed=True

[2026-05-27 04:42:23] Fold 6/10 | subject=30
[2026-05-27 04:42:23]     Train: 24 | counts=[12, 12]
[2026-05-27 04:42:23]     Test:  16 | counts=[8, 8]
[2026-05-27 04:42:23]     Model: SignalJEPA_PreLocal | Pretrained: from_pretrained | Strategy: new
[2026-05-27 04:42:23]     Normalization: none | fit_scope=none
[2026-05-27 04:42:23]     Phase 1 (new): 2,170/16,010 params
[2026-05-27 04:42:25]     Result | best_epoch=422 | stop=471 | final_phase_epochs=471 | acc=0.8750 | bal_acc=0.8750 | pred_hist=[10, 6] | collapse=False
[2026-05-27 04:42:25]     spatial_conv=[4, 29] top_abs_channels=[('P4', 0.21408229), ('TP7', 0.13643329), ('CP4', 0.13258168), ('FCz', 0.12980546), ('T5', 0.12974523), ('F3', 0.12931557), ('T6', 0.12273964), ('T3', 0.11980735)]
[2026-05-27 04:42:25]     spatial_update=delta_l2=1.26310295 max_abs=0.25598541 relative=1.05833679 changed=True

[2026-05-27 04:42:25] Fold 7/10 | subject=30
[2026-05-27 04:42:25]     Train: 24 | counts=[12, 12]
[2026-05-27 04:42:25]     Test:  16 | counts=[8, 8]
[2026-05-27 04:42:25]     Model: SignalJEPA_PreLocal | Pretrained: from_pretrained | Strategy: new
[2026-05-27 04:42:25]     Normalization: none | fit_scope=none
[2026-05-27 04:42:25]     Phase 1 (new): 2,170/16,010 params
[2026-05-27 04:42:27]     Result | best_epoch=381 | stop=431 | final_phase_epochs=431 | acc=0.7500 | bal_acc=0.7500 | pred_hist=[8, 8] | collapse=False
[2026-05-27 04:42:27]     spatial_conv=[4, 29] top_abs_channels=[('P4', 0.15569754), ('FC3', 0.14832968), ('CP3', 0.14138274), ('O2', 0.13952193), ('T4', 0.13175343), ('F3', 0.13011861), ('T6', 0.13011676), ('TP7', 0.12776335)]
[2026-05-27 04:42:27]     spatial_update=delta_l2=1.17650540 max_abs=0.21577824 relative=0.98577788 changed=True

[2026-05-27 04:42:27] Fold 8/10 | subject=30
[2026-05-27 04:42:27]     Train: 24 | counts=[12, 12]
[2026-05-27 04:42:27]     Test:  16 | counts=[8, 8]
[2026-05-27 04:42:27]     Model: SignalJEPA_PreLocal | Pretrained: from_pretrained | Strategy: new
[2026-05-27 04:42:27]     Normalization: none | fit_scope=none
[2026-05-27 04:42:27]     Phase 1 (new): 2,170/16,010 params
[2026-05-27 04:42:29]     Result | best_epoch=392 | stop=441 | final_phase_epochs=441 | acc=0.5625 | bal_acc=0.5625 | pred_hist=[9, 7] | collapse=False
[2026-05-27 04:42:29]     spatial_conv=[4, 29] top_abs_channels=[('O2', 0.16603799), ('CP4', 0.15138236), ('FC3', 0.14969467), ('CP3', 0.13364743), ('F7', 0.12985595), ('C3', 0.12752827), ('FC4', 0.12404537), ('FT7', 0.11586294)]
[2026-05-27 04:42:29]     spatial_update=delta_l2=1.06390207 max_abs=0.23231186 relative=0.89142908 changed=True

[2026-05-27 04:42:29] Fold 9/10 | subject=30
[2026-05-27 04:42:29]     Train: 24 | counts=[12, 12]
[2026-05-27 04:42:29]     Test:  16 | counts=[8, 8]
[2026-05-27 04:42:29]     Model: SignalJEPA_PreLocal | Pretrained: from_pretrained | Strategy: new
[2026-05-27 04:42:29]     Normalization: none | fit_scope=none
[2026-05-27 04:42:29]     Phase 1 (new): 2,170/16,010 params
[2026-05-27 04:42:30]     Result | best_epoch=15 | stop=60 | final_phase_epochs=60 | acc=0.6250 | bal_acc=0.6250 | pred_hist=[2, 14] | collapse=False
[2026-05-27 04:42:30]     spatial_conv=[4, 29] top_abs_channels=[('Pz', 0.15164906), ('O2', 0.14652669), ('T3', 0.12869328), ('CP3', 0.12193687), ('O1', 0.12122071), ('T4', 0.11985357), ('C3', 0.11395493), ('CP4', 0.11042442)]
[2026-05-27 04:42:30]     spatial_update=delta_l2=0.04245795 max_abs=0.00505707 relative=0.03557494 changed=True

[2026-05-27 04:42:30] Fold 10/10 | subject=30
[2026-05-27 04:42:30]     Train: 24 | counts=[12, 12]
[2026-05-27 04:42:30]     Test:  16 | counts=[8, 8]
[2026-05-27 04:42:30]     Model: SignalJEPA_PreLocal | Pretrained: from_pretrained | Strategy: new
[2026-05-27 04:42:30]     Normalization: none | fit_scope=none
[2026-05-27 04:42:30]     Phase 1 (new): 2,170/16,010 params
[2026-05-27 04:42:32]     Result | best_epoch=464 | stop=514 | final_phase_epochs=514 | acc=0.5625 | bal_acc=0.5625 | pred_hist=[9, 7] | collapse=False
[2026-05-27 04:42:32]     spatial_conv=[4, 29] top_abs_channels=[('FC4', 0.16930476), ('P4', 0.16548011), ('FC3', 0.15492447), ('CP3', 0.14856648), ('TP7', 0.14302795), ('C3', 0.1412918), ('Cz', 0.12306555), ('F7', 0.12130916)]
[2026-05-27 04:42:32]     spatial_update=delta_l2=1.23575278 max_abs=0.26692383 relative=1.03542045 changed=True
[2026-05-27 04:42:32]   Subject 30: acc=0.7063±0.1532  bal_acc=0.7063±0.1532
[2026-05-27 04:42:32] \nSubject 31: 40 windows | class_counts=[20, 20]

[2026-05-27 04:42:33] Fold 1/10 | subject=31
[2026-05-27 04:42:33]     Train: 24 | counts=[12, 12]
[2026-05-27 04:42:33]     Test:  16 | counts=[8, 8]
[2026-05-27 04:42:33]     Model: SignalJEPA_PreLocal | Pretrained: from_pretrained | Strategy: new
[2026-05-27 04:42:33]     Normalization: none | fit_scope=none
[2026-05-27 04:42:33]     Phase 1 (new): 2,170/16,010 params
[2026-05-27 04:42:34]     Result | best_epoch=172 | stop=222 | final_phase_epochs=222 | acc=0.6250 | bal_acc=0.6250 | pred_hist=[8, 8] | collapse=False
[2026-05-27 04:42:34]     spatial_conv=[4, 29] top_abs_channels=[('O2', 0.14576119), ('TP8', 0.14178935), ('Pz', 0.13620943), ('O1', 0.13006605), ('C3', 0.12605216), ('F3', 0.12074304), ('T4', 0.11522403), ('CP3', 0.11299172)]
[2026-05-27 04:42:34]     spatial_update=delta_l2=0.55841551 max_abs=0.10108933 relative=0.46788877 changed=True

[2026-05-27 04:42:34] Fold 2/10 | subject=31
[2026-05-27 04:42:34]     Train: 24 | counts=[12, 12]
[2026-05-27 04:42:34]     Test:  16 | counts=[8, 8]
[2026-05-27 04:42:34]     Model: SignalJEPA_PreLocal | Pretrained: from_pretrained | Strategy: new
[2026-05-27 04:42:34]     Normalization: none | fit_scope=none
[2026-05-27 04:42:34]     Phase 1 (new): 2,170/16,010 params
[2026-05-27 04:42:34]     Result | best_epoch=6 | stop=55 | final_phase_epochs=55 | acc=0.5000 | bal_acc=0.5000 | pred_hist=[4, 12] | collapse=False
[2026-05-27 04:42:34]     spatial_conv=[4, 29] top_abs_channels=[('Pz', 0.15309727), ('O2', 0.14426157), ('T3', 0.12673417), ('O1', 0.12252437), ('T4', 0.12129186), ('CP3', 0.12017496), ('C3', 0.11437064), ('CP4', 0.1116472)]
[2026-05-27 04:42:34]     spatial_update=delta_l2=0.02210153 max_abs=0.00250246 relative=0.01851857 changed=True

[2026-05-27 04:42:35] Fold 3/10 | subject=31
[2026-05-27 04:42:35]     Train: 24 | counts=[12, 12]
[2026-05-27 04:42:35]     Test:  16 | counts=[8, 8]
[2026-05-27 04:42:35]     Model: SignalJEPA_PreLocal | Pretrained: from_pretrained | Strategy: new
[2026-05-27 04:42:35]     Normalization: none | fit_scope=none
[2026-05-27 04:42:35]     Phase 1 (new): 2,170/16,010 params
[2026-05-27 04:42:35]     Result | best_epoch=1 | stop=51 | final_phase_epochs=51 | acc=0.5625 | bal_acc=0.5625 | pred_hist=[1, 15] | collapse=True
[2026-05-27 04:42:35]     spatial_conv=[4, 29] top_abs_channels=[('Pz', 0.15328901), ('O2', 0.14389138), ('T3', 0.12698479), ('O1', 0.12211212), ('T4', 0.12208755), ('CP3', 0.1213744), ('C3', 0.11498089), ('CP4', 0.11118314)]
[2026-05-27 04:42:35]     spatial_update=delta_l2=0.00538494 max_abs=0.00050000 relative=0.00451197 changed=True

[2026-05-27 04:42:35] Fold 4/10 | subject=31
[2026-05-27 04:42:35]     Train: 24 | counts=[12, 12]
[2026-05-27 04:42:35]     Test:  16 | counts=[8, 8]
[2026-05-27 04:42:35]     Model: SignalJEPA_PreLocal | Pretrained: from_pretrained | Strategy: new
[2026-05-27 04:42:35]     Normalization: none | fit_scope=none
[2026-05-27 04:42:35]     Phase 1 (new): 2,170/16,010 params
[2026-05-27 04:42:36]     Result | best_epoch=1 | stop=51 | final_phase_epochs=51 | acc=0.5625 | bal_acc=0.5625 | pred_hist=[1, 15] | collapse=True
[2026-05-27 04:42:36]     spatial_conv=[4, 29] top_abs_channels=[('Pz', 0.15278903), ('O2', 0.14439137), ('T3', 0.12673478), ('O1', 0.12186214), ('T4', 0.12183759), ('CP3', 0.12112439), ('C3', 0.11523087), ('CP4', 0.11093314)]
[2026-05-27 04:42:36]     spatial_update=delta_l2=0.00538502 max_abs=0.00050000 relative=0.00451204 changed=True

[2026-05-27 04:42:36] Fold 5/10 | subject=31
[2026-05-27 04:42:36]     Train: 24 | counts=[12, 12]
[2026-05-27 04:42:36]     Test:  16 | counts=[8, 8]
[2026-05-27 04:42:36]     Model: SignalJEPA_PreLocal | Pretrained: from_pretrained | Strategy: new
[2026-05-27 04:42:36]     Normalization: none | fit_scope=none
[2026-05-27 04:42:36]     Phase 1 (new): 2,170/16,010 params
[2026-05-27 04:42:37]     Result | best_epoch=49 | stop=97 | final_phase_epochs=97 | acc=0.5000 | bal_acc=0.5000 | pred_hist=[10, 6] | collapse=False
[2026-05-27 04:42:37]     spatial_conv=[4, 29] top_abs_channels=[('Pz', 0.16172631), ('O2', 0.14289971), ('T3', 0.13470913), ('O1', 0.13175403), ('CP3', 0.12147008), ('C3', 0.11928523), ('Fp1', 0.11420812), ('T4', 0.11109631)]
[2026-05-27 04:42:37]     spatial_update=delta_l2=0.16283555 max_abs=0.02581638 relative=0.13643770 changed=True

[2026-05-27 04:42:37] Fold 6/10 | subject=31
[2026-05-27 04:42:37]     Train: 24 | counts=[12, 12]
[2026-05-27 04:42:37]     Test:  16 | counts=[8, 8]
[2026-05-27 04:42:37]     Model: SignalJEPA_PreLocal | Pretrained: from_pretrained | Strategy: new
[2026-05-27 04:42:37]     Normalization: none | fit_scope=none
[2026-05-27 04:42:37]     Phase 1 (new): 2,170/16,010 params
[2026-05-27 04:42:41]     Result | best_epoch=1062 | stop=1112 | final_phase_epochs=1112 | acc=0.3750 | bal_acc=0.3750 | pred_hist=[8, 8] | collapse=False
[2026-05-27 04:42:41]     spatial_conv=[4, 29] top_abs_channels=[('CP4', 0.21245237), ('P3', 0.174032), ('Cz', 0.15254664), ('P4', 0.15068422), ('FC3', 0.13911864), ('FCz', 0.13684821), ('F7', 0.13426165), ('T3', 0.12795882)]
[2026-05-27 04:42:41]     spatial_update=delta_l2=1.32132512 max_abs=0.32488739 relative=1.10712036 changed=True

[2026-05-27 04:42:42] Fold 7/10 | subject=31
[2026-05-27 04:42:42]     Train: 24 | counts=[12, 12]
[2026-05-27 04:42:42]     Test:  16 | counts=[8, 8]
[2026-05-27 04:42:42]     Model: SignalJEPA_PreLocal | Pretrained: from_pretrained | Strategy: new
[2026-05-27 04:42:42]     Normalization: none | fit_scope=none
[2026-05-27 04:42:42]     Phase 1 (new): 2,170/16,010 params
[2026-05-27 04:42:42]     Result | best_epoch=41 | stop=89 | final_phase_epochs=89 | acc=0.4375 | bal_acc=0.4375 | pred_hist=[11, 5] | collapse=False
[2026-05-27 04:42:42]     spatial_conv=[4, 29] top_abs_channels=[('Pz', 0.16510415), ('O2', 0.14283027), ('O1', 0.12621644), ('T3', 0.12371048), ('CP3', 0.1220074), ('CP4', 0.11883378), ('C3', 0.11727469), ('Fp1', 0.11724228)]
[2026-05-27 04:42:42]     spatial_update=delta_l2=0.14524102 max_abs=0.02137199 relative=0.12169548 changed=True

[2026-05-27 04:42:42] Fold 8/10 | subject=31
[2026-05-27 04:42:42]     Train: 24 | counts=[12, 12]
[2026-05-27 04:42:42]     Test:  16 | counts=[8, 8]
[2026-05-27 04:42:42]     Model: SignalJEPA_PreLocal | Pretrained: from_pretrained | Strategy: new
[2026-05-27 04:42:42]     Normalization: none | fit_scope=none
[2026-05-27 04:42:42]     Phase 1 (new): 2,170/16,010 params
[2026-05-27 04:42:43]     Result | best_epoch=1 | stop=51 | final_phase_epochs=51 | acc=0.5000 | bal_acc=0.5000 | pred_hist=[0, 16] | collapse=True
[2026-05-27 04:42:43]     spatial_conv=[4, 29] top_abs_channels=[('Pz', 0.15328901), ('O2', 0.1436414), ('T3', 0.12698479), ('O1', 0.12186213), ('T4', 0.12183759), ('CP3', 0.12162438), ('C3', 0.11573088), ('CP4', 0.11118312)]
[2026-05-27 04:42:43]     spatial_update=delta_l2=0.00538497 max_abs=0.00050000 relative=0.00451199 changed=True

[2026-05-27 04:42:43] Fold 9/10 | subject=31
[2026-05-27 04:42:43]     Train: 24 | counts=[12, 12]
[2026-05-27 04:42:43]     Test:  16 | counts=[8, 8]
[2026-05-27 04:42:43]     Model: SignalJEPA_PreLocal | Pretrained: from_pretrained | Strategy: new
[2026-05-27 04:42:43]     Normalization: none | fit_scope=none
[2026-05-27 04:42:43]     Phase 1 (new): 2,170/16,010 params
[2026-05-27 04:42:43]     Result | best_epoch=28 | stop=77 | final_phase_epochs=77 | acc=0.5000 | bal_acc=0.5000 | pred_hist=[12, 4] | collapse=False
[2026-05-27 04:42:43]     spatial_conv=[4, 29] top_abs_channels=[('Pz', 0.15724042), ('O2', 0.14091644), ('O1', 0.1266634), ('T3', 0.12646413), ('CP3', 0.12503311), ('T4', 0.11532649), ('C3', 0.1120887), ('Fp1', 0.11113191)]
[2026-05-27 04:42:43]     spatial_update=delta_l2=0.10257179 max_abs=0.01430830 relative=0.08594351 changed=True

[2026-05-27 04:42:44] Fold 10/10 | subject=31
[2026-05-27 04:42:44]     Train: 24 | counts=[12, 12]
[2026-05-27 04:42:44]     Test:  16 | counts=[8, 8]
[2026-05-27 04:42:44]     Model: SignalJEPA_PreLocal | Pretrained: from_pretrained | Strategy: new
[2026-05-27 04:42:44]     Normalization: none | fit_scope=none
[2026-05-27 04:42:44]     Phase 1 (new): 2,170/16,010 params
[2026-05-27 04:42:45]     Result | best_epoch=215 | stop=264 | final_phase_epochs=264 | acc=0.5000 | bal_acc=0.5000 | pred_hist=[10, 6] | collapse=False
[2026-05-27 04:42:45]     spatial_conv=[4, 29] top_abs_channels=[('O2', 0.18559544), ('Pz', 0.15328266), ('P4', 0.13972905), ('FT7', 0.12891588), ('FCz', 0.12690188), ('O1', 0.12616053), ('Cz', 0.12549521), ('C3', 0.12147605)]
[2026-05-27 04:42:45]     spatial_update=delta_l2=0.63715287 max_abs=0.13168363 relative=0.53386173 changed=True
[2026-05-27 04:42:45]   Subject 31: acc=0.5062±0.0653  bal_acc=0.5062±0.0653
[2026-05-27 04:42:45] \nSubject 32: 40 windows | class_counts=[20, 20]

[2026-05-27 04:42:46] Fold 1/10 | subject=32
[2026-05-27 04:42:46]     Train: 24 | counts=[12, 12]
[2026-05-27 04:42:46]     Test:  16 | counts=[8, 8]
[2026-05-27 04:42:46]     Model: SignalJEPA_PreLocal | Pretrained: from_pretrained | Strategy: new
[2026-05-27 04:42:46]     Normalization: none | fit_scope=none
[2026-05-27 04:42:46]     Phase 1 (new): 2,170/16,010 params
[2026-05-27 04:42:47]     Result | best_epoch=266 | stop=316 | final_phase_epochs=316 | acc=0.3750 | bal_acc=0.3750 | pred_hist=[8, 8] | collapse=False
[2026-05-27 04:42:47]     spatial_conv=[4, 29] top_abs_channels=[('T4', 0.15685147), ('O1', 0.15671508), ('CP4', 0.14049646), ('C4', 0.13774633), ('TP7', 0.12492228), ('Fp1', 0.12443882), ('T3', 0.11504196), ('O2', 0.10715431)]
[2026-05-27 04:42:47]     spatial_update=delta_l2=0.80624920 max_abs=0.14819789 relative=0.67554525 changed=True

[2026-05-27 04:42:47] Fold 2/10 | subject=32
[2026-05-27 04:42:47]     Train: 24 | counts=[12, 12]
[2026-05-27 04:42:47]     Test:  16 | counts=[8, 8]
[2026-05-27 04:42:47]     Model: SignalJEPA_PreLocal | Pretrained: from_pretrained | Strategy: new
[2026-05-27 04:42:47]     Normalization: none | fit_scope=none
[2026-05-27 04:42:47]     Phase 1 (new): 2,170/16,010 params
[2026-05-27 04:42:47]     Result | best_epoch=1 | stop=51 | final_phase_epochs=51 | acc=0.5000 | bal_acc=0.5000 | pred_hist=[0, 16] | collapse=True
[2026-05-27 04:42:47]     spatial_conv=[4, 29] top_abs_channels=[('Pz', 0.15303899), ('O2', 0.14439137), ('T3', 0.12673481), ('T4', 0.12233759), ('O1', 0.12161212), ('CP3', 0.12112439), ('C3', 0.1152309), ('CP4', 0.11093312)]
[2026-05-27 04:42:47]     spatial_update=delta_l2=0.00538485 max_abs=0.00050000 relative=0.00451190 changed=True

[2026-05-27 04:42:48] Fold 3/10 | subject=32
[2026-05-27 04:42:48]     Train: 24 | counts=[12, 12]
[2026-05-27 04:42:48]     Test:  16 | counts=[8, 8]
[2026-05-27 04:42:48]     Model: SignalJEPA_PreLocal | Pretrained: from_pretrained | Strategy: new
[2026-05-27 04:42:48]     Normalization: none | fit_scope=none
[2026-05-27 04:42:48]     Phase 1 (new): 2,170/16,010 params
[2026-05-27 04:42:48]     Result | best_epoch=1 | stop=51 | final_phase_epochs=51 | acc=0.5000 | bal_acc=0.5000 | pred_hist=[2, 14] | collapse=False
[2026-05-27 04:42:48]     spatial_conv=[4, 29] top_abs_channels=[('Pz', 0.15303901), ('O2', 0.14464137), ('T3', 0.12673479), ('T4', 0.1220876), ('O1', 0.12186213), ('CP3', 0.12062439), ('C3', 0.1152309), ('CP4', 0.1109331)]
[2026-05-27 04:42:48]     spatial_update=delta_l2=0.00538494 max_abs=0.00050000 relative=0.00451197 changed=True

[2026-05-27 04:42:49] Fold 4/10 | subject=32
[2026-05-27 04:42:49]     Train: 24 | counts=[12, 12]
[2026-05-27 04:42:49]     Test:  16 | counts=[8, 8]
[2026-05-27 04:42:49]     Model: SignalJEPA_PreLocal | Pretrained: from_pretrained | Strategy: new
[2026-05-27 04:42:49]     Normalization: none | fit_scope=none
[2026-05-27 04:42:49]     Phase 1 (new): 2,170/16,010 params
[2026-05-27 04:42:49]     Result | best_epoch=1 | stop=51 | final_phase_epochs=51 | acc=0.5625 | bal_acc=0.5625 | pred_hist=[1, 15] | collapse=True
[2026-05-27 04:42:49]     spatial_conv=[4, 29] top_abs_channels=[('Pz', 0.15278913), ('O2', 0.14439136), ('T3', 0.12673479), ('T4', 0.12233759), ('O1', 0.12161203), ('CP3', 0.12112439), ('C3', 0.1152309), ('CP4', 0.11068314)]
[2026-05-27 04:42:49]     spatial_update=delta_l2=0.00538494 max_abs=0.00050000 relative=0.00451197 changed=True

[2026-05-27 04:42:49] Fold 5/10 | subject=32
[2026-05-27 04:42:49]     Train: 24 | counts=[12, 12]
[2026-05-27 04:42:49]     Test:  16 | counts=[8, 8]
[2026-05-27 04:42:49]     Model: SignalJEPA_PreLocal | Pretrained: from_pretrained | Strategy: new
[2026-05-27 04:42:49]     Normalization: none | fit_scope=none
[2026-05-27 04:42:49]     Phase 1 (new): 2,170/16,010 params
[2026-05-27 04:42:50]     Result | best_epoch=1 | stop=51 | final_phase_epochs=51 | acc=0.5000 | bal_acc=0.5000 | pred_hist=[0, 16] | collapse=True
[2026-05-27 04:42:50]     spatial_conv=[4, 29] top_abs_channels=[('Pz', 0.15303901), ('O2', 0.14439137), ('T3', 0.12648501), ('O1', 0.12211213), ('T4', 0.1220876), ('CP3', 0.12087442), ('C3', 0.11523089), ('CP4', 0.11068314)]
[2026-05-27 04:42:50]     spatial_update=delta_l2=0.00538480 max_abs=0.00050000 relative=0.00451185 changed=True

[2026-05-27 04:42:50] Fold 6/10 | subject=32
[2026-05-27 04:42:50]     Train: 24 | counts=[12, 12]
[2026-05-27 04:42:50]     Test:  16 | counts=[8, 8]
[2026-05-27 04:42:50]     Model: SignalJEPA_PreLocal | Pretrained: from_pretrained | Strategy: new
[2026-05-27 04:42:50]     Normalization: none | fit_scope=none
[2026-05-27 04:42:50]     Phase 1 (new): 2,170/16,010 params
[2026-05-27 04:42:50]     Result | best_epoch=51 | stop=51 | final_phase_epochs=51 | acc=0.5625 | bal_acc=0.5625 | pred_hist=[1, 15] | collapse=True
[2026-05-27 04:42:50]     spatial_conv=[4, 29] top_abs_channels=[('Pz', 0.15328901), ('O2', 0.14414138), ('T3', 0.1262348), ('O1', 0.1223621), ('T4', 0.1220876), ('CP3', 0.12087442), ('C3', 0.11498091), ('CP4', 0.11068314)]
[2026-05-27 04:42:50]     spatial_update=delta_l2=0.00538503 max_abs=0.00050000 relative=0.00451204 changed=True

[2026-05-27 04:42:51] Fold 7/10 | subject=32
[2026-05-27 04:42:51]     Train: 24 | counts=[12, 12]
[2026-05-27 04:42:51]     Test:  16 | counts=[8, 8]
[2026-05-27 04:42:51]     Model: SignalJEPA_PreLocal | Pretrained: from_pretrained | Strategy: new
[2026-05-27 04:42:51]     Normalization: none | fit_scope=none
[2026-05-27 04:42:51]     Phase 1 (new): 2,170/16,010 params
[2026-05-27 04:42:52]     Result | best_epoch=253 | stop=302 | final_phase_epochs=302 | acc=0.3750 | bal_acc=0.3750 | pred_hist=[8, 8] | collapse=False
[2026-05-27 04:42:52]     spatial_conv=[4, 29] top_abs_channels=[('C4', 0.15704104), ('T3', 0.14469327), ('FT8', 0.13906039), ('O2', 0.13755341), ('F8', 0.12241317), ('F3', 0.11922507), ('CP3', 0.10939585), ('Fp1', 0.10368413)]
[2026-05-27 04:42:52]     spatial_update=delta_l2=0.82215647 max_abs=0.15652856 relative=0.68887373 changed=True

[2026-05-27 04:42:53] Fold 8/10 | subject=32
[2026-05-27 04:42:53]     Train: 24 | counts=[12, 12]
[2026-05-27 04:42:53]     Test:  16 | counts=[8, 8]
[2026-05-27 04:42:53]     Model: SignalJEPA_PreLocal | Pretrained: from_pretrained | Strategy: new
[2026-05-27 04:42:53]     Normalization: none | fit_scope=none
[2026-05-27 04:42:53]     Phase 1 (new): 2,170/16,010 params
[2026-05-27 04:42:53]     Result | best_epoch=1 | stop=51 | final_phase_epochs=51 | acc=0.3750 | bal_acc=0.3750 | pred_hist=[2, 14] | collapse=False
[2026-05-27 04:42:53]     spatial_conv=[4, 29] top_abs_channels=[('Pz', 0.15303901), ('O2', 0.14439137), ('T3', 0.12673479), ('O1', 0.12186214), ('T4', 0.12183759), ('CP3', 0.12112437), ('C3', 0.1152309), ('CP4', 0.11093313)]
[2026-05-27 04:42:53]     spatial_update=delta_l2=0.00538501 max_abs=0.00050000 relative=0.00451202 changed=True

[2026-05-27 04:42:53] Fold 9/10 | subject=32
[2026-05-27 04:42:53]     Train: 24 | counts=[12, 12]
[2026-05-27 04:42:53]     Test:  16 | counts=[8, 8]
[2026-05-27 04:42:53]     Model: SignalJEPA_PreLocal | Pretrained: from_pretrained | Strategy: new
[2026-05-27 04:42:53]     Normalization: none | fit_scope=none
[2026-05-27 04:42:53]     Phase 1 (new): 2,170/16,010 params
[2026-05-27 04:42:56]     Result | best_epoch=654 | stop=704 | final_phase_epochs=704 | acc=0.5000 | bal_acc=0.5000 | pred_hist=[12, 4] | collapse=False
[2026-05-27 04:42:56]     spatial_conv=[4, 29] top_abs_channels=[('C4', 0.27744958), ('P4', 0.14265956), ('TP7', 0.13309205), ('T3', 0.13019447), ('FT8', 0.12040706), ('O2', 0.11626765), ('Cz', 0.11296865), ('Fz', 0.11281164)]
[2026-05-27 04:42:56]     spatial_update=delta_l2=1.35411217 max_abs=0.28789544 relative=1.13459218 changed=True

[2026-05-27 04:42:56] Fold 10/10 | subject=32
[2026-05-27 04:42:56]     Train: 24 | counts=[12, 12]
[2026-05-27 04:42:56]     Test:  16 | counts=[8, 8]
[2026-05-27 04:42:56]     Model: SignalJEPA_PreLocal | Pretrained: from_pretrained | Strategy: new
[2026-05-27 04:42:56]     Normalization: none | fit_scope=none
[2026-05-27 04:42:56]     Phase 1 (new): 2,170/16,010 params
[2026-05-27 04:42:59]     Result | best_epoch=725 | stop=775 | final_phase_epochs=775 | acc=0.5000 | bal_acc=0.5000 | pred_hist=[10, 6] | collapse=False
[2026-05-27 04:42:59]     spatial_conv=[4, 29] top_abs_channels=[('C4', 0.23008689), ('Cz', 0.1966151), ('CP3', 0.18812373), ('P4', 0.16998196), ('TP7', 0.14300227), ('Fz', 0.11626127), ('FC4', 0.10262504), ('CP4', 0.09972956)]
[2026-05-27 04:42:59]     spatial_update=delta_l2=1.36058077 max_abs=0.33202724 relative=1.14001213 changed=True
[2026-05-27 04:42:59]   Subject 32: acc=0.4750±0.0696  bal_acc=0.4750±0.0696
[2026-05-27 04:42:59] \nSubject 33: 40 windows | class_counts=[20, 20]

[2026-05-27 04:42:59] Fold 1/10 | subject=33
[2026-05-27 04:42:59]     Train: 24 | counts=[12, 12]
[2026-05-27 04:42:59]     Test:  16 | counts=[8, 8]
[2026-05-27 04:42:59]     Model: SignalJEPA_PreLocal | Pretrained: from_pretrained | Strategy: new
[2026-05-27 04:42:59]     Normalization: none | fit_scope=none
[2026-05-27 04:42:59]     Phase 1 (new): 2,170/16,010 params
[2026-05-27 04:43:00]     Result | best_epoch=1 | stop=51 | final_phase_epochs=51 | acc=0.5000 | bal_acc=0.5000 | pred_hist=[0, 16] | collapse=True
[2026-05-27 04:43:00]     spatial_conv=[4, 29] top_abs_channels=[('Pz', 0.153539), ('O2', 0.14389138), ('T3', 0.1264848), ('O1', 0.12186211), ('T4', 0.12183759), ('CP3', 0.12137438), ('C3', 0.11473094), ('CP4', 0.11093312)]
[2026-05-27 04:43:00]     spatial_update=delta_l2=0.00538498 max_abs=0.00050000 relative=0.00451200 changed=True

[2026-05-27 04:43:00] Fold 2/10 | subject=33
[2026-05-27 04:43:00]     Train: 24 | counts=[12, 12]
[2026-05-27 04:43:00]     Test:  16 | counts=[8, 8]
[2026-05-27 04:43:00]     Model: SignalJEPA_PreLocal | Pretrained: from_pretrained | Strategy: new
[2026-05-27 04:43:00]     Normalization: none | fit_scope=none
[2026-05-27 04:43:00]     Phase 1 (new): 2,170/16,010 params
[2026-05-27 04:43:00]     Result | best_epoch=1 | stop=51 | final_phase_epochs=51 | acc=0.5000 | bal_acc=0.5000 | pred_hist=[0, 16] | collapse=True
[2026-05-27 04:43:00]     spatial_conv=[4, 29] top_abs_channels=[('Pz', 0.153539), ('O2', 0.14389138), ('T3', 0.12648478), ('T4', 0.12233759), ('O1', 0.12186213), ('CP3', 0.12062441), ('C3', 0.1154809), ('CP4', 0.11118308)]
[2026-05-27 04:43:00]     spatial_update=delta_l2=0.00538498 max_abs=0.00050000 relative=0.00451200 changed=True

[2026-05-27 04:43:01] Fold 3/10 | subject=33
[2026-05-27 04:43:01]     Train: 24 | counts=[12, 12]
[2026-05-27 04:43:01]     Test:  16 | counts=[8, 8]
[2026-05-27 04:43:01]     Model: SignalJEPA_PreLocal | Pretrained: from_pretrained | Strategy: new
[2026-05-27 04:43:01]     Normalization: none | fit_scope=none
[2026-05-27 04:43:01]     Phase 1 (new): 2,170/16,010 params
[2026-05-27 04:43:01]     Result | best_epoch=1 | stop=51 | final_phase_epochs=51 | acc=0.5000 | bal_acc=0.5000 | pred_hist=[0, 16] | collapse=True
[2026-05-27 04:43:01]     spatial_conv=[4, 29] top_abs_channels=[('Pz', 0.15328901), ('O2', 0.14414138), ('T3', 0.12673478), ('O1', 0.12186216), ('T4', 0.1218376), ('CP3', 0.12087439), ('C3', 0.11523162), ('CP4', 0.11118313)]
[2026-05-27 04:43:01]     spatial_update=delta_l2=0.00538467 max_abs=0.00050000 relative=0.00451174 changed=True

[2026-05-27 04:43:02] Fold 4/10 | subject=33
[2026-05-27 04:43:02]     Train: 24 | counts=[12, 12]
[2026-05-27 04:43:02]     Test:  16 | counts=[8, 8]
[2026-05-27 04:43:02]     Model: SignalJEPA_PreLocal | Pretrained: from_pretrained | Strategy: new
[2026-05-27 04:43:02]     Normalization: none | fit_scope=none
[2026-05-27 04:43:02]     Phase 1 (new): 2,170/16,010 params
[2026-05-27 04:43:03]     Result | best_epoch=231 | stop=280 | final_phase_epochs=280 | acc=0.3750 | bal_acc=0.3750 | pred_hist=[6, 10] | collapse=False
[2026-05-27 04:43:03]     spatial_conv=[4, 29] top_abs_channels=[('T4', 0.16415828), ('O2', 0.14911272), ('P4', 0.14728074), ('CP4', 0.14155021), ('C3', 0.13816525), ('T3', 0.12845466), ('C4', 0.12082808), ('F3', 0.11664836)]
[2026-05-27 04:43:03]     spatial_update=delta_l2=0.83235946 max_abs=0.15476801 relative=0.69742267 changed=True

[2026-05-27 04:43:03] Fold 5/10 | subject=33
[2026-05-27 04:43:03]     Train: 24 | counts=[12, 12]
[2026-05-27 04:43:03]     Test:  16 | counts=[8, 8]
[2026-05-27 04:43:03]     Model: SignalJEPA_PreLocal | Pretrained: from_pretrained | Strategy: new
[2026-05-27 04:43:03]     Normalization: none | fit_scope=none
[2026-05-27 04:43:03]     Phase 1 (new): 2,170/16,010 params
[2026-05-27 04:43:04]     Result | best_epoch=13 | stop=60 | final_phase_epochs=60 | acc=0.3125 | bal_acc=0.3125 | pred_hist=[5, 11] | collapse=False
[2026-05-27 04:43:04]     spatial_conv=[4, 29] top_abs_channels=[('Pz', 0.15765558), ('O2', 0.1417993), ('T3', 0.12479466), ('O1', 0.12435623), ('T4', 0.11908609), ('CP3', 0.11892865), ('C3', 0.11465793), ('CP4', 0.11075279)]
[2026-05-27 04:43:04]     spatial_update=delta_l2=0.04440978 max_abs=0.00505454 relative=0.03721035 changed=True

[2026-05-27 04:43:04] Fold 6/10 | subject=33
[2026-05-27 04:43:04]     Train: 24 | counts=[12, 12]
[2026-05-27 04:43:04]     Test:  16 | counts=[8, 8]
[2026-05-27 04:43:04]     Model: SignalJEPA_PreLocal | Pretrained: from_pretrained | Strategy: new
[2026-05-27 04:43:04]     Normalization: none | fit_scope=none
[2026-05-27 04:43:04]     Phase 1 (new): 2,170/16,010 params
[2026-05-27 04:43:05]     Result | best_epoch=211 | stop=260 | final_phase_epochs=260 | acc=0.1250 | bal_acc=0.1250 | pred_hist=[10, 6] | collapse=False
[2026-05-27 04:43:05]     spatial_conv=[4, 29] top_abs_channels=[('CP3', 0.15811458), ('C4', 0.13441768), ('O2', 0.13413459), ('Pz', 0.13176252), ('Cz', 0.13047987), ('F7', 0.12726398), ('O1', 0.12670028), ('T4', 0.12461038)]
[2026-05-27 04:43:05]     spatial_update=delta_l2=0.74302274 max_abs=0.12729741 relative=0.62256865 changed=True

[2026-05-27 04:43:06] Fold 7/10 | subject=33
[2026-05-27 04:43:06]     Train: 24 | counts=[12, 12]
[2026-05-27 04:43:06]     Test:  16 | counts=[8, 8]
[2026-05-27 04:43:06]     Model: SignalJEPA_PreLocal | Pretrained: from_pretrained | Strategy: new
[2026-05-27 04:43:06]     Normalization: none | fit_scope=none
[2026-05-27 04:43:06]     Phase 1 (new): 2,170/16,010 params
[2026-05-27 04:43:06]     Result | best_epoch=2 | stop=51 | final_phase_epochs=51 | acc=0.5000 | bal_acc=0.5000 | pred_hist=[0, 16] | collapse=True
[2026-05-27 04:43:06]     spatial_conv=[4, 29] top_abs_channels=[('Pz', 0.15328901), ('O2', 0.14389138), ('T3', 0.12698479), ('O1', 0.12211213), ('T4', 0.1218376), ('CP3', 0.12087439), ('C3', 0.11523087), ('CP4', 0.11093315)]
[2026-05-27 04:43:06]     spatial_update=delta_l2=0.00538454 max_abs=0.00050000 relative=0.00451164 changed=True

[2026-05-27 04:43:06] Fold 8/10 | subject=33
[2026-05-27 04:43:06]     Train: 24 | counts=[12, 12]
[2026-05-27 04:43:06]     Test:  16 | counts=[8, 8]
[2026-05-27 04:43:06]     Model: SignalJEPA_PreLocal | Pretrained: from_pretrained | Strategy: new
[2026-05-27 04:43:06]     Normalization: none | fit_scope=none
[2026-05-27 04:43:06]     Phase 1 (new): 2,170/16,010 params
[2026-05-27 04:43:06]     Result | best_epoch=1 | stop=51 | final_phase_epochs=51 | acc=0.5000 | bal_acc=0.5000 | pred_hist=[0, 16] | collapse=True
[2026-05-27 04:43:06]     spatial_conv=[4, 29] top_abs_channels=[('Pz', 0.15303901), ('O2', 0.14389138), ('T3', 0.12698476), ('T4', 0.12233758), ('O1', 0.12186214), ('CP3', 0.12137438), ('C3', 0.11498093), ('CP4', 0.11093312)]
[2026-05-27 04:43:06]     spatial_update=delta_l2=0.00538494 max_abs=0.00050000 relative=0.00451197 changed=True

[2026-05-27 04:43:07] Fold 9/10 | subject=33
[2026-05-27 04:43:07]     Train: 24 | counts=[12, 12]
[2026-05-27 04:43:07]     Test:  16 | counts=[8, 8]
[2026-05-27 04:43:07]     Model: SignalJEPA_PreLocal | Pretrained: from_pretrained | Strategy: new
[2026-05-27 04:43:07]     Normalization: none | fit_scope=none
[2026-05-27 04:43:07]     Phase 1 (new): 2,170/16,010 params
[2026-05-27 04:43:07]     Result | best_epoch=1 | stop=51 | final_phase_epochs=51 | acc=0.5000 | bal_acc=0.5000 | pred_hist=[0, 16] | collapse=True
[2026-05-27 04:43:07]     spatial_conv=[4, 29] top_abs_channels=[('Pz', 0.15328901), ('O2', 0.14389138), ('T3', 0.12648478), ('O1', 0.12161255), ('T4', 0.12158769), ('CP3', 0.12112422), ('C3', 0.11523089), ('CP4', 0.11093313)]
[2026-05-27 04:43:07]     spatial_update=delta_l2=0.00538473 max_abs=0.00050000 relative=0.00451179 changed=True

[2026-05-27 04:43:08] Fold 10/10 | subject=33
[2026-05-27 04:43:08]     Train: 24 | counts=[12, 12]
[2026-05-27 04:43:08]     Test:  16 | counts=[8, 8]
[2026-05-27 04:43:08]     Model: SignalJEPA_PreLocal | Pretrained: from_pretrained | Strategy: new
[2026-05-27 04:43:08]     Normalization: none | fit_scope=none
[2026-05-27 04:43:08]     Phase 1 (new): 2,170/16,010 params
[2026-05-27 04:43:08]     Result | best_epoch=1 | stop=51 | final_phase_epochs=51 | acc=0.5000 | bal_acc=0.5000 | pred_hist=[0, 16] | collapse=True
[2026-05-27 04:43:08]     spatial_conv=[4, 29] top_abs_channels=[('Pz', 0.15328901), ('O2', 0.14389138), ('T3', 0.12673478), ('T4', 0.12233757), ('O1', 0.12186211), ('CP3', 0.12112439), ('C3', 0.11498092), ('CP4', 0.11093313)]
[2026-05-27 04:43:08]     spatial_update=delta_l2=0.00538495 max_abs=0.00050000 relative=0.00451197 changed=True
[2026-05-27 04:43:08]   Subject 33: acc=0.4313±0.1201  bal_acc=0.4313±0.1201
[2026-05-27 04:43:08] \nSubject 34: 40 windows | class_counts=[20, 20]

[2026-05-27 04:43:08] Fold 1/10 | subject=34
[2026-05-27 04:43:08]     Train: 24 | counts=[12, 12]
[2026-05-27 04:43:08]     Test:  16 | counts=[8, 8]
[2026-05-27 04:43:08]     Model: SignalJEPA_PreLocal | Pretrained: from_pretrained | Strategy: new
[2026-05-27 04:43:08]     Normalization: none | fit_scope=none
[2026-05-27 04:43:08]     Phase 1 (new): 2,170/16,010 params
[2026-05-27 04:43:10]     Result | best_epoch=459 | stop=509 | final_phase_epochs=509 | acc=0.6875 | bal_acc=0.6875 | pred_hist=[7, 9] | collapse=False
[2026-05-27 04:43:10]     spatial_conv=[4, 29] top_abs_channels=[('O2', 0.20060456), ('CP3', 0.17390472), ('O1', 0.17064925), ('C3', 0.16195583), ('Fz', 0.15080726), ('T3', 0.14225625), ('TP8', 0.12091028), ('T5', 0.10798955)]
[2026-05-27 04:43:10]     spatial_update=delta_l2=1.10423864 max_abs=0.23716862 relative=0.92522655 changed=True

[2026-05-27 04:43:11] Fold 2/10 | subject=34
[2026-05-27 04:43:11]     Train: 24 | counts=[12, 12]
[2026-05-27 04:43:11]     Test:  16 | counts=[8, 8]
[2026-05-27 04:43:11]     Model: SignalJEPA_PreLocal | Pretrained: from_pretrained | Strategy: new
[2026-05-27 04:43:11]     Normalization: none | fit_scope=none
[2026-05-27 04:43:11]     Phase 1 (new): 2,170/16,010 params
[2026-05-27 04:43:11]     Result | best_epoch=13 | stop=61 | final_phase_epochs=61 | acc=0.6250 | bal_acc=0.6250 | pred_hist=[4, 12] | collapse=False
[2026-05-27 04:43:11]     spatial_conv=[4, 29] top_abs_channels=[('Pz', 0.1573972), ('O2', 0.14015642), ('T3', 0.12780169), ('O1', 0.12694392), ('T4', 0.12206987), ('CP3', 0.11742585), ('CP4', 0.11366761), ('C3', 0.11277849)]
[2026-05-27 04:43:11]     spatial_update=delta_l2=0.04955934 max_abs=0.00555577 relative=0.04152509 changed=True

[2026-05-27 04:43:12] Fold 3/10 | subject=34
[2026-05-27 04:43:12]     Train: 24 | counts=[12, 12]
[2026-05-27 04:43:12]     Test:  16 | counts=[8, 8]
[2026-05-27 04:43:12]     Model: SignalJEPA_PreLocal | Pretrained: from_pretrained | Strategy: new
[2026-05-27 04:43:12]     Normalization: none | fit_scope=none
[2026-05-27 04:43:12]     Phase 1 (new): 2,170/16,010 params
[2026-05-27 04:43:14]     Result | best_epoch=519 | stop=569 | final_phase_epochs=569 | acc=0.6875 | bal_acc=0.6875 | pred_hist=[7, 9] | collapse=False
[2026-05-27 04:43:14]     spatial_conv=[4, 29] top_abs_channels=[('CP3', 0.18834952), ('C4', 0.16179389), ('FC4', 0.15636674), ('O2', 0.14821866), ('CP4', 0.13225274), ('TP8', 0.12896731), ('F3', 0.11654407), ('C3', 0.11635806)]
[2026-05-27 04:43:14]     spatial_update=delta_l2=1.04965122 max_abs=0.27389760 relative=0.87948849 changed=True

[2026-05-27 04:43:14] Fold 4/10 | subject=34
[2026-05-27 04:43:14]     Train: 24 | counts=[12, 12]
[2026-05-27 04:43:14]     Test:  16 | counts=[8, 8]
[2026-05-27 04:43:14]     Model: SignalJEPA_PreLocal | Pretrained: from_pretrained | Strategy: new
[2026-05-27 04:43:14]     Normalization: none | fit_scope=none
[2026-05-27 04:43:14]     Phase 1 (new): 2,170/16,010 params
[2026-05-27 04:43:16]     Result | best_epoch=572 | stop=622 | final_phase_epochs=622 | acc=0.5000 | bal_acc=0.5000 | pred_hist=[12, 4] | collapse=False
[2026-05-27 04:43:16]     spatial_conv=[4, 29] top_abs_channels=[('CP3', 0.20218876), ('F3', 0.17641026), ('Cz', 0.1655262), ('O1', 0.14287396), ('C3', 0.13767643), ('Pz', 0.13221788), ('O2', 0.12266666), ('CP4', 0.1034552)]
[2026-05-27 04:43:16]     spatial_update=delta_l2=1.24271846 max_abs=0.27683917 relative=1.04125691 changed=True

[2026-05-27 04:43:17] Fold 5/10 | subject=34
[2026-05-27 04:43:17]     Train: 24 | counts=[12, 12]
[2026-05-27 04:43:17]     Test:  16 | counts=[8, 8]
[2026-05-27 04:43:17]     Model: SignalJEPA_PreLocal | Pretrained: from_pretrained | Strategy: new
[2026-05-27 04:43:17]     Normalization: none | fit_scope=none
[2026-05-27 04:43:17]     Phase 1 (new): 2,170/16,010 params
[2026-05-27 04:43:18]     Result | best_epoch=114 | stop=163 | final_phase_epochs=163 | acc=0.6875 | bal_acc=0.6875 | pred_hist=[5, 11] | collapse=False
[2026-05-27 04:43:18]     spatial_conv=[4, 29] top_abs_channels=[('O1', 0.16433129), ('O2', 0.14741521), ('CP4', 0.14696124), ('Pz', 0.14542685), ('T3', 0.12585308), ('Fz', 0.12520209), ('C3', 0.11958443), ('TP8', 0.11831211)]
[2026-05-27 04:43:18]     spatial_update=delta_l2=0.42370778 max_abs=0.07073038 relative=0.35501899 changed=True

[2026-05-27 04:43:18] Fold 6/10 | subject=34
[2026-05-27 04:43:18]     Train: 24 | counts=[12, 12]
[2026-05-27 04:43:18]     Test:  16 | counts=[8, 8]
[2026-05-27 04:43:18]     Model: SignalJEPA_PreLocal | Pretrained: from_pretrained | Strategy: new
[2026-05-27 04:43:18]     Normalization: none | fit_scope=none
[2026-05-27 04:43:18]     Phase 1 (new): 2,170/16,010 params
[2026-05-27 04:43:19]     Result | best_epoch=328 | stop=337 | final_phase_epochs=337 | acc=0.8125 | bal_acc=0.8125 | pred_hist=[9, 7] | collapse=False
[2026-05-27 04:43:19]     spatial_conv=[4, 29] top_abs_channels=[('O2', 0.18776445), ('T4', 0.14828543), ('CP3', 0.1471799), ('C3', 0.14286518), ('O1', 0.14244407), ('TP8', 0.13980755), ('CP4', 0.12963775), ('FT8', 0.12318826)]
[2026-05-27 04:43:19]     spatial_update=delta_l2=0.92549444 max_abs=0.17454508 relative=0.77545921 changed=True

[2026-05-27 04:43:20] Fold 7/10 | subject=34
[2026-05-27 04:43:20]     Train: 24 | counts=[12, 12]
[2026-05-27 04:43:20]     Test:  16 | counts=[8, 8]
[2026-05-27 04:43:20]     Model: SignalJEPA_PreLocal | Pretrained: from_pretrained | Strategy: new
[2026-05-27 04:43:20]     Normalization: none | fit_scope=none
[2026-05-27 04:43:20]     Phase 1 (new): 2,170/16,010 params
[2026-05-27 04:43:23]     Result | best_epoch=849 | stop=898 | final_phase_epochs=898 | acc=0.6875 | bal_acc=0.6875 | pred_hist=[9, 7] | collapse=False
[2026-05-27 04:43:23]     spatial_conv=[4, 29] top_abs_channels=[('C3', 0.21679124), ('F3', 0.19589359), ('Fz', 0.16740468), ('F4', 0.1613715), ('T5', 0.14648592), ('Cz', 0.1438214), ('Oz', 0.1272023), ('O2', 0.12498864)]
[2026-05-27 04:43:23]     spatial_update=delta_l2=1.42780925 max_abs=0.34487027 relative=1.19634196 changed=True

[2026-05-27 04:43:24] Fold 8/10 | subject=34
[2026-05-27 04:43:24]     Train: 24 | counts=[12, 12]
[2026-05-27 04:43:24]     Test:  16 | counts=[8, 8]
[2026-05-27 04:43:24]     Model: SignalJEPA_PreLocal | Pretrained: from_pretrained | Strategy: new
[2026-05-27 04:43:24]     Normalization: none | fit_scope=none
[2026-05-27 04:43:24]     Phase 1 (new): 2,170/16,010 params
[2026-05-27 04:43:25]     Result | best_epoch=314 | stop=364 | final_phase_epochs=364 | acc=0.6250 | bal_acc=0.6250 | pred_hist=[6, 10] | collapse=False
[2026-05-27 04:43:25]     spatial_conv=[4, 29] top_abs_channels=[('F4', 0.17194755), ('C3', 0.16082489), ('CP3', 0.14662513), ('O2', 0.14524527), ('Cz', 0.138345), ('CP4', 0.13700841), ('Fz', 0.12149421), ('O1', 0.10972518)]
[2026-05-27 04:43:25]     spatial_update=delta_l2=0.91759954 max_abs=0.18710730 relative=0.76884418 changed=True

[2026-05-27 04:43:26] Fold 9/10 | subject=34
[2026-05-27 04:43:26]     Train: 24 | counts=[12, 12]
[2026-05-27 04:43:26]     Test:  16 | counts=[8, 8]
[2026-05-27 04:43:26]     Model: SignalJEPA_PreLocal | Pretrained: from_pretrained | Strategy: new
[2026-05-27 04:43:26]     Normalization: none | fit_scope=none
[2026-05-27 04:43:26]     Phase 1 (new): 2,170/16,010 params
[2026-05-27 04:43:26]     Result | best_epoch=1 | stop=51 | final_phase_epochs=51 | acc=0.6250 | bal_acc=0.6250 | pred_hist=[2, 14] | collapse=False
[2026-05-27 04:43:26]     spatial_conv=[4, 29] top_abs_channels=[('Pz', 0.15328901), ('O2', 0.14389138), ('T3', 0.12673479), ('O1', 0.12236211), ('T4', 0.12233759), ('CP3', 0.12062441), ('C3', 0.11548088), ('CP4', 0.11093313)]
[2026-05-27 04:43:26]     spatial_update=delta_l2=0.00538452 max_abs=0.00050000 relative=0.00451162 changed=True

[2026-05-27 04:43:26] Fold 10/10 | subject=34
[2026-05-27 04:43:26]     Train: 24 | counts=[12, 12]
[2026-05-27 04:43:26]     Test:  16 | counts=[8, 8]
[2026-05-27 04:43:26]     Model: SignalJEPA_PreLocal | Pretrained: from_pretrained | Strategy: new
[2026-05-27 04:43:26]     Normalization: none | fit_scope=none
[2026-05-27 04:43:26]     Phase 1 (new): 2,170/16,010 params
[2026-05-27 04:43:30]     Result | best_epoch=1107 | stop=1157 | final_phase_epochs=1157 | acc=0.6875 | bal_acc=0.6875 | pred_hist=[5, 11] | collapse=False
[2026-05-27 04:43:30]     spatial_conv=[4, 29] top_abs_channels=[('C3', 0.18223079), ('CP3', 0.17161635), ('O2', 0.16500516), ('Cz', 0.1561818), ('FC3', 0.15341005), ('F4', 0.14835837), ('P3', 0.14365529), ('T6', 0.12227775)]
[2026-05-27 04:43:30]     spatial_update=delta_l2=1.41659924 max_abs=0.38927716 relative=1.18694925 changed=True
[2026-05-27 04:43:30]   Subject 34: acc=0.6625±0.0750  bal_acc=0.6625±0.0750
[2026-05-27 04:43:30] \nSubject 35: 40 windows | class_counts=[20, 20]

[2026-05-27 04:43:31] Fold 1/10 | subject=35
[2026-05-27 04:43:31]     Train: 24 | counts=[12, 12]
[2026-05-27 04:43:31]     Test:  16 | counts=[8, 8]
[2026-05-27 04:43:31]     Model: SignalJEPA_PreLocal | Pretrained: from_pretrained | Strategy: new
[2026-05-27 04:43:31]     Normalization: none | fit_scope=none
[2026-05-27 04:43:31]     Phase 1 (new): 2,170/16,010 params
[2026-05-27 04:43:31]     Result | best_epoch=1 | stop=51 | final_phase_epochs=51 | acc=0.5000 | bal_acc=0.5000 | pred_hist=[0, 16] | collapse=True
[2026-05-27 04:43:31]     spatial_conv=[4, 29] top_abs_channels=[('Pz', 0.15328902), ('O2', 0.14389139), ('T3', 0.1264848), ('T4', 0.12183759), ('O1', 0.12136213), ('CP3', 0.12087439), ('C3', 0.1152309), ('CP4', 0.11068314)]
[2026-05-27 04:43:31]     spatial_update=delta_l2=0.00538502 max_abs=0.00050000 relative=0.00451204 changed=True

[2026-05-27 04:43:32] Fold 2/10 | subject=35
[2026-05-27 04:43:32]     Train: 24 | counts=[12, 12]
[2026-05-27 04:43:32]     Test:  16 | counts=[8, 8]
[2026-05-27 04:43:32]     Model: SignalJEPA_PreLocal | Pretrained: from_pretrained | Strategy: new
[2026-05-27 04:43:32]     Normalization: none | fit_scope=none
[2026-05-27 04:43:32]     Phase 1 (new): 2,170/16,010 params
[2026-05-27 04:43:32]     Result | best_epoch=1 | stop=51 | final_phase_epochs=51 | acc=0.5000 | bal_acc=0.5000 | pred_hist=[0, 16] | collapse=True
[2026-05-27 04:43:32]     spatial_conv=[4, 29] top_abs_channels=[('Pz', 0.15328901), ('O2', 0.14389138), ('T3', 0.12673478), ('T4', 0.12208755), ('O1', 0.12186212), ('CP3', 0.12062439), ('C3', 0.11498091), ('CP4', 0.11093313)]
[2026-05-27 04:43:32]     spatial_update=delta_l2=0.00538505 max_abs=0.00050000 relative=0.00451206 changed=True

[2026-05-27 04:43:32] Fold 3/10 | subject=35
[2026-05-27 04:43:32]     Train: 24 | counts=[12, 12]
[2026-05-27 04:43:32]     Test:  16 | counts=[8, 8]
[2026-05-27 04:43:32]     Model: SignalJEPA_PreLocal | Pretrained: from_pretrained | Strategy: new
[2026-05-27 04:43:32]     Normalization: none | fit_scope=none
[2026-05-27 04:43:32]     Phase 1 (new): 2,170/16,010 params
[2026-05-27 04:43:33]     Result | best_epoch=1 | stop=51 | final_phase_epochs=51 | acc=0.5625 | bal_acc=0.5625 | pred_hist=[1, 15] | collapse=True
[2026-05-27 04:43:33]     spatial_conv=[4, 29] top_abs_channels=[('Pz', 0.15278901), ('O2', 0.14389139), ('T3', 0.1264848), ('T4', 0.1220876), ('O1', 0.12186211), ('CP3', 0.12137438), ('C3', 0.1152309), ('CP4', 0.11093313)]
[2026-05-27 04:43:33]     spatial_update=delta_l2=0.00538507 max_abs=0.00050000 relative=0.00451208 changed=True

[2026-05-27 04:43:33] Fold 4/10 | subject=35
[2026-05-27 04:43:33]     Train: 24 | counts=[12, 12]
[2026-05-27 04:43:33]     Test:  16 | counts=[8, 8]
[2026-05-27 04:43:33]     Model: SignalJEPA_PreLocal | Pretrained: from_pretrained | Strategy: new
[2026-05-27 04:43:33]     Normalization: none | fit_scope=none
[2026-05-27 04:43:33]     Phase 1 (new): 2,170/16,010 params
[2026-05-27 04:43:34]     Result | best_epoch=131 | stop=181 | final_phase_epochs=181 | acc=0.6250 | bal_acc=0.6250 | pred_hist=[12, 4] | collapse=False
[2026-05-27 04:43:34]     spatial_conv=[4, 29] top_abs_channels=[('Pz', 0.17306468), ('O1', 0.14986248), ('P4', 0.12780917), ('P3', 0.12517102), ('Fp1', 0.11995678), ('O2', 0.11573845), ('T4', 0.11339455), ('FT8', 0.11287463)]
[2026-05-27 04:43:34]     spatial_update=delta_l2=0.50575804 max_abs=0.08624025 relative=0.42376779 changed=True

[2026-05-27 04:43:34] Fold 5/10 | subject=35
[2026-05-27 04:43:34]     Train: 24 | counts=[12, 12]
[2026-05-27 04:43:34]     Test:  16 | counts=[8, 8]
[2026-05-27 04:43:34]     Model: SignalJEPA_PreLocal | Pretrained: from_pretrained | Strategy: new
[2026-05-27 04:43:34]     Normalization: none | fit_scope=none
[2026-05-27 04:43:34]     Phase 1 (new): 2,170/16,010 params
[2026-05-27 04:43:34]     Result | best_epoch=1 | stop=51 | final_phase_epochs=51 | acc=0.5000 | bal_acc=0.5000 | pred_hist=[0, 16] | collapse=True
[2026-05-27 04:43:34]     spatial_conv=[4, 29] top_abs_channels=[('Pz', 0.15328892), ('O2', 0.14389139), ('T3', 0.12673479), ('O1', 0.12211213), ('T4', 0.12208758), ('CP3', 0.12062439), ('C3', 0.1152309), ('CP4', 0.11068314)]
[2026-05-27 04:43:34]     spatial_update=delta_l2=0.00538476 max_abs=0.00050000 relative=0.00451182 changed=True

[2026-05-27 04:43:35] Fold 6/10 | subject=35
[2026-05-27 04:43:35]     Train: 24 | counts=[12, 12]
[2026-05-27 04:43:35]     Test:  16 | counts=[8, 8]
[2026-05-27 04:43:35]     Model: SignalJEPA_PreLocal | Pretrained: from_pretrained | Strategy: new
[2026-05-27 04:43:35]     Normalization: none | fit_scope=none
[2026-05-27 04:43:35]     Phase 1 (new): 2,170/16,010 params
[2026-05-27 04:43:36]     Result | best_epoch=203 | stop=253 | final_phase_epochs=253 | acc=0.5625 | bal_acc=0.5625 | pred_hist=[9, 7] | collapse=False
[2026-05-27 04:43:36]     spatial_conv=[4, 29] top_abs_channels=[('CP4', 0.18234566), ('FT8', 0.13649777), ('O2', 0.13354674), ('T4', 0.12073036), ('Pz', 0.11761668), ('T6', 0.11514875), ('FT7', 0.11488663), ('T3', 0.11293972)]
[2026-05-27 04:43:36]     spatial_update=delta_l2=0.71254293 max_abs=0.13823729 relative=0.59703004 changed=True

[2026-05-27 04:43:37] Fold 7/10 | subject=35
[2026-05-27 04:43:37]     Train: 24 | counts=[12, 12]
[2026-05-27 04:43:37]     Test:  16 | counts=[8, 8]
[2026-05-27 04:43:37]     Model: SignalJEPA_PreLocal | Pretrained: from_pretrained | Strategy: new
[2026-05-27 04:43:37]     Normalization: none | fit_scope=none
[2026-05-27 04:43:37]     Phase 1 (new): 2,170/16,010 params
[2026-05-27 04:43:37]     Result | best_epoch=1 | stop=51 | final_phase_epochs=51 | acc=0.5000 | bal_acc=0.5000 | pred_hist=[0, 16] | collapse=True
[2026-05-27 04:43:37]     spatial_conv=[4, 29] top_abs_channels=[('Pz', 0.15353899), ('O2', 0.14389138), ('T3', 0.12673478), ('O1', 0.12236206), ('T4', 0.12208758), ('CP3', 0.1206245), ('C3', 0.1152309), ('CP4', 0.11093312)]
[2026-05-27 04:43:37]     spatial_update=delta_l2=0.00538499 max_abs=0.00050000 relative=0.00451201 changed=True

[2026-05-27 04:43:37] Fold 8/10 | subject=35
[2026-05-27 04:43:37]     Train: 24 | counts=[12, 12]
[2026-05-27 04:43:37]     Test:  16 | counts=[8, 8]
[2026-05-27 04:43:37]     Model: SignalJEPA_PreLocal | Pretrained: from_pretrained | Strategy: new
[2026-05-27 04:43:37]     Normalization: none | fit_scope=none
[2026-05-27 04:43:37]     Phase 1 (new): 2,170/16,010 params
[2026-05-27 04:43:37]     Result | best_epoch=1 | stop=51 | final_phase_epochs=51 | acc=0.5000 | bal_acc=0.5000 | pred_hist=[0, 16] | collapse=True
[2026-05-27 04:43:37]     spatial_conv=[4, 29] top_abs_channels=[('Pz', 0.153539), ('O2', 0.14389136), ('T3', 0.12673478), ('O1', 0.12186214), ('T4', 0.12183759), ('CP3', 0.12062439), ('C3', 0.11498091), ('CP4', 0.11093316)]
[2026-05-27 04:43:37]     spatial_update=delta_l2=0.00538506 max_abs=0.00050000 relative=0.00451207 changed=True

[2026-05-27 04:43:38] Fold 9/10 | subject=35
[2026-05-27 04:43:38]     Train: 24 | counts=[12, 12]
[2026-05-27 04:43:38]     Test:  16 | counts=[8, 8]
[2026-05-27 04:43:38]     Model: SignalJEPA_PreLocal | Pretrained: from_pretrained | Strategy: new
[2026-05-27 04:43:38]     Normalization: none | fit_scope=none
[2026-05-27 04:43:38]     Phase 1 (new): 2,170/16,010 params
[2026-05-27 04:43:39]     Result | best_epoch=185 | stop=235 | final_phase_epochs=235 | acc=0.3750 | bal_acc=0.3750 | pred_hist=[8, 8] | collapse=False
[2026-05-27 04:43:39]     spatial_conv=[4, 29] top_abs_channels=[('CP4', 0.18275829), ('Pz', 0.1806719), ('T3', 0.16479573), ('T4', 0.13731848), ('Fz', 0.12839478), ('P3', 0.12834066), ('O1', 0.12592331), ('O2', 0.12168645)]
[2026-05-27 04:43:39]     spatial_update=delta_l2=0.68665285 max_abs=0.11507615 relative=0.57533709 changed=True

[2026-05-27 04:43:39] Fold 10/10 | subject=35
[2026-05-27 04:43:39]     Train: 24 | counts=[12, 12]
[2026-05-27 04:43:39]     Test:  16 | counts=[8, 8]
[2026-05-27 04:43:39]     Model: SignalJEPA_PreLocal | Pretrained: from_pretrained | Strategy: new
[2026-05-27 04:43:39]     Normalization: none | fit_scope=none
[2026-05-27 04:43:39]     Phase 1 (new): 2,170/16,010 params
[2026-05-27 04:43:43]     Result | best_epoch=773 | stop=823 | final_phase_epochs=823 | acc=0.3125 | bal_acc=0.3125 | pred_hist=[7, 9] | collapse=False
[2026-05-27 04:43:43]     spatial_conv=[4, 29] top_abs_channels=[('C4', 0.21799958), ('CP4', 0.16689125), ('FC3', 0.15337519), ('Oz', 0.14557244), ('T5', 0.14240476), ('F4', 0.13254093), ('FC4', 0.127785), ('CP3', 0.11410014)]
[2026-05-27 04:43:43]     spatial_update=delta_l2=1.34804424 max_abs=0.34173103 relative=1.12950794 changed=True
[2026-05-27 04:43:43]   Subject 35: acc=0.4938±0.0859  bal_acc=0.4938±0.0859
[2026-05-27 04:43:43] \nSubject 36: 40 windows | class_counts=[20, 20]

[2026-05-27 04:43:43] Fold 1/10 | subject=36
[2026-05-27 04:43:43]     Train: 24 | counts=[12, 12]
[2026-05-27 04:43:43]     Test:  16 | counts=[8, 8]
[2026-05-27 04:43:43]     Model: SignalJEPA_PreLocal | Pretrained: from_pretrained | Strategy: new
[2026-05-27 04:43:43]     Normalization: none | fit_scope=none
[2026-05-27 04:43:43]     Phase 1 (new): 2,170/16,010 params
[2026-05-27 04:43:44]     Result | best_epoch=1 | stop=51 | final_phase_epochs=51 | acc=0.5625 | bal_acc=0.5625 | pred_hist=[1, 15] | collapse=True
[2026-05-27 04:43:44]     spatial_conv=[4, 29] top_abs_channels=[('Pz', 0.15303901), ('O2', 0.14389138), ('T3', 0.12673476), ('O1', 0.12211213), ('T4', 0.1220876), ('CP3', 0.12087449), ('C3', 0.1154809), ('CP4', 0.1104336)]
[2026-05-27 04:43:44]     spatial_update=delta_l2=0.00538487 max_abs=0.00050000 relative=0.00451191 changed=True

[2026-05-27 04:43:44] Fold 2/10 | subject=36
[2026-05-27 04:43:44]     Train: 24 | counts=[12, 12]
[2026-05-27 04:43:44]     Test:  16 | counts=[8, 8]
[2026-05-27 04:43:44]     Model: SignalJEPA_PreLocal | Pretrained: from_pretrained | Strategy: new
[2026-05-27 04:43:44]     Normalization: none | fit_scope=none
[2026-05-27 04:43:44]     Phase 1 (new): 2,170/16,010 params
[2026-05-27 04:43:44]     Result | best_epoch=1 | stop=51 | final_phase_epochs=51 | acc=0.4375 | bal_acc=0.4375 | pred_hist=[1, 15] | collapse=True
[2026-05-27 04:43:44]     spatial_conv=[4, 29] top_abs_channels=[('Pz', 0.15303899), ('O2', 0.14414138), ('T3', 0.12648478), ('O1', 0.12236211), ('T4', 0.12183759), ('CP3', 0.12162438), ('C3', 0.11498092), ('CP4', 0.11068314)]
[2026-05-27 04:43:44]     spatial_update=delta_l2=0.00538495 max_abs=0.00050000 relative=0.00451198 changed=True

[2026-05-27 04:43:45] Fold 3/10 | subject=36
[2026-05-27 04:43:45]     Train: 24 | counts=[12, 12]
[2026-05-27 04:43:45]     Test:  16 | counts=[8, 8]
[2026-05-27 04:43:45]     Model: SignalJEPA_PreLocal | Pretrained: from_pretrained | Strategy: new
[2026-05-27 04:43:45]     Normalization: none | fit_scope=none
[2026-05-27 04:43:45]     Phase 1 (new): 2,170/16,010 params
[2026-05-27 04:43:45]     Result | best_epoch=1 | stop=51 | final_phase_epochs=51 | acc=0.5625 | bal_acc=0.5625 | pred_hist=[1, 15] | collapse=True
[2026-05-27 04:43:45]     spatial_conv=[4, 29] top_abs_channels=[('Pz', 0.15353897), ('O2', 0.14389138), ('T3', 0.12648483), ('O1', 0.12236211), ('T4', 0.1220876), ('CP3', 0.12137438), ('C3', 0.1152309), ('CP4', 0.11093313)]
[2026-05-27 04:43:45]     spatial_update=delta_l2=0.00538503 max_abs=0.00050000 relative=0.00451205 changed=True

[2026-05-27 04:43:45] Fold 4/10 | subject=36
[2026-05-27 04:43:45]     Train: 24 | counts=[12, 12]
[2026-05-27 04:43:45]     Test:  16 | counts=[8, 8]
[2026-05-27 04:43:45]     Model: SignalJEPA_PreLocal | Pretrained: from_pretrained | Strategy: new
[2026-05-27 04:43:45]     Normalization: none | fit_scope=none
[2026-05-27 04:43:45]     Phase 1 (new): 2,170/16,010 params
[2026-05-27 04:43:46]     Result | best_epoch=1 | stop=51 | final_phase_epochs=51 | acc=0.5625 | bal_acc=0.5625 | pred_hist=[1, 15] | collapse=True
[2026-05-27 04:43:46]     spatial_conv=[4, 29] top_abs_channels=[('Pz', 0.15328901), ('O2', 0.14414138), ('T3', 0.12723477), ('O1', 0.12211211), ('T4', 0.12158759), ('CP3', 0.12112548), ('C3', 0.11548081), ('CP4', 0.11118308)]
[2026-05-27 04:43:46]     spatial_update=delta_l2=0.00538457 max_abs=0.00050000 relative=0.00451166 changed=True

[2026-05-27 04:43:46] Fold 5/10 | subject=36
[2026-05-27 04:43:46]     Train: 24 | counts=[12, 12]
[2026-05-27 04:43:46]     Test:  16 | counts=[8, 8]
[2026-05-27 04:43:46]     Model: SignalJEPA_PreLocal | Pretrained: from_pretrained | Strategy: new
[2026-05-27 04:43:46]     Normalization: none | fit_scope=none
[2026-05-27 04:43:46]     Phase 1 (new): 2,170/16,010 params
[2026-05-27 04:43:47]     Result | best_epoch=1 | stop=51 | final_phase_epochs=51 | acc=0.4375 | bal_acc=0.4375 | pred_hist=[1, 15] | collapse=True
[2026-05-27 04:43:47]     spatial_conv=[4, 29] top_abs_channels=[('Pz', 0.15278903), ('O2', 0.14414138), ('T3', 0.12648481), ('O1', 0.12236209), ('T4', 0.12183762), ('CP3', 0.12137438), ('C3', 0.11548087), ('CP4', 0.11043314)]
[2026-05-27 04:43:47]     spatial_update=delta_l2=0.00538499 max_abs=0.00050000 relative=0.00451201 changed=True

[2026-05-27 04:43:47] Fold 6/10 | subject=36
[2026-05-27 04:43:47]     Train: 24 | counts=[12, 12]
[2026-05-27 04:43:47]     Test:  16 | counts=[8, 8]
[2026-05-27 04:43:47]     Model: SignalJEPA_PreLocal | Pretrained: from_pretrained | Strategy: new
[2026-05-27 04:43:47]     Normalization: none | fit_scope=none
[2026-05-27 04:43:47]     Phase 1 (new): 2,170/16,010 params
[2026-05-27 04:43:47]     Result | best_epoch=1 | stop=51 | final_phase_epochs=51 | acc=0.5000 | bal_acc=0.5000 | pred_hist=[2, 14] | collapse=False
[2026-05-27 04:43:47]     spatial_conv=[4, 29] top_abs_channels=[('Pz', 0.15303901), ('O2', 0.14414138), ('T3', 0.12673478), ('O1', 0.12211212), ('T4', 0.12183759), ('CP3', 0.12112439), ('C3', 0.1154809), ('CP4', 0.11043314)]
[2026-05-27 04:43:47]     spatial_update=delta_l2=0.00538502 max_abs=0.00050000 relative=0.00451203 changed=True

[2026-05-27 04:43:48] Fold 7/10 | subject=36
[2026-05-27 04:43:48]     Train: 24 | counts=[12, 12]
[2026-05-27 04:43:48]     Test:  16 | counts=[8, 8]
[2026-05-27 04:43:48]     Model: SignalJEPA_PreLocal | Pretrained: from_pretrained | Strategy: new
[2026-05-27 04:43:48]     Normalization: none | fit_scope=none
[2026-05-27 04:43:48]     Phase 1 (new): 2,170/16,010 params
[2026-05-27 04:43:48]     Result | best_epoch=23 | stop=71 | final_phase_epochs=71 | acc=0.4375 | bal_acc=0.4375 | pred_hist=[7, 9] | collapse=False
[2026-05-27 04:43:48]     spatial_conv=[4, 29] top_abs_channels=[('Pz', 0.15234834), ('O2', 0.13969231), ('T4', 0.12922582), ('O1', 0.12690671), ('T3', 0.1264195), ('CP3', 0.11823871), ('Fp1', 0.11346568), ('CP4', 0.1125355)]
[2026-05-27 04:43:48]     spatial_update=delta_l2=0.08695165 max_abs=0.01091660 relative=0.07285560 changed=True

[2026-05-27 04:43:49] Fold 8/10 | subject=36
[2026-05-27 04:43:49]     Train: 24 | counts=[12, 12]
[2026-05-27 04:43:49]     Test:  16 | counts=[8, 8]
[2026-05-27 04:43:49]     Model: SignalJEPA_PreLocal | Pretrained: from_pretrained | Strategy: new
[2026-05-27 04:43:49]     Normalization: none | fit_scope=none
[2026-05-27 04:43:49]     Phase 1 (new): 2,170/16,010 params
[2026-05-27 04:43:49]     Result | best_epoch=1 | stop=51 | final_phase_epochs=51 | acc=0.5000 | bal_acc=0.5000 | pred_hist=[2, 14] | collapse=False
[2026-05-27 04:43:49]     spatial_conv=[4, 29] top_abs_channels=[('Pz', 0.15328901), ('O2', 0.14389138), ('T3', 0.12673478), ('T4', 0.12258758), ('O1', 0.12236211), ('CP3', 0.12112439), ('C3', 0.1152309), ('CP4', 0.11068311)]
[2026-05-27 04:43:49]     spatial_update=delta_l2=0.00538392 max_abs=0.00050000 relative=0.00451111 changed=True

[2026-05-27 04:43:49] Fold 9/10 | subject=36
[2026-05-27 04:43:49]     Train: 24 | counts=[12, 12]
[2026-05-27 04:43:49]     Test:  16 | counts=[8, 8]
[2026-05-27 04:43:49]     Model: SignalJEPA_PreLocal | Pretrained: from_pretrained | Strategy: new
[2026-05-27 04:43:49]     Normalization: none | fit_scope=none
[2026-05-27 04:43:49]     Phase 1 (new): 2,170/16,010 params
[2026-05-27 04:43:50]     Result | best_epoch=1 | stop=51 | final_phase_epochs=51 | acc=0.4375 | bal_acc=0.4375 | pred_hist=[1, 15] | collapse=True
[2026-05-27 04:43:50]     spatial_conv=[4, 29] top_abs_channels=[('Pz', 0.153539), ('O2', 0.14389138), ('T3', 0.12673478), ('O1', 0.12211212), ('T4', 0.1218376), ('CP3', 0.12112439), ('C3', 0.1152309), ('CP4', 0.11068314)]
[2026-05-27 04:43:50]     spatial_update=delta_l2=0.00538507 max_abs=0.00050000 relative=0.00451208 changed=True

[2026-05-27 04:43:50] Fold 10/10 | subject=36
[2026-05-27 04:43:50]     Train: 24 | counts=[12, 12]
[2026-05-27 04:43:50]     Test:  16 | counts=[8, 8]
[2026-05-27 04:43:50]     Model: SignalJEPA_PreLocal | Pretrained: from_pretrained | Strategy: new
[2026-05-27 04:43:50]     Normalization: none | fit_scope=none
[2026-05-27 04:43:50]     Phase 1 (new): 2,170/16,010 params
[2026-05-27 04:43:51]     Result | best_epoch=78 | stop=127 | final_phase_epochs=127 | acc=0.4375 | bal_acc=0.4375 | pred_hist=[11, 5] | collapse=False
[2026-05-27 04:43:51]     spatial_conv=[4, 29] top_abs_channels=[('Pz', 0.1578041), ('C3', 0.14996251), ('T4', 0.12861668), ('O2', 0.12753019), ('CP3', 0.12336094), ('F4', 0.11383434), ('FCz', 0.11382998), ('P3', 0.11341806)]
[2026-05-27 04:43:51]     spatial_update=delta_l2=0.31631119 max_abs=0.04700580 relative=0.26503285 changed=True
[2026-05-27 04:43:51]   Subject 36: acc=0.4875±0.0545  bal_acc=0.4875±0.0545
[2026-05-27 04:43:51] \nSubject 37: 40 windows | class_counts=[20, 20]

[2026-05-27 04:43:51] Fold 1/10 | subject=37
[2026-05-27 04:43:51]     Train: 24 | counts=[12, 12]
[2026-05-27 04:43:51]     Test:  16 | counts=[8, 8]
[2026-05-27 04:43:51]     Model: SignalJEPA_PreLocal | Pretrained: from_pretrained | Strategy: new
[2026-05-27 04:43:51]     Normalization: none | fit_scope=none
[2026-05-27 04:43:51]     Phase 1 (new): 2,170/16,010 params
[2026-05-27 04:43:51]     Result | best_epoch=1 | stop=51 | final_phase_epochs=51 | acc=0.5000 | bal_acc=0.5000 | pred_hist=[0, 16] | collapse=True
[2026-05-27 04:43:51]     spatial_conv=[4, 29] top_abs_channels=[('Pz', 0.15303901), ('O2', 0.14414138), ('T3', 0.12698479), ('O1', 0.12186211), ('T4', 0.12183759), ('CP3', 0.12112439), ('C3', 0.1154809), ('CP4', 0.11093312)]
[2026-05-27 04:43:51]     spatial_update=delta_l2=0.00538496 max_abs=0.00050000 relative=0.00451198 changed=True

[2026-05-27 04:43:52] Fold 2/10 | subject=37
[2026-05-27 04:43:52]     Train: 24 | counts=[12, 12]
[2026-05-27 04:43:52]     Test:  16 | counts=[8, 8]
[2026-05-27 04:43:52]     Model: SignalJEPA_PreLocal | Pretrained: from_pretrained | Strategy: new
[2026-05-27 04:43:52]     Normalization: none | fit_scope=none
[2026-05-27 04:43:52]     Phase 1 (new): 2,170/16,010 params
[2026-05-27 04:43:52]     Result | best_epoch=1 | stop=51 | final_phase_epochs=51 | acc=0.5000 | bal_acc=0.5000 | pred_hist=[0, 16] | collapse=True
[2026-05-27 04:43:52]     spatial_conv=[4, 29] top_abs_channels=[('Pz', 0.15303902), ('O2', 0.14364138), ('T3', 0.12698478), ('O1', 0.1218622), ('T4', 0.12183769), ('CP3', 0.12137438), ('C3', 0.11523089), ('CP4', 0.11118316)]
[2026-05-27 04:43:52]     spatial_update=delta_l2=0.00538493 max_abs=0.00050000 relative=0.00451196 changed=True

[2026-05-27 04:43:53] Fold 3/10 | subject=37
[2026-05-27 04:43:53]     Train: 24 | counts=[12, 12]
[2026-05-27 04:43:53]     Test:  16 | counts=[8, 8]
[2026-05-27 04:43:53]     Model: SignalJEPA_PreLocal | Pretrained: from_pretrained | Strategy: new
[2026-05-27 04:43:53]     Normalization: none | fit_scope=none
[2026-05-27 04:43:53]     Phase 1 (new): 2,170/16,010 params
[2026-05-27 04:43:53]     Result | best_epoch=1 | stop=51 | final_phase_epochs=51 | acc=0.5000 | bal_acc=0.5000 | pred_hist=[0, 16] | collapse=True
[2026-05-27 04:43:53]     spatial_conv=[4, 29] top_abs_channels=[('Pz', 0.15303901), ('O2', 0.14414138), ('T3', 0.1264848), ('T4', 0.12233759), ('O1', 0.12211212), ('CP3', 0.12137438), ('C3', 0.1152309), ('CP4', 0.11068314)]
[2026-05-27 04:43:53]     spatial_update=delta_l2=0.00538496 max_abs=0.00050000 relative=0.00451199 changed=True

[2026-05-27 04:43:53] Fold 4/10 | subject=37
[2026-05-27 04:43:53]     Train: 24 | counts=[12, 12]
[2026-05-27 04:43:53]     Test:  16 | counts=[8, 8]
[2026-05-27 04:43:53]     Model: SignalJEPA_PreLocal | Pretrained: from_pretrained | Strategy: new
[2026-05-27 04:43:53]     Normalization: none | fit_scope=none
[2026-05-27 04:43:53]     Phase 1 (new): 2,170/16,010 params
[2026-05-27 04:43:54]     Result | best_epoch=1 | stop=51 | final_phase_epochs=51 | acc=0.5625 | bal_acc=0.5625 | pred_hist=[1, 15] | collapse=True
[2026-05-27 04:43:54]     spatial_conv=[4, 29] top_abs_channels=[('Pz', 0.15303901), ('O2', 0.14414139), ('T3', 0.12673479), ('T4', 0.12233759), ('O1', 0.12186216), ('CP3', 0.12162438), ('C3', 0.11523089), ('CP4', 0.11093312)]
[2026-05-27 04:43:54]     spatial_update=delta_l2=0.00538478 max_abs=0.00050000 relative=0.00451183 changed=True

[2026-05-27 04:43:54] Fold 5/10 | subject=37
[2026-05-27 04:43:54]     Train: 24 | counts=[12, 12]
[2026-05-27 04:43:54]     Test:  16 | counts=[8, 8]
[2026-05-27 04:43:54]     Model: SignalJEPA_PreLocal | Pretrained: from_pretrained | Strategy: new
[2026-05-27 04:43:54]     Normalization: none | fit_scope=none
[2026-05-27 04:43:54]     Phase 1 (new): 2,170/16,010 params
[2026-05-27 04:43:55]     Result | best_epoch=69 | stop=119 | final_phase_epochs=119 | acc=0.6250 | bal_acc=0.6250 | pred_hist=[6, 10] | collapse=False
[2026-05-27 04:43:55]     spatial_conv=[4, 29] top_abs_channels=[('O2', 0.15002741), ('Pz', 0.14056021), ('T3', 0.13432395), ('CP3', 0.13412985), ('C3', 0.12662135), ('P3', 0.11655186), ('O1', 0.11500277), ('CP4', 0.11499883)]
[2026-05-27 04:43:55]     spatial_update=delta_l2=0.23583516 max_abs=0.03925089 relative=0.19760307 changed=True

[2026-05-27 04:43:55] Fold 6/10 | subject=37
[2026-05-27 04:43:55]     Train: 24 | counts=[12, 12]
[2026-05-27 04:43:55]     Test:  16 | counts=[8, 8]
[2026-05-27 04:43:55]     Model: SignalJEPA_PreLocal | Pretrained: from_pretrained | Strategy: new
[2026-05-27 04:43:55]     Normalization: none | fit_scope=none
[2026-05-27 04:43:55]     Phase 1 (new): 2,170/16,010 params
[2026-05-27 04:43:55]     Result | best_epoch=1 | stop=51 | final_phase_epochs=51 | acc=0.5000 | bal_acc=0.5000 | pred_hist=[0, 16] | collapse=True
[2026-05-27 04:43:55]     spatial_conv=[4, 29] top_abs_channels=[('Pz', 0.15303901), ('O2', 0.14389139), ('T3', 0.12698479), ('T4', 0.12233758), ('O1', 0.12211212), ('CP3', 0.12137432), ('C3', 0.11548081), ('CP4', 0.11068315)]
[2026-05-27 04:43:55]     spatial_update=delta_l2=0.00538499 max_abs=0.00050000 relative=0.00451201 changed=True

[2026-05-27 04:43:56] Fold 7/10 | subject=37
[2026-05-27 04:43:56]     Train: 24 | counts=[12, 12]
[2026-05-27 04:43:56]     Test:  16 | counts=[8, 8]
[2026-05-27 04:43:56]     Model: SignalJEPA_PreLocal | Pretrained: from_pretrained | Strategy: new
[2026-05-27 04:43:56]     Normalization: none | fit_scope=none
[2026-05-27 04:43:56]     Phase 1 (new): 2,170/16,010 params
[2026-05-27 04:43:56]     Result | best_epoch=5 | stop=55 | final_phase_epochs=55 | acc=0.5000 | bal_acc=0.5000 | pred_hist=[0, 16] | collapse=True
[2026-05-27 04:43:56]     spatial_conv=[4, 29] top_abs_channels=[('Pz', 0.15176144), ('O2', 0.14415771), ('T3', 0.12683688), ('CP3', 0.12260292), ('T4', 0.12212305), ('O1', 0.12160622), ('C3', 0.11522698), ('Fp1', 0.1108781)]
[2026-05-27 04:43:56]     spatial_update=delta_l2=0.02262329 max_abs=0.00250693 relative=0.01895574 changed=True

[2026-05-27 04:43:57] Fold 8/10 | subject=37
[2026-05-27 04:43:57]     Train: 24 | counts=[12, 12]
[2026-05-27 04:43:57]     Test:  16 | counts=[8, 8]
[2026-05-27 04:43:57]     Model: SignalJEPA_PreLocal | Pretrained: from_pretrained | Strategy: new
[2026-05-27 04:43:57]     Normalization: none | fit_scope=none
[2026-05-27 04:43:57]     Phase 1 (new): 2,170/16,010 params
[2026-05-27 04:43:57]     Result | best_epoch=1 | stop=51 | final_phase_epochs=51 | acc=0.5625 | bal_acc=0.5625 | pred_hist=[1, 15] | collapse=True
[2026-05-27 04:43:57]     spatial_conv=[4, 29] top_abs_channels=[('Pz', 0.15278901), ('O2', 0.14439137), ('T3', 0.12673479), ('T4', 0.1220876), ('O1', 0.12186211), ('CP3', 0.12137438), ('C3', 0.11548087), ('CP4', 0.11093313)]
[2026-05-27 04:43:57]     spatial_update=delta_l2=0.00538490 max_abs=0.00050000 relative=0.00451194 changed=True

[2026-05-27 04:43:57] Fold 9/10 | subject=37
[2026-05-27 04:43:57]     Train: 24 | counts=[12, 12]
[2026-05-27 04:43:57]     Test:  16 | counts=[8, 8]
[2026-05-27 04:43:57]     Model: SignalJEPA_PreLocal | Pretrained: from_pretrained | Strategy: new
[2026-05-27 04:43:57]     Normalization: none | fit_scope=none
[2026-05-27 04:43:57]     Phase 1 (new): 2,170/16,010 params
[2026-05-27 04:43:59]     Result | best_epoch=295 | stop=345 | final_phase_epochs=345 | acc=0.2500 | bal_acc=0.2500 | pred_hist=[8, 8] | collapse=False
[2026-05-27 04:43:59]     spatial_conv=[4, 29] top_abs_channels=[('CP3', 0.15359345), ('O2', 0.14801764), ('Fz', 0.14351264), ('F3', 0.14078239), ('F4', 0.13330056), ('C3', 0.12602907), ('FCz', 0.12277266), ('T3', 0.11892034)]
[2026-05-27 04:43:59]     spatial_update=delta_l2=0.91708326 max_abs=0.19975042 relative=0.76841160 changed=True

[2026-05-27 04:43:59] Fold 10/10 | subject=37
[2026-05-27 04:43:59]     Train: 24 | counts=[12, 12]
[2026-05-27 04:43:59]     Test:  16 | counts=[8, 8]
[2026-05-27 04:43:59]     Model: SignalJEPA_PreLocal | Pretrained: from_pretrained | Strategy: new
[2026-05-27 04:43:59]     Normalization: none | fit_scope=none
[2026-05-27 04:43:59]     Phase 1 (new): 2,170/16,010 params
[2026-05-27 04:44:01]     Result | best_epoch=386 | stop=410 | final_phase_epochs=410 | acc=0.5000 | bal_acc=0.5000 | pred_hist=[8, 8] | collapse=False
[2026-05-27 04:44:01]     spatial_conv=[4, 29] top_abs_channels=[('O2', 0.18253295), ('T3', 0.17091306), ('C4', 0.16381869), ('TP7', 0.15303734), ('Fp1', 0.1424706), ('F4', 0.12912247), ('P3', 0.12546778), ('CP4', 0.12369111)]
[2026-05-27 04:44:01]     spatial_update=delta_l2=0.92576432 max_abs=0.21251133 relative=0.77568534 changed=True
[2026-05-27 04:44:01]   Subject 37: acc=0.5000±0.0927  bal_acc=0.5000±0.0927
[2026-05-27 04:44:01] \nSubject 38: 40 windows | class_counts=[20, 20]

[2026-05-27 04:44:01] Fold 1/10 | subject=38
[2026-05-27 04:44:01]     Train: 24 | counts=[12, 12]
[2026-05-27 04:44:01]     Test:  16 | counts=[8, 8]
[2026-05-27 04:44:01]     Model: SignalJEPA_PreLocal | Pretrained: from_pretrained | Strategy: new
[2026-05-27 04:44:01]     Normalization: none | fit_scope=none
[2026-05-27 04:44:01]     Phase 1 (new): 2,170/16,010 params
[2026-05-27 04:44:04]     Result | best_epoch=665 | stop=715 | final_phase_epochs=715 | acc=0.6875 | bal_acc=0.6875 | pred_hist=[7, 9] | collapse=False
[2026-05-27 04:44:04]     spatial_conv=[4, 29] top_abs_channels=[('Pz', 0.19692039), ('CP3', 0.19182177), ('C3', 0.15094057), ('FC3', 0.14620718), ('FCz', 0.14534619), ('TP8', 0.13993309), ('F3', 0.13018659), ('FC4', 0.10574304)]
[2026-05-27 04:44:04]     spatial_update=delta_l2=1.28259309 max_abs=0.31886802 relative=1.07466732 changed=True

[2026-05-27 04:44:05] Fold 2/10 | subject=38
[2026-05-27 04:44:05]     Train: 24 | counts=[12, 12]
[2026-05-27 04:44:05]     Test:  16 | counts=[8, 8]
[2026-05-27 04:44:05]     Model: SignalJEPA_PreLocal | Pretrained: from_pretrained | Strategy: new
[2026-05-27 04:44:05]     Normalization: none | fit_scope=none
[2026-05-27 04:44:05]     Phase 1 (new): 2,170/16,010 params
[2026-05-27 04:44:06]     Result | best_epoch=236 | stop=286 | final_phase_epochs=286 | acc=0.5000 | bal_acc=0.5000 | pred_hist=[10, 6] | collapse=False
[2026-05-27 04:44:06]     spatial_conv=[4, 29] top_abs_channels=[('CP3', 0.16819906), ('P4', 0.16331372), ('T4', 0.15404508), ('O2', 0.13082668), ('Fp2', 0.1252826), ('Pz', 0.12222989), ('TP8', 0.12141122), ('Oz', 0.11944222)]
[2026-05-27 04:44:06]     spatial_update=delta_l2=0.80365465 max_abs=0.15909059 relative=0.67337131 changed=True

[2026-05-27 04:44:06] Fold 3/10 | subject=38
[2026-05-27 04:44:06]     Train: 24 | counts=[12, 12]
[2026-05-27 04:44:06]     Test:  16 | counts=[8, 8]
[2026-05-27 04:44:06]     Model: SignalJEPA_PreLocal | Pretrained: from_pretrained | Strategy: new
[2026-05-27 04:44:06]     Normalization: none | fit_scope=none
[2026-05-27 04:44:06]     Phase 1 (new): 2,170/16,010 params
[2026-05-27 04:44:09]     Result | best_epoch=744 | stop=794 | final_phase_epochs=794 | acc=0.5000 | bal_acc=0.5000 | pred_hist=[8, 8] | collapse=False
[2026-05-27 04:44:09]     spatial_conv=[4, 29] top_abs_channels=[('Pz', 0.2142669), ('TP8', 0.18742432), ('F3', 0.16731183), ('Fp1', 0.14140695), ('CP3', 0.13448387), ('P4', 0.12593426), ('Oz', 0.11891037), ('O1', 0.10814297)]
[2026-05-27 04:44:09]     spatial_update=delta_l2=1.36892701 max_abs=0.32156311 relative=1.14700533 changed=True

[2026-05-27 04:44:09] Fold 4/10 | subject=38
[2026-05-27 04:44:09]     Train: 24 | counts=[12, 12]
[2026-05-27 04:44:09]     Test:  16 | counts=[8, 8]
[2026-05-27 04:44:09]     Model: SignalJEPA_PreLocal | Pretrained: from_pretrained | Strategy: new
[2026-05-27 04:44:09]     Normalization: none | fit_scope=none
[2026-05-27 04:44:09]     Phase 1 (new): 2,170/16,010 params
[2026-05-27 04:44:10]     Result | best_epoch=1 | stop=51 | final_phase_epochs=51 | acc=0.5000 | bal_acc=0.5000 | pred_hist=[0, 16] | collapse=True
[2026-05-27 04:44:10]     spatial_conv=[4, 29] top_abs_channels=[('Pz', 0.15328898), ('O2', 0.14414138), ('T3', 0.12698479), ('T4', 0.1220876), ('O1', 0.12161212), ('CP3', 0.12087442), ('C3', 0.1154809), ('CP4', 0.11118309)]
[2026-05-27 04:44:10]     spatial_update=delta_l2=0.00538501 max_abs=0.00050000 relative=0.00451203 changed=True

[2026-05-27 04:44:10] Fold 5/10 | subject=38
[2026-05-27 04:44:10]     Train: 24 | counts=[12, 12]
[2026-05-27 04:44:10]     Test:  16 | counts=[8, 8]
[2026-05-27 04:44:10]     Model: SignalJEPA_PreLocal | Pretrained: from_pretrained | Strategy: new
[2026-05-27 04:44:10]     Normalization: none | fit_scope=none
[2026-05-27 04:44:10]     Phase 1 (new): 2,170/16,010 params
[2026-05-27 04:44:13]     Result | best_epoch=733 | stop=783 | final_phase_epochs=783 | acc=0.5000 | bal_acc=0.5000 | pred_hist=[8, 8] | collapse=False
[2026-05-27 04:44:13]     spatial_conv=[4, 29] top_abs_channels=[('P3', 0.21898787), ('F3', 0.18435702), ('FC4', 0.15609814), ('C4', 0.14354701), ('C3', 0.14050138), ('Pz', 0.13196823), ('CP3', 0.12325421), ('O2', 0.11827181)]
[2026-05-27 04:44:13]     spatial_update=delta_l2=1.45209495 max_abs=0.31767972 relative=1.21669062 changed=True

[2026-05-27 04:44:13] Fold 6/10 | subject=38
[2026-05-27 04:44:13]     Train: 24 | counts=[12, 12]
[2026-05-27 04:44:13]     Test:  16 | counts=[8, 8]
[2026-05-27 04:44:13]     Model: SignalJEPA_PreLocal | Pretrained: from_pretrained | Strategy: new
[2026-05-27 04:44:13]     Normalization: none | fit_scope=none
[2026-05-27 04:44:13]     Phase 1 (new): 2,170/16,010 params
[2026-05-27 04:44:14]     Result | best_epoch=111 | stop=159 | final_phase_epochs=159 | acc=0.6250 | bal_acc=0.6250 | pred_hist=[10, 6] | collapse=False
[2026-05-27 04:44:14]     spatial_conv=[4, 29] top_abs_channels=[('T4', 0.15807429), ('Pz', 0.15584835), ('O1', 0.13657653), ('O2', 0.13267137), ('C3', 0.12615763), ('Fp1', 0.12059296), ('CP3', 0.11556888), ('FCz', 0.11201806)]
[2026-05-27 04:44:14]     spatial_update=delta_l2=0.43432487 max_abs=0.07036021 relative=0.36391490 changed=True

[2026-05-27 04:44:14] Fold 7/10 | subject=38
[2026-05-27 04:44:14]     Train: 24 | counts=[12, 12]
[2026-05-27 04:44:14]     Test:  16 | counts=[8, 8]
[2026-05-27 04:44:14]     Model: SignalJEPA_PreLocal | Pretrained: from_pretrained | Strategy: new
[2026-05-27 04:44:14]     Normalization: none | fit_scope=none
[2026-05-27 04:44:14]     Phase 1 (new): 2,170/16,010 params
[2026-05-27 04:44:20]     Result | best_epoch=1679 | stop=1729 | final_phase_epochs=1729 | acc=0.5625 | bal_acc=0.5625 | pred_hist=[7, 9] | collapse=False
[2026-05-27 04:44:20]     spatial_conv=[4, 29] top_abs_channels=[('P4', 0.23198786), ('O1', 0.1860767), ('F3', 0.16567592), ('CP4', 0.16335398), ('FCz', 0.1507609), ('P3', 0.14640565), ('CP3', 0.1278283), ('Pz', 0.11796996)]
[2026-05-27 04:44:20]     spatial_update=delta_l2=1.45534943 max_abs=0.39665470 relative=1.21941750 changed=True

[2026-05-27 04:44:21] Fold 8/10 | subject=38
[2026-05-27 04:44:21]     Train: 24 | counts=[12, 12]
[2026-05-27 04:44:21]     Test:  16 | counts=[8, 8]
[2026-05-27 04:44:21]     Model: SignalJEPA_PreLocal | Pretrained: from_pretrained | Strategy: new
[2026-05-27 04:44:21]     Normalization: none | fit_scope=none
[2026-05-27 04:44:21]     Phase 1 (new): 2,170/16,010 params
[2026-05-27 04:44:22]     Result | best_epoch=99 | stop=148 | final_phase_epochs=148 | acc=0.6875 | bal_acc=0.6875 | pred_hist=[9, 7] | collapse=False
[2026-05-27 04:44:22]     spatial_conv=[4, 29] top_abs_channels=[('Pz', 0.16150932), ('O2', 0.15434003), ('T3', 0.13559055), ('CP3', 0.1298852), ('Fz', 0.12570672), ('T4', 0.11222297), ('P4', 0.11135283), ('Fp1', 0.10928658)]
[2026-05-27 04:44:22]     spatial_update=delta_l2=0.37882220 max_abs=0.06281962 relative=0.31740997 changed=True

[2026-05-27 04:44:22] Fold 9/10 | subject=38
[2026-05-27 04:44:22]     Train: 24 | counts=[12, 12]
[2026-05-27 04:44:22]     Test:  16 | counts=[8, 8]
[2026-05-27 04:44:22]     Model: SignalJEPA_PreLocal | Pretrained: from_pretrained | Strategy: new
[2026-05-27 04:44:22]     Normalization: none | fit_scope=none
[2026-05-27 04:44:22]     Phase 1 (new): 2,170/16,010 params
[2026-05-27 04:44:23]     Result | best_epoch=177 | stop=227 | final_phase_epochs=227 | acc=0.7500 | bal_acc=0.7500 | pred_hist=[10, 6] | collapse=False
[2026-05-27 04:44:23]     spatial_conv=[4, 29] top_abs_channels=[('T4', 0.16631038), ('Pz', 0.13295585), ('CP3', 0.13239028), ('TP8', 0.1300779), ('C3', 0.12726672), ('FT8', 0.12252198), ('P3', 0.11701383), ('FCz', 0.11280464)]
[2026-05-27 04:44:23]     spatial_update=delta_l2=0.62857695 max_abs=0.11641946 relative=0.52667608 changed=True

[2026-05-27 04:44:23] Fold 10/10 | subject=38
[2026-05-27 04:44:23]     Train: 24 | counts=[12, 12]
[2026-05-27 04:44:23]     Test:  16 | counts=[8, 8]
[2026-05-27 04:44:23]     Model: SignalJEPA_PreLocal | Pretrained: from_pretrained | Strategy: new
[2026-05-27 04:44:23]     Normalization: none | fit_scope=none
[2026-05-27 04:44:23]     Phase 1 (new): 2,170/16,010 params
[2026-05-27 04:44:24]     Result | best_epoch=208 | stop=258 | final_phase_epochs=258 | acc=0.6250 | bal_acc=0.6250 | pred_hist=[10, 6] | collapse=False
[2026-05-27 04:44:24]     spatial_conv=[4, 29] top_abs_channels=[('Pz', 0.1680707), ('Fp1', 0.15536207), ('P3', 0.1319038), ('TP8', 0.12301681), ('F4', 0.11627802), ('FCz', 0.11436792), ('CP4', 0.11279635), ('F3', 0.11052002)]
[2026-05-27 04:44:24]     spatial_update=delta_l2=0.77306729 max_abs=0.13316447 relative=0.64774258 changed=True
[2026-05-27 04:44:24]   Subject 38: acc=0.5938±0.0895  bal_acc=0.5938±0.0895
[2026-05-27 04:44:24] \nSubject 39: 40 windows | class_counts=[20, 20]

[2026-05-27 04:44:25] Fold 1/10 | subject=39
[2026-05-27 04:44:25]     Train: 24 | counts=[12, 12]
[2026-05-27 04:44:25]     Test:  16 | counts=[8, 8]
[2026-05-27 04:44:25]     Model: SignalJEPA_PreLocal | Pretrained: from_pretrained | Strategy: new
[2026-05-27 04:44:25]     Normalization: none | fit_scope=none
[2026-05-27 04:44:25]     Phase 1 (new): 2,170/16,010 params
[2026-05-27 04:44:25]     Result | best_epoch=1 | stop=51 | final_phase_epochs=51 | acc=0.5625 | bal_acc=0.5625 | pred_hist=[1, 15] | collapse=True
[2026-05-27 04:44:25]     spatial_conv=[4, 29] top_abs_channels=[('Pz', 0.15303902), ('O2', 0.14414138), ('T3', 0.12673479), ('T4', 0.1223376), ('O1', 0.12186212), ('CP3', 0.1211244), ('C3', 0.1152309), ('CP4', 0.11068314)]
[2026-05-27 04:44:25]     spatial_update=delta_l2=0.00538485 max_abs=0.00050000 relative=0.00451189 changed=True

[2026-05-27 04:44:26] Fold 2/10 | subject=39
[2026-05-27 04:44:26]     Train: 24 | counts=[12, 12]
[2026-05-27 04:44:26]     Test:  16 | counts=[8, 8]
[2026-05-27 04:44:26]     Model: SignalJEPA_PreLocal | Pretrained: from_pretrained | Strategy: new
[2026-05-27 04:44:26]     Normalization: none | fit_scope=none
[2026-05-27 04:44:26]     Phase 1 (new): 2,170/16,010 params
[2026-05-27 04:44:26]     Result | best_epoch=1 | stop=51 | final_phase_epochs=51 | acc=0.5000 | bal_acc=0.5000 | pred_hist=[0, 16] | collapse=True
[2026-05-27 04:44:26]     spatial_conv=[4, 29] top_abs_channels=[('Pz', 0.15328901), ('O2', 0.14389138), ('T3', 0.12698479), ('T4', 0.12233759), ('O1', 0.12211212), ('CP3', 0.12087439), ('C3', 0.1152309), ('CP4', 0.11118313)]
[2026-05-27 04:44:26]     spatial_update=delta_l2=0.00538505 max_abs=0.00050000 relative=0.00451206 changed=True

[2026-05-27 04:44:26] Fold 3/10 | subject=39
[2026-05-27 04:44:26]     Train: 24 | counts=[12, 12]
[2026-05-27 04:44:26]     Test:  16 | counts=[8, 8]
[2026-05-27 04:44:26]     Model: SignalJEPA_PreLocal | Pretrained: from_pretrained | Strategy: new
[2026-05-27 04:44:26]     Normalization: none | fit_scope=none
[2026-05-27 04:44:26]     Phase 1 (new): 2,170/16,010 params
[2026-05-27 04:44:26]     Result | best_epoch=1 | stop=51 | final_phase_epochs=51 | acc=0.5000 | bal_acc=0.5000 | pred_hist=[0, 16] | collapse=True
[2026-05-27 04:44:26]     spatial_conv=[4, 29] top_abs_channels=[('Pz', 0.15303902), ('O2', 0.14439146), ('T3', 0.12698478), ('T4', 0.12233756), ('O1', 0.12161212), ('CP3', 0.1208744), ('C3', 0.11498094), ('CP4', 0.11093313)]
[2026-05-27 04:44:26]     spatial_update=delta_l2=0.00538498 max_abs=0.00050000 relative=0.00451200 changed=True

[2026-05-27 04:44:27] Fold 4/10 | subject=39
[2026-05-27 04:44:27]     Train: 24 | counts=[12, 12]
[2026-05-27 04:44:27]     Test:  16 | counts=[8, 8]
[2026-05-27 04:44:27]     Model: SignalJEPA_PreLocal | Pretrained: from_pretrained | Strategy: new
[2026-05-27 04:44:27]     Normalization: none | fit_scope=none
[2026-05-27 04:44:27]     Phase 1 (new): 2,170/16,010 params
[2026-05-27 04:44:27]     Result | best_epoch=1 | stop=51 | final_phase_epochs=51 | acc=0.5625 | bal_acc=0.5625 | pred_hist=[1, 15] | collapse=True
[2026-05-27 04:44:27]     spatial_conv=[4, 29] top_abs_channels=[('Pz', 0.15303902), ('O2', 0.14389138), ('T3', 0.12673478), ('O1', 0.12186212), ('T4', 0.12183759), ('CP3', 0.12087439), ('C3', 0.11473091), ('CP4', 0.11068314)]
[2026-05-27 04:44:27]     spatial_update=delta_l2=0.00538498 max_abs=0.00050000 relative=0.00451200 changed=True

[2026-05-27 04:44:28] Fold 5/10 | subject=39
[2026-05-27 04:44:28]     Train: 24 | counts=[12, 12]
[2026-05-27 04:44:28]     Test:  16 | counts=[8, 8]
[2026-05-27 04:44:28]     Model: SignalJEPA_PreLocal | Pretrained: from_pretrained | Strategy: new
[2026-05-27 04:44:28]     Normalization: none | fit_scope=none
[2026-05-27 04:44:28]     Phase 1 (new): 2,170/16,010 params
[2026-05-27 04:44:28]     Result | best_epoch=1 | stop=51 | final_phase_epochs=51 | acc=0.5625 | bal_acc=0.5625 | pred_hist=[1, 15] | collapse=True
[2026-05-27 04:44:28]     spatial_conv=[4, 29] top_abs_channels=[('Pz', 0.15303902), ('O2', 0.14389142), ('T3', 0.1264848), ('O1', 0.12211213), ('T4', 0.12208759), ('CP3', 0.12112437), ('C3', 0.11548089), ('CP4', 0.11118313)]
[2026-05-27 04:44:28]     spatial_update=delta_l2=0.00538492 max_abs=0.00050000 relative=0.00451195 changed=True

[2026-05-27 04:44:29] Fold 6/10 | subject=39
[2026-05-27 04:44:29]     Train: 24 | counts=[12, 12]
[2026-05-27 04:44:29]     Test:  16 | counts=[8, 8]
[2026-05-27 04:44:29]     Model: SignalJEPA_PreLocal | Pretrained: from_pretrained | Strategy: new
[2026-05-27 04:44:29]     Normalization: none | fit_scope=none
[2026-05-27 04:44:29]     Phase 1 (new): 2,170/16,010 params
[2026-05-27 04:44:29]     Result | best_epoch=1 | stop=51 | final_phase_epochs=51 | acc=0.5625 | bal_acc=0.5625 | pred_hist=[1, 15] | collapse=True
[2026-05-27 04:44:29]     spatial_conv=[4, 29] top_abs_channels=[('Pz', 0.15328901), ('O2', 0.14389138), ('T3', 0.12673478), ('T4', 0.12233759), ('O1', 0.12136213), ('CP3', 0.12112439), ('C3', 0.1154809), ('CP4', 0.11118302)]
[2026-05-27 04:44:29]     spatial_update=delta_l2=0.00538482 max_abs=0.00050000 relative=0.00451187 changed=True

[2026-05-27 04:44:29] Fold 7/10 | subject=39
[2026-05-27 04:44:29]     Train: 24 | counts=[12, 12]
[2026-05-27 04:44:29]     Test:  16 | counts=[8, 8]
[2026-05-27 04:44:29]     Model: SignalJEPA_PreLocal | Pretrained: from_pretrained | Strategy: new
[2026-05-27 04:44:29]     Normalization: none | fit_scope=none
[2026-05-27 04:44:29]     Phase 1 (new): 2,170/16,010 params
[2026-05-27 04:44:29]     Result | best_epoch=1 | stop=51 | final_phase_epochs=51 | acc=0.5625 | bal_acc=0.5625 | pred_hist=[1, 15] | collapse=True
[2026-05-27 04:44:29]     spatial_conv=[4, 29] top_abs_channels=[('Pz', 0.15303901), ('O2', 0.14364138), ('T3', 0.12698478), ('O1', 0.12211212), ('T4', 0.1218376), ('CP3', 0.12112439), ('C3', 0.11473092), ('CP4', 0.11068314)]
[2026-05-27 04:44:29]     spatial_update=delta_l2=0.00538496 max_abs=0.00050000 relative=0.00451198 changed=True

[2026-05-27 04:44:30] Fold 8/10 | subject=39
[2026-05-27 04:44:30]     Train: 24 | counts=[12, 12]
[2026-05-27 04:44:30]     Test:  16 | counts=[8, 8]
[2026-05-27 04:44:30]     Model: SignalJEPA_PreLocal | Pretrained: from_pretrained | Strategy: new
[2026-05-27 04:44:30]     Normalization: none | fit_scope=none
[2026-05-27 04:44:30]     Phase 1 (new): 2,170/16,010 params
[2026-05-27 04:44:32]     Result | best_epoch=475 | stop=525 | final_phase_epochs=525 | acc=0.5625 | bal_acc=0.5625 | pred_hist=[9, 7] | collapse=False
[2026-05-27 04:44:32]     spatial_conv=[4, 29] top_abs_channels=[('FC3', 0.23593345), ('P3', 0.1590988), ('Pz', 0.14915118), ('CP3', 0.13775267), ('T3', 0.13770773), ('T4', 0.12861404), ('Fp1', 0.12586932), ('CP4', 0.1215784)]
[2026-05-27 04:44:32]     spatial_update=delta_l2=0.86374175 max_abs=0.25700131 relative=0.72371747 changed=True

[2026-05-27 04:44:32] Fold 9/10 | subject=39
[2026-05-27 04:44:32]     Train: 24 | counts=[12, 12]
[2026-05-27 04:44:32]     Test:  16 | counts=[8, 8]
[2026-05-27 04:44:32]     Model: SignalJEPA_PreLocal | Pretrained: from_pretrained | Strategy: new
[2026-05-27 04:44:32]     Normalization: none | fit_scope=none
[2026-05-27 04:44:32]     Phase 1 (new): 2,170/16,010 params
[2026-05-27 04:44:34]     Result | best_epoch=235 | stop=285 | final_phase_epochs=285 | acc=0.4375 | bal_acc=0.4375 | pred_hist=[5, 11] | collapse=False
[2026-05-27 04:44:34]     spatial_conv=[4, 29] top_abs_channels=[('CP3', 0.16360366), ('Fz', 0.1479429), ('FT7', 0.14409824), ('Pz', 0.1234657), ('CP4', 0.12114777), ('T4', 0.1140202), ('O2', 0.1107673), ('P3', 0.10762415)]
[2026-05-27 04:44:34]     spatial_update=delta_l2=0.59162495 max_abs=0.15845233 relative=0.49571450 changed=True

[2026-05-27 04:44:34] Fold 10/10 | subject=39
[2026-05-27 04:44:34]     Train: 24 | counts=[12, 12]
[2026-05-27 04:44:34]     Test:  16 | counts=[8, 8]
[2026-05-27 04:44:34]     Model: SignalJEPA_PreLocal | Pretrained: from_pretrained | Strategy: new
[2026-05-27 04:44:34]     Normalization: none | fit_scope=none
[2026-05-27 04:44:34]     Phase 1 (new): 2,170/16,010 params
[2026-05-27 04:44:36]     Result | best_epoch=522 | stop=572 | final_phase_epochs=572 | acc=0.4375 | bal_acc=0.4375 | pred_hist=[9, 7] | collapse=False
[2026-05-27 04:44:36]     spatial_conv=[4, 29] top_abs_channels=[('CP3', 0.20435604), ('Pz', 0.15570079), ('Fz', 0.13135472), ('CP4', 0.12455982), ('T3', 0.12269749), ('O1', 0.11577871), ('F7', 0.11338533), ('F3', 0.10827124)]
[2026-05-27 04:44:36]     spatial_update=delta_l2=0.88610218 max_abs=0.19906807 relative=0.74245297 changed=True
[2026-05-27 04:44:36]   Subject 39: acc=0.5250±0.0500  bal_acc=0.5250±0.0500
[2026-05-27 04:44:36] \nSubject 40: 40 windows | class_counts=[20, 20]

[2026-05-27 04:44:36] Fold 1/10 | subject=40
[2026-05-27 04:44:36]     Train: 24 | counts=[12, 12]
[2026-05-27 04:44:36]     Test:  16 | counts=[8, 8]
[2026-05-27 04:44:36]     Model: SignalJEPA_PreLocal | Pretrained: from_pretrained | Strategy: new
[2026-05-27 04:44:36]     Normalization: none | fit_scope=none
[2026-05-27 04:44:36]     Phase 1 (new): 2,170/16,010 params
[2026-05-27 04:44:37]     Result | best_epoch=8 | stop=58 | final_phase_epochs=58 | acc=0.6875 | bal_acc=0.6875 | pred_hist=[3, 13] | collapse=False
[2026-05-27 04:44:37]     spatial_conv=[4, 29] top_abs_channels=[('Pz', 0.15311038), ('O2', 0.14527497), ('T3', 0.12644976), ('O1', 0.12207954), ('T4', 0.12081765), ('CP3', 0.11980483), ('C3', 0.11447304), ('CP4', 0.11127557)]
[2026-05-27 04:44:37]     spatial_update=delta_l2=0.03346133 max_abs=0.00398671 relative=0.02803680 changed=True

[2026-05-27 04:44:37] Fold 2/10 | subject=40
[2026-05-27 04:44:37]     Train: 24 | counts=[12, 12]
[2026-05-27 04:44:37]     Test:  16 | counts=[8, 8]
[2026-05-27 04:44:37]     Model: SignalJEPA_PreLocal | Pretrained: from_pretrained | Strategy: new
[2026-05-27 04:44:37]     Normalization: none | fit_scope=none
[2026-05-27 04:44:37]     Phase 1 (new): 2,170/16,010 params
[2026-05-27 04:44:38]     Result | best_epoch=1 | stop=51 | final_phase_epochs=51 | acc=0.4375 | bal_acc=0.4375 | pred_hist=[1, 15] | collapse=True
[2026-05-27 04:44:38]     spatial_conv=[4, 29] top_abs_channels=[('Pz', 0.15303901), ('O2', 0.14414136), ('T3', 0.12623478), ('O1', 0.12186214), ('T4', 0.1215876), ('CP3', 0.12112439), ('C3', 0.1152309), ('CP4', 0.11093313)]
[2026-05-27 04:44:38]     spatial_update=delta_l2=0.00538508 max_abs=0.00050000 relative=0.00451208 changed=True

[2026-05-27 04:44:38] Fold 3/10 | subject=40
[2026-05-27 04:44:38]     Train: 24 | counts=[12, 12]
[2026-05-27 04:44:38]     Test:  16 | counts=[8, 8]
[2026-05-27 04:44:38]     Model: SignalJEPA_PreLocal | Pretrained: from_pretrained | Strategy: new
[2026-05-27 04:44:38]     Normalization: none | fit_scope=none
[2026-05-27 04:44:38]     Phase 1 (new): 2,170/16,010 params
[2026-05-27 04:44:40]     Result | best_epoch=351 | stop=401 | final_phase_epochs=401 | acc=0.8125 | bal_acc=0.8125 | pred_hist=[7, 9] | collapse=False
[2026-05-27 04:44:40]     spatial_conv=[4, 29] top_abs_channels=[('O1', 0.2301088), ('TP7', 0.17758563), ('T4', 0.14679061), ('CP3', 0.13572443), ('CP4', 0.13463125), ('O2', 0.12233187), ('F3', 0.11803177), ('T3', 0.1153485)]
[2026-05-27 04:44:40]     spatial_update=delta_l2=0.86113317 max_abs=0.21638779 relative=0.72153178 changed=True

[2026-05-27 04:44:40] Fold 4/10 | subject=40
[2026-05-27 04:44:40]     Train: 24 | counts=[12, 12]
[2026-05-27 04:44:40]     Test:  16 | counts=[8, 8]
[2026-05-27 04:44:40]     Model: SignalJEPA_PreLocal | Pretrained: from_pretrained | Strategy: new
[2026-05-27 04:44:40]     Normalization: none | fit_scope=none
[2026-05-27 04:44:40]     Phase 1 (new): 2,170/16,010 params
[2026-05-27 04:44:43]     Result | best_epoch=747 | stop=797 | final_phase_epochs=797 | acc=0.6875 | bal_acc=0.6875 | pred_hist=[7, 9] | collapse=False
[2026-05-27 04:44:43]     spatial_conv=[4, 29] top_abs_channels=[('P3', 0.21527244), ('F3', 0.18624857), ('CP4', 0.15301926), ('CP3', 0.14799966), ('FT8', 0.14405943), ('T6', 0.13099852), ('O2', 0.12079062), ('T5', 0.12025118)]
[2026-05-27 04:44:43]     spatial_update=delta_l2=1.00921991 max_abs=0.25752580 relative=0.84561164 changed=True

[2026-05-27 04:44:43] Fold 5/10 | subject=40
[2026-05-27 04:44:43]     Train: 24 | counts=[12, 12]
[2026-05-27 04:44:43]     Test:  16 | counts=[8, 8]
[2026-05-27 04:44:43]     Model: SignalJEPA_PreLocal | Pretrained: from_pretrained | Strategy: new
[2026-05-27 04:44:43]     Normalization: none | fit_scope=none
[2026-05-27 04:44:43]     Phase 1 (new): 2,170/16,010 params
[2026-05-27 04:44:43]     Result | best_epoch=1 | stop=51 | final_phase_epochs=51 | acc=0.5000 | bal_acc=0.5000 | pred_hist=[0, 16] | collapse=True
[2026-05-27 04:44:43]     spatial_conv=[4, 29] top_abs_channels=[('Pz', 0.15303901), ('O2', 0.14389138), ('T3', 0.12648484), ('T4', 0.12208758), ('O1', 0.12186209), ('CP3', 0.12112439), ('C3', 0.11498089), ('CP4', 0.11093313)]
[2026-05-27 04:44:43]     spatial_update=delta_l2=0.00538502 max_abs=0.00050000 relative=0.00451203 changed=True

[2026-05-27 04:44:44] Fold 6/10 | subject=40
[2026-05-27 04:44:44]     Train: 24 | counts=[12, 12]
[2026-05-27 04:44:44]     Test:  16 | counts=[8, 8]
[2026-05-27 04:44:44]     Model: SignalJEPA_PreLocal | Pretrained: from_pretrained | Strategy: new
[2026-05-27 04:44:44]     Normalization: none | fit_scope=none
[2026-05-27 04:44:44]     Phase 1 (new): 2,170/16,010 params
[2026-05-27 04:44:44]     Result | best_epoch=1 | stop=51 | final_phase_epochs=51 | acc=0.4375 | bal_acc=0.4375 | pred_hist=[1, 15] | collapse=True
[2026-05-27 04:44:44]     spatial_conv=[4, 29] top_abs_channels=[('Pz', 0.15303901), ('O2', 0.14414138), ('T3', 0.12723477), ('O1', 0.12211212), ('T4', 0.12208758), ('CP3', 0.12087442), ('C3', 0.11498091), ('CP4', 0.11093313)]
[2026-05-27 04:44:44]     spatial_update=delta_l2=0.00538503 max_abs=0.00050000 relative=0.00451204 changed=True

[2026-05-27 04:44:45] Fold 7/10 | subject=40
[2026-05-27 04:44:45]     Train: 24 | counts=[12, 12]
[2026-05-27 04:44:45]     Test:  16 | counts=[8, 8]
[2026-05-27 04:44:45]     Model: SignalJEPA_PreLocal | Pretrained: from_pretrained | Strategy: new
[2026-05-27 04:44:45]     Normalization: none | fit_scope=none
[2026-05-27 04:44:45]     Phase 1 (new): 2,170/16,010 params
[2026-05-27 04:44:45]     Result | best_epoch=1 | stop=51 | final_phase_epochs=51 | acc=0.3750 | bal_acc=0.3750 | pred_hist=[2, 14] | collapse=False
[2026-05-27 04:44:45]     spatial_conv=[4, 29] top_abs_channels=[('Pz', 0.15328901), ('O2', 0.14414138), ('T3', 0.12698181), ('T4', 0.1218376), ('O1', 0.12161212), ('CP3', 0.12087439), ('C3', 0.1152309), ('CP4', 0.11118313)]
[2026-05-27 04:44:45]     spatial_update=delta_l2=0.00538387 max_abs=0.00050000 relative=0.00451107 changed=True

[2026-05-27 04:44:45] Fold 8/10 | subject=40
[2026-05-27 04:44:45]     Train: 24 | counts=[12, 12]
[2026-05-27 04:44:45]     Test:  16 | counts=[8, 8]
[2026-05-27 04:44:45]     Model: SignalJEPA_PreLocal | Pretrained: from_pretrained | Strategy: new
[2026-05-27 04:44:45]     Normalization: none | fit_scope=none
[2026-05-27 04:44:45]     Phase 1 (new): 2,170/16,010 params
[2026-05-27 04:44:46]     Result | best_epoch=217 | stop=267 | final_phase_epochs=267 | acc=0.5000 | bal_acc=0.5000 | pred_hist=[10, 6] | collapse=False
[2026-05-27 04:44:46]     spatial_conv=[4, 29] top_abs_channels=[('Pz', 0.1560694), ('P3', 0.13860559), ('T5', 0.13513732), ('O1', 0.12944487), ('CP4', 0.12844521), ('Fp1', 0.12710387), ('Fz', 0.12276277), ('F3', 0.12204786)]
[2026-05-27 04:44:46]     spatial_update=delta_l2=0.70424407 max_abs=0.14210932 relative=0.59007653 changed=True

[2026-05-27 04:44:47] Fold 9/10 | subject=40
[2026-05-27 04:44:47]     Train: 24 | counts=[12, 12]
[2026-05-27 04:44:47]     Test:  16 | counts=[8, 8]
[2026-05-27 04:44:47]     Model: SignalJEPA_PreLocal | Pretrained: from_pretrained | Strategy: new
[2026-05-27 04:44:47]     Normalization: none | fit_scope=none
[2026-05-27 04:44:47]     Phase 1 (new): 2,170/16,010 params
[2026-05-27 04:44:51]     Result | best_epoch=1110 | stop=1160 | final_phase_epochs=1160 | acc=0.7500 | bal_acc=0.7500 | pred_hist=[10, 6] | collapse=False
[2026-05-27 04:44:51]     spatial_conv=[4, 29] top_abs_channels=[('T4', 0.18534474), ('CP3', 0.18267003), ('P3', 0.15717266), ('TP7', 0.14993519), ('CP4', 0.14111273), ('F3', 0.13308288), ('T3', 0.11260406), ('FT8', 0.10900127)]
[2026-05-27 04:44:51]     spatial_update=delta_l2=1.17177862 max_abs=0.27711754 relative=0.98181738 changed=True

[2026-05-27 04:44:51] Fold 10/10 | subject=40
[2026-05-27 04:44:51]     Train: 24 | counts=[12, 12]
[2026-05-27 04:44:51]     Test:  16 | counts=[8, 8]
[2026-05-27 04:44:51]     Model: SignalJEPA_PreLocal | Pretrained: from_pretrained | Strategy: new
[2026-05-27 04:44:51]     Normalization: none | fit_scope=none
[2026-05-27 04:44:51]     Phase 1 (new): 2,170/16,010 params
[2026-05-27 04:44:52]     Result | best_epoch=1 | stop=51 | final_phase_epochs=51 | acc=0.4375 | bal_acc=0.4375 | pred_hist=[3, 13] | collapse=False
[2026-05-27 04:44:52]     spatial_conv=[4, 29] top_abs_channels=[('Pz', 0.15353881), ('O2', 0.14414138), ('T3', 0.12673473), ('O1', 0.1221121), ('T4', 0.1218376), ('CP3', 0.12087439), ('C3', 0.1152309), ('CP4', 0.11093314)]
[2026-05-27 04:44:52]     spatial_update=delta_l2=0.00538480 max_abs=0.00050000 relative=0.00451185 changed=True
[2026-05-27 04:44:52]   Subject 40: acc=0.5625±0.1479  bal_acc=0.5625±0.1479
[2026-05-27 04:44:52] \nSubject 41: 40 windows | class_counts=[20, 20]

[2026-05-27 04:44:52] Fold 1/10 | subject=41
[2026-05-27 04:44:52]     Train: 24 | counts=[12, 12]
[2026-05-27 04:44:52]     Test:  16 | counts=[8, 8]
[2026-05-27 04:44:52]     Model: SignalJEPA_PreLocal | Pretrained: from_pretrained | Strategy: new
[2026-05-27 04:44:52]     Normalization: none | fit_scope=none
[2026-05-27 04:44:52]     Phase 1 (new): 2,170/16,010 params
[2026-05-27 04:44:52]     Result | best_epoch=18 | stop=63 | final_phase_epochs=63 | acc=0.6250 | bal_acc=0.6250 | pred_hist=[8, 8] | collapse=False
[2026-05-27 04:44:52]     spatial_conv=[4, 29] top_abs_channels=[('Pz', 0.15052745), ('O2', 0.14970417), ('T4', 0.12491722), ('T3', 0.12456414), ('O1', 0.12008397), ('CP3', 0.12004697), ('C3', 0.11889533), ('CP4', 0.10824716)]
[2026-05-27 04:44:52]     spatial_update=delta_l2=0.05522997 max_abs=0.00656360 relative=0.04627644 changed=True

[2026-05-27 04:44:53] Fold 2/10 | subject=41
[2026-05-27 04:44:53]     Train: 24 | counts=[12, 12]
[2026-05-27 04:44:53]     Test:  16 | counts=[8, 8]
[2026-05-27 04:44:53]     Model: SignalJEPA_PreLocal | Pretrained: from_pretrained | Strategy: new
[2026-05-27 04:44:53]     Normalization: none | fit_scope=none
[2026-05-27 04:44:53]     Phase 1 (new): 2,170/16,010 params
[2026-05-27 04:44:53]     Result | best_epoch=1 | stop=51 | final_phase_epochs=51 | acc=0.4375 | bal_acc=0.4375 | pred_hist=[1, 15] | collapse=True
[2026-05-27 04:44:53]     spatial_conv=[4, 29] top_abs_channels=[('Pz', 0.15328898), ('O2', 0.14414136), ('T3', 0.1264848), ('O1', 0.12211208), ('T4', 0.12208759), ('CP3', 0.12137438), ('C3', 0.11523092), ('CP4', 0.11068311)]
[2026-05-27 04:44:53]     spatial_update=delta_l2=0.00538498 max_abs=0.00050000 relative=0.00451200 changed=True

[2026-05-27 04:44:53] Fold 3/10 | subject=41
[2026-05-27 04:44:53]     Train: 24 | counts=[12, 12]
[2026-05-27 04:44:53]     Test:  16 | counts=[8, 8]
[2026-05-27 04:44:53]     Model: SignalJEPA_PreLocal | Pretrained: from_pretrained | Strategy: new
[2026-05-27 04:44:54]     Normalization: none | fit_scope=none
[2026-05-27 04:44:54]     Phase 1 (new): 2,170/16,010 params
[2026-05-27 04:44:54]     Result | best_epoch=182 | stop=231 | final_phase_epochs=231 | acc=0.3750 | bal_acc=0.3750 | pred_hist=[12, 4] | collapse=False
[2026-05-27 04:44:54]     spatial_conv=[4, 29] top_abs_channels=[('T3', 0.17441273), ('C3', 0.14089338), ('O2', 0.13408512), ('FT8', 0.13179828), ('Pz', 0.13146159), ('CP3', 0.11743581), ('Oz', 0.11539374), ('CP4', 0.11460347)]
[2026-05-27 04:44:54]     spatial_update=delta_l2=0.58678546 max_abs=0.10898327 relative=0.49165956 changed=True

[2026-05-27 04:44:55] Fold 4/10 | subject=41
[2026-05-27 04:44:55]     Train: 24 | counts=[12, 12]
[2026-05-27 04:44:55]     Test:  16 | counts=[8, 8]
[2026-05-27 04:44:55]     Model: SignalJEPA_PreLocal | Pretrained: from_pretrained | Strategy: new
[2026-05-27 04:44:55]     Normalization: none | fit_scope=none
[2026-05-27 04:44:55]     Phase 1 (new): 2,170/16,010 params
[2026-05-27 04:44:55]     Result | best_epoch=45 | stop=94 | final_phase_epochs=94 | acc=0.6250 | bal_acc=0.6250 | pred_hist=[14, 2] | collapse=False
[2026-05-27 04:44:55]     spatial_conv=[4, 29] top_abs_channels=[('Pz', 0.14799064), ('O2', 0.14586176), ('C3', 0.12181546), ('O1', 0.11900588), ('T3', 0.1188795), ('CP3', 0.11691255), ('T4', 0.11522004), ('Fp1', 0.11376918)]
[2026-05-27 04:44:55]     spatial_update=delta_l2=0.15438198 max_abs=0.02419947 relative=0.12935456 changed=True

[2026-05-27 04:44:56] Fold 5/10 | subject=41
[2026-05-27 04:44:56]     Train: 24 | counts=[12, 12]
[2026-05-27 04:44:56]     Test:  16 | counts=[8, 8]
[2026-05-27 04:44:56]     Model: SignalJEPA_PreLocal | Pretrained: from_pretrained | Strategy: new
[2026-05-27 04:44:56]     Normalization: none | fit_scope=none
[2026-05-27 04:44:56]     Phase 1 (new): 2,170/16,010 params
[2026-05-27 04:44:56]     Result | best_epoch=1 | stop=51 | final_phase_epochs=51 | acc=0.5000 | bal_acc=0.5000 | pred_hist=[0, 16] | collapse=True
[2026-05-27 04:44:56]     spatial_conv=[4, 29] top_abs_channels=[('Pz', 0.15278907), ('O2', 0.14439136), ('T3', 0.1262348), ('T4', 0.1220876), ('O1', 0.1213622), ('CP3', 0.1211244), ('C3', 0.11498091), ('CP4', 0.11068328)]
[2026-05-27 04:44:56]     spatial_update=delta_l2=0.00538490 max_abs=0.00050000 relative=0.00451194 changed=True

[2026-05-27 04:44:57] Fold 6/10 | subject=41
[2026-05-27 04:44:57]     Train: 24 | counts=[12, 12]
[2026-05-27 04:44:57]     Test:  16 | counts=[8, 8]
[2026-05-27 04:44:57]     Model: SignalJEPA_PreLocal | Pretrained: from_pretrained | Strategy: new
[2026-05-27 04:44:57]     Normalization: none | fit_scope=none
[2026-05-27 04:44:57]     Phase 1 (new): 2,170/16,010 params
[2026-05-27 04:44:57]     Result | best_epoch=1 | stop=51 | final_phase_epochs=51 | acc=0.4375 | bal_acc=0.4375 | pred_hist=[1, 15] | collapse=True
[2026-05-27 04:44:57]     spatial_conv=[4, 29] top_abs_channels=[('Pz', 0.15253901), ('O2', 0.14464137), ('T3', 0.1262348), ('T4', 0.12183759), ('O1', 0.12161212), ('CP3', 0.12137438), ('C3', 0.11498091), ('CP4', 0.11093313)]
[2026-05-27 04:44:57]     spatial_update=delta_l2=0.00538508 max_abs=0.00050000 relative=0.00451208 changed=True

[2026-05-27 04:44:57] Fold 7/10 | subject=41
[2026-05-27 04:44:57]     Train: 24 | counts=[12, 12]
[2026-05-27 04:44:57]     Test:  16 | counts=[8, 8]
[2026-05-27 04:44:57]     Model: SignalJEPA_PreLocal | Pretrained: from_pretrained | Strategy: new
[2026-05-27 04:44:57]     Normalization: none | fit_scope=none
[2026-05-27 04:44:58]     Phase 1 (new): 2,170/16,010 params
[2026-05-27 04:44:58]     Result | best_epoch=1 | stop=51 | final_phase_epochs=51 | acc=0.3750 | bal_acc=0.3750 | pred_hist=[2, 14] | collapse=False
[2026-05-27 04:44:58]     spatial_conv=[4, 29] top_abs_channels=[('Pz', 0.15303899), ('O2', 0.14414138), ('T3', 0.12648478), ('T4', 0.12183762), ('CP3', 0.12162426), ('O1', 0.12136214), ('C3', 0.11498094), ('CP4', 0.11093313)]
[2026-05-27 04:44:58]     spatial_update=delta_l2=0.00538485 max_abs=0.00050000 relative=0.00451189 changed=True

[2026-05-27 04:44:58] Fold 8/10 | subject=41
[2026-05-27 04:44:58]     Train: 24 | counts=[12, 12]
[2026-05-27 04:44:58]     Test:  16 | counts=[8, 8]
[2026-05-27 04:44:58]     Model: SignalJEPA_PreLocal | Pretrained: from_pretrained | Strategy: new
[2026-05-27 04:44:58]     Normalization: none | fit_scope=none
[2026-05-27 04:44:58]     Phase 1 (new): 2,170/16,010 params
[2026-05-27 04:44:58]     Result | best_epoch=1 | stop=51 | final_phase_epochs=51 | acc=0.3750 | bal_acc=0.3750 | pred_hist=[2, 14] | collapse=False
[2026-05-27 04:44:58]     spatial_conv=[4, 29] top_abs_channels=[('Pz', 0.15303902), ('O2', 0.14439137), ('T3', 0.1264848), ('T4', 0.1220876), ('O1', 0.12161212), ('CP3', 0.12137438), ('C3', 0.1152309), ('CP4', 0.11093315)]
[2026-05-27 04:44:58]     spatial_update=delta_l2=0.00538452 max_abs=0.00050000 relative=0.00451161 changed=True

[2026-05-27 04:44:59] Fold 9/10 | subject=41
[2026-05-27 04:44:59]     Train: 24 | counts=[12, 12]
[2026-05-27 04:44:59]     Test:  16 | counts=[8, 8]
[2026-05-27 04:44:59]     Model: SignalJEPA_PreLocal | Pretrained: from_pretrained | Strategy: new
[2026-05-27 04:44:59]     Normalization: none | fit_scope=none
[2026-05-27 04:44:59]     Phase 1 (new): 2,170/16,010 params
[2026-05-27 04:45:00]     Result | best_epoch=115 | stop=165 | final_phase_epochs=165 | acc=0.5625 | bal_acc=0.5625 | pred_hist=[11, 5] | collapse=False
[2026-05-27 04:45:00]     spatial_conv=[4, 29] top_abs_channels=[('O2', 0.15592737), ('T3', 0.14592184), ('Pz', 0.12978037), ('O1', 0.12705907), ('C3', 0.12194167), ('FCz', 0.11676828), ('T4', 0.11448471), ('Oz', 0.11407214)]
[2026-05-27 04:45:00]     spatial_update=delta_l2=0.41179433 max_abs=0.07021225 relative=0.34503687 changed=True

[2026-05-27 04:45:00] Fold 10/10 | subject=41
[2026-05-27 04:45:00]     Train: 24 | counts=[12, 12]
[2026-05-27 04:45:00]     Test:  16 | counts=[8, 8]
[2026-05-27 04:45:00]     Model: SignalJEPA_PreLocal | Pretrained: from_pretrained | Strategy: new
[2026-05-27 04:45:00]     Normalization: none | fit_scope=none
[2026-05-27 04:45:00]     Phase 1 (new): 2,170/16,010 params
[2026-05-27 04:45:01]     Result | best_epoch=149 | stop=198 | final_phase_epochs=198 | acc=0.5000 | bal_acc=0.5000 | pred_hist=[10, 6] | collapse=False
[2026-05-27 04:45:01]     spatial_conv=[4, 29] top_abs_channels=[('CP3', 0.14358747), ('FT8', 0.13611555), ('O2', 0.13522582), ('T3', 0.13393413), ('Pz', 0.13003238), ('FCz', 0.12954573), ('O1', 0.1283603), ('Fp2', 0.1200255)]
[2026-05-27 04:45:01]     spatial_update=delta_l2=0.49691136 max_abs=0.09864301 relative=0.41635527 changed=True
[2026-05-27 04:45:01]   Subject 41: acc=0.4813±0.0929  bal_acc=0.4813±0.0929
[2026-05-27 04:45:01] \nSubject 42: 40 windows | class_counts=[20, 20]

[2026-05-27 04:45:02] Fold 1/10 | subject=42
[2026-05-27 04:45:02]     Train: 24 | counts=[12, 12]
[2026-05-27 04:45:02]     Test:  16 | counts=[8, 8]
[2026-05-27 04:45:02]     Model: SignalJEPA_PreLocal | Pretrained: from_pretrained | Strategy: new
[2026-05-27 04:45:02]     Normalization: none | fit_scope=none
[2026-05-27 04:45:02]     Phase 1 (new): 2,170/16,010 params
[2026-05-27 04:45:02]     Result | best_epoch=1 | stop=51 | final_phase_epochs=51 | acc=0.4375 | bal_acc=0.4375 | pred_hist=[1, 15] | collapse=True
[2026-05-27 04:45:02]     spatial_conv=[4, 29] top_abs_channels=[('Pz', 0.15303902), ('O2', 0.14414138), ('T3', 0.12673479), ('T4', 0.12233756), ('O1', 0.1218621), ('CP3', 0.1211244), ('C3', 0.11498091), ('CP4', 0.11093313)]
[2026-05-27 04:45:02]     spatial_update=delta_l2=0.00538496 max_abs=0.00050000 relative=0.00451199 changed=True

[2026-05-27 04:45:02] Fold 2/10 | subject=42
[2026-05-27 04:45:02]     Train: 24 | counts=[12, 12]
[2026-05-27 04:45:02]     Test:  16 | counts=[8, 8]
[2026-05-27 04:45:02]     Model: SignalJEPA_PreLocal | Pretrained: from_pretrained | Strategy: new
[2026-05-27 04:45:02]     Normalization: none | fit_scope=none
[2026-05-27 04:45:02]     Phase 1 (new): 2,170/16,010 params
[2026-05-27 04:45:03]     Result | best_epoch=178 | stop=228 | final_phase_epochs=228 | acc=0.6250 | bal_acc=0.6250 | pred_hist=[8, 8] | collapse=False
[2026-05-27 04:45:03]     spatial_conv=[4, 29] top_abs_channels=[('O2', 0.14051816), ('C4', 0.1336824), ('CP3', 0.12990594), ('CP4', 0.12799433), ('C3', 0.12269524), ('T4', 0.11293895), ('P4', 0.11173604), ('Oz', 0.11031489)]
[2026-05-27 04:45:03]     spatial_update=delta_l2=0.59067380 max_abs=0.11406674 relative=0.49491755 changed=True

[2026-05-27 04:45:04] Fold 3/10 | subject=42
[2026-05-27 04:45:04]     Train: 24 | counts=[12, 12]
[2026-05-27 04:45:04]     Test:  16 | counts=[8, 8]
[2026-05-27 04:45:04]     Model: SignalJEPA_PreLocal | Pretrained: from_pretrained | Strategy: new
[2026-05-27 04:45:04]     Normalization: none | fit_scope=none
[2026-05-27 04:45:04]     Phase 1 (new): 2,170/16,010 params
[2026-05-27 04:45:06]     Result | best_epoch=522 | stop=572 | final_phase_epochs=572 | acc=0.5625 | bal_acc=0.5625 | pred_hist=[7, 9] | collapse=False
[2026-05-27 04:45:06]     spatial_conv=[4, 29] top_abs_channels=[('TP7', 0.20698693), ('Fz', 0.17257644), ('T4', 0.15794715), ('CP3', 0.15637697), ('FT8', 0.15544038), ('P4', 0.12862626), ('F7', 0.12516429), ('O2', 0.12390579)]
[2026-05-27 04:45:06]     spatial_update=delta_l2=1.22144591 max_abs=0.23344526 relative=1.02343293 changed=True

[2026-05-27 04:45:07] Fold 4/10 | subject=42
[2026-05-27 04:45:07]     Train: 24 | counts=[12, 12]
[2026-05-27 04:45:07]     Test:  16 | counts=[8, 8]
[2026-05-27 04:45:07]     Model: SignalJEPA_PreLocal | Pretrained: from_pretrained | Strategy: new
[2026-05-27 04:45:07]     Normalization: none | fit_scope=none
[2026-05-27 04:45:07]     Phase 1 (new): 2,170/16,010 params
[2026-05-27 04:45:07]     Result | best_epoch=13 | stop=62 | final_phase_epochs=62 | acc=0.5000 | bal_acc=0.5000 | pred_hist=[10, 6] | collapse=False
[2026-05-27 04:45:07]     spatial_conv=[4, 29] top_abs_channels=[('Pz', 0.15057713), ('O2', 0.14287329), ('T3', 0.12861133), ('O1', 0.12641548), ('CP3', 0.12284304), ('T4', 0.12176704), ('C3', 0.11312152), ('Fp1', 0.1115225)]
[2026-05-27 04:45:07]     spatial_update=delta_l2=0.04978665 max_abs=0.00604223 relative=0.04171556 changed=True

[2026-05-27 04:45:07] Fold 5/10 | subject=42
[2026-05-27 04:45:07]     Train: 24 | counts=[12, 12]
[2026-05-27 04:45:07]     Test:  16 | counts=[8, 8]
[2026-05-27 04:45:07]     Model: SignalJEPA_PreLocal | Pretrained: from_pretrained | Strategy: new
[2026-05-27 04:45:07]     Normalization: none | fit_scope=none
[2026-05-27 04:45:07]     Phase 1 (new): 2,170/16,010 params
[2026-05-27 04:45:08]     Result | best_epoch=1 | stop=51 | final_phase_epochs=51 | acc=0.5625 | bal_acc=0.5625 | pred_hist=[3, 13] | collapse=False
[2026-05-27 04:45:08]     spatial_conv=[4, 29] top_abs_channels=[('Pz', 0.15303902), ('O2', 0.14414138), ('T3', 0.12723477), ('T4', 0.12233758), ('O1', 0.12211212), ('CP3', 0.12087439), ('C3', 0.1152309), ('CP4', 0.11068314)]
[2026-05-27 04:45:08]     spatial_update=delta_l2=0.00538499 max_abs=0.00050000 relative=0.00451201 changed=True

[2026-05-27 04:45:08] Fold 6/10 | subject=42
[2026-05-27 04:45:08]     Train: 24 | counts=[12, 12]
[2026-05-27 04:45:08]     Test:  16 | counts=[8, 8]
[2026-05-27 04:45:08]     Model: SignalJEPA_PreLocal | Pretrained: from_pretrained | Strategy: new
[2026-05-27 04:45:08]     Normalization: none | fit_scope=none
[2026-05-27 04:45:08]     Phase 1 (new): 2,170/16,010 params
[2026-05-27 04:45:08]     Result | best_epoch=1 | stop=51 | final_phase_epochs=51 | acc=0.4375 | bal_acc=0.4375 | pred_hist=[1, 15] | collapse=True
[2026-05-27 04:45:08]     spatial_conv=[4, 29] top_abs_channels=[('Pz', 0.15328899), ('O2', 0.14364138), ('T3', 0.12698479), ('O1', 0.12236211), ('T4', 0.12208767), ('CP3', 0.12137438), ('C3', 0.11523087), ('CP4', 0.11093313)]
[2026-05-27 04:45:08]     spatial_update=delta_l2=0.00538500 max_abs=0.00050000 relative=0.00451202 changed=True

[2026-05-27 04:45:09] Fold 7/10 | subject=42
[2026-05-27 04:45:09]     Train: 24 | counts=[12, 12]
[2026-05-27 04:45:09]     Test:  16 | counts=[8, 8]
[2026-05-27 04:45:09]     Model: SignalJEPA_PreLocal | Pretrained: from_pretrained | Strategy: new
[2026-05-27 04:45:09]     Normalization: none | fit_scope=none
[2026-05-27 04:45:09]     Phase 1 (new): 2,170/16,010 params
[2026-05-27 04:45:09]     Result | best_epoch=73 | stop=123 | final_phase_epochs=123 | acc=0.6875 | bal_acc=0.6875 | pred_hist=[9, 7] | collapse=False
[2026-05-27 04:45:09]     spatial_conv=[4, 29] top_abs_channels=[('O2', 0.15542224), ('Pz', 0.13781261), ('CP3', 0.13017252), ('T3', 0.12694219), ('CP4', 0.11619972), ('C3', 0.11169291), ('Fz', 0.1110548), ('T4', 0.10999338)]
[2026-05-27 04:45:09]     spatial_update=delta_l2=0.26302783 max_abs=0.04304849 relative=0.22038744 changed=True

[2026-05-27 04:45:10] Fold 8/10 | subject=42
[2026-05-27 04:45:10]     Train: 24 | counts=[12, 12]
[2026-05-27 04:45:10]     Test:  16 | counts=[8, 8]
[2026-05-27 04:45:10]     Model: SignalJEPA_PreLocal | Pretrained: from_pretrained | Strategy: new
[2026-05-27 04:45:10]     Normalization: none | fit_scope=none
[2026-05-27 04:45:10]     Phase 1 (new): 2,170/16,010 params
[2026-05-27 04:45:10]     Result | best_epoch=1 | stop=51 | final_phase_epochs=51 | acc=0.4375 | bal_acc=0.4375 | pred_hist=[5, 11] | collapse=False
[2026-05-27 04:45:10]     spatial_conv=[4, 29] top_abs_channels=[('Pz', 0.15278903), ('O2', 0.14414139), ('T3', 0.12723479), ('T4', 0.12233758), ('O1', 0.12186212), ('CP3', 0.1208744), ('C3', 0.11523093), ('CP4', 0.11093313)]
[2026-05-27 04:45:10]     spatial_update=delta_l2=0.00538492 max_abs=0.00050000 relative=0.00451195 changed=True

[2026-05-27 04:45:11] Fold 9/10 | subject=42
[2026-05-27 04:45:11]     Train: 24 | counts=[12, 12]
[2026-05-27 04:45:11]     Test:  16 | counts=[8, 8]
[2026-05-27 04:45:11]     Model: SignalJEPA_PreLocal | Pretrained: from_pretrained | Strategy: new
[2026-05-27 04:45:11]     Normalization: none | fit_scope=none
[2026-05-27 04:45:11]     Phase 1 (new): 2,170/16,010 params
[2026-05-27 04:45:11]     Result | best_epoch=1 | stop=51 | final_phase_epochs=51 | acc=0.5000 | bal_acc=0.5000 | pred_hist=[4, 12] | collapse=False
[2026-05-27 04:45:11]     spatial_conv=[4, 29] top_abs_channels=[('Pz', 0.15328901), ('O2', 0.14414138), ('T3', 0.12723477), ('O1', 0.12211212), ('T4', 0.12208758), ('CP3', 0.12087439), ('C3', 0.1154809), ('CP4', 0.1114331)]
[2026-05-27 04:45:11]     spatial_update=delta_l2=0.00538504 max_abs=0.00050000 relative=0.00451205 changed=True

[2026-05-27 04:45:11] Fold 10/10 | subject=42
[2026-05-27 04:45:11]     Train: 24 | counts=[12, 12]
[2026-05-27 04:45:11]     Test:  16 | counts=[8, 8]
[2026-05-27 04:45:11]     Model: SignalJEPA_PreLocal | Pretrained: from_pretrained | Strategy: new
[2026-05-27 04:45:11]     Normalization: none | fit_scope=none
[2026-05-27 04:45:11]     Phase 1 (new): 2,170/16,010 params
[2026-05-27 04:45:13]     Result | best_epoch=340 | stop=390 | final_phase_epochs=390 | acc=0.6250 | bal_acc=0.6250 | pred_hist=[4, 12] | collapse=False
[2026-05-27 04:45:13]     spatial_conv=[4, 29] top_abs_channels=[('TP7', 0.18120199), ('FT8', 0.15407339), ('FCz', 0.15247197), ('C4', 0.14825343), ('Cz', 0.13776729), ('P4', 0.13422048), ('F3', 0.11785561), ('Fz', 0.11327294)]
[2026-05-27 04:45:13]     spatial_update=delta_l2=0.95631128 max_abs=0.23658253 relative=0.80128022 changed=True
[2026-05-27 04:45:13]   Subject 42: acc=0.5375±0.0848  bal_acc=0.5375±0.0848
[2026-05-27 04:45:13] \nSubject 43: 40 windows | class_counts=[20, 20]

[2026-05-27 04:45:14] Fold 1/10 | subject=43
[2026-05-27 04:45:14]     Train: 24 | counts=[12, 12]
[2026-05-27 04:45:14]     Test:  16 | counts=[8, 8]
[2026-05-27 04:45:14]     Model: SignalJEPA_PreLocal | Pretrained: from_pretrained | Strategy: new
[2026-05-27 04:45:14]     Normalization: none | fit_scope=none
[2026-05-27 04:45:14]     Phase 1 (new): 2,170/16,010 params
[2026-05-27 04:45:14]     Result | best_epoch=106 | stop=156 | final_phase_epochs=156 | acc=0.5000 | bal_acc=0.5000 | pred_hist=[10, 6] | collapse=False
[2026-05-27 04:45:14]     spatial_conv=[4, 29] top_abs_channels=[('T3', 0.16489168), ('Pz', 0.15972719), ('O2', 0.14415756), ('Fz', 0.13948835), ('T5', 0.12852575), ('F3', 0.12131205), ('F4', 0.11974989), ('CP4', 0.11942484)]
[2026-05-27 04:45:14]     spatial_update=delta_l2=0.41240451 max_abs=0.06553320 relative=0.34554814 changed=True

[2026-05-27 04:45:15] Fold 2/10 | subject=43
[2026-05-27 04:45:15]     Train: 24 | counts=[12, 12]
[2026-05-27 04:45:15]     Test:  16 | counts=[8, 8]
[2026-05-27 04:45:15]     Model: SignalJEPA_PreLocal | Pretrained: from_pretrained | Strategy: new
[2026-05-27 04:45:15]     Normalization: none | fit_scope=none
[2026-05-27 04:45:15]     Phase 1 (new): 2,170/16,010 params
[2026-05-27 04:45:15]     Result | best_epoch=101 | stop=150 | final_phase_epochs=150 | acc=0.5000 | bal_acc=0.5000 | pred_hist=[10, 6] | collapse=False
[2026-05-27 04:45:15]     spatial_conv=[4, 29] top_abs_channels=[('Pz', 0.17568737), ('O2', 0.1729477), ('TP7', 0.12209499), ('T4', 0.12119116), ('CP3', 0.11824226), ('CP4', 0.11763319), ('Fz', 0.1132715), ('TP8', 0.1127928)]
[2026-05-27 04:45:15]     spatial_update=delta_l2=0.36551017 max_abs=0.06117813 relative=0.30625600 changed=True

[2026-05-27 04:45:16] Fold 3/10 | subject=43
[2026-05-27 04:45:16]     Train: 24 | counts=[12, 12]
[2026-05-27 04:45:16]     Test:  16 | counts=[8, 8]
[2026-05-27 04:45:16]     Model: SignalJEPA_PreLocal | Pretrained: from_pretrained | Strategy: new
[2026-05-27 04:45:16]     Normalization: none | fit_scope=none
[2026-05-27 04:45:16]     Phase 1 (new): 2,170/16,010 params
[2026-05-27 04:45:16]     Result | best_epoch=30 | stop=79 | final_phase_epochs=79 | acc=0.5625 | bal_acc=0.5625 | pred_hist=[9, 7] | collapse=False
[2026-05-27 04:45:16]     spatial_conv=[4, 29] top_abs_channels=[('O2', 0.14978133), ('Pz', 0.14583525), ('T4', 0.12944493), ('T3', 0.12814096), ('CP3', 0.12456284), ('O1', 0.11998881), ('C3', 0.11459783), ('CP4', 0.10989226)]
[2026-05-27 04:45:16]     spatial_update=delta_l2=0.10548253 max_abs=0.01538073 relative=0.08838238 changed=True

[2026-05-27 04:45:17] Fold 4/10 | subject=43
[2026-05-27 04:45:17]     Train: 24 | counts=[12, 12]
[2026-05-27 04:45:17]     Test:  16 | counts=[8, 8]
[2026-05-27 04:45:17]     Model: SignalJEPA_PreLocal | Pretrained: from_pretrained | Strategy: new
[2026-05-27 04:45:17]     Normalization: none | fit_scope=none
[2026-05-27 04:45:17]     Phase 1 (new): 2,170/16,010 params
[2026-05-27 04:45:17]     Result | best_epoch=1 | stop=51 | final_phase_epochs=51 | acc=0.5000 | bal_acc=0.5000 | pred_hist=[0, 16] | collapse=True
[2026-05-27 04:45:17]     spatial_conv=[4, 29] top_abs_channels=[('Pz', 0.15278901), ('O2', 0.14414139), ('T3', 0.1264848), ('T4', 0.12233758), ('O1', 0.12186211), ('CP3', 0.12087439), ('C3', 0.11523091), ('CP4', 0.11043314)]
[2026-05-27 04:45:17]     spatial_update=delta_l2=0.00538499 max_abs=0.00050000 relative=0.00451201 changed=True

[2026-05-27 04:45:17] Fold 5/10 | subject=43
[2026-05-27 04:45:17]     Train: 24 | counts=[12, 12]
[2026-05-27 04:45:17]     Test:  16 | counts=[8, 8]
[2026-05-27 04:45:17]     Model: SignalJEPA_PreLocal | Pretrained: from_pretrained | Strategy: new
[2026-05-27 04:45:17]     Normalization: none | fit_scope=none
[2026-05-27 04:45:17]     Phase 1 (new): 2,170/16,010 params
[2026-05-27 04:45:18]     Result | best_epoch=1 | stop=51 | final_phase_epochs=51 | acc=0.5625 | bal_acc=0.5625 | pred_hist=[1, 15] | collapse=True
[2026-05-27 04:45:18]     spatial_conv=[4, 29] top_abs_channels=[('Pz', 0.15303837), ('O2', 0.14414138), ('T3', 0.12698479), ('T4', 0.12208758), ('O1', 0.12186212), ('CP3', 0.12137437), ('C3', 0.11498094), ('CP4', 0.11093313)]
[2026-05-27 04:45:18]     spatial_update=delta_l2=0.00538478 max_abs=0.00050000 relative=0.00451183 changed=True

[2026-05-27 04:45:18] Fold 6/10 | subject=43
[2026-05-27 04:45:18]     Train: 24 | counts=[12, 12]
[2026-05-27 04:45:18]     Test:  16 | counts=[8, 8]
[2026-05-27 04:45:18]     Model: SignalJEPA_PreLocal | Pretrained: from_pretrained | Strategy: new
[2026-05-27 04:45:18]     Normalization: none | fit_scope=none
[2026-05-27 04:45:18]     Phase 1 (new): 2,170/16,010 params
[2026-05-27 04:45:19]     Result | best_epoch=106 | stop=155 | final_phase_epochs=155 | acc=0.3750 | bal_acc=0.3750 | pred_hist=[8, 8] | collapse=False
[2026-05-27 04:45:19]     spatial_conv=[4, 29] top_abs_channels=[('CP3', 0.15589115), ('O2', 0.15449965), ('T3', 0.13964829), ('Pz', 0.13939381), ('T4', 0.12661898), ('P3', 0.12601157), ('T5', 0.12143487), ('C4', 0.11962916)]
[2026-05-27 04:45:19]     spatial_update=delta_l2=0.35533013 max_abs=0.05988348 relative=0.29772629 changed=True

[2026-05-27 04:45:19] Fold 7/10 | subject=43
[2026-05-27 04:45:19]     Train: 24 | counts=[12, 12]
[2026-05-27 04:45:19]     Test:  16 | counts=[8, 8]
[2026-05-27 04:45:19]     Model: SignalJEPA_PreLocal | Pretrained: from_pretrained | Strategy: new
[2026-05-27 04:45:19]     Normalization: none | fit_scope=none
[2026-05-27 04:45:19]     Phase 1 (new): 2,170/16,010 params
[2026-05-27 04:45:21]     Result | best_epoch=314 | stop=364 | final_phase_epochs=364 | acc=0.2500 | bal_acc=0.2500 | pred_hist=[10, 6] | collapse=False
[2026-05-27 04:45:21]     spatial_conv=[4, 29] top_abs_channels=[('O2', 0.16815273), ('CP4', 0.14592907), ('TP7', 0.13729857), ('FCz', 0.12936711), ('F7', 0.12348104), ('CP3', 0.12285054), ('T3', 0.11969798), ('FC4', 0.11954482)]
[2026-05-27 04:45:21]     spatial_update=delta_l2=0.86334553 max_abs=0.19220630 relative=0.72338549 changed=True

[2026-05-27 04:45:21] Fold 8/10 | subject=43
[2026-05-27 04:45:21]     Train: 24 | counts=[12, 12]
[2026-05-27 04:45:21]     Test:  16 | counts=[8, 8]
[2026-05-27 04:45:21]     Model: SignalJEPA_PreLocal | Pretrained: from_pretrained | Strategy: new
[2026-05-27 04:45:21]     Normalization: none | fit_scope=none
[2026-05-27 04:45:21]     Phase 1 (new): 2,170/16,010 params
[2026-05-27 04:45:25]     Result | best_epoch=1012 | stop=1038 | final_phase_epochs=1038 | acc=0.4375 | bal_acc=0.4375 | pred_hist=[11, 5] | collapse=False
[2026-05-27 04:45:25]     spatial_conv=[4, 29] top_abs_channels=[('CP3', 0.21195614), ('C4', 0.18418625), ('FC3', 0.1767046), ('CP4', 0.16589122), ('TP7', 0.16066644), ('FCz', 0.15829822), ('P4', 0.15377969), ('T5', 0.11662588)]
[2026-05-27 04:45:25]     spatial_update=delta_l2=1.45912234 max_abs=0.33949022 relative=1.22257878 changed=True

[2026-05-27 04:45:25] Fold 9/10 | subject=43
[2026-05-27 04:45:25]     Train: 24 | counts=[12, 12]
[2026-05-27 04:45:25]     Test:  16 | counts=[8, 8]
[2026-05-27 04:45:25]     Model: SignalJEPA_PreLocal | Pretrained: from_pretrained | Strategy: new
[2026-05-27 04:45:25]     Normalization: none | fit_scope=none
[2026-05-27 04:45:25]     Phase 1 (new): 2,170/16,010 params
[2026-05-27 04:45:26]     Result | best_epoch=2 | stop=51 | final_phase_epochs=51 | acc=0.5625 | bal_acc=0.5625 | pred_hist=[1, 15] | collapse=True
[2026-05-27 04:45:26]     spatial_conv=[4, 29] top_abs_channels=[('Pz', 0.15278901), ('O2', 0.14414139), ('T3', 0.12673479), ('T4', 0.12208842), ('O1', 0.12186222), ('CP3', 0.12137438), ('C3', 0.11548004), ('CP4', 0.11093313)]
[2026-05-27 04:45:26]     spatial_update=delta_l2=0.00538435 max_abs=0.00050000 relative=0.00451147 changed=True

[2026-05-27 04:45:26] Fold 10/10 | subject=43
[2026-05-27 04:45:26]     Train: 24 | counts=[12, 12]
[2026-05-27 04:45:26]     Test:  16 | counts=[8, 8]
[2026-05-27 04:45:26]     Model: SignalJEPA_PreLocal | Pretrained: from_pretrained | Strategy: new
[2026-05-27 04:45:26]     Normalization: none | fit_scope=none
[2026-05-27 04:45:26]     Phase 1 (new): 2,170/16,010 params
[2026-05-27 04:45:26]     Result | best_epoch=1 | stop=51 | final_phase_epochs=51 | acc=0.5625 | bal_acc=0.5625 | pred_hist=[1, 15] | collapse=True
[2026-05-27 04:45:26]     spatial_conv=[4, 29] top_abs_channels=[('Pz', 0.15303899), ('O2', 0.14439137), ('T3', 0.12673481), ('O1', 0.12186212), ('T4', 0.1218376), ('CP3', 0.12062439), ('C3', 0.11548087), ('CP4', 0.11118305)]
[2026-05-27 04:45:26]     spatial_update=delta_l2=0.00538478 max_abs=0.00050000 relative=0.00451183 changed=True
[2026-05-27 04:45:26]   Subject 43: acc=0.4813±0.0970  bal_acc=0.4813±0.0970
[2026-05-27 04:45:26] \nSubject 44: 40 windows | class_counts=[20, 20]

[2026-05-27 04:45:27] Fold 1/10 | subject=44
[2026-05-27 04:45:27]     Train: 24 | counts=[12, 12]
[2026-05-27 04:45:27]     Test:  16 | counts=[8, 8]
[2026-05-27 04:45:27]     Model: SignalJEPA_PreLocal | Pretrained: from_pretrained | Strategy: new
[2026-05-27 04:45:27]     Normalization: none | fit_scope=none
[2026-05-27 04:45:27]     Phase 1 (new): 2,170/16,010 params
[2026-05-27 04:45:29]     Result | best_epoch=571 | stop=621 | final_phase_epochs=621 | acc=0.6875 | bal_acc=0.6875 | pred_hist=[11, 5] | collapse=False
[2026-05-27 04:45:29]     spatial_conv=[4, 29] top_abs_channels=[('F3', 0.17332765), ('T5', 0.14671287), ('F4', 0.13959619), ('FT7', 0.13531299), ('CP3', 0.13073905), ('FT8', 0.1277914), ('FCz', 0.12385197), ('C3', 0.12294842)]
[2026-05-27 04:45:29]     spatial_update=delta_l2=1.28594686 max_abs=0.29091813 relative=1.07747740 changed=True

[2026-05-27 04:45:30] Fold 2/10 | subject=44
[2026-05-27 04:45:30]     Train: 24 | counts=[12, 12]
[2026-05-27 04:45:30]     Test:  16 | counts=[8, 8]
[2026-05-27 04:45:30]     Model: SignalJEPA_PreLocal | Pretrained: from_pretrained | Strategy: new
[2026-05-27 04:45:30]     Normalization: none | fit_scope=none
[2026-05-27 04:45:30]     Phase 1 (new): 2,170/16,010 params
[2026-05-27 04:45:31]     Result | best_epoch=384 | stop=434 | final_phase_epochs=434 | acc=0.5625 | bal_acc=0.5625 | pred_hist=[7, 9] | collapse=False
[2026-05-27 04:45:31]     spatial_conv=[4, 29] top_abs_channels=[('F4', 0.15004119), ('FCz', 0.13909429), ('T6', 0.13503037), ('T4', 0.12471473), ('C4', 0.12462639), ('FT8', 0.11641122), ('TP7', 0.11624432), ('P4', 0.11228509)]
[2026-05-27 04:45:31]     spatial_update=delta_l2=1.11779898 max_abs=0.25207510 relative=0.93658857 changed=True

[2026-05-27 04:45:32] Fold 3/10 | subject=44
[2026-05-27 04:45:32]     Train: 24 | counts=[12, 12]
[2026-05-27 04:45:32]     Test:  16 | counts=[8, 8]
[2026-05-27 04:45:32]     Model: SignalJEPA_PreLocal | Pretrained: from_pretrained | Strategy: new
[2026-05-27 04:45:32]     Normalization: none | fit_scope=none
[2026-05-27 04:45:32]     Phase 1 (new): 2,170/16,010 params
[2026-05-27 04:45:34]     Result | best_epoch=442 | stop=492 | final_phase_epochs=492 | acc=0.5625 | bal_acc=0.5625 | pred_hist=[9, 7] | collapse=False
[2026-05-27 04:45:34]     spatial_conv=[4, 29] top_abs_channels=[('T5', 0.16105369), ('P4', 0.15318087), ('O2', 0.1443352), ('T3', 0.12843494), ('Fz', 0.12197539), ('Oz', 0.12065634), ('C4', 0.11933048), ('TP7', 0.11500306)]
[2026-05-27 04:45:34]     spatial_update=delta_l2=1.06548198 max_abs=0.27549149 relative=0.89275286 changed=True

[2026-05-27 04:45:34] Fold 4/10 | subject=44
[2026-05-27 04:45:34]     Train: 24 | counts=[12, 12]
[2026-05-27 04:45:34]     Test:  16 | counts=[8, 8]
[2026-05-27 04:45:34]     Model: SignalJEPA_PreLocal | Pretrained: from_pretrained | Strategy: new
[2026-05-27 04:45:34]     Normalization: none | fit_scope=none
[2026-05-27 04:45:34]     Phase 1 (new): 2,170/16,010 params
[2026-05-27 04:45:39]     Result | best_epoch=1320 | stop=1370 | final_phase_epochs=1370 | acc=0.6250 | bal_acc=0.6250 | pred_hist=[10, 6] | collapse=False
[2026-05-27 04:45:39]     spatial_conv=[4, 29] top_abs_channels=[('C3', 0.23438419), ('T3', 0.17522451), ('CP3', 0.16063924), ('FT7', 0.15166511), ('P3', 0.14860438), ('Cz', 0.14686674), ('FT8', 0.14161825), ('FC3', 0.13538465)]
[2026-05-27 04:45:39]     spatial_update=delta_l2=1.44030586 max_abs=0.35005153 relative=1.20681270 changed=True

[2026-05-27 04:45:40] Fold 5/10 | subject=44
[2026-05-27 04:45:40]     Train: 24 | counts=[12, 12]
[2026-05-27 04:45:40]     Test:  16 | counts=[8, 8]
[2026-05-27 04:45:40]     Model: SignalJEPA_PreLocal | Pretrained: from_pretrained | Strategy: new
[2026-05-27 04:45:40]     Normalization: none | fit_scope=none
[2026-05-27 04:45:40]     Phase 1 (new): 2,170/16,010 params
[2026-05-27 04:45:40]     Result | best_epoch=1 | stop=51 | final_phase_epochs=51 | acc=0.5000 | bal_acc=0.5000 | pred_hist=[0, 16] | collapse=True
[2026-05-27 04:45:40]     spatial_conv=[4, 29] top_abs_channels=[('Pz', 0.15328899), ('O2', 0.14439137), ('T3', 0.12673475), ('T4', 0.12208758), ('O1', 0.12186213), ('CP3', 0.12112439), ('C3', 0.11548088), ('CP4', 0.11068313)]
[2026-05-27 04:45:40]     spatial_update=delta_l2=0.00538480 max_abs=0.00050000 relative=0.00451185 changed=True

[2026-05-27 04:45:40] Fold 6/10 | subject=44
[2026-05-27 04:45:40]     Train: 24 | counts=[12, 12]
[2026-05-27 04:45:40]     Test:  16 | counts=[8, 8]
[2026-05-27 04:45:40]     Model: SignalJEPA_PreLocal | Pretrained: from_pretrained | Strategy: new
[2026-05-27 04:45:40]     Normalization: none | fit_scope=none
[2026-05-27 04:45:40]     Phase 1 (new): 2,170/16,010 params
[2026-05-27 04:45:41]     Result | best_epoch=5 | stop=51 | final_phase_epochs=51 | acc=0.5000 | bal_acc=0.5000 | pred_hist=[2, 14] | collapse=False
[2026-05-27 04:45:41]     spatial_conv=[4, 29] top_abs_channels=[('Pz', 0.15328901), ('O2', 0.14389139), ('T3', 0.12698479), ('O1', 0.12211211), ('T4', 0.12208758), ('CP3', 0.12112439), ('C3', 0.1157309), ('CP4', 0.11068314)]
[2026-05-27 04:45:41]     spatial_update=delta_l2=0.00538493 max_abs=0.00050000 relative=0.00451196 changed=True

[2026-05-27 04:45:41] Fold 7/10 | subject=44
[2026-05-27 04:45:41]     Train: 24 | counts=[12, 12]
[2026-05-27 04:45:41]     Test:  16 | counts=[8, 8]
[2026-05-27 04:45:41]     Model: SignalJEPA_PreLocal | Pretrained: from_pretrained | Strategy: new
[2026-05-27 04:45:41]     Normalization: none | fit_scope=none
[2026-05-27 04:45:41]     Phase 1 (new): 2,170/16,010 params
[2026-05-27 04:45:41]     Result | best_epoch=1 | stop=51 | final_phase_epochs=51 | acc=0.4375 | bal_acc=0.4375 | pred_hist=[1, 15] | collapse=True
[2026-05-27 04:45:41]     spatial_conv=[4, 29] top_abs_channels=[('Pz', 0.15278901), ('O2', 0.14439137), ('T3', 0.12648477), ('O1', 0.12186212), ('T4', 0.12183759), ('CP3', 0.12112439), ('C3', 0.11498091), ('CP4', 0.11093309)]
[2026-05-27 04:45:41]     spatial_update=delta_l2=0.00538498 max_abs=0.00050000 relative=0.00451200 changed=True

[2026-05-27 04:45:42] Fold 8/10 | subject=44
[2026-05-27 04:45:42]     Train: 24 | counts=[12, 12]
[2026-05-27 04:45:42]     Test:  16 | counts=[8, 8]
[2026-05-27 04:45:42]     Model: SignalJEPA_PreLocal | Pretrained: from_pretrained | Strategy: new
[2026-05-27 04:45:42]     Normalization: none | fit_scope=none
[2026-05-27 04:45:42]     Phase 1 (new): 2,170/16,010 params
[2026-05-27 04:45:42]     Result | best_epoch=1 | stop=51 | final_phase_epochs=51 | acc=0.5000 | bal_acc=0.5000 | pred_hist=[2, 14] | collapse=False
[2026-05-27 04:45:42]     spatial_conv=[4, 29] top_abs_channels=[('Pz', 0.15303901), ('O2', 0.14439137), ('T3', 0.12698478), ('T4', 0.1220876), ('O1', 0.12186212), ('CP3', 0.12112439), ('C3', 0.1152309), ('CP4', 0.11043314)]
[2026-05-27 04:45:42]     spatial_update=delta_l2=0.00538503 max_abs=0.00050000 relative=0.00451204 changed=True

[2026-05-27 04:45:43] Fold 9/10 | subject=44
[2026-05-27 04:45:43]     Train: 24 | counts=[12, 12]
[2026-05-27 04:45:43]     Test:  16 | counts=[8, 8]
[2026-05-27 04:45:43]     Model: SignalJEPA_PreLocal | Pretrained: from_pretrained | Strategy: new
[2026-05-27 04:45:43]     Normalization: none | fit_scope=none
[2026-05-27 04:45:43]     Phase 1 (new): 2,170/16,010 params
[2026-05-27 04:45:44]     Result | best_epoch=276 | stop=326 | final_phase_epochs=326 | acc=0.6250 | bal_acc=0.6250 | pred_hist=[6, 10] | collapse=False
[2026-05-27 04:45:44]     spatial_conv=[4, 29] top_abs_channels=[('FC4', 0.18768004), ('FCz', 0.1491024), ('CP3', 0.13794973), ('TP7', 0.13110298), ('T3', 0.11638854), ('FT8', 0.10974065), ('P4', 0.10755283), ('F3', 0.10723732)]
[2026-05-27 04:45:44]     spatial_update=delta_l2=0.89021358 max_abs=0.15574552 relative=0.74589786 changed=True

[2026-05-27 04:45:44] Fold 10/10 | subject=44
[2026-05-27 04:45:44]     Train: 24 | counts=[12, 12]
[2026-05-27 04:45:44]     Test:  16 | counts=[8, 8]
[2026-05-27 04:45:44]     Model: SignalJEPA_PreLocal | Pretrained: from_pretrained | Strategy: new
[2026-05-27 04:45:44]     Normalization: none | fit_scope=none
[2026-05-27 04:45:44]     Phase 1 (new): 2,170/16,010 params
[2026-05-27 04:45:45]     Result | best_epoch=2 | stop=51 | final_phase_epochs=51 | acc=0.5000 | bal_acc=0.5000 | pred_hist=[2, 14] | collapse=False
[2026-05-27 04:45:45]     spatial_conv=[4, 29] top_abs_channels=[('Pz', 0.15253901), ('O2', 0.14464137), ('T3', 0.12698478), ('T4', 0.12208758), ('CP3', 0.12137434), ('O1', 0.12136213), ('C3', 0.11548089), ('CP4', 0.11043314)]
[2026-05-27 04:45:45]     spatial_update=delta_l2=0.00538500 max_abs=0.00050000 relative=0.00451202 changed=True
[2026-05-27 04:45:45]   Subject 44: acc=0.5500±0.0729  bal_acc=0.5500±0.0729
[2026-05-27 04:45:45] \nSubject 45: 40 windows | class_counts=[20, 20]

[2026-05-27 04:45:45] Fold 1/10 | subject=45
[2026-05-27 04:45:45]     Train: 24 | counts=[12, 12]
[2026-05-27 04:45:45]     Test:  16 | counts=[8, 8]
[2026-05-27 04:45:45]     Model: SignalJEPA_PreLocal | Pretrained: from_pretrained | Strategy: new
[2026-05-27 04:45:45]     Normalization: none | fit_scope=none
[2026-05-27 04:45:45]     Phase 1 (new): 2,170/16,010 params
[2026-05-27 04:45:46]     Result | best_epoch=272 | stop=285 | final_phase_epochs=285 | acc=0.6875 | bal_acc=0.6875 | pred_hist=[13, 3] | collapse=False
[2026-05-27 04:45:46]     spatial_conv=[4, 29] top_abs_channels=[('FT7', 0.15484037), ('T5', 0.1529332), ('F4', 0.13287742), ('T6', 0.12960252), ('O2', 0.12530777), ('T3', 0.11730134), ('P3', 0.11610681), ('FCz', 0.11019319)]
[2026-05-27 04:45:46]     spatial_update=delta_l2=0.86039018 max_abs=0.16277357 relative=0.72090924 changed=True

[2026-05-27 04:45:47] Fold 2/10 | subject=45
[2026-05-27 04:45:47]     Train: 24 | counts=[12, 12]
[2026-05-27 04:45:47]     Test:  16 | counts=[8, 8]
[2026-05-27 04:45:47]     Model: SignalJEPA_PreLocal | Pretrained: from_pretrained | Strategy: new
[2026-05-27 04:45:47]     Normalization: none | fit_scope=none
[2026-05-27 04:45:47]     Phase 1 (new): 2,170/16,010 params
[2026-05-27 04:45:48]     Result | best_epoch=241 | stop=290 | final_phase_epochs=290 | acc=0.5625 | bal_acc=0.5625 | pred_hist=[11, 5] | collapse=False
[2026-05-27 04:45:48]     spatial_conv=[4, 29] top_abs_channels=[('C3', 0.15528744), ('T5', 0.15402101), ('Fz', 0.1319249), ('Cz', 0.13118029), ('T6', 0.12997784), ('CP4', 0.12550086), ('T3', 0.12445669), ('O2', 0.1234156)]
[2026-05-27 04:45:48]     spatial_update=delta_l2=0.86010658 max_abs=0.17102775 relative=0.72067161 changed=True

[2026-05-27 04:45:48] Fold 3/10 | subject=45
[2026-05-27 04:45:48]     Train: 24 | counts=[12, 12]
[2026-05-27 04:45:48]     Test:  16 | counts=[8, 8]
[2026-05-27 04:45:48]     Model: SignalJEPA_PreLocal | Pretrained: from_pretrained | Strategy: new
[2026-05-27 04:45:48]     Normalization: none | fit_scope=none
[2026-05-27 04:45:48]     Phase 1 (new): 2,170/16,010 params
[2026-05-27 04:45:49]     Result | best_epoch=1 | stop=51 | final_phase_epochs=51 | acc=0.5625 | bal_acc=0.5625 | pred_hist=[1, 15] | collapse=True
[2026-05-27 04:45:49]     spatial_conv=[4, 29] top_abs_channels=[('Pz', 0.15303901), ('O2', 0.14389138), ('T3', 0.12673485), ('T4', 0.12208758), ('O1', 0.12161212), ('CP3', 0.12137439), ('C3', 0.1154809), ('CP4', 0.11143311)]
[2026-05-27 04:45:49]     spatial_update=delta_l2=0.00538500 max_abs=0.00050000 relative=0.00451202 changed=True

[2026-05-27 04:45:49] Fold 4/10 | subject=45
[2026-05-27 04:45:49]     Train: 24 | counts=[12, 12]
[2026-05-27 04:45:49]     Test:  16 | counts=[8, 8]
[2026-05-27 04:45:49]     Model: SignalJEPA_PreLocal | Pretrained: from_pretrained | Strategy: new
[2026-05-27 04:45:49]     Normalization: none | fit_scope=none
[2026-05-27 04:45:49]     Phase 1 (new): 2,170/16,010 params
[2026-05-27 04:45:49]     Result | best_epoch=1 | stop=51 | final_phase_epochs=51 | acc=0.5000 | bal_acc=0.5000 | pred_hist=[0, 16] | collapse=True
[2026-05-27 04:45:49]     spatial_conv=[4, 29] top_abs_channels=[('Pz', 0.15278903), ('O2', 0.14414138), ('T3', 0.12698479), ('T4', 0.1218376), ('O1', 0.12161212), ('CP3', 0.12112439), ('C3', 0.11523101), ('CP4', 0.11093314)]
[2026-05-27 04:45:49]     spatial_update=delta_l2=0.00538494 max_abs=0.00050000 relative=0.00451196 changed=True

[2026-05-27 04:45:50] Fold 5/10 | subject=45
[2026-05-27 04:45:50]     Train: 24 | counts=[12, 12]
[2026-05-27 04:45:50]     Test:  16 | counts=[8, 8]
[2026-05-27 04:45:50]     Model: SignalJEPA_PreLocal | Pretrained: from_pretrained | Strategy: new
[2026-05-27 04:45:50]     Normalization: none | fit_scope=none
[2026-05-27 04:45:50]     Phase 1 (new): 2,170/16,010 params
[2026-05-27 04:45:50]     Result | best_epoch=1 | stop=51 | final_phase_epochs=51 | acc=0.4375 | bal_acc=0.4375 | pred_hist=[1, 15] | collapse=True
[2026-05-27 04:45:50]     spatial_conv=[4, 29] top_abs_channels=[('Pz', 0.15303901), ('O2', 0.14389141), ('T3', 0.12698479), ('T4', 0.12183759), ('O1', 0.12161213), ('CP3', 0.12137439), ('C3', 0.1154809), ('CP4', 0.11093313)]
[2026-05-27 04:45:50]     spatial_update=delta_l2=0.00538504 max_abs=0.00050000 relative=0.00451205 changed=True

[2026-05-27 04:45:51] Fold 6/10 | subject=45
[2026-05-27 04:45:51]     Train: 24 | counts=[12, 12]
[2026-05-27 04:45:51]     Test:  16 | counts=[8, 8]
[2026-05-27 04:45:51]     Model: SignalJEPA_PreLocal | Pretrained: from_pretrained | Strategy: new
[2026-05-27 04:45:51]     Normalization: none | fit_scope=none
[2026-05-27 04:45:51]     Phase 1 (new): 2,170/16,010 params
[2026-05-27 04:45:52]     Result | best_epoch=337 | stop=385 | final_phase_epochs=385 | acc=0.6250 | bal_acc=0.6250 | pred_hist=[10, 6] | collapse=False
[2026-05-27 04:45:52]     spatial_conv=[4, 29] top_abs_channels=[('T5', 0.21704805), ('Fz', 0.14766692), ('O1', 0.12604178), ('Cz', 0.12138434), ('Oz', 0.12112951), ('TP7', 0.11897027), ('Pz', 0.11755547), ('C3', 0.11607927)]
[2026-05-27 04:45:52]     spatial_update=delta_l2=1.12484977 max_abs=0.23146204 relative=0.94249633 changed=True

[2026-05-27 04:45:53] Fold 7/10 | subject=45
[2026-05-27 04:45:53]     Train: 24 | counts=[12, 12]
[2026-05-27 04:45:53]     Test:  16 | counts=[8, 8]
[2026-05-27 04:45:53]     Model: SignalJEPA_PreLocal | Pretrained: from_pretrained | Strategy: new
[2026-05-27 04:45:53]     Normalization: none | fit_scope=none
[2026-05-27 04:45:53]     Phase 1 (new): 2,170/16,010 params
[2026-05-27 04:45:54]     Result | best_epoch=217 | stop=267 | final_phase_epochs=267 | acc=0.3750 | bal_acc=0.3750 | pred_hist=[4, 12] | collapse=False
[2026-05-27 04:45:54]     spatial_conv=[4, 29] top_abs_channels=[('T5', 0.21501216), ('Fz', 0.18812178), ('F4', 0.14527237), ('O2', 0.14209402), ('F7', 0.1414471), ('Pz', 0.13884912), ('FT7', 0.12094483), ('P4', 0.10904057)]
[2026-05-27 04:45:54]     spatial_update=delta_l2=0.80974728 max_abs=0.13857313 relative=0.67847624 changed=True

[2026-05-27 04:45:54] Fold 8/10 | subject=45
[2026-05-27 04:45:54]     Train: 24 | counts=[12, 12]
[2026-05-27 04:45:54]     Test:  16 | counts=[8, 8]
[2026-05-27 04:45:54]     Model: SignalJEPA_PreLocal | Pretrained: from_pretrained | Strategy: new
[2026-05-27 04:45:54]     Normalization: none | fit_scope=none
[2026-05-27 04:45:54]     Phase 1 (new): 2,170/16,010 params
[2026-05-27 04:45:54]     Result | best_epoch=1 | stop=51 | final_phase_epochs=51 | acc=0.5000 | bal_acc=0.5000 | pred_hist=[0, 16] | collapse=True
[2026-05-27 04:45:54]     spatial_conv=[4, 29] top_abs_channels=[('Pz', 0.15303901), ('O2', 0.14414138), ('T3', 0.12698475), ('T4', 0.12208758), ('O1', 0.12161214), ('CP3', 0.1211244), ('C3', 0.11498092), ('CP4', 0.11093313)]
[2026-05-27 04:45:54]     spatial_update=delta_l2=0.00538499 max_abs=0.00050000 relative=0.00451201 changed=True

[2026-05-27 04:45:55] Fold 9/10 | subject=45
[2026-05-27 04:45:55]     Train: 24 | counts=[12, 12]
[2026-05-27 04:45:55]     Test:  16 | counts=[8, 8]
[2026-05-27 04:45:55]     Model: SignalJEPA_PreLocal | Pretrained: from_pretrained | Strategy: new
[2026-05-27 04:45:55]     Normalization: none | fit_scope=none
[2026-05-27 04:45:55]     Phase 1 (new): 2,170/16,010 params
[2026-05-27 04:45:59]     Result | best_epoch=1212 | stop=1261 | final_phase_epochs=1261 | acc=0.5625 | bal_acc=0.5625 | pred_hist=[13, 3] | collapse=False
[2026-05-27 04:45:59]     spatial_conv=[4, 29] top_abs_channels=[('Cz', 0.16592944), ('T6', 0.16418327), ('Pz', 0.15709151), ('FC3', 0.14510475), ('F3', 0.14134762), ('CP4', 0.13559303), ('P3', 0.13303904), ('TP7', 0.12859671)]
[2026-05-27 04:45:59]     spatial_update=delta_l2=1.47053873 max_abs=0.32996477 relative=1.23214441 changed=True

[2026-05-27 04:46:00] Fold 10/10 | subject=45
[2026-05-27 04:46:00]     Train: 24 | counts=[12, 12]
[2026-05-27 04:46:00]     Test:  16 | counts=[8, 8]
[2026-05-27 04:46:00]     Model: SignalJEPA_PreLocal | Pretrained: from_pretrained | Strategy: new
[2026-05-27 04:46:00]     Normalization: none | fit_scope=none
[2026-05-27 04:46:00]     Phase 1 (new): 2,170/16,010 params
[2026-05-27 04:46:00]     Result | best_epoch=1 | stop=51 | final_phase_epochs=51 | acc=0.5000 | bal_acc=0.5000 | pred_hist=[0, 16] | collapse=True
[2026-05-27 04:46:00]     spatial_conv=[4, 29] top_abs_channels=[('Pz', 0.15303901), ('O2', 0.14414138), ('T3', 0.12698478), ('T4', 0.12183759), ('CP3', 0.12137438), ('O1', 0.12136213), ('C3', 0.1152309), ('CP4', 0.1109331)]
[2026-05-27 04:46:00]     spatial_update=delta_l2=0.00538498 max_abs=0.00050000 relative=0.00451200 changed=True
[2026-05-27 04:46:00]   Subject 45: acc=0.5312±0.0850  bal_acc=0.5312±0.0850
[2026-05-27 04:46:00] \nSubject 46: 40 windows | class_counts=[20, 20]

[2026-05-27 04:46:00] Fold 1/10 | subject=46
[2026-05-27 04:46:00]     Train: 24 | counts=[12, 12]
[2026-05-27 04:46:00]     Test:  16 | counts=[8, 8]
[2026-05-27 04:46:00]     Model: SignalJEPA_PreLocal | Pretrained: from_pretrained | Strategy: new
[2026-05-27 04:46:00]     Normalization: none | fit_scope=none
[2026-05-27 04:46:00]     Phase 1 (new): 2,170/16,010 params
[2026-05-27 04:46:01]     Result | best_epoch=1 | stop=51 | final_phase_epochs=51 | acc=0.5000 | bal_acc=0.5000 | pred_hist=[0, 16] | collapse=True
[2026-05-27 04:46:01]     spatial_conv=[4, 29] top_abs_channels=[('Pz', 0.15303902), ('O2', 0.14414138), ('T3', 0.12698479), ('T4', 0.12233758), ('O1', 0.12161215), ('CP3', 0.1208744), ('C3', 0.11548089), ('CP4', 0.11118314)]
[2026-05-27 04:46:01]     spatial_update=delta_l2=0.00538458 max_abs=0.00050000 relative=0.00451167 changed=True

[2026-05-27 04:46:01] Fold 2/10 | subject=46
[2026-05-27 04:46:01]     Train: 24 | counts=[12, 12]
[2026-05-27 04:46:01]     Test:  16 | counts=[8, 8]
[2026-05-27 04:46:01]     Model: SignalJEPA_PreLocal | Pretrained: from_pretrained | Strategy: new
[2026-05-27 04:46:01]     Normalization: none | fit_scope=none
[2026-05-27 04:46:01]     Phase 1 (new): 2,170/16,010 params
[2026-05-27 04:46:02]     Result | best_epoch=8 | stop=55 | final_phase_epochs=55 | acc=0.5000 | bal_acc=0.5000 | pred_hist=[0, 16] | collapse=True
[2026-05-27 04:46:02]     spatial_conv=[4, 29] top_abs_channels=[('Pz', 0.15287808), ('O2', 0.1445042), ('T3', 0.12746239), ('T4', 0.12343335), ('CP3', 0.12218859), ('O1', 0.12066135), ('C3', 0.11576161), ('CP4', 0.11170688)]
[2026-05-27 04:46:02]     spatial_update=delta_l2=0.02213557 max_abs=0.00250333 relative=0.01854709 changed=True

[2026-05-27 04:46:02] Fold 3/10 | subject=46
[2026-05-27 04:46:02]     Train: 24 | counts=[12, 12]
[2026-05-27 04:46:02]     Test:  16 | counts=[8, 8]
[2026-05-27 04:46:02]     Model: SignalJEPA_PreLocal | Pretrained: from_pretrained | Strategy: new
[2026-05-27 04:46:02]     Normalization: none | fit_scope=none
[2026-05-27 04:46:02]     Phase 1 (new): 2,170/16,010 params
[2026-05-27 04:46:03]     Result | best_epoch=166 | stop=216 | final_phase_epochs=216 | acc=0.6250 | bal_acc=0.6250 | pred_hist=[10, 6] | collapse=False
[2026-05-27 04:46:03]     spatial_conv=[4, 29] top_abs_channels=[('F7', 0.16014259), ('Pz', 0.14339608), ('O2', 0.12626907), ('CP3', 0.12480427), ('T3', 0.12376937), ('Cz', 0.11901846), ('Fp1', 0.11831114), ('CP4', 0.1166372)]
[2026-05-27 04:46:03]     spatial_update=delta_l2=0.68724666 max_abs=0.10728094 relative=0.57583464 changed=True

[2026-05-27 04:46:03] Fold 4/10 | subject=46
[2026-05-27 04:46:03]     Train: 24 | counts=[12, 12]
[2026-05-27 04:46:03]     Test:  16 | counts=[8, 8]
[2026-05-27 04:46:03]     Model: SignalJEPA_PreLocal | Pretrained: from_pretrained | Strategy: new
[2026-05-27 04:46:03]     Normalization: none | fit_scope=none
[2026-05-27 04:46:03]     Phase 1 (new): 2,170/16,010 params
[2026-05-27 04:46:04]     Result | best_epoch=1 | stop=51 | final_phase_epochs=51 | acc=0.5000 | bal_acc=0.5000 | pred_hist=[0, 16] | collapse=True
[2026-05-27 04:46:04]     spatial_conv=[4, 29] top_abs_channels=[('Pz', 0.15328901), ('O2', 0.14414138), ('T3', 0.1264848), ('O1', 0.12211212), ('T4', 0.1218376), ('CP3', 0.1208744), ('C3', 0.1152309), ('CP4', 0.11118313)]
[2026-05-27 04:46:04]     spatial_update=delta_l2=0.00538502 max_abs=0.00050000 relative=0.00451204 changed=True

[2026-05-27 04:46:04] Fold 5/10 | subject=46
[2026-05-27 04:46:04]     Train: 24 | counts=[12, 12]
[2026-05-27 04:46:04]     Test:  16 | counts=[8, 8]
[2026-05-27 04:46:04]     Model: SignalJEPA_PreLocal | Pretrained: from_pretrained | Strategy: new
[2026-05-27 04:46:04]     Normalization: none | fit_scope=none
[2026-05-27 04:46:04]     Phase 1 (new): 2,170/16,010 params
[2026-05-27 04:46:04]     Result | best_epoch=4 | stop=51 | final_phase_epochs=51 | acc=0.5000 | bal_acc=0.5000 | pred_hist=[0, 16] | collapse=True
[2026-05-27 04:46:04]     spatial_conv=[4, 29] top_abs_channels=[('Pz', 0.15278901), ('O2', 0.14414138), ('T3', 0.12673479), ('T4', 0.12233758), ('O1', 0.12161198), ('CP3', 0.12137438), ('C3', 0.11523101), ('CP4', 0.11093313)]
[2026-05-27 04:46:04]     spatial_update=delta_l2=0.00538490 max_abs=0.00050000 relative=0.00451193 changed=True

[2026-05-27 04:46:05] Fold 6/10 | subject=46
[2026-05-27 04:46:05]     Train: 24 | counts=[12, 12]
[2026-05-27 04:46:05]     Test:  16 | counts=[8, 8]
[2026-05-27 04:46:05]     Model: SignalJEPA_PreLocal | Pretrained: from_pretrained | Strategy: new
[2026-05-27 04:46:05]     Normalization: none | fit_scope=none
[2026-05-27 04:46:05]     Phase 1 (new): 2,170/16,010 params
[2026-05-27 04:46:05]     Result | best_epoch=11 | stop=58 | final_phase_epochs=58 | acc=0.6250 | bal_acc=0.6250 | pred_hist=[2, 14] | collapse=False
[2026-05-27 04:46:05]     spatial_conv=[4, 29] top_abs_channels=[('Pz', 0.15301529), ('O2', 0.14418349), ('T3', 0.12735061), ('T4', 0.12404492), ('CP3', 0.12189352), ('O1', 0.11925336), ('C3', 0.11721176), ('Fp1', 0.11150843)]
[2026-05-27 04:46:05]     spatial_update=delta_l2=0.03438964 max_abs=0.00399844 relative=0.02881461 changed=True

[2026-05-27 04:46:06] Fold 7/10 | subject=46
[2026-05-27 04:46:06]     Train: 24 | counts=[12, 12]
[2026-05-27 04:46:06]     Test:  16 | counts=[8, 8]
[2026-05-27 04:46:06]     Model: SignalJEPA_PreLocal | Pretrained: from_pretrained | Strategy: new
[2026-05-27 04:46:06]     Normalization: none | fit_scope=none
[2026-05-27 04:46:06]     Phase 1 (new): 2,170/16,010 params
[2026-05-27 04:46:08]     Result | best_epoch=427 | stop=477 | final_phase_epochs=477 | acc=0.5000 | bal_acc=0.5000 | pred_hist=[12, 4] | collapse=False
[2026-05-27 04:46:08]     spatial_conv=[4, 29] top_abs_channels=[('TP8', 0.26093337), ('CP3', 0.15751284), ('O2', 0.1224221), ('O1', 0.12238266), ('FCz', 0.10809151), ('TP7', 0.10672943), ('F7', 0.10261874), ('T4', 0.10078228)]
[2026-05-27 04:46:08]     spatial_update=delta_l2=1.14152156 max_abs=0.23278657 relative=0.95646540 changed=True

[2026-05-27 04:46:08] Fold 8/10 | subject=46
[2026-05-27 04:46:08]     Train: 24 | counts=[12, 12]
[2026-05-27 04:46:08]     Test:  16 | counts=[8, 8]
[2026-05-27 04:46:08]     Model: SignalJEPA_PreLocal | Pretrained: from_pretrained | Strategy: new
[2026-05-27 04:46:08]     Normalization: none | fit_scope=none
[2026-05-27 04:46:08]     Phase 1 (new): 2,170/16,010 params
[2026-05-27 04:46:08]     Result | best_epoch=1 | stop=51 | final_phase_epochs=51 | acc=0.5000 | bal_acc=0.5000 | pred_hist=[0, 16] | collapse=True
[2026-05-27 04:46:08]     spatial_conv=[4, 29] top_abs_channels=[('Pz', 0.15303905), ('O2', 0.14439137), ('T3', 0.12723479), ('T4', 0.12233758), ('O1', 0.12186212), ('CP3', 0.12087438), ('C3', 0.1154809), ('CP4', 0.11068317)]
[2026-05-27 04:46:08]     spatial_update=delta_l2=0.00538470 max_abs=0.00050000 relative=0.00451177 changed=True

[2026-05-27 04:46:09] Fold 9/10 | subject=46
[2026-05-27 04:46:09]     Train: 24 | counts=[12, 12]
[2026-05-27 04:46:09]     Test:  16 | counts=[8, 8]
[2026-05-27 04:46:09]     Model: SignalJEPA_PreLocal | Pretrained: from_pretrained | Strategy: new
[2026-05-27 04:46:09]     Normalization: none | fit_scope=none
[2026-05-27 04:46:09]     Phase 1 (new): 2,170/16,010 params
[2026-05-27 04:46:10]     Result | best_epoch=220 | stop=270 | final_phase_epochs=270 | acc=0.5625 | bal_acc=0.5625 | pred_hist=[11, 5] | collapse=False
[2026-05-27 04:46:10]     spatial_conv=[4, 29] top_abs_channels=[('T4', 0.15973181), ('O2', 0.1491172), ('CP4', 0.13949446), ('Pz', 0.13640502), ('TP8', 0.1272466), ('CP3', 0.12454004), ('P3', 0.11654054), ('TP7', 0.10931682)]
[2026-05-27 04:46:10]     spatial_update=delta_l2=0.79672646 max_abs=0.15491396 relative=0.66756627 changed=True

[2026-05-27 04:46:10] Fold 10/10 | subject=46
[2026-05-27 04:46:10]     Train: 24 | counts=[12, 12]
[2026-05-27 04:46:10]     Test:  16 | counts=[8, 8]
[2026-05-27 04:46:10]     Model: SignalJEPA_PreLocal | Pretrained: from_pretrained | Strategy: new
[2026-05-27 04:46:10]     Normalization: none | fit_scope=none
[2026-05-27 04:46:10]     Phase 1 (new): 2,170/16,010 params
[2026-05-27 04:46:11]     Result | best_epoch=31 | stop=78 | final_phase_epochs=78 | acc=0.4375 | bal_acc=0.4375 | pred_hist=[11, 5] | collapse=False
[2026-05-27 04:46:11]     spatial_conv=[4, 29] top_abs_channels=[('Pz', 0.15269756), ('O2', 0.1457925), ('T3', 0.1320834), ('T4', 0.12665656), ('CP3', 0.12166802), ('O1', 0.11475763), ('CP4', 0.11263059), ('C3', 0.11109226)]
[2026-05-27 04:46:11]     spatial_update=delta_l2=0.10208924 max_abs=0.01465443 relative=0.08553918 changed=True
[2026-05-27 04:46:11]   Subject 46: acc=0.5250±0.0573  bal_acc=0.5250±0.0573
[2026-05-27 04:46:11] \nSubject 47: 40 windows | class_counts=[20, 20]

[2026-05-27 04:46:11] Fold 1/10 | subject=47
[2026-05-27 04:46:11]     Train: 24 | counts=[12, 12]
[2026-05-27 04:46:11]     Test:  16 | counts=[8, 8]
[2026-05-27 04:46:11]     Model: SignalJEPA_PreLocal | Pretrained: from_pretrained | Strategy: new
[2026-05-27 04:46:11]     Normalization: none | fit_scope=none
[2026-05-27 04:46:11]     Phase 1 (new): 2,170/16,010 params
[2026-05-27 04:46:11]     Result | best_epoch=1 | stop=51 | final_phase_epochs=51 | acc=0.5000 | bal_acc=0.5000 | pred_hist=[0, 16] | collapse=True
[2026-05-27 04:46:11]     spatial_conv=[4, 29] top_abs_channels=[('Pz', 0.15303901), ('O2', 0.14414138), ('T3', 0.12673479), ('O1', 0.12211212), ('T4', 0.1215876), ('CP3', 0.12087439), ('C3', 0.11473095), ('CP4', 0.11068314)]
[2026-05-27 04:46:11]     spatial_update=delta_l2=0.00538495 max_abs=0.00050000 relative=0.00451197 changed=True

[2026-05-27 04:46:12] Fold 2/10 | subject=47
[2026-05-27 04:46:12]     Train: 24 | counts=[12, 12]
[2026-05-27 04:46:12]     Test:  16 | counts=[8, 8]
[2026-05-27 04:46:12]     Model: SignalJEPA_PreLocal | Pretrained: from_pretrained | Strategy: new
[2026-05-27 04:46:12]     Normalization: none | fit_scope=none
[2026-05-27 04:46:12]     Phase 1 (new): 2,170/16,010 params
[2026-05-27 04:46:12]     Result | best_epoch=5 | stop=52 | final_phase_epochs=52 | acc=0.4375 | bal_acc=0.4375 | pred_hist=[1, 15] | collapse=True
[2026-05-27 04:46:12]     spatial_conv=[4, 29] top_abs_channels=[('Pz', 0.1535197), ('O2', 0.14429624), ('T3', 0.12623814), ('T4', 0.122545), ('O1', 0.12156982), ('CP3', 0.12078902), ('C3', 0.11531308), ('CP4', 0.11061565)]
[2026-05-27 04:46:12]     spatial_update=delta_l2=0.00980983 max_abs=0.00100067 relative=0.00821952 changed=True

[2026-05-27 04:46:13] Fold 3/10 | subject=47
[2026-05-27 04:46:13]     Train: 24 | counts=[12, 12]
[2026-05-27 04:46:13]     Test:  16 | counts=[8, 8]
[2026-05-27 04:46:13]     Model: SignalJEPA_PreLocal | Pretrained: from_pretrained | Strategy: new
[2026-05-27 04:46:13]     Normalization: none | fit_scope=none
[2026-05-27 04:46:13]     Phase 1 (new): 2,170/16,010 params
[2026-05-27 04:46:13]     Result | best_epoch=1 | stop=51 | final_phase_epochs=51 | acc=0.5000 | bal_acc=0.5000 | pred_hist=[0, 16] | collapse=True
[2026-05-27 04:46:13]     spatial_conv=[4, 29] top_abs_channels=[('Pz', 0.15303904), ('O2', 0.14389138), ('T3', 0.12698478), ('O1', 0.12211212), ('T4', 0.12208758), ('CP3', 0.12087442), ('C3', 0.11523092), ('CP4', 0.11093313)]
[2026-05-27 04:46:13]     spatial_update=delta_l2=0.00538501 max_abs=0.00050000 relative=0.00451203 changed=True

[2026-05-27 04:46:14] Fold 4/10 | subject=47
[2026-05-27 04:46:14]     Train: 24 | counts=[12, 12]
[2026-05-27 04:46:14]     Test:  16 | counts=[8, 8]
[2026-05-27 04:46:14]     Model: SignalJEPA_PreLocal | Pretrained: from_pretrained | Strategy: new
[2026-05-27 04:46:14]     Normalization: none | fit_scope=none
[2026-05-27 04:46:14]     Phase 1 (new): 2,170/16,010 params
[2026-05-27 04:46:14]     Result | best_epoch=1 | stop=51 | final_phase_epochs=51 | acc=0.5000 | bal_acc=0.5000 | pred_hist=[0, 16] | collapse=True
[2026-05-27 04:46:14]     spatial_conv=[4, 29] top_abs_channels=[('Pz', 0.15328902), ('O2', 0.14414135), ('T3', 0.12673479), ('T4', 0.12233759), ('O1', 0.12211212), ('CP3', 0.12112439), ('C3', 0.11523092), ('CP4', 0.11093313)]
[2026-05-27 04:46:14]     spatial_update=delta_l2=0.00538492 max_abs=0.00050000 relative=0.00451195 changed=True

[2026-05-27 04:46:14] Fold 5/10 | subject=47
[2026-05-27 04:46:14]     Train: 24 | counts=[12, 12]
[2026-05-27 04:46:14]     Test:  16 | counts=[8, 8]
[2026-05-27 04:46:14]     Model: SignalJEPA_PreLocal | Pretrained: from_pretrained | Strategy: new
[2026-05-27 04:46:14]     Normalization: none | fit_scope=none
[2026-05-27 04:46:14]     Phase 1 (new): 2,170/16,010 params
[2026-05-27 04:46:14]     Result | best_epoch=1 | stop=51 | final_phase_epochs=51 | acc=0.5000 | bal_acc=0.5000 | pred_hist=[0, 16] | collapse=True
[2026-05-27 04:46:14]     spatial_conv=[4, 29] top_abs_channels=[('Pz', 0.15328901), ('O2', 0.14414138), ('T3', 0.12673481), ('T4', 0.12208758), ('O1', 0.12161212), ('CP3', 0.12087439), ('C3', 0.11523096), ('CP4', 0.11068318)]
[2026-05-27 04:46:14]     spatial_update=delta_l2=0.00538493 max_abs=0.00050000 relative=0.00451196 changed=True

[2026-05-27 04:46:15] Fold 6/10 | subject=47
[2026-05-27 04:46:15]     Train: 24 | counts=[12, 12]
[2026-05-27 04:46:15]     Test:  16 | counts=[8, 8]
[2026-05-27 04:46:15]     Model: SignalJEPA_PreLocal | Pretrained: from_pretrained | Strategy: new
[2026-05-27 04:46:15]     Normalization: none | fit_scope=none
[2026-05-27 04:46:15]     Phase 1 (new): 2,170/16,010 params
[2026-05-27 04:46:15]     Result | best_epoch=1 | stop=51 | final_phase_epochs=51 | acc=0.4375 | bal_acc=0.4375 | pred_hist=[1, 15] | collapse=True
[2026-05-27 04:46:15]     spatial_conv=[4, 29] top_abs_channels=[('Pz', 0.15328872), ('O2', 0.14389141), ('T3', 0.12698478), ('T4', 0.12258756), ('O1', 0.12161213), ('CP3', 0.12137438), ('C3', 0.11523093), ('CP4', 0.11068314)]
[2026-05-27 04:46:15]     spatial_update=delta_l2=0.00538486 max_abs=0.00050000 relative=0.00451190 changed=True

[2026-05-27 04:46:16] Fold 7/10 | subject=47
[2026-05-27 04:46:16]     Train: 24 | counts=[12, 12]
[2026-05-27 04:46:16]     Test:  16 | counts=[8, 8]
[2026-05-27 04:46:16]     Model: SignalJEPA_PreLocal | Pretrained: from_pretrained | Strategy: new
[2026-05-27 04:46:16]     Normalization: none | fit_scope=none
[2026-05-27 04:46:16]     Phase 1 (new): 2,170/16,010 params
[2026-05-27 04:46:16]     Result | best_epoch=1 | stop=51 | final_phase_epochs=51 | acc=0.5000 | bal_acc=0.5000 | pred_hist=[0, 16] | collapse=True
[2026-05-27 04:46:16]     spatial_conv=[4, 29] top_abs_channels=[('Pz', 0.15278903), ('O2', 0.14439134), ('T3', 0.12673479), ('T4', 0.12233759), ('O1', 0.12186202), ('CP3', 0.12112442), ('C3', 0.11548088), ('CP4', 0.11093322)]
[2026-05-27 04:46:16]     spatial_update=delta_l2=0.00538488 max_abs=0.00050000 relative=0.00451192 changed=True

[2026-05-27 04:46:17] Fold 8/10 | subject=47
[2026-05-27 04:46:17]     Train: 24 | counts=[12, 12]
[2026-05-27 04:46:17]     Test:  16 | counts=[8, 8]
[2026-05-27 04:46:17]     Model: SignalJEPA_PreLocal | Pretrained: from_pretrained | Strategy: new
[2026-05-27 04:46:17]     Normalization: none | fit_scope=none
[2026-05-27 04:46:17]     Phase 1 (new): 2,170/16,010 params
[2026-05-27 04:46:17]     Result | best_epoch=1 | stop=51 | final_phase_epochs=51 | acc=0.5000 | bal_acc=0.5000 | pred_hist=[0, 16] | collapse=True
[2026-05-27 04:46:17]     spatial_conv=[4, 29] top_abs_channels=[('Pz', 0.15303902), ('O2', 0.14414136), ('T3', 0.12698479), ('T4', 0.12258756), ('O1', 0.12161212), ('CP3', 0.1211244), ('C3', 0.11548088), ('CP4', 0.11068314)]
[2026-05-27 04:46:17]     spatial_update=delta_l2=0.00538162 max_abs=0.00050000 relative=0.00450918 changed=True

[2026-05-27 04:46:17] Fold 9/10 | subject=47
[2026-05-27 04:46:17]     Train: 24 | counts=[12, 12]
[2026-05-27 04:46:17]     Test:  16 | counts=[8, 8]
[2026-05-27 04:46:17]     Model: SignalJEPA_PreLocal | Pretrained: from_pretrained | Strategy: new
[2026-05-27 04:46:17]     Normalization: none | fit_scope=none
[2026-05-27 04:46:17]     Phase 1 (new): 2,170/16,010 params
[2026-05-27 04:46:18]     Result | best_epoch=1 | stop=51 | final_phase_epochs=51 | acc=0.5000 | bal_acc=0.5000 | pred_hist=[0, 16] | collapse=True
[2026-05-27 04:46:18]     spatial_conv=[4, 29] top_abs_channels=[('Pz', 0.15353897), ('O2', 0.14389138), ('T3', 0.12673478), ('O1', 0.1221121), ('T4', 0.12208759), ('CP3', 0.12062457), ('C3', 0.11548088), ('CP4', 0.11093313)]
[2026-05-27 04:46:18]     spatial_update=delta_l2=0.00538493 max_abs=0.00050000 relative=0.00451196 changed=True

[2026-05-27 04:46:18] Fold 10/10 | subject=47
[2026-05-27 04:46:18]     Train: 24 | counts=[12, 12]
[2026-05-27 04:46:18]     Test:  16 | counts=[8, 8]
[2026-05-27 04:46:18]     Model: SignalJEPA_PreLocal | Pretrained: from_pretrained | Strategy: new
[2026-05-27 04:46:18]     Normalization: none | fit_scope=none
[2026-05-27 04:46:18]     Phase 1 (new): 2,170/16,010 params
[2026-05-27 04:46:18]     Result | best_epoch=1 | stop=51 | final_phase_epochs=51 | acc=0.5000 | bal_acc=0.5000 | pred_hist=[0, 16] | collapse=True
[2026-05-27 04:46:18]     spatial_conv=[4, 29] top_abs_channels=[('Pz', 0.15328901), ('O2', 0.14414138), ('T3', 0.12698479), ('T4', 0.12183762), ('O1', 0.12136214), ('CP3', 0.12112439), ('C3', 0.11573085), ('CP4', 0.11068315)]
[2026-05-27 04:46:18]     spatial_update=delta_l2=0.00538484 max_abs=0.00050000 relative=0.00451188 changed=True
[2026-05-27 04:46:18]   Subject 47: acc=0.4875±0.0250  bal_acc=0.4875±0.0250
[2026-05-27 04:46:18] \nSubject 48: 40 windows | class_counts=[20, 20]

[2026-05-27 04:46:19] Fold 1/10 | subject=48
[2026-05-27 04:46:19]     Train: 24 | counts=[12, 12]
[2026-05-27 04:46:19]     Test:  16 | counts=[8, 8]
[2026-05-27 04:46:19]     Model: SignalJEPA_PreLocal | Pretrained: from_pretrained | Strategy: new
[2026-05-27 04:46:19]     Normalization: none | fit_scope=none
[2026-05-27 04:46:19]     Phase 1 (new): 2,170/16,010 params
[2026-05-27 04:46:19]     Result | best_epoch=2 | stop=51 | final_phase_epochs=51 | acc=0.5000 | bal_acc=0.5000 | pred_hist=[0, 16] | collapse=True
[2026-05-27 04:46:19]     spatial_conv=[4, 29] top_abs_channels=[('Pz', 0.15303902), ('O2', 0.14389138), ('T3', 0.12648478), ('O1', 0.12211212), ('T4', 0.12208758), ('CP3', 0.1208744), ('C3', 0.1152309), ('CP4', 0.11093313)]
[2026-05-27 04:46:19]     spatial_update=delta_l2=0.00538505 max_abs=0.00050000 relative=0.00451206 changed=True

[2026-05-27 04:46:20] Fold 2/10 | subject=48
[2026-05-27 04:46:20]     Train: 24 | counts=[12, 12]
[2026-05-27 04:46:20]     Test:  16 | counts=[8, 8]
[2026-05-27 04:46:20]     Model: SignalJEPA_PreLocal | Pretrained: from_pretrained | Strategy: new
[2026-05-27 04:46:20]     Normalization: none | fit_scope=none
[2026-05-27 04:46:20]     Phase 1 (new): 2,170/16,010 params
[2026-05-27 04:46:20]     Result | best_epoch=1 | stop=51 | final_phase_epochs=51 | acc=0.5000 | bal_acc=0.5000 | pred_hist=[2, 14] | collapse=False
[2026-05-27 04:46:20]     spatial_conv=[4, 29] top_abs_channels=[('Pz', 0.15278913), ('O2', 0.14414138), ('T3', 0.1264848), ('O1', 0.12186214), ('T4', 0.12183759), ('CP3', 0.12112439), ('C3', 0.11473091), ('CP4', 0.11143311)]
[2026-05-27 04:46:20]     spatial_update=delta_l2=0.00538496 max_abs=0.00050000 relative=0.00451199 changed=True

[2026-05-27 04:46:21] Fold 3/10 | subject=48
[2026-05-27 04:46:21]     Train: 24 | counts=[12, 12]
[2026-05-27 04:46:21]     Test:  16 | counts=[8, 8]
[2026-05-27 04:46:21]     Model: SignalJEPA_PreLocal | Pretrained: from_pretrained | Strategy: new
[2026-05-27 04:46:21]     Normalization: none | fit_scope=none
[2026-05-27 04:46:21]     Phase 1 (new): 2,170/16,010 params
[2026-05-27 04:46:21]     Result | best_epoch=1 | stop=51 | final_phase_epochs=51 | acc=0.5000 | bal_acc=0.5000 | pred_hist=[0, 16] | collapse=True
[2026-05-27 04:46:21]     spatial_conv=[4, 29] top_abs_channels=[('Pz', 0.153539), ('O2', 0.14414138), ('T3', 0.12698475), ('T4', 0.12183762), ('O1', 0.12161221), ('CP3', 0.1208744), ('C3', 0.11523092), ('CP4', 0.11118312)]
[2026-05-27 04:46:21]     spatial_update=delta_l2=0.00538497 max_abs=0.00050000 relative=0.00451199 changed=True

[2026-05-27 04:46:21] Fold 4/10 | subject=48
[2026-05-27 04:46:21]     Train: 24 | counts=[12, 12]
[2026-05-27 04:46:21]     Test:  16 | counts=[8, 8]
[2026-05-27 04:46:21]     Model: SignalJEPA_PreLocal | Pretrained: from_pretrained | Strategy: new
[2026-05-27 04:46:21]     Normalization: none | fit_scope=none
[2026-05-27 04:46:21]     Phase 1 (new): 2,170/16,010 params
[2026-05-27 04:46:22]     Result | best_epoch=210 | stop=259 | final_phase_epochs=259 | acc=0.6875 | bal_acc=0.6875 | pred_hist=[9, 7] | collapse=False
[2026-05-27 04:46:22]     spatial_conv=[4, 29] top_abs_channels=[('P3', 0.16944732), ('Pz', 0.15736467), ('F4', 0.13749599), ('Fz', 0.13471763), ('O1', 0.13083632), ('TP8', 0.12664375), ('C4', 0.11741772), ('FC3', 0.11318256)]
[2026-05-27 04:46:22]     spatial_update=delta_l2=0.77322883 max_abs=0.14439843 relative=0.64787793 changed=True

[2026-05-27 04:46:23] Fold 5/10 | subject=48
[2026-05-27 04:46:23]     Train: 24 | counts=[12, 12]
[2026-05-27 04:46:23]     Test:  16 | counts=[8, 8]
[2026-05-27 04:46:23]     Model: SignalJEPA_PreLocal | Pretrained: from_pretrained | Strategy: new
[2026-05-27 04:46:23]     Normalization: none | fit_scope=none
[2026-05-27 04:46:23]     Phase 1 (new): 2,170/16,010 params
[2026-05-27 04:46:27]     Result | best_epoch=1005 | stop=1054 | final_phase_epochs=1054 | acc=0.5625 | bal_acc=0.5625 | pred_hist=[11, 5] | collapse=False
[2026-05-27 04:46:27]     spatial_conv=[4, 29] top_abs_channels=[('Cz', 0.22816738), ('Pz', 0.18071325), ('O1', 0.17715797), ('CP4', 0.1704677), ('Fz', 0.12860633), ('C4', 0.12554143), ('F3', 0.12257175), ('P4', 0.11975801)]
[2026-05-27 04:46:27]     spatial_update=delta_l2=1.48960447 max_abs=0.40032953 relative=1.24811934 changed=True

[2026-05-27 04:46:27] Fold 6/10 | subject=48
[2026-05-27 04:46:27]     Train: 24 | counts=[12, 12]
[2026-05-27 04:46:27]     Test:  16 | counts=[8, 8]
[2026-05-27 04:46:27]     Model: SignalJEPA_PreLocal | Pretrained: from_pretrained | Strategy: new
[2026-05-27 04:46:27]     Normalization: none | fit_scope=none
[2026-05-27 04:46:27]     Phase 1 (new): 2,170/16,010 params
[2026-05-27 04:46:27]     Result | best_epoch=1 | stop=51 | final_phase_epochs=51 | acc=0.5000 | bal_acc=0.5000 | pred_hist=[0, 16] | collapse=True
[2026-05-27 04:46:27]     spatial_conv=[4, 29] top_abs_channels=[('Pz', 0.15303901), ('O2', 0.14439139), ('T3', 0.12698476), ('T4', 0.12183759), ('O1', 0.12161212), ('CP3', 0.12137437), ('C3', 0.11523092), ('CP4', 0.11093315)]
[2026-05-27 04:46:27]     spatial_update=delta_l2=0.00538486 max_abs=0.00050000 relative=0.00451190 changed=True

[2026-05-27 04:46:28] Fold 7/10 | subject=48
[2026-05-27 04:46:28]     Train: 24 | counts=[12, 12]
[2026-05-27 04:46:28]     Test:  16 | counts=[8, 8]
[2026-05-27 04:46:28]     Model: SignalJEPA_PreLocal | Pretrained: from_pretrained | Strategy: new
[2026-05-27 04:46:28]     Normalization: none | fit_scope=none
[2026-05-27 04:46:28]     Phase 1 (new): 2,170/16,010 params
[2026-05-27 04:46:29]     Result | best_epoch=348 | stop=398 | final_phase_epochs=398 | acc=0.5000 | bal_acc=0.5000 | pred_hist=[8, 8] | collapse=False
[2026-05-27 04:46:29]     spatial_conv=[4, 29] top_abs_channels=[('O1', 0.20610164), ('P3', 0.18680112), ('C4', 0.16810286), ('CP3', 0.16103624), ('F4', 0.15880597), ('Pz', 0.14552508), ('FCz', 0.14440358), ('CP4', 0.08941019)]
[2026-05-27 04:46:29]     spatial_update=delta_l2=1.02100512 max_abs=0.21456799 relative=0.85548631 changed=True

[2026-05-27 04:46:30] Fold 8/10 | subject=48
[2026-05-27 04:46:30]     Train: 24 | counts=[12, 12]
[2026-05-27 04:46:30]     Test:  16 | counts=[8, 8]
[2026-05-27 04:46:30]     Model: SignalJEPA_PreLocal | Pretrained: from_pretrained | Strategy: new
[2026-05-27 04:46:30]     Normalization: none | fit_scope=none
[2026-05-27 04:46:30]     Phase 1 (new): 2,170/16,010 params
[2026-05-27 04:46:30]     Result | best_epoch=1 | stop=51 | final_phase_epochs=51 | acc=0.4375 | bal_acc=0.4375 | pred_hist=[1, 15] | collapse=True
[2026-05-27 04:46:30]     spatial_conv=[4, 29] top_abs_channels=[('Pz', 0.15303901), ('O2', 0.14389138), ('T3', 0.1264848), ('O1', 0.12211212), ('T4', 0.12158759), ('CP3', 0.12112439), ('C3', 0.11473091), ('CP4', 0.11093313)]
[2026-05-27 04:46:30]     spatial_update=delta_l2=0.00538504 max_abs=0.00050000 relative=0.00451206 changed=True

[2026-05-27 04:46:31] Fold 9/10 | subject=48
[2026-05-27 04:46:31]     Train: 24 | counts=[12, 12]
[2026-05-27 04:46:31]     Test:  16 | counts=[8, 8]
[2026-05-27 04:46:31]     Model: SignalJEPA_PreLocal | Pretrained: from_pretrained | Strategy: new
[2026-05-27 04:46:31]     Normalization: none | fit_scope=none
[2026-05-27 04:46:31]     Phase 1 (new): 2,170/16,010 params
[2026-05-27 04:46:31]     Result | best_epoch=1 | stop=51 | final_phase_epochs=51 | acc=0.5000 | bal_acc=0.5000 | pred_hist=[2, 14] | collapse=False
[2026-05-27 04:46:31]     spatial_conv=[4, 29] top_abs_channels=[('Pz', 0.15328903), ('O2', 0.14364143), ('T3', 0.12673478), ('O1', 0.1221121), ('T4', 0.12183759), ('CP3', 0.12112437), ('C3', 0.11523088), ('CP4', 0.11118313)]
[2026-05-27 04:46:31]     spatial_update=delta_l2=0.00538487 max_abs=0.00050000 relative=0.00451191 changed=True

[2026-05-27 04:46:31] Fold 10/10 | subject=48
[2026-05-27 04:46:31]     Train: 24 | counts=[12, 12]
[2026-05-27 04:46:31]     Test:  16 | counts=[8, 8]
[2026-05-27 04:46:31]     Model: SignalJEPA_PreLocal | Pretrained: from_pretrained | Strategy: new
[2026-05-27 04:46:31]     Normalization: none | fit_scope=none
[2026-05-27 04:46:31]     Phase 1 (new): 2,170/16,010 params
[2026-05-27 04:46:31]     Result | best_epoch=1 | stop=51 | final_phase_epochs=51 | acc=0.5625 | bal_acc=0.5625 | pred_hist=[1, 15] | collapse=True
[2026-05-27 04:46:31]     spatial_conv=[4, 29] top_abs_channels=[('Pz', 0.15328901), ('O2', 0.14364138), ('T3', 0.12698478), ('O1', 0.12186212), ('T4', 0.12183758), ('CP3', 0.12087439), ('C3', 0.1149809), ('CP4', 0.11143312)]
[2026-05-27 04:46:31]     spatial_update=delta_l2=0.00537666 max_abs=0.00050000 relative=0.00450503 changed=True
[2026-05-27 04:46:31]   Subject 48: acc=0.5250±0.0637  bal_acc=0.5250±0.0637
[2026-05-27 04:46:31] \nSubject 49: 40 windows | class_counts=[20, 20]

[2026-05-27 04:46:32] Fold 1/10 | subject=49
[2026-05-27 04:46:32]     Train: 24 | counts=[12, 12]
[2026-05-27 04:46:32]     Test:  16 | counts=[8, 8]
[2026-05-27 04:46:32]     Model: SignalJEPA_PreLocal | Pretrained: from_pretrained | Strategy: new
[2026-05-27 04:46:32]     Normalization: none | fit_scope=none
[2026-05-27 04:46:32]     Phase 1 (new): 2,170/16,010 params
[2026-05-27 04:46:32]     Result | best_epoch=2 | stop=51 | final_phase_epochs=51 | acc=0.5000 | bal_acc=0.5000 | pred_hist=[0, 16] | collapse=True
[2026-05-27 04:46:32]     spatial_conv=[4, 29] top_abs_channels=[('Pz', 0.15328901), ('O2', 0.14364138), ('T3', 0.12673478), ('O1', 0.12236209), ('T4', 0.12233759), ('CP3', 0.12137433), ('C3', 0.11498091), ('CP4', 0.11093314)]
[2026-05-27 04:46:32]     spatial_update=delta_l2=0.00538499 max_abs=0.00050000 relative=0.00451201 changed=True

[2026-05-27 04:46:33] Fold 2/10 | subject=49
[2026-05-27 04:46:33]     Train: 24 | counts=[12, 12]
[2026-05-27 04:46:33]     Test:  16 | counts=[8, 8]
[2026-05-27 04:46:33]     Model: SignalJEPA_PreLocal | Pretrained: from_pretrained | Strategy: new
[2026-05-27 04:46:33]     Normalization: none | fit_scope=none
[2026-05-27 04:46:33]     Phase 1 (new): 2,170/16,010 params
[2026-05-27 04:46:33]     Result | best_epoch=1 | stop=51 | final_phase_epochs=51 | acc=0.5000 | bal_acc=0.5000 | pred_hist=[0, 16] | collapse=True
[2026-05-27 04:46:33]     spatial_conv=[4, 29] top_abs_channels=[('Pz', 0.15303901), ('O2', 0.14414136), ('T3', 0.12673478), ('O1', 0.12211212), ('T4', 0.12183759), ('CP3', 0.12162423), ('C3', 0.11473091), ('CP4', 0.11118313)]
[2026-05-27 04:46:33]     spatial_update=delta_l2=0.00538488 max_abs=0.00050000 relative=0.00451192 changed=True

[2026-05-27 04:46:33] Fold 3/10 | subject=49
[2026-05-27 04:46:33]     Train: 24 | counts=[12, 12]
[2026-05-27 04:46:33]     Test:  16 | counts=[8, 8]
[2026-05-27 04:46:33]     Model: SignalJEPA_PreLocal | Pretrained: from_pretrained | Strategy: new
[2026-05-27 04:46:33]     Normalization: none | fit_scope=none
[2026-05-27 04:46:33]     Phase 1 (new): 2,170/16,010 params
[2026-05-27 04:46:34]     Result | best_epoch=1 | stop=51 | final_phase_epochs=51 | acc=0.5000 | bal_acc=0.5000 | pred_hist=[0, 16] | collapse=True
[2026-05-27 04:46:34]     spatial_conv=[4, 29] top_abs_channels=[('Pz', 0.15303901), ('O2', 0.14439136), ('T3', 0.12698478), ('T4', 0.12233758), ('O1', 0.12161213), ('CP3', 0.12112439), ('C3', 0.11498091), ('CP4', 0.11068314)]
[2026-05-27 04:46:34]     spatial_update=delta_l2=0.00538496 max_abs=0.00050000 relative=0.00451198 changed=True

[2026-05-27 04:46:34] Fold 4/10 | subject=49
[2026-05-27 04:46:34]     Train: 24 | counts=[12, 12]
[2026-05-27 04:46:34]     Test:  16 | counts=[8, 8]
[2026-05-27 04:46:34]     Model: SignalJEPA_PreLocal | Pretrained: from_pretrained | Strategy: new
[2026-05-27 04:46:34]     Normalization: none | fit_scope=none
[2026-05-27 04:46:34]     Phase 1 (new): 2,170/16,010 params
[2026-05-27 04:46:34]     Result | best_epoch=1 | stop=51 | final_phase_epochs=51 | acc=0.5000 | bal_acc=0.5000 | pred_hist=[0, 16] | collapse=True
[2026-05-27 04:46:34]     spatial_conv=[4, 29] top_abs_channels=[('Pz', 0.15278903), ('O2', 0.14389136), ('T3', 0.12673479), ('O1', 0.12186213), ('T4', 0.1218376), ('CP3', 0.12087439), ('C3', 0.11498092), ('CP4', 0.1109328)]
[2026-05-27 04:46:34]     spatial_update=delta_l2=0.00538441 max_abs=0.00050000 relative=0.00451152 changed=True

[2026-05-27 04:46:35] Fold 5/10 | subject=49
[2026-05-27 04:46:35]     Train: 24 | counts=[12, 12]
[2026-05-27 04:46:35]     Test:  16 | counts=[8, 8]
[2026-05-27 04:46:35]     Model: SignalJEPA_PreLocal | Pretrained: from_pretrained | Strategy: new
[2026-05-27 04:46:35]     Normalization: none | fit_scope=none
[2026-05-27 04:46:35]     Phase 1 (new): 2,170/16,010 params
[2026-05-27 04:46:35]     Result | best_epoch=1 | stop=51 | final_phase_epochs=51 | acc=0.5000 | bal_acc=0.5000 | pred_hist=[0, 16] | collapse=True
[2026-05-27 04:46:35]     spatial_conv=[4, 29] top_abs_channels=[('Pz', 0.15303901), ('O2', 0.14414138), ('T3', 0.12673478), ('O1', 0.12186212), ('T4', 0.12183751), ('CP3', 0.1213744), ('C3', 0.11473091), ('CP4', 0.11118311)]
[2026-05-27 04:46:35]     spatial_update=delta_l2=0.00538490 max_abs=0.00050000 relative=0.00451193 changed=True

[2026-05-27 04:46:36] Fold 6/10 | subject=49
[2026-05-27 04:46:36]     Train: 24 | counts=[12, 12]
[2026-05-27 04:46:36]     Test:  16 | counts=[8, 8]
[2026-05-27 04:46:36]     Model: SignalJEPA_PreLocal | Pretrained: from_pretrained | Strategy: new
[2026-05-27 04:46:36]     Normalization: none | fit_scope=none
[2026-05-27 04:46:36]     Phase 1 (new): 2,170/16,010 params
[2026-05-27 04:46:36]     Result | best_epoch=1 | stop=51 | final_phase_epochs=51 | acc=0.5000 | bal_acc=0.5000 | pred_hist=[0, 16] | collapse=True
[2026-05-27 04:46:36]     spatial_conv=[4, 29] top_abs_channels=[('Pz', 0.15253903), ('O2', 0.14414139), ('T3', 0.12648478), ('O1', 0.12211212), ('T4', 0.1220876), ('CP3', 0.12137438), ('C3', 0.1152309), ('CP4', 0.11118313)]
[2026-05-27 04:46:36]     spatial_update=delta_l2=0.00538494 max_abs=0.00050000 relative=0.00451197 changed=True

[2026-05-27 04:46:36] Fold 7/10 | subject=49
[2026-05-27 04:46:36]     Train: 24 | counts=[12, 12]
[2026-05-27 04:46:36]     Test:  16 | counts=[8, 8]
[2026-05-27 04:46:36]     Model: SignalJEPA_PreLocal | Pretrained: from_pretrained | Strategy: new
[2026-05-27 04:46:36]     Normalization: none | fit_scope=none
[2026-05-27 04:46:36]     Phase 1 (new): 2,170/16,010 params
[2026-05-27 04:46:37]     Result | best_epoch=1 | stop=51 | final_phase_epochs=51 | acc=0.5000 | bal_acc=0.5000 | pred_hist=[0, 16] | collapse=True
[2026-05-27 04:46:37]     spatial_conv=[4, 29] top_abs_channels=[('Pz', 0.15328899), ('O2', 0.14414138), ('T3', 0.1264848), ('O1', 0.12186213), ('T4', 0.1215876), ('CP3', 0.12137437), ('C3', 0.1154809), ('CP4', 0.11068314)]
[2026-05-27 04:46:37]     spatial_update=delta_l2=0.00538497 max_abs=0.00050000 relative=0.00451199 changed=True

[2026-05-27 04:46:37] Fold 8/10 | subject=49
[2026-05-27 04:46:37]     Train: 24 | counts=[12, 12]
[2026-05-27 04:46:37]     Test:  16 | counts=[8, 8]
[2026-05-27 04:46:37]     Model: SignalJEPA_PreLocal | Pretrained: from_pretrained | Strategy: new
[2026-05-27 04:46:37]     Normalization: none | fit_scope=none
[2026-05-27 04:46:37]     Phase 1 (new): 2,170/16,010 params
[2026-05-27 04:46:37]     Result | best_epoch=1 | stop=51 | final_phase_epochs=51 | acc=0.5000 | bal_acc=0.5000 | pred_hist=[0, 16] | collapse=True
[2026-05-27 04:46:37]     spatial_conv=[4, 29] top_abs_channels=[('Pz', 0.15353899), ('O2', 0.14414136), ('T3', 0.12698476), ('T4', 0.12208756), ('O1', 0.12186211), ('CP3', 0.12137438), ('C3', 0.1152309), ('CP4', 0.11068314)]
[2026-05-27 04:46:37]     spatial_update=delta_l2=0.00538495 max_abs=0.00050000 relative=0.00451198 changed=True

[2026-05-27 04:46:38] Fold 9/10 | subject=49
[2026-05-27 04:46:38]     Train: 24 | counts=[12, 12]
[2026-05-27 04:46:38]     Test:  16 | counts=[8, 8]
[2026-05-27 04:46:38]     Model: SignalJEPA_PreLocal | Pretrained: from_pretrained | Strategy: new
[2026-05-27 04:46:38]     Normalization: none | fit_scope=none
[2026-05-27 04:46:38]     Phase 1 (new): 2,170/16,010 params
[2026-05-27 04:46:38]     Result | best_epoch=1 | stop=51 | final_phase_epochs=51 | acc=0.5000 | bal_acc=0.5000 | pred_hist=[0, 16] | collapse=True
[2026-05-27 04:46:38]     spatial_conv=[4, 29] top_abs_channels=[('Pz', 0.15328901), ('O2', 0.14364138), ('T3', 0.12698478), ('O1', 0.12236211), ('T4', 0.1215876), ('CP3', 0.1211244), ('C3', 0.11473091), ('CP4', 0.11068326)]
[2026-05-27 04:46:38]     spatial_update=delta_l2=0.00538498 max_abs=0.00050000 relative=0.00451200 changed=True

[2026-05-27 04:46:38] Fold 10/10 | subject=49
[2026-05-27 04:46:38]     Train: 24 | counts=[12, 12]
[2026-05-27 04:46:38]     Test:  16 | counts=[8, 8]
[2026-05-27 04:46:38]     Model: SignalJEPA_PreLocal | Pretrained: from_pretrained | Strategy: new
[2026-05-27 04:46:38]     Normalization: none | fit_scope=none
[2026-05-27 04:46:38]     Phase 1 (new): 2,170/16,010 params
[2026-05-27 04:46:39]     Result | best_epoch=1 | stop=51 | final_phase_epochs=51 | acc=0.5000 | bal_acc=0.5000 | pred_hist=[0, 16] | collapse=True
[2026-05-27 04:46:39]     spatial_conv=[4, 29] top_abs_channels=[('Pz', 0.15328902), ('O2', 0.14389138), ('T3', 0.12673478), ('T4', 0.1220876), ('O1', 0.12186212), ('CP3', 0.12137444), ('C3', 0.11498089), ('CP4', 0.11093313)]
[2026-05-27 04:46:39]     spatial_update=delta_l2=0.00538492 max_abs=0.00050000 relative=0.00451195 changed=True
[2026-05-27 04:46:39]   Subject 49: acc=0.5000±0.0000  bal_acc=0.5000±0.0000
[2026-05-27 04:46:39] \nSubject 50: 40 windows | class_counts=[20, 20]

[2026-05-27 04:46:39] Fold 1/10 | subject=50
[2026-05-27 04:46:39]     Train: 24 | counts=[12, 12]
[2026-05-27 04:46:39]     Test:  16 | counts=[8, 8]
[2026-05-27 04:46:39]     Model: SignalJEPA_PreLocal | Pretrained: from_pretrained | Strategy: new
[2026-05-27 04:46:39]     Normalization: none | fit_scope=none
[2026-05-27 04:46:39]     Phase 1 (new): 2,170/16,010 params
[2026-05-27 04:46:39]     Result | best_epoch=1 | stop=51 | final_phase_epochs=51 | acc=0.5000 | bal_acc=0.5000 | pred_hist=[0, 16] | collapse=True
[2026-05-27 04:46:39]     spatial_conv=[4, 29] top_abs_channels=[('Pz', 0.15278901), ('O2', 0.14464134), ('T3', 0.1264848), ('T4', 0.12183769), ('O1', 0.12161214), ('CP3', 0.12137435), ('C3', 0.1152309), ('CP4', 0.11093312)]
[2026-05-27 04:46:39]     spatial_update=delta_l2=0.00538497 max_abs=0.00050000 relative=0.00451200 changed=True

[2026-05-27 04:46:40] Fold 2/10 | subject=50
[2026-05-27 04:46:40]     Train: 24 | counts=[12, 12]
[2026-05-27 04:46:40]     Test:  16 | counts=[8, 8]
[2026-05-27 04:46:40]     Model: SignalJEPA_PreLocal | Pretrained: from_pretrained | Strategy: new
[2026-05-27 04:46:40]     Normalization: none | fit_scope=none
[2026-05-27 04:46:40]     Phase 1 (new): 2,170/16,010 params
[2026-05-27 04:46:41]     Result | best_epoch=272 | stop=322 | final_phase_epochs=322 | acc=0.6875 | bal_acc=0.6875 | pred_hist=[7, 9] | collapse=False
[2026-05-27 04:46:41]     spatial_conv=[4, 29] top_abs_channels=[('CP3', 0.14674976), ('O2', 0.145338), ('T3', 0.14247172), ('P3', 0.13834384), ('CP4', 0.13261947), ('P4', 0.12035607), ('O1', 0.11967194), ('Pz', 0.11823207)]
[2026-05-27 04:46:41]     spatial_update=delta_l2=0.79044843 max_abs=0.18028393 relative=0.66230600 changed=True

[2026-05-27 04:46:42] Fold 3/10 | subject=50
[2026-05-27 04:46:42]     Train: 24 | counts=[12, 12]
[2026-05-27 04:46:42]     Test:  16 | counts=[8, 8]
[2026-05-27 04:46:42]     Model: SignalJEPA_PreLocal | Pretrained: from_pretrained | Strategy: new
[2026-05-27 04:46:42]     Normalization: none | fit_scope=none
[2026-05-27 04:46:42]     Phase 1 (new): 2,170/16,010 params
[2026-05-27 04:46:42]     Result | best_epoch=1 | stop=51 | final_phase_epochs=51 | acc=0.4375 | bal_acc=0.4375 | pred_hist=[1, 15] | collapse=True
[2026-05-27 04:46:42]     spatial_conv=[4, 29] top_abs_channels=[('Pz', 0.15303901), ('O2', 0.14439136), ('T3', 0.12698478), ('T4', 0.1215876), ('O1', 0.12136213), ('CP3', 0.12112439), ('C3', 0.1152309), ('CP4', 0.11068315)]
[2026-05-27 04:46:42]     spatial_update=delta_l2=0.00538503 max_abs=0.00050000 relative=0.00451204 changed=True

[2026-05-27 04:46:42] Fold 4/10 | subject=50
[2026-05-27 04:46:42]     Train: 24 | counts=[12, 12]
[2026-05-27 04:46:42]     Test:  16 | counts=[8, 8]
[2026-05-27 04:46:42]     Model: SignalJEPA_PreLocal | Pretrained: from_pretrained | Strategy: new
[2026-05-27 04:46:42]     Normalization: none | fit_scope=none
[2026-05-27 04:46:42]     Phase 1 (new): 2,170/16,010 params
[2026-05-27 04:46:43]     Result | best_epoch=1 | stop=51 | final_phase_epochs=51 | acc=0.5000 | bal_acc=0.5000 | pred_hist=[0, 16] | collapse=True
[2026-05-27 04:46:43]     spatial_conv=[4, 29] top_abs_channels=[('Pz', 0.15303901), ('O2', 0.1443914), ('T3', 0.12673479), ('T4', 0.12208758), ('O1', 0.12161211), ('CP3', 0.1211244), ('C3', 0.11523089), ('CP4', 0.11093313)]
[2026-05-27 04:46:43]     spatial_update=delta_l2=0.00538503 max_abs=0.00050000 relative=0.00451204 changed=True

[2026-05-27 04:46:43] Fold 5/10 | subject=50
[2026-05-27 04:46:43]     Train: 24 | counts=[12, 12]
[2026-05-27 04:46:43]     Test:  16 | counts=[8, 8]
[2026-05-27 04:46:43]     Model: SignalJEPA_PreLocal | Pretrained: from_pretrained | Strategy: new
[2026-05-27 04:46:43]     Normalization: none | fit_scope=none
[2026-05-27 04:46:43]     Phase 1 (new): 2,170/16,010 params
[2026-05-27 04:46:43]     Result | best_epoch=4 | stop=54 | final_phase_epochs=54 | acc=0.5625 | bal_acc=0.5625 | pred_hist=[1, 15] | collapse=True
[2026-05-27 04:46:43]     spatial_conv=[4, 29] top_abs_channels=[('Pz', 0.15180127), ('O2', 0.14393558), ('T3', 0.12694547), ('O1', 0.12287652), ('T4', 0.12153943), ('CP3', 0.12017049), ('C3', 0.11524141), ('CP4', 0.11201229)]
[2026-05-27 04:46:43]     spatial_update=delta_l2=0.01883129 max_abs=0.00200564 relative=0.01577848 changed=True

[2026-05-27 04:46:44] Fold 6/10 | subject=50
[2026-05-27 04:46:44]     Train: 24 | counts=[12, 12]
[2026-05-27 04:46:44]     Test:  16 | counts=[8, 8]
[2026-05-27 04:46:44]     Model: SignalJEPA_PreLocal | Pretrained: from_pretrained | Strategy: new
[2026-05-27 04:46:44]     Normalization: none | fit_scope=none
[2026-05-27 04:46:44]     Phase 1 (new): 2,170/16,010 params
[2026-05-27 04:46:44]     Result | best_epoch=1 | stop=51 | final_phase_epochs=51 | acc=0.5625 | bal_acc=0.5625 | pred_hist=[1, 15] | collapse=True
[2026-05-27 04:46:44]     spatial_conv=[4, 29] top_abs_channels=[('Pz', 0.15303889), ('O2', 0.14439136), ('T3', 0.12673479), ('T4', 0.12233758), ('O1', 0.1221118), ('CP3', 0.12137438), ('C3', 0.11573089), ('CP4', 0.11093315)]
[2026-05-27 04:46:44]     spatial_update=delta_l2=0.00538476 max_abs=0.00050000 relative=0.00451182 changed=True

[2026-05-27 04:46:45] Fold 7/10 | subject=50
[2026-05-27 04:46:45]     Train: 24 | counts=[12, 12]
[2026-05-27 04:46:45]     Test:  16 | counts=[8, 8]
[2026-05-27 04:46:45]     Model: SignalJEPA_PreLocal | Pretrained: from_pretrained | Strategy: new
[2026-05-27 04:46:45]     Normalization: none | fit_scope=none
[2026-05-27 04:46:45]     Phase 1 (new): 2,170/16,010 params
[2026-05-27 04:46:45]     Result | best_epoch=1 | stop=51 | final_phase_epochs=51 | acc=0.5625 | bal_acc=0.5625 | pred_hist=[1, 15] | collapse=True
[2026-05-27 04:46:45]     spatial_conv=[4, 29] top_abs_channels=[('Pz', 0.15303901), ('O2', 0.14389138), ('T3', 0.12673479), ('O1', 0.12186212), ('T4', 0.1218376), ('CP3', 0.12112439), ('C3', 0.11523101), ('CP4', 0.11093313)]
[2026-05-27 04:46:45]     spatial_update=delta_l2=0.00538496 max_abs=0.00050000 relative=0.00451198 changed=True

[2026-05-27 04:46:45] Fold 8/10 | subject=50
[2026-05-27 04:46:45]     Train: 24 | counts=[12, 12]
[2026-05-27 04:46:45]     Test:  16 | counts=[8, 8]
[2026-05-27 04:46:45]     Model: SignalJEPA_PreLocal | Pretrained: from_pretrained | Strategy: new
[2026-05-27 04:46:45]     Normalization: none | fit_scope=none
[2026-05-27 04:46:45]     Phase 1 (new): 2,170/16,010 params
[2026-05-27 04:46:46]     Result | best_epoch=1 | stop=51 | final_phase_epochs=51 | acc=0.5000 | bal_acc=0.5000 | pred_hist=[0, 16] | collapse=True
[2026-05-27 04:46:46]     spatial_conv=[4, 29] top_abs_channels=[('Pz', 0.15278901), ('O2', 0.14389127), ('T3', 0.12673479), ('O1', 0.12211211), ('T4', 0.1218376), ('CP3', 0.12062444), ('C3', 0.1154809), ('CP4', 0.11118302)]
[2026-05-27 04:46:46]     spatial_update=delta_l2=0.00538488 max_abs=0.00050000 relative=0.00451192 changed=True

[2026-05-27 04:46:46] Fold 9/10 | subject=50
[2026-05-27 04:46:46]     Train: 24 | counts=[12, 12]
[2026-05-27 04:46:46]     Test:  16 | counts=[8, 8]
[2026-05-27 04:46:46]     Model: SignalJEPA_PreLocal | Pretrained: from_pretrained | Strategy: new
[2026-05-27 04:46:46]     Normalization: none | fit_scope=none
[2026-05-27 04:46:46]     Phase 1 (new): 2,170/16,010 params
[2026-05-27 04:46:46]     Result | best_epoch=1 | stop=51 | final_phase_epochs=51 | acc=0.5000 | bal_acc=0.5000 | pred_hist=[0, 16] | collapse=True
[2026-05-27 04:46:46]     spatial_conv=[4, 29] top_abs_channels=[('Pz', 0.15278901), ('O2', 0.14464132), ('T3', 0.12673476), ('O1', 0.12211212), ('T4', 0.1218376), ('CP3', 0.12112439), ('C3', 0.11498091), ('CP4', 0.11143309)]
[2026-05-27 04:46:46]     spatial_update=delta_l2=0.00538498 max_abs=0.00050000 relative=0.00451200 changed=True

[2026-05-27 04:46:47] Fold 10/10 | subject=50
[2026-05-27 04:46:47]     Train: 24 | counts=[12, 12]
[2026-05-27 04:46:47]     Test:  16 | counts=[8, 8]
[2026-05-27 04:46:47]     Model: SignalJEPA_PreLocal | Pretrained: from_pretrained | Strategy: new
[2026-05-27 04:46:47]     Normalization: none | fit_scope=none
[2026-05-27 04:46:47]     Phase 1 (new): 2,170/16,010 params
[2026-05-27 04:46:47]     Result | best_epoch=1 | stop=51 | final_phase_epochs=51 | acc=0.5000 | bal_acc=0.5000 | pred_hist=[0, 16] | collapse=True
[2026-05-27 04:46:47]     spatial_conv=[4, 29] top_abs_channels=[('Pz', 0.15278904), ('O2', 0.14464137), ('T3', 0.12673478), ('O1', 0.12186213), ('T4', 0.1218376), ('CP3', 0.12062441), ('C3', 0.11523095), ('CP4', 0.11068314)]
[2026-05-27 04:46:47]     spatial_update=delta_l2=0.00538495 max_abs=0.00050000 relative=0.00451198 changed=True
[2026-05-27 04:46:47]   Subject 50: acc=0.5312±0.0640  bal_acc=0.5312±0.0640

[2026-05-27 04:46:47] Total evaluation splits completed: 500
[2026-05-27 04:46:47] ======================================================================
[2026-05-27 04:46:47] AGGREGATED RESULTS
[2026-05-27 04:46:47] ======================================================================
[2026-05-27 04:46:47]   1: acc=0.5312±0.1092  bal_acc=0.5312±0.1092
[2026-05-27 04:46:47]   2: acc=0.6188±0.1168  bal_acc=0.6188±0.1168
[2026-05-27 04:46:47]   3: acc=0.6000±0.1016  bal_acc=0.6000±0.1016
[2026-05-27 04:46:47]   4: acc=0.5062±0.0859  bal_acc=0.5062±0.0859
[2026-05-27 04:46:47]   5: acc=0.5188±0.0563  bal_acc=0.5188±0.0563
[2026-05-27 04:46:47]   6: acc=0.4938±0.0904  bal_acc=0.4938±0.0904
[2026-05-27 04:46:47]   7: acc=0.6000±0.0500  bal_acc=0.6000±0.0500
[2026-05-27 04:46:47]   8: acc=0.6250±0.1531  bal_acc=0.6250±0.1531
[2026-05-27 04:46:47]   9: acc=0.5062±0.0187  bal_acc=0.5062±0.0187
[2026-05-27 04:46:47]   10: acc=0.5250±0.0696  bal_acc=0.5250±0.0696
[2026-05-27 04:46:47]   11: acc=0.4938±0.0813  bal_acc=0.4938±0.0813
[2026-05-27 04:46:47]   12: acc=0.4938±0.0859  bal_acc=0.4938±0.0859
[2026-05-27 04:46:47]   13: acc=0.8063±0.0986  bal_acc=0.8063±0.0986
[2026-05-27 04:46:47]   14: acc=0.5312±0.0312  bal_acc=0.5312±0.0312
[2026-05-27 04:46:47]   15: acc=0.5250±0.0500  bal_acc=0.5250±0.0500
[2026-05-27 04:46:47]   16: acc=0.4625±0.0500  bal_acc=0.4625±0.0500
[2026-05-27 04:46:47]   17: acc=0.5250±0.0696  bal_acc=0.5250±0.0696
[2026-05-27 04:46:47]   18: acc=0.9250±0.1447  bal_acc=0.9250±0.1447
[2026-05-27 04:46:47]   19: acc=0.4875±0.0612  bal_acc=0.4875±0.0612
[2026-05-27 04:46:47]   20: acc=0.5687±0.1099  bal_acc=0.5687±0.1099
[2026-05-27 04:46:47]   21: acc=0.4437±0.1062  bal_acc=0.4437±0.1062
[2026-05-27 04:46:47]   22: acc=0.8000±0.1111  bal_acc=0.8000±0.1111
[2026-05-27 04:46:47]   23: acc=0.5188±0.0793  bal_acc=0.5188±0.0793
[2026-05-27 04:46:47]   24: acc=0.5062±0.1410  bal_acc=0.5062±0.1410
[2026-05-27 04:46:47]   25: acc=0.4188±0.0886  bal_acc=0.4188±0.0886
[2026-05-27 04:46:47]   26: acc=0.5062±0.0813  bal_acc=0.5062±0.0813
[2026-05-27 04:46:47]   27: acc=0.5188±0.0688  bal_acc=0.5188±0.0688
[2026-05-27 04:46:47]   28: acc=0.4938±0.0813  bal_acc=0.4938±0.0813
[2026-05-27 04:46:47]   29: acc=0.4813±0.0563  bal_acc=0.4813±0.0563
[2026-05-27 04:46:47]   30: acc=0.7063±0.1532  bal_acc=0.7063±0.1532
[2026-05-27 04:46:47]   31: acc=0.5062±0.0653  bal_acc=0.5062±0.0653
[2026-05-27 04:46:47]   32: acc=0.4750±0.0696  bal_acc=0.4750±0.0696
[2026-05-27 04:46:47]   33: acc=0.4313±0.1201  bal_acc=0.4313±0.1201
[2026-05-27 04:46:47]   34: acc=0.6625±0.0750  bal_acc=0.6625±0.0750
[2026-05-27 04:46:47]   35: acc=0.4938±0.0859  bal_acc=0.4938±0.0859
[2026-05-27 04:46:47]   36: acc=0.4875±0.0545  bal_acc=0.4875±0.0545
[2026-05-27 04:46:47]   37: acc=0.5000±0.0927  bal_acc=0.5000±0.0927
[2026-05-27 04:46:47]   38: acc=0.5938±0.0895  bal_acc=0.5938±0.0895
[2026-05-27 04:46:47]   39: acc=0.5250±0.0500  bal_acc=0.5250±0.0500
[2026-05-27 04:46:47]   40: acc=0.5625±0.1479  bal_acc=0.5625±0.1479
[2026-05-27 04:46:47]   41: acc=0.4813±0.0929  bal_acc=0.4813±0.0929
[2026-05-27 04:46:47]   42: acc=0.5375±0.0848  bal_acc=0.5375±0.0848
[2026-05-27 04:46:47]   43: acc=0.4813±0.0970  bal_acc=0.4813±0.0970
[2026-05-27 04:46:47]   44: acc=0.5500±0.0729  bal_acc=0.5500±0.0729
[2026-05-27 04:46:47]   45: acc=0.5312±0.0850  bal_acc=0.5312±0.0850
[2026-05-27 04:46:47]   46: acc=0.5250±0.0573  bal_acc=0.5250±0.0573
[2026-05-27 04:46:47]   47: acc=0.4875±0.0250  bal_acc=0.4875±0.0250
[2026-05-27 04:46:47]   48: acc=0.5250±0.0637  bal_acc=0.5250±0.0637
[2026-05-27 04:46:47]   49: acc=0.5000±0.0000  bal_acc=0.5000±0.0000
[2026-05-27 04:46:47]   50: acc=0.5312±0.0640  bal_acc=0.5312±0.0640
[2026-05-27 04:46:47] ----------------------------------------------------------------------
[2026-05-27 04:46:47]   OVERALL: acc=0.5425±0.1289  bal_acc=0.5425±0.1289
[2026-05-27 04:46:47] ======================================================================
[2026-05-27 04:46:47] Performance tables saved:
[2026-05-27 04:46:47]   Fold-level results:       /home/vegorov/Repos/eeg_jepa_research/artifacts/liu2024-source-mat-sjepa-prelocal/20260527_0433_60f6e7fd/fold_level_results.csv
[2026-05-27 04:46:47]   Subject-level summary:    /home/vegorov/Repos/eeg_jepa_research/artifacts/liu2024-source-mat-sjepa-prelocal/20260527_0433_60f6e7fd/subject_level_summary.csv
[2026-05-27 04:46:47]   Global method comparison: /home/vegorov/Repos/eeg_jepa_research/artifacts/liu2024-source-mat-sjepa-prelocal/20260527_0433_60f6e7fd/global_method_comparison.csv
[2026-05-27 04:46:48] Subject performance plot saved to: /home/vegorov/Repos/eeg_jepa_research/artifacts/liu2024-source-mat-sjepa-prelocal/20260527_0433_60f6e7fd/sjepa_prelocal_subject_performance.png
[2026-05-27 04:46:48] Global performance plot saved to: /home/vegorov/Repos/eeg_jepa_research/artifacts/liu2024-source-mat-sjepa-prelocal/20260527_0433_60f6e7fd/sjepa_prelocal_global_performance_summary.png
[2026-05-27 04:46:48] Aggregated confusion matrix plot saved to: /home/vegorov/Repos/eeg_jepa_research/artifacts/liu2024-source-mat-sjepa-prelocal/20260527_0433_60f6e7fd/sjepa_prelocal_aggregated_confusion_matrix.png
[2026-05-27 04:46:48] Confusion metrics saved to: /home/vegorov/Repos/eeg_jepa_research/artifacts/liu2024-source-mat-sjepa-prelocal/20260527_0433_60f6e7fd/sjepa_prelocal_confusion_metrics.csv

[2026-05-27 04:46:48] ======================================================================
[2026-05-27 04:46:48] EXPERIMENT SUMMARY
[2026-05-27 04:46:48] ======================================================================
[2026-05-27 04:46:48] Run ID:                 20260527_0433_60f6e7fd
[2026-05-27 04:46:48] Experiment:             s193_E_finaleval_p00_current_moabb_liu2024_repeated_60_40
[2026-05-27 04:46:48] Subjects:               50
[2026-05-27 04:46:48] Model:                  SignalJEPA_PreLocal
[2026-05-27 04:46:48] Pretrained mode:        from_pretrained
[2026-05-27 04:46:48] Strategy:               new
[2026-05-27 04:46:48] Preprocessing:          none | ref=average | resample=True->128 | filter=True 0.5–40.0 fir
[2026-05-27 04:46:48] Window:                 start=2.0s | 4.195s / 537 samples
[2026-05-27 04:46:48] Artifacts:              /home/vegorov/Repos/eeg_jepa_research/artifacts/liu2024-source-mat-sjepa-prelocal/20260527_0433_60f6e7fd
[2026-05-27 04:46:48] Mean Accuracy:          0.5425 ± 0.1289
[2026-05-27 04:46:48] Mean Balanced Accuracy: 0.5425 ± 0.1289
[2026-05-27 04:46:48] ======================================================================

[2026-05-27 04:46:48] Spatial convolution analysis saved:
[2026-05-27 04:46:48]   Long channel CSV:        /home/vegorov/Repos/eeg_jepa_research/artifacts/liu2024-source-mat-sjepa-prelocal/20260527_0433_60f6e7fd/spatial_conv_analysis/spatial_channel_importance_long.csv
[2026-05-27 04:46:48]   Fold diagnostics CSV:    /home/vegorov/Repos/eeg_jepa_research/artifacts/liu2024-source-mat-sjepa-prelocal/20260527_0433_60f6e7fd/spatial_conv_analysis/fold_diagnostics.csv
[2026-05-27 04:46:48]   Fold weight JSON:        /home/vegorov/Repos/eeg_jepa_research/artifacts/liu2024-source-mat-sjepa-prelocal/20260527_0433_60f6e7fd/spatial_conv_analysis/spatial_conv_weights_by_fold.json
[2026-05-27 04:46:48]   Global importance CSV:   /home/vegorov/Repos/eeg_jepa_research/artifacts/liu2024-source-mat-sjepa-prelocal/20260527_0433_60f6e7fd/spatial_conv_analysis/spatial_channel_importance_global.csv
[2026-05-27 04:46:48]   Subject importance CSV:  /home/vegorov/Repos/eeg_jepa_research/artifacts/liu2024-source-mat-sjepa-prelocal/20260527_0433_60f6e7fd/spatial_conv_analysis/spatial_channel_importance_by_subject.csv
[2026-05-27 04:46:48]   Diagnostic summary JSON: /home/vegorov/Repos/eeg_jepa_research/artifacts/liu2024-source-mat-sjepa-prelocal/20260527_0433_60f6e7fd/spatial_conv_analysis/diagnostic_summary.json

[2026-05-27 04:46:48] Diagnostic summary:
[2026-05-27 04:46:48] {
  "n_folds": 500,
  "collapse_rate": 0.476,
  "mean_collapse_ratio": 0.80375,
  "mean_spatial_delta_l2": 0.39426676019999995,
  "mean_spatial_relative_delta": 0.33035075886000004,
  "spatial_changed_rate": 1.0,
  "mean_confidence": 0.55915981188,
  "mean_normalized_prediction_entropy": 0.95414410696
}

[2026-05-27 04:46:48] Top global channels by mean absolute spatial weight:
[2026-05-27 04:46:48] CV results saved to:      /home/vegorov/Repos/eeg_jepa_research/artifacts/liu2024-source-mat-sjepa-prelocal/20260527_0433_60f6e7fd/cv_results.json
[2026-05-27 04:46:48] Subject metrics saved to: /home/vegorov/Repos/eeg_jepa_research/artifacts/liu2024-source-mat-sjepa-prelocal/20260527_0433_60f6e7fd/subject_metrics.json
[2026-05-27 04:46:48] Global metrics saved to:  /home/vegorov/Repos/eeg_jepa_research/artifacts/liu2024-source-mat-sjepa-prelocal/20260527_0433_60f6e7fd/global_metrics.json
[2026-05-27 04:46:48] Subject performance plot: /home/vegorov/Repos/eeg_jepa_research/artifacts/liu2024-source-mat-sjepa-prelocal/20260527_0433_60f6e7fd/sjepa_prelocal_subject_performance.png
[2026-05-27 04:46:48] Global performance plot:  /home/vegorov/Repos/eeg_jepa_research/artifacts/liu2024-source-mat-sjepa-prelocal/20260527_0433_60f6e7fd/sjepa_prelocal_global_performance_summary.png
[2026-05-27 04:46:48] Confusion matrix plot:    /home/vegorov/Repos/eeg_jepa_research/artifacts/liu2024-source-mat-sjepa-prelocal/20260527_0433_60f6e7fd/sjepa_prelocal_aggregated_confusion_matrix.png
[2026-05-27 04:46:48] Run metadata saved to:    /home/vegorov/Repos/eeg_jepa_research/artifacts/liu2024-source-mat-sjepa-prelocal/20260527_0433_60f6e7fd/run_metadata.json

[2026-05-27 04:46:48] All artifacts in: /home/vegorov/Repos/eeg_jepa_research/artifacts/liu2024-source-mat-sjepa-prelocal/20260527_0433_60f6e7fd
