{
  "mean_accuracy": 0.6863807982740021,
  "std_accuracy": 0.2039712387461347,
  "mean_balanced_accuracy": 0.693252427184466,
  "std_balanced_accuracy": 0.20068294650612598,
  "n_groups": 103,
  "n_folds_total": 515
}