{
  "48": {
    "accuracies": [
      0.95,
      1.0,
      1.0,
      0.9,
      0.9
    ],
    "balanced_accuracies": [
      0.95,
      1.0,
      1.0,
      0.8999999999999999,
      0.9
    ],
    "mean_accuracy": 0.95,
    "std_accuracy": 0.04472135954999579,
    "mean_balanced_accuracy": 0.95,
    "std_balanced_accuracy": 0.04472135954999581
  },
  "49": {
    "accuracies": [
      0.95,
      0.8,
      0.8,
      0.9,
      0.8
    ],
    "balanced_accuracies": [
      0.95,
      0.8,
      0.8,
      0.9,
      0.8
    ],
    "mean_accuracy": 0.85,
    "std_accuracy": 0.06324555320336755,
    "mean_balanced_accuracy": 0.85,
    "std_balanced_accuracy": 0.06324555320336755
  },
  "50": {
    "accuracies": [
      1.0,
      0.95,
      0.9,
      0.9,
      0.9
    ],
    "balanced_accuracies": [
      1.0,
      0.95,
      0.8999999999999999,
      0.8999999999999999,
      0.9
    ],
    "mean_accuracy": 0.93,
    "std_accuracy": 0.03999999999999998,
    "mean_balanced_accuracy": 0.9299999999999999,
    "std_balanced_accuracy": 0.040000000000000015
  },
  "51": {
    "accuracies": [
      0.25,
      0.2,
      0.3,
      0.45,
      0.45
    ],
    "balanced_accuracies": [
      0.25,
      0.2,
      0.30000000000000004,
      0.44999999999999996,
      0.45
    ],
    "mean_accuracy": 0.32999999999999996,
    "std_accuracy": 0.10295630140987,
    "mean_balanced_accuracy": 0.32999999999999996,
    "std_balanced_accuracy": 0.10295630140986999
  },
  "52": {
    "accuracies": [
      0.9,
      1.0,
      0.9,
      1.0,
      0.95
    ],
    "balanced_accuracies": [
      0.8999999999999999,
      1.0,
      0.8999999999999999,
      1.0,
      0.95
    ],
    "mean_accuracy": 0.95,
    "std_accuracy": 0.04472135954999579,
    "mean_balanced_accuracy": 0.95,
    "std_balanced_accuracy": 0.044721359549995836
  },
  "53": {
    "accuracies": [
      0.95,
      1.0,
      0.9,
      0.95,
      1.0
    ],
    "balanced_accuracies": [
      0.95,
      1.0,
      0.8999999999999999,
      0.95,
      1.0
    ],
    "mean_accuracy": 0.96,
    "std_accuracy": 0.03741657386773941,
    "mean_balanced_accuracy": 0.96,
    "std_balanced_accuracy": 0.03741657386773945
  },
  "54": {
    "accuracies": [
      0.6,
      0.3,
      0.7,
      0.9,
      0.4
    ],
    "balanced_accuracies": [
      0.6,
      0.30000000000000004,
      0.7000000000000001,
      0.9,
      0.4
    ],
    "mean_accuracy": 0.58,
    "std_accuracy": 0.21354156504062624,
    "mean_balanced_accuracy": 0.58,
    "std_balanced_accuracy": 0.21354156504062624
  }
}