{
  "n_folds": 45,
  "collapse_rate": 0.0,
  "mean_collapse_ratio": 0.5939484126666668,
  "mean_spatial_delta_l2": 0.6370135944444445,
  "mean_spatial_relative_delta": 0.5590289455555555,
  "spatial_changed_rate": 1.0,
  "mean_confidence": 0.5447884762222222,
  "mean_normalized_prediction_entropy": 0.9895338773333334
}