{
  "mean_accuracy": 0.5625,
  "std_accuracy": 0.022499999999999964,
  "mean_balanced_accuracy": 0.5625,
  "std_balanced_accuracy": 0.022499999999999964,
  "n_groups": 2,
  "n_folds_total": 2
}