{
  "n_folds": 45,
  "collapse_rate": 0.28888888888888886,
  "mean_collapse_ratio": 0.7259920635555555,
  "mean_spatial_delta_l2": 0.28982612333333335,
  "mean_spatial_relative_delta": 0.25434495355555553,
  "spatial_changed_rate": 1.0,
  "mean_confidence": 0.5336521604444445,
  "mean_normalized_prediction_entropy": 0.9852913042222222
}