[2026-05-28 18:07:32] Run ID:     20260528_1807_b048349a
[2026-05-28 18:07:32] Artifacts:  /Users/vadim/Documents/School/Spring 2026/CSCE A698 Individual Research/EEG_JEPA/artifacts/liu2024-source-mat-sjepa-prelocal/20260528_1807_b048349a
[2026-05-28 18:07:32] Config:     /Users/vadim/Documents/School/Spring 2026/CSCE A698 Individual Research/EEG_JEPA/artifacts/liu2024-source-mat-sjepa-prelocal/20260528_1807_b048349a/config.json
[2026-05-28 18:07:32] Using device: mps
[2026-05-28 18:07:32] Seed initialized: 2026
[2026-05-28 18:07:32] Configured preprocessing pipeline:
[2026-05-28 18:07:32]   - [ON] source::select_eeg_channels | - select Liu EEG channels, drop CPz reference, EOG, and marker before model input
[2026-05-28 18:07:32]   - [ON] source::demean | mode=baseline_window_mean | baseline_window_s=[0.0, 2.0]
[2026-05-28 18:07:32]   - [off] source::detrend | mode=none
[2026-05-28 18:07:32]   - [off] source::eog_correction | mode=none
[2026-05-28 18:07:32]   - [off] source::artifact_clipping | mode=none | percentile=99.5
[2026-05-28 18:07:32]   - [ON] mne_raw::reference | timing=before_resample_filter | mode=average
[2026-05-28 18:07:32]   - [ON] mne_raw::resample | sfreq=128
[2026-05-28 18:07:32]   - [ON] mne_raw::bandpass_filter | l_freq=0.5 | h_freq=40.0 | method=fir | phase=zero | fir_design=firwin
[2026-05-28 18:07:32]   - [off] mne_raw::notch_filter | timing=after_bandpass
[2026-05-28 18:07:32]   - [ON] window::crop_fixed_mi_window | start_s=2 | target_window_samples=537
[2026-05-28 18:07:32]   - [off] window::bad_trial_rejection
[2026-05-28 18:07:32]   - [off] split::fold_safe_normalization | mode=none
[2026-05-28 18:07:32] Source extract dir: /Users/vadim/Documents/School/Spring 2026/CSCE A698 Individual Research/EEG_JEPA/liu2024_data/liu2024_figshare/sourcedata
[2026-05-28 18:07:32] Found 50 .mat files
[2026-05-28 18:07:33] MAT structure preview saved to: /Users/vadim/Documents/School/Spring 2026/CSCE A698 Individual Research/EEG_JEPA/artifacts/liu2024-source-mat-sjepa-prelocal/20260528_1807_b048349a/mat_structure_preview_first_subject.csv
[2026-05-28 18:07:39] Subjects loaded: [1, 2, 3, 4, 5, 6, 7, 8, 9, 10, 11, 12, 13, 14, 15, 16, 17, 18, 19, 20, 21, 22, 23, 24, 25, 26, 27, 28, 29, 30, 31, 32, 33, 34, 35, 36, 37, 38, 39, 40, 41, 42, 43, 44, 45, 46, 47, 48, 49, 50]
[2026-05-28 18:07:39] Subject inventory saved to: /Users/vadim/Documents/School/Spring 2026/CSCE A698 Individual Research/EEG_JEPA/artifacts/liu2024-source-mat-sjepa-prelocal/20260528_1807_b048349a/subject_inventory.csv
[2026-05-28 18:07:53] X_ALL shape: (2000, 29, 537) | Y_ALL counts: [1000, 1000]
[2026-05-28 18:07:53] Preprocessing steps used:
[2026-05-28 18:07:53]   - select 29 EEG channels; drop CPz source reference, EOG, and marker
[2026-05-28 18:07:53]   - source demean: subtract baseline mean [0.0, 2.0]s
[2026-05-28 18:07:53]   - source detrend skipped
[2026-05-28 18:07:53]   - EOG correction skipped
[2026-05-28 18:07:53]   - source artifact clipping skipped
[2026-05-28 18:07:53]   - convert source microvolts to MNE volts
[2026-05-28 18:07:53]   - average reference at before resample/filter
[2026-05-28 18:07:53]   - resample to 128 Hz
[2026-05-28 18:07:53]   - FIR bandpass 0.5–40.0 Hz | phase=zero | fir_design=firwin
[2026-05-28 18:07:53]   - convert MNE volts to model microvolts
[2026-05-28 18:07:53]   - crop fixed window samples [256:793]
[2026-05-28 18:07:53]   - bad-trial rejection skipped
[2026-05-28 18:07:53] Window summary saved to: /Users/vadim/Documents/School/Spring 2026/CSCE A698 Individual Research/EEG_JEPA/artifacts/liu2024-source-mat-sjepa-prelocal/20260528_1807_b048349a/window_counts_by_subject.csv
[2026-05-28 18:07:53] ======================================================================
[2026-05-28 18:07:53] STARTING WITHIN-SUBJECT EVALUATION
[2026-05-28 18:07:53] ======================================================================
[2026-05-28 18:07:53] Experiment:    hpaug_003_noise0p005
[2026-05-28 18:07:53] Subjects:      ['1', '2', '3', '4', '5', '6', '7', '8', '9', '10', '11', '12', '13', '14', '15', '16', '17', '18', '19', '20', '21', '22', '23', '24', '25', '26', '27', '28', '29', '30', '31', '32', '33', '34', '35', '36', '37', '38', '39', '40', '41', '42', '43', '44', '45', '46', '47', '48', '49', '50']
[2026-05-28 18:07:53] Model:         SignalJEPA_PreLocal
[2026-05-28 18:07:53] Pretrained:    from_pretrained
[2026-05-28 18:07:53] Strategy:      new
[2026-05-28 18:07:53] Preprocessing: demean=baseline_window_mean | detrend=none | eog=none | clip=none | ref=average@before_resample_filter | resample=True->128 | filter=True 0.5–40.0 fir
[2026-05-28 18:07:53] Normalization: none | reject_bad_trials=False
[2026-05-28 18:07:53] Evaluation:    stratified_kfold | cv_folds=5 | n_repeats=10 | test_size=0.4
[2026-05-28 18:07:53] Seed:          base=2026 | cv=2026 | split=2026 | val=2026
[2026-05-28 18:07:53] Window:        start=2s | samples=537 | duration=4.1953s | effective sfreq=128.0
[2026-05-28 18:07:53] Optimizer:     adam | lr=0.0004 | wd=0.0
[2026-05-28 18:07:53] Augmentation:  noise=0.005 | shift=0 | ch_drop=0.0
[2026-05-28 18:07:53] Val split:     0.2
[2026-05-28 18:07:53] Max epochs:    50 | patience=10
[2026-05-28 18:07:53] Device:        mps
[2026-05-28 18:07:53] ======================================================================
[2026-05-28 18:07:53] \nSubject 1: 40 windows | class_counts=[20, 20]

[2026-05-28 18:07:54] Fold 1/5 | subject=1
[2026-05-28 18:07:54]     Train: 32 | counts=[16, 16]
[2026-05-28 18:07:54]     Test:  8 | counts=[4, 4]
[2026-05-28 18:07:54]     Model: SignalJEPA_PreLocal | Pretrained: from_pretrained | Strategy: new
[2026-05-28 18:07:54]     Normalization: none | fit_scope=none
[2026-05-28 18:07:54]     Phase 1 (new): 2,170/16,010 params
[2026-05-28 18:07:55]     Result | best_epoch=50 | stop=50 | final_phase_epochs=50 | acc=0.3750 | bal_acc=0.3750 | pred_hist=[3, 5] | collapse=False
[2026-05-28 18:07:55]     spatial_conv=[4, 29] top_abs_channels=[('Pz', 0.15544474), ('O2', 0.14176144), ('O1', 0.13714148), ('T3', 0.12765807), ('CP3', 0.1242948), ('C3', 0.12269373), ('Fp1', 0.12036936), ('T4', 0.11638521)]
[2026-05-28 18:07:55]     spatial_update=delta_l2=0.12934393 max_abs=0.02010399 relative=0.10837552 changed=True

[2026-05-28 18:07:56] Fold 2/5 | subject=1
[2026-05-28 18:07:56]     Train: 32 | counts=[16, 16]
[2026-05-28 18:07:56]     Test:  8 | counts=[4, 4]
[2026-05-28 18:07:56]     Model: SignalJEPA_PreLocal | Pretrained: from_pretrained | Strategy: new
[2026-05-28 18:07:56]     Normalization: none | fit_scope=none
[2026-05-28 18:07:56]     Phase 1 (new): 2,170/16,010 params
[2026-05-28 18:07:56]     Result | best_epoch=10 | stop=14 | final_phase_epochs=14 | acc=0.5000 | bal_acc=0.5000 | pred_hist=[0, 8] | collapse=True
[2026-05-28 18:07:56]     spatial_conv=[4, 29] top_abs_channels=[('Pz', 0.15230082), ('O2', 0.14436856), ('T3', 0.12564975), ('O1', 0.12228859), ('T4', 0.12217139), ('CP3', 0.12115952), ('C3', 0.11586343), ('CP4', 0.11068106)]
[2026-05-28 18:07:56]     spatial_update=delta_l2=0.01258796 max_abs=0.00159978 relative=0.01054728 changed=True

[2026-05-28 18:07:57] Fold 3/5 | subject=1
[2026-05-28 18:07:57]     Train: 32 | counts=[16, 16]
[2026-05-28 18:07:57]     Test:  8 | counts=[4, 4]
[2026-05-28 18:07:57]     Model: SignalJEPA_PreLocal | Pretrained: from_pretrained | Strategy: new
[2026-05-28 18:07:57]     Normalization: none | fit_scope=none
[2026-05-28 18:07:57]     Phase 1 (new): 2,170/16,010 params
[2026-05-28 18:07:57]     Result | best_epoch=3 | stop=11 | final_phase_epochs=11 | acc=0.5000 | bal_acc=0.5000 | pred_hist=[2, 6] | collapse=False
[2026-05-28 18:07:57]     spatial_conv=[4, 29] top_abs_channels=[('Pz', 0.15283902), ('O2', 0.14394137), ('T3', 0.12673479), ('T4', 0.12208759), ('O1', 0.12186214), ('CP3', 0.12112439), ('C3', 0.11503091), ('CP4', 0.11113313)]
[2026-05-28 18:07:57]     spatial_update=delta_l2=0.00430799 max_abs=0.00040001 relative=0.00360960 changed=True

[2026-05-28 18:07:57] Fold 4/5 | subject=1
[2026-05-28 18:07:57]     Train: 32 | counts=[16, 16]
[2026-05-28 18:07:57]     Test:  8 | counts=[4, 4]
[2026-05-28 18:07:57]     Model: SignalJEPA_PreLocal | Pretrained: from_pretrained | Strategy: new
[2026-05-28 18:07:57]     Normalization: none | fit_scope=none
[2026-05-28 18:07:58]     Phase 1 (new): 2,170/16,010 params
[2026-05-28 18:07:59]     Result | best_epoch=50 | stop=50 | final_phase_epochs=50 | acc=0.6250 | bal_acc=0.6250 | pred_hist=[3, 5] | collapse=False
[2026-05-28 18:07:59]     spatial_conv=[4, 29] top_abs_channels=[('Pz', 0.15429488), ('O2', 0.13903679), ('C3', 0.13225016), ('O1', 0.12765399), ('T3', 0.12482192), ('CP4', 0.11724336), ('CP3', 0.11680008), ('T4', 0.11322065)]
[2026-05-28 18:07:59]     spatial_update=delta_l2=0.10247541 max_abs=0.02067263 relative=0.08586275 changed=True

[2026-05-28 18:07:59] Fold 5/5 | subject=1
[2026-05-28 18:07:59]     Train: 32 | counts=[16, 16]
[2026-05-28 18:07:59]     Test:  8 | counts=[4, 4]
[2026-05-28 18:07:59]     Model: SignalJEPA_PreLocal | Pretrained: from_pretrained | Strategy: new
[2026-05-28 18:07:59]     Normalization: none | fit_scope=none
[2026-05-28 18:07:59]     Phase 1 (new): 2,170/16,010 params
[2026-05-28 18:08:00]     Result | best_epoch=1 | stop=11 | final_phase_epochs=11 | acc=0.5000 | bal_acc=0.5000 | pred_hist=[0, 8] | collapse=True
[2026-05-28 18:08:00]     spatial_conv=[4, 29] top_abs_channels=[('Pz', 0.15283902), ('O2', 0.14434138), ('T3', 0.12653479), ('O1', 0.12226211), ('T4', 0.12208759), ('CP3', 0.12112439), ('C3', 0.11563089), ('CP4', 0.11093314)]
[2026-05-28 18:08:00]     spatial_update=delta_l2=0.00430804 max_abs=0.00040001 relative=0.00360965 changed=True
[2026-05-28 18:08:00]   Subject 1: acc=0.5000±0.0791  bal_acc=0.5000±0.0791
[2026-05-28 18:08:00] \nSubject 2: 40 windows | class_counts=[20, 20]

[2026-05-28 18:08:00] Fold 1/5 | subject=2
[2026-05-28 18:08:00]     Train: 32 | counts=[16, 16]
[2026-05-28 18:08:00]     Test:  8 | counts=[4, 4]
[2026-05-28 18:08:00]     Model: SignalJEPA_PreLocal | Pretrained: from_pretrained | Strategy: new
[2026-05-28 18:08:00]     Normalization: none | fit_scope=none
[2026-05-28 18:08:00]     Phase 1 (new): 2,170/16,010 params
[2026-05-28 18:08:02]     Result | best_epoch=50 | stop=50 | final_phase_epochs=50 | acc=0.6250 | bal_acc=0.6250 | pred_hist=[5, 3] | collapse=False
[2026-05-28 18:08:02]     spatial_conv=[4, 29] top_abs_channels=[('Pz', 0.14850241), ('O2', 0.14175129), ('T3', 0.13381441), ('O1', 0.12841055), ('CP3', 0.12278423), ('T4', 0.12146822), ('C3', 0.11281554), ('T5', 0.11261636)]
[2026-05-28 18:08:02]     spatial_update=delta_l2=0.15837649 max_abs=0.02200379 relative=0.13270150 changed=True

[2026-05-28 18:08:02] Fold 2/5 | subject=2
[2026-05-28 18:08:02]     Train: 32 | counts=[16, 16]
[2026-05-28 18:08:02]     Test:  8 | counts=[4, 4]
[2026-05-28 18:08:02]     Model: SignalJEPA_PreLocal | Pretrained: from_pretrained | Strategy: new
[2026-05-28 18:08:02]     Normalization: none | fit_scope=none
[2026-05-28 18:08:02]     Phase 1 (new): 2,170/16,010 params
[2026-05-28 18:08:03]     Result | best_epoch=50 | stop=50 | final_phase_epochs=50 | acc=0.8750 | bal_acc=0.8750 | pred_hist=[5, 3] | collapse=False
[2026-05-28 18:08:03]     spatial_conv=[4, 29] top_abs_channels=[('Pz', 0.15318188), ('O2', 0.14019439), ('T3', 0.13806824), ('O1', 0.13276801), ('CP3', 0.12892908), ('T4', 0.12780675), ('C3', 0.11436439), ('Fp1', 0.11284623)]
[2026-05-28 18:08:03]     spatial_update=delta_l2=0.13167289 max_abs=0.02110118 relative=0.11032693 changed=True

[2026-05-28 18:08:04] Fold 3/5 | subject=2
[2026-05-28 18:08:04]     Train: 32 | counts=[16, 16]
[2026-05-28 18:08:04]     Test:  8 | counts=[4, 4]
[2026-05-28 18:08:04]     Model: SignalJEPA_PreLocal | Pretrained: from_pretrained | Strategy: new
[2026-05-28 18:08:04]     Normalization: none | fit_scope=none
[2026-05-28 18:08:04]     Phase 1 (new): 2,170/16,010 params
[2026-05-28 18:08:05]     Result | best_epoch=50 | stop=50 | final_phase_epochs=50 | acc=0.6250 | bal_acc=0.6250 | pred_hist=[1, 7] | collapse=False
[2026-05-28 18:08:05]     spatial_conv=[4, 29] top_abs_channels=[('O2', 0.14818332), ('Pz', 0.14641935), ('T3', 0.13712993), ('O1', 0.12489899), ('CP3', 0.12455477), ('T4', 0.12436433), ('T5', 0.11069959), ('C3', 0.11015974)]
[2026-05-28 18:08:05]     spatial_update=delta_l2=0.14409354 max_abs=0.02127855 relative=0.12073402 changed=True

[2026-05-28 18:08:06] Fold 4/5 | subject=2
[2026-05-28 18:08:06]     Train: 32 | counts=[16, 16]
[2026-05-28 18:08:06]     Test:  8 | counts=[4, 4]
[2026-05-28 18:08:06]     Model: SignalJEPA_PreLocal | Pretrained: from_pretrained | Strategy: new
[2026-05-28 18:08:06]     Normalization: none | fit_scope=none
[2026-05-28 18:08:06]     Phase 1 (new): 2,170/16,010 params
[2026-05-28 18:08:07]     Result | best_epoch=50 | stop=50 | final_phase_epochs=50 | acc=0.8750 | bal_acc=0.8750 | pred_hist=[5, 3] | collapse=False
[2026-05-28 18:08:07]     spatial_conv=[4, 29] top_abs_channels=[('Pz', 0.16104937), ('T3', 0.13379848), ('O1', 0.13364626), ('O2', 0.12973419), ('T4', 0.12924731), ('CP3', 0.12581268), ('Fp1', 0.12402482), ('CP4', 0.11570594)]
[2026-05-28 18:08:07]     spatial_update=delta_l2=0.14192254 max_abs=0.02212004 relative=0.11891497 changed=True

[2026-05-28 18:08:07] Fold 5/5 | subject=2
[2026-05-28 18:08:07]     Train: 32 | counts=[16, 16]
[2026-05-28 18:08:07]     Test:  8 | counts=[4, 4]
[2026-05-28 18:08:07]     Model: SignalJEPA_PreLocal | Pretrained: from_pretrained | Strategy: new
[2026-05-28 18:08:07]     Normalization: none | fit_scope=none
[2026-05-28 18:08:07]     Phase 1 (new): 2,170/16,010 params
[2026-05-28 18:08:08]     Result | best_epoch=13 | stop=23 | final_phase_epochs=23 | acc=0.5000 | bal_acc=0.5000 | pred_hist=[0, 8] | collapse=True
[2026-05-28 18:08:08]     spatial_conv=[4, 29] top_abs_channels=[('Pz', 0.15513605), ('O2', 0.14263386), ('T3', 0.12759514), ('O1', 0.12433995), ('T4', 0.12239119), ('CP3', 0.11980709), ('C3', 0.11565077), ('Fp1', 0.11090872)]
[2026-05-28 18:08:08]     spatial_update=delta_l2=0.04349749 max_abs=0.00521566 relative=0.03644595 changed=True
[2026-05-28 18:08:08]   Subject 2: acc=0.7000±0.1500  bal_acc=0.7000±0.1500
[2026-05-28 18:08:08] \nSubject 3: 40 windows | class_counts=[20, 20]

[2026-05-28 18:08:08] Fold 1/5 | subject=3
[2026-05-28 18:08:08]     Train: 32 | counts=[16, 16]
[2026-05-28 18:08:08]     Test:  8 | counts=[4, 4]
[2026-05-28 18:08:08]     Model: SignalJEPA_PreLocal | Pretrained: from_pretrained | Strategy: new
[2026-05-28 18:08:08]     Normalization: none | fit_scope=none
[2026-05-28 18:08:08]     Phase 1 (new): 2,170/16,010 params
[2026-05-28 18:08:10]     Result | best_epoch=50 | stop=50 | final_phase_epochs=50 | acc=0.3750 | bal_acc=0.3750 | pred_hist=[5, 3] | collapse=False
[2026-05-28 18:08:10]     spatial_conv=[4, 29] top_abs_channels=[('Pz', 0.16378032), ('O2', 0.1457109), ('T3', 0.12798738), ('C3', 0.12371074), ('CP3', 0.12159738), ('O1', 0.12095495), ('T4', 0.11391122), ('P4', 0.1115329)]
[2026-05-28 18:08:10]     spatial_update=delta_l2=0.16025926 max_abs=0.02238652 relative=0.13427905 changed=True

[2026-05-28 18:08:10] Fold 2/5 | subject=3
[2026-05-28 18:08:10]     Train: 32 | counts=[16, 16]
[2026-05-28 18:08:10]     Test:  8 | counts=[4, 4]
[2026-05-28 18:08:10]     Model: SignalJEPA_PreLocal | Pretrained: from_pretrained | Strategy: new
[2026-05-28 18:08:10]     Normalization: none | fit_scope=none
[2026-05-28 18:08:10]     Phase 1 (new): 2,170/16,010 params
[2026-05-28 18:08:11]     Result | best_epoch=50 | stop=50 | final_phase_epochs=50 | acc=0.6250 | bal_acc=0.6250 | pred_hist=[3, 5] | collapse=False
[2026-05-28 18:08:11]     spatial_conv=[4, 29] top_abs_channels=[('Pz', 0.1579783), ('O2', 0.14856166), ('T3', 0.12806787), ('T4', 0.12573597), ('C3', 0.11980472), ('T5', 0.11557145), ('O1', 0.11519545), ('CP3', 0.11324874)]
[2026-05-28 18:08:11]     spatial_update=delta_l2=0.14994349 max_abs=0.02226310 relative=0.12563562 changed=True

[2026-05-28 18:08:12] Fold 3/5 | subject=3
[2026-05-28 18:08:12]     Train: 32 | counts=[16, 16]
[2026-05-28 18:08:12]     Test:  8 | counts=[4, 4]
[2026-05-28 18:08:12]     Model: SignalJEPA_PreLocal | Pretrained: from_pretrained | Strategy: new
[2026-05-28 18:08:12]     Normalization: none | fit_scope=none
[2026-05-28 18:08:12]     Phase 1 (new): 2,170/16,010 params
[2026-05-28 18:08:13]     Result | best_epoch=50 | stop=50 | final_phase_epochs=50 | acc=0.6250 | bal_acc=0.6250 | pred_hist=[1, 7] | collapse=False
[2026-05-28 18:08:13]     spatial_conv=[4, 29] top_abs_channels=[('O2', 0.15831399), ('Pz', 0.15467662), ('T3', 0.13392763), ('CP3', 0.1235728), ('O1', 0.12195053), ('C3', 0.12156598), ('T4', 0.11358906), ('Fz', 0.11244461)]
[2026-05-28 18:08:13]     spatial_update=delta_l2=0.15640419 max_abs=0.02254462 relative=0.13104895 changed=True

[2026-05-28 18:08:14] Fold 4/5 | subject=3
[2026-05-28 18:08:14]     Train: 32 | counts=[16, 16]
[2026-05-28 18:08:14]     Test:  8 | counts=[4, 4]
[2026-05-28 18:08:14]     Model: SignalJEPA_PreLocal | Pretrained: from_pretrained | Strategy: new
[2026-05-28 18:08:14]     Normalization: none | fit_scope=none
[2026-05-28 18:08:14]     Phase 1 (new): 2,170/16,010 params
[2026-05-28 18:08:15]     Result | best_epoch=50 | stop=50 | final_phase_epochs=50 | acc=0.6250 | bal_acc=0.6250 | pred_hist=[5, 3] | collapse=False
[2026-05-28 18:08:15]     spatial_conv=[4, 29] top_abs_channels=[('Pz', 0.16874675), ('O2', 0.13983963), ('T3', 0.12895578), ('C3', 0.1210885), ('O1', 0.12076022), ('T4', 0.11945454), ('P4', 0.11663108), ('CP3', 0.11552185)]
[2026-05-28 18:08:15]     spatial_update=delta_l2=0.14804621 max_abs=0.02293318 relative=0.12404590 changed=True

[2026-05-28 18:08:16] Fold 5/5 | subject=3
[2026-05-28 18:08:16]     Train: 32 | counts=[16, 16]
[2026-05-28 18:08:16]     Test:  8 | counts=[4, 4]
[2026-05-28 18:08:16]     Model: SignalJEPA_PreLocal | Pretrained: from_pretrained | Strategy: new
[2026-05-28 18:08:16]     Normalization: none | fit_scope=none
[2026-05-28 18:08:16]     Phase 1 (new): 2,170/16,010 params
[2026-05-28 18:08:17]     Result | best_epoch=50 | stop=50 | final_phase_epochs=50 | acc=0.8750 | bal_acc=0.8750 | pred_hist=[3, 5] | collapse=False
[2026-05-28 18:08:17]     spatial_conv=[4, 29] top_abs_channels=[('Pz', 0.15410334), ('O2', 0.14988263), ('T3', 0.13381626), ('CP3', 0.12520695), ('C3', 0.12451594), ('O1', 0.1205133), ('T4', 0.11887245), ('CP4', 0.10938217)]
[2026-05-28 18:08:17]     spatial_update=delta_l2=0.15160027 max_abs=0.02283396 relative=0.12702380 changed=True
[2026-05-28 18:08:17]   Subject 3: acc=0.6250±0.1581  bal_acc=0.6250±0.1581
[2026-05-28 18:08:17] \nSubject 4: 40 windows | class_counts=[20, 20]

[2026-05-28 18:08:17] Fold 1/5 | subject=4
[2026-05-28 18:08:17]     Train: 32 | counts=[16, 16]
[2026-05-28 18:08:17]     Test:  8 | counts=[4, 4]
[2026-05-28 18:08:17]     Model: SignalJEPA_PreLocal | Pretrained: from_pretrained | Strategy: new
[2026-05-28 18:08:17]     Normalization: none | fit_scope=none
[2026-05-28 18:08:17]     Phase 1 (new): 2,170/16,010 params
[2026-05-28 18:08:18]     Result | best_epoch=1 | stop=11 | final_phase_epochs=11 | acc=0.5000 | bal_acc=0.5000 | pred_hist=[0, 8] | collapse=True
[2026-05-28 18:08:18]     spatial_conv=[4, 29] top_abs_channels=[('Pz', 0.15303904), ('O2', 0.14434138), ('T3', 0.12673478), ('T4', 0.12188759), ('O1', 0.12186212), ('CP3', 0.1209244), ('C3', 0.11503093), ('CP4', 0.11113312)]
[2026-05-28 18:08:18]     spatial_update=delta_l2=0.00430797 max_abs=0.00040000 relative=0.00360959 changed=True

[2026-05-28 18:08:18] Fold 2/5 | subject=4
[2026-05-28 18:08:18]     Train: 32 | counts=[16, 16]
[2026-05-28 18:08:18]     Test:  8 | counts=[4, 4]
[2026-05-28 18:08:18]     Model: SignalJEPA_PreLocal | Pretrained: from_pretrained | Strategy: new
[2026-05-28 18:08:18]     Normalization: none | fit_scope=none
[2026-05-28 18:08:18]     Phase 1 (new): 2,170/16,010 params
[2026-05-28 18:08:19]     Result | best_epoch=50 | stop=50 | final_phase_epochs=50 | acc=0.6250 | bal_acc=0.6250 | pred_hist=[3, 5] | collapse=False
[2026-05-28 18:08:19]     spatial_conv=[4, 29] top_abs_channels=[('Pz', 0.1525757), ('O2', 0.15151602), ('T3', 0.13216382), ('T4', 0.12247572), ('CP3', 0.11955386), ('O1', 0.11763453), ('T5', 0.11698498), ('P3', 0.11501618)]
[2026-05-28 18:08:19]     spatial_update=delta_l2=0.12025377 max_abs=0.02095629 relative=0.10075900 changed=True

[2026-05-28 18:08:20] Fold 3/5 | subject=4
[2026-05-28 18:08:20]     Train: 32 | counts=[16, 16]
[2026-05-28 18:08:20]     Test:  8 | counts=[4, 4]
[2026-05-28 18:08:20]     Model: SignalJEPA_PreLocal | Pretrained: from_pretrained | Strategy: new
[2026-05-28 18:08:20]     Normalization: none | fit_scope=none
[2026-05-28 18:08:20]     Phase 1 (new): 2,170/16,010 params
[2026-05-28 18:08:21]     Result | best_epoch=50 | stop=50 | final_phase_epochs=50 | acc=0.5000 | bal_acc=0.5000 | pred_hist=[2, 6] | collapse=False
[2026-05-28 18:08:21]     spatial_conv=[4, 29] top_abs_channels=[('Pz', 0.1520364), ('O2', 0.15004614), ('T4', 0.12210258), ('T3', 0.12042093), ('Fp1', 0.12000318), ('O1', 0.11813375), ('CP3', 0.11793981), ('C3', 0.11711028)]
[2026-05-28 18:08:21]     spatial_update=delta_l2=0.11396431 max_abs=0.01986949 relative=0.09548915 changed=True

[2026-05-28 18:08:22] Fold 4/5 | subject=4
[2026-05-28 18:08:22]     Train: 32 | counts=[16, 16]
[2026-05-28 18:08:22]     Test:  8 | counts=[4, 4]
[2026-05-28 18:08:22]     Model: SignalJEPA_PreLocal | Pretrained: from_pretrained | Strategy: new
[2026-05-28 18:08:22]     Normalization: none | fit_scope=none
[2026-05-28 18:08:22]     Phase 1 (new): 2,170/16,010 params
[2026-05-28 18:08:23]     Result | best_epoch=50 | stop=50 | final_phase_epochs=50 | acc=0.6250 | bal_acc=0.6250 | pred_hist=[5, 3] | collapse=False
[2026-05-28 18:08:23]     spatial_conv=[4, 29] top_abs_channels=[('Pz', 0.1550853), ('O2', 0.14858516), ('T3', 0.13108587), ('O1', 0.12070759), ('T4', 0.11821274), ('CP3', 0.11792253), ('C3', 0.11623564), ('Fp1', 0.11511204)]
[2026-05-28 18:08:23]     spatial_update=delta_l2=0.11293258 max_abs=0.02062633 relative=0.09462467 changed=True

[2026-05-28 18:08:23] Fold 5/5 | subject=4
[2026-05-28 18:08:23]     Train: 32 | counts=[16, 16]
[2026-05-28 18:08:23]     Test:  8 | counts=[4, 4]
[2026-05-28 18:08:23]     Model: SignalJEPA_PreLocal | Pretrained: from_pretrained | Strategy: new
[2026-05-28 18:08:23]     Normalization: none | fit_scope=none
[2026-05-28 18:08:23]     Phase 1 (new): 2,170/16,010 params
[2026-05-28 18:08:24]     Result | best_epoch=1 | stop=11 | final_phase_epochs=11 | acc=0.5000 | bal_acc=0.5000 | pred_hist=[0, 8] | collapse=True
[2026-05-28 18:08:24]     spatial_conv=[4, 29] top_abs_channels=[('Pz', 0.15323904), ('O2', 0.14414138), ('T3', 0.12673485), ('O1', 0.12206212), ('T4', 0.12168761), ('CP3', 0.12112439), ('C3', 0.11503088), ('CP4', 0.11073314)]
[2026-05-28 18:08:24]     spatial_update=delta_l2=0.00430795 max_abs=0.00040001 relative=0.00360957 changed=True
[2026-05-28 18:08:24]   Subject 4: acc=0.5500±0.0612  bal_acc=0.5500±0.0612
[2026-05-28 18:08:24] \nSubject 5: 40 windows | class_counts=[20, 20]

[2026-05-28 18:08:24] Fold 1/5 | subject=5
[2026-05-28 18:08:24]     Train: 32 | counts=[16, 16]
[2026-05-28 18:08:24]     Test:  8 | counts=[4, 4]
[2026-05-28 18:08:24]     Model: SignalJEPA_PreLocal | Pretrained: from_pretrained | Strategy: new
[2026-05-28 18:08:24]     Normalization: none | fit_scope=none
[2026-05-28 18:08:24]     Phase 1 (new): 2,170/16,010 params
[2026-05-28 18:08:25]     Result | best_epoch=4 | stop=11 | final_phase_epochs=11 | acc=0.5000 | bal_acc=0.5000 | pred_hist=[0, 8] | collapse=True
[2026-05-28 18:08:25]     spatial_conv=[4, 29] top_abs_channels=[('Pz', 0.15323901), ('O2', 0.14454137), ('T3', 0.12673478), ('O1', 0.12206212), ('T4', 0.12188759), ('CP3', 0.12112439), ('C3', 0.11503094), ('CP4', 0.11073314)]
[2026-05-28 18:08:25]     spatial_update=delta_l2=0.00430797 max_abs=0.00040000 relative=0.00360959 changed=True

[2026-05-28 18:08:25] Fold 2/5 | subject=5
[2026-05-28 18:08:25]     Train: 32 | counts=[16, 16]
[2026-05-28 18:08:25]     Test:  8 | counts=[4, 4]
[2026-05-28 18:08:25]     Model: SignalJEPA_PreLocal | Pretrained: from_pretrained | Strategy: new
[2026-05-28 18:08:25]     Normalization: none | fit_scope=none
[2026-05-28 18:08:25]     Phase 1 (new): 2,170/16,010 params
[2026-05-28 18:08:25]     Result | best_epoch=1 | stop=11 | final_phase_epochs=11 | acc=0.5000 | bal_acc=0.5000 | pred_hist=[0, 8] | collapse=True
[2026-05-28 18:08:25]     spatial_conv=[4, 29] top_abs_channels=[('Pz', 0.15323901), ('O2', 0.14434141), ('T3', 0.12673479), ('O1', 0.12206212), ('T4', 0.12188759), ('CP3', 0.12112439), ('C3', 0.11503091), ('CP4', 0.11093312)]
[2026-05-28 18:08:25]     spatial_update=delta_l2=0.00430796 max_abs=0.00040000 relative=0.00360958 changed=True

[2026-05-28 18:08:26] Fold 3/5 | subject=5
[2026-05-28 18:08:26]     Train: 32 | counts=[16, 16]
[2026-05-28 18:08:26]     Test:  8 | counts=[4, 4]
[2026-05-28 18:08:26]     Model: SignalJEPA_PreLocal | Pretrained: from_pretrained | Strategy: new
[2026-05-28 18:08:26]     Normalization: none | fit_scope=none
[2026-05-28 18:08:26]     Phase 1 (new): 2,170/16,010 params
[2026-05-28 18:08:27]     Result | best_epoch=50 | stop=50 | final_phase_epochs=50 | acc=0.3750 | bal_acc=0.3750 | pred_hist=[1, 7] | collapse=False
[2026-05-28 18:08:27]     spatial_conv=[4, 29] top_abs_channels=[('O2', 0.15381826), ('Pz', 0.15209913), ('T4', 0.129741), ('T3', 0.1244455), ('CP3', 0.11957052), ('O1', 0.11522565), ('Fz', 0.10776418), ('C3', 0.10726897)]
[2026-05-28 18:08:27]     spatial_update=delta_l2=0.13853701 max_abs=0.02159595 relative=0.11607828 changed=True

[2026-05-28 18:08:28] Fold 4/5 | subject=5
[2026-05-28 18:08:28]     Train: 32 | counts=[16, 16]
[2026-05-28 18:08:28]     Test:  8 | counts=[4, 4]
[2026-05-28 18:08:28]     Model: SignalJEPA_PreLocal | Pretrained: from_pretrained | Strategy: new
[2026-05-28 18:08:28]     Normalization: none | fit_scope=none
[2026-05-28 18:08:28]     Phase 1 (new): 2,170/16,010 params
[2026-05-28 18:08:29]     Result | best_epoch=50 | stop=50 | final_phase_epochs=50 | acc=0.5000 | bal_acc=0.5000 | pred_hist=[2, 6] | collapse=False
[2026-05-28 18:08:29]     spatial_conv=[4, 29] top_abs_channels=[('O2', 0.15528242), ('Pz', 0.14698391), ('T4', 0.13030851), ('O1', 0.12804937), ('T3', 0.12495156), ('C3', 0.11469081), ('CP3', 0.11281475), ('CP4', 0.10832872)]
[2026-05-28 18:08:29]     spatial_update=delta_l2=0.14299732 max_abs=0.02104856 relative=0.11981551 changed=True

[2026-05-28 18:08:29] Fold 5/5 | subject=5
[2026-05-28 18:08:29]     Train: 32 | counts=[16, 16]
[2026-05-28 18:08:29]     Test:  8 | counts=[4, 4]
[2026-05-28 18:08:29]     Model: SignalJEPA_PreLocal | Pretrained: from_pretrained | Strategy: new
[2026-05-28 18:08:29]     Normalization: none | fit_scope=none
[2026-05-28 18:08:29]     Phase 1 (new): 2,170/16,010 params
[2026-05-28 18:08:30]     Result | best_epoch=4 | stop=11 | final_phase_epochs=11 | acc=0.5000 | bal_acc=0.5000 | pred_hist=[0, 8] | collapse=True
[2026-05-28 18:08:30]     spatial_conv=[4, 29] top_abs_channels=[('Pz', 0.15303901), ('O2', 0.14434138), ('T3', 0.12673479), ('T4', 0.12208759), ('O1', 0.12206212), ('CP3', 0.12132439), ('C3', 0.11543101), ('CP4', 0.11053314)]
[2026-05-28 18:08:30]     spatial_update=delta_l2=0.00430782 max_abs=0.00040000 relative=0.00360947 changed=True
[2026-05-28 18:08:30]   Subject 5: acc=0.4750±0.0500  bal_acc=0.4750±0.0500
[2026-05-28 18:08:30] \nSubject 6: 40 windows | class_counts=[20, 20]

[2026-05-28 18:08:30] Fold 1/5 | subject=6
[2026-05-28 18:08:30]     Train: 32 | counts=[16, 16]
[2026-05-28 18:08:30]     Test:  8 | counts=[4, 4]
[2026-05-28 18:08:30]     Model: SignalJEPA_PreLocal | Pretrained: from_pretrained | Strategy: new
[2026-05-28 18:08:30]     Normalization: none | fit_scope=none
[2026-05-28 18:08:30]     Phase 1 (new): 2,170/16,010 params
[2026-05-28 18:08:32]     Result | best_epoch=50 | stop=50 | final_phase_epochs=50 | acc=0.6250 | bal_acc=0.6250 | pred_hist=[5, 3] | collapse=False
[2026-05-28 18:08:32]     spatial_conv=[4, 29] top_abs_channels=[('Pz', 0.15513377), ('O2', 0.14556), ('T3', 0.13523705), ('T4', 0.1242833), ('CP3', 0.12101876), ('O1', 0.12096635), ('P4', 0.11903232), ('C3', 0.11340789)]
[2026-05-28 18:08:32]     spatial_update=delta_l2=0.15137468 max_abs=0.02168389 relative=0.12683478 changed=True

[2026-05-28 18:08:32] Fold 2/5 | subject=6
[2026-05-28 18:08:32]     Train: 32 | counts=[16, 16]
[2026-05-28 18:08:32]     Test:  8 | counts=[4, 4]
[2026-05-28 18:08:32]     Model: SignalJEPA_PreLocal | Pretrained: from_pretrained | Strategy: new
[2026-05-28 18:08:32]     Normalization: none | fit_scope=none
[2026-05-28 18:08:32]     Phase 1 (new): 2,170/16,010 params
[2026-05-28 18:08:33]     Result | best_epoch=50 | stop=50 | final_phase_epochs=50 | acc=0.5000 | bal_acc=0.5000 | pred_hist=[4, 4] | collapse=False
[2026-05-28 18:08:33]     spatial_conv=[4, 29] top_abs_channels=[('O2', 0.14668292), ('Pz', 0.1452426), ('T3', 0.12860842), ('CP3', 0.12504512), ('O1', 0.12346914), ('P3', 0.11575922), ('Fp1', 0.11433488), ('C3', 0.11351912)]
[2026-05-28 18:08:33]     spatial_update=delta_l2=0.14204992 max_abs=0.02168071 relative=0.11902170 changed=True

[2026-05-28 18:08:34] Fold 3/5 | subject=6
[2026-05-28 18:08:34]     Train: 32 | counts=[16, 16]
[2026-05-28 18:08:34]     Test:  8 | counts=[4, 4]
[2026-05-28 18:08:34]     Model: SignalJEPA_PreLocal | Pretrained: from_pretrained | Strategy: new
[2026-05-28 18:08:34]     Normalization: none | fit_scope=none
[2026-05-28 18:08:34]     Phase 1 (new): 2,170/16,010 params
[2026-05-28 18:08:34]     Result | best_epoch=1 | stop=11 | final_phase_epochs=11 | acc=0.3750 | bal_acc=0.3750 | pred_hist=[1, 7] | collapse=False
[2026-05-28 18:08:34]     spatial_conv=[4, 29] top_abs_channels=[('Pz', 0.15303901), ('O2', 0.14414138), ('T3', 0.12673479), ('O1', 0.12206212), ('T4', 0.12188759), ('CP3', 0.12132439), ('C3', 0.1152309), ('CP4', 0.11073319)]
[2026-05-28 18:08:34]     spatial_update=delta_l2=0.00430616 max_abs=0.00040000 relative=0.00360807 changed=True

[2026-05-28 18:08:35] Fold 4/5 | subject=6
[2026-05-28 18:08:35]     Train: 32 | counts=[16, 16]
[2026-05-28 18:08:35]     Test:  8 | counts=[4, 4]
[2026-05-28 18:08:35]     Model: SignalJEPA_PreLocal | Pretrained: from_pretrained | Strategy: new
[2026-05-28 18:08:35]     Normalization: none | fit_scope=none
[2026-05-28 18:08:35]     Phase 1 (new): 2,170/16,010 params
[2026-05-28 18:08:36]     Result | best_epoch=21 | stop=27 | final_phase_epochs=27 | acc=0.5000 | bal_acc=0.5000 | pred_hist=[0, 8] | collapse=True
[2026-05-28 18:08:36]     spatial_conv=[4, 29] top_abs_channels=[('Pz', 0.15358236), ('O2', 0.14511916), ('T3', 0.12651663), ('CP3', 0.12218341), ('O1', 0.12190844), ('T4', 0.12031887), ('C3', 0.11417627), ('P4', 0.10984788)]
[2026-05-28 18:08:36]     spatial_update=delta_l2=0.04999657 max_abs=0.00684884 relative=0.04189145 changed=True

[2026-05-28 18:08:36] Fold 5/5 | subject=6
[2026-05-28 18:08:36]     Train: 32 | counts=[16, 16]
[2026-05-28 18:08:36]     Test:  8 | counts=[4, 4]
[2026-05-28 18:08:36]     Model: SignalJEPA_PreLocal | Pretrained: from_pretrained | Strategy: new
[2026-05-28 18:08:36]     Normalization: none | fit_scope=none
[2026-05-28 18:08:36]     Phase 1 (new): 2,170/16,010 params
[2026-05-28 18:08:37]     Result | best_epoch=50 | stop=50 | final_phase_epochs=50 | acc=0.5000 | bal_acc=0.5000 | pred_hist=[4, 4] | collapse=False
[2026-05-28 18:08:37]     spatial_conv=[4, 29] top_abs_channels=[('O2', 0.15062107), ('Pz', 0.14182603), ('T3', 0.12815855), ('CP3', 0.12812953), ('O1', 0.12636535), ('T4', 0.12395397), ('Fp1', 0.11642933), ('Fz', 0.11506003)]
[2026-05-28 18:08:37]     spatial_update=delta_l2=0.14463090 max_abs=0.02256750 relative=0.12118426 changed=True
[2026-05-28 18:08:37]   Subject 6: acc=0.5000±0.0791  bal_acc=0.5000±0.0791
[2026-05-28 18:08:37] \nSubject 7: 40 windows | class_counts=[20, 20]

[2026-05-28 18:08:38] Fold 1/5 | subject=7
[2026-05-28 18:08:38]     Train: 32 | counts=[16, 16]
[2026-05-28 18:08:38]     Test:  8 | counts=[4, 4]
[2026-05-28 18:08:38]     Model: SignalJEPA_PreLocal | Pretrained: from_pretrained | Strategy: new
[2026-05-28 18:08:38]     Normalization: none | fit_scope=none
[2026-05-28 18:08:38]     Phase 1 (new): 2,170/16,010 params
[2026-05-28 18:08:39]     Result | best_epoch=50 | stop=50 | final_phase_epochs=50 | acc=0.8750 | bal_acc=0.8750 | pred_hist=[3, 5] | collapse=False
[2026-05-28 18:08:39]     spatial_conv=[4, 29] top_abs_channels=[('Pz', 0.16119485), ('O2', 0.13871041), ('T4', 0.12448375), ('O1', 0.12137711), ('CP3', 0.1197313), ('CP4', 0.11894142), ('Fp1', 0.1172499), ('Fz', 0.11405468)]
[2026-05-28 18:08:39]     spatial_update=delta_l2=0.13273261 max_abs=0.02145132 relative=0.11121485 changed=True

[2026-05-28 18:08:39] Fold 2/5 | subject=7
[2026-05-28 18:08:39]     Train: 32 | counts=[16, 16]
[2026-05-28 18:08:39]     Test:  8 | counts=[4, 4]
[2026-05-28 18:08:39]     Model: SignalJEPA_PreLocal | Pretrained: from_pretrained | Strategy: new
[2026-05-28 18:08:39]     Normalization: none | fit_scope=none
[2026-05-28 18:08:39]     Phase 1 (new): 2,170/16,010 params
[2026-05-28 18:08:41]     Result | best_epoch=50 | stop=50 | final_phase_epochs=50 | acc=0.5000 | bal_acc=0.5000 | pred_hist=[4, 4] | collapse=False
[2026-05-28 18:08:41]     spatial_conv=[4, 29] top_abs_channels=[('Pz', 0.16063373), ('O2', 0.1403738), ('O1', 0.12314947), ('T4', 0.12192266), ('CP4', 0.11958499), ('T3', 0.11735083), ('C3', 0.11714526), ('CP3', 0.11420096)]
[2026-05-28 18:08:41]     spatial_update=delta_l2=0.14639667 max_abs=0.02244105 relative=0.12266378 changed=True

[2026-05-28 18:08:41] Fold 3/5 | subject=7
[2026-05-28 18:08:41]     Train: 32 | counts=[16, 16]
[2026-05-28 18:08:41]     Test:  8 | counts=[4, 4]
[2026-05-28 18:08:41]     Model: SignalJEPA_PreLocal | Pretrained: from_pretrained | Strategy: new
[2026-05-28 18:08:41]     Normalization: none | fit_scope=none
[2026-05-28 18:08:41]     Phase 1 (new): 2,170/16,010 params
[2026-05-28 18:08:42]     Result | best_epoch=50 | stop=50 | final_phase_epochs=50 | acc=0.6250 | bal_acc=0.6250 | pred_hist=[3, 5] | collapse=False
[2026-05-28 18:08:42]     spatial_conv=[4, 29] top_abs_channels=[('Pz', 0.15971327), ('O2', 0.14101604), ('O1', 0.12904969), ('CP4', 0.12497754), ('T4', 0.11977109), ('C3', 0.11828557), ('T3', 0.11705221), ('Fp1', 0.11247166)]
[2026-05-28 18:08:42]     spatial_update=delta_l2=0.13285452 max_abs=0.02092326 relative=0.11131699 changed=True

[2026-05-28 18:08:43] Fold 4/5 | subject=7
[2026-05-28 18:08:43]     Train: 32 | counts=[16, 16]
[2026-05-28 18:08:43]     Test:  8 | counts=[4, 4]
[2026-05-28 18:08:43]     Model: SignalJEPA_PreLocal | Pretrained: from_pretrained | Strategy: new
[2026-05-28 18:08:43]     Normalization: none | fit_scope=none
[2026-05-28 18:08:43]     Phase 1 (new): 2,170/16,010 params
[2026-05-28 18:08:44]     Result | best_epoch=50 | stop=50 | final_phase_epochs=50 | acc=0.7500 | bal_acc=0.7500 | pred_hist=[2, 6] | collapse=False
[2026-05-28 18:08:44]     spatial_conv=[4, 29] top_abs_channels=[('Pz', 0.15650296), ('O2', 0.13439932), ('T4', 0.12705362), ('O1', 0.12142153), ('C3', 0.1198038), ('CP3', 0.11978152), ('Fp1', 0.11966587), ('CP4', 0.11641842)]
[2026-05-28 18:08:44]     spatial_update=delta_l2=0.13135155 max_abs=0.02005260 relative=0.11005768 changed=True

[2026-05-28 18:08:44] Fold 5/5 | subject=7
[2026-05-28 18:08:44]     Train: 32 | counts=[16, 16]
[2026-05-28 18:08:44]     Test:  8 | counts=[4, 4]
[2026-05-28 18:08:44]     Model: SignalJEPA_PreLocal | Pretrained: from_pretrained | Strategy: new
[2026-05-28 18:08:44]     Normalization: none | fit_scope=none
[2026-05-28 18:08:44]     Phase 1 (new): 2,170/16,010 params
[2026-05-28 18:08:45]     Result | best_epoch=50 | stop=50 | final_phase_epochs=50 | acc=0.5000 | bal_acc=0.5000 | pred_hist=[2, 6] | collapse=False
[2026-05-28 18:08:45]     spatial_conv=[4, 29] top_abs_channels=[('Pz', 0.16422062), ('O2', 0.13524382), ('CP4', 0.12722334), ('O1', 0.12202387), ('T3', 0.11800411), ('C3', 0.11533365), ('T4', 0.11304304), ('Fp1', 0.11174761)]
[2026-05-28 18:08:45]     spatial_update=delta_l2=0.15107939 max_abs=0.02247240 relative=0.12658737 changed=True
[2026-05-28 18:08:45]   Subject 7: acc=0.6500±0.1458  bal_acc=0.6500±0.1458
[2026-05-28 18:08:45] \nSubject 8: 40 windows | class_counts=[20, 20]

[2026-05-28 18:08:46] Fold 1/5 | subject=8
[2026-05-28 18:08:46]     Train: 32 | counts=[16, 16]
[2026-05-28 18:08:46]     Test:  8 | counts=[4, 4]
[2026-05-28 18:08:46]     Model: SignalJEPA_PreLocal | Pretrained: from_pretrained | Strategy: new
[2026-05-28 18:08:46]     Normalization: none | fit_scope=none
[2026-05-28 18:08:46]     Phase 1 (new): 2,170/16,010 params
[2026-05-28 18:08:47]     Result | best_epoch=50 | stop=50 | final_phase_epochs=50 | acc=0.6250 | bal_acc=0.6250 | pred_hist=[5, 3] | collapse=False
[2026-05-28 18:08:47]     spatial_conv=[4, 29] top_abs_channels=[('Pz', 0.15165503), ('O2', 0.14503404), ('C3', 0.12651441), ('O1', 0.12377353), ('CP3', 0.1214807), ('T3', 0.1191886), ('T4', 0.11821108), ('CP4', 0.1177184)]
[2026-05-28 18:08:47]     spatial_update=delta_l2=0.14080553 max_abs=0.02218808 relative=0.11797904 changed=True

[2026-05-28 18:08:47] Fold 2/5 | subject=8
[2026-05-28 18:08:47]     Train: 32 | counts=[16, 16]
[2026-05-28 18:08:47]     Test:  8 | counts=[4, 4]
[2026-05-28 18:08:47]     Model: SignalJEPA_PreLocal | Pretrained: from_pretrained | Strategy: new
[2026-05-28 18:08:47]     Normalization: none | fit_scope=none
[2026-05-28 18:08:47]     Phase 1 (new): 2,170/16,010 params
[2026-05-28 18:08:49]     Result | best_epoch=39 | stop=49 | final_phase_epochs=49 | acc=0.7500 | bal_acc=0.7500 | pred_hist=[2, 6] | collapse=False
[2026-05-28 18:08:49]     spatial_conv=[4, 29] top_abs_channels=[('Pz', 0.15025705), ('O2', 0.14083329), ('T4', 0.12740725), ('T3', 0.12706201), ('O1', 0.12522261), ('C3', 0.11950587), ('CP3', 0.11934122), ('CP4', 0.11831301)]
[2026-05-28 18:08:49]     spatial_update=delta_l2=0.11439175 max_abs=0.01630247 relative=0.09584730 changed=True

[2026-05-28 18:08:49] Fold 3/5 | subject=8
[2026-05-28 18:08:49]     Train: 32 | counts=[16, 16]
[2026-05-28 18:08:49]     Test:  8 | counts=[4, 4]
[2026-05-28 18:08:49]     Model: SignalJEPA_PreLocal | Pretrained: from_pretrained | Strategy: new
[2026-05-28 18:08:49]     Normalization: none | fit_scope=none
[2026-05-28 18:08:49]     Phase 1 (new): 2,170/16,010 params
[2026-05-28 18:08:49]     Result | best_epoch=4 | stop=14 | final_phase_epochs=14 | acc=0.5000 | bal_acc=0.5000 | pred_hist=[0, 8] | collapse=True
[2026-05-28 18:08:49]     spatial_conv=[4, 29] top_abs_channels=[('Pz', 0.15250492), ('O2', 0.14340474), ('T3', 0.12697646), ('O1', 0.12314631), ('T4', 0.12170549), ('CP3', 0.12105894), ('C3', 0.11547576), ('CP4', 0.11125261)]
[2026-05-28 18:08:49]     spatial_update=delta_l2=0.01415704 max_abs=0.00160032 relative=0.01186199 changed=True

[2026-05-28 18:08:50] Fold 4/5 | subject=8
[2026-05-28 18:08:50]     Train: 32 | counts=[16, 16]
[2026-05-28 18:08:50]     Test:  8 | counts=[4, 4]
[2026-05-28 18:08:50]     Model: SignalJEPA_PreLocal | Pretrained: from_pretrained | Strategy: new
[2026-05-28 18:08:50]     Normalization: none | fit_scope=none
[2026-05-28 18:08:50]     Phase 1 (new): 2,170/16,010 params
[2026-05-28 18:08:50]     Result | best_epoch=2 | stop=11 | final_phase_epochs=11 | acc=0.5000 | bal_acc=0.5000 | pred_hist=[0, 8] | collapse=True
[2026-05-28 18:08:50]     spatial_conv=[4, 29] top_abs_channels=[('Pz', 0.15303758), ('O2', 0.14394137), ('T3', 0.12673479), ('T4', 0.1220876), ('O1', 0.12206213), ('CP3', 0.12112439), ('C3', 0.1152309), ('CP4', 0.11113312)]
[2026-05-28 18:08:50]     spatial_update=delta_l2=0.00430748 max_abs=0.00040001 relative=0.00360918 changed=True

[2026-05-28 18:08:50] Fold 5/5 | subject=8
[2026-05-28 18:08:50]     Train: 32 | counts=[16, 16]
[2026-05-28 18:08:50]     Test:  8 | counts=[4, 4]
[2026-05-28 18:08:50]     Model: SignalJEPA_PreLocal | Pretrained: from_pretrained | Strategy: new
[2026-05-28 18:08:50]     Normalization: none | fit_scope=none
[2026-05-28 18:08:50]     Phase 1 (new): 2,170/16,010 params
[2026-05-28 18:08:52]     Result | best_epoch=50 | stop=50 | final_phase_epochs=50 | acc=0.3750 | bal_acc=0.3750 | pred_hist=[7, 1] | collapse=False
[2026-05-28 18:08:52]     spatial_conv=[4, 29] top_abs_channels=[('Pz', 0.1550134), ('O2', 0.14084995), ('CP3', 0.12643628), ('C3', 0.12581095), ('T4', 0.1251214), ('O1', 0.12266231), ('CP4', 0.12244335), ('T3', 0.11907407)]
[2026-05-28 18:08:52]     spatial_update=delta_l2=0.15008998 max_abs=0.02179110 relative=0.12575836 changed=True
[2026-05-28 18:08:52]   Subject 8: acc=0.5500±0.1275  bal_acc=0.5500±0.1275
[2026-05-28 18:08:52] \nSubject 9: 40 windows | class_counts=[20, 20]

[2026-05-28 18:08:52] Fold 1/5 | subject=9
[2026-05-28 18:08:52]     Train: 32 | counts=[16, 16]
[2026-05-28 18:08:52]     Test:  8 | counts=[4, 4]
[2026-05-28 18:08:52]     Model: SignalJEPA_PreLocal | Pretrained: from_pretrained | Strategy: new
[2026-05-28 18:08:52]     Normalization: none | fit_scope=none
[2026-05-28 18:08:52]     Phase 1 (new): 2,170/16,010 params
[2026-05-28 18:08:53]     Result | best_epoch=50 | stop=50 | final_phase_epochs=50 | acc=0.6250 | bal_acc=0.6250 | pred_hist=[1, 7] | collapse=False
[2026-05-28 18:08:53]     spatial_conv=[4, 29] top_abs_channels=[('Pz', 0.15074947), ('O2', 0.1491551), ('CP3', 0.12373435), ('T4', 0.12230453), ('T3', 0.11949711), ('CP4', 0.11794132), ('O1', 0.11705814), ('C3', 0.11169417)]
[2026-05-28 18:08:53]     spatial_update=delta_l2=0.13473045 max_abs=0.02070106 relative=0.11288881 changed=True

[2026-05-28 18:08:54] Fold 2/5 | subject=9
[2026-05-28 18:08:54]     Train: 32 | counts=[16, 16]
[2026-05-28 18:08:54]     Test:  8 | counts=[4, 4]
[2026-05-28 18:08:54]     Model: SignalJEPA_PreLocal | Pretrained: from_pretrained | Strategy: new
[2026-05-28 18:08:54]     Normalization: none | fit_scope=none
[2026-05-28 18:08:54]     Phase 1 (new): 2,170/16,010 params
[2026-05-28 18:08:55]     Result | best_epoch=50 | stop=50 | final_phase_epochs=50 | acc=0.3750 | bal_acc=0.3750 | pred_hist=[1, 7] | collapse=False
[2026-05-28 18:08:55]     spatial_conv=[4, 29] top_abs_channels=[('O2', 0.14691937), ('Pz', 0.14672367), ('T3', 0.13167748), ('CP3', 0.12654895), ('T4', 0.1179245), ('O1', 0.11739241), ('C3', 0.11523946), ('CP4', 0.10784979)]
[2026-05-28 18:08:55]     spatial_update=delta_l2=0.12666518 max_abs=0.02110525 relative=0.10613103 changed=True

[2026-05-28 18:08:55] Fold 3/5 | subject=9
[2026-05-28 18:08:55]     Train: 32 | counts=[16, 16]
[2026-05-28 18:08:55]     Test:  8 | counts=[4, 4]
[2026-05-28 18:08:55]     Model: SignalJEPA_PreLocal | Pretrained: from_pretrained | Strategy: new
[2026-05-28 18:08:55]     Normalization: none | fit_scope=none
[2026-05-28 18:08:55]     Phase 1 (new): 2,170/16,010 params
[2026-05-28 18:08:57]     Result | best_epoch=50 | stop=50 | final_phase_epochs=50 | acc=0.3750 | bal_acc=0.3750 | pred_hist=[1, 7] | collapse=False
[2026-05-28 18:08:57]     spatial_conv=[4, 29] top_abs_channels=[('O2', 0.15063867), ('Pz', 0.14403333), ('T3', 0.13329224), ('T4', 0.12493596), ('CP3', 0.12239391), ('O1', 0.11364307), ('CP4', 0.11070433), ('C3', 0.11005198)]
[2026-05-28 18:08:57]     spatial_update=delta_l2=0.13091032 max_abs=0.02094348 relative=0.10968798 changed=True

[2026-05-28 18:08:57] Fold 4/5 | subject=9
[2026-05-28 18:08:57]     Train: 32 | counts=[16, 16]
[2026-05-28 18:08:57]     Test:  8 | counts=[4, 4]
[2026-05-28 18:08:57]     Model: SignalJEPA_PreLocal | Pretrained: from_pretrained | Strategy: new
[2026-05-28 18:08:57]     Normalization: none | fit_scope=none
[2026-05-28 18:08:57]     Phase 1 (new): 2,170/16,010 params
[2026-05-28 18:08:58]     Result | best_epoch=27 | stop=33 | final_phase_epochs=33 | acc=0.5000 | bal_acc=0.5000 | pred_hist=[0, 8] | collapse=True
[2026-05-28 18:08:58]     spatial_conv=[4, 29] top_abs_channels=[('Pz', 0.15487605), ('O2', 0.14618696), ('T3', 0.12481685), ('CP3', 0.12386575), ('T4', 0.12318829), ('O1', 0.12231484), ('C3', 0.11657879), ('CP4', 0.11249235)]
[2026-05-28 18:08:58]     spatial_update=delta_l2=0.06351293 max_abs=0.00924204 relative=0.05321662 changed=True

[2026-05-28 18:08:58] Fold 5/5 | subject=9
[2026-05-28 18:08:58]     Train: 32 | counts=[16, 16]
[2026-05-28 18:08:58]     Test:  8 | counts=[4, 4]
[2026-05-28 18:08:58]     Model: SignalJEPA_PreLocal | Pretrained: from_pretrained | Strategy: new
[2026-05-28 18:08:58]     Normalization: none | fit_scope=none
[2026-05-28 18:08:58]     Phase 1 (new): 2,170/16,010 params
[2026-05-28 18:09:00]     Result | best_epoch=50 | stop=50 | final_phase_epochs=50 | acc=0.3750 | bal_acc=0.3750 | pred_hist=[3, 5] | collapse=False
[2026-05-28 18:09:00]     spatial_conv=[4, 29] top_abs_channels=[('Pz', 0.15591085), ('O2', 0.14649008), ('T3', 0.12484385), ('T4', 0.12351803), ('CP3', 0.12256782), ('O1', 0.12167128), ('C3', 0.11819777), ('P4', 0.1125685)]
[2026-05-28 18:09:00]     spatial_update=delta_l2=0.14003804 max_abs=0.02120847 relative=0.11733597 changed=True
[2026-05-28 18:09:00]   Subject 9: acc=0.4500±0.1000  bal_acc=0.4500±0.1000
[2026-05-28 18:09:00] \nSubject 10: 40 windows | class_counts=[20, 20]

[2026-05-28 18:09:00] Fold 1/5 | subject=10
[2026-05-28 18:09:00]     Train: 32 | counts=[16, 16]
[2026-05-28 18:09:00]     Test:  8 | counts=[4, 4]
[2026-05-28 18:09:00]     Model: SignalJEPA_PreLocal | Pretrained: from_pretrained | Strategy: new
[2026-05-28 18:09:00]     Normalization: none | fit_scope=none
[2026-05-28 18:09:00]     Phase 1 (new): 2,170/16,010 params
[2026-05-28 18:09:00]     Result | best_epoch=1 | stop=11 | final_phase_epochs=11 | acc=0.5000 | bal_acc=0.5000 | pred_hist=[0, 8] | collapse=True
[2026-05-28 18:09:00]     spatial_conv=[4, 29] top_abs_channels=[('Pz', 0.15323901), ('O2', 0.14394137), ('T3', 0.12673479), ('T4', 0.12188756), ('O1', 0.12186214), ('CP3', 0.12112439), ('C3', 0.1152309), ('CP4', 0.11113312)]
[2026-05-28 18:09:00]     spatial_update=delta_l2=0.00430801 max_abs=0.00040001 relative=0.00360962 changed=True

[2026-05-28 18:09:01] Fold 2/5 | subject=10
[2026-05-28 18:09:01]     Train: 32 | counts=[16, 16]
[2026-05-28 18:09:01]     Test:  8 | counts=[4, 4]
[2026-05-28 18:09:01]     Model: SignalJEPA_PreLocal | Pretrained: from_pretrained | Strategy: new
[2026-05-28 18:09:01]     Normalization: none | fit_scope=none
[2026-05-28 18:09:01]     Phase 1 (new): 2,170/16,010 params
[2026-05-28 18:09:01]     Result | best_epoch=4 | stop=11 | final_phase_epochs=11 | acc=0.5000 | bal_acc=0.5000 | pred_hist=[0, 8] | collapse=True
[2026-05-28 18:09:01]     spatial_conv=[4, 29] top_abs_channels=[('Pz', 0.15303902), ('O2', 0.1437414), ('T3', 0.12673479), ('O1', 0.12206212), ('T4', 0.1218876), ('CP3', 0.12132437), ('C3', 0.11503094), ('CP4', 0.11113312)]
[2026-05-28 18:09:01]     spatial_update=delta_l2=0.00430802 max_abs=0.00040001 relative=0.00360963 changed=True

[2026-05-28 18:09:02] Fold 3/5 | subject=10
[2026-05-28 18:09:02]     Train: 32 | counts=[16, 16]
[2026-05-28 18:09:02]     Test:  8 | counts=[4, 4]
[2026-05-28 18:09:02]     Model: SignalJEPA_PreLocal | Pretrained: from_pretrained | Strategy: new
[2026-05-28 18:09:02]     Normalization: none | fit_scope=none
[2026-05-28 18:09:02]     Phase 1 (new): 2,170/16,010 params
[2026-05-28 18:09:03]     Result | best_epoch=50 | stop=50 | final_phase_epochs=50 | acc=0.2500 | bal_acc=0.2500 | pred_hist=[4, 4] | collapse=False
[2026-05-28 18:09:03]     spatial_conv=[4, 29] top_abs_channels=[('Pz', 0.14807832), ('O2', 0.14162755), ('CP3', 0.13713489), ('T3', 0.12654242), ('O1', 0.12599038), ('T4', 0.1221038), ('P3', 0.11429437), ('CP4', 0.10932966)]
[2026-05-28 18:09:03]     spatial_update=delta_l2=0.12388489 max_abs=0.02137693 relative=0.10380147 changed=True

[2026-05-28 18:09:03] Fold 4/5 | subject=10
[2026-05-28 18:09:03]     Train: 32 | counts=[16, 16]
[2026-05-28 18:09:03]     Test:  8 | counts=[4, 4]
[2026-05-28 18:09:03]     Model: SignalJEPA_PreLocal | Pretrained: from_pretrained | Strategy: new
[2026-05-28 18:09:03]     Normalization: none | fit_scope=none
[2026-05-28 18:09:03]     Phase 1 (new): 2,170/16,010 params
[2026-05-28 18:09:04]     Result | best_epoch=50 | stop=50 | final_phase_epochs=50 | acc=0.5000 | bal_acc=0.5000 | pred_hist=[2, 6] | collapse=False
[2026-05-28 18:09:04]     spatial_conv=[4, 29] top_abs_channels=[('Pz', 0.15138446), ('O2', 0.13586302), ('CP3', 0.12699156), ('T3', 0.12524481), ('T4', 0.12257299), ('O1', 0.12178775), ('CP4', 0.11667868), ('T5', 0.11294945)]
[2026-05-28 18:09:04]     spatial_update=delta_l2=0.12848001 max_abs=0.02050768 relative=0.10765165 changed=True

[2026-05-28 18:09:05] Fold 5/5 | subject=10
[2026-05-28 18:09:05]     Train: 32 | counts=[16, 16]
[2026-05-28 18:09:05]     Test:  8 | counts=[4, 4]
[2026-05-28 18:09:05]     Model: SignalJEPA_PreLocal | Pretrained: from_pretrained | Strategy: new
[2026-05-28 18:09:05]     Normalization: none | fit_scope=none
[2026-05-28 18:09:05]     Phase 1 (new): 2,170/16,010 params
[2026-05-28 18:09:06]     Result | best_epoch=50 | stop=50 | final_phase_epochs=50 | acc=0.3750 | bal_acc=0.3750 | pred_hist=[3, 5] | collapse=False
[2026-05-28 18:09:06]     spatial_conv=[4, 29] top_abs_channels=[('Pz', 0.14695755), ('O2', 0.14296737), ('CP3', 0.13134457), ('T3', 0.13053672), ('T4', 0.12331335), ('CP4', 0.11753543), ('O1', 0.11627083), ('C3', 0.11078655)]
[2026-05-28 18:09:06]     spatial_update=delta_l2=0.12583895 max_abs=0.02158354 relative=0.10543875 changed=True
[2026-05-28 18:09:06]   Subject 10: acc=0.4250±0.1000  bal_acc=0.4250±0.1000
[2026-05-28 18:09:06] \nSubject 11: 40 windows | class_counts=[20, 20]

[2026-05-28 18:09:06] Fold 1/5 | subject=11
[2026-05-28 18:09:06]     Train: 32 | counts=[16, 16]
[2026-05-28 18:09:06]     Test:  8 | counts=[4, 4]
[2026-05-28 18:09:06]     Model: SignalJEPA_PreLocal | Pretrained: from_pretrained | Strategy: new
[2026-05-28 18:09:06]     Normalization: none | fit_scope=none
[2026-05-28 18:09:06]     Phase 1 (new): 2,170/16,010 params
[2026-05-28 18:09:07]     Result | best_epoch=1 | stop=11 | final_phase_epochs=11 | acc=0.5000 | bal_acc=0.5000 | pred_hist=[0, 8] | collapse=True
[2026-05-28 18:09:07]     spatial_conv=[4, 29] top_abs_channels=[('Pz', 0.15303901), ('O2', 0.14434133), ('T3', 0.12693477), ('T4', 0.12228759), ('O1', 0.12186213), ('CP3', 0.12132439), ('C3', 0.1152309), ('CP4', 0.11093313)]
[2026-05-28 18:09:07]     spatial_update=delta_l2=0.00430800 max_abs=0.00040000 relative=0.00360961 changed=True

[2026-05-28 18:09:07] Fold 2/5 | subject=11
[2026-05-28 18:09:07]     Train: 32 | counts=[16, 16]
[2026-05-28 18:09:07]     Test:  8 | counts=[4, 4]
[2026-05-28 18:09:07]     Model: SignalJEPA_PreLocal | Pretrained: from_pretrained | Strategy: new
[2026-05-28 18:09:07]     Normalization: none | fit_scope=none
[2026-05-28 18:09:07]     Phase 1 (new): 2,170/16,010 params
[2026-05-28 18:09:07]     Result | best_epoch=5 | stop=13 | final_phase_epochs=13 | acc=0.5000 | bal_acc=0.5000 | pred_hist=[0, 8] | collapse=True
[2026-05-28 18:09:07]     spatial_conv=[4, 29] top_abs_channels=[('Pz', 0.15307415), ('O2', 0.1438373), ('T3', 0.1275762), ('T4', 0.1220544), ('O1', 0.12137529), ('CP3', 0.12124775), ('C3', 0.11527012), ('CP4', 0.11038812)]
[2026-05-28 18:09:07]     spatial_update=delta_l2=0.01085444 max_abs=0.00120145 relative=0.00909479 changed=True

[2026-05-28 18:09:08] Fold 3/5 | subject=11
[2026-05-28 18:09:08]     Train: 32 | counts=[16, 16]
[2026-05-28 18:09:08]     Test:  8 | counts=[4, 4]
[2026-05-28 18:09:08]     Model: SignalJEPA_PreLocal | Pretrained: from_pretrained | Strategy: new
[2026-05-28 18:09:08]     Normalization: none | fit_scope=none
[2026-05-28 18:09:08]     Phase 1 (new): 2,170/16,010 params
[2026-05-28 18:09:08]     Result | best_epoch=28 | stop=28 | final_phase_epochs=28 | acc=0.5000 | bal_acc=0.5000 | pred_hist=[0, 8] | collapse=True
[2026-05-28 18:09:08]     spatial_conv=[4, 29] top_abs_channels=[('Pz', 0.15484345), ('O2', 0.14263931), ('T3', 0.13133647), ('CP3', 0.12578666), ('T4', 0.12234907), ('O1', 0.1211851), ('C3', 0.11704981), ('CP4', 0.11038774)]
[2026-05-28 18:09:08]     spatial_update=delta_l2=0.05403072 max_abs=0.00733974 relative=0.04527161 changed=True

[2026-05-28 18:09:09] Fold 4/5 | subject=11
[2026-05-28 18:09:09]     Train: 32 | counts=[16, 16]
[2026-05-28 18:09:09]     Test:  8 | counts=[4, 4]
[2026-05-28 18:09:09]     Model: SignalJEPA_PreLocal | Pretrained: from_pretrained | Strategy: new
[2026-05-28 18:09:09]     Normalization: none | fit_scope=none
[2026-05-28 18:09:09]     Phase 1 (new): 2,170/16,010 params
[2026-05-28 18:09:09]     Result | best_epoch=2 | stop=11 | final_phase_epochs=11 | acc=0.5000 | bal_acc=0.5000 | pred_hist=[0, 8] | collapse=True
[2026-05-28 18:09:09]     spatial_conv=[4, 29] top_abs_channels=[('Pz', 0.15303901), ('O2', 0.14414138), ('T3', 0.12673478), ('T4', 0.12208759), ('O1', 0.12206212), ('CP3', 0.12152439), ('C3', 0.1152309), ('CP4', 0.11073314)]
[2026-05-28 18:09:09]     spatial_update=delta_l2=0.00430790 max_abs=0.00040000 relative=0.00360953 changed=True

[2026-05-28 18:09:10] Fold 5/5 | subject=11
[2026-05-28 18:09:10]     Train: 32 | counts=[16, 16]
[2026-05-28 18:09:10]     Test:  8 | counts=[4, 4]
[2026-05-28 18:09:10]     Model: SignalJEPA_PreLocal | Pretrained: from_pretrained | Strategy: new
[2026-05-28 18:09:10]     Normalization: none | fit_scope=none
[2026-05-28 18:09:10]     Phase 1 (new): 2,170/16,010 params
[2026-05-28 18:09:10]     Result | best_epoch=1 | stop=11 | final_phase_epochs=11 | acc=0.5000 | bal_acc=0.5000 | pred_hist=[0, 8] | collapse=True
[2026-05-28 18:09:10]     spatial_conv=[4, 29] top_abs_channels=[('Pz', 0.152839), ('O2', 0.14414138), ('T3', 0.12693478), ('O1', 0.12206212), ('T4', 0.12188759), ('CP3', 0.12132438), ('C3', 0.11503076), ('CP4', 0.11073314)]
[2026-05-28 18:09:10]     spatial_update=delta_l2=0.00430797 max_abs=0.00040001 relative=0.00360959 changed=True
[2026-05-28 18:09:10]   Subject 11: acc=0.5000±0.0000  bal_acc=0.5000±0.0000
[2026-05-28 18:09:10] \nSubject 12: 40 windows | class_counts=[20, 20]

[2026-05-28 18:09:10] Fold 1/5 | subject=12
[2026-05-28 18:09:10]     Train: 32 | counts=[16, 16]
[2026-05-28 18:09:10]     Test:  8 | counts=[4, 4]
[2026-05-28 18:09:10]     Model: SignalJEPA_PreLocal | Pretrained: from_pretrained | Strategy: new
[2026-05-28 18:09:10]     Normalization: none | fit_scope=none
[2026-05-28 18:09:10]     Phase 1 (new): 2,170/16,010 params
[2026-05-28 18:09:10]     Result | best_epoch=1 | stop=11 | final_phase_epochs=11 | acc=0.5000 | bal_acc=0.5000 | pred_hist=[0, 8] | collapse=True
[2026-05-28 18:09:10]     spatial_conv=[4, 29] top_abs_channels=[('Pz', 0.15323901), ('O2', 0.14414138), ('T3', 0.12653479), ('T4', 0.12228766), ('O1', 0.12166266), ('CP3', 0.12132439), ('C3', 0.11503106), ('CP4', 0.11093313)]
[2026-05-28 18:09:10]     spatial_update=delta_l2=0.00430768 max_abs=0.00040000 relative=0.00360935 changed=True

[2026-05-28 18:09:11] Fold 2/5 | subject=12
[2026-05-28 18:09:11]     Train: 32 | counts=[16, 16]
[2026-05-28 18:09:11]     Test:  8 | counts=[4, 4]
[2026-05-28 18:09:11]     Model: SignalJEPA_PreLocal | Pretrained: from_pretrained | Strategy: new
[2026-05-28 18:09:11]     Normalization: none | fit_scope=none
[2026-05-28 18:09:11]     Phase 1 (new): 2,170/16,010 params
[2026-05-28 18:09:11]     Result | best_epoch=2 | stop=11 | final_phase_epochs=11 | acc=0.5000 | bal_acc=0.5000 | pred_hist=[0, 8] | collapse=True
[2026-05-28 18:09:11]     spatial_conv=[4, 29] top_abs_channels=[('Pz', 0.15303901), ('O2', 0.14414138), ('T3', 0.12653482), ('T4', 0.12188776), ('CP3', 0.12152439), ('O1', 0.12146214), ('C3', 0.11503091), ('CP4', 0.11093313)]
[2026-05-28 18:09:11]     spatial_update=delta_l2=0.00430795 max_abs=0.00040001 relative=0.00360957 changed=True

[2026-05-28 18:09:12] Fold 3/5 | subject=12
[2026-05-28 18:09:12]     Train: 32 | counts=[16, 16]
[2026-05-28 18:09:12]     Test:  8 | counts=[4, 4]
[2026-05-28 18:09:12]     Model: SignalJEPA_PreLocal | Pretrained: from_pretrained | Strategy: new
[2026-05-28 18:09:12]     Normalization: none | fit_scope=none
[2026-05-28 18:09:12]     Phase 1 (new): 2,170/16,010 params
[2026-05-28 18:09:13]     Result | best_epoch=50 | stop=50 | final_phase_epochs=50 | acc=0.3750 | bal_acc=0.3750 | pred_hist=[3, 5] | collapse=False
[2026-05-28 18:09:13]     spatial_conv=[4, 29] top_abs_channels=[('O2', 0.15354767), ('Pz', 0.15230292), ('CP3', 0.13215567), ('T3', 0.12217126), ('T4', 0.11945806), ('O1', 0.11505064), ('C3', 0.11278896), ('CP4', 0.11183636)]
[2026-05-28 18:09:13]     spatial_update=delta_l2=0.12873427 max_abs=0.02046191 relative=0.10786470 changed=True

[2026-05-28 18:09:13] Fold 4/5 | subject=12
[2026-05-28 18:09:13]     Train: 32 | counts=[16, 16]
[2026-05-28 18:09:13]     Test:  8 | counts=[4, 4]
[2026-05-28 18:09:13]     Model: SignalJEPA_PreLocal | Pretrained: from_pretrained | Strategy: new
[2026-05-28 18:09:13]     Normalization: none | fit_scope=none
[2026-05-28 18:09:13]     Phase 1 (new): 2,170/16,010 params
[2026-05-28 18:09:13]     Result | best_epoch=1 | stop=11 | final_phase_epochs=11 | acc=0.5000 | bal_acc=0.5000 | pred_hist=[0, 8] | collapse=True
[2026-05-28 18:09:13]     spatial_conv=[4, 29] top_abs_channels=[('Pz', 0.15303901), ('O2', 0.14394137), ('T3', 0.12633479), ('T4', 0.12228758), ('O1', 0.12186213), ('CP3', 0.12112443), ('C3', 0.11503091), ('CP4', 0.11073317)]
[2026-05-28 18:09:13]     spatial_update=delta_l2=0.00430802 max_abs=0.00040001 relative=0.00360963 changed=True

[2026-05-28 18:09:14] Fold 5/5 | subject=12
[2026-05-28 18:09:14]     Train: 32 | counts=[16, 16]
[2026-05-28 18:09:14]     Test:  8 | counts=[4, 4]
[2026-05-28 18:09:14]     Model: SignalJEPA_PreLocal | Pretrained: from_pretrained | Strategy: new
[2026-05-28 18:09:14]     Normalization: none | fit_scope=none
[2026-05-28 18:09:14]     Phase 1 (new): 2,170/16,010 params
[2026-05-28 18:09:15]     Result | best_epoch=50 | stop=50 | final_phase_epochs=50 | acc=0.3750 | bal_acc=0.3750 | pred_hist=[7, 1] | collapse=False
[2026-05-28 18:09:15]     spatial_conv=[4, 29] top_abs_channels=[('Pz', 0.15692052), ('O2', 0.14113964), ('CP3', 0.13214047), ('T4', 0.11820354), ('O1', 0.11722995), ('T3', 0.1120798), ('C3', 0.11126557), ('CP4', 0.11059635)]
[2026-05-28 18:09:15]     spatial_update=delta_l2=0.12714621 max_abs=0.02164197 relative=0.10653408 changed=True
[2026-05-28 18:09:15]   Subject 12: acc=0.4500±0.0612  bal_acc=0.4500±0.0612
[2026-05-28 18:09:15] \nSubject 13: 40 windows | class_counts=[20, 20]

[2026-05-28 18:09:16] Fold 1/5 | subject=13
[2026-05-28 18:09:16]     Train: 32 | counts=[16, 16]
[2026-05-28 18:09:16]     Test:  8 | counts=[4, 4]
[2026-05-28 18:09:16]     Model: SignalJEPA_PreLocal | Pretrained: from_pretrained | Strategy: new
[2026-05-28 18:09:16]     Normalization: none | fit_scope=none
[2026-05-28 18:09:16]     Phase 1 (new): 2,170/16,010 params
[2026-05-28 18:09:16]     Result | best_epoch=1 | stop=11 | final_phase_epochs=11 | acc=0.6250 | bal_acc=0.6250 | pred_hist=[1, 7] | collapse=False
[2026-05-28 18:09:16]     spatial_conv=[4, 29] top_abs_channels=[('Pz', 0.15303901), ('O2', 0.14394137), ('T3', 0.12653479), ('T4', 0.12248757), ('O1', 0.12226211), ('CP3', 0.12112439), ('C3', 0.11523083), ('CP4', 0.11093313)]
[2026-05-28 18:09:16]     spatial_update=delta_l2=0.00430771 max_abs=0.00040000 relative=0.00360937 changed=True

[2026-05-28 18:09:17] Fold 2/5 | subject=13
[2026-05-28 18:09:17]     Train: 32 | counts=[16, 16]
[2026-05-28 18:09:17]     Test:  8 | counts=[4, 4]
[2026-05-28 18:09:17]     Model: SignalJEPA_PreLocal | Pretrained: from_pretrained | Strategy: new
[2026-05-28 18:09:17]     Normalization: none | fit_scope=none
[2026-05-28 18:09:17]     Phase 1 (new): 2,170/16,010 params
[2026-05-28 18:09:17]     Result | best_epoch=2 | stop=11 | final_phase_epochs=11 | acc=0.5000 | bal_acc=0.5000 | pred_hist=[0, 8] | collapse=True
[2026-05-28 18:09:17]     spatial_conv=[4, 29] top_abs_channels=[('Pz', 0.15303901), ('O2', 0.14394137), ('T3', 0.12673479), ('T4', 0.12248757), ('O1', 0.12226211), ('CP3', 0.12112439), ('C3', 0.1152309), ('CP4', 0.11093313)]
[2026-05-28 18:09:17]     spatial_update=delta_l2=0.00430799 max_abs=0.00040000 relative=0.00360961 changed=True

[2026-05-28 18:09:17] Fold 3/5 | subject=13
[2026-05-28 18:09:17]     Train: 32 | counts=[16, 16]
[2026-05-28 18:09:17]     Test:  8 | counts=[4, 4]
[2026-05-28 18:09:17]     Model: SignalJEPA_PreLocal | Pretrained: from_pretrained | Strategy: new
[2026-05-28 18:09:17]     Normalization: none | fit_scope=none
[2026-05-28 18:09:17]     Phase 1 (new): 2,170/16,010 params
[2026-05-28 18:09:19]     Result | best_epoch=49 | stop=50 | final_phase_epochs=50 | acc=0.8750 | bal_acc=0.8750 | pred_hist=[5, 3] | collapse=False
[2026-05-28 18:09:19]     spatial_conv=[4, 29] top_abs_channels=[('Pz', 0.16410702), ('O2', 0.14208817), ('O1', 0.13354416), ('T4', 0.12197545), ('T3', 0.11876947), ('P4', 0.11519082), ('Fp1', 0.11491367), ('CP3', 0.11265555)]
[2026-05-28 18:09:19]     spatial_update=delta_l2=0.14809163 max_abs=0.02167159 relative=0.12408397 changed=True

[2026-05-28 18:09:19] Fold 4/5 | subject=13
[2026-05-28 18:09:19]     Train: 32 | counts=[16, 16]
[2026-05-28 18:09:19]     Test:  8 | counts=[4, 4]
[2026-05-28 18:09:19]     Model: SignalJEPA_PreLocal | Pretrained: from_pretrained | Strategy: new
[2026-05-28 18:09:19]     Normalization: none | fit_scope=none
[2026-05-28 18:09:19]     Phase 1 (new): 2,170/16,010 params
[2026-05-28 18:09:20]     Result | best_epoch=1 | stop=11 | final_phase_epochs=11 | acc=0.5000 | bal_acc=0.5000 | pred_hist=[0, 8] | collapse=True
[2026-05-28 18:09:20]     spatial_conv=[4, 29] top_abs_channels=[('Pz', 0.1534389), ('O2', 0.14394146), ('T3', 0.1265348), ('T4', 0.12208761), ('O1', 0.12206212), ('CP3', 0.12112439), ('C3', 0.11523089), ('CP4', 0.11093313)]
[2026-05-28 18:09:20]     spatial_update=delta_l2=0.00430786 max_abs=0.00040000 relative=0.00360950 changed=True

[2026-05-28 18:09:20] Fold 5/5 | subject=13
[2026-05-28 18:09:20]     Train: 32 | counts=[16, 16]
[2026-05-28 18:09:20]     Test:  8 | counts=[4, 4]
[2026-05-28 18:09:20]     Model: SignalJEPA_PreLocal | Pretrained: from_pretrained | Strategy: new
[2026-05-28 18:09:20]     Normalization: none | fit_scope=none
[2026-05-28 18:09:20]     Phase 1 (new): 2,170/16,010 params
[2026-05-28 18:09:20]     Result | best_epoch=1 | stop=11 | final_phase_epochs=11 | acc=0.3750 | bal_acc=0.3750 | pred_hist=[1, 7] | collapse=False
[2026-05-28 18:09:20]     spatial_conv=[4, 29] top_abs_channels=[('Pz', 0.15303904), ('O2', 0.14394137), ('T3', 0.12673476), ('T4', 0.12228762), ('O1', 0.12206212), ('CP3', 0.12112439), ('C3', 0.11543088), ('CP4', 0.11113313)]
[2026-05-28 18:09:20]     spatial_update=delta_l2=0.00430794 max_abs=0.00040000 relative=0.00360956 changed=True
[2026-05-28 18:09:20]   Subject 13: acc=0.5750±0.1696  bal_acc=0.5750±0.1696
[2026-05-28 18:09:20] \nSubject 14: 40 windows | class_counts=[20, 20]

[2026-05-28 18:09:21] Fold 1/5 | subject=14
[2026-05-28 18:09:21]     Train: 32 | counts=[16, 16]
[2026-05-28 18:09:21]     Test:  8 | counts=[4, 4]
[2026-05-28 18:09:21]     Model: SignalJEPA_PreLocal | Pretrained: from_pretrained | Strategy: new
[2026-05-28 18:09:21]     Normalization: none | fit_scope=none
[2026-05-28 18:09:21]     Phase 1 (new): 2,170/16,010 params
[2026-05-28 18:09:21]     Result | best_epoch=1 | stop=11 | final_phase_epochs=11 | acc=0.6250 | bal_acc=0.6250 | pred_hist=[1, 7] | collapse=False
[2026-05-28 18:09:21]     spatial_conv=[4, 29] top_abs_channels=[('Pz', 0.15283902), ('O2', 0.14434138), ('T3', 0.12633479), ('T4', 0.12208759), ('O1', 0.12186213), ('CP3', 0.12112445), ('C3', 0.1152309), ('CP4', 0.11073313)]
[2026-05-28 18:09:21]     spatial_update=delta_l2=0.00430798 max_abs=0.00040000 relative=0.00360960 changed=True

[2026-05-28 18:09:21] Fold 2/5 | subject=14
[2026-05-28 18:09:21]     Train: 32 | counts=[16, 16]
[2026-05-28 18:09:21]     Test:  8 | counts=[4, 4]
[2026-05-28 18:09:21]     Model: SignalJEPA_PreLocal | Pretrained: from_pretrained | Strategy: new
[2026-05-28 18:09:21]     Normalization: none | fit_scope=none
[2026-05-28 18:09:21]     Phase 1 (new): 2,170/16,010 params
[2026-05-28 18:09:23]     Result | best_epoch=50 | stop=50 | final_phase_epochs=50 | acc=0.6250 | bal_acc=0.6250 | pred_hist=[5, 3] | collapse=False
[2026-05-28 18:09:23]     spatial_conv=[4, 29] top_abs_channels=[('O2', 0.14509946), ('Pz', 0.14224827), ('O1', 0.12619595), ('CP3', 0.12229571), ('T3', 0.11767937), ('T4', 0.11544056), ('CP4', 0.11446069), ('C3', 0.11335089)]
[2026-05-28 18:09:23]     spatial_update=delta_l2=0.12940266 max_abs=0.02101262 relative=0.10842473 changed=True

[2026-05-28 18:09:23] Fold 3/5 | subject=14
[2026-05-28 18:09:23]     Train: 32 | counts=[16, 16]
[2026-05-28 18:09:23]     Test:  8 | counts=[4, 4]
[2026-05-28 18:09:23]     Model: SignalJEPA_PreLocal | Pretrained: from_pretrained | Strategy: new
[2026-05-28 18:09:23]     Normalization: none | fit_scope=none
[2026-05-28 18:09:23]     Phase 1 (new): 2,170/16,010 params
[2026-05-28 18:09:23]     Result | best_epoch=6 | stop=11 | final_phase_epochs=11 | acc=0.5000 | bal_acc=0.5000 | pred_hist=[0, 8] | collapse=True
[2026-05-28 18:09:23]     spatial_conv=[4, 29] top_abs_channels=[('Pz', 0.15263903), ('O2', 0.14414138), ('T3', 0.12633479), ('T4', 0.12208759), ('O1', 0.12206209), ('CP3', 0.12152438), ('C3', 0.11543088), ('CP4', 0.11073314)]
[2026-05-28 18:09:23]     spatial_update=delta_l2=0.00430798 max_abs=0.00040000 relative=0.00360960 changed=True

[2026-05-28 18:09:24] Fold 4/5 | subject=14
[2026-05-28 18:09:24]     Train: 32 | counts=[16, 16]
[2026-05-28 18:09:24]     Test:  8 | counts=[4, 4]
[2026-05-28 18:09:24]     Model: SignalJEPA_PreLocal | Pretrained: from_pretrained | Strategy: new
[2026-05-28 18:09:24]     Normalization: none | fit_scope=none
[2026-05-28 18:09:24]     Phase 1 (new): 2,170/16,010 params
[2026-05-28 18:09:24]     Result | best_epoch=1 | stop=11 | final_phase_epochs=11 | acc=0.5000 | bal_acc=0.5000 | pred_hist=[0, 8] | collapse=True
[2026-05-28 18:09:24]     spatial_conv=[4, 29] top_abs_channels=[('Pz', 0.15263903), ('O2', 0.14414129), ('T3', 0.1263348), ('T4', 0.12208759), ('O1', 0.12206212), ('CP3', 0.12112439), ('C3', 0.1152309), ('CP4', 0.11073312)]
[2026-05-28 18:09:24]     spatial_update=delta_l2=0.00430794 max_abs=0.00040000 relative=0.00360956 changed=True

[2026-05-28 18:09:25] Fold 5/5 | subject=14
[2026-05-28 18:09:25]     Train: 32 | counts=[16, 16]
[2026-05-28 18:09:25]     Test:  8 | counts=[4, 4]
[2026-05-28 18:09:25]     Model: SignalJEPA_PreLocal | Pretrained: from_pretrained | Strategy: new
[2026-05-28 18:09:25]     Normalization: none | fit_scope=none
[2026-05-28 18:09:25]     Phase 1 (new): 2,170/16,010 params
[2026-05-28 18:09:25]     Result | best_epoch=4 | stop=11 | final_phase_epochs=11 | acc=0.5000 | bal_acc=0.5000 | pred_hist=[0, 8] | collapse=True
[2026-05-28 18:09:25]     spatial_conv=[4, 29] top_abs_channels=[('Pz', 0.15303904), ('O2', 0.14414138), ('T3', 0.12633479), ('O1', 0.12226211), ('T4', 0.12188759), ('CP3', 0.1209244), ('C3', 0.1152309), ('CP4', 0.11113312)]
[2026-05-28 18:09:25]     spatial_update=delta_l2=0.00430739 max_abs=0.00040000 relative=0.00360910 changed=True
[2026-05-28 18:09:25]   Subject 14: acc=0.5500±0.0612  bal_acc=0.5500±0.0612
[2026-05-28 18:09:25] \nSubject 15: 40 windows | class_counts=[20, 20]

[2026-05-28 18:09:25] Fold 1/5 | subject=15
[2026-05-28 18:09:25]     Train: 32 | counts=[16, 16]
[2026-05-28 18:09:25]     Test:  8 | counts=[4, 4]
[2026-05-28 18:09:25]     Model: SignalJEPA_PreLocal | Pretrained: from_pretrained | Strategy: new
[2026-05-28 18:09:25]     Normalization: none | fit_scope=none
[2026-05-28 18:09:25]     Phase 1 (new): 2,170/16,010 params
[2026-05-28 18:09:27]     Result | best_epoch=50 | stop=50 | final_phase_epochs=50 | acc=0.3750 | bal_acc=0.3750 | pred_hist=[1, 7] | collapse=False
[2026-05-28 18:09:27]     spatial_conv=[4, 29] top_abs_channels=[('Pz', 0.15572116), ('O2', 0.14128928), ('T3', 0.13343066), ('T4', 0.12152477), ('CP3', 0.11886857), ('C3', 0.11558384), ('O1', 0.11222806), ('Fz', 0.11020137)]
[2026-05-28 18:09:27]     spatial_update=delta_l2=0.13726808 max_abs=0.02201211 relative=0.11501506 changed=True

[2026-05-28 18:09:27] Fold 2/5 | subject=15
[2026-05-28 18:09:27]     Train: 32 | counts=[16, 16]
[2026-05-28 18:09:27]     Test:  8 | counts=[4, 4]
[2026-05-28 18:09:27]     Model: SignalJEPA_PreLocal | Pretrained: from_pretrained | Strategy: new
[2026-05-28 18:09:27]     Normalization: none | fit_scope=none
[2026-05-28 18:09:27]     Phase 1 (new): 2,170/16,010 params
[2026-05-28 18:09:27]     Result | best_epoch=10 | stop=20 | final_phase_epochs=20 | acc=0.5000 | bal_acc=0.5000 | pred_hist=[0, 8] | collapse=True
[2026-05-28 18:09:27]     spatial_conv=[4, 29] top_abs_channels=[('Pz', 0.1534439), ('O2', 0.1436002), ('T3', 0.12729257), ('CP3', 0.1208456), ('O1', 0.12068923), ('T4', 0.12020664), ('C3', 0.11701557), ('CP4', 0.10982574)]
[2026-05-28 18:09:27]     spatial_update=delta_l2=0.03009830 max_abs=0.00398342 relative=0.02521896 changed=True

[2026-05-28 18:09:28] Fold 3/5 | subject=15
[2026-05-28 18:09:28]     Train: 32 | counts=[16, 16]
[2026-05-28 18:09:28]     Test:  8 | counts=[4, 4]
[2026-05-28 18:09:28]     Model: SignalJEPA_PreLocal | Pretrained: from_pretrained | Strategy: new
[2026-05-28 18:09:28]     Normalization: none | fit_scope=none
[2026-05-28 18:09:28]     Phase 1 (new): 2,170/16,010 params
[2026-05-28 18:09:29]     Result | best_epoch=30 | stop=37 | final_phase_epochs=37 | acc=0.5000 | bal_acc=0.5000 | pred_hist=[0, 8] | collapse=True
[2026-05-28 18:09:29]     spatial_conv=[4, 29] top_abs_channels=[('Pz', 0.1499624), ('O2', 0.14583464), ('O1', 0.12231532), ('T3', 0.12224808), ('CP3', 0.11912341), ('T4', 0.11910415), ('C3', 0.11822428), ('Fp1', 0.10952038)]
[2026-05-28 18:09:29]     spatial_update=delta_l2=0.07749679 max_abs=0.01101167 relative=0.06493350 changed=True

[2026-05-28 18:09:29] Fold 4/5 | subject=15
[2026-05-28 18:09:29]     Train: 32 | counts=[16, 16]
[2026-05-28 18:09:29]     Test:  8 | counts=[4, 4]
[2026-05-28 18:09:29]     Model: SignalJEPA_PreLocal | Pretrained: from_pretrained | Strategy: new
[2026-05-28 18:09:29]     Normalization: none | fit_scope=none
[2026-05-28 18:09:29]     Phase 1 (new): 2,170/16,010 params
[2026-05-28 18:09:31]     Result | best_epoch=50 | stop=50 | final_phase_epochs=50 | acc=0.6250 | bal_acc=0.6250 | pred_hist=[1, 7] | collapse=False
[2026-05-28 18:09:31]     spatial_conv=[4, 29] top_abs_channels=[('Pz', 0.15468296), ('O2', 0.13149972), ('CP3', 0.12766232), ('T3', 0.12457966), ('T4', 0.12136404), ('C3', 0.11981736), ('O1', 0.10971167), ('Fz', 0.10894264)]
[2026-05-28 18:09:31]     spatial_update=delta_l2=0.12913798 max_abs=0.02105726 relative=0.10820296 changed=True

[2026-05-28 18:09:31] Fold 5/5 | subject=15
[2026-05-28 18:09:31]     Train: 32 | counts=[16, 16]
[2026-05-28 18:09:31]     Test:  8 | counts=[4, 4]
[2026-05-28 18:09:31]     Model: SignalJEPA_PreLocal | Pretrained: from_pretrained | Strategy: new
[2026-05-28 18:09:31]     Normalization: none | fit_scope=none
[2026-05-28 18:09:31]     Phase 1 (new): 2,170/16,010 params
[2026-05-28 18:09:31]     Result | best_epoch=10 | stop=14 | final_phase_epochs=14 | acc=0.5000 | bal_acc=0.5000 | pred_hist=[0, 8] | collapse=True
[2026-05-28 18:09:31]     spatial_conv=[4, 29] top_abs_channels=[('Pz', 0.1528798), ('O2', 0.14411935), ('T3', 0.126839), ('T4', 0.1217818), ('CP3', 0.12145723), ('O1', 0.12116837), ('C3', 0.1152481), ('CP4', 0.11068274)]
[2026-05-28 18:09:31]     spatial_update=delta_l2=0.01297397 max_abs=0.00159906 relative=0.01087071 changed=True
[2026-05-28 18:09:31]   Subject 15: acc=0.5000±0.0791  bal_acc=0.5000±0.0791
[2026-05-28 18:09:31] \nSubject 16: 40 windows | class_counts=[20, 20]

[2026-05-28 18:09:32] Fold 1/5 | subject=16
[2026-05-28 18:09:32]     Train: 32 | counts=[16, 16]
[2026-05-28 18:09:32]     Test:  8 | counts=[4, 4]
[2026-05-28 18:09:32]     Model: SignalJEPA_PreLocal | Pretrained: from_pretrained | Strategy: new
[2026-05-28 18:09:32]     Normalization: none | fit_scope=none
[2026-05-28 18:09:32]     Phase 1 (new): 2,170/16,010 params
[2026-05-28 18:09:32]     Result | best_epoch=1 | stop=11 | final_phase_epochs=11 | acc=0.5000 | bal_acc=0.5000 | pred_hist=[0, 8] | collapse=True
[2026-05-28 18:09:32]     spatial_conv=[4, 29] top_abs_channels=[('Pz', 0.15283903), ('O2', 0.14434136), ('T3', 0.12653479), ('T4', 0.12248758), ('O1', 0.12146214), ('CP3', 0.1209244), ('C3', 0.11543091), ('CP4', 0.11113313)]
[2026-05-28 18:09:32]     spatial_update=delta_l2=0.00430795 max_abs=0.00040000 relative=0.00360957 changed=True

[2026-05-28 18:09:32] Fold 2/5 | subject=16
[2026-05-28 18:09:32]     Train: 32 | counts=[16, 16]
[2026-05-28 18:09:32]     Test:  8 | counts=[4, 4]
[2026-05-28 18:09:32]     Model: SignalJEPA_PreLocal | Pretrained: from_pretrained | Strategy: new
[2026-05-28 18:09:32]     Normalization: none | fit_scope=none
[2026-05-28 18:09:32]     Phase 1 (new): 2,170/16,010 params
[2026-05-28 18:09:33]     Result | best_epoch=1 | stop=11 | final_phase_epochs=11 | acc=0.5000 | bal_acc=0.5000 | pred_hist=[0, 8] | collapse=True
[2026-05-28 18:09:33]     spatial_conv=[4, 29] top_abs_channels=[('Pz', 0.152839), ('O2', 0.14414138), ('T3', 0.12673478), ('T4', 0.12228759), ('O1', 0.12146214), ('CP3', 0.1209244), ('C3', 0.1152309), ('CP4', 0.11133312)]
[2026-05-28 18:09:33]     spatial_update=delta_l2=0.00430797 max_abs=0.00040000 relative=0.00360959 changed=True

[2026-05-28 18:09:33] Fold 3/5 | subject=16
[2026-05-28 18:09:33]     Train: 32 | counts=[16, 16]
[2026-05-28 18:09:33]     Test:  8 | counts=[4, 4]
[2026-05-28 18:09:33]     Model: SignalJEPA_PreLocal | Pretrained: from_pretrained | Strategy: new
[2026-05-28 18:09:33]     Normalization: none | fit_scope=none
[2026-05-28 18:09:33]     Phase 1 (new): 2,170/16,010 params
[2026-05-28 18:09:34]     Result | best_epoch=1 | stop=11 | final_phase_epochs=11 | acc=0.5000 | bal_acc=0.5000 | pred_hist=[0, 8] | collapse=True
[2026-05-28 18:09:34]     spatial_conv=[4, 29] top_abs_channels=[('Pz', 0.15303901), ('O2', 0.14414138), ('T3', 0.12653475), ('T4', 0.12188797), ('O1', 0.12186213), ('CP3', 0.12112439), ('C3', 0.11503091), ('CP4', 0.11093313)]
[2026-05-28 18:09:34]     spatial_update=delta_l2=0.00430776 max_abs=0.00040001 relative=0.00360941 changed=True

[2026-05-28 18:09:34] Fold 4/5 | subject=16
[2026-05-28 18:09:34]     Train: 32 | counts=[16, 16]
[2026-05-28 18:09:34]     Test:  8 | counts=[4, 4]
[2026-05-28 18:09:34]     Model: SignalJEPA_PreLocal | Pretrained: from_pretrained | Strategy: new
[2026-05-28 18:09:34]     Normalization: none | fit_scope=none
[2026-05-28 18:09:34]     Phase 1 (new): 2,170/16,010 params
[2026-05-28 18:09:35]     Result | best_epoch=26 | stop=35 | final_phase_epochs=35 | acc=0.5000 | bal_acc=0.5000 | pred_hist=[0, 8] | collapse=True
[2026-05-28 18:09:35]     spatial_conv=[4, 29] top_abs_channels=[('Pz', 0.15007564), ('O2', 0.14588152), ('T4', 0.12590668), ('T3', 0.12465078), ('CP3', 0.11882984), ('CP4', 0.11777043), ('C3', 0.11665398), ('O1', 0.11383744)]
[2026-05-28 18:09:35]     spatial_update=delta_l2=0.06647101 max_abs=0.01008938 relative=0.05569515 changed=True

[2026-05-28 18:09:35] Fold 5/5 | subject=16
[2026-05-28 18:09:35]     Train: 32 | counts=[16, 16]
[2026-05-28 18:09:35]     Test:  8 | counts=[4, 4]
[2026-05-28 18:09:35]     Model: SignalJEPA_PreLocal | Pretrained: from_pretrained | Strategy: new
[2026-05-28 18:09:35]     Normalization: none | fit_scope=none
[2026-05-28 18:09:35]     Phase 1 (new): 2,170/16,010 params
[2026-05-28 18:09:36]     Result | best_epoch=1 | stop=11 | final_phase_epochs=11 | acc=0.5000 | bal_acc=0.5000 | pred_hist=[0, 8] | collapse=True
[2026-05-28 18:09:36]     spatial_conv=[4, 29] top_abs_channels=[('Pz', 0.152839), ('O2', 0.14434138), ('T3', 0.12653479), ('T4', 0.12188759), ('O1', 0.12186211), ('CP3', 0.12112439), ('C3', 0.1154309), ('CP4', 0.11113314)]
[2026-05-28 18:09:36]     spatial_update=delta_l2=0.00430799 max_abs=0.00040000 relative=0.00360960 changed=True
[2026-05-28 18:09:36]   Subject 16: acc=0.5000±0.0000  bal_acc=0.5000±0.0000
[2026-05-28 18:09:36] \nSubject 17: 40 windows | class_counts=[20, 20]

[2026-05-28 18:09:36] Fold 1/5 | subject=17
[2026-05-28 18:09:36]     Train: 32 | counts=[16, 16]
[2026-05-28 18:09:36]     Test:  8 | counts=[4, 4]
[2026-05-28 18:09:36]     Model: SignalJEPA_PreLocal | Pretrained: from_pretrained | Strategy: new
[2026-05-28 18:09:36]     Normalization: none | fit_scope=none
[2026-05-28 18:09:36]     Phase 1 (new): 2,170/16,010 params
[2026-05-28 18:09:36]     Result | best_epoch=10 | stop=14 | final_phase_epochs=14 | acc=0.5000 | bal_acc=0.5000 | pred_hist=[0, 8] | collapse=True
[2026-05-28 18:09:36]     spatial_conv=[4, 29] top_abs_channels=[('Pz', 0.15323429), ('O2', 0.14447558), ('T3', 0.12669018), ('T4', 0.12192134), ('CP3', 0.12087677), ('O1', 0.12052541), ('C3', 0.11568723), ('CP4', 0.11058421)]
[2026-05-28 18:09:36]     spatial_update=delta_l2=0.01183826 max_abs=0.00160212 relative=0.00991912 changed=True

[2026-05-28 18:09:37] Fold 2/5 | subject=17
[2026-05-28 18:09:37]     Train: 32 | counts=[16, 16]
[2026-05-28 18:09:37]     Test:  8 | counts=[4, 4]
[2026-05-28 18:09:37]     Model: SignalJEPA_PreLocal | Pretrained: from_pretrained | Strategy: new
[2026-05-28 18:09:37]     Normalization: none | fit_scope=none
[2026-05-28 18:09:37]     Phase 1 (new): 2,170/16,010 params
[2026-05-28 18:09:37]     Result | best_epoch=1 | stop=11 | final_phase_epochs=11 | acc=0.5000 | bal_acc=0.5000 | pred_hist=[0, 8] | collapse=True
[2026-05-28 18:09:37]     spatial_conv=[4, 29] top_abs_channels=[('Pz', 0.15303902), ('O2', 0.14394137), ('T3', 0.12653479), ('O1', 0.12206212), ('T4', 0.12188759), ('CP3', 0.12092441), ('C3', 0.11483092), ('CP4', 0.11093291)]
[2026-05-28 18:09:37]     spatial_update=delta_l2=0.00430786 max_abs=0.00040001 relative=0.00360949 changed=True

[2026-05-28 18:09:38] Fold 3/5 | subject=17
[2026-05-28 18:09:38]     Train: 32 | counts=[16, 16]
[2026-05-28 18:09:38]     Test:  8 | counts=[4, 4]
[2026-05-28 18:09:38]     Model: SignalJEPA_PreLocal | Pretrained: from_pretrained | Strategy: new
[2026-05-28 18:09:38]     Normalization: none | fit_scope=none
[2026-05-28 18:09:38]     Phase 1 (new): 2,170/16,010 params
[2026-05-28 18:09:38]     Result | best_epoch=1 | stop=11 | final_phase_epochs=11 | acc=0.3750 | bal_acc=0.3750 | pred_hist=[1, 7] | collapse=False
[2026-05-28 18:09:38]     spatial_conv=[4, 29] top_abs_channels=[('Pz', 0.152839), ('O2', 0.14434138), ('T3', 0.12653479), ('T4', 0.12208758), ('O1', 0.12146214), ('CP3', 0.12132437), ('C3', 0.11523077), ('CP4', 0.11093313)]
[2026-05-28 18:09:38]     spatial_update=delta_l2=0.00430799 max_abs=0.00040000 relative=0.00360961 changed=True

[2026-05-28 18:09:38] Fold 4/5 | subject=17
[2026-05-28 18:09:38]     Train: 32 | counts=[16, 16]
[2026-05-28 18:09:38]     Test:  8 | counts=[4, 4]
[2026-05-28 18:09:38]     Model: SignalJEPA_PreLocal | Pretrained: from_pretrained | Strategy: new
[2026-05-28 18:09:38]     Normalization: none | fit_scope=none
[2026-05-28 18:09:38]     Phase 1 (new): 2,170/16,010 params
[2026-05-28 18:09:39]     Result | best_epoch=4 | stop=11 | final_phase_epochs=11 | acc=0.5000 | bal_acc=0.5000 | pred_hist=[0, 8] | collapse=True
[2026-05-28 18:09:39]     spatial_conv=[4, 29] top_abs_channels=[('Pz', 0.15303902), ('O2', 0.14394139), ('T3', 0.12673478), ('T4', 0.12208758), ('O1', 0.12186211), ('CP3', 0.12112439), ('C3', 0.11543089), ('CP4', 0.1107332)]
[2026-05-28 18:09:39]     spatial_update=delta_l2=0.00430794 max_abs=0.00040000 relative=0.00360956 changed=True

[2026-05-28 18:09:39] Fold 5/5 | subject=17
[2026-05-28 18:09:39]     Train: 32 | counts=[16, 16]
[2026-05-28 18:09:39]     Test:  8 | counts=[4, 4]
[2026-05-28 18:09:39]     Model: SignalJEPA_PreLocal | Pretrained: from_pretrained | Strategy: new
[2026-05-28 18:09:39]     Normalization: none | fit_scope=none
[2026-05-28 18:09:39]     Phase 1 (new): 2,170/16,010 params
[2026-05-28 18:09:40]     Result | best_epoch=36 | stop=37 | final_phase_epochs=37 | acc=0.6250 | bal_acc=0.6250 | pred_hist=[1, 7] | collapse=False
[2026-05-28 18:09:40]     spatial_conv=[4, 29] top_abs_channels=[('Pz', 0.15006627), ('O2', 0.14802596), ('T4', 0.12249595), ('O1', 0.12166687), ('T3', 0.1212424), ('CP3', 0.12117478), ('C3', 0.11631134), ('P4', 0.10695446)]
[2026-05-28 18:09:40]     spatial_update=delta_l2=0.08015778 max_abs=0.01066376 relative=0.06716311 changed=True
[2026-05-28 18:09:40]   Subject 17: acc=0.5000±0.0791  bal_acc=0.5000±0.0791
[2026-05-28 18:09:40] \nSubject 18: 40 windows | class_counts=[20, 20]

[2026-05-28 18:09:40] Fold 1/5 | subject=18
[2026-05-28 18:09:40]     Train: 32 | counts=[16, 16]
[2026-05-28 18:09:40]     Test:  8 | counts=[4, 4]
[2026-05-28 18:09:40]     Model: SignalJEPA_PreLocal | Pretrained: from_pretrained | Strategy: new
[2026-05-28 18:09:40]     Normalization: none | fit_scope=none
[2026-05-28 18:09:40]     Phase 1 (new): 2,170/16,010 params
[2026-05-28 18:09:41]     Result | best_epoch=50 | stop=50 | final_phase_epochs=50 | acc=0.7500 | bal_acc=0.7500 | pred_hist=[2, 6] | collapse=False
[2026-05-28 18:09:41]     spatial_conv=[4, 29] top_abs_channels=[('Pz', 0.15583998), ('O2', 0.14943466), ('O1', 0.1397337), ('T3', 0.12494513), ('CP3', 0.11876212), ('T4', 0.11677924), ('Fz', 0.1152125), ('Fp1', 0.11312508)]
[2026-05-28 18:09:41]     spatial_update=delta_l2=0.15103195 max_abs=0.02230003 relative=0.12654762 changed=True

[2026-05-28 18:09:42] Fold 2/5 | subject=18
[2026-05-28 18:09:42]     Train: 32 | counts=[16, 16]
[2026-05-28 18:09:42]     Test:  8 | counts=[4, 4]
[2026-05-28 18:09:42]     Model: SignalJEPA_PreLocal | Pretrained: from_pretrained | Strategy: new
[2026-05-28 18:09:42]     Normalization: none | fit_scope=none
[2026-05-28 18:09:42]     Phase 1 (new): 2,170/16,010 params
[2026-05-28 18:09:43]     Result | best_epoch=50 | stop=50 | final_phase_epochs=50 | acc=0.7500 | bal_acc=0.7500 | pred_hist=[2, 6] | collapse=False
[2026-05-28 18:09:43]     spatial_conv=[4, 29] top_abs_channels=[('O2', 0.15379956), ('Pz', 0.14239861), ('O1', 0.13578072), ('T3', 0.12891158), ('CP3', 0.12106322), ('T4', 0.11744481), ('Fz', 0.11205505), ('P3', 0.1046189)]
[2026-05-28 18:09:43]     spatial_update=delta_l2=0.16093404 max_abs=0.02261075 relative=0.13484445 changed=True

[2026-05-28 18:09:43] Fold 3/5 | subject=18
[2026-05-28 18:09:43]     Train: 32 | counts=[16, 16]
[2026-05-28 18:09:43]     Test:  8 | counts=[4, 4]
[2026-05-28 18:09:43]     Model: SignalJEPA_PreLocal | Pretrained: from_pretrained | Strategy: new
[2026-05-28 18:09:43]     Normalization: none | fit_scope=none
[2026-05-28 18:09:43]     Phase 1 (new): 2,170/16,010 params
[2026-05-28 18:09:45]     Result | best_epoch=50 | stop=50 | final_phase_epochs=50 | acc=0.6250 | bal_acc=0.6250 | pred_hist=[3, 5] | collapse=False
[2026-05-28 18:09:45]     spatial_conv=[4, 29] top_abs_channels=[('O2', 0.15321811), ('Pz', 0.1523568), ('O1', 0.14035304), ('T4', 0.12548228), ('T3', 0.1243168), ('CP3', 0.11578146), ('Fz', 0.1070528), ('Fp1', 0.10615164)]
[2026-05-28 18:09:45]     spatial_update=delta_l2=0.15619008 max_abs=0.02274790 relative=0.13086954 changed=True

[2026-05-28 18:09:45] Fold 4/5 | subject=18
[2026-05-28 18:09:45]     Train: 32 | counts=[16, 16]
[2026-05-28 18:09:45]     Test:  8 | counts=[4, 4]
[2026-05-28 18:09:45]     Model: SignalJEPA_PreLocal | Pretrained: from_pretrained | Strategy: new
[2026-05-28 18:09:45]     Normalization: none | fit_scope=none
[2026-05-28 18:09:45]     Phase 1 (new): 2,170/16,010 params
[2026-05-28 18:09:46]     Result | best_epoch=25 | stop=34 | final_phase_epochs=34 | acc=0.7500 | bal_acc=0.7500 | pred_hist=[2, 6] | collapse=False
[2026-05-28 18:09:46]     spatial_conv=[4, 29] top_abs_channels=[('Pz', 0.1527164), ('O2', 0.14393853), ('O1', 0.13104241), ('CP3', 0.12253924), ('T3', 0.12248798), ('T4', 0.12032813), ('Fp1', 0.11554983), ('C3', 0.11043081)]
[2026-05-28 18:09:46]     spatial_update=delta_l2=0.06827980 max_abs=0.00994165 relative=0.05721072 changed=True

[2026-05-28 18:09:46] Fold 5/5 | subject=18
[2026-05-28 18:09:46]     Train: 32 | counts=[16, 16]
[2026-05-28 18:09:46]     Test:  8 | counts=[4, 4]
[2026-05-28 18:09:46]     Model: SignalJEPA_PreLocal | Pretrained: from_pretrained | Strategy: new
[2026-05-28 18:09:46]     Normalization: none | fit_scope=none
[2026-05-28 18:09:46]     Phase 1 (new): 2,170/16,010 params
[2026-05-28 18:09:47]     Result | best_epoch=6 | stop=14 | final_phase_epochs=14 | acc=0.5000 | bal_acc=0.5000 | pred_hist=[0, 8] | collapse=True
[2026-05-28 18:09:47]     spatial_conv=[4, 29] top_abs_channels=[('Pz', 0.15263274), ('O2', 0.1443454), ('T3', 0.12526651), ('O1', 0.12341986), ('T4', 0.12108518), ('CP3', 0.12094048), ('C3', 0.11503257), ('CP4', 0.11060518)]
[2026-05-28 18:09:47]     spatial_update=delta_l2=0.01259249 max_abs=0.00160192 relative=0.01055108 changed=True
[2026-05-28 18:09:47]   Subject 18: acc=0.6750±0.1000  bal_acc=0.6750±0.1000
[2026-05-28 18:09:47] \nSubject 19: 40 windows | class_counts=[20, 20]

[2026-05-28 18:09:47] Fold 1/5 | subject=19
[2026-05-28 18:09:47]     Train: 32 | counts=[16, 16]
[2026-05-28 18:09:47]     Test:  8 | counts=[4, 4]
[2026-05-28 18:09:47]     Model: SignalJEPA_PreLocal | Pretrained: from_pretrained | Strategy: new
[2026-05-28 18:09:47]     Normalization: none | fit_scope=none
[2026-05-28 18:09:47]     Phase 1 (new): 2,170/16,010 params
[2026-05-28 18:09:48]     Result | best_epoch=1 | stop=11 | final_phase_epochs=11 | acc=0.5000 | bal_acc=0.5000 | pred_hist=[0, 8] | collapse=True
[2026-05-28 18:09:48]     spatial_conv=[4, 29] top_abs_channels=[('Pz', 0.15343899), ('O2', 0.14394139), ('T3', 0.12713477), ('O1', 0.12226211), ('T4', 0.12188759), ('CP3', 0.1209244), ('C3', 0.11563087), ('CP4', 0.11093304)]
[2026-05-28 18:09:48]     spatial_update=delta_l2=0.00430794 max_abs=0.00040001 relative=0.00360957 changed=True

[2026-05-28 18:09:48] Fold 2/5 | subject=19
[2026-05-28 18:09:48]     Train: 32 | counts=[16, 16]
[2026-05-28 18:09:48]     Test:  8 | counts=[4, 4]
[2026-05-28 18:09:48]     Model: SignalJEPA_PreLocal | Pretrained: from_pretrained | Strategy: new
[2026-05-28 18:09:48]     Normalization: none | fit_scope=none
[2026-05-28 18:09:48]     Phase 1 (new): 2,170/16,010 params
[2026-05-28 18:09:49]     Result | best_epoch=50 | stop=50 | final_phase_epochs=50 | acc=0.2500 | bal_acc=0.2500 | pred_hist=[2, 6] | collapse=False
[2026-05-28 18:09:49]     spatial_conv=[4, 29] top_abs_channels=[('O2', 0.14841393), ('Pz', 0.14819649), ('T3', 0.14266033), ('O1', 0.1272734), ('CP3', 0.11745822), ('T4', 0.1136072), ('P3', 0.11278365), ('T5', 0.11175656)]
[2026-05-28 18:09:49]     spatial_update=delta_l2=0.14848716 max_abs=0.02188949 relative=0.12441538 changed=True

[2026-05-28 18:09:50] Fold 3/5 | subject=19
[2026-05-28 18:09:50]     Train: 32 | counts=[16, 16]
[2026-05-28 18:09:50]     Test:  8 | counts=[4, 4]
[2026-05-28 18:09:50]     Model: SignalJEPA_PreLocal | Pretrained: from_pretrained | Strategy: new
[2026-05-28 18:09:50]     Normalization: none | fit_scope=none
[2026-05-28 18:09:50]     Phase 1 (new): 2,170/16,010 params
[2026-05-28 18:09:50]     Result | best_epoch=1 | stop=11 | final_phase_epochs=11 | acc=0.5000 | bal_acc=0.5000 | pred_hist=[0, 8] | collapse=True
[2026-05-28 18:09:50]     spatial_conv=[4, 29] top_abs_channels=[('Pz', 0.15343897), ('O2', 0.14394139), ('T3', 0.12693475), ('T4', 0.12208758), ('O1', 0.12206212), ('CP3', 0.12112439), ('C3', 0.11563089), ('CP4', 0.11093317)]
[2026-05-28 18:09:50]     spatial_update=delta_l2=0.00430799 max_abs=0.00040001 relative=0.00360961 changed=True

[2026-05-28 18:09:50] Fold 4/5 | subject=19
[2026-05-28 18:09:50]     Train: 32 | counts=[16, 16]
[2026-05-28 18:09:50]     Test:  8 | counts=[4, 4]
[2026-05-28 18:09:50]     Model: SignalJEPA_PreLocal | Pretrained: from_pretrained | Strategy: new
[2026-05-28 18:09:50]     Normalization: none | fit_scope=none
[2026-05-28 18:09:50]     Phase 1 (new): 2,170/16,010 params
[2026-05-28 18:09:51]     Result | best_epoch=1 | stop=11 | final_phase_epochs=11 | acc=0.5000 | bal_acc=0.5000 | pred_hist=[0, 8] | collapse=True
[2026-05-28 18:09:51]     spatial_conv=[4, 29] top_abs_channels=[('Pz', 0.15323898), ('O2', 0.14434138), ('T3', 0.12653479), ('T4', 0.12228759), ('O1', 0.12186211), ('CP3', 0.12112418), ('C3', 0.11543089), ('CP4', 0.11093308)]
[2026-05-28 18:09:51]     spatial_update=delta_l2=0.00430789 max_abs=0.00040000 relative=0.00360952 changed=True

[2026-05-28 18:09:51] Fold 5/5 | subject=19
[2026-05-28 18:09:51]     Train: 32 | counts=[16, 16]
[2026-05-28 18:09:51]     Test:  8 | counts=[4, 4]
[2026-05-28 18:09:51]     Model: SignalJEPA_PreLocal | Pretrained: from_pretrained | Strategy: new
[2026-05-28 18:09:51]     Normalization: none | fit_scope=none
[2026-05-28 18:09:51]     Phase 1 (new): 2,170/16,010 params
[2026-05-28 18:09:53]     Result | best_epoch=50 | stop=50 | final_phase_epochs=50 | acc=0.3750 | bal_acc=0.3750 | pred_hist=[3, 5] | collapse=False
[2026-05-28 18:09:53]     spatial_conv=[4, 29] top_abs_channels=[('Pz', 0.154589), ('O2', 0.14887318), ('T3', 0.13521695), ('CP3', 0.12609538), ('O1', 0.12310271), ('C3', 0.11975591), ('T4', 0.11950414), ('P3', 0.11082205)]
[2026-05-28 18:09:53]     spatial_update=delta_l2=0.13120962 max_abs=0.02097943 relative=0.10993875 changed=True
[2026-05-28 18:09:53]   Subject 19: acc=0.4250±0.1000  bal_acc=0.4250±0.1000
[2026-05-28 18:09:53] \nSubject 20: 40 windows | class_counts=[20, 20]

[2026-05-28 18:09:53] Fold 1/5 | subject=20
[2026-05-28 18:09:53]     Train: 32 | counts=[16, 16]
[2026-05-28 18:09:53]     Test:  8 | counts=[4, 4]
[2026-05-28 18:09:53]     Model: SignalJEPA_PreLocal | Pretrained: from_pretrained | Strategy: new
[2026-05-28 18:09:53]     Normalization: none | fit_scope=none
[2026-05-28 18:09:53]     Phase 1 (new): 2,170/16,010 params
[2026-05-28 18:09:54]     Result | best_epoch=50 | stop=50 | final_phase_epochs=50 | acc=0.7500 | bal_acc=0.7500 | pred_hist=[4, 4] | collapse=False
[2026-05-28 18:09:54]     spatial_conv=[4, 29] top_abs_channels=[('Pz', 0.1499034), ('O2', 0.14429107), ('T3', 0.13096164), ('O1', 0.12853251), ('T4', 0.12599987), ('CP3', 0.1161892), ('Fp1', 0.11198725), ('C3', 0.1108257)]
[2026-05-28 18:09:54]     spatial_update=delta_l2=0.11823456 max_abs=0.02049708 relative=0.09906713 changed=True

[2026-05-28 18:09:55] Fold 2/5 | subject=20
[2026-05-28 18:09:55]     Train: 32 | counts=[16, 16]
[2026-05-28 18:09:55]     Test:  8 | counts=[4, 4]
[2026-05-28 18:09:55]     Model: SignalJEPA_PreLocal | Pretrained: from_pretrained | Strategy: new
[2026-05-28 18:09:55]     Normalization: none | fit_scope=none
[2026-05-28 18:09:55]     Phase 1 (new): 2,170/16,010 params
[2026-05-28 18:09:55]     Result | best_epoch=1 | stop=11 | final_phase_epochs=11 | acc=0.3750 | bal_acc=0.3750 | pred_hist=[1, 7] | collapse=False
[2026-05-28 18:09:55]     spatial_conv=[4, 29] top_abs_channels=[('Pz', 0.152839), ('O2', 0.14414138), ('T3', 0.12693477), ('T4', 0.12208759), ('O1', 0.12186213), ('CP3', 0.1211244), ('C3', 0.11503091), ('CP4', 0.11093313)]
[2026-05-28 18:09:55]     spatial_update=delta_l2=0.00430791 max_abs=0.00040001 relative=0.00360954 changed=True

[2026-05-28 18:09:55] Fold 3/5 | subject=20
[2026-05-28 18:09:55]     Train: 32 | counts=[16, 16]
[2026-05-28 18:09:55]     Test:  8 | counts=[4, 4]
[2026-05-28 18:09:55]     Model: SignalJEPA_PreLocal | Pretrained: from_pretrained | Strategy: new
[2026-05-28 18:09:55]     Normalization: none | fit_scope=none
[2026-05-28 18:09:55]     Phase 1 (new): 2,170/16,010 params
[2026-05-28 18:09:56]     Result | best_epoch=1 | stop=11 | final_phase_epochs=11 | acc=0.5000 | bal_acc=0.5000 | pred_hist=[0, 8] | collapse=True
[2026-05-28 18:09:56]     spatial_conv=[4, 29] top_abs_channels=[('Pz', 0.153239), ('O2', 0.14394139), ('T3', 0.12693478), ('T4', 0.12228761), ('O1', 0.12186213), ('CP3', 0.12112439), ('C3', 0.1150309), ('CP4', 0.11053314)]
[2026-05-28 18:09:56]     spatial_update=delta_l2=0.00430800 max_abs=0.00040001 relative=0.00360961 changed=True

[2026-05-28 18:09:56] Fold 4/5 | subject=20
[2026-05-28 18:09:56]     Train: 32 | counts=[16, 16]
[2026-05-28 18:09:56]     Test:  8 | counts=[4, 4]
[2026-05-28 18:09:56]     Model: SignalJEPA_PreLocal | Pretrained: from_pretrained | Strategy: new
[2026-05-28 18:09:56]     Normalization: none | fit_scope=none
[2026-05-28 18:09:56]     Phase 1 (new): 2,170/16,010 params
[2026-05-28 18:09:57]     Result | best_epoch=50 | stop=50 | final_phase_epochs=50 | acc=0.7500 | bal_acc=0.7500 | pred_hist=[4, 4] | collapse=False
[2026-05-28 18:09:57]     spatial_conv=[4, 29] top_abs_channels=[('Pz', 0.15342847), ('O2', 0.14038247), ('T3', 0.13434701), ('T4', 0.12774959), ('O1', 0.12769507), ('CP3', 0.11737494), ('C3', 0.11395053), ('Fp1', 0.1136304)]
[2026-05-28 18:09:57]     spatial_update=delta_l2=0.11784903 max_abs=0.02117138 relative=0.09874410 changed=True

[2026-05-28 18:09:58] Fold 5/5 | subject=20
[2026-05-28 18:09:58]     Train: 32 | counts=[16, 16]
[2026-05-28 18:09:58]     Test:  8 | counts=[4, 4]
[2026-05-28 18:09:58]     Model: SignalJEPA_PreLocal | Pretrained: from_pretrained | Strategy: new
[2026-05-28 18:09:58]     Normalization: none | fit_scope=none
[2026-05-28 18:09:58]     Phase 1 (new): 2,170/16,010 params
[2026-05-28 18:09:59]     Result | best_epoch=50 | stop=50 | final_phase_epochs=50 | acc=0.7500 | bal_acc=0.7500 | pred_hist=[2, 6] | collapse=False
[2026-05-28 18:09:59]     spatial_conv=[4, 29] top_abs_channels=[('Pz', 0.15267289), ('O2', 0.14196822), ('T3', 0.13266353), ('O1', 0.12886988), ('T4', 0.12501535), ('CP3', 0.1167604), ('Fp1', 0.11351206), ('C3', 0.10941026)]
[2026-05-28 18:09:59]     spatial_update=delta_l2=0.12418075 max_abs=0.02231437 relative=0.10404936 changed=True
[2026-05-28 18:09:59]   Subject 20: acc=0.6250±0.1581  bal_acc=0.6250±0.1581
[2026-05-28 18:09:59] \nSubject 21: 40 windows | class_counts=[20, 20]

[2026-05-28 18:09:59] Fold 1/5 | subject=21
[2026-05-28 18:09:59]     Train: 32 | counts=[16, 16]
[2026-05-28 18:09:59]     Test:  8 | counts=[4, 4]
[2026-05-28 18:09:59]     Model: SignalJEPA_PreLocal | Pretrained: from_pretrained | Strategy: new
[2026-05-28 18:09:59]     Normalization: none | fit_scope=none
[2026-05-28 18:09:59]     Phase 1 (new): 2,170/16,010 params
[2026-05-28 18:10:00]     Result | best_epoch=50 | stop=50 | final_phase_epochs=50 | acc=0.7500 | bal_acc=0.7500 | pred_hist=[2, 6] | collapse=False
[2026-05-28 18:10:00]     spatial_conv=[4, 29] top_abs_channels=[('Pz', 0.15431362), ('O2', 0.14670785), ('CP3', 0.12846521), ('T3', 0.12576026), ('O1', 0.12456583), ('CP4', 0.12362858), ('Fp1', 0.12061672), ('C3', 0.11642279)]
[2026-05-28 18:10:00]     spatial_update=delta_l2=0.10728657 max_abs=0.02083864 relative=0.08989396 changed=True

[2026-05-28 18:10:01] Fold 2/5 | subject=21
[2026-05-28 18:10:01]     Train: 32 | counts=[16, 16]
[2026-05-28 18:10:01]     Test:  8 | counts=[4, 4]
[2026-05-28 18:10:01]     Model: SignalJEPA_PreLocal | Pretrained: from_pretrained | Strategy: new
[2026-05-28 18:10:01]     Normalization: none | fit_scope=none
[2026-05-28 18:10:01]     Phase 1 (new): 2,170/16,010 params
[2026-05-28 18:10:02]     Result | best_epoch=50 | stop=50 | final_phase_epochs=50 | acc=0.5000 | bal_acc=0.5000 | pred_hist=[0, 8] | collapse=True
[2026-05-28 18:10:02]     spatial_conv=[4, 29] top_abs_channels=[('Pz', 0.1578517), ('T3', 0.13618691), ('O2', 0.13607946), ('O1', 0.12450569), ('T4', 0.12175338), ('Fp1', 0.12072794), ('CP3', 0.11871098), ('CP4', 0.11667074)]
[2026-05-28 18:10:02]     spatial_update=delta_l2=0.10753652 max_abs=0.02269466 relative=0.09010339 changed=True

[2026-05-28 18:10:02] Fold 3/5 | subject=21
[2026-05-28 18:10:02]     Train: 32 | counts=[16, 16]
[2026-05-28 18:10:02]     Test:  8 | counts=[4, 4]
[2026-05-28 18:10:02]     Model: SignalJEPA_PreLocal | Pretrained: from_pretrained | Strategy: new
[2026-05-28 18:10:02]     Normalization: none | fit_scope=none
[2026-05-28 18:10:02]     Phase 1 (new): 2,170/16,010 params
[2026-05-28 18:10:04]     Result | best_epoch=50 | stop=50 | final_phase_epochs=50 | acc=0.5000 | bal_acc=0.5000 | pred_hist=[4, 4] | collapse=False
[2026-05-28 18:10:04]     spatial_conv=[4, 29] top_abs_channels=[('Pz', 0.1510863), ('O2', 0.1389595), ('T3', 0.13400181), ('CP3', 0.12803453), ('O1', 0.12647419), ('CP4', 0.12391936), ('Fp1', 0.11971058), ('P3', 0.1188838)]
[2026-05-28 18:10:04]     spatial_update=delta_l2=0.12366994 max_abs=0.02150600 relative=0.10362137 changed=True

[2026-05-28 18:10:04] Fold 4/5 | subject=21
[2026-05-28 18:10:04]     Train: 32 | counts=[16, 16]
[2026-05-28 18:10:04]     Test:  8 | counts=[4, 4]
[2026-05-28 18:10:04]     Model: SignalJEPA_PreLocal | Pretrained: from_pretrained | Strategy: new
[2026-05-28 18:10:04]     Normalization: none | fit_scope=none
[2026-05-28 18:10:04]     Phase 1 (new): 2,170/16,010 params
[2026-05-28 18:10:05]     Result | best_epoch=50 | stop=50 | final_phase_epochs=50 | acc=0.7500 | bal_acc=0.7500 | pred_hist=[2, 6] | collapse=False
[2026-05-28 18:10:05]     spatial_conv=[4, 29] top_abs_channels=[('Pz', 0.15267904), ('O2', 0.14915568), ('CP3', 0.12870601), ('T3', 0.12502819), ('CP4', 0.12242395), ('O1', 0.11842251), ('T4', 0.11611927), ('Fp1', 0.1138636)]
[2026-05-28 18:10:05]     spatial_update=delta_l2=0.12116005 max_abs=0.02116314 relative=0.10151836 changed=True

[2026-05-28 18:10:06] Fold 5/5 | subject=21
[2026-05-28 18:10:06]     Train: 32 | counts=[16, 16]
[2026-05-28 18:10:06]     Test:  8 | counts=[4, 4]
[2026-05-28 18:10:06]     Model: SignalJEPA_PreLocal | Pretrained: from_pretrained | Strategy: new
[2026-05-28 18:10:06]     Normalization: none | fit_scope=none
[2026-05-28 18:10:06]     Phase 1 (new): 2,170/16,010 params
[2026-05-28 18:10:07]     Result | best_epoch=50 | stop=50 | final_phase_epochs=50 | acc=0.6250 | bal_acc=0.6250 | pred_hist=[1, 7] | collapse=False
[2026-05-28 18:10:07]     spatial_conv=[4, 29] top_abs_channels=[('Pz', 0.1506007), ('O2', 0.1448741), ('O1', 0.1291548), ('CP3', 0.12550953), ('T3', 0.12516239), ('C3', 0.12490733), ('P3', 0.12273695), ('CP4', 0.12090699)]
[2026-05-28 18:10:07]     spatial_update=delta_l2=0.12017410 max_abs=0.02141682 relative=0.10069225 changed=True
[2026-05-28 18:10:07]   Subject 21: acc=0.6250±0.1118  bal_acc=0.6250±0.1118
[2026-05-28 18:10:07] \nSubject 22: 40 windows | class_counts=[20, 20]

[2026-05-28 18:10:07] Fold 1/5 | subject=22
[2026-05-28 18:10:07]     Train: 32 | counts=[16, 16]
[2026-05-28 18:10:07]     Test:  8 | counts=[4, 4]
[2026-05-28 18:10:07]     Model: SignalJEPA_PreLocal | Pretrained: from_pretrained | Strategy: new
[2026-05-28 18:10:07]     Normalization: none | fit_scope=none
[2026-05-28 18:10:07]     Phase 1 (new): 2,170/16,010 params
[2026-05-28 18:10:08]     Result | best_epoch=50 | stop=50 | final_phase_epochs=50 | acc=1.0000 | bal_acc=1.0000 | pred_hist=[4, 4] | collapse=False
[2026-05-28 18:10:08]     spatial_conv=[4, 29] top_abs_channels=[('Pz', 0.15190382), ('O2', 0.14843221), ('T3', 0.12955174), ('CP3', 0.12594059), ('T4', 0.12279993), ('O1', 0.1222392), ('Fp1', 0.11220188), ('Fz', 0.10986575)]
[2026-05-28 18:10:08]     spatial_update=delta_l2=0.13200035 max_abs=0.02249765 relative=0.11060130 changed=True

[2026-05-28 18:10:09] Fold 2/5 | subject=22
[2026-05-28 18:10:09]     Train: 32 | counts=[16, 16]
[2026-05-28 18:10:09]     Test:  8 | counts=[4, 4]
[2026-05-28 18:10:09]     Model: SignalJEPA_PreLocal | Pretrained: from_pretrained | Strategy: new
[2026-05-28 18:10:09]     Normalization: none | fit_scope=none
[2026-05-28 18:10:09]     Phase 1 (new): 2,170/16,010 params
[2026-05-28 18:10:10]     Result | best_epoch=50 | stop=50 | final_phase_epochs=50 | acc=0.7500 | bal_acc=0.7500 | pred_hist=[2, 6] | collapse=False
[2026-05-28 18:10:10]     spatial_conv=[4, 29] top_abs_channels=[('O2', 0.15192454), ('Pz', 0.15043432), ('T3', 0.13081254), ('CP3', 0.12712443), ('O1', 0.12682576), ('Fp1', 0.1144476), ('T4', 0.11123976), ('C3', 0.11024544)]
[2026-05-28 18:10:10]     spatial_update=delta_l2=0.13145917 max_abs=0.02311203 relative=0.11014785 changed=True

[2026-05-28 18:10:10] Fold 3/5 | subject=22
[2026-05-28 18:10:10]     Train: 32 | counts=[16, 16]
[2026-05-28 18:10:10]     Test:  8 | counts=[4, 4]
[2026-05-28 18:10:10]     Model: SignalJEPA_PreLocal | Pretrained: from_pretrained | Strategy: new
[2026-05-28 18:10:10]     Normalization: none | fit_scope=none
[2026-05-28 18:10:10]     Phase 1 (new): 2,170/16,010 params
[2026-05-28 18:10:11]     Result | best_epoch=50 | stop=50 | final_phase_epochs=50 | acc=0.7500 | bal_acc=0.7500 | pred_hist=[2, 6] | collapse=False
[2026-05-28 18:10:11]     spatial_conv=[4, 29] top_abs_channels=[('Pz', 0.15058234), ('O2', 0.14862488), ('T3', 0.12849233), ('CP3', 0.12632601), ('T4', 0.12445199), ('O1', 0.12104095), ('Fp1', 0.11683547), ('C3', 0.11221431)]
[2026-05-28 18:10:11]     spatial_update=delta_l2=0.14162491 max_abs=0.02338661 relative=0.11866559 changed=True

[2026-05-28 18:10:12] Fold 4/5 | subject=22
[2026-05-28 18:10:12]     Train: 32 | counts=[16, 16]
[2026-05-28 18:10:12]     Test:  8 | counts=[4, 4]
[2026-05-28 18:10:12]     Model: SignalJEPA_PreLocal | Pretrained: from_pretrained | Strategy: new
[2026-05-28 18:10:12]     Normalization: none | fit_scope=none
[2026-05-28 18:10:12]     Phase 1 (new): 2,170/16,010 params
[2026-05-28 18:10:13]     Result | best_epoch=50 | stop=50 | final_phase_epochs=50 | acc=1.0000 | bal_acc=1.0000 | pred_hist=[4, 4] | collapse=False
[2026-05-28 18:10:13]     spatial_conv=[4, 29] top_abs_channels=[('Pz', 0.14965153), ('O2', 0.14243312), ('T3', 0.13072166), ('CP3', 0.1266689), ('O1', 0.12284935), ('T4', 0.12002058), ('Fp1', 0.11494175), ('C3', 0.11443885)]
[2026-05-28 18:10:13]     spatial_update=delta_l2=0.12694148 max_abs=0.02360787 relative=0.10636254 changed=True

[2026-05-28 18:10:13] Fold 5/5 | subject=22
[2026-05-28 18:10:13]     Train: 32 | counts=[16, 16]
[2026-05-28 18:10:13]     Test:  8 | counts=[4, 4]
[2026-05-28 18:10:13]     Model: SignalJEPA_PreLocal | Pretrained: from_pretrained | Strategy: new
[2026-05-28 18:10:13]     Normalization: none | fit_scope=none
[2026-05-28 18:10:13]     Phase 1 (new): 2,170/16,010 params
[2026-05-28 18:10:15]     Result | best_epoch=50 | stop=50 | final_phase_epochs=50 | acc=0.8750 | bal_acc=0.8750 | pred_hist=[3, 5] | collapse=False
[2026-05-28 18:10:15]     spatial_conv=[4, 29] top_abs_channels=[('Pz', 0.14905058), ('O2', 0.14197522), ('T3', 0.13211527), ('CP3', 0.12866503), ('O1', 0.12554832), ('T4', 0.11802505), ('C3', 0.11503389), ('Fp1', 0.11396378)]
[2026-05-28 18:10:15]     spatial_update=delta_l2=0.13234375 max_abs=0.02283519 relative=0.11088903 changed=True
[2026-05-28 18:10:15]   Subject 22: acc=0.8750±0.1118  bal_acc=0.8750±0.1118
[2026-05-28 18:10:15] \nSubject 23: 40 windows | class_counts=[20, 20]

[2026-05-28 18:10:15] Fold 1/5 | subject=23
[2026-05-28 18:10:15]     Train: 32 | counts=[16, 16]
[2026-05-28 18:10:15]     Test:  8 | counts=[4, 4]
[2026-05-28 18:10:15]     Model: SignalJEPA_PreLocal | Pretrained: from_pretrained | Strategy: new
[2026-05-28 18:10:15]     Normalization: none | fit_scope=none
[2026-05-28 18:10:15]     Phase 1 (new): 2,170/16,010 params
[2026-05-28 18:10:15]     Result | best_epoch=1 | stop=11 | final_phase_epochs=11 | acc=0.5000 | bal_acc=0.5000 | pred_hist=[0, 8] | collapse=True
[2026-05-28 18:10:15]     spatial_conv=[4, 29] top_abs_channels=[('Pz', 0.15323901), ('O2', 0.14394137), ('T3', 0.12673481), ('T4', 0.1220876), ('O1', 0.12166212), ('CP3', 0.1209244), ('C3', 0.11543089), ('CP4', 0.11053317)]
[2026-05-28 18:10:15]     spatial_update=delta_l2=0.00430790 max_abs=0.00040000 relative=0.00360953 changed=True

[2026-05-28 18:10:16] Fold 2/5 | subject=23
[2026-05-28 18:10:16]     Train: 32 | counts=[16, 16]
[2026-05-28 18:10:16]     Test:  8 | counts=[4, 4]
[2026-05-28 18:10:16]     Model: SignalJEPA_PreLocal | Pretrained: from_pretrained | Strategy: new
[2026-05-28 18:10:16]     Normalization: none | fit_scope=none
[2026-05-28 18:10:16]     Phase 1 (new): 2,170/16,010 params
[2026-05-28 18:10:16]     Result | best_epoch=1 | stop=11 | final_phase_epochs=11 | acc=0.5000 | bal_acc=0.5000 | pred_hist=[0, 8] | collapse=True
[2026-05-28 18:10:16]     spatial_conv=[4, 29] top_abs_channels=[('Pz', 0.15303902), ('O2', 0.14414138), ('T3', 0.12693478), ('O1', 0.12226211), ('T4', 0.12208759), ('CP3', 0.12092441), ('C3', 0.11543088), ('CP4', 0.11073317)]
[2026-05-28 18:10:16]     spatial_update=delta_l2=0.00430797 max_abs=0.00040000 relative=0.00360959 changed=True

[2026-05-28 18:10:17] Fold 3/5 | subject=23
[2026-05-28 18:10:17]     Train: 32 | counts=[16, 16]
[2026-05-28 18:10:17]     Test:  8 | counts=[4, 4]
[2026-05-28 18:10:17]     Model: SignalJEPA_PreLocal | Pretrained: from_pretrained | Strategy: new
[2026-05-28 18:10:17]     Normalization: none | fit_scope=none
[2026-05-28 18:10:17]     Phase 1 (new): 2,170/16,010 params
[2026-05-28 18:10:17]     Result | best_epoch=1 | stop=11 | final_phase_epochs=11 | acc=0.5000 | bal_acc=0.5000 | pred_hist=[0, 8] | collapse=True
[2026-05-28 18:10:17]     spatial_conv=[4, 29] top_abs_channels=[('Pz', 0.152839), ('O2', 0.14434135), ('T3', 0.12653479), ('T4', 0.12248758), ('O1', 0.12206212), ('CP3', 0.12132438), ('C3', 0.11503091), ('CP4', 0.11053315)]
[2026-05-28 18:10:17]     spatial_update=delta_l2=0.00430778 max_abs=0.00040000 relative=0.00360943 changed=True

[2026-05-28 18:10:18] Fold 4/5 | subject=23
[2026-05-28 18:10:18]     Train: 32 | counts=[16, 16]
[2026-05-28 18:10:18]     Test:  8 | counts=[4, 4]
[2026-05-28 18:10:18]     Model: SignalJEPA_PreLocal | Pretrained: from_pretrained | Strategy: new
[2026-05-28 18:10:18]     Normalization: none | fit_scope=none
[2026-05-28 18:10:18]     Phase 1 (new): 2,170/16,010 params
[2026-05-28 18:10:18]     Result | best_epoch=1 | stop=11 | final_phase_epochs=11 | acc=0.5000 | bal_acc=0.5000 | pred_hist=[0, 8] | collapse=True
[2026-05-28 18:10:18]     spatial_conv=[4, 29] top_abs_channels=[('Pz', 0.15303902), ('O2', 0.14434136), ('T3', 0.12653479), ('T4', 0.12248758), ('O1', 0.12166215), ('CP3', 0.12112439), ('C3', 0.1150309), ('CP4', 0.11093313)]
[2026-05-28 18:10:18]     spatial_update=delta_l2=0.00430797 max_abs=0.00040000 relative=0.00360959 changed=True

[2026-05-28 18:10:18] Fold 5/5 | subject=23
[2026-05-28 18:10:18]     Train: 32 | counts=[16, 16]
[2026-05-28 18:10:18]     Test:  8 | counts=[4, 4]
[2026-05-28 18:10:18]     Model: SignalJEPA_PreLocal | Pretrained: from_pretrained | Strategy: new
[2026-05-28 18:10:18]     Normalization: none | fit_scope=none
[2026-05-28 18:10:19]     Phase 1 (new): 2,170/16,010 params
[2026-05-28 18:10:19]     Result | best_epoch=4 | stop=11 | final_phase_epochs=11 | acc=0.5000 | bal_acc=0.5000 | pred_hist=[0, 8] | collapse=True
[2026-05-28 18:10:19]     spatial_conv=[4, 29] top_abs_channels=[('Pz', 0.153439), ('O2', 0.1437414), ('T3', 0.12693478), ('T4', 0.12228759), ('O1', 0.12186212), ('CP3', 0.12112439), ('C3', 0.11523089), ('CP4', 0.11073314)]
[2026-05-28 18:10:19]     spatial_update=delta_l2=0.00430802 max_abs=0.00040001 relative=0.00360963 changed=True
[2026-05-28 18:10:19]   Subject 23: acc=0.5000±0.0000  bal_acc=0.5000±0.0000
[2026-05-28 18:10:19] \nSubject 24: 40 windows | class_counts=[20, 20]

[2026-05-28 18:10:19] Fold 1/5 | subject=24
[2026-05-28 18:10:19]     Train: 32 | counts=[16, 16]
[2026-05-28 18:10:19]     Test:  8 | counts=[4, 4]
[2026-05-28 18:10:19]     Model: SignalJEPA_PreLocal | Pretrained: from_pretrained | Strategy: new
[2026-05-28 18:10:19]     Normalization: none | fit_scope=none
[2026-05-28 18:10:19]     Phase 1 (new): 2,170/16,010 params
[2026-05-28 18:10:20]     Result | best_epoch=12 | stop=20 | final_phase_epochs=20 | acc=0.2500 | bal_acc=0.2500 | pred_hist=[2, 6] | collapse=False
[2026-05-28 18:10:20]     spatial_conv=[4, 29] top_abs_channels=[('Pz', 0.15092663), ('O2', 0.14580284), ('T3', 0.12360799), ('O1', 0.1227814), ('CP3', 0.12129603), ('T4', 0.12112489), ('CP4', 0.112915), ('C3', 0.11277467)]
[2026-05-28 18:10:20]     spatial_update=delta_l2=0.03282097 max_abs=0.00397617 relative=0.02750024 changed=True

[2026-05-28 18:10:20] Fold 2/5 | subject=24
[2026-05-28 18:10:20]     Train: 32 | counts=[16, 16]
[2026-05-28 18:10:20]     Test:  8 | counts=[4, 4]
[2026-05-28 18:10:20]     Model: SignalJEPA_PreLocal | Pretrained: from_pretrained | Strategy: new
[2026-05-28 18:10:20]     Normalization: none | fit_scope=none
[2026-05-28 18:10:20]     Phase 1 (new): 2,170/16,010 params
[2026-05-28 18:10:21]     Result | best_epoch=5 | stop=14 | final_phase_epochs=14 | acc=0.5000 | bal_acc=0.5000 | pred_hist=[0, 8] | collapse=True
[2026-05-28 18:10:21]     spatial_conv=[4, 29] top_abs_channels=[('Pz', 0.1519766), ('O2', 0.14456585), ('T3', 0.12528735), ('O1', 0.1222507), ('T4', 0.12191878), ('CP3', 0.12161204), ('C3', 0.11370654), ('CP4', 0.11091623)]
[2026-05-28 18:10:21]     spatial_update=delta_l2=0.01451796 max_abs=0.00159751 relative=0.01216440 changed=True

[2026-05-28 18:10:21] Fold 3/5 | subject=24
[2026-05-28 18:10:21]     Train: 32 | counts=[16, 16]
[2026-05-28 18:10:21]     Test:  8 | counts=[4, 4]
[2026-05-28 18:10:21]     Model: SignalJEPA_PreLocal | Pretrained: from_pretrained | Strategy: new
[2026-05-28 18:10:21]     Normalization: none | fit_scope=none
[2026-05-28 18:10:21]     Phase 1 (new): 2,170/16,010 params
[2026-05-28 18:10:22]     Result | best_epoch=1 | stop=11 | final_phase_epochs=11 | acc=0.5000 | bal_acc=0.5000 | pred_hist=[0, 8] | collapse=True
[2026-05-28 18:10:22]     spatial_conv=[4, 29] top_abs_channels=[('Pz', 0.15303901), ('O2', 0.14434136), ('T3', 0.12633479), ('O1', 0.12206212), ('T4', 0.12188759), ('CP3', 0.12112439), ('C3', 0.1150309), ('CP4', 0.11113311)]
[2026-05-28 18:10:22]     spatial_update=delta_l2=0.00430797 max_abs=0.00040000 relative=0.00360959 changed=True

[2026-05-28 18:10:22] Fold 4/5 | subject=24
[2026-05-28 18:10:22]     Train: 32 | counts=[16, 16]
[2026-05-28 18:10:22]     Test:  8 | counts=[4, 4]
[2026-05-28 18:10:22]     Model: SignalJEPA_PreLocal | Pretrained: from_pretrained | Strategy: new
[2026-05-28 18:10:22]     Normalization: none | fit_scope=none
[2026-05-28 18:10:22]     Phase 1 (new): 2,170/16,010 params
[2026-05-28 18:10:22]     Result | best_epoch=2 | stop=11 | final_phase_epochs=11 | acc=0.5000 | bal_acc=0.5000 | pred_hist=[0, 8] | collapse=True
[2026-05-28 18:10:22]     spatial_conv=[4, 29] top_abs_channels=[('Pz', 0.15263906), ('O2', 0.14434138), ('T3', 0.1263348), ('T4', 0.12208758), ('O1', 0.12166212), ('CP3', 0.12132438), ('C3', 0.1152309), ('CP4', 0.11113312)]
[2026-05-28 18:10:22]     spatial_update=delta_l2=0.00430789 max_abs=0.00040000 relative=0.00360952 changed=True

[2026-05-28 18:10:23] Fold 5/5 | subject=24
[2026-05-28 18:10:23]     Train: 32 | counts=[16, 16]
[2026-05-28 18:10:23]     Test:  8 | counts=[4, 4]
[2026-05-28 18:10:23]     Model: SignalJEPA_PreLocal | Pretrained: from_pretrained | Strategy: new
[2026-05-28 18:10:23]     Normalization: none | fit_scope=none
[2026-05-28 18:10:23]     Phase 1 (new): 2,170/16,010 params
[2026-05-28 18:10:24]     Result | best_epoch=12 | stop=20 | final_phase_epochs=20 | acc=0.5000 | bal_acc=0.5000 | pred_hist=[0, 8] | collapse=True
[2026-05-28 18:10:24]     spatial_conv=[4, 29] top_abs_channels=[('Pz', 0.15198033), ('O2', 0.14465867), ('T3', 0.12476518), ('CP3', 0.12142603), ('O1', 0.12085627), ('T4', 0.12052907), ('C3', 0.11340584), ('CP4', 0.11271194)]
[2026-05-28 18:10:24]     spatial_update=delta_l2=0.03138882 max_abs=0.00398773 relative=0.02630027 changed=True
[2026-05-28 18:10:24]   Subject 24: acc=0.4500±0.1000  bal_acc=0.4500±0.1000
[2026-05-28 18:10:24] \nSubject 25: 40 windows | class_counts=[20, 20]

[2026-05-28 18:10:24] Fold 1/5 | subject=25
[2026-05-28 18:10:24]     Train: 32 | counts=[16, 16]
[2026-05-28 18:10:24]     Test:  8 | counts=[4, 4]
[2026-05-28 18:10:24]     Model: SignalJEPA_PreLocal | Pretrained: from_pretrained | Strategy: new
[2026-05-28 18:10:24]     Normalization: none | fit_scope=none
[2026-05-28 18:10:24]     Phase 1 (new): 2,170/16,010 params
[2026-05-28 18:10:24]     Result | best_epoch=4 | stop=14 | final_phase_epochs=14 | acc=0.5000 | bal_acc=0.5000 | pred_hist=[0, 8] | collapse=True
[2026-05-28 18:10:24]     spatial_conv=[4, 29] top_abs_channels=[('Pz', 0.15339296), ('O2', 0.14414372), ('T3', 0.12690301), ('T4', 0.12262905), ('O1', 0.1225457), ('CP3', 0.12068222), ('C3', 0.1144553), ('CP4', 0.11153369)]
[2026-05-28 18:10:24]     spatial_update=delta_l2=0.01410642 max_abs=0.00160429 relative=0.01181958 changed=True

[2026-05-28 18:10:25] Fold 2/5 | subject=25
[2026-05-28 18:10:25]     Train: 32 | counts=[16, 16]
[2026-05-28 18:10:25]     Test:  8 | counts=[4, 4]
[2026-05-28 18:10:25]     Model: SignalJEPA_PreLocal | Pretrained: from_pretrained | Strategy: new
[2026-05-28 18:10:25]     Normalization: none | fit_scope=none
[2026-05-28 18:10:25]     Phase 1 (new): 2,170/16,010 params
[2026-05-28 18:10:25]     Result | best_epoch=1 | stop=11 | final_phase_epochs=11 | acc=0.5000 | bal_acc=0.5000 | pred_hist=[0, 8] | collapse=True
[2026-05-28 18:10:25]     spatial_conv=[4, 29] top_abs_channels=[('Pz', 0.153239), ('O2', 0.14414138), ('T3', 0.12673478), ('T4', 0.12208758), ('O1', 0.12186214), ('CP3', 0.1209244), ('C3', 0.11503091), ('CP4', 0.11133312)]
[2026-05-28 18:10:25]     spatial_update=delta_l2=0.00430216 max_abs=0.00040001 relative=0.00360472 changed=True

[2026-05-28 18:10:26] Fold 3/5 | subject=25
[2026-05-28 18:10:26]     Train: 32 | counts=[16, 16]
[2026-05-28 18:10:26]     Test:  8 | counts=[4, 4]
[2026-05-28 18:10:26]     Model: SignalJEPA_PreLocal | Pretrained: from_pretrained | Strategy: new
[2026-05-28 18:10:26]     Normalization: none | fit_scope=none
[2026-05-28 18:10:26]     Phase 1 (new): 2,170/16,010 params
[2026-05-28 18:10:26]     Result | best_epoch=1 | stop=11 | final_phase_epochs=11 | acc=0.5000 | bal_acc=0.5000 | pred_hist=[0, 8] | collapse=True
[2026-05-28 18:10:26]     spatial_conv=[4, 29] top_abs_channels=[('Pz', 0.15283903), ('O2', 0.14434136), ('T3', 0.12633479), ('T4', 0.12228758), ('O1', 0.12166212), ('CP3', 0.1209244), ('C3', 0.11503091), ('CP4', 0.11133312)]
[2026-05-28 18:10:26]     spatial_update=delta_l2=0.00430806 max_abs=0.00040001 relative=0.00360966 changed=True

[2026-05-28 18:10:27] Fold 4/5 | subject=25
[2026-05-28 18:10:27]     Train: 32 | counts=[16, 16]
[2026-05-28 18:10:27]     Test:  8 | counts=[4, 4]
[2026-05-28 18:10:27]     Model: SignalJEPA_PreLocal | Pretrained: from_pretrained | Strategy: new
[2026-05-28 18:10:27]     Normalization: none | fit_scope=none
[2026-05-28 18:10:27]     Phase 1 (new): 2,170/16,010 params
[2026-05-28 18:10:27]     Result | best_epoch=1 | stop=11 | final_phase_epochs=11 | acc=0.5000 | bal_acc=0.5000 | pred_hist=[0, 8] | collapse=True
[2026-05-28 18:10:27]     spatial_conv=[4, 29] top_abs_channels=[('Pz', 0.15323901), ('O2', 0.14394137), ('T3', 0.12693477), ('O1', 0.12226211), ('T4', 0.12208759), ('CP3', 0.12112439), ('C3', 0.1152309), ('CP4', 0.11113314)]
[2026-05-28 18:10:27]     spatial_update=delta_l2=0.00430800 max_abs=0.00040001 relative=0.00360962 changed=True

[2026-05-28 18:10:28] Fold 5/5 | subject=25
[2026-05-28 18:10:28]     Train: 32 | counts=[16, 16]
[2026-05-28 18:10:28]     Test:  8 | counts=[4, 4]
[2026-05-28 18:10:28]     Model: SignalJEPA_PreLocal | Pretrained: from_pretrained | Strategy: new
[2026-05-28 18:10:28]     Normalization: none | fit_scope=none
[2026-05-28 18:10:28]     Phase 1 (new): 2,170/16,010 params
[2026-05-28 18:10:28]     Result | best_epoch=1 | stop=11 | final_phase_epochs=11 | acc=0.5000 | bal_acc=0.5000 | pred_hist=[0, 8] | collapse=True
[2026-05-28 18:10:28]     spatial_conv=[4, 29] top_abs_channels=[('Pz', 0.15303901), ('O2', 0.14394139), ('T3', 0.12653477), ('T4', 0.12208759), ('O1', 0.12186214), ('CP3', 0.12132438), ('C3', 0.11503091), ('CP4', 0.11093314)]
[2026-05-28 18:10:28]     spatial_update=delta_l2=0.00430786 max_abs=0.00040001 relative=0.00360950 changed=True
[2026-05-28 18:10:28]   Subject 25: acc=0.5000±0.0000  bal_acc=0.5000±0.0000
[2026-05-28 18:10:28] \nSubject 26: 40 windows | class_counts=[20, 20]

[2026-05-28 18:10:28] Fold 1/5 | subject=26
[2026-05-28 18:10:28]     Train: 32 | counts=[16, 16]
[2026-05-28 18:10:28]     Test:  8 | counts=[4, 4]
[2026-05-28 18:10:28]     Model: SignalJEPA_PreLocal | Pretrained: from_pretrained | Strategy: new
[2026-05-28 18:10:28]     Normalization: none | fit_scope=none
[2026-05-28 18:10:28]     Phase 1 (new): 2,170/16,010 params
[2026-05-28 18:10:29]     Result | best_epoch=23 | stop=28 | final_phase_epochs=28 | acc=0.3750 | bal_acc=0.3750 | pred_hist=[1, 7] | collapse=False
[2026-05-28 18:10:29]     spatial_conv=[4, 29] top_abs_channels=[('Pz', 0.1513934), ('O2', 0.14654182), ('CP3', 0.12613872), ('T3', 0.1258195), ('T4', 0.12395503), ('O1', 0.12220547), ('C3', 0.11556713), ('CP4', 0.11096404)]
[2026-05-28 18:10:29]     spatial_update=delta_l2=0.05133909 max_abs=0.00709843 relative=0.04301633 changed=True

[2026-05-28 18:10:30] Fold 2/5 | subject=26
[2026-05-28 18:10:30]     Train: 32 | counts=[16, 16]
[2026-05-28 18:10:30]     Test:  8 | counts=[4, 4]
[2026-05-28 18:10:30]     Model: SignalJEPA_PreLocal | Pretrained: from_pretrained | Strategy: new
[2026-05-28 18:10:30]     Normalization: none | fit_scope=none
[2026-05-28 18:10:30]     Phase 1 (new): 2,170/16,010 params
[2026-05-28 18:10:30]     Result | best_epoch=6 | stop=14 | final_phase_epochs=14 | acc=0.5000 | bal_acc=0.5000 | pred_hist=[0, 8] | collapse=True
[2026-05-28 18:10:30]     spatial_conv=[4, 29] top_abs_channels=[('Pz', 0.15366797), ('O2', 0.14304797), ('T3', 0.12786803), ('O1', 0.12255234), ('T4', 0.12242116), ('CP3', 0.12091398), ('C3', 0.1157526), ('CP4', 0.11133694)]
[2026-05-28 18:10:30]     spatial_update=delta_l2=0.01384559 max_abs=0.00160130 relative=0.01160103 changed=True

[2026-05-28 18:10:31] Fold 3/5 | subject=26
[2026-05-28 18:10:31]     Train: 32 | counts=[16, 16]
[2026-05-28 18:10:31]     Test:  8 | counts=[4, 4]
[2026-05-28 18:10:31]     Model: SignalJEPA_PreLocal | Pretrained: from_pretrained | Strategy: new
[2026-05-28 18:10:31]     Normalization: none | fit_scope=none
[2026-05-28 18:10:31]     Phase 1 (new): 2,170/16,010 params
[2026-05-28 18:10:31]     Result | best_epoch=5 | stop=13 | final_phase_epochs=13 | acc=0.5000 | bal_acc=0.5000 | pred_hist=[0, 8] | collapse=True
[2026-05-28 18:10:31]     spatial_conv=[4, 29] top_abs_channels=[('Pz', 0.15358134), ('O2', 0.14366344), ('T3', 0.12753938), ('O1', 0.12262921), ('T4', 0.12257487), ('CP3', 0.12135315), ('C3', 0.11607216), ('CP4', 0.11126544)]
[2026-05-28 18:10:31]     spatial_update=delta_l2=0.01027110 max_abs=0.00120112 relative=0.00860602 changed=True

[2026-05-28 18:10:32] Fold 4/5 | subject=26
[2026-05-28 18:10:32]     Train: 32 | counts=[16, 16]
[2026-05-28 18:10:32]     Test:  8 | counts=[4, 4]
[2026-05-28 18:10:32]     Model: SignalJEPA_PreLocal | Pretrained: from_pretrained | Strategy: new
[2026-05-28 18:10:32]     Normalization: none | fit_scope=none
[2026-05-28 18:10:32]     Phase 1 (new): 2,170/16,010 params
[2026-05-28 18:10:32]     Result | best_epoch=4 | stop=14 | final_phase_epochs=14 | acc=0.5000 | bal_acc=0.5000 | pred_hist=[0, 8] | collapse=True
[2026-05-28 18:10:32]     spatial_conv=[4, 29] top_abs_channels=[('Pz', 0.15311977), ('O2', 0.14424947), ('T3', 0.12794384), ('T4', 0.12194905), ('CP3', 0.12173896), ('O1', 0.1217315), ('C3', 0.11549209), ('CP4', 0.11126467)]
[2026-05-28 18:10:32]     spatial_update=delta_l2=0.01273677 max_abs=0.00160249 relative=0.01067197 changed=True

[2026-05-28 18:10:32] Fold 5/5 | subject=26
[2026-05-28 18:10:32]     Train: 32 | counts=[16, 16]
[2026-05-28 18:10:32]     Test:  8 | counts=[4, 4]
[2026-05-28 18:10:32]     Model: SignalJEPA_PreLocal | Pretrained: from_pretrained | Strategy: new
[2026-05-28 18:10:32]     Normalization: none | fit_scope=none
[2026-05-28 18:10:32]     Phase 1 (new): 2,170/16,010 params
[2026-05-28 18:10:33]     Result | best_epoch=1 | stop=11 | final_phase_epochs=11 | acc=0.5000 | bal_acc=0.5000 | pred_hist=[0, 8] | collapse=True
[2026-05-28 18:10:33]     spatial_conv=[4, 29] top_abs_channels=[('Pz', 0.152839), ('O2', 0.14414139), ('T3', 0.12653479), ('T4', 0.12208758), ('O1', 0.12186213), ('CP3', 0.12112441), ('C3', 0.11543085), ('CP4', 0.11073312)]
[2026-05-28 18:10:33]     spatial_update=delta_l2=0.00430802 max_abs=0.00040001 relative=0.00360963 changed=True
[2026-05-28 18:10:33]   Subject 26: acc=0.4750±0.0500  bal_acc=0.4750±0.0500
[2026-05-28 18:10:33] \nSubject 27: 40 windows | class_counts=[20, 20]

[2026-05-28 18:10:33] Fold 1/5 | subject=27
[2026-05-28 18:10:33]     Train: 32 | counts=[16, 16]
[2026-05-28 18:10:33]     Test:  8 | counts=[4, 4]
[2026-05-28 18:10:33]     Model: SignalJEPA_PreLocal | Pretrained: from_pretrained | Strategy: new
[2026-05-28 18:10:33]     Normalization: none | fit_scope=none
[2026-05-28 18:10:33]     Phase 1 (new): 2,170/16,010 params
[2026-05-28 18:10:34]     Result | best_epoch=1 | stop=11 | final_phase_epochs=11 | acc=0.5000 | bal_acc=0.5000 | pred_hist=[0, 8] | collapse=True
[2026-05-28 18:10:34]     spatial_conv=[4, 29] top_abs_channels=[('Pz', 0.15303901), ('O2', 0.14434138), ('T3', 0.12693478), ('T4', 0.12208759), ('O1', 0.12206212), ('CP3', 0.12132438), ('C3', 0.11523115), ('CP4', 0.11113314)]
[2026-05-28 18:10:34]     spatial_update=delta_l2=0.00430796 max_abs=0.00040001 relative=0.00360958 changed=True

[2026-05-28 18:10:34] Fold 2/5 | subject=27
[2026-05-28 18:10:34]     Train: 32 | counts=[16, 16]
[2026-05-28 18:10:34]     Test:  8 | counts=[4, 4]
[2026-05-28 18:10:34]     Model: SignalJEPA_PreLocal | Pretrained: from_pretrained | Strategy: new
[2026-05-28 18:10:34]     Normalization: none | fit_scope=none
[2026-05-28 18:10:34]     Phase 1 (new): 2,170/16,010 params
[2026-05-28 18:10:35]     Result | best_epoch=1 | stop=11 | final_phase_epochs=11 | acc=0.5000 | bal_acc=0.5000 | pred_hist=[0, 8] | collapse=True
[2026-05-28 18:10:35]     spatial_conv=[4, 29] top_abs_channels=[('Pz', 0.15303901), ('O2', 0.14414138), ('T3', 0.12673478), ('T4', 0.12208759), ('O1', 0.12186211), ('CP3', 0.12112439), ('C3', 0.1154309), ('CP4', 0.11133312)]
[2026-05-28 18:10:35]     spatial_update=delta_l2=0.00430758 max_abs=0.00040001 relative=0.00360926 changed=True

[2026-05-28 18:10:35] Fold 3/5 | subject=27
[2026-05-28 18:10:35]     Train: 32 | counts=[16, 16]
[2026-05-28 18:10:35]     Test:  8 | counts=[4, 4]
[2026-05-28 18:10:35]     Model: SignalJEPA_PreLocal | Pretrained: from_pretrained | Strategy: new
[2026-05-28 18:10:35]     Normalization: none | fit_scope=none
[2026-05-28 18:10:35]     Phase 1 (new): 2,170/16,010 params
[2026-05-28 18:10:36]     Result | best_epoch=1 | stop=11 | final_phase_epochs=11 | acc=0.5000 | bal_acc=0.5000 | pred_hist=[0, 8] | collapse=True
[2026-05-28 18:10:36]     spatial_conv=[4, 29] top_abs_channels=[('Pz', 0.15303901), ('O2', 0.14434138), ('T3', 0.12673478), ('T4', 0.12208758), ('O1', 0.12186213), ('CP3', 0.12112439), ('C3', 0.1154309), ('CP4', 0.11113312)]
[2026-05-28 18:10:36]     spatial_update=delta_l2=0.00430807 max_abs=0.00040001 relative=0.00360967 changed=True

[2026-05-28 18:10:36] Fold 4/5 | subject=27
[2026-05-28 18:10:36]     Train: 32 | counts=[16, 16]
[2026-05-28 18:10:36]     Test:  8 | counts=[4, 4]
[2026-05-28 18:10:36]     Model: SignalJEPA_PreLocal | Pretrained: from_pretrained | Strategy: new
[2026-05-28 18:10:36]     Normalization: none | fit_scope=none
[2026-05-28 18:10:36]     Phase 1 (new): 2,170/16,010 params
[2026-05-28 18:10:36]     Result | best_epoch=1 | stop=11 | final_phase_epochs=11 | acc=0.7500 | bal_acc=0.7500 | pred_hist=[2, 6] | collapse=False
[2026-05-28 18:10:36]     spatial_conv=[4, 29] top_abs_channels=[('Pz', 0.15303901), ('O2', 0.14414138), ('T3', 0.12673478), ('O1', 0.12226211), ('T4', 0.12208759), ('CP3', 0.12112439), ('C3', 0.1154309), ('CP4', 0.11133311)]
[2026-05-28 18:10:36]     spatial_update=delta_l2=0.00430804 max_abs=0.00040001 relative=0.00360965 changed=True

[2026-05-28 18:10:37] Fold 5/5 | subject=27
[2026-05-28 18:10:37]     Train: 32 | counts=[16, 16]
[2026-05-28 18:10:37]     Test:  8 | counts=[4, 4]
[2026-05-28 18:10:37]     Model: SignalJEPA_PreLocal | Pretrained: from_pretrained | Strategy: new
[2026-05-28 18:10:37]     Normalization: none | fit_scope=none
[2026-05-28 18:10:37]     Phase 1 (new): 2,170/16,010 params
[2026-05-28 18:10:37]     Result | best_epoch=1 | stop=11 | final_phase_epochs=11 | acc=0.5000 | bal_acc=0.5000 | pred_hist=[0, 8] | collapse=True
[2026-05-28 18:10:37]     spatial_conv=[4, 29] top_abs_channels=[('Pz', 0.15303901), ('O2', 0.14414132), ('T3', 0.12673478), ('T4', 0.12208758), ('O1', 0.12186213), ('CP3', 0.12112439), ('C3', 0.1154309), ('CP4', 0.11113312)]
[2026-05-28 18:10:37]     spatial_update=delta_l2=0.00430799 max_abs=0.00040001 relative=0.00360960 changed=True
[2026-05-28 18:10:37]   Subject 27: acc=0.5500±0.1000  bal_acc=0.5500±0.1000
[2026-05-28 18:10:37] \nSubject 28: 40 windows | class_counts=[20, 20]

[2026-05-28 18:10:38] Fold 1/5 | subject=28
[2026-05-28 18:10:38]     Train: 32 | counts=[16, 16]
[2026-05-28 18:10:38]     Test:  8 | counts=[4, 4]
[2026-05-28 18:10:38]     Model: SignalJEPA_PreLocal | Pretrained: from_pretrained | Strategy: new
[2026-05-28 18:10:38]     Normalization: none | fit_scope=none
[2026-05-28 18:10:38]     Phase 1 (new): 2,170/16,010 params
[2026-05-28 18:10:38]     Result | best_epoch=1 | stop=11 | final_phase_epochs=11 | acc=0.5000 | bal_acc=0.5000 | pred_hist=[0, 8] | collapse=True
[2026-05-28 18:10:38]     spatial_conv=[4, 29] top_abs_channels=[('Pz', 0.152839), ('O2', 0.14414138), ('T3', 0.12673479), ('T4', 0.12228768), ('O1', 0.12166215), ('CP3', 0.12132438), ('C3', 0.1150309), ('CP4', 0.11073314)]
[2026-05-28 18:10:38]     spatial_update=delta_l2=0.00430796 max_abs=0.00040000 relative=0.00360958 changed=True

[2026-05-28 18:10:39] Fold 2/5 | subject=28
[2026-05-28 18:10:39]     Train: 32 | counts=[16, 16]
[2026-05-28 18:10:39]     Test:  8 | counts=[4, 4]
[2026-05-28 18:10:39]     Model: SignalJEPA_PreLocal | Pretrained: from_pretrained | Strategy: new
[2026-05-28 18:10:39]     Normalization: none | fit_scope=none
[2026-05-28 18:10:39]     Phase 1 (new): 2,170/16,010 params
[2026-05-28 18:10:39]     Result | best_epoch=6 | stop=16 | final_phase_epochs=16 | acc=0.5000 | bal_acc=0.5000 | pred_hist=[0, 8] | collapse=True
[2026-05-28 18:10:39]     spatial_conv=[4, 29] top_abs_channels=[('Pz', 0.15297242), ('O2', 0.14407972), ('T3', 0.127075), ('T4', 0.12364803), ('CP3', 0.123186), ('O1', 0.12093311), ('C3', 0.11460443), ('Fp1', 0.11117285)]
[2026-05-28 18:10:39]     spatial_update=delta_l2=0.02110175 max_abs=0.00240156 relative=0.01768087 changed=True

[2026-05-28 18:10:40] Fold 3/5 | subject=28
[2026-05-28 18:10:40]     Train: 32 | counts=[16, 16]
[2026-05-28 18:10:40]     Test:  8 | counts=[4, 4]
[2026-05-28 18:10:40]     Model: SignalJEPA_PreLocal | Pretrained: from_pretrained | Strategy: new
[2026-05-28 18:10:40]     Normalization: none | fit_scope=none
[2026-05-28 18:10:40]     Phase 1 (new): 2,170/16,010 params
[2026-05-28 18:10:40]     Result | best_epoch=1 | stop=11 | final_phase_epochs=11 | acc=0.5000 | bal_acc=0.5000 | pred_hist=[0, 8] | collapse=True
[2026-05-28 18:10:40]     spatial_conv=[4, 29] top_abs_channels=[('Pz', 0.15283902), ('O2', 0.14414084), ('T3', 0.12673478), ('T4', 0.12208758), ('O1', 0.12186213), ('CP3', 0.12132439), ('C3', 0.11483091), ('CP4', 0.11093313)]
[2026-05-28 18:10:40]     spatial_update=delta_l2=0.00430777 max_abs=0.00040000 relative=0.00360942 changed=True

[2026-05-28 18:10:40] Fold 4/5 | subject=28
[2026-05-28 18:10:40]     Train: 32 | counts=[16, 16]
[2026-05-28 18:10:40]     Test:  8 | counts=[4, 4]
[2026-05-28 18:10:40]     Model: SignalJEPA_PreLocal | Pretrained: from_pretrained | Strategy: new
[2026-05-28 18:10:40]     Normalization: none | fit_scope=none
[2026-05-28 18:10:40]     Phase 1 (new): 2,170/16,010 params
[2026-05-28 18:10:41]     Result | best_epoch=1 | stop=11 | final_phase_epochs=11 | acc=0.5000 | bal_acc=0.5000 | pred_hist=[0, 8] | collapse=True
[2026-05-28 18:10:41]     spatial_conv=[4, 29] top_abs_channels=[('Pz', 0.15303901), ('O2', 0.14454137), ('T3', 0.12693478), ('T4', 0.1220876), ('O1', 0.12186212), ('CP3', 0.12132433), ('C3', 0.11503091), ('CP4', 0.11073313)]
[2026-05-28 18:10:41]     spatial_update=delta_l2=0.00430397 max_abs=0.00040000 relative=0.00360624 changed=True

[2026-05-28 18:10:41] Fold 5/5 | subject=28
[2026-05-28 18:10:41]     Train: 32 | counts=[16, 16]
[2026-05-28 18:10:41]     Test:  8 | counts=[4, 4]
[2026-05-28 18:10:41]     Model: SignalJEPA_PreLocal | Pretrained: from_pretrained | Strategy: new
[2026-05-28 18:10:41]     Normalization: none | fit_scope=none
[2026-05-28 18:10:41]     Phase 1 (new): 2,170/16,010 params
[2026-05-28 18:10:42]     Result | best_epoch=1 | stop=11 | final_phase_epochs=11 | acc=0.5000 | bal_acc=0.5000 | pred_hist=[0, 8] | collapse=True
[2026-05-28 18:10:42]     spatial_conv=[4, 29] top_abs_channels=[('Pz', 0.15283902), ('O2', 0.14434136), ('T3', 0.12693478), ('T4', 0.12228759), ('O1', 0.12186213), ('CP3', 0.1209248), ('C3', 0.11523089), ('CP4', 0.11053316)]
[2026-05-28 18:10:42]     spatial_update=delta_l2=0.00430787 max_abs=0.00040000 relative=0.00360951 changed=True
[2026-05-28 18:10:42]   Subject 28: acc=0.5000±0.0000  bal_acc=0.5000±0.0000
[2026-05-28 18:10:42] \nSubject 29: 40 windows | class_counts=[20, 20]

[2026-05-28 18:10:42] Fold 1/5 | subject=29
[2026-05-28 18:10:42]     Train: 32 | counts=[16, 16]
[2026-05-28 18:10:42]     Test:  8 | counts=[4, 4]
[2026-05-28 18:10:42]     Model: SignalJEPA_PreLocal | Pretrained: from_pretrained | Strategy: new
[2026-05-28 18:10:42]     Normalization: none | fit_scope=none
[2026-05-28 18:10:42]     Phase 1 (new): 2,170/16,010 params
[2026-05-28 18:10:43]     Result | best_epoch=1 | stop=11 | final_phase_epochs=11 | acc=0.5000 | bal_acc=0.5000 | pred_hist=[0, 8] | collapse=True
[2026-05-28 18:10:43]     spatial_conv=[4, 29] top_abs_channels=[('Pz', 0.15323901), ('O2', 0.14434138), ('T3', 0.12653479), ('T4', 0.12188759), ('CP3', 0.12152438), ('O1', 0.12146214), ('C3', 0.1152309), ('CP4', 0.11113314)]
[2026-05-28 18:10:43]     spatial_update=delta_l2=0.00430796 max_abs=0.00040000 relative=0.00360958 changed=True

[2026-05-28 18:10:43] Fold 2/5 | subject=29
[2026-05-28 18:10:43]     Train: 32 | counts=[16, 16]
[2026-05-28 18:10:43]     Test:  8 | counts=[4, 4]
[2026-05-28 18:10:43]     Model: SignalJEPA_PreLocal | Pretrained: from_pretrained | Strategy: new
[2026-05-28 18:10:43]     Normalization: none | fit_scope=none
[2026-05-28 18:10:43]     Phase 1 (new): 2,170/16,010 params
[2026-05-28 18:10:44]     Result | best_epoch=11 | stop=18 | final_phase_epochs=18 | acc=0.5000 | bal_acc=0.5000 | pred_hist=[0, 8] | collapse=True
[2026-05-28 18:10:44]     spatial_conv=[4, 29] top_abs_channels=[('Pz', 0.15310973), ('O2', 0.14675257), ('T3', 0.12573338), ('CP3', 0.12261312), ('O1', 0.12026429), ('T4', 0.12024488), ('C3', 0.11621608), ('Fp1', 0.11194703)]
[2026-05-28 18:10:44]     spatial_update=delta_l2=0.02613928 max_abs=0.00320020 relative=0.02190174 changed=True

[2026-05-28 18:10:44] Fold 3/5 | subject=29
[2026-05-28 18:10:44]     Train: 32 | counts=[16, 16]
[2026-05-28 18:10:44]     Test:  8 | counts=[4, 4]
[2026-05-28 18:10:44]     Model: SignalJEPA_PreLocal | Pretrained: from_pretrained | Strategy: new
[2026-05-28 18:10:44]     Normalization: none | fit_scope=none
[2026-05-28 18:10:44]     Phase 1 (new): 2,170/16,010 params
[2026-05-28 18:10:44]     Result | best_epoch=1 | stop=11 | final_phase_epochs=11 | acc=0.5000 | bal_acc=0.5000 | pred_hist=[0, 8] | collapse=True
[2026-05-28 18:10:44]     spatial_conv=[4, 29] top_abs_channels=[('Pz', 0.152839), ('O2', 0.14454137), ('T3', 0.12673478), ('T4', 0.12168767), ('O1', 0.12166212), ('CP3', 0.12132439), ('C3', 0.11523092), ('CP4', 0.11093313)]
[2026-05-28 18:10:44]     spatial_update=delta_l2=0.00430785 max_abs=0.00040000 relative=0.00360949 changed=True

[2026-05-28 18:10:45] Fold 4/5 | subject=29
[2026-05-28 18:10:45]     Train: 32 | counts=[16, 16]
[2026-05-28 18:10:45]     Test:  8 | counts=[4, 4]
[2026-05-28 18:10:45]     Model: SignalJEPA_PreLocal | Pretrained: from_pretrained | Strategy: new
[2026-05-28 18:10:45]     Normalization: none | fit_scope=none
[2026-05-28 18:10:45]     Phase 1 (new): 2,170/16,010 params
[2026-05-28 18:10:45]     Result | best_epoch=1 | stop=11 | final_phase_epochs=11 | acc=0.5000 | bal_acc=0.5000 | pred_hist=[0, 8] | collapse=True
[2026-05-28 18:10:45]     spatial_conv=[4, 29] top_abs_channels=[('Pz', 0.15283902), ('O2', 0.14434138), ('T3', 0.12673479), ('O1', 0.12186201), ('T4', 0.1216876), ('CP3', 0.12132438), ('C3', 0.1152309), ('CP4', 0.1113331)]
[2026-05-28 18:10:45]     spatial_update=delta_l2=0.00430763 max_abs=0.00040000 relative=0.00360930 changed=True

[2026-05-28 18:10:46] Fold 5/5 | subject=29
[2026-05-28 18:10:46]     Train: 32 | counts=[16, 16]
[2026-05-28 18:10:46]     Test:  8 | counts=[4, 4]
[2026-05-28 18:10:46]     Model: SignalJEPA_PreLocal | Pretrained: from_pretrained | Strategy: new
[2026-05-28 18:10:46]     Normalization: none | fit_scope=none
[2026-05-28 18:10:46]     Phase 1 (new): 2,170/16,010 params
[2026-05-28 18:10:47]     Result | best_epoch=50 | stop=50 | final_phase_epochs=50 | acc=0.2500 | bal_acc=0.2500 | pred_hist=[2, 6] | collapse=False
[2026-05-28 18:10:47]     spatial_conv=[4, 29] top_abs_channels=[('O2', 0.1528613), ('Pz', 0.15077682), ('CP3', 0.12478097), ('T3', 0.12127852), ('T4', 0.12063816), ('CP4', 0.11926694), ('P3', 0.11297116), ('C3', 0.11109236)]
[2026-05-28 18:10:47]     spatial_update=delta_l2=0.13454043 max_abs=0.02196292 relative=0.11272960 changed=True
[2026-05-28 18:10:47]   Subject 29: acc=0.4500±0.1000  bal_acc=0.4500±0.1000
[2026-05-28 18:10:47] \nSubject 30: 40 windows | class_counts=[20, 20]

[2026-05-28 18:10:48] Fold 1/5 | subject=30
[2026-05-28 18:10:48]     Train: 32 | counts=[16, 16]
[2026-05-28 18:10:48]     Test:  8 | counts=[4, 4]
[2026-05-28 18:10:48]     Model: SignalJEPA_PreLocal | Pretrained: from_pretrained | Strategy: new
[2026-05-28 18:10:48]     Normalization: none | fit_scope=none
[2026-05-28 18:10:48]     Phase 1 (new): 2,170/16,010 params
[2026-05-28 18:10:48]     Result | best_epoch=18 | stop=20 | final_phase_epochs=20 | acc=0.5000 | bal_acc=0.5000 | pred_hist=[0, 8] | collapse=True
[2026-05-28 18:10:48]     spatial_conv=[4, 29] top_abs_channels=[('Pz', 0.154634), ('O2', 0.14517941), ('T3', 0.12579297), ('O1', 0.12173552), ('CP3', 0.12086308), ('T4', 0.11973871), ('C3', 0.11561596), ('CP4', 0.11290451)]
[2026-05-28 18:10:48]     spatial_update=delta_l2=0.03167606 max_abs=0.00398985 relative=0.02654094 changed=True

[2026-05-28 18:10:49] Fold 2/5 | subject=30
[2026-05-28 18:10:49]     Train: 32 | counts=[16, 16]
[2026-05-28 18:10:49]     Test:  8 | counts=[4, 4]
[2026-05-28 18:10:49]     Model: SignalJEPA_PreLocal | Pretrained: from_pretrained | Strategy: new
[2026-05-28 18:10:49]     Normalization: none | fit_scope=none
[2026-05-28 18:10:49]     Phase 1 (new): 2,170/16,010 params
[2026-05-28 18:10:50]     Result | best_epoch=50 | stop=50 | final_phase_epochs=50 | acc=0.7500 | bal_acc=0.7500 | pred_hist=[2, 6] | collapse=False
[2026-05-28 18:10:50]     spatial_conv=[4, 29] top_abs_channels=[('O2', 0.15440035), ('Pz', 0.14318436), ('CP3', 0.12654974), ('T3', 0.12527919), ('C3', 0.12031392), ('O1', 0.120285), ('T4', 0.115242), ('Fp1', 0.11036989)]
[2026-05-28 18:10:50]     spatial_update=delta_l2=0.13636025 max_abs=0.02117981 relative=0.11425440 changed=True

[2026-05-28 18:10:51] Fold 3/5 | subject=30
[2026-05-28 18:10:51]     Train: 32 | counts=[16, 16]
[2026-05-28 18:10:51]     Test:  8 | counts=[4, 4]
[2026-05-28 18:10:51]     Model: SignalJEPA_PreLocal | Pretrained: from_pretrained | Strategy: new
[2026-05-28 18:10:51]     Normalization: none | fit_scope=none
[2026-05-28 18:10:51]     Phase 1 (new): 2,170/16,010 params
[2026-05-28 18:10:52]     Result | best_epoch=50 | stop=50 | final_phase_epochs=50 | acc=0.5000 | bal_acc=0.5000 | pred_hist=[2, 6] | collapse=False
[2026-05-28 18:10:52]     spatial_conv=[4, 29] top_abs_channels=[('O2', 0.15122102), ('Pz', 0.14367789), ('T3', 0.13001223), ('CP3', 0.12364361), ('C3', 0.12225137), ('O1', 0.12166588), ('CP4', 0.11336718), ('T4', 0.11231622)]
[2026-05-28 18:10:52]     spatial_update=delta_l2=0.13973217 max_abs=0.02334791 relative=0.11707968 changed=True

[2026-05-28 18:10:53] Fold 4/5 | subject=30
[2026-05-28 18:10:53]     Train: 32 | counts=[16, 16]
[2026-05-28 18:10:53]     Test:  8 | counts=[4, 4]
[2026-05-28 18:10:53]     Model: SignalJEPA_PreLocal | Pretrained: from_pretrained | Strategy: new
[2026-05-28 18:10:53]     Normalization: none | fit_scope=none
[2026-05-28 18:10:53]     Phase 1 (new): 2,170/16,010 params
[2026-05-28 18:10:54]     Result | best_epoch=50 | stop=50 | final_phase_epochs=50 | acc=0.3750 | bal_acc=0.3750 | pred_hist=[3, 5] | collapse=False
[2026-05-28 18:10:54]     spatial_conv=[4, 29] top_abs_channels=[('O2', 0.15312783), ('Pz', 0.13794602), ('CP3', 0.12735911), ('T3', 0.12701663), ('C3', 0.11729863), ('O1', 0.11664031), ('T4', 0.11313318), ('Fp1', 0.11240828)]
[2026-05-28 18:10:54]     spatial_update=delta_l2=0.13904155 max_abs=0.02209957 relative=0.11650103 changed=True

[2026-05-28 18:10:54] Fold 5/5 | subject=30
[2026-05-28 18:10:54]     Train: 32 | counts=[16, 16]
[2026-05-28 18:10:54]     Test:  8 | counts=[4, 4]
[2026-05-28 18:10:54]     Model: SignalJEPA_PreLocal | Pretrained: from_pretrained | Strategy: new
[2026-05-28 18:10:54]     Normalization: none | fit_scope=none
[2026-05-28 18:10:54]     Phase 1 (new): 2,170/16,010 params
[2026-05-28 18:10:55]     Result | best_epoch=1 | stop=11 | final_phase_epochs=11 | acc=0.5000 | bal_acc=0.5000 | pred_hist=[0, 8] | collapse=True
[2026-05-28 18:10:55]     spatial_conv=[4, 29] top_abs_channels=[('Pz', 0.15303901), ('O2', 0.14414138), ('T3', 0.12693474), ('T4', 0.12208759), ('O1', 0.12186212), ('CP3', 0.12112439), ('C3', 0.11503091), ('CP4', 0.11093313)]
[2026-05-28 18:10:55]     spatial_update=delta_l2=0.00430799 max_abs=0.00040001 relative=0.00360961 changed=True
[2026-05-28 18:10:55]   Subject 30: acc=0.5250±0.1225  bal_acc=0.5250±0.1225
[2026-05-28 18:10:55] \nSubject 31: 40 windows | class_counts=[20, 20]

[2026-05-28 18:10:55] Fold 1/5 | subject=31
[2026-05-28 18:10:55]     Train: 32 | counts=[16, 16]
[2026-05-28 18:10:55]     Test:  8 | counts=[4, 4]
[2026-05-28 18:10:55]     Model: SignalJEPA_PreLocal | Pretrained: from_pretrained | Strategy: new
[2026-05-28 18:10:55]     Normalization: none | fit_scope=none
[2026-05-28 18:10:55]     Phase 1 (new): 2,170/16,010 params
[2026-05-28 18:10:56]     Result | best_epoch=6 | stop=15 | final_phase_epochs=15 | acc=0.5000 | bal_acc=0.5000 | pred_hist=[0, 8] | collapse=True
[2026-05-28 18:10:56]     spatial_conv=[4, 29] top_abs_channels=[('Pz', 0.15436055), ('O2', 0.14345364), ('T3', 0.12803996), ('O1', 0.12199063), ('CP3', 0.12162775), ('T4', 0.12153564), ('C3', 0.11560299), ('CP4', 0.11176124)]
[2026-05-28 18:10:56]     spatial_update=delta_l2=0.01479752 max_abs=0.00200526 relative=0.01239864 changed=True

[2026-05-28 18:10:56] Fold 2/5 | subject=31
[2026-05-28 18:10:56]     Train: 32 | counts=[16, 16]
[2026-05-28 18:10:56]     Test:  8 | counts=[4, 4]
[2026-05-28 18:10:56]     Model: SignalJEPA_PreLocal | Pretrained: from_pretrained | Strategy: new
[2026-05-28 18:10:56]     Normalization: none | fit_scope=none
[2026-05-28 18:10:56]     Phase 1 (new): 2,170/16,010 params
[2026-05-28 18:10:57]     Result | best_epoch=6 | stop=14 | final_phase_epochs=14 | acc=0.5000 | bal_acc=0.5000 | pred_hist=[0, 8] | collapse=True
[2026-05-28 18:10:57]     spatial_conv=[4, 29] top_abs_channels=[('Pz', 0.15310992), ('O2', 0.1447124), ('T3', 0.12741733), ('O1', 0.12219768), ('T4', 0.12172852), ('CP3', 0.12071335), ('C3', 0.11480889), ('CP4', 0.11102251)]
[2026-05-28 18:10:57]     spatial_update=delta_l2=0.01362753 max_abs=0.00159044 relative=0.01141832 changed=True

[2026-05-28 18:10:57] Fold 3/5 | subject=31
[2026-05-28 18:10:57]     Train: 32 | counts=[16, 16]
[2026-05-28 18:10:57]     Test:  8 | counts=[4, 4]
[2026-05-28 18:10:57]     Model: SignalJEPA_PreLocal | Pretrained: from_pretrained | Strategy: new
[2026-05-28 18:10:57]     Normalization: none | fit_scope=none
[2026-05-28 18:10:57]     Phase 1 (new): 2,170/16,010 params
[2026-05-28 18:10:58]     Result | best_epoch=1 | stop=11 | final_phase_epochs=11 | acc=0.5000 | bal_acc=0.5000 | pred_hist=[0, 8] | collapse=True
[2026-05-28 18:10:58]     spatial_conv=[4, 29] top_abs_channels=[('Pz', 0.15323901), ('O2', 0.14394137), ('T3', 0.12673479), ('T4', 0.12228759), ('O1', 0.12166213), ('CP3', 0.12112439), ('C3', 0.11503091), ('CP4', 0.11113312)]
[2026-05-28 18:10:58]     spatial_update=delta_l2=0.00430798 max_abs=0.00040001 relative=0.00360960 changed=True

[2026-05-28 18:10:58] Fold 4/5 | subject=31
[2026-05-28 18:10:58]     Train: 32 | counts=[16, 16]
[2026-05-28 18:10:58]     Test:  8 | counts=[4, 4]
[2026-05-28 18:10:58]     Model: SignalJEPA_PreLocal | Pretrained: from_pretrained | Strategy: new
[2026-05-28 18:10:58]     Normalization: none | fit_scope=none
[2026-05-28 18:10:58]     Phase 1 (new): 2,170/16,010 params
[2026-05-28 18:10:59]     Result | best_epoch=2 | stop=11 | final_phase_epochs=11 | acc=0.5000 | bal_acc=0.5000 | pred_hist=[0, 8] | collapse=True
[2026-05-28 18:10:59]     spatial_conv=[4, 29] top_abs_channels=[('Pz', 0.15323897), ('O2', 0.14414138), ('T3', 0.12693478), ('T4', 0.12208757), ('O1', 0.12166212), ('CP3', 0.12112439), ('C3', 0.11503091), ('CP4', 0.11093314)]
[2026-05-28 18:10:59]     spatial_update=delta_l2=0.00430781 max_abs=0.00040001 relative=0.00360945 changed=True

[2026-05-28 18:10:59] Fold 5/5 | subject=31
[2026-05-28 18:10:59]     Train: 32 | counts=[16, 16]
[2026-05-28 18:10:59]     Test:  8 | counts=[4, 4]
[2026-05-28 18:10:59]     Model: SignalJEPA_PreLocal | Pretrained: from_pretrained | Strategy: new
[2026-05-28 18:10:59]     Normalization: none | fit_scope=none
[2026-05-28 18:10:59]     Phase 1 (new): 2,170/16,010 params
[2026-05-28 18:11:00]     Result | best_epoch=17 | stop=27 | final_phase_epochs=27 | acc=0.5000 | bal_acc=0.5000 | pred_hist=[0, 8] | collapse=True
[2026-05-28 18:11:00]     spatial_conv=[4, 29] top_abs_channels=[('Pz', 0.15454468), ('O2', 0.14477777), ('T3', 0.12830757), ('O1', 0.12310028), ('CP3', 0.12028481), ('T4', 0.1202758), ('C3', 0.11637102), ('Fp1', 0.11171222)]
[2026-05-28 18:11:00]     spatial_update=delta_l2=0.04214584 max_abs=0.00656030 relative=0.03531343 changed=True
[2026-05-28 18:11:00]   Subject 31: acc=0.5000±0.0000  bal_acc=0.5000±0.0000
[2026-05-28 18:11:00] \nSubject 32: 40 windows | class_counts=[20, 20]

[2026-05-28 18:11:00] Fold 1/5 | subject=32
[2026-05-28 18:11:00]     Train: 32 | counts=[16, 16]
[2026-05-28 18:11:00]     Test:  8 | counts=[4, 4]
[2026-05-28 18:11:00]     Model: SignalJEPA_PreLocal | Pretrained: from_pretrained | Strategy: new
[2026-05-28 18:11:00]     Normalization: none | fit_scope=none
[2026-05-28 18:11:00]     Phase 1 (new): 2,170/16,010 params
[2026-05-28 18:11:01]     Result | best_epoch=1 | stop=11 | final_phase_epochs=11 | acc=0.5000 | bal_acc=0.5000 | pred_hist=[0, 8] | collapse=True
[2026-05-28 18:11:01]     spatial_conv=[4, 29] top_abs_channels=[('Pz', 0.15303901), ('O2', 0.1441413), ('T3', 0.12673479), ('T4', 0.1220876), ('O1', 0.12206212), ('CP3', 0.12152439), ('C3', 0.1152309), ('CP4', 0.11073314)]
[2026-05-28 18:11:01]     spatial_update=delta_l2=0.00430797 max_abs=0.00040000 relative=0.00360959 changed=True

[2026-05-28 18:11:01] Fold 2/5 | subject=32
[2026-05-28 18:11:01]     Train: 32 | counts=[16, 16]
[2026-05-28 18:11:01]     Test:  8 | counts=[4, 4]
[2026-05-28 18:11:01]     Model: SignalJEPA_PreLocal | Pretrained: from_pretrained | Strategy: new
[2026-05-28 18:11:01]     Normalization: none | fit_scope=none
[2026-05-28 18:11:01]     Phase 1 (new): 2,170/16,010 params
[2026-05-28 18:11:01]     Result | best_epoch=1 | stop=11 | final_phase_epochs=11 | acc=0.6250 | bal_acc=0.6250 | pred_hist=[1, 7] | collapse=False
[2026-05-28 18:11:01]     spatial_conv=[4, 29] top_abs_channels=[('Pz', 0.15303895), ('O2', 0.14414127), ('T3', 0.12653479), ('T4', 0.12248758), ('O1', 0.12166212), ('CP3', 0.12132438), ('C3', 0.11523089), ('CP4', 0.11093313)]
[2026-05-28 18:11:01]     spatial_update=delta_l2=0.00430789 max_abs=0.00040000 relative=0.00360952 changed=True

[2026-05-28 18:11:02] Fold 3/5 | subject=32
[2026-05-28 18:11:02]     Train: 32 | counts=[16, 16]
[2026-05-28 18:11:02]     Test:  8 | counts=[4, 4]
[2026-05-28 18:11:02]     Model: SignalJEPA_PreLocal | Pretrained: from_pretrained | Strategy: new
[2026-05-28 18:11:02]     Normalization: none | fit_scope=none
[2026-05-28 18:11:02]     Phase 1 (new): 2,170/16,010 params
[2026-05-28 18:11:02]     Result | best_epoch=1 | stop=11 | final_phase_epochs=11 | acc=0.5000 | bal_acc=0.5000 | pred_hist=[0, 8] | collapse=True
[2026-05-28 18:11:02]     spatial_conv=[4, 29] top_abs_channels=[('Pz', 0.15323901), ('O2', 0.14414138), ('T3', 0.1263348), ('T4', 0.12248758), ('O1', 0.12226211), ('CP3', 0.12072444), ('C3', 0.11523094), ('CP4', 0.11113311)]
[2026-05-28 18:11:02]     spatial_update=delta_l2=0.00430794 max_abs=0.00040000 relative=0.00360956 changed=True

[2026-05-28 18:11:03] Fold 4/5 | subject=32
[2026-05-28 18:11:03]     Train: 32 | counts=[16, 16]
[2026-05-28 18:11:03]     Test:  8 | counts=[4, 4]
[2026-05-28 18:11:03]     Model: SignalJEPA_PreLocal | Pretrained: from_pretrained | Strategy: new
[2026-05-28 18:11:03]     Normalization: none | fit_scope=none
[2026-05-28 18:11:03]     Phase 1 (new): 2,170/16,010 params
[2026-05-28 18:11:03]     Result | best_epoch=1 | stop=11 | final_phase_epochs=11 | acc=0.3750 | bal_acc=0.3750 | pred_hist=[1, 7] | collapse=False
[2026-05-28 18:11:03]     spatial_conv=[4, 29] top_abs_channels=[('Pz', 0.15323901), ('O2', 0.14434138), ('T3', 0.1263348), ('T4', 0.12228757), ('O1', 0.12226199), ('CP3', 0.12092445), ('C3', 0.1150309), ('CP4', 0.11093313)]
[2026-05-28 18:11:03]     spatial_update=delta_l2=0.00430795 max_abs=0.00040000 relative=0.00360957 changed=True

[2026-05-28 18:11:04] Fold 5/5 | subject=32
[2026-05-28 18:11:04]     Train: 32 | counts=[16, 16]
[2026-05-28 18:11:04]     Test:  8 | counts=[4, 4]
[2026-05-28 18:11:04]     Model: SignalJEPA_PreLocal | Pretrained: from_pretrained | Strategy: new
[2026-05-28 18:11:04]     Normalization: none | fit_scope=none
[2026-05-28 18:11:04]     Phase 1 (new): 2,170/16,010 params
[2026-05-28 18:11:05]     Result | best_epoch=50 | stop=50 | final_phase_epochs=50 | acc=0.3750 | bal_acc=0.3750 | pred_hist=[3, 5] | collapse=False
[2026-05-28 18:11:05]     spatial_conv=[4, 29] top_abs_channels=[('Pz', 0.15997055), ('O2', 0.14710361), ('T4', 0.12649055), ('O1', 0.12264877), ('T3', 0.11869527), ('Fp1', 0.11867198), ('CP3', 0.11833151), ('CP4', 0.11348191)]
[2026-05-28 18:11:05]     spatial_update=delta_l2=0.13136909 max_abs=0.02134289 relative=0.11007238 changed=True
[2026-05-28 18:11:05]   Subject 32: acc=0.4750±0.0935  bal_acc=0.4750±0.0935
[2026-05-28 18:11:05] \nSubject 33: 40 windows | class_counts=[20, 20]

[2026-05-28 18:11:06] Fold 1/5 | subject=33
[2026-05-28 18:11:06]     Train: 32 | counts=[16, 16]
[2026-05-28 18:11:06]     Test:  8 | counts=[4, 4]
[2026-05-28 18:11:06]     Model: SignalJEPA_PreLocal | Pretrained: from_pretrained | Strategy: new
[2026-05-28 18:11:06]     Normalization: none | fit_scope=none
[2026-05-28 18:11:06]     Phase 1 (new): 2,170/16,010 params
[2026-05-28 18:11:06]     Result | best_epoch=1 | stop=11 | final_phase_epochs=11 | acc=0.5000 | bal_acc=0.5000 | pred_hist=[0, 8] | collapse=True
[2026-05-28 18:11:06]     spatial_conv=[4, 29] top_abs_channels=[('Pz', 0.15323901), ('O2', 0.14394137), ('T3', 0.12673478), ('T4', 0.1220876), ('O1', 0.12206211), ('CP3', 0.12132439), ('C3', 0.11503091), ('CP4', 0.11093313)]
[2026-05-28 18:11:06]     spatial_update=delta_l2=0.00430769 max_abs=0.00040000 relative=0.00360936 changed=True

[2026-05-28 18:11:06] Fold 2/5 | subject=33
[2026-05-28 18:11:06]     Train: 32 | counts=[16, 16]
[2026-05-28 18:11:06]     Test:  8 | counts=[4, 4]
[2026-05-28 18:11:06]     Model: SignalJEPA_PreLocal | Pretrained: from_pretrained | Strategy: new
[2026-05-28 18:11:06]     Normalization: none | fit_scope=none
[2026-05-28 18:11:06]     Phase 1 (new): 2,170/16,010 params
[2026-05-28 18:11:07]     Result | best_epoch=1 | stop=11 | final_phase_epochs=11 | acc=0.5000 | bal_acc=0.5000 | pred_hist=[0, 8] | collapse=True
[2026-05-28 18:11:07]     spatial_conv=[4, 29] top_abs_channels=[('Pz', 0.15303902), ('O2', 0.1441413), ('T3', 0.12693478), ('T4', 0.12228759), ('O1', 0.12206212), ('CP3', 0.12112443), ('C3', 0.1150309), ('CP4', 0.11093313)]
[2026-05-28 18:11:07]     spatial_update=delta_l2=0.00430787 max_abs=0.00040000 relative=0.00360951 changed=True

[2026-05-28 18:11:07] Fold 3/5 | subject=33
[2026-05-28 18:11:07]     Train: 32 | counts=[16, 16]
[2026-05-28 18:11:07]     Test:  8 | counts=[4, 4]
[2026-05-28 18:11:07]     Model: SignalJEPA_PreLocal | Pretrained: from_pretrained | Strategy: new
[2026-05-28 18:11:07]     Normalization: none | fit_scope=none
[2026-05-28 18:11:07]     Phase 1 (new): 2,170/16,010 params
[2026-05-28 18:11:07]     Result | best_epoch=1 | stop=11 | final_phase_epochs=11 | acc=0.5000 | bal_acc=0.5000 | pred_hist=[0, 8] | collapse=True
[2026-05-28 18:11:07]     spatial_conv=[4, 29] top_abs_channels=[('Pz', 0.15303901), ('O2', 0.14414138), ('T3', 0.12713477), ('T4', 0.12208759), ('O1', 0.12206212), ('CP3', 0.1209244), ('C3', 0.11543089), ('CP4', 0.11113313)]
[2026-05-28 18:11:07]     spatial_update=delta_l2=0.00430782 max_abs=0.00040000 relative=0.00360946 changed=True

[2026-05-28 18:11:08] Fold 4/5 | subject=33
[2026-05-28 18:11:08]     Train: 32 | counts=[16, 16]
[2026-05-28 18:11:08]     Test:  8 | counts=[4, 4]
[2026-05-28 18:11:08]     Model: SignalJEPA_PreLocal | Pretrained: from_pretrained | Strategy: new
[2026-05-28 18:11:08]     Normalization: none | fit_scope=none
[2026-05-28 18:11:08]     Phase 1 (new): 2,170/16,010 params
[2026-05-28 18:11:08]     Result | best_epoch=1 | stop=11 | final_phase_epochs=11 | acc=0.5000 | bal_acc=0.5000 | pred_hist=[0, 8] | collapse=True
[2026-05-28 18:11:08]     spatial_conv=[4, 29] top_abs_channels=[('Pz', 0.15303901), ('O2', 0.14394139), ('T3', 0.12673479), ('T4', 0.12208759), ('O1', 0.12206233), ('CP3', 0.12112439), ('C3', 0.11543087), ('CP4', 0.11093314)]
[2026-05-28 18:11:08]     spatial_update=delta_l2=0.00430787 max_abs=0.00040000 relative=0.00360950 changed=True

[2026-05-28 18:11:09] Fold 5/5 | subject=33
[2026-05-28 18:11:09]     Train: 32 | counts=[16, 16]
[2026-05-28 18:11:09]     Test:  8 | counts=[4, 4]
[2026-05-28 18:11:09]     Model: SignalJEPA_PreLocal | Pretrained: from_pretrained | Strategy: new
[2026-05-28 18:11:09]     Normalization: none | fit_scope=none
[2026-05-28 18:11:09]     Phase 1 (new): 2,170/16,010 params
[2026-05-28 18:11:09]     Result | best_epoch=6 | stop=16 | final_phase_epochs=16 | acc=0.5000 | bal_acc=0.5000 | pred_hist=[0, 8] | collapse=True
[2026-05-28 18:11:09]     spatial_conv=[4, 29] top_abs_channels=[('Pz', 0.15515241), ('O2', 0.14345098), ('T3', 0.12812746), ('O1', 0.12204812), ('T4', 0.12197714), ('CP3', 0.12023737), ('C3', 0.11523581), ('CP4', 0.11087868)]
[2026-05-28 18:11:09]     spatial_update=delta_l2=0.01936544 max_abs=0.00238621 relative=0.01622604 changed=True
[2026-05-28 18:11:09]   Subject 33: acc=0.5000±0.0000  bal_acc=0.5000±0.0000
[2026-05-28 18:11:09] \nSubject 34: 40 windows | class_counts=[20, 20]

[2026-05-28 18:11:10] Fold 1/5 | subject=34
[2026-05-28 18:11:10]     Train: 32 | counts=[16, 16]
[2026-05-28 18:11:10]     Test:  8 | counts=[4, 4]
[2026-05-28 18:11:10]     Model: SignalJEPA_PreLocal | Pretrained: from_pretrained | Strategy: new
[2026-05-28 18:11:10]     Normalization: none | fit_scope=none
[2026-05-28 18:11:10]     Phase 1 (new): 2,170/16,010 params
[2026-05-28 18:11:11]     Result | best_epoch=50 | stop=50 | final_phase_epochs=50 | acc=0.8750 | bal_acc=0.8750 | pred_hist=[3, 5] | collapse=False
[2026-05-28 18:11:11]     spatial_conv=[4, 29] top_abs_channels=[('Pz', 0.15742658), ('O2', 0.13981968), ('O1', 0.13725233), ('T3', 0.13200769), ('T4', 0.1276713), ('CP4', 0.11992755), ('C3', 0.11959004), ('Fp1', 0.11388896)]
[2026-05-28 18:11:11]     spatial_update=delta_l2=0.14218850 max_abs=0.02219036 relative=0.11913781 changed=True

[2026-05-28 18:11:11] Fold 2/5 | subject=34
[2026-05-28 18:11:11]     Train: 32 | counts=[16, 16]
[2026-05-28 18:11:11]     Test:  8 | counts=[4, 4]
[2026-05-28 18:11:11]     Model: SignalJEPA_PreLocal | Pretrained: from_pretrained | Strategy: new
[2026-05-28 18:11:11]     Normalization: none | fit_scope=none
[2026-05-28 18:11:11]     Phase 1 (new): 2,170/16,010 params
[2026-05-28 18:11:12]     Result | best_epoch=50 | stop=50 | final_phase_epochs=50 | acc=0.7500 | bal_acc=0.7500 | pred_hist=[4, 4] | collapse=False
[2026-05-28 18:11:12]     spatial_conv=[4, 29] top_abs_channels=[('Pz', 0.15686321), ('O2', 0.1485987), ('T4', 0.12775597), ('O1', 0.12732065), ('T3', 0.12514043), ('CP4', 0.11646455), ('CP3', 0.11537276), ('C3', 0.11384948)]
[2026-05-28 18:11:12]     spatial_update=delta_l2=0.11588904 max_abs=0.02012040 relative=0.09710185 changed=True

[2026-05-28 18:11:13] Fold 3/5 | subject=34
[2026-05-28 18:11:13]     Train: 32 | counts=[16, 16]
[2026-05-28 18:11:13]     Test:  8 | counts=[4, 4]
[2026-05-28 18:11:13]     Model: SignalJEPA_PreLocal | Pretrained: from_pretrained | Strategy: new
[2026-05-28 18:11:13]     Normalization: none | fit_scope=none
[2026-05-28 18:11:13]     Phase 1 (new): 2,170/16,010 params
[2026-05-28 18:11:14]     Result | best_epoch=50 | stop=50 | final_phase_epochs=50 | acc=0.5000 | bal_acc=0.5000 | pred_hist=[0, 8] | collapse=True
[2026-05-28 18:11:14]     spatial_conv=[4, 29] top_abs_channels=[('Pz', 0.15492854), ('O2', 0.1452667), ('O1', 0.13392699), ('T3', 0.13138494), ('C3', 0.12452422), ('T4', 0.1206824), ('CP4', 0.11747453), ('P4', 0.11286318)]
[2026-05-28 18:11:14]     spatial_update=delta_l2=0.12591350 max_abs=0.02258011 relative=0.10550121 changed=True

[2026-05-28 18:11:15] Fold 4/5 | subject=34
[2026-05-28 18:11:15]     Train: 32 | counts=[16, 16]
[2026-05-28 18:11:15]     Test:  8 | counts=[4, 4]
[2026-05-28 18:11:15]     Model: SignalJEPA_PreLocal | Pretrained: from_pretrained | Strategy: new
[2026-05-28 18:11:15]     Normalization: none | fit_scope=none
[2026-05-28 18:11:15]     Phase 1 (new): 2,170/16,010 params
[2026-05-28 18:11:16]     Result | best_epoch=50 | stop=50 | final_phase_epochs=50 | acc=1.0000 | bal_acc=1.0000 | pred_hist=[4, 4] | collapse=False
[2026-05-28 18:11:16]     spatial_conv=[4, 29] top_abs_channels=[('Pz', 0.16179097), ('O2', 0.13997108), ('O1', 0.13733087), ('T4', 0.13026288), ('T3', 0.11670501), ('CP4', 0.11666787), ('C3', 0.11660828), ('P4', 0.11550859)]
[2026-05-28 18:11:16]     spatial_update=delta_l2=0.13779590 max_abs=0.02268897 relative=0.11545731 changed=True

[2026-05-28 18:11:16] Fold 5/5 | subject=34
[2026-05-28 18:11:16]     Train: 32 | counts=[16, 16]
[2026-05-28 18:11:16]     Test:  8 | counts=[4, 4]
[2026-05-28 18:11:16]     Model: SignalJEPA_PreLocal | Pretrained: from_pretrained | Strategy: new
[2026-05-28 18:11:16]     Normalization: none | fit_scope=none
[2026-05-28 18:11:16]     Phase 1 (new): 2,170/16,010 params
[2026-05-28 18:11:17]     Result | best_epoch=50 | stop=50 | final_phase_epochs=50 | acc=0.7500 | bal_acc=0.7500 | pred_hist=[2, 6] | collapse=False
[2026-05-28 18:11:17]     spatial_conv=[4, 29] top_abs_channels=[('Pz', 0.15449665), ('O2', 0.14167103), ('O1', 0.13495348), ('T4', 0.12941018), ('T3', 0.12100369), ('C3', 0.11993613), ('CP3', 0.11487675), ('CP4', 0.11483917)]
[2026-05-28 18:11:17]     spatial_update=delta_l2=0.11861365 max_abs=0.02054115 relative=0.09938477 changed=True
[2026-05-28 18:11:17]   Subject 34: acc=0.7750±0.1658  bal_acc=0.7750±0.1658
[2026-05-28 18:11:17] \nSubject 35: 40 windows | class_counts=[20, 20]

[2026-05-28 18:11:18] Fold 1/5 | subject=35
[2026-05-28 18:11:18]     Train: 32 | counts=[16, 16]
[2026-05-28 18:11:18]     Test:  8 | counts=[4, 4]
[2026-05-28 18:11:18]     Model: SignalJEPA_PreLocal | Pretrained: from_pretrained | Strategy: new
[2026-05-28 18:11:18]     Normalization: none | fit_scope=none
[2026-05-28 18:11:18]     Phase 1 (new): 2,170/16,010 params
[2026-05-28 18:11:18]     Result | best_epoch=1 | stop=11 | final_phase_epochs=11 | acc=0.5000 | bal_acc=0.5000 | pred_hist=[0, 8] | collapse=True
[2026-05-28 18:11:18]     spatial_conv=[4, 29] top_abs_channels=[('Pz', 0.15323901), ('O2', 0.1437414), ('T3', 0.12693478), ('T4', 0.12208758), ('O1', 0.12186211), ('CP3', 0.12072439), ('C3', 0.1152309), ('CP4', 0.11093313)]
[2026-05-28 18:11:18]     spatial_update=delta_l2=0.00430802 max_abs=0.00040000 relative=0.00360963 changed=True

[2026-05-28 18:11:19] Fold 2/5 | subject=35
[2026-05-28 18:11:19]     Train: 32 | counts=[16, 16]
[2026-05-28 18:11:19]     Test:  8 | counts=[4, 4]
[2026-05-28 18:11:19]     Model: SignalJEPA_PreLocal | Pretrained: from_pretrained | Strategy: new
[2026-05-28 18:11:19]     Normalization: none | fit_scope=none
[2026-05-28 18:11:19]     Phase 1 (new): 2,170/16,010 params
[2026-05-28 18:11:20]     Result | best_epoch=50 | stop=50 | final_phase_epochs=50 | acc=0.7500 | bal_acc=0.7500 | pred_hist=[4, 4] | collapse=False
[2026-05-28 18:11:20]     spatial_conv=[4, 29] top_abs_channels=[('Pz', 0.15758859), ('O2', 0.13751166), ('T3', 0.13117984), ('O1', 0.11836769), ('T4', 0.11409916), ('Fz', 0.11230986), ('P3', 0.11156335), ('C3', 0.11124887)]
[2026-05-28 18:11:20]     spatial_update=delta_l2=0.12222391 max_abs=0.02088533 relative=0.10240975 changed=True

[2026-05-28 18:11:20] Fold 3/5 | subject=35
[2026-05-28 18:11:20]     Train: 32 | counts=[16, 16]
[2026-05-28 18:11:20]     Test:  8 | counts=[4, 4]
[2026-05-28 18:11:20]     Model: SignalJEPA_PreLocal | Pretrained: from_pretrained | Strategy: new
[2026-05-28 18:11:20]     Normalization: none | fit_scope=none
[2026-05-28 18:11:20]     Phase 1 (new): 2,170/16,010 params
[2026-05-28 18:11:21]     Result | best_epoch=50 | stop=50 | final_phase_epochs=50 | acc=0.7500 | bal_acc=0.7500 | pred_hist=[2, 6] | collapse=False
[2026-05-28 18:11:21]     spatial_conv=[4, 29] top_abs_channels=[('Pz', 0.15889028), ('O2', 0.13567597), ('P3', 0.12325308), ('T3', 0.11981422), ('T4', 0.11660527), ('C3', 0.11175396), ('O1', 0.11173933), ('CP3', 0.11099501)]
[2026-05-28 18:11:21]     spatial_update=delta_l2=0.12319410 max_abs=0.02072851 relative=0.10322267 changed=True

[2026-05-28 18:11:22] Fold 4/5 | subject=35
[2026-05-28 18:11:22]     Train: 32 | counts=[16, 16]
[2026-05-28 18:11:22]     Test:  8 | counts=[4, 4]
[2026-05-28 18:11:22]     Model: SignalJEPA_PreLocal | Pretrained: from_pretrained | Strategy: new
[2026-05-28 18:11:22]     Normalization: none | fit_scope=none
[2026-05-28 18:11:22]     Phase 1 (new): 2,170/16,010 params
[2026-05-28 18:11:22]     Result | best_epoch=2 | stop=12 | final_phase_epochs=12 | acc=0.5000 | bal_acc=0.5000 | pred_hist=[0, 8] | collapse=True
[2026-05-28 18:11:22]     spatial_conv=[4, 29] top_abs_channels=[('Pz', 0.15341929), ('O2', 0.14373341), ('T3', 0.12712155), ('O1', 0.12211884), ('T4', 0.12201104), ('CP3', 0.12066734), ('C3', 0.11560713), ('CP4', 0.11094472)]
[2026-05-28 18:11:22]     spatial_update=delta_l2=0.00704814 max_abs=0.00080051 relative=0.00590554 changed=True

[2026-05-28 18:11:22] Fold 5/5 | subject=35
[2026-05-28 18:11:22]     Train: 32 | counts=[16, 16]
[2026-05-28 18:11:22]     Test:  8 | counts=[4, 4]
[2026-05-28 18:11:22]     Model: SignalJEPA_PreLocal | Pretrained: from_pretrained | Strategy: new
[2026-05-28 18:11:22]     Normalization: none | fit_scope=none
[2026-05-28 18:11:22]     Phase 1 (new): 2,170/16,010 params
[2026-05-28 18:11:23]     Result | best_epoch=1 | stop=11 | final_phase_epochs=11 | acc=0.5000 | bal_acc=0.5000 | pred_hist=[0, 8] | collapse=True
[2026-05-28 18:11:23]     spatial_conv=[4, 29] top_abs_channels=[('Pz', 0.15323901), ('O2', 0.1437414), ('T3', 0.12673479), ('T4', 0.12208758), ('O1', 0.12206212), ('CP3', 0.12092441), ('C3', 0.1152309), ('CP4', 0.11073314)]
[2026-05-28 18:11:23]     spatial_update=delta_l2=0.00430783 max_abs=0.00040000 relative=0.00360947 changed=True
[2026-05-28 18:11:23]   Subject 35: acc=0.6000±0.1225  bal_acc=0.6000±0.1225
[2026-05-28 18:11:23] \nSubject 36: 40 windows | class_counts=[20, 20]

[2026-05-28 18:11:23] Fold 1/5 | subject=36
[2026-05-28 18:11:23]     Train: 32 | counts=[16, 16]
[2026-05-28 18:11:23]     Test:  8 | counts=[4, 4]
[2026-05-28 18:11:23]     Model: SignalJEPA_PreLocal | Pretrained: from_pretrained | Strategy: new
[2026-05-28 18:11:23]     Normalization: none | fit_scope=none
[2026-05-28 18:11:23]     Phase 1 (new): 2,170/16,010 params
[2026-05-28 18:11:24]     Result | best_epoch=4 | stop=11 | final_phase_epochs=11 | acc=0.5000 | bal_acc=0.5000 | pred_hist=[0, 8] | collapse=True
[2026-05-28 18:11:24]     spatial_conv=[4, 29] top_abs_channels=[('Pz', 0.15283903), ('O2', 0.14414138), ('T3', 0.12673478), ('T4', 0.12228759), ('O1', 0.12186213), ('CP3', 0.12092439), ('C3', 0.11563089), ('CP4', 0.11053313)]
[2026-05-28 18:11:24]     spatial_update=delta_l2=0.00430807 max_abs=0.00040001 relative=0.00360967 changed=True

[2026-05-28 18:11:24] Fold 2/5 | subject=36
[2026-05-28 18:11:24]     Train: 32 | counts=[16, 16]
[2026-05-28 18:11:24]     Test:  8 | counts=[4, 4]
[2026-05-28 18:11:24]     Model: SignalJEPA_PreLocal | Pretrained: from_pretrained | Strategy: new
[2026-05-28 18:11:24]     Normalization: none | fit_scope=none
[2026-05-28 18:11:24]     Phase 1 (new): 2,170/16,010 params
[2026-05-28 18:11:24]     Result | best_epoch=4 | stop=14 | final_phase_epochs=14 | acc=0.5000 | bal_acc=0.5000 | pred_hist=[0, 8] | collapse=True
[2026-05-28 18:11:24]     spatial_conv=[4, 29] top_abs_channels=[('Pz', 0.15291467), ('O2', 0.14337899), ('T3', 0.12768801), ('O1', 0.122652), ('CP3', 0.12150748), ('T4', 0.12139253), ('C3', 0.11638154), ('Fp1', 0.11043703)]
[2026-05-28 18:11:24]     spatial_update=delta_l2=0.01445200 max_abs=0.00160395 relative=0.01210913 changed=True

[2026-05-28 18:11:25] Fold 3/5 | subject=36
[2026-05-28 18:11:25]     Train: 32 | counts=[16, 16]
[2026-05-28 18:11:25]     Test:  8 | counts=[4, 4]
[2026-05-28 18:11:25]     Model: SignalJEPA_PreLocal | Pretrained: from_pretrained | Strategy: new
[2026-05-28 18:11:25]     Normalization: none | fit_scope=none
[2026-05-28 18:11:25]     Phase 1 (new): 2,170/16,010 params
[2026-05-28 18:11:25]     Result | best_epoch=1 | stop=11 | final_phase_epochs=11 | acc=0.5000 | bal_acc=0.5000 | pred_hist=[0, 8] | collapse=True
[2026-05-28 18:11:25]     spatial_conv=[4, 29] top_abs_channels=[('Pz', 0.15303901), ('O2', 0.14414138), ('T3', 0.12693477), ('T4', 0.12208757), ('O1', 0.12186213), ('CP3', 0.12132439), ('C3', 0.11563089), ('CP4', 0.11053313)]
[2026-05-28 18:11:25]     spatial_update=delta_l2=0.00430774 max_abs=0.00040000 relative=0.00360939 changed=True

[2026-05-28 18:11:26] Fold 4/5 | subject=36
[2026-05-28 18:11:26]     Train: 32 | counts=[16, 16]
[2026-05-28 18:11:26]     Test:  8 | counts=[4, 4]
[2026-05-28 18:11:26]     Model: SignalJEPA_PreLocal | Pretrained: from_pretrained | Strategy: new
[2026-05-28 18:11:26]     Normalization: none | fit_scope=none
[2026-05-28 18:11:26]     Phase 1 (new): 2,170/16,010 params
[2026-05-28 18:11:26]     Result | best_epoch=1 | stop=11 | final_phase_epochs=11 | acc=0.5000 | bal_acc=0.5000 | pred_hist=[0, 8] | collapse=True
[2026-05-28 18:11:26]     spatial_conv=[4, 29] top_abs_channels=[('Pz', 0.15323901), ('O2', 0.14394137), ('T3', 0.12673479), ('T4', 0.12228759), ('O1', 0.12226211), ('CP3', 0.1209244), ('C3', 0.11563089), ('CP4', 0.11073311)]
[2026-05-28 18:11:26]     spatial_update=delta_l2=0.00430802 max_abs=0.00040001 relative=0.00360963 changed=True

[2026-05-28 18:11:26] Fold 5/5 | subject=36
[2026-05-28 18:11:26]     Train: 32 | counts=[16, 16]
[2026-05-28 18:11:26]     Test:  8 | counts=[4, 4]
[2026-05-28 18:11:26]     Model: SignalJEPA_PreLocal | Pretrained: from_pretrained | Strategy: new
[2026-05-28 18:11:26]     Normalization: none | fit_scope=none
[2026-05-28 18:11:26]     Phase 1 (new): 2,170/16,010 params
[2026-05-28 18:11:27]     Result | best_epoch=1 | stop=11 | final_phase_epochs=11 | acc=0.5000 | bal_acc=0.5000 | pred_hist=[0, 8] | collapse=True
[2026-05-28 18:11:27]     spatial_conv=[4, 29] top_abs_channels=[('Pz', 0.153239), ('O2', 0.14394137), ('T3', 0.12673485), ('T4', 0.12228756), ('O1', 0.12226211), ('CP3', 0.12092435), ('C3', 0.11563087), ('CP4', 0.11073314)]
[2026-05-28 18:11:27]     spatial_update=delta_l2=0.00430787 max_abs=0.00040000 relative=0.00360951 changed=True
[2026-05-28 18:11:27]   Subject 36: acc=0.5000±0.0000  bal_acc=0.5000±0.0000
[2026-05-28 18:11:27] \nSubject 37: 40 windows | class_counts=[20, 20]

[2026-05-28 18:11:27] Fold 1/5 | subject=37
[2026-05-28 18:11:27]     Train: 32 | counts=[16, 16]
[2026-05-28 18:11:27]     Test:  8 | counts=[4, 4]
[2026-05-28 18:11:27]     Model: SignalJEPA_PreLocal | Pretrained: from_pretrained | Strategy: new
[2026-05-28 18:11:27]     Normalization: none | fit_scope=none
[2026-05-28 18:11:27]     Phase 1 (new): 2,170/16,010 params
[2026-05-28 18:11:28]     Result | best_epoch=49 | stop=50 | final_phase_epochs=50 | acc=0.5000 | bal_acc=0.5000 | pred_hist=[2, 6] | collapse=False
[2026-05-28 18:11:28]     spatial_conv=[4, 29] top_abs_channels=[('O2', 0.15032303), ('Pz', 0.14707996), ('T3', 0.13793731), ('CP3', 0.12189399), ('T4', 0.11846554), ('O1', 0.1177674), ('CP4', 0.11490668), ('T5', 0.11226207)]
[2026-05-28 18:11:28]     spatial_update=delta_l2=0.12008413 max_abs=0.01986178 relative=0.10061686 changed=True

[2026-05-28 18:11:29] Fold 2/5 | subject=37
[2026-05-28 18:11:29]     Train: 32 | counts=[16, 16]
[2026-05-28 18:11:29]     Test:  8 | counts=[4, 4]
[2026-05-28 18:11:29]     Model: SignalJEPA_PreLocal | Pretrained: from_pretrained | Strategy: new
[2026-05-28 18:11:29]     Normalization: none | fit_scope=none
[2026-05-28 18:11:29]     Phase 1 (new): 2,170/16,010 params
[2026-05-28 18:11:30]     Result | best_epoch=50 | stop=50 | final_phase_epochs=50 | acc=0.5000 | bal_acc=0.5000 | pred_hist=[4, 4] | collapse=False
[2026-05-28 18:11:30]     spatial_conv=[4, 29] top_abs_channels=[('O2', 0.14912307), ('Pz', 0.14828137), ('T3', 0.13278204), ('CP3', 0.13091676), ('T4', 0.12517692), ('O1', 0.12206123), ('T5', 0.11478284), ('Fp1', 0.11422148)]
[2026-05-28 18:11:30]     spatial_update=delta_l2=0.12401552 max_abs=0.02016816 relative=0.10391092 changed=True

[2026-05-28 18:11:30] Fold 3/5 | subject=37
[2026-05-28 18:11:30]     Train: 32 | counts=[16, 16]
[2026-05-28 18:11:30]     Test:  8 | counts=[4, 4]
[2026-05-28 18:11:30]     Model: SignalJEPA_PreLocal | Pretrained: from_pretrained | Strategy: new
[2026-05-28 18:11:30]     Normalization: none | fit_scope=none
[2026-05-28 18:11:30]     Phase 1 (new): 2,170/16,010 params
[2026-05-28 18:11:32]     Result | best_epoch=50 | stop=50 | final_phase_epochs=50 | acc=0.7500 | bal_acc=0.7500 | pred_hist=[4, 4] | collapse=False
[2026-05-28 18:11:32]     spatial_conv=[4, 29] top_abs_channels=[('O2', 0.14921747), ('Pz', 0.1486903), ('T3', 0.13597292), ('CP3', 0.12227219), ('T4', 0.11986685), ('C3', 0.11877551), ('O1', 0.11570278), ('CP4', 0.11544264)]
[2026-05-28 18:11:32]     spatial_update=delta_l2=0.12017490 max_abs=0.01870140 relative=0.10069291 changed=True

[2026-05-28 18:11:32] Fold 4/5 | subject=37
[2026-05-28 18:11:32]     Train: 32 | counts=[16, 16]
[2026-05-28 18:11:32]     Test:  8 | counts=[4, 4]
[2026-05-28 18:11:32]     Model: SignalJEPA_PreLocal | Pretrained: from_pretrained | Strategy: new
[2026-05-28 18:11:32]     Normalization: none | fit_scope=none
[2026-05-28 18:11:32]     Phase 1 (new): 2,170/16,010 params
[2026-05-28 18:11:34]     Result | best_epoch=50 | stop=50 | final_phase_epochs=50 | acc=0.5000 | bal_acc=0.5000 | pred_hist=[4, 4] | collapse=False
[2026-05-28 18:11:34]     spatial_conv=[4, 29] top_abs_channels=[('Pz', 0.15133397), ('O2', 0.14379047), ('T3', 0.13105558), ('O1', 0.12419337), ('P3', 0.12402597), ('CP3', 0.12185659), ('CP4', 0.11977077), ('C3', 0.11930753)]
[2026-05-28 18:11:34]     spatial_update=delta_l2=0.13718938 max_abs=0.02114926 relative=0.11494911 changed=True

[2026-05-28 18:11:34] Fold 5/5 | subject=37
[2026-05-28 18:11:34]     Train: 32 | counts=[16, 16]
[2026-05-28 18:11:34]     Test:  8 | counts=[4, 4]
[2026-05-28 18:11:34]     Model: SignalJEPA_PreLocal | Pretrained: from_pretrained | Strategy: new
[2026-05-28 18:11:34]     Normalization: none | fit_scope=none
[2026-05-28 18:11:34]     Phase 1 (new): 2,170/16,010 params
[2026-05-28 18:11:35]     Result | best_epoch=1 | stop=11 | final_phase_epochs=11 | acc=0.5000 | bal_acc=0.5000 | pred_hist=[0, 8] | collapse=True
[2026-05-28 18:11:35]     spatial_conv=[4, 29] top_abs_channels=[('Pz', 0.15303901), ('O2', 0.14434138), ('T3', 0.12673476), ('T4', 0.12188788), ('O1', 0.12186212), ('CP3', 0.12132439), ('C3', 0.11543089), ('CP4', 0.11113313)]
[2026-05-28 18:11:35]     spatial_update=delta_l2=0.00430790 max_abs=0.00040001 relative=0.00360953 changed=True
[2026-05-28 18:11:35]   Subject 37: acc=0.5500±0.1000  bal_acc=0.5500±0.1000
[2026-05-28 18:11:35] \nSubject 38: 40 windows | class_counts=[20, 20]

[2026-05-28 18:11:35] Fold 1/5 | subject=38
[2026-05-28 18:11:35]     Train: 32 | counts=[16, 16]
[2026-05-28 18:11:35]     Test:  8 | counts=[4, 4]
[2026-05-28 18:11:35]     Model: SignalJEPA_PreLocal | Pretrained: from_pretrained | Strategy: new
[2026-05-28 18:11:35]     Normalization: none | fit_scope=none
[2026-05-28 18:11:35]     Phase 1 (new): 2,170/16,010 params
[2026-05-28 18:11:36]     Result | best_epoch=49 | stop=50 | final_phase_epochs=50 | acc=0.3750 | bal_acc=0.3750 | pred_hist=[5, 3] | collapse=False
[2026-05-28 18:11:36]     spatial_conv=[4, 29] top_abs_channels=[('Pz', 0.15473029), ('O2', 0.13663459), ('T3', 0.12896129), ('T4', 0.12308747), ('O1', 0.12241597), ('CP3', 0.1197992), ('Fz', 0.11781406), ('Fp1', 0.1163121)]
[2026-05-28 18:11:36]     spatial_update=delta_l2=0.14277943 max_abs=0.02206912 relative=0.11963294 changed=True

[2026-05-28 18:11:37] Fold 2/5 | subject=38
[2026-05-28 18:11:37]     Train: 32 | counts=[16, 16]
[2026-05-28 18:11:37]     Test:  8 | counts=[4, 4]
[2026-05-28 18:11:37]     Model: SignalJEPA_PreLocal | Pretrained: from_pretrained | Strategy: new
[2026-05-28 18:11:37]     Normalization: none | fit_scope=none
[2026-05-28 18:11:37]     Phase 1 (new): 2,170/16,010 params
[2026-05-28 18:11:38]     Result | best_epoch=50 | stop=50 | final_phase_epochs=50 | acc=0.8750 | bal_acc=0.8750 | pred_hist=[3, 5] | collapse=False
[2026-05-28 18:11:38]     spatial_conv=[4, 29] top_abs_channels=[('Pz', 0.15638843), ('O2', 0.1384484), ('T3', 0.12927006), ('O1', 0.12223759), ('T4', 0.1214478), ('Fz', 0.11654393), ('CP3', 0.11598314), ('Fp1', 0.1152312)]
[2026-05-28 18:11:38]     spatial_update=delta_l2=0.13760207 max_abs=0.02241280 relative=0.11529490 changed=True

[2026-05-28 18:11:39] Fold 3/5 | subject=38
[2026-05-28 18:11:39]     Train: 32 | counts=[16, 16]
[2026-05-28 18:11:39]     Test:  8 | counts=[4, 4]
[2026-05-28 18:11:39]     Model: SignalJEPA_PreLocal | Pretrained: from_pretrained | Strategy: new
[2026-05-28 18:11:39]     Normalization: none | fit_scope=none
[2026-05-28 18:11:39]     Phase 1 (new): 2,170/16,010 params
[2026-05-28 18:11:40]     Result | best_epoch=50 | stop=50 | final_phase_epochs=50 | acc=0.7500 | bal_acc=0.7500 | pred_hist=[4, 4] | collapse=False
[2026-05-28 18:11:40]     spatial_conv=[4, 29] top_abs_channels=[('Pz', 0.16107181), ('O2', 0.14226091), ('O1', 0.12906049), ('T3', 0.12827837), ('T4', 0.11951923), ('Fp1', 0.11786222), ('CP3', 0.11748254), ('Fz', 0.11201593)]
[2026-05-28 18:11:40]     spatial_update=delta_l2=0.12427108 max_abs=0.02255493 relative=0.10412505 changed=True

[2026-05-28 18:11:41] Fold 4/5 | subject=38
[2026-05-28 18:11:41]     Train: 32 | counts=[16, 16]
[2026-05-28 18:11:41]     Test:  8 | counts=[4, 4]
[2026-05-28 18:11:41]     Model: SignalJEPA_PreLocal | Pretrained: from_pretrained | Strategy: new
[2026-05-28 18:11:41]     Normalization: none | fit_scope=none
[2026-05-28 18:11:41]     Phase 1 (new): 2,170/16,010 params
[2026-05-28 18:11:42]     Result | best_epoch=49 | stop=50 | final_phase_epochs=50 | acc=0.7500 | bal_acc=0.7500 | pred_hist=[2, 6] | collapse=False
[2026-05-28 18:11:42]     spatial_conv=[4, 29] top_abs_channels=[('Pz', 0.15310605), ('O2', 0.13283747), ('T3', 0.12731236), ('T4', 0.12488272), ('O1', 0.12379471), ('CP3', 0.11880824), ('Fz', 0.11645894), ('CP4', 0.11443105)]
[2026-05-28 18:11:42]     spatial_update=delta_l2=0.14365278 max_abs=0.02196380 relative=0.12036471 changed=True

[2026-05-28 18:11:43] Fold 5/5 | subject=38
[2026-05-28 18:11:43]     Train: 32 | counts=[16, 16]
[2026-05-28 18:11:43]     Test:  8 | counts=[4, 4]
[2026-05-28 18:11:43]     Model: SignalJEPA_PreLocal | Pretrained: from_pretrained | Strategy: new
[2026-05-28 18:11:43]     Normalization: none | fit_scope=none
[2026-05-28 18:11:43]     Phase 1 (new): 2,170/16,010 params
[2026-05-28 18:11:44]     Result | best_epoch=50 | stop=50 | final_phase_epochs=50 | acc=0.8750 | bal_acc=0.8750 | pred_hist=[3, 5] | collapse=False
[2026-05-28 18:11:44]     spatial_conv=[4, 29] top_abs_channels=[('Pz', 0.15616155), ('O2', 0.13999897), ('O1', 0.12961298), ('T4', 0.12869), ('T3', 0.12606122), ('CP3', 0.11775038), ('CP4', 0.11185705), ('C3', 0.1103397)]
[2026-05-28 18:11:44]     spatial_update=delta_l2=0.12708503 max_abs=0.02115092 relative=0.10648282 changed=True
[2026-05-28 18:11:44]   Subject 38: acc=0.7250±0.1837  bal_acc=0.7250±0.1837
[2026-05-28 18:11:44] \nSubject 39: 40 windows | class_counts=[20, 20]

[2026-05-28 18:11:45] Fold 1/5 | subject=39
[2026-05-28 18:11:45]     Train: 32 | counts=[16, 16]
[2026-05-28 18:11:45]     Test:  8 | counts=[4, 4]
[2026-05-28 18:11:45]     Model: SignalJEPA_PreLocal | Pretrained: from_pretrained | Strategy: new
[2026-05-28 18:11:45]     Normalization: none | fit_scope=none
[2026-05-28 18:11:45]     Phase 1 (new): 2,170/16,010 params
[2026-05-28 18:11:46]     Result | best_epoch=1 | stop=11 | final_phase_epochs=11 | acc=0.5000 | bal_acc=0.5000 | pred_hist=[0, 8] | collapse=True
[2026-05-28 18:11:46]     spatial_conv=[4, 29] top_abs_channels=[('Pz', 0.153439), ('O2', 0.14394139), ('T3', 0.12673479), ('T4', 0.12208759), ('O1', 0.12206211), ('CP3', 0.12072444), ('C3', 0.11543091), ('CP4', 0.11113312)]
[2026-05-28 18:11:46]     spatial_update=delta_l2=0.00430801 max_abs=0.00040000 relative=0.00360962 changed=True

[2026-05-28 18:11:46] Fold 2/5 | subject=39
[2026-05-28 18:11:46]     Train: 32 | counts=[16, 16]
[2026-05-28 18:11:46]     Test:  8 | counts=[4, 4]
[2026-05-28 18:11:46]     Model: SignalJEPA_PreLocal | Pretrained: from_pretrained | Strategy: new
[2026-05-28 18:11:46]     Normalization: none | fit_scope=none
[2026-05-28 18:11:46]     Phase 1 (new): 2,170/16,010 params
[2026-05-28 18:11:47]     Result | best_epoch=1 | stop=11 | final_phase_epochs=11 | acc=0.5000 | bal_acc=0.5000 | pred_hist=[0, 8] | collapse=True
[2026-05-28 18:11:47]     spatial_conv=[4, 29] top_abs_channels=[('Pz', 0.153439), ('O2', 0.14414141), ('T3', 0.12693478), ('T4', 0.12228759), ('O1', 0.12186211), ('CP3', 0.1207244), ('C3', 0.11503104), ('CP4', 0.11113314)]
[2026-05-28 18:11:47]     spatial_update=delta_l2=0.00430795 max_abs=0.00040000 relative=0.00360957 changed=True

[2026-05-28 18:11:47] Fold 3/5 | subject=39
[2026-05-28 18:11:47]     Train: 32 | counts=[16, 16]
[2026-05-28 18:11:47]     Test:  8 | counts=[4, 4]
[2026-05-28 18:11:47]     Model: SignalJEPA_PreLocal | Pretrained: from_pretrained | Strategy: new
[2026-05-28 18:11:47]     Normalization: none | fit_scope=none
[2026-05-28 18:11:47]     Phase 1 (new): 2,170/16,010 params
[2026-05-28 18:11:47]     Result | best_epoch=1 | stop=11 | final_phase_epochs=11 | acc=0.6250 | bal_acc=0.6250 | pred_hist=[1, 7] | collapse=False
[2026-05-28 18:11:47]     spatial_conv=[4, 29] top_abs_channels=[('Pz', 0.15303901), ('O2', 0.14414138), ('T3', 0.12653479), ('T4', 0.12208759), ('O1', 0.12206211), ('CP3', 0.12132439), ('C3', 0.11503091), ('CP4', 0.11093308)]
[2026-05-28 18:11:47]     spatial_update=delta_l2=0.00430791 max_abs=0.00040000 relative=0.00360954 changed=True

[2026-05-28 18:11:48] Fold 4/5 | subject=39
[2026-05-28 18:11:48]     Train: 32 | counts=[16, 16]
[2026-05-28 18:11:48]     Test:  8 | counts=[4, 4]
[2026-05-28 18:11:48]     Model: SignalJEPA_PreLocal | Pretrained: from_pretrained | Strategy: new
[2026-05-28 18:11:48]     Normalization: none | fit_scope=none
[2026-05-28 18:11:48]     Phase 1 (new): 2,170/16,010 params
[2026-05-28 18:11:48]     Result | best_epoch=1 | stop=11 | final_phase_epochs=11 | acc=0.5000 | bal_acc=0.5000 | pred_hist=[0, 8] | collapse=True
[2026-05-28 18:11:48]     spatial_conv=[4, 29] top_abs_channels=[('Pz', 0.15323901), ('O2', 0.14394139), ('T3', 0.12653479), ('T4', 0.12228759), ('O1', 0.12186214), ('CP3', 0.1209244), ('C3', 0.11543087), ('CP4', 0.11093313)]
[2026-05-28 18:11:48]     spatial_update=delta_l2=0.00430799 max_abs=0.00040000 relative=0.00360960 changed=True

[2026-05-28 18:11:49] Fold 5/5 | subject=39
[2026-05-28 18:11:49]     Train: 32 | counts=[16, 16]
[2026-05-28 18:11:49]     Test:  8 | counts=[4, 4]
[2026-05-28 18:11:49]     Model: SignalJEPA_PreLocal | Pretrained: from_pretrained | Strategy: new
[2026-05-28 18:11:49]     Normalization: none | fit_scope=none
[2026-05-28 18:11:49]     Phase 1 (new): 2,170/16,010 params
[2026-05-28 18:11:49]     Result | best_epoch=1 | stop=11 | final_phase_epochs=11 | acc=0.5000 | bal_acc=0.5000 | pred_hist=[0, 8] | collapse=True
[2026-05-28 18:11:49]     spatial_conv=[4, 29] top_abs_channels=[('Pz', 0.15303901), ('O2', 0.14414138), ('T3', 0.12673478), ('T4', 0.12228758), ('O1', 0.12226211), ('CP3', 0.12072444), ('C3', 0.11543084), ('CP4', 0.11093314)]
[2026-05-28 18:11:49]     spatial_update=delta_l2=0.00430799 max_abs=0.00040000 relative=0.00360960 changed=True
[2026-05-28 18:11:49]   Subject 39: acc=0.5250±0.0500  bal_acc=0.5250±0.0500
[2026-05-28 18:11:49] \nSubject 40: 40 windows | class_counts=[20, 20]

[2026-05-28 18:11:50] Fold 1/5 | subject=40
[2026-05-28 18:11:50]     Train: 32 | counts=[16, 16]
[2026-05-28 18:11:50]     Test:  8 | counts=[4, 4]
[2026-05-28 18:11:50]     Model: SignalJEPA_PreLocal | Pretrained: from_pretrained | Strategy: new
[2026-05-28 18:11:50]     Normalization: none | fit_scope=none
[2026-05-28 18:11:50]     Phase 1 (new): 2,170/16,010 params
[2026-05-28 18:11:50]     Result | best_epoch=23 | stop=28 | final_phase_epochs=28 | acc=0.5000 | bal_acc=0.5000 | pred_hist=[4, 4] | collapse=False
[2026-05-28 18:11:50]     spatial_conv=[4, 29] top_abs_channels=[('Pz', 0.15218487), ('O2', 0.14537981), ('T3', 0.12704727), ('O1', 0.12472494), ('T4', 0.12074585), ('CP3', 0.11982532), ('C3', 0.11470284), ('P3', 0.11134553)]
[2026-05-28 18:11:50]     spatial_update=delta_l2=0.05002954 max_abs=0.00715135 relative=0.04191907 changed=True

[2026-05-28 18:11:51] Fold 2/5 | subject=40
[2026-05-28 18:11:51]     Train: 32 | counts=[16, 16]
[2026-05-28 18:11:51]     Test:  8 | counts=[4, 4]
[2026-05-28 18:11:51]     Model: SignalJEPA_PreLocal | Pretrained: from_pretrained | Strategy: new
[2026-05-28 18:11:51]     Normalization: none | fit_scope=none
[2026-05-28 18:11:51]     Phase 1 (new): 2,170/16,010 params
[2026-05-28 18:11:52]     Result | best_epoch=14 | stop=23 | final_phase_epochs=23 | acc=0.5000 | bal_acc=0.5000 | pred_hist=[0, 8] | collapse=True
[2026-05-28 18:11:52]     spatial_conv=[4, 29] top_abs_channels=[('Pz', 0.15153569), ('O2', 0.14496529), ('T3', 0.12890546), ('O1', 0.12429124), ('T4', 0.12108631), ('CP3', 0.11961395), ('C3', 0.11435264), ('CP4', 0.11139663)]
[2026-05-28 18:11:52]     spatial_update=delta_l2=0.03631279 max_abs=0.00507648 relative=0.03042599 changed=True

[2026-05-28 18:11:52] Fold 3/5 | subject=40
[2026-05-28 18:11:52]     Train: 32 | counts=[16, 16]
[2026-05-28 18:11:52]     Test:  8 | counts=[4, 4]
[2026-05-28 18:11:52]     Model: SignalJEPA_PreLocal | Pretrained: from_pretrained | Strategy: new
[2026-05-28 18:11:52]     Normalization: none | fit_scope=none
[2026-05-28 18:11:52]     Phase 1 (new): 2,170/16,010 params
[2026-05-28 18:11:53]     Result | best_epoch=6 | stop=14 | final_phase_epochs=14 | acc=0.5000 | bal_acc=0.5000 | pred_hist=[0, 8] | collapse=True
[2026-05-28 18:11:53]     spatial_conv=[4, 29] top_abs_channels=[('Pz', 0.15301256), ('O2', 0.14489612), ('T3', 0.12662438), ('O1', 0.12166201), ('T4', 0.12153535), ('CP3', 0.12040585), ('C3', 0.11487582), ('CP4', 0.11132059)]
[2026-05-28 18:11:53]     spatial_update=delta_l2=0.01272039 max_abs=0.00160159 relative=0.01065824 changed=True

[2026-05-28 18:11:53] Fold 4/5 | subject=40
[2026-05-28 18:11:53]     Train: 32 | counts=[16, 16]
[2026-05-28 18:11:53]     Test:  8 | counts=[4, 4]
[2026-05-28 18:11:53]     Model: SignalJEPA_PreLocal | Pretrained: from_pretrained | Strategy: new
[2026-05-28 18:11:53]     Normalization: none | fit_scope=none
[2026-05-28 18:11:53]     Phase 1 (new): 2,170/16,010 params
[2026-05-28 18:11:54]     Result | best_epoch=22 | stop=30 | final_phase_epochs=30 | acc=0.7500 | bal_acc=0.7500 | pred_hist=[2, 6] | collapse=False
[2026-05-28 18:11:54]     spatial_conv=[4, 29] top_abs_channels=[('Pz', 0.15437274), ('O2', 0.14551109), ('T3', 0.12405175), ('O1', 0.12232982), ('T4', 0.11938071), ('CP3', 0.11902058), ('C3', 0.11511866), ('CP4', 0.11386688)]
[2026-05-28 18:11:54]     spatial_update=delta_l2=0.05228258 max_abs=0.00771268 relative=0.04380687 changed=True

[2026-05-28 18:11:54] Fold 5/5 | subject=40
[2026-05-28 18:11:54]     Train: 32 | counts=[16, 16]
[2026-05-28 18:11:54]     Test:  8 | counts=[4, 4]
[2026-05-28 18:11:54]     Model: SignalJEPA_PreLocal | Pretrained: from_pretrained | Strategy: new
[2026-05-28 18:11:54]     Normalization: none | fit_scope=none
[2026-05-28 18:11:54]     Phase 1 (new): 2,170/16,010 params
[2026-05-28 18:11:55]     Result | best_epoch=1 | stop=11 | final_phase_epochs=11 | acc=0.5000 | bal_acc=0.5000 | pred_hist=[0, 8] | collapse=True
[2026-05-28 18:11:55]     spatial_conv=[4, 29] top_abs_channels=[('Pz', 0.15303901), ('O2', 0.14414138), ('T3', 0.12673479), ('O1', 0.12226213), ('T4', 0.12208767), ('CP3', 0.12092441), ('C3', 0.11503091), ('CP4', 0.11093313)]
[2026-05-28 18:11:55]     spatial_update=delta_l2=0.00430797 max_abs=0.00040001 relative=0.00360959 changed=True
[2026-05-28 18:11:55]   Subject 40: acc=0.5500±0.1000  bal_acc=0.5500±0.1000
[2026-05-28 18:11:55] \nSubject 41: 40 windows | class_counts=[20, 20]

[2026-05-28 18:11:55] Fold 1/5 | subject=41
[2026-05-28 18:11:55]     Train: 32 | counts=[16, 16]
[2026-05-28 18:11:55]     Test:  8 | counts=[4, 4]
[2026-05-28 18:11:55]     Model: SignalJEPA_PreLocal | Pretrained: from_pretrained | Strategy: new
[2026-05-28 18:11:55]     Normalization: none | fit_scope=none
[2026-05-28 18:11:55]     Phase 1 (new): 2,170/16,010 params
[2026-05-28 18:11:56]     Result | best_epoch=50 | stop=50 | final_phase_epochs=50 | acc=0.3750 | bal_acc=0.3750 | pred_hist=[1, 7] | collapse=False
[2026-05-28 18:11:56]     spatial_conv=[4, 29] top_abs_channels=[('O2', 0.15135068), ('Pz', 0.14601023), ('T3', 0.12488735), ('CP3', 0.12135103), ('O1', 0.11992446), ('C3', 0.11760914), ('P3', 0.11483274), ('T4', 0.11356848)]
[2026-05-28 18:11:56]     spatial_update=delta_l2=0.12566376 max_abs=0.02196839 relative=0.10529195 changed=True

[2026-05-28 18:11:57] Fold 2/5 | subject=41
[2026-05-28 18:11:57]     Train: 32 | counts=[16, 16]
[2026-05-28 18:11:57]     Test:  8 | counts=[4, 4]
[2026-05-28 18:11:57]     Model: SignalJEPA_PreLocal | Pretrained: from_pretrained | Strategy: new
[2026-05-28 18:11:57]     Normalization: none | fit_scope=none
[2026-05-28 18:11:57]     Phase 1 (new): 2,170/16,010 params
[2026-05-28 18:11:58]     Result | best_epoch=50 | stop=50 | final_phase_epochs=50 | acc=0.7500 | bal_acc=0.7500 | pred_hist=[2, 6] | collapse=False
[2026-05-28 18:11:58]     spatial_conv=[4, 29] top_abs_channels=[('O2', 0.15371704), ('Pz', 0.147746), ('T3', 0.1294435), ('O1', 0.12028998), ('T4', 0.11783288), ('CP3', 0.11760204), ('C3', 0.1174394), ('CP4', 0.10867424)]
[2026-05-28 18:11:58]     spatial_update=delta_l2=0.12223058 max_abs=0.01988205 relative=0.10241534 changed=True

[2026-05-28 18:11:59] Fold 3/5 | subject=41
[2026-05-28 18:11:59]     Train: 32 | counts=[16, 16]
[2026-05-28 18:11:59]     Test:  8 | counts=[4, 4]
[2026-05-28 18:11:59]     Model: SignalJEPA_PreLocal | Pretrained: from_pretrained | Strategy: new
[2026-05-28 18:11:59]     Normalization: none | fit_scope=none
[2026-05-28 18:11:59]     Phase 1 (new): 2,170/16,010 params
[2026-05-28 18:11:59]     Result | best_epoch=2 | stop=11 | final_phase_epochs=11 | acc=0.5000 | bal_acc=0.5000 | pred_hist=[0, 8] | collapse=True
[2026-05-28 18:11:59]     spatial_conv=[4, 29] top_abs_channels=[('Pz', 0.15263903), ('O2', 0.14454132), ('T3', 0.1263348), ('T4', 0.1218876), ('O1', 0.12146214), ('CP3', 0.12132439), ('C3', 0.11523091), ('CP4', 0.11093307)]
[2026-05-28 18:11:59]     spatial_update=delta_l2=0.00430795 max_abs=0.00040000 relative=0.00360958 changed=True

[2026-05-28 18:12:00] Fold 4/5 | subject=41
[2026-05-28 18:12:00]     Train: 32 | counts=[16, 16]
[2026-05-28 18:12:00]     Test:  8 | counts=[4, 4]
[2026-05-28 18:12:00]     Model: SignalJEPA_PreLocal | Pretrained: from_pretrained | Strategy: new
[2026-05-28 18:12:00]     Normalization: none | fit_scope=none
[2026-05-28 18:12:00]     Phase 1 (new): 2,170/16,010 params
[2026-05-28 18:12:00]     Result | best_epoch=6 | stop=14 | final_phase_epochs=14 | acc=0.5000 | bal_acc=0.5000 | pred_hist=[0, 8] | collapse=True
[2026-05-28 18:12:00]     spatial_conv=[4, 29] top_abs_channels=[('Pz', 0.1529052), ('O2', 0.14488779), ('T3', 0.12598625), ('T4', 0.12173946), ('CP3', 0.12112972), ('O1', 0.12103492), ('C3', 0.11574257), ('CP4', 0.11057667)]
[2026-05-28 18:12:00]     spatial_update=delta_l2=0.01351692 max_abs=0.00159557 relative=0.01132565 changed=True

[2026-05-28 18:12:01] Fold 5/5 | subject=41
[2026-05-28 18:12:01]     Train: 32 | counts=[16, 16]
[2026-05-28 18:12:01]     Test:  8 | counts=[4, 4]
[2026-05-28 18:12:01]     Model: SignalJEPA_PreLocal | Pretrained: from_pretrained | Strategy: new
[2026-05-28 18:12:01]     Normalization: none | fit_scope=none
[2026-05-28 18:12:01]     Phase 1 (new): 2,170/16,010 params
[2026-05-28 18:12:01]     Result | best_epoch=13 | stop=23 | final_phase_epochs=23 | acc=0.6250 | bal_acc=0.6250 | pred_hist=[1, 7] | collapse=False
[2026-05-28 18:12:01]     spatial_conv=[4, 29] top_abs_channels=[('Pz', 0.15265138), ('O2', 0.14760631), ('T3', 0.12426302), ('CP3', 0.12133075), ('O1', 0.12012087), ('T4', 0.11963162), ('C3', 0.1169804), ('CP4', 0.11191776)]
[2026-05-28 18:12:01]     spatial_update=delta_l2=0.03961266 max_abs=0.00522217 relative=0.03319091 changed=True
[2026-05-28 18:12:01]   Subject 41: acc=0.5500±0.1275  bal_acc=0.5500±0.1275
[2026-05-28 18:12:01] \nSubject 42: 40 windows | class_counts=[20, 20]

[2026-05-28 18:12:02] Fold 1/5 | subject=42
[2026-05-28 18:12:02]     Train: 32 | counts=[16, 16]
[2026-05-28 18:12:02]     Test:  8 | counts=[4, 4]
[2026-05-28 18:12:02]     Model: SignalJEPA_PreLocal | Pretrained: from_pretrained | Strategy: new
[2026-05-28 18:12:02]     Normalization: none | fit_scope=none
[2026-05-28 18:12:02]     Phase 1 (new): 2,170/16,010 params
[2026-05-28 18:12:02]     Result | best_epoch=2 | stop=11 | final_phase_epochs=11 | acc=0.6250 | bal_acc=0.6250 | pred_hist=[3, 5] | collapse=False
[2026-05-28 18:12:02]     spatial_conv=[4, 29] top_abs_channels=[('Pz', 0.15283883), ('O2', 0.14394139), ('T3', 0.12673479), ('O1', 0.12226211), ('T4', 0.12208759), ('CP3', 0.12132439), ('C3', 0.1152309), ('CP4', 0.11113313)]
[2026-05-28 18:12:02]     spatial_update=delta_l2=0.00430795 max_abs=0.00040000 relative=0.00360958 changed=True

[2026-05-28 18:12:02] Fold 2/5 | subject=42
[2026-05-28 18:12:02]     Train: 32 | counts=[16, 16]
[2026-05-28 18:12:02]     Test:  8 | counts=[4, 4]
[2026-05-28 18:12:02]     Model: SignalJEPA_PreLocal | Pretrained: from_pretrained | Strategy: new
[2026-05-28 18:12:02]     Normalization: none | fit_scope=none
[2026-05-28 18:12:02]     Phase 1 (new): 2,170/16,010 params
[2026-05-28 18:12:04]     Result | best_epoch=50 | stop=50 | final_phase_epochs=50 | acc=0.6250 | bal_acc=0.6250 | pred_hist=[3, 5] | collapse=False
[2026-05-28 18:12:04]     spatial_conv=[4, 29] top_abs_channels=[('Pz', 0.15194806), ('O2', 0.14212112), ('T4', 0.13101557), ('O1', 0.12919444), ('T3', 0.12841904), ('CP3', 0.12593457), ('Fp1', 0.12109081), ('P4', 0.10996723)]
[2026-05-28 18:12:04]     spatial_update=delta_l2=0.13406604 max_abs=0.02135076 relative=0.11233211 changed=True

[2026-05-28 18:12:04] Fold 3/5 | subject=42
[2026-05-28 18:12:04]     Train: 32 | counts=[16, 16]
[2026-05-28 18:12:04]     Test:  8 | counts=[4, 4]
[2026-05-28 18:12:04]     Model: SignalJEPA_PreLocal | Pretrained: from_pretrained | Strategy: new
[2026-05-28 18:12:04]     Normalization: none | fit_scope=none
[2026-05-28 18:12:04]     Phase 1 (new): 2,170/16,010 params
[2026-05-28 18:12:05]     Result | best_epoch=13 | stop=23 | final_phase_epochs=23 | acc=0.5000 | bal_acc=0.5000 | pred_hist=[2, 6] | collapse=False
[2026-05-28 18:12:05]     spatial_conv=[4, 29] top_abs_channels=[('Pz', 0.15600595), ('O2', 0.14346707), ('T3', 0.12741816), ('O1', 0.12466341), ('T4', 0.12128113), ('CP3', 0.12095091), ('C3', 0.11289531), ('Fp1', 0.11216297)]
[2026-05-28 18:12:05]     spatial_update=delta_l2=0.04037990 max_abs=0.00516528 relative=0.03383377 changed=True

[2026-05-28 18:12:05] Fold 4/5 | subject=42
[2026-05-28 18:12:05]     Train: 32 | counts=[16, 16]
[2026-05-28 18:12:05]     Test:  8 | counts=[4, 4]
[2026-05-28 18:12:05]     Model: SignalJEPA_PreLocal | Pretrained: from_pretrained | Strategy: new
[2026-05-28 18:12:05]     Normalization: none | fit_scope=none
[2026-05-28 18:12:05]     Phase 1 (new): 2,170/16,010 params
[2026-05-28 18:12:06]     Result | best_epoch=13 | stop=23 | final_phase_epochs=23 | acc=0.5000 | bal_acc=0.5000 | pred_hist=[0, 8] | collapse=True
[2026-05-28 18:12:06]     spatial_conv=[4, 29] top_abs_channels=[('Pz', 0.15368681), ('O2', 0.14339592), ('T3', 0.12709984), ('O1', 0.12170643), ('CP3', 0.12115466), ('T4', 0.11993991), ('C3', 0.11428073), ('CP4', 0.10979035)]
[2026-05-28 18:12:06]     spatial_update=delta_l2=0.03870603 max_abs=0.00514232 relative=0.03243125 changed=True

[2026-05-28 18:12:07] Fold 5/5 | subject=42
[2026-05-28 18:12:07]     Train: 32 | counts=[16, 16]
[2026-05-28 18:12:07]     Test:  8 | counts=[4, 4]
[2026-05-28 18:12:07]     Model: SignalJEPA_PreLocal | Pretrained: from_pretrained | Strategy: new
[2026-05-28 18:12:07]     Normalization: none | fit_scope=none
[2026-05-28 18:12:07]     Phase 1 (new): 2,170/16,010 params
[2026-05-28 18:12:07]     Result | best_epoch=1 | stop=11 | final_phase_epochs=11 | acc=0.6250 | bal_acc=0.6250 | pred_hist=[1, 7] | collapse=False
[2026-05-28 18:12:07]     spatial_conv=[4, 29] top_abs_channels=[('Pz', 0.15303904), ('O2', 0.14434138), ('T3', 0.12693478), ('O1', 0.12226211), ('T4', 0.12208757), ('CP3', 0.12092439), ('C3', 0.1152309), ('CP4', 0.11093313)]
[2026-05-28 18:12:07]     spatial_update=delta_l2=0.00430792 max_abs=0.00040000 relative=0.00360955 changed=True
[2026-05-28 18:12:07]   Subject 42: acc=0.5750±0.0612  bal_acc=0.5750±0.0612
[2026-05-28 18:12:07] \nSubject 43: 40 windows | class_counts=[20, 20]

[2026-05-28 18:12:07] Fold 1/5 | subject=43
[2026-05-28 18:12:07]     Train: 32 | counts=[16, 16]
[2026-05-28 18:12:07]     Test:  8 | counts=[4, 4]
[2026-05-28 18:12:07]     Model: SignalJEPA_PreLocal | Pretrained: from_pretrained | Strategy: new
[2026-05-28 18:12:07]     Normalization: none | fit_scope=none
[2026-05-28 18:12:07]     Phase 1 (new): 2,170/16,010 params
[2026-05-28 18:12:08]     Result | best_epoch=1 | stop=11 | final_phase_epochs=11 | acc=0.6250 | bal_acc=0.6250 | pred_hist=[1, 7] | collapse=False
[2026-05-28 18:12:08]     spatial_conv=[4, 29] top_abs_channels=[('Pz', 0.15283898), ('O2', 0.14434138), ('T3', 0.12693477), ('T4', 0.12168759), ('O1', 0.12166213), ('CP3', 0.12072441), ('C3', 0.11543089), ('CP4', 0.11093313)]
[2026-05-28 18:12:08]     spatial_update=delta_l2=0.00430799 max_abs=0.00040001 relative=0.00360960 changed=True

[2026-05-28 18:12:08] Fold 2/5 | subject=43
[2026-05-28 18:12:08]     Train: 32 | counts=[16, 16]
[2026-05-28 18:12:08]     Test:  8 | counts=[4, 4]
[2026-05-28 18:12:08]     Model: SignalJEPA_PreLocal | Pretrained: from_pretrained | Strategy: new
[2026-05-28 18:12:08]     Normalization: none | fit_scope=none
[2026-05-28 18:12:08]     Phase 1 (new): 2,170/16,010 params
[2026-05-28 18:12:09]     Result | best_epoch=14 | stop=14 | final_phase_epochs=14 | acc=0.5000 | bal_acc=0.5000 | pred_hist=[0, 8] | collapse=True
[2026-05-28 18:12:09]     spatial_conv=[4, 29] top_abs_channels=[('Pz', 0.15217003), ('O2', 0.14479291), ('T3', 0.1273699), ('O1', 0.1218382), ('T4', 0.12165408), ('CP3', 0.12133496), ('C3', 0.11576843), ('CP4', 0.11021269)]
[2026-05-28 18:12:09]     spatial_update=delta_l2=0.01376251 max_abs=0.00159642 relative=0.01153142 changed=True

[2026-05-28 18:12:09] Fold 3/5 | subject=43
[2026-05-28 18:12:09]     Train: 32 | counts=[16, 16]
[2026-05-28 18:12:09]     Test:  8 | counts=[4, 4]
[2026-05-28 18:12:09]     Model: SignalJEPA_PreLocal | Pretrained: from_pretrained | Strategy: new
[2026-05-28 18:12:09]     Normalization: none | fit_scope=none
[2026-05-28 18:12:09]     Phase 1 (new): 2,170/16,010 params
[2026-05-28 18:12:10]     Result | best_epoch=4 | stop=14 | final_phase_epochs=14 | acc=0.5000 | bal_acc=0.5000 | pred_hist=[0, 8] | collapse=True
[2026-05-28 18:12:10]     spatial_conv=[4, 29] top_abs_channels=[('Pz', 0.15212102), ('O2', 0.14551914), ('T3', 0.12735747), ('T4', 0.12197722), ('O1', 0.12108947), ('CP3', 0.12016027), ('C3', 0.11596698), ('CP4', 0.11025655)]
[2026-05-28 18:12:10]     spatial_update=delta_l2=0.01350685 max_abs=0.00159758 relative=0.01131721 changed=True

[2026-05-28 18:12:10] Fold 4/5 | subject=43
[2026-05-28 18:12:10]     Train: 32 | counts=[16, 16]
[2026-05-28 18:12:10]     Test:  8 | counts=[4, 4]
[2026-05-28 18:12:10]     Model: SignalJEPA_PreLocal | Pretrained: from_pretrained | Strategy: new
[2026-05-28 18:12:10]     Normalization: none | fit_scope=none
[2026-05-28 18:12:10]     Phase 1 (new): 2,170/16,010 params
[2026-05-28 18:12:11]     Result | best_epoch=4 | stop=11 | final_phase_epochs=11 | acc=0.5000 | bal_acc=0.5000 | pred_hist=[0, 8] | collapse=True
[2026-05-28 18:12:11]     spatial_conv=[4, 29] top_abs_channels=[('Pz', 0.15283902), ('O2', 0.14434138), ('T3', 0.12693474), ('T4', 0.12208758), ('O1', 0.12186212), ('CP3', 0.12072439), ('C3', 0.11543089), ('CP4', 0.11073314)]
[2026-05-28 18:12:11]     spatial_update=delta_l2=0.00430786 max_abs=0.00040000 relative=0.00360949 changed=True

[2026-05-28 18:12:11] Fold 5/5 | subject=43
[2026-05-28 18:12:11]     Train: 32 | counts=[16, 16]
[2026-05-28 18:12:11]     Test:  8 | counts=[4, 4]
[2026-05-28 18:12:11]     Model: SignalJEPA_PreLocal | Pretrained: from_pretrained | Strategy: new
[2026-05-28 18:12:11]     Normalization: none | fit_scope=none
[2026-05-28 18:12:11]     Phase 1 (new): 2,170/16,010 params
[2026-05-28 18:12:12]     Result | best_epoch=1 | stop=11 | final_phase_epochs=11 | acc=0.5000 | bal_acc=0.5000 | pred_hist=[0, 8] | collapse=True
[2026-05-28 18:12:12]     spatial_conv=[4, 29] top_abs_channels=[('Pz', 0.15283903), ('O2', 0.14414138), ('T3', 0.12693405), ('T4', 0.1218876), ('O1', 0.12186212), ('CP3', 0.12132439), ('C3', 0.11523087), ('CP4', 0.11113314)]
[2026-05-28 18:12:12]     spatial_update=delta_l2=0.00430755 max_abs=0.00040001 relative=0.00360924 changed=True
[2026-05-28 18:12:12]   Subject 43: acc=0.5250±0.0500  bal_acc=0.5250±0.0500
[2026-05-28 18:12:12] \nSubject 44: 40 windows | class_counts=[20, 20]

[2026-05-28 18:12:12] Fold 1/5 | subject=44
[2026-05-28 18:12:12]     Train: 32 | counts=[16, 16]
[2026-05-28 18:12:12]     Test:  8 | counts=[4, 4]
[2026-05-28 18:12:12]     Model: SignalJEPA_PreLocal | Pretrained: from_pretrained | Strategy: new
[2026-05-28 18:12:12]     Normalization: none | fit_scope=none
[2026-05-28 18:12:12]     Phase 1 (new): 2,170/16,010 params
[2026-05-28 18:12:13]     Result | best_epoch=50 | stop=50 | final_phase_epochs=50 | acc=0.6250 | bal_acc=0.6250 | pred_hist=[3, 5] | collapse=False
[2026-05-28 18:12:13]     spatial_conv=[4, 29] top_abs_channels=[('Pz', 0.14906445), ('O2', 0.14235869), ('T3', 0.13083911), ('T4', 0.12497415), ('C3', 0.12483461), ('CP3', 0.12296163), ('Fp1', 0.11135292), ('O1', 0.10890458)]
[2026-05-28 18:12:13]     spatial_update=delta_l2=0.11180557 max_abs=0.02014087 relative=0.09368037 changed=True

[2026-05-28 18:12:14] Fold 2/5 | subject=44
[2026-05-28 18:12:14]     Train: 32 | counts=[16, 16]
[2026-05-28 18:12:14]     Test:  8 | counts=[4, 4]
[2026-05-28 18:12:14]     Model: SignalJEPA_PreLocal | Pretrained: from_pretrained | Strategy: new
[2026-05-28 18:12:14]     Normalization: none | fit_scope=none
[2026-05-28 18:12:14]     Phase 1 (new): 2,170/16,010 params
[2026-05-28 18:12:14]     Result | best_epoch=1 | stop=11 | final_phase_epochs=11 | acc=0.5000 | bal_acc=0.5000 | pred_hist=[0, 8] | collapse=True
[2026-05-28 18:12:14]     spatial_conv=[4, 29] top_abs_channels=[('Pz', 0.15283902), ('O2', 0.14414138), ('T3', 0.12693477), ('T4', 0.12208761), ('O1', 0.12146214), ('CP3', 0.12112439), ('C3', 0.11563087), ('CP4', 0.11073314)]
[2026-05-28 18:12:14]     spatial_update=delta_l2=0.00430798 max_abs=0.00040000 relative=0.00360959 changed=True

[2026-05-28 18:12:15] Fold 3/5 | subject=44
[2026-05-28 18:12:15]     Train: 32 | counts=[16, 16]
[2026-05-28 18:12:15]     Test:  8 | counts=[4, 4]
[2026-05-28 18:12:15]     Model: SignalJEPA_PreLocal | Pretrained: from_pretrained | Strategy: new
[2026-05-28 18:12:15]     Normalization: none | fit_scope=none
[2026-05-28 18:12:15]     Phase 1 (new): 2,170/16,010 params
[2026-05-28 18:12:15]     Result | best_epoch=1 | stop=11 | final_phase_epochs=11 | acc=0.5000 | bal_acc=0.5000 | pred_hist=[0, 8] | collapse=True
[2026-05-28 18:12:15]     spatial_conv=[4, 29] top_abs_channels=[('Pz', 0.152839), ('O2', 0.14414138), ('T3', 0.12693477), ('T4', 0.12208758), ('O1', 0.12146214), ('CP3', 0.12132438), ('C3', 0.11563089), ('CP4', 0.11053313)]
[2026-05-28 18:12:15]     spatial_update=delta_l2=0.00430801 max_abs=0.00040001 relative=0.00360962 changed=True

[2026-05-28 18:12:16] Fold 4/5 | subject=44
[2026-05-28 18:12:16]     Train: 32 | counts=[16, 16]
[2026-05-28 18:12:16]     Test:  8 | counts=[4, 4]
[2026-05-28 18:12:16]     Model: SignalJEPA_PreLocal | Pretrained: from_pretrained | Strategy: new
[2026-05-28 18:12:16]     Normalization: none | fit_scope=none
[2026-05-28 18:12:16]     Phase 1 (new): 2,170/16,010 params
[2026-05-28 18:12:16]     Result | best_epoch=1 | stop=11 | final_phase_epochs=11 | acc=0.5000 | bal_acc=0.5000 | pred_hist=[0, 8] | collapse=True
[2026-05-28 18:12:16]     spatial_conv=[4, 29] top_abs_channels=[('Pz', 0.15263903), ('O2', 0.14434138), ('T3', 0.12673479), ('T4', 0.1218876), ('O1', 0.12166212), ('CP3', 0.12132394), ('C3', 0.11523092), ('CP4', 0.11073313)]
[2026-05-28 18:12:16]     spatial_update=delta_l2=0.00430786 max_abs=0.00040001 relative=0.00360950 changed=True

[2026-05-28 18:12:16] Fold 5/5 | subject=44
[2026-05-28 18:12:16]     Train: 32 | counts=[16, 16]
[2026-05-28 18:12:16]     Test:  8 | counts=[4, 4]
[2026-05-28 18:12:16]     Model: SignalJEPA_PreLocal | Pretrained: from_pretrained | Strategy: new
[2026-05-28 18:12:16]     Normalization: none | fit_scope=none
[2026-05-28 18:12:16]     Phase 1 (new): 2,170/16,010 params
[2026-05-28 18:12:17]     Result | best_epoch=1 | stop=11 | final_phase_epochs=11 | acc=0.5000 | bal_acc=0.5000 | pred_hist=[0, 8] | collapse=True
[2026-05-28 18:12:17]     spatial_conv=[4, 29] top_abs_channels=[('Pz', 0.15283902), ('O2', 0.14414139), ('T3', 0.12693477), ('T4', 0.12228758), ('O1', 0.12146214), ('CP3', 0.12132438), ('C3', 0.11543089), ('CP4', 0.11113268)]
[2026-05-28 18:12:17]     spatial_update=delta_l2=0.00430768 max_abs=0.00040000 relative=0.00360934 changed=True
[2026-05-28 18:12:17]   Subject 44: acc=0.5250±0.0500  bal_acc=0.5250±0.0500
[2026-05-28 18:12:17] \nSubject 45: 40 windows | class_counts=[20, 20]

[2026-05-28 18:12:17] Fold 1/5 | subject=45
[2026-05-28 18:12:17]     Train: 32 | counts=[16, 16]
[2026-05-28 18:12:17]     Test:  8 | counts=[4, 4]
[2026-05-28 18:12:17]     Model: SignalJEPA_PreLocal | Pretrained: from_pretrained | Strategy: new
[2026-05-28 18:12:17]     Normalization: none | fit_scope=none
[2026-05-28 18:12:17]     Phase 1 (new): 2,170/16,010 params
[2026-05-28 18:12:18]     Result | best_epoch=16 | stop=23 | final_phase_epochs=23 | acc=0.5000 | bal_acc=0.5000 | pred_hist=[0, 8] | collapse=True
[2026-05-28 18:12:18]     spatial_conv=[4, 29] top_abs_channels=[('Pz', 0.15292387), ('O2', 0.14470756), ('T3', 0.12926531), ('CP3', 0.1222913), ('T4', 0.11940482), ('O1', 0.11826693), ('C3', 0.11759331), ('CP4', 0.11080443)]
[2026-05-28 18:12:18]     spatial_update=delta_l2=0.04223126 max_abs=0.00520435 relative=0.03538500 changed=True

[2026-05-28 18:12:19] Fold 2/5 | subject=45
[2026-05-28 18:12:19]     Train: 32 | counts=[16, 16]
[2026-05-28 18:12:19]     Test:  8 | counts=[4, 4]
[2026-05-28 18:12:19]     Model: SignalJEPA_PreLocal | Pretrained: from_pretrained | Strategy: new
[2026-05-28 18:12:19]     Normalization: none | fit_scope=none
[2026-05-28 18:12:19]     Phase 1 (new): 2,170/16,010 params
[2026-05-28 18:12:20]     Result | best_epoch=50 | stop=50 | final_phase_epochs=50 | acc=0.6250 | bal_acc=0.6250 | pred_hist=[3, 5] | collapse=False
[2026-05-28 18:12:20]     spatial_conv=[4, 29] top_abs_channels=[('Pz', 0.15138185), ('O2', 0.14703034), ('T3', 0.13021417), ('C3', 0.12375259), ('T5', 0.1217102), ('O1', 0.1190126), ('T4', 0.11670806), ('CP3', 0.11662577)]
[2026-05-28 18:12:20]     spatial_update=delta_l2=0.14497859 max_abs=0.02215016 relative=0.12147559 changed=True

[2026-05-28 18:12:20] Fold 3/5 | subject=45
[2026-05-28 18:12:20]     Train: 32 | counts=[16, 16]
[2026-05-28 18:12:20]     Test:  8 | counts=[4, 4]
[2026-05-28 18:12:20]     Model: SignalJEPA_PreLocal | Pretrained: from_pretrained | Strategy: new
[2026-05-28 18:12:20]     Normalization: none | fit_scope=none
[2026-05-28 18:12:21]     Phase 1 (new): 2,170/16,010 params
[2026-05-28 18:12:21]     Result | best_epoch=24 | stop=34 | final_phase_epochs=34 | acc=0.5000 | bal_acc=0.5000 | pred_hist=[2, 6] | collapse=False
[2026-05-28 18:12:21]     spatial_conv=[4, 29] top_abs_channels=[('Pz', 0.15345497), ('O2', 0.14402938), ('T3', 0.13032255), ('CP3', 0.12286562), ('C3', 0.11957578), ('O1', 0.11844129), ('T4', 0.11645762), ('CP4', 0.11300929)]
[2026-05-28 18:12:21]     spatial_update=delta_l2=0.07556237 max_abs=0.00991789 relative=0.06331268 changed=True

[2026-05-28 18:12:22] Fold 4/5 | subject=45
[2026-05-28 18:12:22]     Train: 32 | counts=[16, 16]
[2026-05-28 18:12:22]     Test:  8 | counts=[4, 4]
[2026-05-28 18:12:22]     Model: SignalJEPA_PreLocal | Pretrained: from_pretrained | Strategy: new
[2026-05-28 18:12:22]     Normalization: none | fit_scope=none
[2026-05-28 18:12:22]     Phase 1 (new): 2,170/16,010 params
[2026-05-28 18:12:24]     Result | best_epoch=50 | stop=50 | final_phase_epochs=50 | acc=0.3750 | bal_acc=0.3750 | pred_hist=[3, 5] | collapse=False
[2026-05-28 18:12:24]     spatial_conv=[4, 29] top_abs_channels=[('Pz', 0.15302625), ('O2', 0.15048705), ('T3', 0.13574734), ('C3', 0.12635225), ('T5', 0.11701651), ('T4', 0.1152689), ('CP3', 0.11462334), ('O1', 0.11034169)]
[2026-05-28 18:12:24]     spatial_update=delta_l2=0.14244606 max_abs=0.02156037 relative=0.11935362 changed=True

[2026-05-28 18:12:24] Fold 5/5 | subject=45
[2026-05-28 18:12:24]     Train: 32 | counts=[16, 16]
[2026-05-28 18:12:24]     Test:  8 | counts=[4, 4]
[2026-05-28 18:12:24]     Model: SignalJEPA_PreLocal | Pretrained: from_pretrained | Strategy: new
[2026-05-28 18:12:24]     Normalization: none | fit_scope=none
[2026-05-28 18:12:24]     Phase 1 (new): 2,170/16,010 params
[2026-05-28 18:12:26]     Result | best_epoch=50 | stop=50 | final_phase_epochs=50 | acc=0.5000 | bal_acc=0.5000 | pred_hist=[6, 2] | collapse=False
[2026-05-28 18:12:26]     spatial_conv=[4, 29] top_abs_channels=[('Pz', 0.15178449), ('O2', 0.13853237), ('T3', 0.13660824), ('C3', 0.12311077), ('T5', 0.12305961), ('T4', 0.12274724), ('CP3', 0.12024756), ('O1', 0.11936019)]
[2026-05-28 18:12:26]     spatial_update=delta_l2=0.14124088 max_abs=0.02199684 relative=0.11834381 changed=True
[2026-05-28 18:12:26]   Subject 45: acc=0.5000±0.0791  bal_acc=0.5000±0.0791
[2026-05-28 18:12:26] \nSubject 46: 40 windows | class_counts=[20, 20]

[2026-05-28 18:12:26] Fold 1/5 | subject=46
[2026-05-28 18:12:26]     Train: 32 | counts=[16, 16]
[2026-05-28 18:12:26]     Test:  8 | counts=[4, 4]
[2026-05-28 18:12:26]     Model: SignalJEPA_PreLocal | Pretrained: from_pretrained | Strategy: new
[2026-05-28 18:12:26]     Normalization: none | fit_scope=none
[2026-05-28 18:12:26]     Phase 1 (new): 2,170/16,010 params
[2026-05-28 18:12:28]     Result | best_epoch=50 | stop=50 | final_phase_epochs=50 | acc=0.6250 | bal_acc=0.6250 | pred_hist=[5, 3] | collapse=False
[2026-05-28 18:12:28]     spatial_conv=[4, 29] top_abs_channels=[('Pz', 0.15132032), ('O2', 0.14445013), ('T4', 0.13464095), ('T3', 0.13281187), ('CP3', 0.12143125), ('P4', 0.11596329), ('O1', 0.11468974), ('C3', 0.11387815)]
[2026-05-28 18:12:28]     spatial_update=delta_l2=0.14035790 max_abs=0.02182212 relative=0.11760398 changed=True

[2026-05-28 18:12:28] Fold 2/5 | subject=46
[2026-05-28 18:12:28]     Train: 32 | counts=[16, 16]
[2026-05-28 18:12:28]     Test:  8 | counts=[4, 4]
[2026-05-28 18:12:28]     Model: SignalJEPA_PreLocal | Pretrained: from_pretrained | Strategy: new
[2026-05-28 18:12:28]     Normalization: none | fit_scope=none
[2026-05-28 18:12:28]     Phase 1 (new): 2,170/16,010 params
[2026-05-28 18:12:29]     Result | best_epoch=6 | stop=14 | final_phase_epochs=14 | acc=0.5000 | bal_acc=0.5000 | pred_hist=[0, 8] | collapse=True
[2026-05-28 18:12:29]     spatial_conv=[4, 29] top_abs_channels=[('Pz', 0.15338711), ('O2', 0.14409351), ('T3', 0.12663133), ('T4', 0.1220386), ('O1', 0.12163044), ('CP3', 0.12090166), ('C3', 0.11465617), ('CP4', 0.11071321)]
[2026-05-28 18:12:29]     spatial_update=delta_l2=0.01271146 max_abs=0.00159635 relative=0.01065076 changed=True

[2026-05-28 18:12:29] Fold 3/5 | subject=46
[2026-05-28 18:12:29]     Train: 32 | counts=[16, 16]
[2026-05-28 18:12:29]     Test:  8 | counts=[4, 4]
[2026-05-28 18:12:29]     Model: SignalJEPA_PreLocal | Pretrained: from_pretrained | Strategy: new
[2026-05-28 18:12:29]     Normalization: none | fit_scope=none
[2026-05-28 18:12:29]     Phase 1 (new): 2,170/16,010 params
[2026-05-28 18:12:31]     Result | best_epoch=50 | stop=50 | final_phase_epochs=50 | acc=0.5000 | bal_acc=0.5000 | pred_hist=[6, 2] | collapse=False
[2026-05-28 18:12:31]     spatial_conv=[4, 29] top_abs_channels=[('Pz', 0.15277267), ('O2', 0.14402619), ('T4', 0.13758412), ('T3', 0.1261798), ('CP3', 0.11976431), ('C3', 0.11505319), ('P4', 0.11412902), ('O1', 0.1140743)]
[2026-05-28 18:12:31]     spatial_update=delta_l2=0.13356724 max_abs=0.02147910 relative=0.11191418 changed=True

[2026-05-28 18:12:31] Fold 4/5 | subject=46
[2026-05-28 18:12:31]     Train: 32 | counts=[16, 16]
[2026-05-28 18:12:31]     Test:  8 | counts=[4, 4]
[2026-05-28 18:12:31]     Model: SignalJEPA_PreLocal | Pretrained: from_pretrained | Strategy: new
[2026-05-28 18:12:31]     Normalization: none | fit_scope=none
[2026-05-28 18:12:31]     Phase 1 (new): 2,170/16,010 params
[2026-05-28 18:12:33]     Result | best_epoch=50 | stop=50 | final_phase_epochs=50 | acc=0.6250 | bal_acc=0.6250 | pred_hist=[3, 5] | collapse=False
[2026-05-28 18:12:33]     spatial_conv=[4, 29] top_abs_channels=[('Pz', 0.15696181), ('O2', 0.14695296), ('T4', 0.12797964), ('T3', 0.12770607), ('O1', 0.12389716), ('Fp1', 0.11557923), ('CP4', 0.11523893), ('CP3', 0.11346009)]
[2026-05-28 18:12:33]     spatial_update=delta_l2=0.13074652 max_abs=0.02044238 relative=0.10955073 changed=True

[2026-05-28 18:12:33] Fold 5/5 | subject=46
[2026-05-28 18:12:33]     Train: 32 | counts=[16, 16]
[2026-05-28 18:12:33]     Test:  8 | counts=[4, 4]
[2026-05-28 18:12:33]     Model: SignalJEPA_PreLocal | Pretrained: from_pretrained | Strategy: new
[2026-05-28 18:12:33]     Normalization: none | fit_scope=none
[2026-05-28 18:12:33]     Phase 1 (new): 2,170/16,010 params
[2026-05-28 18:12:35]     Result | best_epoch=50 | stop=50 | final_phase_epochs=50 | acc=0.6250 | bal_acc=0.6250 | pred_hist=[1, 7] | collapse=False
[2026-05-28 18:12:35]     spatial_conv=[4, 29] top_abs_channels=[('Pz', 0.15009241), ('O2', 0.14542571), ('T4', 0.1363568), ('T3', 0.132137), ('CP3', 0.12111733), ('CP4', 0.11199248), ('P3', 0.11171697), ('O1', 0.11124863)]
[2026-05-28 18:12:35]     spatial_update=delta_l2=0.12213234 max_abs=0.02139544 relative=0.10233303 changed=True
[2026-05-28 18:12:35]   Subject 46: acc=0.5750±0.0612  bal_acc=0.5750±0.0612
[2026-05-28 18:12:35] \nSubject 47: 40 windows | class_counts=[20, 20]

[2026-05-28 18:12:35] Fold 1/5 | subject=47
[2026-05-28 18:12:35]     Train: 32 | counts=[16, 16]
[2026-05-28 18:12:35]     Test:  8 | counts=[4, 4]
[2026-05-28 18:12:35]     Model: SignalJEPA_PreLocal | Pretrained: from_pretrained | Strategy: new
[2026-05-28 18:12:35]     Normalization: none | fit_scope=none
[2026-05-28 18:12:35]     Phase 1 (new): 2,170/16,010 params
[2026-05-28 18:12:35]     Result | best_epoch=1 | stop=11 | final_phase_epochs=11 | acc=0.5000 | bal_acc=0.5000 | pred_hist=[0, 8] | collapse=True
[2026-05-28 18:12:35]     spatial_conv=[4, 29] top_abs_channels=[('Pz', 0.15323901), ('O2', 0.14394139), ('T3', 0.12673479), ('T4', 0.12188759), ('O1', 0.12186213), ('CP3', 0.12112439), ('C3', 0.11543043), ('CP4', 0.11113312)]
[2026-05-28 18:12:35]     spatial_update=delta_l2=0.00430781 max_abs=0.00040000 relative=0.00360946 changed=True

[2026-05-28 18:12:36] Fold 2/5 | subject=47
[2026-05-28 18:12:36]     Train: 32 | counts=[16, 16]
[2026-05-28 18:12:36]     Test:  8 | counts=[4, 4]
[2026-05-28 18:12:36]     Model: SignalJEPA_PreLocal | Pretrained: from_pretrained | Strategy: new
[2026-05-28 18:12:36]     Normalization: none | fit_scope=none
[2026-05-28 18:12:36]     Phase 1 (new): 2,170/16,010 params
[2026-05-28 18:12:36]     Result | best_epoch=1 | stop=11 | final_phase_epochs=11 | acc=0.5000 | bal_acc=0.5000 | pred_hist=[0, 8] | collapse=True
[2026-05-28 18:12:36]     spatial_conv=[4, 29] top_abs_channels=[('Pz', 0.15323901), ('O2', 0.1437414), ('T3', 0.12673478), ('O1', 0.12226211), ('T4', 0.12188759), ('CP3', 0.12112437), ('C3', 0.11543085), ('CP4', 0.11113312)]
[2026-05-28 18:12:36]     spatial_update=delta_l2=0.00430789 max_abs=0.00040000 relative=0.00360952 changed=True

[2026-05-28 18:12:37] Fold 3/5 | subject=47
[2026-05-28 18:12:37]     Train: 32 | counts=[16, 16]
[2026-05-28 18:12:37]     Test:  8 | counts=[4, 4]
[2026-05-28 18:12:37]     Model: SignalJEPA_PreLocal | Pretrained: from_pretrained | Strategy: new
[2026-05-28 18:12:37]     Normalization: none | fit_scope=none
[2026-05-28 18:12:37]     Phase 1 (new): 2,170/16,010 params
[2026-05-28 18:12:38]     Result | best_epoch=27 | stop=34 | final_phase_epochs=34 | acc=0.2500 | bal_acc=0.2500 | pred_hist=[2, 6] | collapse=False
[2026-05-28 18:12:38]     spatial_conv=[4, 29] top_abs_channels=[('Pz', 0.15244295), ('O2', 0.14382616), ('T3', 0.12500378), ('T4', 0.12267916), ('CP3', 0.1215142), ('C3', 0.11806136), ('O1', 0.11782204), ('Fp1', 0.11362822)]
[2026-05-28 18:12:38]     spatial_update=delta_l2=0.06674698 max_abs=0.00941389 relative=0.05592639 changed=True

[2026-05-28 18:12:38] Fold 4/5 | subject=47
[2026-05-28 18:12:38]     Train: 32 | counts=[16, 16]
[2026-05-28 18:12:38]     Test:  8 | counts=[4, 4]
[2026-05-28 18:12:38]     Model: SignalJEPA_PreLocal | Pretrained: from_pretrained | Strategy: new
[2026-05-28 18:12:38]     Normalization: none | fit_scope=none
[2026-05-28 18:12:38]     Phase 1 (new): 2,170/16,010 params
[2026-05-28 18:12:39]     Result | best_epoch=10 | stop=16 | final_phase_epochs=16 | acc=0.5000 | bal_acc=0.5000 | pred_hist=[0, 8] | collapse=True
[2026-05-28 18:12:39]     spatial_conv=[4, 29] top_abs_channels=[('Pz', 0.1535712), ('O2', 0.1425114), ('T3', 0.12776725), ('T4', 0.12200829), ('O1', 0.12200269), ('CP3', 0.1207412), ('C3', 0.1168398), ('CP4', 0.11158359)]
[2026-05-28 18:12:39]     spatial_update=delta_l2=0.01926553 max_abs=0.00237776 relative=0.01614233 changed=True

[2026-05-28 18:12:40] Fold 5/5 | subject=47
[2026-05-28 18:12:40]     Train: 32 | counts=[16, 16]
[2026-05-28 18:12:40]     Test:  8 | counts=[4, 4]
[2026-05-28 18:12:40]     Model: SignalJEPA_PreLocal | Pretrained: from_pretrained | Strategy: new
[2026-05-28 18:12:40]     Normalization: none | fit_scope=none
[2026-05-28 18:12:40]     Phase 1 (new): 2,170/16,010 params
[2026-05-28 18:12:40]     Result | best_epoch=1 | stop=11 | final_phase_epochs=11 | acc=0.5000 | bal_acc=0.5000 | pred_hist=[0, 8] | collapse=True
[2026-05-28 18:12:40]     spatial_conv=[4, 29] top_abs_channels=[('Pz', 0.15323901), ('O2', 0.1437414), ('T3', 0.12673478), ('T4', 0.12228759), ('O1', 0.1222621), ('CP3', 0.12072439), ('C3', 0.1154309), ('CP4', 0.11073314)]
[2026-05-28 18:12:40]     spatial_update=delta_l2=0.00430602 max_abs=0.00040000 relative=0.00360795 changed=True
[2026-05-28 18:12:40]   Subject 47: acc=0.4500±0.1000  bal_acc=0.4500±0.1000
[2026-05-28 18:12:40] \nSubject 48: 40 windows | class_counts=[20, 20]

[2026-05-28 18:12:40] Fold 1/5 | subject=48
[2026-05-28 18:12:40]     Train: 32 | counts=[16, 16]
[2026-05-28 18:12:40]     Test:  8 | counts=[4, 4]
[2026-05-28 18:12:40]     Model: SignalJEPA_PreLocal | Pretrained: from_pretrained | Strategy: new
[2026-05-28 18:12:40]     Normalization: none | fit_scope=none
[2026-05-28 18:12:40]     Phase 1 (new): 2,170/16,010 params
[2026-05-28 18:12:41]     Result | best_epoch=1 | stop=11 | final_phase_epochs=11 | acc=0.5000 | bal_acc=0.5000 | pred_hist=[0, 8] | collapse=True
[2026-05-28 18:12:41]     spatial_conv=[4, 29] top_abs_channels=[('Pz', 0.15303873), ('O2', 0.14414138), ('T3', 0.12673487), ('T4', 0.12188759), ('O1', 0.12186211), ('CP3', 0.12112437), ('C3', 0.11503091), ('CP4', 0.11113313)]
[2026-05-28 18:12:41]     spatial_update=delta_l2=0.00430781 max_abs=0.00040001 relative=0.00360946 changed=True

[2026-05-28 18:12:41] Fold 2/5 | subject=48
[2026-05-28 18:12:41]     Train: 32 | counts=[16, 16]
[2026-05-28 18:12:41]     Test:  8 | counts=[4, 4]
[2026-05-28 18:12:41]     Model: SignalJEPA_PreLocal | Pretrained: from_pretrained | Strategy: new
[2026-05-28 18:12:41]     Normalization: none | fit_scope=none
[2026-05-28 18:12:41]     Phase 1 (new): 2,170/16,010 params
[2026-05-28 18:12:43]     Result | best_epoch=50 | stop=50 | final_phase_epochs=50 | acc=0.3750 | bal_acc=0.3750 | pred_hist=[3, 5] | collapse=False
[2026-05-28 18:12:43]     spatial_conv=[4, 29] top_abs_channels=[('Pz', 0.15671964), ('O2', 0.14222862), ('CP3', 0.12793902), ('O1', 0.12293673), ('T4', 0.11998573), ('T3', 0.11779191), ('CP4', 0.11679442), ('P3', 0.11161923)]
[2026-05-28 18:12:43]     spatial_update=delta_l2=0.12221662 max_abs=0.02072790 relative=0.10240364 changed=True

[2026-05-28 18:12:43] Fold 3/5 | subject=48
[2026-05-28 18:12:43]     Train: 32 | counts=[16, 16]
[2026-05-28 18:12:43]     Test:  8 | counts=[4, 4]
[2026-05-28 18:12:43]     Model: SignalJEPA_PreLocal | Pretrained: from_pretrained | Strategy: new
[2026-05-28 18:12:43]     Normalization: none | fit_scope=none
[2026-05-28 18:12:43]     Phase 1 (new): 2,170/16,010 params
[2026-05-28 18:12:44]     Result | best_epoch=25 | stop=33 | final_phase_epochs=33 | acc=0.6250 | bal_acc=0.6250 | pred_hist=[1, 7] | collapse=False
[2026-05-28 18:12:44]     spatial_conv=[4, 29] top_abs_channels=[('Pz', 0.15459207), ('O2', 0.14541949), ('T3', 0.12382579), ('CP3', 0.12035803), ('T4', 0.12030597), ('O1', 0.12026933), ('CP4', 0.11604975), ('C3', 0.11018982)]
[2026-05-28 18:12:44]     spatial_update=delta_l2=0.06406447 max_abs=0.00887726 relative=0.05367875 changed=True

[2026-05-28 18:12:45] Fold 4/5 | subject=48
[2026-05-28 18:12:45]     Train: 32 | counts=[16, 16]
[2026-05-28 18:12:45]     Test:  8 | counts=[4, 4]
[2026-05-28 18:12:45]     Model: SignalJEPA_PreLocal | Pretrained: from_pretrained | Strategy: new
[2026-05-28 18:12:45]     Normalization: none | fit_scope=none
[2026-05-28 18:12:45]     Phase 1 (new): 2,170/16,010 params
[2026-05-28 18:12:45]     Result | best_epoch=10 | stop=18 | final_phase_epochs=18 | acc=0.6250 | bal_acc=0.6250 | pred_hist=[1, 7] | collapse=False
[2026-05-28 18:12:45]     spatial_conv=[4, 29] top_abs_channels=[('Pz', 0.15430324), ('O2', 0.14454645), ('T3', 0.12574558), ('O1', 0.12195048), ('CP3', 0.12128872), ('T4', 0.11993596), ('C3', 0.11373053), ('CP4', 0.11227924)]
[2026-05-28 18:12:45]     spatial_update=delta_l2=0.02489086 max_abs=0.00314856 relative=0.02085571 changed=True

[2026-05-28 18:12:46] Fold 5/5 | subject=48
[2026-05-28 18:12:46]     Train: 32 | counts=[16, 16]
[2026-05-28 18:12:46]     Test:  8 | counts=[4, 4]
[2026-05-28 18:12:46]     Model: SignalJEPA_PreLocal | Pretrained: from_pretrained | Strategy: new
[2026-05-28 18:12:46]     Normalization: none | fit_scope=none
[2026-05-28 18:12:46]     Phase 1 (new): 2,170/16,010 params
[2026-05-28 18:12:46]     Result | best_epoch=4 | stop=14 | final_phase_epochs=14 | acc=0.5000 | bal_acc=0.5000 | pred_hist=[0, 8] | collapse=True
[2026-05-28 18:12:46]     spatial_conv=[4, 29] top_abs_channels=[('Pz', 0.15342438), ('O2', 0.14377825), ('T3', 0.12639259), ('O1', 0.1224722), ('T4', 0.12163171), ('CP3', 0.12046233), ('C3', 0.11498362), ('CP4', 0.11198197)]
[2026-05-28 18:12:46]     spatial_update=delta_l2=0.01321617 max_abs=0.00159895 relative=0.01107365 changed=True
[2026-05-28 18:12:46]   Subject 48: acc=0.5250±0.0935  bal_acc=0.5250±0.0935
[2026-05-28 18:12:46] \nSubject 49: 40 windows | class_counts=[20, 20]

[2026-05-28 18:12:47] Fold 1/5 | subject=49
[2026-05-28 18:12:47]     Train: 32 | counts=[16, 16]
[2026-05-28 18:12:47]     Test:  8 | counts=[4, 4]
[2026-05-28 18:12:47]     Model: SignalJEPA_PreLocal | Pretrained: from_pretrained | Strategy: new
[2026-05-28 18:12:47]     Normalization: none | fit_scope=none
[2026-05-28 18:12:47]     Phase 1 (new): 2,170/16,010 params
[2026-05-28 18:12:47]     Result | best_epoch=13 | stop=14 | final_phase_epochs=14 | acc=0.5000 | bal_acc=0.5000 | pred_hist=[0, 8] | collapse=True
[2026-05-28 18:12:47]     spatial_conv=[4, 29] top_abs_channels=[('Pz', 0.1539593), ('O2', 0.14379647), ('T3', 0.12605058), ('O1', 0.1222389), ('T4', 0.12208277), ('CP3', 0.12119038), ('C3', 0.11487287), ('CP4', 0.11049878)]
[2026-05-28 18:12:47]     spatial_update=delta_l2=0.01309236 max_abs=0.00159663 relative=0.01096991 changed=True

[2026-05-28 18:12:48] Fold 2/5 | subject=49
[2026-05-28 18:12:48]     Train: 32 | counts=[16, 16]
[2026-05-28 18:12:48]     Test:  8 | counts=[4, 4]
[2026-05-28 18:12:48]     Model: SignalJEPA_PreLocal | Pretrained: from_pretrained | Strategy: new
[2026-05-28 18:12:48]     Normalization: none | fit_scope=none
[2026-05-28 18:12:48]     Phase 1 (new): 2,170/16,010 params
[2026-05-28 18:12:48]     Result | best_epoch=6 | stop=15 | final_phase_epochs=15 | acc=0.5000 | bal_acc=0.5000 | pred_hist=[0, 8] | collapse=True
[2026-05-28 18:12:48]     spatial_conv=[4, 29] top_abs_channels=[('Pz', 0.15156083), ('O2', 0.14261949), ('T3', 0.12670292), ('O1', 0.12318989), ('CP3', 0.12161931), ('T4', 0.12125404), ('C3', 0.1153798), ('Fp1', 0.11126313)]
[2026-05-28 18:12:48]     spatial_update=delta_l2=0.01553634 max_abs=0.00200400 relative=0.01301768 changed=True

[2026-05-28 18:12:49] Fold 3/5 | subject=49
[2026-05-28 18:12:49]     Train: 32 | counts=[16, 16]
[2026-05-28 18:12:49]     Test:  8 | counts=[4, 4]
[2026-05-28 18:12:49]     Model: SignalJEPA_PreLocal | Pretrained: from_pretrained | Strategy: new
[2026-05-28 18:12:49]     Normalization: none | fit_scope=none
[2026-05-28 18:12:49]     Phase 1 (new): 2,170/16,010 params
[2026-05-28 18:12:49]     Result | best_epoch=2 | stop=11 | final_phase_epochs=11 | acc=0.5000 | bal_acc=0.5000 | pred_hist=[0, 8] | collapse=True
[2026-05-28 18:12:49]     spatial_conv=[4, 29] top_abs_channels=[('Pz', 0.15303901), ('O2', 0.14414138), ('T3', 0.12653479), ('T4', 0.12208758), ('O1', 0.12166212), ('CP3', 0.12072441), ('C3', 0.1154309), ('CP4', 0.11093313)]
[2026-05-28 18:12:49]     spatial_update=delta_l2=0.00430794 max_abs=0.00040000 relative=0.00360956 changed=True

[2026-05-28 18:12:50] Fold 4/5 | subject=49
[2026-05-28 18:12:50]     Train: 32 | counts=[16, 16]
[2026-05-28 18:12:50]     Test:  8 | counts=[4, 4]
[2026-05-28 18:12:50]     Model: SignalJEPA_PreLocal | Pretrained: from_pretrained | Strategy: new
[2026-05-28 18:12:50]     Normalization: none | fit_scope=none
[2026-05-28 18:12:50]     Phase 1 (new): 2,170/16,010 params
[2026-05-28 18:12:50]     Result | best_epoch=4 | stop=11 | final_phase_epochs=11 | acc=0.5000 | bal_acc=0.5000 | pred_hist=[0, 8] | collapse=True
[2026-05-28 18:12:50]     spatial_conv=[4, 29] top_abs_channels=[('Pz', 0.15303901), ('O2', 0.14414138), ('T3', 0.12673478), ('T4', 0.12228738), ('O1', 0.12186214), ('CP3', 0.12132436), ('C3', 0.1152309), ('CP4', 0.11093315)]
[2026-05-28 18:12:50]     spatial_update=delta_l2=0.00430789 max_abs=0.00040000 relative=0.00360953 changed=True

[2026-05-28 18:12:51] Fold 5/5 | subject=49
[2026-05-28 18:12:51]     Train: 32 | counts=[16, 16]
[2026-05-28 18:12:51]     Test:  8 | counts=[4, 4]
[2026-05-28 18:12:51]     Model: SignalJEPA_PreLocal | Pretrained: from_pretrained | Strategy: new
[2026-05-28 18:12:51]     Normalization: none | fit_scope=none
[2026-05-28 18:12:51]     Phase 1 (new): 2,170/16,010 params
[2026-05-28 18:12:51]     Result | best_epoch=5 | stop=13 | final_phase_epochs=13 | acc=0.5000 | bal_acc=0.5000 | pred_hist=[0, 8] | collapse=True
[2026-05-28 18:12:51]     spatial_conv=[4, 29] top_abs_channels=[('Pz', 0.15351754), ('O2', 0.1442771), ('T3', 0.12559479), ('O1', 0.12224179), ('T4', 0.1220796), ('CP3', 0.12153922), ('C3', 0.11513811), ('CP4', 0.11146334)]
[2026-05-28 18:12:51]     spatial_update=delta_l2=0.01032088 max_abs=0.00120071 relative=0.00864773 changed=True
[2026-05-28 18:12:51]   Subject 49: acc=0.5000±0.0000  bal_acc=0.5000±0.0000
[2026-05-28 18:12:51] \nSubject 50: 40 windows | class_counts=[20, 20]

[2026-05-28 18:12:51] Fold 1/5 | subject=50
[2026-05-28 18:12:51]     Train: 32 | counts=[16, 16]
[2026-05-28 18:12:51]     Test:  8 | counts=[4, 4]
[2026-05-28 18:12:51]     Model: SignalJEPA_PreLocal | Pretrained: from_pretrained | Strategy: new
[2026-05-28 18:12:51]     Normalization: none | fit_scope=none
[2026-05-28 18:12:51]     Phase 1 (new): 2,170/16,010 params
[2026-05-28 18:12:53]     Result | best_epoch=50 | stop=50 | final_phase_epochs=50 | acc=0.5000 | bal_acc=0.5000 | pred_hist=[2, 6] | collapse=False
[2026-05-28 18:12:53]     spatial_conv=[4, 29] top_abs_channels=[('O2', 0.15066454), ('Pz', 0.14732563), ('O1', 0.12586597), ('T4', 0.12236672), ('CP3', 0.12023152), ('Fp1', 0.11914455), ('T3', 0.11797588), ('CP4', 0.11470089)]
[2026-05-28 18:12:53]     spatial_update=delta_l2=0.13851443 max_abs=0.02154826 relative=0.11605936 changed=True

[2026-05-28 18:12:53] Fold 2/5 | subject=50
[2026-05-28 18:12:53]     Train: 32 | counts=[16, 16]
[2026-05-28 18:12:53]     Test:  8 | counts=[4, 4]
[2026-05-28 18:12:53]     Model: SignalJEPA_PreLocal | Pretrained: from_pretrained | Strategy: new
[2026-05-28 18:12:53]     Normalization: none | fit_scope=none
[2026-05-28 18:12:53]     Phase 1 (new): 2,170/16,010 params
[2026-05-28 18:12:54]     Result | best_epoch=4 | stop=11 | final_phase_epochs=11 | acc=0.5000 | bal_acc=0.5000 | pred_hist=[0, 8] | collapse=True
[2026-05-28 18:12:54]     spatial_conv=[4, 29] top_abs_channels=[('Pz', 0.15303913), ('O2', 0.14434138), ('T3', 0.12653479), ('T4', 0.1220876), ('O1', 0.12186201), ('CP3', 0.1209244), ('C3', 0.11543089), ('CP4', 0.11093313)]
[2026-05-28 18:12:54]     spatial_update=delta_l2=0.00430771 max_abs=0.00040000 relative=0.00360938 changed=True

[2026-05-28 18:12:54] Fold 3/5 | subject=50
[2026-05-28 18:12:54]     Train: 32 | counts=[16, 16]
[2026-05-28 18:12:54]     Test:  8 | counts=[4, 4]
[2026-05-28 18:12:54]     Model: SignalJEPA_PreLocal | Pretrained: from_pretrained | Strategy: new
[2026-05-28 18:12:54]     Normalization: none | fit_scope=none
[2026-05-28 18:12:54]     Phase 1 (new): 2,170/16,010 params
[2026-05-28 18:12:55]     Result | best_epoch=1 | stop=11 | final_phase_epochs=11 | acc=0.5000 | bal_acc=0.5000 | pred_hist=[0, 8] | collapse=True
[2026-05-28 18:12:55]     spatial_conv=[4, 29] top_abs_channels=[('Pz', 0.15283902), ('O2', 0.14434138), ('T3', 0.12653479), ('T4', 0.12228757), ('O1', 0.12146214), ('CP3', 0.1211244), ('C3', 0.11563089), ('CP4', 0.11133306)]
[2026-05-28 18:12:55]     spatial_update=delta_l2=0.00430793 max_abs=0.00040000 relative=0.00360956 changed=True

[2026-05-28 18:12:55] Fold 4/5 | subject=50
[2026-05-28 18:12:55]     Train: 32 | counts=[16, 16]
[2026-05-28 18:12:55]     Test:  8 | counts=[4, 4]
[2026-05-28 18:12:55]     Model: SignalJEPA_PreLocal | Pretrained: from_pretrained | Strategy: new
[2026-05-28 18:12:55]     Normalization: none | fit_scope=none
[2026-05-28 18:12:55]     Phase 1 (new): 2,170/16,010 params
[2026-05-28 18:12:56]     Result | best_epoch=1 | stop=11 | final_phase_epochs=11 | acc=0.6250 | bal_acc=0.6250 | pred_hist=[1, 7] | collapse=False
[2026-05-28 18:12:56]     spatial_conv=[4, 29] top_abs_channels=[('Pz', 0.15303901), ('O2', 0.14454137), ('T3', 0.12673478), ('T4', 0.12188759), ('O1', 0.12166212), ('CP3', 0.12092441), ('C3', 0.1154309), ('CP4', 0.11093312)]
[2026-05-28 18:12:56]     spatial_update=delta_l2=0.00430801 max_abs=0.00040000 relative=0.00360963 changed=True

[2026-05-28 18:12:56] Fold 5/5 | subject=50
[2026-05-28 18:12:56]     Train: 32 | counts=[16, 16]
[2026-05-28 18:12:56]     Test:  8 | counts=[4, 4]
[2026-05-28 18:12:56]     Model: SignalJEPA_PreLocal | Pretrained: from_pretrained | Strategy: new
[2026-05-28 18:12:56]     Normalization: none | fit_scope=none
[2026-05-28 18:12:56]     Phase 1 (new): 2,170/16,010 params
[2026-05-28 18:12:56]     Result | best_epoch=1 | stop=11 | final_phase_epochs=11 | acc=0.5000 | bal_acc=0.5000 | pred_hist=[0, 8] | collapse=True
[2026-05-28 18:12:56]     spatial_conv=[4, 29] top_abs_channels=[('Pz', 0.15283902), ('O2', 0.14454137), ('T3', 0.12673479), ('T4', 0.1216876), ('O1', 0.12166213), ('CP3', 0.12112437), ('C3', 0.11543088), ('CP4', 0.11093313)]
[2026-05-28 18:12:56]     spatial_update=delta_l2=0.00430798 max_abs=0.00040000 relative=0.00360960 changed=True
[2026-05-28 18:12:56]   Subject 50: acc=0.5250±0.0500  bal_acc=0.5250±0.0500

[2026-05-28 18:12:56] Total evaluation splits completed: 250
[2026-05-28 18:12:56] ======================================================================
[2026-05-28 18:12:56] AGGREGATED RESULTS
[2026-05-28 18:12:56] ======================================================================
[2026-05-28 18:12:56]   1: acc=0.5000±0.0791  bal_acc=0.5000±0.0791
[2026-05-28 18:12:56]   2: acc=0.7000±0.1500  bal_acc=0.7000±0.1500
[2026-05-28 18:12:56]   3: acc=0.6250±0.1581  bal_acc=0.6250±0.1581
[2026-05-28 18:12:56]   4: acc=0.5500±0.0612  bal_acc=0.5500±0.0612
[2026-05-28 18:12:56]   5: acc=0.4750±0.0500  bal_acc=0.4750±0.0500
[2026-05-28 18:12:56]   6: acc=0.5000±0.0791  bal_acc=0.5000±0.0791
[2026-05-28 18:12:56]   7: acc=0.6500±0.1458  bal_acc=0.6500±0.1458
[2026-05-28 18:12:56]   8: acc=0.5500±0.1275  bal_acc=0.5500±0.1275
[2026-05-28 18:12:56]   9: acc=0.4500±0.1000  bal_acc=0.4500±0.1000
[2026-05-28 18:12:56]   10: acc=0.4250±0.1000  bal_acc=0.4250±0.1000
[2026-05-28 18:12:56]   11: acc=0.5000±0.0000  bal_acc=0.5000±0.0000
[2026-05-28 18:12:56]   12: acc=0.4500±0.0612  bal_acc=0.4500±0.0612
[2026-05-28 18:12:56]   13: acc=0.5750±0.1696  bal_acc=0.5750±0.1696
[2026-05-28 18:12:56]   14: acc=0.5500±0.0612  bal_acc=0.5500±0.0612
[2026-05-28 18:12:56]   15: acc=0.5000±0.0791  bal_acc=0.5000±0.0791
[2026-05-28 18:12:56]   16: acc=0.5000±0.0000  bal_acc=0.5000±0.0000
[2026-05-28 18:12:56]   17: acc=0.5000±0.0791  bal_acc=0.5000±0.0791
[2026-05-28 18:12:56]   18: acc=0.6750±0.1000  bal_acc=0.6750±0.1000
[2026-05-28 18:12:56]   19: acc=0.4250±0.1000  bal_acc=0.4250±0.1000
[2026-05-28 18:12:56]   20: acc=0.6250±0.1581  bal_acc=0.6250±0.1581
[2026-05-28 18:12:56]   21: acc=0.6250±0.1118  bal_acc=0.6250±0.1118
[2026-05-28 18:12:56]   22: acc=0.8750±0.1118  bal_acc=0.8750±0.1118
[2026-05-28 18:12:56]   23: acc=0.5000±0.0000  bal_acc=0.5000±0.0000
[2026-05-28 18:12:56]   24: acc=0.4500±0.1000  bal_acc=0.4500±0.1000
[2026-05-28 18:12:56]   25: acc=0.5000±0.0000  bal_acc=0.5000±0.0000
[2026-05-28 18:12:56]   26: acc=0.4750±0.0500  bal_acc=0.4750±0.0500
[2026-05-28 18:12:56]   27: acc=0.5500±0.1000  bal_acc=0.5500±0.1000
[2026-05-28 18:12:56]   28: acc=0.5000±0.0000  bal_acc=0.5000±0.0000
[2026-05-28 18:12:56]   29: acc=0.4500±0.1000  bal_acc=0.4500±0.1000
[2026-05-28 18:12:56]   30: acc=0.5250±0.1225  bal_acc=0.5250±0.1225
[2026-05-28 18:12:56]   31: acc=0.5000±0.0000  bal_acc=0.5000±0.0000
[2026-05-28 18:12:56]   32: acc=0.4750±0.0935  bal_acc=0.4750±0.0935
[2026-05-28 18:12:56]   33: acc=0.5000±0.0000  bal_acc=0.5000±0.0000
[2026-05-28 18:12:56]   34: acc=0.7750±0.1658  bal_acc=0.7750±0.1658
[2026-05-28 18:12:56]   35: acc=0.6000±0.1225  bal_acc=0.6000±0.1225
[2026-05-28 18:12:56]   36: acc=0.5000±0.0000  bal_acc=0.5000±0.0000
[2026-05-28 18:12:56]   37: acc=0.5500±0.1000  bal_acc=0.5500±0.1000
[2026-05-28 18:12:56]   38: acc=0.7250±0.1837  bal_acc=0.7250±0.1837
[2026-05-28 18:12:56]   39: acc=0.5250±0.0500  bal_acc=0.5250±0.0500
[2026-05-28 18:12:56]   40: acc=0.5500±0.1000  bal_acc=0.5500±0.1000
[2026-05-28 18:12:56]   41: acc=0.5500±0.1275  bal_acc=0.5500±0.1275
[2026-05-28 18:12:56]   42: acc=0.5750±0.0612  bal_acc=0.5750±0.0612
[2026-05-28 18:12:56]   43: acc=0.5250±0.0500  bal_acc=0.5250±0.0500
[2026-05-28 18:12:56]   44: acc=0.5250±0.0500  bal_acc=0.5250±0.0500
[2026-05-28 18:12:56]   45: acc=0.5000±0.0791  bal_acc=0.5000±0.0791
[2026-05-28 18:12:56]   46: acc=0.5750±0.0612  bal_acc=0.5750±0.0612
[2026-05-28 18:12:56]   47: acc=0.4500±0.1000  bal_acc=0.4500±0.1000
[2026-05-28 18:12:56]   48: acc=0.5250±0.0935  bal_acc=0.5250±0.0935
[2026-05-28 18:12:56]   49: acc=0.5000±0.0000  bal_acc=0.5000±0.0000
[2026-05-28 18:12:56]   50: acc=0.5250±0.0500  bal_acc=0.5250±0.0500
[2026-05-28 18:12:56] ----------------------------------------------------------------------
[2026-05-28 18:12:56]   OVERALL: acc=0.5425±0.1299  bal_acc=0.5425±0.1299
[2026-05-28 18:12:56] ======================================================================
[2026-05-28 18:12:56] Performance tables saved:
[2026-05-28 18:12:56]   Fold-level results:       /Users/vadim/Documents/School/Spring 2026/CSCE A698 Individual Research/EEG_JEPA/artifacts/liu2024-source-mat-sjepa-prelocal/20260528_1807_b048349a/fold_level_results.csv
[2026-05-28 18:12:56]   Subject-level summary:    /Users/vadim/Documents/School/Spring 2026/CSCE A698 Individual Research/EEG_JEPA/artifacts/liu2024-source-mat-sjepa-prelocal/20260528_1807_b048349a/subject_level_summary.csv
[2026-05-28 18:12:56]   Global method comparison: /Users/vadim/Documents/School/Spring 2026/CSCE A698 Individual Research/EEG_JEPA/artifacts/liu2024-source-mat-sjepa-prelocal/20260528_1807_b048349a/global_method_comparison.csv
[2026-05-28 18:12:57] Subject performance plot saved to: /Users/vadim/Documents/School/Spring 2026/CSCE A698 Individual Research/EEG_JEPA/artifacts/liu2024-source-mat-sjepa-prelocal/20260528_1807_b048349a/sjepa_prelocal_subject_performance.png
[2026-05-28 18:12:57] Global performance plot saved to: /Users/vadim/Documents/School/Spring 2026/CSCE A698 Individual Research/EEG_JEPA/artifacts/liu2024-source-mat-sjepa-prelocal/20260528_1807_b048349a/sjepa_prelocal_global_performance_summary.png
[2026-05-28 18:12:57] Aggregated confusion matrix plot saved to: /Users/vadim/Documents/School/Spring 2026/CSCE A698 Individual Research/EEG_JEPA/artifacts/liu2024-source-mat-sjepa-prelocal/20260528_1807_b048349a/sjepa_prelocal_aggregated_confusion_matrix.png
[2026-05-28 18:12:57] Confusion metrics saved to: /Users/vadim/Documents/School/Spring 2026/CSCE A698 Individual Research/EEG_JEPA/artifacts/liu2024-source-mat-sjepa-prelocal/20260528_1807_b048349a/sjepa_prelocal_confusion_metrics.csv

[2026-05-28 18:12:57] ======================================================================
[2026-05-28 18:12:57] EXPERIMENT SUMMARY
[2026-05-28 18:12:57] ======================================================================
[2026-05-28 18:12:57] Run ID:                 20260528_1807_b048349a
[2026-05-28 18:12:57] Experiment:             hpaug_003_noise0p005
[2026-05-28 18:12:57] Subjects:               50
[2026-05-28 18:12:57] Model:                  SignalJEPA_PreLocal
[2026-05-28 18:12:57] Pretrained mode:        from_pretrained
[2026-05-28 18:12:57] Strategy:               new
[2026-05-28 18:12:57] Preprocessing:          baseline_window_mean | ref=average | resample=True->128 | filter=True 0.5–40.0 fir
[2026-05-28 18:12:57] Window:                 start=2s | 4.195s / 537 samples
[2026-05-28 18:12:57] Artifacts:              /Users/vadim/Documents/School/Spring 2026/CSCE A698 Individual Research/EEG_JEPA/artifacts/liu2024-source-mat-sjepa-prelocal/20260528_1807_b048349a
[2026-05-28 18:12:57] Mean Accuracy:          0.5425 ± 0.1299
[2026-05-28 18:12:57] Mean Balanced Accuracy: 0.5425 ± 0.1299
[2026-05-28 18:12:57] ======================================================================

[2026-05-28 18:12:57] Spatial convolution analysis saved:
[2026-05-28 18:12:57]   Long channel CSV:        /Users/vadim/Documents/School/Spring 2026/CSCE A698 Individual Research/EEG_JEPA/artifacts/liu2024-source-mat-sjepa-prelocal/20260528_1807_b048349a/spatial_conv_analysis/spatial_channel_importance_long.csv
[2026-05-28 18:12:57]   Fold diagnostics CSV:    /Users/vadim/Documents/School/Spring 2026/CSCE A698 Individual Research/EEG_JEPA/artifacts/liu2024-source-mat-sjepa-prelocal/20260528_1807_b048349a/spatial_conv_analysis/fold_diagnostics.csv
[2026-05-28 18:12:57]   Fold weight JSON:        /Users/vadim/Documents/School/Spring 2026/CSCE A698 Individual Research/EEG_JEPA/artifacts/liu2024-source-mat-sjepa-prelocal/20260528_1807_b048349a/spatial_conv_analysis/spatial_conv_weights_by_fold.json
[2026-05-28 18:12:57]   Global importance CSV:   /Users/vadim/Documents/School/Spring 2026/CSCE A698 Individual Research/EEG_JEPA/artifacts/liu2024-source-mat-sjepa-prelocal/20260528_1807_b048349a/spatial_conv_analysis/spatial_channel_importance_global.csv
[2026-05-28 18:12:57]   Subject importance CSV:  /Users/vadim/Documents/School/Spring 2026/CSCE A698 Individual Research/EEG_JEPA/artifacts/liu2024-source-mat-sjepa-prelocal/20260528_1807_b048349a/spatial_conv_analysis/spatial_channel_importance_by_subject.csv
[2026-05-28 18:12:57]   Diagnostic summary JSON: /Users/vadim/Documents/School/Spring 2026/CSCE A698 Individual Research/EEG_JEPA/artifacts/liu2024-source-mat-sjepa-prelocal/20260528_1807_b048349a/spatial_conv_analysis/diagnostic_summary.json

[2026-05-28 18:12:57] Diagnostic summary:
[2026-05-28 18:12:57] {
  "n_folds": 250,
  "collapse_rate": 0.532,
  "mean_collapse_ratio": 0.8625,
  "mean_spatial_delta_l2": 0.057430471760000004,
  "mean_spatial_relative_delta": 0.048120211479999994,
  "spatial_changed_rate": 1.0,
  "mean_confidence": 0.5086242485600001,
  "mean_normalized_prediction_entropy": 0.9996494334800001
}

[2026-05-28 18:12:57] Top global channels by mean absolute spatial weight:
[2026-05-28 18:12:58] CV results saved to:      /Users/vadim/Documents/School/Spring 2026/CSCE A698 Individual Research/EEG_JEPA/artifacts/liu2024-source-mat-sjepa-prelocal/20260528_1807_b048349a/cv_results.json
[2026-05-28 18:12:58] Subject metrics saved to: /Users/vadim/Documents/School/Spring 2026/CSCE A698 Individual Research/EEG_JEPA/artifacts/liu2024-source-mat-sjepa-prelocal/20260528_1807_b048349a/subject_metrics.json
[2026-05-28 18:12:58] Global metrics saved to:  /Users/vadim/Documents/School/Spring 2026/CSCE A698 Individual Research/EEG_JEPA/artifacts/liu2024-source-mat-sjepa-prelocal/20260528_1807_b048349a/global_metrics.json
[2026-05-28 18:12:58] Subject performance plot: /Users/vadim/Documents/School/Spring 2026/CSCE A698 Individual Research/EEG_JEPA/artifacts/liu2024-source-mat-sjepa-prelocal/20260528_1807_b048349a/sjepa_prelocal_subject_performance.png
[2026-05-28 18:12:58] Global performance plot:  /Users/vadim/Documents/School/Spring 2026/CSCE A698 Individual Research/EEG_JEPA/artifacts/liu2024-source-mat-sjepa-prelocal/20260528_1807_b048349a/sjepa_prelocal_global_performance_summary.png
[2026-05-28 18:12:58] Confusion matrix plot:    /Users/vadim/Documents/School/Spring 2026/CSCE A698 Individual Research/EEG_JEPA/artifacts/liu2024-source-mat-sjepa-prelocal/20260528_1807_b048349a/sjepa_prelocal_aggregated_confusion_matrix.png
[2026-05-28 18:12:58] Run metadata saved to:    /Users/vadim/Documents/School/Spring 2026/CSCE A698 Individual Research/EEG_JEPA/artifacts/liu2024-source-mat-sjepa-prelocal/20260528_1807_b048349a/run_metadata.json

[2026-05-28 18:12:58] All artifacts in: /Users/vadim/Documents/School/Spring 2026/CSCE A698 Individual Research/EEG_JEPA/artifacts/liu2024-source-mat-sjepa-prelocal/20260528_1807_b048349a
