method,subject_id,trial_index,fold_id,y_true,y_pred,probability_0,probability_1
control,sub-01,0,3,0,1,0.07137370109558105,0.928626298904419
control,sub-01,1,2,1,0,0.5351030826568604,0.46489691734313965
control,sub-01,2,2,0,1,0.05033114179968834,0.9496688842773438
control,sub-01,3,0,1,0,0.585000216960907,0.4149998128414154
control,sub-01,4,2,0,1,0.37797605991363525,0.6220239996910095
control,sub-01,5,1,1,1,0.2184024602174759,0.7815976142883301
control,sub-01,6,2,0,0,0.7901782989501953,0.20982174575328827
control,sub-01,7,0,1,1,0.28111985325813293,0.7188801765441895
control,sub-01,8,1,0,1,0.410497784614563,0.589502215385437
control,sub-01,9,3,1,0,0.9158743023872375,0.08412569761276245
control,sub-01,10,3,0,0,0.5826902985572815,0.4173097610473633
control,sub-01,11,0,1,1,0.45799586176872253,0.5420041084289551
control,sub-01,12,2,0,0,0.5849100351333618,0.4150899648666382
control,sub-01,13,0,1,0,0.5705869197845459,0.4294131100177765
control,sub-01,14,4,0,1,0.08740061521530151,0.9125993847846985
control,sub-01,15,1,1,1,0.26328063011169434,0.7367193698883057
control,sub-01,16,0,0,0,0.6117982268333435,0.3882018029689789
control,sub-01,17,2,1,0,0.8606424927711487,0.13935747742652893
control,sub-01,18,4,0,1,0.12102904170751572,0.8789709210395813
control,sub-01,19,3,1,1,0.4091129004955292,0.5908870697021484
control,sub-01,20,0,0,0,0.5477805733680725,0.4522193968296051
control,sub-01,21,2,1,1,0.1712258905172348,0.8287741541862488
control,sub-01,22,1,0,1,0.29912859201431274,0.7008714079856873
control,sub-01,23,1,1,1,0.1860445737838745,0.8139554858207703
control,sub-01,24,0,0,1,0.05443977192044258,0.9455602169036865
control,sub-01,25,4,1,1,0.14752937853336334,0.8524706363677979
control,sub-01,26,3,0,0,0.8271017670631409,0.17289821803569794
control,sub-01,27,3,1,1,0.4159720242023468,0.5840280055999756
control,sub-01,28,1,0,1,0.29796943068504333,0.702030599117279
control,sub-01,29,3,1,1,0.42388319969177246,0.5761168003082275
control,sub-01,30,4,0,0,0.8217377662658691,0.17826218903064728
control,sub-01,31,4,1,0,0.7101268768310547,0.2898731231689453
control,sub-01,32,4,0,1,0.4679964780807495,0.5320035219192505
control,sub-01,33,2,1,0,0.8437609672546387,0.15623904764652252
control,sub-01,34,3,0,1,0.4391149580478668,0.560884952545166
control,sub-01,35,4,1,0,0.8467010855674744,0.15329895913600922
control,sub-01,36,1,0,1,0.08658739924430847,0.9134125709533691
control,sub-01,37,4,1,0,0.6093401908874512,0.39065980911254883
control,sub-01,38,0,0,1,0.3982914388179779,0.6017085909843445
control,sub-01,39,1,1,1,0.3191406726837158,0.680859386920929
control,sub-02,0,3,0,0,0.6380077004432678,0.36199232935905457
control,sub-02,1,2,1,0,0.7445807456970215,0.2554193139076233
control,sub-02,2,2,0,0,0.5700557827949524,0.4299441874027252
control,sub-02,3,0,1,0,0.6199492812156677,0.38005074858665466
control,sub-02,4,2,0,0,0.6300778985023499,0.36992207169532776
control,sub-02,5,1,1,0,0.7944514155387878,0.20554859936237335
control,sub-02,6,2,0,1,0.2138735055923462,0.786126434803009
control,sub-02,7,0,1,0,0.5111069679260254,0.488893061876297
control,sub-02,8,1,0,0,0.5715436339378357,0.4284563362598419
control,sub-02,9,3,1,0,0.5482229590415955,0.45177698135375977
control,sub-02,10,3,0,1,0.0844237208366394,0.9155762791633606
control,sub-02,11,0,1,0,0.6820604205131531,0.3179396390914917
control,sub-02,12,2,0,1,0.004633862059563398,0.995366096496582
control,sub-02,13,0,1,0,0.7154313921928406,0.2845686078071594
control,sub-02,14,4,0,1,0.1643739491701126,0.8356260657310486
control,sub-02,15,1,1,0,0.5133869051933289,0.48661312460899353
control,sub-02,16,0,0,1,0.02711152471601963,0.9728884696960449
control,sub-02,17,2,1,1,0.1660342663526535,0.8339657783508301
control,sub-02,18,4,0,0,0.7695731520652771,0.23042690753936768
control,sub-02,19,3,1,0,0.6576048135757446,0.34239518642425537
control,sub-02,20,0,0,0,0.8392057418823242,0.1607942432165146
control,sub-02,21,2,1,0,0.924888551235199,0.0751115009188652
control,sub-02,22,1,0,0,0.7038304209709167,0.29616960883140564
control,sub-02,23,1,1,0,0.6562237739562988,0.34377622604370117
control,sub-02,24,0,0,1,0.0040724375285208225,0.9959275722503662
control,sub-02,25,4,1,1,0.21473300457000732,0.7852670550346375
control,sub-02,26,3,0,0,0.7534927725791931,0.24650728702545166
control,sub-02,27,3,1,1,0.46858787536621094,0.5314121246337891
control,sub-02,28,1,0,0,0.8306295275688171,0.16937045753002167
control,sub-02,29,3,1,1,0.40815284848213196,0.5918471217155457
control,sub-02,30,4,0,0,0.7506280541419983,0.24937188625335693
control,sub-02,31,4,1,0,0.5446320176124573,0.45536795258522034
control,sub-02,32,4,0,1,0.3826225697994232,0.6173774600028992
control,sub-02,33,2,1,1,0.011885893531143665,0.9881141185760498
control,sub-02,34,3,0,0,0.9458608627319336,0.0541391484439373
control,sub-02,35,4,1,0,0.5627596974372864,0.43724024295806885
control,sub-02,36,1,0,0,0.6731088161468506,0.3268912136554718
control,sub-02,37,4,1,1,0.45129790902137756,0.5487020611763
control,sub-02,38,0,0,0,0.8300393223762512,0.1699606329202652
control,sub-02,39,1,1,0,0.9468281269073486,0.05317187309265137
control,sub-03,0,3,0,1,0.44892168045043945,0.5510782599449158
control,sub-03,1,2,1,0,0.7556455731391907,0.24435444176197052
control,sub-03,2,2,0,0,0.5520463585853577,0.4479536712169647
control,sub-03,3,0,1,0,0.7031126022338867,0.2968873679637909
control,sub-03,4,2,0,1,0.13045097887516022,0.869549036026001
control,sub-03,5,1,1,1,0.12958146631717682,0.8704185485839844
control,sub-03,6,2,0,0,0.8806971907615662,0.11930283904075623
control,sub-03,7,0,1,1,0.05185094475746155,0.9481490254402161
control,sub-03,8,1,0,1,0.3903416097164154,0.609658420085907
control,sub-03,9,3,1,0,0.6597068905830383,0.3402930796146393
control,sub-03,10,3,0,1,0.32100531458854675,0.6789947152137756
control,sub-03,11,0,1,0,0.7135462760925293,0.2864537835121155
control,sub-03,12,2,0,0,0.7473585605621338,0.2526414096355438
control,sub-03,13,0,1,1,0.2403509020805359,0.7596490979194641
control,sub-03,14,4,0,1,0.2598830461502075,0.7401168942451477
control,sub-03,15,1,1,1,0.06078532338142395,0.9392147064208984
control,sub-03,16,0,0,1,0.48007893562316895,0.5199210047721863
control,sub-03,17,2,1,1,0.10634255409240723,0.8936574459075928
control,sub-03,18,4,0,1,0.13048043847084045,0.8695196509361267
control,sub-03,19,3,1,1,0.08827938884496689,0.9117205739021301
control,sub-03,20,0,0,0,0.5213945508003235,0.4786055088043213
control,sub-03,21,2,1,0,0.8510072827339172,0.14899270236492157
control,sub-03,22,1,0,1,0.3054868280887604,0.6945131421089172
control,sub-03,23,1,1,1,0.2178419977426529,0.7821579575538635
control,sub-03,24,0,0,1,0.14386813342571259,0.8561318516731262
control,sub-03,25,4,1,1,0.45800042152404785,0.5419995188713074
control,sub-03,26,3,0,0,0.532859742641449,0.4671402871608734
control,sub-03,27,3,1,0,0.6802840828895569,0.3197159469127655
control,sub-03,28,1,0,1,0.38354381918907166,0.616456151008606
control,sub-03,29,3,1,1,0.08508642762899399,0.9149135947227478
control,sub-03,30,4,0,0,0.5908384919166565,0.4091614782810211
control,sub-03,31,4,1,0,0.8795537352561951,0.1204463467001915
control,sub-03,32,4,0,0,0.7776406407356262,0.2223592847585678
control,sub-03,33,2,1,0,0.5046522617340088,0.4953477382659912
control,sub-03,34,3,0,0,0.7280898094177246,0.271910160779953
control,sub-03,35,4,1,0,0.5764338374137878,0.42356613278388977
control,sub-03,36,1,0,1,0.20157496631145477,0.798425018787384
control,sub-03,37,4,1,0,0.7070996165275574,0.292900413274765
control,sub-03,38,0,0,0,0.6999701857566833,0.30002981424331665
control,sub-03,39,1,1,1,0.49985969066619873,0.500140368938446
control,sub-04,0,3,0,1,0.059672459959983826,0.9403274655342102
control,sub-04,1,2,1,1,0.3300878703594208,0.6699120998382568
control,sub-04,2,2,0,0,0.6207473278045654,0.37925267219543457
control,sub-04,3,0,1,1,0.199069544672966,0.8009304404258728
control,sub-04,4,2,0,0,0.7187379002571106,0.281262069940567
control,sub-04,5,1,1,1,0.2201288938522339,0.7798710465431213
control,sub-04,6,2,0,0,0.959658145904541,0.040341779589653015
control,sub-04,7,0,1,0,0.9228968620300293,0.07710319012403488
control,sub-04,8,1,0,1,0.20587946474552155,0.7941205501556396
control,sub-04,9,3,1,1,0.1550111025571823,0.8449888825416565
control,sub-04,10,3,0,0,0.8665764331817627,0.1334235519170761
control,sub-04,11,0,1,1,0.3601228892803192,0.6398771405220032
control,sub-04,12,2,0,0,0.9243802428245544,0.07561973482370377
control,sub-04,13,0,1,1,0.31236743927001953,0.6876326203346252
control,sub-04,14,4,0,0,0.9779672622680664,0.02203270234167576
control,sub-04,15,1,1,1,0.22495810687541962,0.7750418782234192
control,sub-04,16,0,0,1,0.41308900713920593,0.5869109630584717
control,sub-04,17,2,1,0,0.7780294418334961,0.2219705432653427
control,sub-04,18,4,0,0,0.8426863551139832,0.15731371939182281
control,sub-04,19,3,1,1,0.4952651262283325,0.5047348737716675
control,sub-04,20,0,0,1,0.08849862962961197,0.911501407623291
control,sub-04,21,2,1,0,0.755890429019928,0.24410952627658844
control,sub-04,22,1,0,0,0.6493830680847168,0.35061684250831604
control,sub-04,23,1,1,0,0.585141658782959,0.4148583710193634
control,sub-04,24,0,0,0,0.8014823794364929,0.19851766526699066
control,sub-04,25,4,1,0,0.5487122535705566,0.45128774642944336
control,sub-04,26,3,0,1,0.12119273096323013,0.8788072466850281
control,sub-04,27,3,1,1,0.06744483858346939,0.9325551986694336
control,sub-04,28,1,0,0,0.9636875987052917,0.03631243854761124
control,sub-04,29,3,1,1,0.16936491429805756,0.8306350708007812
control,sub-04,30,4,0,1,0.31084010004997253,0.6891599297523499
control,sub-04,31,4,1,1,0.12956088781356812,0.8704390525817871
control,sub-04,32,4,0,0,0.7087740302085876,0.29122602939605713
control,sub-04,33,2,1,1,0.2733275592327118,0.7266724705696106
control,sub-04,34,3,0,0,0.8655881881713867,0.1344117969274521
control,sub-04,35,4,1,1,0.06957731395959854,0.9304227232933044
control,sub-04,36,1,0,1,0.45734691619873047,0.5426531434059143
control,sub-04,37,4,1,0,0.5682239532470703,0.4317760467529297
control,sub-04,38,0,0,1,0.4313812553882599,0.5686187148094177
control,sub-04,39,1,1,0,0.5542585849761963,0.4457413852214813
control,sub-05,0,3,0,1,0.43802618980407715,0.5619738698005676
control,sub-05,1,2,1,0,0.5498239994049072,0.45017603039741516
control,sub-05,2,2,0,0,0.5500990748405457,0.44990095496177673
control,sub-05,3,0,1,0,0.5319504737854004,0.4680494964122772
control,sub-05,4,2,0,0,0.5188424587249756,0.4811575412750244
control,sub-05,5,1,1,0,0.5960536003112793,0.4039463996887207
control,sub-05,6,2,0,1,0.49557316303253174,0.5044268369674683
control,sub-05,7,0,1,1,0.3394746780395508,0.660525381565094
control,sub-05,8,1,0,0,0.6185941696166992,0.3814058303833008
control,sub-05,9,3,1,1,0.4365212619304657,0.5634787082672119
control,sub-05,10,3,0,1,0.4896891117095947,0.5103108286857605
control,sub-05,11,0,1,0,0.6106069087982178,0.38939306139945984
control,sub-05,12,2,0,0,0.5325480103492737,0.46745193004608154
control,sub-05,13,0,1,1,0.40666162967681885,0.5933384299278259
control,sub-05,14,4,0,0,0.523404598236084,0.4765954315662384
control,sub-05,15,1,1,0,0.5257091522216797,0.4742908477783203
control,sub-05,16,0,0,1,0.3830451965332031,0.6169547438621521
control,sub-05,17,2,1,0,0.514201819896698,0.4857981503009796
control,sub-05,18,4,0,0,0.5902922749519348,0.4097077548503876
control,sub-05,19,3,1,1,0.3598686158657074,0.640131413936615
control,sub-05,20,0,0,0,0.6780438423156738,0.32195615768432617
control,sub-05,21,2,1,1,0.4334588944911957,0.5665411353111267
control,sub-05,22,1,0,0,0.5112178325653076,0.4887820780277252
control,sub-05,23,1,1,0,0.505532443523407,0.4944675862789154
control,sub-05,24,0,0,0,0.6391241550445557,0.3608758747577667
control,sub-05,25,4,1,1,0.4863942563533783,0.5136058330535889
control,sub-05,26,3,0,1,0.47864750027656555,0.5213524699211121
control,sub-05,27,3,1,0,0.664967954158783,0.33503207564353943
control,sub-05,28,1,0,0,0.5674858689308167,0.43251416087150574
control,sub-05,29,3,1,0,0.5159223079681396,0.48407769203186035
control,sub-05,30,4,0,0,0.6316551566123962,0.36834481358528137
control,sub-05,31,4,1,1,0.48538362979888916,0.5146163105964661
control,sub-05,32,4,0,1,0.4607287645339966,0.5392711758613586
control,sub-05,33,2,1,1,0.38806772232055664,0.6119322776794434
control,sub-05,34,3,0,1,0.4688756465911865,0.5311242938041687
control,sub-05,35,4,1,1,0.4327770471572876,0.5672230124473572
control,sub-05,36,1,0,0,0.5652630925178528,0.43473687767982483
control,sub-05,37,4,1,0,0.6127923130989075,0.3872077465057373
control,sub-05,38,0,0,0,0.5066003799438477,0.49339959025382996
control,sub-05,39,1,1,1,0.3272227942943573,0.6727771759033203
control,sub-06,0,3,0,1,0.21614651381969452,0.7838534712791443
control,sub-06,1,2,1,0,0.6497623920440674,0.3502376079559326
control,sub-06,2,2,0,1,0.42529621720314026,0.5747037529945374
control,sub-06,3,0,1,0,0.7534551620483398,0.24654482305049896
control,sub-06,4,2,0,0,0.5101906657218933,0.4898093640804291
control,sub-06,5,1,1,1,0.47085297107696533,0.5291469693183899
control,sub-06,6,2,0,1,0.15389834344387054,0.846101701259613
control,sub-06,7,0,1,1,0.1918475180864334,0.8081524968147278
control,sub-06,8,1,0,1,0.0977422222495079,0.9022577404975891
control,sub-06,9,3,1,0,0.8302962183952332,0.16970384120941162
control,sub-06,10,3,0,0,0.8888317942619324,0.1111682876944542
control,sub-06,11,0,1,1,0.3322868049144745,0.6677132248878479
control,sub-06,12,2,0,0,0.9698575139045715,0.03014248050749302
control,sub-06,13,0,1,1,0.007532654795795679,0.9924673438072205
control,sub-06,14,4,0,0,0.7799034118652344,0.22009658813476562
control,sub-06,15,1,1,1,0.2190956324338913,0.7809043526649475
control,sub-06,16,0,0,1,0.09354174137115479,0.9064581990242004
control,sub-06,17,2,1,1,0.2707979679107666,0.7292020320892334
control,sub-06,18,4,0,0,0.5945083498954773,0.4054916799068451
control,sub-06,19,3,1,0,0.7902464270591736,0.20975351333618164
control,sub-06,20,0,0,1,0.23459766805171967,0.7654023170471191
control,sub-06,21,2,1,0,0.9346525073051453,0.06534750014543533
control,sub-06,22,1,0,1,0.12083416432142258,0.8791658282279968
control,sub-06,23,1,1,0,0.5003817081451416,0.499618262052536
control,sub-06,24,0,0,0,0.7676737308502197,0.23232625424861908
control,sub-06,25,4,1,1,0.22864414751529694,0.7713558673858643
control,sub-06,26,3,0,0,0.6121442914009094,0.3878556787967682
control,sub-06,27,3,1,1,0.4381187856197357,0.5618812441825867
control,sub-06,28,1,0,0,0.9800278544425964,0.019972139969468117
control,sub-06,29,3,1,0,0.5765575766563416,0.42344245314598083
control,sub-06,30,4,0,0,0.6260445713996887,0.37395545840263367
control,sub-06,31,4,1,0,0.6864471435546875,0.3135528862476349
control,sub-06,32,4,0,1,0.3372499644756317,0.6627500653266907
control,sub-06,33,2,1,0,0.5478625893592834,0.45213744044303894
control,sub-06,34,3,0,0,0.7401902079582214,0.2598098814487457
control,sub-06,35,4,1,1,0.3125952184200287,0.6874048113822937
control,sub-06,36,1,0,1,0.26236578822135925,0.7376341819763184
control,sub-06,37,4,1,1,0.10284417122602463,0.8971558213233948
control,sub-06,38,0,0,1,0.4196966886520386,0.5803033709526062
control,sub-06,39,1,1,0,0.5602642893791199,0.4397357404232025
control,sub-07,0,3,0,1,0.00899939239025116,0.9910005927085876
control,sub-07,1,2,1,1,0.24189771711826324,0.7581023573875427
control,sub-07,2,2,0,0,0.9125144481658936,0.08748561143875122
control,sub-07,3,0,1,0,0.5687252879142761,0.43127474188804626
control,sub-07,4,2,0,0,0.5073930621147156,0.4926069676876068
control,sub-07,5,1,1,1,0.16465309262275696,0.8353468775749207
control,sub-07,6,2,0,1,0.26951664686203003,0.73048335313797
control,sub-07,7,0,1,0,0.5060577392578125,0.49394235014915466
control,sub-07,8,1,0,1,0.37624025344848633,0.6237596869468689
control,sub-07,9,3,1,1,0.30177509784698486,0.6982248425483704
control,sub-07,10,3,0,0,0.5844595432281494,0.4155404567718506
control,sub-07,11,0,1,1,0.12222202867269516,0.8777779936790466
control,sub-07,12,2,0,0,0.8871353268623352,0.11286463588476181
control,sub-07,13,0,1,1,0.2818308174610138,0.7181691527366638
control,sub-07,14,4,0,0,0.9455804824829102,0.054419536143541336
control,sub-07,15,1,1,1,0.359666109085083,0.640333890914917
control,sub-07,16,0,0,1,0.10512594133615494,0.894874095916748
control,sub-07,17,2,1,0,0.708792507648468,0.291207492351532
control,sub-07,18,4,0,1,0.48297038674354553,0.5170296430587769
control,sub-07,19,3,1,1,0.1677614450454712,0.832238495349884
control,sub-07,20,0,0,1,0.46305909752845764,0.53694087266922
control,sub-07,21,2,1,0,0.7849905490875244,0.21500945091247559
control,sub-07,22,1,0,1,0.33366021513938904,0.6663398146629333
control,sub-07,23,1,1,1,0.25722554326057434,0.742774486541748
control,sub-07,24,0,0,0,0.6367700695991516,0.363229900598526
control,sub-07,25,4,1,0,0.7369160652160645,0.26308396458625793
control,sub-07,26,3,0,0,0.911639928817749,0.08836004883050919
control,sub-07,27,3,1,1,0.13710908591747284,0.862890899181366
control,sub-07,28,1,0,1,0.327135294675827,0.6728646755218506
control,sub-07,29,3,1,0,0.661112368106842,0.33888766169548035
control,sub-07,30,4,0,0,0.5302374362945557,0.46976256370544434
control,sub-07,31,4,1,1,0.18634529411792755,0.8136546611785889
control,sub-07,32,4,0,1,0.25467410683631897,0.7453259825706482
control,sub-07,33,2,1,0,0.57559734582901,0.4244026839733124
control,sub-07,34,3,0,1,0.06447643041610718,0.9355236887931824
control,sub-07,35,4,1,1,0.3745068609714508,0.6254931092262268
control,sub-07,36,1,0,1,0.20613741874694824,0.7938625812530518
control,sub-07,37,4,1,1,0.09295535832643509,0.9070446491241455
control,sub-07,38,0,0,1,0.4269985258579254,0.5730014443397522
control,sub-07,39,1,1,1,0.12603305280208588,0.8739669919013977
control,sub-08,0,3,0,0,0.7366505265235901,0.2633495032787323
control,sub-08,1,2,1,1,0.4613988697528839,0.5386011600494385
control,sub-08,2,2,0,1,0.02916324883699417,0.9708366990089417
control,sub-08,3,0,1,1,0.022607581689953804,0.9773923754692078
control,sub-08,4,2,0,0,0.7008388042449951,0.29916122555732727
control,sub-08,5,1,1,1,0.014082790352404118,0.9859172701835632
control,sub-08,6,2,0,0,0.7115902304649353,0.2884097099304199
control,sub-08,7,0,1,0,0.685213565826416,0.3147864043712616
control,sub-08,8,1,0,0,0.7600653767585754,0.23993463814258575
control,sub-08,9,3,1,0,0.5074209570884705,0.49257898330688477
control,sub-08,10,3,0,0,0.6425495147705078,0.3574504554271698
control,sub-08,11,0,1,1,0.1571206897497177,0.8428792953491211
control,sub-08,12,2,0,0,0.7860531210899353,0.2139468938112259
control,sub-08,13,0,1,1,0.08588673919439316,0.9141132831573486
control,sub-08,14,4,0,1,0.06830453127622604,0.9316954612731934
control,sub-08,15,1,1,0,0.6910999417304993,0.30890002846717834
control,sub-08,16,0,0,0,0.8472135663032532,0.15278638899326324
control,sub-08,17,2,1,0,0.6862568259239197,0.3137432038784027
control,sub-08,18,4,0,0,0.7689827084541321,0.23101729154586792
control,sub-08,19,3,1,0,0.6847065091133118,0.3152935206890106
control,sub-08,20,0,0,0,0.9568474888801575,0.04315241053700447
control,sub-08,21,2,1,1,0.4097936153411865,0.5902063846588135
control,sub-08,22,1,0,0,0.6997470855712891,0.3002529740333557
control,sub-08,23,1,1,0,0.6579262614250183,0.3420737683773041
control,sub-08,24,0,0,0,0.7333354949951172,0.2666644752025604
control,sub-08,25,4,1,1,0.0944240465760231,0.9055759310722351
control,sub-08,26,3,0,0,0.8174467086791992,0.18255330622196198
control,sub-08,27,3,1,0,0.9138783812522888,0.08612159639596939
control,sub-08,28,1,0,1,0.34851381182670593,0.6514861583709717
control,sub-08,29,3,1,0,0.8435954451560974,0.1564045548439026
control,sub-08,30,4,0,0,0.6335718035697937,0.3664281666278839
control,sub-08,31,4,1,1,0.060751598328351974,0.9392483830451965
control,sub-08,32,4,0,0,0.8263694643974304,0.17363061010837555
control,sub-08,33,2,1,1,0.03707873448729515,0.9629213213920593
control,sub-08,34,3,0,0,0.8766870498657227,0.12331295758485794
control,sub-08,35,4,1,0,0.5771369934082031,0.42286303639411926
control,sub-08,36,1,0,0,0.6272832751274109,0.3727167546749115
control,sub-08,37,4,1,0,0.5059855580329895,0.4940144121646881
control,sub-08,38,0,0,1,0.48484864830970764,0.51515132188797
control,sub-08,39,1,1,0,0.6449236273765564,0.355076402425766
control,sub-09,0,3,0,1,0.25540468096733093,0.7445953488349915
control,sub-09,1,2,1,0,0.7357980608940125,0.26420193910598755
control,sub-09,2,2,0,0,0.7762507796287537,0.22374923527240753
control,sub-09,3,0,1,1,0.09120115637779236,0.90879887342453
control,sub-09,4,2,0,0,0.5572335720062256,0.4427664577960968
control,sub-09,5,1,1,1,0.4442431628704071,0.5557568669319153
control,sub-09,6,2,0,1,0.3940769135951996,0.6059231758117676
control,sub-09,7,0,1,1,0.17434142529964447,0.8256585597991943
control,sub-09,8,1,0,0,0.6187766194343567,0.38122332096099854
control,sub-09,9,3,1,1,0.281929075717926,0.7180709838867188
control,sub-09,10,3,0,1,0.4321393072605133,0.5678607225418091
control,sub-09,11,0,1,0,0.5170551538467407,0.48294487595558167
control,sub-09,12,2,0,0,0.5324335694313049,0.46756649017333984
control,sub-09,13,0,1,0,0.8977150917053223,0.10228493064641953
control,sub-09,14,4,0,0,0.5817201137542725,0.4182797968387604
control,sub-09,15,1,1,1,0.24489708244800568,0.7551028728485107
control,sub-09,16,0,0,1,0.4738822281360626,0.5261178016662598
control,sub-09,17,2,1,1,0.2605327367782593,0.7394673228263855
control,sub-09,18,4,0,0,0.5293217301368713,0.4706782102584839
control,sub-09,19,3,1,1,0.16621799767017365,0.8337819576263428
control,sub-09,20,0,0,0,0.6952013373374939,0.3047987222671509
control,sub-09,21,2,1,0,0.5726136565208435,0.42738643288612366
control,sub-09,22,1,0,1,0.4789291322231293,0.5210708975791931
control,sub-09,23,1,1,1,0.4461524188518524,0.55384761095047
control,sub-09,24,0,0,0,0.5385057926177979,0.46149420738220215
control,sub-09,25,4,1,1,0.32668858766555786,0.6733114123344421
control,sub-09,26,3,0,0,0.8991695046424866,0.10083045810461044
control,sub-09,27,3,1,0,0.6389524936676025,0.36104750633239746
control,sub-09,28,1,0,0,0.5278891921043396,0.4721108675003052
control,sub-09,29,3,1,0,0.5884952545166016,0.41150471568107605
control,sub-09,30,4,0,0,0.7381564974784851,0.2618434727191925
control,sub-09,31,4,1,0,0.589475691318512,0.4105243384838104
control,sub-09,32,4,0,0,0.6996755599975586,0.3003244400024414
control,sub-09,33,2,1,0,0.7082240581512451,0.2917759120464325
control,sub-09,34,3,0,1,0.19946210086345673,0.8005378842353821
control,sub-09,35,4,1,1,0.492684930562973,0.5073150992393494
control,sub-09,36,1,0,0,0.9483978152275085,0.05160221457481384
control,sub-09,37,4,1,0,0.5882551074028015,0.4117449223995209
control,sub-09,38,0,0,1,0.3129851520061493,0.6870148181915283
control,sub-09,39,1,1,1,0.3909873962402344,0.6090126037597656
control,sub-10,0,3,0,0,0.8867868781089783,0.11321312934160233
control,sub-10,1,2,1,1,0.07731708884239197,0.9226829409599304
control,sub-10,2,2,0,0,0.8078176379203796,0.19218242168426514
control,sub-10,3,0,1,1,0.08900923281908035,0.9109907150268555
control,sub-10,4,2,0,0,0.5300291776657104,0.46997079253196716
control,sub-10,5,1,1,1,0.11047247797250748,0.8895274996757507
control,sub-10,6,2,0,0,0.9037616848945618,0.09623824805021286
control,sub-10,7,0,1,1,0.2203478068113327,0.7796521782875061
control,sub-10,8,1,0,1,0.23184005916118622,0.7681600451469421
control,sub-10,9,3,1,1,0.2597332298755646,0.740266740322113
control,sub-10,10,3,0,1,0.38118162751197815,0.6188183426856995
control,sub-10,11,0,1,1,0.46677470207214355,0.5332252979278564
control,sub-10,12,2,0,1,0.07789448648691177,0.9221054911613464
control,sub-10,13,0,1,1,0.42320576310157776,0.5767942070960999
control,sub-10,14,4,0,1,0.4987355172634125,0.5012645125389099
control,sub-10,15,1,1,1,0.311766654253006,0.6882333755493164
control,sub-10,16,0,0,1,0.3749781847000122,0.6250218749046326
control,sub-10,17,2,1,0,0.5318391919136047,0.4681607782840729
control,sub-10,18,4,0,1,0.3382296860218048,0.6617703437805176
control,sub-10,19,3,1,0,0.7242045402526855,0.27579542994499207
control,sub-10,20,0,0,0,0.7265684008598328,0.2734316289424896
control,sub-10,21,2,1,0,0.7235479354858398,0.27645209431648254
control,sub-10,22,1,0,0,0.6760469079017639,0.32395312190055847
control,sub-10,23,1,1,1,0.28058525919914246,0.7194147706031799
control,sub-10,24,0,0,1,0.40864673256874084,0.5913532376289368
control,sub-10,25,4,1,0,0.7499472498893738,0.2500527799129486
control,sub-10,26,3,0,1,0.29465121030807495,0.7053487300872803
control,sub-10,27,3,1,0,0.7965413928031921,0.20345859229564667
control,sub-10,28,1,0,1,0.35200536251068115,0.6479946374893188
control,sub-10,29,3,1,1,0.19610686600208282,0.8038931488990784
control,sub-10,30,4,0,0,0.7441746592521667,0.25582531094551086
control,sub-10,31,4,1,0,0.5159140229225159,0.4840860366821289
control,sub-10,32,4,0,1,0.28941693902015686,0.7105830311775208
control,sub-10,33,2,1,0,0.9527338147163391,0.04726611450314522
control,sub-10,34,3,0,0,0.8835609555244446,0.11643902212381363
control,sub-10,35,4,1,0,0.6999873518943787,0.3000126779079437
control,sub-10,36,1,0,0,0.745557963848114,0.2544420659542084
control,sub-10,37,4,1,1,0.4336170256137848,0.566382884979248
control,sub-10,38,0,0,1,0.26720795035362244,0.7327920794487
control,sub-10,39,1,1,0,0.796165943145752,0.20383399724960327
control,sub-11,0,3,0,0,0.7710922360420227,0.2289077490568161
control,sub-11,1,2,1,0,0.6877861618995667,0.3122137784957886
control,sub-11,2,2,0,0,0.9073024392127991,0.09269758313894272
control,sub-11,3,0,1,1,0.08730513602495193,0.9126948714256287
control,sub-11,4,2,0,0,0.8983271718025208,0.10167280584573746
control,sub-11,5,1,1,0,0.5229994654655457,0.4770005941390991
control,sub-11,6,2,0,0,0.962346076965332,0.037653908133506775
control,sub-11,7,0,1,1,0.38170674443244934,0.618293285369873
control,sub-11,8,1,0,0,0.7850659489631653,0.21493403613567352
control,sub-11,9,3,1,1,0.37680137157440186,0.6231985688209534
control,sub-11,10,3,0,0,0.923367977142334,0.07663198560476303
control,sub-11,11,0,1,1,0.44389137625694275,0.5561086535453796
control,sub-11,12,2,0,0,0.9877853989601135,0.012214605696499348
control,sub-11,13,0,1,1,0.45603013038635254,0.5439699292182922
control,sub-11,14,4,0,1,8.680273708705499e-07,0.9999991059303284
control,sub-11,15,1,1,1,0.20177555084228516,0.7982244491577148
control,sub-11,16,0,0,0,0.7702972888946533,0.22970275580883026
control,sub-11,17,2,1,1,0.2773008644580841,0.7226991653442383
control,sub-11,18,4,0,0,0.889700710773468,0.11029926687479019
control,sub-11,19,3,1,1,0.013755395077168941,0.9862446188926697
control,sub-11,20,0,0,0,0.9079368114471436,0.09206321090459824
control,sub-11,21,2,1,1,0.43469274044036865,0.5653071999549866
control,sub-11,22,1,0,0,0.9525704383850098,0.047429587692022324
control,sub-11,23,1,1,1,0.457266241312027,0.5427337288856506
control,sub-11,24,0,0,0,0.5445122122764587,0.45548781752586365
control,sub-11,25,4,1,1,0.07443397492170334,0.9255660176277161
control,sub-11,26,3,0,0,0.8630774021148682,0.13692258298397064
control,sub-11,27,3,1,0,0.5299198031425476,0.4700802266597748
control,sub-11,28,1,0,0,0.9069595336914062,0.09304048866033554
control,sub-11,29,3,1,1,0.3580447733402252,0.6419551968574524
control,sub-11,30,4,0,0,0.9353265166282654,0.064673513174057
control,sub-11,31,4,1,1,0.3916034698486328,0.6083965301513672
control,sub-11,32,4,0,0,0.8685892224311829,0.13141079246997833
control,sub-11,33,2,1,1,0.38195207715034485,0.6180479526519775
control,sub-11,34,3,0,0,0.8356022834777832,0.16439765691757202
control,sub-11,35,4,1,1,0.09631901234388351,0.9036809802055359
control,sub-11,36,1,0,0,0.9827629923820496,0.017237020656466484
control,sub-11,37,4,1,1,0.1286555975675583,0.8713443875312805
control,sub-11,38,0,0,0,0.5827297568321228,0.4172702133655548
control,sub-11,39,1,1,1,0.43154048919677734,0.5684595704078674
control,sub-12,0,3,0,0,0.8646939396858215,0.13530601561069489
control,sub-12,1,2,1,1,0.2739722728729248,0.7260277271270752
control,sub-12,2,2,0,1,0.04730014130473137,0.9526998996734619
control,sub-12,3,0,1,0,0.6938273310661316,0.3061726987361908
control,sub-12,4,2,0,0,0.535428524017334,0.464571475982666
control,sub-12,5,1,1,1,0.13026610016822815,0.8697338700294495
control,sub-12,6,2,0,0,0.5285359025001526,0.471464067697525
control,sub-12,7,0,1,0,0.6569762229919434,0.3430236876010895
control,sub-12,8,1,0,0,0.7786483764648438,0.22135162353515625
control,sub-12,9,3,1,1,0.45114395022392273,0.5488560795783997
control,sub-12,10,3,0,0,0.8334400057792664,0.16655994951725006
control,sub-12,11,0,1,1,0.23821771144866943,0.7617823481559753
control,sub-12,12,2,0,1,0.4294123649597168,0.5705876350402832
control,sub-12,13,0,1,0,0.871264636516571,0.12873543798923492
control,sub-12,14,4,0,0,0.7056578993797302,0.2943421006202698
control,sub-12,15,1,1,1,0.3377155065536499,0.6622844934463501
control,sub-12,16,0,0,1,0.2179766446352005,0.7820233702659607
control,sub-12,17,2,1,1,0.13132518529891968,0.8686748147010803
control,sub-12,18,4,0,0,0.7250311970710754,0.27496883273124695
control,sub-12,19,3,1,1,0.4758192002773285,0.5241807699203491
control,sub-12,20,0,0,0,0.8897314667701721,0.1102685034275055
control,sub-12,21,2,1,1,0.4427725374698639,0.5572274327278137
control,sub-12,22,1,0,0,0.6530768275260925,0.34692320227622986
control,sub-12,23,1,1,1,0.42430904507637024,0.5756909251213074
control,sub-12,24,0,0,0,0.9522383809089661,0.04776160046458244
control,sub-12,25,4,1,0,0.5710200667381287,0.4289799630641937
control,sub-12,26,3,0,0,0.905144989490509,0.09485503286123276
control,sub-12,27,3,1,0,0.9506334662437439,0.04936656355857849
control,sub-12,28,1,0,0,0.9679504036903381,0.03204958513379097
control,sub-12,29,3,1,0,0.9339675903320312,0.06603246182203293
control,sub-12,30,4,0,0,0.9576783180236816,0.042321640998125076
control,sub-12,31,4,1,0,0.5967802405357361,0.40321969985961914
control,sub-12,32,4,0,0,0.5656269192695618,0.43437305092811584
control,sub-12,33,2,1,1,0.19979393482208252,0.8002060055732727
control,sub-12,34,3,0,0,0.9125661253929138,0.08743389695882797
control,sub-12,35,4,1,1,0.475617378950119,0.5243826508522034
control,sub-12,36,1,0,0,0.6713951230049133,0.3286048173904419
control,sub-12,37,4,1,1,0.13672898709774017,0.8632709980010986
control,sub-12,38,0,0,1,0.40932559967041016,0.5906744003295898
control,sub-12,39,1,1,0,0.5268740057945251,0.47312596440315247
control,sub-13,0,3,0,0,0.7430600523948669,0.25693994760513306
control,sub-13,1,2,1,0,0.6301359534263611,0.36986401677131653
control,sub-13,2,2,0,0,0.6570577621459961,0.3429422676563263
control,sub-13,3,0,1,0,0.9642874598503113,0.03571251407265663
control,sub-13,4,2,0,0,0.8706762790679932,0.12932373583316803
control,sub-13,5,1,1,0,0.5651683807373047,0.4348316192626953
control,sub-13,6,2,0,0,0.8720999360084534,0.12790006399154663
control,sub-13,7,0,1,1,0.023702526465058327,0.9762975573539734
control,sub-13,8,1,0,1,0.36472225189208984,0.6352777481079102
control,sub-13,9,3,1,0,0.6929717063903809,0.30702832341194153
control,sub-13,10,3,0,0,0.6025950908660889,0.39740490913391113
control,sub-13,11,0,1,1,0.39173826575279236,0.60826176404953
control,sub-13,12,2,0,0,0.5206784605979919,0.47932156920433044
control,sub-13,13,0,1,1,0.26666608452796936,0.7333338856697083
control,sub-13,14,4,0,1,0.006917362567037344,0.9930827021598816
control,sub-13,15,1,1,1,0.09096979349851608,0.9090302586555481
control,sub-13,16,0,0,1,0.19048339128494263,0.8095166087150574
control,sub-13,17,2,1,1,0.19518877565860748,0.8048111796379089
control,sub-13,18,4,0,0,0.7119631171226501,0.28803691267967224
control,sub-13,19,3,1,1,0.2944752275943756,0.705524742603302
control,sub-13,20,0,0,0,0.6399330496788025,0.36006689071655273
control,sub-13,21,2,1,1,0.026945674791932106,0.9730543494224548
control,sub-13,22,1,0,0,0.903343915939331,0.09665609151124954
control,sub-13,23,1,1,1,0.3195922076702118,0.6804077625274658
control,sub-13,24,0,0,0,0.9893178939819336,0.010682129301130772
control,sub-13,25,4,1,1,0.12597651779651642,0.8740234971046448
control,sub-13,26,3,0,0,0.8322973847389221,0.1677025407552719
control,sub-13,27,3,1,0,0.7578117251396179,0.24218833446502686
control,sub-13,28,1,0,0,0.7740616798400879,0.2259383201599121
control,sub-13,29,3,1,0,0.5105600357055664,0.48943987488746643
control,sub-13,30,4,0,0,0.7561988830566406,0.24380119144916534
control,sub-13,31,4,1,1,0.20599627494812012,0.7940037250518799
control,sub-13,32,4,0,0,0.9252958297729492,0.074704110622406
control,sub-13,33,2,1,0,0.9811151623725891,0.018884802237153053
control,sub-13,34,3,0,0,0.6721518635749817,0.3278481364250183
control,sub-13,35,4,1,1,0.2678402066230774,0.7321597933769226
control,sub-13,36,1,0,0,0.5052791237831116,0.49472084641456604
control,sub-13,37,4,1,0,0.7779051661491394,0.22209489345550537
control,sub-13,38,0,0,0,0.666318416595459,0.333681583404541
control,sub-13,39,1,1,0,0.6115657687187195,0.3884342908859253
control,sub-14,0,3,0,1,0.4825805425643921,0.5174193978309631
control,sub-14,1,2,1,0,0.8250564932823181,0.17494356632232666
control,sub-14,2,2,0,0,0.8586366176605225,0.14136336743831635
control,sub-14,3,0,1,0,0.8098233342170715,0.19017665088176727
control,sub-14,4,2,0,1,0.19831256568431854,0.801687479019165
control,sub-14,5,1,1,0,0.6081116199493408,0.3918883800506592
control,sub-14,6,2,0,0,0.8920887112617493,0.10791122913360596
control,sub-14,7,0,1,0,0.5650278925895691,0.4349721670150757
control,sub-14,8,1,0,0,0.5060601830482483,0.4939397871494293
control,sub-14,9,3,1,1,0.2285812497138977,0.7714187502861023
control,sub-14,10,3,0,0,0.7750203013420105,0.2249797135591507
control,sub-14,11,0,1,0,0.9687293171882629,0.031270671635866165
control,sub-14,12,2,0,1,0.3914143145084381,0.6085855960845947
control,sub-14,13,0,1,0,0.6515877842903137,0.34841224551200867
control,sub-14,14,4,0,1,0.37180712819099426,0.6281928420066833
control,sub-14,15,1,1,0,0.7388835549354553,0.2611164152622223
control,sub-14,16,0,0,0,0.5049065947532654,0.4950934648513794
control,sub-14,17,2,1,0,0.791508674621582,0.20849137008190155
control,sub-14,18,4,0,0,0.7565443515777588,0.24345563352108002
control,sub-14,19,3,1,1,0.41720151901245117,0.5827984809875488
control,sub-14,20,0,0,0,0.7893386483192444,0.21066133677959442
control,sub-14,21,2,1,0,0.7630587220191956,0.23694121837615967
control,sub-14,22,1,0,0,0.5200650691986084,0.4799349009990692
control,sub-14,23,1,1,1,0.39174047112464905,0.6082594990730286
control,sub-14,24,0,0,0,0.5994076132774353,0.40059247612953186
control,sub-14,25,4,1,0,0.905668318271637,0.09433168917894363
control,sub-14,26,3,0,1,0.1691196709871292,0.830880343914032
control,sub-14,27,3,1,0,0.6415011286735535,0.3584989011287689
control,sub-14,28,1,0,1,0.44274982810020447,0.5572502017021179
control,sub-14,29,3,1,0,0.5442506074905396,0.45574942231178284
control,sub-14,30,4,0,0,0.8551527857780457,0.14484724402427673
control,sub-14,31,4,1,1,0.49914300441741943,0.5008570551872253
control,sub-14,32,4,0,0,0.5904325842857361,0.4095674455165863
control,sub-14,33,2,1,0,0.843963623046875,0.15603630244731903
control,sub-14,34,3,0,1,0.3803424835205078,0.6196575164794922
control,sub-14,35,4,1,0,0.811920166015625,0.18807978928089142
control,sub-14,36,1,0,0,0.7421539425849915,0.25784602761268616
control,sub-14,37,4,1,1,0.4380365312099457,0.5619634985923767
control,sub-14,38,0,0,1,0.1535058617591858,0.8464941382408142
control,sub-14,39,1,1,1,0.3785364329814911,0.6214635372161865
control,sub-15,0,3,0,1,0.43593040108680725,0.5640695095062256
control,sub-15,1,2,1,1,0.40378084778785706,0.5962191224098206
control,sub-15,2,2,0,1,0.3775289058685303,0.6224710941314697
control,sub-15,3,0,1,0,0.5836459994316101,0.4163540303707123
control,sub-15,4,2,0,0,0.6451597809791565,0.3548401892185211
control,sub-15,5,1,1,0,0.5804374814033508,0.41956254839897156
control,sub-15,6,2,0,1,0.3455483019351959,0.6544516682624817
control,sub-15,7,0,1,1,0.4460829794406891,0.5539169907569885
control,sub-15,8,1,0,0,0.5320062637329102,0.46799373626708984
control,sub-15,9,3,1,1,0.41024208068847656,0.5897579193115234
control,sub-15,10,3,0,0,0.5058917999267578,0.494108110666275
control,sub-15,11,0,1,0,0.5292980074882507,0.47070202231407166
control,sub-15,12,2,0,1,0.48857879638671875,0.5114212036132812
control,sub-15,13,0,1,0,0.6586102843284607,0.3413897454738617
control,sub-15,14,4,0,1,0.4511803388595581,0.5488196015357971
control,sub-15,15,1,1,1,0.40565118193626404,0.5943488478660583
control,sub-15,16,0,0,1,0.48471152782440186,0.5152884721755981
control,sub-15,17,2,1,0,0.5382755994796753,0.4617244005203247
control,sub-15,18,4,0,1,0.3442389667034149,0.6557610630989075
control,sub-15,19,3,1,1,0.40449169278144836,0.5955082774162292
control,sub-15,20,0,0,0,0.5775156617164612,0.42248430848121643
control,sub-15,21,2,1,0,0.6461654305458069,0.3538345992565155
control,sub-15,22,1,0,0,0.5398537516593933,0.46014633774757385
control,sub-15,23,1,1,1,0.3986792266368866,0.6013208031654358
control,sub-15,24,0,0,0,0.5197442173957825,0.48025575280189514
control,sub-15,25,4,1,0,0.5632208585739136,0.4367791414260864
control,sub-15,26,3,0,1,0.451839417219162,0.5481605529785156
control,sub-15,27,3,1,1,0.4649113714694977,0.5350885987281799
control,sub-15,28,1,0,1,0.30923739075660706,0.6907625794410706
control,sub-15,29,3,1,0,0.5596169829368591,0.4403829574584961
control,sub-15,30,4,0,1,0.44133269786834717,0.5586672425270081
control,sub-15,31,4,1,1,0.4823446571826935,0.5176553726196289
control,sub-15,32,4,0,0,0.5529919266700745,0.44700804352760315
control,sub-15,33,2,1,0,0.5781120657920837,0.42188796401023865
control,sub-15,34,3,0,1,0.4318763017654419,0.5681236982345581
control,sub-15,35,4,1,0,0.5220919251441956,0.4779081344604492
control,sub-15,36,1,0,1,0.4073798358440399,0.5926201343536377
control,sub-15,37,4,1,1,0.45088887214660645,0.5491111874580383
control,sub-15,38,0,0,0,0.5608072876930237,0.4391927719116211
control,sub-15,39,1,1,1,0.42986002564430237,0.5701399445533752
control,sub-16,0,3,0,0,0.7543136477470398,0.24568642675876617
control,sub-16,1,2,1,0,0.5680197477340698,0.4319802224636078
control,sub-16,2,2,0,0,0.6050887703895569,0.3949112594127655
control,sub-16,3,0,1,1,0.45489874482154846,0.5451012253761292
control,sub-16,4,2,0,0,0.7372598648071289,0.26274019479751587
control,sub-16,5,1,1,0,0.9995457530021667,0.0004543157701846212
control,sub-16,6,2,0,1,0.19910390675067902,0.8008961081504822
control,sub-16,7,0,1,0,0.9152209162712097,0.08477915078401566
control,sub-16,8,1,0,0,0.6345329880714417,0.36546698212623596
control,sub-16,9,3,1,1,0.4158358573913574,0.5841642022132874
control,sub-16,10,3,0,0,0.96478271484375,0.035217296332120895
control,sub-16,11,0,1,1,0.31758829951286316,0.6824117302894592
control,sub-16,12,2,0,1,0.038034435361623764,0.9619655609130859
control,sub-16,13,0,1,1,0.06274837255477905,0.937251627445221
control,sub-16,14,4,0,0,0.9801327586174011,0.019867265596985817
control,sub-16,15,1,1,1,0.3777283728122711,0.6222715973854065
control,sub-16,16,0,0,0,0.7154268622398376,0.28457316756248474
control,sub-16,17,2,1,1,0.33858728408813477,0.6614127159118652
control,sub-16,18,4,0,1,0.43559935688972473,0.5644006133079529
control,sub-16,19,3,1,0,0.6303156018257141,0.3696843683719635
control,sub-16,20,0,0,0,0.5592955350875854,0.44070446491241455
control,sub-16,21,2,1,0,0.5566902756690979,0.4433096945285797
control,sub-16,22,1,0,0,0.6200316548347473,0.3799683153629303
control,sub-16,23,1,1,1,0.09023013710975647,0.9097697734832764
control,sub-16,24,0,0,1,0.17515765130519867,0.8248422741889954
control,sub-16,25,4,1,0,0.8991317749023438,0.10086824744939804
control,sub-16,26,3,0,1,0.029321298003196716,0.9706786274909973
control,sub-16,27,3,1,1,0.28828415274620056,0.7117158770561218
control,sub-16,28,1,0,0,0.769490659236908,0.23050938546657562
control,sub-16,29,3,1,1,0.20829351246356964,0.7917065024375916
control,sub-16,30,4,0,0,0.7578177452087402,0.24218225479125977
control,sub-16,31,4,1,1,0.02028750069439411,0.9797124862670898
control,sub-16,32,4,0,0,0.9834315180778503,0.016568519175052643
control,sub-16,33,2,1,1,0.05572821572422981,0.9442717432975769
control,sub-16,34,3,0,0,0.5440433621406555,0.4559566080570221
control,sub-16,35,4,1,0,0.7878780961036682,0.2121219038963318
control,sub-16,36,1,0,0,0.8225786089897156,0.17742137610912323
control,sub-16,37,4,1,0,0.6041496396064758,0.3958503305912018
control,sub-16,38,0,0,0,0.5980175137519836,0.40198245644569397
control,sub-16,39,1,1,0,0.8679068088531494,0.13209325075149536
control,sub-17,0,3,0,0,0.8088002800941467,0.19119970500469208
control,sub-17,1,2,1,0,0.7037075161933899,0.2962924540042877
control,sub-17,2,2,0,1,0.46406376361846924,0.5359362959861755
control,sub-17,3,0,1,1,0.3514220416545868,0.6485779285430908
control,sub-17,4,2,0,1,0.2997211515903473,0.7002788186073303
control,sub-17,5,1,1,0,0.7764320373535156,0.22356796264648438
control,sub-17,6,2,0,1,0.40238404273986816,0.5976158976554871
control,sub-17,7,0,1,0,0.7991883158683777,0.20081166923046112
control,sub-17,8,1,0,1,0.33637475967407227,0.6636252403259277
control,sub-17,9,3,1,1,0.258005827665329,0.7419941425323486
control,sub-17,10,3,0,1,0.4323008954524994,0.5676990747451782
control,sub-17,11,0,1,0,0.9718725085258484,0.028127513825893402
control,sub-17,12,2,0,1,0.4936469495296478,0.5063530802726746
control,sub-17,13,0,1,1,0.22921304404735565,0.7707869410514832
control,sub-17,14,4,0,1,0.3534596860408783,0.6465403437614441
control,sub-17,15,1,1,0,0.739964485168457,0.26003560423851013
control,sub-17,16,0,0,0,0.6033980250358582,0.39660200476646423
control,sub-17,17,2,1,1,0.055816080421209335,0.9441840052604675
control,sub-17,18,4,0,0,0.5087136626243591,0.49128636717796326
control,sub-17,19,3,1,1,0.1982908397912979,0.8017091751098633
control,sub-17,20,0,0,1,0.06712689995765686,0.9328730702400208
control,sub-17,21,2,1,1,0.2948904037475586,0.7051095962524414
control,sub-17,22,1,0,0,0.6631391644477844,0.33686086535453796
control,sub-17,23,1,1,0,0.8784295916557312,0.12157038599252701
control,sub-17,24,0,0,1,0.28377848863601685,0.7162215113639832
control,sub-17,25,4,1,0,0.5654937624931335,0.4345063269138336
control,sub-17,26,3,0,1,0.4633857011795044,0.5366142392158508
control,sub-17,27,3,1,1,0.36166366934776306,0.6383363604545593
control,sub-17,28,1,0,0,0.5859914422035217,0.41400858759880066
control,sub-17,29,3,1,0,0.750978946685791,0.24902109801769257
control,sub-17,30,4,0,0,0.6702563166618347,0.32974374294281006
control,sub-17,31,4,1,0,0.8601344227790833,0.13986556231975555
control,sub-17,32,4,0,0,0.9621254801750183,0.037874504923820496
control,sub-17,33,2,1,0,0.6991629004478455,0.30083712935447693
control,sub-17,34,3,0,1,0.3131158649921417,0.6868841052055359
control,sub-17,35,4,1,0,0.8785302042961121,0.12146979570388794
control,sub-17,36,1,0,1,0.22001607716083527,0.7799839377403259
control,sub-17,37,4,1,1,0.4030574858188629,0.5969424843788147
control,sub-17,38,0,0,0,0.9022607207298279,0.0977393314242363
control,sub-17,39,1,1,1,0.3581525385379791,0.6418474316596985
control,sub-18,0,3,0,1,0.26344582438468933,0.7365541458129883
control,sub-18,1,2,1,1,0.3213425874710083,0.6786573529243469
control,sub-18,2,2,0,0,0.7588582038879395,0.24114179611206055
control,sub-18,3,0,1,0,0.7002727389335632,0.29972729086875916
control,sub-18,4,2,0,0,0.8586463928222656,0.14135360717773438
control,sub-18,5,1,1,1,0.22086651623249054,0.7791334986686707
control,sub-18,6,2,0,0,0.927664041519165,0.07233601063489914
control,sub-18,7,0,1,1,0.006238648202270269,0.9937613606452942
control,sub-18,8,1,0,0,0.9524893164634705,0.04751070961356163
control,sub-18,9,3,1,1,0.04938443377614021,0.9506155848503113
control,sub-18,10,3,0,0,0.8716625571250916,0.12833742797374725
control,sub-18,11,0,1,0,0.7176973223686218,0.2823026776313782
control,sub-18,12,2,0,0,0.9316439628601074,0.06835606694221497
control,sub-18,13,0,1,1,0.30703815817832947,0.6929618716239929
control,sub-18,14,4,0,0,0.9988039135932922,0.0011960655683651567
control,sub-18,15,1,1,1,0.16618561744689941,0.8338143825531006
control,sub-18,16,0,0,0,0.5391176342964172,0.460882306098938
control,sub-18,17,2,1,1,0.19814376533031464,0.8018562197685242
control,sub-18,18,4,0,0,0.8227279782295227,0.17727196216583252
control,sub-18,19,3,1,1,0.4090026915073395,0.5909972786903381
control,sub-18,20,0,0,0,0.9868102073669434,0.013189833611249924
control,sub-18,21,2,1,1,0.4702136218547821,0.5297863483428955
control,sub-18,22,1,0,0,0.6693942546844482,0.33060571551322937
control,sub-18,23,1,1,1,0.08822789043188095,0.9117720723152161
control,sub-18,24,0,0,1,0.3734647333621979,0.6265352368354797
control,sub-18,25,4,1,0,0.553785502910614,0.4462145268917084
control,sub-18,26,3,0,0,0.7947444915771484,0.20525555312633514
control,sub-18,27,3,1,1,0.09507325291633606,0.9049267768859863
control,sub-18,28,1,0,0,0.6855863928794861,0.3144136369228363
control,sub-18,29,3,1,1,0.33117207884788513,0.6688278317451477
control,sub-18,30,4,0,0,0.5750481486320496,0.4249518811702728
control,sub-18,31,4,1,1,0.2477826029062271,0.7522173523902893
control,sub-18,32,4,0,0,0.6331562995910645,0.36684370040893555
control,sub-18,33,2,1,1,0.073072649538517,0.926927387714386
control,sub-18,34,3,0,0,0.8694817423820496,0.13051824271678925
control,sub-18,35,4,1,1,0.04639745131134987,0.9536025524139404
control,sub-18,36,1,0,1,0.3043680489063263,0.6956319212913513
control,sub-18,37,4,1,1,0.06832340359687805,0.9316766262054443
control,sub-18,38,0,0,1,0.014224302023649216,0.9857757091522217
control,sub-18,39,1,1,1,0.13719499111175537,0.8628050684928894
control,sub-19,0,3,0,0,0.835054874420166,0.16494514048099518
control,sub-19,1,2,1,0,0.612481415271759,0.3875185549259186
control,sub-19,2,2,0,0,0.770296037197113,0.22970394790172577
control,sub-19,3,0,1,0,0.7474822402000427,0.25251781940460205
control,sub-19,4,2,0,0,0.7843659520149231,0.2156340330839157
control,sub-19,5,1,1,1,0.40686383843421936,0.5931360721588135
control,sub-19,6,2,0,1,0.3648420572280884,0.6351578831672668
control,sub-19,7,0,1,0,0.5391843914985657,0.46081557869911194
control,sub-19,8,1,0,1,0.4796992838382721,0.5203006863594055
control,sub-19,9,3,1,0,0.6615180969238281,0.3384818732738495
control,sub-19,10,3,0,0,0.9095849990844727,0.09041503071784973
control,sub-19,11,0,1,1,0.3867160975933075,0.6132838726043701
control,sub-19,12,2,0,1,0.27422744035720825,0.7257725596427917
control,sub-19,13,0,1,0,0.5796254873275757,0.4203745126724243
control,sub-19,14,4,0,0,0.724780797958374,0.275219202041626
control,sub-19,15,1,1,1,0.26075562834739685,0.7392444014549255
control,sub-19,16,0,0,1,0.2577929198741913,0.7422070503234863
control,sub-19,17,2,1,1,0.4571869373321533,0.5428130626678467
control,sub-19,18,4,0,0,0.7136823534965515,0.28631770610809326
control,sub-19,19,3,1,0,0.6813353896141052,0.3186646103858948
control,sub-19,20,0,0,1,0.001275160233490169,0.9987247586250305
control,sub-19,21,2,1,1,0.1734646111726761,0.8265354037284851
control,sub-19,22,1,0,1,0.40616166591644287,0.5938383936882019
control,sub-19,23,1,1,0,0.5415652394294739,0.45843473076820374
control,sub-19,24,0,0,0,0.9749605059623718,0.02503953129053116
control,sub-19,25,4,1,0,0.8634694218635559,0.1365305334329605
control,sub-19,26,3,0,1,0.19407396018505096,0.8059260249137878
control,sub-19,27,3,1,1,0.4367786645889282,0.5632213950157166
control,sub-19,28,1,0,0,0.503274142742157,0.4967259168624878
control,sub-19,29,3,1,0,0.9034512639045715,0.09654872864484787
control,sub-19,30,4,0,0,0.7889067530632019,0.21109332144260406
control,sub-19,31,4,1,0,0.7485464215278625,0.25145354866981506
control,sub-19,32,4,0,0,0.7301053404808044,0.26989468932151794
control,sub-19,33,2,1,1,0.11018788069486618,0.889812171459198
control,sub-19,34,3,0,1,0.4867587089538574,0.5132412910461426
control,sub-19,35,4,1,1,0.3228597640991211,0.6771402359008789
control,sub-19,36,1,0,1,0.4465329945087433,0.5534669756889343
control,sub-19,37,4,1,0,0.7576673626899719,0.2423325777053833
control,sub-19,38,0,0,0,0.9580071568489075,0.041992831975221634
control,sub-19,39,1,1,1,0.3444279730319977,0.6555719971656799
control,sub-20,0,3,0,1,0.08798455446958542,0.912015438079834
control,sub-20,1,2,1,1,0.07155344635248184,0.9284465909004211
control,sub-20,2,2,0,0,0.82659912109375,0.17340092360973358
control,sub-20,3,0,1,1,0.1000640019774437,0.8999360203742981
control,sub-20,4,2,0,1,0.4722548723220825,0.5277451872825623
control,sub-20,5,1,1,0,0.5260036587715149,0.4739963710308075
control,sub-20,6,2,0,0,0.9852781295776367,0.014721915125846863
control,sub-20,7,0,1,1,0.4665963649749756,0.5334036350250244
control,sub-20,8,1,0,0,0.9884477257728577,0.011552260257303715
control,sub-20,9,3,1,1,0.12197915464639664,0.8780208230018616
control,sub-20,10,3,0,0,0.9963828921318054,0.0036171216052025557
control,sub-20,11,0,1,1,0.21761555969715118,0.7823843955993652
control,sub-20,12,2,0,0,0.9854531288146973,0.014546801336109638
control,sub-20,13,0,1,1,0.011580259539186954,0.9884197115898132
control,sub-20,14,4,0,0,0.7146959900856018,0.2853039503097534
control,sub-20,15,1,1,1,0.10664523392915726,0.8933548331260681
control,sub-20,16,0,0,0,0.796267032623291,0.20373301208019257
control,sub-20,17,2,1,1,0.24740879237651825,0.7525911927223206
control,sub-20,18,4,0,0,0.6524104475975037,0.34758952260017395
control,sub-20,19,3,1,0,0.9315894246101379,0.0684104636311531
control,sub-20,20,0,0,0,0.9664304852485657,0.03356952592730522
control,sub-20,21,2,1,1,0.060469795018434525,0.9395301938056946
control,sub-20,22,1,0,0,0.9329420924186707,0.06705790013074875
control,sub-20,23,1,1,1,0.16589714586734772,0.8341028690338135
control,sub-20,24,0,0,1,0.2181686908006668,0.7818313241004944
control,sub-20,25,4,1,1,0.05800022557377815,0.9419998526573181
control,sub-20,26,3,0,0,0.9231589436531067,0.07684102654457092
control,sub-20,27,3,1,1,0.46668967604637146,0.5333102941513062
control,sub-20,28,1,0,0,0.7101454734802246,0.2898545563220978
control,sub-20,29,3,1,0,0.7963504791259766,0.20364956557750702
control,sub-20,30,4,0,1,0.05808446928858757,0.9419155120849609
control,sub-20,31,4,1,1,0.013463098555803299,0.9865369200706482
control,sub-20,32,4,0,1,0.02444285713136196,0.9755571484565735
control,sub-20,33,2,1,1,0.03236967325210571,0.9676303267478943
control,sub-20,34,3,0,0,0.9709784388542175,0.029021622613072395
control,sub-20,35,4,1,1,0.0016303594456985593,0.9983696341514587
control,sub-20,36,1,0,0,0.8725989460945129,0.12740100920200348
control,sub-20,37,4,1,0,0.9971436858177185,0.0028563470114022493
control,sub-20,38,0,0,0,0.8785446286201477,0.1214553713798523
control,sub-20,39,1,1,1,0.07251312583684921,0.9274868965148926
control,sub-21,0,3,0,0,0.6515572667121887,0.3484427034854889
control,sub-21,1,2,1,1,0.06412708759307861,0.9358729720115662
control,sub-21,2,2,0,1,0.04139174893498421,0.9586081504821777
control,sub-21,3,0,1,0,0.7861906886100769,0.2138092964887619
control,sub-21,4,2,0,1,0.03789137676358223,0.9621086120605469
control,sub-21,5,1,1,0,0.5561801195144653,0.44381988048553467
control,sub-21,6,2,0,0,0.5782694220542908,0.42173051834106445
control,sub-21,7,0,1,0,0.8648971915245056,0.1351027935743332
control,sub-21,8,1,0,0,0.5723970532417297,0.4276029169559479
control,sub-21,9,3,1,0,0.5860130786895752,0.4139869213104248
control,sub-21,10,3,0,0,0.6806156635284424,0.31938424706459045
control,sub-21,11,0,1,1,0.4308871328830719,0.5691128373146057
control,sub-21,12,2,0,1,0.2733226716518402,0.7266773581504822
control,sub-21,13,0,1,0,0.6478114128112793,0.35218867659568787
control,sub-21,14,4,0,1,0.46356138586997986,0.5364385843276978
control,sub-21,15,1,1,0,0.5165284276008606,0.4834716320037842
control,sub-21,16,0,0,0,0.5609103441238403,0.4390896260738373
control,sub-21,17,2,1,0,0.5687882900238037,0.4312117099761963
control,sub-21,18,4,0,0,0.5865040421485901,0.4134960174560547
control,sub-21,19,3,1,0,0.9051456451416016,0.09485437721014023
control,sub-21,20,0,0,0,0.6690266132354736,0.33097341656684875
control,sub-21,21,2,1,0,0.5191168189048767,0.4808832108974457
control,sub-21,22,1,0,1,0.06028611958026886,0.9397138953208923
control,sub-21,23,1,1,1,0.42535319924354553,0.5746467709541321
control,sub-21,24,0,0,1,0.19435304403305054,0.8056469559669495
control,sub-21,25,4,1,0,0.5821555256843567,0.4178444445133209
control,sub-21,26,3,0,0,0.5853280425071716,0.41467198729515076
control,sub-21,27,3,1,1,0.32477882504463196,0.6752212047576904
control,sub-21,28,1,0,1,0.22603924572467804,0.7739607691764832
control,sub-21,29,3,1,0,0.7137513160705566,0.28624865412712097
control,sub-21,30,4,0,1,0.093068927526474,0.9069311022758484
control,sub-21,31,4,1,1,0.42104044556617737,0.5789595246315002
control,sub-21,32,4,0,1,0.3573661744594574,0.642633855342865
control,sub-21,33,2,1,0,0.530364453792572,0.46963557600975037
control,sub-21,34,3,0,0,0.8627153038978577,0.13728463649749756
control,sub-21,35,4,1,1,0.3144177198410034,0.6855822205543518
control,sub-21,36,1,0,0,0.6582878232002258,0.3417121469974518
control,sub-21,37,4,1,1,0.3363499641418457,0.6636499762535095
control,sub-21,38,0,0,0,0.5636945962905884,0.436305433511734
control,sub-21,39,1,1,1,0.491107702255249,0.5088923573493958
control,sub-22,0,3,0,1,0.24562199413776398,0.7543780207633972
control,sub-22,1,2,1,1,0.18898911774158478,0.8110108375549316
control,sub-22,2,2,0,0,0.5811296105384827,0.41887032985687256
control,sub-22,3,0,1,0,0.7453310489654541,0.2546689808368683
control,sub-22,4,2,0,1,0.35624536871910095,0.6437546610832214
control,sub-22,5,1,1,1,0.27975496649742126,0.7202450633049011
control,sub-22,6,2,0,1,0.23095089197158813,0.7690491080284119
control,sub-22,7,0,1,1,0.21152012050151825,0.7884798049926758
control,sub-22,8,1,0,0,0.9119026064872742,0.0880974605679512
control,sub-22,9,3,1,1,0.28259411454200745,0.7174058556556702
control,sub-22,10,3,0,0,0.6466731429100037,0.3533268868923187
control,sub-22,11,0,1,1,0.21107429265975952,0.7889257073402405
control,sub-22,12,2,0,0,0.5349788069725037,0.4650212228298187
control,sub-22,13,0,1,0,0.5842168927192688,0.4157831370830536
control,sub-22,14,4,0,0,0.8764505386352539,0.12354946881532669
control,sub-22,15,1,1,1,0.42828986048698425,0.5717100501060486
control,sub-22,16,0,0,0,0.9640166759490967,0.03598328307271004
control,sub-22,17,2,1,1,0.07556954771280289,0.9244304299354553
control,sub-22,18,4,0,0,0.5181148648262024,0.4818851053714752
control,sub-22,19,3,1,1,0.04757453501224518,0.952425479888916
control,sub-22,20,0,0,0,0.7483644485473633,0.25163552165031433
control,sub-22,21,2,1,1,0.016274340450763702,0.9837257266044617
control,sub-22,22,1,0,0,0.5241100192070007,0.4758899211883545
control,sub-22,23,1,1,1,0.004173636436462402,0.9958264231681824
control,sub-22,24,0,0,0,0.8434000611305237,0.15659987926483154
control,sub-22,25,4,1,1,0.087392158806324,0.9126078486442566
control,sub-22,26,3,0,0,0.7709066271781921,0.22909332811832428
control,sub-22,27,3,1,1,0.09954050183296204,0.9004595279693604
control,sub-22,28,1,0,1,0.37226080894470215,0.6277392506599426
control,sub-22,29,3,1,1,0.18493680655956268,0.8150631785392761
control,sub-22,30,4,0,0,0.8139784336090088,0.18602152168750763
control,sub-22,31,4,1,1,0.04348433017730713,0.9565156102180481
control,sub-22,32,4,0,0,0.5547252893447876,0.4452747404575348
control,sub-22,33,2,1,1,0.13936133682727814,0.8606386184692383
control,sub-22,34,3,0,0,0.5658223032951355,0.4341777265071869
control,sub-22,35,4,1,0,0.5769442915916443,0.4230556786060333
control,sub-22,36,1,0,0,0.5798071026802063,0.4201928675174713
control,sub-22,37,4,1,1,0.07887981086969376,0.9211201667785645
control,sub-22,38,0,0,0,0.9648427367210388,0.03515727445483208
control,sub-22,39,1,1,1,0.21269457042217255,0.7873054146766663
control,sub-23,0,3,0,1,0.009058043360710144,0.9909420013427734
control,sub-23,1,2,1,0,0.9205543994903564,0.07944556325674057
control,sub-23,2,2,0,0,0.8826398253440857,0.1173601970076561
control,sub-23,3,0,1,0,0.99632328748703,0.0036766708362847567
control,sub-23,4,2,0,0,0.8099441528320312,0.19005589187145233
control,sub-23,5,1,1,1,0.1932404637336731,0.8067595362663269
control,sub-23,6,2,0,0,0.9626619815826416,0.03733804449439049
control,sub-23,7,0,1,0,0.5156112313270569,0.4843887388706207
control,sub-23,8,1,0,0,0.798267662525177,0.20173227787017822
control,sub-23,9,3,1,1,0.11629951000213623,0.8837005496025085
control,sub-23,10,3,0,0,0.7652447819709778,0.2347552329301834
control,sub-23,11,0,1,0,0.5514490008354187,0.4485510289669037
control,sub-23,12,2,0,1,0.3764554560184479,0.6235445141792297
control,sub-23,13,0,1,1,0.07143937796354294,0.9285605549812317
control,sub-23,14,4,0,0,0.593638002872467,0.40636196732521057
control,sub-23,15,1,1,1,0.05137115344405174,0.9486289024353027
control,sub-23,16,0,0,1,0.07292642444372177,0.9270735383033752
control,sub-23,17,2,1,1,0.21152693033218384,0.7884731292724609
control,sub-23,18,4,0,1,0.399721622467041,0.6002783179283142
control,sub-23,19,3,1,1,0.11871457099914551,0.8812854886054993
control,sub-23,20,0,0,0,0.9661492705345154,0.03385070338845253
control,sub-23,21,2,1,1,0.32967719435691833,0.6703227162361145
control,sub-23,22,1,0,1,0.37759995460510254,0.6224000453948975
control,sub-23,23,1,1,1,0.42627108097076416,0.5737289786338806
control,sub-23,24,0,0,0,0.7265151143074036,0.27348485589027405
control,sub-23,25,4,1,1,0.15845368802547455,0.8415462374687195
control,sub-23,26,3,0,1,0.2683357000350952,0.7316643595695496
control,sub-23,27,3,1,1,0.3746110498905182,0.6253889203071594
control,sub-23,28,1,0,0,0.7388761639595032,0.26112380623817444
control,sub-23,29,3,1,0,0.5798377990722656,0.42016229033470154
control,sub-23,30,4,0,0,0.6627699732780457,0.33723005652427673
control,sub-23,31,4,1,0,0.9309807419776917,0.06901927292346954
control,sub-23,32,4,0,0,0.8291971683502197,0.17080281674861908
control,sub-23,33,2,1,0,0.8818225860595703,0.11817745119333267
control,sub-23,34,3,0,0,0.6908307671546936,0.3091692626476288
control,sub-23,35,4,1,1,0.22703588008880615,0.7729640603065491
control,sub-23,36,1,0,0,0.7901628613471985,0.20983712375164032
control,sub-23,37,4,1,1,0.3747490346431732,0.6252509355545044
control,sub-23,38,0,0,0,0.7515859603881836,0.2484140247106552
control,sub-23,39,1,1,1,0.45264706015586853,0.5473529696464539
control,sub-24,0,3,0,1,0.30795273184776306,0.6920471787452698
control,sub-24,1,2,1,0,0.5194520354270935,0.4805479347705841
control,sub-24,2,2,0,0,0.6161249279975891,0.3838750123977661
control,sub-24,3,0,1,0,0.8344857692718506,0.1655142456293106
control,sub-24,4,2,0,1,0.2666091024875641,0.7333908677101135
control,sub-24,5,1,1,1,0.14801792800426483,0.851982057094574
control,sub-24,6,2,0,0,0.8639554381370544,0.13604460656642914
control,sub-24,7,0,1,1,0.318518728017807,0.6814813017845154
control,sub-24,8,1,0,1,0.4971286952495575,0.5028713345527649
control,sub-24,9,3,1,1,0.41789284348487854,0.5821071267127991
control,sub-24,10,3,0,0,0.8814056515693665,0.11859428137540817
control,sub-24,11,0,1,0,0.5954485535621643,0.4045514166355133
control,sub-24,12,2,0,1,0.02898286283016205,0.9710171222686768
control,sub-24,13,0,1,1,0.37171921133995056,0.6282808184623718
control,sub-24,14,4,0,1,0.43253055214881897,0.5674694180488586
control,sub-24,15,1,1,1,0.21422946453094482,0.7857705950737
control,sub-24,16,0,0,0,0.8444318175315857,0.15556813776493073
control,sub-24,17,2,1,1,0.45278868079185486,0.5472113490104675
control,sub-24,18,4,0,0,0.6079065203666687,0.3920935094356537
control,sub-24,19,3,1,0,0.5021273493766785,0.4978727102279663
control,sub-24,20,0,0,1,0.05554676055908203,0.944453239440918
control,sub-24,21,2,1,1,0.3031051456928253,0.6968948841094971
control,sub-24,22,1,0,0,0.6267881393432617,0.3732118308544159
control,sub-24,23,1,1,0,0.5371525287628174,0.4628474712371826
control,sub-24,24,0,0,0,0.8068521022796631,0.1931479126214981
control,sub-24,25,4,1,0,0.5796312689781189,0.4203687608242035
control,sub-24,26,3,0,1,0.4596583843231201,0.5403416156768799
control,sub-24,27,3,1,1,0.304795503616333,0.6952044367790222
control,sub-24,28,1,0,0,0.6605666279792786,0.3394334018230438
control,sub-24,29,3,1,0,0.862189769744873,0.13781024515628815
control,sub-24,30,4,0,0,0.7896066308021545,0.21039335429668427
control,sub-24,31,4,1,1,0.3278162181377411,0.6721838116645813
control,sub-24,32,4,0,0,0.8534346222877502,0.14656536281108856
control,sub-24,33,2,1,1,0.38563504815101624,0.6143649220466614
control,sub-24,34,3,0,1,0.47242215275764465,0.527577817440033
control,sub-24,35,4,1,0,0.8381131291389465,0.16188688576221466
control,sub-24,36,1,0,1,0.14125056564807892,0.8587493896484375
control,sub-24,37,4,1,0,0.5354499816894531,0.4645499289035797
control,sub-24,38,0,0,1,0.1591227650642395,0.8408772349357605
control,sub-24,39,1,1,1,0.4091537296772003,0.5908462405204773
control,sub-25,0,3,0,1,0.37199831008911133,0.6280016899108887
control,sub-25,1,2,1,1,0.1494901329278946,0.8505098223686218
control,sub-25,2,2,0,1,0.4357445240020752,0.5642555356025696
control,sub-25,3,0,1,1,0.24665607511997223,0.7533438801765442
control,sub-25,4,2,0,0,0.6316397786140442,0.3683601915836334
control,sub-25,5,1,1,1,0.25328660011291504,0.746713399887085
control,sub-25,6,2,0,0,0.6921391487121582,0.3078608214855194
control,sub-25,7,0,1,1,0.1859012097120285,0.8140988349914551
control,sub-25,8,1,0,0,0.5911036133766174,0.40889641642570496
control,sub-25,9,3,1,1,0.1975613832473755,0.8024386763572693
control,sub-25,10,3,0,1,0.2350609451532364,0.7649390697479248
control,sub-25,11,0,1,0,0.6542446613311768,0.34575533866882324
control,sub-25,12,2,0,1,0.4885237514972687,0.5114762783050537
control,sub-25,13,0,1,1,0.13150076568126678,0.868499219417572
control,sub-25,14,4,0,0,0.569519579410553,0.43048036098480225
control,sub-25,15,1,1,1,0.3467622995376587,0.6532377600669861
control,sub-25,16,0,0,1,0.4383646547794342,0.5616353750228882
control,sub-25,17,2,1,0,0.6691283583641052,0.33087167143821716
control,sub-25,18,4,0,1,0.3566696345806122,0.6433303356170654
control,sub-25,19,3,1,1,0.3307362198829651,0.6692637801170349
control,sub-25,20,0,0,1,0.3159239590167999,0.6840760707855225
control,sub-25,21,2,1,1,0.4439746141433716,0.5560254454612732
control,sub-25,22,1,0,0,0.781762421131134,0.2182375192642212
control,sub-25,23,1,1,1,0.1498308926820755,0.8501691818237305
control,sub-25,24,0,0,1,0.22353100776672363,0.7764689922332764
control,sub-25,25,4,1,1,0.2582915723323822,0.7417084574699402
control,sub-25,26,3,0,0,0.708966076374054,0.29103389382362366
control,sub-25,27,3,1,1,0.27809828519821167,0.7219016551971436
control,sub-25,28,1,0,0,0.5108504891395569,0.4891495406627655
control,sub-25,29,3,1,0,0.8767450451850891,0.12325495481491089
control,sub-25,30,4,0,0,0.7492373585700989,0.25076258182525635
control,sub-25,31,4,1,1,0.09487613290548325,0.9051238894462585
control,sub-25,32,4,0,0,0.8203703761100769,0.17962972819805145
control,sub-25,33,2,1,1,0.4247778654098511,0.5752220749855042
control,sub-25,34,3,0,0,0.8878962397575378,0.11210376769304276
control,sub-25,35,4,1,1,0.11869049072265625,0.8813095092773438
control,sub-25,36,1,0,0,0.9095966219902039,0.09040337055921555
control,sub-25,37,4,1,1,0.41313543915748596,0.5868645310401917
control,sub-25,38,0,0,0,0.721735417842865,0.278264582157135
control,sub-25,39,1,1,0,0.9194254875183105,0.08057449012994766
control,sub-26,0,3,0,0,0.5143886208534241,0.4856114089488983
control,sub-26,1,2,1,0,0.6391037702560425,0.3608962297439575
control,sub-26,2,2,0,1,0.34381747245788574,0.6561825275421143
control,sub-26,3,0,1,0,0.9653304219245911,0.03466963395476341
control,sub-26,4,2,0,0,0.9968006014823914,0.0031994192395359278
control,sub-26,5,1,1,1,0.2748351991176605,0.7251648306846619
control,sub-26,6,2,0,1,0.12312266230583191,0.8768773078918457
control,sub-26,7,0,1,0,0.9572421908378601,0.04275780916213989
control,sub-26,8,1,0,1,0.38486671447753906,0.6151333451271057
control,sub-26,9,3,1,1,0.13354766368865967,0.8664523959159851
control,sub-26,10,3,0,1,0.39234790205955505,0.6076520681381226
control,sub-26,11,0,1,1,0.4445771872997284,0.555422842502594
control,sub-26,12,2,0,0,0.8679820895195007,0.1320178359746933
control,sub-26,13,0,1,1,0.3902258574962616,0.6097741723060608
control,sub-26,14,4,0,0,0.5436416268348694,0.4563583433628082
control,sub-26,15,1,1,1,0.43359503149986267,0.5664049983024597
control,sub-26,16,0,0,0,0.857969343662262,0.14203061163425446
control,sub-26,17,2,1,1,0.13810856640338898,0.8618914484977722
control,sub-26,18,4,0,1,0.15777039527893066,0.8422296643257141
control,sub-26,19,3,1,0,0.8477530479431152,0.15224699676036835
control,sub-26,20,0,0,0,0.5948537588119507,0.4051462411880493
control,sub-26,21,2,1,0,0.9911015033721924,0.008898536674678326
control,sub-26,22,1,0,1,0.15456686913967133,0.8454330563545227
control,sub-26,23,1,1,1,0.3293280005455017,0.6706719994544983
control,sub-26,24,0,0,0,0.5690632462501526,0.430936723947525
control,sub-26,25,4,1,0,0.6557746529579163,0.34422531723976135
control,sub-26,26,3,0,0,0.7741218209266663,0.22587816417217255
control,sub-26,27,3,1,1,0.4994475543498993,0.5005524754524231
control,sub-26,28,1,0,0,0.6303573250770569,0.3696426451206207
control,sub-26,29,3,1,1,0.38358521461486816,0.6164147853851318
control,sub-26,30,4,0,1,0.35621389746665955,0.6437861323356628
control,sub-26,31,4,1,1,0.3670201003551483,0.6329800486564636
control,sub-26,32,4,0,0,0.6925904154777527,0.3074095845222473
control,sub-26,33,2,1,0,0.6682214736938477,0.33177846670150757
control,sub-26,34,3,0,1,0.11529937386512756,0.88470059633255
control,sub-26,35,4,1,1,0.39473989605903625,0.6052601337432861
control,sub-26,36,1,0,0,0.7580223083496094,0.24197764694690704
control,sub-26,37,4,1,0,0.913964033126831,0.08603597432374954
control,sub-26,38,0,0,0,0.5603060722351074,0.4396939277648926
control,sub-26,39,1,1,1,0.4807456433773041,0.5192543864250183
control,sub-27,0,3,0,1,0.25153517723083496,0.748464822769165
control,sub-27,1,2,1,0,0.5588299632072449,0.4411701261997223
control,sub-27,2,2,0,0,0.7802228927612305,0.21977710723876953
control,sub-27,3,0,1,1,0.24027375876903534,0.7597262263298035
control,sub-27,4,2,0,0,0.710818350315094,0.28918159008026123
control,sub-27,5,1,1,0,0.7854859232902527,0.2145140916109085
control,sub-27,6,2,0,0,0.7149774432182312,0.2850226163864136
control,sub-27,7,0,1,0,0.5570855736732483,0.44291433691978455
control,sub-27,8,1,0,0,0.6325016021728516,0.36749839782714844
control,sub-27,9,3,1,0,0.7699608206748962,0.23003923892974854
control,sub-27,10,3,0,1,0.18223927915096283,0.8177607655525208
control,sub-27,11,0,1,1,0.2514491081237793,0.7485508918762207
control,sub-27,12,2,0,0,0.6801428198814392,0.31985723972320557
control,sub-27,13,0,1,1,0.18076325953006744,0.8192367553710938
control,sub-27,14,4,0,0,0.7453672289848328,0.2546328008174896
control,sub-27,15,1,1,1,0.1604059338569641,0.8395940661430359
control,sub-27,16,0,0,1,0.4825422763824463,0.5174577236175537
control,sub-27,17,2,1,0,0.6095423102378845,0.39045771956443787
control,sub-27,18,4,0,1,0.026377782225608826,0.9736221432685852
control,sub-27,19,3,1,1,0.3485642969608307,0.6514356732368469
control,sub-27,20,0,0,0,0.739349901676178,0.26065006852149963
control,sub-27,21,2,1,0,0.8807620406150818,0.11923795938491821
control,sub-27,22,1,0,0,0.8913108706474304,0.10868918895721436
control,sub-27,23,1,1,0,0.6811308860778809,0.31886914372444153
control,sub-27,24,0,0,1,0.45105159282684326,0.5489484071731567
control,sub-27,25,4,1,0,0.8297748565673828,0.1702250838279724
control,sub-27,26,3,0,0,0.9331609606742859,0.0668390691280365
control,sub-27,27,3,1,0,0.5497210621833801,0.45027896761894226
control,sub-27,28,1,0,0,0.8461273312568665,0.15387268364429474
control,sub-27,29,3,1,1,0.2191833257675171,0.7808167338371277
control,sub-27,30,4,0,1,0.10992651432752609,0.8900735378265381
control,sub-27,31,4,1,1,0.47051098942756653,0.5294889807701111
control,sub-27,32,4,0,1,0.18866033852100372,0.8113396167755127
control,sub-27,33,2,1,0,0.7599394917488098,0.24006043374538422
control,sub-27,34,3,0,0,0.6640866994857788,0.3359133005142212
control,sub-27,35,4,1,1,0.12784789502620697,0.8721521496772766
control,sub-27,36,1,0,0,0.669011116027832,0.33098891377449036
control,sub-27,37,4,1,1,0.406212717294693,0.5937872529029846
control,sub-27,38,0,0,1,0.2570163905620575,0.7429836392402649
control,sub-27,39,1,1,1,0.005659499671310186,0.9943404793739319
control,sub-28,0,3,0,1,0.03853050246834755,0.9614694714546204
control,sub-28,1,2,1,1,0.15495695173740387,0.8450430035591125
control,sub-28,2,2,0,1,0.4352329671382904,0.5647670030593872
control,sub-28,3,0,1,0,0.7418797016143799,0.2581202983856201
control,sub-28,4,2,0,0,0.7608353495597839,0.23916466534137726
control,sub-28,5,1,1,0,0.6409413814544678,0.3590586185455322
control,sub-28,6,2,0,0,0.960616409778595,0.03938362002372742
control,sub-28,7,0,1,1,0.32354536652565,0.6764545440673828
control,sub-28,8,1,0,1,0.38509678840637207,0.6149032711982727
control,sub-28,9,3,1,0,0.608620822429657,0.39137914776802063
control,sub-28,10,3,0,0,0.9847297668457031,0.015270207077264786
control,sub-28,11,0,1,1,0.3603588044643402,0.6396412253379822
control,sub-28,12,2,0,0,0.7558202147483826,0.24417980015277863
control,sub-28,13,0,1,1,0.3897254168987274,0.610274612903595
control,sub-28,14,4,0,0,0.5349000096321106,0.4651000499725342
control,sub-28,15,1,1,1,0.3912753760814667,0.6087246537208557
control,sub-28,16,0,0,0,0.612650990486145,0.38734903931617737
control,sub-28,17,2,1,1,0.3018076419830322,0.6981923580169678
control,sub-28,18,4,0,0,0.6688482761383057,0.33115172386169434
control,sub-28,19,3,1,1,0.13678741455078125,0.8632125854492188
control,sub-28,20,0,0,0,0.7775104641914368,0.22248953580856323
control,sub-28,21,2,1,0,0.6303697228431702,0.36963024735450745
control,sub-28,22,1,0,1,0.3057803809642792,0.6942195892333984
control,sub-28,23,1,1,1,0.30091992020606995,0.6990801692008972
control,sub-28,24,0,0,1,0.3468078672885895,0.6531921029090881
control,sub-28,25,4,1,1,0.1342816948890686,0.8657183051109314
control,sub-28,26,3,0,0,0.8115854263305664,0.18841461837291718
control,sub-28,27,3,1,0,0.5887966156005859,0.41120338439941406
control,sub-28,28,1,0,0,0.650411069393158,0.34958890080451965
control,sub-28,29,3,1,1,0.16770415008068085,0.8322958946228027
control,sub-28,30,4,0,1,0.3964933156967163,0.6035066843032837
control,sub-28,31,4,1,1,0.39538994431495667,0.604610025882721
control,sub-28,32,4,0,0,0.712296187877655,0.28770381212234497
control,sub-28,33,2,1,0,0.5985919833183289,0.40140798687934875
control,sub-28,34,3,0,1,0.3924422264099121,0.6075577735900879
control,sub-28,35,4,1,0,0.7032472491264343,0.29675278067588806
control,sub-28,36,1,0,1,0.4373375475406647,0.5626624226570129
control,sub-28,37,4,1,0,0.5772325396537781,0.42276743054389954
control,sub-28,38,0,0,1,0.35408881306648254,0.6459111571311951
control,sub-28,39,1,1,0,0.5292207598686218,0.47077926993370056
control,sub-29,0,3,0,0,0.8662603497505188,0.1337396502494812
control,sub-29,1,2,1,1,0.2837212383747101,0.7162787318229675
control,sub-29,2,2,0,1,0.4070873558521271,0.5929126143455505
control,sub-29,3,0,1,0,0.5309050679206848,0.4690948724746704
control,sub-29,4,2,0,0,0.5782681107521057,0.42173194885253906
control,sub-29,5,1,1,0,0.8845860958099365,0.11541392654180527
control,sub-29,6,2,0,1,0.2776855528354645,0.7223144173622131
control,sub-29,7,0,1,1,0.16276679933071136,0.8372332453727722
control,sub-29,8,1,0,0,0.9638000130653381,0.03619995713233948
control,sub-29,9,3,1,0,0.7692697048187256,0.23073029518127441
control,sub-29,10,3,0,0,0.7514260411262512,0.24857397377490997
control,sub-29,11,0,1,0,0.7416300773620605,0.25836995244026184
control,sub-29,12,2,0,0,0.515841543674469,0.4841584861278534
control,sub-29,13,0,1,1,0.3290345370769501,0.6709654927253723
control,sub-29,14,4,0,0,0.7252272963523865,0.2747727334499359
control,sub-29,15,1,1,0,0.7571298480033875,0.24287015199661255
control,sub-29,16,0,0,1,0.3707156479358673,0.6292843818664551
control,sub-29,17,2,1,1,0.3497702181339264,0.6502298712730408
control,sub-29,18,4,0,1,0.40414008498191833,0.595859944820404
control,sub-29,19,3,1,1,0.4667626917362213,0.5332372784614563
control,sub-29,20,0,0,1,0.415561318397522,0.5844387412071228
control,sub-29,21,2,1,0,0.642324686050415,0.3576754033565521
control,sub-29,22,1,0,1,0.025784341618418694,0.9742156863212585
control,sub-29,23,1,1,0,0.7834172248840332,0.216582790017128
control,sub-29,24,0,0,1,0.46024128794670105,0.5397587418556213
control,sub-29,25,4,1,0,0.7786274552345276,0.22137252986431122
control,sub-29,26,3,0,0,0.6040916442871094,0.395908385515213
control,sub-29,27,3,1,1,0.44235876202583313,0.5576412677764893
control,sub-29,28,1,0,1,0.46816375851631165,0.531836211681366
control,sub-29,29,3,1,0,0.6782506108283997,0.32174932956695557
control,sub-29,30,4,0,1,0.04136553034186363,0.9586344361305237
control,sub-29,31,4,1,0,0.7380902767181396,0.26190975308418274
control,sub-29,32,4,0,0,0.7102351784706116,0.28976479172706604
control,sub-29,33,2,1,1,0.2718261480331421,0.7281739115715027
control,sub-29,34,3,0,0,0.7237536907196045,0.2762463688850403
control,sub-29,35,4,1,1,0.3129690885543823,0.6870309710502625
control,sub-29,36,1,0,0,0.7956692576408386,0.20433078706264496
control,sub-29,37,4,1,1,0.30598047375679016,0.6940195560455322
control,sub-29,38,0,0,0,0.8746728897094727,0.12532715499401093
control,sub-29,39,1,1,0,0.5713635087013245,0.42863643169403076
control,sub-30,0,3,0,0,0.7458910942077637,0.25410890579223633
control,sub-30,1,2,1,1,0.4331325590610504,0.5668674111366272
control,sub-30,2,2,0,0,0.6076624393463135,0.3923375606536865
control,sub-30,3,0,1,0,0.7864006161689758,0.21359936892986298
control,sub-30,4,2,0,0,0.6778125166893005,0.32218751311302185
control,sub-30,5,1,1,1,0.0885692834854126,0.9114306569099426
control,sub-30,6,2,0,1,0.44425168633461,0.5557482838630676
control,sub-30,7,0,1,1,0.49066415429115295,0.5093358755111694
control,sub-30,8,1,0,0,0.6460667252540588,0.35393330454826355
control,sub-30,9,3,1,0,0.8689282536506653,0.1310717612504959
control,sub-30,10,3,0,0,0.6865193247795105,0.3134807348251343
control,sub-30,11,0,1,0,0.8278282284736633,0.17217178642749786
control,sub-30,12,2,0,0,0.5764294266700745,0.42357054352760315
control,sub-30,13,0,1,1,0.32866597175598145,0.6713340282440186
control,sub-30,14,4,0,0,0.9685335159301758,0.031466491520404816
control,sub-30,15,1,1,1,0.09376237541437149,0.9062376022338867
control,sub-30,16,0,0,1,0.3344775438308716,0.6655224561691284
control,sub-30,17,2,1,1,0.15733702480793,0.8426629900932312
control,sub-30,18,4,0,0,0.6237800717353821,0.37621989846229553
control,sub-30,19,3,1,1,0.04791921377182007,0.9520807266235352
control,sub-30,20,0,0,0,0.5972253680229187,0.4027746617794037
control,sub-30,21,2,1,1,0.20397482812404633,0.7960250973701477
control,sub-30,22,1,0,0,0.6240975856781006,0.3759024441242218
control,sub-30,23,1,1,0,0.5557119846343994,0.4442880153656006
control,sub-30,24,0,0,0,0.75616455078125,0.24383544921875
control,sub-30,25,4,1,1,0.009262225590646267,0.9907377362251282
control,sub-30,26,3,0,0,0.9180582165718079,0.08194180577993393
control,sub-30,27,3,1,1,0.39429154992103577,0.6057084202766418
control,sub-30,28,1,0,0,0.9498674273490906,0.05013268068432808
control,sub-30,29,3,1,0,0.6749734878540039,0.3250265121459961
control,sub-30,30,4,0,1,0.49226465821266174,0.5077353119850159
control,sub-30,31,4,1,1,0.16461895406246185,0.835381031036377
control,sub-30,32,4,0,0,0.8802735805511475,0.11972641944885254
control,sub-30,33,2,1,1,0.1194915845990181,0.8805084228515625
control,sub-30,34,3,0,0,0.7626909613609314,0.2373090535402298
control,sub-30,35,4,1,1,0.19694769382476807,0.8030522465705872
control,sub-30,36,1,0,0,0.5158609747886658,0.48413896560668945
control,sub-30,37,4,1,0,0.9202610850334167,0.07973895221948624
control,sub-30,38,0,0,1,0.07465605437755585,0.9253439903259277
control,sub-30,39,1,1,1,0.020508967339992523,0.9794910550117493
control,sub-31,0,3,0,1,0.3698104918003082,0.6301895380020142
control,sub-31,1,2,1,0,0.8845765590667725,0.11542350053787231
control,sub-31,2,2,0,0,0.9478492736816406,0.05215069651603699
control,sub-31,3,0,1,0,0.7180096507072449,0.2819904088973999
control,sub-31,4,2,0,0,0.8136188387870789,0.18638114631175995
control,sub-31,5,1,1,1,0.2682558000087738,0.7317442893981934
control,sub-31,6,2,0,0,0.5893873572349548,0.41061270236968994
control,sub-31,7,0,1,1,0.05673278495669365,0.9432671666145325
control,sub-31,8,1,0,1,0.3226645290851593,0.6773355007171631
control,sub-31,9,3,1,0,0.8256433606147766,0.1743566244840622
control,sub-31,10,3,0,0,0.844724714756012,0.15527527034282684
control,sub-31,11,0,1,0,0.7708261609077454,0.22917376458644867
control,sub-31,12,2,0,1,0.1945452243089676,0.8054547309875488
control,sub-31,13,0,1,1,0.19082306325435638,0.8091769218444824
control,sub-31,14,4,0,1,0.4229353666305542,0.5770646333694458
control,sub-31,15,1,1,0,0.8883697390556335,0.11163023859262466
control,sub-31,16,0,0,0,0.7498717904090881,0.2501281797885895
control,sub-31,17,2,1,0,0.9340936541557312,0.06590632349252701
control,sub-31,18,4,0,0,0.9677003026008606,0.03229965269565582
control,sub-31,19,3,1,1,0.1257290244102478,0.8742709159851074
control,sub-31,20,0,0,0,0.8134756684303284,0.18652431666851044
control,sub-31,21,2,1,1,0.05553734675049782,0.9444625973701477
control,sub-31,22,1,0,0,0.8386692404747009,0.16133077442646027
control,sub-31,23,1,1,1,0.1498393565416336,0.8501605987548828
control,sub-31,24,0,0,1,0.48451855778694153,0.5154814124107361
control,sub-31,25,4,1,0,0.9412662386894226,0.05873377248644829
control,sub-31,26,3,0,1,0.3693321645259857,0.6306678652763367
control,sub-31,27,3,1,0,0.9086901545524597,0.09130986779928207
control,sub-31,28,1,0,0,0.9482529163360596,0.05174706503748894
control,sub-31,29,3,1,1,0.11038605123758316,0.889613926410675
control,sub-31,30,4,0,1,0.3172750473022461,0.6827249526977539
control,sub-31,31,4,1,0,0.9712420105934143,0.028757931664586067
control,sub-31,32,4,0,1,0.44179224967956543,0.5582077503204346
control,sub-31,33,2,1,1,0.46803018450737,0.5319698452949524
control,sub-31,34,3,0,0,0.9051547050476074,0.0948452278971672
control,sub-31,35,4,1,1,0.21106208860874176,0.7889378666877747
control,sub-31,36,1,0,1,0.34259000420570374,0.6574099659919739
control,sub-31,37,4,1,0,0.599099338054657,0.4009006917476654
control,sub-31,38,0,0,1,0.2674959897994995,0.7325039505958557
control,sub-31,39,1,1,1,0.4302124083042145,0.5697875618934631
control,sub-32,0,3,0,1,0.1708662509918213,0.8291337490081787
control,sub-32,1,2,1,1,0.362520694732666,0.637479305267334
control,sub-32,2,2,0,0,0.5403279662132263,0.45967206358909607
control,sub-32,3,0,1,0,0.6452603340148926,0.3547396659851074
control,sub-32,4,2,0,0,0.6488438248634338,0.3511561453342438
control,sub-32,5,1,1,0,0.6402267813682556,0.3597731590270996
control,sub-32,6,2,0,1,0.3958263397216797,0.6041736006736755
control,sub-32,7,0,1,0,0.5235481262207031,0.4764518737792969
control,sub-32,8,1,0,1,0.35826894640922546,0.6417310833930969
control,sub-32,9,3,1,0,0.5500991940498352,0.4499008357524872
control,sub-32,10,3,0,0,0.6791930794715881,0.3208068907260895
control,sub-32,11,0,1,1,0.31596800684928894,0.6840319633483887
control,sub-32,12,2,0,0,0.5762677788734436,0.4237322509288788
control,sub-32,13,0,1,0,0.5504171252250671,0.4495828151702881
control,sub-32,14,4,0,1,0.10610470175743103,0.8938953280448914
control,sub-32,15,1,1,0,0.8496021628379822,0.15039782226085663
control,sub-32,16,0,0,1,0.25571244955062866,0.7442874908447266
control,sub-32,17,2,1,1,0.37090882658958435,0.629091203212738
control,sub-32,18,4,0,0,0.670080840587616,0.3299192190170288
control,sub-32,19,3,1,1,0.2778985798358917,0.7221013903617859
control,sub-32,20,0,0,1,0.3029421269893646,0.6970579028129578
control,sub-32,21,2,1,1,0.2540811598300934,0.7459189295768738
control,sub-32,22,1,0,1,0.4580681324005127,0.5419318675994873
control,sub-32,23,1,1,0,0.5230550169944763,0.47694501280784607
control,sub-32,24,0,0,1,0.338702529668808,0.6612975001335144
control,sub-32,25,4,1,1,0.3395046889781952,0.6604953408241272
control,sub-32,26,3,0,1,0.4213273525238037,0.5786726474761963
control,sub-32,27,3,1,0,0.5681481957435608,0.4318517744541168
control,sub-32,28,1,0,1,0.29643508791923523,0.7035649418830872
control,sub-32,29,3,1,1,0.41987553238868713,0.5801244378089905
control,sub-32,30,4,0,0,0.9026291370391846,0.09737085551023483
control,sub-32,31,4,1,0,0.592113733291626,0.40788623690605164
control,sub-32,32,4,0,1,0.3512442409992218,0.6487557888031006
control,sub-32,33,2,1,0,0.6240023374557495,0.3759976625442505
control,sub-32,34,3,0,0,0.6581668853759766,0.34183311462402344
control,sub-32,35,4,1,0,0.6676138043403625,0.33238616585731506
control,sub-32,36,1,0,1,0.428689569234848,0.5713104605674744
control,sub-32,37,4,1,1,0.37703752517700195,0.622962474822998
control,sub-32,38,0,0,1,0.17046046257019043,0.8295394778251648
control,sub-32,39,1,1,1,0.3333870470523834,0.6666129231452942
control,sub-33,0,3,0,1,0.44817355275154114,0.5518264174461365
control,sub-33,1,2,1,0,0.5576847791671753,0.4423151910305023
control,sub-33,2,2,0,1,0.036126427352428436,0.963873565196991
control,sub-33,3,0,1,0,0.627098560333252,0.37290143966674805
control,sub-33,4,2,0,1,0.21083350479602814,0.7891664505004883
control,sub-33,5,1,1,0,0.6504714488983154,0.34952855110168457
control,sub-33,6,2,0,1,0.20596785843372345,0.794032096862793
control,sub-33,7,0,1,1,0.428946852684021,0.571053147315979
control,sub-33,8,1,0,1,0.4448736906051636,0.5551263093948364
control,sub-33,9,3,1,0,0.6881449818611145,0.3118550479412079
control,sub-33,10,3,0,0,0.5868777632713318,0.4131222069263458
control,sub-33,11,0,1,1,0.3351832926273346,0.664816677570343
control,sub-33,12,2,0,1,0.10621359199285507,0.8937864303588867
control,sub-33,13,0,1,0,0.611847460269928,0.3881525993347168
control,sub-33,14,4,0,1,0.0823277160525322,0.917672336101532
control,sub-33,15,1,1,1,0.44239163398742676,0.557608425617218
control,sub-33,16,0,0,0,0.6236360669136047,0.37636396288871765
control,sub-33,17,2,1,1,0.2609051465988159,0.7390949130058289
control,sub-33,18,4,0,1,0.2344859093427658,0.7655141353607178
control,sub-33,19,3,1,0,0.5027979016304016,0.497202068567276
control,sub-33,20,0,0,1,0.44581595063209534,0.5541840195655823
control,sub-33,21,2,1,1,0.3320131003856659,0.6679869294166565
control,sub-33,22,1,0,1,0.33857062458992004,0.6614294052124023
control,sub-33,23,1,1,1,0.348265141248703,0.6517348885536194
control,sub-33,24,0,0,1,0.2934701442718506,0.7065298557281494
control,sub-33,25,4,1,1,0.425490140914917,0.5745097994804382
control,sub-33,26,3,0,0,0.6080310940742493,0.39196881651878357
control,sub-33,27,3,1,1,0.28159841895103455,0.7184016108512878
control,sub-33,28,1,0,0,0.6822580695152283,0.3177419602870941
control,sub-33,29,3,1,1,0.23914559185504913,0.7608544230461121
control,sub-33,30,4,0,1,0.4938323497772217,0.5061676502227783
control,sub-33,31,4,1,1,0.4695611000061035,0.5304389595985413
control,sub-33,32,4,0,0,0.6092130541801453,0.3907869756221771
control,sub-33,33,2,1,1,0.49575674533843994,0.5042432546615601
control,sub-33,34,3,0,1,0.43838754296302795,0.5616123676300049
control,sub-33,35,4,1,0,0.514739453792572,0.4852604866027832
control,sub-33,36,1,0,0,0.5589146614074707,0.4410853385925293
control,sub-33,37,4,1,0,0.8643832802772522,0.13561668992042542
control,sub-33,38,0,0,1,0.16576828062534332,0.8342316746711731
control,sub-33,39,1,1,0,0.6246793866157532,0.37532058358192444
control,sub-34,0,3,0,0,0.63211590051651,0.3678840398788452
control,sub-34,1,2,1,0,0.6420781016349792,0.35792192816734314
control,sub-34,2,2,0,0,0.559741199016571,0.44025883078575134
control,sub-34,3,0,1,1,0.38574710488319397,0.6142528653144836
control,sub-34,4,2,0,0,0.7357020378112793,0.2642979323863983
control,sub-34,5,1,1,0,0.8417989611625671,0.15820108354091644
control,sub-34,6,2,0,0,0.762035071849823,0.23796497285366058
control,sub-34,7,0,1,0,0.7644627094268799,0.23553727567195892
control,sub-34,8,1,0,0,0.5900278687477112,0.4099721610546112
control,sub-34,9,3,1,0,0.7192378640174866,0.2807621657848358
control,sub-34,10,3,0,0,0.8102186322212219,0.1897813230752945
control,sub-34,11,0,1,1,0.0896698608994484,0.9103301167488098
control,sub-34,12,2,0,1,0.1413092166185379,0.8586907386779785
control,sub-34,13,0,1,1,0.3004923164844513,0.6995077133178711
control,sub-34,14,4,0,1,0.4508169889450073,0.5491830110549927
control,sub-34,15,1,1,1,0.30712056159973145,0.6928794384002686
control,sub-34,16,0,0,1,0.012247960083186626,0.9877520203590393
control,sub-34,17,2,1,1,0.26962482929229736,0.7303752303123474
control,sub-34,18,4,0,1,0.2839805781841278,0.7160194516181946
control,sub-34,19,3,1,1,0.12034677714109421,0.8796532154083252
control,sub-34,20,0,0,1,0.28189587593078613,0.7181041240692139
control,sub-34,21,2,1,1,0.1374734491109848,0.8625265955924988
control,sub-34,22,1,0,0,0.7540156245231628,0.24598436057567596
control,sub-34,23,1,1,1,0.2458006739616394,0.7541993260383606
control,sub-34,24,0,0,1,0.3333144187927246,0.6666855812072754
control,sub-34,25,4,1,0,0.700136125087738,0.29986387491226196
control,sub-34,26,3,0,0,0.661878764629364,0.3381212055683136
control,sub-34,27,3,1,1,0.04312603548169136,0.9568739533424377
control,sub-34,28,1,0,0,0.5928806662559509,0.4071192741394043
control,sub-34,29,3,1,1,0.3576998710632324,0.6423001289367676
control,sub-34,30,4,0,0,0.8103979229927063,0.1896020919084549
control,sub-34,31,4,1,0,0.7775499224662781,0.22245018184185028
control,sub-34,32,4,0,0,0.8094911575317383,0.19050879776477814
control,sub-34,33,2,1,0,0.6101863980293274,0.38981354236602783
control,sub-34,34,3,0,0,0.9679252505302429,0.03207479789853096
control,sub-34,35,4,1,1,0.26709243655204773,0.7329075336456299
control,sub-34,36,1,0,0,0.9753012657165527,0.024698756635189056
control,sub-34,37,4,1,1,0.29029127955436707,0.7097086906433105
control,sub-34,38,0,0,0,0.8263503909111023,0.1736496537923813
control,sub-34,39,1,1,0,0.5770421624183655,0.42295780777931213
control,sub-35,0,3,0,0,0.8591716289520264,0.14082835614681244
control,sub-35,1,2,1,0,0.7892257571220398,0.21077430248260498
control,sub-35,2,2,0,1,0.4184328615665436,0.581567108631134
control,sub-35,3,0,1,0,0.8062476515769958,0.19375236332416534
control,sub-35,4,2,0,1,0.34594377875328064,0.6540562510490417
control,sub-35,5,1,1,0,0.6063621640205383,0.3936378061771393
control,sub-35,6,2,0,0,0.9539573788642883,0.04604266583919525
control,sub-35,7,0,1,0,0.5301594734191895,0.46984052658081055
control,sub-35,8,1,0,0,0.7964015603065491,0.20359845459461212
control,sub-35,9,3,1,1,0.3563668727874756,0.6436330676078796
control,sub-35,10,3,0,0,0.7555401921272278,0.24445974826812744
control,sub-35,11,0,1,0,0.6127803325653076,0.38721963763237
control,sub-35,12,2,0,0,0.5177974104881287,0.4822026193141937
control,sub-35,13,0,1,0,0.7304914593696594,0.26950857043266296
control,sub-35,14,4,0,0,0.5000640749931335,0.49993589520454407
control,sub-35,15,1,1,0,0.5923436284065247,0.40765634179115295
control,sub-35,16,0,0,0,0.6132712364196777,0.38672876358032227
control,sub-35,17,2,1,1,0.30233654379844666,0.6976634860038757
control,sub-35,18,4,0,1,0.3534393608570099,0.6465606093406677
control,sub-35,19,3,1,0,0.5450087189674377,0.4549912214279175
control,sub-35,20,0,0,0,0.5671653151512146,0.4328347146511078
control,sub-35,21,2,1,0,0.6389029622077942,0.3610970973968506
control,sub-35,22,1,0,0,0.8845829963684082,0.11541704088449478
control,sub-35,23,1,1,1,0.38672855496406555,0.6132714152336121
control,sub-35,24,0,0,1,0.3028459846973419,0.6971540451049805
control,sub-35,25,4,1,1,0.2540079355239868,0.745992124080658
control,sub-35,26,3,0,0,0.6389191746711731,0.3610807955265045
control,sub-35,27,3,1,0,0.8634128570556641,0.13658714294433594
control,sub-35,28,1,0,0,0.5335564613342285,0.4664435386657715
control,sub-35,29,3,1,0,0.8342695832252502,0.16573037207126617
control,sub-35,30,4,0,0,0.7101146578788757,0.28988540172576904
control,sub-35,31,4,1,0,0.5941505432128906,0.40584948658943176
control,sub-35,32,4,0,0,0.662452220916748,0.33754780888557434
control,sub-35,33,2,1,1,0.3870307505130768,0.6129692196846008
control,sub-35,34,3,0,1,0.20964157581329346,0.7903583645820618
control,sub-35,35,4,1,1,0.43301376700401306,0.5669863224029541
control,sub-35,36,1,0,0,0.5932785868644714,0.40672144293785095
control,sub-35,37,4,1,1,0.4714217185974121,0.5285782814025879
control,sub-35,38,0,0,1,0.22244036197662354,0.7775596976280212
control,sub-35,39,1,1,0,0.7829842567443848,0.21701574325561523
control,sub-36,0,3,0,0,0.5381610989570618,0.46183881163597107
control,sub-36,1,2,1,1,0.4770785868167877,0.5229213833808899
control,sub-36,2,2,0,1,0.07888060063123703,0.9211193919181824
control,sub-36,3,0,1,0,0.8891958594322205,0.11080411821603775
control,sub-36,4,2,0,1,0.28647398948669434,0.7135260105133057
control,sub-36,5,1,1,0,0.9536826014518738,0.046317413449287415
control,sub-36,6,2,0,0,0.5513200759887695,0.44867992401123047
control,sub-36,7,0,1,1,0.47291311621665955,0.5270869135856628
control,sub-36,8,1,0,0,0.7768657207489014,0.22313427925109863
control,sub-36,9,3,1,1,0.10748323798179626,0.8925167918205261
control,sub-36,10,3,0,0,0.7503671646118164,0.2496328502893448
control,sub-36,11,0,1,0,0.5000748038291931,0.4999252259731293
control,sub-36,12,2,0,0,0.6575425267219543,0.3424574136734009
control,sub-36,13,0,1,0,0.937183678150177,0.06281629204750061
control,sub-36,14,4,0,1,0.4794623851776123,0.5205375552177429
control,sub-36,15,1,1,1,0.3653687536716461,0.6346312761306763
control,sub-36,16,0,0,0,0.7665553689002991,0.23344463109970093
control,sub-36,17,2,1,1,0.4427149295806885,0.5572850704193115
control,sub-36,18,4,0,0,0.7039613723754883,0.29603859782218933
control,sub-36,19,3,1,1,0.3652811050415039,0.6347188949584961
control,sub-36,20,0,0,1,0.19627386331558228,0.8037261366844177
control,sub-36,21,2,1,1,0.32740435004234314,0.6725956797599792
control,sub-36,22,1,0,1,0.2099999338388443,0.7900001406669617
control,sub-36,23,1,1,0,0.599322497844696,0.40067747235298157
control,sub-36,24,0,0,0,0.7055581212043762,0.2944418489933014
control,sub-36,25,4,1,0,0.5851426720619202,0.4148573577404022
control,sub-36,26,3,0,0,0.5839535593986511,0.41604650020599365
control,sub-36,27,3,1,1,0.12174252420663834,0.8782574534416199
control,sub-36,28,1,0,1,0.060622379183769226,0.9393776059150696
control,sub-36,29,3,1,0,0.5841272473335266,0.4158726930618286
control,sub-36,30,4,0,1,0.44142186641693115,0.5585781931877136
control,sub-36,31,4,1,1,0.45743247866630554,0.5425675511360168
control,sub-36,32,4,0,1,0.26429012417793274,0.7357098460197449
control,sub-36,33,2,1,1,0.1960950642824173,0.8039049506187439
control,sub-36,34,3,0,0,0.5403159856796265,0.4596840441226959
control,sub-36,35,4,1,0,0.8269166946411133,0.17308329045772552
control,sub-36,36,1,0,1,0.25920891761779785,0.7407910823822021
control,sub-36,37,4,1,0,0.7460759282112122,0.2539239823818207
control,sub-36,38,0,0,0,0.9050183296203613,0.09498170763254166
control,sub-36,39,1,1,1,0.4976831376552582,0.5023168921470642
control,sub-37,0,3,0,1,0.20574486255645752,0.7942550778388977
control,sub-37,1,2,1,1,0.2832925617694855,0.7167074084281921
control,sub-37,2,2,0,1,0.19676297903060913,0.8032370209693909
control,sub-37,3,0,1,1,0.0633283331990242,0.9366716742515564
control,sub-37,4,2,0,1,0.38966813683509827,0.6103318333625793
control,sub-37,5,1,1,0,0.6929290294647217,0.3070709705352783
control,sub-37,6,2,0,0,0.5704593062400818,0.4295406639575958
control,sub-37,7,0,1,1,0.20318777859210968,0.7968122363090515
control,sub-37,8,1,0,1,0.23961107432842255,0.7603889107704163
control,sub-37,9,3,1,1,0.3061836063861847,0.6938164234161377
control,sub-37,10,3,0,0,0.7408514618873596,0.2591485381126404
control,sub-37,11,0,1,1,0.17460493743419647,0.8253950476646423
control,sub-37,12,2,0,1,0.15796196460723877,0.8420379757881165
control,sub-37,13,0,1,1,0.28135448694229126,0.7186455130577087
control,sub-37,14,4,0,0,0.6041398644447327,0.3958599865436554
control,sub-37,15,1,1,1,0.08775537461042404,0.9122446179389954
control,sub-37,16,0,0,0,0.7565904259681702,0.24340949952602386
control,sub-37,17,2,1,0,0.5195393562316895,0.48046064376831055
control,sub-37,18,4,0,0,0.7862725257873535,0.21372747421264648
control,sub-37,19,3,1,0,0.6257718205451965,0.37422823905944824
control,sub-37,20,0,0,1,0.38478875160217285,0.6152113080024719
control,sub-37,21,2,1,1,0.3158208429813385,0.6841791272163391
control,sub-37,22,1,0,0,0.5256308317184448,0.4743691682815552
control,sub-37,23,1,1,1,0.2464393973350525,0.7535605430603027
control,sub-37,24,0,0,0,0.7441987991333008,0.2558012902736664
control,sub-37,25,4,1,1,0.4335841238498688,0.5664158463478088
control,sub-37,26,3,0,0,0.8592422604560852,0.14075763523578644
control,sub-37,27,3,1,0,0.9121227264404297,0.08787726610898972
control,sub-37,28,1,0,0,0.8338568806648254,0.16614313423633575
control,sub-37,29,3,1,1,0.3766234815120697,0.6233764886856079
control,sub-37,30,4,0,0,0.7826909422874451,0.21730907261371613
control,sub-37,31,4,1,1,0.37159252166748047,0.6284074783325195
control,sub-37,32,4,0,0,0.9010519981384277,0.09894794225692749
control,sub-37,33,2,1,1,0.465327650308609,0.5346724390983582
control,sub-37,34,3,0,1,0.08050575852394104,0.9194942116737366
control,sub-37,35,4,1,0,0.5481863617897034,0.45181360840797424
control,sub-37,36,1,0,1,0.4596581757068634,0.5403417944908142
control,sub-37,37,4,1,1,0.3201576769351959,0.6798422932624817
control,sub-37,38,0,0,0,0.7480440139770508,0.2519560158252716
control,sub-37,39,1,1,1,0.15533997118473053,0.8446600437164307
control,sub-38,0,3,0,1,0.4057750701904297,0.5942249298095703
control,sub-38,1,2,1,0,0.8624345660209656,0.13756541907787323
control,sub-38,2,2,0,1,0.14657410979270935,0.853425920009613
control,sub-38,3,0,1,0,0.8969879150390625,0.10301206260919571
control,sub-38,4,2,0,0,0.5464238524436951,0.45357611775398254
control,sub-38,5,1,1,1,0.13687647879123688,0.8631234765052795
control,sub-38,6,2,0,1,0.24666178226470947,0.7533381581306458
control,sub-38,7,0,1,0,0.5322107672691345,0.46778926253318787
control,sub-38,8,1,0,1,0.3516153395175934,0.6483846306800842
control,sub-38,9,3,1,1,0.42980289459228516,0.5701971650123596
control,sub-38,10,3,0,1,0.23831124603748322,0.7616887092590332
control,sub-38,11,0,1,0,0.9169155955314636,0.08308440446853638
control,sub-38,12,2,0,0,0.7339937090873718,0.2660062611103058
control,sub-38,13,0,1,0,0.8661861419677734,0.1338137835264206
control,sub-38,14,4,0,1,0.3266030251979828,0.6733970046043396
control,sub-38,15,1,1,1,0.03978407010436058,0.9602159857749939
control,sub-38,16,0,0,1,0.07964187115430832,0.9203581213951111
control,sub-38,17,2,1,1,0.09786492586135864,0.9021351337432861
control,sub-38,18,4,0,1,0.28061455488204956,0.7193854451179504
control,sub-38,19,3,1,1,0.2193853110074997,0.7806146740913391
control,sub-38,20,0,0,0,0.9932489991188049,0.006750991102308035
control,sub-38,21,2,1,1,0.10496079176664352,0.8950392603874207
control,sub-38,22,1,0,1,0.32233095169067383,0.6776690483093262
control,sub-38,23,1,1,1,0.4965256154537201,0.5034744143486023
control,sub-38,24,0,0,0,0.969150722026825,0.0308492761105299
control,sub-38,25,4,1,1,0.37072956562042236,0.6292704939842224
control,sub-38,26,3,0,0,0.8557098507881165,0.14429016411304474
control,sub-38,27,3,1,1,0.397503137588501,0.6024968028068542
control,sub-38,28,1,0,0,0.9421772360801697,0.05782279372215271
control,sub-38,29,3,1,1,0.15015913546085358,0.8498408794403076
control,sub-38,30,4,0,0,0.8927640318870544,0.10723593831062317
control,sub-38,31,4,1,1,0.07579395920038223,0.9242060780525208
control,sub-38,32,4,0,0,0.8085290789604187,0.1914709210395813
control,sub-38,33,2,1,1,0.07405714690685272,0.9259428977966309
control,sub-38,34,3,0,1,0.11594734340906143,0.8840526938438416
control,sub-38,35,4,1,1,0.31202203035354614,0.6879779696464539
control,sub-38,36,1,0,0,0.7625624537467957,0.2374376505613327
control,sub-38,37,4,1,1,0.1771852970123291,0.8228147625923157
control,sub-38,38,0,0,0,0.6478402614593506,0.3521597385406494
control,sub-38,39,1,1,0,0.6163192987442017,0.3836807310581207
control,sub-39,0,3,0,0,0.9243811964988708,0.07561879605054855
control,sub-39,1,2,1,1,0.21907687187194824,0.7809231281280518
control,sub-39,2,2,0,0,0.8012862205505371,0.1987137794494629
control,sub-39,3,0,1,0,0.6719293594360352,0.32807064056396484
control,sub-39,4,2,0,0,0.7227209210395813,0.2772790193557739
control,sub-39,5,1,1,0,0.9259583950042725,0.07404158264398575
control,sub-39,6,2,0,0,0.8618810772895813,0.13811881840229034
control,sub-39,7,0,1,1,0.42009925842285156,0.5799006819725037
control,sub-39,8,1,0,0,0.8070424199104309,0.19295759499073029
control,sub-39,9,3,1,1,0.2618635892868042,0.7381364703178406
control,sub-39,10,3,0,0,0.938096284866333,0.06190366670489311
control,sub-39,11,0,1,0,0.7935776710510254,0.20642225444316864
control,sub-39,12,2,0,1,0.05876302719116211,0.9412369728088379
control,sub-39,13,0,1,1,0.12778250873088837,0.8722174763679504
control,sub-39,14,4,0,0,0.7574978470802307,0.2425020933151245
control,sub-39,15,1,1,0,0.8234663605690002,0.17653362452983856
control,sub-39,16,0,0,0,0.7929835915565491,0.20701639354228973
control,sub-39,17,2,1,1,0.013095895759761333,0.9869040846824646
control,sub-39,18,4,0,0,0.8674373030662537,0.13256271183490753
control,sub-39,19,3,1,0,0.6465097069740295,0.3534902334213257
control,sub-39,20,0,0,0,0.8044524192810059,0.19554758071899414
control,sub-39,21,2,1,0,0.7657201290130615,0.23427988588809967
control,sub-39,22,1,0,0,0.8687689900398254,0.13123099505901337
control,sub-39,23,1,1,1,0.3158285319805145,0.6841714978218079
control,sub-39,24,0,0,0,0.8232606053352356,0.17673934996128082
control,sub-39,25,4,1,0,0.7129149436950684,0.28708502650260925
control,sub-39,26,3,0,0,0.8010627627372742,0.19893722236156464
control,sub-39,27,3,1,0,0.6658914089202881,0.3341085910797119
control,sub-39,28,1,0,1,0.48749852180480957,0.5125014185905457
control,sub-39,29,3,1,1,0.12336327880620956,0.8766367435455322
control,sub-39,30,4,0,1,0.0867120698094368,0.9132879376411438
control,sub-39,31,4,1,1,0.3378422260284424,0.6621577739715576
control,sub-39,32,4,0,1,0.2663367986679077,0.7336631417274475
control,sub-39,33,2,1,1,0.04060317948460579,0.9593968391418457
control,sub-39,34,3,0,1,0.31648480892181396,0.6835151314735413
control,sub-39,35,4,1,0,0.5907614827156067,0.4092385470867157
control,sub-39,36,1,0,0,0.9659359455108643,0.03406403586268425
control,sub-39,37,4,1,1,0.038808438926935196,0.9611915946006775
control,sub-39,38,0,0,0,0.6047316193580627,0.39526841044425964
control,sub-39,39,1,1,0,0.9373257756233215,0.06267418712377548
control,sub-40,0,3,0,1,0.024925485253334045,0.9750745296478271
control,sub-40,1,2,1,0,0.7209475636482239,0.27905237674713135
control,sub-40,2,2,0,0,0.9085104465484619,0.09148960560560226
control,sub-40,3,0,1,1,0.46899929642677307,0.5310006737709045
control,sub-40,4,2,0,0,0.8983164429664612,0.10168348997831345
control,sub-40,5,1,1,1,0.40325531363487244,0.59674471616745
control,sub-40,6,2,0,0,0.9790214896202087,0.020978489890694618
control,sub-40,7,0,1,0,0.873981773853302,0.12601809203624725
control,sub-40,8,1,0,0,0.9891471862792969,0.010852892883121967
control,sub-40,9,3,1,1,0.39563485980033875,0.6043651103973389
control,sub-40,10,3,0,0,0.5110469460487366,0.48895302414894104
control,sub-40,11,0,1,0,0.7252963185310364,0.2747036814689636
control,sub-40,12,2,0,1,0.38591933250427246,0.6140806674957275
control,sub-40,13,0,1,1,0.361019104719162,0.6389809250831604
control,sub-40,14,4,0,0,0.9307218194007874,0.06927818059921265
control,sub-40,15,1,1,1,0.302215039730072,0.6977849006652832
control,sub-40,16,0,0,0,0.9475552439689636,0.052444782108068466
control,sub-40,17,2,1,0,0.5752190947532654,0.42478084564208984
control,sub-40,18,4,0,0,0.7710280418395996,0.2289719432592392
control,sub-40,19,3,1,0,0.5969548225402832,0.4030451774597168
control,sub-40,20,0,0,0,0.9253646731376648,0.0746353417634964
control,sub-40,21,2,1,1,0.1604454517364502,0.8395545482635498
control,sub-40,22,1,0,0,0.8087325692176819,0.1912674456834793
control,sub-40,23,1,1,0,0.508421003818512,0.49157896637916565
control,sub-40,24,0,0,0,0.8493489623069763,0.15065108239650726
control,sub-40,25,4,1,1,0.15676914155483246,0.8432309031486511
control,sub-40,26,3,0,0,0.5105258226394653,0.4894741475582123
control,sub-40,27,3,1,1,0.26747554540634155,0.7325243949890137
control,sub-40,28,1,0,1,0.24094097316265106,0.759058952331543
control,sub-40,29,3,1,1,0.35180702805519104,0.6481929421424866
control,sub-40,30,4,0,0,0.530900239944458,0.4690997898578644
control,sub-40,31,4,1,0,0.9227980971336365,0.07720188051462173
control,sub-40,32,4,0,1,0.23817025125026703,0.7618297934532166
control,sub-40,33,2,1,1,0.08578011393547058,0.914219856262207
control,sub-40,34,3,0,0,0.965066134929657,0.034933868795633316
control,sub-40,35,4,1,1,0.1115516945719719,0.8884482383728027
control,sub-40,36,1,0,0,0.8461002707481384,0.15389978885650635
control,sub-40,37,4,1,1,0.28712525963783264,0.712874710559845
control,sub-40,38,0,0,0,0.5475810170173645,0.4524189531803131
control,sub-40,39,1,1,1,0.028213756158947945,0.9717862606048584
control,sub-41,0,3,0,0,0.7963404655456543,0.20365948975086212
control,sub-41,1,2,1,0,0.6611446142196655,0.3388553857803345
control,sub-41,2,2,0,0,0.9246447086334229,0.07535530626773834
control,sub-41,3,0,1,1,0.32949599623680115,0.6705039143562317
control,sub-41,4,2,0,1,0.3874847888946533,0.6125151515007019
control,sub-41,5,1,1,0,0.5926196575164795,0.4073803424835205
control,sub-41,6,2,0,1,0.40526342391967773,0.594736635684967
control,sub-41,7,0,1,1,0.4962367117404938,0.5037632584571838
control,sub-41,8,1,0,0,0.6414238810539246,0.3585761487483978
control,sub-41,9,3,1,0,0.5185108780860901,0.4814891815185547
control,sub-41,10,3,0,1,0.37467822432518005,0.6253218054771423
control,sub-41,11,0,1,1,0.1855456829071045,0.8144543170928955
control,sub-41,12,2,0,1,0.039657894521951675,0.9603421092033386
control,sub-41,13,0,1,1,0.4747467041015625,0.5252532958984375
control,sub-41,14,4,0,0,0.6392602324485779,0.3607397973537445
control,sub-41,15,1,1,1,0.11711829900741577,0.8828817009925842
control,sub-41,16,0,0,0,0.5380540490150452,0.46194589138031006
control,sub-41,17,2,1,1,0.27670934796333313,0.7232906222343445
control,sub-41,18,4,0,0,0.7626592516899109,0.2373408079147339
control,sub-41,19,3,1,1,0.47683262825012207,0.5231673121452332
control,sub-41,20,0,0,1,0.3955930769443512,0.6044068932533264
control,sub-41,21,2,1,1,0.1593267172574997,0.8406732678413391
control,sub-41,22,1,0,0,0.7926923632621765,0.20730768144130707
control,sub-41,23,1,1,0,0.9505249857902527,0.04947504773736
control,sub-41,24,0,0,1,0.17273873090744019,0.827261209487915
control,sub-41,25,4,1,0,0.8483891487121582,0.1516108363866806
control,sub-41,26,3,0,0,0.6571040749549866,0.3428959548473358
control,sub-41,27,3,1,1,0.3550480306148529,0.6449519991874695
control,sub-41,28,1,0,0,0.534408450126648,0.46559157967567444
control,sub-41,29,3,1,0,0.7514450550079346,0.24855490028858185
control,sub-41,30,4,0,0,0.5916054248809814,0.40839454531669617
control,sub-41,31,4,1,0,0.505214273929596,0.49478575587272644
control,sub-41,32,4,0,0,0.8264101147651672,0.17358988523483276
control,sub-41,33,2,1,0,0.6023717522621155,0.39762821793556213
control,sub-41,34,3,0,0,0.503673255443573,0.4963267743587494
control,sub-41,35,4,1,0,0.9130833148956299,0.0869167149066925
control,sub-41,36,1,0,1,0.42161205410957336,0.5783879160881042
control,sub-41,37,4,1,0,0.7320411801338196,0.26795879006385803
control,sub-41,38,0,0,1,0.15555058419704437,0.8444494605064392
control,sub-41,39,1,1,1,0.3278905153274536,0.6721095442771912
control,sub-42,0,3,0,1,0.4675673544406891,0.5324327349662781
control,sub-42,1,2,1,0,0.5212809443473816,0.4787190854549408
control,sub-42,2,2,0,1,0.4500861167907715,0.5499139428138733
control,sub-42,3,0,1,1,0.46607258915901184,0.5339273810386658
control,sub-42,4,2,0,1,0.13756267726421356,0.8624373078346252
control,sub-42,5,1,1,0,0.9715674519538879,0.028432508930563927
control,sub-42,6,2,0,1,0.28045493364334106,0.7195450663566589
control,sub-42,7,0,1,0,0.5523002743721008,0.4476996660232544
control,sub-42,8,1,0,1,0.2951703667640686,0.7048295140266418
control,sub-42,9,3,1,1,0.21548612415790558,0.7845138907432556
control,sub-42,10,3,0,0,0.63004469871521,0.3699553310871124
control,sub-42,11,0,1,1,0.28352242708206177,0.7164775729179382
control,sub-42,12,2,0,0,0.9234585762023926,0.07654150575399399
control,sub-42,13,0,1,0,0.7774699330329895,0.2225300520658493
control,sub-42,14,4,0,1,0.1867017298936844,0.813298225402832
control,sub-42,15,1,1,1,2.7844267606269568e-05,0.9999721646308899
control,sub-42,16,0,0,0,0.6310983896255493,0.3689015805721283
control,sub-42,17,2,1,1,0.1819061040878296,0.8180939555168152
control,sub-42,18,4,0,0,0.7063061594963074,0.29369378089904785
control,sub-42,19,3,1,1,0.35685160756111145,0.6431483626365662
control,sub-42,20,0,0,0,0.6317872405052185,0.3682127296924591
control,sub-42,21,2,1,1,0.44807663559913635,0.5519233345985413
control,sub-42,22,1,0,0,0.901037871837616,0.09896215051412582
control,sub-42,23,1,1,1,0.45802316069602966,0.5419768691062927
control,sub-42,24,0,0,0,0.6788816452026367,0.3211183547973633
control,sub-42,25,4,1,0,0.5169572234153748,0.48304283618927
control,sub-42,26,3,0,0,0.5214295387268066,0.47857046127319336
control,sub-42,27,3,1,1,0.23414790630340576,0.7658520340919495
control,sub-42,28,1,0,0,0.7310678958892822,0.2689320743083954
control,sub-42,29,3,1,1,0.0629468485713005,0.9370532035827637
control,sub-42,30,4,0,0,0.7678685784339905,0.23213136196136475
control,sub-42,31,4,1,1,0.15298987925052643,0.8470101356506348
control,sub-42,32,4,0,0,0.9512941241264343,0.04870596155524254
control,sub-42,33,2,1,0,0.7617859840393066,0.23821397125720978
control,sub-42,34,3,0,0,0.8876784443855286,0.11232154816389084
control,sub-42,35,4,1,0,0.6456241607666016,0.3543759286403656
control,sub-42,36,1,0,0,0.7038474678993225,0.2961525619029999
control,sub-42,37,4,1,1,0.4993840456008911,0.5006158947944641
control,sub-42,38,0,0,0,0.7449472546577454,0.25505271553993225
control,sub-42,39,1,1,1,0.394284725189209,0.605715274810791
control,sub-43,0,3,0,0,0.5134416222572327,0.48655834794044495
control,sub-43,1,2,1,1,0.24737071990966797,0.752629280090332
control,sub-43,2,2,0,0,0.5639622211456299,0.43603774905204773
control,sub-43,3,0,1,1,0.06813105195760727,0.9318689703941345
control,sub-43,4,2,0,0,0.5492051839828491,0.45079484581947327
control,sub-43,5,1,1,1,0.39145755767822266,0.6085424423217773
control,sub-43,6,2,0,0,0.5248839259147644,0.475116103887558
control,sub-43,7,0,1,0,0.8257587552070618,0.17424122989177704
control,sub-43,8,1,0,1,0.3312350809574127,0.6687648892402649
control,sub-43,9,3,1,1,0.3460453450679779,0.6539546251296997
control,sub-43,10,3,0,1,0.027220435440540314,0.9727795720100403
control,sub-43,11,0,1,0,0.9617225527763367,0.03827740624547005
control,sub-43,12,2,0,0,0.9086053371429443,0.09139472246170044
control,sub-43,13,0,1,1,0.36092081665992737,0.6390791535377502
control,sub-43,14,4,0,0,0.7318000793457031,0.2681999206542969
control,sub-43,15,1,1,1,0.3713541030883789,0.6286458373069763
control,sub-43,16,0,0,0,0.8183457255363464,0.18165425956249237
control,sub-43,17,2,1,1,0.4542221128940582,0.5457778573036194
control,sub-43,18,4,0,0,0.8636032938957214,0.13639670610427856
control,sub-43,19,3,1,1,0.3330162465572357,0.6669838428497314
control,sub-43,20,0,0,0,0.6001335978507996,0.3998664319515228
control,sub-43,21,2,1,1,0.295176237821579,0.7048237919807434
control,sub-43,22,1,0,0,0.5145688652992249,0.48543116450309753
control,sub-43,23,1,1,0,0.6020901203155518,0.39790987968444824
control,sub-43,24,0,0,1,0.27604952454566956,0.7239505648612976
control,sub-43,25,4,1,1,0.2905459702014923,0.7094539999961853
control,sub-43,26,3,0,0,0.6244763731956482,0.3755236864089966
control,sub-43,27,3,1,1,0.29758837819099426,0.7024116516113281
control,sub-43,28,1,0,0,0.595603883266449,0.4043961465358734
control,sub-43,29,3,1,0,0.7487733960151672,0.251226544380188
control,sub-43,30,4,0,1,0.2949856221675873,0.7050144076347351
control,sub-43,31,4,1,0,0.6777706146240234,0.32222941517829895
control,sub-43,32,4,0,0,0.9551005959510803,0.04489937424659729
control,sub-43,33,2,1,0,0.649731457233429,0.35026848316192627
control,sub-43,34,3,0,1,0.39463892579078674,0.6053611040115356
control,sub-43,35,4,1,0,0.5267452597618103,0.47325482964515686
control,sub-43,36,1,0,0,0.8973662853240967,0.10263369232416153
control,sub-43,37,4,1,0,0.5462256073951721,0.4537743330001831
control,sub-43,38,0,0,1,0.3348027765750885,0.6651972532272339
control,sub-43,39,1,1,1,0.24174605309963226,0.7582539916038513
control,sub-44,0,3,0,1,0.37847161293029785,0.6215283274650574
control,sub-44,1,2,1,1,0.4570404589176178,0.5429595112800598
control,sub-44,2,2,0,0,0.877629280090332,0.12237068265676498
control,sub-44,3,0,1,1,0.09453990310430527,0.9054601192474365
control,sub-44,4,2,0,0,0.8514273762702942,0.148572638630867
control,sub-44,5,1,1,1,0.07177162915468216,0.9282283782958984
control,sub-44,6,2,0,0,0.8311011791229248,0.16889888048171997
control,sub-44,7,0,1,1,0.22954274713993073,0.7704572677612305
control,sub-44,8,1,0,0,0.6180698871612549,0.3819301128387451
control,sub-44,9,3,1,1,0.12552137672901154,0.8744786381721497
control,sub-44,10,3,0,0,0.8220321536064148,0.17796795070171356
control,sub-44,11,0,1,1,0.08714919537305832,0.9128507971763611
control,sub-44,12,2,0,0,0.9450744986534119,0.054925527423620224
control,sub-44,13,0,1,1,0.10554257035255432,0.8944573998451233
control,sub-44,14,4,0,0,0.9252704977989197,0.0747295469045639
control,sub-44,15,1,1,1,0.3902103900909424,0.6097896695137024
control,sub-44,16,0,0,0,0.8913711905479431,0.1086287871003151
control,sub-44,17,2,1,1,0.23512761294841766,0.7648723721504211
control,sub-44,18,4,0,0,0.7734441757202148,0.22655576467514038
control,sub-44,19,3,1,1,0.1780042052268982,0.8219957947731018
control,sub-44,20,0,0,0,0.5843000411987305,0.41569995880126953
control,sub-44,21,2,1,0,0.5323658585548401,0.4676342010498047
control,sub-44,22,1,0,0,0.8359597325325012,0.1640402227640152
control,sub-44,23,1,1,0,0.9364892840385437,0.06351077556610107
control,sub-44,24,0,0,1,0.21093535423278809,0.7890645861625671
control,sub-44,25,4,1,1,0.22931019961833954,0.7706897854804993
control,sub-44,26,3,0,1,0.484939306974411,0.5150607228279114
control,sub-44,27,3,1,1,0.41497910022735596,0.585020899772644
control,sub-44,28,1,0,0,0.5091029405593872,0.4908970594406128
control,sub-44,29,3,1,1,0.2214854508638382,0.778514564037323
control,sub-44,30,4,0,0,0.8443635106086731,0.15563644468784332
control,sub-44,31,4,1,1,0.37955665588378906,0.6204433441162109
control,sub-44,32,4,0,0,0.5602979063987732,0.4397020637989044
control,sub-44,33,2,1,1,0.37820443511009216,0.6217955946922302
control,sub-44,34,3,0,1,0.07254060357809067,0.9274592995643616
control,sub-44,35,4,1,1,0.2295992374420166,0.7704008221626282
control,sub-44,36,1,0,1,0.352813720703125,0.647186279296875
control,sub-44,37,4,1,1,0.49006831645965576,0.509931743144989
control,sub-44,38,0,0,1,0.2994576692581177,0.7005423903465271
control,sub-44,39,1,1,0,0.7655879855155945,0.2344120740890503
control,sub-45,0,3,0,1,0.39955413341522217,0.6004458069801331
control,sub-45,1,2,1,1,0.005680306348949671,0.99431973695755
control,sub-45,2,2,0,0,0.8461294770240784,0.15387047827243805
control,sub-45,3,0,1,0,0.6080335378646851,0.39196646213531494
control,sub-45,4,2,0,0,0.8451234698295593,0.15487658977508545
control,sub-45,5,1,1,1,0.2792861759662628,0.7207137942314148
control,sub-45,6,2,0,0,0.688742458820343,0.311257541179657
control,sub-45,7,0,1,1,0.1935397833585739,0.8064602017402649
control,sub-45,8,1,0,0,0.8324682116508484,0.1675317883491516
control,sub-45,9,3,1,1,0.2458469122648239,0.7541530728340149
control,sub-45,10,3,0,0,0.8953115940093994,0.10468842834234238
control,sub-45,11,0,1,1,0.0055941068567335606,0.9944059252738953
control,sub-45,12,2,0,0,0.5650750398635864,0.4349249601364136
control,sub-45,13,0,1,1,0.023112846538424492,0.9768871665000916
control,sub-45,14,4,0,0,0.7863951325416565,0.2136048525571823
control,sub-45,15,1,1,1,0.04324837401509285,0.9567516446113586
control,sub-45,16,0,0,1,0.49650391936302185,0.5034961104393005
control,sub-45,17,2,1,1,0.2332947999238968,0.7667052149772644
control,sub-45,18,4,0,0,0.8960366249084473,0.10396334528923035
control,sub-45,19,3,1,1,0.3168576657772064,0.683142364025116
control,sub-45,20,0,0,0,0.863975465297699,0.13602454960346222
control,sub-45,21,2,1,0,0.8363886475563049,0.16361133754253387
control,sub-45,22,1,0,0,0.7435760498046875,0.2564239799976349
control,sub-45,23,1,1,1,0.05885057523846626,0.9411494135856628
control,sub-45,24,0,0,0,0.9300416111946106,0.0699583888053894
control,sub-45,25,4,1,1,0.38198745250701904,0.6180124878883362
control,sub-45,26,3,0,0,0.5860865712165833,0.41391339898109436
control,sub-45,27,3,1,1,0.21221864223480225,0.787781298160553
control,sub-45,28,1,0,0,0.922797679901123,0.07720228284597397
control,sub-45,29,3,1,0,0.5463975071907043,0.45360246300697327
control,sub-45,30,4,0,0,0.9621626734733582,0.037837401032447815
control,sub-45,31,4,1,1,0.08915621042251587,0.9108437895774841
control,sub-45,32,4,0,0,0.9976529479026794,0.002347092842683196
control,sub-45,33,2,1,0,0.6937119364738464,0.30628812313079834
control,sub-45,34,3,0,0,0.9369422793388367,0.06305768340826035
control,sub-45,35,4,1,0,0.8896811604499817,0.11031880974769592
control,sub-45,36,1,0,0,0.9166290760040283,0.08337092399597168
control,sub-45,37,4,1,0,0.9480929970741272,0.05190698429942131
control,sub-45,38,0,0,0,0.9806895852088928,0.019310392439365387
control,sub-45,39,1,1,1,0.44373631477355957,0.5562637448310852
control,sub-46,0,3,0,1,0.24099983274936676,0.7590001225471497
control,sub-46,1,2,1,1,0.11007388681173325,0.8899261355400085
control,sub-46,2,2,0,0,0.5437350869178772,0.4562648832798004
control,sub-46,3,0,1,0,0.502210795879364,0.4977892339229584
control,sub-46,4,2,0,1,0.18615496158599854,0.8138449788093567
control,sub-46,5,1,1,1,0.10088083893060684,0.8991191387176514
control,sub-46,6,2,0,0,0.5044229626655579,0.49557700753211975
control,sub-46,7,0,1,0,0.5660873055458069,0.4339127242565155
control,sub-46,8,1,0,1,0.449663370847702,0.5503366589546204
control,sub-46,9,3,1,1,0.356405109167099,0.6435949206352234
control,sub-46,10,3,0,1,0.4370674192905426,0.5629326105117798
control,sub-46,11,0,1,1,0.29156914353370667,0.7084309458732605
control,sub-46,12,2,0,1,0.1660085916519165,0.8339914679527283
control,sub-46,13,0,1,1,0.4644666612148285,0.5355333685874939
control,sub-46,14,4,0,0,0.8466458916664124,0.15335410833358765
control,sub-46,15,1,1,1,0.3766108453273773,0.6233891844749451
control,sub-46,16,0,0,0,0.5975083708763123,0.40249165892601013
control,sub-46,17,2,1,0,0.5358532071113586,0.46414676308631897
control,sub-46,18,4,0,1,0.29765912890434265,0.7023409008979797
control,sub-46,19,3,1,0,0.8090394139289856,0.1909605711698532
control,sub-46,20,0,0,0,0.9401378631591797,0.059862151741981506
control,sub-46,21,2,1,1,0.3998230993747711,0.6001768708229065
control,sub-46,22,1,0,1,0.13936884701251984,0.8606311678886414
control,sub-46,23,1,1,0,0.6836092472076416,0.316390722990036
control,sub-46,24,0,0,0,0.844573438167572,0.15542657673358917
control,sub-46,25,4,1,1,0.34573936462402344,0.6542605757713318
control,sub-46,26,3,0,0,0.7173016667366028,0.28269824385643005
control,sub-46,27,3,1,1,0.4150756597518921,0.5849242806434631
control,sub-46,28,1,0,1,0.2219473272562027,0.7780527472496033
control,sub-46,29,3,1,0,0.7634769082069397,0.2365231066942215
control,sub-46,30,4,0,1,0.07406123727560043,0.9259387850761414
control,sub-46,31,4,1,1,0.19617809355258942,0.8038219809532166
control,sub-46,32,4,0,1,0.36173930764198303,0.6382606625556946
control,sub-46,33,2,1,0,0.6810753345489502,0.3189246952533722
control,sub-46,34,3,0,0,0.5187707543373108,0.481229305267334
control,sub-46,35,4,1,0,0.8307604193687439,0.1692395657300949
control,sub-46,36,1,0,0,0.8770373463630676,0.12296268343925476
control,sub-46,37,4,1,0,0.8739440441131592,0.12605594098567963
control,sub-46,38,0,0,0,0.5276262164115906,0.4723738133907318
control,sub-46,39,1,1,1,0.3168671131134033,0.6831328868865967
control,sub-47,0,3,0,0,0.5674545764923096,0.43254542350769043
control,sub-47,1,2,1,1,0.03271740674972534,0.9672825932502747
control,sub-47,2,2,0,0,0.729461669921875,0.2705383598804474
control,sub-47,3,0,1,0,0.5838525891304016,0.416147381067276
control,sub-47,4,2,0,1,0.3619450032711029,0.6380550265312195
control,sub-47,5,1,1,0,0.8110337853431702,0.18896616995334625
control,sub-47,6,2,0,1,0.2193363457918167,0.7806636691093445
control,sub-47,7,0,1,1,0.436793714761734,0.5632063746452332
control,sub-47,8,1,0,0,0.8994140028953552,0.10058604925870895
control,sub-47,9,3,1,0,0.9047651886940002,0.09523484855890274
control,sub-47,10,3,0,0,0.7380151748657227,0.26198479533195496
control,sub-47,11,0,1,1,0.4583658277988434,0.5416341423988342
control,sub-47,12,2,0,1,0.01558016985654831,0.9844198226928711
control,sub-47,13,0,1,0,0.8001934885978699,0.19980652630329132
control,sub-47,14,4,0,1,0.20273561775684357,0.7972643375396729
control,sub-47,15,1,1,1,0.4575571119785309,0.5424429178237915
control,sub-47,16,0,0,1,0.4960005581378937,0.5039994716644287
control,sub-47,17,2,1,0,0.5049070119857788,0.4950929880142212
control,sub-47,18,4,0,1,0.40898218750953674,0.5910177826881409
control,sub-47,19,3,1,1,0.27892857789993286,0.7210714221000671
control,sub-47,20,0,0,1,0.24129338562488556,0.7587065696716309
control,sub-47,21,2,1,1,0.17428280413150787,0.8257172107696533
control,sub-47,22,1,0,1,0.387151837348938,0.6128481030464172
control,sub-47,23,1,1,0,0.6034989953041077,0.3965010643005371
control,sub-47,24,0,0,0,0.5735523104667664,0.42644771933555603
control,sub-47,25,4,1,1,0.45804306864738464,0.541956901550293
control,sub-47,26,3,0,1,0.36573395133018494,0.6342660784721375
control,sub-47,27,3,1,1,0.3082559406757355,0.6917440295219421
control,sub-47,28,1,0,0,0.864128589630127,0.13587139546871185
control,sub-47,29,3,1,1,0.2747146785259247,0.7252852916717529
control,sub-47,30,4,0,0,0.8719959855079651,0.12800398468971252
control,sub-47,31,4,1,0,0.8441875576972961,0.15581242740154266
control,sub-47,32,4,0,0,0.7193312644958496,0.2806687355041504
control,sub-47,33,2,1,0,0.7331593036651611,0.2668406665325165
control,sub-47,34,3,0,0,0.6908106207847595,0.30918943881988525
control,sub-47,35,4,1,1,0.3485877513885498,0.6514121890068054
control,sub-47,36,1,0,0,0.7821340560913086,0.21786589920520782
control,sub-47,37,4,1,1,0.10655079036951065,0.8934491276741028
control,sub-47,38,0,0,0,0.5194088816642761,0.4805910587310791
control,sub-47,39,1,1,1,0.33435559272766113,0.6656444072723389
control,sub-48,0,3,0,0,0.912941038608551,0.08705892413854599
control,sub-48,1,2,1,1,0.16725079715251923,0.8327491879463196
control,sub-48,2,2,0,0,0.8890711665153503,0.11092884093523026
control,sub-48,3,0,1,0,0.6553504467010498,0.3446495532989502
control,sub-48,4,2,0,1,0.38555052876472473,0.6144494414329529
control,sub-48,5,1,1,1,0.07308750599622726,0.9269125461578369
control,sub-48,6,2,0,0,0.6389927864074707,0.3610071837902069
control,sub-48,7,0,1,0,0.7095296382904053,0.2904703915119171
control,sub-48,8,1,0,1,0.23898272216320038,0.7610173225402832
control,sub-48,9,3,1,0,0.6387680172920227,0.3612319529056549
control,sub-48,10,3,0,1,0.48293232917785645,0.5170676708221436
control,sub-48,11,0,1,0,0.8196468949317932,0.1803530603647232
control,sub-48,12,2,0,1,0.18174712359905243,0.8182528614997864
control,sub-48,13,0,1,0,0.6032387614250183,0.39676129817962646
control,sub-48,14,4,0,1,0.36077380180358887,0.6392262578010559
control,sub-48,15,1,1,0,0.6858386993408203,0.31416136026382446
control,sub-48,16,0,0,1,0.1658908575773239,0.8341091275215149
control,sub-48,17,2,1,1,0.3912842571735382,0.6087157726287842
control,sub-48,18,4,0,1,0.44219717383384705,0.5578028559684753
control,sub-48,19,3,1,1,0.44293975830078125,0.5570603013038635
control,sub-48,20,0,0,0,0.928692638874054,0.07130730152130127
control,sub-48,21,2,1,1,0.3833940029144287,0.6166060566902161
control,sub-48,22,1,0,0,0.6329224109649658,0.36707761883735657
control,sub-48,23,1,1,1,0.1289210468530655,0.8710789680480957
control,sub-48,24,0,0,0,0.8240838646888733,0.17591612040996552
control,sub-48,25,4,1,1,0.4747096598148346,0.525290310382843
control,sub-48,26,3,0,1,0.3501630127429962,0.6498369574546814
control,sub-48,27,3,1,0,0.6470659375190735,0.3529340922832489
control,sub-48,28,1,0,0,0.8186359405517578,0.18136410415172577
control,sub-48,29,3,1,0,0.9081130027770996,0.09188699722290039
control,sub-48,30,4,0,0,0.737996518611908,0.2620035409927368
control,sub-48,31,4,1,0,0.5048806667327881,0.4951193630695343
control,sub-48,32,4,0,1,0.33912649750709534,0.6608734726905823
control,sub-48,33,2,1,0,0.9353448748588562,0.06465516239404678
control,sub-48,34,3,0,0,0.7898281216621399,0.21017183363437653
control,sub-48,35,4,1,1,0.23689579963684082,0.7631042003631592
control,sub-48,36,1,0,1,0.10891284793615341,0.8910871148109436
control,sub-48,37,4,1,1,0.15663903951644897,0.843360960483551
control,sub-48,38,0,0,1,0.25107309222221375,0.7489269375801086
control,sub-48,39,1,1,0,0.8840453028678894,0.11595468968153
control,sub-49,0,3,0,0,0.5752498507499695,0.4247501790523529
control,sub-49,1,2,1,0,0.6598711609840393,0.3401288092136383
control,sub-49,2,2,0,0,0.5644041895866394,0.43559587001800537
control,sub-49,3,0,1,1,0.4138512909412384,0.5861486792564392
control,sub-49,4,2,0,0,0.5243645310401917,0.47563549876213074
control,sub-49,5,1,1,1,0.4107430875301361,0.5892569422721863
control,sub-49,6,2,0,0,0.5074357986450195,0.49256423115730286
control,sub-49,7,0,1,1,0.4000394344329834,0.5999605655670166
control,sub-49,8,1,0,0,0.5752891898155212,0.42471083998680115
control,sub-49,9,3,1,0,0.5255654454231262,0.4744345247745514
control,sub-49,10,3,0,1,0.4804702699184418,0.5195297598838806
control,sub-49,11,0,1,1,0.47144731879234314,0.5285527110099792
control,sub-49,12,2,0,1,0.46639230847358704,0.5336077213287354
control,sub-49,13,0,1,0,0.5494537949562073,0.45054617524147034
control,sub-49,14,4,0,1,0.4633125066757202,0.5366875529289246
control,sub-49,15,1,1,1,0.38900378346443176,0.6109962463378906
control,sub-49,16,0,0,1,0.48080745339393616,0.5191925168037415
control,sub-49,17,2,1,0,0.5104250907897949,0.4895749092102051
control,sub-49,18,4,0,1,0.38736698031425476,0.6126330494880676
control,sub-49,19,3,1,0,0.5873356461524963,0.41266438364982605
control,sub-49,20,0,0,1,0.474134236574173,0.5258657336235046
control,sub-49,21,2,1,0,0.5256287455558777,0.4743712842464447
control,sub-49,22,1,0,1,0.40560683608055115,0.5943931937217712
control,sub-49,23,1,1,0,0.516719400882721,0.48328056931495667
control,sub-49,24,0,0,0,0.5626475214958191,0.4373524487018585
control,sub-49,25,4,1,0,0.5197873115539551,0.4802127182483673
control,sub-49,26,3,0,0,0.6562005877494812,0.3437993824481964
control,sub-49,27,3,1,1,0.47003045678138733,0.5299695134162903
control,sub-49,28,1,0,1,0.481427937746048,0.5185720324516296
control,sub-49,29,3,1,0,0.513379693031311,0.4866202771663666
control,sub-49,30,4,0,0,0.586413562297821,0.41358646750450134
control,sub-49,31,4,1,0,0.580907940864563,0.419092059135437
control,sub-49,32,4,0,0,0.587985098361969,0.4120148718357086
control,sub-49,33,2,1,1,0.46297696232795715,0.5370230078697205
control,sub-49,34,3,0,0,0.6687678694725037,0.3312321603298187
control,sub-49,35,4,1,0,0.5700826048851013,0.42991742491722107
control,sub-49,36,1,0,1,0.45656514167785645,0.5434348583221436
control,sub-49,37,4,1,1,0.4622039496898651,0.5377960205078125
control,sub-49,38,0,0,1,0.3071604073047638,0.6928395628929138
control,sub-49,39,1,1,0,0.5048201084136963,0.4951798617839813
control,sub-50,0,3,0,0,0.606737494468689,0.39326250553131104
control,sub-50,1,2,1,0,0.6438896059989929,0.3561103343963623
control,sub-50,2,2,0,0,0.5768763422966003,0.42312368750572205
control,sub-50,3,0,1,0,0.6343605518341064,0.36563944816589355
control,sub-50,4,2,0,0,0.80950927734375,0.19049067795276642
control,sub-50,5,1,1,0,0.5123816728591919,0.4876183271408081
control,sub-50,6,2,0,1,0.16532401740550995,0.8346759676933289
control,sub-50,7,0,1,0,0.8473460674285889,0.15265396237373352
control,sub-50,8,1,0,0,0.5492942929267883,0.45070573687553406
control,sub-50,9,3,1,1,0.3774915635585785,0.6225084662437439
control,sub-50,10,3,0,0,0.758569061756134,0.24143089354038239
control,sub-50,11,0,1,1,0.4902642071247101,0.5097358226776123
control,sub-50,12,2,0,0,0.7659173011779785,0.23408269882202148
control,sub-50,13,0,1,0,0.5811355710029602,0.4188644587993622
control,sub-50,14,4,0,1,0.04648685082793236,0.9535131454467773
control,sub-50,15,1,1,0,0.5814672708511353,0.41853272914886475
control,sub-50,16,0,0,0,0.9069416522979736,0.09305834025144577
control,sub-50,17,2,1,1,0.2657703161239624,0.7342297434806824
control,sub-50,18,4,0,1,0.00103611103259027,0.9989638924598694
control,sub-50,19,3,1,0,0.9057424664497375,0.09425751119852066
control,sub-50,20,0,0,0,0.6910205483436584,0.30897942185401917
control,sub-50,21,2,1,0,0.5440096259117126,0.45599034428596497
control,sub-50,22,1,0,0,0.578446090221405,0.4215538799762726
control,sub-50,23,1,1,0,0.698052704334259,0.3019472658634186
control,sub-50,24,0,0,0,0.7072875499725342,0.292712539434433
control,sub-50,25,4,1,1,5.7483932323521e-05,0.9999424815177917
control,sub-50,26,3,0,1,0.43946442008018494,0.5605354905128479
control,sub-50,27,3,1,1,0.49245384335517883,0.5075461268424988
control,sub-50,28,1,0,1,0.3921066224575043,0.6078934073448181
control,sub-50,29,3,1,0,0.5465169548988342,0.453482985496521
control,sub-50,30,4,0,1,0.21594572067260742,0.7840542793273926
control,sub-50,31,4,1,1,0.4168330132961273,0.5831670165061951
control,sub-50,32,4,0,1,0.0996151939034462,0.9003848433494568
control,sub-50,33,2,1,0,0.8644869923591614,0.13551297783851624
control,sub-50,34,3,0,0,0.793435275554657,0.20656470954418182
control,sub-50,35,4,1,1,0.36327147483825684,0.6367284655570984
control,sub-50,36,1,0,0,0.5572200417518616,0.44277989864349365
control,sub-50,37,4,1,0,0.5858579874038696,0.41414201259613037
control,sub-50,38,0,0,0,0.640582799911499,0.359417200088501
control,sub-50,39,1,1,0,0.6226980686187744,0.3773019313812256
reflection_train,sub-01,0,3,0,1,0.4179799556732178,0.5820199847221375
reflection_train,sub-01,1,2,1,0,0.6664382219314575,0.33356180787086487
reflection_train,sub-01,2,2,0,1,0.2538740336894989,0.7461259365081787
reflection_train,sub-01,3,0,1,1,0.24571384489536285,0.7542861104011536
reflection_train,sub-01,4,2,0,0,0.6833670735359192,0.3166328966617584
reflection_train,sub-01,5,1,1,0,0.6405015587806702,0.3594984710216522
reflection_train,sub-01,6,2,0,0,0.5987488031387329,0.4012511968612671
reflection_train,sub-01,7,0,1,0,0.7640829086303711,0.2359170913696289
reflection_train,sub-01,8,1,0,0,0.8873646855354309,0.11263532191514969
reflection_train,sub-01,9,3,1,1,0.4006781578063965,0.5993218421936035
reflection_train,sub-01,10,3,0,0,0.527953565120697,0.47204646468162537
reflection_train,sub-01,11,0,1,1,0.4144558906555176,0.5855441093444824
reflection_train,sub-01,12,2,0,0,0.7094109654426575,0.2905890643596649
reflection_train,sub-01,13,0,1,1,0.4318314492702484,0.568168580532074
reflection_train,sub-01,14,4,0,1,0.4584627151489258,0.5415372848510742
reflection_train,sub-01,15,1,1,0,0.7055999636650085,0.29440006613731384
reflection_train,sub-01,16,0,0,0,0.8133425712585449,0.18665748834609985
reflection_train,sub-01,17,2,1,0,0.8924973011016846,0.10750266164541245
reflection_train,sub-01,18,4,0,1,0.4432363510131836,0.5567636489868164
reflection_train,sub-01,19,3,1,1,0.4060538709163666,0.5939461588859558
reflection_train,sub-01,20,0,0,1,0.46878838539123535,0.5312115550041199
reflection_train,sub-01,21,2,1,1,0.277760773897171,0.7222392559051514
reflection_train,sub-01,22,1,0,0,0.6732608675956726,0.3267391622066498
reflection_train,sub-01,23,1,1,1,0.376324325799942,0.6236756443977356
reflection_train,sub-01,24,0,0,1,0.3076322376728058,0.6923677325248718
reflection_train,sub-01,25,4,1,1,0.16162213683128357,0.8383778929710388
reflection_train,sub-01,26,3,0,0,0.8704412579536438,0.12955869734287262
reflection_train,sub-01,27,3,1,1,0.19477905333042145,0.805220901966095
reflection_train,sub-01,28,1,0,0,0.5503645539283752,0.44963547587394714
reflection_train,sub-01,29,3,1,1,0.2929595410823822,0.7070404887199402
reflection_train,sub-01,30,4,0,1,0.31372714042663574,0.6862728595733643
reflection_train,sub-01,31,4,1,0,0.7201724052429199,0.2798275947570801
reflection_train,sub-01,32,4,0,1,0.499016135931015,0.5009838342666626
reflection_train,sub-01,33,2,1,1,0.16770987212657928,0.8322901725769043
reflection_train,sub-01,34,3,0,0,0.7154728770256042,0.28452709317207336
reflection_train,sub-01,35,4,1,1,0.4311172068119049,0.5688827633857727
reflection_train,sub-01,36,1,0,1,0.2700483500957489,0.7299516797065735
reflection_train,sub-01,37,4,1,0,0.562798798084259,0.43720123171806335
reflection_train,sub-01,38,0,0,1,0.4897852838039398,0.5102147459983826
reflection_train,sub-01,39,1,1,1,0.34939709305763245,0.6506028771400452
reflection_train,sub-02,0,3,0,0,0.676004946231842,0.32399508357048035
reflection_train,sub-02,1,2,1,0,0.6570220589637756,0.342977911233902
reflection_train,sub-02,2,2,0,1,0.2235385924577713,0.7764613628387451
reflection_train,sub-02,3,0,1,0,0.7232781052589417,0.27672186493873596
reflection_train,sub-02,4,2,0,0,0.5193829536437988,0.48061713576316833
reflection_train,sub-02,5,1,1,0,0.5854070782661438,0.414592981338501
reflection_train,sub-02,6,2,0,1,0.35114535689353943,0.648854672908783
reflection_train,sub-02,7,0,1,0,0.6005966067314148,0.3994033634662628
reflection_train,sub-02,8,1,0,0,0.653964102268219,0.3460359275341034
reflection_train,sub-02,9,3,1,0,0.7618935704231262,0.238106369972229
reflection_train,sub-02,10,3,0,1,0.3075399100780487,0.6924600601196289
reflection_train,sub-02,11,0,1,0,0.8251964449882507,0.17480361461639404
reflection_train,sub-02,12,2,0,1,0.08858322352170944,0.91141676902771
reflection_train,sub-02,13,0,1,0,0.5717043280601501,0.42829564213752747
reflection_train,sub-02,14,4,0,1,0.44036445021629333,0.559635579586029
reflection_train,sub-02,15,1,1,0,0.5072692036628723,0.4927308261394501
reflection_train,sub-02,16,0,0,1,0.4827090799808502,0.5172908902168274
reflection_train,sub-02,17,2,1,1,0.4018969237804413,0.5981031060218811
reflection_train,sub-02,18,4,0,0,0.6058034896850586,0.3941965103149414
reflection_train,sub-02,19,3,1,0,0.5319589972496033,0.46804097294807434
reflection_train,sub-02,20,0,0,0,0.6115899682044983,0.38840997219085693
reflection_train,sub-02,21,2,1,0,0.7705726623535156,0.22942733764648438
reflection_train,sub-02,22,1,0,0,0.581074059009552,0.4189260005950928
reflection_train,sub-02,23,1,1,0,0.5051894783973694,0.4948104918003082
reflection_train,sub-02,24,0,0,1,0.08040443807840347,0.9195955395698547
reflection_train,sub-02,25,4,1,1,0.34631481766700745,0.6536851525306702
reflection_train,sub-02,26,3,0,0,0.5846697688102722,0.41533026099205017
reflection_train,sub-02,27,3,1,0,0.7016889452934265,0.2983110845088959
reflection_train,sub-02,28,1,0,1,0.3069716989994049,0.6930282711982727
reflection_train,sub-02,29,3,1,0,0.8853492140769958,0.11465079337358475
reflection_train,sub-02,30,4,0,1,0.44765928387641907,0.5523406863212585
reflection_train,sub-02,31,4,1,0,0.5705711245536804,0.42942893505096436
reflection_train,sub-02,32,4,0,1,0.4019680917263031,0.5980318784713745
reflection_train,sub-02,33,2,1,1,0.3263096511363983,0.6736903190612793
reflection_train,sub-02,34,3,0,0,0.6462956666946411,0.3537043333053589
reflection_train,sub-02,35,4,1,0,0.565190315246582,0.43480971455574036
reflection_train,sub-02,36,1,0,1,0.38744866847991943,0.6125513315200806
reflection_train,sub-02,37,4,1,0,0.5401601791381836,0.4598398208618164
reflection_train,sub-02,38,0,0,1,0.42436981201171875,0.5756301879882812
reflection_train,sub-02,39,1,1,0,0.7792205810546875,0.2207794338464737
reflection_train,sub-03,0,3,0,1,0.38032105565071106,0.6196789741516113
reflection_train,sub-03,1,2,1,0,0.6705546379089355,0.32944533228874207
reflection_train,sub-03,2,2,0,1,0.47352686524391174,0.5264731645584106
reflection_train,sub-03,3,0,1,0,0.8390557169914246,0.1609443575143814
reflection_train,sub-03,4,2,0,0,0.5322254300117493,0.46777454018592834
reflection_train,sub-03,5,1,1,1,0.2345426082611084,0.7654573321342468
reflection_train,sub-03,6,2,0,0,0.7197785973548889,0.28022143244743347
reflection_train,sub-03,7,0,1,1,0.2836695611476898,0.7163304686546326
reflection_train,sub-03,8,1,0,0,0.502293050289154,0.49770697951316833
reflection_train,sub-03,9,3,1,1,0.3848664462566376,0.6151335835456848
reflection_train,sub-03,10,3,0,1,0.4129411280155182,0.5870588421821594
reflection_train,sub-03,11,0,1,1,0.36150696873664856,0.6384930610656738
reflection_train,sub-03,12,2,0,1,0.4840705096721649,0.5159295201301575
reflection_train,sub-03,13,0,1,0,0.6892924904823303,0.31070753931999207
reflection_train,sub-03,14,4,0,1,0.35133108496665955,0.6486688852310181
reflection_train,sub-03,15,1,1,1,0.47737443447113037,0.5226255655288696
reflection_train,sub-03,16,0,0,1,0.4928620755672455,0.5071379542350769
reflection_train,sub-03,17,2,1,1,0.2087501734495163,0.7912497520446777
reflection_train,sub-03,18,4,0,1,0.37165093421936035,0.6283490657806396
reflection_train,sub-03,19,3,1,1,0.2935531437397003,0.7064468264579773
reflection_train,sub-03,20,0,0,0,0.680044949054718,0.3199549615383148
reflection_train,sub-03,21,2,1,0,0.6100583076477051,0.3899417221546173
reflection_train,sub-03,22,1,0,0,0.6043211817741394,0.3956787884235382
reflection_train,sub-03,23,1,1,1,0.3563438355922699,0.6436561942100525
reflection_train,sub-03,24,0,0,0,0.5483483076095581,0.4516516625881195
reflection_train,sub-03,25,4,1,0,0.564669668674469,0.43533027172088623
reflection_train,sub-03,26,3,0,1,0.45618653297424316,0.5438134074211121
reflection_train,sub-03,27,3,1,0,0.7526758313179016,0.2473241090774536
reflection_train,sub-03,28,1,0,1,0.46752801537513733,0.5324719548225403
reflection_train,sub-03,29,3,1,1,0.03784409165382385,0.9621558785438538
reflection_train,sub-03,30,4,0,1,0.3819965124130249,0.6180034279823303
reflection_train,sub-03,31,4,1,1,0.496060848236084,0.5039392113685608
reflection_train,sub-03,32,4,0,0,0.6293559074401855,0.37064412236213684
reflection_train,sub-03,33,2,1,0,0.5377809405326843,0.4622189998626709
reflection_train,sub-03,34,3,0,1,0.46745577454566956,0.5325441956520081
reflection_train,sub-03,35,4,1,1,0.4071955978870392,0.5928044319152832
reflection_train,sub-03,36,1,0,1,0.1203204020857811,0.8796796798706055
reflection_train,sub-03,37,4,1,1,0.48455357551574707,0.5154464244842529
reflection_train,sub-03,38,0,0,0,0.5809622406959534,0.419037789106369
reflection_train,sub-03,39,1,1,0,0.6405287384986877,0.35947129130363464
reflection_train,sub-04,0,3,0,1,0.3570442199707031,0.6429557800292969
reflection_train,sub-04,1,2,1,0,0.7098824381828308,0.29011765122413635
reflection_train,sub-04,2,2,0,0,0.7643682956695557,0.23563168942928314
reflection_train,sub-04,3,0,1,1,0.3915109932422638,0.6084889769554138
reflection_train,sub-04,4,2,0,0,0.7844777703285217,0.2155221700668335
reflection_train,sub-04,5,1,1,1,0.3402312695980072,0.65976881980896
reflection_train,sub-04,6,2,0,0,0.9545261263847351,0.04547390341758728
reflection_train,sub-04,7,0,1,0,0.5039721131324768,0.49602794647216797
reflection_train,sub-04,8,1,0,1,0.12553483247756958,0.8744651675224304
reflection_train,sub-04,9,3,1,1,0.4016555845737457,0.5983443856239319
reflection_train,sub-04,10,3,0,0,0.9549798965454102,0.04502015933394432
reflection_train,sub-04,11,0,1,1,0.07975329458713531,0.9202467799186707
reflection_train,sub-04,12,2,0,0,0.8340355753898621,0.16596442461013794
reflection_train,sub-04,13,0,1,1,0.42947137355804443,0.5705286860466003
reflection_train,sub-04,14,4,0,0,0.8174735903739929,0.18252646923065186
reflection_train,sub-04,15,1,1,0,0.7124467492103577,0.28755322098731995
reflection_train,sub-04,16,0,0,0,0.5430693030357361,0.4569307267665863
reflection_train,sub-04,17,2,1,1,0.3132099211215973,0.6867900490760803
reflection_train,sub-04,18,4,0,0,0.7976917624473572,0.2023082971572876
reflection_train,sub-04,19,3,1,0,0.6796736717224121,0.3203263580799103
reflection_train,sub-04,20,0,0,1,0.3616344630718231,0.6383655071258545
reflection_train,sub-04,21,2,1,0,0.6888130307197571,0.3111870288848877
reflection_train,sub-04,22,1,0,0,0.5859680771827698,0.41403189301490784
reflection_train,sub-04,23,1,1,1,0.3901854455471039,0.6098145246505737
reflection_train,sub-04,24,0,0,1,0.3958328664302826,0.6041671633720398
reflection_train,sub-04,25,4,1,1,0.4946572780609131,0.5053427219390869
reflection_train,sub-04,26,3,0,1,0.3219989240169525,0.6780011057853699
reflection_train,sub-04,27,3,1,1,0.1741292029619217,0.8258707523345947
reflection_train,sub-04,28,1,0,0,0.961245596408844,0.038754384964704514
reflection_train,sub-04,29,3,1,1,0.35725924372673035,0.642740786075592
reflection_train,sub-04,30,4,0,0,0.5840737223625183,0.4159262478351593
reflection_train,sub-04,31,4,1,1,0.2653414309024811,0.7346585392951965
reflection_train,sub-04,32,4,0,0,0.7166242599487305,0.2833757698535919
reflection_train,sub-04,33,2,1,0,0.559329092502594,0.4406708776950836
reflection_train,sub-04,34,3,0,0,0.5802009701728821,0.41979900002479553
reflection_train,sub-04,35,4,1,0,0.5237147808074951,0.4762852191925049
reflection_train,sub-04,36,1,0,1,0.3666609823703766,0.633338987827301
reflection_train,sub-04,37,4,1,1,0.4989355802536011,0.5010644793510437
reflection_train,sub-04,38,0,0,0,0.5664543509483337,0.43354567885398865
reflection_train,sub-04,39,1,1,1,0.41036197543144226,0.5896379947662354
reflection_train,sub-05,0,3,0,1,0.39565756916999817,0.6043424010276794
reflection_train,sub-05,1,2,1,0,0.5897385478019714,0.4102614223957062
reflection_train,sub-05,2,2,0,0,0.6111966371536255,0.3888033628463745
reflection_train,sub-05,3,0,1,1,0.4926894009113312,0.5073105692863464
reflection_train,sub-05,4,2,0,1,0.46414533257484436,0.5358546376228333
reflection_train,sub-05,5,1,1,0,0.5779016613960266,0.4220982789993286
reflection_train,sub-05,6,2,0,0,0.6010605096817017,0.3989395201206207
reflection_train,sub-05,7,0,1,1,0.37048670649528503,0.6295133233070374
reflection_train,sub-05,8,1,0,0,0.5122630000114441,0.4877370297908783
reflection_train,sub-05,9,3,1,1,0.4289330542087555,0.5710669159889221
reflection_train,sub-05,10,3,0,0,0.5572132468223572,0.44278672337532043
reflection_train,sub-05,11,0,1,0,0.6007370948791504,0.3992628753185272
reflection_train,sub-05,12,2,0,0,0.5009939670562744,0.4990060031414032
reflection_train,sub-05,13,0,1,1,0.4375477731227875,0.5624522566795349
reflection_train,sub-05,14,4,0,0,0.5244436264038086,0.4755563735961914
reflection_train,sub-05,15,1,1,0,0.5231536030769348,0.4768463671207428
reflection_train,sub-05,16,0,0,1,0.30844780802726746,0.6915521621704102
reflection_train,sub-05,17,2,1,1,0.45659926533699036,0.5434007048606873
reflection_train,sub-05,18,4,0,0,0.5977237820625305,0.4022761881351471
reflection_train,sub-05,19,3,1,1,0.3499784767627716,0.650021493434906
reflection_train,sub-05,20,0,0,0,0.6728432774543762,0.32715675234794617
reflection_train,sub-05,21,2,1,1,0.38862571120262146,0.6113743185997009
reflection_train,sub-05,22,1,0,1,0.47743311524391174,0.5225667953491211
reflection_train,sub-05,23,1,1,1,0.49664929509162903,0.5033506751060486
reflection_train,sub-05,24,0,0,0,0.6341836452484131,0.3658163547515869
reflection_train,sub-05,25,4,1,0,0.5029439330101013,0.4970560371875763
reflection_train,sub-05,26,3,0,1,0.4584876596927643,0.5415123105049133
reflection_train,sub-05,27,3,1,0,0.7307375073432922,0.26926252245903015
reflection_train,sub-05,28,1,0,0,0.6492002010345459,0.3507997989654541
reflection_train,sub-05,29,3,1,0,0.5397548079490662,0.46024516224861145
reflection_train,sub-05,30,4,0,0,0.5840901732444763,0.41590985655784607
reflection_train,sub-05,31,4,1,1,0.4217229187488556,0.5782771110534668
reflection_train,sub-05,32,4,0,1,0.465463250875473,0.5345367789268494
reflection_train,sub-05,33,2,1,1,0.41465818881988525,0.58534175157547
reflection_train,sub-05,34,3,0,1,0.44287511706352234,0.5571249127388
reflection_train,sub-05,35,4,1,1,0.4600238502025604,0.539976179599762
reflection_train,sub-05,36,1,0,0,0.5746408104896545,0.42535915970802307
reflection_train,sub-05,37,4,1,0,0.5914409756660461,0.40855899453163147
reflection_train,sub-05,38,0,0,1,0.47225913405418396,0.5277408957481384
reflection_train,sub-05,39,1,1,1,0.3728395402431488,0.6271604895591736
reflection_train,sub-06,0,3,0,1,0.3091379702091217,0.6908621191978455
reflection_train,sub-06,1,2,1,1,0.3612101972103119,0.6387898325920105
reflection_train,sub-06,2,2,0,0,0.5639942288398743,0.4360058009624481
reflection_train,sub-06,3,0,1,0,0.7162270545959473,0.28377294540405273
reflection_train,sub-06,4,2,0,0,0.5832329392433167,0.41676703095436096
reflection_train,sub-06,5,1,1,1,0.4306754171848297,0.5693245530128479
reflection_train,sub-06,6,2,0,1,0.24682427942752838,0.7531757354736328
reflection_train,sub-06,7,0,1,0,0.675408661365509,0.3245912790298462
reflection_train,sub-06,8,1,0,1,0.3477276563644409,0.6522723436355591
reflection_train,sub-06,9,3,1,1,0.27150437235832214,0.7284955978393555
reflection_train,sub-06,10,3,0,0,0.6161323189735413,0.38386771082878113
reflection_train,sub-06,11,0,1,1,0.4037022292613983,0.5962978005409241
reflection_train,sub-06,12,2,0,0,0.6548276543617249,0.34517237544059753
reflection_train,sub-06,13,0,1,0,0.5773668885231018,0.4226330816745758
reflection_train,sub-06,14,4,0,1,0.3752857446670532,0.6247143149375916
reflection_train,sub-06,15,1,1,1,0.22728712856769562,0.7727128863334656
reflection_train,sub-06,16,0,0,0,0.7823202013969421,0.21767984330654144
reflection_train,sub-06,17,2,1,0,0.5711517333984375,0.4288482666015625
reflection_train,sub-06,18,4,0,1,0.29956796765327454,0.7004320621490479
reflection_train,sub-06,19,3,1,0,0.7201128602027893,0.2798871099948883
reflection_train,sub-06,20,0,0,1,0.3741467297077179,0.6258533596992493
reflection_train,sub-06,21,2,1,0,0.6725900173187256,0.3274099826812744
reflection_train,sub-06,22,1,0,0,0.5467587113380432,0.4532412588596344
reflection_train,sub-06,23,1,1,0,0.8414621353149414,0.1585378646850586
reflection_train,sub-06,24,0,0,0,0.8004971146583557,0.1995028257369995
reflection_train,sub-06,25,4,1,1,0.22463317215442657,0.7753667831420898
reflection_train,sub-06,26,3,0,1,0.43937793374061584,0.5606220364570618
reflection_train,sub-06,27,3,1,1,0.31917431950569153,0.6808256506919861
reflection_train,sub-06,28,1,0,0,0.9708929657936096,0.02910698391497135
reflection_train,sub-06,29,3,1,0,0.5790403485298157,0.42095962166786194
reflection_train,sub-06,30,4,0,0,0.520950198173523,0.47904980182647705
reflection_train,sub-06,31,4,1,1,0.381583571434021,0.618416428565979
reflection_train,sub-06,32,4,0,1,0.49511611461639404,0.5048839449882507
reflection_train,sub-06,33,2,1,1,0.1575874239206314,0.8424124717712402
reflection_train,sub-06,34,3,0,1,0.34320518374443054,0.6567948460578918
reflection_train,sub-06,35,4,1,1,0.4593779146671295,0.5406220555305481
reflection_train,sub-06,36,1,0,0,0.6032392978668213,0.39676061272621155
reflection_train,sub-06,37,4,1,0,0.6411296129226685,0.35887041687965393
reflection_train,sub-06,38,0,0,0,0.6022201180458069,0.3977799117565155
reflection_train,sub-06,39,1,1,1,0.2811131775379181,0.7188868522644043
reflection_train,sub-07,0,3,0,0,0.5804502367973328,0.4195497930049896
reflection_train,sub-07,1,2,1,1,0.38055452704429626,0.6194455027580261
reflection_train,sub-07,2,2,0,1,0.24403490126132965,0.7559650540351868
reflection_train,sub-07,3,0,1,0,0.668157160282135,0.331842839717865
reflection_train,sub-07,4,2,0,1,0.48031124472618103,0.5196887850761414
reflection_train,sub-07,5,1,1,1,0.41753435134887695,0.582465648651123
reflection_train,sub-07,6,2,0,0,0.6436585783958435,0.3563414514064789
reflection_train,sub-07,7,0,1,0,0.686850368976593,0.3131496012210846
reflection_train,sub-07,8,1,0,1,0.45178720355033875,0.5482128262519836
reflection_train,sub-07,9,3,1,0,0.5568163394927979,0.44318366050720215
reflection_train,sub-07,10,3,0,0,0.8545690178871155,0.14543096721172333
reflection_train,sub-07,11,0,1,1,0.2662453055381775,0.7337546944618225
reflection_train,sub-07,12,2,0,0,0.6399878859519958,0.360012024641037
reflection_train,sub-07,13,0,1,1,0.24728381633758545,0.7527162432670593
reflection_train,sub-07,14,4,0,0,0.5408287048339844,0.45917126536369324
reflection_train,sub-07,15,1,1,1,0.35678887367248535,0.6432111263275146
reflection_train,sub-07,16,0,0,1,0.17667995393276215,0.8233200907707214
reflection_train,sub-07,17,2,1,1,0.3909616470336914,0.6090382933616638
reflection_train,sub-07,18,4,0,0,0.6251816749572754,0.3748183250427246
reflection_train,sub-07,19,3,1,1,0.21245808899402618,0.7875418663024902
reflection_train,sub-07,20,0,0,1,0.32098016142845154,0.6790199279785156
reflection_train,sub-07,21,2,1,1,0.4267033636569977,0.5732966661453247
reflection_train,sub-07,22,1,0,0,0.6133007407188416,0.38669922947883606
reflection_train,sub-07,23,1,1,1,0.3288412094116211,0.6711587905883789
reflection_train,sub-07,24,0,0,0,0.6737448573112488,0.3262552320957184
reflection_train,sub-07,25,4,1,0,0.7859538197517395,0.21404613554477692
reflection_train,sub-07,26,3,0,0,0.8786377906799316,0.12136220932006836
reflection_train,sub-07,27,3,1,1,0.32213687896728516,0.6778631210327148
reflection_train,sub-07,28,1,0,0,0.6420115828514099,0.3579884469509125
reflection_train,sub-07,29,3,1,1,0.4705006778240204,0.5294992923736572
reflection_train,sub-07,30,4,0,1,0.4734016954898834,0.5265983939170837
reflection_train,sub-07,31,4,1,1,0.37296533584594727,0.6270346641540527
reflection_train,sub-07,32,4,0,0,0.6710503101348877,0.3289497196674347
reflection_train,sub-07,33,2,1,0,0.6775161623954773,0.3224838376045227
reflection_train,sub-07,34,3,0,1,0.13260452449321747,0.8673954606056213
reflection_train,sub-07,35,4,1,0,0.5442977547645569,0.4557022154331207
reflection_train,sub-07,36,1,0,0,0.5103222131729126,0.489677757024765
reflection_train,sub-07,37,4,1,1,0.4244512617588043,0.5755487084388733
reflection_train,sub-07,38,0,0,0,0.7468265891075134,0.25317344069480896
reflection_train,sub-07,39,1,1,1,0.47789645195007324,0.5221035480499268
reflection_train,sub-08,0,3,0,1,0.304379940032959,0.695620059967041
reflection_train,sub-08,1,2,1,0,0.6453402638435364,0.35465967655181885
reflection_train,sub-08,2,2,0,1,0.3202822506427765,0.6797177195549011
reflection_train,sub-08,3,0,1,1,0.1936630755662918,0.8063368797302246
reflection_train,sub-08,4,2,0,0,0.6399771571159363,0.3600228726863861
reflection_train,sub-08,5,1,1,1,0.393021821975708,0.606978178024292
reflection_train,sub-08,6,2,0,1,0.3939991891384125,0.6060008406639099
reflection_train,sub-08,7,0,1,0,0.769382894039154,0.23061709105968475
reflection_train,sub-08,8,1,0,0,0.8887408375740051,0.11125915497541428
reflection_train,sub-08,9,3,1,0,0.7493112683296204,0.250688761472702
reflection_train,sub-08,10,3,0,1,0.4167620837688446,0.5832379460334778
reflection_train,sub-08,11,0,1,1,0.31501197814941406,0.6849880218505859
reflection_train,sub-08,12,2,0,0,0.7146517634391785,0.28534820675849915
reflection_train,sub-08,13,0,1,1,0.4239484369754791,0.5760515332221985
reflection_train,sub-08,14,4,0,1,0.18575632572174072,0.8142436146736145
reflection_train,sub-08,15,1,1,0,0.597052276134491,0.4029477536678314
reflection_train,sub-08,16,0,0,0,0.6558789610862732,0.3441210687160492
reflection_train,sub-08,17,2,1,1,0.31330230832099915,0.6866977214813232
reflection_train,sub-08,18,4,0,1,0.21786387264728546,0.7821361422538757
reflection_train,sub-08,19,3,1,1,0.32298779487609863,0.6770122051239014
reflection_train,sub-08,20,0,0,0,0.5715892314910889,0.42841076850891113
reflection_train,sub-08,21,2,1,1,0.4362979233264923,0.5637020468711853
reflection_train,sub-08,22,1,0,0,0.8392760753631592,0.16072393953800201
reflection_train,sub-08,23,1,1,0,0.5517157912254333,0.44828417897224426
reflection_train,sub-08,24,0,0,0,0.9223883152008057,0.07761166989803314
reflection_train,sub-08,25,4,1,1,0.16406869888305664,0.8359313011169434
reflection_train,sub-08,26,3,0,0,0.6864904761314392,0.31350958347320557
reflection_train,sub-08,27,3,1,0,0.6419855952262878,0.35801437497138977
reflection_train,sub-08,28,1,0,1,0.4588073194026947,0.5411927103996277
reflection_train,sub-08,29,3,1,0,0.8051548004150391,0.19484513998031616
reflection_train,sub-08,30,4,0,1,0.19328796863555908,0.8067120909690857
reflection_train,sub-08,31,4,1,0,0.5315062403678894,0.46849381923675537
reflection_train,sub-08,32,4,0,0,0.8975549340248108,0.10244502872228622
reflection_train,sub-08,33,2,1,1,0.3382553160190582,0.6617446541786194
reflection_train,sub-08,34,3,0,0,0.728396475315094,0.2716034948825836
reflection_train,sub-08,35,4,1,1,0.47037458419799805,0.5296254754066467
reflection_train,sub-08,36,1,0,0,0.7045978903770447,0.2954021692276001
reflection_train,sub-08,37,4,1,0,0.5346884727478027,0.46531152725219727
reflection_train,sub-08,38,0,0,1,0.27699020504951477,0.7230098247528076
reflection_train,sub-08,39,1,1,0,0.5315631031990051,0.4684368669986725
reflection_train,sub-09,0,3,0,0,0.5971541404724121,0.4028458595275879
reflection_train,sub-09,1,2,1,0,0.8891337513923645,0.11086619645357132
reflection_train,sub-09,2,2,0,1,0.4994933605194092,0.5005066394805908
reflection_train,sub-09,3,0,1,1,0.4141579866409302,0.5858420133590698
reflection_train,sub-09,4,2,0,1,0.2676142752170563,0.7323856949806213
reflection_train,sub-09,5,1,1,1,0.4017164707183838,0.5982835292816162
reflection_train,sub-09,6,2,0,1,0.15687532722949982,0.8431246876716614
reflection_train,sub-09,7,0,1,1,0.49770012497901917,0.5022998452186584
reflection_train,sub-09,8,1,0,1,0.2762290835380554,0.7237709164619446
reflection_train,sub-09,9,3,1,0,0.6022529006004333,0.3977471888065338
reflection_train,sub-09,10,3,0,0,0.5749163031578064,0.4250837564468384
reflection_train,sub-09,11,0,1,0,0.6047837138175964,0.39521634578704834
reflection_train,sub-09,12,2,0,0,0.7217305302619934,0.2782694399356842
reflection_train,sub-09,13,0,1,0,0.8964061737060547,0.10359376668930054
reflection_train,sub-09,14,4,0,1,0.19972233474254608,0.8002777099609375
reflection_train,sub-09,15,1,1,0,0.7511219382286072,0.24887806177139282
reflection_train,sub-09,16,0,0,1,0.30995795130729675,0.6900420188903809
reflection_train,sub-09,17,2,1,0,0.6283635497093201,0.3716365098953247
reflection_train,sub-09,18,4,0,1,0.21887965500354767,0.7811203598976135
reflection_train,sub-09,19,3,1,0,0.5372408032417297,0.4627591669559479
reflection_train,sub-09,20,0,0,1,0.36359652876853943,0.636403501033783
reflection_train,sub-09,21,2,1,1,0.21500319242477417,0.7849968075752258
reflection_train,sub-09,22,1,0,0,0.6512388586997986,0.3487612009048462
reflection_train,sub-09,23,1,1,0,0.7233754992485046,0.27662456035614014
reflection_train,sub-09,24,0,0,0,0.679162323474884,0.3208375871181488
reflection_train,sub-09,25,4,1,1,0.30532070994377136,0.694679319858551
reflection_train,sub-09,26,3,0,1,0.32337042689323425,0.6766295433044434
reflection_train,sub-09,27,3,1,1,0.3464026153087616,0.6535974144935608
reflection_train,sub-09,28,1,0,0,0.7126984000205994,0.28730159997940063
reflection_train,sub-09,29,3,1,1,0.45167526602745056,0.5483246445655823
reflection_train,sub-09,30,4,0,1,0.1639508754014969,0.8360490798950195
reflection_train,sub-09,31,4,1,1,0.4388023316860199,0.5611975789070129
reflection_train,sub-09,32,4,0,0,0.6953232288360596,0.30467674136161804
reflection_train,sub-09,33,2,1,0,0.5048606395721436,0.49513936042785645
reflection_train,sub-09,34,3,0,1,0.40108323097229004,0.5989168286323547
reflection_train,sub-09,35,4,1,0,0.6800729632377625,0.31992706656455994
reflection_train,sub-09,36,1,0,0,0.6500478386878967,0.3499521315097809
reflection_train,sub-09,37,4,1,1,0.3389723300933838,0.661027729511261
reflection_train,sub-09,38,0,0,1,0.1436866968870163,0.8563132882118225
reflection_train,sub-09,39,1,1,1,0.41193756461143494,0.5880624055862427
reflection_train,sub-10,0,3,0,0,0.8000919222831726,0.1999080628156662
reflection_train,sub-10,1,2,1,1,0.41752636432647705,0.5824735760688782
reflection_train,sub-10,2,2,0,0,0.73946613073349,0.2605338990688324
reflection_train,sub-10,3,0,1,1,0.4242818355560303,0.5757181644439697
reflection_train,sub-10,4,2,0,0,0.741250216960907,0.2587498128414154
reflection_train,sub-10,5,1,1,1,0.11361978203058243,0.8863802552223206
reflection_train,sub-10,6,2,0,1,0.37982574105262756,0.6201742887496948
reflection_train,sub-10,7,0,1,1,0.46893930435180664,0.5310606956481934
reflection_train,sub-10,8,1,0,0,0.659633457660675,0.34036651253700256
reflection_train,sub-10,9,3,1,0,0.5473220944404602,0.452677845954895
reflection_train,sub-10,10,3,0,0,0.7351403832435608,0.2648595869541168
reflection_train,sub-10,11,0,1,1,0.37790679931640625,0.6220932006835938
reflection_train,sub-10,12,2,0,1,0.21523220837116241,0.7847678065299988
reflection_train,sub-10,13,0,1,0,0.6632819175720215,0.3367180824279785
reflection_train,sub-10,14,4,0,0,0.6950476169586182,0.3049524128437042
reflection_train,sub-10,15,1,1,0,0.5319699645042419,0.46803006529808044
reflection_train,sub-10,16,0,0,0,0.518043041229248,0.48195695877075195
reflection_train,sub-10,17,2,1,1,0.34984835982322693,0.6501516699790955
reflection_train,sub-10,18,4,0,1,0.12998811900615692,0.8700119853019714
reflection_train,sub-10,19,3,1,1,0.4633295238018036,0.536670446395874
reflection_train,sub-10,20,0,0,0,0.761683464050293,0.23831655085086823
reflection_train,sub-10,21,2,1,1,0.39750850200653076,0.6024914383888245
reflection_train,sub-10,22,1,0,0,0.6963241696357727,0.3036758601665497
reflection_train,sub-10,23,1,1,1,0.21383433043956757,0.7861656546592712
reflection_train,sub-10,24,0,0,1,0.18071718513965607,0.8192827701568604
reflection_train,sub-10,25,4,1,0,0.7614426016807556,0.23855739831924438
reflection_train,sub-10,26,3,0,1,0.22638247907161713,0.7736175656318665
reflection_train,sub-10,27,3,1,0,0.5329012274742126,0.46709883213043213
reflection_train,sub-10,28,1,0,0,0.6012299656867981,0.3987700641155243
reflection_train,sub-10,29,3,1,0,0.6783432960510254,0.321656733751297
reflection_train,sub-10,30,4,0,0,0.9665701985359192,0.03342975676059723
reflection_train,sub-10,31,4,1,1,0.1304634064435959,0.8695366382598877
reflection_train,sub-10,32,4,0,0,0.5452426075935364,0.45475733280181885
reflection_train,sub-10,33,2,1,0,0.651493489742279,0.3485065698623657
reflection_train,sub-10,34,3,0,0,0.87021404504776,0.1297859400510788
reflection_train,sub-10,35,4,1,1,0.37033650279045105,0.6296635270118713
reflection_train,sub-10,36,1,0,1,0.4779793322086334,0.522020697593689
reflection_train,sub-10,37,4,1,1,0.3394969701766968,0.6605030298233032
reflection_train,sub-10,38,0,0,1,0.19908706843852997,0.8009129166603088
reflection_train,sub-10,39,1,1,1,0.2839632034301758,0.7160367965698242
reflection_train,sub-11,0,3,0,0,0.7371218800544739,0.26287809014320374
reflection_train,sub-11,1,2,1,0,0.8746781349182129,0.12532185018062592
reflection_train,sub-11,2,2,0,1,0.47917088866233826,0.5208291411399841
reflection_train,sub-11,3,0,1,1,0.446687251329422,0.5533127188682556
reflection_train,sub-11,4,2,0,0,0.7610601782798767,0.23893983662128448
reflection_train,sub-11,5,1,1,0,0.759669303894043,0.24033062160015106
reflection_train,sub-11,6,2,0,0,0.9118520617485046,0.08814794570207596
reflection_train,sub-11,7,0,1,1,0.26553893089294434,0.7344611287117004
reflection_train,sub-11,8,1,0,1,0.4113849699497223,0.5886150002479553
reflection_train,sub-11,9,3,1,1,0.3359656035900116,0.6640344262123108
reflection_train,sub-11,10,3,0,0,0.6922540664672852,0.30774596333503723
reflection_train,sub-11,11,0,1,1,0.3221237361431122,0.6778762340545654
reflection_train,sub-11,12,2,0,0,0.910195529460907,0.08980449289083481
reflection_train,sub-11,13,0,1,0,0.8495399951934814,0.15046001970767975
reflection_train,sub-11,14,4,0,1,0.062188852578401566,0.9378111362457275
reflection_train,sub-11,15,1,1,1,0.26003292202949524,0.7399671077728271
reflection_train,sub-11,16,0,0,0,0.8313202857971191,0.16867971420288086
reflection_train,sub-11,17,2,1,1,0.47595855593681335,0.5240414142608643
reflection_train,sub-11,18,4,0,0,0.6618639826774597,0.33813604712486267
reflection_train,sub-11,19,3,1,1,0.1686645895242691,0.8313354849815369
reflection_train,sub-11,20,0,0,0,0.8486762046813965,0.1513238400220871
reflection_train,sub-11,21,2,1,1,0.4290768802165985,0.5709231495857239
reflection_train,sub-11,22,1,0,0,0.6118100881576538,0.3881899118423462
reflection_train,sub-11,23,1,1,1,0.4073937237262726,0.5926063060760498
reflection_train,sub-11,24,0,0,0,0.710284411907196,0.28971564769744873
reflection_train,sub-11,25,4,1,1,0.18975813686847687,0.8102418780326843
reflection_train,sub-11,26,3,0,0,0.5584044456481934,0.44159552454948425
reflection_train,sub-11,27,3,1,0,0.6516059041023254,0.3483940362930298
reflection_train,sub-11,28,1,0,0,0.617964506149292,0.3820355236530304
reflection_train,sub-11,29,3,1,1,0.18878483772277832,0.8112151622772217
reflection_train,sub-11,30,4,0,0,0.5351988673210144,0.464801162481308
reflection_train,sub-11,31,4,1,0,0.5118977427482605,0.4881022870540619
reflection_train,sub-11,32,4,0,0,0.7394687533378601,0.2605312764644623
reflection_train,sub-11,33,2,1,0,0.6484372019767761,0.3515627384185791
reflection_train,sub-11,34,3,0,0,0.7522212862968445,0.2477787733078003
reflection_train,sub-11,35,4,1,1,0.12906117737293243,0.870938777923584
reflection_train,sub-11,36,1,0,0,0.8153887391090393,0.18461120128631592
reflection_train,sub-11,37,4,1,0,0.5350376963615417,0.464962363243103
reflection_train,sub-11,38,0,0,0,0.577703058719635,0.4222969114780426
reflection_train,sub-11,39,1,1,0,0.5897980332374573,0.41020193696022034
reflection_train,sub-12,0,3,0,0,0.8431832790374756,0.15681667625904083
reflection_train,sub-12,1,2,1,0,0.5265279412269592,0.4734720289707184
reflection_train,sub-12,2,2,0,1,0.42837369441986084,0.5716262459754944
reflection_train,sub-12,3,0,1,1,0.47599735856056213,0.5240026116371155
reflection_train,sub-12,4,2,0,1,0.48302432894706726,0.5169757008552551
reflection_train,sub-12,5,1,1,1,0.28989872336387634,0.710101306438446
reflection_train,sub-12,6,2,0,1,0.43376898765563965,0.5662310123443604
reflection_train,sub-12,7,0,1,0,0.861522912979126,0.13847704231739044
reflection_train,sub-12,8,1,0,0,0.8171398043632507,0.18286019563674927
reflection_train,sub-12,9,3,1,0,0.6024861931800842,0.39751383662223816
reflection_train,sub-12,10,3,0,1,0.37785401940345764,0.62214595079422
reflection_train,sub-12,11,0,1,0,0.5288403630256653,0.47115960717201233
reflection_train,sub-12,12,2,0,1,0.21083222329616547,0.7891678214073181
reflection_train,sub-12,13,0,1,0,0.8571855425834656,0.1428145170211792
reflection_train,sub-12,14,4,0,1,0.4529670774936676,0.54703289270401
reflection_train,sub-12,15,1,1,0,0.7683811783790588,0.2316187620162964
reflection_train,sub-12,16,0,0,1,0.43667516112327576,0.5633248686790466
reflection_train,sub-12,17,2,1,1,0.46161654591560364,0.538383424282074
reflection_train,sub-12,18,4,0,0,0.5556010603904724,0.44439896941185
reflection_train,sub-12,19,3,1,1,0.44453346729278564,0.5554664731025696
reflection_train,sub-12,20,0,0,1,0.19542145729064941,0.8045785427093506
reflection_train,sub-12,21,2,1,1,0.16787971556186676,0.8321202397346497
reflection_train,sub-12,22,1,0,0,0.5793110728263855,0.4206889569759369
reflection_train,sub-12,23,1,1,0,0.6141733527183533,0.3858266770839691
reflection_train,sub-12,24,0,0,1,0.4763263761997223,0.5236737132072449
reflection_train,sub-12,25,4,1,0,0.5670516490936279,0.4329483211040497
reflection_train,sub-12,26,3,0,0,0.5721950531005859,0.42780494689941406
reflection_train,sub-12,27,3,1,1,0.49798285961151123,0.5020171999931335
reflection_train,sub-12,28,1,0,0,0.8932819962501526,0.1067180261015892
reflection_train,sub-12,29,3,1,0,0.7161633372306824,0.28383669257164
reflection_train,sub-12,30,4,0,0,0.9289164543151855,0.07108354568481445
reflection_train,sub-12,31,4,1,1,0.39580783247947693,0.6041921973228455
reflection_train,sub-12,32,4,0,0,0.6064029335975647,0.3935970366001129
reflection_train,sub-12,33,2,1,1,0.25218120217323303,0.7478187680244446
reflection_train,sub-12,34,3,0,0,0.5160182118415833,0.48398175835609436
reflection_train,sub-12,35,4,1,1,0.37412914633750916,0.6258708238601685
reflection_train,sub-12,36,1,0,1,0.32386812567710876,0.6761319041252136
reflection_train,sub-12,37,4,1,0,0.5961464643478394,0.40385353565216064
reflection_train,sub-12,38,0,0,1,0.4467540681362152,0.5532458424568176
reflection_train,sub-12,39,1,1,0,0.6510480642318726,0.34895190596580505
reflection_train,sub-13,0,3,0,0,0.7752647399902344,0.22473521530628204
reflection_train,sub-13,1,2,1,1,0.4294886589050293,0.5705114006996155
reflection_train,sub-13,2,2,0,1,0.26852816343307495,0.7314717769622803
reflection_train,sub-13,3,0,1,0,0.949389636516571,0.050610363483428955
reflection_train,sub-13,4,2,0,1,0.49648550152778625,0.5035144686698914
reflection_train,sub-13,5,1,1,1,0.3608516454696655,0.6391484141349792
reflection_train,sub-13,6,2,0,0,0.7670831680297852,0.23291683197021484
reflection_train,sub-13,7,0,1,1,0.03130331262946129,0.968696653842926
reflection_train,sub-13,8,1,0,0,0.535472571849823,0.4645273685455322
reflection_train,sub-13,9,3,1,0,0.8066918849945068,0.19330811500549316
reflection_train,sub-13,10,3,0,0,0.6494340896606445,0.35056591033935547
reflection_train,sub-13,11,0,1,0,0.5552964806556702,0.44470345973968506
reflection_train,sub-13,12,2,0,0,0.536540687084198,0.4634593725204468
reflection_train,sub-13,13,0,1,1,0.292807012796402,0.7071929574012756
reflection_train,sub-13,14,4,0,1,0.10057906061410904,0.899420976638794
reflection_train,sub-13,15,1,1,1,0.24267219007015228,0.7573278546333313
reflection_train,sub-13,16,0,0,1,0.16566523909568787,0.8343347907066345
reflection_train,sub-13,17,2,1,1,0.15284238755702972,0.8471576571464539
reflection_train,sub-13,18,4,0,1,0.2952939569950104,0.7047060132026672
reflection_train,sub-13,19,3,1,0,0.5645164847373962,0.43548354506492615
reflection_train,sub-13,20,0,0,0,0.6519816517829895,0.3480182886123657
reflection_train,sub-13,21,2,1,1,0.023420868441462517,0.9765791893005371
reflection_train,sub-13,22,1,0,0,0.5929141044616699,0.4070858061313629
reflection_train,sub-13,23,1,1,1,0.2648630440235138,0.7351369857788086
reflection_train,sub-13,24,0,0,0,0.9437479972839355,0.056251998990774155
reflection_train,sub-13,25,4,1,1,0.09384074807167053,0.9061592221260071
reflection_train,sub-13,26,3,0,0,0.6014742255210876,0.39852583408355713
reflection_train,sub-13,27,3,1,0,0.5670036673545837,0.4329962730407715
reflection_train,sub-13,28,1,0,0,0.6817463040351868,0.31825366616249084
reflection_train,sub-13,29,3,1,0,0.5544882416725159,0.4455118179321289
reflection_train,sub-13,30,4,0,1,0.3870980441570282,0.6129019856452942
reflection_train,sub-13,31,4,1,1,0.306964248418808,0.6930357813835144
reflection_train,sub-13,32,4,0,0,0.7190196514129639,0.2809803783893585
reflection_train,sub-13,33,2,1,0,0.9056453108787537,0.09435472637414932
reflection_train,sub-13,34,3,0,1,0.3088206350803375,0.6911793351173401
reflection_train,sub-13,35,4,1,1,0.32695508003234863,0.6730449199676514
reflection_train,sub-13,36,1,0,0,0.5162017941474915,0.48379814624786377
reflection_train,sub-13,37,4,1,0,0.8405802845954895,0.15941962599754333
reflection_train,sub-13,38,0,0,0,0.5108718872070312,0.48912811279296875
reflection_train,sub-13,39,1,1,0,0.5010333061218262,0.49896666407585144
reflection_train,sub-14,0,3,0,1,0.27971822023391724,0.7202817797660828
reflection_train,sub-14,1,2,1,1,0.47694161534309387,0.5230583548545837
reflection_train,sub-14,2,2,0,0,0.8435388207435608,0.15646114945411682
reflection_train,sub-14,3,0,1,0,0.6317653059959412,0.36823466420173645
reflection_train,sub-14,4,2,0,1,0.38373860716819763,0.6162614226341248
reflection_train,sub-14,5,1,1,1,0.3854888379573822,0.6145111918449402
reflection_train,sub-14,6,2,0,1,0.30410876870155334,0.6958912014961243
reflection_train,sub-14,7,0,1,1,0.44733157753944397,0.5526683926582336
reflection_train,sub-14,8,1,0,1,0.3663274347782135,0.6336725950241089
reflection_train,sub-14,9,3,1,1,0.3214713931083679,0.6785286068916321
reflection_train,sub-14,10,3,0,0,0.590381920337677,0.4096181094646454
reflection_train,sub-14,11,0,1,0,0.5274049043655396,0.47259509563446045
reflection_train,sub-14,12,2,0,0,0.5441117286682129,0.4558883011341095
reflection_train,sub-14,13,0,1,0,0.6625040769577026,0.33749595284461975
reflection_train,sub-14,14,4,0,0,0.536733090877533,0.46326684951782227
reflection_train,sub-14,15,1,1,0,0.6688290238380432,0.3311708867549896
reflection_train,sub-14,16,0,0,1,0.25836214423179626,0.7416379451751709
reflection_train,sub-14,17,2,1,0,0.8352792263031006,0.16472072899341583
reflection_train,sub-14,18,4,0,0,0.7344436049461365,0.2655564248561859
reflection_train,sub-14,19,3,1,1,0.15954406559467316,0.840455949306488
reflection_train,sub-14,20,0,0,0,0.8576298356056213,0.14237016439437866
reflection_train,sub-14,21,2,1,1,0.22371608018875122,0.7762839198112488
reflection_train,sub-14,22,1,0,0,0.6344951391220093,0.3655048906803131
reflection_train,sub-14,23,1,1,1,0.25476425886154175,0.7452357411384583
reflection_train,sub-14,24,0,0,0,0.6359843015670776,0.36401569843292236
reflection_train,sub-14,25,4,1,0,0.6393182873725891,0.3606816828250885
reflection_train,sub-14,26,3,0,1,0.11494799703359604,0.8850520253181458
reflection_train,sub-14,27,3,1,0,0.5021993517875671,0.4978006184101105
reflection_train,sub-14,28,1,0,1,0.32842689752578735,0.6715731620788574
reflection_train,sub-14,29,3,1,1,0.43121063709259033,0.5687894225120544
reflection_train,sub-14,30,4,0,1,0.48849979043006897,0.5115001797676086
reflection_train,sub-14,31,4,1,1,0.38904130458831787,0.6109586358070374
reflection_train,sub-14,32,4,0,0,0.6274237632751465,0.3725762367248535
reflection_train,sub-14,33,2,1,0,0.7406074404716492,0.2593925893306732
reflection_train,sub-14,34,3,0,0,0.8846796154975891,0.1153203472495079
reflection_train,sub-14,35,4,1,0,0.7344596982002258,0.2655402719974518
reflection_train,sub-14,36,1,0,0,0.6113638281822205,0.38863620162010193
reflection_train,sub-14,37,4,1,0,0.5769720077514648,0.42302799224853516
reflection_train,sub-14,38,0,0,1,0.4779685437679291,0.5220314860343933
reflection_train,sub-14,39,1,1,0,0.6184139251708984,0.38158607482910156
reflection_train,sub-15,0,3,0,1,0.4014064371585846,0.598593533039093
reflection_train,sub-15,1,2,1,1,0.3685568869113922,0.6314430832862854
reflection_train,sub-15,2,2,0,1,0.3385472297668457,0.6614527702331543
reflection_train,sub-15,3,0,1,0,0.6272084712982178,0.3727915287017822
reflection_train,sub-15,4,2,0,0,0.6130877733230591,0.3869122266769409
reflection_train,sub-15,5,1,1,0,0.6310974955558777,0.3689025342464447
reflection_train,sub-15,6,2,0,1,0.4220897853374481,0.5779101848602295
reflection_train,sub-15,7,0,1,0,0.509800136089325,0.49019989371299744
reflection_train,sub-15,8,1,0,0,0.5720062851905823,0.42799365520477295
reflection_train,sub-15,9,3,1,1,0.29840344190597534,0.7015965580940247
reflection_train,sub-15,10,3,0,1,0.4758283197879791,0.5241716504096985
reflection_train,sub-15,11,0,1,0,0.5660246014595032,0.43397536873817444
reflection_train,sub-15,12,2,0,1,0.4595889151096344,0.5404110550880432
reflection_train,sub-15,13,0,1,0,0.7498833537101746,0.2501166760921478
reflection_train,sub-15,14,4,0,1,0.49642589688301086,0.5035740733146667
reflection_train,sub-15,15,1,1,1,0.33789291977882385,0.6621070504188538
reflection_train,sub-15,16,0,0,0,0.5219708681106567,0.4780291020870209
reflection_train,sub-15,17,2,1,1,0.49542251229286194,0.5045774579048157
reflection_train,sub-15,18,4,0,1,0.2685827910900116,0.731417179107666
reflection_train,sub-15,19,3,1,1,0.29386767745018005,0.7061323523521423
reflection_train,sub-15,20,0,0,0,0.6123837828636169,0.38761624693870544
reflection_train,sub-15,21,2,1,0,0.6589906811714172,0.3410092890262604
reflection_train,sub-15,22,1,0,0,0.5457295775413513,0.45427045226097107
reflection_train,sub-15,23,1,1,1,0.42687252163887024,0.5731275081634521
reflection_train,sub-15,24,0,0,0,0.5635940432548523,0.4364059865474701
reflection_train,sub-15,25,4,1,0,0.5352981686592102,0.4647018015384674
reflection_train,sub-15,26,3,0,1,0.4587693214416504,0.5412307381629944
reflection_train,sub-15,27,3,1,0,0.523145854473114,0.4768541753292084
reflection_train,sub-15,28,1,0,1,0.3252759277820587,0.6747241020202637
reflection_train,sub-15,29,3,1,0,0.6283924579620361,0.37160757184028625
reflection_train,sub-15,30,4,0,1,0.472435861825943,0.5275641083717346
reflection_train,sub-15,31,4,1,1,0.389125257730484,0.6108748316764832
reflection_train,sub-15,32,4,0,0,0.5227577686309814,0.47724223136901855
reflection_train,sub-15,33,2,1,0,0.5941728949546814,0.40582704544067383
reflection_train,sub-15,34,3,0,1,0.4187277853488922,0.5812721848487854
reflection_train,sub-15,35,4,1,0,0.5670890212059021,0.4329109489917755
reflection_train,sub-15,36,1,0,1,0.4091752767562866,0.5908247828483582
reflection_train,sub-15,37,4,1,0,0.5030932426452637,0.4969067871570587
reflection_train,sub-15,38,0,0,1,0.4971975088119507,0.5028025507926941
reflection_train,sub-15,39,1,1,1,0.38331344723701477,0.6166865825653076
reflection_train,sub-16,0,3,0,0,0.7237065434455872,0.27629348635673523
reflection_train,sub-16,1,2,1,0,0.5478144288063049,0.45218560099601746
reflection_train,sub-16,2,2,0,0,0.5833098888397217,0.4166901111602783
reflection_train,sub-16,3,0,1,0,0.515192449092865,0.48480749130249023
reflection_train,sub-16,4,2,0,0,0.8083934783935547,0.1916065216064453
reflection_train,sub-16,5,1,1,0,0.6413952708244324,0.35860475897789
reflection_train,sub-16,6,2,0,1,0.21235060691833496,0.787649393081665
reflection_train,sub-16,7,0,1,0,0.6173694729804993,0.38263049721717834
reflection_train,sub-16,8,1,0,0,0.912912130355835,0.08708790689706802
reflection_train,sub-16,9,3,1,1,0.43066883087158203,0.569331169128418
reflection_train,sub-16,10,3,0,0,0.6902133822441101,0.3097865879535675
reflection_train,sub-16,11,0,1,1,0.14826716482639313,0.8517327904701233
reflection_train,sub-16,12,2,0,0,0.5167587399482727,0.4832412302494049
reflection_train,sub-16,13,0,1,1,0.19533966481685638,0.8046603202819824
reflection_train,sub-16,14,4,0,0,0.7004035115242004,0.2995963990688324
reflection_train,sub-16,15,1,1,0,0.8699619174003601,0.1300380676984787
reflection_train,sub-16,16,0,0,0,0.6733327507972717,0.32666724920272827
reflection_train,sub-16,17,2,1,0,0.5528682470321655,0.4471317231655121
reflection_train,sub-16,18,4,0,1,0.21098656952381134,0.7890134453773499
reflection_train,sub-16,19,3,1,0,0.5424111485481262,0.45758888125419617
reflection_train,sub-16,20,0,0,0,0.6304351687431335,0.36956486105918884
reflection_train,sub-16,21,2,1,0,0.7141900062561035,0.28581008315086365
reflection_train,sub-16,22,1,0,0,0.8113735318183899,0.1886264532804489
reflection_train,sub-16,23,1,1,1,0.49163898825645447,0.5083610415458679
reflection_train,sub-16,24,0,0,1,0.1324191391468048,0.8675808906555176
reflection_train,sub-16,25,4,1,0,0.8575625419616699,0.14243744313716888
reflection_train,sub-16,26,3,0,0,0.9034057259559631,0.09659422188997269
reflection_train,sub-16,27,3,1,1,0.42727532982826233,0.5727246403694153
reflection_train,sub-16,28,1,0,0,0.9097216129302979,0.09027841687202454
reflection_train,sub-16,29,3,1,1,0.34165143966674805,0.658348560333252
reflection_train,sub-16,30,4,0,0,0.6371340155601501,0.36286601424217224
reflection_train,sub-16,31,4,1,1,0.06136317923665047,0.938636839389801
reflection_train,sub-16,32,4,0,0,0.9176297187805176,0.08237027376890182
reflection_train,sub-16,33,2,1,1,0.3273247182369232,0.6726753115653992
reflection_train,sub-16,34,3,0,0,0.7742457389831543,0.22575432062149048
reflection_train,sub-16,35,4,1,1,0.44806957244873047,0.5519303679466248
reflection_train,sub-16,36,1,0,0,0.9495602250099182,0.050439778715372086
reflection_train,sub-16,37,4,1,0,0.6373029351234436,0.362697035074234
reflection_train,sub-16,38,0,0,1,0.3869338929653168,0.6130661368370056
reflection_train,sub-16,39,1,1,0,0.6268596649169922,0.3731403350830078
reflection_train,sub-17,0,3,0,0,0.589535653591156,0.41046440601348877
reflection_train,sub-17,1,2,1,0,0.6208396553993225,0.3791603147983551
reflection_train,sub-17,2,2,0,0,0.56173175573349,0.43826818466186523
reflection_train,sub-17,3,0,1,1,0.3575979769229889,0.6424020528793335
reflection_train,sub-17,4,2,0,1,0.4205397665500641,0.5794601440429688
reflection_train,sub-17,5,1,1,0,0.7636876106262207,0.2363123893737793
reflection_train,sub-17,6,2,0,1,0.4086014926433563,0.5913985371589661
reflection_train,sub-17,7,0,1,1,0.1856565624475479,0.8143434524536133
reflection_train,sub-17,8,1,0,0,0.8130455613136292,0.18695437908172607
reflection_train,sub-17,9,3,1,1,0.47776660323143005,0.5222334265708923
reflection_train,sub-17,10,3,0,1,0.4626823663711548,0.5373175740242004
reflection_train,sub-17,11,0,1,0,0.7070450782775879,0.2929550111293793
reflection_train,sub-17,12,2,0,0,0.651730477809906,0.3482695519924164
reflection_train,sub-17,13,0,1,0,0.6999282240867615,0.3000718057155609
reflection_train,sub-17,14,4,0,0,0.7531340718269348,0.24686592817306519
reflection_train,sub-17,15,1,1,1,0.40462198853492737,0.5953779816627502
reflection_train,sub-17,16,0,0,1,0.3754675090312958,0.6245324611663818
reflection_train,sub-17,17,2,1,0,0.5494347810745239,0.4505652189254761
reflection_train,sub-17,18,4,0,0,0.5989184975624084,0.40108147263526917
reflection_train,sub-17,19,3,1,1,0.40834155678749084,0.5916584134101868
reflection_train,sub-17,20,0,0,0,0.621579110622406,0.37842094898223877
reflection_train,sub-17,21,2,1,0,0.6254673600196838,0.3745326101779938
reflection_train,sub-17,22,1,0,1,0.49399566650390625,0.5060043931007385
reflection_train,sub-17,23,1,1,1,0.3926926851272583,0.6073073744773865
reflection_train,sub-17,24,0,0,1,0.19806121289730072,0.8019387125968933
reflection_train,sub-17,25,4,1,1,0.4735817015171051,0.5264182686805725
reflection_train,sub-17,26,3,0,1,0.16367723047733307,0.8363227844238281
reflection_train,sub-17,27,3,1,1,0.42104580998420715,0.5789541006088257
reflection_train,sub-17,28,1,0,0,0.5433055758476257,0.4566943645477295
reflection_train,sub-17,29,3,1,0,0.7756698727607727,0.2243300825357437
reflection_train,sub-17,30,4,0,0,0.537537157535553,0.46246275305747986
reflection_train,sub-17,31,4,1,0,0.8248720765113831,0.17512786388397217
reflection_train,sub-17,32,4,0,0,0.8544037342071533,0.14559626579284668
reflection_train,sub-17,33,2,1,1,0.36110734939575195,0.638892650604248
reflection_train,sub-17,34,3,0,1,0.4276186525821686,0.572381317615509
reflection_train,sub-17,35,4,1,0,0.5990768074989319,0.4009231626987457
reflection_train,sub-17,36,1,0,1,0.2885402739048004,0.7114596962928772
reflection_train,sub-17,37,4,1,0,0.8389766216278076,0.1610233634710312
reflection_train,sub-17,38,0,0,0,0.8518446087837219,0.1481553465127945
reflection_train,sub-17,39,1,1,1,0.36007046699523926,0.639929473400116
reflection_train,sub-18,0,3,0,0,0.7246975302696228,0.2753024697303772
reflection_train,sub-18,1,2,1,1,0.0768028125166893,0.9231972098350525
reflection_train,sub-18,2,2,0,0,0.638083279132843,0.3619166910648346
reflection_train,sub-18,3,0,1,1,0.11485433578491211,0.8851456642150879
reflection_train,sub-18,4,2,0,0,0.8509378433227539,0.1490621715784073
reflection_train,sub-18,5,1,1,1,0.1283137947320938,0.8716862201690674
reflection_train,sub-18,6,2,0,0,0.9902879595756531,0.009712099097669125
reflection_train,sub-18,7,0,1,1,0.2112041711807251,0.7887957692146301
reflection_train,sub-18,8,1,0,0,0.8855153918266296,0.11448466777801514
reflection_train,sub-18,9,3,1,1,0.24022376537322998,0.7597762942314148
reflection_train,sub-18,10,3,0,1,0.3575077950954437,0.6424922347068787
reflection_train,sub-18,11,0,1,0,0.6731416583061218,0.32685843110084534
reflection_train,sub-18,12,2,0,0,0.9289975166320801,0.07100243121385574
reflection_train,sub-18,13,0,1,1,0.34592798352241516,0.6540719866752625
reflection_train,sub-18,14,4,0,0,0.8969407677650452,0.10305925458669662
reflection_train,sub-18,15,1,1,0,0.6042337417602539,0.3957662582397461
reflection_train,sub-18,16,0,0,1,0.4432704448699951,0.5567295551300049
reflection_train,sub-18,17,2,1,0,0.6412361860275269,0.35876381397247314
reflection_train,sub-18,18,4,0,0,0.7952979207038879,0.2047019749879837
reflection_train,sub-18,19,3,1,1,0.4846702516078949,0.5153297781944275
reflection_train,sub-18,20,0,0,0,0.9848231673240662,0.015176891349256039
reflection_train,sub-18,21,2,1,1,0.21698816120624542,0.7830118536949158
reflection_train,sub-18,22,1,0,0,0.8201653957366943,0.17983458936214447
reflection_train,sub-18,23,1,1,1,0.35295557975769043,0.6470444798469543
reflection_train,sub-18,24,0,0,0,0.7463523745536804,0.2536476254463196
reflection_train,sub-18,25,4,1,1,0.4433283805847168,0.556671679019928
reflection_train,sub-18,26,3,0,0,0.9366015791893005,0.06339848786592484
reflection_train,sub-18,27,3,1,1,0.0571216344833374,0.9428783059120178
reflection_train,sub-18,28,1,0,0,0.8564141392707825,0.14358584582805634
reflection_train,sub-18,29,3,1,0,0.7504938244819641,0.2495061308145523
reflection_train,sub-18,30,4,0,0,0.5854575037956238,0.4145425260066986
reflection_train,sub-18,31,4,1,1,0.3831247091293335,0.6168752312660217
reflection_train,sub-18,32,4,0,0,0.761437714099884,0.23856230080127716
reflection_train,sub-18,33,2,1,1,0.04554086923599243,0.9544591307640076
reflection_train,sub-18,34,3,0,0,0.6134114265441895,0.38658857345581055
reflection_train,sub-18,35,4,1,1,0.05721511319279671,0.94278484582901
reflection_train,sub-18,36,1,0,0,0.6075603365898132,0.39243972301483154
reflection_train,sub-18,37,4,1,1,0.4379863440990448,0.5620136260986328
reflection_train,sub-18,38,0,0,1,0.4615743160247803,0.5384256839752197
reflection_train,sub-18,39,1,1,1,0.10360243171453476,0.896397590637207
reflection_train,sub-19,0,3,0,1,0.381375789642334,0.618624210357666
reflection_train,sub-19,1,2,1,0,0.597524106502533,0.40247592329978943
reflection_train,sub-19,2,2,0,0,0.7156524658203125,0.2843475341796875
reflection_train,sub-19,3,0,1,0,0.6171023845672607,0.38289761543273926
reflection_train,sub-19,4,2,0,0,0.5815439820289612,0.4184560477733612
reflection_train,sub-19,5,1,1,1,0.46081650257110596,0.5391835570335388
reflection_train,sub-19,6,2,0,0,0.5018691420555115,0.4981308877468109
reflection_train,sub-19,7,0,1,0,0.6089413166046143,0.39105868339538574
reflection_train,sub-19,8,1,0,1,0.3545416295528412,0.6454584002494812
reflection_train,sub-19,9,3,1,1,0.38803887367248535,0.6119611263275146
reflection_train,sub-19,10,3,0,0,0.7344562411308289,0.26554375886917114
reflection_train,sub-19,11,0,1,0,0.5131887793540955,0.48681119084358215
reflection_train,sub-19,12,2,0,1,0.2250380665063858,0.7749619483947754
reflection_train,sub-19,13,0,1,1,0.3355675935745239,0.6644323468208313
reflection_train,sub-19,14,4,0,1,0.14652152359485626,0.8534784317016602
reflection_train,sub-19,15,1,1,1,0.20744067430496216,0.7925593852996826
reflection_train,sub-19,16,0,0,0,0.6386969089508057,0.36130309104919434
reflection_train,sub-19,17,2,1,0,0.6671173572540283,0.3328826129436493
reflection_train,sub-19,18,4,0,0,0.8170792460441589,0.18292081356048584
reflection_train,sub-19,19,3,1,0,0.6632614135742188,0.33673861622810364
reflection_train,sub-19,20,0,0,1,0.14798147976398468,0.8520185947418213
reflection_train,sub-19,21,2,1,0,0.6516785621643066,0.3483215272426605
reflection_train,sub-19,22,1,0,1,0.2923926115036011,0.7076073288917542
reflection_train,sub-19,23,1,1,1,0.34640827775001526,0.6535916924476624
reflection_train,sub-19,24,0,0,0,0.9389119148254395,0.061088066548109055
reflection_train,sub-19,25,4,1,0,0.8943513035774231,0.10564873367547989
reflection_train,sub-19,26,3,0,1,0.17999416589736938,0.8200058341026306
reflection_train,sub-19,27,3,1,0,0.7750284075737,0.22497165203094482
reflection_train,sub-19,28,1,0,1,0.2030588835477829,0.7969411015510559
reflection_train,sub-19,29,3,1,0,0.5804533958435059,0.41954663395881653
reflection_train,sub-19,30,4,0,1,0.4437946081161499,0.5562054514884949
reflection_train,sub-19,31,4,1,1,0.35471439361572266,0.6452856063842773
reflection_train,sub-19,32,4,0,0,0.9067509174346924,0.09324910491704941
reflection_train,sub-19,33,2,1,0,0.5152492523193359,0.4847507178783417
reflection_train,sub-19,34,3,0,1,0.28758442401885986,0.7124156355857849
reflection_train,sub-19,35,4,1,1,0.4868100583553314,0.513189971446991
reflection_train,sub-19,36,1,0,0,0.5360217690467834,0.46397826075553894
reflection_train,sub-19,37,4,1,1,0.3396897315979004,0.6603102087974548
reflection_train,sub-19,38,0,0,0,0.6895138621330261,0.31048619747161865
reflection_train,sub-19,39,1,1,1,0.21355074644088745,0.7864492535591125
reflection_train,sub-20,0,3,0,0,0.6433860063552856,0.35661399364471436
reflection_train,sub-20,1,2,1,0,0.656609058380127,0.34339094161987305
reflection_train,sub-20,2,2,0,0,0.7861523628234863,0.2138475626707077
reflection_train,sub-20,3,0,1,0,0.6320781111717224,0.36792194843292236
reflection_train,sub-20,4,2,0,0,0.7473285794258118,0.25267139077186584
reflection_train,sub-20,5,1,1,0,0.5256533026695251,0.47434672713279724
reflection_train,sub-20,6,2,0,0,0.7874543070793152,0.21254567801952362
reflection_train,sub-20,7,0,1,1,0.3787175118923187,0.6212825179100037
reflection_train,sub-20,8,1,0,0,0.933021605014801,0.06697831302881241
reflection_train,sub-20,9,3,1,1,0.09463623911142349,0.9053637385368347
reflection_train,sub-20,10,3,0,0,0.7633223533630371,0.23667770624160767
reflection_train,sub-20,11,0,1,0,0.7638201713562012,0.2361798733472824
reflection_train,sub-20,12,2,0,0,0.887876033782959,0.11212396621704102
reflection_train,sub-20,13,0,1,1,0.23643016815185547,0.7635698318481445
reflection_train,sub-20,14,4,0,0,0.6479206085205078,0.3520793914794922
reflection_train,sub-20,15,1,1,1,0.2143009454011917,0.7856990694999695
reflection_train,sub-20,16,0,0,1,0.34643444418907166,0.6535655856132507
reflection_train,sub-20,17,2,1,0,0.5282660126686096,0.47173404693603516
reflection_train,sub-20,18,4,0,1,0.28416433930397034,0.7158355712890625
reflection_train,sub-20,19,3,1,1,0.3907577097415924,0.6092422604560852
reflection_train,sub-20,20,0,0,0,0.7420740127563477,0.25792601704597473
reflection_train,sub-20,21,2,1,1,0.34201422333717346,0.6579858064651489
reflection_train,sub-20,22,1,0,1,0.49237027764320374,0.5076296925544739
reflection_train,sub-20,23,1,1,1,0.32745763659477234,0.67254239320755
reflection_train,sub-20,24,0,0,1,0.3550499379634857,0.6449500918388367
reflection_train,sub-20,25,4,1,1,0.3220825791358948,0.6779174208641052
reflection_train,sub-20,26,3,0,0,0.724245011806488,0.27575504779815674
reflection_train,sub-20,27,3,1,0,0.5106261372566223,0.4893738329410553
reflection_train,sub-20,28,1,0,1,0.4563627243041992,0.543637216091156
reflection_train,sub-20,29,3,1,0,0.7202123999595642,0.2797876000404358
reflection_train,sub-20,30,4,0,0,0.8087868690490723,0.1912131905555725
reflection_train,sub-20,31,4,1,0,0.7641377449035645,0.23586219549179077
reflection_train,sub-20,32,4,0,0,0.7420429587364197,0.25795701146125793
reflection_train,sub-20,33,2,1,1,0.44698333740234375,0.5530166625976562
reflection_train,sub-20,34,3,0,1,0.4426002502441406,0.5573998093605042
reflection_train,sub-20,35,4,1,0,0.5094375014305115,0.4905625283718109
reflection_train,sub-20,36,1,0,0,0.6509041786193848,0.34909582138061523
reflection_train,sub-20,37,4,1,0,0.770366370677948,0.22963368892669678
reflection_train,sub-20,38,0,0,0,0.8258240222930908,0.17417597770690918
reflection_train,sub-20,39,1,1,1,0.3791116178035736,0.6208882927894592
reflection_train,sub-21,0,3,0,1,0.4225447177886963,0.5774552226066589
reflection_train,sub-21,1,2,1,0,0.7023445963859558,0.2976554334163666
reflection_train,sub-21,2,2,0,0,0.5851689577102661,0.4148310124874115
reflection_train,sub-21,3,0,1,1,0.3873363733291626,0.6126636862754822
reflection_train,sub-21,4,2,0,0,0.677339494228363,0.32266053557395935
reflection_train,sub-21,5,1,1,0,0.7591385841369629,0.2408614158630371
reflection_train,sub-21,6,2,0,0,0.6169984936714172,0.3830014765262604
reflection_train,sub-21,7,0,1,0,0.5336789488792419,0.46632108092308044
reflection_train,sub-21,8,1,0,1,0.27436813712120056,0.7256317734718323
reflection_train,sub-21,9,3,1,0,0.5047832131385803,0.49521681666374207
reflection_train,sub-21,10,3,0,0,0.5253306031227112,0.47466936707496643
reflection_train,sub-21,11,0,1,0,0.5872942209243774,0.41270574927330017
reflection_train,sub-21,12,2,0,1,0.4773319959640503,0.5226679444313049
reflection_train,sub-21,13,0,1,1,0.2520151436328888,0.7479848265647888
reflection_train,sub-21,14,4,0,0,0.6843939423561096,0.3156059980392456
reflection_train,sub-21,15,1,1,1,0.3439449369907379,0.6560550332069397
reflection_train,sub-21,16,0,0,1,0.23736369609832764,0.7626362442970276
reflection_train,sub-21,17,2,1,0,0.6044927835464478,0.3955073058605194
reflection_train,sub-21,18,4,0,1,0.47659096121788025,0.5234091281890869
reflection_train,sub-21,19,3,1,0,0.6691222190856934,0.33087775111198425
reflection_train,sub-21,20,0,0,0,0.560147225856781,0.4398528039455414
reflection_train,sub-21,21,2,1,0,0.7252723574638367,0.27472761273384094
reflection_train,sub-21,22,1,0,1,0.34789860248565674,0.6521013379096985
reflection_train,sub-21,23,1,1,1,0.4821135997772217,0.5178864598274231
reflection_train,sub-21,24,0,0,1,0.410549521446228,0.5894504189491272
reflection_train,sub-21,25,4,1,0,0.5597834587097168,0.4402165412902832
reflection_train,sub-21,26,3,0,0,0.5101756453514099,0.4898243248462677
reflection_train,sub-21,27,3,1,1,0.3279978632926941,0.6720021367073059
reflection_train,sub-21,28,1,0,1,0.23669403791427612,0.7633059620857239
reflection_train,sub-21,29,3,1,0,0.5440614819526672,0.4559384882450104
reflection_train,sub-21,30,4,0,1,0.3041878640651703,0.6958122253417969
reflection_train,sub-21,31,4,1,0,0.7203039526939392,0.2796960473060608
reflection_train,sub-21,32,4,0,1,0.42611488699913025,0.5738851428031921
reflection_train,sub-21,33,2,1,1,0.3365797996520996,0.6634202599525452
reflection_train,sub-21,34,3,0,0,0.7087135910987854,0.2912863492965698
reflection_train,sub-21,35,4,1,0,0.5228412747383118,0.47715866565704346
reflection_train,sub-21,36,1,0,1,0.264264851808548,0.7357351779937744
reflection_train,sub-21,37,4,1,1,0.37669941782951355,0.6233006119728088
reflection_train,sub-21,38,0,0,1,0.4012303352355957,0.5987696647644043
reflection_train,sub-21,39,1,1,1,0.2247104048728943,0.7752895355224609
reflection_train,sub-22,0,3,0,1,0.4830683469772339,0.5169316530227661
reflection_train,sub-22,1,2,1,1,0.46390461921691895,0.536095380783081
reflection_train,sub-22,2,2,0,0,0.7278637886047363,0.27213621139526367
reflection_train,sub-22,3,0,1,0,0.8198726773262024,0.1801273375749588
reflection_train,sub-22,4,2,0,1,0.16235138475894928,0.8376486301422119
reflection_train,sub-22,5,1,1,1,0.49655452370643616,0.5034454464912415
reflection_train,sub-22,6,2,0,1,0.4487151801586151,0.5512848496437073
reflection_train,sub-22,7,0,1,1,0.07644796371459961,0.9235520362854004
reflection_train,sub-22,8,1,0,0,0.9188483357429504,0.08115164190530777
reflection_train,sub-22,9,3,1,1,0.3794790804386139,0.6205208897590637
reflection_train,sub-22,10,3,0,1,0.11713077872991562,0.8828692436218262
reflection_train,sub-22,11,0,1,0,0.5004486441612244,0.499551385641098
reflection_train,sub-22,12,2,0,1,0.44487646222114563,0.555123507976532
reflection_train,sub-22,13,0,1,0,0.6537138223648071,0.34628617763519287
reflection_train,sub-22,14,4,0,0,0.5341821312904358,0.4658178389072418
reflection_train,sub-22,15,1,1,0,0.7927151322364807,0.2072848230600357
reflection_train,sub-22,16,0,0,0,0.6868122220039368,0.3131878077983856
reflection_train,sub-22,17,2,1,1,0.31853166222572327,0.6814683079719543
reflection_train,sub-22,18,4,0,0,0.5171026587486267,0.4828973710536957
reflection_train,sub-22,19,3,1,1,0.2862403094768524,0.71375972032547
reflection_train,sub-22,20,0,0,0,0.7968740463256836,0.20312590897083282
reflection_train,sub-22,21,2,1,1,0.4807911813259125,0.5192088484764099
reflection_train,sub-22,22,1,0,1,0.2780211567878723,0.7219788432121277
reflection_train,sub-22,23,1,1,1,0.3183397948741913,0.6816602349281311
reflection_train,sub-22,24,0,0,0,0.5320528745651245,0.4679471254348755
reflection_train,sub-22,25,4,1,1,0.3472793996334076,0.6527206301689148
reflection_train,sub-22,26,3,0,0,0.7522639632225037,0.24773608148097992
reflection_train,sub-22,27,3,1,1,0.21836590766906738,0.7816340923309326
reflection_train,sub-22,28,1,0,0,0.8061577677726746,0.19384227693080902
reflection_train,sub-22,29,3,1,1,0.2180410772562027,0.7819588780403137
reflection_train,sub-22,30,4,0,0,0.8163390159606934,0.18366092443466187
reflection_train,sub-22,31,4,1,1,0.1653716266155243,0.8346283435821533
reflection_train,sub-22,32,4,0,0,0.8623059391975403,0.1376940757036209
reflection_train,sub-22,33,2,1,1,0.11636477708816528,0.8836352229118347
reflection_train,sub-22,34,3,0,0,0.7278407216072083,0.27215924859046936
reflection_train,sub-22,35,4,1,1,0.43266168236732483,0.5673382878303528
reflection_train,sub-22,36,1,0,0,0.7873812317848206,0.21261872351169586
reflection_train,sub-22,37,4,1,0,0.5594096779823303,0.4405902922153473
reflection_train,sub-22,38,0,0,0,0.9359204769134521,0.06407951563596725
reflection_train,sub-22,39,1,1,0,0.6840286254882812,0.31597140431404114
reflection_train,sub-23,0,3,0,1,0.008201046846807003,0.9917989373207092
reflection_train,sub-23,1,2,1,1,0.4149620234966278,0.5850380063056946
reflection_train,sub-23,2,2,0,1,0.31197407841682434,0.688025951385498
reflection_train,sub-23,3,0,1,0,0.7847328186035156,0.2152671366930008
reflection_train,sub-23,4,2,0,1,0.3885364234447479,0.6114635467529297
reflection_train,sub-23,5,1,1,1,0.2250225692987442,0.7749773859977722
reflection_train,sub-23,6,2,0,0,0.8151347637176514,0.18486528098583221
reflection_train,sub-23,7,0,1,1,0.2131355255842209,0.7868645191192627
reflection_train,sub-23,8,1,0,1,0.49908387660980225,0.5009161233901978
reflection_train,sub-23,9,3,1,1,0.01874394901096821,0.9812560677528381
reflection_train,sub-23,10,3,0,0,0.5947324633598328,0.40526750683784485
reflection_train,sub-23,11,0,1,1,0.3352632522583008,0.6647366881370544
reflection_train,sub-23,12,2,0,0,0.8527765870094299,0.1472233384847641
reflection_train,sub-23,13,0,1,1,0.10631554573774338,0.893684446811676
reflection_train,sub-23,14,4,0,0,0.5193290114402771,0.4806709587574005
reflection_train,sub-23,15,1,1,1,0.04516707733273506,0.9548328518867493
reflection_train,sub-23,16,0,0,1,0.1377863734960556,0.8622136116027832
reflection_train,sub-23,17,2,1,1,0.06064218282699585,0.9393578171730042
reflection_train,sub-23,18,4,0,1,0.4184713661670685,0.5815286040306091
reflection_train,sub-23,19,3,1,1,0.09403946995735168,0.9059605002403259
reflection_train,sub-23,20,0,0,0,0.9580206871032715,0.04197937250137329
reflection_train,sub-23,21,2,1,1,0.1458478420972824,0.8541521430015564
reflection_train,sub-23,22,1,0,0,0.6484684944152832,0.3515315055847168
reflection_train,sub-23,23,1,1,0,0.6207437515258789,0.3792562782764435
reflection_train,sub-23,24,0,0,0,0.8833774924278259,0.11662250012159348
reflection_train,sub-23,25,4,1,1,0.09341683238744736,0.9065831303596497
reflection_train,sub-23,26,3,0,1,0.19756269454956055,0.8024373054504395
reflection_train,sub-23,27,3,1,1,0.1388178914785385,0.8611822128295898
reflection_train,sub-23,28,1,0,0,0.7013037204742432,0.2986963093280792
reflection_train,sub-23,29,3,1,0,0.7711585164070129,0.22884149849414825
reflection_train,sub-23,30,4,0,0,0.8673233985900879,0.13267658650875092
reflection_train,sub-23,31,4,1,0,0.7770413756370544,0.22295862436294556
reflection_train,sub-23,32,4,0,0,0.926459789276123,0.07354020327329636
reflection_train,sub-23,33,2,1,1,0.23794673383235931,0.7620533108711243
reflection_train,sub-23,34,3,0,0,0.7718908190727234,0.22810916602611542
reflection_train,sub-23,35,4,1,1,0.4678598940372467,0.5321400761604309
reflection_train,sub-23,36,1,0,0,0.9003803133964539,0.09961965680122375
reflection_train,sub-23,37,4,1,1,0.33061012625694275,0.6693899035453796
reflection_train,sub-23,38,0,0,1,0.3296060264110565,0.6703939437866211
reflection_train,sub-23,39,1,1,1,0.0819978192448616,0.918002188205719
reflection_train,sub-24,0,3,0,1,0.3144271671772003,0.6855728030204773
reflection_train,sub-24,1,2,1,1,0.4896729290485382,0.5103271007537842
reflection_train,sub-24,2,2,0,0,0.8765370845794678,0.12346290796995163
reflection_train,sub-24,3,0,1,0,0.7776824831962585,0.22231753170490265
reflection_train,sub-24,4,2,0,1,0.3474849462509155,0.6525150537490845
reflection_train,sub-24,5,1,1,1,0.41355523467063904,0.5864447355270386
reflection_train,sub-24,6,2,0,0,0.6569157242774963,0.34308433532714844
reflection_train,sub-24,7,0,1,0,0.7297418713569641,0.2702581584453583
reflection_train,sub-24,8,1,0,1,0.31934449076652527,0.6806554794311523
reflection_train,sub-24,9,3,1,1,0.3652944564819336,0.6347056031227112
reflection_train,sub-24,10,3,0,0,0.59120112657547,0.40879884362220764
reflection_train,sub-24,11,0,1,1,0.3290417790412903,0.6709582209587097
reflection_train,sub-24,12,2,0,1,0.1905091255903244,0.8094908595085144
reflection_train,sub-24,13,0,1,1,0.4292137324810028,0.5707862377166748
reflection_train,sub-24,14,4,0,1,0.3511221706867218,0.6488777995109558
reflection_train,sub-24,15,1,1,1,0.24225415289402008,0.7577459216117859
reflection_train,sub-24,16,0,0,0,0.5381401777267456,0.4618598520755768
reflection_train,sub-24,17,2,1,1,0.4797358512878418,0.5202641487121582
reflection_train,sub-24,18,4,0,0,0.6719813942909241,0.32801854610443115
reflection_train,sub-24,19,3,1,1,0.30036476254463196,0.6996352076530457
reflection_train,sub-24,20,0,0,1,0.13625477254390717,0.8637452125549316
reflection_train,sub-24,21,2,1,1,0.19193416833877563,0.8080658316612244
reflection_train,sub-24,22,1,0,0,0.510231077671051,0.4897688925266266
reflection_train,sub-24,23,1,1,0,0.7981281280517578,0.20187191665172577
reflection_train,sub-24,24,0,0,0,0.7679558396339417,0.23204416036605835
reflection_train,sub-24,25,4,1,1,0.48506656289100647,0.5149334073066711
reflection_train,sub-24,26,3,0,1,0.3406376838684082,0.659362256526947
reflection_train,sub-24,27,3,1,1,0.0453876368701458,0.9546123147010803
reflection_train,sub-24,28,1,0,0,0.5961156487464905,0.4038843810558319
reflection_train,sub-24,29,3,1,0,0.6419614553451538,0.3580385446548462
reflection_train,sub-24,30,4,0,0,0.8293411731719971,0.17065884172916412
reflection_train,sub-24,31,4,1,1,0.34859761595726013,0.6514024138450623
reflection_train,sub-24,32,4,0,0,0.8209443092346191,0.17905569076538086
reflection_train,sub-24,33,2,1,1,0.28634434938430786,0.7136556506156921
reflection_train,sub-24,34,3,0,1,0.4961591064929962,0.5038408637046814
reflection_train,sub-24,35,4,1,0,0.8361332416534424,0.16386675834655762
reflection_train,sub-24,36,1,0,1,0.372516006231308,0.6274840235710144
reflection_train,sub-24,37,4,1,0,0.6349530816078186,0.3650468587875366
reflection_train,sub-24,38,0,0,1,0.2805182933807373,0.7194817066192627
reflection_train,sub-24,39,1,1,1,0.25530731678009033,0.7446926236152649
reflection_train,sub-25,0,3,0,1,0.37942811846733093,0.6205719113349915
reflection_train,sub-25,1,2,1,0,0.593450129032135,0.4065498411655426
reflection_train,sub-25,2,2,0,0,0.7773409485816956,0.22265903651714325
reflection_train,sub-25,3,0,1,0,0.8979272246360779,0.10207272320985794
reflection_train,sub-25,4,2,0,1,0.41318368911743164,0.5868163108825684
reflection_train,sub-25,5,1,1,1,0.40317583084106445,0.5968242287635803
reflection_train,sub-25,6,2,0,0,0.5346810221672058,0.4653189182281494
reflection_train,sub-25,7,0,1,1,0.42963138222694397,0.5703685879707336
reflection_train,sub-25,8,1,0,0,0.7630949020385742,0.23690515756607056
reflection_train,sub-25,9,3,1,1,0.12601836025714874,0.8739816546440125
reflection_train,sub-25,10,3,0,1,0.25445348024368286,0.7455465197563171
reflection_train,sub-25,11,0,1,0,0.7939532399177551,0.20604680478572845
reflection_train,sub-25,12,2,0,1,0.24155955016613007,0.7584404945373535
reflection_train,sub-25,13,0,1,1,0.22125296294689178,0.778747022151947
reflection_train,sub-25,14,4,0,0,0.6514096260070801,0.3485903739929199
reflection_train,sub-25,15,1,1,0,0.5543498992919922,0.4456500709056854
reflection_train,sub-25,16,0,0,0,0.6767308115959167,0.32326921820640564
reflection_train,sub-25,17,2,1,0,0.5728456377983093,0.42715439200401306
reflection_train,sub-25,18,4,0,0,0.5215422511100769,0.4784577190876007
reflection_train,sub-25,19,3,1,1,0.31528952717781067,0.6847105026245117
reflection_train,sub-25,20,0,0,1,0.486066609621048,0.5139334201812744
reflection_train,sub-25,21,2,1,1,0.4293542206287384,0.570645809173584
reflection_train,sub-25,22,1,0,0,0.7327263951301575,0.26727357506752014
reflection_train,sub-25,23,1,1,1,0.39042630791664124,0.6095736622810364
reflection_train,sub-25,24,0,0,1,0.22249503433704376,0.7775049209594727
reflection_train,sub-25,25,4,1,1,0.2764337658882141,0.7235662937164307
reflection_train,sub-25,26,3,0,0,0.545407235622406,0.4545927345752716
reflection_train,sub-25,27,3,1,1,0.4448675811290741,0.5551323890686035
reflection_train,sub-25,28,1,0,0,0.5318667888641357,0.46813324093818665
reflection_train,sub-25,29,3,1,0,0.7721969485282898,0.22780315577983856
reflection_train,sub-25,30,4,0,0,0.5463514924049377,0.4536484479904175
reflection_train,sub-25,31,4,1,1,0.32555103302001953,0.6744489669799805
reflection_train,sub-25,32,4,0,0,0.5762028098106384,0.4237971603870392
reflection_train,sub-25,33,2,1,1,0.4435521066188812,0.5564479231834412
reflection_train,sub-25,34,3,0,0,0.9730784296989441,0.026921583339571953
reflection_train,sub-25,35,4,1,0,0.5741578936576843,0.42584213614463806
reflection_train,sub-25,36,1,0,0,0.8680548071861267,0.1319451928138733
reflection_train,sub-25,37,4,1,1,0.23725126683712006,0.7627487182617188
reflection_train,sub-25,38,0,0,0,0.8456624150276184,0.1543375700712204
reflection_train,sub-25,39,1,1,1,0.44162511825561523,0.5583749413490295
reflection_train,sub-26,0,3,0,1,0.20384590327739716,0.7961542010307312
reflection_train,sub-26,1,2,1,1,0.4304545819759369,0.5695454478263855
reflection_train,sub-26,2,2,0,1,0.16960899531841278,0.830390989780426
reflection_train,sub-26,3,0,1,0,0.7479142546653748,0.25208577513694763
reflection_train,sub-26,4,2,0,0,0.9209522604942322,0.07904773205518723
reflection_train,sub-26,5,1,1,1,0.2345770001411438,0.7654229998588562
reflection_train,sub-26,6,2,0,1,0.10075380653142929,0.8992462158203125
reflection_train,sub-26,7,0,1,0,0.872810423374176,0.1271895319223404
reflection_train,sub-26,8,1,0,1,0.4275728166103363,0.5724272131919861
reflection_train,sub-26,9,3,1,1,0.24110186100006104,0.7588981986045837
reflection_train,sub-26,10,3,0,1,0.39936789870262146,0.6006320118904114
reflection_train,sub-26,11,0,1,0,0.5129593014717102,0.4870406687259674
reflection_train,sub-26,12,2,0,0,0.9291475415229797,0.07085248082876205
reflection_train,sub-26,13,0,1,0,0.6160107254981995,0.38398924469947815
reflection_train,sub-26,14,4,0,0,0.5348237156867981,0.4651763141155243
reflection_train,sub-26,15,1,1,1,0.3182031214237213,0.6817968487739563
reflection_train,sub-26,16,0,0,0,0.6295809149742126,0.37041914463043213
reflection_train,sub-26,17,2,1,1,0.16537825763225555,0.8346217274665833
reflection_train,sub-26,18,4,0,1,0.3162648379802704,0.683735191822052
reflection_train,sub-26,19,3,1,0,0.8601548075675964,0.13984520733356476
reflection_train,sub-26,20,0,0,0,0.6182559728622437,0.38174399733543396
reflection_train,sub-26,21,2,1,0,0.8619532585144043,0.1380467563867569
reflection_train,sub-26,22,1,0,1,0.48603013157844543,0.5139698386192322
reflection_train,sub-26,23,1,1,1,0.3251241147518158,0.6748759150505066
reflection_train,sub-26,24,0,0,0,0.5632543563842773,0.43674564361572266
reflection_train,sub-26,25,4,1,0,0.502298891544342,0.49770107865333557
reflection_train,sub-26,26,3,0,0,0.8045524954795837,0.19544751942157745
reflection_train,sub-26,27,3,1,0,0.5034371614456177,0.49656280875205994
reflection_train,sub-26,28,1,0,0,0.6797783374786377,0.3202216923236847
reflection_train,sub-26,29,3,1,1,0.4541873633861542,0.5458126664161682
reflection_train,sub-26,30,4,0,1,0.2254668027162552,0.7745332717895508
reflection_train,sub-26,31,4,1,1,0.2214423418045044,0.7785575985908508
reflection_train,sub-26,32,4,0,0,0.5573573708534241,0.44264256954193115
reflection_train,sub-26,33,2,1,0,0.7567804455757141,0.2432195395231247
reflection_train,sub-26,34,3,0,1,0.3839305639266968,0.616069495677948
reflection_train,sub-26,35,4,1,1,0.3146732449531555,0.6853267550468445
reflection_train,sub-26,36,1,0,0,0.8512282371520996,0.14877168834209442
reflection_train,sub-26,37,4,1,0,0.6648514270782471,0.33514857292175293
reflection_train,sub-26,38,0,0,1,0.43859413266181946,0.5614058971405029
reflection_train,sub-26,39,1,1,1,0.32105305790901184,0.6789469718933105
reflection_train,sub-27,0,3,0,1,0.31509125232696533,0.6849086880683899
reflection_train,sub-27,1,2,1,1,0.2550256550312042,0.7449743151664734
reflection_train,sub-27,2,2,0,0,0.5755755305290222,0.42442452907562256
reflection_train,sub-27,3,0,1,0,0.6664684414863586,0.3335314989089966
reflection_train,sub-27,4,2,0,1,0.45725393295288086,0.5427461266517639
reflection_train,sub-27,5,1,1,0,0.7688586115837097,0.23114144802093506
reflection_train,sub-27,6,2,0,0,0.609762966632843,0.39023709297180176
reflection_train,sub-27,7,0,1,1,0.4886687695980072,0.5113312602043152
reflection_train,sub-27,8,1,0,0,0.8731837272644043,0.12681631743907928
reflection_train,sub-27,9,3,1,1,0.3587554693222046,0.6412445306777954
reflection_train,sub-27,10,3,0,0,0.6248440146446228,0.3751559555530548
reflection_train,sub-27,11,0,1,1,0.4695920944213867,0.5304079651832581
reflection_train,sub-27,12,2,0,1,0.1912870556116104,0.8087129592895508
reflection_train,sub-27,13,0,1,0,0.689440906047821,0.31055915355682373
reflection_train,sub-27,14,4,0,1,0.40871408581733704,0.5912859439849854
reflection_train,sub-27,15,1,1,1,0.34275147318840027,0.6572485566139221
reflection_train,sub-27,16,0,0,1,0.17236457765102386,0.8276354670524597
reflection_train,sub-27,17,2,1,1,0.29287469387054443,0.7071253657341003
reflection_train,sub-27,18,4,0,1,0.32526567578315735,0.674734354019165
reflection_train,sub-27,19,3,1,0,0.7505685687065125,0.24943137168884277
reflection_train,sub-27,20,0,0,0,0.7818760275840759,0.21812404692173004
reflection_train,sub-27,21,2,1,0,0.6748528480529785,0.3251471221446991
reflection_train,sub-27,22,1,0,1,0.4847259819507599,0.5152739882469177
reflection_train,sub-27,23,1,1,0,0.8126673102378845,0.18733270466327667
reflection_train,sub-27,24,0,0,1,0.4911075532436371,0.5088924765586853
reflection_train,sub-27,25,4,1,0,0.7612941861152649,0.2387057989835739
reflection_train,sub-27,26,3,0,1,0.48799267411231995,0.5120072960853577
reflection_train,sub-27,27,3,1,1,0.44098690152168274,0.5590130686759949
reflection_train,sub-27,28,1,0,1,0.42945948243141174,0.5705404877662659
reflection_train,sub-27,29,3,1,0,0.6794036030769348,0.3205964267253876
reflection_train,sub-27,30,4,0,1,0.2804374396800995,0.7195625305175781
reflection_train,sub-27,31,4,1,0,0.7632272839546204,0.23677265644073486
reflection_train,sub-27,32,4,0,1,0.11192846298217773,0.8880714774131775
reflection_train,sub-27,33,2,1,0,0.687980592250824,0.3120194375514984
reflection_train,sub-27,34,3,0,0,0.6293542981147766,0.370645672082901
reflection_train,sub-27,35,4,1,0,0.6243791580200195,0.37562084197998047
reflection_train,sub-27,36,1,0,1,0.34682896733283997,0.6531710028648376
reflection_train,sub-27,37,4,1,1,0.078352190554142,0.9216477870941162
reflection_train,sub-27,38,0,0,0,0.8180041313171387,0.18199585378170013
reflection_train,sub-27,39,1,1,1,0.2267025113105774,0.7732974886894226
reflection_train,sub-28,0,3,0,1,0.28046903014183044,0.7195309996604919
reflection_train,sub-28,1,2,1,1,0.37994349002838135,0.6200564503669739
reflection_train,sub-28,2,2,0,0,0.5175082087516785,0.48249176144599915
reflection_train,sub-28,3,0,1,0,0.5388093590736389,0.4611905813217163
reflection_train,sub-28,4,2,0,0,0.5209066867828369,0.4790933132171631
reflection_train,sub-28,5,1,1,0,0.6233693361282349,0.37663066387176514
reflection_train,sub-28,6,2,0,0,0.8058975338935852,0.194102481007576
reflection_train,sub-28,7,0,1,1,0.41363027691841125,0.5863697528839111
reflection_train,sub-28,8,1,0,0,0.508342444896698,0.4916576147079468
reflection_train,sub-28,9,3,1,1,0.31586575508117676,0.6841342449188232
reflection_train,sub-28,10,3,0,0,0.8554630875587463,0.1445368528366089
reflection_train,sub-28,11,0,1,1,0.27771806716918945,0.7222819328308105
reflection_train,sub-28,12,2,0,0,0.7361244559288025,0.2638755738735199
reflection_train,sub-28,13,0,1,1,0.39012372493743896,0.609876275062561
reflection_train,sub-28,14,4,0,0,0.5786797404289246,0.4213202893733978
reflection_train,sub-28,15,1,1,1,0.3084159195423126,0.6915841102600098
reflection_train,sub-28,16,0,0,0,0.677727997303009,0.32227203249931335
reflection_train,sub-28,17,2,1,1,0.2786097824573517,0.7213902473449707
reflection_train,sub-28,18,4,0,1,0.4834294319152832,0.5165706276893616
reflection_train,sub-28,19,3,1,1,0.32703274488449097,0.672967255115509
reflection_train,sub-28,20,0,0,1,0.3619576394557953,0.6380423903465271
reflection_train,sub-28,21,2,1,0,0.8351054787635803,0.1648944616317749
reflection_train,sub-28,22,1,0,1,0.4342639744281769,0.5657359957695007
reflection_train,sub-28,23,1,1,1,0.19114543497562408,0.8088545203208923
reflection_train,sub-28,24,0,0,1,0.26371267437934875,0.7362872958183289
reflection_train,sub-28,25,4,1,1,0.33685263991355896,0.6631473898887634
reflection_train,sub-28,26,3,0,0,0.5532920956611633,0.44670793414115906
reflection_train,sub-28,27,3,1,0,0.6300020813941956,0.36999794840812683
reflection_train,sub-28,28,1,0,0,0.5311154723167419,0.46888455748558044
reflection_train,sub-28,29,3,1,1,0.051214855164289474,0.948785126209259
reflection_train,sub-28,30,4,0,0,0.5434722304344177,0.45652782917022705
reflection_train,sub-28,31,4,1,1,0.44123712182044983,0.5587628483772278
reflection_train,sub-28,32,4,0,0,0.691419780254364,0.308580219745636
reflection_train,sub-28,33,2,1,0,0.6382456421852112,0.3617543876171112
reflection_train,sub-28,34,3,0,1,0.373858779668808,0.6261412501335144
reflection_train,sub-28,35,4,1,0,0.7568883299827576,0.2431117296218872
reflection_train,sub-28,36,1,0,0,0.5322250127792358,0.4677749574184418
reflection_train,sub-28,37,4,1,0,0.6070929169654846,0.3929069936275482
reflection_train,sub-28,38,0,0,1,0.3696648180484772,0.6303352117538452
reflection_train,sub-28,39,1,1,1,0.49606791138648987,0.5039321184158325
reflection_train,sub-29,0,3,0,0,0.8785057067871094,0.12149425595998764
reflection_train,sub-29,1,2,1,0,0.6746894717216492,0.3253105878829956
reflection_train,sub-29,2,2,0,1,0.2609092891216278,0.7390907406806946
reflection_train,sub-29,3,0,1,1,0.42888143658638,0.5711185336112976
reflection_train,sub-29,4,2,0,1,0.3590340316295624,0.6409659385681152
reflection_train,sub-29,5,1,1,0,0.5323603749275208,0.46763959527015686
reflection_train,sub-29,6,2,0,1,0.4763588011264801,0.5236411690711975
reflection_train,sub-29,7,0,1,1,0.2910735309123993,0.7089264392852783
reflection_train,sub-29,8,1,0,0,0.9550504684448242,0.04494954273104668
reflection_train,sub-29,9,3,1,0,0.7934476733207703,0.20655228197574615
reflection_train,sub-29,10,3,0,0,0.8182406425476074,0.18175940215587616
reflection_train,sub-29,11,0,1,0,0.6778019070625305,0.3221980333328247
reflection_train,sub-29,12,2,0,0,0.7243587970733643,0.27564120292663574
reflection_train,sub-29,13,0,1,1,0.45475563406944275,0.5452443957328796
reflection_train,sub-29,14,4,0,0,0.8266289830207825,0.17337100207805634
reflection_train,sub-29,15,1,1,1,0.05450422689318657,0.9454957842826843
reflection_train,sub-29,16,0,0,0,0.6074116826057434,0.3925882577896118
reflection_train,sub-29,17,2,1,1,0.3860924243927002,0.6139075756072998
reflection_train,sub-29,18,4,0,1,0.3374740779399872,0.6625258922576904
reflection_train,sub-29,19,3,1,1,0.22034907341003418,0.7796509265899658
reflection_train,sub-29,20,0,0,0,0.7239992022514343,0.27600088715553284
reflection_train,sub-29,21,2,1,0,0.5736858248710632,0.42631420493125916
reflection_train,sub-29,22,1,0,1,0.05291789397597313,0.9470821022987366
reflection_train,sub-29,23,1,1,1,0.2078424096107483,0.7921575903892517
reflection_train,sub-29,24,0,0,1,0.36687204241752625,0.6331279873847961
reflection_train,sub-29,25,4,1,1,0.39411744475364685,0.6058825850486755
reflection_train,sub-29,26,3,0,0,0.622188925743103,0.377811074256897
reflection_train,sub-29,27,3,1,0,0.5356689691543579,0.4643310010433197
reflection_train,sub-29,28,1,0,1,0.2513026297092438,0.7486974596977234
reflection_train,sub-29,29,3,1,0,0.6176310181617737,0.3823690116405487
reflection_train,sub-29,30,4,0,1,0.2558079957962036,0.7441920638084412
reflection_train,sub-29,31,4,1,1,0.33011940121650696,0.6698806285858154
reflection_train,sub-29,32,4,0,0,0.5470953583717346,0.452904611825943
reflection_train,sub-29,33,2,1,1,0.45701098442077637,0.5429889559745789
reflection_train,sub-29,34,3,0,0,0.771481990814209,0.2285180687904358
reflection_train,sub-29,35,4,1,0,0.5241477489471436,0.47585225105285645
reflection_train,sub-29,36,1,0,0,0.7693004608154297,0.23069946467876434
reflection_train,sub-29,37,4,1,1,0.3934338390827179,0.6065661311149597
reflection_train,sub-29,38,0,0,0,0.9231403470039368,0.07685964554548264
reflection_train,sub-29,39,1,1,0,0.5160283446311951,0.48397159576416016
reflection_train,sub-30,0,3,0,0,0.63688725233078,0.36311277747154236
reflection_train,sub-30,1,2,1,0,0.5099024772644043,0.4900975227355957
reflection_train,sub-30,2,2,0,1,0.4790676534175873,0.5209323167800903
reflection_train,sub-30,3,0,1,0,0.643871545791626,0.356128454208374
reflection_train,sub-30,4,2,0,0,0.6255156993865967,0.3744843006134033
reflection_train,sub-30,5,1,1,1,0.061856698244810104,0.9381433129310608
reflection_train,sub-30,6,2,0,0,0.6308212876319885,0.3691786825656891
reflection_train,sub-30,7,0,1,0,0.602461576461792,0.3975384533405304
reflection_train,sub-30,8,1,0,1,0.49666571617126465,0.5033342838287354
reflection_train,sub-30,9,3,1,0,0.6193796992301941,0.3806203305721283
reflection_train,sub-30,10,3,0,0,0.6842181086540222,0.31578195095062256
reflection_train,sub-30,11,0,1,0,0.6449916958808899,0.35500821471214294
reflection_train,sub-30,12,2,0,0,0.6245700716972351,0.3754298985004425
reflection_train,sub-30,13,0,1,1,0.1655159741640091,0.8344840407371521
reflection_train,sub-30,14,4,0,0,0.9468626976013184,0.053137268871068954
reflection_train,sub-30,15,1,1,1,0.1511833518743515,0.8488165736198425
reflection_train,sub-30,16,0,0,0,0.9287013411521912,0.07129871845245361
reflection_train,sub-30,17,2,1,1,0.2790392339229584,0.720960795879364
reflection_train,sub-30,18,4,0,0,0.5780486464500427,0.4219513237476349
reflection_train,sub-30,19,3,1,1,0.05958358943462372,0.9404163956642151
reflection_train,sub-30,20,0,0,0,0.6410994529724121,0.3589005172252655
reflection_train,sub-30,21,2,1,1,0.14932706952095032,0.8506729006767273
reflection_train,sub-30,22,1,0,0,0.7711309790611267,0.2288690060377121
reflection_train,sub-30,23,1,1,1,0.49343132972717285,0.5065686702728271
reflection_train,sub-30,24,0,0,0,0.9317760467529297,0.06822388619184494
reflection_train,sub-30,25,4,1,1,0.01203893218189478,0.9879610538482666
reflection_train,sub-30,26,3,0,0,0.7384882569313049,0.2615116834640503
reflection_train,sub-30,27,3,1,1,0.097866952419281,0.902133047580719
reflection_train,sub-30,28,1,0,0,0.9097455143928528,0.09025441855192184
reflection_train,sub-30,29,3,1,1,0.45588168501853943,0.5441182851791382
reflection_train,sub-30,30,4,0,0,0.7319707870483398,0.26802921295166016
reflection_train,sub-30,31,4,1,1,0.4911193549633026,0.5088806748390198
reflection_train,sub-30,32,4,0,0,0.8131623268127441,0.18683765828609467
reflection_train,sub-30,33,2,1,1,0.07305371761322021,0.926946222782135
reflection_train,sub-30,34,3,0,0,0.8618104457855225,0.13818953931331635
reflection_train,sub-30,35,4,1,1,0.06265315413475037,0.937346875667572
reflection_train,sub-30,36,1,0,0,0.8713418841362,0.12865813076496124
reflection_train,sub-30,37,4,1,0,0.5059764385223389,0.49402347207069397
reflection_train,sub-30,38,0,0,0,0.5351218581199646,0.4648781716823578
reflection_train,sub-30,39,1,1,1,0.228488489985466,0.7715115547180176
reflection_train,sub-31,0,3,0,0,0.5310871005058289,0.46891286969184875
reflection_train,sub-31,1,2,1,1,0.31732138991355896,0.6826786994934082
reflection_train,sub-31,2,2,0,1,0.4601624011993408,0.5398375988006592
reflection_train,sub-31,3,0,1,1,0.36558428406715393,0.6344156861305237
reflection_train,sub-31,4,2,0,1,0.2696109712123871,0.7303890585899353
reflection_train,sub-31,5,1,1,1,0.2071358561515808,0.7928641438484192
reflection_train,sub-31,6,2,0,0,0.6516908407211304,0.34830912947654724
reflection_train,sub-31,7,0,1,0,0.6163008213043213,0.3836991786956787
reflection_train,sub-31,8,1,0,1,0.13186810910701752,0.8681319355964661
reflection_train,sub-31,9,3,1,0,0.8678617477416992,0.1321382373571396
reflection_train,sub-31,10,3,0,0,0.6058707237243652,0.3941292464733124
reflection_train,sub-31,11,0,1,0,0.8965407013893127,0.10345932096242905
reflection_train,sub-31,12,2,0,0,0.7071830630302429,0.2928169071674347
reflection_train,sub-31,13,0,1,0,0.6195478439331055,0.3804521858692169
reflection_train,sub-31,14,4,0,1,0.3617933690547943,0.6382066607475281
reflection_train,sub-31,15,1,1,0,0.6854785084724426,0.31452152132987976
reflection_train,sub-31,16,0,0,0,0.536815881729126,0.463184118270874
reflection_train,sub-31,17,2,1,0,0.9063031077384949,0.09369685500860214
reflection_train,sub-31,18,4,0,0,0.5153518915176392,0.4846481382846832
reflection_train,sub-31,19,3,1,1,0.2684466242790222,0.7315533757209778
reflection_train,sub-31,20,0,0,0,0.6564502716064453,0.3435497283935547
reflection_train,sub-31,21,2,1,1,0.19496698677539825,0.8050329685211182
reflection_train,sub-31,22,1,0,0,0.5984227657318115,0.4015772342681885
reflection_train,sub-31,23,1,1,1,0.2731674611568451,0.7268325686454773
reflection_train,sub-31,24,0,0,1,0.3883548676967621,0.6116451621055603
reflection_train,sub-31,25,4,1,0,0.7968533635139465,0.20314663648605347
reflection_train,sub-31,26,3,0,0,0.6330356001853943,0.3669644892215729
reflection_train,sub-31,27,3,1,0,0.5073184967041016,0.49268150329589844
reflection_train,sub-31,28,1,0,0,0.8665673732757568,0.13343264162540436
reflection_train,sub-31,29,3,1,1,0.3579463064670563,0.6420536637306213
reflection_train,sub-31,30,4,0,0,0.8314681649208069,0.16853183507919312
reflection_train,sub-31,31,4,1,0,0.8363990187644958,0.16360099613666534
reflection_train,sub-31,32,4,0,0,0.7886304259300232,0.21136963367462158
reflection_train,sub-31,33,2,1,0,0.7822277545928955,0.2177722007036209
reflection_train,sub-31,34,3,0,0,0.7812488079071045,0.2187511920928955
reflection_train,sub-31,35,4,1,1,0.24783770740032196,0.7521622776985168
reflection_train,sub-31,36,1,0,1,0.2662990987300873,0.7337009310722351
reflection_train,sub-31,37,4,1,0,0.8747367858886719,0.12526321411132812
reflection_train,sub-31,38,0,0,1,0.36835145950317383,0.6316484808921814
reflection_train,sub-31,39,1,1,0,0.6281101107597351,0.3718898296356201
reflection_train,sub-32,0,3,0,1,0.4067383110523224,0.5932616591453552
reflection_train,sub-32,1,2,1,1,0.4007401764392853,0.5992597937583923
reflection_train,sub-32,2,2,0,1,0.31918665766716003,0.6808133721351624
reflection_train,sub-32,3,0,1,0,0.5272353291511536,0.47276464104652405
reflection_train,sub-32,4,2,0,1,0.43283411860466003,0.5671658515930176
reflection_train,sub-32,5,1,1,1,0.42237138748168945,0.5776286125183105
reflection_train,sub-32,6,2,0,0,0.6631467938423157,0.33685317635536194
reflection_train,sub-32,7,0,1,1,0.27161863446235657,0.728381335735321
reflection_train,sub-32,8,1,0,0,0.5662667155265808,0.4337333142757416
reflection_train,sub-32,9,3,1,0,0.8943875432014465,0.1056123748421669
reflection_train,sub-32,10,3,0,0,0.5291183590888977,0.4708815813064575
reflection_train,sub-32,11,0,1,1,0.2200917750597,0.7799082398414612
reflection_train,sub-32,12,2,0,0,0.6314702033996582,0.3685298264026642
reflection_train,sub-32,13,0,1,0,0.6992614269256592,0.30073854327201843
reflection_train,sub-32,14,4,0,1,0.2718249559402466,0.7281749844551086
reflection_train,sub-32,15,1,1,0,0.9207516312599182,0.0792483314871788
reflection_train,sub-32,16,0,0,1,0.25857076048851013,0.7414292693138123
reflection_train,sub-32,17,2,1,0,0.7151870727539062,0.2848129868507385
reflection_train,sub-32,18,4,0,0,0.8109528422355652,0.1890472024679184
reflection_train,sub-32,19,3,1,1,0.34604009985923767,0.6539598703384399
reflection_train,sub-32,20,0,0,1,0.3735611140727997,0.6264389157295227
reflection_train,sub-32,21,2,1,1,0.4122745096683502,0.5877255201339722
reflection_train,sub-32,22,1,0,0,0.529597818851471,0.47040215134620667
reflection_train,sub-32,23,1,1,1,0.16757069528102875,0.8324293494224548
reflection_train,sub-32,24,0,0,1,0.43397191166877747,0.5660280585289001
reflection_train,sub-32,25,4,1,0,0.7604960799217224,0.23950393497943878
reflection_train,sub-32,26,3,0,0,0.5193324089050293,0.4806675612926483
reflection_train,sub-32,27,3,1,0,0.564717173576355,0.4352828562259674
reflection_train,sub-32,28,1,0,0,0.5360543131828308,0.4639456272125244
reflection_train,sub-32,29,3,1,1,0.2997662127017975,0.7002337574958801
reflection_train,sub-32,30,4,0,0,0.5902276635169983,0.4097723662853241
reflection_train,sub-32,31,4,1,0,0.8444962501525879,0.1555037945508957
reflection_train,sub-32,32,4,0,1,0.44144880771636963,0.5585512518882751
reflection_train,sub-32,33,2,1,0,0.8561331629753113,0.1438668817281723
reflection_train,sub-32,34,3,0,1,0.36802056431770325,0.6319794654846191
reflection_train,sub-32,35,4,1,0,0.5977746844291687,0.4022252559661865
reflection_train,sub-32,36,1,0,0,0.6620305180549622,0.33796951174736023
reflection_train,sub-32,37,4,1,0,0.6085993647575378,0.39140066504478455
reflection_train,sub-32,38,0,0,1,0.2771317958831787,0.7228682041168213
reflection_train,sub-32,39,1,1,0,0.6685643196105957,0.3314356803894043
reflection_train,sub-33,0,3,0,0,0.7310904860496521,0.2689095437526703
reflection_train,sub-33,1,2,1,1,0.4309091567993164,0.5690908432006836
reflection_train,sub-33,2,2,0,1,0.26535382866859436,0.7346461415290833
reflection_train,sub-33,3,0,1,0,0.6683239936828613,0.33167600631713867
reflection_train,sub-33,4,2,0,1,0.17466820776462555,0.8253318667411804
reflection_train,sub-33,5,1,1,0,0.758446216583252,0.24155376851558685
reflection_train,sub-33,6,2,0,1,0.3335835933685303,0.6664164662361145
reflection_train,sub-33,7,0,1,1,0.43620917201042175,0.5637908577919006
reflection_train,sub-33,8,1,0,0,0.7389547824859619,0.2610451877117157
reflection_train,sub-33,9,3,1,1,0.31096866726875305,0.6890313625335693
reflection_train,sub-33,10,3,0,0,0.6403215527534485,0.3596785068511963
reflection_train,sub-33,11,0,1,0,0.6189117431640625,0.3810882568359375
reflection_train,sub-33,12,2,0,1,0.48426878452301025,0.5157312750816345
reflection_train,sub-33,13,0,1,0,0.525524914264679,0.47447505593299866
reflection_train,sub-33,14,4,0,1,0.3787492513656616,0.6212507486343384
reflection_train,sub-33,15,1,1,0,0.7567045092582703,0.24329547584056854
reflection_train,sub-33,16,0,0,0,0.5791041851043701,0.4208958148956299
reflection_train,sub-33,17,2,1,1,0.4410358965396881,0.5589640736579895
reflection_train,sub-33,18,4,0,0,0.5755324959754944,0.424467533826828
reflection_train,sub-33,19,3,1,0,0.5648545622825623,0.43514546751976013
reflection_train,sub-33,20,0,0,1,0.49292516708374023,0.5070748925209045
reflection_train,sub-33,21,2,1,1,0.2604723870754242,0.7395276427268982
reflection_train,sub-33,22,1,0,0,0.79964679479599,0.2003532201051712
reflection_train,sub-33,23,1,1,0,0.7018665671348572,0.29813340306282043
reflection_train,sub-33,24,0,0,1,0.18682509660720825,0.8131749033927917
reflection_train,sub-33,25,4,1,0,0.6320167183876038,0.36798331141471863
reflection_train,sub-33,26,3,0,1,0.19427721202373505,0.8057227730751038
reflection_train,sub-33,27,3,1,0,0.6635657548904419,0.3364342153072357
reflection_train,sub-33,28,1,0,0,0.678180992603302,0.3218189477920532
reflection_train,sub-33,29,3,1,1,0.21528571844100952,0.7847142219543457
reflection_train,sub-33,30,4,0,0,0.5157284140586853,0.4842716455459595
reflection_train,sub-33,31,4,1,0,0.5422465205192566,0.4577535092830658
reflection_train,sub-33,32,4,0,0,0.5390061736106873,0.4609938859939575
reflection_train,sub-33,33,2,1,0,0.5502806305885315,0.4497194290161133
reflection_train,sub-33,34,3,0,1,0.4488968849182129,0.5511031150817871
reflection_train,sub-33,35,4,1,0,0.5589787364006042,0.44102123379707336
reflection_train,sub-33,36,1,0,0,0.6401267647743225,0.3598731458187103
reflection_train,sub-33,37,4,1,0,0.824615478515625,0.17538446187973022
reflection_train,sub-33,38,0,0,1,0.052327871322631836,0.9476721882820129
reflection_train,sub-33,39,1,1,0,0.7577614784240723,0.24223844707012177
reflection_train,sub-34,0,3,0,0,0.8441658020019531,0.15583419799804688
reflection_train,sub-34,1,2,1,0,0.6250435709953308,0.3749564588069916
reflection_train,sub-34,2,2,0,1,0.4370786249637604,0.5629213452339172
reflection_train,sub-34,3,0,1,0,0.6802689433097839,0.31973108649253845
reflection_train,sub-34,4,2,0,1,0.35979607701301575,0.6402039527893066
reflection_train,sub-34,5,1,1,0,0.7245145440101624,0.27548542618751526
reflection_train,sub-34,6,2,0,1,0.4706452786922455,0.5293547511100769
reflection_train,sub-34,7,0,1,0,0.6310078501701355,0.3689921200275421
reflection_train,sub-34,8,1,0,1,0.485984206199646,0.514015793800354
reflection_train,sub-34,9,3,1,1,0.4707651138305664,0.5292349457740784
reflection_train,sub-34,10,3,0,1,0.488524466753006,0.5114755034446716
reflection_train,sub-34,11,0,1,0,0.8157050609588623,0.18429487943649292
reflection_train,sub-34,12,2,0,1,0.44405582547187805,0.5559441447257996
reflection_train,sub-34,13,0,1,0,0.5375263094902039,0.46247366070747375
reflection_train,sub-34,14,4,0,1,0.3824116885662079,0.6175883412361145
reflection_train,sub-34,15,1,1,0,0.5738059878349304,0.4261939823627472
reflection_train,sub-34,16,0,0,0,0.5059015154838562,0.49409857392311096
reflection_train,sub-34,17,2,1,1,0.2837687134742737,0.7162313461303711
reflection_train,sub-34,18,4,0,1,0.15236611664295197,0.8476338982582092
reflection_train,sub-34,19,3,1,1,0.46978411078453064,0.5302157998085022
reflection_train,sub-34,20,0,0,1,0.4717487394809723,0.5282512307167053
reflection_train,sub-34,21,2,1,1,0.2768809497356415,0.7231190800666809
reflection_train,sub-34,22,1,0,1,0.3671952486038208,0.6328047513961792
reflection_train,sub-34,23,1,1,1,0.4674445390701294,0.5325555205345154
reflection_train,sub-34,24,0,0,0,0.5863794684410095,0.41362056136131287
reflection_train,sub-34,25,4,1,0,0.8204860687255859,0.17951391637325287
reflection_train,sub-34,26,3,0,0,0.6220284700393677,0.37797150015830994
reflection_train,sub-34,27,3,1,0,0.6757553219795227,0.3242446780204773
reflection_train,sub-34,28,1,0,1,0.450543075799942,0.5494568347930908
reflection_train,sub-34,29,3,1,1,0.2241191416978836,0.7758808135986328
reflection_train,sub-34,30,4,0,1,0.4396907091140747,0.5603092312812805
reflection_train,sub-34,31,4,1,1,0.23147936165332794,0.7685206532478333
reflection_train,sub-34,32,4,0,1,0.3680989444255829,0.6319010853767395
reflection_train,sub-34,33,2,1,0,0.7623252868652344,0.23767471313476562
reflection_train,sub-34,34,3,0,1,0.19864536821842194,0.8013546466827393
reflection_train,sub-34,35,4,1,1,0.1890956610441208,0.8109044432640076
reflection_train,sub-34,36,1,0,0,0.8900683522224426,0.10993165522813797
reflection_train,sub-34,37,4,1,1,0.31013205647468567,0.6898679733276367
reflection_train,sub-34,38,0,0,1,0.373113751411438,0.6268863081932068
reflection_train,sub-34,39,1,1,1,0.37955066561698914,0.6204493641853333
reflection_train,sub-35,0,3,0,1,0.35616064071655273,0.643839418888092
reflection_train,sub-35,1,2,1,1,0.42837926745414734,0.5716207027435303
reflection_train,sub-35,2,2,0,1,0.3131885528564453,0.6868114471435547
reflection_train,sub-35,3,0,1,0,0.5208251476287842,0.4791748523712158
reflection_train,sub-35,4,2,0,1,0.3866842985153198,0.6133157014846802
reflection_train,sub-35,5,1,1,1,0.25538700819015503,0.744612991809845
reflection_train,sub-35,6,2,0,0,0.8607194423675537,0.13928057253360748
reflection_train,sub-35,7,0,1,1,0.14858576655387878,0.8514142036437988
reflection_train,sub-35,8,1,0,0,0.6272692084312439,0.3727308213710785
reflection_train,sub-35,9,3,1,0,0.6376209259033203,0.3623790442943573
reflection_train,sub-35,10,3,0,0,0.7548289895057678,0.24517102539539337
reflection_train,sub-35,11,0,1,0,0.7631816864013672,0.23681825399398804
reflection_train,sub-35,12,2,0,0,0.8079801201820374,0.19201982021331787
reflection_train,sub-35,13,0,1,0,0.6287243962287903,0.37127554416656494
reflection_train,sub-35,14,4,0,0,0.6558968424797058,0.34410321712493896
reflection_train,sub-35,15,1,1,0,0.829695463180542,0.17030459642410278
reflection_train,sub-35,16,0,0,1,0.3351740837097168,0.6648259162902832
reflection_train,sub-35,17,2,1,1,0.4604965150356293,0.5395035147666931
reflection_train,sub-35,18,4,0,0,0.8071358799934387,0.1928640753030777
reflection_train,sub-35,19,3,1,0,0.6065376400947571,0.3934623897075653
reflection_train,sub-35,20,0,0,1,0.3077949583530426,0.6922051310539246
reflection_train,sub-35,21,2,1,1,0.40136614441871643,0.5986338257789612
reflection_train,sub-35,22,1,0,0,0.7541419863700867,0.24585802853107452
reflection_train,sub-35,23,1,1,1,0.41398870944976807,0.5860112309455872
reflection_train,sub-35,24,0,0,0,0.5797682404518127,0.42023178935050964
reflection_train,sub-35,25,4,1,1,0.1481810063123703,0.8518189787864685
reflection_train,sub-35,26,3,0,1,0.4161463975906372,0.583853542804718
reflection_train,sub-35,27,3,1,1,0.45083245635032654,0.5491675734519958
reflection_train,sub-35,28,1,0,0,0.718996524810791,0.28100350499153137
reflection_train,sub-35,29,3,1,1,0.425748348236084,0.574251651763916
reflection_train,sub-35,30,4,0,0,0.5759077072143555,0.42409229278564453
reflection_train,sub-35,31,4,1,1,0.34178128838539124,0.6582186818122864
reflection_train,sub-35,32,4,0,0,0.5452970862388611,0.45470288395881653
reflection_train,sub-35,33,2,1,1,0.09883642196655273,0.9011635780334473
reflection_train,sub-35,34,3,0,1,0.40502384305000305,0.5949761271476746
reflection_train,sub-35,35,4,1,1,0.34110236167907715,0.6588975787162781
reflection_train,sub-35,36,1,0,1,0.4433966875076294,0.5566033124923706
reflection_train,sub-35,37,4,1,1,0.44870102405548096,0.551298975944519
reflection_train,sub-35,38,0,0,1,0.34426116943359375,0.655738890171051
reflection_train,sub-35,39,1,1,1,0.37703680992126465,0.6229632496833801
reflection_train,sub-36,0,3,0,0,0.6970441341400146,0.30295589566230774
reflection_train,sub-36,1,2,1,1,0.49868300557136536,0.5013169646263123
reflection_train,sub-36,2,2,0,0,0.6285478472709656,0.3714521825313568
reflection_train,sub-36,3,0,1,1,0.38342055678367615,0.616579532623291
reflection_train,sub-36,4,2,0,0,0.8253317475318909,0.17466823756694794
reflection_train,sub-36,5,1,1,0,0.7473962306976318,0.25260379910469055
reflection_train,sub-36,6,2,0,0,0.7389075756072998,0.2610923945903778
reflection_train,sub-36,7,0,1,1,0.37896087765693665,0.6210391521453857
reflection_train,sub-36,8,1,0,0,0.6335150599479675,0.3664849102497101
reflection_train,sub-36,9,3,1,1,0.08513104170560837,0.9148690104484558
reflection_train,sub-36,10,3,0,1,0.3412656784057617,0.6587343215942383
reflection_train,sub-36,11,0,1,1,0.24757622182369232,0.7524237632751465
reflection_train,sub-36,12,2,0,0,0.7123584151268005,0.28764161467552185
reflection_train,sub-36,13,0,1,0,0.6173666715621948,0.38263335824012756
reflection_train,sub-36,14,4,0,0,0.7318310737609863,0.26816901564598083
reflection_train,sub-36,15,1,1,0,0.5710299015045166,0.4289701282978058
reflection_train,sub-36,16,0,0,0,0.5083113312721252,0.49168860912323
reflection_train,sub-36,17,2,1,1,0.17965389788150787,0.8203460574150085
reflection_train,sub-36,18,4,0,0,0.8757288455963135,0.12427117675542831
reflection_train,sub-36,19,3,1,0,0.5691841244697571,0.43081584572792053
reflection_train,sub-36,20,0,0,1,0.22604148089885712,0.7739585041999817
reflection_train,sub-36,21,2,1,1,0.49633359909057617,0.5036664009094238
reflection_train,sub-36,22,1,0,0,0.6407212615013123,0.35927876830101013
reflection_train,sub-36,23,1,1,1,0.47634467482566833,0.523655354976654
reflection_train,sub-36,24,0,0,1,0.016910802572965622,0.9830892086029053
reflection_train,sub-36,25,4,1,0,0.7950276732444763,0.20497238636016846
reflection_train,sub-36,26,3,0,0,0.5968745350837708,0.40312549471855164
reflection_train,sub-36,27,3,1,1,0.38752737641334534,0.612472653388977
reflection_train,sub-36,28,1,0,1,0.4719383716583252,0.5280616879463196
reflection_train,sub-36,29,3,1,0,0.6729793548583984,0.32702064514160156
reflection_train,sub-36,30,4,0,0,0.7423751950263977,0.2576248347759247
reflection_train,sub-36,31,4,1,1,0.16243065893650055,0.8375692963600159
reflection_train,sub-36,32,4,0,1,0.21873076260089874,0.7812692523002625
reflection_train,sub-36,33,2,1,1,0.2014114111661911,0.7985886931419373
reflection_train,sub-36,34,3,0,0,0.829047441482544,0.17095254361629486
reflection_train,sub-36,35,4,1,0,0.8881209492683411,0.11187907308340073
reflection_train,sub-36,36,1,0,1,0.11386764049530029,0.8861324191093445
reflection_train,sub-36,37,4,1,0,0.8616582751274109,0.1383417248725891
reflection_train,sub-36,38,0,0,0,0.884868323802948,0.11513173580169678
reflection_train,sub-36,39,1,1,0,0.6794302463531494,0.3205696940422058
reflection_train,sub-37,0,3,0,0,0.6468861699104309,0.3531137704849243
reflection_train,sub-37,1,2,1,1,0.46917852759361267,0.5308215022087097
reflection_train,sub-37,2,2,0,0,0.6294676661491394,0.370532363653183
reflection_train,sub-37,3,0,1,0,0.5515549778938293,0.44844508171081543
reflection_train,sub-37,4,2,0,0,0.7060430645942688,0.2939569354057312
reflection_train,sub-37,5,1,1,1,0.46877655386924744,0.531223475933075
reflection_train,sub-37,6,2,0,0,0.6549251675605774,0.345074862241745
reflection_train,sub-37,7,0,1,1,0.22114545106887817,0.7788545489311218
reflection_train,sub-37,8,1,0,1,0.33000853657722473,0.6699914932250977
reflection_train,sub-37,9,3,1,1,0.2069990634918213,0.7930009365081787
reflection_train,sub-37,10,3,0,0,0.5581175684928894,0.4418824017047882
reflection_train,sub-37,11,0,1,1,0.21794064342975616,0.782059371471405
reflection_train,sub-37,12,2,0,1,0.29609623551368713,0.7039037346839905
reflection_train,sub-37,13,0,1,1,0.3350297212600708,0.664970338344574
reflection_train,sub-37,14,4,0,0,0.6380488872528076,0.3619511127471924
reflection_train,sub-37,15,1,1,0,0.6332102417945862,0.3667898178100586
reflection_train,sub-37,16,0,0,0,0.7102312445640564,0.289768785238266
reflection_train,sub-37,17,2,1,0,0.6064751744270325,0.39352479577064514
reflection_train,sub-37,18,4,0,1,0.47916197776794434,0.5208380222320557
reflection_train,sub-37,19,3,1,1,0.18388468027114868,0.8161153793334961
reflection_train,sub-37,20,0,0,1,0.3189127743244171,0.6810871958732605
reflection_train,sub-37,21,2,1,1,0.46440720558166504,0.535592794418335
reflection_train,sub-37,22,1,0,0,0.794812023639679,0.20518790185451508
reflection_train,sub-37,23,1,1,0,0.6042690277099609,0.39573097229003906
reflection_train,sub-37,24,0,0,1,0.45567476749420166,0.5443252921104431
reflection_train,sub-37,25,4,1,1,0.46735918521881104,0.5326407551765442
reflection_train,sub-37,26,3,0,1,0.39594319462776184,0.6040568351745605
reflection_train,sub-37,27,3,1,0,0.6264957785606384,0.37350425124168396
reflection_train,sub-37,28,1,0,0,0.7065069079399109,0.2934931218624115
reflection_train,sub-37,29,3,1,1,0.2845875322818756,0.715412437915802
reflection_train,sub-37,30,4,0,1,0.33324211835861206,0.6667578816413879
reflection_train,sub-37,31,4,1,1,0.33868408203125,0.66131591796875
reflection_train,sub-37,32,4,0,0,0.719420850276947,0.2805791199207306
reflection_train,sub-37,33,2,1,0,0.7087569832801819,0.2912429869174957
reflection_train,sub-37,34,3,0,1,0.2931406497955322,0.7068593502044678
reflection_train,sub-37,35,4,1,1,0.40014997124671936,0.5998499989509583
reflection_train,sub-37,36,1,0,0,0.5235251784324646,0.4764748513698578
reflection_train,sub-37,37,4,1,1,0.4692131280899048,0.53078693151474
reflection_train,sub-37,38,0,0,0,0.5399919152259827,0.46000805497169495
reflection_train,sub-37,39,1,1,1,0.36048129200935364,0.639518678188324
reflection_train,sub-38,0,3,0,1,0.4402132034301758,0.559786856174469
reflection_train,sub-38,1,2,1,1,0.4307647943496704,0.5692352056503296
reflection_train,sub-38,2,2,0,0,0.5852622389793396,0.414737731218338
reflection_train,sub-38,3,0,1,0,0.8037998676300049,0.1962001472711563
reflection_train,sub-38,4,2,0,0,0.5256291627883911,0.4743707478046417
reflection_train,sub-38,5,1,1,1,0.10866987705230713,0.8913301825523376
reflection_train,sub-38,6,2,0,1,0.4402010142803192,0.5597990155220032
reflection_train,sub-38,7,0,1,1,0.2721506953239441,0.7278493046760559
reflection_train,sub-38,8,1,0,1,0.24948103725910187,0.7505189776420593
reflection_train,sub-38,9,3,1,1,0.3275359869003296,0.6724639534950256
reflection_train,sub-38,10,3,0,1,0.2732754945755005,0.7267244458198547
reflection_train,sub-38,11,0,1,0,0.7497978210449219,0.25020214915275574
reflection_train,sub-38,12,2,0,0,0.7009038925170898,0.2990961968898773
reflection_train,sub-38,13,0,1,0,0.912725031375885,0.08727491647005081
reflection_train,sub-38,14,4,0,1,0.31686732172966003,0.6831326484680176
reflection_train,sub-38,15,1,1,1,0.01328535657376051,0.9867146015167236
reflection_train,sub-38,16,0,0,1,0.07650291919708252,0.9234971404075623
reflection_train,sub-38,17,2,1,1,0.24864090979099274,0.7513591647148132
reflection_train,sub-38,18,4,0,1,0.2786337435245514,0.7213662266731262
reflection_train,sub-38,19,3,1,1,0.18091370165348053,0.8190862536430359
reflection_train,sub-38,20,0,0,0,0.9242544770240784,0.07574548572301865
reflection_train,sub-38,21,2,1,1,0.05564708635210991,0.944352924823761
reflection_train,sub-38,22,1,0,0,0.5139914155006409,0.4860086143016815
reflection_train,sub-38,23,1,1,0,0.6883158683776855,0.31168416142463684
reflection_train,sub-38,24,0,0,0,0.9825193285942078,0.017480691894888878
reflection_train,sub-38,25,4,1,1,0.24067525565624237,0.7593247890472412
reflection_train,sub-38,26,3,0,0,0.714738667011261,0.2852613627910614
reflection_train,sub-38,27,3,1,1,0.26097574830055237,0.7390241622924805
reflection_train,sub-38,28,1,0,0,0.9082943797111511,0.09170565754175186
reflection_train,sub-38,29,3,1,1,0.05986354872584343,0.9401364326477051
reflection_train,sub-38,30,4,0,0,0.8036217093467712,0.19637827575206757
reflection_train,sub-38,31,4,1,1,0.18912535905838013,0.8108746409416199
reflection_train,sub-38,32,4,0,0,0.7699108123779297,0.23008926212787628
reflection_train,sub-38,33,2,1,1,0.03507864847779274,0.9649212956428528
reflection_train,sub-38,34,3,0,1,0.18055468797683716,0.8194453120231628
reflection_train,sub-38,35,4,1,1,0.18816840648651123,0.8118316531181335
reflection_train,sub-38,36,1,0,0,0.631974458694458,0.368025541305542
reflection_train,sub-38,37,4,1,1,0.10577278584241867,0.8942272067070007
reflection_train,sub-38,38,0,0,0,0.7192116379737854,0.2807883322238922
reflection_train,sub-38,39,1,1,1,0.42096754908561707,0.5790324807167053
reflection_train,sub-39,0,3,0,0,0.5067200660705566,0.49327993392944336
reflection_train,sub-39,1,2,1,1,0.17208737134933472,0.8279125690460205
reflection_train,sub-39,2,2,0,1,0.4479489326477051,0.5520510673522949
reflection_train,sub-39,3,0,1,0,0.5984063148498535,0.4015936851501465
reflection_train,sub-39,4,2,0,0,0.6636399626731873,0.33636006712913513
reflection_train,sub-39,5,1,1,0,0.7282814979553223,0.27171850204467773
reflection_train,sub-39,6,2,0,0,0.7078232765197754,0.292176753282547
reflection_train,sub-39,7,0,1,0,0.5003497004508972,0.499650239944458
reflection_train,sub-39,8,1,0,0,0.6225212216377258,0.37747883796691895
reflection_train,sub-39,9,3,1,0,0.5698644518852234,0.430135577917099
reflection_train,sub-39,10,3,0,0,0.7423737645149231,0.25762614607810974
reflection_train,sub-39,11,0,1,0,0.653536856174469,0.34646308422088623
reflection_train,sub-39,12,2,0,1,0.141819030046463,0.8581809997558594
reflection_train,sub-39,13,0,1,1,0.42857828736305237,0.5714216828346252
reflection_train,sub-39,14,4,0,1,0.40317341685295105,0.5968265533447266
reflection_train,sub-39,15,1,1,0,0.5043719410896301,0.4956280291080475
reflection_train,sub-39,16,0,0,1,0.43299993872642517,0.5670000910758972
reflection_train,sub-39,17,2,1,1,0.12507128715515137,0.8749287128448486
reflection_train,sub-39,18,4,0,0,0.7535969614982605,0.2464030534029007
reflection_train,sub-39,19,3,1,1,0.339645653963089,0.6603543758392334
reflection_train,sub-39,20,0,0,0,0.5146487355232239,0.48535123467445374
reflection_train,sub-39,21,2,1,0,0.7291712164878845,0.27082881331443787
reflection_train,sub-39,22,1,0,0,0.6418007016181946,0.35819926857948303
reflection_train,sub-39,23,1,1,0,0.8910952210426331,0.10890474915504456
reflection_train,sub-39,24,0,0,0,0.5810146927833557,0.4189853370189667
reflection_train,sub-39,25,4,1,0,0.6347911357879639,0.36520886421203613
reflection_train,sub-39,26,3,0,1,0.399881511926651,0.6001184582710266
reflection_train,sub-39,27,3,1,0,0.7324212193489075,0.26757872104644775
reflection_train,sub-39,28,1,0,0,0.5059351921081543,0.4940648078918457
reflection_train,sub-39,29,3,1,1,0.48725786805152893,0.5127421021461487
reflection_train,sub-39,30,4,0,1,0.3705928325653076,0.6294071674346924
reflection_train,sub-39,31,4,1,0,0.7399911880493164,0.26000890135765076
reflection_train,sub-39,32,4,0,0,0.5532151460647583,0.4467848837375641
reflection_train,sub-39,33,2,1,1,0.3418121039867401,0.6581879258155823
reflection_train,sub-39,34,3,0,1,0.18458479642868042,0.8154152035713196
reflection_train,sub-39,35,4,1,0,0.6114150881767273,0.3885849714279175
reflection_train,sub-39,36,1,0,0,0.6488941311836243,0.35110583901405334
reflection_train,sub-39,37,4,1,1,0.1551825851202011,0.8448173403739929
reflection_train,sub-39,38,0,0,1,0.43820929527282715,0.5617907643318176
reflection_train,sub-39,39,1,1,0,0.5664941668510437,0.4335058033466339
reflection_train,sub-40,0,3,0,1,0.2739902436733246,0.7260097861289978
reflection_train,sub-40,1,2,1,0,0.6124056577682495,0.3875943124294281
reflection_train,sub-40,2,2,0,0,0.7083536982536316,0.291646271944046
reflection_train,sub-40,3,0,1,0,0.5366644263267517,0.4633355438709259
reflection_train,sub-40,4,2,0,0,0.714682400226593,0.2853175699710846
reflection_train,sub-40,5,1,1,1,0.27132686972618103,0.7286731600761414
reflection_train,sub-40,6,2,0,0,0.7746121287345886,0.22538793087005615
reflection_train,sub-40,7,0,1,0,0.6470536589622498,0.352946400642395
reflection_train,sub-40,8,1,0,0,0.8446103930473328,0.15538965165615082
reflection_train,sub-40,9,3,1,1,0.47077324986457825,0.5292267203330994
reflection_train,sub-40,10,3,0,1,0.2776254117488861,0.7223746180534363
reflection_train,sub-40,11,0,1,0,0.6069096326828003,0.3930903971195221
reflection_train,sub-40,12,2,0,0,0.681141197681427,0.3188588321208954
reflection_train,sub-40,13,0,1,0,0.6269133687019348,0.3730866611003876
reflection_train,sub-40,14,4,0,0,0.9164199233055115,0.0835801288485527
reflection_train,sub-40,15,1,1,1,0.13826309144496918,0.8617369532585144
reflection_train,sub-40,16,0,0,0,0.8359454274177551,0.16405463218688965
reflection_train,sub-40,17,2,1,0,0.7178072333335876,0.28219273686408997
reflection_train,sub-40,18,4,0,0,0.7982286810874939,0.2017713040113449
reflection_train,sub-40,19,3,1,1,0.26653018593788147,0.7334697842597961
reflection_train,sub-40,20,0,0,0,0.9763150215148926,0.023684995248913765
reflection_train,sub-40,21,2,1,1,0.3903193771839142,0.6096806526184082
reflection_train,sub-40,22,1,0,0,0.6997488141059875,0.30025121569633484
reflection_train,sub-40,23,1,1,1,0.32851049304008484,0.6714894771575928
reflection_train,sub-40,24,0,0,0,0.8310348391532898,0.1689651757478714
reflection_train,sub-40,25,4,1,1,0.4478228986263275,0.5521771907806396
reflection_train,sub-40,26,3,0,0,0.6064629554748535,0.3935370147228241
reflection_train,sub-40,27,3,1,0,0.7258517742156982,0.27414822578430176
reflection_train,sub-40,28,1,0,1,0.18120546638965607,0.8187944889068604
reflection_train,sub-40,29,3,1,1,0.20721887052059174,0.7927811145782471
reflection_train,sub-40,30,4,0,0,0.909606397151947,0.09039365500211716
reflection_train,sub-40,31,4,1,0,0.8154076933860779,0.18459230661392212
reflection_train,sub-40,32,4,0,1,0.19341564178466797,0.806584358215332
reflection_train,sub-40,33,2,1,1,0.4519123136997223,0.5480875968933105
reflection_train,sub-40,34,3,0,0,0.9000388979911804,0.09996113181114197
reflection_train,sub-40,35,4,1,0,0.7965475916862488,0.20345234870910645
reflection_train,sub-40,36,1,0,0,0.6992663741111755,0.30073368549346924
reflection_train,sub-40,37,4,1,1,0.47961392998695374,0.5203860402107239
reflection_train,sub-40,38,0,0,1,0.3600451946258545,0.6399548649787903
reflection_train,sub-40,39,1,1,1,0.1322266310453415,0.8677733540534973
reflection_train,sub-41,0,3,0,0,0.6010362505912781,0.3989637792110443
reflection_train,sub-41,1,2,1,0,0.8559021949768066,0.14409781992435455
reflection_train,sub-41,2,2,0,0,0.9670460820198059,0.03295388072729111
reflection_train,sub-41,3,0,1,1,0.46439328789711,0.5356066823005676
reflection_train,sub-41,4,2,0,1,0.20996010303497314,0.7900398373603821
reflection_train,sub-41,5,1,1,0,0.601376473903656,0.3986234962940216
reflection_train,sub-41,6,2,0,0,0.6445033550262451,0.3554966151714325
reflection_train,sub-41,7,0,1,0,0.6293297410011292,0.37067022919654846
reflection_train,sub-41,8,1,0,1,0.3657601773738861,0.6342398524284363
reflection_train,sub-41,9,3,1,1,0.4092946946620941,0.5907053351402283
reflection_train,sub-41,10,3,0,1,0.4203530251979828,0.57964688539505
reflection_train,sub-41,11,0,1,1,0.3258224427700043,0.6741775870323181
reflection_train,sub-41,12,2,0,1,0.10743340104818344,0.8925665020942688
reflection_train,sub-41,13,0,1,1,0.48377665877342224,0.5162233710289001
reflection_train,sub-41,14,4,0,0,0.8522902131080627,0.14770974218845367
reflection_train,sub-41,15,1,1,1,0.12994131445884705,0.8700587153434753
reflection_train,sub-41,16,0,0,0,0.5844934582710266,0.415506511926651
reflection_train,sub-41,17,2,1,1,0.052561622112989426,0.9474382996559143
reflection_train,sub-41,18,4,0,0,0.6532027125358582,0.34679725766181946
reflection_train,sub-41,19,3,1,0,0.6439678072929382,0.35603222250938416
reflection_train,sub-41,20,0,0,1,0.40538302063941956,0.5946169495582581
reflection_train,sub-41,21,2,1,0,0.515978217124939,0.48402178287506104
reflection_train,sub-41,22,1,0,0,0.6933865547180176,0.3066134452819824
reflection_train,sub-41,23,1,1,0,0.6935542225837708,0.30644574761390686
reflection_train,sub-41,24,0,0,1,0.3305568993091583,0.6694431304931641
reflection_train,sub-41,25,4,1,0,0.5033184885978699,0.49668148159980774
reflection_train,sub-41,26,3,0,0,0.6212322115898132,0.3787677586078644
reflection_train,sub-41,27,3,1,1,0.09368520975112915,0.9063148498535156
reflection_train,sub-41,28,1,0,0,0.8276113867759705,0.17238862812519073
reflection_train,sub-41,29,3,1,0,0.6730890870094299,0.3269108533859253
reflection_train,sub-41,30,4,0,0,0.7170036435127258,0.282996267080307
reflection_train,sub-41,31,4,1,0,0.629502534866333,0.370497465133667
reflection_train,sub-41,32,4,0,1,0.29281023144721985,0.7071897983551025
reflection_train,sub-41,33,2,1,0,0.8223953247070312,0.17760471999645233
reflection_train,sub-41,34,3,0,0,0.6587435603141785,0.34125640988349915
reflection_train,sub-41,35,4,1,0,0.7220274806022644,0.27797257900238037
reflection_train,sub-41,36,1,0,1,0.4668956696987152,0.5331043601036072
reflection_train,sub-41,37,4,1,1,0.4048769474029541,0.5951230525970459
reflection_train,sub-41,38,0,0,0,0.5844941735267639,0.41550588607788086
reflection_train,sub-41,39,1,1,0,0.5432376861572266,0.45676231384277344
reflection_train,sub-42,0,3,0,0,0.6324943900108337,0.36750563979148865
reflection_train,sub-42,1,2,1,1,0.17742764949798584,0.8225724101066589
reflection_train,sub-42,2,2,0,0,0.7896056175231934,0.21039433777332306
reflection_train,sub-42,3,0,1,1,0.17974776029586792,0.8202522397041321
reflection_train,sub-42,4,2,0,1,0.4792496860027313,0.5207503437995911
reflection_train,sub-42,5,1,1,0,0.6451137661933899,0.3548862040042877
reflection_train,sub-42,6,2,0,1,0.2460598200559616,0.7539401650428772
reflection_train,sub-42,7,0,1,1,0.27716419100761414,0.7228357791900635
reflection_train,sub-42,8,1,0,1,0.4769408702850342,0.523059070110321
reflection_train,sub-42,9,3,1,1,0.26407429575920105,0.7359256744384766
reflection_train,sub-42,10,3,0,1,0.4429280757904053,0.5570719242095947
reflection_train,sub-42,11,0,1,1,0.09344270825386047,0.9065572619438171
reflection_train,sub-42,12,2,0,0,0.6140835285186768,0.38591647148132324
reflection_train,sub-42,13,0,1,1,0.2855701744556427,0.7144298553466797
reflection_train,sub-42,14,4,0,0,0.7235622406005859,0.27643775939941406
reflection_train,sub-42,15,1,1,1,0.02281787060201168,0.977182149887085
reflection_train,sub-42,16,0,0,0,0.7118092179298401,0.2881907522678375
reflection_train,sub-42,17,2,1,0,0.8155894875526428,0.18441052734851837
reflection_train,sub-42,18,4,0,0,0.627005934715271,0.3729940354824066
reflection_train,sub-42,19,3,1,1,0.3987741470336914,0.6012258529663086
reflection_train,sub-42,20,0,0,1,0.23860447108745575,0.7613955140113831
reflection_train,sub-42,21,2,1,1,0.3399047553539276,0.66009521484375
reflection_train,sub-42,22,1,0,0,0.830920934677124,0.16907906532287598
reflection_train,sub-42,23,1,1,0,0.6033063530921936,0.396693617105484
reflection_train,sub-42,24,0,0,0,0.5302577614784241,0.46974217891693115
reflection_train,sub-42,25,4,1,0,0.5650715231895447,0.4349285364151001
reflection_train,sub-42,26,3,0,0,0.8779169917106628,0.12208297848701477
reflection_train,sub-42,27,3,1,1,0.27043628692626953,0.7295637130737305
reflection_train,sub-42,28,1,0,0,0.5609696507453918,0.43903031945228577
reflection_train,sub-42,29,3,1,1,0.28802910447120667,0.7119709849357605
reflection_train,sub-42,30,4,0,0,0.7963424324989319,0.20365755259990692
reflection_train,sub-42,31,4,1,1,0.29395580291748047,0.7060441970825195
reflection_train,sub-42,32,4,0,0,0.9061846733093262,0.09381532669067383
reflection_train,sub-42,33,2,1,0,0.8028901219367981,0.19710983335971832
reflection_train,sub-42,34,3,0,0,0.839451253414154,0.16054873168468475
reflection_train,sub-42,35,4,1,0,0.7232449054718018,0.27675506472587585
reflection_train,sub-42,36,1,0,1,0.46931514143943787,0.5306848883628845
reflection_train,sub-42,37,4,1,0,0.6406046748161316,0.3593953549861908
reflection_train,sub-42,38,0,0,0,0.6246933937072754,0.3753066062927246
reflection_train,sub-42,39,1,1,0,0.5169022083282471,0.48309779167175293
reflection_train,sub-43,0,3,0,0,0.8733808398246765,0.12661920487880707
reflection_train,sub-43,1,2,1,0,0.8195667266845703,0.18043331801891327
reflection_train,sub-43,2,2,0,0,0.818154513835907,0.1818455308675766
reflection_train,sub-43,3,0,1,1,0.2026706337928772,0.7973293662071228
reflection_train,sub-43,4,2,0,0,0.8909981846809387,0.10900178551673889
reflection_train,sub-43,5,1,1,0,0.5368197560310364,0.46318021416664124
reflection_train,sub-43,6,2,0,0,0.5927656292915344,0.4072343409061432
reflection_train,sub-43,7,0,1,0,0.8128915429115295,0.18710839748382568
reflection_train,sub-43,8,1,0,1,0.3828834593296051,0.6171165108680725
reflection_train,sub-43,9,3,1,1,0.4662857949733734,0.5337141156196594
reflection_train,sub-43,10,3,0,1,0.45313701033592224,0.5468630194664001
reflection_train,sub-43,11,0,1,1,0.250285804271698,0.749714195728302
reflection_train,sub-43,12,2,0,0,0.7003629207611084,0.299637109041214
reflection_train,sub-43,13,0,1,1,0.4755038321018219,0.5244961380958557
reflection_train,sub-43,14,4,0,0,0.7737574577331543,0.2262425422668457
reflection_train,sub-43,15,1,1,1,0.3358032703399658,0.6641967296600342
reflection_train,sub-43,16,0,0,1,0.20533387362957,0.7946661114692688
reflection_train,sub-43,17,2,1,1,0.31808480620384216,0.6819152235984802
reflection_train,sub-43,18,4,0,0,0.602155327796936,0.39784470200538635
reflection_train,sub-43,19,3,1,1,0.45877397060394287,0.5412259697914124
reflection_train,sub-43,20,0,0,1,0.34921205043792725,0.6507880091667175
reflection_train,sub-43,21,2,1,0,0.5312803387641907,0.4687197208404541
reflection_train,sub-43,22,1,0,1,0.34655189514160156,0.6534481048583984
reflection_train,sub-43,23,1,1,1,0.4054964482784271,0.5945035815238953
reflection_train,sub-43,24,0,0,1,0.2857719361782074,0.7142281532287598
reflection_train,sub-43,25,4,1,1,0.4420353174209595,0.5579646825790405
reflection_train,sub-43,26,3,0,0,0.9447565674781799,0.05524342879652977
reflection_train,sub-43,27,3,1,1,0.4480349123477936,0.551965057849884
reflection_train,sub-43,28,1,0,1,0.1919710487127304,0.8080289363861084
reflection_train,sub-43,29,3,1,1,0.2626672089099884,0.7373327612876892
reflection_train,sub-43,30,4,0,1,0.22058109939098358,0.7794188857078552
reflection_train,sub-43,31,4,1,0,0.5622145533561707,0.43778541684150696
reflection_train,sub-43,32,4,0,0,0.7856510281562805,0.2143489122390747
reflection_train,sub-43,33,2,1,0,0.84256911277771,0.15743087232112885
reflection_train,sub-43,34,3,0,0,0.5487795472145081,0.45122042298316956
reflection_train,sub-43,35,4,1,1,0.2006271481513977,0.7993728518486023
reflection_train,sub-43,36,1,0,0,0.6653605103492737,0.33463945984840393
reflection_train,sub-43,37,4,1,1,0.23913179337978363,0.7608682513237
reflection_train,sub-43,38,0,0,0,0.6498600840568542,0.35013994574546814
reflection_train,sub-43,39,1,1,1,0.2566482126712799,0.7433517575263977
reflection_train,sub-44,0,3,0,0,0.5473666787147522,0.4526333808898926
reflection_train,sub-44,1,2,1,0,0.6581103205680847,0.3418896198272705
reflection_train,sub-44,2,2,0,0,0.9117014408111572,0.0882984921336174
reflection_train,sub-44,3,0,1,1,0.1607000082731247,0.8392999768257141
reflection_train,sub-44,4,2,0,0,0.5397382974624634,0.46026167273521423
reflection_train,sub-44,5,1,1,1,0.3057136535644531,0.6942863464355469
reflection_train,sub-44,6,2,0,1,0.48762622475624084,0.5123738050460815
reflection_train,sub-44,7,0,1,1,0.20933961868286133,0.7906603813171387
reflection_train,sub-44,8,1,0,0,0.6612462997436523,0.33875367045402527
reflection_train,sub-44,9,3,1,1,0.19565820693969727,0.8043417930603027
reflection_train,sub-44,10,3,0,0,0.7869701385498047,0.21302978694438934
reflection_train,sub-44,11,0,1,1,0.3684046268463135,0.6315953731536865
reflection_train,sub-44,12,2,0,0,0.8358697891235352,0.164130300283432
reflection_train,sub-44,13,0,1,1,0.1544518917798996,0.8455480933189392
reflection_train,sub-44,14,4,0,0,0.8177089691162109,0.18229103088378906
reflection_train,sub-44,15,1,1,1,0.08363679051399231,0.9163631796836853
reflection_train,sub-44,16,0,0,0,0.5660492777824402,0.4339507818222046
reflection_train,sub-44,17,2,1,0,0.6767744421958923,0.32322558760643005
reflection_train,sub-44,18,4,0,0,0.5590181350708008,0.44098177552223206
reflection_train,sub-44,19,3,1,1,0.22377943992614746,0.7762205600738525
reflection_train,sub-44,20,0,0,0,0.563850462436676,0.4361495077610016
reflection_train,sub-44,21,2,1,0,0.5819064974784851,0.41809356212615967
reflection_train,sub-44,22,1,0,1,0.44964003562927246,0.5503599643707275
reflection_train,sub-44,23,1,1,1,0.25223731994628906,0.7477626800537109
reflection_train,sub-44,24,0,0,1,0.4572478234767914,0.542752206325531
reflection_train,sub-44,25,4,1,0,0.5427452325820923,0.4572547674179077
reflection_train,sub-44,26,3,0,0,0.5299773216247559,0.47002270817756653
reflection_train,sub-44,27,3,1,1,0.47394558787345886,0.5260544419288635
reflection_train,sub-44,28,1,0,1,0.4314952790737152,0.5685046911239624
reflection_train,sub-44,29,3,1,0,0.5108761787414551,0.48912379145622253
reflection_train,sub-44,30,4,0,0,0.7453853487968445,0.2546146810054779
reflection_train,sub-44,31,4,1,1,0.4147714674472809,0.5852285027503967
reflection_train,sub-44,32,4,0,0,0.6725540161132812,0.32744601368904114
reflection_train,sub-44,33,2,1,1,0.2970401644706726,0.7029598355293274
reflection_train,sub-44,34,3,0,1,0.19077086448669434,0.8092290759086609
reflection_train,sub-44,35,4,1,1,0.4375072717666626,0.5624927878379822
reflection_train,sub-44,36,1,0,1,0.3300268352031708,0.6699731945991516
reflection_train,sub-44,37,4,1,1,0.40431734919548035,0.5956826210021973
reflection_train,sub-44,38,0,0,0,0.5311468243598938,0.4688531458377838
reflection_train,sub-44,39,1,1,1,0.30850496888160706,0.6914950013160706
reflection_train,sub-45,0,3,0,1,0.3249088525772095,0.6750912070274353
reflection_train,sub-45,1,2,1,0,0.5183126330375671,0.4816873073577881
reflection_train,sub-45,2,2,0,0,0.7606976628303528,0.2393023520708084
reflection_train,sub-45,3,0,1,0,0.5196720361709595,0.48032793402671814
reflection_train,sub-45,4,2,0,0,0.8430824279785156,0.15691758692264557
reflection_train,sub-45,5,1,1,0,0.5209316611289978,0.4790683686733246
reflection_train,sub-45,6,2,0,0,0.6574172377586365,0.3425828218460083
reflection_train,sub-45,7,0,1,0,0.5808890461921692,0.4191109836101532
reflection_train,sub-45,8,1,0,0,0.5251812934875488,0.47481873631477356
reflection_train,sub-45,9,3,1,1,0.19389893114566803,0.8061010241508484
reflection_train,sub-45,10,3,0,0,0.7774717211723328,0.22252826392650604
reflection_train,sub-45,11,0,1,1,0.19151534140110016,0.8084847331047058
reflection_train,sub-45,12,2,0,0,0.9327442049980164,0.06725577265024185
reflection_train,sub-45,13,0,1,1,0.05475347116589546,0.9452465176582336
reflection_train,sub-45,14,4,0,0,0.6359312534332275,0.36406874656677246
reflection_train,sub-45,15,1,1,1,0.45438316464424133,0.545616865158081
reflection_train,sub-45,16,0,0,1,0.2838834822177887,0.7161164879798889
reflection_train,sub-45,17,2,1,1,0.264066219329834,0.735933780670166
reflection_train,sub-45,18,4,0,0,0.7245657444000244,0.275434285402298
reflection_train,sub-45,19,3,1,1,0.058759886771440506,0.9412400722503662
reflection_train,sub-45,20,0,0,0,0.556542694568634,0.44345736503601074
reflection_train,sub-45,21,2,1,1,0.3816439211368561,0.6183561682701111
reflection_train,sub-45,22,1,0,0,0.6303544044494629,0.3696456253528595
reflection_train,sub-45,23,1,1,1,0.22165018320083618,0.7783498764038086
reflection_train,sub-45,24,0,0,0,0.5916257500648499,0.40837427973747253
reflection_train,sub-45,25,4,1,0,0.6164162755012512,0.3835836946964264
reflection_train,sub-45,26,3,0,1,0.164084330201149,0.8359156250953674
reflection_train,sub-45,27,3,1,1,0.05577385425567627,0.944226086139679
reflection_train,sub-45,28,1,0,1,0.21083877980709076,0.789161205291748
reflection_train,sub-45,29,3,1,0,0.7484727501869202,0.25152722001075745
reflection_train,sub-45,30,4,0,0,0.761422336101532,0.2385777086019516
reflection_train,sub-45,31,4,1,0,0.5733025670051575,0.42669740319252014
reflection_train,sub-45,32,4,0,0,0.5804920196533203,0.4195079803466797
reflection_train,sub-45,33,2,1,0,0.6938623785972595,0.3061376214027405
reflection_train,sub-45,34,3,0,1,0.44921204447746277,0.5507879853248596
reflection_train,sub-45,35,4,1,1,0.45676562190055847,0.5432344079017639
reflection_train,sub-45,36,1,0,0,0.5341956615447998,0.4658043384552002
reflection_train,sub-45,37,4,1,0,0.7608568072319031,0.23914320766925812
reflection_train,sub-45,38,0,0,1,0.3990386426448822,0.6009613871574402
reflection_train,sub-45,39,1,1,1,0.3092995882034302,0.6907004714012146
reflection_train,sub-46,0,3,0,0,0.5059742331504822,0.4940257966518402
reflection_train,sub-46,1,2,1,1,0.49657806754112244,0.5034219622612
reflection_train,sub-46,2,2,0,0,0.5594118237495422,0.44058820605278015
reflection_train,sub-46,3,0,1,1,0.45750001072883606,0.5424999594688416
reflection_train,sub-46,4,2,0,1,0.06392256170511246,0.9360774159431458
reflection_train,sub-46,5,1,1,0,0.5072148442268372,0.49278518557548523
reflection_train,sub-46,6,2,0,0,0.6824855208396912,0.31751447916030884
reflection_train,sub-46,7,0,1,0,0.5406092405319214,0.4593907594680786
reflection_train,sub-46,8,1,0,0,0.5330703854560852,0.4669295847415924
reflection_train,sub-46,9,3,1,0,0.8107296824455261,0.1892702579498291
reflection_train,sub-46,10,3,0,0,0.5550883412361145,0.4449116885662079
reflection_train,sub-46,11,0,1,1,0.20233137905597687,0.7976686358451843
reflection_train,sub-46,12,2,0,1,0.20581559836864471,0.7941843867301941
reflection_train,sub-46,13,0,1,1,0.4090164601802826,0.5909835696220398
reflection_train,sub-46,14,4,0,0,0.7393126487731934,0.26068732142448425
reflection_train,sub-46,15,1,1,1,0.08943600207567215,0.9105639457702637
reflection_train,sub-46,16,0,0,0,0.6234623789787292,0.37653765082359314
reflection_train,sub-46,17,2,1,1,0.43172362446784973,0.5682763457298279
reflection_train,sub-46,18,4,0,0,0.6125621795654297,0.3874378204345703
reflection_train,sub-46,19,3,1,0,0.9494926333427429,0.05050740763545036
reflection_train,sub-46,20,0,0,0,0.7410604357719421,0.25893956422805786
reflection_train,sub-46,21,2,1,1,0.38926851749420166,0.6107315421104431
reflection_train,sub-46,22,1,0,1,0.31561392545700073,0.6843860745429993
reflection_train,sub-46,23,1,1,0,0.7214734554290771,0.27852651476860046
reflection_train,sub-46,24,0,0,0,0.7989799380302429,0.20102010667324066
reflection_train,sub-46,25,4,1,1,0.21228842437267303,0.7877116203308105
reflection_train,sub-46,26,3,0,1,0.4172443151473999,0.5827556848526001
reflection_train,sub-46,27,3,1,1,0.37952616810798645,0.6204738020896912
reflection_train,sub-46,28,1,0,1,0.4237033426761627,0.5762966275215149
reflection_train,sub-46,29,3,1,0,0.6509867906570435,0.34901317954063416
reflection_train,sub-46,30,4,0,1,0.2788296937942505,0.7211703658103943
reflection_train,sub-46,31,4,1,1,0.390162855386734,0.6098371148109436
reflection_train,sub-46,32,4,0,0,0.7192645072937012,0.28073546290397644
reflection_train,sub-46,33,2,1,1,0.47706925868988037,0.5229308009147644
reflection_train,sub-46,34,3,0,1,0.47198060154914856,0.528019368648529
reflection_train,sub-46,35,4,1,0,0.8916311264038086,0.1083688959479332
reflection_train,sub-46,36,1,0,0,0.8869554400444031,0.11304453760385513
reflection_train,sub-46,37,4,1,0,0.6247401833534241,0.37525975704193115
reflection_train,sub-46,38,0,0,0,0.7135036587715149,0.2864963710308075
reflection_train,sub-46,39,1,1,1,0.3751652240753174,0.6248347759246826
reflection_train,sub-47,0,3,0,1,0.4222480356693268,0.5777520537376404
reflection_train,sub-47,1,2,1,1,0.2788837254047394,0.7211162447929382
reflection_train,sub-47,2,2,0,0,0.8134313225746155,0.18656866252422333
reflection_train,sub-47,3,0,1,0,0.5004400610923767,0.4995599091053009
reflection_train,sub-47,4,2,0,0,0.7183253169059753,0.28167474269866943
reflection_train,sub-47,5,1,1,0,0.5045918822288513,0.4954080581665039
reflection_train,sub-47,6,2,0,1,0.13173992931842804,0.8682600855827332
reflection_train,sub-47,7,0,1,0,0.6719501614570618,0.32804980874061584
reflection_train,sub-47,8,1,0,0,0.6639828085899353,0.3360171616077423
reflection_train,sub-47,9,3,1,0,0.5293987393379211,0.47060132026672363
reflection_train,sub-47,10,3,0,1,0.25383517146110535,0.746164858341217
reflection_train,sub-47,11,0,1,0,0.5370448231697083,0.4629552364349365
reflection_train,sub-47,12,2,0,1,0.15829002857208252,0.8417100310325623
reflection_train,sub-47,13,0,1,0,0.7501378059387207,0.24986223876476288
reflection_train,sub-47,14,4,0,1,0.1342545598745346,0.865745484828949
reflection_train,sub-47,15,1,1,0,0.5940614342689514,0.4059385061264038
reflection_train,sub-47,16,0,0,0,0.6310089230537415,0.36899104714393616
reflection_train,sub-47,17,2,1,0,0.662106454372406,0.3378935754299164
reflection_train,sub-47,18,4,0,1,0.4280768930912018,0.5719230771064758
reflection_train,sub-47,19,3,1,1,0.3601309359073639,0.6398690342903137
reflection_train,sub-47,20,0,0,1,0.36712273955345154,0.6328772902488708
reflection_train,sub-47,21,2,1,1,0.32407960295677185,0.675920307636261
reflection_train,sub-47,22,1,0,0,0.5997567176818848,0.40024319291114807
reflection_train,sub-47,23,1,1,0,0.612945020198822,0.3870549499988556
reflection_train,sub-47,24,0,0,1,0.4738231599330902,0.5261768698692322
reflection_train,sub-47,25,4,1,1,0.3306795656681061,0.6693204045295715
reflection_train,sub-47,26,3,0,1,0.47162237763404846,0.5283775925636292
reflection_train,sub-47,27,3,1,1,0.2424476146697998,0.7575523853302002
reflection_train,sub-47,28,1,0,0,0.6180630922317505,0.3819368779659271
reflection_train,sub-47,29,3,1,1,0.13466961681842804,0.8653303980827332
reflection_train,sub-47,30,4,0,1,0.4359833300113678,0.5640166401863098
reflection_train,sub-47,31,4,1,1,0.430609792470932,0.5693901777267456
reflection_train,sub-47,32,4,0,1,0.4740530550479889,0.5259469151496887
reflection_train,sub-47,33,2,1,0,0.6613505482673645,0.3386494219303131
reflection_train,sub-47,34,3,0,0,0.6409945487976074,0.35900548100471497
reflection_train,sub-47,35,4,1,0,0.7999349236488342,0.20006506145000458
reflection_train,sub-47,36,1,0,0,0.5739132165908813,0.42608681321144104
reflection_train,sub-47,37,4,1,1,0.3041013777256012,0.6958985924720764
reflection_train,sub-47,38,0,0,1,0.4237128496170044,0.5762871503829956
reflection_train,sub-47,39,1,1,1,0.18959128856658936,0.8104086518287659
reflection_train,sub-48,0,3,0,0,0.5813115239143372,0.4186885356903076
reflection_train,sub-48,1,2,1,1,0.18836992979049683,0.8116300702095032
reflection_train,sub-48,2,2,0,0,0.5393113493919373,0.46068862080574036
reflection_train,sub-48,3,0,1,1,0.4658122956752777,0.5341877341270447
reflection_train,sub-48,4,2,0,0,0.6369420289993286,0.3630580008029938
reflection_train,sub-48,5,1,1,1,0.041492264717817307,0.958507776260376
reflection_train,sub-48,6,2,0,1,0.41884827613830566,0.5811516642570496
reflection_train,sub-48,7,0,1,1,0.06147387623786926,0.9385261535644531
reflection_train,sub-48,8,1,0,1,0.3259481191635132,0.6740519404411316
reflection_train,sub-48,9,3,1,1,0.25014033913612366,0.749859631061554
reflection_train,sub-48,10,3,0,0,0.580788254737854,0.4192117154598236
reflection_train,sub-48,11,0,1,1,0.4237630069255829,0.5762369632720947
reflection_train,sub-48,12,2,0,0,0.5936333537101746,0.4063666760921478
reflection_train,sub-48,13,0,1,1,0.28849512338638306,0.7115048766136169
reflection_train,sub-48,14,4,0,1,0.39055123925209045,0.6094487309455872
reflection_train,sub-48,15,1,1,0,0.9548282623291016,0.04517173767089844
reflection_train,sub-48,16,0,0,0,0.5056669116020203,0.4943331480026245
reflection_train,sub-48,17,2,1,0,0.7426813244819641,0.2573186457157135
reflection_train,sub-48,18,4,0,0,0.6512910723686218,0.34870898723602295
reflection_train,sub-48,19,3,1,1,0.33760401606559753,0.6623960137367249
reflection_train,sub-48,20,0,0,0,0.5405046939849854,0.45949530601501465
reflection_train,sub-48,21,2,1,1,0.4119774401187897,0.5880225300788879
reflection_train,sub-48,22,1,0,0,0.5685102343559265,0.4314897954463959
reflection_train,sub-48,23,1,1,1,0.2873494029045105,0.7126505970954895
reflection_train,sub-48,24,0,0,1,0.3423785865306854,0.6576213836669922
reflection_train,sub-48,25,4,1,1,0.34528979659080505,0.6547102332115173
reflection_train,sub-48,26,3,0,1,0.46706604957580566,0.5329339504241943
reflection_train,sub-48,27,3,1,0,0.6949851512908936,0.30501487851142883
reflection_train,sub-48,28,1,0,0,0.7302250862121582,0.2697749435901642
reflection_train,sub-48,29,3,1,0,0.9545750617980957,0.045424934476614
reflection_train,sub-48,30,4,0,0,0.7526676058769226,0.24733249843120575
reflection_train,sub-48,31,4,1,0,0.6608731150627136,0.33912691473960876
reflection_train,sub-48,32,4,0,0,0.6859605312347412,0.3140394985675812
reflection_train,sub-48,33,2,1,0,0.7542986273765564,0.2457013875246048
reflection_train,sub-48,34,3,0,0,0.7699987888336182,0.23000121116638184
reflection_train,sub-48,35,4,1,1,0.3088906705379486,0.6911093592643738
reflection_train,sub-48,36,1,0,1,0.23732511699199677,0.7626749873161316
reflection_train,sub-48,37,4,1,0,0.6851248145103455,0.3148752450942993
reflection_train,sub-48,38,0,0,1,0.31877514719963074,0.6812248229980469
reflection_train,sub-48,39,1,1,0,0.697770893573761,0.302229106426239
reflection_train,sub-49,0,3,0,0,0.523061215877533,0.47693872451782227
reflection_train,sub-49,1,2,1,0,0.6747518181800842,0.32524821162223816
reflection_train,sub-49,2,2,0,0,0.5533744692802429,0.44662556052207947
reflection_train,sub-49,3,0,1,1,0.33983397483825684,0.6601660847663879
reflection_train,sub-49,4,2,0,1,0.49841752648353577,0.5015824437141418
reflection_train,sub-49,5,1,1,1,0.39269641041755676,0.6073035597801208
reflection_train,sub-49,6,2,0,1,0.41037705540657043,0.589622974395752
reflection_train,sub-49,7,0,1,1,0.3621797263622284,0.637820303440094
reflection_train,sub-49,8,1,0,0,0.5628188252449036,0.43718114495277405
reflection_train,sub-49,9,3,1,1,0.4327714443206787,0.5672284960746765
reflection_train,sub-49,10,3,0,0,0.5082821846008301,0.4917178153991699
reflection_train,sub-49,11,0,1,1,0.4057786762714386,0.594221293926239
reflection_train,sub-49,12,2,0,0,0.5431103706359863,0.4568895399570465
reflection_train,sub-49,13,0,1,0,0.5047599077224731,0.4952400028705597
reflection_train,sub-49,14,4,0,1,0.44961121678352356,0.550388753414154
reflection_train,sub-49,15,1,1,1,0.4662811756134033,0.5337188243865967
reflection_train,sub-49,16,0,0,0,0.5189138650894165,0.4810861647129059
reflection_train,sub-49,17,2,1,1,0.47524294257164,0.5247570872306824
reflection_train,sub-49,18,4,0,1,0.39153265953063965,0.6084673404693604
reflection_train,sub-49,19,3,1,0,0.5256468653678894,0.474353164434433
reflection_train,sub-49,20,0,0,0,0.5150052309036255,0.4849947988986969
reflection_train,sub-49,21,2,1,0,0.5646683573722839,0.4353316128253937
reflection_train,sub-49,22,1,0,1,0.30370715260505676,0.6962928771972656
reflection_train,sub-49,23,1,1,1,0.45788636803627014,0.5421136021614075
reflection_train,sub-49,24,0,0,0,0.6779744625091553,0.3220255374908447
reflection_train,sub-49,25,4,1,1,0.49542197585105896,0.5045780539512634
reflection_train,sub-49,26,3,0,0,0.5977242588996887,0.40227577090263367
reflection_train,sub-49,27,3,1,1,0.42318853735923767,0.5768114924430847
reflection_train,sub-49,28,1,0,1,0.4743625819683075,0.5256374478340149
reflection_train,sub-49,29,3,1,1,0.484020471572876,0.5159794688224792
reflection_train,sub-49,30,4,0,0,0.6118363738059998,0.38816359639167786
reflection_train,sub-49,31,4,1,0,0.6244331002235413,0.3755669593811035
reflection_train,sub-49,32,4,0,0,0.5636335611343384,0.4363664388656616
reflection_train,sub-49,33,2,1,0,0.5064367055892944,0.49356329441070557
reflection_train,sub-49,34,3,0,0,0.6707839369773865,0.3292161226272583
reflection_train,sub-49,35,4,1,0,0.5332708358764648,0.46672913432121277
reflection_train,sub-49,36,1,0,1,0.42353639006614685,0.5764636397361755
reflection_train,sub-49,37,4,1,1,0.4688527584075928,0.5311471819877625
reflection_train,sub-49,38,0,0,1,0.34587255120277405,0.6541274189949036
reflection_train,sub-49,39,1,1,1,0.41822901368141174,0.5817709565162659
reflection_train,sub-50,0,3,0,0,0.794553279876709,0.2054467648267746
reflection_train,sub-50,1,2,1,1,0.45141175389289856,0.548588216304779
reflection_train,sub-50,2,2,0,0,0.6174966096878052,0.38250336050987244
reflection_train,sub-50,3,0,1,1,0.45254531502723694,0.5474546551704407
reflection_train,sub-50,4,2,0,0,0.855712354183197,0.14428766071796417
reflection_train,sub-50,5,1,1,1,0.4059995114803314,0.5940004587173462
reflection_train,sub-50,6,2,0,1,0.44775334000587463,0.552246630191803
reflection_train,sub-50,7,0,1,1,0.4031236469745636,0.5968763828277588
reflection_train,sub-50,8,1,0,1,0.3666536808013916,0.6333463191986084
reflection_train,sub-50,9,3,1,0,0.6139917373657227,0.38600829243659973
reflection_train,sub-50,10,3,0,0,0.647193431854248,0.35280656814575195
reflection_train,sub-50,11,0,1,1,0.23247504234313965,0.7675249576568604
reflection_train,sub-50,12,2,0,0,0.8932580947875977,0.10674192756414413
reflection_train,sub-50,13,0,1,1,0.34110262989997864,0.6588973999023438
reflection_train,sub-50,14,4,0,1,0.16251744329929352,0.8374825119972229
reflection_train,sub-50,15,1,1,1,0.4563100337982178,0.5436899065971375
reflection_train,sub-50,16,0,0,0,0.517664909362793,0.48233509063720703
reflection_train,sub-50,17,2,1,1,0.4531046450138092,0.5468953251838684
reflection_train,sub-50,18,4,0,1,0.3178090453147888,0.6821909546852112
reflection_train,sub-50,19,3,1,0,0.753350019454956,0.24664998054504395
reflection_train,sub-50,20,0,0,0,0.5176785588264465,0.4823214113712311
reflection_train,sub-50,21,2,1,0,0.5246655941009521,0.47533440589904785
reflection_train,sub-50,22,1,0,0,0.509565532207489,0.4904344081878662
reflection_train,sub-50,23,1,1,0,0.7143964171409607,0.2856036424636841
reflection_train,sub-50,24,0,0,0,0.6905001997947693,0.3094998598098755
reflection_train,sub-50,25,4,1,1,0.3986525237560272,0.6013475060462952
reflection_train,sub-50,26,3,0,0,0.7225063443183899,0.2774936258792877
reflection_train,sub-50,27,3,1,0,0.521396815776825,0.47860315442085266
reflection_train,sub-50,28,1,0,0,0.6484127044677734,0.35158729553222656
reflection_train,sub-50,29,3,1,0,0.7641904950141907,0.23580951988697052
reflection_train,sub-50,30,4,0,1,0.4934869110584259,0.5065131187438965
reflection_train,sub-50,31,4,1,1,0.26227855682373047,0.7377214431762695
reflection_train,sub-50,32,4,0,0,0.7443007826805115,0.2556992769241333
reflection_train,sub-50,33,2,1,1,0.47822901606559753,0.5217710137367249
reflection_train,sub-50,34,3,0,0,0.5141832828521729,0.48581668734550476
reflection_train,sub-50,35,4,1,0,0.5409769415855408,0.4590230882167816
reflection_train,sub-50,36,1,0,1,0.4779336154460907,0.5220664143562317
reflection_train,sub-50,37,4,1,1,0.2105361670255661,0.7894638180732727
reflection_train,sub-50,38,0,0,0,0.5504658222198486,0.44953417778015137
reflection_train,sub-50,39,1,1,1,0.4919795095920563,0.5080204606056213
reflection_train_tta,sub-01,0,3,0,1,0.49636635184288025,0.5036336779594421
reflection_train_tta,sub-01,1,2,1,0,0.5601541996002197,0.43984583020210266
reflection_train_tta,sub-01,2,2,0,1,0.25458887219429016,0.7454110980033875
reflection_train_tta,sub-01,3,0,1,1,0.2776202857494354,0.7223796844482422
reflection_train_tta,sub-01,4,2,0,0,0.6154745221138,0.3845255374908447
reflection_train_tta,sub-01,5,1,1,0,0.5541442036628723,0.4458558261394501
reflection_train_tta,sub-01,6,2,0,1,0.4876868724822998,0.5123131275177002
reflection_train_tta,sub-01,7,0,1,0,0.7763962149620056,0.22360384464263916
reflection_train_tta,sub-01,8,1,0,0,0.7813770771026611,0.21862292289733887
reflection_train_tta,sub-01,9,3,1,1,0.3290064334869385,0.6709935665130615
reflection_train_tta,sub-01,10,3,0,0,0.5174302458763123,0.48256972432136536
reflection_train_tta,sub-01,11,0,1,1,0.3848351538181305,0.6151648163795471
reflection_train_tta,sub-01,12,2,0,0,0.7103388905525208,0.28966110944747925
reflection_train_tta,sub-01,13,0,1,1,0.48058804869651794,0.5194119811058044
reflection_train_tta,sub-01,14,4,0,0,0.5248962044715881,0.47510385513305664
reflection_train_tta,sub-01,15,1,1,0,0.6020128130912781,0.3979872167110443
reflection_train_tta,sub-01,16,0,0,0,0.8255237936973572,0.17447622120380402
reflection_train_tta,sub-01,17,2,1,0,0.834047794342041,0.1659521907567978
reflection_train_tta,sub-01,18,4,0,1,0.32247698307037354,0.6775229573249817
reflection_train_tta,sub-01,19,3,1,1,0.4893311560153961,0.5106688141822815
reflection_train_tta,sub-01,20,0,0,0,0.5640830993652344,0.4359169006347656
reflection_train_tta,sub-01,21,2,1,1,0.3143285810947418,0.6856713891029358
reflection_train_tta,sub-01,22,1,0,0,0.6998667120933533,0.30013328790664673
reflection_train_tta,sub-01,23,1,1,1,0.3963315486907959,0.6036684513092041
reflection_train_tta,sub-01,24,0,0,1,0.35322532057762146,0.6467747092247009
reflection_train_tta,sub-01,25,4,1,1,0.2556384205818176,0.7443615794181824
reflection_train_tta,sub-01,26,3,0,0,0.837334156036377,0.16266585886478424
reflection_train_tta,sub-01,27,3,1,1,0.15640750527381897,0.8435924649238586
reflection_train_tta,sub-01,28,1,0,0,0.6183803677558899,0.3816196024417877
reflection_train_tta,sub-01,29,3,1,1,0.24708731472492218,0.752912700176239
reflection_train_tta,sub-01,30,4,0,1,0.264546662569046,0.7354533076286316
reflection_train_tta,sub-01,31,4,1,0,0.5051400065422058,0.4948599338531494
reflection_train_tta,sub-01,32,4,0,1,0.3993985652923584,0.6006014347076416
reflection_train_tta,sub-01,33,2,1,1,0.1452273428440094,0.8547725677490234
reflection_train_tta,sub-01,34,3,0,0,0.757643461227417,0.242356538772583
reflection_train_tta,sub-01,35,4,1,1,0.4597383737564087,0.5402615666389465
reflection_train_tta,sub-01,36,1,0,1,0.22800426185131073,0.7719957232475281
reflection_train_tta,sub-01,37,4,1,0,0.5555182099342346,0.4444817304611206
reflection_train_tta,sub-01,38,0,0,1,0.47088122367858887,0.5291187763214111
reflection_train_tta,sub-01,39,1,1,1,0.2525762617588043,0.7474236488342285
reflection_train_tta,sub-02,0,3,0,0,0.7607553005218506,0.239244744181633
reflection_train_tta,sub-02,1,2,1,0,0.5987067818641663,0.40129324793815613
reflection_train_tta,sub-02,2,2,0,1,0.3622377812862396,0.637762188911438
reflection_train_tta,sub-02,3,0,1,0,0.6860195994377136,0.3139804005622864
reflection_train_tta,sub-02,4,2,0,0,0.5337777733802795,0.46622225642204285
reflection_train_tta,sub-02,5,1,1,0,0.5611554384231567,0.43884459137916565
reflection_train_tta,sub-02,6,2,0,0,0.5081464648246765,0.4918535649776459
reflection_train_tta,sub-02,7,0,1,0,0.6132851839065552,0.3867148160934448
reflection_train_tta,sub-02,8,1,0,0,0.6281371712684631,0.3718627989292145
reflection_train_tta,sub-02,9,3,1,0,0.7812994122505188,0.21870048344135284
reflection_train_tta,sub-02,10,3,0,1,0.4894307553768158,0.5105693340301514
reflection_train_tta,sub-02,11,0,1,0,0.7677510380744934,0.2322489470243454
reflection_train_tta,sub-02,12,2,0,1,0.19271667301654816,0.807283341884613
reflection_train_tta,sub-02,13,0,1,0,0.6462284326553345,0.3537715673446655
reflection_train_tta,sub-02,14,4,0,1,0.34717583656311035,0.6528241038322449
reflection_train_tta,sub-02,15,1,1,1,0.3816160261631012,0.6183839440345764
reflection_train_tta,sub-02,16,0,0,1,0.39307451248168945,0.6069255471229553
reflection_train_tta,sub-02,17,2,1,1,0.39753785729408264,0.602462112903595
reflection_train_tta,sub-02,18,4,0,0,0.566717803478241,0.4332822263240814
reflection_train_tta,sub-02,19,3,1,0,0.5850896835327148,0.41491031646728516
reflection_train_tta,sub-02,20,0,0,0,0.5160192847251892,0.48398077487945557
reflection_train_tta,sub-02,21,2,1,0,0.660338282585144,0.33966171741485596
reflection_train_tta,sub-02,22,1,0,1,0.47850608825683594,0.5214939117431641
reflection_train_tta,sub-02,23,1,1,1,0.41284260153770447,0.5871574282646179
reflection_train_tta,sub-02,24,0,0,1,0.4847833812236786,0.515216588973999
reflection_train_tta,sub-02,25,4,1,1,0.39430880546569824,0.6056911945343018
reflection_train_tta,sub-02,26,3,0,0,0.6599796414375305,0.3400202989578247
reflection_train_tta,sub-02,27,3,1,0,0.7091789245605469,0.2908211350440979
reflection_train_tta,sub-02,28,1,0,1,0.32814279198646545,0.6718571782112122
reflection_train_tta,sub-02,29,3,1,0,0.8972072601318359,0.10279274731874466
reflection_train_tta,sub-02,30,4,0,1,0.47702348232269287,0.5229764580726624
reflection_train_tta,sub-02,31,4,1,0,0.5613760948181152,0.43862390518188477
reflection_train_tta,sub-02,32,4,0,0,0.501146137714386,0.4988538324832916
reflection_train_tta,sub-02,33,2,1,1,0.39575767517089844,0.6042422652244568
reflection_train_tta,sub-02,34,3,0,0,0.5171522498130798,0.4828476905822754
reflection_train_tta,sub-02,35,4,1,0,0.5485429763793945,0.45145702362060547
reflection_train_tta,sub-02,36,1,0,1,0.3476162850856781,0.6523836851119995
reflection_train_tta,sub-02,37,4,1,0,0.5062556862831116,0.49374428391456604
reflection_train_tta,sub-02,38,0,0,1,0.4394364356994629,0.5605635643005371
reflection_train_tta,sub-02,39,1,1,0,0.7226757407188416,0.27732422947883606
reflection_train_tta,sub-03,0,3,0,1,0.49350443482398987,0.5064955353736877
reflection_train_tta,sub-03,1,2,1,0,0.5774710178375244,0.422529011964798
reflection_train_tta,sub-03,2,2,0,0,0.5114981532096863,0.48850181698799133
reflection_train_tta,sub-03,3,0,1,0,0.7916006445884705,0.20839940011501312
reflection_train_tta,sub-03,4,2,0,0,0.5468712449073792,0.45312872529029846
reflection_train_tta,sub-03,5,1,1,1,0.2735992670059204,0.7264006733894348
reflection_train_tta,sub-03,6,2,0,0,0.7073637843132019,0.2926361858844757
reflection_train_tta,sub-03,7,0,1,1,0.2847711741924286,0.7152288556098938
reflection_train_tta,sub-03,8,1,0,1,0.4954354465007782,0.5045645833015442
reflection_train_tta,sub-03,9,3,1,1,0.4625762701034546,0.5374236702919006
reflection_train_tta,sub-03,10,3,0,1,0.3673504889011383,0.6326494812965393
reflection_train_tta,sub-03,11,0,1,1,0.37477004528045654,0.6252299547195435
reflection_train_tta,sub-03,12,2,0,0,0.622066080570221,0.37793388962745667
reflection_train_tta,sub-03,13,0,1,0,0.5185434818267822,0.4814565181732178
reflection_train_tta,sub-03,14,4,0,1,0.45847654342651367,0.5415233969688416
reflection_train_tta,sub-03,15,1,1,1,0.33469507098197937,0.665304958820343
reflection_train_tta,sub-03,16,0,0,0,0.6134089827537537,0.38659095764160156
reflection_train_tta,sub-03,17,2,1,1,0.21694840490818024,0.7830516695976257
reflection_train_tta,sub-03,18,4,0,1,0.47277531027793884,0.5272247195243835
reflection_train_tta,sub-03,19,3,1,1,0.34091219305992126,0.6590878367424011
reflection_train_tta,sub-03,20,0,0,0,0.7977790832519531,0.20222091674804688
reflection_train_tta,sub-03,21,2,1,0,0.5288004875183105,0.47119951248168945
reflection_train_tta,sub-03,22,1,0,0,0.5553301572799683,0.4446698725223541
reflection_train_tta,sub-03,23,1,1,1,0.2694697976112366,0.7305302023887634
reflection_train_tta,sub-03,24,0,0,0,0.595636785030365,0.4043631851673126
reflection_train_tta,sub-03,25,4,1,0,0.52777099609375,0.4722289741039276
reflection_train_tta,sub-03,26,3,0,1,0.3228208124637604,0.6771791577339172
reflection_train_tta,sub-03,27,3,1,1,0.47599682211875916,0.5240032076835632
reflection_train_tta,sub-03,28,1,0,1,0.46107134222984314,0.5389286875724792
reflection_train_tta,sub-03,29,3,1,1,0.04228532314300537,0.9577146172523499
reflection_train_tta,sub-03,30,4,0,1,0.3432232439517975,0.6567767858505249
reflection_train_tta,sub-03,31,4,1,0,0.5912123322486877,0.40878763794898987
reflection_train_tta,sub-03,32,4,0,1,0.37475791573524475,0.6252420544624329
reflection_train_tta,sub-03,33,2,1,0,0.5108716487884521,0.48912835121154785
reflection_train_tta,sub-03,34,3,0,1,0.44893503189086914,0.5510649681091309
reflection_train_tta,sub-03,35,4,1,0,0.5053987503051758,0.4946012496948242
reflection_train_tta,sub-03,36,1,0,1,0.11778975278139114,0.8822102546691895
reflection_train_tta,sub-03,37,4,1,1,0.4589855670928955,0.5410144925117493
reflection_train_tta,sub-03,38,0,0,0,0.5975918769836426,0.40240809321403503
reflection_train_tta,sub-03,39,1,1,0,0.5162648558616638,0.4837351143360138
reflection_train_tta,sub-04,0,3,0,1,0.2441815584897995,0.7558184266090393
reflection_train_tta,sub-04,1,2,1,0,0.6323024034500122,0.3676975965499878
reflection_train_tta,sub-04,2,2,0,0,0.6749091148376465,0.3250908851623535
reflection_train_tta,sub-04,3,0,1,0,0.5132043957710266,0.4867955446243286
reflection_train_tta,sub-04,4,2,0,0,0.7038823962211609,0.2961176335811615
reflection_train_tta,sub-04,5,1,1,1,0.3767768144607544,0.6232232451438904
reflection_train_tta,sub-04,6,2,0,0,0.929440975189209,0.07055903226137161
reflection_train_tta,sub-04,7,0,1,1,0.449116587638855,0.550883412361145
reflection_train_tta,sub-04,8,1,0,1,0.22426442801952362,0.7757355570793152
reflection_train_tta,sub-04,9,3,1,1,0.3689521849155426,0.631047785282135
reflection_train_tta,sub-04,10,3,0,0,0.9413949847221375,0.058604996651411057
reflection_train_tta,sub-04,11,0,1,1,0.08067279309034348,0.9193272590637207
reflection_train_tta,sub-04,12,2,0,0,0.8587613105773926,0.1412387192249298
reflection_train_tta,sub-04,13,0,1,1,0.42054927349090576,0.579450786113739
reflection_train_tta,sub-04,14,4,0,0,0.6985027194023132,0.30149734020233154
reflection_train_tta,sub-04,15,1,1,0,0.6055859923362732,0.3944140374660492
reflection_train_tta,sub-04,16,0,0,0,0.5225635766983032,0.47743645310401917
reflection_train_tta,sub-04,17,2,1,1,0.3405427038669586,0.659457266330719
reflection_train_tta,sub-04,18,4,0,0,0.8111376762390137,0.1888623684644699
reflection_train_tta,sub-04,19,3,1,0,0.5784760117530823,0.42152395844459534
reflection_train_tta,sub-04,20,0,0,1,0.32134905457496643,0.6786508560180664
reflection_train_tta,sub-04,21,2,1,0,0.66033935546875,0.33966073393821716
reflection_train_tta,sub-04,22,1,0,0,0.6182181239128113,0.3817819654941559
reflection_train_tta,sub-04,23,1,1,1,0.3722623884677887,0.6277375817298889
reflection_train_tta,sub-04,24,0,0,1,0.32611462473869324,0.6738853454589844
reflection_train_tta,sub-04,25,4,1,0,0.5660595297813416,0.43394050002098083
reflection_train_tta,sub-04,26,3,0,1,0.3879130780696869,0.6120869517326355
reflection_train_tta,sub-04,27,3,1,1,0.28125905990600586,0.7187409400939941
reflection_train_tta,sub-04,28,1,0,0,0.9709835052490234,0.029016554355621338
reflection_train_tta,sub-04,29,3,1,1,0.22976386547088623,0.7702361941337585
reflection_train_tta,sub-04,30,4,0,0,0.582484781742096,0.4175151586532593
reflection_train_tta,sub-04,31,4,1,1,0.26460668444633484,0.7353932857513428
reflection_train_tta,sub-04,32,4,0,0,0.6862389445304871,0.3137610852718353
reflection_train_tta,sub-04,33,2,1,0,0.5666758418083191,0.4333241879940033
reflection_train_tta,sub-04,34,3,0,0,0.562795877456665,0.43720412254333496
reflection_train_tta,sub-04,35,4,1,1,0.41784754395484924,0.5821524262428284
reflection_train_tta,sub-04,36,1,0,1,0.4612008333206177,0.5387991666793823
reflection_train_tta,sub-04,37,4,1,1,0.48345208168029785,0.5165479183197021
reflection_train_tta,sub-04,38,0,0,1,0.4534694254398346,0.546530544757843
reflection_train_tta,sub-04,39,1,1,0,0.5058448910713196,0.4941551387310028
reflection_train_tta,sub-05,0,3,0,1,0.43109607696533203,0.568903923034668
reflection_train_tta,sub-05,1,2,1,1,0.49496033787727356,0.505039632320404
reflection_train_tta,sub-05,2,2,0,0,0.6096436977386475,0.39035630226135254
reflection_train_tta,sub-05,3,0,1,0,0.5873932242393494,0.412606805562973
reflection_train_tta,sub-05,4,2,0,0,0.5385652184486389,0.4614347219467163
reflection_train_tta,sub-05,5,1,1,0,0.5346017479896545,0.46539828181266785
reflection_train_tta,sub-05,6,2,0,0,0.5922257900238037,0.4077742099761963
reflection_train_tta,sub-05,7,0,1,1,0.45703768730163574,0.5429623126983643
reflection_train_tta,sub-05,8,1,0,1,0.49755826592445374,0.5024417042732239
reflection_train_tta,sub-05,9,3,1,1,0.413806676864624,0.586193323135376
reflection_train_tta,sub-05,10,3,0,1,0.49297091364860535,0.507029116153717
reflection_train_tta,sub-05,11,0,1,0,0.5267186760902405,0.47328129410743713
reflection_train_tta,sub-05,12,2,0,0,0.5082675814628601,0.4917323887348175
reflection_train_tta,sub-05,13,0,1,1,0.4511820375919342,0.5488179326057434
reflection_train_tta,sub-05,14,4,0,1,0.4968092143535614,0.503190815448761
reflection_train_tta,sub-05,15,1,1,1,0.4923195540904999,0.5076804161071777
reflection_train_tta,sub-05,16,0,0,1,0.38221970200538635,0.6177802681922913
reflection_train_tta,sub-05,17,2,1,1,0.4462321698665619,0.5537678003311157
reflection_train_tta,sub-05,18,4,0,0,0.5201814770698547,0.47981855273246765
reflection_train_tta,sub-05,19,3,1,1,0.3888530433177948,0.6111469268798828
reflection_train_tta,sub-05,20,0,0,0,0.6231476068496704,0.3768523931503296
reflection_train_tta,sub-05,21,2,1,1,0.3869815766811371,0.6130184531211853
reflection_train_tta,sub-05,22,1,0,1,0.422328919172287,0.5776710510253906
reflection_train_tta,sub-05,23,1,1,0,0.5049272179603577,0.49507275223731995
reflection_train_tta,sub-05,24,0,0,0,0.588799238204956,0.41120076179504395
reflection_train_tta,sub-05,25,4,1,1,0.49446403980255127,0.5055360198020935
reflection_train_tta,sub-05,26,3,0,1,0.4555458724498749,0.5444541573524475
reflection_train_tta,sub-05,27,3,1,0,0.6229565143585205,0.37704357504844666
reflection_train_tta,sub-05,28,1,0,0,0.5687641501426697,0.43123582005500793
reflection_train_tta,sub-05,29,3,1,1,0.45843562483787537,0.5415643453598022
reflection_train_tta,sub-05,30,4,0,0,0.5491737723350525,0.4508262574672699
reflection_train_tta,sub-05,31,4,1,1,0.481412798166275,0.5185871720314026
reflection_train_tta,sub-05,32,4,0,1,0.4144217073917389,0.5855783224105835
reflection_train_tta,sub-05,33,2,1,1,0.4661935567855835,0.5338063836097717
reflection_train_tta,sub-05,34,3,0,1,0.4874652922153473,0.5125346779823303
reflection_train_tta,sub-05,35,4,1,0,0.5101339221000671,0.4898660182952881
reflection_train_tta,sub-05,36,1,0,0,0.5571578145027161,0.44284215569496155
reflection_train_tta,sub-05,37,4,1,0,0.5280017256736755,0.47199833393096924
reflection_train_tta,sub-05,38,0,0,1,0.45762351155281067,0.5423764586448669
reflection_train_tta,sub-05,39,1,1,1,0.3894027769565582,0.6105971932411194
reflection_train_tta,sub-06,0,3,0,1,0.3371293544769287,0.6628706455230713
reflection_train_tta,sub-06,1,2,1,1,0.3423135280609131,0.6576864123344421
reflection_train_tta,sub-06,2,2,0,1,0.4325158894062042,0.5674840807914734
reflection_train_tta,sub-06,3,0,1,0,0.6826799511909485,0.31731998920440674
reflection_train_tta,sub-06,4,2,0,0,0.6903529167175293,0.3096471130847931
reflection_train_tta,sub-06,5,1,1,0,0.5513184666633606,0.448681503534317
reflection_train_tta,sub-06,6,2,0,1,0.2860086262226105,0.7139914035797119
reflection_train_tta,sub-06,7,0,1,0,0.5846441388130188,0.4153558909893036
reflection_train_tta,sub-06,8,1,0,1,0.4068368673324585,0.5931631922721863
reflection_train_tta,sub-06,9,3,1,1,0.3526700437068939,0.6473299860954285
reflection_train_tta,sub-06,10,3,0,0,0.5826731324195862,0.4173268973827362
reflection_train_tta,sub-06,11,0,1,1,0.4452552795410156,0.5547447204589844
reflection_train_tta,sub-06,12,2,0,1,0.4013897478580475,0.5986102223396301
reflection_train_tta,sub-06,13,0,1,0,0.5591241717338562,0.4408757984638214
reflection_train_tta,sub-06,14,4,0,1,0.4094882309436798,0.5905117392539978
reflection_train_tta,sub-06,15,1,1,1,0.28652969002723694,0.7134702801704407
reflection_train_tta,sub-06,16,0,0,0,0.6409181952476501,0.3590817451477051
reflection_train_tta,sub-06,17,2,1,0,0.6371379494667053,0.3628620207309723
reflection_train_tta,sub-06,18,4,0,1,0.3563065826892853,0.6436934471130371
reflection_train_tta,sub-06,19,3,1,0,0.8229022026062012,0.17709779739379883
reflection_train_tta,sub-06,20,0,0,0,0.5016053318977356,0.498394638299942
reflection_train_tta,sub-06,21,2,1,0,0.6721816062927246,0.3278183937072754
reflection_train_tta,sub-06,22,1,0,1,0.45273342728614807,0.5472665429115295
reflection_train_tta,sub-06,23,1,1,0,0.7258622646331787,0.2741377651691437
reflection_train_tta,sub-06,24,0,0,0,0.8247482180595398,0.17525172233581543
reflection_train_tta,sub-06,25,4,1,1,0.1949702948331833,0.8050296902656555
reflection_train_tta,sub-06,26,3,0,1,0.46681109070777893,0.5331888198852539
reflection_train_tta,sub-06,27,3,1,1,0.41081324219703674,0.5891867280006409
reflection_train_tta,sub-06,28,1,0,0,0.9559208750724792,0.04407919570803642
reflection_train_tta,sub-06,29,3,1,0,0.6074798107147217,0.3925201892852783
reflection_train_tta,sub-06,30,4,0,1,0.4410780668258667,0.5589219331741333
reflection_train_tta,sub-06,31,4,1,1,0.2668764293193817,0.7331236004829407
reflection_train_tta,sub-06,32,4,0,0,0.6183233261108398,0.38167667388916016
reflection_train_tta,sub-06,33,2,1,1,0.13970151543617249,0.8602984547615051
reflection_train_tta,sub-06,34,3,0,1,0.40885353088378906,0.5911464691162109
reflection_train_tta,sub-06,35,4,1,1,0.44497713446617126,0.5550228953361511
reflection_train_tta,sub-06,36,1,0,0,0.6702685356140137,0.32973143458366394
reflection_train_tta,sub-06,37,4,1,0,0.5408868193626404,0.459113210439682
reflection_train_tta,sub-06,38,0,0,1,0.43738189339637756,0.5626180768013
reflection_train_tta,sub-06,39,1,1,1,0.17754946649074554,0.822450578212738
reflection_train_tta,sub-07,0,3,0,1,0.46875035762786865,0.5312496423721313
reflection_train_tta,sub-07,1,2,1,1,0.42219606041908264,0.577803909778595
reflection_train_tta,sub-07,2,2,0,1,0.2751297652721405,0.7248702049255371
reflection_train_tta,sub-07,3,0,1,0,0.6166517734527588,0.3833482265472412
reflection_train_tta,sub-07,4,2,0,0,0.5474853515625,0.4525146484375
reflection_train_tta,sub-07,5,1,1,1,0.49057188630104065,0.5094281435012817
reflection_train_tta,sub-07,6,2,0,0,0.6133027076721191,0.38669729232788086
reflection_train_tta,sub-07,7,0,1,0,0.5454294085502625,0.45457056164741516
reflection_train_tta,sub-07,8,1,0,0,0.566558301448822,0.43344172835350037
reflection_train_tta,sub-07,9,3,1,0,0.5027965903282166,0.49720343947410583
reflection_train_tta,sub-07,10,3,0,0,0.7845764756202698,0.21542352437973022
reflection_train_tta,sub-07,11,0,1,1,0.25047844648361206,0.7495215535163879
reflection_train_tta,sub-07,12,2,0,0,0.6898462772369385,0.3101537227630615
reflection_train_tta,sub-07,13,0,1,1,0.2052697390317917,0.7947303652763367
reflection_train_tta,sub-07,14,4,0,1,0.44043493270874023,0.5595650672912598
reflection_train_tta,sub-07,15,1,1,1,0.34489092230796814,0.6551091074943542
reflection_train_tta,sub-07,16,0,0,1,0.17699825763702393,0.8230018019676208
reflection_train_tta,sub-07,17,2,1,1,0.27083611488342285,0.7291638851165771
reflection_train_tta,sub-07,18,4,0,0,0.5734270215034485,0.4265729486942291
reflection_train_tta,sub-07,19,3,1,1,0.28924137353897095,0.7107586860656738
reflection_train_tta,sub-07,20,0,0,1,0.4125923216342926,0.587407648563385
reflection_train_tta,sub-07,21,2,1,1,0.2471931427717209,0.7528069019317627
reflection_train_tta,sub-07,22,1,0,0,0.5736472606658936,0.42635273933410645
reflection_train_tta,sub-07,23,1,1,1,0.3148871958255768,0.6851127743721008
reflection_train_tta,sub-07,24,0,0,0,0.7946054935455322,0.20539455115795135
reflection_train_tta,sub-07,25,4,1,0,0.5785875916481018,0.4214123785495758
reflection_train_tta,sub-07,26,3,0,0,0.8145518898963928,0.18544809520244598
reflection_train_tta,sub-07,27,3,1,1,0.28495660424232483,0.7150433659553528
reflection_train_tta,sub-07,28,1,0,0,0.6796836256980896,0.3203164041042328
reflection_train_tta,sub-07,29,3,1,1,0.4285619258880615,0.5714380741119385
reflection_train_tta,sub-07,30,4,0,1,0.31922993063926697,0.6807700991630554
reflection_train_tta,sub-07,31,4,1,1,0.4270816743373871,0.5729184150695801
reflection_train_tta,sub-07,32,4,0,0,0.5629500150680542,0.4370499849319458
reflection_train_tta,sub-07,33,2,1,0,0.526839554309845,0.47316035628318787
reflection_train_tta,sub-07,34,3,0,1,0.13284115493297577,0.8671588897705078
reflection_train_tta,sub-07,35,4,1,1,0.4654099941253662,0.5345900654792786
reflection_train_tta,sub-07,36,1,0,0,0.5970953106880188,0.4029046595096588
reflection_train_tta,sub-07,37,4,1,1,0.3982323408126831,0.6017675995826721
reflection_train_tta,sub-07,38,0,0,0,0.6564835906028748,0.34351643919944763
reflection_train_tta,sub-07,39,1,1,1,0.40524911880493164,0.5947508811950684
reflection_train_tta,sub-08,0,3,0,1,0.46797975897789,0.5320202708244324
reflection_train_tta,sub-08,1,2,1,0,0.6450098156929016,0.3549901247024536
reflection_train_tta,sub-08,2,2,0,1,0.41049838066101074,0.589501678943634
reflection_train_tta,sub-08,3,0,1,1,0.2632302939891815,0.7367697358131409
reflection_train_tta,sub-08,4,2,0,0,0.5043332576751709,0.4956667721271515
reflection_train_tta,sub-08,5,1,1,0,0.5774722695350647,0.4225277006626129
reflection_train_tta,sub-08,6,2,0,1,0.34297558665275574,0.6570244431495667
reflection_train_tta,sub-08,7,0,1,0,0.6119690537452698,0.38803091645240784
reflection_train_tta,sub-08,8,1,0,0,0.8681818842887878,0.13181814551353455
reflection_train_tta,sub-08,9,3,1,0,0.6960744857788086,0.303925484418869
reflection_train_tta,sub-08,10,3,0,1,0.38515713810920715,0.6148428916931152
reflection_train_tta,sub-08,11,0,1,0,0.5094289183616638,0.4905710518360138
reflection_train_tta,sub-08,12,2,0,1,0.4520963132381439,0.5479037165641785
reflection_train_tta,sub-08,13,0,1,1,0.3284241855144501,0.6715758442878723
reflection_train_tta,sub-08,14,4,0,1,0.28335657715797424,0.7166433930397034
reflection_train_tta,sub-08,15,1,1,1,0.49399515986442566,0.506004810333252
reflection_train_tta,sub-08,16,0,0,0,0.7091367840766907,0.29086318612098694
reflection_train_tta,sub-08,17,2,1,1,0.22484011948108673,0.7751598358154297
reflection_train_tta,sub-08,18,4,0,1,0.2513068616390228,0.7486931681632996
reflection_train_tta,sub-08,19,3,1,1,0.32578176259994507,0.6742181777954102
reflection_train_tta,sub-08,20,0,0,1,0.46390751004219055,0.5360924601554871
reflection_train_tta,sub-08,21,2,1,1,0.36794766783714294,0.6320523023605347
reflection_train_tta,sub-08,22,1,0,0,0.8217824101448059,0.1782175451517105
reflection_train_tta,sub-08,23,1,1,1,0.4830226004123688,0.5169774293899536
reflection_train_tta,sub-08,24,0,0,0,0.8699328303337097,0.1300671249628067
reflection_train_tta,sub-08,25,4,1,1,0.14996589720249176,0.8500340580940247
reflection_train_tta,sub-08,26,3,0,0,0.6255050301551819,0.3744949996471405
reflection_train_tta,sub-08,27,3,1,0,0.5254588723182678,0.474541038274765
reflection_train_tta,sub-08,28,1,0,0,0.5626611113548279,0.4373389184474945
reflection_train_tta,sub-08,29,3,1,0,0.7593080401420593,0.24069195985794067
reflection_train_tta,sub-08,30,4,0,1,0.3772684633731842,0.6227315068244934
reflection_train_tta,sub-08,31,4,1,1,0.4798985719680786,0.5201014876365662
reflection_train_tta,sub-08,32,4,0,0,0.9013474583625793,0.09865248948335648
reflection_train_tta,sub-08,33,2,1,0,0.5488541722297668,0.4511457681655884
reflection_train_tta,sub-08,34,3,0,0,0.6197101473808289,0.38028988242149353
reflection_train_tta,sub-08,35,4,1,0,0.6431546807289124,0.35684528946876526
reflection_train_tta,sub-08,36,1,0,0,0.5771766304969788,0.42282333970069885
reflection_train_tta,sub-08,37,4,1,0,0.6398810744285583,0.36011895537376404
reflection_train_tta,sub-08,38,0,0,1,0.25617632269859314,0.7438237071037292
reflection_train_tta,sub-08,39,1,1,0,0.5493905544281006,0.4506094455718994
reflection_train_tta,sub-09,0,3,0,0,0.5430616736412048,0.4569382667541504
reflection_train_tta,sub-09,1,2,1,0,0.7499827742576599,0.2500172555446625
reflection_train_tta,sub-09,2,2,0,1,0.4911987781524658,0.508801281452179
reflection_train_tta,sub-09,3,0,1,1,0.40507426857948303,0.5949257016181946
reflection_train_tta,sub-09,4,2,0,1,0.2679254114627838,0.7320745587348938
reflection_train_tta,sub-09,5,1,1,1,0.39761289954185486,0.6023871302604675
reflection_train_tta,sub-09,6,2,0,1,0.1682092696428299,0.8317907452583313
reflection_train_tta,sub-09,7,0,1,1,0.4946267902851105,0.5053732395172119
reflection_train_tta,sub-09,8,1,0,1,0.34380269050598145,0.6561973094940186
reflection_train_tta,sub-09,9,3,1,0,0.6330035924911499,0.3669964373111725
reflection_train_tta,sub-09,10,3,0,0,0.5510499477386475,0.44895005226135254
reflection_train_tta,sub-09,11,0,1,0,0.537821888923645,0.462178111076355
reflection_train_tta,sub-09,12,2,0,0,0.7707238793373108,0.2292761206626892
reflection_train_tta,sub-09,13,0,1,0,0.8618420958518982,0.138157919049263
reflection_train_tta,sub-09,14,4,0,1,0.2441144734621048,0.7558855414390564
reflection_train_tta,sub-09,15,1,1,0,0.6378751397132874,0.36212483048439026
reflection_train_tta,sub-09,16,0,0,1,0.4337834417819977,0.5662165284156799
reflection_train_tta,sub-09,17,2,1,0,0.6592749357223511,0.34072503447532654
reflection_train_tta,sub-09,18,4,0,1,0.18979156017303467,0.8102084994316101
reflection_train_tta,sub-09,19,3,1,0,0.6219754815101624,0.37802448868751526
reflection_train_tta,sub-09,20,0,0,1,0.40575432777404785,0.5942456722259521
reflection_train_tta,sub-09,21,2,1,1,0.25065842270851135,0.7493415474891663
reflection_train_tta,sub-09,22,1,0,0,0.5821270942687988,0.41787293553352356
reflection_train_tta,sub-09,23,1,1,0,0.6494696140289307,0.35053038597106934
reflection_train_tta,sub-09,24,0,0,0,0.7169192433357239,0.2830807566642761
reflection_train_tta,sub-09,25,4,1,1,0.3792686462402344,0.6207313537597656
reflection_train_tta,sub-09,26,3,0,1,0.4096262454986572,0.5903737545013428
reflection_train_tta,sub-09,27,3,1,1,0.3944302499294281,0.6055697798728943
reflection_train_tta,sub-09,28,1,0,0,0.6743514537811279,0.3256485164165497
reflection_train_tta,sub-09,29,3,1,1,0.44467124342918396,0.5553287863731384
reflection_train_tta,sub-09,30,4,0,1,0.11848141998052597,0.8815186023712158
reflection_train_tta,sub-09,31,4,1,1,0.2819775640964508,0.7180224061012268
reflection_train_tta,sub-09,32,4,0,0,0.6251001954078674,0.37489983439445496
reflection_train_tta,sub-09,33,2,1,0,0.500396728515625,0.49960318207740784
reflection_train_tta,sub-09,34,3,0,1,0.3956402540206909,0.6043598055839539
reflection_train_tta,sub-09,35,4,1,0,0.6846458315849304,0.31535419821739197
reflection_train_tta,sub-09,36,1,0,0,0.5039849877357483,0.4960150718688965
reflection_train_tta,sub-09,37,4,1,1,0.40871676802635193,0.5912832617759705
reflection_train_tta,sub-09,38,0,0,1,0.1601829081773758,0.8398170471191406
reflection_train_tta,sub-09,39,1,1,1,0.4487827718257904,0.5512171983718872
reflection_train_tta,sub-10,0,3,0,0,0.8590230941772461,0.1409769207239151
reflection_train_tta,sub-10,1,2,1,1,0.36643552780151367,0.6335644721984863
reflection_train_tta,sub-10,2,2,0,0,0.7237913608551025,0.27620863914489746
reflection_train_tta,sub-10,3,0,1,1,0.34166419506073,0.6583358645439148
reflection_train_tta,sub-10,4,2,0,0,0.664819061756134,0.33518096804618835
reflection_train_tta,sub-10,5,1,1,1,0.2032770961523056,0.796722948551178
reflection_train_tta,sub-10,6,2,0,1,0.4534362256526947,0.5465638041496277
reflection_train_tta,sub-10,7,0,1,1,0.4242391586303711,0.5757608413696289
reflection_train_tta,sub-10,8,1,0,0,0.6453215479850769,0.35467851161956787
reflection_train_tta,sub-10,9,3,1,1,0.4666622579097748,0.5333376526832581
reflection_train_tta,sub-10,10,3,0,0,0.6575722098350525,0.3424278199672699
reflection_train_tta,sub-10,11,0,1,1,0.39955565333366394,0.6004443168640137
reflection_train_tta,sub-10,12,2,0,1,0.23144875466823578,0.7685512900352478
reflection_train_tta,sub-10,13,0,1,0,0.7198485732078552,0.2801514267921448
reflection_train_tta,sub-10,14,4,0,0,0.7308290004730225,0.26917096972465515
reflection_train_tta,sub-10,15,1,1,0,0.5038998126983643,0.4961002767086029
reflection_train_tta,sub-10,16,0,0,0,0.5025178790092468,0.4974820911884308
reflection_train_tta,sub-10,17,2,1,1,0.26693451404571533,0.7330654263496399
reflection_train_tta,sub-10,18,4,0,1,0.22915400564670563,0.7708460688591003
reflection_train_tta,sub-10,19,3,1,1,0.3351280689239502,0.664871871471405
reflection_train_tta,sub-10,20,0,0,0,0.8198437690734863,0.1801561862230301
reflection_train_tta,sub-10,21,2,1,1,0.4634227454662323,0.5365772247314453
reflection_train_tta,sub-10,22,1,0,0,0.6280731558799744,0.37192678451538086
reflection_train_tta,sub-10,23,1,1,1,0.1771947592496872,0.8228052258491516
reflection_train_tta,sub-10,24,0,0,1,0.29179903864860535,0.7082009315490723
reflection_train_tta,sub-10,25,4,1,0,0.7638037800788879,0.23619616031646729
reflection_train_tta,sub-10,26,3,0,1,0.35912588238716125,0.6408740878105164
reflection_train_tta,sub-10,27,3,1,1,0.39518222212791443,0.604817807674408
reflection_train_tta,sub-10,28,1,0,0,0.6945891380310059,0.30541089177131653
reflection_train_tta,sub-10,29,3,1,0,0.5943065285682678,0.4056934118270874
reflection_train_tta,sub-10,30,4,0,0,0.9587138295173645,0.04128614813089371
reflection_train_tta,sub-10,31,4,1,1,0.2181975096464157,0.7818024754524231
reflection_train_tta,sub-10,32,4,0,1,0.4903450906276703,0.5096549391746521
reflection_train_tta,sub-10,33,2,1,0,0.6472618579864502,0.3527381718158722
reflection_train_tta,sub-10,34,3,0,0,0.8747004866600037,0.12529955804347992
reflection_train_tta,sub-10,35,4,1,0,0.5393514037132263,0.46064862608909607
reflection_train_tta,sub-10,36,1,0,1,0.4018026888370514,0.5981972813606262
reflection_train_tta,sub-10,37,4,1,0,0.5113646984100342,0.4886353015899658
reflection_train_tta,sub-10,38,0,0,1,0.19874389469623566,0.8012561202049255
reflection_train_tta,sub-10,39,1,1,1,0.32581838965415955,0.6741816401481628
reflection_train_tta,sub-11,0,3,0,0,0.5947325229644775,0.40526747703552246
reflection_train_tta,sub-11,1,2,1,0,0.7425222396850586,0.2574777603149414
reflection_train_tta,sub-11,2,2,0,1,0.376674622297287,0.6233253479003906
reflection_train_tta,sub-11,3,0,1,1,0.31146368384361267,0.6885363459587097
reflection_train_tta,sub-11,4,2,0,0,0.6491121649742126,0.35088786482810974
reflection_train_tta,sub-11,5,1,1,0,0.5705778002738953,0.42942216992378235
reflection_train_tta,sub-11,6,2,0,0,0.8142964839935303,0.18570350110530853
reflection_train_tta,sub-11,7,0,1,1,0.1958390474319458,0.804161012172699
reflection_train_tta,sub-11,8,1,0,1,0.3319815695285797,0.6680184006690979
reflection_train_tta,sub-11,9,3,1,1,0.26057168841362,0.7394283413887024
reflection_train_tta,sub-11,10,3,0,0,0.7167269587516785,0.2832730710506439
reflection_train_tta,sub-11,11,0,1,1,0.37474456429481506,0.6252554059028625
reflection_train_tta,sub-11,12,2,0,0,0.8236746191978455,0.17632542550563812
reflection_train_tta,sub-11,13,0,1,0,0.701223611831665,0.2987763583660126
reflection_train_tta,sub-11,14,4,0,0,0.5206111073493958,0.47938886284828186
reflection_train_tta,sub-11,15,1,1,1,0.21876533329486847,0.7812346816062927
reflection_train_tta,sub-11,16,0,0,0,0.7313007712364197,0.2686992585659027
reflection_train_tta,sub-11,17,2,1,1,0.31829750537872314,0.6817024350166321
reflection_train_tta,sub-11,18,4,0,0,0.5461869835853577,0.45381298661231995
reflection_train_tta,sub-11,19,3,1,1,0.15466713905334473,0.8453329205513
reflection_train_tta,sub-11,20,0,0,0,0.7906527519226074,0.2093471884727478
reflection_train_tta,sub-11,21,2,1,1,0.2968996465206146,0.7031003832817078
reflection_train_tta,sub-11,22,1,0,0,0.5928905606269836,0.40710940957069397
reflection_train_tta,sub-11,23,1,1,1,0.25712671875953674,0.7428733706474304
reflection_train_tta,sub-11,24,0,0,0,0.5497056245803833,0.4502943754196167
reflection_train_tta,sub-11,25,4,1,1,0.15318842232227325,0.8468115925788879
reflection_train_tta,sub-11,26,3,0,1,0.46381640434265137,0.5361835956573486
reflection_train_tta,sub-11,27,3,1,0,0.5612920522689819,0.43870794773101807
reflection_train_tta,sub-11,28,1,0,0,0.5567411780357361,0.44325879216194153
reflection_train_tta,sub-11,29,3,1,1,0.14197927713394165,0.8580207824707031
reflection_train_tta,sub-11,30,4,0,1,0.47708818316459656,0.5229118466377258
reflection_train_tta,sub-11,31,4,1,1,0.495157390832901,0.5048425793647766
reflection_train_tta,sub-11,32,4,0,0,0.6963011622428894,0.3036988377571106
reflection_train_tta,sub-11,33,2,1,0,0.6608971953392029,0.33910274505615234
reflection_train_tta,sub-11,34,3,0,0,0.6679570078849792,0.33204302191734314
reflection_train_tta,sub-11,35,4,1,1,0.11078909784555435,0.8892108798027039
reflection_train_tta,sub-11,36,1,0,0,0.777789294719696,0.22221069037914276
reflection_train_tta,sub-11,37,4,1,1,0.33521756529808044,0.6647824645042419
reflection_train_tta,sub-11,38,0,0,0,0.5549623370170593,0.44503769278526306
reflection_train_tta,sub-11,39,1,1,0,0.5879278779029846,0.412072092294693
reflection_train_tta,sub-12,0,3,0,0,0.7424562573432922,0.2575437128543854
reflection_train_tta,sub-12,1,2,1,1,0.4139687120914459,0.5860313177108765
reflection_train_tta,sub-12,2,2,0,1,0.3014529049396515,0.6985470652580261
reflection_train_tta,sub-12,3,0,1,1,0.42524638772010803,0.5747535824775696
reflection_train_tta,sub-12,4,2,0,1,0.467446893453598,0.5325531363487244
reflection_train_tta,sub-12,5,1,1,1,0.3730233609676361,0.6269765496253967
reflection_train_tta,sub-12,6,2,0,0,0.5394921898841858,0.4605077803134918
reflection_train_tta,sub-12,7,0,1,0,0.8677427768707275,0.13225723803043365
reflection_train_tta,sub-12,8,1,0,0,0.6971684098243713,0.3028315603733063
reflection_train_tta,sub-12,9,3,1,1,0.48149219155311584,0.5185078382492065
reflection_train_tta,sub-12,10,3,0,1,0.34127119183540344,0.6587287783622742
reflection_train_tta,sub-12,11,0,1,1,0.4918006658554077,0.5081992745399475
reflection_train_tta,sub-12,12,2,0,1,0.3860558569431305,0.6139441132545471
reflection_train_tta,sub-12,13,0,1,0,0.7736355662345886,0.22636444866657257
reflection_train_tta,sub-12,14,4,0,1,0.3299682140350342,0.6700318455696106
reflection_train_tta,sub-12,15,1,1,0,0.7634022831916809,0.23659765720367432
reflection_train_tta,sub-12,16,0,0,1,0.4383866786956787,0.5616133213043213
reflection_train_tta,sub-12,17,2,1,0,0.5754618644714355,0.42453816533088684
reflection_train_tta,sub-12,18,4,0,1,0.43765950202941895,0.562340497970581
reflection_train_tta,sub-12,19,3,1,1,0.3734793961048126,0.626520574092865
reflection_train_tta,sub-12,20,0,0,1,0.2769908010959625,0.7230091691017151
reflection_train_tta,sub-12,21,2,1,1,0.2253492921590805,0.7746507525444031
reflection_train_tta,sub-12,22,1,0,0,0.5202028155326843,0.47979727387428284
reflection_train_tta,sub-12,23,1,1,0,0.6599671840667725,0.34003281593322754
reflection_train_tta,sub-12,24,0,0,0,0.5223687291145325,0.47763124108314514
reflection_train_tta,sub-12,25,4,1,0,0.6328151822090149,0.3671847879886627
reflection_train_tta,sub-12,26,3,0,0,0.5512889623641968,0.44871100783348083
reflection_train_tta,sub-12,27,3,1,1,0.4235309660434723,0.5764690041542053
reflection_train_tta,sub-12,28,1,0,0,0.7971096038818359,0.20289035141468048
reflection_train_tta,sub-12,29,3,1,0,0.7076234817504883,0.2923765480518341
reflection_train_tta,sub-12,30,4,0,0,0.8292009234428406,0.17079909145832062
reflection_train_tta,sub-12,31,4,1,1,0.33457985520362854,0.6654201149940491
reflection_train_tta,sub-12,32,4,0,0,0.5754483342170715,0.4245516359806061
reflection_train_tta,sub-12,33,2,1,1,0.25079581141471863,0.7492042183876038
reflection_train_tta,sub-12,34,3,0,0,0.5325109362602234,0.4674891531467438
reflection_train_tta,sub-12,35,4,1,1,0.4124886691570282,0.5875113010406494
reflection_train_tta,sub-12,36,1,0,1,0.2807200253009796,0.719279944896698
reflection_train_tta,sub-12,37,4,1,0,0.5768068432807922,0.4231931269168854
reflection_train_tta,sub-12,38,0,0,1,0.3034535050392151,0.6965464949607849
reflection_train_tta,sub-12,39,1,1,0,0.6046261191368103,0.3953738510608673
reflection_train_tta,sub-13,0,3,0,1,0.45189324021339417,0.5481067299842834
reflection_train_tta,sub-13,1,2,1,1,0.4621700942516327,0.5378298759460449
reflection_train_tta,sub-13,2,2,0,1,0.3286536633968353,0.6713463664054871
reflection_train_tta,sub-13,3,0,1,0,0.6635889410972595,0.33641108870506287
reflection_train_tta,sub-13,4,2,0,0,0.5578147768974304,0.4421851634979248
reflection_train_tta,sub-13,5,1,1,1,0.3635142743587494,0.636485755443573
reflection_train_tta,sub-13,6,2,0,1,0.4914426803588867,0.5085573196411133
reflection_train_tta,sub-13,7,0,1,1,0.20757080614566803,0.7924292087554932
reflection_train_tta,sub-13,8,1,0,0,0.6801096796989441,0.3198903501033783
reflection_train_tta,sub-13,9,3,1,0,0.5047910809516907,0.49520885944366455
reflection_train_tta,sub-13,10,3,0,0,0.5856848359107971,0.4143151342868805
reflection_train_tta,sub-13,11,0,1,1,0.49667999148368835,0.5033199787139893
reflection_train_tta,sub-13,12,2,0,1,0.39323797821998596,0.6067620515823364
reflection_train_tta,sub-13,13,0,1,1,0.2600817382335663,0.7399182319641113
reflection_train_tta,sub-13,14,4,0,1,0.09487197548151016,0.905128002166748
reflection_train_tta,sub-13,15,1,1,0,0.604171633720398,0.39582839608192444
reflection_train_tta,sub-13,16,0,0,1,0.3793124258518219,0.6206875443458557
reflection_train_tta,sub-13,17,2,1,1,0.23027360439300537,0.7697264552116394
reflection_train_tta,sub-13,18,4,0,0,0.6038976311683655,0.39610233902931213
reflection_train_tta,sub-13,19,3,1,0,0.6886587738990784,0.31134119629859924
reflection_train_tta,sub-13,20,0,0,1,0.48421669006347656,0.5157833099365234
reflection_train_tta,sub-13,21,2,1,1,0.30540260672569275,0.6945974230766296
reflection_train_tta,sub-13,22,1,0,0,0.5634971857070923,0.4365028142929077
reflection_train_tta,sub-13,23,1,1,1,0.3897819519042969,0.6102180480957031
reflection_train_tta,sub-13,24,0,0,0,0.8517065644264221,0.1482933908700943
reflection_train_tta,sub-13,25,4,1,1,0.47648748755455017,0.5235125422477722
reflection_train_tta,sub-13,26,3,0,0,0.665905773639679,0.33409416675567627
reflection_train_tta,sub-13,27,3,1,0,0.7421145439147949,0.2578854262828827
reflection_train_tta,sub-13,28,1,0,0,0.6635522246360779,0.3364478051662445
reflection_train_tta,sub-13,29,3,1,0,0.5361530780792236,0.46384692192077637
reflection_train_tta,sub-13,30,4,0,0,0.5177282094955444,0.48227179050445557
reflection_train_tta,sub-13,31,4,1,1,0.46045687794685364,0.5395431518554688
reflection_train_tta,sub-13,32,4,0,0,0.6927201151847839,0.30727991461753845
reflection_train_tta,sub-13,33,2,1,0,0.8394470810890198,0.16055287420749664
reflection_train_tta,sub-13,34,3,0,0,0.6150828003883362,0.38491716980934143
reflection_train_tta,sub-13,35,4,1,0,0.5917986035346985,0.4082013666629791
reflection_train_tta,sub-13,36,1,0,1,0.48090651631355286,0.5190934538841248
reflection_train_tta,sub-13,37,4,1,0,0.798926591873169,0.20107340812683105
reflection_train_tta,sub-13,38,0,0,1,0.2894880175590515,0.7105119824409485
reflection_train_tta,sub-13,39,1,1,0,0.5072282552719116,0.492771714925766
reflection_train_tta,sub-14,0,3,0,1,0.33979690074920654,0.6602030396461487
reflection_train_tta,sub-14,1,2,1,1,0.4897719919681549,0.5102279782295227
reflection_train_tta,sub-14,2,2,0,0,0.8460180759429932,0.15398190915584564
reflection_train_tta,sub-14,3,0,1,0,0.5975427031517029,0.40245723724365234
reflection_train_tta,sub-14,4,2,0,1,0.4582541882991791,0.5417458415031433
reflection_train_tta,sub-14,5,1,1,1,0.32507267594337463,0.6749274134635925
reflection_train_tta,sub-14,6,2,0,1,0.2908802330493927,0.7091197967529297
reflection_train_tta,sub-14,7,0,1,1,0.41585561633110046,0.5841444134712219
reflection_train_tta,sub-14,8,1,0,1,0.4267888367176056,0.5732111930847168
reflection_train_tta,sub-14,9,3,1,0,0.5225856304168701,0.47741439938545227
reflection_train_tta,sub-14,10,3,0,1,0.4464944899082184,0.5535054802894592
reflection_train_tta,sub-14,11,0,1,1,0.47394195199012756,0.52605801820755
reflection_train_tta,sub-14,12,2,0,1,0.37290799617767334,0.6270920038223267
reflection_train_tta,sub-14,13,0,1,0,0.6300485134124756,0.3699514865875244
reflection_train_tta,sub-14,14,4,0,1,0.49892330169677734,0.5010766983032227
reflection_train_tta,sub-14,15,1,1,0,0.612886905670166,0.387113094329834
reflection_train_tta,sub-14,16,0,0,1,0.3186516761779785,0.6813483238220215
reflection_train_tta,sub-14,17,2,1,0,0.8824964165687561,0.11750360578298569
reflection_train_tta,sub-14,18,4,0,0,0.7611463665962219,0.2388535737991333
reflection_train_tta,sub-14,19,3,1,1,0.46023496985435486,0.5397650599479675
reflection_train_tta,sub-14,20,0,0,0,0.7589605450630188,0.24103939533233643
reflection_train_tta,sub-14,21,2,1,1,0.21294425427913666,0.7870557308197021
reflection_train_tta,sub-14,22,1,0,0,0.5625789165496826,0.4374210834503174
reflection_train_tta,sub-14,23,1,1,1,0.21017499268054962,0.7898249626159668
reflection_train_tta,sub-14,24,0,0,0,0.6080726981163025,0.3919273316860199
reflection_train_tta,sub-14,25,4,1,0,0.646547257900238,0.35345277190208435
reflection_train_tta,sub-14,26,3,0,1,0.20248527824878693,0.7975146770477295
reflection_train_tta,sub-14,27,3,1,0,0.5519750714302063,0.4480248987674713
reflection_train_tta,sub-14,28,1,0,1,0.393675297498703,0.6063247323036194
reflection_train_tta,sub-14,29,3,1,1,0.37990251183509827,0.6200974583625793
reflection_train_tta,sub-14,30,4,0,1,0.4525175094604492,0.5474825501441956
reflection_train_tta,sub-14,31,4,1,1,0.30243828892707825,0.6975616812705994
reflection_train_tta,sub-14,32,4,0,1,0.47339335083961487,0.5266066193580627
reflection_train_tta,sub-14,33,2,1,0,0.7053443789482117,0.2946556508541107
reflection_train_tta,sub-14,34,3,0,0,0.7501583099365234,0.24984169006347656
reflection_train_tta,sub-14,35,4,1,0,0.812014102935791,0.18798582255840302
reflection_train_tta,sub-14,36,1,0,0,0.7099671363830566,0.29003286361694336
reflection_train_tta,sub-14,37,4,1,0,0.523777425289154,0.47622254490852356
reflection_train_tta,sub-14,38,0,0,1,0.37602826952934265,0.6239717602729797
reflection_train_tta,sub-14,39,1,1,1,0.4191342890262604,0.580865740776062
reflection_train_tta,sub-15,0,3,0,1,0.4740467071533203,0.5259532928466797
reflection_train_tta,sub-15,1,2,1,1,0.400829941034317,0.5991700291633606
reflection_train_tta,sub-15,2,2,0,1,0.44622495770454407,0.5537750124931335
reflection_train_tta,sub-15,3,0,1,0,0.580583393573761,0.4194166660308838
reflection_train_tta,sub-15,4,2,0,1,0.4953698217868805,0.5046302080154419
reflection_train_tta,sub-15,5,1,1,0,0.5555787086486816,0.44442129135131836
reflection_train_tta,sub-15,6,2,0,1,0.4888879358768463,0.5111120343208313
reflection_train_tta,sub-15,7,0,1,1,0.4957154095172882,0.5042845606803894
reflection_train_tta,sub-15,8,1,0,0,0.5520047545433044,0.44799527525901794
reflection_train_tta,sub-15,9,3,1,1,0.38240718841552734,0.6175928115844727
reflection_train_tta,sub-15,10,3,0,1,0.41686639189720154,0.5831336379051208
reflection_train_tta,sub-15,11,0,1,0,0.5851725935935974,0.414827436208725
reflection_train_tta,sub-15,12,2,0,1,0.4042552411556244,0.5957447290420532
reflection_train_tta,sub-15,13,0,1,0,0.6905788779258728,0.3094210922718048
reflection_train_tta,sub-15,14,4,0,1,0.4208765923976898,0.5791233777999878
reflection_train_tta,sub-15,15,1,1,1,0.34520086646080017,0.6547991037368774
reflection_train_tta,sub-15,16,0,0,0,0.5793609023094177,0.4206390678882599
reflection_train_tta,sub-15,17,2,1,1,0.4316505491733551,0.5683494210243225
reflection_train_tta,sub-15,18,4,0,1,0.40049275755882263,0.5995072722434998
reflection_train_tta,sub-15,19,3,1,1,0.35818302631378174,0.6418169140815735
reflection_train_tta,sub-15,20,0,0,0,0.501908004283905,0.49809202551841736
reflection_train_tta,sub-15,21,2,1,0,0.6045624017715454,0.3954375684261322
reflection_train_tta,sub-15,22,1,0,1,0.446309894323349,0.5536901354789734
reflection_train_tta,sub-15,23,1,1,1,0.4451799690723419,0.5548200607299805
reflection_train_tta,sub-15,24,0,0,0,0.5890989899635315,0.4109009802341461
reflection_train_tta,sub-15,25,4,1,0,0.5126763582229614,0.4873236119747162
reflection_train_tta,sub-15,26,3,0,1,0.46329760551452637,0.5367023944854736
reflection_train_tta,sub-15,27,3,1,1,0.4962579011917114,0.5037420988082886
reflection_train_tta,sub-15,28,1,0,1,0.4520052671432495,0.5479947924613953
reflection_train_tta,sub-15,29,3,1,0,0.5911994576454163,0.40880057215690613
reflection_train_tta,sub-15,30,4,0,1,0.45884302258491516,0.5411569476127625
reflection_train_tta,sub-15,31,4,1,1,0.4480177164077759,0.5519822239875793
reflection_train_tta,sub-15,32,4,0,1,0.4988504648208618,0.5011494755744934
reflection_train_tta,sub-15,33,2,1,1,0.4734158515930176,0.5265840888023376
reflection_train_tta,sub-15,34,3,0,1,0.4363771975040436,0.563622772693634
reflection_train_tta,sub-15,35,4,1,0,0.5171015858650208,0.48289838433265686
reflection_train_tta,sub-15,36,1,0,1,0.3959389925003052,0.6040610074996948
reflection_train_tta,sub-15,37,4,1,0,0.5748830437660217,0.4251169264316559
reflection_train_tta,sub-15,38,0,0,1,0.477099746465683,0.5229002833366394
reflection_train_tta,sub-15,39,1,1,1,0.3565247356891632,0.6434752345085144
reflection_train_tta,sub-16,0,3,0,0,0.6986026763916016,0.30139729380607605
reflection_train_tta,sub-16,1,2,1,1,0.49477148056030273,0.505228579044342
reflection_train_tta,sub-16,2,2,0,0,0.624771773815155,0.37522828578948975
reflection_train_tta,sub-16,3,0,1,1,0.44734373688697815,0.5526562333106995
reflection_train_tta,sub-16,4,2,0,0,0.7772421836853027,0.22275781631469727
reflection_train_tta,sub-16,5,1,1,1,0.45169007778167725,0.548309862613678
reflection_train_tta,sub-16,6,2,0,1,0.19996404647827148,0.8000359535217285
reflection_train_tta,sub-16,7,0,1,0,0.6834006309509277,0.3165993392467499
reflection_train_tta,sub-16,8,1,0,0,0.6276389956474304,0.37236103415489197
reflection_train_tta,sub-16,9,3,1,1,0.3658016622066498,0.6341983079910278
reflection_train_tta,sub-16,10,3,0,0,0.7965281009674072,0.20347191393375397
reflection_train_tta,sub-16,11,0,1,1,0.2689165472984314,0.7310834527015686
reflection_train_tta,sub-16,12,2,0,0,0.6534308791160583,0.34656915068626404
reflection_train_tta,sub-16,13,0,1,1,0.1684083789587021,0.8315916061401367
reflection_train_tta,sub-16,14,4,0,0,0.592753529548645,0.407246470451355
reflection_train_tta,sub-16,15,1,1,0,0.6463990807533264,0.3536008894443512
reflection_train_tta,sub-16,16,0,0,0,0.7788922190666199,0.2211078256368637
reflection_train_tta,sub-16,17,2,1,1,0.48219266533851624,0.5178073644638062
reflection_train_tta,sub-16,18,4,0,1,0.13700060546398163,0.8629993796348572
reflection_train_tta,sub-16,19,3,1,1,0.39538463950157166,0.6046153903007507
reflection_train_tta,sub-16,20,0,0,0,0.6970531344413757,0.3029468357563019
reflection_train_tta,sub-16,21,2,1,1,0.41930830478668213,0.5806917548179626
reflection_train_tta,sub-16,22,1,0,0,0.5393536686897278,0.46064630150794983
reflection_train_tta,sub-16,23,1,1,1,0.3695559799671173,0.6304439902305603
reflection_train_tta,sub-16,24,0,0,1,0.15168890357017517,0.8483111262321472
reflection_train_tta,sub-16,25,4,1,0,0.6742294430732727,0.32577061653137207
reflection_train_tta,sub-16,26,3,0,0,0.5349701046943665,0.46502986550331116
reflection_train_tta,sub-16,27,3,1,1,0.36972782015800476,0.6302722096443176
reflection_train_tta,sub-16,28,1,0,0,0.6635529398918152,0.3364470899105072
reflection_train_tta,sub-16,29,3,1,1,0.35051608085632324,0.6494839191436768
reflection_train_tta,sub-16,30,4,0,1,0.4478653371334076,0.5521346926689148
reflection_train_tta,sub-16,31,4,1,1,0.08161342889070511,0.9183866381645203
reflection_train_tta,sub-16,32,4,0,0,0.8253624439239502,0.1746375411748886
reflection_train_tta,sub-16,33,2,1,0,0.5013484358787537,0.4986515939235687
reflection_train_tta,sub-16,34,3,0,0,0.5706644058227539,0.4293355941772461
reflection_train_tta,sub-16,35,4,1,1,0.3341663181781769,0.6658336520195007
reflection_train_tta,sub-16,36,1,0,0,0.7668927311897278,0.23310719430446625
reflection_train_tta,sub-16,37,4,1,0,0.5647168159484863,0.43528321385383606
reflection_train_tta,sub-16,38,0,0,1,0.3371221125125885,0.6628778576850891
reflection_train_tta,sub-16,39,1,1,0,0.5359930396080017,0.4640069901943207
reflection_train_tta,sub-17,0,3,0,1,0.45416948199272156,0.545830488204956
reflection_train_tta,sub-17,1,2,1,0,0.566487193107605,0.43351277709007263
reflection_train_tta,sub-17,2,2,0,0,0.5293774604797363,0.47062253952026367
reflection_train_tta,sub-17,3,0,1,1,0.40173885226249695,0.5982611775398254
reflection_train_tta,sub-17,4,2,0,1,0.33172473311424255,0.6682752966880798
reflection_train_tta,sub-17,5,1,1,0,0.7752664685249329,0.22473347187042236
reflection_train_tta,sub-17,6,2,0,1,0.42938753962516785,0.5706124901771545
reflection_train_tta,sub-17,7,0,1,1,0.1748814582824707,0.8251185417175293
reflection_train_tta,sub-17,8,1,0,0,0.5286658406257629,0.4713341295719147
reflection_train_tta,sub-17,9,3,1,0,0.5547035932540894,0.44529640674591064
reflection_train_tta,sub-17,10,3,0,1,0.45745551586151123,0.5425445437431335
reflection_train_tta,sub-17,11,0,1,0,0.7195410132408142,0.2804590165615082
reflection_train_tta,sub-17,12,2,0,0,0.6139965653419495,0.38600340485572815
reflection_train_tta,sub-17,13,0,1,0,0.752640426158905,0.24735961854457855
reflection_train_tta,sub-17,14,4,0,0,0.7009648680686951,0.2990351915359497
reflection_train_tta,sub-17,15,1,1,1,0.3049849569797516,0.695015013217926
reflection_train_tta,sub-17,16,0,0,1,0.3722279965877533,0.6277720332145691
reflection_train_tta,sub-17,17,2,1,0,0.6337166428565979,0.3662834167480469
reflection_train_tta,sub-17,18,4,0,0,0.5907729268074036,0.40922701358795166
reflection_train_tta,sub-17,19,3,1,0,0.5473564267158508,0.45264360308647156
reflection_train_tta,sub-17,20,0,0,0,0.7108818888664246,0.2891181409358978
reflection_train_tta,sub-17,21,2,1,0,0.5728582739830017,0.4271417558193207
reflection_train_tta,sub-17,22,1,0,0,0.5341736674308777,0.4658263027667999
reflection_train_tta,sub-17,23,1,1,1,0.40012863278388977,0.5998713374137878
reflection_train_tta,sub-17,24,0,0,1,0.25336214900016785,0.7466378211975098
reflection_train_tta,sub-17,25,4,1,1,0.4864463806152344,0.5135536193847656
reflection_train_tta,sub-17,26,3,0,1,0.25858762860298157,0.741412341594696
reflection_train_tta,sub-17,27,3,1,0,0.5568996071815491,0.44310033321380615
reflection_train_tta,sub-17,28,1,0,1,0.4870794117450714,0.5129205584526062
reflection_train_tta,sub-17,29,3,1,0,0.655224621295929,0.34477531909942627
reflection_train_tta,sub-17,30,4,0,1,0.47838035225868225,0.5216196179389954
reflection_train_tta,sub-17,31,4,1,0,0.816964864730835,0.18303513526916504
reflection_train_tta,sub-17,32,4,0,0,0.8504483103752136,0.14955176413059235
reflection_train_tta,sub-17,33,2,1,1,0.24955861270427704,0.7504413723945618
reflection_train_tta,sub-17,34,3,0,0,0.5525690913200378,0.44743087887763977
reflection_train_tta,sub-17,35,4,1,0,0.5622384548187256,0.4377615451812744
reflection_train_tta,sub-17,36,1,0,1,0.23317253589630127,0.766827404499054
reflection_train_tta,sub-17,37,4,1,0,0.6815446019172668,0.31845536828041077
reflection_train_tta,sub-17,38,0,0,0,0.7516196370124817,0.2483803778886795
reflection_train_tta,sub-17,39,1,1,1,0.42084506154060364,0.5791549682617188
reflection_train_tta,sub-18,0,3,0,0,0.781166136264801,0.2188338190317154
reflection_train_tta,sub-18,1,2,1,1,0.11851725727319717,0.8814827799797058
reflection_train_tta,sub-18,2,2,0,0,0.7415401935577393,0.25845980644226074
reflection_train_tta,sub-18,3,0,1,1,0.09831377118825912,0.9016861915588379
reflection_train_tta,sub-18,4,2,0,0,0.9006409645080566,0.09935901314020157
reflection_train_tta,sub-18,5,1,1,1,0.11504843831062317,0.8849515914916992
reflection_train_tta,sub-18,6,2,0,0,0.9935870170593262,0.0064129941165447235
reflection_train_tta,sub-18,7,0,1,1,0.227895125746727,0.7721049189567566
reflection_train_tta,sub-18,8,1,0,0,0.844003438949585,0.15599654614925385
reflection_train_tta,sub-18,9,3,1,1,0.2551628351211548,0.74483722448349
reflection_train_tta,sub-18,10,3,0,1,0.47536182403564453,0.5246381163597107
reflection_train_tta,sub-18,11,0,1,1,0.49786344170570374,0.5021365284919739
reflection_train_tta,sub-18,12,2,0,0,0.946984052658081,0.05301596224308014
reflection_train_tta,sub-18,13,0,1,1,0.27390286326408386,0.7260971665382385
reflection_train_tta,sub-18,14,4,0,0,0.6718029975891113,0.32819703221321106
reflection_train_tta,sub-18,15,1,1,1,0.4280276298522949,0.5719724297523499
reflection_train_tta,sub-18,16,0,0,1,0.3680490553379059,0.6319509148597717
reflection_train_tta,sub-18,17,2,1,0,0.6782693862915039,0.3217306435108185
reflection_train_tta,sub-18,18,4,0,0,0.7008996605873108,0.29910025000572205
reflection_train_tta,sub-18,19,3,1,1,0.3696598708629608,0.6303401589393616
reflection_train_tta,sub-18,20,0,0,0,0.9632137417793274,0.036786314100027084
reflection_train_tta,sub-18,21,2,1,1,0.3066987693309784,0.6933012008666992
reflection_train_tta,sub-18,22,1,0,0,0.7785788178443909,0.22142113745212555
reflection_train_tta,sub-18,23,1,1,1,0.43462488055229187,0.5653751492500305
reflection_train_tta,sub-18,24,0,0,0,0.7172830700874329,0.28271690011024475
reflection_train_tta,sub-18,25,4,1,1,0.3653172552585602,0.6346827149391174
reflection_train_tta,sub-18,26,3,0,0,0.9337440133094788,0.06625599414110184
reflection_train_tta,sub-18,27,3,1,1,0.06912043690681458,0.930879533290863
reflection_train_tta,sub-18,28,1,0,0,0.8417286276817322,0.1582714021205902
reflection_train_tta,sub-18,29,3,1,0,0.7192346453666687,0.2807653844356537
reflection_train_tta,sub-18,30,4,0,0,0.5780516266822815,0.4219483435153961
reflection_train_tta,sub-18,31,4,1,1,0.43977153301239014,0.5602284669876099
reflection_train_tta,sub-18,32,4,0,0,0.7224366068840027,0.2775633633136749
reflection_train_tta,sub-18,33,2,1,1,0.057711679488420486,0.942288339138031
reflection_train_tta,sub-18,34,3,0,0,0.717536985874176,0.2824629843235016
reflection_train_tta,sub-18,35,4,1,1,0.06822789460420609,0.9317720532417297
reflection_train_tta,sub-18,36,1,0,0,0.6465355753898621,0.35346436500549316
reflection_train_tta,sub-18,37,4,1,1,0.4625917375087738,0.5374082922935486
reflection_train_tta,sub-18,38,0,0,1,0.4897874891757965,0.5102124810218811
reflection_train_tta,sub-18,39,1,1,1,0.15797539055347443,0.842024564743042
reflection_train_tta,sub-19,0,3,0,1,0.33598384261131287,0.6640161871910095
reflection_train_tta,sub-19,1,2,1,0,0.5051653981208801,0.4948345720767975
reflection_train_tta,sub-19,2,2,0,0,0.6559849977493286,0.3440150022506714
reflection_train_tta,sub-19,3,0,1,0,0.6648932099342346,0.335106760263443
reflection_train_tta,sub-19,4,2,0,1,0.4422990381717682,0.5577009320259094
reflection_train_tta,sub-19,5,1,1,1,0.48900237679481506,0.5109975934028625
reflection_train_tta,sub-19,6,2,0,0,0.5889860987663269,0.4110138714313507
reflection_train_tta,sub-19,7,0,1,0,0.5661942362785339,0.43380579352378845
reflection_train_tta,sub-19,8,1,0,1,0.4724009037017822,0.5275990962982178
reflection_train_tta,sub-19,9,3,1,1,0.38813674449920654,0.6118633151054382
reflection_train_tta,sub-19,10,3,0,0,0.7132264971733093,0.28677353262901306
reflection_train_tta,sub-19,11,0,1,0,0.5919008255004883,0.4080991744995117
reflection_train_tta,sub-19,12,2,0,1,0.191545307636261,0.808454692363739
reflection_train_tta,sub-19,13,0,1,1,0.29164379835128784,0.7083562016487122
reflection_train_tta,sub-19,14,4,0,1,0.1834685355424881,0.8165314197540283
reflection_train_tta,sub-19,15,1,1,1,0.3108862340450287,0.6891137957572937
reflection_train_tta,sub-19,16,0,0,0,0.6679332256317139,0.33206674456596375
reflection_train_tta,sub-19,17,2,1,0,0.6495192050933838,0.3504807949066162
reflection_train_tta,sub-19,18,4,0,1,0.4897678792476654,0.510232150554657
reflection_train_tta,sub-19,19,3,1,0,0.6533429026603699,0.3466571569442749
reflection_train_tta,sub-19,20,0,0,1,0.30059531331062317,0.6994047164916992
reflection_train_tta,sub-19,21,2,1,0,0.5432558059692383,0.4567441940307617
reflection_train_tta,sub-19,22,1,0,1,0.265643447637558,0.7343565821647644
reflection_train_tta,sub-19,23,1,1,1,0.41911157965660095,0.5808884501457214
reflection_train_tta,sub-19,24,0,0,0,0.8964654803276062,0.10353455692529678
reflection_train_tta,sub-19,25,4,1,0,0.7701146602630615,0.2298852950334549
reflection_train_tta,sub-19,26,3,0,1,0.20788072049617767,0.7921193242073059
reflection_train_tta,sub-19,27,3,1,0,0.7406960129737854,0.259304016828537
reflection_train_tta,sub-19,28,1,0,1,0.3247144818305969,0.6752855181694031
reflection_train_tta,sub-19,29,3,1,0,0.6827070116996765,0.3172930181026459
reflection_train_tta,sub-19,30,4,0,1,0.3665580451488495,0.6334419846534729
reflection_train_tta,sub-19,31,4,1,1,0.36062392592430115,0.6393761038780212
reflection_train_tta,sub-19,32,4,0,0,0.7609859108924866,0.23901407420635223
reflection_train_tta,sub-19,33,2,1,1,0.49221232533454895,0.5077876448631287
reflection_train_tta,sub-19,34,3,0,1,0.4001484215259552,0.5998516082763672
reflection_train_tta,sub-19,35,4,1,1,0.4315442144870758,0.5684557557106018
reflection_train_tta,sub-19,36,1,0,0,0.583277702331543,0.41672229766845703
reflection_train_tta,sub-19,37,4,1,1,0.431989461183548,0.5680105090141296
reflection_train_tta,sub-19,38,0,0,0,0.7375926971435547,0.2624073326587677
reflection_train_tta,sub-19,39,1,1,1,0.4248470366001129,0.5751529335975647
reflection_train_tta,sub-20,0,3,0,0,0.6403801441192627,0.3596198260784149
reflection_train_tta,sub-20,1,2,1,1,0.42523613572120667,0.574763834476471
reflection_train_tta,sub-20,2,2,0,0,0.7788222432136536,0.22117771208286285
reflection_train_tta,sub-20,3,0,1,0,0.5095399022102356,0.4904601275920868
reflection_train_tta,sub-20,4,2,0,0,0.7464132308959961,0.2535867393016815
reflection_train_tta,sub-20,5,1,1,0,0.6624513268470764,0.33754873275756836
reflection_train_tta,sub-20,6,2,0,0,0.7660232186317444,0.23397676646709442
reflection_train_tta,sub-20,7,0,1,1,0.22834621369838715,0.7716538310050964
reflection_train_tta,sub-20,8,1,0,0,0.9531719088554382,0.046828072518110275
reflection_train_tta,sub-20,9,3,1,1,0.0890662893652916,0.9109337329864502
reflection_train_tta,sub-20,10,3,0,0,0.6105117797851562,0.38948825001716614
reflection_train_tta,sub-20,11,0,1,0,0.7437941431999207,0.25620579719543457
reflection_train_tta,sub-20,12,2,0,0,0.8561573028564453,0.14384274184703827
reflection_train_tta,sub-20,13,0,1,1,0.2271590232849121,0.7728409767150879
reflection_train_tta,sub-20,14,4,0,0,0.7009101510047913,0.29908981919288635
reflection_train_tta,sub-20,15,1,1,1,0.3253825902938843,0.674617350101471
reflection_train_tta,sub-20,16,0,0,1,0.44847360253334045,0.5515263676643372
reflection_train_tta,sub-20,17,2,1,0,0.544857919216156,0.4551421105861664
reflection_train_tta,sub-20,18,4,0,1,0.32805609703063965,0.6719439029693604
reflection_train_tta,sub-20,19,3,1,1,0.44532880187034607,0.5546712279319763
reflection_train_tta,sub-20,20,0,0,0,0.6889503598213196,0.3110496997833252
reflection_train_tta,sub-20,21,2,1,1,0.3862171173095703,0.6137829422950745
reflection_train_tta,sub-20,22,1,0,0,0.6587433218955994,0.34125664830207825
reflection_train_tta,sub-20,23,1,1,1,0.26992425322532654,0.7300757765769958
reflection_train_tta,sub-20,24,0,0,1,0.46516504883766174,0.5348348617553711
reflection_train_tta,sub-20,25,4,1,1,0.29057857394218445,0.7094214558601379
reflection_train_tta,sub-20,26,3,0,0,0.6911608576774597,0.30883923172950745
reflection_train_tta,sub-20,27,3,1,1,0.3873661458492279,0.6126338839530945
reflection_train_tta,sub-20,28,1,0,1,0.4617954194545746,0.538204550743103
reflection_train_tta,sub-20,29,3,1,0,0.690798282623291,0.3092016279697418
reflection_train_tta,sub-20,30,4,0,0,0.6420386433601379,0.3579613268375397
reflection_train_tta,sub-20,31,4,1,0,0.5876808762550354,0.4123190939426422
reflection_train_tta,sub-20,32,4,0,0,0.6062440872192383,0.39375582337379456
reflection_train_tta,sub-20,33,2,1,1,0.4065539538860321,0.5934460759162903
reflection_train_tta,sub-20,34,3,0,1,0.48427852988243103,0.5157214999198914
reflection_train_tta,sub-20,35,4,1,1,0.46118831634521484,0.5388116836547852
reflection_train_tta,sub-20,36,1,0,0,0.6938738822937012,0.30612608790397644
reflection_train_tta,sub-20,37,4,1,0,0.813011646270752,0.18698836863040924
reflection_train_tta,sub-20,38,0,0,0,0.7198707461357117,0.2801292836666107
reflection_train_tta,sub-20,39,1,1,0,0.6228753924369812,0.3771245777606964
reflection_train_tta,sub-21,0,3,0,1,0.37886396050453186,0.6211360692977905
reflection_train_tta,sub-21,1,2,1,0,0.6682737469673157,0.3317262828350067
reflection_train_tta,sub-21,2,2,0,0,0.5873522162437439,0.4126477539539337
reflection_train_tta,sub-21,3,0,1,1,0.381915420293808,0.6180846095085144
reflection_train_tta,sub-21,4,2,0,0,0.6084901690483093,0.39150986075401306
reflection_train_tta,sub-21,5,1,1,0,0.7471876740455627,0.25281229615211487
reflection_train_tta,sub-21,6,2,0,0,0.6917783617973328,0.308221697807312
reflection_train_tta,sub-21,7,0,1,0,0.5308165550231934,0.46918344497680664
reflection_train_tta,sub-21,8,1,0,1,0.20828835666179657,0.7917116284370422
reflection_train_tta,sub-21,9,3,1,0,0.6102698445320129,0.3897301256656647
reflection_train_tta,sub-21,10,3,0,1,0.4825502932071686,0.517449676990509
reflection_train_tta,sub-21,11,0,1,0,0.5260863900184631,0.4739135801792145
reflection_train_tta,sub-21,12,2,0,1,0.48678508400917053,0.5132148861885071
reflection_train_tta,sub-21,13,0,1,1,0.19884860515594482,0.8011514544487
reflection_train_tta,sub-21,14,4,0,0,0.6488065123558044,0.35119351744651794
reflection_train_tta,sub-21,15,1,1,1,0.3081924021244049,0.6918075680732727
reflection_train_tta,sub-21,16,0,0,1,0.33943697810173035,0.660563051700592
reflection_train_tta,sub-21,17,2,1,0,0.6146608591079712,0.3853391706943512
reflection_train_tta,sub-21,18,4,0,0,0.5368625521659851,0.4631374180316925
reflection_train_tta,sub-21,19,3,1,0,0.5794000625610352,0.42059993743896484
reflection_train_tta,sub-21,20,0,0,0,0.546531617641449,0.45346835255622864
reflection_train_tta,sub-21,21,2,1,0,0.6526321172714233,0.3473678529262543
reflection_train_tta,sub-21,22,1,0,0,0.5139681100845337,0.4860318899154663
reflection_train_tta,sub-21,23,1,1,1,0.4356367588043213,0.5643633008003235
reflection_train_tta,sub-21,24,0,0,1,0.4465952217578888,0.5534047484397888
reflection_train_tta,sub-21,25,4,1,0,0.6323478817939758,0.3676520586013794
reflection_train_tta,sub-21,26,3,0,1,0.45338955521583557,0.546610414981842
reflection_train_tta,sub-21,27,3,1,1,0.3555971682071686,0.644402801990509
reflection_train_tta,sub-21,28,1,0,1,0.3208014667034149,0.6791985630989075
reflection_train_tta,sub-21,29,3,1,0,0.5323419570922852,0.4676579535007477
reflection_train_tta,sub-21,30,4,0,1,0.3664468824863434,0.633553147315979
reflection_train_tta,sub-21,31,4,1,0,0.7605443000793457,0.2394556850194931
reflection_train_tta,sub-21,32,4,0,1,0.41385746002197266,0.5861425399780273
reflection_train_tta,sub-21,33,2,1,1,0.2532943785190582,0.7467055916786194
reflection_train_tta,sub-21,34,3,0,0,0.5233038067817688,0.4766961634159088
reflection_train_tta,sub-21,35,4,1,0,0.535343587398529,0.46465644240379333
reflection_train_tta,sub-21,36,1,0,1,0.31038644909858704,0.6896135210990906
reflection_train_tta,sub-21,37,4,1,1,0.39754346013069153,0.6024565100669861
reflection_train_tta,sub-21,38,0,0,1,0.3136835992336273,0.6863163113594055
reflection_train_tta,sub-21,39,1,1,1,0.4409961998462677,0.5590037703514099
reflection_train_tta,sub-22,0,3,0,0,0.567482590675354,0.432517409324646
reflection_train_tta,sub-22,1,2,1,0,0.5744190812110901,0.4255808889865875
reflection_train_tta,sub-22,2,2,0,0,0.7071639895439148,0.2928359806537628
reflection_train_tta,sub-22,3,0,1,0,0.6711615920066833,0.32883837819099426
reflection_train_tta,sub-22,4,2,0,1,0.2788587808609009,0.7211411595344543
reflection_train_tta,sub-22,5,1,1,1,0.4530130922794342,0.5469869375228882
reflection_train_tta,sub-22,6,2,0,0,0.5449095368385315,0.4550904333591461
reflection_train_tta,sub-22,7,0,1,1,0.06214241683483124,0.9378575682640076
reflection_train_tta,sub-22,8,1,0,0,0.8947524428367615,0.10524758696556091
reflection_train_tta,sub-22,9,3,1,1,0.31136032938957214,0.6886396408081055
reflection_train_tta,sub-22,10,3,0,1,0.4155128300189972,0.5844871997833252
reflection_train_tta,sub-22,11,0,1,0,0.5185601115226746,0.4814399182796478
reflection_train_tta,sub-22,12,2,0,1,0.4756205976009369,0.5243794322013855
reflection_train_tta,sub-22,13,0,1,0,0.6288251876831055,0.37117481231689453
reflection_train_tta,sub-22,14,4,0,0,0.5531100034713745,0.4468899667263031
reflection_train_tta,sub-22,15,1,1,0,0.7004584670066833,0.29954156279563904
reflection_train_tta,sub-22,16,0,0,0,0.5818411707878113,0.4181588590145111
reflection_train_tta,sub-22,17,2,1,1,0.28182074427604675,0.7181792259216309
reflection_train_tta,sub-22,18,4,0,1,0.47128787636756897,0.5287121534347534
reflection_train_tta,sub-22,19,3,1,1,0.23919832706451416,0.7608016133308411
reflection_train_tta,sub-22,20,0,0,0,0.8113605976104736,0.18863940238952637
reflection_train_tta,sub-22,21,2,1,1,0.3995974063873291,0.6004025340080261
reflection_train_tta,sub-22,22,1,0,1,0.33155301213264465,0.6684470176696777
reflection_train_tta,sub-22,23,1,1,1,0.22556619346141815,0.7744338512420654
reflection_train_tta,sub-22,24,0,0,1,0.4583461284637451,0.5416538715362549
reflection_train_tta,sub-22,25,4,1,1,0.42923054099082947,0.5707694292068481
reflection_train_tta,sub-22,26,3,0,0,0.7384611964225769,0.2615388333797455
reflection_train_tta,sub-22,27,3,1,1,0.1809484362602234,0.8190515637397766
reflection_train_tta,sub-22,28,1,0,0,0.8729150891304016,0.1270848959684372
reflection_train_tta,sub-22,29,3,1,1,0.20366840064525604,0.7963315844535828
reflection_train_tta,sub-22,30,4,0,0,0.741465151309967,0.25853481888771057
reflection_train_tta,sub-22,31,4,1,1,0.14912742376327515,0.8508725166320801
reflection_train_tta,sub-22,32,4,0,0,0.8425162434577942,0.15748369693756104
reflection_train_tta,sub-22,33,2,1,1,0.07079576700925827,0.9292042255401611
reflection_train_tta,sub-22,34,3,0,0,0.7695017457008362,0.23049823939800262
reflection_train_tta,sub-22,35,4,1,1,0.33711162209510803,0.6628884077072144
reflection_train_tta,sub-22,36,1,0,0,0.8567153811454773,0.1432846039533615
reflection_train_tta,sub-22,37,4,1,0,0.5306263566017151,0.4693736732006073
reflection_train_tta,sub-22,38,0,0,0,0.9018421173095703,0.0981578454375267
reflection_train_tta,sub-22,39,1,1,0,0.7895907759666443,0.2104092389345169
reflection_train_tta,sub-23,0,3,0,1,0.011546523310244083,0.9884534478187561
reflection_train_tta,sub-23,1,2,1,1,0.4122658669948578,0.5877341628074646
reflection_train_tta,sub-23,2,2,0,1,0.4445360600948334,0.5554638504981995
reflection_train_tta,sub-23,3,0,1,0,0.7706297039985657,0.22937023639678955
reflection_train_tta,sub-23,4,2,0,1,0.45984819531440735,0.5401517748832703
reflection_train_tta,sub-23,5,1,1,1,0.2053016871213913,0.7946982979774475
reflection_train_tta,sub-23,6,2,0,0,0.7775891423225403,0.22241075336933136
reflection_train_tta,sub-23,7,0,1,1,0.19893395900726318,0.8010661005973816
reflection_train_tta,sub-23,8,1,0,1,0.4715787470340729,0.5284212231636047
reflection_train_tta,sub-23,9,3,1,1,0.01368036214262247,0.9863197207450867
reflection_train_tta,sub-23,10,3,0,1,0.4275960922241211,0.5724038481712341
reflection_train_tta,sub-23,11,0,1,1,0.3126119077205658,0.6873881220817566
reflection_train_tta,sub-23,12,2,0,0,0.8813204169273376,0.11867958307266235
reflection_train_tta,sub-23,13,0,1,1,0.10752720385789871,0.8924727439880371
reflection_train_tta,sub-23,14,4,0,0,0.526296854019165,0.47370314598083496
reflection_train_tta,sub-23,15,1,1,1,0.03980157896876335,0.9601984024047852
reflection_train_tta,sub-23,16,0,0,1,0.21931488811969757,0.7806851267814636
reflection_train_tta,sub-23,17,2,1,1,0.058337289839982986,0.9416627287864685
reflection_train_tta,sub-23,18,4,0,0,0.531621515750885,0.4683784544467926
reflection_train_tta,sub-23,19,3,1,1,0.12048187106847763,0.8795180916786194
reflection_train_tta,sub-23,20,0,0,0,0.9069026112556458,0.09309732913970947
reflection_train_tta,sub-23,21,2,1,1,0.09090914577245712,0.9090908169746399
reflection_train_tta,sub-23,22,1,0,1,0.4345773756504059,0.5654225945472717
reflection_train_tta,sub-23,23,1,1,0,0.5620439648628235,0.4379560053348541
reflection_train_tta,sub-23,24,0,0,0,0.7845526337623596,0.2154473513364792
reflection_train_tta,sub-23,25,4,1,1,0.1123136579990387,0.8876863121986389
reflection_train_tta,sub-23,26,3,0,1,0.13736142218112946,0.862638533115387
reflection_train_tta,sub-23,27,3,1,1,0.1019585132598877,0.8980414867401123
reflection_train_tta,sub-23,28,1,0,0,0.6181626319885254,0.3818373680114746
reflection_train_tta,sub-23,29,3,1,0,0.704226553440094,0.2957734167575836
reflection_train_tta,sub-23,30,4,0,0,0.7792899012565613,0.22071008384227753
reflection_train_tta,sub-23,31,4,1,0,0.7386676669120789,0.26133230328559875
reflection_train_tta,sub-23,32,4,0,0,0.923901379108429,0.07609861344099045
reflection_train_tta,sub-23,33,2,1,1,0.20990288257598877,0.790097177028656
reflection_train_tta,sub-23,34,3,0,0,0.7998442649841309,0.20015574991703033
reflection_train_tta,sub-23,35,4,1,1,0.4862261712551117,0.5137738585472107
reflection_train_tta,sub-23,36,1,0,0,0.8460944294929504,0.15390554070472717
reflection_train_tta,sub-23,37,4,1,1,0.2567339539527893,0.7432660460472107
reflection_train_tta,sub-23,38,0,0,1,0.2434905767440796,0.7565094828605652
reflection_train_tta,sub-23,39,1,1,1,0.08214274048805237,0.9178572297096252
reflection_train_tta,sub-24,0,3,0,1,0.29514452815055847,0.7048554420471191
reflection_train_tta,sub-24,1,2,1,1,0.4001142680644989,0.5998857617378235
reflection_train_tta,sub-24,2,2,0,0,0.9194563031196594,0.08054365962743759
reflection_train_tta,sub-24,3,0,1,0,0.7588939666748047,0.24110598862171173
reflection_train_tta,sub-24,4,2,0,1,0.2665092945098877,0.7334907054901123
reflection_train_tta,sub-24,5,1,1,1,0.299869179725647,0.7001307606697083
reflection_train_tta,sub-24,6,2,0,0,0.6234376430511475,0.3765623867511749
reflection_train_tta,sub-24,7,0,1,0,0.651205837726593,0.3487941324710846
reflection_train_tta,sub-24,8,1,0,0,0.5967758893966675,0.4032241106033325
reflection_train_tta,sub-24,9,3,1,1,0.31257128715515137,0.6874287724494934
reflection_train_tta,sub-24,10,3,0,0,0.6305921673774719,0.36940786242485046
reflection_train_tta,sub-24,11,0,1,0,0.6345331072807312,0.3654669225215912
reflection_train_tta,sub-24,12,2,0,1,0.40099480748176575,0.5990051627159119
reflection_train_tta,sub-24,13,0,1,1,0.3369160592556,0.6630839705467224
reflection_train_tta,sub-24,14,4,0,1,0.4780616760253906,0.5219383239746094
reflection_train_tta,sub-24,15,1,1,1,0.3510303497314453,0.6489696502685547
reflection_train_tta,sub-24,16,0,0,1,0.4762813150882721,0.5237186551094055
reflection_train_tta,sub-24,17,2,1,1,0.4692252576351166,0.5307747721672058
reflection_train_tta,sub-24,18,4,0,0,0.7755367755889893,0.22446323931217194
reflection_train_tta,sub-24,19,3,1,1,0.2824814021587372,0.7175185680389404
reflection_train_tta,sub-24,20,0,0,1,0.13212496042251587,0.8678750395774841
reflection_train_tta,sub-24,21,2,1,1,0.16612540185451508,0.833874523639679
reflection_train_tta,sub-24,22,1,0,1,0.41960057616233826,0.5803994536399841
reflection_train_tta,sub-24,23,1,1,0,0.8201889395713806,0.17981106042861938
reflection_train_tta,sub-24,24,0,0,0,0.7037585377693176,0.2962414026260376
reflection_train_tta,sub-24,25,4,1,0,0.5356846451759338,0.4643153250217438
reflection_train_tta,sub-24,26,3,0,1,0.46813392639160156,0.5318660736083984
reflection_train_tta,sub-24,27,3,1,1,0.17425180971622467,0.8257481455802917
reflection_train_tta,sub-24,28,1,0,0,0.6530439257621765,0.3469561040401459
reflection_train_tta,sub-24,29,3,1,0,0.6011165976524353,0.3988834321498871
reflection_train_tta,sub-24,30,4,0,0,0.7953452467918396,0.2046547681093216
reflection_train_tta,sub-24,31,4,1,1,0.2892151176929474,0.710784912109375
reflection_train_tta,sub-24,32,4,0,0,0.6127476096153259,0.38725242018699646
reflection_train_tta,sub-24,33,2,1,1,0.26340124011039734,0.7365987300872803
reflection_train_tta,sub-24,34,3,0,1,0.46370911598205566,0.5362908840179443
reflection_train_tta,sub-24,35,4,1,0,0.597728967666626,0.40227100253105164
reflection_train_tta,sub-24,36,1,0,1,0.4149959981441498,0.5850039720535278
reflection_train_tta,sub-24,37,4,1,0,0.5645471215248108,0.4354528486728668
reflection_train_tta,sub-24,38,0,0,1,0.3475290834903717,0.6524709463119507
reflection_train_tta,sub-24,39,1,1,1,0.3399660587310791,0.6600339412689209
reflection_train_tta,sub-25,0,3,0,1,0.41844210028648376,0.5815579295158386
reflection_train_tta,sub-25,1,2,1,1,0.4909512996673584,0.5090486407279968
reflection_train_tta,sub-25,2,2,0,0,0.5862557291984558,0.4137443006038666
reflection_train_tta,sub-25,3,0,1,0,0.7706915736198425,0.22930841147899628
reflection_train_tta,sub-25,4,2,0,1,0.33389440178871155,0.6661055684089661
reflection_train_tta,sub-25,5,1,1,1,0.3770488202571869,0.6229512095451355
reflection_train_tta,sub-25,6,2,0,0,0.5978341102600098,0.40216580033302307
reflection_train_tta,sub-25,7,0,1,1,0.33010566234588623,0.6698943972587585
reflection_train_tta,sub-25,8,1,0,0,0.6043323874473572,0.39566758275032043
reflection_train_tta,sub-25,9,3,1,1,0.16082291305065155,0.839177131652832
reflection_train_tta,sub-25,10,3,0,1,0.19911806285381317,0.8008818626403809
reflection_train_tta,sub-25,11,0,1,0,0.8107622265815735,0.1892378181219101
reflection_train_tta,sub-25,12,2,0,1,0.28457018733024597,0.7154298424720764
reflection_train_tta,sub-25,13,0,1,1,0.19337689876556396,0.8066230416297913
reflection_train_tta,sub-25,14,4,0,0,0.7884443402290344,0.21155564486980438
reflection_train_tta,sub-25,15,1,1,1,0.34550154209136963,0.6544984579086304
reflection_train_tta,sub-25,16,0,0,0,0.6231429576873779,0.37685707211494446
reflection_train_tta,sub-25,17,2,1,0,0.5235384106636047,0.4764615595340729
reflection_train_tta,sub-25,18,4,0,1,0.3613243103027344,0.6386756896972656
reflection_train_tta,sub-25,19,3,1,1,0.3515065908432007,0.6484934687614441
reflection_train_tta,sub-25,20,0,0,1,0.3432025611400604,0.656797468662262
reflection_train_tta,sub-25,21,2,1,0,0.5138806700706482,0.4861193001270294
reflection_train_tta,sub-25,22,1,0,0,0.7507951855659485,0.24920479953289032
reflection_train_tta,sub-25,23,1,1,1,0.3098028898239136,0.6901971697807312
reflection_train_tta,sub-25,24,0,0,1,0.15791188180446625,0.8420881628990173
reflection_train_tta,sub-25,25,4,1,1,0.3442295789718628,0.655770480632782
reflection_train_tta,sub-25,26,3,0,0,0.6060432195663452,0.3939567506313324
reflection_train_tta,sub-25,27,3,1,1,0.4714483320713043,0.5285516381263733
reflection_train_tta,sub-25,28,1,0,1,0.43922606110572815,0.5607739090919495
reflection_train_tta,sub-25,29,3,1,0,0.7574542164802551,0.24254576861858368
reflection_train_tta,sub-25,30,4,0,0,0.5664368867874146,0.43356308341026306
reflection_train_tta,sub-25,31,4,1,1,0.46037665009498596,0.5396233201026917
reflection_train_tta,sub-25,32,4,0,0,0.6137056946754456,0.38629433512687683
reflection_train_tta,sub-25,33,2,1,1,0.41177788376808167,0.588222086429596
reflection_train_tta,sub-25,34,3,0,0,0.9608562588691711,0.03914371877908707
reflection_train_tta,sub-25,35,4,1,1,0.3813815414905548,0.6186184287071228
reflection_train_tta,sub-25,36,1,0,0,0.8951738476753235,0.1048261821269989
reflection_train_tta,sub-25,37,4,1,1,0.2600821852684021,0.7399177551269531
reflection_train_tta,sub-25,38,0,0,0,0.7473223209381104,0.25267764925956726
reflection_train_tta,sub-25,39,1,1,0,0.5288735628128052,0.4711264669895172
reflection_train_tta,sub-26,0,3,0,1,0.19535934925079346,0.8046405911445618
reflection_train_tta,sub-26,1,2,1,1,0.3602273762226105,0.6397725939750671
reflection_train_tta,sub-26,2,2,0,1,0.14490346610546112,0.8550965189933777
reflection_train_tta,sub-26,3,0,1,0,0.590014636516571,0.40998539328575134
reflection_train_tta,sub-26,4,2,0,0,0.595476508140564,0.4045235216617584
reflection_train_tta,sub-26,5,1,1,1,0.34014055132865906,0.6598594188690186
reflection_train_tta,sub-26,6,2,0,1,0.18844811618328094,0.8115518689155579
reflection_train_tta,sub-26,7,0,1,0,0.7773113250732422,0.2226887196302414
reflection_train_tta,sub-26,8,1,0,0,0.5187161564826965,0.48128387331962585
reflection_train_tta,sub-26,9,3,1,1,0.20834724605083466,0.7916528582572937
reflection_train_tta,sub-26,10,3,0,1,0.4558999538421631,0.5440999865531921
reflection_train_tta,sub-26,11,0,1,0,0.5753375291824341,0.4246624708175659
reflection_train_tta,sub-26,12,2,0,0,0.8444884419441223,0.15551157295703888
reflection_train_tta,sub-26,13,0,1,1,0.43807852268218994,0.5619214773178101
reflection_train_tta,sub-26,14,4,0,0,0.5159001350402832,0.48409977555274963
reflection_train_tta,sub-26,15,1,1,1,0.3391459882259369,0.6608540415763855
reflection_train_tta,sub-26,16,0,0,0,0.6675563454627991,0.3324437141418457
reflection_train_tta,sub-26,17,2,1,1,0.2598594129085541,0.7401406168937683
reflection_train_tta,sub-26,18,4,0,1,0.29838576912879944,0.7016142010688782
reflection_train_tta,sub-26,19,3,1,0,0.8032158017158508,0.19678421318531036
reflection_train_tta,sub-26,20,0,0,0,0.6708581447601318,0.32914188504219055
reflection_train_tta,sub-26,21,2,1,0,0.6725139617919922,0.3274860680103302
reflection_train_tta,sub-26,22,1,0,1,0.4956943094730377,0.5043056607246399
reflection_train_tta,sub-26,23,1,1,1,0.36807623505592346,0.6319237351417542
reflection_train_tta,sub-26,24,0,0,0,0.6248332858085632,0.37516674399375916
reflection_train_tta,sub-26,25,4,1,0,0.5358805060386658,0.4641195237636566
reflection_train_tta,sub-26,26,3,0,0,0.6794101595878601,0.3205898106098175
reflection_train_tta,sub-26,27,3,1,1,0.36275458335876465,0.6372453570365906
reflection_train_tta,sub-26,28,1,0,0,0.5903275609016418,0.40967240929603577
reflection_train_tta,sub-26,29,3,1,1,0.41556450724601746,0.5844355225563049
reflection_train_tta,sub-26,30,4,0,1,0.25367674231529236,0.74632328748703
reflection_train_tta,sub-26,31,4,1,1,0.21580331027507782,0.784196674823761
reflection_train_tta,sub-26,32,4,0,1,0.4839019775390625,0.5160980224609375
reflection_train_tta,sub-26,33,2,1,0,0.7086515426635742,0.29134848713874817
reflection_train_tta,sub-26,34,3,0,1,0.2765834629535675,0.7234165072441101
reflection_train_tta,sub-26,35,4,1,1,0.4511697590351105,0.5488302111625671
reflection_train_tta,sub-26,36,1,0,0,0.818768322467804,0.18123166263103485
reflection_train_tta,sub-26,37,4,1,0,0.6930510401725769,0.30694904923439026
reflection_train_tta,sub-26,38,0,0,1,0.47643136978149414,0.5235686302185059
reflection_train_tta,sub-26,39,1,1,1,0.2946563959121704,0.7053435444831848
reflection_train_tta,sub-27,0,3,0,1,0.3721882998943329,0.6278117299079895
reflection_train_tta,sub-27,1,2,1,1,0.24690861999988556,0.7530913352966309
reflection_train_tta,sub-27,2,2,0,0,0.5142617225646973,0.4857383668422699
reflection_train_tta,sub-27,3,0,1,0,0.621310830116272,0.37868914008140564
reflection_train_tta,sub-27,4,2,0,1,0.38101276755332947,0.6189872622489929
reflection_train_tta,sub-27,5,1,1,0,0.7035913467407227,0.29640862345695496
reflection_train_tta,sub-27,6,2,0,0,0.6711068153381348,0.32889312505722046
reflection_train_tta,sub-27,7,0,1,0,0.5124549269676208,0.48754504323005676
reflection_train_tta,sub-27,8,1,0,0,0.7986333966255188,0.20136664807796478
reflection_train_tta,sub-27,9,3,1,1,0.38664594292640686,0.6133540272712708
reflection_train_tta,sub-27,10,3,0,0,0.6684519648551941,0.3315480649471283
reflection_train_tta,sub-27,11,0,1,1,0.4871714115142822,0.5128285884857178
reflection_train_tta,sub-27,12,2,0,1,0.34355536103248596,0.6564446091651917
reflection_train_tta,sub-27,13,0,1,0,0.6816143989562988,0.31838563084602356
reflection_train_tta,sub-27,14,4,0,1,0.28283461928367615,0.7171654105186462
reflection_train_tta,sub-27,15,1,1,1,0.3575398921966553,0.6424601078033447
reflection_train_tta,sub-27,16,0,0,1,0.2148675173521042,0.7851325869560242
reflection_train_tta,sub-27,17,2,1,1,0.34940221905708313,0.6505977511405945
reflection_train_tta,sub-27,18,4,0,1,0.41390442848205566,0.5860955715179443
reflection_train_tta,sub-27,19,3,1,0,0.8294153809547424,0.1705845594406128
reflection_train_tta,sub-27,20,0,0,0,0.6056928038597107,0.3943072557449341
reflection_train_tta,sub-27,21,2,1,0,0.7101315855979919,0.28986841440200806
reflection_train_tta,sub-27,22,1,0,1,0.30187568068504333,0.698124349117279
reflection_train_tta,sub-27,23,1,1,0,0.7185721397399902,0.28142794966697693
reflection_train_tta,sub-27,24,0,0,1,0.3874289095401764,0.6125710606575012
reflection_train_tta,sub-27,25,4,1,0,0.5685486793518066,0.43145132064819336
reflection_train_tta,sub-27,26,3,0,1,0.4991871416568756,0.500812828540802
reflection_train_tta,sub-27,27,3,1,1,0.4493117034435272,0.5506883263587952
reflection_train_tta,sub-27,28,1,0,1,0.3925950229167938,0.6074049472808838
reflection_train_tta,sub-27,29,3,1,0,0.6636510491371155,0.33634892106056213
reflection_train_tta,sub-27,30,4,0,1,0.3153114914894104,0.6846885085105896
reflection_train_tta,sub-27,31,4,1,0,0.5924513936042786,0.40754857659339905
reflection_train_tta,sub-27,32,4,0,1,0.19131708145141602,0.808682918548584
reflection_train_tta,sub-27,33,2,1,0,0.5684652924537659,0.43153464794158936
reflection_train_tta,sub-27,34,3,0,0,0.67047518491745,0.32952484488487244
reflection_train_tta,sub-27,35,4,1,1,0.472200483083725,0.5277994871139526
reflection_train_tta,sub-27,36,1,0,1,0.4589730203151703,0.5410270094871521
reflection_train_tta,sub-27,37,4,1,1,0.13824355602264404,0.8617563843727112
reflection_train_tta,sub-27,38,0,0,0,0.8047377467155457,0.19526223838329315
reflection_train_tta,sub-27,39,1,1,1,0.3638595640659332,0.6361404061317444
reflection_train_tta,sub-28,0,3,0,1,0.28031429648399353,0.7196857333183289
reflection_train_tta,sub-28,1,2,1,1,0.3172439634799957,0.6827559471130371
reflection_train_tta,sub-28,2,2,0,1,0.4566781520843506,0.5433219075202942
reflection_train_tta,sub-28,3,0,1,0,0.5490992665290833,0.45090070366859436
reflection_train_tta,sub-28,4,2,0,1,0.36424365639686584,0.6357563138008118
reflection_train_tta,sub-28,5,1,1,0,0.7218534350395203,0.2781465947628021
reflection_train_tta,sub-28,6,2,0,0,0.7266192436218262,0.27338075637817383
reflection_train_tta,sub-28,7,0,1,1,0.36226868629455566,0.6377313733100891
reflection_train_tta,sub-28,8,1,0,0,0.5034786462783813,0.49652138352394104
reflection_train_tta,sub-28,9,3,1,1,0.4029751718044281,0.5970247983932495
reflection_train_tta,sub-28,10,3,0,0,0.8410468101501465,0.15895317494869232
reflection_train_tta,sub-28,11,0,1,1,0.18730753660202026,0.8126924633979797
reflection_train_tta,sub-28,12,2,0,0,0.625230610370636,0.3747694194316864
reflection_train_tta,sub-28,13,0,1,1,0.3440666198730469,0.6559333801269531
reflection_train_tta,sub-28,14,4,0,0,0.559643566608429,0.44035640358924866
reflection_train_tta,sub-28,15,1,1,1,0.3342708647251129,0.6657292246818542
reflection_train_tta,sub-28,16,0,0,0,0.6055417656898499,0.39445820450782776
reflection_train_tta,sub-28,17,2,1,1,0.24394714832305908,0.7560529708862305
reflection_train_tta,sub-28,18,4,0,1,0.37772056460380554,0.6222794651985168
reflection_train_tta,sub-28,19,3,1,1,0.30370500683784485,0.6962950229644775
reflection_train_tta,sub-28,20,0,0,1,0.38956329226493835,0.610436737537384
reflection_train_tta,sub-28,21,2,1,0,0.6526033282279968,0.34739673137664795
reflection_train_tta,sub-28,22,1,0,0,0.5253028273582458,0.47469714283943176
reflection_train_tta,sub-28,23,1,1,1,0.12252438068389893,0.8774755597114563
reflection_train_tta,sub-28,24,0,0,1,0.4366145133972168,0.5633854866027832
reflection_train_tta,sub-28,25,4,1,1,0.36570096015930176,0.6342990398406982
reflection_train_tta,sub-28,26,3,0,0,0.5767270922660828,0.4232729375362396
reflection_train_tta,sub-28,27,3,1,0,0.7487790584564209,0.2512209415435791
reflection_train_tta,sub-28,28,1,0,1,0.47903117537498474,0.5209688544273376
reflection_train_tta,sub-28,29,3,1,1,0.09018244594335556,0.9098175168037415
reflection_train_tta,sub-28,30,4,0,0,0.5635881423950195,0.43641185760498047
reflection_train_tta,sub-28,31,4,1,1,0.36921748518943787,0.6307824850082397
reflection_train_tta,sub-28,32,4,0,0,0.7129523158073425,0.28704774379730225
reflection_train_tta,sub-28,33,2,1,0,0.5072498917579651,0.4927500784397125
reflection_train_tta,sub-28,34,3,0,1,0.29508963227272034,0.7049103379249573
reflection_train_tta,sub-28,35,4,1,0,0.5781930088996887,0.42180702090263367
reflection_train_tta,sub-28,36,1,0,0,0.6421096920967102,0.357890248298645
reflection_train_tta,sub-28,37,4,1,0,0.5436721444129944,0.4563278257846832
reflection_train_tta,sub-28,38,0,0,1,0.3945713937282562,0.6054286360740662
reflection_train_tta,sub-28,39,1,1,1,0.3025362491607666,0.6974638104438782
reflection_train_tta,sub-29,0,3,0,0,0.816031277179718,0.1839687079191208
reflection_train_tta,sub-29,1,2,1,0,0.563249409198761,0.4367505609989166
reflection_train_tta,sub-29,2,2,0,1,0.266748309135437,0.7332517504692078
reflection_train_tta,sub-29,3,0,1,1,0.49893489480018616,0.5010650753974915
reflection_train_tta,sub-29,4,2,0,1,0.4497416019439697,0.5502583384513855
reflection_train_tta,sub-29,5,1,1,0,0.6269457936286926,0.37305423617362976
reflection_train_tta,sub-29,6,2,0,1,0.44773563742637634,0.552264392375946
reflection_train_tta,sub-29,7,0,1,1,0.25350040197372437,0.7464995980262756
reflection_train_tta,sub-29,8,1,0,0,0.8098524212837219,0.19014759361743927
reflection_train_tta,sub-29,9,3,1,0,0.7624815106391907,0.23751850426197052
reflection_train_tta,sub-29,10,3,0,0,0.8005096316337585,0.19949041306972504
reflection_train_tta,sub-29,11,0,1,0,0.7553347945213318,0.2446652203798294
reflection_train_tta,sub-29,12,2,0,0,0.6440642476081848,0.3559357225894928
reflection_train_tta,sub-29,13,0,1,1,0.31572794914245605,0.684272050857544
reflection_train_tta,sub-29,14,4,0,0,0.8195658326148987,0.18043415248394012
reflection_train_tta,sub-29,15,1,1,1,0.21813757717609406,0.7818624377250671
reflection_train_tta,sub-29,16,0,0,0,0.6060279011726379,0.3939720690250397
reflection_train_tta,sub-29,17,2,1,1,0.26710784435272217,0.7328920960426331
reflection_train_tta,sub-29,18,4,0,1,0.2305692881345749,0.7694306969642639
reflection_train_tta,sub-29,19,3,1,1,0.2334526926279068,0.7665473818778992
reflection_train_tta,sub-29,20,0,0,1,0.44337940216064453,0.5566205978393555
reflection_train_tta,sub-29,21,2,1,0,0.5659470558166504,0.4340530335903168
reflection_train_tta,sub-29,22,1,0,1,0.04165378212928772,0.9583461880683899
reflection_train_tta,sub-29,23,1,1,0,0.5752878785133362,0.4247121512889862
reflection_train_tta,sub-29,24,0,0,0,0.5250683426856995,0.47493162751197815
reflection_train_tta,sub-29,25,4,1,1,0.47402533888816833,0.5259746313095093
reflection_train_tta,sub-29,26,3,0,0,0.5913298726081848,0.4086700975894928
reflection_train_tta,sub-29,27,3,1,1,0.4079399108886719,0.5920600295066833
reflection_train_tta,sub-29,28,1,0,1,0.38991618156433105,0.6100838780403137
reflection_train_tta,sub-29,29,3,1,0,0.6215119957923889,0.3784879744052887
reflection_train_tta,sub-29,30,4,0,1,0.28312376141548157,0.7168762683868408
reflection_train_tta,sub-29,31,4,1,0,0.5080095529556274,0.49199047684669495
reflection_train_tta,sub-29,32,4,0,1,0.48042914271354675,0.5195708870887756
reflection_train_tta,sub-29,33,2,1,1,0.4441436529159546,0.5558563470840454
reflection_train_tta,sub-29,34,3,0,0,0.8192176818847656,0.18078231811523438
reflection_train_tta,sub-29,35,4,1,1,0.42090269923210144,0.579097330570221
reflection_train_tta,sub-29,36,1,0,0,0.7928406596183777,0.20715941488742828
reflection_train_tta,sub-29,37,4,1,1,0.3247694969177246,0.6752305030822754
reflection_train_tta,sub-29,38,0,0,0,0.9140658378601074,0.08593422174453735
reflection_train_tta,sub-29,39,1,1,0,0.6552563905715942,0.3447435796260834
reflection_train_tta,sub-30,0,3,0,0,0.655427873134613,0.3445720970630646
reflection_train_tta,sub-30,1,2,1,0,0.6039021611213684,0.39609789848327637
reflection_train_tta,sub-30,2,2,0,0,0.5239050984382629,0.4760948717594147
reflection_train_tta,sub-30,3,0,1,0,0.6155247092247009,0.3844752609729767
reflection_train_tta,sub-30,4,2,0,0,0.6228597164154053,0.3771402835845947
reflection_train_tta,sub-30,5,1,1,1,0.21831542253494263,0.7816845774650574
reflection_train_tta,sub-30,6,2,0,0,0.6766483783721924,0.3233516216278076
reflection_train_tta,sub-30,7,0,1,0,0.5289811491966248,0.4710189402103424
reflection_train_tta,sub-30,8,1,0,0,0.5536906123161316,0.44630932807922363
reflection_train_tta,sub-30,9,3,1,0,0.6557900309562683,0.3442099988460541
reflection_train_tta,sub-30,10,3,0,0,0.7700552344322205,0.22994478046894073
reflection_train_tta,sub-30,11,0,1,0,0.6495172381401062,0.3504827916622162
reflection_train_tta,sub-30,12,2,0,0,0.5110495686531067,0.4889504611492157
reflection_train_tta,sub-30,13,0,1,1,0.16565148532390594,0.8343484997749329
reflection_train_tta,sub-30,14,4,0,0,0.9667518138885498,0.03324819356203079
reflection_train_tta,sub-30,15,1,1,1,0.13953723013401031,0.8604628443717957
reflection_train_tta,sub-30,16,0,0,0,0.7056131362915039,0.2943868637084961
reflection_train_tta,sub-30,17,2,1,1,0.16587893664836884,0.83412104845047
reflection_train_tta,sub-30,18,4,0,1,0.40782371163368225,0.5921761989593506
reflection_train_tta,sub-30,19,3,1,1,0.13481943309307098,0.865180492401123
reflection_train_tta,sub-30,20,0,0,0,0.685291588306427,0.3147083818912506
reflection_train_tta,sub-30,21,2,1,1,0.09858908504247665,0.9014108777046204
reflection_train_tta,sub-30,22,1,0,0,0.5850605368614197,0.4149394929409027
reflection_train_tta,sub-30,23,1,1,0,0.5148670077323914,0.48513293266296387
reflection_train_tta,sub-30,24,0,0,0,0.8097312450408936,0.19026875495910645
reflection_train_tta,sub-30,25,4,1,1,0.007429931312799454,0.9925701022148132
reflection_train_tta,sub-30,26,3,0,0,0.7982461452484131,0.20175385475158691
reflection_train_tta,sub-30,27,3,1,1,0.13000337779521942,0.8699966073036194
reflection_train_tta,sub-30,28,1,0,0,0.9432317614555359,0.056768257170915604
reflection_train_tta,sub-30,29,3,1,1,0.33623647689819336,0.6637635231018066
reflection_train_tta,sub-30,30,4,0,0,0.8565769195556641,0.14342309534549713
reflection_train_tta,sub-30,31,4,1,1,0.46399781107902527,0.5360022187232971
reflection_train_tta,sub-30,32,4,0,0,0.8974571824073792,0.10254281014204025
reflection_train_tta,sub-30,33,2,1,1,0.05536482110619545,0.9446352124214172
reflection_train_tta,sub-30,34,3,0,0,0.6471923589706421,0.3528076112270355
reflection_train_tta,sub-30,35,4,1,1,0.051697924733161926,0.9483020305633545
reflection_train_tta,sub-30,36,1,0,0,0.7512882351875305,0.24871177971363068
reflection_train_tta,sub-30,37,4,1,0,0.6265127658843994,0.3734872043132782
reflection_train_tta,sub-30,38,0,0,1,0.4870600998401642,0.5129398703575134
reflection_train_tta,sub-30,39,1,1,1,0.18349210917949677,0.816507875919342
reflection_train_tta,sub-31,0,3,0,1,0.4493158757686615,0.5506840944290161
reflection_train_tta,sub-31,1,2,1,1,0.33817699551582336,0.6618229746818542
reflection_train_tta,sub-31,2,2,0,0,0.5034255385398865,0.4965745210647583
reflection_train_tta,sub-31,3,0,1,1,0.39974281191825867,0.6002572178840637
reflection_train_tta,sub-31,4,2,0,1,0.20681898295879364,0.7931810021400452
reflection_train_tta,sub-31,5,1,1,1,0.23803795874118805,0.7619619965553284
reflection_train_tta,sub-31,6,2,0,0,0.641815721988678,0.35818424820899963
reflection_train_tta,sub-31,7,0,1,0,0.6906593441963196,0.30934062600135803
reflection_train_tta,sub-31,8,1,0,1,0.1091248169541359,0.8908751606941223
reflection_train_tta,sub-31,9,3,1,0,0.5763536095619202,0.42364636063575745
reflection_train_tta,sub-31,10,3,0,0,0.553629994392395,0.4463699758052826
reflection_train_tta,sub-31,11,0,1,0,0.7712362408638,0.22876381874084473
reflection_train_tta,sub-31,12,2,0,0,0.7424954771995544,0.25750455260276794
reflection_train_tta,sub-31,13,0,1,0,0.6380475163459778,0.361952543258667
reflection_train_tta,sub-31,14,4,0,1,0.2679164707660675,0.7320834994316101
reflection_train_tta,sub-31,15,1,1,0,0.6759794354438782,0.3240205645561218
reflection_train_tta,sub-31,16,0,0,0,0.6123996376991272,0.387600302696228
reflection_train_tta,sub-31,17,2,1,0,0.8472065925598145,0.15279336273670197
reflection_train_tta,sub-31,18,4,0,0,0.5609624981880188,0.439037561416626
reflection_train_tta,sub-31,19,3,1,1,0.2468462437391281,0.7531537413597107
reflection_train_tta,sub-31,20,0,0,1,0.4837118089199066,0.5162882208824158
reflection_train_tta,sub-31,21,2,1,1,0.3922993838787079,0.6077006459236145
reflection_train_tta,sub-31,22,1,0,0,0.5959509015083313,0.4040490686893463
reflection_train_tta,sub-31,23,1,1,1,0.2085050791501999,0.7914950251579285
reflection_train_tta,sub-31,24,0,0,1,0.45416608452796936,0.5458338856697083
reflection_train_tta,sub-31,25,4,1,0,0.7423081398010254,0.2576918303966522
reflection_train_tta,sub-31,26,3,0,0,0.6437212824821472,0.35627874732017517
reflection_train_tta,sub-31,27,3,1,1,0.40046611428260803,0.5995338559150696
reflection_train_tta,sub-31,28,1,0,0,0.738525390625,0.2614745795726776
reflection_train_tta,sub-31,29,3,1,1,0.2675473392009735,0.7324526906013489
reflection_train_tta,sub-31,30,4,0,0,0.7882992625236511,0.21170072257518768
reflection_train_tta,sub-31,31,4,1,0,0.799046516418457,0.20095348358154297
reflection_train_tta,sub-31,32,4,0,0,0.7884557843208313,0.2115442305803299
reflection_train_tta,sub-31,33,2,1,0,0.8379809856414795,0.16201899945735931
reflection_train_tta,sub-31,34,3,0,0,0.6525876522064209,0.3474123179912567
reflection_train_tta,sub-31,35,4,1,1,0.15962602198123932,0.8403739929199219
reflection_train_tta,sub-31,36,1,0,1,0.45470061898231506,0.5452993512153625
reflection_train_tta,sub-31,37,4,1,0,0.8230664730072021,0.17693352699279785
reflection_train_tta,sub-31,38,0,0,1,0.371949166059494,0.6280508041381836
reflection_train_tta,sub-31,39,1,1,0,0.6374164819717407,0.36258354783058167
reflection_train_tta,sub-32,0,3,0,1,0.3210192620754242,0.6789807677268982
reflection_train_tta,sub-32,1,2,1,1,0.3934481143951416,0.6065518260002136
reflection_train_tta,sub-32,2,2,0,1,0.42385169863700867,0.576148271560669
reflection_train_tta,sub-32,3,0,1,0,0.657045304775238,0.34295472502708435
reflection_train_tta,sub-32,4,2,0,0,0.5001446008682251,0.4998554289340973
reflection_train_tta,sub-32,5,1,1,1,0.4496208727359772,0.5503790974617004
reflection_train_tta,sub-32,6,2,0,0,0.6823363304138184,0.31766369938850403
reflection_train_tta,sub-32,7,0,1,1,0.24765397608280182,0.7523460388183594
reflection_train_tta,sub-32,8,1,0,0,0.5516615509986877,0.4483383893966675
reflection_train_tta,sub-32,9,3,1,0,0.8430210947990417,0.15697892010211945
reflection_train_tta,sub-32,10,3,0,1,0.46317258477211,0.5368273854255676
reflection_train_tta,sub-32,11,0,1,1,0.2230403870344162,0.7769595980644226
reflection_train_tta,sub-32,12,2,0,0,0.6039125323295593,0.3960874378681183
reflection_train_tta,sub-32,13,0,1,0,0.6652347445487976,0.3347652852535248
reflection_train_tta,sub-32,14,4,0,1,0.3527173101902008,0.6472826600074768
reflection_train_tta,sub-32,15,1,1,0,0.8161258697509766,0.18387408554553986
reflection_train_tta,sub-32,16,0,0,1,0.2627633213996887,0.7372366786003113
reflection_train_tta,sub-32,17,2,1,0,0.7324974536895752,0.2675025761127472
reflection_train_tta,sub-32,18,4,0,0,0.7419845461845398,0.2580154836177826
reflection_train_tta,sub-32,19,3,1,1,0.3877919912338257,0.6122079491615295
reflection_train_tta,sub-32,20,0,0,1,0.24778114259243011,0.7522189021110535
reflection_train_tta,sub-32,21,2,1,1,0.35812774300575256,0.6418723464012146
reflection_train_tta,sub-32,22,1,0,0,0.5449227690696716,0.455077201128006
reflection_train_tta,sub-32,23,1,1,1,0.38127875328063965,0.6187212467193604
reflection_train_tta,sub-32,24,0,0,1,0.4119481146335602,0.5880518555641174
reflection_train_tta,sub-32,25,4,1,0,0.6328721046447754,0.3671278655529022
reflection_train_tta,sub-32,26,3,0,0,0.6985347867012024,0.30146524310112
reflection_train_tta,sub-32,27,3,1,0,0.5733891129493713,0.42661091685295105
reflection_train_tta,sub-32,28,1,0,0,0.5012934803962708,0.49870648980140686
reflection_train_tta,sub-32,29,3,1,1,0.3926016092300415,0.6073984503746033
reflection_train_tta,sub-32,30,4,0,0,0.6250157356262207,0.3749842643737793
reflection_train_tta,sub-32,31,4,1,0,0.7923070788383484,0.2076929211616516
reflection_train_tta,sub-32,32,4,0,1,0.36811187863349915,0.6318880915641785
reflection_train_tta,sub-32,33,2,1,0,0.8740057945251465,0.12599416077136993
reflection_train_tta,sub-32,34,3,0,1,0.30045756697654724,0.6995424628257751
reflection_train_tta,sub-32,35,4,1,0,0.5825017690658569,0.4174982011318207
reflection_train_tta,sub-32,36,1,0,0,0.7229947447776794,0.27700525522232056
reflection_train_tta,sub-32,37,4,1,1,0.48944711685180664,0.5105528831481934
reflection_train_tta,sub-32,38,0,0,1,0.2537675201892853,0.7462325096130371
reflection_train_tta,sub-32,39,1,1,0,0.6864565014839172,0.313543438911438
reflection_train_tta,sub-33,0,3,0,0,0.5981715321540833,0.4018285274505615
reflection_train_tta,sub-33,1,2,1,1,0.3926572799682617,0.6073427796363831
reflection_train_tta,sub-33,2,2,0,1,0.45478907227516174,0.5452108979225159
reflection_train_tta,sub-33,3,0,1,0,0.6669723391532898,0.3330276310443878
reflection_train_tta,sub-33,4,2,0,1,0.23134052753448486,0.7686595320701599
reflection_train_tta,sub-33,5,1,1,0,0.6137538552284241,0.38624611496925354
reflection_train_tta,sub-33,6,2,0,1,0.403890997171402,0.5961089730262756
reflection_train_tta,sub-33,7,0,1,1,0.45062947273254395,0.549370527267456
reflection_train_tta,sub-33,8,1,0,0,0.5988019704818726,0.40119802951812744
reflection_train_tta,sub-33,9,3,1,1,0.36570265889167786,0.6342973113059998
reflection_train_tta,sub-33,10,3,0,0,0.5101167559623718,0.48988327383995056
reflection_train_tta,sub-33,11,0,1,1,0.49097156524658203,0.5090283751487732
reflection_train_tta,sub-33,12,2,0,1,0.37722060084342957,0.6227794289588928
reflection_train_tta,sub-33,13,0,1,1,0.46951842308044434,0.5304815769195557
reflection_train_tta,sub-33,14,4,0,1,0.2505038380622864,0.7494961619377136
reflection_train_tta,sub-33,15,1,1,0,0.5552307963371277,0.44476914405822754
reflection_train_tta,sub-33,16,0,0,0,0.5032975077629089,0.49670252203941345
reflection_train_tta,sub-33,17,2,1,1,0.38811755180358887,0.6118824481964111
reflection_train_tta,sub-33,18,4,0,1,0.4149436950683594,0.5850563049316406
reflection_train_tta,sub-33,19,3,1,0,0.590440571308136,0.4095593988895416
reflection_train_tta,sub-33,20,0,0,1,0.421649694442749,0.5783503651618958
reflection_train_tta,sub-33,21,2,1,1,0.46588364243507385,0.5341163277626038
reflection_train_tta,sub-33,22,1,0,0,0.549700140953064,0.45029985904693604
reflection_train_tta,sub-33,23,1,1,0,0.5288214087486267,0.4711786210536957
reflection_train_tta,sub-33,24,0,0,1,0.30215826630592346,0.6978417038917542
reflection_train_tta,sub-33,25,4,1,0,0.5023333430290222,0.49766668677330017
reflection_train_tta,sub-33,26,3,0,1,0.2287372350692749,0.7712628245353699
reflection_train_tta,sub-33,27,3,1,0,0.5809003710746765,0.4190996587276459
reflection_train_tta,sub-33,28,1,0,0,0.5545957684516907,0.44540420174598694
reflection_train_tta,sub-33,29,3,1,1,0.4015512466430664,0.5984487533569336
reflection_train_tta,sub-33,30,4,0,0,0.517316997051239,0.4826830327510834
reflection_train_tta,sub-33,31,4,1,1,0.43905696272850037,0.560943067073822
reflection_train_tta,sub-33,32,4,0,1,0.4814017713069916,0.5185982584953308
reflection_train_tta,sub-33,33,2,1,0,0.6076926589012146,0.3923073709011078
reflection_train_tta,sub-33,34,3,0,1,0.4361284077167511,0.5638715624809265
reflection_train_tta,sub-33,35,4,1,1,0.4912121295928955,0.5087878704071045
reflection_train_tta,sub-33,36,1,0,0,0.6179056167602539,0.3820943832397461
reflection_train_tta,sub-33,37,4,1,0,0.7069410681724548,0.29305896162986755
reflection_train_tta,sub-33,38,0,0,1,0.17007695138454437,0.8299229741096497
reflection_train_tta,sub-33,39,1,1,0,0.5369952917098999,0.4630047380924225
reflection_train_tta,sub-34,0,3,0,0,0.7938188910484314,0.2061811238527298
reflection_train_tta,sub-34,1,2,1,0,0.6861782073974609,0.3138217329978943
reflection_train_tta,sub-34,2,2,0,1,0.42138829827308655,0.5786116719245911
reflection_train_tta,sub-34,3,0,1,0,0.6448028683662415,0.35519716143608093
reflection_train_tta,sub-34,4,2,0,1,0.3727186918258667,0.6272813081741333
reflection_train_tta,sub-34,5,1,1,0,0.6379136443138123,0.36208632588386536
reflection_train_tta,sub-34,6,2,0,1,0.3163035809993744,0.683696448802948
reflection_train_tta,sub-34,7,0,1,0,0.5036714673042297,0.4963285028934479
reflection_train_tta,sub-34,8,1,0,1,0.42341992259025574,0.5765800476074219
reflection_train_tta,sub-34,9,3,1,0,0.5151463747024536,0.4848536252975464
reflection_train_tta,sub-34,10,3,0,1,0.4994092285633087,0.5005907416343689
reflection_train_tta,sub-34,11,0,1,0,0.7073096632957458,0.29269030690193176
reflection_train_tta,sub-34,12,2,0,1,0.4125243127346039,0.5874756574630737
reflection_train_tta,sub-34,13,0,1,1,0.31174638867378235,0.6882535815238953
reflection_train_tta,sub-34,14,4,0,0,0.5531127452850342,0.4468872845172882
reflection_train_tta,sub-34,15,1,1,1,0.41905727982521057,0.580942690372467
reflection_train_tta,sub-34,16,0,0,0,0.5668267607688904,0.43317320942878723
reflection_train_tta,sub-34,17,2,1,1,0.47863709926605225,0.5213629007339478
reflection_train_tta,sub-34,18,4,0,1,0.14936983585357666,0.8506302237510681
reflection_train_tta,sub-34,19,3,1,1,0.381743460893631,0.6182565093040466
reflection_train_tta,sub-34,20,0,0,1,0.47799840569496155,0.5220015645027161
reflection_train_tta,sub-34,21,2,1,1,0.3393670618534088,0.6606329083442688
reflection_train_tta,sub-34,22,1,0,1,0.36613574624061584,0.6338642239570618
reflection_train_tta,sub-34,23,1,1,0,0.5305478572845459,0.4694521427154541
reflection_train_tta,sub-34,24,0,0,1,0.49753475189208984,0.5024652481079102
reflection_train_tta,sub-34,25,4,1,0,0.717017650604248,0.28298237919807434
reflection_train_tta,sub-34,26,3,0,1,0.4994078576564789,0.5005921721458435
reflection_train_tta,sub-34,27,3,1,0,0.569701075553894,0.43029895424842834
reflection_train_tta,sub-34,28,1,0,1,0.4943971633911133,0.5056028366088867
reflection_train_tta,sub-34,29,3,1,1,0.21463172137737274,0.7853682637214661
reflection_train_tta,sub-34,30,4,0,1,0.36189398169517517,0.6381059885025024
reflection_train_tta,sub-34,31,4,1,1,0.19081979990005493,0.8091802597045898
reflection_train_tta,sub-34,32,4,0,1,0.36112383008003235,0.6388761401176453
reflection_train_tta,sub-34,33,2,1,1,0.4609312117099762,0.5390687584877014
reflection_train_tta,sub-34,34,3,0,1,0.22326453030109406,0.7767354846000671
reflection_train_tta,sub-34,35,4,1,1,0.1775839477777481,0.8224160075187683
reflection_train_tta,sub-34,36,1,0,0,0.670483410358429,0.32951661944389343
reflection_train_tta,sub-34,37,4,1,1,0.27186813950538635,0.7281317710876465
reflection_train_tta,sub-34,38,0,0,1,0.3975260257720947,0.60247403383255
reflection_train_tta,sub-34,39,1,1,1,0.31651103496551514,0.6834889054298401
reflection_train_tta,sub-35,0,3,0,0,0.5574641823768616,0.4425358474254608
reflection_train_tta,sub-35,1,2,1,1,0.37641581892967224,0.6235842108726501
reflection_train_tta,sub-35,2,2,0,1,0.3011119067668915,0.6988880634307861
reflection_train_tta,sub-35,3,0,1,1,0.46153274178504944,0.538467288017273
reflection_train_tta,sub-35,4,2,0,1,0.3226126730442047,0.6773874163627625
reflection_train_tta,sub-35,5,1,1,1,0.3802873194217682,0.6197126507759094
reflection_train_tta,sub-35,6,2,0,0,0.8466221690177917,0.15337780117988586
reflection_train_tta,sub-35,7,0,1,1,0.2207379937171936,0.7792620062828064
reflection_train_tta,sub-35,8,1,0,0,0.5809394717216492,0.4190605580806732
reflection_train_tta,sub-35,9,3,1,0,0.6927332878112793,0.3072666525840759
reflection_train_tta,sub-35,10,3,0,0,0.7960023283958435,0.20399773120880127
reflection_train_tta,sub-35,11,0,1,0,0.7818641066551208,0.21813590824604034
reflection_train_tta,sub-35,12,2,0,0,0.8360719680786133,0.16392800211906433
reflection_train_tta,sub-35,13,0,1,0,0.5878608822822571,0.41213908791542053
reflection_train_tta,sub-35,14,4,0,0,0.5828151106834412,0.4171849191188812
reflection_train_tta,sub-35,15,1,1,0,0.8199779391288757,0.18002204596996307
reflection_train_tta,sub-35,16,0,0,1,0.2465483397245407,0.7534516453742981
reflection_train_tta,sub-35,17,2,1,1,0.44344231486320496,0.5565577149391174
reflection_train_tta,sub-35,18,4,0,0,0.7423567175865173,0.25764328241348267
reflection_train_tta,sub-35,19,3,1,0,0.5705011487007141,0.4294988811016083
reflection_train_tta,sub-35,20,0,0,1,0.41470038890838623,0.5852996706962585
reflection_train_tta,sub-35,21,2,1,1,0.43940433859825134,0.560595691204071
reflection_train_tta,sub-35,22,1,0,0,0.6414353251457214,0.3585646152496338
reflection_train_tta,sub-35,23,1,1,1,0.3599764406681061,0.6400235295295715
reflection_train_tta,sub-35,24,0,0,0,0.5140104293823242,0.4859895706176758
reflection_train_tta,sub-35,25,4,1,1,0.24428673088550568,0.7557132840156555
reflection_train_tta,sub-35,26,3,0,0,0.5626954436302185,0.4373045861721039
reflection_train_tta,sub-35,27,3,1,1,0.41300058364868164,0.5869993567466736
reflection_train_tta,sub-35,28,1,0,0,0.7881738543510437,0.21182620525360107
reflection_train_tta,sub-35,29,3,1,1,0.4536326825618744,0.546367347240448
reflection_train_tta,sub-35,30,4,0,0,0.5018519759178162,0.49814796447753906
reflection_train_tta,sub-35,31,4,1,1,0.37141361832618713,0.6285863518714905
reflection_train_tta,sub-35,32,4,0,0,0.5411354899406433,0.4588644802570343
reflection_train_tta,sub-35,33,2,1,1,0.1557488590478897,0.8442511558532715
reflection_train_tta,sub-35,34,3,0,0,0.671790361404419,0.3282095789909363
reflection_train_tta,sub-35,35,4,1,1,0.2804393470287323,0.7195606231689453
reflection_train_tta,sub-35,36,1,0,1,0.38805195689201355,0.6119480133056641
reflection_train_tta,sub-35,37,4,1,0,0.6999277472496033,0.30007222294807434
reflection_train_tta,sub-35,38,0,0,1,0.4758535325527191,0.5241464972496033
reflection_train_tta,sub-35,39,1,1,1,0.291634738445282,0.708365261554718
reflection_train_tta,sub-36,0,3,0,0,0.6903161406517029,0.30968382954597473
reflection_train_tta,sub-36,1,2,1,0,0.5020318627357483,0.4979681670665741
reflection_train_tta,sub-36,2,2,0,0,0.6579590439796448,0.34204089641571045
reflection_train_tta,sub-36,3,0,1,1,0.3634607493877411,0.6365392804145813
reflection_train_tta,sub-36,4,2,0,0,0.6891703009605408,0.3108297884464264
reflection_train_tta,sub-36,5,1,1,0,0.6038258671760559,0.3961741030216217
reflection_train_tta,sub-36,6,2,0,0,0.8072388768196106,0.19276106357574463
reflection_train_tta,sub-36,7,0,1,1,0.3955323398113251,0.6044676899909973
reflection_train_tta,sub-36,8,1,0,0,0.6335777640342712,0.36642220616340637
reflection_train_tta,sub-36,9,3,1,1,0.10412021726369858,0.8958797454833984
reflection_train_tta,sub-36,10,3,0,1,0.4939521849155426,0.506047785282135
reflection_train_tta,sub-36,11,0,1,1,0.3321022689342499,0.6678977012634277
reflection_train_tta,sub-36,12,2,0,1,0.491487592458725,0.5085124373435974
reflection_train_tta,sub-36,13,0,1,0,0.5378943681716919,0.4621056318283081
reflection_train_tta,sub-36,14,4,0,0,0.7517382502555847,0.24826176464557648
reflection_train_tta,sub-36,15,1,1,0,0.6018174290657043,0.39818260073661804
reflection_train_tta,sub-36,16,0,0,1,0.3883945643901825,0.6116054654121399
reflection_train_tta,sub-36,17,2,1,1,0.1872776299715042,0.812722384929657
reflection_train_tta,sub-36,18,4,0,0,0.8800209164619446,0.1199791207909584
reflection_train_tta,sub-36,19,3,1,0,0.6573525667190552,0.3426474332809448
reflection_train_tta,sub-36,20,0,0,1,0.17044998705387115,0.82955002784729
reflection_train_tta,sub-36,21,2,1,1,0.46028876304626465,0.5397112965583801
reflection_train_tta,sub-36,22,1,0,0,0.5451035499572754,0.4548964202404022
reflection_train_tta,sub-36,23,1,1,0,0.6980974078178406,0.3019026517868042
reflection_train_tta,sub-36,24,0,0,1,0.0293870959430933,0.9706128239631653
reflection_train_tta,sub-36,25,4,1,0,0.6733772158622742,0.326622873544693
reflection_train_tta,sub-36,26,3,0,0,0.7198479771614075,0.28015202283859253
reflection_train_tta,sub-36,27,3,1,1,0.4339075982570648,0.5660924315452576
reflection_train_tta,sub-36,28,1,0,1,0.44894781708717346,0.5510521531105042
reflection_train_tta,sub-36,29,3,1,0,0.6977978348731995,0.30220213532447815
reflection_train_tta,sub-36,30,4,0,0,0.7634598612785339,0.23654018342494965
reflection_train_tta,sub-36,31,4,1,1,0.17815732955932617,0.8218426704406738
reflection_train_tta,sub-36,32,4,0,1,0.32948577404022217,0.6705142855644226
reflection_train_tta,sub-36,33,2,1,1,0.3313421607017517,0.6686578392982483
reflection_train_tta,sub-36,34,3,0,0,0.8597845435142517,0.14021547138690948
reflection_train_tta,sub-36,35,4,1,0,0.7104225158691406,0.2895774841308594
reflection_train_tta,sub-36,36,1,0,1,0.07892728596925735,0.9210727214813232
reflection_train_tta,sub-36,37,4,1,0,0.7685410380363464,0.23145894706249237
reflection_train_tta,sub-36,38,0,0,0,0.8127856850624084,0.18721427023410797
reflection_train_tta,sub-36,39,1,1,0,0.7470803260803223,0.25291964411735535
reflection_train_tta,sub-37,0,3,0,0,0.7102124094963074,0.2897875905036926
reflection_train_tta,sub-37,1,2,1,1,0.389408141374588,0.6105918288230896
reflection_train_tta,sub-37,2,2,0,0,0.5739967226982117,0.42600324749946594
reflection_train_tta,sub-37,3,0,1,0,0.5763666033744812,0.4236334264278412
reflection_train_tta,sub-37,4,2,0,0,0.622063159942627,0.3779369294643402
reflection_train_tta,sub-37,5,1,1,1,0.3925032615661621,0.6074967384338379
reflection_train_tta,sub-37,6,2,0,0,0.5069614052772522,0.4930385649204254
reflection_train_tta,sub-37,7,0,1,1,0.361603707075119,0.6383962631225586
reflection_train_tta,sub-37,8,1,0,1,0.31589362025260925,0.6841063499450684
reflection_train_tta,sub-37,9,3,1,1,0.4749304950237274,0.525069534778595
reflection_train_tta,sub-37,10,3,0,0,0.6068152189254761,0.39318475127220154
reflection_train_tta,sub-37,11,0,1,1,0.2512401342391968,0.7487598061561584
reflection_train_tta,sub-37,12,2,0,1,0.3613172769546509,0.6386827230453491
reflection_train_tta,sub-37,13,0,1,1,0.3801148235797882,0.6198851466178894
reflection_train_tta,sub-37,14,4,0,1,0.4898746907711029,0.5101253390312195
reflection_train_tta,sub-37,15,1,1,0,0.5427514910697937,0.45724859833717346
reflection_train_tta,sub-37,16,0,0,0,0.7756866812705994,0.22431333363056183
reflection_train_tta,sub-37,17,2,1,1,0.4791058599948883,0.5208941102027893
reflection_train_tta,sub-37,18,4,0,1,0.38399577140808105,0.616004228591919
reflection_train_tta,sub-37,19,3,1,1,0.37390586733818054,0.6260941624641418
reflection_train_tta,sub-37,20,0,0,1,0.2671923339366913,0.7328076362609863
reflection_train_tta,sub-37,21,2,1,1,0.41949307918548584,0.5805069804191589
reflection_train_tta,sub-37,22,1,0,0,0.6015191674232483,0.3984808027744293
reflection_train_tta,sub-37,23,1,1,0,0.5987288355827332,0.40127119421958923
reflection_train_tta,sub-37,24,0,0,0,0.5891565084457397,0.41084349155426025
reflection_train_tta,sub-37,25,4,1,1,0.36786314845085144,0.6321368217468262
reflection_train_tta,sub-37,26,3,0,0,0.5942087173461914,0.4057912826538086
reflection_train_tta,sub-37,27,3,1,0,0.5032512545585632,0.49674877524375916
reflection_train_tta,sub-37,28,1,0,0,0.6378806233406067,0.3621193468570709
reflection_train_tta,sub-37,29,3,1,1,0.2056547999382019,0.7943452000617981
reflection_train_tta,sub-37,30,4,0,1,0.4817962348461151,0.5182037353515625
reflection_train_tta,sub-37,31,4,1,1,0.23902058601379395,0.760979413986206
reflection_train_tta,sub-37,32,4,0,0,0.6870138049125671,0.3129861652851105
reflection_train_tta,sub-37,33,2,1,0,0.6712763905525208,0.3287235498428345
reflection_train_tta,sub-37,34,3,0,1,0.46358776092529297,0.536412239074707
reflection_train_tta,sub-37,35,4,1,1,0.3061707317829132,0.6938292384147644
reflection_train_tta,sub-37,36,1,0,1,0.400634765625,0.5993651747703552
reflection_train_tta,sub-37,37,4,1,0,0.5182014107704163,0.48179855942726135
reflection_train_tta,sub-37,38,0,0,0,0.5179923176765442,0.48200762271881104
reflection_train_tta,sub-37,39,1,1,0,0.5125856995582581,0.48741427063941956
reflection_train_tta,sub-38,0,3,0,0,0.5869175791740417,0.41308245062828064
reflection_train_tta,sub-38,1,2,1,1,0.37592318654060364,0.624076783657074
reflection_train_tta,sub-38,2,2,0,0,0.760638952255249,0.23936103284358978
reflection_train_tta,sub-38,3,0,1,0,0.732240617275238,0.26775941252708435
reflection_train_tta,sub-38,4,2,0,0,0.5087041258811951,0.49129581451416016
reflection_train_tta,sub-38,5,1,1,1,0.06648050993680954,0.9335195422172546
reflection_train_tta,sub-38,6,2,0,0,0.6295327544212341,0.37046727538108826
reflection_train_tta,sub-38,7,0,1,1,0.2725825011730194,0.7274174690246582
reflection_train_tta,sub-38,8,1,0,1,0.3599497973918915,0.6400502324104309
reflection_train_tta,sub-38,9,3,1,0,0.5200346112251282,0.47996535897254944
reflection_train_tta,sub-38,10,3,0,1,0.2644009590148926,0.7355990409851074
reflection_train_tta,sub-38,11,0,1,0,0.7080294489860535,0.2919705808162689
reflection_train_tta,sub-38,12,2,0,0,0.5741236805915833,0.42587634921073914
reflection_train_tta,sub-38,13,0,1,0,0.7977845668792725,0.20221543312072754
reflection_train_tta,sub-38,14,4,0,1,0.19464071094989777,0.8053593039512634
reflection_train_tta,sub-38,15,1,1,1,0.0512080080807209,0.9487919807434082
reflection_train_tta,sub-38,16,0,0,1,0.07339449971914291,0.9266055226325989
reflection_train_tta,sub-38,17,2,1,1,0.3314153850078583,0.6685846447944641
reflection_train_tta,sub-38,18,4,0,1,0.2816658914089203,0.7183341383934021
reflection_train_tta,sub-38,19,3,1,1,0.22432655096054077,0.7756733894348145
reflection_train_tta,sub-38,20,0,0,0,0.889216423034668,0.11078360676765442
reflection_train_tta,sub-38,21,2,1,1,0.06255064904689789,0.9374493956565857
reflection_train_tta,sub-38,22,1,0,0,0.6262367963790894,0.37376323342323303
reflection_train_tta,sub-38,23,1,1,0,0.6378611922264099,0.3621388375759125
reflection_train_tta,sub-38,24,0,0,0,0.9465233683586121,0.05347663164138794
reflection_train_tta,sub-38,25,4,1,1,0.23609371483325958,0.7639063000679016
reflection_train_tta,sub-38,26,3,0,0,0.6503370404243469,0.3496629297733307
reflection_train_tta,sub-38,27,3,1,1,0.1927690953016281,0.8072309494018555
reflection_train_tta,sub-38,28,1,0,0,0.9027485847473145,0.09725142270326614
reflection_train_tta,sub-38,29,3,1,1,0.1529993712902069,0.8470005989074707
reflection_train_tta,sub-38,30,4,0,0,0.6773043274879456,0.32269564270973206
reflection_train_tta,sub-38,31,4,1,1,0.40765485167503357,0.5923451781272888
reflection_train_tta,sub-38,32,4,0,0,0.6615232825279236,0.3384767472743988
reflection_train_tta,sub-38,33,2,1,1,0.029110902920365334,0.9708890914916992
reflection_train_tta,sub-38,34,3,0,1,0.1783914566040039,0.8216085433959961
reflection_train_tta,sub-38,35,4,1,1,0.21309436857700348,0.7869055867195129
reflection_train_tta,sub-38,36,1,0,0,0.6314054131507874,0.36859461665153503
reflection_train_tta,sub-38,37,4,1,1,0.10522592812776566,0.8947741389274597
reflection_train_tta,sub-38,38,0,0,0,0.5843884348869324,0.41561153531074524
reflection_train_tta,sub-38,39,1,1,1,0.342413991689682,0.6575860381126404
reflection_train_tta,sub-39,0,3,0,1,0.49844083189964294,0.5015591979026794
reflection_train_tta,sub-39,1,2,1,1,0.2341020256280899,0.7658979296684265
reflection_train_tta,sub-39,2,2,0,1,0.3539358079433441,0.6460642218589783
reflection_train_tta,sub-39,3,0,1,0,0.5110209584236145,0.4889790117740631
reflection_train_tta,sub-39,4,2,0,0,0.513993501663208,0.486006498336792
reflection_train_tta,sub-39,5,1,1,0,0.6030462384223938,0.3969537317752838
reflection_train_tta,sub-39,6,2,0,0,0.6492513418197632,0.3507486581802368
reflection_train_tta,sub-39,7,0,1,1,0.3806222975254059,0.6193776726722717
reflection_train_tta,sub-39,8,1,0,0,0.5994643568992615,0.4005356729030609
reflection_train_tta,sub-39,9,3,1,0,0.6468533873558044,0.35314664244651794
reflection_train_tta,sub-39,10,3,0,0,0.7091986536979675,0.29080137610435486
reflection_train_tta,sub-39,11,0,1,0,0.6060193181037903,0.3939807116985321
reflection_train_tta,sub-39,12,2,0,1,0.17700685560703278,0.8229930996894836
reflection_train_tta,sub-39,13,0,1,1,0.46054065227508545,0.5394594073295593
reflection_train_tta,sub-39,14,4,0,1,0.4530695974826813,0.5469303727149963
reflection_train_tta,sub-39,15,1,1,1,0.4798091948032379,0.5201907753944397
reflection_train_tta,sub-39,16,0,0,0,0.5028986930847168,0.4971013069152832
reflection_train_tta,sub-39,17,2,1,1,0.1758142113685608,0.8241857886314392
reflection_train_tta,sub-39,18,4,0,0,0.6615936160087585,0.3384063243865967
reflection_train_tta,sub-39,19,3,1,1,0.42629948258399963,0.573700487613678
reflection_train_tta,sub-39,20,0,0,0,0.5021686553955078,0.4978313744068146
reflection_train_tta,sub-39,21,2,1,0,0.6036403775215149,0.39635956287384033
reflection_train_tta,sub-39,22,1,0,1,0.47326287627220154,0.5267371535301208
reflection_train_tta,sub-39,23,1,1,0,0.8577010035514832,0.14229896664619446
reflection_train_tta,sub-39,24,0,0,1,0.4571535289287567,0.5428465008735657
reflection_train_tta,sub-39,25,4,1,0,0.5564044117927551,0.44359561800956726
reflection_train_tta,sub-39,26,3,0,1,0.24443702399730682,0.755562961101532
reflection_train_tta,sub-39,27,3,1,0,0.7864763736724854,0.21352356672286987
reflection_train_tta,sub-39,28,1,0,1,0.3966141641139984,0.603385865688324
reflection_train_tta,sub-39,29,3,1,1,0.4138774573802948,0.5861225724220276
reflection_train_tta,sub-39,30,4,0,1,0.3739074170589447,0.6260926127433777
reflection_train_tta,sub-39,31,4,1,0,0.6472672820091248,0.35273274779319763
reflection_train_tta,sub-39,32,4,0,1,0.4247042238712311,0.5752958655357361
reflection_train_tta,sub-39,33,2,1,1,0.40215739607810974,0.5978425741195679
reflection_train_tta,sub-39,34,3,0,1,0.17775781452655792,0.8222422003746033
reflection_train_tta,sub-39,35,4,1,0,0.5038292407989502,0.49617084860801697
reflection_train_tta,sub-39,36,1,0,1,0.4612843096256256,0.538715660572052
reflection_train_tta,sub-39,37,4,1,1,0.11602719873189926,0.8839728236198425
reflection_train_tta,sub-39,38,0,0,1,0.46433043479919434,0.5356695652008057
reflection_train_tta,sub-39,39,1,1,0,0.6214284300804138,0.37857159972190857
reflection_train_tta,sub-40,0,3,0,1,0.2811320722103119,0.7188679575920105
reflection_train_tta,sub-40,1,2,1,1,0.3613373935222626,0.6386626362800598
reflection_train_tta,sub-40,2,2,0,0,0.7492139339447021,0.25078606605529785
reflection_train_tta,sub-40,3,0,1,0,0.5165600180625916,0.48343995213508606
reflection_train_tta,sub-40,4,2,0,0,0.715167224407196,0.28483283519744873
reflection_train_tta,sub-40,5,1,1,1,0.22619427740573883,0.7738057971000671
reflection_train_tta,sub-40,6,2,0,0,0.840419352054596,0.15958060324192047
reflection_train_tta,sub-40,7,0,1,0,0.6486591100692749,0.3513408899307251
reflection_train_tta,sub-40,8,1,0,0,0.7532632946968079,0.24673670530319214
reflection_train_tta,sub-40,9,3,1,0,0.6910653710365295,0.30893465876579285
reflection_train_tta,sub-40,10,3,0,1,0.3919728100299835,0.6080272197723389
reflection_train_tta,sub-40,11,0,1,1,0.43051770329475403,0.5694822669029236
reflection_train_tta,sub-40,12,2,0,0,0.5810722708702087,0.4189278185367584
reflection_train_tta,sub-40,13,0,1,0,0.7515225410461426,0.2484775334596634
reflection_train_tta,sub-40,14,4,0,0,0.884268581867218,0.11573144048452377
reflection_train_tta,sub-40,15,1,1,1,0.15253372490406036,0.8474662899971008
reflection_train_tta,sub-40,16,0,0,0,0.8004956841468811,0.1995043158531189
reflection_train_tta,sub-40,17,2,1,0,0.6984713673591614,0.301528662443161
reflection_train_tta,sub-40,18,4,0,0,0.834692656993866,0.16530735790729523
reflection_train_tta,sub-40,19,3,1,1,0.28603336215019226,0.7139666080474854
reflection_train_tta,sub-40,20,0,0,0,0.9771321415901184,0.02286788821220398
reflection_train_tta,sub-40,21,2,1,1,0.42713847756385803,0.5728614926338196
reflection_train_tta,sub-40,22,1,0,0,0.5424451231956482,0.45755481719970703
reflection_train_tta,sub-40,23,1,1,1,0.3428443372249603,0.6571555733680725
reflection_train_tta,sub-40,24,0,0,0,0.7375710606575012,0.2624289095401764
reflection_train_tta,sub-40,25,4,1,0,0.5212650895118713,0.47873497009277344
reflection_train_tta,sub-40,26,3,0,0,0.5121530890464783,0.4878469407558441
reflection_train_tta,sub-40,27,3,1,0,0.684177577495575,0.31582239270210266
reflection_train_tta,sub-40,28,1,0,1,0.16888225078582764,0.8311178088188171
reflection_train_tta,sub-40,29,3,1,1,0.2610718309879303,0.7389281392097473
reflection_train_tta,sub-40,30,4,0,0,0.8124682307243347,0.1875317543745041
reflection_train_tta,sub-40,31,4,1,0,0.796637237071991,0.2033628672361374
reflection_train_tta,sub-40,32,4,0,1,0.3458694517612457,0.6541305184364319
reflection_train_tta,sub-40,33,2,1,1,0.4298841059207916,0.570115864276886
reflection_train_tta,sub-40,34,3,0,0,0.8465406894683838,0.1534593105316162
reflection_train_tta,sub-40,35,4,1,0,0.7546561360359192,0.24534384906291962
reflection_train_tta,sub-40,36,1,0,0,0.6002880930900574,0.399711936712265
reflection_train_tta,sub-40,37,4,1,0,0.5089777708053589,0.4910222291946411
reflection_train_tta,sub-40,38,0,0,1,0.38677704334259033,0.6132230162620544
reflection_train_tta,sub-40,39,1,1,1,0.10450341552495956,0.8954966068267822
reflection_train_tta,sub-41,0,3,0,0,0.5830681920051575,0.41693174839019775
reflection_train_tta,sub-41,1,2,1,0,0.7051699757575989,0.2948300838470459
reflection_train_tta,sub-41,2,2,0,0,0.8928530812263489,0.10714691132307053
reflection_train_tta,sub-41,3,0,1,1,0.36759814620018005,0.6324018239974976
reflection_train_tta,sub-41,4,2,0,1,0.39081907272338867,0.6091809272766113
reflection_train_tta,sub-41,5,1,1,0,0.5955736041069031,0.4044264256954193
reflection_train_tta,sub-41,6,2,0,0,0.5624384880065918,0.4375615119934082
reflection_train_tta,sub-41,7,0,1,0,0.6874401569366455,0.3125598132610321
reflection_train_tta,sub-41,8,1,0,1,0.36359915137290955,0.6364008188247681
reflection_train_tta,sub-41,9,3,1,1,0.4497731626033783,0.5502268671989441
reflection_train_tta,sub-41,10,3,0,1,0.3326112627983093,0.6673887372016907
reflection_train_tta,sub-41,11,0,1,1,0.46907874941825867,0.5309212803840637
reflection_train_tta,sub-41,12,2,0,1,0.06927437335252762,0.9307255744934082
reflection_train_tta,sub-41,13,0,1,1,0.3549787104129791,0.6450212597846985
reflection_train_tta,sub-41,14,4,0,0,0.7137892842292786,0.28621065616607666
reflection_train_tta,sub-41,15,1,1,1,0.22125764191150665,0.7787423133850098
reflection_train_tta,sub-41,16,0,0,0,0.5802868008613586,0.41971316933631897
reflection_train_tta,sub-41,17,2,1,1,0.03647299483418465,0.9635270237922668
reflection_train_tta,sub-41,18,4,0,0,0.613689124584198,0.3863108456134796
reflection_train_tta,sub-41,19,3,1,0,0.5703364610671997,0.4296635091304779
reflection_train_tta,sub-41,20,0,0,1,0.429747074842453,0.5702529549598694
reflection_train_tta,sub-41,21,2,1,0,0.5604877471923828,0.4395122528076172
reflection_train_tta,sub-41,22,1,0,0,0.7531372904777527,0.24686269462108612
reflection_train_tta,sub-41,23,1,1,0,0.6575527787208557,0.3424471914768219
reflection_train_tta,sub-41,24,0,0,1,0.35052403807640076,0.6494759917259216
reflection_train_tta,sub-41,25,4,1,0,0.5839380025863647,0.41606199741363525
reflection_train_tta,sub-41,26,3,0,0,0.7406690120697021,0.25933101773262024
reflection_train_tta,sub-41,27,3,1,1,0.09799786657094955,0.9020021557807922
reflection_train_tta,sub-41,28,1,0,0,0.8155913352966309,0.18440867960453033
reflection_train_tta,sub-41,29,3,1,0,0.5815193057060242,0.41848066449165344
reflection_train_tta,sub-41,30,4,0,0,0.6488760709762573,0.3511239290237427
reflection_train_tta,sub-41,31,4,1,0,0.649250328540802,0.3507496118545532
reflection_train_tta,sub-41,32,4,0,1,0.3020322620868683,0.6979677677154541
reflection_train_tta,sub-41,33,2,1,0,0.8570575714111328,0.14294244349002838
reflection_train_tta,sub-41,34,3,0,0,0.6871480941772461,0.31285181641578674
reflection_train_tta,sub-41,35,4,1,0,0.7051379680633545,0.2948620021343231
reflection_train_tta,sub-41,36,1,0,1,0.38289591670036316,0.6171041131019592
reflection_train_tta,sub-41,37,4,1,0,0.5222480893135071,0.47775188088417053
reflection_train_tta,sub-41,38,0,0,1,0.4975411593914032,0.5024588108062744
reflection_train_tta,sub-41,39,1,1,0,0.6834939122200012,0.31650611758232117
reflection_train_tta,sub-42,0,3,0,0,0.6296380162239075,0.37036195397377014
reflection_train_tta,sub-42,1,2,1,1,0.2323092371225357,0.7676908373832703
reflection_train_tta,sub-42,2,2,0,0,0.8195014595985413,0.18049849569797516
reflection_train_tta,sub-42,3,0,1,1,0.13246072828769684,0.8675392270088196
reflection_train_tta,sub-42,4,2,0,1,0.35256263613700867,0.6474373936653137
reflection_train_tta,sub-42,5,1,1,0,0.5994428992271423,0.40055713057518005
reflection_train_tta,sub-42,6,2,0,1,0.2519476115703583,0.7480524182319641
reflection_train_tta,sub-42,7,0,1,1,0.3733433187007904,0.626656711101532
reflection_train_tta,sub-42,8,1,0,0,0.6063941121101379,0.3936058580875397
reflection_train_tta,sub-42,9,3,1,1,0.3440031111240387,0.6559968590736389
reflection_train_tta,sub-42,10,3,0,1,0.3637979328632355,0.6362020373344421
reflection_train_tta,sub-42,11,0,1,1,0.11770116537809372,0.8822987675666809
reflection_train_tta,sub-42,12,2,0,0,0.5695894360542297,0.4304105341434479
reflection_train_tta,sub-42,13,0,1,1,0.22521941363811493,0.7747805714607239
reflection_train_tta,sub-42,14,4,0,0,0.6817550659179688,0.3182448744773865
reflection_train_tta,sub-42,15,1,1,1,0.4782799482345581,0.5217201113700867
reflection_train_tta,sub-42,16,0,0,0,0.6885144114494324,0.31148555874824524
reflection_train_tta,sub-42,17,2,1,0,0.7402200102806091,0.25977998971939087
reflection_train_tta,sub-42,18,4,0,0,0.5328405499458313,0.4671594798564911
reflection_train_tta,sub-42,19,3,1,1,0.3641413748264313,0.6358585357666016
reflection_train_tta,sub-42,20,0,0,1,0.3040947914123535,0.6959052085876465
reflection_train_tta,sub-42,21,2,1,1,0.25046584010124207,0.7495341897010803
reflection_train_tta,sub-42,22,1,0,0,0.7853415012359619,0.21465851366519928
reflection_train_tta,sub-42,23,1,1,0,0.5557780861854553,0.4442218840122223
reflection_train_tta,sub-42,24,0,0,0,0.5475929379463196,0.45240703225135803
reflection_train_tta,sub-42,25,4,1,1,0.4014441967010498,0.598555862903595
reflection_train_tta,sub-42,26,3,0,0,0.7323327660560608,0.26766717433929443
reflection_train_tta,sub-42,27,3,1,1,0.22236138582229614,0.7776386141777039
reflection_train_tta,sub-42,28,1,0,1,0.4546035826206207,0.5453964471817017
reflection_train_tta,sub-42,29,3,1,1,0.23913829028606415,0.7608616948127747
reflection_train_tta,sub-42,30,4,0,0,0.685723602771759,0.31427639722824097
reflection_train_tta,sub-42,31,4,1,1,0.2430974692106247,0.7569025158882141
reflection_train_tta,sub-42,32,4,0,0,0.7474538683891296,0.2525462210178375
reflection_train_tta,sub-42,33,2,1,0,0.849555492401123,0.15044444799423218
reflection_train_tta,sub-42,34,3,0,0,0.8807075619697571,0.11929246783256531
reflection_train_tta,sub-42,35,4,1,0,0.5286352038383484,0.471364825963974
reflection_train_tta,sub-42,36,1,0,1,0.4252542555332184,0.5747457146644592
reflection_train_tta,sub-42,37,4,1,0,0.6165511608123779,0.3834488093852997
reflection_train_tta,sub-42,38,0,0,0,0.6974115371704102,0.30258843302726746
reflection_train_tta,sub-42,39,1,1,1,0.3483642041683197,0.6516358256340027
reflection_train_tta,sub-43,0,3,0,0,0.8048555850982666,0.1951444149017334
reflection_train_tta,sub-43,1,2,1,0,0.7355645298957825,0.26443541049957275
reflection_train_tta,sub-43,2,2,0,0,0.7461095452308655,0.2538905143737793
reflection_train_tta,sub-43,3,0,1,1,0.3998000919818878,0.6001999378204346
reflection_train_tta,sub-43,4,2,0,0,0.7828226685523987,0.2171773463487625
reflection_train_tta,sub-43,5,1,1,0,0.5039820671081543,0.4960179328918457
reflection_train_tta,sub-43,6,2,0,0,0.6993255615234375,0.3006744086742401
reflection_train_tta,sub-43,7,0,1,0,0.6900603175163269,0.3099396526813507
reflection_train_tta,sub-43,8,1,0,1,0.32935652136802673,0.6706435084342957
reflection_train_tta,sub-43,9,3,1,0,0.5843070149421692,0.41569289565086365
reflection_train_tta,sub-43,10,3,0,1,0.4569164514541626,0.5430835485458374
reflection_train_tta,sub-43,11,0,1,1,0.2811158299446106,0.7188841700553894
reflection_train_tta,sub-43,12,2,0,0,0.634849488735199,0.3651505410671234
reflection_train_tta,sub-43,13,0,1,0,0.6177815794944763,0.38221845030784607
reflection_train_tta,sub-43,14,4,0,0,0.787447988986969,0.21255196630954742
reflection_train_tta,sub-43,15,1,1,1,0.24424003064632416,0.7557599544525146
reflection_train_tta,sub-43,16,0,0,1,0.35452738404273987,0.6454725861549377
reflection_train_tta,sub-43,17,2,1,0,0.5704231262207031,0.42957690358161926
reflection_train_tta,sub-43,18,4,0,0,0.6598073840141296,0.34019264578819275
reflection_train_tta,sub-43,19,3,1,1,0.4841858446598053,0.5158141255378723
reflection_train_tta,sub-43,20,0,0,1,0.45689359307289124,0.5431064963340759
reflection_train_tta,sub-43,21,2,1,1,0.4104321002960205,0.5895678400993347
reflection_train_tta,sub-43,22,1,0,1,0.37224259972572327,0.6277574300765991
reflection_train_tta,sub-43,23,1,1,1,0.4725882112979889,0.5274118185043335
reflection_train_tta,sub-43,24,0,0,1,0.30186352133750916,0.6981365084648132
reflection_train_tta,sub-43,25,4,1,1,0.3842778503894806,0.6157221794128418
reflection_train_tta,sub-43,26,3,0,0,0.8608492016792297,0.13915078341960907
reflection_train_tta,sub-43,27,3,1,0,0.5282582640647888,0.47174176573753357
reflection_train_tta,sub-43,28,1,0,1,0.2713732421398163,0.7286267876625061
reflection_train_tta,sub-43,29,3,1,1,0.46505260467529297,0.534947395324707
reflection_train_tta,sub-43,30,4,0,1,0.290722519159317,0.7092774510383606
reflection_train_tta,sub-43,31,4,1,0,0.7163982391357422,0.2836017608642578
reflection_train_tta,sub-43,32,4,0,0,0.6869673132896423,0.3130326569080353
reflection_train_tta,sub-43,33,2,1,0,0.7573182582855225,0.24268174171447754
reflection_train_tta,sub-43,34,3,0,0,0.6187937259674072,0.3812062740325928
reflection_train_tta,sub-43,35,4,1,1,0.20398324728012085,0.7960166931152344
reflection_train_tta,sub-43,36,1,0,0,0.5804014801979065,0.4195984899997711
reflection_train_tta,sub-43,37,4,1,1,0.34484994411468506,0.6551501154899597
reflection_train_tta,sub-43,38,0,0,0,0.7354599833488464,0.26454004645347595
reflection_train_tta,sub-43,39,1,1,1,0.29236915707588196,0.7076308727264404
reflection_train_tta,sub-44,0,3,0,0,0.5495848655700684,0.45041516423225403
reflection_train_tta,sub-44,1,2,1,0,0.5925447940826416,0.4074552059173584
reflection_train_tta,sub-44,2,2,0,0,0.9221019148826599,0.07789808511734009
reflection_train_tta,sub-44,3,0,1,1,0.11245334148406982,0.8875465989112854
reflection_train_tta,sub-44,4,2,0,0,0.5305032730102539,0.4694966971874237
reflection_train_tta,sub-44,5,1,1,1,0.2021830528974533,0.7978169918060303
reflection_train_tta,sub-44,6,2,0,1,0.4343080520629883,0.5656919479370117
reflection_train_tta,sub-44,7,0,1,1,0.1675214171409607,0.8324785828590393
reflection_train_tta,sub-44,8,1,0,0,0.6208505630493164,0.3791494369506836
reflection_train_tta,sub-44,9,3,1,1,0.2031753808259964,0.7968246340751648
reflection_train_tta,sub-44,10,3,0,0,0.750540018081665,0.24945993721485138
reflection_train_tta,sub-44,11,0,1,1,0.3172203302383423,0.6827796101570129
reflection_train_tta,sub-44,12,2,0,0,0.8568510413169861,0.14314895868301392
reflection_train_tta,sub-44,13,0,1,1,0.13925696909427643,0.8607430458068848
reflection_train_tta,sub-44,14,4,0,0,0.7218501567840576,0.27814987301826477
reflection_train_tta,sub-44,15,1,1,1,0.06835935264825821,0.931640625
reflection_train_tta,sub-44,16,0,0,1,0.45839473605155945,0.5416052937507629
reflection_train_tta,sub-44,17,2,1,0,0.5605037808418274,0.4394962787628174
reflection_train_tta,sub-44,18,4,0,1,0.4558301866054535,0.5441698431968689
reflection_train_tta,sub-44,19,3,1,1,0.3246324956417084,0.675367534160614
reflection_train_tta,sub-44,20,0,0,1,0.4035015106201172,0.5964984893798828
reflection_train_tta,sub-44,21,2,1,0,0.5686768889427185,0.4313230514526367
reflection_train_tta,sub-44,22,1,0,1,0.3834739029407501,0.6165261268615723
reflection_train_tta,sub-44,23,1,1,1,0.3027137815952301,0.6972863078117371
reflection_train_tta,sub-44,24,0,0,1,0.47212421894073486,0.5278758406639099
reflection_train_tta,sub-44,25,4,1,0,0.5776968598365784,0.42230308055877686
reflection_train_tta,sub-44,26,3,0,0,0.6743932366371155,0.32560673356056213
reflection_train_tta,sub-44,27,3,1,1,0.4537786543369293,0.5462213158607483
reflection_train_tta,sub-44,28,1,0,1,0.3669985830783844,0.6330013275146484
reflection_train_tta,sub-44,29,3,1,1,0.46898141503334045,0.5310185551643372
reflection_train_tta,sub-44,30,4,0,0,0.7677413821220398,0.2322586327791214
reflection_train_tta,sub-44,31,4,1,1,0.40821656584739685,0.5917834639549255
reflection_train_tta,sub-44,32,4,0,0,0.617067277431488,0.38293275237083435
reflection_train_tta,sub-44,33,2,1,1,0.4212096035480499,0.5787903666496277
reflection_train_tta,sub-44,34,3,0,1,0.3494703769683838,0.6505296230316162
reflection_train_tta,sub-44,35,4,1,1,0.39821580052375793,0.6017842292785645
reflection_train_tta,sub-44,36,1,0,1,0.2698781192302704,0.7301218509674072
reflection_train_tta,sub-44,37,4,1,0,0.5842745304107666,0.41572538018226624
reflection_train_tta,sub-44,38,0,0,0,0.5263075232505798,0.47369250655174255
reflection_train_tta,sub-44,39,1,1,1,0.3183658719062805,0.6816341280937195
reflection_train_tta,sub-45,0,3,0,1,0.39439865946769714,0.6056013703346252
reflection_train_tta,sub-45,1,2,1,1,0.4139515459537506,0.586048424243927
reflection_train_tta,sub-45,2,2,0,0,0.690697193145752,0.30930283665657043
reflection_train_tta,sub-45,3,0,1,0,0.5572001934051514,0.44279977679252625
reflection_train_tta,sub-45,4,2,0,0,0.745882511138916,0.2541174292564392
reflection_train_tta,sub-45,5,1,1,0,0.5396686792373657,0.4603313207626343
reflection_train_tta,sub-45,6,2,0,0,0.7305570244789124,0.26944294571876526
reflection_train_tta,sub-45,7,0,1,0,0.7041441798210144,0.29585587978363037
reflection_train_tta,sub-45,8,1,0,0,0.515333890914917,0.484666109085083
reflection_train_tta,sub-45,9,3,1,1,0.15733109414577484,0.8426688313484192
reflection_train_tta,sub-45,10,3,0,0,0.5867619514465332,0.4132380485534668
reflection_train_tta,sub-45,11,0,1,1,0.4794313907623291,0.5205686092376709
reflection_train_tta,sub-45,12,2,0,0,0.9106243252754211,0.08937563747167587
reflection_train_tta,sub-45,13,0,1,1,0.14321458339691162,0.8567854762077332
reflection_train_tta,sub-45,14,4,0,0,0.520150363445282,0.47984960675239563
reflection_train_tta,sub-45,15,1,1,0,0.5033542513847351,0.4966457188129425
reflection_train_tta,sub-45,16,0,0,1,0.2524057626724243,0.7475942969322205
reflection_train_tta,sub-45,17,2,1,1,0.25967761874198914,0.7403224110603333
reflection_train_tta,sub-45,18,4,0,0,0.7147991061210632,0.28520092368125916
reflection_train_tta,sub-45,19,3,1,1,0.05046474561095238,0.9495351910591125
reflection_train_tta,sub-45,20,0,0,0,0.5534103512763977,0.4465896785259247
reflection_train_tta,sub-45,21,2,1,1,0.444406121969223,0.5555939078330994
reflection_train_tta,sub-45,22,1,0,0,0.5407002568244934,0.4592997133731842
reflection_train_tta,sub-45,23,1,1,1,0.2525976896286011,0.7474023699760437
reflection_train_tta,sub-45,24,0,0,1,0.47584816813468933,0.5241518616676331
reflection_train_tta,sub-45,25,4,1,0,0.5882300138473511,0.4117700159549713
reflection_train_tta,sub-45,26,3,0,1,0.17561371624469757,0.8243862986564636
reflection_train_tta,sub-45,27,3,1,1,0.05781662464141846,0.9421833157539368
reflection_train_tta,sub-45,28,1,0,1,0.25522586703300476,0.7447741031646729
reflection_train_tta,sub-45,29,3,1,0,0.7985274195671082,0.20147256553173065
reflection_train_tta,sub-45,30,4,0,0,0.8203883767127991,0.17961156368255615
reflection_train_tta,sub-45,31,4,1,0,0.5600231885910034,0.4399767816066742
reflection_train_tta,sub-45,32,4,0,0,0.6084907650947571,0.39150920510292053
reflection_train_tta,sub-45,33,2,1,1,0.46710526943206787,0.5328946709632874
reflection_train_tta,sub-45,34,3,0,0,0.5700402855873108,0.4299596846103668
reflection_train_tta,sub-45,35,4,1,0,0.544773280620575,0.4552266597747803
reflection_train_tta,sub-45,36,1,0,1,0.4535001218318939,0.5464999079704285
reflection_train_tta,sub-45,37,4,1,0,0.6650537848472595,0.33494624495506287
reflection_train_tta,sub-45,38,0,0,1,0.48726686835289,0.5127332210540771
reflection_train_tta,sub-45,39,1,1,1,0.279941588640213,0.7200584411621094
reflection_train_tta,sub-46,0,3,0,0,0.5446948409080505,0.45530518889427185
reflection_train_tta,sub-46,1,2,1,0,0.5882123708724976,0.41178765892982483
reflection_train_tta,sub-46,2,2,0,0,0.6454795002937317,0.3545205295085907
reflection_train_tta,sub-46,3,0,1,1,0.2854146659374237,0.7145853042602539
reflection_train_tta,sub-46,4,2,0,1,0.07370281964540482,0.9262971878051758
reflection_train_tta,sub-46,5,1,1,0,0.5501250624656677,0.4498749077320099
reflection_train_tta,sub-46,6,2,0,0,0.6803551316261292,0.31964483857154846
reflection_train_tta,sub-46,7,0,1,1,0.40300455689430237,0.59699547290802
reflection_train_tta,sub-46,8,1,0,1,0.4122540056705475,0.5877459645271301
reflection_train_tta,sub-46,9,3,1,0,0.7044094204902649,0.2955905497074127
reflection_train_tta,sub-46,10,3,0,0,0.5989935398101807,0.40100646018981934
reflection_train_tta,sub-46,11,0,1,1,0.2850695252418518,0.7149304747581482
reflection_train_tta,sub-46,12,2,0,1,0.1978447437286377,0.8021552562713623
reflection_train_tta,sub-46,13,0,1,1,0.2543269693851471,0.7456730008125305
reflection_train_tta,sub-46,14,4,0,0,0.6037223935127258,0.3962775766849518
reflection_train_tta,sub-46,15,1,1,1,0.1587064415216446,0.8412935733795166
reflection_train_tta,sub-46,16,0,0,0,0.6523204445838928,0.3476795256137848
reflection_train_tta,sub-46,17,2,1,1,0.3369722366333008,0.6630277633666992
reflection_train_tta,sub-46,18,4,0,0,0.7221042513847351,0.2778957486152649
reflection_train_tta,sub-46,19,3,1,0,0.9396335482597351,0.06036640703678131
reflection_train_tta,sub-46,20,0,0,0,0.7231448292732239,0.27685508131980896
reflection_train_tta,sub-46,21,2,1,1,0.3752945363521576,0.6247054934501648
reflection_train_tta,sub-46,22,1,0,1,0.29726171493530273,0.7027382850646973
reflection_train_tta,sub-46,23,1,1,0,0.7564968466758728,0.2435031533241272
reflection_train_tta,sub-46,24,0,0,0,0.7341403961181641,0.26585960388183594
reflection_train_tta,sub-46,25,4,1,1,0.26006314158439636,0.7399368286132812
reflection_train_tta,sub-46,26,3,0,0,0.577969491481781,0.4220304787158966
reflection_train_tta,sub-46,27,3,1,1,0.3086123764514923,0.6913875937461853
reflection_train_tta,sub-46,28,1,0,1,0.3593575656414032,0.6406424641609192
reflection_train_tta,sub-46,29,3,1,0,0.5733813047409058,0.4266187250614166
reflection_train_tta,sub-46,30,4,0,1,0.38406097888946533,0.6159390211105347
reflection_train_tta,sub-46,31,4,1,1,0.4282478392124176,0.57175213098526
reflection_train_tta,sub-46,32,4,0,0,0.6341598629951477,0.3658401072025299
reflection_train_tta,sub-46,33,2,1,1,0.36124399304389954,0.6387560367584229
reflection_train_tta,sub-46,34,3,0,1,0.4798164665699005,0.5201835036277771
reflection_train_tta,sub-46,35,4,1,0,0.900331437587738,0.09966856986284256
reflection_train_tta,sub-46,36,1,0,0,0.829558789730072,0.17044122517108917
reflection_train_tta,sub-46,37,4,1,0,0.5402384400367737,0.45976153016090393
reflection_train_tta,sub-46,38,0,0,0,0.5579269528388977,0.4420730173587799
reflection_train_tta,sub-46,39,1,1,1,0.3884432315826416,0.6115567684173584
reflection_train_tta,sub-47,0,3,0,0,0.5007845759391785,0.4992154538631439
reflection_train_tta,sub-47,1,2,1,1,0.4937582314014435,0.5062417387962341
reflection_train_tta,sub-47,2,2,0,0,0.6885563731193542,0.311443567276001
reflection_train_tta,sub-47,3,0,1,0,0.5243985056877136,0.475601464509964
reflection_train_tta,sub-47,4,2,0,0,0.6853244304656982,0.31467556953430176
reflection_train_tta,sub-47,5,1,1,1,0.4393638074398041,0.5606362223625183
reflection_train_tta,sub-47,6,2,0,1,0.14488178491592407,0.8551182746887207
reflection_train_tta,sub-47,7,0,1,0,0.6006288528442383,0.39937105774879456
reflection_train_tta,sub-47,8,1,0,0,0.6159355044364929,0.3840644359588623
reflection_train_tta,sub-47,9,3,1,0,0.6084365844726562,0.39156341552734375
reflection_train_tta,sub-47,10,3,0,1,0.21645711362361908,0.7835429310798645
reflection_train_tta,sub-47,11,0,1,0,0.5952831506729126,0.4047168791294098
reflection_train_tta,sub-47,12,2,0,1,0.2245955616235733,0.7754044532775879
reflection_train_tta,sub-47,13,0,1,0,0.6792321801185608,0.3207677900791168
reflection_train_tta,sub-47,14,4,0,1,0.09308402985334396,0.9069159626960754
reflection_train_tta,sub-47,15,1,1,0,0.6323575377464294,0.36764249205589294
reflection_train_tta,sub-47,16,0,0,0,0.5331831574440002,0.46681681275367737
reflection_train_tta,sub-47,17,2,1,0,0.7264683842658997,0.27353158593177795
reflection_train_tta,sub-47,18,4,0,1,0.40695837140083313,0.5930415987968445
reflection_train_tta,sub-47,19,3,1,1,0.2775059640407562,0.7224940657615662
reflection_train_tta,sub-47,20,0,0,1,0.32761457562446594,0.6723853945732117
reflection_train_tta,sub-47,21,2,1,0,0.5232582688331604,0.4767417013645172
reflection_train_tta,sub-47,22,1,0,0,0.5500584244728088,0.44994160532951355
reflection_train_tta,sub-47,23,1,1,0,0.540179431438446,0.45982053875923157
reflection_train_tta,sub-47,24,0,0,1,0.44972705841064453,0.5502730011940002
reflection_train_tta,sub-47,25,4,1,1,0.30880966782569885,0.6911904215812683
reflection_train_tta,sub-47,26,3,0,0,0.6657541394233704,0.334245890378952
reflection_train_tta,sub-47,27,3,1,1,0.2688220739364624,0.7311779856681824
reflection_train_tta,sub-47,28,1,0,1,0.446713924407959,0.553286075592041
reflection_train_tta,sub-47,29,3,1,1,0.19310502707958221,0.8068949580192566
reflection_train_tta,sub-47,30,4,0,1,0.40993690490722656,0.5900630950927734
reflection_train_tta,sub-47,31,4,1,1,0.4519446790218353,0.5480553507804871
reflection_train_tta,sub-47,32,4,0,1,0.47874394059181213,0.5212560296058655
reflection_train_tta,sub-47,33,2,1,1,0.486609548330307,0.5133904814720154
reflection_train_tta,sub-47,34,3,0,0,0.574813187122345,0.42518678307533264
reflection_train_tta,sub-47,35,4,1,0,0.7718530297279358,0.22814695537090302
reflection_train_tta,sub-47,36,1,0,0,0.5186181664466858,0.4813818633556366
reflection_train_tta,sub-47,37,4,1,1,0.25426027178764343,0.745739758014679
reflection_train_tta,sub-47,38,0,0,1,0.440535306930542,0.5594646334648132
reflection_train_tta,sub-47,39,1,1,1,0.30549201369285583,0.6945080161094666
reflection_train_tta,sub-48,0,3,0,0,0.5615772008895874,0.4384227693080902
reflection_train_tta,sub-48,1,2,1,1,0.1258857101202011,0.8741142749786377
reflection_train_tta,sub-48,2,2,0,1,0.4303501546382904,0.569649875164032
reflection_train_tta,sub-48,3,0,1,0,0.5836450457572937,0.4163549840450287
reflection_train_tta,sub-48,4,2,0,1,0.4761838912963867,0.5238161087036133
reflection_train_tta,sub-48,5,1,1,1,0.11756014823913574,0.882439911365509
reflection_train_tta,sub-48,6,2,0,1,0.2867374122142792,0.7132625579833984
reflection_train_tta,sub-48,7,0,1,1,0.2679744064807892,0.7320256233215332
reflection_train_tta,sub-48,8,1,0,1,0.46155276894569397,0.5384472012519836
reflection_train_tta,sub-48,9,3,1,1,0.1875571757555008,0.8124427795410156
reflection_train_tta,sub-48,10,3,0,0,0.5904185771942139,0.40958142280578613
reflection_train_tta,sub-48,11,0,1,1,0.362150102853775,0.6378498673439026
reflection_train_tta,sub-48,12,2,0,1,0.4254571199417114,0.5745428800582886
reflection_train_tta,sub-48,13,0,1,1,0.20245683193206787,0.7975432276725769
reflection_train_tta,sub-48,14,4,0,1,0.34179142117500305,0.6582085490226746
reflection_train_tta,sub-48,15,1,1,0,0.8806729316711426,0.11932709068059921
reflection_train_tta,sub-48,16,0,0,1,0.46984148025512695,0.530158519744873
reflection_train_tta,sub-48,17,2,1,0,0.6354385018348694,0.364561527967453
reflection_train_tta,sub-48,18,4,0,0,0.5829241871833801,0.41707587242126465
reflection_train_tta,sub-48,19,3,1,1,0.4604845941066742,0.5395154356956482
reflection_train_tta,sub-48,20,0,0,0,0.5659201145172119,0.4340799152851105
reflection_train_tta,sub-48,21,2,1,1,0.3561561107635498,0.6438438892364502
reflection_train_tta,sub-48,22,1,0,0,0.5888475775718689,0.41115236282348633
reflection_train_tta,sub-48,23,1,1,0,0.6272080540657043,0.3727918565273285
reflection_train_tta,sub-48,24,0,0,1,0.24860508739948273,0.7513949275016785
reflection_train_tta,sub-48,25,4,1,1,0.41419705748558044,0.5858029723167419
reflection_train_tta,sub-48,26,3,0,1,0.3835538327693939,0.6164461970329285
reflection_train_tta,sub-48,27,3,1,0,0.6296870112419128,0.37031295895576477
reflection_train_tta,sub-48,28,1,0,0,0.7324292659759521,0.2675706744194031
reflection_train_tta,sub-48,29,3,1,0,0.96231609582901,0.03768394887447357
reflection_train_tta,sub-48,30,4,0,0,0.5930246114730835,0.4069753885269165
reflection_train_tta,sub-48,31,4,1,0,0.5006408095359802,0.49935922026634216
reflection_train_tta,sub-48,32,4,0,0,0.7195183634757996,0.28048160672187805
reflection_train_tta,sub-48,33,2,1,0,0.6770928502082825,0.32290711998939514
reflection_train_tta,sub-48,34,3,0,0,0.7030162811279297,0.2969837188720703
reflection_train_tta,sub-48,35,4,1,1,0.32632553577423096,0.6736744046211243
reflection_train_tta,sub-48,36,1,0,1,0.24669022858142853,0.7533097863197327
reflection_train_tta,sub-48,37,4,1,0,0.8370701670646667,0.16292981803417206
reflection_train_tta,sub-48,38,0,0,1,0.41219958662986755,0.5878004431724548
reflection_train_tta,sub-48,39,1,1,0,0.6649421453475952,0.3350578546524048
reflection_train_tta,sub-49,0,3,0,0,0.5187798738479614,0.4812201261520386
reflection_train_tta,sub-49,1,2,1,0,0.5998228192329407,0.40017715096473694
reflection_train_tta,sub-49,2,2,0,0,0.5189694166183472,0.4810306131839752
reflection_train_tta,sub-49,3,0,1,1,0.46137475967407227,0.5386252999305725
reflection_train_tta,sub-49,4,2,0,0,0.5321198105812073,0.4678802192211151
reflection_train_tta,sub-49,5,1,1,1,0.43295273184776306,0.5670472979545593
reflection_train_tta,sub-49,6,2,0,1,0.4471949636936188,0.5528050065040588
reflection_train_tta,sub-49,7,0,1,1,0.36006006598472595,0.6399399042129517
reflection_train_tta,sub-49,8,1,0,0,0.5546073913574219,0.4453926086425781
reflection_train_tta,sub-49,9,3,1,1,0.4165690243244171,0.5834309458732605
reflection_train_tta,sub-49,10,3,0,1,0.47528669238090515,0.5247133374214172
reflection_train_tta,sub-49,11,0,1,1,0.43147847056388855,0.5685215592384338
reflection_train_tta,sub-49,12,2,0,0,0.5081914663314819,0.49180853366851807
reflection_train_tta,sub-49,13,0,1,0,0.5127313733100891,0.4872685670852661
reflection_train_tta,sub-49,14,4,0,1,0.45674359798431396,0.5432564616203308
reflection_train_tta,sub-49,15,1,1,0,0.5430842041969299,0.4569157063961029
reflection_train_tta,sub-49,16,0,0,1,0.4492858350276947,0.5507141947746277
reflection_train_tta,sub-49,17,2,1,1,0.432685524225235,0.5673144459724426
reflection_train_tta,sub-49,18,4,0,1,0.37056460976600647,0.6294353604316711
reflection_train_tta,sub-49,19,3,1,1,0.4380837678909302,0.5619162917137146
reflection_train_tta,sub-49,20,0,0,0,0.5547452569007874,0.44525471329689026
reflection_train_tta,sub-49,21,2,1,1,0.4698456823825836,0.530154287815094
reflection_train_tta,sub-49,22,1,0,1,0.3895128667354584,0.610487163066864
reflection_train_tta,sub-49,23,1,1,1,0.44363662600517273,0.5563634037971497
reflection_train_tta,sub-49,24,0,0,0,0.6646680235862732,0.3353320062160492
reflection_train_tta,sub-49,25,4,1,1,0.48047900199890137,0.5195209980010986
reflection_train_tta,sub-49,26,3,0,0,0.5006157755851746,0.49938416481018066
reflection_train_tta,sub-49,27,3,1,1,0.3819099962711334,0.6180899739265442
reflection_train_tta,sub-49,28,1,0,1,0.47705110907554626,0.5229489207267761
reflection_train_tta,sub-49,29,3,1,0,0.5341323018074036,0.46586766839027405
reflection_train_tta,sub-49,30,4,0,0,0.568619430065155,0.43138059973716736
reflection_train_tta,sub-49,31,4,1,0,0.523979127407074,0.4760209023952484
reflection_train_tta,sub-49,32,4,0,0,0.5330634117126465,0.46693655848503113
reflection_train_tta,sub-49,33,2,1,1,0.47560545802116394,0.5243945717811584
reflection_train_tta,sub-49,34,3,0,0,0.6398055553436279,0.36019444465637207
reflection_train_tta,sub-49,35,4,1,1,0.447833776473999,0.552166223526001
reflection_train_tta,sub-49,36,1,0,0,0.5002765655517578,0.4997234344482422
reflection_train_tta,sub-49,37,4,1,0,0.5556992888450623,0.44430068135261536
reflection_train_tta,sub-49,38,0,0,1,0.36847224831581116,0.6315277218818665
reflection_train_tta,sub-49,39,1,1,1,0.4299040734767914,0.570095956325531
reflection_train_tta,sub-50,0,3,0,0,0.8168766498565674,0.18312335014343262
reflection_train_tta,sub-50,1,2,1,1,0.3563828766345978,0.6436170935630798
reflection_train_tta,sub-50,2,2,0,0,0.5001599192619324,0.49984005093574524
reflection_train_tta,sub-50,3,0,1,0,0.5361911058425903,0.46380889415740967
reflection_train_tta,sub-50,4,2,0,0,0.6763508915901184,0.323649138212204
reflection_train_tta,sub-50,5,1,1,1,0.39258089661598206,0.6074190735816956
reflection_train_tta,sub-50,6,2,0,1,0.4127800762653351,0.5872199535369873
reflection_train_tta,sub-50,7,0,1,1,0.29891273379325867,0.7010872960090637
reflection_train_tta,sub-50,8,1,0,1,0.436754435300827,0.5632455348968506
reflection_train_tta,sub-50,9,3,1,0,0.5124158263206482,0.4875841438770294
reflection_train_tta,sub-50,10,3,0,1,0.48808446526527405,0.5119155049324036
reflection_train_tta,sub-50,11,0,1,1,0.269588828086853,0.7304112315177917
reflection_train_tta,sub-50,12,2,0,0,0.8631928563117981,0.1368071287870407
reflection_train_tta,sub-50,13,0,1,1,0.4217340052127838,0.5782659649848938
reflection_train_tta,sub-50,14,4,0,1,0.3794567883014679,0.6205431818962097
reflection_train_tta,sub-50,15,1,1,0,0.5191823840141296,0.48081764578819275
reflection_train_tta,sub-50,16,0,0,0,0.5563409328460693,0.44365909695625305
reflection_train_tta,sub-50,17,2,1,0,0.505500316619873,0.49449968338012695
reflection_train_tta,sub-50,18,4,0,1,0.48269224166870117,0.5173077583312988
reflection_train_tta,sub-50,19,3,1,0,0.6212151646614075,0.37878477573394775
reflection_train_tta,sub-50,20,0,0,0,0.6313572525978088,0.3686427175998688
reflection_train_tta,sub-50,21,2,1,0,0.6012656092643738,0.3987344205379486
reflection_train_tta,sub-50,22,1,0,1,0.4991762638092041,0.5008237361907959
reflection_train_tta,sub-50,23,1,1,0,0.683586061000824,0.3164139688014984
reflection_train_tta,sub-50,24,0,0,0,0.626523494720459,0.373476505279541
reflection_train_tta,sub-50,25,4,1,1,0.3883833885192871,0.6116166710853577
reflection_train_tta,sub-50,26,3,0,0,0.5733733773231506,0.426626592874527
reflection_train_tta,sub-50,27,3,1,0,0.5017943978309631,0.4982055723667145
reflection_train_tta,sub-50,28,1,0,0,0.6255677342414856,0.374432235956192
reflection_train_tta,sub-50,29,3,1,0,0.687099277973175,0.31290075182914734
reflection_train_tta,sub-50,30,4,0,0,0.5575386881828308,0.4424613416194916
reflection_train_tta,sub-50,31,4,1,1,0.38996800780296326,0.6100320219993591
reflection_train_tta,sub-50,32,4,0,0,0.8181567192077637,0.18184329569339752
reflection_train_tta,sub-50,33,2,1,1,0.3864579498767853,0.6135420203208923
reflection_train_tta,sub-50,34,3,0,1,0.43096721172332764,0.5690327882766724
reflection_train_tta,sub-50,35,4,1,0,0.6228058934211731,0.3771941661834717
reflection_train_tta,sub-50,36,1,0,1,0.409222275018692,0.5907776951789856
reflection_train_tta,sub-50,37,4,1,1,0.31546467542648315,0.6845353245735168
reflection_train_tta,sub-50,38,0,0,0,0.5281858444213867,0.47181418538093567
reflection_train_tta,sub-50,39,1,1,1,0.4214709997177124,0.5785289406776428
