subject_id,channel_index,channel_name,mean_abs_weight,std_abs_weight,mean_signed_weight,mean_l2_weight,n_fold_values,mean_collapse_ratio,collapse_rate,mean_spatial_relative_delta
1,21,Pz,0.15309723599999997,0.00029184207087053633,0.007323573999999999,0.153315592,5,0.9,0.4,0.007386618
1,28,O2,0.14425975800000002,0.0003722050032844855,-0.022968270000000002,0.14686834399999998,5,0.9,0.4,0.007386618
1,15,T3,0.127050564,0.0010166524635931385,0.127050564,0.13235440599999998,5,0.9,0.4,0.007386618
1,27,O1,0.12245394400000001,0.0010119849992860609,0.05648527999999999,0.13276408,5,0.9,0.4,0.007386618
1,16,T4,0.12166238199999999,0.0007565038473266369,0.01357119,0.134151468,5,0.9,0.4,0.007386618
1,17,CP3,0.121066742,0.00013422705677321113,0.033305806,0.139504516,5,0.9,0.4,0.007386618
1,13,C3,0.11584387199999999,0.0008105077901969872,0.073199404,0.11809913400000001,5,0.9,0.4,0.007386618
1,18,CP4,0.11100105600000001,0.00020393132319483873,0.034890818000000004,0.127220912,5,0.9,0.4,0.007386618
1,0,Fp1,0.11033215199999999,0.0009266354984944251,-0.096045522,0.12305113599999999,5,0.9,0.4,0.007386618
1,22,P3,0.10844976399999999,0.0005358987130326055,0.10844976399999999,0.11746581199999999,5,0.9,0.4,0.007386618
1,24,T5,0.105545092,0.000666583890421903,0.073781388,0.114932322,5,0.9,0.4,0.007386618
1,23,P4,0.104369848,0.0006900951175526415,-0.09243568399999999,0.11624230199999999,5,0.9,0.4,0.007386618
1,2,Fz,0.10429727,0.0005351080107324187,-0.09916468,0.118034672,5,0.9,0.4,0.007386618
1,7,FCz,0.098553614,0.0005053318559422126,0.098553614,0.113895308,5,0.9,0.4,0.007386618
1,4,F4,0.097107616,0.0006218545787641966,0.011730142,0.10761648799999998,5,0.9,0.4,0.007386618
1,10,FT7,0.090814432,0.0005364114622843177,-0.058070372,0.104522368,5,0.9,0.4,0.007386618
1,20,TP8,0.088903964,0.00038191975902014376,-0.058537757999999995,0.10769788799999999,5,0.9,0.4,0.007386618
1,3,F3,0.08750398200000001,0.0003764724931784558,0.026805434,0.094444552,5,0.9,0.4,0.007386618
1,14,C4,0.085699654,0.00018923647383631157,-0.075352632,0.096141818,5,0.9,0.4,0.007386618
1,19,TP7,0.084301224,0.00020838181129839343,-0.018340314,0.09434857199999999,5,0.9,0.4,0.007386618
1,5,F7,0.08331467000000001,0.001160452868581919,0.08104412999999999,0.096892234,5,0.9,0.4,0.007386618
1,25,T6,0.081509478,0.0006007654370634173,-0.06220262,0.092543174,5,0.9,0.4,0.007386618
1,11,FT8,0.080189316,0.00020273026865764597,-0.0034661160000000004,0.097215002,5,0.9,0.4,0.007386618
1,26,Oz,0.078010474,0.0006015978955914028,0.042807832000000004,0.08034961199999999,5,0.9,0.4,0.007386618
1,6,F8,0.07784222,0.0006598703217678465,-0.029686795999999998,0.0787969,5,0.9,0.4,0.007386618
1,1,Fp2,0.077153514,0.0010168555423608566,0.060780286,0.094759026,5,0.9,0.4,0.007386618
1,12,Cz,0.076958638,0.0002792187030268524,0.07577349600000001,0.092738836,5,0.9,0.4,0.007386618
1,9,FC4,0.058413018000000004,0.0009609694191128028,-0.058413018000000004,0.076263484,5,0.9,0.4,0.007386618
1,8,FC3,0.030472524,0.0007002260242450284,0.005744092,0.037145394,5,0.9,0.4,0.007386618
10,21,Pz,0.152677332,0.0006665960509709062,0.006668668,0.152892366,5,0.975,0.8,0.011746515999999999
10,28,O2,0.14392792599999998,0.0006285254052383216,-0.023903198,0.146595498,5,0.975,0.8,0.011746515999999999
10,15,T3,0.126671534,0.00037782064644483653,0.126671534,0.132127606,5,0.975,0.8,0.011746515999999999
10,17,CP3,0.12195402,0.0011313342342782703,0.032385436000000004,0.139904272,5,0.975,0.8,0.011746515999999999
10,27,O1,0.12172740600000001,0.0004408412340401042,0.055806046,0.131901204,5,0.975,0.8,0.011746515999999999
10,16,T4,0.121678168,0.0006119842656228971,0.013585114,0.134230012,5,0.975,0.8,0.011746515999999999
10,13,C3,0.114738258,0.0009327786143667752,0.071785052,0.11676705000000001,5,0.975,0.8,0.011746515999999999
10,18,CP4,0.111492178,0.0008159674998245942,0.034547228,0.128068886,5,0.975,0.8,0.011746515999999999
10,0,Fp1,0.10919896599999998,0.0008442230323972416,-0.095733662,0.12223851,5,0.975,0.8,0.011746515999999999
10,22,P3,0.108002806,0.0006866039227094432,0.108002806,0.11753232,5,0.975,0.8,0.011746515999999999
10,24,T5,0.105495066,0.0006366493680826153,0.07284970399999999,0.11505768000000001,5,0.975,0.8,0.011746515999999999
10,2,Fz,0.1039921,0.00043037104177674166,-0.09806955399999999,0.117270238,5,0.975,0.8,0.011746515999999999
10,23,P4,0.10398964399999999,0.0009888029781154595,-0.092982256,0.116165518,5,0.975,0.8,0.011746515999999999
10,7,FCz,0.09909999,0.0002376392365540689,0.09909999,0.11447390799999999,5,0.975,0.8,0.011746515999999999
10,4,F4,0.098321744,0.0008572883900006998,0.012606108,0.10864943600000002,5,0.975,0.8,0.011746515999999999
10,10,FT7,0.089852792,0.0006232168887072911,-0.058564468,0.10330097600000002,5,0.975,0.8,0.011746515999999999
10,20,TP8,0.08870049399999999,0.0008438161148200483,-0.059181526,0.107926788,5,0.975,0.8,0.011746515999999999
10,3,F3,0.088177228,0.0007590568127090356,0.027513433999999996,0.094968208,5,0.975,0.8,0.011746515999999999
10,14,C4,0.085766432,0.000712602579156151,-0.07494096,0.096253586,5,0.975,0.8,0.011746515999999999
10,19,TP7,0.08546157400000001,0.0010050992653365116,-0.018912414,0.09553971400000001,5,0.975,0.8,0.011746515999999999
10,5,F7,0.083872376,0.0005961794695643229,0.081739452,0.097612906,5,0.975,0.8,0.011746515999999999
10,25,T6,0.080963966,0.0004906602982512463,-0.061942526,0.09173361399999999,5,0.975,0.8,0.011746515999999999
10,11,FT8,0.080632298,0.000764571912687092,-0.0034746860000000003,0.097362372,5,0.975,0.8,0.011746515999999999
10,6,F8,0.078385828,0.0011472898241813195,-0.02913292,0.07945819000000001,5,0.975,0.8,0.011746515999999999
10,1,Fp2,0.078179658,0.000567389298074956,0.061306406,0.095576288,5,0.975,0.8,0.011746515999999999
10,26,Oz,0.077751816,0.00021859288581744518,0.0421097,0.080177016,5,0.975,0.8,0.011746515999999999
10,12,Cz,0.07643670799999999,0.000780296181247863,0.075236194,0.091952364,5,0.975,0.8,0.011746515999999999
10,9,FC4,0.05781145,0.00046280645371472585,-0.05781145,0.076173936,5,0.975,0.8,0.011746515999999999
10,8,FC3,0.031022353999999995,0.0006595525396281934,0.005545509999999999,0.037904811999999996,5,0.975,0.8,0.011746515999999999
11,21,Pz,0.15310309,0.00016655098918950633,0.006561468000000001,0.153290694,5,1.0,1.0,0.00324563
11,28,O2,0.14407338600000003,0.00015464158683872842,-0.023885,0.146824766,5,1.0,1.0,0.00324563
11,15,T3,0.127041298,0.000596623182310242,0.127041298,0.13227925599999998,5,1.0,1.0,0.00324563
11,16,T4,0.12210938,5.633844602045861e-05,0.013535407999999999,0.13465118,5,1.0,1.0,0.00324563
11,27,O1,0.121817584,0.0001263923137694648,0.05589198199999999,0.132189956,5,1.0,1.0,0.00324563
11,17,CP3,0.121455978,0.0006524573928387999,0.032919147999999995,0.139797024,5,1.0,1.0,0.00324563
11,13,C3,0.1153737,0.00034212152840767387,0.07245628,0.117529262,5,1.0,1.0,0.00324563
11,18,CP4,0.110840148,0.00014190387915769047,0.03437261,0.127420106,5,1.0,1.0,0.00324563
11,0,Fp1,0.10975416199999999,0.00012092241508504356,-0.095578918,0.122430968,5,1.0,1.0,0.00324563
11,22,P3,0.10796868,0.0003778718450744924,0.10796868,0.11722554599999999,5,1.0,1.0,0.00324563
11,24,T5,0.10518389400000001,0.00044396138534786623,0.073292574,0.114625198,5,1.0,1.0,0.00324563
11,23,P4,0.10481867,7.045833343189273e-05,-0.093223532,0.116892822,5,1.0,1.0,0.00324563
11,2,Fz,0.104084062,0.0002533118018766561,-0.09862323199999999,0.117635584,5,1.0,1.0,0.00324563
11,7,FCz,0.09875489,0.00042073744782227164,0.09875489,0.113912986,5,1.0,1.0,0.00324563
11,4,F4,0.097210058,0.0006773364729733666,0.012271684000000001,0.107498348,5,1.0,1.0,0.00324563
11,10,FT7,0.090156894,0.0005657803674837085,-0.057929228,0.103708014,5,1.0,1.0,0.00324563
11,20,TP8,0.089210444,0.00013745996246180463,-0.05936156,0.108341398,5,1.0,1.0,0.00324563
11,3,F3,0.087783712,2.9140445604002084e-05,0.027529754,0.09465371,5,1.0,1.0,0.00324563
11,14,C4,0.08579588,0.00033928804178750535,-0.07541154800000001,0.09633225,5,1.0,1.0,0.00324563
11,19,TP7,0.08445095799999999,2.1277864554507964e-05,-0.018659303999999998,0.09425903399999999,5,1.0,1.0,0.00324563
11,5,F7,0.084096842,3.3238857080230676e-05,0.081799708,0.097809254,5,1.0,1.0,0.00324563
11,25,T6,0.081291844,0.00028393687507964995,-0.062395860000000004,0.092481296,5,1.0,1.0,0.00324563
11,11,FT8,0.080113264,7.902315660614982e-05,-0.0031707140000000003,0.09716003799999999,5,1.0,1.0,0.00324563
11,1,Fp2,0.07771752800000001,0.000227517452561336,0.061329942000000005,0.095239108,5,1.0,1.0,0.00324563
11,26,Oz,0.077644306,0.00010714421113620684,0.042089884,0.079984524,5,1.0,1.0,0.00324563
11,6,F8,0.077428218,7.76517193628059e-05,-0.02931036,0.078420936,5,1.0,1.0,0.00324563
11,12,Cz,0.076707882,0.000636169300477477,0.075472872,0.09230085800000001,5,1.0,1.0,0.00324563
11,9,FC4,0.058159709999999996,0.0005556246954104919,-0.058159709999999996,0.076297454,5,1.0,1.0,0.00324563
11,8,FC3,0.031070982000000004,0.00013722664671994412,0.005901984000000001,0.037689486,5,1.0,1.0,0.00324563
12,21,Pz,0.15335712799999998,0.0004953114556216078,0.006783478,0.153559328,5,0.975,0.8,0.00776331
12,28,O2,0.143803744,0.00046025145136110795,-0.024120893999999997,0.14664784,5,0.975,0.8,0.00776331
12,15,T3,0.125857578,0.0012692075316393255,0.125857578,0.13116732199999998,5,0.975,0.8,0.00776331
12,16,T4,0.12213252599999999,0.00039926866046560754,0.0132028,0.13465933400000002,5,0.975,0.8,0.00776331
12,17,CP3,0.12182493800000001,0.0010446639941722887,0.032438854,0.140105382,5,0.975,0.8,0.00776331
12,27,O1,0.12174012199999999,0.00023577215965843085,0.055820742,0.13228496,5,0.975,0.8,0.00776331
12,13,C3,0.11502298200000001,0.00034821490199300986,0.072105884,0.117089884,5,0.975,0.8,0.00776331
12,18,CP4,0.11045971000000002,0.000677806219025768,0.034243024,0.12711341199999998,5,0.975,0.8,0.00776331
12,0,Fp1,0.109515746,0.00038162076133250284,-0.095255046,0.12210479999999999,5,0.975,0.8,0.00776331
12,22,P3,0.10767985799999999,0.000761502811334274,0.10767985799999999,0.11672908200000001,5,0.975,0.8,0.00776331
12,23,P4,0.104763648,0.0002158530456583787,-0.093257932,0.11694537,5,0.975,0.8,0.00776331
12,24,T5,0.104695108,0.00037148885719494334,0.072667974,0.114022598,5,0.975,0.8,0.00776331
12,2,Fz,0.10381839799999999,0.00046754227538266377,-0.098175768,0.11727432,5,0.975,0.8,0.00776331
12,7,FCz,0.099140468,0.00032173125573994497,0.099140468,0.114455848,5,0.975,0.8,0.00776331
12,4,F4,0.09760211399999999,0.00035260459331948465,0.013170434,0.107585208,5,0.975,0.8,0.00776331
12,10,FT7,0.09064354999999999,0.0005667912501971141,-0.058519578,0.104387136,5,0.975,0.8,0.00776331
12,20,TP8,0.089569778,0.000609505359385784,-0.05944973,0.108650976,5,0.975,0.8,0.00776331
12,3,F3,0.08767796600000001,0.0003590110929066135,0.027498758,0.09467696,5,0.975,0.8,0.00776331
12,14,C4,0.086666848,0.0014817052500480591,-0.075560494,0.096949622,5,0.975,0.8,0.00776331
12,19,TP7,0.084951194,0.0007014134940817695,-0.019323596,0.094912502,5,0.975,0.8,0.00776331
12,5,F7,0.08352048999999999,0.0007423963320221862,0.081304072,0.09716825,5,0.975,0.8,0.00776331
12,25,T6,0.081294124,0.0003359963426586647,-0.062485612,0.092661424,5,0.975,0.8,0.00776331
12,11,FT8,0.079616952,0.0006946101526899838,-0.0030718679999999997,0.09688137,5,0.975,0.8,0.00776331
12,1,Fp2,0.078343016,0.0006638658486697475,0.062203372,0.095948434,5,0.975,0.8,0.00776331
12,26,Oz,0.077288892,0.00044219884256971667,0.041915846,0.07953539400000001,5,0.975,0.8,0.00776331
12,6,F8,0.077260868,0.0007604418640632566,-0.028566244,0.078360128,5,0.975,0.8,0.00776331
12,12,Cz,0.076904454,0.0002791613814265804,0.07567014,0.092399862,5,0.975,0.8,0.00776331
12,9,FC4,0.057167199999999994,0.0009412676450935747,-0.057167199999999994,0.07577995200000001,5,0.975,0.8,0.00776331
12,8,FC3,0.031140768000000003,0.00025801405120651937,0.005713912,0.037897674,5,0.975,0.8,0.00776331
13,21,Pz,0.153388608,0.0007378330627723309,0.006500168000000001,0.15356336399999998,5,0.925,0.4,0.006446194
13,28,O2,0.143781852,0.0007369139881424485,-0.023270532,0.14648646199999998,5,0.925,0.4,0.006446194
13,15,T3,0.126402156,0.0006993345600497632,0.126402156,0.131733088,5,0.925,0.4,0.006446194
13,27,O1,0.122488754,0.0012671788817013962,0.056318936,0.132706312,5,0.925,0.4,0.006446194
13,16,T4,0.122275094,0.0003092519200910487,0.013153908,0.134685592,5,0.925,0.4,0.006446194
13,17,CP3,0.12067193999999999,0.0010117089564197776,0.033219986,0.13912092199999998,5,0.925,0.4,0.006446194
13,13,C3,0.11494883199999999,0.0006533135412036063,0.071842232,0.117053718,5,0.925,0.4,0.006446194
13,18,CP4,0.110942024,1.7494902972010032e-05,0.034092246,0.127936112,5,0.925,0.4,0.006446194
13,0,Fp1,0.10995670799999999,0.00033654049335852425,-0.095633012,0.12248110599999999,5,0.925,0.4,0.006446194
13,22,P3,0.108125722,7.091801407258654e-05,0.108125722,0.117074804,5,0.925,0.4,0.006446194
13,24,T5,0.10535911,0.0007237261120755587,0.073374466,0.114915944,5,0.925,0.4,0.006446194
13,23,P4,0.10523560400000001,0.0008546117645925599,-0.09306154800000001,0.11697889799999998,5,0.925,0.4,0.006446194
13,2,Fz,0.104048882,0.0001289137264607613,-0.098754694,0.11774435800000001,5,0.925,0.4,0.006446194
13,7,FCz,0.098813164,0.0002676931139943653,0.098813164,0.11434074999999999,5,0.925,0.4,0.006446194
13,4,F4,0.097558752,1.9573002324632322e-05,0.012133924,0.10803027000000001,5,0.925,0.4,0.006446194
13,10,FT7,0.09069617199999999,0.0005511933781532582,-0.058157274,0.103913962,5,0.925,0.4,0.006446194
13,20,TP8,0.089589308,0.0009393939086826103,-0.059517195999999994,0.10873149600000001,5,0.925,0.4,0.006446194
13,3,F3,0.08753146199999999,0.0004922106224676532,0.027143054,0.09453439999999999,5,0.925,0.4,0.006446194
13,14,C4,0.08564740400000001,1.82226790017296e-05,-0.07554741000000001,0.09643489400000001,5,0.925,0.4,0.006446194
13,19,TP7,0.084418798,1.7490532296078448e-05,-0.018670026,0.09449481200000001,5,0.925,0.4,0.006446194
13,5,F7,0.084378574,0.00047606895181265523,0.08175584,0.09778769000000001,5,0.925,0.4,0.006446194
13,25,T6,0.081055376,0.00013553603904496963,-0.06267840599999999,0.09268609600000001,5,0.925,0.4,0.006446194
13,11,FT8,0.079738034,0.0007227839833449527,-0.003298464,0.09673288599999999,5,0.925,0.4,0.006446194
13,26,Oz,0.07777841599999999,0.00030845724449265333,0.042509158000000005,0.080065352,5,0.925,0.4,0.006446194
13,6,F8,0.077400808,0.0002511833627452218,-0.028735322,0.07848733599999999,5,0.925,0.4,0.006446194
13,1,Fp2,0.077091804,0.0014454723846134194,0.06098844,0.094752192,5,0.925,0.4,0.006446194
13,12,Cz,0.077026588,8.158017847491741e-05,0.075263544,0.092343012,5,0.925,0.4,0.006446194
13,9,FC4,0.058332709999999996,0.000896596176938089,-0.058332709999999996,0.07671091599999999,5,0.925,0.4,0.006446194
13,8,FC3,0.030803663999999998,0.00037309541940366874,0.00540775,0.037653556,5,0.925,0.4,0.006446194
14,21,Pz,0.152649214,0.0007605304781072239,0.006791792,0.15284505799999998,5,0.95,0.6,0.00477407
14,28,O2,0.14433668800000002,0.0004147177252903503,-0.023814754,0.147109862,5,0.95,0.6,0.00477407
14,15,T3,0.12651790799999998,0.0003060774568961294,0.12651790799999998,0.13177065999999998,5,0.95,0.6,0.00477407
14,27,O1,0.122133986,0.0005192390680409149,0.056012398,0.13244817000000003,5,0.95,0.6,0.00477407
14,16,T4,0.121859894,0.00048709110244388556,0.013103976,0.13449371,5,0.95,0.6,0.00477407
14,17,CP3,0.12116377,7.881624673884963e-05,0.033200564,0.13952441399999999,5,0.95,0.6,0.00477407
14,13,C3,0.11515921,0.00018348373361145554,0.072816272,0.117414994,5,0.95,0.6,0.00477407
14,18,CP4,0.11099646,0.00018952425834177394,0.034499886,0.127481918,5,0.95,0.6,0.00477407
14,0,Fp1,0.10958635800000001,0.0004935890098756257,-0.095753568,0.12236760599999999,5,0.95,0.6,0.00477407
14,22,P3,0.108181452,5.361983513588981e-05,0.108181452,0.11725101600000001,5,0.95,0.6,0.00477407
14,24,T5,0.104994996,4.9115522800844364e-05,0.07290956200000001,0.114382442,5,0.95,0.6,0.00477407
14,23,P4,0.10482535200000001,5.920609318304587e-05,-0.09317234,0.116911842,5,0.95,0.6,0.00477407
14,2,Fz,0.103662158,0.0006261787064967959,-0.09778471,0.116926652,5,0.95,0.6,0.00477407
14,7,FCz,0.099279936,0.0006865757282194074,0.099279936,0.114523262,5,0.95,0.6,0.00477407
14,4,F4,0.09760814,0.00012841358981821344,0.012669532,0.10785728400000001,5,0.95,0.6,0.00477407
14,10,FT7,0.090401134,3.840526825840802e-05,-0.058457475999999994,0.10409017999999999,5,0.95,0.6,0.00477407
14,20,TP8,0.08931660999999999,0.0004417472269296164,-0.05937478,0.10845821200000001,5,0.95,0.6,0.00477407
14,3,F3,0.08781932,0.00011588901608866564,0.027733804,0.094451066,5,0.95,0.6,0.00477407
14,14,C4,0.085325558,0.0007142188737144903,-0.075163624,0.09590569200000001,5,0.95,0.6,0.00477407
14,19,TP7,0.08430628,0.00022943457564195024,-0.018873426,0.09450796800000001,5,0.95,0.6,0.00477407
14,5,F7,0.08399377400000001,0.0002522228319958361,0.08155413,0.097518034,5,0.95,0.6,0.00477407
14,25,T6,0.081246448,0.00018753283691129417,-0.062729972,0.09255987,5,0.95,0.6,0.00477407
14,11,FT8,0.080160076,0.00010130117067437876,-0.0036529679999999995,0.097253744,5,0.95,0.6,0.00477407
14,26,Oz,0.07788569399999999,0.0005029677144509418,0.042348580000000004,0.08016272599999999,5,0.95,0.6,0.00477407
14,6,F8,0.077753514,0.0004739466407518933,-0.029083522,0.078818054,5,0.95,0.6,0.00477407
14,1,Fp2,0.07772098000000001,0.0001757873148153757,0.061243031999999996,0.095109098,5,0.95,0.6,0.00477407
14,12,Cz,0.07745344,0.0007860181042126217,0.076029364,0.09298076,5,0.95,0.6,0.00477407
14,9,FC4,0.058031108,0.000267651693194718,-0.058031108,0.076353564,5,0.95,0.6,0.00477407
14,8,FC3,0.031200556,0.00042596221543700564,0.0062877,0.037881979999999996,5,0.95,0.6,0.00477407
15,21,Pz,0.153030578,0.00025205719741756887,0.006082438,0.15318919599999997,5,1.0,1.0,0.008070476
15,28,O2,0.144012072,0.0005406394804026045,-0.023896198,0.146768922,5,1.0,1.0,0.008070476
15,15,T3,0.126747892,0.0002913900977555631,0.126747892,0.13199371,5,1.0,1.0,0.008070476
15,16,T4,0.12193212,0.0002303415661577361,0.013361973999999999,0.134092166,5,1.0,1.0,0.008070476
15,27,O1,0.121673812,0.00032909413952545655,0.05582701999999999,0.13207647800000002,5,1.0,1.0,0.008070476
15,17,CP3,0.12111136200000001,0.00021167531095997273,0.032688037999999996,0.139500256,5,1.0,1.0,0.008070476
15,13,C3,0.115576736,0.00034662505352326306,0.072264754,0.11775345,5,1.0,1.0,0.008070476
15,18,CP4,0.110427108,0.0004594542442616051,0.033914338,0.12738939999999999,5,1.0,1.0,0.008070476
15,0,Fp1,0.10947986400000001,0.00035964545086793865,-0.09592111,0.12243005,5,1.0,1.0,0.008070476
15,22,P3,0.107757324,0.0003828354534653191,0.107757324,0.11713574600000001,5,1.0,1.0,0.008070476
15,23,P4,0.10489480599999998,0.0005740112782254342,-0.09312458,0.11685478199999999,5,1.0,1.0,0.008070476
15,2,Fz,0.10453513,0.0003978404406919949,-0.098245762,0.11769762799999998,5,1.0,1.0,0.008070476
15,24,T5,0.10450514,0.0003771383016878572,0.072258846,0.113760032,5,1.0,1.0,0.008070476
15,7,FCz,0.098566072,0.0005463180622769094,0.098566072,0.113781116,5,1.0,1.0,0.008070476
15,4,F4,0.09798941400000001,0.00038437431480263827,0.01325228,0.10798074199999999,5,1.0,1.0,0.008070476
15,10,FT7,0.090157344,0.00028553242570678505,-0.058116848,0.103816332,5,1.0,1.0,0.008070476
15,20,TP8,0.089489788,0.0005197394082807238,-0.059243882000000005,0.10854232,5,1.0,1.0,0.008070476
15,3,F3,0.08734465999999999,0.00043740610746765114,0.027573614000000003,0.094291106,5,1.0,1.0,0.008070476
15,14,C4,0.08570176,0.0007759385680258434,-0.074788478,0.09592911400000001,5,1.0,1.0,0.008070476
15,5,F7,0.084711066,0.000570605166625748,0.08239654199999999,0.098458068,5,1.0,1.0,0.008070476
15,19,TP7,0.084433144,0.00034179690297017406,-0.01862889,0.094477396,5,1.0,1.0,0.008070476
15,25,T6,0.08135962,0.0002984237111893058,-0.06198760400000001,0.09244271600000001,5,1.0,1.0,0.008070476
15,11,FT8,0.080310878,0.0003050235977264754,-0.003296968,0.09743921999999999,5,1.0,1.0,0.008070476
15,1,Fp2,0.078181902,0.000372256912588603,0.06193321,0.095899342,5,1.0,1.0,0.008070476
15,6,F8,0.077466644,0.000336367308057726,-0.02963854,0.078389714,5,1.0,1.0,0.008070476
15,12,Cz,0.077105482,0.0003687173864492992,0.075822932,0.09278117999999999,5,1.0,1.0,0.008070476
15,26,Oz,0.07699240199999999,0.00044716857662407196,0.041640090000000005,0.079403232,5,1.0,1.0,0.008070476
15,9,FC4,0.05752215000000001,0.0005414298630016625,-0.05752215000000001,0.075941148,5,1.0,1.0,0.008070476
15,8,FC3,0.030994018,0.0003133063394985809,0.005736444,0.037599656,5,1.0,1.0,0.008070476
16,21,Pz,0.15289971,0.00024501520360989653,0.006813952000000001,0.153090694,5,1.0,1.0,0.0028787900000000004
16,28,O2,0.144096494,0.00014646147967982043,-0.023936592,0.146872136,5,1.0,1.0,0.0028787900000000004
16,15,T3,0.126681656,5.4530696676276355e-05,0.126681656,0.13198306799999998,5,1.0,1.0,0.0028787900000000004
16,16,T4,0.122241882,0.00030362071128300683,0.01312329,0.13464918399999998,5,1.0,1.0,0.0028787900000000004
16,27,O1,0.12153828600000001,0.0006359313624755464,0.055931617999999995,0.131935052,5,1.0,1.0,0.0028787900000000004
16,17,CP3,0.121099954,2.2324660803691197e-05,0.03299255399999999,0.13947180399999998,5,1.0,1.0,0.0028787900000000004
16,13,C3,0.11536955199999999,0.000289568909018216,0.072683748,0.117557684,5,1.0,1.0,0.0028787900000000004
16,18,CP4,0.11128552200000001,0.0006991021444109596,0.03470632,0.127889046,5,1.0,1.0,0.0028787900000000004
16,0,Fp1,0.109587448,0.000403891206044401,-0.095808478,0.122338332,5,1.0,1.0,0.0028787900000000004
16,22,P3,0.10824105399999999,0.00010152651983594956,0.10824105399999999,0.11743463400000001,5,1.0,1.0,0.0028787900000000004
16,24,T5,0.10494352200000001,0.0001415472121590559,0.07314328,0.11421133400000001,5,1.0,1.0,0.0028787900000000004
16,23,P4,0.104898754,0.0002817064524110206,-0.092965144,0.116807968,5,1.0,1.0,0.0028787900000000004
16,2,Fz,0.103989788,6.269487395313876e-05,-0.098128666,0.11729916999999998,5,1.0,1.0,0.0028787900000000004
16,7,FCz,0.09913166200000001,0.0002884634117526878,0.09913166200000001,0.11429355000000001,5,1.0,1.0,0.0028787900000000004
16,4,F4,0.09737203,0.00034001594102336084,0.012495602,0.10754277000000001,5,1.0,1.0,0.0028787900000000004
16,10,FT7,0.09036918000000001,9.24495854506666e-05,-0.058225124,0.104039602,5,1.0,1.0,0.0028787900000000004
16,20,TP8,0.08930613000000001,0.000306077187242036,-0.059448784,0.108486354,5,1.0,1.0,0.0028787900000000004
16,3,F3,0.087605546,0.0003473223139678764,0.027604224,0.094336356,5,1.0,1.0,0.0028787900000000004
16,14,C4,0.08577242199999999,0.00024111122914538278,-0.07507837399999999,0.096118708,5,1.0,1.0,0.0028787900000000004
16,19,TP7,0.08449424000000001,0.0001566244058248876,-0.018763099999999998,0.094420134,5,1.0,1.0,0.0028787900000000004
16,5,F7,0.083971398,0.0002802694876721365,0.081693512,0.09763746,5,1.0,1.0,0.0028787900000000004
16,25,T6,0.081211744,0.00010342708823127061,-0.062591774,0.09259838000000001,5,1.0,1.0,0.0028787900000000004
16,11,FT8,0.080036162,6.504346754287465e-05,-0.003638112,0.096994076,5,1.0,1.0,0.0028787900000000004
16,1,Fp2,0.07788668000000001,0.00010980164183654153,0.06126894200000001,0.09547612400000001,5,1.0,1.0,0.0028787900000000004
16,6,F8,0.07753436799999999,9.872416887470075e-05,-0.02911801,0.07854010600000001,5,1.0,1.0,0.0028787900000000004
16,26,Oz,0.07752020600000001,0.00022661759547748912,0.04213461,0.079925464,5,1.0,1.0,0.0028787900000000004
16,12,Cz,0.07714445,0.00016270564157398125,0.075969844,0.09278283600000001,5,1.0,1.0,0.0028787900000000004
16,9,FC4,0.057936042,0.00012898490791561623,-0.057936042,0.076220598,5,1.0,1.0,0.0028787900000000004
16,8,FC3,0.031109368,0.0002478081730290581,0.00614534,0.037610154,5,1.0,1.0,0.0028787900000000004
17,21,Pz,0.153008562,4.889379837975575e-05,0.006648668000000001,0.153194462,5,0.975,0.8,0.00127319
17,28,O2,0.14416266,7.741268662175812e-05,-0.023792861999999998,0.146899932,5,0.975,0.8,0.00127319
17,15,T3,0.126669318,0.00010361679627357683,0.126669318,0.131949406,5,0.975,0.8,0.00127319
17,16,T4,0.122087792,2.828787761568439e-05,0.013177288,0.13449870800000002,5,0.975,0.8,0.00127319
17,27,O1,0.121848026,6.296827915705585e-05,0.056032654,0.132196416,5,0.975,0.8,0.00127319
17,17,CP3,0.121130086,4.827771204189234e-05,0.032843741999999995,0.139513636,5,0.975,0.8,0.00127319
17,13,C3,0.11521970399999999,5.501592569429064e-05,0.072545696,0.117429432,5,0.975,0.8,0.00127319
17,18,CP4,0.11086177,0.00011656528020812675,0.034420246,0.12752929600000001,5,0.975,0.8,0.00127319
17,0,Fp1,0.10975266800000001,8.834850179827612e-05,-0.09574066,0.122474748,5,0.975,0.8,0.00127319
17,22,P3,0.10808503,0.00010046313030161636,0.10808503,0.11730164000000001,5,0.975,0.8,0.00127319
17,24,T5,0.105021966,2.249102665508932e-05,0.07324367400000001,0.114376784,5,0.975,0.8,0.00127319
17,23,P4,0.10487100199999999,6.408113895679446e-05,-0.09314912,0.116873716,5,0.975,0.8,0.00127319
17,2,Fz,0.104006758,3.9041966779350824e-05,-0.098259856,0.117385428,5,0.975,0.8,0.00127319
17,7,FCz,0.09899666,7.747940887746462e-05,0.09899666,0.11421135,5,0.975,0.8,0.00127319
17,4,F4,0.097545894,4.064522825621925e-05,0.012575606,0.10772806400000001,5,0.975,0.8,0.00127319
17,10,FT7,0.090351606,6.302133987785529e-05,-0.058232822000000004,0.10396707599999999,5,0.975,0.8,0.00127319
17,20,TP8,0.089101686,4.500021977724255e-05,-0.05942511,0.10831127,5,0.975,0.8,0.00127319
17,3,F3,0.08781000800000001,6.219357820547081e-05,0.027664762,0.094552452,5,0.975,0.8,0.00127319
17,14,C4,0.085764348,0.00011242342069159898,-0.075219992,0.096208914,5,0.975,0.8,0.00127319
17,19,TP7,0.084484072,0.00010884472986782635,-0.01879913,0.09445111399999999,5,0.975,0.8,0.00127319
17,5,F7,0.08415561,7.496729286828959e-05,0.081802064,0.097804054,5,0.975,0.8,0.00127319
17,25,T6,0.081182842,0.0001541964928913762,-0.062435432,0.09244366,5,0.975,0.8,0.00127319
17,11,FT8,0.080053652,5.948199114017973e-05,-0.0035773199999999997,0.097135426,5,0.975,0.8,0.00127319
17,1,Fp2,0.07785743199999999,5.432561845022892e-05,0.061420582,0.095404838,5,0.975,0.8,0.00127319
17,26,Oz,0.077605096,4.5753737880090966e-05,0.04218975,0.079973148,5,0.975,0.8,0.00127319
17,6,F8,0.07744865599999999,5.6045311846759376e-05,-0.029121668,0.078454566,5,0.975,0.8,0.00127319
17,12,Cz,0.07706788,5.983772263380401e-05,0.07568091800000001,0.092589408,5,0.975,0.8,0.00127319
17,9,FC4,0.057901026,7.427864349865274e-05,-0.057901026,0.07614696800000001,5,0.975,0.8,0.00127319
17,8,FC3,0.03098629,2.1947796016913357e-05,0.00609366,0.037614488,5,0.975,0.8,0.00127319
18,21,Pz,0.153441096,0.0005091588630574959,0.006498386,0.15360990600000002,5,0.925,0.6,0.010859794
18,28,O2,0.144234952,0.00023375848213487278,-0.02260525,0.14675866399999998,5,0.925,0.6,0.010859794
18,15,T3,0.12583545599999998,0.0009184567423020048,0.12583545599999998,0.13124938,5,0.925,0.6,0.010859794
18,27,O1,0.123510742,0.0017952910772546103,0.056917841999999996,0.133727578,5,0.925,0.6,0.010859794
18,16,T4,0.12135749200000001,0.0009470318323953087,0.012945724,0.133623138,5,0.925,0.6,0.010859794
18,17,CP3,0.12078476,0.0006580808261908258,0.032116136,0.139360392,5,0.925,0.6,0.010859794
18,13,C3,0.114580796,0.0007185408607240055,0.071705006,0.116811676,5,0.925,0.6,0.010859794
18,18,CP4,0.11048582200000001,0.0007295446143794085,0.034021666,0.127244542,5,0.925,0.6,0.010859794
18,0,Fp1,0.11009042399999999,0.00032102498669106977,-0.09591031,0.12286532000000001,5,0.925,0.6,0.010859794
18,22,P3,0.107679296,0.0004274177270890887,0.107679296,0.116940146,5,0.925,0.6,0.010859794
18,24,T5,0.104707658,0.00043614185636097505,0.073707798,0.11436417000000001,5,0.925,0.6,0.010859794
18,23,P4,0.104663438,0.0004535389470265975,-0.093426668,0.116816768,5,0.925,0.6,0.010859794
18,2,Fz,0.10444419199999999,0.0006204234835739248,-0.098810984,0.118068956,5,0.925,0.6,0.010859794
18,7,FCz,0.098240684,0.0009282582990902919,0.098240684,0.11386918399999998,5,0.925,0.6,0.010859794
18,4,F4,0.097370606,0.00016933758658372293,0.012903198,0.1074571,5,0.925,0.6,0.010859794
18,10,FT7,0.09122707599999999,0.0008448803548313828,-0.05825353,0.10424794200000001,5,0.925,0.6,0.010859794
18,20,TP8,0.088820246,0.0006723470577610896,-0.05823376,0.10738649,5,0.925,0.6,0.010859794
18,3,F3,0.088031578,0.0002228755251704388,0.026959976000000004,0.094839404,5,0.925,0.6,0.010859794
18,14,C4,0.085974802,0.0006247341407911057,-0.075324298,0.096381046,5,0.925,0.6,0.010859794
18,19,TP7,0.084175842,0.00041089604873982414,-0.018430343999999998,0.09410906599999999,5,0.925,0.6,0.010859794
18,5,F7,0.083307306,0.0009459979172175769,0.080924456,0.096758436,5,0.925,0.6,0.010859794
18,25,T6,0.08084337999999999,0.00036377685344177397,-0.061316038,0.09163071,5,0.925,0.6,0.010859794
18,11,FT8,0.080303706,0.0007408656637204852,-0.0030969179999999997,0.097805924,5,0.925,0.6,0.010859794
18,26,Oz,0.078713852,0.0013286948938225074,0.043048041999999995,0.08103439999999999,5,0.925,0.6,0.010859794
18,1,Fp2,0.077906646,0.00010359462500535732,0.061804172000000004,0.09571730199999999,5,0.925,0.6,0.010859794
18,12,Cz,0.077626038,0.0005772236179506165,0.07560832399999999,0.092744912,5,0.925,0.6,0.010859794
18,6,F8,0.077379358,0.0003732983764631195,-0.029912381999999998,0.078347876,5,0.925,0.6,0.010859794
18,9,FC4,0.05712379199999999,0.0007852241314873108,-0.05712379199999999,0.07532657400000001,5,0.925,0.6,0.010859794
18,8,FC3,0.030028318,0.0010086295773077437,0.005408056,0.037034001999999996,5,0.925,0.6,0.010859794
19,21,Pz,0.152881646,0.0006419253541339494,0.007432752000000001,0.153104318,5,0.975,0.8,0.010751504
19,28,O2,0.14462708200000002,0.0007739942852631372,-0.023589984,0.14735979800000001,5,0.975,0.8,0.010751504
19,15,T3,0.127881044,0.0015924301390108188,0.127881044,0.13314088,5,0.975,0.8,0.010751504
19,27,O1,0.12229118800000001,0.0008542046882158892,0.05695606599999999,0.132801472,5,0.975,0.8,0.010751504
19,16,T4,0.121615692,0.0006551273214574374,0.013257866000000002,0.134145768,5,0.975,0.8,0.010751504
19,17,CP3,0.12091221199999999,0.0005891442103339368,0.033315396,0.139575372,5,0.975,0.8,0.010751504
19,13,C3,0.115614262,0.0006098865597141816,0.072813398,0.11785575200000001,5,0.975,0.8,0.010751504
19,18,CP4,0.110652522,0.0008779558936928486,0.034451292,0.12772531199999998,5,0.975,0.8,0.010751504
19,0,Fp1,0.10937457399999999,0.0006935221579589215,-0.096156728,0.12255486200000001,5,0.975,0.8,0.010751504
19,22,P3,0.108747424,0.0010084135785132975,0.108747424,0.11785055,5,0.975,0.8,0.010751504
19,24,T5,0.10531578800000001,0.0007277592118413893,0.074311644,0.114834174,5,0.975,0.8,0.010751504
19,23,P4,0.10469555400000001,0.0005877719148870616,-0.093268602,0.116660418,5,0.975,0.8,0.010751504
19,2,Fz,0.103878304,0.00026102530266240546,-0.098917772,0.117615744,5,0.975,0.8,0.010751504
19,7,FCz,0.098378124,0.0012512689525757414,0.098378124,0.113482656,5,0.975,0.8,0.010751504
19,4,F4,0.097244926,0.0004144651968259776,0.012040554,0.107464522,5,0.975,0.8,0.010751504
19,10,FT7,0.09030592600000001,0.000289537413610052,-0.057464629999999996,0.103846458,5,0.975,0.8,0.010751504
19,20,TP8,0.089289432,0.0010653913820610754,-0.059454044000000004,0.10859934600000001,5,0.975,0.8,0.010751504
19,3,F3,0.087297232,0.0006125917551844803,0.027462698,0.093858616,5,0.975,0.8,0.010751504
19,14,C4,0.085991042,0.0007271441013100499,-0.075450612,0.096755508,5,0.975,0.8,0.010751504
19,5,F7,0.084713228,0.001294823731138724,0.08205597,0.09838516,5,0.975,0.8,0.010751504
19,19,TP7,0.08464107400000001,0.000407298876170807,-0.01756683,0.09422179,5,0.975,0.8,0.010751504
19,25,T6,0.08118268399999999,0.00048524723428371917,-0.062342724,0.092311506,5,0.975,0.8,0.010751504
19,11,FT8,0.081100858,0.0013477382467192939,-0.0033003779999999996,0.098253848,5,0.975,0.8,0.010751504
19,1,Fp2,0.077754774,0.0008326723614543683,0.060509458,0.09520181,5,0.975,0.8,0.010751504
19,26,Oz,0.077625062,0.0002260896528371036,0.042826714,0.080036478,5,0.975,0.8,0.010751504
19,12,Cz,0.07651334,0.0007717258598751242,0.075057784,0.09196938800000001,5,0.975,0.8,0.010751504
19,6,F8,0.07646871,0.0013622987710300522,-0.028895334,0.07744099200000001,5,0.975,0.8,0.010751504
19,9,FC4,0.0578225,0.0005769405378806383,-0.0578225,0.07671129,5,0.975,0.8,0.010751504
19,8,FC3,0.030772544000000002,0.0005625667989492456,0.005988682,0.037396338,5,0.975,0.8,0.010751504
2,21,Pz,0.153214672,0.000741656394612751,0.004753432,0.15334441999999998,5,0.825,0.2,0.021373298
2,28,O2,0.143031734,0.0011015684965902032,-0.024601472,0.145853598,5,0.825,0.2,0.021373298
2,15,T3,0.1273443,0.00043816789944038436,0.1273443,0.131988004,5,0.825,0.2,0.021373298
2,27,O1,0.12320762,0.0007833011542184719,0.056054372,0.133008132,5,0.825,0.2,0.021373298
2,16,T4,0.12260660400000001,0.0004571692826842181,0.014051132,0.13430358199999998,5,0.825,0.2,0.021373298
2,17,CP3,0.121419158,0.0002757182076323507,0.030615286,0.139197094,5,0.825,0.2,0.021373298
2,13,C3,0.11503147799999999,0.00033295789564147493,0.070730892,0.11683104799999999,5,0.825,0.2,0.021373298
2,18,CP4,0.11086557999999999,0.0009809610142100468,0.033032314,0.128253118,5,0.825,0.2,0.021373298
2,0,Fp1,0.11001866200000002,0.001260691813239859,-0.09474669599999999,0.12232878,5,0.825,0.2,0.021373298
2,24,T5,0.10618055,0.000752137392734866,0.07353899,0.116166502,5,0.825,0.2,0.021373298
2,22,P3,0.10617293000000001,0.0012280335577051673,0.10617293000000001,0.11572723,5,0.825,0.2,0.021373298
2,23,P4,0.105319474,0.00033109550575324885,-0.094366354,0.11772864000000001,5,0.825,0.2,0.021373298
2,2,Fz,0.102598814,0.0009766145125534428,-0.09852963,0.11678740800000001,5,0.825,0.2,0.021373298
2,4,F4,0.09854186000000001,0.0006049696164684657,0.012727778,0.109148718,5,0.825,0.2,0.021373298
2,7,FCz,0.09843839400000001,0.0008574946325954402,0.09843839400000001,0.11445517600000002,5,0.825,0.2,0.021373298
2,10,FT7,0.09133099,0.0006146692608631078,-0.057837026,0.10367491399999999,5,0.825,0.2,0.021373298
2,3,F3,0.08798272,0.0002126115734149997,0.028186758,0.094789216,5,0.825,0.2,0.021373298
2,20,TP8,0.087084642,0.0012451765719447194,-0.059131604000000004,0.106536606,5,0.825,0.2,0.021373298
2,5,F7,0.08554201,0.0009444867818291614,0.08221455,0.09849070600000001,5,0.825,0.2,0.021373298
2,14,C4,0.085495456,0.0010309072936641795,-0.075831736,0.096497138,5,0.825,0.2,0.021373298
2,19,TP7,0.084453436,0.00022928041734958417,-0.01860233,0.094843122,5,0.825,0.2,0.021373298
2,25,T6,0.082267016,0.0011702356753363753,-0.062235682,0.093050882,5,0.825,0.2,0.021373298
2,11,FT8,0.080325154,0.0007282930348973575,-0.0023998220000000002,0.09722940399999999,5,0.825,0.2,0.021373298
2,26,Oz,0.077805236,0.0004302071747774511,0.041519486,0.080021782,5,0.825,0.2,0.021373298
2,12,Cz,0.07744905199999999,0.00043949479333662975,0.075572774,0.093268744,5,0.825,0.2,0.021373298
2,6,F8,0.077213842,0.000393987944574451,-0.027786522,0.07846630800000001,5,0.825,0.2,0.021373298
2,1,Fp2,0.07707156200000001,0.0005203688020721475,0.06190720400000001,0.09435961,5,0.825,0.2,0.021373298
2,9,FC4,0.057648885999999996,0.0005447863878897842,-0.057648885999999996,0.075886272,5,0.825,0.2,0.021373298
2,8,FC3,0.031454626,0.0004643577110698163,0.006234502,0.037602738000000004,5,0.825,0.2,0.021373298
20,21,Pz,0.15293701799999998,0.0005418894203340933,0.0055382140000000005,0.153111862,5,0.95,0.6,0.014116436
20,28,O2,0.14371266,0.0004441416420467803,-0.024408649999999997,0.146616248,5,0.95,0.6,0.014116436
20,15,T3,0.127775368,0.000921938877648615,0.127775368,0.13272077200000001,5,0.95,0.6,0.014116436
20,16,T4,0.12259672399999999,0.0004609209362569664,0.013480971999999999,0.13503194400000001,5,0.95,0.6,0.014116436
20,27,O1,0.122339208,0.0005673279664973364,0.055703354000000004,0.133230418,5,0.95,0.6,0.014116436
20,17,CP3,0.12102357999999999,9.797072879181581e-05,0.032712766000000004,0.138763692,5,0.95,0.6,0.014116436
20,13,C3,0.11432523400000001,0.000912497977110084,0.072190076,0.116538378,5,0.95,0.6,0.014116436
20,18,CP4,0.110670966,0.00034292355836250177,0.033351046,0.127652758,5,0.95,0.6,0.014116436
20,0,Fp1,0.10936094,0.0005884545317184692,-0.094715598,0.12190476400000001,5,0.95,0.6,0.014116436
20,22,P3,0.10767592,0.0007178597603989217,0.10767592,0.11742175800000001,5,0.95,0.6,0.014116436
20,24,T5,0.105089104,0.0006680953803387629,0.07303353,0.11469201600000001,5,0.95,0.6,0.014116436
20,23,P4,0.10474138200000001,0.00020598909235685703,-0.094013948,0.117105872,5,0.95,0.6,0.014116436
20,2,Fz,0.103954174,0.0007057619606354569,-0.09845058799999999,0.11755981,5,0.95,0.6,0.014116436
20,7,FCz,0.098104638,0.0010078831615668558,0.098104638,0.11370356200000001,5,0.95,0.6,0.014116436
20,4,F4,0.09693078,0.0006498954249338871,0.012590456,0.10715271200000001,5,0.95,0.6,0.014116436
20,10,FT7,0.08923363399999999,0.0010903278961532643,-0.057143126,0.102936556,5,0.95,0.6,0.014116436
20,20,TP8,0.0884419,0.0010148196354525232,-0.059586457999999995,0.10787111,5,0.95,0.6,0.014116436
20,3,F3,0.087992916,0.00039216181211331467,0.027998415999999998,0.095068762,5,0.95,0.6,0.014116436
20,14,C4,0.085607286,0.00018902982603282193,-0.07604973400000001,0.096530844,5,0.95,0.6,0.014116436
20,5,F7,0.085345408,0.0013654233059641238,0.082686148,0.09906535400000001,5,0.95,0.6,0.014116436
20,19,TP7,0.084969096,0.000697791928500182,-0.018288224,0.095216398,5,0.95,0.6,0.014116436
20,25,T6,0.08119089,0.0008641209906893741,-0.0624761,0.092643514,5,0.95,0.6,0.014116436
20,6,F8,0.079145524,0.0014733118843204948,-0.02970563,0.08017881,5,0.95,0.6,0.014116436
20,11,FT8,0.07880877,0.0011185536816800533,-0.003359896,0.09574933399999999,5,0.95,0.6,0.014116436
20,1,Fp2,0.078449568,0.0006976072371112569,0.062447964,0.095854304,5,0.95,0.6,0.014116436
20,26,Oz,0.07636696000000001,0.0011249128739818002,0.041471064,0.07879109799999999,5,0.95,0.6,0.014116436
20,12,Cz,0.076256074,0.0008751347771514917,0.07467216400000001,0.09156818600000001,5,0.95,0.6,0.014116436
20,9,FC4,0.058643138000000004,0.0007419845471908449,-0.058643138000000004,0.07655221999999999,5,0.95,0.6,0.014116436
20,8,FC3,0.032085976,0.0012787755971553408,0.006086722,0.039050498,5,0.95,0.6,0.014116436
21,21,Pz,0.153574186,0.0006184442025599357,0.008292457999999999,0.153840142,5,0.975,0.8,0.018645928
21,28,O2,0.14411961199999998,0.0009948734430670076,-0.024953528,0.147158858,5,0.975,0.8,0.018645928
21,15,T3,0.126766632,0.0008086947978811269,0.126766632,0.13191095000000003,5,0.975,0.8,0.018645928
21,16,T4,0.12211348,0.0004892473550260642,0.011827334,0.13460912,5,0.975,0.8,0.018645928
21,27,O1,0.12150625,0.0005194697646158044,0.05444945599999999,0.13218842,5,0.975,0.8,0.018645928
21,17,CP3,0.12108534,0.0005979815982536558,0.034918318,0.139916906,5,0.975,0.8,0.018645928
21,13,C3,0.11620861200000002,0.0005152919093775882,0.074465668,0.118666142,5,0.975,0.8,0.018645928
21,18,CP4,0.112415906,0.0007894304869207953,0.035206794,0.128842864,5,0.975,0.8,0.018645928
21,0,Fp1,0.111570816,0.0011021969680279466,-0.0970399,0.12415923,5,0.975,0.8,0.018645928
21,22,P3,0.11005818,0.000805994865647416,0.11005818,0.118897962,5,0.975,0.8,0.018645928
21,23,P4,0.10588164200000001,0.0007855103509629915,-0.093804318,0.117748198,5,0.975,0.8,0.018645928
21,2,Fz,0.104058794,0.0010813434204636364,-0.097505798,0.11700106400000002,5,0.975,0.8,0.018645928
21,24,T5,0.10301409399999999,0.0006397942149472772,0.07182807,0.112499948,5,0.975,0.8,0.018645928
21,7,FCz,0.10043465199999999,0.0009089414489503733,0.10043465199999999,0.115101806,5,0.975,0.8,0.018645928
21,4,F4,0.097117338,0.00047671148509345314,0.013032256,0.106830978,5,0.975,0.8,0.018645928
21,10,FT7,0.090168502,0.00028270688012498204,-0.058689968,0.104079416,5,0.975,0.8,0.018645928
21,20,TP8,0.08945381599999999,0.0005479557110570179,-0.061051051999999995,0.10949945800000001,5,0.975,0.8,0.018645928
21,3,F3,0.087120172,0.0007317108618983343,0.028130674,0.094103408,5,0.975,0.8,0.018645928
21,14,C4,0.08455153600000001,0.0007087055924571182,-0.073462872,0.094482862,5,0.975,0.8,0.018645928
21,5,F7,0.08371426800000001,0.0009054035046707035,0.08070870599999999,0.097136572,5,0.975,0.8,0.018645928
21,19,TP7,0.083435722,0.0005446084506505502,-0.020119935999999998,0.09326928400000001,5,0.975,0.8,0.018645928
21,25,T6,0.08229705200000001,0.0005191158688289094,-0.063917996,0.093834526,5,0.975,0.8,0.018645928
21,11,FT8,0.07988483799999999,0.0005697388468149296,-0.0026978840000000002,0.09695885600000001,5,0.975,0.8,0.018645928
21,12,Cz,0.077214944,0.0003878048009372727,0.076905846,0.09341316399999999,5,0.975,0.8,0.018645928
21,26,Oz,0.077208236,0.0013519207372216782,0.0424562,0.079402854,5,0.975,0.8,0.018645928
21,6,F8,0.07627348,0.0007948009949666659,-0.028722031999999998,0.07720615,5,0.975,0.8,0.018645928
21,1,Fp2,0.075600916,0.0011256687411401287,0.06005007999999999,0.093324244,5,0.975,0.8,0.018645928
21,9,FC4,0.056034366,0.0010813359230276225,-0.056034366,0.07443169200000001,5,0.975,0.8,0.018645928
21,8,FC3,0.031572744,0.0004937986178392973,0.005382246,0.038730052,5,0.975,0.8,0.018645928
22,21,Pz,0.15251782600000002,0.0005715573726495042,0.005498198,0.152708304,5,0.875,0.2,0.023419922
22,28,O2,0.14567717200000002,0.0009467148459119135,-0.023560058000000002,0.148343154,5,0.875,0.2,0.023419922
22,15,T3,0.12856564399999998,0.0002382225448608884,0.12856564399999998,0.133988,5,0.875,0.2,0.023419922
22,27,O1,0.122733026,0.001188184735039127,0.056264718000000005,0.13291081600000001,5,0.875,0.2,0.023419922
22,17,CP3,0.121986934,0.00041667823848864444,0.032351924,0.139376694,5,0.875,0.2,0.023419922
22,16,T4,0.121527038,0.0009982546153261666,0.013380165999999999,0.134179152,5,0.875,0.2,0.023419922
22,13,C3,0.11507266600000002,0.001126194472184981,0.071469162,0.117346616,5,0.875,0.2,0.023419922
22,18,CP4,0.10987943600000001,0.001150254602438086,0.03324709,0.126883338,5,0.875,0.2,0.023419922
22,0,Fp1,0.10974122400000001,0.0006485083042105176,-0.093966978,0.122005418,5,0.875,0.2,0.023419922
22,22,P3,0.10724499800000001,0.0006674223142583676,0.10724499800000001,0.11684415399999999,5,0.875,0.2,0.023419922
22,24,T5,0.10449124400000001,0.00030799479740735924,0.07434534200000001,0.114711486,5,0.875,0.2,0.023419922
22,2,Fz,0.10422986999999999,0.0010211036745845167,-0.099580954,0.118196232,5,0.875,0.2,0.023419922
22,23,P4,0.10398067600000001,0.000658445005471226,-0.094233758,0.116789016,5,0.875,0.2,0.023419922
22,7,FCz,0.09722468399999999,0.00037193476360781325,0.09722468399999999,0.11268177399999998,5,0.875,0.2,0.023419922
22,4,F4,0.095530026,0.000887134549789378,0.011426071999999999,0.105879858,5,0.875,0.2,0.023419922
22,20,TP8,0.090564536,0.001091718796590951,-0.05904463,0.10947261400000001,5,0.875,0.2,0.023419922
22,10,FT7,0.089173806,0.0005016733208772392,-0.05625213999999999,0.102891832,5,0.875,0.2,0.023419922
22,3,F3,0.087160036,0.0013175532491060847,0.028257132,0.093442178,5,0.875,0.2,0.023419922
22,14,C4,0.0870163,0.0009709015618743253,-0.076390178,0.09773107,5,0.875,0.2,0.023419922
22,5,F7,0.085107904,0.0011740012397267754,0.081466748,0.098651948,5,0.875,0.2,0.023419922
22,19,TP7,0.08270571,0.00027060770859308494,-0.01756862,0.09229187800000001,5,0.875,0.2,0.023419922
22,25,T6,0.08190760799999999,0.0008609626661882615,-0.06206048200000001,0.092379312,5,0.875,0.2,0.023419922
22,11,FT8,0.080266766,0.0004446053867532457,-0.002954032,0.097126404,5,0.875,0.2,0.023419922
22,26,Oz,0.07867344600000001,0.0004150060890276235,0.04228671,0.080628784,5,0.875,0.2,0.023419922
22,1,Fp2,0.078013922,0.000959436228949064,0.062265242,0.09536154599999999,5,0.875,0.2,0.023419922
22,6,F8,0.07689908599999999,0.0007086144952864,-0.029128836,0.077932188,5,0.875,0.2,0.023419922
22,12,Cz,0.075090254,0.0005453867721443212,0.0732098,0.090083362,5,0.875,0.2,0.023419922
22,9,FC4,0.058889338,0.0006551077219205991,-0.058889338,0.077492026,5,0.875,0.2,0.023419922
22,8,FC3,0.029714316,0.0006359616702915365,0.006000896,0.03610613,5,0.875,0.2,0.023419922
23,21,Pz,0.153055006,4.560219325866515e-05,0.0067003900000000005,0.15324399,5,0.975,0.8,0.00072192
23,28,O2,0.144133378,5.214556615859187e-05,-0.023729536000000002,0.146858536,5,0.975,0.8,0.00072192
23,15,T3,0.12673478,4.0000000624997494e-05,0.12673478,0.131983202,5,0.975,0.8,0.00072192
23,16,T4,0.12212759200000001,3.999750017188948e-05,0.013323950000000001,0.134538532,5,0.975,0.8,0.00072192
23,27,O1,0.121870126,5.2152469069066085e-05,0.056099029999999994,0.132221744,5,0.975,0.8,0.00072192
23,17,CP3,0.12111638799999999,3.346281548226489e-05,0.032951544,0.13951074800000002,5,0.975,0.8,0.00072192
23,13,C3,0.115230898,4.000500056242948e-05,0.07250848800000001,0.117421496,5,0.975,0.8,0.00072192
23,18,CP4,0.11088513600000001,3.346221794800662e-05,0.03450149,0.127518398,5,0.975,0.8,0.00072192
23,0,Fp1,0.10982274,5.366563145999354e-05,-0.095859206,0.122576876,5,0.975,0.8,0.00072192
23,22,P3,0.10817346800000001,2.1883416552272158e-05,0.10817346800000001,0.117377438,5,0.975,0.8,0.00072192
23,24,T5,0.10496555599999999,2.8277202478324218e-05,0.073256834,0.11436222600000001,5,0.975,0.8,0.00072192
23,23,P4,0.10482141199999999,3.346580374053399e-05,-0.09304731200000001,0.116794408,5,0.975,0.8,0.00072192
23,2,Fz,0.10398575400000001,2.1903425074629043e-05,-0.0983555,0.11743197000000001,5,0.975,0.8,0.00072192
23,7,FCz,0.098924886,3.3465206259636384e-05,0.098924886,0.11420978,5,0.975,0.8,0.00072192
23,4,F4,0.097580832,1.789301595595741e-05,0.01250802,0.10781235,5,0.975,0.8,0.00072192
23,10,FT7,0.09045979600000001,3.999750029689758e-05,-0.05824222799999999,0.10399318799999999,5,0.975,0.8,0.00072192
23,20,TP8,0.08908746,4.381780460041372e-05,-0.059329401999999996,0.10824475600000001,5,0.975,0.8,0.00072192
23,3,F3,0.08778667,5.365445135308007e-05,0.027571196,0.094562434,5,0.975,0.8,0.00072192
23,14,C4,0.08559087400000001,2.1905251196910347e-05,-0.0751006,0.09603974800000001,5,0.975,0.8,0.00072192
23,19,TP7,0.08442771,2.8284271247461157e-05,-0.01871549,0.09438692,5,0.975,0.8,0.00072192
23,5,F7,0.08408985799999999,4.5608332791281424e-05,0.081652756,0.097677054,5,0.975,0.8,0.00072192
23,25,T6,0.081149498,2.1907076938743735e-05,-0.062356532,0.09239269800000001,5,0.975,0.8,0.00072192
23,11,FT8,0.08009118800000001,2.8287806913938132e-05,-0.003505798,0.097160594,5,0.975,0.8,0.00072192
23,1,Fp2,0.077784186,2.191255416421834e-05,0.061310180000000006,0.095309378,5,0.975,0.8,0.00072192
23,26,Oz,0.07759676,2.190890230020121e-05,0.04225159,0.079980422,5,0.975,0.8,0.00072192
23,6,F8,0.077468068,3.577261550404176e-05,-0.02914246,0.07846689,5,0.975,0.8,0.00072192
23,12,Cz,0.07703624,2.190890230020496e-05,0.075691654,0.092582884,5,0.975,0.8,0.00072192
23,9,FC4,0.057891740000000004,4.8989794855664755e-05,-0.057891740000000004,0.076173726,5,0.975,0.8,0.00072192
23,8,FC3,0.030966274,3.5774851921426795e-05,0.005990126,0.037637838,5,0.975,0.8,0.00072192
24,21,Pz,0.152807944,0.00027568789043047696,0.006831785999999999,0.15300229999999998,5,0.975,0.8,0.005870632000000001
24,28,O2,0.144360796,0.00030342301779859174,-0.023583428,0.14702120000000002,5,0.975,0.8,0.005870632000000001
24,15,T3,0.126165726,0.000847085428206624,0.126165726,0.13143818999999998,5,0.975,0.8,0.005870632000000001
24,16,T4,0.1218619,0.00042013388687417035,0.013427362000000002,0.134508952,5,0.975,0.8,0.005870632000000001
24,27,O1,0.121660418,0.0005544977648918044,0.056060022,0.132023338,5,0.975,0.8,0.005870632000000001
24,17,CP3,0.121216718,0.00018738773164217874,0.032398857999999996,0.13944994400000002,5,0.975,0.8,0.005870632000000001
24,13,C3,0.11483633600000001,0.0006123784683347391,0.072206346,0.117013078,5,0.975,0.8,0.005870632000000001
24,18,CP4,0.111367586,0.00073011901661989,0.034781718,0.12805708799999999,5,0.975,0.8,0.005870632000000001
24,0,Fp1,0.109185648,0.0010377548145250846,-0.095325,0.121900066,5,0.975,0.8,0.005870632000000001
24,22,P3,0.108103068,0.00023908166600556684,0.108103068,0.11753415599999999,5,0.975,0.8,0.005870632000000001
24,24,T5,0.10518573,0.00019895459130162905,0.073311156,0.114518436,5,0.975,0.8,0.005870632000000001
24,23,P4,0.104835096,0.0003521202178660019,-0.09267404,0.11656431600000002,5,0.975,0.8,0.005870632000000001
24,2,Fz,0.10404829200000001,0.0001526650140667501,-0.09802045200000001,0.117297948,5,0.975,0.8,0.005870632000000001
24,7,FCz,0.09917779,0.00030390142669951814,0.09917779,0.11456917200000001,5,0.975,0.8,0.005870632000000001
24,4,F4,0.097639362,0.0002323019025320296,0.013072334,0.107584474,5,0.975,0.8,0.005870632000000001
24,10,FT7,0.090455944,9.922636257567661e-05,-0.058656348000000004,0.103881296,5,0.975,0.8,0.005870632000000001
24,20,TP8,0.089334028,0.00025935690075646576,-0.059498322000000006,0.10855074,5,0.975,0.8,0.005870632000000001
24,3,F3,0.088033206,0.00047709464079991417,0.027448012,0.094730764,5,0.975,0.8,0.005870632000000001
24,14,C4,0.08557225399999999,0.00015783454447617094,-0.07517120000000001,0.096007394,5,0.975,0.8,0.005870632000000001
24,19,TP7,0.084953464,0.0009819254390380106,-0.019029424,0.094909654,5,0.975,0.8,0.005870632000000001
24,5,F7,0.084188992,0.0004564220567851633,0.081362528,0.09753594,5,0.975,0.8,0.005870632000000001
24,25,T6,0.081368336,0.0005477903450043637,-0.06284748799999999,0.092843168,5,0.975,0.8,0.005870632000000001
24,11,FT8,0.080121106,0.00015242248039577132,-0.002893542,0.097262296,5,0.975,0.8,0.005870632000000001
24,1,Fp2,0.07814461,0.0005693648269343673,0.061796128000000006,0.095805044,5,0.975,0.8,0.005870632000000001
24,12,Cz,0.077568008,0.0009727987620109298,0.07613735,0.09315169,5,0.975,0.8,0.005870632000000001
24,26,Oz,0.077556042,0.00029972591332748843,0.042008784,0.080050396,5,0.975,0.8,0.005870632000000001
24,6,F8,0.07712316,0.0008431027528124881,-0.028553349999999998,0.0781961,5,0.975,0.8,0.005870632000000001
24,9,FC4,0.057462860000000004,0.0007436953012827233,-0.057462860000000004,0.075804754,5,0.975,0.8,0.005870632000000001
24,8,FC3,0.03081257,0.0002708651493824926,0.005813656,0.037708586,5,0.975,0.8,0.005870632000000001
25,21,Pz,0.153055004,3.5772056552564236e-05,0.006764398,0.15324686599999998,5,1.0,1.0,0.000721934
25,28,O2,0.144133378,3.3462815482263266e-05,-0.023697534,0.146859988,5,1.0,1.0,0.000721934
25,15,T3,0.126718786,4.560745585976686e-05,0.126718786,0.13196966599999999,5,1.0,1.0,0.000721934
25,16,T4,0.12210358800000001,2.191072842239032e-05,0.01334795,0.13452150999999998,5,1.0,1.0,0.000721934
25,27,O1,0.12187813,4.5607017552127055e-05,0.056059031999999995,0.132240696,5,1.0,1.0,0.000721934
25,17,CP3,0.121108386,3.578044200397616e-05,0.032975542000000004,0.13950682799999997,5,1.0,1.0,0.000721934
25,13,C3,0.115198902,1.7887426310120997e-05,0.07247649,0.117383872,5,1.0,1.0,0.000721934
25,18,CP4,0.11098113000000001,3.3466401061359864e-05,0.034549488,0.127616332,5,1.0,1.0,0.000721934
25,0,Fp1,0.109822742,2.1907078079927447e-05,-0.095891206,0.122582308,5,1.0,1.0,0.000721934
25,22,P3,0.10818144199999999,3.578100082445968e-05,0.10818144199999999,0.117412186,5,1.0,1.0,0.000721934
25,24,T5,0.105021542,3.57759698680583e-05,0.073264828,0.11441128,5,1.0,1.0,0.000721934
25,23,P4,0.104797408,2.1907076938741892e-05,-0.09297531,0.11673877800000002,5,1.0,1.0,0.000721934
25,2,Fz,0.10398575000000002,2.1908902300204907e-05,-0.098339498,0.11742475999999999,5,1.0,1.0,0.000721934
25,7,FCz,0.098932892,2.8280735846151478e-05,0.098932892,0.11420291600000002,5,1.0,1.0,0.000721934
25,4,F4,0.09753284,0.0,0.012508026,0.107749608,5,1.0,1.0,0.000721934
25,10,FT7,0.09042779199999999,3.346580374053067e-05,-0.058194228,0.103966326,5,1.0,1.0,0.000721934
25,20,TP8,0.08909545599999999,2.191255416421924e-05,-0.059273403999999995,0.10821743800000001,5,1.0,1.0,0.000721934
25,3,F3,0.087762666,1.7880722300844758e-05,0.027531206000000003,0.09455997,5,1.0,1.0,0.000721934
25,14,C4,0.085598882,3.5767027693110403e-05,-0.075092592,0.09604618000000001,5,1.0,1.0,0.000721934
25,19,TP7,0.084411708,4.5612718840252036e-05,-0.018747488,0.09436949800000001,5,1.0,1.0,0.000721934
25,5,F7,0.084057856,3.346221794800894e-05,0.08166875600000001,0.097664584,5,1.0,1.0,0.000721934
25,25,T6,0.0811095,2.1908902300205222e-05,-0.06231653,0.092361712,5,1.0,1.0,0.000721934
25,11,FT8,0.080083188,4.381506613027121e-05,-0.003529798,0.09716844,5,1.0,1.0,0.000721934
25,1,Fp2,0.077808188,2.828073584615434e-05,0.061270179999999994,0.09530213400000001,5,1.0,1.0,0.000721934
25,26,Oz,0.077580762,2.8280735846155774e-05,0.04225159,0.079959504,5,1.0,1.0,0.000721934
25,6,F8,0.07746807,2.1908902300205646e-05,-0.029174460000000003,0.07845906600000001,5,1.0,1.0,0.000721934
25,12,Cz,0.07705224,0.0,0.075723652,0.09261978200000001,5,1.0,1.0,0.000721934
25,9,FC4,0.057867742,3.577876562991079e-05,-0.057867742,0.07612992199999999,5,1.0,1.0,0.000721934
25,8,FC3,0.031022272,3.346998685389551e-05,0.00601413,0.037670868,5,1.0,1.0,0.000721934
26,21,Pz,0.15302447,6.410562494820965e-05,0.006732246,0.15321215400000002,5,1.0,1.0,0.001570128
26,28,O2,0.14418397600000002,0.00014693772874930098,-0.02370523,0.146914332,5,1.0,1.0,0.001570128
26,15,T3,0.12678764999999997,5.6814283415336916e-05,0.12678764999999997,0.132059276,5,1.0,1.0,0.001570128
26,16,T4,0.122137154,9.014161874517236e-05,0.013254688,0.134592674,5,1.0,1.0,0.001570128
26,27,O1,0.121948184,8.719122048693637e-05,0.056089976,0.132337062,5,1.0,1.0,0.001570128
26,17,CP3,0.121212854,0.0001998234132427951,0.033008716,0.139629518,5,1.0,1.0,0.001570128
26,13,C3,0.11523509800000001,7.231874943608839e-05,0.07259987999999999,0.11743286,5,1.0,1.0,0.001570128
26,18,CP4,0.11094773399999999,3.667900257640144e-05,0.034452214,0.12758009399999998,5,1.0,1.0,0.001570128
26,0,Fp1,0.109813994,3.3729847020106264e-05,-0.095857058,0.12253960400000001,5,1.0,1.0,0.001570128
26,22,P3,0.108185566,1.7820195846291e-05,0.108185566,0.11733437,5,1.0,1.0,0.001570128
26,24,T5,0.104931912,0.00010305597663405602,0.07331326,0.114345506,5,1.0,1.0,0.001570128
26,23,P4,0.104906838,0.0001428708672893168,-0.093023806,0.11684692999999999,5,1.0,1.0,0.001570128
26,2,Fz,0.103966966,8.27689732327249e-05,-0.09835626,0.117420744,5,1.0,1.0,0.001570128
26,7,FCz,0.098958136,3.4828186573524716e-05,0.098958136,0.11417220400000001,5,1.0,1.0,0.001570128
26,4,F4,0.09738226999999999,0.00022555262977851074,0.012449156,0.10760398600000001,5,1.0,1.0,0.001570128
26,10,FT7,0.090438904,6.736057585858524e-05,-0.058165652,0.103964364,5,1.0,1.0,0.001570128
26,20,TP8,0.08922456999999999,0.00019136558807684968,-0.059348794,0.108363834,5,1.0,1.0,0.001570128
26,3,F3,0.087765656,3.778295753378995e-05,0.027641582000000005,0.094551046,5,1.0,1.0,0.001570128
26,14,C4,0.085625246,4.078120743675946e-05,-0.075193646,0.096082538,5,1.0,1.0,0.001570128
26,19,TP7,0.084426478,4.649471335539216e-05,-0.018702714000000002,0.094321162,5,1.0,1.0,0.001570128
26,5,F7,0.084089786,3.574162601225671e-05,0.081755044,0.097709914,5,1.0,1.0,0.001570128
26,25,T6,0.08110015200000001,4.7722526337144016e-05,-0.062365868000000005,0.092407212,5,1.0,1.0,0.001570128
26,11,FT8,0.079996506,0.0001483818224379252,-0.003619518,0.09706804799999999,5,1.0,1.0,0.001570128
26,1,Fp2,0.07771111,0.00011036565656941916,0.061302579999999995,0.09531227,5,1.0,1.0,0.001570128
26,26,Oz,0.077551488,8.950670321266177e-05,0.042270638,0.07992558,5,1.0,1.0,0.001570128
26,6,F8,0.077463018,9.75908155002336e-05,-0.029259942,0.0784394,5,1.0,1.0,0.001570128
26,12,Cz,0.077031662,2.004171699231199e-05,0.075679358,0.092587372,5,1.0,1.0,0.001570128
26,9,FC4,0.057927248,1.0044417354930012e-05,-0.057927248,0.076088548,5,1.0,1.0,0.001570128
26,8,FC3,0.031183954000000003,0.0002541995618210231,0.006113993999999999,0.037814007999999996,5,1.0,1.0,0.001570128
27,21,Pz,0.15303901,0.0,0.00673239,0.15322846,5,0.95,0.8,0.000721938
27,28,O2,0.14414938,3.3466401808375385e-05,-0.023729538,0.14687597400000002,5,0.95,0.8,0.000721938
27,15,T3,0.126742782,1.789301595595062e-05,0.126742782,0.13197498400000002,5,0.95,0.8,0.000721938
27,16,T4,0.122087588,4.472135952645644e-09,0.01333195,0.134493566,5,0.95,0.8,0.000721938
27,27,O1,0.12188612400000001,3.5779324057335285e-05,0.056115031999999995,0.132243248,5,0.95,0.8,0.000721938
27,17,CP3,0.12113239,1.788854381999216e-05,0.03293554,0.13953506,5,0.95,0.8,0.000721938
27,13,C3,0.115262902,1.7884071684037575e-05,0.07250849200000001,0.117448964,5,0.95,0.8,0.000721938
27,18,CP4,0.110989128,2.191072842239718e-05,0.034541485999999996,0.12761985,5,0.95,0.8,0.000721938
27,0,Fp1,0.10981474599999999,1.7885190242208582e-05,-0.095835202,0.122559358,5,0.95,0.8,0.000721938
27,22,P3,0.108133438,2.1910729563384903e-05,0.108133438,0.11734213,5,0.95,0.8,0.000721938
27,24,T5,0.105013544,1.7886309848597332e-05,0.073304822,0.114424624,5,0.95,0.8,0.000721938
27,23,P4,0.10483740799999999,2.191164119823141e-05,-0.093047306,0.11679263399999999,5,0.95,0.8,0.000721938
27,2,Fz,0.103969758,1.7884071684046496e-05,-0.098339498,0.11741417000000001,5,0.95,0.8,0.000721938
27,7,FCz,0.09893288,0.0,0.09893288,0.11422780000000002,5,0.95,0.8,0.000721938
27,4,F4,0.097564832,1.7884071684046496e-05,0.012492024000000001,0.10780286000000001,5,0.95,0.8,0.000721938
27,10,FT7,0.09044379,2.190890230020121e-05,-0.058210229999999995,0.103956512,5,0.95,0.8,0.000721938
27,20,TP8,0.08905546,3.57770876399944e-05,-0.0592974,0.10820266599999999,5,0.95,0.8,0.000721938
27,3,F3,0.08780267,1.788854381999914e-05,0.027555200000000002,0.09458537,5,0.95,0.8,0.000721938
27,14,C4,0.085598876,2.190068674722082e-05,-0.075108596,0.096055158,5,0.95,0.8,0.000721938
27,19,TP7,0.08441171,2.1908902300205646e-05,-0.01871549,0.09436702599999999,5,0.95,0.8,0.000721938
27,5,F7,0.08408186,3.577708763999857e-05,0.081628758,0.097657498,5,0.95,0.8,0.000721938
27,25,T6,0.0811335,3.346640106136408e-05,-0.06232453,0.092371264,5,0.95,0.8,0.000721938
27,11,FT8,0.08009119,2.828427124746627e-05,-0.0035217979999999996,0.0971883,5,0.95,0.8,0.000721938
27,1,Fp2,0.07778419,2.1908902300206544e-05,0.061310184000000004,0.095321126,5,0.95,0.8,0.000721938
27,26,Oz,0.077588764,3.3465206259638254e-05,0.042259594,0.079966354,5,0.95,0.8,0.000721938
27,6,F8,0.07747607,3.577708763999702e-05,-0.029214459999999998,0.078461868,5,0.95,0.8,0.000721938
27,12,Cz,0.077092248,4.472135952645645e-09,0.075683652,0.09262784,5,0.95,0.8,0.000721938
27,9,FC4,0.057891740000000004,7.071067809983529e-09,-0.057891740000000004,0.076143958,5,0.95,0.8,0.000721938
27,8,FC3,0.03095827,1.7882954174296123e-05,0.0060141299999999995,0.037614054,5,0.95,0.8,0.000721938
28,21,Pz,0.15301501,2.1908902300211663e-05,0.006724392,0.15320466,5,1.0,1.0,0.000721888
28,28,O2,0.144165374,3.5779324756063625e-05,-0.023697534,0.146886542,5,1.0,1.0,0.000721888
28,15,T3,0.126750784,2.1914379525790905e-05,0.126750784,0.13198379799999999,5,1.0,1.0,0.000721888
28,16,T4,0.122119596,3.346520700667875e-05,0.013315944,0.134533446,5,1.0,1.0,0.000721888
28,27,O1,0.121846126,2.1905251196912722e-05,0.056075032000000004,0.132208834,5,1.0,1.0,0.000721888
28,17,CP3,0.121164384,2.8291344612795342e-05,0.032951538,0.13955534,5,1.0,1.0,0.000721888
28,13,C3,0.115198902,3.3465803740534684e-05,0.072524488,0.117398136,5,1.0,1.0,0.000721888
28,18,CP4,0.110901132,3.346281548226202e-05,0.034469488,0.127539834,5,1.0,1.0,0.000721888
28,0,Fp1,0.109822744,4.560526318310047e-05,-0.095827202,0.12255617599999999,5,1.0,1.0,0.000721888
28,22,P3,0.10817344200000001,2.191164119823563e-05,0.10817344200000001,0.11738615000000001,5,1.0,1.0,0.000721888
28,24,T5,0.104997516,5.932388667307714e-05,0.073272844,0.11438467999999999,5,1.0,1.0,0.000721888
28,23,P4,0.10484541,1.78829541742936e-05,-0.093055308,0.11681101,5,1.0,1.0,0.000721888
28,2,Fz,0.10400174200000001,2.8287816635433333e-05,-0.09830748199999999,0.1174085,5,1.0,1.0,0.000721888
28,7,FCz,0.09891689,2.1908902300202796e-05,0.09891689,0.11415846599999999,5,1.0,1.0,0.000721888
28,4,F4,0.097524838,3.346281548226554e-05,0.012484024,0.10775823600000001,5,1.0,1.0,0.000721888
28,10,FT7,0.09042779599999999,4.3809590046015655e-05,-0.058226221999999994,0.10394660199999999,5,1.0,1.0,0.000721888
28,20,TP8,0.089111462,5.215016797672086e-05,-0.059337408,0.108268004,5,1.0,1.0,0.000721888
28,3,F3,0.087754734,2.1958473990691893e-05,0.027587149999999998,0.09450404,5,1.0,1.0,0.000721888
28,14,C4,0.085678874,2.190799009494712e-05,-0.075124602,0.096101324,5,1.0,1.0,0.000721888
28,19,TP7,0.08442771,4.8989794855660154e-05,-0.01874749,0.09438551399999999,5,1.0,1.0,0.000721888
28,5,F7,0.08416986,2.190890230020496e-05,0.08170075000000002,0.097747646,5,1.0,1.0,0.000721888
28,25,T6,0.081149492,2.190616397273214e-05,-0.06238853,0.09240789,5,1.0,1.0,0.000721888
28,11,FT8,0.080091214,4.8993913193376166e-05,-0.00355382,0.09718943999999999,5,1.0,1.0,0.000721888
28,1,Fp2,0.077784188,4.561008682298007e-05,0.061326179999999994,0.095316984,5,1.0,1.0,0.000721888
28,26,Oz,0.077604772,2.1919870437569812e-05,0.042243602000000005,0.079999838,5,1.0,1.0,0.000721888
28,6,F8,0.077508068,2.190616397272665e-05,-0.029230457999999997,0.07849604800000001,5,1.0,1.0,0.000721888
28,12,Cz,0.07698824800000001,2.1901599713260046e-05,0.075659658,0.09253325400000001,5,1.0,1.0,0.000721888
28,9,FC4,0.057907746,4.560219325865684e-05,-0.057907746,0.076157962,5,1.0,1.0,0.000721888
28,8,FC3,0.030998275999999998,1.788519024220842e-05,0.006054128,0.037659783999999995,5,1.0,1.0,0.000721888
29,21,Pz,0.153035346,3.9930062985179124e-05,0.006474208,0.15321506000000001,5,1.0,1.0,0.005853008
29,28,O2,0.144633574,0.000794297458437319,-0.024042111999999997,0.147370876,5,1.0,1.0,0.005853008
29,15,T3,0.126434252,0.0005735419977386177,0.126434252,0.13170437200000001,5,1.0,1.0,0.005853008
29,16,T4,0.121715404,0.0005657502580025892,0.012963384,0.134168438,5,1.0,1.0,0.005853008
29,17,CP3,0.121410828,0.0004426941994989319,0.032898161999999995,0.13964733000000001,5,1.0,1.0,0.005853008
29,27,O1,0.12116408199999999,0.0013951870055372497,0.055801175999999994,0.13162578,5,1.0,1.0,0.005853008
29,13,C3,0.11537139999999999,0.0002496912549529966,0.07241728,0.117507086,5,1.0,1.0,0.005853008
29,18,CP4,0.11123755800000001,0.000610299098123209,0.034446484,0.127720518,5,1.0,1.0,0.005853008
29,0,Fp1,0.110214224,0.000668070612158624,-0.096085304,0.12288579799999999,5,1.0,1.0,0.005853008
29,22,P3,0.107982976,0.0003978927632289908,0.107982976,0.11742767999999999,5,1.0,1.0,0.005853008
29,24,T5,0.105155988,0.00017530427909780304,0.073242908,0.11434860200000001,5,1.0,1.0,0.005853008
29,23,P4,0.10474851199999999,9.602996261584505e-05,-0.093372576,0.11678892,5,1.0,1.0,0.005853008
29,2,Fz,0.104101992,0.00013527677856897745,-0.098153446,0.11735351999999999,5,1.0,1.0,0.005853008
29,7,FCz,0.098655172,0.0004099011134651848,0.098655172,0.11367326200000001,5,1.0,1.0,0.005853008
29,4,F4,0.09757068199999999,8.230150648682273e-05,0.012806534,0.10760679,5,1.0,1.0,0.005853008
29,10,FT7,0.089730116,0.0012405425836624902,-0.05788319199999999,0.10336788,5,1.0,1.0,0.005853008
29,20,TP8,0.089308436,0.0005141845107352034,-0.059629971999999996,0.108584948,5,1.0,1.0,0.005853008
29,3,F3,0.087973522,0.00043254988691479053,0.027875689999999998,0.09459236200000001,5,1.0,1.0,0.005853008
29,14,C4,0.085598196,0.00014196512452007464,-0.075452584,0.09614351800000001,5,1.0,1.0,0.005853008
29,19,TP7,0.084693358,0.00045721839942197955,-0.01861711,0.09453982,5,1.0,1.0,0.005853008
29,5,F7,0.084566272,0.0007546394428599674,0.08177544,0.098051918,5,1.0,1.0,0.005853008
29,25,T6,0.08117122,0.00011501813791746358,-0.062557568,0.092318552,5,1.0,1.0,0.005853008
29,11,FT8,0.080164216,0.00023580820740593344,-0.003682822,0.097055134,5,1.0,1.0,0.005853008
29,1,Fp2,0.07842779,0.0012699431797919142,0.061632944,0.095796616,5,1.0,1.0,0.005853008
29,26,Oz,0.077653788,0.0001160063156470348,0.041923544,0.080143938,5,1.0,1.0,0.005853008
29,6,F8,0.07764750000000001,0.00016060375633839197,-0.028960908,0.07867070200000001,5,1.0,1.0,0.005853008
29,12,Cz,0.076511836,0.0008947041031983736,0.07544426800000001,0.092108008,5,1.0,1.0,0.005853008
29,9,FC4,0.05805969,0.0002347615685115435,-0.05805969,0.075999598,5,1.0,1.0,0.005853008
29,8,FC3,0.031150275999999998,0.0004283007505013285,0.006180626,0.03776008,5,1.0,1.0,0.005853008
3,21,Pz,0.153915694,0.0014373037768439904,0.004651218,0.15402743,5,0.825,0.4,0.025339442
3,28,O2,0.14521154200000003,0.0010730778733484354,-0.024505044,0.148135144,5,0.825,0.4,0.025339442
3,15,T3,0.127961506,0.0005680591280227805,0.127961506,0.13343676200000001,5,0.825,0.4,0.025339442
3,27,O1,0.122261238,0.0007792991930382054,0.056430508000000004,0.13249719199999999,5,0.825,0.4,0.025339442
3,16,T4,0.12104626999999998,0.0006919634641005226,0.014059928,0.134064872,5,0.825,0.4,0.025339442
3,17,CP3,0.120192916,0.0007812644443336696,0.033375676,0.138916924,5,0.825,0.4,0.025339442
3,13,C3,0.11751615200000001,0.0005701362202754658,0.072958486,0.11953804999999999,5,0.825,0.4,0.025339442
3,18,CP4,0.11119221800000001,0.00027341084482880194,0.033156064,0.12811288599999998,5,0.825,0.4,0.025339442
3,0,Fp1,0.108223918,0.00029153539265413544,-0.094029098,0.120506538,5,0.825,0.4,0.025339442
3,22,P3,0.10658618,0.0008040735736547963,0.10658618,0.116723124,5,0.825,0.4,0.025339442
3,23,P4,0.10606896800000001,0.0003032710411002013,-0.093177264,0.11750434800000001,5,0.825,0.4,0.025339442
3,2,Fz,0.10501339400000001,0.0005873882351392504,-0.09934614,0.118515962,5,0.825,0.4,0.025339442
3,24,T5,0.104399944,0.0015076560694933009,0.072495104,0.113071352,5,0.825,0.4,0.025339442
3,7,FCz,0.098185326,0.0014283007529333612,0.098185326,0.11322096200000001,5,0.825,0.4,0.025339442
3,4,F4,0.09626944800000001,0.0006087581554443437,0.010646814000000001,0.107439022,5,0.825,0.4,0.025339442
3,10,FT7,0.090680236,0.0005062587462256794,-0.056692622000000005,0.104412688,5,0.825,0.4,0.025339442
3,20,TP8,0.08991653,0.001136504179292797,-0.058849918,0.108601126,5,0.825,0.4,0.025339442
3,3,F3,0.086334402,0.000730530166023276,0.027939910000000002,0.09308240599999999,5,0.825,0.4,0.025339442
3,14,C4,0.0855464,0.00043491246032966233,-0.075292666,0.09589313,5,0.825,0.4,0.025339442
3,19,TP7,0.083719268,0.0008678024380410534,-0.018889081999999998,0.09348416200000001,5,0.825,0.4,0.025339442
3,5,F7,0.083606718,0.0006686712121588602,0.08298519600000001,0.097834038,5,0.825,0.4,0.025339442
3,25,T6,0.08227177,0.0008112677699748716,-0.06384780999999999,0.093802796,5,0.825,0.4,0.025339442
3,11,FT8,0.07914069,0.0011996562441174531,-0.002509772,0.097263078,5,0.825,0.4,0.025339442
3,1,Fp2,0.0788409,0.000790446814308208,0.063319292,0.096772834,5,0.825,0.4,0.025339442
3,26,Oz,0.07771526,0.0004620951403661363,0.041351984,0.079467834,5,0.825,0.4,0.025339442
3,6,F8,0.077331552,0.0017397800174648555,-0.030345866,0.078172508,5,0.825,0.4,0.025339442
3,12,Cz,0.077322372,0.00032330607776532563,0.07425218,0.092842424,5,0.825,0.4,0.025339442
3,9,FC4,0.05824422,0.0010316159787197969,-0.05824422,0.07616071399999999,5,0.825,0.4,0.025339442
3,8,FC3,0.030557446,0.0014859482460469482,0.007178992,0.036421190000000006,5,0.825,0.4,0.025339442
30,21,Pz,0.15277084999999999,0.0004513793009764673,0.0063345960000000005,0.152965254,5,0.975,0.8,0.01286957
30,28,O2,0.145106292,0.0009167075854218677,-0.02459559,0.14804468399999998,5,0.975,0.8,0.01286957
30,15,T3,0.126804038,0.00031675777917834644,0.126804038,0.132003714,5,0.975,0.8,0.01286957
30,27,O1,0.12163999,0.00031317008573617395,0.055298486,0.131677398,5,0.975,0.8,0.01286957
30,17,CP3,0.12161957399999998,0.000611637064794146,0.032515154000000004,0.139991562,5,0.975,0.8,0.01286957
30,16,T4,0.120914262,0.0010487393289182968,0.01343473,0.133362352,5,0.975,0.8,0.01286957
30,13,C3,0.115727592,0.000681176127495668,0.072635874,0.118041328,5,0.975,0.8,0.01286957
30,18,CP4,0.11094337800000001,0.0007965950915113639,0.034355994,0.128204822,5,0.975,0.8,0.01286957
30,0,Fp1,0.11037369400000001,0.0005706608896095851,-0.09573153999999999,0.122711466,5,0.975,0.8,0.01286957
30,22,P3,0.10715375599999999,0.0012424588774200913,0.10715375599999999,0.116291446,5,0.975,0.8,0.01286957
30,23,P4,0.10507061399999999,0.0004838711078686092,-0.09383106399999999,0.11722427399999999,5,0.975,0.8,0.01286957
30,24,T5,0.10397623,0.0010263907142993853,0.07315062400000001,0.11357147999999999,5,0.975,0.8,0.01286957
30,2,Fz,0.102979012,0.0010878325823029955,-0.09806414599999999,0.116615104,5,0.975,0.8,0.01286957
30,7,FCz,0.099520198,0.0007423205102379979,0.099520198,0.114575892,5,0.975,0.8,0.01286957
30,4,F4,0.09642122,0.0010292167035177774,0.011806984,0.10684173,5,0.975,0.8,0.01286957
30,10,FT7,0.088836608,0.0014716433415641172,-0.057108738000000006,0.10256231200000002,5,0.975,0.8,0.01286957
30,20,TP8,0.088547602,0.00042986285262860437,-0.059218448,0.1078723,5,0.975,0.8,0.01286957
30,3,F3,0.08810696,0.0005700981894375801,0.028494276000000002,0.094513758,5,0.975,0.8,0.01286957
30,14,C4,0.085650144,0.0003629497654359402,-0.07458819,0.09586226,5,0.975,0.8,0.01286957
30,19,TP7,0.08507281600000001,0.0005986610248963931,-0.017999684,0.094368122,5,0.975,0.8,0.01286957
30,5,F7,0.084754186,0.0006450424070012787,0.081997218,0.098429632,5,0.975,0.8,0.01286957
30,25,T6,0.082192232,0.001046492612740291,-0.062528102,0.093019636,5,0.975,0.8,0.01286957
30,11,FT8,0.07962571199999999,0.0005767780435488168,-0.0038084319999999996,0.09704435,5,0.975,0.8,0.01286957
30,12,Cz,0.078211852,0.0010541260386547704,0.076350458,0.09374542,5,0.975,0.8,0.01286957
30,1,Fp2,0.077836728,0.0005111754865210217,0.06160049599999999,0.095730512,5,0.975,0.8,0.01286957
30,6,F8,0.07758779,0.00019230802492355714,-0.029443478000000002,0.078577102,5,0.975,0.8,0.01286957
30,26,Oz,0.077378118,0.00043996124774802863,0.041360346000000006,0.079640528,5,0.975,0.8,0.01286957
30,9,FC4,0.057398498,0.0006044642010657022,-0.057398498,0.076267214,5,0.975,0.8,0.01286957
30,8,FC3,0.030366524,0.0008775023096151943,0.006385834,0.037169888,5,0.975,0.8,0.01286957
31,21,Pz,0.153176786,0.00014892412826671156,0.006636464,0.153366926,5,0.975,0.8,0.0022572020000000003
31,28,O2,0.14410984799999998,9.51748447332572e-05,-0.023639286,0.14680597199999998,5,0.975,0.8,0.0022572020000000003
31,15,T3,0.126879612,0.00012805134817720724,0.126879612,0.132119946,5,0.975,0.8,0.0022572020000000003
31,16,T4,0.12201039200000001,0.00011155589258304326,0.013198924,0.1344298,5,0.975,0.8,0.0022572020000000003
31,27,O1,0.121928866,0.0001456016711099159,0.056165502,0.132255962,5,0.975,0.8,0.0022572020000000003
31,17,CP3,0.12112556199999999,5.702674521661151e-05,0.032860482,0.139561102,5,0.975,0.8,0.0022572020000000003
31,13,C3,0.115223162,6.697593090058211e-05,0.072651354,0.11745632399999999,5,0.975,0.8,0.0022572020000000003
31,18,CP4,0.110944734,0.00013497209278217235,0.034394314,0.127577114,5,0.975,0.8,0.0022572020000000003
31,0,Fp1,0.10984967999999999,0.00018475469588077976,-0.095856002,0.12256251,5,0.975,0.8,0.0022572020000000003
31,22,P3,0.108215064,3.597109019754649e-05,0.108215064,0.11743933399999999,5,0.975,0.8,0.0022572020000000003
31,24,T5,0.104919434,0.00019075995565106968,0.073314764,0.114324816,5,0.975,0.8,0.0022572020000000003
31,23,P4,0.104760024,4.725973159043464e-05,-0.09309134599999999,0.116771928,5,0.975,0.8,0.0022572020000000003
31,2,Fz,0.10409497000000001,0.00015738741198075918,-0.098381478,0.11751924200000001,5,0.975,0.8,0.0022572020000000003
31,7,FCz,0.098843874,0.00012764265227580045,0.098843874,0.114191866,5,0.975,0.8,0.0022572020000000003
31,4,F4,0.097561902,8.028622403625175e-05,0.01254514,0.107746614,5,0.975,0.8,0.0022572020000000003
31,10,FT7,0.090545078,0.00020699981079701574,-0.058387900000000006,0.10402710200000001,5,0.975,0.8,0.0022572020000000003
31,20,TP8,0.08917275399999999,9.406956298399873e-05,-0.059449232,0.108389904,5,0.975,0.8,0.0022572020000000003
31,3,F3,0.08777868600000001,0.00014078765439483364,0.027590122,0.094511536,5,0.975,0.8,0.0022572020000000003
31,14,C4,0.08575504,0.00013559863513325113,-0.075167034,0.096183172,5,0.975,0.8,0.0022572020000000003
31,19,TP7,0.084399452,0.0002505423824824857,-0.018646424,0.09432733,5,0.975,0.8,0.0022572020000000003
31,5,F7,0.083988116,0.00015384430970952337,0.081581314,0.097594022,5,0.975,0.8,0.0022572020000000003
31,25,T6,0.080954848,0.0001404562980788006,-0.062210114000000004,0.09220225400000001,5,0.975,0.8,0.0022572020000000003
31,11,FT8,0.07999531600000001,0.00023416544456858035,-0.003463918,0.097063566,5,0.975,0.8,0.0022572020000000003
31,26,Oz,0.077775922,0.0001678847974654023,0.042312306,0.08015821599999999,5,0.975,0.8,0.0022572020000000003
31,1,Fp2,0.077694794,0.0002002406064713122,0.06120060200000001,0.095202128,5,0.975,0.8,0.0022572020000000003
31,6,F8,0.07749039199999999,6.931247376916118e-05,-0.029209688,0.07847559,5,0.975,0.8,0.0022572020000000003
31,12,Cz,0.077044278,7.876080795675183e-05,0.07551622799999999,0.09249697999999999,5,0.975,0.8,0.0022572020000000003
31,9,FC4,0.057868697999999996,3.9072047169302496e-05,-0.057868697999999996,0.076080092,5,0.975,0.8,0.0022572020000000003
31,8,FC3,0.03101682,5.535010930431967e-05,0.005908812,0.037820956,5,0.975,0.8,0.0022572020000000003
32,21,Pz,0.153128602,0.00015690287463905335,0.0068891659999999995,0.153322822,5,0.925,0.6,0.002893056
32,28,O2,0.14425141,0.00024761644765644586,-0.023574980000000002,0.146926862,5,0.925,0.6,0.002893056
32,15,T3,0.12665443399999998,7.553552826319633e-05,0.12665443399999998,0.131881112,5,0.925,0.6,0.002893056
32,16,T4,0.12227191600000001,0.0003021932818247281,0.013250866,0.13461800799999998,5,0.925,0.6,0.002893056
32,27,O1,0.12208788200000001,0.0004182440857561549,0.056121382,0.132400604,5,0.925,0.6,0.002893056
32,17,CP3,0.12109722600000002,8.770296933399452e-05,0.032950999999999994,0.139572168,5,0.925,0.6,0.002893056
32,13,C3,0.115112056,0.00024400379675325115,0.07228435,0.11728177399999999,5,0.925,0.6,0.002893056
32,18,CP4,0.110930296,2.8985475328172525e-05,0.034714882,0.12747171,5,0.925,0.6,0.002893056
32,0,Fp1,0.10999155599999999,0.0003466063313472511,-0.09586143,0.12275040200000001,5,0.925,0.6,0.002893056
32,22,P3,0.10816754399999999,7.57163088772898e-05,0.10816754399999999,0.11730605599999999,5,0.925,0.6,0.002893056
32,24,T5,0.10506453,0.0001777335140034087,0.07321767,0.114499226,5,0.925,0.6,0.002893056
32,23,P4,0.10472573199999999,0.00015263674089157142,-0.092877446,0.11667855999999999,5,0.925,0.6,0.002893056
32,2,Fz,0.103926582,0.00012497527903549365,-0.098422542,0.11742797600000002,5,0.925,0.6,0.002893056
32,7,FCz,0.09877897,0.0003453246822194979,0.09877897,0.1141356,5,0.925,0.6,0.002893056
32,4,F4,0.09753864,6.346294233645511e-05,0.012333508,0.10785963800000001,5,0.925,0.6,0.002893056
32,10,FT7,0.090449848,3.3165686635439646e-05,-0.05838635,0.104085138,5,0.925,0.6,0.002893056
32,20,TP8,0.088913862,0.000348369585454875,-0.05916541200000001,0.10803625400000001,5,0.925,0.6,0.002893056
32,3,F3,0.08775185599999999,3.4728151116925895e-05,0.027365114000000003,0.09461783,5,0.925,0.6,0.002893056
32,14,C4,0.08572158999999999,0.00010638639316190991,-0.074989534,0.096098592,5,0.925,0.6,0.002893056
32,19,TP7,0.084422908,5.8935017349619616e-05,-0.018742105999999998,0.094468632,5,0.925,0.6,0.002893056
32,5,F7,0.083917896,0.0003761056067516181,0.08157178600000001,0.09751586599999999,5,0.925,0.6,0.002893056
32,25,T6,0.081062864,0.00018584198955026585,-0.062286672,0.09219153199999999,5,0.925,0.6,0.002893056
32,11,FT8,0.08009875400000001,5.305693385411195e-05,-0.00352192,0.097182596,5,0.925,0.6,0.002893056
32,26,Oz,0.077861444,0.0004938638701403455,0.04244848,0.080226016,5,0.925,0.6,0.002893056
32,6,F8,0.077713758,0.00042991944742009627,-0.029289082,0.078697784,5,0.925,0.6,0.002893056
32,1,Fp2,0.077660214,0.00021975368991214303,0.061223684,0.095161914,5,0.925,0.6,0.002893056
32,12,Cz,0.077133964,0.00010538170633463522,0.07562812199999999,0.09258456400000001,5,0.925,0.6,0.002893056
32,9,FC4,0.05776517999999999,0.0002391190750442138,-0.05776517999999999,0.076101748,5,0.925,0.6,0.002893056
32,8,FC3,0.030796574,0.0003675401264215924,0.006002832,0.03742217,5,0.925,0.6,0.002893056
33,21,Pz,0.153063016,3.5786031911906995e-05,0.006724390000000001,0.15325152800000003,5,0.975,0.8,0.00072192
33,28,O2,0.144125378,2.1907079221113057e-05,-0.023689533999999998,0.146846694,5,0.975,0.8,0.00072192
33,15,T3,0.12677478,3.999750054690627e-05,0.12677478,0.132026008,5,0.975,0.8,0.00072192
33,16,T4,0.12210359200000001,2.1907076938740835e-05,0.013315948,0.134513592,5,0.975,0.8,0.00072192
33,27,O1,0.121894126,1.78863084508814e-05,0.056123034,0.1322488,5,0.975,0.8,0.00072192
33,17,CP3,0.121116394,3.346759746381345e-05,0.032983542,0.13951830999999998,5,0.975,0.8,0.00072192
33,13,C3,0.1152309,4.0000000000000105e-05,0.07252449000000001,0.117429988,5,0.975,0.8,0.00072192
33,18,CP4,0.11094113000000001,1.7888543819995714e-05,0.034557488000000004,0.127548222,5,0.975,0.8,0.00072192
33,0,Fp1,0.10981475,3.3454448882020965e-05,-0.09583520999999999,0.122554362,5,0.975,0.8,0.00072192
33,22,P3,0.108165434,3.347118208250098e-05,0.108165434,0.117365682,5,0.975,0.8,0.00072192
33,24,T5,0.105021546,2.1903425074629623e-05,0.07329682400000001,0.11441590800000001,5,0.975,0.8,0.00072192
33,23,P4,0.10482940999999998,3.577429314464821e-05,-0.093039304,0.116794532,5,0.975,0.8,0.00072192
33,2,Fz,0.103969756,3.3461620253659134e-05,-0.098307494,0.117396176,5,0.975,0.8,0.00072192
33,7,FCz,0.098940888,3.3461023146336515e-05,0.098940888,0.114209182,5,0.975,0.8,0.00072192
33,4,F4,0.09751684,2.1908902300204697e-05,0.012460024,0.10775657000000001,5,0.975,0.8,0.00072192
33,10,FT7,0.09040379000000001,5.367122180461497e-05,-0.058218228000000004,0.10396967799999998,5,0.975,0.8,0.00072192
33,20,TP8,0.08908746,5.215361924161747e-05,-0.059313402,0.10824117600000001,5,0.975,0.8,0.00072192
33,3,F3,0.08773868,1.788854381999216e-05,0.027571204,0.094504244,5,0.975,0.8,0.00072192
33,14,C4,0.08568687,3.3463413603515337e-05,-0.075116598,0.096116928,5,0.975,0.8,0.00072192
33,19,TP7,0.084403716,2.1903425074629043e-05,-0.01870749,0.09435877200000001,5,0.975,0.8,0.00072192
33,5,F7,0.08408985399999999,6.0646190152393135e-05,0.08165275200000001,0.09768481799999999,5,0.975,0.8,0.00072192
33,25,T6,0.0810935,3.346938974645295e-05,-0.06236453199999999,0.092347214,5,0.975,0.8,0.00072192
33,11,FT8,0.080123186,4.381917422772599e-05,-0.003569798,0.097180242,5,0.975,0.8,0.00072192
33,1,Fp2,0.077752188,2.1911641198231725e-05,0.061278182,0.09528540999999999,5,0.975,0.8,0.00072192
33,26,Oz,0.07760476,3.5777087639994145e-05,0.04225959,0.07999782,5,0.975,0.8,0.00072192
33,6,F8,0.07749207,2.8284271247460747e-05,-0.029230459999999996,0.078476668,5,0.975,0.8,0.00072192
33,12,Cz,0.077076234,2.190342507463221e-05,0.075683652,0.092600254,5,0.975,0.8,0.00072192
33,9,FC4,0.057915744000000005,3.577373380009597e-05,-0.057915744000000005,0.07618886999999999,5,0.975,0.8,0.00072192
33,8,FC3,0.03098227,3.3466401061363856e-05,0.00600613,0.037635088,5,0.975,0.8,0.00072192
34,21,Pz,0.155202766,0.0005634976503766488,0.007288482000000001,0.15540789,5,0.875,0.4,0.025675192000000003
34,28,O2,0.141610514,0.0002774037649888661,-0.023211166,0.144352082,5,0.875,0.4,0.025675192000000003
34,15,T3,0.126354642,0.0007135967215241394,0.126354642,0.131227466,5,0.875,0.4,0.025675192000000003
34,27,O1,0.12495982800000001,0.00032205039779513174,0.057491316,0.134958446,5,0.875,0.4,0.025675192000000003
34,16,T4,0.122688002,0.0005206314883101055,0.013818528,0.13482016000000002,5,0.875,0.4,0.025675192000000003
34,17,CP3,0.11827502599999999,0.00020185468988854853,0.032264336,0.136663752,5,0.875,0.4,0.025675192000000003
34,13,C3,0.116425994,0.0005142209525875075,0.072717144,0.118551738,5,0.875,0.4,0.025675192000000003
34,18,CP4,0.112521002,0.00011467612467292523,0.034262726,0.12814228,5,0.875,0.4,0.025675192000000003
34,0,Fp1,0.111337778,0.00014243834655737887,-0.09556585399999999,0.12327727,5,0.875,0.4,0.025675192000000003
34,22,P3,0.10803254600000001,0.0005049189905123442,0.10803254600000001,0.11726607200000001,5,0.875,0.4,0.025675192000000003
34,23,P4,0.10659384000000001,0.00024046337683731036,-0.093283388,0.118420516,5,0.875,0.4,0.025675192000000003
34,2,Fz,0.104999836,0.0005363297134039826,-0.098584168,0.118452972,5,0.875,0.4,0.025675192000000003
34,24,T5,0.10444734600000001,0.0007190352947387247,0.073610886,0.11456366,5,0.875,0.4,0.025675192000000003
34,7,FCz,0.09853310800000001,0.0012686802813041565,0.09853310800000001,0.114143522,5,0.875,0.4,0.025675192000000003
34,4,F4,0.098512724,0.0008321460449224032,0.012483178000000001,0.10877817599999999,5,0.875,0.4,0.025675192000000003
34,10,FT7,0.09019192000000001,0.001072842882555499,-0.057443254,0.10435293000000001,5,0.875,0.4,0.025675192000000003
34,20,TP8,0.089208572,0.00030977778732504144,-0.059137010000000004,0.107901422,5,0.875,0.4,0.025675192000000003
34,3,F3,0.088705854,0.0003687390653700808,0.02695707,0.096387588,5,0.875,0.4,0.025675192000000003
34,14,C4,0.08376028399999999,0.0004777292854535906,-0.074782048,0.094243436,5,0.875,0.4,0.025675192000000003
34,5,F7,0.083109508,0.0004345588853883905,0.082405528,0.097349704,5,0.875,0.4,0.025675192000000003
34,19,TP7,0.08198796,0.0005650905693780396,-0.018185222,0.09220281999999999,5,0.875,0.4,0.025675192000000003
34,25,T6,0.08014439,0.0005194532500139003,-0.061952198,0.09209914999999999,5,0.875,0.4,0.025675192000000003
34,6,F8,0.07804931,0.0009178769862296315,-0.0309379,0.07886130799999999,5,0.875,0.4,0.025675192000000003
34,11,FT8,0.077456028,0.0005137925169462859,-0.00435886,0.09515246200000001,5,0.875,0.4,0.025675192000000003
34,26,Oz,0.07659965399999999,0.00023742253585116953,0.04263551,0.07906996,5,0.875,0.4,0.025675192000000003
34,1,Fp2,0.076290226,9.470660869231698e-05,0.061561995999999994,0.093452578,5,0.875,0.4,0.025675192000000003
34,12,Cz,0.076002132,0.00027899244124169063,0.075975888,0.09233559799999999,5,0.875,0.4,0.025675192000000003
34,9,FC4,0.058734101999999996,0.0012501593918856889,-0.058734101999999996,0.07638566799999999,5,0.875,0.4,0.025675192000000003
34,8,FC3,0.030866618000000002,0.0006026481704278221,0.004968334,0.03761607,5,0.875,0.4,0.025675192000000003
35,21,Pz,0.153544148,0.0008096114101962704,0.006031732,0.153695764,5,1.0,1.0,0.009167084
35,28,O2,0.143455152,0.0009189657304383041,-0.023900808000000003,0.146251352,5,1.0,1.0,0.009167084
35,15,T3,0.12683144400000002,0.00040214959235338794,0.12683144400000002,0.13214194399999998,5,1.0,1.0,0.009167084
35,16,T4,0.12140743400000001,0.0009883228400831307,0.012958358,0.133913206,5,1.0,1.0,0.009167084
35,27,O1,0.12138977,0.0007059414863499702,0.056210884,0.131881962,5,1.0,1.0,0.009167084
35,17,CP3,0.119869442,0.0016620840734662028,0.032790990000000006,0.13842079599999998,5,1.0,1.0,0.009167084
35,13,C3,0.115163054,0.0005060500396008297,0.072324674,0.117404952,5,1.0,1.0,0.009167084
35,18,CP4,0.110623494,0.0006494710087679103,0.033682828,0.12729041,5,1.0,1.0,0.009167084
35,0,Fp1,0.109191606,0.0008060170472018579,-0.095351276,0.121997036,5,1.0,1.0,0.009167084
35,22,P3,0.10855937199999999,0.000791450857552132,0.10855937199999999,0.118016826,5,1.0,1.0,0.009167084
35,24,T5,0.10571891600000001,0.0009002056634069731,0.0736921,0.11493281,5,1.0,1.0,0.009167084
35,23,P4,0.10540414000000001,0.0008777680267587855,-0.093891746,0.117622378,5,1.0,1.0,0.009167084
35,2,Fz,0.104511176,0.0008274665091893454,-0.098474112,0.11779541600000001,5,1.0,1.0,0.009167084
35,7,FCz,0.099027362,0.00046779914938999525,0.099027362,0.114066468,5,1.0,1.0,0.009167084
35,4,F4,0.097761928,0.0005221097890482446,0.012118022,0.10806610000000001,5,1.0,1.0,0.009167084
35,10,FT7,0.089857514,0.000836497157723804,-0.057972873999999994,0.10330440999999999,5,1.0,1.0,0.009167084
35,20,TP8,0.088839762,0.0003726316910435848,-0.059343374000000004,0.108116498,5,1.0,1.0,0.009167084
35,3,F3,0.088107542,0.000397760655884918,0.027407066,0.09485566,5,1.0,1.0,0.009167084
35,14,C4,0.08594547599999999,0.0004396755235739147,-0.075815782,0.096499576,5,1.0,1.0,0.009167084
35,19,TP7,0.085428822,0.001336463920077908,-0.018431622,0.095297628,5,1.0,1.0,0.009167084
35,5,F7,0.08377129800000001,0.0007711164415767541,0.08206721,0.097712022,5,1.0,1.0,0.009167084
35,25,T6,0.081697564,0.0008323731805686666,-0.062886942,0.09279309,5,1.0,1.0,0.009167084
35,11,FT8,0.080617118,0.0009836409872356854,-0.003390784,0.09785862399999999,5,1.0,1.0,0.009167084
35,1,Fp2,0.07807346200000001,0.00047336867732244867,0.061386172,0.09567473,5,1.0,1.0,0.009167084
35,6,F8,0.077641352,0.0008598721054435931,-0.02921808,0.07863848,5,1.0,1.0,0.009167084
35,26,Oz,0.077349274,0.0003654205600127037,0.04209625,0.07984258799999999,5,1.0,1.0,0.009167084
35,12,Cz,0.076940544,0.0003000137650675379,0.07551397600000001,0.092453692,5,1.0,1.0,0.009167084
35,9,FC4,0.058043038000000005,0.0007442670658238207,-0.058043038000000005,0.076255354,5,1.0,1.0,0.009167084
35,8,FC3,0.030871080000000002,0.0005359643066473733,0.006286838,0.037443324,5,1.0,1.0,0.009167084
36,21,Pz,0.153039014,3.9995001312668824e-05,0.006700394,0.153227194,5,0.975,0.8,0.0007219080000000001
36,28,O2,0.14411738000000002,2.190890230022011e-05,-0.023649532,0.14683485400000001,5,0.975,0.8,0.0007219080000000001
36,15,T3,0.126758792,3.5769821358224906e-05,0.126758792,0.132010804,5,0.975,0.8,0.0007219080000000001
36,16,T4,0.12210358800000001,3.577820593601485e-05,0.013331948,0.13452758999999997,5,0.975,0.8,0.0007219080000000001
36,27,O1,0.12190212599999999,4.000250029685133e-05,0.056099029999999994,0.13224194,5,0.975,0.8,0.0007219080000000001
36,17,CP3,0.12111638799999999,4.3819630532443046e-05,0.032935544,0.139519172,5,0.975,0.8,0.0007219080000000001
36,13,C3,0.115310896,5.477225572168692e-09,0.072556486,0.11750229599999999,5,0.975,0.8,0.0007219080000000001
36,18,CP4,0.11087713400000002,2.1903425074629572e-05,0.034477488,0.127515194,5,0.975,0.8,0.0007219080000000001
36,0,Fp1,0.109838734,3.347058454822464e-05,-0.0958592,0.122576202,5,0.975,0.8,0.0007219080000000001
36,22,P3,0.10817338800000001,2.1842471700795772e-05,0.10817338800000001,0.11737176599999999,5,0.975,0.8,0.0007219080000000001
36,24,T5,0.104989548,2.1907076938738724e-05,0.073312824,0.11439929200000001,5,0.975,0.8,0.0007219080000000001
36,23,P4,0.104797414,3.5773733800090405e-05,-0.09302331,0.11676895000000001,5,0.975,0.8,0.0007219080000000001
36,2,Fz,0.10396175599999999,3.999500006251055e-05,-0.09833149399999999,0.117402644,5,0.975,0.8,0.0007219080000000001
36,7,FCz,0.098924882,1.7884071684046496e-05,0.098924882,0.114220612,5,0.975,0.8,0.0007219080000000001
36,4,F4,0.097548836,2.190342507463242e-05,0.01247602,0.10778975399999999,5,0.975,0.8,0.0007219080000000001
36,10,FT7,0.090411796,3.346520625963618e-05,-0.058258226,0.10397333,5,0.975,0.8,0.0007219080000000001
36,20,TP8,0.08907946,4.898979485566027e-05,-0.059337402000000004,0.10824631,5,0.975,0.8,0.0007219080000000001
36,3,F3,0.087786674,3.577205655256049e-05,0.027555204,0.094559324,5,0.975,0.8,0.0007219080000000001
36,14,C4,0.085670844,5.3621302483247875e-05,-0.075148568,0.09611750599999999,5,0.975,0.8,0.0007219080000000001
36,19,TP7,0.084419706,3.347118208250575e-05,-0.01875549,0.09435642,5,0.975,0.8,0.0007219080000000001
36,5,F7,0.08409786,1.788854381999914e-05,0.08170875400000001,0.097719098,5,0.975,0.8,0.0007219080000000001
36,25,T6,0.081141498,2.1906163972727388e-05,-0.062332528,0.092382198,5,0.975,0.8,0.0007219080000000001
36,11,FT8,0.08010719000000001,2.1908902300204064e-05,-0.0035538,0.09717554,5,0.975,0.8,0.0007219080000000001
36,1,Fp2,0.077800188,1.7893015955948683e-05,0.06132618199999999,0.095334102,5,0.975,0.8,0.0007219080000000001
36,26,Oz,0.077620762,2.828427160101414e-05,0.042275594,0.080002618,5,0.975,0.8,0.0007219080000000001
36,6,F8,0.077492068,4.8981629923884367e-05,-0.029246455999999997,0.07847653,5,0.975,0.8,0.0007219080000000001
36,12,Cz,0.07706024,4.381552293423134e-05,0.075667648,0.092583586,5,0.975,0.8,0.0007219080000000001
36,9,FC4,0.057899742,5.215131848764856e-05,-0.057899742,0.076182974,5,0.975,0.8,0.0007219080000000001
36,8,FC3,0.03094227,1.78885438199972e-05,0.00599813,0.037607466,5,0.975,0.8,0.0007219080000000001
37,21,Pz,0.153061354,0.0003474511534446254,0.00740593,0.153300082,5,0.875,0.4,0.010419812
37,28,O2,0.14405368400000002,0.0005370678390855217,-0.022961296,0.146666626,5,0.875,0.4,0.010419812
37,15,T3,0.127150666,0.0005256237954373825,0.127150666,0.132198106,5,0.875,0.4,0.010419812
37,16,T4,0.122124682,0.00012987908345842215,0.013627832000000001,0.134329308,5,0.875,0.4,0.010419812
37,27,O1,0.122084624,0.0009098783619693354,0.056513749999999995,0.132120454,5,0.875,0.4,0.010419812
37,17,CP3,0.12144289999999999,0.00047512518692445423,0.033883784,0.139867778,5,0.875,0.4,0.010419812
37,13,C3,0.11572753,0.00068947362186671,0.073297346,0.118024044,5,0.875,0.4,0.010419812
37,18,CP4,0.111619198,0.0008036079321223747,0.035703111999999995,0.127927042,5,0.875,0.4,0.010419812
37,0,Fp1,0.110698046,0.0010507156184620117,-0.09674379,0.12358633,5,0.875,0.4,0.010419812
37,22,P3,0.10892495399999999,0.001078101798639626,0.10892495399999999,0.11830648400000002,5,0.875,0.4,0.010419812
37,24,T5,0.10557830800000001,0.0005872075545920726,0.07389781799999999,0.11506820200000001,5,0.875,0.4,0.010419812
37,2,Fz,0.104197028,0.00017198125237943718,-0.098685022,0.11779637999999999,5,0.875,0.4,0.010419812
37,23,P4,0.104028584,0.0008751492833682725,-0.091888784,0.11575681,5,0.875,0.4,0.010419812
37,7,FCz,0.099013106,0.0004277468077963868,0.099013106,0.114722284,5,0.875,0.4,0.010419812
37,4,F4,0.097624958,0.000364714376971896,0.011791774,0.108261744,5,0.875,0.4,0.010419812
37,10,FT7,0.09100905200000001,0.0005914290215402051,-0.058171455999999996,0.10454701200000001,5,0.875,0.4,0.010419812
37,20,TP8,0.08849066,0.0008025611104146539,-0.058630096,0.10731847000000001,5,0.875,0.4,0.010419812
37,3,F3,0.08811253799999999,0.0005842416832698611,0.027141062,0.095154446,5,0.875,0.4,0.010419812
37,14,C4,0.085460928,0.00024249609083446948,-0.074542998,0.095424952,5,0.875,0.4,0.010419812
37,19,TP7,0.08410550400000001,0.0008967755361739088,-0.018253642,0.09418459,5,0.875,0.4,0.010419812
37,5,F7,0.083482184,0.0006797080073310911,0.080850268,0.097029904,5,0.875,0.4,0.010419812
37,25,T6,0.080558098,0.0006582336446278027,-0.061246522000000005,0.09157554999999999,5,0.875,0.4,0.010419812
37,11,FT8,0.07939480800000001,0.0006350609050870625,-0.0031575439999999995,0.09651141199999999,5,0.875,0.4,0.010419812
37,26,Oz,0.078489492,0.0010375798280951667,0.043042791999999996,0.08083459200000001,5,0.875,0.4,0.010419812
37,6,F8,0.077895788,0.0003496225899023116,-0.029980523999999998,0.078788576,5,0.875,0.4,0.010419812
37,12,Cz,0.077598866,0.0009234837998741499,0.07581884,0.093138574,5,0.875,0.4,0.010419812
37,1,Fp2,0.077139988,0.0008147820319692874,0.060571259999999995,0.094440528,5,0.875,0.4,0.010419812
37,9,FC4,0.058218302,0.0005954339195242418,-0.058218302,0.075986614,5,0.875,0.4,0.010419812
37,8,FC3,0.030421832,0.0006361487508201215,0.00607997,0.037066805999999994,5,0.875,0.4,0.010419812
38,21,Pz,0.15393408,0.0008741066303089069,0.00701943,0.154160306,5,1.0,1.0,0.018340744
38,28,O2,0.14365959,0.00045416549775385064,-0.024501208,0.14641082,5,1.0,1.0,0.018340744
38,15,T3,0.126901958,0.00018572356964047056,0.126901958,0.13288714399999998,5,1.0,1.0,0.018340744
38,27,O1,0.12354933400000001,0.0010256339246436754,0.05633913,0.13334353000000002,5,1.0,1.0,0.018340744
38,16,T4,0.12203112599999999,0.00035193990137521666,0.013607188000000001,0.13409532400000002,5,1.0,1.0,0.018340744
38,17,CP3,0.120386992,0.0007132087107712589,0.033381508,0.138719202,5,1.0,1.0,0.018340744
38,13,C3,0.11498582800000001,0.0010191127981828093,0.072244018,0.11714625199999999,5,1.0,1.0,0.018340744
38,18,CP4,0.11126640399999999,0.00022042539776532058,0.0353393,0.127234088,5,1.0,1.0,0.018340744
38,0,Fp1,0.11048641799999999,0.0008245615964074476,-0.096677892,0.12373524200000001,5,1.0,1.0,0.018340744
38,22,P3,0.10888363599999999,0.00038500574233380375,0.10888363599999999,0.117982162,5,1.0,1.0,0.018340744
38,24,T5,0.105114022,0.0010835737550900719,0.073500454,0.115148312,5,1.0,1.0,0.018340744
38,2,Fz,0.10469308399999999,0.0008304315056523347,-0.09878115,0.118108154,5,1.0,1.0,0.018340744
38,23,P4,0.104166966,0.0013002059355463665,-0.09276947199999999,0.11652370999999999,5,1.0,1.0,0.018340744
38,7,FCz,0.09903377399999999,0.000639869213847649,0.09903377399999999,0.114184374,5,1.0,1.0,0.018340744
38,4,F4,0.097199994,0.0007536134232681896,0.013175323999999999,0.10678744200000001,5,1.0,1.0,0.018340744
38,10,FT7,0.089565398,0.0006741385072594543,-0.057400182,0.10384933,5,1.0,1.0,0.018340744
38,20,TP8,0.088559258,0.000875113112728862,-0.06002896,0.10825163,5,1.0,1.0,0.018340744
38,3,F3,0.08852394799999999,0.0006431788895944878,0.027223266000000003,0.09524522199999999,5,1.0,1.0,0.018340744
38,14,C4,0.085034344,0.0008000945411199845,-0.0749244,0.09559902,5,1.0,1.0,0.018340744
38,19,TP7,0.0826052,0.0009634694280308023,-0.019539508,0.092494248,5,1.0,1.0,0.018340744
38,5,F7,0.082506846,0.0009514971751035374,0.080768812,0.096466818,5,1.0,1.0,0.018340744
38,11,FT8,0.081133568,0.0006123559444636788,-0.004254714,0.09852240999999999,5,1.0,1.0,0.018340744
38,25,T6,0.080285558,0.0006606071143804031,-0.062479903999999996,0.09169012,5,1.0,1.0,0.018340744
38,26,Oz,0.077499624,0.00043745964228714867,0.043595662,0.079689096,5,1.0,1.0,0.018340744
38,12,Cz,0.07657574,0.0007924570790585364,0.076234752,0.0924054,5,1.0,1.0,0.018340744
38,1,Fp2,0.07639642399999999,0.001170086390391753,0.061198184,0.09395762199999999,5,1.0,1.0,0.018340744
38,6,F8,0.07608003199999999,0.0009079755998483681,-0.02892283,0.07710159,5,1.0,1.0,0.018340744
38,9,FC4,0.058141376,0.0007424195160958556,-0.058141376,0.07534412,5,1.0,1.0,0.018340744
38,8,FC3,0.030875308,0.00037709582630944115,0.006623344000000001,0.037779634,5,1.0,1.0,0.018340744
39,21,Pz,0.15307901200000001,4.000500118734065e-05,0.006740392,0.153269184,5,0.975,0.8,0.000721924
39,28,O2,0.14412538000000003,2.1908902300208075e-05,-0.023689534,0.146845226,5,0.975,0.8,0.000721924
39,15,T3,0.126726778,3.346281548225884e-05,0.126726778,0.131973874,5,0.975,0.8,0.000721924
39,16,T4,0.12211159,2.1908902300208814e-05,0.01333995,0.134538604,5,0.975,0.8,0.000721924
39,27,O1,0.12189412399999999,3.346759671682137e-05,0.056107034,0.132242588,5,0.975,0.8,0.000721924
39,17,CP3,0.121076398,5.215323642881906e-05,0.032959551999999996,0.139485006,5,0.975,0.8,0.000721924
39,13,C3,0.11523090799999999,3.999500118764424e-05,0.072540486,0.117426736,5,0.975,0.8,0.000721924
39,18,CP4,0.11094912999999999,2.190890230020121e-05,0.034549486000000004,0.127588584,5,0.975,0.8,0.000721924
39,0,Fp1,0.10984674000000001,4.00000006250001e-05,-0.095883204,0.12259108999999999,5,0.975,0.8,0.000721924
39,22,P3,0.10815744199999999,2.828427248489943e-05,0.10815744199999999,0.11737139599999999,5,0.975,0.8,0.000721924
39,24,T5,0.105013548,1.7884071684043392e-05,0.073272828,0.11440498400000002,5,0.975,0.8,0.000721924
39,23,P4,0.10481341,2.828427213134421e-05,-0.092991306,0.11675929199999999,5,0.975,0.8,0.000721924
39,2,Fz,0.10399375200000001,3.346998685389401e-05,-0.098347496,0.117429282,5,0.975,0.8,0.000721924
39,7,FCz,0.098948886,3.577373449893006e-05,0.098948886,0.11420605800000001,5,0.975,0.8,0.000721924
39,4,F4,0.09752483999999999,1.788854381999636e-05,0.012468024,0.10776401199999999,5,0.975,0.8,0.000721924
39,10,FT7,0.09042779199999999,3.346580374053407e-05,-0.058226228000000005,0.10394673800000001,5,0.975,0.8,0.000721924
39,20,TP8,0.089103458,3.577876493116926e-05,-0.059297402,0.10824558399999999,5,0.975,0.8,0.000721924
39,3,F3,0.087722676,3.346221794800721e-05,0.027523208,0.094508018,5,0.975,0.8,0.000721924
39,14,C4,0.08559887,2.1908902300207757e-05,-0.0751086,0.09605047600000001,5,0.975,0.8,0.000721924
39,19,TP7,0.084443708,3.577541082922865e-05,-0.01873149,0.094386944,5,0.975,0.8,0.000721924
39,5,F7,0.084105858,2.8287806913934452e-05,0.081668754,0.09768812,5,0.975,0.8,0.000721924
39,25,T6,0.081117492,3.34640108175958e-05,-0.06234052599999999,0.092379492,5,0.975,0.8,0.000721924
39,11,FT8,0.080107184,6.693160710755066e-05,-0.003537796,0.097183976,5,0.975,0.8,0.000721924
39,1,Fp2,0.077752186,2.1914379525785206e-05,0.06126218,0.09528467,5,0.975,0.8,0.000721924
39,26,Oz,0.07760476,3.577708763999411e-05,0.042291590000000004,0.079997314,5,0.975,0.8,0.000721924
39,6,F8,0.077500068,1.7884071684039513e-05,-0.029222456,0.078490576,5,0.975,0.8,0.000721924
39,12,Cz,0.07706023799999999,3.346401081759359e-05,0.075683656,0.09261036,5,0.975,0.8,0.000721924
39,9,FC4,0.057883728,3.3435930822994496e-05,-0.057883728,0.076134812,5,0.975,0.8,0.000721924
39,8,FC3,0.030998276,5.2154386967925404e-05,0.00600613,0.03765367,5,0.975,0.8,0.000721924
4,21,Pz,0.153464514,0.00051933531776686,0.007207558,0.15367208,5,0.975,0.8,0.011473764000000001
4,28,O2,0.144641178,0.0007028513588021345,-0.022646813999999998,0.14719589,5,0.975,0.8,0.011473764000000001
4,15,T3,0.127111012,0.0006724067479360997,0.127111012,0.132317404,5,0.975,0.8,0.011473764000000001
4,27,O1,0.12167520400000001,0.0005087682933615246,0.056633279999999994,0.13192789600000002,5,0.975,0.8,0.011473764000000001
4,16,T4,0.12124432,0.001066943423382889,0.013755568,0.13385044200000001,5,0.975,0.8,0.011473764000000001
4,17,CP3,0.12085581999999999,0.0005270850800392668,0.033029781999999994,0.139345294,5,0.975,0.8,0.011473764000000001
4,13,C3,0.115037982,0.00032071080145514003,0.07283542000000001,0.11743321799999999,5,0.975,0.8,0.011473764000000001
4,0,Fp1,0.11054319399999998,0.0007646396587805248,-0.097027714,0.12362048,5,0.975,0.8,0.011473764000000001
4,18,CP4,0.11052569000000001,0.0006611552071563867,0.034918828,0.126829582,5,0.975,0.8,0.011473764000000001
4,22,P3,0.10842393800000001,0.0005636523162109773,0.10842393800000001,0.11733748399999999,5,0.975,0.8,0.011473764000000001
4,24,T5,0.10640646000000001,0.0017097201799417354,0.07408657199999999,0.11571715199999999,5,0.975,0.8,0.011473764000000001
4,23,P4,0.10509273999999999,0.0005080800087584667,-0.09260056800000001,0.11692939,5,0.975,0.8,0.011473764000000001
4,2,Fz,0.103853172,0.0001299573442326366,-0.098956794,0.11762157399999999,5,0.975,0.8,0.011473764000000001
4,7,FCz,0.098954478,0.0003022801013464181,0.098954478,0.114091274,5,0.975,0.8,0.011473764000000001
4,4,F4,0.09751552399999999,0.0005649485151144347,0.012665844,0.107623322,5,0.975,0.8,0.011473764000000001
4,10,FT7,0.09074974799999999,0.0004119932025774223,-0.058813892,0.103967848,5,0.975,0.8,0.011473764000000001
4,20,TP8,0.088607908,0.0007815851181221373,-0.05887723,0.107603152,5,0.975,0.8,0.011473764000000001
4,3,F3,0.08746073800000001,0.0005083205285250583,0.026882626,0.0942347,5,0.975,0.8,0.011473764000000001
4,14,C4,0.08608297200000001,0.0006815711664015767,-0.074752856,0.09603157799999999,5,0.975,0.8,0.011473764000000001
4,19,TP7,0.085086732,0.0007306595981850895,-0.018068808,0.09521016600000001,5,0.975,0.8,0.011473764000000001
4,5,F7,0.08288404,0.0015179591786836694,0.081181206,0.096691322,5,0.975,0.8,0.011473764000000001
4,25,T6,0.080952028,0.000308343266458016,-0.061322128,0.09198885999999999,5,0.975,0.8,0.011473764000000001
4,11,FT8,0.080381866,0.00036807358969369086,-0.003934496,0.097913298,5,0.975,0.8,0.011473764000000001
4,26,Oz,0.078314468,0.0008314073419930817,0.043180496,0.080686414,5,0.975,0.8,0.011473764000000001
4,6,F8,0.077370984,0.00045564766309068565,-0.029792030000000004,0.07833184800000001,5,0.975,0.8,0.011473764000000001
4,12,Cz,0.07734920599999999,0.0004293756792483687,0.07596948,0.092984048,5,0.975,0.8,0.011473764000000001
4,1,Fp2,0.07727753600000001,0.0007166551739016531,0.06023919800000001,0.094605144,5,0.975,0.8,0.011473764000000001
4,9,FC4,0.057984002,0.0003768901486109721,-0.057984002,0.07578821399999999,5,0.975,0.8,0.011473764000000001
4,8,FC3,0.03030577,0.0007475438702511042,0.006042272,0.036716784,5,0.975,0.8,0.011473764000000001
40,21,Pz,0.153136314,0.0003393480642054692,0.0067701720000000005,0.153328136,5,0.975,0.8,0.004876222
40,28,O2,0.144376038,0.00018716540925074743,-0.023350466,0.147012266,5,0.975,0.8,0.004876222
40,15,T3,0.12672578,0.000358838283423054,0.12672578,0.132000974,5,0.975,0.8,0.004876222
40,27,O1,0.12191464,0.00019213717469557966,0.056167018,0.132270088,5,0.975,0.8,0.004876222
40,16,T4,0.12182914,0.00024078998764483545,0.01366647,0.134214582,5,0.975,0.8,0.004876222
40,17,CP3,0.120814964,0.00023002777795300694,0.032654424,0.139381048,5,0.975,0.8,0.004876222
40,13,C3,0.11512934,5.371917488196478e-05,0.07210782600000001,0.11729872999999999,5,0.975,0.8,0.004876222
40,18,CP4,0.11117866800000001,0.0003503997887699164,0.034461554,0.127784502,5,0.975,0.8,0.004876222
40,0,Fp1,0.10948054,0.0002887268160389699,-0.09585764399999999,0.122218944,5,0.975,0.8,0.004876222
40,22,P3,0.10825805,0.00022038062619023343,0.10825805,0.117343202,5,0.975,0.8,0.004876222
40,24,T5,0.105158108,0.00018333563788854764,0.07342782,0.11455151599999999,5,0.975,0.8,0.004876222
40,23,P4,0.104473132,0.00030096803405012967,-0.092758754,0.11645135,5,0.975,0.8,0.004876222
40,2,Fz,0.104064194,0.00011743125278220844,-0.098657722,0.11762914399999999,5,0.975,0.8,0.004876222
40,7,FCz,0.09866686599999999,0.00018722799958873545,0.09866686599999999,0.11406134000000001,5,0.975,0.8,0.004876222
40,4,F4,0.097563794,0.00016348889803286296,0.012219586000000001,0.10795591,5,0.975,0.8,0.004876222
40,10,FT7,0.090184412,0.00027064232497892997,-0.058092776,0.103668588,5,0.975,0.8,0.004876222
40,20,TP8,0.089055162,0.0004131586487900314,-0.05916793,0.10813050399999999,5,0.975,0.8,0.004876222
40,3,F3,0.087662536,8.233002690392006e-05,0.02712535,0.094502606,5,0.975,0.8,0.004876222
40,14,C4,0.085607584,0.00016469315796352932,-0.075421752,0.096199378,5,0.975,0.8,0.004876222
40,19,TP7,0.08452345,9.52933520766268e-05,-0.018710596000000003,0.094297484,5,0.975,0.8,0.004876222
40,5,F7,0.084257544,0.00029586467291652216,0.081718182,0.09778458,5,0.975,0.8,0.004876222
40,25,T6,0.08082089,0.0003529784530959365,-0.06240840599999999,0.09222907799999999,5,0.975,0.8,0.004876222
40,11,FT8,0.080405832,0.00037966760287124965,-0.0032243640000000004,0.097515718,5,0.975,0.8,0.004876222
40,26,Oz,0.078036534,0.00033159896197063174,0.042582928,0.080385348,5,0.975,0.8,0.004876222
40,1,Fp2,0.077767962,0.00010142739136939031,0.061316218,0.095511916,5,0.975,0.8,0.004876222
40,12,Cz,0.07711958,0.0002612934402161676,0.075424946,0.09259703799999999,5,0.975,0.8,0.004876222
40,6,F8,0.077050792,0.0003777531318467129,-0.02891339,0.07805665,5,0.975,0.8,0.004876222
40,9,FC4,0.058182427999999994,0.00020495749393471956,-0.058182427999999994,0.076185638,5,0.975,0.8,0.004876222
40,8,FC3,0.030478076,0.00038265568293179757,0.0057114060000000005,0.037247022000000005,5,0.975,0.8,0.004876222
41,21,Pz,0.15241564400000002,0.0010680003405570523,0.006752526,0.152620604,5,0.95,0.6,0.008980796
41,28,O2,0.145186056,0.001438070073268328,-0.023749064,0.14789632,5,0.95,0.6,0.008980796
41,15,T3,0.12599997599999999,0.001095348177991834,0.12599997599999999,0.131251658,5,0.95,0.6,0.008980796
41,16,T4,0.121802162,0.0003074791745305667,0.013195578,0.13457225,5,0.95,0.6,0.008980796
41,27,O1,0.12133173400000001,0.0007141885468698056,0.056093066000000004,0.131736166,5,0.95,0.6,0.008980796
41,17,CP3,0.120965444,0.0004177505799876309,0.032835712,0.139050604,5,0.95,0.6,0.008980796
41,13,C3,0.115226724,0.0001481791808251086,0.072331722,0.11744018199999999,5,0.95,0.6,0.008980796
41,18,CP4,0.110779708,0.0003803109583880057,0.03423611,0.127844184,5,0.95,0.6,0.008980796
41,0,Fp1,0.10904258600000001,0.0008984488532353881,-0.095621662,0.12191221599999999,5,0.95,0.6,0.008980796
41,22,P3,0.108063702,0.0001381129295902472,0.108063702,0.11740286,5,0.95,0.6,0.008980796
41,24,T5,0.10541869,0.0006326222971094182,0.07310718000000001,0.114540646,5,0.95,0.6,0.008980796
41,23,P4,0.10440429600000001,0.000831668640703737,-0.09312277799999999,0.116443212,5,0.95,0.6,0.008980796
41,2,Fz,0.10386560199999999,0.0001922003565813497,-0.09790903599999999,0.117042234,5,0.95,0.6,0.008980796
41,7,FCz,0.09911408399999999,0.0003513266291928317,0.09911408399999999,0.11393962399999999,5,0.95,0.6,0.008980796
41,4,F4,0.09755538799999999,3.1427012584725385e-05,0.013028815999999999,0.107692174,5,0.95,0.6,0.008980796
41,10,FT7,0.090573554,0.000707586895532981,-0.058985404,0.104156636,5,0.95,0.6,0.008980796
41,20,TP8,0.089866178,0.0010447592791499834,-0.059749828000000005,0.1091768,5,0.95,0.6,0.008980796
41,3,F3,0.08758711999999999,0.0004156276156007923,0.027709324,0.094161072,5,0.95,0.6,0.008980796
41,14,C4,0.085336618,0.00042416591243286077,-0.074888742,0.09579676200000001,5,0.95,0.6,0.008980796
41,19,TP7,0.085083226,0.0008009161003063866,-0.018957202,0.09511976,5,0.95,0.6,0.008980796
41,5,F7,0.083768516,0.000713746331850474,0.08080939200000001,0.097081792,5,0.95,0.6,0.008980796
41,25,T6,0.08136966799999999,0.00031828069320962257,-0.062615646,0.092474308,5,0.95,0.6,0.008980796
41,11,FT8,0.080133826,6.549238490084126e-05,-0.003633604,0.09726745,5,0.95,0.6,0.008980796
41,1,Fp2,0.078913968,0.0014743920494970078,0.0618629,0.096189196,5,0.95,0.6,0.008980796
41,26,Oz,0.078084842,0.0006932860836047488,0.0421195,0.080438144,5,0.95,0.6,0.008980796
41,6,F8,0.077802834,0.00068378635920147,-0.028901741999999998,0.07889656,5,0.95,0.6,0.008980796
41,12,Cz,0.07666988799999999,0.0005684481616383332,0.07581916,0.092551818,5,0.95,0.6,0.008980796
41,9,FC4,0.05758392,0.00044888126074720225,-0.05758392,0.075492166,5,0.95,0.6,0.008980796
41,8,FC3,0.030872832,0.00031109441680943016,0.005673236,0.037605506,5,0.95,0.6,0.008980796
42,21,Pz,0.153433302,0.0005458387933905066,0.007015894,0.15362593600000002,5,0.825,0.2,0.009503264
42,28,O2,0.14390555600000002,0.0002695778541163984,-0.023471324,0.14657025799999998,5,0.825,0.2,0.009503264
42,15,T3,0.12719750400000002,0.0008182380230898605,0.12719750400000002,0.13228396599999998,5,0.825,0.2,0.009503264
42,27,O1,0.122573,0.0009693226335436566,0.056901292000000006,0.132961682,5,0.825,0.2,0.009503264
42,16,T4,0.122224318,0.0005599166672996968,0.013660834,0.134459304,5,0.825,0.2,0.009503264
42,17,CP3,0.121065778,0.00013765410916496168,0.032960622,0.139934022,5,0.825,0.2,0.009503264
42,13,C3,0.11469711,0.0006862249065357478,0.07267762600000001,0.117052156,5,0.825,0.2,0.009503264
42,18,CP4,0.110785478,0.0003141095034697265,0.034907036,0.12696847,5,0.825,0.2,0.009503264
42,0,Fp1,0.110628964,0.001285314351016901,-0.09649643999999999,0.12335487199999999,5,0.825,0.2,0.009503264
42,22,P3,0.10823758400000001,0.00011132162314662188,0.10823758400000001,0.11704172399999999,5,0.825,0.2,0.009503264
42,23,P4,0.10506986999999998,0.00023760083953976055,-0.092665726,0.116926138,5,0.825,0.2,0.009503264
42,24,T5,0.10503941400000001,0.00020823180035719644,0.07386827,0.11481171400000001,5,0.825,0.2,0.009503264
42,2,Fz,0.10444704600000002,0.0004390765979074721,-0.099112648,0.118150406,5,0.825,0.2,0.009503264
42,7,FCz,0.09863717600000001,0.0005253582542703581,0.09863717600000001,0.114077252,5,0.825,0.2,0.009503264
42,4,F4,0.096973292,0.0004891564738097603,0.01199395,0.10738664199999999,5,0.825,0.2,0.009503264
42,10,FT7,0.09038473799999999,7.510835685860857e-05,-0.057624032000000006,0.10359875599999999,5,0.825,0.2,0.009503264
42,20,TP8,0.089616078,0.0006253297039722353,-0.059030892,0.10842996199999999,5,0.825,0.2,0.009503264
42,3,F3,0.08750804,0.0003860787764822123,0.027129769999999997,0.09432992,5,0.825,0.2,0.009503264
42,14,C4,0.08529669200000001,0.0003197079157137029,-0.07507232,0.09581286200000001,5,0.825,0.2,0.009503264
42,5,F7,0.084002282,0.00030330517728848454,0.08098670999999999,0.097219206,5,0.825,0.2,0.009503264
42,19,TP7,0.083973056,0.0007660328033968253,-0.01816533,0.093718696,5,0.825,0.2,0.009503264
42,25,T6,0.080498828,0.0006608475113594728,-0.061984158,0.09192301,5,0.825,0.2,0.009503264
42,11,FT8,0.08037641799999999,0.00045074562396100885,-0.003708914,0.097832772,5,0.825,0.2,0.009503264
42,26,Oz,0.07746065799999999,0.000244177261983998,0.04275947,0.080119984,5,0.825,0.2,0.009503264
42,12,Cz,0.077337654,0.0006166348120078841,0.075591612,0.092857988,5,0.825,0.2,0.009503264
42,6,F8,0.077290456,0.00017137161923725923,-0.029616419999999997,0.07828447000000001,5,0.825,0.2,0.009503264
42,1,Fp2,0.07667408,0.0015756040538631492,0.060696667999999995,0.09446768,5,0.825,0.2,0.009503264
42,9,FC4,0.058496428,0.0008782061967841033,-0.058496428,0.076589968,5,0.825,0.2,0.009503264
42,8,FC3,0.030884225999999997,0.00028095410449039554,0.00585505,0.03798517,5,0.825,0.2,0.009503264
43,21,Pz,0.152999008,4.472135950576866e-09,0.006756392,0.153190182,5,0.975,0.8,0.0007219080000000001
43,28,O2,0.14418138200000002,2.8291344436056097e-05,-0.023697535999999998,0.14689722,5,0.975,0.8,0.0007219080000000001
43,15,T3,0.12676679,1.7860597694369345e-05,0.12676679,0.132014532,5,0.975,0.8,0.0007219080000000001
43,16,T4,0.122055588,3.346401081759545e-05,0.01329995,0.13449444800000002,5,0.975,0.8,0.0007219080000000001
43,27,O1,0.12184612800000001,2.1907076938746005e-05,0.056107032,0.13219718,5,0.975,0.8,0.0007219080000000001
43,17,CP3,0.121100392,6.066069625383619e-05,0.032951546,0.139505652,5,0.975,0.8,0.0007219080000000001
43,13,C3,0.11526290400000001,1.7896370581768613e-05,0.07250849000000001,0.117453962,5,0.975,0.8,0.0007219080000000001
43,18,CP4,0.11091713,3.577708763999411e-05,0.034533488,0.127572882,5,0.975,0.8,0.0007219080000000001
43,0,Fp1,0.10977473600000001,3.3461620253655197e-05,-0.095859198,0.12253551,5,0.975,0.8,0.0007219080000000001
43,22,P3,0.108181444,2.1903426216011147e-05,0.108181444,0.117390718,5,0.975,0.8,0.0007219080000000001
43,24,T5,0.10500555,4.89897948556618e-05,0.07331282,0.11439512199999999,5,0.975,0.8,0.0007219080000000001
43,23,P4,0.10476540999999999,1.7888543819997977e-05,-0.09299131000000001,0.116723452,5,0.975,0.8,0.0007219080000000001
43,2,Fz,0.10400175,4.0000000624995617e-05,-0.098307492,0.117413756,5,0.975,0.8,0.0007219080000000001
43,7,FCz,0.09894887799999999,2.190160427913847e-05,0.09894887799999999,0.11422797199999998,5,0.975,0.8,0.0007219080000000001
43,4,F4,0.097556842,3.577541082922936e-05,0.012500026000000001,0.10777690399999999,5,0.975,0.8,0.0007219080000000001
43,10,FT7,0.090459788,2.828073584615475e-05,-0.058226228000000005,0.104011746,5,0.975,0.8,0.0007219080000000001
43,20,TP8,0.08911146,3.3472377417805044e-05,-0.05930540399999999,0.1082587,5,0.975,0.8,0.0007219080000000001
43,3,F3,0.087754678,2.1907076938739988e-05,0.0275712,0.09450757600000001,5,0.975,0.8,0.0007219080000000001
43,14,C4,0.08567087200000001,3.577596986805946e-05,-0.0751166,0.09611434599999999,5,0.975,0.8,0.0007219080000000001
43,19,TP7,0.08438770799999999,2.8294878865267722e-05,-0.018707488,0.094346156,5,0.975,0.8,0.0007219080000000001
43,5,F7,0.08412186,2.1908902300204064e-05,0.081684754,0.09771658800000001,5,0.975,0.8,0.0007219080000000001
43,25,T6,0.08114149200000001,2.1907076938746534e-05,-0.062348526,0.09237381,5,0.975,0.8,0.0007219080000000001
43,11,FT8,0.080115184,4.560877196329231e-05,-0.0035617999999999995,0.097177874,5,0.975,0.8,0.0007219080000000001
43,1,Fp2,0.0778002,3.3460428867550076e-05,0.061278172,0.095327918,5,0.975,0.8,0.0007219080000000001
43,26,Oz,0.077636766,5.365221505213063e-05,0.042259586,0.08002209,5,0.975,0.8,0.0007219080000000001
43,6,F8,0.07754006,1.788854381999914e-05,-0.029262454,0.078524358,5,0.975,0.8,0.0007219080000000001
43,12,Cz,0.07710823,3.577149773213502e-05,0.07571565799999999,0.09263814,5,0.975,0.8,0.0007219080000000001
43,9,FC4,0.057883741999999995,3.346699896913605e-05,-0.057883741999999995,0.076169356,5,0.975,0.8,0.0007219080000000001
43,8,FC3,0.030950294,2.82878318363223e-05,0.0060061459999999995,0.037606094,5,0.975,0.8,0.0007219080000000001
44,21,Pz,0.152827784,0.00036092275458884276,0.006192192,0.153000648,5,0.925,0.8,0.0054817320000000004
44,28,O2,0.14443198200000001,0.0006276786972807041,-0.024106436000000002,0.147193916,5,0.925,0.8,0.0054817320000000004
44,15,T3,0.12684529,0.00018084572209482378,0.12684529,0.132196176,5,0.925,0.8,0.0054817320000000004
44,16,T4,0.12227509,0.0004202157184708853,0.013085358,0.13469501,5,0.925,0.8,0.0054817320000000004
44,17,CP3,0.12127658999999999,0.0002738123725290726,0.03229223,0.139467546,5,0.925,0.8,0.0054817320000000004
44,27,O1,0.121264068,0.001180892850715079,0.05571198200000001,0.13166709599999998,5,0.925,0.8,0.0054817320000000004
44,13,C3,0.11551635,0.0005275312775561326,0.07244360600000001,0.11768750800000001,5,0.925,0.8,0.0054817320000000004
44,18,CP4,0.11041443800000002,0.0010936115339415546,0.034238132,0.127000016,5,0.925,0.8,0.0054817320000000004
44,0,Fp1,0.10964487199999999,0.00040717163539470463,-0.09551404599999999,0.12231574199999999,5,0.925,0.8,0.0054817320000000004
44,22,P3,0.10790653400000001,0.0006511059644021055,0.10790653400000001,0.11717208400000001,5,0.925,0.8,0.0054817320000000004
44,24,T5,0.105115776,0.00020665384361293954,0.07305502999999999,0.114424564,5,0.925,0.8,0.0054817320000000004
44,23,P4,0.10485146199999999,0.00013132810464633646,-0.0934723,0.11704776400000001,5,0.925,0.8,0.0054817320000000004
44,2,Fz,0.103630254,0.0007191010203928219,-0.09807160000000001,0.117019758,5,0.925,0.8,0.0054817320000000004
44,7,FCz,0.098966374,3.407349233641653e-05,0.098966374,0.113995672,5,0.925,0.8,0.0054817320000000004
44,4,F4,0.09789081200000001,0.0007335888576852886,0.013198942,0.107838184,5,0.925,0.8,0.0054817320000000004
44,10,FT7,0.090521454,0.0002290689010538169,-0.058095933999999995,0.10427829799999999,5,0.925,0.8,0.0054817320000000004
44,20,TP8,0.08932343400000001,0.00043408474216448113,-0.059774482,0.108680088,5,0.925,0.8,0.0054817320000000004
44,3,F3,0.087699134,0.00016246276674980066,0.027864364000000003,0.09429425599999999,5,0.925,0.8,0.0054817320000000004
44,14,C4,0.085945464,0.0006504086632110555,-0.075383422,0.096416996,5,0.925,0.8,0.0054817320000000004
44,19,TP7,0.08457526800000001,0.0003527472110024476,-0.019161328,0.09455974,5,0.925,0.8,0.0054817320000000004
44,5,F7,0.08454286200000001,0.000954945739463764,0.082242762,0.09828511,5,0.925,0.8,0.0054817320000000004
44,25,T6,0.08166433399999999,0.0011382818366423996,-0.06264278,0.092795812,5,0.925,0.8,0.0054817320000000004
44,11,FT8,0.08022484,0.00027703178969208783,-0.0032934199999999996,0.097097824,5,0.925,0.8,0.0054817320000000004
44,1,Fp2,0.07818391,0.0008631338204762957,0.06171199000000001,0.09572267599999999,5,0.925,0.8,0.0054817320000000004
44,26,Oz,0.077684054,8.150124035866491e-05,0.041951902,0.080127642,5,0.925,0.8,0.0054817320000000004
44,6,F8,0.077245498,0.000530012701140261,-0.02855411,0.078344018,5,0.925,0.8,0.0054817320000000004
44,12,Cz,0.07702359,0.00013228994217248565,0.075517368,0.09251043,5,0.925,0.8,0.0054817320000000004
44,9,FC4,0.057205564,0.0013554563325057745,-0.057205564,0.075581224,5,0.925,0.8,0.0054817320000000004
44,8,FC3,0.030756529999999997,0.0004121916277655324,0.006137666,0.03733057,5,0.925,0.8,0.0054817320000000004
45,21,Pz,0.152778764,0.00044077868786954763,0.006405322,0.153026514,5,0.95,0.6,0.017644196
45,28,O2,0.14420254,0.0004494469432535832,-0.02409949,0.14693873200000002,5,0.95,0.6,0.017644196
45,15,T3,0.12750111400000003,0.0004661437720596593,0.12750111400000003,0.132749282,5,0.95,0.6,0.017644196
45,17,CP3,0.12199874399999999,0.0006523162917481086,0.033315522,0.139881474,5,0.95,0.6,0.017644196
45,16,T4,0.12127653199999999,0.00043670082610409685,0.01374709,0.13396126800000002,5,0.95,0.6,0.017644196
45,27,O1,0.12119801,0.00029859009921629533,0.055570765999999994,0.131871934,5,0.95,0.6,0.017644196
45,13,C3,0.115906588,0.0008268658902566961,0.073284918,0.11817653800000001,5,0.95,0.6,0.017644196
45,18,CP4,0.110971412,0.0005262763316167617,0.034818106,0.12685544799999998,5,0.95,0.6,0.017644196
45,0,Fp1,0.10915799,0.0007321426320738307,-0.096220954,0.122556386,5,0.95,0.6,0.017644196
45,22,P3,0.10848713400000001,0.0010158525966546565,0.10848713400000001,0.117750332,5,0.95,0.6,0.017644196
45,24,T5,0.106434034,0.0010683329092937245,0.073407282,0.115592034,5,0.95,0.6,0.017644196
45,23,P4,0.10446487,0.0010395080426095773,-0.09264211,0.11654905600000001,5,0.95,0.6,0.017644196
45,2,Fz,0.10294715000000002,0.0010614065710414658,-0.09857342,0.11692627600000001,5,0.95,0.6,0.017644196
45,7,FCz,0.098431244,0.0013211083021387744,0.098431244,0.114093574,5,0.95,0.6,0.017644196
45,4,F4,0.09788509199999999,0.0002649657172541339,0.012690566,0.108387436,5,0.95,0.6,0.017644196
45,10,FT7,0.090605086,0.00037628870037512493,-0.0574634,0.10334166200000001,5,0.95,0.6,0.017644196
45,20,TP8,0.090016066,0.001293256538754008,-0.058026369999999994,0.108336332,5,0.95,0.6,0.017644196
45,3,F3,0.087298434,0.00036389840509406016,0.026179404,0.094281296,5,0.95,0.6,0.017644196
45,19,TP7,0.08626007399999999,0.0014307390948492303,-0.018229538,0.096224774,5,0.95,0.6,0.017644196
45,14,C4,0.08503730400000001,0.00037332081334958664,-0.0742115,0.09496300199999999,5,0.95,0.6,0.017644196
45,5,F7,0.084068186,0.000502902130816719,0.081952026,0.097555822,5,0.95,0.6,0.017644196
45,25,T6,0.081322658,0.0007334488688177244,-0.062597948,0.09235246,5,0.95,0.6,0.017644196
45,11,FT8,0.07919366800000001,0.0005307059132608216,-0.00418716,0.095795034,5,0.95,0.6,0.017644196
45,6,F8,0.079162388,0.0009258582595732454,-0.029752318,0.08013365800000001,5,0.95,0.6,0.017644196
45,1,Fp2,0.078996568,0.0009834391969359316,0.061454362,0.095906108,5,0.95,0.6,0.017644196
45,26,Oz,0.078028648,0.0005380272359927532,0.041403228,0.080117858,5,0.95,0.6,0.017644196
45,12,Cz,0.077291716,0.00043927116344007823,0.076920974,0.09348196,5,0.95,0.6,0.017644196
45,9,FC4,0.056639989999999994,0.0008762119247933115,-0.056639989999999994,0.074620888,5,0.95,0.6,0.017644196
45,8,FC3,0.03034333,0.0007588821708934803,0.006325572,0.03698033,5,0.95,0.6,0.017644196
46,21,Pz,0.153381094,0.0005166496924706398,0.006408944,0.153560906,5,0.975,0.8,0.017868768
46,28,O2,0.144125326,0.00035327880771425827,-0.023806684,0.146919614,5,0.975,0.8,0.017868768
46,15,T3,0.12722861000000002,0.00048379006697120614,0.12722861000000002,0.132342666,5,0.975,0.8,0.017868768
46,16,T4,0.12400461,0.0013544539563418168,0.01373228,0.136415364,5,0.975,0.8,0.017868768
46,17,CP3,0.12095817,0.0005967393588075052,0.032772814,0.138531036,5,0.975,0.8,0.017868768
46,27,O1,0.1207014,0.0007135007513310705,0.055623972,0.131662788,5,0.975,0.8,0.017868768
46,13,C3,0.115500906,0.0005323979587489017,0.071972332,0.11752586599999999,5,0.975,0.8,0.017868768
46,18,CP4,0.111393444,0.000690899696504491,0.033742958,0.12794914400000001,5,0.975,0.8,0.017868768
46,0,Fp1,0.110230782,0.0005774202026427581,-0.095416866,0.12237449,5,0.975,0.8,0.017868768
46,22,P3,0.108340382,0.00038967708063216,0.108340382,0.118279234,5,0.975,0.8,0.017868768
46,23,P4,0.10677635999999999,0.0014692226208611171,-0.093842066,0.11840170800000001,5,0.975,0.8,0.017868768
46,24,T5,0.104942976,0.000920245931574813,0.072890308,0.113846892,5,0.975,0.8,0.017868768
46,2,Fz,0.10450913399999999,0.001279855241494129,-0.098524212,0.11777515599999999,5,0.975,0.8,0.017868768
46,7,FCz,0.09821880599999999,0.0006160932303474867,0.09821880599999999,0.113306214,5,0.975,0.8,0.017868768
46,4,F4,0.096663752,0.0012609289332353338,0.012728554,0.10667728000000001,5,0.975,0.8,0.017868768
46,10,FT7,0.09068966,0.0007887613040711342,-0.058703224,0.10341547,5,0.975,0.8,0.017868768
46,20,TP8,0.08940931399999999,0.0006627180731879886,-0.05912656200000001,0.108385138,5,0.975,0.8,0.017868768
46,3,F3,0.08796013,0.000458311179331251,0.028401998,0.094783734,5,0.975,0.8,0.017868768
46,19,TP7,0.08549694599999999,0.0008170211392797613,-0.018470372,0.095625872,5,0.975,0.8,0.017868768
46,14,C4,0.085227974,0.0009853588528196163,-0.07594023400000001,0.095998264,5,0.975,0.8,0.017868768
46,5,F7,0.083978458,0.0004206019033123885,0.081516356,0.097273972,5,0.975,0.8,0.017868768
46,25,T6,0.080954446,0.00044429807098388623,-0.062336404,0.092828586,5,0.975,0.8,0.017868768
46,11,FT8,0.07955112,0.0006293853886133739,-0.002159734,0.096427262,5,0.975,0.8,0.017868768
46,1,Fp2,0.07750615599999999,0.0006882363480883621,0.061761036000000005,0.095995538,5,0.975,0.8,0.017868768
46,12,Cz,0.076622602,0.000882665968059267,0.07469927800000001,0.092199772,5,0.975,0.8,0.017868768
46,26,Oz,0.076326298,0.0010894561631474647,0.041935047999999996,0.07908362,5,0.975,0.8,0.017868768
46,6,F8,0.076258286,0.000853545366415868,-0.02718165,0.07750172,5,0.975,0.8,0.017868768
46,9,FC4,0.058426692,0.0007774406242086911,-0.058426692,0.076296692,5,0.975,0.8,0.017868768
46,8,FC3,0.031826341999999994,0.000810169368508832,0.005749548,0.038645704,5,0.975,0.8,0.017868768
47,21,Pz,0.15310961399999998,4.922996424943148e-05,0.006927116,0.153303652,5,0.975,0.8,0.005838818
47,28,O2,0.14395481000000002,0.00017825331371394422,-0.024218536000000002,0.146781578,5,0.975,0.8,0.005838818
47,15,T3,0.126623158,0.0004343247015425273,0.126623158,0.131825208,5,0.975,0.8,0.005838818
47,16,T4,0.12223625199999999,0.00033420757654488106,0.013294244,0.134661996,5,0.975,0.8,0.005838818
47,27,O1,0.121622908,0.0006330991073836676,0.055506028,0.13205586600000002,5,0.975,0.8,0.005838818
47,17,CP3,0.12104585999999999,8.640344408644785e-05,0.033588624,0.139603758,5,0.975,0.8,0.005838818
47,13,C3,0.11566443200000001,0.000648468455956031,0.072926696,0.117894262,5,0.975,0.8,0.005838818
47,18,CP4,0.110801394,0.000458639594213147,0.034742814,0.127238444,5,0.975,0.8,0.005838818
47,0,Fp1,0.11018116199999999,0.0005980344952592649,-0.096019656,0.122926486,5,0.975,0.8,0.005838818
47,22,P3,0.10855416,0.0005813340620933917,0.10855416,0.117596298,5,0.975,0.8,0.005838818
47,24,T5,0.1049513,0.00014009897322964684,0.07334481600000001,0.114500076,5,0.975,0.8,0.005838818
47,23,P4,0.10479801600000001,0.0001739520512382677,-0.093000212,0.11683375,5,0.975,0.8,0.005838818
47,2,Fz,0.10360875,0.0008753631195395433,-0.09828606399999999,0.117191702,5,0.975,0.8,0.005838818
47,7,FCz,0.098886378,0.00016299179218598632,0.098886378,0.114401102,5,0.975,0.8,0.005838818
47,4,F4,0.097588728,0.0002757353009137542,0.012744886,0.10774224000000002,5,0.975,0.8,0.005838818
47,10,FT7,0.09009476000000001,0.0005965145273587212,-0.057682951999999996,0.10354280199999999,5,0.975,0.8,0.005838818
47,20,TP8,0.08881776799999999,0.00043619697840539915,-0.0591589,0.107910222,5,0.975,0.8,0.005838818
47,3,F3,0.08748977399999999,0.0005016670809710344,0.027584162000000002,0.094438272,5,0.975,0.8,0.005838818
47,14,C4,0.085399518,0.00030674336075944597,-0.075057512,0.095768126,5,0.975,0.8,0.005838818
47,19,TP7,0.08429726,0.00013245790482262855,-0.018739244,0.094292262,5,0.975,0.8,0.005838818
47,5,F7,0.08411858400000001,7.572537672405868e-05,0.08205541000000001,0.097824858,5,0.975,0.8,0.005838818
47,25,T6,0.081609658,0.0010171683974740833,-0.062401776,0.092761358,5,0.975,0.8,0.005838818
47,11,FT8,0.07990419,0.0004621213977408994,-0.003972704,0.09688783999999999,5,0.975,0.8,0.005838818
47,6,F8,0.077492812,0.00015781624748421966,-0.029081080000000002,0.07855078400000001,5,0.975,0.8,0.005838818
47,1,Fp2,0.077418966,0.0005288450090338385,0.061310975999999996,0.09522873800000001,5,0.975,0.8,0.005838818
47,12,Cz,0.077398812,0.0008398195360135439,0.07598672399999999,0.093010676,5,0.975,0.8,0.005838818
47,26,Oz,0.077152106,0.0007370555752316079,0.04158365,0.07952684,5,0.975,0.8,0.005838818
47,9,FC4,0.057614878,0.0007662795705028265,-0.057614878,0.075839116,5,0.975,0.8,0.005838818
47,8,FC3,0.031230876,0.00043564162011910755,0.006031796000000001,0.037856816,5,0.975,0.8,0.005838818
48,21,Pz,0.153122136,0.00010701454144180109,0.006697482,0.1533179,5,0.95,0.6,0.0037428859999999995
48,28,O2,0.144142536,4.9308486389263775e-05,-0.023555314,0.146812742,5,0.95,0.6,0.0037428859999999995
48,15,T3,0.12659926999999999,0.00011953389331064358,0.12659926999999999,0.131850874,5,0.95,0.6,0.0037428859999999995
48,16,T4,0.12189387,0.0001917587496048081,0.013566436000000001,0.13441735800000001,5,0.95,0.6,0.0037428859999999995
48,27,O1,0.121841966,7.050066687628116e-05,0.05620548400000001,0.132102772,5,0.95,0.6,0.0037428859999999995
48,17,CP3,0.121257694,0.00026831425228638126,0.032981028,0.139552766,5,0.95,0.6,0.0037428859999999995
48,13,C3,0.115046864,0.0001514061066469878,0.072559658,0.11723672599999999,5,0.95,0.6,0.0037428859999999995
48,18,CP4,0.111320004,0.0005349870331886558,0.03474458,0.127917228,5,0.95,0.6,0.0037428859999999995
48,0,Fp1,0.10957425000000001,0.00029060507763974336,-0.095850098,0.12242514600000001,5,0.95,0.6,0.0037428859999999995
48,22,P3,0.10816424399999999,0.0002767027669359249,0.10816424399999999,0.117446462,5,0.95,0.6,0.0037428859999999995
48,24,T5,0.10519413,0.0003501279641074064,0.073597972,0.11460426800000001,5,0.95,0.6,0.0037428859999999995
48,23,P4,0.104696418,0.00012241499773311737,-0.09282080000000001,0.116585784,5,0.95,0.6,0.0037428859999999995
48,2,Fz,0.10413428200000001,0.00021808092573629304,-0.098573142,0.117622614,5,0.95,0.6,0.0037428859999999995
48,7,FCz,0.09877950799999999,0.00022138856558097302,0.09877950799999999,0.114089046,5,0.95,0.6,0.0037428859999999995
48,4,F4,0.09768259,0.00031234809692073045,0.012516148,0.10797933200000001,5,0.95,0.6,0.0037428859999999995
48,10,FT7,0.090676472,0.0003541902309070652,-0.058393174000000006,0.10426144600000001,5,0.95,0.6,0.0037428859999999995
48,20,TP8,0.089142208,0.0001801914734941723,-0.059073582,0.108147362,5,0.95,0.6,0.0037428859999999995
48,3,F3,0.08775980800000001,8.554289491243131e-05,0.027298032,0.094538738,5,0.95,0.6,0.0037428859999999995
48,14,C4,0.085452534,0.00037441581821552123,-0.074749638,0.09580546,5,0.95,0.6,0.0037428859999999995
48,19,TP7,0.08438326,2.4207061986120013e-05,-0.018844939999999998,0.094427868,5,0.95,0.6,0.0037428859999999995
48,5,F7,0.08419713,0.00017638332715990917,0.081506246,0.09768585199999999,5,0.95,0.6,0.0037428859999999995
48,25,T6,0.080962088,0.0005256676728884869,-0.062170904000000006,0.092153016,5,0.95,0.6,0.0037428859999999995
48,11,FT8,0.08006333800000001,0.00020961435141706906,-0.00341867,0.09728643000000001,5,0.95,0.6,0.0037428859999999995
48,1,Fp2,0.078013574,0.0002874462659872255,0.061294680000000004,0.095375532,5,0.95,0.6,0.0037428859999999995
48,26,Oz,0.077638502,5.147869481639865e-05,0.042082032000000005,0.07998382200000001,5,0.95,0.6,0.0037428859999999995
48,6,F8,0.077264154,0.0001718340556467222,-0.02894779,0.07828484799999999,5,0.95,0.6,0.0037428859999999995
48,12,Cz,0.07701396199999999,0.0001194721202624267,0.075702528,0.092577596,5,0.95,0.6,0.0037428859999999995
48,9,FC4,0.057848105999999996,4.5558868291476445e-05,-0.057848105999999996,0.076082222,5,0.95,0.6,0.0037428859999999995
48,8,FC3,0.030954092,0.00010191667022621908,0.005723366,0.037837652,5,0.95,0.6,0.0037428859999999995
49,21,Pz,0.153039012,4.898571291713809e-05,0.006780398,0.15323132,5,1.0,1.0,0.0007219160000000001
49,28,O2,0.144125378,4.55973696609882e-05,-0.023689536,0.14684007599999999,5,1.0,1.0,0.0007219160000000001
49,15,T3,0.126702782,3.346281548225967e-05,0.126702782,0.13194367,5,1.0,1.0,0.0007219160000000001
49,16,T4,0.122095578,3.3449077266789156e-05,0.013307962000000001,0.13453448799999998,5,1.0,1.0,0.0007219160000000001
49,27,O1,0.12188612400000001,4.560657880174375e-05,0.056115031999999995,0.13224633400000002,5,1.0,1.0,0.0007219160000000001
49,17,CP3,0.12113239199999999,5.214940143472429e-05,0.032951542,0.13951149,5,1.0,1.0,0.0007219160000000001
49,13,C3,0.115238902,1.7893015955954822e-05,0.072548484,0.11743437999999999,5,1.0,1.0,0.0007219160000000001
49,18,CP4,0.11094912999999999,2.1904338611330482e-05,0.034565484,0.12757793,5,1.0,1.0,0.0007219160000000001
49,0,Fp1,0.10982274,4.5607017552126364e-05,-0.095843206,0.12255950200000001,5,1.0,1.0,0.0007219160000000001
49,22,P3,0.108173454,3.576646795533689e-05,0.108173454,0.117389856,5,1.0,1.0,0.0007219160000000001
49,24,T5,0.10499754800000001,5.9330936449710395e-05,0.073304822,0.11438430200000001,5,1.0,1.0,0.0007219160000000001
49,23,P4,0.10480540999999999,5.2153619241615674e-05,-0.092999312,0.116755282,5,1.0,1.0,0.0007219160000000001
49,2,Fz,0.104041754,2.8287807090688233e-05,-0.09836349600000001,0.117466356,5,1.0,1.0,0.0007219160000000001
49,7,FCz,0.098884894,3.345863311613156e-05,0.098884894,0.114158736,5,1.0,1.0,0.0007219160000000001
49,4,F4,0.097476836,3.577485262024057e-05,0.012468032,0.107699476,5,1.0,1.0,0.0007219160000000001
49,10,FT7,0.090467792,1.789301595595786e-05,-0.05823423,0.104016496,5,1.0,1.0,0.0007219160000000001
49,20,TP8,0.08907146,1.788854521754157e-05,-0.059297404,0.108211726,5,1.0,1.0,0.0007219160000000001
49,3,F3,0.08779466999999999,2.1908902300206544e-05,0.0275632,0.094579354,5,1.0,1.0,0.0007219160000000001
49,14,C4,0.085670872,3.5778766328653606e-05,-0.075100602,0.096100876,5,1.0,1.0,0.0007219160000000001
49,19,TP7,0.084451708,5.365743256996503e-05,-0.01870749,0.094387396,5,1.0,1.0,0.0007219160000000001
49,5,F7,0.084105858,4.000250017186536e-05,0.081668754,0.097688122,5,1.0,1.0,0.0007219160000000001
49,25,T6,0.081109502,2.190616397272633e-05,-0.062316532,0.09236171600000001,5,1.0,1.0,0.0007219160000000001
49,11,FT8,0.08008319,3.346640106137037e-05,-0.003561798,0.097151502,5,1.0,1.0,0.0007219160000000001
49,1,Fp2,0.077816186,3.3461620253659134e-05,0.061310184000000004,0.09532482,5,1.0,1.0,0.0007219160000000001
49,26,Oz,0.077604758,2.1911641198230142e-05,0.042275587999999996,0.079981772,5,1.0,1.0,0.0007219160000000001
49,6,F8,0.077524068,5.2145566158591874e-05,-0.029214459999999998,0.078517556,5,1.0,1.0,0.0007219160000000001
49,12,Cz,0.07706824,2.1908902300213035e-05,0.07567565600000001,0.092589988,5,1.0,1.0,0.0007219160000000001
49,9,FC4,0.057931739999999995,2.827720017964872e-05,-0.057931739999999995,0.076174756,5,1.0,1.0,0.0007219160000000001
49,8,FC3,0.030990269999999997,5.6568542494923974e-05,0.006014128,0.037667584,5,1.0,1.0,0.0007219160000000001
5,21,Pz,0.153099404,0.0002612808969863687,0.006376236,0.153281142,5,1.0,1.0,0.007438836
5,28,O2,0.144897242,0.0009661143111299062,-0.023436426,0.147581286,5,1.0,1.0,0.007438836
5,15,T3,0.12674511,5.0571931938578683e-05,0.12674511,0.132075038,5,1.0,1.0,0.007438836
5,16,T4,0.122610534,0.0008443949141722756,0.013783042,0.13496427,5,1.0,1.0,0.007438836
5,27,O1,0.12204693600000001,0.000574380232363547,0.055797352,0.13246832,5,1.0,1.0,0.007438836
5,17,CP3,0.120835142,0.00071305879846616,0.032948082000000004,0.13906164599999998,5,1.0,1.0,0.007438836
5,13,C3,0.11516517600000001,0.0002317680070242626,0.07275374,0.117371288,5,1.0,1.0,0.007438836
5,18,CP4,0.11043655599999999,0.0007001809950148585,0.034357354,0.127250746,5,1.0,1.0,0.007438836
5,0,Fp1,0.109022248,0.0010961846120385017,-0.09562372799999999,0.12197571599999998,5,1.0,1.0,0.007438836
5,22,P3,0.10794603,0.0003099783969892042,0.10794603,0.117236636,5,1.0,1.0,0.007438836
5,23,P4,0.104661596,0.00032923965288221156,-0.09229991,0.116303368,5,1.0,1.0,0.007438836
5,24,T5,0.10465583199999999,0.0003885169461812429,0.073120042,0.114207236,5,1.0,1.0,0.007438836
5,2,Fz,0.103887738,0.0006229473813011816,-0.098736008,0.11754268400000001,5,1.0,1.0,0.007438836
5,7,FCz,0.09870285999999999,0.0008069327737488443,0.09870285999999999,0.11415611,5,1.0,1.0,0.007438836
5,4,F4,0.097178136,0.0006248675169425933,0.012211726000000001,0.10745008999999998,5,1.0,1.0,0.007438836
5,10,FT7,0.090745778,0.0009066440406631454,-0.058346867999999996,0.104300986,5,1.0,1.0,0.007438836
5,20,TP8,0.088708554,0.0006206090349245623,-0.059078370000000005,0.107744302,5,1.0,1.0,0.007438836
5,3,F3,0.087676442,0.0005309575488869154,0.026975376000000002,0.094506842,5,1.0,1.0,0.007438836
5,14,C4,0.08598128000000001,0.0004587617347272999,-0.075844752,0.09667579600000001,5,1.0,1.0,0.007438836
5,19,TP7,0.08460878000000001,0.0002804403899227082,-0.018463188,0.09477179,5,1.0,1.0,0.007438836
5,5,F7,0.083556398,0.0007070137747385094,0.081653842,0.097291604,5,1.0,1.0,0.007438836
5,25,T6,0.081050202,0.0003164430838555352,-0.0618108,0.09231904199999999,5,1.0,1.0,0.007438836
5,11,FT8,0.079609974,0.00078686608443242,-0.0033359460000000002,0.09682494999999999,5,1.0,1.0,0.007438836
5,26,Oz,0.077898282,0.00038409644357895076,0.042769982,0.08023704400000001,5,1.0,1.0,0.007438836
5,6,F8,0.07785157200000001,0.0004925975390925188,-0.029051658,0.078946882,5,1.0,1.0,0.007438836
5,1,Fp2,0.077521036,0.0004967162508213269,0.061113759999999996,0.09541604000000001,5,1.0,1.0,0.007438836
5,12,Cz,0.076885416,0.00029866528686808846,0.074993036,0.092123632,5,1.0,1.0,0.007438836
5,9,FC4,0.05781463,0.0001674890142666075,-0.05781463,0.076639228,5,1.0,1.0,0.007438836
5,8,FC3,0.030840994,0.0004507481906009167,0.0055880619999999995,0.037622586,5,1.0,1.0,0.007438836
50,21,Pz,0.152726434,0.0006545424528095906,0.007086048,0.152946286,5,0.95,0.6,0.0048576999999999995
50,28,O2,0.144324652,0.00027638609881831236,-0.023357802,0.146992656,5,0.95,0.6,0.0048576999999999995
50,15,T3,0.12640404,0.0006951235415377537,0.12640404,0.131649872,5,0.95,0.6,0.0048576999999999995
50,27,O1,0.12213022,0.0006895126178323363,0.056277456000000003,0.132462374,5,0.95,0.6,0.0048576999999999995
50,16,T4,0.122037052,8.163155468321964e-05,0.013095326,0.134270868,5,0.95,0.6,0.0048576999999999995
50,17,CP3,0.12095149000000001,0.0003424792694456133,0.032985865999999996,0.139504156,5,0.95,0.6,0.0048576999999999995
50,13,C3,0.115531874,0.0005614508837200245,0.072668772,0.11774306999999999,5,0.95,0.6,0.0048576999999999995
50,18,CP4,0.11096597,4.499300167803773e-05,0.034881066,0.127610018,5,0.95,0.6,0.0048576999999999995
50,0,Fp1,0.110249776,0.0009910567141339659,-0.096254628,0.123019668,5,0.95,0.6,0.0048576999999999995
50,22,P3,0.10805882,0.0002205266141534766,0.10805882,0.117233538,5,0.95,0.6,0.0048576999999999995
50,23,P4,0.104686944,0.0002827530322206956,-0.09249023,0.11648602000000001,5,0.95,0.6,0.0048576999999999995
50,24,T5,0.1046497,0.0007517651388898034,0.073249498,0.11418616,5,0.95,0.6,0.0048576999999999995
50,2,Fz,0.103952622,0.00012028217623572026,-0.098469834,0.11749510599999999,5,0.95,0.6,0.0048576999999999995
50,7,FCz,0.099169224,0.0005079718474285833,0.099169224,0.11441144,5,0.95,0.6,0.0048576999999999995
50,4,F4,0.09757115599999999,9.456265240569122e-05,0.012787624000000001,0.107646964,5,0.95,0.6,0.0048576999999999995
50,10,FT7,0.09062356,0.0003442761457028414,-0.058492751999999995,0.10427876,5,0.95,0.6,0.0048576999999999995
50,20,TP8,0.089188266,0.00011094092135006213,-0.059745584,0.108575844,5,0.95,0.6,0.0048576999999999995
50,3,F3,0.087776042,8.094661957116683e-05,0.027753264,0.094600922,5,0.95,0.6,0.0048576999999999995
50,14,C4,0.085422586,0.0004973494650947084,-0.07455133,0.095647886,5,0.95,0.6,0.0048576999999999995
50,19,TP7,0.084217766,0.0005153360221059627,-0.018930746,0.094051254,5,0.95,0.6,0.0048576999999999995
50,5,F7,0.08396969600000001,0.0001955228670258312,0.081343812,0.097535642,5,0.95,0.6,0.0048576999999999995
50,25,T6,0.081112544,2.8948136036716852e-05,-0.062645886,0.092319832,5,0.95,0.6,0.0048576999999999995
50,11,FT8,0.080124546,9.848831214921431e-05,-0.003963302,0.097148448,5,0.95,0.6,0.0048576999999999995
50,26,Oz,0.07782713,0.00041722109702170394,0.042634974000000006,0.080184334,5,0.95,0.6,0.0048576999999999995
50,1,Fp2,0.077779518,0.00011064440550701931,0.061288944,0.0951684,5,0.95,0.6,0.0048576999999999995
50,6,F8,0.077680182,0.0003551121350644049,-0.029710643999999998,0.078592564,5,0.95,0.6,0.0048576999999999995
50,12,Cz,0.076868152,0.00039068293886475563,0.07580528,0.092470974,5,0.95,0.6,0.0048576999999999995
50,9,FC4,0.05768242999999999,0.00042473644316211345,-0.05768242999999999,0.076257502,5,0.95,0.6,0.0048576999999999995
50,8,FC3,0.031040343999999997,0.00011196886790532416,0.006392244,0.037539173999999995,5,0.95,0.6,0.0048576999999999995
6,21,Pz,0.152415724,0.00125731389661851,0.006966295999999999,0.152605658,5,0.95,0.6,0.014920255999999998
6,28,O2,0.144486684,0.0002583883680237854,-0.023236566,0.147277256,5,0.95,0.6,0.014920255999999998
6,15,T3,0.12735002199999998,0.0006441965012866772,0.12735002199999998,0.13246564,5,0.95,0.6,0.014920255999999998
6,27,O1,0.12255463600000001,0.0010478095047192495,0.056803146000000006,0.133267062,5,0.95,0.6,0.014920255999999998
6,17,CP3,0.12185656199999999,0.0010088807852120085,0.03339717,0.139888036,5,0.95,0.6,0.014920255999999998
6,16,T4,0.121728456,0.0007620515882668281,0.013539190000000001,0.134409086,5,0.95,0.6,0.014920255999999998
6,13,C3,0.11456569800000001,0.0004475722784310876,0.072781894,0.116804296,5,0.95,0.6,0.014920255999999998
6,18,CP4,0.110596862,0.00018868427086008162,0.034931356000000004,0.127161458,5,0.95,0.6,0.014920255999999998
6,0,Fp1,0.11011285600000001,0.0007119052931605399,-0.096824418,0.12299891,5,0.95,0.6,0.014920255999999998
6,22,P3,0.10878435,0.0009713166078833505,0.10878435,0.11760047,5,0.95,0.6,0.014920255999999998
6,23,P4,0.105624996,0.0008816881016436581,-0.09282478400000001,0.117180372,5,0.95,0.6,0.014920255999999998
6,2,Fz,0.104868212,0.000913288159520307,-0.099052568,0.118363716,5,0.95,0.6,0.014920255999999998
6,24,T5,0.10435288599999999,0.0006320695018983273,0.07382863799999999,0.113679208,5,0.95,0.6,0.014920255999999998
6,7,FCz,0.098426492,0.0007490874377334076,0.098426492,0.11396792,5,0.95,0.6,0.014920255999999998
6,4,F4,0.09670178,0.000628515761695762,0.012802513999999997,0.10672800200000002,5,0.95,0.6,0.014920255999999998
6,10,FT7,0.09149966200000001,0.0007890257341937613,-0.058223146,0.104204594,5,0.95,0.6,0.014920255999999998
6,20,TP8,0.089751096,0.0006834829739503432,-0.059472072,0.10875939999999999,5,0.95,0.6,0.014920255999999998
6,14,C4,0.086548454,0.0008526974555374256,-0.07506632399999999,0.096756006,5,0.95,0.6,0.014920255999999998
6,3,F3,0.086424404,0.0014097185471681952,0.026767970000000002,0.09344685999999999,5,0.95,0.6,0.014920255999999998
6,19,TP7,0.083707228,0.0012906878286673346,-0.018107206,0.093553436,5,0.95,0.6,0.014920255999999998
6,5,F7,0.083256302,0.0011912173643672274,0.08089439000000001,0.096664474,5,0.95,0.6,0.014920255999999998
6,25,T6,0.080382014,0.001021741908228298,-0.062568784,0.092215512,5,0.95,0.6,0.014920255999999998
6,11,FT8,0.07943002,0.000521229565354843,-0.004454726,0.09675041,5,0.95,0.6,0.014920255999999998
6,6,F8,0.077857136,0.0004892214135542324,-0.030037705999999997,0.078744942,5,0.95,0.6,0.014920255999999998
6,1,Fp2,0.077225656,0.0004564489363335211,0.060599112,0.09539920799999999,5,0.95,0.6,0.014920255999999998
6,26,Oz,0.076817248,0.0005896047122182815,0.04262402,0.079150554,5,0.95,0.6,0.014920255999999998
6,12,Cz,0.076800696,0.0003615141774260063,0.075309152,0.092019396,5,0.95,0.6,0.014920255999999998
6,9,FC4,0.05785692,0.000592651330168083,-0.05785692,0.076517488,5,0.95,0.6,0.014920255999999998
6,8,FC3,0.032173744,0.000748427856195906,0.0061391,0.038976788,5,0.95,0.6,0.014920255999999998
7,21,Pz,0.154835952,0.000949558027121038,0.006229403999999999,0.154980654,5,0.9,0.4,0.021702216
7,28,O2,0.14302128600000003,0.000865190487309006,-0.022126326,0.145574652,5,0.9,0.4,0.021702216
7,15,T3,0.12526811599999998,0.0007056558025907515,0.12526811599999998,0.13072723000000003,5,0.9,0.4,0.021702216
7,27,O1,0.123385394,0.0006907142678633444,0.056416184,0.133342388,5,0.9,0.4,0.021702216
7,16,T4,0.12244384,0.0005944622765575619,0.014431765999999999,0.135274614,5,0.9,0.4,0.021702216
7,17,CP3,0.118926124,0.0010333037143454024,0.033116224,0.13787825599999998,5,0.9,0.4,0.021702216
7,13,C3,0.11569142400000001,0.0005630408536953583,0.071509954,0.117925948,5,0.9,0.4,0.021702216
7,18,CP4,0.112620368,0.0010468900424925195,0.036199908,0.128580398,5,0.9,0.4,0.021702216
7,0,Fp1,0.110645466,0.0004479812543287995,-0.098102302,0.12399062000000001,5,0.9,0.4,0.021702216
7,22,P3,0.10859539,0.00035687146152361054,0.10859539,0.11757811600000001,5,0.9,0.4,0.021702216
7,2,Fz,0.105522918,0.0009757876107381126,-0.100379458,0.119462526,5,0.9,0.4,0.021702216
7,24,T5,0.1052007,0.000746412398644342,0.074449672,0.115152012,5,0.9,0.4,0.021702216
7,23,P4,0.105108736,0.0005603229863480495,-0.09172612,0.116478084,5,0.9,0.4,0.021702216
7,4,F4,0.097141294,0.0006903886905432384,0.011665662,0.107657168,5,0.9,0.4,0.021702216
7,7,FCz,0.097042504,0.0007423230854755883,0.097042504,0.112460902,5,0.9,0.4,0.021702216
7,10,FT7,0.09028322,0.0007660012853448776,-0.057035261999999996,0.10357739800000001,5,0.9,0.4,0.021702216
7,20,TP8,0.08953412200000001,0.00043382298610147174,-0.056864780000000004,0.10726353,5,0.9,0.4,0.021702216
7,3,F3,0.087851338,0.0007936946714385813,0.026488868,0.094759682,5,0.9,0.4,0.021702216
7,5,F7,0.084210456,0.0008959869034366471,0.08177174000000001,0.09773914,5,0.9,0.4,0.021702216
7,14,C4,0.083793652,0.001378060607364565,-0.073342264,0.093934052,5,0.9,0.4,0.021702216
7,19,TP7,0.083341688,0.0010901082545187889,-0.017069558000000002,0.09310383600000001,5,0.9,0.4,0.021702216
7,11,FT8,0.08203872,0.0012031438019414007,-0.003047496,0.0992355,5,0.9,0.4,0.021702216
7,25,T6,0.080045226,0.0013826808661365074,-0.060936387999999994,0.090981022,5,0.9,0.4,0.021702216
7,26,Oz,0.077607944,0.0003449836666858323,0.043791498,0.07990793,5,0.9,0.4,0.021702216
7,6,F8,0.07668939999999999,0.000959057810431671,-0.029405542,0.077665102,5,0.9,0.4,0.021702216
7,12,Cz,0.07656537599999999,0.0008885257665819313,0.07439931600000001,0.09202099,5,0.9,0.4,0.021702216
7,1,Fp2,0.076201426,0.00043122187082753456,0.059330428000000004,0.09333848600000001,5,0.9,0.4,0.021702216
7,9,FC4,0.057817629999999995,0.0014391623702869679,-0.057817629999999995,0.07617069,5,0.9,0.4,0.021702216
7,8,FC3,0.029032494,0.0008320340437926799,0.003926848,0.036678814,5,0.9,0.4,0.021702216
8,21,Pz,0.15293631800000002,0.000792014636335721,0.006646325999999999,0.15317107000000002,5,0.95,0.6,0.017067558
8,28,O2,0.143977518,0.00038158433015520816,-0.023720382,0.146938026,5,0.95,0.6,0.017067558
8,15,T3,0.126528094,0.0007068341438272586,0.126528094,0.13176148,5,0.95,0.6,0.017067558
8,16,T4,0.123138098,0.0009967925852804073,0.013480735999999998,0.135452642,5,0.95,0.6,0.017067558
8,27,O1,0.12249731,0.0007255162491633109,0.05559366,0.13322471,5,0.95,0.6,0.017067558
8,17,CP3,0.12112637200000001,0.0006393157648767906,0.032177354,0.138962806,5,0.95,0.6,0.017067558
8,13,C3,0.116220026,0.0010729549988140264,0.072614878,0.11817722800000001,5,0.95,0.6,0.017067558
8,18,CP4,0.112013214,0.0010522141844368012,0.034525983999999996,0.12879725,5,0.95,0.6,0.017067558
8,0,Fp1,0.109046442,0.0007008216586407676,-0.09579995399999999,0.121764436,5,0.95,0.6,0.017067558
8,22,P3,0.10750906599999999,0.0007287588247355848,0.10750906599999999,0.116227064,5,0.95,0.6,0.017067558
8,23,P4,0.10474656,0.000375106128115768,-0.09354288200000001,0.11692004599999999,5,0.95,0.6,0.017067558
8,24,T5,0.104226514,0.0007178222588008852,0.07317216600000001,0.11409432,5,0.95,0.6,0.017067558
8,2,Fz,0.10321058400000001,0.0010283761730903718,-0.098601782,0.117211284,5,0.95,0.6,0.017067558
8,7,FCz,0.098725966,0.00047281917254908404,0.098725966,0.11419125999999999,5,0.95,0.6,0.017067558
8,4,F4,0.096915782,0.0006691835674312377,0.012317852,0.107387898,5,0.95,0.6,0.017067558
8,10,FT7,0.08991981,0.00047992759771656846,-0.058417295999999994,0.10302135400000001,5,0.95,0.6,0.017067558
8,20,TP8,0.089862408,0.000824056604712322,-0.059977626000000006,0.109230554,5,0.95,0.6,0.017067558
8,3,F3,0.08720227,0.0006548882038561976,0.027878234000000002,0.09438956400000001,5,0.95,0.6,0.017067558
8,19,TP7,0.085061268,0.0005732333340970365,-0.019754307999999998,0.094912684,5,0.95,0.6,0.017067558
8,14,C4,0.084530064,0.0011730557218776947,-0.075132362,0.09559409199999999,5,0.95,0.6,0.017067558
8,5,F7,0.08423849,0.00016287681050413178,0.082071812,0.09773941,5,0.95,0.6,0.017067558
8,25,T6,0.08177636,0.0009017610813291921,-0.063130024,0.09368628,5,0.95,0.6,0.017067558
8,11,FT8,0.079940148,0.0008546771280840545,-0.0033522419999999996,0.09661202399999999,5,0.95,0.6,0.017067558
8,6,F8,0.077504818,0.0005672930420162047,-0.028069961999999997,0.078638598,5,0.95,0.6,0.017067558
8,1,Fp2,0.077236116,0.0005193190081539488,0.061605378,0.095812072,5,0.95,0.6,0.017067558
8,26,Oz,0.076639192,0.0008903797667680893,0.042128504,0.078812112,5,0.95,0.6,0.017067558
8,12,Cz,0.076396546,0.0005826478063375842,0.07571873,0.09216218400000001,5,0.95,0.6,0.017067558
8,9,FC4,0.057757265999999995,0.00043539868974309064,-0.057757265999999995,0.076115586,5,0.95,0.6,0.017067558
8,8,FC3,0.03198683,0.0009311062939589668,0.006081248,0.037985776,5,0.95,0.6,0.017067558
9,21,Pz,0.153139872,0.0008576346793769574,0.005281406,0.15326069,5,0.975,0.8,0.021904534
9,28,O2,0.144813888,0.0005378764394542785,-0.02447879,0.147840808,5,0.975,0.8,0.021904534
9,15,T3,0.125683072,0.0007108672877337907,0.125683072,0.13119603200000002,5,0.975,0.8,0.021904534
9,16,T4,0.12206439,0.0003661594647827606,0.012786604000000002,0.134808876,5,0.975,0.8,0.021904534
9,27,O1,0.12163728599999998,0.000985894975050593,0.054373256,0.132477926,5,0.975,0.8,0.021904534
9,17,CP3,0.121503976,0.0008228536895037965,0.033191968,0.140405334,5,0.975,0.8,0.021904534
9,13,C3,0.11535195599999999,0.000955565110016058,0.0733765,0.117668552,5,0.975,0.8,0.021904534
9,18,CP4,0.11140386,0.0005398159048694284,0.033342472,0.128975046,5,0.975,0.8,0.021904534
9,0,Fp1,0.107993644,0.000364697077490344,-0.09415514999999999,0.12043622000000001,5,0.975,0.8,0.021904534
9,22,P3,0.106165314,0.0006912952477270521,0.106165314,0.11530254399999999,5,0.975,0.8,0.021904534
9,23,P4,0.105181356,0.0009306149001762206,-0.094211558,0.11741030999999999,5,0.975,0.8,0.021904534
9,2,Fz,0.10285380799999999,0.0008720265263568549,-0.097369788,0.116296606,5,0.975,0.8,0.021904534
9,24,T5,0.102617226,0.0009782740397404018,0.071137328,0.11194215199999999,5,0.975,0.8,0.021904534
9,7,FCz,0.099443128,0.0010100432619051516,0.099443128,0.115480746,5,0.975,0.8,0.021904534
9,4,F4,0.09682278,0.000588859159392127,0.012544244,0.107038096,5,0.975,0.8,0.021904534
9,10,FT7,0.09004374,0.0008609482737946549,-0.058531176,0.10410901400000001,5,0.975,0.8,0.021904534
9,20,TP8,0.089322128,0.0007085482134406948,-0.06043409600000001,0.109216308,5,0.975,0.8,0.021904534
9,3,F3,0.089164434,0.000642021326304662,0.028939582,0.095643484,5,0.975,0.8,0.021904534
9,14,C4,0.085689236,0.0002409208834451691,-0.076585088,0.09739125,5,0.975,0.8,0.021904534
9,5,F7,0.08453302,0.0006402954652736499,0.082250926,0.09839141,5,0.975,0.8,0.021904534
9,19,TP7,0.083443356,0.0007204990548085395,-0.020200964,0.09302445,5,0.975,0.8,0.021904534
9,25,T6,0.08194491200000001,0.0005933176051407812,-0.063028348,0.093089274,5,0.975,0.8,0.021904534
9,11,FT8,0.081019998,0.0008547448140351618,-0.0038414659999999995,0.09797123799999999,5,0.975,0.8,0.021904534
9,1,Fp2,0.078370494,0.00036068248173428026,0.06232108199999999,0.096824624,5,0.975,0.8,0.021904534
9,12,Cz,0.077671394,0.0005890868643332611,0.075272344,0.092265054,5,0.975,0.8,0.021904534
9,26,Oz,0.076929892,0.0006108845673856917,0.041653234,0.07886809,5,0.975,0.8,0.021904534
9,6,F8,0.076109578,0.001026743634638167,-0.027653286,0.077199608,5,0.975,0.8,0.021904534
9,9,FC4,0.058744295999999994,0.0002652230309192652,-0.058744295999999994,0.07796668600000001,5,0.975,0.8,0.021904534
9,8,FC3,0.031822882000000004,0.0005519014495994713,0.007934321999999999,0.038101282,5,0.975,0.8,0.021904534
