{
  "mean_accuracy": 0.5907142857142856,
  "std_accuracy": 0.09259854100318408,
  "mean_balanced_accuracy": 0.5907142857142856,
  "std_balanced_accuracy": 0.0925985410031841,
  "mean_roc_auc": null,
  "std_roc_auc": null,
  "n_subjects": 7,
  "n_folds_total": 35
}