{
  "48": {
    "accuracies": [
      0.55,
      0.525,
      0.475,
      0.6,
      0.6
    ],
    "balanced_accuracies": [
      0.55,
      0.525,
      0.475,
      0.6000000000000001,
      0.6
    ],
    "roc_aucs": [
      null,
      null,
      null,
      null,
      null
    ],
    "mean_accuracy": 0.55,
    "std_accuracy": 0.04743416490252569,
    "mean_balanced_accuracy": 0.55,
    "std_balanced_accuracy": 0.04743416490252571,
    "mean_roc_auc": null,
    "std_roc_auc": null
  },
  "49": {
    "accuracies": [
      0.625,
      0.725,
      0.625,
      0.675,
      0.725
    ],
    "balanced_accuracies": [
      0.625,
      0.725,
      0.625,
      0.675,
      0.7250000000000001
    ],
    "roc_aucs": [
      null,
      null,
      null,
      null,
      null
    ],
    "mean_accuracy": 0.675,
    "std_accuracy": 0.04472135954999579,
    "mean_balanced_accuracy": 0.675,
    "std_balanced_accuracy": 0.0447213595499958,
    "mean_roc_auc": null,
    "std_roc_auc": null
  },
  "50": {
    "accuracies": [
      0.525,
      0.5,
      0.625,
      0.425,
      0.5
    ],
    "balanced_accuracies": [
      0.525,
      0.5,
      0.625,
      0.425,
      0.5
    ],
    "roc_aucs": [
      null,
      null,
      null,
      null,
      null
    ],
    "mean_accuracy": 0.5149999999999999,
    "std_accuracy": 0.06442049363362563,
    "mean_balanced_accuracy": 0.5149999999999999,
    "std_balanced_accuracy": 0.06442049363362563,
    "mean_roc_auc": null,
    "std_roc_auc": null
  },
  "51": {
    "accuracies": [
      0.625,
      0.45,
      0.475,
      0.5,
      0.525
    ],
    "balanced_accuracies": [
      0.625,
      0.44999999999999996,
      0.475,
      0.5,
      0.525
    ],
    "roc_aucs": [
      null,
      null,
      null,
      null,
      null
    ],
    "mean_accuracy": 0.5149999999999999,
    "std_accuracy": 0.060415229867972854,
    "mean_balanced_accuracy": 0.5149999999999999,
    "std_balanced_accuracy": 0.06041522986797287,
    "mean_roc_auc": null,
    "std_roc_auc": null
  },
  "52": {
    "accuracies": [
      0.6,
      0.675,
      0.6,
      0.75,
      0.5
    ],
    "balanced_accuracies": [
      0.6,
      0.675,
      0.6,
      0.75,
      0.5
    ],
    "roc_aucs": [
      null,
      null,
      null,
      null,
      null
    ],
    "mean_accuracy": 0.625,
    "std_accuracy": 0.08366600265340757,
    "mean_balanced_accuracy": 0.625,
    "std_balanced_accuracy": 0.08366600265340757,
    "mean_roc_auc": null,
    "std_roc_auc": null
  },
  "53": {
    "accuracies": [
      0.7,
      0.75,
      0.575,
      0.775,
      0.625
    ],
    "balanced_accuracies": [
      0.7,
      0.75,
      0.575,
      0.775,
      0.625
    ],
    "roc_aucs": [
      null,
      null,
      null,
      null,
      null
    ],
    "mean_accuracy": 0.6849999999999999,
    "std_accuracy": 0.07516648189186456,
    "mean_balanced_accuracy": 0.6849999999999999,
    "std_balanced_accuracy": 0.07516648189186456,
    "mean_roc_auc": null,
    "std_roc_auc": null
  },
  "54": {
    "accuracies": [
      0.525,
      0.525,
      0.575,
      0.7,
      0.525
    ],
    "balanced_accuracies": [
      0.525,
      0.525,
      0.575,
      0.7,
      0.525
    ],
    "roc_aucs": [
      null,
      null,
      null,
      null,
      null
    ],
    "mean_accuracy": 0.5700000000000001,
    "std_accuracy": 0.06782329983125265,
    "mean_balanced_accuracy": 0.5700000000000001,
    "std_balanced_accuracy": 0.06782329983125265,
    "mean_roc_auc": null,
    "std_roc_auc": null
  }
}