{
  "mean_accuracy": 0.815520601336303,
  "std_accuracy": 0.023418568578567632,
  "mean_balanced_accuracy": 0.8154707381793109,
  "std_balanced_accuracy": 0.02332317617020834,
  "n_groups": 1,
  "n_folds_total": 5
}