{
  "1": {
    "accuracies": [
      0.8262806236080178,
      0.8173719376391982,
      0.8173719376391982,
      0.7728285077951003,
      0.84375
    ],
    "balanced_accuracies": [
      0.8265680825724494,
      0.8170305676855896,
      0.8172092100039698,
      0.7730051607780866,
      0.8435406698564594
    ],
    "mean_accuracy": 0.815520601336303,
    "std_accuracy": 0.023418568578567632,
    "mean_balanced_accuracy": 0.8154707381793109,
    "std_balanced_accuracy": 0.02332317617020834
  }
}