{
  "mean_accuracy": 0.8583333333333335,
  "std_accuracy": 0.16984470030655127,
  "mean_balanced_accuracy": 0.8583333333333335,
  "std_balanced_accuracy": 0.16984470030655127,
  "n_subjects": 6,
  "n_folds_total": 30
}