{
  "48": {
    "accuracies": [
      0.95,
      0.9,
      0.95,
      1.0,
      0.95
    ],
    "balanced_accuracies": [
      0.95,
      0.9,
      0.95,
      1.0,
      0.95
    ],
    "mean_accuracy": 0.95,
    "std_accuracy": 0.031622776601683784,
    "mean_balanced_accuracy": 0.95,
    "std_balanced_accuracy": 0.031622776601683784
  },
  "49": {
    "accuracies": [
      0.85,
      0.95,
      0.9,
      0.7,
      0.95
    ],
    "balanced_accuracies": [
      0.8500000000000001,
      0.95,
      0.8999999999999999,
      0.7000000000000001,
      0.95
    ],
    "mean_accuracy": 0.8699999999999999,
    "std_accuracy": 0.09273618495495704,
    "mean_balanced_accuracy": 0.8700000000000001,
    "std_balanced_accuracy": 0.09273618495495699
  },
  "50": {
    "accuracies": [
      0.95,
      0.6,
      0.95,
      0.95,
      0.9
    ],
    "balanced_accuracies": [
      0.95,
      0.6,
      0.95,
      0.95,
      0.9
    ],
    "mean_accuracy": 0.8700000000000001,
    "std_accuracy": 0.13638181696985854,
    "mean_balanced_accuracy": 0.8700000000000001,
    "std_balanced_accuracy": 0.13638181696985854
  },
  "52": {
    "accuracies": [
      0.85,
      1.0,
      0.95,
      1.0,
      1.0
    ],
    "balanced_accuracies": [
      0.85,
      1.0,
      0.95,
      1.0,
      1.0
    ],
    "mean_accuracy": 0.96,
    "std_accuracy": 0.058309518948453015,
    "mean_balanced_accuracy": 0.96,
    "std_balanced_accuracy": 0.058309518948453015
  },
  "53": {
    "accuracies": [
      0.95,
      0.85,
      1.0,
      0.9,
      0.95
    ],
    "balanced_accuracies": [
      0.95,
      0.8500000000000001,
      1.0,
      0.9,
      0.95
    ],
    "mean_accuracy": 0.9299999999999999,
    "std_accuracy": 0.05099019513592784,
    "mean_balanced_accuracy": 0.9299999999999999,
    "std_balanced_accuracy": 0.050990195135927806
  },
  "54": {
    "accuracies": [
      0.6,
      0.6,
      0.6,
      0.25,
      0.8
    ],
    "balanced_accuracies": [
      0.6,
      0.6,
      0.6,
      0.25,
      0.8
    ],
    "mean_accuracy": 0.57,
    "std_accuracy": 0.1777638883463118,
    "mean_balanced_accuracy": 0.57,
    "std_balanced_accuracy": 0.1777638883463118
  }
}