{
  "mean_accuracy": 0.8229227083450258,
  "std_accuracy": 0.07804713301619785,
  "mean_balanced_accuracy": 0.8226524388090497,
  "std_balanced_accuracy": 0.07828362554764925,
  "n_groups": 5,
  "n_folds_total": 25
}