{
  "1": {
    "accuracies": [
      0.8418708240534521,
      0.8040089086859689,
      0.8307349665924276,
      0.7817371937639198,
      0.8236607142857143
    ],
    "balanced_accuracies": [
      0.8421198888447796,
      0.802858277094085,
      0.8311135371179039,
      0.7820067487098055,
      0.8237240829346093
    ],
    "mean_accuracy": 0.8164025214762965,
    "std_accuracy": 0.021269797203688576,
    "mean_balanced_accuracy": 0.8163645069402368,
    "std_balanced_accuracy": 0.021437867162222016
  },
  "2": {
    "accuracies": [
      0.8662420382165605,
      0.9065817409766455,
      0.881104033970276,
      0.8832271762208068,
      0.8893617021276595
    ],
    "balanced_accuracies": [
      0.8660714285714286,
      0.9067099567099568,
      0.8807621555331121,
      0.8833591833790218,
      0.8892571863283161
    ],
    "mean_accuracy": 0.8853033383023895,
    "std_accuracy": 0.013073014221141007,
    "mean_balanced_accuracy": 0.8852319821043672,
    "std_balanced_accuracy": 0.013176639924762357
  },
  "3": {
    "accuracies": [
      0.9047619047619048,
      0.9421768707482994,
      0.9251700680272109,
      0.931740614334471,
      0.931740614334471
    ],
    "balanced_accuracies": [
      0.9047619047619048,
      0.9421768707482994,
      0.9251700680272109,
      0.9317631162053863,
      0.9317864131954152
    ],
    "mean_accuracy": 0.9271180144412714,
    "std_accuracy": 0.012434598087987041,
    "mean_balanced_accuracy": 0.9271316745876433,
    "std_balanced_accuracy": 0.012439688684467293
  },
  "4": {
    "accuracies": [
      0.7181818181818181,
      0.6788154897494305,
      0.7198177676537585,
      0.7585421412300684,
      0.7835990888382688
    ],
    "balanced_accuracies": [
      0.7181818181818183,
      0.6788086342880864,
      0.7199252801992528,
      0.7585616438356164,
      0.7835408883354089
    ],
    "mean_accuracy": 0.731791261130669,
    "std_accuracy": 0.03615155441949814,
    "mean_balanced_accuracy": 0.7318036529680366,
    "std_balanced_accuracy": 0.03613268250820537
  },
  "5": {
    "accuracies": [
      0.7569721115537849,
      0.7450199203187251,
      0.784,
      0.716,
      0.768
    ],
    "balanced_accuracies": [
      0.7565162110616657,
      0.7409726636999364,
      0.782051282051282,
      0.7153244922800948,
      0.768787238131847
    ],
    "mean_accuracy": 0.753998406374502,
    "std_accuracy": 0.022932401816957514,
    "mean_balanced_accuracy": 0.7527303774449651,
    "std_balanced_accuracy": 0.023105474830444478
  }
}