{
  "n_folds": 45,
  "collapse_rate": 0.0,
  "mean_collapse_ratio": 0.5794444444444444,
  "mean_spatial_delta_l2": 0.3136513328888889,
  "mean_spatial_relative_delta": 0.277101438,
  "spatial_changed_rate": 1.0,
  "mean_confidence": 0.667134994,
  "mean_normalized_prediction_entropy": 0.793847902888889
}